Accident_Index,Vehicle_Reference,Vehicle_Type,Towing_and_Articulation,Vehicle_Manoeuvre,Vehicle_Location-Restricted_Lane,Junction_Location,Skidding_and_Overturning,Hit_Object_in_Carriageway,Vehicle_Leaving_Carriageway,Hit_Object_off_Carriageway,1st_Point_of_Impact,Was_Vehicle_Left_Hand_Drive?,Journey_Purpose_of_Driver,Sex_of_Driver,Age_of_Driver,Age_Band_of_Driver,Engine_Capacity_(CC),Propulsion_Code,Age_of_Vehicle,Driver_IMD_Decile,Driver_Home_Area_Type,Vehicle_IMD_Decile
2016010000454,2,5,0,18,0,1,0,0,0,0,4,1,2,1,34,6,689,1,1,7,1,7
2016010000455,1,9,0,18,0,8,0,0,0,0,1,1,6,2,32,6,1997,2,3,6,1,6
2016010000455,2,9,0,9,0,6,0,0,0,0,2,1,6,1,21,5,1997,2,15,2,1,2
2016010000456,1,9,0,9,0,1,0,0,0,0,1,1,6,1,28,6,1753,2,14,5,1,5
2016010000457,1,9,0,18,0,4,0,0,0,0,1,1,6,2,65,9,1390,1,4,3,1,3
2016010000457,2,9,0,18,0,4,0,0,0,0,4,1,1,1,37,7,2993,2,4,5,1,5
2016010000457,3,9,0,4,0,4,0,0,0,0,1,1,6,2,51,8,2143,2,2,8,1,8
2016010000459,1,9,0,4,0,0,0,0,0,0,3,1,6,1,31,6,4200,2,16,1,1,1
2016010000460,1,9,0,18,0,8,0,0,0,0,1,1,6,3,-1,-1,-1,-1,-1,-1,-1,-1
2016010000460,2,9,0,18,0,1,0,0,1,0,4,1,6,1,34,6,-1,-1,-1,-1,1,-1
2016010000460,3,9,0,18,0,1,0,0,0,0,2,1,6,1,47,8,-1,-1,-1,-1,1,-1
2016010000461,1,19,0,7,0,0,0,0,0,0,0,1,2,1,36,7,2198,2,1,2,1,2
2016010000461,2,3,0,18,0,0,0,0,0,0,4,1,6,1,55,8,124,1,1,2,1,2
2016010000462,1,9,0,18,0,0,0,0,0,0,2,1,6,1,54,8,2597,1,13,6,1,6
2016010000462,2,9,0,18,0,0,0,0,0,0,1,1,6,1,20,4,1398,1,4,6,1,6
2016010000463,1,9,0,3,0,2,0,0,0,0,2,1,6,1,36,7,-1,-1,-1,-1,1,-1
2016010000463,2,5,0,18,0,2,0,0,0,0,1,1,6,1,41,7,-1,-1,-1,-1,1,-1
2016010000464,1,9,0,18,0,0,1,0,0,0,3,1,2,2,40,7,2967,2,7,9,1,9
2016010000464,2,9,0,18,0,0,1,0,0,0,3,1,6,1,72,10,-1,-1,-1,6,1,6
2016010000465,1,3,0,18,0,1,0,0,0,0,4,1,6,1,19,4,125,1,-1,1,1,1
2016010000465,2,9,0,9,0,1,0,0,0,0,3,1,6,1,35,6,2987,2,4,9,1,9
2016010000467,1,9,0,18,0,1,0,0,1,2,1,1,6,1,21,5,1598,2,1,2,1,2
2016010000470,1,11,0,4,0,2,0,0,0,0,0,1,1,1,29,6,6700,2,4,3,1,3
2016010000471,1,9,0,18,0,7,0,0,0,0,2,1,6,1,41,7,2967,2,10,2,1,2
2016010000471,2,2,0,18,0,7,0,0,0,0,1,1,6,1,21,5,49,1,10,2,1,2
2016010000472,1,9,0,4,0,0,0,0,3,0,1,1,6,2,50,8,-1,-1,-1,-1,1,-1
2016010000473,1,9,0,7,0,4,0,10,1,2,1,1,6,2,44,7,1198,1,2,5,1,5
2016010000474,1,11,0,18,0,8,0,0,0,0,0,1,1,1,58,9,6700,2,5,-1,-1,-1
2016010000476,1,9,0,18,0,1,0,0,0,0,1,1,1,1,21,5,1368,1,9,8,1,8
2016010000476,2,9,0,18,0,1,0,0,0,0,1,2,6,2,35,6,1596,1,4,3,1,3
2016010000478,1,11,0,5,0,8,0,0,0,0,0,1,1,1,51,8,5132,2,-1,3,1,3
2016010000479,1,19,0,3,0,0,0,0,0,0,3,1,1,1,22,5,-1,-1,-1,-1,1,-1
2016010000479,2,3,0,14,0,0,0,4,0,0,1,1,1,1,23,5,-1,-1,-1,-1,1,-1
2016010000481,1,9,0,10,0,1,0,0,0,0,3,1,6,1,29,6,1499,2,2,3,1,3
2016010000481,2,3,0,18,0,8,1,0,0,0,3,1,6,1,20,4,108,1,2,2,1,2
2016010000482,1,9,0,5,0,1,0,0,0,0,1,1,6,1,23,5,1596,1,11,2,1,2
2016010000482,2,9,0,3,0,1,0,0,0,0,2,1,6,1,35,6,1896,2,12,8,1,8
2016010000483,1,9,0,18,0,6,0,0,0,0,1,1,6,3,-1,-1,-1,-1,-1,-1,-1,-1
2016010000484,1,9,0,18,0,1,-1,4,0,0,1,1,6,1,29,6,-1,-1,-1,-1,1,-1
2016010000484,2,9,0,2,0,1,0,0,0,0,2,1,6,3,-1,-1,-1,-1,-1,-1,-1,-1
2016010000485,1,9,0,4,0,0,0,0,0,0,2,1,6,2,35,6,1242,1,7,7,1,7
2016010000485,2,2,0,18,0,0,0,0,0,0,1,1,6,1,16,4,49,1,-1,6,1,6
2016010000486,1,2,0,18,0,2,5,0,0,0,1,1,6,1,37,7,125,1,3,5,1,5
2016010000487,1,9,0,16,0,0,1,0,0,0,1,1,6,1,30,6,1390,1,14,8,1,8
2016010000488,1,9,0,7,0,1,0,0,0,0,2,1,2,1,40,7,-1,-1,-1,-1,1,-1
2016010000488,2,5,0,18,0,1,0,0,0,0,1,1,6,1,29,6,-1,-1,-1,-1,-1,-1
2016010000490,1,9,0,9,0,6,0,0,0,0,1,1,6,2,44,7,1560,2,5,7,1,7
2016010000490,2,9,0,14,0,1,0,0,0,0,1,1,6,2,29,6,-1,-1,-1,3,1,3
2016010000491,1,4,0,10,0,1,0,0,0,0,4,1,1,1,22,5,124,1,3,1,1,1
2016010000491,2,9,0,9,0,6,0,0,0,0,1,1,1,1,35,6,1968,2,1,8,1,8
2016010000492,1,9,0,4,0,1,0,0,0,0,2,1,6,1,55,8,1896,2,10,1,1,1
2016010000492,2,9,0,18,0,1,0,0,0,0,1,1,6,1,27,6,1596,1,5,5,1,5
2016010000494,1,9,0,4,0,0,0,0,0,0,2,1,6,2,36,7,-1,-1,-1,-1,1,-1
2016010000494,2,9,0,18,0,0,0,0,0,0,1,1,6,3,-1,-1,-1,-1,-1,-1,-1,-1
2016010000495,1,9,0,3,0,1,0,0,0,0,3,1,6,1,70,10,1794,1,13,6,1,6
2016010000495,2,3,0,14,0,1,0,8,0,0,3,1,6,1,23,5,125,1,7,4,1,4
2016010000496,1,9,0,9,0,5,0,0,0,0,3,1,6,1,53,8,1389,1,17,9,1,9
2016010000496,2,9,0,18,0,1,0,0,0,0,1,1,6,1,33,6,-1,-1,-1,9,1,9
2016010000497,1,10,0,5,0,2,0,0,0,0,4,2,6,1,27,6,-1,-1,-1,-1,-1,-1
2016010000498,1,3,0,18,0,1,0,0,0,0,3,1,6,1,23,5,125,1,8,1,1,1
2016010000498,2,9,0,6,0,1,0,0,0,0,1,1,6,3,-1,-1,1499,2,-1,-1,-1,-1
2016010000499,1,9,0,9,0,8,0,0,0,0,4,1,1,1,53,8,-1,-1,-1,2,1,2
2016010000500,1,9,0,18,0,1,0,0,0,0,0,1,6,1,35,6,-1,-1,-1,-1,1,-1
2016010000500,2,9,0,9,0,1,0,0,0,0,0,1,6,1,51,8,-1,-1,-1,-1,-1,-1
2016010000501,1,9,0,4,0,1,0,0,0,0,4,2,6,2,25,5,1388,1,6,2,1,2
2016010000502,1,9,0,9,0,1,0,0,0,0,1,1,6,1,35,6,2143,2,1,9,1,9
2016010000502,2,4,0,18,0,6,0,0,0,0,1,1,6,1,28,6,659,1,5,1,1,1
2016010000503,1,9,0,12,0,0,2,10,1,0,1,1,6,1,24,5,1598,1,3,2,1,2
2016010000504,1,11,0,4,0,6,0,0,0,0,0,1,1,1,32,6,6692,2,7,6,1,6
2016010000505,1,8,0,9,0,1,0,0,0,0,3,1,6,1,50,8,1968,2,5,4,1,4
2016010000505,2,1,0,18,0,1,0,0,0,0,1,1,6,1,60,9,-1,-1,-1,7,1,7
2016010000506,1,9,0,9,0,1,0,11,0,0,1,1,6,1,54,8,1364,1,9,9,1,9
2016010000506,2,3,0,18,0,2,0,0,0,0,1,1,6,1,39,7,125,1,-1,3,1,3
2016010000507,1,9,0,18,0,1,0,0,0,0,1,1,6,1,29,6,1991,1,-1,2,1,2
2016010000509,1,9,0,18,0,0,0,0,0,0,1,1,6,3,-1,-1,-1,-1,-1,-1,-1,-1
2016010000511,1,8,0,5,0,0,0,0,0,0,0,1,6,3,-1,-1,-1,-1,-1,-1,-1,-1
2016010000513,1,9,0,1,0,1,0,0,0,0,2,1,1,1,22,5,1582,2,3,5,1,5
2016010000513,2,11,0,5,0,1,0,0,0,0,1,1,1,1,27,6,4500,2,7,5,1,5
2016010000514,1,9,0,18,0,1,0,4,0,0,4,1,6,1,19,4,1600,1,11,4,1,4
2016010000514,2,9,0,2,6,1,0,0,0,0,3,1,6,3,-1,-1,1497,8,8,-1,-1,-1
2016010000515,1,9,0,10,0,5,0,0,0,0,1,1,6,2,36,7,1588,1,12,2,1,2
2016010000516,1,9,0,18,0,2,0,0,0,0,1,1,6,1,56,9,-1,-1,-1,-1,-1,-1
2016010000517,1,9,0,1,0,1,0,0,0,0,2,1,1,1,56,9,-1,-1,-1,4,1,4
2016010000517,2,2,0,3,0,1,0,0,0,0,1,1,6,1,23,5,599,1,9,2,1,2
2016010000518,1,9,0,16,0,1,1,10,1,4,1,1,6,1,22,5,1598,1,14,8,1,8
2016010000519,1,4,0,13,0,8,5,0,0,0,1,1,6,1,22,5,125,1,-1,2,1,2
2016010000519,2,9,0,9,0,8,0,0,0,0,3,1,6,1,22,5,1461,2,2,7,1,7
2016010000522,1,9,0,9,0,3,0,0,0,0,4,1,6,1,28,6,1560,2,10,1,1,1
2016010000522,2,9,0,18,0,4,0,0,0,0,1,1,6,1,79,11,1599,1,11,1,1,1
2016010000523,1,9,0,18,0,8,0,0,0,0,1,1,6,3,-1,-1,1390,1,5,-1,-1,-1
2016010000524,1,8,0,4,0,2,0,0,0,0,4,1,1,1,30,6,1956,2,3,1,1,1
2016010000524,2,4,0,15,0,8,0,0,0,0,3,1,6,1,26,6,125,1,-1,5,1,5
2016010000526,1,5,0,11,0,0,0,0,0,0,1,1,2,1,24,5,689,1,1,7,1,7
2016010000526,2,9,0,18,0,0,0,0,0,0,2,1,1,1,46,8,-1,-1,-1,7,1,7
2016010000527,1,9,0,18,0,0,0,0,0,0,2,1,6,1,39,7,1991,2,6,2,1,2
2016010000527,2,9,0,18,0,0,0,0,0,0,2,1,6,2,33,6,1587,1,15,1,1,1
2016010000527,3,9,0,18,0,0,0,0,0,0,1,1,6,1,31,6,1769,1,14,3,1,3
2016010000529,1,9,0,15,0,1,0,0,0,0,1,1,6,2,75,10,-1,-1,-1,9,1,9
2016010000531,1,9,0,18,0,0,0,0,0,0,1,1,6,3,-1,-1,1598,1,13,-1,-1,-1
2016010000533,1,9,0,6,0,0,0,0,1,1,2,1,6,1,23,5,1496,2,-1,3,1,3
2016010000533,2,3,0,13,0,0,0,0,0,0,1,1,1,1,33,6,125,1,3,2,1,2
2016010000534,1,3,0,18,0,1,0,0,0,0,1,1,6,1,30,6,124,1,6,9,1,9
2016010000534,2,9,0,9,0,6,0,0,0,0,3,1,6,3,-1,-1,2993,2,9,-1,-1,-1
2016010000535,1,9,0,18,0,3,0,0,0,0,4,1,1,1,35,6,1896,2,8,3,1,3
2016010000535,2,8,0,7,0,4,0,0,0,0,3,1,1,1,46,8,1798,8,1,5,1,5
2016010000536,1,9,0,7,0,3,0,0,0,0,1,1,6,1,61,9,1798,1,10,2,1,2
2016010000536,2,8,0,18,0,4,0,0,0,0,1,1,1,1,47,8,1997,2,2,1,1,1
2016010000538,1,9,0,18,9,5,1,0,1,2,1,2,6,1,24,5,-1,-1,-1,4,1,4
2016010000541,1,9,0,1,0,1,0,0,0,0,2,2,6,1,56,9,1896,2,12,-1,-1,-1
2016010000544,1,9,0,18,0,0,0,0,0,0,1,1,6,3,-1,-1,-1,-1,-1,-1,-1,-1
2016010000545,1,4,0,18,0,1,0,0,0,0,3,1,6,1,49,8,399,1,24,7,1,7
2016010000545,2,9,0,9,0,6,0,0,0,0,0,1,6,1,41,7,1199,1,18,2,1,2
2016010000546,1,9,0,9,0,3,0,0,0,0,1,1,6,1,26,6,1248,2,8,4,1,4
2016010000546,2,1,0,18,0,3,0,0,0,0,1,1,6,2,47,8,-1,-1,-1,4,1,4
2016010000547,1,9,0,18,0,8,0,0,0,0,4,1,6,2,77,11,1996,1,15,6,1,6
2016010000547,2,9,0,9,0,8,0,0,0,0,1,1,6,2,24,5,1229,1,9,4,1,4
2016010000548,1,9,0,9,0,2,0,0,0,0,4,1,6,1,66,10,2987,2,3,5,1,5
2016010000548,2,5,0,18,0,8,0,0,0,0,1,1,6,1,28,6,1299,1,13,8,1,8
2016010000550,1,9,0,18,0,1,0,0,0,0,2,1,6,1,27,6,2143,2,1,9,1,9
2016010000550,2,9,0,3,0,2,0,0,0,0,2,1,6,1,50,8,998,1,3,8,1,8
2016010000550,3,9,0,3,0,1,0,0,0,0,2,1,6,1,26,6,1390,1,7,-1,-1,-1
2016010000551,1,9,0,18,0,0,0,0,0,0,1,1,3,1,30,6,-1,-1,-1,3,1,3
2016010000552,1,9,0,5,0,3,0,0,0,0,1,1,6,2,54,8,1598,1,8,4,1,4
2016010000552,2,9,0,9,0,3,0,0,0,0,4,1,6,1,30,6,4163,1,4,10,1,10
2016010000553,1,9,0,5,0,8,0,0,0,0,0,1,6,3,-1,-1,-1,-1,-1,-1,-1,-1
2016010000554,1,8,0,9,0,8,0,0,0,0,0,1,1,1,51,8,-1,-1,-1,-1,1,-1
2016010000555,1,9,0,4,0,2,0,0,0,0,1,1,6,1,50,8,1992,2,9,1,1,1
2016010000555,2,9,0,4,0,2,0,0,0,0,2,1,6,1,43,7,2393,1,16,4,1,4
2016010000556,1,8,0,4,0,4,0,0,0,0,1,1,1,1,71,10,-1,-1,-1,-1,1,-1
2016010000556,2,1,0,18,0,4,0,0,0,0,1,1,6,1,25,5,-1,-1,-1,-1,1,-1
2016010000557,1,9,0,18,0,1,0,0,0,0,1,1,6,1,56,9,1400,1,10,6,1,6
2016010000558,1,90,0,18,0,1,0,0,0,0,1,1,1,1,53,8,2987,2,1,-1,-1,-1
2016010000558,2,9,5,9,0,2,0,0,0,0,2,1,6,1,40,7,999,1,8,4,1,4
2016010000558,3,9,5,3,0,2,0,0,0,0,0,1,6,1,64,9,1360,1,12,5,1,5
2016010000560,1,9,0,5,0,2,0,11,0,0,0,1,6,2,21,5,2143,2,3,3,1,3
2016010000562,1,9,0,3,0,2,0,0,0,0,4,1,6,2,18,4,1229,1,2,10,1,10
2016010000563,1,9,0,18,0,8,0,0,0,0,1,1,6,2,40,7,1995,1,7,4,1,4
2016010000563,2,9,0,18,0,8,0,0,0,0,3,1,6,2,34,6,1991,2,6,3,1,3
2016010000564,1,9,0,3,0,7,0,0,0,0,2,1,6,1,39,7,1242,1,4,7,1,7
2016010000564,2,9,0,4,0,4,0,0,0,0,1,1,6,1,41,7,1360,1,11,6,1,6
2016010000566,1,9,0,18,0,8,0,11,0,0,1,1,6,1,37,7,1598,1,13,2,1,2
2016010000566,2,9,0,18,0,8,0,11,0,0,4,1,6,2,27,6,1598,2,2,-1,-1,-1
2016010000568,1,9,0,18,0,8,0,0,0,0,3,1,6,1,32,6,1598,1,5,2,1,2
2016010000568,2,9,0,9,0,6,0,0,0,0,1,1,6,2,40,7,2179,2,1,1,1,1
2016010000569,1,3,0,5,0,1,0,0,0,0,3,1,1,1,42,7,124,1,-1,1,1,1
2016010000569,2,8,0,5,0,1,0,0,0,0,3,1,1,1,54,8,1997,2,7,4,1,4
2016010000569,3,9,0,5,0,1,0,0,0,0,1,1,6,2,66,10,1968,2,1,7,1,7
2016010000570,1,3,0,18,0,0,0,0,0,0,1,1,6,1,23,5,124,1,3,1,1,1
2016010000572,1,9,0,9,0,6,0,0,0,0,3,1,6,1,23,5,2143,2,-1,6,1,6
2016010000572,2,9,0,18,0,1,0,-1,0,0,1,1,2,1,42,7,1995,2,6,5,1,5
2016010000575,1,9,0,9,0,8,0,0,0,0,4,1,3,2,55,8,-1,-1,-1,-1,1,-1
2016010000575,2,9,0,18,0,8,0,0,0,0,1,1,6,1,24,5,-1,-1,-1,-1,1,-1
2016010000576,1,9,0,9,0,6,0,11,0,0,1,1,6,1,47,8,1998,1,9,1,1,1
2016010000577,1,9,0,5,0,8,0,0,0,0,1,2,2,1,58,9,1997,2,6,4,1,4
2016010000578,1,8,0,9,0,8,0,0,0,0,4,1,1,1,34,6,2499,2,1,2,1,2
2016010000579,1,9,0,5,0,1,0,0,0,0,1,2,6,2,37,7,1910,2,10,1,1,1
2016010000579,2,8,0,18,0,8,0,0,0,0,3,2,1,1,50,8,1896,2,8,4,1,4
2016010000582,1,9,0,9,0,6,0,0,0,0,4,1,6,1,39,7,1318,1,-1,8,1,8
2016010000582,2,1,0,10,0,1,0,0,0,0,3,1,6,2,32,6,-1,-1,-1,5,1,5
2016010000583,1,9,0,18,0,0,0,0,0,0,0,2,6,1,28,6,1591,1,4,8,1,8
2016010000584,1,3,0,18,0,8,0,0,0,0,1,1,1,1,32,6,125,1,1,4,1,4
2016010000584,2,9,0,18,0,6,0,0,0,0,1,1,6,3,-1,-1,1396,1,18,-1,-1,-1
2016010000585,1,3,0,4,0,0,0,0,0,0,0,1,6,1,35,6,125,1,5,4,1,4
2016010000585,2,9,0,18,0,0,0,0,0,0,1,1,6,2,48,8,1397,1,13,2,1,2
2016010000586,1,9,0,18,0,0,0,0,0,0,2,1,6,1,18,4,1496,2,1,3,1,3
2016010000586,2,3,0,18,0,0,0,0,0,0,1,1,6,1,18,4,125,1,6,3,1,3
2016010000587,1,9,0,5,0,1,0,0,0,0,3,1,6,1,19,4,1242,1,10,5,1,5
2016010000587,2,9,0,5,0,1,0,0,0,0,1,1,6,1,61,9,2979,1,12,5,1,5
2016010000587,3,9,0,5,0,1,0,0,0,0,1,1,6,2,57,9,1796,1,5,2,1,2
2016010000588,1,8,0,9,0,1,0,0,0,0,1,1,1,1,50,8,2499,2,7,5,2,5
2016010000590,1,3,0,18,0,1,0,11,0,0,3,1,6,1,58,9,113,1,1,2,1,2
2016010000592,1,8,0,18,0,2,0,0,1,4,1,2,1,1,56,9,2499,2,3,9,1,9
2016010000592,2,2,0,13,0,1,0,0,0,0,0,1,6,3,-1,-1,-1,-1,-1,-1,-1,-1
2016010000593,1,9,0,9,0,8,0,0,0,0,1,1,6,1,33,6,1360,1,8,3,1,3
2016010000593,2,4,0,18,0,8,0,0,0,0,3,1,6,1,21,5,108,1,3,2,1,2
2016010000594,1,9,0,5,0,8,0,0,0,0,1,1,6,1,34,6,2143,2,5,9,1,9
2016010000594,2,9,0,5,0,8,1,0,0,0,2,1,6,1,38,7,1995,2,1,4,1,4
2016010000596,1,9,0,4,0,8,0,0,0,0,2,1,6,2,27,6,1798,1,9,5,1,5
2016010000596,2,9,0,17,0,8,0,0,0,0,1,1,6,3,-1,-1,1248,2,8,-1,-1,-1
2016010000597,1,9,0,18,0,1,0,0,0,0,1,1,6,1,54,8,2993,2,11,3,1,3
2016010000597,2,9,0,4,0,8,0,0,7,0,4,1,6,2,46,8,1206,1,2,4,1,4
2016010000597,3,9,0,4,0,8,0,0,0,0,4,1,6,1,56,9,-1,-1,-1,5,1,5
2016010000599,1,9,0,9,0,6,0,0,0,0,3,1,6,2,79,11,1360,1,13,5,1,5
2016010000599,2,5,0,18,0,8,5,0,0,0,1,1,6,1,20,4,649,1,9,-1,-1,-1
2016010000602,1,9,0,3,0,1,1,11,0,0,1,1,6,1,47,8,2979,1,11,4,1,4
2016010000605,1,3,0,18,0,1,0,0,0,0,4,1,1,1,19,4,125,1,-1,3,1,3
2016010000605,2,9,0,9,0,1,0,0,0,0,1,1,6,3,-1,-1,-1,-1,-1,-1,-1,-1
2016010000607,1,9,0,18,0,1,0,11,7,4,1,1,6,1,59,9,1246,1,8,10,1,10
2016010000608,1,2,0,18,0,1,1,11,0,0,1,1,1,1,25,5,108,1,1,7,1,7
2016010000609,1,9,0,18,0,1,0,0,0,0,4,1,6,1,22,5,2616,1,9,5,3,5
2016010000610,1,9,0,18,0,2,0,0,0,0,1,1,2,1,30,6,3189,1,11,3,1,3
2016010000611,1,9,0,9,0,6,0,0,0,0,3,1,6,2,40,7,2720,2,7,4,1,4
2016010000611,2,4,0,18,0,1,2,0,0,0,1,1,6,1,28,6,124,1,6,2,1,2
2016010000612,1,4,0,13,0,1,0,0,0,0,4,1,2,1,35,6,125,1,12,4,1,4
2016010000612,2,9,0,9,0,1,0,0,0,0,3,1,1,1,51,8,1998,1,14,9,1,9
2016010000613,1,9,0,16,0,0,5,4,6,0,1,1,6,1,22,5,1988,1,14,2,1,2
2016010000613,2,9,0,2,0,0,0,0,0,0,3,1,6,3,-1,-1,2996,1,10,-1,-1,-1
2016010000613,3,9,0,2,0,0,0,0,0,0,2,1,6,3,-1,-1,1997,1,15,-1,-1,-1
2016010000613,4,9,0,2,0,0,0,0,0,0,3,1,6,3,-1,-1,1364,1,7,-1,-1,-1
2016010000614,1,9,0,18,0,8,0,0,3,4,3,1,6,1,26,6,1995,1,15,-1,-1,-1
2016010000614,2,9,0,18,0,8,0,0,0,0,1,1,6,1,39,7,1753,2,9,3,1,3
2016010000615,1,9,0,5,0,2,0,11,0,0,1,1,6,1,51,8,1398,1,1,1,1,1
2016010000617,1,8,0,3,0,0,0,0,0,0,3,1,1,1,47,8,2987,2,2,1,1,1
2016010000617,2,9,0,3,0,0,0,0,0,0,1,1,6,1,62,9,1984,1,-1,8,3,8
2016010000617,3,19,0,4,0,0,0,0,0,0,2,1,6,3,-1,-1,2143,2,4,-1,-1,-1
2016010000620,1,3,0,18,0,2,5,0,7,1,1,1,6,1,34,6,125,1,5,2,1,2
2016010000623,1,8,0,7,0,5,0,0,0,0,0,1,1,1,43,7,1998,2,6,2,1,2
2016010000623,2,1,0,18,2,1,0,0,0,0,0,1,6,1,39,7,-1,-1,-1,5,1,5
2016010000624,1,9,0,7,0,8,0,0,0,0,3,1,1,1,40,7,1988,2,11,6,1,6
2016010000624,2,1,0,18,4,8,0,0,0,0,1,1,2,2,24,5,-1,-1,-1,3,1,3
2016010000626,1,9,0,3,0,1,0,0,0,0,2,1,6,2,40,7,2400,2,4,4,1,4
2016010000626,2,8,0,4,0,1,0,0,0,0,1,-1,6,3,-1,-1,1598,1,6,-1,-1,-1
2016010000627,1,8,0,1,0,0,0,0,0,0,2,1,1,1,40,7,1798,8,-1,1,1,1
2016010000628,1,9,0,5,0,0,0,0,0,0,1,1,6,2,30,6,1497,8,10,4,1,4
2016010000629,1,2,0,18,0,-1,-1,-1,0,0,-1,1,2,2,21,5,49,1,7,3,1,3
2016010000630,1,9,0,18,0,0,0,0,0,0,1,-1,6,1,-1,-1,-1,-1,-1,-1,-1,-1
2016010000631,1,9,0,18,0,1,0,0,0,0,1,1,3,2,29,6,-1,-1,-1,-1,1,-1
2016010000632,1,9,0,3,0,1,0,0,0,0,4,1,6,1,56,9,1398,2,11,6,1,6
2016010000632,2,1,0,4,0,1,0,0,1,0,1,1,6,1,32,6,-1,-1,-1,4,1,4
2016010000634,1,4,0,18,0,1,0,0,0,0,2,1,6,1,54,8,-1,-1,-1,-1,1,-1
2016010000636,1,19,0,9,0,6,0,0,0,0,3,1,1,1,29,6,2143,2,-1,3,1,3
2016010000636,2,5,0,18,0,1,5,0,0,0,1,1,2,1,40,7,750,1,14,2,1,2
2016010000637,1,2,0,18,0,0,0,0,0,0,1,1,2,1,48,8,49,1,4,-1,-1,-1
2016010000637,2,9,0,6,0,0,0,0,0,0,3,1,2,1,25,5,1497,8,-1,4,1,4
2016010000638,1,19,0,18,0,0,0,0,0,0,1,1,1,2,55,8,1997,2,10,2,1,2
2016010000638,2,9,0,18,0,0,0,0,0,0,1,1,2,2,55,8,998,1,1,2,1,2
2016010000640,1,3,0,18,0,1,0,0,0,0,1,1,2,1,33,6,124,1,1,8,1,8
2016010000640,2,8,0,9,0,6,0,0,0,0,1,2,1,1,50,8,1997,2,2,3,1,3
2016010000642,1,9,0,4,0,-1,-1,0,0,0,2,-1,6,2,36,7,1329,1,1,5,1,5
2016010000642,2,9,-1,4,0,-1,-1,-1,-1,-1,1,-1,6,3,-1,-1,-1,-1,-1,-1,-1,-1
2016010000643,1,19,0,18,0,1,0,0,0,0,1,1,6,3,-1,-1,-1,-1,-1,-1,-1,-1
2016010000644,1,11,0,4,0,1,0,0,0,0,1,1,1,1,22,5,9360,2,5,2,1,2
2016010000645,1,9,0,9,0,5,0,0,0,0,1,1,1,1,32,6,1995,2,1,2,1,2
2016010000646,1,9,0,12,0,1,0,0,5,6,3,1,6,1,28,6,2143,12,1,4,1,4
2016010000646,2,20,0,18,0,1,0,0,0,0,4,1,1,1,51,8,4580,2,7,3,1,3
2016010000646,3,21,1,18,0,1,0,0,0,0,3,1,1,1,27,6,12777,2,-1,2,1,2
2016010000648,1,3,0,18,0,8,0,0,0,0,1,1,6,3,-1,-1,-1,-1,-1,-1,-1,-1
2016010000649,1,9,0,11,0,0,0,0,0,0,4,1,2,1,32,6,1229,1,5,1,1,1
2016010000649,2,5,0,18,0,0,2,0,0,0,3,1,2,1,42,7,645,1,4,10,3,10
2016010000650,1,9,0,18,0,1,1,0,0,0,1,1,6,1,28,6,1598,1,9,5,1,5
2016010000650,2,9,0,18,0,1,0,0,0,0,2,1,6,1,45,7,1896,2,11,3,1,3
2016010000651,1,9,0,9,0,6,0,0,0,0,4,1,2,2,33,6,1390,1,4,2,1,2
2016010000651,2,3,0,14,0,1,0,0,0,0,1,1,6,1,37,7,108,1,2,3,1,3
2016010000652,1,9,0,9,0,8,0,0,0,0,4,1,6,1,39,7,2149,2,9,5,1,5
2016010000652,2,2,0,13,0,1,0,0,0,0,1,1,2,1,29,6,124,1,2,9,1,9
2016010000654,1,11,0,18,0,2,0,0,0,0,1,1,1,1,62,9,9360,2,6,10,3,10
2016010000654,2,1,0,18,0,2,2,0,0,0,1,1,2,1,27,6,-1,-1,-1,-1,-1,-1
2016010000655,1,9,0,18,0,1,0,0,0,0,1,1,6,2,46,8,-1,-1,-1,6,1,6
2016010000655,2,9,0,7,0,6,0,0,0,0,1,1,6,1,27,6,1339,8,7,4,1,4
2016010000656,1,9,0,18,0,4,0,0,0,0,3,1,6,2,65,9,-1,-1,-1,-1,1,-1
2016010000658,1,1,0,18,0,1,1,-1,0,0,1,1,2,1,49,8,-1,-1,-1,2,1,2
2016010000658,2,9,0,7,0,1,0,-1,0,0,4,-1,6,1,25,5,-1,-1,-1,-1,-1,-1
2016010000659,1,11,0,5,2,2,0,0,0,0,0,1,1,1,36,7,6700,2,8,3,1,3
2016010000660,1,9,-1,3,-1,-1,-1,-1,-1,-1,-1,-1,6,1,43,7,-1,-1,-1,-1,1,-1
2016010000660,2,11,-1,18,-1,-1,-1,-1,-1,0,2,-1,6,1,36,7,-1,-1,-1,-1,1,-1
2016010000662,1,9,0,18,0,0,0,0,0,0,4,1,6,1,52,8,1995,2,5,10,1,10
2016010000662,2,9,0,18,0,0,1,0,0,0,3,1,6,1,50,8,998,1,3,2,1,2
2016010000663,1,9,0,7,0,5,0,0,0,0,3,1,6,1,38,7,1998,1,14,-1,-1,-1
2016010000663,2,90,0,18,0,5,0,0,0,0,0,1,1,1,32,6,-1,-1,-1,4,1,4
2016010000664,1,4,0,18,-1,8,2,10,0,0,4,1,6,1,28,6,-1,-1,-1,-1,1,-1
2016010000664,2,9,-1,11,-1,8,-1,0,0,0,-1,-1,6,1,-1,-1,-1,-1,-1,-1,2,-1
2016010000665,1,11,0,7,0,5,0,0,0,0,0,1,1,1,48,8,9360,2,6,2,1,2