Accident_Index,Vehicle_Reference,Vehicle_Type,Towing_and_Articulation,Vehicle_Manoeuvre,Vehicle_Location-Restricted_Lane,Junction_Location,Skidding_and_Overturning,Hit_Object_in_Carriageway,Vehicle_Leaving_Carriageway,Hit_Object_off_Carriageway,1st_Point_of_Impact,Was_Vehicle_Left_Hand_Drive?,Journey_Purpose_of_Driver,Sex_of_Driver,Age_of_Driver,Age_Band_of_Driver,Engine_Capacity_(CC),Propulsion_Code,Age_of_Vehicle,Driver_IMD_Decile,Driver_Home_Area_Type,Vehicle_IMD_Decile
2016010001704,1,9,0,1,0,2,0,0,0,0,2,1,1,2,43,7,-1,-1,-1,10,1,10
2016010001706,1,1,-1,11,2,1,-1,11,0,0,1,1,2,1,28,6,-1,-1,-1,-1,1,-1
2016010001706,2,9,-1,11,2,1,-1,11,0,0,1,1,6,3,-1,-1,-1,-1,-1,-1,-1,-1
2016010001707,1,9,0,9,0,1,0,0,0,0,1,1,1,1,33,6,2143,2,2,8,1,8
2016010001707,2,3,0,18,0,1,0,0,0,0,1,1,6,1,49,8,244,1,8,3,1,3
2016010001710,1,9,0,9,0,5,0,0,0,0,1,1,6,1,36,7,698,1,12,2,1,2
2016010001710,2,3,0,15,2,1,5,10,0,0,1,1,6,1,39,7,125,1,-1,5,1,5
2016010001711,1,9,0,18,0,0,1,0,0,0,3,1,6,2,55,8,1149,1,12,2,1,2
2016010001711,2,20,0,18,0,0,0,0,0,0,4,1,6,3,-1,-1,-1,-1,-1,-1,-1,-1
2016010001713,1,1,0,18,4,1,-1,-1,-1,-1,1,1,2,1,40,7,-1,-1,-1,-1,1,-1
2016010001713,2,19,-1,9,-1,1,-1,-1,-1,-1,1,-1,6,3,-1,-1,-1,-1,-1,-1,-1,-1
2016010001714,1,9,0,4,0,8,0,0,0,0,1,1,1,2,50,8,1399,2,6,6,1,6
2016010001714,2,1,0,12,0,8,0,0,0,0,1,1,6,1,38,7,-1,-1,-1,3,1,3
2016010001716,1,9,0,18,0,1,0,0,0,0,1,1,6,1,20,4,1229,1,9,6,1,6
2016010001716,2,9,0,4,0,1,0,0,0,0,2,1,6,2,29,6,1796,1,7,7,1,7
2016010001716,3,9,0,4,0,1,0,0,0,0,2,1,6,1,67,10,2148,2,11,6,1,6
2016010001717,1,9,0,18,0,1,0,0,0,0,4,1,6,3,-1,-1,-1,-1,-1,-1,-1,-1
2016010001717,2,1,0,9,0,1,0,0,1,0,3,1,6,1,16,4,-1,-1,-1,2,1,2
2016010001721,1,5,0,13,0,0,2,0,0,0,4,1,2,1,34,6,-1,-1,-1,-1,-1,-1
2016010001721,2,19,0,18,0,0,0,0,0,0,1,1,6,3,-1,-1,-1,-1,-1,-1,-1,-1
2016010001721,3,9,0,18,0,0,0,0,0,0,1,1,6,1,26,6,-1,-1,-1,-1,1,-1
2016010001726,1,11,0,5,0,2,0,0,0,0,0,1,6,1,32,6,4500,2,2,6,1,6
2016010001728,1,8,0,18,0,1,0,0,0,0,1,1,6,3,-1,-1,-1,-1,-1,-1,-1,-1
2016010001731,1,3,0,18,-1,-1,0,-1,0,0,4,1,6,3,-1,-1,-1,-1,-1,-1,-1,-1
2016010001733,1,19,0,7,0,5,0,0,0,0,3,1,1,1,50,8,1968,2,-1,5,1,5
2016010001733,2,1,0,18,9,8,0,0,0,0,2,1,6,2,54,8,-1,-1,-1,5,1,5
2016010001734,1,9,0,18,0,1,0,0,0,0,3,1,6,1,67,10,2143,2,3,7,1,7
2016010001734,2,9,0,9,0,6,0,0,0,0,1,1,6,2,30,6,1248,2,6,6,1,6
2016010001737,1,5,0,18,0,8,0,0,0,0,3,1,2,1,29,6,-1,-1,-1,-1,1,-1
2016010001737,2,9,0,9,0,8,0,0,0,0,4,1,6,1,54,8,-1,-1,-1,-1,1,-1
2016010001739,1,9,0,4,0,1,0,0,0,0,1,1,2,1,54,8,1798,1,9,4,1,4
2016010001744,1,9,0,7,9,0,0,0,0,0,4,1,6,2,32,6,-1,-1,-1,-1,1,-1
2016010001744,2,1,0,18,9,0,0,0,0,0,1,1,6,1,24,5,-1,-1,-1,-1,1,-1
2016010001745,1,2,-1,3,0,1,1,-1,0,0,-1,1,6,1,33,6,49,1,4,2,1,2
2016010001748,1,3,0,18,0,0,1,0,0,0,1,1,2,1,18,4,124,1,2,3,1,3
2016010001748,2,90,0,5,0,0,0,0,0,0,2,1,6,1,42,7,-1,-1,-1,3,1,3
2016010001749,1,9,0,4,0,1,0,0,0,0,4,1,3,2,35,6,1598,1,7,3,1,3
2016010001751,1,9,0,18,0,5,0,0,0,0,4,1,6,1,63,9,1984,1,14,4,1,4
2016010001753,1,11,0,18,2,1,0,0,0,0,0,1,6,1,51,8,4760,2,6,3,1,3
2016010001758,1,19,0,9,0,5,0,0,0,0,3,1,1,1,44,7,-1,-1,-1,5,1,5
2016010001758,2,3,0,14,0,1,0,0,0,0,1,1,1,1,29,6,108,1,5,4,1,4
2016010001759,1,11,0,5,2,0,0,0,0,0,0,1,1,1,42,7,8300,2,11,8,1,8
2016010001760,1,9,0,9,0,5,0,0,0,0,1,1,6,1,92,11,998,1,15,4,1,4
2016010001760,2,1,0,18,0,5,0,10,0,0,1,1,6,1,28,6,-1,-1,-1,5,1,5
2016010001762,1,9,0,9,0,6,0,0,0,0,1,1,6,1,56,9,4197,1,11,8,3,8
2016010001763,1,3,0,18,0,0,0,0,0,0,3,1,6,1,25,5,125,1,2,3,1,3
2016010001764,1,8,0,9,0,5,0,0,0,0,1,1,1,1,56,9,2143,2,3,3,1,3
2016010001766,1,9,0,1,0,2,0,0,0,0,2,1,6,3,-1,-1,-1,-1,-1,-1,-1,-1
2016010001767,1,19,0,1,0,8,0,0,0,0,2,1,1,1,50,8,2148,2,12,3,1,3
2016010001767,2,9,0,2,0,8,0,0,0,0,1,1,6,3,-1,-1,1396,1,23,-1,-1,-1
2016010001768,1,5,0,18,0,0,0,0,0,0,1,1,6,1,26,6,659,1,1,6,1,6
2016010001769,1,9,0,9,0,8,0,0,0,0,3,1,6,1,31,6,1229,1,2,-1,-1,-1
2016010001769,2,1,0,18,0,8,0,0,0,0,1,1,6,1,27,6,-1,-1,-1,-1,-1,-1
2016010001770,1,9,0,4,0,2,0,0,0,0,1,1,6,1,85,11,1197,1,3,6,1,6
2016010001770,2,9,0,4,0,2,0,0,0,0,2,1,2,2,32,6,1349,1,7,10,1,10
2016010001771,1,9,0,4,0,1,0,0,0,0,1,1,2,2,31,6,-1,-1,-1,-1,1,-1
2016010001773,1,9,0,9,0,8,0,0,0,0,4,1,1,2,38,7,-1,-1,-1,-1,1,-1
2016010001773,2,5,0,18,0,8,1,0,0,0,1,1,6,1,25,5,-1,-1,-1,-1,1,-1
2016010001774,1,9,0,3,0,8,0,0,0,0,2,1,6,2,22,5,1229,1,2,6,1,6
2016010001774,2,3,0,4,0,8,0,0,0,0,1,1,1,1,19,4,108,1,-1,7,1,7
2016010001775,1,9,0,10,0,0,0,0,0,0,2,1,6,1,49,8,1995,2,12,5,1,5
2016010001775,2,9,0,18,0,0,0,0,0,0,1,1,6,1,31,6,2993,2,5,5,1,5
2016010001776,1,9,0,1,0,0,0,0,0,0,2,1,6,3,-1,-1,-1,-1,-1,-1,-1,-1
2016010001777,1,19,0,5,0,1,0,0,0,0,3,1,6,3,-1,-1,-1,-1,-1,-1,-1,-1
2016010001778,1,9,0,3,0,6,0,0,0,0,1,1,1,1,44,7,1797,8,6,2,1,2
2016010001778,2,9,0,18,0,5,0,0,0,0,1,1,6,3,-1,-1,-1,-1,-1,-1,-1,-1
2016010001780,1,9,3,8,0,1,0,7,7,10,1,1,6,1,65,9,1598,1,10,3,1,3
2016010001783,1,9,0,18,0,1,0,0,0,0,1,1,1,1,22,5,1242,1,-1,-1,-1,-1
2016010001783,2,9,0,18,0,1,0,0,0,0,2,1,6,1,47,8,1597,1,7,3,1,3
2016010001784,1,9,0,16,9,1,0,0,2,3,1,1,6,1,35,6,1560,2,1,6,3,6
2016010001785,1,9,0,18,0,3,0,0,0,0,2,1,6,1,41,7,1598,1,6,6,1,6
2016010001785,2,9,0,18,0,3,0,0,0,0,1,1,6,2,28,6,1999,1,13,8,1,8
2016010001786,1,5,0,18,0,8,0,0,0,0,1,1,2,1,54,8,1340,1,6,9,1,9
2016010001786,2,9,0,9,0,8,0,0,0,0,4,1,6,3,-1,-1,-1,-1,-1,-1,-1,-1
2016010001787,1,9,0,18,0,2,0,0,0,0,1,1,6,2,34,6,1398,1,6,1,1,1
2016010001787,2,19,0,7,0,2,0,0,0,0,1,1,6,1,32,6,2198,2,4,8,1,8
2016010001788,1,2,0,18,0,1,0,0,0,0,3,1,6,1,27,6,125,1,5,4,1,4
2016010001788,2,9,0,18,0,1,0,0,0,0,1,1,6,3,-1,-1,2720,2,9,-1,-1,-1
2016010001789,1,9,0,18,0,1,0,10,1,10,1,1,6,2,21,5,1596,1,7,6,2,6
2016010001791,1,9,0,2,0,0,0,0,0,0,2,1,6,3,-1,-1,1995,1,5,-1,-1,-1
2016010001791,2,19,0,18,0,0,0,4,0,0,1,2,2,1,30,6,-1,-1,-1,-1,-1,-1
2016010001793,1,8,0,18,0,1,0,0,0,0,4,1,1,1,44,7,1997,2,7,4,1,4
2016010001794,1,9,0,18,0,4,0,0,0,0,3,1,6,2,49,8,1596,1,14,1,1,1
2016010001794,2,4,0,18,0,4,1,0,0,0,1,1,6,1,21,5,125,1,7,2,1,2
2016010001795,1,9,0,4,0,2,0,0,0,0,2,1,1,1,37,7,1197,1,-1,4,1,4
2016010001795,2,3,0,14,0,2,1,0,0,0,1,1,2,1,26,6,125,1,1,2,1,2
2016010001797,1,9,0,18,0,0,0,0,0,0,1,1,6,1,29,6,2497,1,9,6,1,6
2016010001797,2,9,0,18,0,0,0,0,0,0,2,1,6,2,26,6,1797,8,3,2,1,2
2016010001800,1,3,-1,18,-1,0,-1,-1,-1,-1,-1,1,6,1,-1,-1,-1,-1,-1,-1,-1,-1
2016010001806,1,1,0,3,0,0,-1,0,0,0,1,1,6,1,55,8,-1,-1,-1,4,1,4
2016010001806,2,19,0,5,0,0,0,0,0,0,1,1,6,3,-1,-1,-1,-1,-1,-1,-1,-1
2016010001812,1,9,-1,-1,-1,-1,-1,-1,-1,-1,-1,-1,6,1,39,7,-1,-1,-1,-1,1,-1
2016010001812,2,9,-1,-1,-1,-1,-1,-1,-1,-1,-1,-1,6,1,17,4,-1,-1,-1,-1,1,-1
2016010001815,1,9,0,7,0,5,-1,0,0,0,2,-1,6,1,33,6,1596,1,13,3,1,3
2016010001815,2,9,0,18,0,1,-1,0,0,0,1,-1,6,3,-1,-1,1998,1,11,-1,-1,-1
2016010001820,1,1,-1,-1,-1,-1,-1,-1,-1,-1,1,1,6,2,44,7,-1,-1,-1,-1,1,-1
2016010001820,2,9,-1,-1,-1,-1,-1,-1,-1,-1,-1,-1,6,1,37,7,-1,-1,-1,-1,1,-1
2016010001825,1,9,0,14,0,0,0,0,0,0,3,1,1,1,25,5,998,1,2,4,1,4
2016010001825,2,5,0,14,0,0,0,0,0,0,4,1,2,1,37,7,1255,1,9,3,1,3
2016010001833,1,5,0,14,2,0,2,0,1,0,1,1,1,1,44,7,1293,1,7,7,3,7
2016010001834,1,9,0,5,0,5,0,0,0,0,2,1,6,2,33,6,1398,1,15,6,1,6
2016010001834,2,11,0,18,0,8,0,0,0,0,1,1,1,1,49,8,4500,2,2,4,1,4
2016010001834,3,9,0,2,0,8,0,0,0,0,3,1,6,3,-1,-1,1499,1,-1,-1,-1,-1
2016010001836,1,3,0,18,0,0,0,0,0,0,3,1,2,1,25,5,-1,-1,-1,4,1,4
2016010001836,2,9,0,11,0,0,0,0,0,0,4,1,2,1,36,7,1968,2,7,7,1,7
2016010001839,1,9,-1,-1,-1,0,-1,-1,-1,-1,-1,1,6,3,-1,-1,-1,-1,-1,-1,-1,-1
2016010001840,1,19,0,1,0,2,0,0,0,0,2,1,1,1,37,7,1753,2,8,3,1,3
2016010001840,2,4,0,18,0,1,0,0,0,0,4,1,2,1,52,8,125,1,11,3,1,3
2016010001841,1,19,0,9,0,1,0,0,0,0,4,1,1,1,44,7,2298,2,-1,-1,-1,-1
2016010001841,2,1,0,18,0,1,1,0,0,0,1,1,6,1,26,6,-1,-1,-1,-1,-1,-1
2016010001842,1,19,0,5,0,2,0,0,0,0,1,2,1,1,39,7,1560,2,5,3,1,3
2016010001842,2,1,0,17,0,1,5,0,0,0,1,1,1,2,45,7,-1,-1,-1,4,1,4
2016010001845,1,8,0,9,0,-1,0,-1,-1,0,3,-1,1,1,56,9,2664,2,15,9,2,9
2016010001845,2,1,0,-1,0,-1,0,0,0,0,-1,1,6,2,46,8,-1,-1,-1,-1,-1,-1
2016010001848,1,9,0,7,0,6,0,0,0,0,4,1,2,1,31,6,1995,1,9,6,1,6
2016010001848,2,4,0,15,2,1,0,0,0,0,1,1,1,1,27,6,600,1,11,4,1,4
2016010001851,1,9,0,7,0,1,0,0,0,0,1,1,3,2,28,6,1598,1,5,7,1,7
2016010001853,1,19,0,10,0,6,0,0,0,0,1,1,2,1,56,9,2402,2,8,4,1,4
2016010001853,2,1,0,3,0,1,0,0,0,0,1,1,2,2,32,6,-1,-1,-1,6,1,6
2016010001856,1,9,0,18,0,3,0,0,0,0,4,1,6,1,31,6,1339,8,6,4,1,4
2016010001856,2,5,0,18,0,3,0,0,0,0,1,1,2,1,35,6,-1,-1,-1,5,1,5
2016010001857,1,9,-1,-1,-1,-1,-1,-1,-1,-1,0,1,1,2,41,7,-1,-1,-1,-1,1,-1
2016010001857,2,9,-1,-1,-1,-1,-1,-1,-1,-1,-1,-1,6,3,-1,-1,-1,-1,-1,-1,-1,-1
2016010001858,1,9,0,17,0,0,0,0,0,0,0,1,6,1,65,9,-1,-1,-1,-1,1,-1
2016010001858,2,9,0,16,0,0,0,0,0,0,0,1,6,2,22,5,-1,-1,-1,-1,1,-1
2016010001859,1,19,0,9,0,1,0,0,0,0,3,1,1,1,34,6,2198,2,5,9,2,9
2016010001859,2,3,0,18,0,1,0,0,0,0,4,1,2,1,41,7,1130,1,13,10,2,10
2016010001860,1,9,-1,9,-1,0,-1,-1,-1,-1,-1,1,6,3,-1,-1,-1,-1,-1,-1,-1,-1
2016010001862,1,9,0,18,0,4,0,0,0,0,1,1,6,2,27,6,1968,2,4,3,1,3
2016010001862,2,9,0,18,0,8,0,0,0,0,1,1,6,2,39,7,1796,1,12,7,1,7
2016010001864,1,9,0,18,0,1,0,0,0,0,1,1,2,1,25,5,1598,2,2,4,1,4
2016010001864,2,8,0,18,0,1,0,0,0,0,2,1,1,1,38,7,1598,1,3,9,1,9
2016010001865,1,20,0,6,0,8,0,0,0,0,4,1,6,1,41,7,2148,2,8,5,2,5
2016010001865,2,3,0,18,0,8,0,0,0,0,1,1,6,2,25,5,125,1,-1,8,1,8
2016010001867,1,9,-1,-1,-1,0,0,0,0,0,3,-1,6,1,37,7,-1,-1,-1,-1,1,-1
2016010001867,2,9,-1,1,-1,0,0,4,0,0,2,-1,6,3,-1,-1,-1,-1,-1,-1,-1,-1
2016010001869,1,9,0,13,0,0,0,0,0,0,0,1,6,3,-1,-1,-1,-1,-1,-1,-1,-1
2016010001869,2,8,0,18,0,0,0,0,0,0,1,1,6,1,56,9,1598,1,8,2,1,2
2016010001869,3,9,0,18,0,0,0,0,0,0,1,1,6,1,58,9,1896,2,8,6,1,6
2016010001871,1,19,0,9,0,8,0,0,0,0,1,1,1,1,28,6,2198,2,6,4,1,4
2016010001873,1,3,0,12,0,0,0,0,0,0,0,1,2,1,36,7,125,1,6,-1,-1,-1
2016010001874,1,9,0,3,0,1,0,-1,-1,-1,2,1,6,2,40,7,3222,2,11,3,1,3
2016010001874,2,9,0,18,0,1,0,0,0,0,1,-1,6,1,17,4,2793,1,17,4,1,4
2016010001875,1,9,0,9,0,1,0,0,0,0,1,1,3,2,35,6,1590,1,12,4,1,4
2016010001875,2,11,0,7,0,2,0,0,0,0,1,1,1,1,26,6,4500,2,5,3,1,3
2016010001877,1,9,0,9,0,0,0,0,0,0,1,1,2,1,29,6,998,1,13,9,1,9
2016010001882,1,19,0,7,0,5,0,0,0,0,0,1,2,1,23,5,1870,2,11,3,1,3
2016010001882,2,2,0,18,2,1,0,0,0,0,0,1,2,2,26,6,48,1,4,5,1,5
2016010001888,1,9,0,17,0,0,0,0,0,0,3,1,3,2,46,8,-1,-1,-1,-1,1,-1
2016010001888,2,9,0,18,0,0,0,0,0,0,3,1,6,1,18,4,-1,-1,-1,-1,1,-1
2016010001889,1,9,0,18,0,2,0,0,0,0,3,1,2,1,70,10,-1,-1,-1,-1,1,-1
2016010001889,2,1,0,11,0,2,0,0,0,0,4,1,4,1,19,4,-1,-1,-1,-1,1,-1
2016010001894,1,9,-1,-1,-1,-1,-1,-1,-1,-1,-1,-1,6,3,-1,-1,-1,-1,-1,-1,-1,-1
2016010001898,1,4,0,13,0,0,0,0,0,0,3,1,6,1,31,6,125,1,-1,-1,-1,-1
2016010001898,2,20,0,18,0,0,0,0,0,0,3,1,1,1,-1,-1,7698,2,-1,6,1,6
2016010001899,1,21,1,4,0,0,0,0,0,0,2,1,1,1,56,9,12902,2,-1,3,1,3
2016010001899,2,21,1,4,0,0,0,0,0,0,1,1,1,1,55,8,10518,2,7,3,1,3
2016010001900,1,9,0,3,0,2,0,0,0,0,3,1,6,1,54,8,1997,2,13,6,1,6
2016010001900,2,9,0,18,0,2,0,0,0,0,3,1,6,1,17,4,1798,8,-1,-1,-1,-1
2016010001902,1,9,0,4,0,1,1,0,0,0,1,1,6,1,43,7,2143,2,6,6,1,6
2016010001902,2,9,0,18,0,4,0,9,3,1,2,1,6,1,46,8,1995,2,12,5,1,5
2016010001904,1,9,-1,-1,0,7,0,0,0,0,2,-1,6,2,28,6,1368,1,7,2,1,2
2016010001904,2,9,0,-1,0,7,0,0,0,0,1,-1,6,2,35,6,1596,1,16,-1,-1,-1
2016010001914,1,9,0,3,0,1,0,0,0,0,3,1,6,2,26,6,1968,2,8,10,3,10
2016010001914,2,9,0,7,0,3,0,0,0,0,3,1,6,3,-1,-1,1995,2,13,-1,-1,-1
2016010001915,1,9,0,18,0,-1,0,0,0,0,1,1,6,3,-1,-1,-1,-1,-1,-1,-1,-1
2016010001916,1,11,0,18,2,0,0,0,0,0,0,1,1,1,61,9,4500,2,1,2,1,2
2016010001917,1,9,0,18,0,0,0,0,0,0,1,1,2,1,69,10,1560,2,10,5,1,5
2016010001919,1,9,0,9,0,1,0,0,0,0,1,1,6,2,83,11,1299,1,8,1,1,1
2016010001919,2,4,0,18,0,1,0,0,0,0,1,1,6,1,33,6,125,1,11,-1,-1,-1
2016010001920,1,9,0,9,0,1,0,0,0,0,3,1,1,1,61,9,1956,2,5,1,1,1
2016010001921,1,9,0,4,0,8,0,0,0,0,2,1,2,1,44,7,1229,1,10,2,1,2
2016010001921,2,9,0,4,0,8,0,0,0,0,1,1,2,2,29,6,1275,1,17,4,1,4
2016010001921,3,9,0,13,0,8,1,1,0,0,1,1,6,1,27,6,1998,1,10,4,1,4
2016010001922,1,9,0,18,0,0,0,0,0,0,1,1,6,2,30,6,1600,1,10,8,1,8
2016010001925,1,9,0,9,0,5,0,0,0,0,1,1,6,2,36,7,-1,-1,-1,-1,1,-1
2016010001926,1,9,0,18,0,0,2,4,0,0,1,1,6,1,34,6,1998,2,11,4,1,4
2016010001926,2,9,0,2,0,0,0,0,0,0,1,1,6,3,-1,-1,1999,1,7,-1,-1,-1
2016010001928,1,9,0,8,0,1,0,0,0,0,1,1,6,2,37,7,1797,8,2,7,1,7
2016010001930,1,9,0,9,0,6,0,0,0,0,4,1,6,1,32,6,1399,2,11,2,1,2
2016010001930,2,4,0,7,0,5,0,0,0,0,3,1,6,1,25,5,125,1,12,4,1,4
2016010001931,1,9,0,12,0,0,0,0,0,0,1,1,6,1,24,5,1998,1,19,6,1,6
2016010001932,1,9,0,7,0,6,0,0,0,0,1,1,6,1,26,6,1984,1,6,10,3,10
2016010001933,1,4,0,14,0,1,1,0,0,0,1,1,2,1,29,6,124,1,13,5,1,5
2016010001934,1,9,0,9,0,5,0,0,0,0,1,1,6,1,64,9,-1,-1,-1,9,1,9
2016010001934,2,4,0,18,0,1,2,0,1,0,4,1,6,1,24,5,125,1,2,4,1,4
2016010001935,1,9,0,18,0,1,0,0,0,0,1,1,6,1,62,9,1598,1,8,3,3,3
2016010001937,1,2,0,18,0,8,0,0,0,0,1,1,2,1,48,8,124,1,-1,10,1,10
2016010001938,1,5,0,18,0,8,0,0,0,0,1,1,2,1,36,7,649,1,-1,8,1,8
2016010001938,2,9,0,9,0,8,0,0,0,0,4,1,2,2,30,6,1598,2,5,2,1,2
2016010001939,1,9,0,18,0,4,0,0,0,0,0,1,6,1,38,7,1968,2,2,1,1,1
2016010001939,2,1,0,18,0,4,0,0,0,0,4,1,6,2,52,8,-1,-1,-1,4,1,4
2016010001940,1,8,0,5,0,8,0,0,0,0,1,1,1,1,55,8,1798,8,-1,3,1,3
2016010001940,2,1,0,18,0,8,0,0,0,0,4,1,6,2,30,6,-1,-1,-1,7,1,7
2016010001941,1,9,0,10,0,8,0,0,0,0,1,1,6,1,54,8,1968,2,5,5,1,5
2016010001941,2,9,0,18,0,1,0,0,0,0,4,1,6,2,22,5,1399,1,-1,3,1,3
2016010001943,1,9,0,6,0,0,0,0,0,0,3,1,6,2,52,8,1461,2,1,2,1,2
2016010001943,2,1,0,18,0,0,0,0,0,0,1,1,2,1,21,5,-1,-1,-1,2,1,2
2016010001944,1,9,0,9,0,6,0,0,0,0,1,1,6,1,36,7,1339,1,8,1,1,1
2016010001944,2,2,0,15,0,8,0,0,0,0,4,1,6,1,34,6,124,1,4,3,1,3
2016010001945,1,4,0,18,0,1,0,0,0,0,1,1,6,1,36,7,124,1,11,2,1,2
2016010001947,1,9,0,18,0,0,0,0,0,0,1,1,6,1,50,8,-1,-1,-1,-1,1,-1
2016010001948,1,9,0,18,0,1,0,0,0,0,1,1,6,1,59,9,998,1,6,8,1,8
2016010001949,1,3,0,3,0,4,0,0,0,0,2,1,6,1,33,6,125,1,5,3,1,3
2016010001949,2,90,0,18,0,1,0,0,0,0,1,1,6,3,-1,-1,-1,-1,-1,-1,-1,-1
2016010001951,1,3,0,18,0,1,2,0,0,0,1,1,2,1,38,7,125,1,5,9,1,9
2016010001951,2,9,0,10,0,1,0,0,0,0,3,1,6,2,36,7,1364,1,7,4,1,4
2016010001952,1,9,0,18,0,8,0,0,0,0,1,1,6,1,37,7,1995,2,5,5,1,5
2016010001952,2,1,0,5,0,8,0,0,0,0,4,1,6,1,49,8,-1,-1,-1,-1,-1,-1
2016010001953,1,9,0,10,3,6,0,0,0,0,1,1,6,1,27,6,1364,1,7,3,1,3
2016010001953,2,1,0,18,2,8,2,0,0,0,1,1,2,1,24,5,-1,-1,-1,4,1,4
2016010001954,1,9,0,10,0,0,0,0,0,0,2,1,6,1,52,8,2231,2,8,7,1,7
2016010001954,2,9,0,3,0,0,0,0,0,0,2,1,6,1,44,7,1799,1,5,6,1,6
2016010001954,3,9,0,18,0,0,1,0,0,0,1,1,6,1,58,9,1797,8,5,6,1,6
2016010001956,1,11,0,4,0,0,0,0,0,0,4,1,1,1,54,8,-1,-1,-1,2,1,2
2016010001957,1,9,-1,-1,0,-1,-1,-1,-1,0,2,-1,6,1,43,7,-1,-1,-1,3,1,3
2016010001957,2,9,-1,-1,0,-1,-1,-1,-1,-1,1,-1,6,3,-1,-1,1798,1,5,-1,-1,-1
2016010001958,1,9,0,9,0,6,0,0,0,0,1,1,6,2,26,6,1685,2,3,3,1,3
2016010001958,2,9,0,5,0,8,1,0,0,0,3,1,6,1,28,6,1299,1,15,5,1,5
2016010001958,3,19,0,18,0,8,0,0,0,0,3,1,1,1,27,6,1598,2,-1,2,1,2
2016010001959,1,9,0,5,0,8,0,0,0,0,1,1,6,1,25,5,1995,2,10,7,1,7
2016010001959,2,9,0,9,0,8,0,0,0,0,1,1,6,1,22,5,1390,1,3,3,1,3
2016010001960,1,9,0,18,0,0,1,0,1,10,1,1,6,1,24,5,-1,-1,-1,-1,1,-1
2016010001963,1,9,-1,-1,-1,5,-1,-1,-1,-1,-1,-1,6,3,-1,-1,-1,-1,-1,-1,-1,-1
2016010001964,1,2,0,6,0,0,0,0,0,0,0,1,6,1,58,9,-1,-1,-1,4,1,4
2016010001964,2,2,0,18,0,0,5,0,0,0,0,1,6,1,24,5,-1,-1,-1,3,1,3
2016010001965,1,3,0,18,0,2,5,0,0,0,1,1,1,1,17,4,125,1,9,5,1,5
2016010001965,2,9,0,6,0,8,0,0,0,0,3,1,6,3,-1,-1,-1,-1,-1,-1,-1,-1
2016010001967,1,8,0,9,0,5,0,0,0,0,3,1,1,1,38,7,1598,2,4,4,1,4
2016010001969,1,9,0,5,0,6,0,0,0,0,1,1,6,1,21,5,1956,2,5,6,1,6
2016010001969,2,3,0,18,0,1,5,10,7,0,1,1,6,1,31,6,125,1,8,6,1,6
2016010001970,1,9,0,18,0,4,0,0,0,0,1,1,6,2,66,10,1461,2,1,5,3,5
2016010001970,2,9,0,18,0,8,1,0,0,0,4,1,6,2,36,7,1242,1,7,3,1,3
2016010001971,1,9,0,9,0,3,0,0,0,0,1,1,2,1,48,8,1790,8,5,2,1,2
2016010001971,2,1,0,18,0,1,0,0,0,0,3,1,6,1,11,3,-1,-1,-1,-1,-1,-1
2016010001972,1,9,0,5,0,2,0,0,0,0,2,1,2,2,46,8,1397,1,7,7,1,7
2016010001972,2,9,0,18,0,1,0,0,0,0,1,1,6,1,39,7,1598,1,12,2,1,2
2016010001975,1,9,0,18,0,0,0,0,7,2,1,1,6,1,82,11,-1,-1,-1,10,1,10
2016010001977,1,9,0,18,0,2,0,0,0,0,1,1,1,2,51,8,1339,1,12,3,1,3
2016010001978,1,1,-1,18,0,1,-1,0,0,0,1,1,6,1,27,6,-1,-1,-1,-1,-1,-1
2016010001978,2,9,-1,9,0,8,-1,0,0,0,1,-1,6,1,17,4,1299,1,15,-1,-1,-1
2016010001979,1,3,0,18,0,5,5,0,0,0,0,1,2,1,33,6,865,1,5,6,1,6
2016010001979,2,9,0,7,0,5,0,0,0,0,0,1,6,3,-1,-1,1997,2,12,-1,-1,-1
2016010001980,1,9,0,18,0,8,0,0,0,0,4,1,2,1,65,9,1560,2,2,2,1,2
2016010001982,1,3,0,5,0,0,1,0,0,0,1,1,6,1,-1,-1,125,1,2,-1,-1,-1
2016010001983,1,9,0,9,0,1,1,0,7,4,1,1,2,2,36,7,1328,1,13,5,1,5
2016010001983,2,9,0,18,0,1,1,0,0,0,1,1,2,1,19,4,998,1,7,5,1,5
2016010001983,3,9,0,2,0,8,0,4,0,0,0,1,6,3,-1,-1,2995,1,12,-1,-1,-1
2016010001986,1,9,0,3,0,2,0,0,0,0,0,1,6,1,30,6,2000,2,12,3,1,3
2016010001986,2,1,0,10,0,2,0,0,0,0,1,1,6,2,29,6,-1,-1,-1,3,1,3
2016010001989,1,9,0,18,0,1,0,0,0,0,1,1,6,2,30,6,2926,2,15,2,1,2
2016010001989,2,9,0,18,0,6,0,0,0,0,4,1,2,2,49,8,1206,1,5,3,1,3
2016010001991,1,9,0,6,0,0,0,0,0,0,1,1,2,1,37,7,3824,1,10,5,1,5
2016010001991,2,5,0,18,0,0,1,0,0,0,3,1,2,2,44,7,937,1,-1,6,1,6
2016010001992,1,9,0,4,0,4,-1,0,0,0,2,1,6,1,36,7,-1,-1,-1,-1,1,-1
2016010001992,2,9,-1,-1,-1,4,-1,0,-1,0,-1,1,6,3,-1,-1,-1,-1,-1,-1,-1,-1
2016010001994,1,9,-1,18,-1,-1,-1,-1,-1,-1,-1,-1,6,1,37,7,-1,-1,-1,-1,1,-1
2016010001994,2,9,-1,-1,-1,-1,-1,-1,-1,-1,-1,-1,6,3,-1,-1,-1,-1,-1,-1,-1,-1