Accident_Index,Vehicle_Reference,Vehicle_Type,Towing_and_Articulation,Vehicle_Manoeuvre,Vehicle_Location-Restricted_Lane,Junction_Location,Skidding_and_Overturning,Hit_Object_in_Carriageway,Vehicle_Leaving_Carriageway,Hit_Object_off_Carriageway,1st_Point_of_Impact,Was_Vehicle_Left_Hand_Drive?,Journey_Purpose_of_Driver,Sex_of_Driver,Age_of_Driver,Age_Band_of_Driver,Engine_Capacity_(CC),Propulsion_Code,Age_of_Vehicle,Driver_IMD_Decile,Driver_Home_Area_Type,Vehicle_IMD_Decile
2016010001995,1,8,-1,-1,0,-1,0,0,-1,-1,2,-1,6,1,37,7,2499,2,6,5,1,5
2016010001995,2,19,0,18,0,8,0,0,0,0,1,-1,6,3,-1,-1,-1,-1,-1,-1,-1,-1
2016010001998,1,9,0,10,0,1,0,0,0,0,2,-1,6,1,20,4,-1,-1,-1,-1,1,-1
2016010001998,2,9,0,-1,0,1,0,0,0,0,1,-1,6,3,-1,-1,-1,-1,-1,-1,-1,-1
2016010001999,1,9,0,13,0,0,0,0,0,0,3,1,2,1,60,9,2170,2,12,5,1,5
2016010001999,2,5,0,13,0,0,0,0,0,0,3,1,2,1,37,7,1170,1,8,6,1,6
2016010002008,1,9,-1,3,-1,-1,-1,-1,-1,-1,2,-1,6,1,34,6,-1,-1,-1,-1,1,-1
2016010002008,2,9,-1,18,-1,-1,-1,-1,-1,-1,1,-1,6,1,16,4,-1,-1,-1,-1,-1,-1
2016010002011,1,19,0,7,0,1,0,0,0,0,1,1,2,1,28,6,2198,2,1,8,1,8
2016010002011,2,1,0,18,4,1,0,0,0,0,1,1,2,1,22,5,-1,-1,-1,3,1,3
2016010002019,1,90,-1,-1,0,-1,-1,-1,-1,-1,-1,-1,6,2,37,7,-1,-1,-1,-1,1,-1
2016010002019,2,9,-1,-1,0,-1,-1,-1,-1,-1,-1,-1,6,3,-1,-1,-1,-1,-1,-1,-1,-1
2016010002023,1,1,-1,-1,-1,-1,-1,-1,-1,-1,-1,1,6,2,32,6,-1,-1,-1,-1,1,-1
2016010002024,1,9,0,7,0,8,0,0,0,0,1,1,6,3,-1,-1,-1,-1,-1,-1,-1,-1
2016010002024,2,1,0,18,0,8,0,10,0,0,3,1,4,1,17,4,-1,-1,-1,-1,1,-1
2016010002025,1,19,0,18,0,-1,0,0,0,0,4,-1,1,1,30,6,2198,2,3,1,1,1
2016010002026,1,9,0,18,0,1,0,0,2,1,4,1,1,1,28,6,2204,2,9,6,1,6
2016010002029,1,8,0,7,0,5,0,0,0,0,2,1,1,1,29,6,-1,-1,-1,2,1,2
2016010002029,2,5,0,15,2,1,1,0,0,0,1,1,2,1,29,6,647,1,15,6,1,6
2016010002032,1,21,1,12,0,1,0,0,0,0,1,2,1,1,49,8,-1,-1,-1,-1,-1,-1
2016010002032,2,9,0,18,0,1,0,0,0,0,4,1,1,1,64,9,1969,2,-1,4,1,4
2016010002037,1,9,0,5,0,0,0,0,0,0,3,1,6,2,45,7,2143,2,3,8,3,8
2016010002037,2,9,0,18,0,0,0,4,0,0,4,1,6,3,-1,-1,1968,2,4,-1,-1,-1
2016010002038,1,9,0,15,0,1,0,0,0,0,3,1,2,1,46,8,-1,-1,-1,9,1,9
2016010002038,2,9,0,11,0,1,0,0,0,0,4,1,6,2,21,5,1388,1,11,3,1,3
2016010002041,1,9,0,9,0,5,0,0,0,0,1,1,2,2,51,8,-1,-1,-1,3,1,3
2016010002045,1,9,0,4,0,3,0,0,0,0,1,1,1,2,46,8,1560,2,3,10,2,10
2016010002045,2,9,0,4,0,3,0,0,0,0,2,1,6,2,41,7,1796,2,2,7,1,7
2016010002052,1,3,0,9,0,4,1,0,0,0,4,1,6,1,15,3,-1,-1,-1,-1,1,-1
2016010002052,2,19,0,18,0,4,1,0,0,0,3,1,1,1,24,5,-1,-1,-1,-1,-1,-1
2016010002057,1,19,0,18,0,0,0,0,0,0,1,1,6,3,-1,-1,-1,-1,-1,-1,-1,-1
2016010002057,2,1,0,18,0,0,0,0,0,0,2,1,4,1,16,4,-1,-1,-1,-1,1,-1
2016010002058,1,1,-1,18,-1,2,-1,-1,-1,-1,-1,1,6,3,-1,-1,-1,-1,-1,-1,-1,-1
2016010002059,1,3,0,18,0,0,0,0,0,0,1,1,1,1,37,7,125,1,3,1,1,1
2016010002061,1,9,-1,-1,-1,0,-1,-1,-1,-1,-1,1,6,3,-1,-1,-1,-1,-1,-1,-1,-1
2016010002063,1,9,0,3,0,1,0,0,0,0,2,1,6,2,51,8,1339,1,9,3,1,3
2016010002063,2,9,0,3,0,1,0,0,0,0,1,1,6,2,26,6,1298,1,14,2,1,2
2016010002063,3,9,0,3,0,1,0,0,0,0,1,1,6,2,30,6,1685,2,1,6,1,6
2016010002063,4,19,0,3,0,8,0,0,0,0,2,1,6,1,-1,-1,-1,-1,-1,1,1,1
2016010002064,1,9,0,9,0,6,0,0,0,0,3,1,6,2,51,8,1598,1,10,3,1,3
2016010002066,1,11,0,18,2,6,0,0,0,0,0,2,6,1,47,8,6700,2,9,4,1,4
2016010002067,1,9,0,9,0,4,0,0,0,0,1,2,6,2,45,7,1896,2,9,7,1,7
2016010002067,2,9,0,18,0,4,0,0,0,0,1,2,2,2,26,6,1596,1,13,2,1,2
2016010002068,1,1,-1,4,-1,-1,-1,-1,-1,1,-1,1,6,1,30,6,-1,-1,-1,-1,1,-1
2016010002069,1,9,0,18,0,1,0,0,0,0,1,1,6,3,-1,-1,-1,-1,-1,-1,-1,-1
2016010002069,2,1,5,14,0,1,0,0,0,0,2,1,6,2,58,9,-1,-1,-1,-1,1,-1
2016010002069,3,1,0,14,0,1,0,0,0,0,4,1,2,1,83,11,-1,-1,-1,-1,1,-1
2016010002071,1,9,-1,-1,0,8,-1,-1,-1,-1,1,-1,6,2,36,7,-1,-1,-1,-1,1,-1
2016010002071,2,9,-1,-1,0,-1,-1,-1,-1,-1,-1,-1,6,3,-1,-1,-1,-1,-1,-1,-1,-1
2016010002073,1,11,0,18,0,8,0,0,0,0,4,1,1,1,47,8,4500,2,5,3,1,3
2016010002073,2,9,0,9,0,6,0,0,0,0,4,1,4,1,26,6,2494,8,1,2,1,2
2016010002074,1,21,0,4,0,2,0,0,0,0,1,1,1,1,55,8,7698,2,2,5,1,5
2016010002074,2,90,0,18,0,8,0,0,0,0,4,1,2,1,88,11,-1,-1,-1,6,1,6
2016010002078,1,5,0,18,0,0,0,0,0,0,1,1,2,1,42,7,-1,-1,-1,4,1,4
2016010002078,2,19,0,12,0,0,0,0,0,0,1,1,6,1,31,6,2494,2,12,2,1,2
2016010002083,1,8,0,7,0,5,1,0,0,0,4,1,6,1,48,8,1790,8,4,3,1,3
2016010002083,2,8,0,18,0,8,0,0,0,0,3,1,1,1,42,7,2776,2,-1,7,1,7
2016010002084,1,19,0,18,0,0,0,0,0,0,1,1,1,1,32,6,1598,2,-1,5,1,5
2016010002085,1,3,0,5,0,8,0,0,0,0,3,1,2,2,38,7,124,1,4,7,1,7
2016010002085,2,9,0,5,0,8,0,0,0,0,1,1,6,1,-1,-1,-1,-1,-1,-1,-1,-1
2016010002087,1,3,0,14,0,1,0,0,0,0,1,1,6,3,-1,-1,-1,-1,-1,-1,-1,-1
2016010002089,1,8,0,3,0,1,0,0,0,0,1,1,1,1,53,8,1968,2,2,3,1,3
2016010002090,1,9,0,4,0,0,0,0,0,0,1,1,2,1,72,10,1395,1,3,5,1,5
2016010002091,1,9,0,18,9,6,0,0,0,0,1,1,1,1,43,7,1948,1,16,4,1,4
2016010002092,1,2,0,13,0,0,0,0,0,0,1,1,6,1,24,5,125,1,7,3,1,3
2016010002092,2,9,0,9,0,0,0,0,0,0,3,1,6,2,46,8,1343,1,12,1,1,1
2016010002093,1,9,0,3,0,1,0,0,0,0,2,1,6,1,51,8,1390,1,16,1,1,1
2016010002094,1,2,0,18,0,8,0,0,0,0,4,1,6,1,16,4,49,1,8,9,1,9
2016010002094,2,9,0,18,0,8,0,0,1,0,3,1,6,1,22,5,996,1,7,5,1,5
2016010002095,1,8,0,8,0,6,0,0,0,0,1,1,1,1,44,7,-1,-1,-1,3,1,3
2016010002095,2,1,0,18,9,7,0,0,0,0,3,1,2,1,46,8,-1,-1,-1,2,1,2
2016010002096,1,9,0,9,0,8,0,0,0,0,4,1,6,1,32,6,2996,2,22,4,1,4
2016010002097,1,9,0,9,0,1,0,0,0,0,1,1,6,1,25,5,1995,2,4,6,1,6
2016010002098,1,19,0,9,0,1,0,0,0,0,1,1,1,1,45,7,1995,2,7,3,1,3
2016010002099,1,2,0,5,0,1,0,0,0,0,2,1,2,1,37,7,124,1,15,5,1,5
2016010002099,2,9,0,3,0,6,0,0,0,0,1,1,6,1,56,9,1242,1,8,6,1,6
2016010002100,1,9,0,4,0,1,0,0,0,0,2,1,2,1,17,4,1364,1,8,6,1,6
2016010002100,2,9,0,4,0,1,0,0,0,0,1,1,2,2,39,7,1598,1,9,2,1,2
2016010002101,1,9,0,18,0,0,0,0,0,0,1,1,2,1,46,8,2776,2,12,-1,-1,-1
2016010002101,2,9,0,4,0,0,0,0,0,0,2,1,2,2,31,6,1198,1,6,8,1,8
2016010002102,1,8,0,9,0,5,0,0,0,0,1,1,1,1,50,8,1797,8,5,7,1,7
2016010002102,2,1,0,18,0,8,0,0,0,0,3,1,6,2,25,5,-1,-1,-1,7,1,7
2016010002103,1,9,0,9,0,1,0,0,0,0,0,1,6,1,55,8,-1,-1,-1,4,1,4
2016010002103,2,5,0,13,0,1,2,0,0,0,0,1,6,1,54,8,599,1,16,7,1,7
2016010002104,1,9,0,4,0,0,0,0,0,0,2,1,6,1,45,7,1199,1,16,1,1,1
2016010002104,2,9,0,4,0,0,0,0,0,0,1,1,6,1,28,6,-1,-1,-1,-1,-1,-1
2016010002105,1,9,0,17,0,0,0,0,0,0,1,1,6,1,46,8,1596,1,15,6,1,6
2016010002105,2,9,0,16,0,0,0,0,0,0,1,1,6,1,50,8,2980,2,21,8,1,8
2016010002108,1,9,0,18,0,8,0,0,0,0,1,1,6,1,61,9,1197,1,1,2,1,2
2016010002108,2,9,0,5,0,6,0,0,0,0,4,1,6,2,39,7,2979,1,15,8,1,8
2016010002109,1,9,0,9,0,5,0,0,0,0,3,1,6,3,-1,-1,1560,2,5,-1,-1,-1
2016010002110,1,19,0,18,0,3,0,0,0,0,1,2,6,1,52,8,1868,2,15,2,1,2
2016010002111,1,9,0,7,0,0,0,0,0,0,1,1,6,3,-1,-1,-1,-1,-1,-1,-1,-1
2016010002114,1,9,0,18,0,1,0,4,0,0,1,1,6,1,46,8,2953,2,12,1,1,1
2016010002114,2,9,0,2,0,1,0,0,0,0,2,1,6,3,-1,-1,1598,1,11,-1,-1,-1
2016010002118,1,1,0,18,0,1,0,0,0,0,1,1,2,1,67,10,-1,-1,-1,-1,1,-1
2016010002118,2,9,0,18,0,8,0,0,0,0,1,1,6,3,-1,-1,-1,-1,-1,-1,-1,-1
2016010002118,3,9,0,18,0,1,0,0,0,0,0,1,6,1,36,7,-1,-1,-1,-1,1,-1
2016010002119,1,2,0,18,0,8,0,0,0,0,1,1,6,3,-1,-1,-1,-1,-1,-1,-1,-1
2016010002119,2,1,0,5,0,8,0,0,0,0,4,1,6,1,14,3,-1,-1,-1,5,1,5
2016010002120,1,9,0,9,9,2,0,11,0,0,1,1,6,1,44,7,-1,-1,-1,-1,1,-1
2016010002121,1,8,0,9,0,0,0,0,0,0,1,1,2,1,49,8,-1,-1,-1,-1,1,-1
2016010002121,2,9,0,5,0,0,0,0,0,0,1,1,2,2,41,7,-1,-1,-1,-1,1,-1
2016010002122,1,3,0,18,0,1,0,0,0,0,1,1,1,1,36,7,125,1,2,5,1,5
2016010002123,1,2,0,18,0,0,0,0,0,0,0,1,6,1,17,4,49,1,15,3,1,3
2016010002123,2,9,0,6,0,0,0,0,0,0,0,1,6,1,22,5,1388,1,12,4,1,4
2016010002126,1,8,0,9,0,5,0,0,0,0,1,1,6,1,31,6,1339,8,6,3,1,3
2016010002127,1,3,0,18,2,5,5,0,0,0,1,1,6,1,27,6,125,1,7,3,1,3
2016010002127,2,9,0,7,0,6,0,0,0,0,1,1,6,1,39,7,1560,2,4,4,1,4
2016010002128,1,9,0,18,9,0,1,0,1,10,1,1,1,2,47,8,2429,1,14,9,1,9
2016010002130,1,9,0,16,0,0,1,0,0,0,1,1,6,1,19,4,2497,2,11,7,1,7
2016010002131,1,11,0,4,0,1,0,0,0,0,0,1,6,1,55,8,4500,2,1,4,1,4
2016010002132,1,8,0,18,0,1,0,0,0,0,2,1,6,1,47,8,1798,8,4,2,1,2
2016010002132,2,8,0,18,0,1,0,0,0,0,1,1,6,1,62,9,1560,2,4,3,1,3
2016010002133,1,3,0,9,0,5,0,0,7,0,2,1,1,1,20,4,125,1,13,5,1,5
2016010002133,2,9,0,13,0,1,0,0,0,0,1,1,6,3,-1,-1,-1,-1,-1,-1,-1,-1
2016010002135,1,9,0,18,0,8,0,0,0,0,3,1,2,1,35,6,998,1,16,4,1,4
2016010002135,2,9,0,18,0,8,0,0,0,0,1,1,2,1,39,7,1299,1,13,4,1,4
2016010002143,1,3,0,18,0,0,-1,-1,0,0,4,1,6,2,34,6,125,1,-1,7,1,7
2016010002143,2,9,0,6,0,0,-1,-1,-1,0,-1,-1,6,3,-1,-1,1349,1,7,-1,-1,-1
2016010002146,1,9,0,18,-1,8,0,0,0,0,4,1,6,2,27,6,-1,-1,-1,-1,1,-1
2016010002146,2,9,0,18,-1,8,0,0,0,0,-1,1,6,1,39,7,-1,-1,-1,-1,-1,-1
2016010002149,1,9,0,7,0,1,0,0,0,0,1,1,3,2,47,8,1910,2,8,7,1,7
2016010002152,1,9,-1,3,-1,-1,0,0,-1,0,1,2,6,1,28,6,-1,-1,-1,-1,1,-1
2016010002155,1,1,0,18,0,2,5,0,0,0,4,1,2,1,64,9,-1,-1,-1,9,1,9
2016010002156,1,9,0,18,0,2,0,0,0,0,1,1,6,2,57,9,-1,-1,-1,-1,1,-1
2016010002157,1,19,0,18,0,0,0,0,0,0,4,1,1,1,58,9,1298,1,12,3,1,3
2016010002159,1,9,0,14,0,1,0,0,0,0,1,1,3,2,29,6,998,1,15,3,1,3
2016010002159,2,9,0,18,0,1,0,0,0,0,1,1,3,2,26,6,1248,2,8,3,1,3
2016010002162,1,9,0,-1,0,0,0,0,0,0,1,1,6,3,-1,-1,-1,-1,-1,-1,-1,-1
2016010002165,1,9,0,3,0,1,0,0,0,0,2,1,1,1,21,5,1229,1,11,4,1,4
2016010002165,2,9,0,3,0,1,0,4,0,0,2,1,1,2,42,7,1799,1,10,5,1,5
2016010002165,3,9,0,18,0,1,0,4,0,0,1,1,6,1,36,7,1388,1,13,5,1,5
2016010002168,1,9,0,18,0,2,0,0,0,0,3,1,3,2,-1,-1,-1,-1,-1,-1,-1,-1
2016010002175,1,9,0,18,0,0,0,0,0,0,2,1,6,1,86,11,1198,1,2,5,1,5
2016010002175,2,1,0,18,0,0,0,0,0,0,2,1,6,1,28,6,-1,-1,-1,6,1,6
2016010002178,1,9,0,6,0,0,0,0,0,0,1,1,6,1,51,8,1948,1,14,2,1,2
2016010002178,2,3,0,5,0,0,0,0,0,0,1,1,6,1,27,6,-1,-1,-1,2,1,2
2016010002179,1,9,0,9,0,8,0,0,0,0,4,1,6,3,-1,-1,1198,1,6,-1,-1,-1
2016010002179,2,9,0,18,0,1,0,0,0,0,0,1,1,2,50,8,1499,2,-1,2,1,2
2016010002179,3,9,0,10,0,8,0,0,0,0,4,1,6,2,54,8,1796,1,17,-1,-1,-1
2016010002185,1,3,0,18,0,6,5,0,0,0,1,1,6,1,40,7,124,1,29,10,1,10
2016010002185,2,9,0,9,0,6,0,0,0,0,4,1,6,1,82,11,1389,1,18,9,1,9
2016010002187,1,5,0,5,0,1,0,0,0,0,4,1,2,1,34,6,599,1,14,3,1,3
2016010002189,1,11,0,18,0,0,0,0,0,0,0,1,1,1,63,9,6374,2,5,5,1,5
2016010002192,1,9,0,1,9,5,0,4,0,0,2,1,6,3,-1,-1,1910,2,8,-1,-1,-1
2016010002192,2,9,0,2,6,1,0,0,0,0,3,1,6,3,-1,-1,1461,2,2,-1,-1,-1
2016010002192,3,9,0,2,6,1,0,0,0,0,3,1,6,3,-1,-1,1600,1,10,-1,-1,-1
2016010002200,1,9,0,1,0,1,0,0,0,0,2,1,2,1,31,6,1598,1,7,1,1,1
2016010002200,2,1,0,3,0,1,0,0,0,0,1,1,2,1,45,7,-1,-1,-1,2,1,2
2016010002201,1,9,0,6,0,1,0,0,0,0,3,1,6,1,29,6,2720,2,10,1,1,1
2016010002201,2,3,0,14,0,8,5,0,0,0,1,1,6,1,34,6,108,1,8,5,1,5
2016010002203,1,19,0,4,0,2,0,0,0,0,2,1,1,1,58,9,1998,2,13,2,1,2
2016010002203,2,1,0,18,0,2,2,0,0,0,1,1,4,1,16,4,-1,-1,-1,1,1,1
2016010002208,1,9,0,17,0,1,0,0,0,0,2,1,2,2,23,5,1339,1,13,4,1,4
2016010002208,2,9,0,18,0,1,0,0,0,0,1,1,2,1,41,7,2993,2,-1,7,1,7
2016010002208,3,19,0,3,0,1,0,0,0,0,3,1,1,1,27,6,2287,2,2,3,1,3
2016010002209,1,9,0,9,0,8,0,0,0,0,1,1,1,1,41,7,-1,-1,-1,-1,1,-1
2016010002209,2,3,0,15,0,8,0,0,0,0,1,1,6,1,26,6,-1,-1,-1,-1,1,-1
2016010002210,1,9,0,4,9,1,0,0,0,0,1,1,6,1,49,8,1753,2,9,8,1,8
2016010002210,2,19,0,18,9,1,0,0,3,1,1,1,1,1,27,6,-1,-1,-1,2,1,2
2016010002211,1,3,0,18,0,8,0,0,0,0,1,1,6,1,36,7,125,1,10,6,1,6
2016010002212,1,11,0,5,9,0,0,0,7,10,1,1,1,1,54,8,4760,2,4,5,1,5
2016010002212,2,9,0,3,0,0,0,0,0,0,2,1,6,1,30,6,1390,1,1,6,1,6
2016010002212,3,9,0,4,0,0,0,0,0,0,2,1,6,1,34,6,2979,1,13,1,1,1
2016010002212,4,9,0,4,0,0,0,0,0,0,2,2,6,1,33,6,1560,2,5,4,1,4
2016010002212,5,9,0,4,0,0,0,0,0,0,2,1,6,1,50,8,1995,2,10,-1,-1,-1
2016010002212,6,19,0,4,0,0,0,0,0,0,0,1,6,1,40,7,1248,2,10,6,1,6
2016010002213,1,9,0,18,0,8,0,0,0,0,1,1,6,1,37,7,1997,2,5,3,1,3
2016010002213,2,9,0,9,0,6,0,0,0,0,4,1,2,2,29,6,1242,1,2,7,1,7
2016010002214,1,5,0,17,0,1,0,0,0,0,1,1,6,1,-1,-1,-1,-1,-1,-1,-1,-1
2016010002215,1,5,0,14,0,1,1,0,0,0,4,1,2,1,32,6,-1,-1,-1,-1,1,-1
2016010002215,2,9,0,9,0,1,0,0,0,0,3,1,6,3,-1,-1,-1,-1,-1,-1,-1,-1
2016010002215,3,9,0,2,0,1,0,0,0,0,4,1,6,3,-1,-1,-1,-1,-1,-1,-1,-1
2016010002215,4,9,0,2,0,1,0,0,0,0,3,2,6,3,-1,-1,-1,-1,-1,-1,-1,-1
2016010002217,1,9,0,3,0,1,0,0,0,0,2,1,2,1,53,8,-1,-1,-1,9,1,9
2016010002217,2,9,0,4,0,1,0,0,0,0,1,1,6,1,45,7,2401,2,10,8,1,8
2016010002218,1,11,0,5,0,0,0,0,0,0,0,1,1,1,37,7,4500,2,4,3,1,3
2016010002221,1,9,0,7,9,5,5,0,1,4,1,1,6,2,66,10,1497,8,-1,5,1,5
2016010002222,1,1,-1,3,-1,4,-1,0,-1,0,4,1,6,1,32,6,-1,-1,-1,-1,1,-1
2016010002222,2,9,0,11,-1,4,0,0,-1,0,3,-1,6,1,17,4,-1,-1,-1,-1,1,-1
2016010002226,1,11,0,3,2,1,0,0,0,0,3,1,6,3,-1,-1,-1,-1,-1,-1,-1,-1
2016010002227,1,1,0,18,0,8,5,7,0,0,1,1,1,1,61,9,-1,-1,-1,9,1,9
2016010002227,2,9,0,1,0,8,0,0,0,0,2,-1,6,2,44,7,1240,1,6,3,1,3
2016010002228,1,9,-1,3,0,-1,-1,0,0,0,2,-1,6,2,63,9,-1,-1,-1,-1,1,-1
2016010002228,2,9,-1,4,0,-1,-1,11,0,0,1,-1,6,2,59,9,-1,-1,-1,-1,-1,-1
2016010002231,1,3,0,14,0,8,0,0,0,0,4,1,2,1,31,6,-1,-1,-1,1,1,1
2016010002231,2,19,0,9,0,1,0,0,0,0,3,1,6,3,-1,-1,-1,-1,-1,-1,-1,-1
2016010002232,1,9,0,18,0,0,0,0,0,0,2,1,1,2,22,5,1364,1,9,3,1,3
2016010002232,2,19,0,18,0,0,1,0,0,0,1,1,1,1,27,6,2198,2,1,2,1,2
2016010002238,1,9,0,18,0,0,0,0,0,0,1,1,3,2,52,8,2143,2,6,5,1,5
2016010002238,2,10,0,18,0,0,0,0,0,0,1,1,3,1,44,7,2198,2,9,1,1,1
2016010002239,1,11,0,7,0,8,0,0,0,0,4,1,1,1,49,8,6700,2,7,9,1,9
2016010002240,1,9,0,18,0,1,0,0,0,0,4,1,6,1,21,5,1596,1,11,2,1,2
2016010002242,1,11,0,14,2,0,0,0,0,0,1,1,1,1,40,7,4500,2,2,2,1,2
2016010002243,1,9,0,9,0,1,0,0,0,0,1,1,6,2,32,6,1595,1,9,2,1,2
2016010002244,1,9,0,18,0,0,0,0,0,0,1,1,2,2,20,4,1299,1,11,9,3,9
2016010002244,2,9,0,18,0,0,0,0,0,0,1,1,6,2,31,6,-1,-1,-1,10,1,10
2016010002245,1,11,0,18,0,4,0,0,0,0,0,1,1,1,61,9,4500,2,-1,3,1,3
2016010002246,1,3,0,18,0,1,1,0,0,0,1,1,1,1,25,5,-1,-1,-1,4,1,4
2016010002246,2,9,0,10,0,6,0,0,0,0,1,1,1,1,31,6,1968,2,3,3,1,3
2016010002247,1,9,0,9,0,6,0,0,0,0,1,1,2,1,33,6,2148,2,8,8,1,8
2016010002247,2,3,0,18,0,1,0,0,0,0,2,1,6,1,17,4,-1,-1,-1,3,1,3
2016010002248,1,19,0,1,0,2,0,0,0,0,2,2,1,1,39,7,2198,2,-1,4,1,4
2016010002250,1,9,0,4,0,6,1,0,0,0,1,1,2,1,42,7,1999,1,8,3,1,3
2016010002250,2,1,0,18,0,1,0,0,0,0,3,1,2,1,48,8,-1,-1,-1,6,1,6
2016010002251,1,11,0,18,0,2,0,0,0,0,0,1,6,1,33,6,9000,2,9,4,1,4
2016010002252,1,9,0,18,0,1,0,0,0,0,4,1,6,1,28,6,2494,1,12,-1,-1,-1
2016010002252,2,1,0,18,4,1,0,0,0,0,1,1,2,1,48,8,-1,-1,-1,6,1,6
2016010002253,1,3,0,13,0,1,2,0,0,0,4,1,6,1,40,7,108,1,7,3,1,3
2016010002253,2,9,0,6,0,1,0,0,0,0,3,1,6,2,48,8,1598,1,11,9,1,9
2016010002254,1,9,0,18,0,2,0,0,0,0,1,1,6,1,-1,-1,1390,1,5,5,1,5
2016010002254,2,1,0,18,0,8,0,0,0,0,2,1,6,1,18,4,-1,-1,-1,4,1,4
2016010002255,1,9,0,18,0,8,0,0,7,0,4,1,6,1,48,8,1598,1,17,6,1,6
2016010002255,2,9,0,5,0,5,0,7,0,0,1,1,6,1,75,10,1995,2,5,7,3,7
2016010002256,1,9,0,9,5,5,0,0,0,0,1,1,6,3,-1,-1,-1,-1,-1,-1,-1,-1
2016010002256,2,1,0,18,0,8,0,0,0,0,1,1,6,1,-1,-1,-1,-1,-1,-1,1,-1
2016010002258,1,9,0,18,0,2,0,0,0,0,4,1,6,1,44,7,2143,2,-1,2,1,2
2016010002259,1,3,0,18,0,8,1,0,0,0,2,1,2,1,22,5,-1,-1,-1,3,1,3
2016010002260,1,9,0,18,0,0,0,0,0,0,1,1,6,1,27,6,1596,1,9,2,1,2
2016010002261,1,19,0,4,0,0,0,0,0,0,1,1,1,1,21,5,1968,2,1,4,1,4
2016010002261,2,9,0,3,0,0,0,0,0,0,2,1,6,1,54,8,1998,2,4,1,1,1
2016010002261,3,9,0,3,0,0,0,0,0,0,2,1,6,1,29,6,1995,2,4,1,1,1
2016010002262,1,9,0,18,0,0,0,0,0,0,4,1,6,1,51,8,1598,1,18,5,1,5
2016010002263,1,11,0,4,0,0,0,12,0,0,1,1,1,1,59,9,-1,-1,-1,4,1,4
2016010002264,1,9,0,3,0,3,0,0,0,0,2,1,6,1,35,6,1995,2,-1,3,1,3
2016010002264,2,9,0,3,0,3,0,4,0,0,2,1,6,1,61,9,4398,1,16,3,1,3
2016010002264,3,9,0,16,0,8,0,4,0,0,1,1,2,1,35,6,1997,2,13,5,1,5
2016010002265,1,3,0,18,0,8,0,0,0,0,1,1,2,1,19,4,124,1,4,4,1,4
2016010002266,1,5,0,5,0,0,0,0,6,0,1,1,2,1,44,7,-1,-1,-1,3,1,3
2016010002267,1,9,0,9,0,6,0,0,0,0,4,1,6,1,42,7,1797,8,5,3,1,3
2016010002267,2,3,0,9,0,1,0,0,0,0,3,1,6,1,59,9,125,1,4,3,1,3
2016010002268,1,9,0,18,0,1,0,0,0,0,1,1,6,1,21,5,1242,1,2,2,1,2
2016010002271,1,9,0,9,0,1,0,0,0,0,1,1,6,1,20,4,973,1,13,4,1,4
2016010002271,2,3,5,18,0,1,0,0,0,0,1,1,6,1,42,7,123,1,19,1,1,1
2016010002273,1,9,0,5,0,6,0,0,0,0,1,1,6,1,-1,-1,1598,1,9,4,1,4
2016010002275,1,9,0,9,0,5,0,0,0,0,4,1,6,1,52,8,1995,2,15,4,1,4
2016010002275,2,3,0,18,0,5,0,0,0,0,1,1,6,1,32,6,450,1,13,2,1,2
2016010002276,1,5,0,3,0,1,0,0,0,0,1,1,6,1,57,9,599,1,6,8,1,8
2016010002277,1,9,0,18,0,0,0,0,0,0,3,1,1,1,28,6,998,1,12,4,1,4
2016010002277,2,9,0,18,0,0,0,0,0,0,3,1,6,1,61,9,1685,2,-1,6,1,6
2016010002277,3,9,0,18,0,0,0,0,0,0,0,1,6,1,24,5,1242,1,12,4,2,4
2016010002278,1,9,0,14,0,2,0,0,0,0,1,1,1,2,40,7,1590,1,13,6,1,6
2016010002279,1,1,0,18,0,0,0,0,0,0,1,1,4,1,15,3,-1,-1,-1,6,1,6
2016010002280,1,4,0,14,0,0,0,0,0,0,1,1,6,1,40,7,899,1,12,2,1,2
2016010002280,2,9,0,6,0,0,0,0,0,0,3,1,6,1,46,8,1198,1,1,2,1,2
2016010002281,1,9,0,18,0,0,0,0,1,0,1,1,6,1,23,5,1968,2,6,1,1,1
2016010002282,1,9,0,18,0,0,0,4,0,0,1,1,6,2,23,5,1360,1,14,2,1,2
2016010002282,2,9,0,3,0,0,0,0,0,0,0,1,1,1,31,6,2497,1,10,5,1,5
2016010002283,1,21,1,18,0,2,0,0,0,0,1,1,1,1,37,7,-1,-1,-1,8,1,8
2016010002283,2,9,0,9,0,6,0,0,1,0,2,1,6,1,18,4,1240,1,13,8,1,8
2016010002284,1,3,0,18,0,1,5,0,0,0,2,1,1,1,33,6,-1,-1,-1,5,1,5
2016010002284,2,9,0,13,0,2,0,0,0,0,2,1,6,3,-1,-1,-1,-1,-1,-1,-1,-1
2016010002285,1,9,0,18,0,0,0,0,3,0,1,1,6,2,52,8,-1,-1,-1,-1,1,-1
2016010002286,1,9,0,4,0,2,0,0,0,0,1,1,6,2,76,11,1596,1,-1,4,1,4
2016010002286,2,8,0,4,0,2,0,0,0,0,2,1,1,1,52,8,1997,2,3,2,1,2
2016010002286,3,9,0,18,0,1,0,0,0,0,2,1,6,1,25,5,1242,1,1,1,1,1
2016010002287,1,9,0,18,0,0,0,0,0,0,4,1,6,1,64,9,1124,1,20,5,1,5
2016010002287,2,9,0,18,0,0,0,0,0,0,1,1,6,2,52,8,998,1,-1,7,1,7
2016010002287,3,9,0,16,0,0,0,0,0,0,1,1,6,1,43,7,3189,1,12,7,1,7