Accident_Index,Vehicle_Reference,Vehicle_Type,Towing_and_Articulation,Vehicle_Manoeuvre,Vehicle_Location-Restricted_Lane,Junction_Location,Skidding_and_Overturning,Hit_Object_in_Carriageway,Vehicle_Leaving_Carriageway,Hit_Object_off_Carriageway,1st_Point_of_Impact,Was_Vehicle_Left_Hand_Drive?,Journey_Purpose_of_Driver,Sex_of_Driver,Age_of_Driver,Age_Band_of_Driver,Engine_Capacity_(CC),Propulsion_Code,Age_of_Vehicle,Driver_IMD_Decile,Driver_Home_Area_Type,Vehicle_IMD_Decile
2016010002288,1,3,0,18,0,8,0,0,0,0,3,1,2,2,36,7,125,1,1,2,1,2
2016010002288,2,9,0,9,0,6,0,0,0,0,1,1,6,2,30,6,1388,1,11,8,1,8
2016010002289,1,9,0,5,0,5,0,0,0,0,4,1,6,1,75,10,1242,1,15,1,1,1
2016010002289,2,5,0,18,0,1,0,0,0,0,1,1,6,1,32,6,744,1,3,4,1,4
2016010002290,1,3,0,18,0,8,0,0,0,0,1,1,6,1,14,3,-1,-1,-1,2,1,2
2016010002290,2,9,0,18,0,1,0,0,0,0,1,1,6,1,30,6,1997,2,4,1,1,1
2016010002292,1,9,0,18,0,1,0,0,0,0,1,1,6,3,-1,-1,-1,-1,-1,-1,-1,-1
2016010002293,1,9,0,18,0,8,0,0,0,0,1,1,6,1,24,5,1229,1,4,3,1,3
2016010002293,2,19,0,18,0,8,0,0,0,0,1,1,1,1,23,5,2198,2,-1,3,1,3
2016010002294,1,19,0,5,0,0,0,0,0,0,4,1,6,1,56,9,2198,2,8,9,1,9
2016010002294,2,11,1,5,2,0,0,0,0,0,3,1,6,1,60,9,5132,2,-1,3,1,3
2016010002294,3,1,0,18,0,0,0,0,0,0,4,1,6,1,51,8,-1,-1,-1,4,1,4
2016010002295,1,9,0,2,0,0,0,0,0,0,1,1,6,3,-1,-1,1199,1,14,-1,-1,-1
2016010002295,2,3,0,18,0,0,0,0,0,0,1,1,1,1,19,4,108,1,6,-1,-1,-1
2016010002295,3,1,0,18,0,0,0,0,0,0,1,1,6,1,50,8,-1,-1,-1,6,1,6
2016010002296,1,2,0,18,0,1,0,0,0,0,1,1,6,1,37,7,49,1,1,2,1,2
2016010002296,2,9,0,9,0,1,0,0,0,0,3,1,6,1,22,5,2148,2,9,3,1,3
2016010002298,1,9,0,18,0,6,0,4,0,0,1,1,6,1,26,6,1149,1,14,-1,-1,-1
2016010002298,2,9,0,2,0,2,0,0,0,0,2,1,6,3,-1,-1,2993,2,7,-1,-1,-1
2016010002299,1,3,0,18,0,8,0,0,0,0,1,1,6,1,32,6,108,1,3,4,1,4
2016010002299,2,9,0,9,0,8,0,0,0,0,4,1,6,3,-1,-1,1798,1,15,-1,-1,-1
2016010002300,1,9,0,9,0,8,0,0,0,0,4,1,6,1,58,9,1995,2,13,5,1,5
2016010002300,2,4,0,18,0,8,1,0,0,0,1,1,2,1,22,5,124,1,9,1,1,1
2016010002301,1,9,0,9,0,1,0,0,0,0,4,1,6,1,58,9,2188,2,14,9,1,9
2016010002301,2,1,0,18,0,1,0,0,0,0,4,1,2,1,62,9,-1,-1,-1,9,1,9
2016010002306,1,8,0,18,0,1,0,0,0,0,1,1,1,1,53,8,2499,2,8,10,1,10
2016010002306,2,9,0,5,0,1,0,0,0,0,1,1,6,2,21,5,1200,1,-1,3,1,3
2016010002307,1,11,0,10,0,8,0,0,0,0,3,1,1,1,47,8,5883,2,14,5,1,5
2016010002307,2,4,0,14,0,8,0,0,0,0,3,1,6,1,26,6,-1,-1,-1,6,1,6
2016010002308,1,21,1,16,0,3,0,0,0,0,3,1,1,1,56,9,10677,2,2,4,1,4
2016010002308,2,19,0,18,0,4,0,11,0,0,1,1,6,1,37,7,1248,2,8,-1,-1,-1
2016010002309,1,9,0,18,0,1,0,0,0,0,2,1,2,1,73,10,1198,1,14,3,1,3
2016010002309,2,9,0,3,0,1,0,0,0,0,1,1,6,1,57,9,1396,1,13,6,1,6
2016010002312,1,9,0,18,0,4,0,0,0,0,3,1,6,2,27,6,1395,1,2,7,1,7
2016010002312,2,9,0,18,0,4,0,10,0,0,1,1,6,3,-1,-1,1600,1,17,-1,-1,-1
2016010002313,1,9,0,6,0,5,0,0,0,0,3,1,2,1,30,6,2143,2,2,4,1,4
2016010002313,2,3,0,18,0,8,2,0,0,0,1,1,1,1,22,5,125,1,5,2,1,2
2016010002314,1,11,0,5,0,1,0,0,0,0,1,1,1,1,44,7,-1,-1,-1,-1,1,-1
2016010002316,1,8,0,18,9,1,0,7,1,10,1,1,6,1,30,6,1997,2,4,6,1,6
2016010002316,2,9,0,2,0,1,0,0,0,0,4,1,6,3,-1,-1,1685,2,-1,-1,-1,-1
2016010002317,1,9,0,18,0,1,2,10,2,10,1,2,6,1,33,6,2143,2,4,3,3,3
2016010002320,1,1,-1,18,0,0,-1,-1,-1,-1,-1,1,6,2,54,8,-1,-1,-1,-1,-1,-1
2016010002322,1,9,0,18,0,1,0,0,0,0,4,1,3,2,31,6,1560,2,6,4,1,4
2016010002324,1,9,0,18,0,4,0,0,0,0,2,-1,1,2,38,7,599,1,14,2,1,2
2016010002324,2,90,-1,18,0,4,0,0,0,0,1,-1,6,3,-1,-1,-1,-1,-1,-1,-1,-1
2016010002325,1,1,-1,-1,-1,0,-1,-1,-1,-1,-1,1,6,1,11,3,-1,-1,-1,-1,1,-1
2016010002325,2,9,5,-1,-1,0,-1,-1,-1,-1,-1,-1,6,1,17,4,-1,-1,-1,-1,1,-1
2016010002330,1,9,-1,-1,-1,-1,-1,-1,-1,-1,-1,1,6,2,17,4,-1,-1,-1,-1,1,-1
2016010002330,2,1,0,-1,-1,-1,-1,-1,-1,-1,-1,1,6,1,45,7,-1,-1,-1,-1,1,-1
2016010002335,1,9,0,18,0,2,0,0,0,0,1,1,6,1,84,11,1386,1,3,4,1,4
2016010002335,2,19,0,2,0,2,0,0,0,0,2,1,6,3,-1,-1,2402,2,5,-1,-1,-1
2016010002339,1,9,-1,18,-1,-1,-1,-1,0,0,4,-1,6,2,24,5,-1,-1,-1,-1,1,-1
2016010002341,1,9,-1,-1,-1,-1,-1,-1,-1,-1,-1,-1,6,1,53,8,-1,-1,-1,-1,1,-1
2016010002341,2,9,-1,-1,-1,-1,-1,-1,-1,-1,-1,-1,6,3,-1,-1,-1,-1,-1,-1,-1,-1
2016010002343,1,9,0,18,0,0,0,4,0,0,1,1,6,1,58,9,1998,2,8,8,1,8
2016010002343,2,9,0,2,0,0,0,0,1,0,1,1,6,3,-1,-1,1598,1,7,-1,-1,-1
2016010002344,1,9,-1,-1,-1,0,-1,-1,-1,-1,-1,-1,6,2,57,9,-1,-1,-1,-1,-1,-1
2016010002344,2,9,-1,-1,-1,0,-1,-1,-1,-1,-1,-1,6,1,57,9,-1,-1,-1,-1,-1,-1
2016010002347,1,9,0,10,0,1,0,0,0,0,1,1,6,1,23,5,1242,1,-1,4,1,4
2016010002347,2,9,0,17,0,1,0,0,0,0,3,1,6,2,42,7,2319,1,14,1,1,1
2016010002348,1,9,0,9,0,6,0,0,0,0,1,1,2,1,29,6,-1,-1,-1,4,1,4
2016010002348,2,9,0,7,0,5,0,0,0,0,1,1,6,1,73,10,1299,1,14,3,1,3
2016010002355,1,11,0,5,0,8,0,0,0,0,1,1,6,1,54,8,4500,2,1,5,1,5
2016010002355,2,9,0,5,0,2,0,0,0,0,2,1,6,2,42,7,1498,1,7,5,1,5
2016010002355,3,9,0,3,0,2,0,0,0,0,2,1,6,2,25,5,1388,1,9,9,1,9
2016010002355,4,9,0,3,0,2,0,0,0,0,2,1,6,2,31,6,1397,1,9,-1,-1,-1
2016010002355,5,9,0,3,0,2,0,0,0,0,2,1,6,1,59,9,1990,1,14,9,1,9
2016010002357,1,8,0,18,0,0,0,0,0,0,4,2,1,1,54,8,2402,2,13,6,1,6
2016010002357,2,3,0,18,2,0,0,0,0,0,3,1,6,1,17,4,125,1,5,1,1,1
2016010002358,1,11,0,4,0,1,0,0,0,0,0,1,1,1,55,8,4760,2,2,8,1,8
2016010002359,1,3,0,13,0,8,0,0,0,0,1,1,6,1,24,5,125,1,1,1,1,1
2016010002359,2,9,0,9,0,6,0,0,0,0,3,1,6,1,29,6,1197,1,1,6,1,6
2016010002360,1,11,0,9,0,8,0,0,0,0,0,1,1,1,51,8,5132,2,-1,1,1,1
2016010002362,1,9,0,5,0,8,0,0,0,0,4,1,1,1,54,8,1998,1,7,2,1,2
2016010002362,2,9,0,18,0,8,0,0,0,0,1,1,1,1,25,5,1497,8,1,5,1,5
2016010002363,1,9,0,11,0,1,0,0,0,0,4,1,2,1,37,7,-1,-1,-1,4,1,4
2016010002363,2,4,0,18,0,1,0,0,0,0,1,1,6,1,69,10,865,1,9,8,3,8
2016010002365,1,8,0,5,8,0,0,0,0,0,3,1,1,1,31,6,-1,-1,-1,-1,1,-1
2016010002366,1,2,0,14,0,8,0,0,0,0,1,1,6,1,36,7,-1,-1,-1,-1,-1,-1
2016010002367,1,9,0,18,0,8,0,0,0,0,1,1,6,2,27,6,-1,-1,-1,-1,1,-1
2016010002367,2,9,0,9,0,8,0,0,0,0,1,1,6,2,49,8,-1,-1,-1,-1,1,-1
2016010002368,1,9,0,18,9,0,1,7,1,4,4,1,6,1,28,6,1995,1,8,4,1,4
2016010002368,2,9,0,13,0,0,0,0,0,0,4,1,6,3,-1,-1,2993,2,9,-1,-1,-1
2016010002370,1,9,0,18,0,0,0,0,0,0,1,2,6,1,21,5,-1,-1,-1,5,1,5
2016010002370,2,9,0,2,9,0,0,0,0,0,3,1,6,3,-1,-1,2148,2,12,-1,-1,-1
2016010002371,1,9,0,3,0,1,0,0,0,0,2,1,6,1,50,8,-1,-1,-1,9,1,9
2016010002371,2,9,0,11,0,1,0,0,0,0,1,1,6,1,-1,-1,1595,1,10,-1,-1,-1
2016010002371,3,9,0,3,0,1,0,0,0,0,2,1,6,1,-1,-1,1797,8,6,4,1,4
2016010002372,1,9,0,9,0,2,0,0,0,0,1,1,1,1,25,5,1895,1,15,3,1,3
2016010002373,1,8,0,9,0,6,0,0,0,0,1,1,1,1,34,6,1798,1,6,3,1,3
2016010002373,2,3,0,14,0,1,5,0,0,0,1,1,1,1,29,6,125,1,9,2,1,2
2016010002374,1,9,0,3,0,1,0,0,0,0,0,1,6,2,21,5,1499,1,-1,10,1,10
2016010002374,2,9,0,5,0,1,0,4,0,0,1,1,6,1,38,7,1596,1,13,-1,-1,-1
2016010002375,1,9,0,18,0,1,0,0,0,0,3,1,6,2,54,8,1998,1,14,2,1,2
2016010002375,2,9,0,18,0,8,0,0,0,0,3,1,6,2,25,5,1229,1,3,3,1,3
2016010002376,1,9,0,2,0,0,0,0,0,0,3,1,6,3,-1,-1,2987,2,2,-1,-1,-1
2016010002376,2,1,0,18,0,0,0,4,0,0,1,1,2,1,45,7,-1,-1,-1,8,1,8
2016010002377,1,5,0,18,0,8,1,0,0,0,0,1,6,1,47,8,1085,1,17,4,1,4
2016010002377,2,9,0,7,0,8,0,0,0,0,0,1,6,1,39,7,1995,2,2,8,1,8
2016010002379,1,9,0,4,0,0,0,0,0,0,2,1,2,1,61,9,-1,-1,-1,-1,1,-1
2016010002379,2,9,0,18,0,0,0,0,0,0,1,1,6,3,-1,-1,-1,-1,-1,-1,-1,-1
2016010002379,3,9,0,13,0,0,0,0,0,0,0,1,6,3,-1,-1,-1,-1,-1,-1,-1,-1
2016010002383,1,9,0,2,0,0,0,0,0,0,3,1,6,3,-1,-1,1248,2,-1,-1,-1,-1
2016010002383,2,1,0,14,0,0,5,4,0,0,1,1,6,1,56,9,-1,-1,-1,2,1,2
2016010002385,1,5,0,18,0,0,0,0,0,0,1,1,1,1,30,6,745,1,-1,7,1,7
2016010002386,1,9,0,18,0,1,2,0,0,0,1,1,6,2,38,7,-1,-1,-1,-1,1,-1
2016010002386,2,9,0,10,0,1,0,0,0,0,2,1,6,1,44,7,-1,-1,-1,-1,1,-1
2016010002386,3,9,0,10,0,2,0,0,0,0,2,1,6,1,31,6,-1,-1,-1,-1,1,-1
2016010002387,1,11,0,18,0,0,0,0,0,0,1,1,6,1,57,9,4500,2,5,3,1,3
2016010002388,1,9,0,4,0,1,0,0,0,0,4,1,6,1,44,7,1973,1,18,3,1,3
2016010002390,1,11,0,17,0,8,0,0,0,0,1,1,1,1,33,6,7300,2,13,8,1,8
2016010002390,2,9,0,9,0,8,0,0,0,0,1,1,6,1,35,6,-1,-1,-1,7,1,7
2016010002391,1,11,0,7,0,8,0,0,0,0,1,1,1,1,48,8,-1,-1,-1,-1,1,-1
2016010002392,1,8,0,18,0,8,1,0,1,9,4,1,1,1,48,8,2143,2,3,-1,-1,-1
2016010002392,2,8,0,3,0,8,0,0,0,0,1,1,1,1,25,5,1797,8,6,4,1,4
2016010002393,1,9,0,4,0,1,0,0,0,0,2,1,6,1,59,9,1497,1,11,5,1,5
2016010002393,2,9,0,4,0,1,0,0,0,0,1,1,6,1,28,6,2993,2,8,3,1,3
2016010002396,1,2,0,16,0,6,5,0,0,0,1,1,6,1,46,8,49,1,8,1,1,1
2016010002396,2,9,0,7,0,8,0,0,0,0,1,1,6,3,-1,-1,1995,2,3,-1,-1,-1
2016010002397,1,9,0,5,0,6,0,0,0,0,4,1,6,1,52,8,1598,1,12,7,1,7
2016010002397,2,9,0,18,0,1,0,0,0,0,1,1,6,2,26,6,-1,-1,-1,6,1,6
2016010002399,1,9,0,18,0,8,0,0,0,0,1,1,6,1,30,6,-1,-1,-1,5,1,5
2016010002399,2,11,0,4,0,8,0,0,0,0,4,1,1,1,66,10,-1,-1,-1,7,1,7
2016010002400,1,9,0,4,0,1,0,0,0,0,1,1,6,2,25,5,1197,1,-1,7,1,7
2016010002400,2,9,0,4,0,1,0,0,0,0,2,1,6,2,31,6,796,1,7,-1,-1,-1
2016010002400,3,9,0,7,0,8,0,0,0,0,0,1,6,3,-1,-1,-1,-1,-1,-1,-1,-1
2016010002401,1,9,0,18,0,0,0,0,0,0,2,1,6,1,32,6,2987,2,6,3,1,3
2016010002401,2,9,0,18,0,0,0,0,0,0,1,1,6,1,30,6,1496,2,-1,1,1,1
2016010002402,1,11,0,18,0,8,0,0,0,0,1,1,6,1,44,7,4500,2,8,3,1,3
2016010002402,2,9,0,9,0,6,0,0,0,0,1,1,1,1,35,6,1598,2,7,4,1,4
2016010002403,1,9,0,4,0,2,0,0,0,0,2,1,1,1,41,7,1560,2,1,-1,-1,-1
2016010002403,2,9,0,4,0,2,0,0,0,0,1,1,6,2,48,8,1686,2,5,3,1,3
2016010002404,1,8,0,3,0,3,0,0,0,0,2,1,1,1,61,9,1910,2,7,6,1,6
2016010002404,2,9,0,4,0,8,1,0,0,0,1,1,6,1,50,8,1364,1,8,6,1,6
2016010002407,1,2,0,9,0,1,0,0,0,0,3,1,1,1,21,5,109,1,3,4,1,4
2016010002407,2,9,0,18,0,1,0,0,0,0,1,1,6,3,-1,-1,-1,-1,-1,-1,-1,-1
2016010002408,1,9,0,12,0,1,0,0,0,0,4,1,6,1,30,6,-1,-1,-1,-1,1,-1
2016010002409,1,3,0,5,0,2,0,0,0,0,1,1,6,1,24,5,125,1,-1,3,1,3
2016010002410,1,2,0,18,0,1,1,0,0,0,0,1,1,1,20,4,108,1,2,3,1,3
2016010002411,1,9,0,9,0,8,0,0,0,0,4,1,2,1,63,9,875,1,4,7,1,7
2016010002411,2,5,0,18,0,1,0,0,0,0,1,1,6,1,22,5,749,1,11,3,1,3
2016010002414,1,9,0,9,0,1,0,0,0,0,1,1,6,3,-1,-1,-1,-1,-1,-1,-1,-1
2016010002415,1,9,0,9,0,5,0,0,0,0,0,1,2,2,53,8,1248,1,1,3,1,3
2016010002416,1,9,0,5,0,1,1,7,0,0,1,1,6,1,62,9,1332,1,17,3,1,3
2016010002417,1,8,0,5,0,0,0,0,0,0,1,1,1,1,68,10,-1,-1,-1,5,1,5
2016010002418,1,8,0,7,0,1,0,0,0,0,2,1,1,1,46,8,1997,2,5,3,1,3
2016010002418,2,9,0,18,0,8,0,0,0,0,1,1,6,3,-1,-1,-1,-1,-1,-1,-1,-1
2016010002420,1,9,0,5,0,2,0,0,0,0,1,1,1,2,25,5,1560,2,2,-1,-1,-1
2016010002420,2,1,0,18,0,1,0,0,0,0,4,1,6,2,22,5,-1,-1,-1,1,1,1
2016010002421,1,9,0,9,0,6,0,0,0,0,1,1,6,1,24,5,999,1,-1,3,1,3
2016010002421,2,5,0,18,0,1,0,0,0,0,1,1,6,1,27,6,-1,-1,-1,-1,-1,-1
2016010002422,1,9,5,18,0,8,1,6,0,0,1,1,6,2,19,4,1198,1,14,-1,-1,-1
2016010002423,1,9,0,18,0,1,0,0,0,0,1,1,6,1,38,7,-1,-1,-1,-1,1,-1
2016010002423,2,8,0,7,0,8,0,0,0,0,1,1,1,1,38,7,-1,-1,-1,-1,1,-1
2016010002424,1,9,0,18,0,8,0,0,0,0,1,1,6,1,42,7,1840,1,18,8,1,8
2016010002425,1,10,0,3,0,0,0,0,0,0,3,1,6,3,-1,-1,-1,-1,-1,-1,-1,-1
2016010002425,2,3,0,14,0,0,0,0,0,0,4,1,1,1,19,4,109,1,2,3,1,3
2016010002425,3,9,0,2,0,0,0,0,0,0,3,1,6,3,-1,-1,1390,1,15,-1,-1,-1
2016010002427,1,9,0,3,0,4,0,0,0,0,2,1,2,1,29,6,1490,1,7,8,1,8
2016010002427,2,9,0,18,0,1,0,0,0,0,1,1,6,3,-1,-1,1364,1,8,-1,-1,-1
2016010002428,1,8,0,5,0,3,0,0,0,0,3,1,1,1,28,6,-1,-1,-1,1,1,1
2016010002428,2,9,0,5,0,4,0,0,0,0,1,1,2,1,33,6,1686,2,5,5,3,5
2016010002430,1,2,0,18,0,8,0,0,0,0,1,1,6,1,19,4,109,1,2,6,1,6
2016010002430,2,9,0,9,0,8,0,0,0,0,1,1,6,1,22,5,2993,2,-1,-1,-1,-1
2016010002430,3,9,0,2,0,2,0,0,0,0,1,1,6,3,-1,-1,1240,1,7,-1,-1,-1
2016010002434,1,9,0,18,0,0,0,0,0,0,1,1,6,1,37,7,998,1,3,7,1,7
2016010002436,1,9,0,18,0,8,0,0,3,0,1,1,6,1,39,7,-1,-1,-1,-1,-1,-1
2016010002439,1,9,0,18,0,0,0,0,0,0,1,1,6,1,20,4,1242,1,9,3,1,3
2016010002442,1,9,0,18,0,7,0,0,0,0,3,1,6,2,30,6,1968,2,1,9,1,9
2016010002443,1,9,0,9,0,6,0,0,0,0,1,1,1,1,54,8,1798,8,3,9,1,9
2016010002446,1,9,0,18,0,0,1,0,0,0,2,1,6,2,30,6,1461,2,-1,-1,-1,-1
2016010002446,2,9,0,18,0,0,0,0,0,0,1,1,6,1,45,7,2993,2,2,3,1,3
2016010002448,1,9,0,18,0,8,0,0,0,0,1,1,6,1,58,9,1598,1,14,3,1,3
2016010002448,2,9,0,9,0,8,0,0,0,0,4,1,6,2,29,6,973,1,13,7,1,7
2016010002449,1,9,0,16,0,0,0,0,0,0,0,1,2,1,31,6,1398,2,9,2,1,2
2016010002450,1,19,0,1,-1,2,0,11,-1,-1,2,1,1,1,35,6,-1,-1,-1,-1,1,-1
2016010002453,1,9,0,5,0,0,0,0,0,0,2,1,6,1,51,8,-1,-1,-1,-1,1,-1
2016010002453,2,9,0,2,0,0,0,0,0,0,2,1,6,3,-1,-1,-1,-1,-1,-1,-1,-1
2016010002455,1,3,0,18,0,8,0,0,0,0,3,1,6,1,24,5,49,1,8,2,1,2
2016010002455,2,9,0,18,0,8,0,0,0,0,1,1,6,2,27,6,1595,1,10,2,1,2
2016010002456,1,9,0,18,0,1,0,0,0,0,0,1,6,1,51,8,-1,-1,-1,3,1,3
2016010002456,2,9,0,3,0,1,0,0,0,0,1,1,6,1,43,7,1896,2,9,2,1,2
2016010002456,3,9,0,1,0,1,0,0,0,0,2,1,6,1,40,7,3498,1,10,5,1,5
2016010002459,1,9,0,18,0,1,0,0,0,0,1,1,6,2,61,9,1390,1,13,2,1,2
2016010002459,2,9,0,3,0,1,0,0,0,0,2,1,6,1,30,6,1596,1,14,2,1,2
2016010002459,3,9,0,5,0,1,0,0,0,0,3,1,6,3,-1,-1,-1,-1,-1,-1,-1,-1
2016010002460,1,9,0,18,0,8,0,0,0,0,4,1,6,2,24,5,998,1,7,1,1,1
2016010002460,2,9,0,9,0,8,0,0,0,0,4,1,6,1,35,6,2148,2,14,3,1,3
2016010002463,1,9,0,18,0,8,0,0,0,0,3,1,6,2,45,7,1497,8,9,2,1,2
2016010002463,2,9,0,18,0,8,0,0,0,0,1,1,6,2,39,7,1364,1,6,3,1,3
2016010002465,1,4,0,18,0,1,0,0,0,0,1,1,1,1,34,6,-1,-1,-1,5,1,5
2016010002466,1,9,0,3,0,1,0,0,0,0,2,2,6,2,43,7,1956,2,2,3,1,3
2016010002466,2,9,0,16,0,1,0,0,0,0,1,1,6,1,20,4,1368,1,6,2,1,2
2016010002467,1,9,0,9,0,2,0,0,0,0,3,1,6,1,47,8,1769,1,14,2,1,2
2016010002467,2,3,0,18,0,1,0,0,0,0,1,1,1,1,22,5,125,1,1,4,1,4
2016010002468,1,9,0,18,0,8,0,0,0,0,4,1,6,1,45,7,2798,1,14,3,1,3
2016010002468,2,9,0,2,0,1,0,0,0,0,4,1,6,3,-1,-1,1769,1,12,-1,-1,-1
2016010002468,3,9,0,18,0,8,0,0,0,0,1,1,6,3,-1,-1,-1,-1,-1,-1,-1,-1
2016010002469,1,1,0,5,0,2,1,0,0,0,1,1,2,1,43,7,-1,-1,-1,-1,1,-1
2016010002470,1,9,0,10,0,1,0,0,0,0,4,1,6,1,63,9,2143,2,3,4,1,4
2016010002470,2,1,0,18,0,1,1,0,0,0,1,1,6,1,51,8,-1,-1,-1,6,1,6
2016010002471,1,8,0,9,0,6,0,0,0,0,1,1,1,1,45,7,-1,-1,-1,-1,1,-1
2016010002473,1,9,0,3,0,1,0,0,0,0,2,1,6,2,35,6,1364,1,10,2,1,2
2016010002473,2,3,0,18,0,1,0,0,0,0,1,1,6,1,33,6,125,1,8,5,1,5
2016010002474,1,9,0,3,0,0,0,0,0,0,0,1,6,1,53,8,1598,1,8,7,1,7
2016010002474,2,9,0,5,0,0,0,4,0,0,2,1,1,1,39,7,1896,2,16,3,1,3
2016010002475,1,3,0,4,0,7,1,0,0,0,3,1,1,1,26,6,108,1,2,4,1,4
2016010002475,2,9,0,18,0,8,0,0,0,0,0,1,6,1,52,8,1497,8,9,5,1,5
2016010002476,1,9,0,7,0,6,0,0,0,0,1,1,6,1,50,8,1997,2,7,4,1,4
2016010002477,1,11,0,5,2,7,0,0,0,0,0,1,1,1,45,7,4461,2,3,8,2,8
2016010002478,1,9,0,2,9,0,0,4,0,0,1,1,6,3,-1,-1,1461,2,1,-1,-1,-1
2016010002478,2,9,0,14,0,0,0,4,0,0,2,1,6,2,34,6,1242,1,6,5,1,5
2016010002480,1,9,0,7,0,6,0,4,0,0,3,1,6,1,27,6,1497,1,14,2,1,2
2016010002480,2,9,0,5,0,8,0,0,0,0,3,1,6,2,34,6,1968,2,9,3,1,3
2016010002481,1,9,0,3,0,2,0,0,0,0,2,1,6,1,37,7,1995,2,6,6,1,6
2016010002481,2,3,0,4,0,2,1,4,0,0,1,1,1,1,22,5,125,1,6,4,1,4
2016010002483,1,9,0,18,0,8,0,0,0,0,1,1,6,1,24,5,996,1,6,8,1,8
2016010002484,1,9,0,18,9,2,0,0,0,0,4,1,6,1,23,5,1995,2,11,3,1,3
2016010002484,2,9,0,9,0,5,0,11,0,0,3,1,6,1,45,7,1762,1,16,4,1,4
2016010002486,1,3,0,5,0,1,1,0,0,0,0,1,1,1,27,6,108,1,2,2,1,2
2016010002488,1,3,0,9,0,8,0,0,0,0,1,1,6,1,54,8,-1,-1,-1,2,1,2
2016010002489,1,9,0,18,0,1,0,0,0,0,1,1,6,1,61,9,1197,1,3,5,1,5
2016010002489,2,9,0,3,0,1,0,0,0,0,2,1,6,1,26,6,-1,-1,-1,4,1,4
2016010002489,3,9,0,3,0,1,0,0,0,0,2,1,2,1,34,6,999,1,6,1,1,1
2016010002489,4,9,0,3,0,1,0,0,0,0,2,1,2,2,45,7,1339,1,6,4,1,4
2016010002491,1,9,0,7,0,1,0,0,0,0,1,1,2,1,28,6,-1,-1,-1,-1,1,-1
2016010002491,2,3,0,5,0,1,0,0,0,0,2,1,2,1,36,7,-1,-1,-1,-1,1,-1
2016010002492,1,4,0,14,0,1,0,0,0,0,1,1,6,1,41,7,750,1,4,3,1,3
2016010002492,2,9,0,6,0,2,0,0,0,0,3,1,6,1,44,7,1999,1,8,3,1,3
2016010002493,1,11,0,9,0,2,0,0,0,0,1,1,1,1,62,9,7300,2,11,4,1,4
2016010002494,1,9,0,5,0,2,5,4,0,0,1,1,6,2,25,5,1360,1,5,8,1,8
2016010002494,2,9,0,2,0,2,0,0,0,0,3,1,6,3,-1,-1,1490,8,15,-1,-1,-1
2016010002495,1,9,0,5,0,2,1,10,0,0,1,1,6,2,25,5,1229,1,9,10,1,10
2016010002496,1,9,0,3,0,1,0,0,0,0,2,1,2,2,54,8,1995,1,5,6,1,6
2016010002496,2,9,0,18,0,1,0,0,0,0,1,1,6,1,26,6,1596,1,11,3,1,3
2016010002497,1,8,0,18,0,1,0,0,0,0,1,1,1,1,49,8,1797,8,2,2,1,2
2016010002497,2,9,0,18,0,2,0,0,0,0,2,1,6,1,33,6,1968,2,9,2,1,2
2016010002499,1,9,0,4,0,1,0,0,0,0,1,1,6,2,83,11,1589,1,20,9,1,9
2016010002500,1,9,0,3,0,0,0,0,0,0,2,1,6,2,23,5,998,1,-1,1,3,1
2016010002500,2,9,0,18,0,0,0,0,0,0,1,1,6,1,30,6,1997,1,6,2,1,2
2016010002501,1,9,0,18,0,2,0,0,0,0,1,1,6,1,27,6,1968,2,8,3,1,3
2016010002502,1,9,0,9,0,8,0,0,0,0,4,1,6,1,29,6,3246,1,9,2,1,2
2016010002502,2,3,0,18,0,1,2,0,0,0,1,1,1,1,29,6,108,1,2,2,1,2
2016010002503,1,9,0,5,0,1,0,0,0,0,2,1,6,1,66,10,1390,1,2,6,1,6
2016010002503,2,9,0,18,0,8,0,0,0,0,1,1,6,3,-1,-1,-1,-1,-1,-1,-1,-1
2016010002504,1,9,0,18,0,4,1,4,8,10,1,1,6,1,18,4,1796,1,14,4,1,4
2016010002504,2,9,0,18,0,1,0,0,0,0,0,1,1,1,42,7,2993,2,1,4,1,4
2016010002505,1,9,0,18,0,5,1,0,1,2,1,1,6,1,18,4,1329,1,3,8,1,8
2016010002508,1,1,0,18,0,1,0,0,0,0,1,1,2,2,31,6,-1,-1,-1,-1,1,-1
2016010002508,2,9,0,10,0,-1,-1,0,0,0,3,1,6,1,26,6,-1,-1,-1,-1,-1,-1
2016010002509,1,9,0,18,0,1,0,4,0,0,1,1,6,1,19,4,1995,2,8,2,1,2
2016010002509,2,9,0,2,0,1,0,4,1,0,3,1,6,3,-1,-1,1229,1,7,-1,-1,-1
2016010002509,3,9,0,2,0,1,0,4,0,0,1,1,6,3,-1,-1,1997,1,12,-1,-1,-1
2016010002509,4,9,0,2,0,1,0,0,0,0,2,1,6,3,-1,-1,1995,2,4,-1,-1,-1
2016010002512,1,8,0,9,0,5,0,0,0,0,4,1,1,1,45,7,2402,2,11,9,1,9
2016010002518,1,9,0,18,0,8,0,0,0,0,1,1,2,1,44,7,2184,2,11,3,1,3
2016010002518,2,1,0,18,0,8,0,0,0,0,1,1,6,1,-1,-1,-1,-1,-1,7,1,7
2016010002519,1,9,0,18,0,2,0,0,0,0,1,1,2,1,32,6,1124,1,16,7,1,7
2016010002519,2,9,0,14,0,1,0,0,0,0,1,1,6,2,25,5,1753,2,10,3,1,3
2016010002519,3,9,0,2,0,1,0,0,0,0,4,1,6,3,-1,-1,-1,-1,-1,-1,-1,-1