Accident_Index,Vehicle_Reference,Vehicle_Type,Towing_and_Articulation,Vehicle_Manoeuvre,Vehicle_Location-Restricted_Lane,Junction_Location,Skidding_and_Overturning,Hit_Object_in_Carriageway,Vehicle_Leaving_Carriageway,Hit_Object_off_Carriageway,1st_Point_of_Impact,Was_Vehicle_Left_Hand_Drive?,Journey_Purpose_of_Driver,Sex_of_Driver,Age_of_Driver,Age_Band_of_Driver,Engine_Capacity_(CC),Propulsion_Code,Age_of_Vehicle,Driver_IMD_Decile,Driver_Home_Area_Type,Vehicle_IMD_Decile
2016010002521,1,1,-1,18,-1,0,0,-1,-1,-1,2,1,6,1,31,6,-1,-1,-1,-1,1,-1
2016010002521,2,10,-1,18,-1,0,0,-1,-1,0,1,1,6,1,46,8,-1,-1,-1,-1,-1,-1
2016010002522,1,9,0,4,0,0,0,0,0,0,0,1,6,2,32,6,2993,2,1,9,1,9
2016010002522,2,8,0,18,0,0,0,4,0,0,1,1,1,1,29,6,1598,2,5,6,1,6
2016010002535,1,1,-1,18,0,0,-1,8,0,0,4,1,6,1,48,8,-1,-1,-1,-1,1,-1
2016010002535,2,9,-1,-1,-1,0,-1,8,-1,-1,-1,1,6,1,17,4,-1,-1,-1,-1,-1,-1
2016010002536,1,1,-1,18,0,1,-1,-1,-1,-1,1,1,6,2,41,7,-1,-1,-1,-1,1,-1
2016010002536,2,9,-1,9,0,6,-1,-1,-1,-1,1,-1,1,1,-1,-1,-1,-1,-1,-1,1,-1
2016010002538,1,9,0,18,0,8,0,0,0,0,4,1,2,1,29,6,1999,2,-1,7,1,7
2016010002538,2,1,0,9,0,1,0,0,0,0,1,1,4,1,16,4,-1,-1,-1,8,1,8
2016010002540,1,19,0,9,0,6,0,0,0,0,3,1,1,1,33,6,-1,-1,-1,2,1,2
2016010002540,2,1,0,18,0,1,0,0,0,0,3,1,1,1,54,8,-1,-1,-1,6,1,6
2016010002541,1,9,0,9,0,1,0,0,0,0,1,1,3,2,47,8,2685,2,14,6,1,6
2016010002541,2,1,0,18,0,1,0,0,0,0,4,1,2,1,58,9,-1,-1,-1,5,1,5
2016010002544,1,9,0,7,0,8,0,0,0,0,1,1,6,1,40,7,2497,1,10,5,1,5
2016010002544,2,3,0,18,0,1,0,0,0,0,1,1,6,1,29,6,124,1,-1,4,1,4
2016010002546,1,9,-1,5,-1,-1,-1,-1,-1,-1,-1,-1,1,2,17,4,-1,-1,-1,-1,1,-1
2016010002546,2,3,-1,3,-1,-1,-1,-1,-1,-1,-1,1,6,1,17,4,-1,-1,-1,-1,3,-1
2016010002547,1,1,-1,18,-1,1,-1,0,0,0,-1,1,6,1,49,8,-1,-1,-1,-1,1,-1
2016010002547,2,9,-1,9,-1,1,-1,0,0,0,-1,-1,6,1,46,8,-1,-1,-1,-1,1,-1
2016010002550,1,4,0,18,0,0,2,-1,0,0,0,1,2,1,42,7,-1,-1,-1,-1,1,-1
2016010002550,2,19,0,18,0,0,-1,-1,-1,0,-1,-1,6,3,-1,-1,-1,-1,-1,-1,-1,-1
2016010002551,1,9,0,4,0,0,0,0,0,0,2,1,6,1,35,6,-1,-1,-1,-1,1,-1
2016010002551,2,9,0,18,0,0,0,0,0,0,1,-1,6,2,26,6,-1,-1,-1,-1,1,-1
2016010002554,1,9,0,3,0,4,0,0,0,0,2,1,6,1,27,6,1560,2,8,4,1,4
2016010002554,2,9,0,4,0,1,1,0,0,0,1,1,2,1,26,6,1900,2,18,3,1,3
2016010002556,1,9,0,9,0,5,0,0,0,0,4,1,6,1,76,11,2493,1,16,-1,-1,-1
2016010002557,1,9,0,10,0,0,0,0,0,0,1,1,3,2,42,7,1968,2,2,7,1,7
2016010002557,2,5,0,13,0,0,2,0,0,0,4,1,2,1,56,9,647,1,11,6,1,6
2016010002561,1,9,0,3,0,0,0,0,0,0,2,1,6,1,78,11,1240,1,13,8,1,8
2016010002561,2,9,0,3,0,0,0,0,0,0,2,1,6,2,27,6,1198,1,4,7,1,7
2016010002561,3,9,0,3,0,0,0,0,0,0,2,1,6,1,37,7,1995,2,8,3,1,3
2016010002561,4,9,0,18,0,0,0,0,0,0,1,1,6,1,26,6,1956,2,-1,8,1,8
2016010002565,1,9,0,7,0,1,0,0,0,0,1,1,3,2,30,6,998,1,-1,1,1,1
2016010002565,2,3,0,18,0,1,0,0,0,0,1,1,2,1,26,6,125,1,4,8,1,8
2016010002566,1,19,0,7,0,8,0,0,0,0,4,1,1,1,46,8,1598,2,1,3,1,3
2016010002568,1,9,0,7,0,2,0,0,0,0,0,1,6,2,48,8,1390,1,8,7,1,7
2016010002568,2,4,0,18,0,1,1,0,0,0,0,1,6,2,43,7,125,1,-1,6,1,6
2016010002570,1,9,0,4,0,1,0,0,0,0,1,1,2,1,59,9,996,1,7,7,3,7
2016010002570,2,9,0,3,0,1,0,0,0,0,2,1,6,2,36,7,1240,1,12,3,1,3
2016010002572,1,20,0,18,0,0,0,0,0,0,1,1,1,1,49,8,4764,2,8,4,1,4
2016010002572,2,9,0,4,0,0,0,0,0,0,2,1,2,1,29,6,1968,2,1,9,1,9
2016010002572,3,19,0,4,0,0,0,0,0,0,3,1,1,1,46,8,2198,2,7,-1,-1,-1
2016010002572,4,9,0,4,0,0,0,0,0,0,2,1,2,1,28,6,-1,-1,-1,3,1,3
2016010002572,5,9,0,4,0,0,0,0,0,0,2,1,6,1,29,6,1995,2,9,3,1,3
2016010002573,1,9,0,3,0,2,0,0,0,0,2,-1,6,2,23,5,-1,-1,-1,-1,1,-1
2016010002573,2,9,0,-1,0,2,0,-1,0,0,1,-1,6,1,24,5,-1,-1,-1,-1,1,-1
2016010002575,1,9,0,9,0,8,0,0,0,0,2,1,2,1,48,8,1560,2,8,7,1,7
2016010002575,2,9,0,18,0,8,0,0,1,1,1,1,2,1,49,8,1596,1,6,6,1,6
2016010002575,3,11,0,10,0,8,0,0,0,0,2,1,1,1,35,6,4500,2,1,2,1,2
2016010002575,4,9,0,3,0,1,0,7,0,0,4,1,2,1,53,8,1596,1,10,9,1,9
2016010002577,1,21,1,11,0,1,0,0,0,0,4,1,1,1,24,5,12902,2,2,4,1,4
2016010002577,2,9,0,18,0,1,0,0,0,0,3,1,1,1,37,7,-1,-1,-1,-1,-1,-1
2016010002578,1,9,0,17,0,1,0,0,0,0,4,1,6,2,73,10,1248,1,3,5,1,5
2016010002580,1,9,0,18,0,8,0,0,0,0,1,1,6,2,49,8,1124,1,14,5,1,5
2016010002581,1,9,0,18,0,1,0,0,0,0,1,1,6,1,37,7,-1,-1,-1,4,1,4
2016010002582,1,9,0,11,2,1,0,0,0,0,1,1,6,1,30,6,-1,-1,-1,1,1,1
2016010002582,2,9,0,5,0,1,0,0,0,0,1,1,6,1,54,8,-1,-1,-1,7,1,7
2016010002584,1,11,0,18,0,0,0,0,0,0,1,1,1,2,29,6,6692,2,7,4,1,4
2016010002585,1,8,0,7,0,1,0,0,0,0,4,1,1,1,64,9,1968,2,3,4,1,4
2016010002585,2,4,0,3,0,1,0,10,0,0,3,1,1,1,29,6,125,1,5,1,1,1
2016010002587,1,3,0,3,0,0,0,0,0,0,1,1,2,1,47,8,-1,-1,-1,2,1,2
2016010002587,2,8,0,1,0,0,0,0,0,0,2,1,6,1,35,6,1968,2,2,1,1,1
2016010002590,1,9,0,18,0,0,0,7,0,0,1,1,6,2,64,9,1395,1,-1,10,1,10
2016010002593,1,9,0,18,0,1,0,0,0,0,1,1,6,2,39,7,1399,2,10,8,1,8
2016010002593,2,9,0,10,0,1,0,0,0,0,1,1,6,2,47,8,2967,2,5,1,1,1
2016010002594,1,1,-1,18,-1,0,-1,-1,-1,-1,-1,1,6,3,-1,-1,-1,-1,-1,-1,-1,-1
2016010002595,1,1,0,18,0,-1,-1,-1,-1,-1,1,1,6,1,28,6,-1,-1,-1,4,1,4
2016010002595,2,8,0,6,0,-1,-1,-1,-1,-1,-1,-1,6,3,-1,-1,1796,1,5,-1,-1,-1
2016010002596,1,9,0,9,0,8,1,0,1,0,4,1,6,1,46,8,1968,2,3,3,1,3
2016010002596,2,19,0,18,0,8,0,0,0,0,1,1,2,1,51,8,1598,2,3,4,1,4
2016010002597,1,9,0,18,0,0,0,0,0,0,1,1,6,2,30,6,1598,2,5,3,1,3
2016010002597,2,8,0,4,0,0,0,0,0,0,2,1,6,1,40,7,1896,2,7,3,1,3
2016010002597,3,9,0,4,0,0,0,0,0,0,2,1,6,1,56,9,-1,-1,-1,4,1,4
2016010002598,1,9,0,18,0,1,0,0,0,0,1,1,2,2,26,6,1596,1,10,2,1,2
2016010002598,2,9,0,18,0,1,0,0,0,0,2,1,6,1,66,10,1997,2,-1,3,1,3
2016010002599,1,9,0,5,0,8,0,0,0,0,1,1,6,1,50,8,-1,-1,-1,5,1,5
2016010002599,2,9,0,5,0,2,0,0,0,0,4,1,3,2,28,6,-1,-1,-1,3,1,3
2016010002603,1,11,0,5,0,1,0,0,0,0,0,1,1,1,34,6,-1,-1,-1,2,1,2
2016010002612,1,9,0,9,0,8,0,0,0,0,1,1,2,2,52,8,1199,1,3,6,1,6
2016010002612,2,1,0,18,9,8,0,0,0,0,3,1,2,1,24,5,-1,-1,-1,5,1,5
2016010002618,1,8,0,18,0,1,0,0,0,0,4,1,2,1,45,7,1339,8,6,2,1,2
2016010002618,2,9,0,10,0,6,0,0,0,0,1,1,6,2,51,8,1461,2,6,9,1,9
2016010002621,1,9,0,2,0,6,0,0,0,0,2,1,6,3,-1,-1,2493,8,2,-1,-1,-1
2016010002621,2,9,0,2,0,6,0,0,0,0,3,1,6,3,-1,-1,1968,2,2,-1,-1,-1
2016010002621,3,9,0,18,0,6,0,0,0,0,4,1,6,2,60,9,1598,2,4,8,1,8
2016010002624,1,9,0,6,0,1,0,0,0,0,3,1,1,1,23,5,-1,-1,-1,4,1,4
2016010002625,1,9,0,10,0,7,0,0,0,0,1,1,6,1,29,6,1995,2,4,9,1,9
2016010002625,2,9,0,18,0,1,0,0,0,0,1,1,6,1,49,8,1998,1,14,7,1,7
2016010002626,1,9,0,7,0,8,0,0,0,0,3,1,2,1,42,7,1560,2,11,4,1,4
2016010002626,2,9,0,9,0,8,0,0,0,0,4,1,6,1,54,8,1586,1,12,1,1,1
2016010002627,1,3,0,4,0,2,1,0,0,0,3,1,6,1,23,5,124,1,3,2,1,2
2016010002627,2,9,0,4,0,2,0,0,0,0,2,1,6,1,26,6,1248,2,8,2,1,2
2016010002628,1,9,0,18,0,8,0,0,0,0,1,1,6,1,71,10,1497,8,9,6,1,6
2016010002629,1,8,0,6,0,5,0,0,0,0,2,1,6,1,47,8,1910,2,8,4,1,4
2016010002630,1,3,0,18,0,0,0,0,0,0,1,1,6,1,31,6,124,1,4,3,2,3
2016010002630,2,9,0,11,0,0,0,0,0,0,4,1,6,2,20,4,1242,1,10,5,1,5
2016010002631,1,21,0,7,0,8,0,0,0,0,1,1,1,1,32,6,6692,2,7,3,1,3
2016010002631,2,3,0,9,0,2,0,0,0,0,3,1,6,1,61,9,124,1,8,5,1,5
2016010002632,1,8,0,9,0,6,0,0,0,0,3,1,1,1,39,7,2143,2,-1,2,1,2
2016010002632,2,9,0,18,0,1,1,0,0,0,3,1,3,2,44,7,1598,1,11,5,1,5
2016010002633,1,9,0,18,0,2,0,0,1,2,1,1,6,1,47,8,1796,1,8,4,1,4
2016010002634,1,3,0,18,0,0,1,0,0,0,0,1,2,1,40,7,125,1,10,2,1,2
2016010002634,2,1,0,18,0,0,0,0,0,0,0,1,6,1,28,6,-1,-1,-1,2,1,2
2016010002635,1,9,0,5,0,8,0,0,0,0,1,1,2,2,31,6,-1,-1,-1,-1,1,-1
2016010002635,2,1,0,9,0,8,0,0,0,0,3,1,2,2,26,6,-1,-1,-1,-1,1,-1
2016010002636,1,8,0,4,0,0,0,0,0,0,3,1,1,1,42,7,-1,-1,-1,-1,1,-1
2016010002636,2,1,0,18,0,0,0,8,0,0,1,1,1,1,18,4,-1,-1,-1,-1,1,-1
2016010002637,1,9,0,18,0,1,0,0,0,0,2,1,1,1,47,8,1197,1,5,5,1,5
2016010002637,2,11,0,18,0,1,0,0,0,0,1,1,1,1,25,5,4500,2,4,8,1,8
2016010002638,1,9,0,18,0,2,0,0,0,0,1,1,6,2,67,10,1497,8,-1,2,1,2
2016010002639,1,9,0,4,0,1,0,0,0,0,2,1,6,1,58,9,2720,2,8,2,1,2
2016010002640,1,19,0,9,0,6,0,0,0,0,3,1,1,1,31,6,2143,2,3,2,1,2
2016010002640,2,3,0,18,0,1,0,0,0,0,1,1,1,1,33,6,108,1,2,2,1,2
2016010002641,1,9,0,18,0,1,0,0,0,0,1,1,6,3,-1,-1,-1,-1,-1,-1,-1,-1
2016010002643,1,8,0,18,0,4,0,0,0,0,1,2,1,1,26,6,-1,-1,-1,-1,1,-1
2016010002643,2,2,0,18,0,3,0,0,0,0,4,1,2,1,34,6,-1,-1,-1,-1,1,-1
2016010002644,1,3,0,14,0,1,1,0,0,0,1,1,1,1,46,8,108,1,-1,5,1,5
2016010002644,2,9,0,4,0,1,0,0,0,0,0,1,2,1,33,6,-1,-1,-1,8,1,8
2016010002645,1,5,0,13,0,8,1,7,0,0,1,1,6,1,34,6,750,1,18,2,1,2
2016010002645,2,19,0,18,0,8,0,0,0,0,2,1,2,1,23,5,2402,2,7,6,1,6
2016010002646,1,1,0,18,0,1,0,0,0,0,2,1,6,1,24,5,-1,-1,-1,1,1,1
2016010002646,2,1,0,18,0,1,0,0,0,0,1,1,2,1,46,8,-1,-1,-1,10,1,10
2016010002647,1,11,0,7,0,1,0,0,0,0,0,1,1,1,35,6,8300,2,10,3,1,3
2016010002649,1,9,0,8,0,2,0,0,0,0,1,1,6,2,23,5,1086,1,12,6,1,6
2016010002649,2,9,0,18,0,1,0,0,1,2,4,1,6,2,23,5,1560,2,2,6,1,6
2016010002651,1,9,0,18,0,0,0,0,0,0,1,1,6,1,44,7,1242,1,11,5,1,5
2016010002651,2,9,0,6,0,0,0,0,0,0,1,1,6,1,33,6,1995,2,5,4,1,4
2016010002651,3,9,0,4,0,0,0,0,0,0,3,1,6,1,33,6,-1,-1,-1,4,1,4
2016010002652,1,9,0,3,0,0,0,0,0,0,2,1,6,1,50,8,-1,-1,-1,-1,1,-1
2016010002652,2,9,0,4,0,0,0,0,0,0,2,1,1,1,47,8,-1,-1,-1,-1,1,-1
2016010002653,1,9,0,9,0,6,0,0,0,0,1,1,6,3,-1,-1,-1,-1,-1,-1,-1,-1
2016010002656,1,9,0,18,0,1,0,0,0,0,3,1,4,2,32,6,1598,2,-1,4,1,4
2016010002656,2,9,0,18,0,1,0,0,0,0,3,1,6,1,25,5,1368,1,3,2,1,2
2016010002657,1,9,0,9,0,8,0,0,0,0,1,1,6,2,59,9,-1,-1,-1,-1,1,-1
2016010002658,1,3,0,13,0,0,0,0,0,0,3,1,6,1,20,4,125,1,-1,4,1,4
2016010002658,2,9,0,6,0,0,0,0,0,0,4,1,6,1,24,5,1229,1,9,6,1,6
2016010002659,1,9,0,6,0,1,0,0,0,0,2,1,6,2,26,6,1242,1,5,3,1,3
2016010002659,2,11,0,18,0,1,0,0,0,0,1,1,1,1,46,8,5132,2,2,2,1,2
2016010002660,1,9,0,5,0,1,0,0,0,0,1,1,6,1,23,5,1995,1,9,3,1,3
2016010002660,2,9,0,5,0,1,0,0,0,0,2,1,6,1,48,8,-1,-1,-1,8,1,8
2016010002661,1,9,0,7,0,5,0,0,0,0,4,1,6,1,39,7,1197,1,-1,-1,-1,-1
2016010002661,2,1,0,18,0,1,0,0,0,0,3,1,2,1,25,5,-1,-1,-1,5,1,5
2016010002662,1,9,0,18,0,1,0,0,0,0,4,2,2,1,37,7,-1,-1,-1,5,1,5
2016010002662,2,1,0,4,0,1,0,0,0,0,3,1,6,2,32,6,-1,-1,-1,4,1,4
2016010002664,1,9,0,18,0,2,0,0,0,0,1,1,6,1,57,9,1229,1,6,8,1,8
2016010002665,1,9,0,18,0,1,0,0,0,0,1,1,6,1,56,9,1997,2,15,-1,-1,-1
2016010002665,2,4,0,18,0,1,0,0,0,0,2,1,6,1,17,4,125,1,1,1,1,1
2016010002666,1,9,0,9,0,1,0,0,0,0,0,1,6,1,27,6,1997,1,16,3,1,3
2016010002667,1,9,0,8,0,1,0,0,0,0,2,1,6,1,40,7,1997,1,9,1,1,1
2016010002667,2,9,0,4,0,1,0,0,0,0,1,1,6,1,-1,-1,4394,1,10,-1,-1,-1
2016010002668,1,3,0,4,0,1,0,0,0,0,2,1,1,1,27,6,-1,-1,-1,3,1,3
2016010002668,2,9,0,18,0,1,0,0,0,0,1,1,6,3,-1,-1,-1,-1,-1,-1,-1,-1
2016010002669,1,9,0,10,0,1,0,0,0,0,2,1,6,2,49,8,1596,1,5,2,1,2
2016010002669,2,8,0,10,0,1,0,0,0,0,2,1,1,1,46,8,2364,8,7,6,1,6
2016010002669,3,9,0,14,0,1,1,0,0,0,1,1,6,1,36,7,1997,2,4,4,1,4
2016010002670,1,3,0,18,0,0,2,0,0,0,1,1,1,1,27,6,102,1,9,3,1,3
2016010002670,2,9,0,18,0,0,0,0,0,0,3,1,6,1,21,5,1839,1,20,6,1,6
2016010002671,1,9,0,9,0,8,0,0,1,0,2,1,6,2,44,7,1299,1,13,2,1,2
2016010002671,2,9,0,18,0,8,0,0,0,0,1,1,6,1,35,6,-1,-1,-1,6,1,6
2016010002672,1,9,0,18,0,8,0,0,0,0,3,1,6,1,23,5,1229,1,9,9,1,9
2016010002672,2,9,0,9,0,8,0,0,0,0,1,1,6,2,23,5,1329,1,-1,9,1,9
2016010002675,1,9,0,9,0,3,0,0,7,4,4,1,1,1,26,6,2996,1,9,2,1,2
2016010002677,1,3,0,18,0,1,2,0,0,0,1,1,6,1,29,6,-1,-1,-1,7,1,7
2016010002677,2,9,0,10,0,5,0,0,0,0,2,1,6,1,25,5,-1,-1,-1,4,1,4
2016010002679,1,9,0,15,9,0,0,0,1,1,1,1,6,2,-1,-1,1229,1,11,-1,-1,-1
2016010002680,1,9,0,18,0,5,0,0,0,0,1,1,2,1,50,8,1997,2,7,6,1,6
2016010002680,2,1,0,18,0,3,0,0,0,0,2,1,6,1,37,7,-1,-1,-1,5,1,5
2016010002685,1,9,-1,5,0,8,-1,-1,-1,-1,-1,-1,6,1,54,8,-1,-1,-1,-1,1,-1
2016010002685,2,9,-1,-1,0,8,-1,-1,-1,0,-1,-1,6,2,25,5,-1,-1,-1,-1,-1,-1
2016010002701,1,9,0,-1,-1,-1,-1,-1,-1,0,-1,-1,6,1,17,4,-1,-1,-1,-1,-1,-1
2016010002704,1,4,0,17,0,8,0,0,0,0,0,1,2,1,41,7,124,1,5,5,1,5
2016010002704,2,8,0,5,0,4,0,0,0,0,0,1,6,1,61,9,2402,2,13,7,1,7
2016010002717,1,21,1,9,0,8,0,0,0,0,2,1,1,1,46,8,12777,2,4,4,3,4
2016010002717,2,9,0,9,0,8,0,0,0,0,2,1,1,2,51,8,1781,1,11,3,1,3
2016010002723,1,5,0,5,0,2,0,0,0,0,3,1,1,1,44,7,1237,1,4,3,1,3
2016010002724,1,9,-1,-1,-1,-1,-1,-1,-1,-1,-1,-1,6,1,19,4,-1,-1,-1,-1,1,-1
2016010002725,1,9,-1,6,0,0,0,0,0,0,2,-1,6,2,66,10,998,1,17,2,1,2
2016010002725,2,9,-1,18,0,0,-1,0,0,0,2,-1,6,3,-1,-1,1598,2,4,-1,-1,-1
2016010002729,1,9,0,5,0,4,0,0,0,0,2,1,6,1,75,10,1686,2,12,-1,-1,-1
2016010002733,1,9,0,9,9,0,0,0,0,0,1,1,1,1,25,5,1388,1,19,8,1,8
2016010002745,1,11,0,18,0,1,0,0,0,0,4,1,1,1,24,5,6700,2,9,3,1,3
2016010002746,1,9,0,3,0,2,0,0,0,0,2,1,6,2,46,8,1197,1,-1,2,1,2
2016010002746,2,9,0,5,0,2,0,0,0,0,2,1,6,1,33,6,1560,2,4,4,1,4
2016010002752,1,9,0,9,0,5,0,0,0,0,1,1,3,2,48,8,1198,1,4,7,1,7
2016010002752,2,3,0,18,0,1,0,0,0,0,1,1,2,1,31,6,125,1,-1,2,1,2
2016010002757,1,11,0,4,2,1,0,0,0,0,0,1,1,1,56,9,4500,2,-1,3,1,3
2016010002764,1,9,0,6,8,0,0,0,0,0,3,1,1,1,36,7,1968,2,5,3,1,3
2016010002764,2,3,0,18,0,0,0,0,0,0,0,1,1,1,35,6,125,1,3,5,1,5
2016010002765,1,19,0,18,0,0,0,0,0,0,3,1,6,1,60,9,-1,-1,-1,3,1,3
2016010002767,1,9,0,3,0,6,0,0,0,0,3,1,6,1,40,7,2191,2,3,7,1,7
2016010002767,2,3,0,18,0,1,0,0,0,0,3,1,2,1,45,7,124,1,-1,3,1,3
2016010002771,1,9,0,1,-1,-1,0,0,0,0,2,1,6,3,-1,-1,-1,-1,-1,-1,-1,-1
2016010002772,1,9,0,3,0,1,0,0,0,0,2,1,6,1,57,9,2149,2,9,5,1,5
2016010002772,2,9,0,14,0,1,0,0,0,0,1,1,1,1,21,5,2179,2,3,4,1,4
2016010002773,1,9,0,8,0,4,0,0,0,0,2,1,2,1,42,7,1298,1,13,3,1,3
2016010002773,2,19,0,18,0,1,0,0,0,0,1,1,6,1,25,5,1968,2,-1,-1,-1,-1
2016010002774,1,9,0,3,0,4,0,0,7,0,2,1,2,2,26,6,999,1,8,5,1,5
2016010002774,2,19,0,18,0,4,2,0,0,0,1,1,2,1,25,5,2198,2,2,6,1,6
2016010002776,1,9,0,3,0,1,0,0,0,0,1,1,6,1,44,7,1999,1,8,2,1,2
2016010002780,1,19,0,1,9,0,0,0,0,0,2,1,1,1,34,6,2143,2,2,4,1,4
2016010002782,1,9,0,4,0,2,0,0,0,0,4,1,1,2,25,5,1998,1,-1,6,1,6
2016010002782,2,4,0,18,0,2,0,10,0,0,1,1,1,1,46,8,1130,1,11,5,1,5
2016010002785,1,9,0,18,0,1,0,0,0,0,3,1,1,2,34,6,-1,-1,-1,-1,1,-1
2016010002786,1,9,-1,-1,-1,0,-1,-1,-1,-1,-1,-1,6,1,-1,-1,-1,-1,-1,-1,-1,-1
2016010002786,2,9,-1,-1,-1,0,-1,-1,-1,-1,-1,-1,6,3,-1,-1,-1,-1,-1,-1,-1,-1
2016010002787,1,3,0,14,0,0,0,0,0,0,4,1,6,2,26,6,124,1,10,5,1,5
2016010002787,2,8,0,6,0,0,0,0,0,0,3,1,1,1,40,7,2143,2,4,10,1,10
2016010002801,1,5,0,18,0,1,2,0,0,0,0,1,2,1,48,8,800,1,37,3,2,3
2016010002814,1,19,0,18,0,8,0,0,0,0,3,1,1,1,28,6,2198,2,-1,2,1,2
2016010002814,2,9,0,18,0,8,1,10,1,0,4,1,1,1,49,8,1997,2,3,2,1,2
2016010002816,1,9,0,18,0,0,0,0,0,0,1,1,6,2,27,6,999,1,15,9,2,9
2016010002820,1,9,0,5,0,0,0,0,0,0,4,1,6,2,29,6,-1,-1,-1,-1,1,-1
2016010002820,2,20,4,18,0,0,0,0,0,0,1,2,1,1,43,7,-1,-1,-1,-1,-1,-1
2016010002824,1,3,0,14,0,0,1,0,0,0,1,1,1,1,36,7,125,1,2,2,1,2
2016010002824,2,9,0,5,0,0,0,0,0,0,1,2,6,2,44,7,2143,2,2,8,1,8
2016010002825,1,9,0,18,0,1,-1,-1,3,0,-1,-1,6,3,-1,-1,-1,-1,-1,-1,-1,-1
2016010002825,2,1,0,18,0,1,0,0,0,0,2,1,6,1,20,4,-1,-1,-1,-1,1,-1
2016010002827,1,9,0,10,0,0,0,0,0,0,1,1,6,2,36,7,-1,-1,-1,-1,1,-1
2016010002827,2,19,0,18,0,0,0,0,0,0,4,1,2,1,49,8,-1,-1,-1,-1,1,-1
2016010002828,1,5,0,14,0,0,0,0,0,0,4,1,2,1,22,5,660,1,24,4,1,4
2016010002829,1,4,0,18,0,5,0,0,0,0,3,1,6,1,21,5,649,1,-1,2,1,2
2016010002829,2,9,0,7,0,5,0,0,0,0,4,2,6,1,58,9,1686,2,1,4,1,4
2016010002830,1,9,0,9,0,8,0,0,0,0,1,1,6,1,-1,-1,-1,-1,-1,-1,-1,-1
2016010002834,1,19,0,18,0,2,0,0,0,0,1,1,1,1,25,5,-1,-1,-1,6,1,6
2016010002834,2,3,0,14,0,2,0,0,0,0,4,1,2,1,37,7,125,1,2,1,1,1
2016010002835,1,11,0,3,0,1,0,0,0,0,0,1,1,1,53,8,3900,2,11,6,1,6
2016010002836,1,3,0,18,2,2,0,0,0,0,1,1,2,1,23,5,125,1,1,10,1,10
2016010002837,1,11,0,18,0,1,0,0,0,0,0,1,1,1,43,7,9000,2,7,6,1,6
2016010002837,2,9,0,18,0,6,0,0,0,0,0,1,6,3,-1,-1,1598,1,4,-1,-1,-1
2016010002838,1,11,0,4,0,0,0,0,0,0,0,1,6,1,55,8,4500,2,-1,4,1,4
2016010002840,1,9,0,9,0,6,0,0,0,0,1,1,1,1,40,7,1798,8,-1,5,1,5
2016010002840,2,11,0,18,0,2,0,0,0,0,1,1,1,1,56,9,6700,2,8,-1,-1,-1
2016010002842,1,8,0,9,0,6,0,0,0,0,3,1,1,1,45,7,1797,8,5,5,1,5
2016010002843,1,9,0,12,0,1,0,0,0,0,2,1,6,1,26,6,2993,2,5,4,1,4
2016010002843,2,9,0,18,0,1,0,0,0,0,3,1,6,1,39,7,2143,2,3,7,1,7
2016010002845,1,9,0,9,0,1,0,0,0,0,1,1,1,1,43,7,1390,1,15,6,1,6
2016010002845,2,3,0,18,0,2,0,0,1,0,3,1,1,1,20,4,124,1,1,6,1,6
2016010002846,1,4,0,18,0,0,1,0,0,0,1,1,6,3,-1,-1,-1,-1,-1,-1,-1,-1
2016010002846,2,1,0,18,0,0,0,0,0,0,1,1,6,1,39,7,-1,-1,-1,-1,1,-1
2016010002847,1,2,0,4,0,0,0,0,0,0,2,1,1,1,19,4,-1,-1,-1,-1,1,-1
2016010002847,2,9,0,18,0,0,0,0,0,0,1,2,6,3,-1,-1,-1,-1,-1,-1,-1,-1
2016010002849,1,19,0,18,0,8,0,0,0,0,3,1,1,1,34,6,2402,2,12,2,1,2
2016010002850,1,5,0,14,0,0,0,7,0,0,1,1,2,1,61,9,900,1,18,10,1,10
2016010002851,1,8,0,13,0,1,0,0,0,0,1,1,1,1,52,8,1968,2,1,3,1,3
2016010002852,1,5,0,13,0,1,1,0,2,7,1,1,6,1,33,6,-1,-1,-1,-1,1,-1
2016010002853,1,9,0,18,0,7,0,0,0,0,1,1,6,1,51,8,1595,1,16,8,1,8
2016010002853,2,9,0,18,0,7,0,0,0,0,1,1,6,1,55,8,1984,1,12,5,1,5
2016010002853,3,9,0,18,0,7,0,0,0,0,2,1,6,1,34,6,1968,2,3,5,1,5
2016010002854,1,9,0,18,0,0,0,0,0,0,3,2,6,2,36,7,2987,2,5,1,1,1
2016010002857,1,4,0,18,0,0,0,0,0,0,0,1,6,1,21,5,-1,-1,-1,2,1,2
2016010002858,1,9,0,11,0,0,0,0,1,4,1,1,6,1,37,7,1596,1,9,1,1,1
2016010002858,2,9,0,18,0,0,0,0,0,0,3,1,6,1,46,8,1497,8,7,1,1,1
2016010002859,1,9,0,5,0,1,0,0,0,0,1,1,6,1,36,7,999,1,5,5,1,5
2016010002860,1,9,0,9,0,8,0,0,0,0,1,1,6,3,-1,-1,-1,-1,-1,-1,-1,-1
2016010002860,2,1,0,18,0,1,0,0,0,0,1,1,6,1,27,6,-1,-1,-1,-1,-1,-1
2016010002861,1,9,0,18,0,2,0,0,0,0,1,1,6,1,43,7,1497,8,9,3,1,3
2016010002862,1,9,0,7,0,8,0,0,0,0,1,1,6,1,16,4,-1,-1,-1,-1,-1,-1
2016010002864,1,11,0,18,0,2,1,0,0,0,1,1,1,1,50,8,6692,2,6,3,1,3
2016010002864,2,9,0,18,0,2,0,0,0,0,2,1,6,1,27,6,999,1,2,1,1,1