Accident_Index,Vehicle_Reference,Vehicle_Type,Towing_and_Articulation,Vehicle_Manoeuvre,Vehicle_Location-Restricted_Lane,Junction_Location,Skidding_and_Overturning,Hit_Object_in_Carriageway,Vehicle_Leaving_Carriageway,Hit_Object_off_Carriageway,1st_Point_of_Impact,Was_Vehicle_Left_Hand_Drive?,Journey_Purpose_of_Driver,Sex_of_Driver,Age_of_Driver,Age_Band_of_Driver,Engine_Capacity_(CC),Propulsion_Code,Age_of_Vehicle,Driver_IMD_Decile,Driver_Home_Area_Type,Vehicle_IMD_Decile
2016010004153,1,9,0,9,0,6,0,0,0,0,1,1,2,2,24,5,1997,1,10,5,1,5
2016010004156,1,9,0,3,0,1,0,0,0,0,3,1,6,2,28,6,1399,1,8,3,1,3
2016010004156,2,1,0,18,0,1,0,8,0,0,4,1,6,1,42,7,-1,-1,-1,3,1,3
2016010004160,1,9,0,9,0,6,0,0,0,0,1,1,6,1,54,8,1998,1,7,2,1,2
2016010004160,2,1,0,18,4,1,0,0,0,0,1,1,2,1,54,8,-1,-1,-1,4,1,4
2016010004161,1,4,0,18,0,2,0,0,0,0,1,1,6,2,27,6,124,1,6,3,1,3
2016010004161,2,9,0,18,0,2,0,0,0,0,2,1,2,2,49,8,1896,2,8,3,1,3
2016010004166,1,19,-1,9,0,1,-1,-1,-1,0,4,-1,2,1,50,8,2464,2,9,7,1,7
2016010004166,2,9,-1,-1,0,1,0,-1,-1,0,3,-1,6,1,17,4,1395,1,3,10,1,10
2016010004168,1,9,0,5,0,1,0,0,0,0,1,1,6,1,58,9,2393,1,16,9,1,9
2016010004170,1,3,0,5,0,8,0,0,0,0,3,1,2,1,51,8,125,1,8,5,1,5
2016010004170,2,9,0,7,0,8,0,0,0,0,4,1,6,3,-1,-1,-1,-1,-1,-1,-1,-1
2016010004172,1,9,0,4,0,0,0,0,0,0,2,1,2,1,28,6,1390,1,10,8,1,8
2016010004172,2,2,0,4,0,0,2,0,0,0,1,1,1,1,45,7,124,1,-1,8,1,8
2016010004174,1,8,0,18,0,1,0,0,0,0,0,1,6,3,-1,-1,-1,-1,-1,-1,-1,-1
2016010004175,1,9,-1,-1,-1,-1,-1,-1,-1,-1,-1,-1,6,1,17,4,-1,-1,-1,-1,1,-1
2016010004177,1,1,0,18,0,1,0,0,0,0,1,1,1,1,44,7,-1,-1,-1,3,1,3
2016010004177,2,9,0,9,0,7,0,0,0,0,1,1,2,2,56,9,1598,1,6,5,1,5
2016010004178,1,5,0,18,0,0,0,0,0,0,4,1,2,1,39,7,1255,1,4,9,1,9
2016010004178,2,9,0,12,0,0,0,0,0,0,3,1,2,1,19,4,1995,2,11,4,1,4
2016010004180,1,9,0,18,0,1,0,0,0,0,2,1,2,1,23,5,1995,2,5,9,1,9
2016010004180,2,9,0,6,0,2,1,0,0,0,1,1,6,1,17,4,2982,2,6,-1,-1,-1
2016010004181,1,9,0,18,0,0,0,0,0,0,3,1,1,1,38,7,1498,1,10,6,1,6
2016010004184,1,9,-1,-1,-1,-1,-1,-1,-1,-1,-1,-1,6,2,17,4,-1,-1,-1,-1,-1,-1
2016010004184,2,1,-1,-1,-1,-1,-1,-1,-1,-1,-1,1,6,2,52,8,-1,-1,-1,-1,1,-1
2016010004185,1,1,-1,18,0,5,0,-1,0,0,1,1,6,1,53,8,-1,-1,-1,4,1,4
2016010004188,1,19,0,18,0,1,0,0,0,0,1,1,1,1,84,11,1997,2,10,3,1,3
2016010004194,1,9,-1,8,0,-1,0,-1,0,0,-1,-1,6,1,17,4,1995,2,-1,-1,-1,-1
2016010004194,2,1,-1,18,0,-1,-1,0,0,0,1,1,2,1,24,5,-1,-1,-1,5,1,5
2016010004197,1,9,0,9,0,1,0,0,7,0,3,1,6,1,42,7,1598,1,10,4,1,4
2016010004198,1,9,0,10,0,5,0,0,7,0,1,1,1,1,42,7,-1,-1,-1,-1,-1,-1
2016010004198,2,9,0,14,0,8,0,0,1,5,1,1,6,1,47,8,1061,1,11,3,1,3
2016010004199,1,9,0,3,0,8,0,0,0,0,2,1,6,1,42,7,1968,2,11,4,1,4
2016010004199,2,9,0,-1,0,8,-1,0,0,0,1,-1,6,3,-1,-1,1995,2,3,-1,-1,-1
2016010004201,1,9,-1,18,-1,-1,-1,0,0,0,-1,-1,6,2,54,8,-1,-1,-1,-1,1,-1
2016010004201,2,9,-1,18,-1,-1,0,0,0,0,2,-1,6,1,26,6,-1,-1,-1,-1,-1,-1
2016010004202,1,9,0,9,0,6,0,0,0,0,1,1,2,2,36,7,-1,-1,-1,9,1,9
2016010004202,2,9,0,18,0,8,0,0,0,0,3,1,6,1,69,10,1595,1,12,9,1,9
2016010004203,1,9,0,7,0,1,0,0,0,0,4,1,6,1,82,11,1298,1,14,-1,-1,-1
2016010004203,2,4,0,8,0,1,0,0,0,0,4,1,1,1,29,6,125,1,2,1,1,1
2016010004206,1,5,0,18,0,2,0,0,0,0,4,1,6,1,58,9,1352,1,5,3,1,3
2016010004206,2,19,0,6,0,2,0,0,0,0,2,1,2,1,28,6,2402,2,7,5,1,5
2016010004208,1,9,0,18,0,6,0,0,0,0,1,1,6,1,42,7,1197,1,5,1,1,1
2016010004209,1,9,0,13,0,1,0,0,0,0,0,1,1,1,63,9,1896,2,7,4,3,4
2016010004209,2,3,0,18,0,1,0,0,0,0,0,1,6,1,26,6,109,1,3,8,1,8
2016010004213,1,11,0,18,0,8,0,0,0,0,0,1,1,1,32,6,4500,2,1,4,1,4
2016010004215,1,9,0,7,0,1,0,0,0,0,1,1,6,3,-1,-1,-1,-1,-1,-1,-1,-1
2016010004216,1,9,0,18,0,3,0,0,0,0,1,1,6,2,34,6,1386,1,12,6,1,6
2016010004216,2,9,0,18,0,3,0,0,0,0,2,1,6,2,39,7,1597,2,2,3,1,3
2016010004218,1,9,-1,1,-1,0,0,0,-1,0,2,-1,6,1,26,6,-1,-1,-1,-1,1,-1
2016010004218,2,9,-1,1,-1,0,0,0,-1,0,1,-1,6,1,32,6,-1,-1,-1,-1,1,-1
2016010004220,1,1,0,18,0,8,0,0,0,0,1,1,6,2,23,5,-1,-1,-1,3,1,3
2016010004220,2,8,0,7,0,8,0,0,0,0,4,2,6,1,36,7,1997,2,2,4,1,4
2016010004225,1,9,0,9,0,1,0,0,0,0,1,1,6,1,36,7,-1,-1,-1,3,1,3
2016010004225,2,3,0,4,0,1,0,0,0,0,1,1,6,1,30,6,124,1,7,4,1,4
2016010004226,1,8,-1,-1,-1,-1,-1,-1,-1,-1,-1,-1,6,3,-1,-1,-1,-1,-1,-1,-1,-1
2016010004227,1,9,0,7,0,8,0,0,0,0,0,1,2,1,22,5,-1,-1,-1,-1,1,-1
2016010004227,2,2,0,18,0,8,0,0,0,0,0,1,4,1,16,4,-1,-1,-1,-1,1,-1
2016010004229,1,9,0,7,0,5,0,0,0,0,4,1,6,3,-1,-1,1299,1,13,-1,-1,-1
2016010004229,2,1,0,18,0,1,0,0,0,0,2,1,6,1,23,5,-1,-1,-1,5,1,5
2016010004231,1,9,0,9,0,3,0,7,0,0,1,1,1,1,31,6,-1,-1,-1,-1,1,-1
2016010004231,2,9,0,18,0,3,0,0,0,0,1,1,1,1,26,6,-1,-1,-1,-1,1,-1
2016010004231,3,9,0,8,0,1,0,0,0,0,1,1,1,1,32,6,-1,-1,-1,-1,1,-1
2016010004236,1,9,-1,18,-1,-1,-1,-1,0,0,2,-1,6,1,38,7,-1,-1,-1,-1,1,-1
2016010004236,2,9,-1,-1,-1,-1,-1,-1,-1,-1,-1,-1,6,3,-1,-1,-1,-1,-1,-1,-1,-1
2016010004238,1,19,0,18,0,0,0,0,0,0,1,1,1,1,41,7,1996,2,2,6,1,6
2016010004238,2,9,0,18,0,0,1,7,0,0,4,1,2,1,53,8,1995,2,12,4,1,4
2016010004240,1,1,0,18,0,8,0,0,0,0,3,1,6,1,63,9,-1,-1,-1,-1,1,-1
2016010004240,2,9,0,7,0,8,0,0,0,0,4,1,6,1,17,4,-1,-1,-1,-1,-1,-1
2016010004244,1,5,0,18,0,0,0,0,0,0,4,1,1,1,30,6,-1,-1,-1,7,1,7
2016010004244,2,19,0,9,0,0,0,0,0,0,4,1,1,1,37,7,-1,-1,-1,2,1,2
2016010004249,1,9,0,5,2,6,0,0,0,0,4,1,6,1,28,6,1598,2,2,4,1,4
2016010004249,2,1,0,7,4,8,0,0,0,0,1,1,1,1,28,6,-1,-1,-1,-1,-1,-1
2016010004253,1,9,0,18,0,0,0,0,0,0,1,1,6,3,-1,-1,-1,-1,-1,-1,-1,-1
2016010004259,1,21,0,3,0,1,0,0,0,0,1,1,1,1,30,6,6370,2,8,5,1,5
2016010004259,2,3,0,9,0,5,0,0,0,0,4,1,1,1,18,4,109,1,-1,3,1,3
2016010004266,1,8,0,6,0,6,0,0,0,0,3,1,1,1,55,8,2402,2,12,4,1,4
2016010004266,2,5,0,14,0,1,0,0,0,0,1,1,2,1,22,5,645,1,7,5,1,5
2016010004267,1,11,0,3,0,1,0,0,0,0,0,1,1,2,62,9,6692,2,6,3,1,3
2016010004269,1,19,0,18,0,1,0,0,0,0,1,1,2,1,25,5,-1,-1,-1,8,1,8
2016010004269,2,19,0,9,0,1,0,0,0,0,1,1,1,1,31,6,-1,-1,-1,4,1,4
2016010004270,1,9,0,18,0,0,0,0,0,0,1,1,6,3,-1,-1,-1,-1,-1,-1,-1,-1
2016010004271,1,1,0,18,0,8,0,0,0,0,4,1,2,2,58,9,-1,-1,-1,7,1,7
2016010004271,2,9,0,7,0,8,0,0,0,0,0,1,6,3,-1,-1,-1,-1,-1,-1,-1,-1
2016010004272,1,9,0,18,0,1,0,0,0,0,1,1,6,2,65,9,3456,8,6,9,1,9
2016010004273,1,11,0,5,2,0,0,0,0,0,1,2,6,1,51,8,-1,3,-1,2,1,2
2016010004275,1,9,0,18,0,1,0,0,0,0,1,1,6,1,86,11,1951,2,13,9,1,9
2016010004276,1,9,0,9,9,6,1,11,0,0,4,1,6,2,49,8,2295,1,16,3,1,3
2016010004277,1,9,0,18,0,1,0,0,0,0,3,1,6,2,29,6,1796,1,8,7,1,7
2016010004278,1,19,0,5,0,1,0,0,0,0,1,1,1,1,24,5,1753,2,11,3,1,3
2016010004279,1,21,1,5,0,2,0,0,0,0,1,1,6,3,-1,-1,-1,-1,-1,-1,-1,-1
2016010004280,1,11,0,5,0,1,0,0,0,0,0,1,1,1,52,8,6700,2,4,6,1,6
2016010004281,1,5,0,4,0,0,0,0,0,0,0,1,6,1,28,6,599,1,25,4,1,4
2016010004281,2,90,0,18,0,0,0,0,0,0,1,1,6,3,-1,-1,-1,-1,-1,-1,-1,-1
2016010004282,1,9,0,3,0,1,0,0,0,0,2,2,6,1,28,6,-1,-1,-1,5,1,5
2016010004282,2,2,0,14,0,1,0,4,0,0,1,1,1,1,21,5,108,1,2,2,1,2
2016010004283,1,9,0,5,0,2,1,0,1,2,1,1,2,1,25,5,2979,1,1,3,1,3
2016010004284,1,9,0,18,0,0,0,0,0,0,1,1,6,1,43,7,-1,-1,-1,2,1,2
2016010004284,2,2,0,15,0,0,1,0,0,0,1,1,2,1,47,8,278,1,-1,-1,-1,-1
2016010004286,1,9,0,7,2,5,0,0,3,0,1,1,6,1,23,5,1995,2,10,5,1,5
2016010004286,2,3,0,7,2,5,2,0,3,0,1,1,6,2,31,6,125,1,4,9,1,9
2016010004287,1,9,0,3,0,8,0,0,0,0,2,1,6,1,71,10,1597,1,15,2,1,2
2016010004287,2,9,3,5,0,8,0,0,0,0,1,1,6,1,28,6,2143,2,1,3,1,3
2016010004288,1,4,0,18,0,1,1,0,0,0,0,1,6,1,21,5,108,1,1,3,1,3
2016010004290,1,9,0,18,0,0,0,0,0,0,1,1,2,1,43,7,1995,2,2,7,1,7
2016010004291,1,9,0,18,0,0,0,7,0,0,4,1,6,1,21,5,1242,1,7,6,1,6
2016010004292,1,9,0,9,0,8,0,0,0,0,1,1,6,1,26,6,1395,1,-1,3,1,3
2016010004293,1,9,0,10,0,1,0,0,0,0,2,1,6,2,20,4,1299,1,12,10,1,10
2016010004293,2,9,0,18,0,1,0,0,0,0,1,1,6,1,38,7,1596,1,9,9,1,9
2016010004294,1,3,0,18,0,8,0,0,0,0,1,1,1,1,21,5,-1,-1,-1,4,1,4
2016010004294,2,9,0,18,0,8,0,0,0,0,4,1,6,1,44,7,1968,2,4,8,1,8
2016010004295,1,9,0,4,9,2,0,0,2,10,1,1,6,1,89,11,1598,1,17,5,1,5
2016010004296,1,9,0,9,0,5,0,0,0,0,1,1,6,1,60,9,1948,1,20,9,1,9
2016010004296,2,1,0,18,0,8,0,0,0,0,1,1,2,1,25,5,-1,-1,-1,2,1,2
2016010004298,1,9,0,18,0,1,0,0,0,0,3,1,6,2,41,7,1296,1,8,5,1,5
2016010004298,2,4,0,18,0,1,0,0,0,0,1,1,6,3,-1,-1,125,1,1,-1,-1,-1
2016010004299,1,9,0,5,0,0,0,0,0,0,1,1,6,1,46,8,1248,2,8,4,1,4
2016010004299,2,3,0,18,0,0,1,0,0,0,0,1,6,1,23,5,109,1,2,4,1,4
2016010004300,1,3,0,18,0,1,5,0,0,0,1,1,1,1,60,9,125,1,1,2,1,2
2016010004300,2,1,0,18,0,1,0,0,0,0,1,1,6,1,27,6,-1,-1,-1,2,1,2
2016010004301,1,11,0,2,0,1,0,0,0,0,0,1,6,3,-1,-1,4500,2,2,-1,-1,-1
2016010004302,1,4,0,18,0,2,1,0,0,0,0,1,2,1,32,6,-1,-1,-1,2,1,2
2016010004305,1,9,0,18,0,0,0,0,0,0,4,1,6,1,34,6,1596,1,10,8,1,8
2016010004305,2,21,1,12,0,0,0,0,0,0,3,2,1,1,35,6,-1,-1,-1,-1,-1,-1
2016010004306,1,9,0,18,0,0,1,7,8,10,1,1,6,1,28,6,1968,2,8,6,1,6
2016010004307,1,9,0,9,0,5,0,0,0,0,3,1,2,1,26,6,2993,2,3,2,1,2
2016010004307,2,3,0,13,0,5,2,0,0,0,1,1,1,1,17,4,125,1,5,2,1,2
2016010004309,1,9,0,18,0,1,0,0,0,0,4,1,1,2,29,6,1388,1,7,4,1,4
2016010004310,1,9,0,3,0,8,0,0,0,0,2,1,6,2,49,8,1586,1,6,7,1,7
2016010004310,2,9,0,18,0,8,0,0,0,0,1,1,6,2,74,10,1598,1,6,8,1,8
2016010004312,1,11,0,17,0,1,0,0,0,0,1,1,1,1,58,9,6700,2,6,3,1,3
2016010004313,1,4,0,18,0,0,0,0,0,0,1,1,6,1,23,5,471,1,3,2,1,2
2016010004313,2,9,0,18,0,0,0,0,0,0,2,1,6,1,21,5,1560,2,9,3,1,3
2016010004313,3,9,0,18,0,0,0,0,0,0,1,1,6,1,49,8,1362,1,3,2,1,2
2016010004315,1,9,0,4,0,2,0,0,0,0,2,1,2,1,38,7,1596,1,12,2,1,2
2016010004315,2,9,0,4,0,2,0,0,0,0,1,1,6,2,66,10,1198,1,1,8,1,8
2016010004316,1,9,0,13,0,1,0,0,7,0,1,1,2,1,32,6,1339,1,6,3,1,3
2016010004316,2,8,0,9,0,1,0,0,0,0,1,1,1,1,38,7,1797,8,6,4,1,4
2016010004318,1,8,0,18,0,0,0,0,0,0,1,1,1,1,60,9,1997,2,2,1,1,1
2016010004318,2,8,0,18,0,0,0,0,0,0,2,1,1,1,27,6,1797,8,3,4,1,4
2016010004318,3,19,0,18,0,0,0,0,0,0,2,1,1,1,46,8,2198,2,1,3,1,3
2016010004319,1,9,0,18,0,0,1,10,2,10,4,1,6,1,34,6,-1,-1,-1,-1,1,-1
2016010004322,1,11,0,3,0,2,0,0,0,0,0,1,1,1,46,8,6700,2,9,5,1,5
2016010004324,1,9,0,18,0,1,1,0,0,0,2,1,6,2,34,6,2993,2,5,9,1,9
2016010004324,2,9,0,18,0,1,0,0,0,0,2,1,6,2,53,8,1997,2,4,6,1,6
2016010004326,1,3,0,18,5,1,0,0,0,0,1,1,6,3,-1,-1,-1,-1,-1,-1,-1,-1
2016010004327,1,1,0,18,0,-1,0,0,0,0,3,1,6,1,36,7,-1,-1,-1,2,1,2
2016010004327,2,9,-1,13,0,1,0,0,0,0,-1,-1,6,1,36,7,-1,-1,-1,-1,-1,-1
2016010004328,1,9,0,-1,0,0,-1,0,0,0,4,-1,3,1,39,7,1797,8,6,2,1,2
2016010004328,2,19,-1,-1,0,0,-1,-1,0,0,-1,-1,6,2,17,4,-1,-1,-1,-1,-1,-1
2016010004334,1,9,0,3,0,2,0,0,0,0,4,1,1,1,33,6,1797,8,5,6,1,6
2016010004334,2,1,0,18,0,5,0,0,0,0,1,1,2,1,39,7,-1,-1,-1,3,1,3
2016010004345,1,3,0,18,0,1,2,0,0,0,1,1,6,1,22,5,124,1,7,2,1,2
2016010004351,1,9,-1,-1,-1,-1,-1,-1,-1,-1,-1,-1,6,1,36,7,-1,-1,-1,-1,-1,-1
2016010004351,2,9,-1,-1,-1,-1,-1,-1,-1,-1,-1,-1,6,1,17,4,-1,-1,-1,-1,-1,-1
2016010004355,1,1,-1,18,0,4,-1,0,0,0,1,1,6,1,20,4,-1,-1,-1,6,1,6
2016010004355,2,9,-1,18,0,4,-1,-1,0,0,-1,-1,6,1,17,4,1769,1,10,3,1,3
2016010004357,1,9,0,18,0,8,0,0,0,0,-1,1,6,1,26,6,1798,1,6,6,1,6
2016010004358,1,9,0,3,0,1,0,0,0,0,4,1,1,1,53,8,-1,-1,-1,8,3,8
2016010004366,1,9,0,11,0,0,0,0,0,0,3,1,3,1,49,8,-1,-1,-1,4,1,4
2016010004368,1,19,0,9,0,1,0,0,0,0,1,1,2,1,50,8,2143,2,5,9,3,9
2016010004368,2,3,0,14,0,1,0,0,0,0,1,1,2,1,34,6,108,1,-1,5,1,5
2016010004369,1,19,0,2,0,1,0,11,0,0,3,1,6,3,-1,-1,2299,2,3,-1,-1,-1
2016010004369,2,1,0,14,0,1,0,11,0,0,4,1,2,1,27,6,-1,-1,-1,3,1,3
2016010004370,1,9,-1,-1,-1,-1,-1,-1,-1,-1,-1,-1,6,1,47,8,-1,-1,-1,-1,2,-1
2016010004374,1,5,0,18,0,1,0,0,0,0,1,1,2,1,25,5,649,1,1,6,1,6
2016010004374,2,9,0,9,0,5,0,0,0,0,4,1,6,1,40,7,2993,2,6,8,1,8
2016010004375,1,1,-1,18,-1,-1,-1,-1,-1,-1,-1,1,6,1,33,6,-1,-1,-1,-1,1,-1
2016010004375,2,9,-1,-1,-1,-1,-1,-1,-1,-1,-1,-1,1,1,-1,-1,-1,-1,-1,-1,1,-1
2016010004379,1,1,0,18,0,0,0,0,0,0,1,1,2,1,42,7,-1,-1,-1,9,1,9
2016010004381,1,9,-1,-1,-1,-1,-1,-1,-1,-1,-1,-1,6,1,17,4,-1,-1,-1,-1,-1,-1
2016010004388,1,8,0,3,0,0,0,0,0,0,0,2,6,1,70,10,-1,-1,-1,4,1,4
2016010004392,1,1,-1,-1,-1,5,-1,-1,-1,-1,3,1,2,2,53,8,-1,-1,-1,-1,1,-1
2016010004394,1,9,0,18,0,0,0,0,0,0,0,1,1,1,36,7,-1,-1,-1,-1,1,-1
2016010004394,2,9,0,13,0,0,0,4,0,0,1,1,6,1,27,6,-1,-1,-1,-1,1,-1
2016010004394,3,9,0,9,0,0,0,0,0,0,1,1,6,1,26,6,-1,-1,-1,-1,1,-1
2016010004394,4,9,0,2,0,0,0,0,0,0,2,1,6,3,-1,-1,-1,-1,-1,-1,-1,-1
2016010004394,5,9,0,2,0,0,0,0,0,0,4,1,6,3,-1,-1,-1,-1,-1,-1,-1,-1
2016010004394,6,9,0,2,0,0,0,0,0,0,1,1,6,3,-1,-1,-1,-1,-1,-1,-1,-1
2016010004395,1,9,0,18,0,0,0,0,0,0,4,1,2,2,24,5,999,1,1,7,1,7
2016010004401,1,9,0,18,0,8,0,0,0,0,1,2,3,1,41,7,-1,-1,-1,-1,1,-1
2016010004401,2,9,0,18,0,1,0,0,0,0,3,1,3,2,42,7,-1,-1,-1,-1,1,-1
2016010004409,1,9,0,6,0,2,0,0,0,0,3,1,6,1,33,6,-1,-1,-1,2,1,2
2016010004409,2,3,0,18,0,2,0,0,0,0,1,1,6,1,35,6,125,1,2,1,1,1
2016010004410,1,3,0,18,0,1,0,0,0,0,1,1,2,1,40,7,124,1,8,2,1,2
2016010004411,1,11,0,5,0,0,0,0,0,0,1,1,1,1,36,7,5132,2,1,2,1,2
2016010004411,2,1,0,18,0,0,0,0,0,0,4,1,6,2,22,5,-1,-1,-1,-1,-1,-1
2016010004413,1,9,0,4,0,0,0,0,0,0,0,1,6,2,57,9,1598,1,19,1,1,1
2016010004413,2,9,0,3,0,0,0,0,0,0,2,1,6,2,62,9,1997,2,7,2,1,2
2016010004413,3,19,0,3,0,0,0,0,0,0,1,1,1,1,30,6,1870,2,11,3,1,3
2016010004416,1,2,0,18,0,1,1,0,0,0,0,1,6,1,34,6,49,1,8,3,1,3
2016010004416,2,9,0,6,0,1,0,0,0,0,0,2,6,1,46,8,1797,8,6,-1,-1,-1
2016010004418,1,9,-1,18,0,-1,-1,-1,0,0,-1,-1,6,1,27,6,1598,1,7,9,1,9
2016010004418,2,90,-1,18,0,-1,-1,-1,-1,-1,-1,-1,6,1,17,4,-1,-1,-1,-1,-1,-1
2016010004423,1,11,0,18,0,2,0,0,0,0,0,1,1,1,41,7,4500,2,6,1,1,1
2016010004424,1,2,0,4,0,1,1,0,0,0,1,1,1,1,35,6,125,1,4,5,1,5
2016010004424,2,9,0,10,0,1,0,0,0,0,1,1,1,1,45,7,1248,1,-1,6,1,6
2016010004425,1,9,0,7,0,5,0,0,0,0,1,1,2,1,31,6,-1,-1,-1,8,1,8
2016010004426,1,11,0,18,2,0,0,0,0,0,3,1,1,1,45,7,9360,2,6,3,1,3
2016010004426,2,9,0,18,0,0,0,0,0,0,1,1,2,1,63,9,1995,2,12,4,1,4
2016010004428,1,9,0,7,0,4,0,0,0,0,1,1,2,2,26,6,-1,-1,-1,-1,1,-1
2016010004428,2,1,0,17,0,8,0,0,0,0,4,1,6,1,51,8,-1,-1,-1,-1,1,-1
2016010004429,1,1,-1,18,-1,1,-1,-1,-1,-1,-1,1,6,1,40,7,-1,-1,-1,-1,1,-1
2016010004429,2,8,-1,4,-1,1,-1,-1,-1,-1,-1,-1,6,1,17,4,-1,-1,-1,-1,-1,-1
2016010004431,1,1,0,-1,0,-1,0,-1,0,0,1,1,6,1,40,7,-1,-1,-1,7,1,7
2016010004431,2,9,-1,-1,0,2,-1,-1,-1,-1,1,-1,6,1,55,8,1596,1,10,2,1,2
2016010004436,1,11,0,18,0,8,0,0,0,0,1,2,6,1,24,5,-1,-1,-1,-1,1,-1
2016010004436,2,1,0,7,0,8,0,0,0,0,3,1,2,1,55,8,-1,-1,-1,-1,1,-1
2016010004440,1,3,0,4,0,0,0,0,0,0,1,1,6,1,20,4,125,1,8,3,1,3
2016010004440,2,9,0,1,0,0,0,4,0,0,2,1,2,1,33,6,1995,2,10,5,1,5
2016010004444,1,90,0,18,0,8,0,0,0,0,1,1,6,1,23,5,2148,2,7,-1,-1,-1
2016010004444,2,9,0,18,0,8,0,0,0,0,1,1,6,2,57,9,1229,1,9,2,1,2
2016010004448,1,8,0,12,0,2,0,0,0,0,0,1,1,1,45,7,2499,2,7,3,1,3
2016010004448,2,5,0,4,0,2,5,0,0,0,0,1,6,1,49,8,1000,1,6,4,1,4
2016010004450,1,9,0,18,0,1,0,0,0,0,1,1,6,1,30,6,-1,-1,-1,-1,1,-1
2016010004453,1,19,0,4,0,1,0,0,0,0,1,2,2,1,46,8,-1,-1,-1,4,1,4
2016010004457,1,11,0,5,0,0,0,0,0,0,0,1,6,2,56,9,5132,2,1,9,1,9
2016010004458,1,3,0,14,0,8,5,0,0,0,1,1,2,1,41,7,124,1,4,7,1,7
2016010004458,2,19,0,2,0,2,0,0,0,0,2,1,6,3,-1,-1,4764,2,8,-1,-1,-1
2016010004459,1,8,-1,-1,0,-1,0,0,0,0,2,-1,1,1,41,7,2499,2,1,6,1,6
2016010004459,2,9,-1,18,0,8,-1,0,0,0,1,1,6,1,17,4,-1,-1,-1,-1,-1,-1
2016010004461,1,11,0,5,0,8,0,0,0,0,0,1,1,2,53,8,6692,2,5,3,1,3
2016010004462,1,5,-1,3,-1,1,-1,-1,-1,0,-1,1,6,1,30,6,-1,-1,-1,-1,1,-1
2016010004462,2,9,0,-1,-1,1,-1,0,-1,-1,-1,-1,6,3,-1,-1,-1,-1,-1,-1,-1,-1
2016010004472,1,9,0,-1,0,-1,0,-1,0,0,-1,-1,6,3,-1,-1,1796,1,10,-1,-1,-1
2016010004476,1,1,0,17,0,8,0,0,0,0,2,1,6,2,39,7,-1,-1,-1,1,1,1
2016010004476,2,9,0,9,0,8,0,0,0,0,1,-1,6,3,-1,-1,-1,-1,-1,-1,-1,-1
2016010004478,1,9,0,18,0,0,0,0,0,0,2,1,6,1,52,8,2792,1,-1,2,1,2
2016010004478,2,21,1,18,0,0,0,4,0,0,1,1,1,1,49,8,11946,2,4,7,1,7
2016010004479,1,8,0,3,0,0,0,0,0,0,2,1,6,1,49,8,-1,-1,-1,-1,1,-1
2016010004479,2,9,0,18,0,0,0,0,0,0,1,1,6,3,-1,-1,-1,-1,-1,-1,-1,-1
2016010004480,1,9,0,3,0,2,0,0,0,0,2,1,6,2,21,5,1686,2,5,2,1,2
2016010004480,2,9,0,5,0,2,0,0,0,0,1,1,6,2,55,8,998,1,9,4,1,4
2016010004482,1,9,0,5,9,2,0,4,7,10,1,1,6,1,79,11,1600,1,18,6,1,6
2016010004482,2,9,0,2,9,2,0,0,0,0,4,1,6,3,-1,-1,-1,-1,-1,-1,-1,-1
2016010004482,3,9,0,2,9,2,0,0,0,0,4,1,6,3,-1,-1,2143,2,2,-1,-1,-1
2016010004483,1,19,0,18,0,0,0,0,0,0,2,1,1,1,32,6,-1,-1,-1,5,1,5
2016010004483,2,9,0,18,0,0,0,0,0,0,2,1,6,2,31,6,1364,1,12,3,1,3
2016010004483,3,9,0,18,0,0,0,0,0,0,0,1,2,1,31,6,2987,2,9,4,1,4
2016010004484,1,3,0,18,0,1,0,0,0,0,0,1,1,1,24,5,108,1,1,1,1,1
2016010004484,2,9,0,9,0,6,0,0,0,0,0,1,6,3,-1,-1,-1,-1,-1,-1,-1,-1
2016010004485,1,9,0,18,0,1,0,0,0,0,1,1,2,1,21,5,-1,-1,-1,-1,1,-1
2016010004486,1,1,0,9,0,1,0,0,0,0,2,1,6,1,31,6,-1,-1,-1,4,1,4
2016010004486,2,3,0,18,0,1,0,0,0,0,1,1,6,1,-1,-1,124,1,1,2,1,2
2016010004487,1,9,0,5,0,0,0,0,0,0,4,1,6,1,52,8,1596,1,11,4,1,4
2016010004488,1,9,0,5,0,3,0,0,0,0,1,1,2,1,27,6,1124,1,15,8,1,8
2016010004489,1,19,0,4,0,2,0,0,0,0,3,1,1,1,76,11,1461,2,1,10,1,10
2016010004490,1,9,0,3,0,0,0,0,0,0,4,1,6,2,39,7,1999,1,7,4,1,4
2016010004490,2,3,0,15,0,0,0,0,0,0,3,1,6,1,32,6,108,1,1,2,1,2
2016010004491,1,9,0,15,0,8,0,4,0,0,3,1,6,2,23,5,1242,1,7,3,1,3
2016010004491,2,1,0,18,0,8,0,0,0,0,4,1,6,1,30,6,-1,-1,-1,6,1,6
2016010004491,3,9,0,2,0,2,0,0,0,0,0,1,6,3,-1,-1,1686,2,6,-1,-1,-1
2016010004492,1,1,0,18,5,0,0,0,0,0,1,1,6,1,19,4,-1,-1,-1,4,1,4
2016010004493,1,5,0,18,0,0,0,0,0,0,0,1,2,1,61,9,644,1,8,3,1,3
2016010004494,1,9,0,10,0,6,0,0,0,0,1,1,6,1,31,6,1995,2,12,2,1,2
2016010004494,2,5,0,18,0,1,0,0,0,0,1,1,2,1,35,6,1063,1,13,10,1,10
2016010004495,1,9,0,18,0,8,0,0,0,0,1,1,6,1,31,6,1753,2,10,5,1,5
2016010004495,2,9,0,18,0,3,0,0,0,0,1,1,6,2,51,8,1229,1,5,2,1,2