Accident_Index,Vehicle_Reference,Vehicle_Type,Towing_and_Articulation,Vehicle_Manoeuvre,Vehicle_Location-Restricted_Lane,Junction_Location,Skidding_and_Overturning,Hit_Object_in_Carriageway,Vehicle_Leaving_Carriageway,Hit_Object_off_Carriageway,1st_Point_of_Impact,Was_Vehicle_Left_Hand_Drive?,Journey_Purpose_of_Driver,Sex_of_Driver,Age_of_Driver,Age_Band_of_Driver,Engine_Capacity_(CC),Propulsion_Code,Age_of_Vehicle,Driver_IMD_Decile,Driver_Home_Area_Type,Vehicle_IMD_Decile
2016010004496,1,3,0,14,0,2,0,0,0,0,4,1,2,1,25,5,125,1,7,2,1,2
2016010004496,2,9,0,6,0,2,0,0,0,0,3,1,6,1,-1,-1,1896,2,9,-1,-1,-1
2016010004497,1,19,0,6,0,2,0,0,0,0,3,1,6,1,56,9,2198,2,2,5,1,5
2016010004497,2,11,0,18,0,2,0,0,0,0,4,1,1,1,50,8,4500,2,6,5,1,5
2016010004498,1,4,0,18,0,1,2,0,0,0,1,1,1,1,21,5,125,1,7,3,1,3
2016010004498,2,9,0,9,0,1,0,0,0,0,3,1,6,1,28,6,2143,2,5,3,1,3
2016010004499,1,9,0,18,0,8,0,0,0,0,0,1,6,3,-1,-1,2143,2,1,-1,-1,-1
2016010004499,2,2,0,4,0,1,0,0,0,0,0,1,6,2,56,9,50,1,-1,2,1,2
2016010004501,1,9,0,18,0,1,0,0,1,0,1,1,2,1,20,4,1229,1,4,8,1,8
2016010004501,2,9,0,18,0,1,0,0,0,0,1,1,6,1,64,9,2996,1,11,8,1,8
2016010004502,1,9,0,18,0,0,0,0,0,0,1,1,6,1,33,6,1598,2,3,2,1,2
2016010004502,2,9,0,18,0,0,0,0,0,0,1,1,6,3,-1,-1,1600,2,6,-1,-1,-1
2016010004503,1,2,0,13,0,1,5,0,0,0,1,1,6,1,23,5,125,1,8,4,1,4
2016010004503,2,19,0,5,0,1,0,0,0,0,3,1,6,1,34,6,2143,2,3,2,1,2
2016010004504,1,9,0,18,0,1,0,0,0,0,1,1,2,1,62,9,1598,1,13,10,1,10
2016010004504,2,9,0,1,0,1,0,0,0,0,4,1,6,1,39,7,-1,-1,-1,5,1,5
2016010004505,1,8,0,9,0,1,0,0,0,0,1,1,6,1,65,9,1798,8,4,3,1,3
2016010004506,1,9,0,18,0,8,0,7,0,0,3,1,6,1,26,6,-1,-1,-1,3,1,3
2016010004506,2,9,0,9,0,8,0,0,0,0,1,1,6,3,-1,-1,-1,-1,-1,-1,-1,-1
2016010004507,1,9,0,9,0,8,0,0,0,0,1,1,2,1,28,6,1299,1,11,6,1,6
2016010004507,2,1,0,14,0,8,0,0,0,0,1,1,6,2,30,6,-1,-1,-1,7,1,7
2016010004508,1,9,0,18,0,1,0,0,0,0,1,1,6,3,-1,-1,-1,-1,-1,-1,-1,-1
2016010004509,1,2,0,18,0,1,0,0,0,0,1,1,2,1,35,6,124,1,-1,2,1,2
2016010004509,2,9,0,6,0,1,0,0,0,0,4,1,6,1,20,4,1998,1,13,5,1,5
2016010004510,1,9,0,9,0,5,0,0,0,0,1,1,2,1,50,8,2996,1,5,6,1,6
2016010004510,2,3,0,18,0,1,0,0,0,0,1,1,6,1,46,8,124,1,6,6,1,6
2016010004511,1,9,0,18,0,6,0,0,0,0,1,1,6,1,66,10,1591,1,2,7,1,7
2016010004512,1,1,0,4,0,0,0,0,0,0,1,1,1,1,31,6,-1,-1,-1,3,1,3
2016010004512,2,9,0,4,0,0,0,0,1,0,2,1,2,1,69,10,-1,-1,-1,5,1,5
2016010004514,1,9,0,10,0,6,0,0,0,0,1,1,1,1,44,7,-1,-1,-1,5,1,5
2016010004514,2,3,0,18,0,1,0,0,0,0,1,1,2,1,31,6,125,1,4,6,1,6
2016010004515,1,9,0,18,0,0,0,0,0,0,1,1,6,3,-1,-1,-1,-1,-1,-1,-1,-1
2016010004515,2,9,0,18,0,0,0,0,0,0,1,1,1,1,29,6,-1,-1,-1,-1,-1,-1
2016010004515,3,9,0,18,0,0,0,0,0,0,2,1,1,1,42,7,-1,-1,-1,-1,-1,-1
2016010004515,4,9,0,2,0,0,0,0,0,0,1,1,6,3,-1,-1,-1,-1,-1,-1,-1,-1
2016010004515,5,9,0,2,0,0,0,0,0,0,1,1,6,3,-1,-1,-1,-1,-1,-1,-1,-1
2016010004515,6,90,0,18,0,0,0,0,0,0,3,1,1,1,41,7,-1,-1,-1,-1,-1,-1
2016010004515,7,9,0,2,0,0,0,0,0,0,4,1,6,3,-1,-1,-1,-1,-1,-1,-1,-1
2016010004515,8,9,0,2,0,0,0,0,0,0,2,1,6,3,-1,-1,-1,-1,-1,-1,-1,-1
2016010004516,1,11,0,18,2,1,0,0,0,0,1,1,1,1,42,7,4461,2,3,2,1,2
2016010004518,1,9,0,18,0,1,0,0,0,0,1,1,6,2,71,10,1560,2,6,7,1,7
2016010004518,2,9,0,18,0,6,0,0,0,0,3,1,1,1,31,6,1598,2,5,2,1,2
2016010004519,1,9,0,13,0,0,0,0,0,0,1,1,2,1,32,6,2148,2,9,9,1,9
2016010004520,1,9,0,18,0,1,0,0,0,0,2,1,6,2,21,5,1364,1,8,1,1,1
2016010004520,2,19,0,9,0,1,0,0,0,0,0,1,1,1,39,7,2143,2,1,3,1,3
2016010004520,3,9,0,2,0,1,0,0,0,0,4,1,6,3,-1,-1,1597,1,17,-1,-1,-1
2016010004521,1,9,0,4,0,1,1,0,0,0,3,1,6,1,24,5,1368,1,-1,-1,-1,-1
2016010004521,2,9,0,18,0,1,0,0,0,0,1,1,6,2,39,7,2143,2,4,7,1,7
2016010004522,1,2,0,18,0,1,1,0,0,0,0,1,6,1,54,8,125,1,5,6,1,6
2016010004522,2,9,0,3,6,2,0,0,0,0,0,1,6,1,29,6,2143,2,1,6,1,6
2016010004523,1,19,0,18,0,2,0,0,0,0,4,1,1,1,23,5,2198,2,1,5,1,5
2016010004524,1,9,0,18,8,8,0,0,0,0,4,1,6,1,26,6,1995,2,13,7,1,7
2016010004526,1,9,0,9,0,6,0,0,0,0,3,1,2,1,29,6,1339,1,7,8,1,8
2016010004526,2,2,0,14,0,1,0,0,0,0,1,1,1,1,30,6,108,1,2,8,1,8
2016010004527,1,8,0,9,0,8,0,0,0,0,1,1,1,1,22,5,-1,-1,-1,-1,1,-1
2016010004527,2,4,0,18,0,8,5,0,0,0,1,1,1,1,24,5,-1,-1,-1,-1,1,-1
2016010004528,1,2,0,4,0,1,0,0,0,0,2,1,1,1,36,7,108,1,1,3,1,3
2016010004529,1,9,0,17,0,1,0,0,0,0,1,1,6,1,-1,-1,2597,1,15,5,1,5
2016010004529,2,9,0,4,0,8,0,0,0,0,1,1,6,1,22,5,1910,2,10,6,1,6
2016010004529,3,9,0,2,0,2,0,0,0,0,3,1,6,3,-1,-1,1896,2,9,-1,-1,-1
2016010004529,4,19,0,2,0,2,0,0,0,0,2,1,6,3,-1,-1,2143,2,4,-1,-1,-1
2016010004530,1,9,0,9,0,5,0,0,0,0,0,1,6,3,-1,-1,-1,-1,-1,-1,-1,-1
2016010004530,2,1,0,18,0,8,0,0,0,0,0,1,6,1,32,6,-1,-1,-1,3,1,3
2016010004532,1,9,0,18,0,1,0,0,0,0,1,1,6,1,30,6,-1,-1,-1,4,1,4
2016010004532,2,1,0,18,0,1,0,0,0,0,4,1,6,1,74,10,-1,-1,-1,2,1,2
2016010004533,1,3,0,9,0,8,0,0,0,0,4,1,2,1,40,7,-1,-1,-1,9,1,9
2016010004533,2,19,0,9,0,8,0,0,0,0,3,1,1,1,57,9,2500,2,9,3,1,3
2016010004534,1,8,0,18,0,8,0,0,0,0,1,1,1,1,28,6,1798,8,4,6,1,6
2016010004535,1,8,0,3,0,8,0,0,0,0,0,1,1,1,27,6,1995,2,3,2,1,2
2016010004535,2,1,0,18,0,8,0,0,0,0,1,1,2,2,18,4,-1,-1,-1,2,1,2
2016010004536,1,9,0,18,0,0,0,0,0,0,4,1,6,3,-1,-1,1995,1,14,-1,-1,-1
2016010004536,2,9,0,2,6,0,0,0,0,0,1,1,6,3,-1,-1,2793,1,21,-1,-1,-1
2016010004536,3,9,0,2,0,0,0,0,0,0,3,1,6,3,-1,-1,1798,8,2,-1,-1,-1
2016010004538,1,9,0,18,0,0,0,10,6,6,1,1,6,1,30,6,2143,2,2,3,1,3
2016010004540,1,3,0,18,0,1,1,0,0,0,1,1,6,1,38,7,1261,1,6,2,1,2
2016010004540,2,9,0,10,0,8,0,0,0,0,1,1,6,3,-1,-1,-1,-1,-1,-1,-1,-1
2016010004541,1,20,0,4,0,1,0,0,0,0,2,1,1,1,47,8,5880,2,4,2,1,2
2016010004541,2,21,4,4,0,1,0,0,0,0,1,1,1,1,34,6,11967,2,5,8,1,8
2016010004541,3,21,4,4,0,1,0,0,0,0,1,1,1,1,34,6,-1,-1,-1,3,1,3
2016010004543,1,9,3,9,0,1,0,0,1,2,1,1,2,1,31,6,2656,1,14,4,1,4
2016010004543,2,8,3,5,0,1,0,0,1,0,1,1,1,1,48,8,2231,2,7,-1,-1,-1
2016010004548,1,9,0,5,0,8,0,10,0,0,3,1,2,1,38,7,1968,2,5,2,1,2
2016010004548,2,9,0,18,0,8,0,0,0,0,1,1,6,1,63,9,995,1,12,3,1,3
2016010004549,1,9,0,5,0,8,0,0,0,0,2,-1,6,1,47,8,1598,1,4,3,1,3
2016010004549,2,9,-1,5,0,8,0,0,0,0,1,-1,1,1,25,5,-1,-1,-1,7,3,7
2016010004556,1,9,0,3,0,2,0,0,0,0,1,-1,6,2,48,8,999,1,1,3,1,3
2016010004556,2,9,0,18,0,2,0,0,0,0,1,-1,6,3,-1,-1,1242,1,7,-1,-1,-1
2016010004566,1,9,0,9,0,7,0,0,0,0,4,1,3,1,36,7,1910,2,8,4,1,4
2016010004566,2,3,0,14,0,1,1,0,0,0,0,1,6,2,28,6,125,1,4,10,1,10
2016010004567,1,19,-1,18,-1,-1,-1,-1,-1,-1,-1,-1,6,3,-1,-1,-1,-1,-1,-1,-1,-1
2016010004575,1,1,-1,18,-1,-1,-1,-1,-1,-1,-1,1,6,1,58,9,-1,-1,-1,-1,1,-1
2016010004575,2,90,-1,-1,-1,-1,-1,-1,-1,-1,-1,-1,6,1,-1,-1,-1,-1,-1,-1,1,-1
2016010004579,1,9,-1,-1,-1,0,-1,-1,-1,-1,-1,1,6,3,-1,-1,-1,-1,-1,-1,-1,-1
2016010004580,1,9,-1,3,0,1,0,-1,0,0,4,-1,6,2,24,5,1560,2,4,7,1,7
2016010004580,2,9,-1,18,0,6,0,-1,0,0,-1,-1,6,1,25,5,2967,2,8,6,1,6
2016010004581,1,9,-1,9,-1,-1,-1,0,-1,-1,-1,-1,6,1,19,4,-1,-1,-1,-1,1,-1
2016010004581,2,1,-1,-1,0,1,-1,0,-1,0,-1,1,6,2,48,8,-1,-1,-1,-1,1,-1
2016010004591,1,9,-1,7,0,5,-1,0,1,0,2,1,6,2,31,6,1595,1,8,8,1,8
2016010004591,2,90,-1,5,0,5,-1,0,-1,0,1,1,6,1,67,10,-1,-1,-1,7,1,7
2016010004611,1,9,-1,1,-1,0,-1,-1,-1,-1,2,-1,6,3,-1,-1,-1,-1,-1,-1,-1,-1
2016010004615,1,9,-1,18,-1,0,-1,-1,-1,-1,-1,1,6,3,-1,-1,-1,-1,-1,-1,-1,-1
2016010004619,1,9,-1,-1,-1,-1,-1,-1,-1,-1,3,-1,6,1,42,7,-1,-1,-1,-1,1,-1
2016010004619,2,9,-1,-1,-1,-1,-1,-1,-1,-1,-1,-1,6,3,-1,-1,-1,-1,-1,-1,-1,-1
2016010004620,1,3,0,14,0,1,0,4,0,0,0,1,6,1,23,5,125,1,6,4,1,4
2016010004620,2,9,0,-1,0,-1,0,0,0,0,3,1,6,3,-1,-1,-1,-1,-1,-1,-1,-1
2016010004622,1,3,-1,18,0,1,0,-1,0,0,2,1,6,1,25,5,-1,-1,-1,-1,-1,-1
2016010004622,2,90,-1,-1,0,1,-1,-1,-1,-1,-1,-1,6,1,42,7,-1,-1,-1,-1,1,-1
2016010004625,1,9,0,4,-1,2,0,10,0,0,4,-1,2,1,56,9,-1,-1,-1,-1,1,-1
2016010004625,2,9,-1,11,-1,-1,-1,-1,-1,-1,-1,-1,6,3,-1,-1,-1,-1,-1,-1,-1,-1
2016010004626,1,9,0,14,0,1,0,0,0,0,4,1,1,1,41,7,1986,2,9,2,1,2
2016010004626,2,1,0,18,0,1,0,0,0,0,1,1,1,2,28,6,-1,-1,-1,2,1,2
2016010004628,1,9,-1,3,0,0,-1,-1,-1,0,2,1,6,2,36,7,-1,-1,-1,-1,1,-1
2016010004628,2,9,-1,18,0,0,-1,-1,-1,-1,1,-1,6,1,29,6,-1,-1,-1,-1,1,-1
2016010004628,3,9,-1,-1,0,0,-1,-1,-1,-1,2,1,6,2,68,10,-1,-1,-1,-1,1,-1
2016010004635,1,9,0,9,0,1,0,0,0,0,1,1,6,1,60,9,1596,1,11,4,1,4
2016010004635,2,1,0,18,0,1,0,0,0,0,1,1,2,1,49,8,-1,-1,-1,4,1,4
2016010004638,1,90,-1,3,-1,7,0,0,0,0,2,1,1,1,58,9,-1,-1,-1,-1,1,-1
2016010004638,2,90,-1,3,-1,1,0,0,0,0,1,-1,1,1,26,6,-1,-1,-1,-1,-1,-1
2016010004639,1,9,0,18,0,1,1,0,0,0,1,1,6,1,59,9,1796,1,16,8,1,8
2016010004639,2,9,0,4,0,1,0,0,0,0,2,1,6,1,65,9,1498,1,8,6,1,6
2016010004640,1,9,0,5,0,4,0,0,0,0,3,1,6,1,28,6,-1,-1,-1,4,1,4
2016010004640,2,4,0,13,0,4,0,9,0,0,4,1,2,1,52,8,124,1,1,7,1,7
2016010004647,1,1,-1,17,0,1,0,-1,-1,-1,1,1,2,1,31,6,-1,-1,-1,-1,1,-1
2016010004647,2,9,0,11,0,-1,0,0,-1,0,1,1,6,3,-1,-1,-1,-1,-1,-1,-1,-1
2016010004648,1,20,0,18,0,0,-1,0,0,0,0,-1,6,3,-1,-1,4485,2,-1,-1,-1,-1
2016010004649,1,3,0,18,0,1,0,0,0,0,1,1,6,3,-1,-1,-1,-1,-1,-1,-1,-1
2016010004652,1,10,0,18,0,1,0,11,0,0,1,1,1,1,36,7,2402,2,9,6,1,6
2016010004652,2,9,0,10,0,1,0,11,0,0,2,1,6,2,24,5,1388,1,9,2,1,2
2016010004654,1,1,0,14,0,0,0,0,0,0,1,1,6,3,-1,-1,-1,-1,-1,-1,-1,-1
2016010004655,1,9,0,3,0,1,0,0,0,0,2,1,6,1,46,8,1198,1,2,7,1,7
2016010004655,2,9,0,3,0,1,0,0,0,0,1,1,6,2,38,7,2179,2,5,7,1,7
2016010004656,1,9,0,3,0,0,0,0,0,0,2,1,2,1,45,7,1798,1,8,3,1,3
2016010004656,2,9,0,4,0,0,0,0,0,0,1,2,6,1,40,7,-1,-1,-1,2,1,2
2016010004656,3,9,0,4,0,0,0,0,0,0,1,1,6,1,39,7,1597,1,16,-1,3,-1
2016010004657,1,9,0,18,5,0,0,8,0,0,4,1,6,1,34,6,1997,2,1,4,1,4
2016010004657,2,1,0,15,0,0,0,4,0,0,1,1,6,1,24,5,-1,-1,-1,3,1,3
2016010004658,1,9,0,3,0,1,0,0,0,0,2,1,6,1,70,10,1796,1,8,9,1,9
2016010004658,2,2,0,18,0,1,1,0,0,0,1,1,1,1,25,5,108,1,1,2,1,2
2016010004659,1,9,0,3,0,1,0,0,0,0,2,1,6,2,33,6,1390,1,12,2,1,2
2016010004659,2,9,0,18,0,1,0,0,0,0,1,1,6,1,17,4,-1,-1,-1,-1,-1,-1
2016010004660,1,9,-1,-1,-1,-1,-1,-1,-1,-1,-1,-1,6,3,-1,-1,-1,-1,-1,-1,-1,-1
2016010004665,1,4,0,4,0,0,0,0,1,0,1,1,6,1,18,4,124,1,12,5,1,5
2016010004665,2,9,0,4,0,0,0,0,1,0,2,1,6,2,63,9,998,1,1,9,1,9
2016010004667,1,9,0,5,0,6,0,0,0,0,3,1,2,2,36,7,1339,1,8,5,1,5
2016010004667,2,1,0,15,0,1,0,0,0,0,1,1,6,1,26,6,-1,-1,-1,-1,-1,-1
2016010004671,1,9,0,3,0,0,0,0,0,0,2,-1,6,1,50,8,1086,1,7,5,1,5
2016010004671,2,9,0,18,0,0,0,-1,-1,0,-1,-1,6,3,-1,-1,1343,1,12,-1,-1,-1
2016010004674,1,19,0,5,0,8,0,0,0,0,2,1,1,1,61,9,1870,2,11,6,1,6
2016010004674,2,11,0,5,0,8,0,0,0,0,1,1,1,1,25,5,6700,2,4,3,1,3
2016010004677,1,8,0,3,0,2,0,0,0,0,2,1,6,1,49,8,1798,8,-1,3,1,3
2016010004677,2,10,0,3,0,1,0,0,0,0,1,1,1,2,62,9,-1,-1,-1,10,1,10
2016010004677,3,11,0,4,0,1,0,0,0,0,1,1,1,1,38,7,5132,2,1,5,1,5
2016010004683,1,1,0,15,0,0,0,-1,0,0,1,1,1,1,25,5,-1,-1,-1,1,1,1
2016010004683,2,9,0,7,0,0,0,-1,0,0,4,-1,6,1,49,8,1364,1,1,5,1,5
2016010004684,1,5,-1,-1,0,1,5,0,0,0,2,1,6,1,60,9,-1,-1,-1,-1,-1,-1
2016010004684,2,8,0,18,0,1,0,0,0,0,1,-1,6,1,46,8,2664,2,15,7,1,7
2016010004685,1,9,0,7,0,1,0,0,0,0,2,1,6,1,26,6,1598,1,10,6,1,6
2016010004685,2,11,0,18,0,1,0,0,0,0,1,1,1,1,35,6,6696,2,3,5,1,5
2016010004687,1,3,0,13,0,8,2,0,0,0,1,1,2,2,34,6,124,1,7,4,1,4
2016010004690,1,9,0,18,0,4,0,0,0,0,3,1,6,1,37,7,2497,2,10,1,1,1
2016010004690,2,1,0,18,0,1,0,0,0,0,1,1,2,1,61,9,-1,-1,-1,5,1,5
2016010004695,1,1,0,18,0,2,0,0,0,0,4,1,6,1,44,7,-1,-1,-1,8,3,8
2016010004695,2,19,-1,9,0,8,0,0,0,0,1,-1,1,1,17,4,1968,2,-1,-1,-1,-1
2016010004698,1,3,-1,15,0,1,5,0,0,0,1,1,6,1,27,6,-1,-1,-1,-1,1,-1
2016010004698,2,9,-1,9,0,6,-1,0,0,0,1,-1,6,3,-1,-1,-1,-1,-1,-1,-1,-1
2016010004699,1,1,0,18,0,1,0,0,0,0,4,1,6,1,25,5,-1,-1,-1,3,1,3
2016010004699,2,9,-1,7,0,8,-1,0,0,0,1,-1,6,1,17,4,6208,1,4,-1,-1,-1
2016010004700,1,9,-1,-1,0,0,0,0,0,0,4,-1,6,3,-1,-1,-1,-1,-1,-1,-1,-1
2016010004705,1,9,0,18,0,1,0,0,0,0,1,1,6,3,-1,-1,1596,1,15,-1,-1,-1
2016010004706,1,20,1,5,0,1,0,0,0,0,3,1,1,1,51,8,-1,-1,-1,2,1,2
2016010004706,2,8,0,10,0,1,0,0,0,0,4,1,1,1,62,9,-1,-1,-1,6,1,6
2016010004706,3,1,0,18,0,1,0,0,0,0,3,1,6,1,50,8,-1,-1,-1,5,1,5
2016010004707,1,9,0,18,0,8,0,0,0,0,1,1,2,2,30,6,1248,2,6,4,1,4
2016010004707,2,1,0,18,0,8,0,0,0,0,1,1,1,2,30,6,-1,-1,-1,4,1,4
2016010004708,1,9,0,18,0,1,0,0,0,0,1,1,6,2,52,8,2000,1,12,2,1,2
2016010004708,2,9,0,18,0,2,0,0,0,0,1,1,6,1,48,8,1798,8,2,4,1,4
2016010004708,3,9,0,9,0,1,0,0,0,0,3,1,6,2,35,6,1796,1,10,5,1,5
2016010004710,1,11,0,5,0,1,0,0,0,0,0,1,1,1,54,8,3900,2,13,4,1,4
2016010004713,1,19,0,18,0,2,0,0,0,0,0,1,6,3,-1,-1,-1,-1,-1,-1,-1,-1
2016010004714,1,9,0,18,0,1,0,0,0,0,1,1,6,1,32,6,1388,1,7,3,1,3
2016010004715,1,21,1,18,0,8,0,0,0,0,1,2,1,1,24,5,-1,-1,-1,-1,-1,-1
2016010004715,2,9,0,18,0,8,0,0,4,0,4,1,6,1,33,6,1198,1,6,8,3,8
2016010004716,1,9,0,7,0,2,0,0,0,0,1,1,6,1,32,6,1910,2,7,5,1,5
2016010004716,2,9,0,18,0,1,0,0,0,0,1,1,6,1,25,5,1388,1,6,1,1,1
2016010004718,1,9,0,18,0,0,0,0,0,0,3,1,6,3,-1,-1,-1,-1,-1,-1,-1,-1
2016010004719,1,9,0,10,0,1,1,0,0,0,4,1,6,2,22,5,1360,1,9,2,1,2
2016010004719,2,9,0,18,0,1,1,0,0,0,1,1,6,1,51,8,796,1,7,2,1,2
2016010004719,3,9,0,3,0,1,1,0,0,0,3,1,6,2,36,7,1388,1,6,2,1,2
2016010004721,1,5,0,14,0,6,0,0,0,0,1,1,1,1,25,5,599,1,4,7,1,7
2016010004721,2,9,0,5,0,6,0,0,0,0,1,1,6,1,67,10,1598,1,13,9,1,9
2016010004722,1,9,0,9,0,1,0,0,0,0,1,1,6,2,36,7,1968,2,5,5,1,5
2016010004723,1,9,0,5,0,2,0,0,0,0,4,1,6,2,32,6,1388,1,10,4,1,4
2016010004724,1,8,0,9,0,5,0,0,0,0,1,1,6,1,44,7,-1,-1,-1,-1,1,-1
2016010004725,1,9,0,9,0,1,0,0,0,0,3,1,6,1,50,8,-1,-1,-1,-1,-1,-1
2016010004725,2,4,0,14,0,1,0,0,0,0,1,1,2,1,37,7,-1,-1,-1,-1,1,-1
2016010004726,1,9,0,7,0,1,0,0,1,0,3,1,6,1,75,10,1596,1,8,3,1,3
2016010004727,1,9,0,16,0,0,0,0,0,0,1,1,2,2,44,7,1364,2,3,4,1,4
2016010004727,2,9,0,18,0,0,1,0,7,0,2,1,2,1,32,6,1679,1,18,7,1,7
2016010004728,1,9,0,4,0,5,0,0,0,0,1,1,6,1,34,6,1498,1,5,3,1,3
2016010004729,1,2,0,18,0,8,0,0,0,0,1,1,6,1,16,4,-1,-1,-1,-1,1,-1
2016010004729,2,19,0,9,0,8,0,0,0,0,3,1,6,1,27,6,-1,-1,-1,-1,1,-1
2016010004730,1,9,0,18,0,1,0,0,0,0,1,1,6,1,49,8,1968,2,-1,4,1,4
2016010004730,2,1,0,18,0,6,0,0,0,0,4,1,6,1,24,5,-1,-1,-1,-1,-1,-1
2016010004732,1,9,0,18,0,1,0,0,0,0,1,1,6,2,52,8,1596,1,17,3,1,3
2016010004733,1,9,0,18,9,2,0,11,7,1,1,1,6,1,34,6,1796,2,3,2,1,2
2016010004733,2,9,0,18,0,2,0,0,0,0,1,1,1,1,33,6,2393,1,3,-1,-1,-1
2016010004733,3,8,0,4,0,1,0,0,0,0,3,1,1,1,33,6,1997,2,-1,3,1,3
2016010004734,1,9,0,9,0,6,0,0,0,0,3,1,6,2,61,9,-1,-1,-1,10,1,10
2016010004735,1,11,0,18,0,8,0,0,0,0,1,1,6,1,33,6,4500,2,4,2,1,2
2016010004735,2,1,0,18,0,8,0,0,0,0,2,1,2,1,32,6,-1,-1,-1,6,1,6
2016010004736,1,19,0,9,0,6,0,0,0,0,1,1,1,1,44,7,2402,2,12,2,1,2
2016010004736,2,3,0,18,0,1,0,0,0,0,1,1,2,1,22,5,124,1,3,3,1,3
2016010004737,1,9,0,17,0,1,0,0,0,0,1,1,6,2,28,6,1596,1,10,3,1,3
2016010004737,2,19,0,16,0,1,0,0,0,0,3,1,1,1,54,8,2999,2,-1,2,1,2
2016010004738,1,9,0,18,0,1,0,0,0,0,1,1,6,1,34,6,1997,2,1,5,1,5
2016010004739,1,9,0,9,0,5,0,0,0,0,4,1,6,1,41,7,2995,1,11,5,1,5
2016010004739,2,5,0,18,0,2,1,0,0,0,1,1,6,1,41,7,1000,1,6,9,1,9
2016010004740,1,19,0,18,0,1,0,0,0,0,1,1,6,1,38,7,1753,2,12,2,1,2
2016010004740,2,9,0,18,0,2,0,0,0,0,3,1,6,1,43,7,1461,2,1,1,1,1
2016010004740,3,9,0,18,0,2,0,0,0,0,1,1,6,1,31,6,-1,-1,-1,4,1,4
2016010004740,4,9,0,18,0,2,0,0,0,0,3,1,6,1,53,8,1956,2,1,5,1,5
2016010004741,1,5,0,4,0,1,1,0,0,0,4,1,6,1,24,5,599,1,17,7,1,7
2016010004742,1,3,0,4,0,1,0,0,0,0,2,1,2,1,20,4,125,1,5,1,1,1
2016010004742,2,9,0,18,0,1,0,0,0,0,1,1,6,1,41,7,1395,1,-1,6,1,6
2016010004744,1,8,0,7,0,1,0,0,0,0,0,1,1,1,36,7,1596,1,5,2,1,2
2016010004744,2,1,0,18,9,2,1,0,1,0,1,1,6,1,26,6,-1,-1,-1,2,1,2
2016010004746,1,9,0,16,0,0,0,0,0,0,1,1,6,1,22,5,2148,2,12,2,1,2
2016010004746,2,19,0,1,0,0,0,0,0,0,2,1,6,1,28,6,1998,2,13,1,1,1
2016010004747,1,5,0,18,0,0,0,0,0,0,1,1,6,1,33,6,599,1,8,7,1,7
2016010004747,2,9,0,6,0,0,0,0,0,0,3,1,6,2,34,6,1596,1,5,8,1,8
2016010004748,1,9,0,18,0,1,0,0,0,0,4,1,6,2,26,6,1995,2,5,7,1,7
2016010004750,1,9,0,18,0,1,0,7,0,0,1,1,6,1,23,5,2499,1,10,5,1,5
2016010004750,2,9,0,18,0,1,1,7,1,7,3,1,6,2,58,9,2199,2,2,-1,1,-1
2016010004750,3,9,0,18,0,5,0,0,0,0,3,1,2,1,32,6,1229,1,6,1,1,1
2016010004750,4,19,0,18,0,5,0,0,0,0,3,1,2,1,59,9,1995,2,3,4,1,4
2016010004750,5,19,0,18,0,5,0,0,0,0,3,1,2,1,29,6,2198,2,5,6,1,6
2016010004750,6,19,0,18,0,5,0,0,0,0,3,1,2,1,32,6,2143,2,2,3,1,3
2016010004750,7,9,0,18,0,5,0,0,0,0,2,1,2,2,26,6,1595,2,6,4,1,4
2016010004751,1,9,0,18,0,8,0,0,0,0,1,1,6,1,47,8,1796,1,16,2,1,2
2016010004752,1,4,0,13,0,0,0,0,0,0,1,1,2,1,26,6,125,1,-1,5,1,5
2016010004752,2,9,0,6,0,0,0,0,0,0,1,1,6,1,18,4,1396,1,14,2,1,2
2016010004753,1,9,0,18,0,0,0,0,0,0,0,1,6,2,36,7,1968,2,5,2,1,2
2016010004755,1,9,0,18,3,3,0,9,0,0,1,1,6,2,50,8,-1,-1,-1,-1,1,-1
2016010004755,2,19,0,18,4,4,0,0,0,0,0,1,6,1,-1,-1,-1,-1,-1,-1,-1,-1
2016010004756,1,19,0,9,0,5,0,0,0,0,4,1,1,1,57,9,1560,2,1,7,1,7
2016010004756,2,3,0,18,0,1,0,0,0,0,1,1,6,1,24,5,124,1,1,5,1,5
2016010004757,1,5,0,14,0,8,0,0,7,10,4,1,2,1,28,6,1299,1,11,2,1,2
2016010004757,2,8,0,6,0,8,0,0,0,0,3,1,1,1,34,6,1896,2,6,4,1,4
2016010004759,1,19,0,9,0,6,0,0,0,0,1,1,1,2,36,7,-1,-1,-1,-1,1,-1
2016010004759,2,3,0,18,0,1,0,0,0,0,1,1,6,1,26,6,-1,-1,-1,-1,1,-1
2016010004762,1,9,0,18,0,1,0,0,0,0,3,1,2,1,54,8,1868,2,13,-1,-1,-1
2016010004762,2,9,0,18,0,6,0,0,0,0,1,1,2,2,32,6,1242,1,12,3,1,3
2016010004763,1,9,0,9,0,8,0,0,0,0,2,1,1,1,25,5,1797,8,5,1,1,1
2016010004763,2,9,0,18,0,1,0,0,0,0,1,1,6,3,-1,-1,1598,1,11,-1,-1,-1
2016010004764,1,19,0,5,0,2,0,0,0,0,1,1,1,1,36,7,-1,-1,-1,2,1,2
2016010004765,1,9,0,4,0,0,0,0,0,0,2,2,6,1,50,8,1398,1,12,2,1,2
2016010004765,2,9,0,4,0,0,0,0,0,0,1,2,1,1,49,8,1798,8,4,3,1,3
2016010004767,1,9,0,9,0,6,1,0,0,0,4,1,6,2,24,5,1390,1,5,7,1,7