Accident_Index,Vehicle_Reference,Vehicle_Type,Towing_and_Articulation,Vehicle_Manoeuvre,Vehicle_Location-Restricted_Lane,Junction_Location,Skidding_and_Overturning,Hit_Object_in_Carriageway,Vehicle_Leaving_Carriageway,Hit_Object_off_Carriageway,1st_Point_of_Impact,Was_Vehicle_Left_Hand_Drive?,Journey_Purpose_of_Driver,Sex_of_Driver,Age_of_Driver,Age_Band_of_Driver,Engine_Capacity_(CC),Propulsion_Code,Age_of_Vehicle,Driver_IMD_Decile,Driver_Home_Area_Type,Vehicle_IMD_Decile
2016010005496,1,9,0,17,0,8,0,0,0,0,1,1,2,2,47,8,1995,2,12,9,1,9
2016010005498,1,1,-1,-1,-1,0,-1,0,-1,-1,1,1,6,1,52,8,-1,-1,-1,-1,1,-1
2016010005500,1,9,5,6,0,1,0,0,0,0,1,1,6,1,37,7,1991,1,2,3,1,3
2016010005500,2,3,0,18,0,1,0,0,0,0,1,1,2,1,30,6,125,1,4,7,1,7
2016010005505,1,9,0,9,0,6,0,0,0,0,1,1,1,1,41,7,-1,-1,-1,-1,-1,-1
2016010005505,2,3,0,14,0,1,0,0,0,0,4,1,6,1,22,5,-1,-1,-1,-1,1,-1
2016010005505,3,9,0,3,0,1,0,0,0,0,0,1,1,1,67,10,-1,-1,-1,-1,1,-1
2016010005513,1,9,0,18,0,1,0,0,0,0,1,2,6,2,50,8,999,1,1,3,1,3
2016010005514,1,19,0,9,0,8,0,0,0,0,4,1,1,1,48,8,2143,2,4,9,3,9
2016010005514,2,1,0,15,0,8,0,0,0,0,1,1,6,1,27,6,-1,-1,-1,5,1,5
2016010005526,1,9,0,9,0,5,0,0,0,0,3,1,6,1,30,6,2979,1,1,8,1,8
2016010005526,2,3,0,13,0,1,5,0,0,0,1,1,6,1,18,4,125,1,-1,8,1,8
2016010005530,1,9,0,1,0,1,0,0,0,0,2,1,3,1,50,8,1896,2,11,4,1,4
2016010005531,1,3,0,18,0,1,-1,0,0,0,3,1,6,2,47,8,124,1,18,-1,-1,-1
2016010005531,2,9,-1,9,0,2,0,0,0,0,1,-1,6,1,17,4,1598,2,2,2,1,2
2016010005539,1,9,0,7,0,5,0,0,0,0,1,2,2,2,47,8,1197,1,2,9,1,9
2016010005539,2,1,0,18,9,8,0,0,0,0,1,1,2,1,15,3,-1,-1,-1,6,1,6
2016010005542,1,9,0,9,0,6,0,0,0,0,4,1,6,1,50,8,2143,2,1,7,1,7
2016010005542,2,5,0,18,0,1,0,0,0,0,1,1,6,1,41,7,955,1,14,4,1,4
2016010005544,1,9,0,4,0,0,0,0,0,0,1,1,6,1,87,11,-1,-1,-1,5,1,5
2016010005544,2,9,0,4,0,0,0,0,0,0,2,1,6,2,57,9,1461,2,7,5,1,5
2016010005544,3,9,0,4,0,0,0,0,0,0,2,1,6,2,59,9,1968,2,4,9,2,9
2016010005548,1,9,0,18,0,1,0,0,0,0,4,1,6,2,44,7,998,1,-1,4,1,4
2016010005549,1,9,0,18,6,2,0,0,0,0,3,1,2,1,18,4,1199,1,13,3,1,3
2016010005549,2,9,0,16,9,2,0,0,0,0,3,1,6,1,24,5,1968,2,8,8,1,8
2016010005550,1,9,0,16,0,0,0,0,0,0,1,1,6,3,-1,-1,2494,1,17,-1,-1,-1
2016010005554,1,9,-1,-1,-1,-1,0,-1,0,0,-1,-1,6,1,17,4,-1,-1,-1,-1,-1,-1
2016010005554,2,9,0,-1,-1,-1,0,-1,0,0,-1,-1,6,2,51,8,-1,-1,-1,-1,1,-1
2016010005556,1,3,0,18,0,0,0,-1,0,0,1,1,6,1,23,5,-1,-1,-1,-1,1,-1
2016010005556,2,9,-1,6,0,0,-1,-1,0,0,-1,1,6,1,17,4,-1,-1,-1,-1,1,-1
2016010005559,1,9,0,5,0,4,0,0,0,0,1,1,6,2,33,6,1968,2,8,6,1,6
2016010005561,1,8,0,9,0,2,0,0,0,0,1,1,6,1,53,8,1598,1,8,5,1,5
2016010005561,2,1,0,18,4,1,0,0,1,0,1,1,2,2,28,6,-1,-1,-1,4,1,4
2016010005567,1,19,0,16,0,8,1,0,0,0,1,1,1,1,30,6,2402,2,5,7,2,7
2016010005567,2,8,0,7,0,3,0,0,0,0,4,1,6,1,54,8,1997,2,1,6,1,6
2016010005574,1,2,0,18,2,1,0,0,0,0,1,1,2,1,26,6,124,1,1,3,1,3
2016010005585,1,3,0,4,0,1,0,8,0,0,1,1,6,1,18,4,108,1,6,4,1,4
2016010005585,2,9,0,6,0,1,0,0,0,0,4,1,6,1,19,4,-1,-1,-1,3,1,3
2016010005586,1,9,0,18,0,4,0,0,0,0,3,1,6,2,37,7,1242,1,14,5,1,5
2016010005586,2,1,0,18,0,4,5,0,0,0,4,1,6,1,72,10,-1,-1,-1,9,1,9
2016010005590,1,9,0,5,0,8,0,0,0,0,3,1,2,2,29,6,1240,1,6,1,1,1
2016010005590,2,17,4,11,0,8,0,0,0,0,4,1,1,1,38,7,-1,-1,-1,6,1,6
2016010005592,1,9,0,18,0,8,0,0,0,0,4,1,1,2,59,9,1299,1,15,6,1,6
2016010005592,2,9,0,18,0,1,0,0,0,0,1,1,6,2,24,5,2198,1,12,9,1,9
2016010005593,1,8,0,4,0,1,0,0,0,0,0,1,1,1,53,8,-1,-1,-1,3,1,3
2016010005593,2,1,0,15,0,1,0,0,0,0,0,1,6,1,47,8,-1,-1,-1,-1,-1,-1
2016010005600,1,9,0,18,0,0,0,0,0,0,2,1,2,1,22,5,-1,-1,-1,-1,-1,-1
2016010005600,2,9,0,18,0,0,0,0,0,0,1,1,6,3,-1,-1,-1,-1,-1,-1,-1,-1
2016010005603,1,2,0,18,0,8,0,0,0,0,1,1,6,1,43,7,49,1,1,5,1,5
2016010005603,2,9,0,5,0,6,0,0,0,0,1,1,6,1,18,4,1200,1,1,1,1,1
2016010005604,1,9,0,18,0,2,0,0,0,0,1,1,6,1,52,8,-1,-1,-1,-1,1,-1
2016010005609,1,3,0,18,0,0,0,0,0,0,4,1,6,1,35,6,108,1,3,2,1,2
2016010005609,2,19,0,5,8,0,0,0,0,0,3,1,1,1,-1,-1,2143,2,5,-1,-1,-1
2016010005610,1,19,0,18,0,8,0,0,0,0,1,1,1,1,40,7,2295,7,13,2,1,2
2016010005610,2,9,0,9,0,6,0,0,0,0,3,1,6,1,54,8,1587,1,10,2,1,2
2016010005619,1,21,0,18,0,1,0,0,0,0,1,1,1,1,53,8,-1,-1,-1,8,1,8
2016010005619,2,9,0,18,0,1,0,0,0,0,2,1,6,2,57,9,1240,1,12,8,3,8
2016010005620,1,3,0,16,-1,-1,-1,-1,-1,-1,3,1,6,1,42,7,-1,-1,-1,-1,1,-1
2016010005625,1,1,0,9,0,3,0,0,0,0,1,1,6,2,50,8,-1,-1,-1,7,1,7
2016010005625,2,9,0,5,0,4,0,0,0,0,4,1,6,1,35,6,1796,1,10,8,1,8
2016010005626,1,9,0,3,0,1,0,0,0,0,2,-1,3,2,39,7,1598,1,12,-1,-1,-1
2016010005626,2,9,0,4,0,1,0,0,0,0,1,-1,6,2,40,7,1997,2,4,6,1,6
2016010005628,1,5,0,18,0,0,0,10,0,0,3,1,2,1,59,9,1207,1,49,8,1,8
2016010005629,1,9,0,18,0,1,0,0,0,0,1,1,6,1,52,8,1596,1,13,10,3,10
2016010005632,1,9,0,9,0,6,0,0,0,0,1,1,2,1,49,8,1596,1,9,5,1,5
2016010005632,2,9,0,2,0,1,0,0,0,0,0,1,6,3,-1,-1,1596,1,14,-1,-1,-1
2016010005632,3,5,0,13,0,8,1,0,0,0,1,1,6,1,49,8,1137,1,19,2,1,2
2016010005633,1,9,0,18,0,6,0,0,0,0,1,1,2,1,61,9,1598,1,6,6,1,6
2016010005633,2,4,0,18,0,1,0,0,0,0,1,1,2,1,36,7,499,1,12,5,1,5
2016010005634,1,19,0,3,0,2,0,0,0,0,2,1,1,1,55,8,2151,2,15,5,1,5
2016010005634,2,9,0,18,0,1,1,10,1,0,1,1,6,1,57,9,1388,1,9,3,1,3
2016010005634,3,8,0,3,0,1,0,0,0,0,2,1,1,1,36,7,1598,2,3,4,1,4
2016010005635,1,9,0,4,0,1,0,0,0,0,2,1,6,1,33,6,2143,2,4,2,1,2
2016010005635,2,9,0,18,0,1,0,0,0,0,1,1,6,1,35,6,1598,1,6,-1,-1,-1
2016010005637,1,3,0,18,2,1,0,0,0,0,4,1,6,1,48,8,124,1,7,2,1,2
2016010005637,2,9,0,7,0,5,0,0,0,0,0,1,6,1,36,7,1124,1,12,3,1,3
2016010005638,1,9,0,4,0,0,0,0,0,0,2,1,6,1,23,5,-1,-1,-1,4,1,4
2016010005638,2,19,0,18,0,0,0,0,0,0,1,1,6,1,31,6,1968,2,4,-1,-1,-1
2016010005641,1,9,0,3,0,0,0,0,0,0,2,1,6,2,72,10,1497,8,15,6,1,6
2016010005641,2,9,0,3,0,0,0,0,0,0,1,1,6,2,33,6,1388,1,11,4,1,4
2016010005642,1,4,0,13,0,0,1,0,0,0,1,1,2,1,54,8,675,1,8,8,1,8
2016010005642,2,9,0,18,0,0,0,0,0,0,3,1,2,2,59,9,1997,1,9,2,1,2
2016010005643,1,10,0,6,0,5,0,0,0,0,2,1,1,1,44,7,2143,2,3,8,1,8
2016010005644,1,9,0,9,0,8,0,0,0,0,1,1,1,1,25,5,1560,2,3,2,1,2
2016010005644,2,90,0,18,0,8,0,0,0,0,1,1,6,1,52,8,-1,-1,-1,2,1,2
2016010005644,3,8,0,3,0,1,0,0,0,0,4,1,6,1,43,7,1798,8,4,3,1,3
2016010005645,1,9,0,9,0,1,0,0,0,0,1,1,6,1,75,10,5379,1,16,8,1,8
2016010005645,2,9,0,18,0,1,0,0,0,0,1,1,6,1,53,8,3199,1,12,7,1,7
2016010005647,1,4,0,18,0,1,1,0,0,0,0,1,4,1,32,6,-1,-1,-1,-1,-1,-1
2016010005647,2,9,0,7,0,8,0,0,0,0,0,1,6,3,-1,-1,-1,-1,-1,-1,-1,-1
2016010005648,1,11,0,5,0,0,0,0,0,0,0,1,6,2,46,8,7300,2,14,4,1,4
2016010005649,1,11,0,17,0,4,0,0,0,0,3,1,1,2,29,6,5132,2,1,6,1,6
2016010005649,2,9,0,13,0,4,0,0,0,0,4,1,6,1,41,7,1995,2,10,3,1,3
2016010005651,1,9,0,9,0,8,0,0,0,0,1,1,6,1,69,10,1796,1,8,4,1,4
2016010005652,1,9,0,5,0,7,0,0,0,0,1,1,6,1,39,7,1686,2,4,9,1,9
2016010005652,2,1,0,18,0,8,0,0,0,0,4,1,6,1,41,7,-1,-1,-1,9,1,9
2016010005653,1,4,0,18,0,8,0,0,0,0,1,1,1,1,22,5,125,1,4,3,1,3
2016010005653,2,9,0,5,0,8,0,0,0,0,3,1,6,2,36,7,1497,1,13,1,1,1
2016010005654,1,9,0,9,0,5,0,0,0,0,1,1,6,1,73,10,1796,1,10,5,1,5
2016010005655,1,5,0,13,0,1,0,0,0,0,1,1,2,1,30,6,1170,1,6,-1,-1,-1
2016010005655,2,9,0,10,0,2,0,0,0,0,1,1,6,1,36,7,1560,2,5,-1,-1,-1
2016010005656,1,19,0,9,0,8,0,0,0,0,3,1,1,1,22,5,2198,2,1,4,1,4
2016010005656,2,90,0,18,0,1,5,0,0,0,1,1,6,1,33,6,-1,-1,-1,-1,-1,-1
2016010005657,1,3,0,18,0,0,2,0,0,0,0,1,2,1,24,5,125,1,13,3,1,3
2016010005657,2,8,0,14,0,0,0,0,0,0,0,1,6,3,-1,-1,-1,-1,-1,-1,-1,-1
2016010005658,1,9,0,18,0,0,0,0,0,0,1,1,6,2,74,10,1598,1,9,8,1,8
2016010005660,1,9,0,14,0,0,0,4,0,0,4,1,6,1,25,5,1995,2,12,1,1,1
2016010005660,2,11,0,3,2,0,0,0,0,0,3,1,1,1,47,8,-1,-1,-1,3,1,3
2016010005662,1,8,0,9,0,6,0,0,0,0,4,1,1,1,35,6,1798,8,-1,7,1,7
2016010005663,1,3,0,7,0,2,1,0,0,0,0,1,6,1,18,4,109,1,3,2,1,2
2016010005665,1,9,0,9,0,2,0,0,0,0,3,1,6,1,48,8,1198,1,-1,4,1,4
2016010005665,2,5,0,18,0,8,1,0,0,0,1,1,2,1,29,6,625,1,9,7,1,7
2016010005666,1,9,0,18,0,1,0,0,0,0,1,1,6,1,57,9,2993,2,3,5,1,5
2016010005666,2,9,0,18,0,1,0,0,0,0,4,1,6,1,20,4,1461,2,9,4,1,4
2016010005667,1,1,0,9,0,5,0,0,0,0,0,1,2,1,31,6,-1,-1,-1,3,1,3
2016010005667,2,9,0,4,0,1,0,0,0,0,0,1,6,1,60,9,4196,1,13,5,1,5
2016010005669,1,3,0,4,0,1,1,0,0,0,3,1,2,1,31,6,125,1,2,5,1,5
2016010005669,2,11,0,18,0,1,0,0,0,0,4,1,6,3,-1,-1,-1,-1,-1,-1,-1,-1
2016010005671,1,9,0,5,0,8,0,0,0,0,1,1,2,1,68,10,4398,1,12,10,2,10
2016010005672,1,8,0,18,0,0,0,0,0,0,3,1,1,1,56,9,2499,2,8,6,1,6
2016010005674,1,9,0,18,0,2,0,0,0,0,2,1,2,1,52,8,1242,1,-1,3,1,3
2016010005674,2,9,0,18,0,1,0,0,0,0,2,1,2,1,55,8,1997,2,9,9,1,9
2016010005674,3,21,0,18,0,1,0,0,0,0,1,1,1,1,24,5,12740,2,6,1,1,1
2016010005675,1,9,0,7,0,6,0,0,0,0,3,1,6,1,40,7,1398,1,6,3,1,3
2016010005675,2,1,0,18,4,1,0,0,0,0,1,1,2,2,28,6,-1,-1,-1,3,1,3
2016010005676,1,9,0,9,0,6,0,0,0,0,1,1,6,2,38,7,1968,2,2,8,1,8
2016010005677,1,9,0,18,0,0,1,0,0,0,1,1,6,1,30,6,5204,1,3,3,1,3
2016010005677,2,5,0,18,0,0,0,0,0,0,2,1,6,1,43,7,988,1,14,10,1,10
2016010005678,1,8,0,4,0,2,0,0,0,0,1,1,1,1,51,8,1797,8,6,2,1,2
2016010005678,2,1,0,18,0,2,0,0,0,0,2,1,6,1,37,7,-1,-1,-1,4,1,4
2016010005680,1,9,0,9,9,0,0,0,1,0,1,1,6,2,56,9,1597,2,-1,6,1,6
2016010005681,1,9,0,9,0,5,0,0,0,0,1,1,6,3,-1,-1,1598,1,14,-1,-1,-1
2016010005681,2,9,0,2,0,1,0,0,0,0,2,1,6,3,-1,-1,2143,2,4,-1,-1,-1
2016010005683,1,8,0,3,0,6,0,0,0,0,1,1,2,1,33,6,1968,2,4,5,1,5
2016010005683,2,3,0,3,0,6,0,0,0,0,2,1,1,1,19,4,125,1,11,-1,-1,-1
2016010005684,1,9,0,18,0,0,0,0,1,0,1,1,2,1,26,6,-1,-1,-1,6,1,6
2016010005684,2,8,0,18,0,0,0,0,0,0,4,1,1,1,49,8,2143,2,5,5,1,5
2016010005685,1,9,0,18,0,0,5,4,0,0,4,1,6,2,51,8,995,1,3,4,1,4
2016010005685,2,9,0,2,0,0,0,0,0,0,3,1,6,3,-1,-1,1339,1,14,-1,-1,-1
2016010005688,1,21,0,16,0,3,0,0,0,0,1,1,2,1,42,7,6728,2,-1,1,1,1
2016010005688,2,9,0,18,0,4,0,9,0,0,1,1,6,1,24,5,2231,2,1,3,1,3
2016010005689,1,9,0,18,0,0,0,0,0,0,2,1,6,2,45,7,1598,1,3,9,1,9
2016010005689,2,9,0,18,0,0,0,0,0,0,1,1,2,1,24,5,1998,1,-1,6,1,6
2016010005690,1,3,0,4,0,0,0,0,0,0,1,1,6,1,22,5,125,1,5,1,1,1
2016010005690,2,8,0,5,0,0,0,0,0,0,2,1,1,1,56,9,2664,2,15,2,1,2
2016010005691,1,20,0,7,0,5,0,0,0,0,2,1,1,1,35,6,-1,-1,-1,7,1,7
2016010005693,1,11,0,4,0,1,0,0,0,0,4,1,1,1,50,8,4500,2,4,5,1,5
2016010005694,1,9,0,18,0,8,1,0,8,10,1,1,6,1,23,5,1000,1,2,10,1,10
2016010005694,2,9,0,9,0,2,0,0,0,0,0,1,6,1,27,6,1199,1,12,7,1,7
2016010005696,1,9,0,17,0,0,1,0,3,10,1,1,6,1,34,6,1984,1,2,3,1,3
2016010005697,1,9,0,18,0,2,0,4,0,0,1,1,6,1,54,8,2143,2,4,2,1,2
2016010005697,2,9,0,5,0,1,0,0,0,0,1,1,6,2,66,10,796,1,16,2,1,2
2016010005697,3,9,0,2,0,1,0,0,0,0,2,1,6,3,-1,-1,1108,1,18,-1,-1,-1
2016010005697,4,9,0,2,0,1,0,0,0,0,1,1,6,3,-1,-1,2148,2,11,-1,-1,-1
2016010005703,1,1,0,18,0,8,-1,0,0,0,4,1,6,2,28,6,-1,-1,-1,3,1,3
2016010005703,2,9,0,18,0,6,0,0,0,0,1,-1,6,1,-1,-1,-1,-1,-1,-1,-1,-1
2016010005706,1,3,0,-1,0,0,1,0,0,0,1,1,6,1,30,6,125,1,7,2,1,2
2016010005706,2,9,0,18,0,0,-1,0,0,0,2,-1,6,1,17,4,1399,2,7,-1,-1,-1
2016010005712,1,19,0,9,0,5,0,0,0,0,1,1,2,1,25,5,1753,2,3,5,1,5
2016010005712,2,5,0,18,0,1,0,0,0,0,3,1,2,1,35,6,599,1,16,4,1,4
2016010005718,1,3,-1,10,0,1,-1,0,-1,0,2,1,6,1,17,4,124,1,1,3,1,3
2016010005718,2,8,-1,10,0,1,-1,0,-1,0,1,-1,6,3,-1,-1,-1,-1,-1,-1,-1,-1
2016010005723,1,3,-1,18,0,0,1,0,0,0,0,1,1,1,26,6,124,1,4,4,1,4
2016010005723,2,9,0,6,0,0,0,0,0,0,0,-1,6,3,-1,-1,1968,2,9,-1,-1,-1
2016010005724,1,1,0,-1,0,-1,0,0,0,0,2,1,6,1,37,7,-1,-1,-1,8,1,8
2016010005724,2,19,-1,13,0,-1,-1,-1,-1,-1,1,-1,6,1,27,6,2402,2,6,-1,-1,-1
2016010005725,1,9,-1,-1,-1,-1,-1,-1,-1,-1,-1,-1,6,3,-1,-1,-1,-1,-1,-1,-1,-1
2016010005728,1,9,-1,-1,0,1,-1,-1,0,0,-1,-1,6,2,37,7,1769,1,13,2,1,2
2016010005728,2,9,-1,18,0,1,-1,-1,0,0,1,-1,6,1,17,4,-1,-1,-1,-1,-1,-1
2016010005731,1,9,0,9,0,8,0,-1,0,0,4,-1,3,1,59,9,-1,-1,-1,-1,1,-1
2016010005731,2,1,-1,-1,0,-1,-1,-1,-1,-1,-1,1,6,1,17,4,-1,-1,-1,-1,1,-1
2016010005733,1,4,0,18,0,1,0,0,0,0,1,1,2,1,23,5,-1,-1,-1,7,1,7
2016010005736,1,8,0,18,0,-1,0,0,0,0,4,1,1,1,63,9,1997,2,1,4,1,4
2016010005736,2,9,0,-1,0,1,0,0,1,-1,-1,1,6,3,-1,-1,-1,-1,-1,-1,-1,-1
2016010005737,1,3,0,18,0,0,-1,0,0,0,1,1,2,1,40,7,124,1,4,8,1,8
2016010005737,2,9,0,-1,0,0,-1,-1,-1,0,-1,-1,6,3,-1,-1,1497,8,7,-1,-1,-1
2016010005738,1,9,0,18,0,0,0,0,0,0,1,1,6,1,61,9,1198,1,1,-1,-1,-1
2016010005738,2,19,0,13,0,0,0,0,0,0,4,-1,6,3,-1,-1,1598,2,9,-1,-1,-1
2016010005741,1,3,-1,18,0,-1,-1,-1,-1,-1,-1,1,6,1,17,4,124,1,6,5,1,5
2016010005742,1,3,0,18,0,0,5,0,0,0,1,1,6,1,38,7,124,1,-1,2,1,2
2016010005743,1,4,0,15,0,2,0,0,0,0,4,1,6,1,28,6,248,1,-1,2,1,2
2016010005743,2,9,0,3,0,2,0,4,1,0,4,1,2,2,44,7,1686,2,10,2,1,2
2016010005748,1,9,0,-1,-1,-1,0,0,0,0,2,1,6,1,60,9,-1,-1,-1,-1,1,-1
2016010005748,2,9,-1,4,-1,1,-1,-1,-1,-1,1,-1,6,3,-1,-1,-1,-1,-1,-1,-1,-1
2016010005749,1,9,0,18,0,1,0,0,-1,0,1,-1,6,2,27,6,1242,1,6,4,1,4
2016010005754,1,9,-1,18,-1,-1,-1,-1,-1,-1,2,-1,6,2,29,6,-1,-1,-1,-1,1,-1
2016010005754,2,9,-1,18,-1,-1,-1,-1,-1,-1,1,-1,6,2,17,4,-1,-1,-1,-1,-1,-1
2016010005757,1,9,-1,-1,0,-1,-1,4,0,0,3,-1,6,2,40,7,1984,2,3,9,1,9
2016010005757,2,19,0,18,0,8,0,0,0,0,3,1,6,1,17,4,2198,2,5,-1,-1,-1
2016010005761,1,9,-1,10,0,-1,0,0,0,0,1,-1,6,2,28,6,1598,1,3,9,1,9
2016010005761,2,9,-1,1,0,-1,0,0,0,0,2,-1,6,1,27,6,1797,8,6,2,1,2
2016010005762,1,9,-1,18,-1,-1,-1,-1,-1,-1,-1,-1,6,1,73,10,1086,1,7,5,1,5
2016010005765,1,9,-1,5,-1,-1,-1,-1,-1,0,-1,1,2,1,26,6,-1,-1,-1,-1,1,-1
2016010005765,2,9,-1,-1,-1,-1,-1,-1,0,0,-1,-1,6,2,17,4,-1,-1,-1,-1,1,-1
2016010005772,1,9,0,9,0,5,0,0,0,0,4,1,6,1,51,8,-1,-1,-1,2,1,2
2016010005772,2,5,0,18,0,1,0,0,0,0,4,1,2,1,47,8,918,1,17,2,1,2
2016010005776,1,9,0,-1,0,2,0,-1,0,0,-1,1,6,3,-1,-1,1791,8,5,-1,-1,-1
2016010005778,1,1,0,14,0,2,0,0,0,0,1,1,6,1,33,6,-1,-1,-1,3,1,3
2016010005781,1,19,0,10,0,1,0,0,0,0,0,1,2,1,62,9,1753,2,8,9,1,9
2016010005781,2,2,0,18,0,1,1,0,0,0,0,1,6,1,63,9,-1,-1,-1,9,1,9
2016010005785,1,9,0,18,0,0,0,0,0,0,1,1,6,1,33,6,2987,2,8,4,1,4
2016010005790,1,9,0,4,0,1,0,0,0,0,1,1,2,1,48,8,1896,2,12,6,1,6
2016010005794,1,9,0,14,0,6,0,11,0,0,1,1,6,1,45,7,1798,1,9,2,1,2
2016010005794,2,3,0,18,0,1,0,0,0,0,1,1,2,1,46,8,124,1,11,5,1,5
2016010005794,3,9,0,18,0,8,0,0,0,0,3,1,2,2,56,9,1242,1,2,2,1,2
2016010005798,1,9,-1,18,0,0,-1,-1,0,0,2,-1,6,1,61,9,1240,1,11,-1,-1,-1
2016010005798,2,9,-1,18,0,0,0,-1,0,0,1,-1,6,3,-1,-1,2979,1,1,-1,-1,-1
2016010005804,1,19,0,3,0,2,0,0,0,0,4,1,1,1,29,6,-1,-1,-1,-1,1,-1
2016010005804,2,19,0,1,0,8,0,4,0,0,2,1,1,1,42,7,-1,-1,-1,-1,1,-1
2016010005809,1,9,0,18,0,0,0,0,1,5,1,1,6,2,47,8,-1,-1,-1,-1,1,-1
2016010005809,2,9,0,18,0,0,0,0,0,0,2,1,1,1,48,8,-1,-1,-1,-1,1,-1
2016010005809,3,9,0,18,0,0,0,0,0,0,2,1,6,1,55,8,-1,-1,-1,-1,1,-1
2016010005814,1,1,-1,18,0,1,-1,-1,0,0,4,1,6,1,33,6,-1,-1,-1,2,1,2
2016010005814,2,9,-1,7,0,1,0,-1,0,0,4,-1,6,3,-1,-1,1998,1,13,-1,-1,-1
2016010005818,1,9,0,16,0,0,5,0,0,0,0,1,6,1,52,8,-1,-1,-1,8,1,8
2016010005822,1,9,0,18,0,0,0,0,0,0,3,1,1,1,33,6,999,1,-1,1,1,1
2016010005822,2,3,0,15,0,0,0,0,0,0,3,1,6,1,21,5,125,1,8,5,1,5
2016010005822,3,21,1,18,0,0,0,0,0,0,3,1,1,1,44,7,12809,2,1,-1,1,-1
2016010005825,1,20,0,3,0,0,0,0,0,0,1,1,2,1,56,9,9200,2,5,-1,-1,-1
2016010005825,2,9,0,14,0,0,1,10,0,0,1,1,1,1,35,6,1598,2,-1,1,1,1
2016010005827,1,19,-1,-1,-1,-1,-1,-1,-1,-1,-1,-1,6,3,-1,-1,-1,-1,-1,-1,-1,-1
2016010005827,2,1,-1,-1,-1,-1,-1,-1,-1,-1,-1,1,6,2,37,7,-1,-1,-1,-1,1,-1
2016010005829,1,4,-1,-1,-1,-1,-1,-1,-1,-1,2,1,6,1,63,9,-1,-1,-1,-1,1,-1
2016010005829,2,9,-1,-1,-1,-1,-1,-1,-1,-1,-1,-1,6,3,-1,-1,-1,-1,-1,-1,-1,-1
2016010005832,1,19,0,4,0,8,0,0,0,0,1,1,6,1,46,8,2198,2,3,-1,-1,-1
2016010005837,1,9,-1,-1,-1,-1,-1,-1,-1,-1,-1,-1,6,1,44,7,-1,-1,-1,-1,1,-1
2016010005840,1,9,0,3,0,1,0,0,0,0,2,1,6,1,52,8,1798,8,-1,4,1,4
2016010005843,1,9,0,18,0,1,0,0,0,0,2,1,1,1,72,10,1895,1,15,9,1,9
2016010005843,2,3,0,18,0,1,0,0,0,0,1,1,2,1,19,4,124,1,5,3,1,3
2016010005846,1,9,0,18,0,8,0,4,0,0,2,1,6,1,47,8,1598,1,11,6,1,6
2016010005846,2,9,0,2,0,8,0,4,0,0,2,1,6,3,-1,-1,1598,1,4,-1,-1,-1
2016010005846,3,9,0,2,0,8,0,0,0,0,2,1,6,3,-1,-1,1796,1,13,-1,-1,-1
2016010005847,1,9,0,4,0,1,1,0,0,0,1,1,2,1,20,4,1391,1,16,8,1,8
2016010005847,2,9,0,3,0,1,0,0,0,0,2,1,2,1,40,7,1999,1,11,8,1,8
2016010005852,1,11,0,5,0,1,0,0,0,0,1,1,1,1,59,9,4500,2,9,6,2,6
2016010005852,2,19,0,2,0,1,0,0,0,0,0,1,6,3,-1,-1,2143,2,6,-1,-1,-1
2016010005865,1,19,0,9,0,7,0,0,0,0,1,1,1,1,34,6,-1,-1,-1,-1,1,-1
2016010005865,2,1,0,18,0,7,0,0,0,0,1,1,6,2,44,7,-1,-1,-1,-1,-1,-1
2016010005872,1,9,0,10,0,8,0,0,7,0,1,1,1,1,20,4,1368,1,2,9,3,9
2016010005872,2,3,0,13,0,6,0,0,0,0,1,1,6,1,18,4,125,1,-1,3,1,3
2016010005873,1,90,0,14,0,8,0,0,0,0,1,1,1,1,27,6,-1,-1,-1,3,1,3
2016010005873,2,5,0,5,0,8,0,0,0,0,2,1,1,1,32,6,1237,1,4,3,1,3
2016010005880,1,11,0,18,0,4,0,0,0,0,0,1,1,1,44,7,6700,2,7,3,1,3
2016010005881,1,9,0,7,0,3,0,0,0,0,4,-1,6,1,55,8,1749,1,14,3,1,3
2016010005882,1,3,0,14,0,1,2,0,0,0,1,1,6,1,31,6,-1,-1,-1,-1,1,-1
2016010005882,2,9,0,9,0,8,0,0,0,0,1,1,1,1,28,6,-1,-1,-1,-1,1,-1
2016010005885,1,3,0,14,0,0,1,0,0,0,1,1,6,1,31,6,125,1,2,9,1,9
2016010005885,2,9,0,6,0,0,0,0,0,0,3,1,6,1,64,9,1390,1,15,10,1,10
2016010005886,1,9,0,9,0,1,0,11,0,0,1,1,6,2,55,8,-1,-1,-1,10,1,10
2016010005886,2,5,0,18,0,1,0,11,0,0,1,1,2,1,36,7,649,1,23,8,1,8
2016010005891,1,9,0,9,0,5,0,0,0,0,3,1,6,2,34,6,-1,-1,-1,-1,1,-1
2016010005891,2,1,0,18,0,1,0,0,0,0,1,1,1,2,43,7,-1,-1,-1,-1,-1,-1
2016010005892,1,19,0,4,0,1,0,0,0,0,1,1,1,1,27,6,1995,2,-1,3,1,3
2016010005893,1,8,0,3,0,2,0,0,0,0,2,1,1,1,32,6,1798,8,3,8,1,8
2016010005893,2,9,0,5,0,1,0,0,0,0,1,1,6,1,-1,-1,2993,2,2,4,1,4
2016010005895,1,9,0,3,0,0,0,0,0,0,2,1,6,2,28,6,1248,2,2,3,1,3
2016010005895,2,1,0,3,0,0,0,0,0,0,1,1,2,2,48,8,-1,-1,-1,4,1,4