Accident_Index,Vehicle_Reference,Vehicle_Type,Towing_and_Articulation,Vehicle_Manoeuvre,Vehicle_Location-Restricted_Lane,Junction_Location,Skidding_and_Overturning,Hit_Object_in_Carriageway,Vehicle_Leaving_Carriageway,Hit_Object_off_Carriageway,1st_Point_of_Impact,Was_Vehicle_Left_Hand_Drive?,Journey_Purpose_of_Driver,Sex_of_Driver,Age_of_Driver,Age_Band_of_Driver,Engine_Capacity_(CC),Propulsion_Code,Age_of_Vehicle,Driver_IMD_Decile,Driver_Home_Area_Type,Vehicle_IMD_Decile
2016010005896,1,9,0,4,0,1,0,0,0,0,2,1,6,2,44,7,1598,1,4,9,1,9
2016010005896,2,9,0,4,0,1,0,0,0,0,2,1,2,2,45,7,998,1,-1,9,1,9
2016010005896,3,20,0,4,0,1,0,0,0,0,1,1,1,1,31,6,4500,2,-1,3,1,3
2016010005897,1,9,0,5,0,8,0,0,0,0,4,2,1,1,25,5,1242,1,1,4,1,4
2016010005897,2,9,0,18,0,8,0,0,0,0,1,1,6,1,40,7,1999,8,-1,5,1,5
2016010005899,1,9,0,9,0,6,0,0,0,0,3,1,2,1,30,6,1598,2,-1,4,1,4
2016010005899,2,5,0,14,0,8,2,0,0,0,1,1,2,2,28,6,748,1,7,9,1,9
2016010005900,1,8,0,18,0,1,0,0,0,0,1,1,6,1,72,10,1896,2,7,2,1,2
2016010005900,2,1,0,12,0,1,0,0,0,0,2,1,6,1,36,7,-1,-1,-1,3,1,3
2016010005902,1,9,0,18,0,0,0,0,0,0,1,1,2,1,35,6,1587,1,11,2,1,2
2016010005902,2,9,0,18,0,0,0,0,0,0,2,1,2,1,51,8,1968,2,3,8,1,8
2016010005902,3,8,0,18,0,0,0,0,0,0,2,1,2,1,61,9,1798,8,1,2,1,2
2016010005903,1,3,0,18,0,1,0,0,0,0,4,1,6,1,22,5,-1,-1,-1,3,1,3
2016010005903,2,3,0,5,0,6,0,0,0,0,1,1,6,3,-1,-1,-1,-1,-1,-1,-1,-1
2016010005904,1,5,0,18,0,0,0,11,0,0,2,1,1,1,31,6,1301,1,-1,7,1,7
2016010005905,1,9,0,18,0,0,0,0,0,0,2,1,2,2,36,7,1560,2,6,4,1,4
2016010005905,2,9,0,18,0,0,0,0,0,0,1,1,6,1,17,4,1364,1,6,3,1,3
2016010005906,1,9,0,18,0,1,0,0,0,0,1,1,2,1,56,9,2995,1,12,4,1,4
2016010005906,2,9,0,3,0,1,0,0,0,0,2,1,2,1,45,7,2488,2,10,9,1,9
2016010005907,1,9,0,18,0,2,0,10,0,0,3,1,6,1,84,11,-1,-1,-1,-1,1,-1
2016010005909,1,9,0,17,0,1,0,0,0,0,1,1,2,1,26,6,1686,2,1,2,1,2
2016010005910,1,9,0,18,0,8,0,0,0,0,3,1,6,1,25,5,1794,1,13,7,1,7
2016010005910,2,9,0,10,0,2,0,0,0,0,3,1,6,2,44,7,1997,2,9,4,1,4
2016010005911,1,9,0,18,0,0,0,0,0,0,4,1,6,1,48,8,998,1,16,4,1,4
2016010005911,2,4,0,18,2,0,2,0,0,0,1,1,6,1,30,6,-1,-1,-1,9,1,9
2016010005912,1,9,0,3,0,1,0,0,0,0,2,2,6,2,38,7,1968,2,6,2,1,2
2016010005912,2,9,0,4,0,1,0,4,0,0,1,2,6,1,55,8,1995,1,14,9,1,9
2016010005912,3,19,0,4,0,1,0,4,0,0,1,2,2,1,21,5,2143,2,-1,4,1,4
2016010005913,1,9,0,4,0,1,0,0,0,0,2,1,6,2,37,7,1086,1,10,2,1,2
2016010005913,2,9,0,4,0,1,0,0,0,0,2,1,6,1,31,6,1997,2,13,4,1,4
2016010005915,1,9,5,18,9,0,3,0,0,0,4,1,6,2,44,7,2497,2,9,1,1,1
2016010005915,2,9,0,18,9,0,0,0,0,0,4,1,6,1,33,6,2993,2,6,7,1,7
2016010005916,1,9,0,12,0,0,0,0,0,0,3,1,1,1,45,7,-1,-1,-1,-1,1,-1
2016010005916,2,4,0,18,0,0,0,0,0,0,1,1,6,1,23,5,-1,-1,-1,-1,1,-1
2016010005917,1,1,0,16,0,2,0,10,1,0,1,1,6,1,53,8,-1,-1,-1,-1,-1,-1
2016010005920,1,8,0,9,0,6,0,0,0,0,3,1,1,1,65,9,-1,-1,-1,-1,1,-1
2016010005920,2,1,0,18,0,1,0,0,0,0,1,1,1,1,19,4,-1,-1,-1,-1,1,-1
2016010005921,1,9,0,18,0,1,0,0,0,0,1,1,6,1,25,5,1910,2,10,7,1,7
2016010005921,2,9,0,4,0,1,0,0,3,10,4,1,6,2,29,6,1587,1,14,4,1,4
2016010005923,1,8,0,7,0,8,0,0,0,0,1,1,1,1,67,10,2497,2,1,3,1,3
2016010005923,2,1,0,18,4,8,0,0,0,0,3,1,2,1,42,7,-1,-1,-1,8,1,8
2016010005924,1,3,0,18,0,1,2,0,0,0,1,1,2,1,23,5,125,1,8,5,1,5
2016010005924,2,9,0,9,0,6,0,0,0,0,3,1,2,1,19,4,-1,-1,-1,3,1,3
2016010005925,1,3,0,18,0,4,0,0,0,0,1,1,1,1,23,5,125,1,4,1,1,1
2016010005925,2,9,0,10,0,3,0,0,0,0,3,1,6,1,58,9,1998,1,14,3,1,3
2016010005926,1,9,0,18,0,8,0,0,0,0,1,1,3,2,50,8,1199,1,16,6,1,6
2016010005926,2,9,0,9,0,8,0,0,0,0,1,1,6,3,-1,-1,1388,1,12,-1,-1,-1
2016010005927,1,9,0,18,0,2,0,0,0,0,1,1,6,1,28,6,1149,1,15,7,1,7
2016010005927,2,9,0,18,0,2,0,0,0,0,1,1,6,1,47,8,2400,2,7,5,1,5
2016010005928,1,9,0,18,0,1,5,7,0,0,3,1,6,1,80,11,1598,1,15,4,1,4
2016010005929,1,9,0,18,0,0,0,0,0,0,1,1,6,1,43,7,3724,1,12,7,1,7
2016010005929,2,3,0,18,0,0,0,0,0,0,2,1,1,1,34,6,108,1,2,-1,-1,-1
2016010005930,1,9,0,18,8,8,0,0,0,0,3,1,1,1,38,7,-1,-1,-1,-1,1,-1
2016010005931,1,9,0,5,0,8,0,0,0,0,1,1,6,1,46,8,2143,2,1,3,1,3
2016010005931,2,9,0,18,0,8,0,4,0,0,1,1,6,1,28,6,1198,1,6,6,1,6
2016010005931,3,9,0,2,0,2,0,0,0,0,2,1,6,3,-1,-1,1769,1,11,-1,-1,-1
2016010005932,1,5,0,18,0,2,2,0,0,0,1,1,6,1,26,6,599,1,14,1,1,1
2016010005932,2,8,0,9,0,1,0,0,0,0,4,1,1,1,49,8,1798,8,-1,1,1,1
2016010005935,1,9,0,18,0,0,0,0,0,0,1,1,6,1,23,5,2993,2,8,2,1,2
2016010005935,2,8,0,18,0,0,0,0,0,0,2,1,6,1,49,8,1798,8,-1,-1,-1,-1
2016010005936,1,8,0,14,0,-1,0,0,-1,-1,1,1,1,1,43,7,2499,2,4,7,1,7
2016010005938,1,8,0,9,0,1,0,0,0,0,1,1,1,1,33,6,1798,8,3,3,1,3
2016010005940,1,9,0,18,9,2,1,10,7,0,0,1,6,1,33,6,1794,1,13,5,1,5
2016010005941,1,9,0,18,0,0,0,0,0,0,1,1,6,3,-1,-1,-1,-1,-1,-1,-1,-1
2016010005942,1,9,0,7,0,6,0,0,0,0,2,1,6,1,30,6,998,1,9,6,1,6
2016010005942,2,9,0,5,0,6,0,0,0,0,1,1,1,1,47,8,2987,2,6,8,1,8
2016010005944,1,8,0,10,0,1,0,0,0,0,1,1,1,1,57,9,1796,1,7,6,1,6
2016010005945,1,9,0,9,0,6,0,0,0,0,1,1,6,1,41,7,-1,-1,-1,4,1,4
2016010005948,1,9,0,7,0,3,0,9,3,1,2,1,6,2,22,5,-1,-1,-1,5,1,5
2016010005948,2,21,0,7,0,3,1,0,0,0,1,1,1,1,55,8,5880,2,10,10,1,10
2016010005949,1,8,0,18,0,1,0,0,0,0,3,1,1,1,54,8,-1,-1,-1,-1,1,-1
2016010005949,2,9,0,18,0,1,0,0,0,0,1,-1,6,3,-1,-1,-1,-1,-1,-1,-1,-1
2016010005951,1,3,0,18,0,1,2,0,0,0,0,1,2,1,35,6,108,1,3,4,1,4
2016010005954,1,9,0,18,0,1,0,0,0,0,1,1,2,1,81,11,1242,1,1,4,1,4
2016010005957,1,9,0,-1,-1,0,0,-1,7,-1,1,1,6,3,-1,-1,-1,-1,-1,-1,-1,-1
2016010005958,1,9,0,18,0,0,0,0,0,0,1,1,6,3,-1,-1,-1,-1,-1,-1,-1,-1
2016010005960,1,3,0,-1,0,0,0,-1,-1,-1,-1,1,6,1,32,6,-1,-1,-1,-1,1,-1
2016010005960,2,9,-1,-1,0,0,-1,-1,-1,-1,-1,1,6,3,-1,-1,-1,-1,-1,-1,-1,-1
2016010005961,1,9,0,3,0,1,0,-1,0,0,2,1,6,2,25,5,2035,1,10,5,1,5
2016010005961,2,9,0,18,0,1,0,-1,0,0,2,1,6,1,17,4,1364,1,8,6,1,6
2016010005966,1,9,0,18,0,0,0,0,0,0,3,1,2,1,38,7,1968,2,6,4,1,4
2016010005966,2,19,0,18,0,0,0,0,0,0,3,1,6,1,30,6,1995,2,9,-1,-1,-1
2016010005968,1,10,0,18,-1,-1,-1,-1,0,0,0,1,1,1,17,4,-1,-1,-1,-1,-1,-1
2016010005968,2,1,-1,-1,-1,-1,-1,-1,0,0,1,1,6,1,45,7,-1,-1,-1,3,1,3
2016010005970,1,9,0,3,0,4,-1,0,0,0,3,-1,6,1,22,5,1229,1,8,8,1,8
2016010005970,2,9,0,15,0,8,0,-1,-1,-1,-1,-1,6,3,-1,-1,-1,-1,-1,-1,-1,-1
2016010005972,1,8,0,5,0,1,0,0,0,0,3,1,1,1,69,10,2499,2,5,-1,-1,-1
2016010005972,2,3,0,18,0,2,2,0,0,0,1,1,2,1,40,7,125,1,1,-1,-1,-1
2016010005974,1,19,-1,2,0,1,0,0,0,0,3,1,6,3,-1,-1,-1,-1,-1,-1,-1,-1
2016010005974,2,1,0,18,0,1,0,8,0,0,4,1,1,1,29,6,-1,-1,-1,-1,1,-1
2016010005977,1,9,0,5,0,8,0,0,0,0,1,1,3,2,34,6,2993,2,11,3,1,3
2016010005982,1,8,0,9,0,1,0,0,0,0,3,1,1,1,51,8,-1,-1,-1,-1,1,-1
2016010005982,2,1,0,18,0,3,0,0,0,0,1,1,1,1,29,6,-1,-1,-1,-1,1,-1
2016010005990,1,9,0,4,0,1,0,0,0,0,2,1,6,1,41,7,-1,-1,-1,9,1,9
2016010005990,2,9,0,4,0,1,0,0,0,0,2,1,1,1,54,8,-1,-1,-1,3,1,3
2016010005990,3,9,0,4,0,1,0,0,0,0,1,1,3,2,25,5,1799,1,9,3,1,3
2016010005992,1,9,-1,-1,-1,-1,-1,-1,-1,-1,-1,1,6,1,49,8,-1,-1,-1,-1,1,-1
2016010005992,2,9,-1,-1,-1,-1,-1,-1,-1,-1,-1,1,6,1,-1,-1,-1,-1,-1,-1,1,-1
2016010005997,1,9,0,5,0,5,0,0,0,0,1,1,3,2,32,6,1398,1,5,4,1,4
2016010005997,2,1,0,18,0,1,1,0,0,0,1,1,2,1,54,8,-1,-1,-1,2,1,2
2016010006001,1,9,-1,-1,-1,-1,-1,-1,-1,-1,-1,-1,6,1,43,7,-1,-1,-1,-1,1,-1
2016010006002,1,11,0,18,0,1,0,0,0,0,3,2,1,1,59,9,-1,-1,-1,-1,-1,-1
2016010006002,2,4,0,18,0,1,1,0,0,0,4,1,2,1,26,6,296,1,2,3,1,3
2016010006002,3,19,0,18,0,1,0,0,0,0,4,1,1,1,50,8,1995,2,5,4,1,4
2016010006007,1,3,0,18,0,3,0,0,0,0,1,1,1,1,21,5,125,1,8,3,1,3
2016010006007,2,9,0,7,0,8,0,0,0,0,0,1,6,3,-1,-1,-1,-1,-1,-1,-1,-1
2016010006008,1,9,0,6,0,8,0,0,0,0,-1,1,6,1,68,10,1797,8,6,-1,-1,-1
2016010006014,1,9,0,16,0,-1,1,11,0,0,1,-1,2,1,26,6,1595,1,9,9,1,9
2016010006016,1,9,0,-1,0,-1,0,0,0,0,3,1,6,1,29,6,1798,1,3,3,1,3
2016010006016,2,19,0,18,0,-1,0,0,0,0,4,1,1,1,63,9,7146,2,8,1,1,1
2016010006020,1,9,-1,3,0,0,0,0,0,0,2,-1,6,2,23,5,996,1,2,5,1,5
2016010006020,2,90,-1,18,0,0,0,0,0,0,1,-1,6,3,-1,-1,-1,-1,-1,-1,-1,-1
2016010006022,1,90,-1,-1,-1,-1,-1,-1,-1,-1,-1,-1,6,3,-1,-1,-1,-1,-1,-1,-1,-1
2016010006027,1,5,0,3,0,1,0,0,0,0,2,1,6,1,29,6,645,1,12,3,1,3
2016010006027,2,19,0,4,0,1,0,0,0,0,1,1,1,1,25,5,2198,2,-1,5,1,5
2016010006029,1,9,0,18,0,3,0,0,0,0,1,1,6,2,21,5,1799,1,5,3,1,3
2016010006030,1,9,-1,18,-1,-1,-1,-1,-1,-1,2,-1,6,1,17,4,-1,-1,-1,-1,-1,-1
2016010006030,2,9,-1,-1,-1,-1,-1,-1,-1,-1,1,-1,6,1,17,4,1598,1,15,3,1,3
2016010006033,1,1,0,18,0,1,-1,-1,-1,-1,-1,1,6,1,38,7,-1,-1,-1,3,1,3
2016010006039,1,9,0,17,0,4,0,0,0,0,2,1,6,2,45,7,1396,2,4,-1,-1,-1
2016010006039,2,19,0,18,0,4,0,0,0,0,1,1,6,1,17,4,2198,2,3,-1,-1,-1
2016010006039,3,9,0,18,0,4,0,0,0,0,0,1,6,3,-1,-1,1248,1,6,-1,-1,-1
2016010006040,1,9,0,5,0,2,0,0,7,0,1,1,2,1,41,7,2656,1,11,3,1,3
2016010006044,1,1,0,18,4,1,1,0,0,0,1,1,6,1,17,4,-1,-1,-1,3,1,3
2016010006044,2,9,0,9,4,5,0,0,0,0,1,1,6,1,25,5,2143,2,5,2,1,2
2016010006045,1,9,0,5,0,8,0,0,0,0,4,1,6,2,52,8,1396,1,14,2,1,2
2016010006045,2,1,0,18,0,8,0,0,0,0,4,1,6,2,52,8,-1,-1,-1,5,1,5
2016010006046,1,1,0,18,2,1,0,0,0,0,1,1,2,2,37,7,-1,-1,-1,8,1,8
2016010006046,2,9,0,11,0,1,0,0,0,0,1,-1,6,3,-1,-1,-1,-1,-1,-1,-1,-1
2016010006048,1,9,0,13,0,0,0,0,0,0,0,1,6,1,55,8,1968,2,13,-1,-1,-1
2016010006048,2,1,0,18,0,0,0,0,0,0,3,1,6,1,38,7,-1,-1,-1,-1,-1,-1
2016010006048,3,1,0,18,0,0,0,0,0,0,3,1,6,1,37,7,-1,-1,-1,9,1,9
2016010006049,1,5,-1,18,0,0,1,-1,-1,-1,-1,1,6,1,36,7,-1,-1,-1,-1,1,-1
2016010006049,2,9,-1,-1,0,0,-1,-1,-1,-1,-1,1,6,1,17,4,-1,-1,-1,-1,-1,-1
2016010006050,1,9,0,18,0,1,0,0,0,0,1,1,1,1,40,7,1997,2,4,2,1,2
2016010006050,2,3,0,18,0,1,0,10,0,0,2,1,1,1,29,6,108,1,-1,3,1,3
2016010006050,3,9,0,18,0,5,0,0,0,0,3,1,6,2,-1,-1,1396,1,14,2,1,2
2016010006055,1,19,0,7,0,8,0,0,0,0,4,1,2,1,38,7,2198,2,8,4,1,4
2016010006055,2,1,0,18,4,1,0,0,0,0,3,1,6,1,26,6,-1,-1,-1,8,1,8
2016010006057,1,9,-1,3,0,0,0,0,0,0,2,-1,6,2,54,8,1396,1,15,2,1,2
2016010006057,2,9,0,18,0,0,0,0,0,0,1,1,6,3,-1,-1,1596,1,11,-1,-1,-1
2016010006061,1,4,0,4,0,1,0,0,0,0,3,1,2,1,26,6,805,1,11,3,1,3
2016010006061,2,9,0,13,0,1,0,0,0,0,4,1,6,3,-1,-1,-1,-1,-1,-1,-1,-1
2016010006062,1,9,0,6,0,0,0,0,0,0,3,1,2,2,45,7,1390,1,4,7,1,7
2016010006062,2,9,0,18,0,0,0,0,0,0,4,1,2,1,53,8,-1,-1,-1,2,1,2
2016010006063,1,5,0,18,0,1,0,0,0,0,1,1,1,1,47,8,649,1,1,2,1,2
2016010006063,2,9,0,9,0,1,0,0,0,0,1,1,1,1,22,5,-1,-1,-1,4,1,4
2016010006064,1,3,0,18,0,1,0,0,0,0,0,1,6,3,-1,-1,-1,-1,-1,-1,-1,-1
2016010006064,2,1,0,18,0,1,0,0,0,0,0,1,2,2,23,5,-1,-1,-1,4,1,4
2016010006068,1,1,0,18,0,8,-1,0,0,0,2,1,6,1,54,8,-1,-1,-1,8,1,8
2016010006068,2,9,0,9,0,8,0,0,0,0,1,-1,6,2,36,7,1339,1,3,5,1,5
2016010006070,1,1,0,18,0,8,0,0,0,0,3,1,2,1,37,7,-1,-1,-1,1,1,1
2016010006073,1,9,0,16,0,3,0,7,7,7,1,1,6,2,25,5,1995,2,11,5,1,5
2016010006073,2,8,0,17,0,4,0,0,0,0,2,1,1,1,49,8,2499,2,9,1,1,1
2016010006073,3,9,0,17,0,1,0,0,0,0,1,1,6,1,74,10,2597,1,16,9,1,9
2016010006075,1,9,0,8,0,1,0,0,0,0,1,1,2,1,32,6,998,1,-1,9,1,9
2016010006077,1,9,0,3,0,1,-1,0,0,0,2,-1,6,2,48,8,-1,-1,-1,-1,1,-1
2016010006077,2,9,-1,18,0,1,-1,-1,0,0,1,-1,6,3,-1,-1,-1,-1,-1,-1,-1,-1
2016010006078,1,9,0,5,0,2,0,0,0,0,1,1,1,1,57,9,-1,-1,-1,10,1,10
2016010006079,1,1,-1,18,0,1,0,0,0,0,1,1,6,1,22,5,-1,-1,-1,-1,1,-1
2016010006079,2,9,-1,5,0,-1,0,0,0,0,1,-1,6,1,44,7,-1,-1,-1,-1,1,-1
2016010006080,1,19,0,3,0,8,0,0,0,0,1,1,1,2,26,6,-1,-1,-1,7,1,7
2016010006080,2,9,0,4,0,8,0,0,0,0,2,1,6,2,44,7,2171,1,12,3,1,3
2016010006080,3,9,0,3,0,8,0,0,0,0,2,1,6,2,48,8,1986,1,2,5,3,5
2016010006081,1,9,-1,-1,-1,-1,-1,-1,-1,-1,-1,1,6,2,52,8,-1,-1,-1,-1,1,-1
2016010006081,2,90,-1,-1,-1,-1,-1,-1,-1,-1,-1,-1,6,3,-1,-1,-1,-1,-1,-1,-1,-1
2016010006084,1,9,0,18,0,0,0,0,0,0,4,1,6,1,71,10,1598,1,10,9,1,9
2016010006087,1,10,0,3,0,8,0,0,0,0,2,1,1,1,26,6,-1,-1,-1,-1,-1,-1
2016010006087,2,1,0,4,0,6,0,0,0,0,1,1,6,1,17,4,-1,-1,-1,4,1,4
2016010006088,1,9,0,18,0,0,0,0,0,0,1,1,3,1,36,7,1998,1,16,3,1,3
2016010006092,1,9,0,-1,0,4,-1,-1,-1,-1,-1,-1,6,1,63,9,-1,-1,-1,-1,1,-1
2016010006092,2,9,-1,-1,0,4,-1,-1,-1,-1,-1,-1,6,1,43,7,-1,-1,-1,-1,1,-1
2016010006096,1,9,0,18,0,0,0,-1,0,0,1,-1,6,2,-1,-1,-1,-1,-1,-1,-1,-1
2016010006097,1,1,0,15,0,0,0,0,0,0,1,1,2,1,46,8,-1,-1,-1,4,1,4
2016010006097,2,8,0,4,0,0,0,0,0,0,4,-1,6,3,-1,-1,2499,2,9,-1,-1,-1
2016010006098,1,8,-1,5,-1,-1,-1,12,-1,0,-1,1,6,3,-1,-1,-1,-1,-1,-1,-1,-1
2016010006099,1,1,0,18,0,2,0,0,1,0,3,1,2,2,32,6,-1,-1,-1,7,1,7
2016010006099,2,8,0,13,0,2,0,0,0,0,4,-1,1,1,46,8,-1,-1,-1,-1,-1,-1
2016010006103,1,11,0,4,2,0,0,0,0,0,1,1,1,1,26,6,4500,2,-1,1,1,1
2016010006106,1,9,0,18,0,0,0,0,0,0,4,2,6,1,29,6,1796,1,12,3,1,3
2016010006106,2,9,0,12,0,0,1,0,0,0,3,1,6,1,26,6,1596,1,12,3,1,3
2016010006106,3,9,0,18,0,0,0,0,0,0,1,1,2,2,32,6,999,1,6,4,1,4
2016010006107,1,9,-1,18,0,0,0,0,0,0,4,-1,6,2,25,5,1242,1,11,5,1,5
2016010006107,2,90,0,18,0,0,0,-1,0,0,-1,1,6,3,-1,-1,5880,2,9,-1,-1,-1
2016010006108,1,9,0,9,0,6,0,0,0,0,1,1,6,2,38,7,2993,2,-1,9,1,9
2016010006108,2,1,0,18,0,8,0,0,0,0,4,1,6,2,49,8,-1,-1,-1,10,1,10
2016010006109,1,4,0,9,0,6,0,0,0,0,2,1,2,1,35,6,125,1,2,5,1,5
2016010006109,2,9,0,9,0,6,0,0,0,0,1,1,2,1,33,6,1796,1,15,5,1,5
2016010006110,1,9,0,18,0,2,0,0,0,0,4,1,6,2,31,6,1332,1,7,3,1,3
2016010006111,1,5,0,9,0,5,0,0,0,0,1,1,2,1,46,8,-1,-1,-1,-1,1,-1
2016010006111,2,9,0,7,0,6,0,0,0,0,1,1,2,2,35,6,-1,-1,-1,-1,2,-1
2016010006112,1,11,0,4,0,6,0,0,0,0,0,1,6,1,39,7,-1,-1,-1,-1,-1,-1
2016010006113,1,11,0,1,0,1,0,0,0,0,2,1,1,2,49,8,5132,2,-1,5,1,5
2016010006113,2,9,0,2,0,1,0,0,0,0,1,1,6,3,-1,-1,1390,1,6,-1,-1,-1
2016010006114,1,4,0,18,0,2,0,0,0,0,3,1,6,1,50,8,-1,-1,-1,6,1,6
2016010006114,2,9,0,5,0,2,0,0,0,0,4,1,6,1,17,4,999,1,2,6,1,6
2016010006115,1,9,-1,-1,-1,-1,-1,0,0,0,3,-1,6,3,-1,-1,-1,-1,-1,-1,-1,-1
2016010006115,2,8,0,3,0,2,0,0,0,0,4,2,1,1,58,9,-1,-1,-1,-1,2,-1
2016010006117,1,9,0,1,0,5,0,0,0,0,0,1,6,2,35,6,1499,2,-1,1,1,1
2016010006117,2,1,0,14,0,8,0,0,0,0,1,1,6,1,38,7,-1,-1,-1,2,1,2
2016010006118,1,3,0,18,0,1,0,0,0,0,1,1,2,1,26,6,124,1,1,4,1,4
2016010006118,2,9,0,3,0,2,0,0,0,0,2,1,2,2,50,8,1598,1,10,2,1,2
2016010006119,1,9,0,4,0,8,0,0,0,0,2,1,6,2,42,7,1598,1,14,5,1,5
2016010006119,2,9,0,4,0,8,0,0,0,0,1,1,6,2,53,8,1598,1,13,3,1,3
2016010006120,1,9,0,18,0,1,0,0,0,0,1,1,6,3,-1,-1,1997,2,4,-1,-1,-1
2016010006120,2,3,0,4,0,1,0,0,0,0,2,1,6,1,38,7,125,1,-1,4,1,4
2016010006122,1,19,0,4,0,1,0,0,0,0,1,1,1,1,34,6,-1,-1,-1,3,1,3
2016010006122,2,8,0,3,0,1,0,0,0,0,2,1,1,1,54,8,1968,2,4,5,1,5
2016010006123,1,9,0,13,0,7,0,0,0,0,1,1,6,1,52,8,1497,8,11,2,1,2
2016010006123,2,3,0,18,0,6,0,0,0,0,2,1,2,1,31,6,125,1,6,4,1,4
2016010006124,1,9,0,9,0,6,0,11,0,0,1,1,6,2,31,6,1591,1,-1,10,1,10
2016010006124,2,9,0,18,0,8,0,11,0,0,4,1,6,2,45,7,2401,2,10,5,1,5
2016010006125,1,9,0,3,0,1,0,0,0,0,2,1,2,2,20,4,1598,2,5,7,1,7
2016010006125,2,21,0,4,0,1,0,4,0,0,1,1,6,1,43,7,10837,2,2,-1,-1,-1
2016010006125,3,11,0,3,0,1,0,0,0,0,2,1,1,2,47,8,4500,2,5,-1,-1,-1
2016010006126,1,4,0,14,0,1,0,0,0,0,1,1,1,1,20,4,125,1,-1,2,1,2
2016010006126,2,9,0,9,0,6,0,0,0,0,3,1,6,1,43,7,1339,1,11,3,1,3
2016010006127,1,9,0,7,0,1,0,0,0,0,1,1,6,1,26,6,-1,-1,-1,-1,1,-1
2016010006128,1,9,0,9,4,5,0,0,0,0,2,1,6,3,-1,-1,1598,2,3,-1,-1,-1
2016010006128,2,1,0,4,4,8,0,0,0,0,1,1,6,1,33,6,-1,-1,-1,3,1,3
2016010006129,1,9,0,7,0,6,0,0,0,0,0,1,3,2,44,7,1197,1,2,7,1,7
2016010006129,2,3,0,18,0,1,0,0,0,0,1,1,1,1,43,7,123,1,-1,3,1,3
2016010006130,1,9,0,18,0,6,0,0,0,0,3,1,6,2,65,9,1198,1,8,9,1,9
2016010006130,2,9,0,18,0,1,0,0,0,0,1,1,2,1,25,5,1968,2,10,-1,-1,-1
2016010006131,1,9,0,18,0,8,0,0,0,0,1,1,6,3,-1,-1,-1,-1,-1,-1,-1,-1
2016010006131,2,1,0,4,0,1,0,0,0,0,2,1,2,1,30,6,-1,-1,-1,5,1,5
2016010006132,1,3,0,13,0,1,0,0,0,0,1,1,6,3,-1,-1,-1,-1,-1,-1,-1,-1
2016010006132,2,1,0,14,0,1,0,0,0,0,3,1,6,1,32,6,-1,-1,-1,4,1,4
2016010006133,1,9,0,14,0,1,0,0,0,0,4,1,6,2,54,8,1339,1,6,8,1,8
2016010006133,2,1,0,9,0,6,0,0,0,0,3,1,3,1,15,3,-1,-1,-1,4,1,4
2016010006134,1,9,0,9,0,2,0,0,0,0,1,1,6,2,52,8,998,1,8,4,1,4
2016010006134,2,9,0,18,0,8,0,0,0,0,1,1,6,3,-1,-1,1598,2,3,-1,-1,-1
2016010006136,1,9,0,18,0,2,0,0,0,0,1,1,1,1,49,8,1900,2,9,8,1,8
2016010006138,1,8,0,16,0,2,0,0,0,0,1,1,1,1,49,8,2143,2,2,1,1,1
2016010006138,2,9,0,3,0,2,0,0,0,0,1,1,2,2,27,6,-1,-1,-1,2,1,2
2016010006139,1,11,0,18,0,8,0,0,0,0,1,1,1,1,69,10,12000,2,7,9,1,9
2016010006140,1,9,0,18,0,2,0,0,0,0,1,1,6,2,72,10,996,1,6,5,1,5
2016010006141,1,9,0,18,0,1,0,0,0,0,1,1,6,1,28,6,1686,2,9,1,1,1
2016010006142,1,9,0,7,0,6,0,0,0,0,1,1,6,1,76,11,1399,1,6,7,1,7
2016010006142,2,9,0,18,0,8,0,0,0,0,4,1,6,1,28,6,1598,1,14,3,1,3
2016010006144,1,9,0,9,0,8,0,0,0,0,1,1,6,1,31,6,-1,-1,-1,-1,1,-1
2016010006144,2,8,0,17,0,8,0,0,0,0,4,1,1,1,47,8,-1,-1,-1,-1,1,-1
2016010006145,1,9,0,15,0,0,0,0,0,0,1,1,1,1,23,5,1390,1,12,5,1,5
2016010006145,2,9,0,10,0,0,0,0,0,0,2,1,2,2,38,7,1596,1,20,5,1,5
2016010006146,1,9,0,9,0,8,0,0,0,0,0,1,6,1,25,5,1229,1,6,4,1,4
2016010006146,2,3,0,18,0,8,5,0,0,0,0,1,6,1,19,4,124,1,19,10,1,10
2016010006147,1,8,0,18,0,0,0,0,0,0,2,2,2,1,53,8,-1,-1,-1,-1,2,-1
2016010006147,2,9,0,18,0,0,0,0,0,0,1,2,2,1,38,7,-1,-1,-1,-1,1,-1
2016010006148,1,9,0,18,0,2,1,0,0,0,1,1,6,1,25,5,-1,-1,-1,7,1,7
2016010006148,2,8,0,18,0,1,0,4,0,0,1,1,6,1,26,6,2143,2,4,6,1,6
2016010006149,1,2,0,18,0,8,0,0,0,0,1,1,6,3,-1,-1,-1,-1,-1,-1,-1,-1
2016010006149,2,1,0,9,0,8,1,0,0,0,1,1,6,1,52,8,-1,-1,-1,4,1,4
2016010006152,1,11,0,18,0,1,0,0,0,0,0,1,6,3,-1,-1,-1,-1,-1,-1,-1,-1
2016010006153,1,8,0,3,0,1,0,0,0,0,2,1,1,1,37,7,1968,2,1,4,1,4
2016010006153,2,9,0,18,0,1,0,4,0,0,1,1,6,3,-1,-1,1968,2,12,-1,-1,-1
2016010006154,1,9,0,18,0,1,0,0,0,0,3,1,6,1,25,5,1995,2,7,7,1,7
2016010006155,1,9,0,18,0,1,0,0,0,0,1,1,6,2,39,7,1598,1,8,5,1,5
2016010006156,1,9,0,4,0,1,0,0,0,0,1,1,6,2,35,6,1397,1,7,5,1,5