Accident_Index,Vehicle_Reference,Vehicle_Type,Towing_and_Articulation,Vehicle_Manoeuvre,Vehicle_Location-Restricted_Lane,Junction_Location,Skidding_and_Overturning,Hit_Object_in_Carriageway,Vehicle_Leaving_Carriageway,Hit_Object_off_Carriageway,1st_Point_of_Impact,Was_Vehicle_Left_Hand_Drive?,Journey_Purpose_of_Driver,Sex_of_Driver,Age_of_Driver,Age_Band_of_Driver,Engine_Capacity_(CC),Propulsion_Code,Age_of_Vehicle,Driver_IMD_Decile,Driver_Home_Area_Type,Vehicle_IMD_Decile
2016010006157,1,9,0,17,0,2,0,0,0,0,0,1,6,3,-1,-1,-1,-1,-1,-1,-1,-1
2016010006157,2,1,0,18,0,2,0,10,0,0,0,1,6,1,34,6,-1,-1,-1,4,1,4
2016010006158,1,9,0,18,0,2,0,0,0,0,2,1,6,2,50,8,1998,1,-1,3,1,3
2016010006158,2,8,0,18,0,1,0,0,0,0,1,1,1,1,52,8,2148,2,7,5,1,5
2016010006158,3,9,0,18,0,8,0,0,0,0,2,1,1,1,39,7,2143,2,1,2,1,2
2016010006159,1,8,0,4,0,1,0,0,0,0,1,1,1,1,41,7,1797,8,6,4,1,4
2016010006159,2,9,0,4,0,3,0,0,0,0,0,1,1,1,37,7,1560,2,2,6,1,6
2016010006159,3,9,0,18,0,3,0,0,0,0,1,1,6,1,45,7,998,1,-1,1,1,1
2016010006160,1,9,0,4,0,1,0,0,0,0,4,1,6,1,46,8,1598,1,13,9,1,9
2016010006160,2,1,0,18,0,1,0,0,0,0,1,1,6,1,46,8,-1,-1,-1,2,1,2
2016010006161,1,9,0,16,0,8,1,10,5,1,1,1,6,3,-1,-1,1991,1,2,-1,-1,-1
2016010006161,2,8,0,17,7,8,0,0,0,0,2,1,6,1,30,6,1798,8,1,3,1,3
2016010006161,3,8,0,16,7,8,0,0,0,0,3,1,6,1,40,7,1797,8,5,2,1,2
2016010006164,1,1,0,18,5,2,0,0,0,0,0,1,6,2,34,6,-1,-1,-1,3,1,3
2016010006168,1,3,0,15,0,1,0,4,0,0,1,1,6,1,38,7,125,1,2,2,1,2
2016010006168,2,9,0,4,0,1,0,0,0,0,2,1,1,1,36,7,-1,-1,-1,8,1,8
2016010006169,1,9,0,16,0,4,0,0,0,0,1,1,6,3,-1,-1,-1,-1,-1,-1,-1,-1
2016010006169,2,8,0,18,0,8,0,0,0,0,4,1,2,1,57,9,2148,2,8,3,1,3
2016010006174,1,9,0,9,0,8,0,0,0,0,4,1,6,2,54,8,1199,2,2,4,1,4
2016010006174,2,5,0,18,0,8,2,0,0,0,1,1,6,1,41,7,599,1,7,5,1,5
2016010006175,1,9,0,18,0,0,0,4,0,0,1,1,6,2,30,6,2143,2,7,8,1,8
2016010006175,2,9,0,2,0,0,0,4,0,0,2,1,6,3,-1,-1,1390,1,4,-1,-1,-1
2016010006175,3,9,0,2,0,0,0,4,0,0,2,1,6,3,-1,-1,1390,1,14,-1,-1,-1
2016010006177,1,9,0,18,0,2,0,0,0,0,4,1,6,1,44,7,1753,2,9,10,1,10
2016010006178,1,8,0,18,0,1,0,4,0,0,1,1,1,1,49,8,1598,1,4,10,1,10
2016010006178,2,9,0,3,0,1,0,0,0,0,2,1,6,1,40,7,1497,8,7,9,1,9
2016010006180,1,9,0,18,0,2,1,0,0,0,4,1,6,1,34,6,1590,1,12,3,1,3
2016010006180,2,19,0,5,0,1,0,0,0,0,1,1,2,1,54,8,1560,2,2,6,1,6
2016010006181,1,11,0,4,0,1,0,0,0,0,0,1,6,1,32,6,9000,2,7,4,1,4
2016010006184,1,9,0,3,0,1,0,0,0,0,2,1,1,1,54,8,1910,2,8,-1,-1,-1
2016010006184,2,21,0,5,0,1,0,0,0,0,1,1,1,1,28,6,6692,2,8,-1,-1,-1
2016010006185,1,9,0,17,0,1,0,0,0,0,1,1,6,1,30,6,1248,2,10,-1,-1,-1
2016010006189,1,9,0,9,0,8,0,0,0,0,3,1,6,2,45,7,998,1,2,3,1,3
2016010006189,2,9,0,18,0,8,0,0,0,0,1,1,6,2,33,6,1910,2,9,-1,-1,-1
2016010006190,1,9,0,18,0,0,1,7,1,4,1,1,6,1,25,5,1781,1,15,2,1,2
2016010006191,1,9,0,5,0,6,0,0,0,0,4,1,6,1,50,8,2401,2,10,5,1,5
2016010006191,2,2,0,18,0,8,0,0,0,0,1,1,1,1,26,6,108,1,1,4,1,4
2016010006192,1,19,0,6,0,0,0,0,0,0,2,1,1,1,45,7,-1,-1,-1,5,2,5
2016010006192,2,8,0,18,0,0,0,0,0,0,1,1,1,1,45,7,1968,2,4,2,1,2
2016010006193,1,8,0,5,0,6,0,0,0,0,1,1,6,1,38,7,1995,2,8,4,1,4
2016010006193,2,9,0,18,0,1,0,0,0,0,1,1,6,3,-1,-1,973,1,15,-1,-1,-1
2016010006193,3,9,0,18,0,1,0,0,0,0,0,1,6,2,33,6,1499,2,-1,3,1,3
2016010006194,1,9,0,9,0,6,0,0,0,0,1,1,6,2,21,5,1242,1,2,6,1,6
2016010006195,1,8,0,8,0,0,0,0,0,0,3,1,1,1,44,7,-1,-1,-1,-1,1,-1
2016010006195,2,9,0,4,0,0,0,0,0,0,1,1,6,2,26,6,-1,-1,-1,-1,1,-1
2016010006197,1,19,0,18,0,8,0,0,0,0,2,1,1,1,36,7,2148,2,9,3,1,3
2016010006197,2,9,0,17,0,8,0,0,0,0,1,1,6,1,53,8,1995,2,11,3,1,3
2016010006199,1,9,0,18,0,8,0,0,0,0,1,1,6,2,63,9,1598,1,6,9,1,9
2016010006199,2,9,0,5,0,8,0,0,0,0,4,1,6,2,54,8,1360,1,14,2,1,2
2016010006200,1,9,0,18,0,1,0,0,0,0,4,1,6,3,-1,-1,-1,-1,-1,-1,-1,-1
2016010006201,1,9,0,3,0,1,0,0,0,0,1,1,6,1,38,7,1968,2,8,4,1,4
2016010006201,2,9,0,3,0,1,0,0,0,0,2,1,6,2,52,8,1498,1,1,3,1,3
2016010006202,1,5,0,7,0,1,0,0,0,0,1,1,6,1,37,7,-1,-1,-1,-1,1,-1
2016010006202,2,9,0,9,0,8,0,0,0,0,3,1,3,2,35,6,-1,-1,-1,-1,1,-1
2016010006204,1,11,0,15,2,6,0,0,0,0,0,1,1,1,36,7,4500,2,1,2,1,2
2016010006205,1,9,0,3,0,1,0,0,0,0,2,1,1,1,50,8,-1,-1,-1,-1,-1,-1
2016010006205,2,19,0,5,0,1,0,0,0,0,1,1,2,1,24,5,-1,-1,-1,3,1,3
2016010006206,1,9,0,18,0,1,0,11,0,0,4,1,6,1,29,6,-1,-1,-1,-1,1,-1
2016010006206,2,19,0,5,0,1,0,11,0,0,3,1,6,1,35,6,-1,-1,-1,-1,1,-1
2016010006207,1,9,0,9,0,2,0,4,0,0,1,1,6,2,48,8,995,1,11,8,1,8
2016010006208,1,11,0,18,0,1,0,0,0,0,0,1,6,1,52,8,-1,-1,-1,-1,-1,-1
2016010006208,2,9,0,18,0,1,0,0,0,0,0,-1,6,3,-1,-1,2143,2,4,-1,-1,-1
2016010006209,1,9,0,18,0,8,0,0,0,0,3,1,6,1,30,6,1198,1,13,-1,-1,-1
2016010006209,2,9,0,15,0,8,0,0,0,0,1,1,1,1,23,5,1242,1,10,-1,-1,-1
2016010006209,3,9,0,18,0,8,0,0,0,0,1,1,6,1,63,9,1197,1,-1,5,1,5
2016010006210,1,3,0,3,0,1,1,4,0,0,1,1,1,1,21,5,124,1,-1,2,1,2
2016010006210,2,9,0,4,0,2,0,0,0,0,2,1,6,3,-1,-1,-1,-1,-1,-1,-1,-1
2016010006211,1,9,0,9,0,5,0,0,0,0,1,1,6,1,26,6,1339,8,7,-1,-1,-1
2016010006211,2,3,0,18,0,1,0,0,2,10,1,1,6,1,17,4,125,1,7,2,1,2
2016010006212,1,11,0,18,0,3,0,0,0,0,1,1,1,1,60,9,9000,2,6,4,1,4
2016010006212,2,9,0,4,0,3,0,0,0,0,2,1,6,1,49,8,1360,1,11,2,1,2
2016010006214,1,9,0,5,0,8,0,0,0,0,1,1,6,1,23,5,1198,1,10,3,1,3
2016010006215,1,9,0,14,0,0,0,0,0,0,1,1,6,2,71,10,1149,1,11,5,1,5
2016010006217,1,9,0,9,0,8,0,0,0,0,1,1,6,1,63,9,1990,1,13,6,1,6
2016010006217,2,90,0,18,0,2,5,0,0,0,1,1,1,1,42,7,-1,-1,-1,1,1,1
2016010006218,1,9,-1,18,0,0,-1,0,0,0,0,-1,6,3,-1,-1,-1,-1,-1,-1,-1,-1
2016010006219,1,3,0,18,0,1,0,0,0,0,1,1,6,1,26,6,124,1,-1,5,1,5
2016010006220,1,5,0,13,0,1,0,0,0,0,1,1,6,1,27,6,-1,-1,-1,-1,1,-1
2016010006220,2,1,0,9,0,1,0,0,0,0,3,1,6,1,15,3,-1,-1,-1,-1,-1,-1
2016010006221,1,9,0,18,0,8,5,7,0,0,1,1,6,1,22,5,1896,2,12,3,1,3
2016010006222,1,9,0,3,0,0,0,0,0,0,2,1,2,2,61,9,2148,2,8,6,1,6
2016010006222,2,9,0,18,0,0,0,0,0,0,1,1,6,2,26,6,2776,2,8,6,1,6
2016010006223,1,9,0,6,2,1,0,0,0,0,1,1,6,1,30,6,1360,1,12,2,1,2
2016010006223,2,3,0,18,2,1,0,0,0,0,4,1,1,1,31,6,125,1,1,3,1,3
2016010006224,1,11,0,18,0,0,0,0,0,0,1,1,1,1,33,6,-1,-1,-1,3,1,3
2016010006225,1,5,0,4,0,1,0,0,0,0,1,1,6,1,31,6,599,1,13,2,1,2
2016010006225,2,8,0,9,0,8,0,0,0,0,1,1,6,1,50,8,2499,2,5,2,1,2
2016010006226,1,2,0,4,0,7,0,0,0,0,0,1,1,1,23,5,108,1,3,2,1,2
2016010006227,1,3,0,3,0,1,0,0,0,0,2,1,6,1,25,5,108,1,3,3,1,3
2016010006227,2,9,0,18,0,1,0,0,0,0,1,1,6,3,-1,-1,-1,-1,-1,-1,-1,-1
2016010006228,1,3,0,16,0,0,0,0,0,0,3,1,1,1,20,4,125,1,6,7,1,7
2016010006228,2,9,0,15,0,0,0,0,0,0,4,1,6,2,-1,-1,2993,2,3,8,1,8
2016010006229,1,11,0,3,2,8,0,0,0,0,1,1,1,1,56,9,5132,2,-1,6,1,6
2016010006229,2,9,0,17,0,8,1,0,0,0,1,1,6,1,35,6,1598,1,3,5,1,5
2016010006229,3,9,0,17,0,8,0,0,0,0,3,1,6,1,31,6,1590,1,14,7,1,7
2016010006230,1,8,0,3,0,0,0,0,0,0,0,1,1,1,39,7,1797,8,6,2,1,2
2016010006231,1,9,0,9,0,6,0,0,0,0,1,1,6,1,25,5,1596,1,5,6,1,6
2016010006231,2,3,0,14,0,1,1,0,0,0,2,1,6,2,38,7,125,1,3,6,1,6
2016010006232,1,9,0,1,0,0,0,0,0,0,2,1,6,3,-1,-1,-1,-1,-1,-1,-1,-1
2016010006233,1,5,0,17,0,4,2,0,0,0,4,1,2,1,35,6,689,1,-1,9,1,9
2016010006233,2,9,0,17,0,4,0,0,0,0,1,2,2,1,32,6,1997,2,6,6,1,6
2016010006235,1,9,0,18,0,2,0,0,0,0,3,1,6,1,54,8,-1,-1,-1,-1,1,-1
2016010006236,1,19,0,3,0,1,0,0,0,0,2,1,2,1,44,7,2402,2,14,5,1,5
2016010006237,1,9,0,3,0,8,0,0,0,0,2,1,6,1,21,5,1149,1,3,4,1,4
2016010006237,2,9,0,18,2,8,0,0,0,0,1,1,6,1,22,5,1386,1,11,5,1,5
2016010006238,1,9,0,18,0,1,0,0,0,0,1,1,6,2,48,8,1839,1,13,2,1,2
2016010006240,1,3,0,18,0,8,1,0,0,0,0,1,2,2,31,6,125,1,-1,4,1,4
2016010006241,1,9,0,4,0,1,0,0,0,0,2,1,6,2,25,5,2143,2,-1,1,1,1
2016010006241,2,9,0,18,0,1,0,0,0,0,1,1,6,1,20,4,1242,1,11,7,1,7
2016010006241,3,9,0,2,0,2,0,0,0,0,1,1,6,3,-1,-1,1995,1,10,-1,-1,-1
2016010006241,4,9,0,2,0,2,0,0,0,0,3,1,6,3,-1,-1,1229,1,3,-1,-1,-1
2016010006241,5,9,0,2,0,2,0,0,0,0,1,1,6,3,-1,-1,1984,6,18,-1,-1,-1
2016010006242,1,9,0,9,0,1,0,0,0,0,1,1,6,2,51,8,1597,2,2,2,1,2
2016010006243,1,5,0,13,0,1,0,0,0,0,1,1,6,1,34,6,689,1,1,5,1,5
2016010006243,2,9,0,9,0,1,0,0,1,0,3,1,6,2,17,4,1798,1,6,4,1,4
2016010006244,1,4,0,7,0,3,0,0,0,0,2,1,6,1,38,7,249,1,-1,2,1,2
2016010006244,2,11,0,5,0,8,0,0,0,0,1,1,1,1,57,9,4500,2,6,2,1,2
2016010006245,1,9,0,4,0,8,0,0,0,0,1,1,6,1,46,8,1598,1,5,5,1,5
2016010006246,1,4,0,18,0,1,2,0,0,0,1,1,6,1,34,6,125,1,-1,2,1,2
2016010006246,2,9,0,10,0,1,0,0,0,0,4,1,6,2,53,8,996,1,3,1,1,1
2016010006247,1,8,0,9,0,8,0,0,0,0,1,1,2,1,37,7,1497,8,7,4,1,4
2016010006248,1,3,0,7,0,3,0,0,0,0,4,1,1,1,21,5,-1,-1,-1,4,1,4
2016010006248,2,9,0,9,0,8,0,0,0,0,3,2,6,2,25,5,1587,1,9,5,1,5
2016010006249,1,9,0,18,0,0,0,0,0,0,1,1,6,2,77,11,998,1,7,9,1,9
2016010006249,2,9,0,2,0,0,0,0,0,0,2,1,6,3,-1,-1,1388,1,4,-1,-1,-1
2016010006250,1,19,0,3,0,2,0,4,0,0,1,1,1,1,19,4,2198,2,9,7,1,7
2016010006250,2,9,0,18,0,2,0,0,0,0,2,1,6,2,25,5,1560,2,6,4,1,4
2016010006251,1,9,0,5,0,8,0,0,0,0,1,1,6,1,66,10,1796,1,10,2,1,2
2016010006252,1,3,0,10,0,8,0,0,0,0,2,1,6,2,35,6,125,1,1,4,1,4
2016010006252,2,9,0,4,0,1,0,0,0,0,1,1,6,1,44,7,2148,2,13,3,1,3
2016010006253,1,9,0,18,0,0,0,0,0,0,1,1,6,2,55,8,1242,1,9,4,1,4
2016010006254,1,9,0,9,0,8,0,0,0,0,4,1,6,2,43,7,1997,1,9,6,1,6
2016010006254,2,9,0,18,0,8,0,0,0,0,1,1,6,1,46,8,1999,1,10,5,1,5
2016010006256,1,9,0,9,0,0,0,0,0,0,1,1,6,2,37,7,1598,1,9,1,1,1
2016010006257,1,9,0,9,0,3,0,0,0,0,4,1,6,2,33,6,1399,2,12,7,3,7
2016010006257,2,19,0,18,0,4,0,0,0,0,1,1,6,1,44,7,1998,2,12,5,1,5
2016010006259,1,9,0,18,0,8,0,0,0,0,0,1,6,2,20,4,1560,2,3,8,1,8
2016010006259,2,9,0,18,0,8,0,0,0,0,1,1,6,2,18,4,1339,1,12,6,1,6
2016010006261,1,9,0,18,0,0,0,0,0,0,1,1,6,1,48,8,998,1,14,3,1,3
2016010006262,1,11,0,12,0,0,0,0,0,0,0,1,1,1,42,7,-1,-1,-1,-1,1,-1
2016010006263,1,9,0,11,0,2,0,0,0,0,2,1,6,2,29,6,1595,1,7,7,1,7
2016010006263,2,9,0,4,0,2,0,0,0,0,1,1,2,1,46,8,1390,1,12,10,1,10
2016010006264,1,9,0,18,0,8,0,0,0,0,2,1,6,2,-1,-1,-1,-1,-1,3,1,3
2016010006264,2,1,0,18,0,1,0,0,0,0,1,1,6,1,-1,-1,-1,-1,-1,2,1,2
2016010006266,1,8,0,18,0,8,0,7,0,0,4,1,1,1,47,8,1968,2,6,6,1,6
2016010006266,2,9,0,17,0,6,0,0,0,0,1,1,6,1,37,7,-1,-1,-1,10,1,10
2016010006267,1,8,0,9,0,8,0,0,0,0,3,1,1,1,48,8,-1,-1,-1,-1,1,-1
2016010006267,2,9,0,18,0,4,0,0,0,0,1,1,6,1,-1,-1,-1,-1,-1,-1,1,-1
2016010006269,1,9,0,9,0,8,0,4,0,0,1,1,6,2,28,6,999,1,8,-1,-1,-1
2016010006269,2,9,0,18,0,1,0,4,1,0,1,1,6,1,29,6,5204,1,-1,1,1,1
2016010006271,1,9,0,18,0,0,0,0,0,0,1,1,6,1,57,9,3199,1,17,10,1,10
2016010006272,1,9,0,18,0,8,0,0,0,0,1,1,6,1,31,6,2400,2,10,2,1,2
2016010006272,2,11,0,18,0,8,0,0,1,1,4,1,1,1,63,9,4461,2,3,8,3,8
2016010006277,1,8,0,9,0,8,0,0,0,0,1,1,1,1,42,7,2148,2,7,4,1,4
2016010006277,2,1,0,18,0,8,5,0,0,0,3,1,1,1,26,6,-1,-1,-1,3,1,3
2016010006278,1,9,0,4,0,1,0,0,0,0,1,1,6,3,-1,-1,1956,2,6,-1,-1,-1
2016010006278,2,9,0,3,0,1,0,0,0,0,2,1,6,1,32,6,1997,2,10,3,1,3
2016010006278,3,9,0,3,0,1,0,0,0,0,2,1,6,2,31,6,1240,1,13,3,1,3
2016010006279,1,9,0,13,0,0,0,0,0,0,4,1,6,1,48,8,2400,2,7,3,1,3
2016010006279,2,9,0,18,0,0,1,0,0,0,3,1,6,1,26,6,2987,2,9,1,1,1
2016010006283,1,8,0,3,0,1,0,0,0,0,1,1,1,1,44,7,2402,2,11,10,1,10
2016010006283,2,8,0,3,0,1,0,0,0,0,4,1,1,1,43,7,1797,8,4,6,1,6
2016010006283,3,9,0,16,0,2,0,4,0,0,1,1,6,1,21,5,1499,1,1,8,1,8
2016010006284,1,9,0,5,0,1,0,0,0,0,2,1,6,1,52,8,-1,3,3,6,1,6
2016010006284,2,2,0,5,0,1,0,0,0,0,2,1,6,1,27,6,108,1,-1,6,1,6
2016010006284,3,9,0,5,0,1,0,0,0,0,1,1,6,1,51,8,1686,2,3,2,1,2
2016010006285,1,8,0,5,0,0,0,0,0,0,1,1,6,3,-1,-1,-1,-1,-1,-1,-1,-1
2016010006286,1,9,0,4,0,8,0,0,0,0,2,2,6,1,48,8,1318,1,-1,6,1,6
2016010006286,2,8,0,4,0,8,0,0,0,0,1,2,1,1,49,8,2499,2,4,8,1,8
2016010006288,1,9,0,4,0,1,0,0,0,0,1,1,6,2,57,9,998,1,14,7,1,7
2016010006288,2,9,0,3,0,1,0,0,0,0,2,1,6,2,58,9,1339,1,1,2,1,2
2016010006289,1,9,0,4,0,0,0,0,0,0,2,1,6,2,38,7,-1,-1,-1,6,1,6
2016010006289,2,9,0,18,0,0,1,0,0,0,1,1,6,2,33,6,2179,2,3,6,1,6
2016010006290,1,9,0,18,0,4,0,0,0,0,1,1,6,1,78,11,1240,1,11,7,1,7
2016010006290,2,9,0,18,0,3,0,0,0,0,4,1,6,1,47,8,1998,2,10,9,1,9
2016010006291,1,9,0,5,0,3,0,0,0,0,1,1,2,2,40,7,1598,1,8,2,1,2
2016010006292,1,9,0,18,0,1,0,0,0,0,1,1,6,1,23,5,1896,2,9,6,1,6
2016010006292,2,9,0,3,0,1,0,0,0,0,0,1,6,2,42,7,1595,1,13,9,1,9
2016010006292,3,2,0,18,0,2,0,0,0,0,1,1,1,1,17,4,109,1,-1,3,1,3
2016010006294,1,9,0,18,0,0,0,0,0,0,1,1,6,3,-1,-1,-1,-1,-1,-1,-1,-1
2016010006295,1,9,4,18,0,0,0,0,0,0,1,1,6,1,43,7,3200,2,10,9,1,9
2016010006296,1,9,0,17,0,0,0,0,0,0,1,1,6,1,25,5,1397,1,8,5,1,5
2016010006296,2,2,0,16,0,0,0,0,0,0,1,1,6,3,-1,-1,49,1,6,-1,-1,-1
2016010006297,1,9,0,5,0,4,0,0,0,0,1,1,6,2,42,7,998,1,-1,8,1,8
2016010006297,2,1,0,5,0,4,0,0,0,0,2,1,6,1,29,6,-1,-1,-1,9,1,9
2016010006298,1,9,0,18,0,0,5,0,0,0,4,1,6,2,26,6,1461,2,3,9,1,9
2016010006298,2,9,0,2,0,0,0,0,0,0,2,1,6,3,-1,-1,1596,1,7,-1,-1,-1
2016010006298,3,9,0,2,0,0,0,0,0,0,3,1,6,3,-1,-1,1596,1,1,-1,-1,-1
2016010006298,4,9,0,2,0,0,0,0,0,0,0,1,6,3,-1,-1,-1,-1,-1,-1,-1,-1
2016010006299,1,9,-1,-1,-1,0,-1,0,0,0,1,-1,6,3,-1,-1,1798,1,9,-1,-1,-1
2016010006300,1,9,0,9,0,1,-1,-1,0,0,-1,1,3,2,56,9,2688,2,12,6,1,6
2016010006301,1,9,0,9,0,5,0,0,0,0,3,1,6,1,47,8,1910,2,9,1,1,1
2016010006301,2,9,0,13,0,8,0,0,0,0,1,1,6,1,20,4,1995,2,8,2,1,2
2016010006303,1,9,0,12,0,1,0,0,0,0,3,1,6,2,27,6,1461,2,2,8,1,8
2016010006303,2,5,0,4,0,1,0,0,0,0,3,1,6,1,65,9,996,1,12,-1,-1,-1
2016010006305,1,3,0,16,0,1,2,0,0,0,1,1,6,1,23,5,125,1,1,2,1,2
2016010006305,2,19,0,3,0,1,0,0,0,0,2,1,1,1,33,6,2151,2,13,6,1,6
2016010006308,1,9,0,18,0,6,0,4,7,0,1,1,6,1,77,11,-1,-1,-1,-1,1,-1
2016010006308,2,9,0,2,0,1,0,0,0,0,1,1,6,3,-1,-1,-1,-1,-1,-1,-1,-1
2016010006309,1,9,0,18,0,1,0,0,0,0,1,1,6,3,-1,-1,-1,-1,-1,-1,-1,-1
2016010006310,1,9,0,7,0,5,0,0,0,0,1,1,6,1,27,6,1390,1,14,-1,1,-1
2016010006310,2,4,0,18,6,8,2,0,0,0,1,1,2,2,38,7,599,1,6,7,1,7
2016010006312,1,9,0,18,0,1,0,0,0,0,1,1,6,1,24,5,2295,1,16,2,1,2
2016010006312,2,9,0,3,0,1,0,0,0,0,2,1,6,1,19,4,1229,1,5,8,1,8
2016010006312,3,9,0,3,0,1,0,0,0,0,2,1,6,1,41,7,1900,2,11,1,1,1
2016010006313,1,19,0,18,0,3,0,0,0,0,4,1,1,1,26,6,1968,2,-1,-1,-1,-1
2016010006313,2,5,0,18,0,3,1,0,0,0,3,1,6,1,48,8,865,1,9,4,1,4
2016010006316,1,2,0,11,0,2,0,0,0,0,1,1,6,1,31,6,108,1,3,8,1,8
2016010006316,2,90,0,18,0,2,0,0,0,0,3,2,2,1,25,5,-1,-1,-1,4,1,4
2016010006316,3,9,0,13,0,2,0,0,0,0,0,1,1,1,40,7,1997,2,3,1,1,1
2016010006317,1,9,0,18,0,1,0,0,0,0,1,1,6,1,28,6,1950,2,-1,5,1,5
2016010006317,2,3,0,9,0,2,0,0,0,0,3,1,6,1,21,5,125,1,5,1,1,1
2016010006318,1,9,0,4,0,0,0,0,0,0,1,1,6,2,33,6,2967,2,1,5,1,5
2016010006318,2,9,0,4,0,0,0,0,0,0,2,1,6,2,24,5,2179,2,1,8,1,8
2016010006319,1,9,0,18,0,0,0,4,7,0,1,1,6,1,40,7,1389,1,11,2,1,2
2016010006319,2,9,0,2,0,0,0,0,0,0,2,1,6,3,-1,-1,-1,-1,-1,-1,-1,-1
2016010006319,3,9,0,2,0,0,0,0,0,0,2,1,6,3,-1,-1,1364,1,2,-1,-1,-1
2016010006322,1,9,0,18,0,0,0,0,0,0,1,1,6,3,-1,-1,-1,-1,-1,-1,-1,-1
2016010006323,1,9,0,18,0,1,0,0,0,0,1,1,6,2,32,6,1995,2,-1,6,1,6
2016010006323,2,9,0,18,0,1,0,0,0,0,2,1,6,1,54,8,1199,1,14,-1,-1,-1
2016010006323,3,9,0,18,0,1,0,0,0,0,2,1,6,1,39,7,1968,2,3,8,2,8
2016010006324,1,3,0,14,0,1,1,0,0,0,1,1,1,1,17,4,109,1,3,4,1,4
2016010006324,2,9,0,9,0,1,0,0,0,0,1,1,6,1,23,5,1242,1,9,7,1,7
2016010006325,1,8,0,18,0,0,0,0,0,0,2,1,6,1,39,7,1995,2,3,4,1,4
2016010006325,2,19,0,18,0,0,0,0,0,0,2,1,2,1,24,5,1560,2,1,5,1,5
2016010006325,3,9,0,18,0,0,0,0,0,0,2,1,6,2,46,8,1995,2,5,9,1,9
2016010006325,4,9,0,18,0,0,0,0,0,0,1,1,6,2,66,10,2987,2,7,10,1,10
2016010006326,1,9,0,18,0,8,1,0,0,0,4,1,6,1,69,10,-1,-1,-1,-1,1,-1
2016010006326,2,9,0,18,0,6,0,0,0,0,1,1,6,1,19,4,-1,-1,-1,-1,1,-1
2016010006326,3,9,0,4,0,1,0,0,0,0,0,1,1,1,30,6,-1,-1,-1,-1,-1,-1
2016010006328,1,9,0,10,0,6,0,0,0,0,0,1,6,1,48,8,1598,1,6,6,1,6
2016010006328,2,4,0,18,0,8,0,0,0,0,0,1,1,1,25,5,125,1,-1,6,1,6
2016010006329,1,11,0,2,2,8,0,0,0,0,0,1,6,3,-1,-1,7400,2,67,-1,-1,-1
2016010006331,1,11,0,18,0,0,0,0,0,0,1,1,1,1,64,9,10837,2,-1,6,1,6
2016010006332,1,9,0,9,0,1,0,0,0,0,1,1,6,3,-1,-1,1149,1,14,-1,-1,-1
2016010006333,1,11,0,5,0,0,0,0,0,0,0,1,1,1,37,7,9000,2,7,2,1,2
2016010006334,1,9,0,5,0,8,0,11,0,0,1,1,6,2,46,8,1984,1,8,5,1,5
2016010006335,1,2,0,18,0,0,0,0,0,0,3,1,1,1,22,5,125,1,4,5,1,5
2016010006335,2,9,0,6,0,0,0,0,0,0,1,1,6,3,-1,-1,1598,2,-1,-1,-1,-1
2016010006336,1,4,0,4,0,0,1,0,0,0,1,1,1,1,20,4,125,1,3,4,1,4
2016010006336,2,9,0,1,0,0,0,0,0,0,3,1,6,1,30,6,1363,2,11,4,1,4
2016010006338,1,3,0,18,0,8,0,0,0,0,1,1,6,1,21,5,108,1,3,1,1,1
2016010006338,2,9,0,18,0,8,0,0,0,0,2,1,6,2,47,8,1753,2,14,2,1,2
2016010006340,1,9,0,9,0,4,0,0,0,0,1,1,6,1,46,8,1390,1,14,8,1,8
2016010006342,1,9,0,18,0,2,0,0,0,0,1,1,6,1,43,7,1598,1,14,5,1,5
2016010006343,1,9,0,18,0,2,0,0,0,0,1,1,6,2,26,6,1995,2,1,8,1,8
2016010006343,2,9,0,4,0,2,0,0,0,0,2,1,6,2,66,10,2204,2,11,4,1,4
2016010006345,1,9,0,5,6,2,0,0,0,0,2,1,6,1,33,6,-1,-1,-1,-1,1,-1
2016010006345,2,9,0,7,0,3,0,0,0,0,2,1,6,2,29,6,-1,-1,-1,-1,1,-1
2016010006345,3,9,0,5,0,3,0,0,0,0,1,1,6,1,51,8,-1,-1,-1,-1,1,-1
2016010006346,1,9,0,9,0,8,0,0,0,0,4,1,6,2,23,5,1998,1,13,7,1,7
2016010006346,2,3,0,18,0,1,1,0,0,0,1,1,6,1,39,7,108,1,7,5,1,5
2016010006346,3,5,0,18,0,1,1,0,0,0,3,1,6,1,29,6,750,1,14,8,1,8
2016010006347,1,9,0,9,0,8,0,0,0,0,1,1,6,1,22,5,1595,1,6,9,2,9
2016010006347,2,9,0,5,0,8,0,0,0,0,3,1,6,1,69,10,1699,1,7,9,1,9
2016010006348,1,9,0,13,0,1,0,0,0,0,1,1,6,1,47,8,6498,1,-1,7,1,7
2016010006348,2,9,0,3,0,1,0,0,0,0,2,1,6,1,21,5,1598,1,12,5,1,5
2016010006348,3,9,0,3,0,1,0,0,0,0,2,1,1,1,44,7,2987,2,2,1,1,1
2016010006349,1,9,0,18,0,2,1,4,0,0,1,1,6,1,29,6,-1,-1,-1,-1,1,-1
2016010006350,1,2,0,18,0,8,5,0,0,0,0,1,1,1,50,8,49,1,7,5,1,5
2016010006350,2,9,0,7,0,8,0,0,0,0,0,1,6,1,40,7,2398,1,17,2,1,2
2016010006350,3,90,0,18,0,1,0,0,0,0,0,1,1,1,33,6,-1,-1,-1,3,1,3