Accident_Index,Vehicle_Reference,Vehicle_Type,Towing_and_Articulation,Vehicle_Manoeuvre,Vehicle_Location-Restricted_Lane,Junction_Location,Skidding_and_Overturning,Hit_Object_in_Carriageway,Vehicle_Leaving_Carriageway,Hit_Object_off_Carriageway,1st_Point_of_Impact,Was_Vehicle_Left_Hand_Drive?,Journey_Purpose_of_Driver,Sex_of_Driver,Age_of_Driver,Age_Band_of_Driver,Engine_Capacity_(CC),Propulsion_Code,Age_of_Vehicle,Driver_IMD_Decile,Driver_Home_Area_Type,Vehicle_IMD_Decile
2016010006763,2,1,0,18,0,8,0,0,0,0,2,1,6,1,33,6,-1,-1,-1,3,1,3
2016010006765,1,9,0,18,0,2,0,0,0,0,4,1,6,2,48,8,1598,1,9,4,1,4
2016010006765,2,1,0,18,0,2,5,0,0,0,3,1,6,1,32,6,-1,-1,-1,6,1,6
2016010006766,1,4,0,18,2,8,0,11,0,0,1,1,6,1,27,6,689,1,2,4,1,4
2016010006766,2,9,0,18,0,8,0,11,0,0,1,1,6,1,24,5,898,1,1,2,1,2
2016010006767,1,9,0,9,0,8,1,0,0,0,4,1,2,1,21,5,1399,2,4,2,1,2
2016010006767,2,9,0,18,0,2,0,0,0,0,1,1,6,2,77,11,1595,1,14,6,1,6
2016010006768,1,9,0,2,0,1,0,0,0,0,2,1,6,3,-1,-1,-1,-1,-1,-1,-1,-1
2016010006768,2,19,0,1,0,1,0,4,0,0,2,1,1,1,36,7,2287,2,-1,-1,-1,-1
2016010006769,1,9,0,5,0,1,0,0,0,0,1,1,6,3,-1,-1,-1,-1,-1,-1,-1,-1
2016010006770,1,19,0,18,0,1,0,0,0,0,3,1,6,1,41,7,1248,2,4,4,1,4
2016010006770,2,9,0,10,0,1,0,0,0,0,1,1,6,1,52,8,1997,2,5,10,1,10
2016010006770,3,9,0,18,0,1,0,0,0,0,2,1,6,1,59,9,1560,2,11,1,1,1
2016010006772,1,19,0,9,0,5,0,0,0,0,1,1,1,1,27,6,1598,2,3,1,1,1
2016010006772,2,3,0,18,0,1,0,0,0,0,1,1,1,1,26,6,125,1,7,-1,-1,-1
2016010006773,1,8,0,18,0,0,0,0,0,0,4,1,2,1,45,7,1798,8,4,3,1,3
2016010006773,2,9,0,15,0,0,0,0,0,0,3,1,6,3,-1,-1,-1,-1,-1,-1,-1,-1
2016010006773,3,21,1,18,0,0,0,0,0,0,2,1,1,1,48,8,10677,2,1,3,1,3
2016010006773,4,9,0,18,0,0,0,4,0,0,1,1,6,1,24,5,1388,1,13,2,1,2
2016010006777,1,2,0,18,0,0,0,0,0,0,1,1,6,1,27,6,108,1,2,-1,-1,-1
2016010006777,2,9,0,2,0,0,0,0,0,0,1,1,6,3,-1,-1,1198,1,-1,-1,-1,-1
2016010006778,1,9,0,18,0,2,0,0,0,0,3,1,6,2,33,6,-1,-1,-1,-1,1,-1
2016010006779,1,9,0,13,0,1,0,0,0,0,1,1,1,1,28,6,1797,8,6,3,1,3
2016010006779,2,19,0,18,0,1,0,0,0,0,1,1,1,1,51,8,2402,2,11,3,1,3
2016010006779,3,9,0,4,0,1,0,0,0,0,3,1,1,1,37,7,1797,8,6,3,1,3
2016010006780,1,9,0,4,0,1,0,0,0,0,2,1,2,1,42,7,1461,2,2,8,1,8
2016010006780,2,9,0,18,0,1,1,0,0,0,1,1,6,2,69,10,1341,1,15,6,1,6
2016010006781,1,4,0,18,0,0,2,0,0,0,0,1,2,1,23,5,-1,-1,-1,7,1,7
2016010006782,1,8,0,18,0,8,0,0,0,0,4,1,1,1,59,9,1997,2,5,9,1,9
2016010006782,2,9,0,18,0,8,0,0,0,0,3,1,2,2,34,6,1895,1,17,5,1,5
2016010006783,1,11,0,18,0,0,0,0,0,0,0,1,1,1,63,9,6692,2,3,2,1,2
2016010006783,2,9,0,2,0,0,0,0,0,0,0,1,6,3,-1,-1,-1,-1,-1,-1,-1,-1
2016010006786,1,3,0,18,0,0,1,4,0,0,0,1,2,1,39,7,124,1,8,7,1,7
2016010006786,2,9,0,2,0,0,0,0,0,0,1,1,6,3,-1,-1,1598,1,3,-1,-1,-1
2016010006786,3,9,0,18,0,0,0,0,0,0,0,1,6,3,-1,-1,-1,-1,-1,-1,-1,-1
2016010006787,1,9,-1,18,0,1,0,0,0,0,1,-1,6,1,39,7,-1,-1,-1,3,1,3
2016010006794,1,1,0,-1,0,-1,-1,-1,-1,-1,-1,1,6,3,-1,-1,-1,-1,-1,-1,-1,-1
2016010006796,1,9,-1,4,-1,8,-1,0,-1,-1,-1,1,6,1,37,7,1390,1,12,-1,-1,-1
2016010006796,2,9,-1,-1,-1,8,-1,0,-1,-1,-1,1,6,1,21,5,1388,1,11,-1,-1,-1
2016010006798,1,11,0,5,0,0,0,0,0,0,0,1,1,1,56,9,9360,2,6,3,1,3
2016010006806,1,1,0,9,0,3,0,0,0,0,1,1,6,1,44,7,-1,-1,-1,7,1,7
2016010006806,2,9,-1,-1,0,4,-1,0,0,0,1,1,6,2,48,8,1299,1,14,2,1,2
2016010006809,1,3,-1,-1,-1,0,-1,-1,-1,-1,-1,1,6,1,34,6,-1,-1,-1,-1,1,-1
2016010006809,2,19,-1,-1,-1,0,-1,-1,-1,-1,-1,-1,6,1,17,4,-1,-1,-1,-1,1,-1
2016010006811,1,9,0,5,0,1,0,0,0,0,1,1,6,1,80,11,1248,1,6,1,1,1
2016010006817,1,9,0,10,0,1,0,-1,-1,-1,3,-1,6,2,23,5,1242,1,-1,4,1,4
2016010006817,2,9,-1,18,0,1,-1,0,-1,-1,1,1,6,1,17,4,1598,1,14,-1,-1,-1
2016010006818,1,9,-1,4,0,1,0,0,0,0,2,1,6,1,18,4,1198,1,13,2,1,2
2016010006818,2,9,0,4,0,1,-1,-1,0,0,1,1,6,1,18,4,2295,1,15,6,1,6
2016010006818,3,9,-1,4,0,1,-1,-1,0,0,2,1,6,2,18,4,1956,2,3,-1,-1,-1
2016010006824,1,90,0,10,-1,8,0,0,0,0,2,-1,6,1,43,7,2998,5,5,6,1,6
2016010006824,2,9,-1,18,0,8,-1,0,0,0,1,-1,6,1,17,4,1595,1,12,-1,-1,-1
2016010006829,1,19,0,9,0,8,0,0,0,0,1,1,2,1,59,9,1248,2,3,3,1,3
2016010006829,2,2,0,18,0,8,0,0,0,0,1,1,1,1,33,6,125,1,-1,2,1,2
2016010006836,1,1,-1,18,0,1,-1,-1,0,0,1,1,6,1,41,7,-1,-1,-1,2,1,2
2016010006837,1,21,0,18,0,1,1,7,0,0,1,1,6,1,45,7,4250,2,7,3,1,3
2016010006838,1,9,-1,-1,-1,-1,-1,-1,-1,-1,-1,-1,6,1,17,4,-1,-1,-1,-1,-1,-1
2016010006843,1,9,0,17,0,2,1,0,0,0,1,1,6,1,41,7,2979,1,-1,8,1,8
2016010006843,2,19,0,4,0,1,0,0,0,0,3,1,1,1,37,7,2198,2,-1,5,3,5
2016010006845,1,9,0,4,0,0,0,0,0,0,2,1,6,2,28,6,-1,-1,-1,-1,1,-1
2016010006853,1,1,0,18,0,8,0,0,0,0,-1,1,6,2,31,6,-1,-1,-1,2,1,2
2016010006853,2,9,-1,7,0,5,-1,0,0,0,-1,-1,6,3,-1,-1,-1,-1,-1,-1,-1,-1
2016010006855,1,21,1,5,0,1,0,0,0,0,4,1,1,1,44,7,12740,2,-1,3,1,3
2016010006855,2,1,0,5,0,1,2,0,0,0,3,1,6,1,22,5,-1,-1,-1,-1,-1,-1
2016010006856,1,9,-1,10,0,8,-1,0,0,0,3,-1,6,2,38,7,1598,2,1,2,1,2
2016010006856,2,9,-1,18,0,1,-1,0,0,0,1,-1,6,1,25,5,1896,2,12,2,1,2
2016010006859,1,9,-1,-1,0,0,-1,0,0,0,4,-1,6,1,55,8,2143,2,4,4,1,4
2016010006859,2,9,-1,-1,0,0,-1,-1,0,0,-1,-1,6,1,17,4,-1,-1,-1,-1,-1,-1
2016010006862,1,9,0,4,0,0,0,0,0,0,2,-1,6,2,29,6,1596,1,11,-1,-1,-1
2016010006862,2,9,0,1,0,0,0,4,0,0,2,-1,6,1,17,4,2204,2,9,3,1,3
2016010006865,1,1,-1,3,-1,4,-1,-1,-1,-1,1,1,6,1,40,7,-1,-1,-1,2,1,2
2016010006865,2,9,-1,11,-1,-1,-1,-1,-1,-1,-1,-1,6,1,26,6,-1,-1,-1,1,1,1
2016010006866,1,4,0,18,9,0,0,0,0,0,1,1,2,1,27,6,124,1,4,5,1,5
2016010006866,2,9,0,18,0,0,0,0,0,0,2,1,2,1,20,4,1598,2,5,3,1,3
2016010006868,1,9,-1,3,0,0,-1,0,-1,0,2,-1,6,2,53,8,1388,1,9,3,1,3
2016010006868,2,9,-1,18,0,0,-1,0,-1,0,1,-1,6,1,44,7,2148,2,9,-1,-1,-1
2016010006869,1,9,-1,5,0,2,-1,0,0,0,1,-1,6,3,-1,-1,-1,-1,-1,-1,-1,-1
2016010006872,1,9,-1,3,0,0,0,0,-1,0,2,1,6,1,45,7,-1,-1,-1,-1,1,-1
2016010006872,2,9,-1,18,0,0,0,0,-1,0,1,1,6,1,17,4,-1,-1,-1,-1,-1,-1
2016010006872,3,9,-1,18,0,0,-1,0,-1,0,2,1,6,1,17,4,-1,-1,-1,-1,-1,-1
2016010006876,1,9,0,9,0,5,0,0,1,0,1,1,1,1,32,6,1910,2,13,5,1,5
2016010006876,2,1,0,18,0,8,0,0,1,0,3,1,2,1,34,6,-1,-1,-1,6,1,6
2016010006877,1,9,0,18,0,1,0,0,0,0,1,1,6,1,26,6,2993,2,13,7,1,7
2016010006877,2,19,0,9,0,1,0,0,0,0,3,1,1,1,31,6,-1,-1,-1,7,1,7
2016010006878,1,9,0,18,0,8,0,0,0,0,1,1,3,2,48,8,1596,1,15,8,1,8
2016010006878,2,9,0,3,0,2,0,0,0,0,4,1,2,2,73,10,1200,1,-1,6,1,6
2016010006879,1,5,0,4,0,1,0,0,0,0,2,1,6,1,21,5,108,1,4,-1,-1,-1
2016010006879,2,9,0,18,0,1,0,0,0,0,1,1,2,1,42,7,1390,1,13,-1,-1,-1
2016010006880,1,11,0,4,0,1,0,0,0,0,1,1,1,1,50,8,6700,2,5,9,1,9
2016010006880,2,9,0,4,0,1,0,0,0,0,2,1,6,1,62,9,1753,2,14,6,2,6
2016010006884,1,1,-1,-1,-1,-1,-1,-1,-1,-1,-1,1,2,2,30,6,-1,-1,-1,4,1,4
2016010006884,2,9,-1,-1,-1,-1,-1,-1,-1,-1,-1,-1,6,1,29,6,1497,8,8,4,1,4
2016010006888,1,9,-1,-1,-1,-1,-1,-1,-1,-1,4,-1,6,1,28,6,1596,1,9,-1,-1,-1
2016010006888,2,11,-1,-1,-1,-1,-1,-1,-1,-1,-1,1,6,1,17,4,-1,-1,-1,4,1,4
2016010006889,1,9,0,7,0,1,0,0,0,0,4,1,6,3,-1,-1,-1,-1,-1,-1,-1,-1
2016010006891,1,9,0,4,0,1,0,0,0,0,1,1,1,1,37,7,2435,1,11,3,1,3
2016010006891,2,9,0,4,0,1,0,0,0,0,2,1,3,1,50,8,1999,1,15,3,1,3
2016010006897,1,4,0,18,0,1,0,0,0,0,4,1,6,2,26,6,124,1,6,5,1,5
2016010006897,2,9,0,5,0,6,0,0,0,0,1,2,2,1,26,6,1995,1,6,6,1,6
2016010006898,1,19,0,5,0,1,0,0,0,0,1,1,1,1,52,8,12740,2,4,2,1,2
2016010006898,2,1,0,3,0,1,0,0,0,0,1,1,1,1,26,6,-1,-1,-1,7,1,7
2016010006902,1,19,0,6,0,0,0,0,0,0,3,1,1,1,29,6,1560,2,2,7,1,7
2016010006902,2,5,0,18,0,0,0,0,0,0,3,1,1,1,36,7,-1,-1,-1,2,1,2
2016010006904,1,9,0,7,0,1,0,0,0,0,1,1,1,1,57,9,-1,-1,-1,9,1,9
2016010006909,1,9,0,9,9,8,0,0,0,0,1,1,6,2,40,7,1598,1,9,3,1,3
2016010006909,2,9,0,18,0,8,0,0,0,0,4,1,6,2,23,5,1388,1,14,2,1,2
2016010006912,1,11,-1,-1,-1,-1,-1,-1,-1,-1,-1,-1,6,3,-1,-1,-1,-1,-1,-1,-1,-1
2016010006913,1,1,0,18,2,0,0,0,0,0,2,1,2,1,33,6,-1,-1,-1,2,1,2
2016010006913,2,9,0,18,2,0,0,0,0,0,1,-1,6,3,-1,-1,1995,2,4,-1,-1,-1
2016010006916,1,5,0,18,0,0,0,0,0,0,1,1,6,1,25,5,656,1,11,3,1,3
2016010006917,1,9,-1,-1,-1,-1,-1,-1,-1,-1,-1,1,6,3,-1,-1,-1,-1,-1,-1,-1,-1
2016010006920,1,9,0,9,0,6,0,0,0,0,2,1,6,2,35,6,1995,1,12,6,2,6
2016010006920,2,3,0,18,0,6,0,0,0,0,1,1,6,1,76,11,-1,-1,-1,6,1,6
2016010006922,1,9,-1,-1,-1,-1,-1,-1,-1,-1,-1,-1,6,1,40,7,-1,-1,-1,-1,-1,-1
2016010006922,2,9,-1,-1,-1,-1,-1,-1,-1,-1,-1,-1,6,1,17,4,-1,-1,-1,-1,-1,-1
2016010006923,1,19,0,18,0,1,0,0,0,0,4,1,6,3,-1,-1,-1,-1,-1,-1,-1,-1
2016010006927,1,3,-1,13,0,-1,-1,0,0,0,4,1,6,1,42,7,883,1,-1,9,1,9
2016010006927,2,9,-1,12,0,-1,-1,0,0,0,3,-1,6,1,17,4,1798,8,-1,-1,-1,-1
2016010006929,1,9,0,18,0,0,0,0,0,0,2,-1,6,2,27,6,1461,2,-1,-1,-1,-1
2016010006929,2,9,0,18,0,0,-1,0,0,0,1,-1,6,2,17,4,1798,1,14,-1,-1,-1
2016010006930,1,9,0,9,0,8,0,0,0,0,1,1,6,3,-1,-1,1198,1,5,-1,-1,-1
2016010006934,1,9,-1,-1,-1,8,-1,0,0,0,1,-1,6,1,38,7,-1,-1,-1,-1,1,-1
2016010006934,2,9,-1,-1,-1,-1,-1,-1,-1,0,-1,-1,6,3,-1,-1,-1,-1,-1,-1,-1,-1
2016010006935,1,5,0,18,0,2,0,0,0,0,1,1,6,1,26,6,-1,-1,-1,7,1,7
2016010006935,2,9,0,18,0,2,0,0,0,0,1,1,6,1,74,10,1797,8,5,-1,-1,-1
2016010006941,1,9,-1,18,0,2,-1,0,0,0,1,-1,6,3,-1,-1,-1,-1,-1,-1,-1,-1
2016010006943,1,9,0,9,0,2,0,0,0,0,1,1,6,1,63,9,1246,1,8,3,1,3
2016010006946,1,9,0,18,0,1,0,0,0,0,1,2,6,1,65,9,1339,8,7,4,1,4
2016010006946,2,1,0,9,0,6,0,0,0,0,3,1,6,1,30,6,-1,-1,-1,7,1,7
2016010006948,1,9,-1,9,0,8,0,0,1,0,4,1,6,1,17,4,2378,1,11,-1,-1,-1
2016010006948,2,1,0,18,0,8,2,0,0,0,1,1,6,2,26,6,-1,-1,-1,2,1,2
2016010006949,1,8,0,18,2,1,0,0,0,0,1,1,1,1,64,9,2499,2,9,7,1,7
2016010006955,1,9,0,4,0,0,0,0,0,0,2,1,6,2,45,7,1248,2,3,4,1,4
2016010006955,2,9,0,18,0,0,2,0,0,0,1,1,6,1,23,5,1796,1,13,5,1,5
2016010006956,1,4,0,18,0,8,0,0,0,0,3,1,2,1,39,7,124,1,3,1,1,1
2016010006956,2,19,0,18,0,8,0,0,0,0,2,1,2,1,31,6,1560,2,2,9,1,9
2016010006957,1,9,-1,18,0,1,0,0,0,0,2,-1,6,1,32,6,1339,8,6,-1,-1,-1
2016010006957,2,9,-1,18,0,1,0,0,0,0,1,-1,6,3,-1,-1,1783,1,14,-1,-1,-1
2016010006958,1,5,0,18,0,1,0,0,0,0,1,1,2,1,26,6,649,1,1,9,1,9
2016010006958,2,9,0,9,0,5,0,0,0,0,3,1,6,1,58,9,1798,1,6,2,1,2
2016010006960,1,9,0,5,0,1,0,0,0,0,1,1,6,1,39,7,2497,2,10,2,1,2
2016010006960,2,9,0,3,0,1,0,0,0,0,2,1,6,1,32,6,1598,1,11,3,1,3
2016010006961,1,19,0,5,0,6,0,0,0,0,1,1,2,1,46,8,2402,2,11,3,1,3
2016010006961,2,1,0,18,0,8,0,0,0,0,1,1,2,1,46,8,-1,-1,-1,2,1,2
2016010006963,1,9,0,9,5,1,0,0,0,0,3,1,6,1,33,6,2987,2,4,3,1,3
2016010006965,1,4,0,15,0,8,0,0,0,0,1,1,2,1,51,8,234,1,16,6,1,6
2016010006966,1,9,0,18,0,2,0,0,7,0,1,1,6,1,34,6,1596,1,12,2,1,2
2016010006966,2,1,0,18,2,2,0,0,0,0,3,1,6,2,24,5,-1,-1,-1,2,1,2
2016010006967,1,11,0,4,2,3,0,0,0,0,0,1,1,1,45,7,6692,2,5,3,1,3
2016010006968,1,9,0,5,0,3,0,0,0,0,1,1,6,1,40,7,1686,2,6,4,1,4
2016010006968,2,9,0,5,0,4,0,0,0,0,1,1,6,2,72,10,1390,1,3,10,1,10
2016010006969,1,19,0,16,0,1,0,0,7,1,1,1,2,1,39,7,1968,2,3,9,1,9
2016010006971,1,9,0,18,0,0,0,0,0,0,3,1,2,2,52,8,-1,-1,-1,-1,1,-1
2016010006971,2,9,0,18,0,0,0,0,0,0,3,1,6,1,26,6,-1,-1,-1,-1,1,-1
2016010006972,1,4,0,18,0,1,0,0,0,0,1,1,1,1,29,6,108,1,1,3,1,3
2016010006972,2,9,0,5,0,1,0,0,0,0,1,1,6,2,24,5,2993,2,8,2,1,2
2016010006973,1,9,0,18,0,0,0,0,0,0,0,1,1,1,-1,-1,1582,2,3,-1,-1,-1
2016010006973,2,4,0,18,0,0,0,4,0,0,1,1,6,1,35,6,279,1,7,1,1,1
2016010006973,3,9,0,7,0,0,0,0,0,0,4,1,6,1,76,11,1587,1,10,4,1,4
2016010006973,4,9,0,2,0,0,0,0,0,0,2,1,6,3,-1,-1,1598,1,9,-1,-1,-1
2016010006974,1,9,0,11,0,0,0,0,0,0,4,1,6,1,22,5,1390,1,3,7,1,7
2016010006974,2,9,0,18,0,0,0,0,0,0,3,1,6,3,-1,-1,1590,1,14,-1,-1,-1
2016010006975,1,8,0,3,0,8,0,0,0,0,3,1,6,1,44,7,1968,2,4,4,1,4
2016010006975,2,21,1,9,0,1,0,0,0,0,3,1,6,1,29,6,10837,2,3,3,1,3
2016010006976,1,2,0,5,0,0,0,11,0,0,1,1,2,2,44,7,96,1,9,7,1,7
2016010006977,1,8,0,17,0,2,0,0,0,0,1,1,1,1,45,7,1797,8,4,2,1,2
2016010006978,1,1,0,16,0,1,0,7,0,0,0,1,2,1,43,7,-1,-1,-1,-1,1,-1
2016010006979,1,9,0,18,0,0,0,0,0,0,1,1,6,2,28,6,-1,-1,-1,-1,-1,-1
2016010006982,1,9,0,4,0,1,0,0,0,0,2,1,6,1,31,6,1796,1,8,6,1,6
2016010006982,2,9,0,3,0,1,0,0,0,0,2,1,6,1,19,4,1398,1,6,-1,-1,-1
2016010006982,3,9,0,4,0,1,0,0,0,0,1,1,1,1,35,6,1995,1,11,9,3,9
2016010006983,1,9,0,9,2,0,0,0,0,0,1,1,1,1,70,10,1796,1,9,1,1,1
2016010006983,2,3,0,18,2,0,0,0,0,0,1,1,6,1,39,7,125,1,-1,4,1,4
2016010006987,1,19,0,9,0,8,0,0,0,0,1,1,1,1,56,9,2143,2,3,6,1,6
2016010006988,1,9,0,18,0,0,0,0,0,0,1,2,6,2,22,5,-1,-1,-1,7,1,7
2016010006989,1,9,0,6,0,0,0,4,0,0,3,1,6,1,66,10,1998,2,12,4,1,4
2016010006989,2,9,0,18,0,0,0,4,0,0,1,1,6,1,22,5,1197,1,1,3,1,3
2016010006989,3,9,0,2,0,0,0,4,0,0,1,1,6,3,-1,-1,1989,1,16,-1,-1,-1
2016010006991,1,9,0,9,0,8,0,0,0,0,4,1,6,2,24,5,1198,1,9,10,1,10
2016010006991,2,9,0,5,0,8,0,0,0,0,1,1,6,1,20,4,1796,1,11,2,1,2
2016010006992,1,9,0,9,0,8,0,0,0,0,4,1,6,2,28,6,2143,2,5,5,1,5
2016010006992,2,9,0,18,0,8,0,0,0,0,1,1,6,1,61,9,1998,2,4,6,1,6
2016010006995,1,90,0,18,0,8,0,0,0,0,1,1,6,1,33,6,-1,-1,-1,4,1,4
2016010006995,2,9,0,18,0,8,0,0,7,1,4,1,6,1,38,7,1229,1,11,2,1,2
2016010006996,1,11,0,4,0,0,0,0,0,0,1,1,1,1,30,6,4461,2,2,2,1,2
2016010006998,1,3,0,18,0,8,5,0,0,0,1,1,2,1,25,5,124,1,3,8,1,8
2016010006998,2,9,0,9,0,5,0,0,0,0,4,1,6,2,42,7,1968,2,1,-1,-1,-1
2016010007001,1,19,0,9,8,0,0,0,0,0,1,1,2,1,38,7,1598,1,10,3,1,3
2016010007002,1,9,0,18,9,8,0,0,0,0,1,1,2,1,26,6,1598,1,9,6,3,6
2016010007002,2,9,0,8,9,7,0,0,1,10,3,1,2,1,45,7,1596,1,15,6,1,6
2016010007003,1,9,0,18,0,1,0,0,0,0,2,1,1,1,51,8,1790,8,3,2,1,2
2016010007003,2,9,0,18,0,1,0,0,0,0,1,1,6,1,-1,-1,1598,1,10,3,1,3
2016010007005,1,1,0,9,0,8,0,0,0,0,1,1,6,1,51,8,-1,-1,-1,4,1,4
2016010007005,2,9,0,9,0,8,0,0,0,0,1,1,6,1,17,4,1995,2,8,2,1,2
2016010007006,1,2,-1,13,0,1,-1,-1,-1,-1,4,1,6,1,37,7,-1,-1,-1,-1,-1,-1
2016010007006,2,9,-1,4,0,1,-1,-1,-1,-1,3,-1,6,3,-1,-1,-1,-1,-1,-1,-1,-1
2016010007012,1,1,0,18,0,8,0,0,0,0,1,1,6,1,47,8,-1,-1,-1,8,3,8
2016010007012,2,9,0,9,0,8,0,0,0,0,1,-1,6,3,-1,-1,-1,-1,-1,-1,-1,-1
2016010007013,1,8,0,18,0,2,0,0,0,0,4,1,1,1,35,6,1560,2,4,2,1,2
2016010007016,1,9,0,7,0,1,0,0,0,0,1,1,3,2,45,7,1992,2,11,5,1,5
2016010007020,1,9,-1,-1,0,8,-1,0,0,0,3,-1,6,2,31,6,1896,2,9,3,1,3
2016010007020,2,19,-1,18,0,8,-1,0,0,0,4,-1,6,1,17,4,-1,-1,-1,-1,-1,-1
2016010007033,1,1,0,18,0,0,0,-1,0,0,-1,1,6,1,50,8,-1,-1,-1,4,1,4
2016010007039,1,9,0,7,0,8,0,0,0,0,2,2,6,1,53,8,1796,1,11,2,1,2
2016010007039,2,9,0,7,0,8,0,0,0,0,1,2,6,1,40,7,2993,2,9,6,1,6
2016010007040,1,9,-1,1,-1,1,-1,-1,0,0,2,1,6,3,-1,-1,-1,-1,-1,-1,-1,-1
2016010007044,1,10,0,9,0,8,0,0,0,0,1,1,1,1,30,6,-1,-1,-1,3,1,3
2016010007044,2,1,0,3,0,1,0,0,0,0,1,1,2,1,35,6,-1,-1,-1,2,1,2
2016010007044,3,1,0,3,0,1,0,0,0,0,1,1,1,1,45,7,-1,-1,-1,2,1,2
2016010007048,1,9,0,18,0,1,0,0,0,0,3,1,6,1,29,6,998,1,-1,4,1,4
2016010007051,1,1,0,18,0,0,0,8,0,0,4,1,2,2,33,6,-1,-1,-1,-1,1,-1
2016010007051,2,9,0,2,0,0,0,0,0,0,3,1,6,3,-1,-1,-1,-1,-1,-1,-1,-1
2016010007055,1,11,0,5,0,1,0,0,0,0,1,1,1,1,50,8,4500,2,2,1,1,1
2016010007057,1,9,0,18,0,8,0,0,0,0,3,1,6,1,23,5,1796,1,14,2,1,2
2016010007057,2,19,0,11,0,8,0,0,0,0,4,1,6,3,-1,-1,2148,2,11,-1,-1,-1
2016010007058,1,2,0,18,0,8,5,0,0,0,0,1,6,1,28,6,-1,-1,-1,3,1,3
2016010007058,2,9,0,10,0,8,0,0,0,0,0,1,1,2,25,5,1461,2,1,7,1,7
2016010007059,1,9,-1,12,0,8,-1,0,0,0,3,-1,6,2,24,5,1461,2,1,-1,-1,-1
2016010007059,2,19,4,9,0,8,-1,0,0,0,4,-1,6,1,17,4,6692,2,4,-1,-1,-1
2016010007062,1,3,0,18,2,1,0,0,0,0,1,1,6,1,33,6,125,1,10,4,1,4
2016010007062,2,9,0,9,0,5,0,0,0,0,4,1,6,1,40,7,1596,1,9,2,1,2
2016010007064,1,9,-1,7,0,8,0,0,0,0,1,-1,6,3,-1,-1,-1,-1,-1,-1,-1,-1
2016010007065,1,9,0,-1,0,8,-1,-1,0,0,1,1,6,3,-1,-1,1364,1,7,-1,-1,-1
2016010007066,1,11,0,18,0,8,0,0,0,0,0,1,1,1,44,7,9000,2,6,3,1,3
2016010007072,1,1,0,5,0,-1,0,0,-1,-1,3,1,2,1,16,4,-1,-1,-1,2,1,2
2016010007075,1,9,0,4,0,0,0,0,0,0,0,1,6,1,26,6,1229,1,4,2,1,2
2016010007076,1,1,0,18,0,8,0,0,0,0,4,1,2,1,39,7,-1,-1,-1,5,1,5
2016010007076,2,9,0,9,0,8,0,0,0,0,3,1,6,1,40,7,1598,2,5,8,1,8
2016010007080,1,9,0,3,0,1,0,0,0,0,2,-1,6,1,33,6,1798,8,1,1,1,1
2016010007080,2,9,-1,1,0,1,0,0,0,0,2,-1,6,3,-1,-1,2143,2,-1,-1,-1,-1
2016010007086,1,9,-1,-1,-1,-1,-1,-1,-1,-1,-1,-1,6,1,28,6,-1,-1,-1,-1,1,-1
2016010007086,2,9,-1,-1,-1,-1,-1,-1,-1,-1,-1,-1,6,1,17,4,-1,-1,-1,-1,-1,-1
2016010007089,1,4,-1,18,-1,-1,-1,-1,-1,-1,-1,1,6,2,36,7,-1,-1,-1,-1,1,-1
2016010007089,2,9,-1,-1,-1,-1,-1,-1,-1,-1,-1,-1,6,2,18,4,-1,-1,-1,-1,-1,-1
2016010007093,1,20,0,9,5,5,0,0,0,0,3,1,1,1,43,7,2148,2,9,3,1,3
2016010007093,2,1,0,18,5,8,0,0,0,0,1,1,1,2,37,7,-1,-1,-1,2,1,2
2016010007097,1,9,0,18,0,0,0,0,0,0,4,1,1,1,25,5,-1,-1,-1,-1,1,-1
2016010007100,1,19,0,10,0,0,0,0,0,0,2,1,1,1,35,6,-1,-1,-1,5,1,5
2016010007100,2,3,0,18,0,0,0,0,0,0,1,1,6,1,20,4,124,1,-1,8,1,8
2016010007101,1,1,-1,18,0,1,-1,10,-1,-1,-1,1,6,1,25,5,-1,-1,-1,-1,1,-1
2016010007101,2,9,-1,9,0,2,0,-1,0,0,-1,-1,6,3,-1,-1,-1,-1,-1,-1,-1,-1
2016010007105,1,1,0,4,0,8,0,-1,-1,-1,-1,1,6,1,27,6,-1,-1,-1,-1,1,-1
2016010007105,2,9,-1,-1,0,8,-1,-1,-1,-1,2,-1,6,3,-1,-1,-1,-1,-1,-1,-1,-1
2016010007112,1,19,0,10,0,1,0,0,0,0,2,1,1,1,60,9,2143,2,2,8,2,8
2016010007112,2,19,0,18,0,1,1,0,0,0,1,1,1,1,22,5,2198,2,2,4,1,4
2016010007113,1,9,0,10,0,1,0,0,0,0,1,1,6,2,30,6,2143,2,-1,2,1,2
2016010007114,1,9,0,18,0,1,0,0,0,0,1,1,2,2,51,8,1769,1,14,5,1,5
2016010007114,2,9,0,9,0,1,0,0,0,0,1,1,6,3,-1,-1,1388,1,17,-1,-1,-1
2016010007115,1,1,0,18,0,1,0,0,1,0,1,1,6,1,22,5,-1,-1,-1,1,1,1
2016010007115,2,9,0,7,0,1,0,0,0,0,2,1,1,1,63,9,1984,2,2,-1,-1,-1
2016010007117,1,19,0,18,0,1,0,0,0,0,1,1,1,1,24,5,2198,2,-1,9,1,9
2016010007117,2,9,0,2,0,2,0,0,0,0,2,1,6,3,-1,-1,1198,1,12,-1,-1,-1
2016010007120,1,9,0,13,0,0,0,0,0,0,1,1,6,3,-1,-1,2926,2,13,-1,-1,-1
2016010007120,2,9,0,5,0,0,0,0,0,0,3,1,6,2,77,11,1198,1,-1,4,1,4
2016010007128,1,19,0,9,0,6,0,0,0,0,1,1,1,1,61,9,2402,2,7,9,1,9