Accident_Index,Vehicle_Reference,Vehicle_Type,Towing_and_Articulation,Vehicle_Manoeuvre,Vehicle_Location-Restricted_Lane,Junction_Location,Skidding_and_Overturning,Hit_Object_in_Carriageway,Vehicle_Leaving_Carriageway,Hit_Object_off_Carriageway,1st_Point_of_Impact,Was_Vehicle_Left_Hand_Drive?,Journey_Purpose_of_Driver,Sex_of_Driver,Age_of_Driver,Age_Band_of_Driver,Engine_Capacity_(CC),Propulsion_Code,Age_of_Vehicle,Driver_IMD_Decile,Driver_Home_Area_Type,Vehicle_IMD_Decile
2016010007128,2,9,0,9,0,1,0,0,0,0,4,1,6,2,46,8,1598,2,-1,2,1,2
2016010007130,1,9,0,4,0,1,0,7,0,0,1,1,6,1,90,11,1329,1,7,6,1,6
2016010007132,1,9,0,8,0,1,0,0,0,0,3,2,6,1,28,6,-1,-1,-1,6,1,6
2016010007132,2,9,0,11,0,1,0,0,0,0,1,-1,6,1,56,9,1998,1,14,-1,-1,-1
2016010007133,1,9,0,4,0,2,0,0,0,0,2,2,6,1,-1,-1,2149,2,9,5,1,5
2016010007133,2,11,0,3,0,2,0,0,0,0,1,1,1,1,56,9,6700,2,7,-1,-1,-1
2016010007139,1,9,0,11,0,5,0,0,0,0,4,1,6,3,-1,-1,-1,-1,-1,-1,-1,-1
2016010007139,2,9,0,17,0,1,1,0,0,0,1,1,6,1,50,8,1598,1,9,1,1,1
2016010007139,3,9,0,18,0,1,0,0,0,0,4,1,6,1,37,7,2982,2,10,10,2,10
2016010007141,1,19,0,16,0,3,0,0,0,0,2,1,1,1,58,9,1995,2,7,3,1,3
2016010007141,2,11,0,17,0,3,0,0,0,0,1,1,1,1,49,8,3900,2,11,3,1,3
2016010007142,1,8,0,11,0,2,0,0,0,0,4,1,1,1,59,9,1997,2,6,2,1,2
2016010007142,2,4,0,18,0,2,0,0,0,0,1,1,6,1,23,5,124,1,-1,2,1,2
2016010007145,1,9,0,18,0,4,0,0,0,0,1,1,6,2,37,7,1299,1,12,2,1,2
2016010007145,2,9,0,17,0,3,0,0,0,0,4,1,6,1,28,6,1995,2,5,2,1,2
2016010007146,1,9,0,9,0,8,0,0,0,0,4,1,6,3,-1,-1,-1,-1,-1,-1,-1,-1
2016010007146,2,1,0,18,4,1,5,0,0,0,1,1,2,1,37,7,-1,-1,-1,-1,1,-1
2016010007147,1,3,0,14,0,0,0,0,0,0,1,1,6,3,-1,-1,-1,-1,-1,-1,-1,-1
2016010007149,1,9,0,18,0,5,0,0,0,0,1,1,6,1,65,9,1794,1,12,3,1,3
2016010007150,1,9,0,9,0,1,0,0,0,0,3,1,6,1,52,8,2597,1,13,-1,-1,-1
2016010007150,2,5,0,18,0,1,1,0,4,0,3,1,6,1,30,6,599,1,13,2,1,2
2016010007151,1,9,0,5,7,0,0,0,0,0,1,1,6,2,25,5,1390,1,3,5,1,5
2016010007151,2,8,0,1,6,0,0,0,0,0,2,1,1,1,36,7,1997,2,3,4,1,4
2016010007152,1,9,0,18,0,1,0,0,0,0,1,1,6,1,78,11,1995,1,11,4,1,4
2016010007155,1,9,0,4,0,8,0,0,0,0,1,1,6,1,25,5,2143,2,-1,2,1,2
2016010007155,2,1,0,18,0,8,0,0,0,0,4,1,6,1,43,7,-1,-1,-1,3,1,3
2016010007157,1,9,0,3,0,1,0,0,0,0,2,1,2,2,45,7,-1,-1,-1,2,1,2
2016010007157,2,9,0,18,0,1,0,0,0,0,1,1,6,1,26,6,1124,1,13,3,1,3
2016010007158,1,3,0,18,0,0,0,0,0,0,1,1,6,1,24,5,124,1,16,3,1,3
2016010007159,1,9,0,11,0,0,0,0,0,0,4,1,6,1,22,5,1390,1,7,3,1,3
2016010007159,2,4,0,18,0,0,0,0,0,0,3,1,6,1,23,5,498,1,21,3,1,3
2016010007160,1,3,0,18,0,1,0,0,0,0,1,1,6,1,27,6,-1,-1,-1,3,1,3
2016010007160,2,9,0,5,0,2,0,0,0,0,4,1,6,2,33,6,1598,1,12,4,1,4
2016010007161,1,9,0,18,0,0,0,10,1,10,3,1,6,1,32,6,1968,2,4,4,1,4
2016010007161,2,9,0,18,0,0,0,0,0,0,3,1,6,1,29,6,1598,1,8,4,1,4
2016010007162,1,9,0,9,0,2,0,0,0,0,4,1,1,1,33,6,998,1,12,4,1,4
2016010007163,1,9,0,5,0,0,0,0,1,10,1,1,6,1,56,9,2143,2,1,9,1,9
2016010007163,2,9,0,4,0,0,0,0,0,0,2,1,6,2,21,5,1388,1,13,2,1,2
2016010007163,3,9,0,4,0,0,0,0,0,0,2,1,6,1,94,11,1598,1,5,9,1,9
2016010007164,1,9,0,18,0,8,0,0,0,0,3,1,6,2,43,7,1596,1,13,3,1,3
2016010007164,2,9,0,5,0,8,0,0,0,0,1,1,6,1,84,11,2295,1,14,2,1,2
2016010007165,1,1,0,18,0,0,0,0,0,0,1,1,1,1,35,6,-1,-1,-1,7,1,7
2016010007166,1,8,0,18,0,8,0,0,0,0,1,1,6,2,32,6,1598,2,5,6,1,6
2016010007166,2,9,0,18,0,8,0,0,0,0,2,1,6,2,79,11,1248,1,2,4,1,4
2016010007167,1,9,0,3,0,1,0,0,0,0,1,1,6,1,55,8,-1,-1,-1,-1,1,-1
2016010007167,2,19,0,1,0,2,0,0,0,0,2,1,6,3,-1,-1,-1,-1,-1,-1,-1,-1
2016010007168,1,9,0,7,0,5,0,0,0,0,1,1,2,1,62,9,1998,2,12,8,1,8
2016010007169,1,3,0,18,0,8,5,0,0,0,1,1,6,1,24,5,125,1,7,6,1,6
2016010007169,2,9,0,9,0,1,0,0,0,0,1,1,6,1,23,5,1398,1,3,5,1,5
2016010007170,1,9,0,18,0,1,0,0,0,0,1,1,6,2,53,8,2035,1,10,3,1,3
2016010007170,2,19,0,2,0,8,0,0,0,0,2,1,6,3,-1,-1,2400,2,11,-1,-1,-1
2016010007171,1,9,0,18,0,0,0,0,0,0,4,1,1,1,60,9,1560,2,4,2,1,2
2016010007172,1,8,0,18,0,8,0,0,0,0,1,1,1,1,36,7,1968,2,1,7,1,7
2016010007173,1,5,0,13,0,1,5,0,0,0,4,1,2,1,51,8,745,1,1,8,1,8
2016010007173,2,9,4,15,0,1,0,0,0,0,3,1,1,1,49,8,-1,-1,-1,6,1,6
2016010007176,1,9,0,5,0,1,0,0,0,0,1,1,6,1,46,8,2987,2,10,1,1,1
2016010007180,1,9,0,10,0,6,0,0,0,0,3,1,1,1,41,7,1968,2,1,2,1,2
2016010007180,2,3,0,13,0,1,0,0,0,0,1,1,1,1,20,4,109,1,3,3,1,3
2016010007181,1,8,0,18,0,8,0,4,0,0,1,1,1,1,41,7,1997,2,-1,5,1,5
2016010007181,2,9,0,5,0,8,0,0,0,0,2,1,6,1,23,5,2000,2,5,2,1,2
2016010007183,1,9,0,6,0,0,0,0,0,0,0,1,6,1,69,10,-1,-1,-1,3,1,3
2016010007183,2,2,0,18,0,0,0,0,0,0,1,1,6,1,51,8,279,1,4,6,1,6
2016010007184,1,9,0,9,0,1,0,0,0,0,1,1,6,1,49,8,1997,2,8,3,1,3
2016010007184,2,3,0,18,0,1,0,0,0,0,1,1,6,1,29,6,125,1,9,4,1,4
2016010007185,1,9,0,18,0,2,0,0,0,0,1,1,6,2,20,4,1396,1,13,7,1,7
2016010007186,1,3,0,18,0,8,0,0,0,0,4,1,2,1,46,8,124,1,9,3,1,3
2016010007186,2,8,0,9,0,8,0,0,0,0,4,2,1,1,51,8,1997,2,6,6,1,6
2016010007187,1,3,0,18,0,2,0,0,0,0,4,1,6,1,28,6,125,1,-1,1,1,1
2016010007188,1,9,0,13,0,0,1,0,0,0,1,1,6,1,26,6,2979,1,2,4,1,4
2016010007188,2,8,0,18,0,0,0,0,0,0,1,1,1,1,42,7,2499,2,8,8,1,8
2016010007189,1,11,0,4,0,0,0,0,0,0,0,1,1,1,61,9,6700,2,-1,1,1,1
2016010007190,1,8,0,5,0,1,0,0,0,0,0,2,6,1,56,9,2402,2,11,5,1,5
2016010007190,2,1,0,5,0,1,0,0,0,0,0,1,6,1,24,5,-1,-1,-1,8,1,8
2016010007191,1,19,0,5,0,2,0,0,0,0,1,1,6,1,29,6,2402,2,15,-1,-1,-1
2016010007195,1,3,0,18,-1,-1,0,11,-1,-1,1,1,1,1,52,8,125,1,1,4,1,4
2016010007214,1,1,-1,12,0,-1,-1,-1,-1,-1,-1,1,6,1,12,3,-1,-1,-1,7,1,7
2016010007215,1,9,0,18,0,8,0,0,0,0,2,-1,6,2,53,8,1390,1,7,3,1,3
2016010007215,2,9,0,-1,0,8,0,0,0,0,1,-1,6,1,36,7,1997,2,13,-1,-1,-1
2016010007216,1,9,0,-1,0,-1,0,-1,-1,-1,2,-1,6,1,48,8,-1,-1,-1,-1,-1,-1
2016010007216,2,9,-1,-1,0,-1,-1,-1,-1,-1,-1,-1,6,1,-1,-1,-1,-1,-1,-1,1,-1
2016010007217,1,4,0,18,0,1,0,10,0,0,3,1,6,2,28,6,-1,-1,-1,2,1,2
2016010007217,2,19,0,18,0,1,0,0,0,0,3,1,6,3,-1,-1,-1,-1,-1,-1,-1,-1
2016010007219,1,3,0,18,0,1,2,0,0,0,1,1,2,1,32,6,125,1,2,9,1,9
2016010007219,2,9,0,9,0,1,0,0,0,0,4,1,2,2,37,7,1910,2,9,4,1,4
2016010007220,1,19,-1,-1,-1,-1,-1,-1,-1,-1,-1,-1,6,1,43,7,1560,2,4,2,1,2
2016010007222,1,1,0,18,0,-1,0,0,0,0,1,1,6,1,41,7,-1,-1,-1,2,1,2
2016010007222,2,9,0,13,0,2,0,0,0,0,4,1,6,3,-1,-1,1598,1,7,-1,-1,-1
2016010007223,1,3,0,-1,0,8,0,0,0,0,1,1,6,1,22,5,125,1,6,4,1,4
2016010007223,2,8,0,-1,0,8,0,0,0,0,4,-1,6,1,-1,-1,1798,8,-1,4,1,4
2016010007228,1,9,0,-1,-1,-1,0,-1,-1,-1,-1,-1,6,1,41,7,2685,2,12,6,1,6
2016010007228,2,9,0,-1,-1,-1,0,-1,-1,-1,-1,-1,6,3,-1,-1,-1,-1,-1,-1,-1,-1
2016010007229,1,3,0,9,0,8,0,-1,-1,-1,-1,1,6,1,30,6,125,1,1,-1,-1,-1
2016010007229,2,9,0,-1,0,8,0,-1,-1,-1,-1,-1,6,3,-1,-1,1598,1,12,-1,-1,-1
2016010007230,1,5,0,18,0,8,2,-1,0,0,0,1,6,1,51,8,-1,-1,-1,-1,1,-1
2016010007230,2,9,0,6,0,8,-1,-1,-1,0,-1,1,6,3,-1,-1,-1,-1,-1,-1,-1,-1
2016010007232,1,1,-1,4,0,8,-1,0,0,0,-1,1,6,2,26,6,-1,-1,-1,2,1,2
2016010007232,2,19,-1,9,0,5,-1,0,0,0,-1,-1,6,1,-1,-1,-1,-1,-1,-1,-1,-1
2016010007238,1,11,0,7,0,5,0,11,0,0,4,1,1,1,23,5,4500,2,-1,6,1,6
2016010007240,1,9,0,18,9,0,0,11,1,10,1,1,6,2,27,6,-1,-1,-1,4,1,4
2016010007240,2,9,0,14,0,0,0,11,0,0,1,1,3,1,71,10,1997,2,1,5,1,5
2016010007246,1,9,-1,-1,0,1,0,0,0,0,3,-1,6,1,76,11,-1,-1,-1,-1,1,-1
2016010007246,2,9,-1,-1,0,1,0,0,3,0,1,-1,6,3,-1,-1,-1,-1,-1,-1,-1,-1
2016010007247,1,1,0,9,0,8,0,0,0,0,1,1,6,2,43,7,-1,-1,-1,4,1,4
2016010007247,2,2,0,5,0,8,0,0,0,0,1,1,2,2,47,8,125,1,10,4,1,4
2016010007248,1,9,0,2,0,0,0,0,0,0,4,1,6,3,-1,-1,-1,-1,-1,-1,-1,-1
2016010007248,2,1,0,18,0,0,0,4,0,0,1,1,6,2,48,8,-1,-1,-1,-1,1,-1
2016010007249,1,3,-1,18,0,-1,-1,-1,-1,-1,-1,1,6,1,17,4,-1,-1,-1,-1,-1,-1
2016010007253,1,9,0,18,0,4,0,0,0,0,2,-1,6,1,52,8,1997,2,-1,10,2,10
2016010007253,2,9,0,18,0,4,0,0,0,0,1,-1,6,1,-1,-1,-1,-1,-1,9,1,9
2016010007255,1,9,0,1,0,0,0,0,0,0,2,1,6,1,55,8,1985,1,17,3,1,3
2016010007261,1,9,0,7,-1,7,0,-1,0,0,4,-1,6,2,-1,-1,-1,-1,-1,-1,-1,-1
2016010007262,1,9,0,12,0,8,0,0,0,0,2,1,6,1,37,7,2401,2,12,3,1,3
2016010007262,2,10,0,18,0,8,0,0,0,0,1,1,3,2,41,7,2198,2,4,5,1,5
2016010007271,1,1,0,18,0,8,0,0,0,0,1,1,6,1,32,6,-1,-1,-1,4,1,4
2016010007271,2,8,0,7,0,8,0,0,0,0,4,1,6,1,46,8,998,1,-1,4,1,4
2016010007274,1,1,0,18,2,2,0,11,0,0,1,1,6,1,48,8,-1,-1,-1,2,1,2
2016010007274,2,1,0,7,0,5,0,11,0,0,3,1,6,1,50,8,-1,-1,-1,-1,-1,-1
2016010007275,1,3,0,18,0,1,-1,8,0,0,1,1,6,1,42,7,-1,-1,-1,-1,1,-1
2016010007275,2,9,0,18,0,1,0,0,0,0,4,1,6,1,-1,-1,-1,-1,-1,-1,-1,-1
2016010007280,1,8,0,9,0,8,0,0,0,0,1,1,1,1,46,8,1896,2,9,6,1,6
2016010007289,1,11,0,4,0,1,0,0,0,0,0,1,1,1,67,10,4250,2,2,8,1,8
2016010007290,1,9,0,4,-1,8,0,0,-1,0,4,1,6,2,34,6,-1,-1,-1,-1,1,-1
2016010007290,2,9,0,1,-1,8,0,0,-1,0,2,1,6,1,-1,-1,-1,-1,-1,-1,-1,-1
2016010007292,1,9,-1,-1,-1,-1,-1,-1,-1,-1,-1,1,6,1,39,7,1910,2,8,5,2,5
2016010007293,1,9,0,18,0,0,0,0,0,0,4,1,1,1,43,7,1797,8,6,3,1,3
2016010007297,1,9,0,1,9,2,0,0,0,0,2,1,6,1,48,8,1998,1,12,9,1,9
2016010007299,1,11,0,4,2,1,0,0,0,0,2,1,6,1,45,7,7300,2,11,2,1,2
2016010007299,2,9,0,4,2,1,0,0,0,0,1,1,6,1,68,10,-1,-1,-1,5,1,5
2016010007301,1,9,0,1,0,1,0,0,0,0,2,1,6,1,31,6,-1,-1,-1,-1,1,-1
2016010007301,2,9,0,1,0,2,0,0,0,0,2,1,6,3,-1,-1,-1,-1,-1,-1,-1,-1
2016010007303,1,9,0,18,0,2,0,0,0,0,1,1,2,1,29,6,1497,8,1,3,1,3
2016010007303,2,1,0,9,0,2,0,0,0,0,1,1,6,1,37,7,-1,-1,-1,3,3,3
2016010007304,1,9,0,1,0,0,0,0,0,0,2,-1,6,1,46,8,-1,-1,-1,6,1,6
2016010007306,1,11,0,-1,-1,-1,0,0,-1,0,0,1,1,1,61,9,6700,2,4,6,1,6
2016010007308,1,4,0,18,0,0,2,10,7,10,1,1,6,1,19,4,296,1,2,7,1,7
2016010007308,2,9,0,5,0,0,0,0,0,0,1,1,6,2,48,8,1242,1,9,9,1,9
2016010007312,1,9,0,18,0,0,0,0,0,0,3,2,6,1,26,6,1956,2,5,6,1,6
2016010007317,1,1,0,18,0,0,-1,-1,0,0,1,1,6,1,22,5,-1,-1,-1,8,1,8
2016010007317,2,9,-1,18,0,0,-1,-1,0,0,1,-1,6,1,39,7,1598,2,5,4,1,4
2016010007320,1,9,0,15,0,0,0,0,0,0,0,1,6,1,67,10,2295,1,17,7,1,7
2016010007323,1,9,-1,3,0,-1,-1,0,-1,-1,2,-1,2,1,48,8,996,1,6,3,1,3
2016010007323,2,9,-1,5,0,1,-1,-1,-1,0,1,-1,6,2,17,4,1600,2,4,-1,-1,-1
2016010007325,1,11,0,18,0,0,0,0,0,0,0,1,1,1,53,8,4500,2,-1,2,1,2
2016010007326,1,9,0,9,0,5,0,0,0,0,4,2,2,2,60,9,2143,2,1,2,1,2
2016010007326,2,1,0,15,0,1,0,0,0,0,1,1,6,1,34,6,-1,-1,-1,-1,-1,-1
2016010007327,1,19,0,18,0,1,0,0,0,0,1,1,6,3,-1,-1,-1,-1,-1,-1,-1,-1
2016010007328,1,11,0,18,2,1,0,11,0,0,1,1,1,1,26,6,670,2,6,5,1,5
2016010007328,2,90,0,9,2,6,0,11,0,0,3,1,6,1,25,5,-1,-1,-1,6,1,6
2016010007331,1,9,0,3,0,2,0,0,0,0,2,1,6,2,39,7,2987,2,2,5,1,5
2016010007331,2,9,0,3,0,2,0,0,0,0,2,1,6,2,29,6,1242,1,-1,2,1,2
2016010007331,3,9,0,18,0,1,0,0,0,0,1,1,2,1,32,6,1598,1,6,1,1,1
2016010007332,1,9,0,18,0,1,0,0,0,0,1,1,6,1,24,5,2685,2,12,5,1,5
2016010007334,1,9,0,18,0,1,0,0,0,0,1,1,2,1,66,10,1468,1,12,8,1,8
2016010007335,1,9,0,9,0,1,0,0,0,0,1,1,6,1,36,7,2720,2,8,9,1,9
2016010007335,2,3,0,14,0,1,0,0,0,0,1,1,6,1,28,6,125,1,9,7,1,7
2016010007336,1,9,0,1,5,6,0,0,0,0,2,1,6,1,38,7,6208,1,10,4,1,4
2016010007338,1,20,0,5,0,1,0,0,0,0,1,1,1,1,44,7,-1,-1,-1,6,1,6
2016010007339,1,3,0,17,9,8,0,0,0,0,3,1,6,1,18,4,-1,-1,-1,5,1,5
2016010007339,2,9,0,13,0,8,0,0,0,0,3,1,6,1,55,8,2143,2,2,2,1,2
2016010007340,1,11,0,5,2,1,0,0,0,0,0,1,1,1,54,8,4500,2,1,2,1,2
2016010007341,1,11,0,4,0,1,0,0,0,0,0,1,1,1,57,9,-1,-1,-1,-1,1,-1
2016010007343,1,19,0,18,0,1,0,0,0,0,1,1,1,1,73,10,1461,2,11,6,1,6
2016010007343,2,2,0,3,0,1,0,0,0,0,2,1,2,1,37,7,124,1,7,5,1,5
2016010007344,1,8,0,17,0,1,0,0,0,0,0,1,1,1,40,7,2143,2,3,2,1,2
2016010007345,1,9,0,3,0,3,0,0,0,0,2,1,6,1,51,8,-1,-1,-1,-1,1,-1
2016010007345,2,3,0,18,0,3,0,0,0,0,1,1,6,1,38,7,-1,-1,-1,-1,1,-1
2016010007346,1,9,0,3,0,6,0,0,0,0,2,1,2,2,39,7,1198,1,5,2,1,2
2016010007346,2,9,0,7,0,7,0,0,0,0,2,1,2,1,19,4,-1,-1,-1,6,1,6
2016010007346,3,9,0,18,0,1,0,0,0,0,1,1,6,3,-1,-1,2143,2,4,-1,-1,-1
2016010007347,1,11,0,18,0,2,0,0,0,0,0,2,1,1,55,8,-1,-1,-1,-1,-1,-1
2016010007347,2,8,0,18,0,2,0,0,0,0,3,1,1,1,49,8,2143,2,4,7,1,7
2016010007347,3,1,0,18,0,2,0,0,0,0,3,1,6,1,42,7,-1,-1,-1,6,1,6
2016010007348,1,9,0,4,0,2,0,0,0,0,3,1,6,1,31,6,5439,1,10,7,3,7
2016010007348,2,3,0,13,0,2,0,0,0,0,1,1,6,1,36,7,108,1,1,5,1,5
2016010007350,1,10,0,4,0,1,0,0,0,0,2,1,1,1,41,7,-1,-1,-1,3,1,3
2016010007350,2,1,0,12,0,1,0,4,0,0,1,1,6,1,34,6,-1,-1,-1,2,1,2
2016010007351,1,9,0,18,0,1,0,0,0,0,4,1,6,1,52,8,1910,2,8,5,1,5
2016010007351,2,9,0,5,0,8,0,0,0,0,3,1,6,1,21,5,1229,1,2,3,1,3
2016010007352,1,8,0,16,0,0,0,0,0,0,1,1,1,1,40,7,1798,8,3,3,1,3
2016010007353,1,11,0,4,0,0,0,0,0,0,0,1,1,2,32,6,9000,2,7,3,1,3
2016010007356,1,8,0,18,0,4,0,0,0,0,1,1,1,1,45,7,2231,2,9,1,1,1
2016010007356,2,1,0,9,0,4,5,0,0,0,4,1,6,1,33,6,-1,-1,-1,2,1,2
2016010007356,3,9,0,18,0,4,0,0,0,0,0,1,6,2,26,6,1598,1,5,1,1,1
2016010007357,1,1,0,18,0,1,5,0,1,0,3,1,2,1,42,7,-1,-1,-1,3,1,3
2016010007357,2,8,0,7,0,1,0,0,0,0,4,1,1,1,43,7,2402,2,14,9,1,9
2016010007358,1,3,0,18,0,2,0,0,0,0,3,1,2,1,24,5,124,1,2,2,1,2
2016010007358,2,9,0,18,0,1,0,0,0,0,4,1,2,2,29,6,1248,2,8,8,1,8
2016010007358,3,9,0,3,0,2,0,0,0,0,2,1,6,1,44,7,2143,2,3,6,1,6
2016010007359,1,9,0,10,0,5,0,10,0,0,0,1,1,1,29,6,1242,1,-1,2,1,2
2016010007359,2,1,0,18,9,8,2,10,1,0,0,1,2,1,32,6,-1,-1,-1,3,1,3
2016010007360,1,11,0,4,0,8,0,0,0,0,0,1,6,1,37,7,7300,2,13,4,1,4
2016010007361,1,9,0,18,0,0,0,0,0,0,1,1,2,1,56,9,-1,-1,-1,8,1,8
2016010007363,1,11,0,5,0,6,0,0,1,0,0,1,1,1,24,5,4641,2,2,3,1,3
2016010007365,1,9,0,5,0,6,0,0,0,0,1,1,6,2,63,9,2179,2,3,7,1,7
2016010007365,2,5,0,18,0,1,0,0,0,0,4,1,6,1,47,8,649,1,7,9,1,9
2016010007366,1,9,0,18,0,2,0,0,0,0,1,1,6,1,43,7,1796,1,12,3,1,3
2016010007366,2,9,0,18,0,2,0,0,0,0,2,1,6,1,50,8,1994,2,18,5,1,5
2016010007367,1,9,0,4,0,2,0,0,0,0,2,1,1,2,62,9,898,1,2,10,1,10
2016010007367,2,8,0,4,0,2,0,0,0,0,2,1,1,1,43,7,1798,8,-1,9,1,9
2016010007367,3,9,0,4,0,2,0,0,0,0,1,1,1,1,29,6,-1,-1,-1,3,1,3
2016010007368,1,9,0,18,0,1,0,0,0,0,4,1,6,1,44,7,2231,2,9,5,1,5
2016010007368,2,3,0,18,0,1,0,0,0,0,2,1,1,1,39,7,108,1,1,2,1,2
2016010007369,1,3,0,18,0,8,0,0,0,0,2,1,6,1,23,5,125,1,7,1,1,1
2016010007369,2,19,0,18,0,8,0,0,0,0,1,1,1,1,51,8,1896,2,7,3,1,3
2016010007371,1,3,0,18,0,2,0,0,0,0,1,1,6,1,25,5,125,1,9,1,1,1
2016010007371,2,9,0,18,0,2,0,0,0,0,1,1,6,2,81,11,1242,1,9,6,1,6
2016010007372,1,19,0,18,0,8,0,0,0,0,1,1,2,1,25,5,1598,2,1,6,1,6
2016010007372,2,9,0,18,0,2,0,0,0,0,3,1,6,2,76,11,1769,1,11,9,1,9
2016010007372,3,9,0,18,0,2,0,0,0,0,3,1,6,2,37,7,2191,2,2,10,1,10
2016010007373,1,19,0,5,0,1,0,0,0,0,1,1,2,1,26,6,2198,2,6,7,1,7
2016010007374,1,9,0,9,0,1,0,0,0,0,3,1,1,1,21,5,-1,-1,-1,9,1,9
2016010007374,2,3,0,13,0,1,0,0,0,0,3,1,6,1,19,4,109,1,2,3,1,3
2016010007375,1,9,0,6,0,0,5,0,7,4,1,1,6,2,22,5,1299,1,12,8,1,8
2016010007375,2,9,0,2,0,0,0,0,0,0,3,1,6,3,-1,-1,1685,2,1,-1,-1,-1
2016010007376,1,9,0,18,0,5,0,0,0,0,1,1,6,1,33,6,1997,2,1,2,1,2
2016010007377,1,9,0,7,0,6,0,0,0,0,1,1,6,2,54,8,1796,1,12,3,1,3
2016010007377,2,1,0,18,2,1,0,0,0,0,1,1,6,1,38,7,-1,-1,-1,3,1,3
2016010007379,1,9,0,3,0,1,0,0,0,0,2,1,2,1,46,8,1596,1,1,3,1,3
2016010007379,2,9,0,18,0,1,0,0,0,0,1,1,1,1,29,6,-1,-1,-1,8,1,8
2016010007380,1,9,0,18,0,1,0,0,0,0,3,1,6,2,32,6,999,1,4,6,1,6
2016010007381,1,9,0,3,0,1,0,0,0,0,2,1,6,1,63,9,998,1,10,-1,-1,-1
2016010007381,2,9,0,12,0,1,0,0,0,0,1,1,6,1,70,10,1973,1,15,1,1,1
2016010007381,3,19,0,3,0,1,0,0,0,0,3,1,6,1,44,7,2198,2,2,8,1,8
2016010007383,1,19,0,2,0,2,0,4,7,0,1,1,6,3,-1,-1,1560,2,1,-1,-1,-1
2016010007383,2,9,0,2,0,2,0,0,1,0,1,1,6,3,-1,-1,1198,1,6,-1,-1,-1
2016010007383,3,9,0,18,0,8,0,0,0,0,1,1,2,2,64,9,1398,1,14,10,1,10
2016010007383,4,9,0,18,0,8,0,4,3,10,1,1,6,1,58,9,2959,1,21,9,1,9
2016010007384,1,9,0,9,0,1,0,0,0,0,1,2,6,1,36,7,-1,-1,-1,-1,1,-1
2016010007384,2,2,0,18,0,3,0,0,0,0,3,1,6,1,30,6,-1,-1,-1,-1,1,-1
2016010007385,1,5,0,8,9,0,1,0,0,0,0,1,6,1,31,6,600,1,16,4,1,4
2016010007386,1,90,0,3,0,0,0,0,0,0,0,1,6,1,20,4,-1,-1,-1,-1,1,-1
2016010007386,2,9,0,18,0,0,0,0,0,0,1,1,6,3,-1,-1,-1,-1,-1,-1,-1,-1
2016010007387,1,9,0,5,0,0,0,0,0,0,1,1,6,1,22,5,1998,1,11,4,1,4
2016010007387,2,9,0,3,0,0,0,0,0,0,2,1,6,1,49,8,1685,2,1,3,1,3
2016010007389,1,3,0,14,0,0,2,0,0,0,1,1,6,3,-1,-1,-1,-1,-1,-1,-1,-1
2016010007390,1,5,0,13,0,0,0,0,0,0,2,1,6,1,34,6,600,1,9,2,1,2
2016010007390,2,9,0,18,0,0,0,0,0,0,1,1,6,1,27,6,1598,2,1,2,1,2
2016010007391,1,9,0,5,0,6,0,0,0,0,1,1,6,1,40,7,2987,2,9,3,1,3
2016010007391,2,3,0,18,0,1,2,0,0,0,0,1,6,1,25,5,-1,-1,-1,4,1,4
2016010007392,1,9,0,10,0,1,0,0,0,0,1,1,6,1,57,9,-1,-1,-1,3,1,3
2016010007392,2,9,0,18,0,1,0,0,0,0,1,1,6,1,50,8,-1,-1,-1,2,1,2
2016010007393,1,9,0,18,0,1,0,4,0,0,1,1,6,1,33,6,1956,2,6,2,1,2
2016010007393,2,9,0,10,0,1,0,0,0,0,1,1,6,1,25,5,1596,1,10,2,1,2
2016010007394,1,9,0,9,0,8,0,0,0,0,4,1,6,1,17,4,1229,1,3,9,1,9
2016010007394,2,9,0,18,0,8,0,0,0,0,1,1,6,1,48,8,1596,1,12,3,1,3
2016010007395,1,9,0,9,0,0,0,0,0,0,1,1,6,1,45,7,1968,2,7,1,1,1
2016010007395,2,5,0,18,0,0,0,0,0,0,1,1,2,1,59,9,-1,-1,-1,7,1,7
2016010007397,1,9,0,18,0,0,0,4,0,0,4,1,6,1,20,4,1995,2,3,10,1,10
2016010007397,2,9,0,2,0,0,0,0,0,0,3,1,6,3,-1,-1,2993,2,6,-1,-1,-1
2016010007397,3,9,0,2,9,0,0,0,0,0,3,1,6,3,-1,-1,1242,1,3,-1,-1,-1
2016010007397,4,90,0,2,0,0,0,0,7,10,1,1,6,3,-1,-1,-1,-1,-1,-1,-1,-1
2016010007398,1,9,0,2,6,0,0,0,0,0,2,1,6,3,-1,-1,2143,2,2,-1,-1,-1
2016010007398,2,9,0,2,6,0,0,0,0,0,1,1,6,3,-1,-1,1995,2,3,-1,-1,-1
2016010007399,1,3,0,18,0,0,0,0,0,0,1,1,1,1,20,4,108,1,1,3,1,3
2016010007399,2,9,0,5,0,0,0,0,0,0,1,1,6,2,53,8,1149,1,2,7,1,7
2016010007402,1,9,0,18,0,8,0,0,0,0,1,1,6,2,42,7,2497,2,15,5,1,5
2016010007402,2,9,0,18,0,8,0,0,2,7,1,1,6,1,30,6,1984,1,9,-1,-1,-1
2016010007403,1,3,0,4,0,1,1,0,0,0,1,1,6,1,-1,-1,-1,-1,-1,-1,-1,-1
2016010007403,2,1,0,18,0,2,0,0,0,0,1,1,6,1,66,10,-1,-1,-1,3,1,3
2016010007405,1,8,0,3,0,1,0,0,0,0,4,1,1,1,42,7,1798,8,1,5,1,5