Accident_Index,Vehicle_Reference,Vehicle_Type,Towing_and_Articulation,Vehicle_Manoeuvre,Vehicle_Location-Restricted_Lane,Junction_Location,Skidding_and_Overturning,Hit_Object_in_Carriageway,Vehicle_Leaving_Carriageway,Hit_Object_off_Carriageway,1st_Point_of_Impact,Was_Vehicle_Left_Hand_Drive?,Journey_Purpose_of_Driver,Sex_of_Driver,Age_of_Driver,Age_Band_of_Driver,Engine_Capacity_(CC),Propulsion_Code,Age_of_Vehicle,Driver_IMD_Decile,Driver_Home_Area_Type,Vehicle_IMD_Decile
2016010008173,1,9,-1,18,-1,-1,-1,0,0,0,3,-1,6,1,36,7,1798,8,1,2,1,2
2016010008173,2,9,-1,13,0,-1,0,0,0,0,4,-1,6,3,-1,-1,1197,1,-1,-1,-1,-1
2016010008174,1,9,0,9,0,8,0,0,0,0,3,1,6,1,36,7,1896,2,7,4,1,4
2016010008174,2,9,0,18,0,1,0,0,0,0,1,1,6,1,51,8,1896,2,13,8,1,8
2016010008175,1,9,0,18,0,0,0,0,0,0,0,2,6,1,39,7,1498,1,6,2,1,2
2016010008175,2,3,0,13,0,0,2,0,0,0,3,1,2,1,26,6,108,1,3,3,1,3
2016010008177,1,9,-1,18,0,1,-1,-1,0,0,1,-1,6,2,23,5,1598,1,4,10,1,10
2016010008177,2,9,0,9,0,5,0,0,0,0,4,-1,6,2,51,8,1395,8,-1,7,2,7
2016010008178,1,9,0,18,0,8,0,10,7,2,1,1,6,1,81,11,1389,1,20,4,1,4
2016010008179,1,8,0,9,0,8,0,11,0,0,3,1,1,1,63,9,1910,2,6,3,1,3
2016010008179,2,4,0,13,0,8,1,11,0,0,1,1,2,1,39,7,395,1,3,4,1,4
2016010008180,1,9,0,18,0,0,1,0,0,0,1,1,2,1,40,7,1242,1,14,8,1,8
2016010008182,1,9,0,8,0,0,0,0,0,0,1,1,3,1,35,6,2987,2,10,1,1,1
2016010008183,1,11,0,3,0,8,0,0,0,0,0,1,1,1,36,7,5132,2,-1,7,1,7
2016010008184,1,9,-1,-1,-1,-1,-1,-1,-1,-1,-1,-1,6,2,21,5,-1,-1,-1,-1,-1,-1
2016010008186,1,9,0,18,0,0,0,0,0,0,1,1,6,2,25,5,1587,1,9,4,1,4
2016010008186,2,9,0,6,0,0,0,0,0,0,1,1,6,1,20,4,1598,1,9,9,1,9
2016010008187,1,1,0,18,0,8,0,0,0,0,1,1,6,1,34,6,-1,-1,-1,5,1,5
2016010008187,2,9,0,18,0,-1,0,0,0,0,1,-1,6,3,-1,-1,-1,-1,-1,-1,-1,-1
2016010008188,1,19,0,1,0,0,0,0,0,0,2,1,6,1,24,5,2402,2,9,1,1,1
2016010008189,1,9,0,3,0,1,0,0,0,0,2,1,6,2,28,6,-1,-1,-1,-1,1,-1
2016010008189,2,9,-1,-1,-1,1,0,0,0,0,1,-1,6,3,-1,-1,-1,-1,-1,-1,-1,-1
2016010008192,1,9,0,18,0,1,0,4,0,0,1,1,6,1,62,9,-1,-1,-1,9,1,9
2016010008192,2,9,0,2,0,1,0,0,0,0,1,1,6,3,-1,-1,1598,1,13,-1,-1,-1
2016010008194,1,4,0,18,0,1,0,0,0,0,2,1,6,1,45,7,125,1,1,2,1,2
2016010008194,2,9,-1,18,0,1,-1,0,0,0,1,-1,6,1,46,8,-1,-1,-1,-1,-1,-1
2016010008196,1,9,0,-1,0,-1,0,-1,0,0,2,-1,6,1,39,7,2184,2,6,1,1,1
2016010008196,2,9,0,-1,0,-1,0,-1,-1,-1,1,-1,6,1,60,9,1679,1,18,10,2,10
2016010008201,1,9,0,4,0,0,0,0,0,0,1,1,6,2,46,8,1598,1,13,9,1,9
2016010008201,2,9,0,4,0,0,0,0,0,0,2,1,6,2,35,6,1968,2,-1,2,1,2
2016010008205,1,19,0,15,0,0,0,0,0,0,4,1,1,1,60,9,2143,2,5,7,1,7
2016010008205,2,1,0,18,0,0,0,0,0,0,3,1,1,1,27,6,-1,-1,-1,1,1,1
2016010008209,1,5,0,7,0,8,5,0,0,0,3,1,6,1,24,5,749,1,9,2,1,2
2016010008209,2,19,0,7,0,8,0,0,0,0,4,1,6,1,58,9,2151,2,11,4,1,4
2016010008215,1,9,0,14,0,1,0,0,0,0,3,1,6,1,36,7,1598,2,4,7,1,7
2016010008215,2,3,0,13,0,1,0,0,0,0,4,1,6,1,32,6,125,1,5,3,1,3
2016010008220,1,1,-1,18,0,8,0,0,-1,0,4,1,6,2,39,7,-1,-1,-1,3,1,3
2016010008220,2,9,-1,-1,0,2,0,0,-1,0,1,-1,6,1,35,6,1995,2,5,2,1,2
2016010008224,1,9,0,3,0,8,0,0,0,0,1,1,6,2,30,6,1560,2,10,4,1,4
2016010008224,2,9,0,1,0,1,0,0,0,0,2,1,6,3,-1,-1,-1,-1,-1,-1,-1,-1
2016010008226,1,9,-1,18,0,0,0,0,0,0,4,-1,2,1,33,6,1496,2,1,6,3,6
2016010008226,2,9,-1,3,0,0,0,0,0,0,3,-1,6,1,-1,-1,2199,2,-1,2,1,2
2016010008227,1,9,0,1,0,8,0,0,0,0,2,-1,6,3,-1,-1,-1,-1,-1,-1,-1,-1
2016010008228,1,19,0,9,0,6,0,0,0,0,1,1,1,1,46,8,1499,2,-1,6,1,6
2016010008230,1,5,0,18,0,8,0,0,1,0,1,1,6,1,41,7,599,1,17,2,1,2
2016010008230,2,1,0,5,0,1,0,0,0,0,0,1,6,1,23,5,-1,-1,-1,3,1,3
2016010008231,1,9,0,7,0,1,0,0,0,0,3,2,6,1,29,6,-1,-1,-1,1,1,1
2016010008231,2,5,0,18,0,1,0,0,0,0,1,1,6,1,38,7,-1,-1,-1,3,1,3
2016010008232,1,5,0,18,0,1,2,0,7,0,0,1,6,1,19,4,650,1,3,2,1,2
2016010008232,2,9,0,18,0,1,0,0,3,0,0,1,6,3,-1,-1,-1,-1,-1,-1,-1,-1
2016010008234,1,9,0,16,0,0,0,0,0,0,1,1,6,2,66,10,1108,1,15,6,1,6
2016010008234,2,3,0,17,0,0,0,0,0,0,1,1,6,1,17,4,-1,-1,-1,4,1,4
2016010008235,1,9,0,4,0,2,0,0,0,0,2,1,6,2,39,7,2982,2,10,2,1,2
2016010008235,2,9,0,18,0,2,0,0,0,0,1,1,6,1,37,7,1598,1,7,4,1,4
2016010008236,1,5,0,18,0,2,0,0,0,0,1,1,6,1,30,6,649,1,9,3,1,3
2016010008236,2,8,0,18,0,2,0,0,0,0,4,1,1,1,40,7,2499,2,7,8,1,8
2016010008238,1,9,0,4,0,8,0,0,0,0,3,1,6,3,-1,-1,-1,-1,-1,-1,-1,-1
2016010008238,2,1,0,18,0,8,0,8,0,0,1,1,6,1,59,9,-1,-1,-1,2,1,2
2016010008239,1,2,0,7,0,5,0,0,1,0,2,1,6,1,33,6,125,1,14,4,1,4
2016010008239,2,9,0,18,0,1,0,0,0,0,1,2,6,1,40,7,-1,-1,-1,8,1,8
2016010008240,1,11,0,4,2,1,0,0,0,0,0,1,1,1,50,8,4461,2,2,2,1,2
2016010008242,1,9,0,7,0,2,0,0,0,0,1,1,6,1,26,6,1968,2,9,6,1,6
2016010008242,2,8,0,18,0,1,0,0,0,0,1,1,6,1,29,6,1798,8,-1,2,1,2
2016010008243,1,9,0,17,0,1,0,10,3,10,1,1,6,1,30,6,1560,2,3,-1,-1,-1
2016010008244,1,8,0,18,0,0,0,0,0,0,1,1,6,3,-1,-1,2664,2,15,-1,-1,-1
2016010008245,1,3,0,5,0,8,0,0,0,0,4,1,2,1,34,6,124,1,8,4,1,4
2016010008245,2,9,0,5,0,8,0,0,0,0,1,1,6,1,76,11,4969,1,3,8,1,8
2016010008246,1,9,0,9,0,5,0,0,0,0,4,1,6,1,22,5,1248,1,2,2,1,2
2016010008246,2,1,0,18,0,8,0,0,0,0,1,1,6,1,31,6,-1,-1,-1,3,1,3
2016010008247,1,5,0,15,2,1,0,0,0,0,2,1,6,1,39,7,599,1,10,9,1,9
2016010008247,2,9,0,7,0,1,0,0,1,0,1,1,6,2,28,6,2143,2,5,3,1,3
2016010008249,1,9,-1,18,0,-1,0,11,0,0,1,1,6,1,18,4,1329,1,6,5,1,5
2016010008250,1,9,0,18,0,1,0,0,0,0,4,1,6,2,22,5,1229,1,6,8,1,8
2016010008250,2,9,0,18,0,8,0,0,0,0,1,1,6,3,-1,-1,1796,1,20,-1,-1,-1
2016010008251,1,9,0,5,0,8,0,0,0,0,3,1,6,2,23,5,1798,1,3,3,1,3
2016010008251,2,9,0,18,0,8,0,0,0,0,1,1,6,2,29,6,1587,1,14,8,1,8
2016010008252,1,9,0,5,0,8,0,0,0,0,3,1,6,1,62,9,1986,2,9,2,1,2
2016010008252,2,1,0,18,0,8,0,0,0,0,1,1,6,2,22,5,-1,-1,-1,3,1,3
2016010008253,1,9,0,18,0,0,0,0,0,0,1,1,6,1,77,11,1390,1,12,1,1,1
2016010008256,1,8,0,18,0,0,0,0,0,0,1,1,6,3,-1,-1,2402,2,11,-1,-1,-1
2016010008256,2,1,0,11,0,0,0,0,0,0,2,1,2,1,59,9,-1,-1,-1,8,1,8
2016010008257,1,3,0,14,0,8,0,0,0,0,1,1,6,3,-1,-1,125,1,1,-1,-1,-1
2016010008258,1,9,0,18,0,0,0,0,0,0,1,1,6,2,44,7,-1,-1,-1,5,1,5
2016010008259,1,11,0,18,0,1,0,0,0,0,4,1,1,1,54,8,4500,2,-1,-1,-1,-1
2016010008261,1,9,0,18,0,6,0,0,0,0,1,1,6,1,25,5,1390,1,15,-1,-1,-1
2016010008261,2,9,0,2,0,6,1,0,0,0,1,1,6,3,-1,-1,999,1,-1,-1,-1,-1
2016010008262,1,9,0,18,0,0,0,0,0,0,1,1,6,2,43,7,1596,1,12,6,1,6
2016010008262,2,9,0,18,0,0,0,0,0,0,2,1,6,1,39,7,1598,1,13,4,1,4
2016010008263,1,9,0,7,0,1,0,0,3,10,1,1,6,3,-1,-1,-1,-1,-1,-1,-1,-1
2016010008264,1,11,0,18,0,1,0,0,0,0,0,1,1,1,42,7,4500,2,1,2,1,2
2016010008265,1,3,0,4,0,1,1,0,0,0,4,1,6,1,24,5,124,1,5,6,1,6
2016010008266,1,9,0,17,0,1,1,10,2,2,1,1,6,1,27,6,2143,2,2,-1,-1,-1
2016010008266,2,9,0,18,0,1,0,0,0,0,0,1,1,1,38,7,2993,2,1,4,1,4
2016010008266,3,9,0,3,0,5,0,0,0,0,2,1,6,1,30,6,2497,1,6,5,1,5
2016010008267,1,9,0,9,0,2,0,0,0,0,1,1,6,1,74,10,3456,8,6,8,1,8
2016010008267,2,1,0,18,0,1,0,0,0,0,4,1,2,1,41,7,-1,-1,-1,7,1,7
2016010008270,1,8,0,18,0,1,0,0,0,0,4,1,1,1,33,6,1968,2,4,2,1,2
2016010008270,2,9,0,9,0,1,0,0,0,0,3,1,6,1,22,5,973,1,13,-1,-1,-1
2016010008272,1,9,0,4,0,1,0,0,0,0,0,1,6,1,54,8,2777,2,8,3,1,3
2016010008272,2,3,0,18,0,1,0,0,0,0,0,1,1,1,18,4,108,1,3,7,1,7
2016010008274,1,1,0,18,0,1,0,0,0,0,1,1,6,1,25,5,-1,-1,-1,3,1,3
2016010008275,1,9,0,12,0,0,0,0,0,0,3,1,1,1,42,7,1798,1,2,8,1,8
2016010008275,2,9,0,18,0,0,0,0,0,0,4,1,6,1,37,7,1984,1,1,4,1,4
2016010008278,1,3,-1,18,0,0,-1,-1,0,0,-1,1,6,1,21,5,-1,-1,-1,-1,1,-1
2016010008278,2,9,-1,18,0,0,-1,-1,-1,-1,-1,1,6,1,17,4,-1,-1,-1,-1,-1,-1
2016010008279,1,1,0,18,0,1,0,0,0,0,1,1,6,1,27,6,-1,-1,-1,2,1,2
2016010008279,2,9,-1,9,0,1,-1,0,0,0,-1,-1,6,1,-1,-1,1997,1,12,-1,-1,-1
2016010008282,1,9,-1,3,0,8,-1,-1,-1,-1,2,-1,6,2,33,6,1984,1,21,3,1,3
2016010008283,1,1,0,18,0,1,0,0,-1,0,1,1,6,1,54,8,-1,-1,-1,5,1,5
2016010008283,2,9,0,7,0,-1,0,0,0,0,4,-1,6,3,-1,-1,-1,-1,-1,-1,-1,-1
2016010008298,1,9,0,-1,0,0,0,0,0,0,2,-1,6,2,36,7,1998,1,15,1,1,1
2016010008298,2,9,-1,18,0,0,-1,0,0,0,1,-1,6,1,-1,-1,1591,1,1,1,1,1
2016010008302,1,9,0,13,0,0,0,0,0,0,1,1,2,1,63,9,1999,1,10,7,1,7
2016010008302,2,9,0,18,0,0,0,0,0,0,1,1,2,2,52,8,2496,2,19,3,1,3
2016010008302,3,11,0,18,0,0,0,0,0,0,3,1,1,1,38,7,4461,2,1,-1,-1,-1
2016010008307,1,1,-1,-1,0,-1,-1,0,-1,0,-1,1,6,3,-1,-1,-1,-1,-1,-1,-1,-1
2016010008308,1,9,0,18,0,0,0,0,0,0,2,1,6,1,29,6,1995,2,12,6,1,6
2016010008308,2,9,0,18,0,0,0,0,0,0,2,1,6,2,34,6,1796,1,11,2,1,2
2016010008310,1,19,5,3,0,2,0,0,0,0,2,1,1,1,28,6,2143,2,1,3,1,3
2016010008311,1,90,-1,3,0,8,-1,0,0,0,4,-1,6,3,-1,-1,-1,-1,-1,-1,-1,-1
2016010008320,1,9,0,8,0,1,0,0,0,0,2,1,2,1,55,8,998,1,26,4,1,4
2016010008320,2,9,0,3,0,1,1,0,0,0,1,1,2,2,28,6,1598,1,3,3,1,3
2016010008323,1,3,-1,-1,-1,-1,-1,-1,-1,-1,1,1,6,1,27,6,125,1,3,1,1,1
2016010008323,2,9,-1,-1,-1,-1,-1,-1,-1,-1,-1,-1,6,1,25,5,1995,1,5,-1,-1,-1
2016010008324,1,9,0,18,0,0,0,0,0,0,4,-1,6,1,46,8,-1,-1,-1,-1,-1,-1
2016010008324,2,1,0,18,0,0,0,0,0,0,3,1,6,1,16,4,-1,-1,-1,-1,1,-1
2016010008325,1,9,0,18,0,0,0,0,0,0,4,1,6,3,-1,-1,-1,-1,-1,-1,-1,-1
2016010008328,1,1,-1,18,0,1,-1,-1,-1,-1,-1,1,6,1,28,6,-1,-1,-1,-1,1,-1
2016010008328,2,9,-1,-1,0,1,-1,-1,-1,-1,-1,1,6,3,-1,-1,-1,-1,-1,-1,-1,-1
2016010008333,1,9,0,18,0,5,0,-1,-1,-1,2,-1,6,1,24,5,1461,2,1,2,1,2
2016010008335,1,9,0,18,0,1,0,0,0,0,1,1,2,1,36,7,1598,1,13,2,1,2
2016010008335,2,19,0,18,0,1,0,0,0,0,2,1,1,1,43,7,1753,2,5,3,1,3
2016010008338,1,9,-1,-1,-1,-1,-1,-1,-1,-1,2,1,6,1,38,7,2967,2,6,5,1,5
2016010008342,1,1,-1,11,2,0,-1,-1,-1,-1,1,1,6,1,81,11,-1,-1,-1,9,1,9
2016010008346,1,1,-1,-1,-1,-1,-1,-1,-1,-1,-1,1,6,1,18,4,-1,-1,-1,10,1,10
2016010008346,2,9,-1,-1,-1,-1,-1,-1,-1,-1,-1,-1,6,2,62,9,1360,1,7,5,1,5
2016010008354,1,9,0,16,0,2,0,0,0,0,4,1,6,3,-1,-1,-1,-1,-1,-1,-1,-1
2016010008356,1,3,-1,18,4,-1,-1,-1,-1,-1,4,1,6,1,19,4,96,1,9,4,1,4
2016010008356,2,9,-1,9,0,-1,-1,-1,-1,-1,-1,-1,6,1,17,4,998,1,19,-1,-1,-1
2016010008357,1,11,0,4,0,2,0,0,0,0,0,1,1,1,59,9,4500,2,4,4,1,4
2016010008358,1,9,0,-1,0,8,1,0,0,0,2,-1,6,1,40,7,1560,2,3,-1,-1,-1
2016010008361,1,9,0,4,0,4,0,0,0,0,2,1,6,1,50,8,1398,1,2,10,1,10
2016010008361,2,9,0,4,0,4,0,0,0,0,2,1,6,1,28,6,1397,1,14,2,1,2
2016010008361,3,9,0,18,0,4,0,0,0,0,1,1,6,1,86,11,1339,1,3,5,1,5
2016010008362,1,9,0,18,0,2,0,0,0,0,3,1,6,2,36,7,1560,2,9,3,1,3
2016010008362,2,9,0,18,0,1,0,0,0,0,3,1,6,1,49,8,1598,1,12,1,1,1
2016010008363,1,4,0,18,0,8,1,0,0,0,1,1,6,1,-1,-1,399,1,8,-1,-1,-1
2016010008364,1,9,0,18,0,2,0,0,0,0,2,1,6,1,29,6,1149,1,-1,-1,-1,-1
2016010008364,2,9,0,11,0,2,0,0,0,0,1,1,2,1,52,8,1149,1,13,6,1,6
2016010008368,1,9,0,18,0,6,0,0,0,0,1,1,2,1,69,10,1497,8,2,9,1,9
2016010008368,2,1,0,18,0,4,0,0,0,0,1,1,2,1,56,9,-1,-1,-1,7,1,7
2016010008370,1,9,0,18,0,1,0,0,0,0,4,1,6,2,42,7,1598,1,10,8,1,8
2016010008370,2,9,0,3,0,1,0,0,0,0,1,1,6,1,55,8,1968,2,-1,8,1,8
2016010008370,3,11,0,9,0,2,0,0,0,0,1,1,1,1,31,6,6700,2,5,4,1,4
2016010008372,1,4,0,18,0,2,0,0,7,0,3,1,6,1,51,8,-1,-1,-1,3,1,3
2016010008372,2,9,0,5,0,1,0,0,0,0,1,1,1,1,29,6,-1,-1,-1,6,1,6
2016010008377,1,9,0,5,0,4,0,0,0,0,1,1,6,1,31,6,1598,2,-1,3,1,3
2016010008377,2,3,0,9,0,4,0,0,0,0,4,1,6,1,30,6,124,1,4,1,1,1
2016010008378,1,9,-1,7,0,3,0,0,0,0,2,-1,6,1,50,8,1998,1,13,6,1,6
2016010008378,2,9,0,9,0,4,0,0,0,0,1,-1,6,2,17,4,1995,2,8,4,1,4
2016010008379,1,9,0,18,0,1,0,0,0,0,1,1,6,1,86,11,1560,2,4,6,1,6
2016010008384,1,9,0,5,0,8,0,0,0,0,1,1,6,3,-1,-1,1990,1,20,-1,-1,-1
2016010008385,1,11,0,5,0,1,0,0,0,0,0,1,1,1,54,8,9000,2,6,3,1,3
2016010008388,1,8,0,4,0,1,0,0,0,0,0,1,1,1,44,7,1598,1,5,2,1,2
2016010008388,2,1,0,4,0,1,0,0,0,0,1,1,2,1,55,8,-1,-1,-1,5,1,5
2016010008389,1,9,0,18,0,1,0,0,0,0,1,1,6,2,26,6,1598,1,8,4,1,4
2016010008389,2,9,0,18,0,1,0,0,0,0,2,1,6,3,-1,-1,-1,-1,-1,-1,-1,-1
2016010008390,1,9,0,18,0,1,0,0,0,0,2,1,6,2,39,7,1400,1,11,5,1,5
2016010008390,2,9,0,18,0,1,0,0,0,0,1,1,6,2,23,5,1598,1,11,-1,-1,-1
2016010008392,1,9,-1,18,0,0,0,0,0,0,2,-1,6,1,48,8,1798,8,3,2,1,2
2016010008404,1,9,-1,18,0,0,0,0,0,0,3,-1,6,2,48,8,1968,2,7,3,1,3
2016010008404,2,19,-1,-1,0,0,-1,0,0,0,4,-1,6,1,27,6,2198,2,-1,7,1,7
2016010008406,1,1,0,9,0,5,0,0,0,0,1,1,6,2,30,6,-1,-1,-1,2,1,2
2016010008406,2,9,0,18,0,8,0,0,0,0,3,-1,6,1,-1,-1,-1,-1,-1,-1,-1,-1
2016010008409,1,11,-1,-1,-1,-1,-1,-1,-1,-1,-1,-1,6,3,-1,-1,-1,-1,-1,-1,-1,-1
2016010008413,1,4,0,18,0,8,5,0,0,0,1,1,6,1,40,7,125,1,12,4,1,4
2016010008413,2,9,0,9,0,5,0,0,0,0,4,1,6,2,42,7,1970,1,18,2,1,2
2016010008415,1,9,-1,18,0,0,-1,0,0,0,-1,-1,6,1,52,8,1997,2,5,2,1,2
2016010008415,2,9,-1,-1,0,0,-1,0,0,0,-1,-1,6,1,21,5,1560,2,-1,4,1,4
2016010008417,1,19,0,18,0,0,0,0,0,0,1,1,1,1,24,5,2299,2,1,7,1,7
2016010008417,2,9,0,18,0,0,0,0,0,0,2,1,6,1,55,8,1397,1,7,3,1,3
2016010008418,1,90,0,18,0,0,0,0,0,0,0,-1,1,1,17,4,2143,2,4,-1,-1,-1
2016010008420,1,9,0,9,0,1,0,0,0,0,3,1,6,2,35,6,1995,2,6,7,1,7
2016010008420,2,9,0,14,0,1,0,7,0,0,1,1,6,1,46,8,1995,2,-1,4,1,4
2016010008426,1,9,0,18,0,6,0,0,0,0,1,1,6,3,-1,-1,1582,2,-1,-1,-1,-1
2016010008427,1,1,0,18,0,2,-1,0,0,0,1,1,6,1,17,4,-1,-1,-1,8,1,8
2016010008427,2,9,0,3,0,1,0,0,0,0,3,1,6,1,64,9,1991,2,10,6,1,6
2016010008428,1,11,0,4,0,1,0,0,0,0,0,1,1,1,73,10,8268,2,14,9,1,9
2016010008429,1,3,0,18,0,0,0,0,0,0,1,1,6,1,23,5,114,1,2,2,1,2
2016010008430,1,3,0,18,0,0,0,0,0,0,1,1,6,1,25,5,-1,-1,-1,7,1,7
2016010008433,1,9,0,18,0,0,5,0,1,7,1,1,6,2,36,7,1364,1,10,6,1,6
2016010008435,1,11,0,5,0,0,0,0,0,0,0,2,1,1,53,8,4760,2,3,3,1,3
2016010008436,1,9,0,4,0,2,0,0,0,0,2,1,6,1,44,7,1598,1,13,3,1,3
2016010008436,2,9,0,4,0,2,0,0,0,0,2,1,6,1,53,8,1798,8,-1,6,3,6
2016010008436,3,9,0,18,0,2,0,0,0,0,1,1,6,1,50,8,1560,2,6,1,1,1
2016010008438,1,9,0,18,0,1,0,0,0,0,1,1,6,1,37,7,1598,1,8,1,1,1
2016010008438,2,9,0,18,0,1,0,0,0,0,1,1,6,2,51,8,1560,2,7,2,1,2
2016010008438,3,5,0,2,0,1,0,0,0,0,1,1,6,3,-1,-1,1170,1,5,-1,-1,-1
2016010008439,1,9,0,5,0,8,0,0,0,0,4,1,2,1,50,8,1686,2,12,8,1,8
2016010008439,2,1,0,18,0,8,0,0,0,0,1,1,6,2,36,7,-1,-1,-1,3,1,3
2016010008441,1,8,0,18,0,1,0,7,0,0,1,1,1,1,47,8,-1,-1,-1,-1,1,-1
2016010008442,1,8,0,9,0,6,0,0,0,0,1,2,1,1,56,9,1797,8,6,3,1,3
2016010008443,1,9,0,18,0,0,2,0,0,0,4,1,2,1,56,9,-1,-1,-1,-1,1,-1
2016010008443,2,9,0,12,0,0,0,0,0,0,3,1,2,1,48,8,-1,-1,-1,-1,1,-1
2016010008444,1,19,0,4,0,1,0,0,0,0,1,1,1,1,37,7,6870,2,5,4,1,4
2016010008444,2,4,0,4,0,1,0,0,0,0,2,1,2,1,31,6,398,1,11,4,1,4
2016010008447,1,9,0,18,0,1,0,0,0,0,1,1,2,1,41,7,1995,2,12,5,1,5
2016010008448,1,9,0,6,0,0,0,0,0,0,1,2,2,1,53,8,1753,2,9,2,1,2
2016010008448,2,3,0,18,0,0,2,0,0,0,1,1,6,1,32,6,-1,-1,-1,2,1,2
2016010008449,1,11,0,4,0,0,0,0,0,0,1,1,1,1,52,8,6700,2,7,2,1,2
2016010008453,1,9,0,18,0,8,0,0,0,0,1,1,6,1,29,6,-1,-1,-1,-1,-1,-1
2016010008453,2,2,0,15,0,8,0,0,0,0,3,1,1,1,24,5,-1,-1,-1,-1,1,-1
2016010008454,1,9,0,18,0,0,0,0,0,0,3,1,6,2,53,8,1598,1,5,6,1,6
2016010008455,1,3,0,18,0,1,0,0,0,0,3,1,1,1,36,7,108,1,3,4,1,4
2016010008456,1,3,0,18,0,1,0,4,1,4,1,1,1,1,20,4,125,1,2,8,1,8
2016010008456,2,9,0,2,0,1,0,0,0,0,2,1,6,3,-1,-1,1390,1,8,-1,-1,-1
2016010008457,1,9,0,7,9,5,0,0,3,0,4,1,6,1,33,6,1796,1,13,3,1,3
2016010008458,1,9,0,18,0,0,0,4,0,0,1,1,6,1,23,5,998,1,2,4,1,4
2016010008458,2,9,0,2,0,0,0,0,0,0,1,1,6,3,-1,-1,1560,2,12,-1,-1,-1
2016010008458,3,9,0,2,0,0,0,0,0,0,4,1,6,3,-1,-1,-1,-1,-1,-1,-1,-1
2016010008458,4,9,0,2,0,0,0,0,0,0,1,1,6,3,-1,-1,1149,1,10,-1,-1,-1
2016010008459,1,9,0,9,0,1,0,0,0,0,1,1,6,2,30,6,1968,2,4,7,1,7
2016010008459,2,9,0,18,0,1,0,0,0,0,1,1,6,1,20,4,1598,2,3,10,1,10
2016010008461,1,11,0,4,0,8,0,0,0,0,1,1,1,1,55,8,4500,2,1,1,1,1
2016010008461,2,1,0,18,0,1,0,0,0,0,1,1,6,1,56,9,-1,-1,-1,1,1,1
2016010008464,1,9,0,9,0,2,0,0,0,0,1,1,6,1,60,9,3189,1,10,2,1,2
2016010008465,1,3,0,18,0,0,0,10,0,0,3,1,1,1,21,5,108,1,1,2,1,2
2016010008465,2,8,0,11,0,0,0,0,0,0,4,1,1,1,36,7,1797,8,6,2,1,2
2016010008466,1,9,0,18,0,4,0,10,1,10,1,1,6,1,23,5,1242,1,7,6,1,6
2016010008468,1,9,0,4,0,1,0,0,0,0,2,1,6,1,39,7,2143,2,6,3,1,3
2016010008468,2,9,0,4,0,1,0,0,0,0,1,1,6,1,45,7,1797,8,5,6,1,6
2016010008470,1,9,0,18,0,2,0,0,0,0,1,1,1,1,35,6,2993,2,-1,-1,-1,-1
2016010008470,2,9,0,18,9,1,2,0,3,2,4,1,6,1,35,6,1000,1,16,2,1,2
2016010008470,3,9,0,7,0,2,2,10,3,10,1,1,6,1,22,5,1560,2,-1,3,1,3
2016010008472,1,21,1,9,0,4,5,0,0,0,0,1,6,1,38,7,11705,2,11,6,2,6
2016010008477,1,19,-1,-1,0,-1,0,-1,0,0,3,-1,6,1,17,4,2198,2,2,3,1,3
2016010008478,1,9,0,18,0,3,0,0,0,0,3,1,6,2,55,8,1991,2,7,-1,-1,-1
2016010008478,2,5,0,18,0,3,0,0,0,0,2,1,6,1,52,8,1215,1,1,7,1,7
2016010008479,1,9,0,7,0,3,0,11,1,1,1,1,2,1,30,6,-1,-1,-1,5,1,5
2016010008487,1,9,-1,-1,-1,-1,-1,12,-1,-1,-1,-1,6,3,-1,-1,-1,-1,-1,-1,-1,-1
2016010008488,1,9,0,3,0,6,0,0,0,0,1,1,6,1,31,6,2698,2,8,3,1,3
2016010008488,2,9,0,18,0,1,0,0,0,0,1,1,6,2,55,8,1598,1,4,2,1,2
2016010008497,1,21,0,7,0,1,0,0,0,0,1,1,1,1,35,6,10837,2,1,9,1,9
2016010008498,1,9,-1,18,-1,8,-1,-1,-1,-1,-1,1,6,2,18,4,1461,2,1,6,1,6
2016010008498,2,9,-1,18,-1,8,-1,-1,0,0,1,-1,6,1,26,6,1589,1,18,2,1,2
2016010008507,1,1,0,18,0,0,2,0,0,0,3,1,6,1,41,7,-1,-1,-1,2,1,2
2016010008507,2,19,0,3,0,0,0,0,0,0,3,-1,6,1,36,7,2461,2,8,1,1,1
2016010008508,1,5,-1,18,-1,1,-1,-1,-1,-1,3,1,6,1,34,6,599,1,6,5,1,5
2016010008509,1,3,-1,18,-1,0,-1,-1,-1,-1,-1,1,6,1,28,6,124,1,1,5,1,5
2016010008510,1,1,0,18,0,4,0,0,0,0,2,1,6,1,54,8,-1,-1,-1,8,1,8
2016010008513,1,3,0,18,0,8,0,0,0,0,1,1,6,1,29,6,-1,-1,-1,-1,1,-1
2016010008513,2,9,-1,6,0,8,-1,-1,-1,-1,-1,1,6,1,24,5,-1,-1,-1,-1,1,-1
2016010008514,1,1,0,18,0,8,0,0,0,0,1,1,6,1,49,8,-1,-1,-1,7,1,7
2016010008514,2,9,0,16,0,8,0,0,0,0,1,-1,6,1,46,8,1368,1,7,8,1,8
2016010008517,1,5,0,18,2,1,0,0,0,0,1,1,6,1,32,6,125,1,-1,8,1,8
2016010008517,2,9,0,10,0,1,0,0,0,0,4,1,6,2,44,7,1596,1,13,2,1,2
2016010008520,1,9,0,16,0,1,0,0,0,0,3,-1,6,1,46,8,-1,-1,-1,-1,1,-1