Accident_Index,Vehicle_Reference,Vehicle_Type,Towing_and_Articulation,Vehicle_Manoeuvre,Vehicle_Location-Restricted_Lane,Junction_Location,Skidding_and_Overturning,Hit_Object_in_Carriageway,Vehicle_Leaving_Carriageway,Hit_Object_off_Carriageway,1st_Point_of_Impact,Was_Vehicle_Left_Hand_Drive?,Journey_Purpose_of_Driver,Sex_of_Driver,Age_of_Driver,Age_Band_of_Driver,Engine_Capacity_(CC),Propulsion_Code,Age_of_Vehicle,Driver_IMD_Decile,Driver_Home_Area_Type,Vehicle_IMD_Decile
2016010008520,2,4,0,17,0,1,0,0,0,0,4,1,6,1,17,4,-1,-1,-1,-1,1,-1
2016010008524,1,9,-1,-1,-1,-1,-1,-1,0,0,-1,-1,6,2,17,4,2148,2,14,-1,-1,-1
2016010008527,1,9,0,18,9,8,0,10,1,2,1,1,6,1,34,6,1360,1,17,3,1,3
2016010008528,1,5,0,14,0,1,2,0,1,10,1,1,6,1,32,6,693,1,-1,2,1,2
2016010008529,1,9,0,4,0,0,0,0,0,0,1,1,6,2,39,7,1591,1,-1,7,1,7
2016010008529,2,1,0,4,0,0,0,0,0,0,2,1,6,2,37,7,-1,-1,-1,7,1,7
2016010008530,1,9,0,9,0,2,0,10,0,0,0,1,6,1,34,6,2143,2,-1,8,1,8
2016010008530,2,3,0,14,0,1,1,0,0,0,0,1,6,1,44,7,124,1,-1,4,1,4
2016010008534,1,11,0,18,2,0,0,0,0,0,0,1,1,1,54,8,4500,2,1,-1,-1,-1
2016010008536,1,8,0,4,0,1,0,0,0,0,0,1,1,1,37,7,1497,8,8,4,1,4
2016010008536,2,9,0,2,0,3,0,0,0,0,2,1,6,3,-1,-1,2979,1,14,-1,-1,-1
2016010008536,3,1,0,18,0,1,0,8,0,0,1,1,6,1,38,7,-1,-1,-1,2,1,2
2016010008537,1,19,0,7,0,6,0,0,0,0,3,1,1,1,33,6,-1,-1,-1,2,1,2
2016010008537,2,1,0,18,0,1,0,0,0,0,1,1,2,1,23,5,-1,-1,-1,1,1,1
2016010008542,1,9,-1,-1,-1,-1,-1,-1,-1,-1,-1,-1,6,3,-1,-1,-1,-1,-1,-1,-1,-1
2016010008547,1,3,0,18,0,1,0,0,0,0,1,1,2,1,19,4,125,1,2,4,1,4
2016010008547,2,9,0,9,0,2,0,0,0,0,3,2,1,1,61,9,-1,-1,-1,6,1,6
2016010008548,1,1,0,18,4,8,0,0,0,0,3,1,2,2,32,6,-1,-1,-1,-1,-1,-1
2016010008548,2,9,-1,9,0,5,-1,0,0,0,1,-1,6,2,-1,-1,1396,1,6,-1,-1,-1
2016010008551,1,1,0,3,0,0,0,0,0,0,3,1,2,1,35,6,-1,-1,-1,5,1,5
2016010008551,2,9,0,-1,0,0,0,0,0,0,3,-1,6,1,-1,-1,1599,1,19,-1,-1,-1
2016010008555,1,11,0,3,2,2,0,0,0,0,0,1,1,1,54,8,4500,2,5,3,1,3
2016010008562,1,8,0,18,0,0,0,0,0,0,1,1,6,1,64,9,2499,2,9,9,1,9
2016010008562,2,5,0,14,0,0,0,0,0,0,1,1,6,1,20,4,599,1,11,2,1,2
2016010008566,1,9,0,9,0,1,0,0,0,0,0,1,6,1,30,6,1390,1,8,6,1,6
2016010008566,2,19,0,18,0,1,0,0,0,0,1,1,1,1,42,7,2143,2,2,8,1,8
2016010008571,1,8,-1,9,-1,5,-1,-1,-1,-1,-1,-1,6,1,76,11,2499,2,10,8,1,8
2016010008573,1,1,0,18,0,8,1,0,0,0,2,1,1,2,29,6,-1,-1,-1,2,1,2
2016010008573,2,9,0,7,0,8,0,0,0,0,1,-1,6,2,26,6,1198,1,7,4,1,4
2016010008574,1,9,0,9,0,6,0,0,0,0,1,1,6,2,57,9,1339,8,5,3,1,3
2016010008574,2,1,0,17,0,1,0,0,0,0,1,1,6,1,43,7,-1,-1,-1,3,1,3
2016010008578,1,9,0,9,0,-1,-1,-1,-1,-1,-1,1,6,3,-1,-1,1242,1,-1,-1,-1,-1
2016010008580,1,9,0,1,0,2,0,0,0,0,2,1,6,2,54,8,1390,1,15,4,1,4
2016010008585,1,8,0,7,0,3,0,0,0,0,4,1,1,1,46,8,1797,8,6,5,1,5
2016010008585,2,11,0,18,0,8,0,0,0,0,1,1,1,1,31,6,4461,2,2,1,1,1
2016010008588,1,9,0,9,0,8,0,0,0,0,4,-1,6,2,22,5,-1,-1,-1,4,1,4
2016010008588,2,9,0,18,0,1,0,0,0,0,3,-1,6,2,-1,-1,1679,1,16,6,3,6
2016010008589,1,9,0,9,9,5,0,0,7,10,1,1,6,2,42,7,1596,1,13,1,1,1
2016010008590,1,3,0,18,0,6,0,0,0,0,4,1,2,1,24,5,124,1,4,5,1,5
2016010008590,2,9,0,7,0,1,0,0,3,0,1,1,6,1,61,9,1598,1,9,4,1,4
2016010008590,3,9,0,7,0,6,0,0,0,0,1,1,6,3,-1,-1,1796,1,9,-1,-1,-1
2016010008591,1,90,0,18,0,1,0,0,0,0,0,1,6,1,35,6,-1,-1,-1,3,1,3
2016010008591,2,9,0,18,0,1,0,0,0,0,1,1,6,1,18,4,1995,1,9,8,1,8
2016010008591,3,8,0,18,0,1,0,0,0,0,1,1,1,1,48,8,2231,2,4,1,1,1
2016010008595,1,9,0,18,0,1,0,0,0,0,1,1,6,2,47,8,1796,1,7,4,1,4
2016010008595,2,9,0,18,0,1,0,0,0,0,1,1,6,2,20,4,1229,1,9,4,1,4
2016010008597,1,9,0,9,0,5,0,0,0,0,3,1,6,1,21,5,1598,2,6,-1,1,-1
2016010008597,2,3,0,15,0,5,0,0,0,0,4,1,2,1,32,6,125,1,12,2,1,2
2016010008598,1,9,0,4,0,1,0,0,0,0,2,1,6,2,46,8,1968,2,4,10,1,10
2016010008598,2,9,0,18,0,8,0,0,0,0,1,1,6,1,63,9,-1,-1,-1,8,1,8
2016010008599,1,9,0,10,0,6,0,0,0,0,1,1,6,2,23,5,1229,1,10,7,1,7
2016010008599,2,3,0,18,0,8,0,0,0,0,1,1,6,1,26,6,125,1,-1,6,1,6
2016010008600,1,9,0,4,0,0,0,0,0,0,2,1,6,1,29,6,1329,1,6,10,1,10
2016010008600,2,9,0,4,0,0,0,0,0,0,2,1,6,1,41,7,1998,1,12,2,1,2
2016010008600,3,9,0,4,0,0,0,0,0,0,1,1,6,2,38,7,1360,1,7,3,1,3
2016010008602,1,9,0,9,0,6,0,0,0,0,0,1,6,1,52,8,1995,2,2,2,1,2
2016010008603,1,9,0,3,4,1,0,0,0,0,2,1,1,1,40,7,2993,2,1,-1,-1,-1
2016010008603,2,3,0,3,0,1,0,0,0,0,1,1,6,1,20,4,125,1,4,3,1,3
2016010008604,1,9,0,9,0,8,0,0,0,0,3,1,2,1,55,8,1997,1,2,10,1,10
2016010008604,2,9,0,18,0,1,0,0,0,0,1,1,6,1,18,4,1242,1,1,10,1,10
2016010008605,1,9,0,18,0,1,0,0,0,0,1,1,6,1,22,5,1598,1,11,5,1,5
2016010008606,1,9,0,9,0,8,0,0,0,0,1,1,6,1,45,7,1995,2,14,6,1,6
2016010008607,1,9,0,5,0,1,0,0,0,0,1,1,6,3,-1,-1,-1,-1,-1,-1,-1,-1
2016010008608,1,4,5,3,0,1,0,0,0,0,1,1,6,1,25,5,125,1,3,4,1,4
2016010008608,2,9,5,9,0,1,0,0,0,0,1,1,6,2,67,10,1275,1,17,6,1,6
2016010008609,1,9,0,5,0,6,0,0,3,0,1,1,6,2,37,7,1794,1,13,3,1,3
2016010008609,2,9,0,18,0,1,0,0,0,0,1,1,6,1,39,7,1595,1,9,2,1,2
2016010008610,1,8,0,18,0,1,0,0,0,0,3,1,1,1,49,8,2499,2,6,2,1,2
2016010008610,2,8,0,18,0,6,0,0,0,0,1,1,1,1,46,8,1997,2,4,2,1,2
2016010008612,1,9,0,9,0,6,0,0,0,0,1,1,2,1,30,6,1995,2,9,9,1,9
2016010008612,2,3,0,13,0,1,0,0,0,0,4,1,2,1,24,5,125,1,-1,3,1,3
2016010008613,1,19,0,6,0,1,0,0,0,0,3,1,1,1,32,6,1598,2,-1,3,1,3
2016010008613,2,3,0,13,0,1,0,0,0,0,1,1,6,1,20,4,125,1,5,3,1,3
2016010008614,1,9,0,18,0,1,0,0,0,0,1,1,6,1,26,6,-1,-1,-1,4,1,4
2016010008615,1,3,0,17,0,0,1,0,0,0,0,1,6,1,53,8,-1,-1,-1,3,1,3
2016010008616,1,9,0,18,0,0,0,0,0,0,1,1,6,1,59,9,1388,1,15,10,2,10
2016010008617,1,3,0,9,0,2,0,0,0,0,2,1,1,1,38,7,108,1,1,2,1,2
2016010008617,2,9,0,5,0,6,0,0,0,0,2,2,6,2,-1,-1,-1,-1,-1,-1,-1,-1
2016010008620,1,9,0,4,0,1,0,0,0,0,2,1,1,1,44,7,1798,8,1,5,1,5
2016010008620,2,9,0,18,0,1,0,0,0,0,1,1,1,1,26,6,1800,8,4,9,1,9
2016010008622,1,9,0,18,0,0,0,0,0,0,1,1,6,1,24,5,1995,2,2,3,1,3
2016010008623,1,9,0,18,0,8,0,0,0,0,1,1,6,1,24,5,-1,-1,-1,2,1,2
2016010008623,2,9,0,9,0,1,0,0,0,0,4,1,6,1,48,8,1995,2,9,5,1,5
2016010008624,1,9,0,3,0,2,0,0,0,0,2,1,6,1,46,8,2987,2,3,-1,-1,-1
2016010008624,2,9,0,18,0,1,0,0,0,0,1,1,2,1,46,8,1598,1,6,4,1,4
2016010008625,1,3,0,18,0,2,0,0,0,0,1,1,6,1,22,5,124,1,2,3,1,3
2016010008625,2,9,0,18,0,2,0,0,0,0,2,1,6,2,39,7,1398,1,-1,3,1,3
2016010008627,1,9,0,10,0,1,0,0,0,0,1,1,6,1,51,8,1997,2,5,5,1,5
2016010008627,2,9,0,4,0,4,0,0,0,0,2,1,6,1,37,7,1995,1,10,2,1,2
2016010008628,1,19,0,11,0,1,0,0,0,0,4,2,1,1,62,9,2402,2,12,9,1,9
2016010008628,2,3,0,5,0,1,0,0,0,0,1,1,6,1,35,6,124,1,5,2,1,2
2016010008630,1,19,0,18,0,8,0,0,0,0,4,1,6,3,-1,-1,-1,-1,-1,-1,-1,-1
2016010008631,1,9,0,18,0,1,0,4,0,0,1,1,6,1,31,6,1560,2,8,2,1,2
2016010008631,2,9,0,2,0,1,0,0,0,0,0,1,6,3,-1,-1,-1,-1,-1,-1,-1,-1
2016010008631,3,9,0,2,0,1,0,0,0,0,3,1,6,3,-1,-1,1240,1,11,-1,-1,-1
2016010008631,4,9,0,2,0,1,0,0,0,0,4,1,6,3,-1,-1,1596,1,14,-1,-1,-1
2016010008632,1,9,0,18,0,8,0,0,0,0,3,1,6,1,74,10,2099,1,13,-1,-1,-1
2016010008632,2,9,0,9,0,1,0,0,0,0,4,1,6,1,71,10,2179,2,6,-1,-1,-1
2016010008633,1,9,0,10,0,1,0,0,0,0,1,1,6,1,42,7,1995,2,-1,5,1,5
2016010008633,2,9,0,7,0,5,5,0,0,0,1,1,6,3,-1,-1,1896,2,11,-1,-1,-1
2016010008634,1,9,0,18,0,1,0,0,0,0,1,1,6,1,46,8,1988,1,14,3,1,3
2016010008636,1,9,0,9,0,0,0,0,0,0,1,1,2,1,23,5,1596,1,10,5,3,5
2016010008636,2,9,0,18,0,0,0,0,0,0,1,1,2,2,32,6,1796,1,9,2,1,2
2016010008637,1,9,0,18,0,0,0,0,0,0,3,1,6,1,24,5,1496,2,1,2,1,2
2016010008637,2,9,0,9,0,0,0,0,0,0,4,1,6,1,52,8,2148,2,11,4,1,4
2016010008638,1,3,0,18,0,1,1,10,0,0,2,1,6,1,28,6,125,1,14,2,1,2
2016010008638,2,9,0,18,0,1,0,0,0,0,4,1,6,1,60,9,1998,1,-1,8,1,8
2016010008639,1,9,0,9,0,8,0,0,0,0,1,1,6,1,38,7,2494,1,15,6,1,6
2016010008639,2,3,0,18,0,8,0,0,0,0,1,1,1,1,25,5,125,1,-1,4,1,4
2016010008640,1,9,0,16,0,0,0,0,0,0,1,1,2,1,23,5,1995,2,5,3,1,3
2016010008640,2,9,0,16,0,0,0,0,0,0,2,1,2,1,48,8,1896,2,11,3,1,3
2016010008640,3,9,0,13,0,0,0,0,0,0,0,1,6,2,35,6,1200,1,-1,1,1,1
2016010008641,1,9,0,4,0,1,0,0,0,0,2,1,6,1,34,6,2143,2,3,1,1,1
2016010008641,2,9,0,18,0,1,0,0,0,0,1,1,6,1,44,7,1984,1,5,8,1,8
2016010008643,1,9,0,18,2,1,0,0,0,0,3,1,6,1,34,6,-1,-1,-1,3,1,3
2016010008643,2,9,0,7,0,8,0,0,0,0,4,1,6,1,19,4,1796,1,9,4,1,4
2016010008645,1,19,0,12,0,6,0,0,0,0,4,1,6,1,37,7,1560,2,-1,7,1,7
2016010008645,2,9,0,18,0,6,0,0,0,0,4,1,6,1,22,5,1995,2,2,2,1,2
2016010008645,3,8,0,18,0,6,1,0,0,0,2,1,1,1,43,7,1798,8,1,4,1,4
2016010008646,1,11,0,18,0,1,0,0,0,0,1,1,1,1,32,6,4500,2,8,3,1,3
2016010008647,1,9,0,16,0,4,1,0,0,0,1,1,6,1,23,5,1461,2,1,4,1,4
2016010008649,1,1,0,18,0,8,0,0,0,0,0,1,6,1,30,6,-1,-1,-1,3,1,3
2016010008649,2,9,0,18,0,8,0,0,0,0,0,1,6,2,39,7,2148,2,8,2,1,2
2016010008651,1,4,0,13,0,1,0,0,0,0,4,1,2,1,23,5,124,1,1,3,1,3
2016010008651,2,9,0,9,0,5,0,0,0,0,3,1,2,1,27,6,1995,2,3,3,1,3
2016010008652,1,9,0,18,0,0,0,0,0,0,4,1,6,3,-1,-1,2982,2,13,-1,-1,-1
2016010008653,1,1,0,18,0,1,0,0,0,0,1,1,1,1,48,8,-1,-1,-1,1,1,1
2016010008656,1,9,0,18,0,2,0,0,0,0,1,1,6,3,-1,-1,-1,-1,-1,-1,-1,-1
2016010008657,1,11,0,5,0,1,0,0,0,0,4,1,1,1,64,9,7300,2,13,3,1,3
2016010008660,1,9,0,18,0,0,0,4,0,0,1,1,6,1,57,9,-1,-1,-1,2,1,2
2016010008660,2,9,0,9,0,0,0,0,0,0,2,1,6,1,69,10,1968,2,1,10,1,10
2016010008661,1,3,0,18,0,1,0,0,0,0,0,1,6,1,25,5,125,1,-1,2,1,2
2016010008661,2,8,0,1,0,8,0,0,0,0,0,1,6,1,-1,-1,1798,8,-1,-1,-1,-1
2016010008664,1,9,5,18,9,8,0,10,1,2,1,1,6,1,25,5,1600,1,10,4,1,4
2016010008666,1,19,0,9,0,2,0,0,0,0,3,1,1,1,34,6,2198,2,2,5,1,5
2016010008666,2,4,0,13,0,1,1,0,0,0,1,1,2,1,21,5,124,1,-1,5,1,5
2016010008668,1,21,1,18,0,1,0,0,0,0,3,1,1,1,62,9,12900,2,9,4,1,4
2016010008668,2,9,0,9,0,1,0,0,0,0,1,1,6,1,29,6,1796,1,9,3,1,3
2016010008668,3,19,0,2,0,1,0,0,0,0,0,1,6,3,-1,-1,1968,2,2,-1,-1,-1
2016010008669,1,9,0,9,0,8,0,0,0,0,1,1,6,1,21,5,1360,1,11,1,1,1
2016010008671,1,9,0,9,0,6,0,0,0,0,1,1,6,1,51,8,1399,1,8,6,1,6
2016010008671,2,1,0,18,0,8,2,0,0,0,4,1,6,2,37,7,-1,-1,-1,7,1,7
2016010008672,1,19,0,5,0,1,0,0,0,0,1,1,1,1,51,8,2143,2,2,3,1,3
2016010008672,2,1,0,18,0,1,0,0,0,0,1,1,2,1,40,7,-1,-1,-1,2,1,2
2016010008673,1,9,0,3,0,1,0,0,0,0,2,1,2,1,60,9,1998,1,11,6,1,6
2016010008673,2,9,0,18,0,1,0,0,0,0,1,1,1,1,-1,-1,1390,1,14,2,1,2
2016010008674,1,21,1,18,0,0,1,0,0,0,1,1,1,1,45,7,10677,2,1,6,1,6
2016010008676,1,9,0,18,0,8,0,0,0,0,1,1,6,1,35,6,1998,2,10,5,1,5
2016010008676,2,9,0,18,0,8,0,0,0,0,1,1,6,3,-1,-1,1975,1,14,-1,-1,-1
2016010008677,1,9,0,18,0,0,2,4,0,0,4,1,6,1,25,5,-1,-1,-1,-1,-1,-1
2016010008677,2,9,0,2,0,0,0,0,0,0,3,1,6,3,-1,-1,-1,-1,-1,-1,-1,-1
2016010008677,3,9,0,2,0,0,0,0,1,10,2,1,6,3,-1,-1,-1,-1,-1,-1,-1,-1
2016010008677,4,9,0,18,0,0,0,0,0,0,1,1,6,1,36,7,-1,-1,-1,-1,1,-1
2016010008677,5,9,0,2,0,0,0,0,0,0,2,1,6,3,-1,-1,-1,-1,-1,-1,-1,-1
2016010008679,1,9,0,9,0,1,0,0,0,0,3,1,1,1,40,7,2993,2,1,5,1,5
2016010008679,2,3,0,14,0,1,0,0,0,0,1,1,2,1,35,6,124,1,9,4,1,4
2016010008680,1,9,0,4,0,0,0,0,0,0,2,1,6,1,61,9,-1,-1,-1,-1,1,-1
2016010008680,2,5,0,18,0,0,0,0,0,0,1,1,6,1,34,6,-1,-1,-1,-1,1,-1
2016010008681,1,9,0,18,0,8,0,0,3,0,4,1,6,1,52,8,-1,-1,-1,-1,1,-1
2016010008681,2,3,0,18,0,8,1,0,0,0,1,1,6,1,15,3,-1,-1,-1,-1,1,-1
2016010008682,1,9,0,4,0,0,0,0,0,0,1,1,1,2,24,5,1749,1,14,7,1,7
2016010008682,2,9,0,4,0,0,0,0,0,0,2,1,1,2,45,7,2400,2,1,6,3,6
2016010008682,3,21,0,3,0,0,0,0,0,0,0,1,1,1,49,8,-1,-1,-1,9,1,9
2016010008683,1,9,0,4,0,8,0,0,0,0,4,1,6,1,28,6,1242,1,-1,3,1,3
2016010008683,2,9,0,5,0,8,0,0,0,0,1,2,6,2,34,6,1598,1,6,6,1,6
2016010008684,1,9,0,9,0,1,0,0,0,0,1,1,6,1,28,6,1999,1,4,4,1,4
2016010008684,2,9,0,18,0,1,1,0,0,0,1,1,6,1,53,8,2993,2,7,2,1,2
2016010008685,1,9,0,18,0,2,0,0,0,0,1,1,2,1,36,7,1364,1,10,2,1,2
2016010008686,1,9,0,18,0,1,0,0,1,4,1,1,6,2,31,6,-1,-1,-1,-1,1,-1
2016010008686,2,9,0,9,0,5,0,0,0,0,1,1,2,1,27,6,-1,-1,-1,-1,1,-1
2016010008687,1,9,0,18,0,6,0,0,0,0,1,1,6,1,27,6,-1,-1,-1,1,1,1
2016010008687,2,9,0,18,0,1,0,0,0,0,4,1,2,1,20,4,-1,-1,-1,3,1,3
2016010008688,1,11,0,5,0,1,0,0,0,0,0,1,1,2,45,7,9360,2,5,6,1,6
2016010008689,1,8,0,5,0,8,0,0,0,0,0,1,6,1,64,9,1798,8,1,4,1,4
2016010008690,1,3,0,7,0,2,0,0,0,0,3,1,1,1,39,7,125,1,2,5,1,5
2016010008690,2,9,0,12,0,1,0,0,0,0,3,1,6,2,42,7,1598,1,5,7,1,7
2016010008692,1,9,0,5,0,1,0,0,2,2,1,1,6,1,52,8,2099,1,12,4,1,4
2016010008693,1,90,0,5,7,0,0,0,0,0,1,1,6,1,25,5,686,1,10,3,1,3
2016010008693,2,9,0,5,7,0,0,0,0,0,3,1,6,2,34,6,1598,1,5,2,1,2
2016010008694,1,3,0,18,0,1,0,0,0,0,1,1,1,1,36,7,108,1,4,3,1,3
2016010008694,2,9,0,3,0,1,0,0,0,0,1,1,6,2,51,8,1240,1,10,2,1,2
2016010008694,3,9,0,10,0,6,0,0,0,0,1,1,2,1,55,8,2688,2,14,1,1,1
2016010008695,1,3,0,18,2,1,0,0,1,0,3,1,6,1,30,6,124,1,5,4,1,4
2016010008695,2,3,0,18,2,1,0,0,1,0,1,1,6,1,27,6,124,1,2,3,1,3
2016010008695,3,19,0,11,2,1,0,0,0,0,4,1,6,3,-1,-1,-1,-1,-1,-1,-1,-1
2016010008696,1,9,0,10,0,2,0,0,0,0,1,1,6,1,43,7,1598,1,13,7,1,7
2016010008696,2,9,0,4,0,2,0,0,0,0,3,1,6,1,32,6,1895,1,16,3,1,3
2016010008697,1,9,0,18,0,1,0,4,0,0,1,1,6,1,27,6,1596,1,15,2,1,2
2016010008697,2,9,0,10,0,6,0,0,0,0,1,1,6,1,22,5,1598,1,7,4,1,4
2016010008698,1,9,0,9,0,5,0,0,0,0,3,1,6,3,-1,-1,1968,2,3,-1,-1,-1
2016010008699,1,9,0,2,0,0,0,0,0,0,1,1,6,3,-1,-1,2143,2,-1,-1,-1,-1
2016010008699,2,1,0,16,0,0,0,0,7,0,1,1,6,1,34,6,-1,-1,-1,2,1,2
2016010008700,1,8,0,6,0,1,0,11,0,0,1,1,1,1,62,9,1582,2,5,2,1,2
2016010008703,1,9,0,5,0,8,0,0,0,0,1,1,6,1,21,5,1198,1,11,4,1,4
2016010008703,2,9,0,4,0,2,0,0,0,0,2,1,6,2,54,8,-1,-1,-1,9,1,9
2016010008704,1,9,0,5,0,1,0,0,0,0,2,1,6,1,41,7,2987,2,9,2,1,2
2016010008704,2,9,0,12,0,1,0,0,0,0,1,1,6,3,-1,-1,1796,1,11,-1,-1,-1
2016010008705,1,9,0,18,0,1,0,0,0,0,4,1,6,1,59,9,1997,1,2,3,1,3
2016010008706,1,2,0,18,0,0,0,0,0,0,1,1,6,1,21,5,125,1,15,7,1,7
2016010008706,2,9,0,6,0,0,0,0,0,0,1,1,6,1,41,7,1598,2,3,3,1,3
2016010008708,1,8,0,9,0,5,0,0,0,0,1,1,2,1,37,7,1685,2,1,1,1,1
2016010008709,1,9,0,18,0,0,0,0,0,0,3,1,6,1,18,4,1242,1,2,1,1,1
2016010008709,2,4,0,18,0,0,0,0,0,0,1,1,6,1,26,6,125,1,3,2,1,2
2016010008710,1,11,0,18,2,1,0,0,0,0,3,1,6,1,46,8,-1,-1,-1,-1,-1,-1
2016010008711,1,8,0,4,0,2,0,0,0,0,1,1,6,1,56,9,-1,-1,-1,10,1,10
2016010008712,1,9,0,18,0,8,0,0,0,0,1,1,6,3,-1,-1,-1,-1,-1,-1,-1,-1
2016010008717,1,9,0,18,0,1,0,0,0,0,1,1,6,2,24,5,1390,1,14,2,1,2
2016010008717,2,9,0,4,0,2,0,0,0,0,3,1,6,1,51,8,1560,2,2,2,1,2
2016010008718,1,9,0,6,9,2,0,0,0,0,1,1,1,2,67,10,1587,1,17,4,1,4
2016010008720,1,9,0,18,0,1,0,0,0,0,4,1,6,2,55,8,1598,1,2,4,1,4
2016010008721,1,11,0,5,0,1,0,0,0,0,0,1,1,1,30,6,4461,2,2,1,1,1
2016010008722,1,4,0,7,0,2,0,0,0,0,4,1,6,1,40,7,124,1,9,-1,-1,-1
2016010008724,1,9,0,7,0,1,0,0,0,0,2,1,6,1,48,8,-1,-1,-1,-1,1,-1
2016010008724,2,4,0,18,0,8,0,0,0,0,1,1,6,1,29,6,-1,-1,-1,-1,1,-1
2016010008727,1,9,0,5,0,4,0,0,0,0,3,1,6,1,26,6,1796,1,11,6,1,6
2016010008727,2,9,0,18,0,3,0,0,0,0,1,1,6,1,29,6,1399,1,-1,3,1,3
2016010008728,1,8,0,10,0,1,0,0,0,0,2,1,1,1,51,8,1560,2,4,2,1,2
2016010008728,2,3,0,4,0,1,0,11,0,0,1,1,1,1,23,5,125,1,5,2,1,2
2016010008729,1,8,0,5,0,1,0,0,0,0,1,1,6,3,-1,-1,-1,-1,-1,-1,-1,-1
2016010008730,1,19,0,9,0,8,0,0,0,0,1,1,6,3,-1,-1,-1,-1,-1,-1,-1,-1
2016010008730,2,1,0,18,0,8,0,0,0,0,1,1,1,1,30,6,-1,-1,-1,3,1,3
2016010008731,1,9,0,18,0,1,0,0,0,0,1,1,6,1,26,6,1796,1,4,6,1,6
2016010008731,2,9,0,9,0,1,0,0,0,0,1,1,6,1,31,6,998,1,11,9,1,9
2016010008736,1,9,0,18,0,1,1,0,0,0,1,1,6,1,41,7,2400,2,1,5,1,5
2016010008736,2,9,0,9,0,1,0,0,0,0,1,1,6,2,31,6,1686,2,13,6,1,6
2016010008738,1,8,0,18,0,8,0,0,0,0,1,1,1,1,24,5,1797,8,4,-1,-1,-1
2016010008738,2,9,0,18,0,8,0,0,0,0,1,1,6,3,-1,-1,1995,1,7,-1,-1,-1
2016010008740,1,19,0,18,0,1,0,0,7,2,1,1,1,1,50,8,1598,2,2,3,1,3
2016010008740,2,9,0,10,0,6,0,0,0,0,1,1,6,1,22,5,1598,1,8,4,1,4
2016010008741,1,9,0,16,9,4,0,10,1,10,1,1,6,2,32,6,1991,2,6,8,1,8
2016010008742,1,9,0,5,0,3,0,11,0,0,4,1,1,1,53,8,1968,2,5,1,1,1
2016010008742,2,9,0,16,0,4,0,11,7,2,1,1,6,1,21,5,1560,2,11,3,1,3
2016010008743,1,9,0,18,0,0,0,0,0,0,1,1,6,2,21,5,1242,1,1,1,1,1
2016010008743,2,8,0,18,0,0,0,0,0,0,1,1,1,1,49,8,1995,2,2,4,1,4
2016010008744,1,8,0,10,0,6,0,0,0,0,3,1,1,1,38,7,1339,8,5,5,1,5
2016010008744,2,3,0,18,0,6,0,0,2,10,1,1,6,1,24,5,-1,-1,-1,3,1,3
2016010008746,1,90,0,18,0,8,0,0,0,0,1,1,6,3,-1,-1,-1,-1,-1,-1,-1,-1
2016010008747,1,9,0,18,0,2,0,0,0,0,1,1,6,3,-1,-1,-1,-1,-1,-1,1,-1
2016010008747,2,8,0,4,0,1,0,0,0,0,2,1,1,1,46,8,-1,-1,-1,-1,1,-1
2016010008748,1,8,0,6,0,8,0,0,0,0,4,1,6,1,52,8,1950,2,-1,2,1,2
2016010008748,2,9,0,18,0,1,0,0,0,0,1,1,6,2,37,7,1398,2,8,3,1,3
2016010008749,1,9,0,17,0,4,0,9,3,4,1,1,6,1,33,6,2143,2,5,7,1,7
2016010008751,1,9,0,18,0,1,0,4,0,0,1,1,2,1,33,6,1242,1,9,9,1,9
2016010008751,2,9,0,2,0,1,0,0,0,0,2,1,6,3,-1,-1,1868,2,10,-1,-1,-1
2016010008755,1,9,0,1,0,6,0,0,0,0,4,1,6,2,42,7,1598,1,9,8,1,8
2016010008755,2,3,0,18,0,8,0,0,0,0,1,1,6,1,17,4,124,1,8,4,1,4
2016010008756,1,9,0,3,0,1,0,0,0,0,2,1,6,2,39,7,1596,1,3,4,1,4
2016010008756,2,8,0,5,0,1,0,0,0,0,1,1,1,2,47,8,1997,2,5,2,1,2
2016010008757,1,8,0,18,0,1,0,0,0,0,1,1,6,1,56,9,1997,2,3,6,1,6
2016010008757,2,9,0,18,0,1,0,0,0,0,1,1,6,1,38,7,-1,-1,-1,8,1,8
2016010008758,1,9,0,9,0,5,0,0,0,0,3,1,6,1,56,9,3724,1,13,3,1,3
2016010008758,2,9,0,13,0,8,0,0,0,0,4,1,6,1,33,6,2987,2,4,3,1,3
2016010008759,1,9,0,18,0,0,0,0,0,0,1,1,2,1,21,5,1596,1,8,5,1,5
2016010008761,1,9,0,18,0,1,0,0,0,0,3,1,6,1,52,8,-1,-1,-1,-1,1,-1
2016010008761,2,9,0,18,0,1,1,0,0,0,1,1,6,1,-1,-1,-1,-1,-1,-1,1,-1
2016010008761,3,9,0,18,0,1,0,0,0,0,0,1,1,1,37,7,-1,-1,-1,-1,1,-1
2016010008762,1,8,0,4,0,0,0,0,0,0,2,1,1,1,40,7,1797,8,6,3,1,3
2016010008762,2,9,0,4,0,0,0,0,0,0,2,1,6,2,21,5,995,1,9,7,1,7
2016010008762,3,9,0,4,0,0,0,0,0,0,1,1,6,3,-1,-1,1997,1,11,-1,-1,-1
2016010008764,1,9,0,3,0,1,0,0,1,10,1,1,6,2,62,9,1998,1,21,3,1,3
2016010008765,1,9,0,4,0,2,0,0,0,0,2,1,6,2,27,6,1968,2,4,6,1,6
2016010008765,2,9,0,18,0,2,0,0,0,0,1,1,6,1,30,6,1149,1,5,4,1,4