Accident_Index,Vehicle_Reference,Vehicle_Type,Towing_and_Articulation,Vehicle_Manoeuvre,Vehicle_Location-Restricted_Lane,Junction_Location,Skidding_and_Overturning,Hit_Object_in_Carriageway,Vehicle_Leaving_Carriageway,Hit_Object_off_Carriageway,1st_Point_of_Impact,Was_Vehicle_Left_Hand_Drive?,Journey_Purpose_of_Driver,Sex_of_Driver,Age_of_Driver,Age_Band_of_Driver,Engine_Capacity_(CC),Propulsion_Code,Age_of_Vehicle,Driver_IMD_Decile,Driver_Home_Area_Type,Vehicle_IMD_Decile
2016010009079,1,9,-1,-1,-1,-1,-1,-1,-1,-1,-1,1,6,1,70,10,3996,1,18,9,1,9
2016010009079,2,19,-1,-1,-1,-1,-1,-1,-1,-1,-1,1,6,3,-1,-1,2402,2,13,-1,-1,-1
2016010009080,1,9,0,4,0,0,0,0,0,0,2,1,6,1,34,6,1968,2,7,4,1,4
2016010009080,2,9,0,18,0,0,0,0,0,0,1,1,6,1,64,9,1598,1,9,-1,-1,-1
2016010009081,1,9,0,18,0,1,0,11,0,0,1,1,1,1,44,7,4999,1,2,5,1,5
2016010009085,1,9,0,18,0,2,0,0,0,0,1,1,6,2,65,9,1242,1,3,2,1,2
2016010009085,2,1,0,18,0,2,0,0,0,0,2,1,6,1,38,7,-1,-1,-1,7,1,7
2016010009087,1,9,-1,-1,-1,-1,-1,-1,-1,-1,-1,1,6,1,34,6,2143,2,5,6,1,6
2016010009090,1,9,0,9,0,6,0,0,0,0,1,1,2,2,45,7,1986,2,10,6,1,6
2016010009090,2,1,0,18,0,1,0,0,0,0,1,1,6,1,50,8,-1,-1,-1,6,1,6
2016010009101,1,19,0,18,0,2,0,0,0,0,2,1,1,1,38,7,2287,2,-1,4,1,4
2016010009101,2,19,0,18,0,2,0,0,0,0,1,1,1,1,38,7,1870,2,13,3,1,3
2016010009102,1,9,0,3,0,1,0,0,0,0,2,-1,6,1,31,6,1790,8,6,4,1,4
2016010009102,2,9,0,-1,0,1,0,0,0,0,1,-1,6,3,-1,-1,2598,1,21,-1,-1,-1
2016010009108,1,9,0,18,0,1,0,0,0,0,1,1,6,1,52,8,1596,1,10,4,1,4
2016010009108,2,9,0,4,0,1,1,0,7,10,4,1,6,1,65,9,-1,-1,-1,2,1,2
2016010009110,1,9,-1,-1,-1,0,-1,-1,-1,-1,-1,1,6,3,-1,-1,1995,2,5,-1,-1,-1
2016010009111,1,11,0,18,0,8,0,11,1,2,1,1,1,1,34,6,4500,2,-1,1,1,1
2016010009111,2,9,0,9,0,8,0,11,0,0,4,1,6,2,84,11,2776,2,1,2,1,2
2016010009112,1,19,0,18,0,8,0,0,0,0,1,1,6,1,18,4,1560,2,-1,6,3,6
2016010009112,2,19,0,9,0,1,0,0,0,0,4,1,6,1,76,11,-1,-1,-1,4,1,4
2016010009112,3,9,0,18,0,1,0,0,0,0,1,1,1,1,52,8,-1,-1,-1,8,1,8
2016010009115,1,9,-1,-1,-1,-1,-1,-1,-1,-1,-1,-1,6,1,37,7,1390,1,15,-1,-1,-1
2016010009115,2,9,-1,-1,-1,-1,-1,-1,-1,-1,-1,-1,6,3,-1,-1,-1,-1,-1,-1,-1,-1
2016010009121,1,9,0,18,0,4,1,0,0,0,1,2,6,1,35,6,-1,-1,-1,4,3,4
2016010009121,2,1,0,18,0,4,0,0,0,0,1,1,6,2,31,6,-1,-1,-1,8,1,8
2016010009123,1,8,0,18,0,4,0,0,0,0,4,1,1,1,52,8,2402,2,14,4,1,4
2016010009123,2,1,0,18,0,4,0,0,0,0,3,1,6,2,40,7,-1,-1,-1,9,1,9
2016010009125,1,9,0,4,0,0,0,0,0,0,0,1,6,3,-1,-1,-1,-1,-1,-1,-1,-1
2016010009125,2,4,0,18,0,0,0,0,0,0,0,1,6,1,21,5,-1,-1,-1,2,1,2
2016010009128,1,19,0,18,0,2,0,0,0,0,3,1,1,1,57,9,-1,3,2,3,1,3
2016010009138,1,9,-1,-1,-1,0,-1,-1,-1,-1,-1,1,6,1,-1,-1,-1,-1,-1,-1,1,-1
2016010009138,2,1,-1,-1,-1,0,-1,-1,-1,-1,-1,1,6,1,51,8,-1,-1,-1,-1,1,-1
2016010009139,1,5,0,18,0,0,1,0,0,0,4,1,2,1,34,6,1137,1,10,9,2,9
2016010009139,2,9,-1,12,0,0,-1,0,0,0,3,-1,6,3,-1,-1,1969,2,-1,-1,-1,-1
2016010009144,1,9,0,3,0,0,0,0,0,0,4,-1,6,1,38,7,1596,1,9,6,1,6
2016010009144,2,9,0,1,0,0,0,0,0,0,2,-1,6,3,-1,-1,1299,1,10,-1,-1,-1
2016010009145,1,9,0,7,9,2,0,7,4,10,1,1,6,2,31,6,-1,-1,-1,-1,-1,-1
2016010009146,1,9,0,18,0,0,2,0,0,0,1,1,6,2,34,6,999,1,9,3,1,3
2016010009147,1,9,0,4,0,1,0,0,0,0,3,1,6,1,40,7,1598,1,7,7,1,7
2016010009147,2,11,0,18,0,1,0,4,0,0,4,1,1,1,43,7,4500,2,10,10,1,10
2016010009150,1,9,0,9,0,8,0,0,0,0,2,1,6,1,55,8,1797,8,4,8,1,8
2016010009150,2,9,0,9,0,8,0,0,0,0,1,1,6,1,26,6,1598,1,14,1,1,1
2016010009151,1,11,0,5,2,1,0,0,0,0,0,1,1,1,49,8,4500,2,9,2,1,2
2016010009152,1,19,0,9,0,6,0,0,0,0,1,1,1,1,22,5,2143,2,4,2,1,2
2016010009152,2,3,0,18,0,1,5,0,0,0,1,1,6,1,20,4,125,1,3,3,1,3
2016010009153,1,9,0,9,2,1,0,0,0,0,1,1,2,1,64,9,1590,1,14,3,1,3
2016010009153,2,3,0,15,2,8,0,0,1,0,1,1,6,1,18,4,124,1,15,-1,-1,-1
2016010009154,1,9,0,9,0,8,0,0,0,0,1,1,6,1,79,11,1997,2,16,3,1,3
2016010009154,2,8,0,4,0,1,0,0,0,0,1,1,6,1,36,7,1560,2,2,1,1,1
2016010009154,3,3,0,18,0,1,5,0,0,0,1,1,6,1,21,5,125,1,-1,5,1,5
2016010009155,1,11,0,18,0,1,0,0,0,0,1,1,1,1,52,8,4500,2,6,2,1,2
2016010009155,2,9,0,4,0,1,0,0,0,0,2,1,6,1,35,6,1995,2,9,6,3,6
2016010009156,1,9,0,18,0,1,0,0,0,0,3,1,6,2,24,5,1248,2,10,3,1,3
2016010009156,2,9,0,14,0,8,0,4,0,0,4,1,6,1,36,7,3498,1,6,9,1,9
2016010009156,3,9,0,18,0,8,0,0,7,10,1,1,6,1,78,11,1339,1,12,10,1,10
2016010009157,1,3,0,18,0,0,0,0,0,0,1,1,6,3,-1,-1,-1,-1,-1,-1,-1,-1
2016010009158,1,9,0,3,0,1,0,0,0,0,2,1,6,2,24,5,1242,1,5,9,1,9
2016010009158,2,9,0,18,0,1,0,0,0,0,1,1,6,1,42,7,1600,1,17,5,1,5
2016010009158,3,19,4,18,0,1,0,0,0,0,2,1,6,1,36,7,2402,2,10,-1,-1,-1
2016010009159,1,9,0,18,0,0,5,10,0,0,1,1,6,1,21,5,1390,1,14,2,1,2
2016010009160,1,9,0,4,0,8,0,0,0,0,2,1,6,1,68,10,2987,2,7,9,1,9
2016010009160,2,9,0,4,0,8,0,0,0,0,1,1,2,2,33,6,1596,1,3,3,1,3
2016010009161,1,9,0,18,0,0,1,0,2,2,1,1,6,1,31,6,1995,2,-1,-1,-1,-1
2016010009162,1,2,0,18,0,8,0,0,0,0,1,1,1,1,35,6,108,1,2,2,1,2
2016010009162,2,9,0,9,0,5,0,0,0,0,1,1,6,1,24,5,1753,2,13,4,1,4
2016010009163,1,9,0,18,0,8,0,0,0,0,4,1,6,2,23,5,1781,1,12,6,1,6
2016010009163,2,9,0,9,0,6,0,0,0,0,1,1,6,3,-1,-1,1390,1,12,-1,-1,-1
2016010009164,1,9,0,18,9,6,0,10,1,0,4,1,6,1,19,4,-1,-1,-1,9,3,9
2016010009166,1,9,0,16,0,0,0,4,0,0,1,1,6,3,-1,-1,1998,1,15,-1,-1,-1
2016010009166,2,9,0,2,0,0,0,10,7,10,2,1,6,3,-1,-1,1360,1,12,-1,-1,-1
2016010009166,3,9,0,2,9,0,0,0,0,0,4,1,6,3,-1,-1,998,1,2,-1,-1,-1
2016010009167,1,9,0,9,0,1,0,0,0,0,1,1,6,1,54,8,1968,2,2,6,1,6
2016010009167,2,3,0,18,0,1,0,0,0,0,1,1,6,1,19,4,125,1,2,-1,-1,-1
2016010009168,1,19,0,18,0,0,0,0,0,0,2,1,1,1,51,8,2998,2,9,2,1,2
2016010009168,2,4,0,18,0,0,0,0,0,0,1,1,2,1,26,6,125,1,-1,2,1,2
2016010009173,1,9,-1,-1,0,6,0,0,0,0,-1,-1,6,1,-1,-1,1598,2,2,-1,-1,-1
2016010009173,2,1,-1,-1,0,1,-1,0,0,0,-1,1,6,1,37,7,-1,-1,-1,3,1,3
2016010009178,1,1,0,4,0,8,-1,0,0,0,1,1,6,1,45,7,-1,-1,-1,2,1,2
2016010009178,2,19,0,7,0,8,1,0,0,0,4,-1,6,1,17,4,-1,-1,-1,-1,-1,-1
2016010009183,1,9,0,18,0,3,0,0,0,0,4,-1,6,1,57,9,1598,1,6,1,1,1
2016010009184,1,1,0,-1,0,-1,2,-1,-1,-1,-1,1,6,1,31,6,-1,-1,-1,2,1,2
2016010009192,1,1,-1,18,-1,0,-1,-1,-1,-1,-1,1,6,1,26,6,-1,-1,-1,3,1,3
2016010009194,1,9,-1,-1,0,0,-1,-1,-1,-1,2,1,6,1,47,8,1598,1,16,3,1,3
2016010009194,2,9,-1,-1,0,0,-1,-1,-1,-1,-1,1,6,1,-1,-1,1992,2,9,-1,-1,-1
2016010009206,1,9,0,3,0,0,0,0,0,0,2,-1,6,1,48,8,1596,1,4,1,1,1
2016010009206,2,9,-1,3,0,0,0,0,0,0,1,-1,6,1,-1,-1,2099,1,11,3,1,3
2016010009208,1,9,0,3,0,1,0,0,0,0,2,1,6,2,57,9,1198,1,3,6,1,6
2016010009208,2,9,0,18,0,1,0,0,0,0,2,1,6,1,54,8,2000,1,13,4,1,4
2016010009208,3,9,0,18,0,1,0,0,0,0,1,1,6,1,28,6,1995,2,1,5,1,5
2016010009212,1,9,0,9,0,6,0,0,0,0,3,1,6,1,85,11,1199,1,18,2,1,2
2016010009212,2,9,0,18,0,8,0,0,0,0,4,1,6,2,63,9,1399,2,8,8,1,8
2016010009215,1,9,0,1,6,5,0,0,0,0,2,1,1,1,28,6,1229,1,12,3,1,3
2016010009216,1,1,0,18,0,-1,0,0,0,0,4,1,2,1,29,6,-1,-1,-1,9,1,9
2016010009216,2,9,0,10,0,6,0,0,0,0,0,-1,6,1,24,5,1587,1,12,-1,-1,-1
2016010009218,1,4,-1,14,0,-1,-1,-1,0,0,1,1,2,1,30,6,600,1,10,9,1,9
2016010009221,1,19,0,10,0,4,0,0,0,0,1,1,1,1,62,9,1560,2,2,8,1,8
2016010009221,2,1,0,18,0,4,0,0,0,0,4,1,6,1,48,8,-1,-1,-1,7,1,7
2016010009222,1,9,0,5,0,6,0,0,0,0,4,1,6,1,40,7,4367,2,3,3,1,3
2016010009222,2,11,0,5,0,6,0,0,0,0,3,1,1,1,40,7,4760,2,3,4,1,4
2016010009223,1,9,0,6,0,0,0,0,0,0,3,1,6,1,24,5,1242,1,7,4,1,4
2016010009223,2,3,0,18,0,0,0,0,0,0,4,1,6,1,25,5,125,1,-1,2,1,2
2016010009223,3,20,4,2,0,0,0,0,0,0,3,1,6,3,-1,-1,4250,2,15,-1,-1,-1
2016010009224,1,9,0,16,0,1,1,4,0,0,4,1,1,1,38,7,1598,1,5,2,1,2
2016010009224,2,9,0,2,0,1,0,0,0,0,1,1,6,3,-1,-1,2993,2,9,-1,-1,-1
2016010009229,1,9,-1,1,-1,0,-1,-1,-1,-1,2,1,6,2,17,4,1968,2,1,-1,-1,-1
2016010009232,1,5,0,13,0,1,5,0,0,0,1,1,2,1,37,7,656,1,7,2,1,2
2016010009232,2,19,0,9,0,6,0,0,0,0,3,1,1,1,30,6,2143,2,-1,4,1,4
2016010009233,1,9,0,18,0,8,0,0,0,0,1,1,6,2,35,6,1968,2,-1,8,1,8
2016010009233,2,9,0,9,0,1,0,0,0,0,1,1,6,2,47,8,1339,8,8,5,1,5
2016010009234,1,9,0,10,0,1,0,0,0,0,3,1,6,1,25,5,-1,-1,-1,4,1,4
2016010009234,2,19,0,18,0,4,0,0,0,0,1,1,6,1,34,6,2402,2,10,3,1,3
2016010009235,1,19,-1,3,0,0,0,0,0,0,0,1,6,1,43,7,1870,2,12,-1,-1,-1
2016010009235,2,9,-1,3,0,0,0,0,0,0,2,1,6,3,-1,-1,1339,8,7,-1,-1,-1
2016010009241,1,9,0,7,9,2,0,0,1,10,1,1,2,2,31,6,1364,1,9,3,1,3
2016010009243,1,9,0,5,0,8,0,0,0,0,3,1,6,3,-1,-1,1753,2,9,-1,-1,-1
2016010009244,1,19,0,1,0,0,0,0,0,0,2,1,1,1,23,5,2143,2,1,4,1,4
2016010009244,2,3,0,3,0,0,0,0,0,0,1,1,1,1,29,6,125,1,12,4,1,4
2016010009246,1,9,0,18,0,2,0,0,0,0,1,1,6,1,67,10,2967,2,5,5,1,5
2016010009247,1,9,0,4,0,1,0,0,0,0,2,1,6,2,60,9,1598,1,11,-1,-1,-1
2016010009249,1,9,0,18,0,0,1,0,0,0,1,1,1,1,36,7,1499,1,-1,3,1,3
2016010009249,2,9,0,4,0,0,0,0,0,0,2,1,2,1,27,6,1995,2,3,7,1,7
2016010009250,1,11,0,4,0,0,0,0,0,0,0,1,1,1,47,8,6700,2,6,1,1,1
2016010009251,1,9,0,18,0,1,0,0,0,0,1,1,6,1,31,6,1798,8,1,3,1,3
2016010009252,1,11,0,5,0,1,0,0,0,0,0,1,6,1,65,9,9000,2,6,4,1,4
2016010009253,1,3,0,18,0,0,0,0,0,0,1,1,6,1,43,7,125,1,6,6,1,6
2016010009254,1,8,0,9,6,7,0,0,7,0,2,1,1,1,51,8,-1,-1,-1,-1,1,-1
2016010009255,1,19,0,9,0,4,0,0,0,0,0,1,1,1,24,5,1248,2,1,3,1,3
2016010009255,2,4,0,9,0,4,0,0,0,0,2,1,6,1,22,5,124,1,6,8,1,8
2016010009256,1,8,0,18,0,1,0,0,0,0,1,2,1,1,39,7,1797,8,4,2,1,2
2016010009259,1,9,0,18,0,1,0,0,0,0,2,1,6,2,62,9,1999,1,10,4,1,4
2016010009259,2,9,0,2,0,2,0,4,0,0,2,1,6,3,-1,-1,1390,1,11,-1,-1,-1
2016010009259,3,9,0,2,0,2,0,0,0,0,2,1,6,3,-1,-1,1422,2,-1,-1,-1,-1
2016010009259,4,9,0,2,0,2,0,0,0,0,2,1,6,3,-1,-1,2993,2,-1,-1,-1,-1
2016010009259,5,9,0,18,0,1,0,0,0,0,1,1,6,3,-1,-1,1398,1,11,-1,-1,-1
2016010009260,1,9,0,18,0,1,0,0,0,0,1,1,6,1,29,6,1998,2,13,3,1,3
2016010009260,2,9,0,3,0,1,0,4,0,0,2,1,6,1,24,5,1686,2,7,3,1,3
2016010009260,3,9,0,3,0,1,0,0,0,0,2,1,6,1,54,8,1497,8,2,8,2,8
2016010009261,1,9,0,6,0,0,0,11,0,0,1,1,6,2,57,9,1595,1,15,2,1,2
2016010009262,1,8,0,9,0,5,0,0,0,0,1,1,1,1,64,9,1798,8,1,6,1,6
2016010009263,1,9,0,3,0,0,0,0,0,0,2,1,6,1,24,5,2143,12,3,9,1,9
2016010009263,2,9,0,3,0,0,0,0,0,0,2,1,6,2,30,6,2204,2,10,9,1,9
2016010009263,3,9,0,4,0,0,1,4,0,0,1,1,6,1,35,6,1598,1,9,9,1,9
2016010009264,1,11,0,3,0,8,0,0,0,0,0,1,1,1,26,6,9360,2,7,5,1,5
2016010009265,1,9,0,18,0,8,0,0,0,0,4,1,6,2,29,6,1968,2,9,10,1,10
2016010009265,2,9,0,10,0,5,0,0,0,0,4,1,6,1,19,4,973,1,15,10,1,10
2016010009265,3,9,0,8,0,6,0,0,0,0,1,1,6,1,42,7,1242,1,13,8,1,8
2016010009266,1,9,0,16,0,0,0,0,0,0,1,1,2,1,30,6,-1,-1,-1,-1,-1,-1
2016010009267,1,9,0,7,0,1,0,0,0,0,1,1,6,1,49,8,1796,1,5,2,1,2
2016010009268,1,2,0,8,0,1,0,0,0,0,1,1,6,1,23,5,49,1,11,2,1,2
2016010009268,2,19,0,9,0,1,0,0,0,0,1,1,6,1,67,10,1248,2,3,2,1,2
2016010009269,1,9,0,3,0,8,0,0,0,0,2,1,6,1,28,6,1590,1,13,6,1,6
2016010009269,2,8,0,18,0,8,0,0,0,0,1,1,6,1,-1,-1,1997,2,9,1,1,1
2016010009270,1,3,0,18,0,1,0,11,0,0,1,1,6,1,36,7,125,1,3,1,1,1
2016010009271,1,9,0,4,0,8,0,0,0,0,3,1,2,1,54,8,1586,1,-1,6,2,6
2016010009271,2,9,0,5,0,8,1,0,0,0,1,1,6,1,23,5,2143,2,3,3,1,3
2016010009271,3,9,0,5,0,8,1,0,0,0,1,1,6,1,52,8,1796,1,19,9,1,9
2016010009271,4,9,0,4,0,8,0,0,0,0,1,1,2,2,28,6,1956,2,5,9,1,9
2016010009272,1,9,0,5,0,2,0,11,0,0,1,1,6,1,54,8,1388,1,7,2,1,2
2016010009273,1,3,0,9,2,6,0,0,0,0,1,1,6,3,-1,-1,-1,-1,-1,-1,-1,-1
2016010009275,1,3,0,18,0,1,2,0,0,0,1,1,1,1,30,6,108,1,1,4,1,4
2016010009275,2,9,0,4,0,1,0,0,0,0,2,1,2,1,26,6,1229,1,12,7,1,7
2016010009276,1,9,0,18,0,2,0,0,0,0,1,1,6,1,32,6,1995,2,2,2,1,2
2016010009276,2,3,0,18,0,2,0,0,0,0,3,1,6,1,37,7,124,1,-1,1,1,1
2016010009278,1,9,0,18,0,0,1,4,0,0,1,1,6,1,32,6,2191,2,1,4,1,4
2016010009278,2,9,0,2,0,0,0,0,0,0,2,2,6,3,-1,-1,1998,1,16,-1,-1,-1
2016010009279,1,9,0,6,0,1,0,0,0,0,1,1,6,1,49,8,-1,-1,-1,-1,1,-1
2016010009279,2,9,0,1,0,1,0,0,0,0,2,1,6,3,-1,-1,-1,-1,-1,-1,-1,-1
2016010009280,1,9,0,18,0,1,0,0,0,0,1,1,6,1,25,5,2993,2,3,7,3,7
2016010009281,1,9,0,6,0,0,0,0,0,0,4,1,6,1,42,7,1686,2,1,2,1,2
2016010009281,2,4,0,18,0,0,0,0,0,0,1,1,6,1,26,6,124,1,9,3,1,3
2016010009284,1,9,0,18,0,1,0,0,0,0,1,1,6,1,45,7,1910,2,11,4,1,4
2016010009284,2,9,0,5,0,6,0,0,0,0,1,1,2,1,54,8,-1,-1,-1,10,1,10
2016010009288,1,9,0,18,9,2,0,7,1,0,1,1,6,2,70,10,1598,1,18,8,1,8
2016010009289,1,9,0,5,9,3,0,10,1,10,1,1,6,1,51,8,1998,2,3,2,1,2
2016010009290,1,9,0,11,0,1,0,0,0,0,1,1,6,1,48,8,2926,2,14,6,1,6
2016010009290,2,9,0,18,0,1,0,0,0,0,1,1,6,2,39,7,1995,2,7,3,1,3
2016010009291,1,8,0,18,0,8,0,0,0,0,1,1,6,1,44,7,1797,8,8,1,1,1
2016010009291,2,9,0,9,0,1,0,0,0,0,4,1,6,1,42,7,2685,2,15,3,1,3
2016010009293,1,9,0,13,0,1,0,0,0,0,4,1,6,1,30,6,1248,2,8,9,1,9
2016010009293,2,4,0,18,0,1,0,0,0,0,3,1,1,1,39,7,125,1,7,2,1,2
2016010009295,1,9,0,3,0,1,0,0,0,0,2,1,1,1,58,9,1461,2,2,4,1,4
2016010009295,2,9,0,18,0,1,0,0,0,0,1,1,6,1,56,9,1999,1,14,2,1,2
2016010009296,1,11,0,4,0,0,0,0,0,0,3,1,1,1,42,7,5132,2,2,1,1,1
2016010009298,1,3,0,4,0,2,1,0,1,0,0,1,6,1,23,5,124,1,1,2,1,2
2016010009300,1,11,0,7,0,5,0,0,0,0,1,1,1,1,24,5,4500,2,8,5,1,5
2016010009300,2,9,0,7,0,1,0,0,0,0,2,1,6,1,70,10,1497,8,2,5,1,5
2016010009302,1,19,0,18,0,1,0,0,0,0,1,1,1,1,40,7,2198,2,4,6,1,6
2016010009302,2,8,0,18,0,1,0,0,0,0,2,1,1,1,43,7,2362,7,7,1,1,1
2016010009303,1,9,0,9,0,2,0,0,0,0,1,1,6,1,79,11,-1,-1,-1,6,1,6
2016010009303,2,5,0,18,0,1,0,0,0,0,1,1,2,2,34,6,1157,1,10,5,1,5
2016010009304,1,9,0,4,0,1,1,0,0,0,2,1,1,2,29,6,1360,1,14,1,1,1
2016010009304,2,9,0,18,0,1,0,0,0,0,1,1,6,1,50,8,1968,2,11,8,1,8
2016010009305,1,9,0,4,0,7,1,0,0,0,1,1,6,1,39,7,1363,2,13,4,1,4
2016010009305,2,20,0,4,0,7,0,0,0,0,2,1,1,1,35,6,10518,2,1,2,1,2
2016010009306,1,9,0,5,0,1,0,0,0,0,4,1,2,1,35,6,1998,2,12,9,1,9
2016010009307,1,9,0,18,0,4,0,0,0,0,1,1,6,2,62,9,1598,1,11,9,1,9
2016010009307,2,9,0,9,0,8,0,0,0,0,1,1,6,1,21,5,998,1,2,7,1,7
2016010009308,1,9,0,18,0,0,5,10,1,0,4,1,6,2,42,7,1339,1,13,2,1,2
2016010009308,2,90,0,11,0,0,0,0,0,0,4,1,1,1,26,6,10677,2,2,5,1,5
2016010009309,1,19,0,7,9,1,0,0,0,0,3,1,1,1,24,5,2287,2,-1,2,1,2
2016010009309,2,1,0,18,5,1,0,0,0,0,4,1,6,1,43,7,-1,-1,-1,-1,-1,-1
2016010009311,1,9,0,18,0,8,0,4,0,0,1,1,6,1,25,5,1368,1,8,4,1,4
2016010009311,2,9,0,9,0,8,0,0,0,0,1,1,6,1,37,7,1598,1,4,2,1,2
2016010009311,3,9,0,2,0,8,0,0,0,0,2,1,6,3,-1,-1,1766,1,31,-1,-1,-1
2016010009312,1,9,0,18,0,3,0,0,0,0,1,1,1,1,29,6,2199,2,3,3,1,3
2016010009312,2,9,0,18,0,3,0,0,0,0,2,1,6,2,39,7,998,1,1,3,1,3
2016010009313,1,90,0,7,0,6,0,0,0,0,3,1,1,1,69,10,-1,-1,-1,5,1,5
2016010009313,2,1,0,17,0,1,0,0,0,0,1,1,2,1,59,9,-1,-1,-1,5,1,5
2016010009314,1,21,0,10,0,1,0,0,0,0,1,1,1,1,25,5,6374,2,4,10,1,10
2016010009314,2,2,0,5,0,1,1,0,0,0,1,1,2,1,36,7,124,1,7,2,1,2
2016010009315,1,8,0,11,0,2,0,0,0,0,2,1,1,1,34,6,1598,2,1,4,1,4
2016010009315,2,3,0,18,0,2,0,0,0,0,1,1,2,1,33,6,125,1,5,5,1,5
2016010009316,1,9,0,10,0,1,0,0,0,0,3,1,6,1,52,8,1830,1,23,4,1,4
2016010009316,2,3,0,13,0,1,0,0,0,0,1,1,1,1,41,7,125,1,4,1,1,1
2016010009317,1,9,0,4,0,2,0,0,0,0,2,1,6,1,50,8,2993,2,5,4,1,4
2016010009317,2,9,0,3,0,1,0,0,0,0,2,1,6,2,29,6,1461,2,9,1,1,1
2016010009317,3,9,0,13,0,1,0,0,0,0,2,1,6,3,-1,-1,-1,-1,-1,-1,-1,-1
2016010009318,1,9,0,18,0,8,0,0,0,0,1,1,6,3,-1,-1,-1,-1,-1,-1,-1,-1
2016010009319,1,9,0,18,0,2,0,0,0,0,2,1,6,1,28,6,1968,2,4,4,1,4
2016010009322,1,9,0,7,0,1,0,0,0,0,2,1,6,2,35,6,1798,8,2,1,1,1
2016010009322,2,3,0,18,2,1,0,0,0,0,1,1,6,1,28,6,125,1,6,1,1,1
2016010009323,1,9,0,3,0,1,0,0,0,0,1,1,6,2,34,6,1386,1,11,4,1,4
2016010009323,2,4,0,13,0,1,1,0,0,0,1,1,6,1,27,6,300,1,3,8,1,8
2016010009325,1,3,0,4,0,1,1,0,0,0,1,1,6,1,26,6,124,1,7,7,1,7
2016010009325,2,9,0,4,0,1,0,0,0,0,2,1,6,1,48,8,1968,2,6,10,1,10
2016010009326,1,2,0,18,0,0,0,0,0,0,1,1,1,1,25,5,49,1,11,6,1,6
2016010009326,2,9,0,6,0,0,0,0,0,0,3,1,6,1,69,10,1386,1,12,9,1,9
2016010009330,1,9,0,5,0,2,0,0,0,0,1,1,6,2,31,6,1796,1,11,1,1,1
2016010009331,1,9,0,18,0,1,0,11,1,4,4,1,6,1,20,4,1149,1,7,6,1,6
2016010009333,1,9,0,1,0,0,1,4,0,0,4,1,6,1,20,4,1988,1,17,3,1,3
2016010009333,2,9,0,2,0,0,0,4,0,0,3,1,6,3,-1,-1,1598,1,12,-1,-1,-1
2016010009333,3,9,0,2,0,0,0,4,0,0,3,1,6,3,-1,-1,2720,2,8,-1,-1,-1
2016010009333,4,9,0,2,0,0,0,4,0,0,3,1,6,3,-1,-1,2378,1,13,-1,-1,-1
2016010009333,5,9,0,2,0,0,0,4,0,0,4,1,6,3,-1,-1,1968,2,3,-1,-1,-1
2016010009333,6,9,0,2,0,0,0,4,0,0,1,1,6,3,-1,-1,1299,1,11,-1,-1,-1
2016010009333,7,9,0,2,0,0,0,4,0,0,1,1,6,3,-1,-1,1968,2,8,-1,-1,-1
2016010009333,8,9,0,1,0,0,0,0,0,0,2,1,6,3,-1,-1,-1,-1,-1,-1,-1,-1
2016010009333,9,8,0,4,0,0,0,4,0,0,1,1,1,1,45,7,1997,2,6,3,1,3
2016010009335,1,9,0,17,0,2,1,7,0,0,1,2,6,1,23,5,-1,-1,-1,2,1,2
2016010009336,1,3,0,5,0,0,0,4,0,0,1,1,6,1,24,5,-1,-1,-1,-1,1,-1
2016010009336,2,9,0,4,0,0,0,0,0,0,1,1,6,1,29,6,-1,-1,-1,-1,1,-1
2016010009337,1,9,0,7,0,1,0,11,0,0,1,2,6,1,33,6,-1,-1,-1,-1,1,-1
2016010009337,2,2,0,18,0,8,0,0,0,0,1,1,6,3,-1,-1,-1,-1,-1,-1,-1,-1
2016010009338,1,2,0,18,0,1,0,0,0,0,1,1,1,1,34,6,108,1,3,3,1,3
2016010009340,1,9,0,3,0,1,0,0,0,0,1,1,6,2,53,8,-1,-1,-1,-1,1,-1
2016010009340,2,9,0,13,0,1,0,10,1,0,1,1,6,1,42,7,-1,-1,-1,-1,1,-1
2016010009341,1,9,0,8,0,1,0,0,0,0,1,1,1,2,50,8,1997,2,7,4,1,4
2016010009345,1,9,0,5,0,8,0,0,0,0,1,1,6,1,29,6,2143,2,3,2,1,2
2016010009345,2,3,0,18,0,8,1,0,0,0,1,1,1,1,31,6,125,1,3,1,1,1
2016010009349,1,9,0,7,0,2,0,0,0,0,4,1,2,1,33,6,1598,1,16,3,1,3
2016010009359,1,9,0,18,0,0,0,0,0,0,1,1,6,3,-1,-1,-1,-1,-1,-1,-1,-1
2016010009372,1,5,0,18,0,8,0,0,0,0,1,1,6,1,23,5,798,1,1,7,1,7
2016010009372,2,9,0,9,0,5,0,0,0,0,4,1,6,1,67,10,1560,2,10,9,1,9
2016010009481,1,3,-1,-1,0,-1,-1,-1,-1,-1,-1,1,6,3,-1,-1,-1,-1,-1,-1,-1,-1
2016010009483,1,1,0,18,0,2,-1,-1,0,0,1,1,2,2,23,5,-1,-1,-1,7,1,7
2016010009483,2,19,-1,-1,0,2,-1,-1,0,0,1,-1,6,1,24,5,1598,2,-1,-1,-1,-1
2016010009495,1,3,0,18,0,1,1,0,0,0,4,1,2,1,29,6,125,1,-1,-1,-1,-1
2016010009495,2,9,-1,12,0,1,-1,0,0,0,3,1,6,1,35,6,1997,2,6,4,1,4