Accident_Index,Vehicle_Reference,Vehicle_Type,Towing_and_Articulation,Vehicle_Manoeuvre,Vehicle_Location-Restricted_Lane,Junction_Location,Skidding_and_Overturning,Hit_Object_in_Carriageway,Vehicle_Leaving_Carriageway,Hit_Object_off_Carriageway,1st_Point_of_Impact,Was_Vehicle_Left_Hand_Drive?,Journey_Purpose_of_Driver,Sex_of_Driver,Age_of_Driver,Age_Band_of_Driver,Engine_Capacity_(CC),Propulsion_Code,Age_of_Vehicle,Driver_IMD_Decile,Driver_Home_Area_Type,Vehicle_IMD_Decile
2016010011424,2,8,0,18,0,1,0,0,0,0,4,-1,6,3,-1,-1,1797,8,5,-1,-1,-1
2016010011426,1,1,-1,-1,-1,-1,-1,-1,-1,-1,-1,1,6,1,41,7,-1,-1,-1,6,1,6
2016010011427,1,9,0,3,0,2,0,0,0,0,1,1,6,1,34,6,1329,1,5,1,1,1
2016010011427,2,9,0,1,0,1,-1,0,0,0,2,-1,6,3,-1,-1,1956,2,4,-1,-1,-1
2016010011429,1,9,0,3,0,0,0,-1,-1,-1,2,-1,6,1,48,8,1956,2,5,1,1,1
2016010011429,2,9,0,-1,0,0,0,0,0,0,-1,1,6,2,39,7,1598,2,4,6,1,6
2016010011441,1,8,0,4,0,0,0,0,0,0,3,1,1,1,33,6,1797,8,7,4,1,4
2016010011441,2,1,0,18,0,0,0,4,0,0,4,1,1,1,41,7,-1,-1,-1,5,1,5
2016010011446,1,9,0,3,0,8,0,0,0,0,3,-1,6,1,44,7,1797,8,6,4,1,4
2016010011446,2,9,0,9,0,8,0,0,0,0,1,-1,6,1,19,4,1499,2,-1,2,1,2
2016010011446,3,9,0,18,0,8,0,0,0,0,1,-1,6,3,-1,-1,1995,2,1,-1,-1,-1
2016010011446,4,9,0,2,0,-1,1,0,0,0,-1,-1,6,3,-1,-1,-1,-1,-1,-1,-1,-1
2016010011451,1,9,-1,2,-1,-1,-1,-1,0,0,4,1,6,3,-1,-1,1999,2,-1,-1,-1,-1
2016010011451,2,9,-1,18,-1,-1,-1,-1,-1,0,-1,1,6,3,-1,-1,-1,-1,-1,-1,-1,-1
2016010011459,1,9,0,-1,0,1,0,0,0,0,2,-1,6,1,39,7,1248,1,3,10,1,10
2016010011459,2,9,0,-1,0,1,0,0,0,0,1,-1,6,3,-1,-1,1399,2,11,-1,-1,-1
2016010011468,1,19,0,9,0,5,0,0,0,0,3,1,1,1,32,6,1598,2,-1,4,1,4
2016010011468,2,3,0,13,0,8,0,0,0,0,4,1,6,1,20,4,125,1,3,3,1,3
2016010011485,1,3,0,7,0,8,0,0,0,0,0,1,6,2,25,5,-1,-1,-1,4,1,4
2016010011495,1,11,0,-1,0,-1,0,-1,-1,-1,1,1,1,1,-1,-1,-1,-1,-1,-1,-1,-1
2016010011503,1,9,0,9,0,8,0,0,0,0,4,1,6,2,35,6,1339,1,11,7,1,7
2016010011503,2,9,0,18,0,8,0,0,0,0,1,1,6,1,32,6,1598,1,12,4,1,4
2016010011508,1,9,-1,-1,-1,-1,-1,-1,-1,-1,-1,-1,6,1,-1,-1,-1,-1,-1,-1,-1,-1
2016010011508,2,1,0,18,-1,-1,-1,-1,-1,-1,-1,1,6,1,59,9,-1,-1,-1,3,1,3
2016010011514,1,1,0,18,0,8,5,0,0,0,1,1,6,2,35,6,-1,-1,-1,-1,1,-1
2016010011514,2,9,-1,-1,0,-1,-1,-1,-1,-1,-1,-1,6,3,-1,-1,-1,-1,-1,-1,-1,-1
2016010011611,1,4,-1,18,0,0,-1,0,0,0,2,1,6,1,40,7,125,1,2,4,1,4
2016010011611,2,9,0,11,0,0,-1,0,0,0,1,1,6,1,44,7,998,1,18,2,1,2
2016010011640,1,9,-1,-1,-1,-1,-1,-1,0,0,-1,-1,6,3,-1,-1,-1,-1,-1,-1,-1,-1
2016010011769,1,9,0,7,0,5,0,0,0,0,1,1,6,1,44,7,-1,-1,-1,-1,1,-1
2016010011780,1,3,0,18,0,1,2,9,0,0,1,1,2,1,37,7,124,1,2,7,1,7
2016010011854,1,9,-1,1,-1,6,0,0,0,0,2,-1,6,2,-1,-1,1797,8,5,1,1,1
2016010011893,1,1,0,18,0,4,0,0,0,0,3,1,2,2,31,6,-1,-1,-1,2,1,2
2016010011893,2,9,0,9,0,8,0,0,0,0,1,-1,6,1,-1,-1,1798,8,-1,2,1,2
2016010011899,1,9,0,9,0,8,0,0,0,0,1,1,6,1,70,10,2179,2,3,9,1,9
2016010011899,2,19,0,18,0,8,0,0,0,0,1,1,6,1,30,6,2198,2,-1,9,1,9
2016010011910,1,9,0,3,0,1,0,0,0,0,3,1,6,1,31,6,1200,1,-1,2,1,2
2016010011910,2,1,0,14,0,1,0,0,0,0,4,1,6,1,27,6,-1,-1,-1,5,1,5
2016010011915,1,11,0,18,0,4,0,0,0,0,0,-1,1,1,30,6,4500,2,5,4,1,4
2016010011921,1,1,0,18,0,1,0,10,0,0,1,1,6,1,31,6,-1,-1,-1,4,1,4
2016010011928,1,9,0,18,0,8,0,0,0,0,3,1,6,2,46,8,1386,1,10,1,1,1
2016010011928,2,9,0,9,0,8,0,0,0,0,1,1,6,3,-1,-1,-1,-1,-1,-1,-1,-1
2016010011932,1,1,0,18,0,0,0,0,0,0,1,1,6,2,29,6,-1,-1,-1,4,1,4
2016010011932,2,9,0,-1,0,0,0,0,0,0,3,-1,6,1,-1,-1,-1,-1,-1,2,1,2
2016010011933,1,9,-1,18,0,1,0,0,0,0,1,-1,6,1,27,6,-1,-1,-1,-1,1,-1
2016010011933,2,9,-1,18,0,8,-1,0,0,0,1,-1,6,1,26,6,-1,-1,-1,-1,1,-1
2016010011936,1,9,0,1,0,0,0,0,0,0,2,-1,6,1,42,7,1198,1,3,5,1,5
2016010011936,2,90,0,1,0,0,0,0,0,0,-1,-1,6,1,-1,-1,-1,-1,-1,-1,-1,-1
2016010011940,1,9,0,9,0,8,0,0,0,0,4,1,6,2,41,7,1598,1,8,2,1,2
2016010011940,2,4,0,18,0,8,0,0,0,0,1,1,6,1,34,6,125,1,-1,2,1,2
2016010011942,1,1,0,18,0,-1,0,0,0,0,-1,1,6,1,46,8,-1,-1,-1,-1,1,-1
2016010011942,2,11,-1,18,0,-1,-1,0,0,0,-1,1,6,3,-1,-1,-1,-1,-1,-1,-1,-1
2016010011950,1,5,0,8,0,1,0,0,0,0,0,1,6,1,30,6,798,1,8,-1,-1,-1
2016010011950,2,9,0,5,0,1,0,0,0,0,0,1,2,2,39,7,1598,1,8,-1,-1,-1
2016010011966,1,9,0,17,0,0,0,0,0,0,1,1,2,1,56,9,1997,2,16,2,1,2
2016010011968,1,9,0,9,0,8,0,0,0,0,3,1,6,2,41,7,1398,2,12,4,1,4
2016010011968,2,1,0,18,0,8,0,0,0,0,1,1,6,1,46,8,-1,-1,-1,7,1,7
2016010011987,1,9,0,17,0,8,0,0,0,0,1,1,6,1,17,4,1395,1,2,5,1,5
2016010011987,2,9,0,1,0,8,0,0,0,0,2,1,6,2,17,4,1329,1,1,-1,-1,-1
2016010011992,1,3,0,4,0,2,0,0,0,0,2,1,6,1,21,5,125,1,12,2,1,2
2016010011992,2,9,0,18,0,2,0,0,0,0,1,1,6,1,24,5,1596,1,8,2,1,2
2016010012002,1,9,0,5,0,1,0,0,0,0,1,1,6,1,26,6,1968,2,12,-1,-1,-1
2016010012002,2,9,0,4,0,6,0,0,0,0,2,1,6,1,44,7,1598,1,6,-1,-1,-1
2016010012004,1,3,0,15,0,0,0,0,0,0,1,1,1,1,31,6,108,1,3,3,1,3
2016010012005,1,9,0,1,0,2,0,0,0,0,2,1,6,1,44,7,-1,-1,-1,6,1,6
2016010012006,1,9,-1,-1,-1,0,0,-1,-1,0,-1,-1,6,1,-1,-1,-1,-1,-1,-1,-1,-1
2016010012017,1,9,0,3,0,2,0,0,0,0,3,1,6,2,37,7,1910,2,8,2,1,2
2016010012017,2,1,0,14,0,2,0,8,0,0,1,1,6,1,26,6,-1,-1,-1,2,1,2
2016010012023,1,9,-1,-1,0,0,0,0,0,0,3,-1,6,2,24,5,998,1,3,4,1,4
2016010012023,2,19,-1,-1,0,0,0,0,0,0,4,-1,6,1,17,4,1968,2,-1,-1,-1,-1
2016010012031,1,20,0,18,0,1,0,0,0,0,3,1,1,1,51,8,-1,-1,-1,2,1,2
2016010012031,2,1,0,13,0,1,0,0,0,0,4,1,6,1,51,8,-1,-1,-1,1,1,1
2016010012041,1,9,-1,3,0,8,-1,0,0,0,2,-1,6,1,43,7,1984,1,14,3,1,3
2016010012041,2,9,-1,18,0,8,-1,-1,0,0,1,-1,6,2,25,5,1242,1,-1,8,1,8
2016010012050,1,9,0,1,0,1,0,0,0,0,2,-1,6,3,-1,-1,1968,2,8,-1,-1,-1
2016010012100,1,9,0,18,0,0,0,-1,0,0,1,-1,6,2,28,6,1364,1,7,4,1,4
2016010012100,2,9,0,18,0,0,0,-1,0,0,3,-1,6,1,17,4,1299,1,15,5,1,5
2016010012107,1,9,0,7,0,5,0,0,0,0,4,1,6,3,-1,-1,-1,-1,-1,-1,-1,-1
2016010012111,1,9,0,9,0,8,0,0,0,0,3,1,6,1,54,8,1999,2,-1,9,3,9
2016010012111,2,3,0,18,0,1,0,0,0,0,1,1,6,1,21,5,125,1,5,3,1,3
2016010012117,1,19,0,1,0,0,0,0,0,0,2,1,1,1,44,7,1995,2,2,1,1,1
2016010012121,1,9,0,18,0,8,0,0,0,0,3,1,6,1,22,5,1596,1,11,1,1,1
2016010012121,2,3,0,18,0,8,0,0,0,0,1,1,6,1,22,5,108,1,8,5,1,5
2016010012126,1,1,0,4,0,1,0,0,0,0,1,1,2,1,53,8,-1,-1,-1,3,1,3
2016010012128,1,1,0,18,0,8,0,0,0,0,3,1,2,1,44,7,-1,-1,-1,3,1,3
2016010012128,2,9,0,9,0,8,0,0,0,0,1,1,6,3,-1,-1,-1,-1,-1,-1,-1,-1
2016010012129,1,8,0,6,9,0,0,10,1,10,1,1,6,1,41,7,1797,8,6,1,1,1
2016010012133,1,3,0,3,0,1,0,0,0,0,2,1,6,1,48,8,125,1,1,4,1,4
2016010012133,2,9,0,4,0,1,0,0,0,0,1,1,6,1,34,6,-1,-1,-1,4,1,4
2016010012136,1,9,0,3,0,1,0,0,0,0,2,1,1,1,42,7,1798,8,1,5,1,5
2016010012136,2,9,0,3,0,1,0,0,0,0,2,1,6,1,43,7,1598,1,11,1,1,1
2016010012136,3,9,0,18,0,1,0,0,0,0,1,1,6,3,-1,-1,1988,1,14,-1,-1,-1
2016010012142,1,9,0,7,0,8,0,0,0,0,4,1,6,1,65,9,1794,1,11,9,1,9
2016010012142,2,3,0,15,0,1,0,0,0,0,1,1,6,1,31,6,-1,-1,-1,7,1,7
2016010012147,1,9,0,9,0,5,0,0,0,0,1,1,6,3,-1,-1,-1,-1,-1,-1,-1,-1
2016010012159,1,3,0,18,0,2,0,10,1,2,1,1,6,1,19,4,124,1,8,1,1,1
2016010012160,1,3,0,18,0,2,0,4,0,0,1,1,2,1,22,5,125,1,6,4,1,4
2016010012160,2,9,0,1,0,1,0,0,0,0,0,1,6,1,23,5,999,1,1,2,1,2
2016010012160,3,9,0,2,0,2,0,0,0,0,4,1,6,3,-1,-1,1599,1,8,-1,-1,-1
2016010012224,1,9,-1,3,0,1,-1,0,0,0,2,1,6,2,48,8,-1,-1,-1,-1,1,-1
2016010012224,2,9,0,18,0,-1,0,0,0,0,1,1,6,3,-1,-1,-1,-1,-1,-1,-1,-1
2016010012226,1,90,-1,-1,-1,0,-1,-1,-1,-1,-1,1,6,3,-1,-1,-1,-1,-1,-1,-1,-1
2016010012231,1,8,0,17,0,8,0,0,0,0,3,1,1,1,40,7,1968,2,6,3,1,3
2016010012231,2,5,0,17,0,8,0,0,0,0,4,1,2,1,47,8,645,1,9,8,1,8
2016010012250,1,9,0,9,0,8,0,0,0,0,1,1,6,2,41,7,1598,1,9,4,1,4
2016010012250,2,1,0,18,0,8,0,0,0,0,1,1,2,1,30,6,-1,-1,-1,2,1,2
2016010012261,1,1,-1,18,0,1,0,-1,0,0,1,1,6,1,42,7,-1,-1,-1,1,1,1
2016010012261,2,8,-1,18,0,1,0,-1,0,0,3,-1,6,1,56,9,1798,8,-1,5,1,5
2016010012263,1,11,-1,-1,-1,1,-1,-1,-1,-1,-1,1,6,3,-1,-1,-1,-1,-1,-1,-1,-1
2016010012270,1,9,0,1,0,0,0,0,0,0,2,1,6,3,-1,-1,1896,2,9,-1,-1,-1
2016010012276,1,9,0,18,-1,-1,-1,-1,-1,0,-1,1,6,2,63,9,1598,1,14,3,1,3
2016010012295,1,19,0,1,0,1,0,0,0,0,2,1,6,1,40,7,2402,2,11,3,1,3
2016010012304,1,3,-1,18,0,-1,-1,-1,-1,-1,-1,1,6,2,30,6,125,1,1,-1,-1,-1
2016010012324,1,9,0,18,-1,1,1,0,0,0,1,1,6,1,20,4,998,1,2,8,1,8
2016010012324,2,9,0,13,-1,1,0,0,0,0,2,1,6,3,-1,-1,1242,1,1,-1,-1,-1
2016010012372,1,11,0,18,0,0,0,0,0,0,1,1,1,1,22,5,4500,2,1,10,2,10
2016010012380,1,3,0,18,0,0,0,0,0,0,1,1,6,1,25,5,124,1,1,2,1,2
2016010012381,1,19,0,3,0,1,0,0,0,0,2,1,1,1,46,8,1968,2,1,2,1,2
2016010012382,1,11,-1,-1,-1,0,-1,-1,-1,-1,-1,1,1,1,-1,-1,-1,-1,-1,-1,-1,-1
2016010012383,1,9,0,10,0,8,0,0,0,0,3,1,6,2,46,8,2497,1,14,4,1,4
2016010012383,2,3,0,14,0,8,1,7,1,0,4,1,6,1,28,6,125,1,1,6,1,6
2016010012387,1,1,0,18,0,0,0,8,0,0,1,1,6,1,57,9,-1,-1,-1,1,1,1
2016010012387,2,9,0,2,0,0,0,0,0,0,3,1,6,3,-1,-1,3387,1,11,-1,-1,-1
2016010012390,1,9,0,18,9,1,1,10,7,10,1,1,6,1,31,6,1124,1,15,4,1,4
2016010012392,1,1,0,15,0,2,0,0,0,0,1,1,6,1,45,7,-1,-1,-1,5,1,5
2016010012392,2,19,0,18,0,2,0,0,0,0,4,1,6,3,-1,-1,1686,2,13,-1,-1,-1
2016010012397,1,9,0,1,0,8,0,-1,0,0,2,1,6,3,-1,-1,-1,-1,-1,-1,-1,-1
2016010012399,1,9,0,9,0,2,0,0,0,0,1,1,1,1,42,7,1997,2,5,7,1,7
2016010012402,1,9,0,18,0,2,0,0,0,0,4,1,1,1,64,9,-1,-1,-1,8,1,8
2016010012406,1,9,0,18,2,1,0,0,0,0,3,1,6,1,34,6,2967,2,4,6,1,6
2016010012410,1,1,0,18,0,0,0,0,0,0,3,1,6,1,53,8,-1,-1,-1,2,1,2
2016010012410,2,9,0,18,0,0,0,0,0,0,4,1,6,1,36,7,2967,2,2,10,1,10
2016010012415,1,1,0,18,0,3,0,0,0,0,2,1,6,1,49,8,-1,-1,-1,3,1,3
2016010012415,2,19,0,18,0,4,0,0,0,0,1,-1,1,1,51,8,1598,2,-1,1,1,1
2016010012416,1,8,0,18,0,0,0,0,0,0,4,1,1,1,41,7,2402,2,11,8,1,8
2016010012421,1,9,0,18,0,8,0,0,0,0,3,1,2,1,48,8,-1,-1,-1,7,1,7
2016010012421,2,9,0,9,0,8,0,0,0,0,1,1,6,1,23,5,1364,1,6,5,1,5
2016010012424,1,8,0,15,0,1,0,0,0,0,1,1,6,1,66,10,2776,2,1,-1,-1,-1
2016010012424,2,9,0,3,0,1,0,0,0,0,2,1,6,2,41,7,1596,1,6,-1,-1,-1
2016010012428,1,3,0,18,0,8,0,0,0,0,3,1,6,1,25,5,125,1,4,3,1,3
2016010012428,2,9,0,9,0,8,0,0,0,0,1,1,6,2,36,7,-1,-1,-1,3,1,3
2016010012429,1,9,0,3,0,8,0,0,0,0,2,1,6,2,47,8,998,1,10,5,1,5
2016010012429,2,1,0,18,0,8,0,0,0,0,1,1,6,2,35,6,-1,-1,-1,4,1,4
2016010012436,1,19,0,3,0,0,0,0,0,0,3,1,1,1,34,6,2143,2,-1,2,1,2
2016010012436,2,20,0,14,0,0,-1,0,0,0,4,-1,6,3,-1,-1,-1,-1,-1,-1,-1,-1
2016010012440,1,9,0,4,0,1,0,0,0,0,2,1,6,1,35,6,-1,-1,-1,-1,1,-1
2016010012440,2,9,0,-1,0,1,0,-1,0,0,1,-1,6,3,-1,-1,-1,-1,-1,-1,-1,-1
2016010012446,1,2,0,18,0,8,0,0,0,0,1,1,6,1,37,7,-1,-1,-1,-1,-1,-1
2016010012446,2,8,5,9,0,8,0,0,0,0,1,1,1,1,58,9,1968,2,3,1,1,1
2016010012448,1,1,0,18,0,8,0,0,0,0,1,1,2,1,31,6,-1,-1,-1,8,1,8
2016010012448,2,9,0,9,0,8,0,0,0,0,1,-1,6,3,-1,-1,-1,-1,-1,-1,-1,-1
2016010012457,1,9,0,18,0,1,0,0,0,0,2,1,6,2,31,6,1499,1,1,6,1,6
2016010012457,2,9,0,18,0,1,0,0,0,0,1,1,6,1,-1,-1,1596,1,14,4,1,4
2016010012457,3,3,0,11,0,1,0,0,0,0,0,1,1,1,-1,-1,125,1,-1,1,1,1
2016010012459,1,9,0,18,0,2,0,0,0,0,1,1,6,3,-1,-1,2143,2,1,-1,-1,-1
2016010012459,2,4,0,18,0,2,0,0,0,0,2,1,6,1,33,6,599,1,17,9,3,9
2016010012461,1,19,0,9,0,8,0,0,0,0,1,1,6,1,27,6,1753,2,12,9,1,9
2016010012461,2,5,0,18,0,8,0,0,0,0,1,1,6,1,43,7,649,1,16,-1,-1,-1
2016010012471,1,3,0,15,0,1,0,0,0,0,1,1,6,1,25,5,-1,-1,-1,5,1,5
2016010012472,1,1,0,18,0,8,0,-1,-1,-1,1,1,2,1,48,8,-1,-1,-1,3,1,3
2016010012472,2,19,0,7,0,8,0,0,0,0,1,-1,6,3,-1,-1,1560,2,3,-1,-1,-1
2016010012480,1,19,0,6,0,8,0,0,0,0,4,1,6,1,55,8,2402,2,10,-1,-1,-1
2016010012481,1,9,0,18,0,2,0,0,0,0,4,1,6,1,53,8,1796,1,8,7,1,7
2016010012483,1,9,-1,-1,0,0,-1,-1,-1,-1,2,-1,6,1,55,8,2143,2,4,-1,-1,-1
2016010012485,1,8,0,18,0,0,0,0,0,0,1,1,1,2,46,8,1997,2,5,10,3,10
2016010012486,1,2,0,18,2,8,0,0,0,0,3,1,6,1,32,6,49,1,29,4,1,4
2016010012486,2,19,0,7,0,5,0,0,0,0,4,1,6,1,-1,-1,-1,-1,-1,-1,-1,-1
2016010012491,1,9,0,6,0,0,0,0,0,0,2,1,6,1,27,6,1395,1,-1,4,1,4
2016010012491,2,1,0,18,0,0,0,0,0,0,1,1,6,1,33,6,-1,-1,-1,1,1,1
2016010012497,1,9,5,9,0,2,0,0,0,0,1,1,6,1,38,7,1797,8,6,2,1,2
2016010012507,1,3,-1,18,-1,2,-1,0,0,0,1,1,6,3,-1,-1,-1,-1,-1,-1,-1,-1
2016010012510,1,1,0,18,0,8,0,0,0,0,3,1,6,2,34,6,-1,-1,-1,2,1,2
2016010012510,2,9,0,18,0,8,-1,0,0,0,4,-1,6,1,-1,-1,1590,1,13,5,1,5
2016010012512,1,1,0,18,0,-1,0,0,0,0,-1,1,6,1,30,6,-1,-1,-1,2,1,2
2016010012513,1,9,0,4,0,0,0,0,0,0,2,1,6,1,36,7,2494,1,15,4,1,4
2016010012513,2,9,0,18,0,0,0,0,0,0,1,1,6,1,29,6,1798,8,2,4,1,4
2016010012519,1,9,0,9,0,2,0,0,0,0,4,1,6,3,-1,-1,1956,2,7,-1,-1,-1
2016010012526,1,9,0,18,0,8,0,0,0,0,3,1,6,1,25,5,1910,2,11,2,1,2
2016010012526,2,3,0,18,0,8,0,0,0,0,1,1,6,1,19,4,125,1,11,1,1,1
2016010012532,1,3,0,18,0,8,0,0,0,0,3,1,6,1,28,6,125,1,-1,2,1,2
2016010012532,2,19,0,9,0,8,0,0,0,0,4,1,6,1,32,6,1968,2,3,3,1,3
2016010012540,1,9,0,18,0,1,0,0,0,0,1,1,6,3,-1,-1,-1,-1,-1,-1,-1,-1
2016010012561,1,3,0,18,0,1,0,0,0,0,4,1,6,1,36,7,125,1,3,4,1,4
2016010012561,2,9,0,5,0,1,0,0,0,0,3,1,6,3,-1,-1,1395,1,-1,-1,-1,-1
2016010012562,1,9,0,9,0,8,0,0,0,0,4,1,6,3,-1,-1,1229,1,3,-1,-1,-1
2016010012562,2,1,0,18,0,8,0,0,0,0,1,1,6,1,19,4,-1,-1,-1,5,1,5
2016010012577,1,11,0,4,0,1,0,0,0,0,0,1,1,1,60,9,5132,2,1,-1,-1,-1
2016010012592,1,9,0,18,0,-1,-1,0,0,0,1,1,6,3,-1,-1,1299,1,14,-1,-1,-1
2016010012641,1,3,0,9,0,8,0,0,0,0,3,1,6,1,21,5,-1,-1,-1,1,1,1
2016010012641,2,8,0,9,0,8,0,0,0,0,0,1,2,1,-1,-1,1797,8,6,4,1,4
2016010012645,1,1,0,18,0,8,0,0,0,0,1,1,6,1,29,6,-1,-1,-1,2,1,2
2016010012645,2,9,-1,9,0,8,-1,0,0,0,3,-1,6,3,-1,-1,1798,8,1,-1,-1,-1
2016010012646,1,1,0,18,4,0,0,0,0,0,3,1,6,1,30,6,-1,-1,-1,1,1,1
2016010012646,2,9,0,7,0,0,0,0,0,0,4,1,6,2,35,6,1198,1,11,3,1,3
2016010012649,1,9,-1,-1,-1,0,-1,-1,-1,-1,1,-1,6,1,-1,-1,1997,1,14,-1,-1,-1
2016010012651,1,9,0,9,0,8,0,0,0,0,4,1,6,1,38,7,1598,1,9,5,1,5
2016010012651,2,1,0,15,0,1,0,0,0,0,1,1,6,1,29,6,-1,-1,-1,6,1,6
2016010012653,1,3,0,3,0,1,0,0,0,0,2,1,6,1,40,7,125,1,-1,2,1,2
2016010012653,2,9,0,5,0,1,0,0,0,0,1,1,6,3,-1,-1,1995,2,8,-1,-1,-1
2016010012655,1,9,0,3,0,1,0,0,0,0,2,1,6,2,52,8,1598,1,4,10,1,10
2016010012655,2,9,0,18,0,1,0,0,0,0,1,1,6,1,-1,-1,1910,2,9,7,1,7
2016010012657,1,9,0,5,0,1,0,0,0,0,2,1,6,2,36,7,1368,1,1,2,1,2
2016010012657,2,9,0,5,0,1,0,0,0,0,1,1,6,1,18,4,1587,1,15,1,1,1
2016010012658,1,5,0,13,0,8,0,0,0,0,3,1,6,1,46,8,800,1,2,10,1,10
2016010012658,2,9,0,13,0,8,0,0,0,0,3,1,6,3,-1,-1,-1,-1,-1,-1,-1,-1
2016010012659,1,9,-1,5,0,1,-1,0,0,0,1,-1,6,3,-1,-1,-1,-1,-1,-1,-1,-1
2016010012660,1,9,0,18,0,1,0,0,0,0,4,1,6,2,64,9,1240,1,11,4,1,4
2016010012663,1,3,0,3,0,1,0,0,0,0,2,1,2,1,36,7,125,1,2,2,1,2
2016010012663,2,21,0,5,0,1,0,0,0,0,1,1,1,1,33,6,10837,2,3,2,1,2
2016010012666,1,11,0,4,0,0,0,0,0,0,0,1,1,1,42,7,4500,2,1,2,1,2
2016010012667,1,19,0,9,0,6,0,0,0,0,1,1,1,1,60,9,1560,2,2,4,1,4
2016010012667,2,1,0,18,0,8,0,0,0,0,1,1,2,2,44,7,-1,-1,-1,7,1,7
2016010012668,1,9,-1,-1,-1,-1,-1,-1,-1,-1,-1,1,6,1,35,6,1598,1,18,2,1,2
2016010012670,1,9,0,9,0,5,0,0,0,0,3,1,1,1,51,8,1968,2,1,9,1,9
2016010012670,2,1,0,18,0,1,0,0,0,0,1,1,6,1,30,6,-1,-1,-1,3,1,3
2016010012675,1,11,0,18,0,2,0,0,0,0,4,1,1,1,41,7,4500,2,4,2,1,2
2016010012675,2,1,0,12,0,2,0,0,0,0,3,1,2,2,20,4,-1,-1,-1,4,1,4
2016010012680,1,2,0,18,0,8,0,0,0,0,1,1,6,1,20,4,124,1,15,3,1,3
2016010012680,2,9,0,9,0,8,0,0,0,0,4,1,6,1,31,6,1598,1,9,-1,-1,-1
2016010012682,1,9,0,18,0,0,0,0,5,6,3,1,6,2,24,5,1900,2,11,6,1,6
2016010012682,2,9,0,11,0,0,1,0,0,0,4,1,6,1,-1,-1,-1,-1,-1,-1,-1,-1
2016010012684,1,3,0,15,0,8,0,0,0,0,3,1,6,2,36,7,125,1,10,-1,-1,-1
2016010012684,2,8,0,7,0,8,0,0,0,0,4,1,1,1,47,8,1950,2,-1,1,1,1
2016010012688,1,4,0,18,0,0,0,0,0,0,4,1,1,1,21,5,125,1,9,5,1,5
2016010012688,2,4,0,18,0,0,0,0,0,0,0,1,1,1,27,6,109,1,3,7,1,7
2016010012694,1,9,-1,-1,-1,-1,-1,-1,-1,-1,-1,1,6,2,41,7,1364,2,7,3,1,3
2016010012696,1,9,0,18,2,0,0,0,0,0,3,1,6,1,24,5,1796,1,11,-1,-1,-1
2016010012696,2,9,0,11,0,0,0,0,0,0,4,1,6,1,-1,-1,1368,1,1,9,1,9
2016010012696,3,19,0,3,0,0,0,0,0,0,2,1,1,1,-1,-1,-1,-1,-1,-1,-1,-1
2016010012698,1,9,0,9,0,8,0,0,0,0,1,1,6,1,27,6,999,1,-1,1,1,1
2016010012698,2,1,0,18,0,8,0,0,0,0,3,1,6,2,25,5,-1,-1,-1,5,1,5
2016010012703,1,9,0,-1,-1,-1,0,-1,-1,0,-1,1,6,2,33,6,1598,2,5,1,1,1
2016010012703,2,9,0,-1,-1,-1,0,-1,-1,0,-1,-1,6,1,26,6,-1,-1,-1,8,3,8
2016010012704,1,9,0,9,0,5,0,0,0,0,3,1,6,1,47,8,1798,1,8,3,1,3
2016010012704,2,5,0,13,0,1,0,0,0,0,1,1,6,1,31,6,955,1,12,4,1,4
2016010012711,1,19,0,7,0,8,0,0,0,0,4,1,6,1,53,8,1753,2,11,-1,-1,-1
2016010012711,2,1,0,13,0,8,0,0,0,0,1,1,6,1,34,6,-1,-1,-1,6,1,6
2016010012714,1,9,0,18,0,2,0,0,0,0,1,1,6,1,54,8,2143,12,3,2,1,2
2016010012715,1,9,0,9,0,8,0,0,0,0,3,1,6,1,37,7,1587,1,12,5,1,5
2016010012715,2,4,0,18,0,8,0,0,0,0,1,1,6,1,26,6,-1,-1,-1,7,1,7
2016010012716,1,9,0,1,0,0,0,0,0,0,2,1,6,2,-1,-1,-1,-1,-1,-1,-1,-1
2016010012724,1,1,0,18,0,0,0,0,0,0,1,1,6,3,-1,-1,-1,-1,-1,-1,-1,-1
2016010012726,1,9,0,18,0,1,0,0,0,0,3,-1,6,1,39,7,2493,8,4,2,1,2
2016010012726,2,9,0,18,0,1,0,0,0,0,4,-1,6,1,-1,-1,1390,1,5,-1,-1,-1
2016010012729,1,9,0,9,0,8,0,0,0,0,3,1,6,2,53,8,1341,1,12,9,1,9
2016010012729,2,9,0,18,0,8,0,0,0,0,1,1,6,1,27,6,1968,2,4,2,1,2
2016010012732,1,3,5,9,0,8,0,0,0,0,3,1,6,1,30,6,125,1,-1,3,1,3
2016010012734,1,9,0,9,0,8,0,0,0,0,1,1,6,1,52,8,-1,-1,-1,7,1,7
2016010012734,2,1,0,9,0,8,0,0,0,0,3,1,6,1,57,9,-1,-1,-1,3,1,3
2016010012738,1,11,0,18,0,2,0,0,0,0,1,1,1,1,29,6,-1,-1,-1,2,1,2
2016010012740,1,1,0,18,0,2,0,4,0,0,1,1,6,1,-1,-1,-1,-1,-1,-1,-1,-1
2016010012740,2,19,0,2,0,2,0,0,0,0,2,1,6,3,-1,-1,-1,-1,-1,-1,-1,-1
2016010012745,1,1,0,15,0,2,0,8,0,0,1,1,6,1,49,8,-1,-1,-1,9,1,9
2016010012745,2,19,0,3,0,2,0,0,0,0,4,1,6,1,31,6,2198,2,1,-1,-1,-1
2016010012746,1,1,0,15,0,0,0,0,0,0,4,1,6,1,38,7,-1,-1,-1,4,1,4
2016010012748,1,9,0,18,0,2,-1,10,1,2,1,-1,6,1,19,4,1149,1,5,-1,-1,-1
2016010012751,1,19,0,5,0,1,0,0,0,0,1,1,6,1,-1,-1,2402,2,5,-1,-1,-1