Accident_Index,Vehicle_Reference,Vehicle_Type,Towing_and_Articulation,Vehicle_Manoeuvre,Vehicle_Location-Restricted_Lane,Junction_Location,Skidding_and_Overturning,Hit_Object_in_Carriageway,Vehicle_Leaving_Carriageway,Hit_Object_off_Carriageway,1st_Point_of_Impact,Was_Vehicle_Left_Hand_Drive?,Journey_Purpose_of_Driver,Sex_of_Driver,Age_of_Driver,Age_Band_of_Driver,Engine_Capacity_(CC),Propulsion_Code,Age_of_Vehicle,Driver_IMD_Decile,Driver_Home_Area_Type,Vehicle_IMD_Decile
2016010013507,1,1,0,18,0,1,0,0,0,0,1,1,2,1,36,7,-1,-1,-1,9,1,9
2016010013507,2,9,0,9,0,8,0,0,0,0,1,1,6,2,23,5,1242,1,1,10,1,10
2016010013508,1,9,0,9,0,8,0,0,0,0,3,1,6,1,42,7,1598,1,1,10,1,10
2016010013509,1,9,0,18,0,1,0,0,0,0,2,1,6,1,26,6,1598,1,14,2,1,2
2016010013509,2,9,0,18,0,1,0,0,0,0,1,1,6,3,-1,-1,2000,1,16,-1,-1,-1
2016010013510,1,9,0,9,0,8,0,0,0,0,1,1,6,3,-1,-1,1198,1,2,-1,-1,-1
2016010013510,2,1,0,18,0,8,0,0,0,0,4,1,6,1,27,6,-1,-1,-1,3,1,3
2016010013512,1,1,0,13,0,1,0,0,0,0,1,1,2,1,31,6,-1,-1,-1,8,1,8
2016010013512,2,19,0,9,0,8,0,0,0,0,3,2,1,1,31,6,1560,2,1,3,1,3
2016010013513,1,9,0,3,0,1,0,0,0,0,2,1,6,1,61,9,1998,1,16,3,1,3
2016010013513,2,9,0,11,0,1,0,0,0,0,1,1,6,2,-1,-1,1988,1,13,3,1,3
2016010013514,1,5,0,9,0,8,0,0,0,0,4,1,6,1,45,7,659,1,7,2,1,2
2016010013514,2,9,0,9,0,5,0,0,0,0,1,1,6,1,28,6,1796,1,9,5,1,5
2016010013515,1,11,0,18,0,1,0,0,0,0,0,1,1,1,37,7,-1,-1,-1,4,1,4
2016010013517,1,9,0,4,0,1,0,0,0,0,2,1,6,1,32,6,4499,1,1,10,1,10
2016010013517,2,9,0,18,0,1,0,0,0,0,1,1,6,2,86,11,-1,-1,-1,8,1,8
2016010013518,1,8,0,18,0,0,0,0,0,0,2,1,1,1,46,8,1598,1,3,4,1,4
2016010013518,2,2,0,18,0,0,0,0,0,0,1,1,6,1,22,5,124,1,6,2,1,2
2016010013519,1,8,0,18,0,8,0,0,0,0,3,-1,6,1,51,8,1995,2,3,3,1,3
2016010013519,2,9,0,9,0,8,0,0,0,0,1,-1,6,1,-1,-1,3199,1,16,10,1,10
2016010013520,1,9,0,4,0,1,0,0,0,0,2,1,6,1,37,7,1968,2,4,3,1,3
2016010013520,2,9,0,18,0,1,0,0,0,0,1,1,1,1,33,6,998,1,18,3,1,3
2016010013521,1,9,0,4,0,0,0,0,0,0,2,1,6,1,27,6,1995,2,5,2,1,2
2016010013521,2,9,0,18,0,0,0,0,0,0,1,1,6,1,61,9,1360,1,13,2,1,2
2016010013522,1,19,0,1,9,8,0,0,0,0,2,1,6,1,39,7,2198,2,4,9,1,9
2016010013523,1,9,0,14,0,1,0,0,0,0,4,1,6,3,-1,-1,1968,2,5,-1,-1,-1
2016010013524,1,19,0,4,0,0,0,0,0,0,2,1,1,1,-1,-1,-1,-1,-1,-1,-1,-1
2016010013524,2,8,0,4,0,0,0,0,0,0,2,1,1,1,56,9,2499,2,8,8,1,8
2016010013524,3,19,0,4,0,0,0,0,1,0,1,1,6,1,43,7,1995,2,8,9,1,9
2016010013525,1,8,0,5,0,8,0,0,0,0,1,2,1,1,46,8,1997,2,4,3,1,3
2016010013525,2,1,0,9,0,8,0,0,0,0,4,1,2,2,31,6,-1,-1,-1,5,1,5
2016010013526,1,9,0,18,0,8,0,0,0,0,1,1,2,1,47,8,2365,1,14,5,1,5
2016010013526,2,9,0,9,0,8,0,0,0,0,4,1,2,1,50,8,2460,2,11,4,1,4
2016010013528,1,3,0,3,0,2,0,0,0,0,2,1,6,1,16,4,49,1,11,2,1,2
2016010013528,2,9,0,9,0,2,0,0,0,0,1,1,6,3,-1,-1,-1,-1,-1,-1,-1,-1
2016010013530,1,9,0,9,0,8,0,0,0,0,4,1,6,1,18,4,998,1,2,4,1,4
2016010013530,2,1,0,18,0,1,0,0,0,0,1,1,6,1,41,7,-1,-1,-1,10,1,10
2016010013531,1,9,0,14,0,1,0,0,0,0,3,1,6,1,48,8,1596,1,1,3,1,3
2016010013533,1,11,0,7,0,1,0,0,0,0,2,1,1,1,57,9,9360,2,4,3,1,3
2016010013533,2,11,0,7,0,1,0,0,0,0,1,1,1,1,-1,-1,4461,2,3,-1,-1,-1
2016010013534,1,9,0,5,0,1,0,0,0,0,2,1,6,1,30,6,1348,1,15,2,1,2
2016010013534,2,9,0,5,0,1,0,0,0,0,1,1,6,1,34,6,-1,-1,-1,3,1,3
2016010013535,1,9,0,9,0,8,0,0,0,0,1,1,6,1,70,10,2987,2,10,9,1,9
2016010013535,2,1,0,18,0,8,0,0,0,0,1,1,6,1,35,6,-1,-1,-1,5,1,5
2016010013538,1,9,0,9,0,8,0,0,0,0,1,1,6,2,46,8,1199,1,15,4,1,4
2016010013539,1,3,0,9,0,1,0,0,0,0,4,1,1,1,38,7,108,1,8,4,1,4
2016010013539,2,9,0,9,0,1,0,0,0,0,3,1,1,1,25,5,1995,2,3,4,1,4
2016010013541,1,9,0,4,0,1,0,0,0,0,2,1,6,2,55,8,1984,1,14,4,1,4
2016010013541,2,9,0,18,0,1,0,0,0,0,1,1,6,2,48,8,999,1,8,7,1,7
2016010013542,1,9,0,9,0,1,0,0,0,0,3,2,6,1,55,8,5461,1,-1,3,1,3
2016010013542,2,4,0,13,0,1,0,0,0,0,1,1,1,1,37,7,124,1,8,-1,-1,-1
2016010013641,1,19,0,17,0,0,0,0,0,0,3,1,6,1,56,9,-1,-1,-1,4,1,4
2016010013641,2,19,0,11,0,0,0,0,0,0,1,1,1,1,31,6,-1,-1,-1,6,2,6
2016010013647,1,9,-1,18,0,0,0,0,0,0,-1,1,6,2,17,4,1398,1,1,-1,-1,-1
2016010013657,1,9,0,9,0,2,0,4,0,0,1,1,6,2,47,8,1390,1,4,4,1,4
2016010013657,2,9,0,3,0,2,0,0,0,0,2,1,6,1,34,6,2987,2,1,2,1,2
2016010013662,1,9,0,18,0,1,0,0,0,0,1,1,2,1,24,5,1995,2,11,5,1,5
2016010013662,2,9,0,4,0,1,0,0,0,0,2,1,2,2,34,6,2143,2,6,2,1,2
2016010013664,1,9,-1,18,0,8,0,0,0,0,4,-1,6,2,17,4,1598,2,6,-1,-1,-1
2016010013664,2,9,-1,18,0,8,0,0,0,0,1,-1,6,2,45,7,1360,1,11,2,1,2
2016010013669,1,9,0,9,0,8,0,0,0,0,4,1,6,2,26,6,1598,2,-1,1,1,1
2016010013669,2,9,0,18,0,8,0,0,0,0,1,1,6,1,35,6,1998,1,11,3,1,3
2016010013675,1,9,0,4,0,0,0,0,0,0,2,1,2,2,35,6,3199,1,14,2,1,2
2016010013675,2,19,0,18,0,0,0,0,0,0,1,1,6,1,35,6,2402,2,11,7,1,7
2016010013689,1,9,0,18,0,2,0,0,0,0,1,1,6,1,-1,-1,1798,8,1,-1,-1,-1
2016010013700,1,9,0,9,0,8,0,0,0,0,1,1,6,1,50,8,1895,1,16,2,1,2
2016010013700,2,9,0,18,0,8,0,0,0,0,3,1,6,1,43,7,2143,2,7,5,1,5
2016010013701,1,4,0,18,0,0,1,0,0,0,1,1,2,1,27,6,498,1,10,1,1,1
2016010013701,2,21,0,18,0,0,0,0,0,0,2,1,1,1,61,9,7790,2,5,9,1,9
2016010013701,3,21,0,18,0,0,0,0,0,0,2,1,1,1,-1,-1,9365,2,8,-1,-1,-1
2016010013710,1,9,0,5,0,1,0,0,0,0,3,1,6,2,80,11,1229,1,11,6,1,6
2016010013710,2,1,0,18,0,1,0,0,0,0,4,1,6,1,26,6,-1,-1,-1,2,1,2
2016010013715,1,9,-1,-1,-1,-1,-1,-1,-1,-1,2,-1,6,1,37,7,1995,2,8,4,1,4
2016010013715,2,19,-1,-1,-1,-1,-1,-1,-1,-1,-1,-1,6,3,-1,-1,2402,2,5,-1,-1,-1
2016010013720,1,9,0,5,0,8,0,0,0,0,1,1,6,1,24,5,1968,2,11,3,1,3
2016010013720,2,9,0,18,0,8,0,0,0,0,3,1,6,2,28,6,1398,1,1,3,1,3
2016010013727,1,9,0,18,0,2,0,0,0,0,1,1,1,1,35,6,998,1,17,2,1,2
2016010013741,1,9,0,3,0,2,0,0,0,0,4,1,6,2,39,7,2188,2,9,-1,-1,-1
2016010013741,2,90,0,18,9,2,0,0,7,10,3,1,6,2,75,10,-1,-1,-1,2,1,2
2016010013765,1,9,0,9,0,8,0,0,0,0,1,1,6,1,37,7,1968,2,10,2,1,2
2016010013765,2,1,0,18,0,8,0,0,0,0,1,1,6,1,19,4,-1,-1,-1,3,1,3
2016010013775,1,9,0,18,0,8,0,0,0,0,1,1,6,1,29,6,1997,1,7,2,1,2
2016010013775,2,9,0,9,0,8,0,0,0,0,4,1,6,1,34,6,1998,1,9,1,1,1
2016010013784,1,9,0,18,0,8,0,7,0,0,3,1,6,1,29,6,1388,1,10,6,1,6
2016010013784,2,9,0,5,0,8,0,0,0,0,1,1,6,1,59,9,1997,2,13,5,1,5
2016010013824,1,2,0,5,0,1,0,0,0,0,1,1,6,3,-1,-1,108,1,2,-1,-1,-1
2016010013827,1,11,0,5,0,1,0,0,0,0,4,1,1,1,33,6,5132,2,1,-1,-1,-1
2016010013834,1,19,0,5,0,0,0,0,0,0,4,1,1,1,42,7,12740,2,4,1,1,1
2016010013835,1,9,0,9,0,8,0,0,0,0,2,1,6,1,51,8,1198,1,4,-1,-1,-1
2016010013835,2,9,0,18,0,8,0,0,0,0,1,1,6,2,-1,-1,-1,-1,-1,-1,-1,-1
2016010013840,1,8,0,10,0,8,0,0,0,0,2,1,1,1,-1,-1,1798,8,1,3,1,3
2016010013840,2,9,0,18,0,8,0,0,0,0,1,1,6,2,53,8,1992,2,9,-1,-1,-1
2016010013843,1,2,0,18,0,1,0,0,0,0,3,1,6,1,48,8,124,1,2,4,1,4
2016010013843,2,9,-1,13,0,1,0,0,0,0,4,-1,6,3,-1,-1,1998,1,3,-1,-1,-1
2016010013855,1,19,0,18,0,1,0,0,0,0,1,1,1,1,29,6,2143,2,4,5,1,5
2016010013855,2,9,0,6,0,1,0,0,0,0,3,1,6,2,29,6,1910,2,9,7,1,7
2016010013856,1,9,0,18,0,2,0,0,0,0,1,1,6,1,-1,-1,1364,1,1,2,1,2
2016010013857,1,1,-1,18,0,-1,-1,0,0,0,-1,1,6,1,15,3,-1,-1,-1,3,1,3
2016010013857,2,9,0,18,0,-1,0,0,0,0,-1,-1,6,1,-1,-1,-1,-1,-1,-1,-1,-1
2016010013863,1,9,0,18,0,0,0,0,0,0,1,1,6,1,31,6,-1,-1,-1,6,1,6
2016010013865,1,9,-1,-1,-1,0,-1,0,-1,0,2,-1,6,1,53,8,1390,1,3,3,1,3
2016010013877,1,9,-1,-1,-1,-1,-1,-1,-1,-1,-1,1,6,1,43,7,1797,8,6,-1,-1,-1
2016010013880,1,9,0,5,0,8,0,0,0,0,3,1,6,2,24,5,1248,2,9,4,1,4
2016010013880,2,9,0,18,0,8,0,0,0,0,1,1,6,1,24,5,-1,-1,-1,5,1,5
2016010013884,1,9,0,18,0,2,0,0,0,0,3,1,6,3,-1,-1,-1,-1,-1,-1,-1,-1
2016010013891,1,8,0,3,0,0,0,0,0,0,4,1,1,1,43,7,1797,8,6,3,1,3
2016010013891,2,1,0,15,0,0,0,8,0,0,3,1,6,1,-1,-1,-1,-1,-1,-1,-1,-1
2016010013901,1,9,0,6,0,2,0,0,0,0,1,1,1,1,42,7,1598,2,1,9,1,9
2016010013901,2,4,0,18,0,1,0,0,0,0,1,1,6,1,21,5,124,1,4,1,1,1
2016010013911,1,9,0,3,0,1,0,0,0,0,2,1,6,2,30,6,1598,1,5,1,1,1
2016010013911,2,9,0,5,0,1,0,0,0,0,1,1,6,1,-1,-1,-1,-1,-1,-1,-1,-1
2016010013914,1,9,0,10,0,8,0,0,0,0,3,1,6,1,-1,-1,999,1,1,4,1,4
2016010013914,2,21,0,14,0,8,0,0,0,0,4,1,6,3,-1,-1,12777,2,1,-1,-1,-1
2016010013915,1,9,0,7,0,5,0,0,0,0,4,1,6,1,65,9,2316,1,20,4,1,4
2016010013915,2,1,0,18,0,1,0,0,0,0,3,1,2,1,49,8,-1,-1,-1,1,1,1
2016010013921,1,1,-1,18,0,1,0,0,0,0,1,1,6,1,24,5,-1,-1,-1,-1,1,-1
2016010013921,2,9,-1,-1,0,-1,-1,-1,-1,-1,-1,1,6,3,-1,-1,-1,-1,-1,-1,-1,-1
2016010013923,1,11,0,18,0,8,0,0,0,0,0,1,1,1,46,8,9360,2,6,5,1,5
2016010013927,1,9,0,9,0,1,0,0,0,0,1,1,6,1,31,6,1798,1,4,1,1,1
2016010013927,2,9,0,10,0,1,0,0,0,0,2,1,1,1,26,6,1582,2,3,-1,-1,-1
2016010013933,1,9,0,9,0,8,0,0,0,0,3,1,6,1,56,9,1595,1,5,3,1,3
2016010013933,2,3,0,14,0,8,0,0,0,0,4,1,6,1,25,5,125,1,-1,1,1,1
2016010013943,1,9,0,18,0,1,0,0,0,0,1,1,6,3,-1,-1,-1,-1,-1,-1,-1,-1
2016010013945,1,9,0,12,0,1,0,0,0,0,1,1,6,1,27,6,2987,2,9,3,1,3
2016010013945,2,9,0,18,0,1,0,0,0,0,2,1,6,1,34,6,1968,2,5,5,1,5
2016010013950,1,11,0,18,0,1,0,0,0,0,0,1,1,1,35,6,4760,2,5,5,1,5
2016010013951,1,9,0,7,0,8,0,0,0,0,3,1,6,2,23,5,1198,1,1,4,1,4
2016010013951,2,1,0,18,0,8,0,0,0,0,4,1,6,2,33,6,-1,-1,-1,2,1,2
2016010013961,1,19,0,7,0,5,0,0,0,0,4,1,1,1,44,7,12777,2,2,8,1,8
2016010013961,2,1,0,18,0,1,0,0,0,0,3,1,6,2,36,7,-1,-1,-1,3,1,3
2016010013962,1,3,0,18,0,1,0,0,0,0,1,1,1,1,24,5,-1,-1,-1,2,1,2
2016010013962,2,9,0,9,0,8,0,0,0,0,3,1,6,1,-1,-1,1997,1,4,-1,-1,-1
2016010013976,1,1,0,18,0,2,0,0,0,0,4,1,6,1,34,6,-1,-1,-1,4,1,4
2016010013976,2,9,0,18,0,2,0,0,0,0,1,-1,6,3,-1,-1,-1,-1,-1,-1,-1,-1
2016010013984,1,1,0,18,0,8,0,0,0,0,1,1,6,1,47,8,-1,-1,-1,3,1,3
2016010013984,2,9,0,9,0,8,0,0,0,0,3,1,6,3,-1,-1,-1,-1,-1,-1,-1,-1
2016010013990,1,1,0,18,0,1,0,0,0,0,3,1,2,1,32,6,-1,-1,-1,2,1,2
2016010013990,2,9,0,7,0,5,0,0,0,0,4,-1,6,3,-1,-1,-1,-1,-1,-1,-1,-1
2016010014000,1,8,0,18,0,1,0,0,0,0,0,-1,6,3,-1,-1,2664,2,15,-1,-1,-1
2016010014001,1,1,0,10,0,8,0,0,0,0,3,1,6,1,60,9,-1,-1,-1,3,1,3
2016010014001,2,9,0,9,0,8,0,0,0,0,1,1,6,1,-1,-1,2143,2,-1,-1,-1,-1
2016010014003,1,9,0,9,0,8,0,0,0,0,3,1,6,1,33,6,1988,1,15,8,1,8
2016010014003,2,9,0,18,0,8,0,0,0,0,4,1,6,1,63,9,1997,2,3,2,1,2
2016010014014,1,9,0,14,0,1,0,0,0,0,4,1,6,1,-1,-1,-1,-1,-1,-1,-1,-1
2016010014018,1,11,0,18,0,0,0,0,0,0,0,1,1,1,54,8,4500,2,1,2,1,2
2016010014020,1,9,0,9,0,8,0,0,0,0,1,1,6,3,-1,-1,-1,-1,-1,-1,-1,-1
2016010014023,1,4,0,18,0,2,5,-1,-1,-1,-1,1,6,1,32,6,-1,-1,-1,3,1,3
2016010014106,1,8,0,18,0,0,0,0,0,0,1,1,1,1,45,7,1497,8,7,2,1,2
2016010014109,1,9,0,18,0,0,0,0,0,0,1,1,2,1,28,6,1364,1,8,5,1,5
2016010014109,2,9,0,13,0,0,0,0,0,0,1,-1,6,3,-1,-1,1895,1,16,-1,-1,-1
2016010014115,1,9,0,2,-1,-1,0,0,0,0,3,-1,6,3,-1,-1,-1,-1,-1,-1,-1,-1
2016010014115,2,9,0,-1,0,8,0,0,0,0,3,-1,6,3,-1,-1,-1,-1,-1,-1,-1,-1
2016010014127,1,9,0,4,0,2,0,0,0,0,2,1,6,1,30,6,1896,2,10,2,1,2
2016010014127,2,11,0,18,0,2,0,0,0,0,1,1,1,2,41,7,4500,2,1,-1,-1,-1
2016010014135,1,9,-1,4,0,0,-1,-1,-1,-1,-1,-1,6,1,43,7,1560,2,2,3,1,3
2016010014135,2,11,-1,-1,0,0,-1,-1,-1,-1,-1,-1,6,1,-1,-1,7300,2,12,-1,-1,-1
2016010014135,3,9,-1,-1,0,0,-1,-1,-1,-1,-1,-1,6,1,-1,-1,998,1,1,-1,-1,-1
2016010014142,1,11,0,9,0,8,0,0,0,0,0,1,1,1,45,7,6692,2,7,4,1,4
2016010014143,1,1,-1,-1,0,1,-1,-1,0,0,2,1,6,1,59,9,-1,-1,-1,-1,1,-1
2016010014143,2,19,-1,-1,0,1,-1,-1,-1,-1,-1,-1,6,3,-1,-1,-1,-1,-1,-1,-1,-1
2016010014146,1,9,0,18,0,8,0,0,0,0,-1,-1,6,1,32,6,1998,2,10,3,1,3
2016010014146,2,9,-1,13,0,1,-1,0,0,0,-1,-1,6,3,-1,-1,3200,1,13,-1,-1,-1
2016010014148,1,9,0,18,0,8,0,0,0,0,1,1,6,1,35,6,1796,1,12,4,1,4
2016010014148,2,9,0,18,0,8,0,0,0,0,4,1,1,1,26,6,-1,-1,-1,3,1,3
2016010014159,1,9,0,9,0,8,0,0,0,0,4,1,2,1,29,6,2204,2,9,4,1,4
2016010014159,2,5,0,18,0,8,0,0,0,0,1,1,6,1,48,8,279,1,2,3,1,3
2016010014169,1,9,0,9,0,8,0,0,0,0,1,1,2,2,46,8,1796,1,9,2,1,2
2016010014169,2,9,0,18,0,8,0,0,0,0,3,1,2,2,29,6,1560,2,9,2,1,2
2016010014189,1,3,0,13,0,8,0,0,0,0,1,1,2,2,46,8,124,1,3,7,1,7
2016010014189,2,9,0,9,0,8,0,0,0,0,3,1,2,1,24,5,1388,1,20,3,1,3
2016010014205,1,19,0,3,0,1,0,0,0,0,3,-1,1,1,-1,-1,2198,2,-1,-1,-1,-1
2016010014205,2,1,0,18,0,1,0,0,0,0,4,1,2,1,26,6,-1,-1,-1,7,1,7
2016010014230,1,9,0,9,0,6,0,0,0,0,1,-1,6,2,38,7,1598,1,7,4,1,4
2016010014230,2,9,0,18,0,1,0,0,0,0,4,-1,6,1,17,4,2324,1,15,10,1,10
2016010014243,1,9,0,18,0,8,0,0,0,0,1,1,6,1,59,9,1895,1,16,3,1,3
2016010014243,2,9,0,9,0,8,0,0,0,0,4,1,6,1,32,6,2143,2,5,2,1,2
2016010014249,1,9,0,18,0,0,0,-1,-1,-1,-1,1,6,2,22,5,-1,-1,-1,-1,1,-1
2016010014249,2,19,0,18,0,0,-1,-1,-1,-1,-1,1,6,1,17,4,-1,-1,-1,-1,1,-1
2016010014256,1,8,0,18,0,8,0,0,0,0,3,1,1,1,47,8,1956,2,4,1,1,1
2016010014256,2,1,0,18,0,8,0,0,0,0,1,1,6,1,44,7,-1,-1,-1,2,1,2
2016010014263,1,1,0,18,0,1,0,0,0,0,3,1,2,1,32,6,-1,-1,-1,2,1,2
2016010014263,2,9,0,7,0,5,0,0,0,0,4,-1,6,3,-1,-1,1995,2,2,-1,-1,-1
2016010014272,1,1,0,18,0,2,0,0,0,0,3,1,6,1,42,7,-1,-1,-1,5,1,5
2016010014272,2,19,0,13,0,2,0,0,0,0,4,-1,6,3,-1,-1,-1,-1,-1,-1,-1,-1
2016010014407,1,11,0,-1,2,-1,0,-1,0,0,-1,-1,1,1,-1,-1,-1,-1,-1,-1,-1,-1
2016010014407,2,9,-1,-1,0,-1,-1,-1,-1,-1,-1,-1,6,3,-1,-1,-1,-1,-1,-1,-1,-1
2016010014413,1,11,-1,-1,-1,-1,-1,-1,-1,-1,-1,-1,6,1,-1,-1,-1,-1,-1,5,1,5
2016010014425,1,9,0,3,0,1,0,0,0,0,2,1,6,1,45,7,996,1,6,6,1,6
2016010014425,2,9,0,18,0,1,0,0,0,0,1,-1,6,1,-1,-1,1364,1,11,-1,-1,-1
2016010014483,1,9,0,4,0,-1,0,0,-1,0,1,-1,6,1,54,8,-1,-1,-1,-1,2,-1
2016010014483,2,9,-1,4,0,-1,-1,-1,-1,-1,-1,-1,6,1,17,4,-1,-1,-1,-1,1,-1
2016010014567,1,1,-1,18,0,2,-1,-1,-1,-1,-1,1,6,3,-1,-1,-1,-1,-1,-1,-1,-1
2016010014597,1,1,0,18,0,2,0,0,0,0,0,1,6,1,35,6,-1,-1,-1,-1,1,-1
2016010014860,1,1,0,18,0,8,-1,0,0,0,4,1,6,1,-1,-1,-1,-1,-1,7,1,7
2016010014860,2,9,-1,-1,0,8,-1,0,0,0,1,-1,6,2,-1,-1,-1,-1,-1,-1,-1,-1
2016010014872,1,9,0,-1,0,1,0,0,0,0,1,-1,6,1,-1,-1,2993,2,6,-1,-1,-1
2016010015048,1,9,-1,3,-1,8,-1,-1,-1,-1,2,1,6,1,53,8,-1,-1,-1,-1,1,-1
2016010015048,2,3,-1,-1,-1,8,-1,-1,-1,-1,-1,1,6,1,40,7,-1,-1,-1,-1,1,-1
2016010015059,1,9,-1,18,0,0,0,0,0,0,3,-1,6,2,45,7,-1,-1,-1,2,1,2
2016010015130,1,9,0,1,0,8,0,0,0,0,2,-1,6,1,21,5,-1,-1,-1,1,1,1
2016010015305,1,9,-1,-1,-1,-1,-1,-1,-1,0,2,-1,6,1,37,7,2979,1,1,9,1,9
2016010015305,2,9,-1,-1,-1,-1,-1,-1,-1,-1,-1,-1,6,3,-1,-1,1998,1,-1,-1,-1,-1
2016010015305,3,19,-1,-1,-1,-1,-1,-1,-1,-1,-1,-1,6,1,-1,-1,1968,2,-1,-1,-1,-1
2016010015305,4,9,-1,-1,-1,-1,-1,-1,-1,-1,-1,-1,6,1,-1,-1,1798,8,3,-1,-1,-1
2016010015486,1,9,-1,-1,-1,-1,-1,-1,-1,-1,1,-1,6,3,-1,-1,-1,-1,-1,-1,-1,-1
2016010015572,1,9,-1,18,0,1,-1,0,0,0,1,-1,6,1,17,4,-1,-1,-1,-1,-1,-1
2016010015600,1,9,0,18,-1,1,0,0,0,0,1,-1,6,3,-1,-1,-1,-1,-1,-1,-1,-1
2016010015601,1,9,-1,18,-1,1,-1,0,0,0,2,-1,6,1,42,7,1796,1,12,2,1,2
2016010015601,2,9,-1,18,-1,1,-1,0,0,0,1,-1,6,3,-1,-1,1798,1,2,-1,-1,-1
2016010015604,1,1,-1,18,0,8,-1,0,0,0,1,1,6,1,35,6,-1,-1,-1,6,1,6
2016010015604,2,9,0,-1,0,8,0,0,0,0,1,-1,6,3,-1,-1,2171,1,14,-1,-1,-1
2016010015614,1,1,0,9,0,8,-1,0,0,0,-1,1,6,1,29,6,-1,-1,-1,3,1,3
2016010015614,2,19,-1,7,0,8,0,-1,-1,0,-1,-1,6,3,-1,-1,1968,2,1,-1,-1,-1
2016010015642,1,9,0,8,0,1,0,0,0,0,2,1,6,1,44,7,-1,-1,-1,-1,1,-1
2016010015642,2,9,0,-1,0,1,0,0,0,0,1,-1,6,1,17,4,-1,-1,-1,-1,-1,-1
2016010015654,1,9,0,-1,0,0,0,0,0,0,-1,1,6,3,-1,-1,-1,-1,-1,-1,-1,-1
2016010015905,1,11,0,5,0,1,0,0,0,0,0,1,1,1,35,6,5132,2,2,3,1,3
2016010015991,1,1,0,18,-1,-1,-1,-1,-1,-1,-1,1,6,2,25,5,-1,-1,-1,-1,1,-1
2016010015991,2,9,-1,18,-1,-1,-1,-1,-1,-1,-1,-1,6,2,17,4,-1,-1,-1,-1,1,-1
2016010016012,1,9,-1,18,0,0,-1,-1,0,0,1,1,6,3,-1,-1,-1,-1,-1,-1,-1,-1
2016010016137,1,9,-1,4,0,1,0,0,0,0,-1,-1,3,2,-1,-1,1596,1,13,3,1,3
2016010016137,2,9,0,-1,0,-1,0,0,-1,0,-1,-1,6,1,-1,-1,1995,2,9,3,1,3
2016010016140,1,9,0,3,0,8,0,-1,-1,2,1,1,6,1,34,6,1995,2,5,3,1,3
2016010016140,2,19,5,18,0,8,0,0,0,0,2,1,6,3,-1,-1,2143,2,-1,-1,-1,-1
2016010016156,1,1,-1,18,0,1,-1,0,0,0,2,1,6,1,55,8,-1,-1,-1,6,1,6
2016010016156,2,9,-1,18,0,1,-1,0,0,0,1,-1,6,1,17,4,1798,1,7,-1,-1,-1
2016010016197,1,9,0,3,0,1,0,0,0,0,2,-1,6,1,25,5,1998,1,8,-1,-1,-1
2016010016197,2,9,0,18,0,1,0,0,0,0,1,-1,6,1,-1,-1,1798,1,7,-1,-1,-1
2016010016409,1,9,0,3,0,1,0,0,0,0,2,-1,6,1,60,9,1298,1,14,4,1,4
2016010016409,2,9,-1,4,0,1,0,0,0,0,1,-1,6,1,17,4,1199,1,14,-1,-1,-1
2016010016618,1,9,0,1,0,2,0,0,0,0,2,1,6,1,-1,-1,1910,2,7,4,1,4
2016010016632,1,9,0,18,0,4,0,0,0,0,1,1,6,1,55,8,1796,1,5,2,1,2
2016010016632,2,3,0,9,0,8,0,0,0,0,4,1,6,1,32,6,125,1,-1,8,1,8
2016010016720,1,9,-1,-1,0,-1,-1,-1,0,0,1,-1,6,3,-1,-1,-1,-1,-1,-1,-1,-1
2016010016739,1,11,0,5,0,8,0,0,0,0,1,1,1,1,74,10,9360,2,6,3,1,3
2016010016741,1,9,0,18,4,0,0,0,0,0,4,1,2,1,39,7,1329,1,4,-1,-1,-1
2016010016741,2,1,0,18,4,0,0,0,0,0,3,1,6,2,27,6,-1,-1,-1,-1,-1,-1
2016010016746,1,9,0,18,0,8,0,0,0,0,1,1,6,1,24,5,1388,1,9,-1,-1,-1
2016010016746,2,9,0,9,0,8,0,0,0,0,4,1,6,1,26,6,1242,1,9,6,1,6
2016010016747,1,9,0,18,0,8,0,0,0,0,2,1,6,2,36,7,1598,1,8,2,1,2
2016010016747,2,8,0,18,0,8,0,0,0,0,1,1,1,1,62,9,-1,-1,-1,6,1,6
2016010016751,1,9,0,18,0,0,0,0,0,0,2,1,6,2,19,4,1390,1,8,2,1,2
2016010016751,2,9,0,18,0,0,0,0,0,0,2,1,6,1,50,8,-1,-1,-1,1,1,1
2016010016752,1,9,0,6,0,8,0,0,0,0,1,1,6,3,-1,-1,-1,-1,-1,-1,-1,-1
2016010016752,2,9,0,18,0,8,5,0,0,0,1,1,6,2,50,8,2231,2,3,8,1,8
2016010016754,1,9,0,18,0,1,0,0,0,0,3,1,6,1,54,8,1497,8,8,3,1,3
2016010016754,2,9,0,7,0,8,0,0,0,0,0,1,6,2,32,6,1598,1,7,3,1,3
2016010016754,3,4,0,18,0,1,0,0,0,0,3,1,6,1,39,7,998,1,12,4,1,4
2016010016758,1,20,0,3,0,2,0,0,0,0,2,1,6,1,32,6,-1,-1,-1,5,1,5
2016010016758,2,11,0,18,0,2,0,0,0,0,1,1,1,1,56,9,4500,2,1,-1,-1,-1
2016010016758,3,9,0,3,0,2,0,0,0,0,2,1,6,1,-1,-1,1596,1,-1,-1,-1,-1
2016010016761,1,19,0,9,0,8,0,0,0,0,3,1,1,1,44,7,1896,2,7,5,1,5
2016010016761,2,9,0,13,0,8,0,0,0,0,4,-1,6,3,-1,-1,-1,-1,-1,-1,-1,-1
2016010016762,1,9,0,18,0,8,0,0,0,0,1,1,6,1,22,5,1364,2,9,2,1,2
2016010016762,2,9,0,9,0,8,0,0,0,0,3,1,6,1,23,5,1598,2,4,3,1,3