Accident_Index,Vehicle_Reference,Vehicle_Type,Towing_and_Articulation,Vehicle_Manoeuvre,Vehicle_Location-Restricted_Lane,Junction_Location,Skidding_and_Overturning,Hit_Object_in_Carriageway,Vehicle_Leaving_Carriageway,Hit_Object_off_Carriageway,1st_Point_of_Impact,Was_Vehicle_Left_Hand_Drive?,Journey_Purpose_of_Driver,Sex_of_Driver,Age_of_Driver,Age_Band_of_Driver,Engine_Capacity_(CC),Propulsion_Code,Age_of_Vehicle,Driver_IMD_Decile,Driver_Home_Area_Type,Vehicle_IMD_Decile
2016010016762,3,9,0,8,0,8,0,0,0,0,3,1,6,2,25,5,1598,1,8,2,1,2
2016010016763,1,9,0,18,0,0,0,4,0,0,3,1,6,1,21,5,1395,1,1,-1,-1,-1
2016010016763,2,9,0,2,0,0,0,0,0,0,3,1,6,3,-1,-1,1296,1,9,-1,-1,-1
2016010016769,1,5,0,13,0,8,0,0,0,0,4,1,1,1,-1,-1,-1,-1,-1,-1,-1,-1
2016010016769,2,9,0,9,0,8,0,0,0,0,3,1,6,2,48,8,1968,2,1,5,1,5
2016010016775,1,9,0,9,0,8,0,0,0,0,1,1,6,1,30,6,2967,2,3,4,1,4
2016010016775,2,3,0,18,0,1,0,0,0,0,1,1,6,1,20,4,125,1,3,1,1,1
2016010016780,1,3,0,18,0,2,0,0,0,0,2,1,6,1,19,4,-1,-1,-1,2,1,2
2016010016780,2,9,0,18,0,2,0,0,0,0,1,1,6,1,-1,-1,1995,2,9,-1,-1,-1
2016010016781,1,9,0,11,0,0,0,0,0,0,4,1,6,1,45,7,1596,1,17,-1,-1,-1
2016010016781,2,4,0,18,0,0,0,0,0,0,1,1,6,1,24,5,125,1,7,9,1,9
2016010016784,1,8,0,3,0,1,0,0,0,0,4,1,1,1,52,8,1997,2,5,2,1,2
2016010016784,2,3,0,15,0,1,0,0,0,0,3,1,1,1,43,7,125,1,11,3,1,3
2016010016786,1,9,0,5,0,8,0,0,0,0,0,1,6,2,39,7,1968,2,3,1,1,1
2016010016788,1,9,0,4,0,1,0,0,0,0,2,1,6,2,-1,-1,1242,1,3,4,1,4
2016010016788,2,21,0,18,0,1,0,0,0,0,1,1,6,3,-1,-1,-1,-1,-1,-1,-1,-1
2016010016788,3,9,0,10,0,1,0,0,0,0,2,1,6,1,25,5,1398,1,16,6,2,6
2016010016791,1,9,0,18,0,1,0,0,0,0,3,1,3,2,42,7,1390,1,12,1,1,1
2016010016791,2,9,0,5,0,1,0,0,0,0,4,1,6,3,-1,-1,1598,1,7,-1,-1,-1
2016010016793,1,8,0,8,0,1,0,0,0,0,2,1,6,1,62,9,-1,-1,-1,2,1,2
2016010016793,2,19,0,5,0,1,0,0,0,0,1,1,6,1,30,6,2198,2,-1,2,1,2
2016010016800,1,9,0,18,0,3,0,0,0,0,1,1,6,3,-1,-1,-1,-1,-1,-1,-1,-1
2016010016800,2,1,0,12,0,3,0,0,0,0,1,1,6,1,54,8,-1,-1,-1,8,2,8
2016010016805,1,9,0,9,0,8,0,0,0,0,1,1,6,3,-1,-1,1299,1,16,-1,-1,-1
2016010016805,2,1,0,18,0,8,0,0,0,0,4,1,2,2,29,6,-1,-1,-1,3,1,3
2016010016815,1,9,0,4,0,8,0,0,0,0,2,1,6,1,28,6,1461,2,6,6,1,6
2016010016815,2,9,0,18,0,8,0,0,0,0,1,1,6,3,-1,-1,1360,1,6,-1,-1,-1
2016010016817,1,9,0,9,0,8,0,0,0,0,1,1,6,1,42,7,1997,1,3,3,1,3
2016010016817,2,9,0,5,0,8,0,0,0,0,3,1,6,1,64,9,-1,-1,-1,4,1,4
2016010016819,1,9,0,18,0,8,0,0,0,0,3,1,2,1,19,4,1461,2,2,2,1,2
2016010016819,2,9,0,9,0,8,0,0,0,0,1,1,2,1,51,8,998,1,14,3,1,3
2016010016821,1,20,0,11,0,3,0,0,0,0,1,1,6,1,-1,-1,-1,-1,-1,-1,-1,-1
2016010016821,2,11,0,18,0,7,0,0,0,0,3,1,6,1,-1,-1,-1,-1,-1,2,1,2
2016010016825,1,8,0,9,0,0,0,0,0,0,1,1,1,1,51,8,1968,2,9,2,1,2
2016010016827,1,9,0,18,0,8,0,0,0,0,1,1,6,1,-1,-1,1595,1,11,3,1,3
2016010016827,2,9,0,9,0,8,0,0,0,0,4,1,6,1,-1,-1,1242,1,6,-1,-1,-1
2016010016829,1,1,0,9,0,8,0,0,0,0,3,1,6,2,37,7,-1,-1,-1,2,1,2
2016010016829,2,9,0,9,0,8,0,0,0,0,4,-1,6,3,-1,-1,-1,-1,-1,-1,-1,-1
2016010016830,1,9,0,18,0,8,0,0,7,2,3,1,6,2,27,6,1461,2,1,3,1,3
2016010016833,1,9,0,4,0,8,0,0,0,0,2,1,6,1,43,7,1386,1,8,2,1,2
2016010016833,2,9,0,4,0,8,0,0,0,0,2,1,6,1,50,8,1798,8,2,2,1,2
2016010016833,3,19,0,18,0,1,0,0,0,0,1,1,1,1,40,7,2402,2,8,2,1,2
2016010016839,1,9,0,18,0,1,0,0,0,0,1,1,6,1,-1,-1,2143,2,4,10,1,10
2016010016844,1,9,0,18,0,2,5,4,0,0,4,1,6,2,42,7,1496,2,2,9,1,9
2016010016845,1,9,0,9,0,8,0,0,0,0,1,1,6,2,38,7,1796,1,2,10,1,10
2016010016845,2,9,0,18,0,8,0,0,0,0,3,1,6,1,80,11,-1,-1,-1,9,1,9
2016010016846,1,5,0,18,0,8,0,0,0,0,1,1,6,2,36,7,499,1,21,-1,-1,-1
2016010016846,2,9,0,5,0,8,0,0,0,0,1,1,6,1,27,6,2000,2,6,1,1,1
2016010016855,1,9,0,9,0,2,0,0,0,0,1,1,6,1,42,7,2987,2,7,2,1,2
2016010016855,2,90,0,18,0,2,0,0,0,0,3,1,6,1,80,11,-1,-1,-1,-1,-1,-1
2016010016860,1,9,0,4,0,8,0,0,0,0,1,1,6,2,27,6,1242,1,1,-1,-1,-1
2016010016860,2,1,0,18,0,6,0,0,0,0,1,1,6,1,14,3,-1,-1,-1,10,1,10
2016010016861,1,9,0,18,0,2,0,0,0,0,3,1,6,1,37,7,1968,2,2,2,1,2
2016010016861,2,3,0,13,0,2,0,0,0,0,4,1,6,1,34,6,-1,-1,-1,2,1,2
2016010016862,1,9,0,4,0,1,0,0,0,0,1,1,6,2,-1,-1,1997,2,14,-1,-1,-1
2016010016864,1,1,0,-1,0,8,0,0,0,0,1,1,6,2,28,6,-1,-1,-1,2,1,2
2016010016864,2,9,0,-1,0,8,0,0,0,0,1,-1,6,3,-1,-1,-1,-1,-1,-1,-1,-1
2016010016866,1,9,0,18,0,0,0,10,7,3,1,1,6,1,20,4,-1,-1,-1,4,1,4
2016010016872,1,1,0,18,0,0,0,0,0,0,4,1,6,1,40,7,-1,-1,-1,2,1,2
2016010016873,1,9,0,7,0,2,1,7,0,0,3,1,6,1,19,4,1242,1,6,2,1,2
2016010016874,1,9,0,18,0,0,0,0,0,0,1,1,6,2,31,6,-1,-1,-1,4,1,4
2016010016874,2,9,0,5,0,0,0,0,0,0,2,1,6,1,53,8,2993,2,2,8,1,8
2016010016874,3,9,0,5,0,0,0,0,0,0,2,1,6,1,36,7,1995,2,2,7,1,7
2016010016882,1,5,0,18,0,8,0,0,0,0,1,1,6,1,33,6,600,1,12,4,1,4
2016010016882,2,9,0,9,0,8,0,0,0,0,3,1,6,2,37,7,1400,2,11,3,1,3
2016010016885,1,9,0,18,0,2,0,0,0,0,1,1,6,1,18,4,1497,8,1,1,1,1
2016010016885,2,3,0,13,0,2,0,0,0,0,2,1,6,3,-1,-1,-1,-1,-1,-1,-1,-1
2016010016892,1,9,0,9,0,8,0,0,0,0,1,1,6,1,23,5,-1,-1,-1,3,1,3
2016010016892,2,1,0,9,0,8,0,0,0,0,1,1,6,2,23,5,-1,-1,-1,2,1,2
2016010016893,1,9,0,18,0,8,0,0,0,0,4,1,6,3,-1,-1,-1,-1,-1,-1,-1,-1
2016010016898,1,8,0,18,0,8,0,0,0,0,1,1,1,1,43,7,1896,2,6,7,1,7
2016010016898,2,9,0,9,0,8,0,0,0,0,1,1,6,1,26,6,2993,2,1,3,1,3
2016010016899,1,9,0,12,0,0,0,0,0,0,3,1,6,1,48,8,2987,2,-1,4,1,4
2016010016899,2,4,0,18,0,0,0,0,0,0,4,1,6,1,33,6,244,1,10,8,1,8
2016010016909,1,9,0,18,0,8,0,0,0,0,3,1,6,2,40,7,1591,1,5,3,1,3
2016010016909,2,9,0,9,0,8,0,0,0,0,4,1,6,3,-1,-1,1686,2,8,-1,-1,-1
2016010016911,1,9,0,13,0,8,0,0,0,0,4,1,1,1,-1,-1,-1,-1,-1,-1,-1,-1
2016010016911,2,9,0,9,0,8,0,0,0,0,3,1,6,2,37,7,1995,2,5,5,2,5
2016010016912,1,5,0,14,0,1,0,0,0,0,1,1,6,1,30,6,649,1,8,2,1,2
2016010016912,2,9,0,9,0,1,0,0,0,0,3,1,6,1,28,6,1198,1,13,3,1,3
2016010016915,1,21,0,10,0,8,0,0,0,0,1,1,6,1,55,8,-1,-1,-1,1,1,1
2016010016915,2,2,0,9,0,8,0,0,0,0,1,1,6,1,28,6,-1,-1,-1,3,1,3
2016010016925,1,11,0,5,0,8,0,0,0,0,0,1,1,1,35,6,4500,2,1,1,1,1
2016010016933,1,9,0,18,0,8,0,0,0,0,1,1,6,1,23,5,1598,1,17,4,1,4
2016010016933,2,9,0,18,0,8,0,0,0,0,0,1,6,1,-1,-1,1560,2,2,-1,-1,-1
2016010016947,1,1,0,18,0,2,0,0,0,0,1,1,4,1,15,3,-1,-1,-1,8,1,8
2016010016947,2,9,0,5,0,2,0,0,0,0,3,1,6,3,-1,-1,-1,-1,-1,-1,-1,-1
2016010016992,1,9,0,1,0,8,0,0,0,0,2,1,1,1,41,7,-1,-1,-1,4,1,4
2016010016992,2,8,0,18,0,8,0,0,0,0,4,1,6,1,23,5,1598,2,4,2,1,2
2016010016993,1,90,0,17,0,8,0,0,0,0,0,1,1,1,-1,-1,-1,-1,-1,-1,-1,-1
2016010016993,2,9,0,9,0,8,0,0,0,0,1,1,6,1,31,6,-1,-1,-1,8,1,8
2016010016996,1,1,0,18,0,1,0,7,0,0,1,1,6,1,47,8,-1,-1,-1,-1,-1,-1
2016010016998,1,19,0,18,0,1,0,0,0,0,4,1,6,1,42,7,2402,2,5,6,1,6
2016010017001,1,9,0,3,0,1,0,0,0,0,2,1,6,1,43,7,1968,2,3,4,1,4
2016010017001,2,9,0,3,0,1,0,0,0,0,2,1,6,1,38,7,1997,2,7,2,1,2
2016010017001,3,9,0,18,0,1,0,0,0,0,1,1,6,3,-1,-1,-1,-1,-1,-1,-1,-1
2016010017008,1,9,0,18,0,8,0,0,0,0,4,1,6,1,49,8,2494,1,16,3,1,3
2016010017008,2,19,0,9,0,8,0,0,0,0,1,1,6,1,32,6,1998,2,10,4,1,4
2016010017011,1,8,0,3,0,1,0,0,0,0,2,1,1,1,51,8,1797,8,5,2,1,2
2016010017011,2,9,0,18,0,1,0,0,0,0,1,-1,6,3,-1,-1,1598,1,11,-1,-1,-1
2016010017015,1,9,0,9,0,1,0,0,0,0,2,1,1,2,68,10,1796,1,12,5,1,5
2016010017015,2,5,0,18,0,1,0,0,0,0,1,1,6,1,31,6,-1,-1,-1,6,1,6
2016010017025,1,9,0,17,0,8,0,0,0,0,1,1,6,2,40,7,1997,1,14,3,1,3
2016010017025,2,9,0,4,0,8,0,0,0,0,1,1,6,1,41,7,1199,1,15,4,1,4
2016010017027,1,9,0,18,0,8,0,0,0,0,1,1,6,2,28,6,1399,2,12,1,1,1
2016010017027,2,9,0,18,0,8,0,0,0,0,1,1,6,1,34,6,1956,2,3,2,1,2
2016010017029,1,9,0,18,0,0,0,0,0,0,3,1,2,1,36,7,1596,1,9,3,1,3
2016010017029,2,9,0,11,0,0,0,0,0,0,4,1,6,1,20,4,1598,2,2,3,1,3
2016010017036,1,1,0,18,4,8,0,0,0,0,2,1,6,1,56,9,-1,-1,-1,5,1,5
2016010017036,2,9,0,7,4,6,0,0,0,0,1,1,6,2,-1,-1,-1,-1,-1,-1,-1,-1
2016010017038,1,9,0,3,0,1,0,0,0,0,2,1,6,1,24,5,998,1,6,6,1,6
2016010017038,2,9,0,18,0,1,0,0,0,0,1,1,6,1,-1,-1,1796,1,10,-1,-1,-1
2016010017039,1,9,0,18,0,1,0,0,0,0,1,1,6,1,28,6,2143,2,3,4,1,4
2016010017039,2,9,0,9,0,2,0,0,0,0,3,1,6,1,46,8,-1,-1,-1,2,1,2
2016010017044,1,1,0,18,0,2,0,0,0,0,1,1,6,1,33,6,-1,-1,-1,2,1,2
2016010017044,2,9,0,18,0,2,0,0,0,0,2,-1,6,3,-1,-1,1197,1,1,-1,-1,-1
2016010017050,1,8,0,9,0,8,0,0,0,0,1,1,1,1,43,7,1896,2,9,2,1,2
2016010017051,1,9,0,18,9,2,0,10,1,2,1,1,6,1,35,6,1229,1,9,2,1,2
2016010017054,1,11,0,5,0,0,0,0,0,0,0,1,1,1,48,8,8268,2,14,3,1,3
2016010017062,1,9,0,18,0,0,0,0,0,0,4,1,6,1,52,8,1240,1,11,4,1,4
2016010017064,1,9,0,7,0,8,0,0,0,0,0,1,6,1,41,7,-1,-1,-1,5,1,5
2016010017064,2,1,0,13,0,8,0,0,0,0,1,1,6,1,25,5,-1,-1,-1,3,1,3
2016010017067,1,9,0,18,0,8,0,0,0,0,3,1,6,1,23,5,998,1,-1,2,1,2
2016010017067,2,1,0,9,0,8,0,0,0,0,1,1,6,1,15,3,-1,-1,-1,-1,-1,-1
2016010017068,1,9,0,18,0,8,0,0,0,0,4,1,6,2,31,6,1149,1,8,3,1,3
2016010017068,2,8,0,18,0,6,0,0,0,0,3,1,1,1,36,7,1798,8,1,4,1,4
2016010017071,1,9,0,18,0,0,0,0,0,0,1,1,6,2,39,7,2697,2,10,-1,-1,-1
2016010017071,2,9,0,4,0,0,0,0,0,0,2,1,6,1,45,7,2494,1,13,4,1,4
2016010017074,1,9,0,18,0,8,1,10,1,1,1,1,6,1,27,6,-1,-1,-1,8,1,8
2016010017079,1,9,0,18,0,8,0,10,0,0,3,1,6,2,36,7,-1,-1,-1,-1,-1,-1
2016010017079,2,19,0,9,0,8,0,0,0,0,1,1,6,3,-1,-1,-1,-1,-1,-1,-1,-1
2016010017082,1,9,0,18,0,8,0,0,0,0,1,1,6,1,-1,-1,-1,-1,-1,-1,-1,-1
2016010017084,1,1,0,9,0,8,0,0,0,0,4,1,1,1,59,9,-1,-1,-1,2,1,2
2016010017084,2,1,0,16,0,8,0,0,0,0,1,1,6,1,-1,-1,-1,-1,-1,-1,-1,-1
2016010017087,1,8,0,3,0,0,0,0,0,0,2,1,1,1,34,6,2143,2,4,3,1,3
2016010017087,2,9,0,18,0,0,0,0,0,0,1,-1,6,3,-1,-1,1998,1,15,-1,-1,-1
2016010017089,1,9,0,9,0,8,0,0,0,0,1,1,6,1,25,5,1388,1,4,5,1,5
2016010017089,2,4,0,5,0,8,0,0,0,0,3,1,1,1,34,6,278,1,-1,7,1,7
2016010017093,1,9,0,3,0,2,0,0,0,0,2,1,6,1,45,7,1968,2,4,5,1,5
2016010017093,2,19,0,-1,0,2,0,0,0,0,2,1,6,1,-1,-1,2198,2,7,-1,-1,-1
2016010017095,1,11,0,18,0,8,0,0,0,0,3,1,1,1,44,7,6370,2,4,6,1,6
2016010017107,1,3,0,18,0,8,0,0,0,0,1,1,6,1,27,6,124,1,-1,6,1,6
2016010017107,2,9,0,9,0,8,0,0,0,0,4,1,6,2,23,5,1390,1,9,4,1,4
2016010017108,1,9,0,9,0,2,0,0,0,0,1,-1,6,3,-1,-1,1995,1,15,-1,-1,-1
2016010017111,1,9,0,18,0,8,0,0,0,0,0,1,6,1,47,8,-1,-1,-1,6,1,6
2016010017111,2,9,0,18,0,8,0,0,0,0,1,1,6,1,33,6,-1,-1,-1,4,1,4
2016010017114,1,9,0,3,0,8,0,0,0,0,2,1,6,1,40,7,-1,-1,-1,7,1,7
2016010017114,2,9,-1,18,0,8,-1,0,0,0,1,-1,6,3,-1,-1,-1,-1,-1,-1,-1,-1
2016010017117,1,11,0,5,0,8,0,0,0,0,0,1,1,1,59,9,4500,2,1,3,1,3
2016010017119,1,5,0,13,0,1,0,0,0,0,4,1,1,1,48,8,1050,1,3,6,1,6
2016010017119,2,9,0,9,0,1,0,0,0,0,3,1,6,2,53,8,1995,2,4,10,1,10
2016010017126,1,9,0,3,0,2,0,0,0,0,2,1,6,1,30,6,1598,2,5,4,1,4
2016010017126,2,9,0,18,0,2,0,0,0,0,1,1,6,1,35,6,1364,1,10,4,1,4
2016010017129,1,9,0,7,0,8,0,0,0,0,1,1,6,1,26,6,-1,-1,-1,1,1,1
2016010017132,1,9,0,9,0,8,0,0,0,0,1,1,6,1,40,7,1798,1,3,6,1,6
2016010017132,2,3,0,10,0,1,0,0,0,0,1,1,6,1,41,7,124,1,5,3,1,3
2016010017137,1,9,0,5,0,1,0,0,0,0,1,1,6,1,27,6,1329,1,3,3,1,3
2016010017138,1,9,0,9,0,8,0,0,0,0,2,1,6,2,24,5,1598,1,3,5,1,5
2016010017138,2,9,0,5,0,8,0,0,0,0,1,1,6,3,-1,-1,1900,2,16,-1,-1,-1
2016010017142,1,9,0,9,0,8,0,0,0,0,3,1,1,1,26,6,2993,2,2,2,1,2
2016010017142,2,4,0,18,0,8,0,0,0,0,1,1,2,1,35,6,124,1,8,7,1,7
2016010017143,1,9,0,18,0,1,0,0,0,0,4,1,6,1,50,8,1968,2,5,5,1,5
2016010017143,2,3,0,12,0,1,0,0,0,0,2,1,2,1,25,5,125,1,1,6,1,6
2016010017144,1,9,0,18,0,8,0,0,0,0,3,1,6,1,42,7,-1,-1,-1,3,1,3
2016010017144,2,9,0,9,0,8,0,0,0,0,1,1,6,2,23,5,-1,-1,-1,1,1,1
2016010017152,1,9,0,18,0,0,1,0,0,0,1,1,6,1,54,8,1086,1,12,2,1,2
2016010017152,2,9,0,18,0,0,0,0,0,0,1,1,6,1,58,9,1497,8,8,2,1,2
2016010017158,1,9,0,18,0,8,0,0,0,0,4,1,2,2,40,7,1390,1,15,3,1,3
2016010017158,2,9,0,18,0,8,0,0,0,0,1,-1,6,3,-1,-1,2148,2,9,-1,-1,-1
2016010017159,1,8,0,5,0,8,0,0,0,0,3,1,1,1,-1,-1,1968,2,2,2,1,2
2016010017165,1,9,0,18,0,0,0,0,0,0,3,1,6,2,29,6,1590,1,15,2,1,2
2016010017165,2,9,0,18,0,0,0,0,0,0,3,1,6,1,37,7,1598,1,9,3,1,3
2016010017169,1,9,0,18,0,1,0,0,0,0,1,1,6,1,26,6,1098,1,-1,1,1,1
2016010017177,1,2,0,18,0,8,0,0,0,0,1,1,2,1,28,6,125,1,1,4,1,4
2016010017177,2,9,0,7,0,8,0,0,0,0,3,1,6,3,-1,-1,-1,-1,-1,-1,-1,-1
2016010017182,1,9,0,1,0,0,0,0,0,0,2,1,6,1,62,9,1242,1,8,1,1,1
2016010017182,2,9,0,18,0,0,0,0,0,0,1,1,6,3,-1,-1,1686,2,6,-1,-1,-1
2016010017194,1,9,0,18,0,8,0,0,0,0,0,1,1,1,45,7,-1,-1,-1,5,1,5
2016010017195,1,9,0,18,0,0,0,0,0,0,4,-1,6,3,-1,-1,-1,-1,-1,-1,-1,-1
2016010017196,1,19,0,9,0,5,0,0,0,0,1,1,1,1,30,6,1598,2,1,7,1,7
2016010017201,1,1,-1,18,0,0,-1,-1,0,0,1,1,6,2,26,6,-1,-1,-1,8,1,8
2016010017201,2,9,-1,-1,0,0,-1,0,0,0,1,-1,6,1,-1,-1,1968,2,3,7,1,7
2016010017207,1,3,0,4,0,8,0,0,0,0,4,1,6,1,28,6,125,1,4,-1,-1,-1
2016010017207,2,9,0,7,0,8,0,0,0,0,1,1,6,3,-1,-1,-1,-1,-1,-1,-1,-1
2016010017215,1,9,0,18,0,8,0,0,0,0,3,1,6,1,26,6,1968,2,11,2,1,2
2016010017215,2,3,0,18,0,8,0,0,0,0,1,1,2,1,28,6,124,1,5,2,1,2
2016010017217,1,9,0,10,0,8,0,0,0,0,2,1,6,2,-1,-1,995,1,12,8,1,8
2016010017217,2,3,0,18,0,8,0,0,0,0,1,1,6,3,-1,-1,-1,-1,-1,-1,-1,-1
2016010017218,1,11,0,5,0,0,0,0,0,0,3,1,1,1,32,6,7300,2,13,5,1,5
2016010017218,2,9,0,15,0,0,0,0,0,0,4,1,6,3,-1,-1,-1,-1,-1,-1,-1,-1
2016010017299,1,11,0,3,0,1,0,0,0,0,4,1,1,1,52,8,7300,2,12,3,1,3
2016010017301,1,9,0,18,0,2,0,0,0,0,4,1,6,1,18,4,1598,1,11,3,1,3
2016010017306,1,2,0,14,0,0,0,0,0,0,1,1,6,1,42,7,125,1,4,4,1,4
2016010017308,1,9,0,3,0,1,0,0,0,0,2,1,6,2,56,9,1332,1,11,4,1,4
2016010017308,2,9,0,4,0,1,0,0,0,0,1,1,6,1,34,6,1598,1,14,2,1,2
2016010017309,1,19,0,18,0,2,0,0,0,0,1,1,1,1,35,6,1968,2,2,5,1,5
2016010017309,2,4,0,4,0,2,0,0,0,0,2,1,6,1,60,9,1188,1,21,9,1,9
2016010017312,1,9,0,3,0,0,0,0,0,0,2,1,6,2,36,7,1199,1,14,2,1,2
2016010017312,2,9,0,18,0,0,0,0,0,0,1,-1,6,3,-1,-1,1995,2,3,-1,-1,-1
2016010017315,1,9,0,18,0,0,0,0,0,0,3,1,6,2,47,8,2231,2,3,7,1,7
2016010017317,1,3,0,14,0,1,0,0,0,0,4,1,6,1,47,8,124,1,7,-1,-1,-1
2016010017318,1,9,0,5,0,1,0,0,0,0,4,1,6,1,39,7,1598,2,5,4,1,4
2016010017318,2,1,0,15,0,1,0,0,0,0,3,1,6,1,19,4,-1,-1,-1,5,1,5
2016010017321,1,9,0,3,0,8,0,0,0,0,2,1,6,2,34,6,1596,1,3,7,1,7
2016010017321,2,9,0,4,0,8,0,0,0,0,2,1,6,2,43,7,1229,1,12,5,1,5
2016010017321,3,9,0,4,0,8,0,0,0,0,1,1,6,1,46,8,1591,1,3,3,1,3
2016010017326,1,9,0,18,0,0,0,0,0,0,3,1,1,1,52,8,1798,8,4,3,1,3
2016010017326,2,1,0,18,0,0,0,0,0,0,1,1,6,2,10,2,-1,-1,-1,1,1,1
2016010017329,1,4,0,18,0,1,0,0,0,0,3,1,6,1,22,5,-1,-1,-1,5,1,5
2016010017330,1,4,0,18,0,1,0,0,0,0,1,1,6,1,27,6,125,1,9,2,1,2
2016010017330,2,9,0,3,0,1,0,0,0,0,2,1,6,1,48,8,1910,2,6,1,1,1
2016010017331,1,9,0,4,0,1,0,0,0,0,2,1,6,2,48,8,1229,1,5,-1,-1,-1
2016010017331,2,9,0,18,0,1,0,0,0,0,1,1,6,1,30,6,1299,1,15,7,1,7
2016010017334,1,9,0,3,0,0,0,0,0,0,3,1,6,2,44,7,-1,-1,-1,3,1,3
2016010017334,2,9,0,18,0,0,0,0,0,0,3,1,6,3,-1,-1,1461,2,5,-1,-1,-1
2016010017336,1,8,0,4,0,0,0,0,0,0,2,1,1,1,43,7,1560,2,3,-1,-1,-1
2016010017336,2,19,0,4,0,0,0,0,0,0,2,1,6,1,52,8,2148,2,10,3,1,3
2016010017336,3,19,0,18,0,0,0,0,0,0,1,1,1,1,56,9,2287,2,3,-1,-1,-1
2016010017341,1,9,0,18,0,8,0,0,0,0,1,1,1,1,-1,-1,-1,-1,-1,-1,-1,-1
2016010017341,2,9,0,6,0,8,0,0,0,0,2,1,6,1,69,10,1753,2,9,4,1,4
2016010017342,1,8,0,6,0,8,0,0,0,0,3,1,1,1,-1,-1,2499,2,7,3,1,3
2016010017342,2,3,0,18,0,8,1,0,0,0,3,1,6,1,33,6,109,1,3,3,1,3
2016010017343,1,9,0,18,0,1,0,0,0,0,4,1,6,1,50,8,1598,1,13,2,1,2
2016010017343,2,9,0,3,0,1,0,0,0,0,3,1,6,2,49,8,1368,1,-1,1,1,1
2016010017344,1,9,0,18,9,0,0,10,1,10,1,1,6,2,41,7,1598,1,4,2,1,2
2016010017351,1,4,0,4,0,8,0,10,0,0,4,1,6,1,19,4,124,1,9,4,1,4
2016010017356,1,19,0,1,0,0,0,0,0,0,2,1,1,1,29,6,2198,2,4,2,1,2
2016010017356,2,3,0,18,0,0,0,0,0,0,1,1,6,1,33,6,125,1,4,2,1,2
2016010017357,1,9,0,4,0,0,0,0,0,0,2,1,2,1,31,6,1497,8,7,10,1,10
2016010017357,2,9,0,18,0,0,0,0,0,0,1,1,6,2,57,9,1497,8,9,9,1,9
2016010017360,1,9,0,18,0,1,0,0,0,0,1,1,6,1,31,6,1598,1,11,5,1,5
2016010017360,2,9,0,18,0,8,0,0,0,0,1,1,6,2,25,5,1796,1,6,3,1,3
2016010017361,1,3,0,14,0,1,0,0,0,0,1,1,2,1,25,5,125,1,1,8,1,8
2016010017361,2,9,0,9,0,6,0,0,0,0,3,1,6,2,18,4,995,1,12,5,1,5
2016010017364,1,9,0,18,0,8,0,0,0,0,4,1,6,2,21,5,973,1,13,8,1,8
2016010017364,2,9,0,7,0,8,0,0,0,0,3,1,6,2,50,8,1796,1,8,7,1,7
2016010017371,1,9,0,17,0,8,0,0,0,0,3,2,3,2,35,6,1364,1,11,4,1,4
2016010017371,2,1,0,18,0,8,0,0,0,0,1,1,6,2,33,6,-1,-1,-1,4,1,4
2016010017376,1,9,0,18,0,8,0,0,0,0,4,1,6,1,37,7,-1,-1,-1,9,2,9
2016010017376,2,9,0,18,0,8,0,0,0,0,1,1,6,1,33,6,1296,1,9,2,1,2
2016010017378,1,9,0,3,0,1,0,0,0,0,2,1,6,1,31,6,1598,2,4,-1,-1,-1
2016010017378,2,9,0,5,0,1,0,0,0,0,1,1,6,1,-1,-1,-1,-1,-1,-1,-1,-1
2016010017379,1,9,0,18,0,6,0,0,0,0,1,1,1,1,-1,-1,-1,-1,-1,-1,-1,-1
2016010017379,2,9,0,18,0,6,0,0,0,0,2,1,1,1,46,8,1968,2,5,4,1,4
2016010017383,1,9,0,18,0,8,0,0,0,0,4,1,6,1,28,6,1598,1,1,4,1,4
2016010017383,2,9,0,9,0,8,0,0,0,0,1,1,6,1,60,9,2720,2,11,3,1,3
2016010017389,1,9,0,18,0,0,0,0,0,0,3,1,6,1,33,6,2000,2,6,2,1,2
2016010017389,2,9,0,12,0,0,0,0,0,0,3,1,6,3,-1,-1,1796,1,7,-1,-1,-1
2016010017391,1,9,0,5,0,1,0,0,0,0,1,1,6,1,19,4,1598,2,1,6,1,6
2016010017394,1,3,0,18,0,8,0,0,0,0,2,1,2,1,50,8,108,1,3,3,1,3
2016010017394,2,9,0,18,0,8,0,0,0,0,4,1,6,3,-1,-1,-1,-1,-1,-1,-1,-1
2016010017401,1,9,0,3,0,0,0,0,0,0,4,1,6,2,48,8,1242,1,1,3,1,3
2016010017401,2,9,0,18,0,0,0,0,0,0,1,1,6,3,-1,-1,1388,1,13,-1,-1,-1
2016010017404,1,1,0,18,3,0,0,-1,1,0,-1,1,6,3,-1,-1,-1,-1,-1,-1,-1,-1
2016010017405,1,3,0,18,0,1,0,0,0,0,4,1,1,1,47,8,125,1,10,1,1,1
2016010017405,2,9,0,18,0,8,0,0,0,0,1,1,6,1,-1,-1,1968,2,-1,-1,-1,-1
2016010017410,1,9,0,9,0,8,0,0,0,0,4,1,6,1,47,8,1598,1,13,9,1,9
2016010017410,2,3,0,18,0,8,0,0,0,0,1,1,6,1,43,7,125,1,5,3,1,3
2016010017416,1,1,0,18,0,8,0,0,0,0,4,1,6,1,37,7,-1,-1,-1,5,1,5
2016010017416,2,19,0,7,0,8,0,0,0,0,1,1,6,3,-1,-1,1560,2,4,-1,-1,-1
2016010017417,1,9,0,18,0,0,0,0,0,0,3,1,6,2,82,11,1299,1,14,5,1,5