Accident_Index,Vehicle_Reference,Vehicle_Type,Towing_and_Articulation,Vehicle_Manoeuvre,Vehicle_Location-Restricted_Lane,Junction_Location,Skidding_and_Overturning,Hit_Object_in_Carriageway,Vehicle_Leaving_Carriageway,Hit_Object_off_Carriageway,1st_Point_of_Impact,Was_Vehicle_Left_Hand_Drive?,Journey_Purpose_of_Driver,Sex_of_Driver,Age_of_Driver,Age_Band_of_Driver,Engine_Capacity_(CC),Propulsion_Code,Age_of_Vehicle,Driver_IMD_Decile,Driver_Home_Area_Type,Vehicle_IMD_Decile
2016010018197,1,9,0,9,0,0,0,0,0,0,3,1,6,2,17,4,-1,-1,-1,2,1,2
2016010018197,2,9,0,18,0,0,0,0,0,0,1,1,6,2,37,7,1339,1,7,-1,-1,-1
2016010018198,1,1,0,18,0,8,0,0,0,0,1,1,2,1,46,8,-1,-1,-1,2,1,2
2016010018198,2,9,0,9,0,8,0,0,0,0,4,-1,6,3,-1,-1,-1,-1,-1,-1,-1,-1
2016010018199,1,1,0,4,0,8,0,0,0,0,4,1,6,1,-1,-1,-1,-1,-1,-1,-1,-1
2016010018200,1,9,0,18,0,0,0,0,0,0,1,1,6,1,45,7,2996,1,8,5,1,5
2016010018200,2,9,0,3,0,0,0,0,0,0,2,1,6,1,39,7,1896,2,15,4,1,4
2016010018200,3,9,0,3,0,0,0,0,0,0,2,1,6,1,28,6,1242,1,13,2,1,2
2016010018204,1,9,0,9,0,8,0,0,0,0,1,1,6,1,25,5,1968,2,10,3,1,3
2016010018204,2,2,0,9,0,8,0,0,0,0,1,1,6,1,19,4,49,1,16,5,1,5
2016010018206,1,3,0,4,0,8,1,0,0,0,0,1,6,1,34,6,108,1,8,1,1,1
2016010018206,2,9,0,9,0,8,0,0,0,0,0,1,6,1,-1,-1,1956,2,1,-1,-1,-1
2016010018207,1,8,0,18,0,0,0,0,0,0,2,1,1,2,42,7,1797,8,5,2,1,2
2016010018207,2,8,0,17,0,0,0,0,0,0,3,1,1,1,41,7,1956,2,2,5,1,5
2016010018207,3,9,0,18,0,0,0,0,0,0,1,1,6,1,26,6,-1,-1,-1,9,1,9
2016010018207,4,9,0,18,0,0,0,0,0,0,3,1,6,1,23,5,998,1,-1,-1,-1,-1
2016010018207,5,9,0,18,0,0,0,0,0,0,1,1,6,1,28,6,1349,1,7,10,1,10
2016010018210,1,9,0,18,0,2,0,0,0,0,1,1,6,1,27,6,1390,1,19,5,1,5
2016010018210,2,9,0,18,0,2,0,0,0,0,2,1,6,3,-1,-1,1388,1,12,-1,-1,-1
2016010018211,1,9,0,3,0,1,0,0,0,0,2,-1,6,2,25,5,998,1,3,4,1,4
2016010018211,2,9,0,18,0,1,0,0,0,0,1,-1,6,1,32,6,2720,2,10,2,1,2
2016010018213,1,3,0,15,0,1,0,0,0,0,3,1,1,1,27,6,124,1,17,2,1,2
2016010018213,2,19,0,7,0,1,0,0,0,0,4,1,1,1,56,9,2198,2,2,7,1,7
2016010018214,1,9,0,9,0,1,0,0,0,0,4,1,6,2,40,7,1497,1,12,-1,-1,-1
2016010018214,2,3,0,13,0,8,0,0,0,0,1,1,6,1,36,7,689,1,1,10,1,10
2016010018215,1,5,0,18,0,8,0,0,0,0,1,1,6,1,29,6,-1,-1,-1,7,1,7
2016010018215,2,9,0,9,0,8,0,0,0,0,1,1,6,2,39,7,2967,2,6,-1,-1,-1
2016010018216,1,3,0,18,0,8,0,0,0,0,3,1,6,1,31,6,-1,-1,-1,3,1,3
2016010018216,2,9,0,9,0,6,0,0,0,0,1,1,6,2,54,8,2997,1,2,10,1,10
2016010018218,1,9,0,18,0,2,0,0,0,0,4,1,6,2,61,9,1596,1,8,2,1,2
2016010018220,1,3,0,9,0,8,0,0,0,0,1,1,6,1,23,5,124,1,7,5,1,5
2016010018220,2,3,0,4,0,8,0,0,0,0,1,1,6,1,43,7,102,1,9,3,1,3
2016010018223,1,9,0,5,0,8,0,0,0,0,1,1,6,1,22,5,1364,1,10,5,1,5
2016010018224,1,4,0,18,0,1,0,0,0,0,1,1,6,1,29,6,125,1,-1,5,1,5
2016010018224,2,9,0,4,0,1,0,0,0,0,2,1,1,2,31,6,1968,2,6,10,3,10
2016010018226,1,9,0,9,0,5,0,0,0,0,1,1,2,1,43,7,2191,2,1,3,1,3
2016010018226,2,1,0,7,0,5,0,0,0,0,1,1,2,2,27,6,-1,-1,-1,3,1,3
2016010018229,1,4,0,14,0,1,0,0,0,0,1,1,1,1,28,6,124,1,4,3,1,3
2016010018233,1,9,0,18,0,8,0,0,0,0,1,1,6,2,32,6,1422,2,12,2,1,2
2016010018233,2,9,0,9,0,8,0,0,0,0,4,-1,6,3,-1,-1,-1,-1,-1,-1,-1,-1
2016010018234,1,2,0,18,0,8,0,0,0,0,1,1,6,1,-1,-1,125,1,2,9,1,9
2016010018238,1,1,0,18,0,8,0,0,0,0,1,1,6,1,33,6,-1,-1,-1,5,1,5
2016010018238,2,9,0,9,0,8,0,0,0,0,4,-1,6,2,-1,-1,-1,-1,-1,8,3,8
2016010018239,1,8,0,18,0,1,0,0,0,0,1,1,1,1,50,8,1968,2,-1,6,1,6
2016010018239,2,9,0,18,0,1,0,0,0,0,2,1,6,1,25,5,1900,2,11,8,1,8
2016010018241,1,11,0,4,0,1,0,0,0,0,0,1,1,1,53,8,9000,2,6,3,1,3
2016010018242,1,9,0,18,0,0,0,0,0,0,1,1,2,2,42,7,1598,1,2,2,1,2
2016010018243,1,9,0,4,0,8,0,0,0,0,2,1,6,2,41,7,1598,1,5,8,1,8
2016010018243,2,9,0,18,0,8,0,0,0,0,1,-1,6,3,-1,-1,1390,1,13,-1,-1,-1
2016010018248,1,9,0,9,0,5,0,0,0,0,1,1,6,1,39,7,1984,1,13,6,1,6
2016010018248,2,2,0,15,2,8,0,0,1,10,3,1,1,1,25,5,108,1,1,1,1,1
2016010018249,1,9,0,10,0,1,0,0,0,0,1,1,6,2,18,4,1124,1,12,4,1,4
2016010018249,2,8,0,18,0,1,0,0,0,0,1,1,6,3,-1,-1,2143,2,1,-1,-1,-1
2016010018253,1,9,0,3,0,1,0,0,0,0,2,1,2,2,44,7,1339,1,10,2,1,2
2016010018253,2,19,0,18,0,1,0,0,0,0,1,1,1,1,-1,-1,-1,-1,-1,-1,-1,-1
2016010018257,1,5,0,18,0,8,0,0,0,0,1,1,6,1,45,7,-1,-1,-1,6,1,6
2016010018258,1,3,0,14,0,0,0,0,0,0,1,1,6,1,18,4,-1,-1,-1,4,1,4
2016010018258,2,9,0,9,0,0,0,0,0,0,1,1,6,1,37,7,1329,1,6,3,1,3
2016010018260,1,5,0,4,0,0,0,0,0,0,3,1,6,1,35,6,865,1,3,2,1,2
2016010018268,1,9,0,18,0,1,0,0,0,0,1,1,6,2,-1,-1,1781,1,12,9,1,9
2016010018268,2,4,0,9,0,1,0,0,0,0,2,1,6,1,-1,-1,124,1,-1,5,1,5
2016010018268,3,9,0,18,0,1,0,0,0,0,2,1,6,1,51,8,1796,1,13,10,1,10
2016010018280,1,9,0,18,0,0,5,4,0,0,1,1,6,1,19,4,1124,1,13,8,1,8
2016010018280,2,9,0,2,0,0,0,0,0,0,2,1,6,3,-1,-1,1364,1,1,-1,-1,-1
2016010018280,3,9,0,2,0,0,0,0,0,0,2,1,6,3,-1,-1,2495,1,11,-1,-1,-1
2016010018282,1,9,0,9,0,8,0,0,0,0,1,1,6,1,17,4,1229,1,10,7,1,7
2016010018282,2,4,0,18,0,8,0,0,0,0,4,1,6,1,24,5,-1,-1,-1,8,1,8
2016010018284,1,9,0,7,0,5,0,0,0,0,4,1,6,1,-1,-1,1896,2,13,-1,-1,-1
2016010018284,2,1,0,15,0,8,0,0,0,0,1,1,2,1,51,8,-1,-1,-1,3,1,3
2016010018294,1,9,0,4,0,8,0,0,0,0,2,1,6,1,33,6,2184,2,-1,9,2,9
2016010018294,2,9,0,18,0,8,0,0,0,0,1,-1,6,3,-1,-1,1753,2,10,-1,-1,-1
2016010018298,1,1,0,18,0,0,0,0,0,0,3,1,6,1,31,6,-1,-1,-1,2,1,2
2016010018306,1,5,0,18,0,8,0,0,0,0,1,1,6,1,49,8,599,1,12,10,1,10
2016010018306,2,9,0,9,0,8,0,0,0,0,1,1,6,1,86,11,1395,1,-1,10,1,10
2016010018310,1,9,0,3,0,0,0,0,0,0,2,1,6,2,24,5,1995,2,9,2,1,2
2016010018310,2,9,0,5,0,0,0,0,0,0,1,1,6,1,37,7,1598,1,15,3,1,3
2016010018310,3,9,0,5,0,0,0,0,0,0,1,1,6,1,24,5,1968,2,8,6,1,6
2016010018311,1,1,0,18,0,8,0,0,0,0,1,1,6,1,34,6,-1,-1,-1,5,1,5
2016010018311,2,9,0,9,0,8,0,0,0,0,4,1,6,2,-1,-1,1896,2,11,4,1,4
2016010018312,1,9,0,7,0,3,0,0,0,0,2,1,6,2,45,7,-1,-1,-1,3,1,3
2016010018312,2,9,0,18,0,4,0,0,0,0,1,1,6,1,-1,-1,-1,-1,-1,-1,-1,-1
2016010018316,1,9,0,18,0,8,0,0,0,0,1,1,6,1,31,6,1560,2,5,3,1,3
2016010018316,2,8,0,18,0,8,0,0,0,0,4,1,1,1,62,9,2143,2,5,2,1,2
2016010018320,1,9,0,18,0,0,0,0,1,4,1,1,6,1,-1,-1,1596,1,10,7,1,7
2016010018321,1,9,0,18,0,1,0,0,0,0,1,1,6,1,31,6,2000,2,6,2,1,2
2016010018321,2,9,0,3,0,1,0,0,0,0,2,1,6,1,21,5,1248,2,7,1,1,1
2016010018321,3,9,0,3,0,1,0,0,0,0,2,1,6,1,31,6,1461,2,-1,4,1,4
2016010018328,1,9,0,4,0,0,0,0,0,0,2,1,1,2,47,8,1198,1,8,9,1,9
2016010018328,2,1,0,18,0,0,0,0,0,0,1,1,6,1,44,7,-1,-1,-1,-1,-1,-1
2016010018332,1,9,0,18,0,8,0,0,0,0,2,1,6,2,42,7,1968,2,-1,9,1,9
2016010018332,2,9,0,18,0,8,0,0,0,0,1,1,6,2,-1,-1,1991,2,10,9,1,9
2016010018334,1,1,0,18,0,1,0,0,0,0,1,1,6,2,56,9,-1,-1,-1,7,1,7
2016010018334,2,9,0,7,0,8,0,0,0,0,3,1,6,1,26,6,1598,1,9,3,1,3
2016010018335,1,1,0,18,0,1,0,0,0,0,1,1,6,1,35,6,-1,-1,-1,7,1,7
2016010018341,1,1,0,18,0,8,0,0,0,0,1,1,2,1,27,6,-1,-1,-1,-1,-1,-1
2016010018341,2,9,0,9,0,8,0,0,0,0,4,1,6,1,-1,-1,2987,2,4,-1,-1,-1
2016010018344,1,1,0,9,0,8,0,0,0,0,1,1,6,1,23,5,-1,-1,-1,2,1,2
2016010018344,2,11,0,18,0,8,0,0,0,0,3,1,6,3,-1,-1,4500,2,-1,-1,-1,-1
2016010018348,1,9,0,18,0,8,0,0,0,0,1,1,6,1,37,7,1991,1,18,6,1,6
2016010018348,2,1,0,18,0,8,0,0,0,0,2,1,6,2,26,6,-1,-1,-1,5,1,5
2016010018349,1,19,0,18,0,8,0,0,0,0,1,1,1,1,-1,-1,2402,2,10,10,3,10
2016010018349,2,9,0,7,0,8,0,0,0,0,4,1,6,1,38,7,1598,2,-1,-1,-1,-1
2016010018350,1,9,0,18,0,8,0,0,0,0,1,-1,6,2,48,8,1596,1,16,2,1,2
2016010018350,2,9,0,7,0,6,0,0,0,0,3,-1,6,3,-1,-1,1998,1,11,-1,-1,-1
2016010018354,1,8,0,18,0,0,0,0,0,0,4,1,1,1,-1,-1,1796,1,5,4,1,4
2016010018354,2,9,0,5,0,0,0,0,0,0,1,1,6,1,-1,-1,1968,2,2,2,1,2
2016010018358,1,11,0,18,0,2,0,0,0,0,0,1,1,1,-1,-1,-1,-1,-1,-1,-1,-1
2016010018412,1,9,0,18,0,0,0,4,0,0,1,1,6,1,31,6,3189,1,8,4,1,4
2016010018412,2,9,0,2,0,0,0,0,0,0,1,1,6,3,-1,-1,1388,1,7,-1,-1,-1
2016010018413,1,9,0,9,0,8,0,0,0,0,4,1,6,2,19,4,1242,1,2,-1,-1,-1
2016010018413,2,1,0,18,0,8,0,0,0,0,1,1,1,1,65,9,-1,-1,-1,-1,-1,-1
2016010018414,1,9,0,9,0,8,0,0,0,0,3,1,6,1,24,5,1598,2,-1,1,1,1
2016010018414,2,19,0,9,0,8,0,0,0,0,4,1,6,1,-1,-1,2198,2,3,-1,-1,-1
2016010018416,1,1,0,9,0,8,0,0,0,0,4,1,2,1,59,9,-1,-1,-1,3,1,3
2016010018416,2,9,0,9,0,8,0,0,0,0,1,1,2,1,38,7,2359,1,11,10,1,10
2016010018419,1,9,0,18,0,2,0,0,0,0,1,1,6,1,51,8,-1,-1,-1,9,1,9
2016010018420,1,9,0,16,0,0,0,0,1,10,4,1,6,1,20,4,1596,1,10,4,1,4
2016010018423,1,9,0,18,0,0,0,0,0,0,1,1,6,1,33,6,3936,2,12,-1,-1,-1
2016010018423,2,9,0,18,0,0,0,0,0,0,1,1,6,1,32,6,2967,2,5,2,1,2
2016010018424,1,9,0,16,0,1,0,0,0,0,1,1,6,2,37,7,3456,8,6,6,1,6
2016010018426,1,9,0,9,0,8,0,0,0,0,1,1,6,2,20,4,1390,1,10,3,1,3
2016010018426,2,1,0,18,0,8,0,0,0,0,1,1,6,2,39,7,-1,-1,-1,3,1,3
2016010018428,1,9,0,16,0,1,0,0,0,0,1,1,6,2,31,6,2993,2,2,9,1,9
2016010018432,1,8,0,9,0,5,0,0,0,0,4,1,6,1,44,7,1560,2,4,5,1,5
2016010018432,2,5,0,15,0,8,0,0,0,0,1,1,6,1,27,6,599,1,5,4,2,4
2016010018433,1,19,0,18,0,1,0,0,0,0,2,1,2,1,50,8,2287,2,1,2,1,2
2016010018433,2,19,0,18,0,1,0,0,0,0,1,1,6,1,-1,-1,2402,2,10,-1,-1,-1
2016010018434,1,9,0,4,0,1,0,0,0,0,2,1,6,1,44,7,1587,1,20,6,1,6
2016010018434,2,19,0,4,0,1,0,0,0,0,1,1,1,1,56,9,2198,2,-1,-1,-1,-1
2016010018436,1,19,0,6,0,0,0,0,0,0,2,1,2,1,42,7,1998,2,13,4,1,4
2016010018436,2,1,0,18,0,0,0,0,0,0,1,1,6,1,-1,-1,-1,-1,-1,9,1,9
2016010018437,1,9,0,7,0,8,0,0,0,0,3,1,6,1,20,4,1229,1,9,4,1,4
2016010018437,2,9,0,18,0,8,0,0,0,0,1,1,6,1,64,9,2926,2,13,4,1,4
2016010018439,1,3,0,16,0,0,0,0,0,0,1,1,6,3,-1,-1,-1,-1,-1,-1,-1,-1
2016010018440,1,8,0,8,0,8,0,0,0,0,2,1,1,1,52,8,1497,8,8,-1,-1,-1
2016010018440,2,1,0,18,0,8,0,0,0,0,1,1,6,1,16,4,-1,-1,-1,3,1,3
2016010018443,1,9,0,17,0,2,0,0,0,0,2,1,6,2,60,9,1198,1,9,9,1,9
2016010018443,2,9,0,17,0,2,0,0,0,0,1,1,6,3,-1,-1,1895,1,16,-1,-1,-1
2016010018444,1,9,0,18,0,1,0,0,0,0,2,1,6,1,40,7,-1,-1,-1,9,1,9
2016010018444,2,9,0,18,0,1,0,0,0,0,1,1,6,1,-1,-1,-1,-1,-1,-1,-1,-1
2016010018445,1,2,0,18,0,8,0,0,0,0,1,1,1,1,26,6,49,1,6,2,1,2
2016010018445,2,9,0,9,0,8,0,0,0,0,1,1,6,1,-1,-1,1995,2,12,-1,-1,-1
2016010018447,1,3,0,18,0,0,0,0,0,0,3,1,6,1,30,6,125,1,2,2,1,2
2016010018447,2,9,0,9,0,0,0,0,0,0,1,1,6,3,-1,-1,-1,-1,-1,-1,-1,-1
2016010018448,1,9,0,18,0,1,0,0,0,0,2,1,6,2,23,5,1461,2,-1,4,1,4
2016010018448,2,4,0,18,0,1,0,10,0,0,1,1,6,1,-1,-1,124,1,6,-1,-1,-1
2016010018449,1,9,0,16,0,0,0,0,0,0,1,1,3,1,32,6,1390,1,7,-1,-1,-1
2016010018449,2,9,0,17,0,0,0,0,0,0,1,1,3,1,18,4,1199,2,4,3,1,3
2016010018453,1,9,0,18,0,2,0,0,0,0,2,1,6,1,24,5,1598,2,3,4,1,4
2016010018453,2,9,0,18,0,2,0,0,0,0,1,1,6,3,-1,-1,1870,2,15,-1,-1,-1
2016010018454,1,2,0,5,0,0,0,0,0,0,4,1,6,1,20,4,124,1,9,3,1,3
2016010018454,2,9,0,2,0,0,0,0,0,0,2,1,6,3,-1,-1,-1,-1,-1,-1,-1,-1
2016010018456,1,9,0,18,0,8,0,0,0,0,1,1,6,1,46,8,2996,1,10,9,1,9
2016010018456,2,9,0,7,0,8,0,0,0,0,3,1,6,1,47,8,1798,1,18,5,1,5
2016010018457,1,9,0,18,0,0,0,0,0,0,1,1,6,1,63,9,1984,1,15,10,1,10
2016010018459,1,1,0,9,0,8,0,0,0,0,4,1,6,1,31,6,-1,-1,-1,5,1,5
2016010018459,2,9,0,18,0,8,0,0,0,0,1,1,6,2,-1,-1,996,1,3,9,1,9
2016010018460,1,11,0,5,0,1,0,0,0,0,0,1,1,1,39,7,6700,2,4,2,1,2
2016010018461,1,9,0,7,0,8,0,0,0,0,1,1,6,1,72,10,1591,1,-1,8,1,8
2016010018461,2,1,0,18,0,8,0,0,0,0,4,1,6,1,42,7,-1,-1,-1,6,1,6
2016010018462,1,9,0,9,0,8,0,0,0,0,1,1,6,1,44,7,-1,-1,-1,-1,-1,-1
2016010018462,2,3,0,15,0,8,0,0,0,0,1,1,6,1,37,7,-1,-1,-1,5,1,5
2016010018464,1,1,0,18,4,0,0,0,0,0,3,1,6,1,33,6,-1,-1,-1,9,1,9
2016010018464,2,3,0,13,0,0,0,0,0,0,4,1,6,3,-1,-1,-1,-1,-1,-1,-1,-1
2016010018466,1,11,0,5,0,1,0,0,0,0,4,1,1,1,-1,-1,-1,-1,-1,-1,-1,-1
2016010018467,1,11,-1,-1,0,1,-1,-1,-1,-1,-1,1,6,1,-1,-1,-1,-1,-1,-1,-1,-1
2016010018468,1,1,0,18,0,0,0,0,0,0,-1,1,6,1,-1,-1,-1,-1,-1,-1,-1,-1
2016010018469,1,9,0,17,0,0,0,4,0,0,1,1,6,1,31,6,-1,-1,-1,-1,-1,-1
2016010018469,2,9,0,16,0,0,0,0,0,0,3,1,6,1,68,10,4196,1,12,6,1,6
2016010018471,1,2,0,18,0,0,0,10,7,10,1,1,6,1,-1,-1,-1,-1,-1,-1,-1,-1
2016010018472,1,9,0,18,0,8,0,0,0,0,1,1,6,1,26,6,1995,2,2,6,1,6
2016010018472,2,9,0,9,0,8,0,0,0,0,4,1,6,1,28,6,1753,2,9,3,1,3
2016010018474,1,9,0,9,0,8,0,0,0,0,1,1,6,1,29,6,1997,2,10,-1,-1,-1
2016010018474,2,5,0,14,0,8,0,0,0,0,1,1,6,1,22,5,-1,-1,-1,2,1,2
2016010018476,1,9,0,18,0,0,0,10,1,4,4,1,6,2,53,8,-1,-1,-1,-1,-1,-1
2016010018477,1,9,0,18,0,1,0,0,0,0,1,1,1,1,54,8,2198,1,11,4,1,4
2016010018478,1,9,0,12,0,0,0,7,0,0,3,1,6,2,66,10,1998,1,20,7,1,7
2016010018479,1,5,0,4,2,8,0,0,0,0,0,1,6,1,47,8,-1,-1,-1,-1,-1,-1
2016010018479,2,9,0,9,2,5,0,0,0,0,0,1,6,1,-1,-1,-1,-1,-1,-1,-1,-1
2016010018481,1,9,0,18,0,1,0,0,0,0,1,1,6,1,23,5,-1,-1,-1,-1,-1,-1
2016010018481,2,20,0,1,0,1,0,0,0,0,2,1,6,1,-1,-1,-1,-1,-1,-1,-1,-1
2016010018483,1,9,0,18,0,8,0,0,0,0,0,1,6,1,39,7,1598,1,11,-1,-1,-1
2016010018483,2,1,0,18,0,8,0,10,1,10,1,1,6,1,33,6,-1,-1,-1,6,1,6
2016010018484,1,3,0,18,0,8,0,0,0,0,3,1,6,1,21,5,125,1,5,3,1,3
2016010018487,1,9,0,17,0,0,0,4,0,0,4,1,1,2,-1,-1,-1,-1,-1,-1,-1,-1
2016010018487,2,9,0,2,0,0,0,0,0,0,2,1,6,3,-1,-1,1399,2,9,-1,-1,-1
2016010018490,1,9,0,5,0,0,0,0,0,0,3,1,6,1,24,5,1149,1,15,7,1,7
2016010018490,2,1,0,13,0,0,1,0,0,0,4,1,6,1,51,8,-1,-1,-1,8,1,8
2016010018492,1,11,0,4,0,8,0,0,0,0,0,1,1,1,61,9,-1,-1,-1,-1,-1,-1
2016010018493,1,9,0,3,0,0,0,0,0,0,4,1,1,1,-1,-1,-1,-1,-1,-1,-1,-1
2016010018493,2,9,0,18,0,0,0,0,0,0,4,1,6,3,-1,-1,1368,1,-1,-1,-1,-1
2016010018495,1,1,0,15,0,1,0,0,0,0,3,1,6,2,27,6,-1,-1,-1,4,1,4
2016010018495,2,8,0,5,0,1,0,0,0,0,4,1,6,1,57,9,2143,2,4,2,1,2
2016010018500,1,9,0,9,0,8,0,0,0,0,4,1,6,3,-1,-1,2143,2,-1,-1,-1,-1
2016010018500,2,1,0,18,0,8,0,0,0,0,1,1,6,1,25,5,-1,-1,-1,7,1,7
2016010018503,1,9,0,18,0,0,0,0,0,0,4,1,6,2,47,8,2143,2,1,7,1,7
2016010018504,1,9,0,4,0,1,0,0,0,0,2,1,1,2,62,9,1796,2,3,4,1,4
2016010018504,2,9,0,4,0,1,0,0,0,0,2,1,1,2,66,10,1399,2,8,3,1,3
2016010018504,3,19,0,4,0,1,0,0,0,0,1,1,1,1,22,5,2143,2,2,4,1,4
2016010018505,1,9,0,9,0,8,0,0,0,0,3,1,6,1,50,8,1896,2,6,-1,-1,-1
2016010018505,2,3,-1,13,0,8,-1,0,0,0,1,1,6,3,-1,-1,-1,-1,-1,-1,-1,-1
2016010018506,1,9,0,7,0,8,0,0,0,0,3,1,6,1,25,5,1598,1,5,4,2,4
2016010018506,2,9,0,11,0,8,0,0,0,0,4,1,6,2,-1,-1,1395,1,1,-1,-1,-1
2016010018511,1,9,0,18,0,2,0,0,0,0,2,1,6,1,29,6,2996,1,5,-1,-1,-1
2016010018511,2,9,0,18,0,2,0,0,0,0,1,1,6,2,44,7,875,1,3,-1,-1,-1
2016010018513,1,19,0,18,0,8,0,0,0,0,1,1,6,1,42,7,-1,-1,-1,-1,-1,-1
2016010018513,2,19,0,10,0,8,0,0,0,0,2,1,1,1,30,6,1560,2,-1,7,1,7
2016010018513,3,3,0,18,0,8,0,0,0,0,1,1,1,1,22,5,125,1,7,-1,-1,-1
2016010018514,1,9,0,18,0,1,0,0,0,0,1,1,6,2,90,11,-1,-1,-1,5,1,5
2016010018516,1,9,3,18,0,1,0,0,0,0,1,1,6,1,-1,-1,-1,-1,-1,-1,-1,-1
2016010018516,2,90,0,18,0,8,0,0,0,0,4,1,6,2,72,10,-1,-1,-1,1,1,1
2016010018518,1,9,0,3,0,1,0,0,0,0,2,1,6,1,47,8,1969,2,1,2,1,2
2016010018518,2,8,0,18,0,1,1,0,0,0,1,1,1,1,-1,-1,1797,8,6,2,1,2
2016010018518,3,19,0,3,0,1,0,0,0,0,2,1,6,1,-1,-1,1598,2,1,8,1,8
2016010018519,1,9,0,9,0,5,0,0,0,0,4,1,1,1,30,6,-1,-1,-1,3,1,3
2016010018519,2,4,0,18,0,8,0,0,0,0,1,1,6,1,28,6,998,1,7,6,1,6
2016010018520,1,9,0,9,0,4,0,0,0,0,3,1,6,1,-1,-1,5461,1,1,-1,-1,-1
2016010018520,2,1,0,9,0,8,0,0,0,0,1,1,6,1,-1,-1,-1,-1,-1,-1,-1,-1
2016010018522,1,9,0,18,0,8,0,0,0,0,4,1,6,2,54,8,1461,2,1,2,1,2
2016010018522,2,9,0,6,0,8,0,0,0,0,4,1,6,2,24,5,1390,1,8,6,1,6
2016010018522,3,9,0,18,0,8,0,0,0,0,1,1,6,1,-1,-1,-1,-1,-1,-1,-1,-1
2016010018523,1,9,0,9,0,8,0,0,0,0,1,1,6,1,33,6,1798,1,11,3,1,3
2016010018523,2,5,0,18,0,8,0,0,0,0,1,1,6,1,29,6,599,1,8,4,1,4
2016010018524,1,3,0,18,0,1,0,0,0,0,1,1,6,1,21,5,-1,-1,-1,-1,-1,-1
2016010018525,1,20,0,3,0,0,0,0,0,0,2,1,1,1,45,7,8970,2,8,9,1,9
2016010018525,2,1,0,4,0,0,0,0,0,0,1,1,6,1,29,6,-1,-1,-1,7,1,7
2016010018526,1,8,0,18,0,8,0,0,0,0,1,1,1,1,57,9,1791,8,4,4,1,4
2016010018526,2,1,0,9,0,8,0,0,0,0,2,1,6,1,21,5,-1,-1,-1,5,1,5
2016010018530,1,9,0,18,0,1,0,0,0,0,1,1,6,2,41,7,1997,1,1,6,1,6
2016010018537,1,3,0,14,0,0,0,0,0,0,0,1,6,3,-1,-1,-1,-1,-1,-1,-1,-1
2016010018540,1,9,0,3,0,1,0,0,0,0,4,-1,6,1,27,6,2000,2,5,1,1,1
2016010018540,2,9,-1,18,0,-1,0,0,-1,0,4,-1,6,3,-1,-1,1389,1,18,-1,-1,-1
2016010018541,1,9,0,18,0,2,0,0,0,0,1,1,6,2,74,10,1781,1,18,8,1,8
2016010018541,2,9,0,18,0,1,0,0,0,0,1,1,6,1,19,4,1197,1,-1,3,1,3
2016010018542,1,3,0,18,0,0,0,0,0,0,1,1,2,1,21,5,124,1,4,-1,-1,-1
2016010018545,1,11,0,18,0,1,0,0,0,0,0,1,1,2,29,6,4500,2,1,3,1,3
2016010018548,1,9,0,9,0,5,0,0,0,0,3,1,2,1,36,7,1968,2,2,3,1,3
2016010018548,2,2,0,13,0,1,0,0,0,0,1,1,1,1,28,6,108,1,1,1,1,1
2016010018552,1,9,0,4,0,0,0,0,0,0,2,1,6,2,29,6,1598,2,2,3,1,3
2016010018552,2,9,0,18,0,0,0,0,0,0,1,1,6,1,66,10,1686,2,6,2,1,2
2016010018555,1,19,0,14,0,0,0,0,0,0,1,1,6,1,-1,-1,-1,-1,-1,-1,-1,-1
2016010018556,1,9,0,9,0,2,0,0,0,0,4,1,6,2,85,11,1329,1,7,9,1,9
2016010018556,2,1,0,18,0,1,0,0,0,0,1,1,6,1,19,4,-1,-1,-1,2,1,2
2016010018557,1,9,0,9,0,5,0,0,0,0,1,-1,6,3,-1,-1,-1,-1,-1,-1,-1,-1
2016010018561,1,9,0,18,0,0,0,0,0,0,1,1,6,2,41,7,2400,2,-1,9,1,9
2016010018561,2,9,0,5,0,0,0,0,0,0,3,1,6,2,20,4,998,1,22,9,1,9
2016010018563,1,19,0,1,0,8,0,0,0,0,2,1,6,3,-1,-1,2198,2,2,-1,-1,-1
2016010018563,2,1,0,18,0,8,0,0,0,0,4,1,6,1,14,3,-1,-1,-1,2,1,2
2016010018565,1,9,0,7,0,8,0,7,7,4,1,1,6,1,29,6,1395,1,2,3,1,3
2016010018567,1,8,0,18,0,0,0,0,0,0,1,1,1,2,49,8,-1,-1,-1,8,1,8
2016010018569,1,5,0,18,0,0,1,10,2,6,3,1,6,1,53,8,498,1,14,4,1,4
2016010018570,1,9,0,18,0,1,0,0,0,0,2,-1,6,2,37,7,998,1,2,2,1,2
2016010018570,2,9,0,18,0,1,0,0,0,0,1,-1,6,2,-1,-1,1498,1,11,2,1,2
2016010018571,1,9,0,18,0,8,0,0,0,0,1,1,1,1,22,5,1995,2,3,3,1,3
2016010018571,2,9,0,18,0,8,0,0,0,0,3,1,6,2,29,6,1198,1,13,5,1,5
2016010018573,1,9,0,4,0,1,1,0,0,0,0,1,1,1,56,9,-1,-1,-1,6,1,6
2016010018575,1,9,0,18,0,8,0,0,0,0,1,1,2,1,28,6,1242,1,3,5,1,5
2016010018577,1,9,0,4,0,8,0,0,0,0,2,1,6,1,31,6,1587,1,9,5,1,5
2016010018577,2,9,0,18,0,8,0,0,0,0,1,1,6,1,53,8,1596,1,15,3,1,3