Accident_Index,Vehicle_Reference,Vehicle_Type,Towing_and_Articulation,Vehicle_Manoeuvre,Vehicle_Location-Restricted_Lane,Junction_Location,Skidding_and_Overturning,Hit_Object_in_Carriageway,Vehicle_Leaving_Carriageway,Hit_Object_off_Carriageway,1st_Point_of_Impact,Was_Vehicle_Left_Hand_Drive?,Journey_Purpose_of_Driver,Sex_of_Driver,Age_of_Driver,Age_Band_of_Driver,Engine_Capacity_(CC),Propulsion_Code,Age_of_Vehicle,Driver_IMD_Decile,Driver_Home_Area_Type,Vehicle_IMD_Decile
2016010019112,2,19,0,18,0,1,0,0,0,0,1,1,6,1,-1,-1,1560,2,2,-1,-1,-1
2016010019184,1,9,0,9,0,8,0,0,0,0,3,1,3,2,37,7,1497,8,1,5,1,5
2016010019184,2,3,0,18,0,8,0,0,0,0,1,1,6,1,27,6,125,1,2,4,1,4
2016010019185,1,1,0,18,0,8,0,0,0,0,3,1,6,1,43,7,-1,-1,-1,3,1,3
2016010019185,2,9,0,7,0,8,0,0,0,0,4,-1,6,1,-1,-1,1395,1,1,2,1,2
2016010019190,1,10,0,18,0,8,0,10,1,1,1,1,1,2,61,9,-1,-1,-1,4,1,4
2016010019191,1,9,0,1,0,8,0,0,0,0,2,1,6,3,-1,-1,-1,-1,-1,-1,-1,-1
2016010019198,1,9,0,3,0,1,0,0,0,0,2,1,6,2,36,7,1299,1,12,3,1,3
2016010019198,2,9,0,18,0,1,0,0,0,0,1,-1,6,3,-1,-1,1997,1,17,-1,-1,-1
2016010019199,1,9,0,18,0,8,0,0,0,0,4,1,1,1,29,6,-1,-1,-1,-1,-1,-1
2016010019199,2,1,0,17,0,8,0,0,0,0,1,1,1,1,47,8,-1,-1,-1,-1,-1,-1
2016010019204,1,9,0,18,0,2,0,0,0,0,1,1,6,2,22,5,1229,1,1,6,1,6
2016010019204,2,1,0,18,0,2,0,0,0,0,3,1,6,1,12,3,-1,-1,-1,4,1,4
2016010019208,1,9,0,5,0,8,0,0,0,0,3,1,6,2,51,8,1461,2,1,9,1,9
2016010019208,2,9,0,18,0,8,0,0,0,0,4,1,6,1,47,8,2495,2,12,5,1,5
2016010019211,1,8,0,18,0,8,0,0,0,0,1,1,1,1,51,8,-1,-1,-1,9,1,9
2016010019215,1,9,0,18,0,0,0,0,0,0,3,1,6,1,21,5,1598,1,10,2,1,2
2016010019215,2,9,0,5,0,0,0,0,0,0,4,1,6,1,30,6,1461,2,6,5,1,5
2016010019216,1,9,0,18,0,1,0,0,0,0,4,1,6,2,43,7,1498,1,8,-1,-1,-1
2016010019219,1,9,0,1,0,0,0,0,0,0,3,1,1,1,47,8,1598,1,10,2,1,2
2016010019219,2,9,0,1,0,0,0,0,0,0,4,1,6,3,-1,-1,1198,1,3,-1,-1,-1
2016010019222,1,9,0,3,0,0,0,0,0,0,2,1,6,1,39,7,1999,2,1,10,1,10
2016010019222,2,9,0,18,0,0,0,0,0,0,1,1,6,2,26,6,998,1,1,7,1,7
2016010019224,1,9,0,18,0,1,0,0,0,0,3,1,6,1,28,6,1798,8,4,-1,-1,-1
2016010019230,1,9,0,18,0,8,0,11,0,0,0,1,6,1,69,10,1598,1,8,8,1,8
2016010019231,1,9,0,18,0,1,0,0,0,0,4,1,6,2,73,10,1248,1,2,2,1,2
2016010019232,1,1,0,9,0,8,0,0,0,0,1,1,6,1,50,8,-1,-1,-1,2,1,2
2016010019232,2,9,0,17,0,8,0,0,0,0,1,1,6,3,-1,-1,-1,-1,-1,-1,-1,-1
2016010019239,1,9,0,18,0,2,0,0,0,0,2,1,6,1,43,7,-1,-1,-1,3,1,3
2016010019239,2,5,0,4,0,2,0,0,0,0,2,1,6,1,27,6,599,1,6,4,1,4
2016010019242,1,9,0,5,0,1,0,0,0,0,1,1,6,3,-1,-1,-1,-1,-1,-1,-1,-1
2016010019244,1,3,0,18,0,0,0,0,0,0,1,1,6,1,18,4,124,1,3,8,1,8
2016010019244,2,9,0,4,0,0,0,0,0,0,2,1,6,2,18,4,1198,1,10,9,1,9
2016010019247,1,9,0,5,0,8,0,0,0,0,1,1,6,2,39,7,1598,1,3,-1,-1,-1
2016010019247,2,1,0,9,0,8,0,0,0,0,1,1,6,1,39,7,-1,-1,-1,10,1,10
2016010019249,1,9,0,7,0,8,0,0,0,0,4,1,6,1,26,6,1390,1,7,5,1,5
2016010019249,2,5,0,15,0,8,0,0,0,0,1,1,6,1,27,6,636,1,11,10,1,10
2016010019254,1,9,0,9,0,8,0,0,0,0,4,1,6,1,56,9,1910,2,6,3,1,3
2016010019254,2,5,0,18,0,8,0,0,0,0,1,1,6,1,20,4,649,1,1,1,1,1
2016010019259,1,9,0,18,0,0,0,10,1,3,1,1,6,1,48,8,-1,-1,-1,6,1,6
2016010019261,1,9,0,18,0,1,0,0,0,0,4,1,6,3,-1,-1,-1,-1,-1,-1,-1,-1
2016010019265,1,9,0,18,0,8,0,0,0,0,3,1,6,2,26,6,1364,2,1,4,1,4
2016010019265,2,9,0,18,0,8,0,0,0,0,1,1,6,1,26,6,1984,1,16,5,1,5
2016010019266,1,9,0,9,0,2,0,0,0,0,4,1,1,1,40,7,1800,8,4,3,1,3
2016010019267,1,9,0,3,0,1,0,0,0,0,0,1,6,2,48,8,1591,1,1,8,1,8
2016010019267,2,9,0,3,0,1,0,0,0,0,2,1,6,2,52,8,1598,1,4,7,1,7
2016010019267,3,9,0,18,0,1,0,0,0,0,1,1,6,1,37,7,1598,1,9,-1,-1,-1
2016010019269,1,9,0,4,0,8,0,0,0,0,4,1,6,2,35,6,2000,1,17,2,1,2
2016010019271,1,11,0,4,0,8,0,0,0,0,0,1,1,1,53,8,6696,2,3,2,1,2
2016010019277,1,9,0,18,0,1,0,0,0,0,1,1,6,3,-1,-1,-1,-1,-1,-1,-1,-1
2016010019278,1,9,0,16,0,0,0,10,1,10,1,1,1,1,20,4,1753,2,10,1,1,1
2016010019285,1,9,0,18,0,8,0,0,0,0,1,1,6,1,28,6,1364,1,-1,6,1,6
2016010019285,2,9,0,18,0,8,0,0,0,0,4,1,6,1,24,5,2179,2,4,6,1,6
2016010019287,1,9,0,4,0,8,0,0,0,0,2,1,6,2,39,7,2401,2,8,1,1,1
2016010019287,2,9,0,18,0,8,0,0,0,0,1,1,6,2,29,6,1198,1,3,2,1,2
2016010019291,1,11,0,3,0,8,0,0,0,0,2,1,1,2,55,8,6700,2,6,4,1,4
2016010019291,2,9,0,14,0,8,0,0,0,0,1,1,6,3,-1,-1,-1,-1,-1,-1,-1,-1
2016010019294,1,9,0,3,0,2,0,0,0,0,3,1,6,1,44,7,1560,2,2,-1,-1,-1
2016010019294,2,1,0,18,0,2,0,0,0,0,1,1,6,2,69,10,-1,-1,-1,7,1,7
2016010019299,1,9,0,18,0,1,0,0,0,0,1,-1,6,3,-1,-1,-1,-1,-1,-1,-1,-1
2016010019302,1,1,0,18,0,8,0,0,0,0,1,1,6,1,50,8,-1,-1,-1,9,1,9
2016010019302,2,19,0,7,0,8,0,0,0,0,3,1,6,1,-1,-1,2402,2,14,-1,-1,-1
2016010019308,1,2,0,18,0,8,0,0,0,0,1,1,6,3,-1,-1,-1,-1,-1,-1,-1,-1
2016010019309,1,5,0,18,0,8,0,0,0,0,1,1,6,1,33,6,798,1,2,3,1,3
2016010019309,2,9,0,7,0,8,0,0,0,0,4,1,6,1,46,8,1968,2,11,4,1,4
2016010019310,1,9,0,18,9,2,0,0,0,0,1,1,6,1,39,7,1389,1,17,9,2,9
2016010019313,1,9,0,18,0,8,0,0,0,0,4,1,6,2,46,8,1591,1,6,4,1,4
2016010019314,1,1,0,18,0,8,0,0,0,0,1,1,6,1,56,9,-1,-1,-1,-1,-1,-1
2016010019314,2,9,0,9,0,8,0,0,0,0,4,1,6,1,51,8,1798,8,3,-1,-1,-1
2016010019318,1,9,0,1,0,8,0,0,0,0,0,1,1,1,59,9,1798,8,-1,3,1,3
2016010019325,1,1,0,18,0,1,0,0,0,0,3,1,6,1,28,6,-1,-1,-1,-1,-1,-1
2016010019325,2,19,0,3,0,1,0,0,0,0,1,1,6,1,-1,-1,-1,-1,-1,5,1,5
2016010019327,1,9,0,18,0,0,0,0,0,0,1,1,6,1,37,7,1781,1,14,8,1,8
2016010019332,1,19,0,3,0,8,0,0,0,0,2,1,1,1,22,5,2198,2,1,3,1,3
2016010019332,2,20,0,18,0,8,0,0,0,0,1,1,6,3,-1,-1,6692,2,4,-1,-1,-1
2016010019338,1,11,0,3,0,8,0,0,0,0,3,1,1,1,35,6,4500,2,2,-1,-1,-1
2016010019338,2,9,0,15,0,8,0,0,0,0,1,1,1,1,34,6,1390,1,12,4,1,4
2016010019338,3,9,0,18,0,8,0,0,0,0,1,1,6,1,41,7,1984,1,7,-1,-1,-1
2016010019339,1,9,0,9,0,8,0,0,0,0,1,1,6,1,-1,-1,-1,-1,-1,-1,-1,-1
2016010019339,2,3,0,18,0,8,0,0,0,0,0,1,6,1,50,8,125,1,8,-1,-1,-1
2016010019411,1,9,0,3,2,1,0,0,0,0,3,1,6,1,27,6,2993,2,4,2,1,2
2016010019411,2,1,0,14,2,1,0,8,0,0,1,1,2,2,26,6,-1,-1,-1,1,1,1
2016010019412,1,9,0,18,0,8,0,4,0,0,1,1,6,1,27,6,1596,1,10,4,1,4
2016010019412,2,19,0,2,0,8,0,0,0,0,4,1,6,3,-1,-1,-1,-1,-1,-1,-1,-1
2016010019413,1,1,0,15,0,1,0,0,0,0,1,1,6,2,19,4,-1,-1,-1,10,1,10
2016010019413,2,9,0,7,0,1,0,0,0,0,4,1,6,1,36,7,1798,8,3,-1,-1,-1
2016010019414,1,9,0,7,0,1,0,0,0,0,4,1,6,1,-1,-1,1968,2,2,-1,-1,-1
2016010019416,1,11,0,4,0,0,0,0,0,0,0,1,1,2,51,8,4500,2,-1,2,1,2
2016010019417,1,1,0,18,0,2,0,0,0,0,3,1,6,1,58,9,-1,-1,-1,3,1,3
2016010019418,1,1,0,18,0,8,0,0,0,0,4,1,2,1,41,7,-1,-1,-1,1,1,1
2016010019418,2,11,0,5,0,4,0,0,0,0,1,1,1,1,59,9,7300,2,14,3,1,3
2016010019419,1,1,0,15,4,1,0,0,0,0,1,1,6,1,31,6,-1,-1,-1,10,1,10
2016010019419,2,9,0,9,0,1,0,0,0,0,4,1,6,1,32,6,-1,-1,-1,1,1,1
2016010019420,1,8,0,18,0,8,0,0,0,0,1,1,1,1,65,9,2402,2,12,9,1,9
2016010019420,2,9,0,7,0,8,0,0,0,0,1,1,6,1,29,6,3996,1,15,7,1,7
2016010019421,1,9,0,18,0,8,0,0,0,0,1,1,6,2,41,7,1796,1,4,6,1,6
2016010019421,2,9,0,9,0,8,0,0,0,0,3,1,6,2,26,6,1598,1,10,5,1,5
2016010019423,1,9,0,13,0,1,0,0,0,0,4,1,6,1,31,6,1791,8,5,2,1,2
2016010019423,2,1,0,18,0,1,0,0,0,0,3,1,6,2,25,5,-1,-1,-1,5,1,5
2016010019424,1,19,0,9,0,8,0,0,0,0,3,1,2,1,26,6,4580,2,2,3,1,3
2016010019424,2,9,0,18,0,8,0,0,0,0,1,1,2,2,40,7,1360,1,12,3,1,3
2016010019425,1,3,0,18,0,8,0,0,0,0,1,1,2,1,27,6,124,1,9,1,1,1
2016010019425,2,9,0,9,0,8,0,0,0,0,3,1,1,1,55,8,1797,8,5,6,1,6
2016010019426,1,5,0,18,0,1,1,0,0,0,0,1,1,1,44,7,600,1,9,-1,-1,-1
2016010019426,2,1,0,9,0,1,0,0,0,0,2,1,6,2,17,4,-1,-1,-1,4,1,4
2016010019427,1,9,0,7,0,8,0,0,0,0,3,1,6,1,42,7,1870,2,11,6,1,6
2016010019427,2,9,0,18,0,8,0,0,0,0,1,1,6,1,28,6,1781,1,14,7,1,7
2016010019428,1,9,0,18,0,1,0,0,0,0,4,1,6,1,38,7,1968,2,2,7,1,7
2016010019429,1,8,0,9,0,8,0,0,0,0,1,1,1,1,46,8,1997,2,7,1,1,1
2016010019429,2,5,0,18,0,8,0,0,0,0,1,1,6,1,26,6,600,1,11,8,1,8
2016010019430,1,9,0,18,0,0,0,0,0,0,1,1,6,2,30,6,1390,1,3,4,1,4
2016010019430,2,9,0,18,0,0,0,0,0,0,1,-1,6,3,-1,-1,1986,2,9,-1,-1,-1
2016010019431,1,9,0,9,0,5,0,0,0,0,4,1,6,2,46,8,2987,2,7,3,1,3
2016010019431,2,8,0,15,2,1,0,0,0,0,1,1,1,1,50,8,1997,2,1,4,1,4
2016010019432,1,4,0,16,0,8,0,0,0,0,1,1,6,1,39,7,125,1,10,-1,-1,-1
2016010019432,2,9,0,18,0,8,0,0,0,0,1,1,6,2,46,8,999,1,-1,3,1,3
2016010019433,1,9,0,18,0,1,0,0,0,0,1,1,6,2,69,10,998,1,1,2,1,2
2016010019433,2,19,0,18,0,2,0,0,0,0,3,1,1,1,42,7,1461,2,1,4,2,4
2016010019434,1,9,0,7,0,1,0,0,0,0,4,1,6,2,-1,-1,1598,1,9,2,1,2
2016010019434,2,1,0,15,0,1,0,0,0,0,1,1,1,2,24,5,-1,-1,-1,6,1,6
2016010019435,1,9,0,18,0,8,0,0,0,0,0,1,6,3,-1,-1,1995,2,8,-1,-1,-1
2016010019436,1,1,0,18,0,1,0,0,0,0,1,1,6,1,61,9,-1,-1,-1,-1,-1,-1
2016010019436,2,9,0,9,0,1,0,0,0,0,2,1,6,1,31,6,999,1,-1,3,1,3
2016010019437,1,9,0,7,0,2,0,0,1,0,2,1,6,2,30,6,1397,1,8,2,1,2
2016010019437,2,8,0,7,0,2,0,0,0,0,1,1,1,1,24,5,1997,2,3,5,1,5
2016010019438,1,9,0,18,0,2,0,0,0,0,1,1,6,2,45,7,998,1,8,6,2,6
2016010019439,1,9,0,18,0,2,0,0,0,0,0,1,6,3,-1,-1,2401,2,8,-1,-1,-1
2016010019440,1,9,0,18,0,0,0,0,0,0,1,1,1,1,56,9,-1,-1,-1,10,1,10
2016010019440,2,9,0,18,0,0,0,0,0,0,1,1,2,2,51,8,999,1,2,10,1,10
2016010019441,1,5,0,18,0,1,1,0,0,0,3,1,6,1,32,6,1000,1,9,4,1,4
2016010019441,2,19,0,18,0,1,0,0,0,0,4,1,6,3,-1,-1,-1,-1,-1,-1,-1,-1
2016010019442,1,9,0,9,0,2,0,0,0,0,1,1,6,1,70,10,1598,1,4,4,1,4
2016010019444,1,3,0,7,0,8,0,0,0,0,1,1,2,1,29,6,124,1,20,7,1,7
2016010019445,1,9,0,18,0,1,0,0,0,0,1,1,6,1,44,7,1998,1,13,6,1,6
2016010019445,2,4,0,18,0,8,0,0,0,0,1,1,6,1,27,6,125,1,10,5,1,5
2016010019446,1,9,0,16,0,8,0,0,0,0,4,1,6,1,20,4,1388,1,13,3,1,3
2016010019446,2,9,0,18,0,8,0,0,0,0,1,1,6,2,38,7,-1,-1,-1,4,1,4
2016010019447,1,9,0,3,0,1,0,0,0,0,2,1,6,1,64,9,1198,1,2,4,1,4
2016010019447,2,9,0,18,0,1,0,0,0,0,1,1,6,1,56,9,1598,1,10,6,1,6
2016010019448,1,8,0,9,0,8,0,0,0,0,1,1,1,1,63,9,-1,-1,-1,4,1,4
2016010019448,2,1,0,18,0,8,0,0,0,0,1,1,6,2,28,6,-1,-1,-1,2,1,2
2016010019449,1,19,0,9,0,8,0,0,0,0,1,1,1,1,51,8,1995,2,4,7,1,7
2016010019449,2,8,0,18,0,8,0,0,0,0,1,1,1,1,71,10,2499,2,2,8,1,8
2016010019450,1,8,0,3,0,2,0,0,0,0,4,1,1,1,52,8,1798,8,4,1,1,1
2016010019450,2,3,0,15,0,2,0,0,0,0,1,1,6,2,42,7,125,1,6,2,1,2
2016010019451,1,1,0,18,4,8,0,0,0,0,3,1,2,1,28,6,-1,-1,-1,1,1,1
2016010019451,2,9,0,9,0,8,0,0,0,0,1,1,6,1,25,5,1598,2,2,7,1,7
2016010019454,1,9,0,9,0,8,0,0,0,0,4,1,6,1,49,8,1997,2,-1,-1,-1,-1
2016010019454,2,9,0,18,0,8,0,0,0,0,1,1,6,1,57,9,2953,2,13,8,1,8
2016010019455,1,19,0,7,0,1,0,0,0,0,4,1,1,1,56,9,1560,2,2,6,1,6
2016010019455,2,1,0,18,4,1,0,0,0,0,1,1,2,1,49,8,-1,-1,-1,8,1,8
2016010019456,1,1,0,18,0,2,0,0,0,0,1,1,6,1,38,7,-1,-1,-1,-1,-1,-1
2016010019456,2,8,0,18,0,2,0,0,0,0,2,1,6,3,-1,-1,-1,-1,-1,-1,-1,-1
2016010019457,1,9,0,4,0,8,0,0,0,0,2,1,6,1,40,7,-1,-1,-1,9,1,9
2016010019457,2,1,0,18,0,1,0,0,0,0,1,1,6,1,18,4,-1,-1,-1,4,1,4
2016010019514,1,9,0,18,0,8,0,0,0,0,4,1,6,1,25,5,1798,1,1,9,1,9
2016010019514,2,9,0,9,0,8,0,0,0,0,1,-1,6,3,-1,-1,-1,-1,-1,-1,-1,-1
2016010019515,1,9,0,9,0,0,0,0,0,0,3,1,6,1,31,6,1600,1,17,4,1,4
2016010019515,2,3,0,13,0,0,0,0,0,0,1,1,6,1,22,5,125,1,2,4,1,4
2016010019516,1,9,0,9,0,6,0,0,0,0,4,1,6,1,42,7,3123,1,12,6,1,6
2016010019516,2,5,0,18,0,1,0,0,0,0,1,1,6,1,49,8,598,1,19,2,1,2
2016010019520,1,9,0,18,0,8,0,0,0,0,3,1,6,2,55,8,1998,2,9,5,1,5
2016010019520,2,9,0,9,0,8,0,0,0,0,1,1,6,1,52,8,1598,1,10,2,1,2
2016010019521,1,5,0,18,0,8,0,0,0,0,4,1,6,1,24,5,-1,-1,-1,5,1,5
2016010019525,1,9,0,18,0,8,0,0,0,0,3,1,6,2,29,6,1360,1,11,2,1,2
2016010019525,2,8,0,18,0,8,0,0,0,0,1,1,6,1,37,7,1798,8,2,4,1,4
2016010019525,3,19,0,18,0,8,0,0,0,0,3,1,6,1,50,8,2198,2,1,8,1,8
2016010019527,1,9,0,4,0,1,0,0,0,0,2,-1,6,1,56,9,1896,2,14,4,1,4
2016010019527,2,9,0,18,0,1,0,0,0,0,1,-1,6,3,-1,-1,1951,2,10,-1,-1,-1
2016010019529,1,5,0,18,0,1,0,0,0,0,4,1,6,1,33,6,-1,-1,-1,3,1,3
2016010019530,1,9,0,18,0,8,0,0,0,0,3,1,6,1,37,7,3498,1,2,7,1,7
2016010019530,2,9,0,9,0,8,0,0,0,0,1,1,6,1,74,10,1242,1,11,-1,-1,-1
2016010019532,1,9,0,5,0,0,1,11,3,10,1,1,6,1,88,11,1398,1,4,7,1,7
2016010019533,1,5,0,18,0,8,0,0,0,0,3,1,6,1,45,7,1137,1,17,3,1,3
2016010019533,2,9,0,11,0,8,0,0,0,0,4,1,6,3,-1,-1,-1,-1,-1,-1,-1,-1
2016010019534,1,9,0,4,0,1,0,0,0,0,2,1,6,2,35,6,2143,2,1,8,3,8
2016010019534,2,9,0,18,0,1,0,0,0,0,1,1,6,1,27,6,1229,1,10,5,1,5
2016010019534,3,9,0,18,0,1,0,0,0,0,1,1,6,1,27,6,2143,2,2,1,1,1
2016010019536,1,11,0,18,0,1,0,0,0,0,0,1,1,1,-1,-1,-1,-1,-1,-1,-1,-1
2016010019538,1,9,0,13,0,8,0,0,0,0,4,1,6,2,51,8,1995,2,12,4,1,4
2016010019538,2,17,0,9,0,8,0,0,0,0,1,1,1,1,18,4,4400,2,2,6,3,6
2016010019539,1,19,0,18,0,1,0,8,0,0,4,1,6,1,-1,-1,2402,2,10,-1,-1,-1
2016010019541,1,9,0,9,0,5,0,0,0,0,1,1,1,2,41,7,-1,-1,-1,3,1,3
2016010019541,2,1,0,18,0,1,0,0,0,0,1,1,6,1,17,4,-1,-1,-1,4,1,4
2016010019542,1,9,0,9,0,8,0,0,0,0,0,1,6,1,24,5,1590,1,20,10,1,10
2016010019542,2,2,0,7,0,8,0,0,0,0,1,1,6,1,28,6,-1,-1,-1,7,1,7
2016010019544,1,9,0,12,0,0,0,0,0,0,2,1,6,1,29,6,2143,2,-1,8,1,8
2016010019544,2,9,0,18,0,0,0,0,0,0,1,1,6,1,30,6,1997,1,7,9,1,9
2016010019545,1,9,0,18,0,8,0,0,0,0,3,1,6,1,73,10,1590,1,12,7,1,7
2016010019546,1,19,0,3,0,1,0,0,0,0,2,1,1,1,-1,-1,2198,2,-1,-1,-1,-1
2016010019546,2,11,0,4,0,1,0,0,0,0,1,1,1,1,54,8,4500,2,7,4,1,4
2016010019548,1,8,0,18,0,8,5,4,0,0,1,1,6,1,22,5,1197,1,1,8,1,8
2016010019548,2,9,0,18,0,8,0,0,0,0,3,1,6,2,22,5,1598,1,2,4,1,4
2016010019548,3,9,0,2,0,8,0,0,0,0,2,1,6,3,-1,-1,1598,1,14,-1,-1,-1
2016010019552,1,9,0,3,0,0,0,0,0,0,2,1,1,1,50,8,2179,2,5,7,1,7
2016010019552,2,9,0,5,0,0,0,0,0,0,2,1,1,1,36,7,1248,1,7,5,1,5
2016010019552,3,9,0,5,0,0,0,0,0,0,1,1,1,1,26,6,1598,1,11,7,1,7
2016010019555,1,9,0,1,0,8,0,0,0,0,2,1,1,1,-1,-1,1560,2,6,-1,-1,-1
2016010019557,1,9,0,18,0,8,0,0,0,0,2,1,6,1,57,9,998,1,2,2,1,2
2016010019557,2,9,0,18,0,8,0,0,0,0,1,1,6,1,55,8,1995,2,8,4,1,4
2016010019558,1,9,0,18,0,8,0,0,0,0,1,1,6,1,41,7,1388,1,13,2,1,2
2016010019558,2,9,0,18,0,8,0,0,0,0,3,1,6,1,52,8,2967,2,3,8,1,8
2016010019559,1,9,0,9,0,8,0,0,0,0,4,1,1,1,41,7,1997,2,3,4,1,4
2016010019559,2,3,0,18,0,8,0,0,0,0,1,1,6,2,19,4,124,1,5,2,1,2
2016010019561,1,9,0,18,0,0,0,0,0,0,1,1,6,1,32,6,1197,1,6,4,1,4
2016010019561,2,9,0,7,0,0,0,0,0,0,3,1,6,1,25,5,1242,1,13,6,1,6
2016010019569,1,9,0,18,0,8,0,0,0,0,3,1,6,1,25,5,-1,-1,-1,4,1,4
2016010019569,2,8,0,7,0,5,0,0,0,0,4,1,1,1,-1,-1,1968,2,1,-1,-1,-1
2016010019570,1,19,0,5,0,1,0,0,0,0,1,1,6,1,41,7,1560,2,2,4,1,4
2016010019570,2,1,0,4,0,1,0,0,0,0,2,1,6,1,58,9,-1,-1,-1,10,1,10
2016010019572,1,9,0,18,0,0,0,0,0,0,4,1,6,1,31,6,2979,1,1,4,1,4
2016010019575,1,8,0,18,0,1,0,0,0,0,1,1,6,1,-1,-1,-1,-1,-1,-1,-1,-1
2016010019575,2,1,0,5,0,1,0,0,0,0,2,1,6,2,-1,-1,-1,-1,-1,2,1,2
2016010019576,1,9,0,3,0,1,0,0,0,0,2,1,6,2,26,6,1968,2,3,-1,-1,-1
2016010019576,2,9,0,3,0,1,0,0,0,0,2,1,6,1,30,6,1995,2,1,-1,-1,-1
2016010019576,3,9,0,18,0,1,0,0,0,0,1,1,6,2,49,8,1997,1,13,-1,-1,-1
2016010019577,1,9,0,3,0,2,0,0,0,0,2,1,6,1,28,6,2198,1,9,7,1,7
2016010019577,2,9,0,18,0,2,0,0,0,0,1,1,6,1,46,8,1587,1,10,6,1,6
2016010019583,1,11,0,16,0,1,0,0,0,0,0,1,1,1,38,7,9000,2,8,8,1,8
2016010019585,1,9,0,4,0,0,0,0,0,0,2,1,6,1,45,7,1598,2,3,4,1,4
2016010019585,2,9,0,18,0,0,0,0,0,0,1,1,2,2,29,6,1995,2,7,5,1,5
2016010019586,1,11,0,4,0,1,0,0,0,0,0,1,1,1,27,6,9000,2,7,4,1,4
2016010019588,1,9,0,8,0,8,0,0,0,0,3,1,6,1,59,9,-1,-1,-1,-1,-1,-1
2016010019588,2,5,0,7,0,8,1,0,0,0,1,1,6,1,22,5,-1,-1,-1,10,1,10
2016010019593,1,5,0,9,0,8,0,0,0,0,4,1,6,1,58,9,798,1,5,5,1,5
2016010019593,2,5,0,18,0,8,0,0,0,0,3,1,6,1,44,7,-1,-1,-1,9,1,9
2016010019598,1,9,0,18,0,8,0,0,0,0,1,1,1,1,-1,-1,-1,-1,-1,-1,-1,-1
2016010019598,2,19,0,18,0,8,5,0,0,0,4,1,2,1,48,8,2143,2,3,4,1,4
2016010019599,1,8,0,9,0,5,0,0,0,0,1,2,2,1,53,8,1797,8,5,4,1,4
2016010019599,2,3,0,18,0,8,0,0,2,10,1,1,6,1,-1,-1,-1,-1,-1,-1,-1,-1
2016010019600,1,11,0,5,0,0,0,0,0,0,1,1,6,2,22,5,6700,2,4,2,1,2
2016010019601,1,9,0,18,0,2,0,0,0,0,1,1,6,1,22,5,2143,2,2,4,1,4
2016010019602,1,9,0,17,0,8,0,0,0,0,3,-1,6,2,39,7,1299,1,11,5,1,5
2016010019602,2,9,0,17,0,8,0,0,0,0,4,-1,6,3,-1,-1,-1,-1,-1,-1,-1,-1
2016010019603,1,1,0,18,0,0,0,0,0,0,1,1,6,1,25,5,-1,-1,-1,5,1,5
2016010019603,2,8,0,6,0,0,0,0,0,0,3,1,6,2,56,9,2402,2,11,10,1,10
2016010019605,1,5,0,3,0,8,0,0,0,0,2,1,1,1,57,9,675,1,-1,4,1,4
2016010019605,2,9,0,5,0,8,0,0,0,0,1,1,1,1,24,5,1797,8,5,-1,-1,-1
2016010019606,1,9,0,9,0,8,0,0,0,0,3,-1,6,3,-1,-1,-1,-1,-1,-1,-1,-1
2016010019608,1,1,0,18,0,0,0,0,0,0,1,1,2,1,41,7,-1,-1,-1,8,1,8
2016010019608,2,9,0,6,0,0,0,0,0,0,3,1,6,2,-1,-1,2499,1,9,-1,-1,-1
2016010019609,1,1,0,7,0,2,0,0,0,0,1,1,6,1,31,6,-1,-1,-1,-1,-1,-1
2016010019609,2,9,0,1,0,1,0,0,0,0,2,1,6,3,-1,-1,-1,-1,-1,-1,-1,-1
2016010019610,1,1,0,18,0,8,0,4,0,0,1,1,6,2,18,4,-1,-1,-1,3,1,3
2016010019610,2,9,0,2,0,8,0,0,0,0,3,1,6,3,-1,-1,1329,1,5,-1,-1,-1
2016010019611,1,9,0,18,0,8,0,0,0,0,1,1,6,1,50,8,1598,1,9,4,1,4
2016010019611,2,9,0,18,0,8,0,0,0,0,1,1,6,2,28,6,1600,1,12,7,1,7
2016010019612,1,9,0,18,0,0,0,0,0,0,3,1,6,1,34,6,898,1,-1,5,1,5
2016010019612,2,9,0,18,0,0,0,0,0,0,3,1,6,2,22,5,1600,1,5,5,1,5
2016010019614,1,9,0,18,0,1,0,0,0,0,1,1,6,1,43,7,1598,1,12,9,1,9
2016010019616,1,3,0,14,0,8,0,0,0,0,1,1,1,1,20,4,108,1,4,3,1,3
2016010019616,2,9,0,9,0,6,0,0,0,0,3,1,6,1,-1,-1,-1,-1,-1,-1,-1,-1
2016010019618,1,4,0,18,0,1,0,0,0,0,3,1,6,1,52,8,865,1,5,5,1,5
2016010019618,2,9,0,13,0,1,0,0,0,0,4,1,6,3,-1,-1,-1,-1,-1,-1,-1,-1
2016010019622,1,9,0,3,0,0,0,0,0,0,1,1,6,1,32,6,1560,2,2,10,1,10
2016010019622,2,4,0,5,0,0,0,0,0,0,1,1,6,1,-1,-1,-1,-1,-1,-1,-1,-1
2016010019626,1,9,0,5,0,4,0,0,0,0,1,1,6,1,25,5,1796,1,9,9,1,9
2016010019626,2,1,0,18,0,4,0,0,0,0,1,1,6,2,20,4,-1,-1,-1,9,1,9
2016010019632,1,5,0,18,0,0,1,0,0,0,4,1,6,1,34,6,929,1,14,9,1,9
2016010019635,1,3,0,18,0,2,0,0,0,0,1,1,6,1,-1,-1,-1,-1,-1,-1,-1,-1
2016010019637,1,9,0,18,0,8,0,0,0,0,3,1,6,2,39,7,998,1,13,6,1,6