Accident_Index,Vehicle_Reference,Vehicle_Type,Towing_and_Articulation,Vehicle_Manoeuvre,Vehicle_Location-Restricted_Lane,Junction_Location,Skidding_and_Overturning,Hit_Object_in_Carriageway,Vehicle_Leaving_Carriageway,Hit_Object_off_Carriageway,1st_Point_of_Impact,Was_Vehicle_Left_Hand_Drive?,Journey_Purpose_of_Driver,Sex_of_Driver,Age_of_Driver,Age_Band_of_Driver,Engine_Capacity_(CC),Propulsion_Code,Age_of_Vehicle,Driver_IMD_Decile,Driver_Home_Area_Type,Vehicle_IMD_Decile
2016010019637,2,9,0,18,0,8,0,0,0,0,1,1,6,3,-1,-1,-1,-1,-1,-1,-1,-1
2016010019639,1,5,0,14,0,1,0,0,0,0,1,1,6,1,57,9,-1,-1,-1,-1,-1,-1
2016010019639,2,9,0,7,0,2,0,0,0,0,1,1,6,1,33,6,1995,2,5,3,1,3
2016010019640,1,9,0,9,0,5,0,0,0,0,4,1,6,2,22,5,1995,1,6,1,1,1
2016010019640,2,1,0,4,2,8,0,0,0,0,1,1,6,1,60,9,-1,-1,-1,-1,-1,-1
2016010019642,1,9,0,11,0,0,0,0,0,0,4,1,6,2,43,7,2199,2,2,10,1,10
2016010019642,2,5,0,18,0,0,0,0,0,0,3,1,6,1,59,9,1170,1,10,2,1,2
2016010019644,1,4,0,5,0,2,0,0,0,0,3,1,6,1,45,7,279,1,9,10,1,10
2016010019644,2,9,0,11,0,2,0,0,0,0,4,1,6,1,26,6,-1,-1,-1,-1,-1,-1
2016010019647,1,9,0,4,0,8,0,0,0,0,2,1,6,1,46,8,2982,2,9,3,1,3
2016010019647,2,4,0,12,0,8,1,0,0,0,1,1,6,1,-1,-1,599,1,4,3,1,3
2016010019653,1,3,0,4,0,8,0,0,0,0,0,1,1,1,26,6,108,1,2,5,1,5
2016010019655,1,1,0,18,0,8,0,0,0,0,1,1,6,1,41,7,-1,-1,-1,9,2,9
2016010019655,2,9,0,9,0,8,0,0,0,0,3,1,6,3,-1,-1,-1,-1,-1,-1,-1,-1
2016010019660,1,3,0,18,0,8,0,0,0,0,1,1,6,1,28,6,125,1,4,4,1,4
2016010019660,2,9,0,9,0,8,0,0,0,0,3,1,6,1,41,7,-1,-1,-1,-1,-1,-1
2016010019663,1,9,0,18,0,0,0,0,0,0,1,1,6,2,38,7,1598,1,2,3,1,3
2016010019666,1,8,0,18,0,8,0,0,0,0,4,1,1,1,34,6,-1,-1,-1,3,1,3
2016010019667,1,90,0,18,2,8,0,0,0,0,3,1,6,1,40,7,2299,2,1,7,1,7
2016010019670,1,9,0,18,0,0,0,0,0,0,4,1,2,1,54,8,2143,2,2,4,1,4
2016010019670,2,1,0,18,0,0,0,0,0,0,3,1,1,1,56,9,-1,-1,-1,4,1,4
2016010019672,1,5,0,18,0,1,0,0,0,0,0,1,6,1,63,9,996,1,6,5,1,5
2016010019673,1,4,0,18,0,8,0,0,0,0,3,1,6,2,42,7,124,1,10,3,1,3
2016010019673,2,8,0,9,0,5,0,0,0,0,1,1,1,1,34,6,1798,8,1,-1,-1,-1
2016010019674,1,9,0,18,0,0,5,10,2,10,4,1,6,2,34,6,1598,1,10,-1,-1,-1
2016010019677,1,1,0,17,0,8,0,0,0,0,1,1,6,1,50,8,-1,-1,-1,3,1,3
2016010019677,2,9,0,7,0,8,0,0,0,0,4,1,6,2,-1,-1,1995,2,3,-1,-1,-1
2016010019681,1,9,0,9,0,8,0,0,0,0,1,1,6,1,30,6,1242,1,10,5,1,5
2016010019681,2,2,0,9,0,8,1,0,0,0,0,1,6,1,24,5,125,1,1,2,1,2
2016010019684,1,9,0,17,9,0,0,10,1,2,1,1,6,1,18,4,1229,1,3,5,1,5
2016010019687,1,9,0,18,0,0,0,0,0,0,3,1,6,2,29,6,1999,2,-1,2,1,2
2016010019690,1,9,0,18,0,1,0,0,0,0,1,1,6,1,30,6,-1,-1,-1,2,1,2
2016010019690,2,9,0,10,0,1,0,0,0,0,2,1,6,1,-1,-1,1797,8,5,-1,-1,-1
2016010019690,3,3,5,18,0,1,0,0,0,0,1,1,6,1,25,5,-1,-1,-1,-1,-1,-1
2016010019694,1,9,0,18,0,2,0,0,0,0,1,1,6,1,44,7,2494,1,16,5,1,5
2016010019695,1,9,0,18,0,8,0,0,0,0,1,1,6,1,35,6,1796,1,11,4,1,4
2016010019695,2,2,0,18,0,8,1,0,0,0,1,1,6,1,29,6,125,1,-1,2,1,2
2016010019703,1,11,0,18,0,8,0,0,0,0,0,1,1,1,56,9,4500,2,6,2,1,2
2016010019706,1,9,0,7,0,8,0,0,0,0,1,1,6,1,37,7,-1,-1,-1,-1,-1,-1
2016010019706,2,9,0,9,0,8,0,0,0,0,0,1,6,1,42,7,-1,-1,-1,4,1,4
2016010019758,1,9,0,18,0,8,0,7,0,0,1,1,6,2,52,8,1783,1,13,2,1,2
2016010019760,1,19,0,3,0,0,0,0,0,0,2,1,1,1,54,8,3920,2,7,2,1,2
2016010019760,2,9,0,3,0,0,0,0,0,0,2,1,6,2,33,6,998,1,8,3,1,3
2016010019760,3,19,0,18,0,0,0,0,0,0,1,1,6,1,48,8,2402,2,13,2,1,2
2016010019761,1,9,0,18,0,8,0,0,0,0,4,1,6,2,24,5,998,1,-1,8,1,8
2016010019761,2,1,0,12,0,8,0,0,0,0,2,1,6,1,-1,-1,-1,-1,-1,-1,-1,-1
2016010019762,1,9,0,9,0,8,0,0,0,0,1,1,6,1,45,7,-1,-1,-1,8,1,8
2016010019762,2,1,0,18,0,8,0,0,0,0,3,1,6,1,47,8,-1,-1,-1,6,1,6
2016010019773,1,9,0,9,0,8,0,0,0,0,4,1,6,2,43,7,2204,2,10,6,1,6
2016010019773,2,5,0,16,0,8,0,0,0,0,1,1,6,1,46,8,600,1,23,7,1,7
2016010019776,1,9,0,3,0,0,0,0,0,0,2,1,6,1,27,6,1149,1,8,1,1,1
2016010019776,2,9,0,18,0,0,0,0,0,0,1,1,6,1,23,5,1388,1,10,3,1,3
2016010019778,1,19,0,10,0,8,0,0,0,0,4,1,6,1,74,10,1868,2,10,3,1,3
2016010019778,2,3,0,4,2,8,1,0,0,0,1,1,1,1,27,6,125,1,6,3,1,3
2016010019781,1,9,0,5,0,8,0,0,0,0,4,1,2,1,65,9,1461,2,6,8,1,8
2016010019783,1,11,0,18,0,8,0,0,0,0,1,1,1,1,35,6,9000,2,8,2,1,2
2016010019783,2,19,0,9,0,8,0,0,0,0,4,1,1,1,60,9,-1,-1,-1,6,1,6
2016010019786,1,9,0,18,0,0,0,4,0,0,1,1,6,1,23,5,-1,-1,-1,4,1,4
2016010019790,1,3,0,3,0,1,0,0,0,0,2,1,6,1,38,7,125,1,8,3,1,3
2016010019790,2,19,0,5,0,1,0,0,0,0,1,1,6,1,-1,-1,1996,2,5,7,1,7
2016010019796,1,9,0,13,0,0,0,0,0,0,4,1,6,2,56,9,1797,8,2,2,1,2
2016010019796,2,1,0,18,0,0,0,0,0,0,3,1,6,1,40,7,-1,-1,-1,6,1,6
2016010019797,1,9,0,9,0,8,0,0,0,0,1,1,6,2,21,5,1197,1,-1,-1,-1,-1
2016010019797,2,9,0,18,0,8,0,0,0,0,4,1,6,2,30,6,1794,1,12,-1,-1,-1
2016010019798,1,9,0,18,0,0,0,0,0,0,4,1,6,1,23,5,998,1,13,8,1,8
2016010019798,2,19,0,9,0,0,0,0,0,0,1,1,6,1,-1,-1,1868,2,13,-1,-1,-1
2016010019803,1,9,0,4,0,1,0,0,0,0,2,1,6,1,47,8,1560,2,6,1,1,1
2016010019803,2,9,0,18,0,1,0,0,0,0,1,1,6,1,-1,-1,2494,1,21,-1,-1,-1
2016010019806,1,9,0,3,0,0,0,0,0,0,2,1,2,1,34,6,2143,2,3,-1,-1,-1
2016010019806,2,21,0,5,0,0,0,0,0,0,1,1,1,1,53,8,10518,2,3,4,1,4
2016010019811,1,9,0,7,0,8,0,0,0,0,4,1,1,1,43,7,4806,1,7,10,1,10
2016010019811,2,1,0,15,0,8,0,0,0,0,1,1,6,1,33,6,-1,-1,-1,5,1,5
2016010019824,1,9,0,12,0,8,0,0,0,0,3,1,6,1,56,9,1998,1,11,1,1,1
2016010019824,2,1,0,18,0,8,0,0,0,0,4,1,6,2,43,7,-1,-1,-1,3,1,3
2016010019825,1,9,0,18,0,0,0,0,0,0,1,1,6,1,31,6,1995,2,4,3,1,3
2016010019825,2,9,0,5,0,0,0,0,0,0,1,1,6,2,30,6,1360,1,10,6,1,6
2016010019829,1,9,0,18,0,0,0,0,0,0,1,1,6,1,37,7,1596,1,10,4,1,4
2016010019832,1,9,0,9,0,8,0,7,0,0,3,1,6,2,42,7,1995,2,-1,2,1,2
2016010019832,2,9,0,7,0,8,0,0,0,0,1,1,6,1,38,7,1198,1,12,2,1,2
2016010019838,1,9,0,7,0,8,0,0,0,0,3,1,6,2,55,8,1461,2,1,7,1,7
2016010019838,2,1,0,18,0,8,0,0,0,0,1,1,6,2,57,9,-1,-1,-1,7,1,7
2016010019839,1,9,0,18,0,8,0,0,0,0,4,1,2,1,49,8,1199,1,13,5,1,5
2016010019841,1,19,0,18,0,8,0,0,0,0,1,1,1,2,46,8,1560,2,3,-1,-1,-1
2016010019841,2,19,0,9,0,8,0,0,0,0,4,1,1,1,46,8,2463,2,12,4,1,4
2016010019843,1,3,0,9,0,5,0,0,0,0,1,1,2,1,33,6,108,1,3,6,1,6
2016010019843,2,9,0,9,0,5,0,0,0,0,3,1,6,2,32,6,998,1,14,-1,-1,-1
2016010019853,1,9,0,18,0,0,0,0,0,0,1,1,6,2,22,5,1198,1,-1,9,1,9
2016010019853,2,9,0,4,0,0,0,0,0,0,2,1,6,1,66,10,1598,1,4,7,1,7
2016010019853,3,19,0,3,0,0,0,0,0,0,2,1,1,1,37,7,1753,2,7,-1,-1,-1
2016010019855,1,9,0,11,0,8,0,0,0,0,1,1,6,1,49,8,1968,2,4,9,1,9
2016010019857,1,9,0,6,0,8,0,0,0,0,3,1,6,1,49,8,1582,2,4,6,1,6
2016010019857,2,4,0,13,0,8,0,0,0,0,1,1,6,1,21,5,124,1,3,6,1,6
2016010019864,1,1,0,18,4,2,0,0,0,0,3,1,2,2,49,8,-1,-1,-1,4,1,4
2016010019864,2,9,0,13,2,2,0,0,0,0,4,1,6,1,-1,-1,-1,-1,-1,-1,-1,-1
2016010019865,1,9,0,18,0,0,0,0,0,0,1,1,6,1,-1,-1,-1,-1,-1,-1,-1,-1
2016010019865,2,9,0,10,0,0,0,0,0,0,2,1,6,1,29,6,1797,8,2,2,1,2
2016010019866,1,19,0,9,0,8,0,0,0,0,4,1,1,1,25,5,1560,2,5,9,1,9
2016010019866,2,1,0,18,0,8,0,0,0,0,1,1,6,1,-1,-1,-1,-1,-1,4,1,4
2016010019867,1,3,0,5,0,2,1,0,0,0,1,1,6,1,20,4,124,1,6,3,1,3
2016010019867,2,8,0,3,0,2,0,0,0,0,2,1,1,1,40,7,1968,2,7,4,1,4
2016010019869,1,19,0,18,0,0,0,0,0,0,1,1,1,1,49,8,2143,2,2,7,1,7
2016010019869,2,9,0,18,0,0,0,0,0,0,1,1,1,2,69,10,1149,1,1,5,1,5
2016010019870,1,11,0,4,0,8,0,0,0,0,0,1,1,1,55,8,8300,2,9,4,1,4
2016010019874,1,9,0,18,0,2,0,0,0,0,1,1,1,2,30,6,1596,1,11,2,1,2
2016010019879,1,9,0,18,0,8,0,4,0,0,4,1,6,2,60,9,1598,1,4,8,1,8
2016010019879,2,9,0,18,0,8,0,0,0,0,1,1,6,1,55,8,1791,8,5,8,1,8
2016010019881,1,9,0,4,0,1,0,0,0,0,2,1,6,1,32,6,1363,2,11,2,1,2
2016010019881,2,9,0,18,0,1,0,0,0,0,1,1,6,3,-1,-1,1796,1,5,-1,-1,-1
2016010019882,1,9,0,11,0,1,0,0,0,0,2,1,6,2,32,6,1596,1,11,1,1,1
2016010019882,2,9,0,18,0,1,5,0,0,0,1,1,6,1,-1,-1,1388,1,12,-1,-1,-1
2016010019884,1,19,0,18,0,0,0,0,0,0,3,1,6,1,53,8,1753,2,10,2,1,2
2016010019884,2,19,0,15,0,0,0,0,0,0,4,1,6,3,-1,-1,12900,2,9,-1,-1,-1
2016010019885,1,9,0,4,0,1,0,0,0,0,1,1,2,1,46,8,2993,2,4,10,1,10
2016010019885,2,19,0,3,0,1,0,0,0,0,2,1,6,1,30,6,2143,2,6,3,1,3
2016010019887,1,9,0,18,0,2,0,0,0,0,4,1,1,1,45,7,1360,1,14,7,1,7
2016010019888,1,9,0,6,0,1,0,0,0,0,4,1,6,2,35,6,2987,2,6,8,1,8
2016010019888,2,9,0,13,0,1,0,0,0,0,1,1,6,3,-1,-1,1596,1,15,-1,-1,-1
2016010019891,1,9,5,18,0,8,0,0,0,0,4,1,6,1,31,6,2143,2,3,-1,-1,-1
2016010019891,2,9,0,9,0,8,0,0,0,0,1,1,6,1,-1,-1,1598,1,13,-1,-1,-1
2016010019893,1,9,0,17,0,8,0,0,0,0,3,1,6,1,42,7,1799,1,9,2,1,2
2016010019893,2,9,0,17,0,8,0,0,0,0,4,1,1,1,-1,-1,1995,2,2,9,1,9
2016010019896,1,9,0,18,0,1,0,0,0,0,1,1,6,2,46,8,-1,-1,-1,5,1,5
2016010019902,1,9,0,18,0,0,0,0,0,0,1,1,6,1,31,6,2987,2,-1,3,1,3
2016010019902,2,9,0,18,0,0,0,0,0,0,2,1,6,1,22,5,-1,-1,-1,3,1,3
2016010019903,1,9,0,3,0,0,0,0,0,0,2,1,6,1,25,5,1396,1,2,2,1,2
2016010019903,2,9,0,18,0,0,0,0,0,0,1,1,6,2,-1,-1,1400,1,11,6,1,6
2016010019907,1,19,0,18,0,1,0,0,0,0,2,1,6,1,57,9,1753,2,11,5,1,5
2016010019907,2,9,0,18,0,1,0,0,0,0,1,1,6,1,51,8,2198,1,9,10,3,10
2016010019912,1,9,0,10,0,8,0,0,0,0,1,1,6,2,25,5,1598,1,10,2,1,2
2016010019912,2,11,0,9,0,8,0,0,0,0,1,1,1,1,33,6,4500,2,9,2,1,2
2016010019912,3,9,0,9,0,8,1,0,0,0,3,1,6,1,22,5,-1,-1,-1,6,1,6
2016010019917,1,11,0,5,0,0,0,0,0,0,0,1,1,2,40,7,4461,2,2,-1,-1,-1
2016010019919,1,1,0,18,0,8,0,0,0,0,1,1,6,1,32,6,-1,-1,-1,8,1,8
2016010019919,2,9,0,9,0,8,0,0,0,0,4,1,6,2,40,7,1598,1,7,6,1,6
2016010019920,1,1,0,14,0,1,0,0,0,0,0,1,6,2,47,8,-1,-1,-1,3,1,3
2016010019921,1,9,0,3,0,2,0,4,0,0,1,1,6,1,62,9,1769,1,14,10,1,10
2016010019921,2,9,0,18,0,1,0,0,0,0,1,1,6,3,-1,-1,2143,2,3,-1,-1,-1
2016010019921,3,9,0,2,0,1,0,0,0,0,2,1,6,3,-1,-1,1799,1,9,-1,-1,-1
2016010019923,1,9,0,7,0,8,0,0,0,0,4,1,6,1,40,7,1560,2,8,2,1,2
2016010019923,2,1,0,18,0,8,0,0,0,0,1,1,6,1,29,6,-1,-1,-1,3,1,3
2016010019930,1,9,0,18,0,0,0,0,0,0,4,1,6,1,30,6,1753,2,13,3,1,3
2016010019932,1,11,0,4,0,1,0,0,0,0,0,1,1,1,51,8,-1,-1,-1,-1,-1,-1
2016010019933,1,9,0,18,0,8,2,10,1,1,3,1,1,1,49,8,1834,1,12,10,1,10
2016010019933,2,9,0,11,0,8,0,0,0,0,4,1,1,1,22,5,2143,2,3,4,1,4
2016010019935,1,9,0,-1,0,0,0,-1,0,0,3,1,6,3,-1,-1,-1,-1,-1,-1,-1,-1
2016010019945,1,19,0,1,0,8,0,0,0,0,2,1,6,1,45,7,1998,2,14,2,1,2
2016010019947,1,9,0,7,0,8,0,0,0,0,1,1,6,1,21,5,1560,2,4,5,1,5
2016010019947,2,9,0,18,0,8,0,0,0,0,1,1,6,1,30,6,-1,-1,-1,4,1,4
2016010019948,1,11,0,17,0,0,0,0,0,0,0,1,1,1,54,8,7300,2,11,2,1,2
2016010019951,1,3,0,18,0,1,1,0,0,0,0,1,2,1,20,4,125,1,7,4,1,4
2016010019951,2,9,0,9,0,8,0,0,0,0,0,1,6,1,-1,-1,3956,1,17,-1,-1,-1
2016010019955,1,9,0,18,0,8,0,0,0,0,1,1,6,1,-1,-1,1685,2,-1,6,1,6
2016010019955,2,9,0,5,0,8,0,0,0,0,3,1,6,1,31,6,1398,1,5,1,1,1
2016010019963,1,9,-1,-1,9,8,-1,0,7,1,-1,-1,6,3,-1,-1,-1,-1,-1,-1,-1,-1
2016010019964,1,3,0,3,0,8,0,0,0,0,2,1,6,1,37,7,124,1,7,2,1,2
2016010019964,2,9,0,5,0,8,0,0,0,0,3,1,6,1,-1,-1,999,1,1,2,1,2
2016010019966,1,9,0,7,0,8,0,0,0,0,1,1,6,2,35,6,999,1,-1,2,1,2
2016010019966,2,1,0,18,0,8,0,0,0,0,1,1,6,1,35,6,-1,-1,-1,5,1,5
2016010019975,1,1,0,7,0,8,0,0,0,0,1,1,6,1,22,5,-1,-1,-1,2,1,2
2016010019975,2,5,0,5,0,8,0,0,0,0,1,1,6,1,62,9,599,1,11,3,1,3
2016010019981,1,9,0,18,0,8,0,0,0,0,4,1,6,1,36,7,-1,-1,-1,2,1,2
2016010019984,1,9,0,18,0,1,0,10,7,2,1,1,6,1,24,5,1229,1,10,2,1,2
2016010019988,1,1,0,18,0,8,0,0,0,0,1,1,2,1,34,6,-1,-1,-1,6,1,6
2016010019988,2,9,0,9,0,8,0,0,0,0,4,1,6,2,-1,-1,-1,-1,-1,-1,-1,-1
2016010019991,1,9,0,9,0,8,0,7,1,1,3,1,6,1,70,10,2171,1,13,-1,-1,-1
2016010019991,2,9,0,13,0,8,2,7,7,10,4,1,6,1,27,6,1498,1,10,4,1,4
2016010020003,1,9,0,9,0,8,0,0,0,0,1,1,6,1,51,8,1781,1,10,10,1,10
2016010020003,2,1,0,18,2,8,0,0,0,0,2,1,6,1,34,6,-1,-1,-1,3,1,3
2016010020004,1,9,0,16,0,8,0,10,1,10,3,1,6,2,43,7,1598,1,4,3,1,3
2016010020004,2,20,0,11,0,3,0,0,0,0,4,1,6,3,-1,-1,-1,-1,-1,-1,-1,-1
2016010020006,1,5,0,18,0,8,0,0,0,0,1,1,6,1,26,6,675,1,1,3,1,3
2016010020006,2,9,0,18,0,8,0,0,0,0,4,1,6,2,56,9,1596,1,11,5,1,5
2016010020008,1,1,0,7,0,8,0,0,0,0,2,1,6,1,42,7,-1,-1,-1,1,1,1
2016010020008,2,9,0,18,0,8,0,0,0,0,1,1,6,1,-1,-1,-1,-1,-1,-1,-1,-1
2016010020062,1,5,0,18,0,0,0,0,0,0,1,1,6,1,68,10,599,1,7,6,1,6
2016010020062,2,9,0,6,0,0,0,0,0,0,4,1,2,1,38,7,1598,1,9,2,1,2
2016010020068,1,9,0,12,0,1,0,0,0,0,2,1,6,2,24,5,1995,2,-1,10,1,10
2016010020068,2,9,0,18,0,1,0,0,0,0,1,1,6,1,19,4,898,1,-1,7,1,7
2016010020070,1,9,0,18,0,0,0,4,0,0,1,1,6,1,25,5,-1,-1,-1,8,1,8
2016010020070,2,9,0,2,0,0,0,0,0,0,1,1,6,3,-1,-1,-1,3,-1,-1,-1,-1
2016010020071,1,9,0,5,0,8,0,0,0,0,1,1,2,1,29,6,1753,2,7,2,1,2
2016010020075,1,19,0,18,0,8,0,0,0,0,1,1,1,1,29,6,2143,2,2,2,1,2
2016010020075,2,19,0,4,0,8,0,0,0,0,2,1,1,1,43,7,1968,2,-1,4,1,4
2016010020075,3,9,0,3,0,8,0,0,0,0,2,1,6,1,46,8,1896,2,13,7,1,7
2016010020076,1,1,0,18,0,0,0,0,0,0,1,1,6,1,23,5,-1,-1,-1,5,1,5
2016010020076,2,9,0,1,0,0,0,0,0,0,2,1,6,3,-1,-1,2401,2,11,-1,-1,-1
2016010020080,1,9,0,18,0,0,0,4,0,0,1,1,6,1,21,5,1242,1,14,2,1,2
2016010020080,2,19,0,2,0,0,0,0,0,0,2,1,6,3,-1,-1,1896,2,8,-1,-1,-1
2016010020080,3,9,0,2,0,0,0,0,0,0,3,1,6,3,-1,-1,1995,2,11,-1,-1,-1
2016010020081,1,3,0,14,0,0,0,0,0,0,4,1,2,1,34,6,124,1,1,4,1,4
2016010020081,2,11,0,3,0,0,0,0,0,0,3,1,1,1,-1,-1,-1,-1,-1,-1,-1,-1
2016010020082,1,9,0,3,0,1,0,0,0,0,2,1,6,2,52,8,1240,1,11,2,1,2
2016010020082,2,9,0,4,0,1,0,0,0,0,1,1,2,1,19,4,2198,1,9,9,1,9
2016010020082,3,9,0,3,0,1,0,0,0,0,2,1,1,1,29,6,-1,-1,-1,7,1,7
2016010020084,1,5,0,14,0,1,0,0,0,0,1,1,1,1,34,6,690,1,1,10,1,10
2016010020084,2,9,0,9,0,2,0,0,0,0,1,1,1,2,23,5,1390,1,3,3,1,3
2016010020088,1,9,0,18,0,8,0,0,0,0,1,1,6,2,17,4,1390,1,4,5,1,5
2016010020089,1,1,0,18,2,1,0,0,0,0,3,1,2,1,51,8,-1,-1,-1,7,1,7
2016010020089,2,9,0,7,0,5,0,0,0,0,4,1,6,3,-1,-1,-1,-1,-1,-1,-1,-1
2016010020091,1,2,0,18,0,8,0,0,0,0,1,1,6,1,30,6,-1,-1,-1,6,1,6
2016010020092,1,9,0,18,0,0,0,0,0,0,4,1,6,3,-1,-1,-1,-1,-1,-1,-1,-1
2016010020096,1,20,0,3,0,0,0,0,0,0,1,1,1,1,39,7,11946,2,4,2,1,2
2016010020096,2,9,0,4,0,0,0,0,0,0,2,1,2,1,29,6,-1,-1,-1,6,1,6
2016010020096,3,9,0,18,0,0,0,0,0,0,1,1,6,2,33,6,1598,1,15,9,1,9
2016010020099,1,9,0,18,0,8,1,0,0,0,2,1,6,1,52,8,1398,1,12,2,1,2
2016010020099,2,9,0,-1,0,8,0,0,0,0,1,1,6,3,-1,-1,-1,-1,-1,-1,-1,-1
2016010020100,1,9,0,18,0,2,0,10,7,10,1,1,6,2,52,8,1360,1,8,8,1,8
2016010020107,1,3,0,13,0,8,0,0,0,0,1,1,6,1,23,5,125,1,9,-1,-1,-1
2016010020107,2,19,0,9,0,5,0,0,0,0,3,1,6,1,45,7,2198,2,8,6,1,6
2016010020110,1,9,0,3,0,1,0,0,0,0,2,1,1,1,37,7,1598,2,2,8,2,8
2016010020110,2,19,0,4,0,1,0,0,0,0,1,1,6,3,-1,-1,-1,-1,-1,-1,-1,-1
2016010020112,1,9,0,18,0,8,0,0,0,0,1,1,6,1,38,7,1905,2,20,2,1,2
2016010020112,2,1,0,18,0,8,0,0,0,0,2,1,6,2,44,7,-1,-1,-1,2,1,2
2016010020117,1,90,0,11,0,0,0,0,0,0,4,1,1,1,23,5,-1,-1,-1,9,1,9
2016010020117,2,9,0,18,0,0,0,0,0,0,3,1,6,2,66,10,1590,1,14,7,1,7
2016010020119,1,1,0,18,4,8,0,0,0,0,1,1,6,1,34,6,-1,-1,-1,8,1,8
2016010020119,2,9,0,9,0,8,0,0,0,0,4,1,6,2,-1,-1,-1,-1,-1,-1,-1,-1
2016010020125,1,9,0,18,0,8,0,0,0,0,3,1,6,2,60,9,1364,1,9,3,1,3
2016010020125,2,9,0,9,0,8,0,0,0,0,1,1,6,2,21,5,1388,1,7,7,1,7
2016010020129,1,11,0,4,0,0,0,0,0,0,0,1,1,1,53,8,4500,2,-1,-1,-1,-1
2016010020130,1,19,0,18,0,8,0,0,0,0,4,1,1,1,36,7,-1,-1,-1,4,1,4
2016010020130,2,9,0,7,0,8,0,0,0,0,1,1,6,3,-1,-1,1968,2,2,-1,-1,-1
2016010020131,1,3,0,18,0,0,2,7,0,0,1,1,6,1,18,4,124,1,-1,2,1,2
2016010020133,1,8,0,18,0,8,0,0,0,0,3,1,1,1,-1,-1,1248,2,9,-1,-1,-1
2016010020133,2,9,0,9,0,8,0,0,0,0,1,1,2,2,-1,-1,1242,1,4,3,1,3
2016010020136,1,9,0,9,0,8,0,0,0,0,4,1,6,1,28,6,1229,1,6,2,1,2
2016010020136,2,9,0,18,0,8,0,0,0,0,1,1,6,2,41,7,1598,1,12,-1,-1,-1
2016010020141,1,9,0,18,0,0,0,0,0,0,1,1,6,2,47,8,998,1,-1,5,1,5
2016010020141,2,9,0,6,0,0,0,0,0,0,2,1,6,2,46,8,998,1,16,7,1,7
2016010020144,1,11,0,18,0,8,0,0,0,0,1,1,1,1,44,7,-1,-1,-1,2,1,2
2016010020144,2,1,0,7,0,4,1,0,0,0,1,1,6,2,-1,-1,-1,-1,-1,-1,-1,-1
2016010020145,1,5,0,4,0,1,0,0,0,0,0,1,6,1,26,6,85,1,8,4,1,4
2016010020146,1,4,0,18,0,1,0,0,0,0,1,1,2,1,40,7,124,1,10,3,1,3
2016010020146,2,8,0,4,0,1,0,0,0,0,2,1,1,1,29,6,-1,-1,-1,1,1,1
2016010020147,1,9,0,11,0,0,0,10,5,6,4,1,6,2,23,5,1769,1,12,9,1,9
2016010020147,2,21,1,18,0,0,0,0,0,0,3,1,1,1,49,8,11967,2,5,-1,-1,-1
2016010020152,1,3,0,18,0,0,0,0,0,0,1,1,6,1,40,7,125,1,3,3,1,3
2016010020152,2,9,0,4,0,0,0,0,0,0,2,1,6,2,54,8,1339,1,13,2,1,2
2016010020153,1,9,0,18,0,8,0,0,0,0,3,-1,6,3,-1,-1,1910,2,8,-1,-1,-1
2016010020156,1,9,0,9,0,8,0,0,0,0,4,1,6,3,-1,-1,-1,-1,-1,-1,-1,-1
2016010020157,1,9,0,10,0,8,0,0,0,0,3,1,6,2,47,8,1390,1,3,4,1,4
2016010020157,2,9,0,9,0,8,0,0,0,0,3,1,6,1,43,7,1149,1,13,3,1,3
2016010020162,1,9,0,7,0,6,0,0,0,0,3,1,6,2,27,6,1349,1,5,2,1,2
2016010020162,2,3,0,18,0,8,0,0,0,0,1,1,6,1,32,6,125,1,1,3,1,3
2016010020163,1,9,0,6,0,0,0,0,0,0,3,1,6,2,26,6,2143,2,1,4,1,4
2016010020163,2,9,0,18,0,0,0,0,0,0,1,1,6,1,25,5,1242,1,7,10,1,10
2016010020166,1,9,0,9,0,8,0,0,0,0,1,1,6,1,19,4,1388,1,14,10,1,10
2016010020166,2,1,0,18,0,8,0,0,0,0,3,1,6,1,51,8,-1,-1,-1,1,1,1
2016010020169,1,9,0,18,0,4,0,0,0,0,1,1,6,1,39,7,-1,-1,-1,1,1,1
2016010020175,1,9,0,18,0,8,0,0,0,0,4,1,6,1,30,6,1998,2,3,3,1,3
2016010020175,2,1,0,18,0,8,0,0,0,0,3,1,6,1,13,3,-1,-1,-1,3,1,3
2016010020176,1,9,0,10,0,1,0,0,0,0,2,1,6,2,18,4,1229,1,7,3,1,3
2016010020176,2,9,0,18,0,1,0,0,0,0,1,1,6,1,-1,-1,1753,2,9,10,1,10
2016010020181,1,9,0,18,0,2,0,0,0,0,3,1,6,1,53,8,2148,2,7,6,1,6
2016010020181,2,9,0,18,0,1,0,0,0,0,3,1,6,1,25,5,1560,2,-1,4,1,4
2016010020185,1,9,0,9,0,8,0,0,0,0,3,1,6,2,48,8,1499,2,1,3,1,3
2016010020185,2,9,0,9,0,8,0,0,0,0,1,1,6,3,-1,-1,-1,-1,-1,-1,-1,-1
2016010020188,1,21,0,5,0,2,0,0,0,0,4,-1,6,1,-1,-1,-1,-1,-1,4,1,4
2016010020190,1,1,0,4,0,0,0,0,0,0,1,1,6,1,52,8,-1,-1,-1,6,1,6
2016010020191,1,3,0,18,0,1,0,0,0,0,1,1,6,1,26,6,-1,-1,-1,-1,-1,-1