Accident_Index,Vehicle_Reference,Vehicle_Type,Towing_and_Articulation,Vehicle_Manoeuvre,Vehicle_Location-Restricted_Lane,Junction_Location,Skidding_and_Overturning,Hit_Object_in_Carriageway,Vehicle_Leaving_Carriageway,Hit_Object_off_Carriageway,1st_Point_of_Impact,Was_Vehicle_Left_Hand_Drive?,Journey_Purpose_of_Driver,Sex_of_Driver,Age_of_Driver,Age_Band_of_Driver,Engine_Capacity_(CC),Propulsion_Code,Age_of_Vehicle,Driver_IMD_Decile,Driver_Home_Area_Type,Vehicle_IMD_Decile
2016010020192,1,1,0,18,0,8,0,0,0,0,4,1,1,2,39,7,-1,-1,-1,2,1,2
2016010020192,2,9,0,5,0,8,0,0,0,0,1,1,6,1,-1,-1,1797,8,6,5,1,5
2016010020194,1,9,0,7,0,8,0,0,0,0,4,1,6,1,22,5,1398,2,9,6,1,6
2016010020194,2,1,0,18,0,8,0,0,0,0,1,1,6,1,38,7,-1,-1,-1,7,1,7
2016010020202,1,9,0,18,0,0,0,0,0,0,4,1,6,1,22,5,-1,-1,-1,4,1,4
2016010020208,1,9,0,5,0,1,0,0,0,0,2,1,6,1,35,6,1386,1,3,2,1,2
2016010020208,2,9,0,5,0,1,0,0,0,0,1,1,6,3,-1,-1,-1,-1,-1,-1,-1,-1
2016010020212,1,9,0,5,0,8,0,0,0,0,3,1,6,1,24,5,1598,1,9,4,1,4
2016010020212,2,9,0,18,0,8,0,0,0,0,4,1,6,2,45,7,-1,-1,-1,3,1,3
2016010020214,1,9,0,17,0,2,0,0,0,0,1,1,6,1,37,7,1389,1,19,6,1,6
2016010020214,2,9,0,16,0,1,0,0,0,0,3,1,6,2,61,9,1995,2,4,3,1,3
2016010020214,3,8,0,17,0,2,0,0,0,0,1,1,2,1,46,8,1997,2,6,8,1,8
2016010020216,1,11,0,18,0,1,0,0,0,0,0,1,1,1,33,6,6700,2,5,-1,-1,-1
2016010020217,1,9,0,18,0,1,0,0,0,0,4,1,6,1,25,5,-1,-1,-1,-1,-1,-1
2016010020219,1,9,0,9,0,8,0,0,0,0,4,1,6,2,68,10,1560,2,5,3,1,3
2016010020219,2,9,0,18,0,8,0,0,0,0,1,1,6,2,-1,-1,-1,-1,-1,-1,-1,-1
2016010020222,1,9,0,3,0,1,0,0,0,0,2,1,6,2,51,8,1598,1,5,2,1,2
2016010020222,2,9,0,4,0,1,0,0,0,0,1,1,6,3,-1,-1,-1,-1,-1,-1,-1,-1
2016010020224,1,9,0,3,0,1,0,0,0,0,2,1,6,1,46,8,2143,2,5,3,1,3
2016010020224,2,9,0,4,0,1,0,0,0,0,1,1,6,3,-1,-1,-1,-1,-1,-1,-1,-1
2016010020226,1,3,0,4,0,8,1,0,0,0,0,1,1,2,44,7,125,1,6,6,1,6
2016010020226,2,19,0,7,0,5,0,0,0,0,0,1,1,1,-1,-1,2998,2,1,-1,-1,-1
2016010020228,1,9,0,4,0,8,0,0,0,0,1,1,6,1,34,6,1997,2,5,2,1,2
2016010020228,2,9,0,4,0,8,0,0,0,0,2,1,6,2,37,7,1598,1,5,2,1,2
2016010020230,1,3,0,9,0,0,0,0,0,0,1,1,6,1,42,7,124,1,15,2,1,2
2016010020230,2,19,0,9,0,0,0,0,0,0,3,1,6,1,28,6,-1,-1,-1,-1,-1,-1
2016010020235,1,1,0,18,0,1,0,0,0,0,2,1,2,2,27,6,-1,-1,-1,6,1,6
2016010020235,2,9,0,18,0,1,0,0,0,0,1,1,6,3,-1,-1,-1,-1,-1,-1,-1,-1
2016010020236,1,9,0,18,9,0,0,10,1,0,1,1,6,3,-1,-1,1596,1,10,-1,-1,-1
2016010020241,1,5,0,18,0,0,0,0,0,0,1,1,6,1,50,8,865,1,4,8,1,8
2016010020241,2,1,0,18,0,0,0,0,0,0,2,1,6,1,55,8,-1,-1,-1,5,1,5
2016010020244,1,19,0,7,0,8,0,0,0,0,4,1,1,1,44,7,2198,2,1,4,1,4
2016010020245,1,9,0,7,0,8,0,0,0,0,4,1,6,1,31,6,-1,-1,-1,8,1,8
2016010020245,2,5,0,15,0,8,0,0,0,0,1,1,6,1,47,8,821,1,1,10,1,10
2016010020250,1,9,0,18,0,1,0,0,0,0,1,1,6,1,36,7,1798,8,2,2,1,2
2016010020250,2,9,0,18,0,1,0,0,0,0,2,1,6,1,29,6,2999,2,10,6,1,6
2016010020252,1,19,0,2,0,0,0,0,0,0,2,1,6,3,-1,-1,2143,2,3,-1,-1,-1
2016010020252,2,1,0,18,0,0,0,4,0,0,1,1,6,1,67,10,-1,-1,-1,7,1,7
2016010020254,1,9,0,7,0,8,0,0,0,0,1,1,6,2,31,6,1595,1,3,2,1,2
2016010020254,2,9,0,8,0,8,0,0,0,0,1,1,6,1,59,9,1598,1,16,6,2,6
2016010020255,1,9,0,5,0,2,0,0,0,0,1,1,6,1,64,9,2993,2,10,4,1,4
2016010020259,1,2,0,13,0,8,0,0,0,0,1,1,6,1,26,6,-1,-1,-1,3,1,3
2016010020261,1,9,0,9,0,5,0,0,0,0,3,1,6,1,28,6,1399,2,12,2,1,2
2016010020261,2,4,0,13,0,8,0,0,7,0,1,1,6,1,26,6,599,1,11,-1,-1,-1
2016010020269,1,3,0,18,0,0,0,0,0,0,1,1,1,1,26,6,-1,-1,-1,3,1,3
2016010020269,2,3,0,4,0,0,0,0,0,0,2,1,6,1,19,4,-1,-1,-1,1,1,1
2016010020271,1,3,0,9,0,8,0,0,0,0,1,1,6,3,-1,-1,-1,-1,-1,-1,-1,-1
2016010020271,2,9,0,18,0,8,0,0,0,0,3,1,1,1,-1,-1,-1,-1,-1,2,1,2
2016010020271,3,1,0,18,0,8,0,0,0,0,1,1,1,1,32,6,-1,-1,-1,6,1,6
2016010020272,1,9,0,18,0,1,-1,0,0,0,1,-1,6,3,-1,-1,-1,-1,-1,-1,-1,-1
2016010020318,1,5,0,15,0,1,0,0,0,0,1,1,2,1,63,9,600,1,11,2,1,2
2016010020318,2,9,0,3,0,1,0,0,0,0,2,1,6,2,46,8,1685,2,2,6,1,6
2016010020325,1,9,0,18,0,8,0,0,0,0,3,1,6,2,23,5,1242,1,15,9,1,9
2016010020325,2,9,0,9,0,8,0,0,0,0,4,1,6,1,52,8,998,1,4,7,1,7
2016010020329,1,9,0,5,0,2,0,0,0,0,4,1,6,1,30,6,1896,2,11,-1,-1,-1
2016010020332,1,9,0,18,0,0,0,0,0,0,4,1,6,1,52,8,1796,1,8,6,1,6
2016010020334,1,9,0,18,0,8,1,0,0,0,2,1,6,1,22,5,1364,1,10,6,1,6
2016010020334,2,9,0,18,0,8,1,0,0,0,1,1,6,2,-1,-1,1390,1,12,-1,-1,-1
2016010020336,1,11,0,3,0,2,0,0,0,0,0,1,1,1,52,8,8268,2,13,-1,-1,-1
2016010020341,1,9,0,17,0,0,5,0,0,0,1,1,6,2,-1,-1,1999,2,1,6,1,6
2016010020341,2,9,0,16,0,0,0,0,0,0,3,1,6,2,24,5,1198,1,1,3,1,3
2016010020342,1,9,0,18,0,8,0,0,0,0,1,1,6,1,73,10,-1,-1,-1,6,1,6
2016010020346,1,5,0,15,0,8,0,0,0,0,1,1,6,1,29,6,999,1,4,3,1,3
2016010020346,2,8,0,7,0,8,0,0,0,0,4,1,1,1,34,6,-1,-1,-1,-1,-1,-1
2016010020348,1,9,0,18,0,0,0,4,0,0,1,1,1,1,38,7,1797,8,6,4,1,4
2016010020348,2,9,0,2,0,0,0,0,0,0,2,1,6,3,-1,-1,1390,1,9,-1,-1,-1
2016010020348,3,19,0,2,0,0,0,0,0,0,3,1,6,3,-1,-1,2143,2,6,-1,-1,-1
2016010020351,1,19,0,12,0,2,0,0,0,0,0,1,6,1,51,8,1753,2,5,-1,-1,-1
2016010020351,2,1,0,13,0,2,0,0,0,0,0,1,6,1,30,6,-1,-1,-1,4,1,4
2016010020352,1,9,0,18,0,1,0,0,0,0,0,1,6,1,43,7,1998,1,13,2,1,2
2016010020352,2,5,0,7,0,2,1,0,0,0,0,1,6,1,29,6,-1,-1,-1,3,1,3
2016010020353,1,9,0,8,0,1,0,0,0,0,2,1,2,2,20,4,1689,2,12,3,1,3
2016010020353,2,8,0,18,0,1,0,0,0,0,1,1,1,1,-1,-1,1968,2,5,-1,-1,-1
2016010020353,3,9,0,8,0,1,0,0,0,0,2,1,6,1,-1,-1,-1,-1,-1,-1,-1,-1
2016010020354,1,9,0,18,0,8,0,0,0,0,1,1,6,1,29,6,1910,2,8,3,1,3
2016010020354,2,9,0,18,0,8,0,0,0,0,3,1,6,1,36,7,1399,2,5,2,1,2
2016010020357,1,5,0,16,0,0,1,10,1,0,4,1,6,1,29,6,645,1,6,4,1,4
2016010020358,1,9,0,18,0,8,0,0,0,0,4,1,6,2,84,11,1299,1,19,4,1,4
2016010020358,2,9,0,18,0,8,0,0,0,0,1,1,6,2,49,8,1240,1,10,3,1,3
2016010020363,1,9,0,18,0,0,0,0,0,0,1,1,6,1,25,5,3246,1,11,2,1,2
2016010020363,2,9,0,18,0,0,0,0,0,0,3,1,6,1,30,6,6208,1,9,10,1,10
2016010020363,3,21,1,3,0,0,0,0,0,0,3,1,6,1,37,7,12419,2,4,5,1,5
2016010020365,1,9,0,18,0,0,0,0,0,0,1,1,6,1,23,5,1388,1,13,4,1,4
2016010020365,2,9,0,4,0,0,0,0,0,0,2,1,6,1,48,8,2494,1,24,3,1,3
2016010020365,3,9,0,3,0,0,0,0,0,0,2,1,6,1,26,6,2616,1,12,7,1,7
2016010020371,1,5,0,3,0,1,0,0,0,0,3,1,6,1,25,5,-1,-1,-1,3,1,3
2016010020371,2,19,-1,5,0,1,-1,0,0,0,4,-1,6,1,-1,-1,1560,2,1,-1,-1,-1
2016010020376,1,9,0,18,0,1,0,0,0,0,1,1,1,1,39,7,1598,1,2,4,1,4
2016010020376,2,9,0,9,0,8,0,0,0,0,1,1,1,1,-1,-1,-1,-1,-1,-1,-1,-1
2016010020377,1,1,0,18,0,0,0,4,0,0,1,1,6,2,31,6,-1,-1,-1,6,1,6
2016010020377,2,9,0,2,0,0,0,0,0,0,3,1,6,3,-1,-1,1968,2,1,-1,-1,-1
2016010020378,1,9,0,18,0,1,0,0,0,0,3,1,2,1,44,7,-1,-1,-1,1,1,1
2016010020378,2,9,0,6,0,8,0,0,0,0,3,1,1,2,27,6,1968,2,1,8,1,8
2016010020380,1,9,0,18,0,1,0,0,0,0,1,1,6,1,41,7,1598,1,10,4,1,4
2016010020380,2,9,0,18,0,4,0,0,0,0,2,1,2,1,30,6,1997,2,5,6,1,6
2016010020381,1,17,0,5,0,6,0,0,0,0,-1,1,6,1,-1,-1,-1,-1,-1,-1,-1,-1
2016010020383,1,9,0,3,0,0,0,0,0,0,1,1,6,1,24,5,1598,1,12,4,1,4
2016010020383,2,3,0,18,0,0,0,0,0,0,1,1,6,3,-1,-1,-1,-1,-1,-1,-1,-1
2016010020388,1,9,0,9,0,8,0,0,0,0,1,-1,6,1,41,7,-1,-1,-1,-1,-1,-1
2016010020388,2,9,0,18,0,8,0,0,0,0,1,1,6,1,-1,-1,-1,-1,-1,-1,-1,-1
2016010020390,1,9,0,5,0,0,0,0,0,0,1,1,6,2,25,5,998,1,6,2,1,2
2016010020391,1,9,0,9,0,8,0,0,0,0,1,1,6,1,22,5,-1,-1,-1,2,1,2
2016010020391,2,1,0,18,0,8,0,0,0,0,1,1,1,1,37,7,-1,-1,-1,3,1,3
2016010020396,1,9,0,4,0,8,0,0,0,0,1,1,6,2,35,6,1598,1,11,3,1,3
2016010020396,2,1,0,4,0,8,0,0,0,0,2,1,6,1,41,7,-1,-1,-1,5,1,5
2016010020399,1,9,0,4,0,0,0,0,0,0,1,1,6,1,25,5,1995,2,7,1,1,1
2016010020401,1,8,0,6,0,8,0,0,0,0,3,1,1,1,28,6,1560,2,4,4,1,4
2016010020401,2,1,0,18,0,8,0,0,0,0,1,1,6,1,40,7,-1,-1,-1,3,1,3
2016010020403,1,9,0,18,0,8,0,0,4,6,4,1,6,1,29,6,1598,2,6,6,1,6
2016010020403,2,19,0,7,0,8,0,0,0,0,1,1,6,1,-1,-1,-1,-1,-1,-1,-1,-1
2016010020405,1,9,0,18,0,0,0,4,0,0,1,1,2,2,27,6,1587,1,9,2,1,2
2016010020405,2,9,0,2,0,0,0,0,0,0,1,1,6,3,-1,-1,1997,2,9,-1,-1,-1
2016010020405,3,9,0,2,0,0,0,0,0,0,1,1,6,3,-1,-1,1388,1,11,-1,-1,-1
2016010020407,1,9,0,9,0,0,0,0,0,0,1,1,6,1,31,6,2497,2,4,2,1,2
2016010020407,2,1,0,18,0,0,0,0,0,0,1,1,6,1,33,6,-1,-1,-1,5,1,5
2016010020410,1,5,0,9,0,8,0,0,0,0,1,1,6,1,28,6,749,1,1,4,1,4
2016010020410,2,1,0,18,0,8,0,0,0,0,2,1,6,2,29,6,-1,-1,-1,2,1,2
2016010020413,1,1,-1,14,0,0,-1,-1,0,0,3,1,6,3,-1,-1,-1,-1,-1,-1,-1,-1
2016010020416,1,1,0,18,0,0,0,0,0,0,1,1,1,2,27,6,-1,-1,-1,2,1,2
2016010020423,1,9,0,18,0,1,0,0,0,0,4,1,6,1,58,9,2477,2,12,4,1,4
2016010020423,2,9,0,5,0,1,0,0,0,0,3,-1,6,1,-1,-1,1598,1,10,-1,-1,-1
2016010020427,1,11,0,18,0,1,0,0,0,0,0,1,1,1,40,7,-1,-1,-1,1,1,1
2016010020427,2,4,0,14,0,8,0,0,0,0,1,1,6,1,-1,-1,125,1,10,2,1,2
2016010020428,1,9,0,4,0,0,0,0,0,0,2,1,6,1,30,6,1910,2,6,9,3,9
2016010020428,2,9,0,18,0,0,1,0,0,0,1,1,2,1,46,8,-1,-1,-1,3,1,3
2016010020428,3,9,0,18,0,0,0,0,0,0,1,1,2,1,23,5,1994,1,20,8,1,8
2016010020429,1,9,0,16,9,8,0,10,0,0,4,1,6,1,60,9,1998,1,16,2,1,2
2016010020433,1,5,0,18,0,8,0,0,0,0,1,1,6,1,20,4,471,1,-1,5,1,5
2016010020433,2,3,0,15,0,8,1,0,0,0,0,1,6,1,34,6,108,1,1,4,1,4
2016010020441,1,21,1,11,0,0,0,0,0,0,4,1,1,1,42,7,10837,2,3,4,1,4
2016010020441,2,9,0,18,0,0,0,0,0,0,3,1,6,1,25,5,1896,2,9,2,1,2
2016010020448,1,9,0,18,0,8,0,0,0,0,1,1,6,1,54,8,2996,1,11,3,1,3
2016010020448,2,1,0,9,0,8,0,0,0,0,2,1,6,1,26,6,-1,-1,-1,-1,-1,-1
2016010020454,1,9,0,18,0,8,0,0,0,0,4,1,6,1,63,9,1339,1,7,2,1,2
2016010020457,1,9,0,18,0,0,0,0,0,0,1,-1,6,1,46,8,1769,1,13,3,1,3
2016010020457,2,9,0,11,0,0,0,0,0,0,2,-1,6,3,-1,-1,-1,-1,-1,-1,-1,-1
2016010020460,1,1,0,18,4,8,0,0,0,0,4,1,6,1,26,6,-1,-1,-1,5,1,5
2016010020465,1,1,0,7,0,8,0,0,0,0,3,1,6,1,33,6,-1,-1,-1,4,1,4
2016010020470,1,9,0,18,0,8,0,4,0,0,4,1,6,1,23,5,2993,2,2,5,1,5
2016010020470,2,11,0,2,0,8,0,0,0,0,2,1,6,3,-1,-1,7300,2,10,-1,-1,-1
2016010020475,1,9,0,3,0,1,0,0,0,0,3,1,6,2,23,5,1596,1,6,2,1,2
2016010020475,2,3,0,14,0,1,0,0,0,0,4,1,6,3,-1,-1,-1,-1,-1,-1,-1,-1
2016010020476,1,3,0,16,0,0,0,4,0,0,1,1,6,1,18,4,124,1,2,6,1,6
2016010020476,2,21,1,3,0,0,0,0,0,0,2,1,6,1,47,8,-1,-1,-1,-1,-1,-1
2016010020477,1,9,0,18,0,8,0,0,0,0,4,1,6,1,49,8,1560,2,7,7,1,7
2016010020477,2,1,0,18,0,8,0,0,0,0,0,1,2,1,40,7,-1,-1,-1,5,1,5
2016010020479,1,19,0,18,0,8,0,0,0,0,1,1,6,1,-1,-1,-1,-1,-1,-1,-1,-1
2016010020479,2,8,0,18,0,8,0,0,0,0,1,1,6,1,-1,-1,-1,-1,-1,-1,-1,-1
2016010020483,1,3,0,4,0,8,0,0,0,0,3,1,6,1,41,7,125,1,2,9,1,9
2016010020490,1,1,0,18,0,8,0,0,0,0,2,1,6,1,31,6,-1,-1,-1,8,1,8
2016010020490,2,9,0,18,0,4,0,0,0,0,1,1,6,1,36,7,-1,-1,-1,6,1,6
2016010020493,1,9,0,9,0,8,0,0,0,0,1,1,6,2,26,6,1984,1,10,3,1,3
2016010020493,2,1,0,18,0,8,0,0,0,0,1,1,6,1,66,10,-1,-1,-1,2,1,2
2016010020494,1,1,0,15,0,8,0,0,0,0,2,1,6,1,25,5,-1,-1,-1,2,1,2
2016010020494,2,9,0,15,0,8,0,0,0,0,1,1,6,3,-1,-1,-1,-1,-1,-1,-1,-1
2016010020501,1,9,0,9,0,8,0,0,0,0,2,1,6,1,48,8,1591,1,1,3,1,3
2016010020501,2,9,0,9,0,8,0,0,0,0,2,1,6,1,67,10,1796,1,14,3,1,3
2016010020501,3,9,0,9,0,8,0,0,0,0,2,1,6,2,38,7,1995,1,9,2,1,2
2016010020501,4,9,0,18,0,8,0,0,0,0,1,1,6,1,74,10,1956,2,1,2,1,2
2016010020503,1,9,0,9,0,6,0,0,0,0,3,1,2,1,50,8,1598,1,14,5,1,5
2016010020503,2,1,0,18,0,8,0,0,0,0,1,1,6,1,33,6,-1,-1,-1,5,1,5
2016010020504,1,11,0,18,0,8,0,0,0,0,0,1,6,1,61,9,4500,2,7,2,1,2
2016010020511,1,9,0,18,0,8,0,0,0,0,1,1,6,2,70,10,1998,1,9,10,1,10
2016010020511,2,9,0,9,0,8,0,0,0,0,1,1,6,1,-1,-1,-1,-1,-1,-1,-1,-1
2016010020513,1,11,0,18,0,8,0,0,0,0,1,1,6,1,26,6,6700,2,5,-1,-1,-1
2016010020521,1,5,0,18,0,8,0,0,0,0,4,1,2,1,45,7,689,1,2,6,1,6
2016010020521,2,8,0,7,0,8,0,0,0,0,1,1,1,1,62,9,2143,2,3,8,1,8
2016010020524,1,4,0,18,0,8,0,0,0,0,1,1,1,1,61,9,471,1,3,4,1,4
2016010020582,1,9,0,18,0,8,0,0,0,0,3,1,6,2,36,7,1360,1,13,6,1,6
2016010020582,2,19,0,11,0,8,0,0,0,0,4,1,6,1,-1,-1,2198,2,1,2,1,2
2016010020584,1,20,0,18,0,8,0,4,1,4,4,1,1,1,43,7,6700,2,1,5,1,5
2016010020584,2,10,0,3,0,2,0,0,0,0,1,1,6,1,62,9,2148,2,9,7,1,7
2016010020584,3,9,0,2,0,2,0,0,0,0,4,1,6,3,-1,-1,1318,1,-1,-1,-1,-1
2016010020591,1,9,0,18,0,0,0,0,0,0,1,1,3,2,73,10,1124,1,11,7,1,7
2016010020592,1,4,0,18,0,8,0,0,0,0,1,1,6,1,59,9,124,1,3,7,1,7
2016010020592,2,9,0,9,0,8,0,0,0,0,1,1,6,1,63,9,-1,-1,-1,5,1,5
2016010020595,1,9,0,18,0,0,-1,0,0,0,4,-1,6,3,-1,-1,-1,-1,-1,-1,-1,-1
2016010020597,1,3,0,13,0,8,0,0,0,0,1,1,6,2,28,6,125,1,1,3,1,3
2016010020597,2,9,0,9,0,8,0,0,0,0,3,1,6,1,38,7,2362,1,15,6,1,6
2016010020600,1,3,0,15,0,8,0,0,0,0,1,1,6,1,22,5,124,1,4,4,1,4
2016010020600,2,9,0,9,0,1,0,0,0,0,4,1,6,2,32,6,1596,1,9,3,1,3
2016010020602,1,3,0,18,0,1,1,0,0,0,4,1,1,1,30,6,-1,-1,-1,4,1,4
2016010020604,1,9,0,7,0,8,0,0,0,0,4,1,6,2,40,7,1794,1,14,6,1,6
2016010020604,2,11,0,18,0,8,0,0,0,0,3,1,1,1,-1,-1,10837,2,-1,-1,-1,-1
2016010020605,1,9,0,18,0,8,0,0,0,0,0,1,6,2,26,6,1198,1,6,1,1,1
2016010020605,2,9,0,18,0,8,0,0,0,0,1,1,6,1,-1,-1,1497,8,9,-1,-1,-1
2016010020605,3,9,0,18,0,8,0,0,0,0,1,1,6,1,26,6,-1,-1,-1,-1,-1,-1
2016010020606,1,9,0,9,0,8,0,0,0,0,1,1,6,1,74,10,1390,1,7,10,1,10
2016010020606,2,9,0,18,0,8,0,0,0,0,1,1,6,1,84,11,-1,-1,-1,9,1,9
2016010020606,3,9,0,18,0,1,0,0,0,0,1,1,6,1,58,9,-1,-1,-1,-1,-1,-1
2016010020607,1,9,0,18,0,1,0,4,0,0,0,1,6,1,19,4,698,1,13,4,1,4
2016010020607,2,9,0,2,0,8,0,0,0,0,3,1,6,3,-1,-1,-1,-1,-1,-1,-1,-1
2016010020609,1,9,0,4,0,2,0,0,0,0,2,1,3,1,47,8,1598,1,7,4,1,4
2016010020609,2,9,0,4,0,2,0,0,0,0,1,1,6,1,24,5,1149,1,3,2,1,2
2016010020611,1,9,0,3,0,0,0,0,0,0,2,1,6,1,50,8,1997,2,-1,6,1,6
2016010020611,2,3,0,13,0,0,0,0,0,0,1,1,6,1,23,5,125,1,1,3,1,3
2016010020614,1,19,0,12,0,0,0,0,0,0,3,1,1,1,27,6,2299,2,-1,3,1,3
2016010020614,2,5,0,18,0,0,0,10,4,6,1,1,2,1,43,7,821,1,3,9,1,9
2016010020618,1,9,0,9,0,6,0,0,0,0,3,1,6,1,-1,-1,1598,1,16,2,1,2
2016010020618,2,3,0,18,0,8,1,0,0,0,1,1,2,1,27,6,125,1,4,8,1,8
2016010020621,1,3,0,18,0,8,0,0,0,0,1,1,6,1,31,6,125,1,-1,3,1,3
2016010020621,2,9,0,7,0,8,0,0,0,0,4,1,6,1,66,10,1895,1,16,4,1,4
2016010020622,1,9,0,9,0,0,0,0,0,0,0,1,6,2,32,6,1598,1,6,3,1,3
2016010020622,2,5,0,10,0,0,0,0,0,0,1,1,6,1,44,7,499,1,9,3,1,3
2016010020623,1,9,0,18,0,1,0,0,0,0,1,1,6,2,59,9,1341,1,11,6,1,6
2016010020626,1,11,0,4,0,1,0,0,0,0,0,1,1,1,-1,-1,-1,-1,-1,-1,-1,-1
2016010020627,1,9,0,18,0,4,0,0,0,0,1,1,6,2,49,8,1896,2,11,2,1,2
2016010020627,2,1,0,17,0,7,0,0,0,0,4,1,6,1,29,6,-1,-1,-1,8,1,8
2016010020628,1,3,0,18,0,0,0,10,1,-1,1,1,6,1,25,5,125,1,-1,6,1,6
2016010020628,2,9,0,11,0,0,0,0,0,0,4,1,6,2,-1,-1,1956,2,1,-1,-1,-1
2016010020629,1,9,0,3,0,1,0,0,0,0,2,1,2,2,33,6,1598,1,9,3,1,3
2016010020629,2,9,0,5,0,1,0,0,0,0,1,1,6,1,22,5,1198,1,6,8,1,8
2016010020635,1,9,0,18,0,0,0,0,0,0,0,1,6,1,22,5,1461,2,2,5,1,5
2016010020635,2,9,0,18,0,0,0,0,0,0,2,1,6,1,41,7,1149,1,9,4,1,4
2016010020635,3,9,0,18,0,0,0,0,0,0,1,1,6,2,-1,-1,1390,1,5,9,1,9
2016010020637,1,3,0,18,0,8,0,0,0,0,1,1,6,1,33,6,125,1,3,2,1,2
2016010020637,2,9,0,15,0,8,0,0,0,0,3,1,6,1,38,7,1798,1,3,5,1,5
2016010020640,1,9,0,9,0,8,0,10,7,1,1,1,6,2,62,9,1086,1,9,2,1,2
2016010020641,1,5,0,18,0,0,0,0,0,0,3,1,6,1,35,6,-1,-1,-1,-1,-1,-1
2016010020644,1,5,0,13,0,0,0,0,0,0,4,1,6,1,50,8,998,1,-1,5,3,5
2016010020644,2,9,0,4,0,0,0,0,0,0,3,1,6,3,-1,-1,1798,8,4,-1,-1,-1
2016010020648,1,9,0,9,0,8,0,0,0,0,1,1,6,1,24,5,-1,-1,-1,10,1,10
2016010020648,2,8,0,18,0,8,0,0,0,0,1,1,1,1,51,8,1997,2,2,5,1,5
2016010020652,1,4,0,18,0,0,0,0,0,0,1,1,6,1,20,4,125,1,16,5,1,5
2016010020655,1,1,0,16,0,8,0,0,0,0,2,1,6,2,24,5,-1,-1,-1,6,1,6
2016010020655,2,19,0,7,0,8,0,0,0,0,4,1,6,1,-1,-1,-1,-1,-1,-1,-1,-1
2016010020656,1,9,0,9,0,8,0,0,0,0,1,1,6,1,29,6,1995,1,8,2,1,2
2016010020656,2,3,0,18,0,1,0,0,0,0,1,1,6,1,19,4,124,1,-1,3,1,3
2016010020658,1,9,0,18,0,8,0,0,0,0,1,1,6,1,60,9,1999,1,7,2,1,2
2016010020658,2,9,0,9,0,8,0,0,0,0,1,1,6,1,-1,-1,1598,1,9,2,1,2
2016010020660,1,9,0,9,0,8,0,0,0,0,1,1,6,1,44,7,-1,-1,-1,6,3,6
2016010020660,2,9,0,18,0,8,0,0,0,0,1,1,6,2,-1,-1,998,1,10,7,3,7
2016010020660,3,19,0,8,0,8,0,0,0,0,1,1,1,1,27,6,-1,-1,-1,7,1,7
2016010020662,1,9,0,7,0,2,0,0,0,0,1,1,6,2,77,11,1329,1,5,3,1,3
2016010020671,1,9,0,18,0,0,5,10,1,0,3,1,6,1,48,8,1242,1,16,2,1,2
2016010020671,2,9,0,5,0,0,0,0,0,0,4,1,6,1,27,6,1968,2,5,3,1,3
2016010020672,1,9,0,1,0,2,0,0,0,0,2,1,6,3,-1,-1,-1,-1,-1,-1,-1,-1
2016010020675,1,9,0,7,0,8,0,0,0,0,0,1,6,1,40,7,1339,8,6,5,1,5
2016010020675,2,9,0,18,0,8,0,0,0,0,1,1,6,1,33,6,1198,1,14,3,1,3
2016010020681,1,9,0,9,0,5,0,0,0,0,1,1,6,1,53,8,-1,-1,-1,-1,-1,-1
2016010020681,2,1,0,18,0,8,0,0,0,0,1,1,6,1,37,7,-1,-1,-1,4,1,4
2016010020687,1,9,0,9,0,8,0,0,0,0,2,1,6,1,36,7,-1,-1,-1,6,1,6
2016010020687,2,9,-1,18,0,8,-1,0,0,0,1,-1,6,1,-1,-1,-1,-1,-1,-1,-1,-1
2016010020689,1,21,0,18,0,8,0,0,0,0,1,1,1,1,49,8,11946,2,5,2,1,2
2016010020690,1,9,0,18,0,2,0,0,0,0,4,1,6,1,50,8,1598,1,1,9,1,9
2016010020695,1,1,0,18,0,8,0,0,0,0,1,1,6,1,40,7,-1,-1,-1,6,1,6
2016010020695,2,9,0,18,0,8,0,0,0,0,4,1,6,1,-1,-1,2996,1,6,10,1,10
2016010020698,1,4,0,16,0,8,0,0,0,0,4,1,6,1,36,7,125,1,-1,3,1,3
2016010020698,2,19,0,12,0,8,0,0,0,0,3,1,6,1,44,7,2998,2,4,3,1,3
2016010020704,1,9,0,7,0,1,0,0,0,0,1,1,6,3,-1,-1,1995,2,5,-1,-1,-1
2016010020710,1,8,0,18,0,8,0,0,0,0,3,1,1,1,53,8,2402,2,11,5,1,5
2016010020710,2,3,0,18,0,8,0,0,0,0,1,1,6,1,26,6,125,1,4,6,1,6
2016010020729,1,1,0,18,0,8,0,0,0,0,1,1,6,1,34,6,-1,-1,-1,3,1,3
2016010020729,2,9,0,3,0,8,0,0,0,0,4,1,6,3,-1,-1,1199,1,16,-1,-1,-1
2016010020733,1,1,0,18,0,8,0,0,0,0,2,1,6,2,32,6,-1,-1,-1,5,1,5
2016010020733,2,8,0,18,0,8,0,0,0,0,1,1,6,3,-1,-1,2402,2,10,-1,-1,-1
2016010020736,1,11,0,18,2,2,0,0,0,0,0,1,1,1,31,6,-1,-1,-1,-1,-1,-1
2016010020737,1,1,0,7,0,8,0,0,0,0,1,1,6,1,32,6,-1,-1,-1,6,1,6
2016010020737,2,8,0,4,0,8,0,0,0,0,2,1,6,3,-1,-1,1995,2,4,-1,-1,-1
2016010020739,1,9,0,18,0,8,5,0,0,0,1,1,6,1,48,8,-1,-1,-1,3,1,3
2016010020741,1,1,0,18,4,8,0,0,0,0,1,1,6,2,29,6,-1,-1,-1,-1,-1,-1