Accident_Index,Vehicle_Reference,Vehicle_Type,Towing_and_Articulation,Vehicle_Manoeuvre,Vehicle_Location-Restricted_Lane,Junction_Location,Skidding_and_Overturning,Hit_Object_in_Carriageway,Vehicle_Leaving_Carriageway,Hit_Object_off_Carriageway,1st_Point_of_Impact,Was_Vehicle_Left_Hand_Drive?,Journey_Purpose_of_Driver,Sex_of_Driver,Age_of_Driver,Age_Band_of_Driver,Engine_Capacity_(CC),Propulsion_Code,Age_of_Vehicle,Driver_IMD_Decile,Driver_Home_Area_Type,Vehicle_IMD_Decile
2016010020741,2,9,0,9,0,8,0,0,0,0,1,1,6,3,-1,-1,-1,-1,-1,-1,-1,-1
2016010020750,1,19,0,9,0,8,0,0,0,0,1,1,1,1,27,6,1995,2,8,9,1,9
2016010020750,2,4,0,18,0,8,0,0,0,0,1,1,1,1,40,7,250,1,9,3,1,3
2016010020752,1,9,0,18,0,8,0,0,0,0,1,1,6,2,84,11,1242,1,15,-1,-1,-1
2016010020752,2,9,0,9,0,8,0,0,0,0,1,1,6,2,67,10,1339,1,9,-1,-1,-1
2016010020758,1,9,0,8,0,8,0,0,0,0,2,1,6,2,24,5,1198,1,10,2,1,2
2016010020758,2,9,0,7,0,8,0,0,0,0,1,1,6,1,-1,-1,-1,-1,-1,-1,-1,-1
2016010020766,1,9,0,7,0,8,0,0,0,0,2,1,6,1,48,8,1560,2,2,8,1,8
2016010020766,2,9,0,18,0,8,0,0,0,0,1,1,6,1,-1,-1,-1,-1,-1,-1,-1,-1
2016010020837,1,9,0,5,0,0,0,0,0,0,1,1,6,1,26,6,2993,2,2,6,1,6
2016010020837,2,1,0,18,0,0,0,0,0,0,1,1,6,1,22,5,-1,-1,-1,-1,-1,-1
2016010020838,1,5,0,18,0,8,0,0,0,0,3,1,6,2,57,9,1261,1,9,5,1,5
2016010020838,2,9,0,7,0,5,0,0,0,0,4,1,6,1,46,8,1360,1,10,10,1,10
2016010020839,1,9,0,3,0,8,0,0,0,0,3,1,1,1,-1,-1,-1,-1,-1,-1,-1,-1
2016010020839,2,1,0,18,0,1,0,0,0,0,4,1,2,1,31,6,-1,-1,-1,6,1,6
2016010020842,1,9,0,17,0,0,1,10,0,0,3,1,6,1,39,7,1597,1,19,5,1,5
2016010020842,2,8,0,17,0,0,1,10,0,0,3,1,1,1,49,8,-1,-1,-1,9,1,9
2016010020844,1,2,0,18,0,8,0,0,0,0,1,1,6,1,53,8,125,1,8,5,1,5
2016010020844,2,9,0,9,0,8,0,0,0,0,3,1,6,2,28,6,1600,1,12,8,1,8
2016010020850,1,9,0,18,0,2,0,0,0,0,1,1,6,1,25,5,1998,1,12,2,1,2
2016010020851,1,9,0,3,0,1,0,0,0,0,2,1,6,1,25,5,-1,-1,-1,9,1,9
2016010020851,2,9,0,18,0,1,0,0,0,0,1,1,6,3,-1,-1,1796,1,12,-1,-1,-1
2016010020857,1,1,0,18,0,1,0,0,0,0,1,1,2,1,34,6,-1,-1,-1,4,1,4
2016010020857,2,21,1,3,0,8,0,0,0,0,3,1,6,1,-1,-1,10837,2,1,-1,-1,-1
2016010020863,1,9,0,8,0,1,0,0,0,0,2,1,6,1,39,7,1997,1,2,-1,-1,-1
2016010020863,2,9,0,5,0,1,0,0,0,0,1,1,6,1,-1,-1,2685,2,12,3,1,3
2016010020869,1,9,0,4,0,8,0,0,0,0,2,1,6,2,35,6,1896,2,13,4,1,4
2016010020869,2,9,0,18,0,8,0,0,0,0,1,1,6,3,-1,-1,-1,-1,-1,-1,-1,-1
2016010020872,1,9,0,18,0,0,0,4,0,0,1,1,6,1,67,10,-1,-1,-1,3,1,3
2016010020872,2,9,0,3,0,0,0,0,0,0,2,1,6,1,45,7,-1,-1,-1,5,1,5
2016010020873,1,8,0,9,0,8,0,0,0,0,3,1,1,1,61,9,2776,2,-1,4,1,4
2016010020873,2,3,0,13,0,8,0,0,0,0,4,1,6,1,19,4,125,1,3,5,1,5
2016010020876,1,3,0,18,0,8,1,0,0,0,1,1,6,1,18,4,124,1,23,8,3,8
2016010020876,2,9,0,10,0,8,0,0,0,0,1,1,6,1,25,5,2494,1,23,4,1,4
2016010020878,1,9,0,4,0,8,0,0,0,0,2,1,6,1,39,7,1560,2,-1,9,1,9
2016010020878,2,9,0,4,0,8,0,0,0,0,1,1,1,1,-1,-1,2362,1,13,-1,-1,-1
2016010020879,1,9,0,18,0,0,0,0,0,0,2,1,6,2,64,9,1560,2,-1,1,1,1
2016010020879,2,9,0,18,0,0,0,0,0,0,1,1,6,3,-1,-1,1248,2,9,-1,-1,-1
2016010020880,1,1,0,18,0,0,0,0,0,0,1,1,6,1,-1,-1,-1,-1,-1,-1,-1,-1
2016010020882,1,19,0,3,0,1,0,10,1,2,2,1,1,1,40,7,2198,2,-1,8,1,8
2016010020882,2,9,0,18,0,1,0,4,0,0,1,1,6,3,-1,-1,2993,2,7,-1,-1,-1
2016010020886,1,11,0,18,0,0,0,0,0,0,0,1,1,1,-1,-1,6700,2,4,-1,-1,-1
2016010020890,1,1,0,18,0,0,0,4,0,0,1,1,6,1,27,6,-1,-1,-1,2,1,2
2016010020890,2,9,0,2,0,0,0,0,0,0,3,1,6,3,-1,-1,-1,-1,-1,-1,-1,-1
2016010020892,1,9,0,18,0,8,0,0,0,0,3,1,6,1,25,5,1997,2,7,3,1,3
2016010020892,2,5,0,5,0,8,0,0,0,0,1,1,6,1,26,6,1050,1,1,8,1,8
2016010020893,1,9,0,4,0,8,0,0,0,0,2,1,2,1,-1,-1,3800,1,-1,-1,-1,-1
2016010020893,2,4,0,18,0,8,0,0,0,0,1,1,2,1,57,9,249,1,1,7,1,7
2016010020894,1,9,0,18,0,0,0,4,0,0,1,1,2,2,51,8,1198,1,7,7,1,7
2016010020894,2,9,0,2,0,0,0,0,0,0,2,1,6,3,-1,-1,1997,2,14,-1,-1,-1
2016010020894,3,9,0,2,0,0,0,0,0,0,2,1,6,3,-1,-1,1796,1,8,-1,-1,-1
2016010020896,1,9,0,9,0,5,0,0,0,0,3,1,6,3,-1,-1,1596,1,10,-1,-1,-1
2016010020896,2,3,0,18,0,1,0,0,0,0,4,1,6,2,22,5,124,1,12,9,1,9
2016010020900,1,3,0,18,0,8,0,0,0,0,1,1,6,2,35,6,125,1,-1,8,1,8
2016010020900,2,1,0,9,4,8,0,0,0,0,1,1,6,1,41,7,-1,-1,-1,4,1,4
2016010020904,1,9,0,9,0,8,0,0,0,0,3,1,6,1,64,9,998,1,7,-1,-1,-1
2016010020904,2,5,0,18,0,8,0,0,0,0,1,1,6,1,27,6,599,1,6,6,2,6
2016010020905,1,9,0,18,0,0,0,0,1,7,4,1,6,1,83,11,1796,1,5,6,1,6
2016010020909,1,20,0,18,0,1,0,0,0,0,3,1,1,1,44,7,-1,-1,-1,6,1,6
2016010020914,1,9,0,18,0,0,0,10,0,0,4,1,6,2,27,6,-1,-1,-1,9,2,9
2016010020914,2,9,0,12,0,0,0,0,0,0,3,1,6,2,-1,-1,1400,2,9,-1,-1,-1
2016010020915,1,4,0,18,0,0,0,0,0,0,1,1,6,1,20,4,-1,-1,-1,4,1,4
2016010020920,1,5,0,18,0,2,0,0,0,0,4,1,2,1,30,6,748,1,2,3,1,3
2016010020920,2,19,0,12,0,2,0,0,0,0,3,1,1,1,39,7,2198,2,6,2,1,2
2016010020921,1,9,0,4,0,0,0,4,0,0,3,1,6,1,43,7,1390,1,15,4,1,4
2016010020921,2,9,0,18,0,0,0,0,0,0,1,1,6,3,-1,-1,1999,2,-1,-1,-1,-1
2016010020921,3,9,0,2,0,0,0,0,0,0,4,1,6,3,-1,-1,1896,2,6,-1,-1,-1
2016010020921,4,9,0,2,0,0,0,0,0,0,3,1,6,3,-1,-1,4511,7,12,-1,-1,-1
2016010020922,1,3,0,18,0,1,0,0,0,0,4,1,6,1,19,4,124,1,8,5,1,5
2016010020922,2,9,0,2,0,1,0,0,0,0,3,1,6,3,-1,-1,-1,-1,-1,-1,-1,-1
2016010020924,1,1,0,18,0,8,0,0,0,0,1,1,6,1,31,6,-1,-1,-1,-1,-1,-1
2016010020929,1,9,0,18,0,0,0,0,0,0,1,1,1,1,51,8,-1,-1,-1,3,1,3
2016010020929,2,19,0,4,0,0,0,0,0,0,1,1,1,1,41,7,2998,2,1,9,1,9
2016010020932,1,19,0,3,0,0,0,0,0,0,4,1,1,1,23,5,1598,2,4,-1,1,-1
2016010020932,2,3,0,15,0,0,0,8,0,0,1,1,1,1,52,8,125,1,-1,1,1,1
2016010020935,1,9,0,10,0,8,0,0,0,0,3,1,6,2,39,7,1398,1,5,6,1,6
2016010020935,2,3,0,13,0,8,0,0,0,0,4,1,6,1,35,6,125,1,1,2,1,2
2016010020938,1,1,0,18,4,1,0,0,0,0,3,1,6,1,24,5,-1,-1,-1,3,1,3
2016010020938,2,9,0,7,0,8,0,0,0,0,4,1,6,3,-1,-1,2143,2,1,-1,-1,-1
2016010020940,1,9,0,18,0,1,0,0,0,0,1,1,6,1,58,9,-1,-1,-1,8,1,8
2016010020945,1,1,0,18,0,8,0,0,0,0,1,1,6,1,29,6,-1,-1,-1,8,1,8
2016010020945,2,9,0,9,0,8,0,0,0,0,4,1,6,3,-1,-1,-1,-1,-1,-1,-1,-1
2016010020947,1,4,0,18,2,2,0,0,0,0,2,1,6,1,49,8,599,1,9,3,1,3
2016010020947,2,9,0,11,0,2,0,0,0,0,1,1,6,3,-1,-1,-1,-1,-1,-1,-1,-1
2016010020950,1,9,0,3,0,1,0,0,0,0,2,1,1,1,38,7,2497,2,4,3,1,3
2016010020950,2,10,0,4,0,1,0,0,0,0,2,1,1,1,57,9,-1,-1,-1,10,1,10
2016010020950,3,9,0,18,0,1,0,0,0,0,1,1,6,1,33,6,1995,2,2,6,1,6
2016010020952,1,3,0,5,0,8,0,0,0,0,3,1,1,1,28,6,108,1,1,3,1,3
2016010020952,2,9,0,18,0,8,0,0,0,0,1,1,6,1,47,8,1399,1,-1,6,1,6
2016010020959,1,9,0,18,0,8,0,7,1,1,3,1,2,2,29,6,1984,1,-1,3,1,3
2016010020959,2,9,0,9,0,8,0,0,0,0,1,1,2,1,41,7,1596,1,5,3,1,3
2016010020961,1,11,0,3,0,0,0,0,0,0,0,1,1,1,62,9,6700,2,6,7,1,7
2016010020964,1,1,0,18,0,8,0,0,0,0,1,1,6,2,33,6,-1,-1,-1,4,1,4
2016010020964,2,9,0,9,0,8,0,0,0,0,4,1,6,1,47,8,-1,-1,-1,6,1,6
2016010020970,1,9,0,3,0,0,0,0,0,0,2,1,6,2,44,7,1389,1,15,6,1,6
2016010020970,2,9,0,4,0,0,0,0,0,0,1,1,6,1,21,5,1242,1,10,2,1,2
2016010020974,1,19,0,18,0,0,0,0,0,0,3,1,6,1,-1,-1,2198,2,4,6,1,6
2016010020974,2,1,0,15,0,0,0,0,0,0,4,1,6,1,47,8,-1,-1,-1,5,1,5
2016010020977,1,9,0,9,0,8,0,0,0,0,3,1,6,3,-1,-1,-1,-1,-1,-1,-1,-1
2016010020977,2,1,0,5,0,8,0,0,0,0,1,1,6,1,36,7,-1,-1,-1,4,1,4
2016010020986,1,9,0,18,0,0,0,0,0,0,1,1,6,1,25,5,2000,1,11,7,1,7
2016010020987,1,9,0,9,0,5,0,0,0,0,4,1,6,2,25,5,1598,2,3,8,1,8
2016010020987,2,1,0,18,5,1,0,0,0,0,1,1,6,1,39,7,-1,-1,-1,7,1,7
2016010020992,1,2,0,18,0,8,0,0,0,0,1,1,6,3,-1,-1,-1,-1,-1,-1,-1,-1
2016010020994,1,9,0,18,0,0,0,0,0,0,4,1,6,1,35,6,-1,-1,-1,2,1,2
2016010020994,2,1,0,15,0,0,0,0,0,0,3,1,6,1,58,9,-1,-1,-1,-1,-1,-1
2016010020995,1,9,0,18,0,8,0,0,0,0,1,1,6,2,51,8,2698,2,6,7,1,7
2016010020999,1,3,0,13,0,8,0,0,0,0,1,1,6,1,29,6,125,1,-1,3,1,3
2016010020999,2,9,0,9,0,6,0,0,0,0,3,1,6,2,30,6,1997,2,8,8,1,8
2016010021005,1,9,0,9,0,5,0,0,0,0,4,1,6,2,74,10,-1,-1,-1,4,1,4
2016010021005,2,9,0,18,2,1,0,0,0,0,1,1,6,1,31,6,1598,1,7,2,1,2
2016010021006,1,3,0,18,0,0,0,0,0,0,1,1,6,1,45,7,108,1,5,3,1,3
2016010021007,1,9,0,4,0,0,0,0,0,0,2,1,6,1,51,8,1968,2,7,-1,-1,-1
2016010021007,2,9,0,4,0,0,0,0,0,0,2,1,6,1,44,7,-1,-1,-1,9,1,9
2016010021007,3,9,0,4,0,0,0,0,0,0,2,1,6,2,24,5,1598,1,4,9,1,9
2016010021007,4,9,0,4,0,0,0,0,0,0,2,1,6,1,50,8,1968,2,-1,10,1,10
2016010021007,5,9,0,18,0,0,0,0,0,0,1,1,6,1,33,6,1910,2,6,4,1,4
2016010021009,1,9,0,9,0,2,0,0,0,0,1,1,3,2,27,6,1386,1,8,1,1,1
2016010021012,1,3,0,18,0,8,0,0,0,0,1,1,6,1,19,4,125,1,12,2,1,2
2016010021012,2,9,0,9,0,8,0,0,0,0,1,1,6,1,42,7,1798,8,4,1,1,1
2016010021014,1,9,0,3,0,1,0,0,0,0,2,1,6,1,30,6,998,1,15,-1,-1,-1
2016010021014,2,9,0,18,0,2,0,0,0,0,1,1,6,3,-1,-1,1328,1,9,-1,-1,-1
2016010021025,1,3,0,17,0,8,0,0,0,0,1,1,6,1,27,6,108,1,2,3,1,3
2016010021025,2,1,0,18,0,8,0,0,0,0,1,1,6,1,39,7,-1,-1,-1,5,1,5
2016010021097,1,9,0,4,0,8,0,0,0,0,2,1,6,1,23,5,1499,1,-1,3,1,3
2016010021097,2,9,0,4,0,8,0,0,0,0,2,1,6,1,27,6,898,1,-1,3,1,3
2016010021097,3,9,0,4,0,8,0,0,0,0,2,1,6,1,38,7,1896,2,8,4,1,4
2016010021100,1,9,0,9,0,8,0,0,0,0,3,1,1,1,-1,-1,-1,-1,-1,-1,-1,-1
2016010021100,2,11,0,18,0,8,0,0,0,0,1,1,1,1,46,8,4462,2,5,3,1,3
2016010021102,1,8,0,5,0,8,0,0,0,0,4,1,1,1,47,8,2143,2,-1,3,1,3
2016010021103,1,9,0,4,0,0,0,0,0,0,3,1,6,2,37,7,1364,1,2,5,1,5
2016010021106,1,9,0,7,0,5,0,0,0,0,4,1,6,2,49,8,2398,1,18,3,1,3
2016010021106,2,1,0,15,2,1,0,0,0,0,1,1,6,2,28,6,-1,-1,-1,6,1,6
2016010021107,1,11,0,4,0,1,0,0,0,0,0,1,1,1,29,6,9000,2,6,5,1,5
2016010021108,1,11,0,4,0,1,0,0,0,0,0,1,1,1,53,8,-1,-1,-1,2,1,2
2016010021109,1,9,0,3,0,1,0,0,0,0,2,1,6,2,31,6,799,2,7,1,1,1
2016010021109,2,9,0,18,0,1,0,0,0,0,1,1,6,1,58,9,1248,2,11,4,1,4
2016010021111,1,11,0,18,0,1,0,0,0,0,0,1,1,1,53,8,4500,2,2,3,1,3
2016010021112,1,9,0,18,0,2,0,0,0,0,4,1,6,2,24,5,1149,1,16,3,1,3
2016010021113,1,11,0,3,0,8,0,0,0,0,0,1,1,1,39,7,7300,2,12,1,1,1
2016010021114,1,9,0,7,0,8,0,10,1,1,1,1,1,1,30,6,1499,2,-1,2,1,2
2016010021115,1,9,0,1,0,0,0,0,0,0,2,1,6,1,49,8,1997,2,1,8,1,8
2016010021116,1,5,0,4,0,2,0,0,0,0,2,1,6,1,37,7,900,1,14,5,1,5
2016010021116,2,9,0,18,0,2,0,0,0,0,1,1,6,2,33,6,1598,1,16,3,1,3
2016010021117,1,8,0,18,0,1,0,0,0,0,1,1,1,1,64,9,2143,2,6,7,1,7
2016010021118,1,9,0,14,0,0,0,4,0,0,1,1,6,1,25,5,1560,2,-1,-1,-1,-1
2016010021118,2,11,0,3,0,0,0,0,0,0,3,1,1,1,33,6,4500,2,6,2,1,2
2016010021119,1,19,0,18,0,0,0,0,0,0,4,1,1,1,72,10,2402,2,11,4,1,4
2016010021120,1,9,0,18,0,0,0,0,0,0,4,1,6,3,-1,-1,1397,1,16,-1,-1,-1
2016010021121,1,9,0,9,0,5,0,0,0,0,3,1,6,1,48,8,1995,2,2,9,1,9
2016010021121,2,4,0,13,0,1,0,0,0,0,1,1,6,1,21,5,659,1,3,7,1,7
2016010021122,1,9,0,18,0,8,0,0,0,0,1,1,6,1,61,9,1339,8,2,7,1,7
2016010021122,2,1,0,18,0,8,0,0,0,0,3,1,6,1,51,8,-1,-1,-1,3,1,3
2016010021123,1,5,0,18,0,8,0,0,0,0,1,1,2,1,28,6,599,1,6,-1,-1,-1
2016010021123,2,9,0,18,0,8,0,0,0,0,4,1,1,1,33,6,1796,1,7,5,1,5
2016010021124,1,9,0,18,0,0,0,0,0,0,1,1,6,1,20,4,698,1,12,8,1,8
2016010021124,2,9,0,13,0,0,0,0,0,0,2,1,6,1,37,7,-1,-1,-1,7,1,7
2016010021125,1,9,0,18,0,0,0,4,0,0,3,1,6,1,24,5,1590,1,12,4,1,4
2016010021125,2,9,0,18,0,0,0,4,0,0,3,1,6,1,60,9,1363,2,11,7,1,7
2016010021125,3,9,0,2,0,0,0,0,0,0,4,1,6,3,-1,-1,-1,-1,-1,-1,-1,-1
2016010021126,1,19,0,5,0,0,0,0,0,0,1,1,1,1,50,8,1560,2,9,8,1,8
2016010021127,1,11,0,3,0,1,0,0,0,0,1,1,1,1,45,7,7300,2,14,2,1,2
2016010021127,2,11,0,1,0,2,0,0,0,0,2,1,1,2,46,8,9360,2,7,-1,-1,-1
2016010021128,1,1,0,18,0,1,0,0,0,0,1,1,6,1,35,6,-1,-1,-1,6,1,6
2016010021129,1,19,0,7,0,2,0,0,0,0,4,1,1,1,38,7,-1,-1,-1,1,1,1
2016010021130,1,9,0,9,0,5,0,0,0,0,3,1,6,2,53,8,1598,2,6,7,1,7
2016010021130,2,3,0,13,0,1,0,0,0,0,1,1,6,2,24,5,124,1,17,3,1,3
2016010021131,1,9,0,18,0,8,0,0,0,0,2,1,6,1,34,6,1497,8,2,9,1,9
2016010021131,2,9,0,18,0,8,0,0,0,0,1,1,6,3,-1,-1,1598,1,11,-1,-1,-1
2016010021132,1,11,0,18,2,2,0,0,0,0,0,1,1,1,38,7,5132,2,-1,7,1,7
2016010021133,1,3,0,18,0,8,0,0,0,0,3,1,6,1,35,6,125,1,-1,5,1,5
2016010021133,2,9,0,9,0,8,0,0,0,0,1,1,6,2,56,9,2993,2,8,4,1,4
2016010021134,1,9,0,3,0,8,0,0,0,0,2,1,6,1,43,7,-1,-1,-1,8,1,8
2016010021134,2,9,0,17,0,8,0,0,0,0,1,1,6,1,58,9,1997,2,11,5,1,5
2016010021135,1,9,0,3,0,2,0,0,0,0,4,1,6,1,56,9,1598,1,4,6,1,6
2016010021135,2,1,0,15,4,2,0,0,0,0,1,1,6,2,30,6,-1,-1,-1,5,1,5
2016010021136,1,3,0,18,0,8,0,0,0,0,1,1,6,1,40,7,278,1,2,7,1,7
2016010021136,2,9,0,9,0,8,0,0,0,0,1,1,6,2,48,8,1995,2,8,4,1,4
2016010021137,1,9,0,18,0,1,0,0,0,0,3,1,2,2,59,9,1596,1,9,8,1,8
2016010021137,2,19,0,9,0,6,0,0,0,0,1,-1,6,1,-1,-1,-1,-1,-1,-1,-1,-1
2016010021138,1,9,0,18,0,1,0,0,0,0,1,1,1,1,37,7,2143,2,1,1,1,1
2016010021138,2,9,0,18,0,2,0,0,0,0,1,1,1,1,53,8,-1,-1,-1,2,1,2
2016010021139,1,3,0,18,2,1,0,0,0,0,1,1,6,1,22,5,125,1,-1,5,1,5
2016010021139,2,8,0,3,2,1,0,0,0,0,2,1,1,1,44,7,1797,8,5,2,1,2
2016010021140,1,5,0,13,0,0,0,0,0,0,1,1,6,1,26,6,599,1,12,6,1,6
2016010021140,2,19,0,6,0,0,0,0,0,0,4,1,1,1,24,5,1248,2,4,7,1,7
2016010021141,1,9,0,11,0,1,0,0,0,0,4,1,6,1,34,6,2393,1,11,7,1,7
2016010021141,2,9,0,18,0,1,0,0,0,0,3,1,6,1,26,6,2000,2,7,4,1,4
2016010021142,1,19,0,4,0,1,0,0,0,0,2,1,6,1,47,8,1598,2,4,3,1,3
2016010021142,2,9,0,18,0,1,0,0,0,0,1,1,6,1,30,6,-1,-1,-1,2,1,2
2016010021143,1,19,0,9,0,8,0,0,0,0,4,1,1,1,63,9,2198,2,3,3,1,3
2016010021143,2,2,0,18,0,8,1,0,0,0,1,1,6,1,27,6,108,1,-1,1,1,1
2016010021144,1,9,0,4,0,1,0,0,0,0,2,1,1,1,37,7,-1,-1,-1,4,1,4
2016010021144,2,9,0,4,0,1,0,0,0,0,1,1,6,1,31,6,1968,2,6,3,1,3
2016010021147,1,3,0,13,0,1,0,0,0,0,1,1,6,1,24,5,124,1,-1,6,1,6
2016010021147,2,9,0,9,0,5,0,0,0,0,3,1,6,1,49,8,-1,-1,-1,2,1,2
2016010021148,1,9,0,3,0,0,0,0,0,0,3,1,6,1,62,9,1910,2,6,1,1,1
2016010021148,2,1,0,14,0,0,0,8,0,0,1,1,6,1,50,8,-1,-1,-1,5,1,5
2016010021149,1,9,0,9,0,8,0,0,0,0,1,1,6,2,31,6,1596,1,4,3,1,3
2016010021149,2,1,0,10,0,5,0,0,0,0,3,1,6,1,46,8,-1,-1,-1,3,1,3
2016010021150,1,9,0,4,0,1,0,0,0,0,2,1,6,1,28,6,1591,1,-1,4,1,4
2016010021150,2,9,0,18,0,1,0,0,0,0,1,1,6,1,30,6,-1,-1,-1,6,1,6
2016010021152,1,9,0,18,0,1,0,0,0,0,1,1,6,1,45,7,1968,2,1,3,1,3
2016010021152,2,9,0,9,0,6,0,0,0,0,3,1,6,1,43,7,2993,2,6,6,1,6
2016010021153,1,1,0,18,4,2,0,4,0,0,1,1,6,2,23,5,-1,-1,-1,7,1,7
2016010021153,2,9,0,2,4,1,0,0,0,0,4,1,6,3,-1,-1,2494,1,13,-1,-1,-1
2016010021154,1,2,0,4,0,8,0,0,0,0,2,1,1,2,35,6,-1,-1,-1,-1,-1,-1
2016010021154,2,9,0,4,0,8,0,0,0,0,1,1,1,2,25,5,1600,1,5,1,1,1
2016010021155,1,5,0,7,0,8,0,0,0,0,4,1,6,1,33,6,-1,-1,-1,3,1,3
2016010021155,2,9,0,9,0,8,0,0,0,0,0,1,6,3,-1,-1,-1,-1,-1,-1,-1,-1
2016010021156,1,2,0,18,0,8,0,0,0,0,1,1,1,1,19,4,-1,-1,-1,7,1,7
2016010021156,2,9,0,9,0,8,0,0,0,0,4,1,6,1,-1,-1,3628,2,10,1,1,1
2016010021157,1,9,0,18,0,1,0,0,0,0,4,1,3,2,37,7,5461,1,9,3,1,3
2016010021158,1,9,0,4,0,0,0,0,0,0,2,1,6,1,34,6,1798,8,1,3,1,3
2016010021158,2,9,0,4,0,0,0,0,0,0,1,1,6,1,32,6,1968,2,6,2,1,2
2016010021159,1,11,0,4,0,0,0,0,0,0,0,1,1,1,29,6,9000,2,6,5,1,5
2016010021160,1,9,0,9,0,8,0,0,0,0,3,2,6,1,36,7,1968,2,3,3,1,3
2016010021160,2,9,0,18,0,1,0,0,0,0,1,1,6,1,30,6,1248,2,4,5,1,5
2016010021161,1,3,0,18,0,8,0,0,0,0,4,1,6,1,25,5,-1,-1,-1,1,1,1
2016010021161,2,9,0,9,0,8,0,0,0,0,1,1,6,2,34,6,1596,1,7,6,1,6
2016010021162,1,21,0,5,0,1,0,0,0,0,3,1,1,1,52,8,-1,-1,-1,7,1,7
2016010021163,1,8,0,18,0,0,0,0,0,0,4,1,1,1,43,7,2497,2,-1,2,1,2
2016010021165,1,9,0,18,0,1,0,0,0,0,1,1,6,1,30,6,1596,1,13,5,1,5
2016010021165,2,8,0,3,0,1,0,0,0,0,2,1,1,1,39,7,2143,2,4,6,1,6
2016010021165,3,8,0,3,0,1,0,0,0,0,2,1,1,1,31,6,-1,-1,-1,-1,-1,-1
2016010021166,1,11,0,3,0,2,0,0,0,0,0,1,1,1,43,7,4500,2,1,5,1,5
2016010021167,1,3,0,3,0,0,0,0,0,0,2,1,6,1,29,6,108,1,4,5,1,5
2016010021167,2,9,0,18,0,0,0,0,0,0,0,1,6,1,49,8,1968,2,3,3,1,3
2016010021168,1,1,0,18,9,1,0,0,0,0,1,1,6,1,18,4,-1,-1,-1,-1,-1,-1
2016010021169,1,9,0,5,0,1,0,0,7,1,1,1,6,1,81,11,1242,1,9,2,1,2
2016010021170,1,9,0,9,0,1,0,0,0,0,4,1,3,1,33,6,998,1,17,4,1,4
2016010021170,2,1,0,18,4,8,0,0,0,0,1,1,1,1,35,6,-1,-1,-1,9,1,9
2016010021171,1,9,0,5,0,1,0,0,0,0,2,1,6,1,28,6,1198,1,12,3,1,3
2016010021171,2,9,0,18,0,1,0,0,0,0,1,1,6,1,44,7,1995,2,3,4,1,4
2016010021172,1,2,0,13,0,8,0,0,0,0,4,1,6,1,19,4,109,1,2,4,1,4
2016010021172,2,19,0,9,0,8,0,0,0,0,3,1,1,1,45,7,2198,2,-1,6,1,6
2016010021173,1,9,0,4,0,0,0,0,0,0,3,1,6,1,55,8,1995,1,15,3,1,3
2016010021173,2,9,0,11,0,0,0,0,0,0,4,1,6,3,-1,-1,999,1,6,-1,-1,-1
2016010021174,1,9,0,10,0,1,0,0,0,0,2,1,6,1,38,7,1598,1,13,2,1,2
2016010021174,2,19,0,4,0,1,0,0,0,0,1,1,6,3,-1,-1,-1,-1,-1,-1,-1,-1
2016010021175,1,20,0,4,0,1,0,0,0,0,1,1,1,1,37,7,12130,2,12,3,1,3
2016010021175,2,5,0,4,0,1,0,0,0,0,2,1,6,1,37,7,599,1,13,3,1,3
2016010021176,1,5,0,18,0,2,1,0,0,0,0,1,6,1,50,8,992,1,12,2,1,2
2016010021178,1,9,0,3,0,0,0,0,1,0,3,1,1,1,61,9,2982,2,3,-1,-1,-1
2016010021178,2,1,0,14,0,0,0,8,0,0,4,1,6,1,40,7,-1,-1,-1,6,1,6
2016010021179,1,9,0,18,0,1,0,0,3,10,1,1,6,2,50,8,1798,8,-1,9,1,9
2016010021180,1,9,0,18,0,1,0,0,0,0,1,1,6,1,28,6,1791,8,5,3,1,3
2016010021180,2,9,0,9,0,5,0,0,0,0,1,1,6,3,-1,-1,2204,2,10,-1,-1,-1
2016010021181,1,9,0,9,0,1,0,0,0,0,3,1,6,1,26,6,998,1,8,1,1,1
2016010021181,2,3,0,13,0,1,0,0,0,0,1,1,6,1,27,6,-1,-1,-1,2,1,2
2016010021182,1,9,0,9,0,8,0,0,0,0,4,1,6,1,45,7,1498,1,10,10,1,10
2016010021182,2,3,0,18,0,8,0,0,0,0,3,1,6,1,40,7,124,1,9,7,1,7
2016010021183,1,9,0,9,0,8,0,0,0,0,4,1,6,1,44,7,5998,1,1,6,1,6
2016010021183,2,3,0,18,0,1,0,0,0,0,1,1,6,1,19,4,124,1,8,8,1,8
2016010021184,1,9,0,18,0,1,0,0,0,0,4,1,6,1,-1,-1,-1,-1,-1,-1,-1,-1
2016010021186,1,3,0,9,0,8,0,0,0,0,1,1,6,1,44,7,279,1,1,8,1,8
2016010021270,1,9,0,4,0,1,0,0,0,0,2,1,6,1,35,6,1240,1,8,8,1,8
2016010021270,2,9,0,4,0,1,0,0,0,0,1,1,6,1,62,9,1798,1,1,4,1,4
2016010021271,1,8,0,3,0,0,0,0,0,0,2,1,1,1,26,6,2143,2,-1,6,1,6
2016010021271,2,3,0,18,0,0,0,0,0,0,1,1,6,1,18,4,125,1,4,8,1,8
2016010021272,1,8,0,4,0,8,0,0,0,0,2,1,1,1,-1,-1,1560,2,3,-1,-1,-1
2016010021272,2,19,0,18,0,8,0,0,0,0,1,1,6,1,-1,-1,-1,-1,-1,-1,-1,-1