Accident_Index,Vehicle_Reference,Vehicle_Type,Towing_and_Articulation,Vehicle_Manoeuvre,Vehicle_Location-Restricted_Lane,Junction_Location,Skidding_and_Overturning,Hit_Object_in_Carriageway,Vehicle_Leaving_Carriageway,Hit_Object_off_Carriageway,1st_Point_of_Impact,Was_Vehicle_Left_Hand_Drive?,Journey_Purpose_of_Driver,Sex_of_Driver,Age_of_Driver,Age_Band_of_Driver,Engine_Capacity_(CC),Propulsion_Code,Age_of_Vehicle,Driver_IMD_Decile,Driver_Home_Area_Type,Vehicle_IMD_Decile
2016010021276,1,9,0,4,0,1,0,0,0,0,1,1,2,1,36,7,2993,2,3,5,1,5
2016010021276,2,9,0,4,0,1,0,0,0,0,2,1,2,2,40,7,1995,2,4,9,1,9
2016010021277,1,9,0,3,0,0,0,0,0,0,1,1,6,1,-1,-1,1390,1,12,-1,-1,-1
2016010021277,2,9,0,3,0,0,0,0,0,0,2,1,6,1,-1,-1,2143,2,5,-1,-1,-1
2016010021280,1,9,0,4,0,0,0,0,0,0,2,1,6,1,37,7,-1,-1,-1,10,1,10
2016010021280,2,19,0,18,0,0,0,0,0,0,1,1,6,3,-1,-1,2148,2,12,-1,-1,-1
2016010021282,1,9,0,5,0,1,0,0,0,0,4,1,2,2,60,9,1598,1,11,9,1,9
2016010021286,1,9,0,7,0,8,0,0,0,0,1,-1,6,1,-1,-1,-1,-1,-1,-1,-1,-1
2016010021286,2,1,0,18,0,8,0,0,0,0,4,1,6,1,39,7,-1,-1,-1,5,1,5
2016010021288,1,9,0,18,0,8,0,0,0,0,4,1,6,2,43,7,1598,1,10,8,1,8
2016010021288,2,9,0,18,0,8,0,0,0,0,1,1,6,2,-1,-1,1198,1,6,-1,-1,-1
2016010021292,1,10,0,18,0,8,0,0,0,0,1,1,1,1,35,6,-1,-1,-1,3,1,3
2016010021294,1,9,0,18,0,2,0,4,0,0,4,1,6,1,72,10,1598,1,18,3,1,3
2016010021294,2,9,0,3,0,2,0,0,0,0,3,1,6,2,62,9,1197,1,1,6,1,6
2016010021296,1,11,0,18,0,2,0,0,0,0,1,1,1,1,25,5,4500,2,6,5,1,5
2016010021297,1,3,0,5,0,8,0,0,0,0,1,1,6,1,29,6,124,1,4,2,1,2
2016010021297,2,19,0,9,0,8,0,0,0,0,4,1,1,1,26,6,2143,2,6,9,1,9
2016010021299,1,9,0,18,0,-1,0,0,0,0,3,1,6,1,36,7,1242,1,15,3,1,3
2016010021299,2,19,0,13,0,-1,0,0,0,0,4,-1,6,1,26,6,2198,2,3,3,1,3
2016010021300,1,19,0,9,0,8,0,0,0,0,4,1,1,1,49,8,1248,2,-1,8,1,8
2016010021300,2,1,0,15,0,8,0,0,0,0,1,1,2,1,34,6,-1,-1,-1,2,1,2
2016010021301,1,9,0,2,0,8,0,0,0,0,3,1,6,3,-1,-1,-1,-1,-1,-1,-1,-1
2016010021301,2,1,0,18,0,8,0,4,0,0,1,1,6,1,32,6,-1,-1,-1,3,1,3
2016010021302,1,9,0,18,0,0,1,0,0,0,1,1,2,1,-1,-1,2972,1,14,5,1,5
2016010021302,2,8,0,18,0,0,0,0,0,0,3,1,1,1,-1,-1,2148,2,9,4,1,4
2016010021302,3,9,0,18,0,0,0,0,0,0,1,1,2,2,-1,-1,1396,1,5,5,1,5
2016010021304,1,9,0,18,0,6,0,0,0,0,1,1,6,2,54,8,2494,8,-1,2,1,2
2016010021304,2,4,0,18,0,1,0,0,0,0,1,1,6,1,52,8,800,1,4,5,1,5
2016010021305,1,9,0,18,0,0,0,0,0,0,1,1,2,1,26,6,1968,2,1,3,1,3
2016010021308,1,9,0,18,0,8,0,0,0,0,4,1,6,2,63,9,998,1,1,10,1,10
2016010021308,2,9,0,18,0,8,0,0,0,0,1,1,6,2,42,7,1995,2,11,9,1,9
2016010021311,1,9,0,9,0,5,0,0,0,0,4,1,2,1,28,6,1086,1,11,3,1,3
2016010021311,2,9,0,18,0,1,0,0,0,0,1,1,6,2,20,4,1197,1,-1,1,1,1
2016010021313,1,9,0,3,0,0,0,0,0,0,2,1,1,1,25,5,2171,1,12,3,1,3
2016010021313,2,19,0,18,0,0,0,0,0,0,1,1,1,1,-1,-1,1560,2,-1,-1,-1,-1
2016010021315,1,5,0,3,0,2,0,0,0,0,2,1,6,1,46,8,649,1,17,4,1,4
2016010021315,2,9,0,18,0,2,0,0,0,0,1,1,6,2,-1,-1,2179,2,4,-1,-1,-1
2016010021319,1,3,0,14,0,0,0,0,0,0,1,1,6,3,-1,-1,-1,-1,-1,-1,-1,-1
2016010021320,1,9,0,3,0,1,0,0,0,0,2,1,6,1,35,6,1396,1,18,2,1,2
2016010021320,2,9,0,4,0,1,0,0,0,0,1,1,6,3,-1,-1,1598,1,10,-1,-1,-1
2016010021322,1,1,0,4,0,8,0,0,0,0,2,1,6,1,34,6,-1,-1,-1,4,1,4
2016010021322,2,2,0,4,0,8,0,0,0,0,1,1,6,3,-1,-1,-1,-1,-1,-1,-1,-1
2016010021323,1,9,0,13,0,8,0,0,0,0,4,1,2,1,29,6,-1,-1,-1,7,1,7
2016010021323,2,1,0,18,0,8,0,0,0,0,3,1,6,1,32,6,-1,-1,-1,7,1,7
2016010021325,1,9,0,9,0,2,5,4,0,0,4,1,6,1,29,6,1968,2,4,6,1,6
2016010021330,1,9,0,18,0,8,0,0,0,0,4,1,6,3,-1,-1,-1,-1,-1,-1,-1,-1
2016010021333,1,9,0,18,0,0,0,0,0,0,1,1,6,1,30,6,2497,2,11,5,1,5
2016010021333,2,21,0,18,0,0,0,0,0,0,1,1,6,1,31,6,5880,2,11,6,1,6
2016010021337,1,9,0,5,0,4,0,9,0,0,3,1,6,2,36,7,1598,1,5,2,1,2
2016010021337,2,9,0,17,0,8,0,0,0,0,1,1,6,1,31,6,1995,2,-1,3,1,3
2016010021338,1,5,0,18,0,0,0,0,0,0,4,1,6,1,26,6,649,1,10,10,1,10
2016010021338,2,9,0,5,0,0,0,0,0,0,3,1,3,2,20,4,1400,1,10,7,1,7
2016010021340,1,19,0,9,0,8,0,0,0,0,0,1,1,1,30,6,1753,2,6,4,1,4
2016010021340,2,1,0,18,0,8,0,0,0,0,3,1,6,1,26,6,-1,-1,-1,4,1,4
2016010021341,1,9,0,4,0,0,0,0,0,0,2,1,6,1,30,6,1461,2,1,7,1,7
2016010021341,2,9,0,18,0,0,0,0,0,0,1,1,6,1,-1,-1,-1,-1,-1,-1,-1,-1
2016010021343,1,9,0,6,0,8,0,0,0,0,3,1,6,1,62,9,-1,-1,-1,4,1,4
2016010021343,2,3,0,18,0,8,0,0,0,0,3,1,6,1,20,4,125,1,-1,-1,-1,-1
2016010021349,1,8,0,5,0,0,0,0,0,0,4,1,6,3,-1,-1,-1,-1,-1,-1,-1,-1
2016010021350,1,8,0,3,0,8,0,0,0,0,2,1,1,1,46,8,1497,8,8,7,1,7
2016010021350,2,9,0,18,0,8,0,0,0,0,1,1,6,1,-1,-1,1989,1,16,-1,-1,-1
2016010021352,1,1,0,18,0,0,0,0,0,0,2,1,6,1,48,8,-1,-1,-1,4,1,4
2016010021352,2,19,0,18,0,0,0,0,0,0,1,1,6,3,-1,-1,-1,-1,-1,-1,-1,-1
2016010021353,1,9,0,18,0,0,0,0,0,0,3,1,6,1,19,4,1995,2,5,1,1,1
2016010021353,2,9,0,18,0,0,0,7,0,0,4,1,6,1,64,9,1388,1,15,3,1,3
2016010021360,1,1,0,18,0,8,0,0,0,0,1,1,6,1,23,5,-1,-1,-1,3,1,3
2016010021360,2,9,0,6,0,8,0,0,0,0,2,1,6,3,-1,-1,-1,-1,-1,-1,-1,-1
2016010021365,1,9,0,3,0,1,0,0,0,0,2,1,6,1,49,8,1968,2,6,2,1,2
2016010021365,2,9,0,5,0,1,0,0,0,0,1,1,6,1,54,8,1685,2,3,3,1,3
2016010021370,1,3,0,18,0,0,0,0,0,0,1,1,6,1,-1,-1,-1,-1,-1,-1,-1,-1
2016010021371,1,8,0,9,0,8,0,0,0,0,1,1,1,1,28,6,-1,-1,-1,5,1,5
2016010021372,1,9,0,7,0,8,0,0,0,0,4,1,6,2,21,5,1390,1,4,3,1,3
2016010021372,2,1,0,18,0,8,0,0,0,0,1,1,6,1,29,6,-1,-1,-1,5,1,5
2016010021374,1,9,0,18,0,0,0,0,0,0,1,1,6,3,-1,-1,-1,-1,-1,-1,-1,-1
2016010021375,1,9,0,7,0,8,0,0,0,0,2,1,1,1,31,6,1968,2,2,-1,-1,-1
2016010021375,2,9,0,18,0,8,0,0,0,0,1,1,6,1,-1,-1,1587,1,17,-1,-1,-1
2016010021376,1,9,0,1,9,1,0,0,0,0,2,1,6,1,46,8,-1,-1,-1,-1,1,-1
2016010021377,1,9,0,18,0,1,0,0,0,0,1,1,6,1,-1,-1,1390,1,6,-1,-1,-1
2016010021377,2,9,0,18,0,1,0,0,0,0,2,1,6,1,39,7,1896,2,6,2,1,2
2016010021379,1,9,0,7,0,6,0,0,0,0,1,1,6,2,80,11,1299,1,14,4,1,4
2016010021379,2,11,0,18,0,1,0,0,0,0,4,1,3,1,52,8,-1,-1,-1,4,1,4
2016010021381,1,9,0,4,0,8,0,0,0,0,1,1,6,1,42,7,1850,1,15,9,1,9
2016010021381,2,9,0,9,0,8,0,0,0,0,1,1,6,1,88,11,1968,2,1,4,1,4
2016010021382,1,9,0,3,0,1,0,0,0,0,1,1,6,2,46,8,1242,1,4,8,1,8
2016010021382,2,9,0,18,0,1,0,0,0,0,1,1,6,3,-1,-1,1390,1,4,-1,-1,-1
2016010021385,1,9,0,3,0,1,0,0,0,0,2,1,6,2,38,7,1598,1,8,3,1,3
2016010021392,1,20,0,18,0,0,0,0,0,0,1,1,3,1,50,8,-1,-1,-1,4,1,4
2016010021392,2,9,0,11,0,0,0,0,0,0,2,1,6,1,29,6,1198,1,2,-1,-1,-1
2016010021401,1,11,0,5,0,8,0,0,0,0,3,1,1,1,59,9,8300,2,10,8,1,8
2016010021401,2,1,0,18,0,8,0,0,0,0,1,1,6,1,37,7,-1,-1,-1,3,1,3
2016010021402,1,9,0,18,0,0,0,0,0,0,3,1,2,2,33,6,1490,1,8,3,1,3
2016010021402,2,9,0,18,0,0,0,0,1,2,3,1,6,1,22,5,1968,2,4,4,1,4
2016010021403,1,9,0,18,0,0,0,0,0,0,1,1,6,1,29,6,1242,1,3,3,1,3
2016010021409,1,2,0,5,0,8,1,0,0,0,3,1,6,1,24,5,124,1,8,3,1,3
2016010021410,1,9,0,18,0,2,0,0,0,0,1,1,3,2,48,8,1398,1,11,5,1,5
2016010021410,2,1,0,5,0,6,0,0,0,0,4,1,6,1,12,3,-1,-1,-1,6,1,6
2016010021414,1,3,0,18,0,8,0,0,0,0,4,1,2,1,50,8,124,1,2,6,1,6
2016010021414,2,9,0,12,0,8,0,0,0,0,3,1,6,3,-1,-1,-1,-1,-1,-1,-1,-1
2016010021415,1,5,0,18,0,8,0,0,0,0,3,1,6,1,45,7,1585,1,4,-1,-1,-1
2016010021415,2,9,0,7,0,8,0,0,0,0,4,-1,6,2,45,7,1749,1,13,-1,-1,-1
2016010021416,1,8,0,4,0,1,0,0,0,0,4,1,1,1,-1,-1,1798,8,4,5,1,5
2016010021418,1,9,0,9,0,8,0,0,0,0,3,1,6,1,32,6,1242,1,10,3,1,3
2016010021418,2,9,0,10,0,8,0,0,0,0,3,1,6,2,27,6,1248,2,-1,2,1,2
2016010021418,3,2,0,18,0,8,0,0,0,0,1,1,6,1,27,6,124,1,8,1,1,1
2016010021421,1,3,0,15,0,1,0,4,0,0,4,1,6,1,25,5,124,1,-1,3,1,3
2016010021421,2,11,0,18,0,1,0,0,0,0,4,1,1,1,53,8,4500,2,4,-1,-1,-1
2016010021421,3,19,0,2,0,1,0,0,0,0,2,1,6,3,-1,-1,-1,-1,-1,-1,-1,-1
2016010021422,1,9,0,18,0,8,0,0,0,0,4,1,6,1,39,7,1560,2,4,1,1,1
2016010021422,2,9,0,9,0,8,0,0,0,0,1,1,6,1,23,5,1769,1,13,10,1,10
2016010021423,1,9,0,8,0,8,0,0,0,0,4,1,2,2,28,6,1242,1,14,3,1,3
2016010021423,2,1,0,18,9,8,0,0,0,0,1,1,6,1,42,7,-1,-1,-1,-1,-1,-1
2016010021424,1,1,0,9,0,8,0,0,0,0,4,1,6,1,48,8,-1,-1,-1,2,1,2
2016010021424,2,9,0,18,0,8,0,0,0,0,3,1,6,3,-1,-1,-1,-1,-1,-1,-1,-1
2016010021425,1,9,0,10,0,1,0,0,0,0,1,1,6,1,-1,-1,1590,1,11,3,1,3
2016010021425,2,19,0,1,0,1,0,0,0,0,2,-1,6,1,-1,-1,1995,2,9,-1,-1,-1
2016010021433,1,9,0,3,0,8,0,0,0,0,2,1,6,1,56,9,-1,-1,-1,1,1,1
2016010021433,2,1,0,18,0,8,0,0,0,0,1,1,6,1,25,5,-1,-1,-1,-1,-1,-1
2016010021434,1,9,0,7,0,8,0,0,0,0,3,1,2,2,34,6,1995,1,11,6,1,6
2016010021434,2,19,0,7,0,8,0,0,0,0,4,1,1,1,47,8,2143,2,1,9,1,9
2016010021436,1,5,0,12,0,0,0,0,0,0,3,1,6,1,45,7,847,1,1,10,1,10
2016010021436,2,9,0,18,0,0,0,0,0,0,4,-1,6,1,-1,-1,-1,-1,-1,-1,-1,-1
2016010021442,1,9,0,18,0,0,0,0,0,0,3,1,6,1,56,9,1998,1,15,2,1,2
2016010021442,2,9,0,3,0,0,0,0,0,0,0,1,6,2,42,7,2488,2,7,3,1,3
2016010021444,1,11,0,4,0,3,0,0,0,0,2,1,1,2,-1,-1,4500,2,6,-1,-1,-1
2016010021444,2,11,0,18,0,3,0,0,0,0,1,1,1,1,-1,-1,4500,2,6,-1,-1,-1
2016010021448,1,9,0,18,0,0,0,0,0,0,1,1,6,2,19,4,1397,1,15,1,1,1
2016010021449,1,9,0,14,0,8,0,0,0,0,4,1,2,1,21,5,1198,1,4,10,1,10
2016010021449,2,11,0,5,0,8,0,0,0,0,3,1,1,1,30,6,6700,2,4,2,1,2
2016010021450,1,9,0,9,0,8,0,0,0,0,1,1,6,1,79,11,1590,1,13,-1,-1,-1
2016010021450,2,9,0,18,0,8,0,0,0,0,3,1,6,2,33,6,1560,2,5,-1,-1,-1
2016010021451,1,9,0,4,0,8,0,0,0,0,1,1,6,1,20,4,1248,2,6,9,1,9
2016010021451,2,9,0,4,0,8,0,0,0,0,2,1,6,1,21,5,1248,2,5,-1,-1,-1
2016010021451,3,9,0,3,0,8,0,0,0,0,2,1,6,1,53,8,2987,2,9,9,1,9
2016010021452,1,19,0,17,0,1,0,0,1,10,1,1,1,1,28,6,2198,2,3,2,1,2
2016010021455,1,9,0,5,0,1,0,0,0,0,3,1,6,2,79,11,1595,1,12,9,1,9
2016010021455,2,3,0,18,0,1,0,0,0,0,1,1,6,1,71,10,124,1,-1,4,1,4
2016010021456,1,9,0,18,0,1,0,0,0,0,1,1,6,2,45,7,1461,2,-1,-1,-1,-1
2016010021456,2,9,0,7,0,8,0,0,0,0,2,1,6,2,19,4,-1,-1,-1,-1,-1,-1
2016010021459,1,3,0,18,0,1,0,0,0,0,4,1,1,1,27,6,125,1,-1,-1,-1,-1
2016010021461,1,9,0,9,0,8,0,0,0,0,1,1,6,1,24,5,999,1,-1,1,1,1
2016010021461,2,3,0,3,0,8,0,0,0,0,1,1,6,1,41,7,125,1,5,4,1,4
2016010021462,1,9,0,5,0,0,0,4,0,0,1,1,6,1,50,8,1598,1,12,6,1,6
2016010021462,2,9,0,3,0,0,0,0,1,0,2,1,6,1,-1,-1,2993,2,1,-1,-1,-1
2016010021462,3,9,0,3,0,0,0,0,7,0,2,1,6,2,-1,-1,2191,2,1,-1,-1,-1
2016010021467,1,1,0,18,0,1,0,0,0,0,3,1,2,1,38,7,-1,-1,-1,1,1,1
2016010021467,2,9,0,7,0,2,0,0,0,0,1,1,6,3,-1,-1,-1,-1,-1,-1,-1,-1
2016010021527,1,9,0,9,0,8,0,0,0,0,3,1,6,1,20,4,1388,1,11,3,1,3
2016010021527,2,9,0,18,0,8,0,0,0,0,1,1,6,1,22,5,1834,1,15,2,1,2
2016010021528,1,11,0,5,0,8,0,0,0,0,0,1,1,1,58,9,4500,2,-1,5,1,5
2016010021529,1,9,0,1,0,8,0,0,0,0,2,1,6,2,44,7,999,1,1,2,1,2
2016010021529,2,9,0,3,0,8,0,0,0,0,1,1,6,1,58,9,1390,1,9,2,1,2
2016010021532,1,1,0,18,0,1,0,0,0,0,0,1,2,1,39,7,-1,-1,-1,10,1,10
2016010021536,1,8,0,18,0,8,0,0,0,0,4,1,1,1,49,8,2143,2,5,3,1,3
2016010021539,1,9,0,18,0,1,0,0,0,0,1,1,6,1,84,11,1796,1,16,4,1,4
2016010021539,2,8,0,10,0,1,0,0,0,0,2,1,6,1,34,6,1798,8,4,6,1,6
2016010021539,3,9,0,10,0,1,0,0,0,0,2,1,6,1,72,10,1596,1,11,3,1,3
2016010021542,1,9,0,3,0,8,0,0,0,0,1,1,1,1,31,6,2000,1,10,9,1,9
2016010021542,2,19,0,3,0,4,0,0,0,0,2,1,1,1,37,7,1560,2,-1,5,1,5
2016010021542,3,19,0,18,0,1,0,0,0,0,1,1,1,1,-1,-1,2148,1,11,4,1,4
2016010021542,4,19,0,3,0,4,0,0,0,0,2,1,1,1,38,7,2198,2,3,5,1,5
2016010021544,1,9,0,9,0,8,0,0,0,0,4,1,6,1,18,4,1198,1,12,5,1,5
2016010021544,2,3,0,18,0,8,0,0,0,0,1,1,6,1,19,4,124,1,12,4,1,4
2016010021545,1,9,0,4,0,8,0,0,0,0,2,1,6,2,58,9,1275,1,21,2,1,2
2016010021545,2,90,0,18,0,8,0,0,0,0,1,1,1,1,29,6,-1,-1,-1,2,1,2
2016010021546,1,9,0,7,9,0,0,0,0,0,4,1,6,2,43,7,1988,1,14,2,1,2
2016010021546,2,1,0,18,9,0,0,0,0,0,1,1,6,1,14,3,-1,-1,-1,2,1,2
2016010021547,1,9,0,5,0,8,0,0,0,0,1,1,3,2,-1,-1,1364,1,-1,2,1,2
2016010021547,2,9,0,18,0,8,0,0,0,0,3,1,3,2,43,7,1199,1,14,3,1,3
2016010021551,1,1,0,18,0,0,0,0,0,0,1,1,6,1,52,8,-1,-1,-1,5,1,5
2016010021554,1,9,0,9,0,8,0,0,0,0,3,1,6,1,32,6,-1,-1,-1,3,1,3
2016010021554,2,3,0,13,0,8,0,0,0,0,1,1,6,1,38,7,124,1,8,4,1,4
2016010021556,1,9,0,18,0,0,0,4,0,0,1,1,6,1,83,11,1596,1,3,7,1,7
2016010021556,2,9,0,2,0,0,0,0,0,0,2,1,6,3,-1,-1,-1,-1,-1,-1,-1,-1
2016010021556,3,9,0,2,0,0,0,0,0,0,0,1,6,3,-1,-1,-1,-1,-1,-1,-1,-1
2016010021557,1,9,0,1,9,8,0,10,1,10,2,1,6,2,36,7,1587,1,14,6,1,6
2016010021558,1,9,0,7,0,8,0,0,0,0,4,1,6,1,46,8,1248,2,2,1,1,1
2016010021558,2,3,0,18,0,8,0,0,0,0,1,1,6,1,-1,-1,125,1,7,-1,-1,-1
2016010021564,1,2,0,12,0,1,0,0,0,0,0,1,6,1,22,5,124,1,-1,-1,-1,-1
2016010021565,1,9,0,7,0,8,0,0,0,0,1,1,6,1,31,6,2143,2,1,9,1,9
2016010021566,1,9,0,9,0,0,0,0,0,0,1,1,6,1,26,6,1968,2,7,1,1,1
2016010021566,2,1,0,18,0,0,0,0,0,0,1,1,6,1,61,9,-1,-1,-1,2,1,2
2016010021570,1,9,5,9,0,2,0,0,0,0,3,1,6,2,19,4,1329,1,4,6,1,6
2016010021570,2,3,5,14,0,1,0,0,0,0,1,1,6,1,18,4,124,1,17,8,1,8
2016010021572,1,8,0,13,0,0,0,0,0,0,1,1,1,1,81,11,2402,2,13,9,1,9
2016010021572,2,1,0,18,0,0,0,0,0,0,1,1,2,1,25,5,-1,-1,-1,-1,-1,-1
2016010021573,1,4,0,18,0,8,0,0,0,0,1,1,2,2,46,8,124,1,8,5,1,5
2016010021573,2,9,0,9,0,8,0,0,0,0,4,1,2,2,64,9,1398,1,5,6,1,6
2016010021575,1,9,0,4,0,8,0,0,0,0,3,1,6,1,46,8,1997,2,3,-1,-1,-1
2016010021575,2,8,0,15,0,8,0,0,0,0,4,1,6,1,51,8,1797,8,5,2,1,2
2016010021576,1,3,0,18,0,8,0,0,0,0,1,1,6,1,21,5,-1,-1,-1,-1,-1,-1
2016010021576,2,9,0,9,0,8,0,0,0,0,4,1,6,2,33,6,1997,1,15,-1,-1,-1
2016010021580,1,9,0,8,0,1,0,0,0,0,2,2,6,1,27,6,-1,-1,-1,-1,-1,-1
2016010021580,2,9,0,7,0,1,0,0,0,0,1,1,6,1,59,9,1995,2,5,9,1,9
2016010021584,1,19,0,7,0,1,0,0,0,0,1,1,1,1,33,6,1995,2,4,4,1,4
2016010021584,2,9,0,18,0,1,0,0,0,0,1,1,6,2,38,7,1396,1,4,4,1,4
2016010021585,1,9,0,10,0,1,0,0,0,0,2,1,6,2,34,6,1560,2,-1,-1,-1,-1
2016010021585,2,3,0,9,0,1,0,0,0,0,1,1,1,1,18,4,-1,-1,-1,-1,-1,-1
2016010021586,1,9,0,6,0,0,0,0,0,0,3,1,3,2,38,7,1995,2,2,7,1,7
2016010021586,2,3,0,18,0,0,0,0,0,0,1,1,6,1,42,7,125,1,2,2,1,2
2016010021587,1,2,0,13,0,1,0,0,0,0,1,1,6,1,17,4,125,1,1,2,1,2
2016010021587,2,8,0,18,0,2,0,0,0,0,1,1,1,1,34,6,1997,2,1,6,1,6
2016010021591,1,9,0,3,0,0,0,0,0,0,2,1,6,2,23,5,898,1,-1,-1,-1,-1
2016010021591,2,9,0,18,0,0,0,0,0,0,1,1,6,3,-1,-1,-1,-1,-1,-1,-1,-1
2016010021593,1,9,0,4,0,1,0,0,0,0,2,1,2,1,26,6,2148,2,13,-1,-1,-1
2016010021593,2,9,0,18,0,1,0,0,0,0,1,1,6,1,-1,-1,999,1,8,-1,-1,-1
2016010021595,1,2,0,18,0,0,0,0,0,0,1,1,6,3,-1,-1,-1,-1,-1,-1,-1,-1
2016010021596,1,11,0,18,0,8,0,0,0,0,0,1,1,1,62,9,9000,2,7,2,1,2
2016010021598,1,9,0,6,0,0,0,0,0,0,3,1,6,3,-1,-1,2993,2,12,-1,-1,-1
2016010021598,2,5,0,18,0,0,0,0,0,0,1,1,2,1,41,7,-1,-1,-1,-1,-1,-1
2016010021598,3,9,0,3,0,0,0,0,0,0,1,1,6,1,50,8,4691,1,5,8,1,8
2016010021598,4,9,0,3,0,0,0,0,0,0,1,1,6,1,-1,-1,999,1,1,2,1,2
2016010021599,1,9,0,4,0,8,0,0,0,0,3,1,6,1,52,8,1248,1,7,2,1,2
2016010021599,2,90,0,4,0,8,0,0,0,0,4,1,6,1,-1,-1,6871,2,2,-1,-1,-1
2016010021605,1,9,0,3,0,0,0,0,0,0,1,1,6,1,31,6,1590,1,14,-1,-1,-1
2016010021605,2,9,0,1,0,0,0,4,0,0,2,1,6,2,-1,-1,2987,2,10,-1,-1,-1
2016010021607,1,9,0,9,0,8,0,0,0,0,1,1,6,2,38,7,1242,1,11,5,1,5
2016010021607,2,9,0,10,0,8,0,0,0,0,4,1,6,2,51,8,1597,2,2,8,1,8
2016010021613,1,9,0,9,0,8,0,0,0,0,1,1,6,1,25,5,1499,2,1,-1,3,-1
2016010021613,2,9,0,18,0,8,0,0,0,0,1,1,6,1,40,7,2143,2,5,4,1,4
2016010021613,3,1,0,18,0,8,0,0,0,0,4,1,6,1,54,8,-1,-1,-1,9,1,9
2016010021619,1,9,0,18,0,1,0,0,0,0,4,1,6,1,58,9,1395,1,2,7,1,7
2016010021619,2,9,0,9,0,1,0,0,0,0,1,1,6,1,28,6,1598,1,16,6,1,6
2016010021625,1,9,0,7,0,8,0,0,0,0,2,1,6,2,46,8,-1,-1,-1,5,1,5
2016010021625,2,9,0,18,0,8,0,0,0,0,1,1,6,1,-1,-1,-1,-1,-1,-1,-1,-1
2016010021636,1,11,0,4,0,8,0,0,0,0,0,1,1,1,51,8,4500,2,1,4,1,4
2016010021638,1,1,0,17,0,1,0,0,0,0,1,1,6,1,46,8,-1,-1,-1,2,1,2
2016010021638,2,8,0,17,0,1,0,0,0,0,2,1,1,1,56,9,2499,2,2,8,1,8
2016010021641,1,9,0,9,0,8,0,0,0,0,3,1,6,1,53,8,999,1,3,7,1,7
2016010021641,2,1,0,18,0,8,0,0,0,0,1,1,6,1,24,5,-1,-1,-1,3,1,3
2016010021642,1,9,0,11,0,0,0,0,4,6,2,1,6,1,32,6,1995,2,4,3,1,3
2016010021642,2,9,0,18,0,0,0,0,4,6,1,1,6,1,26,6,5461,1,1,4,1,4
2016010021653,1,9,0,18,0,8,0,0,0,0,1,1,6,1,47,8,1275,1,18,4,1,4
2016010021653,2,9,0,9,0,8,0,0,0,0,1,1,6,1,53,8,1399,1,13,3,1,3
2016010021655,1,9,0,18,0,0,1,4,0,0,1,1,6,1,19,4,1796,1,13,2,1,2
2016010021655,2,9,0,2,0,0,0,0,0,0,3,1,6,3,-1,-1,1796,1,17,-1,-1,-1
2016010021655,3,9,0,2,0,0,0,0,0,0,3,1,6,3,-1,-1,1997,2,8,-1,-1,-1
2016010021655,4,9,0,2,0,0,0,0,0,0,2,1,6,3,-1,-1,-1,-1,-1,-1,-1,-1
2016010021660,1,9,0,18,0,1,0,0,0,0,1,1,6,2,77,11,998,1,-1,-1,-1,-1
2016010021660,2,9,0,3,0,1,0,0,0,0,2,1,6,2,24,5,-1,-1,-1,-1,-1,-1
2016010021663,1,1,0,13,0,8,0,0,0,0,1,1,2,1,54,8,-1,-1,-1,4,1,4
2016010021663,2,9,0,5,0,1,0,0,0,0,3,1,6,1,-1,-1,1992,2,9,-1,-1,-1
2016010021667,1,9,0,18,0,8,0,0,0,0,1,1,6,1,63,9,1242,1,10,3,1,3
2016010021667,2,9,0,18,0,8,0,0,0,0,3,1,6,3,-1,-1,1242,1,13,-1,-1,-1
2016010021673,1,5,0,18,0,8,0,0,0,0,0,1,6,1,47,8,1157,1,16,7,1,7
2016010021673,2,9,0,9,0,8,0,0,0,0,0,1,2,2,-1,-1,-1,-1,-1,-1,-1,-1
2016010021675,1,9,0,9,0,8,0,0,0,0,1,1,2,1,58,9,-1,-1,-1,-1,-1,-1
2016010021675,2,1,0,18,0,8,0,0,0,0,1,1,2,1,52,8,-1,-1,-1,-1,1,-1
2016010021679,1,9,0,3,0,2,0,0,0,0,1,1,6,1,-1,-1,-1,-1,-1,-1,-1,-1
2016010021679,2,19,0,1,0,2,0,0,0,0,2,1,6,3,-1,-1,-1,-1,-1,-1,-1,-1
2016010021683,1,9,0,13,0,1,5,7,0,0,1,1,6,2,78,11,1398,1,5,10,1,10
2016010021683,2,1,0,18,0,1,0,0,0,0,0,1,6,1,38,7,-1,-1,-1,7,1,7
2016010021689,1,9,0,3,0,8,0,0,0,0,3,1,6,1,28,6,1995,2,7,5,1,5
2016010021689,2,3,0,18,0,8,0,0,0,0,1,1,1,1,29,6,108,1,3,5,1,5
2016010021698,1,1,0,18,0,8,0,0,0,0,1,1,6,2,17,4,-1,-1,-1,-1,-1,-1
2016010021698,2,9,-1,9,0,8,-1,0,0,0,-1,-1,6,3,-1,-1,-1,-1,-1,-1,-1,-1
2016010021700,1,4,0,18,0,8,1,0,0,0,1,1,6,1,22,5,124,1,2,3,1,3
2016010021700,2,9,0,9,0,8,0,0,0,0,1,1,6,2,48,8,1999,1,10,9,1,9
2016010021706,1,9,0,9,0,8,0,0,0,0,3,1,6,1,63,9,-1,-1,-1,-1,-1,-1
2016010021706,2,1,0,18,0,8,0,0,0,0,1,1,6,2,27,6,-1,-1,-1,10,1,10
2016010021708,1,9,0,18,0,8,0,0,0,0,4,1,6,2,34,6,998,1,4,-1,-1,-1