Accident_Index,Vehicle_Reference,Vehicle_Type,Towing_and_Articulation,Vehicle_Manoeuvre,Vehicle_Location-Restricted_Lane,Junction_Location,Skidding_and_Overturning,Hit_Object_in_Carriageway,Vehicle_Leaving_Carriageway,Hit_Object_off_Carriageway,1st_Point_of_Impact,Was_Vehicle_Left_Hand_Drive?,Journey_Purpose_of_Driver,Sex_of_Driver,Age_of_Driver,Age_Band_of_Driver,Engine_Capacity_(CC),Propulsion_Code,Age_of_Vehicle,Driver_IMD_Decile,Driver_Home_Area_Type,Vehicle_IMD_Decile
2016010021708,2,9,0,5,0,6,0,0,0,0,1,1,6,1,52,8,1395,1,1,3,1,3
2016010021710,1,9,0,18,0,8,0,0,0,0,4,1,6,1,65,9,1200,1,1,5,2,5
2016010021716,1,8,0,9,0,8,0,0,0,0,4,1,1,1,62,9,2499,2,5,8,3,8
2016010021716,2,1,0,18,0,8,0,0,0,0,1,1,6,1,-1,-1,-1,-1,-1,5,1,5
2016010021719,1,9,0,18,0,0,0,0,0,0,4,1,6,2,29,6,-1,-1,-1,6,1,6
2016010021728,1,9,0,1,0,0,0,0,0,0,2,1,6,3,-1,-1,1229,1,8,-1,-1,-1
2016010021731,1,9,0,9,0,8,0,0,0,0,1,1,6,2,46,8,1997,1,2,2,1,2
2016010021738,1,9,0,9,0,6,0,0,0,0,3,1,6,1,82,11,1398,1,-1,-1,-1,-1
2016010021738,2,1,0,18,0,8,0,0,0,0,1,1,6,1,47,8,-1,-1,-1,10,1,10
2016010021745,1,9,0,4,0,4,0,0,0,0,2,1,6,2,-1,-1,996,1,2,6,1,6
2016010021745,2,9,0,18,0,4,0,0,0,0,1,1,6,3,-1,-1,1997,1,14,-1,-1,-1
2016010021747,1,19,0,3,0,1,0,0,0,0,2,1,1,1,27,6,1560,2,5,3,1,3
2016010021747,2,9,0,18,0,1,0,0,0,0,1,1,6,1,-1,-1,3724,1,12,-1,-1,-1
2016010021753,1,1,0,18,0,8,0,0,0,0,2,1,2,1,24,5,-1,-1,-1,5,1,5
2016010021753,2,9,0,4,0,8,0,0,0,0,1,1,6,1,-1,-1,3498,8,3,-1,-1,-1
2016010021759,1,9,0,5,0,0,0,0,0,0,2,1,2,1,49,8,1587,1,10,4,1,4
2016010021759,2,9,0,18,0,0,0,0,0,0,1,1,2,2,24,5,1390,1,13,3,1,3
2016010021760,1,19,0,16,0,8,0,10,7,10,3,1,1,1,45,7,-1,-1,-1,5,1,5
2016010021824,1,9,0,3,0,1,0,0,0,0,2,1,6,2,37,7,2148,2,8,4,1,4
2016010021824,2,9,-1,18,0,1,-1,0,0,0,1,-1,6,1,-1,-1,-1,-1,-1,-1,-1,-1
2016010021828,1,9,0,18,0,1,0,0,0,0,1,1,6,1,19,4,1240,1,10,5,1,5
2016010021829,1,8,0,7,0,8,0,0,0,0,1,1,1,1,51,8,4999,1,3,1,1,1
2016010021829,2,90,0,18,0,8,0,0,0,0,3,1,6,1,69,10,-1,-1,-1,1,1,1
2016010021833,1,1,0,18,2,0,0,0,0,0,2,1,6,1,-1,-1,-1,-1,-1,10,1,10
2016010021833,2,9,0,18,0,0,0,0,0,0,4,1,6,3,-1,-1,-1,-1,-1,-1,-1,-1
2016010021840,1,1,0,18,0,8,0,0,0,0,1,1,6,1,50,8,-1,-1,-1,8,1,8
2016010021841,1,90,0,18,0,8,0,0,0,0,4,1,1,1,49,8,-1,-1,-1,8,1,8
2016010021841,2,1,0,16,5,8,0,0,0,0,1,1,6,1,40,7,-1,-1,-1,-1,-1,-1
2016010021842,1,3,0,18,0,8,0,0,0,0,1,1,6,1,43,7,125,1,1,4,1,4
2016010021842,2,9,0,9,0,8,0,0,0,0,1,1,6,1,27,6,1598,1,10,-1,-1,-1
2016010021846,1,9,0,18,0,0,0,0,0,0,1,1,6,1,40,7,2979,1,9,-1,-1,-1
2016010021846,2,9,0,18,0,0,0,0,0,0,1,1,6,1,75,10,1799,1,19,3,1,3
2016010021849,1,19,0,18,0,8,0,0,0,0,3,1,1,1,60,9,-1,-1,-1,-1,-1,-1
2016010021849,2,9,0,4,0,8,0,0,0,0,3,1,6,1,42,7,-1,-1,-1,4,1,4
2016010021850,1,9,0,16,0,0,0,10,1,3,1,1,6,1,48,8,1794,1,11,6,1,6
2016010021852,1,19,0,18,0,8,0,10,1,10,3,1,6,1,26,6,-1,-1,-1,6,1,6
2016010021852,2,9,0,7,0,8,0,10,1,10,4,1,6,1,23,5,1395,1,3,-1,-1,-1
2016010021855,1,9,0,9,0,6,0,0,0,0,1,-1,6,1,-1,-1,-1,-1,-1,-1,-1,-1
2016010021860,1,1,0,18,0,8,0,0,0,0,3,1,6,1,22,5,-1,-1,-1,1,1,1
2016010021860,2,9,0,7,0,8,0,0,0,0,3,1,6,1,-1,-1,1997,2,4,-1,-1,-1
2016010021861,1,9,0,18,0,0,0,0,0,0,2,1,6,2,47,8,1496,2,-1,3,1,3
2016010021861,2,3,0,18,0,0,-1,0,0,0,1,1,6,1,-1,-1,-1,-1,-1,-1,-1,-1
2016010021863,1,9,0,1,0,2,0,0,0,0,2,1,1,1,39,7,1997,2,5,2,1,2
2016010021864,1,9,0,7,0,8,0,0,0,0,1,1,6,1,86,11,1589,1,20,-1,-1,-1
2016010021868,1,9,0,4,0,0,0,0,0,0,1,1,2,1,38,7,1968,2,9,3,1,3
2016010021869,1,9,0,4,0,0,0,0,0,0,3,1,6,1,59,9,1598,1,10,3,1,3
2016010021869,2,3,0,18,0,0,1,0,0,0,1,1,6,1,-1,-1,125,1,12,-1,-1,-1
2016010021873,1,9,0,4,0,0,0,0,0,0,3,1,6,1,29,6,1796,1,7,7,1,7
2016010021873,2,5,0,13,0,0,0,0,0,0,4,1,6,1,39,7,1084,1,16,-1,-1,-1
2016010021876,1,9,0,12,0,0,0,0,1,7,1,1,6,2,34,6,1995,1,7,-1,-1,-1
2016010021876,2,9,0,18,0,0,0,0,2,7,2,2,6,1,46,8,1997,2,9,5,1,5
2016010021879,1,11,0,18,0,0,0,0,0,0,0,1,1,1,-1,-1,-1,-1,-1,-1,-1,-1
2016010021884,1,9,0,18,0,2,0,0,0,0,3,1,6,2,50,8,-1,-1,-1,-1,-1,-1
2016010021884,2,9,-1,11,0,2,-1,0,0,0,4,-1,6,1,-1,-1,-1,-1,-1,-1,-1,-1
2016010021885,1,1,0,18,0,8,0,0,0,0,3,1,6,1,35,6,-1,-1,-1,4,1,4
2016010021885,2,9,0,11,0,8,0,0,0,0,3,1,6,1,-1,-1,-1,-1,-1,-1,-1,-1
2016010021890,1,8,0,4,0,1,0,0,0,0,3,1,1,1,56,9,2499,2,10,1,1,1
2016010021899,1,19,0,4,0,0,0,0,0,0,2,1,6,1,24,5,1968,2,1,3,1,3
2016010021899,2,9,0,4,0,0,0,0,0,0,1,1,6,1,-1,-1,3200,1,8,-1,-1,-1
2016010021905,1,9,0,16,0,0,0,0,0,0,1,1,6,1,26,6,1590,1,12,7,1,7
2016010021905,2,9,0,17,0,0,0,0,0,0,1,1,6,2,82,11,1395,1,2,10,1,10
2016010021906,1,9,0,18,0,2,0,0,0,0,4,1,6,2,21,5,-1,-1,-1,3,1,3
2016010021910,1,9,0,18,0,0,0,0,0,0,1,1,6,1,38,7,1956,2,-1,6,1,6
2016010021910,2,9,0,18,0,0,0,0,0,0,2,1,6,1,34,6,1794,1,9,6,1,6
2016010021911,1,9,0,18,0,0,0,0,0,0,3,1,2,1,32,6,2204,2,9,-1,-1,-1
2016010021911,2,1,0,13,0,0,0,0,0,0,1,1,2,2,44,7,-1,-1,-1,10,1,10
2016010021915,1,3,5,13,0,8,0,0,0,0,1,1,6,1,20,4,124,1,4,3,1,3
2016010021915,2,9,0,9,0,8,0,0,0,0,2,1,6,1,48,8,1796,1,10,-1,-1,-1
2016010021917,1,9,0,18,0,8,0,4,0,0,1,1,6,2,30,6,1968,2,3,1,1,1
2016010021917,2,9,0,2,0,8,0,0,0,0,4,1,6,3,-1,-1,-1,-1,-1,-1,-1,-1
2016010021918,1,19,0,18,0,2,0,0,0,0,4,1,1,1,38,7,5883,2,12,-1,-1,-1
2016010021923,1,9,0,3,0,1,0,0,0,0,2,1,6,2,43,7,1598,1,8,3,1,3
2016010021923,2,9,0,18,0,1,0,0,0,0,1,1,6,1,-1,-1,-1,-1,-1,-1,-1,-1
2016010021931,1,9,0,18,0,0,0,0,0,0,1,1,6,1,70,10,1796,1,5,6,1,6
2016010021934,1,9,0,9,0,8,0,0,0,0,4,1,6,2,43,7,1999,1,13,7,1,7
2016010021934,2,9,0,18,0,8,0,0,0,0,1,1,6,1,46,8,1198,1,6,7,1,7
2016010021938,1,8,0,1,0,2,0,0,0,0,2,1,6,3,-1,-1,-1,-1,-1,-1,-1,-1
2016010021940,1,9,0,9,0,4,0,0,0,0,2,1,6,1,48,8,-1,-1,-1,2,1,2
2016010021940,2,5,0,18,0,1,0,0,0,0,1,1,6,1,28,6,599,1,19,3,1,3
2016010021949,1,9,0,18,0,0,5,4,0,0,1,1,6,1,29,6,-1,-1,-1,2,1,2
2016010021949,2,9,0,2,0,0,0,0,0,0,3,1,6,3,-1,-1,1796,1,5,-1,-1,-1
2016010021951,1,9,0,18,0,1,0,4,0,0,1,1,6,1,22,5,2494,1,22,2,1,2
2016010021951,2,9,0,3,0,1,0,0,0,0,3,1,6,1,-1,-1,1900,2,11,-1,-1,-1
2016010021953,1,9,0,5,0,8,0,0,0,0,1,1,6,1,53,8,1600,1,16,4,1,4
2016010021953,2,9,0,18,0,8,0,0,0,0,4,1,6,2,31,6,1686,2,10,4,1,4
2016010021954,1,9,0,5,0,1,0,0,0,0,4,1,6,1,25,5,3311,8,10,3,1,3
2016010021954,2,1,0,18,0,1,0,0,0,0,1,1,6,1,19,4,-1,-1,-1,4,1,4
2016010021956,1,5,0,18,0,8,0,0,0,0,1,1,6,1,53,8,1215,1,-1,4,1,4
2016010021956,2,9,0,6,0,8,0,0,0,0,3,1,6,1,24,5,1596,1,8,5,1,5
2016010021958,1,9,5,14,0,1,0,0,0,0,4,1,6,1,38,7,1796,1,13,6,2,6
2016010021958,2,9,0,9,0,2,0,0,0,0,1,1,6,1,43,7,1598,2,4,3,1,3
2016010021959,1,11,0,4,0,0,0,0,0,0,0,1,1,1,-1,-1,4500,2,1,-1,-1,-1
2016010021966,1,9,0,9,0,6,0,0,0,0,3,1,6,3,-1,-1,1998,1,12,-1,-1,-1
2016010021966,2,3,0,18,0,1,0,0,0,0,1,1,6,1,45,7,-1,-1,-1,1,1,1
2016010021970,1,9,0,16,0,0,0,0,0,0,3,1,6,1,54,8,1598,1,9,2,1,2
2016010021970,2,1,0,17,0,0,0,0,0,0,1,1,6,1,54,8,-1,-1,-1,9,1,9
2016010021971,1,3,0,13,0,0,0,0,0,0,1,1,6,1,24,5,125,1,1,7,1,7
2016010021971,2,9,0,6,0,0,0,0,0,0,3,1,6,1,46,8,1598,2,2,7,1,7
2016010021974,1,9,0,3,0,1,0,0,0,0,2,1,6,1,27,6,-1,-1,-1,-1,-1,-1
2016010021978,1,1,0,15,0,8,0,0,0,0,3,1,6,1,29,6,-1,-1,-1,5,1,5
2016010021978,2,9,0,9,0,8,0,0,0,0,1,1,6,2,49,8,1969,1,-1,10,3,10
2016010021981,1,9,0,18,0,1,0,0,0,0,0,1,6,2,62,9,998,1,16,1,1,1
2016010021981,2,9,0,9,0,1,0,0,0,0,4,1,6,3,-1,-1,1868,2,15,-1,-1,-1
2016010021984,1,8,0,18,0,8,0,0,0,0,1,1,6,1,34,6,1797,8,5,5,1,5
2016010021984,2,9,0,18,0,8,0,0,0,0,4,1,6,2,33,6,1796,1,13,6,1,6
2016010021989,1,9,0,3,0,0,0,0,0,0,2,1,6,1,42,7,2231,2,10,4,1,4
2016010021989,2,11,0,18,0,0,0,0,0,0,1,1,6,1,-1,-1,12419,2,1,7,1,7
2016010021992,1,9,0,18,0,1,0,0,0,0,1,1,2,2,22,5,1685,2,-1,6,1,6
2016010021992,2,9,0,7,0,2,0,0,0,0,3,1,6,2,68,10,1360,1,12,5,1,5
2016010021993,1,9,0,18,0,1,0,0,0,0,1,1,6,1,38,7,3498,1,11,-1,-1,-1
2016010021993,2,9,0,9,0,1,0,0,0,0,2,1,6,1,69,10,1596,1,9,-1,-1,-1
2016010021994,1,8,0,4,0,0,0,0,0,0,3,1,1,1,43,7,1797,8,6,2,1,2
2016010022000,1,8,0,12,0,1,0,0,0,0,0,1,1,1,39,7,1598,2,1,4,1,4
2016010022000,2,5,0,18,0,1,0,0,0,0,4,1,6,1,47,8,-1,-1,-1,5,1,5
2016010022002,1,9,0,4,0,0,0,0,0,0,1,1,2,1,38,7,1995,2,1,3,1,3
2016010022002,2,9,0,4,0,0,0,0,0,0,2,1,3,2,35,6,1796,1,12,4,1,4
2016010022002,3,9,0,4,0,0,0,0,0,0,2,1,2,1,25,5,1242,1,6,5,1,5
2016010022011,1,9,0,18,0,0,0,0,0,0,1,1,6,1,25,5,1995,2,9,5,1,5
2016010022011,2,9,0,18,0,0,0,0,0,0,2,1,6,1,39,7,1497,8,10,5,1,5
2016010022013,1,4,0,18,0,8,0,0,0,0,1,1,6,1,28,6,-1,-1,-1,7,1,7
2016010022013,2,9,0,6,0,8,0,0,0,0,2,1,6,3,-1,-1,-1,-1,-1,-1,-1,-1
2016010022016,1,1,0,18,0,8,0,0,0,0,3,1,6,1,15,3,-1,-1,-1,5,1,5
2016010022016,2,9,0,18,0,8,0,0,0,0,1,1,6,2,23,5,1197,1,4,5,1,5
2016010022021,1,9,0,9,0,5,0,0,0,0,1,1,6,1,60,9,3600,1,18,7,1,7
2016010022021,2,9,0,18,0,8,0,0,0,0,1,1,6,1,22,5,999,1,9,6,1,6
2016010022027,1,9,0,9,0,7,0,0,0,0,4,1,6,2,27,6,1242,1,10,3,1,3
2016010022027,2,9,0,9,0,8,0,0,0,0,3,1,6,1,25,5,5461,1,4,6,1,6
2016010022036,1,19,0,6,0,8,0,0,0,0,3,1,1,1,45,7,-1,-1,-1,2,1,2
2016010022036,2,1,0,18,0,8,0,0,0,0,1,1,6,2,45,7,-1,-1,-1,3,1,3
2016010022039,1,9,0,18,0,8,0,0,0,0,1,1,6,1,35,6,1590,1,12,8,1,8
2016010022039,2,9,0,5,0,8,0,0,0,0,3,1,6,3,-1,-1,-1,-1,-1,-1,-1,-1
2016010022050,1,9,0,4,0,1,0,0,0,0,1,1,2,1,25,5,1590,1,12,3,1,3
2016010022059,1,8,0,18,0,8,0,0,0,0,3,1,1,1,42,7,-1,-1,-1,4,1,4
2016010022059,2,8,0,12,0,8,0,0,0,0,1,1,1,1,53,8,2664,2,15,10,1,10
2016010022067,1,9,0,9,0,5,0,0,0,0,0,1,6,1,36,7,1995,2,11,9,1,9
2016010022067,2,4,0,4,0,8,0,0,0,0,0,1,6,1,-1,-1,125,1,-1,2,1,2
2016010022079,1,9,0,18,0,8,0,0,0,0,4,1,2,1,32,6,2143,2,-1,8,2,8
2016010022079,2,9,0,5,0,8,0,0,4,1,1,1,6,1,61,9,1984,2,4,3,1,3
2016010022084,1,9,0,16,0,1,0,10,7,2,1,1,6,1,87,11,1598,1,12,8,1,8
2016010022157,1,9,0,5,0,1,0,0,0,0,1,1,6,1,52,8,1560,2,3,1,1,1
2016010022157,2,9,0,3,0,1,0,0,0,0,1,1,6,1,30,6,1984,1,8,2,1,2
2016010022158,1,9,0,18,0,8,0,0,0,0,4,1,6,2,33,6,-1,-1,-1,5,1,5
2016010022158,2,1,0,18,0,8,0,0,0,0,1,1,6,2,67,10,-1,-1,-1,7,1,7
2016010022160,1,3,0,18,2,1,0,10,1,2,3,1,6,1,23,5,-1,-1,-1,1,1,1
2016010022160,2,9,0,11,0,1,0,0,0,0,4,1,6,3,-1,-1,2000,2,5,-1,-1,-1
2016010022168,1,9,0,10,0,1,0,0,0,0,1,1,6,2,57,9,1595,1,9,4,1,4
2016010022168,2,4,0,18,0,1,1,0,0,0,2,1,6,1,40,7,-1,-1,-1,9,2,9
2016010022172,1,9,0,7,0,8,0,0,0,0,3,1,6,3,-1,-1,-1,-1,-1,-1,-1,-1
2016010022172,2,4,0,13,0,8,0,0,0,0,4,1,6,1,67,10,320,1,1,2,1,2
2016010022173,1,9,0,18,0,8,0,0,0,0,1,1,6,1,-1,-1,2993,2,3,2,1,2
2016010022173,2,9,0,18,0,8,0,0,0,0,1,1,6,1,51,8,1896,2,15,1,1,1
2016010022175,1,5,0,18,0,1,0,0,0,0,1,1,6,1,37,7,645,1,7,4,1,4
2016010022179,1,3,0,3,0,1,0,0,0,0,2,1,1,1,39,7,-1,-1,-1,5,1,5
2016010022179,2,19,0,5,0,1,0,0,0,0,1,-1,6,1,-1,-1,2143,2,5,-1,-1,-1
2016010022181,1,9,0,7,0,8,0,0,0,0,2,1,6,1,27,6,-1,-1,-1,2,1,2
2016010022181,2,9,0,7,0,8,0,0,0,0,1,1,6,2,-1,-1,1242,1,9,-1,-1,-1
2016010022182,1,9,0,9,0,5,0,0,0,0,4,1,6,1,37,7,1461,2,11,-1,-1,-1
2016010022182,2,4,0,18,0,1,0,0,0,0,1,1,6,1,20,4,108,1,4,2,1,2
2016010022183,1,3,0,14,0,0,0,0,0,0,1,1,6,1,21,5,124,1,7,2,1,2
2016010022184,1,1,0,18,0,0,0,0,0,0,3,1,6,1,-1,-1,-1,-1,-1,3,1,3
2016010022184,2,9,0,15,0,0,0,0,0,0,4,1,6,3,-1,-1,-1,-1,-1,-1,-1,-1
2016010022187,1,3,0,18,0,2,0,0,0,0,1,1,6,1,35,6,125,1,3,3,1,3
2016010022187,2,9,0,18,0,2,0,0,0,0,2,1,6,1,-1,-1,1984,1,13,4,1,4
2016010022189,1,3,0,13,0,8,0,10,1,0,1,1,6,1,21,5,125,1,4,3,1,3
2016010022191,1,3,0,18,0,8,0,0,0,0,1,1,6,1,41,7,124,1,-1,5,1,5
2016010022194,1,11,0,10,0,1,0,0,0,0,0,1,1,1,51,8,6692,2,6,-1,-1,-1
2016010022195,1,9,0,18,0,0,0,7,0,0,1,1,6,2,51,8,999,1,-1,7,1,7
2016010022197,1,19,0,18,0,1,0,0,0,0,1,1,1,1,61,9,2143,2,4,-1,-1,-1
2016010022198,1,9,0,18,0,1,0,0,0,0,3,1,6,1,39,7,1968,2,2,8,1,8
2016010022198,2,9,0,11,0,1,0,0,0,0,4,1,6,1,-1,-1,1596,1,11,2,1,2
2016010022202,1,1,0,18,0,1,0,0,0,0,4,1,6,1,48,8,-1,-1,-1,10,1,10
2016010022202,2,9,0,15,0,1,0,0,0,0,3,1,6,3,-1,-1,-1,-1,-1,-1,-1,-1
2016010022203,1,3,0,18,0,0,0,0,0,0,3,1,6,1,41,7,125,1,4,8,1,8
2016010022203,2,9,0,18,0,0,0,0,0,0,4,1,6,1,18,4,-1,-1,-1,-1,-1,-1
2016010022204,1,9,0,9,0,8,0,0,0,0,1,1,6,1,22,5,1329,1,5,2,1,2
2016010022207,1,9,0,18,0,0,0,0,0,0,1,1,6,1,-1,-1,999,1,4,-1,-1,-1
2016010022208,1,9,0,3,0,0,0,0,0,0,4,1,6,1,48,8,1984,1,14,1,1,1
2016010022208,2,19,0,18,0,0,0,4,0,0,1,-1,1,1,-1,-1,1560,2,3,-1,-1,-1
2016010022211,1,11,0,18,0,0,0,0,0,0,4,1,1,1,54,8,9360,2,4,-1,-1,-1
2016010022211,2,20,0,1,0,0,0,0,0,0,2,1,1,1,28,6,-1,-1,-1,4,1,4
2016010022215,1,1,0,18,0,8,0,0,0,0,3,1,6,1,27,6,-1,-1,-1,2,1,2
2016010022215,2,9,0,9,0,5,0,0,0,0,0,1,6,1,23,5,2706,1,2,2,1,2
2016010022216,1,11,0,5,0,0,0,0,0,0,0,1,1,1,33,6,4500,2,1,3,1,3
2016010022218,1,9,0,18,0,0,0,0,0,0,1,1,6,2,26,6,999,1,-1,3,1,3
2016010022218,2,9,0,3,0,0,0,0,0,0,2,1,6,1,37,7,1997,2,1,10,1,10
2016010022219,1,9,0,18,0,0,0,4,0,0,3,1,6,1,26,6,1596,1,9,3,1,3
2016010022219,2,9,0,2,0,0,0,0,0,0,4,1,6,3,-1,-1,2035,1,11,-1,-1,-1
2016010022223,1,9,0,3,0,0,0,7,0,0,2,1,6,2,55,8,998,1,16,10,1,10
2016010022223,2,9,0,5,0,0,0,4,0,0,1,1,6,2,23,5,1598,1,11,2,1,2
2016010022226,1,9,0,7,0,2,0,0,0,0,4,1,6,1,32,6,1598,1,13,3,1,3
2016010022227,1,9,0,9,0,8,0,4,1,10,1,1,6,1,30,6,1995,1,9,3,1,3
2016010022227,2,9,0,2,0,8,0,4,0,0,4,1,6,3,-1,-1,998,1,16,-1,-1,-1
2016010022227,3,9,0,2,0,8,0,0,0,0,2,1,6,3,-1,-1,1560,2,-1,-1,-1,-1
2016010022227,4,9,0,2,0,8,0,0,0,0,1,1,6,3,-1,-1,1796,1,12,-1,-1,-1
2016010022229,1,9,0,18,0,1,0,0,0,0,3,1,2,1,27,6,-1,-1,-1,2,1,2
2016010022229,2,19,0,18,0,1,1,0,5,6,1,1,1,1,25,5,-1,-1,-1,7,1,7
2016010022229,3,9,0,18,0,1,0,0,0,0,2,1,6,1,-1,-1,-1,-1,-1,4,1,4
2016010022231,1,9,0,4,0,2,0,0,0,0,2,1,6,1,37,7,1686,2,5,1,1,1
2016010022231,2,9,0,13,0,2,0,0,0,0,3,1,6,1,-1,-1,2987,2,9,-1,-1,-1
2016010022237,1,9,0,18,0,1,0,0,0,0,1,1,6,1,38,7,1985,1,18,3,1,3
2016010022237,2,9,0,18,0,1,0,0,0,0,2,1,6,3,-1,-1,-1,-1,-1,-1,-1,-1
2016010022238,1,1,0,18,0,8,0,0,0,0,4,1,6,1,23,5,-1,-1,-1,4,1,4
2016010022238,2,9,0,18,0,8,0,0,0,0,1,1,6,1,44,7,1781,1,11,6,1,6
2016010022241,1,8,0,12,0,8,0,0,0,0,3,1,1,1,48,8,1997,2,4,9,1,9
2016010022241,2,3,0,18,0,8,0,0,0,0,4,1,6,1,41,7,124,1,4,6,1,6
2016010022243,1,9,0,9,0,8,0,0,0,0,1,2,6,1,69,10,1596,1,6,1,1,1
2016010022243,2,1,0,18,0,8,0,0,0,0,4,1,6,1,48,8,-1,-1,-1,8,1,8
2016010022247,1,9,0,18,0,1,0,0,0,0,1,1,6,2,37,7,1329,1,4,3,1,3
2016010022247,2,9,0,9,0,6,0,0,0,0,2,1,1,1,-1,-1,-1,-1,-1,-1,-1,-1
2016010022250,1,9,0,18,0,0,1,0,0,0,1,1,6,1,20,4,2497,2,9,1,1,1
2016010022250,2,9,0,18,0,0,0,0,0,0,1,1,6,2,28,6,-1,-1,-1,3,1,3
2016010022253,1,9,0,18,0,0,0,4,0,0,1,1,6,1,31,6,1499,1,-1,-1,-1,-1
2016010022255,1,1,0,18,0,1,0,0,0,0,2,1,1,1,27,6,-1,-1,-1,1,1,1
2016010022255,2,19,0,13,0,1,0,0,0,0,1,1,6,3,-1,-1,-1,-1,-1,-1,-1,-1
2016010022258,1,8,0,8,0,8,0,0,0,0,4,1,6,1,27,6,1497,1,11,3,1,3
2016010022258,2,9,0,1,0,6,0,0,0,0,2,1,6,1,-1,-1,1796,1,17,-1,-1,-1
2016010022259,1,11,0,18,0,8,0,0,0,0,1,1,1,1,30,6,7300,2,14,1,1,1
2016010022260,1,9,0,18,0,0,0,4,0,0,1,1,6,2,32,6,-1,-1,-1,1,1,1
2016010022260,2,9,0,2,0,0,0,0,0,0,2,1,6,3,-1,-1,-1,-1,-1,-1,-1,-1
2016010022262,1,9,0,12,0,8,0,0,0,0,2,1,6,1,28,6,1596,1,7,2,1,2
2016010022262,2,3,0,18,0,8,0,0,0,0,1,1,6,1,52,8,124,1,1,2,1,2
2016010022264,1,9,0,18,0,8,0,0,0,0,2,1,6,1,20,4,1896,2,10,8,1,8
2016010022264,2,9,0,9,0,6,0,0,0,0,1,1,6,3,-1,-1,-1,-1,-1,-1,-1,-1
2016010022270,1,3,0,5,0,8,0,0,0,0,1,1,6,1,20,4,125,1,6,2,1,2
2016010022270,2,8,0,18,0,3,0,0,0,0,1,1,1,1,-1,-1,998,1,7,-1,-1,-1
2016010022275,1,11,0,18,0,1,0,0,0,0,0,1,1,1,60,9,6692,2,6,1,1,1
2016010022279,1,3,0,7,0,3,0,0,0,0,3,1,6,1,19,4,125,1,4,3,1,3
2016010022279,2,9,0,7,0,3,0,0,0,0,4,1,6,1,-1,-1,-1,-1,-1,-1,-1,-1
2016010022280,1,1,0,18,0,1,0,0,0,0,1,1,6,1,43,7,-1,-1,-1,6,1,6
2016010022280,2,8,0,1,0,1,0,0,0,0,3,1,6,1,-1,-1,-1,-1,-1,-1,-1,-1
2016010022281,1,9,0,7,0,5,0,0,0,0,4,1,6,2,29,6,1299,1,13,4,1,4
2016010022281,2,1,0,18,0,1,0,0,0,0,1,1,6,1,43,7,-1,-1,-1,-1,-1,-1
2016010022284,1,9,0,3,0,8,0,0,0,0,1,1,6,2,47,8,1794,1,13,1,1,1
2016010022284,2,9,0,1,0,8,0,0,0,0,2,1,6,1,35,6,-1,-1,-1,6,1,6
2016010022285,1,11,0,5,0,1,0,0,0,0,3,1,1,1,25,5,-1,-1,-1,3,1,3
2016010022285,2,9,0,7,0,5,0,0,0,0,4,1,6,1,49,8,1461,2,1,4,1,4
2016010022287,1,1,0,18,0,8,0,0,0,0,3,1,6,1,51,8,-1,-1,-1,7,1,7
2016010022287,2,3,0,11,0,8,0,0,0,0,4,1,6,1,-1,-1,-1,-1,-1,-1,-1,-1
2016010022290,1,90,0,18,0,1,0,0,0,0,1,1,1,1,-1,-1,-1,-1,-1,-1,-1,-1
2016010022294,1,9,0,18,0,8,0,0,0,0,3,1,6,1,34,6,2987,2,1,7,1,7
2016010022294,2,9,0,17,0,8,0,0,0,0,4,1,6,1,-1,-1,2993,2,-1,-1,-1,-1
2016010022296,1,9,0,18,0,0,0,0,0,0,4,1,6,1,44,7,1997,1,14,3,1,3
2016010022297,1,3,0,18,0,8,0,0,0,0,1,1,6,1,32,6,124,1,1,4,1,4
2016010022297,2,9,-1,7,0,8,-1,0,0,0,4,-1,6,3,-1,-1,1493,2,12,-1,-1,-1
2016010022300,1,9,0,3,0,0,0,0,0,0,2,1,6,2,35,6,1498,1,7,3,1,3
2016010022300,2,9,0,4,0,0,0,0,0,0,1,1,6,1,37,7,1400,1,16,6,1,6
2016010022304,1,19,0,9,0,5,0,0,0,0,-1,1,6,1,42,7,2198,2,1,4,1,4
2016010022307,1,9,0,9,0,8,0,0,0,0,4,1,6,1,55,8,1998,1,13,5,1,5
2016010022307,2,1,0,18,0,8,0,0,0,0,1,1,6,1,30,6,-1,-1,-1,6,1,6
2016010022313,1,9,0,4,0,8,0,0,0,0,1,1,6,2,85,11,998,1,15,4,1,4
2016010022313,2,1,0,3,0,8,0,0,0,0,2,1,6,1,54,8,-1,-1,-1,8,1,8
2016010022316,1,9,0,9,0,8,0,0,0,0,1,1,6,1,34,6,1461,2,6,9,1,9
2016010022318,1,19,0,3,0,0,0,0,0,0,2,1,2,1,22,5,1598,2,1,3,1,3
2016010022318,2,19,0,3,0,0,0,0,0,0,2,1,2,1,38,7,1598,2,2,4,1,4
2016010022318,3,9,0,18,0,0,1,0,0,0,1,1,6,1,-1,-1,1364,1,1,-1,-1,-1
2016010022323,1,9,0,4,0,8,0,0,0,0,2,1,6,2,28,6,1582,2,5,4,1,4
2016010022323,2,9,0,18,0,1,0,0,0,0,1,1,6,1,32,6,-1,-1,-1,9,1,9
2016010022325,1,1,0,18,9,8,0,4,0,0,1,1,1,2,57,9,-1,-1,-1,6,1,6
2016010022325,2,8,0,3,0,8,0,0,0,0,4,1,1,1,-1,-1,-1,-1,-1,-1,-1,-1
2016010022326,1,9,0,3,0,0,0,0,0,0,2,1,6,1,-1,-1,1997,2,4,7,1,7