Accident_Index,Vehicle_Reference,Vehicle_Type,Towing_and_Articulation,Vehicle_Manoeuvre,Vehicle_Location-Restricted_Lane,Junction_Location,Skidding_and_Overturning,Hit_Object_in_Carriageway,Vehicle_Leaving_Carriageway,Hit_Object_off_Carriageway,1st_Point_of_Impact,Was_Vehicle_Left_Hand_Drive?,Journey_Purpose_of_Driver,Sex_of_Driver,Age_of_Driver,Age_Band_of_Driver,Engine_Capacity_(CC),Propulsion_Code,Age_of_Vehicle,Driver_IMD_Decile,Driver_Home_Area_Type,Vehicle_IMD_Decile
2016010022326,2,1,0,18,0,0,0,4,0,0,1,1,6,1,30,6,-1,-1,-1,-1,-1,-1
2016010022331,1,9,0,5,0,1,0,0,0,0,1,1,6,1,40,7,2364,8,9,3,1,3
2016010022335,1,9,0,5,0,8,0,0,0,0,4,1,6,2,31,6,1598,1,3,7,1,7
2016010022341,1,9,0,1,0,0,0,0,0,0,2,1,6,1,-1,-1,1339,1,12,-1,-1,-1
2016010022344,1,8,0,7,0,8,0,0,0,0,0,2,1,1,-1,-1,-1,-1,-1,-1,-1,-1
2016010022349,1,90,0,6,0,2,0,0,0,0,0,1,1,1,56,9,-1,-1,-1,-1,-1,-1
2016010022350,1,9,0,18,0,1,0,0,0,0,1,1,6,1,23,5,1398,1,-1,3,1,3
2016010022350,2,9,0,1,0,1,0,0,0,0,2,1,1,1,44,7,-1,-1,-1,-1,-1,-1
2016010022351,1,9,0,18,0,8,0,0,0,0,1,1,6,2,45,7,-1,-1,-1,4,1,4
2016010022352,1,11,0,4,0,0,0,0,0,0,0,1,1,1,33,6,6700,2,4,3,1,3
2016010022354,1,9,0,16,0,2,0,0,0,0,2,1,6,1,27,6,-1,-1,-1,-1,-1,-1
2016010022354,2,19,0,16,0,2,0,0,0,0,1,1,1,1,17,4,2148,2,8,2,1,2
2016010022359,1,3,0,18,0,1,0,0,0,0,1,1,6,1,20,4,124,1,16,5,1,5
2016010022368,1,9,0,3,0,2,0,0,0,0,2,1,6,2,28,6,-1,-1,-1,-1,-1,-1
2016010022368,2,9,0,3,0,2,0,0,0,0,2,1,6,1,39,7,-1,-1,-1,-1,-1,-1
2016010022368,3,9,0,18,0,2,0,0,0,0,1,1,6,1,30,6,-1,-1,-1,-1,-1,-1
2016010022370,1,9,-1,3,0,1,0,0,0,0,3,1,6,1,-1,-1,-1,-1,-1,-1,-1,-1
2016010022370,2,11,0,7,0,2,0,0,0,0,1,1,6,1,-1,-1,-1,-1,-1,-1,-1,-1
2016010022372,1,5,0,18,0,0,0,0,0,0,1,1,6,1,29,6,599,1,1,5,1,5
2016010022372,2,8,0,6,0,0,0,0,0,0,3,1,1,1,45,7,2499,2,1,-1,-1,-1
2016010022374,1,19,0,18,0,0,0,0,0,0,1,1,1,1,39,7,4250,2,7,1,1,1
2016010022374,2,19,0,18,0,0,0,0,0,0,2,1,1,1,53,8,1461,2,1,2,1,2
2016010022377,1,9,0,3,0,1,0,0,0,0,2,1,6,1,18,4,-1,-1,-1,-1,-1,-1
2016010022377,2,9,0,3,0,1,0,0,0,0,2,1,6,1,50,8,-1,-1,-1,-1,-1,-1
2016010022377,3,9,0,18,0,1,0,0,0,0,1,1,6,2,52,8,-1,-1,-1,-1,-1,-1
2016010022378,1,11,0,4,0,8,0,0,0,0,0,1,1,1,63,9,6692,2,5,5,1,5
2016010022378,2,9,0,4,0,8,0,0,0,0,0,1,6,2,-1,-1,1389,1,15,2,1,2
2016010022384,1,3,0,7,0,8,1,0,0,0,0,1,2,1,17,4,-1,-1,-1,3,1,3
2016010022389,1,9,0,18,0,8,0,0,0,0,1,1,3,2,54,8,2099,7,14,3,1,3
2016010022391,1,8,0,18,0,8,0,0,0,0,4,1,1,1,38,7,1796,1,5,4,1,4
2016010022391,2,1,0,18,0,8,0,0,0,0,1,1,6,1,-1,-1,-1,-1,-1,-1,-1,-1
2016010022394,1,9,0,18,0,1,0,0,0,0,3,1,6,1,25,5,3999,1,7,-1,-1,-1
2016010022394,2,9,0,18,0,1,0,0,0,0,2,1,6,1,51,8,5439,1,7,6,1,6
2016010022394,3,5,0,14,0,1,0,0,0,0,1,1,6,1,18,4,-1,-1,-1,4,1,4
2016010022396,1,11,0,5,0,0,0,0,0,0,0,1,1,1,59,9,4760,2,4,2,1,2
2016010022396,2,9,0,11,0,0,0,0,0,0,0,1,6,1,-1,-1,2143,2,3,-1,-1,-1
2016010022449,1,9,0,6,0,8,0,0,0,0,3,1,6,1,29,6,1968,2,2,-1,1,-1
2016010022449,2,3,0,18,0,8,0,0,0,0,1,1,6,1,26,6,124,1,-1,1,1,1
2016010022455,1,8,0,18,0,8,0,0,0,0,1,1,1,1,37,7,2776,2,-1,3,1,3
2016010022455,2,8,0,18,0,8,0,0,1,0,4,1,1,1,46,8,1968,2,2,6,1,6
2016010022457,1,19,0,5,0,2,0,0,0,0,1,1,6,3,-1,-1,2402,2,9,-1,-1,-1
2016010022460,1,20,0,18,0,2,0,0,0,0,4,1,1,1,44,7,-1,-1,-1,8,1,8
2016010022463,1,9,0,18,0,8,0,0,0,0,3,1,6,1,22,5,-1,-1,-1,5,1,5
2016010022465,1,11,0,9,0,8,0,0,0,0,3,1,1,1,59,9,6692,2,5,-1,-1,-1
2016010022465,2,1,0,18,0,8,0,0,0,0,1,1,6,1,19,4,-1,-1,-1,1,1,1
2016010022467,1,5,0,12,0,0,0,10,7,0,3,1,6,1,35,6,471,1,3,1,1,1
2016010022467,2,20,0,18,0,0,0,0,0,0,4,1,1,1,47,8,-1,-1,-1,6,1,6
2016010022468,1,21,1,18,0,0,0,0,0,0,1,1,1,1,33,6,10837,2,7,3,1,3
2016010022468,2,9,0,3,0,0,0,0,0,0,2,1,6,2,19,4,1242,1,2,-1,-1,-1
2016010022471,1,9,0,18,0,2,0,0,0,0,4,1,6,1,-1,-1,-1,-1,-1,-1,-1,-1
2016010022477,1,11,0,18,0,2,0,0,0,0,0,1,1,1,46,8,6692,2,6,4,1,4
2016010022478,1,21,0,5,0,1,0,0,0,0,4,1,1,1,66,10,9200,2,9,2,1,2
2016010022478,2,9,0,5,0,1,0,0,0,0,4,1,6,1,-1,-1,2993,2,-1,-1,-1,-1
2016010022481,1,1,0,14,0,0,0,4,0,0,4,1,2,1,61,9,-1,-1,-1,8,1,8
2016010022481,2,8,0,2,0,0,0,0,0,0,3,1,6,3,-1,-1,-1,-1,-1,-1,-1,-1
2016010022482,1,3,0,18,0,2,0,0,0,0,1,1,6,1,-1,-1,-1,-1,-1,1,1,1
2016010022482,2,19,0,12,0,2,0,0,0,0,2,1,6,1,48,8,-1,-1,-1,-1,-1,-1
2016010022490,1,9,0,18,0,2,0,0,0,0,4,1,6,1,43,7,1248,2,8,2,1,2
2016010022490,2,1,0,18,0,2,0,0,0,0,1,1,6,1,15,3,-1,-1,-1,2,1,2
2016010022491,1,11,0,4,0,8,0,0,0,0,0,1,1,1,27,6,9360,2,7,2,1,2
2016010022492,1,9,0,7,0,1,0,0,0,0,2,1,6,1,38,7,-1,-1,-1,-1,-1,-1
2016010022492,2,9,0,9,0,1,0,0,0,0,1,1,6,3,-1,-1,-1,-1,-1,-1,-1,-1
2016010022497,1,5,0,18,0,8,0,0,0,0,1,1,6,1,47,8,599,1,4,4,1,4
2016010022497,2,9,0,9,0,5,0,0,0,0,1,1,6,1,38,7,1995,2,10,4,1,4
2016010022502,1,9,0,18,0,1,0,0,0,0,1,1,6,3,-1,-1,3400,1,16,-1,-1,-1
2016010022513,1,11,0,18,0,2,0,0,0,0,1,1,1,1,-1,-1,-1,-1,-1,-1,-1,-1
2016010022513,2,9,0,11,0,2,0,0,0,0,2,1,6,1,78,11,-1,-1,-1,7,1,7
2016010022514,1,9,0,18,0,2,0,0,0,0,4,1,6,1,45,7,1973,1,29,5,1,5
2016010022515,1,3,0,18,0,8,0,0,0,0,1,1,1,1,32,6,108,1,1,1,1,1
2016010022515,2,9,0,9,0,8,0,0,0,0,0,1,6,1,-1,-1,-1,-1,-1,-1,-1,-1
2016010022520,1,9,0,18,0,8,0,0,0,0,4,1,6,2,25,5,1560,2,5,1,1,1
2016010022520,2,9,0,18,0,6,0,0,0,0,1,1,6,3,-1,-1,1596,1,9,-1,-1,-1
2016010022522,1,9,0,18,0,8,0,0,0,0,4,1,6,1,-1,-1,-1,-1,-1,-1,-1,-1
2016010022522,2,11,0,18,0,8,0,0,0,0,3,1,1,1,61,9,-1,-1,-1,-1,-1,-1
2016010022524,1,9,0,18,0,2,0,0,0,0,1,1,6,3,-1,-1,-1,-1,-1,-1,-1,-1
2016010022524,2,9,0,2,0,2,0,0,0,0,3,1,6,3,-1,-1,1242,1,12,-1,-1,-1
2016010022524,3,1,0,18,0,1,0,4,0,0,1,1,2,1,56,9,-1,-1,-1,7,1,7
2016010022525,1,9,0,9,0,8,0,0,0,0,4,1,6,2,45,7,1086,1,6,5,1,5
2016010022525,2,1,0,18,0,8,0,0,0,0,3,1,6,1,36,7,-1,-1,-1,1,1,1
2016010022528,1,9,0,18,0,1,0,0,0,0,3,1,6,1,38,7,1198,1,5,2,1,2
2016010022528,2,9,0,11,0,1,0,0,0,0,4,1,6,3,-1,-1,2987,2,3,-1,-1,-1
2016010022531,1,8,0,18,0,0,0,0,0,0,4,1,6,1,43,7,1896,2,11,4,1,4
2016010022532,1,8,0,18,0,8,0,0,0,0,1,1,1,1,23,5,1797,8,6,5,1,5
2016010022532,2,9,0,9,0,8,0,-1,0,0,1,1,6,3,-1,-1,-1,-1,-1,-1,-1,-1
2016010022534,1,8,0,6,0,0,0,0,0,0,4,-1,6,3,-1,-1,-1,-1,-1,-1,-1,-1
2016010022535,1,90,0,17,0,0,0,10,1,10,1,1,1,1,56,9,12740,2,2,6,1,6
2016010022535,2,5,0,16,0,0,0,0,0,0,1,1,6,1,26,6,999,1,11,4,1,4
2016010022536,1,9,0,5,0,8,0,0,0,0,3,1,6,2,72,10,1399,1,8,3,1,3
2016010022536,2,9,0,18,0,8,0,0,0,0,1,1,6,3,-1,-1,2295,1,18,-1,-1,-1
2016010022537,1,8,0,7,0,1,0,0,0,0,1,1,1,1,40,7,1560,2,4,1,1,1
2016010022537,2,3,0,10,0,8,0,0,0,0,2,1,6,1,35,6,108,1,7,3,1,3
2016010022540,1,9,0,18,0,2,0,0,0,0,4,1,6,1,25,5,1896,2,12,1,1,1
2016010022542,1,9,0,9,0,8,0,0,0,0,3,1,6,1,47,8,1598,1,12,1,1,1
2016010022542,2,9,0,18,0,8,0,0,0,0,1,1,6,1,47,8,1343,1,13,2,1,2
2016010022543,1,9,0,5,0,8,0,0,0,0,1,1,6,1,23,5,998,1,3,-1,-1,-1
2016010022543,2,9,0,5,0,8,0,0,0,0,1,1,6,1,21,5,1390,1,11,2,1,2
2016010022543,3,9,0,18,0,7,0,0,0,0,4,1,6,1,46,8,1997,2,10,-1,-1,-1
2016010022547,1,9,0,9,0,8,0,0,0,0,1,1,6,1,52,8,1390,1,12,-1,-1,-1
2016010022547,2,11,0,18,0,8,0,0,0,0,3,1,1,1,33,6,-1,-1,-1,5,1,5
2016010022548,1,3,0,9,0,8,0,0,0,0,1,1,1,1,31,6,-1,-1,-1,2,1,2
2016010022548,2,8,0,4,0,8,0,0,0,0,1,1,1,1,31,6,2987,2,1,5,1,5
2016010022549,1,9,0,9,0,8,0,4,0,0,1,1,6,2,33,6,1598,1,8,6,1,6
2016010022549,2,9,0,2,0,2,0,0,0,0,3,1,6,3,-1,-1,1360,1,12,-1,-1,-1
2016010022551,1,3,0,18,0,8,0,0,0,0,3,1,6,1,18,4,124,1,6,1,1,1
2016010022553,1,5,0,18,0,0,0,0,0,0,4,1,6,1,23,5,649,1,1,5,1,5
2016010022553,2,9,0,12,0,0,0,0,0,0,3,1,6,1,51,8,1900,2,18,9,1,9
2016010022554,1,9,0,9,0,8,0,0,0,0,3,1,6,1,43,7,1398,1,11,6,1,6
2016010022554,2,3,0,18,0,1,0,0,0,0,1,1,6,1,28,6,-1,-1,-1,6,1,6
2016010022557,1,1,0,18,0,0,0,0,0,0,3,1,6,1,45,7,-1,-1,-1,6,1,6
2016010022557,2,9,0,13,0,0,0,0,0,0,4,1,6,1,45,7,1149,1,11,-1,-1,-1
2016010022562,1,8,0,3,0,8,0,0,0,0,1,1,1,1,35,6,2143,2,1,2,1,2
2016010022562,2,9,0,1,0,8,0,0,0,0,2,1,6,1,-1,-1,-1,-1,-1,-1,-1,-1
2016010022563,1,9,0,9,0,8,0,0,0,0,1,1,2,1,27,6,-1,-1,-1,5,1,5
2016010022563,2,3,0,18,0,8,0,0,0,0,3,1,6,1,45,7,49,1,-1,7,3,7
2016010022568,1,9,0,4,0,0,0,0,0,0,3,1,6,2,29,6,1398,2,5,8,1,8
2016010022568,2,9,0,18,0,0,0,0,0,0,3,1,6,3,-1,-1,-1,-1,-1,-1,-1,-1
2016010022575,1,1,0,18,0,8,0,0,0,0,1,1,6,1,-1,-1,-1,-1,-1,-1,-1,-1
2016010022576,1,19,0,18,0,8,0,0,0,0,1,1,6,1,31,6,2198,2,1,2,1,2
2016010022577,1,9,0,3,0,2,0,0,0,0,2,1,6,2,31,6,1149,1,15,3,1,3
2016010022577,2,9,0,3,0,2,0,0,0,0,2,1,6,1,32,6,1360,1,9,2,1,2
2016010022577,3,9,0,18,0,2,0,0,0,0,1,1,6,1,24,5,1390,1,14,2,1,2
2016010022580,1,3,0,18,0,8,0,0,0,0,1,1,6,1,27,6,124,1,-1,5,1,5
2016010022582,1,9,0,16,0,8,0,10,1,0,4,1,6,2,34,6,1598,1,5,4,1,4
2016010022587,1,9,0,3,0,2,0,0,0,0,2,1,6,2,24,5,1995,2,5,7,1,7
2016010022587,2,9,0,3,0,2,0,0,0,0,2,1,6,2,68,10,1995,2,5,2,1,2
2016010022587,3,9,0,4,0,2,0,0,0,0,1,1,6,2,33,6,996,1,4,10,1,10
2016010022588,1,9,0,18,0,0,0,0,0,0,4,1,6,3,-1,-1,4163,1,2,-1,-1,-1
2016010022591,1,4,0,18,0,8,0,0,0,0,4,1,6,1,25,5,125,1,-1,6,1,6
2016010022591,2,9,0,9,0,8,1,0,0,0,1,1,6,2,25,5,1368,1,5,5,1,5
2016010022594,1,4,0,18,0,1,0,0,0,0,1,1,6,1,40,7,-1,-1,-1,6,1,6
2016010022599,1,9,0,18,0,8,0,0,0,0,4,1,6,1,42,7,2148,2,14,2,1,2
2016010022604,1,9,0,18,0,8,0,0,0,0,3,1,6,2,44,7,-1,-1,-1,7,1,7
2016010022604,2,9,0,7,0,8,0,0,0,0,4,1,6,1,31,6,1997,2,12,3,1,3
2016010022606,1,11,0,5,0,8,0,0,0,0,0,1,1,1,-1,-1,4760,2,5,2,1,2
2016010022610,1,9,0,18,0,8,0,0,0,0,1,1,6,1,47,8,1499,2,1,3,1,3
2016010022614,1,4,0,11,0,8,0,0,0,0,4,1,6,2,23,5,125,1,-1,3,1,3
2016010022614,2,9,0,5,0,8,0,0,0,0,3,1,6,1,33,6,-1,-1,-1,6,1,6
2016010022618,1,8,0,3,0,8,0,0,0,0,1,1,1,1,67,10,2148,2,7,7,1,7
2016010022618,2,19,0,1,0,8,0,0,0,0,2,1,1,1,26,6,7698,2,1,6,3,6
2016010022622,1,1,0,18,0,1,1,0,0,0,4,1,2,1,28,6,-1,-1,-1,2,1,2
2016010022628,1,4,0,14,0,1,0,4,0,0,1,1,2,1,41,7,1293,1,4,5,1,5
2016010022628,2,9,0,11,0,8,0,0,0,0,3,1,6,1,-1,-1,1499,2,1,4,1,4
2016010022642,1,3,0,9,0,8,0,0,0,0,4,1,1,1,16,4,-1,-1,-1,1,1,1
2016010022642,2,9,0,9,0,8,0,0,0,0,3,1,6,1,32,6,-1,-1,-1,8,1,8
2016010022700,1,1,0,5,0,2,0,0,0,0,3,1,1,1,27,6,-1,-1,-1,4,1,4
2016010022700,2,8,0,5,0,2,0,0,0,0,3,-1,6,3,-1,-1,1248,2,8,-1,-1,-1
2016010022702,1,5,0,18,0,8,0,0,0,0,1,1,6,1,32,6,1462,1,17,7,1,7
2016010022702,2,9,0,9,0,8,0,0,0,0,3,1,6,1,18,4,-1,-1,-1,5,1,5
2016010022703,1,9,0,18,0,0,0,0,0,0,1,1,6,1,30,6,-1,-1,-1,-1,-1,-1
2016010022703,2,1,0,9,0,0,0,0,0,0,4,1,6,1,21,5,-1,-1,-1,2,1,2
2016010022705,1,9,0,3,0,8,0,0,0,0,2,1,6,1,29,6,2143,2,4,4,1,4
2016010022705,2,9,-1,4,0,8,-1,0,0,0,1,1,6,3,-1,-1,-1,-1,-1,-1,-1,-1
2016010022706,1,1,0,15,0,1,0,8,0,0,1,1,2,1,64,9,-1,-1,-1,4,1,4
2016010022706,2,8,0,3,0,1,0,0,0,0,4,1,1,1,-1,-1,2499,2,6,-1,-1,-1
2016010022707,1,9,0,18,0,1,0,0,0,0,4,1,6,2,29,6,1332,1,5,6,1,6
2016010022708,1,9,0,3,0,4,0,0,0,0,2,1,6,2,51,8,998,1,10,6,1,6
2016010022708,2,9,0,4,0,4,0,0,0,0,1,1,6,3,-1,-1,1240,1,9,-1,-1,-1
2016010022709,1,5,0,18,0,1,1,0,0,0,1,1,2,1,29,6,599,1,7,-1,-1,-1
2016010022709,2,9,0,9,0,5,0,0,0,0,1,1,3,1,35,6,2143,2,1,3,1,3
2016010022713,1,11,0,18,0,0,0,0,0,0,1,1,1,1,60,9,4500,2,-1,-1,-1,-1
2016010022715,1,11,0,18,0,2,0,0,0,0,0,1,1,1,59,9,4500,2,1,6,1,6
2016010022719,1,9,0,18,0,0,0,0,0,0,1,1,6,1,21,5,1198,1,8,8,1,8
2016010022720,1,9,0,18,0,2,0,0,0,0,3,1,6,1,-1,-1,1497,8,12,-1,-1,-1
2016010022722,1,9,0,16,0,0,0,0,0,0,1,1,1,1,48,8,1798,8,-1,2,1,2
2016010022725,1,1,0,18,0,0,0,4,0,0,1,1,6,1,29,6,-1,-1,-1,2,1,2
2016010022725,2,9,0,2,0,0,0,0,0,0,2,1,6,3,-1,-1,1781,1,13,-1,-1,-1
2016010022731,1,9,0,18,0,8,0,0,0,0,1,1,6,2,53,8,4663,1,3,10,2,10
2016010022731,2,3,0,9,0,8,0,0,0,0,3,1,6,1,27,6,125,1,-1,5,1,5
2016010022732,1,9,0,3,0,2,0,0,0,0,2,1,6,1,74,10,-1,-1,-1,9,1,9
2016010022732,2,19,0,18,0,2,0,0,0,0,0,1,6,3,-1,-1,-1,-1,-1,-1,-1,-1
2016010022733,1,9,0,9,0,8,0,0,0,0,1,1,6,1,66,10,1396,1,11,3,1,3
2016010022733,2,9,0,18,0,4,0,0,0,0,1,1,6,3,-1,-1,-1,-1,-1,-1,-1,-1
2016010022735,1,8,0,9,0,5,0,0,0,0,1,1,1,1,62,9,2143,2,3,8,1,8
2016010022735,2,5,0,18,0,8,0,0,0,0,1,1,6,1,25,5,599,1,11,4,1,4
2016010022739,1,8,0,18,0,0,0,0,0,0,2,1,1,1,66,10,-1,-1,-1,7,1,7
2016010022739,2,4,0,11,0,0,1,0,0,0,4,1,1,2,38,7,125,1,3,6,1,6
2016010022740,1,9,0,6,0,1,0,0,0,0,3,1,6,3,-1,-1,-1,-1,-1,-1,-1,-1
2016010022741,1,9,0,18,0,8,0,0,0,0,1,1,6,1,21,5,1995,2,4,4,1,4
2016010022741,2,9,0,1,0,8,0,0,0,0,2,1,6,2,48,8,1998,1,-1,9,1,9
2016010022745,1,19,0,11,0,0,0,0,0,0,4,1,1,1,43,7,1995,2,9,4,1,4
2016010022745,2,11,0,18,0,0,0,0,0,0,1,1,1,1,31,6,4500,2,-1,2,1,2
2016010022747,1,19,0,7,0,6,0,0,0,0,1,1,6,1,27,6,2198,2,-1,-1,-1,-1
2016010022751,1,9,0,4,0,0,0,0,0,0,2,1,6,2,38,7,1560,2,3,1,1,1
2016010022751,2,21,0,18,0,0,0,0,0,0,1,-1,6,3,-1,-1,2299,2,-1,-1,-1,-1
2016010022756,1,4,0,13,0,2,0,0,0,0,1,1,6,1,24,5,-1,-1,-1,2,1,2
2016010022757,1,11,0,15,0,8,0,0,0,0,1,1,1,1,57,9,4500,2,8,6,1,6
2016010022757,2,9,0,9,0,8,0,0,0,0,3,1,6,1,38,7,1598,2,3,2,1,2
2016010022758,1,9,0,3,0,2,0,2,0,0,2,1,6,2,64,9,-1,-1,-1,6,1,6
2016010022758,2,9,0,18,0,2,0,0,0,0,1,1,6,3,-1,-1,1995,2,14,-1,-1,-1
2016010022765,1,9,0,18,0,1,0,0,0,0,3,1,6,1,50,8,4969,8,8,3,1,3
2016010022766,1,9,0,5,0,6,0,0,0,0,4,1,1,1,39,7,1497,8,9,6,1,6
2016010022766,2,8,0,18,0,8,0,0,0,0,1,1,1,1,34,6,1798,8,4,2,1,2
2016010022769,1,9,0,9,0,8,0,0,0,0,4,1,6,2,30,6,1598,1,11,3,1,3
2016010022769,2,1,0,18,0,8,0,0,0,0,1,1,6,1,30,6,-1,-1,-1,6,1,6
2016010022774,1,9,0,18,0,2,0,0,0,0,3,1,6,3,-1,-1,1769,1,12,-1,-1,-1
2016010022774,2,3,0,13,0,2,0,0,0,0,4,1,6,1,36,7,125,1,1,4,1,4
2016010022778,1,9,0,9,0,8,0,0,0,0,4,1,6,2,19,4,1242,1,4,-1,-1,-1
2016010022778,2,9,0,18,0,8,0,0,0,0,1,1,6,2,55,8,1997,1,4,-1,-1,-1
2016010022782,1,8,0,18,0,2,0,0,0,0,1,1,1,1,34,6,1798,8,3,5,1,5
2016010022784,1,19,0,3,0,0,0,0,0,0,2,1,1,1,-1,-1,2461,2,10,5,1,5
2016010022784,2,1,0,18,0,0,0,4,0,0,1,1,6,1,26,6,-1,-1,-1,3,1,3
2016010022786,1,1,0,18,0,6,0,0,0,0,3,1,6,1,35,6,-1,-1,-1,2,1,2
2016010022786,2,9,0,9,0,6,0,0,0,0,1,1,6,1,-1,-1,1461,2,2,-1,-1,-1
2016010022790,1,9,0,9,0,4,0,0,0,0,1,1,6,1,22,5,1686,2,11,3,1,3
2016010022790,2,9,0,18,0,4,0,0,0,0,1,1,6,3,-1,-1,-1,-1,-1,-1,-1,-1
2016010022792,1,8,0,18,0,8,0,0,0,0,1,1,1,1,44,7,1791,8,4,3,1,3
2016010022792,2,3,0,9,0,8,0,0,0,0,4,1,2,1,29,6,125,1,11,-1,-1,-1
2016010022795,1,3,0,15,0,0,0,0,0,0,4,1,6,2,24,5,125,1,7,7,1,7
2016010022795,2,9,0,9,0,0,0,0,0,0,3,1,6,1,60,9,1997,2,3,4,1,4
2016010022796,1,9,0,18,0,0,0,0,0,0,1,1,6,3,-1,-1,-1,-1,-1,-1,-1,-1
2016010022796,2,1,0,18,0,0,0,0,0,0,2,1,6,1,24,5,-1,-1,-1,-1,-1,-1
2016010022797,1,11,0,18,0,1,0,0,0,0,0,1,1,1,22,5,6700,2,9,4,1,4
2016010022800,1,9,0,9,0,8,1,0,0,0,1,1,6,2,31,6,1397,1,14,2,1,2
2016010022800,2,3,0,18,0,8,0,0,0,0,1,1,6,1,42,7,125,1,2,6,1,6
2016010022801,1,8,0,3,0,0,0,0,0,0,3,1,1,1,67,10,2987,2,7,10,1,10
2016010022801,2,9,0,18,0,0,0,8,0,0,1,1,6,1,-1,-1,1596,1,6,5,1,5
2016010022806,1,8,0,18,0,2,0,0,0,0,1,1,1,1,-1,-1,2499,2,3,-1,-1,-1
2016010022807,1,9,0,9,0,8,0,0,0,0,1,1,6,1,26,6,1339,8,2,2,1,2
2016010022807,2,2,0,18,0,8,0,0,0,0,1,1,6,2,27,6,124,1,2,3,1,3
2016010022810,1,4,0,18,0,0,0,0,0,0,1,1,6,1,18,4,123,1,2,6,1,6
2016010022810,2,9,0,5,0,0,0,0,0,0,1,1,6,2,43,7,1329,1,4,8,1,8
2016010022811,1,9,0,9,0,8,0,0,0,0,2,1,6,1,-1,-1,-1,-1,-1,-1,-1,-1
2016010022811,2,9,0,9,0,8,0,0,0,0,1,1,1,1,-1,-1,-1,-1,-1,-1,-1,-1
2016010022811,3,5,0,4,0,8,0,0,0,0,4,1,1,1,-1,-1,-1,-1,-1,-1,-1,-1
2016010022815,1,8,0,7,0,8,0,0,0,0,4,1,1,1,48,8,2143,2,-1,4,1,4
2016010022815,2,1,0,18,2,8,0,0,0,0,0,1,6,1,31,6,-1,-1,-1,2,1,2
2016010022819,1,9,0,3,0,1,0,0,0,0,2,1,6,2,58,9,1997,2,17,3,1,3
2016010022819,2,19,0,18,0,1,0,0,0,0,1,1,6,3,-1,-1,-1,-1,-1,-1,-1,-1
2016010022826,1,3,0,18,0,1,0,0,0,0,4,1,6,1,21,5,125,1,1,4,1,4
2016010022830,1,9,0,4,0,4,0,0,0,0,2,1,6,1,21,5,1798,1,7,6,2,6
2016010022830,2,9,0,5,0,4,0,0,0,0,1,1,6,3,-1,-1,1598,1,6,-1,-1,-1
2016010022833,1,9,0,11,0,8,0,0,0,0,0,1,6,1,47,8,1985,1,18,5,1,5
2016010022833,2,1,0,18,0,8,0,0,0,0,0,1,6,1,50,8,-1,-1,-1,9,1,9
2016010022834,1,9,0,18,0,8,0,0,0,0,4,1,6,3,-1,-1,-1,-1,-1,-1,-1,-1
2016010022835,1,9,0,18,0,1,0,0,0,0,1,1,6,1,58,9,2987,2,5,7,1,7
2016010022843,1,9,0,3,0,0,0,0,0,0,2,2,6,1,49,8,1988,2,13,4,1,4
2016010022843,2,1,0,18,0,0,0,4,0,0,1,1,6,1,37,7,-1,-1,-1,2,1,2
2016010022849,1,2,0,18,0,2,0,4,0,0,1,1,1,1,32,6,49,1,10,6,1,6
2016010022849,2,9,0,2,0,1,0,0,0,0,1,1,6,3,-1,-1,1596,1,7,-1,-1,-1
2016010022851,1,8,0,7,0,8,0,0,0,0,4,1,1,1,71,10,2143,2,1,10,2,10
2016010022851,2,8,0,17,0,8,0,0,0,0,1,1,1,1,41,7,2499,2,10,5,1,5
2016010022916,1,9,0,4,0,0,0,0,0,0,2,1,6,1,33,6,1798,8,1,2,1,2
2016010022916,2,3,0,13,0,0,0,0,0,0,0,1,6,3,-1,-1,-1,-1,-1,-1,-1,-1
2016010022918,1,9,0,9,0,8,0,0,0,0,4,1,6,2,28,6,1998,1,15,7,1,7
2016010022918,2,5,0,18,0,8,0,0,0,0,1,1,6,1,37,7,980,1,37,1,1,1
2016010022923,1,1,0,18,2,1,0,0,0,0,3,1,6,1,46,8,-1,-1,-1,1,1,1
2016010022923,2,3,0,18,0,1,0,0,0,0,4,1,6,1,21,5,108,1,-1,3,1,3
2016010022924,1,4,0,18,0,2,1,0,0,0,1,1,6,3,-1,-1,125,1,-1,-1,-1,-1
2016010022925,1,9,0,18,0,8,0,0,0,0,1,1,6,2,39,7,1399,1,-1,2,1,2
2016010022925,2,9,0,18,0,8,0,0,0,0,3,1,6,1,-1,-1,-1,-1,-1,1,1,1
2016010022926,1,4,0,18,0,1,0,0,0,0,1,1,2,1,24,5,125,1,9,2,1,2
2016010022927,1,11,0,4,0,1,0,0,0,0,0,1,1,1,63,9,6696,2,3,2,1,2
2016010022929,1,1,0,18,0,8,0,0,0,0,1,1,6,1,32,6,-1,-1,-1,4,1,4
2016010022929,2,8,0,9,0,8,0,0,0,0,3,-1,1,1,-1,-1,-1,-1,-1,-1,-1,-1
2016010022930,1,11,0,3,0,0,0,0,0,0,0,1,1,1,-1,-1,-1,-1,-1,-1,-1,-1
2016010022931,1,9,0,18,0,8,0,0,0,0,1,1,6,3,-1,-1,-1,-1,-1,-1,-1,-1
2016010022931,2,1,0,18,0,8,0,0,0,0,4,1,6,1,31,6,-1,-1,-1,4,1,4
2016010022932,1,1,0,18,0,1,0,0,0,0,1,1,2,1,48,8,-1,-1,-1,2,1,2
2016010022932,2,20,0,18,0,1,0,0,0,0,2,1,6,3,-1,-1,-1,-1,-1,-1,-1,-1
2016010022933,1,11,0,16,0,2,0,0,0,0,4,1,1,1,51,8,4416,2,2,4,1,4