Accident_Index,Vehicle_Reference,Vehicle_Type,Towing_and_Articulation,Vehicle_Manoeuvre,Vehicle_Location-Restricted_Lane,Junction_Location,Skidding_and_Overturning,Hit_Object_in_Carriageway,Vehicle_Leaving_Carriageway,Hit_Object_off_Carriageway,1st_Point_of_Impact,Was_Vehicle_Left_Hand_Drive?,Journey_Purpose_of_Driver,Sex_of_Driver,Age_of_Driver,Age_Band_of_Driver,Engine_Capacity_(CC),Propulsion_Code,Age_of_Vehicle,Driver_IMD_Decile,Driver_Home_Area_Type,Vehicle_IMD_Decile
2016010022935,1,3,0,18,0,8,0,0,0,0,4,1,6,1,29,6,-1,-1,-1,1,1,1
2016010022935,2,9,0,18,0,8,0,0,0,0,1,1,6,3,-1,-1,-1,-1,-1,-1,-1,-1
2016010022936,1,1,0,18,0,8,0,0,0,0,1,1,2,1,42,7,-1,-1,-1,5,1,5
2016010022936,2,9,0,7,0,8,0,0,0,0,4,1,6,1,-1,-1,2143,12,2,-1,-1,-1
2016010022937,1,1,0,18,5,2,0,0,0,0,1,1,6,1,21,5,-1,-1,-1,-1,3,-1
2016010022938,1,3,0,3,0,8,0,0,0,0,2,1,6,1,49,8,125,1,2,2,1,2
2016010022938,2,9,0,16,0,1,0,0,0,0,1,1,6,1,-1,-1,2993,2,1,-1,-1,-1
2016010022939,1,9,0,18,0,2,0,4,0,0,4,1,6,1,33,6,-1,-1,-1,-1,-1,-1
2016010022939,2,9,0,5,0,2,0,0,0,0,3,1,6,1,36,7,1339,8,6,2,1,2
2016010022939,3,9,0,2,0,2,0,0,0,0,3,1,6,3,-1,-1,-1,-1,-1,-1,-1,-1
2016010022940,1,3,0,-1,9,1,0,0,0,0,1,1,6,3,-1,-1,-1,-1,-1,-1,-1,-1
2016010022941,1,3,0,18,0,1,0,0,0,0,1,1,1,1,44,7,-1,-1,-1,1,1,1
2016010022941,2,8,0,6,0,1,0,0,0,0,3,1,1,1,31,6,1968,2,5,2,1,2
2016010022942,1,1,0,18,0,8,0,0,0,0,3,1,6,1,24,5,-1,-1,-1,7,1,7
2016010022942,2,19,0,9,0,8,0,0,0,0,4,1,6,3,-1,-1,-1,-1,-1,-1,-1,-1
2016010022943,1,1,0,18,0,8,0,0,0,0,3,1,2,2,33,6,-1,-1,-1,3,1,3
2016010022943,2,9,0,9,0,8,0,0,0,0,1,-1,6,3,-1,-1,-1,-1,-1,-1,-1,-1
2016010022944,1,11,0,18,0,1,0,0,0,0,4,1,1,2,37,7,4500,2,1,-1,-1,-1
2016010022945,1,8,0,18,0,8,0,0,0,0,1,1,1,1,38,7,1798,8,3,1,1,1
2016010022945,2,19,0,18,0,8,0,0,0,0,4,1,1,1,57,9,1968,2,3,8,1,8
2016010022946,1,1,0,18,4,0,0,0,0,0,1,1,6,1,21,5,-1,-1,-1,3,1,3
2016010022947,1,4,0,18,0,1,0,0,0,0,3,1,6,2,22,5,124,1,4,-1,-1,-1
2016010022947,2,19,0,11,0,1,0,0,0,0,4,1,1,1,42,7,7146,2,6,3,1,3
2016010022948,1,1,0,4,0,1,0,0,0,0,2,1,6,1,22,5,-1,-1,-1,5,1,5
2016010022948,2,9,0,18,0,1,0,0,0,0,1,1,6,3,-1,-1,-1,-1,-1,-1,-1,-1
2016010022949,1,9,0,9,0,8,0,0,0,0,1,1,1,1,56,9,1686,2,3,10,1,10
2016010022949,2,1,0,9,0,8,0,0,0,0,2,1,6,1,38,7,-1,-1,-1,2,1,2
2016010022951,1,19,0,18,0,1,0,0,0,0,1,1,6,1,24,5,-1,-1,-1,6,1,6
2016010022951,2,4,0,4,0,1,0,0,0,0,2,1,6,1,33,6,125,1,1,-1,-1,-1
2016010022952,1,11,0,7,0,1,0,0,0,0,0,1,1,1,22,5,4500,2,1,1,1,1
2016010022953,1,4,0,14,0,8,0,0,0,0,4,1,6,1,25,5,798,1,6,-1,-1,-1
2016010022953,2,9,0,9,0,8,0,0,0,0,1,-1,6,3,-1,-1,1998,2,4,-1,-1,-1
2016010022954,1,9,0,3,0,1,0,0,0,0,2,1,6,3,-1,-1,-1,-1,-1,-1,-1,-1
2016010022954,2,1,0,18,0,1,0,0,0,0,1,1,2,1,41,7,-1,-1,-1,2,1,2
2016010022955,1,1,0,7,4,8,0,0,0,0,2,1,6,1,43,7,-1,-1,-1,-1,-1,-1
2016010022955,2,9,0,7,0,8,0,0,0,0,1,1,6,1,-1,-1,2494,1,13,-1,-1,-1
2016010022956,1,9,0,14,0,1,0,7,3,0,1,1,6,2,49,8,-1,-1,-1,3,1,3
2016010022957,1,4,0,18,0,8,0,0,0,0,3,1,6,1,19,4,125,1,8,2,1,2
2016010022957,2,9,0,18,0,1,0,0,0,0,1,1,6,2,54,8,-1,-1,-1,2,1,2
2016010022958,1,1,0,7,0,8,0,0,0,0,3,1,6,1,35,6,-1,-1,-1,6,1,6
2016010022958,2,9,0,9,0,8,0,0,0,0,4,1,6,3,-1,-1,1968,2,5,-1,-1,-1
2016010022959,1,19,0,18,0,2,0,0,0,0,1,1,1,1,26,6,1598,2,4,4,1,4
2016010022960,1,8,0,4,0,1,0,0,0,0,2,1,1,1,39,7,2499,2,1,3,1,3
2016010022960,2,1,0,18,0,1,0,0,0,0,1,1,6,1,-1,-1,-1,-1,-1,-1,-1,-1
2016010022961,1,9,0,7,0,8,0,0,0,0,1,1,1,1,22,5,1798,8,-1,5,1,5
2016010022961,2,1,0,18,0,2,0,0,0,0,2,1,2,2,41,7,-1,-1,-1,3,1,3
2016010022962,1,9,0,16,0,1,0,0,0,0,2,1,6,1,25,5,1797,8,4,2,1,2
2016010022962,2,9,0,18,0,1,0,0,0,0,1,1,6,1,36,7,1600,2,6,-1,-1,-1
2016010022963,1,11,0,17,0,8,0,0,0,0,0,1,1,1,36,7,4500,2,2,3,1,3
2016010022964,1,11,0,3,0,0,0,0,0,0,0,1,6,3,-1,-1,4500,2,1,-1,-1,-1
2016010022965,1,8,0,15,0,1,0,0,0,0,3,1,6,1,36,7,1339,8,3,2,1,2
2016010022965,2,11,0,11,0,1,0,0,0,0,4,1,1,1,57,9,9000,2,6,2,1,2
2016010022966,1,9,0,18,0,8,0,0,0,0,1,1,6,1,61,9,-1,-1,-1,7,1,7
2016010022966,2,9,0,18,0,8,0,0,0,0,4,1,6,1,35,6,1998,1,13,3,1,3
2016010022967,1,9,0,4,0,1,0,0,0,0,2,1,1,1,53,8,-1,-1,-1,4,1,4
2016010022967,2,5,0,18,0,1,0,0,0,0,1,1,2,1,55,8,1170,1,5,-1,-1,-1
2016010022968,1,8,0,18,0,1,0,0,0,0,1,1,1,1,67,10,2499,2,5,5,2,5
2016010022968,2,9,0,9,0,5,0,0,0,0,3,1,6,2,78,11,1580,1,24,8,1,8
2016010022969,1,9,0,18,0,0,0,0,0,0,1,1,2,1,40,7,-1,-1,-1,6,1,6
2016010022969,2,1,0,5,0,0,0,0,0,0,1,1,2,2,25,5,-1,-1,-1,4,1,4
2016010022970,1,9,0,18,0,8,0,0,0,0,1,1,6,2,75,10,1595,1,1,-1,-1,-1
2016010022970,2,4,0,9,0,6,0,0,0,0,3,1,2,1,29,6,279,1,8,5,1,5
2016010022971,1,1,0,18,0,8,0,0,0,0,3,1,2,2,56,9,-1,-1,-1,7,1,7
2016010022971,2,9,0,9,0,8,0,0,0,0,1,1,6,1,-1,-1,1242,1,14,-1,-1,-1
2016010022972,1,9,0,9,0,1,0,0,0,0,1,1,6,1,25,5,2143,2,1,3,1,3
2016010022972,2,9,0,18,0,1,0,0,0,0,4,1,6,1,40,7,1791,8,4,4,1,4
2016010022973,1,11,0,5,0,1,0,0,0,0,0,1,1,1,54,8,4461,2,4,3,1,3
2016010022974,1,9,0,18,0,8,0,0,0,0,3,1,6,1,33,6,2148,2,11,-1,-1,-1
2016010022974,2,1,0,18,0,7,0,0,0,0,1,1,6,1,24,5,-1,-1,-1,2,1,2
2016010022975,1,9,0,3,0,1,0,0,0,0,4,1,6,1,26,6,1991,1,18,-1,-1,-1
2016010022975,2,1,0,17,0,1,0,8,0,0,1,1,6,1,38,7,-1,-1,-1,2,1,2
2016010022976,1,9,0,18,0,2,0,0,0,0,4,1,6,2,42,7,1991,1,13,2,1,2
2016010022976,2,9,0,5,0,2,0,0,0,0,3,1,6,1,36,7,1968,2,2,-1,-1,-1
2016010022977,1,9,0,3,0,0,0,0,0,0,3,1,6,1,60,9,2198,1,9,4,1,4
2016010022977,2,9,0,18,0,0,0,0,0,0,4,1,6,1,53,8,-1,-1,-1,4,1,4
2016010022979,1,9,0,16,0,2,0,0,0,0,1,1,6,3,-1,-1,-1,-1,-1,-1,-1,-1
2016010022980,1,8,0,6,0,2,0,0,0,0,3,1,1,1,28,6,1790,8,4,2,1,2
2016010022980,2,1,0,14,0,2,0,0,0,0,1,1,2,1,39,7,-1,-1,-1,-1,-1,-1
2016010022981,1,8,0,18,0,8,0,0,0,0,1,1,1,1,57,9,1797,8,6,2,1,2
2016010022981,2,8,0,9,0,8,0,0,0,0,4,1,1,1,43,7,1598,2,4,3,1,3
2016010022982,1,8,0,3,0,1,0,0,0,0,4,1,1,1,47,8,1339,8,4,5,1,5
2016010022982,2,1,0,15,0,1,0,8,0,0,1,1,6,1,43,7,-1,-1,-1,1,1,1
2016010022983,1,9,0,18,0,8,0,0,0,0,1,1,6,1,48,8,1329,1,1,-1,-1,-1
2016010022983,2,9,0,18,0,1,0,0,0,0,3,1,1,1,31,6,1968,2,4,5,1,5
2016010022985,1,8,0,7,0,1,0,0,0,0,4,1,1,1,30,6,1790,8,4,5,1,5
2016010022985,2,1,0,18,0,1,0,0,0,0,3,1,6,1,24,5,-1,-1,-1,3,1,3
2016010022986,1,3,0,18,0,0,0,0,0,0,1,1,2,1,21,5,124,1,8,1,1,1
2016010022986,2,9,0,5,0,0,0,0,0,0,1,1,2,1,43,7,1560,2,7,2,1,2
2016010022989,1,9,0,9,0,8,0,0,0,0,1,1,6,1,37,7,1595,1,17,2,1,2
2016010022989,2,3,0,14,0,8,0,0,0,0,1,1,6,1,48,8,125,1,1,1,1,1
2016010022990,1,8,0,18,0,8,0,0,0,0,1,1,1,1,48,8,1798,8,2,4,1,4
2016010022990,2,8,0,18,0,8,0,0,0,0,4,1,1,1,56,9,2143,12,2,4,1,4
2016010022992,1,9,0,18,0,1,0,7,7,2,1,1,6,2,80,11,1598,1,3,8,3,8
2016010022993,1,8,0,18,0,1,0,0,0,0,1,1,1,1,73,10,2664,2,15,9,1,9
2016010022993,2,1,0,4,0,1,0,0,0,0,2,1,6,1,36,7,-1,-1,-1,1,1,1
2016010022996,1,8,0,3,0,8,0,0,0,0,4,1,1,1,30,6,1339,8,5,5,1,5
2016010022996,2,19,0,1,0,8,0,0,0,0,2,1,1,1,40,7,2198,2,1,10,1,10
2016010022997,1,9,-1,9,0,-1,-1,0,0,0,1,1,6,3,-1,-1,-1,-1,-1,-1,-1,-1
2016010022998,1,8,0,18,0,8,0,0,0,0,4,1,1,1,57,9,2776,2,-1,3,1,3
2016010022998,2,3,0,18,0,8,1,0,0,0,1,1,1,1,31,6,108,1,2,6,1,6
2016010022999,1,9,0,14,0,1,0,0,0,0,4,1,6,1,49,8,2495,2,13,8,1,8
2016010023000,1,8,0,9,0,8,0,0,0,0,1,1,1,1,29,6,-1,-1,-1,3,1,3
2016010023000,2,1,0,18,0,8,0,0,0,0,1,1,6,1,33,6,-1,-1,-1,9,1,9
2016010023003,1,19,0,12,0,2,0,0,0,0,3,1,1,1,41,7,2143,2,2,2,1,2
2016010023003,2,3,0,13,0,2,0,0,0,0,1,1,6,1,32,6,125,1,8,3,1,3
2016010023005,1,9,0,-1,0,1,0,0,0,0,4,-1,6,3,-1,-1,-1,-1,-1,-1,-1,-1
2016010023068,1,5,0,9,0,5,0,0,0,0,1,1,2,1,60,9,499,1,6,9,3,9
2016010023068,2,1,0,18,0,8,0,0,0,0,1,1,6,1,13,3,-1,-1,-1,4,1,4
2016010023070,1,9,0,3,0,0,0,0,0,0,4,1,3,1,48,8,2979,1,13,5,1,5
2016010023070,2,9,0,18,0,0,0,4,0,0,1,-1,6,1,-1,-1,1397,1,15,-1,-1,-1
2016010023071,1,9,0,12,0,0,0,0,0,0,2,1,6,1,30,6,1797,8,4,7,1,7
2016010023071,2,11,0,18,0,0,0,0,0,0,1,1,1,1,55,8,9200,2,10,6,2,6
2016010023079,1,9,0,7,0,5,0,0,0,0,4,1,6,1,53,8,1560,2,2,2,1,2
2016010023079,2,5,0,18,2,1,0,0,0,0,1,1,6,1,20,4,599,1,16,9,3,9
2016010023080,1,8,0,18,0,2,0,0,0,0,1,1,1,1,37,7,1797,8,7,3,1,3
2016010023081,1,9,0,18,0,1,0,0,0,0,1,1,6,1,33,6,2000,1,17,6,1,6
2016010023081,2,90,0,18,0,1,0,0,0,0,0,1,1,1,-1,-1,-1,-1,-1,-1,-1,-1
2016010023083,1,8,0,18,0,0,0,0,0,0,4,1,1,1,48,8,2499,2,9,2,1,2
2016010023085,1,9,0,9,0,8,0,0,0,0,1,1,6,1,30,6,2171,1,11,8,1,8
2016010023085,2,1,0,18,0,8,0,0,0,0,4,1,6,2,52,8,-1,-1,-1,2,1,2
2016010023088,1,9,0,9,0,5,0,0,0,0,3,1,6,2,50,8,1968,2,11,-1,-1,-1
2016010023088,2,2,0,13,0,8,0,0,0,0,1,1,2,1,27,6,124,1,2,7,1,7
2016010023089,1,9,0,9,0,8,0,0,0,0,1,1,6,1,54,8,1910,2,8,-1,-1,-1
2016010023089,2,4,0,18,0,8,0,0,0,0,1,1,6,1,34,6,125,1,6,2,1,2
2016010023090,1,3,0,18,0,2,0,0,0,0,1,1,6,1,34,6,125,1,4,5,1,5
2016010023090,2,19,0,1,0,2,0,0,0,0,2,-1,6,1,-1,-1,2402,2,5,-1,-1,-1
2016010023095,1,19,0,9,0,0,0,0,0,0,3,1,1,1,36,7,1968,2,3,5,1,5
2016010023095,2,4,0,13,0,0,0,0,0,0,4,1,6,1,32,6,125,1,12,10,1,10
2016010023103,1,19,0,9,0,1,0,0,0,0,1,1,1,1,43,7,2148,2,11,2,1,2
2016010023104,1,9,0,18,0,8,0,0,0,0,4,1,6,1,64,9,1686,2,14,9,1,9
2016010023105,1,9,0,3,0,1,0,0,0,0,2,1,6,2,30,6,1240,1,10,5,1,5
2016010023105,2,9,0,18,0,1,0,0,0,0,1,1,6,3,-1,-1,-1,-1,-1,-1,-1,-1
2016010023108,1,4,0,14,0,1,0,0,0,0,1,1,1,1,25,5,-1,-1,-1,4,1,4
2016010023109,1,1,0,18,0,8,0,0,0,0,4,1,6,1,27,6,-1,-1,-1,5,1,5
2016010023109,2,9,0,7,0,8,0,0,0,0,1,-1,6,1,-1,-1,1685,2,3,-1,-1,-1
2016010023113,1,11,0,18,0,8,0,0,0,0,0,1,1,1,42,7,4500,2,1,1,1,1
2016010023114,1,19,0,18,0,2,0,0,0,0,1,1,1,1,50,8,2198,2,1,3,1,3
2016010023122,1,9,0,5,0,8,0,0,0,0,1,1,6,1,27,6,1390,1,9,2,1,2
2016010023122,2,9,0,18,0,8,0,0,0,0,4,1,6,2,33,6,1396,1,15,2,1,2
2016010023122,3,9,0,3,0,8,0,0,0,0,1,1,6,1,43,7,2720,2,10,4,1,4
2016010023123,1,1,0,9,4,2,0,0,0,0,1,1,6,1,31,6,-1,-1,-1,7,1,7
2016010023127,1,9,5,18,0,1,0,0,0,0,1,1,6,1,25,5,-1,-1,-1,2,1,2
2016010023127,2,9,0,7,0,1,0,0,0,0,2,1,6,1,49,8,1968,2,4,3,1,3
2016010023128,1,2,0,18,0,0,0,0,0,0,1,1,6,1,24,5,125,1,1,8,1,8
2016010023128,2,9,0,9,0,0,0,0,0,0,1,1,6,2,-1,-1,-1,-1,-1,-1,-1,-1
2016010023131,1,9,0,18,0,0,0,0,7,10,2,1,6,1,48,8,1997,2,9,7,1,7
2016010023134,1,9,0,18,0,0,0,0,0,0,4,1,6,1,43,7,1149,1,1,9,1,9
2016010023134,2,3,0,11,0,0,0,0,0,0,3,1,6,2,48,8,-1,-1,-1,9,1,9
2016010023135,1,3,0,4,0,8,1,0,0,0,3,1,6,1,50,8,125,1,7,5,1,5
2016010023142,1,20,0,5,0,0,0,0,0,0,4,2,1,1,49,8,-1,-1,-1,-1,-1,-1
2016010023142,2,5,0,18,0,0,0,0,0,0,1,1,6,1,-1,-1,689,1,-1,5,1,5
2016010023144,1,1,0,18,0,8,0,0,0,0,4,1,6,1,59,9,-1,-1,-1,9,1,9
2016010023144,2,19,0,2,0,8,0,0,0,0,3,1,6,3,-1,-1,-1,-1,-1,-1,-1,-1
2016010023145,1,3,0,18,0,8,0,0,0,0,1,1,6,1,20,4,124,1,5,4,1,4
2016010023145,2,8,0,12,0,8,0,0,0,0,3,1,1,1,44,7,1997,2,2,2,1,2
2016010023146,1,5,0,3,0,0,0,0,0,0,2,1,6,1,28,6,-1,-1,-1,4,1,4
2016010023146,2,9,5,18,0,0,0,0,0,0,1,1,6,1,36,7,1560,2,7,7,1,7
2016010023150,1,9,0,6,0,1,0,0,0,0,3,1,6,1,49,8,1956,2,2,3,1,3
2016010023150,2,9,0,18,0,1,0,0,0,0,1,1,6,1,32,6,2720,2,10,-1,-1,-1
2016010023151,1,9,0,18,0,8,0,0,0,0,4,1,6,1,47,8,2995,1,14,3,1,3
2016010023151,2,9,0,7,0,8,0,0,0,0,1,1,6,3,-1,-1,1988,2,12,-1,-1,-1
2016010023152,1,9,0,7,0,3,0,0,0,0,4,1,6,1,22,5,1598,1,10,9,1,9
2016010023152,2,1,0,18,0,8,0,0,0,0,1,1,1,2,46,8,-1,-1,-1,6,1,6
2016010023153,1,9,0,9,0,8,0,0,0,0,4,1,6,1,35,6,1968,2,5,6,1,6
2016010023153,2,21,1,9,0,8,0,0,0,0,3,2,1,1,34,6,-1,-1,-1,-1,-1,-1
2016010023154,1,4,0,18,0,8,0,0,0,0,1,1,1,1,32,6,124,1,-1,1,1,1
2016010023154,2,9,0,9,0,6,0,0,0,0,2,1,2,1,42,7,2993,2,1,4,1,4
2016010023155,1,9,0,18,0,8,0,0,0,0,4,1,6,2,21,5,1390,1,7,7,1,7
2016010023155,2,9,0,7,0,8,0,0,0,0,3,1,6,3,-1,-1,1910,2,8,-1,-1,-1
2016010023166,1,9,0,18,0,3,0,0,0,0,1,1,6,2,51,8,-1,-1,-1,7,1,7
2016010023166,2,1,0,5,0,3,0,0,0,0,4,1,6,2,18,4,-1,-1,-1,9,1,9
2016010023167,1,8,0,18,0,8,0,0,0,0,1,1,1,1,-1,-1,1997,2,4,-1,-1,-1
2016010023168,1,9,0,18,0,2,1,10,0,0,1,1,6,1,49,8,1798,8,4,2,1,2
2016010023169,1,9,0,3,0,1,0,0,0,0,2,1,6,1,33,6,1995,2,10,2,1,2
2016010023169,2,3,0,4,0,1,1,0,0,0,1,1,6,2,21,5,-1,-1,-1,2,1,2
2016010023170,1,9,0,17,0,2,0,0,0,0,1,1,6,1,22,5,1956,2,5,9,1,9
2016010023174,1,5,0,18,0,1,0,0,0,0,1,1,6,1,62,9,649,1,7,5,1,5
2016010023174,2,19,0,18,0,2,0,0,0,0,3,1,1,1,52,8,2460,2,9,9,1,9
2016010023177,1,9,0,18,0,2,0,0,0,0,4,1,6,2,67,10,1197,1,3,7,1,7
2016010023178,1,1,0,18,0,1,0,0,0,0,3,1,6,1,42,7,-1,-1,-1,9,1,9
2016010023178,2,9,0,18,0,8,0,0,0,0,1,-1,6,1,-1,-1,1968,2,5,2,1,2
2016010023181,1,9,0,9,0,4,1,9,7,2,3,1,6,2,38,7,1149,1,11,-1,-1,-1
2016010023183,1,1,0,18,0,8,0,0,0,0,3,1,2,1,35,6,-1,-1,-1,-1,-1,-1
2016010023183,2,9,0,7,0,8,0,0,0,0,1,1,6,2,-1,-1,1086,1,9,-1,-1,-1
2016010023184,1,1,0,9,0,5,0,0,0,0,2,1,6,1,14,3,-1,-1,-1,7,1,7
2016010023184,2,9,0,18,0,8,0,0,0,0,1,1,6,1,56,9,-1,-1,-1,7,1,7
2016010023185,1,9,0,18,0,8,0,0,0,0,3,1,6,3,-1,-1,998,1,4,-1,-1,-1
2016010023186,1,8,0,18,0,0,0,8,0,0,4,1,1,1,43,7,1997,2,7,4,1,4
2016010023188,1,9,0,18,0,8,5,0,3,7,1,1,6,2,77,11,1598,1,10,10,1,10
2016010023190,1,9,0,18,0,0,0,0,0,0,3,1,6,1,31,6,1956,2,1,6,1,6
2016010023190,2,9,0,18,0,0,0,0,0,0,4,1,6,3,-1,-1,1364,1,6,-1,-1,-1
2016010023196,1,9,0,5,0,2,0,0,0,0,1,1,6,1,32,6,998,1,1,3,1,3
2016010023196,2,9,0,4,0,2,0,0,0,0,2,1,6,2,46,8,998,1,4,-1,-1,-1
2016010023201,1,19,0,5,0,8,0,0,0,0,4,1,1,1,61,9,2464,2,9,-1,-1,-1
2016010023201,2,1,0,5,0,8,0,0,0,0,3,1,2,2,46,8,-1,-1,-1,-1,-1,-1
2016010023202,1,9,0,18,0,8,0,4,0,0,1,1,6,2,38,7,1598,1,6,8,1,8
2016010023202,2,9,0,2,0,8,0,0,0,0,2,1,6,3,-1,-1,1240,1,13,-1,-1,-1
2016010023207,1,9,0,18,0,8,0,0,0,0,1,1,6,1,29,6,1240,1,13,3,1,3
2016010023207,2,9,0,4,0,8,0,0,0,0,2,1,6,2,17,4,1242,1,1,9,1,9
2016010023212,1,8,0,18,0,8,0,0,0,0,1,1,1,1,33,6,1997,2,4,1,1,1
2016010023212,2,9,0,18,0,8,0,0,0,0,4,1,6,1,28,6,1364,1,9,4,1,4
2016010023219,1,9,0,18,0,0,0,0,0,0,1,1,6,1,60,9,1958,1,13,4,1,4
2016010023222,1,11,0,5,0,1,0,0,0,0,0,1,1,1,41,7,4500,2,1,4,1,4
2016010023222,2,9,0,7,0,1,0,0,0,0,0,1,6,1,46,8,1499,2,3,-1,-1,-1
2016010023227,1,9,0,9,0,8,0,0,0,0,1,1,2,1,56,9,1598,1,4,3,1,3
2016010023227,2,9,0,18,0,8,0,0,0,0,1,1,6,1,-1,-1,3628,2,6,3,1,3
2016010023230,1,9,4,3,0,8,0,0,0,0,2,1,6,2,63,9,1390,1,4,7,1,7
2016010023230,2,1,0,18,0,1,0,4,0,0,1,1,6,1,23,5,-1,-1,-1,4,1,4
2016010023233,1,9,0,9,0,5,0,0,0,0,1,2,1,1,34,6,-1,-1,-1,-1,-1,-1
2016010023240,1,1,0,7,0,8,0,0,0,0,3,1,6,1,29,6,-1,-1,-1,5,1,5
2016010023240,2,19,0,7,0,8,0,0,0,0,4,-1,6,1,-1,-1,-1,-1,-1,-1,-1,-1
2016010023241,1,9,0,7,0,8,0,0,0,0,4,1,6,2,42,7,1799,1,10,3,1,3
2016010023241,2,1,0,18,0,8,0,0,0,0,1,1,2,2,44,7,-1,-1,-1,10,1,10
2016010023244,1,8,0,18,0,1,0,0,0,0,1,1,1,1,32,6,1798,8,5,-1,-1,-1
2016010023244,2,9,0,5,0,2,0,0,0,0,1,1,6,1,-1,-1,1999,1,14,-1,-1,-1
2016010023245,1,9,0,18,0,0,0,0,0,0,1,1,6,1,44,7,1496,2,2,-1,-1,-1
2016010023245,2,9,0,3,0,0,0,0,0,0,2,1,6,2,35,6,-1,-1,-1,-1,-1,-1
2016010023247,1,19,0,9,0,0,0,0,0,0,1,1,1,1,64,9,-1,-1,-1,6,1,6
2016010023253,1,19,0,4,0,8,0,0,0,0,4,1,2,1,38,7,1598,2,-1,3,1,3
2016010023253,2,9,0,18,0,8,0,0,0,0,1,1,2,2,44,7,1386,1,9,3,1,3
2016010023256,1,5,0,3,0,8,0,0,0,0,2,1,2,1,31,6,636,1,13,4,1,4
2016010023256,2,9,0,5,0,8,0,0,0,0,1,1,1,1,72,10,1368,1,-1,3,1,3
2016010023263,1,9,0,9,0,8,0,0,0,0,1,1,1,1,27,6,1229,1,2,5,1,5
2016010023263,2,1,0,18,0,8,0,0,0,0,3,1,6,1,38,7,-1,-1,-1,10,1,10
2016010023268,1,9,0,5,0,8,0,0,0,0,1,1,2,2,19,4,2720,2,7,3,1,3
2016010023268,2,5,0,5,0,8,0,0,0,0,2,1,2,1,32,6,-1,-1,-1,-1,-1,-1
2016010023312,1,9,0,18,0,8,0,0,0,0,1,1,1,1,30,6,1598,2,1,10,1,10
2016010023312,2,9,0,18,0,8,0,0,0,0,3,1,6,2,38,7,1339,1,12,3,1,3
2016010023317,1,1,0,18,0,2,0,0,0,0,1,1,6,1,31,6,-1,-1,-1,4,1,4
2016010023318,1,1,0,18,0,1,0,0,0,0,1,1,2,2,27,6,-1,-1,-1,2,1,2
2016010023318,2,9,0,6,0,1,0,0,0,0,3,-1,6,3,-1,-1,-1,-1,-1,-1,-1,-1
2016010023321,1,9,0,18,0,8,0,7,0,0,1,1,6,1,27,6,1560,2,8,3,1,3
2016010023322,1,9,0,6,0,0,0,0,0,0,2,1,6,2,43,7,1240,1,10,-1,-1,-1
2016010023322,2,5,0,18,0,0,0,0,0,0,1,1,6,1,19,4,-1,-1,-1,1,1,1
2016010023323,1,9,0,5,0,8,0,0,0,0,4,1,6,2,25,5,1968,2,3,1,1,1
2016010023323,2,3,0,18,0,1,0,0,0,0,1,1,6,1,21,5,125,1,4,3,1,3
2016010023324,1,11,0,18,0,1,0,0,0,0,0,1,1,1,46,8,6700,2,4,7,1,7
2016010023326,1,19,0,12,0,0,0,0,0,0,1,1,1,1,33,6,2148,2,9,3,1,3
2016010023326,2,9,0,4,0,0,0,0,0,0,2,1,2,1,37,7,1598,2,-1,2,1,2
2016010023330,1,9,0,5,0,0,0,0,0,0,4,1,6,2,38,7,1968,2,1,3,1,3
2016010023330,2,9,0,18,0,0,0,0,0,0,3,1,6,1,32,6,1600,2,6,4,1,4
2016010023331,1,2,0,18,9,1,0,10,1,0,1,1,6,3,-1,-1,125,1,9,-1,-1,-1
2016010023334,1,9,0,5,0,0,0,0,0,0,1,1,6,1,37,7,-1,-1,-1,1,1,1
2016010023335,1,21,1,18,0,0,3,0,1,7,4,1,1,1,35,6,10677,2,-1,-1,-1,-1
2016010023338,1,9,0,18,0,2,0,0,0,0,0,1,6,3,-1,-1,5998,1,7,-1,-1,-1
2016010023339,1,11,0,5,0,0,0,0,0,0,0,-1,6,3,-1,-1,9360,2,6,-1,-1,-1
2016010023343,1,9,0,3,0,1,0,0,0,0,2,1,6,2,54,8,1461,2,-1,6,1,6
2016010023343,2,9,0,18,0,1,0,0,0,0,1,1,6,2,-1,-1,-1,-1,-1,-1,-1,-1
2016010023344,1,9,0,18,0,8,0,0,0,0,1,1,6,1,77,11,1390,1,11,3,1,3
2016010023345,1,11,0,4,0,0,0,0,0,0,0,1,1,1,33,6,6692,2,3,3,1,3
2016010023346,1,9,0,7,0,5,0,0,0,0,1,1,6,1,20,4,1242,1,4,4,1,4
2016010023346,2,9,0,9,0,6,0,0,0,0,3,1,1,1,36,7,-1,-1,-1,-1,-1,-1
2016010023350,1,19,0,7,0,8,0,0,0,0,4,1,1,1,50,8,1968,2,-1,5,1,5
2016010023350,2,1,0,18,0,8,0,0,0,0,1,1,2,2,25,5,-1,-1,-1,5,1,5
2016010023352,1,9,0,3,0,1,0,0,0,0,3,1,6,1,79,11,2987,2,8,9,1,9
2016010023352,2,1,0,18,0,1,0,0,0,0,1,1,6,2,56,9,-1,-1,-1,8,1,8
2016010023355,1,9,0,18,0,2,0,0,0,0,1,1,6,3,-1,-1,-1,-1,-1,-1,-1,-1
2016010023357,1,9,0,3,0,1,0,0,0,0,2,1,6,2,33,6,1895,1,17,7,1,7
2016010023357,2,9,0,18,0,1,0,0,0,0,1,1,6,1,-1,-1,-1,-1,-1,-1,-1,-1
2016010023358,1,9,0,9,0,5,0,0,0,0,4,1,2,1,24,5,1956,2,1,6,1,6
2016010023358,2,3,0,18,0,1,0,0,0,0,1,1,6,1,-1,-1,125,1,1,4,1,4