Accident_Index,Vehicle_Reference,Vehicle_Type,Towing_and_Articulation,Vehicle_Manoeuvre,Vehicle_Location-Restricted_Lane,Junction_Location,Skidding_and_Overturning,Hit_Object_in_Carriageway,Vehicle_Leaving_Carriageway,Hit_Object_off_Carriageway,1st_Point_of_Impact,Was_Vehicle_Left_Hand_Drive?,Journey_Purpose_of_Driver,Sex_of_Driver,Age_of_Driver,Age_Band_of_Driver,Engine_Capacity_(CC),Propulsion_Code,Age_of_Vehicle,Driver_IMD_Decile,Driver_Home_Area_Type,Vehicle_IMD_Decile
2016010024581,2,19,0,12,0,1,0,0,0,0,3,1,6,3,-1,-1,-1,-1,-1,-1,-1,-1
2016010024583,1,19,0,12,0,2,0,0,0,0,3,1,1,1,45,7,2198,2,-1,4,1,4
2016010024583,2,1,0,18,0,2,0,0,0,0,4,1,2,1,51,8,-1,-1,-1,8,1,8
2016010024584,1,9,0,9,0,6,0,0,0,0,4,1,6,2,22,5,1598,1,6,8,1,8
2016010024584,2,19,0,9,0,6,0,0,1,0,3,1,6,3,-1,-1,-1,-1,-1,-1,-1,-1
2016010024585,1,9,0,16,0,1,0,10,1,10,1,1,6,2,23,5,1390,1,9,7,1,7
2016010024586,1,9,0,9,0,8,0,0,0,0,3,1,1,1,32,6,2143,12,3,1,1,1
2016010024586,2,4,0,13,0,8,0,0,0,0,4,1,1,1,28,6,124,1,12,2,1,2
2016010024587,1,9,0,9,0,2,0,0,0,0,1,1,6,2,40,7,1685,2,-1,3,1,3
2016010024587,2,9,0,2,0,2,0,0,0,0,2,1,6,3,-1,-1,1560,2,5,-1,-1,-1
2016010024588,1,3,0,18,0,8,0,0,0,0,1,1,6,1,32,6,108,1,4,7,1,7
2016010024588,2,9,0,7,0,8,0,0,0,0,3,1,6,1,20,4,1242,1,10,4,1,4
2016010024589,1,4,0,18,0,1,0,0,0,0,4,1,6,1,51,8,1050,1,-1,5,1,5
2016010024591,1,9,0,9,0,5,0,0,0,0,4,1,2,1,28,6,1242,1,8,4,1,4
2016010024591,2,5,0,15,0,1,0,0,0,0,1,1,6,1,26,6,600,1,14,6,1,6
2016010024592,1,9,0,9,0,8,0,0,0,0,1,1,6,2,59,9,1968,2,9,5,1,5
2016010024592,2,5,0,9,0,8,0,0,0,0,3,1,6,1,40,7,992,1,12,3,1,3
2016010024593,1,9,0,18,0,0,0,0,0,0,1,1,6,1,80,11,1999,1,13,2,1,2
2016010024595,1,9,0,18,0,1,0,0,0,0,1,1,6,1,72,10,1794,1,14,8,1,8
2016010024596,1,4,0,18,0,2,0,0,0,0,2,1,6,1,40,7,49,1,9,2,1,2
2016010024596,2,9,0,18,0,2,0,0,0,0,1,1,6,3,-1,-1,-1,-1,-1,-1,-1,-1
2016010024597,1,9,0,9,0,5,0,0,0,0,4,1,1,1,58,9,1798,8,3,5,1,5
2016010024597,2,4,0,15,2,1,0,0,0,0,1,1,2,1,35,6,645,1,10,-1,-1,-1
2016010024597,3,9,0,3,0,1,0,0,0,0,4,1,2,2,32,6,998,1,1,7,1,7
2016010024598,1,19,0,7,0,8,0,0,0,0,1,1,1,1,27,6,1896,2,8,9,1,9
2016010024599,1,3,0,18,0,1,1,0,0,0,1,1,2,1,38,7,782,1,3,6,1,6
2016010024599,2,9,0,9,0,5,0,0,0,0,2,1,6,2,46,8,998,1,5,4,1,4
2016010024601,1,9,0,9,0,8,0,0,0,0,3,1,6,2,41,7,2204,2,6,5,1,5
2016010024601,2,3,0,9,0,8,0,0,0,0,4,1,6,1,17,4,125,1,9,3,1,3
2016010024602,1,1,0,9,0,8,0,0,0,0,1,1,6,2,47,8,-1,-1,-1,10,1,10
2016010024602,2,9,-1,9,0,8,-1,0,0,0,1,-1,6,3,-1,-1,1560,2,12,-1,-1,-1
2016010024603,1,10,0,7,0,5,0,0,0,0,4,1,1,2,52,8,2402,2,9,6,1,6
2016010024603,2,1,0,18,0,1,0,0,0,0,1,1,6,1,33,6,-1,-1,-1,2,1,2
2016010024604,1,1,0,18,0,8,0,0,0,0,1,1,2,1,45,7,-1,-1,-1,4,1,4
2016010024604,2,9,0,7,0,8,0,0,0,0,4,-1,6,1,-1,-1,-1,-1,-1,-1,-1,-1
2016010024605,1,9,0,18,0,2,0,0,0,0,1,1,6,1,30,6,1997,1,-1,8,1,8
2016010024605,2,8,0,4,0,2,0,0,0,0,2,1,1,1,56,9,1797,8,6,3,1,3
2016010024606,1,9,0,9,0,5,0,0,0,0,3,1,6,2,74,10,1390,1,5,-1,-1,-1
2016010024606,2,5,0,13,0,1,0,0,0,0,1,1,6,1,44,7,998,1,12,5,1,5
2016010024608,1,9,0,18,0,8,0,0,7,1,4,1,2,2,29,6,1598,1,8,6,1,6
2016010024608,2,9,0,9,0,5,0,0,0,0,3,1,6,1,28,6,2143,2,-1,10,1,10
2016010024609,1,1,0,18,0,8,0,0,0,0,1,1,2,1,26,6,-1,-1,-1,7,3,7
2016010024609,2,9,0,7,0,8,0,0,0,0,4,-1,6,1,-1,-1,-1,-1,-1,5,1,5
2016010024610,1,1,0,18,4,1,0,0,0,0,3,1,6,1,43,7,-1,-1,-1,7,1,7
2016010024610,2,9,0,9,0,1,0,0,0,0,1,-1,6,1,-1,-1,1985,1,18,6,1,6
2016010024611,1,9,0,9,0,5,0,0,0,0,1,1,6,1,-1,-1,-1,-1,-1,-1,-1,-1
2016010024611,2,1,0,18,0,8,0,0,0,0,2,1,6,1,24,5,-1,-1,-1,4,1,4
2016010024612,1,9,0,7,0,5,0,0,0,0,4,1,6,2,19,4,1198,1,4,4,1,4
2016010024612,2,1,0,18,0,8,0,0,0,0,3,1,6,1,38,7,-1,-1,-1,-1,-1,-1
2016010024613,1,8,0,9,0,5,0,0,0,0,4,1,1,1,28,6,1797,8,7,7,1,7
2016010024613,2,4,0,18,2,1,1,0,0,0,1,1,2,1,46,8,279,1,2,7,1,7
2016010024614,1,19,0,18,0,2,0,0,0,0,3,1,6,1,67,10,-1,-1,-1,6,1,6
2016010024615,1,9,0,18,0,1,0,0,0,0,1,1,6,1,68,10,999,1,1,6,1,6
2016010024615,2,9,0,2,0,1,0,0,0,0,2,1,6,3,-1,-1,1598,1,7,-1,-1,-1
2016010024616,1,1,0,18,0,8,0,0,0,0,1,1,1,2,40,7,-1,-1,-1,9,1,9
2016010024616,2,9,0,9,0,8,0,0,0,0,3,1,6,2,-1,-1,-1,-1,-1,-1,-1,-1
2016010024617,1,9,0,18,0,1,0,0,1,2,1,1,6,1,22,5,-1,-1,-1,-1,-1,-1
2016010024618,1,1,0,18,0,8,0,0,0,0,1,1,2,1,55,8,-1,-1,-1,7,1,7
2016010024618,2,9,0,7,0,5,0,0,0,0,4,-1,6,1,-1,-1,1598,1,2,9,1,9
2016010024619,1,11,0,5,0,1,0,0,0,0,3,1,6,3,-1,-1,-1,-1,-1,-1,-1,-1
2016010024619,2,1,0,3,0,1,0,0,0,0,4,1,6,1,29,6,-1,-1,-1,2,1,2
2016010024620,1,8,0,5,0,8,0,0,0,0,4,1,1,1,57,9,2499,2,6,7,1,7
2016010024620,2,1,0,15,0,1,0,0,0,0,1,1,6,1,-1,-1,-1,-1,-1,3,1,3
2016010024621,1,9,0,9,0,8,0,0,0,0,1,1,6,2,39,7,1798,8,4,5,1,5
2016010024621,2,3,0,18,0,8,0,0,0,0,1,1,1,1,29,6,124,1,4,2,1,2
2016010024623,1,9,0,1,0,0,0,5,0,0,2,1,1,1,46,8,-1,-1,-1,4,1,4
2016010024624,1,9,0,18,0,1,0,0,0,0,1,1,2,2,34,6,-1,-1,-1,7,1,7
2016010024624,2,9,0,9,0,8,0,0,0,0,1,1,2,1,64,9,1998,8,1,7,1,7
2016010024625,1,3,0,18,0,8,0,0,0,0,1,1,1,1,25,5,49,1,6,4,1,4
2016010024625,2,9,0,9,0,8,0,0,0,0,1,-1,6,2,-1,-1,1598,1,3,5,1,5
2016010024626,1,9,0,7,0,1,1,4,0,0,1,1,6,1,75,10,3993,1,-1,10,1,10
2016010024626,2,9,0,2,0,1,0,0,0,0,1,1,6,3,-1,-1,-1,-1,-1,-1,-1,-1
2016010024627,1,9,0,18,0,1,0,0,0,0,1,1,6,2,63,9,1329,1,7,-1,-1,-1
2016010024628,1,9,0,9,0,1,0,0,0,0,4,1,6,2,44,7,1596,1,2,10,1,10
2016010024628,2,1,0,18,0,1,0,0,0,0,1,1,6,2,46,8,-1,-1,-1,9,1,9
2016010024630,1,9,0,18,0,1,0,0,0,0,1,1,1,1,84,11,-1,-1,-1,7,3,7
2016010024631,1,9,0,9,0,8,0,0,0,0,3,1,1,1,48,8,-1,-1,-1,7,1,7
2016010024631,2,3,0,13,0,8,0,0,0,0,1,1,6,1,27,6,108,1,-1,3,1,3
2016010024632,1,9,0,-1,0,-1,0,-1,-1,-1,-1,-1,6,3,-1,-1,-1,-1,-1,-1,-1,-1
2016010024633,1,9,0,9,0,5,0,0,0,0,3,1,6,1,26,6,1422,2,12,8,1,8
2016010024633,2,3,0,18,0,1,0,0,0,0,1,1,6,1,36,7,124,1,9,7,1,7
2016010024637,1,9,0,9,0,8,0,0,0,0,1,1,6,1,27,6,1973,1,17,3,1,3
2016010024638,1,4,0,13,0,1,0,0,0,0,4,1,6,1,36,7,124,1,1,8,1,8
2016010024638,2,9,0,9,0,1,0,0,0,0,3,1,6,1,50,8,1991,1,2,-1,-1,-1
2016010024639,1,5,0,18,0,0,0,0,0,0,4,1,6,1,47,8,1450,1,15,3,1,3
2016010024639,2,9,0,12,0,0,0,0,0,0,3,1,6,3,-1,-1,-1,-1,-1,-1,-1,-1
2016010024690,1,9,0,1,0,8,0,0,0,0,2,1,6,3,-1,-1,-1,-1,-1,-1,-1,-1
2016010024692,1,1,0,15,0,1,0,0,0,0,1,1,6,1,45,7,-1,-1,-1,6,1,6
2016010024692,2,19,0,7,0,5,0,0,0,0,4,1,2,1,42,7,2402,2,9,1,1,1
2016010024697,1,9,0,18,0,1,0,0,0,0,1,1,1,1,52,8,-1,-1,-1,5,1,5
2016010024697,2,10,0,10,0,1,0,0,0,0,2,1,6,1,45,7,-1,-1,-1,4,1,4
2016010024699,1,9,0,18,0,8,0,0,0,0,1,1,1,1,44,7,1797,8,3,5,1,5
2016010024699,2,1,0,18,0,8,0,0,0,0,4,1,6,1,39,7,-1,-1,-1,2,1,2
2016010024703,1,3,0,18,0,1,0,0,0,0,1,1,1,1,39,7,125,1,5,7,1,7
2016010024705,1,2,0,18,0,8,0,0,0,0,4,1,6,1,16,4,49,1,14,2,1,2
2016010024708,1,9,0,5,0,0,0,0,0,0,3,1,6,1,28,6,1796,1,9,-1,-1,-1
2016010024708,2,4,0,14,0,0,0,0,0,0,4,1,6,1,17,4,-1,-1,-1,5,1,5
2016010024712,1,9,0,9,0,8,0,0,0,0,3,1,6,1,43,7,-1,-1,-1,2,1,2
2016010024712,2,9,0,18,0,8,0,0,0,0,4,1,6,1,17,4,1229,1,-1,8,1,8
2016010024713,1,9,0,3,0,1,0,0,0,0,2,1,6,3,-1,-1,-1,-1,-1,-1,-1,-1
2016010024713,2,1,0,18,0,1,0,0,0,0,0,1,6,1,34,6,-1,-1,-1,4,1,4
2016010024714,1,8,0,12,0,8,1,0,0,0,1,1,1,1,65,9,2664,2,15,8,1,8
2016010024714,2,1,0,9,0,6,0,0,0,0,2,1,6,1,12,3,-1,-1,-1,4,1,4
2016010024716,1,9,0,18,0,0,0,0,0,0,4,1,6,1,72,10,1248,1,6,9,1,9
2016010024718,1,1,0,5,0,8,0,0,0,0,3,1,1,1,40,7,-1,-1,-1,5,1,5
2016010024718,2,9,0,2,0,8,0,0,0,0,3,1,6,3,-1,-1,-1,-1,-1,-1,-1,-1
2016010024718,3,9,0,14,0,8,0,0,0,0,4,1,6,1,-1,-1,-1,-1,-1,-1,-1,-1
2016010024720,1,9,0,9,0,8,0,0,0,0,3,1,6,1,61,9,1798,8,3,6,1,6
2016010024720,2,9,0,18,0,8,0,0,0,0,1,1,6,1,19,4,1590,1,12,7,3,7
2016010024721,1,3,0,13,0,8,0,0,0,0,1,1,6,1,21,5,125,1,1,8,1,8
2016010024721,2,9,0,9,0,5,0,0,0,0,3,1,6,2,52,8,1586,1,5,9,1,9
2016010024724,1,9,0,3,0,2,0,0,0,0,2,1,1,1,-1,-1,-1,-1,-1,-1,-1,-1
2016010024724,2,9,0,18,0,2,0,0,0,0,1,1,6,1,35,6,1390,2,12,3,1,3
2016010024724,3,9,0,18,0,2,0,0,0,0,1,1,6,1,23,5,1995,2,11,3,1,3
2016010024728,1,8,0,18,0,8,0,0,0,0,1,1,1,1,45,7,-1,-1,-1,-1,-1,-1
2016010024728,2,1,0,18,0,8,0,0,0,0,4,1,6,1,19,4,-1,-1,-1,2,1,2
2016010024731,1,9,0,18,0,8,0,0,0,0,1,1,6,2,30,6,1229,1,7,2,1,2
2016010024731,2,9,0,2,0,8,0,0,0,0,3,1,6,3,-1,-1,2143,2,5,-1,-1,-1
2016010024738,1,9,0,18,0,8,0,0,0,0,3,-1,6,1,32,6,1339,8,10,5,1,5
2016010024738,2,9,-1,9,0,8,0,0,0,0,1,-1,6,3,-1,-1,1796,1,8,-1,-1,-1
2016010024739,1,9,0,18,0,0,0,0,0,0,1,1,1,1,51,8,1997,2,4,1,1,1
2016010024739,2,9,0,4,0,0,0,0,0,0,2,1,6,1,29,6,1390,1,15,5,1,5
2016010024743,1,9,-1,18,0,8,0,-1,0,0,4,-1,6,1,21,5,1598,2,-1,2,1,2
2016010024743,2,9,-1,-1,0,8,-1,0,0,0,1,-1,6,2,25,5,1198,1,4,4,1,4
2016010024745,1,9,0,9,0,8,0,0,0,0,1,1,1,1,19,4,998,1,-1,8,1,8
2016010024745,2,1,0,17,0,8,0,0,0,0,1,1,6,1,25,5,-1,-1,-1,9,1,9
2016010024752,1,9,0,18,0,8,0,0,0,0,2,1,6,2,28,6,1997,2,14,4,1,4
2016010024752,2,9,0,18,0,8,0,0,0,0,1,1,6,2,30,6,1598,1,4,1,1,1
2016010024755,1,9,0,18,0,8,0,0,0,0,1,1,2,1,29,6,1956,2,3,5,1,5
2016010024756,1,21,1,5,0,0,0,0,0,0,1,2,1,1,50,8,-1,-1,-1,-1,-1,-1
2016010024762,1,9,0,7,0,1,0,0,1,0,4,1,6,3,-1,-1,1598,1,13,-1,-1,-1
2016010024767,1,9,0,4,0,0,1,0,0,0,1,1,6,2,35,6,1461,2,1,7,1,7
2016010024767,2,1,0,18,0,0,0,0,0,0,1,1,6,1,46,8,-1,-1,-1,6,1,6
2016010024768,1,9,0,6,0,8,0,0,0,0,0,1,6,1,30,6,1796,1,4,4,1,4
2016010024768,2,5,0,18,0,8,0,4,0,0,1,1,6,1,38,7,645,1,13,8,1,8
2016010024768,3,9,0,2,0,2,0,0,0,0,1,1,6,3,-1,-1,1299,1,13,-1,-1,-1
2016010024769,1,9,0,16,0,2,0,0,0,0,1,1,1,1,31,6,1995,2,4,4,1,4
2016010024769,2,9,0,3,0,2,0,0,0,0,2,1,6,2,52,8,1461,2,3,3,1,3
2016010024771,1,11,0,18,0,0,0,0,0,0,1,1,6,1,24,5,7300,2,11,2,1,2
2016010024771,2,11,0,3,0,0,0,0,0,0,2,1,1,1,45,7,6700,2,7,5,1,5
2016010024773,1,3,0,4,0,8,0,0,0,0,2,1,6,1,23,5,125,1,-1,5,1,5
2016010024773,2,9,0,18,0,8,0,0,0,0,1,1,6,1,55,8,-1,-1,-1,2,1,2
2016010024777,1,1,0,18,4,8,0,0,0,0,4,1,2,2,24,5,-1,-1,-1,3,1,3
2016010024779,1,8,0,18,0,0,0,0,0,0,1,1,6,1,63,9,-1,-1,-1,-1,-1,-1
2016010024779,2,19,0,5,0,0,0,0,0,0,3,1,6,1,54,8,2198,2,1,9,1,9
2016010024781,1,9,0,9,0,6,0,0,0,0,1,1,2,2,-1,-1,1229,1,4,-1,-1,-1
2016010024787,1,9,-1,18,0,0,-1,0,0,0,1,-1,6,3,-1,-1,-1,-1,-1,-1,-1,-1
2016010024794,1,9,0,18,0,8,0,0,0,0,4,1,6,1,49,8,1794,1,13,3,1,3
2016010024794,2,9,0,9,0,8,0,0,0,0,1,-1,6,1,-1,-1,-1,-1,-1,2,1,2
2016010024797,1,19,-1,9,0,8,0,0,0,0,1,-1,6,1,-1,-1,1753,2,10,3,1,3
2016010024800,1,11,0,4,0,2,0,0,0,0,1,1,1,1,61,9,-1,-1,-1,5,1,5
2016010024802,1,9,0,6,0,0,0,0,0,0,2,1,6,3,-1,-1,-1,-1,-1,-1,-1,-1
2016010024802,2,1,0,18,0,0,0,0,0,0,1,1,6,1,14,3,-1,-1,-1,5,1,5
2016010024805,1,9,0,18,0,0,0,11,0,0,1,1,6,1,20,4,-1,-1,-1,3,1,3
2016010024807,1,9,0,18,0,8,0,0,0,0,3,1,2,1,36,7,998,1,3,5,1,5
2016010024807,2,1,0,18,0,8,0,0,0,0,1,1,6,1,53,8,-1,-1,-1,5,1,5
2016010024808,1,3,0,18,0,8,0,0,0,0,4,1,6,1,45,7,125,1,9,2,1,2
2016010024813,1,9,0,4,0,8,0,0,0,0,2,1,6,2,35,6,1586,1,1,2,1,2
2016010024813,2,9,0,18,0,8,0,0,0,0,1,1,6,3,-1,-1,-1,-1,-1,-1,-1,-1
2016010024816,1,9,-1,-1,0,-1,-1,-1,-1,0,2,1,6,2,57,9,1598,1,11,3,1,3
2016010024818,1,9,0,16,0,8,0,0,0,0,4,1,6,1,-1,-1,-1,-1,-1,-1,-1,-1
2016010024818,2,1,0,15,0,8,0,0,0,0,1,1,6,1,52,8,-1,-1,-1,6,1,6
2016010024819,1,8,0,18,0,0,0,0,0,0,4,1,1,1,42,7,1797,8,5,1,1,1
2016010024822,1,9,0,18,0,2,0,0,0,0,1,1,6,1,-1,-1,-1,-1,-1,-1,-1,-1
2016010024826,1,9,0,18,0,8,0,0,0,0,1,1,6,1,34,6,-1,-1,-1,3,1,3
2016010024826,2,9,0,9,0,8,0,0,0,0,3,1,6,1,35,6,1995,2,5,3,1,3
2016010024832,1,21,0,6,0,1,0,10,1,5,2,1,1,1,29,6,12777,2,3,4,1,4
2016010024833,1,9,0,9,0,5,0,0,0,0,3,1,1,1,49,8,2995,1,10,3,1,3
2016010024833,2,5,0,13,0,8,0,0,0,0,1,1,1,1,50,8,660,1,8,4,1,4
2016010024836,1,9,0,3,0,8,0,0,0,0,2,1,6,2,36,7,1590,1,14,2,1,2
2016010024836,2,9,0,18,0,8,0,0,0,0,1,1,6,1,53,8,2148,2,14,2,1,2
2016010024838,1,9,0,18,0,0,0,4,7,7,4,1,6,3,-1,-1,1598,1,13,-1,-1,-1
2016010024838,2,9,0,3,0,0,0,0,0,0,4,1,6,2,26,6,1995,2,10,8,1,8
2016010024838,3,9,0,18,0,0,0,0,0,0,4,1,2,2,49,8,1984,1,11,4,1,4
2016010024845,1,11,0,18,0,2,0,0,0,0,0,1,6,3,-1,-1,9000,2,7,-1,-1,-1
2016010024852,1,9,0,4,0,1,0,0,0,0,4,1,6,2,28,6,1461,2,9,6,1,6
2016010024854,1,9,0,18,0,1,0,0,0,0,1,1,6,1,53,8,2148,2,11,4,1,4
2016010024915,1,9,0,18,0,1,0,0,0,0,1,1,6,2,60,9,-1,-1,-1,4,1,4
2016010024922,1,21,0,11,0,1,0,0,0,0,4,1,1,1,25,5,6692,2,4,5,1,5
2016010024922,2,3,0,15,0,1,0,0,0,0,3,1,6,1,30,6,124,1,5,5,1,5
2016010024924,1,9,0,18,0,1,0,4,1,4,0,1,6,1,31,6,1988,1,13,3,1,3
2016010024924,2,9,0,2,0,1,0,0,0,0,2,1,6,3,-1,-1,1997,2,8,-1,-1,-1
2016010024929,1,9,0,16,0,4,1,0,0,0,1,1,1,1,42,7,998,1,13,3,1,3
2016010024929,2,19,0,18,0,8,0,0,0,0,4,1,1,1,44,7,2198,2,4,9,3,9
2016010024929,3,9,0,18,0,1,0,0,0,0,1,1,2,1,45,7,1242,1,12,9,1,9
2016010024931,1,11,0,4,0,8,0,0,0,0,0,1,1,1,55,8,4500,2,5,6,1,6
2016010024935,1,9,0,17,0,8,0,0,0,0,4,1,1,2,51,8,1198,1,12,4,1,4
2016010024935,2,9,0,17,0,8,0,0,0,0,3,1,1,1,40,7,2494,2,5,3,1,3
2016010024939,1,19,0,7,0,8,0,0,0,0,1,1,1,1,50,8,1995,2,2,3,1,3
2016010024939,2,9,0,18,0,8,0,0,0,0,3,1,6,1,34,6,-1,-1,-1,5,1,5
2016010024947,1,9,0,9,0,1,0,0,0,0,1,1,6,1,36,7,1461,2,5,4,1,4
2016010024947,2,3,0,17,0,1,0,0,0,0,4,1,6,1,35,6,125,1,6,4,1,4
2016010024951,1,9,0,7,0,8,0,0,0,0,1,1,6,1,37,7,3222,2,12,3,1,3
2016010024956,1,19,0,7,0,8,0,0,0,0,1,1,1,1,33,6,2198,2,5,2,1,2
2016010024956,2,1,0,18,0,1,0,0,0,0,2,1,6,2,25,5,-1,-1,-1,5,1,5
2016010024957,1,9,0,18,0,8,0,0,0,0,1,1,2,2,36,7,999,1,-1,4,1,4
2016010024957,2,9,0,9,0,8,0,0,0,0,4,1,2,2,28,6,1796,1,12,6,1,6
2016010024963,1,9,0,4,0,0,0,0,0,0,2,1,2,2,47,8,1197,1,-1,9,1,9
2016010024963,2,9,0,18,0,0,0,0,0,0,2,1,2,1,37,7,2143,2,1,6,2,6
2016010024963,3,8,0,4,0,0,0,0,0,0,2,1,2,1,42,7,-1,-1,-1,8,1,8
2016010024963,4,9,0,4,0,0,0,0,0,0,1,1,6,1,31,6,-1,-1,-1,7,1,7
2016010024965,1,9,0,18,0,1,0,0,0,0,1,1,6,1,27,6,1598,1,7,6,1,6
2016010024967,1,9,0,4,0,1,0,0,0,0,2,1,1,1,41,7,-1,-1,-1,5,1,5
2016010024967,2,19,0,18,0,1,0,0,0,0,1,1,1,1,39,7,4462,2,3,2,1,2
2016010024973,1,9,0,18,0,8,0,0,0,0,0,1,6,2,45,7,-1,-1,-1,2,1,2
2016010024975,1,9,0,2,0,0,0,0,0,0,3,1,6,3,-1,-1,2401,2,12,-1,-1,-1
2016010024975,2,1,0,18,0,0,0,8,0,0,1,1,6,1,75,10,-1,-1,-1,6,1,6
2016010024977,1,9,0,18,0,0,0,10,1,2,4,1,6,2,26,6,973,1,13,2,1,2
2016010024986,1,8,0,3,0,1,0,0,0,0,2,1,1,1,28,6,1596,1,5,2,1,2
2016010024986,2,9,0,18,0,1,0,0,0,0,1,1,6,1,-1,-1,-1,-1,-1,-1,-1,-1
2016010024986,3,9,0,3,0,1,0,0,0,0,2,1,6,1,-1,-1,1399,2,5,-1,-1,-1
2016010024989,1,9,0,7,0,2,0,4,0,0,1,1,6,2,24,5,1242,1,11,4,1,4
2016010024990,1,19,0,16,0,0,0,0,0,0,2,1,1,1,39,7,2400,2,12,4,1,4
2016010024990,2,3,0,16,0,0,0,0,0,0,1,1,6,1,35,6,125,1,4,4,1,4
2016010025001,1,9,0,5,0,0,0,0,0,0,1,1,6,1,20,4,1229,1,10,8,1,8
2016010025001,2,8,0,5,0,0,0,0,0,0,2,1,1,1,42,7,1997,2,1,5,1,5
2016010025002,1,9,0,18,0,0,0,0,0,0,2,1,6,2,26,6,1390,1,7,2,1,2
2016010025002,2,9,0,3,0,0,0,0,0,0,1,1,6,1,-1,-1,-1,-1,-1,-1,-1,-1
2016010025003,1,11,0,5,0,0,0,0,0,0,0,1,1,1,38,7,9360,2,6,4,1,4
2016010025004,1,8,0,18,0,0,0,0,0,0,1,1,1,1,-1,-1,1798,8,1,2,1,2
2016010025004,2,9,0,9,0,0,1,10,7,10,4,1,1,1,48,8,1299,1,13,3,1,3
2016010025009,1,1,0,14,0,0,0,0,0,0,1,1,6,1,46,8,-1,-1,-1,7,1,7
2016010025009,2,9,0,6,0,0,0,0,0,0,3,1,6,1,-1,-1,999,1,2,-1,-1,-1
2016010025013,1,9,0,18,0,1,0,0,0,0,4,1,6,1,55,8,1796,1,12,9,1,9
2016010025013,2,9,0,7,0,6,0,0,0,0,3,1,6,1,-1,-1,1229,1,11,2,1,2
2016010025016,1,9,-1,18,-1,-1,-1,-1,-1,-1,-1,-1,6,3,-1,-1,-1,-1,-1,-1,-1,-1
2016010025017,1,5,0,9,0,5,0,0,0,0,4,1,6,1,22,5,806,1,2,5,1,5
2016010025017,2,1,0,4,0,8,0,0,0,0,1,1,6,1,33,6,-1,-1,-1,3,1,3
2016010025023,1,9,0,10,0,8,0,0,0,0,2,1,6,1,57,9,1560,2,4,-1,-1,-1
2016010025023,2,9,0,18,0,8,0,0,0,0,2,1,6,3,-1,-1,-1,-1,-1,-1,-1,-1
2016010025024,1,9,0,5,0,1,0,0,0,0,1,1,6,2,41,7,1398,1,-1,6,1,6
2016010025029,1,4,0,18,0,1,0,0,0,0,1,1,1,1,45,7,125,1,5,9,1,9
2016010025033,1,9,0,5,0,8,0,0,0,0,2,1,6,1,41,7,2495,2,16,7,1,7
2016010025033,2,9,0,18,0,8,0,0,0,0,1,1,6,1,35,6,-1,-1,-1,8,1,8
2016010025034,1,9,0,7,0,2,0,0,0,0,4,1,6,1,42,7,4367,2,-1,9,1,9
2016010025036,1,9,0,3,0,4,0,0,0,0,3,1,2,2,50,8,1598,1,16,2,1,2
2016010025036,2,9,0,16,0,3,0,0,0,0,3,1,6,1,58,9,1240,1,11,8,1,8
2016010025041,1,5,0,5,0,4,0,0,0,0,3,1,6,1,33,6,279,1,-1,4,1,4
2016010025041,2,19,0,5,0,4,0,0,0,0,4,1,6,3,-1,-1,-1,-1,-1,-1,-1,-1
2016010025042,1,9,0,9,0,8,0,0,0,0,1,1,6,1,41,7,1896,2,12,3,1,3
2016010025042,2,19,0,18,0,8,0,0,0,0,4,1,6,1,49,8,2198,2,4,2,1,2
2016010025045,1,9,0,18,0,6,0,0,0,0,4,1,2,1,54,8,1896,2,15,7,1,7
2016010025045,2,4,0,18,0,8,0,0,0,0,1,1,2,1,23,5,296,1,1,-1,-1,-1
2016010025046,1,19,0,3,0,1,0,0,0,0,2,1,1,1,54,8,2198,2,-1,7,3,7
2016010025046,2,19,0,18,0,1,0,0,0,0,1,1,6,1,-1,-1,1560,2,5,2,1,2
2016010025047,1,19,0,18,0,1,0,0,0,0,1,1,1,1,-1,-1,-1,-1,-1,8,1,8
2016010025047,2,8,0,3,0,1,0,0,0,0,2,1,6,2,-1,-1,2499,2,3,-1,-1,-1
2016010025047,3,9,0,3,0,8,0,0,0,0,2,1,6,2,35,6,2497,2,9,10,1,10
2016010025048,1,9,0,3,0,8,0,0,0,0,2,1,6,2,59,9,-1,-1,-1,6,1,6
2016010025048,2,9,0,18,0,8,0,0,0,0,1,1,6,2,43,7,1598,1,12,8,1,8
2016010025050,1,1,0,18,9,8,0,0,0,0,3,1,6,1,38,7,-1,-1,-1,4,1,4
2016010025050,2,3,0,18,0,6,0,0,0,0,1,1,6,3,-1,-1,-1,-1,-1,-1,-1,-1
2016010025052,1,5,5,18,0,8,0,0,0,0,1,1,6,1,38,7,996,1,12,6,1,6
2016010025052,2,9,0,18,0,8,0,0,0,0,1,1,6,1,74,10,1229,1,6,-1,-1,-1
2016010025062,1,3,0,9,0,8,0,0,0,0,3,1,1,1,38,7,125,1,4,-1,-1,-1
2016010025062,2,3,0,18,0,8,0,0,0,0,1,1,6,1,19,4,108,1,1,3,1,3
2016010025063,1,9,0,11,0,8,0,10,1,10,1,1,6,1,31,6,1910,2,9,2,1,2
2016010025067,1,3,0,18,0,8,0,0,0,0,1,1,6,1,20,4,124,1,7,1,1,1
2016010025067,2,9,0,9,0,8,0,0,0,0,1,1,6,1,34,6,2499,1,10,5,1,5
2016010025076,1,9,0,18,0,8,5,0,0,0,4,1,6,1,18,4,1390,1,10,10,1,10
2016010025076,2,9,0,18,0,8,0,0,0,0,0,1,1,1,-1,-1,-1,-1,-1,-1,-1,-1