Accident_Index,Vehicle_Reference,Vehicle_Type,Towing_and_Articulation,Vehicle_Manoeuvre,Vehicle_Location-Restricted_Lane,Junction_Location,Skidding_and_Overturning,Hit_Object_in_Carriageway,Vehicle_Leaving_Carriageway,Hit_Object_off_Carriageway,1st_Point_of_Impact,Was_Vehicle_Left_Hand_Drive?,Journey_Purpose_of_Driver,Sex_of_Driver,Age_of_Driver,Age_Band_of_Driver,Engine_Capacity_(CC),Propulsion_Code,Age_of_Vehicle,Driver_IMD_Decile,Driver_Home_Area_Type,Vehicle_IMD_Decile
2016010025081,1,3,0,18,0,1,0,0,0,0,4,1,1,1,20,4,125,1,4,3,1,3
2016010025087,1,9,0,9,0,2,0,0,0,0,1,1,6,2,40,7,1388,1,5,6,1,6
2016010025087,2,1,0,18,0,8,0,0,0,0,1,1,6,2,24,5,-1,-1,-1,4,1,4
2016010025088,1,9,0,14,0,0,0,0,0,0,0,1,6,3,-1,-1,-1,-1,-1,-1,-1,-1
2016010025089,1,19,0,5,9,1,0,0,0,0,3,1,1,1,60,9,2148,2,9,5,1,5
2016010025100,1,9,0,3,0,0,0,0,0,0,2,1,6,1,-1,-1,1799,1,9,5,1,5
2016010025100,2,9,0,18,0,0,0,0,0,0,1,1,6,2,25,5,1229,1,11,5,1,5
2016010025102,1,9,0,18,0,8,0,0,0,0,1,1,6,2,48,8,998,1,2,9,1,9
2016010025108,1,9,0,9,0,0,0,0,0,0,1,1,6,1,34,6,1984,1,6,8,1,8
2016010025108,2,2,0,18,0,0,1,0,0,0,1,1,6,1,20,4,49,1,1,6,1,6
2016010025111,1,4,0,4,0,2,0,0,0,0,1,1,6,1,22,5,321,1,-1,2,1,2
2016010025117,1,9,0,6,0,8,0,0,0,0,1,1,2,1,-1,-1,1699,1,9,10,1,10
2016010025117,2,2,0,13,0,8,0,0,0,0,1,1,2,1,41,7,125,1,2,9,1,9
2016010025123,1,1,0,18,0,8,0,0,0,0,1,1,6,1,46,8,-1,-1,-1,4,1,4
2016010025123,2,9,0,9,0,8,0,0,0,0,1,1,1,1,-1,-1,1582,2,3,-1,-1,-1
2016010025125,1,11,0,18,0,8,0,0,0,0,4,1,1,1,-1,-1,-1,-1,-1,-1,-1,-1
2016010025126,1,1,0,18,0,6,0,0,0,0,1,1,6,1,61,9,-1,-1,-1,8,1,8
2016010025126,2,3,0,13,0,8,0,0,0,0,4,1,6,1,21,5,124,1,11,2,1,2
2016010025129,1,9,0,9,0,8,0,0,0,0,3,1,6,1,45,7,1598,1,-1,4,1,4
2016010025129,2,1,0,13,0,8,0,0,0,0,1,1,6,1,39,7,-1,-1,-1,3,1,3
2016010025134,1,9,0,4,0,0,0,0,0,0,2,1,6,1,30,6,1798,1,8,4,1,4
2016010025134,2,9,0,18,0,0,0,0,0,0,1,1,6,2,57,9,1986,2,11,7,1,7
2016010025139,1,8,0,18,0,2,0,0,0,0,1,1,1,1,52,8,1560,2,5,3,1,3
2016010025141,1,9,0,3,0,8,0,0,0,0,2,1,6,1,-1,-1,1998,1,16,3,1,3
2016010025141,2,19,0,5,0,8,0,0,0,0,1,1,6,3,-1,-1,-1,-1,-1,-1,-1,-1
2016010025147,1,9,0,18,0,8,0,0,0,0,4,1,6,1,38,7,-1,-1,-1,2,1,2
2016010025149,1,9,0,9,0,5,0,0,0,0,4,1,2,1,83,11,1797,8,6,-1,-1,-1
2016010025149,2,1,0,18,0,8,0,0,0,0,1,1,2,1,21,5,-1,-1,-1,4,1,4
2016010025152,1,9,0,18,0,0,0,4,0,0,4,1,6,1,34,6,1496,2,-1,9,1,9
2016010025152,2,9,0,2,0,0,0,0,0,0,2,1,6,3,-1,-1,-1,-1,-1,-1,-1,-1
2016010025152,3,9,0,2,0,0,0,0,0,0,3,1,6,3,-1,-1,-1,-1,-1,-1,-1,-1
2016010025159,1,9,0,7,0,8,0,0,0,0,1,1,2,1,53,8,1998,1,12,9,1,9
2016010025159,2,1,0,18,0,8,0,0,0,0,1,1,2,2,41,7,-1,-1,-1,10,1,10
2016010025221,1,3,0,13,0,1,0,0,0,0,4,1,6,1,24,5,109,1,3,1,1,1
2016010025221,2,9,0,9,0,5,0,0,0,0,3,1,6,3,-1,-1,4196,1,9,-1,-1,-1
2016010025225,1,9,0,18,0,0,0,0,0,0,1,1,6,1,45,7,1998,1,11,8,1,8
2016010025227,1,19,0,9,0,6,0,0,0,0,3,1,1,1,56,9,2198,2,4,3,1,3
2016010025228,1,9,0,9,0,8,0,0,0,0,4,1,6,1,59,9,1998,1,15,6,1,6
2016010025228,2,4,0,18,0,8,0,0,0,0,1,1,6,1,29,6,125,1,-1,7,1,7
2016010025230,1,9,0,3,0,1,0,0,0,0,2,1,6,1,29,6,998,1,12,6,1,6
2016010025230,2,9,0,18,0,1,0,0,0,0,1,1,6,3,-1,-1,-1,-1,-1,-1,-1,-1
2016010025233,1,4,0,18,0,1,0,0,0,0,1,1,6,1,22,5,125,1,5,5,1,5
2016010025233,2,9,0,7,0,5,0,0,0,0,1,1,6,1,-1,-1,1339,1,5,3,1,3
2016010025236,1,9,0,18,0,8,0,0,0,0,1,-1,6,1,-1,-1,-1,-1,-1,-1,-1,-1
2016010025237,1,11,0,5,0,0,0,0,0,0,4,1,1,1,26,6,-1,-1,-1,6,1,6
2016010025245,1,9,0,9,0,8,0,0,0,0,1,1,6,1,43,7,1197,1,1,7,1,7
2016010025245,2,9,0,18,0,8,0,0,0,0,1,1,6,2,63,9,1600,1,16,5,1,5
2016010025248,1,9,0,3,0,1,0,0,0,0,1,1,6,2,30,6,1198,1,5,1,1,1
2016010025248,2,19,0,1,0,1,0,0,0,0,2,1,6,3,-1,-1,2143,2,5,-1,-1,-1
2016010025251,1,1,0,18,0,0,0,0,0,0,3,1,6,1,27,6,-1,-1,-1,3,1,3
2016010025251,2,9,0,5,0,0,0,0,0,0,1,-1,6,1,-1,-1,-1,-1,-1,-1,-1,-1
2016010025255,1,9,0,18,0,8,0,0,0,0,3,1,6,2,23,5,1596,1,8,3,1,3
2016010025255,2,9,0,18,0,8,2,10,3,0,1,1,6,2,57,9,2179,2,9,6,1,6
2016010025257,1,9,0,3,0,1,0,0,0,0,2,1,6,1,37,7,-1,-1,-1,5,1,5
2016010025257,2,9,0,5,0,1,0,0,0,0,1,1,6,1,45,7,2401,2,12,5,1,5
2016010025259,1,9,0,3,0,8,0,0,0,0,2,1,6,2,63,9,1242,1,1,7,1,7
2016010025259,2,9,0,18,0,8,0,0,0,0,1,1,6,2,29,6,2179,2,5,3,1,3
2016010025263,1,9,0,18,0,1,0,0,0,0,3,1,3,1,34,6,1497,8,-1,6,1,6
2016010025263,2,9,0,16,0,2,0,0,0,0,1,1,6,2,33,6,1596,1,11,8,1,8
2016010025267,1,1,0,14,0,8,0,0,0,0,4,1,6,1,16,4,-1,-1,-1,-1,-1,-1
2016010025267,2,9,0,9,0,8,0,0,0,0,3,1,6,1,51,8,1796,1,16,7,1,7
2016010025270,1,9,0,17,0,2,0,0,0,0,1,1,1,1,47,8,-1,-1,-1,1,1,1
2016010025270,2,1,0,18,0,2,0,0,0,0,2,1,6,1,18,4,-1,-1,-1,2,1,2
2016010025277,1,9,0,3,0,8,0,0,0,0,2,1,6,1,30,6,1797,8,7,2,1,2
2016010025277,2,9,0,18,0,8,0,0,0,0,1,1,1,2,57,9,1686,2,3,3,1,3
2016010025277,3,9,0,18,0,8,0,0,0,0,4,1,6,1,-1,-1,1560,2,2,-1,-1,-1
2016010025291,1,9,0,18,0,8,0,0,0,0,1,1,1,2,25,5,1986,2,9,2,1,2
2016010025291,2,9,0,9,0,8,0,0,0,0,1,2,1,2,61,9,1598,1,3,2,1,2
2016010025292,1,9,0,18,0,2,0,0,0,0,1,1,6,1,38,7,1797,8,6,4,1,4
2016010025292,2,1,0,18,0,6,0,0,0,0,4,1,6,1,16,4,-1,-1,-1,8,1,8
2016010025297,1,9,0,9,0,8,0,0,0,0,3,1,6,1,46,8,1995,2,4,6,3,6
2016010025297,2,9,0,9,0,8,0,0,0,0,4,1,6,2,43,7,1299,1,14,4,1,4
2016010025300,1,4,0,4,0,1,0,0,0,0,2,1,1,1,23,5,125,1,-1,2,1,2
2016010025310,1,9,0,18,0,0,0,0,0,0,1,1,1,2,30,6,2148,2,7,5,1,5
2016010025318,1,1,0,15,0,1,0,0,0,0,3,1,1,2,-1,-1,-1,-1,-1,3,1,3
2016010025318,2,9,0,18,0,1,0,0,0,0,4,1,6,2,39,7,1299,1,15,3,1,3
2016010025321,1,9,0,18,0,8,0,4,0,0,1,1,6,1,24,5,1796,1,14,-1,-1,-1
2016010025321,2,9,0,18,0,8,0,0,0,0,0,1,6,1,26,6,-1,-1,-1,-1,-1,-1
2016010025326,1,3,0,18,0,2,0,0,0,0,1,1,6,1,21,5,124,1,12,4,1,4
2016010025326,2,1,0,18,0,2,0,0,0,0,1,1,6,1,37,7,-1,-1,-1,5,1,5
2016010025327,1,8,0,6,0,1,0,0,0,0,3,1,1,1,50,8,2499,2,1,2,1,2
2016010025327,2,3,0,18,0,2,0,0,0,0,3,1,6,1,49,8,125,1,3,2,1,2
2016010025328,1,9,0,18,0,8,0,0,0,0,1,1,6,1,54,8,1598,1,18,5,1,5
2016010025328,2,9,0,9,0,8,0,0,0,0,1,1,6,1,51,8,1685,2,4,8,1,8
2016010025337,1,9,0,12,0,8,0,0,0,0,2,1,2,1,45,7,2993,2,3,10,1,10
2016010025337,2,9,0,18,0,8,0,0,0,0,1,1,6,3,-1,-1,2993,2,1,-1,-1,-1
2016010025337,3,9,0,3,0,8,0,0,0,0,1,1,6,2,-1,-1,1798,8,3,-1,-1,-1
2016010025345,1,3,0,3,0,1,0,0,0,0,2,1,6,1,30,6,50,1,9,5,1,5
2016010025345,2,9,0,18,0,1,0,0,0,0,1,1,6,1,60,9,2300,1,17,-1,-1,-1
2016010025348,1,1,-1,18,0,1,-1,8,0,0,1,1,6,2,32,6,-1,-1,-1,-1,1,-1
2016010025348,2,9,0,2,0,1,-1,0,0,0,3,1,6,3,-1,-1,-1,-1,-1,-1,-1,-1
2016010025350,1,9,0,9,0,8,0,0,0,0,1,1,6,2,40,7,1248,2,4,7,1,7
2016010025355,1,9,0,18,0,8,0,0,0,0,1,1,6,2,67,10,1242,1,4,9,1,9
2016010025355,2,9,0,18,0,8,0,0,0,0,2,1,6,1,43,7,1896,2,14,6,1,6
2016010025355,3,9,0,18,0,8,0,0,0,0,2,1,6,1,24,5,1198,1,11,7,1,7
2016010025356,1,8,0,7,0,5,0,0,0,0,4,-1,1,1,-1,-1,-1,-1,-1,6,1,6
2016010025357,1,9,0,4,0,1,0,0,0,0,1,1,6,1,53,8,2204,2,10,-1,-1,-1
2016010025357,2,9,0,4,0,1,0,0,0,0,2,1,6,2,35,6,1997,2,5,-1,-1,-1
2016010025362,1,11,0,4,0,1,0,0,0,0,0,1,1,1,-1,-1,4500,2,5,-1,-1,-1
2016010025365,1,19,0,3,0,1,0,0,0,0,2,1,1,1,56,9,2402,2,11,2,1,2
2016010025365,2,1,0,18,0,1,0,0,0,0,1,1,6,1,39,7,-1,-1,-1,4,1,4
2016010025370,1,9,0,18,0,0,0,0,0,0,1,1,6,1,31,6,-1,-1,-1,-1,-1,-1
2016010025370,2,9,-1,4,0,0,-1,0,0,0,1,1,6,1,-1,-1,-1,-1,-1,-1,-1,-1
2016010025381,1,3,0,4,0,1,0,0,0,0,4,1,6,2,31,6,124,1,7,6,1,6
2016010025394,1,8,0,11,0,1,0,0,0,0,4,1,1,1,33,6,1995,2,3,3,1,3
2016010025394,2,3,0,18,0,1,0,0,0,0,3,1,6,1,20,4,125,1,3,1,1,1
2016010025400,1,9,0,18,0,8,0,0,0,0,1,1,6,1,33,6,1388,1,15,5,1,5
2016010025400,2,9,0,7,0,8,0,0,0,0,1,1,6,1,62,9,-1,-1,-1,3,1,3
2016010025405,1,11,0,18,0,8,0,0,0,0,1,1,6,1,-1,-1,-1,-1,-1,-1,-1,-1
2016010025410,1,9,0,18,0,8,0,0,0,0,1,1,6,1,77,11,1598,1,1,-1,-1,-1
2016010025412,1,9,0,18,0,0,0,0,0,0,1,1,6,1,24,5,-1,-1,-1,3,1,3
2016010025418,1,9,0,18,0,8,0,0,0,0,4,1,6,1,28,6,1590,1,12,8,1,8
2016010025418,2,9,0,9,0,8,0,0,0,0,1,1,6,1,53,8,1896,2,13,8,1,8
2016010025423,1,3,0,18,0,8,0,0,0,0,4,1,6,1,26,6,125,1,7,3,1,3
2016010025423,2,9,0,9,0,8,0,0,0,0,1,-1,6,1,-1,-1,1968,2,3,-1,-1,-1
2016010025425,1,9,0,18,0,8,0,0,0,0,1,1,6,2,56,9,1997,2,3,10,1,10
2016010025425,2,9,0,18,0,8,0,0,0,0,1,1,6,2,35,6,1968,2,5,-1,-1,-1
2016010025432,1,9,0,9,0,8,0,0,0,0,3,1,6,1,29,6,1497,8,8,3,1,3
2016010025432,2,2,0,18,0,8,0,0,0,0,1,1,6,2,17,4,49,1,2,8,1,8
2016010025436,1,9,0,18,0,8,0,0,0,0,3,1,6,1,43,7,1248,1,1,3,1,3
2016010025436,2,1,0,18,0,8,0,0,0,0,1,1,6,1,13,3,-1,-1,-1,4,1,4
2016010025442,1,4,0,18,0,2,0,0,0,0,1,1,6,1,23,5,-1,-1,-1,-1,-1,-1
2016010025446,1,5,0,18,0,8,0,0,0,0,1,1,6,1,29,6,599,1,13,3,1,3
2016010025448,1,9,0,18,0,8,0,0,0,0,1,1,6,2,28,6,1598,1,8,-1,-1,-1
2016010025448,2,9,-1,7,0,8,-1,0,0,0,3,-1,6,3,-1,-1,-1,-1,-1,-1,-1,-1
2016010025454,1,8,0,18,0,8,0,0,0,0,4,1,1,1,26,6,-1,-1,-1,1,1,1
2016010025454,2,9,0,7,0,8,0,0,0,0,1,1,6,2,24,5,1390,1,13,7,1,7
2016010025459,1,9,0,9,0,5,0,0,0,0,4,1,6,1,22,5,1896,2,13,4,1,4
2016010025459,2,9,0,18,0,8,0,0,0,0,3,1,6,1,42,7,2143,2,4,2,1,2
2016010025466,1,3,0,18,0,0,0,0,0,0,1,1,6,1,38,7,125,1,10,4,1,4
2016010025466,2,9,0,9,0,0,0,0,0,0,3,1,6,1,-1,-1,1388,1,14,-1,-1,-1
2016010025470,1,9,0,-1,-1,0,0,-1,-1,-1,-1,-1,6,1,-1,-1,1995,2,5,-1,-1,-1
2016010025471,1,9,0,9,0,8,0,0,0,0,1,1,6,2,51,8,2996,1,7,6,1,6
2016010025471,2,1,0,18,0,8,0,0,0,0,1,1,6,1,32,6,-1,-1,-1,5,1,5
2016010025478,1,19,0,9,0,6,0,0,0,0,1,1,2,1,61,9,1248,2,9,10,1,10
2016010025478,2,5,0,14,0,8,0,0,0,0,1,1,2,1,29,6,600,1,14,2,1,2
2016010025548,1,19,0,4,0,8,0,0,0,0,2,1,6,1,27,6,2148,2,12,4,1,4
2016010025548,2,20,0,18,0,8,0,0,0,0,1,1,6,1,56,9,4461,2,7,5,1,5
2016010025552,1,9,0,17,0,8,0,0,0,0,3,-1,6,1,21,5,1242,1,6,5,1,5
2016010025552,2,9,0,17,0,8,0,0,0,0,4,-1,6,1,-1,-1,1598,1,8,-1,-1,-1
2016010025564,1,1,0,18,0,8,0,0,0,0,1,1,1,1,29,6,-1,-1,-1,4,1,4
2016010025564,2,9,0,7,0,8,0,0,0,0,4,-1,6,1,-1,-1,1794,1,10,-1,-1,-1
2016010025573,1,9,0,8,0,8,0,0,0,0,2,1,6,1,52,8,1797,8,4,8,1,8
2016010025573,2,9,0,18,0,8,0,0,0,0,2,1,6,1,-1,-1,1995,2,1,-1,-1,-1
2016010025574,1,9,0,4,0,1,0,0,0,0,1,1,1,1,40,7,-1,-1,-1,-1,-1,-1
2016010025574,2,9,0,4,0,1,0,0,0,0,2,1,6,2,39,7,1349,1,4,6,1,6
2016010025576,1,19,0,13,0,0,0,0,0,0,4,1,1,1,36,7,-1,-1,-1,4,1,4
2016010025576,2,5,0,14,0,0,0,0,0,0,4,1,2,2,40,7,904,1,15,10,1,10
2016010025581,1,3,0,18,0,0,0,0,0,0,4,1,6,1,29,6,124,1,1,6,1,6
2016010025581,2,9,0,11,9,0,0,0,0,0,3,1,6,1,-1,-1,-1,-1,-1,-1,-1,-1
2016010025581,3,19,0,18,0,0,0,0,0,0,1,1,6,1,-1,-1,-1,-1,-1,-1,-1,-1
2016010025584,1,9,0,18,0,8,0,0,0,0,3,1,6,1,40,7,-1,-1,-1,4,1,4
2016010025584,2,9,0,11,0,8,0,0,0,0,4,1,6,1,-1,-1,1995,2,1,3,1,3
2016010025585,1,9,-1,1,0,2,0,0,0,0,2,-1,6,1,18,4,-1,-1,-1,-1,-1,-1
2016010025592,1,9,0,18,0,8,0,0,4,6,2,1,6,2,71,10,1598,2,-1,1,1,1
2016010025592,2,9,0,18,0,8,0,0,0,0,1,1,6,2,45,7,-1,-1,-1,10,1,10
2016010025592,3,9,0,18,0,8,0,0,0,0,1,1,6,1,20,4,1299,1,12,9,1,9
2016010025592,4,9,0,18,0,8,0,0,4,6,4,1,6,1,27,6,-1,-1,-1,4,1,4
2016010025594,1,1,0,3,0,1,0,0,0,0,2,1,2,2,29,6,-1,-1,-1,4,1,4
2016010025594,2,9,0,18,0,1,0,0,0,0,1,-1,6,1,-1,-1,-1,-1,-1,-1,-1,-1
2016010025595,1,5,0,5,0,0,0,0,0,0,1,1,6,1,48,8,800,1,-1,10,2,10
2016010025598,1,1,0,18,0,1,0,0,0,0,3,1,6,1,13,3,-1,-1,-1,9,1,9
2016010025598,2,8,0,13,0,1,0,0,0,0,4,1,6,3,-1,-1,-1,-1,-1,-1,-1,-1
2016010025601,1,1,0,14,0,0,0,0,0,0,4,1,2,1,24,5,-1,-1,-1,6,1,6
2016010025601,2,19,0,5,0,0,0,0,0,0,3,1,1,1,44,7,1461,2,2,3,1,3
2016010025607,1,9,0,9,0,5,0,0,0,0,4,1,6,2,67,10,1596,1,12,4,1,4
2016010025617,1,9,0,18,0,8,0,0,0,0,2,1,6,1,60,9,1497,8,13,4,1,4
2016010025617,2,9,0,18,0,8,0,0,0,0,1,1,6,1,51,8,2979,1,2,10,1,10
2016010025618,1,9,0,5,0,8,0,0,0,0,1,1,6,1,50,8,-1,-1,-1,9,1,9
2016010025621,1,9,0,18,0,0,0,0,0,0,4,-1,6,1,52,8,1984,1,5,9,1,9
2016010025621,2,9,-1,1,0,0,0,0,0,0,1,-1,6,1,-1,-1,1798,8,4,-1,-1,-1
2016010025622,1,9,0,9,0,8,0,0,0,0,4,1,6,1,20,4,1560,2,3,2,1,2
2016010025622,2,1,0,18,0,8,0,0,0,0,1,1,6,1,56,9,-1,-1,-1,3,1,3
2016010025623,1,9,0,5,0,1,0,0,0,0,1,1,6,2,66,10,-1,-1,-1,-1,-1,-1
2016010025625,1,9,0,18,0,0,0,0,0,0,4,1,6,2,33,6,799,2,5,7,1,7
2016010025627,1,2,0,18,0,0,0,0,0,0,1,1,6,3,-1,-1,-1,-1,-1,-1,-1,-1
2016010025637,1,1,0,18,0,8,0,0,0,0,1,1,2,1,28,6,-1,-1,-1,10,1,10
2016010025637,2,9,0,9,0,8,0,0,0,0,1,1,6,1,-1,-1,-1,-1,-1,-1,-1,-1
2016010025640,1,1,0,18,4,1,0,0,0,0,1,1,6,1,33,6,-1,-1,-1,-1,-1,-1
2016010025640,2,9,0,7,0,8,0,0,0,0,4,1,6,1,23,5,1197,1,1,10,1,10
2016010025641,1,11,0,18,0,1,0,0,0,0,0,1,1,1,43,7,9000,2,6,3,1,3
2016010025644,1,9,0,9,0,8,0,0,0,0,1,1,1,1,66,10,4660,1,17,7,1,7
2016010025644,2,9,0,18,0,8,0,0,0,0,1,1,6,1,49,8,1956,2,3,5,1,5
2016010025646,1,11,0,5,0,1,0,0,0,0,0,1,1,1,-1,-1,-1,-1,-1,-1,-1,-1
2016010025647,1,9,0,3,0,1,0,0,0,0,2,1,3,1,40,7,1956,2,-1,2,1,2
2016010025647,2,9,0,18,0,1,0,0,0,0,1,1,6,1,-1,-1,-1,-1,-1,-1,-1,-1
2016010025652,1,9,0,9,0,8,0,0,0,0,4,1,6,1,27,6,1298,1,13,3,1,3
2016010025652,2,9,0,18,0,8,0,0,0,0,1,1,6,1,60,9,-1,-1,-1,5,1,5
2016010025653,1,9,0,3,0,1,0,0,0,0,2,1,6,1,47,8,1984,2,4,2,1,2
2016010025653,2,9,0,18,0,1,0,0,0,0,1,1,6,3,-1,-1,1995,2,9,-1,-1,-1
2016010025663,1,4,0,14,0,1,0,0,0,0,1,1,6,1,37,7,-1,-1,-1,5,1,5
2016010025663,2,9,0,3,0,2,0,0,0,0,1,1,6,2,55,8,1388,1,14,-1,-1,-1
2016010025666,1,9,0,18,0,0,0,0,0,0,1,1,1,1,-1,-1,1997,2,2,-1,-1,-1
2016010025666,2,9,0,18,0,0,0,0,0,0,1,1,6,1,29,6,1997,2,1,-1,-1,-1
2016010025666,3,9,0,2,0,0,0,0,0,0,4,1,6,3,-1,-1,1997,1,3,-1,-1,-1
2016010025666,4,9,0,2,0,0,0,0,0,0,2,1,6,3,-1,-1,2499,1,6,-1,-1,-1
2016010025669,1,1,0,18,0,8,0,0,0,0,1,1,1,1,55,8,-1,-1,-1,3,1,3
2016010025669,2,9,0,9,0,8,0,0,0,0,1,1,6,2,56,9,-1,-1,-1,5,1,5
2016010025673,1,3,0,18,0,8,0,0,0,0,1,1,6,1,17,4,-1,-1,-1,2,1,2
2016010025673,2,9,0,7,0,8,0,0,0,0,3,-1,6,3,-1,-1,1998,2,3,-1,-1,-1
2016010025677,1,3,0,18,0,0,0,0,0,0,1,1,6,1,30,6,471,1,2,5,1,5
2016010025677,2,9,0,11,0,0,0,0,0,0,4,1,6,1,23,5,1968,2,9,2,1,2
2016010025683,1,9,0,9,0,8,0,0,0,0,3,1,6,2,59,9,1240,1,6,7,1,7
2016010025683,2,3,0,15,0,8,0,0,0,0,1,1,6,1,40,7,124,1,17,4,1,4
2016010025684,1,9,0,3,0,1,0,0,0,0,1,-1,6,1,25,5,1995,2,5,4,1,4
2016010025684,2,9,0,1,0,8,0,0,0,0,2,1,6,1,-1,-1,1598,2,-1,-1,-1,-1
2016010025694,1,11,0,17,0,8,0,0,0,0,4,1,1,1,39,7,4500,2,-1,2,1,2
2016010025694,2,1,0,15,0,8,0,0,0,0,3,1,6,1,34,6,-1,-1,-1,8,1,8
2016010025695,1,9,0,9,0,8,0,0,0,0,1,1,6,1,56,9,1086,1,7,-1,-1,-1
2016010025695,2,9,0,9,0,8,0,0,0,0,3,2,6,1,24,5,1968,2,3,4,1,4
2016010025696,1,9,0,18,0,8,0,0,0,0,1,1,6,2,57,9,1298,1,13,2,1,2
2016010025696,2,9,0,9,0,8,0,0,0,0,3,1,6,1,-1,-1,1596,1,10,5,1,5
2016010025699,1,1,0,18,9,1,0,0,0,0,1,1,6,3,-1,-1,-1,-1,-1,-1,-1,-1
2016010025701,1,9,0,18,0,1,0,0,0,0,1,1,6,1,34,6,-1,-1,-1,6,1,6
2016010025704,1,9,0,4,0,8,0,0,0,0,2,1,6,1,-1,-1,1968,2,3,-1,-1,-1
2016010025704,2,1,0,18,0,8,0,0,0,0,1,1,6,1,28,6,-1,-1,-1,3,1,3
2016010025706,1,21,0,18,0,0,0,0,5,1,1,2,1,1,38,7,-1,-1,-1,-1,-1,-1
2016010025715,1,9,0,18,0,0,0,0,0,0,4,1,6,1,34,6,1997,2,12,2,1,2
2016010025715,2,9,0,11,0,0,0,0,2,7,0,1,6,3,-1,-1,-1,-1,-1,-1,-1,-1
2016010025716,1,9,0,8,0,8,0,0,0,0,1,1,6,2,64,9,-1,-1,-1,8,1,8
2016010025716,2,1,0,18,0,8,0,0,0,0,1,1,6,1,13,3,-1,-1,-1,10,1,10
2016010025724,1,9,0,18,0,8,0,0,0,0,1,1,6,1,26,6,1753,2,11,4,1,4
2016010025724,2,9,0,9,0,8,0,0,0,0,1,1,6,2,31,6,1364,1,9,-1,-1,-1
2016010025727,1,9,0,18,0,8,0,10,1,2,4,1,6,1,28,6,1386,1,5,5,1,5
2016010025730,1,9,0,8,0,1,0,0,0,0,2,1,6,1,63,9,2360,1,14,6,1,6
2016010025730,2,9,0,18,0,1,0,0,0,0,1,1,6,1,21,5,1995,2,6,1,1,1
2016010025733,1,9,0,17,0,1,0,0,0,0,1,1,6,1,-1,-1,1598,1,9,-1,-1,-1
2016010025733,2,1,0,18,0,8,1,0,0,0,1,1,1,1,53,8,-1,-1,-1,9,1,9
2016010025749,1,9,0,9,0,8,0,0,0,0,1,1,6,1,25,5,1364,1,10,3,1,3
2016010025749,2,5,0,18,0,8,0,0,0,0,1,1,6,2,31,6,599,1,9,5,1,5
2016010025759,1,9,0,9,0,8,0,0,0,0,1,1,2,2,50,8,1299,1,10,9,1,9
2016010025759,2,9,0,9,0,8,0,0,0,0,1,1,6,1,49,8,2148,2,8,10,1,10
2016010025762,1,9,0,18,0,0,0,0,0,0,1,1,6,1,-1,-1,-1,-1,-1,-1,-1,-1
2016010025771,1,9,0,18,0,8,0,0,0,0,3,1,6,2,23,5,998,1,6,8,1,8
2016010025771,2,9,0,18,0,8,0,0,0,0,0,1,6,1,-1,-1,-1,-1,-1,-1,-1,-1
2016010025778,1,1,0,9,0,0,0,0,0,0,3,1,2,1,22,5,-1,-1,-1,2,1,2
2016010025778,2,4,0,13,0,0,0,0,0,0,4,1,6,1,-1,-1,-1,-1,-1,-1,-1,-1
2016010025780,1,11,0,18,0,0,0,0,0,0,1,1,1,2,34,6,-1,-1,-1,3,1,3
2016010025785,1,9,0,18,0,8,0,4,0,0,1,1,6,2,68,10,1600,2,6,7,3,7
2016010025785,2,19,0,2,0,8,0,0,0,0,2,1,6,3,-1,-1,2464,2,8,-1,-1,-1
2016010025787,1,9,0,3,0,8,0,0,0,0,3,1,6,2,56,9,1598,1,9,2,1,2
2016010025787,2,19,0,2,0,1,0,0,0,0,3,1,6,3,-1,-1,2402,2,13,-1,-1,-1
2016010025801,1,1,0,18,0,8,0,0,0,0,3,1,2,1,35,6,-1,-1,-1,6,1,6
2016010025801,2,19,0,13,0,8,0,0,0,0,0,1,1,1,51,8,2402,2,5,1,1,1
2016010025842,1,9,0,9,0,6,0,0,0,0,1,1,6,2,37,7,2720,2,9,6,1,6
2016010025842,2,9,0,18,0,1,0,0,0,0,3,1,2,2,53,8,998,1,6,5,1,5
2016010025843,1,11,0,3,0,1,0,0,0,0,4,1,1,1,45,7,4760,2,3,6,1,6
2016010025845,1,9,0,9,0,8,0,0,0,0,4,1,6,2,37,7,1242,1,1,4,1,4
2016010025845,2,1,0,18,0,8,0,0,0,0,1,1,6,2,26,6,-1,-1,-1,3,1,3
2016010025848,1,19,0,9,0,8,0,0,0,0,0,1,1,1,-1,-1,1598,2,4,3,1,3
2016010025848,2,4,0,9,0,8,1,0,0,0,4,1,6,1,42,7,-1,-1,-1,7,1,7
2016010025851,1,9,0,9,0,8,0,0,0,0,4,1,2,1,58,9,1796,1,10,6,1,6
2016010025851,2,3,0,15,0,8,0,0,0,0,1,1,1,1,25,5,125,1,1,4,1,4
2016010025852,1,1,0,18,0,1,0,0,0,0,1,1,6,3,-1,-1,-1,-1,-1,-1,-1,-1
2016010025853,1,19,0,7,0,8,0,0,0,0,3,1,1,1,34,6,1499,2,-1,3,1,3
2016010025853,2,5,0,18,0,8,0,0,0,0,3,1,6,1,41,7,-1,-1,-1,2,1,2
2016010025855,1,9,0,16,0,3,0,0,0,0,3,1,6,2,22,5,998,1,3,10,1,10
2016010025855,2,1,0,18,0,6,0,0,0,0,1,1,1,1,18,4,-1,-1,-1,3,1,3
2016010025858,1,20,0,11,0,1,0,0,0,0,4,1,1,1,36,7,10837,2,4,4,1,4
2016010025858,2,9,0,18,0,1,0,0,0,0,3,1,6,1,33,6,1999,1,12,4,1,4