Accident_Index,Vehicle_Reference,Vehicle_Type,Towing_and_Articulation,Vehicle_Manoeuvre,Vehicle_Location-Restricted_Lane,Junction_Location,Skidding_and_Overturning,Hit_Object_in_Carriageway,Vehicle_Leaving_Carriageway,Hit_Object_off_Carriageway,1st_Point_of_Impact,Was_Vehicle_Left_Hand_Drive?,Journey_Purpose_of_Driver,Sex_of_Driver,Age_of_Driver,Age_Band_of_Driver,Engine_Capacity_(CC),Propulsion_Code,Age_of_Vehicle,Driver_IMD_Decile,Driver_Home_Area_Type,Vehicle_IMD_Decile
2016010026483,1,9,0,18,0,8,0,0,0,0,1,1,6,2,76,11,1591,1,2,9,1,9
2016010026483,2,9,0,18,0,8,0,0,0,0,1,1,6,2,-1,-1,1368,1,7,-1,-1,-1
2016010026484,1,9,0,9,0,8,0,0,0,0,4,1,6,1,53,8,1461,2,2,2,1,2
2016010026484,2,4,0,18,0,8,0,0,0,0,1,1,6,1,23,5,471,1,3,4,1,4
2016010026486,1,1,0,16,0,8,0,0,0,0,3,1,6,1,25,5,-1,-1,-1,5,1,5
2016010026486,2,9,0,11,0,8,0,0,0,0,4,-1,6,1,-1,-1,-1,-1,-1,-1,-1,-1
2016010026487,1,5,0,13,0,0,0,0,0,0,1,1,2,1,50,8,782,1,1,6,1,6
2016010026487,2,9,0,6,0,0,0,0,0,0,3,1,2,1,45,7,1197,1,-1,-1,-1,-1
2016010026488,1,9,0,3,0,1,0,0,0,0,2,1,6,2,60,9,1798,1,5,5,1,5
2016010026488,2,9,0,2,0,1,0,4,0,0,2,1,6,3,-1,-1,1242,1,3,-1,-1,-1
2016010026488,3,9,0,7,0,1,0,0,0,0,1,1,6,3,-1,-1,1299,1,14,-1,-1,-1
2016010026491,1,19,0,8,0,1,0,0,0,0,2,1,6,1,-1,-1,2198,2,9,-1,-1,-1
2016010026491,2,9,0,7,0,1,0,0,0,0,1,1,6,3,-1,-1,-1,-1,-1,-1,-1,-1
2016010026492,1,8,0,9,0,8,0,0,0,0,3,1,1,1,48,8,1997,2,1,3,1,3
2016010026492,2,8,0,18,0,8,0,0,0,0,1,1,1,1,30,6,1950,2,-1,1,1,1
2016010026494,1,9,0,18,0,0,0,4,0,0,1,1,6,1,58,9,2494,1,11,3,1,3
2016010026494,2,9,0,2,0,0,0,4,0,0,3,1,6,3,-1,-1,1596,1,3,-1,-1,-1
2016010026494,3,9,0,2,0,0,0,4,0,0,3,1,6,3,-1,-1,1984,1,9,-1,-1,-1
2016010026494,4,19,0,2,0,0,0,0,0,0,4,1,6,3,-1,-1,1998,2,13,-1,-1,-1
2016010026494,5,9,0,2,0,0,0,0,0,0,3,1,6,3,-1,-1,1598,1,8,-1,-1,-1
2016010026494,6,9,0,2,0,0,0,0,0,0,4,1,6,3,-1,-1,1360,1,14,-1,-1,-1
2016010026494,7,9,0,2,0,0,0,0,0,0,2,1,6,3,-1,-1,1968,2,10,-1,-1,-1
2016010026500,1,3,0,18,0,8,0,0,0,0,1,1,6,1,26,6,125,1,-1,1,1,1
2016010026500,2,9,0,9,0,8,0,0,0,0,3,1,6,3,-1,-1,1596,1,13,-1,-1,-1
2016010026501,1,19,0,18,0,1,0,10,1,0,1,1,6,3,-1,-1,-1,-1,-1,-1,-1,-1
2016010026502,1,1,0,18,0,8,0,0,0,0,3,1,6,1,27,6,-1,-1,-1,2,1,2
2016010026502,2,19,-1,9,0,8,-1,0,0,0,1,-1,6,1,-1,-1,2198,2,2,-1,-1,-1
2016010026505,1,4,0,4,0,0,0,0,0,0,4,1,6,1,24,5,125,1,8,2,1,2
2016010026510,1,9,0,18,0,8,0,0,0,0,3,1,6,1,34,6,2993,2,5,9,1,9
2016010026510,2,9,0,18,0,8,0,0,0,0,1,1,6,2,54,8,1339,1,11,7,1,7
2016010026514,1,4,0,18,0,1,0,0,0,0,1,1,6,1,29,6,124,1,6,4,1,4
2016010026514,2,9,0,18,0,6,0,0,0,0,3,1,6,1,19,4,1364,1,8,4,1,4
2016010026515,1,8,0,3,0,1,0,0,0,0,2,1,1,1,35,6,2148,2,10,2,1,2
2016010026515,2,8,0,18,0,1,0,0,0,0,1,1,1,1,47,8,1997,2,5,2,1,2
2016010026517,1,9,0,9,0,6,0,0,0,0,1,1,6,1,40,7,1339,8,10,2,1,2
2016010026519,1,9,0,18,0,8,0,10,1,-1,1,-1,6,1,-1,-1,-1,-1,-1,-1,-1,-1
2016010026520,1,9,0,5,0,8,0,0,0,0,4,1,6,1,79,11,1598,1,8,10,1,10
2016010026520,2,1,0,3,0,8,0,0,0,0,3,1,6,2,60,9,-1,-1,-1,9,1,9
2016010026523,1,9,0,10,0,0,0,0,0,0,3,1,6,2,39,7,-1,-1,-1,5,1,5
2016010026523,2,9,0,14,0,0,0,0,0,0,4,1,1,1,23,5,-1,-1,-1,2,1,2
2016010026524,1,9,0,16,0,3,0,0,0,0,0,1,1,2,39,7,-1,-1,-1,-1,-1,-1
2016010026526,1,19,0,4,0,0,0,0,0,0,2,1,6,1,34,6,3920,2,9,1,1,1
2016010026526,2,9,0,18,0,0,0,0,0,0,1,1,6,1,46,8,1598,1,9,9,1,9
2016010026528,1,1,0,18,0,1,0,0,0,0,3,1,2,2,29,6,-1,-1,-1,3,1,3
2016010026528,2,19,0,7,0,5,0,0,0,0,4,-1,6,3,-1,-1,2198,2,1,-1,-1,-1
2016010026529,1,9,0,18,0,0,0,0,0,0,1,1,6,1,42,7,1796,1,13,3,1,3
2016010026533,1,3,0,14,0,1,0,0,0,0,1,1,1,1,21,5,398,1,9,-1,-1,-1
2016010026533,2,9,0,9,0,5,0,0,0,0,4,1,6,3,-1,-1,-1,-1,-1,-1,-1,-1
2016010026534,1,9,0,3,0,2,0,0,0,0,4,1,6,1,37,7,2400,2,-1,-1,-1,-1
2016010026534,2,1,0,15,0,2,0,8,0,0,1,1,6,1,25,5,-1,-1,-1,5,1,5
2016010026535,1,9,0,9,0,5,0,0,0,0,4,1,1,1,43,7,1299,1,12,3,1,3
2016010026535,2,1,0,18,4,1,0,0,0,0,3,1,6,2,28,6,-1,-1,-1,2,1,2
2016010026536,1,5,0,5,0,8,0,0,0,0,1,1,1,1,42,7,599,1,11,10,1,10
2016010026536,2,19,0,6,0,8,0,0,0,0,4,1,1,1,20,4,-1,-1,-1,10,1,10
2016010026540,1,9,0,9,0,2,0,0,0,0,1,1,6,1,58,9,1796,1,11,1,1,1
2016010026541,1,9,0,5,0,1,0,0,0,0,3,1,6,3,-1,-1,1988,1,13,-1,-1,-1
2016010026541,2,1,0,18,0,1,0,0,0,0,3,1,6,1,21,5,-1,-1,-1,2,1,2
2016010026542,1,9,0,9,0,8,0,0,0,0,1,1,6,1,40,7,3600,1,8,4,1,4
2016010026542,2,4,0,18,0,8,1,0,0,0,1,1,6,1,25,5,124,1,9,6,1,6
2016010026543,1,3,0,14,0,2,0,0,0,0,4,1,6,1,22,5,125,1,3,4,1,4
2016010026548,1,9,0,3,0,1,0,0,0,0,4,1,6,3,-1,-1,-1,-1,-1,-1,-1,-1
2016010026548,2,1,0,15,4,1,0,8,0,0,1,1,6,1,26,6,-1,-1,-1,4,1,4
2016010026550,1,9,0,18,0,8,0,0,0,0,4,1,6,2,28,6,1560,2,11,2,1,2
2016010026550,2,9,0,7,0,8,0,0,0,0,1,1,6,3,-1,-1,1999,1,14,-1,-1,-1
2016010026551,1,9,0,18,0,0,1,10,7,4,4,1,6,3,-1,-1,2967,2,3,-1,-1,-1
2016010026552,1,5,0,18,0,8,1,0,0,0,4,1,6,1,29,6,599,1,18,8,1,8
2016010026552,2,9,0,9,0,8,0,0,0,0,1,1,6,1,40,7,1997,2,4,2,1,2
2016010026553,1,9,0,18,0,2,0,0,0,0,0,1,6,1,30,6,1997,2,1,-1,-1,-1
2016010026553,2,1,0,18,0,6,0,0,0,0,3,1,2,1,16,4,-1,-1,-1,-1,-1,-1
2016010026557,1,9,0,18,0,1,1,7,0,0,1,1,6,1,18,4,1364,1,12,-1,-1,-1
2016010026557,2,8,0,7,0,6,0,0,0,0,3,1,1,1,45,7,1797,8,5,3,1,3
2016010026557,3,9,0,18,0,1,1,0,0,0,1,1,6,1,33,6,2993,2,3,7,1,7
2016010026561,1,11,0,18,0,8,0,0,0,0,0,1,1,2,32,6,4500,2,4,8,1,8
2016010026562,1,9,0,18,0,8,0,0,0,0,3,1,2,2,42,7,1997,1,9,4,1,4
2016010026562,2,19,0,9,0,8,0,0,0,0,1,1,2,1,36,7,1248,2,2,-1,-1,-1
2016010026563,1,3,0,18,0,8,1,0,0,0,1,1,6,1,40,7,125,1,3,9,1,9
2016010026563,2,9,0,18,0,8,0,0,0,0,3,1,6,1,-1,-1,-1,-1,-1,-1,-1,-1
2016010026566,1,3,0,18,0,0,0,0,0,0,4,1,6,1,23,5,125,1,1,9,1,9
2016010026567,1,9,0,18,0,8,0,0,0,0,1,1,1,1,33,6,-1,-1,-1,1,1,1
2016010026567,2,9,0,18,0,8,0,0,0,0,4,1,6,1,77,11,-1,-1,-1,-1,-1,-1
2016010026568,1,11,0,18,0,8,0,0,0,0,4,1,1,1,42,7,6700,2,4,-1,-1,-1
2016010026571,1,1,0,3,0,0,0,4,0,0,2,1,6,1,29,6,-1,-1,-1,2,1,2
2016010026571,2,9,0,18,0,0,0,0,0,0,1,1,6,3,-1,-1,-1,-1,-1,-1,-1,-1
2016010026574,1,11,0,18,0,8,0,0,0,0,4,1,1,1,51,8,9000,2,7,2,1,2
2016010026575,1,11,0,5,0,1,0,0,0,0,0,1,1,1,51,8,4461,2,2,2,1,2
2016010026576,1,3,0,16,0,1,0,0,0,0,1,1,6,1,30,6,-1,-1,-1,3,1,3
2016010026578,1,9,0,18,0,0,0,0,0,0,2,1,6,1,41,7,-1,-1,-1,5,1,5
2016010026578,2,9,0,18,0,0,0,0,0,0,3,1,1,1,39,7,799,2,3,-1,-1,-1
2016010026578,3,3,0,13,0,0,0,0,0,0,4,1,6,1,20,4,125,1,-1,2,1,2
2016010026579,1,1,0,18,0,1,0,0,0,0,3,1,6,1,32,6,-1,-1,-1,2,1,2
2016010026579,2,9,0,13,0,1,0,0,0,0,4,1,6,3,-1,-1,-1,-1,-1,-1,-1,-1
2016010026580,1,9,0,9,0,8,0,0,0,0,3,1,6,1,54,8,1896,2,14,6,1,6
2016010026580,2,4,0,18,0,8,0,0,0,0,1,1,6,1,22,5,-1,-1,-1,4,1,4
2016010026587,1,9,0,18,0,0,0,0,0,0,1,1,6,1,45,7,2143,2,1,6,1,6
2016010026588,1,4,0,15,0,8,0,0,0,0,1,1,6,1,32,6,124,1,7,9,1,9
2016010026588,2,9,0,9,0,8,0,0,0,0,1,1,6,1,26,6,998,1,12,7,1,7
2016010026595,1,9,0,3,0,0,0,0,0,0,2,1,6,1,28,6,1398,1,1,2,1,2
2016010026595,2,19,0,11,0,0,0,0,0,0,1,1,6,1,20,4,2198,2,9,7,1,7
2016010026600,1,9,0,18,0,8,0,0,0,0,1,1,6,1,20,4,1390,1,10,-1,-1,-1
2016010026600,2,9,0,9,0,8,0,0,0,0,1,1,6,2,60,9,1590,1,15,-1,-1,-1
2016010026601,1,19,0,18,0,0,0,0,0,0,4,1,1,1,28,6,1598,2,-1,-1,-1,-1
2016010026601,2,9,0,12,0,0,0,0,0,0,3,1,6,2,38,7,1599,1,12,1,1,1
2016010026607,1,9,0,18,0,2,0,0,0,0,1,1,6,2,43,7,1999,1,6,6,1,6
2016010026609,1,9,0,9,0,4,0,0,0,0,1,1,6,2,-1,-1,1618,1,1,-1,-1,-1
2016010026609,2,1,0,18,0,3,0,0,0,0,1,1,2,2,29,6,-1,-1,-1,4,1,4
2016010026614,1,9,0,18,0,0,0,4,1,2,1,1,6,1,81,11,999,1,-1,2,1,2
2016010026614,2,9,0,2,0,0,0,0,0,0,2,1,6,3,-1,-1,1749,1,13,-1,-1,-1
2016010026615,1,9,0,18,0,0,0,0,0,0,1,1,6,1,51,8,1596,1,15,5,1,5
2016010026615,2,9,0,18,0,0,0,0,0,0,1,1,6,2,72,10,1596,1,3,5,1,5
2016010026617,1,1,0,9,0,8,0,0,0,0,3,1,6,1,16,4,-1,-1,-1,5,1,5
2016010026617,2,9,0,13,0,8,0,0,0,0,4,1,6,3,-1,-1,-1,-1,-1,-1,-1,-1
2016010026620,1,9,0,14,0,0,0,0,0,0,1,1,6,3,-1,-1,-1,-1,-1,-1,-1,-1
2016010026623,1,3,0,18,0,8,0,0,0,0,1,1,6,1,24,5,124,1,5,9,1,9
2016010026623,2,9,0,18,0,8,0,0,0,0,1,1,6,1,-1,-1,1998,2,7,-1,-1,-1
2016010026629,1,9,0,3,0,2,0,0,0,0,2,1,6,1,28,6,1598,2,-1,3,1,3
2016010026629,2,9,0,18,0,2,0,0,0,0,1,1,6,3,-1,-1,2720,2,10,-1,-1,-1
2016010026630,1,9,0,9,0,8,0,0,0,0,4,1,6,1,55,8,1995,2,15,10,1,10
2016010026630,2,1,0,18,0,8,0,0,0,0,1,1,6,1,-1,-1,-1,-1,-1,-1,-1,-1
2016010026631,1,19,0,18,0,2,0,0,0,0,4,1,6,3,-1,-1,2198,2,10,-1,-1,-1
2016010026633,1,9,-1,18,0,8,-1,0,0,0,-1,-1,6,1,-1,-1,-1,-1,-1,-1,-1,-1
2016010026635,1,9,0,18,0,8,0,0,0,0,1,1,6,1,23,5,1968,2,4,-1,-1,-1
2016010026635,2,3,0,18,0,8,1,0,0,0,1,1,6,1,22,5,124,1,2,3,1,3
2016010026636,1,8,0,3,0,8,0,0,0,0,2,1,1,1,45,7,1997,2,4,3,1,3
2016010026636,2,19,0,4,0,8,0,0,0,0,1,1,1,1,32,6,1968,2,-1,4,1,4
2016010026637,1,9,0,18,0,8,0,0,0,0,4,-1,6,3,-1,-1,-1,-1,-1,-1,-1,-1
2016010026638,1,9,0,4,0,0,0,0,0,0,4,1,6,2,44,7,1998,1,3,8,1,8
2016010026644,1,1,0,18,0,0,0,0,0,0,1,1,6,3,-1,-1,-1,-1,-1,-1,-1,-1
2016010026648,1,9,0,16,0,0,0,0,0,0,1,1,6,2,32,6,1242,1,12,-1,-1,-1
2016010026648,2,9,0,17,0,0,0,0,0,0,1,1,6,1,17,4,1598,1,9,7,1,7
2016010026649,1,11,0,18,0,2,0,0,0,0,4,1,1,1,23,5,9360,2,6,3,1,3
2016010026650,1,21,4,18,0,8,0,4,0,0,3,1,1,1,48,8,-1,-1,-1,-1,-1,-1
2016010026650,2,9,0,3,0,8,0,0,0,0,3,1,6,1,42,7,1395,1,2,3,1,3
2016010026654,1,9,0,9,0,2,0,0,0,0,1,1,2,2,24,5,1240,1,6,5,1,5
2016010026654,2,1,0,18,0,1,0,0,0,0,1,1,2,2,29,6,-1,-1,-1,2,1,2
2016010026657,1,9,0,9,0,7,0,0,0,0,3,1,6,2,43,7,-1,-1,-1,3,1,3
2016010026657,2,4,0,13,0,8,0,0,0,0,4,1,6,1,23,5,249,1,5,3,1,3
2016010026668,1,5,0,18,0,8,0,0,0,0,3,1,6,1,33,6,599,1,7,6,1,6
2016010026668,2,9,0,9,0,8,0,0,0,0,1,1,6,3,-1,-1,-1,-1,-1,-1,-1,-1
2016010026723,1,3,0,13,0,8,0,0,0,0,3,1,6,1,23,5,125,1,10,5,1,5
2016010026723,2,19,0,9,0,8,0,0,0,0,3,1,6,1,-1,-1,-1,-1,-1,-1,-1,-1
2016010026729,1,3,0,14,0,1,0,0,0,0,1,1,1,1,24,5,124,1,-1,2,1,2
2016010026729,2,9,0,9,0,5,0,0,0,0,3,1,6,2,38,7,-1,-1,-1,3,1,3
2016010026730,1,9,0,18,0,0,0,4,0,0,4,1,6,1,26,6,1995,1,7,1,1,1
2016010026732,1,8,0,18,0,8,0,0,0,0,1,1,1,1,42,7,1797,8,4,5,1,5
2016010026732,2,19,0,12,0,8,1,10,6,0,1,1,6,1,50,8,2198,2,7,9,1,9
2016010026733,1,19,0,18,0,0,0,0,0,0,4,1,6,3,-1,-1,-1,-1,-1,-1,-1,-1
2016010026734,1,9,0,18,0,2,0,0,0,0,1,1,6,1,58,9,2000,2,10,3,1,3
2016010026735,1,9,0,6,0,0,0,0,0,0,3,1,1,1,30,6,-1,-1,-1,5,1,5
2016010026735,2,3,0,14,0,0,0,0,0,0,1,1,6,1,56,9,124,1,4,8,1,8
2016010026739,1,1,-1,-1,0,0,-1,-1,-1,0,-1,1,6,1,-1,-1,-1,-1,-1,3,1,3
2016010026739,2,8,0,-1,0,0,0,0,1,0,-1,-1,6,1,-1,-1,2499,2,2,-1,-1,-1
2016010026741,1,9,0,18,0,0,5,4,0,0,4,1,6,1,35,6,1598,1,11,6,1,6
2016010026743,1,9,0,18,0,8,0,0,0,0,4,1,6,2,52,8,-1,-1,-1,9,1,9
2016010026744,1,3,0,18,0,0,0,0,0,0,1,1,6,1,39,7,125,1,14,7,1,7
2016010026748,1,9,0,3,0,0,0,0,0,0,2,1,6,1,37,7,1797,8,5,3,1,3
2016010026748,2,9,0,18,0,0,0,0,0,0,1,1,6,3,-1,-1,1997,2,4,-1,-1,-1
2016010026750,1,8,0,9,0,8,0,0,0,0,1,1,1,1,52,8,1956,2,4,6,1,6
2016010026750,2,3,0,4,0,1,0,0,0,0,0,1,1,1,33,6,124,1,5,2,1,2
2016010026754,1,1,0,15,0,2,0,8,0,0,1,1,2,1,52,8,-1,-1,-1,4,1,4
2016010026754,2,9,0,3,0,2,0,0,0,0,4,1,6,3,-1,-1,1968,2,1,-1,-1,-1
2016010026755,1,9,0,9,0,8,0,0,0,0,1,1,6,3,-1,-1,3456,8,5,-1,-1,-1
2016010026755,2,1,0,18,0,8,0,0,0,0,3,1,6,2,21,5,-1,-1,-1,3,1,3
2016010026756,1,9,0,18,0,0,0,0,0,0,3,1,6,1,26,6,3999,1,8,8,1,8
2016010026756,2,9,0,13,0,0,1,10,7,2,1,1,6,1,-1,-1,1995,2,5,3,1,3
2016010026757,1,5,0,13,0,1,0,10,1,10,1,1,6,1,26,6,599,1,11,2,1,2
2016010026757,2,19,0,9,0,8,0,0,0,0,3,1,6,1,48,8,1248,2,9,2,1,2
2016010026758,1,19,0,18,0,0,0,4,0,0,1,1,6,1,30,6,1753,2,13,7,1,7
2016010026758,2,9,0,2,0,0,0,0,0,0,2,1,6,3,-1,-1,1198,1,2,-1,-1,-1
2016010026759,1,9,0,18,0,7,0,0,0,0,2,1,6,2,54,8,1240,1,12,3,1,3
2016010026759,2,9,0,5,0,7,0,0,0,0,1,1,6,1,41,7,1984,1,7,4,1,4
2016010026760,1,4,0,18,0,4,0,0,0,0,1,1,6,1,30,6,124,1,3,1,1,1
2016010026760,2,19,0,18,0,8,0,0,0,0,4,1,6,1,53,8,1461,2,5,5,1,5
2016010026762,1,1,0,14,0,0,0,8,0,0,1,1,6,1,32,6,-1,-1,-1,6,1,6
2016010026762,2,9,0,3,0,0,0,0,0,0,3,1,6,2,49,8,1595,2,7,9,1,9
2016010026764,1,9,0,4,0,0,0,0,0,0,2,1,6,2,29,6,1796,1,7,3,1,3
2016010026764,2,9,0,4,0,0,0,0,0,0,2,1,6,1,30,6,1797,8,6,3,1,3
2016010026764,3,9,0,4,0,0,0,0,0,0,1,1,6,1,20,4,1598,1,1,1,1,1
2016010026764,4,9,0,5,0,0,0,0,0,0,0,1,6,1,28,6,-1,-1,-1,3,1,3
2016010026766,1,9,0,18,0,8,0,4,0,0,4,1,6,1,30,6,1956,2,3,8,1,8
2016010026766,2,9,0,2,0,8,0,0,0,0,4,1,6,3,-1,-1,1364,1,8,-1,-1,-1
2016010026768,1,9,0,4,0,8,0,0,0,0,2,1,6,2,44,7,1998,1,8,4,1,4
2016010026768,2,9,0,5,0,8,0,0,0,0,1,1,6,1,36,7,1598,1,6,6,1,6
2016010026772,1,9,0,7,0,3,0,0,0,0,1,1,2,2,72,10,1299,1,14,10,1,10
2016010026775,1,8,0,18,0,0,0,4,0,0,1,1,1,1,39,7,2143,2,1,6,1,6
2016010026775,2,9,0,2,0,0,0,4,0,0,1,1,6,3,-1,-1,1248,1,4,-1,-1,-1
2016010026775,3,9,0,2,0,0,0,0,0,0,1,1,6,3,-1,-1,1242,1,14,-1,-1,-1
2016010026776,1,1,0,18,0,0,0,0,0,0,1,1,6,1,54,8,-1,-1,-1,7,1,7
2016010026776,2,9,0,9,0,0,0,0,0,0,3,-1,6,1,-1,-1,1124,1,15,-1,-1,-1
2016010026782,1,9,0,9,0,8,0,0,0,0,4,1,1,2,32,6,1998,1,12,9,1,9
2016010026782,2,9,0,18,0,8,0,0,0,0,1,1,6,1,-1,-1,2261,1,10,3,1,3
2016010026785,1,1,0,18,0,1,0,0,0,0,4,1,6,1,51,8,-1,-1,-1,8,1,8
2016010026785,2,9,0,5,0,1,0,0,0,0,3,1,6,1,-1,-1,1598,1,14,6,1,6
2016010026787,1,11,0,4,0,2,0,0,0,0,0,1,1,1,52,8,7300,2,12,4,1,4
2016010026790,1,8,0,18,0,8,0,0,0,0,1,1,1,1,42,7,1797,8,5,-1,-1,-1
2016010026791,1,9,0,9,0,8,0,0,0,0,3,1,6,1,59,9,1895,1,17,9,1,9
2016010026791,2,3,0,18,0,8,0,0,0,0,1,1,6,1,57,9,124,1,2,3,1,3
2016010026794,1,9,0,18,0,0,0,0,0,0,2,1,6,1,36,7,1798,8,2,7,1,7
2016010026794,2,9,0,18,0,0,0,0,0,0,1,1,6,1,43,7,1995,2,1,6,3,6
2016010026794,3,9,0,18,0,0,0,0,0,0,1,1,6,2,39,7,1995,2,1,3,1,3
2016010026795,1,19,0,18,0,8,0,0,0,0,2,1,6,1,40,7,-1,-1,-1,7,1,7
2016010026795,2,9,0,18,0,8,0,0,0,0,1,1,6,1,46,8,-1,-1,-1,6,1,6
2016010026798,1,9,0,18,9,1,0,10,0,0,1,1,6,3,-1,-1,-1,-1,-1,-1,-1,-1
2016010026800,1,9,0,16,0,8,0,0,0,0,2,1,1,1,53,8,1299,1,12,-1,-1,-1
2016010026800,2,9,0,18,0,8,0,0,0,0,1,1,6,1,-1,-1,1197,1,1,-1,-1,-1
2016010026800,3,9,0,18,0,8,0,0,0,0,1,1,2,1,-1,-1,1781,1,13,3,1,3
2016010026802,1,11,0,18,0,1,0,0,0,0,0,1,1,1,56,9,9000,2,7,6,1,6
2016010026805,1,9,0,1,0,1,0,0,0,0,2,1,1,1,32,6,1598,2,1,2,1,2
2016010026809,1,9,0,18,0,8,0,0,0,0,1,1,6,1,27,6,4497,1,4,2,1,2
2016010026809,2,9,0,18,0,8,0,0,7,0,2,1,6,1,-1,-1,3982,1,-1,-1,-1,-1
2016010026812,1,9,0,5,0,6,0,0,0,0,1,1,2,1,44,7,1390,1,3,-1,-1,-1
2016010026812,2,5,0,10,0,8,0,0,0,0,2,1,6,1,54,8,600,1,13,1,1,1
2016010026812,3,19,0,5,0,6,0,0,0,0,1,1,1,1,58,9,2198,2,2,2,1,2
2016010026815,1,9,0,18,0,0,0,0,0,0,3,1,6,1,35,6,1796,1,9,4,1,4
2016010026818,1,5,0,18,0,0,0,0,0,0,1,1,2,1,42,7,805,1,11,5,1,5
2016010026819,1,9,0,9,0,8,0,0,0,0,1,1,2,1,24,5,1896,2,8,9,1,9
2016010026819,2,3,0,14,0,8,0,0,0,0,1,1,1,1,43,7,125,1,1,2,1,2
2016010026824,1,9,0,9,0,8,0,0,0,0,0,1,6,2,47,8,1398,1,16,5,1,5
2016010026825,1,9,0,5,0,1,0,0,0,0,1,1,2,1,39,7,1798,1,10,4,1,4
2016010026825,2,3,0,5,0,1,0,0,0,0,2,1,2,2,37,7,-1,-1,-1,4,1,4
2016010026828,1,9,0,3,0,1,0,0,0,0,2,1,6,1,26,6,1896,2,10,1,1,1
2016010026828,2,9,0,4,0,1,0,0,0,0,1,1,6,1,47,8,1598,1,6,2,1,2
2016010026829,1,1,0,18,0,0,0,4,0,0,3,1,6,1,49,8,-1,-1,-1,3,1,3
2016010026829,2,9,0,1,0,0,0,0,0,0,4,1,6,2,35,6,1997,2,5,1,1,1
2016010026834,1,9,0,4,0,1,0,0,0,0,2,1,6,2,55,8,-1,-1,-1,2,1,2
2016010026834,2,9,0,18,0,1,0,0,0,0,0,1,6,1,36,7,1598,2,1,8,1,8
2016010026835,1,5,0,13,0,8,0,0,0,0,1,1,2,1,35,6,-1,-1,-1,-1,-1,-1
2016010026835,2,9,0,18,0,8,0,0,0,0,3,1,2,2,30,6,1560,2,9,9,1,9
2016010026845,1,9,0,9,0,0,0,0,0,0,1,1,2,1,42,7,1596,1,5,7,1,7
2016010026845,2,1,0,17,0,0,0,0,0,0,3,1,2,1,54,8,-1,-1,-1,3,1,3
2016010026846,1,9,0,3,0,1,0,0,0,0,2,1,6,1,-1,-1,2143,2,2,-1,-1,-1
2016010026846,2,9,0,18,0,1,0,0,0,0,1,1,6,1,37,7,1390,1,6,2,1,2
2016010026846,3,9,0,18,0,1,0,0,0,0,1,1,6,1,60,9,998,1,3,7,1,7
2016010026846,4,9,0,18,0,1,0,0,0,0,1,1,6,1,41,7,2204,2,10,4,1,4
2016010026847,1,1,0,18,2,1,0,0,0,0,1,1,6,1,36,7,-1,-1,-1,9,1,9
2016010026847,2,9,0,9,0,5,0,0,0,0,0,1,6,3,-1,-1,1461,2,1,-1,-1,-1
2016010026850,1,9,0,3,0,0,0,0,0,0,2,1,6,1,55,8,-1,-1,-1,2,1,2
2016010026850,2,9,0,4,0,0,0,0,0,0,1,1,6,1,27,6,-1,-1,-1,10,1,10
2016010026851,1,9,0,9,0,2,0,0,0,0,3,1,6,2,41,7,1390,1,8,6,1,6
2016010026855,1,9,0,9,0,0,0,0,0,0,4,1,6,1,26,6,1995,2,9,2,1,2
2016010026855,2,9,0,9,0,0,0,0,0,0,3,1,6,1,28,6,1600,1,17,4,1,4
2016010026856,1,2,0,18,0,8,0,0,0,0,1,1,6,1,22,5,-1,-1,-1,3,1,3
2016010026856,2,9,0,13,0,8,0,0,0,0,1,1,1,1,27,6,1598,1,13,4,1,4
2016010026861,1,8,0,18,0,8,0,7,0,0,3,1,6,1,35,6,2143,2,4,2,1,2
2016010026861,2,8,0,9,0,5,0,0,0,0,1,1,6,1,47,8,-1,-1,-1,8,1,8
2016010026864,1,9,0,5,0,8,0,0,0,0,3,1,6,1,21,5,998,1,3,9,1,9
2016010026864,2,9,0,18,0,8,0,0,0,0,1,1,6,1,46,8,-1,-1,-1,-1,-1,-1
2016010026872,1,9,0,18,0,8,0,0,0,0,1,1,6,2,43,7,1998,2,9,10,1,10
2016010026872,2,9,0,9,0,8,0,0,0,0,3,1,6,1,26,6,-1,-1,-1,-1,-1,-1
2016010026873,1,9,0,3,0,1,0,0,0,0,2,1,6,2,21,5,999,1,16,3,1,3
2016010026873,2,9,0,18,0,1,0,0,0,0,1,1,6,3,-1,-1,1796,1,16,-1,-1,-1
2016010026875,1,9,0,18,0,8,0,0,0,0,1,1,6,2,25,5,-1,-1,-1,4,1,4
2016010026875,2,11,0,4,0,8,0,0,0,0,2,1,1,1,52,8,3900,2,11,4,1,4
2016010026876,1,9,0,5,0,0,0,0,0,0,3,1,6,1,52,8,1598,2,4,5,1,5
2016010026876,2,9,0,18,0,0,0,0,0,0,4,1,6,1,-1,-1,2497,2,9,3,1,3
2016010026889,1,9,0,18,0,8,0,0,0,0,4,1,6,1,62,9,1998,2,12,10,1,10
2016010026891,1,3,0,13,0,8,0,0,0,0,1,1,6,1,18,4,125,1,8,8,1,8
2016010026891,2,9,0,9,0,8,0,0,0,0,2,1,6,1,48,8,1229,1,3,3,1,3
2016010026894,1,3,0,18,0,1,0,0,0,0,1,1,6,3,-1,-1,-1,-1,-1,-1,-1,-1
2016010026903,1,19,0,7,0,8,0,0,0,0,0,1,1,1,49,8,2198,2,2,9,1,9
2016010026903,2,1,0,18,0,8,0,0,0,0,0,1,6,1,74,10,-1,-1,-1,2,1,2