Accident_Index,Vehicle_Reference,Vehicle_Type,Towing_and_Articulation,Vehicle_Manoeuvre,Vehicle_Location-Restricted_Lane,Junction_Location,Skidding_and_Overturning,Hit_Object_in_Carriageway,Vehicle_Leaving_Carriageway,Hit_Object_off_Carriageway,1st_Point_of_Impact,Was_Vehicle_Left_Hand_Drive?,Journey_Purpose_of_Driver,Sex_of_Driver,Age_of_Driver,Age_Band_of_Driver,Engine_Capacity_(CC),Propulsion_Code,Age_of_Vehicle,Driver_IMD_Decile,Driver_Home_Area_Type,Vehicle_IMD_Decile
2016010026905,1,9,0,18,0,8,0,0,0,0,1,1,2,1,53,8,1997,1,2,9,1,9
2016010026905,2,9,0,5,0,8,0,0,2,10,4,1,2,1,49,8,1296,1,10,5,1,5
2016010026915,1,10,0,12,0,8,0,0,0,0,1,1,6,2,29,6,-1,-1,-1,-1,-1,-1
2016010026926,1,11,0,15,2,8,0,0,0,0,4,1,6,1,40,7,6700,2,7,8,1,8
2016010026926,2,1,0,18,2,8,0,0,0,0,3,1,6,2,26,6,-1,-1,-1,9,1,9
2016010026930,1,9,0,17,0,8,0,0,0,0,1,1,6,2,46,8,875,1,4,10,1,10
2016010026930,2,9,0,3,0,8,0,0,0,0,2,1,6,1,47,8,-1,-1,-1,10,1,10
2016010026932,1,3,0,18,0,1,0,0,0,0,1,1,6,3,-1,-1,244,1,10,-1,-1,-1
2016010026932,2,1,0,3,0,1,0,0,0,0,2,1,6,1,35,6,-1,-1,-1,3,1,3
2016010026935,1,4,0,18,0,8,0,0,0,0,4,1,6,1,22,5,125,1,-1,7,1,7
2016010026935,2,9,0,9,0,8,0,0,0,0,1,1,6,1,48,8,1998,1,16,8,1,8
2016010026939,1,8,0,7,0,8,0,0,0,0,1,1,2,1,48,8,1896,2,9,-1,-1,-1
2016010026941,1,9,0,3,0,0,0,0,0,0,3,1,6,3,-1,-1,1896,2,10,-1,-1,-1
2016010026941,2,1,0,18,0,0,0,4,0,0,4,1,6,1,18,4,-1,-1,-1,8,1,8
2016010026942,1,1,0,18,4,8,0,0,0,0,1,1,6,1,34,6,-1,-1,-1,4,1,4
2016010026942,2,8,0,9,0,8,0,0,0,0,1,-1,1,1,-1,-1,2387,2,13,3,1,3
2016010026947,1,11,0,3,0,1,0,0,0,0,2,1,1,1,47,8,6696,2,3,4,1,4
2016010026947,2,1,0,18,0,1,0,0,0,0,1,1,2,1,25,5,-1,-1,-1,3,1,3
2016010026950,1,8,0,9,0,5,0,0,0,0,3,1,2,1,44,7,1968,2,3,3,1,3
2016010026950,2,3,0,18,0,8,0,0,0,0,1,1,6,1,18,4,124,1,8,3,1,3
2016010026954,1,9,0,18,0,0,5,10,1,3,4,1,6,2,87,11,1248,1,5,10,1,10
2016010026962,1,1,0,18,0,8,0,0,0,0,1,1,1,2,30,6,-1,-1,-1,4,1,4
2016010026962,2,9,0,9,0,5,0,0,0,0,4,-1,6,2,-1,-1,1197,1,5,-1,-1,-1
2016010026963,1,9,0,4,0,8,0,0,0,0,2,1,6,2,36,7,-1,-1,-1,2,1,2
2016010026963,2,90,0,18,0,8,0,0,0,0,1,1,1,1,29,6,7142,2,8,5,1,5
2016010026969,1,9,0,9,0,8,0,0,0,0,2,1,6,1,33,6,1968,2,8,1,1,1
2016010026969,2,9,0,18,0,8,0,0,0,0,1,1,1,1,50,8,1598,1,3,4,1,4
2016010026975,1,9,0,18,0,0,0,0,0,0,1,1,6,1,-1,-1,-1,-1,-1,-1,-1,-1
2016010026983,1,90,0,18,0,8,0,0,0,0,1,1,1,1,61,9,2987,2,1,8,1,8
2016010026983,2,9,0,5,0,8,0,0,0,0,3,1,6,1,32,6,1240,1,9,9,1,9
2016010027039,1,21,0,18,0,0,0,5,0,0,1,1,1,1,44,7,12600,2,13,2,1,2
2016010027040,1,8,0,5,0,1,0,0,0,0,3,1,1,1,32,6,1595,1,10,3,1,3
2016010027040,2,20,0,9,0,1,0,0,0,0,4,1,6,3,-1,-1,10837,2,8,-1,-1,-1
2016010027042,1,5,0,18,0,0,0,0,0,0,1,1,6,1,65,9,499,1,13,8,1,8
2016010027042,2,9,0,5,0,0,0,0,0,0,3,1,6,2,18,4,1796,1,12,3,1,3
2016010027044,1,9,0,18,0,8,0,0,0,0,1,1,6,1,26,6,1396,1,11,5,3,5
2016010027044,2,9,0,18,0,8,0,0,0,0,3,1,6,1,-1,-1,1596,1,8,4,1,4
2016010027045,1,9,0,18,0,2,0,0,0,0,4,1,6,2,57,9,1995,2,5,1,1,1
2016010027049,1,11,0,18,0,2,0,0,0,0,0,1,1,1,29,6,4500,2,1,4,1,4
2016010027053,1,3,0,18,0,8,0,7,0,0,3,1,2,1,47,8,124,1,5,6,1,6
2016010027054,1,9,0,9,0,5,0,0,0,0,4,1,6,1,24,5,1995,1,9,2,1,2
2016010027054,2,4,0,15,0,1,0,10,7,0,3,1,6,1,28,6,-1,-1,-1,4,1,4
2016010027059,1,3,0,4,0,1,0,0,0,0,1,1,6,1,20,4,124,1,4,2,1,2
2016010027059,2,19,0,4,0,1,0,0,0,0,2,-1,6,3,-1,-1,-1,-1,-1,-1,-1,-1
2016010027060,1,9,0,7,0,8,0,0,0,0,3,1,6,1,61,9,1248,1,6,4,1,4
2016010027060,2,1,0,17,0,1,0,0,0,0,1,1,6,1,31,6,-1,-1,-1,3,1,3
2016010027062,1,9,0,18,0,0,0,0,0,0,3,1,6,1,26,6,1598,1,3,9,1,9
2016010027064,1,1,0,18,0,1,0,0,0,0,3,1,6,1,48,8,-1,-1,-1,-1,-1,-1
2016010027064,2,3,0,5,0,1,0,0,0,0,4,1,6,1,-1,-1,-1,-1,-1,-1,-1,-1
2016010027065,1,5,0,18,0,8,0,0,0,0,1,1,1,1,42,7,-1,-1,-1,-1,-1,-1
2016010027065,2,9,0,9,0,8,0,0,0,0,1,1,6,2,38,7,1896,2,18,7,1,7
2016010027067,1,9,0,18,0,1,0,0,0,0,2,1,6,1,46,8,1995,2,5,5,1,5
2016010027070,1,9,0,9,0,8,0,0,0,0,1,1,6,2,53,8,1329,1,4,9,1,9
2016010027070,2,1,0,18,0,8,0,0,0,0,4,1,6,1,37,7,-1,-1,-1,4,1,4
2016010027074,1,9,0,9,0,1,0,0,0,0,3,1,6,1,44,7,-1,-1,-1,4,1,4
2016010027074,2,9,0,14,0,1,0,0,0,0,1,1,6,1,43,7,1999,2,-1,7,1,7
2016010027075,1,3,0,18,0,1,0,0,0,0,1,1,6,1,27,6,109,1,2,5,1,5
2016010027079,1,1,0,18,0,1,0,0,0,0,3,1,6,1,41,7,-1,-1,-1,3,1,3
2016010027079,2,11,0,13,0,1,0,0,0,0,4,-1,6,3,-1,-1,-1,-1,-1,-1,-1,-1
2016010027081,1,9,0,3,0,1,0,0,0,0,2,1,6,1,26,6,1968,2,5,2,1,2
2016010027081,2,9,0,18,0,1,0,0,0,0,1,-1,6,1,-1,-1,1596,1,15,-1,-1,-1
2016010027082,1,9,0,18,0,8,0,0,0,0,1,1,1,1,27,6,1968,2,2,6,2,6
2016010027082,2,8,0,2,0,8,0,0,0,0,3,1,6,3,-1,-1,2979,1,13,-1,-1,-1
2016010027082,3,9,0,2,0,8,0,0,0,0,1,1,6,3,-1,-1,1461,2,8,-1,-1,-1
2016010027084,1,3,0,15,0,1,0,0,0,0,1,1,6,1,23,5,124,1,15,1,1,1
2016010027085,1,9,0,9,0,6,0,0,0,0,3,1,6,1,35,6,-1,-1,-1,3,1,3
2016010027085,2,4,0,14,0,1,0,0,0,0,1,1,6,1,43,7,689,1,-1,9,1,9
2016010027090,1,8,0,9,0,0,0,0,0,0,3,1,1,1,44,7,-1,-1,-1,1,1,1
2016010027090,2,1,0,13,0,0,0,0,0,0,4,1,6,1,28,6,-1,-1,-1,7,1,7
2016010027101,1,9,0,9,0,8,0,0,0,0,1,1,6,2,-1,-1,1600,1,12,5,1,5
2016010027101,2,1,0,18,0,8,0,0,0,0,2,1,6,2,27,6,-1,-1,-1,2,1,2
2016010027107,1,9,0,9,0,8,0,0,0,0,1,1,6,2,56,9,1242,1,2,4,1,4
2016010027107,2,9,0,18,0,8,0,0,0,0,1,1,6,1,26,6,2698,2,8,3,1,3
2016010027110,1,9,0,18,0,8,0,0,0,0,4,1,6,2,52,8,1600,2,5,7,1,7
2016010027110,2,9,0,18,0,8,0,0,0,0,3,1,6,1,24,5,-1,-1,-1,2,1,2
2016010027112,1,4,0,18,0,8,0,0,0,0,3,1,6,1,19,4,125,1,-1,9,1,9
2016010027112,2,9,0,5,0,8,0,0,0,0,1,1,6,1,56,9,1124,1,12,5,1,5
2016010027113,1,5,0,13,0,5,0,0,0,0,4,1,6,1,45,7,649,1,4,3,1,3
2016010027113,2,9,0,9,0,1,0,0,0,0,3,1,1,1,-1,-1,2231,2,3,2,1,2
2016010027119,1,9,0,3,0,1,0,0,0,0,2,1,2,1,52,8,2497,2,11,5,1,5
2016010027119,2,9,0,18,0,1,0,0,0,0,1,1,6,1,55,8,1560,2,10,-1,-1,-1
2016010027121,1,9,0,18,0,2,0,0,0,0,3,1,6,1,24,5,2143,2,2,10,1,10
2016010027122,1,8,0,7,0,8,0,0,0,0,1,1,1,1,52,8,1956,2,-1,3,1,3
2016010027122,2,5,0,18,0,8,0,0,0,0,4,1,2,1,-1,-1,1198,1,1,9,1,9
2016010027123,1,9,0,18,0,0,0,0,0,0,1,1,6,1,24,5,1797,8,1,6,1,6
2016010027123,2,19,0,3,0,0,0,0,0,0,1,1,1,1,66,10,2402,2,13,6,1,6
2016010027124,1,9,0,18,0,0,0,0,0,0,3,1,6,2,53,8,1197,1,1,8,1,8
2016010027124,2,9,0,18,0,0,0,0,0,0,1,1,4,1,41,7,1329,1,1,2,1,2
2016010027124,3,9,0,13,0,0,0,0,0,0,3,1,6,1,25,5,2000,2,11,3,1,3
2016010027127,1,9,0,3,0,0,0,0,0,0,2,1,6,1,65,9,2776,2,10,3,1,3
2016010027127,2,9,0,18,0,0,0,0,0,0,1,1,6,1,49,8,1364,1,4,4,1,4
2016010027128,1,3,0,14,0,1,0,0,0,0,1,1,6,1,-1,-1,-1,-1,-1,-1,-1,-1
2016010027134,1,11,0,4,0,1,0,0,0,0,0,1,1,2,53,8,4500,2,1,3,1,3
2016010027136,1,9,0,18,0,8,0,0,0,0,4,1,6,2,51,8,2967,1,15,9,1,9
2016010027136,2,9,0,9,0,8,0,0,0,0,1,1,6,2,31,6,1596,1,9,8,1,8
2016010027137,1,9,0,18,0,0,0,4,0,0,1,1,6,1,44,7,3200,1,10,4,1,4
2016010027137,2,9,5,2,0,0,0,4,0,0,0,1,6,3,-1,-1,1390,1,14,-1,-1,-1
2016010027137,3,9,0,2,0,0,0,0,0,0,2,1,6,3,-1,-1,1198,1,5,-1,-1,-1
2016010027139,1,9,0,5,0,8,0,0,0,0,4,1,6,1,50,8,2982,2,9,-1,-1,-1
2016010027140,1,9,0,9,0,8,0,0,0,0,1,1,6,1,18,4,1000,1,-1,3,1,3
2016010027140,2,5,0,18,0,8,0,0,0,0,3,1,6,1,36,7,1584,1,9,3,1,3
2016010027141,1,9,0,18,0,6,0,0,0,0,1,1,6,1,40,7,1582,2,8,1,1,1
2016010027141,2,1,0,18,0,8,0,0,0,0,4,1,6,2,28,6,-1,-1,-1,3,1,3
2016010027142,1,9,0,17,0,1,0,0,0,0,1,1,6,3,-1,-1,-1,-1,-1,-1,-1,-1
2016010027146,1,9,0,4,0,1,0,0,0,0,4,1,1,1,37,7,-1,-1,-1,4,1,4
2016010027146,2,4,0,3,0,1,0,0,0,0,3,1,6,1,27,6,125,1,-1,3,1,3
2016010027151,1,9,0,18,0,0,0,0,0,0,2,1,6,1,38,7,1968,2,10,4,1,4
2016010027151,2,9,0,4,0,0,0,0,0,0,1,1,6,1,-1,-1,-1,-1,-1,-1,-1,-1
2016010027153,1,9,0,1,0,0,0,0,0,0,3,1,6,1,53,8,1997,1,13,6,1,6
2016010027154,1,9,0,3,0,1,0,0,0,0,1,1,6,2,36,7,1396,1,2,4,1,4
2016010027154,2,9,0,8,0,2,0,0,0,0,1,1,6,3,-1,-1,-1,-1,-1,-1,-1,-1
2016010027156,1,3,0,13,0,0,0,0,0,0,1,1,6,2,27,6,125,1,-1,4,1,4
2016010027156,2,11,0,18,0,0,0,0,0,0,3,1,1,1,53,8,4500,2,-1,3,1,3
2016010027159,1,9,0,7,0,5,0,0,0,0,1,1,6,1,60,9,-1,-1,-1,5,1,5
2016010027161,1,9,0,5,0,1,0,0,0,0,1,1,6,1,27,6,2497,2,11,5,1,5
2016010027161,2,9,0,5,0,1,0,0,0,0,1,1,6,1,36,7,1796,1,12,4,1,4
2016010027162,1,1,0,14,0,8,0,0,0,0,4,1,6,1,24,5,-1,-1,-1,5,1,5
2016010027162,2,11,0,9,0,8,0,0,0,0,3,1,6,1,-1,-1,-1,-1,-1,-1,-1,-1
2016010027162,3,8,0,3,0,1,0,0,0,0,3,-1,6,1,-1,-1,-1,-1,-1,-1,-1,-1
2016010027165,1,9,0,3,0,8,0,0,0,0,2,1,6,2,40,7,1596,1,13,5,1,5
2016010027165,2,19,-1,5,0,8,0,0,0,0,1,1,6,3,-1,-1,1753,2,10,-1,-1,-1
2016010027167,1,9,0,18,0,8,0,0,0,0,1,1,6,1,60,9,2295,1,16,9,1,9
2016010027167,2,1,0,18,0,8,0,0,0,0,4,1,6,2,45,7,-1,-1,-1,5,1,5
2016010027174,1,1,0,18,2,0,1,0,0,0,1,1,2,2,30,6,-1,-1,-1,-1,-1,-1
2016010027174,2,9,0,3,0,0,0,0,0,0,3,1,1,2,-1,-1,-1,-1,-1,-1,-1,-1
2016010027175,1,9,0,18,0,8,0,0,0,0,4,1,6,2,27,6,999,1,3,2,1,2
2016010027175,2,9,0,18,0,4,0,0,0,0,1,1,6,3,-1,-1,1499,1,1,-1,-1,-1
2016010027176,1,9,0,1,0,8,0,0,0,0,2,1,6,1,34,6,1598,1,11,5,1,5
2016010027176,2,9,0,18,0,8,0,0,0,0,4,1,6,2,47,8,1995,2,5,4,1,4
2016010027177,1,9,0,1,0,0,0,0,0,0,2,1,6,1,-1,-1,-1,-1,-1,-1,-1,-1
2016010027185,1,9,0,3,0,0,0,0,0,0,2,1,6,2,23,5,1364,1,1,7,1,7
2016010027185,2,9,0,18,0,0,0,0,0,0,1,1,6,3,-1,-1,-1,-1,-1,-1,-1,-1
2016010027187,1,9,0,18,0,0,0,0,0,0,1,1,6,2,21,5,1199,1,14,2,1,2
2016010027187,2,1,0,18,0,0,0,0,0,0,2,1,6,1,61,9,-1,-1,-1,-1,-1,-1
2016010027192,1,8,0,18,0,0,0,0,0,0,3,1,6,3,-1,-1,-1,-1,-1,-1,-1,-1
2016010027195,1,9,0,18,0,8,0,0,0,0,3,1,6,2,41,7,-1,-1,-1,7,1,7
2016010027195,2,9,0,18,0,8,0,0,0,0,1,1,6,2,49,8,1896,2,12,3,1,3
2016010027204,1,9,0,18,0,8,0,0,0,0,1,1,6,1,26,6,2597,1,14,2,1,2
2016010027204,2,9,0,9,0,8,0,0,0,0,4,1,6,2,26,6,1299,1,10,6,1,6
2016010027209,1,1,0,18,0,8,0,0,0,0,3,1,6,1,31,6,-1,-1,-1,5,1,5
2016010027209,2,9,0,9,0,5,0,0,0,0,1,-1,6,2,-1,-1,875,1,5,-1,-1,-1
2016010027217,1,9,0,18,0,1,0,0,0,0,1,1,2,2,54,8,1910,2,8,5,1,5
2016010027217,2,1,0,17,0,2,0,0,0,0,1,1,6,2,32,6,-1,-1,-1,1,1,1
2016010027221,1,9,0,9,0,8,0,0,0,0,4,1,6,1,-1,-1,2494,2,1,4,1,4
2016010027221,2,1,0,17,0,8,0,0,0,0,1,1,6,2,44,7,-1,-1,-1,7,1,7
2016010027222,1,8,0,18,0,8,0,0,0,0,1,1,1,1,46,8,1968,2,6,1,1,1
2016010027224,1,9,0,6,0,8,0,0,0,0,2,1,6,1,37,7,1395,1,3,8,1,8
2016010027224,2,5,0,18,0,8,0,0,0,0,4,1,6,1,45,7,125,1,2,7,1,7
2016010027230,1,9,0,3,0,8,0,0,0,0,2,1,6,1,40,7,1240,1,12,2,1,2
2016010027230,2,9,0,18,0,8,0,0,0,0,1,1,6,3,-1,-1,-1,-1,-1,-1,-1,-1
2016010027234,1,9,0,18,0,1,0,0,0,0,4,1,6,1,19,4,1400,1,10,2,1,2
2016010027236,1,9,0,3,0,0,0,0,0,0,2,1,1,1,-1,-1,-1,-1,-1,-1,-1,-1
2016010027236,2,8,0,3,0,0,0,0,0,0,2,1,1,1,39,7,1797,8,4,2,1,2
2016010027236,3,19,0,18,0,0,0,0,0,0,1,1,1,1,25,5,1968,2,1,8,1,8
2016010027239,1,9,0,5,0,8,0,0,0,0,1,1,6,1,38,7,998,1,8,-1,-1,-1
2016010027239,2,9,0,17,0,8,0,0,0,0,1,1,6,1,58,9,3498,1,10,4,1,4
2016010027248,1,3,0,5,0,8,0,0,0,0,1,1,6,1,23,5,125,1,3,1,1,1
2016010027248,2,8,0,9,0,5,0,0,0,0,1,1,6,1,65,9,2499,2,9,1,1,1
2016010027250,1,3,0,9,0,8,0,0,0,0,1,1,6,1,18,4,125,1,3,-1,-1,-1
2016010027250,2,8,0,9,0,8,0,0,0,0,0,1,1,1,54,8,2402,2,10,-1,-1,-1
2016010027253,1,8,0,7,0,8,0,0,0,0,1,1,1,2,55,8,-1,-1,-1,2,1,2
2016010027253,2,3,0,18,0,8,0,0,0,0,4,1,6,1,31,6,124,1,3,5,1,5
2016010027255,1,9,0,9,0,8,0,0,0,0,1,1,6,1,66,10,2204,2,9,3,1,3
2016010027255,2,1,0,18,0,8,0,0,0,0,3,1,6,1,41,7,-1,-1,-1,4,1,4
2016010027263,1,9,0,9,0,8,0,0,0,0,4,1,1,1,40,7,1229,1,5,7,1,7
2016010027263,2,9,0,18,0,8,0,0,0,0,1,1,6,1,-1,-1,-1,-1,-1,-1,-1,-1
2016010027263,3,9,0,18,0,8,0,0,0,0,1,1,6,2,26,6,1388,1,14,4,1,4
2016010027264,1,1,0,4,0,8,0,0,0,0,4,1,2,1,58,9,-1,-1,-1,3,1,3
2016010027264,2,8,0,18,0,4,0,0,0,0,1,-1,1,1,-1,-1,1968,2,4,2,1,2
2016010027317,1,9,0,13,0,1,0,0,0,0,0,1,1,1,37,7,1248,1,-1,2,1,2
2016010027317,2,1,0,9,0,1,0,0,0,0,2,1,6,2,23,5,-1,-1,-1,4,1,4
2016010027323,1,9,0,13,0,2,0,0,0,0,4,1,6,1,30,6,1984,1,-1,2,1,2
2016010027323,2,1,0,18,0,2,0,0,0,0,3,1,6,1,30,6,-1,-1,-1,2,1,2
2016010027325,1,4,0,15,0,1,0,0,0,0,1,1,2,1,29,6,125,1,-1,9,1,9
2016010027325,2,10,0,7,0,5,0,0,0,0,4,1,1,1,44,7,-1,-1,-1,2,1,2
2016010027326,1,20,0,9,0,8,0,0,0,0,1,1,1,1,38,7,-1,-1,-1,5,1,5
2016010027326,2,1,0,18,0,8,0,0,0,0,3,1,6,1,29,6,-1,-1,-1,3,1,3
2016010027332,1,11,0,18,0,2,0,0,0,0,0,1,1,1,52,8,7300,2,10,4,1,4
2016010027333,1,9,0,7,0,8,0,0,0,0,4,1,6,1,28,6,1796,1,9,3,1,3
2016010027333,2,1,0,18,0,8,0,0,0,0,1,1,2,2,30,6,-1,-1,-1,3,1,3
2016010027337,1,9,0,2,0,2,0,0,0,0,2,1,6,3,-1,-1,2143,2,-1,-1,-1,-1
2016010027337,2,9,0,18,0,2,0,8,0,0,1,1,6,1,71,10,2148,2,11,7,1,7
2016010027343,1,1,0,18,0,8,0,0,0,0,3,1,2,2,29,6,-1,-1,-1,-1,-1,-1
2016010027343,2,9,0,9,0,8,0,0,0,0,1,1,6,3,-1,-1,2495,2,21,-1,-1,-1
2016010027348,1,4,0,18,0,8,0,0,0,0,4,1,6,1,46,8,249,1,12,4,1,4
2016010027354,1,9,0,18,0,2,0,0,0,0,4,1,6,1,81,11,1995,1,12,5,1,5
2016010027354,2,1,0,18,0,2,0,0,0,0,3,1,6,1,22,5,-1,-1,-1,1,1,1
2016010027355,1,9,0,18,0,1,0,0,0,0,3,1,6,1,-1,-1,1798,1,-1,-1,-1,-1
2016010027358,1,9,0,3,0,0,0,0,0,0,3,1,6,1,33,6,1560,2,5,3,1,3
2016010027358,2,1,0,14,0,0,0,0,0,0,4,1,6,1,26,6,-1,-1,-1,2,1,2
2016010027362,1,9,0,9,0,8,0,0,0,0,1,1,2,2,50,8,1560,2,1,9,1,9
2016010027362,2,1,0,18,0,8,0,0,0,0,1,1,2,1,71,10,-1,-1,-1,-1,-1,-1
2016010027366,1,3,0,16,0,1,0,0,0,0,0,1,6,1,-1,-1,-1,-1,-1,-1,-1,-1
2016010027371,1,1,0,18,0,2,0,0,0,0,4,1,2,1,47,8,-1,-1,-1,2,1,2
2016010027371,2,9,0,18,0,2,0,0,0,0,1,-1,6,3,-1,-1,-1,-1,-1,-1,-1,-1
2016010027377,1,9,0,9,0,6,0,0,0,0,1,1,6,1,48,8,2987,2,6,4,1,4
2016010027377,2,1,0,17,0,1,0,0,0,0,1,1,2,1,18,4,-1,-1,-1,3,1,3
2016010027381,1,9,0,18,0,0,0,0,0,0,1,1,6,1,68,10,-1,-1,-1,4,1,4
2016010027384,1,9,0,9,0,8,0,0,0,0,1,1,6,1,32,6,998,1,5,2,1,2
2016010027384,2,5,0,17,0,8,0,0,0,0,1,1,6,1,55,8,582,1,5,6,1,6
2016010027388,1,1,0,3,0,1,0,0,0,0,2,1,6,1,35,6,-1,-1,-1,5,1,5
2016010027388,2,9,0,18,0,1,0,0,0,0,1,1,6,1,-1,-1,1598,1,11,-1,-1,-1
2016010027389,1,9,0,18,0,8,5,4,0,0,1,1,6,1,71,10,1998,1,13,7,3,7
2016010027389,2,9,0,2,0,8,0,0,0,0,3,1,6,3,-1,-1,1396,1,4,-1,-1,-1
2016010027390,1,19,0,7,0,5,0,0,0,0,4,1,2,1,36,7,2198,2,1,4,1,4
2016010027390,2,3,0,18,0,8,0,0,0,0,3,1,2,1,34,6,124,1,12,2,1,2
2016010027391,1,9,0,3,0,1,0,0,0,0,2,1,2,1,43,7,2499,2,14,2,1,2
2016010027391,2,9,0,18,0,1,0,0,0,0,1,1,6,3,-1,-1,2993,2,7,-1,-1,-1
2016010027392,1,9,0,10,0,1,0,0,0,0,2,1,6,2,21,5,1242,1,13,2,1,2
2016010027392,2,9,-1,18,0,1,-1,0,0,0,1,1,6,3,-1,-1,-1,-1,-1,-1,-1,-1
2016010027398,1,9,0,7,0,0,0,0,0,0,1,1,6,1,18,4,-1,-1,-1,2,1,2
2016010027406,1,1,0,14,0,0,0,0,0,0,1,1,6,1,36,7,-1,-1,-1,3,1,3
2016010027409,1,19,0,18,0,8,0,0,0,0,1,1,6,1,35,6,2198,2,5,-1,-1,-1
2016010027409,2,9,0,18,0,8,0,0,0,0,4,1,6,2,40,7,2231,2,9,4,1,4
2016010027411,1,1,0,18,0,1,0,0,0,0,1,1,6,2,33,6,-1,-1,-1,5,1,5
2016010027411,2,9,0,7,0,5,0,0,0,0,4,1,6,1,-1,-1,-1,-1,-1,-1,-1,-1
2016010027413,1,9,0,9,0,8,0,0,0,0,3,1,2,2,21,5,-1,-1,-1,8,1,8
2016010027413,2,1,0,18,0,8,0,0,0,0,1,1,6,1,12,3,-1,-1,-1,5,1,5
2016010027416,1,9,0,18,0,1,0,0,0,0,1,1,1,1,48,8,-1,-1,-1,7,1,7
2016010027416,2,1,0,18,0,1,0,0,0,0,1,1,6,1,11,3,-1,-1,-1,2,1,2
2016010027417,1,1,0,18,0,0,0,0,0,0,3,1,6,2,28,6,-1,-1,-1,4,1,4
2016010027417,2,9,0,11,0,0,0,0,0,0,4,-1,6,1,-1,-1,1298,1,16,1,1,1
2016010027419,1,9,0,3,0,1,0,0,0,0,2,1,6,1,47,8,1999,2,-1,1,1,1
2016010027419,2,9,0,18,0,1,0,0,0,0,1,1,6,3,-1,-1,-1,-1,-1,-1,-1,-1
2016010027422,1,20,0,18,0,1,0,0,0,0,1,1,1,1,31,6,-1,-1,-1,4,1,4
2016010027424,1,8,0,18,0,1,0,7,0,0,3,1,1,1,44,7,1797,8,6,1,1,1
2016010027425,1,9,0,7,0,8,0,0,0,0,1,1,1,1,31,6,1199,1,15,3,1,3
2016010027425,2,9,0,18,0,8,0,0,0,0,1,1,1,1,34,6,1595,1,3,9,1,9
2016010027429,1,1,0,18,0,0,0,0,0,0,1,1,6,1,20,4,-1,-1,-1,3,1,3
2016010027432,1,3,0,13,0,0,0,0,0,0,1,1,1,1,28,6,125,1,7,3,1,3
2016010027432,2,9,0,18,0,0,0,0,0,0,1,1,6,1,20,4,1461,2,2,3,1,3
2016010027432,3,9,0,18,0,0,0,0,0,0,3,1,6,2,46,8,1198,1,13,9,1,9
2016010027436,1,5,0,18,0,8,0,0,0,0,3,1,6,1,45,7,108,1,6,6,1,6
2016010027436,2,9,0,1,0,8,0,0,0,0,2,1,6,3,-1,-1,1389,1,12,-1,-1,-1
2016010027441,1,9,0,3,0,1,0,0,0,0,2,1,6,1,52,8,-1,-1,-1,9,1,9
2016010027441,2,9,0,4,0,1,0,0,0,0,1,1,6,1,45,7,1896,2,11,4,1,4
2016010027444,1,11,0,5,0,0,0,0,0,0,0,1,1,1,58,9,4500,2,2,-1,-1,-1
2016010027445,1,9,0,18,0,8,0,0,0,0,1,1,6,1,31,6,1791,8,4,1,1,1
2016010027445,2,9,0,1,0,8,0,0,0,0,2,-1,6,2,-1,-1,1560,2,8,-1,-1,-1
2016010027451,1,9,0,9,0,8,0,0,0,0,1,1,1,1,48,8,-1,-1,-1,9,1,9
2016010027451,2,1,0,18,0,8,1,0,0,0,1,1,4,1,14,3,-1,-1,-1,4,1,4
2016010027452,1,9,0,15,0,1,0,0,0,0,1,1,2,1,40,7,1896,2,14,4,1,4
2016010027459,1,1,0,5,0,8,0,0,0,0,1,1,2,2,-1,-1,-1,-1,-1,-1,-1,-1
2016010027459,2,9,0,9,0,8,0,0,0,0,1,1,6,1,-1,-1,-1,-1,-1,-1,-1,-1
2016010027460,1,9,0,2,0,0,0,0,0,0,3,1,6,3,-1,-1,1390,1,17,-1,-1,-1
2016010027460,2,9,0,2,0,0,0,0,0,0,4,1,6,3,-1,-1,2993,2,11,-1,-1,-1
2016010027460,3,9,0,2,0,0,0,0,0,0,3,1,6,3,-1,-1,5000,1,2,-1,-1,-1
2016010027460,4,9,0,2,0,0,0,0,0,0,4,1,6,3,-1,-1,1395,1,-1,-1,-1,-1
2016010027460,5,9,0,2,0,0,0,0,0,0,3,1,6,3,-1,-1,1598,2,4,-1,-1,-1
2016010027460,6,9,0,2,0,0,0,0,0,0,4,1,6,3,-1,-1,1598,1,13,-1,-1,-1
2016010027460,7,9,0,2,0,0,0,0,0,0,3,1,6,3,-1,-1,1781,1,11,-1,-1,-1
2016010027460,8,9,0,18,0,0,0,4,0,0,1,1,6,1,-1,-1,2993,2,-1,2,1,2
2016010027461,1,11,0,18,2,8,0,0,0,0,3,1,1,1,51,8,9360,2,6,1,1,1
2016010027461,2,9,0,7,2,8,0,0,0,0,4,1,6,2,67,10,1598,2,-1,4,1,4
2016010027463,1,9,0,7,0,8,0,0,0,0,1,1,6,1,32,6,-1,-1,-1,2,1,2
2016010027463,2,1,0,18,0,8,0,0,0,0,1,1,1,1,-1,-1,-1,-1,-1,-1,-1,-1
2016010027467,1,9,0,10,0,1,0,0,0,0,3,1,6,1,33,6,-1,-1,-1,2,1,2
2016010027467,2,9,0,6,0,8,0,0,0,0,1,1,6,3,-1,-1,-1,-1,-1,-1,-1,-1
2016010027470,1,9,0,18,0,0,0,0,0,0,1,1,6,2,38,7,1229,1,2,2,1,2
2016010027470,2,9,0,18,0,0,0,0,0,0,1,1,6,3,-1,-1,-1,-1,-1,-1,-1,-1
2016010027472,1,9,0,6,0,2,0,0,0,0,3,1,6,1,36,7,1796,1,7,3,1,3