Accident_Index,Vehicle_Reference,Vehicle_Type,Towing_and_Articulation,Vehicle_Manoeuvre,Vehicle_Location-Restricted_Lane,Junction_Location,Skidding_and_Overturning,Hit_Object_in_Carriageway,Vehicle_Leaving_Carriageway,Hit_Object_off_Carriageway,1st_Point_of_Impact,Was_Vehicle_Left_Hand_Drive?,Journey_Purpose_of_Driver,Sex_of_Driver,Age_of_Driver,Age_Band_of_Driver,Engine_Capacity_(CC),Propulsion_Code,Age_of_Vehicle,Driver_IMD_Decile,Driver_Home_Area_Type,Vehicle_IMD_Decile
2016010027472,2,3,0,13,0,2,0,0,0,0,1,1,6,1,28,6,125,1,1,3,1,3
2016010027477,1,8,0,9,0,8,0,0,0,0,0,1,1,1,31,6,-1,-1,-1,3,1,3
2016010027477,2,3,0,18,0,8,0,0,0,0,3,1,2,1,28,6,125,1,1,2,1,2
2016010027479,1,9,0,18,0,8,0,0,0,0,4,1,6,1,42,7,2143,2,1,5,1,5
2016010027485,1,9,0,3,0,8,0,0,0,0,2,1,6,2,29,6,1582,2,8,2,1,2
2016010027485,2,9,0,4,0,8,0,0,0,0,1,-1,6,2,-1,-1,-1,-1,-1,-1,-1,-1
2016010027487,1,9,0,18,0,0,0,0,0,0,4,1,6,2,-1,-1,1796,1,9,2,1,2
2016010027487,2,9,0,12,0,0,0,0,0,0,3,1,6,3,-1,-1,-1,-1,-1,-1,-1,-1
2016010027489,1,1,0,18,4,1,0,0,0,0,3,1,2,1,25,5,-1,-1,-1,3,1,3
2016010027489,2,19,0,7,4,5,0,0,0,0,4,-1,6,3,-1,-1,-1,-1,-1,-1,-1,-1
2016010027493,1,9,0,4,0,8,0,0,0,0,2,1,6,2,38,7,1598,1,9,2,1,2
2016010027493,2,9,0,18,0,8,0,0,0,0,1,1,6,3,-1,-1,1598,1,11,-1,-1,-1
2016010027499,1,9,0,18,0,1,0,7,0,0,1,1,1,1,27,6,1560,2,2,2,1,2
2016010027500,1,9,0,3,0,8,0,0,0,0,2,1,6,1,53,8,1995,2,7,5,1,5
2016010027500,2,9,0,18,0,8,0,0,0,0,1,1,6,3,-1,-1,998,1,1,-1,-1,-1
2016010027504,1,1,0,18,0,0,0,0,0,0,1,1,6,1,-1,-1,-1,-1,-1,-1,-1,-1
2016010027506,1,9,0,3,0,8,0,0,0,0,2,1,6,1,43,7,1596,1,8,2,1,2
2016010027506,2,9,0,18,0,8,0,0,0,0,1,1,6,3,-1,-1,1368,1,7,-1,-1,-1
2016010027509,1,11,0,18,0,8,0,0,0,0,1,1,1,1,62,9,7300,2,12,4,1,4
2016010027511,1,9,0,18,0,8,0,0,0,0,1,1,1,1,54,8,-1,-1,-1,3,1,3
2016010027512,1,9,0,4,0,8,0,0,0,0,0,1,6,2,28,6,1598,1,4,4,1,4
2016010027515,1,9,0,5,9,8,0,10,1,4,3,1,6,2,60,9,2488,1,11,7,1,7
2016010027518,1,19,0,3,0,8,0,0,0,0,4,1,6,3,-1,-1,-1,-1,-1,-1,-1,-1
2016010027518,2,1,0,18,0,8,0,0,0,0,1,1,6,1,35,6,-1,-1,-1,2,1,2
2016010027520,1,1,0,18,0,8,0,0,0,0,1,1,2,2,25,5,-1,-1,-1,5,1,5
2016010027520,2,9,0,7,0,8,0,0,0,0,4,-1,6,1,-1,-1,1595,1,16,-1,-1,-1
2016010027526,1,9,0,8,0,1,0,0,0,0,2,1,6,2,29,6,998,1,12,1,1,1
2016010027526,2,9,0,18,0,1,0,0,0,0,1,-1,6,3,-1,-1,-1,-1,-1,-1,-1,-1
2016010027527,1,3,0,14,0,1,0,0,0,0,1,1,1,1,19,4,125,1,-1,2,1,2
2016010027529,1,4,0,18,0,8,0,0,0,0,0,1,6,1,-1,-1,-1,-1,-1,-1,-1,-1
2016010027534,1,19,0,18,0,0,0,0,0,0,3,1,1,1,56,9,1995,2,3,4,1,4
2016010027534,2,3,0,13,0,0,0,0,0,0,4,1,6,1,36,7,-1,-1,-1,2,1,2
2016010027536,1,1,0,18,0,0,0,4,0,0,1,1,2,1,63,9,-1,-1,-1,10,1,10
2016010027536,2,9,0,2,0,0,0,0,0,0,2,1,6,3,-1,-1,1995,2,8,-1,-1,-1
2016010027539,1,9,0,3,0,8,0,-1,0,0,2,1,6,2,26,6,1399,1,-1,4,1,4
2016010027539,2,9,0,5,0,8,0,0,0,0,1,1,6,2,-1,-1,2199,2,6,-1,-1,-1
2016010027542,1,9,0,9,0,5,0,0,0,0,4,1,2,1,33,6,1598,1,12,3,1,3
2016010027542,2,1,0,18,0,8,0,0,0,0,1,1,6,2,32,6,-1,-1,-1,2,1,2
2016010027545,1,9,0,9,0,8,0,0,0,0,1,1,2,1,63,9,-1,-1,-1,9,1,9
2016010027545,2,3,0,13,0,8,0,0,0,0,1,1,6,1,21,5,-1,-1,-1,3,1,3
2016010027550,1,8,0,9,0,5,0,0,0,0,3,1,1,1,52,8,1997,2,2,8,1,8
2016010027550,2,3,0,13,0,8,0,0,0,0,4,1,1,1,30,6,108,1,2,2,1,2
2016010027555,1,8,0,4,0,8,0,0,0,0,2,1,1,1,69,10,1796,1,6,4,1,4
2016010027555,2,9,0,15,0,8,0,0,0,0,1,1,2,1,41,7,1368,1,7,9,1,9
2016010027555,3,9,0,18,0,8,0,0,0,0,2,1,6,1,27,6,1598,2,4,8,1,8
2016010027621,1,3,0,14,0,0,0,0,0,0,1,1,6,1,26,6,-1,-1,-1,2,1,2
2016010027622,1,9,0,10,0,1,0,0,0,0,4,1,1,1,63,9,1560,2,1,9,1,9
2016010027622,2,9,0,14,0,2,0,0,0,0,4,1,6,3,-1,-1,1390,1,13,-1,-1,-1
2016010027622,3,9,0,3,0,2,0,0,0,0,3,1,1,1,49,8,1968,2,1,7,1,7
2016010027623,1,1,0,18,0,8,0,0,0,0,3,1,6,1,20,4,-1,-1,-1,5,1,5
2016010027623,2,9,0,9,0,8,0,0,0,0,1,1,6,3,-1,-1,1896,2,12,-1,-1,-1
2016010027626,1,9,0,9,0,8,0,0,0,0,1,1,3,2,50,8,-1,-1,-1,9,1,9
2016010027626,2,1,0,18,0,8,0,0,0,0,1,1,2,1,56,9,-1,-1,-1,10,1,10
2016010027627,1,9,0,9,0,1,0,0,0,0,3,1,6,1,49,8,1364,1,10,4,1,4
2016010027627,2,9,0,18,0,1,0,0,0,0,1,1,6,1,30,6,1598,1,8,2,1,2
2016010027628,1,9,0,18,0,8,0,0,0,0,1,1,6,1,30,6,1995,2,8,2,1,2
2016010027628,2,9,0,9,0,8,0,0,0,0,4,1,6,2,-1,-1,1798,1,9,1,1,1
2016010027631,1,8,0,10,0,8,0,0,0,0,2,1,1,1,32,6,1798,8,1,1,1,1
2016010027631,2,9,0,18,0,8,0,0,0,0,1,1,6,1,51,8,1596,1,12,3,1,3
2016010027632,1,1,0,18,0,8,0,0,0,0,1,1,6,1,44,7,-1,-1,-1,-1,-1,-1
2016010027632,2,9,0,9,0,5,0,0,0,0,4,1,6,1,63,9,-1,-1,-1,2,1,2
2016010027634,1,8,0,4,0,8,0,0,0,0,2,1,1,1,45,7,2148,2,8,-1,-1,-1
2016010027634,2,9,0,4,0,8,0,0,0,0,1,1,6,1,-1,-1,-1,-1,-1,-1,-1,-1
2016010027634,3,9,0,4,0,8,0,0,0,0,1,1,2,1,-1,-1,-1,-1,-1,-1,-1,-1
2016010027635,1,9,0,4,0,1,0,0,0,0,2,1,6,1,55,8,-1,-1,-1,-1,1,-1
2016010027639,1,9,0,3,0,1,0,0,0,0,2,1,6,2,30,6,998,1,4,4,1,4
2016010027639,2,9,0,18,0,1,0,0,0,0,1,1,6,3,-1,-1,1248,2,8,-1,-1,-1
2016010027640,1,9,0,5,0,8,0,0,0,0,2,1,6,2,33,6,1796,1,14,6,1,6
2016010027640,2,4,0,18,0,8,0,0,0,0,1,1,1,1,25,5,125,1,5,7,1,7
2016010027644,1,9,0,9,0,5,0,0,0,0,1,1,6,1,61,9,1598,1,17,2,1,2
2016010027644,2,9,0,15,2,1,0,0,0,0,1,1,6,1,48,8,2987,2,10,5,1,5
2016010027644,3,9,0,3,0,1,0,0,0,0,3,1,6,2,27,6,1364,1,1,4,1,4
2016010027648,1,9,0,9,0,8,0,0,0,0,3,1,6,1,54,8,1984,1,1,1,1,1
2016010027648,2,3,0,18,0,8,0,0,0,0,1,1,6,1,42,7,-1,-1,-1,-1,-1,-1
2016010027649,1,11,0,18,0,1,0,0,0,0,0,1,1,1,49,8,-1,-1,-1,3,1,3
2016010027654,1,9,0,18,0,0,0,0,0,0,1,1,6,3,-1,-1,-1,-1,-1,-1,-1,-1
2016010027659,1,9,0,18,0,8,0,0,0,0,1,1,6,1,56,9,2494,1,12,4,1,4
2016010027660,1,5,0,18,0,1,0,0,0,0,1,1,6,1,45,7,745,1,-1,2,1,2
2016010027663,1,11,0,18,0,1,0,0,0,0,0,1,1,1,24,5,4500,2,2,-1,-1,-1
2016010027666,1,9,0,9,0,8,0,0,0,0,3,1,6,1,20,4,1598,2,3,2,1,2
2016010027666,2,9,0,18,0,8,0,0,0,0,1,1,6,1,33,6,1389,1,15,2,1,2
2016010027667,1,1,0,9,0,8,0,0,0,0,4,1,6,1,29,6,-1,-1,-1,2,1,2
2016010027667,2,9,0,17,0,8,0,0,0,0,1,1,6,3,-1,-1,1995,2,8,-1,-1,-1
2016010027671,1,9,0,2,0,0,0,0,0,0,3,1,6,3,-1,-1,1796,2,3,-1,-1,-1
2016010027671,2,9,0,14,0,0,0,4,0,0,4,1,6,3,-1,-1,-1,-1,-1,-1,-1,-1
2016010027672,1,9,0,16,0,3,0,0,0,0,1,1,6,3,-1,-1,-1,-1,-1,-1,-1,-1
2016010027675,1,9,0,18,0,8,0,0,0,0,4,1,1,1,-1,-1,-1,-1,-1,-1,-1,-1
2016010027675,2,9,0,18,0,8,0,0,0,0,1,1,6,1,20,4,1596,1,12,7,1,7
2016010027676,1,9,0,18,0,0,1,0,0,0,1,1,6,1,18,4,1242,1,18,1,1,1
2016010027676,2,9,0,18,0,0,0,0,0,0,1,1,2,1,28,6,2497,1,9,2,1,2
2016010027678,1,9,0,18,0,1,0,0,0,0,1,1,6,1,44,7,1599,1,11,2,1,2
2016010027678,2,19,0,3,0,1,0,0,0,0,2,1,6,1,44,7,1998,2,11,6,1,6
2016010027678,3,9,0,3,0,1,0,0,0,0,2,1,6,1,36,7,1199,2,4,2,1,2
2016010027681,1,9,0,18,0,1,0,0,0,0,4,1,6,1,26,6,1596,1,12,3,1,3
2016010027685,1,11,0,4,0,8,0,0,0,0,0,1,1,1,50,8,9000,2,7,8,1,8
2016010027688,1,4,0,18,0,0,0,4,0,0,1,1,6,1,25,5,125,1,1,2,1,2
2016010027688,2,9,0,2,0,0,0,0,0,0,3,1,6,3,-1,-1,-1,-1,-1,-1,-1,-1
2016010027689,1,5,0,18,0,8,0,0,0,0,1,1,6,1,42,7,1199,1,14,8,1,8
2016010027689,2,8,0,9,0,8,0,0,0,0,4,1,1,1,53,8,2499,2,7,2,3,2
2016010027691,1,9,0,18,0,8,0,0,0,0,4,1,6,1,54,8,-1,-1,-1,5,1,5
2016010027691,2,9,0,18,0,8,0,0,0,0,3,1,6,1,29,6,1781,1,11,4,1,4
2016010027695,1,9,0,12,0,8,0,0,0,0,2,1,6,1,23,5,1956,2,2,-1,-1,-1
2016010027695,2,21,0,18,0,8,0,0,0,0,1,1,1,1,40,7,6700,2,-1,9,1,9
2016010027698,1,10,0,11,0,0,0,0,0,0,4,1,2,1,53,8,-1,-1,-1,5,1,5
2016010027698,2,4,0,18,0,0,0,0,0,0,3,1,6,1,28,6,124,1,5,2,1,2
2016010027706,1,1,0,15,0,8,0,0,0,0,1,1,2,1,27,6,-1,-1,-1,9,1,9
2016010027706,2,8,0,9,0,8,0,0,0,0,3,1,1,1,36,7,1995,2,3,8,1,8
2016010027708,1,19,0,1,0,0,0,4,0,0,2,1,6,1,30,6,2198,2,4,6,1,6
2016010027708,2,19,0,2,0,0,0,0,0,0,2,1,6,3,-1,-1,2198,2,4,-1,-1,-1
2016010027719,1,9,0,12,0,0,0,0,0,0,3,1,6,1,24,5,1995,2,4,2,1,2
2016010027719,2,9,0,18,0,0,0,0,0,0,4,1,6,1,31,6,2967,2,8,1,1,1
2016010027727,1,8,0,18,0,2,0,0,0,0,3,1,6,1,50,8,1598,1,6,2,1,2
2016010027728,1,3,0,18,0,2,0,0,0,0,3,1,6,2,39,7,124,1,3,3,1,3
2016010027728,2,1,0,13,0,2,0,0,0,0,4,1,6,3,-1,-1,-1,-1,-1,-1,-1,-1
2016010027735,1,9,0,9,0,8,0,0,0,0,3,1,6,1,51,8,-1,-1,-1,1,1,1
2016010027735,2,2,0,13,0,8,0,0,0,0,4,1,1,1,24,5,124,1,7,1,1,1
2016010027749,1,9,0,18,0,8,0,0,0,0,1,1,6,1,21,5,1364,1,7,3,1,3
2016010027749,2,9,0,18,0,8,0,0,0,0,4,1,6,1,38,7,1497,8,10,2,1,2
2016010027750,1,9,0,14,0,8,0,0,0,0,4,1,6,2,45,7,1796,1,10,7,1,7
2016010027756,1,19,0,3,0,8,0,0,0,0,3,1,1,1,48,8,1360,1,8,5,1,5
2016010027756,2,5,0,4,0,8,0,0,0,0,1,1,1,1,-1,-1,999,1,10,9,1,9
2016010027761,1,9,0,9,0,8,0,0,0,0,4,1,2,1,50,8,1798,1,6,3,1,3
2016010027761,2,1,0,18,0,8,0,0,0,0,1,1,6,1,34,6,-1,-1,-1,3,1,3
2016010027769,1,9,0,9,0,2,0,0,0,0,1,1,1,2,56,9,2400,2,4,3,1,3
2016010027769,2,1,0,18,0,1,0,0,0,0,1,1,2,1,26,6,-1,-1,-1,3,1,3
2016010027772,1,9,0,18,0,0,0,0,0,0,3,1,6,2,64,9,1108,1,10,5,1,5
2016010027772,2,9,0,3,0,0,0,0,0,0,3,1,6,1,57,9,2179,2,4,1,1,1
2016010027772,3,9,0,3,0,0,0,0,0,0,3,1,6,1,26,6,1242,1,9,9,1,9
2016010027772,4,9,0,3,0,0,0,0,0,0,3,1,2,1,38,7,1598,1,14,4,1,4
2016010027838,1,3,0,18,0,0,0,0,0,0,1,1,6,1,34,6,125,1,2,2,1,2
2016010027838,2,9,0,18,0,0,0,0,0,0,1,1,6,3,-1,-1,-1,-1,-1,-1,-1,-1
2016010027844,1,9,0,18,0,1,0,0,0,0,2,1,6,2,54,8,-1,-1,-1,1,1,1
2016010027844,2,9,0,18,0,1,0,0,0,0,1,1,6,2,25,5,-1,-1,-1,2,1,2
2016010027845,1,5,0,15,0,0,0,0,0,0,1,1,6,1,-1,-1,1202,1,3,-1,-1,-1
2016010027845,2,19,0,9,0,0,0,0,0,0,4,1,6,2,61,9,-1,-1,-1,10,1,10
2016010027846,1,9,0,9,0,8,0,0,0,0,4,1,6,2,27,6,-1,-1,-1,-1,-1,-1
2016010027846,2,9,0,18,0,8,0,0,0,0,1,1,6,1,41,7,1968,2,3,5,1,5
2016010027847,1,5,0,18,0,0,0,0,0,0,3,1,6,1,29,6,600,1,13,4,1,4
2016010027847,2,9,0,18,0,0,0,0,0,0,4,1,6,1,24,5,2143,2,5,2,1,2
2016010027849,1,9,0,1,0,1,0,0,0,0,2,1,6,3,-1,-1,-1,-1,-1,-1,-1,-1
2016010027851,1,9,0,18,0,0,0,0,0,0,1,1,6,1,39,7,998,1,14,3,1,3
2016010027853,1,9,0,18,0,0,0,11,0,0,1,1,1,1,67,10,-1,-1,-1,3,1,3
2016010027855,1,9,0,18,0,0,1,0,1,2,1,1,6,1,21,5,1910,2,9,4,1,4
2016010027856,1,4,0,18,0,8,0,0,0,0,4,1,6,2,25,5,124,1,4,6,1,6
2016010027856,2,9,0,9,0,8,0,0,0,0,3,1,6,3,-1,-1,-1,-1,-1,-1,-1,-1
2016010027857,1,9,0,18,0,8,0,0,0,0,3,1,6,1,37,7,2435,1,16,8,1,8
2016010027857,2,9,0,9,0,8,0,0,0,0,1,1,6,1,46,8,1794,1,12,3,1,3
2016010027858,1,9,0,9,0,8,0,0,0,0,1,1,6,1,60,9,1797,8,5,-1,-1,-1
2016010027858,2,3,0,18,0,8,0,0,0,0,4,1,6,1,16,4,-1,-1,-1,-1,-1,-1
2016010027858,3,8,0,3,0,8,0,0,0,0,3,1,6,1,-1,-1,-1,-1,-1,-1,-1,-1
2016010027859,1,9,0,18,0,8,0,0,0,0,4,1,3,2,42,7,1796,1,9,2,1,2
2016010027859,2,19,0,9,0,8,0,0,0,0,1,1,1,1,68,10,4500,2,-1,3,1,3
2016010027862,1,9,0,7,0,2,0,0,1,4,1,1,6,3,-1,-1,1596,1,12,-1,-1,-1
2016010027864,1,9,0,18,0,8,0,0,0,0,4,1,6,1,40,7,1339,1,13,7,1,7
2016010027864,2,9,0,9,0,8,0,0,0,0,1,1,6,1,21,5,2143,2,2,-1,-1,-1
2016010027866,1,9,0,18,0,0,0,0,0,0,4,-1,6,3,-1,-1,2987,2,3,-1,-1,-1
2016010027867,1,9,0,9,0,8,0,0,0,0,4,1,6,1,45,7,1798,8,4,3,1,3
2016010027867,2,11,0,18,0,8,0,0,0,0,1,1,1,1,54,8,8268,2,13,3,1,3
2016010027868,1,9,0,9,0,0,0,0,0,0,4,1,6,2,54,8,-1,-1,-1,9,1,9
2016010027868,2,5,0,15,0,0,0,0,0,0,1,1,6,1,23,5,-1,-1,-1,-1,-1,-1
2016010027870,1,1,0,18,0,8,0,8,0,0,1,1,6,1,28,6,-1,-1,-1,3,1,3
2016010027870,2,9,0,3,0,8,0,0,0,0,3,1,6,2,-1,-1,1796,1,11,-1,-1,-1
2016010027871,1,9,0,18,0,0,0,0,0,0,1,1,6,1,66,10,1597,1,19,9,1,9
2016010027872,1,9,0,9,0,1,0,0,0,0,0,1,1,1,62,9,1497,8,1,3,1,3
2016010027873,1,9,0,18,0,1,0,10,5,6,1,1,6,1,35,6,1995,2,11,3,1,3
2016010027874,1,9,0,18,0,3,0,0,0,0,1,1,6,3,-1,-1,-1,-1,-1,-1,-1,-1
2016010027874,2,9,0,18,0,1,0,0,0,0,1,1,6,1,38,7,1198,1,11,4,1,4
2016010027876,1,9,0,9,0,8,0,0,0,0,1,1,6,1,44,7,-1,-1,-1,1,1,1
2016010027876,2,9,0,18,0,8,0,0,0,0,1,1,6,1,53,8,-1,-1,-1,2,1,2
2016010027878,1,9,0,4,0,1,0,0,0,0,2,1,6,1,22,5,-1,-1,-1,2,1,2
2016010027878,2,9,0,18,0,1,0,0,0,0,1,1,6,3,-1,-1,1497,1,13,-1,-1,-1
2016010027879,1,11,0,3,0,0,0,0,0,0,0,1,1,1,60,9,6700,2,7,3,1,3
2016010027880,1,9,0,18,0,1,0,0,0,0,3,1,2,2,43,7,-1,-1,-1,3,1,3
2016010027880,2,5,0,18,0,1,0,0,0,0,4,1,2,1,26,6,600,1,10,9,1,9
2016010027885,1,3,0,18,0,8,0,0,0,0,4,1,6,2,27,6,109,1,-1,6,1,6
2016010027887,1,9,0,18,0,0,0,0,0,0,2,1,6,1,33,6,2179,2,1,4,1,4
2016010027887,2,9,0,18,0,0,0,0,0,0,1,1,6,1,22,5,1587,1,10,2,1,2
2016010027888,1,11,0,4,0,1,0,0,0,0,0,1,1,1,27,6,-1,-1,-1,-1,-1,-1
2016010027893,1,9,0,9,0,8,0,0,0,0,3,1,6,2,26,6,1794,1,11,3,1,3
2016010027893,2,3,0,18,0,8,0,0,0,0,1,1,6,1,22,5,108,1,8,2,1,2
2016010027894,1,3,0,18,0,8,0,0,0,0,1,1,6,1,22,5,108,1,5,2,1,2
2016010027894,2,8,0,9,0,8,0,0,0,0,3,1,1,1,68,10,2499,2,2,6,3,6
2016010027896,1,9,0,3,0,0,0,0,0,0,2,1,6,1,23,5,1400,1,11,3,1,3
2016010027896,2,9,0,18,0,0,0,0,0,0,1,1,6,3,-1,-1,1998,1,11,-1,-1,-1
2016010027898,1,9,0,18,0,0,0,0,0,0,1,1,6,1,24,5,-1,-1,-1,-1,-1,-1
2016010027898,2,9,0,18,0,0,0,0,0,0,2,1,6,2,19,4,-1,-1,-1,-1,-1,-1
2016010027901,1,9,0,18,0,8,0,0,0,0,1,1,6,2,34,6,1998,1,9,6,2,6
2016010027901,2,9,0,18,0,2,0,0,0,0,1,1,6,2,17,4,1390,1,16,2,1,2
2016010027905,1,9,0,15,0,8,0,0,0,0,3,1,6,2,71,10,2143,2,-1,8,1,8
2016010027905,2,5,0,15,0,8,0,0,0,0,3,1,6,1,33,6,750,1,10,6,1,6
2016010027910,1,3,0,18,0,8,0,0,0,0,1,1,1,1,28,6,125,1,4,8,1,8
2016010027910,2,90,0,10,0,8,0,0,0,0,2,1,1,1,51,8,2686,2,11,7,1,7
2016010027913,1,1,0,18,4,8,0,0,0,0,1,1,6,1,24,5,-1,-1,-1,3,1,3
2016010027913,2,19,0,9,4,8,0,0,0,0,3,-1,6,3,-1,-1,-1,-1,-1,-1,-1,-1
2016010027914,1,9,0,4,0,0,0,0,0,0,2,1,6,1,25,5,1388,1,12,4,1,4
2016010027914,2,19,0,18,0,0,0,0,0,0,1,1,1,1,51,8,-1,-1,-1,-1,-1,-1
2016010027915,1,9,0,17,0,8,0,0,0,0,2,1,6,2,39,7,-1,-1,-1,1,1,1
2016010027915,2,9,0,18,0,8,0,0,0,0,1,1,6,2,27,6,1968,2,12,4,1,4
2016010027916,1,9,0,18,0,1,0,0,0,0,4,1,6,2,22,5,998,1,7,-1,-1,-1
2016010027917,1,9,0,18,0,8,0,10,1,2,1,1,6,2,43,7,1299,1,13,7,1,7
2016010027919,1,5,0,18,0,0,0,0,0,0,3,1,6,1,19,4,124,1,3,9,1,9
2016010027919,2,9,0,11,0,0,0,0,0,0,4,1,6,3,-1,-1,-1,-1,-1,-1,-1,-1
2016010027923,1,9,0,18,0,8,0,0,0,0,4,1,6,1,38,7,-1,-1,-1,6,1,6
2016010027923,2,9,0,18,0,8,0,0,0,0,1,1,6,2,21,5,-1,-1,-1,-1,-1,-1
2016010027925,1,9,0,3,0,0,0,0,0,0,2,1,6,1,29,6,1329,1,1,2,1,2
2016010027925,2,9,0,3,0,0,0,0,0,0,2,1,6,1,53,8,999,1,2,10,1,10
2016010027925,3,9,0,3,0,0,0,0,0,0,2,1,6,2,41,7,1798,1,12,5,1,5
2016010027925,4,9,0,18,0,0,0,0,0,0,1,1,6,1,31,6,-1,-1,-1,-1,-1,-1
2016010027926,1,9,0,7,0,5,0,0,0,0,2,1,6,1,48,8,1598,1,4,4,1,4
2016010027926,2,9,0,18,0,1,0,0,0,0,1,-1,6,3,-1,-1,1798,8,1,-1,-1,-1
2016010027930,1,9,0,9,0,8,0,0,0,0,4,1,6,1,-1,-1,-1,-1,-1,-1,-1,-1
2016010027932,1,11,0,18,0,2,0,0,0,0,4,1,6,3,-1,-1,-1,-1,-1,-1,-1,-1
2016010027933,1,9,0,18,0,2,0,4,0,0,4,1,6,1,24,5,1392,1,17,4,1,4
2016010027933,2,9,0,2,0,2,0,0,0,0,2,1,6,3,-1,-1,-1,-1,-1,-1,-1,-1
2016010027934,1,9,0,18,0,0,0,0,0,0,1,1,1,1,33,6,-1,-1,-1,3,1,3
2016010027934,2,9,0,4,0,0,0,0,0,0,2,1,6,2,32,6,1229,1,11,7,1,7
2016010027936,1,9,0,18,0,0,0,0,0,0,1,1,6,2,26,6,-1,-1,-1,3,1,3
2016010027936,2,9,0,2,0,0,0,10,1,0,3,1,6,3,-1,-1,1968,2,12,-1,-1,-1
2016010027937,1,9,0,18,0,1,0,0,0,0,3,1,6,2,32,6,2996,1,9,-1,-1,-1
2016010027937,2,1,0,18,0,1,0,0,0,0,1,1,6,1,27,6,-1,-1,-1,3,1,3
2016010027940,1,9,0,18,0,1,0,10,0,0,1,1,1,1,17,4,1229,1,8,4,1,4
2016010027940,2,9,0,9,0,8,0,0,0,0,2,1,6,2,61,9,1328,1,9,6,1,6
2016010027941,1,9,0,1,0,0,0,0,0,0,0,1,6,1,63,9,1997,1,1,3,1,3
2016010027943,1,5,0,18,0,8,0,7,0,0,1,1,6,1,35,6,670,1,1,6,1,6
2016010027945,1,9,0,18,0,8,0,0,0,0,1,1,6,1,25,5,2967,2,8,-1,-1,-1
2016010027945,2,9,0,3,0,8,0,0,0,0,2,1,6,2,44,7,-1,-1,-1,2,1,2
2016010027945,3,9,0,3,0,8,0,0,0,0,2,1,6,2,24,5,998,1,12,4,1,4
2016010027947,1,1,0,18,0,0,0,0,0,0,1,1,2,1,45,7,-1,-1,-1,1,1,1
2016010027947,2,9,0,9,0,0,0,0,0,0,3,1,6,1,21,5,1995,2,9,2,1,2
2016010027948,1,9,0,18,0,1,0,0,0,0,1,1,1,1,37,7,-1,-1,-1,2,1,2
2016010027948,2,2,0,7,0,1,0,0,0,0,4,1,6,1,36,7,-1,-1,-1,3,1,3
2016010027952,1,9,0,7,0,8,0,10,1,10,4,1,6,1,20,4,1149,1,8,4,1,4
2016010027955,1,9,0,18,0,2,0,0,0,0,1,1,6,1,-1,-1,-1,-1,-1,-1,-1,-1
2016010027958,1,9,0,9,0,2,0,0,0,0,1,1,6,3,-1,-1,-1,-1,-1,-1,-1,-1
2016010027959,1,9,0,9,0,8,0,0,0,0,1,1,6,1,35,6,1497,8,6,4,1,4
2016010027963,1,5,0,16,0,1,0,0,0,0,1,1,2,1,49,8,1261,1,14,5,1,5
2016010027965,1,5,0,7,0,8,0,0,0,0,3,1,6,1,59,9,885,1,23,4,1,4
2016010027965,2,90,0,7,0,8,0,0,0,0,4,1,6,1,47,8,-1,-1,-1,4,1,4
2016010027967,1,9,0,4,0,1,0,0,0,0,1,1,6,2,-1,-1,-1,-1,-1,-1,-1,-1
2016010027970,1,9,0,18,0,8,0,0,0,0,1,1,2,1,42,7,1995,2,11,3,1,3
2016010027970,2,9,0,18,0,8,0,0,0,0,1,1,2,1,22,5,1398,2,10,10,1,10
2016010027973,1,9,0,9,0,8,0,0,0,0,1,1,6,2,41,7,2720,2,11,8,1,8
2016010027973,2,1,0,18,0,8,0,0,0,0,1,1,6,1,39,7,-1,-1,-1,4,1,4
2016010027975,1,9,0,3,0,0,0,0,0,0,2,1,6,2,43,7,1997,2,4,3,1,3
2016010027975,2,19,0,18,0,0,0,0,0,0,1,1,6,1,-1,-1,2143,2,6,-1,-1,-1
2016010027979,1,3,0,18,0,8,0,0,0,0,3,1,1,1,20,4,108,1,-1,4,1,4
2016010027979,2,9,0,11,0,8,0,0,0,0,4,1,6,1,42,7,1598,1,4,4,1,4
2016010027985,1,1,0,18,0,8,0,0,0,0,1,1,6,2,30,6,-1,-1,-1,9,1,9
2016010027985,2,9,0,18,0,8,0,0,0,0,1,1,6,1,-1,-1,1461,2,8,6,1,6
2016010027998,1,9,0,9,0,8,0,0,0,0,4,1,6,1,-1,-1,1598,2,5,5,1,5
2016010027998,2,3,0,18,0,8,0,0,0,0,1,1,6,1,28,6,125,1,1,8,1,8
2016010028088,1,9,0,18,0,2,0,0,0,0,1,1,6,1,34,6,1896,2,11,5,1,5
2016010028088,2,9,0,3,0,2,0,0,0,0,2,1,6,2,37,7,1796,1,17,2,1,2
2016010028088,3,9,0,3,0,2,0,0,0,0,2,1,6,1,27,6,1995,1,9,3,1,3
2016010028090,1,9,0,1,0,2,0,0,0,0,2,1,6,2,34,6,-1,-1,-1,3,1,3
2016010028091,1,11,0,5,0,2,0,0,0,0,0,1,1,1,39,7,8268,2,13,3,1,3
2016010028092,1,9,0,18,0,1,0,0,0,0,1,1,1,1,38,7,-1,-1,-1,3,1,3
2016010028092,2,8,0,7,0,6,0,0,0,0,3,1,1,1,38,7,1797,8,6,2,1,2
2016010028094,1,9,0,9,0,8,0,0,0,0,3,1,6,2,-1,-1,1364,1,8,3,1,3
2016010028094,2,5,0,14,0,1,0,0,0,0,1,1,6,1,28,6,-1,-1,-1,3,1,3
2016010028096,1,4,0,18,0,1,0,0,0,0,1,1,6,1,23,5,124,1,13,2,1,2