Accident_Index,Vehicle_Reference,Vehicle_Type,Towing_and_Articulation,Vehicle_Manoeuvre,Vehicle_Location-Restricted_Lane,Junction_Location,Skidding_and_Overturning,Hit_Object_in_Carriageway,Vehicle_Leaving_Carriageway,Hit_Object_off_Carriageway,1st_Point_of_Impact,Was_Vehicle_Left_Hand_Drive?,Journey_Purpose_of_Driver,Sex_of_Driver,Age_of_Driver,Age_Band_of_Driver,Engine_Capacity_(CC),Propulsion_Code,Age_of_Vehicle,Driver_IMD_Decile,Driver_Home_Area_Type,Vehicle_IMD_Decile
2016010028097,1,9,0,9,0,8,0,0,0,0,1,1,6,2,37,7,1910,2,8,1,1,1
2016010028101,1,9,0,16,0,1,0,0,0,0,3,1,6,3,-1,-1,1598,1,9,-1,-1,-1
2016010028101,2,9,0,17,0,2,0,0,0,0,3,1,6,1,34,6,1995,2,4,2,1,2
2016010028103,1,9,0,10,0,1,0,0,0,0,2,1,6,1,42,7,2996,1,10,2,1,2
2016010028103,2,9,0,18,0,1,0,0,0,0,1,1,6,1,45,7,2204,2,11,3,1,3
2016010028104,1,9,0,4,5,8,0,10,7,10,1,1,3,2,39,7,-1,-1,-1,3,1,3
2016010028105,1,9,0,18,0,0,0,0,0,0,3,1,6,1,25,5,998,1,1,2,1,2
2016010028105,2,9,0,11,0,0,0,0,0,0,4,1,6,1,-1,-1,-1,-1,-1,-1,-1,-1
2016010028108,1,9,0,14,0,0,0,0,0,0,1,1,6,2,35,6,1968,2,4,4,1,4
2016010028110,1,9,0,5,0,8,0,0,0,0,1,1,2,1,46,8,1798,8,1,4,1,4
2016010028111,1,9,0,18,0,2,0,0,0,0,1,1,6,1,-1,-1,1242,1,18,2,1,2
2016010028111,2,9,0,4,0,2,0,0,0,0,2,1,6,2,-1,-1,1598,1,12,-1,-1,-1
2016010028112,1,9,0,9,0,8,0,0,0,0,1,1,6,1,31,6,-1,-1,-1,5,1,5
2016010028113,1,11,0,18,0,8,0,0,0,0,1,1,1,1,60,9,7300,2,14,1,1,1
2016010028114,1,9,0,3,0,0,0,0,0,0,2,1,6,1,29,6,1995,2,3,4,1,4
2016010028114,2,9,0,4,0,0,0,0,0,0,1,1,6,2,-1,-1,1992,2,10,4,2,4
2016010028115,1,11,0,4,0,0,0,0,0,0,4,1,1,1,50,8,6700,2,5,2,1,2
2016010028116,1,19,0,18,0,1,0,10,6,0,1,1,6,1,26,6,-1,-1,-1,-1,-1,-1
2016010028116,2,9,0,3,0,2,0,0,0,0,1,1,6,1,36,7,2179,2,1,6,1,6
2016010028118,1,19,0,14,0,0,0,0,0,0,4,1,2,1,25,5,2198,2,3,3,1,3
2016010028118,2,1,0,14,0,0,0,0,0,0,3,1,2,2,22,5,-1,-1,-1,4,1,4
2016010028119,1,3,0,18,0,2,0,0,0,0,1,1,6,1,47,8,-1,-1,-1,1,1,1
2016010028122,1,9,0,9,0,8,0,0,0,0,3,1,1,1,54,8,3498,8,1,7,1,7
2016010028122,2,1,0,13,0,8,0,0,0,0,1,1,6,2,24,5,-1,-1,-1,8,1,8
2016010028123,1,1,0,18,0,7,0,0,0,0,3,1,6,1,42,7,-1,-1,-1,5,1,5
2016010028123,2,9,0,1,0,6,0,0,0,0,2,1,6,1,36,7,1598,1,1,3,1,3
2016010028125,1,9,0,10,0,8,0,0,0,0,2,1,2,2,42,7,1595,1,10,3,1,3
2016010028125,2,3,0,18,0,8,0,0,0,0,1,1,6,1,28,6,-1,-1,-1,9,1,9
2016010028126,1,9,0,17,0,8,0,0,0,0,4,1,6,1,23,5,1995,1,5,8,1,8
2016010028126,2,9,0,18,0,7,0,0,0,0,1,1,2,1,50,8,1149,1,10,2,1,2
2016010028127,1,9,0,17,0,2,0,10,1,10,1,1,6,1,-1,-1,2494,1,15,-1,-1,-1
2016010028128,1,5,0,9,0,8,0,0,0,0,3,1,6,1,41,7,124,1,13,4,1,4
2016010028128,2,19,0,18,0,8,0,0,0,0,0,1,1,1,-1,-1,-1,-1,-1,-1,-1,-1
2016010028129,1,9,0,18,0,2,0,0,0,0,3,1,6,1,-1,-1,1388,1,14,-1,-1,-1
2016010028129,2,3,0,6,0,1,0,0,0,0,3,1,6,1,21,5,124,1,13,2,1,2
2016010028130,1,9,0,18,0,1,0,0,0,0,1,1,6,1,33,6,1799,1,10,2,1,2
2016010028131,1,1,0,18,0,1,0,0,0,0,1,1,6,1,44,7,-1,-1,-1,-1,-1,-1
2016010028131,2,9,0,7,0,6,0,0,0,0,3,1,6,1,51,8,-1,-1,-1,2,1,2
2016010028132,1,19,0,5,0,1,0,0,0,0,1,1,1,1,42,7,-1,-1,-1,3,1,3
2016010028132,2,19,0,5,0,1,0,0,0,0,3,1,6,3,-1,-1,2402,2,9,-1,-1,-1
2016010028133,1,3,0,3,0,8,0,0,0,0,1,1,6,1,28,6,108,1,3,4,1,4
2016010028133,2,9,0,9,0,8,0,0,0,0,1,1,6,2,73,10,-1,-1,-1,8,3,8
2016010028134,1,11,0,4,0,1,0,0,0,0,0,1,6,1,26,6,6700,2,2,2,1,2
2016010028135,1,3,0,18,0,1,1,0,0,0,1,1,2,1,47,8,114,1,2,5,1,5
2016010028136,1,9,0,7,0,2,0,0,0,0,1,1,6,1,65,9,1910,2,8,2,1,2
2016010028136,2,1,0,18,0,2,0,0,0,0,2,1,6,1,29,6,-1,-1,-1,-1,-1,-1
2016010028137,1,9,0,7,0,8,0,0,0,0,3,1,6,3,-1,-1,-1,-1,-1,-1,-1,-1
2016010028137,2,4,0,18,0,8,0,0,0,0,1,1,2,1,36,7,-1,-1,-1,3,1,3
2016010028138,1,8,0,18,0,8,0,0,0,0,1,1,1,1,33,6,-1,-1,-1,-1,1,-1
2016010028138,2,3,0,3,0,1,0,0,0,0,2,1,1,1,49,8,-1,-1,-1,-1,1,-1
2016010028139,1,4,0,18,0,1,0,0,0,0,3,1,2,1,31,6,400,1,9,5,1,5
2016010028139,2,3,0,9,0,8,0,0,0,0,1,1,1,1,30,6,125,1,-1,5,1,5
2016010028140,1,9,0,9,0,8,0,0,0,0,1,1,6,1,36,7,-1,-1,-1,5,1,5
2016010028143,1,3,0,18,0,8,0,0,0,0,1,1,1,1,30,6,-1,-1,-1,1,1,1
2016010028144,1,9,0,18,0,8,0,0,0,0,1,1,6,2,-1,-1,998,1,9,3,1,3
2016010028144,2,9,0,9,0,8,0,0,0,0,1,1,6,1,-1,-1,1364,1,-1,2,1,2
2016010028145,1,1,0,7,0,8,1,0,0,0,-1,1,6,1,40,7,-1,-1,-1,3,1,3
2016010028146,1,9,0,9,0,8,0,0,0,0,1,1,6,2,59,9,1086,1,5,4,1,4
2016010028147,1,9,0,9,0,8,0,0,0,0,1,1,6,1,73,10,2497,1,15,7,1,7
2016010028147,2,3,0,18,0,8,0,0,0,0,1,1,6,1,44,7,-1,-1,-1,3,1,3
2016010028148,1,11,0,5,0,1,0,0,0,0,1,1,1,1,39,7,7300,2,14,1,1,1
2016010028149,1,1,0,18,4,8,1,0,0,0,3,1,2,2,29,6,-1,-1,-1,1,1,1
2016010028149,2,19,-1,9,0,8,-1,0,0,0,1,-1,6,3,-1,-1,-1,-1,-1,-1,-1,-1
2016010028150,1,9,0,7,0,8,0,0,0,0,4,1,6,1,-1,-1,-1,-1,-1,-1,-1,-1
2016010028150,2,1,0,18,0,8,0,0,0,0,1,1,6,2,51,8,-1,-1,-1,3,1,3
2016010028209,1,8,0,3,0,8,0,0,0,0,2,1,1,1,-1,-1,2143,2,2,-1,-1,-1
2016010028209,2,9,0,18,0,1,0,0,0,0,1,1,6,1,-1,-1,-1,-1,-1,-1,-1,-1
2016010028212,1,9,0,11,0,0,0,10,1,5,1,1,6,1,31,6,1108,1,14,5,1,5
2016010028212,2,9,0,3,0,0,0,0,0,0,2,1,6,2,33,6,2148,2,8,5,1,5
2016010028221,1,1,0,13,0,8,0,0,0,0,2,1,6,1,21,5,-1,-1,-1,7,1,7
2016010028221,2,20,0,18,0,8,0,0,0,0,1,1,1,1,42,7,-1,-1,-1,-1,-1,-1
2016010028225,1,9,0,18,0,1,0,10,1,10,1,1,6,1,19,4,999,1,8,7,1,7
2016010028234,1,9,0,18,0,0,0,0,0,0,4,1,6,1,19,4,1229,1,8,3,1,3
2016010028234,2,9,0,18,0,0,0,0,0,0,1,1,1,1,28,6,1968,2,5,6,1,6
2016010028240,1,9,0,18,0,1,5,4,0,0,4,1,6,2,61,9,1598,1,1,7,1,7
2016010028245,1,9,5,6,0,0,0,10,1,0,4,1,6,2,73,10,-1,-1,-1,5,1,5
2016010028249,1,1,0,15,0,8,0,4,0,0,1,1,6,1,16,4,-1,-1,-1,1,1,1
2016010028249,2,9,0,3,0,8,0,0,0,0,4,1,6,1,34,6,1995,2,-1,-1,-1,-1
2016010028252,1,3,0,13,0,8,0,0,0,0,4,1,1,1,25,5,125,1,5,4,1,4
2016010028252,2,19,0,9,0,8,0,0,0,0,3,1,1,1,36,7,-1,-1,-1,4,1,4
2016010028256,1,9,0,9,0,8,0,0,0,0,3,1,6,1,28,6,1900,2,18,6,1,6
2016010028256,2,9,0,9,0,8,1,10,1,7,4,1,6,1,26,6,1598,1,9,3,1,3
2016010028259,1,9,0,8,0,8,0,0,0,0,2,1,6,2,23,5,998,1,3,-1,-1,-1
2016010028259,2,9,0,18,0,8,0,0,0,0,1,1,6,2,-1,-1,1995,2,8,-1,-1,-1
2016010028263,1,9,0,9,0,0,0,0,0,0,4,1,6,1,61,9,2993,2,2,7,1,7
2016010028263,2,4,0,18,0,0,0,0,0,0,1,1,6,1,23,5,124,1,6,2,1,2
2016010028264,1,9,0,5,0,8,0,0,0,0,4,1,6,1,45,7,-1,-1,-1,9,1,9
2016010028264,2,9,0,5,0,8,0,0,0,0,3,1,6,3,-1,-1,1997,2,11,-1,-1,-1
2016010028265,1,9,0,18,0,8,0,0,0,0,1,1,6,1,22,5,1398,1,-1,3,1,3
2016010028265,2,1,0,18,0,8,0,0,0,0,4,1,6,1,26,6,-1,-1,-1,2,1,2
2016010028269,1,4,0,4,0,1,0,0,0,0,1,1,2,1,38,7,124,1,6,4,1,4
2016010028274,1,9,0,18,0,0,0,0,0,0,1,1,6,1,40,7,1360,1,13,7,1,7
2016010028277,1,9,0,18,0,0,0,0,0,0,4,1,6,2,35,6,1242,1,-1,2,1,2
2016010028277,2,20,0,18,0,0,0,0,0,0,1,1,6,1,-1,-1,4500,2,9,-1,-1,-1
2016010028278,1,9,0,18,0,0,0,0,0,0,4,1,6,1,30,6,2979,1,15,4,1,4
2016010028280,1,19,0,18,0,1,0,0,0,0,3,1,1,1,48,8,2402,2,9,9,1,9
2016010028281,1,3,0,4,0,8,0,0,0,0,2,1,6,1,-1,-1,124,1,1,3,1,3
2016010028281,2,19,0,18,0,8,0,0,0,0,1,1,6,1,-1,-1,-1,-1,-1,-1,-1,-1
2016010028283,1,9,0,5,0,1,0,0,0,0,3,1,6,1,67,10,1461,2,7,8,1,8
2016010028284,1,9,0,18,0,0,0,7,3,3,1,1,6,1,82,11,1242,1,2,9,1,9
2016010028286,1,21,1,18,0,2,0,0,0,0,4,1,1,1,47,8,12419,2,3,2,1,2
2016010028286,2,1,0,18,0,2,0,0,0,0,3,1,6,2,32,6,-1,-1,-1,4,1,4
2016010028287,1,9,0,18,0,8,0,0,0,0,0,1,6,2,-1,-1,-1,-1,-1,-1,-1,-1
2016010028288,1,19,0,10,0,8,0,0,0,0,2,1,1,1,-1,-1,1995,2,2,3,1,3
2016010028288,2,3,0,18,0,8,0,0,0,0,1,1,6,1,25,5,108,1,-1,6,1,6
2016010028290,1,19,0,9,0,8,0,0,0,0,1,1,1,1,27,6,-1,-1,-1,8,1,8
2016010028290,2,9,0,18,0,8,0,0,0,0,3,1,6,2,61,9,998,1,1,5,1,5
2016010028292,1,9,0,1,0,8,0,0,0,0,2,1,6,3,-1,-1,-1,-1,-1,-1,-1,-1
2016010028293,1,9,0,18,0,2,0,0,0,0,1,1,6,1,25,5,-1,-1,-1,4,1,4
2016010028294,1,9,0,9,0,2,0,0,0,0,1,1,6,2,66,10,998,1,2,5,1,5
2016010028295,1,11,0,5,0,8,0,0,0,0,0,1,6,1,33,6,5132,2,1,5,1,5
2016010028297,1,4,0,18,0,8,0,0,0,0,1,1,6,1,23,5,-1,-1,-1,5,1,5
2016010028297,2,9,0,9,0,8,0,0,0,0,1,1,6,2,-1,-1,1368,1,6,2,1,2
2016010028301,1,9,0,9,0,8,0,0,0,0,1,1,6,1,49,8,1995,2,2,10,1,10
2016010028304,1,9,0,18,0,1,0,0,3,9,1,1,6,1,18,4,999,1,-1,2,1,2
2016010028308,1,9,0,7,0,8,0,0,0,0,4,1,6,2,40,7,1995,2,10,9,1,9
2016010028312,1,4,0,18,0,0,0,0,0,0,1,1,6,1,26,6,124,1,3,7,1,7
2016010028312,2,9,0,5,0,0,0,0,0,0,3,1,6,1,75,10,1783,1,16,2,1,2
2016010028316,1,9,0,5,0,0,0,0,0,0,1,1,6,1,49,8,1598,1,8,4,1,4
2016010028316,2,8,0,3,0,0,0,0,0,0,2,1,6,2,69,10,2494,8,2,9,1,9
2016010028316,3,9,0,3,0,0,0,0,0,0,2,1,6,1,22,5,2979,1,2,7,1,7
2016010028317,1,9,0,18,0,8,0,0,0,0,1,1,6,2,36,7,1200,1,3,3,1,3
2016010028317,2,9,0,3,0,8,0,0,0,0,2,1,6,2,52,8,1986,1,4,3,1,3
2016010028317,3,9,0,3,0,8,0,0,0,0,2,1,6,1,42,7,1798,8,-1,2,1,2
2016010028318,1,9,0,3,0,5,0,0,0,0,2,1,6,1,53,8,1124,1,17,3,1,3
2016010028318,2,9,0,4,0,8,0,0,0,0,1,1,6,1,-1,-1,1398,2,8,-1,-1,-1
2016010028324,1,9,0,9,0,8,0,0,0,0,4,1,6,1,23,5,-1,-1,-1,10,3,10
2016010028324,2,5,0,18,0,8,0,0,0,0,1,1,6,1,43,7,498,1,25,3,1,3
2016010028326,1,9,0,5,0,2,0,0,0,0,4,1,6,1,20,4,698,1,11,4,1,4
2016010028326,2,5,0,5,0,2,0,0,0,0,3,1,6,1,31,6,599,1,5,6,1,6
2016010028329,1,9,0,7,0,8,0,0,0,0,3,1,6,2,54,8,1560,2,-1,6,1,6
2016010028329,2,9,0,18,0,8,0,0,0,0,1,1,6,1,30,6,1956,2,5,9,1,9
2016010028330,1,9,0,18,0,8,0,0,0,0,1,2,6,1,31,6,1124,1,12,7,1,7
2016010028330,2,5,0,18,0,8,0,0,0,0,1,1,6,1,24,5,-1,-1,-1,2,1,2
2016010028331,1,5,0,4,0,8,0,0,0,0,1,1,2,1,43,7,645,1,1,9,1,9
2016010028331,2,11,0,4,0,8,0,0,0,0,2,1,1,1,40,7,12000,2,10,3,1,3
2016010028332,1,9,0,5,0,8,0,0,0,0,1,1,6,1,-1,-1,-1,-1,-1,-1,-1,-1
2016010028334,1,9,0,18,9,0,0,0,0,0,1,1,6,3,-1,-1,-1,-1,-1,-1,-1,-1
2016010028335,1,11,0,4,0,0,0,0,0,0,4,1,1,1,55,8,6700,2,5,7,1,7
2016010028337,1,9,0,9,0,8,0,0,0,0,1,1,6,2,40,7,-1,-1,-1,4,1,4
2016010028337,2,9,0,9,0,8,0,0,0,0,1,1,6,1,64,9,-1,-1,-1,3,1,3
2016010028339,1,9,0,18,0,8,0,0,0,0,0,1,2,1,58,9,2148,2,10,5,1,5
2016010028340,1,9,0,3,0,0,0,0,0,0,0,1,6,1,24,5,5461,1,3,-1,-1,-1
2016010028340,2,1,0,18,0,0,0,0,0,0,0,1,6,1,53,8,-1,-1,-1,3,1,3
2016010028342,1,9,0,18,0,0,2,0,0,0,1,1,6,1,38,7,1753,2,9,1,1,1
2016010028342,2,9,0,18,0,0,1,0,0,0,1,1,6,2,37,7,2000,1,7,6,1,6
2016010028348,1,9,0,5,0,0,0,0,0,0,4,1,2,1,21,5,1461,2,9,8,1,8
2016010028348,2,9,0,13,0,0,0,0,0,0,1,1,6,1,-1,-1,1596,1,9,7,1,7
2016010028411,1,5,0,18,0,2,0,10,7,9,3,1,6,1,36,7,998,1,10,2,1,2
2016010028413,1,9,0,18,0,0,0,0,0,0,1,1,6,1,20,4,1198,1,5,-1,-1,-1
2016010028413,2,9,0,4,0,0,0,0,0,0,2,1,6,2,37,7,1339,1,10,5,1,5
2016010028415,1,9,0,18,0,0,0,0,0,0,0,1,6,1,-1,-1,1598,2,3,4,1,4
2016010028415,2,1,0,4,4,0,0,0,0,0,0,1,6,1,34,6,-1,-1,-1,3,1,3
2016010028420,1,9,0,9,0,8,0,0,0,0,3,1,6,2,34,6,998,1,5,8,1,8
2016010028420,2,9,0,18,0,8,0,0,0,0,1,1,6,1,30,6,-1,-1,-1,8,1,8
2016010028421,1,4,0,18,0,2,0,7,1,10,3,1,6,1,36,7,249,1,7,7,1,7
2016010028425,1,9,0,5,0,2,0,0,0,0,1,1,6,1,42,7,1497,8,8,-1,-1,-1
2016010028425,2,9,0,18,0,1,0,0,0,0,4,1,6,1,40,7,-1,-1,-1,-1,-1,-1
2016010028436,1,8,0,6,0,0,0,0,0,0,3,1,1,1,30,6,-1,-1,-1,3,1,3
2016010028436,2,9,0,13,0,0,0,0,0,0,4,1,6,1,39,7,-1,-1,-1,3,1,3
2016010028438,1,4,0,18,0,0,0,0,0,0,4,1,6,1,21,5,599,1,8,2,1,2
2016010028438,2,9,0,18,0,0,0,0,0,0,1,1,6,1,46,8,1997,2,5,3,1,3
2016010028438,3,9,0,12,0,0,0,0,0,0,3,1,6,3,-1,-1,1968,2,6,-1,-1,-1
2016010028442,1,19,0,4,0,1,0,0,0,0,2,1,6,1,45,7,1248,2,7,2,1,2
2016010028442,2,19,0,4,0,1,0,0,0,0,1,1,1,1,35,6,-1,-1,-1,7,3,7
2016010028443,1,19,0,3,0,1,0,0,0,0,2,-1,6,1,33,6,-1,-1,-1,2,1,2
2016010028443,2,9,0,4,0,1,0,0,0,0,1,-1,6,1,-1,-1,1339,1,7,-1,-1,-1
2016010028449,1,9,0,18,0,8,0,0,0,0,1,1,6,1,19,4,998,1,-1,2,1,2
2016010028449,2,9,0,3,0,8,0,0,0,0,2,1,6,2,38,7,1198,1,5,5,1,5
2016010028452,1,9,0,18,0,2,0,0,0,0,1,1,6,1,52,8,-1,-1,-1,-1,-1,-1
2016010028454,1,4,0,18,0,8,0,0,0,0,1,1,6,1,20,4,124,1,9,3,1,3
2016010028454,2,9,0,9,0,8,0,0,0,0,4,1,6,1,20,4,1360,1,5,3,1,3
2016010028463,1,9,0,18,0,8,0,0,0,0,2,1,6,2,72,10,-1,-1,-1,3,1,3
2016010028463,2,9,0,18,0,8,0,0,0,0,1,1,6,1,-1,-1,2179,2,4,-1,-1,-1
2016010028465,1,8,0,7,0,2,0,0,0,0,1,1,1,1,34,6,1798,8,-1,5,1,5
2016010028466,1,9,0,18,0,8,0,0,0,0,4,1,6,1,26,6,-1,-1,-1,-1,-1,-1
2016010028466,2,2,0,7,0,8,0,0,0,0,3,1,6,3,-1,-1,-1,-1,-1,-1,-1,-1
2016010028478,1,8,0,3,0,2,0,0,0,0,4,1,1,1,37,7,1956,2,5,2,1,2
2016010028478,2,9,0,18,0,2,0,0,0,0,3,1,6,1,-1,-1,1797,8,7,-1,-1,-1
2016010028480,1,9,0,18,0,8,0,0,0,0,1,1,6,2,23,5,1598,1,10,3,1,3
2016010028480,2,9,0,18,0,8,0,0,0,0,1,1,6,2,-1,-1,1149,1,8,-1,-1,-1
2016010028480,3,9,0,18,0,8,0,0,0,0,1,1,6,2,-1,-1,-1,-1,-1,-1,-1,-1
2016010028481,1,19,0,9,0,8,0,0,0,0,3,1,6,1,32,6,-1,-1,-1,3,1,3
2016010028481,2,3,0,13,0,8,0,0,0,0,1,1,6,1,30,6,-1,-1,-1,7,1,7
2016010028500,1,9,0,6,0,8,0,0,0,0,1,1,2,1,24,5,999,1,1,4,1,4
2016010028500,2,9,0,18,0,8,0,0,0,0,1,1,6,1,-1,-1,1368,1,9,-1,-1,-1
2016010028503,1,9,0,9,0,2,0,0,0,0,1,1,6,2,53,8,1598,1,9,2,1,2
2016010028505,1,9,0,5,0,2,0,0,0,0,1,1,6,1,23,5,1686,2,11,1,1,1
2016010028505,2,9,0,18,0,2,0,0,0,0,3,1,6,1,50,8,1956,2,3,1,1,1
2016010028514,1,9,0,18,0,0,0,0,0,0,1,1,6,1,32,6,-1,-1,-1,4,1,4
2016010028514,2,9,0,18,0,0,0,0,0,0,2,1,1,1,36,7,-1,-1,-1,3,1,3
2016010028521,1,9,0,3,0,0,0,0,0,0,2,1,6,2,32,6,2000,1,12,6,1,6
2016010028521,2,9,0,3,0,0,0,0,0,0,2,1,6,1,-1,-1,-1,-1,-1,2,1,2
2016010028521,3,9,0,3,0,0,0,0,0,0,2,1,6,2,60,9,1298,1,3,5,2,5
2016010028521,4,9,0,18,0,0,0,0,0,0,1,1,6,1,51,8,2143,2,1,5,1,5
2016010028542,1,3,0,13,0,0,0,10,0,0,1,1,6,1,19,4,-1,-1,-1,5,1,5
2016010028559,1,9,0,18,0,1,0,0,0,0,1,1,6,3,-1,-1,-1,-1,-1,-1,-1,-1
2016010028561,1,9,0,18,0,8,0,0,0,0,1,1,6,2,31,6,1998,2,10,8,1,8
2016010028564,1,19,0,7,0,5,0,0,0,0,4,1,6,1,32,6,2402,2,9,1,1,1
2016010028564,2,1,0,18,4,8,0,0,0,0,1,1,6,1,36,7,-1,-1,-1,2,1,2
2016010028570,1,11,0,5,0,0,0,0,0,0,1,1,6,1,62,9,6696,2,3,4,1,4
2016010028585,1,9,0,9,0,8,0,0,0,0,1,1,6,1,39,7,1896,2,14,7,1,7
2016010028585,2,9,0,18,0,8,0,0,0,0,1,1,6,1,55,8,1984,1,15,8,1,8
2016010028658,1,9,0,18,0,2,0,0,0,0,4,1,6,2,37,7,1997,2,3,2,1,2
2016010028662,1,9,0,4,0,2,0,0,0,0,2,1,6,2,37,7,1495,1,10,2,1,2
2016010028662,2,9,0,18,0,2,0,0,0,0,1,1,1,2,25,5,1968,2,1,1,1,1
2016010028667,1,9,0,18,0,0,5,4,0,0,4,1,6,2,48,8,1598,1,4,2,1,2
2016010028667,2,9,0,2,0,0,0,0,0,0,3,1,6,3,-1,-1,1997,2,1,-1,-1,-1
2016010028669,1,9,0,3,0,1,0,0,0,0,2,1,6,1,30,6,1364,2,7,5,1,5
2016010028669,2,9,0,18,0,1,0,0,0,0,1,1,6,1,34,6,2000,2,7,5,1,5
2016010028672,1,9,0,5,0,0,0,0,0,0,2,1,6,2,25,5,999,1,10,3,1,3
2016010028672,2,9,0,3,0,0,0,0,0,0,2,1,6,1,53,8,1796,1,12,2,1,2
2016010028672,3,9,0,18,0,0,0,0,0,0,1,1,6,1,34,6,1364,1,11,1,1,1
2016010028675,1,9,0,3,0,0,0,0,0,0,2,1,6,1,24,5,1995,2,1,2,1,2
2016010028675,2,9,0,3,0,0,0,0,0,0,2,1,6,1,46,8,1596,1,11,4,1,4
2016010028675,3,9,0,4,0,0,0,0,0,0,2,1,6,1,31,6,1995,2,3,10,1,10
2016010028675,4,19,0,18,0,0,1,0,0,0,1,1,1,1,42,7,2151,2,13,2,1,2
2016010028680,1,8,0,9,0,8,0,0,0,0,0,1,1,1,51,8,1686,2,5,7,1,7
2016010028680,2,3,0,18,0,7,0,0,0,0,3,1,6,1,17,4,-1,-1,-1,4,1,4
2016010028682,1,9,0,2,0,1,0,0,0,0,2,1,6,3,-1,-1,1968,2,4,-1,-1,-1
2016010028682,2,9,0,18,0,1,0,4,0,0,0,1,6,1,24,5,995,1,8,-1,-1,-1
2016010028686,1,3,0,18,0,1,0,0,0,0,1,1,6,1,23,5,108,1,2,1,1,1
2016010028690,1,9,0,5,0,2,0,0,0,0,3,1,6,2,34,6,1984,1,16,2,1,2
2016010028690,2,9,0,2,0,2,0,0,0,0,1,1,6,3,-1,-1,1995,2,3,-1,-1,-1
2016010028690,3,4,0,18,0,2,0,5,0,0,1,1,6,1,45,7,-1,-1,-1,5,1,5
2016010028694,1,9,0,9,0,0,0,0,0,0,4,1,6,1,53,8,1995,2,13,10,1,10
2016010028694,2,1,0,18,0,0,0,0,0,0,1,1,6,1,28,6,-1,-1,-1,9,1,9
2016010028697,1,4,0,12,0,0,0,0,0,0,3,1,6,1,31,6,108,1,7,5,1,5
2016010028697,2,9,0,16,0,0,0,0,0,0,2,1,6,2,44,7,1995,2,11,1,1,1
2016010028700,1,9,0,18,0,8,0,0,0,0,3,1,6,1,57,9,1995,2,5,-1,-1,-1
2016010028700,2,9,0,18,0,8,0,0,0,0,1,1,6,1,-1,-1,1198,1,6,-1,-1,-1
2016010028701,1,9,3,9,0,8,0,0,0,0,3,1,6,1,47,8,1995,2,9,4,1,4
2016010028701,2,3,0,13,0,8,0,0,0,0,1,1,1,1,22,5,125,1,4,5,1,5
2016010028702,1,9,0,2,0,0,0,0,0,0,1,1,6,3,-1,-1,1596,1,9,-1,-1,-1
2016010028702,2,9,0,2,0,0,0,0,0,0,1,1,6,3,-1,-1,1596,1,5,-1,-1,-1
2016010028702,3,9,0,2,0,0,0,0,0,0,1,1,6,3,-1,-1,3700,1,13,-1,-1,-1
2016010028702,4,9,0,2,0,0,0,0,0,0,2,1,6,3,-1,-1,2179,2,5,-1,-1,-1
2016010028702,5,19,0,18,0,0,0,0,0,0,1,1,6,1,45,7,1598,2,1,9,1,9
2016010028702,6,9,0,2,0,0,0,0,0,0,2,1,6,3,-1,-1,1598,1,15,-1,-1,-1
2016010028709,1,11,0,4,0,0,0,0,0,0,0,1,1,1,59,9,-1,-1,-1,-1,-1,-1
2016010028711,1,4,0,13,0,1,1,0,0,0,1,1,1,1,18,4,125,1,10,3,1,3
2016010028711,2,9,0,9,0,5,0,0,0,0,3,1,6,1,54,8,1598,1,15,5,1,5
2016010028713,1,9,0,9,0,8,0,0,0,0,4,1,6,2,32,6,-1,-1,-1,3,1,3
2016010028713,2,3,0,18,0,8,0,0,0,0,1,1,6,2,41,7,-1,-1,-1,3,1,3
2016010028715,1,9,0,3,0,8,0,0,0,0,3,1,6,1,23,5,1198,1,4,3,1,3
2016010028715,2,1,0,18,0,8,0,8,0,0,1,1,6,1,27,6,-1,-1,-1,10,1,10
2016010028719,1,9,0,17,0,8,0,0,0,0,1,1,6,2,54,8,-1,-1,-1,8,1,8
2016010028719,2,3,5,18,0,8,0,0,0,0,1,1,6,1,67,10,124,1,9,6,1,6
2016010028721,1,9,0,18,0,8,0,0,0,0,1,1,6,2,32,6,1968,2,9,-1,-1,-1
2016010028721,2,3,0,18,0,8,0,0,0,0,1,1,6,1,20,4,-1,-1,-1,5,1,5
2016010028724,1,1,0,18,0,0,0,0,0,0,4,1,6,1,27,6,-1,-1,-1,2,1,2
2016010028724,2,9,0,3,0,0,0,0,0,0,2,1,6,1,39,7,-1,-1,-1,-1,-1,-1
2016010028724,3,9,0,3,0,0,0,0,0,0,3,1,6,1,31,6,-1,-1,-1,6,1,6
2016010028725,1,1,0,18,0,5,0,10,1,0,1,1,6,1,43,7,-1,-1,-1,-1,-1,-1
2016010028726,1,9,0,18,0,2,0,0,0,0,1,1,6,1,24,5,1360,1,10,1,1,1
2016010028730,1,9,0,3,0,0,0,0,0,0,2,1,6,2,48,8,1560,2,8,2,1,2
2016010028730,2,9,0,18,0,0,0,0,0,0,1,1,6,1,49,8,5461,1,-1,2,1,2
2016010028730,3,8,0,18,0,0,0,0,0,0,3,1,6,1,47,8,1896,2,8,2,1,2
2016010028737,1,9,0,18,0,8,0,0,0,0,1,1,6,2,21,5,1229,1,2,5,1,5
2016010028737,2,9,0,9,0,8,0,0,0,0,4,1,6,1,36,7,1995,2,3,3,1,3
2016010028739,1,1,0,18,0,0,0,0,0,0,1,1,6,3,-1,-1,-1,-1,-1,-1,-1,-1