Accident_Index,Vehicle_Reference,Vehicle_Type,Towing_and_Articulation,Vehicle_Manoeuvre,Vehicle_Location-Restricted_Lane,Junction_Location,Skidding_and_Overturning,Hit_Object_in_Carriageway,Vehicle_Leaving_Carriageway,Hit_Object_off_Carriageway,1st_Point_of_Impact,Was_Vehicle_Left_Hand_Drive?,Journey_Purpose_of_Driver,Sex_of_Driver,Age_of_Driver,Age_Band_of_Driver,Engine_Capacity_(CC),Propulsion_Code,Age_of_Vehicle,Driver_IMD_Decile,Driver_Home_Area_Type,Vehicle_IMD_Decile
2016010028740,1,11,0,5,0,0,0,0,0,0,0,1,1,1,45,7,9360,2,6,2,1,2
2016010028753,1,11,0,5,0,1,0,0,0,0,1,1,1,1,-1,-1,-1,-1,-1,-1,-1,-1
2016010028753,2,19,0,1,0,1,0,0,0,0,2,1,6,3,-1,-1,-1,-1,-1,-1,-1,-1
2016010028755,1,1,0,18,0,2,0,0,0,0,1,1,6,1,37,7,-1,-1,-1,3,1,3
2016010028756,1,8,0,5,0,1,0,0,0,0,1,1,1,1,26,6,1798,8,1,2,1,2
2016010028760,1,9,0,4,0,0,0,0,0,0,2,1,6,2,65,9,1598,1,3,6,1,6
2016010028760,2,9,0,18,0,0,0,0,0,0,1,1,6,3,-1,-1,1598,1,11,-1,-1,-1
2016010028763,1,9,0,12,0,7,0,0,0,0,3,1,6,3,-1,-1,1995,2,7,-1,-1,-1
2016010028763,2,5,0,18,0,2,0,0,0,0,4,1,6,1,23,5,487,1,9,7,3,7
2016010028764,1,9,0,18,0,1,0,0,0,0,1,1,6,2,37,7,1769,1,11,2,1,2
2016010028764,2,9,0,3,0,8,0,0,0,0,2,1,6,1,43,7,-1,-1,-1,2,1,2
2016010028765,1,9,0,18,0,8,0,0,0,0,4,1,6,3,-1,-1,-1,-1,-1,-1,-1,-1
2016010028766,1,9,0,18,0,2,0,0,0,0,1,1,6,2,19,4,1198,1,11,4,1,4
2016010028766,2,9,0,18,0,1,0,0,0,0,3,1,6,1,46,8,1997,2,5,1,1,1
2016010028769,1,9,0,18,0,0,0,0,0,0,1,1,6,1,33,6,1797,8,6,-1,-1,-1
2016010028771,1,2,0,18,0,8,0,0,0,0,3,1,6,1,27,6,125,1,-1,7,1,7
2016010028771,2,9,0,11,0,8,0,0,0,0,4,1,6,1,28,6,2143,2,6,3,1,3
2016010028774,1,9,0,18,0,0,1,10,1,10,4,1,6,1,34,6,2967,1,12,8,1,8
2016010028777,1,9,0,9,0,8,0,0,0,0,3,1,6,1,38,7,1339,1,10,4,1,4
2016010028777,2,1,5,18,0,8,0,0,0,0,1,1,2,2,31,6,-1,-1,-1,4,1,4
2016010028781,1,9,0,3,0,2,0,0,0,0,2,1,6,2,52,8,1598,2,2,3,1,3
2016010028781,2,9,0,5,0,2,0,0,0,0,1,-1,6,1,-1,-1,-1,-1,-1,-1,-1,-1
2016010028791,1,9,0,18,0,8,0,0,0,0,3,1,6,1,39,7,1997,2,-1,3,1,3
2016010028791,2,4,0,9,0,8,0,0,0,0,1,1,6,1,27,6,125,1,2,4,1,4
2016010028815,1,9,0,18,0,0,0,0,0,0,1,1,1,1,61,9,-1,-1,-1,5,1,5
2016010028815,2,9,0,18,0,0,0,0,0,0,1,1,6,1,-1,-1,1999,1,10,-1,-1,-1
2016010028815,3,9,0,18,9,0,0,0,0,0,1,1,6,3,-1,-1,1395,1,2,-1,-1,-1
2016010028816,1,9,0,3,0,8,0,0,0,0,2,1,6,2,41,7,2000,1,7,4,1,4
2016010028816,2,8,0,18,0,8,0,0,0,0,0,1,1,1,67,10,1997,2,4,1,1,1
2016010028821,1,11,0,17,0,8,0,0,0,0,4,1,1,1,47,8,4461,2,3,9,1,9
2016010028822,1,9,0,18,0,8,0,0,0,0,4,1,6,1,21,5,-1,-1,-1,4,1,4
2016010028822,2,3,0,12,0,8,0,0,0,0,3,1,6,1,-1,-1,-1,-1,-1,-1,-1,-1
2016010028830,1,9,0,18,0,0,0,0,0,0,1,1,6,1,-1,-1,-1,-1,-1,-1,-1,-1
2016010028831,1,9,0,18,0,2,0,0,0,0,4,1,6,1,29,6,1364,1,11,2,1,2
2016010028835,1,3,0,18,0,1,0,0,0,0,1,1,1,1,26,6,108,1,1,2,1,2
2016010028843,1,8,0,18,0,1,0,0,0,0,4,1,6,1,49,8,2499,2,4,3,1,3
2016010028843,2,5,0,18,0,1,0,0,1,1,3,1,6,1,27,6,675,1,7,8,1,8
2016010028846,1,9,0,18,0,0,0,0,0,0,4,1,6,2,75,10,998,1,14,4,1,4
2016010028852,1,9,0,3,0,0,0,0,0,0,2,-1,6,1,32,6,1364,1,8,9,1,9
2016010028852,2,9,0,17,0,0,0,0,0,0,1,-1,6,2,-1,-1,1198,1,4,8,1,8
2016010028852,3,9,0,3,0,0,0,0,0,0,2,-1,6,2,-1,-1,2179,2,3,4,1,4
2016010028854,1,9,0,18,0,8,0,0,0,0,1,1,6,1,-1,-1,1968,2,11,6,1,6
2016010028854,2,3,0,18,0,8,0,0,0,0,1,1,1,1,39,7,-1,-1,-1,5,1,5
2016010028862,1,9,0,18,0,8,0,0,0,0,1,1,6,1,54,8,1560,2,1,-1,-1,-1
2016010028862,2,5,0,18,0,8,0,0,0,0,1,1,6,1,19,4,-1,-1,-1,4,1,4
2016010028863,1,8,0,4,0,1,0,0,0,0,2,1,6,1,39,7,1795,8,6,1,1,1
2016010028863,2,9,0,18,0,1,0,0,0,0,1,1,6,1,24,5,1364,1,8,-1,-1,-1
2016010028864,1,9,0,18,0,1,0,0,0,0,1,1,1,1,24,5,1598,2,-1,-1,-1,-1
2016010028864,2,9,0,3,0,1,0,0,0,0,2,1,1,1,36,7,1798,8,-1,3,1,3
2016010028864,3,9,0,3,0,1,0,0,0,0,2,1,6,1,35,6,1995,2,4,10,1,10
2016010028870,1,9,0,7,0,8,0,0,0,0,1,1,6,1,58,9,1596,1,9,1,1,1
2016010028870,2,3,0,17,0,8,0,0,0,0,1,1,6,1,24,5,124,1,-1,2,1,2
2016010028871,1,9,0,18,0,2,0,0,0,0,3,1,6,2,-1,-1,1598,1,10,7,1,7
2016010028873,1,1,0,18,0,8,0,0,0,0,0,1,2,1,24,5,-1,-1,-1,4,1,4
2016010028873,2,9,0,7,0,8,0,0,0,0,4,-1,6,3,-1,-1,-1,-1,-1,-1,-1,-1
2016010028876,1,9,0,9,0,8,0,0,0,0,1,1,1,1,44,7,1598,2,3,2,1,2
2016010028876,2,9,0,18,0,8,0,0,0,0,0,1,6,2,52,8,698,1,11,3,1,3
2016010028878,1,5,0,18,0,8,0,0,0,0,1,1,1,1,36,7,1137,1,12,6,1,6
2016010028878,2,19,0,9,0,8,0,0,0,0,2,1,1,2,57,9,1560,2,4,6,1,6
2016010028921,1,9,0,2,0,0,0,0,0,0,3,1,6,3,-1,-1,-1,-1,-1,-1,-1,-1
2016010028921,2,1,0,18,0,0,0,0,0,0,1,1,6,1,26,6,-1,-1,-1,3,1,3
2016010028924,1,9,0,18,0,8,5,0,0,0,4,1,6,2,39,7,1598,1,2,3,1,3
2016010028924,2,9,0,18,0,8,0,4,0,0,3,1,6,2,34,6,2967,2,8,4,1,4
2016010028925,1,4,0,5,0,1,0,0,0,0,4,1,6,1,25,5,125,1,2,4,1,4
2016010028925,2,9,0,5,0,1,0,0,0,0,3,1,6,1,30,6,-1,3,2,6,1,6
2016010028925,3,9,0,5,0,1,0,0,0,0,2,1,6,1,47,8,1797,8,4,5,1,5
2016010028932,1,9,0,7,0,8,0,0,0,0,1,1,6,1,41,7,1791,8,4,3,1,3
2016010028932,2,1,0,5,0,8,0,0,0,0,2,1,6,1,53,8,-1,-1,-1,9,1,9
2016010028939,1,9,0,18,0,2,1,10,1,2,1,1,6,2,22,5,-1,-1,-1,3,1,3
2016010028940,1,1,0,18,4,1,0,0,0,0,1,1,6,1,28,6,-1,-1,-1,3,1,3
2016010028940,2,19,0,7,0,5,0,0,0,0,4,1,1,1,33,6,2287,2,1,5,1,5
2016010028947,1,5,0,14,0,1,0,0,0,0,1,1,1,1,48,8,1293,1,7,2,1,2
2016010028948,1,9,0,18,0,8,0,0,0,0,3,1,1,2,21,5,1242,1,1,2,1,2
2016010028948,2,9,0,1,0,8,0,0,0,0,2,1,6,1,57,9,-1,-1,-1,2,1,2
2016010028951,1,19,0,18,0,1,0,0,0,0,1,1,6,3,-1,-1,2402,2,14,-1,-1,-1
2016010028952,1,9,0,13,9,2,0,10,7,0,1,1,6,3,-1,-1,2143,2,6,-1,-1,-1
2016010028956,1,4,0,18,2,1,1,0,0,0,1,1,6,1,25,5,124,1,1,8,1,8
2016010028956,2,9,0,15,2,1,0,0,0,0,2,1,1,1,47,8,1497,8,7,3,1,3
2016010028957,1,9,0,7,0,8,0,0,0,0,4,1,6,1,18,4,1388,1,13,3,1,3
2016010028957,2,1,0,18,0,8,0,0,0,0,1,1,6,1,37,7,-1,-1,-1,2,1,2
2016010028958,1,1,0,18,0,8,0,0,0,0,2,1,6,1,38,7,-1,-1,-1,6,1,6
2016010028958,2,9,0,17,0,8,0,0,0,0,1,1,6,2,58,9,-1,-1,-1,4,1,4
2016010028959,1,9,0,11,0,8,0,0,0,0,1,1,6,3,-1,-1,-1,-1,-1,-1,-1,-1
2016010028963,1,1,0,18,0,0,0,8,0,0,0,1,6,2,39,7,-1,-1,-1,5,1,5
2016010028963,2,19,0,3,0,0,0,0,0,0,4,1,6,3,-1,-1,-1,-1,-1,-1,-1,-1
2016010028970,1,9,0,3,0,0,0,0,0,0,3,1,6,2,59,9,1598,1,3,4,1,4
2016010028970,2,9,0,3,0,0,0,0,0,0,3,1,6,2,58,9,1242,1,1,3,1,3
2016010028970,3,9,0,14,0,0,0,0,0,0,4,1,6,1,28,6,2099,1,13,3,1,3
2016010028971,1,4,0,18,0,1,0,0,0,0,1,1,6,1,20,4,125,1,5,1,1,1
2016010028971,2,4,0,18,0,8,0,0,0,0,3,1,6,1,21,5,108,1,-1,7,1,7
2016010028974,1,11,0,18,0,8,0,0,0,0,1,1,1,1,25,5,6700,2,5,5,1,5
2016010028975,1,3,0,5,0,1,0,0,0,0,2,1,1,1,35,6,108,1,-1,3,1,3
2016010028975,2,9,-1,5,0,1,-1,0,0,0,4,1,6,2,-1,-1,1798,8,3,-1,-1,-1
2016010028976,1,9,0,18,0,8,0,0,0,0,1,1,6,1,29,6,1910,2,9,9,1,9
2016010028976,2,1,0,12,0,8,0,0,0,0,1,1,6,1,18,4,-1,-1,-1,3,1,3
2016010028979,1,8,0,18,0,8,0,0,0,0,4,1,1,1,40,7,1910,2,7,6,1,6
2016010028983,1,1,0,18,4,8,0,0,0,0,1,1,6,1,34,6,-1,-1,-1,-1,-1,-1
2016010028983,2,9,0,7,0,8,0,0,0,0,4,1,6,3,-1,-1,-1,-1,-1,-1,-1,-1
2016010028991,1,1,0,18,0,0,0,0,0,0,1,1,6,1,35,6,-1,-1,-1,4,1,4
2016010028991,2,9,0,6,0,0,0,0,0,0,3,1,6,3,-1,-1,1896,2,12,-1,-1,-1
2016010028992,1,8,0,3,0,2,0,0,0,0,1,1,6,1,34,6,1596,1,3,1,1,1
2016010028992,2,9,0,1,0,2,0,0,0,0,2,-1,6,3,-1,-1,-1,-1,-1,-1,-1,-1
2016010028993,1,9,0,3,0,0,0,0,0,0,2,1,6,1,35,6,-1,-1,-1,10,1,10
2016010028993,2,9,0,18,0,0,0,0,0,0,1,1,6,3,-1,-1,-1,-1,-1,-1,-1,-1
2016010028997,1,9,0,18,0,8,0,0,0,0,1,1,6,2,35,6,1560,2,1,3,1,3
2016010029001,1,4,0,14,0,1,0,0,0,0,0,1,6,1,26,6,108,1,6,4,1,4
2016010029002,1,9,0,9,0,8,0,0,0,0,1,1,6,1,60,9,-1,-1,-1,3,1,3
2016010029002,2,1,0,18,0,8,0,0,0,0,1,1,6,1,26,6,-1,-1,-1,6,1,6
2016010029010,1,9,0,18,0,8,0,0,0,0,1,1,6,1,49,8,-1,-1,-1,3,1,3
2016010029010,2,2,0,18,0,8,0,0,0,0,1,1,6,1,26,6,125,1,3,4,1,4
2016010029011,1,9,0,18,0,8,1,0,0,0,1,1,6,1,37,7,6208,1,4,5,1,5
2016010029011,2,9,0,9,0,8,0,0,0,0,3,1,2,2,64,9,998,1,1,6,1,6
2016010029013,1,9,0,4,0,1,0,0,0,0,1,1,6,1,43,7,1422,2,8,4,1,4
2016010029013,2,9,0,3,0,1,0,0,0,0,2,1,6,2,19,4,1198,1,12,3,1,3
2016010029026,1,9,0,6,0,8,0,0,0,0,3,1,2,1,38,7,1198,1,7,10,1,10
2016010029026,2,4,0,18,0,8,0,0,0,0,1,1,6,1,31,6,249,1,8,4,1,4
2016010029033,1,9,0,18,0,0,0,0,0,0,1,1,6,1,45,7,1997,1,15,-1,-1,-1
2016010029033,2,9,0,18,0,0,0,0,0,0,1,1,6,1,-1,-1,1769,1,14,-1,-1,-1
2016010029033,3,9,0,18,0,0,0,0,0,0,1,1,6,2,-1,-1,-1,-1,-1,-1,-1,-1
2016010029033,4,9,0,18,0,0,0,0,0,0,2,1,6,1,-1,-1,-1,-1,-1,-1,-1,-1
2016010029040,1,9,0,11,0,1,0,0,0,0,4,1,1,2,39,7,1995,1,9,1,1,1
2016010029040,2,1,0,18,0,1,0,0,0,0,3,1,6,1,23,5,-1,-1,-1,4,1,4
2016010029051,1,3,0,18,0,8,0,0,0,0,1,1,6,1,34,6,125,1,1,4,1,4
2016010029051,2,9,0,18,0,8,0,0,0,0,3,1,6,1,59,9,2720,2,10,5,1,5
2016010029054,1,9,0,3,0,8,0,0,0,0,2,1,6,1,57,9,1997,2,3,4,1,4
2016010029054,2,9,0,18,0,1,0,0,0,0,1,1,6,2,20,4,1229,1,1,-1,-1,-1
2016010029056,1,3,0,18,0,1,0,0,0,0,4,1,6,1,56,9,1170,1,4,4,1,4
2016010029061,1,9,0,9,0,8,0,0,0,0,3,1,6,1,58,9,1970,1,12,6,1,6
2016010029061,2,1,0,18,0,8,0,0,0,0,1,1,6,1,37,7,-1,-1,-1,-1,-1,-1
2016010029068,1,1,0,18,2,8,0,0,0,0,1,1,6,1,55,8,-1,-1,-1,4,1,4
2016010029068,2,9,0,15,2,8,0,0,0,0,2,1,6,3,-1,-1,1560,2,-1,-1,-1,-1
2016010029072,1,9,0,9,0,8,0,0,0,0,3,1,6,2,49,8,1995,2,-1,3,1,3
2016010029072,2,9,0,18,0,8,0,0,0,0,1,1,6,1,20,4,2967,2,-1,4,1,4
2016010029072,3,19,0,10,0,1,0,0,0,0,1,1,1,1,50,8,2198,2,1,5,1,5
2016010029073,1,9,0,18,0,8,0,0,0,0,1,1,6,3,-1,-1,-1,-1,-1,-1,-1,-1
2016010029073,2,1,0,18,4,8,0,0,0,0,2,1,6,1,-1,-1,-1,-1,-1,-1,-1,-1
2016010029076,1,9,0,3,0,8,0,0,0,0,2,1,6,1,34,6,-1,-1,-1,1,1,1
2016010029076,2,9,0,18,0,8,0,0,0,0,1,1,6,3,-1,-1,1998,2,4,-1,-1,-1
2016010029085,1,4,0,18,0,8,0,0,0,0,1,1,6,1,46,8,599,1,17,-1,-1,-1
2016010029085,2,9,0,7,0,8,0,0,0,0,4,1,6,1,22,5,1598,1,10,2,1,2
2016010029095,1,9,0,18,0,8,0,0,0,0,3,1,6,1,53,8,-1,-1,-1,10,1,10
2016010029095,2,1,0,18,0,8,0,0,0,0,1,1,6,2,47,8,-1,-1,-1,7,1,7
2016010029096,1,9,0,18,0,8,0,0,0,0,1,1,6,1,26,6,1560,2,2,1,1,1
2016010029096,2,9,0,7,0,8,0,0,0,0,3,1,6,1,58,9,1796,1,3,2,1,2
2016010029097,1,9,0,18,0,1,0,0,0,0,1,1,6,1,53,8,2494,1,14,6,1,6
2016010029097,2,9,0,3,0,1,0,0,0,0,2,1,6,2,71,10,-1,-1,-1,3,1,3
2016010029097,3,9,0,3,0,8,0,0,0,0,2,1,6,1,28,6,1896,2,7,1,1,1
2016010029110,1,5,0,6,0,0,0,0,0,0,1,1,1,2,27,6,471,1,-1,2,1,2
2016010029110,2,9,0,18,0,0,0,0,0,0,1,1,6,2,-1,-1,1240,1,6,5,1,5
2016010029111,1,9,0,3,0,8,0,0,0,0,3,1,6,2,47,8,1596,1,9,4,1,4
2016010029111,2,9,0,18,0,8,0,0,0,0,1,1,6,1,35,6,-1,-1,-1,6,1,6
2016010029119,1,9,0,14,0,0,0,0,0,0,1,1,1,1,26,6,-1,-1,-1,2,1,2
2016010029119,2,9,0,4,0,0,0,0,0,0,1,1,6,1,-1,-1,-1,-1,-1,1,1,1
2016010029169,1,9,0,9,0,8,0,0,0,0,1,1,6,1,63,9,-1,-1,-1,10,3,10
2016010029169,2,2,0,18,0,8,0,0,0,0,1,1,6,1,32,6,124,1,2,4,1,4
2016010029170,1,9,0,9,0,8,0,0,0,0,3,1,6,2,25,5,1598,1,10,2,1,2
2016010029170,2,3,0,13,0,8,0,0,0,0,4,1,6,1,22,5,125,1,3,-1,-1,-1
2016010029174,1,8,0,3,0,1,0,0,0,0,2,1,1,1,-1,-1,1896,2,7,2,1,2
2016010029174,2,19,0,4,0,1,0,0,0,0,2,1,1,1,63,9,1248,2,10,7,1,7
2016010029174,3,19,0,18,0,1,0,0,0,0,0,1,1,1,48,8,2143,2,1,5,1,5
2016010029177,1,9,0,5,0,8,0,0,0,0,2,1,6,2,68,10,1997,2,4,8,1,8
2016010029177,2,9,0,5,0,8,0,0,0,0,1,1,6,1,26,6,1995,2,5,6,1,6
2016010029178,1,3,0,4,0,0,0,0,0,0,3,1,1,1,24,5,124,1,4,7,1,7
2016010029179,1,11,0,18,0,2,0,0,0,0,1,1,1,1,33,6,4500,2,-1,8,1,8
2016010029184,1,8,0,9,0,8,0,0,0,0,1,1,1,1,43,7,-1,-1,-1,2,1,2
2016010029184,2,1,0,18,0,8,0,0,0,0,1,1,2,1,-1,-1,-1,-1,-1,9,1,9
2016010029186,1,9,0,1,0,8,0,0,0,0,4,1,6,3,-1,-1,-1,-1,-1,-1,-1,-1
2016010029188,1,9,0,3,0,8,0,0,0,0,2,1,6,2,38,7,-1,-1,-1,5,1,5
2016010029188,2,9,0,17,0,8,0,0,0,0,1,1,6,3,-1,-1,-1,-1,-1,-1,-1,-1
2016010029196,1,9,0,18,0,1,0,0,0,0,1,1,6,1,31,6,-1,-1,-1,7,1,7
2016010029197,1,9,0,18,0,8,0,0,0,0,0,1,6,1,31,6,2720,2,7,6,1,6
2016010029197,2,3,0,18,0,8,0,0,0,0,3,1,6,1,40,7,125,1,8,5,1,5
2016010029199,1,9,0,10,0,1,0,0,0,0,2,1,6,1,30,6,1598,1,7,-1,-1,-1
2016010029199,2,8,0,10,0,1,0,0,0,0,2,1,1,1,40,7,2499,2,9,5,1,5
2016010029199,3,9,0,18,0,1,0,0,0,0,0,1,1,1,26,6,1956,2,6,-1,-1,-1
2016010029211,1,1,0,3,0,4,0,0,0,0,2,1,2,1,36,7,-1,-1,-1,9,1,9
2016010029211,2,9,0,18,0,1,0,0,0,0,1,-1,6,2,-1,-1,1598,2,-1,-1,-1,-1
2016010029215,1,1,0,18,0,8,0,0,0,0,1,1,6,1,25,5,-1,-1,-1,3,1,3
2016010029215,2,9,0,7,0,8,0,0,0,0,4,1,6,1,23,5,1686,2,5,3,1,3
2016010029216,1,2,0,3,0,0,0,0,0,0,1,1,1,1,33,6,125,1,-1,4,1,4
2016010029217,1,19,0,9,0,5,0,0,0,0,3,1,1,1,28,6,2148,2,8,8,1,8
2016010029219,1,3,0,18,0,1,0,0,0,0,1,1,6,1,29,6,125,1,6,7,1,7
2016010029220,1,9,0,9,0,5,0,0,0,0,3,1,1,1,42,7,1499,2,1,3,1,3
2016010029220,2,5,0,13,0,1,0,0,0,0,1,1,6,1,41,7,798,1,2,9,1,9
2016010029221,1,9,0,18,0,8,0,10,1,1,1,1,6,3,-1,-1,-1,-1,-1,-1,-1,-1
2016010029223,1,9,0,18,0,2,0,0,0,0,3,1,6,1,27,6,-1,-1,-1,-1,-1,-1
2016010029223,2,4,0,18,0,1,0,0,0,0,3,1,6,1,38,7,125,1,-1,5,1,5
2016010029229,1,1,0,18,0,8,0,0,0,0,1,1,1,1,21,5,-1,-1,-1,2,1,2
2016010029229,2,19,0,9,0,5,0,0,0,0,4,1,6,1,52,8,-1,-1,-1,5,1,5
2016010029232,1,9,0,6,0,0,0,0,0,0,3,1,6,1,42,7,1242,1,9,2,1,2
2016010029232,2,5,0,13,0,0,0,0,0,0,1,1,2,1,46,8,1100,1,37,5,1,5
2016010029233,1,9,0,18,0,0,0,0,1,10,3,1,2,1,24,5,1198,1,6,3,1,3
2016010029235,1,9,0,9,0,8,0,0,0,0,1,1,6,1,36,7,2143,2,-1,5,1,5
2016010029235,2,1,0,18,0,8,0,0,0,0,1,1,6,1,17,4,-1,-1,-1,3,1,3
2016010029241,1,9,0,5,0,8,0,0,0,0,1,1,6,1,64,9,-1,-1,-1,8,1,8
2016010029247,1,9,0,18,0,8,0,0,0,0,4,1,6,2,64,9,2143,2,-1,3,1,3
2016010029247,2,1,0,16,0,8,0,0,0,0,3,1,6,1,62,9,-1,-1,-1,10,1,10
2016010029250,1,9,0,9,0,2,0,0,0,0,1,1,6,1,30,6,1956,2,5,6,1,6
2016010029253,1,19,0,18,0,2,0,0,0,0,1,1,6,1,38,7,2198,2,3,6,1,6
2016010029253,2,9,0,3,0,2,0,0,0,0,2,1,6,1,58,9,999,1,11,3,1,3
2016010029253,3,9,0,3,0,2,0,0,0,0,2,1,6,1,42,7,1598,1,5,2,1,2
2016010029263,1,9,0,18,0,8,0,0,0,0,1,1,6,1,67,10,1797,8,6,10,1,10
2016010029263,2,9,0,12,0,8,0,0,0,0,1,1,6,1,-1,-1,1995,2,-1,-1,-1,-1
2016010029274,1,9,0,3,0,1,0,0,0,0,2,1,6,1,55,8,1461,2,-1,6,1,6
2016010029274,2,9,0,18,0,1,0,0,0,0,1,1,6,1,28,6,2967,2,5,3,1,3
2016010029281,1,9,0,18,0,1,0,0,0,0,1,1,6,2,35,6,1598,1,12,7,1,7
2016010029281,2,3,0,9,0,8,0,0,0,0,4,1,6,1,25,5,998,1,-1,4,1,4
2016010029351,1,5,0,14,0,1,0,0,0,0,1,1,6,1,33,6,1170,1,3,9,1,9
2016010029352,1,1,0,14,0,0,0,0,0,0,3,1,6,1,29,6,-1,-1,-1,3,1,3
2016010029352,2,9,0,11,0,0,0,0,0,0,4,1,6,3,-1,-1,1197,1,1,-1,-1,-1
2016010029353,1,9,0,18,0,2,0,4,0,0,1,1,6,1,21,5,1596,1,8,4,1,4
2016010029353,2,9,0,2,0,2,0,0,0,0,3,1,6,3,-1,-1,1360,1,12,-1,-1,-1
2016010029353,3,9,0,2,0,2,0,0,0,0,1,1,6,3,-1,-1,-1,-1,-1,-1,-1,-1
2016010029354,1,9,0,18,0,0,0,0,0,0,4,1,6,3,-1,-1,-1,-1,-1,-1,-1,-1
2016010029356,1,9,0,18,0,1,0,10,1,2,1,1,6,1,39,7,2204,2,11,6,1,6
2016010029358,1,9,0,18,0,0,0,0,0,0,1,1,1,1,-1,-1,-1,-1,-1,-1,-1,-1
2016010029358,2,4,0,2,0,0,0,0,0,0,1,1,6,3,-1,-1,-1,-1,-1,-1,-1,-1
2016010029359,1,9,0,7,0,6,0,0,0,0,3,1,6,2,42,7,1598,1,3,6,1,6
2016010029359,2,19,0,18,0,8,0,0,0,0,1,1,1,1,30,6,2402,2,9,4,2,4
2016010029360,1,8,0,7,0,8,0,0,0,0,2,1,1,1,48,8,1598,1,10,2,1,2
2016010029360,2,9,0,7,0,8,0,0,0,0,1,1,6,1,33,6,-1,-1,-1,3,1,3
2016010029361,1,5,0,13,0,8,0,0,0,0,4,1,2,1,36,7,900,1,18,5,1,5
2016010029361,2,9,0,9,0,8,0,0,0,0,3,1,2,1,37,7,-1,-1,-1,4,1,4
2016010029363,1,9,0,1,9,8,0,0,0,0,2,1,6,3,-1,-1,-1,-1,-1,-1,-1,-1
2016010029364,1,9,0,18,0,1,0,0,0,0,1,1,6,1,23,5,1149,1,8,8,1,8
2016010029366,1,10,0,1,0,1,0,0,0,0,1,1,6,3,-1,-1,-1,-1,-1,-1,-1,-1
2016010029368,1,9,0,18,0,8,0,10,3,10,1,1,1,1,-1,-1,-1,-1,-1,-1,-1,-1
2016010029368,2,9,0,9,0,8,0,0,0,0,3,1,6,1,56,9,1798,1,8,10,1,10
2016010029369,1,9,0,9,0,8,0,0,0,0,3,1,6,1,64,9,1560,2,6,-1,-1,-1
2016010029369,2,9,0,18,0,8,0,0,0,0,1,1,6,2,52,8,1390,1,6,3,1,3
2016010029370,1,11,0,18,0,1,0,0,0,0,0,1,1,1,48,8,6700,2,6,3,1,3
2016010029371,1,9,0,7,0,8,0,7,0,0,1,1,6,1,26,6,2993,2,11,6,1,6
2016010029373,1,1,0,18,4,1,0,0,0,0,1,1,6,1,26,6,-1,-1,-1,7,1,7
2016010029373,2,9,0,7,0,5,0,0,0,0,4,1,6,3,-1,-1,-1,-1,-1,-1,-1,-1
2016010029374,1,11,0,16,0,1,0,0,0,0,0,1,1,1,49,8,9360,2,5,3,1,3
2016010029379,1,4,0,14,0,1,0,0,0,0,1,1,6,1,19,4,125,1,9,3,1,3
2016010029383,1,3,0,18,0,8,0,0,0,0,1,1,2,1,44,7,125,1,3,-1,-1,-1
2016010029383,2,1,0,9,0,8,0,0,0,0,1,1,6,1,22,5,-1,-1,-1,-1,-1,-1
2016010029386,1,11,0,5,0,0,0,0,0,0,0,1,1,1,51,8,4461,2,2,4,1,4
2016010029387,1,9,0,1,9,0,0,0,0,0,2,1,6,3,-1,-1,-1,-1,-1,-1,-1,-1
2016010029391,1,9,0,18,0,8,0,0,0,0,4,1,6,2,38,7,1391,1,21,3,1,3
2016010029391,2,9,0,18,0,8,0,0,0,0,1,1,6,1,26,6,1997,2,4,-1,-1,-1
2016010029392,1,11,0,4,0,8,0,0,0,0,0,1,1,1,46,8,3900,2,13,2,1,2
2016010029399,1,9,0,18,0,0,0,0,0,0,1,1,6,1,40,7,1753,2,9,7,1,7
2016010029399,2,9,0,9,0,0,0,0,0,0,1,1,6,1,39,7,1995,2,1,6,1,6
2016010029402,1,4,0,9,0,1,0,0,0,0,2,1,6,1,24,5,125,1,2,6,1,6
2016010029402,2,1,0,18,0,1,0,0,0,0,1,1,6,1,25,5,-1,-1,-1,5,1,5
2016010029404,1,3,0,13,0,0,0,0,0,0,1,1,6,1,38,7,109,1,4,-1,-1,-1
2016010029404,2,9,0,9,0,0,0,0,0,0,1,1,6,1,54,8,2179,2,8,-1,-1,-1
2016010029409,1,9,0,2,0,1,0,0,0,0,3,1,6,3,-1,-1,2143,2,1,-1,-1,-1
2016010029409,2,1,0,18,0,1,0,8,0,0,1,1,6,1,40,7,-1,-1,-1,3,1,3
2016010029410,1,8,0,18,0,8,0,7,0,0,1,1,1,1,58,9,2499,2,5,7,1,7
2016010029413,1,9,0,5,0,8,0,0,0,0,2,1,2,2,26,6,1242,1,4,6,1,6
2016010029413,2,9,0,18,0,8,0,0,0,0,1,1,6,3,-1,-1,1229,1,9,-1,-1,-1
2016010029414,1,9,0,18,0,0,0,0,0,0,3,1,6,1,39,7,1598,1,-1,5,1,5
2016010029416,1,1,0,17,0,8,0,0,0,0,1,1,2,2,28,6,-1,-1,-1,3,1,3
2016010029416,2,19,0,5,0,8,0,0,0,0,1,1,6,3,-1,-1,-1,-1,-1,-1,-1,-1
2016010029417,1,9,0,9,0,8,0,0,0,0,3,1,6,1,68,10,1124,1,12,3,1,3
2016010029417,2,9,0,13,0,8,0,0,0,0,1,1,1,2,-1,-1,-1,-1,-1,-1,-1,-1
2016010029419,1,9,0,9,0,1,0,0,0,0,4,1,6,1,31,6,1798,8,3,3,1,3
2016010029420,1,9,0,4,0,1,0,0,0,0,1,1,6,2,25,5,1984,2,6,6,1,6
2016010029420,2,9,0,3,0,1,0,0,0,0,2,1,6,2,32,6,995,1,7,-1,-1,-1