Accident_Index,Vehicle_Reference,Vehicle_Type,Towing_and_Articulation,Vehicle_Manoeuvre,Vehicle_Location-Restricted_Lane,Junction_Location,Skidding_and_Overturning,Hit_Object_in_Carriageway,Vehicle_Leaving_Carriageway,Hit_Object_off_Carriageway,1st_Point_of_Impact,Was_Vehicle_Left_Hand_Drive?,Journey_Purpose_of_Driver,Sex_of_Driver,Age_of_Driver,Age_Band_of_Driver,Engine_Capacity_(CC),Propulsion_Code,Age_of_Vehicle,Driver_IMD_Decile,Driver_Home_Area_Type,Vehicle_IMD_Decile
2016010029421,1,9,0,9,0,8,0,0,0,0,3,1,1,1,39,7,2967,2,-1,-1,-1,-1
2016010029421,2,5,0,13,0,8,0,0,0,0,1,1,1,1,26,6,-1,-1,-1,2,1,2
2016010029425,1,9,0,9,0,0,0,0,0,0,1,1,6,1,35,6,1998,2,8,9,1,9
2016010029425,2,3,0,18,0,0,0,0,0,0,1,1,6,1,19,4,124,1,11,10,1,10
2016010029429,1,5,0,14,0,0,0,0,0,0,3,1,6,1,39,7,998,1,11,3,1,3
2016010029429,2,9,0,13,0,0,0,0,0,0,4,1,6,1,20,4,1796,1,11,2,1,2
2016010029430,1,11,0,4,0,8,0,0,0,0,0,1,1,1,27,6,7300,2,14,7,1,7
2016010029433,1,9,0,18,0,8,0,0,0,0,1,1,6,1,-1,-1,-1,-1,-1,-1,-1,-1
2016010029439,1,9,0,18,0,1,0,0,0,0,1,1,3,1,38,7,1587,1,13,4,1,4
2016010029439,2,9,0,2,0,1,0,0,0,0,3,1,6,3,-1,-1,1968,2,5,-1,-1,-1
2016010029439,3,9,0,18,0,2,0,0,0,0,0,1,1,1,-1,-1,-1,-1,-1,-1,-1,-1
2016010029439,4,9,0,18,0,2,0,4,0,0,1,1,6,3,-1,-1,2495,1,14,-1,-1,-1
2016010029440,1,9,0,14,0,1,0,0,0,0,1,1,2,1,25,5,1984,1,6,4,1,4
2016010029444,1,19,0,12,0,8,0,0,0,0,1,1,6,1,-1,-1,-1,-1,-1,-1,-1,-1
2016010029444,2,3,0,18,0,8,0,0,0,0,1,1,6,1,28,6,-1,-1,-1,-1,-1,-1
2016010029448,1,9,0,5,0,1,0,0,0,0,3,1,6,2,30,6,1796,1,16,-1,-1,-1
2016010029448,2,3,0,18,0,1,0,0,0,0,4,1,6,1,28,6,125,1,2,5,1,5
2016010029449,1,3,0,18,0,8,0,0,0,0,1,1,1,1,18,4,114,1,2,9,1,9
2016010029455,1,1,0,18,0,8,0,0,0,0,1,1,2,1,23,5,-1,-1,-1,-1,-1,-1
2016010029455,2,9,0,9,0,8,0,0,0,0,1,1,6,3,-1,-1,1598,1,8,-1,-1,-1
2016010029456,1,1,0,18,0,8,0,0,0,0,4,1,6,1,18,4,-1,-1,-1,3,1,3
2016010029456,2,9,0,17,0,8,0,0,0,0,1,-1,6,1,-1,-1,1598,2,4,-1,-1,-1
2016010029559,1,9,0,5,0,1,0,0,0,0,1,1,6,1,28,6,-1,-1,-1,3,1,3
2016010029559,2,9,0,3,0,1,0,0,0,0,2,1,1,1,56,9,1998,2,7,3,1,3
2016010029560,1,9,0,18,0,2,0,0,0,0,4,1,6,1,-1,-1,-1,-1,-1,-1,-1,-1
2016010029560,2,9,0,18,0,1,0,4,7,10,1,1,6,1,29,6,1910,2,6,-1,1,-1
2016010029560,3,19,0,2,0,2,0,0,0,0,2,1,6,3,-1,-1,1896,2,8,-1,-1,-1
2016010029560,4,9,0,2,0,2,0,0,0,0,1,1,6,3,-1,-1,1999,2,8,-1,-1,-1
2016010029562,1,11,0,18,2,1,0,0,0,0,0,1,1,2,37,7,4500,2,-1,3,1,3
2016010029563,1,19,0,1,0,8,0,0,0,0,2,1,6,3,-1,-1,-1,-1,-1,-1,-1,-1
2016010029565,1,9,0,2,0,1,0,0,0,0,3,1,6,3,-1,-1,1390,1,7,-1,-1,-1
2016010029565,2,1,0,18,0,1,0,4,0,0,1,1,1,1,29,6,-1,-1,-1,2,1,2
2016010029566,1,1,0,18,0,8,0,0,0,0,1,1,6,1,48,8,-1,-1,-1,-1,-1,-1
2016010029566,2,9,0,9,0,8,0,0,0,0,4,1,6,1,46,8,1595,1,10,6,1,6
2016010029568,1,9,0,9,0,8,0,0,0,0,1,1,6,2,36,7,998,1,12,3,1,3
2016010029568,2,3,0,14,0,8,0,0,0,0,4,1,6,1,16,4,-1,-1,-1,7,1,7
2016010029569,1,9,0,18,0,0,0,0,0,0,1,1,6,3,-1,-1,3724,1,13,-1,-1,-1
2016010029570,1,9,0,18,0,2,0,0,0,0,1,-1,6,1,34,6,2143,2,2,1,1,1
2016010029570,2,9,0,18,0,1,0,0,0,0,1,-1,6,2,26,6,1997,2,15,3,1,3
2016010029571,1,11,0,5,0,0,0,0,0,0,1,1,1,1,53,8,-1,-1,-1,4,1,4
2016010029573,1,8,0,3,0,0,0,0,0,0,2,1,1,1,60,9,2499,2,4,9,1,9
2016010029573,2,1,0,18,0,0,0,0,0,0,1,1,6,2,36,7,-1,-1,-1,1,1,1
2016010029574,1,9,0,9,0,8,0,0,0,0,1,1,6,1,63,9,1796,1,9,3,1,3
2016010029574,2,1,0,18,0,8,0,0,0,0,1,1,6,1,23,5,-1,-1,-1,2,1,2
2016010029575,1,9,0,9,0,8,0,0,0,0,4,-1,6,1,46,8,1968,2,4,2,1,2
2016010029575,2,3,0,15,0,8,0,0,0,0,1,1,6,3,-1,-1,-1,-1,-1,-1,-1,-1
2016010029576,1,3,0,13,0,1,0,0,0,0,4,1,6,1,18,4,124,1,-1,2,1,2
2016010029576,2,19,0,9,0,1,0,0,0,0,3,2,6,3,-1,-1,-1,-1,-1,-1,-1,-1
2016010029577,1,9,0,9,0,6,0,0,0,0,3,1,6,1,40,7,1498,1,8,5,3,5
2016010029577,2,4,0,14,0,1,0,0,0,0,1,1,6,1,44,7,109,1,-1,1,1,1
2016010029578,1,9,0,9,0,6,0,0,0,0,3,1,6,1,47,8,1364,1,6,4,1,4
2016010029578,2,11,0,18,0,1,0,0,0,0,1,1,1,1,50,8,7300,2,13,4,1,4
2016010029579,1,9,0,9,0,8,0,0,0,0,4,-1,6,1,-1,-1,1598,2,-1,-1,-1,-1
2016010029580,1,9,0,9,0,0,0,0,0,0,1,1,1,1,25,5,1686,2,4,7,1,7
2016010029580,2,3,0,18,0,0,0,0,0,0,1,1,6,1,27,6,124,1,6,6,1,6
2016010029581,1,9,0,9,0,5,0,0,0,0,3,1,6,1,69,10,998,1,9,8,1,8
2016010029581,2,5,0,18,0,8,0,0,0,0,1,1,6,1,29,6,998,1,4,5,1,5
2016010029582,1,1,0,18,4,2,0,0,0,0,4,1,4,1,10,2,-1,-1,-1,5,1,5
2016010029582,2,9,0,11,4,2,0,0,0,0,3,-1,6,1,-1,-1,-1,-1,-1,2,1,2
2016010029583,1,9,0,18,0,2,0,0,0,0,4,-1,6,3,-1,-1,1598,1,18,-1,-1,-1
2016010029584,1,4,0,18,0,1,1,0,0,0,1,1,6,1,23,5,108,1,1,5,1,5
2016010029586,1,9,0,9,0,8,0,0,0,0,3,-1,6,1,-1,-1,-1,-1,-1,-1,-1,-1
2016010029586,2,3,0,14,0,1,0,0,0,0,1,1,6,1,-1,-1,-1,-1,-1,-1,-1,-1
2016010029587,1,9,0,17,0,8,0,0,0,0,1,1,6,1,-1,-1,-1,-1,-1,-1,-1,-1
2016010029587,2,1,0,17,0,8,0,0,0,0,1,1,4,1,12,3,-1,-1,-1,3,1,3
2016010029588,1,9,0,3,0,1,0,0,0,0,4,1,6,1,24,5,1339,1,6,2,1,2
2016010029588,2,9,0,18,0,1,0,8,0,0,2,1,6,1,46,8,-1,-1,-1,-1,-1,-1
2016010029589,1,9,0,3,0,6,0,0,0,0,1,-1,6,2,24,5,1596,1,6,1,1,1
2016010029589,2,9,0,7,0,5,0,0,0,0,1,-1,6,3,-1,-1,1598,1,13,-1,-1,-1
2016010029590,1,19,0,7,0,1,0,0,0,0,4,1,1,1,23,5,2143,2,4,9,1,9
2016010029590,2,4,0,7,0,1,0,0,0,0,3,1,6,1,-1,-1,-1,-1,-1,9,1,9
2016010029592,1,2,0,18,0,2,0,0,0,0,1,1,1,1,24,5,125,1,5,8,1,8
2016010029593,1,8,0,10,0,8,0,0,0,0,2,1,1,1,21,5,1400,2,9,5,1,5
2016010029593,2,19,0,18,0,1,0,0,0,0,1,1,1,1,26,6,2143,2,4,1,1,1
2016010029594,1,4,0,18,0,2,0,0,0,0,4,1,1,1,24,5,125,1,-1,2,1,2
2016010029594,2,9,0,12,0,2,0,0,0,0,3,1,6,3,-1,-1,-1,-1,-1,-1,-1,-1
2016010029595,1,11,0,7,0,2,0,0,0,0,0,1,1,2,45,7,6692,2,6,3,1,3
2016010029596,1,9,0,14,0,8,0,0,0,0,1,1,6,1,39,7,1796,1,10,3,1,3
2016010029597,1,11,0,4,0,1,0,0,0,0,2,1,6,3,-1,-1,-1,-1,-1,-1,-1,-1
2016010029597,2,11,0,18,0,1,0,0,0,0,1,1,6,3,-1,-1,4760,2,3,-1,-1,-1
2016010029598,1,19,0,14,0,1,0,0,0,0,1,1,2,1,42,7,2402,2,11,7,1,7
2016010029599,1,20,5,7,0,8,0,0,0,0,4,1,1,1,58,9,-1,-1,-1,1,1,1
2016010029601,1,9,0,7,0,8,0,0,0,0,1,1,6,1,46,8,1590,1,14,-1,-1,-1
2016010029601,2,1,0,18,0,1,0,0,0,0,1,1,6,2,51,8,-1,-1,-1,-1,-1,-1
2016010029602,1,3,0,18,0,8,0,10,1,0,1,1,6,1,27,6,124,1,4,1,1,1
2016010029604,1,11,0,5,0,1,0,0,0,0,0,1,1,1,61,9,6700,2,4,6,3,6
2016010029606,1,9,0,17,0,1,0,0,0,0,1,1,6,2,29,6,999,1,7,5,1,5
2016010029607,1,9,0,18,0,8,0,0,0,0,1,1,6,1,34,6,2231,2,4,2,1,2
2016010029607,2,9,0,9,0,8,0,0,0,0,3,1,6,1,44,7,1995,1,8,4,1,4
2016010029608,1,9,0,7,0,2,0,0,0,0,4,1,6,2,28,6,1968,2,2,7,1,7
2016010029611,1,9,0,18,9,8,0,0,0,0,1,1,6,1,-1,-1,-1,-1,-1,-1,-1,-1
2016010029612,1,9,0,5,0,2,0,0,0,0,3,1,6,1,45,7,2148,2,11,2,1,2
2016010029612,2,3,0,18,0,2,0,0,0,0,1,1,6,1,17,4,124,1,13,-1,-1,-1
2016010029613,1,8,0,18,0,8,0,0,0,0,1,1,1,1,37,7,999,1,-1,6,1,6
2016010029613,2,1,0,18,0,8,0,0,0,0,1,1,6,1,-1,-1,-1,-1,-1,6,1,6
2016010029615,1,11,0,3,2,1,0,0,0,0,2,1,1,1,30,6,6700,2,4,3,1,3
2016010029615,2,9,0,14,0,1,0,0,0,0,1,1,6,2,61,9,1395,1,-1,4,1,4
2016010029616,1,9,0,7,0,1,0,0,0,0,1,1,6,1,29,6,1968,2,-1,3,1,3
2016010029616,2,9,0,7,0,1,0,0,0,0,2,1,6,2,-1,-1,1598,1,13,1,1,1
2016010029617,1,9,0,17,0,1,0,0,0,0,3,1,6,2,43,7,2698,2,11,6,1,6
2016010029618,1,9,0,18,0,8,0,0,0,0,1,1,6,1,20,4,1364,1,7,1,1,1
2016010029618,2,9,0,17,0,8,0,0,0,0,3,1,6,2,49,8,1461,2,-1,1,1,1
2016010029697,1,9,0,4,0,8,0,0,0,0,4,1,6,1,29,6,1998,1,11,8,1,8
2016010029699,1,9,0,18,0,1,0,0,0,0,1,1,6,2,71,10,998,1,14,-1,-1,-1
2016010029699,2,9,0,3,0,1,0,0,0,0,2,1,6,1,40,7,1995,2,3,7,1,7
2016010029699,3,9,0,3,0,1,0,0,0,0,2,1,6,1,-1,-1,1341,1,12,-1,-1,-1
2016010029699,4,9,0,3,0,1,0,0,0,0,2,1,6,1,27,6,1968,2,4,7,1,7
2016010029701,1,4,0,13,0,1,0,0,0,0,1,1,1,1,19,4,125,1,7,-1,-1,-1
2016010029701,2,9,0,9,0,5,0,0,0,0,3,1,2,2,-1,-1,1968,2,11,-1,-1,-1
2016010029703,1,1,0,18,0,8,0,0,0,0,3,1,2,2,29,6,-1,-1,-1,2,1,2
2016010029703,2,9,0,18,0,8,0,0,0,0,1,1,6,3,-1,-1,-1,-1,-1,-1,-1,-1
2016010029709,1,9,0,18,0,0,0,0,2,7,4,1,6,2,44,7,1984,1,14,10,1,10
2016010029710,1,1,0,18,0,1,0,0,0,0,3,1,6,1,30,6,-1,-1,-1,6,1,6
2016010029710,2,9,0,7,0,8,0,0,0,0,4,1,6,3,-1,-1,-1,-1,-1,-1,-1,-1
2016010029713,1,19,0,7,0,8,0,0,0,0,4,1,1,1,57,9,-1,-1,-1,7,1,7
2016010029713,2,1,0,18,0,1,0,0,0,0,3,1,2,2,28,6,-1,-1,-1,4,1,4
2016010029721,1,3,0,18,0,8,0,0,0,0,1,1,6,1,42,7,125,1,4,5,1,5
2016010029721,2,3,0,9,0,8,0,0,0,0,4,1,6,1,26,6,125,1,8,2,1,2
2016010029724,1,9,0,15,0,8,0,0,0,0,4,1,6,1,55,8,1380,1,12,4,1,4
2016010029724,2,1,0,18,0,8,0,0,0,0,3,1,6,2,43,7,-1,-1,-1,3,1,3
2016010029726,1,9,0,18,0,2,0,0,0,0,2,1,6,2,48,8,1968,2,6,5,1,5
2016010029726,2,1,0,18,0,2,0,0,0,0,0,1,6,1,24,5,-1,-1,-1,4,1,4
2016010029731,1,9,0,5,0,6,0,0,0,0,1,1,6,1,54,8,2979,1,15,2,1,2
2016010029731,2,9,0,18,0,8,0,0,0,0,4,1,6,1,27,6,999,1,-1,1,1,1
2016010029732,1,4,0,5,0,1,0,0,0,0,3,1,6,1,35,6,124,1,9,1,1,1
2016010029732,2,9,0,18,0,1,0,0,0,0,4,1,6,3,-1,-1,-1,-1,-1,-1,-1,-1
2016010029736,1,9,0,4,0,1,0,0,0,0,1,1,6,1,59,9,1796,1,11,6,1,6
2016010029736,2,9,0,9,0,2,0,0,0,0,1,-1,6,3,-1,-1,-1,-1,-1,-1,-1,-1
2016010029741,1,9,0,16,0,1,0,0,0,0,2,-1,6,2,19,4,1461,2,14,3,1,3
2016010029754,1,9,0,17,0,8,0,0,0,0,3,1,6,2,31,6,1986,2,10,2,1,2
2016010029754,2,11,0,11,0,8,0,0,0,0,4,-1,1,1,-1,-1,-1,-1,-1,-1,-1,-1
2016010029760,1,11,0,5,0,1,0,0,0,0,0,1,1,1,69,10,-1,-1,-1,4,1,4
2016010029762,1,2,0,14,0,0,0,0,0,0,3,1,6,1,17,4,49,1,8,2,1,2
2016010029769,1,9,0,9,0,8,0,0,0,0,1,1,6,1,32,6,1796,1,6,6,1,6
2016010029769,2,1,0,18,0,8,0,0,0,0,1,1,6,1,53,8,-1,-1,-1,3,1,3
2016010029773,1,8,0,3,0,8,0,0,0,0,2,1,1,1,60,9,1797,8,5,3,1,3
2016010029773,2,9,0,18,0,8,0,0,0,0,1,1,6,2,-1,-1,1796,1,13,8,1,8
2016010029778,1,19,0,3,0,2,0,0,0,0,2,1,6,1,31,6,1995,2,6,4,1,4
2016010029778,2,9,0,12,0,2,0,0,0,0,1,1,6,3,-1,-1,1984,1,-1,-1,-1,-1
2016010029781,1,9,0,6,0,8,0,0,0,0,2,1,6,1,42,7,1895,1,15,3,1,3
2016010029781,2,5,0,18,0,8,0,0,0,0,1,1,6,1,28,6,599,1,14,3,1,3
2016010029788,1,9,0,18,0,8,0,0,0,0,4,1,1,1,-1,-1,-1,-1,-1,-1,-1,-1
2016010029788,2,9,0,18,0,8,0,0,0,0,1,1,6,1,27,6,1968,2,6,7,1,7
2016010029791,1,1,0,18,0,1,0,0,0,0,1,1,6,1,23,5,-1,-1,-1,4,1,4
2016010029791,2,9,0,7,0,8,0,0,0,0,3,1,6,2,53,8,2199,2,6,10,2,10
2016010029792,1,11,0,4,2,0,0,0,0,0,4,1,1,1,43,7,-1,-1,-1,2,1,2
2016010029792,2,1,0,3,2,0,0,0,0,0,3,1,6,2,54,8,-1,-1,-1,-1,-1,-1
2016010029796,1,9,0,3,0,1,0,0,0,0,2,1,6,2,40,7,1596,1,16,3,1,3
2016010029796,2,9,0,18,0,1,0,0,0,0,1,1,6,3,-1,-1,2993,2,9,-1,-1,-1
2016010029800,1,9,0,18,0,0,5,4,7,2,4,1,6,2,47,8,1197,1,6,2,1,2
2016010029801,1,9,0,18,0,8,0,10,3,1,1,1,6,1,56,9,1997,1,12,3,1,3
2016010029802,1,1,0,18,0,8,0,0,0,0,3,1,6,2,19,4,-1,-1,-1,3,1,3
2016010029802,2,11,0,15,0,8,0,0,0,0,4,1,6,3,-1,-1,-1,-1,-1,-1,-1,-1
2016010029803,1,9,0,7,0,5,0,0,0,0,4,1,6,1,42,7,1595,1,3,4,1,4
2016010029803,2,1,0,18,0,1,0,0,0,0,3,1,6,2,29,6,-1,-1,-1,4,1,4
2016010029804,1,19,0,7,0,8,0,0,0,0,3,1,6,1,50,8,2198,2,4,4,1,4
2016010029804,2,1,0,18,0,8,0,0,0,0,1,1,6,1,38,7,-1,-1,-1,4,1,4
2016010029825,1,9,0,3,4,8,0,0,0,0,4,1,6,1,34,6,1598,1,11,3,1,3
2016010029825,2,1,0,15,4,8,0,0,0,0,1,1,6,1,38,7,-1,-1,-1,3,1,3
2016010029828,1,9,0,18,0,8,0,0,0,0,1,1,6,1,45,7,1461,2,9,2,1,2
2016010029828,2,9,0,9,0,8,0,0,0,0,4,1,6,1,47,8,1560,2,4,4,1,4
2016010029840,1,9,0,3,0,3,0,0,0,0,2,1,6,1,41,7,1199,1,13,3,1,3
2016010029840,2,9,0,4,0,3,0,0,0,0,1,1,6,1,-1,-1,1497,8,2,-1,-1,-1
2016010029843,1,9,0,9,0,8,0,0,0,0,1,1,6,1,22,5,1242,1,10,1,1,1
2016010029843,2,3,0,14,0,8,0,0,0,0,1,1,6,1,37,7,124,1,2,6,1,6
2016010029854,1,9,0,18,0,1,0,0,0,0,3,1,1,1,37,7,1497,8,10,4,1,4
2016010029854,2,1,0,7,0,2,0,0,0,0,3,1,6,1,14,3,-1,-1,-1,4,1,4
2016010029859,1,11,0,4,0,8,0,0,0,0,0,1,1,1,37,7,-1,-1,-1,2,1,2
2016010029860,1,9,0,3,0,1,0,0,0,0,2,1,6,1,43,7,1796,2,3,6,1,6
2016010029860,2,9,0,18,0,1,0,0,0,0,1,1,6,1,41,7,2926,2,13,-1,-1,-1
2016010029860,3,9,0,4,0,1,0,0,0,0,2,1,1,1,44,7,-1,-1,-1,-1,-1,-1
2016010029919,1,9,0,5,0,8,0,0,0,0,3,1,6,1,49,8,1995,2,11,6,1,6
2016010029919,2,1,0,18,0,8,0,0,0,0,1,1,6,1,26,6,-1,-1,-1,7,1,7
2016010029926,1,9,0,9,0,8,0,0,0,0,3,1,6,1,27,6,-1,-1,-1,2,1,2
2016010029926,2,3,0,18,0,8,0,0,0,0,1,1,6,1,27,6,125,1,6,3,1,3
2016010029928,1,19,0,9,0,8,0,0,0,0,3,1,1,1,70,10,1870,2,11,9,1,9
2016010029928,2,3,0,13,0,8,0,0,0,0,1,1,1,1,28,6,125,1,2,5,1,5
2016010029932,1,9,0,9,0,8,0,0,0,0,3,1,6,1,29,6,1398,1,9,3,1,3
2016010029936,1,9,0,9,0,8,0,0,0,0,4,1,6,1,26,6,2499,1,10,4,1,4
2016010029936,2,8,0,18,0,8,0,0,0,0,1,1,1,1,46,8,2499,2,2,6,1,6
2016010029939,1,9,0,8,0,8,0,0,0,0,1,1,6,1,45,7,1798,1,7,5,1,5
2016010029939,2,9,0,1,0,8,0,0,0,0,2,1,6,2,-1,-1,2967,2,2,-1,-1,-1
2016010029940,1,9,0,18,0,0,0,0,0,0,3,1,6,1,85,11,1598,1,15,10,1,10
2016010029951,1,9,0,9,0,2,0,0,0,0,1,1,1,1,23,5,1956,2,1,2,1,2
2016010029952,1,9,0,16,0,8,0,0,0,0,1,1,1,1,33,6,-1,-1,-1,9,1,9
2016010029952,2,9,0,11,0,8,0,0,0,0,2,-1,6,1,-1,-1,1149,1,11,-1,-1,-1
2016010029959,1,9,0,8,0,8,0,0,0,0,4,1,6,1,37,7,1896,2,12,2,1,2
2016010029961,1,8,0,6,0,1,0,0,0,0,3,1,1,1,32,6,1997,2,2,5,1,5
2016010029961,2,5,0,18,0,1,0,0,0,0,1,1,2,1,51,8,1137,1,15,1,1,1
2016010029967,1,8,0,9,0,8,0,0,0,0,3,1,1,1,32,6,1995,2,10,4,1,4
2016010029967,2,9,0,13,0,8,-1,0,0,0,1,1,6,1,-1,-1,1598,1,3,-1,-1,-1
2016010029970,1,9,0,18,0,8,0,0,0,0,1,1,6,2,19,4,1364,1,7,4,1,4
2016010029970,2,9,0,18,0,8,0,0,0,0,1,1,6,1,42,7,1796,1,8,5,1,5
2016010029978,1,5,0,18,0,8,0,0,0,0,3,1,2,1,38,7,750,1,5,4,1,4
2016010029978,2,9,0,9,0,8,0,0,0,0,1,1,6,2,35,6,1997,1,13,1,1,1
2016010029981,1,9,0,9,0,8,0,0,0,0,4,1,6,1,38,7,1796,1,11,1,1,1
2016010029981,2,9,0,17,0,8,0,0,0,0,3,1,6,1,24,5,1997,1,12,-1,-1,-1
2016010029982,1,19,0,18,0,0,0,0,0,0,2,1,1,1,23,5,1753,2,10,-1,-1,-1
2016010029982,2,9,0,18,0,0,0,0,0,0,2,1,6,2,30,6,1398,2,11,6,1,6
2016010029982,3,9,0,11,0,0,0,0,0,0,4,1,6,2,65,9,1195,1,18,5,1,5
2016010029982,4,19,0,18,0,0,0,0,0,0,3,1,1,1,32,6,-1,-1,-1,4,1,4
2016010029985,1,19,0,9,0,8,0,0,0,0,1,1,6,2,36,7,-1,-1,-1,1,1,1
2016010029985,2,1,0,18,0,8,0,0,0,0,1,1,6,2,31,6,-1,-1,-1,2,1,2
2016010029990,1,9,0,7,0,8,0,0,0,0,4,1,1,1,-1,-1,-1,-1,-1,-1,-1,-1
2016010029990,2,1,0,18,0,8,0,0,0,0,1,1,6,1,19,4,-1,-1,-1,2,1,2
2016010029992,1,11,0,18,2,1,0,0,0,0,0,1,1,1,56,9,6700,2,7,3,1,3
2016010029995,1,9,0,3,0,8,0,0,0,0,4,1,6,1,43,7,2967,2,9,6,1,6
2016010029995,2,19,0,7,0,8,0,0,0,0,4,-1,6,3,-1,-1,-1,-1,-1,-1,-1,-1
2016010030001,1,3,0,13,0,8,0,0,0,0,4,1,1,1,25,5,-1,-1,-1,2,1,2
2016010030001,2,19,0,9,0,8,0,0,0,0,3,1,2,1,43,7,2148,2,8,3,1,3
2016010030004,1,11,0,18,0,0,0,0,0,0,3,1,1,1,59,9,4500,2,-1,4,1,4
2016010030005,1,9,0,7,0,8,0,0,0,0,4,1,6,2,43,7,1598,1,4,3,1,3
2016010030005,2,1,0,18,4,8,0,0,0,0,1,1,6,1,35,6,-1,-1,-1,7,1,7
2016010030006,1,3,0,18,0,0,1,10,7,0,3,1,6,1,25,5,599,1,19,2,1,2
2016010030006,2,9,0,18,0,0,0,0,0,0,3,1,2,1,34,6,1596,1,10,3,1,3
2016010030010,1,2,0,18,0,8,0,0,0,0,1,1,6,1,34,6,124,1,-1,1,1,1
2016010030010,2,19,0,9,0,8,0,0,0,0,4,1,1,1,60,9,4461,2,8,4,1,4
2016010030011,1,9,0,18,0,0,0,0,0,0,1,1,6,1,36,7,1956,2,-1,-1,-1,-1
2016010030011,2,3,0,4,0,0,0,0,0,0,2,1,1,1,38,7,49,1,8,3,1,3
2016010030012,1,5,0,18,0,8,0,0,0,0,1,1,6,1,35,6,599,1,20,8,1,8
2016010030012,2,8,0,9,0,8,0,0,0,0,4,1,6,1,19,4,1797,8,5,3,1,3
2016010030013,1,9,0,2,0,2,0,0,0,0,3,1,6,3,-1,-1,1591,1,1,-1,-1,-1
2016010030013,2,1,0,18,0,2,0,8,0,0,1,1,6,1,45,7,-1,-1,-1,2,1,2
2016010030014,1,9,0,6,0,0,0,0,0,0,4,1,6,1,25,5,1896,2,15,-1,-1,-1
2016010030014,2,1,0,18,0,0,0,0,0,0,3,1,6,2,28,6,-1,-1,-1,4,1,4
2016010030015,1,21,0,18,0,0,0,0,0,0,1,1,1,1,27,6,9200,2,7,2,1,2
2016010030015,2,9,0,18,0,0,0,0,0,0,2,1,1,1,41,7,2000,2,5,9,1,9
2016010030016,1,9,0,13,0,1,5,10,1,10,4,1,6,1,20,4,1390,1,10,5,1,5
2016010030017,1,9,0,5,0,0,0,0,0,0,3,1,6,1,25,5,1149,1,2,2,1,2
2016010030017,2,9,0,18,0,0,0,0,0,0,4,1,6,1,24,5,2143,2,5,2,1,2
2016010030026,1,4,0,18,0,0,0,0,0,0,1,1,1,1,30,6,656,1,5,3,1,3
2016010030026,2,8,0,6,0,0,0,0,0,0,2,1,1,1,50,8,2402,2,14,8,1,8
2016010030030,1,3,0,18,0,8,0,0,0,0,3,1,6,1,44,7,125,1,4,4,1,4
2016010030032,1,9,0,18,0,8,0,0,0,0,3,1,6,1,55,8,1995,2,9,2,1,2
2016010030032,2,9,0,9,0,8,0,0,0,0,1,1,6,1,40,7,1598,1,12,1,1,1
2016010030036,1,9,0,18,0,8,0,0,0,0,1,1,6,1,46,8,1598,2,4,2,1,2
2016010030036,2,1,0,15,0,8,0,0,0,0,3,1,6,1,29,6,-1,-1,-1,4,1,4
2016010030040,1,1,0,14,0,0,0,0,0,0,2,1,2,1,29,6,-1,-1,-1,1,1,1
2016010030040,2,9,0,18,0,0,0,0,0,0,1,1,6,3,-1,-1,-1,-1,-1,-1,-1,-1
2016010030042,1,19,0,4,0,8,0,0,0,0,1,1,1,1,26,6,2198,2,1,4,1,4
2016010030042,2,9,0,3,0,8,0,0,0,0,2,1,6,1,53,8,998,1,13,-1,-1,-1
2016010030045,1,4,0,18,0,8,0,0,0,0,3,1,6,1,33,6,124,1,11,1,1,1
2016010030045,2,9,0,18,0,8,0,0,0,0,4,1,6,3,-1,-1,-1,-1,-1,-1,-1,-1
2016010030048,1,9,0,9,0,8,0,0,0,0,3,1,6,2,33,6,1796,1,13,-1,-1,-1
2016010030048,2,9,0,18,0,8,0,0,0,0,1,1,6,1,28,6,-1,-1,-1,2,1,2
2016010030050,1,1,0,18,0,8,0,0,0,0,3,1,6,1,33,6,-1,-1,-1,6,1,6
2016010030050,2,19,0,7,0,5,0,0,0,0,3,1,6,1,-1,-1,1248,2,1,-1,-1,-1
2016010030051,1,9,0,9,0,8,0,0,0,0,3,1,6,1,44,7,1598,1,6,1,1,1
2016010030051,2,4,0,15,0,8,0,0,0,0,1,1,6,1,30,6,248,1,-1,2,1,2
2016010030052,1,9,0,18,0,0,0,0,0,0,2,1,6,1,47,8,1797,8,3,-1,-1,-1
2016010030052,2,9,0,18,0,0,0,0,0,0,1,1,6,1,-1,-1,2494,1,13,5,1,5
2016010030057,1,9,0,18,0,0,0,4,0,0,1,1,6,2,37,7,1968,2,6,7,1,7
2016010030057,2,9,0,2,0,0,0,0,0,0,2,1,6,3,-1,-1,1968,2,-1,-1,-1,-1
2016010030061,1,5,0,14,0,1,0,0,0,0,1,1,2,1,45,7,599,1,17,4,1,4
2016010030061,2,1,0,18,0,1,0,0,0,0,3,1,6,1,-1,-1,-1,-1,-1,9,1,9
2016010030063,1,9,0,18,0,8,0,0,0,0,3,1,6,1,24,5,1995,2,6,8,1,8
2016010030063,2,8,0,9,0,7,0,0,0,0,1,1,6,3,-1,-1,2179,2,1,-1,-1,-1
2016010030072,1,1,0,17,0,8,0,0,0,0,1,1,6,1,41,7,-1,-1,-1,7,1,7
2016010030072,2,9,0,17,0,8,0,0,0,0,1,1,6,3,-1,-1,-1,-1,-1,-1,-1,-1
2016010030076,1,8,0,4,0,0,0,0,0,0,2,1,1,1,26,6,1956,2,1,2,1,2