Accident_Index,Vehicle_Reference,Vehicle_Type,Towing_and_Articulation,Vehicle_Manoeuvre,Vehicle_Location-Restricted_Lane,Junction_Location,Skidding_and_Overturning,Hit_Object_in_Carriageway,Vehicle_Leaving_Carriageway,Hit_Object_off_Carriageway,1st_Point_of_Impact,Was_Vehicle_Left_Hand_Drive?,Journey_Purpose_of_Driver,Sex_of_Driver,Age_of_Driver,Age_Band_of_Driver,Engine_Capacity_(CC),Propulsion_Code,Age_of_Vehicle,Driver_IMD_Decile,Driver_Home_Area_Type,Vehicle_IMD_Decile
2016010031704,2,9,0,5,0,1,0,0,0,0,1,1,6,2,-1,-1,1995,1,3,7,1,7
2016010031705,1,9,0,9,0,8,0,0,0,0,3,1,6,2,44,7,1242,1,5,-1,-1,-1
2016010031705,2,3,0,13,0,8,0,0,0,0,1,1,6,1,43,7,125,1,-1,3,1,3
2016010031706,1,11,0,4,0,0,0,0,0,0,0,1,1,1,60,9,6692,2,3,2,1,2
2016010031715,1,9,0,18,0,1,0,0,0,0,2,1,6,1,31,6,-1,-1,-1,-1,-1,-1
2016010031715,2,19,0,18,0,1,0,0,0,0,2,1,1,1,60,9,-1,-1,-1,8,1,8
2016010031715,3,9,0,18,0,1,0,0,0,0,1,1,6,2,27,6,2400,2,7,7,1,7
2016010031716,1,9,0,18,0,8,0,0,0,0,1,1,2,1,25,5,1299,1,15,4,1,4
2016010031716,2,9,0,18,0,8,0,0,0,0,3,1,6,3,-1,-1,1596,1,11,-1,-1,-1
2016010031717,1,9,0,18,0,8,0,10,2,7,3,1,6,1,48,8,1796,1,16,4,1,4
2016010031717,2,21,1,11,0,8,0,0,0,0,4,1,1,1,63,9,10518,2,3,-1,-1,-1
2016010031724,1,9,0,18,0,2,0,0,0,0,1,1,6,1,61,9,-1,-1,-1,10,1,10
2016010031725,1,9,0,18,0,0,0,10,1,4,2,1,6,2,20,4,1240,1,10,4,1,4
2016010031725,2,9,0,18,0,0,0,0,0,0,1,1,6,3,-1,-1,-1,-1,-1,-1,-1,-1
2016010031729,1,8,0,15,0,8,0,0,0,0,3,1,1,1,48,8,1910,2,8,5,1,5
2016010031729,2,9,0,9,0,8,0,0,0,0,1,1,6,2,50,8,1198,1,2,9,1,9
2016010031730,1,9,0,2,9,0,0,0,0,0,3,1,6,3,-1,-1,-1,-1,-1,-1,-1,-1
2016010031730,2,1,4,18,9,0,0,0,0,0,4,1,6,1,33,6,-1,-1,-1,2,1,2
2016010031734,1,9,0,18,0,1,1,4,7,0,1,1,6,1,18,4,1598,1,14,2,1,2
2016010031734,2,9,5,2,0,1,0,0,0,0,3,1,6,3,-1,-1,-1,-1,-1,-1,-1,-1
2016010031734,3,9,0,2,0,2,0,0,0,0,4,1,6,3,-1,-1,2184,2,14,-1,-1,-1
2016010031738,1,9,0,18,0,0,0,0,0,0,4,1,2,2,29,6,1198,1,1,3,1,3
2016010031742,1,19,0,11,0,0,0,0,0,0,4,1,1,1,22,5,2198,2,5,2,1,2
2016010031742,2,5,0,18,0,0,0,4,1,0,2,1,6,1,28,6,-1,-1,-1,6,3,6
2016010031742,3,9,0,2,0,0,0,0,0,0,2,1,6,3,-1,-1,1397,1,13,-1,-1,-1
2016010031747,1,9,0,18,0,8,0,0,0,0,1,1,1,1,22,5,-1,-1,-1,3,1,3
2016010031747,2,9,0,6,0,8,0,0,0,0,3,1,1,1,44,7,1598,2,2,2,1,2
2016010031749,1,9,0,6,0,0,0,0,0,0,3,1,6,2,31,6,1598,2,4,3,1,3
2016010031749,2,9,0,18,0,0,0,0,0,0,1,1,6,2,26,6,1995,1,7,2,1,2
2016010031750,1,1,0,18,0,0,0,0,0,0,3,1,6,2,28,6,-1,-1,-1,4,1,4
2016010031750,2,9,0,13,0,0,0,0,0,0,4,1,6,3,-1,-1,-1,-1,-1,-1,-1,-1
2016010031754,1,8,0,18,0,0,0,12,0,0,1,1,6,2,-1,-1,1360,1,12,4,1,4
2016010031756,1,11,0,3,0,0,0,0,0,0,2,1,1,1,28,6,8268,2,12,5,1,5
2016010031756,2,19,0,18,0,0,0,0,0,0,1,1,1,1,21,5,2198,2,3,6,1,6
2016010031759,1,9,0,1,0,1,0,0,0,0,2,-1,6,3,-1,-1,1998,1,11,-1,-1,-1
2016010031763,1,9,0,18,0,0,0,0,0,0,1,1,6,1,20,4,1242,1,9,3,1,3
2016010031767,1,9,0,18,0,2,0,0,0,0,3,-1,6,3,-1,-1,-1,-1,-1,-1,-1,-1
2016010031768,1,9,0,18,0,0,0,0,0,0,1,1,6,1,33,6,1686,2,4,-1,-1,-1
2016010031768,2,9,0,5,0,0,0,0,0,0,1,1,6,2,49,8,1360,1,9,1,1,1
2016010031770,1,9,0,2,0,2,0,0,0,0,2,1,6,3,-1,-1,1995,2,8,-1,-1,-1
2016010031770,2,9,0,17,0,2,1,4,0,0,1,1,6,1,21,5,1596,1,15,8,1,8
2016010031775,1,9,0,18,0,0,0,0,0,0,4,1,6,1,49,8,-1,-1,-1,1,1,1
2016010031775,2,9,0,18,0,0,0,0,0,0,0,1,6,3,-1,-1,-1,-1,-1,-1,-1,-1
2016010031776,1,9,0,16,0,8,0,0,0,0,3,1,6,2,32,6,1598,1,15,4,1,4
2016010031776,2,1,0,16,0,8,0,0,0,0,1,1,6,1,53,8,-1,-1,-1,4,1,4
2016010031781,1,9,0,18,0,0,0,0,0,0,3,1,6,2,45,7,1390,1,5,3,1,3
2016010031781,2,9,0,5,0,0,0,0,0,0,4,1,6,1,30,6,1910,2,10,-1,-1,-1
2016010031782,1,9,0,18,0,1,0,0,0,0,1,1,2,1,45,7,1988,1,14,2,1,2
2016010031783,1,4,0,15,0,8,0,0,0,0,1,1,6,1,25,5,124,1,6,2,1,2
2016010031783,2,9,0,9,0,8,0,0,0,0,3,1,6,1,47,8,1998,1,9,2,1,2
2016010031784,1,9,0,1,0,0,0,0,0,0,1,1,6,2,20,4,1240,1,10,1,1,1
2016010031784,2,9,0,1,0,0,0,0,0,0,2,1,6,1,-1,-1,1598,1,12,-1,-1,-1
2016010031785,1,19,0,16,0,8,0,0,0,0,1,1,1,1,44,7,2151,2,14,2,1,2
2016010031785,2,9,0,18,0,8,0,0,0,0,1,1,6,1,32,6,1798,1,14,2,1,2
2016010031795,1,9,0,18,0,0,0,0,0,0,3,1,6,1,60,9,1388,1,11,2,1,2
2016010031795,2,9,0,18,0,0,0,0,0,0,3,1,6,3,-1,-1,-1,-1,-1,-1,-1,-1
2016010031799,1,9,0,18,0,8,0,0,0,0,2,1,6,1,61,9,1390,1,3,8,1,8
2016010031799,2,9,0,18,0,4,0,0,0,0,3,1,6,2,65,9,1498,1,6,3,1,3
2016010031799,3,9,0,6,0,8,0,0,0,0,1,1,6,1,57,9,-1,-1,-1,3,1,3
2016010031802,1,3,0,18,0,8,0,0,0,0,3,1,6,1,27,6,125,1,10,-1,-1,-1
2016010031802,2,9,0,7,0,8,0,0,0,0,4,1,6,3,-1,-1,-1,-1,-1,-1,-1,-1
2016010031805,1,9,0,4,0,1,0,0,0,0,2,1,6,1,46,8,1984,1,5,2,1,2
2016010031805,2,9,0,18,0,1,0,0,0,0,1,1,6,3,-1,-1,1329,1,3,-1,-1,-1
2016010031809,1,8,0,18,0,2,0,0,0,0,1,1,6,1,46,8,1797,8,7,2,1,2
2016010031811,1,9,-1,18,0,8,-1,0,0,0,4,1,6,1,66,10,1598,1,10,6,1,6
2016010031811,2,9,0,9,0,8,0,0,0,0,1,1,6,2,-1,-1,1598,1,13,-1,-1,-1
2016010031813,1,19,0,11,0,8,0,0,0,0,4,1,6,1,42,7,2198,2,1,2,1,2
2016010031813,2,1,0,18,0,8,0,0,0,0,1,1,6,2,43,7,-1,-1,-1,-1,-1,-1
2016010031814,1,9,0,18,0,1,0,0,0,0,2,1,6,1,33,6,1988,2,12,3,1,3
2016010031814,2,9,0,11,0,1,0,0,0,0,4,-1,6,3,-1,-1,1968,2,6,-1,-1,-1
2016010031819,1,11,0,17,0,0,0,0,0,0,0,1,1,1,27,6,6700,2,5,5,1,5
2016010031824,1,3,0,15,0,8,1,0,0,0,1,1,6,1,20,4,125,1,2,-1,-1,-1
2016010031824,2,9,0,9,0,8,0,0,0,0,4,1,6,1,43,7,-1,-1,-1,3,1,3
2016010031826,1,5,0,18,0,0,0,0,0,0,3,1,6,1,42,7,1000,1,28,3,1,3
2016010031826,2,9,0,11,0,0,0,0,0,0,0,1,6,3,-1,-1,1242,1,5,-1,-1,-1
2016010031831,1,19,0,9,0,5,0,0,0,0,0,1,6,1,-1,-1,-1,-1,-1,-1,-1,-1
2016010031831,2,5,0,7,0,5,0,0,0,0,1,1,6,1,-1,-1,-1,-1,-1,-1,-1,-1
2016010031842,1,9,0,10,0,0,0,0,0,0,2,1,6,1,21,5,1364,1,9,6,1,6
2016010031842,2,9,-1,18,0,0,-1,0,0,0,1,1,6,1,-1,-1,1499,2,-1,-1,-1,-1
2016010031845,1,9,0,18,0,8,0,0,0,0,1,-1,6,2,52,8,-1,-1,-1,-1,-1,-1
2016010031845,2,9,0,9,0,8,0,0,0,0,4,-1,6,3,-1,-1,-1,-1,-1,-1,-1,-1
2016010031846,1,3,0,18,0,8,0,0,0,0,1,1,6,1,24,5,-1,-1,-1,-1,-1,-1
2016010031846,2,9,0,9,0,5,0,0,0,0,-1,-1,6,1,-1,-1,-1,-1,-1,-1,-1,-1
2016010031863,1,9,0,18,0,0,-1,0,0,0,2,-1,6,1,39,7,1598,2,5,5,1,5
2016010031863,2,9,0,18,0,0,-1,0,0,0,1,-1,6,3,-1,-1,1364,1,7,-1,-1,-1
2016010033967,1,19,-1,-1,-1,0,-1,-1,-1,-1,-1,-1,6,1,57,9,-1,-1,-1,-1,1,-1
2016010033967,2,9,-1,-1,-1,0,-1,-1,-1,-1,-1,1,6,1,-1,-1,-1,-1,-1,-1,-1,-1
2016010035467,1,9,-1,-1,-1,0,-1,-1,-1,-1,-1,1,6,2,32,6,-1,-1,-1,-1,-1,-1
2016010035467,2,9,-1,-1,-1,0,-1,-1,-1,-1,-1,1,6,1,-1,-1,-1,-1,-1,-1,-1,-1
2016010035695,1,9,-1,-1,0,1,0,0,0,0,1,-1,6,3,-1,-1,-1,-1,-1,-1,-1,-1
2016010035695,2,9,-1,3,0,1,0,0,0,0,2,-1,6,2,48,8,998,1,4,4,1,4
2016010036571,1,9,-1,3,0,1,-1,0,0,0,4,-1,6,1,59,9,2000,2,9,-1,-1,-1
2016010036571,2,90,1,18,0,1,-1,0,0,0,1,-1,6,3,-1,-1,-1,-1,-1,-1,-1,-1
2016010038754,1,9,0,3,0,1,0,0,0,0,2,-1,6,1,-1,-1,1120,2,2,-1,-1,-1
2016010038754,2,9,0,-1,0,1,0,0,0,0,1,-1,6,2,-1,-1,-1,-1,-1,-1,-1,-1
2016010038811,1,1,0,18,0,1,0,0,0,0,3,1,6,2,36,7,-1,-1,-1,7,1,7
2016010038811,2,9,0,2,0,1,0,0,0,0,4,-1,6,3,-1,-1,-1,-1,-1,-1,-1,-1
2016010041353,1,9,-1,-1,-1,1,-1,-1,-1,-1,-1,1,6,1,47,8,-1,-1,-1,-1,1,-1
2016010041353,2,9,-1,-1,-1,1,-1,-1,-1,-1,-1,1,6,1,-1,-1,-1,-1,-1,-1,-1,-1
2016010049652,1,9,-1,8,-1,-1,-1,-1,-1,-1,2,-1,6,1,47,8,-1,-1,-1,-1,1,-1
2016010049652,2,9,-1,18,-1,-1,0,-1,-1,-1,1,-1,6,1,-1,-1,-1,-1,-1,-1,-1,-1
2016010054160,1,9,0,18,0,1,2,10,1,10,1,1,6,1,33,6,-1,-1,-1,-1,-1,-1
2016010055232,1,1,0,18,0,1,0,0,0,0,1,1,2,1,30,6,-1,-1,-1,-1,1,-1
2016010X31538,1,9,0,9,0,8,0,0,0,0,3,1,6,2,26,6,-1,-1,-1,-1,-1,-1
2016010X31538,2,5,0,18,0,8,0,0,0,0,1,1,6,1,25,5,-1,-1,-1,-1,1,-1
2016010X31762,1,9,0,18,0,2,0,0,0,0,1,1,6,2,18,4,-1,-1,-1,-1,1,-1
2016010X31762,2,9,0,4,0,2,0,0,0,0,2,1,6,1,40,7,-1,-1,-1,-1,1,-1
201601BS70001,1,20,0,5,0,8,0,0,0,0,4,1,1,1,31,6,4764,2,2,3,1,3
201601BS70002,1,9,0,18,0,0,0,0,0,0,3,1,6,2,47,8,2179,2,5,7,3,7
201601BS70002,2,1,0,12,0,0,0,0,0,0,3,1,6,2,38,7,-1,-1,-1,3,1,3
201601BS70003,1,9,0,16,0,8,0,0,0,0,2,1,6,2,42,7,1798,1,10,3,1,3
201601BS70003,2,9,0,16,0,8,0,0,0,0,1,1,6,1,-1,-1,2198,1,11,4,1,4
201601BS70004,1,3,0,18,0,0,0,0,0,0,3,1,1,1,20,4,125,1,5,3,1,3
201601BS70004,2,9,0,12,0,0,0,0,0,0,1,1,2,2,50,8,2143,2,4,5,2,5
201601BS70006,1,9,0,18,0,8,0,0,0,0,4,1,6,1,70,10,2143,2,2,5,1,5
201601BS70006,2,2,0,18,0,8,0,0,1,0,3,1,6,1,24,5,125,1,5,-1,-1,-1
201601BS70009,1,8,0,18,0,7,0,0,0,0,4,1,1,1,54,8,2499,2,8,7,1,7
201601BS70010,1,4,0,15,0,8,0,0,0,0,1,1,6,1,22,5,-1,-1,-1,2,1,2
201601BS70010,2,8,0,9,0,8,0,0,0,0,4,1,1,1,60,9,2499,2,1,10,1,10
201601BS70011,1,9,0,9,0,8,0,0,0,0,1,1,1,2,27,6,-1,-1,-1,7,1,7
201601BS70011,2,4,0,15,0,8,0,0,0,0,1,1,1,1,31,6,250,1,8,4,1,4
201601BS70014,1,4,0,18,0,0,0,0,0,0,1,1,6,1,-1,-1,-1,-1,-1,-1,-1,-1
201601BS70016,1,3,0,18,0,0,0,0,0,0,1,1,2,1,18,4,125,1,5,5,1,5
201601BS70018,1,3,0,14,0,0,0,4,0,0,1,1,6,2,46,8,-1,-1,-1,8,1,8
201601BS70018,2,9,0,2,0,0,0,0,0,0,3,1,6,3,-1,-1,-1,-1,-1,-1,-1,-1
201601BS70018,3,9,0,5,0,0,0,0,0,0,3,1,6,1,34,6,1390,1,8,4,1,4
201601BS70019,1,9,0,9,0,8,0,0,0,0,3,1,6,1,44,7,2987,2,5,6,1,6
201601BS70019,2,9,0,18,0,8,0,0,0,0,4,1,6,2,36,7,1968,2,7,8,1,8
201601BS70020,1,9,0,3,0,8,0,0,0,0,1,1,6,1,52,8,1995,1,8,3,1,3
201601BS70020,2,8,0,5,0,8,0,0,0,0,3,1,6,1,42,7,1968,2,1,2,1,2
201601BS70020,3,9,0,4,0,8,0,0,0,0,1,1,6,2,21,5,-1,-1,-1,-1,-1,-1
201601BS70021,1,3,0,18,0,8,0,0,0,0,4,1,6,1,30,6,125,1,-1,4,1,4
201601BS70022,1,8,0,18,0,8,0,0,0,0,4,1,1,1,22,5,1798,8,2,6,1,6
201601BS70022,2,9,0,18,0,8,0,0,0,0,3,1,6,1,-1,-1,-1,-1,-1,-1,-1,-1
201601BS70023,1,9,0,18,0,8,0,0,0,0,1,1,6,3,-1,-1,-1,-1,-1,-1,-1,-1
201601BS70025,1,20,0,18,0,0,0,0,0,0,1,1,1,1,39,7,12902,2,-1,3,1,3
201601BS70025,2,9,0,12,0,0,0,0,0,0,3,1,6,1,31,6,1910,2,8,6,1,6
201601BS70027,1,3,0,4,0,8,0,0,0,0,1,1,2,1,36,7,124,1,1,3,1,3
201601BS70027,2,8,0,9,0,8,0,0,1,0,3,1,1,1,-1,-1,2499,2,7,-1,-1,-1
201601BS70028,1,8,0,18,0,0,0,0,0,0,1,1,6,1,53,8,2664,2,15,6,1,6
201601BS70029,1,19,0,18,0,8,0,0,0,0,2,1,1,1,41,7,1998,2,11,1,1,1
201601BS70029,2,9,0,18,0,8,0,0,0,0,1,1,2,2,-1,-1,1364,1,1,1,1,1
201601BS70030,1,11,0,4,0,8,0,0,0,0,0,1,6,1,43,7,6700,2,7,7,1,7
201601BS70032,1,9,0,18,0,0,0,0,0,0,4,1,6,2,65,9,1995,2,7,8,1,8
201601BS70033,1,9,0,18,0,8,0,0,0,0,1,1,2,1,24,5,1596,1,11,7,1,7
201601BS70033,2,9,0,9,0,8,0,0,0,0,4,1,2,1,23,5,1364,1,7,3,1,3
201601BS70034,1,21,0,18,0,1,0,0,0,0,4,1,1,1,31,6,9200,2,6,7,1,7
201601BS70037,1,9,0,18,0,8,0,0,0,0,2,1,6,1,-1,-1,-1,-1,-1,-1,-1,-1
201601BS70037,2,3,0,18,0,8,0,4,0,0,1,1,6,1,19,4,124,1,13,2,1,2
201601BS70037,3,9,0,2,0,8,0,0,0,0,3,1,6,1,48,8,-1,-1,-1,4,1,4
201601BS70038,1,8,0,18,0,8,0,0,0,0,4,1,1,3,-1,-1,-1,-1,-1,-1,-1,-1
201601BS70039,1,3,0,16,0,8,0,0,0,0,1,1,6,1,26,6,124,1,6,7,1,7
201601BS70040,1,3,0,18,0,8,0,0,1,0,1,1,6,1,18,4,125,1,9,6,1,6
201601BS70040,2,1,0,9,0,8,0,0,0,0,2,1,6,2,32,6,-1,-1,-1,3,1,3
201601BS70041,1,1,0,18,0,8,0,0,0,0,4,1,2,1,25,5,-1,-1,-1,8,1,8
201601BS70041,2,8,0,9,0,8,0,0,0,0,1,1,1,1,-1,-1,1997,2,2,5,1,5
201601BS70042,1,2,0,18,0,8,0,0,0,0,1,1,6,1,41,7,124,1,1,1,1,1
201601BS70042,2,9,0,9,0,8,0,0,0,0,1,1,6,1,35,6,-1,-1,-1,2,1,2
201601BS70043,1,8,0,18,0,8,0,0,0,0,1,1,1,1,29,6,1797,8,6,1,1,1
201601BS70043,2,9,0,1,0,8,0,0,0,0,1,1,6,2,33,6,2720,2,11,7,1,7
201601BS70044,1,9,0,18,0,8,0,0,0,0,1,1,6,2,-1,-1,1598,2,1,-1,-1,-1
201601BS70044,2,9,0,18,0,8,0,0,0,0,3,1,6,1,-1,-1,1797,8,6,-1,-1,-1
201601BS70045,1,1,0,18,0,0,0,0,0,0,1,1,6,1,-1,-1,-1,-1,-1,6,1,6
201601BS70046,1,3,0,17,0,0,0,0,0,0,4,1,6,1,23,5,109,1,2,1,1,1
201601BS70046,2,9,0,17,0,0,0,0,0,0,3,1,6,1,31,6,2993,2,8,6,1,6
201601BS70047,1,9,0,9,0,8,0,0,0,0,4,1,6,1,61,9,1968,2,1,8,1,8
201601BS70047,2,3,0,15,0,8,0,0,0,0,1,1,1,1,27,6,125,1,-1,3,1,3
201601BS70048,1,9,0,16,0,1,0,0,0,0,1,1,6,3,-1,-1,-1,-1,-1,-1,-1,-1
201601BS70049,1,19,0,18,0,1,0,0,0,0,1,1,6,1,32,6,2198,2,7,6,1,6
201601BS70049,2,9,0,4,0,1,0,0,0,0,2,1,6,2,29,6,1339,1,5,7,1,7
201601BS70050,1,9,0,6,0,0,0,0,0,0,3,1,6,1,35,6,1956,2,7,3,1,3
201601BS70050,2,3,0,18,0,0,0,0,0,0,1,1,6,1,45,7,124,1,11,2,1,2
201601BS70051,1,9,0,15,0,8,0,0,0,0,1,1,6,1,55,8,1910,2,8,6,1,6
201601BS70051,2,21,0,10,0,8,0,0,0,0,0,1,1,1,44,7,12777,2,1,4,1,4
201601BS70053,1,9,0,9,0,8,0,0,0,0,3,1,6,1,-1,-1,1984,1,11,-1,-1,-1
201601BS70053,2,1,0,18,0,8,0,0,0,0,1,1,6,1,23,5,-1,-1,-1,5,1,5
201601BS70054,1,5,0,18,0,8,0,0,0,0,1,1,6,1,54,8,670,1,4,4,1,4
201601BS70054,2,9,0,18,0,8,0,0,0,0,1,1,6,2,27,6,998,1,2,7,1,7
201601BS70057,1,9,0,9,0,8,0,0,0,0,1,1,6,1,18,4,1242,1,9,2,1,2
201601BS70058,1,3,0,16,0,2,0,0,0,0,3,1,6,1,21,5,125,1,4,5,1,5
201601BS70058,2,9,0,16,0,2,0,0,0,0,4,1,6,2,-1,-1,1587,1,9,-1,-1,-1
201601BS70059,1,9,0,18,0,8,0,0,0,0,4,1,6,2,44,7,1598,1,10,10,1,10
201601BS70059,2,9,0,18,0,8,0,0,0,0,1,1,6,1,32,6,1497,8,8,2,1,2
201601BS70060,1,9,0,7,0,8,0,0,0,0,4,1,6,1,41,7,-1,-1,-1,1,1,1
201601BS70060,2,1,0,18,0,8,0,0,0,0,1,1,6,1,57,9,-1,-1,-1,1,1,1
201601BS70063,1,5,0,4,0,8,0,0,0,0,0,1,2,1,28,6,599,1,13,-1,-1,-1
201601BS70063,2,9,0,12,0,8,0,0,0,0,0,1,6,3,-1,-1,-1,-1,-1,-1,-1,-1
201601BS70064,1,90,0,2,0,0,0,0,0,0,3,1,1,1,54,8,-1,-1,-1,1,1,1
201601BS70064,2,19,0,14,0,0,0,0,1,0,4,1,1,1,-1,-1,-1,-1,-1,-1,-1,-1
201601BS70065,1,9,0,4,0,8,0,0,0,0,2,1,6,2,-1,-1,2987,2,11,6,1,6
201601BS70065,2,1,0,18,0,8,0,0,0,0,1,1,6,1,20,4,-1,-1,-1,3,1,3
201601BS70067,1,8,0,5,0,8,0,0,0,0,1,1,1,1,52,8,1798,8,1,6,1,6
201601BS70069,1,9,0,9,0,8,0,0,0,0,1,1,6,1,66,10,1497,8,10,9,1,9
201601BS70070,1,19,0,18,0,8,0,0,0,0,1,1,1,1,43,7,2148,2,8,3,1,3
201601BS70070,2,8,0,18,0,8,0,0,0,0,3,1,6,1,44,7,-1,-1,-1,8,1,8
201601BS70071,1,3,0,13,0,8,0,0,0,0,1,1,6,2,42,7,-1,-1,-1,8,1,8
201601BS70071,2,8,0,9,0,8,0,0,0,0,1,1,1,1,-1,-1,1797,8,5,-1,-1,-1
201601BS70072,1,1,0,18,0,0,0,0,0,0,3,1,1,1,42,7,-1,-1,-1,3,1,3
201601BS70072,2,8,0,11,0,0,0,0,0,0,1,1,1,1,-1,-1,2143,2,4,-1,-1,-1
201601BS70073,1,5,0,4,0,8,0,0,0,0,1,1,1,1,45,7,781,1,15,10,1,10
201601BS70073,2,9,0,7,0,8,0,0,0,0,3,1,1,1,33,6,2143,2,3,3,1,3
201601BS70074,1,3,0,18,0,1,0,0,0,0,1,1,6,1,31,6,125,1,3,7,1,7
201601BS70076,1,9,0,18,0,0,0,0,0,0,1,1,6,2,28,6,1339,8,7,-1,-1,-1
201601BS70078,1,5,0,18,0,0,0,0,0,0,1,1,6,1,50,8,649,1,2,3,1,3
201601BS70079,1,3,0,18,0,8,0,0,0,0,3,1,6,1,26,6,125,1,4,1,1,1
201601BS70079,2,8,0,9,0,8,0,0,0,0,1,1,6,1,38,7,1791,8,4,3,1,3
201601BS70080,1,9,0,18,0,0,0,0,0,0,4,1,6,2,-1,-1,-1,-1,-1,-1,-1,-1
201601BS70081,1,1,0,12,0,0,0,0,0,0,3,1,6,2,16,4,-1,-1,-1,3,1,3
201601BS70081,2,19,0,18,0,0,0,0,0,0,4,1,6,1,-1,-1,1796,7,12,-1,-1,-1
201601BS70082,1,8,0,9,0,8,0,0,0,0,4,1,1,1,45,7,2402,2,11,9,1,9
201601BS70082,2,3,0,18,0,8,0,0,0,0,1,1,6,1,31,6,125,1,1,7,1,7
201601BS70083,1,9,0,18,0,0,0,0,0,0,3,1,6,1,-1,-1,1598,1,11,-1,-1,-1
201601BS70084,1,11,0,4,0,8,0,0,0,0,0,1,1,1,30,6,7300,2,12,3,1,3
201601BS70085,1,9,0,16,0,0,0,0,0,0,1,1,6,1,47,8,1995,2,11,3,1,3
201601BS70085,2,9,0,2,0,0,0,4,0,0,2,1,6,1,-1,-1,-1,-1,-1,-1,-1,-1
201601BS70085,3,9,0,2,0,0,0,4,0,0,4,1,6,1,-1,-1,999,1,2,-1,-1,-1
201601BS70085,4,9,0,2,0,0,0,4,0,0,1,1,6,1,-1,-1,1598,1,7,-1,-1,-1
201601BS70085,5,9,0,2,0,0,0,0,0,0,2,1,6,1,-1,-1,4163,1,8,-1,-1,-1
201601BS70086,1,9,0,6,0,8,0,0,0,0,4,1,6,1,55,8,1499,1,2,2,1,2
201601BS70086,2,5,0,18,0,8,0,0,0,0,1,1,6,1,51,8,999,1,8,9,1,9
201601BS70087,1,21,0,7,0,8,0,0,0,0,1,1,6,1,45,7,6693,2,3,4,1,4
201601BS70090,1,1,0,18,0,2,0,8,0,0,1,1,6,1,51,8,-1,-1,-1,2,1,2
201601BS70090,2,9,0,2,0,2,0,0,0,0,3,1,6,1,-1,-1,1499,2,1,7,1,7
201601BS70091,1,9,0,18,0,8,0,0,0,0,3,1,6,1,19,4,1598,1,9,6,1,6
201601BS70091,2,1,0,9,0,8,0,0,0,0,1,1,6,1,34,6,-1,-1,-1,-1,-1,-1
201601BS70092,1,10,0,4,0,0,0,0,0,0,1,1,6,1,-1,-1,-1,-1,-1,-1,-1,-1
201601BS70094,1,9,0,9,0,8,0,0,0,0,4,1,6,2,42,7,-1,-1,-1,9,3,9
201601BS70094,2,3,0,18,0,8,0,0,0,0,1,1,6,1,24,5,124,1,11,-1,-1,-1
201601BS70095,1,1,0,17,0,8,0,0,0,0,3,1,6,1,48,8,-1,-1,-1,1,1,1
201601BS70095,2,19,0,17,0,8,0,0,0,0,4,1,1,3,-1,-1,-1,-1,-1,-1,-1,-1
201601BS70096,1,8,0,18,0,0,0,4,0,0,3,1,1,1,59,9,3301,1,15,1,1,1
201601BS70096,2,9,0,2,0,0,0,0,0,0,4,1,6,2,-1,-1,-1,-1,-1,-1,-1,-1
201601BS70096,3,9,0,2,0,0,0,0,0,0,4,1,6,2,-1,-1,1781,1,24,-1,-1,-1
201601BS70096,4,9,0,2,0,0,1,0,0,0,3,1,6,1,61,9,-1,-1,-1,-1,-1,-1
201601BS70098,1,90,0,18,0,0,0,0,0,0,1,1,6,3,-1,-1,-1,-1,-1,-1,-1,-1
201601BS70099,1,19,0,3,0,8,0,0,0,0,4,1,1,1,48,8,2148,2,10,7,1,7
201601BS70099,2,5,0,11,0,8,0,0,0,0,3,1,2,1,25,5,-1,-1,-1,3,1,3
201601BS70099,3,9,0,9,0,8,0,0,0,0,4,1,2,1,67,10,1497,8,15,2,1,2
201601BS70102,1,8,0,5,0,8,0,0,0,0,2,1,1,1,37,7,1798,8,2,5,1,5
201601BS70102,2,8,0,5,0,8,0,0,0,0,1,1,1,1,38,7,1997,2,4,5,1,5
201601BS70103,1,8,0,3,0,8,0,0,0,0,2,1,6,1,58,9,2987,2,5,3,1,3
201601BS70103,2,8,0,18,0,8,0,0,0,0,1,1,1,1,64,9,2143,2,3,7,1,7
201601BS70104,1,9,0,3,0,2,0,0,0,0,2,1,6,2,21,5,1390,1,5,8,1,8
201601BS70104,2,8,0,4,0,2,0,0,0,0,1,1,1,1,33,6,1797,8,6,3,1,3
201601BS70105,1,21,1,4,0,0,0,0,0,0,1,1,1,1,55,8,-1,-1,-1,6,1,6
201601BS70105,2,9,0,6,0,0,0,0,0,0,3,1,6,2,30,6,998,1,2,4,1,4
201601BS70106,1,1,0,17,0,8,0,0,0,0,4,1,6,1,37,7,-1,-1,-1,6,1,6
201601BS70106,2,9,0,9,0,8,0,0,0,0,1,1,6,2,-1,-1,3596,1,13,8,1,8
201601BS70107,1,1,0,18,0,8,0,0,0,0,1,1,6,1,30,6,-1,-1,-1,7,1,7
201601BS70107,2,9,0,9,0,8,0,0,0,0,1,1,6,2,-1,-1,2993,2,3,9,1,9
201601BS70108,1,1,0,18,0,8,0,0,0,0,1,1,6,1,31,6,-1,-1,-1,4,1,4
201601BS70108,2,9,0,7,0,8,0,0,0,0,4,1,6,1,23,5,1598,2,3,4,1,4
201601BS70109,1,11,0,18,0,8,0,0,0,0,1,1,1,1,38,7,6692,2,6,3,1,3
201601BS70111,1,9,0,11,0,8,0,0,0,0,4,1,6,1,45,7,2148,2,14,7,1,7
201601BS70111,2,3,0,18,0,8,0,0,0,0,3,1,2,1,22,5,125,1,7,5,1,5
201601BS70112,1,9,0,7,0,8,0,0,0,0,1,1,6,2,42,7,2199,2,2,6,1,6
201601BS70113,1,9,0,6,0,8,0,0,0,0,3,1,6,1,40,7,2199,2,4,3,1,3
201601BS70113,2,3,0,18,0,8,0,0,0,0,1,1,6,1,39,7,-1,-1,-1,3,1,3
201601BS70114,1,9,0,9,0,8,0,0,0,0,4,1,6,1,46,8,-1,-1,-1,6,1,6