Accident_Index,Vehicle_Reference,Vehicle_Type,Towing_and_Articulation,Vehicle_Manoeuvre,Vehicle_Location-Restricted_Lane,Junction_Location,Skidding_and_Overturning,Hit_Object_in_Carriageway,Vehicle_Leaving_Carriageway,Hit_Object_off_Carriageway,1st_Point_of_Impact,Was_Vehicle_Left_Hand_Drive?,Journey_Purpose_of_Driver,Sex_of_Driver,Age_of_Driver,Age_Band_of_Driver,Engine_Capacity_(CC),Propulsion_Code,Age_of_Vehicle,Driver_IMD_Decile,Driver_Home_Area_Type,Vehicle_IMD_Decile
201601BS70114,2,3,0,18,0,8,0,0,0,0,1,1,6,1,38,7,-1,-1,-1,3,1,3
201601BS70115,1,5,0,16,0,0,0,0,0,0,1,1,6,1,33,6,955,1,17,10,2,10
201601BS70116,1,1,0,18,0,0,0,0,0,0,3,1,6,1,33,6,-1,-1,-1,2,1,2
201601BS70116,2,9,0,18,0,0,0,0,0,0,4,1,6,3,-1,-1,-1,-1,-1,-1,-1,-1
201601BS70117,1,1,0,17,0,8,0,0,0,0,1,1,6,1,29,6,-1,-1,-1,2,1,2
201601BS70117,2,9,0,9,0,8,0,0,0,0,1,1,6,2,-1,-1,-1,-1,-1,-1,-1,-1
201601BS70118,1,19,0,9,0,8,0,0,0,0,3,1,1,1,24,5,2151,2,13,6,1,6
201601BS70118,2,1,0,18,0,8,0,0,0,0,1,1,6,1,22,5,-1,-1,-1,7,1,7
201601BS70119,1,8,0,18,0,8,0,4,0,0,3,1,1,1,-1,-1,5461,1,2,2,1,2
201601BS70119,2,8,0,2,0,8,0,0,0,0,1,1,1,1,49,8,2987,2,1,7,1,7
201601BS70120,1,9,0,7,0,8,0,0,0,0,4,1,6,1,54,8,1598,1,14,2,1,2
201601BS70120,2,3,0,15,0,8,0,0,0,0,1,1,1,1,26,6,125,1,8,3,1,3
201601BS70122,1,5,0,9,0,8,0,0,0,0,1,1,6,1,30,6,471,1,1,1,1,1
201601BS70122,2,9,0,18,0,8,0,0,0,0,1,1,6,1,51,8,998,1,5,8,1,8
201601BS70123,1,11,0,5,0,8,0,0,0,0,0,1,1,1,44,7,4760,2,4,6,1,6
201601BS70124,1,5,0,18,0,0,0,0,0,0,1,1,2,1,55,8,847,1,1,6,1,6
201601BS70124,2,8,0,12,0,0,0,0,0,0,2,1,6,1,-1,-1,1686,2,4,4,1,4
201601BS70125,1,5,0,9,0,8,0,0,0,0,1,1,2,1,37,7,670,1,4,-1,-1,-1
201601BS70126,1,8,0,9,0,8,0,0,0,0,1,1,6,1,54,8,2499,2,2,9,1,9
201601BS70127,1,11,0,18,0,8,0,0,0,0,1,1,6,1,41,7,6700,2,4,4,1,4
201601BS70129,1,19,0,6,0,8,0,0,7,5,3,1,1,1,49,8,1248,2,7,5,1,5
201601BS70129,2,5,0,13,0,8,1,0,0,0,1,1,2,1,48,8,660,1,8,2,1,2
201601BS70130,1,8,0,9,0,8,0,0,0,0,3,1,1,1,63,9,1997,2,4,4,1,4
201601BS70130,2,3,0,18,0,8,0,0,0,0,1,1,6,1,19,4,125,1,2,3,1,3
201601BS70131,1,19,0,1,8,8,0,0,0,0,3,1,1,1,35,6,-1,-1,-1,-1,1,-1
201601BS70131,2,9,0,2,8,8,0,4,0,0,2,1,6,1,-1,-1,-1,-1,-1,-1,-1,-1
201601BS70132,1,11,0,2,0,8,0,0,0,0,0,1,1,1,29,6,4461,2,3,5,1,5
201601BS70133,1,19,0,7,0,2,0,0,0,0,1,1,1,1,26,6,2198,2,8,5,1,5
201601BS70133,2,11,0,18,0,2,0,0,0,0,2,1,1,1,31,6,4461,2,2,3,1,3
201601BS70134,1,9,0,16,0,8,0,10,1,2,1,1,6,1,17,4,4367,2,3,5,1,5
201601BS70135,1,9,0,18,0,8,0,0,0,0,1,1,6,3,-1,-1,-1,-1,-1,-1,-1,-1
201601BS70136,1,11,0,5,0,8,0,0,0,0,0,1,1,1,59,9,4500,2,1,2,1,2
201601BS70137,1,9,0,4,0,8,0,0,0,0,2,1,6,1,34,6,1598,1,9,3,1,3
201601BS70137,2,2,0,18,0,8,0,0,0,0,1,1,6,1,20,4,49,1,4,3,1,3
201601BS70138,1,3,0,17,0,8,0,0,0,0,1,1,6,1,35,6,125,1,4,3,1,3
201601BS70138,2,9,0,16,0,8,0,0,0,0,1,1,6,3,-1,-1,-1,-1,-1,-1,-1,-1
201601BS70139,1,8,0,18,0,8,0,0,0,0,1,1,1,1,35,6,-1,-1,-1,4,1,4
201601BS70139,2,9,0,9,0,8,0,0,0,0,1,1,6,2,-1,-1,1242,1,1,4,1,4
201601BS70142,1,1,0,18,0,8,0,0,0,0,4,1,6,1,23,5,-1,-1,-1,2,1,2
201601BS70142,2,8,0,9,0,8,0,0,0,0,1,1,6,1,-1,-1,1997,2,6,-1,-1,-1
201601BS70143,1,9,0,9,0,8,0,0,0,0,1,1,2,1,58,9,2000,2,5,5,3,5
201601BS70144,1,9,0,4,0,0,0,0,1,0,1,1,2,1,24,5,1995,2,5,3,1,3
201601BS70144,2,19,0,18,0,0,0,0,0,0,2,1,6,1,38,7,-1,-1,-1,2,1,2
201601BS70144,3,9,0,4,0,0,0,0,0,0,2,1,6,2,47,8,-1,-1,-1,3,1,3
201601BS70145,1,8,0,6,0,8,0,0,0,0,3,1,1,1,37,7,1798,8,2,3,1,3
201601BS70145,2,8,0,18,0,8,0,0,0,0,3,1,1,1,27,6,1798,8,2,1,1,1
201601BS70146,1,3,0,13,0,8,0,0,0,0,1,1,6,1,26,6,108,1,2,3,1,3
201601BS70146,2,9,0,12,0,8,0,0,0,0,3,1,6,1,-1,-1,1389,1,14,3,1,3
201601BS70148,1,1,0,9,0,8,0,0,0,0,1,1,6,1,33,6,-1,-1,-1,3,1,3
201601BS70148,2,9,0,9,0,8,0,0,0,0,2,1,6,3,-1,-1,-1,-1,-1,-1,-1,-1
201601BS70151,1,9,0,18,0,8,0,0,0,0,0,1,6,1,30,6,1364,7,10,2,1,2
201601BS70151,2,9,0,18,0,8,0,0,0,0,1,1,4,1,31,6,-1,-1,-1,3,1,3
201601BS70151,3,3,0,1,0,8,0,0,0,0,3,1,6,1,31,6,108,1,2,2,1,2
201601BS70152,1,19,0,4,0,8,0,0,0,0,4,1,1,1,41,7,2198,2,3,4,1,4
201601BS70152,2,1,0,15,0,8,0,0,0,0,1,1,2,2,37,7,-1,-1,-1,8,1,8
201601BS70153,1,8,0,9,0,8,0,0,0,0,2,1,1,1,33,6,2143,2,5,2,1,2
201601BS70153,2,3,0,18,0,8,0,0,0,0,1,1,6,1,47,8,125,1,2,4,1,4
201601BS70154,1,9,0,4,0,0,0,0,0,0,1,1,6,1,-1,-1,-1,-1,-1,-1,-1,-1
201601BS70155,1,9,0,5,0,0,0,0,0,0,2,1,2,2,-1,-1,1395,1,1,2,1,2
201601BS70155,2,3,0,18,0,0,0,0,0,0,1,1,6,1,24,5,124,1,12,1,1,1
201601BS70157,1,9,0,2,0,0,0,0,0,0,3,1,6,1,64,9,2500,6,17,8,1,8
201601BS70157,2,1,0,18,0,0,0,8,0,0,1,1,6,1,41,7,-1,-1,-1,6,1,6
201601BS70158,1,21,0,9,0,8,0,0,0,0,0,1,1,1,-1,-1,-1,-1,-1,-1,-1,-1
201601BS70158,2,1,0,18,0,8,0,0,0,0,0,1,6,1,-1,-1,-1,-1,-1,-1,-1,-1
201601BS70159,1,2,0,13,0,1,0,0,0,0,4,1,1,1,26,6,124,1,3,6,1,6
201601BS70159,2,9,0,9,0,1,0,0,0,0,3,1,6,1,46,8,4367,2,3,9,1,9
201601BS70160,1,19,0,4,0,1,0,0,0,0,1,1,1,2,32,6,2461,2,6,3,1,3
201601BS70160,2,5,0,3,0,1,0,0,0,0,2,1,1,1,41,7,656,1,9,8,1,8
201601BS70161,1,19,0,9,0,1,0,0,0,0,1,1,1,1,73,10,1587,1,7,7,1,7
201601BS70161,2,1,0,18,0,1,0,0,0,0,1,1,6,2,79,11,-1,-1,-1,6,1,6
201601BS70162,1,9,0,6,0,0,0,0,0,0,3,1,1,1,47,8,1798,8,1,4,1,4
201601BS70162,2,1,0,18,0,0,0,0,0,0,1,1,2,1,21,5,-1,-1,-1,3,1,3
201601BS70163,1,9,0,18,0,1,0,0,0,0,1,1,6,2,32,6,1995,2,3,6,1,6
201601BS70163,2,9,0,11,0,1,0,0,0,0,2,1,6,1,34,6,2143,2,3,6,1,6
201601BS70164,1,8,0,18,0,0,0,0,0,0,2,1,1,1,26,6,1956,2,6,4,1,4
201601BS70164,2,3,0,18,0,0,0,0,0,0,1,1,6,1,-1,-1,-1,-1,-1,-1,-1,-1
201601BS70165,1,9,0,2,0,2,0,0,0,0,3,1,6,1,31,6,973,1,13,7,1,7
201601BS70165,2,3,0,9,0,2,0,0,0,0,4,1,6,1,39,7,-1,-1,-1,3,1,3
201601BS70166,1,19,0,1,0,2,0,0,0,0,2,1,1,1,32,6,-1,-1,-1,5,1,5
201601BS70167,1,3,0,18,0,8,0,0,0,0,3,1,1,1,23,5,125,1,5,2,1,2
201601BS70167,2,3,0,7,0,8,0,0,0,0,4,1,1,1,25,5,125,1,5,4,1,4
201601BS70168,1,3,0,7,0,8,0,0,0,0,4,1,6,1,40,7,125,1,5,-1,-1,-1
201601BS70168,2,8,0,18,0,8,0,0,0,0,3,1,6,1,55,8,2499,2,5,10,1,10
201601BS70168,3,3,0,15,0,8,0,0,0,0,1,1,6,3,-1,-1,-1,-1,-1,-1,-1,-1
201601BS70169,1,3,0,16,0,3,0,0,0,0,4,1,2,1,37,7,-1,-1,-1,6,1,6
201601BS70169,2,19,0,16,0,3,0,0,0,0,3,1,6,3,-1,-1,-1,-1,-1,-1,-1,-1
201601BS70170,1,1,0,17,0,8,0,0,0,0,1,1,2,1,28,6,-1,-1,-1,2,1,2
201601BS70170,2,9,0,7,0,8,0,0,0,0,4,1,6,3,-1,-1,-1,-1,-1,-1,-1,-1
201601BS70171,1,1,0,5,0,1,0,0,0,0,3,1,6,1,30,6,-1,-1,-1,7,1,7
201601BS70171,2,3,0,14,0,1,0,0,0,0,1,1,6,1,-1,-1,-1,-1,-1,5,1,5
201601BS70172,1,19,0,7,0,8,0,0,0,0,3,1,6,3,-1,-1,-1,-1,-1,-1,-1,-1
201601BS70172,2,9,0,18,0,8,0,0,0,0,1,1,6,1,31,6,-1,-1,-1,7,1,7
201601BS70173,1,9,0,9,0,8,0,0,0,0,0,1,6,1,51,8,1798,8,1,9,1,9
201601BS70173,2,2,0,4,0,8,0,0,0,0,0,1,6,1,28,6,50,1,3,4,1,4
201601BS70174,1,11,0,4,0,0,0,0,0,0,0,1,1,1,-1,-1,6700,2,4,-1,-1,-1
201601BS70175,1,90,0,18,0,1,0,0,0,0,4,1,1,1,39,7,-1,-1,-1,2,1,2
201601BS70176,1,9,0,18,0,0,0,0,0,0,4,1,6,1,21,5,1497,8,5,2,1,2
201601BS70179,1,9,0,18,0,0,0,0,0,0,1,1,6,3,-1,-1,-1,-1,-1,-1,-1,-1
201601BS70180,1,1,0,17,0,8,0,0,0,0,1,1,6,1,22,5,-1,-1,-1,5,1,5
201601BS70180,2,19,0,9,0,8,0,0,0,0,3,1,1,1,28,6,2198,2,3,6,1,6
201601BS70181,1,9,0,7,0,8,0,0,0,0,3,1,6,1,34,6,1896,2,13,-1,-1,-1
201601BS70181,2,1,0,18,0,6,0,0,0,0,1,1,6,2,27,6,-1,-1,-1,1,1,1
201601BS70182,1,9,0,7,0,2,0,0,0,0,1,1,6,3,-1,-1,-1,-1,-1,-1,-1,-1
201601BS70187,1,1,0,18,9,0,0,0,0,0,1,1,4,1,13,3,-1,-1,-1,4,1,4
201601BS70188,1,9,0,18,0,0,0,0,0,0,1,1,6,1,47,8,1797,8,6,-1,-1,-1
201601BS70188,2,4,0,18,0,0,0,0,0,0,2,1,6,1,23,5,649,1,2,6,1,6
201601BS70189,1,19,0,9,0,8,0,0,0,0,1,1,1,1,59,9,1598,2,1,10,3,10
201601BS70189,2,1,0,18,0,8,0,0,0,0,1,1,6,1,37,7,-1,-1,-1,4,1,4
201601BS70190,1,3,0,4,0,0,0,0,0,0,0,1,6,1,28,6,-1,-1,-1,2,1,2
201601BS70192,1,9,0,18,0,8,0,0,0,0,3,1,6,2,29,6,1197,1,1,5,1,5
201601BS70192,2,5,0,9,0,8,0,0,0,0,1,1,6,1,22,5,125,1,5,2,1,2
201601BS70193,1,3,0,13,0,1,0,0,0,0,1,1,2,1,27,6,125,1,4,1,1,1
201601BS70193,2,9,0,9,0,8,0,0,0,0,3,1,6,2,-1,-1,1198,1,2,-1,-1,-1
201601BS70194,1,9,0,5,0,0,0,0,0,0,0,1,6,1,67,10,3800,1,1,7,1,7
201601BS70195,1,5,0,18,0,0,0,0,0,0,1,1,6,1,35,6,670,1,3,2,1,2
201601BS70196,1,9,0,18,0,0,0,0,0,0,1,1,6,1,43,7,-1,-1,-1,2,1,2
201601BS70196,2,1,0,18,0,0,0,0,0,0,2,1,6,1,52,8,-1,-1,-1,2,1,2
201601BS70197,1,1,0,15,0,8,0,0,0,0,1,1,6,1,26,6,-1,-1,-1,-1,-1,-1
201601BS70197,2,9,0,9,0,5,0,0,0,0,1,1,6,2,36,7,2494,8,-1,8,1,8
201601BS70198,1,8,0,18,0,0,0,0,0,0,1,1,1,1,45,7,1769,1,11,3,1,3
201601BS70199,1,8,0,2,0,2,0,0,0,0,3,1,6,1,40,7,-1,-1,-1,3,1,3
201601BS70199,2,1,0,18,0,2,0,0,0,0,1,1,6,1,41,7,-1,-1,-1,9,1,9
201601BS70200,1,8,0,9,0,8,0,0,0,0,1,1,6,1,68,10,2402,2,14,5,1,5
201601BS70200,2,1,0,18,0,8,0,0,0,0,1,1,6,1,33,6,-1,-1,-1,2,1,2
201601BS70202,1,8,0,18,0,8,0,0,0,0,1,1,1,1,65,9,2499,2,3,4,1,4
201601BS70202,2,9,0,18,0,8,0,0,0,0,2,1,6,1,50,8,2993,2,2,9,1,9
201601BS70203,1,3,0,12,0,0,0,0,0,0,2,1,2,1,21,5,125,1,1,2,1,2
201601BS70203,2,9,0,18,0,0,0,0,0,0,1,1,6,1,-1,-1,1390,1,3,-1,-1,-1
201601BS70204,1,9,0,3,0,8,0,0,0,0,4,1,2,1,40,7,1995,2,3,4,1,4
201601BS70204,2,9,0,7,0,8,1,0,0,0,3,1,6,1,-1,-1,-1,-1,-1,-1,-1,-1
201601BS70205,1,9,0,18,0,0,0,0,0,0,3,1,6,2,37,7,1598,1,7,1,1,1
201601BS70206,1,9,0,18,0,0,0,0,0,0,4,1,6,2,-1,-1,-1,-1,-1,-1,-1,-1
201601BS70207,1,1,0,16,0,8,0,0,0,0,3,1,6,2,27,6,-1,-1,-1,4,1,4
201601BS70207,2,9,0,16,0,8,0,0,0,0,4,1,6,2,-1,-1,2191,2,3,-1,-1,-1
201601BS70208,1,9,0,18,0,0,0,0,0,0,1,1,6,1,40,7,1968,2,10,-1,-1,-1
201601BS70208,2,9,0,18,0,0,0,0,0,0,2,1,6,1,61,9,1968,2,5,-1,-1,-1
201601BS70210,1,9,0,18,0,0,0,0,0,0,3,1,6,1,46,8,1197,1,-1,2,1,2
201601BS70210,2,9,0,2,0,0,0,0,0,0,4,1,6,1,23,5,1598,1,13,7,1,7
201601BS70211,1,3,0,18,0,8,0,0,0,0,3,1,6,1,37,7,125,1,3,9,1,9
201601BS70211,2,8,0,18,0,8,0,0,0,0,4,1,1,1,-1,-1,2499,2,2,-1,-1,-1
201601BS70213,1,9,0,12,0,0,0,0,0,0,3,1,6,2,45,7,-1,-1,-1,2,1,2
201601BS70213,2,3,0,18,0,0,0,0,0,0,1,1,6,2,20,4,125,1,-1,4,1,4
201601BS70214,1,9,0,1,0,8,0,0,0,0,2,1,6,2,61,9,2967,2,4,7,1,7
201601BS70214,2,3,0,4,0,8,0,0,0,0,4,1,6,2,47,8,125,1,1,1,1,1
201601BS70215,1,19,0,18,0,0,0,0,0,0,4,1,2,1,24,5,-1,-1,-1,-1,-1,-1
201601BS70215,2,1,0,12,0,0,0,0,0,0,3,1,2,2,42,7,-1,-1,-1,2,1,2
201601BS70216,1,9,0,9,0,8,0,0,0,0,3,1,6,1,83,11,1834,1,15,2,1,2
201601BS70216,2,3,0,18,0,8,0,0,0,0,1,1,3,1,23,5,125,1,5,2,1,2
201601BS70217,1,9,0,18,0,0,1,0,0,0,1,1,6,2,26,6,1242,1,15,4,1,4
201601BS70218,1,9,0,9,0,8,0,0,1,0,1,1,6,2,34,6,1368,1,7,8,1,8
201601BS70218,2,1,0,18,0,8,0,0,0,0,3,1,6,1,50,8,-1,-1,-1,7,1,7
201601BS70219,1,19,0,18,0,8,0,0,0,0,3,1,6,1,52,8,1753,2,4,7,1,7
201601BS70219,2,9,0,18,0,8,5,0,0,0,1,1,6,1,35,6,1598,1,4,2,1,2
201601BS70221,1,1,0,18,0,0,0,0,0,0,3,1,2,1,50,8,-1,-1,-1,10,1,10
201601BS70221,2,8,0,13,0,0,0,0,0,0,4,1,1,1,-1,-1,-1,-1,-1,-1,-1,-1
201601BS70222,1,1,0,18,0,8,0,0,0,0,3,1,2,1,35,6,-1,-1,-1,7,1,7
201601BS70222,2,8,0,6,0,8,0,0,0,0,1,1,1,1,-1,-1,2499,2,7,-1,-1,-1
201601BS70223,1,9,0,9,0,8,0,0,0,0,3,1,1,2,53,8,1598,1,6,5,1,5
201601BS70224,1,9,0,9,0,8,0,0,0,0,1,1,6,1,29,6,1995,2,1,10,1,10
201601BS70224,2,3,0,18,0,8,0,0,0,0,3,1,1,1,25,5,124,1,11,7,1,7
201601BS70225,1,9,0,7,0,8,0,0,0,0,3,1,6,1,65,9,1997,2,12,1,1,1
201601BS70225,2,1,0,18,0,8,0,0,0,0,1,1,4,2,46,8,-1,-1,-1,9,1,9
201601BS70226,1,8,0,14,0,8,0,0,0,0,4,1,1,1,57,9,-1,-1,-1,5,1,5
201601BS70227,1,3,0,18,0,8,1,0,0,0,1,1,1,1,19,4,124,1,4,1,1,1
201601BS70227,2,19,0,18,0,8,0,0,0,0,4,1,1,1,-1,-1,2143,2,3,-1,-1,-1
201601BS70228,1,11,0,5,0,0,0,0,0,0,4,1,1,1,34,6,4500,2,2,7,1,7
201601BS70229,1,9,0,9,0,8,0,0,0,0,1,1,2,1,45,7,1339,8,6,4,1,4
201601BS70230,1,9,0,9,0,8,0,0,0,0,3,1,6,3,-1,-1,-1,-1,-1,-1,-1,-1
201601BS70230,2,4,0,18,0,8,0,0,0,0,4,1,6,1,40,7,1140,1,3,-1,-1,-1
201601BS70231,1,9,0,4,0,1,0,0,0,0,1,1,6,1,38,7,-1,-1,-1,4,1,4
201601BS70231,2,1,0,7,0,2,0,0,0,0,1,1,6,1,42,7,-1,-1,-1,5,1,5
201601BS70232,1,20,0,18,0,1,0,0,0,0,3,1,6,3,-1,-1,-1,-1,-1,-1,-1,-1
201601BS70233,1,9,0,18,0,0,0,0,0,0,1,1,6,1,29,6,1497,8,7,4,1,4
201601BS70234,1,5,0,18,0,0,0,0,0,0,3,1,6,1,-1,-1,-1,-1,-1,9,1,9
201601BS70234,2,9,0,2,0,0,0,0,0,0,4,1,6,3,-1,-1,-1,-1,-1,-1,-1,-1
201601BS70235,1,5,0,18,0,0,0,0,0,0,1,1,6,3,-1,-1,-1,-1,-1,-1,-1,-1
201601BS70236,1,9,0,18,0,0,0,0,0,0,0,1,6,2,25,5,1497,8,3,7,1,7
201601BS70237,1,3,0,13,0,0,0,0,0,0,0,1,1,1,38,7,125,1,5,4,1,4
201601BS70237,2,9,0,9,0,0,0,0,0,0,0,1,6,1,-1,-1,2987,2,4,-1,-1,-1
201601BS70238,1,3,0,18,0,0,0,0,0,0,1,1,6,1,18,4,125,1,7,2,1,2
201601BS70238,2,19,0,11,0,0,0,0,0,0,3,1,6,1,44,7,9186,2,3,3,1,3
201601BS70239,1,9,0,9,0,8,0,0,0,0,4,1,6,1,30,6,-1,-1,-1,7,1,7
201601BS70239,2,5,0,15,0,8,0,0,0,0,1,1,6,1,57,9,-1,-1,-1,-1,-1,-1
201601BS70240,1,11,0,18,0,8,0,0,0,0,1,1,2,1,48,8,4500,2,4,-1,-1,-1
201601BS70240,2,9,0,18,0,8,0,0,0,0,3,1,6,2,70,10,1598,1,5,4,1,4
201601BS70242,1,4,0,18,0,2,0,0,0,0,1,1,6,1,35,6,-1,-1,-1,4,1,4
201601BS70243,1,1,0,18,0,2,0,0,0,0,2,1,6,1,24,5,-1,-1,-1,5,1,5
201601BS70243,2,9,0,18,0,2,0,0,0,0,1,1,6,3,-1,-1,-1,-1,-1,-1,-1,-1
201601BS70244,1,9,0,17,0,0,0,4,0,0,1,1,2,1,33,6,-1,-1,-1,-1,1,-1
201601BS70244,2,9,0,2,0,0,0,0,0,0,2,1,6,1,77,11,-1,-1,-1,-1,1,-1
201601BS70245,1,5,0,12,0,8,0,0,0,0,1,1,6,1,29,6,-1,-1,-1,4,1,4
201601BS70245,2,9,0,18,0,8,0,0,0,0,2,1,6,1,-1,-1,1598,2,1,6,1,6
201601BS70245,3,9,0,2,0,8,0,0,0,0,3,1,6,1,-1,-1,1598,2,1,-1,-1,-1
201601BS70246,1,8,0,18,0,8,0,0,0,0,4,1,6,1,41,7,2143,2,3,1,1,1
201601BS70247,1,9,0,9,0,8,0,0,0,0,1,1,6,1,61,9,1598,1,9,7,1,7
201601BS70247,2,3,0,18,0,8,0,0,0,0,1,1,6,1,23,5,125,1,4,2,1,2
201601BS70249,1,1,0,14,0,0,0,0,0,0,1,1,6,1,23,5,-1,-1,-1,3,1,3
201601BS70250,1,9,0,12,0,0,0,0,0,0,3,1,6,2,32,6,1596,1,16,1,1,1
201601BS70250,2,3,0,14,0,0,0,0,0,0,4,1,6,1,24,5,125,1,1,4,1,4
201601BS70251,1,11,0,4,0,1,0,0,0,0,1,1,6,2,46,8,4760,2,4,3,1,3
201601BS70251,2,3,0,3,0,1,0,0,0,0,2,1,6,2,27,6,125,1,1,2,1,2
201601BS70253,1,9,0,9,0,8,0,0,0,0,1,1,6,2,43,7,2179,2,2,10,1,10
201601BS70254,1,9,0,18,0,8,0,0,0,0,1,1,6,2,69,10,1390,1,6,8,1,8
201601BS70254,2,3,0,18,0,8,0,0,0,0,1,1,6,1,44,7,124,1,3,2,1,2
201601BS70255,1,3,0,18,0,1,0,0,0,0,4,1,6,1,59,9,108,1,1,2,1,2
201601BS70255,2,9,0,17,0,8,0,0,0,0,3,1,6,1,42,7,-1,-1,-1,-1,-1,-1
201601BS70256,1,8,0,7,0,8,0,0,0,0,4,1,6,1,49,8,2402,2,11,7,1,7
201601BS70256,2,1,0,18,0,8,0,0,0,0,1,1,6,1,-1,-1,-1,-1,-1,-1,-1,-1
201601BS70257,1,9,0,18,0,2,0,0,0,0,0,1,1,2,49,8,-1,-1,-1,4,1,4
201601BS70257,2,9,0,18,0,2,0,0,0,0,0,1,6,3,-1,-1,1797,8,6,-1,-1,-1
201601BS70258,1,11,0,18,0,8,0,0,0,0,1,1,6,1,43,7,-1,-1,-1,3,1,3
201601BS70260,1,9,0,7,0,8,0,0,0,0,1,1,6,1,31,6,1388,1,8,3,1,3
201601BS70260,2,1,0,18,0,8,0,0,0,0,1,1,6,1,53,8,-1,-1,-1,3,1,3
201601BS70261,1,5,0,18,0,8,0,0,0,0,2,1,6,1,27,6,599,1,9,8,1,8
201601BS70261,2,9,0,18,0,8,0,0,0,0,1,1,6,1,44,7,2488,2,9,5,1,5
201601BS70262,1,9,0,7,0,8,0,0,0,0,3,1,6,1,42,7,1598,1,10,5,1,5
201601BS70262,2,4,0,18,0,8,0,0,0,0,1,1,6,2,22,5,-1,-1,-1,3,1,3
201601BS70263,1,9,0,2,0,2,0,0,0,0,3,1,6,2,36,7,2179,2,5,7,1,7
201601BS70263,2,1,0,18,0,2,0,4,0,0,1,1,6,2,28,6,-1,-1,-1,-1,-1,-1
201601BS70265,1,9,0,18,0,1,0,0,0,0,0,1,6,1,70,10,1390,1,4,7,1,7
201601BS70267,1,9,0,18,0,8,0,0,0,0,1,1,6,1,23,5,1598,1,1,2,1,2
201601BS70268,1,9,0,18,0,0,0,0,0,0,1,1,6,1,24,5,-1,-1,-1,7,1,7
201601BS70269,1,9,0,12,0,0,0,0,0,0,1,1,6,1,41,7,2148,2,7,3,1,3
201601BS70269,2,3,0,18,0,0,0,0,0,0,2,1,6,1,44,7,125,1,6,3,1,3
201601BS70270,1,3,0,18,0,8,0,0,0,0,1,1,6,1,34,6,108,1,3,-1,-1,-1
201601BS70270,2,9,0,18,0,8,0,0,0,0,1,1,6,1,34,6,1995,2,14,3,1,3
201601BS70271,1,11,0,4,0,8,0,0,0,0,0,1,6,1,47,8,4500,2,2,6,1,6
201601BS70272,1,9,0,18,0,0,0,0,0,0,3,1,6,3,-1,-1,1995,2,3,-1,-1,-1
201601BS70273,1,9,0,9,0,5,0,0,0,0,1,1,6,1,25,5,1596,1,1,2,1,2
201601BS70273,2,1,0,18,0,8,0,0,0,0,1,1,6,1,28,6,-1,-1,-1,3,1,3
201601BS70274,1,9,0,18,0,8,0,0,0,0,1,1,6,1,-1,-1,-1,-1,-1,-1,-1,-1
201601BS70276,1,8,0,6,0,2,0,0,0,0,3,1,6,3,-1,-1,2143,2,5,-1,-1,-1
201601BS70276,2,3,0,18,0,2,0,0,0,0,1,1,6,1,21,5,125,1,3,5,1,5
201601BS70277,1,8,0,17,0,8,0,0,0,0,4,1,6,1,40,7,1497,8,7,1,1,1
201601BS70277,2,11,0,17,0,8,0,0,0,0,3,1,1,1,53,8,4461,2,3,2,1,2
201601BS70277,3,5,0,17,0,8,0,0,0,0,1,1,6,1,38,7,-1,-1,-1,4,3,4
201601BS70278,1,8,0,2,0,8,0,0,0,0,2,1,1,1,55,8,1997,2,4,6,1,6
201601BS70278,2,1,0,18,0,8,0,0,0,0,1,1,6,1,24,5,-1,-1,-1,4,1,4
201601BS70279,1,3,0,18,0,8,0,0,0,0,1,1,6,1,23,5,-1,-1,-1,2,1,2
201601BS70279,2,9,0,18,0,8,0,0,0,0,3,1,6,2,-1,-1,1968,2,7,4,1,4
201601BS70280,1,3,0,18,0,8,0,0,0,0,4,1,6,1,37,7,108,1,-1,4,1,4
201601BS70280,2,9,0,18,3,8,0,0,0,0,1,1,6,1,68,10,2987,2,6,1,1,1
201601BS70281,1,8,0,18,0,8,0,0,0,0,1,1,6,1,41,7,1229,1,4,2,1,2
201601BS70281,2,1,0,18,0,8,0,0,0,0,1,1,6,1,33,6,-1,-1,-1,3,1,3
201601BS70282,1,1,0,18,0,8,0,0,0,0,1,1,6,1,44,7,-1,-1,-1,7,1,7
201601BS70283,1,5,0,18,0,8,0,0,0,0,1,1,6,1,43,7,1215,1,5,7,1,7
201601BS70283,2,9,0,9,0,8,0,0,0,0,3,1,6,1,46,8,4163,1,10,4,1,4
201601BS70284,1,11,0,4,0,8,0,0,0,0,0,1,1,1,37,7,7300,2,11,7,1,7
201601BS70285,1,8,0,2,0,8,0,0,0,0,0,1,6,1,32,6,1997,2,6,2,1,2
201601BS70285,2,9,0,14,0,8,0,0,0,0,2,1,6,2,39,7,1600,1,12,1,1,1
201601BS70285,3,3,0,14,0,8,0,0,0,0,1,1,6,1,30,6,125,1,6,1,1,1
201601BS70288,1,3,0,18,0,8,0,0,0,0,1,1,6,1,39,7,108,1,-1,1,1,1
201601BS70288,2,3,0,9,0,8,0,0,0,0,1,1,6,1,-1,-1,125,1,2,-1,-1,-1
201601BS70289,1,9,0,9,0,8,0,0,0,0,3,1,6,2,63,9,1997,2,9,6,3,6
201601BS70289,2,5,0,14,0,8,0,0,0,0,1,1,6,1,68,10,1293,1,-1,9,1,9
201601BS70290,1,1,0,18,0,8,0,0,0,0,1,1,6,2,22,5,-1,-1,-1,8,1,8
201601BS70290,2,9,0,7,0,8,0,0,0,0,4,1,6,1,-1,-1,-1,-1,-1,-1,-1,-1
201601BS70291,1,1,0,18,0,8,0,0,0,0,1,1,2,1,21,5,-1,-1,-1,4,1,4
201601BS70291,2,9,0,9,0,8,0,0,0,0,4,1,6,2,-1,-1,-1,-1,-1,-1,-1,-1
201601BS70292,1,3,0,18,0,8,0,0,0,0,1,1,6,1,51,8,125,1,8,1,1,1
201601BS70292,2,9,0,9,0,8,0,0,0,0,2,1,6,2,69,10,1600,2,6,7,3,7
201601BS70293,1,9,0,9,0,8,0,0,0,0,3,1,6,1,46,8,4196,1,8,4,1,4