Accident_Index,Vehicle_Reference,Vehicle_Type,Towing_and_Articulation,Vehicle_Manoeuvre,Vehicle_Location-Restricted_Lane,Junction_Location,Skidding_and_Overturning,Hit_Object_in_Carriageway,Vehicle_Leaving_Carriageway,Hit_Object_off_Carriageway,1st_Point_of_Impact,Was_Vehicle_Left_Hand_Drive?,Journey_Purpose_of_Driver,Sex_of_Driver,Age_of_Driver,Age_Band_of_Driver,Engine_Capacity_(CC),Propulsion_Code,Age_of_Vehicle,Driver_IMD_Decile,Driver_Home_Area_Type,Vehicle_IMD_Decile
201601BS70293,2,3,0,18,0,8,0,0,0,0,1,1,6,1,17,4,108,1,8,1,1,1
201601BS70294,1,9,0,18,0,2,0,0,0,0,1,1,6,2,-1,-1,-1,-1,-1,-1,-1,-1
201601BS70295,1,19,0,9,0,8,0,0,0,0,3,1,1,1,30,6,2143,2,6,1,1,1
201601BS70295,2,1,0,18,0,8,0,0,0,0,1,1,6,1,32,6,-1,-1,-1,5,1,5
201601BS70296,1,8,0,9,0,8,0,0,0,0,4,1,1,1,55,8,1968,2,3,2,1,2
201601BS70296,2,1,0,18,0,8,0,0,0,0,1,1,6,1,21,5,-1,-1,-1,1,1,1
201601BS70297,1,11,0,5,0,8,0,0,0,0,0,1,1,1,28,6,4461,2,2,4,1,4
201601BS70300,1,9,0,10,0,8,0,0,0,0,4,1,6,1,41,7,1870,2,11,8,3,8
201601BS70300,2,3,0,18,0,8,0,0,0,0,1,1,6,1,18,4,125,1,3,6,1,6
201601BS70301,1,3,0,18,0,0,0,10,0,0,4,1,1,2,21,5,125,1,6,1,1,1
201601BS70301,2,9,0,11,0,0,0,0,0,0,0,1,6,1,-1,-1,-1,-1,-1,-1,-1,-1
201601BS70302,1,8,0,18,0,8,0,0,0,0,1,1,1,1,-1,-1,1797,8,5,-1,-1,-1
201601BS70302,2,9,0,18,0,8,0,0,0,0,2,1,6,3,-1,-1,-1,-1,-1,-1,-1,-1
201601BS70303,1,1,0,18,0,8,0,0,0,0,1,1,6,1,56,9,-1,-1,-1,6,1,6
201601BS70303,2,9,0,9,0,8,0,0,0,0,1,1,6,2,-1,-1,4806,1,6,-1,-1,-1
201601BS70304,1,19,0,17,0,8,0,0,0,0,4,1,1,1,27,6,1461,2,5,4,1,4
201601BS70304,2,5,0,17,0,8,0,0,0,0,1,1,6,1,28,6,-1,-1,-1,2,1,2
201601BS70305,1,9,0,2,0,2,0,0,0,0,3,1,6,1,25,5,1242,1,1,4,1,4
201601BS70305,2,1,0,18,0,8,0,0,0,0,1,1,6,1,41,7,-1,-1,-1,6,1,6
201601BS70306,1,8,0,7,0,8,0,0,0,0,0,1,6,1,61,9,2987,2,1,3,1,3
201601BS70307,1,1,0,18,0,0,0,8,0,0,1,1,6,1,42,7,-1,-1,-1,1,1,1
201601BS70307,2,8,0,3,0,0,0,0,0,0,4,1,6,1,56,9,1797,8,5,3,1,3
201601BS70308,1,19,0,9,0,8,0,0,0,0,1,1,1,1,58,9,-1,-1,-1,8,1,8
201601BS70308,2,11,0,18,0,8,0,0,0,0,3,1,1,1,31,6,4461,2,2,4,1,4
201601BS70309,1,19,0,9,0,8,0,0,0,0,4,1,1,1,40,7,2461,2,11,7,1,7
201601BS70309,2,1,0,18,0,8,0,0,0,0,1,1,6,1,43,7,-1,-1,-1,-1,-1,-1
201601BS70310,1,19,0,1,0,0,0,0,0,0,2,1,6,1,42,7,2298,2,1,8,1,8
201601BS70311,1,1,0,18,0,8,0,0,0,0,1,1,6,1,28,6,-1,-1,-1,3,1,3
201601BS70312,1,1,0,18,0,8,0,0,0,0,1,1,6,2,31,6,-1,-1,-1,8,1,8
201601BS70312,2,19,0,7,0,8,0,0,0,0,3,1,6,1,-1,-1,-1,-1,-1,3,1,3
201601BS70313,1,9,0,16,0,8,0,0,0,0,2,1,6,1,29,6,-1,-1,-1,5,1,5
201601BS70313,2,5,0,16,0,8,0,0,0,0,1,1,6,1,31,6,998,1,4,3,1,3
201601BS70314,1,9,0,9,0,8,0,0,0,0,3,1,6,1,42,7,1197,1,5,6,1,6
201601BS70314,2,3,0,18,0,8,0,0,0,0,1,1,6,1,33,6,279,1,1,2,1,2
201601BS70315,1,3,0,14,0,8,0,0,0,0,1,1,6,1,20,4,-1,-1,-1,1,1,1
201601BS70315,2,9,0,9,0,8,0,0,0,0,1,1,6,2,20,4,1229,1,8,3,1,3
201601BS70316,1,9,0,18,0,8,0,0,0,0,0,1,6,1,19,4,2597,1,14,7,1,7
201601BS70317,1,8,0,2,0,8,0,0,0,0,4,1,1,1,43,7,1798,8,2,9,1,9
201601BS70317,2,3,0,18,0,1,0,8,0,0,1,1,6,1,29,6,108,1,7,-1,-1,-1
201601BS70318,1,1,0,18,0,1,0,0,0,0,1,1,6,1,19,4,-1,-1,-1,1,1,1
201601BS70319,1,11,0,2,0,0,0,0,0,0,0,1,1,1,57,9,6700,2,7,5,1,5
201601BS70321,1,5,0,18,0,1,0,0,0,0,3,1,6,1,30,6,750,1,4,2,1,2
201601BS70322,1,3,0,18,0,8,0,0,0,0,4,1,6,1,23,5,-1,-1,-1,3,1,3
201601BS70322,2,11,0,12,0,8,0,0,0,0,3,1,1,1,37,7,7300,2,12,2,1,2
201601BS70323,1,11,0,18,0,8,0,0,0,0,1,1,1,1,34,6,4500,2,9,2,1,2
201601BS70323,2,1,0,18,0,8,0,0,0,0,3,1,6,1,23,5,-1,-1,-1,7,1,7
201601BS70325,1,19,0,18,0,0,0,0,0,0,4,1,1,1,33,6,-1,-1,-1,3,1,3
201601BS70325,2,1,0,15,0,0,0,0,0,0,1,1,6,1,43,7,-1,-1,-1,6,1,6
201601BS70326,1,9,0,18,0,8,0,0,0,0,1,1,6,3,-1,-1,-1,-1,-1,-1,-1,-1
201601BS70327,1,1,0,18,0,0,0,0,0,0,1,1,6,2,21,5,-1,-1,-1,4,1,4
201601BS70327,2,9,0,18,0,0,0,0,0,0,1,1,6,2,36,7,-1,-1,-1,2,1,2
201601BS70329,1,1,0,18,0,8,0,0,0,0,1,1,6,2,27,6,-1,-1,-1,7,1,7
201601BS70329,2,9,0,7,0,8,0,0,0,0,4,1,6,3,-1,-1,1956,2,5,-1,-1,-1
201601BS70330,1,8,0,18,0,8,0,0,0,0,1,1,6,1,19,4,1200,1,1,6,1,6
201601BS70331,1,9,0,5,0,8,0,0,0,0,1,1,6,2,53,8,1598,1,7,5,1,5
201601BS70331,2,3,0,18,0,8,0,0,0,0,3,1,6,1,35,6,124,1,4,4,1,4
201601BS70332,1,11,0,7,0,8,0,0,0,0,0,1,1,1,59,9,4760,2,4,7,1,7
201601BS70334,1,9,0,18,0,8,0,0,0,0,1,1,6,2,36,7,1796,1,9,4,1,4
201601BS70334,2,1,0,18,0,8,0,0,0,0,4,1,6,2,48,8,-1,-1,-1,6,1,6
201601BS70335,1,11,0,4,0,0,0,0,0,0,0,1,1,1,47,8,-1,-1,-1,2,1,2
201601BS70336,1,3,0,18,5,8,1,10,7,1,1,1,1,1,21,5,124,1,3,1,1,1
201601BS70339,1,8,0,11,0,0,0,0,0,0,1,1,6,1,29,6,2993,2,-1,2,1,2
201601BS70339,2,1,0,18,0,0,0,0,0,0,1,1,6,1,40,7,-1,-1,-1,6,1,6
201601BS70340,1,9,0,18,0,8,0,0,0,0,1,1,6,3,-1,-1,-1,-1,-1,-1,-1,-1
201601BS70342,1,3,0,18,0,8,0,0,0,0,4,1,6,1,22,5,125,1,10,2,1,2
201601BS70342,2,9,0,12,0,8,0,0,0,0,3,1,6,1,-1,-1,1598,1,9,-1,-1,-1
201601BS70344,1,9,0,18,0,0,0,0,0,0,2,1,6,1,46,8,1997,2,6,4,1,4
201601BS70344,2,9,0,18,0,0,0,0,0,0,1,1,6,1,-1,-1,1598,1,12,-1,-1,-1
201601BS70345,1,9,0,9,0,8,0,0,0,0,3,1,6,2,37,7,1796,1,9,7,1,7
201601BS70345,2,3,0,13,0,8,0,0,0,0,1,1,2,1,54,8,125,1,7,2,1,2
201601BS70346,1,9,0,18,0,8,0,0,0,0,1,1,2,1,31,6,1461,2,-1,10,1,10
201601BS70346,2,1,0,9,0,8,0,0,0,0,4,1,6,1,-1,-1,-1,-1,-1,-1,-1,-1
201601BS70347,1,19,0,4,0,0,0,0,0,0,2,1,1,1,45,7,1968,2,1,2,1,2
201601BS70347,2,9,0,18,0,0,0,0,0,0,1,1,6,1,54,8,1198,1,11,1,1,1
201601BS70349,1,19,0,18,0,0,0,0,0,0,1,1,1,1,53,8,-1,-1,-1,6,1,6
201601BS70349,2,9,0,4,0,0,0,0,0,0,2,1,6,1,55,8,4367,2,2,7,3,7
201601BS70351,1,3,0,18,0,8,0,0,0,0,1,1,6,1,32,6,125,1,12,4,1,4
201601BS70351,2,9,0,9,0,8,0,0,0,0,4,1,6,1,43,7,1781,1,13,10,1,10
201601BS70352,1,11,0,5,0,2,0,0,0,0,0,1,1,1,62,9,4760,2,3,2,1,2
201601BS70353,1,19,0,1,0,8,0,0,0,0,2,1,6,1,29,6,2198,2,1,8,1,8
201601BS70354,1,9,0,7,0,8,0,0,0,0,4,1,6,1,23,5,1995,2,7,6,1,6
201601BS70354,2,3,0,15,0,8,1,0,0,0,1,1,6,1,30,6,125,1,1,7,1,7
201601BS70355,1,9,0,3,0,1,0,0,0,0,2,1,6,1,31,6,-1,-1,-1,4,1,4
201601BS70355,2,9,0,5,0,1,0,0,0,0,1,1,6,1,-1,-1,-1,-1,-1,-1,-1,-1
201601BS70356,1,19,0,17,0,8,0,0,0,0,1,1,6,1,32,6,-1,-1,-1,6,1,6
201601BS70358,1,9,0,18,0,0,1,10,1,4,1,1,6,2,33,6,1198,1,2,-1,-1,-1
201601BS70360,1,8,0,18,0,1,0,0,0,0,4,1,6,1,59,9,2499,2,10,6,1,6
201601BS70361,1,9,0,18,0,1,0,0,0,0,4,1,6,3,-1,-1,-1,-1,-1,-1,-1,-1
201601BS70362,1,20,1,3,0,1,0,0,0,0,4,1,1,1,63,9,7146,2,8,7,3,7
201601BS70362,2,1,0,4,0,1,0,0,0,0,3,1,6,2,23,5,-1,-1,-1,3,1,3
201601BS70363,1,3,0,18,0,8,1,0,0,0,1,1,1,1,25,5,108,1,-1,5,1,5
201601BS70363,2,9,0,9,0,8,0,0,0,0,4,1,6,2,28,6,1995,2,-1,4,1,4
201601BS70364,1,8,0,18,0,2,0,0,0,0,1,1,1,1,60,9,2143,2,4,4,2,4
201601BS70365,1,8,0,18,0,8,0,0,3,0,3,1,1,1,50,8,1598,1,3,2,1,2
201601BS70365,2,9,0,18,0,8,0,0,0,0,1,1,6,1,52,8,1797,8,5,1,1,1
201601BS70365,3,9,0,18,0,8,0,0,0,0,1,1,2,2,71,10,1197,1,2,4,1,4
201601BS70366,1,9,0,17,0,8,0,0,0,0,1,1,6,1,50,8,1560,2,3,3,1,3
201601BS70366,2,1,0,17,0,8,0,0,0,0,2,1,6,2,31,6,-1,-1,-1,8,1,8
201601BS70367,1,9,0,18,0,8,0,0,0,0,4,2,6,1,47,8,-1,-1,-1,8,1,8
201601BS70367,2,8,0,18,0,8,0,0,0,0,1,1,6,1,52,8,2664,2,15,10,1,10
201601BS70368,1,3,0,16,0,1,1,10,1,0,1,1,1,1,18,4,125,1,8,4,1,4
201601BS70368,2,9,0,17,0,1,0,0,0,0,1,1,6,2,28,6,1229,1,1,1,1,1
201601BS70369,1,19,0,2,0,8,0,0,0,0,2,1,1,1,33,6,2460,2,9,7,1,7
201601BS70369,2,9,0,18,0,2,0,0,0,0,1,1,6,2,28,6,2199,2,5,5,3,5
201601BS70369,3,9,0,2,0,2,0,0,0,0,3,1,6,3,-1,-1,1598,1,6,-1,-1,-1
201601BS70370,1,9,0,18,0,8,0,0,0,0,0,1,6,2,-1,-1,1686,2,6,8,1,8
201601BS70371,1,3,0,2,0,1,0,0,0,0,3,1,6,1,31,6,-1,-1,-1,7,1,7
201601BS70372,1,9,0,9,0,8,0,0,0,0,4,1,6,1,-1,-1,1796,2,3,2,1,2
201601BS70372,2,1,0,15,0,8,0,0,0,0,1,1,6,1,39,7,-1,-1,-1,4,1,4
201601BS70373,1,11,0,4,0,8,0,0,0,0,0,1,1,1,48,8,8300,2,9,2,1,2
201601BS70374,1,9,0,18,0,8,0,0,0,0,1,1,6,1,35,6,1995,2,1,9,2,9
201601BS70374,2,9,0,5,0,8,0,0,0,0,4,1,2,1,36,7,1229,1,-1,3,1,3
201601BS70375,1,9,0,7,0,8,0,0,0,0,1,1,6,3,-1,-1,2979,1,1,-1,-1,-1
201601BS70375,2,1,0,18,0,8,0,0,0,0,4,1,2,1,21,5,-1,-1,-1,3,1,3
201601BS70377,1,19,0,1,0,0,0,0,0,0,2,1,1,1,29,6,1968,2,2,3,1,3
201601BS70377,2,1,0,18,0,0,0,0,0,0,1,1,1,2,46,8,-1,-1,-1,6,1,6
201601BS70378,1,9,0,11,0,8,0,0,0,0,4,1,6,1,35,6,1796,1,6,2,1,2
201601BS70378,2,1,0,10,0,8,0,0,0,0,3,1,6,2,37,7,-1,-1,-1,4,1,4
201601BS70379,1,9,0,3,0,8,0,0,0,0,2,1,6,1,44,7,1598,1,5,3,1,3
201601BS70379,2,11,0,18,0,8,0,0,0,0,1,1,1,1,46,8,9360,2,4,3,1,3
201601BS70380,1,9,0,16,0,8,0,0,0,0,1,1,6,1,52,8,1968,2,9,4,1,4
201601BS70380,2,3,0,10,0,8,0,0,0,0,4,1,6,1,42,7,125,1,11,4,1,4
201601BS70381,1,11,0,18,0,2,0,0,0,0,0,1,1,1,48,8,4461,2,2,3,1,3
201601BS70382,1,9,0,1,0,0,0,0,0,0,2,1,2,1,55,8,1968,2,4,9,1,9
201601BS70383,1,11,0,4,0,0,0,0,0,0,0,1,1,1,-1,-1,4461,2,2,-1,-1,-1
201601BS70384,1,19,0,9,0,8,0,0,0,0,4,1,1,1,24,5,2143,2,6,2,1,2
201601BS70384,2,1,0,18,0,8,0,0,0,0,1,1,6,1,20,4,-1,-1,-1,7,1,7
201601BS70385,1,9,0,9,0,8,0,0,0,0,1,1,6,2,-1,-1,1398,1,12,-1,-1,-1
201601BS70386,1,8,0,18,0,8,0,0,0,0,1,1,1,1,55,8,1797,8,7,3,1,3
201601BS70387,1,4,0,18,0,0,1,0,0,0,0,1,1,1,36,7,-1,-1,-1,4,1,4
201601BS70387,2,19,0,5,0,0,0,0,0,0,0,1,6,1,51,8,-1,-1,-1,4,1,4
201601BS70388,1,5,0,18,0,0,2,0,0,0,0,1,6,1,54,8,1255,1,7,3,3,3
201601BS70389,1,9,0,18,0,1,0,0,0,0,4,1,2,2,41,7,647,8,-1,-1,-1,-1
201601BS70390,1,1,0,7,0,8,0,0,0,0,3,1,6,1,31,6,-1,-1,-1,7,1,7
201601BS70390,2,9,0,18,0,8,0,0,0,0,1,1,6,1,-1,-1,1598,1,8,-1,-1,-1
201601BS70392,1,9,0,4,0,2,0,0,0,0,3,1,6,1,24,5,1399,1,9,1,1,1
201601BS70392,2,3,0,18,0,2,0,0,0,0,4,1,6,1,43,7,108,1,1,4,1,4
201601BS70393,1,3,0,17,0,8,0,0,0,0,2,1,6,1,26,6,125,1,6,1,1,1
201601BS70393,2,9,0,17,0,8,0,0,0,0,1,1,6,1,43,7,1329,1,7,7,1,7
201601BS70393,3,9,0,17,0,1,0,0,0,0,1,1,1,1,49,8,2993,2,4,3,1,3
201601BS70394,1,9,0,9,0,8,0,0,0,0,1,1,6,2,53,8,1198,1,10,7,1,7
201601BS70395,1,3,0,14,0,8,0,0,0,0,1,1,6,2,27,6,-1,-1,-1,6,1,6
201601BS70395,2,9,0,9,0,8,0,0,0,0,1,1,6,1,33,6,1984,1,1,3,1,3
201601BS70397,1,9,0,18,0,8,0,0,0,0,1,1,6,2,51,8,1997,2,8,5,1,5
201601BS70397,2,8,0,18,0,8,0,0,0,0,1,1,6,1,48,8,1753,2,6,2,1,2
201601BS70398,1,8,0,9,0,8,0,0,0,0,3,1,6,1,34,6,-1,-1,-1,4,1,4
201601BS70398,2,3,0,13,0,8,0,0,0,0,1,1,6,1,29,6,124,1,9,1,1,1
201601BS70399,1,19,0,9,0,8,0,0,0,0,4,1,6,1,32,6,2300,2,11,5,1,5
201601BS70399,2,1,0,18,0,8,0,0,0,0,1,1,6,1,43,7,-1,-1,-1,1,1,1
201601BS70400,1,9,0,18,0,8,0,0,0,0,4,1,6,2,49,8,1796,1,12,3,1,3
201601BS70400,2,1,0,18,0,8,0,0,0,0,3,1,6,1,45,7,-1,-1,-1,3,1,3
201601BS70401,1,5,0,18,0,0,0,0,0,0,1,1,6,1,35,6,1600,1,5,-1,-1,-1
201601BS70402,1,9,0,18,0,8,0,0,0,0,0,1,6,2,46,8,4394,1,10,6,1,6
201601BS70402,2,3,0,4,0,8,0,0,0,0,3,1,6,1,-1,-1,125,1,1,-1,-1,-1
201601BS70403,1,8,0,18,0,8,0,0,0,0,1,1,1,1,26,6,1686,2,2,-1,-1,-1
201601BS70404,1,8,0,18,0,2,0,0,0,0,1,1,6,1,60,9,1997,2,2,4,1,4
201601BS70405,1,3,0,4,0,8,0,0,0,0,3,1,6,1,48,8,-1,-1,-1,2,1,2
201601BS70406,1,9,0,12,0,2,0,0,0,0,3,1,6,1,48,8,1896,2,13,6,1,6
201601BS70406,2,1,0,18,0,2,0,0,0,0,1,1,6,1,20,4,-1,-1,-1,-1,-1,-1
201601BS70407,1,9,0,18,0,1,0,0,0,0,1,1,6,1,40,7,1598,1,10,1,1,1
201601BS70407,2,9,0,18,0,1,0,0,0,0,2,1,6,1,38,7,1995,2,1,7,1,7
201601BS70407,3,9,0,3,0,8,0,0,0,0,2,1,6,2,29,6,1360,1,10,1,1,1
201601BS70408,1,9,0,9,0,8,0,0,0,0,1,1,6,2,28,6,1686,2,3,2,1,2
201601BS70410,1,3,0,15,0,0,1,4,0,0,1,1,6,1,28,6,-1,-1,-1,7,1,7
201601BS70410,2,9,0,2,0,0,0,0,0,0,2,1,6,3,-1,-1,1360,1,14,-1,-1,-1
201601BS70412,1,3,0,3,0,1,0,0,0,0,2,1,1,1,27,6,108,1,2,6,1,6
201601BS70412,2,9,0,18,0,1,0,0,0,0,1,1,6,1,-1,-1,1798,8,3,-1,-1,-1
201601BS70413,1,8,0,18,0,1,0,0,0,0,3,1,6,1,60,9,1798,8,-1,7,1,7
201601BS70414,1,8,0,9,0,8,0,0,0,0,1,1,1,1,49,8,2191,2,1,8,1,8
201601BS70415,1,9,0,9,0,8,0,0,0,0,1,1,6,1,69,10,998,1,2,4,1,4
201601BS70415,2,1,0,18,0,8,0,0,0,0,3,1,6,1,60,9,-1,-1,-1,6,1,6
201601BS70416,1,9,0,18,0,2,0,10,7,2,1,1,6,1,19,4,1995,1,7,5,1,5
201601BS70417,1,1,0,18,0,8,0,0,0,0,3,1,2,1,32,6,-1,-1,-1,3,1,3
201601BS70417,2,19,0,7,0,8,0,0,0,0,4,1,1,1,-1,-1,2800,2,14,-1,-1,-1
201601BS70418,1,1,0,15,0,8,0,0,0,0,1,1,1,1,45,7,-1,-1,-1,6,1,6
201601BS70418,2,9,0,7,0,8,0,0,0,0,4,1,6,1,-1,-1,4163,1,9,-1,-1,-1
201601BS70420,1,4,0,18,0,8,0,0,0,0,1,1,6,1,26,6,250,1,3,2,1,2
201601BS70420,2,9,0,9,0,8,0,0,0,0,1,1,6,1,32,6,1598,1,11,2,1,2
201601BS70421,1,8,0,18,0,8,0,0,0,0,4,1,1,1,35,6,1797,8,6,5,1,5
201601BS70421,2,9,0,18,0,8,0,0,0,0,1,2,6,2,-1,-1,-1,-1,-1,-1,-1,-1
201601BS70422,1,1,0,18,0,0,0,0,0,0,1,1,6,1,65,9,-1,-1,-1,4,1,4
201601BS70423,1,3,0,18,0,8,0,0,0,0,1,1,6,1,22,5,125,1,-1,3,1,3
201601BS70425,1,8,0,6,0,8,0,0,0,0,3,1,6,1,40,7,6752,1,-1,3,1,3
201601BS70425,2,5,0,18,0,8,0,0,0,0,1,1,6,1,44,7,1000,1,8,7,1,7
201601BS70426,1,9,0,1,0,8,0,0,0,0,1,1,6,1,-1,-1,-1,-1,-1,-1,-1,-1
201601BS70429,1,9,0,16,0,8,0,0,0,0,3,1,6,1,38,7,1360,1,12,2,1,2
201601BS70429,2,21,0,9,0,8,0,0,0,0,1,1,6,1,45,7,6871,2,2,-1,-1,-1
201601BS70431,1,3,0,13,0,0,0,0,0,0,1,1,6,1,17,4,-1,-1,-1,1,1,1
201601BS70431,2,9,0,18,0,0,0,0,0,0,1,1,6,1,23,5,1398,1,2,6,1,6
201601BS70432,1,11,0,9,0,8,0,0,0,0,0,1,6,1,60,9,4500,2,1,8,1,8
201601BS70433,1,9,0,12,0,8,0,0,0,0,3,1,6,2,59,9,2926,2,11,-1,-1,-1
201601BS70433,2,3,0,14,0,8,0,0,0,0,4,1,6,1,19,4,125,1,1,2,1,2
201601BS70434,1,9,0,9,0,8,0,0,0,0,3,1,6,1,47,8,1968,2,3,4,1,4
201601BS70434,2,3,0,13,0,8,0,0,0,0,1,1,6,1,22,5,125,1,1,6,1,6
201601BS70435,1,9,0,7,0,8,0,0,0,0,3,1,6,1,36,7,1968,2,6,9,1,9
201601BS70435,2,9,0,18,0,8,0,0,0,0,3,1,6,1,-1,-1,-1,-1,-1,-1,-1,-1
201601BS70436,1,9,0,17,0,8,0,0,0,0,2,1,6,2,38,7,1595,1,4,2,1,2
201601BS70436,2,9,0,18,0,8,0,0,0,0,1,1,6,1,-1,-1,1598,2,-1,-1,-1,-1
201601BS70437,1,3,0,18,0,8,0,0,0,0,1,1,6,1,44,7,124,1,9,9,1,9
201601BS70437,2,19,0,1,0,8,0,0,0,0,1,1,1,1,-1,-1,1560,2,4,-1,-1,-1
201601BS70439,1,3,0,18,0,8,0,0,0,0,1,1,6,1,23,5,124,1,18,8,1,8
201601BS70440,1,9,0,18,0,8,0,0,0,0,1,1,6,1,40,7,1968,2,4,3,1,3
201601BS70441,1,19,0,9,0,8,0,0,0,0,1,1,6,1,41,7,2143,2,5,4,1,4
201601BS70441,2,3,0,14,0,8,0,0,0,0,1,1,6,1,51,8,125,1,9,4,1,4
201601BS70442,1,9,0,7,0,8,0,0,0,0,4,1,6,1,-1,-1,1984,1,10,10,1,10
201601BS70442,2,1,0,18,0,8,0,0,0,0,1,1,6,2,-1,-1,-1,-1,-1,4,1,4
201601BS70443,1,1,0,9,0,8,0,0,0,0,1,1,6,2,30,6,-1,-1,-1,4,1,4
201601BS70443,2,3,0,18,0,8,0,0,0,0,1,1,6,1,-1,-1,599,1,6,-1,-1,-1
201601BS70444,1,9,0,16,0,0,0,0,0,0,1,1,6,1,28,6,1798,1,4,2,1,2
201601BS70444,2,11,0,2,0,0,0,0,0,0,2,1,6,1,37,7,-1,2,15,2,1,2
201601BS70446,1,9,0,18,0,0,0,0,0,0,4,1,6,1,53,8,1984,1,3,10,1,10
201601BS70448,1,3,0,17,0,0,0,0,0,0,2,1,6,1,30,6,108,1,3,5,1,5
201601BS70448,2,9,0,17,0,0,0,0,0,0,1,1,6,3,-1,-1,-1,-1,-1,-1,-1,-1
201601BS70449,1,9,0,18,0,0,0,0,0,0,3,1,6,1,26,6,1968,2,-1,4,1,4
201601BS70449,2,9,0,11,0,0,0,0,0,0,4,1,6,3,-1,-1,-1,-1,-1,-1,-1,-1
201601BS70450,1,9,0,18,0,8,0,0,0,0,4,1,6,1,68,10,-1,-1,-1,1,1,1
201601BS70450,2,1,0,18,0,8,0,0,0,0,1,1,6,1,31,6,-1,-1,-1,2,1,2
201601BS70451,1,8,0,4,0,0,0,0,0,0,2,1,6,1,56,9,2143,2,4,1,1,1
201601BS70451,2,1,0,18,0,0,0,0,0,0,1,1,6,1,27,6,-1,-1,-1,3,1,3
201601BS70452,1,9,0,2,0,0,0,0,0,0,3,1,6,2,-1,-1,1200,1,1,1,1,1
201601BS70452,2,1,0,18,3,0,0,0,0,0,1,1,6,1,32,6,-1,-1,-1,3,1,3
201601BS70453,1,11,0,5,0,8,0,0,0,0,0,1,1,1,46,8,4461,2,3,-1,-1,-1
201601BS70456,1,9,0,3,0,8,0,0,0,0,2,1,1,1,-1,-1,-1,-1,-1,-1,-1,-1
201601BS70456,2,9,0,18,0,8,0,0,0,0,1,1,6,1,64,9,-1,-1,-1,-1,3,-1
201601BS70457,1,3,0,18,0,1,0,0,0,0,3,1,6,1,32,6,498,1,15,5,1,5
201601BS70457,2,9,0,12,0,1,0,0,0,0,0,1,6,1,-1,-1,2993,2,1,-1,-1,-1
201601BS70458,1,3,0,10,0,8,0,0,0,0,1,1,6,1,22,5,125,1,4,4,1,4
201601BS70458,2,9,0,9,0,8,0,0,0,0,3,1,6,3,-1,-1,-1,-1,-1,-1,-1,-1
201601BS70459,1,1,0,18,0,8,0,0,0,0,1,1,6,1,28,6,-1,-1,-1,3,1,3
201601BS70459,2,9,0,18,0,8,0,0,0,0,1,1,6,2,-1,-1,-1,-1,-1,-1,-1,-1
201601BS70460,1,9,0,9,0,8,0,0,0,0,1,1,6,2,65,9,2171,1,14,4,1,4
201601BS70461,1,11,0,4,0,0,0,0,0,0,0,1,6,1,37,7,4500,2,4,8,1,8
201601BS70462,1,90,0,18,0,8,0,0,0,0,3,1,6,2,74,10,-1,-1,-1,1,1,1
201601BS70462,2,3,0,18,0,8,0,0,0,0,1,1,6,1,23,5,124,1,8,3,1,3
201601BS70463,1,9,0,9,0,8,0,0,0,0,1,1,6,1,40,7,2143,2,-1,6,1,6
201601BS70463,2,3,0,18,0,8,0,0,0,0,3,1,6,1,22,5,125,1,-1,3,1,3
201601BS70464,1,1,0,18,0,8,0,0,0,0,4,1,6,1,29,6,-1,-1,-1,1,1,1
201601BS70464,2,8,0,18,0,8,0,0,0,0,1,1,1,1,-1,-1,1956,2,4,6,1,6
201601BS70465,1,1,0,17,0,8,0,0,0,0,2,1,6,1,28,6,-1,-1,-1,6,1,6
201601BS70465,2,19,0,17,0,8,0,0,0,0,1,1,1,1,-1,-1,-1,-1,-1,-1,-1,-1
201601BS70466,1,1,0,18,0,0,0,0,0,0,1,1,6,1,32,6,-1,-1,-1,5,1,5
201601BS70468,1,19,0,2,0,0,0,0,0,0,3,1,6,1,49,8,-1,-1,-1,5,2,5
201601BS70468,2,90,0,18,0,0,0,4,0,0,4,1,1,1,-1,-1,6370,2,9,-1,-1,-1
201601BS70469,1,9,0,7,0,8,0,0,0,0,4,1,6,1,46,8,2979,1,12,2,1,2
201601BS70469,2,1,0,18,0,8,0,0,0,0,1,1,6,2,32,6,-1,-1,-1,4,1,4
201601BS70470,1,3,0,17,0,0,0,0,0,0,1,1,6,1,22,5,125,1,1,-1,-1,-1
201601BS70470,2,8,0,17,0,0,0,0,0,0,2,1,6,1,51,8,1461,2,3,3,1,3
201601BS70471,1,1,0,18,0,8,0,0,0,0,3,1,2,1,28,6,-1,-1,-1,6,1,6
201601BS70471,2,19,0,18,0,1,0,0,0,0,4,1,1,1,-1,-1,-1,-1,-1,-1,-1,-1
201601BS70472,1,9,0,10,0,8,0,0,0,0,2,1,6,1,32,6,2143,2,4,3,1,3
201601BS70472,2,3,0,18,0,8,0,0,0,0,1,1,6,1,16,4,124,1,10,-1,-1,-1
201601BS70474,1,3,0,18,0,0,0,0,0,0,4,1,6,1,-1,-1,-1,-1,-1,-1,-1,-1
201601BS70475,1,1,0,14,0,8,0,8,0,0,1,1,6,1,32,6,-1,-1,-1,6,1,6
201601BS70475,2,9,0,2,0,8,0,0,0,0,3,1,6,1,-1,-1,1339,8,5,-1,-1,-1
201601BS70477,1,19,0,18,0,8,0,0,0,0,1,1,6,1,43,7,1560,2,3,6,1,6
201601BS70477,2,3,0,18,0,8,0,0,0,0,1,1,6,1,19,4,125,1,8,2,1,2
201601BS70478,1,3,0,18,0,0,0,4,0,0,1,1,6,1,24,5,124,1,2,1,1,1
201601BS70478,2,9,0,2,0,0,0,0,0,0,2,1,6,2,57,9,1498,1,9,2,1,2
201601BS70479,1,3,0,7,0,2,0,0,0,0,1,1,6,1,51,8,125,1,5,6,1,6
201601BS70479,2,9,0,6,0,2,0,0,0,0,3,1,6,3,-1,-1,-1,-1,-1,-1,-1,-1
201601BS70480,1,9,0,18,0,0,0,0,0,0,1,1,6,1,-1,-1,1560,2,1,2,1,2
201601BS70480,2,9,0,2,0,0,0,0,0,0,4,1,6,2,-1,-1,2143,2,-1,-1,-1,-1