Accident_Index,Vehicle_Reference,Vehicle_Type,Towing_and_Articulation,Vehicle_Manoeuvre,Vehicle_Location-Restricted_Lane,Junction_Location,Skidding_and_Overturning,Hit_Object_in_Carriageway,Vehicle_Leaving_Carriageway,Hit_Object_off_Carriageway,1st_Point_of_Impact,Was_Vehicle_Left_Hand_Drive?,Journey_Purpose_of_Driver,Sex_of_Driver,Age_of_Driver,Age_Band_of_Driver,Engine_Capacity_(CC),Propulsion_Code,Age_of_Vehicle,Driver_IMD_Decile,Driver_Home_Area_Type,Vehicle_IMD_Decile
201601BS70481,1,9,0,12,0,8,0,0,0,0,3,1,6,1,73,10,2171,1,15,4,1,4
201601BS70481,2,3,0,13,0,8,0,0,0,0,4,1,6,1,25,5,108,1,3,3,1,3
201601BS70483,1,3,0,14,0,8,0,0,0,0,1,1,6,1,41,7,124,1,7,7,1,7
201601BS70483,2,19,0,9,0,8,0,0,0,0,1,1,6,1,-1,-1,1968,2,11,4,1,4
201601BS70484,1,3,0,7,0,8,0,0,0,0,4,1,6,1,-1,-1,125,1,6,6,1,6
201601BS70488,1,8,0,3,0,0,0,0,0,0,2,1,1,1,49,8,2143,12,2,6,1,6
201601BS70488,2,9,0,18,0,0,0,0,0,0,1,1,6,2,-1,-1,1248,2,6,6,1,6
201601BS70489,1,9,0,9,0,8,0,0,0,0,1,1,6,1,-1,-1,1968,2,2,4,1,4
201601BS70489,2,4,0,14,0,8,0,0,0,0,1,1,6,1,66,10,1261,1,4,8,1,8
201601BS70490,1,9,0,16,0,8,0,0,0,0,3,1,6,1,53,8,1781,1,19,2,1,2
201601BS70490,2,9,0,16,0,8,0,0,0,0,4,1,6,1,33,6,1364,1,9,3,1,3
201601BS70491,1,3,0,18,0,8,0,0,0,0,1,1,6,1,38,7,125,1,4,5,1,5
201601BS70491,2,8,0,9,0,8,0,0,0,0,4,1,6,1,56,9,2987,2,5,4,1,4
201601BS70492,1,9,0,9,0,8,0,0,0,0,1,1,6,1,32,6,1984,1,8,5,1,5
201601BS70492,2,5,0,18,0,8,0,0,0,0,3,1,6,1,36,7,803,1,3,8,1,8
201601BS70493,1,9,0,7,0,8,0,0,0,0,4,1,6,1,55,8,2400,2,-1,-1,-1,-1
201601BS70493,2,3,0,18,0,8,0,0,0,0,1,1,6,1,35,6,790,1,11,8,1,8
201601BS70494,1,19,0,7,0,8,0,0,0,0,4,1,1,1,58,9,3920,2,3,2,1,2
201601BS70495,1,8,0,18,0,8,0,0,0,0,1,1,6,1,33,6,1497,8,9,10,1,10
201601BS70495,2,1,0,18,0,8,0,0,0,0,1,1,6,1,47,8,-1,-1,-1,1,1,1
201601BS70496,1,19,0,18,0,8,0,0,0,0,3,1,6,1,32,6,1598,2,1,-1,-1,-1
201601BS70497,1,9,0,18,0,8,0,0,0,0,1,1,6,3,-1,-1,-1,-1,-1,-1,-1,-1
201601BS70498,1,5,0,18,0,2,0,0,0,0,1,1,6,1,23,5,-1,-1,-1,4,1,4
201601BS70498,2,8,0,2,0,2,0,0,0,0,2,1,6,3,-1,-1,1790,8,4,-1,-1,-1
201601BS70499,1,9,0,6,0,0,0,0,0,0,1,1,6,2,48,8,1587,1,9,2,1,2
201601BS70499,2,1,0,18,0,0,0,0,0,0,1,1,6,1,45,7,-1,-1,-1,4,1,4
201601BS70501,1,9,0,18,0,0,0,0,0,0,1,1,6,3,-1,-1,-1,-1,-1,-1,-1,-1
201601BS70501,2,1,0,18,0,0,0,0,0,0,2,1,6,2,25,5,-1,-1,-1,4,1,4
201601BS70502,1,1,0,9,0,8,0,0,0,0,3,1,6,1,18,4,-1,-1,-1,6,1,6
201601BS70502,2,3,0,18,0,8,0,0,0,0,4,1,6,3,-1,-1,-1,-1,-1,-1,-1,-1
201601BS70503,1,1,0,14,0,0,0,0,0,0,3,1,6,1,52,8,-1,-1,-1,5,1,5
201601BS70503,2,21,0,13,0,0,0,0,0,0,4,1,6,1,54,8,4500,2,1,9,1,9
201601BS70504,1,9,0,18,0,8,0,0,0,0,1,1,6,3,-1,-1,-1,-1,-1,-1,-1,-1
201601BS70505,1,5,0,18,0,8,0,0,0,0,1,1,6,1,32,6,599,1,7,5,1,5
201601BS70505,2,1,0,18,0,8,0,0,0,0,2,1,6,1,30,6,-1,-1,-1,4,1,4
201601BS70507,1,9,0,9,0,8,0,0,0,0,3,1,6,1,51,8,3456,8,5,3,1,3
201601BS70507,2,4,0,13,0,8,0,0,0,0,0,1,6,1,29,6,125,1,-1,7,1,7
201601BS70508,1,19,0,6,0,8,0,0,0,0,2,1,1,1,57,9,2198,2,-1,10,1,10
201601BS70508,2,5,0,18,0,8,0,0,0,0,1,1,6,1,35,6,599,1,13,4,1,4
201601BS70510,1,19,0,18,0,8,0,0,0,0,1,1,1,1,24,5,1461,2,3,4,1,4
201601BS70510,2,3,0,15,0,8,0,0,0,0,3,1,6,1,33,6,108,1,3,4,1,4
201601BS70512,1,1,0,18,0,8,0,8,0,0,1,1,6,1,24,5,-1,-1,-1,-1,-1,-1
201601BS70512,2,8,0,2,0,8,0,0,0,0,4,1,1,1,-1,-1,2143,2,5,-1,-1,-1
201601BS70513,1,9,0,12,0,1,0,0,0,0,3,1,6,2,29,6,1596,1,11,5,1,5
201601BS70513,2,5,0,18,0,8,0,0,0,0,1,1,6,1,31,6,471,1,1,4,1,4
201601BS70514,1,8,0,6,0,8,0,0,0,0,3,1,1,1,27,6,1798,8,-1,6,1,6
201601BS70514,2,8,0,18,0,8,0,0,0,0,1,1,6,1,53,8,1598,1,8,5,1,5
201601BS70516,1,11,0,9,0,8,0,0,0,0,1,1,1,1,66,10,8900,2,4,8,1,8
201601BS70517,1,9,0,18,0,8,0,0,0,0,2,1,6,1,46,8,1368,1,-1,-1,-1,-1
201601BS70517,2,9,0,18,0,8,0,0,0,0,1,1,6,1,-1,-1,-1,-1,-1,-1,-1,-1
201601BS70518,1,19,0,18,0,8,0,0,0,0,4,1,1,1,-1,-1,1995,2,-1,-1,-1,-1
201601BS70518,2,8,0,2,0,8,0,0,0,0,3,1,1,1,63,9,1896,2,8,4,1,4
201601BS70519,1,1,0,18,0,8,0,0,0,0,1,1,6,1,33,6,-1,-1,-1,3,1,3
201601BS70521,1,5,0,18,0,8,0,0,0,0,1,1,6,1,32,6,-1,-1,-1,4,1,4
201601BS70522,1,9,0,9,0,8,0,0,0,0,1,1,6,1,58,9,3498,8,3,7,1,7
201601BS70522,2,3,0,18,0,8,0,0,0,0,1,1,6,1,26,6,124,1,13,-1,-1,-1
201601BS70523,1,8,0,4,0,1,0,0,0,0,2,1,1,1,35,6,1997,2,4,2,1,2
201601BS70523,2,9,0,18,0,1,0,0,0,0,1,1,6,2,23,5,1229,1,3,5,1,5
201601BS70524,1,5,0,4,0,8,0,0,0,0,3,1,6,1,28,6,600,1,4,4,1,4
201601BS70526,1,3,0,18,0,8,0,0,0,0,1,1,6,1,25,5,124,1,1,2,1,2
201601BS70526,2,9,0,9,0,8,0,0,0,0,1,1,6,3,-1,-1,-1,-1,-1,-1,-1,-1
201601BS70527,1,3,0,18,0,8,0,0,0,0,1,1,6,1,38,7,102,1,9,1,1,1
201601BS70528,1,9,0,18,0,8,0,0,0,0,1,1,6,2,-1,-1,1560,2,-1,5,1,5
201601BS70528,2,8,0,3,0,8,0,0,0,0,2,1,1,1,50,8,1997,2,5,1,1,1
201601BS70529,1,9,0,9,0,8,0,0,0,0,1,1,2,2,54,8,-1,-1,-1,2,1,2
201601BS70529,2,1,0,18,0,8,0,0,0,0,1,1,6,1,24,5,-1,-1,-1,1,1,1
201601BS70530,1,8,0,9,0,8,0,0,0,0,1,1,6,1,49,8,2143,2,2,1,1,1
201601BS70530,2,5,0,9,0,8,0,0,0,0,2,1,6,1,56,9,1050,1,5,10,1,10
201601BS70531,1,9,0,18,0,1,0,0,0,0,1,1,6,1,28,6,1984,1,1,3,1,3
201601BS70531,2,8,0,3,0,8,0,0,0,0,2,1,1,1,58,9,2993,2,3,5,1,5
201601BS70532,1,9,0,16,0,8,0,0,0,0,1,1,6,1,27,6,1598,1,9,2,1,2
201601BS70533,1,11,0,18,0,0,0,0,0,0,1,1,1,1,46,8,5883,2,14,2,1,2
201601BS70534,1,8,0,9,0,8,0,0,0,0,2,1,6,1,36,7,1997,2,3,4,1,4
201601BS70534,2,5,0,4,0,8,0,0,0,0,1,1,6,1,27,6,675,1,9,3,1,3
201601BS70535,1,9,0,18,0,8,0,0,0,0,4,1,6,1,25,5,2993,2,1,-1,1,-1
201601BS70535,2,3,0,18,0,8,0,0,0,0,3,1,6,1,38,7,-1,-1,-1,10,1,10
201601BS70537,1,3,0,9,0,8,0,0,0,0,0,1,6,1,38,7,109,1,4,7,1,7
201601BS70537,2,9,0,9,0,8,0,0,0,0,0,1,6,1,64,9,2685,2,11,5,1,5
201601BS70538,1,9,0,9,0,1,0,0,0,0,1,1,6,1,44,7,1797,8,5,2,1,2
201601BS70539,1,5,0,3,0,8,0,0,0,0,1,1,6,1,46,8,847,1,1,7,1,7
201601BS70539,2,9,0,18,0,8,0,0,0,0,3,1,6,2,43,7,1796,1,8,5,1,5
201601BS70540,1,9,0,18,0,8,0,0,0,0,1,1,6,1,34,6,2993,2,1,10,1,10
201601BS70540,2,1,0,18,0,8,0,0,0,0,1,1,6,1,24,5,-1,-1,-1,6,1,6
201601BS70543,1,9,0,18,0,0,0,0,0,0,1,1,6,1,71,10,1198,1,2,5,1,5
201601BS70543,2,9,0,18,0,0,0,4,0,0,1,1,6,1,28,6,-1,-1,-1,3,1,3
201601BS70543,3,9,0,2,0,0,0,0,0,0,4,1,6,1,-1,-1,2995,1,12,4,1,4
201601BS70543,4,9,0,2,0,0,0,0,0,0,4,1,6,2,-1,-1,1587,1,14,4,1,4
201601BS70544,1,9,0,17,0,0,0,0,0,0,2,1,6,2,35,6,1598,1,9,2,1,2
201601BS70544,2,9,0,17,0,0,0,0,0,0,1,1,6,2,-1,-1,1896,2,11,-1,-1,-1
201601BS70545,1,11,0,2,0,0,0,0,0,0,0,1,6,1,49,8,4500,2,6,8,1,8
201601BS70546,1,9,0,18,0,0,0,0,0,0,1,1,6,1,-1,-1,1499,8,2,3,1,3
201601BS70546,2,90,0,18,0,0,0,0,0,0,1,1,6,2,79,11,-1,-1,-1,3,1,3
201601BS70547,1,9,0,5,0,8,0,0,0,0,2,1,1,1,54,8,-1,-1,-1,4,1,4
201601BS70547,2,9,0,5,0,8,0,0,0,0,1,1,6,1,-1,-1,-1,-1,-1,7,1,7
201601BS70548,1,9,0,9,0,8,0,0,0,0,1,1,1,1,27,6,1598,2,1,2,1,2
201601BS70548,2,1,0,18,0,8,0,0,0,0,1,1,3,1,28,6,-1,-1,-1,3,1,3
201601BS70549,1,1,0,18,0,8,0,0,0,0,3,1,6,1,42,7,-1,-1,-1,1,1,1
201601BS70549,2,11,0,18,0,8,0,0,0,0,4,1,1,3,-1,-1,-1,-1,-1,-1,-1,-1
201601BS70559,1,11,0,4,0,8,0,0,0,0,0,1,1,1,51,8,4760,2,4,3,1,3
201601BS70563,1,8,0,18,0,8,0,0,0,0,2,1,1,1,-1,-1,1798,8,1,3,1,3
201601BS70563,2,11,0,18,0,8,0,0,0,0,1,1,1,3,-1,-1,-1,-1,-1,-1,-1,-1
201601BS70573,1,9,0,15,0,8,0,0,0,0,1,1,6,1,-1,-1,1242,1,10,-1,-1,-1
201601BS70576,1,9,0,9,0,8,0,0,0,0,1,1,6,2,-1,-1,1390,1,7,-1,-1,-1
201601BS70590,1,19,0,18,0,8,0,0,0,0,1,1,6,1,-1,-1,2402,2,5,-1,-1,-1
201601CW10001,1,9,0,18,0,8,0,0,0,0,1,1,6,3,-1,-1,1997,2,2,-1,-1,-1
201601CW10002,1,8,0,18,0,8,0,0,0,0,3,1,1,1,36,7,1968,2,2,6,1,6
201601CW10002,2,1,0,18,0,8,0,0,0,0,1,1,6,1,36,7,-1,-1,-1,-1,-1,-1
201601CW10008,1,11,0,4,0,8,0,0,0,0,0,1,1,1,61,9,4500,2,1,2,1,2
201601CW10009,1,8,0,18,0,1,0,10,1,10,1,1,1,1,43,7,2664,2,15,3,1,3
201601CW10010,1,9,0,9,0,8,0,0,0,0,3,1,6,1,25,5,2148,2,13,6,1,6
201601CW10010,2,3,0,18,0,8,0,0,0,0,1,1,6,1,30,6,124,1,1,1,1,1
201601CW10011,1,9,0,18,0,8,0,0,0,0,4,1,1,1,60,9,-1,-1,-1,2,1,2
201601CW10012,1,8,0,18,0,8,0,0,0,0,1,1,6,1,54,8,2499,2,8,4,1,4
201601CW10013,1,3,0,18,0,8,0,0,0,0,1,1,6,1,27,6,124,1,1,3,1,3
201601CW10014,1,8,0,9,0,8,0,0,0,0,4,1,1,1,-1,-1,2499,2,6,-1,-1,-1
201601CW10014,2,1,0,18,0,8,0,0,0,0,1,1,6,2,-1,-1,-1,-1,-1,-1,-1,-1
201601CW10016,1,11,0,4,0,8,0,0,0,0,1,1,1,1,31,6,4500,2,1,5,1,5
201601CW10017,1,8,0,6,0,0,0,0,0,0,3,1,1,1,34,6,1997,2,1,2,1,2
201601CW10017,2,1,0,18,0,0,0,0,0,0,1,1,6,1,36,7,-1,-1,-1,2,1,2
201601CW10018,1,1,0,18,0,8,0,0,0,0,3,1,2,1,36,7,-1,-1,-1,1,1,1
201601CW10018,2,20,0,18,0,8,0,0,0,0,4,1,6,1,-1,-1,-1,-1,-1,-1,-1,-1
201601CW10019,1,8,0,18,0,8,0,0,0,0,1,1,1,1,75,10,2664,2,16,6,3,6
201601CW10019,2,3,0,18,0,8,0,0,0,0,1,1,6,1,35,6,125,1,1,-1,-1,-1
201601CW10021,1,9,0,9,0,8,0,0,0,0,1,1,6,2,31,6,1781,1,14,5,1,5
201601CW10022,1,19,0,14,0,8,0,0,0,0,3,1,6,1,36,7,2143,2,1,2,1,2
201601CW10022,2,5,0,18,0,8,0,0,0,0,1,1,6,1,57,9,-1,-1,-1,7,1,7
201601CW10023,1,11,0,18,0,0,0,0,0,0,0,1,1,1,35,6,9360,2,4,2,1,2
201601CW10024,1,8,0,18,0,8,0,0,0,0,1,1,1,1,45,7,1798,8,1,1,1,1
201601CW10025,1,11,0,18,0,8,0,0,0,0,1,1,1,1,26,6,4500,2,7,1,1,1
201601CW10025,2,9,0,1,0,8,0,0,0,0,2,1,6,1,44,7,2204,2,10,9,1,9
201601CW10026,1,9,0,18,0,8,0,10,3,10,1,1,6,2,36,7,1397,1,12,4,1,4
201601CW10027,1,19,0,16,0,8,0,0,0,0,1,1,6,1,54,8,-1,-1,-1,3,1,3
201601CW10027,2,3,0,16,0,2,0,0,0,0,2,1,6,2,23,5,124,1,8,4,1,4
201601CW10028,1,9,0,9,0,8,0,0,0,0,3,1,6,1,36,7,2993,2,7,9,1,9
201601CW10028,2,1,0,18,0,8,0,0,0,0,1,1,6,2,53,8,-1,-1,-1,1,1,1
201601CW10029,1,11,0,18,0,0,0,0,0,0,1,1,1,1,65,9,-1,-1,-1,10,1,10
201601CW10030,1,9,0,2,0,8,0,0,0,0,0,1,6,1,27,6,1968,2,1,3,1,3
201601CW10030,2,9,0,18,0,8,0,0,0,0,4,1,6,1,-1,-1,-1,-1,-1,-1,-1,-1
201601CW10031,1,3,0,16,0,8,0,0,0,0,4,1,1,1,38,7,108,1,1,8,1,8
201601CW10032,1,3,0,17,0,1,0,0,0,0,4,1,6,1,41,7,124,1,6,9,1,9
201601CW10032,2,21,0,17,0,1,0,0,0,0,3,2,1,1,-1,-1,-1,-1,-1,-1,-1,-1
201601CW10035,1,8,0,18,0,8,0,0,0,0,4,1,1,1,60,9,2499,2,6,5,1,5
201601CW10035,2,1,0,9,0,8,0,0,0,0,4,1,6,2,32,6,-1,-1,-1,3,1,3
201601CW10036,1,1,0,18,0,8,0,0,0,0,1,1,6,1,-1,-1,-1,-1,-1,-1,-1,-1
201601CW10037,1,1,0,18,0,8,0,0,0,0,1,1,6,1,-1,-1,-1,-1,-1,-1,-1,-1
201601CW10037,2,8,0,2,0,8,0,0,0,0,3,1,1,1,30,6,1797,8,5,2,1,2
201601CW10038,1,1,0,18,0,8,0,0,0,0,1,1,2,1,26,6,-1,-1,-1,8,3,8
201601CW10038,2,9,0,7,0,8,0,0,0,0,4,1,6,1,-1,-1,1988,1,12,8,3,8
201601CW10039,1,9,0,9,0,8,0,0,0,0,1,1,6,1,-1,-1,-1,-1,-1,-1,-1,-1
201601CW10041,1,3,0,18,0,8,0,0,0,0,4,1,6,1,49,8,125,1,3,4,1,4
201601CW10041,2,9,0,18,0,8,0,0,0,0,1,1,6,1,29,6,2143,2,1,2,1,2
201601CW10042,1,9,0,18,0,8,0,10,1,2,1,1,6,2,83,11,1796,1,6,9,1,9
201601CW10043,1,9,0,9,0,8,0,0,0,0,4,2,6,1,27,6,-1,-1,-1,7,1,7
201601CW10043,2,2,0,18,0,8,0,0,0,0,1,1,6,1,27,6,50,1,2,7,1,7
201601CW10044,1,9,0,9,0,8,0,0,0,0,4,1,1,1,33,6,-1,-1,-1,1,1,1
201601CW10044,2,1,0,18,0,8,0,0,0,0,1,1,6,1,33,6,-1,-1,-1,-1,-1,-1
201601CW10045,1,9,0,13,0,1,0,0,0,0,4,1,6,1,20,4,1995,2,1,2,1,2
201601CW10045,2,1,0,18,0,1,0,0,0,0,3,1,6,2,25,5,-1,-1,-1,4,2,4
201601CW10046,1,8,0,9,0,8,0,0,0,0,1,1,6,1,40,7,1598,2,5,10,2,10
201601CW10047,1,19,0,9,0,8,0,0,0,0,1,1,1,1,29,6,1598,2,2,5,1,5
201601CW10047,2,3,0,18,0,8,0,0,0,0,1,1,6,1,21,5,108,1,7,2,1,2
201601CW10048,1,9,0,9,0,8,0,0,0,0,1,1,6,2,41,7,2926,2,13,7,3,7
201601CW10049,1,9,0,18,0,1,0,0,0,0,1,1,6,2,42,7,1242,1,1,4,1,4
201601CW10050,1,5,0,18,0,0,0,0,0,0,1,1,6,1,36,7,670,1,4,2,1,2
201601CW10051,1,8,0,4,0,0,0,0,0,0,1,1,6,1,24,5,1339,8,6,1,1,1
201601CW10051,2,9,0,1,0,0,0,0,0,0,2,1,6,1,-1,-1,3902,1,-1,-1,-1,-1
201601CW10052,1,8,0,17,0,8,0,0,0,0,1,1,6,1,48,8,2402,2,11,2,1,2
201601CW10053,1,9,0,9,0,8,0,0,0,0,1,1,6,3,-1,-1,2494,1,12,-1,-1,-1
201601CW10053,2,1,0,7,0,8,0,0,0,0,3,1,6,1,44,7,-1,-1,-1,-1,-1,-1
201601CW10054,1,8,0,18,0,0,0,0,0,0,0,1,1,1,61,9,2143,2,5,3,1,3
201601CW10054,2,8,0,2,0,0,0,0,0,0,4,1,1,1,32,6,2143,2,5,9,1,9
201601CW10055,1,9,0,7,0,8,0,0,0,0,4,1,6,1,34,6,-1,-1,-1,1,1,1
201601CW10055,2,3,0,18,0,8,0,0,0,0,1,1,6,1,41,7,125,1,4,2,1,2
201601CW10058,1,8,0,6,0,0,0,0,0,0,3,1,1,1,-1,-1,2499,2,5,-1,-1,-1
201601CW10058,2,1,0,18,0,0,0,0,0,0,1,1,1,1,20,4,-1,-1,-1,3,1,3
201601CW10059,1,5,0,14,0,0,0,0,0,0,1,1,1,1,-1,-1,-1,-1,-1,-1,-1,-1
201601CW10059,2,9,0,6,0,0,0,0,0,0,3,1,6,1,30,6,1995,1,15,7,1,7
201601CW10060,1,8,0,9,0,8,0,0,0,0,1,1,6,1,45,7,1797,8,6,1,1,1
201601CW10061,1,19,0,18,0,8,0,0,0,0,1,1,6,1,40,7,2198,2,4,2,1,2
201601CW10061,2,8,0,18,0,8,0,0,0,0,1,1,6,1,75,10,1242,1,6,2,1,2
201601CW10062,1,19,0,7,0,8,0,0,0,0,4,1,1,3,-1,-1,1896,2,7,-1,-1,-1
201601CW10062,2,1,0,18,0,8,0,0,0,0,1,1,6,1,27,6,-1,-1,-1,2,1,2
201601CW10064,1,19,0,1,0,8,0,0,0,0,2,1,1,1,27,6,2402,2,6,1,1,1
201601CW10064,2,3,0,18,0,8,0,0,0,0,1,1,6,1,23,5,125,1,2,1,1,1
201601CW10065,1,1,0,18,0,8,0,0,0,0,4,1,6,1,38,7,-1,-1,-1,9,1,9
201601CW10065,2,9,0,16,0,8,0,0,0,0,1,1,6,1,-1,-1,1598,1,4,6,1,6
201601CW10066,1,8,0,4,0,1,0,0,0,0,4,1,1,1,65,9,2402,2,11,8,1,8
201601CW10066,2,1,0,18,0,8,0,0,0,0,1,1,6,2,37,7,-1,-1,-1,4,1,4
201601CW10067,1,9,0,18,0,8,0,0,0,0,1,1,6,3,-1,-1,-1,-1,-1,-1,-1,-1
201601CW10068,1,8,0,18,0,0,0,0,0,0,1,1,6,1,46,8,2143,2,5,10,1,10
201601CW10070,1,3,0,16,0,8,0,0,0,0,1,1,6,1,29,6,-1,-1,-1,3,1,3
201601CW10070,2,1,0,9,0,8,0,0,0,0,1,1,6,1,56,9,-1,-1,-1,3,1,3
201601CW10071,1,3,0,9,0,8,0,0,0,0,4,1,6,2,20,4,125,1,1,3,1,3
201601CW10071,2,8,0,9,0,8,0,0,0,0,3,1,6,1,44,7,2402,2,11,1,1,1
201601CW10073,1,3,0,7,0,8,0,0,0,0,1,1,6,1,21,5,124,1,8,6,1,6
201601CW10073,2,9,0,7,0,8,0,0,0,0,4,1,1,1,-1,-1,-1,-1,-1,-1,-1,-1
201601CW10074,1,19,0,18,0,8,0,0,0,0,4,1,6,1,58,9,1560,2,2,2,1,2
201601CW10074,2,8,0,18,0,8,0,0,0,0,1,1,6,1,50,8,1798,8,1,4,1,4
201601CW10075,1,8,0,1,0,8,0,0,0,0,2,1,6,1,23,5,-1,-1,-1,3,1,3
201601CW10076,1,8,0,18,0,8,0,0,0,0,1,1,1,1,-1,-1,2499,2,9,-1,-1,-1
201601CW10078,1,9,0,18,0,0,0,0,0,0,4,1,6,1,43,7,4999,1,2,3,1,3
201601CW10079,1,3,0,18,0,8,0,0,0,0,1,1,6,1,29,6,124,1,4,3,1,3
201601CW10080,1,3,0,7,0,8,0,0,0,0,4,1,1,1,41,7,108,1,1,2,1,2
201601CW10080,2,8,0,7,0,8,0,0,0,0,0,1,1,1,-1,-1,-1,-1,-1,-1,-1,-1
201601CW10081,1,1,0,18,0,8,0,0,0,0,1,1,6,1,25,5,-1,-1,-1,6,1,6
201601CW10082,1,11,0,16,0,8,0,0,0,0,1,1,1,1,55,8,4500,2,6,3,1,3
201601CW10084,1,9,0,2,0,0,0,0,0,0,2,1,2,1,40,7,1968,2,7,1,1,1
201601CW10084,2,9,0,17,0,0,0,0,0,0,1,1,6,2,33,6,-1,-1,-1,7,1,7
201601CW10085,1,9,0,18,0,8,0,10,3,10,1,1,6,1,79,11,2979,1,12,8,1,8
201601CW10086,1,9,0,17,0,8,0,0,0,0,4,1,6,2,-1,-1,-1,-1,-1,-1,-1,-1
201601CW10086,2,1,0,18,0,8,0,0,0,0,1,1,6,1,8,2,-1,-1,-1,1,1,1
201601CW10087,1,3,0,18,0,8,0,0,0,0,1,1,6,1,39,7,125,1,6,6,1,6
201601CW10087,2,9,0,9,0,8,0,0,0,0,3,1,6,1,37,7,1850,1,16,1,1,1
201601CW10088,1,1,0,18,0,8,0,0,0,0,1,1,6,1,41,7,-1,-1,-1,3,1,3
201601CW10089,1,9,0,6,0,1,0,0,0,0,3,1,6,2,24,5,1461,2,1,1,1,1
201601CW10089,2,3,0,18,0,1,0,0,0,0,1,1,6,1,20,4,109,1,2,5,1,5
201601CW10090,1,8,0,18,0,8,0,0,0,0,4,1,6,1,51,8,2402,2,10,5,1,5
201601CW10091,1,8,0,4,0,0,0,0,0,0,2,1,1,1,58,9,1968,2,1,5,1,5
201601CW10091,2,21,0,18,0,0,0,4,0,0,1,1,1,1,50,8,6374,2,3,3,1,3
201601CW10092,1,9,0,18,0,8,0,0,0,0,1,1,6,2,56,9,1598,1,5,2,1,2
201601CW10092,2,1,0,18,0,8,0,0,0,0,1,1,6,1,33,6,-1,-1,-1,2,1,2
201601CW10093,1,8,0,9,0,8,0,0,0,0,1,1,6,1,65,9,2143,2,3,6,1,6
201601CW10094,1,9,0,18,0,8,0,0,0,0,1,1,6,2,-1,-1,-1,-1,-1,-1,-1,-1
201601CW10095,1,3,0,17,0,0,0,0,0,0,1,1,6,1,20,4,-1,-1,-1,3,1,3
201601CW10095,2,9,0,14,0,0,0,0,0,0,4,1,6,1,-1,-1,-1,-1,-1,-1,-1,-1
201601CW10096,1,9,0,10,0,8,0,0,0,0,2,1,6,2,47,8,1796,1,5,-1,-1,-1
201601CW10096,2,9,0,18,0,8,0,0,0,0,1,1,6,1,-1,-1,2143,2,4,-1,-1,-1
201601CW10097,1,8,0,18,0,0,0,0,0,0,1,1,6,1,59,9,2143,2,2,2,1,2
201601CW10098,1,9,0,18,0,8,0,0,0,0,4,1,6,1,34,6,-1,-1,-1,10,1,10
201601CW10098,2,19,0,18,0,8,0,0,0,0,1,1,6,1,56,9,2299,2,1,1,1,1
201601CW10099,1,8,0,6,0,8,0,0,0,0,4,1,6,1,41,7,2143,2,2,3,1,3
201601CW10099,2,3,0,9,0,8,0,0,0,0,1,1,6,1,42,7,124,1,6,2,1,2
201601CW10100,1,5,0,18,0,8,0,0,0,0,3,1,6,1,32,6,659,1,9,5,1,5
201601CW10100,2,9,0,9,0,8,0,0,0,0,1,1,6,1,25,5,1582,2,1,1,1,1
201601CW10101,1,11,0,18,0,0,0,0,0,0,4,1,6,1,50,8,4461,2,2,4,1,4
201601CW10101,2,1,0,15,0,0,0,0,0,0,3,1,6,1,47,8,-1,-1,-1,3,1,3
201601CW10103,1,9,0,7,0,8,0,0,0,0,4,1,6,3,-1,-1,-1,-1,-1,-1,-1,-1
201601CW10104,1,9,0,9,0,8,0,0,0,0,4,1,6,1,48,8,2143,2,3,3,1,3
201601CW10104,2,1,0,18,0,8,0,0,0,0,1,1,6,1,32,6,-1,-1,-1,7,1,7
201601CW10105,1,9,0,4,0,8,0,0,0,0,2,1,6,2,22,5,998,1,11,9,2,9
201601CW10105,2,9,0,18,0,8,0,0,0,0,1,1,6,1,-1,-1,3498,1,8,8,3,8
201601CW10106,1,5,0,4,0,8,0,0,0,0,1,1,6,1,28,6,599,1,5,-1,-1,-1
201601CW10106,2,11,0,2,0,8,0,0,0,0,3,1,1,1,51,8,4461,2,3,2,1,2
201601CW10106,3,9,0,11,0,8,0,0,0,0,0,1,6,3,-1,-1,1995,2,-1,-1,-1,-1
201601CW10107,1,4,0,18,0,1,0,0,0,0,3,1,2,1,56,9,599,1,6,4,1,4
201601CW10107,2,8,0,11,0,1,0,0,0,0,4,1,1,1,-1,-1,1798,8,1,-1,-1,-1
201601CW10108,1,11,0,18,0,8,0,0,0,0,1,1,1,1,57,9,4500,2,1,3,1,3
201601CW10108,2,19,0,3,0,8,0,0,0,0,2,1,1,1,-1,-1,-1,-1,-1,-1,-1,-1
201601CW10108,3,8,0,3,0,8,0,0,0,0,4,1,1,1,41,7,2499,2,9,8,1,8
201601CW10108,4,9,0,3,0,8,0,0,0,0,3,1,6,1,46,8,2987,2,7,10,3,10
201601CW10108,5,19,0,18,0,8,0,0,0,0,1,1,1,1,28,6,1598,2,1,10,1,10
201601CW10109,1,8,0,18,0,8,0,0,0,0,1,1,6,1,56,9,-1,-1,-1,2,1,2
201601CW10109,2,9,0,9,0,8,0,0,0,0,3,1,6,1,28,6,2286,1,51,5,1,5
201601CW10110,1,9,0,18,0,0,0,0,0,0,3,1,6,1,25,5,1796,1,6,3,1,3
201601CW10110,2,21,0,18,0,0,0,0,0,0,4,1,1,1,32,6,9200,2,6,-1,-1,-1
201601CW10111,1,9,0,2,0,0,0,0,0,0,3,1,6,1,22,5,-1,-1,-1,2,1,2
201601CW10111,2,9,0,18,0,0,0,4,0,0,1,1,6,1,-1,-1,1587,1,10,2,1,2
201601CW10113,1,8,0,18,0,8,0,0,0,0,1,1,6,1,44,7,1968,2,3,3,1,3
201601CW10114,1,9,0,18,0,0,0,4,7,10,1,1,6,2,55,8,1390,1,5,5,1,5
201601CW10114,2,9,0,2,0,0,0,0,0,0,2,1,6,1,-1,-1,-1,-1,-1,8,1,8
201601CW10114,3,8,0,2,0,0,0,0,0,0,4,1,6,1,69,10,2664,2,15,7,1,7
201601CW10115,1,9,0,9,0,8,0,0,0,0,1,1,6,1,28,6,2143,2,2,6,1,6