Accident_Index,Vehicle_Reference,Vehicle_Type,Towing_and_Articulation,Vehicle_Manoeuvre,Vehicle_Location-Restricted_Lane,Junction_Location,Skidding_and_Overturning,Hit_Object_in_Carriageway,Vehicle_Leaving_Carriageway,Hit_Object_off_Carriageway,1st_Point_of_Impact,Was_Vehicle_Left_Hand_Drive?,Journey_Purpose_of_Driver,Sex_of_Driver,Age_of_Driver,Age_Band_of_Driver,Engine_Capacity_(CC),Propulsion_Code,Age_of_Vehicle,Driver_IMD_Decile,Driver_Home_Area_Type,Vehicle_IMD_Decile
201601CW10308,1,8,0,18,0,8,0,0,0,0,3,1,1,1,65,9,2664,2,14,10,1,10
201601CW10308,2,11,0,18,0,8,0,0,0,0,1,1,1,1,48,8,-1,-1,-1,4,1,4
201601CW10309,1,1,0,18,0,1,0,0,0,0,3,1,6,1,28,6,-1,-1,-1,3,1,3
201601CW10309,2,21,0,7,0,8,0,0,0,0,4,1,1,1,-1,-1,3920,2,10,2,1,2
201601CW10310,1,9,0,5,0,8,0,0,0,0,3,1,6,1,48,8,-1,-1,-1,7,1,7
201601CW10312,1,1,0,18,0,8,0,0,0,0,3,1,6,1,25,5,-1,-1,-1,7,1,7
201601CW10312,2,9,0,7,0,8,0,0,0,0,4,1,6,1,-1,-1,1968,2,5,3,1,3
201601CW10313,1,1,0,18,0,8,0,0,0,0,4,1,6,1,32,6,-1,-1,-1,7,1,7
201601CW10313,2,9,0,12,0,8,0,0,0,0,1,1,6,1,-1,-1,1997,2,2,-1,-1,-1
201601CW10314,1,8,0,9,0,8,0,0,0,0,1,1,6,1,58,9,1997,2,5,5,1,5
201601CW10314,2,9,0,18,0,8,0,0,0,0,3,1,6,1,32,6,-1,-1,-1,5,1,5
201601CW10315,1,8,0,18,0,8,0,0,0,0,1,1,1,1,57,9,2198,1,8,2,1,2
201601CW10315,2,3,0,18,0,8,0,0,0,0,1,1,6,1,30,6,125,1,5,4,1,4
201601CW10316,1,9,0,17,0,8,0,0,0,0,4,1,6,1,22,5,1598,1,11,6,1,6
201601CW10316,2,11,0,17,0,8,0,0,0,0,3,1,6,1,33,6,9291,2,1,3,1,3
201601CW10317,1,9,0,10,0,8,0,0,0,0,1,1,6,1,51,8,2362,7,13,4,1,4
201601CW10317,2,9,0,18,0,8,0,0,0,0,1,1,6,2,-1,-1,875,1,2,10,1,10
201601CW10318,1,9,0,9,0,8,0,0,0,0,1,1,6,1,37,7,-1,-1,-1,2,1,2
201601CW10318,2,9,0,18,0,8,0,0,0,0,4,1,6,1,38,7,-1,-1,-1,5,1,5
201601CW10319,1,5,0,5,0,8,0,0,0,0,1,1,6,1,49,8,650,1,-1,6,1,6
201601CW10319,2,19,4,5,0,8,0,0,0,0,2,1,1,1,-1,-1,2198,2,1,-1,-1,-1
201601CW10319,3,9,0,5,0,8,0,0,0,0,3,1,6,3,-1,-1,1956,2,4,-1,-1,-1
201601CW10320,1,5,0,10,0,8,0,0,0,0,2,1,6,1,53,8,865,1,4,9,1,9
201601CW10320,2,8,0,17,0,8,0,0,0,0,1,1,6,1,62,9,1797,8,4,5,1,5
201601CW10321,1,9,0,18,0,8,0,0,0,0,1,1,6,1,52,8,2143,2,3,1,1,1
201601CW10321,2,3,0,18,0,8,0,0,0,0,1,1,6,1,25,5,124,1,3,2,1,2
201601CW10322,1,3,0,7,0,8,0,0,0,0,1,1,6,1,37,7,125,1,3,2,1,2
201601CW10322,2,9,0,7,0,8,0,0,0,0,2,1,6,2,39,7,1995,2,-1,4,1,4
201601CW10323,1,19,0,18,0,0,0,4,0,0,1,1,6,1,41,7,2402,2,12,3,1,3
201601CW10323,2,9,0,2,0,0,0,0,0,0,2,1,6,3,-1,-1,2143,2,3,-1,-1,-1
201601CW10324,1,1,0,17,0,8,0,0,0,0,1,1,6,1,43,7,-1,-1,-1,8,1,8
201601CW10324,2,9,0,9,0,8,0,0,0,0,1,1,6,3,-1,-1,1796,1,8,-1,-1,-1
201601CW10325,1,8,0,18,0,0,0,0,0,0,1,1,6,1,29,6,1797,8,6,4,1,4
201601CW10326,1,1,0,18,0,0,0,0,0,0,1,1,6,1,29,6,-1,-1,-1,2,1,2
201601CW10326,2,1,0,12,0,0,0,0,0,0,1,1,6,1,-1,-1,-1,-1,-1,-1,-1,-1
201601CW10327,1,3,0,18,0,0,0,0,0,0,3,1,6,1,26,6,125,1,6,1,1,1
201601CW10327,2,9,0,6,0,0,0,0,0,0,1,1,6,1,45,7,1390,1,14,3,1,3
201601CW10328,1,9,0,9,0,8,0,0,0,0,1,1,6,1,35,6,1198,1,4,2,1,2
201601CW10328,2,3,0,18,0,8,0,0,0,0,1,1,6,1,27,6,108,1,3,1,1,1
201601CW10329,1,9,0,17,0,8,0,0,0,0,3,1,1,1,-1,-1,-1,-1,-1,-1,-1,-1
201601CW10329,2,3,0,17,0,1,0,0,0,0,4,1,6,1,16,4,-1,-1,-1,2,1,2
201601CW10330,1,9,0,18,0,8,0,0,0,0,1,1,6,1,44,7,1339,8,8,2,1,2
201601CW10331,1,8,0,18,0,8,0,0,0,0,1,1,6,1,44,7,2143,2,1,2,1,2
201601CW10331,2,1,0,18,0,8,0,0,0,0,4,1,6,1,22,5,-1,-1,-1,6,1,6
201601CW10331,3,9,0,2,0,8,0,0,0,0,2,1,6,3,-1,-1,1498,1,10,-1,-1,-1
201601CW10332,1,9,0,18,0,8,0,0,0,0,1,1,6,1,50,8,1598,2,1,3,1,3
201601CW10333,1,3,0,18,0,2,0,4,0,0,1,1,1,1,18,4,125,1,7,3,1,3
201601CW10333,2,9,0,2,0,2,0,0,0,0,2,1,6,2,25,5,1399,2,13,7,1,7
201601CW10334,1,9,0,7,0,8,0,0,0,0,4,1,6,1,24,5,1900,2,12,9,1,9
201601CW10334,2,5,0,18,0,8,0,0,0,0,1,1,6,1,30,6,599,1,3,-1,3,-1
201601CW10335,1,9,0,15,0,0,0,0,0,0,3,1,6,1,-1,-1,-1,-1,-1,-1,-1,-1
201601CW10335,2,1,0,18,0,0,0,0,0,0,4,1,6,1,33,6,-1,-1,-1,5,1,5
201601CW10336,1,9,0,5,0,8,0,0,0,0,1,1,6,1,43,7,2198,1,13,-1,1,-1
201601CW10337,1,3,0,14,0,0,0,0,0,0,1,1,1,1,19,4,108,1,4,6,1,6
201601CW10337,2,9,0,6,0,0,0,0,0,0,3,1,6,1,55,8,2198,2,8,9,1,9
201601CW10338,1,8,0,6,0,0,0,0,0,0,3,1,1,1,58,9,2499,2,7,5,1,5
201601CW10338,2,3,0,18,0,0,0,0,0,0,1,1,6,1,21,5,125,1,7,2,1,2
201601CW10340,1,3,0,18,0,8,0,0,0,0,1,1,6,1,30,6,108,1,4,2,1,2
201601CW10340,2,8,0,9,0,8,0,0,0,0,1,1,1,1,42,7,1798,8,1,2,1,2
201601CW10341,1,8,0,18,0,8,0,0,0,0,3,1,6,1,34,6,1388,1,5,7,1,7
201601CW10342,1,1,0,18,0,8,0,0,0,0,2,1,6,2,24,5,-1,-1,-1,3,1,3
201601CW10342,2,9,0,18,0,8,0,0,0,0,1,1,6,3,-1,-1,-1,-1,-1,-1,-1,-1
201601CW10343,1,9,0,18,0,0,0,0,0,0,1,1,6,1,30,6,-1,-1,-1,2,1,2
201601CW10344,1,5,0,18,0,2,0,0,0,0,1,1,6,1,42,7,689,1,2,3,1,3
201601CW10344,2,9,0,4,0,2,0,0,0,0,2,1,6,1,-1,-1,3222,2,12,7,1,7
201601CW10345,1,9,0,18,0,8,0,0,0,0,1,1,6,1,-1,-1,-1,-1,-1,-1,-1,-1
201601CW10346,1,9,0,2,0,1,0,0,0,0,3,1,6,2,54,8,1995,2,12,10,2,10
201601CW10346,2,9,0,18,0,1,0,8,0,0,1,1,6,1,-1,-1,1997,2,2,3,1,3
201601CW10347,1,11,0,9,0,8,0,0,0,0,0,1,1,3,-1,-1,-1,-1,-1,-1,-1,-1
201601CW10348,1,5,0,3,0,8,0,0,0,0,2,1,6,1,47,8,998,1,12,8,1,8
201601CW10348,2,19,0,18,0,8,0,0,0,0,1,1,1,1,-1,-1,1995,2,2,-1,-1,-1
201601CW10350,1,1,0,3,0,2,0,0,0,0,2,1,2,1,43,7,-1,-1,-1,3,1,3
201601CW10350,2,8,0,18,0,2,0,0,0,0,1,1,1,1,-1,-1,-1,-1,-1,-1,-1,-1
201601CW10351,1,9,0,18,0,8,0,0,0,0,1,1,6,3,-1,-1,-1,-1,-1,-1,-1,-1
201601CW10352,1,1,0,18,0,0,0,8,0,0,1,1,6,1,51,8,-1,-1,-1,5,1,5
201601CW10352,2,8,0,3,0,0,0,0,0,0,4,1,1,1,-1,-1,2696,2,8,-1,-1,-1
201601CW10353,1,9,0,18,0,8,0,0,0,0,3,1,6,2,32,6,1598,1,13,4,1,4
201601CW10353,2,9,0,18,0,8,0,0,0,0,1,1,6,1,49,8,-1,3,2,2,1,2
201601CW10354,1,9,0,5,0,0,0,0,0,0,3,1,6,1,44,7,2143,2,1,4,1,4
201601CW10354,2,5,0,18,0,0,0,0,0,0,1,1,6,1,29,6,-1,-1,-1,1,1,1
201601CW10355,1,8,0,4,0,0,0,0,0,0,2,1,1,1,41,7,2499,2,7,6,1,6
201601CW10355,2,3,0,18,0,0,0,0,0,0,1,1,6,1,42,7,125,1,8,3,1,3
201601CW10356,1,8,0,18,0,0,0,0,0,0,0,1,1,1,56,9,2499,2,2,-1,-1,-1
201601CW10357,1,9,0,18,0,8,0,0,0,0,1,1,6,1,-1,-1,2143,2,2,6,1,6
201601CW10357,2,3,0,18,0,8,0,10,0,0,3,1,6,1,38,7,124,1,4,3,1,3
201601CW10358,1,11,0,2,0,1,0,0,0,0,2,1,1,1,-1,-1,4760,2,4,-1,-1,-1
201601CW10358,2,1,0,18,0,1,0,4,0,0,1,1,6,1,40,7,-1,-1,-1,5,1,5
201601CW10359,1,3,0,18,0,8,0,0,0,0,4,1,6,1,-1,-1,108,1,8,2,1,2
201601CW10359,2,1,0,18,0,8,0,0,0,0,3,1,6,1,29,6,-1,-1,-1,3,1,3
201601CW10360,1,5,0,18,0,8,0,0,0,0,1,1,6,1,51,8,745,1,1,9,1,9
201601CW10360,2,8,0,9,0,8,0,0,0,0,3,1,1,1,50,8,2402,2,12,8,1,8
201601CW10363,1,9,0,9,0,8,0,0,0,0,0,1,6,1,57,9,1560,2,3,10,1,10
201601CW10363,2,3,0,18,0,8,0,0,0,0,3,1,6,1,30,6,124,1,8,2,1,2
201601CW10365,1,8,0,5,0,8,0,0,0,0,3,1,1,1,48,8,-1,-1,-1,2,1,2
201601CW10365,2,9,0,18,0,8,0,0,0,0,1,1,6,2,20,4,1560,2,8,-1,-1,-1
201601CW10367,1,9,0,18,0,8,0,0,0,0,4,1,6,1,51,8,1968,2,3,6,1,6
201601CW10367,2,3,0,18,0,8,0,0,0,0,1,1,6,1,16,4,125,1,8,4,1,4
201601CW10369,1,9,0,16,0,0,0,0,0,0,1,1,6,1,37,7,1560,2,2,3,1,3
201601CW10370,1,3,0,18,0,1,0,0,0,0,1,1,6,1,46,8,124,1,5,7,1,7
201601CW10371,1,9,0,3,0,8,0,0,0,0,2,1,6,1,44,7,2143,2,3,-1,-1,-1
201601CW10371,2,9,0,18,0,1,0,0,0,0,1,1,6,3,-1,-1,2497,2,9,-1,-1,-1
201601CW10373,1,11,0,18,0,0,0,0,0,0,3,1,1,1,44,7,8268,2,14,2,1,2
201601CW10374,1,9,0,4,0,1,0,0,0,0,4,1,6,2,-1,-1,3311,8,10,-1,-1,-1
201601CW10374,2,1,0,8,0,1,0,0,0,0,3,1,6,2,25,5,-1,-1,-1,4,1,4
201601CW10375,1,11,0,18,0,1,0,0,0,0,0,1,1,1,57,9,9360,2,6,1,1,1
201601CW10376,1,3,0,15,0,8,0,0,0,0,3,1,6,1,41,7,125,1,-1,3,1,3
201601CW10376,2,9,0,7,0,8,0,0,0,0,4,1,6,1,80,11,1339,1,3,1,1,1
201601CW10377,1,9,0,18,0,0,0,0,0,0,1,1,6,1,24,5,1984,1,4,1,1,1
201601CW10378,1,9,0,9,0,8,0,0,0,0,1,1,6,1,66,10,1339,8,5,6,1,6
201601CW10378,2,9,0,18,0,8,0,0,0,0,1,1,6,1,-1,-1,1242,1,8,5,1,5
201601CW10379,1,1,0,18,0,1,0,0,0,0,3,1,2,1,32,6,-1,-1,-1,5,1,5
201601CW10379,2,9,0,13,0,8,0,0,0,0,4,1,6,1,-1,-1,1997,2,8,-1,-1,-1
201601CW10380,1,1,0,18,0,8,0,0,0,0,1,1,6,1,35,6,-1,-1,-1,2,1,2
201601CW10380,2,9,0,18,0,8,0,0,0,0,1,1,6,1,-1,-1,998,1,12,-1,-1,-1
201601CW10381,1,9,0,18,0,8,0,0,0,0,4,1,6,2,39,7,1796,1,14,2,1,2
201601CW10381,2,9,0,18,0,8,0,0,0,0,1,1,6,1,-1,-1,2148,2,11,2,1,2
201601CW10383,1,9,0,9,0,8,0,0,0,0,3,1,6,1,31,6,1797,8,6,3,1,3
201601CW10383,2,1,0,18,0,8,0,0,0,0,1,1,6,1,29,6,-1,-1,-1,2,1,2
201601CW10384,1,9,0,7,0,8,0,0,0,0,3,1,6,1,28,6,1995,2,3,1,1,1
201601CW10384,2,9,0,9,0,8,0,0,0,0,3,1,6,1,47,8,2000,2,5,-1,-1,-1
201601CW10385,1,9,0,18,0,1,0,0,0,0,1,1,6,1,27,6,-1,-1,-1,4,1,4
201601CW10385,2,9,0,3,0,1,0,0,0,0,2,1,6,1,43,7,-1,-1,-1,3,1,3
201601CW10385,3,9,0,3,0,1,0,0,0,0,2,1,6,1,52,8,-1,-1,-1,2,1,2
201601CW10386,1,19,0,6,0,8,0,0,0,0,3,1,6,1,20,4,1598,2,2,6,1,6
201601CW10386,2,3,0,18,0,8,0,0,0,0,1,1,6,2,36,7,125,1,7,7,1,7
201601CW10387,1,8,0,18,0,8,0,0,0,0,1,1,1,1,26,6,1797,8,4,3,1,3
201601CW10387,2,9,0,9,0,8,0,0,0,0,4,1,6,1,29,6,998,1,15,4,1,4
201601CW10388,1,9,0,14,0,0,0,4,0,0,4,1,6,2,79,11,1997,1,1,7,1,7
201601CW10388,2,9,0,3,0,0,0,0,0,0,3,1,6,1,45,7,1896,2,13,2,1,2
201601CW10389,1,9,0,18,0,8,0,0,0,0,3,1,6,1,50,8,-1,3,5,3,1,3
201601CW10389,2,3,0,18,0,8,0,0,0,0,1,1,6,1,40,7,108,1,2,3,1,3
201601CW10391,1,1,0,17,0,8,0,0,0,0,1,1,6,1,41,7,-1,-1,-1,6,1,6
201601CW10391,2,3,0,18,0,8,0,0,0,0,1,1,6,1,-1,-1,-1,-1,-1,-1,-1,-1
201601CW10392,1,9,0,13,0,8,0,0,0,0,3,1,6,1,61,9,1968,2,2,9,1,9
201601CW10392,2,3,0,13,0,8,0,0,0,0,4,1,6,1,29,6,125,1,6,4,1,4
201601CW10394,1,9,0,9,0,8,0,0,0,0,4,1,6,1,19,4,1339,8,6,2,1,2
201601CW10394,2,3,0,18,0,8,0,0,0,0,1,1,6,1,26,6,125,1,5,4,1,4
201601CW10395,1,8,0,9,0,8,0,0,0,0,4,1,1,1,55,8,1997,2,3,3,1,3
201601CW10395,2,1,0,18,0,8,0,0,0,0,1,1,6,1,31,6,-1,-1,-1,3,1,3
201601CW10396,1,19,0,7,0,8,0,0,0,0,1,1,6,1,32,6,2198,2,3,4,1,4
201601CW10396,2,5,0,18,0,8,0,0,0,0,4,1,6,1,33,6,-1,-1,-1,8,1,8
201601CW10396,3,9,0,18,0,8,0,0,0,0,3,1,6,1,68,10,1798,8,4,8,1,8
201601CW10397,1,3,0,17,0,8,0,0,0,0,3,1,6,1,26,6,125,1,-1,4,1,4
201601CW10398,1,9,0,3,0,1,0,0,0,0,2,1,6,1,40,7,-1,-1,-1,5,1,5
201601CW10398,2,9,0,18,0,1,0,0,0,0,1,1,6,2,-1,-1,1498,1,7,-1,-1,-1
201601CW10400,1,9,0,18,0,0,0,0,0,0,1,1,6,2,25,5,998,1,7,5,1,5
201601CW10400,2,1,0,18,0,0,0,0,0,0,1,1,6,2,31,6,-1,-1,-1,2,1,2
201601CW10401,1,9,0,18,0,8,0,4,0,0,1,1,6,1,22,5,1995,2,2,-1,-1,-1
201601CW10401,2,19,0,18,0,8,0,0,0,0,3,1,6,1,33,6,2300,2,10,6,1,6
201601CW10405,1,11,0,2,0,8,0,0,0,0,0,1,1,1,49,8,4500,2,4,1,1,1
201601CW10406,1,3,0,9,0,8,0,0,0,0,1,1,6,1,50,8,124,1,7,8,1,8
201601CW10406,2,4,0,18,0,8,0,0,0,0,1,1,6,1,28,6,296,1,2,4,1,4
201601CW10408,1,11,0,5,0,2,0,0,0,0,1,1,1,1,57,9,4461,2,3,-1,-1,-1
201601CW10408,2,9,0,3,0,2,0,0,0,0,2,1,6,1,35,6,1997,2,5,3,1,3
201601CW10408,3,9,0,3,0,2,0,0,0,0,2,1,6,1,46,8,1797,8,3,1,1,1
201601CW10408,4,9,0,3,0,2,0,0,0,0,2,1,6,2,23,5,1493,2,11,3,1,3
201601CW10408,5,9,0,3,0,2,0,0,0,0,2,1,6,1,-1,-1,5461,1,1,-1,-1,-1
201601CW10408,6,9,0,3,0,2,0,0,0,0,2,1,6,1,25,5,2184,2,11,2,1,2
201601CW10409,1,19,0,18,0,0,0,0,0,0,1,1,6,1,40,7,1998,2,11,1,1,1
201601CW10409,2,9,0,4,0,0,0,0,0,0,2,1,6,2,40,7,1910,2,12,6,2,6
201601CW10409,3,9,0,3,0,0,0,0,0,0,2,1,6,1,31,6,1360,1,10,-1,2,-1
201601CW10411,1,8,0,3,0,8,0,0,0,0,1,1,1,1,46,8,2143,12,1,3,1,3
201601CW10411,2,9,0,1,0,8,0,0,0,0,2,1,6,2,-1,-1,1796,1,20,-1,-1,-1
201601CW10414,1,11,0,5,0,8,0,0,0,0,0,1,1,1,33,6,4500,2,1,3,1,3
201601CW10415,1,1,0,18,0,8,0,0,0,0,1,1,6,1,45,7,-1,-1,-1,9,1,9
201601CW10415,2,8,0,2,0,8,0,0,0,0,4,1,1,1,65,9,2499,2,5,2,1,2
201601CW10416,1,3,0,18,0,8,0,0,0,0,3,1,6,2,37,7,124,1,9,9,1,9
201601CW10417,1,9,0,6,0,0,0,0,0,0,3,1,6,1,42,7,-1,-1,-1,4,1,4
201601CW10417,2,3,0,18,0,0,0,0,0,0,1,1,6,1,-1,-1,125,1,5,1,1,1
201601CW10419,1,3,0,18,0,8,0,0,0,0,1,1,6,1,-1,-1,125,1,5,4,1,4
201601CW10419,2,9,0,9,0,8,0,0,0,0,3,1,6,3,-1,-1,1461,2,-1,-1,-1,-1
201601CW10420,1,1,0,18,0,8,0,0,0,0,4,1,6,1,32,6,-1,-1,-1,3,1,3
201601CW10420,2,9,0,18,0,8,0,0,0,0,1,1,6,1,-1,-1,-1,-1,-1,-1,-1,-1
201601CW10421,1,8,0,18,0,8,0,0,0,0,1,1,1,1,61,9,2499,2,6,5,1,5
201601CW10421,2,8,0,9,0,8,0,0,0,0,4,1,6,1,-1,-1,1997,2,3,-1,-1,-1
201601CW10422,1,8,0,3,0,8,0,0,0,0,3,1,1,1,41,7,1791,8,4,1,1,1
201601CW10422,2,9,0,11,0,8,0,0,0,0,4,1,6,1,-1,-1,-1,-1,-1,-1,-1,-1
201601CW10424,1,19,0,18,0,8,0,0,0,0,3,1,6,1,-1,-1,2198,2,3,10,1,10
201601CW10424,2,1,0,18,0,8,0,0,0,0,1,1,6,2,25,5,-1,-1,-1,5,1,5
201601CW10425,1,9,0,18,0,0,0,0,0,0,1,1,6,1,38,7,2777,2,8,4,1,4
201601CW10425,2,9,0,18,0,0,0,0,0,0,4,1,6,1,-1,-1,1997,1,14,-1,-1,-1
201601CW10426,1,11,0,18,0,0,0,0,0,0,1,1,1,1,49,8,4461,2,3,2,1,2
201601CW10426,2,11,0,18,0,0,0,0,0,0,1,1,1,1,25,5,9360,2,3,1,1,1
201601CW10427,1,9,0,12,0,0,0,0,0,0,0,1,6,1,27,6,2993,2,1,2,1,2
201601CW10427,2,3,0,18,0,0,0,0,0,0,4,1,6,1,30,6,125,1,2,3,1,3
201601CW10428,1,1,0,18,0,8,0,0,0,0,4,1,6,1,57,9,-1,-1,-1,5,1,5
201601CW10428,2,9,0,18,0,8,0,0,0,0,1,1,6,1,-1,-1,996,1,3,-1,-1,-1
201601CW10429,1,11,0,4,0,8,0,0,0,0,0,1,1,1,42,7,6700,2,8,4,1,4
201601CW10430,1,9,0,9,0,8,0,0,0,0,4,1,6,2,53,8,1598,1,3,4,1,4
201601CW10430,2,1,0,18,0,8,0,0,0,0,1,1,6,1,33,6,-1,-1,-1,3,1,3
201601CW10431,1,8,0,6,0,8,0,0,0,0,3,1,1,1,48,8,1798,8,2,1,1,1
201601CW10431,2,3,0,18,0,8,0,0,0,0,1,1,6,1,29,6,-1,-1,-1,4,1,4
201601CW10433,1,19,0,1,0,0,0,0,0,0,2,1,6,1,32,6,1995,2,2,1,1,1
201601CW10433,2,9,0,3,0,0,0,0,0,0,1,1,6,1,27,6,1995,2,-1,9,1,9
201601CW10437,1,3,0,18,0,0,0,0,0,0,1,1,6,1,27,6,125,1,1,7,1,7
201601CW10438,1,8,0,6,0,8,0,0,0,0,3,1,6,1,41,7,2143,2,4,2,1,2
201601CW10438,2,5,0,18,0,8,0,0,0,0,1,1,6,1,31,6,659,1,1,6,1,6
201601CW10439,1,9,0,9,0,8,0,0,0,0,4,1,6,2,72,10,1597,1,21,7,1,7
201601CW10439,2,3,0,18,0,8,0,0,0,0,1,1,6,1,25,5,108,1,1,4,1,4
201601CW10440,1,3,0,4,0,8,0,0,0,0,4,1,6,1,36,7,125,1,8,3,1,3
201601CW10440,2,9,0,4,0,8,0,0,0,0,0,1,6,1,20,4,998,1,13,3,1,3
201601CW10441,1,8,0,18,0,0,0,0,0,0,1,1,1,1,45,7,2143,2,3,2,1,2
201601CW10443,1,1,0,18,0,8,0,0,0,0,1,1,2,1,20,4,-1,-1,-1,5,1,5
201601CW10447,1,1,0,18,0,0,0,4,0,0,1,1,6,1,26,6,-1,-1,-1,5,1,5
201601CW10447,2,8,0,6,0,0,0,0,0,0,0,1,6,3,-1,-1,1797,8,5,-1,-1,-1
201601CW10449,1,11,0,5,0,1,0,0,0,0,0,1,1,1,58,9,4500,2,1,5,1,5
201601CW10450,1,11,0,9,0,2,0,0,0,0,0,1,1,2,33,6,6692,2,6,-1,-1,-1
201601CW10451,1,9,0,9,0,8,0,0,0,0,4,1,6,2,-1,-1,1364,1,8,-1,-1,-1
201601CW10451,2,1,0,18,0,8,0,0,0,0,1,1,6,1,46,8,-1,-1,-1,5,1,5
201601CW10452,1,11,0,5,0,0,0,0,0,0,0,1,1,1,51,8,4461,2,3,3,1,3
201601CW10453,1,3,0,18,0,0,0,0,0,0,1,1,6,1,28,6,125,1,2,5,1,5
201601CW10455,1,8,0,7,0,8,0,0,0,0,1,1,6,1,40,7,2143,2,6,6,1,6
201601CW10455,2,1,0,18,0,8,0,0,0,0,1,1,6,1,40,7,-1,-1,-1,9,1,9
201601CW10456,1,9,0,1,0,0,0,0,0,0,2,1,6,2,55,8,1797,8,2,5,1,5
201601CW10458,1,9,0,7,0,8,0,0,0,0,1,1,6,1,38,7,1997,2,2,1,1,1
201601CW10458,2,3,0,18,0,8,0,0,0,0,1,1,6,1,45,7,125,1,4,3,1,3
201601CW10459,1,9,0,9,0,8,0,0,0,0,1,1,6,1,36,7,2148,2,10,2,1,2
201601CW10461,1,8,0,18,0,0,0,0,0,0,4,1,1,1,50,8,2402,2,12,2,1,2
201601CW10461,2,1,0,12,0,0,0,0,0,0,1,1,6,2,30,6,-1,-1,-1,3,1,3
201601CW10462,1,9,0,9,0,8,0,0,0,0,1,1,6,3,-1,-1,-1,-1,-1,-1,-1,-1
201601CW10466,1,2,0,2,0,2,0,0,0,0,1,1,6,1,45,7,49,1,2,4,1,4
201601CW10466,2,19,0,1,0,8,0,0,0,0,2,1,1,3,-1,-1,2198,2,4,-1,-1,-1
201601CW10468,1,3,0,9,0,8,0,0,0,0,2,1,6,1,32,6,125,1,1,5,1,5
201601CW10468,2,9,0,9,0,8,0,0,0,0,1,1,6,1,-1,-1,1997,2,2,-1,-1,-1
201601CW10469,1,3,0,9,0,8,0,0,0,0,2,1,6,1,30,6,108,1,4,4,1,4
201601CW10469,2,9,0,18,0,8,0,0,0,0,1,1,6,1,-1,-1,2987,2,2,4,1,4
201601CW10470,1,3,0,15,2,8,0,0,0,0,1,1,6,1,24,5,125,1,4,3,1,3
201601CW10470,2,9,0,9,0,8,0,0,0,0,1,1,6,2,60,9,1799,1,9,2,1,2
201601CW10471,1,9,0,6,0,8,0,0,0,0,3,1,6,2,47,8,2993,2,7,6,1,6
201601CW10471,2,3,0,14,0,8,0,0,0,0,1,1,6,1,41,7,125,1,17,8,1,8
201601CW10472,1,8,0,2,0,0,0,0,0,0,4,1,6,1,-1,-1,1968,2,5,2,1,2
201601CW10472,2,1,0,18,4,0,0,8,0,0,1,1,6,1,32,6,-1,-1,-1,-1,-1,-1
201601CW10473,1,3,0,18,0,8,0,0,0,0,1,1,6,1,34,6,-1,-1,-1,3,1,3
201601CW10473,2,9,0,6,0,8,0,0,0,0,3,1,6,1,59,9,2143,2,5,4,1,4
201601CW10475,1,9,0,17,0,8,0,0,0,0,2,1,6,1,46,8,1995,2,9,1,1,1
201601CW10475,2,3,0,17,0,8,0,0,0,0,1,1,6,1,34,6,125,1,7,4,1,4
201601CW10476,1,9,0,18,0,8,0,0,0,0,1,1,6,2,34,6,1796,1,7,1,1,1
201601CW10477,1,9,0,6,0,2,0,0,0,0,3,1,6,1,54,8,1995,2,3,-1,-1,-1
201601CW10477,2,3,0,18,0,2,0,0,0,0,1,1,1,1,22,5,-1,-1,-1,-1,-1,-1
201601CW10478,1,1,0,18,0,8,0,0,0,0,1,1,6,1,26,6,-1,-1,-1,2,1,2
201601CW10478,2,9,0,7,0,8,0,0,0,0,4,1,6,1,-1,-1,1797,8,5,-1,-1,-1
201601CW10479,1,11,0,18,0,8,0,0,0,0,0,1,1,2,63,9,4500,2,4,7,1,7
201601CW10480,1,9,0,18,0,0,0,0,0,0,1,1,6,1,71,10,1364,1,1,1,1,1
201601CW10481,1,9,0,9,0,8,0,0,0,0,1,1,6,2,74,10,-1,-1,-1,5,1,5
201601CW10481,2,9,0,18,0,8,0,0,0,0,3,1,1,1,46,8,-1,-1,-1,-1,-1,-1
201601CW10483,1,1,0,18,0,8,0,0,0,0,1,1,6,1,33,6,-1,-1,-1,9,1,9
201601CW10483,2,9,0,9,0,8,0,0,0,0,4,1,6,1,-1,-1,998,1,10,-1,-1,-1
201601CW10484,1,1,0,18,0,8,0,0,0,0,1,1,6,2,32,6,-1,-1,-1,2,1,2
201601CW10484,2,19,0,9,0,8,0,0,0,0,4,1,1,1,-1,-1,2198,2,6,-1,-1,-1
201601CW10485,1,8,0,18,0,2,0,0,0,0,1,1,1,1,32,6,2143,2,2,3,1,3
201601CW10486,1,3,0,7,0,8,0,0,0,0,3,1,6,1,41,7,279,1,7,2,1,2
201601CW10486,2,11,0,7,0,8,0,0,0,0,4,1,6,1,30,6,4461,2,2,4,1,4
201601CW10487,1,8,0,18,0,2,0,0,0,0,4,1,1,1,-1,-1,2499,2,2,-1,-1,-1
201601CW10488,1,9,0,18,0,0,0,0,0,0,4,1,1,2,65,9,-1,-1,-1,4,1,4
201601CW10489,1,9,0,9,0,8,0,0,0,0,1,1,1,1,52,8,-1,-1,-1,5,1,5
201601CW10489,2,3,0,14,0,8,0,0,0,0,1,1,6,1,53,8,124,1,3,5,1,5
201601CW10490,1,9,0,18,0,0,0,0,0,0,3,1,6,1,25,5,1956,2,1,4,1,4
201601CW10490,2,9,0,18,0,0,0,0,0,0,3,1,6,3,-1,-1,-1,-1,-1,-1,-1,-1
201601CW10491,1,8,0,18,0,8,0,0,0,0,1,1,1,1,47,8,1997,2,4,4,1,4
201601CW10492,1,1,0,17,0,8,0,0,0,0,4,1,6,2,32,6,-1,-1,-1,-1,-1,-1
201601CW10492,2,8,0,17,0,8,0,0,0,0,3,1,1,1,-1,-1,2143,2,2,-1,-1,-1
201601CW10493,1,9,0,18,0,8,0,0,0,0,1,1,6,1,43,7,3456,8,6,1,1,1