Accident_Index,Vehicle_Reference,Vehicle_Type,Towing_and_Articulation,Vehicle_Manoeuvre,Vehicle_Location-Restricted_Lane,Junction_Location,Skidding_and_Overturning,Hit_Object_in_Carriageway,Vehicle_Leaving_Carriageway,Hit_Object_off_Carriageway,1st_Point_of_Impact,Was_Vehicle_Left_Hand_Drive?,Journey_Purpose_of_Driver,Sex_of_Driver,Age_of_Driver,Age_Band_of_Driver,Engine_Capacity_(CC),Propulsion_Code,Age_of_Vehicle,Driver_IMD_Decile,Driver_Home_Area_Type,Vehicle_IMD_Decile
201601CW10713,2,1,0,18,0,1,0,0,0,0,1,1,6,1,41,7,-1,-1,-1,-1,-1,-1
201601CW10714,1,9,0,18,0,8,0,0,0,0,1,1,6,1,29,6,1598,1,14,2,1,2
201601CW10714,2,9,0,18,0,8,0,0,0,0,3,1,6,2,56,9,1397,1,12,3,1,3
201601CW10715,1,5,0,7,0,5,1,0,0,0,4,1,2,1,50,8,800,1,5,7,1,7
201601CW10716,1,3,0,18,0,2,0,0,0,0,1,1,1,1,18,4,125,1,1,6,1,6
201601CW10717,1,11,0,18,0,0,0,0,0,0,0,1,1,1,-1,-1,4500,2,4,3,1,3
201601CW10718,1,9,0,9,0,8,0,4,0,0,1,1,6,1,-1,-1,3628,2,6,-1,-1,-1
201601CW10718,2,8,0,18,0,8,0,0,0,0,1,1,1,1,54,8,2499,2,6,6,1,6
201601CW10718,3,9,0,2,0,8,0,0,0,0,3,1,6,3,-1,-1,1329,1,6,-1,-1,-1
201601CW10718,4,2,0,2,0,8,0,0,0,0,3,1,6,2,49,8,49,1,7,5,1,5
201601CW10718,5,5,0,2,0,8,0,0,0,0,1,1,6,1,-1,-1,599,1,14,5,1,5
201601CW10719,1,1,0,7,0,8,0,0,0,0,3,1,6,1,39,7,-1,-1,-1,5,1,5
201601CW10719,2,3,0,7,0,8,0,0,0,0,4,1,6,1,49,8,395,1,3,5,1,5
201601CW10720,1,1,0,18,0,0,0,0,0,0,3,1,6,1,26,6,-1,-1,-1,3,1,3
201601CW10720,2,8,0,14,0,0,0,0,0,0,4,1,6,3,-1,-1,1229,1,4,-1,-1,-1
201601CW10724,1,9,0,3,0,1,0,0,0,0,2,1,6,1,52,8,1396,1,1,6,2,6
201601CW10724,2,9,0,18,0,1,0,0,0,0,1,1,1,1,57,9,1796,1,13,4,1,4
201601CW10725,1,9,0,18,0,1,0,0,0,0,3,1,6,2,51,8,1871,2,11,4,1,4
201601CW10725,2,3,0,7,0,2,0,0,0,0,3,1,6,3,-1,-1,124,1,9,-1,-1,-1
201601CW10726,1,19,0,12,0,1,0,0,0,0,3,1,6,3,-1,-1,1968,2,-1,-1,-1,-1
201601CW10726,2,4,0,18,0,1,0,0,1,0,4,1,2,1,50,8,499,1,13,4,1,4
201601CW10727,1,3,0,9,0,2,0,0,0,0,3,1,2,1,28,6,-1,-1,-1,2,1,2
201601CW10729,1,9,0,8,0,1,0,0,0,0,3,1,1,1,31,6,1995,2,5,-1,2,-1
201601CW10729,2,8,0,11,0,1,0,0,0,0,4,1,1,1,-1,-1,2143,2,1,10,1,10
201601CW10730,1,9,0,4,0,2,0,0,0,0,2,1,1,1,40,7,1598,1,3,1,1,1
201601CW10730,2,3,0,5,0,2,0,0,0,0,1,1,1,1,23,5,125,1,-1,5,1,5
201601CW10735,1,3,0,17,0,1,0,0,0,0,4,1,6,1,18,4,125,1,12,7,1,7
201601CW10735,2,9,0,11,0,1,0,0,0,0,0,1,6,3,-1,-1,-1,-1,-1,-1,-1,-1
201601CW10736,1,5,0,18,2,1,1,0,0,0,3,1,6,2,29,6,-1,-1,-1,-1,-1,-1
201601CW10736,2,9,0,7,0,8,0,0,0,0,1,1,6,1,45,7,-1,-1,-1,1,1,1
201601CW10737,1,9,0,9,0,8,0,0,0,0,1,1,1,1,25,5,1968,2,3,5,1,5
201601CW10737,2,3,0,18,0,8,0,0,0,0,4,1,6,1,21,5,-1,-1,-1,3,1,3
201601CW10738,1,8,0,6,0,1,0,0,0,0,1,1,1,1,63,9,1797,8,4,6,1,6
201601CW10739,1,9,0,9,0,0,0,0,0,0,3,1,6,1,62,9,998,1,4,2,1,2
201601CW10739,2,5,0,13,0,0,0,0,0,0,1,1,6,1,29,6,-1,-1,-1,-1,-1,-1
201601CW10740,1,8,0,6,0,8,0,0,0,0,3,1,1,1,42,7,1797,8,5,2,1,2
201601CW10740,2,5,0,18,0,8,0,0,0,0,3,1,2,1,49,8,1255,1,7,8,1,8
201601CW10741,1,11,0,5,0,1,0,0,0,0,0,1,1,1,31,6,4500,2,1,1,1,1
201601CW10743,1,11,0,18,2,0,0,0,0,0,1,1,1,1,53,8,9360,2,8,2,1,2
201601CW10744,1,11,0,3,0,1,0,0,0,0,4,1,6,1,-1,-1,4461,2,3,-1,-1,-1
201601CW10745,1,9,0,3,0,1,0,0,0,0,2,1,6,1,23,5,1968,2,5,5,1,5
201601CW10745,2,9,0,18,0,1,0,0,0,0,1,1,6,3,-1,-1,1388,1,13,-1,-1,-1
201601CW10746,1,1,0,15,2,2,0,8,0,0,1,1,6,1,33,6,-1,-1,-1,4,1,4
201601CW10746,2,9,0,3,0,2,0,0,0,0,4,1,6,1,-1,-1,-1,-1,-1,2,1,2
201601CW10747,1,1,0,18,0,8,0,0,0,0,1,1,6,1,35,6,-1,-1,-1,6,1,6
201601CW10748,1,3,0,18,0,2,0,0,0,0,1,1,2,1,37,7,124,1,13,3,1,3
201601CW10748,2,19,0,17,0,2,0,0,0,0,0,1,6,1,34,6,1598,2,1,-1,-1,-1
201601CW10749,1,1,0,18,0,0,0,0,0,0,2,1,6,1,25,5,-1,-1,-1,6,1,6
201601CW10749,2,9,0,18,0,0,0,0,0,0,1,1,6,3,-1,-1,-1,-1,-1,-1,-1,-1
201601CW10751,1,8,0,7,0,8,0,0,0,0,4,1,6,1,41,7,1997,2,5,4,1,4
201601CW10752,1,9,0,17,0,8,0,0,0,0,2,1,6,1,52,8,1910,2,11,1,1,1
201601CW10752,2,9,0,17,0,8,0,0,0,0,1,1,6,1,58,9,2926,2,13,7,1,7
201601CW10753,1,11,0,5,0,0,0,0,0,0,0,1,1,1,31,6,4500,2,1,4,1,4
201601CW10754,1,1,0,18,0,1,0,8,0,0,1,1,6,1,33,6,-1,-1,-1,2,1,2
201601CW10754,2,9,0,2,0,8,0,0,0,0,3,1,6,3,-1,-1,-1,-1,-1,-1,-1,-1
201601CW10755,1,8,0,3,0,1,0,0,0,0,2,1,6,1,38,7,2499,2,9,4,2,4
201601CW10755,2,9,0,18,0,1,0,0,0,0,1,1,6,3,-1,-1,1598,2,1,-1,-1,-1
201601CW10756,1,1,0,9,0,8,0,0,0,0,3,1,6,2,52,8,-1,-1,-1,5,1,5
201601CW10756,2,3,0,13,0,8,0,0,0,0,1,1,6,3,-1,-1,-1,-1,-1,-1,-1,-1
201601CW10758,1,9,0,4,0,1,0,10,1,10,1,1,6,1,80,11,-1,-1,-1,4,1,4
201601CW10758,2,9,0,2,0,8,0,0,0,0,4,1,6,1,48,8,1490,1,16,1,1,1
201601CW10760,1,9,0,17,0,8,0,0,0,0,2,1,6,1,56,9,1798,8,2,1,1,1
201601CW10760,2,9,0,17,0,8,0,0,0,0,1,1,6,1,56,9,1910,2,11,7,1,7
201601CW10761,1,9,0,9,0,8,0,0,0,0,1,1,6,1,61,9,2997,1,1,8,1,8
201601CW10762,1,9,0,9,0,8,0,0,0,0,0,1,6,1,36,7,2967,2,9,4,1,4
201601CW10762,2,1,0,4,0,8,0,0,0,0,0,1,6,1,41,7,-1,-1,-1,2,1,2
201601CW10763,1,9,0,18,0,1,0,0,0,0,2,1,6,2,40,7,1497,8,8,3,1,3
201601CW10763,2,9,0,18,0,1,0,0,0,0,1,1,6,2,25,5,999,1,7,1,1,1
201601CW10764,1,21,0,7,0,8,0,0,0,0,4,1,1,1,55,8,10800,2,2,8,1,8
201601CW10764,2,1,0,15,0,8,0,0,0,0,3,1,6,1,45,7,-1,-1,-1,4,1,4
201601CW10765,1,3,0,4,0,0,0,0,0,0,1,1,6,1,23,5,108,1,-1,-1,-1,-1
201601CW10766,1,11,0,17,0,8,0,0,0,0,4,1,6,1,58,9,12419,2,4,2,1,2
201601CW10766,2,1,0,17,0,8,0,0,0,0,3,1,6,1,50,8,-1,-1,-1,9,1,9
201601CW10767,1,9,0,9,0,8,0,10,3,1,1,1,6,2,66,10,1910,2,10,-1,-1,-1
201601CW10768,1,3,0,18,0,1,0,0,0,0,3,1,6,1,22,5,125,1,3,3,1,3
201601CW10768,2,3,0,13,0,1,0,0,0,0,4,1,6,3,-1,-1,-1,-1,-1,-1,-1,-1
201601CW10769,1,19,0,7,0,8,0,0,0,0,4,1,1,1,56,9,6692,2,7,3,1,3
201601CW10769,2,5,0,7,0,8,0,0,0,0,3,1,6,1,42,7,806,1,2,3,1,3
201601CW10770,1,3,0,11,2,8,0,0,0,0,1,1,2,1,45,7,124,1,1,1,1,1
201601CW10770,2,8,0,4,2,8,0,0,0,0,2,1,1,1,47,8,2499,2,9,2,1,2
201601CW10771,1,11,0,4,0,8,0,0,0,0,0,1,6,1,50,8,4461,2,2,-1,-1,-1
201601CW10772,1,9,0,9,0,8,0,0,0,0,4,1,6,3,-1,-1,-1,-1,-1,-1,-1,-1
201601CW10772,2,1,0,18,0,8,0,0,0,0,1,1,6,1,25,5,-1,-1,-1,2,1,2
201601CW10773,1,19,0,9,0,8,0,0,0,0,3,1,6,1,54,8,1248,2,5,2,1,2
201601CW10773,2,1,0,18,0,8,0,0,0,0,1,1,6,1,37,7,-1,-1,-1,5,1,5
201601CW10774,1,9,0,17,0,0,0,0,0,0,3,1,6,1,30,6,1798,1,14,4,1,4
201601CW10774,2,9,0,16,0,0,0,0,0,0,4,1,6,1,-1,-1,1598,1,6,-1,-1,-1
201601CW10774,3,11,0,16,0,0,0,0,0,0,3,1,1,1,-1,-1,-1,-1,-1,-1,-1,-1
201601CW10775,1,1,0,18,0,8,0,0,0,0,1,1,6,1,41,7,-1,-1,-1,-1,1,-1
201601CW10775,2,8,0,2,0,8,0,0,0,0,0,1,6,1,51,8,1997,2,7,4,1,4
201601CW10776,1,1,0,18,0,0,0,0,0,0,3,1,6,1,27,6,-1,-1,-1,4,1,4
201601CW10777,1,9,0,18,0,8,0,0,0,0,0,1,6,3,-1,-1,-1,-1,-1,-1,-1,-1
201601CW10778,1,4,0,18,0,8,0,0,0,0,1,1,6,1,29,6,-1,-1,-1,5,1,5
201601CW10778,2,9,0,6,0,8,0,0,0,0,3,1,6,1,-1,-1,1587,1,10,7,3,7
201601CW10781,1,11,0,16,0,8,0,0,0,0,1,1,6,1,40,7,6696,2,3,4,1,4
201601CW10783,1,1,0,18,0,8,0,0,0,0,1,1,6,1,42,7,-1,-1,-1,4,1,4
201601CW10783,2,9,0,9,0,8,0,0,0,0,4,1,6,1,-1,-1,-1,-1,-1,-1,-1,-1
201601CW10784,1,1,0,18,0,8,0,0,0,0,1,1,6,1,50,8,-1,-1,-1,5,1,5
201601CW10784,2,9,0,2,0,8,0,0,0,0,2,1,6,1,59,9,999,1,4,9,1,9
201601CW10785,1,9,0,4,0,8,0,0,0,0,2,1,6,1,40,7,2967,2,9,1,1,1
201601CW10785,2,9,0,4,0,1,0,0,0,0,1,1,6,1,52,8,-1,-1,-1,6,1,6
201601CW10785,3,3,0,4,0,1,0,0,0,0,1,1,6,1,23,5,125,1,-1,2,1,2
201601CW10785,4,3,0,4,0,1,0,0,0,0,1,1,6,1,33,6,125,1,5,5,1,5
201601CW10786,1,3,0,18,0,8,0,0,0,0,1,1,6,1,-1,-1,125,1,4,5,1,5
201601CW10787,1,8,0,18,0,8,0,0,0,0,4,1,6,1,48,8,2143,2,2,2,1,2
201601CW10788,1,8,0,17,0,8,0,0,0,0,1,1,6,1,60,9,2499,2,9,5,1,5
201601CW10788,2,1,0,17,0,8,0,0,0,0,3,1,6,1,28,6,-1,-1,-1,4,1,4
201601CW10789,1,1,0,18,0,8,0,0,0,0,1,1,1,1,26,6,-1,-1,-1,2,1,2
201601CW10789,2,9,0,18,0,8,0,0,0,0,1,1,6,1,-1,-1,-1,-1,-1,-1,-1,-1
201601CW10790,1,3,0,18,0,8,0,0,0,0,1,1,6,1,38,7,125,1,5,6,1,6
201601CW10791,1,9,0,9,0,8,0,0,0,0,1,1,6,1,34,6,1791,8,4,1,1,1
201601CW10792,1,3,0,18,0,0,0,0,0,0,3,1,6,1,18,4,124,1,8,10,1,10
201601CW10792,2,8,0,18,0,0,0,0,0,0,4,1,1,1,49,8,1798,8,3,1,1,1
201601CW10794,1,9,0,18,0,1,0,0,0,0,4,1,6,1,51,8,1248,1,2,1,1,1
201601CW10794,2,3,0,12,0,1,0,0,0,0,1,1,6,1,23,5,124,1,3,3,1,3
201601CW10795,1,8,0,4,0,2,0,0,0,0,2,1,1,1,40,7,1797,8,5,4,1,4
201601CW10795,2,19,0,18,0,2,0,0,0,0,1,1,6,1,31,6,2143,2,1,-1,-1,-1
201601CW10796,1,8,0,7,0,8,0,0,0,0,1,1,1,1,27,6,2143,2,1,2,1,2
201601CW10797,1,8,0,18,0,0,0,0,0,0,1,1,1,1,26,6,2143,2,3,8,1,8
201601CW10798,1,9,0,3,0,8,0,0,0,0,2,1,6,1,22,5,1242,1,8,2,1,2
201601CW10798,2,9,0,18,0,8,0,0,0,0,1,1,6,1,53,8,2362,1,15,2,1,2
201601CW10799,1,9,0,18,0,8,0,0,0,0,1,1,6,1,31,6,1598,2,2,3,1,3
201601CW10799,2,9,0,18,0,8,0,0,0,0,4,1,6,1,25,5,2143,2,3,5,1,5
201601CW10800,1,9,0,18,0,8,0,0,0,0,1,1,6,1,42,7,1797,8,5,4,1,4
201601CW10800,2,1,0,18,0,8,0,0,0,0,1,1,6,2,25,5,-1,-1,-1,6,1,6
201601CW10801,1,3,0,18,0,8,0,0,0,0,1,1,6,1,35,6,125,1,9,3,1,3
201601CW10802,1,8,0,7,0,8,0,0,0,0,2,1,1,1,41,7,2402,2,14,6,1,6
201601CW10802,2,19,0,18,0,8,0,0,0,0,1,1,1,1,-1,-1,1968,2,3,-1,-1,-1
201601CW10803,1,9,0,18,0,8,0,0,0,0,3,1,6,1,66,10,-1,-1,-1,5,1,5
201601CW10803,2,9,0,18,0,8,0,0,0,0,1,1,6,3,-1,-1,-1,-1,-1,-1,-1,-1
201601CW10804,1,9,0,3,0,8,0,0,0,0,2,1,6,1,34,6,1398,1,6,-1,-1,-1
201601CW10804,2,8,0,18,0,8,0,0,0,0,1,1,6,1,-1,-1,1997,2,7,-1,-1,-1
201601CW10805,1,2,0,18,0,8,0,0,0,0,3,1,6,1,47,8,49,1,13,8,1,8
201601CW10805,2,9,0,18,0,8,0,0,0,0,4,1,6,1,-1,-1,1998,1,15,8,1,8
201601CW10807,1,5,0,7,0,8,0,0,0,0,4,1,1,1,37,7,-1,-1,-1,-1,-1,-1
201601CW10808,1,9,0,9,0,8,0,0,0,0,1,1,6,1,40,7,1796,1,8,3,1,3
201601CW10809,1,9,0,12,0,8,0,0,0,0,3,1,6,2,27,6,-1,-1,-1,5,1,5
201601CW10809,2,9,0,3,0,8,0,0,0,0,2,1,6,2,86,11,1390,1,9,5,1,5
201601CW10809,3,8,0,3,0,8,0,0,0,0,4,1,1,1,66,10,2499,2,9,7,1,7
201601CW10809,4,9,0,3,0,8,0,0,0,0,2,1,6,1,36,7,1995,2,5,2,1,2
201601CW10812,1,9,0,9,0,8,0,0,0,0,4,1,6,2,68,10,2793,1,17,4,1,4
201601CW10812,2,1,0,18,0,8,0,0,0,0,1,1,6,2,41,7,-1,-1,-1,4,1,4
201601CW10815,1,1,0,18,0,8,0,0,0,0,1,1,6,1,32,6,-1,-1,-1,3,1,3
201601CW10815,2,9,0,9,0,8,0,0,0,0,1,1,6,1,-1,-1,1598,2,5,-1,-1,-1
201601CW10816,1,1,0,17,0,8,0,0,0,0,3,1,6,1,56,9,-1,-1,-1,7,3,7
201601CW10816,2,8,0,11,0,8,0,0,0,0,4,1,6,1,-1,-1,1956,2,2,1,1,1
201601CW10817,1,9,0,17,0,0,0,0,0,0,2,1,6,1,56,9,1200,1,1,2,1,2
201601CW10817,2,9,0,17,0,0,0,0,0,0,2,1,6,1,52,8,1240,1,11,1,1,1
201601CW10817,3,8,0,17,0,0,0,0,0,0,1,1,1,1,50,8,1797,8,4,2,1,2
201601CW10818,1,9,0,18,0,8,0,10,3,10,1,1,6,2,23,5,1398,1,5,1,1,1
201601CW10820,1,9,0,9,0,8,0,0,0,0,3,1,6,1,41,7,1798,8,1,-1,-1,-1
201601CW10822,1,19,0,9,0,8,0,0,0,0,3,1,1,1,47,8,-1,-1,-1,2,1,2
201601CW10822,2,5,0,18,0,8,0,0,0,0,1,1,6,1,32,6,1100,1,16,4,1,4
201601CW10823,1,9,0,9,0,8,0,0,0,0,3,1,6,1,50,8,1798,8,1,7,1,7
201601CW10823,2,5,0,9,0,8,0,0,0,0,4,1,6,1,21,5,-1,-1,-1,10,1,10
201601CW10824,1,10,0,9,0,8,0,0,0,0,3,1,1,1,65,9,2198,2,4,6,1,6
201601CW10824,2,3,0,17,0,8,0,0,0,0,1,1,6,1,22,5,-1,-1,-1,1,1,1
201601CW10825,1,1,0,17,0,0,0,0,0,0,1,1,6,1,26,6,-1,-1,-1,1,1,1
201601CW10825,2,8,0,6,0,0,0,0,0,0,3,1,6,1,67,10,1997,2,3,2,1,2
201601CW10826,1,19,0,5,0,0,0,0,0,0,1,1,1,1,21,5,1968,2,1,3,1,3
201601CW10827,1,11,0,3,0,8,0,0,0,0,2,1,6,1,51,8,4500,2,2,2,1,2
201601CW10827,2,1,0,18,0,8,0,0,0,0,1,1,6,1,31,6,-1,-1,-1,5,1,5
201601CW10828,1,11,0,18,0,8,0,10,1,10,1,2,1,1,55,8,-1,-1,-1,-1,-1,-1
201601CW10828,2,11,0,18,0,8,0,0,0,0,3,1,1,1,42,7,4461,2,2,2,1,2
201601CW10828,3,8,0,18,0,8,0,0,0,0,3,1,1,1,67,10,2499,2,4,9,1,9
201601CW10828,4,9,0,18,0,8,0,0,0,0,1,1,6,1,53,8,1197,1,1,3,1,3
201601CW10828,5,19,0,18,0,8,0,0,0,0,4,1,1,1,30,6,1995,2,2,6,2,6
201601CW10828,6,8,0,18,0,8,0,0,0,0,1,1,1,1,55,8,2499,2,8,8,1,8
201601CW10829,1,8,0,3,0,8,0,0,0,0,2,1,1,1,33,6,1797,8,6,1,1,1
201601CW10829,2,19,0,18,0,8,0,0,0,0,1,1,1,1,-1,-1,2402,2,8,-1,-1,-1
201601CW10830,1,3,0,18,0,2,0,0,0,0,1,1,6,1,24,5,125,1,-1,3,1,3
201601CW10830,2,9,0,18,0,2,0,0,0,0,3,1,6,1,-1,-1,1995,2,6,-1,-1,-1
201601CW10832,1,11,0,4,0,8,0,0,0,0,0,1,6,1,48,8,9360,2,6,2,1,2
201601CW10833,1,9,0,18,0,8,0,0,0,0,1,1,6,1,34,6,1339,8,5,2,1,2
201601CW10834,1,9,0,18,0,8,0,0,0,0,3,1,6,1,-1,-1,-1,-1,-1,-1,-1,-1
201601CW10835,1,9,0,12,0,0,0,4,0,0,1,1,6,2,47,8,1339,8,9,7,1,7
201601CW10835,2,20,0,2,0,0,0,0,0,0,1,1,1,1,56,9,5900,2,9,5,1,5
201601CW10837,1,19,0,1,0,0,0,0,0,0,2,1,1,1,38,7,1248,2,1,3,1,3
201601CW10838,1,11,0,5,0,1,0,0,0,0,0,1,1,1,35,6,4461,2,3,-1,-1,-1
201601CW10839,1,3,0,18,0,8,0,0,0,0,1,1,6,1,37,7,-1,-1,-1,3,1,3
201601CW10839,2,9,0,9,0,8,0,0,0,0,4,1,6,3,-1,-1,-1,-1,-1,-1,-1,-1
201601CW10841,1,11,0,9,0,8,0,0,0,0,3,1,1,1,53,8,9360,2,5,1,1,1
201601CW10841,2,1,0,18,0,8,0,0,0,0,1,1,6,2,21,5,-1,-1,-1,-1,-1,-1
201601CW10842,1,19,0,1,0,8,0,0,0,0,2,1,1,1,26,6,2299,2,1,10,1,10
201601CW10843,1,1,0,18,0,8,0,0,0,0,3,1,6,1,20,4,-1,-1,-1,1,1,1
201601CW10843,2,9,0,11,0,8,0,0,0,0,4,1,6,1,43,7,1339,8,5,4,1,4
201601CW10844,1,21,0,2,0,0,0,0,0,0,2,1,1,1,30,6,6871,2,2,10,3,10
201601CW10844,2,19,0,18,0,0,0,0,0,0,4,1,1,1,26,6,1598,2,2,-1,-1,-1
201601CW10846,1,8,0,7,0,8,0,0,0,0,2,1,6,1,32,6,-1,-1,-1,4,1,4
201601CW10846,2,9,0,7,0,8,0,0,0,0,1,1,6,1,-1,-1,1796,1,7,1,1,1
201601CW10847,1,8,0,18,0,8,0,0,0,0,1,1,6,1,54,8,2499,2,2,9,1,9
201601CW10848,1,9,0,1,0,2,0,0,0,0,2,1,6,1,29,6,1896,2,9,2,1,2
201601CW10849,1,1,0,16,0,0,0,0,0,0,2,1,6,2,55,8,-1,-1,-1,-1,-1,-1
201601CW10849,2,1,0,16,0,0,0,0,0,0,1,1,6,3,-1,-1,-1,-1,-1,-1,-1,-1
201601CW10850,1,9,0,18,0,8,0,0,0,0,1,1,6,1,37,7,1598,1,13,2,1,2
201601CW10850,2,19,0,18,0,8,0,0,0,0,3,1,1,1,28,6,2402,2,9,2,1,2
201601CW10851,1,9,0,1,0,8,0,0,0,0,2,1,6,1,-1,-1,-1,-1,-1,-1,-1,-1
201601CW10852,1,8,0,9,0,8,0,0,0,0,1,1,6,1,48,8,-1,-1,-1,4,1,4
201601CW10852,2,1,0,9,0,8,0,0,0,0,2,1,6,2,41,7,-1,-1,-1,9,1,9
201601CW10853,1,9,0,2,0,8,0,0,0,0,2,1,6,1,40,7,1598,1,14,5,1,5
201601CW10853,2,9,0,4,0,8,0,0,0,0,1,1,6,1,-1,-1,2494,1,13,-1,-1,-1
201601CW10854,1,9,0,3,0,1,0,0,0,0,2,1,6,1,37,7,1598,1,6,4,1,4
201601CW10854,2,9,0,18,0,1,0,0,0,0,1,1,6,3,-1,-1,2497,2,12,-1,-1,-1
201601CW10855,1,8,0,9,0,8,0,0,0,0,1,1,1,1,23,5,-1,-1,-1,5,1,5
201601CW10855,2,1,0,17,0,8,0,0,0,0,1,1,6,1,34,6,-1,-1,-1,3,1,3
201601CW10857,1,21,0,9,0,8,0,0,0,0,4,1,1,1,37,7,12740,2,-1,-1,-1,-1
201601CW10857,2,9,0,7,0,8,0,0,0,0,3,1,6,1,34,6,-1,-1,-1,5,1,5
201601CW10858,1,19,0,18,0,0,0,0,0,0,1,1,6,1,26,6,-1,-1,-1,5,1,5
201601CW10858,2,9,0,18,0,0,0,0,0,0,4,1,6,1,37,7,1995,2,1,7,1,7
201601CW10859,1,19,0,9,0,8,0,0,0,0,3,1,6,1,32,6,2143,2,1,7,1,7
201601CW10859,2,5,0,13,0,8,0,0,0,0,1,1,6,1,-1,-1,600,1,10,2,1,2
201601CW10860,1,8,0,18,0,8,0,0,0,0,1,1,1,1,60,9,2402,2,12,10,1,10
201601CW10861,1,3,0,18,0,8,0,0,0,0,1,1,6,2,-1,-1,125,1,1,2,1,2
201601CW10861,2,9,0,9,0,8,0,0,0,0,4,1,6,1,48,8,-1,-1,-1,3,1,3
201601CW10862,1,1,0,18,0,8,0,0,0,0,1,1,6,1,39,7,-1,-1,-1,8,1,8
201601CW10863,1,9,0,18,0,8,0,0,0,0,1,1,6,3,-1,-1,1598,1,1,-1,-1,-1
201601CW10864,1,9,0,18,0,8,0,10,3,10,1,1,6,1,19,4,1388,1,10,1,1,1
201601CW10864,2,9,0,18,0,8,0,0,0,0,1,1,1,1,46,8,-1,-1,-1,7,1,7
201601CW10864,3,9,0,2,0,8,0,0,0,0,3,1,6,1,22,5,1998,1,10,-1,-1,-1
201601CW10865,1,9,0,18,0,2,0,10,3,5,1,1,6,1,27,6,1995,2,4,7,1,7
201601CW10867,1,11,0,5,0,0,0,0,0,0,0,1,1,1,54,8,8650,2,17,2,1,2
201601CW10868,1,3,0,13,0,8,0,0,0,0,1,1,2,1,38,7,125,1,-1,4,1,4
201601CW10868,2,21,0,9,0,8,0,0,0,0,3,1,1,1,55,8,-1,-1,-1,6,1,6
201601CW10869,1,11,0,4,0,8,0,0,0,0,0,1,1,1,52,8,4461,2,3,2,1,2
201601CW10869,2,8,0,4,0,8,0,0,0,0,0,1,1,1,-1,-1,-1,-1,-1,-1,-1,-1
201601CW10870,1,8,0,9,0,8,0,0,0,0,1,1,6,1,47,8,-1,-1,-1,2,1,2
201601CW10870,2,9,0,18,0,8,0,0,0,0,4,1,1,1,-1,-1,-1,-1,-1,-1,-1,-1
201601CW10871,1,19,0,1,0,8,0,0,0,0,2,1,1,1,-1,-1,-1,-1,-1,-1,-1,-1
201601CW10872,1,9,0,18,0,8,0,0,0,0,1,1,6,1,41,7,998,1,8,6,1,6
201601CW10875,1,3,0,18,0,8,0,0,0,0,2,1,6,1,38,7,124,1,-1,3,1,3
201601CW10875,2,1,0,12,0,8,0,0,0,0,1,1,6,1,33,6,-1,-1,-1,3,1,3
201601CW10876,1,3,0,18,0,8,0,0,0,0,1,1,6,1,22,5,125,1,2,4,1,4
201601CW10876,2,9,0,18,0,8,0,0,0,0,1,1,6,1,41,7,2324,1,14,2,1,2
201601CW10877,1,8,0,9,0,8,0,0,0,0,3,1,6,1,28,6,1797,8,2,3,1,3
201601CW10877,2,1,0,14,0,8,0,0,0,0,1,1,6,1,43,7,-1,-1,-1,5,1,5
201601CW10878,1,9,0,18,0,8,0,0,0,0,1,1,6,1,60,9,-1,-1,-1,6,1,6
201601CW10878,2,9,0,3,0,8,0,0,0,0,2,1,6,1,50,8,2148,2,11,2,1,2
201601CW10879,1,8,0,7,0,8,0,0,0,0,1,1,6,1,21,5,1797,8,5,4,1,4
201601CW10880,1,3,0,18,0,8,0,0,0,0,3,1,6,1,33,6,125,1,1,5,1,5
201601CW10880,2,9,0,7,0,8,0,0,0,0,4,1,1,1,28,6,1798,8,2,4,1,4
201601CW10881,1,9,0,18,0,8,0,0,0,0,4,1,6,1,24,5,2993,2,3,10,1,10
201601CW10881,2,8,0,18,0,8,0,0,0,0,4,1,1,1,70,10,2402,2,14,10,1,10
201601CW10882,1,8,0,18,0,8,0,0,0,0,1,1,1,1,19,4,-1,-1,-1,9,1,9
201601CW10882,2,9,0,18,0,8,0,0,0,0,2,1,6,1,41,7,3628,2,9,5,1,5
201601CW10883,1,3,0,17,0,8,0,0,0,0,1,1,6,1,32,6,125,1,-1,3,1,3
201601CW10884,1,9,0,7,0,8,0,0,0,0,4,1,6,1,41,7,2143,2,5,2,1,2
201601CW10884,2,3,0,18,0,8,0,0,0,0,1,1,6,1,27,6,125,1,3,6,1,6
201601CW10885,1,1,0,9,0,8,0,0,0,0,1,1,6,1,15,3,-1,-1,-1,2,1,2
201601CW10885,2,9,0,9,0,8,0,0,0,0,3,1,6,1,39,7,2148,2,8,5,1,5
201601CW10886,1,9,0,18,0,8,0,0,0,0,1,1,6,3,-1,-1,-1,-1,-1,-1,-1,-1
201601CW10887,1,9,0,18,0,8,0,4,0,0,1,1,6,2,-1,-1,3993,1,-1,-1,-1,-1
201601CW10887,2,9,0,2,0,2,0,4,0,0,2,1,6,1,55,8,1998,1,14,3,1,3
201601CW10887,3,9,0,2,0,2,0,0,0,0,2,1,6,1,59,9,2976,1,11,7,2,7
201601CW10888,1,8,0,18,0,8,0,0,0,0,3,1,1,1,50,8,1997,2,5,3,1,3
201601CW10888,2,9,0,6,0,8,0,0,0,0,3,1,6,2,34,6,1995,1,9,-1,-1,-1
201601CW10889,1,5,0,18,0,8,0,0,0,0,3,1,6,1,45,7,1202,1,5,6,1,6
201601CW10889,2,9,0,7,0,8,0,0,0,0,4,1,6,1,-1,-1,1997,2,4,4,1,4
201601CW10890,1,9,0,16,0,1,0,0,0,0,1,1,6,3,-1,-1,-1,-1,-1,-1,-1,-1
201601CW10891,1,9,0,16,0,8,0,0,0,0,2,1,6,1,37,7,1797,8,5,3,1,3
201601CW10891,2,9,0,16,0,8,0,0,0,0,1,1,6,1,31,6,1398,1,8,3,1,3
201601CW10892,1,8,0,18,0,8,0,0,0,0,2,1,1,1,24,5,1968,2,-1,3,1,3
201601CW10892,2,9,0,18,0,8,0,0,0,0,1,1,6,1,-1,-1,1396,1,14,-1,-1,-1