Accident_Index,Vehicle_Reference,Vehicle_Type,Towing_and_Articulation,Vehicle_Manoeuvre,Vehicle_Location-Restricted_Lane,Junction_Location,Skidding_and_Overturning,Hit_Object_in_Carriageway,Vehicle_Leaving_Carriageway,Hit_Object_off_Carriageway,1st_Point_of_Impact,Was_Vehicle_Left_Hand_Drive?,Journey_Purpose_of_Driver,Sex_of_Driver,Age_of_Driver,Age_Band_of_Driver,Engine_Capacity_(CC),Propulsion_Code,Age_of_Vehicle,Driver_IMD_Decile,Driver_Home_Area_Type,Vehicle_IMD_Decile
201601CW10893,1,9,0,3,0,8,0,0,0,0,2,1,6,2,23,5,999,1,2,4,1,4
201601CW10893,2,9,0,18,0,8,0,0,0,0,1,1,6,1,-1,-1,1596,1,12,5,1,5
201601CW10894,1,3,0,9,0,8,0,0,0,0,3,1,6,1,37,7,124,1,6,3,1,3
201601CW10894,2,8,0,18,0,8,0,0,0,0,1,1,6,1,46,8,-1,3,2,10,1,10
201601CW10895,1,21,0,13,0,8,0,0,0,0,4,1,1,1,26,6,10518,2,5,3,1,3
201601CW10895,2,11,0,2,0,8,0,0,0,0,3,1,1,1,26,6,4461,2,2,4,1,4
201601CW10895,3,3,0,14,0,8,0,0,0,0,3,1,6,1,30,6,50,1,15,-1,-1,-1
201601CW10896,1,8,0,18,0,8,0,0,0,0,1,1,1,1,42,7,2143,12,3,2,1,2
201601CW10896,2,8,0,18,0,8,0,0,0,0,4,1,1,1,54,8,1997,2,6,4,1,4
201601CW10897,1,8,0,6,0,8,0,0,0,0,3,1,1,1,70,10,2499,2,6,1,1,1
201601CW10897,2,3,0,13,0,8,0,0,0,0,1,1,6,1,53,8,904,1,17,9,1,9
201601CW10898,1,11,0,4,0,8,0,0,0,0,0,1,1,1,-1,-1,4461,2,3,2,1,2
201601CW10899,1,9,0,11,0,8,0,0,0,0,4,1,6,2,19,4,1199,1,12,7,1,7
201601CW10899,2,1,0,18,0,8,0,0,0,0,1,1,6,1,44,7,-1,-1,-1,4,1,4
201601CW10900,1,21,0,7,0,8,0,0,0,0,4,1,6,1,53,8,4461,2,6,1,1,1
201601CW10900,2,3,0,7,0,8,0,0,0,0,1,1,6,1,18,4,125,1,10,1,1,1
201601CW10901,1,1,0,17,0,0,0,4,0,0,1,1,6,1,55,8,-1,-1,-1,3,1,3
201601CW10901,2,19,0,2,0,0,0,0,0,0,2,1,1,1,23,5,1368,1,1,3,1,3
201601CW10902,1,9,0,18,0,8,0,0,0,0,1,1,6,2,30,6,1984,1,9,-1,-1,-1
201601CW10902,2,3,0,3,0,8,0,0,0,0,2,1,6,1,24,5,109,1,1,1,1,1
201601CW10903,1,11,0,5,0,2,0,0,0,0,0,1,1,1,32,6,4500,2,-1,7,1,7
201601CW10905,1,8,0,18,0,8,0,0,0,0,4,1,1,1,47,8,2499,2,9,1,1,1
201601CW10905,2,1,0,18,0,8,0,0,0,0,3,1,6,1,30,6,-1,-1,-1,4,1,4
201601CW10906,1,8,0,7,0,8,0,0,0,0,4,1,1,1,45,7,2664,2,16,5,1,5
201601CW10906,2,3,0,18,0,8,0,0,0,0,1,1,6,1,48,8,125,1,10,2,1,2
201601CW10907,1,5,0,18,0,0,0,0,0,0,3,1,6,1,30,6,1170,1,5,1,1,1
201601CW10907,2,8,0,11,0,0,0,0,0,0,4,1,6,1,51,8,1798,8,1,7,1,7
201601CW10908,1,19,0,11,0,8,0,0,0,0,4,1,1,1,38,7,2143,2,1,3,1,3
201601CW10908,2,1,0,18,0,8,0,0,0,0,3,1,6,1,34,6,-1,-1,-1,2,1,2
201601CW10909,1,11,0,18,0,2,0,0,0,0,2,1,1,1,33,6,-1,-1,-1,6,1,6
201601CW10909,2,11,0,9,0,8,0,0,0,0,1,1,1,1,51,8,4500,2,1,1,1,1
201601CW10910,1,90,0,2,0,0,0,0,0,0,1,1,6,1,50,8,-1,-1,-1,-1,-1,-1
201601CW10910,2,19,0,1,0,0,0,0,0,0,2,1,1,1,30,6,2999,2,-1,-1,-1,-1
201601CW10911,1,5,0,17,0,8,0,0,0,0,1,1,6,1,45,7,998,1,9,1,1,1
201601CW10912,1,11,0,18,0,0,0,0,0,0,0,1,1,2,39,7,6692,2,6,3,1,3
201601CW10914,1,8,0,9,0,8,0,0,0,0,3,1,6,1,75,10,2499,2,1,10,1,10
201601CW10914,2,1,0,9,0,8,0,0,0,0,4,1,6,1,78,11,-1,-1,-1,5,1,5
201601CW10915,1,1,0,13,0,8,0,0,0,0,1,1,6,1,23,5,-1,-1,-1,7,1,7
201601CW10915,2,9,0,6,0,8,0,0,0,0,3,1,6,1,-1,-1,-1,-1,-1,-1,-1,-1
201601CW10916,1,19,0,18,0,0,0,0,0,0,1,1,1,1,30,6,2198,2,4,2,1,2
201601CW10916,2,3,0,18,0,0,0,0,0,0,1,1,6,1,47,8,125,1,12,5,1,5
201601CW10917,1,8,0,2,0,8,0,0,0,0,3,1,6,1,44,7,2143,2,6,3,1,3
201601CW10917,2,1,0,18,0,8,0,0,0,0,1,1,6,1,30,6,-1,-1,-1,-1,-1,-1
201601CW10918,1,9,0,18,0,8,0,0,0,0,4,1,6,1,50,8,3200,1,9,1,1,1
201601CW10918,2,1,0,18,0,8,0,0,0,0,1,1,6,1,36,7,-1,-1,-1,6,1,6
201601CW10919,1,9,0,18,0,8,0,0,0,0,4,1,6,1,28,6,1968,2,5,6,1,6
201601CW10919,2,8,0,18,0,8,0,0,0,0,1,1,1,1,46,8,-1,-1,-1,-1,-1,-1
201601CW10921,1,9,0,12,0,8,0,0,0,0,3,1,6,1,31,6,1995,2,4,3,1,3
201601CW10921,2,21,0,18,0,8,0,0,0,0,4,1,6,1,-1,-1,6370,2,6,7,1,7
201601CW10922,1,5,0,18,0,8,0,0,0,0,1,1,6,1,45,7,1199,1,2,3,1,3
201601CW10923,1,3,0,3,0,0,0,0,0,0,2,1,6,1,43,7,-1,-1,-1,2,1,2
201601CW10923,2,19,0,4,0,0,0,0,0,0,1,1,6,1,38,7,2148,2,8,-1,-1,-1
201601CW10925,1,9,0,17,0,8,0,0,0,0,1,1,6,1,22,5,1796,1,11,3,1,3
201601CW10926,1,1,0,18,5,8,0,0,0,0,3,1,6,1,-1,-1,-1,-1,-1,-1,-1,-1
201601CW10927,1,1,0,18,0,8,0,0,0,0,4,1,6,1,28,6,-1,-1,-1,4,1,4
201601CW10927,2,9,0,7,0,8,0,0,0,0,1,1,6,3,-1,-1,-1,-1,-1,-1,-1,-1
201601CW10928,1,19,0,16,0,8,0,0,0,0,1,1,1,1,-1,-1,1998,2,12,-1,-1,-1
201601CW10928,2,1,0,17,0,8,0,0,0,0,4,1,6,1,24,5,-1,-1,-1,2,1,2
201601CW10929,1,9,0,3,0,1,0,0,0,0,2,1,1,1,45,7,1798,8,-1,2,1,2
201601CW10929,2,19,0,4,0,1,0,0,0,0,1,1,1,1,35,6,2464,2,6,4,1,4
201601CW10930,1,1,0,18,0,8,0,0,0,0,2,1,6,1,41,7,-1,-1,-1,7,1,7
201601CW10930,2,9,0,7,0,8,0,0,0,0,1,1,6,1,-1,-1,-1,-1,-1,-1,-1,-1
201601CW10932,1,1,0,18,0,2,0,0,0,0,1,1,6,1,43,7,-1,-1,-1,3,1,3
201601CW10932,2,19,0,2,0,8,0,0,0,0,3,1,1,1,-1,-1,2143,2,-1,-1,-1,-1
201601CW10933,1,19,0,18,0,8,0,0,0,0,1,1,6,1,26,6,-1,-1,-1,2,1,2
201601CW10933,2,1,0,3,0,8,0,0,0,0,2,1,6,1,44,7,-1,-1,-1,4,1,4
201601CW10934,1,9,0,18,0,8,0,0,0,0,4,1,6,1,43,7,1984,1,6,7,1,7
201601CW10935,1,11,0,17,0,8,0,0,0,0,0,1,6,1,48,8,4461,2,2,6,1,6
201601CW10936,1,19,0,18,0,0,0,0,0,0,4,1,1,1,21,5,1995,2,2,8,2,8
201601CW10937,1,3,0,9,0,8,0,0,0,0,1,1,6,1,22,5,125,1,10,3,1,3
201601CW10937,2,8,0,9,0,8,0,0,0,0,3,1,1,1,52,8,1339,8,6,3,1,3
201601CW10938,1,9,0,9,0,8,0,0,0,0,1,1,6,1,30,6,1339,8,4,1,1,1
201601CW10938,2,1,0,18,0,8,0,0,0,0,1,1,6,1,49,8,-1,-1,-1,10,1,10
201601CW10939,1,9,0,1,0,8,0,10,7,2,3,1,6,1,35,6,2987,2,1,2,1,2
201601CW10940,1,8,0,7,0,8,0,0,0,0,1,1,6,1,60,9,1596,1,7,5,1,5
201601CW10940,2,1,0,18,0,8,0,0,0,0,4,1,6,2,32,6,-1,-1,-1,-1,-1,-1
201601CW10942,1,8,0,6,0,8,0,0,0,0,3,1,1,1,60,9,1791,8,5,7,1,7
201601CW10942,2,3,0,16,0,8,0,0,0,0,1,1,6,1,26,6,108,1,5,3,1,3
201601CW10943,1,1,0,18,3,0,0,0,0,0,3,1,6,1,39,7,-1,-1,-1,9,1,9
201601CW10943,2,9,0,18,0,0,0,0,0,0,4,1,6,1,-1,-1,1560,2,9,10,2,10
201601CW10944,1,5,0,7,0,8,0,0,0,0,4,1,6,1,62,9,124,1,7,-1,-1,-1
201601CW10944,2,1,0,15,0,8,0,0,0,0,1,1,6,1,28,6,-1,-1,-1,2,1,2
201601CW10945,1,8,0,18,0,0,0,0,0,0,4,1,1,3,-1,-1,-1,-1,-1,-1,-1,-1
201601CW10946,1,8,0,5,0,0,0,0,0,0,0,1,1,1,-1,-1,2499,2,2,-1,-1,-1
201601CW10947,1,8,0,18,0,8,0,10,3,1,1,1,6,1,45,7,2143,2,4,2,1,2
201601CW10948,1,9,0,9,0,8,0,0,0,0,1,1,6,3,-1,-1,-1,-1,-1,-1,-1,-1
201601CW10949,1,1,0,18,0,1,0,0,0,0,3,1,2,1,32,6,-1,-1,-1,4,1,4
201601CW10949,2,21,0,18,0,1,0,0,0,0,4,1,1,1,-1,-1,2287,2,3,-1,-1,-1
201601CW10950,1,8,0,3,0,2,0,0,0,0,4,1,1,1,-1,-1,-1,-1,-1,-1,-1,-1
201601CW10950,2,11,0,18,0,2,0,8,0,0,1,1,1,3,-1,-1,-1,-1,-1,-1,-1,-1
201601CW10951,1,4,0,18,0,0,0,0,0,0,3,1,2,1,-1,-1,-1,-1,-1,-1,-1,-1
201601CW10952,1,8,0,11,0,8,0,0,0,0,1,1,1,1,33,6,-1,-1,-1,-1,-1,-1
201601CW10954,1,9,0,7,0,8,0,0,0,0,4,1,6,1,39,7,2143,2,2,-1,-1,-1
201601CW10954,2,1,0,18,0,8,0,0,0,0,1,1,6,1,43,7,-1,-1,-1,8,1,8
201601CW10955,1,9,0,9,0,8,0,0,0,0,0,1,6,1,79,11,-1,3,9,7,1,7
201601CW10956,1,8,0,12,0,0,0,0,0,0,3,1,6,1,42,7,1560,2,3,5,1,5
201601CW10956,2,1,0,18,0,0,0,0,0,0,1,1,6,1,24,5,-1,-1,-1,3,1,3
201601CW10957,1,9,0,18,2,8,0,0,0,0,1,1,6,1,53,8,1360,1,13,4,1,4
201601CW10957,2,3,0,18,0,8,0,0,0,0,4,1,6,1,35,6,124,1,5,2,1,2
201601CW10958,1,1,0,17,0,8,0,0,0,0,4,1,6,1,46,8,-1,-1,-1,-1,-1,-1
201601CW10959,1,5,0,15,0,2,0,10,1,2,3,1,2,1,31,6,649,1,-1,3,1,3
201601CW10959,2,19,0,11,0,2,0,0,0,0,4,1,1,1,40,7,2998,2,-1,9,1,9
201601CW10960,1,11,0,4,2,8,0,0,0,0,1,1,1,1,53,8,4500,2,5,-1,-1,-1
201601CW10960,2,9,0,7,0,8,0,0,0,0,4,1,1,1,33,6,-1,-1,-1,5,1,5
201601CW10963,1,5,0,17,0,8,0,8,0,0,3,1,6,1,48,8,745,1,-1,3,1,3
201601CW10963,2,8,0,3,0,8,0,0,0,0,4,1,6,1,41,7,2143,2,4,6,1,6
201601CW10964,1,11,0,18,0,8,0,0,0,0,3,1,1,1,50,8,6700,2,8,-1,-1,-1
201601CW10964,2,9,0,11,0,8,0,0,0,0,4,1,6,1,-1,-1,-1,-1,-1,-1,-1,-1
201601CW10965,1,11,0,5,0,8,0,0,0,0,0,1,1,1,-1,-1,4461,2,2,3,1,3
201601CW10966,1,3,0,18,0,0,0,0,0,0,3,1,6,1,27,6,125,1,4,5,1,5
201601CW10967,1,9,0,9,0,8,0,0,0,0,2,1,1,1,62,9,1796,1,12,5,1,5
201601CW10967,2,1,0,18,0,8,0,0,0,0,1,1,2,1,31,6,-1,-1,-1,3,1,3
201601CW10969,1,9,0,18,0,8,0,0,0,0,1,1,6,2,42,7,1797,8,6,3,1,3
201601CW10969,2,5,0,18,0,8,0,0,0,0,3,1,6,1,29,6,-1,-1,-1,2,1,2
201601CW10970,1,9,0,14,0,0,0,0,0,0,4,1,6,2,47,8,1968,2,2,6,1,6
201601CW10970,2,11,0,12,0,0,0,0,0,0,3,1,1,1,53,8,5132,2,2,4,1,4
201601CW10971,1,5,0,14,0,8,0,0,0,0,1,1,6,1,41,7,1255,1,3,2,1,2
201601CW10971,2,9,0,9,0,8,0,0,0,0,3,1,6,1,46,8,2993,2,10,5,1,5
201601CW10972,1,1,0,11,0,8,0,0,0,0,4,1,1,1,52,8,-1,-1,-1,-1,-1,-1
201601CW10972,2,11,0,12,0,8,0,0,0,0,3,1,1,1,37,7,4500,2,6,5,1,5
201601CW10973,1,11,0,18,0,8,0,0,0,0,4,1,1,1,44,7,6700,2,4,3,1,3
201601CW10973,2,1,0,7,0,8,0,0,0,0,1,1,6,1,36,7,-1,-1,-1,-1,-1,-1
201601CW10975,1,9,0,9,0,2,0,0,0,0,1,1,6,1,70,10,-1,-1,-1,2,1,2
201601CW10976,1,8,0,7,0,8,0,0,0,0,3,1,1,1,83,11,2499,2,2,6,1,6
201601CW10977,1,3,0,15,0,8,0,0,0,0,3,1,6,1,21,5,1832,1,3,-1,-1,-1
201601CW10977,2,9,0,9,0,8,0,0,0,0,2,1,6,1,-1,-1,-1,-1,-1,-1,-1,-1
201601CW10978,1,8,0,18,0,8,0,0,0,0,4,1,6,1,63,9,1910,2,7,2,1,2
201601CW10978,2,1,0,18,0,8,0,0,0,0,1,1,6,1,30,6,-1,-1,-1,-1,-1,-1
201601CW10979,1,9,0,18,0,8,0,0,0,0,3,1,6,1,47,8,2967,2,3,8,1,8
201601CW10979,2,9,0,9,0,8,0,0,0,0,1,1,6,1,31,6,1390,1,12,-1,-1,-1
201601CW10981,1,8,0,7,0,8,0,0,0,0,0,1,1,1,66,10,2148,2,6,1,1,1
201601CW10982,1,11,0,5,0,8,0,0,0,0,0,1,6,1,-1,-1,4500,2,6,3,1,3
201601CW10983,1,9,0,18,0,8,0,0,0,0,4,1,6,3,-1,-1,1995,2,4,-1,-1,-1
201601CW10983,2,1,0,18,0,8,0,0,0,0,3,1,6,2,30,6,-1,-1,-1,3,1,3
201601CW10987,1,8,0,18,0,8,0,0,0,0,4,1,1,1,46,8,2499,2,5,5,1,5
201601CW10987,2,1,0,18,0,8,0,0,0,0,3,1,6,1,23,5,-1,-1,-1,4,1,4
201601CW10988,1,9,0,18,0,8,0,0,0,0,3,1,6,1,35,6,1968,2,2,6,1,6
201601CW10988,2,9,0,9,0,8,0,0,0,0,1,1,6,1,-1,-1,2967,2,1,7,1,7
201601CW10989,1,11,0,5,0,1,0,0,0,0,0,1,1,1,43,7,4461,2,2,4,1,4
201601CW10990,1,9,0,18,0,8,0,0,0,0,1,2,6,2,50,8,-1,-1,-1,5,1,5
201601CW10990,2,3,0,18,0,8,0,0,0,0,4,1,6,1,34,6,108,1,2,7,1,7
201601CW10992,1,1,0,18,4,1,0,0,0,0,1,1,2,1,53,8,-1,-1,-1,2,1,2
201601CW10994,1,3,0,18,0,8,0,0,0,0,3,1,6,1,25,5,-1,-1,-1,10,1,10
201601CW10994,2,8,0,7,0,8,0,0,0,0,4,1,6,1,49,8,2402,2,11,7,2,7
201601CW10995,1,9,0,18,0,8,0,0,0,0,1,1,6,2,68,10,998,1,-1,5,1,5
201601CW10996,1,9,0,7,0,8,0,0,0,0,1,1,1,1,41,7,-1,-1,-1,3,1,3
201601CW10996,2,3,0,18,0,8,0,0,0,0,1,1,6,1,27,6,125,1,-1,4,1,4
201601CW10997,1,8,0,18,0,8,0,0,0,0,4,1,1,1,59,9,2664,2,15,5,1,5
201601CW10997,2,8,0,5,0,8,0,0,0,0,1,1,1,1,29,6,-1,-1,-1,3,1,3
201601CW10998,1,1,0,18,0,8,0,0,0,0,3,1,6,2,32,6,-1,-1,-1,9,1,9
201601CW10998,2,19,0,7,0,8,0,0,0,0,4,1,1,1,-1,-1,-1,-1,-1,-1,-1,-1
201601CW10999,1,1,0,18,0,8,0,0,0,0,3,1,6,1,50,8,-1,-1,-1,4,1,4
201601CW10999,2,19,0,7,0,8,0,0,0,0,4,1,6,1,-1,-1,2198,2,6,-1,-1,-1
201601CW11000,1,1,0,18,0,8,0,0,0,0,2,1,6,1,32,6,-1,-1,-1,8,1,8
201601CW11000,2,9,0,18,0,8,0,0,0,0,1,1,6,1,-1,-1,-1,-1,-1,2,1,2
201601CW11001,1,1,0,18,0,8,0,0,0,0,1,1,6,1,43,7,-1,-1,-1,8,1,8
201601CW11002,1,9,0,6,0,2,0,0,0,0,3,1,1,1,44,7,1798,8,1,4,1,4
201601CW11002,2,3,0,13,0,1,0,0,0,0,1,1,6,1,45,7,125,1,11,1,1,1
201601CW11004,1,19,0,18,0,8,0,0,0,0,1,1,1,1,44,7,1560,2,7,6,1,6
201601CW11005,1,90,0,18,0,0,0,0,0,0,1,1,6,1,-1,-1,-1,-1,-1,-1,-1,-1
201601CW11006,1,9,0,18,0,8,0,0,0,0,1,1,6,1,19,4,1598,1,13,2,1,2
201601CW11007,1,9,0,18,0,1,0,0,0,0,3,1,1,1,-1,-1,-1,-1,-1,4,1,4
201601CW11007,2,9,0,11,0,1,0,0,0,0,4,1,6,2,-1,-1,1995,2,3,-1,-1,-1
201601CW11008,1,19,0,7,0,8,0,0,0,0,4,1,1,1,47,8,2298,2,-1,1,1,1
201601CW11008,2,1,0,18,0,8,0,10,0,0,3,1,6,1,36,7,-1,-1,-1,7,1,7
201601CW11009,1,11,0,4,0,0,0,0,0,0,0,1,1,1,64,9,4760,2,3,7,1,7
201601CW11010,1,3,0,14,0,2,0,0,0,0,1,1,6,1,27,6,125,1,1,4,1,4
201601CW11011,1,11,0,18,0,2,0,0,0,0,1,1,6,1,51,8,4461,2,2,2,1,2
201601CW11013,1,9,0,18,0,8,0,0,0,0,0,1,6,1,-1,-1,2771,1,14,-1,-1,-1
201601CW11014,1,9,0,18,0,2,0,0,0,0,1,1,6,2,35,6,-1,-1,-1,-1,-1,-1
201601CW11014,2,8,0,3,0,2,0,0,0,0,2,1,1,1,44,7,2143,2,5,2,1,2
201601CW11015,1,9,0,9,0,8,0,0,0,0,1,1,6,1,33,6,1968,2,2,10,1,10
201601CW11015,2,3,0,14,0,8,0,0,0,0,1,1,6,2,29,6,125,1,4,3,1,3
201601CW11016,1,9,0,9,0,8,0,0,0,0,1,1,6,1,26,6,1796,1,9,-1,-1,-1
201601CW11017,1,8,0,15,0,8,0,0,0,0,1,1,6,1,52,8,2499,2,6,5,1,5
201601CW11017,2,1,0,9,0,8,0,0,0,0,4,1,6,2,27,6,-1,-1,-1,4,1,4
201601CW11018,1,1,0,18,0,8,0,0,0,0,1,1,6,1,47,8,-1,-1,-1,3,1,3
201601CW11019,1,3,0,18,0,8,0,0,0,0,4,1,6,1,19,4,125,1,5,1,1,1
201601CW11020,1,1,0,16,0,0,0,0,0,0,1,1,6,1,40,7,-1,-1,-1,6,1,6
201601CW11021,1,9,0,3,0,0,0,0,0,0,2,1,6,1,48,8,1388,1,13,4,1,4
201601CW11021,2,9,0,4,0,0,0,0,0,0,1,1,6,1,-1,-1,1997,2,7,-1,-1,-1
201601CW11022,1,8,0,2,0,8,0,0,0,0,2,1,6,1,32,6,2499,2,1,5,1,5
201601CW11022,2,1,0,18,0,8,0,4,0,0,1,1,6,1,30,6,-1,-1,-1,5,1,5
201601CW11023,1,3,0,18,0,0,0,10,1,2,1,1,6,1,38,7,125,1,10,3,1,3
201601CW11024,1,19,0,7,0,8,0,0,0,0,4,1,6,1,26,6,-1,-1,-1,7,3,7
201601CW11024,2,1,0,18,0,8,0,0,0,0,1,1,6,1,45,7,-1,-1,-1,9,1,9
201601CW11025,1,1,0,18,0,0,0,0,0,0,3,1,6,1,41,7,-1,-1,-1,3,1,3
201601CW11025,2,11,0,13,0,0,0,0,0,0,4,1,1,1,32,6,7300,2,12,1,1,1
201601CW11026,1,8,0,18,0,0,0,0,0,0,1,1,1,1,54,8,2499,2,7,3,1,3
201601CW11026,2,11,0,2,0,0,0,0,0,0,2,1,1,1,33,6,12900,2,2,6,1,6
201601CW11027,1,8,0,18,0,8,0,0,0,0,0,1,6,1,43,7,2198,2,1,-1,-1,-1
201601CW11028,1,9,0,18,0,0,0,0,0,0,4,1,6,1,46,8,-1,-1,-1,-1,-1,-1
201601CW11028,2,19,0,12,0,0,0,0,0,0,3,1,6,1,-1,-1,-1,-1,-1,-1,-1,-1
201601CW11029,1,9,0,18,0,8,0,0,0,0,4,1,6,2,40,7,2967,2,3,7,1,7
201601CW11029,2,9,0,18,0,8,0,0,0,0,1,1,6,1,54,8,2495,1,15,2,1,2
201601CW11030,1,9,0,9,0,8,0,0,0,0,1,1,6,1,32,6,999,1,-1,8,1,8
201601CW11030,2,1,0,18,0,8,0,0,0,0,1,1,6,1,29,6,-1,-1,-1,3,1,3
201601CW11031,1,9,0,18,0,0,0,10,0,0,1,1,6,1,48,8,-1,-1,-1,2,1,2
201601CW11033,1,8,0,6,0,8,0,0,0,0,3,1,1,1,36,7,2499,2,7,7,1,7
201601CW11033,2,1,0,18,0,8,0,0,0,0,1,1,6,2,27,6,-1,-1,-1,3,1,3
201601CW11034,1,9,0,18,0,0,0,0,0,0,1,1,6,3,-1,-1,-1,-1,-1,-1,-1,-1
201601CW11035,1,1,0,18,0,0,0,8,0,0,1,1,6,2,43,7,-1,-1,-1,7,1,7
201601CW11035,2,9,0,2,0,0,0,0,0,0,3,1,6,2,-1,-1,-1,-1,-1,-1,-1,-1
201601CW11036,1,1,0,18,0,8,0,0,0,0,3,1,6,1,42,7,-1,-1,-1,7,1,7
201601CW11036,2,9,0,9,0,8,0,0,0,0,1,1,6,1,-1,-1,1598,1,7,-1,-1,-1
201601CW11038,1,9,0,9,0,8,0,10,7,0,1,1,6,1,-1,-1,1197,1,-1,3,1,3
201601CW11039,1,1,0,18,0,8,0,0,0,0,3,1,1,1,-1,-1,-1,-1,-1,-1,-1,-1
201601CW11039,2,11,0,13,0,8,0,0,0,0,4,1,1,1,-1,-1,4500,2,6,4,1,4
201601CW11040,1,11,0,5,0,0,0,0,0,0,3,1,1,1,50,8,7140,2,4,1,1,1
201601CW11040,2,9,0,13,0,0,0,0,0,0,4,1,1,1,36,7,1598,1,9,3,1,3
201601CW11041,1,3,0,18,0,8,0,0,0,0,3,1,6,1,29,6,125,1,1,2,1,2
201601CW11042,1,8,0,9,0,8,0,0,0,0,4,1,6,1,53,8,2143,2,2,-1,-1,-1
201601CW11043,1,9,0,18,0,8,0,0,0,0,1,1,6,1,49,8,2993,2,3,7,1,7
201601CW11043,2,1,0,18,0,8,0,0,0,0,4,1,6,2,32,6,-1,-1,-1,-1,-1,-1
201601CW11046,1,9,0,18,0,1,0,0,0,0,4,1,2,1,26,6,2183,2,4,7,1,7
201601CW11046,2,8,0,12,0,1,0,0,0,0,3,1,1,1,44,7,1997,2,1,-1,-1,-1
201601CW11047,1,5,0,9,0,2,0,0,0,0,3,1,2,1,51,8,656,1,6,4,1,4
201601CW11048,1,3,0,18,0,8,0,0,0,0,1,1,6,1,29,6,125,1,-1,-1,-1,-1
201601CW11048,2,9,0,9,0,8,0,0,0,0,3,1,6,1,40,7,1598,2,-1,2,1,2
201601CW11049,1,9,0,18,0,8,0,0,0,0,1,1,6,1,28,6,799,2,3,2,1,2
201601CW11050,1,3,0,3,0,8,0,0,0,0,2,1,6,1,25,5,-1,-1,-1,-1,-1,-1
201601CW11050,2,9,0,18,0,1,0,0,0,0,2,1,6,1,38,7,1968,2,2,3,1,3
201601CW11050,3,19,0,18,0,1,0,0,0,0,2,1,6,1,33,6,1968,2,2,2,1,2
201601CW11050,4,11,0,18,0,1,0,0,0,0,1,1,6,1,63,9,4500,2,1,3,1,3
201601CW11051,1,8,0,9,0,8,0,0,0,0,1,1,1,1,42,7,2987,2,3,2,1,2
201601CW11051,2,3,0,18,0,8,0,0,0,0,1,1,1,1,34,6,108,1,1,5,1,5
201601CW11052,1,9,0,11,0,8,0,0,0,0,1,1,6,1,28,6,1596,1,12,1,1,1
201601CW11052,2,9,0,4,0,8,0,0,0,0,1,1,6,1,40,7,1797,8,6,3,1,3
201601CW11053,1,9,0,18,0,8,0,0,0,0,1,1,6,1,-1,-1,-1,-1,-1,-1,-1,-1
201601CW11054,1,3,0,18,0,8,0,0,0,0,4,1,6,3,-1,-1,-1,-1,-1,-1,-1,-1
201601CW11055,1,3,0,14,0,8,0,0,0,0,1,1,6,1,-1,-1,125,1,2,3,1,3
201601CW11056,1,9,0,18,0,0,0,0,0,0,1,1,1,1,55,8,1968,2,1,2,1,2
201601CW11057,1,9,0,2,0,0,0,0,0,0,2,1,6,1,26,6,1596,1,13,6,1,6
201601CW11057,2,9,0,18,0,0,0,4,0,0,1,1,6,1,36,7,-1,-1,-1,2,1,2
201601CW11062,1,3,0,8,0,8,0,0,0,0,2,1,6,1,49,8,278,1,4,4,1,4
201601CW11062,2,9,0,7,0,8,0,0,0,0,1,1,6,3,-1,-1,1598,2,2,-1,-1,-1
201601CW11065,1,1,0,18,0,8,0,0,0,0,1,1,6,1,22,5,-1,-1,-1,3,1,3
201601CW11065,2,8,0,18,0,8,0,0,0,0,3,1,1,1,51,8,2499,2,2,4,1,4
201601CW11065,3,8,0,3,0,8,0,0,0,0,4,1,6,1,24,5,1798,8,4,9,1,9
201601CW11067,1,11,0,5,0,0,0,0,0,0,0,1,1,1,56,9,4500,2,1,-1,-1,-1
201601CW11068,1,9,0,5,0,1,0,0,0,0,1,1,2,1,26,6,-1,-1,-1,3,1,3
201601CW11068,2,9,0,3,0,1,0,0,0,0,2,1,2,1,29,6,1797,8,5,4,1,4
201601CW11069,1,8,0,18,0,8,0,0,0,0,1,1,1,1,74,10,2499,2,1,8,1,8
201601CW11069,2,3,0,9,0,8,0,0,0,0,4,1,6,1,49,8,125,1,1,2,1,2
201601CW11070,1,19,0,3,0,0,0,0,0,0,3,1,1,1,38,7,1560,2,1,-1,-1,-1
201601CW11070,2,9,0,18,0,0,0,0,0,0,3,1,6,3,-1,-1,-1,-1,-1,-1,-1,-1
201601CW11071,1,3,0,17,0,1,0,0,0,0,1,1,6,1,24,5,108,1,2,7,1,7
201601CW11071,2,3,0,7,0,8,0,0,0,0,1,1,6,1,-1,-1,125,1,1,-1,-1,-1
201601CW11072,1,9,0,3,0,1,0,0,0,0,2,1,6,2,-1,-1,1461,2,2,10,1,10
201601CW11072,2,9,0,4,0,1,0,0,0,0,1,1,6,1,-1,-1,1896,2,15,-1,-1,-1
201601CW11073,1,9,0,1,0,0,0,0,0,0,0,1,1,1,-1,-1,-1,-1,-1,3,1,3
201601CW11074,1,8,0,18,0,1,0,0,0,0,4,1,1,1,48,8,2402,2,11,9,2,9
201601CW11075,1,3,0,15,2,8,0,0,0,0,3,1,6,1,21,5,108,1,-1,-1,-1,-1
201601CW11075,2,8,0,7,2,8,0,0,0,0,4,1,1,1,34,6,1956,2,4,2,1,2
201601CW11076,1,9,0,18,0,8,0,0,0,0,3,1,6,2,34,6,599,1,15,7,1,7
201601CW11076,2,1,0,18,0,8,0,0,0,0,1,1,6,1,32,6,-1,-1,-1,-1,-1,-1
201601CW11077,1,9,0,7,0,8,0,0,0,0,1,1,6,3,-1,-1,1339,1,9,-1,-1,-1
201601CW11077,2,90,0,18,0,8,0,0,0,0,3,1,6,2,67,10,-1,-1,-1,-1,-1,-1
201601CW11078,1,9,0,18,0,0,0,0,0,0,1,1,6,1,29,6,1398,1,-1,5,1,5
201601CW11079,1,8,0,3,0,2,0,0,0,0,2,1,1,1,56,9,2402,2,12,9,1,9
201601CW11079,2,19,0,18,0,2,0,0,0,0,1,1,1,1,-1,-1,2198,2,5,-1,-1,-1