Accident_Index,Vehicle_Reference,Vehicle_Type,Towing_and_Articulation,Vehicle_Manoeuvre,Vehicle_Location-Restricted_Lane,Junction_Location,Skidding_and_Overturning,Hit_Object_in_Carriageway,Vehicle_Leaving_Carriageway,Hit_Object_off_Carriageway,1st_Point_of_Impact,Was_Vehicle_Left_Hand_Drive?,Journey_Purpose_of_Driver,Sex_of_Driver,Age_of_Driver,Age_Band_of_Driver,Engine_Capacity_(CC),Propulsion_Code,Age_of_Vehicle,Driver_IMD_Decile,Driver_Home_Area_Type,Vehicle_IMD_Decile
201601CW11083,1,8,0,5,0,8,0,0,0,0,3,1,1,1,57,9,1796,1,2,2,1,2
201601CW11084,1,11,0,18,0,1,0,0,0,0,1,1,1,2,51,8,-1,-1,-1,3,1,3
201601CW11085,1,11,0,18,0,0,0,0,0,0,4,1,6,3,-1,-1,-1,-1,-1,-1,-1,-1
201601CW11086,1,9,0,9,0,8,0,0,0,0,1,1,6,1,55,8,1598,1,1,3,1,3
201601CW11086,2,9,0,18,0,8,0,0,0,0,3,1,6,2,30,6,2143,2,1,3,1,3
201601CW11087,1,11,0,4,0,1,0,0,0,0,0,1,1,1,46,8,4500,2,2,8,1,8
201601CW11088,1,1,0,18,0,0,0,0,0,0,1,1,6,1,32,6,-1,-1,-1,3,1,3
201601CW11088,2,9,0,18,0,0,0,0,0,0,1,1,6,3,-1,-1,-1,-1,-1,-1,-1,-1
201601CW11090,1,1,0,4,0,1,0,0,0,0,3,1,6,2,46,8,-1,-1,-1,4,1,4
201601CW11091,1,9,0,18,0,1,0,0,0,0,1,1,1,1,23,5,2143,2,1,5,1,5
201601CW11091,2,9,0,3,0,1,0,0,0,0,2,1,1,1,24,5,1798,8,1,4,1,4
201601CW11091,3,9,0,3,0,1,0,0,0,0,2,1,1,1,29,6,1560,2,2,2,1,2
201601CW11092,1,8,0,12,0,1,0,0,0,0,3,1,1,1,-1,-1,1798,8,1,4,1,4
201601CW11092,2,3,0,18,0,1,1,0,0,0,4,1,6,1,16,4,124,1,9,4,1,4
201601CW11093,1,8,0,9,0,2,0,0,0,0,1,1,1,1,31,6,1797,8,5,1,1,1
201601CW11094,1,8,0,18,0,1,0,0,0,0,3,1,1,1,39,7,1797,8,6,1,1,1
201601CW11095,1,9,0,3,0,1,0,0,0,0,2,1,6,1,39,7,1968,2,7,2,1,2
201601CW11095,2,9,0,18,0,1,0,0,0,0,1,1,6,3,-1,-1,-1,-1,-1,-1,-1,-1
201601CW11099,1,1,0,18,0,1,0,0,0,0,1,1,6,2,22,5,-1,-1,-1,3,1,3
201601CW11099,2,1,0,18,0,1,0,0,0,0,2,1,6,3,-1,-1,-1,-1,-1,-1,-1,-1
201601CW11101,1,8,0,6,0,0,0,0,0,0,2,1,1,1,43,7,2499,2,8,2,1,2
201601CW11101,2,1,0,18,0,0,0,0,0,0,1,1,6,1,22,5,-1,-1,-1,5,1,5
201601CW11102,1,9,0,18,0,0,0,0,0,0,1,1,1,1,22,5,1229,1,1,9,1,9
201601CW11104,1,20,0,3,0,0,0,0,0,0,2,1,1,1,-1,-1,9290,2,6,5,1,5
201601CW11104,2,9,0,18,0,0,0,0,0,0,1,1,6,1,53,8,1560,2,1,4,1,4
201601CW11104,3,9,0,3,0,0,0,0,0,0,1,1,6,1,43,7,1956,2,5,3,1,3
201601CW11105,1,3,0,18,0,1,0,10,1,0,1,1,1,1,24,5,125,1,12,3,1,3
201601CW11106,1,1,0,7,0,2,1,0,0,0,1,1,6,1,16,4,-1,-1,-1,8,1,8
201601CW11106,2,9,0,18,0,1,0,0,0,0,3,1,6,1,35,6,1587,1,10,1,1,1
201601CW11107,1,9,0,9,0,2,0,0,0,0,1,1,6,2,42,7,4966,1,12,2,1,2
201601CW11109,1,8,0,9,0,2,0,0,0,0,1,1,1,1,53,8,2499,2,9,1,1,1
201601CW11111,1,8,0,2,0,2,0,0,0,0,3,1,1,1,75,10,2143,2,4,9,1,9
201601CW11111,2,1,0,18,0,2,0,8,0,0,1,1,6,1,-1,-1,-1,-1,-1,4,1,4
201601CW11112,1,9,0,12,0,1,0,0,0,0,3,1,6,1,38,7,1386,1,13,4,1,4
201601CW11112,2,9,0,18,0,1,0,0,0,0,4,1,1,1,30,6,1790,8,4,2,1,2
201601CW11113,1,9,0,18,0,0,0,0,0,0,3,1,6,1,54,8,1796,1,12,6,1,6
201601CW11115,1,1,0,4,0,1,0,0,0,0,2,1,6,2,31,6,-1,-1,-1,-1,-1,-1
201601CW11115,2,9,0,4,0,1,0,0,0,0,1,1,6,3,-1,-1,1968,2,8,-1,-1,-1
201601CW11118,1,9,0,2,0,2,0,0,0,0,3,1,6,1,-1,-1,2494,1,12,3,1,3
201601CW11118,2,1,0,18,0,2,0,8,0,0,1,1,6,2,30,6,-1,-1,-1,3,1,3
201601CW11119,1,9,0,4,0,1,0,0,0,0,3,1,6,3,-1,-1,-1,-1,-1,-1,-1,-1
201601CW11120,1,11,0,18,0,0,0,0,0,0,0,1,1,1,44,7,6692,2,7,4,1,4
201601CW11121,1,2,0,18,0,1,0,0,0,0,1,1,6,1,19,4,125,1,6,3,1,3
201601CW11121,2,1,0,11,0,1,0,0,0,0,4,1,6,1,40,7,-1,-1,-1,1,1,1
201601CW11122,1,11,0,4,0,1,0,0,0,0,2,1,1,2,56,9,4461,2,2,1,1,1
201601CW11122,2,9,0,4,0,1,0,0,0,0,2,1,6,2,20,4,2776,2,1,7,1,7
201601CW11122,3,9,0,18,0,1,0,0,0,0,1,1,6,3,-1,-1,1595,1,2,-1,-1,-1
201601CW11123,1,8,0,9,0,2,0,0,0,0,1,1,1,1,57,9,2143,2,4,7,1,7
201601CW11124,1,9,0,18,0,0,0,0,0,0,3,1,1,1,59,9,1497,8,9,3,1,3
201601CW11125,1,19,0,4,0,0,0,0,0,0,2,1,6,1,36,7,2148,2,9,7,1,7
201601CW11125,2,4,0,4,0,0,0,0,0,0,3,1,6,1,49,8,108,1,5,1,1,1
201601CW11126,1,1,0,5,0,1,0,0,0,0,2,1,6,2,70,10,-1,-1,-1,3,1,3
201601CW11126,2,9,0,5,0,1,0,0,0,0,1,1,6,3,-1,-1,-1,-1,-1,-1,-1,-1
201601CW11127,1,1,0,18,5,0,0,0,0,0,1,1,2,1,27,6,-1,-1,-1,-1,-1,-1
201601CW11127,2,1,0,18,5,0,0,0,0,0,1,1,2,1,26,6,-1,-1,-1,1,1,1
201601CW11128,1,8,0,9,0,2,0,7,0,0,1,1,1,1,40,7,1598,2,4,6,1,6
201601CW11129,1,1,0,18,0,1,0,0,0,0,1,1,6,1,23,5,-1,-1,-1,2,1,2
201601CW11130,1,9,0,9,0,8,0,0,0,0,1,1,6,1,56,9,-1,-1,-1,4,1,4
201601CW11130,2,1,0,18,0,8,0,0,0,0,1,1,6,1,-1,-1,-1,-1,-1,-1,-1,-1
201601CW11131,1,8,0,18,0,1,0,0,0,0,4,1,1,1,-1,-1,1797,8,4,2,1,2
201601CW11131,2,1,0,15,0,1,0,8,0,0,1,1,6,2,45,7,-1,-1,-1,9,1,9
201601CW11133,1,3,0,5,0,8,0,0,0,0,1,1,6,1,44,7,125,1,4,3,1,3
201601CW11134,1,9,0,18,0,8,0,0,0,0,1,1,6,1,51,8,1596,1,14,-1,-1,-1
201601CW11134,2,19,0,5,0,8,0,0,0,0,4,1,1,1,35,6,2402,2,9,4,1,4
201601CW11135,1,4,0,18,0,8,0,0,0,0,4,1,6,1,33,6,-1,-1,-1,3,1,3
201601CW11135,2,9,0,5,0,8,0,0,0,0,1,1,6,2,59,9,-1,-1,-1,-1,-1,-1
201601CW11136,1,8,0,18,0,8,0,0,0,0,3,1,1,1,54,8,1997,2,2,6,1,6
201601CW11136,2,9,0,18,0,8,0,0,0,0,4,1,2,2,52,8,2995,8,-1,5,1,5
201601CW11138,1,9,0,3,0,0,0,0,0,0,2,1,1,1,46,8,1997,2,1,8,1,8
201601CW11138,2,1,0,14,2,0,0,0,0,0,1,1,6,1,27,6,-1,-1,-1,3,1,3
201601CW11139,1,3,0,18,0,0,0,0,0,0,1,1,6,1,25,5,124,1,7,2,1,2
201601CW11139,2,9,0,9,0,0,0,0,0,0,3,1,6,3,-1,-1,-1,-1,-1,-1,-1,-1
201601CW11140,1,1,0,18,0,0,0,0,0,0,1,1,6,2,24,5,-1,-1,-1,3,1,3
201601CW11140,2,9,0,18,0,0,0,0,0,0,2,1,6,3,-1,-1,-1,-1,-1,-1,-1,-1
201601CW11141,1,11,0,18,0,2,0,0,0,0,0,1,1,2,37,7,4461,2,3,4,1,4
201601CW11142,1,9,0,18,0,2,0,0,0,0,1,1,1,1,54,8,1797,8,3,9,1,9
201601CW11143,1,8,0,18,0,8,0,0,0,0,1,1,1,1,56,9,2231,2,8,3,1,3
201601CW11143,2,3,0,18,0,8,0,0,0,0,3,1,2,1,30,6,124,1,4,6,1,6
201601CW11144,1,9,0,18,0,1,0,0,0,0,1,1,6,3,-1,-1,2143,2,6,-1,-1,-1
201601CW11146,1,9,0,9,0,8,0,0,0,0,3,1,2,2,48,8,2967,1,14,3,1,3
201601CW11146,2,5,0,18,0,8,0,0,0,0,1,1,2,1,32,6,599,1,11,-1,-1,-1
201601CW11147,1,3,0,14,0,8,0,0,0,0,1,1,6,1,21,5,125,1,5,3,1,3
201601CW11147,2,9,0,9,0,8,0,0,0,0,3,1,1,1,54,8,1999,2,-1,9,3,9
201601CW11148,1,9,0,7,0,8,0,0,0,0,4,1,2,1,24,5,1390,1,1,2,1,2
201601CW11148,2,1,0,15,0,8,0,0,0,0,1,1,2,1,32,6,-1,-1,-1,7,1,7
201601CW11151,1,11,0,3,0,1,0,0,0,0,2,1,1,1,44,7,4461,2,3,1,1,1
201601CW11151,2,11,0,4,0,1,0,0,0,0,1,1,1,3,-1,-1,4461,2,2,-1,-1,-1
201601CW11152,1,8,0,11,0,0,0,0,0,0,0,1,1,1,41,7,2499,2,9,-1,-1,-1
201601CW11152,2,5,0,18,2,0,0,0,0,0,3,1,6,1,32,6,599,1,17,8,1,8
201601CW11153,1,9,0,7,0,2,0,0,0,0,1,1,1,1,52,8,1995,2,1,6,1,6
201601CW11154,1,11,0,18,0,0,0,0,0,0,0,1,1,1,50,8,4500,2,4,4,1,4
201601CW11155,1,9,0,18,0,0,0,0,0,0,1,1,1,1,40,7,-1,-1,-1,6,1,6
201601CW11156,1,9,0,18,0,8,0,0,0,0,4,1,6,2,52,8,1197,1,1,1,1,1
201601CW11156,2,1,0,18,0,8,0,0,0,0,1,1,6,1,30,6,-1,-1,-1,-1,-1,-1
201601CW11157,1,5,0,10,0,8,0,0,0,0,1,1,6,1,32,6,750,1,5,8,1,8
201601CW11157,2,9,0,3,0,8,0,0,0,0,2,1,6,2,53,8,1590,1,13,-1,-1,-1
201601CW11159,1,11,0,18,0,0,0,0,0,0,0,1,1,1,46,8,-1,-1,-1,2,1,2
201601CW11160,1,9,0,18,0,2,0,0,0,0,1,1,6,2,25,5,-1,-1,-1,2,1,2
201601CW11161,1,9,0,9,0,8,0,0,0,0,4,1,6,1,51,8,1596,1,15,3,1,3
201601CW11161,2,9,0,18,0,8,0,0,0,0,1,1,6,1,41,7,-1,-1,-1,3,1,3
201601CW11162,1,11,0,18,0,0,0,0,0,0,4,1,1,1,59,9,4500,2,7,4,1,4
201601CW11163,1,1,0,18,0,0,0,0,0,0,1,1,6,2,-1,-1,-1,-1,-1,-1,-1,-1
201601CW11164,1,9,0,17,0,2,0,10,2,4,1,1,6,1,27,6,2720,2,9,5,1,5
201601CW11165,1,1,0,18,0,0,0,0,0,0,1,1,6,1,27,6,-1,-1,-1,3,1,3
201601CW11165,2,9,0,1,0,0,0,0,0,0,2,1,6,1,-1,-1,1797,8,6,-1,-1,-1
201601CW11166,1,8,0,18,0,8,0,0,0,0,4,1,6,3,-1,-1,-1,-1,-1,-1,-1,-1
201601CW11167,1,9,0,3,0,0,0,0,0,0,2,1,6,1,33,6,1198,1,2,-1,-1,-1
201601CW11167,2,9,0,18,0,0,0,0,0,0,1,1,6,1,-1,-1,1995,2,5,5,1,5
201601CW11168,1,5,0,9,0,8,0,0,0,0,1,1,1,1,28,6,499,1,10,2,1,2
201601CW11169,1,8,0,9,0,8,0,0,0,0,4,1,1,1,58,9,-1,-1,-1,6,1,6
201601CW11169,2,1,0,15,0,8,0,0,0,0,1,1,6,2,32,6,-1,-1,-1,2,1,2
201601CW11170,1,9,0,11,0,0,0,0,0,0,4,1,6,2,48,8,2688,2,12,4,1,4
201601CW11170,2,20,0,12,0,0,0,0,0,0,3,1,1,1,48,8,-1,-1,-1,6,1,6
201601CW11171,1,5,0,18,0,0,0,4,0,0,1,1,2,2,29,6,599,1,8,8,1,8
201601CW11171,2,8,0,2,0,0,0,0,0,0,2,1,2,1,36,7,2143,2,2,-1,-1,-1
201601CW11173,1,9,0,3,0,1,0,0,0,0,2,1,1,1,59,9,1997,2,2,4,1,4
201601CW11173,2,11,0,3,0,1,0,0,0,0,2,1,1,1,41,7,5132,2,1,2,1,2
201601CW11173,3,11,0,18,0,1,0,0,0,0,1,1,1,1,38,7,4500,2,2,2,1,2
201601CW11175,1,9,0,9,0,8,0,0,0,0,4,1,6,1,52,8,2268,2,2,3,1,3
201601CW11175,2,9,0,18,0,8,0,0,0,0,1,1,1,1,34,6,1598,2,3,2,1,2
201601CW11176,1,8,0,18,0,8,0,0,0,0,3,1,1,1,32,6,1997,2,5,3,1,3
201601CW11176,2,8,0,18,0,8,0,0,0,0,1,1,1,1,39,7,1796,1,4,7,1,7
201601CW11177,1,4,0,14,0,1,0,0,0,0,4,1,1,1,54,8,125,1,8,2,1,2
201601CW11177,2,9,0,3,0,1,0,0,0,0,3,1,6,1,25,5,1995,2,8,7,1,7
201601CW11178,1,8,0,7,0,8,0,0,0,0,3,1,1,1,62,9,2499,2,9,8,1,8
201601CW11179,1,1,0,18,0,8,0,0,0,0,1,1,6,1,60,9,-1,-1,-1,8,1,8
201601CW11179,2,9,0,9,0,8,0,0,0,0,4,1,6,3,-1,-1,1797,8,7,-1,-1,-1
201601CW11180,1,8,0,4,0,0,0,0,0,0,2,1,1,1,34,6,2776,2,-1,-1,-1,-1
201601CW11180,2,19,0,18,0,0,0,0,0,0,1,1,6,3,-1,-1,-1,-1,-1,-1,-1,-1
201601CW11182,1,11,0,18,0,1,0,0,0,0,0,1,1,2,53,8,4500,2,1,3,1,3
201601CW11183,1,19,0,18,0,1,0,0,0,0,2,1,1,1,51,8,2198,2,2,4,1,4
201601CW11183,2,1,0,9,0,1,0,0,0,0,1,1,6,2,-1,-1,-1,-1,-1,-1,-1,-1
201601CW11184,1,1,0,18,0,2,0,0,0,0,1,1,6,1,68,10,-1,-1,-1,5,1,5
201601CW11185,1,1,0,14,0,1,0,0,0,0,1,1,6,1,28,6,-1,-1,-1,3,1,3
201601CW11185,2,9,0,6,0,1,0,0,0,0,3,1,6,1,18,4,1598,1,9,-1,-1,-1
201601CW11186,1,8,0,8,0,1,0,0,0,0,4,1,1,1,-1,-1,-1,-1,-1,-1,-1,-1
201601CW11186,2,1,0,15,0,1,0,8,0,0,1,1,6,1,52,8,-1,-1,-1,4,1,4
201601CW11187,1,1,0,18,0,2,0,0,0,0,3,1,6,1,25,5,-1,-1,-1,-1,-1,-1
201601CW11187,2,8,0,13,0,2,0,0,0,0,4,1,6,3,-1,-1,2987,2,-1,-1,-1,-1
201601CW11188,1,1,0,18,4,1,0,0,0,0,3,1,6,1,50,8,-1,-1,-1,4,1,4
201601CW11189,1,8,0,13,0,2,0,0,0,0,4,1,1,1,62,9,2402,2,12,6,1,6
201601CW11189,2,1,0,18,0,2,0,0,0,0,3,1,6,2,26,6,-1,-1,-1,-1,-1,-1
201601CW11192,1,9,0,7,0,8,0,0,0,0,1,1,6,3,-1,-1,-1,-1,-1,-1,-1,-1
201601CW11193,1,9,0,18,0,0,0,0,0,0,1,1,6,1,25,5,1461,2,-1,2,1,2
201601CW11194,1,9,0,3,0,1,0,0,0,0,2,1,6,1,-1,-1,1995,2,6,2,1,2
201601CW11194,2,9,0,5,0,1,0,0,0,0,1,1,6,2,37,7,2143,2,1,2,1,2
201601CW11195,1,9,0,18,0,0,0,0,0,0,3,1,6,1,65,9,1560,2,1,1,1,1
201601CW11195,2,9,0,11,0,0,0,0,0,0,4,1,6,3,-1,-1,-1,-1,-1,-1,-1,-1
201601CW11198,1,5,0,3,0,1,0,0,0,0,2,1,6,1,42,7,999,1,5,4,1,4
201601CW11198,2,10,0,18,0,1,0,0,0,0,1,1,6,3,-1,-1,-1,-1,-1,-1,-1,-1
201601CW11200,1,9,0,18,0,8,0,0,0,0,3,1,6,1,47,8,1995,2,-1,3,1,3
201601CW11200,2,1,0,18,0,8,0,0,0,0,1,1,6,2,41,7,-1,-1,-1,5,1,5
201601CW11201,1,9,0,1,0,0,0,0,0,0,1,1,6,3,-1,-1,-1,-1,-1,-1,-1,-1
201601CW11202,1,9,0,1,0,2,0,0,0,0,2,1,6,1,-1,-1,-1,-1,-1,7,1,7
201601CW11203,1,9,0,18,0,1,0,0,0,0,4,1,6,2,56,9,1498,1,6,4,1,4
201601CW11203,2,1,0,15,0,1,0,0,0,0,3,1,6,1,61,9,-1,-1,-1,4,1,4
201601CW11205,1,8,0,18,0,2,0,0,0,0,4,1,1,1,26,6,1956,2,2,-1,-1,-1
201601CW11205,2,1,0,18,0,2,0,0,0,0,3,1,6,1,32,6,-1,-1,-1,6,1,6
201601CW11206,1,19,0,2,0,0,0,0,0,0,3,1,1,1,22,5,2287,2,2,4,2,4
201601CW11206,2,9,0,5,0,0,0,0,0,0,4,1,1,1,45,7,2143,2,2,4,1,4
201601CW11206,3,1,0,18,0,0,0,8,0,0,1,1,6,1,44,7,-1,-1,-1,7,1,7
201601CW11219,1,9,0,1,0,0,0,10,7,0,2,1,6,1,-1,-1,1390,1,7,-1,-1,-1
201601CW11220,1,9,0,18,0,8,0,0,0,0,1,1,6,2,23,5,1364,2,10,6,1,6
201601CW11220,2,8,0,9,0,8,0,0,0,0,4,1,6,1,-1,-1,-1,-1,-1,6,1,6
201601CW11221,1,1,0,18,0,1,0,8,0,0,1,1,2,1,30,6,-1,-1,-1,4,1,4
201601CW11221,2,9,0,2,0,1,0,0,0,0,3,1,6,3,-1,-1,-1,-1,-1,-1,-1,-1
201601CW11225,1,1,0,5,0,8,0,0,0,0,3,1,6,1,37,7,-1,-1,-1,6,1,6
201601CW11225,2,8,0,5,0,8,0,0,0,0,4,1,6,1,-1,-1,-1,-1,-1,-1,-1,-1
201601CW11236,1,9,0,10,0,1,0,0,0,0,2,1,1,1,63,9,-1,-1,-1,9,1,9
201601CW11236,2,9,0,10,0,1,0,0,0,0,2,1,6,2,18,4,1000,1,3,10,1,10
201601CW11236,3,9,0,18,0,1,0,0,0,0,1,1,6,1,51,8,1968,2,-1,-1,-1,-1
201601CW11264,1,1,0,18,0,1,0,8,0,0,1,1,6,2,34,6,-1,-1,-1,5,1,5
201601CW11264,2,9,0,2,0,1,0,0,0,0,3,1,6,1,-1,-1,1797,8,4,6,1,6
201601CW11381,1,1,0,18,0,0,0,8,0,0,1,1,2,1,56,9,-1,-1,-1,5,1,5
201601CW11381,2,9,0,2,0,0,0,0,0,0,3,1,6,3,-1,-1,2143,2,4,-1,-1,-1
201601CW11451,1,1,0,18,0,8,0,0,0,0,3,1,6,1,53,8,-1,-1,-1,5,1,5
201601CW11451,2,19,0,7,0,8,0,0,0,0,4,1,6,3,-1,-1,-1,-1,-1,-1,-1,-1
201601CW11489,1,9,0,18,0,8,0,0,0,0,1,1,6,2,-1,-1,-1,-1,-1,-1,-1,-1
201601EK40002,1,1,0,18,0,8,0,0,0,0,3,1,2,1,34,6,-1,-1,-1,3,1,3
201601EK40002,2,9,0,18,0,8,0,0,0,0,1,1,6,1,-1,-1,5000,1,3,-1,-1,-1
201601EK40003,1,1,0,18,0,8,0,0,0,0,4,1,6,1,40,7,-1,-1,-1,4,1,4
201601EK40003,2,9,0,7,0,8,0,0,0,0,1,1,6,2,-1,-1,1395,1,2,-1,-1,-1
201601EK40004,1,9,0,7,0,5,0,0,0,0,4,1,3,1,27,6,1364,1,6,7,1,7
201601EK40004,2,1,0,18,0,1,0,0,0,0,3,1,2,1,25,5,-1,-1,-1,3,1,3
201601EK40005,1,9,0,18,0,1,0,8,0,0,1,1,2,2,68,10,1997,2,3,9,1,9
201601EK40005,2,9,0,2,0,1,0,0,0,0,3,1,6,3,-1,-1,-1,-1,-1,-1,-1,-1
201601EK40006,1,9,0,9,0,8,0,0,0,0,3,1,1,1,-1,-1,-1,-1,-1,6,1,6
201601EK40006,2,11,0,18,0,8,0,0,0,0,1,1,1,1,38,7,4461,2,2,3,1,3
201601EK40007,1,1,0,15,0,0,0,8,0,0,1,1,2,1,31,6,-1,-1,-1,2,1,2
201601EK40007,2,8,0,3,0,0,0,0,0,0,4,1,1,1,-1,-1,2987,2,6,-1,-1,-1
201601EK40009,1,11,0,5,0,1,0,0,0,0,0,1,6,1,27,6,4461,2,2,3,1,3
201601EK40010,1,3,0,18,0,8,0,0,0,0,4,1,6,1,41,7,124,1,5,3,1,3
201601EK40010,2,8,0,18,0,8,0,0,0,0,1,1,1,1,34,6,2499,2,9,10,2,10
201601EK40011,1,9,0,5,0,1,0,0,0,0,1,1,6,1,45,7,2987,2,10,5,1,5
201601EK40012,1,9,0,18,0,1,0,0,0,0,1,1,6,1,49,8,2148,2,11,2,1,2
201601EK40012,2,9,0,6,0,2,0,0,0,0,4,1,6,2,33,6,1999,2,1,8,1,8
201601EK40013,1,9,0,18,0,8,0,0,0,0,1,1,1,1,49,8,1598,2,2,2,1,2
201601EK40013,2,9,0,18,0,8,0,0,0,0,4,1,6,2,29,6,1390,1,3,-1,-1,-1
201601EK40014,1,9,0,3,0,1,0,0,0,0,2,1,6,2,24,5,1598,2,2,2,1,2
201601EK40014,2,9,0,18,0,1,0,0,0,0,1,1,6,1,31,6,1968,2,1,6,1,6
201601EK40015,1,11,0,5,0,0,0,0,0,0,0,1,1,1,52,8,4461,2,3,1,1,1
201601EK40016,1,1,0,18,0,1,0,0,0,0,3,1,6,1,17,4,-1,-1,-1,5,1,5
201601EK40016,2,9,0,9,0,1,0,0,0,0,1,1,6,2,39,7,799,2,7,2,1,2
201601EK40017,1,9,0,6,0,2,0,0,0,0,1,1,6,1,-1,-1,1598,1,5,-1,-1,-1
201601EK40017,2,1,0,18,0,1,0,0,0,0,3,1,6,1,48,8,-1,-1,-1,-1,-1,-1
201601EK40019,1,1,0,18,0,1,0,0,0,0,3,1,2,1,21,5,-1,-1,-1,5,1,5
201601EK40019,2,9,0,7,0,5,0,0,0,0,4,1,6,3,-1,-1,-1,-1,-1,-1,-1,-1
201601EK40021,1,3,0,3,0,1,0,0,0,0,2,1,2,1,41,7,125,1,6,4,1,4
201601EK40021,2,8,0,18,0,1,0,0,0,0,1,1,1,1,-1,-1,2143,2,2,-1,-1,-1
201601EK40023,1,11,0,3,0,2,0,0,0,0,0,1,1,2,-1,-1,4461,2,3,6,1,6
201601EK40023,2,1,0,18,0,2,0,0,0,0,3,1,6,1,34,6,-1,-1,-1,2,1,2
201601EK40024,1,1,0,18,0,0,0,0,0,0,4,1,6,1,45,7,-1,-1,-1,4,1,4
201601EK40025,1,1,0,18,0,1,0,0,0,0,3,1,6,1,35,6,-1,-1,-1,2,1,2
201601EK40025,2,9,0,7,0,5,0,0,0,0,4,1,6,2,-1,-1,-1,-1,-1,-1,-1,-1
201601EK40026,1,1,0,4,0,0,0,0,0,0,2,1,6,1,49,8,-1,-1,-1,5,1,5
201601EK40026,2,19,0,18,0,0,0,0,0,0,1,1,6,1,-1,-1,1753,2,11,-1,-1,-1
201601EK40027,1,9,0,9,0,8,0,0,0,0,3,1,6,3,-1,-1,-1,-1,-1,-1,-1,-1
201601EK40027,2,3,0,18,0,8,0,0,0,0,1,1,6,1,21,5,124,1,8,1,1,1
201601EK40028,1,1,0,7,0,2,0,0,0,0,1,1,6,1,30,6,-1,-1,-1,6,1,6
201601EK40029,1,9,0,16,0,1,0,0,0,0,1,1,6,1,-1,-1,-1,-1,-1,-1,-1,-1
201601EK40030,1,1,0,16,0,1,0,0,0,0,4,1,2,1,54,8,-1,-1,-1,2,1,2
201601EK40032,1,4,0,18,0,0,0,0,0,0,4,1,6,1,36,7,-1,-1,-1,4,1,4
201601EK40032,2,9,0,5,0,0,0,0,0,0,3,1,6,3,-1,-1,-1,-1,-1,-1,-1,-1
201601EK40033,1,9,0,7,0,5,0,0,0,0,4,1,6,2,28,6,999,1,4,9,1,9
201601EK40033,2,1,0,18,0,1,0,0,0,0,3,1,6,1,30,6,-1,-1,-1,6,1,6
201601EK40034,1,9,0,18,0,8,0,0,0,0,3,1,1,1,31,6,1560,2,3,1,1,1
201601EK40034,2,1,0,9,0,8,0,0,0,0,1,1,6,1,32,6,-1,-1,-1,4,1,4
201601EK40036,1,2,0,18,0,0,0,0,0,0,3,1,1,1,24,5,49,1,7,-1,-1,-1
201601EK40037,1,9,0,18,0,0,0,0,0,0,1,1,6,1,21,5,998,1,10,8,1,8
201601EK40037,2,9,0,3,0,0,0,0,0,0,2,1,6,2,57,9,1199,1,13,-1,-1,-1
201601EK40037,3,9,0,3,0,0,0,0,0,0,2,1,6,1,-1,-1,1598,1,16,-1,-1,-1
201601EK40038,1,9,0,9,0,8,0,0,0,0,4,1,6,1,41,7,1598,1,12,1,1,1
201601EK40038,2,1,0,18,0,8,0,0,0,0,1,1,2,2,23,5,-1,-1,-1,2,1,2
201601EK40039,1,19,0,2,2,0,0,0,0,0,3,1,1,1,43,7,2143,2,3,-1,-1,-1
201601EK40039,2,11,0,18,0,0,0,8,0,0,4,1,1,1,-1,-1,4461,2,2,-1,-1,-1
201601EK40040,1,9,0,7,0,8,0,0,0,0,3,1,6,1,35,6,2000,1,16,1,1,1
201601EK40040,2,1,0,18,0,8,0,0,0,0,1,1,6,1,28,6,-1,-1,-1,2,1,2
201601EK40043,1,8,0,4,0,1,0,0,0,0,2,1,1,1,51,8,1896,2,8,2,1,2
201601EK40043,2,9,0,4,0,1,0,0,0,0,2,1,2,1,25,5,1997,1,14,9,1,9
201601EK40043,3,9,0,4,0,1,0,0,0,0,1,1,2,2,39,7,1796,1,7,6,1,6
201601EK40045,1,9,0,18,0,0,0,0,0,0,1,1,6,1,46,8,1598,1,15,1,1,1
201601EK40047,1,11,0,3,0,0,0,0,0,0,0,1,1,1,44,7,4500,2,7,5,1,5
201601EK40049,1,1,0,15,4,0,0,8,0,0,1,1,2,2,41,7,-1,-1,-1,6,1,6
201601EK40049,2,9,0,3,0,0,0,0,0,0,4,1,6,1,37,7,2295,1,16,2,1,2
201601EK40050,1,3,0,18,0,2,1,0,0,0,1,1,1,1,23,5,125,1,1,9,1,9
201601EK40052,1,19,0,18,0,0,0,0,0,0,1,1,1,1,57,9,2198,2,1,9,1,9
201601EK40055,1,9,0,9,0,5,0,0,0,0,1,1,6,1,56,9,1956,2,3,2,1,2
201601EK40056,1,1,0,18,0,1,0,0,0,0,1,1,6,1,25,5,-1,-1,-1,1,1,1
201601EK40057,1,9,0,18,0,0,0,4,0,0,1,1,6,1,41,7,1995,2,4,6,1,6
201601EK40057,2,9,0,2,0,0,0,4,0,0,1,1,6,1,40,7,-1,-1,-1,2,1,2
201601EK40057,3,9,0,2,0,0,0,4,0,0,2,1,6,1,-1,-1,1388,1,17,5,1,5
201601EK40057,4,9,0,2,0,0,0,0,0,0,2,1,6,1,35,6,1797,8,2,-1,-1,-1
201601EK40058,1,9,0,9,0,5,0,0,0,0,1,1,6,2,38,7,1997,1,9,8,1,8
201601EK40059,1,9,0,18,0,1,0,0,0,0,1,1,6,1,43,7,1781,1,11,2,1,2
201601EK40060,1,19,0,7,0,1,0,0,0,0,4,1,6,1,22,5,2143,2,2,-1,-1,-1
201601EK40060,2,1,0,18,0,1,0,0,0,0,3,1,6,2,31,6,-1,-1,-1,4,1,4
201601EK40061,1,1,0,18,0,2,0,0,0,0,3,1,2,1,52,8,-1,-1,-1,8,1,8
201601EK40061,2,9,0,13,0,2,0,0,0,0,4,1,6,1,-1,-1,1796,1,12,-1,-1,-1
201601EK40063,1,11,0,5,0,0,0,0,0,0,0,1,1,1,-1,-1,-1,-1,-1,-1,-1,-1
201601EK40064,1,9,0,18,0,2,0,0,0,0,4,1,1,2,48,8,1242,1,1,3,1,3
201601EK40066,1,9,0,18,0,0,0,0,0,0,4,1,6,1,-1,-1,1560,2,4,-1,-1,-1
201601EK40068,1,3,0,10,0,8,0,0,0,0,2,1,2,2,31,6,124,1,5,8,1,8