Accident_Index,Vehicle_Reference,Vehicle_Type,Towing_and_Articulation,Vehicle_Manoeuvre,Vehicle_Location-Restricted_Lane,Junction_Location,Skidding_and_Overturning,Hit_Object_in_Carriageway,Vehicle_Leaving_Carriageway,Hit_Object_off_Carriageway,1st_Point_of_Impact,Was_Vehicle_Left_Hand_Drive?,Journey_Purpose_of_Driver,Sex_of_Driver,Age_of_Driver,Age_Band_of_Driver,Engine_Capacity_(CC),Propulsion_Code,Age_of_Vehicle,Driver_IMD_Decile,Driver_Home_Area_Type,Vehicle_IMD_Decile
201601EK40068,2,8,0,5,0,8,0,0,0,0,1,1,1,1,53,8,2499,2,1,7,1,7
201601EK40069,1,3,0,5,0,1,0,0,0,0,1,1,1,1,27,6,102,1,12,2,1,2
201601EK40070,1,90,0,18,0,8,0,0,0,0,1,1,1,2,32,6,-1,-1,-1,-1,-1,-1
201601EK40070,2,9,0,18,0,8,0,0,0,0,3,1,6,1,57,9,1598,2,2,2,1,2
201601EK40071,1,2,0,18,0,1,1,0,0,0,1,1,1,1,36,7,125,1,1,3,1,3
201601EK40072,1,9,0,18,0,8,0,0,0,0,4,1,6,2,47,8,1796,1,9,5,1,5
201601EK40072,2,9,0,7,0,8,0,0,0,0,1,1,6,1,-1,-1,1995,2,10,-1,-1,-1
201601EK40074,1,9,0,3,0,2,0,0,0,0,2,1,6,1,65,9,4966,1,12,3,1,3
201601EK40074,2,9,0,18,0,2,0,0,0,0,1,1,6,1,-1,-1,1900,1,14,6,1,6
201601EK40075,1,9,0,18,0,1,0,0,0,0,1,1,6,3,-1,-1,-1,-1,-1,-1,-1,-1
201601EK40076,1,1,0,18,0,8,0,0,0,0,3,1,6,1,54,8,-1,-1,-1,6,1,6
201601EK40076,2,9,0,9,0,8,0,0,0,0,1,1,6,1,-1,-1,1598,2,4,-1,-1,-1
201601EK40077,1,20,0,17,0,1,0,0,0,0,1,1,1,1,58,9,4764,2,3,10,1,10
201601EK40077,2,1,0,17,0,1,0,0,0,0,2,1,2,1,47,8,-1,-1,-1,2,1,2
201601EK40079,1,8,0,18,0,2,0,0,0,0,2,1,1,1,49,8,2499,2,9,2,1,2
201601EK40079,2,1,0,11,0,2,0,0,0,0,1,1,1,1,29,6,-1,-1,-1,3,1,3
201601EK40080,1,11,0,4,0,1,0,0,0,0,0,1,1,1,51,8,9000,2,7,1,1,1
201601EK40081,1,9,0,4,0,1,0,0,0,0,1,1,6,1,23,5,1398,1,4,2,1,2
201601EK40082,1,9,0,7,0,8,0,0,0,0,1,1,6,1,26,6,1685,2,2,8,1,8
201601EK40083,1,9,0,18,0,0,0,0,0,0,1,1,6,1,34,6,1596,1,8,1,1,1
201601EK40084,1,9,0,6,0,0,0,0,0,0,3,1,6,2,33,6,1199,1,13,2,1,2
201601EK40084,2,4,0,18,0,0,0,0,0,0,1,1,6,1,55,8,499,1,22,8,1,8
201601EK40086,1,19,0,18,0,8,0,0,0,0,1,1,1,1,50,8,1461,2,11,5,1,5
201601EK40086,2,1,0,18,0,8,0,0,0,0,4,1,6,1,33,6,-1,-1,-1,4,1,4
201601EK40087,1,9,0,18,0,2,0,0,0,0,1,1,6,1,-1,-1,-1,-1,-1,-1,-1,-1
201601EK40091,1,9,0,2,0,1,0,0,0,0,3,1,6,1,62,9,1685,2,1,2,1,2
201601EK40091,2,3,0,18,0,1,0,8,0,0,1,1,2,1,34,6,125,1,5,3,1,3
201601EK40093,1,9,0,18,0,0,0,0,0,0,1,1,6,1,17,4,1198,1,7,6,2,6
201601EK40093,2,3,0,11,0,0,0,0,0,0,2,1,2,1,38,7,125,1,1,5,1,5
201601EK40094,1,8,0,18,0,1,0,0,0,0,1,1,1,1,80,11,-1,-1,-1,7,1,7
201601EK40095,1,9,0,9,0,1,0,0,0,0,3,1,6,1,26,6,1797,8,4,6,2,6
201601EK40095,2,4,0,14,0,1,0,0,0,0,1,1,6,1,47,8,125,1,10,2,1,2
201601EK40096,1,11,0,5,0,0,0,0,0,0,0,1,1,1,32,6,7300,2,12,8,1,8
201601EK40097,1,9,0,18,0,0,0,0,0,0,2,1,6,1,55,8,-1,-1,-1,9,2,9
201601EK40097,2,1,0,18,0,0,0,0,0,0,1,1,6,1,41,7,-1,-1,-1,2,1,2
201601EK40098,1,19,0,18,0,8,0,0,0,0,1,1,1,1,42,7,1995,2,7,6,1,6
201601EK40098,2,1,0,18,0,8,0,0,0,0,4,1,6,2,32,6,-1,-1,-1,2,1,2
201601EK40099,1,20,0,2,0,0,0,0,0,0,3,1,1,1,36,7,-1,-1,-1,10,1,10
201601EK40099,2,1,0,18,0,0,0,8,0,0,4,1,6,1,46,8,-1,-1,-1,1,1,1
201601EK40100,1,11,0,4,0,1,0,0,0,0,0,1,1,1,56,9,-1,-1,-1,2,1,2
201601EK40101,1,5,0,18,0,0,0,0,0,0,1,1,2,1,23,5,749,1,9,10,1,10
201601EK40101,2,9,0,3,0,0,0,0,0,0,2,1,2,2,27,6,1299,1,15,6,1,6
201601EK40102,1,9,0,7,0,8,0,0,0,0,1,1,1,1,51,8,-1,-1,-1,2,1,2
201601EK40102,2,1,0,18,0,8,0,0,0,0,4,1,2,2,28,6,-1,-1,-1,3,1,3
201601EK40103,1,9,0,18,0,1,0,0,0,0,1,1,2,1,64,9,1796,2,2,7,1,7
201601EK40103,2,5,0,3,0,1,0,0,0,0,2,1,2,1,39,7,745,1,2,5,1,5
201601EK40104,1,3,0,18,0,1,0,0,0,0,3,1,6,1,36,7,125,1,1,3,1,3
201601EK40104,2,11,0,7,0,1,0,0,0,0,4,1,1,1,57,9,4500,2,6,2,1,2
201601EK40105,1,9,0,2,0,1,0,0,0,0,3,1,1,1,47,8,-1,-1,-1,-1,-1,-1
201601EK40105,2,1,0,18,0,1,0,8,0,0,1,1,2,2,24,5,-1,-1,-1,5,1,5
201601EK40107,1,9,0,18,0,2,0,0,0,0,1,1,6,2,26,6,1598,1,10,8,1,8
201601EK40107,2,9,0,18,0,1,0,0,0,0,1,1,6,1,84,11,1997,1,18,8,1,8
201601EK40108,1,8,0,3,0,2,0,0,0,0,2,1,1,1,36,7,1797,8,6,4,1,4
201601EK40108,2,9,0,18,0,2,0,0,0,0,1,1,6,1,48,8,-1,-1,-1,8,1,8
201601EK40109,1,9,0,7,0,1,0,0,0,0,4,1,6,2,35,6,1598,1,11,1,1,1
201601EK40109,2,3,0,15,0,1,0,0,0,0,3,1,1,1,35,6,124,1,11,5,1,5
201601EK40111,1,8,0,1,0,1,0,0,0,0,2,1,1,1,70,10,1560,2,4,7,1,7
201601EK40112,1,4,0,14,0,0,0,0,0,0,4,1,6,3,-1,-1,-1,-1,-1,-1,-1,-1
201601EK40115,1,9,0,9,0,8,0,0,0,0,2,1,6,1,33,6,1968,2,2,7,1,7
201601EK40115,2,9,0,9,0,8,0,0,0,0,1,1,6,1,-1,-1,1796,1,22,-1,-1,-1
201601EK40116,1,9,0,3,0,1,0,0,0,0,3,1,6,1,29,6,1461,2,1,1,1,1
201601EK40116,2,9,0,11,0,1,0,0,0,0,4,1,1,1,-1,-1,-1,-1,-1,-1,-1,-1
201601EK40117,1,11,0,18,0,2,0,0,0,0,3,1,1,1,-1,-1,-1,-1,-1,-1,-1,-1
201601EK40118,1,9,0,9,0,5,0,0,0,0,1,1,6,1,-1,-1,1299,1,9,-1,-1,-1
201601EK40119,1,11,0,9,0,2,0,0,0,0,1,1,1,1,43,7,7300,2,12,2,1,2
201601EK40119,2,1,0,3,0,2,0,0,0,0,2,1,2,1,58,9,-1,-1,-1,4,1,4
201601EK40120,1,19,0,3,0,1,0,0,0,0,2,1,1,1,22,5,1598,2,1,6,1,6
201601EK40120,2,9,0,18,0,1,0,0,0,0,1,1,6,1,-1,-1,-1,-1,-1,-1,-1,-1
201601EK40121,1,8,0,18,0,1,0,0,0,0,4,1,1,1,30,6,1956,2,4,1,1,1
201601EK40122,1,9,0,18,0,0,0,0,0,0,1,1,6,3,-1,-1,-1,-1,-1,-1,-1,-1
201601EK40123,1,11,0,4,2,0,0,0,0,0,0,1,6,1,47,8,6700,2,7,5,1,5
201601EK40124,1,9,0,7,0,6,0,0,0,0,1,1,6,1,50,8,-1,-1,-1,1,1,1
201601EK40124,2,8,0,18,0,8,0,0,0,0,4,1,6,1,34,6,1956,2,2,2,1,2
201601EK40125,1,1,0,18,0,1,0,8,0,0,1,1,6,2,31,6,-1,-1,-1,4,1,4
201601EK40125,2,19,0,2,0,1,0,0,0,0,3,1,6,1,-1,-1,2198,2,1,-1,-1,-1
201601EK40126,1,21,1,7,0,8,0,0,0,0,1,1,1,1,56,9,12740,2,1,10,1,10
201601EK40126,2,9,0,15,0,8,0,7,0,0,3,1,6,2,29,6,2993,2,7,-1,-1,-1
201601EK40127,1,9,0,4,0,2,0,0,0,0,3,1,1,1,40,7,2143,2,4,2,1,2
201601EK40128,1,3,0,18,0,0,0,0,0,0,4,1,1,1,24,5,108,1,3,4,1,4
201601EK40130,1,3,0,18,0,1,0,0,0,0,3,1,6,1,26,6,125,1,1,8,1,8
201601EK40131,1,9,0,3,0,1,0,0,0,0,2,1,6,1,29,6,1598,2,1,2,1,2
201601EK40131,2,9,0,18,0,1,0,0,0,0,1,1,6,1,-1,-1,-1,-1,-1,-1,-1,-1
201601EK40131,3,9,0,3,0,1,0,0,0,0,2,1,6,1,-1,-1,-1,-1,-1,-1,-1,-1
201601EK40132,1,9,0,18,0,8,0,0,0,0,1,1,6,1,36,7,-1,3,1,7,1,7
201601EK40132,2,5,0,9,0,5,0,0,0,0,2,1,1,1,51,8,800,1,15,2,1,2
201601EK40133,1,9,0,4,0,8,0,0,0,0,1,1,1,1,48,8,1598,2,4,1,1,1
201601EK40133,2,9,0,7,0,6,0,0,0,0,3,1,6,1,24,5,3222,2,13,3,1,3
201601EK40134,1,9,0,7,0,5,0,0,0,0,1,1,6,1,-1,-1,-1,-1,-1,-1,-1,-1
201601EK40135,1,8,0,18,0,1,0,0,0,0,1,1,1,1,24,5,1560,2,5,3,1,3
201601EK40135,2,8,0,4,0,1,0,0,0,0,2,1,1,1,46,8,1560,2,6,1,1,1
201601EK40135,3,8,0,4,0,1,0,0,0,0,2,1,1,1,55,8,1791,8,4,4,1,4
201601EK40135,4,8,0,3,0,1,0,0,0,0,2,1,1,1,27,6,1995,2,3,6,1,6
201601EK40136,1,9,0,3,0,0,0,0,0,0,4,1,6,2,59,9,2993,2,3,8,1,8
201601EK40136,2,1,0,15,0,0,0,8,0,0,1,1,6,1,43,7,-1,-1,-1,2,1,2
201601EK40137,1,9,0,3,0,0,0,0,0,0,2,1,1,2,28,6,-1,-1,-1,3,1,3
201601EK40137,2,8,0,18,0,0,0,0,0,0,1,1,1,1,50,8,2143,2,1,1,1,1
201601EK40139,1,8,0,5,0,8,0,0,0,0,4,1,1,1,41,7,1560,2,1,1,1,1
201601EK40139,2,1,0,18,0,8,0,0,0,0,1,1,6,1,59,9,-1,-1,-1,5,1,5
201601EK40141,1,1,0,18,0,1,0,0,0,0,1,1,2,1,44,7,-1,-1,-1,4,1,4
201601EK40142,1,8,0,4,0,2,0,0,0,0,2,1,6,1,37,7,1798,8,1,1,1,1
201601EK40142,2,9,0,18,0,2,0,0,0,0,1,1,6,1,-1,-1,1598,2,1,-1,-1,-1
201601EK40144,1,11,0,5,2,1,0,0,0,0,1,1,6,1,50,8,4500,2,2,1,1,1
201601EK40145,1,9,0,7,0,8,0,0,0,0,4,1,6,2,55,8,1598,1,15,5,1,5
201601EK40145,2,5,0,18,0,8,0,0,0,0,1,1,6,1,54,8,1050,1,6,5,1,5
201601EK40146,1,5,0,15,0,1,0,0,0,0,1,1,6,1,29,6,782,1,13,10,1,10
201601EK40147,1,9,0,3,0,2,0,0,0,0,2,1,1,1,37,7,-1,-1,-1,10,2,10
201601EK40147,2,9,0,18,0,2,1,0,0,0,1,1,6,1,-1,-1,-1,-1,-1,-1,-1,-1
201601EK40148,1,3,0,18,0,8,0,0,0,0,1,1,2,1,28,6,124,1,-1,4,1,4
201601EK40148,2,9,0,9,0,8,0,0,0,0,4,1,6,1,36,7,2967,2,5,-1,-1,-1
201601EK40149,1,9,0,4,0,8,0,0,0,0,4,1,6,1,28,6,-1,-1,-1,-1,-1,-1
201601EK40149,2,4,0,4,0,8,0,0,0,0,1,1,6,1,31,6,125,1,1,4,1,4
201601EK40150,1,9,0,9,0,8,0,0,0,0,4,1,6,1,-1,-1,-1,-1,-1,-1,-1,-1
201601EK40150,2,1,0,18,0,8,0,0,0,0,1,1,6,2,33,6,-1,-1,-1,4,1,4
201601EK40151,1,9,0,3,0,0,0,0,0,0,2,1,3,1,39,7,1968,2,1,-1,-1,-1
201601EK40151,2,1,0,18,0,0,0,0,0,0,1,1,2,1,28,6,-1,-1,-1,4,1,4
201601EK40152,1,8,0,3,0,1,0,0,0,0,2,1,1,1,65,9,2967,2,5,4,1,4
201601EK40152,2,19,0,18,0,1,0,0,0,0,1,1,6,1,-1,-1,2496,2,19,-1,-1,-1
201601EK40153,1,9,0,18,0,1,0,4,0,0,1,1,6,1,57,9,-1,-1,-1,2,1,2
201601EK40153,2,19,0,2,0,1,0,4,0,0,2,1,6,1,31,6,2143,2,1,5,1,5
201601EK40153,3,9,0,2,0,1,0,0,0,0,2,1,6,1,35,6,1798,8,4,2,1,2
201601EK40154,1,8,0,2,0,0,0,0,0,0,1,1,6,1,30,6,1995,2,4,7,1,7
201601EK40154,2,3,0,6,0,0,0,4,0,0,1,1,6,1,-1,-1,-1,-1,-1,-1,-1,-1
201601EK40156,1,11,0,4,2,1,0,0,0,0,4,1,1,3,-1,-1,-1,-1,-1,-1,-1,-1
201601EK40157,1,1,0,5,0,0,0,0,0,0,1,1,2,1,51,8,-1,-1,-1,3,1,3
201601EK40157,2,9,0,18,0,0,0,0,0,0,4,1,6,1,-1,-1,-1,-1,-1,-1,-1,-1
201601EK40158,1,1,0,15,0,8,0,10,0,0,1,1,2,2,-1,-1,-1,-1,-1,2,1,2
201601EK40158,2,9,0,7,0,5,0,0,0,0,4,1,6,1,53,8,2179,2,4,2,1,2
201601EK40159,1,1,0,18,0,1,0,0,0,0,3,1,2,1,25,5,-1,-1,-1,9,1,9
201601EK40159,2,9,0,13,0,1,0,0,0,0,4,1,6,1,30,6,-1,-1,-1,-1,-1,-1
201601EK40160,1,3,0,18,0,2,0,0,0,0,1,1,6,1,25,5,125,1,9,3,1,3
201601EK40161,1,3,0,4,0,0,0,0,0,0,2,1,1,1,47,8,125,1,4,2,1,2
201601EK40161,2,19,0,5,0,0,0,0,0,0,1,1,1,1,28,6,2198,2,2,9,1,9
201601EK40162,1,3,0,15,0,8,0,0,0,0,3,1,6,1,24,5,124,1,4,-1,-1,-1
201601EK40162,2,9,0,7,0,8,0,0,0,0,4,1,6,1,59,9,2987,2,8,9,1,9
201601EK40163,1,1,0,18,0,1,0,0,0,0,2,1,6,1,24,5,-1,-1,-1,2,1,2
201601EK40163,2,9,0,18,0,1,0,0,0,0,1,1,6,3,-1,-1,1461,2,6,-1,-1,-1
201601EK40164,1,11,0,18,0,0,0,0,0,0,0,1,1,1,46,8,4461,2,2,2,1,2
201601EK40165,1,19,0,5,0,0,0,0,0,0,1,1,6,1,-1,-1,2143,2,1,-1,-1,-1
201601EK40166,1,4,0,14,0,8,1,0,0,0,4,1,6,1,27,6,124,1,4,9,1,9
201601EK40166,2,9,0,3,0,1,0,0,0,0,1,1,6,2,43,7,1198,1,1,3,1,3
201601EK40166,3,9,0,9,0,6,0,0,0,0,1,1,6,1,-1,-1,1995,2,11,4,1,4
201601EK40167,1,11,0,5,0,1,0,0,0,0,1,1,1,1,52,8,4760,2,3,6,1,6
201601EK40167,2,19,0,3,0,1,0,0,0,0,2,1,6,1,39,7,-1,-1,-1,6,1,6
201601EK40167,3,9,0,3,0,1,0,0,0,0,2,1,6,2,38,7,2706,1,4,4,1,4
201601EK40168,1,8,0,9,0,8,0,0,0,0,1,1,1,1,48,8,2664,2,16,4,1,4
201601EK40168,2,2,0,18,0,8,0,0,0,0,1,1,1,1,20,4,108,1,3,-1,-1,-1
201601EK40171,1,1,0,18,0,0,0,10,0,0,4,1,6,1,50,8,-1,-1,-1,6,1,6
201601EK40172,1,11,0,18,0,2,0,0,0,0,1,1,1,1,53,8,4500,2,5,3,1,3
201601EK40172,2,9,0,18,0,2,0,0,0,0,2,1,6,1,32,6,1598,1,5,2,1,2
201601EK40173,1,19,0,2,0,1,0,0,0,0,3,1,1,1,63,9,-1,3,2,2,1,2
201601EK40173,2,1,0,18,0,1,0,8,0,0,1,1,6,1,34,6,-1,-1,-1,2,1,2
201601EK40174,1,1,0,10,0,1,0,0,0,0,2,1,6,2,30,6,-1,-1,-1,2,1,2
201601EK40174,2,19,0,1,0,1,0,0,0,0,4,1,6,1,42,7,1598,2,4,3,1,3
201601EK40175,1,1,0,7,0,8,1,10,1,0,1,1,1,2,52,8,-1,-1,-1,7,1,7
201601EK40175,2,19,0,18,0,8,0,0,0,0,0,1,6,3,-1,-1,2198,2,3,-1,-1,-1
201601EK40177,1,1,0,18,0,1,0,0,0,0,1,1,1,1,36,7,-1,-1,-1,2,1,2
201601EK40179,1,1,0,15,0,0,0,8,0,0,1,1,2,1,41,7,-1,-1,-1,2,1,2
201601EK40179,2,9,0,3,0,0,0,0,0,0,4,1,2,2,-1,-1,999,1,1,-1,-1,-1
201601EK40181,1,9,0,7,0,1,0,0,0,0,4,1,1,1,43,7,-1,-1,-1,4,1,4
201601EK40181,2,1,0,18,0,1,0,0,0,0,1,1,2,1,25,5,-1,-1,-1,2,1,2
201601EK40183,1,8,0,9,0,8,0,0,0,0,3,1,1,1,29,6,-1,-1,-1,2,1,2
201601EK40183,2,1,0,18,0,8,0,0,0,0,4,1,6,1,47,8,-1,-1,-1,4,1,4
201601EK40184,1,9,0,5,0,1,0,0,0,0,4,1,6,1,36,7,1968,2,9,2,1,2
201601EK40185,1,9,0,18,0,2,0,0,0,0,1,1,6,2,66,10,1896,2,11,6,1,6
201601EK40186,1,19,0,6,0,0,0,0,0,0,3,1,1,1,29,6,2198,2,2,1,1,1
201601EK40186,2,5,0,18,0,0,0,0,0,0,1,1,6,1,39,7,649,1,6,8,1,8
201601EK40187,1,9,0,18,0,2,0,0,0,0,2,1,6,1,34,6,1248,2,9,3,1,3
201601EK40187,2,9,0,18,0,2,0,0,0,0,1,1,6,1,-1,-1,-1,-1,-1,3,1,3
201601EK40187,3,8,0,18,0,2,0,0,0,0,2,1,6,1,-1,-1,1997,2,3,2,1,2
201601EK40189,1,3,0,14,0,0,0,0,0,0,1,1,6,1,33,6,125,1,-1,3,1,3
201601EK40190,1,9,0,18,0,2,0,4,0,0,1,1,6,1,38,7,2497,1,10,5,1,5
201601EK40190,2,9,0,2,0,2,0,10,0,0,2,1,6,3,-1,-1,1560,2,7,-1,-1,-1
201601EK40190,3,9,0,2,0,2,0,10,1,10,2,1,6,3,-1,-1,-1,-1,-1,-1,-1,-1
201601EK40191,1,9,0,1,0,0,0,0,0,0,2,1,6,1,-1,-1,2497,2,11,-1,-1,-1
201601EK40192,1,1,0,18,0,1,0,0,0,0,3,1,2,2,30,6,-1,-1,-1,-1,-1,-1
201601EK40192,2,9,0,7,0,1,0,0,0,0,4,1,6,1,-1,-1,1497,8,1,9,1,9
201601EK40193,1,1,0,7,0,1,0,0,0,0,1,1,6,2,28,6,-1,-1,-1,9,1,9
201601EK40193,2,9,0,8,0,1,0,0,0,0,2,1,6,2,-1,-1,1753,2,9,-1,-1,-1
201601EK40194,1,3,0,18,0,2,0,0,0,0,1,1,1,2,26,6,124,1,1,3,1,3
201601EK40194,2,9,0,18,0,2,0,0,0,0,2,1,1,2,58,9,1995,2,6,1,1,1
201601EK40195,1,8,0,18,0,1,0,0,0,0,3,1,1,1,47,8,1798,8,4,3,1,3
201601EK40195,2,9,0,11,0,1,0,0,0,0,4,1,6,2,-1,-1,2793,1,18,-1,-1,-1
201601EK40196,1,3,0,18,0,1,0,0,0,0,3,1,6,1,20,4,124,1,11,2,1,2
201601EK40196,2,9,0,7,0,5,0,0,0,0,4,1,6,2,-1,-1,999,1,3,2,1,2
201601EK40197,1,9,0,4,0,2,0,0,0,0,2,1,6,1,34,6,2499,1,11,6,1,6
201601EK40197,2,9,0,18,0,2,0,0,0,0,1,1,6,2,23,5,1997,1,11,6,1,6
201601EK40199,1,8,0,14,0,2,0,0,0,0,4,1,1,1,39,7,2776,2,-1,-1,-1,-1
201601EK40199,2,11,0,3,0,2,0,0,0,0,3,1,1,2,37,7,4500,2,1,7,1,7
201601EK40200,1,1,0,18,0,0,0,0,0,0,3,1,6,1,44,7,-1,-1,-1,7,1,7
201601EK40200,2,8,0,18,0,0,0,0,0,0,4,1,1,1,35,6,1798,8,1,7,1,7
201601EK40201,1,11,0,18,0,2,0,0,0,0,1,1,1,1,32,6,4461,2,2,7,1,7
201601EK40202,1,1,0,18,0,0,0,0,0,0,2,1,6,1,43,7,-1,-1,-1,4,1,4
201601EK40202,2,19,0,18,0,0,0,0,0,0,1,1,6,3,-1,-1,-1,-1,-1,-1,-1,-1
201601EK40203,1,19,0,18,0,1,0,0,0,0,1,1,6,3,-1,-1,-1,-1,-1,-1,-1,-1
201601EK40204,1,9,0,18,0,0,0,0,0,0,1,1,6,2,30,6,1968,2,10,4,1,4
201601EK40205,1,9,0,1,0,0,0,0,0,0,2,1,6,1,61,9,1596,1,1,1,1,1
201601EK40206,1,9,0,6,0,1,0,0,0,0,1,1,6,1,32,6,1798,8,1,3,1,3
201601EK40206,2,1,0,18,0,2,0,0,0,0,1,1,6,1,23,5,-1,-1,-1,2,1,2
201601EK40207,1,2,0,18,0,1,0,0,0,0,3,1,6,1,47,8,649,1,27,2,1,2
201601EK40207,2,9,0,11,0,1,0,0,0,0,4,1,6,1,37,7,1798,8,-1,6,1,6
201601EK40208,1,19,0,9,0,8,0,0,0,0,1,1,1,1,50,8,1870,2,11,3,1,3
201601EK40208,2,1,0,18,0,8,0,0,0,0,4,1,6,1,34,6,-1,-1,-1,5,1,5
201601EK40209,1,9,0,9,0,8,0,0,0,0,1,1,6,1,-1,-1,1496,2,2,-1,-1,-1
201601EK40209,2,1,0,18,4,8,0,0,0,0,3,1,6,1,35,6,-1,-1,-1,6,1,6
201601EK40210,1,19,0,18,0,8,0,0,0,0,4,1,2,1,44,7,2299,2,2,2,1,2
201601EK40210,2,11,0,18,0,8,0,0,0,0,1,1,1,1,58,9,4500,2,2,2,1,2
201601EK40211,1,3,0,18,0,1,0,0,0,0,2,1,6,1,21,5,-1,-1,-1,2,1,2
201601EK40211,2,19,0,18,0,1,0,0,0,0,1,1,1,3,-1,-1,-1,-1,-1,-1,-1,-1
201601EK40212,1,5,0,13,0,8,0,0,0,0,4,1,6,1,31,6,652,1,11,8,1,8
201601EK40212,2,9,0,9,0,8,0,0,0,0,3,1,1,1,45,7,-1,-1,-1,2,1,2
201601EK40213,1,9,0,9,0,8,0,0,0,0,4,1,1,1,40,7,1242,1,12,3,1,3
201601EK40213,2,3,0,18,0,8,0,0,0,0,1,1,2,1,40,7,649,1,2,3,1,3
201601EK40214,1,3,0,9,0,2,0,10,0,0,4,1,6,1,14,3,108,1,8,3,1,3
201601EK40216,1,3,0,18,0,0,0,0,0,0,4,1,6,1,29,6,108,1,1,-1,-1,-1
201601EK40216,2,9,0,5,0,0,0,0,0,0,3,1,6,3,-1,-1,-1,-1,-1,-1,-1,-1
201601EK40217,1,11,0,18,0,1,0,0,0,0,0,1,1,1,40,7,4500,2,-1,1,1,1
201601EK40218,1,1,0,7,0,2,0,0,0,0,1,1,6,1,24,5,-1,-1,-1,3,1,3
201601EK40219,1,9,0,18,0,8,0,0,0,0,1,1,2,1,25,5,-1,3,2,7,1,7
201601EK40219,2,2,0,7,0,8,0,0,0,0,3,1,2,1,22,5,49,1,17,3,1,3
201601EK40220,1,21,1,18,0,2,0,0,0,0,4,1,1,1,56,9,12777,2,8,-1,1,-1
201601EK40220,2,8,0,18,2,2,0,0,0,0,3,1,1,1,66,10,2499,2,9,7,1,7
201601EK40221,1,3,0,18,0,1,0,0,0,0,1,1,6,1,21,5,-1,-1,-1,2,1,2
201601EK40222,1,8,0,13,0,0,0,0,0,0,4,1,1,1,24,5,1797,8,3,2,1,2
201601EK40222,2,1,0,18,0,0,0,0,0,0,3,1,2,2,28,6,-1,-1,-1,-1,-1,-1
201601EK40223,1,9,0,18,0,2,0,0,0,0,1,1,6,1,53,8,2494,1,14,5,1,5
201601EK40224,1,9,0,9,0,8,0,0,0,0,3,1,1,2,34,6,1596,1,6,3,1,3
201601EK40224,2,19,0,18,0,8,0,0,0,0,1,1,6,3,-1,-1,1753,2,6,-1,-1,-1
201601EK40225,1,9,0,18,0,8,0,0,0,0,1,1,6,1,42,7,3824,1,10,8,1,8
201601EK40225,2,9,0,18,0,8,0,0,0,0,4,1,6,2,25,5,1197,1,1,10,1,10
201601EK40226,1,19,0,18,0,0,0,0,0,0,1,1,6,3,-1,-1,-1,-1,-1,-1,-1,-1
201601EK40228,1,9,0,1,0,1,0,0,0,0,2,1,6,2,-1,-1,1800,1,18,4,1,4
201601EK40228,2,1,0,3,0,1,0,0,0,0,1,1,6,1,50,8,-1,-1,-1,7,1,7
201601EK40232,1,9,0,9,0,8,0,0,0,0,2,1,6,1,21,5,1395,1,1,9,1,9
201601EK40232,2,3,0,13,0,8,0,0,0,0,1,1,6,1,31,6,124,1,7,-1,-1,-1
201601EK40234,1,9,0,6,0,0,0,10,7,10,1,1,6,1,78,11,1597,1,20,3,1,3
201601EK40235,1,9,0,18,0,0,0,0,0,0,1,1,6,2,26,6,-1,-1,-1,10,1,10
201601EK40236,1,8,0,9,0,8,0,0,0,0,4,1,1,1,43,7,2499,2,4,1,1,1
201601EK40236,2,1,0,15,0,8,0,0,0,0,1,1,6,1,41,7,-1,-1,-1,4,1,4
201601EK40237,1,3,0,14,0,0,0,0,0,0,1,1,2,1,26,6,125,1,8,4,1,4
201601EK40237,2,2,0,14,0,0,0,0,0,0,2,1,1,1,26,6,-1,-1,-1,3,1,3
201601EK40238,1,9,0,18,0,1,0,0,0,0,1,1,6,1,55,8,1956,2,1,10,1,10
201601EK40239,1,9,0,18,0,0,0,0,0,0,1,1,6,1,24,5,1242,1,12,2,1,2
201601EK40240,1,9,0,9,0,2,0,0,0,0,1,1,6,1,-1,-1,-1,-1,-1,-1,-1,-1
201601EK40241,1,5,0,13,0,8,0,0,0,0,4,1,6,1,53,8,599,1,14,2,1,2
201601EK40241,2,9,0,6,0,8,0,0,0,0,3,1,6,1,43,7,-1,-1,-1,5,1,5
201601EK40242,1,10,0,18,0,2,0,8,0,0,4,1,6,1,51,8,-1,-1,-1,7,1,7
201601EK40243,1,11,0,18,0,1,0,10,7,10,1,1,1,1,56,9,4500,2,4,6,1,6
201601EK40244,1,1,0,18,0,1,0,0,0,0,3,1,1,1,-1,-1,-1,-1,-1,-1,-1,-1
201601EK40244,2,9,0,13,0,1,0,0,0,0,4,1,6,2,52,8,1360,1,8,3,1,3
201601EK40245,1,3,0,18,0,1,0,0,0,0,4,1,6,1,22,5,125,1,10,7,1,7
201601EK40245,2,9,0,5,0,1,0,0,0,0,3,1,6,1,-1,-1,1596,1,12,-1,-1,-1
201601EK40246,1,9,0,1,0,2,0,0,0,0,2,1,2,1,57,9,2987,2,5,9,1,9
201601EK40247,1,9,0,18,2,0,0,0,0,0,3,1,6,1,31,6,1499,2,1,10,1,10
201601EK40248,1,9,0,18,0,8,0,0,0,0,3,1,6,2,32,6,1390,1,4,2,1,2
201601EK40248,2,9,0,9,0,8,0,0,0,0,1,1,6,1,46,8,1599,1,10,4,1,4
201601EK40248,3,9,0,18,0,8,0,0,0,0,1,1,6,2,49,8,2179,2,1,5,1,5
201601EK40250,1,8,0,13,0,1,0,0,0,0,4,1,1,1,25,5,1798,8,4,5,1,5
201601EK40250,2,3,0,18,0,1,0,0,0,0,3,1,1,1,-1,-1,109,1,3,-1,-1,-1
201601EK40251,1,9,0,6,0,0,0,0,0,0,1,1,6,2,-1,-1,-1,-1,-1,-1,-1,-1
201601EK40252,1,11,0,9,0,2,0,0,0,0,1,1,1,3,-1,-1,-1,-1,-1,-1,-1,-1
201601EK40253,1,19,0,3,0,0,0,0,0,0,2,1,6,1,36,7,1995,2,9,2,1,2