Accident_Index,Vehicle_Reference,Vehicle_Type,Towing_and_Articulation,Vehicle_Manoeuvre,Vehicle_Location-Restricted_Lane,Junction_Location,Skidding_and_Overturning,Hit_Object_in_Carriageway,Vehicle_Leaving_Carriageway,Hit_Object_off_Carriageway,1st_Point_of_Impact,Was_Vehicle_Left_Hand_Drive?,Journey_Purpose_of_Driver,Sex_of_Driver,Age_of_Driver,Age_Band_of_Driver,Engine_Capacity_(CC),Propulsion_Code,Age_of_Vehicle,Driver_IMD_Decile,Driver_Home_Area_Type,Vehicle_IMD_Decile
201601EK40253,2,19,0,18,0,0,0,0,0,0,1,1,6,1,24,5,-1,-1,-1,6,1,6
201601EK40254,1,3,0,3,0,0,0,0,0,0,3,1,6,1,34,6,-1,-1,-1,4,1,4
201601EK40255,1,8,0,18,0,8,0,0,0,0,1,1,6,1,36,7,1798,8,3,1,1,1
201601EK40255,2,9,0,9,0,8,0,0,0,0,4,1,6,1,20,4,1149,1,13,7,1,7
201601EK40256,1,9,0,18,0,0,0,0,0,0,1,1,6,1,58,9,2143,2,4,9,1,9
201601EK40256,2,1,0,18,0,0,0,0,0,0,2,1,6,1,22,5,-1,-1,-1,2,1,2
201601EK40257,1,5,0,18,0,0,0,0,0,0,4,1,6,1,43,7,645,1,6,2,1,2
201601EK40257,2,1,0,18,0,0,0,0,0,0,3,1,6,1,52,8,-1,-1,-1,8,1,8
201601EK40258,1,19,0,6,0,2,0,0,0,0,3,1,1,1,50,8,2402,2,9,4,1,4
201601EK40258,2,1,0,18,0,2,0,0,0,0,4,1,6,2,24,5,-1,-1,-1,2,1,2
201601EK40259,1,1,0,18,0,2,0,4,0,0,1,1,6,1,58,9,-1,-1,-1,-1,-1,-1
201601EK40260,1,9,0,3,0,1,0,0,0,0,2,1,6,1,20,4,1368,1,1,8,1,8
201601EK40260,2,8,0,4,0,1,1,10,7,2,1,1,6,1,45,7,2499,2,4,6,1,6
201601EK40261,1,9,0,7,0,8,0,0,0,0,3,1,6,1,26,6,1390,1,13,-1,-1,-1
201601EK40261,2,3,0,18,0,8,0,0,0,0,1,1,6,1,26,6,124,1,6,1,1,1
201601EK40262,1,9,0,18,0,2,0,0,0,0,1,1,6,1,26,6,1242,1,4,4,1,4
201601EK40263,1,9,0,3,0,1,0,0,0,0,2,1,1,1,-1,-1,-1,-1,-1,-1,-1,-1
201601EK40263,2,19,0,18,0,1,0,0,0,0,1,1,6,3,-1,-1,2464,2,6,-1,-1,-1
201601EK40264,1,11,0,18,0,1,0,0,0,0,0,1,1,1,53,8,4500,2,-1,6,1,6
201601EK40266,1,19,0,7,0,5,0,0,0,0,4,1,1,1,36,7,2287,2,9,5,1,5
201601EK40266,2,1,0,18,4,1,0,0,0,0,3,1,6,1,41,7,-1,-1,-1,10,1,10
201601EK40267,1,9,0,18,0,0,0,0,0,0,1,1,6,1,55,8,1595,1,9,9,1,9
201601EK40268,1,5,0,18,0,8,0,0,0,0,3,1,6,1,23,5,599,1,10,1,1,1
201601EK40268,2,9,0,9,0,8,0,0,0,0,1,1,6,1,26,6,1995,1,6,3,1,3
201601EK40269,1,19,0,5,0,0,0,0,0,0,1,1,6,1,46,8,2987,2,3,4,1,4
201601EK40269,2,3,0,18,0,0,0,0,0,0,1,1,6,1,25,5,125,1,4,5,1,5
201601EK40271,1,9,0,9,0,8,0,0,0,0,3,1,6,1,46,8,2967,2,1,6,1,6
201601EK40271,2,3,0,13,0,8,0,0,0,0,4,1,2,1,32,6,125,1,2,3,1,3
201601EK40272,1,8,0,18,0,0,0,0,0,0,1,1,1,1,47,8,1796,1,5,1,1,1
201601EK40274,1,11,0,9,0,8,0,0,0,0,3,1,1,1,70,10,10667,2,1,8,1,8
201601EK40274,2,9,0,18,0,8,0,0,0,0,4,1,6,1,26,6,2179,2,1,2,1,2
201601EK40275,1,3,0,18,0,0,0,0,0,0,1,1,6,1,68,10,85,1,16,9,1,9
201601EK40276,1,9,0,7,0,8,0,0,0,0,4,1,6,1,56,9,2000,2,11,3,1,3
201601EK40276,2,1,0,7,0,8,0,0,0,0,3,1,6,1,23,5,-1,-1,-1,4,1,4
201601EK40277,1,4,0,18,0,2,0,0,0,0,1,1,6,3,-1,-1,-1,-1,-1,-1,-1,-1
201601EK40278,1,9,0,9,0,8,0,0,0,0,4,1,6,2,39,7,1796,1,9,2,1,2
201601EK40278,2,1,0,18,0,8,0,0,0,0,1,1,6,1,30,6,-1,-1,-1,5,1,5
201601EK40279,1,9,0,18,9,2,0,10,3,10,1,1,6,2,82,11,1998,1,12,6,1,6
201601EK40280,1,9,0,18,0,2,0,0,0,0,3,1,6,2,57,9,1598,1,1,1,1,1
201601EK40280,2,9,0,11,0,2,0,0,0,0,4,1,6,1,37,7,6752,1,3,-1,-1,-1
201601EK40281,1,9,0,3,0,0,0,0,0,0,1,1,6,1,28,6,1229,1,10,1,1,1
201601EK40281,2,9,0,1,0,0,0,0,0,0,2,1,6,1,35,6,2143,2,5,-1,-1,-1
201601EK40282,1,9,0,9,0,8,0,0,0,0,2,1,6,1,51,8,2461,2,8,4,1,4
201601EK40282,2,9,0,18,0,8,0,0,0,0,1,1,6,1,-1,-1,-1,-1,-1,-1,-1,-1
201601EK40283,1,2,0,18,0,1,0,0,0,0,4,1,6,1,28,6,49,1,8,4,1,4
201601EK40283,2,19,0,6,0,1,0,0,0,0,3,1,6,1,-1,-1,-1,-1,-1,-1,-1,-1
201601EK40284,1,5,0,18,0,0,0,0,0,0,4,1,2,1,38,7,998,1,9,9,1,9
201601EK40284,2,9,0,6,0,0,0,0,0,0,3,1,6,2,-1,-1,998,1,7,-1,-1,-1
201601EK40285,1,8,0,9,0,2,0,0,0,0,1,1,1,1,42,7,1686,2,5,2,1,2
201601EK40286,1,3,0,18,0,2,0,0,0,0,1,1,6,3,-1,-1,-1,-1,-1,-1,-1,-1
201601EK40287,1,1,0,9,0,2,0,0,0,0,2,1,2,1,25,5,-1,-1,-1,1,1,1
201601EK40287,2,4,0,9,0,2,0,0,0,0,1,1,6,1,-1,-1,-1,-1,-1,-1,-1,-1
201601EK40288,1,9,0,9,0,8,0,0,0,0,1,1,6,1,21,5,1461,2,2,4,1,4
201601EK40288,2,1,0,18,0,8,0,0,0,0,3,1,6,1,24,5,-1,-1,-1,2,1,2
201601EK40290,1,1,0,18,0,0,0,0,0,0,1,1,2,1,26,6,-1,-1,-1,4,1,4
201601EK40291,1,1,0,18,0,8,0,0,0,0,1,1,2,1,32,6,-1,-1,-1,3,1,3
201601EK40291,2,9,0,9,0,8,0,0,0,0,4,1,6,3,-1,-1,2199,2,5,-1,-1,-1
201601EK40292,1,9,0,18,0,2,0,4,0,0,1,1,6,3,-1,-1,-1,-1,-1,-1,-1,-1
201601EK40292,2,9,0,2,0,2,0,0,0,0,4,1,6,2,32,6,1461,2,2,1,1,1
201601EK40293,1,4,0,18,0,2,0,0,0,0,1,1,2,1,36,7,-1,-1,-1,3,1,3
201601EK40294,1,8,0,18,0,0,0,0,0,0,0,1,1,1,-1,-1,-1,-1,-1,-1,-1,-1
201601EK40295,1,9,0,18,0,0,0,0,0,0,4,1,1,1,43,7,1560,2,2,-1,-1,-1
201601EK40296,1,20,0,18,0,2,0,0,0,0,4,1,1,1,55,8,12740,2,2,7,1,7
201601EK40296,2,11,0,18,0,2,0,0,0,0,3,1,1,1,46,8,3900,2,11,2,1,2
201601EK40297,1,9,0,18,0,0,0,4,0,0,3,1,1,1,40,7,1598,2,1,2,1,2
201601EK40297,2,9,0,2,0,0,0,0,0,0,3,1,6,3,-1,-1,1956,2,5,-1,-1,-1
201601EK40297,3,9,0,2,0,0,0,0,0,0,3,1,6,3,-1,-1,1596,1,3,-1,-1,-1
201601EK40297,4,9,0,18,0,0,0,0,0,0,3,1,6,3,-1,-1,-1,-1,-1,-1,-1,-1
201601EK40299,1,19,0,18,0,1,0,0,0,0,2,1,1,1,45,7,2198,2,10,3,1,3
201601EK40299,2,4,0,18,0,1,0,0,0,0,1,1,6,1,65,9,649,1,5,10,1,10
201601EK40300,1,11,0,9,0,2,0,0,0,0,3,1,1,1,59,9,4461,2,3,2,1,2
201601EK40301,1,11,0,18,0,1,0,0,0,0,4,1,6,1,60,9,9360,2,5,5,1,5
201601EK40302,1,3,0,18,0,2,0,0,0,0,1,1,6,3,-1,-1,-1,-1,-1,-1,-1,-1
201601EK40303,1,9,0,5,0,8,0,0,0,0,3,1,6,1,26,6,1560,2,7,5,1,5
201601EK40303,2,3,0,5,0,8,0,0,0,0,4,1,6,1,43,7,125,1,1,-1,-1,-1
201601EK40304,1,9,0,13,0,2,0,0,0,0,4,1,1,1,40,7,-1,-1,-1,4,1,4
201601EK40304,2,1,0,18,0,2,0,0,0,0,3,1,6,1,21,5,-1,-1,-1,5,1,5
201601EK40305,1,8,0,2,6,8,0,0,0,0,1,1,1,1,49,8,1798,8,1,4,1,4
201601EK40305,2,8,0,2,6,8,0,0,0,0,2,1,1,1,41,7,-1,-1,-1,-1,-1,-1
201601EK40307,1,9,0,4,0,0,0,0,0,0,3,1,1,2,37,7,2993,2,1,5,1,5
201601EK40307,2,1,0,13,0,0,0,0,0,0,3,1,1,1,27,6,-1,-1,-1,-1,-1,-1
201601EK40308,1,8,0,13,0,1,0,0,0,0,4,1,6,1,-1,-1,1798,8,-1,-1,-1,-1
201601EK40308,2,1,0,18,0,1,0,0,0,0,3,1,6,1,35,6,-1,-1,-1,1,1,1
201601EK40309,1,9,0,9,0,8,0,0,0,0,4,1,6,2,54,8,998,1,12,2,1,2
201601EK40309,2,1,0,18,4,8,0,0,0,0,1,1,6,1,24,5,-1,-1,-1,3,1,3
201601EK40311,1,5,0,13,0,0,0,0,0,0,4,1,1,1,53,8,471,1,2,7,1,7
201601EK40311,2,1,0,12,0,0,0,0,0,0,3,1,1,1,38,7,-1,-1,-1,7,1,7
201601EK40312,1,3,0,13,0,8,0,0,0,0,1,1,6,1,25,5,49,1,4,-1,-1,-1
201601EK40312,2,9,0,9,0,8,0,0,0,0,1,1,6,2,39,7,1997,2,6,7,1,7
201601EK40313,1,1,0,18,4,8,0,0,0,0,1,1,2,1,34,6,-1,-1,-1,3,1,3
201601EK40313,2,9,0,9,0,8,0,0,0,0,4,1,6,2,25,5,799,2,5,-1,-1,-1
201601EK40314,1,9,0,9,0,8,0,0,0,0,4,1,6,1,30,6,1422,2,-1,-1,-1,-1
201601EK40314,2,1,0,18,0,8,0,0,0,0,1,1,6,1,36,7,-1,-1,-1,4,1,4
201601EK40318,1,8,0,18,0,0,0,0,0,0,4,1,1,1,47,8,1598,2,1,6,1,6
201601EK40319,1,1,0,18,0,8,0,0,0,0,3,1,6,1,30,6,-1,-1,-1,5,1,5
201601EK40319,2,19,0,7,0,8,0,0,0,0,4,1,6,1,-1,-1,2148,2,7,4,1,4
201601EK40320,1,1,0,18,0,0,0,0,0,0,3,1,6,1,47,8,-1,-1,-1,3,1,3
201601EK40320,2,9,0,18,0,0,0,0,0,0,4,1,6,3,-1,-1,-1,-1,-1,-1,-1,-1
201601EK40321,1,2,0,18,0,0,0,0,0,0,4,1,6,1,18,4,124,1,3,1,1,1
201601EK40323,1,9,0,15,0,8,0,0,0,0,1,1,6,1,25,5,-1,-1,-1,6,1,6
201601EK40323,2,9,0,9,0,8,0,10,7,10,1,1,6,1,25,5,1398,1,12,4,1,4
201601EK40324,1,1,0,18,0,8,0,0,0,0,1,1,2,1,29,6,-1,-1,-1,1,1,1
201601EK40324,2,9,0,9,0,8,0,0,0,0,1,1,6,1,44,7,1995,2,4,7,1,7
201601EK40325,1,9,0,18,0,0,0,0,0,0,1,1,6,3,-1,-1,-1,-1,-1,-1,-1,-1
201601EK40326,1,8,0,7,0,8,0,0,0,0,1,1,1,1,29,6,1968,2,5,4,1,4
201601EK40326,2,1,0,18,0,8,0,0,0,0,4,1,6,1,34,6,-1,-1,-1,3,1,3
201601EK40327,1,8,0,18,0,1,0,0,0,0,4,1,1,1,54,8,2499,2,3,9,1,9
201601EK40328,1,9,0,18,0,2,0,4,0,0,1,1,3,2,54,8,1364,1,1,2,1,2
201601EK40328,2,9,0,2,0,2,0,0,0,0,3,1,6,1,-1,-1,1498,1,-1,2,1,2
201601EK40328,3,9,0,2,0,2,0,0,0,0,4,1,6,3,-1,-1,-1,-1,-1,-1,-1,-1
201601EK40328,4,9,0,2,0,2,0,0,0,0,4,1,6,2,-1,-1,1598,1,19,2,1,2
201601EK40329,1,1,0,15,0,0,0,8,0,0,1,1,2,2,32,6,-1,-1,-1,3,1,3
201601EK40329,2,8,0,3,0,0,0,0,0,0,4,1,1,1,-1,-1,2499,2,8,-1,-1,-1
201601EK40330,1,9,0,5,0,6,0,0,0,0,4,1,6,2,26,6,1598,2,2,6,1,6
201601EK40330,2,1,0,18,0,8,0,0,0,0,1,1,2,2,31,6,-1,-1,-1,4,1,4
201601EK40331,1,9,0,5,0,0,0,0,0,0,3,1,6,1,73,10,1997,2,13,8,1,8
201601EK40331,2,9,0,18,0,0,0,0,0,0,4,1,6,1,46,8,2143,12,-1,4,1,4
201601EK40333,1,9,0,3,0,1,0,0,0,0,4,1,6,1,57,9,1686,2,1,-1,-1,-1
201601EK40333,2,1,0,15,0,1,0,0,0,0,1,1,6,1,24,5,-1,-1,-1,2,1,2
201601EK40334,1,9,0,18,2,0,0,4,0,0,1,1,6,1,30,6,2967,2,11,2,1,2
201601EK40334,2,19,0,2,2,0,0,4,0,0,2,1,6,3,-1,-1,2298,2,1,-1,-1,-1
201601EK40334,3,9,0,2,0,0,0,4,0,0,2,1,6,3,-1,-1,1997,1,6,-1,-1,-1
201601EK40335,1,9,0,18,0,8,0,0,4,6,2,1,6,1,17,4,1149,1,14,1,1,1
201601EK40335,2,9,0,18,0,8,0,0,0,0,1,1,6,1,51,8,1796,1,18,-1,-1,-1
201601EK40336,1,8,0,5,0,0,0,0,0,0,4,1,1,1,-1,-1,-1,-1,-1,-1,-1,-1
201601EK40337,1,4,0,13,0,8,0,0,0,0,4,1,1,1,21,5,124,1,-1,2,1,2
201601EK40337,2,9,0,9,0,8,0,0,0,0,3,1,6,2,48,8,1995,1,11,8,1,8
201601EK40338,1,9,0,18,0,1,0,0,0,0,4,1,6,2,70,10,1242,1,6,2,1,2
201601EK40339,1,9,0,15,0,8,0,0,0,0,1,1,6,1,34,6,1598,1,12,6,1,6
201601EK40339,2,9,0,10,0,8,0,0,0,0,4,1,6,1,28,6,-1,-1,-1,5,1,5
201601EK40340,1,5,0,18,0,2,0,0,0,0,1,1,6,1,36,7,599,1,12,5,1,5
201601EK40340,2,1,0,12,0,2,0,0,0,0,2,1,6,2,29,6,-1,-1,-1,-1,-1,-1
201601EK40341,1,9,0,4,0,1,0,0,0,0,2,1,2,1,48,8,1985,1,16,3,2,3
201601EK40341,2,19,0,18,0,1,0,0,0,0,1,1,6,1,-1,-1,2446,2,18,-1,-1,-1
201601EK40343,1,9,0,18,0,0,0,0,4,6,4,1,6,1,41,7,1497,8,9,6,1,6
201601EK40343,2,8,0,12,0,0,0,0,0,0,3,1,6,1,-1,-1,2499,2,2,-1,-1,-1
201601EK40347,1,9,0,9,0,8,0,0,0,0,3,1,6,1,32,6,1339,8,8,4,1,4
201601EK40347,2,1,0,13,0,8,0,0,0,0,1,1,6,1,49,8,-1,-1,-1,3,1,3
201601EK40348,1,9,0,4,0,1,0,0,0,0,1,1,2,1,-1,-1,2967,2,7,-1,-1,-1
201601EK40348,2,4,0,12,0,1,0,0,0,0,2,1,2,1,43,7,821,1,1,5,1,5
201601EK40349,1,1,0,12,0,8,0,0,0,0,2,1,2,2,29,6,-1,-1,-1,2,1,2
201601EK40349,2,9,0,18,0,8,0,0,0,0,1,1,6,1,-1,-1,-1,-1,-1,-1,-1,-1
201601EK40350,1,9,0,18,0,0,0,0,0,0,1,1,6,1,21,5,-1,-1,-1,4,1,4
201601EK40351,1,8,0,3,0,0,0,0,0,0,4,1,1,1,43,7,1997,2,4,1,1,1
201601EK40351,2,3,0,15,0,0,1,0,1,10,3,1,1,1,27,6,125,1,4,4,1,4
201601EK40352,1,8,0,18,0,0,0,0,0,0,1,1,1,1,22,5,1461,2,-1,3,1,3
201601EK40352,2,8,0,18,0,0,0,0,0,0,2,1,1,1,51,8,1997,2,1,3,1,3
201601EK40352,3,8,0,18,0,0,0,0,0,0,2,1,6,1,36,7,1598,1,4,3,1,3
201601EK40352,4,8,0,4,0,0,0,0,0,0,2,1,6,1,41,7,1248,2,7,8,1,8
201601EK40353,1,3,0,14,0,0,0,0,0,0,1,1,6,3,-1,-1,-1,-1,-1,-1,-1,-1
201601EK40354,1,9,0,9,0,6,0,0,0,0,1,1,2,2,31,6,2000,2,5,3,1,3
201601EK40354,2,1,0,18,0,8,0,0,0,0,1,1,2,1,27,6,-1,-1,-1,3,1,3
201601EK40357,1,9,0,6,0,0,0,0,0,0,3,1,6,1,24,5,1896,2,14,1,1,1
201601EK40357,2,1,0,13,0,0,0,0,0,0,1,1,2,1,46,8,-1,-1,-1,3,1,3
201601EK40358,1,5,0,18,0,8,0,0,0,0,1,1,2,1,51,8,744,1,7,6,1,6
201601EK40358,2,9,0,9,0,5,0,0,0,0,4,1,1,1,22,5,1797,8,4,2,1,2
201601EK40359,1,2,0,18,0,0,0,0,0,0,4,1,6,1,19,4,125,1,6,3,1,3
201601EK40359,2,9,0,5,0,0,0,0,0,0,3,1,6,1,37,7,1998,1,6,-1,2,-1
201601EK40361,1,9,0,17,0,0,0,0,0,0,3,1,6,1,37,7,1997,2,2,7,1,7
201601EK40361,2,9,0,5,0,0,0,0,0,0,4,1,6,2,48,8,1598,2,3,8,1,8
201601EK40362,1,9,0,9,0,8,0,0,0,0,4,1,1,1,-1,-1,-1,-1,-1,-1,-1,-1
201601EK40362,2,1,0,18,0,8,0,0,0,0,1,1,2,2,32,6,-1,-1,-1,4,1,4
201601EK40363,1,8,0,3,0,0,0,0,0,0,2,1,1,1,36,7,1968,2,4,4,1,4
201601EK40363,2,19,0,18,0,0,0,0,0,0,1,1,6,1,-1,-1,2198,2,4,5,1,5
201601EK40365,1,11,0,4,0,2,0,0,0,0,0,1,1,1,52,8,4500,2,-1,-1,-1,-1
201601EK40367,1,3,0,15,0,8,0,0,0,0,1,1,1,1,38,7,-1,-1,-1,4,1,4
201601EK40367,2,9,0,9,0,8,0,0,0,0,4,1,1,1,66,10,-1,-1,-1,7,1,7
201601EK40370,1,19,0,2,0,2,0,0,0,0,2,1,1,1,25,5,2143,2,1,3,1,3
201601EK40370,2,2,0,18,0,8,0,4,0,0,3,1,6,1,30,6,50,1,1,2,1,2
201601EK40370,3,11,0,18,0,8,0,0,0,0,3,1,1,1,54,8,7300,2,12,5,1,5
201601EK40371,1,8,0,18,0,8,0,0,0,0,4,1,1,1,58,9,1997,2,6,5,1,5
201601EK40371,2,8,0,18,0,8,0,0,0,0,1,1,1,1,61,9,2499,2,9,-1,-1,-1
201601EK40372,1,9,0,7,0,2,0,0,0,0,1,1,6,3,-1,-1,-1,-1,-1,-1,-1,-1
201601EK40373,1,8,0,2,0,0,0,0,0,0,4,1,1,1,42,7,1910,2,6,4,1,4
201601EK40373,2,1,0,15,0,0,0,8,0,0,1,1,6,2,35,6,-1,-1,-1,6,1,6
201601EK40374,1,11,0,4,0,1,0,0,0,0,4,1,1,1,46,8,7300,2,12,2,1,2
201601EK40375,1,1,0,18,4,2,0,0,0,0,3,1,6,1,34,6,-1,-1,-1,2,1,2
201601EK40375,2,9,0,18,4,2,0,0,0,0,4,1,6,2,-1,-1,5998,1,7,6,1,6
201601EK40376,1,5,0,3,0,0,0,0,0,0,2,1,6,1,28,6,600,1,2,3,1,3
201601EK40376,2,3,0,3,0,0,0,0,0,0,2,1,6,1,29,6,125,1,3,2,1,2
201601EK40376,3,9,0,18,0,0,0,0,0,0,1,1,6,1,-1,-1,-1,-1,-1,-1,-1,-1
201601EK40377,1,9,0,9,0,1,0,0,0,0,1,1,6,1,42,7,1798,8,3,3,1,3
201601EK40377,2,1,0,9,0,1,0,0,0,0,2,1,6,1,44,7,-1,-1,-1,3,1,3
201601EK40378,1,1,0,14,0,1,0,0,0,0,1,1,2,1,28,6,-1,-1,-1,-1,-1,-1
201601EK40378,2,9,0,3,0,1,0,0,0,0,3,1,6,1,-1,-1,-1,-1,-1,-1,-1,-1
201601EK40379,1,9,0,18,0,1,0,0,0,0,4,1,6,2,38,7,1199,1,14,5,1,5
201601EK40379,2,1,0,15,2,1,0,7,0,0,1,1,6,1,48,8,-1,-1,-1,3,1,3
201601EK40380,1,9,0,6,0,0,0,0,0,0,3,1,1,1,32,6,-1,-1,-1,-1,-1,-1
201601EK40380,2,8,0,13,0,0,0,0,0,0,4,1,6,1,56,9,2402,2,13,1,1,1
201601EK40381,1,3,0,13,0,8,0,0,0,0,4,1,2,1,32,6,125,1,5,4,1,4
201601EK40381,2,9,0,9,0,8,0,0,0,0,3,1,1,1,42,7,1997,2,4,5,1,5
201601EK40382,1,9,0,18,0,1,0,0,0,0,4,1,6,2,-1,-1,-1,-1,-1,-1,-1,-1
201601EK40384,1,11,0,5,2,0,0,0,0,0,0,1,1,1,64,9,4760,2,3,9,1,9
201601EK40385,1,9,0,18,0,2,0,0,0,0,1,1,6,2,69,10,1395,1,3,6,1,6
201601EK40388,1,8,0,18,0,2,0,0,0,0,3,1,1,1,26,6,1997,2,5,6,1,6
201601EK40390,1,11,0,18,0,8,0,0,0,0,1,1,1,1,-1,-1,6696,2,3,-1,-1,-1
201601EK40390,2,21,0,3,0,8,0,0,0,0,2,1,6,3,-1,-1,-1,-1,-1,-1,-1,-1
201601EK40391,1,8,0,9,0,8,0,0,0,0,3,1,6,1,42,7,1339,8,5,2,1,2
201601EK40391,2,1,0,9,0,8,0,0,0,0,4,1,6,1,28,6,-1,-1,-1,3,1,3
201601EK40393,1,9,0,18,0,0,0,0,0,0,3,1,6,1,61,9,2993,2,2,8,1,8
201601EK40393,2,3,0,13,0,0,0,0,0,0,4,1,6,1,29,6,102,1,12,2,1,2
201601EK40394,1,9,0,9,0,8,0,0,0,0,4,1,2,1,39,7,1998,1,8,-1,-1,-1
201601EK40394,2,5,0,18,0,8,0,0,0,0,1,1,2,1,44,7,656,1,9,5,1,5
201601EK40396,1,1,0,4,4,8,0,0,0,0,1,1,2,2,23,5,-1,-1,-1,7,1,7
201601EK40396,2,9,0,7,0,5,0,0,0,0,4,1,6,2,-1,-1,-1,-1,-1,-1,-1,-1
201601EK40397,1,1,0,18,0,8,0,0,0,0,1,1,2,1,32,6,-1,-1,-1,6,1,6
201601EK40397,2,9,0,9,0,8,0,0,0,0,4,1,6,1,-1,-1,2457,1,6,1,1,1
201601EK40398,1,1,0,18,0,0,0,0,0,0,1,1,6,1,49,8,-1,-1,-1,5,3,5
201601EK40398,2,9,0,6,0,0,0,0,0,0,3,1,6,1,-1,-1,-1,-1,-1,-1,-1,-1
201601EK40399,1,1,0,18,0,0,0,0,0,0,4,1,6,1,52,8,-1,-1,-1,7,1,7
201601EK40399,2,8,0,12,0,0,0,0,0,0,3,1,1,1,-1,-1,2143,2,5,-1,-1,-1
201601EK40400,1,11,0,18,0,1,0,0,0,0,0,1,1,1,40,7,4500,2,1,3,1,3
201601EK40401,1,21,0,14,0,0,0,0,0,0,4,1,1,1,49,8,12740,2,4,2,1,2
201601EK40401,2,11,0,3,2,0,0,0,0,0,3,1,1,1,48,8,6700,2,8,9,1,9
201601EK40401,3,1,0,14,0,0,0,0,0,0,3,1,6,2,51,8,-1,-1,-1,8,1,8
201601EK40403,1,11,0,18,0,1,0,0,0,0,1,1,1,1,49,8,9360,2,5,3,1,3
201601EK40404,1,9,0,18,0,2,0,0,0,0,1,1,6,1,22,5,1798,1,14,2,1,2
201601EK40405,1,9,0,7,4,5,0,0,0,0,4,1,6,1,50,8,1956,2,5,4,1,4
201601EK40405,2,1,0,16,4,1,0,0,0,0,3,1,6,1,23,5,-1,-1,-1,3,1,3
201601EK40406,1,1,0,18,0,2,0,0,0,0,0,1,2,1,23,5,-1,-1,-1,5,1,5
201601EK40406,2,3,0,13,0,2,0,0,0,0,0,1,6,3,-1,-1,-1,-1,-1,-1,-1,-1
201601EK40407,1,19,0,18,0,1,0,0,0,0,1,1,1,1,33,6,1968,2,1,9,1,9
201601EK40408,1,9,0,9,0,8,0,0,0,0,3,1,6,1,30,6,996,1,3,5,1,5
201601EK40408,2,9,0,18,0,8,0,0,0,0,4,1,6,1,55,8,1296,1,9,1,1,1
201601EK40409,1,5,0,18,0,8,0,0,0,0,1,1,6,1,30,6,636,1,10,8,1,8
201601EK40409,2,8,0,9,0,8,0,0,0,0,1,1,1,1,74,10,2446,2,15,4,1,4
201601EK40410,1,11,0,18,0,0,0,0,0,0,0,1,1,1,59,9,7300,2,12,2,1,2
201601EK40411,1,1,0,18,0,8,0,0,0,0,4,1,6,1,32,6,-1,-1,-1,-1,-1,-1
201601EK40411,2,8,0,9,0,8,0,0,0,0,1,1,6,1,-1,-1,-1,-1,-1,-1,-1,-1
201601EK40413,1,3,0,18,0,8,0,0,0,0,3,1,6,1,58,9,124,1,11,4,1,4
201601EK40413,2,8,0,18,0,8,0,0,0,0,1,1,1,1,29,6,1598,2,4,7,1,7
201601EK40414,1,8,0,4,0,1,0,0,0,0,2,1,1,1,34,6,1956,2,6,6,2,6
201601EK40414,2,9,0,18,0,1,0,0,0,0,1,1,6,2,44,7,1686,2,3,1,1,1
201601EK40416,1,8,0,18,0,2,0,0,0,0,3,1,1,1,73,10,2499,2,2,6,1,6
201601EK40417,1,9,0,18,0,8,0,0,0,0,1,1,3,2,40,7,1586,1,7,8,1,8
201601EK40417,2,9,0,5,0,8,0,0,0,0,4,1,6,2,35,6,1968,2,8,4,1,4
201601EK40419,1,9,0,18,0,1,0,0,0,0,1,1,6,1,-1,-1,-1,-1,-1,-1,-1,-1
201601EK40422,1,9,0,18,0,0,0,0,0,0,1,1,6,1,35,6,1598,1,11,-1,-1,-1
201601EK40424,1,9,0,9,0,8,0,0,0,0,3,1,6,1,53,8,1598,1,11,2,1,2
201601EK40424,2,1,0,17,0,8,0,0,0,0,1,1,6,1,33,6,-1,-1,-1,2,1,2
201601EK40425,1,3,0,18,0,1,0,0,0,0,1,1,6,1,42,7,124,1,6,2,1,2
201601EK40425,2,1,0,18,0,1,0,0,0,0,4,1,6,1,45,7,-1,-1,-1,2,1,2
201601EK40426,1,8,0,18,0,1,0,0,0,0,2,1,1,1,34,6,1797,8,5,5,1,5
201601EK40426,2,11,0,18,0,1,0,0,0,0,1,1,1,1,36,7,4461,2,3,1,1,1
201601EK40427,1,20,0,1,0,0,0,0,0,0,2,1,1,1,48,8,10837,2,1,3,1,3
201601EK40428,1,19,0,8,0,1,0,0,0,0,2,1,1,1,51,8,2198,2,4,4,1,4
201601EK40428,2,9,0,18,0,1,0,0,0,0,1,1,2,2,37,7,2149,2,9,3,1,3
201601EK40429,1,3,0,3,0,1,0,0,0,0,2,1,2,1,51,8,125,1,3,4,1,4
201601EK40429,2,9,0,18,0,1,0,0,0,0,1,1,6,1,-1,-1,1798,1,10,-1,-1,-1
201601EK40430,1,9,0,13,0,0,0,0,0,0,4,1,1,2,43,7,1248,1,2,5,1,5
201601EK40430,2,1,0,18,0,0,0,0,0,0,3,1,2,2,22,5,-1,-1,-1,2,1,2
201601EK40433,1,19,0,3,0,1,0,0,0,0,2,1,1,1,28,6,2143,2,1,2,1,2
201601EK40433,2,1,0,18,0,1,0,0,0,0,1,1,6,1,43,7,-1,-1,-1,4,1,4
201601EK40434,1,8,0,18,0,8,0,0,0,0,2,1,1,1,-1,-1,-1,-1,-1,-1,-1,-1
201601EK40434,2,1,0,18,0,8,0,0,0,0,1,1,4,1,16,4,-1,-1,-1,2,1,2
201601EK40435,1,11,0,18,0,1,0,0,0,0,4,1,1,1,35,6,4500,2,1,2,1,2
201601EK40436,1,9,0,13,0,1,0,0,0,0,1,1,6,1,-1,-1,-1,-1,-1,-1,-1,-1
201601EK40436,2,1,0,18,0,2,0,0,0,0,3,1,1,1,40,7,-1,-1,-1,5,1,5
201601EK40438,1,4,0,5,0,8,0,0,0,0,3,1,1,2,40,7,656,1,11,4,1,4
201601EK40438,2,1,0,18,0,8,0,0,0,0,1,1,2,1,39,7,-1,-1,-1,9,3,9
201601EK40439,1,19,0,7,0,1,0,0,0,0,4,1,1,1,51,8,2143,2,-1,9,1,9
201601EK40439,2,1,0,15,0,1,0,0,0,0,3,1,6,2,47,8,-1,-1,-1,4,1,4