Accident_Index,Vehicle_Reference,Vehicle_Type,Towing_and_Articulation,Vehicle_Manoeuvre,Vehicle_Location-Restricted_Lane,Junction_Location,Skidding_and_Overturning,Hit_Object_in_Carriageway,Vehicle_Leaving_Carriageway,Hit_Object_off_Carriageway,1st_Point_of_Impact,Was_Vehicle_Left_Hand_Drive?,Journey_Purpose_of_Driver,Sex_of_Driver,Age_of_Driver,Age_Band_of_Driver,Engine_Capacity_(CC),Propulsion_Code,Age_of_Vehicle,Driver_IMD_Decile,Driver_Home_Area_Type,Vehicle_IMD_Decile
201601EK40440,1,19,0,14,0,1,0,0,0,0,3,1,1,1,52,8,1995,2,4,5,1,5
201601EK40440,2,1,0,18,0,1,0,0,0,0,4,1,2,1,37,7,-1,-1,-1,2,1,2
201601EK40441,1,9,0,18,0,8,0,0,0,0,3,1,6,1,48,8,1798,8,1,2,1,2
201601EK40441,2,1,0,18,0,8,0,0,0,0,1,1,6,2,29,6,-1,-1,-1,4,1,4
201601EK40445,1,9,0,5,0,1,0,0,0,0,4,1,6,3,-1,-1,-1,-1,-1,-1,-1,-1
201601EK40446,1,5,0,18,0,0,0,0,0,0,1,1,2,1,55,8,1649,1,1,8,1,8
201601EK40447,1,9,0,4,0,1,1,0,0,0,4,1,1,1,52,8,-1,-1,-1,10,1,10
201601EK40447,2,1,0,18,0,8,0,0,0,0,1,1,2,1,-1,-1,-1,-1,-1,-1,-1,-1
201601EK40448,1,9,0,7,0,8,0,0,0,0,4,1,6,1,23,5,1360,1,13,8,3,8
201601EK40449,1,5,0,18,0,0,0,0,0,0,1,1,6,1,25,5,803,1,4,2,1,2
201601EK40450,1,1,0,9,0,8,0,0,0,0,3,1,6,1,25,5,-1,-1,-1,2,1,2
201601EK40450,2,9,0,9,0,8,0,0,0,0,1,1,6,1,50,8,1497,8,7,-1,-1,-1
201601EK40451,1,19,0,1,0,0,0,0,0,0,2,1,6,1,-1,-1,1560,2,4,-1,-1,-1
201601EK40453,1,1,0,18,0,2,0,0,0,0,2,1,6,2,56,9,-1,-1,-1,7,1,7
201601EK40453,2,9,0,18,0,2,0,0,0,0,1,1,6,3,-1,-1,-1,-1,-1,-1,-1,-1
201601EK40454,1,11,0,18,0,1,0,0,0,0,1,1,1,1,54,8,4500,2,1,5,1,5
201601EK40455,1,1,0,5,0,1,0,0,0,0,3,1,6,2,68,10,-1,-1,-1,3,1,3
201601EK40455,2,9,0,7,0,1,0,0,0,0,4,1,6,1,-1,-1,999,1,1,-1,-1,-1
201601EK40456,1,9,0,4,9,0,0,0,0,0,1,1,6,1,-1,-1,1598,1,11,-1,-1,-1
201601EK40457,1,9,0,17,0,0,0,10,2,2,1,1,6,1,22,5,1995,1,5,3,1,3
201601EK40458,1,9,0,5,0,1,0,0,0,0,1,1,6,2,-1,-1,1896,2,9,4,1,4
201601EK40458,2,1,0,3,0,1,0,0,0,0,2,1,6,1,39,7,-1,-1,-1,5,1,5
201601EK40460,1,9,0,3,0,1,0,0,0,0,2,1,6,1,47,8,1991,1,1,6,1,6
201601EK40460,2,3,0,18,0,1,0,0,0,0,1,1,6,1,-1,-1,124,1,10,-1,-1,-1
201601EK40462,1,19,0,9,0,1,0,0,0,0,3,1,1,1,44,7,1560,2,1,10,1,10
201601EK40462,2,5,0,13,0,1,0,0,0,0,4,1,6,1,52,8,599,1,8,3,1,3
201601EK40463,1,8,0,9,0,8,0,0,0,0,3,1,1,1,38,7,1956,2,3,3,1,3
201601EK40463,2,1,0,18,0,8,0,0,0,0,1,1,6,1,35,6,-1,-1,-1,4,1,4
201601EK40464,1,9,0,4,0,1,0,0,0,0,2,1,6,2,60,9,1968,2,8,3,1,3
201601EK40464,2,9,0,18,0,1,0,0,0,0,1,1,6,1,41,7,1395,1,-1,1,1,1
201601EK40465,1,9,0,9,0,8,0,0,0,0,1,1,6,1,57,9,2231,2,3,2,1,2
201601EK40465,2,1,0,15,0,8,0,0,0,0,3,1,6,1,23,5,-1,-1,-1,3,1,3
201601EK40467,1,9,0,18,0,1,0,0,1,2,1,1,6,1,30,6,1988,1,16,2,1,2
201601EK40468,1,11,0,18,0,1,0,0,0,0,0,1,1,1,53,8,4461,2,3,3,1,3
201601EK40469,1,19,0,18,0,1,0,0,0,0,1,1,6,3,-1,-1,-1,-1,-1,-1,-1,-1
201601EK40469,2,1,0,18,0,1,0,0,0,0,2,1,6,1,23,5,-1,-1,-1,4,1,4
201601EK40470,1,8,0,5,0,8,0,0,0,0,1,1,1,1,36,7,1798,8,-1,3,1,3
201601EK40471,1,9,0,7,0,2,0,0,0,0,1,1,6,3,-1,-1,-1,-1,-1,-1,-1,-1
201601EK40472,1,9,0,5,0,1,0,0,0,0,2,1,6,1,71,10,1998,1,17,2,1,2
201601EK40472,2,9,0,5,0,1,0,0,0,0,1,1,6,1,-1,-1,1896,2,9,-1,-1,-1
201601EK40473,1,9,0,3,0,1,0,0,0,0,1,1,6,2,38,7,1388,1,13,2,1,2
201601EK40473,2,9,0,1,0,1,0,0,0,0,2,1,6,1,-1,-1,2987,2,8,-1,-1,-1
201601EK40475,1,9,0,3,0,0,0,0,0,0,2,1,6,3,-1,-1,-1,-1,-1,-1,-1,-1
201601EK40475,2,1,0,18,0,0,0,0,0,0,1,1,6,2,24,5,-1,-1,-1,9,1,9
201601EK40476,1,9,0,4,0,2,0,0,0,0,1,1,6,1,50,8,2295,1,15,2,1,2
201601EK40476,2,9,0,4,0,2,0,0,0,0,2,1,6,2,69,10,-1,-1,-1,1,1,1
201601EK40477,1,1,0,18,4,8,0,0,0,0,1,1,2,1,64,9,-1,-1,-1,9,1,9
201601EK40477,2,9,0,9,0,8,0,0,0,0,4,1,6,1,-1,-1,1995,1,8,-1,-1,-1
201601EK40478,1,11,0,18,2,0,0,0,0,0,1,1,1,1,51,8,4760,2,5,1,1,1
201601EK40479,1,9,0,18,0,0,0,0,7,10,4,1,6,2,78,11,1299,1,11,8,1,8
201601EK40480,1,1,0,18,0,0,0,0,0,0,1,1,6,1,29,6,-1,-1,-1,3,1,3
201601EK40481,1,1,0,18,0,1,0,0,0,0,4,1,2,1,24,5,-1,-1,-1,-1,-1,-1
201601EK40481,2,19,0,12,0,1,0,0,0,0,3,1,6,1,-1,-1,-1,-1,-1,-1,-1,-1
201601EK40482,1,8,0,12,0,0,0,0,0,0,4,1,1,1,41,7,1968,2,1,5,1,5
201601EK40482,2,1,0,18,0,0,0,0,0,0,3,1,6,1,34,6,-1,-1,-1,10,3,10
201601EK40483,1,9,0,9,0,8,0,0,0,0,1,1,6,2,30,6,2494,1,17,2,1,2
201601EK40483,2,3,0,18,0,8,0,0,0,0,1,1,1,1,37,7,125,1,12,4,1,4
201601EK40484,1,9,0,18,0,0,0,0,0,0,1,1,6,2,60,9,1998,1,12,7,1,7
201601EK40484,2,11,0,3,2,0,0,0,0,0,2,1,1,1,49,8,4500,2,7,4,1,4
201601EK40485,1,8,0,10,0,0,0,0,0,0,4,1,6,1,-1,-1,1797,8,6,2,1,2
201601EK40485,2,9,0,12,0,0,0,0,0,0,3,1,6,1,36,7,2179,2,3,5,3,5
201601EK40486,1,9,0,5,0,8,0,0,1,10,1,1,6,1,56,9,3000,1,5,2,1,2
201601EK40487,1,9,0,18,0,1,0,4,0,0,1,1,6,2,40,7,-1,-1,-1,1,1,1
201601EK40487,2,9,0,2,0,1,0,0,0,0,4,1,6,1,-1,-1,1781,1,13,4,1,4
201601EK40487,3,9,0,2,0,1,0,0,0,0,4,1,6,1,-1,-1,-1,-1,-1,-1,-1,-1
201601EK40487,4,9,0,2,0,1,0,0,0,0,4,1,6,2,52,8,3996,1,16,4,1,4
201601EK40488,1,4,0,18,0,2,0,0,0,0,1,1,6,1,39,7,1202,1,1,3,1,3
201601EK40488,2,9,0,6,0,2,0,0,0,0,3,1,6,1,57,9,2143,2,2,9,1,9
201601EK40490,1,1,0,14,0,1,0,0,0,0,2,1,2,1,32,6,-1,-1,-1,3,1,3
201601EK40490,2,9,0,14,0,1,0,0,0,0,1,1,6,1,-1,-1,1242,1,13,-1,-1,-1
201601EK40491,1,5,0,13,0,1,0,0,0,0,4,1,1,1,30,6,645,1,10,3,1,3
201601EK40491,2,19,0,12,0,1,0,0,0,0,3,1,6,1,27,6,-1,-1,-1,-1,-1,-1
201601EK40492,1,9,0,18,0,1,0,0,0,0,1,1,1,1,31,6,-1,-1,-1,1,1,1
201601EK40492,2,1,0,18,0,1,0,0,0,0,2,1,6,1,38,7,-1,-1,-1,7,1,7
201601EK40493,1,90,0,1,0,2,0,0,0,0,2,1,1,1,52,8,-1,-1,-1,8,1,8
201601EK40494,1,1,0,18,0,0,0,0,0,0,1,1,6,3,-1,-1,-1,-1,-1,-1,-1,-1
201601EK40495,1,3,0,18,0,1,1,0,0,0,1,1,6,2,40,7,-1,-1,-1,3,1,3
201601EK40495,2,19,0,4,0,1,0,0,0,0,2,1,6,1,34,6,1896,2,8,3,1,3
201601EK40496,1,9,0,4,0,1,0,0,0,0,2,1,1,1,29,6,1560,2,-1,-1,-1,-1
201601EK40496,2,19,0,18,0,1,0,0,0,0,1,1,1,1,31,6,-1,-1,-1,4,1,4
201601EK40497,1,11,0,13,0,0,0,0,0,0,1,1,6,1,31,6,6692,2,7,2,1,2
201601EK40497,2,1,0,18,0,0,0,0,0,0,2,1,6,2,25,5,-1,-1,-1,3,1,3
201601EK40498,1,9,0,2,0,2,0,0,0,0,3,1,2,1,46,8,3855,1,2,8,1,8
201601EK40498,2,1,0,18,0,2,0,8,0,0,1,1,6,2,-1,-1,-1,-1,-1,-1,-1,-1
201601EK40499,1,8,0,3,0,1,0,0,0,0,4,1,6,1,31,6,1797,8,5,1,1,1
201601EK40499,2,3,0,15,0,1,0,8,0,0,1,1,1,1,37,7,125,1,1,3,1,3
201601EK40501,1,3,0,5,0,8,0,0,0,0,3,1,6,1,46,8,124,1,4,2,1,2
201601EK40501,2,9,0,5,0,8,0,0,0,0,4,1,6,1,-1,-1,-1,-1,-1,-1,-1,-1
201601EK40502,1,9,0,18,0,2,0,0,0,0,1,1,6,1,-1,-1,-1,-1,-1,-1,-1,-1
201601EK40503,1,5,0,18,0,0,0,0,0,0,1,1,6,1,50,8,-1,-1,-1,5,1,5
201601EK40503,2,11,0,5,0,0,0,0,0,0,3,1,1,1,-1,-1,-1,-1,-1,-1,-1,-1
201601EK40505,1,9,0,18,0,1,0,0,0,0,3,1,6,3,-1,-1,-1,-1,-1,-1,-1,-1
201601EK40507,1,9,0,9,0,0,0,0,0,0,1,1,6,1,54,8,-1,-1,-1,3,1,3
201601EK40507,2,3,0,18,2,0,0,0,0,0,1,1,6,1,31,6,124,1,3,1,1,1
201601EK40508,1,9,0,18,0,1,0,0,0,0,4,1,6,1,-1,-1,2720,2,11,-1,-1,-1
201601EK40508,2,3,0,15,0,1,0,0,0,0,3,1,6,1,39,7,124,1,4,4,1,4
201601EK40509,1,8,0,18,0,8,0,0,0,0,4,1,1,1,35,6,2499,2,8,1,1,1
201601EK40509,2,1,0,18,0,8,0,0,0,0,1,1,6,1,28,6,-1,-1,-1,-1,-1,-1
201601EK40510,1,9,0,9,0,8,0,0,0,0,1,1,2,1,58,9,1686,2,14,4,1,4
201601EK40510,2,21,0,18,0,8,0,0,0,0,3,1,1,1,37,7,-1,-1,-1,8,1,8
201601EK40511,1,8,0,18,0,2,0,0,0,0,1,1,1,1,34,6,1798,8,-1,4,1,4
201601EK40512,1,9,0,4,0,2,0,0,0,0,2,1,6,2,48,8,1753,2,14,7,1,7
201601EK40512,2,9,0,4,0,2,0,0,0,0,1,1,6,1,-1,-1,-1,-1,-1,-1,-1,-1
201601EK40513,1,9,0,18,0,2,0,0,0,0,1,1,6,1,30,6,1299,1,14,4,1,4
201601EK40513,2,9,0,6,0,1,0,0,0,0,4,1,1,1,31,6,1798,8,4,1,1,1
201601EK40514,1,9,0,9,0,2,0,7,0,0,3,1,1,2,42,7,1560,2,4,3,1,3
201601EK40515,1,1,0,18,2,0,0,0,0,0,2,1,2,2,31,6,-1,-1,-1,6,1,6
201601EK40515,2,9,0,15,2,0,0,0,0,0,1,1,6,3,-1,-1,-1,-1,-1,-1,-1,-1
201601EK40517,1,1,0,18,0,1,0,0,0,0,1,1,6,1,33,6,-1,-1,-1,3,1,3
201601EK40517,2,9,0,7,0,2,0,0,0,0,1,1,6,1,-1,-1,-1,-1,-1,7,1,7
201601EK40518,1,8,0,18,0,0,0,0,0,0,4,1,1,1,56,9,2499,2,3,6,1,6
201601EK40522,1,9,0,18,0,1,0,0,0,0,4,1,6,3,-1,-1,-1,-1,-1,-1,-1,-1
201601EK40523,1,9,0,7,0,2,0,0,0,0,4,1,6,1,-1,-1,-1,-1,-1,-1,-1,-1
201601EK40525,1,11,0,5,0,8,0,0,0,0,0,1,1,1,32,6,4461,2,3,3,1,3
201601EK40526,1,11,0,18,2,1,0,0,0,0,0,1,1,1,34,6,6692,2,3,3,1,3
201601EK40527,1,9,0,18,0,8,0,10,0,0,3,1,6,1,28,6,-1,-1,-1,4,1,4
201601EK40527,2,9,0,11,0,8,0,0,0,0,1,1,1,2,44,7,1497,8,4,4,1,4
201601EK40527,3,19,0,8,0,8,0,0,0,0,1,1,1,1,29,6,2402,2,8,4,1,4
201601EK40529,1,9,0,9,0,8,0,0,0,0,3,1,6,1,32,6,-1,-1,-1,1,1,1
201601EK40529,2,20,0,18,0,8,0,0,0,0,1,1,6,3,-1,-1,-1,-1,-1,-1,-1,-1
201601EK40530,1,8,0,18,0,1,0,0,0,0,1,1,2,1,36,7,1997,2,1,1,1,1
201601EK40533,1,9,0,9,0,8,0,0,0,0,1,1,6,2,21,5,1198,1,1,3,1,3
201601EK40533,2,1,0,9,0,8,0,0,0,0,2,1,6,1,28,6,-1,-1,-1,1,1,1
201601EK40534,1,8,0,18,2,0,0,0,0,0,1,1,1,1,62,9,2499,2,5,8,1,8
201601EK40535,1,9,0,9,0,8,0,0,0,0,3,1,1,1,28,6,1461,2,1,2,1,2
201601EK40535,2,1,0,18,0,8,0,0,0,0,1,1,6,1,23,5,-1,-1,-1,-1,-1,-1
201601EK40536,1,1,0,18,0,0,0,0,0,0,1,1,6,1,44,7,-1,-1,-1,4,1,4
201601EK40536,2,9,0,2,0,0,0,0,0,0,3,1,6,1,-1,-1,-1,-1,-1,-1,-1,-1
201601EK40537,1,9,0,18,0,8,0,7,1,0,1,1,1,3,-1,-1,-1,-1,-1,-1,-1,-1
201601EK40537,2,9,0,9,0,8,0,0,0,0,4,1,6,1,70,10,1197,1,-1,2,1,2
201601EK40538,1,1,0,14,0,0,0,0,0,0,1,1,6,1,66,10,-1,-1,-1,8,1,8
201601EK40538,2,19,0,6,0,0,0,0,0,0,3,1,1,1,51,8,1560,2,1,1,1,1
201601EK40539,1,3,0,18,2,8,0,0,0,0,3,1,2,1,21,5,125,1,-1,3,1,3
201601EK40539,2,9,0,7,0,8,0,0,0,0,4,1,2,2,42,7,-1,-1,-1,2,1,2
201601EK40540,1,1,0,18,0,1,0,0,0,0,4,1,2,1,37,7,-1,-1,-1,2,1,2
201601EK40541,1,9,0,5,0,8,0,0,0,0,3,1,6,1,46,8,1598,1,11,1,1,1
201601EK40541,2,1,0,18,0,8,0,0,0,0,1,1,6,1,22,5,-1,-1,-1,4,1,4
201601EK40544,1,9,0,9,0,1,0,0,0,0,1,1,2,1,35,6,-1,-1,-1,8,1,8
201601EK40544,2,4,0,18,2,1,0,0,0,0,3,1,2,1,35,6,649,1,3,7,1,7
201601EK40545,1,8,0,4,0,0,0,0,0,0,2,1,1,1,35,6,1797,8,6,7,3,7
201601EK40545,2,9,0,4,0,0,0,0,0,0,1,1,6,1,-1,-1,1968,2,11,-1,-1,-1
201601EK40545,3,9,0,3,0,0,0,0,0,0,2,1,6,2,28,6,1582,2,3,-1,-1,-1
201601EK40547,1,11,0,18,0,1,0,0,0,0,0,1,1,1,53,8,4500,2,2,4,1,4
201601EK40548,1,11,0,5,0,1,0,0,0,0,0,1,1,1,48,8,4500,2,1,5,1,5
201601EK40549,1,9,0,3,0,1,0,0,0,0,2,1,6,1,44,7,-1,-1,-1,2,1,2
201601EK40549,2,9,0,18,0,1,0,0,0,0,1,1,6,3,-1,-1,1796,1,12,-1,-1,-1
201601EK40550,1,11,0,3,0,1,0,0,0,0,4,1,1,2,37,7,4500,2,1,6,1,6
201601EK40550,2,1,0,15,0,2,0,0,0,0,4,1,6,1,21,5,-1,-1,-1,2,1,2
201601EK40551,1,4,0,13,0,8,0,0,0,0,4,1,1,1,37,7,108,1,3,7,1,7
201601EK40551,2,9,0,9,0,8,0,0,0,0,1,1,6,1,47,8,1598,2,6,-1,-1,-1
201601EK40552,1,11,0,3,2,0,0,0,0,0,4,1,1,1,34,6,4461,2,3,6,1,6
201601EK40553,1,19,0,7,0,2,0,0,0,0,1,1,1,1,47,8,-1,-1,-1,3,1,3
201601EK40553,2,9,0,18,0,1,0,4,1,0,1,1,6,1,22,5,1968,2,3,3,1,3
201601EK40553,3,9,0,2,0,2,0,0,0,0,4,1,6,3,-1,-1,-1,-1,-1,-1,-1,-1
201601EK40554,1,1,0,15,0,1,0,0,0,0,3,1,6,1,55,8,-1,-1,-1,5,1,5
201601EK40554,2,11,0,18,0,1,0,0,0,0,4,1,1,1,49,8,-1,-1,-1,7,1,7
201601EK40555,1,19,0,9,0,8,0,0,0,0,3,1,1,1,40,7,1753,2,11,-1,-1,-1
201601EK40555,2,4,0,18,0,8,1,0,0,0,1,1,6,1,28,6,-1,-1,-1,7,1,7
201601EK40556,1,11,0,5,0,0,0,0,0,0,0,1,1,1,49,8,4500,2,1,2,1,2
201601EK40557,1,9,0,5,2,0,0,0,0,0,3,1,6,1,25,5,1390,1,3,10,2,10
201601EK40557,2,3,0,18,0,0,0,0,0,0,4,1,6,1,22,5,-1,-1,-1,3,1,3
201601EK40558,1,8,0,18,0,8,0,0,0,0,4,1,1,1,54,8,2402,2,10,10,1,10
201601EK40558,2,9,0,9,0,8,0,0,0,0,1,1,6,1,56,9,1560,2,1,-1,-1,-1
201601EK40558,3,8,0,3,0,1,0,0,0,0,3,1,1,1,24,5,1798,8,2,3,1,3
201601EK40558,4,8,0,3,0,1,0,0,0,0,1,1,1,1,49,8,-1,-1,-1,9,1,9
201601EK40560,1,11,0,18,2,0,0,0,0,0,0,1,1,1,34,6,4760,2,3,6,1,6
201601EK40561,1,9,0,9,0,8,0,0,0,0,4,1,6,1,59,9,1998,1,23,4,1,4
201601EK40561,2,1,0,18,0,8,0,0,0,0,1,1,6,1,38,7,-1,-1,-1,3,1,3
201601EK40562,1,9,0,9,0,8,0,0,0,0,4,1,6,1,30,6,2362,1,14,7,1,7
201601EK40562,2,5,0,15,2,8,0,0,0,0,1,1,6,1,46,8,749,1,11,7,3,7
201601EK40563,1,11,0,5,0,1,0,0,0,0,4,1,6,3,-1,-1,-1,-1,-1,-1,-1,-1
201601EK40564,1,9,0,9,0,1,0,0,0,0,3,1,6,2,18,4,1242,1,5,4,1,4
201601EK40564,2,3,0,13,0,1,0,0,0,0,4,1,6,1,18,4,-1,-1,-1,-1,-1,-1
201601EK40565,1,1,0,18,0,8,0,0,0,0,3,1,6,1,39,7,-1,-1,-1,5,1,5
201601EK40565,2,9,0,18,0,8,0,0,0,0,1,1,6,3,-1,-1,-1,-1,-1,-1,-1,-1
201601EK40566,1,1,0,5,0,1,0,0,0,0,2,1,6,1,46,8,-1,-1,-1,2,1,2
201601EK40566,2,9,0,5,0,1,0,0,0,0,1,1,6,3,-1,-1,1995,1,7,-1,-1,-1
201601EK40567,1,11,0,18,0,0,0,0,0,0,0,1,1,1,50,8,4461,2,2,3,1,3
201601EK40568,1,9,0,18,0,2,0,0,0,0,4,1,6,2,50,8,4663,1,-1,8,1,8
201601EK40570,1,1,0,18,0,0,0,0,0,0,2,1,6,2,46,8,-1,-1,-1,7,1,7
201601EK40570,2,9,0,18,0,0,0,0,0,0,1,1,6,3,-1,-1,-1,-1,-1,-1,-1,-1
201601EK40573,1,9,0,18,0,2,0,0,0,0,1,1,6,2,23,5,1587,1,14,3,1,3
201601EK40573,2,1,0,18,0,2,0,0,0,0,2,1,2,2,23,5,-1,-1,-1,2,1,2
201601EK40575,1,9,0,18,0,2,0,4,0,0,1,1,2,1,57,9,-1,-1,-1,4,1,4
201601EK40575,2,9,0,2,0,2,0,0,0,0,2,1,6,1,52,8,1299,1,15,9,1,9
201601EK40575,3,9,0,2,0,2,0,0,0,0,1,1,6,1,42,7,998,1,-1,4,1,4
201601EK40576,1,19,0,18,0,0,0,4,0,0,4,1,1,2,51,8,-1,-1,-1,6,1,6
201601EK40576,2,19,0,2,0,0,0,0,0,0,3,1,1,1,48,8,3920,2,12,2,1,2
201601EK40576,3,9,0,5,0,0,0,0,0,0,0,1,6,3,-1,-1,-1,-1,-1,-1,-1,-1
201601EK40580,1,9,0,18,0,0,0,0,0,0,1,1,6,1,72,10,3239,1,20,1,1,1
201601EK40580,2,1,0,4,0,0,0,0,0,0,2,1,6,2,-1,-1,-1,-1,-1,4,1,4
201601EK40581,1,8,0,7,0,1,0,0,0,0,4,1,1,1,46,8,1798,8,2,2,1,2
201601EK40581,2,1,0,18,0,1,0,0,0,0,1,1,2,1,33,6,-1,-1,-1,1,1,1
201601EK40582,1,9,0,18,0,1,0,0,0,0,3,1,6,1,21,5,1968,2,4,-1,-1,-1
201601EK40582,2,3,0,4,0,1,0,0,0,0,3,1,6,3,-1,-1,-1,-1,-1,-1,-1,-1
201601EK40583,1,1,0,4,0,1,0,0,0,0,0,1,2,1,30,6,-1,-1,-1,5,1,5
201601EK40583,2,9,0,15,0,1,0,0,0,0,0,1,6,1,-1,-1,1598,2,2,-1,-1,-1
201601EK40585,1,20,0,9,0,8,0,0,0,0,4,1,1,1,-1,-1,2143,2,-1,3,1,3
201601EK40586,1,19,0,18,0,1,0,0,0,0,1,1,1,1,27,6,2198,2,4,4,1,4
201601EK40587,1,8,0,7,0,8,0,0,0,0,4,1,1,1,56,9,1461,2,6,2,1,2
201601EK40587,2,1,0,15,4,8,0,0,0,0,1,1,6,1,26,6,-1,-1,-1,4,1,4
201601EK40589,1,8,0,18,0,1,0,0,0,0,1,1,6,1,47,8,2499,2,6,8,1,8
201601EK40589,2,4,0,3,0,1,0,0,0,0,2,1,6,1,43,7,124,1,6,3,1,3
201601EK40589,3,9,0,3,0,1,0,0,0,0,2,1,6,1,42,7,2926,2,13,7,3,7
201601EK40590,1,19,0,18,0,0,0,0,0,0,4,1,6,3,-1,-1,2198,2,5,-1,-1,-1
201601EK40592,1,8,0,5,0,8,0,0,0,0,2,1,1,1,-1,-1,1685,2,3,-1,-1,-1
201601EK40592,2,9,0,18,0,8,0,0,0,0,1,1,6,3,-1,-1,-1,-1,-1,-1,-1,-1
201601EK40593,1,8,0,18,0,8,0,0,0,0,3,1,1,1,47,8,1798,8,1,2,1,2
201601EK40593,2,9,0,9,0,8,0,0,0,0,1,1,6,3,-1,-1,1995,2,-1,-1,-1,-1
201601EK40594,1,5,0,18,0,8,0,0,0,0,3,1,6,1,25,5,599,1,3,1,1,1
201601EK40594,2,4,0,9,0,8,0,0,0,0,1,1,6,1,33,6,125,1,1,2,1,2
201601EK40595,1,9,0,1,0,0,0,0,0,0,2,1,6,1,43,7,2656,1,10,5,1,5
201601EK40595,2,3,0,4,0,0,0,0,0,0,1,1,6,1,52,8,125,1,4,2,1,2
201601EK40596,1,8,0,9,0,6,0,0,0,0,3,1,1,1,56,9,-1,-1,-1,2,1,2
201601EK40596,2,1,0,18,0,1,0,0,0,0,1,1,2,1,33,6,-1,-1,-1,3,1,3
201601EK40597,1,9,0,18,0,2,0,0,0,0,1,1,1,1,27,6,-1,-1,-1,9,1,9
201601EK40598,1,9,0,3,0,1,0,0,0,0,2,1,6,1,-1,-1,1984,1,9,3,1,3
201601EK40598,2,11,0,5,0,1,0,0,0,0,1,1,6,1,-1,-1,-1,-1,-1,1,1,1
201601EK40598,3,11,0,3,0,1,0,0,0,0,1,1,1,1,33,6,4500,2,1,3,1,3
201601EK40599,1,3,0,13,0,0,0,0,0,0,1,1,1,1,22,5,125,1,6,4,1,4
201601EK40599,2,8,0,9,0,0,0,0,0,0,2,1,1,1,33,6,2231,2,4,2,1,2
201601EK40600,1,1,0,18,0,0,0,0,0,0,4,1,6,2,26,6,-1,-1,-1,6,1,6
201601EK40600,2,3,0,5,0,0,0,0,0,0,3,1,6,1,-1,-1,108,1,3,-1,-1,-1
201601EK40601,1,8,0,3,0,1,0,0,0,0,2,1,6,1,51,8,2499,2,8,10,1,10
201601EK40601,2,8,0,3,0,1,0,0,0,0,2,1,1,1,30,6,1968,2,5,7,1,7
201601EK40601,3,11,0,18,0,1,0,0,0,0,1,1,1,1,47,8,4500,2,1,3,1,3
201601EK40602,1,9,0,18,0,8,0,10,1,10,1,1,6,1,24,5,1560,2,5,4,1,4
201601EK40602,2,9,0,18,0,8,0,0,0,0,4,1,1,2,48,8,1796,1,12,8,1,8
201601EK40605,1,9,0,3,0,1,0,0,0,0,2,1,6,1,52,8,1349,1,14,2,1,2
201601EK40605,2,9,0,18,0,1,0,0,0,0,1,1,6,3,-1,-1,1200,1,1,-1,-1,-1
201601EK40606,1,3,0,14,0,0,0,0,0,0,1,1,6,1,21,5,124,1,11,6,1,6
201601EK40606,2,19,0,18,0,0,0,0,0,0,1,1,6,1,56,9,2198,2,-1,1,1,1
201601EK40607,1,3,0,18,0,0,0,0,0,0,4,1,2,1,39,7,330,1,4,7,1,7
201601EK40608,1,9,0,18,0,1,0,0,0,0,4,1,6,2,43,7,-1,3,2,8,1,8
201601EK40610,1,1,0,18,0,0,0,0,0,0,1,1,2,1,37,7,-1,-1,-1,2,1,2
201601EK40610,2,3,0,4,0,0,0,0,0,0,2,1,1,1,18,4,108,1,1,1,1,1
201601EK40611,1,1,0,3,0,0,0,0,0,0,2,1,2,1,38,7,-1,-1,-1,2,1,2
201601EK40611,2,9,0,5,0,0,0,0,0,0,1,1,1,1,57,9,1956,2,1,-1,-1,-1
201601EK40613,1,5,0,5,0,1,0,0,0,0,3,1,6,1,32,6,600,1,3,3,1,3
201601EK40613,2,3,0,13,0,1,0,0,0,0,4,1,6,1,-1,-1,125,1,9,-1,-1,-1
201601EK40614,1,3,0,3,0,1,0,0,0,0,2,1,6,1,27,6,102,1,1,3,1,3
201601EK40614,2,9,0,5,0,1,0,0,0,0,1,1,6,1,52,8,1997,2,12,8,1,8
201601EK40615,1,3,0,18,0,8,0,0,0,0,1,1,6,1,38,7,-1,-1,-1,2,1,2
201601EK40615,2,9,0,18,0,8,0,0,0,0,4,1,6,2,21,5,1598,1,9,6,1,6
201601EK40616,1,4,0,15,0,1,0,0,0,0,2,1,2,1,26,6,600,1,17,4,1,4
201601EK40616,2,9,0,3,0,1,0,0,0,0,2,1,2,1,51,8,1995,2,4,5,1,5
201601EK40616,3,9,0,11,0,1,0,0,0,0,4,1,2,2,35,6,1388,1,6,2,1,2
201601EK40617,1,8,0,18,0,0,0,0,0,0,4,1,1,1,28,6,1995,2,3,3,1,3
201601EK40617,2,9,0,6,0,0,0,0,0,0,3,1,6,1,26,6,1956,2,7,3,1,3
201601EK40618,1,8,0,5,0,1,0,0,0,0,3,1,6,1,38,7,2143,12,3,4,1,4
201601EK40618,2,3,0,18,0,1,0,0,0,0,4,1,6,1,72,10,125,1,4,6,1,6
201601EK40619,1,3,0,18,0,8,1,0,0,0,1,1,6,1,27,6,124,1,5,3,1,3
201601EK40619,2,9,0,9,0,8,0,0,0,0,1,1,1,1,47,8,1461,2,2,-1,-1,-1
201601EK40620,1,9,0,6,0,8,0,0,0,0,4,1,6,1,22,5,1997,2,8,3,1,3
201601EK40620,2,1,0,18,0,8,0,0,0,0,1,1,6,1,32,6,-1,-1,-1,4,1,4
201601EK40621,1,9,0,18,0,1,0,0,0,0,1,1,2,1,39,7,2143,2,-1,4,1,4
201601EK40622,1,19,0,18,0,0,0,0,0,0,4,1,1,1,28,6,-1,3,2,3,1,3
201601EK40622,2,1,0,18,0,0,0,0,0,0,3,1,2,2,31,6,-1,-1,-1,-1,-1,-1
201601EK40624,1,1,0,18,0,8,0,0,0,0,3,1,2,1,31,6,-1,-1,-1,3,1,3
201601EK40624,2,19,0,9,0,8,0,0,0,0,1,1,6,1,-1,-1,2402,2,8,-1,-1,-1
201601EK40625,1,19,0,9,0,8,0,0,0,0,4,1,6,1,52,8,2287,2,8,7,1,7
201601EK40625,2,1,0,18,0,8,0,0,0,0,1,1,6,1,35,6,-1,-1,-1,3,1,3