Accident_Index,Vehicle_Reference,Vehicle_Type,Towing_and_Articulation,Vehicle_Manoeuvre,Vehicle_Location-Restricted_Lane,Junction_Location,Skidding_and_Overturning,Hit_Object_in_Carriageway,Vehicle_Leaving_Carriageway,Hit_Object_off_Carriageway,1st_Point_of_Impact,Was_Vehicle_Left_Hand_Drive?,Journey_Purpose_of_Driver,Sex_of_Driver,Age_of_Driver,Age_Band_of_Driver,Engine_Capacity_(CC),Propulsion_Code,Age_of_Vehicle,Driver_IMD_Decile,Driver_Home_Area_Type,Vehicle_IMD_Decile
201601EO40218,3,9,0,2,0,0,0,4,0,0,2,1,6,3,-1,-1,1999,1,14,-1,-1,-1
201601EO40218,4,9,0,2,0,0,0,4,0,0,2,1,6,3,-1,-1,1197,1,3,-1,-1,-1
201601EO40219,1,1,0,13,0,1,0,0,0,0,1,1,2,1,53,8,-1,-1,-1,5,1,5
201601EO40219,2,8,0,6,0,1,0,0,0,0,3,1,1,1,41,7,-1,-1,-1,2,1,2
201601EO40220,1,9,0,3,0,1,1,0,0,0,2,1,6,1,54,8,2148,2,10,4,1,4
201601EO40220,2,1,0,3,0,1,0,0,0,0,2,1,6,2,53,8,-1,-1,-1,4,1,4
201601EO40220,3,9,0,18,0,1,0,0,0,0,1,1,2,1,74,10,2143,2,1,9,1,9
201601EO40224,1,9,0,8,0,1,0,0,0,0,2,1,6,1,55,8,1497,8,9,8,1,8
201601EO40224,2,2,0,18,0,1,1,0,0,0,1,1,6,1,31,6,696,1,5,3,1,3
201601EO40225,1,9,0,1,0,0,0,0,0,0,2,1,6,1,68,10,1390,1,9,3,1,3
201601EO40225,2,4,0,4,0,0,0,0,0,0,1,1,6,1,36,7,125,1,8,3,1,3
201601EO40226,1,9,0,4,0,0,0,0,0,0,2,1,6,2,39,7,1388,1,7,4,1,4
201601EO40226,2,21,0,18,0,0,0,0,0,0,1,1,1,1,37,7,6370,2,11,3,1,3
201601EO40227,1,19,0,4,0,1,0,0,0,0,1,1,1,1,48,8,1998,2,12,4,1,4
201601EO40227,2,9,0,3,0,1,0,0,0,0,2,1,1,1,58,9,1995,2,8,4,1,4
201601EO40228,1,21,0,18,0,1,0,0,0,0,4,1,6,3,-1,-1,-1,-1,-1,-1,-1,-1
201601EO40229,1,9,0,18,2,1,0,0,0,0,1,1,6,1,24,5,2993,2,3,4,1,4
201601EO40229,2,8,0,9,0,1,0,0,0,0,1,1,1,1,37,7,1560,2,4,4,1,4
201601EO40230,1,1,0,18,0,0,0,0,0,0,1,1,6,1,21,5,-1,-1,-1,1,1,1
201601EO40230,2,8,0,2,0,0,0,0,0,0,3,1,1,1,44,7,2231,2,3,4,1,4
201601EO40232,1,3,0,18,0,1,1,0,0,0,1,1,2,1,35,6,124,1,4,5,1,5
201601EO40232,2,9,0,5,0,1,0,0,0,0,0,1,6,3,-1,-1,-1,-1,-1,-1,-1,-1
201601EO40232,3,9,0,18,0,1,0,0,0,0,1,1,6,1,-1,-1,-1,-1,-1,3,1,3
201601EO40233,1,11,0,9,0,5,0,0,0,0,1,1,1,1,-1,-1,6692,2,5,8,1,8
201601EO40233,2,90,0,5,0,1,0,0,0,0,3,1,6,2,40,7,-1,-1,-1,1,1,1
201601EO40234,1,2,0,13,0,1,0,0,0,0,1,1,1,1,23,5,125,1,4,4,1,4
201601EO40234,2,9,0,9,0,1,0,0,0,0,3,1,6,3,-1,-1,1229,1,1,-1,-1,-1
201601EO40236,1,19,0,1,0,0,0,0,0,0,2,1,6,1,40,7,1560,2,3,4,1,4
201601EO40236,2,5,0,18,0,0,0,0,0,0,1,1,6,1,47,8,744,1,5,4,1,4
201601EO40237,1,3,0,18,2,1,0,0,0,0,1,1,6,1,34,6,125,1,6,2,1,2
201601EO40238,1,9,0,18,0,2,0,0,0,0,1,1,6,1,27,6,1598,1,6,1,1,1
201601EO40239,1,11,0,18,0,8,0,4,0,0,1,1,1,1,72,10,7300,2,13,4,1,4
201601EO40239,2,19,0,2,0,8,0,0,1,1,2,1,6,3,-1,-1,-1,-1,-1,-1,-1,-1
201601EO40240,1,19,0,18,0,0,0,0,0,0,3,1,6,1,-1,-1,1461,2,9,-1,-1,-1
201601EO40240,2,4,0,18,2,0,1,0,0,0,4,1,6,1,35,6,125,1,2,1,1,1
201601EO40241,1,1,0,15,0,1,0,0,0,0,1,1,6,1,27,6,-1,-1,-1,2,1,2
201601EO40241,2,9,0,7,0,1,0,0,0,0,4,1,6,1,-1,-1,1339,1,11,-1,-1,-1
201601EO40242,1,1,0,18,4,8,0,0,0,0,1,1,1,2,49,8,-1,-1,-1,4,1,4
201601EO40242,2,9,0,7,0,5,0,0,0,0,4,1,6,1,40,7,-1,-1,-1,-1,-1,-1
201601EO40244,1,2,0,4,0,8,0,0,0,0,1,1,1,1,22,5,125,1,8,3,1,3
201601EO40244,2,9,0,9,0,5,0,0,0,0,4,1,6,1,24,5,1242,1,15,9,1,9
201601EO40245,1,9,0,1,0,0,0,0,0,0,2,1,6,3,-1,-1,-1,-1,-1,-1,-1,-1
201601EO40248,1,19,0,7,0,5,0,0,0,0,4,1,1,1,26,6,2198,2,2,2,1,2
201601EO40248,2,1,0,4,0,8,0,0,0,0,1,1,6,1,33,6,-1,-1,-1,4,1,4
201601EO40249,1,11,0,18,0,2,0,0,0,0,0,1,1,1,51,8,4500,2,1,4,1,4
201601EO40250,1,9,0,7,0,2,1,10,1,10,1,1,6,1,21,5,1364,1,9,2,1,2
201601EO40251,1,11,0,4,0,1,0,0,0,0,4,1,1,3,-1,-1,-1,-1,-1,-1,-1,-1
201601EO40251,2,9,0,18,0,1,0,0,0,0,3,1,6,1,-1,-1,3456,8,10,3,1,3
201601EO40252,1,9,0,18,0,8,0,0,0,0,1,1,6,2,40,7,-1,-1,-1,2,1,2
201601EO40252,2,9,0,9,0,5,0,0,7,0,4,1,6,2,67,10,1198,1,13,1,1,1
201601EO40253,1,3,0,13,0,0,0,0,0,0,1,1,6,1,36,7,125,1,1,3,1,3
201601EO40253,2,19,0,3,0,0,0,0,0,0,3,1,6,1,-1,-1,1560,2,2,5,1,5
201601EO40254,1,8,0,18,0,2,0,0,0,0,1,1,1,1,43,7,1997,2,3,8,1,8
201601EO40255,1,9,0,18,0,2,0,0,0,0,1,1,3,2,71,10,1598,1,10,2,1,2
201601EO40255,2,9,0,18,0,1,0,0,0,0,1,1,6,1,33,6,-1,-1,-1,4,1,4
201601EO40256,1,9,0,8,0,1,0,0,0,0,2,1,6,1,34,6,1560,2,5,5,1,5
201601EO40256,2,8,0,18,0,1,0,0,0,0,1,1,1,1,58,9,1997,2,1,1,1,1
201601EO40257,1,8,0,3,0,8,0,0,0,0,3,1,1,1,59,9,1798,1,6,2,1,2
201601EO40257,2,1,0,7,0,6,0,0,1,0,1,1,1,1,20,4,-1,-1,-1,1,1,1
201601EO40258,1,9,0,9,0,5,0,0,0,0,3,1,2,2,26,6,1968,2,5,2,1,2
201601EO40258,2,2,0,13,0,8,0,0,0,0,1,1,2,1,43,7,125,1,4,3,1,3
201601EO40259,1,5,0,5,0,8,0,0,0,0,1,1,2,1,45,7,599,1,15,7,1,7
201601EO40259,2,1,0,9,0,5,0,0,0,0,4,1,6,2,32,6,-1,-1,-1,4,1,4
201601EO40261,1,9,0,18,0,8,1,0,0,0,3,1,2,1,20,4,1998,2,10,6,1,6
201601EO40261,2,8,0,9,0,6,0,0,0,0,4,1,1,1,62,9,1598,1,8,2,1,2
201601EO40262,1,3,0,13,0,0,1,0,0,0,4,1,6,1,24,5,125,1,3,3,1,3
201601EO40262,2,19,0,9,0,0,0,0,0,0,3,1,1,1,37,7,1995,2,9,2,1,2
201601EO40263,1,1,0,15,0,1,0,8,0,0,1,1,6,1,43,7,-1,-1,-1,5,1,5
201601EO40263,2,9,0,3,0,1,0,0,0,0,4,1,6,3,-1,-1,-1,-1,-1,-1,-1,-1
201601EO40264,1,9,0,7,0,5,0,0,0,0,4,1,6,1,31,6,1798,1,4,-1,-1,-1
201601EO40264,2,1,0,4,2,8,0,0,0,0,1,1,6,2,26,6,-1,-1,-1,2,1,2
201601EO40265,1,8,0,4,0,1,0,0,0,0,1,1,1,1,34,6,1497,8,8,1,1,1
201601EO40266,1,19,0,3,0,1,0,0,0,0,4,1,6,1,-1,-1,-1,-1,-1,-1,-1,-1
201601EO40266,2,1,0,15,0,1,0,0,0,0,1,1,6,1,29,6,-1,-1,-1,6,1,6
201601EO40267,1,9,0,3,0,0,0,0,0,0,2,1,6,1,50,8,1388,1,7,1,1,1
201601EO40267,2,9,0,18,0,0,0,0,0,0,1,1,6,3,-1,-1,-1,-1,-1,-1,-1,-1
201601EO40268,1,9,0,3,0,1,0,0,0,0,2,1,6,1,48,8,1995,2,5,9,1,9
201601EO40268,2,9,0,4,0,1,0,0,0,0,1,1,6,1,-1,-1,1995,2,5,-1,-1,-1
201601EO40269,1,8,0,1,0,2,0,0,0,0,2,1,6,1,-1,-1,-1,-1,-1,-1,-1,-1
201601EO40270,1,9,0,9,0,8,0,0,0,0,1,1,6,2,36,7,1461,2,4,1,1,1
201601EO40270,2,1,0,14,0,8,0,0,0,0,1,1,6,1,30,6,-1,-1,-1,-1,-1,-1
201601EO40272,1,9,0,9,0,5,0,0,0,0,1,1,6,2,50,8,1794,1,13,1,1,1
201601EO40272,2,1,0,18,0,8,0,0,0,0,3,1,6,2,26,6,-1,-1,-1,3,1,3
201601EO40273,1,3,0,18,0,8,0,0,0,0,1,1,6,2,52,8,124,1,14,4,1,4
201601EO40273,2,9,0,9,0,8,0,0,0,0,4,1,6,3,-1,-1,-1,-1,-1,-1,-1,-1
201601EO40274,1,4,0,14,0,1,0,0,0,0,1,1,6,1,24,5,125,1,2,1,1,1
201601EO40275,1,9,0,18,0,8,0,0,0,0,4,1,6,1,21,5,1995,1,11,5,1,5
201601EO40275,2,9,0,9,0,8,0,0,0,0,4,1,6,1,21,5,1197,1,-1,-1,-1,-1
201601EO40277,1,9,0,7,0,5,0,0,0,0,2,1,6,2,30,6,1596,1,7,5,1,5
201601EO40277,2,1,0,18,0,8,0,0,0,0,1,1,6,1,37,7,-1,-1,-1,-1,-1,-1
201601EO40280,1,9,0,4,0,2,0,0,0,0,2,1,6,1,45,7,1797,8,6,2,1,2
201601EO40280,2,9,0,18,0,2,0,0,0,0,1,1,6,3,-1,-1,-1,-1,-1,-1,-1,-1
201601EO40281,1,11,0,4,0,1,0,0,0,0,0,1,1,1,-1,-1,-1,-1,-1,-1,-1,-1
201601EO40283,1,9,0,9,0,8,0,0,0,0,1,1,6,1,24,5,2401,2,13,7,1,7
201601EO40283,2,2,0,18,0,8,0,0,0,0,1,1,1,1,23,5,125,1,6,2,1,2
201601EO40284,1,1,0,16,0,0,0,10,0,0,3,1,2,2,33,6,-1,-1,-1,2,1,2
201601EO40284,2,19,0,13,0,0,0,0,0,0,4,1,1,1,59,9,2800,2,13,2,1,2
201601EO40285,1,19,0,18,0,0,0,0,0,0,4,1,6,3,-1,-1,-1,-1,-1,-1,-1,-1
201601EO40286,1,8,0,9,0,8,0,0,0,0,1,1,1,1,49,8,2499,2,6,7,1,7
201601EO40287,1,5,0,3,0,0,0,0,0,0,3,1,2,1,33,6,645,1,7,6,1,6
201601EO40287,2,21,0,5,0,0,0,0,0,0,4,1,1,1,27,6,10677,2,1,3,1,3
201601EO40287,3,90,0,3,0,0,0,0,0,0,3,1,1,1,45,7,-1,-1,-1,-1,-1,-1
201601EO40288,1,9,0,7,0,0,0,0,0,0,1,1,6,2,26,6,1086,1,10,3,1,3
201601EO40288,2,9,0,9,0,0,0,0,0,0,1,1,6,1,54,8,1796,1,2,-1,-1,-1
201601EO40289,1,19,0,18,0,8,0,0,0,0,4,1,2,1,41,7,2148,2,9,2,1,2
201601EO40290,1,4,0,18,0,1,1,0,0,0,0,1,6,1,45,7,124,1,4,6,1,6
201601EO40290,2,19,0,4,0,1,0,0,0,0,0,1,6,1,30,6,1560,2,1,2,1,2
201601EO40292,1,1,0,18,0,8,0,0,0,0,1,1,6,1,22,5,-1,-1,-1,3,1,3
201601EO40292,2,9,0,9,0,8,0,0,0,0,4,1,6,1,27,6,1199,1,12,1,1,1
201601EO40293,1,1,0,13,0,8,0,0,0,0,1,1,1,1,40,7,-1,-1,-1,1,1,1
201601EO40293,2,9,0,9,0,5,0,0,0,0,3,1,1,1,31,6,1995,2,4,1,1,1
201601EO40295,1,11,0,5,0,1,0,0,0,0,3,1,6,1,27,6,7300,2,14,3,1,3
201601EO40295,2,9,0,5,0,1,0,0,0,0,4,1,6,1,40,7,1791,8,4,-1,-1,-1
201601EO40297,1,1,0,18,0,0,0,4,0,0,1,1,6,2,30,6,-1,-1,-1,2,1,2
201601EO40297,2,9,0,2,0,0,0,0,0,0,3,1,6,2,45,7,-1,-1,-1,-1,-1,-1
201601EO40298,1,21,0,9,0,6,0,0,2,1,4,1,6,3,-1,-1,12130,2,11,-1,-1,-1
201601EO40299,1,9,0,13,0,0,0,0,0,0,4,1,6,1,-1,-1,-1,-1,-1,-1,-1,-1
201601EO40299,2,1,0,18,0,0,0,0,0,0,3,1,1,1,20,4,-1,-1,-1,4,1,4
201601EO40300,1,3,0,3,0,1,0,0,0,0,1,1,1,1,-1,-1,125,1,-1,3,1,3
201601EO40300,2,19,0,1,0,1,0,0,0,0,2,1,1,1,23,5,2143,2,2,2,1,2
201601EO40301,1,19,0,9,0,8,0,0,0,0,1,1,6,1,56,9,2198,2,2,3,1,3
201601EO40301,2,8,0,18,0,8,0,0,0,0,3,1,6,1,65,9,2664,2,16,3,1,3
201601EO40302,1,9,0,18,0,0,0,0,0,0,1,1,6,1,53,8,2987,2,3,-1,-1,-1
201601EO40302,2,9,0,18,0,0,0,0,0,0,2,1,6,1,38,7,1797,8,5,9,1,9
201601EO40303,1,1,0,18,0,2,0,4,0,0,1,1,6,1,39,7,-1,-1,-1,3,1,3
201601EO40303,2,9,0,13,0,1,0,0,0,0,0,1,6,2,28,6,1968,2,3,5,1,5
201601EO40303,3,9,0,2,0,2,0,0,0,0,2,1,6,3,-1,-1,-1,-1,-1,-1,-1,-1
201601EO40304,1,8,0,3,0,0,0,0,0,0,3,1,1,1,33,6,1797,8,6,3,1,3
201601EO40304,2,3,0,14,0,0,0,8,0,0,1,1,6,1,43,7,650,1,3,3,1,3
201601EO40305,1,3,0,3,0,1,0,0,0,0,2,1,6,1,33,6,125,1,9,2,1,2
201601EO40305,2,11,0,4,0,1,1,0,0,0,0,1,1,1,31,6,4500,2,4,2,1,2
201601EO40306,1,3,0,9,0,8,0,0,0,0,1,1,6,1,41,7,124,1,12,4,1,4
201601EO40306,2,9,0,6,0,8,0,0,0,0,1,1,6,2,-1,-1,1242,1,1,2,1,2
201601EO40307,1,9,0,9,0,1,0,0,0,0,4,1,6,1,26,6,2995,1,4,2,1,2
201601EO40307,2,5,0,18,2,1,0,0,0,0,1,1,6,1,32,6,599,1,4,3,1,3
201601EO40308,1,1,0,10,0,1,0,0,0,0,3,1,1,1,29,6,-1,-1,-1,5,1,5
201601EO40308,2,9,0,5,0,1,0,0,0,0,4,1,6,2,-1,-1,-1,-1,-1,-1,-1,-1
201601EO40310,1,1,0,18,4,6,0,0,0,0,1,1,6,2,25,5,-1,-1,-1,2,1,2
201601EO40310,2,9,0,7,0,6,0,0,0,0,4,1,6,1,-1,-1,-1,-1,-1,-1,-1,-1
201601EO40311,1,1,0,18,0,8,0,0,0,0,1,1,6,1,43,7,-1,-1,-1,5,1,5
201601EO40311,2,8,0,7,0,5,0,0,0,0,4,1,6,3,-1,-1,-1,-1,-1,-1,-1,-1
201601EO40312,1,11,0,18,2,0,0,0,0,0,1,1,1,1,68,10,4500,2,1,3,1,3
201601EO40313,1,1,0,18,0,8,0,0,0,0,4,1,2,1,28,6,-1,-1,-1,6,1,6
201601EO40313,2,9,0,5,0,8,0,0,0,0,1,1,6,1,45,7,-1,-1,-1,-1,-1,-1
201601EO40314,1,9,0,2,0,0,0,0,0,0,3,1,3,2,36,7,1198,1,2,1,1,1
201601EO40314,2,9,0,18,0,0,0,4,0,0,1,1,6,1,-1,-1,1995,2,7,-1,-1,-1
201601EO40314,3,3,0,18,0,0,1,0,0,0,2,1,6,1,-1,-1,125,1,4,-1,-1,-1
201601EO40315,1,9,0,9,0,8,0,0,0,0,1,1,6,2,27,6,1360,1,9,5,1,5
201601EO40315,2,19,0,18,0,8,0,0,0,0,3,1,6,1,49,8,-1,-1,-1,1,1,1
201601EO40316,1,8,0,9,0,8,0,0,0,0,1,1,1,1,34,6,1997,2,6,2,1,2
201601EO40317,1,8,0,7,0,5,0,0,0,0,4,1,6,1,26,6,-1,-1,-1,1,1,1
201601EO40317,2,3,0,15,0,8,0,10,1,0,1,1,6,1,20,4,-1,-1,-1,2,1,2
201601EO40318,1,1,0,18,0,8,0,0,0,0,1,1,6,1,21,5,-1,-1,-1,2,1,2
201601EO40318,2,19,0,7,0,5,0,0,0,0,4,1,6,1,45,7,1560,2,2,10,2,10
201601EO40319,1,1,0,4,2,0,0,0,0,0,1,1,1,1,26,6,-1,-1,-1,4,1,4
201601EO40320,1,1,0,18,0,2,0,0,0,0,1,1,6,1,47,8,-1,-1,-1,8,1,8
201601EO40321,1,5,0,4,0,0,1,0,0,0,1,1,6,1,43,7,582,1,9,1,1,1
201601EO40322,1,8,0,9,0,8,0,0,0,0,4,1,1,1,44,7,-1,-1,-1,8,1,8
201601EO40322,2,1,0,18,0,8,0,0,0,0,1,1,6,1,52,8,-1,-1,-1,4,1,4
201601EO40323,1,1,0,18,2,0,0,0,0,0,2,1,6,1,25,5,-1,-1,-1,7,1,7
201601EO40323,2,3,0,11,2,0,0,0,0,0,1,1,6,1,-1,-1,125,1,2,-1,-1,-1
201601EO40325,1,1,0,16,0,8,0,0,0,0,1,1,6,1,33,6,-1,-1,-1,3,1,3
201601EO40326,1,1,0,10,0,8,0,0,0,0,2,1,2,1,22,5,-1,-1,-1,-1,-1,-1
201601EO40326,2,9,0,18,0,8,0,0,0,0,1,1,6,3,-1,-1,2497,2,19,-1,-1,-1
201601EO40328,1,8,0,10,0,1,0,0,0,0,2,1,6,1,-1,-1,2499,2,3,-1,-1,-1
201601EO40328,2,9,0,3,0,1,0,0,0,0,2,1,6,1,22,5,999,1,2,7,1,7
201601EO40328,3,9,0,18,0,1,0,0,0,0,1,1,6,1,-1,-1,3999,1,5,-1,-1,-1
201601EO40329,1,9,0,3,0,1,0,0,0,0,2,1,6,1,19,4,1796,1,8,3,1,3
201601EO40329,2,9,0,18,0,1,0,0,0,0,1,1,6,1,60,9,1242,1,1,-1,-1,-1
201601EO40330,1,3,0,18,0,1,0,0,0,0,1,1,1,1,26,6,-1,-1,-1,1,1,1
201601EO40330,2,8,0,4,0,1,0,0,0,0,3,1,1,1,55,8,1997,2,1,3,1,3
201601EO40331,1,9,0,9,0,5,0,10,1,10,1,1,6,2,34,6,1299,1,13,1,1,1
201601EO40332,1,11,0,4,2,1,0,0,0,0,4,1,1,1,42,7,3900,2,11,5,1,5
201601EO40333,1,8,0,18,0,2,0,0,0,0,2,1,1,1,27,6,1956,2,3,6,1,6
201601EO40333,2,9,0,18,0,2,0,0,0,0,1,1,6,1,-1,-1,1388,1,9,-1,-1,-1
201601EO40336,1,1,0,5,0,8,0,0,0,0,3,1,2,1,33,6,-1,-1,-1,7,1,7
201601EO40336,2,9,0,9,0,5,0,0,0,0,1,1,3,2,34,6,1598,1,12,3,1,3
201601EO40337,1,8,0,3,0,1,0,0,0,0,4,1,1,1,38,7,-1,-1,-1,3,1,3
201601EO40337,2,9,0,3,0,1,0,0,0,0,2,1,2,1,62,9,-1,-1,-1,4,1,4
201601EO40337,3,3,0,15,0,1,0,0,0,0,1,1,2,1,-1,-1,125,1,3,5,1,5
201601EO40338,1,9,0,7,0,6,0,4,1,2,4,1,6,1,84,11,1240,1,9,3,1,3
201601EO40338,2,1,0,2,9,2,0,0,0,0,2,1,6,3,-1,-1,-1,-1,-1,-1,-1,-1
201601EO40339,1,9,0,9,0,5,0,0,0,0,3,1,1,1,32,6,1595,1,19,2,1,2
201601EO40339,2,3,0,13,0,8,0,0,0,0,1,1,1,1,36,7,124,1,10,2,1,2
201601EO40340,1,11,0,5,2,0,0,0,0,0,0,1,1,1,44,7,4500,2,2,9,1,9
201601EO40341,1,11,0,18,0,0,0,0,0,0,1,1,1,3,-1,-1,-1,-1,-1,-1,-1,-1
201601EO40343,1,1,0,18,0,8,0,0,0,0,3,1,6,1,43,7,-1,-1,-1,4,1,4
201601EO40343,2,9,0,7,0,8,0,0,0,0,4,1,6,2,-1,-1,1368,1,10,-1,-1,-1
201601EO40344,1,3,0,14,0,0,0,0,0,0,1,1,1,1,17,4,114,1,2,-1,-1,-1
201601EO40345,1,8,0,10,0,1,0,0,0,0,2,1,6,1,36,7,2143,2,2,3,1,3
201601EO40345,2,9,0,18,0,1,0,0,0,0,1,1,6,1,22,5,1598,1,5,-1,-1,-1
201601EO40346,1,9,0,9,0,5,0,0,0,0,4,1,6,1,47,8,1248,2,7,-1,-1,-1
201601EO40346,2,3,0,18,2,8,0,0,0,0,1,1,6,1,26,6,125,1,5,1,1,1
201601EO40348,1,8,0,18,0,1,0,0,0,0,1,1,6,1,-1,-1,-1,-1,-1,-1,-1,-1
201601EO40349,1,19,0,18,0,8,0,0,0,0,4,1,6,1,46,8,2198,2,1,3,1,3
201601EO40349,2,3,0,18,0,8,0,0,0,0,3,1,6,1,29,6,125,1,1,1,1,1
201601EO40351,1,1,0,18,0,0,0,0,0,0,0,1,6,1,35,6,-1,-1,-1,2,1,2
201601EO40352,1,2,0,11,0,0,0,0,0,0,3,1,2,1,37,7,49,1,17,2,1,2
201601EO40352,2,19,0,11,0,0,0,0,0,0,4,1,1,1,35,6,1968,2,1,2,1,2
201601EO40353,1,3,0,14,0,1,0,0,0,0,4,1,6,1,26,6,124,1,1,5,1,5
201601EO40354,1,4,0,9,0,8,1,0,0,0,0,1,6,1,-1,-1,249,1,5,2,1,2
201601EO40355,1,9,0,18,0,8,0,0,0,0,1,1,6,2,20,4,1598,1,2,8,1,8
201601EO40355,2,9,0,4,0,8,0,0,0,0,2,1,6,1,34,6,1398,1,12,4,1,4
201601EO40356,1,1,0,15,0,8,0,0,0,0,1,1,2,1,25,5,-1,-1,-1,5,1,5
201601EO40356,2,19,0,5,0,6,0,0,0,0,3,1,2,1,-1,-1,-1,-1,-1,5,3,5
201601EO40357,1,9,0,5,0,8,0,0,3,10,1,1,3,2,42,7,1490,1,9,3,1,3
201601EO40357,2,1,0,18,0,8,0,0,0,0,4,1,2,1,31,6,-1,-1,-1,6,1,6
201601EO40358,1,1,0,15,0,8,0,0,0,0,1,1,6,2,25,5,-1,-1,-1,4,1,4
201601EO40358,2,19,0,7,0,5,0,0,0,0,4,1,6,1,52,8,2198,2,1,9,3,9
201601EO40359,1,9,0,4,2,0,0,0,0,0,2,1,6,2,29,6,1999,1,1,2,1,2
201601EO40359,2,11,0,18,0,0,0,0,0,0,1,1,1,1,40,7,8300,2,10,1,1,1
201601EO40360,1,9,0,18,0,2,0,0,0,0,4,1,6,1,33,6,-1,-1,-1,5,1,5
201601EO40361,1,9,0,4,0,2,0,0,0,0,2,1,1,1,33,6,1560,2,2,9,1,9
201601EO40361,2,9,0,4,0,2,1,0,0,0,1,1,6,3,-1,-1,-1,-1,-1,-1,-1,-1
201601EO40362,1,9,0,18,0,1,0,0,0,0,1,1,1,1,39,7,1997,2,6,4,1,4
201601EO40362,2,1,0,15,0,1,0,0,0,0,3,1,2,1,25,5,-1,-1,-1,3,1,3
201601EO40363,1,3,0,4,0,1,1,0,0,0,1,1,6,1,18,4,-1,-1,-1,1,1,1
201601EO40363,2,9,0,3,0,1,0,0,0,0,2,1,6,1,31,6,2987,2,3,5,1,5
201601EO40364,1,9,0,2,0,0,0,0,0,0,2,1,6,1,39,7,1997,2,1,3,1,3
201601EO40364,2,9,0,18,0,0,0,0,0,0,1,1,6,3,-1,-1,1596,1,9,-1,-1,-1
201601EO40366,1,9,0,2,0,0,0,0,0,0,2,1,6,1,30,6,1753,2,10,5,1,5
201601EO40366,2,9,0,18,0,0,0,0,0,0,1,1,6,1,-1,-1,1461,2,10,-1,-1,-1
201601EO40367,1,9,0,3,0,0,0,0,0,0,2,1,6,2,33,6,1991,2,6,3,1,3
201601EO40367,2,9,0,18,0,0,0,0,0,0,1,1,6,3,-1,-1,-1,-1,-1,-1,-1,-1
201601EO40369,1,1,0,18,0,8,1,0,0,0,1,1,2,1,29,6,-1,-1,-1,2,1,2
201601EO40369,2,9,0,9,0,5,0,0,0,0,4,1,6,1,-1,-1,1896,2,13,-1,-1,-1
201601EO40370,1,9,0,9,0,5,0,0,0,0,1,1,6,2,36,7,1390,1,12,2,1,2
201601EO40371,1,9,0,18,0,1,0,0,0,0,1,1,6,1,51,8,1997,1,2,7,1,7
201601EO40371,2,8,0,3,0,1,0,0,0,0,2,1,1,1,-1,-1,1560,2,4,4,1,4
201601EO40371,3,9,0,3,0,1,0,0,0,0,2,1,6,2,34,6,1324,1,15,6,1,6
201601EO40373,1,2,0,18,0,1,0,4,7,10,3,1,6,1,23,5,125,1,2,4,1,4
201601EO40373,2,9,0,2,0,1,0,0,0,0,4,1,6,1,-1,-1,-1,-1,-1,-1,-1,-1
201601EO40374,1,9,0,18,0,2,0,0,0,0,1,1,6,2,-1,-1,1968,2,2,-1,-1,-1
201601EO40374,2,90,0,5,0,2,0,0,0,0,4,1,6,2,50,8,-1,-1,-1,3,1,3
201601EO40375,1,11,0,4,2,1,0,0,0,0,0,1,1,1,51,8,4500,2,1,1,1,1
201601EO40377,1,3,0,14,0,8,0,0,0,0,1,1,2,1,18,4,125,1,1,2,1,2
201601EO40377,2,8,0,9,0,6,0,0,0,0,3,1,1,1,39,7,1910,2,6,7,1,7
201601EO40378,1,3,0,9,0,2,0,0,0,0,4,1,2,1,19,4,124,1,8,3,1,3
201601EO40378,2,8,0,5,0,2,0,0,0,0,1,1,1,1,-1,-1,1798,8,4,-1,-1,-1
201601EO40379,1,9,0,1,0,1,0,0,0,0,2,1,6,1,42,7,2143,12,3,2,1,2
201601EO40379,2,9,0,4,0,2,0,0,0,0,1,1,6,1,19,4,-1,-1,-1,-1,-1,-1
201601EO40380,1,3,0,18,0,2,0,0,0,0,4,1,6,1,31,6,125,1,9,4,1,4
201601EO40380,2,1,0,18,0,6,0,0,0,0,1,1,6,1,-1,-1,-1,-1,-1,-1,-1,-1
201601EO40382,1,1,0,13,0,8,0,0,0,0,1,1,6,1,26,6,-1,-1,-1,-1,-1,-1
201601EO40382,2,9,0,9,0,5,0,0,0,0,3,1,6,1,33,6,1686,2,3,7,2,7
201601EO40383,1,9,0,9,0,5,0,0,0,0,4,1,6,1,31,6,1685,2,4,2,1,2
201601EO40383,2,1,0,18,0,8,0,0,0,0,1,1,6,2,32,6,-1,-1,-1,4,1,4
201601EO40384,1,3,0,13,0,1,0,0,0,0,1,1,6,1,24,5,125,1,-1,5,1,5
201601EO40384,2,19,0,9,0,1,0,0,0,0,3,1,6,1,52,8,-1,-1,-1,3,1,3
201601EO40385,1,11,0,3,0,0,0,0,0,0,0,1,1,3,-1,-1,-1,-1,-1,-1,-1,-1
201601EO40386,1,19,0,18,0,1,0,0,0,0,1,1,2,1,28,6,1560,2,-1,10,1,10
201601EO40387,1,4,0,18,0,8,0,0,0,0,1,1,2,1,26,6,487,1,8,4,1,4
201601EO40387,2,19,0,9,0,5,0,0,0,0,1,1,1,1,-1,-1,2464,2,8,-1,-1,-1
201601EO40388,1,3,0,4,0,8,0,0,0,0,1,1,6,2,37,7,-1,-1,-1,3,1,3
201601EO40388,2,9,0,9,0,8,0,0,0,0,1,1,6,1,30,6,1248,2,9,-1,-1,-1
201601EO40389,1,11,0,18,0,2,0,0,0,0,4,1,1,1,42,7,6692,2,5,2,1,2
201601EO40390,1,8,0,9,0,6,0,0,0,0,1,1,1,1,-1,-1,2402,2,11,7,1,7
201601EO40391,1,1,0,18,0,8,0,0,0,0,4,1,2,2,29,6,-1,-1,-1,2,1,2
201601EO40391,2,19,0,9,0,5,0,0,0,0,4,1,1,1,39,7,2299,2,1,1,1,1
201601EO40392,1,90,0,18,0,8,0,0,0,0,1,1,6,1,-1,-1,-1,-1,-1,-1,-1,-1
201601EO40397,1,5,0,14,0,0,0,0,0,0,1,1,6,1,55,8,599,1,12,3,1,3
201601EO40398,1,1,0,18,4,0,1,10,1,0,2,1,2,2,38,7,-1,-1,-1,8,1,8