Accident_Index,Vehicle_Reference,Vehicle_Type,Towing_and_Articulation,Vehicle_Manoeuvre,Vehicle_Location-Restricted_Lane,Junction_Location,Skidding_and_Overturning,Hit_Object_in_Carriageway,Vehicle_Leaving_Carriageway,Hit_Object_off_Carriageway,1st_Point_of_Impact,Was_Vehicle_Left_Hand_Drive?,Journey_Purpose_of_Driver,Sex_of_Driver,Age_of_Driver,Age_Band_of_Driver,Engine_Capacity_(CC),Propulsion_Code,Age_of_Vehicle,Driver_IMD_Decile,Driver_Home_Area_Type,Vehicle_IMD_Decile
201601EO40398,2,9,0,13,4,0,0,0,0,0,4,1,6,1,-1,-1,1992,2,9,-1,-1,-1
201601EO40400,1,3,0,8,0,1,0,0,0,0,2,1,6,1,26,6,124,1,7,2,1,2
201601EO40400,2,9,0,5,0,1,0,0,0,0,1,1,6,1,-1,-1,1796,1,11,5,1,5
201601EO40400,3,9,0,10,0,8,0,0,0,0,3,1,6,1,-1,-1,1395,1,1,-1,-1,-1
201601EO40401,1,19,0,9,0,2,0,0,0,0,1,1,1,1,29,6,-1,-1,-1,7,1,7
201601EO40401,2,3,0,14,0,1,0,0,0,0,1,1,6,1,35,6,125,1,3,2,1,2
201601EO40402,1,11,0,4,0,1,0,0,0,0,0,1,1,1,58,9,4760,2,4,1,1,1
201601EO40403,1,9,0,5,0,1,0,0,0,0,1,1,2,1,44,7,1871,2,11,9,1,9
201601EO40404,1,8,0,9,0,8,0,0,0,0,3,1,1,1,38,7,-1,-1,-1,2,1,2
201601EO40404,2,3,0,13,0,8,0,0,0,0,4,1,2,1,56,9,125,1,12,-1,-1,-1
201601EO40407,1,3,0,18,0,8,0,0,0,0,4,1,6,1,21,5,124,1,1,4,1,4
201601EO40407,2,9,0,18,0,6,0,0,0,0,1,1,6,1,-1,-1,-1,-1,-1,-1,-1,-1
201601EO40408,1,9,0,18,0,1,0,0,0,0,1,1,1,1,55,8,1497,8,7,2,1,2
201601EO40408,2,1,0,4,0,1,0,0,0,0,2,1,6,2,31,6,-1,-1,-1,5,1,5
201601EO40409,1,9,0,5,0,6,0,0,0,0,3,1,6,1,27,6,1997,2,1,2,1,2
201601EO40409,2,1,0,18,0,8,0,0,0,0,1,1,6,1,32,6,-1,-1,-1,3,1,3
201601EO40410,1,3,0,18,0,8,0,0,0,0,1,1,1,1,33,6,125,1,8,3,1,3
201601EO40410,2,9,0,6,0,8,0,0,0,0,3,1,1,1,-1,-1,1797,8,7,2,1,2
201601EO40412,1,1,0,18,0,1,0,0,0,0,2,1,2,1,28,6,-1,-1,-1,6,1,6
201601EO40412,2,19,0,5,0,1,0,0,0,0,1,1,1,1,33,6,2402,2,5,-1,-1,-1
201601EO40414,1,11,0,7,0,1,0,0,0,0,0,1,1,1,51,8,4500,2,1,1,1,1
201601EO40416,1,8,0,7,0,2,0,0,0,0,4,1,1,1,48,8,1339,8,5,2,1,2
201601EO40416,2,4,0,15,0,2,0,0,0,0,1,1,6,1,20,4,124,1,12,2,1,2
201601EO40417,1,3,0,9,4,5,0,0,0,0,1,1,6,1,-1,-1,125,1,4,4,1,4
201601EO40417,2,1,0,18,4,8,0,0,0,0,1,1,1,1,28,6,-1,-1,-1,3,1,3
201601EO40418,1,9,0,3,0,1,0,0,0,0,2,1,6,1,43,7,1995,1,13,3,1,3
201601EO40418,2,19,0,18,0,1,0,0,0,0,1,1,6,1,56,9,2198,2,9,2,1,2
201601EO40419,1,9,0,9,0,5,0,0,0,0,4,1,6,2,33,6,1560,2,2,2,1,2
201601EO40419,2,1,0,15,0,8,0,0,0,0,1,1,6,1,23,5,-1,-1,-1,3,1,3
201601EO40420,1,9,0,18,0,8,5,7,0,0,3,1,6,1,34,6,1596,1,13,2,1,2
201601EO40420,2,9,0,18,0,8,0,0,0,0,3,1,6,1,29,6,2143,2,3,5,1,5
201601EO40421,1,1,0,18,0,1,0,0,0,0,1,1,1,1,40,7,-1,-1,-1,7,1,7
201601EO40421,2,9,0,2,0,1,0,0,0,0,3,1,6,1,44,7,1794,1,11,3,1,3
201601EO40421,3,8,0,3,0,2,0,0,0,0,1,1,6,1,48,8,-1,-1,-1,6,1,6
201601EO40423,1,9,0,9,0,8,0,0,0,0,1,1,6,3,-1,-1,-1,-1,-1,-1,-1,-1
201601EO40424,1,8,0,2,0,0,0,0,0,0,3,1,1,1,29,6,2499,2,9,6,1,6
201601EO40424,2,1,0,18,0,0,0,4,0,0,1,1,6,2,27,6,-1,-1,-1,1,1,1
201601EO40425,1,11,0,18,0,1,0,0,0,0,0,1,1,1,27,6,8300,2,11,3,1,3
201601EO40426,1,11,0,18,0,2,0,0,0,0,1,1,1,1,50,8,3900,2,13,4,1,4
201601EO40427,1,19,0,18,0,2,0,0,0,0,4,1,6,1,56,9,-1,-1,-1,-1,-1,-1
201601EO40427,2,1,0,15,0,2,0,0,0,0,3,1,6,1,14,3,-1,-1,-1,2,1,2
201601EO40428,1,3,0,18,0,2,0,0,0,0,1,1,1,1,35,6,125,1,-1,2,1,2
201601EO40428,2,8,0,6,0,2,0,0,0,0,3,1,1,1,53,8,1797,8,4,-1,-1,-1
201601EO40430,1,1,0,18,0,8,0,0,0,0,3,1,6,1,48,8,-1,-1,-1,2,1,2
201601EO40430,2,9,0,9,0,8,0,7,0,0,1,1,6,1,-1,-1,-1,-1,-1,-1,-1,-1
201601EO40431,1,5,0,18,0,8,0,0,0,0,1,1,6,1,56,9,-1,-1,-1,3,1,3
201601EO40431,2,9,0,9,0,8,0,0,0,0,4,1,6,1,57,9,-1,3,1,-1,-1,-1
201601EO40432,1,8,0,18,0,2,0,0,0,0,1,1,6,1,41,7,2499,2,1,3,1,3
201601EO40434,1,11,0,18,0,1,0,0,0,0,0,1,1,1,29,6,6700,2,6,2,1,2
201601EO40435,1,1,0,18,2,1,0,0,0,0,1,1,6,1,26,6,-1,-1,-1,3,1,3
201601EO40436,1,11,0,5,0,1,0,0,0,0,3,1,1,1,42,7,8300,2,10,1,1,1
201601EO40436,2,19,0,11,0,1,0,0,0,0,4,1,6,3,-1,-1,-1,-1,-1,-1,-1,-1
201601EO40437,1,8,0,5,0,0,0,0,0,0,3,1,1,1,57,9,2143,2,3,2,1,2
201601EO40437,2,3,0,18,0,0,0,0,0,0,4,1,1,1,24,5,108,1,2,1,1,1
201601EO40439,1,3,0,18,0,1,0,0,0,0,1,1,6,3,-1,-1,-1,-1,-1,-1,-1,-1
201601EO40440,1,21,0,5,0,2,0,0,0,0,1,1,1,1,60,9,11705,2,8,3,1,3
201601EO40440,2,5,0,12,0,2,0,0,0,0,3,1,2,1,41,7,865,1,9,5,1,5
201601EO40441,1,1,0,4,0,8,0,10,0,0,1,1,6,1,36,7,-1,-1,-1,-1,-1,-1
201601EO40441,2,9,0,7,0,5,0,0,0,0,4,1,6,1,-1,-1,-1,-1,-1,-1,-1,-1
201601EO40442,1,3,0,4,0,2,0,0,0,0,0,1,1,1,24,5,125,1,11,2,1,2
201601EO40442,2,9,0,11,0,2,0,0,0,0,0,1,6,3,-1,-1,-1,-1,-1,-1,-1,-1
201601EO40443,1,2,0,13,0,1,0,0,0,0,4,1,6,1,36,7,49,1,7,2,1,2
201601EO40443,2,19,0,9,0,1,0,0,0,0,3,1,6,1,46,8,1995,2,9,5,1,5
201601EO40444,1,1,0,12,0,8,0,0,0,0,2,1,1,1,28,6,-1,-1,-1,5,1,5
201601EO40444,2,2,0,18,0,8,0,0,0,0,1,1,6,1,35,6,125,1,2,3,1,3
201601EO40445,1,8,0,9,0,5,0,0,0,0,1,1,1,1,46,8,2499,2,9,6,1,6
201601EO40445,2,1,0,18,0,8,0,0,0,0,1,1,6,2,52,8,-1,-1,-1,3,1,3
201601EO40446,1,9,0,18,2,2,0,10,0,0,3,1,6,1,26,6,1995,2,4,1,1,1
201601EO40447,1,9,0,7,0,1,0,0,0,0,4,1,6,1,55,8,1997,2,2,1,1,1
201601EO40447,2,1,0,18,0,1,0,0,0,0,3,1,6,1,21,5,-1,-1,-1,3,1,3
201601EO40448,1,11,0,4,2,8,0,0,0,0,0,1,1,1,36,7,4500,2,1,2,1,2
201601EO40450,1,3,0,18,2,8,0,0,0,0,1,1,6,1,45,7,649,1,8,8,1,8
201601EO40450,2,9,0,9,0,5,0,0,0,0,4,1,2,2,-1,-1,1995,2,1,-1,-1,-1
201601EO40452,1,9,0,4,0,8,0,0,0,0,2,1,6,1,34,6,-1,-1,-1,3,1,3
201601EO40452,2,9,0,18,0,8,0,0,0,0,1,1,6,2,66,10,1198,1,12,4,1,4
201601EO40453,1,9,0,7,0,6,0,0,0,0,1,1,6,2,75,10,1339,1,1,7,1,7
201601EO40454,1,9,0,18,0,0,0,0,0,0,3,1,6,2,33,6,1997,2,1,2,1,2
201601EO40456,1,19,0,18,0,1,0,0,0,0,1,1,6,2,55,8,2198,2,6,6,1,6
201601EO40456,2,9,0,4,0,1,0,0,1,0,2,1,2,2,40,7,1397,1,14,2,1,2
201601EO40458,1,9,0,3,0,1,0,0,0,0,4,1,6,1,29,6,1598,1,5,3,1,3
201601EO40458,2,1,0,15,0,1,0,0,0,0,3,1,6,1,24,5,-1,-1,-1,3,1,3
201601EO40459,1,1,0,18,0,8,0,0,0,0,1,1,6,2,33,6,-1,-1,-1,8,1,8
201601EO40459,2,1,0,18,0,8,0,0,0,0,1,1,6,1,18,4,-1,-1,-1,-1,-1,-1
201601EO40460,1,1,0,18,4,0,0,0,0,0,1,1,2,2,29,6,-1,-1,-1,5,1,5
201601EO40461,1,11,0,18,0,1,0,0,0,0,0,1,1,1,44,7,4500,2,-1,7,1,7
201601EO40462,1,11,0,5,0,0,0,0,0,0,0,1,1,1,42,7,9360,2,5,7,1,7
201601EO40463,1,4,0,18,0,8,1,0,0,0,1,1,6,1,19,4,125,1,6,3,1,3
201601EO40463,2,9,0,3,0,8,0,0,0,0,1,1,6,2,68,10,1349,1,5,4,1,4
201601EO40463,3,9,0,6,0,8,0,0,0,0,3,1,6,3,-1,-1,-1,-1,-1,-1,-1,-1
201601EO40464,1,9,0,6,0,0,0,0,0,0,4,1,6,2,72,10,1368,1,7,2,1,2
201601EO40464,2,3,0,18,0,0,0,0,0,0,3,1,6,1,20,4,-1,-1,-1,-1,-1,-1
201601EO40465,1,9,0,9,0,1,0,0,0,0,3,1,6,1,49,8,1596,1,13,3,1,3
201601EO40465,2,1,0,18,0,1,0,0,0,0,1,1,6,2,30,6,-1,-1,-1,5,1,5
201601EO40466,1,3,0,18,0,0,1,10,1,0,3,1,2,1,-1,-1,125,1,9,-1,-1,-1
201601EO40466,2,8,0,11,0,0,0,0,0,0,4,1,1,1,-1,-1,-1,-1,-1,3,1,3
201601EO40467,1,3,0,12,0,2,0,0,0,0,1,1,2,1,40,7,125,1,2,2,1,2
201601EO40467,2,1,0,6,0,2,0,0,0,0,3,1,6,2,37,7,-1,-1,-1,-1,-1,-1
201601EO40470,1,19,0,3,0,0,0,0,0,0,2,1,1,1,27,6,1598,2,5,3,1,3
201601EO40470,2,9,0,18,0,0,0,0,0,0,1,1,6,2,-1,-1,4966,1,13,-1,-1,-1
201601EO40471,1,19,0,5,0,0,0,0,0,0,4,1,6,1,-1,-1,2461,2,15,-1,-1,-1
201601EO40472,1,9,0,1,0,1,0,0,0,0,2,1,6,3,-1,-1,1995,2,10,-1,-1,-1
201601EO40473,1,8,0,4,0,2,0,0,0,0,4,1,1,1,-1,-1,2499,2,9,-1,-1,-1
201601EO40474,1,9,0,7,0,8,0,0,0,0,1,1,6,1,52,8,1598,2,1,2,1,2
201601EO40475,1,1,0,18,0,8,0,0,0,0,1,1,6,1,43,7,-1,-1,-1,-1,-1,-1
201601EO40475,2,9,0,9,0,8,0,0,0,0,3,1,6,1,30,6,1229,1,2,-1,-1,-1
201601EO40476,1,1,0,15,0,8,0,0,0,0,3,1,2,1,34,6,-1,-1,-1,2,1,2
201601EO40476,2,9,0,5,0,8,0,0,0,0,1,1,2,1,40,7,1798,8,2,3,1,3
201601EO40477,1,9,0,9,0,8,0,0,0,0,1,1,6,2,69,10,1229,1,4,7,1,7
201601EO40480,1,1,0,18,0,6,0,0,0,0,3,1,6,2,28,6,-1,-1,-1,2,1,2
201601EO40480,2,11,0,18,0,8,0,0,0,0,1,1,1,1,54,8,7300,2,12,2,1,2
201601EO40481,1,1,0,18,0,8,0,0,1,10,2,1,6,1,23,5,-1,-1,-1,1,1,1
201601EO40481,2,9,0,18,0,8,0,0,0,0,1,1,6,1,-1,-1,-1,-1,-1,-1,-1,-1
201601EO40482,1,19,0,9,0,5,0,0,0,0,1,1,1,1,45,7,2198,2,1,2,1,2
201601EO40482,2,1,0,18,0,8,0,0,0,0,3,1,6,1,30,6,-1,-1,-1,2,1,2
201601EO40484,1,1,0,18,0,8,0,0,0,0,3,1,1,1,37,7,-1,-1,-1,3,1,3
201601EO40484,2,9,0,7,0,8,0,0,0,0,4,1,3,2,-1,-1,-1,-1,-1,-1,-1,-1
201601EO40485,1,5,0,14,0,8,0,0,0,0,1,1,6,1,35,6,790,1,15,6,1,6
201601EO40485,2,9,0,9,0,6,0,0,0,0,1,1,6,1,-1,-1,-1,-1,-1,-1,-1,-1
201601EO40486,1,9,0,4,0,8,0,0,0,0,3,1,6,2,35,6,1910,2,6,2,1,2
201601EO40486,2,9,0,18,0,8,0,0,0,0,1,1,6,1,-1,-1,2597,1,16,-1,-1,-1
201601EO40486,3,9,0,18,0,8,0,0,0,0,4,1,6,1,53,8,1461,2,2,10,1,10
201601EO40487,1,9,0,5,0,8,0,0,0,0,3,1,6,2,39,7,1896,2,8,1,1,1
201601EO40487,2,1,0,18,0,6,0,0,0,0,1,1,6,1,53,8,-1,-1,-1,2,1,2
201601EO40489,1,3,0,18,0,2,0,0,0,0,1,1,6,3,-1,-1,-1,-1,-1,-1,-1,-1
201601EO40492,1,9,0,4,0,2,0,0,0,0,2,1,6,1,56,9,1998,1,16,2,1,2
201601EO40492,2,9,0,18,0,2,0,0,0,0,1,1,6,1,-1,-1,1997,2,1,-1,-1,-1
201601EO40493,1,19,0,9,0,5,0,0,0,0,3,1,1,1,37,7,2143,2,5,4,1,4
201601EO40493,2,2,0,13,0,8,0,0,0,0,4,1,2,1,29,6,125,1,-1,5,1,5
201601EO40494,1,8,0,10,0,8,0,0,0,0,0,1,1,1,54,8,1997,2,3,5,1,5
201601EO40494,2,3,0,4,0,8,1,0,0,0,0,1,6,1,23,5,-1,-1,-1,2,1,2
201601EO40495,1,9,0,9,0,5,0,0,0,0,4,1,2,1,-1,-1,2198,1,10,-1,-1,-1
201601EO40495,2,3,0,15,0,8,0,0,0,0,1,1,2,1,25,5,124,1,1,4,1,4
201601EO40496,1,1,0,17,0,8,0,0,0,0,0,1,2,1,43,7,-1,-1,-1,4,1,4
201601EO40498,1,9,0,18,0,0,0,0,0,0,1,1,6,1,45,7,-1,-1,-1,4,1,4
201601EO40500,1,19,0,18,0,0,0,0,0,0,1,1,6,1,-1,-1,2143,2,1,-1,-1,-1
201601EO40501,1,9,0,18,0,8,0,0,0,0,1,1,6,1,22,5,1198,1,9,5,1,5
201601EO40501,2,9,0,18,0,8,0,0,0,0,1,1,6,1,-1,-1,1422,2,16,-1,-1,-1
201601EO40502,1,9,0,18,0,1,0,0,0,0,4,1,6,1,74,10,1498,1,4,1,1,1
201601EO40503,1,9,0,9,0,6,0,0,0,0,3,1,6,1,29,6,1595,1,13,3,1,3
201601EO40503,2,3,0,18,0,8,1,0,0,0,1,1,1,1,20,4,-1,-1,-1,-1,-1,-1
201601EO40504,1,1,0,4,2,2,0,0,0,0,0,1,6,1,49,8,-1,-1,-1,2,1,2
201601EO40504,2,9,0,11,0,2,0,0,0,0,0,1,6,3,-1,-1,-1,-1,-1,-1,-1,-1
201601EO40505,1,11,0,4,0,8,0,0,0,0,0,1,1,1,24,5,4500,2,2,2,1,2
201601EO40507,1,9,0,18,0,8,0,0,0,0,3,1,6,2,51,8,-1,-1,-1,-1,-1,-1
201601EO40507,2,1,0,18,0,6,0,0,0,0,1,1,2,2,33,6,-1,-1,-1,-1,-1,-1
201601EO40508,1,9,0,18,0,1,0,0,0,0,4,1,6,2,30,6,1299,1,14,3,1,3
201601EO40508,2,1,0,9,0,6,0,0,0,0,1,1,6,1,21,5,-1,-1,-1,-1,-1,-1
201601EO40509,1,8,0,9,0,6,0,0,0,0,1,1,1,1,39,7,1997,2,4,4,1,4
201601EO40509,2,1,0,18,0,8,0,0,0,0,3,1,6,2,76,11,-1,-1,-1,5,1,5
201601EO40510,1,8,0,9,0,8,0,0,0,0,4,1,1,1,64,9,1796,1,2,1,1,1
201601EO40510,2,1,0,18,0,8,0,0,0,0,1,1,1,1,28,6,-1,-1,-1,1,1,1
201601EO40511,1,9,0,7,0,5,0,0,0,0,4,1,2,2,-1,-1,-1,-1,-1,-1,-1,-1
201601EO40511,2,1,0,15,0,8,0,0,0,0,1,1,6,1,27,6,-1,-1,-1,5,1,5
201601EO40512,1,9,0,18,0,2,0,0,0,0,1,1,6,1,-1,-1,1995,2,12,-1,-1,-1
201601EO40512,2,9,0,3,0,2,0,0,0,0,2,1,6,2,43,7,1598,1,8,2,1,2
201601EO40512,3,9,0,3,0,2,0,0,0,0,2,1,6,2,26,6,2199,2,1,1,1,1
201601EO40515,1,9,0,9,0,5,0,0,0,0,3,1,6,1,41,7,1999,8,1,4,1,4
201601EO40515,2,1,0,13,0,8,0,0,0,0,1,1,6,1,48,8,-1,-1,-1,5,1,5
201601EO40517,1,1,0,18,0,1,0,0,0,0,3,1,6,2,32,6,-1,-1,-1,2,1,2
201601EO40517,2,9,0,18,0,2,0,0,0,0,1,1,6,1,30,6,2993,2,12,-1,-1,-1
201601EO40518,1,1,0,18,0,8,0,0,0,0,1,1,6,1,15,3,-1,-1,-1,2,1,2
201601EO40518,2,9,0,18,0,8,0,0,0,0,3,1,6,1,52,8,2143,2,2,4,1,4
201601EO40519,1,4,0,14,0,0,0,0,0,0,1,1,6,1,-1,-1,125,1,3,-1,-1,-1
201601EO40520,1,3,0,15,0,0,0,0,0,0,1,1,6,1,27,6,124,1,15,-1,-1,-1
201601EO40521,1,1,0,18,0,0,0,4,0,0,1,1,6,1,25,5,-1,-1,-1,6,1,6
201601EO40521,2,8,0,2,0,0,0,0,0,0,3,1,6,1,-1,-1,1797,8,6,-1,-1,-1
201601EO40524,1,5,0,18,0,8,0,0,0,0,3,1,1,1,36,7,689,1,2,3,1,3
201601EO40524,2,8,0,7,0,5,0,0,0,0,4,1,1,1,43,7,1968,2,4,3,1,3
201601EO40525,1,19,0,1,0,0,0,0,0,0,2,1,6,1,45,7,-1,-1,-1,2,1,2
201601EO40525,2,90,0,18,0,0,0,0,0,0,1,1,6,1,77,11,-1,-1,-1,-1,-1,-1
201601EO40526,1,9,0,5,0,0,0,0,0,0,1,1,6,1,55,8,1339,1,9,6,1,6
201601EO40526,2,5,0,13,0,0,0,0,0,0,1,1,1,1,28,6,-1,-1,-1,6,1,6
201601EO40527,1,11,0,4,2,2,0,0,0,0,1,1,1,1,35,6,4500,2,4,1,1,1
201601EO40527,2,19,0,11,0,2,0,0,0,0,2,1,1,1,42,7,-1,-1,-1,2,1,2
201601EO40528,1,1,0,7,0,5,0,0,0,0,1,1,6,1,20,4,-1,-1,-1,-1,-1,-1
201601EO40529,1,1,0,18,4,8,1,0,0,0,1,1,6,1,26,6,-1,-1,-1,1,1,1
201601EO40529,2,8,0,9,0,5,0,0,0,0,4,1,1,1,-1,-1,1998,2,6,-1,-1,-1
201601EO40530,1,1,0,4,0,8,1,0,0,0,0,1,2,1,39,7,-1,-1,-1,5,1,5
201601EO40532,1,2,0,14,0,8,0,0,0,0,1,1,6,1,21,5,125,1,5,5,1,5
201601EO40532,2,11,0,18,0,8,0,0,0,0,3,1,1,1,46,8,4500,2,4,2,1,2
201601EO40533,1,9,0,18,0,1,1,0,0,0,2,1,2,1,35,6,1796,1,12,1,1,1
201601EO40533,2,8,0,18,0,1,0,0,0,0,1,1,1,1,30,6,1791,8,4,-1,-1,-1
201601EO40534,1,1,0,18,0,8,0,0,0,0,1,1,6,2,34,6,-1,-1,-1,3,1,3
201601EO40534,2,8,0,7,0,8,0,0,0,0,4,1,1,2,42,7,2776,2,-1,6,1,6
201601EO40535,1,1,0,13,0,6,0,0,0,0,1,1,6,1,36,7,-1,-1,-1,1,1,1
201601EO40535,2,8,0,9,0,6,0,0,0,0,3,1,1,1,48,8,1797,8,5,2,1,2
201601EO40536,1,2,0,13,0,8,0,0,0,0,4,1,1,1,25,5,124,1,9,2,1,2
201601EO40536,2,8,0,9,0,5,0,0,0,0,3,1,6,1,73,10,1997,2,1,5,1,5
201601EO40537,1,9,0,18,0,6,0,0,0,0,1,1,6,2,21,5,1461,2,2,6,1,6
201601EO40537,2,1,0,18,0,8,0,0,0,0,4,1,1,1,34,6,-1,-1,-1,2,1,2
201601EO40538,1,1,0,18,0,8,0,0,0,0,1,1,6,1,26,6,-1,-1,-1,9,1,9
201601EO40538,2,19,0,4,0,8,0,0,0,0,2,1,6,1,30,6,2198,2,9,-1,-1,-1
201601EO40539,1,9,0,9,0,2,0,0,0,0,1,1,6,1,-1,-1,1598,2,3,-1,-1,-1
201601EO40539,2,11,0,4,0,1,0,0,0,0,1,1,1,1,52,8,9360,2,4,-1,-1,-1
201601EO40540,1,1,0,18,0,6,0,0,0,0,1,1,6,1,26,6,-1,-1,-1,5,1,5
201601EO40540,2,9,0,9,0,6,0,0,0,0,4,1,6,1,-1,-1,998,1,2,-1,-1,-1
201601EO40542,1,8,0,3,0,0,0,0,0,0,2,1,1,1,36,7,2143,2,5,-1,-1,-1
201601EO40542,2,9,0,18,0,0,0,0,0,0,1,1,6,1,-1,-1,999,1,-1,-1,-1,-1
201601EO40543,1,8,0,9,0,5,0,0,0,0,1,1,1,1,29,6,2143,2,2,2,1,2
201601EO40543,2,3,0,18,0,8,0,0,0,0,1,1,1,1,57,9,125,1,1,-1,-1,-1
201601EO40544,1,9,0,9,0,5,0,0,0,0,4,1,6,1,28,6,1984,1,9,2,1,2
201601EO40544,2,2,0,18,0,8,0,0,0,0,1,1,1,1,20,4,108,1,2,-1,-1,-1
201601EO40545,1,9,0,18,0,1,0,0,0,0,1,1,6,1,29,6,1598,2,1,3,1,3
201601EO40545,2,1,0,13,0,2,0,0,0,0,1,1,6,1,19,4,-1,-1,-1,1,1,1
201601EO40546,1,9,0,2,0,0,0,0,0,0,2,1,6,2,25,5,1968,2,8,4,1,4
201601EO40546,2,1,0,18,0,0,0,4,0,0,1,1,6,1,27,6,-1,-1,-1,2,1,2
201601EO40547,1,9,0,11,0,0,0,0,0,0,1,1,6,2,35,6,1242,1,11,6,1,6
201601EO40547,2,9,0,14,0,0,0,0,0,0,1,1,6,1,-1,-1,-1,-1,-1,-1,-1,-1
201601EO40548,1,2,0,14,0,1,0,0,0,0,1,1,6,2,-1,-1,48,1,7,-1,-1,-1
201601EO40549,1,8,0,18,0,1,0,0,0,0,4,1,6,1,22,5,1995,2,2,3,1,3
201601EO40550,1,9,0,6,0,1,0,0,0,0,4,1,1,1,34,6,-1,-1,-1,2,1,2
201601EO40550,2,1,0,13,0,2,0,0,0,0,1,1,1,1,55,8,-1,-1,-1,2,1,2
201601EO40551,1,9,0,8,0,1,0,0,0,0,2,1,6,1,42,7,1896,2,13,8,1,8
201601EO40551,2,8,0,18,0,1,0,0,0,0,1,1,1,1,30,6,1797,8,5,-1,-1,-1
201601EO40552,1,11,0,5,2,2,0,0,0,0,0,1,1,1,54,8,3900,2,13,3,1,3
201601EO40553,1,9,0,18,0,2,0,0,0,0,4,1,6,2,29,6,1560,2,5,4,1,4
201601EO40553,2,21,0,12,0,2,0,0,0,0,3,1,6,1,-1,-1,11705,2,8,-1,-1,-1
201601EO40554,1,9,0,3,0,2,0,0,0,0,2,1,6,1,71,10,-1,-1,-1,4,1,4
201601EO40554,2,9,0,18,0,2,0,0,0,0,1,1,6,1,45,7,-1,-1,-1,-1,-1,-1
201601EO40557,1,9,0,7,0,8,0,0,0,0,4,1,2,1,20,4,1364,2,1,6,3,6
201601EO40557,2,1,0,18,0,8,0,0,0,0,1,1,2,2,33,6,-1,-1,-1,4,1,4
201601EO40558,1,1,0,15,0,1,0,0,0,0,4,1,2,1,33,6,-1,-1,-1,4,1,4
201601EO40560,1,8,0,4,0,8,0,0,0,0,3,1,1,1,50,8,1598,2,1,2,1,2
201601EO40560,2,1,0,18,0,8,0,0,0,0,1,1,6,2,24,5,-1,-1,-1,3,1,3
201601EO40561,1,9,0,9,0,8,0,0,3,2,1,1,6,2,41,7,1595,1,14,3,1,3
201601EO40563,1,19,0,4,0,1,0,0,0,0,1,1,6,1,39,7,-1,-1,-1,9,1,9
201601EO40563,2,9,0,4,0,1,0,0,0,0,2,1,6,2,43,7,1398,1,3,4,1,4
201601EO40564,1,9,0,9,0,1,0,0,0,0,1,1,6,1,25,5,1968,2,4,-1,-1,-1
201601EO40564,2,1,0,18,0,1,0,0,0,0,3,1,6,1,28,6,-1,-1,-1,4,1,4
201601EO40566,1,11,0,7,0,8,0,10,1,10,4,1,1,2,-1,-1,9360,2,6,-1,-1,-1
201601EO40567,1,8,0,7,0,5,0,0,0,0,4,1,6,1,30,6,1995,2,1,3,1,3
201601EO40567,2,1,0,18,0,8,0,0,0,0,1,1,6,1,27,6,-1,-1,-1,2,1,2
201601EO40568,1,1,0,18,0,8,1,0,0,0,4,1,2,1,32,6,-1,-1,-1,5,1,5
201601EO40568,2,9,0,7,0,8,0,0,0,0,3,1,6,2,-1,-1,1242,1,3,-1,-1,-1
201601EO40572,1,9,0,5,0,8,0,0,0,0,1,1,6,1,28,6,1995,2,7,8,1,8
201601EO40572,2,1,0,9,0,8,0,0,0,0,2,1,6,1,37,7,-1,-1,-1,3,1,3
201601EO40573,1,9,0,2,0,2,0,0,0,0,3,1,6,2,42,7,-1,3,-1,4,1,4
201601EO40573,2,1,0,18,0,2,0,0,0,0,1,1,6,1,27,6,-1,-1,-1,8,1,8
201601EO40574,1,9,0,3,0,0,0,0,0,0,2,1,6,2,34,6,1149,1,15,6,1,6
201601EO40574,2,9,0,3,0,0,0,0,0,0,2,1,6,2,41,7,1598,1,4,4,1,4
201601EO40574,3,19,0,18,0,0,0,0,0,0,1,1,1,2,29,6,1560,2,1,7,1,7
201601EO40575,1,4,0,11,0,1,0,0,0,0,4,1,6,1,47,8,779,1,2,4,1,4
201601EO40575,2,9,0,18,0,2,0,0,0,0,3,1,6,3,-1,-1,1339,8,6,-1,-1,-1
201601EO40576,1,9,0,7,0,2,0,0,0,0,4,1,2,2,36,7,1596,1,13,4,1,4
201601EO40576,2,5,0,18,0,2,0,0,0,0,3,1,2,1,35,6,883,1,1,1,1,1
201601EO40577,1,9,0,4,0,1,0,0,0,0,4,1,6,1,46,8,1499,2,3,1,1,1
201601EO40590,1,1,0,18,0,0,0,0,0,0,1,1,2,2,36,7,-1,-1,-1,5,1,5
201601EO40590,2,9,0,4,0,0,0,0,0,0,2,1,6,2,-1,-1,-1,-1,-1,5,1,5
201601EO40598,1,4,0,18,0,0,0,0,0,0,1,1,6,1,40,7,-1,-1,-1,-1,-1,-1
201601EO40602,1,19,0,7,0,1,0,0,0,0,4,1,1,1,39,7,2143,2,2,6,1,6
201601EO40602,2,1,0,15,0,1,0,0,0,0,1,1,1,1,31,6,-1,-1,-1,3,1,3
201601EO40609,1,3,0,18,2,8,0,0,0,0,1,1,6,1,24,5,125,1,-1,-1,-1,-1
201601EO40609,2,8,0,7,0,5,0,0,0,0,4,1,1,1,50,8,1797,8,6,-1,-1,-1
201601EO40611,1,9,0,18,0,2,0,0,0,0,2,1,6,1,36,7,2993,2,4,2,1,2
201601EO40611,2,9,0,18,0,2,0,0,0,0,1,1,6,1,40,7,-1,-1,-1,2,1,2
201601EO40612,1,3,0,18,0,1,0,0,0,0,1,1,6,3,-1,-1,-1,-1,-1,-1,-1,-1
201601EO40614,1,1,0,18,0,1,0,0,0,0,3,1,6,1,36,7,-1,-1,-1,4,1,4
201601EO40614,2,19,0,9,0,1,0,0,0,0,1,1,6,3,-1,-1,-1,-1,-1,-1,-1,-1
201601EO40615,1,1,0,18,4,1,0,0,0,0,3,1,6,1,30,6,-1,-1,-1,3,1,3
201601EO40615,2,9,0,7,0,1,0,0,0,0,4,1,6,1,-1,-1,1560,2,4,-1,-1,-1
201601EO40616,1,9,0,4,0,1,0,0,0,0,2,1,6,1,-1,-1,1995,2,12,7,1,7