Accident_Index,Vehicle_Reference,Vehicle_Type,Towing_and_Articulation,Vehicle_Manoeuvre,Vehicle_Location-Restricted_Lane,Junction_Location,Skidding_and_Overturning,Hit_Object_in_Carriageway,Vehicle_Leaving_Carriageway,Hit_Object_off_Carriageway,1st_Point_of_Impact,Was_Vehicle_Left_Hand_Drive?,Journey_Purpose_of_Driver,Sex_of_Driver,Age_of_Driver,Age_Band_of_Driver,Engine_Capacity_(CC),Propulsion_Code,Age_of_Vehicle,Driver_IMD_Decile,Driver_Home_Area_Type,Vehicle_IMD_Decile
201601FH10318,1,9,0,7,0,8,0,0,0,0,3,1,6,1,25,5,1242,1,18,1,1,1
201601FH10318,2,3,0,11,0,8,0,0,0,0,4,1,6,1,32,6,-1,-1,-1,6,1,6
201601FH10319,1,19,0,4,0,0,0,0,0,0,2,1,1,1,26,6,2402,2,9,6,1,6
201601FH10319,2,19,0,18,0,0,0,0,0,0,1,1,6,1,43,7,2461,2,13,1,1,1
201601FH10319,3,8,0,18,0,0,0,0,0,0,1,1,6,1,36,7,1968,2,5,1,1,1
201601FH10322,1,5,0,18,0,8,0,0,0,0,1,1,6,1,48,8,999,1,5,5,1,5
201601FH10323,1,1,0,18,0,0,0,0,0,0,1,1,6,1,27,6,-1,-1,-1,6,1,6
201601FH10323,2,8,0,2,0,0,0,0,0,0,3,1,6,1,-1,-1,1997,2,-1,9,1,9
201601FH10324,1,19,0,4,0,0,0,0,0,0,2,1,6,1,31,6,1598,2,4,4,1,4
201601FH10324,2,19,0,18,0,0,0,0,0,0,1,1,6,1,25,5,1248,2,3,3,1,3
201601FH10325,1,9,0,9,0,8,0,0,0,0,1,1,6,1,26,6,1390,1,5,9,1,9
201601FH10325,2,9,0,18,0,8,0,0,0,0,1,1,6,3,-1,-1,-1,-1,-1,-1,-1,-1
201601FH10326,1,11,0,18,0,8,0,0,0,0,3,1,1,1,38,7,9400,2,11,5,1,5
201601FH10326,2,9,0,7,0,8,0,0,0,0,4,1,6,3,-1,-1,-1,-1,-1,-1,-1,-1
201601FH10327,1,9,0,3,0,8,0,0,0,0,2,1,6,1,36,7,1598,1,10,1,1,1
201601FH10327,2,9,0,18,0,8,0,0,0,0,1,1,6,2,-1,-1,2143,2,3,-1,-1,-1
201601FH10328,1,8,0,18,0,0,0,0,0,0,1,1,6,1,51,8,2987,2,10,6,1,6
201601FH10329,1,9,0,9,0,8,0,0,0,0,1,1,6,2,27,6,1242,1,3,9,1,9
201601FH10329,2,5,0,18,0,8,0,0,0,0,1,1,6,1,57,9,535,1,23,4,1,4
201601FH10332,1,9,0,9,0,8,0,0,0,0,1,1,6,1,61,9,1985,1,15,4,1,4
201601FH10332,2,9,0,18,0,8,0,0,0,0,4,1,6,1,71,10,2143,2,-1,8,1,8
201601FH10332,3,9,0,18,0,8,0,0,0,0,1,1,6,1,36,7,-1,-1,-1,5,1,5
201601FH10333,1,9,0,14,0,0,0,0,0,0,4,1,6,1,64,9,1984,1,4,10,2,10
201601FH10333,2,1,0,18,0,0,0,0,0,0,1,1,6,1,84,11,-1,-1,-1,8,1,8
201601FH10334,1,8,0,18,0,0,0,4,0,0,1,1,6,1,37,7,1339,8,6,5,1,5
201601FH10335,1,3,0,18,0,8,0,0,0,0,4,1,6,1,22,5,125,1,5,6,1,6
201601FH10335,2,9,0,18,0,8,0,0,0,0,0,1,6,1,-1,-1,-1,-1,-1,-1,-1,-1
201601FH10336,1,3,0,16,0,0,0,0,0,0,1,1,6,1,29,6,115,1,1,4,1,4
201601FH10336,2,9,0,12,0,0,0,0,0,0,3,1,6,1,31,6,2199,1,21,4,1,4
201601FH10337,1,3,0,13,0,8,0,0,0,0,1,1,6,1,24,5,125,1,2,2,1,2
201601FH10337,2,3,0,9,0,8,0,0,0,0,1,1,6,1,27,6,125,1,4,5,1,5
201601FH10338,1,9,0,18,0,0,0,0,0,0,1,1,6,1,26,6,1248,2,5,8,2,8
201601FH10338,2,3,0,13,0,0,0,0,0,0,1,1,6,1,18,4,108,1,1,4,1,4
201601FH10339,1,9,0,4,0,1,0,0,0,0,2,1,6,1,40,7,1598,1,15,3,1,3
201601FH10339,2,9,0,18,0,8,0,0,0,0,1,1,6,1,62,9,1595,1,2,5,1,5
201601FH10339,3,9,0,18,0,8,0,0,0,0,1,1,6,1,23,5,1364,1,10,2,1,2
201601FH10340,1,9,0,9,0,8,0,0,0,0,3,1,6,1,36,7,-1,-1,-1,3,1,3
201601FH10340,2,1,0,18,0,8,0,0,0,0,1,1,6,1,16,4,-1,-1,-1,2,1,2
201601FH10341,1,9,0,6,0,8,0,0,0,0,1,1,6,1,48,8,1396,1,16,2,1,2
201601FH10341,2,3,0,18,0,8,0,0,0,0,1,1,6,1,33,6,108,1,7,-1,-1,-1
201601FH10342,1,3,0,13,0,8,0,0,0,0,1,1,6,1,52,8,-1,-1,-1,10,1,10
201601FH10342,2,19,0,9,0,8,0,0,0,0,3,1,1,1,-1,-1,2299,2,1,-1,-1,-1
201601FH10343,1,9,0,9,0,8,0,0,0,0,3,1,6,1,48,8,-1,-1,-1,2,1,2
201601FH10343,2,3,0,17,0,8,0,0,0,0,1,1,6,1,21,5,125,1,5,2,1,2
201601FH10344,1,9,0,7,0,8,0,0,0,0,2,1,6,2,54,8,1587,1,10,4,1,4
201601FH10344,2,9,0,7,0,8,0,0,0,0,1,1,6,2,43,7,1061,1,11,4,1,4
201601FH10345,1,3,0,18,0,8,0,0,0,0,1,1,6,1,38,7,125,1,6,1,1,1
201601FH10345,2,19,0,18,0,8,0,0,0,0,1,1,6,1,35,6,1598,2,1,4,1,4
201601FH10346,1,9,0,18,0,0,0,0,0,0,4,1,6,1,41,7,1390,1,18,2,1,2
201601FH10346,2,9,0,18,0,0,0,0,0,0,3,1,6,1,45,7,1560,2,6,3,1,3
201601FH10347,1,9,0,6,0,0,0,0,0,0,3,1,6,1,29,6,2993,2,3,7,1,7
201601FH10347,2,1,0,17,0,0,0,0,0,0,1,1,6,1,20,4,-1,-1,-1,4,1,4
201601FH10348,1,19,0,9,0,8,0,0,0,0,1,1,6,1,41,7,1598,2,1,9,1,9
201601FH10348,2,1,0,18,0,8,0,0,0,0,4,1,6,1,24,5,-1,-1,-1,9,1,9
201601FH10349,1,19,0,9,0,8,0,0,0,0,3,1,6,1,38,7,2299,2,5,3,1,3
201601FH10349,2,3,0,13,0,8,0,0,0,0,1,1,6,2,33,6,108,1,-1,1,1,1
201601FH10350,1,8,0,9,0,8,0,0,0,0,4,1,1,1,38,7,1968,2,3,1,1,1
201601FH10350,2,1,0,18,0,8,0,0,0,0,1,1,6,2,31,6,-1,-1,-1,4,1,4
201601FH10351,1,9,0,18,0,8,0,0,0,0,1,1,6,1,26,6,1997,1,3,2,1,2
201601FH10353,1,9,0,16,0,8,0,0,0,0,3,1,6,1,27,6,1984,1,-1,2,1,2
201601FH10353,2,9,0,9,0,8,0,0,0,0,1,1,6,1,40,7,1992,2,11,5,1,5
201601FH10354,1,19,0,12,0,0,0,0,0,0,3,1,1,1,37,7,2143,2,4,5,3,5
201601FH10354,2,1,0,18,0,0,0,0,0,0,1,1,6,1,30,6,-1,-1,-1,6,1,6
201601FH10355,1,1,0,17,0,8,0,0,0,0,1,1,6,2,30,6,-1,-1,-1,2,1,2
201601FH10355,2,9,0,6,0,8,0,0,0,0,1,1,6,3,-1,-1,1798,8,2,-1,-1,-1
201601FH10356,1,1,0,9,0,8,0,0,0,0,1,1,6,2,34,6,-1,-1,-1,7,1,7
201601FH10356,2,8,0,17,0,8,0,0,0,0,1,1,6,1,48,8,1910,2,7,3,1,3
201601FH10357,1,3,0,18,0,8,0,0,0,0,3,1,6,1,18,4,125,1,6,5,1,5
201601FH10357,2,9,0,3,0,8,0,0,0,0,3,1,6,1,37,7,2000,2,6,8,1,8
201601FH10357,3,9,0,18,0,8,0,0,0,0,4,1,6,1,29,6,1598,1,2,3,1,3
201601FH10358,1,3,0,18,0,8,0,0,0,0,1,1,6,1,47,8,330,1,3,7,1,7
201601FH10358,2,9,0,9,0,8,0,0,0,0,4,1,6,3,-1,-1,-1,-1,-1,-1,-1,-1
201601FH10359,1,9,0,2,0,0,0,0,0,0,3,1,6,1,27,6,2993,2,11,7,1,7
201601FH10359,2,9,0,18,0,0,0,0,0,0,4,1,1,1,-1,-1,-1,-1,-1,-1,-1,-1
201601FH10359,3,1,0,14,0,0,0,0,0,0,1,1,6,2,53,8,-1,-1,-1,2,1,2
201601FH10360,1,3,0,18,0,2,0,0,0,0,1,1,6,1,26,6,125,1,9,3,1,3
201601FH10363,1,11,0,4,0,0,0,0,0,0,0,1,1,2,62,9,4500,2,1,3,1,3
201601FH10364,1,3,0,18,0,0,0,0,0,0,2,1,6,1,29,6,125,1,5,3,1,3
201601FH10364,2,9,0,18,0,0,0,0,0,0,1,1,6,1,19,4,1560,2,7,2,1,2
201601FH10366,1,9,0,2,0,0,0,0,0,0,1,1,6,1,24,5,2198,2,2,8,1,8
201601FH10366,2,9,0,18,0,0,0,0,0,0,1,1,6,2,66,10,1388,1,4,2,1,2
201601FH10367,1,3,0,18,0,8,0,0,0,0,1,1,6,1,-1,-1,-1,-1,-1,-1,-1,-1
201601FH10368,1,3,0,18,0,8,0,0,0,0,1,1,6,1,19,4,125,1,1,3,1,3
201601FH10368,2,9,0,9,0,8,0,0,0,0,4,1,6,1,39,7,2401,2,12,6,1,6
201601FH10369,1,9,0,7,0,8,0,0,0,0,4,1,6,2,40,7,2720,2,8,1,1,1
201601FH10369,2,5,0,18,0,8,0,0,0,0,1,1,6,1,34,6,599,1,6,7,1,7
201601FH10370,1,1,0,18,0,8,0,0,0,0,1,1,6,1,36,7,-1,-1,-1,8,1,8
201601FH10370,2,9,0,18,0,8,0,0,0,0,4,1,6,1,-1,-1,2926,2,14,8,1,8
201601FH10371,1,8,0,18,0,1,0,0,0,0,3,1,1,1,35,6,1996,2,5,4,1,4
201601FH10371,2,11,0,14,0,2,0,0,0,0,3,1,1,1,57,9,7300,2,12,2,1,2
201601FH10372,1,11,0,18,0,8,0,0,0,0,4,1,1,1,-1,-1,4500,2,6,-1,-1,-1
201601FH10372,2,1,0,12,0,8,0,0,0,0,3,1,6,2,33,6,-1,-1,-1,4,1,4
201601FH10373,1,11,0,4,0,0,0,0,0,0,0,1,6,1,31,6,5132,2,1,2,1,2
201601FH10374,1,11,0,4,0,8,0,0,0,0,0,1,1,1,36,7,4500,2,-1,3,1,3
201601FH10376,1,19,0,18,0,0,0,0,0,0,4,1,1,1,48,8,2151,2,14,5,1,5
201601FH10377,1,3,0,17,0,1,0,0,0,0,1,1,6,1,20,4,125,1,-1,4,1,4
201601FH10378,1,9,0,9,0,8,0,0,0,0,1,1,6,2,38,7,2993,2,2,4,1,4
201601FH10378,2,5,0,18,0,8,0,0,0,0,3,1,6,1,28,6,847,1,1,4,1,4
201601FH10379,1,9,0,3,0,8,0,0,0,0,4,1,1,1,31,6,-1,-1,-1,2,1,2
201601FH10379,2,3,0,17,0,8,0,10,0,0,3,1,6,1,20,4,114,1,2,1,1,1
201601FH10382,1,3,0,18,0,0,0,0,0,0,3,1,6,1,34,6,125,1,8,4,1,4
201601FH10382,2,9,0,18,0,0,0,0,0,0,4,1,6,1,-1,-1,-1,-1,-1,-1,-1,-1
201601FH10383,1,9,0,12,0,8,0,0,0,0,3,1,6,2,37,7,1596,1,7,4,1,4
201601FH10383,2,9,0,18,0,8,0,0,0,0,3,1,6,1,44,7,2967,2,3,6,1,6
201601FH10384,1,3,0,2,0,2,0,0,0,0,1,1,6,1,41,7,-1,-1,-1,-1,-1,-1
201601FH10384,2,19,0,1,0,1,0,0,0,0,2,1,6,1,-1,-1,-1,-1,-1,-1,-1,-1
201601FH10385,1,1,0,18,0,0,0,8,0,0,3,1,6,1,38,7,-1,-1,-1,6,1,6
201601FH10385,2,8,0,3,0,0,0,0,0,0,4,1,6,1,33,6,1598,2,4,1,1,1
201601FH10386,1,19,0,9,0,8,0,0,0,0,3,1,6,1,22,5,2198,2,3,9,1,9
201601FH10386,2,1,0,16,0,8,0,0,0,0,1,1,6,1,38,7,-1,-1,-1,7,1,7
201601FH10387,1,9,0,9,0,8,0,0,0,0,1,1,6,2,23,5,999,1,1,2,1,2
201601FH10387,2,3,0,15,0,8,0,0,0,0,1,1,1,1,19,4,108,1,2,3,1,3
201601FH10388,1,5,0,18,0,2,0,0,0,0,1,1,6,3,-1,-1,998,1,7,-1,-1,-1
201601FH10389,1,11,0,7,0,8,0,0,0,0,0,1,1,1,53,8,8268,2,14,6,1,6
201601FH10390,1,1,0,7,0,8,0,0,0,0,3,1,6,2,23,5,-1,-1,-1,1,1,1
201601FH10390,2,3,0,13,0,8,0,0,0,0,4,1,6,1,24,5,124,1,1,1,1,1
201601FH10391,1,9,0,9,0,8,0,0,0,0,3,1,6,1,51,8,1995,2,3,2,1,2
201601FH10391,2,3,0,13,0,8,0,0,0,0,1,1,6,1,23,5,-1,-1,-1,5,1,5
201601FH10392,1,1,0,18,0,0,0,0,0,0,3,1,6,1,25,5,-1,-1,-1,7,1,7
201601FH10392,2,9,0,11,0,0,0,0,0,0,4,1,6,1,-1,-1,1329,1,5,-1,-1,-1
201601FH10393,1,1,0,18,0,8,0,0,0,0,3,1,6,1,39,7,-1,-1,-1,2,1,2
201601FH10393,2,9,0,18,0,2,0,0,0,0,4,1,6,1,-1,-1,1984,1,7,-1,-1,-1
201601FH10394,1,1,0,17,0,8,0,0,0,0,3,1,6,1,53,8,-1,-1,-1,4,1,4
201601FH10394,2,9,0,6,0,8,0,0,0,0,4,1,6,2,-1,-1,-1,-1,-1,-1,-1,-1
201601FH10396,1,9,0,18,0,2,0,0,0,0,1,1,6,3,-1,-1,-1,-1,-1,-1,-1,-1
201601FH10397,1,3,0,2,0,8,0,0,0,0,3,1,6,1,38,7,124,1,4,4,1,4
201601FH10397,2,9,0,5,0,8,0,0,0,0,1,1,6,3,-1,-1,-1,-1,-1,-1,-1,-1
201601FH10398,1,3,0,17,0,8,0,10,3,2,1,1,6,1,32,6,108,1,2,1,1,1
201601FH10399,1,8,0,3,0,8,0,0,0,0,2,1,1,1,50,8,1968,2,2,2,1,2
201601FH10399,2,3,0,18,0,8,0,0,0,0,1,1,6,1,21,5,124,1,1,1,1,1
201601FH10400,1,19,0,9,0,8,0,0,0,0,1,1,1,1,34,6,2198,2,2,1,1,1
201601FH10400,2,9,0,3,0,8,0,0,0,0,2,1,6,1,57,9,1595,1,1,4,1,4
201601FH10400,3,8,0,3,0,8,0,0,0,0,2,1,1,1,48,8,1997,2,5,4,1,4
201601FH10401,1,9,0,2,0,2,0,0,0,0,3,1,6,1,40,7,4414,1,6,10,1,10
201601FH10401,2,1,0,18,0,2,0,0,0,0,1,1,6,1,-1,-1,-1,-1,-1,-1,-1,-1
201601FH10402,1,9,0,1,0,8,0,0,0,0,2,1,6,1,51,8,1598,1,9,7,1,7
201601FH10403,1,9,0,18,0,0,0,0,0,0,1,1,6,1,28,6,1797,8,5,2,1,2
201601FH10403,2,3,0,12,0,0,0,0,0,0,3,1,6,1,25,5,125,1,-1,5,1,5
201601FH10405,1,1,0,18,0,8,0,0,0,0,1,1,6,2,42,7,-1,-1,-1,5,1,5
201601FH10405,2,3,0,9,0,8,0,0,0,0,4,1,6,1,-1,-1,-1,-1,-1,-1,-1,-1
201601FH10406,1,8,0,18,0,1,0,0,0,0,1,1,6,1,32,6,1968,2,4,5,1,5
201601FH10407,1,19,0,9,0,8,0,0,0,0,3,1,1,1,48,8,2198,2,-1,9,1,9
201601FH10407,2,1,0,18,0,8,0,0,0,0,1,1,6,1,48,8,-1,-1,-1,9,1,9
201601FH10409,1,8,0,7,0,8,0,0,0,0,3,1,1,1,42,7,1997,2,5,9,1,9
201601FH10409,2,1,0,18,0,8,0,0,0,0,1,1,6,1,-1,-1,-1,-1,-1,5,1,5
201601FH10410,1,3,0,18,0,8,0,0,0,0,3,1,6,1,19,4,125,1,3,4,1,4
201601FH10410,2,9,0,13,0,8,0,0,0,0,4,1,6,3,-1,-1,-1,-1,-1,-1,-1,-1
201601FH10411,1,19,0,1,0,8,0,0,0,0,2,1,6,1,34,6,2143,2,6,8,1,8
201601FH10412,1,8,0,9,0,8,0,0,0,0,4,1,6,1,19,4,-1,-1,-1,5,1,5
201601FH10412,2,3,0,18,4,8,0,0,0,0,1,1,6,1,26,6,-1,-1,-1,9,3,9
201601FH10413,1,9,0,1,0,0,0,0,0,0,2,1,6,2,-1,-1,1968,2,-1,-1,-1,-1
201601FH10414,1,1,0,14,0,8,0,0,0,0,3,1,6,1,36,7,-1,-1,-1,6,1,6
201601FH10414,2,1,0,18,0,8,0,0,0,0,1,1,6,2,28,6,-1,-1,-1,2,1,2
201601FH10415,1,9,0,18,0,8,0,0,0,0,1,1,6,2,36,7,999,1,3,2,1,2
201601FH10415,2,1,0,9,0,8,0,0,0,0,1,1,6,1,25,5,-1,-1,-1,1,1,1
201601FH10416,1,5,0,17,0,8,0,0,0,0,1,1,6,1,49,8,599,1,11,9,1,9
201601FH10417,1,9,0,18,0,0,0,10,4,6,4,1,6,1,30,6,2143,2,1,7,1,7
201601FH10417,2,9,0,12,0,0,0,0,0,0,3,1,6,1,-1,-1,1197,1,5,-1,-1,-1
201601FH10419,1,9,0,7,0,8,0,0,0,0,2,1,6,1,22,5,1598,1,7,3,1,3
201601FH10419,2,9,0,18,0,8,0,0,0,0,1,1,6,1,-1,-1,1798,1,4,-1,-1,-1
201601FH10420,1,9,0,18,0,8,0,0,0,0,1,1,6,1,27,6,1229,1,7,2,1,2
201601FH10420,2,9,0,2,0,8,0,0,0,0,2,1,6,1,29,6,1560,2,6,7,1,7
201601FH10422,1,9,0,9,0,8,0,0,0,0,1,1,6,1,57,9,1997,2,4,10,1,10
201601FH10422,2,1,0,18,0,8,0,0,0,0,1,1,6,2,31,6,-1,-1,-1,6,1,6
201601FH10423,1,9,0,7,0,8,0,0,0,0,1,1,6,1,41,7,1598,1,8,5,1,5
201601FH10423,2,1,0,18,0,8,0,0,0,0,1,1,6,1,26,6,-1,-1,-1,10,1,10
201601FH10424,1,3,0,18,0,8,0,0,0,0,3,1,6,1,20,4,125,1,-1,3,1,3
201601FH10425,1,9,0,12,0,0,0,0,0,0,3,1,6,1,30,6,1968,2,3,2,1,2
201601FH10425,2,3,0,18,0,0,0,0,0,0,4,1,6,2,43,7,124,1,1,4,1,4
201601FH10427,1,1,0,18,0,8,0,0,0,0,4,1,6,1,59,9,-1,-1,-1,-1,-1,-1
201601FH10427,2,9,0,16,0,8,0,0,0,0,3,1,6,3,-1,-1,-1,-1,-1,-1,-1,-1
201601FH10428,1,9,0,3,0,0,0,0,0,0,2,1,6,1,53,8,1995,2,8,2,1,2
201601FH10428,2,9,0,18,0,0,0,0,0,0,2,1,6,1,45,7,4398,1,12,5,1,5
201601FH10428,3,9,0,18,0,0,0,0,0,0,1,1,6,1,27,6,1995,2,4,1,1,1
201601FH10429,1,9,0,2,0,0,0,0,0,0,3,1,6,2,26,6,1796,1,12,7,1,7
201601FH10429,2,19,0,18,0,0,0,0,0,0,1,1,6,1,66,10,-1,-1,-1,7,1,7
201601FH10430,1,9,0,16,0,8,0,0,0,0,1,1,6,1,-1,-1,2993,2,11,8,1,8
201601FH10431,1,3,0,18,0,8,0,0,0,0,1,1,6,1,-1,-1,125,1,1,8,1,8
201601FH10431,2,9,0,9,0,8,0,0,0,0,1,1,6,2,-1,-1,2497,1,10,2,1,2
201601FH10432,1,1,0,18,0,0,0,10,0,0,1,1,6,1,26,6,-1,-1,-1,7,1,7
201601FH10433,1,3,0,18,0,8,0,0,0,0,1,1,6,1,37,7,108,1,2,5,1,5
201601FH10433,2,9,0,9,0,8,0,0,0,0,1,1,6,1,29,6,-1,-1,-1,1,1,1
201601FH10434,1,9,0,18,0,2,0,10,7,2,1,1,6,2,25,5,998,1,2,-1,-1,-1
201601FH10435,1,8,0,18,0,8,0,0,0,0,1,1,6,1,32,6,2231,2,10,2,1,2
201601FH10435,2,9,0,9,0,8,0,0,0,0,3,1,6,2,48,8,1560,2,3,2,1,2
201601FH10436,1,4,0,17,0,8,0,0,0,0,4,1,6,1,46,8,249,1,2,9,1,9
201601FH10436,2,9,0,6,0,8,0,0,0,0,3,1,6,1,-1,-1,1797,8,6,-1,-1,-1
201601FH10437,1,3,0,18,0,0,0,0,0,0,1,1,6,1,20,4,124,1,4,3,1,3
201601FH10438,1,19,0,18,0,0,0,0,0,0,4,1,1,1,18,4,1995,2,9,8,1,8
201601FH10439,1,9,0,18,0,0,0,0,0,0,1,1,6,1,68,10,2171,1,14,6,1,6
201601FH10441,1,9,0,18,0,0,0,10,0,0,2,1,6,1,44,7,2993,2,2,9,1,9
201601FH10441,2,9,0,18,0,0,0,0,0,0,1,1,6,1,37,7,3226,2,15,4,1,4
201601FH10442,1,9,0,18,0,8,0,0,0,0,1,1,6,1,38,7,1198,1,4,9,1,9
201601FH10442,2,1,0,9,0,8,0,0,0,0,1,1,6,2,30,6,-1,-1,-1,4,1,4
201601FH10444,1,9,0,18,0,8,0,0,0,0,1,1,6,1,37,7,1595,1,4,2,1,2
201601FH10444,2,1,0,9,0,8,0,0,0,0,1,1,6,1,38,7,-1,-1,-1,2,1,2
201601FH10445,1,9,0,18,0,0,0,0,0,0,1,1,6,1,23,5,-1,-1,-1,3,1,3
201601FH10445,2,9,0,18,0,0,0,0,0,0,2,1,6,1,18,4,1198,1,4,4,1,4
201601FH10446,1,3,0,13,0,8,0,0,0,0,1,1,6,1,48,8,-1,-1,-1,-1,-1,-1
201601FH10446,2,9,0,9,0,8,0,0,0,0,3,1,6,1,70,10,-1,-1,-1,-1,-1,-1
201601FH10447,1,9,0,10,0,8,0,0,0,0,2,1,6,2,37,7,1699,1,10,6,1,6
201601FH10447,2,1,0,18,0,8,0,0,0,0,1,1,6,1,33,6,-1,-1,-1,-1,-1,-1
201601FH10448,1,19,0,17,0,0,0,0,0,0,1,1,6,1,26,6,2198,2,5,5,1,5
201601FH10448,2,1,0,17,0,0,0,0,0,0,3,1,6,1,45,7,-1,-1,-1,6,1,6
201601FH10449,1,3,0,18,0,1,0,0,0,0,1,1,6,1,-1,-1,-1,-1,-1,-1,-1,-1
201601FH10450,1,9,0,18,0,8,0,0,0,0,1,1,6,2,46,8,996,1,5,6,3,6
201601FH10450,2,1,0,18,0,8,0,0,0,0,1,1,6,1,43,7,-1,-1,-1,9,1,9
201601FH10451,1,11,0,4,0,1,0,0,0,0,0,1,1,1,37,7,5132,2,1,2,1,2
201601FH10452,1,9,0,18,0,8,0,0,0,0,1,1,6,2,51,8,1488,2,22,3,1,3
201601FH10452,2,3,0,18,0,8,0,0,0,0,2,1,6,1,33,6,108,1,4,2,1,2
201601FH10454,1,10,0,4,0,8,0,0,0,0,2,1,1,2,47,8,5880,2,5,4,1,4
201601FH10454,2,20,0,18,0,1,0,0,0,0,1,1,1,1,47,8,4461,2,5,-1,-1,-1
201601FH10456,1,4,0,18,0,8,0,0,0,0,4,1,6,3,-1,-1,-1,-1,-1,-1,-1,-1
201601FH10458,1,9,0,18,0,8,0,0,0,0,4,1,6,2,75,10,1598,1,15,2,1,2
201601FH10459,1,9,0,18,0,8,0,0,0,0,1,1,2,1,32,6,1598,2,1,2,1,2
201601FH10459,2,5,0,18,0,8,0,0,0,0,1,1,1,1,25,5,847,1,-1,10,1,10
201601FH10460,1,1,0,18,0,8,0,0,0,0,3,1,6,1,38,7,-1,-1,-1,8,1,8
201601FH10460,2,9,0,18,0,8,0,0,0,0,4,1,6,2,-1,-1,973,1,14,-1,-1,-1
201601FH10465,1,9,0,18,0,8,0,0,0,0,1,1,6,1,33,6,1796,1,4,5,1,5
201601FH10465,2,9,0,9,0,8,0,10,7,10,4,1,6,1,28,6,1398,1,1,7,1,7
201601FH10466,1,9,0,18,0,8,0,0,0,0,1,1,6,1,23,5,1560,2,4,4,1,4
201601FH10466,2,9,0,4,0,8,0,0,0,0,2,1,6,1,53,8,1124,1,12,3,1,3
201601FH10467,1,9,0,18,0,8,0,0,0,0,1,1,6,1,-1,-1,1598,1,5,2,1,2
201601FH10467,2,9,0,9,0,8,0,0,0,0,3,1,6,1,-1,-1,-1,-1,-1,-1,-1,-1
201601FH10468,1,9,0,18,0,8,0,0,0,0,1,1,6,3,-1,-1,2401,2,11,-1,-1,-1
201601FH10468,2,9,0,18,0,8,0,0,0,0,1,1,6,2,54,8,2987,2,-1,9,1,9
201601FH10471,1,9,0,12,0,8,0,0,0,0,3,1,6,2,37,7,2967,2,1,8,1,8
201601FH10471,2,3,0,18,0,8,0,0,0,0,1,1,6,1,37,7,125,1,5,3,1,3
201601FH10472,1,1,0,18,0,0,0,0,0,0,1,1,6,1,33,6,-1,-1,-1,2,1,2
201601FH10485,1,3,0,18,0,8,0,0,0,0,1,1,6,1,21,5,125,1,3,3,1,3
201601FH10485,2,9,0,7,0,8,0,0,0,0,4,1,6,1,19,4,1368,1,-1,8,1,8
201601FH10491,1,1,0,18,0,8,0,0,0,0,1,1,6,1,26,6,-1,-1,-1,5,1,5
201601FH10492,1,9,0,7,0,8,0,0,0,0,1,1,6,1,53,8,1390,1,5,3,1,3
201601FH10492,2,9,0,9,0,8,0,0,0,0,1,1,6,1,22,5,1582,2,2,1,1,1
201601FH10494,1,2,0,18,0,8,0,0,0,0,1,1,6,1,26,6,49,1,15,3,1,3
201601FH10494,2,9,0,9,0,8,0,0,0,0,1,1,6,1,48,8,1497,1,13,3,1,3
201601FH10496,1,9,0,4,0,1,0,0,0,0,2,1,6,1,32,6,2143,2,-1,7,1,7
201601FH10496,2,3,0,18,0,1,0,0,0,0,1,1,6,1,26,6,125,1,4,1,1,1
201601GD10001,1,9,0,18,0,8,0,0,0,0,1,1,3,2,31,6,1598,2,2,3,1,3
201601GD10001,2,8,0,18,0,8,0,0,0,0,3,1,1,1,54,8,2499,2,3,3,1,3
201601GD10003,1,2,0,18,2,1,0,0,0,0,3,1,1,1,19,4,124,1,7,3,1,3
201601GD10003,2,9,0,7,0,5,0,0,0,0,4,1,6,1,-1,-1,1956,2,3,-1,-1,-1
201601GD10004,1,9,0,9,0,8,0,0,0,0,4,1,3,2,49,8,1339,1,11,2,1,2
201601GD10004,2,1,0,18,0,8,0,0,0,0,1,1,6,2,36,7,-1,-1,-1,-1,-1,-1
201601GD10007,1,19,0,11,0,1,0,0,0,0,4,1,6,1,46,8,-1,-1,-1,4,1,4
201601GD10007,2,11,0,18,0,1,0,0,0,0,3,1,1,1,33,6,6700,2,5,2,1,2
201601GD10008,1,11,0,18,2,0,0,0,0,0,0,1,1,1,52,8,6692,2,3,2,1,2
201601GD10009,1,1,0,18,0,8,0,0,0,0,3,1,2,2,29,6,-1,-1,-1,2,1,2
201601GD10009,2,9,0,9,0,8,0,0,0,0,1,1,6,1,60,9,1986,2,10,-1,-1,-1
201601GD10010,1,1,0,18,0,1,0,0,0,0,3,1,6,1,29,6,-1,-1,-1,2,1,2
201601GD10010,2,9,0,7,0,5,0,0,0,0,4,1,6,1,-1,-1,2698,2,8,-1,-1,-1
201601GD10011,1,3,0,10,0,8,0,0,0,0,1,1,6,1,34,6,-1,-1,-1,-1,-1,-1
201601GD10011,2,9,0,18,0,8,0,0,0,0,1,1,6,3,-1,-1,-1,-1,-1,-1,-1,-1
201601GD10012,1,9,0,18,0,0,0,4,0,0,1,1,2,1,30,6,2488,1,9,-1,-1,-1
201601GD10012,2,9,0,2,0,0,0,4,0,0,2,1,6,1,-1,-1,1783,1,13,2,1,2
201601GD10012,3,9,0,2,0,0,0,4,0,0,2,1,6,2,34,6,1229,1,8,2,1,2
201601GD10012,4,9,0,2,0,0,0,0,0,0,2,1,6,1,45,7,1984,1,14,2,1,2
201601GD10013,1,9,0,18,0,0,0,0,0,0,1,1,1,1,-1,-1,-1,-1,-1,-1,-1,-1
201601GD10013,2,9,0,6,0,0,0,0,0,0,4,1,1,1,30,6,1997,2,2,7,1,7
201601GD10014,1,9,0,18,0,2,0,0,0,0,1,1,1,1,40,7,2143,2,3,8,1,8
201601GD10014,2,9,0,18,0,1,0,0,0,0,1,1,6,1,25,5,1968,2,9,4,1,4
201601GD10015,1,9,0,4,0,0,0,0,0,0,2,1,6,1,32,6,2993,2,12,3,1,3