Accident_Index,Vehicle_Reference,Vehicle_Type,Towing_and_Articulation,Vehicle_Manoeuvre,Vehicle_Location-Restricted_Lane,Junction_Location,Skidding_and_Overturning,Hit_Object_in_Carriageway,Vehicle_Leaving_Carriageway,Hit_Object_off_Carriageway,1st_Point_of_Impact,Was_Vehicle_Left_Hand_Drive?,Journey_Purpose_of_Driver,Sex_of_Driver,Age_of_Driver,Age_Band_of_Driver,Engine_Capacity_(CC),Propulsion_Code,Age_of_Vehicle,Driver_IMD_Decile,Driver_Home_Area_Type,Vehicle_IMD_Decile
201601GD10211,2,9,0,9,0,8,0,0,0,0,1,1,6,3,-1,-1,-1,-1,-1,-1,-1,-1
201601GD10212,1,1,0,18,0,0,0,0,0,0,1,1,6,1,34,6,-1,-1,-1,3,1,3
201601GD10212,2,9,0,18,0,0,0,0,0,0,1,1,6,1,26,6,996,1,5,2,1,2
201601GD10213,1,9,0,9,0,8,0,0,0,0,1,1,6,1,46,8,1997,1,13,10,1,10
201601GD10213,2,1,0,18,0,8,0,0,0,0,1,1,6,2,33,6,-1,-1,-1,3,1,3
201601GD10215,1,3,0,18,0,8,0,0,0,0,1,1,6,1,30,6,-1,-1,-1,1,1,1
201601GD10215,2,9,0,9,0,8,0,0,0,0,3,1,6,1,-1,-1,2993,2,5,1,1,1
201601GD10216,1,9,0,18,0,1,0,0,0,0,4,1,6,1,66,10,1999,1,13,4,1,4
201601GD10217,1,8,0,5,0,2,0,0,0,0,0,1,1,1,-1,-1,1997,2,6,-1,-1,-1
201601GD10218,1,1,0,18,0,0,0,0,0,0,4,1,6,1,22,5,-1,-1,-1,3,1,3
201601GD10218,2,9,0,6,0,0,0,0,0,0,3,1,6,2,-1,-1,1242,1,8,2,1,2
201601GD10219,1,9,0,18,0,1,0,0,0,0,2,1,2,2,29,6,1689,2,14,8,3,8
201601GD10219,2,2,0,18,0,1,0,0,0,0,1,1,2,1,25,5,125,1,4,3,1,3
201601GD10220,1,9,0,6,0,8,0,0,0,0,3,1,6,1,30,6,1560,2,10,3,1,3
201601GD10220,2,1,0,13,0,8,0,0,0,0,4,1,6,1,26,6,-1,-1,-1,2,1,2
201601GD10221,1,9,0,18,0,0,0,0,0,0,1,1,6,3,-1,-1,-1,-1,-1,-1,-1,-1
201601GD10222,1,9,0,18,0,1,0,0,0,0,1,1,6,3,-1,-1,-1,-1,-1,-1,-1,-1
201601GD10224,1,8,0,18,0,1,0,7,0,0,1,1,1,1,-1,-1,-1,-1,-1,-1,-1,-1
201601GD10225,1,9,0,10,0,1,0,0,0,0,3,1,6,2,35,6,1199,1,13,4,1,4
201601GD10225,2,9,0,7,0,2,0,0,0,0,1,1,6,1,-1,-1,1389,1,17,-1,-1,-1
201601GD10226,1,4,0,18,0,0,0,0,0,0,4,1,6,1,-1,-1,249,1,3,-1,-1,-1
201601GD10226,2,9,0,6,0,0,0,0,0,0,3,1,2,1,-1,-1,2500,2,24,-1,-1,-1
201601GD10228,1,9,0,18,0,0,0,0,0,0,1,1,6,1,34,6,4293,1,12,4,1,4
201601GD10229,1,9,0,18,0,8,0,0,0,0,3,1,2,1,63,9,1339,8,4,2,1,2
201601GD10229,2,90,0,18,0,8,0,0,0,0,1,1,1,1,39,7,2148,2,9,3,1,3
201601GD10230,1,9,0,9,0,8,0,0,0,0,3,1,6,2,19,4,998,1,4,1,1,1
201601GD10230,2,9,0,18,0,8,0,0,0,0,1,1,6,2,39,7,1598,1,12,-1,-1,-1
201601GD10231,1,9,0,18,0,2,0,0,0,0,1,1,6,3,-1,-1,-1,-1,-1,-1,-1,-1
201601GD10233,1,9,0,9,0,8,0,0,0,0,4,1,6,2,25,5,1197,1,2,2,1,2
201601GD10233,2,1,0,18,0,8,0,0,0,0,1,1,2,2,54,8,-1,-1,-1,3,1,3
201601GD10235,1,9,0,7,9,2,0,10,7,0,3,1,6,1,-1,-1,1390,1,10,-1,-1,-1
201601GD10236,1,1,0,18,0,8,0,0,0,0,1,1,6,1,35,6,-1,-1,-1,3,1,3
201601GD10236,2,9,0,9,0,8,0,0,0,0,4,1,6,1,-1,-1,-1,-1,-1,-1,-1,-1
201601GD10237,1,5,0,18,0,0,0,0,0,0,1,1,2,1,30,6,749,1,2,9,1,9
201601GD10239,1,1,0,18,0,0,0,0,0,0,4,1,2,1,49,8,-1,-1,-1,6,1,6
201601GD10239,2,9,0,5,0,0,0,0,0,0,3,1,6,2,21,5,1995,2,3,8,1,8
201601GD10240,1,9,0,4,0,1,0,0,0,0,2,1,6,2,26,6,1598,1,3,4,1,4
201601GD10240,2,9,0,4,0,1,0,0,0,0,2,1,6,1,22,5,1229,1,5,4,1,4
201601GD10240,3,9,0,18,0,1,0,0,0,0,1,1,6,1,65,9,1798,1,7,5,1,5
201601GD10241,1,2,0,18,0,0,0,0,0,0,2,1,6,1,26,6,124,1,6,-1,-1,-1
201601GD10241,2,2,0,18,0,0,0,0,0,0,1,1,6,3,-1,-1,-1,-1,-1,-1,-1,-1
201601GD10242,1,9,0,13,0,1,0,0,0,0,4,1,6,1,62,9,1229,1,9,2,1,2
201601GD10242,2,1,0,18,0,1,0,0,0,0,3,1,2,2,27,6,-1,-1,-1,3,1,3
201601GD10243,1,3,0,18,0,2,0,0,0,0,1,1,6,1,24,5,125,1,4,3,1,3
201601GD10244,1,9,0,9,0,8,0,0,0,0,1,1,6,2,39,7,1587,1,10,4,1,4
201601GD10244,2,3,0,18,0,8,0,0,0,0,1,1,6,1,27,6,-1,-1,-1,2,1,2
201601GD10245,1,11,0,18,0,0,0,0,0,0,1,1,1,1,28,6,-1,-1,-1,1,1,1
201601GD10245,2,9,0,18,0,0,0,0,0,0,1,1,6,1,47,8,2435,1,10,4,1,4
201601GD10246,1,9,0,9,0,8,0,0,0,0,1,1,6,1,41,7,2401,2,9,3,1,3
201601GD10246,2,1,0,18,0,8,0,0,0,0,1,1,2,1,47,8,-1,-1,-1,-1,-1,-1
201601GD10247,1,9,0,18,0,8,0,0,0,0,3,1,6,2,36,7,1360,1,13,3,1,3
201601GD10247,2,9,0,7,0,8,0,0,0,0,3,1,6,1,20,4,-1,-1,-1,-1,-1,-1
201601GD10248,1,8,0,3,0,1,0,0,0,0,2,1,1,1,54,8,1686,2,5,2,1,2
201601GD10248,2,19,0,4,0,1,0,0,0,0,2,1,1,1,39,7,1461,2,2,2,1,2
201601GD10248,3,9,0,18,0,1,0,0,0,0,1,1,1,1,51,8,1797,8,5,3,1,3
201601GD10249,1,8,0,18,0,8,0,0,0,0,3,1,1,2,33,6,2499,2,2,1,1,1
201601GD10249,2,3,0,9,0,8,0,0,0,0,1,1,6,1,36,7,-1,-1,-1,8,1,8
201601GD10250,1,9,0,18,0,0,0,0,0,0,1,1,6,3,-1,-1,-1,-1,-1,-1,-1,-1
201601GD10250,2,1,0,18,0,0,0,0,0,0,2,1,6,1,46,8,-1,-1,-1,1,1,1
201601GD10251,1,5,0,12,0,1,0,0,0,0,3,1,6,1,37,7,800,1,1,3,1,3
201601GD10251,2,9,0,18,0,1,0,0,0,0,4,1,6,1,32,6,2993,2,11,8,1,8
201601GD10252,1,11,0,18,0,1,0,0,0,0,0,1,1,1,55,8,6700,2,5,3,1,3
201601GD10253,1,1,0,18,0,8,0,0,0,0,3,1,2,1,29,6,-1,-1,-1,2,1,2
201601GD10253,2,9,0,9,0,8,0,0,0,0,1,1,6,2,27,6,1397,1,5,4,1,4
201601GD10254,1,1,0,18,0,1,0,0,0,0,2,1,2,1,35,6,-1,-1,-1,1,1,1
201601GD10254,2,19,0,18,0,1,0,0,0,0,1,1,6,1,25,5,-1,-1,-1,-1,-1,-1
201601GD10255,1,9,0,18,0,1,0,0,0,0,1,1,6,1,65,9,1796,1,15,3,1,3
201601GD10256,1,11,0,18,0,1,0,10,2,10,4,1,1,1,29,6,4500,2,5,3,1,3
201601GD10258,1,9,0,18,0,0,0,0,0,0,1,1,6,1,84,11,1798,1,-1,3,1,3
201601GD10259,1,3,0,18,0,0,1,0,0,0,3,1,2,1,33,6,125,1,5,6,1,6
201601GD10260,1,1,0,18,0,8,0,0,0,0,3,1,2,1,41,7,-1,-1,-1,2,1,2
201601GD10260,2,9,0,7,0,8,0,0,0,0,4,1,6,3,-1,-1,-1,-1,-1,-1,-1,-1
201601GD10261,1,9,0,18,0,1,0,0,0,0,3,1,6,1,-1,-1,-1,-1,-1,-1,-1,-1
201601GD10262,1,9,0,18,0,0,0,0,0,0,3,1,6,3,-1,-1,3200,1,10,-1,-1,-1
201601GD10264,1,1,0,13,0,0,0,0,0,0,1,1,1,1,62,9,-1,-1,-1,-1,-1,-1
201601GD10264,2,9,0,13,0,0,0,0,0,0,3,1,6,2,54,8,1497,8,12,-1,-1,-1
201601GD10266,1,9,0,18,0,8,0,0,0,0,1,1,6,2,24,5,1390,1,12,-1,-1,-1
201601GD10266,2,9,0,9,0,8,0,0,0,0,4,1,6,1,28,6,2497,1,9,3,1,3
201601GD10267,1,11,0,5,0,0,0,0,0,0,0,1,1,1,64,9,4461,2,2,2,1,2
201601GD10268,1,9,0,3,0,1,0,0,0,0,2,1,6,2,34,6,2143,2,3,1,1,1
201601GD10268,2,9,0,18,0,1,0,0,0,0,1,1,6,1,-1,-1,1149,1,9,1,1,1
201601GD10268,3,9,0,3,0,1,0,0,0,0,2,1,6,1,-1,-1,1968,2,6,-1,-1,-1
201601GD10269,1,9,0,18,0,0,0,0,0,0,4,1,6,2,44,7,2143,2,1,7,1,7
201601GD10271,1,11,0,18,0,8,0,0,0,0,4,1,1,1,41,7,9360,2,6,4,1,4
201601GD10271,2,9,0,9,0,8,0,0,0,0,1,1,2,1,61,9,1798,8,1,2,1,2
201601GD10272,1,9,0,3,0,1,0,0,0,0,3,1,6,1,35,6,1339,1,11,3,1,3
201601GD10272,2,9,0,14,0,1,0,0,0,0,4,1,6,3,-1,-1,1995,2,1,-1,-1,-1
201601GD10275,1,5,0,18,0,1,2,0,0,0,1,1,6,1,53,8,-1,-1,-1,2,1,2
201601GD10275,2,9,0,15,0,8,0,0,0,0,4,1,6,1,42,7,-1,-1,-1,1,1,1
201601GD10276,1,1,0,18,0,1,0,0,0,0,1,1,6,1,-1,-1,-1,-1,-1,5,1,5
201601GD10277,1,9,0,18,0,1,0,0,0,0,1,1,1,1,28,6,1995,2,5,4,1,4
201601GD10277,2,8,0,9,0,1,0,0,0,0,3,1,1,1,-1,-1,1560,2,6,3,1,3
201601GD10278,1,9,0,1,0,5,0,0,0,0,2,1,1,1,31,6,1595,1,7,7,1,7
201601GD10278,2,1,0,18,0,8,0,0,0,0,1,1,6,2,26,6,-1,-1,-1,-1,-1,-1
201601GD10279,1,9,0,18,0,0,0,0,0,0,3,1,6,2,27,6,-1,-1,-1,8,1,8
201601GD10280,1,9,0,3,0,1,0,0,0,0,2,1,1,2,22,5,998,1,1,-1,-1,-1
201601GD10280,2,9,0,18,0,1,0,0,0,0,1,1,6,1,29,6,1598,1,14,2,1,2
201601GD10281,1,5,0,15,0,1,0,8,0,0,1,1,2,1,25,5,600,1,12,2,1,2
201601GD10281,2,9,0,3,0,1,0,0,0,0,4,1,6,3,-1,-1,-1,-1,-1,-1,-1,-1
201601GD10282,1,19,0,7,0,5,0,0,0,0,4,1,1,1,-1,-1,1399,2,10,5,1,5
201601GD10282,2,1,0,18,0,1,0,0,0,0,3,1,6,1,56,9,-1,-1,-1,1,1,1
201601GD10283,1,9,0,5,0,1,0,0,0,0,1,1,6,1,53,8,2967,2,5,3,1,3
201601GD10284,1,9,0,18,0,2,0,0,0,0,1,1,6,1,28,6,698,1,13,1,1,1
201601GD10285,1,9,0,18,0,8,0,0,0,0,4,1,6,1,41,7,1390,1,11,2,1,2
201601GD10285,2,9,0,9,0,8,0,0,0,0,1,1,6,1,27,6,2378,1,10,2,1,2
201601GD10286,1,1,0,15,0,0,0,8,0,0,1,1,2,1,29,6,-1,-1,-1,3,1,3
201601GD10286,2,9,0,3,0,0,0,0,0,0,4,1,6,3,-1,-1,1497,1,11,-1,-1,-1
201601GD10288,1,9,0,18,0,1,0,0,0,0,1,1,6,2,21,5,1598,1,12,2,1,2
201601GD10289,1,9,0,16,0,8,0,0,0,0,1,1,6,2,25,5,1242,1,4,2,1,2
201601GD10289,2,9,0,9,0,8,0,0,0,0,4,1,6,1,26,6,-1,-1,-1,3,1,3
201601GD10290,1,11,0,18,0,8,0,0,0,0,3,1,1,1,55,8,7300,2,13,1,1,1
201601GD10290,2,9,0,9,0,8,0,0,0,0,1,1,6,1,28,6,1796,1,7,3,1,3
201601GD10291,1,11,0,18,0,1,0,0,0,0,0,1,1,1,28,6,4500,2,1,1,1,1
201601GD10292,1,4,0,18,0,1,0,7,0,0,1,1,2,1,47,8,-1,-1,-1,6,1,6
201601GD10293,1,9,0,3,0,0,0,0,0,0,2,1,6,1,23,5,1686,2,1,1,1,1
201601GD10293,2,9,0,18,0,0,0,0,0,0,1,1,6,1,25,5,5461,1,4,2,1,2
201601GD10294,1,9,0,5,0,0,0,0,0,0,3,1,6,1,30,6,1794,1,10,10,1,10
201601GD10294,2,9,0,18,0,0,0,4,0,0,4,1,6,1,25,5,1149,1,7,1,1,1
201601GD10294,3,9,0,2,0,0,0,0,0,0,3,1,6,2,-1,-1,1753,2,11,1,1,1
201601GD10296,1,19,0,3,0,1,0,0,0,0,2,1,2,1,59,9,1248,2,9,4,1,4
201601GD10296,2,9,0,18,0,1,0,0,0,0,1,1,6,1,51,8,1998,1,13,1,1,1
201601GD10296,3,19,0,3,0,1,0,0,0,0,2,1,6,1,43,7,1998,2,15,1,1,1
201601GD10297,1,9,0,18,0,8,0,0,0,0,1,1,2,1,31,6,2993,2,10,3,1,3
201601GD10298,1,1,0,18,0,8,0,0,0,0,4,1,6,2,27,6,-1,-1,-1,3,1,3
201601GD10298,2,9,0,7,0,8,0,0,0,0,1,1,6,1,-1,-1,1332,1,17,-1,-1,-1
201601GD10299,1,9,0,7,0,8,0,0,0,0,3,1,6,2,30,6,1598,1,7,4,1,4
201601GD10299,2,1,0,18,0,8,0,0,0,0,1,1,6,1,37,7,-1,-1,-1,3,1,3
201601GD10300,1,1,0,18,0,8,0,0,0,0,1,1,6,1,27,6,-1,-1,-1,3,1,3
201601GD10300,2,9,0,9,0,8,0,0,0,0,4,1,6,3,-1,-1,-1,-1,-1,-1,-1,-1
201601GD10301,1,3,0,18,0,8,0,0,0,0,1,1,6,1,46,8,250,1,2,6,1,6
201601GD10301,2,9,0,9,0,8,0,0,0,0,3,1,6,1,-1,-1,1598,1,12,-1,-1,-1
201601GD10302,1,9,0,16,0,2,0,0,0,0,1,1,6,2,46,8,1794,1,13,1,1,1
201601GD10302,2,1,0,18,0,1,0,0,0,0,3,1,6,1,17,4,-1,-1,-1,3,1,3
201601GD10303,1,9,0,18,0,0,0,0,0,0,3,1,6,1,67,10,1497,1,11,3,1,3
201601GD10304,1,9,0,13,0,1,0,0,0,0,4,1,6,1,43,7,2792,1,15,3,1,3
201601GD10304,2,1,0,18,0,1,0,0,0,0,3,1,6,1,24,5,-1,-1,-1,3,1,3
201601GD10305,1,3,0,18,0,1,0,0,0,0,3,1,6,1,28,6,124,1,7,3,1,3
201601GD10306,1,11,0,18,0,0,0,0,0,0,0,1,1,1,57,9,4760,2,4,5,1,5
201601GD10307,1,9,0,18,0,8,0,0,0,0,1,1,1,1,40,7,1798,8,1,4,1,4
201601GD10308,1,9,0,3,0,1,0,0,0,0,4,1,6,2,39,7,1461,2,6,2,1,2
201601GD10308,2,9,0,15,0,1,0,0,0,0,3,1,6,3,-1,-1,1951,2,12,-1,-1,-1
201601GD10309,1,1,0,18,0,2,0,8,0,0,1,1,6,2,24,5,-1,-1,-1,-1,-1,-1
201601GD10309,2,8,0,2,0,2,0,0,0,0,3,1,6,1,45,7,-1,-1,-1,-1,-1,-1
201601GD10310,1,11,0,18,0,2,0,0,0,0,0,1,1,1,41,7,6692,2,3,1,1,1
201601GD10311,1,11,0,4,0,1,0,0,0,0,4,1,1,2,-1,-1,-1,-1,-1,-1,-1,-1
201601GD10312,1,11,0,18,0,1,0,0,0,0,0,1,1,1,57,9,9360,2,6,3,1,3
201601GD10312,2,19,0,7,0,5,0,0,0,0,0,1,6,3,-1,-1,-1,-1,-1,-1,-1,-1
201601GD10313,1,11,0,7,0,8,0,0,0,0,4,1,1,1,61,9,4500,2,9,2,1,2
201601GD10313,2,5,0,15,0,8,0,0,0,0,3,1,6,1,38,7,-1,-1,-1,3,1,3
201601GD10314,1,11,0,4,0,1,0,0,0,0,0,1,1,1,55,8,-1,-1,-1,7,1,7
201601GD10315,1,1,0,18,0,0,0,0,0,0,3,1,6,2,34,6,-1,-1,-1,3,1,3
201601GD10315,2,19,0,18,0,0,0,0,0,0,3,1,6,3,-1,-1,-1,-1,-1,-1,-1,-1
201601GD10316,1,11,0,18,2,2,0,0,0,0,0,1,1,1,54,8,6692,2,3,3,1,3
201601GD10316,2,19,0,11,2,2,0,0,0,0,0,1,6,3,-1,-1,-1,-1,-1,-1,-1,-1
201601GD10317,1,3,0,18,0,8,0,0,0,0,1,1,2,1,23,5,125,1,2,2,1,2
201601GD10317,2,9,0,9,0,8,0,0,0,0,1,1,6,1,-1,-1,1997,2,4,-1,-1,-1
201601GD10318,1,11,0,5,0,1,0,0,0,0,0,1,1,1,59,9,4500,2,2,-1,-1,-1
201601GD10319,1,9,0,18,0,8,0,0,0,0,3,1,2,1,47,8,-1,-1,-1,2,1,2
201601GD10319,2,1,0,18,0,8,0,0,0,0,1,1,6,1,25,5,-1,-1,-1,3,1,3
201601GD10321,1,9,0,18,0,8,0,0,0,0,4,1,6,2,29,6,1242,1,11,2,1,2
201601GD10321,2,3,0,18,0,8,0,0,0,0,1,1,6,1,23,5,125,1,5,2,1,2
201601GD10322,1,3,0,18,0,0,0,0,0,0,1,1,6,1,35,6,125,1,4,2,1,2
201601GD10322,2,8,0,6,0,0,0,0,0,0,3,1,6,1,34,6,1797,8,6,4,1,4
201601GD10323,1,19,0,9,0,8,0,0,0,0,1,1,1,1,43,7,1461,2,1,3,1,3
201601GD10323,2,1,0,15,0,8,0,0,0,0,1,1,6,1,35,6,-1,-1,-1,2,1,2
201601GD10324,1,8,0,17,0,1,0,0,0,0,1,1,6,1,58,9,1997,2,8,2,1,2
201601GD10325,1,9,0,7,0,1,0,0,0,0,3,1,6,1,39,7,2204,2,9,2,1,2
201601GD10325,2,1,0,18,0,1,0,0,0,0,1,1,6,2,39,7,-1,-1,-1,2,1,2
201601GD10328,1,1,0,3,0,2,0,0,0,0,2,1,6,1,35,6,-1,-1,-1,2,1,2
201601GD10328,2,9,0,5,0,2,0,0,0,0,1,1,6,2,-1,-1,1596,1,3,-1,-1,-1
201601GD10329,1,1,0,3,0,1,0,0,0,0,2,1,6,1,38,7,-1,-1,-1,2,1,2
201601GD10329,2,19,0,5,0,1,0,0,0,0,1,1,6,1,-1,-1,-1,-1,-1,-1,-1,-1
201601GD10330,1,9,0,9,0,8,1,0,0,0,4,1,6,1,26,6,1590,1,13,1,1,1
201601GD10330,2,9,0,2,0,1,0,0,0,0,3,1,6,1,-1,-1,1598,1,11,3,1,3
201601GD10330,3,9,0,2,0,1,0,0,0,0,3,1,6,1,-1,-1,1997,2,6,3,1,3
201601GD10330,4,9,0,2,0,1,0,0,0,0,0,1,6,1,-1,-1,-1,-1,-1,3,1,3
201601GD10331,1,9,0,7,0,0,0,0,0,0,1,1,6,3,-1,-1,-1,-1,-1,-1,-1,-1
201601GD10331,2,1,0,18,0,0,0,0,0,0,1,1,6,2,23,5,-1,-1,-1,3,1,3
201601GD10332,1,9,0,9,0,2,0,0,0,0,1,1,6,1,-1,-1,-1,-1,-1,-1,-1,-1
201601GD10333,1,3,0,18,0,0,0,0,0,0,3,1,1,1,36,7,125,1,1,4,1,4
201601GD10334,1,3,0,14,0,0,0,0,0,0,4,1,1,1,28,6,125,1,13,2,1,2
201601GD10334,2,8,0,5,0,0,0,0,0,0,3,1,1,1,31,6,1797,8,6,6,1,6
201601GD10335,1,9,0,18,0,0,0,0,0,0,4,1,6,3,-1,-1,-1,-1,-1,-1,-1,-1
201601GD10336,1,11,0,5,0,1,0,0,0,0,0,1,1,1,45,7,6692,2,3,2,1,2
201601GD10337,1,9,0,3,0,1,0,0,0,0,2,1,6,2,22,5,1995,2,6,2,1,2
201601GD10337,2,9,0,4,0,1,0,0,0,0,1,1,6,1,-1,-1,-1,-1,-1,-1,-1,-1
201601GD10339,1,9,0,18,0,0,0,0,0,0,1,1,6,1,49,8,1781,1,11,3,1,3
201601GD10339,2,8,0,4,0,0,0,0,0,0,2,1,1,1,44,7,1798,8,4,5,1,5
201601GD10340,1,11,0,5,0,8,0,0,0,0,1,1,1,1,44,7,4461,2,2,3,1,3
201601GD10340,2,9,0,5,0,8,0,0,0,0,2,1,6,1,54,8,1790,8,4,2,1,2
201601GD10341,1,9,0,17,0,1,0,0,0,0,1,1,6,1,31,6,2143,2,-1,2,1,2
201601GD10342,1,3,0,15,0,8,0,0,0,0,1,1,6,1,35,6,649,1,6,4,1,4
201601GD10342,2,9,0,9,0,8,0,0,0,0,3,1,6,1,54,8,1396,1,16,1,1,1
201601GD10344,1,9,0,18,0,0,0,0,0,0,1,1,6,2,37,7,1296,1,8,2,1,2
201601GD10345,1,9,0,5,0,8,0,0,0,0,3,1,6,2,25,5,-1,-1,-1,2,1,2
201601GD10345,2,4,0,18,0,8,0,0,0,0,1,1,6,1,23,5,-1,-1,-1,1,1,1
201601GD10346,1,8,0,18,0,2,0,0,0,0,3,1,1,1,39,7,1968,2,6,3,1,3
201601GD10349,1,9,0,18,0,8,0,0,0,0,4,1,2,1,49,8,-1,-1,-1,2,1,2
201601GD10349,2,9,0,18,0,8,0,0,0,0,1,1,6,1,-1,-1,1598,1,2,2,1,2
201601GD10352,1,3,0,7,0,8,0,0,0,0,3,1,6,1,-1,-1,-1,-1,-1,-1,-1,-1
201601GD10352,2,1,0,18,0,8,0,0,0,0,1,1,6,1,32,6,-1,-1,-1,3,1,3
201601GD10353,1,8,0,5,0,1,0,0,0,0,4,1,6,1,43,7,1798,8,2,3,1,3
201601GD10353,2,1,0,5,0,1,0,0,0,0,3,1,6,2,29,6,-1,-1,-1,2,1,2
201601GD10354,1,1,0,18,0,0,0,0,0,0,2,1,6,1,28,6,-1,-1,-1,2,1,2
201601GD10354,2,9,0,18,0,0,0,0,0,0,1,1,6,2,-1,-1,-1,-1,-1,-1,-1,-1
201601GD10357,1,2,0,18,0,1,0,0,0,0,3,1,1,1,37,7,49,1,15,3,1,3
201601GD10357,2,9,0,11,0,1,0,0,0,0,4,1,6,1,-1,-1,-1,-1,-1,-1,-1,-1
201601GD10358,1,1,0,18,0,8,0,0,0,0,1,1,6,1,46,8,-1,-1,-1,5,1,5
201601GD10358,2,9,0,9,0,8,0,0,0,0,4,1,6,3,-1,-1,1596,1,14,-1,-1,-1
201601GD10359,1,3,0,18,0,1,0,0,0,0,1,1,6,1,27,6,108,1,7,6,1,6
201601GD10359,2,9,0,9,0,2,0,0,0,0,3,1,6,2,39,7,999,1,5,2,1,2
201601GD10360,1,9,0,3,0,1,0,0,0,0,2,1,6,1,33,6,2969,2,8,7,1,7
201601GD10360,2,9,0,18,0,1,0,0,0,0,1,1,6,1,-1,-1,1360,1,16,-1,-1,-1
201601GD10361,1,9,0,14,0,0,0,0,0,0,4,1,6,1,57,9,2354,1,12,2,1,2
201601GD10362,1,3,0,18,0,0,0,0,0,0,3,1,6,1,21,5,114,1,2,-1,-1,-1
201601GD10363,1,8,0,4,0,1,0,0,0,0,2,1,1,1,34,6,1598,2,5,5,1,5
201601GD10363,2,90,0,4,0,1,0,0,0,0,1,1,1,1,24,5,-1,2,13,3,1,3
201601GD10364,1,5,0,3,0,1,0,0,0,0,2,1,2,1,56,9,689,1,2,7,1,7
201601GD10364,2,9,0,4,0,1,0,0,0,0,1,1,2,1,26,6,-1,-1,-1,8,1,8
201601GD10365,1,8,0,3,0,0,0,0,0,0,3,1,1,1,57,9,1910,2,6,3,1,3
201601GD10365,2,11,0,14,0,0,0,8,0,0,4,1,1,1,-1,-1,8268,2,13,-1,-1,-1
201601GD10366,1,4,0,18,0,1,1,4,0,0,3,1,1,2,25,5,125,1,2,4,1,4
201601GD10366,2,9,0,2,0,1,0,0,0,0,3,1,6,2,23,5,998,1,15,4,1,4
201601GD10367,1,9,0,2,0,2,0,0,0,0,3,1,6,1,39,7,1242,1,2,-1,-1,-1
201601GD10367,2,1,0,18,0,2,0,8,0,0,1,1,6,1,48,8,-1,-1,-1,3,1,3
201601GD10368,1,9,0,18,0,8,0,0,0,0,3,1,6,2,25,5,1461,2,6,4,1,4
201601GD10368,2,9,0,18,0,8,0,0,0,0,1,1,6,3,-1,-1,-1,-1,-1,-1,-1,-1
201601GD10369,1,9,0,18,0,8,0,0,0,0,1,1,6,1,20,4,1596,1,6,2,1,2
201601GD10369,2,1,0,18,0,8,0,0,0,0,4,1,6,2,32,6,-1,-1,-1,1,1,1
201601GD10370,1,19,0,9,0,8,0,0,0,0,3,1,2,1,20,4,2148,2,9,2,1,2
201601GD10370,2,1,0,18,0,8,0,0,0,0,1,1,2,1,28,6,-1,-1,-1,3,1,3
201601GD10371,1,9,0,9,0,8,0,0,0,0,1,1,6,1,50,8,5998,1,12,3,1,3
201601GD10371,2,2,0,9,0,8,0,0,0,0,4,1,1,1,29,6,-1,-1,-1,3,1,3
201601GD10372,1,9,0,18,0,1,0,0,0,0,4,1,6,2,29,6,1390,1,7,1,1,1
201601GD10374,1,9,0,18,0,2,0,0,0,0,1,1,6,1,48,8,1598,1,13,4,1,4
201601GD10374,2,2,0,18,0,2,0,0,0,0,2,1,6,1,-1,-1,125,1,8,2,1,2
201601GD10375,1,3,0,18,0,8,0,0,0,0,1,1,6,1,25,5,124,1,5,2,1,2
201601GD10375,2,11,0,18,0,8,0,0,0,0,4,1,1,1,50,8,-1,-1,-1,-1,-1,-1
201601GD10376,1,9,0,18,0,8,0,0,0,0,4,1,6,1,47,8,1598,1,1,1,1,1
201601GD10376,2,1,0,18,0,8,0,0,0,0,1,1,6,1,58,9,-1,-1,-1,3,1,3
201601GD10377,1,11,0,18,0,0,0,0,0,0,4,1,1,1,54,8,4500,2,1,4,1,4
201601GD10377,2,1,0,9,0,0,0,0,0,0,3,1,6,2,26,6,-1,-1,-1,3,1,3
201601GD10378,1,11,0,3,0,1,0,0,0,0,0,1,1,1,35,6,4500,2,1,1,1,1
201601GD10379,1,9,0,9,0,8,0,0,0,0,3,1,6,1,33,6,2204,2,9,6,1,6
201601GD10379,2,1,0,18,0,8,0,0,0,0,1,1,6,1,43,7,-1,-1,-1,2,1,2
201601GD10380,1,9,0,18,0,1,0,0,0,0,1,1,1,1,35,6,1248,2,3,5,1,5
201601GD10381,1,5,0,5,0,2,0,0,0,0,1,1,6,1,32,6,599,1,18,4,1,4
201601GD10382,1,9,0,18,0,2,0,0,0,0,1,1,6,1,56,9,1995,1,10,2,1,2
201601GD10384,1,1,0,18,0,8,0,0,0,0,1,1,2,1,60,9,-1,-1,-1,2,1,2
201601GD10384,2,3,0,9,0,8,0,0,0,0,4,1,6,3,-1,-1,-1,-1,-1,-1,-1,-1
201601GD10385,1,9,0,1,0,0,0,0,0,0,2,1,6,1,51,8,2362,1,15,2,1,2
201601GD10386,1,9,0,18,0,0,0,0,0,0,1,1,6,2,26,6,2231,2,1,4,1,4
201601GD10387,1,1,0,18,0,2,0,0,0,0,3,1,6,1,26,6,-1,-1,-1,3,1,3
201601GD10387,2,3,0,13,0,2,0,0,0,0,4,1,6,3,-1,-1,-1,-1,-1,-1,-1,-1
201601GD10388,1,3,0,18,0,0,0,0,0,0,3,1,2,1,40,7,-1,-1,-1,1,1,1
201601GD10388,2,19,0,13,0,0,0,0,0,0,4,1,6,1,-1,-1,-1,-1,-1,-1,-1,-1
201601GD10389,1,9,0,18,0,2,0,0,0,0,4,1,6,1,38,7,2362,1,13,-1,-1,-1
201601GD10390,1,1,0,18,2,1,0,0,0,0,1,1,1,1,37,7,-1,-1,-1,3,1,3
201601GD10390,2,9,0,9,0,1,0,0,0,0,4,1,6,1,24,5,1995,1,7,9,3,9
201601GD10391,1,9,0,6,0,0,0,0,0,0,3,1,6,1,27,6,1388,1,4,6,1,6
201601GD10391,2,1,0,18,0,0,0,0,0,0,1,1,2,1,28,6,-1,-1,-1,4,1,4
201601GD10392,1,1,0,18,0,2,0,0,0,0,1,1,6,1,-1,-1,-1,-1,-1,-1,-1,-1