Accident_Index,Vehicle_Reference,Vehicle_Type,Towing_and_Articulation,Vehicle_Manoeuvre,Vehicle_Location-Restricted_Lane,Junction_Location,Skidding_and_Overturning,Hit_Object_in_Carriageway,Vehicle_Leaving_Carriageway,Hit_Object_off_Carriageway,1st_Point_of_Impact,Was_Vehicle_Left_Hand_Drive?,Journey_Purpose_of_Driver,Sex_of_Driver,Age_of_Driver,Age_Band_of_Driver,Engine_Capacity_(CC),Propulsion_Code,Age_of_Vehicle,Driver_IMD_Decile,Driver_Home_Area_Type,Vehicle_IMD_Decile
201601GD10393,1,9,0,1,0,2,0,0,0,0,2,1,6,1,26,6,-1,-1,-1,-1,-1,-1
201601GD10394,1,9,0,12,0,0,0,0,0,0,3,1,1,2,21,5,-1,-1,-1,2,1,2
201601GD10394,2,2,0,14,0,0,0,0,0,0,1,1,6,1,25,5,125,1,2,2,1,2
201601GD10395,1,19,0,18,0,0,0,0,0,0,2,1,6,1,38,7,2143,2,4,2,1,2
201601GD10395,2,9,0,18,0,0,0,0,0,0,1,1,6,1,65,9,1973,1,17,-1,-1,-1
201601GD10396,1,9,0,18,0,1,0,0,0,0,3,1,6,2,23,5,1461,2,5,2,1,2
201601GD10396,2,9,0,11,0,1,0,0,0,0,4,1,6,3,-1,-1,-1,-1,-1,-1,-1,-1
201601GD10397,1,1,0,9,0,8,0,0,0,0,2,1,6,1,28,6,-1,-1,-1,2,1,2
201601GD10397,2,2,0,18,0,8,0,0,0,0,1,1,6,3,-1,-1,-1,-1,-1,-1,-1,-1
201601GD10398,1,9,0,5,0,8,0,0,0,0,1,2,6,1,37,7,-1,-1,-1,-1,-1,-1
201601GD10398,2,1,0,18,0,8,0,0,0,0,4,1,6,2,32,6,-1,-1,-1,5,1,5
201601GD10399,1,11,0,18,2,1,0,0,0,0,3,1,1,1,54,8,6692,2,3,3,1,3
201601GD10399,2,9,0,7,0,5,0,0,0,0,4,1,6,1,21,5,998,1,-1,10,2,10
201601GD10400,1,9,0,18,0,1,0,0,0,0,1,1,6,1,52,8,998,1,15,1,1,1
201601GD10400,2,9,0,4,0,1,0,0,0,0,2,1,6,1,44,7,-1,-1,-1,2,1,2
201601GD10401,1,1,0,18,9,1,0,0,0,0,0,1,6,1,14,3,-1,-1,-1,2,1,2
201601GD10402,1,1,0,18,0,8,0,0,0,0,1,1,1,1,30,6,-1,-1,-1,-1,-1,-1
201601GD10402,2,19,0,7,0,8,0,0,0,0,4,1,6,3,-1,-1,-1,-1,-1,-1,-1,-1
201601GD10403,1,3,0,18,0,0,0,0,0,0,1,1,2,1,25,5,125,1,3,2,1,2
201601GD10403,2,9,0,4,0,0,0,0,0,0,2,1,6,1,27,6,-1,-1,-1,2,1,2
201601GD10405,1,1,0,18,0,0,0,0,0,0,4,1,2,1,32,6,-1,-1,-1,3,1,3
201601GD10405,2,9,0,5,0,0,0,0,0,0,3,1,6,1,-1,-1,1796,1,8,-1,-1,-1
201601GD10407,1,9,0,18,0,1,0,0,0,0,4,1,2,2,51,8,2499,1,10,2,1,2
201601GD10408,1,8,0,18,0,1,0,0,0,0,3,1,1,1,-1,-1,1798,8,1,4,1,4
201601GD10409,1,9,0,18,0,8,0,0,0,0,4,1,6,1,19,4,1596,1,9,2,1,2
201601GD10409,2,9,0,1,0,8,0,0,0,0,2,1,6,1,-1,-1,1339,1,1,-1,-1,-1
201601GD10411,1,4,0,18,0,0,0,0,0,0,1,1,6,1,25,5,125,1,6,3,1,3
201601GD10412,1,9,0,2,0,0,0,0,0,0,2,1,3,2,49,8,1498,1,1,3,1,3
201601GD10412,2,20,0,1,0,0,0,0,0,0,2,1,1,1,-1,-1,-1,-1,-1,-1,-1,-1
201601GD10413,1,9,0,4,0,0,0,0,0,0,1,1,1,1,39,7,1951,2,13,2,1,2
201601GD10413,2,1,0,18,0,0,0,0,0,0,3,1,6,1,50,8,-1,-1,-1,-1,-1,-1
201601GD10414,1,9,0,17,0,1,0,0,0,0,4,1,6,1,-1,-1,-1,-1,-1,-1,-1,-1
201601GD10415,1,9,0,9,0,8,0,0,0,0,4,1,1,1,22,5,1596,1,1,3,1,3
201601GD10415,2,9,0,18,0,8,0,0,0,0,1,1,6,2,51,8,1798,1,9,2,1,2
201601GD10416,1,11,0,5,0,8,0,0,0,0,1,1,1,1,-1,-1,6692,2,3,1,1,1
201601GD10416,2,9,0,9,0,8,0,0,0,0,4,1,6,3,-1,-1,-1,-1,-1,-1,-1,-1
201601GD10417,1,1,0,18,0,8,0,0,0,0,0,1,2,2,25,5,-1,-1,-1,3,1,3
201601GD10417,2,9,0,7,0,8,0,0,0,0,0,1,6,1,-1,-1,-1,-1,-1,-1,-1,-1
201601GD10418,1,9,0,7,0,8,0,0,0,0,4,1,1,1,26,6,1997,2,6,5,1,5
201601GD10418,2,1,0,18,0,8,0,0,0,0,3,1,6,1,39,7,-1,-1,-1,2,1,2
201601GD10420,1,19,0,4,0,1,0,0,0,0,1,1,1,1,52,8,1461,2,1,3,1,3
201601GD10420,2,9,0,3,0,1,0,0,0,0,2,1,2,2,34,6,-1,-1,-1,5,1,5
201601GD10421,1,3,0,18,0,8,0,0,0,0,4,1,6,1,17,4,125,1,13,2,1,2
201601GD10421,2,9,0,9,0,8,0,0,0,0,1,1,1,1,39,7,1339,8,7,4,1,4
201601GD10422,1,3,0,13,0,8,0,0,0,0,4,1,6,1,27,6,108,1,2,2,1,2
201601GD10422,2,1,0,9,0,8,0,0,0,0,3,1,6,2,35,6,-1,-1,-1,-1,-1,-1
201601GD10423,1,11,0,5,2,1,0,0,0,0,0,1,1,2,52,8,-1,-1,-1,1,1,1
201601GD10424,1,9,0,18,0,1,0,0,0,0,1,1,6,3,-1,-1,1596,1,3,-1,-1,-1
201601GD10425,1,1,0,18,0,0,0,8,0,0,1,1,2,1,32,6,-1,-1,-1,3,1,3
201601GD10425,2,9,0,2,0,0,0,0,0,0,3,1,6,1,35,6,1791,8,5,-1,-1,-1
201601GD10426,1,19,0,7,0,5,0,0,0,0,4,1,1,1,59,9,1995,2,7,2,1,2
201601GD10426,2,1,0,18,0,1,0,0,0,0,3,1,6,1,53,8,-1,-1,-1,2,1,2
201601GD10427,1,11,0,16,0,2,0,0,0,0,0,1,1,1,39,7,4760,2,5,1,1,1
201601GD10428,1,9,0,7,0,2,0,0,0,0,1,1,6,2,42,7,1896,2,9,3,1,3
201601GD10428,2,1,0,5,0,2,0,0,0,0,2,1,6,2,32,6,-1,-1,-1,2,1,2
201601GD10429,1,1,0,14,0,2,0,0,0,0,1,1,2,1,49,8,-1,-1,-1,3,1,3
201601GD10430,1,9,0,18,0,2,0,0,0,0,1,1,6,2,30,6,1956,2,3,3,1,3
201601GD10431,1,9,0,10,0,1,0,0,0,0,2,1,6,2,21,5,1461,2,2,2,1,2
201601GD10431,2,9,0,18,0,1,0,0,0,0,1,1,6,1,46,8,2143,2,6,2,1,2
201601GD10432,1,1,0,10,0,1,0,0,0,0,2,1,2,1,49,8,-1,-1,-1,4,1,4
201601GD10432,2,9,0,18,0,1,0,0,0,0,1,1,2,2,45,7,1368,1,9,1,1,1
201601GD10433,1,9,0,18,0,8,0,10,1,2,4,1,6,1,18,4,1596,1,8,2,1,2
201601GD10433,2,9,0,9,0,8,0,0,0,0,1,1,6,1,-1,-1,1595,1,2,-1,-1,-1
201601GD10434,1,5,0,18,0,8,0,0,0,0,1,1,1,1,26,6,649,1,8,3,1,3
201601GD10434,2,9,0,9,0,8,0,0,0,0,3,1,2,2,37,7,1596,1,6,6,1,6
201601GD10435,1,9,0,18,0,1,0,0,0,0,2,1,1,1,42,7,1798,8,1,3,1,3
201601GD10435,2,9,0,18,0,1,0,0,0,0,2,1,6,1,39,7,-1,-1,-1,3,1,3
201601GD10435,3,9,0,18,0,1,0,0,0,0,2,1,6,1,21,5,1598,1,14,3,1,3
201601GD10435,4,9,0,18,0,1,0,0,0,0,1,1,2,1,63,9,2987,2,6,1,1,1
201601GD10436,1,3,0,18,0,0,0,0,0,0,4,1,6,1,22,5,-1,-1,-1,2,1,2
201601GD10436,2,9,0,5,0,0,0,0,0,0,3,1,6,1,29,6,1997,2,2,4,1,4
201601GD10437,1,3,0,9,0,8,0,0,0,0,3,1,2,1,18,4,124,1,5,4,1,4
201601GD10437,2,5,0,14,0,8,0,0,0,0,1,1,2,1,34,6,998,1,6,1,1,1
201601GD10438,1,9,0,18,0,1,0,10,6,6,1,1,6,1,26,6,1796,1,11,2,1,2
201601GD10438,2,3,0,18,0,2,0,0,0,0,1,1,6,1,19,4,125,1,2,3,1,3
201601GD10439,1,9,0,3,0,0,0,0,0,0,2,1,6,1,50,8,-1,-1,-1,3,1,3
201601GD10439,2,9,0,18,0,0,0,0,0,0,1,1,6,3,-1,-1,-1,-1,-1,-1,-1,-1
201601GD10440,1,9,0,5,0,1,0,0,0,0,3,1,6,1,-1,-1,1396,1,4,-1,-1,-1
201601GD10441,1,5,0,5,0,1,0,0,0,0,1,1,6,1,-1,-1,125,1,6,-1,-1,-1
201601GD10442,1,9,0,18,0,0,0,0,0,0,3,1,6,2,44,7,2231,2,9,2,1,2
201601GD10442,2,9,0,13,0,0,0,0,0,0,4,1,6,3,-1,-1,1349,1,13,-1,-1,-1
201601GD10444,1,21,0,4,0,0,0,0,0,0,2,1,1,1,29,6,11705,2,7,3,1,3
201601GD10444,2,1,0,18,0,0,0,0,0,0,1,1,2,1,42,7,-1,-1,-1,-1,-1,-1
201601GD10446,1,1,0,18,2,0,0,0,0,0,4,1,2,1,39,7,-1,-1,-1,9,3,9
201601GD10446,2,9,0,13,0,0,0,0,0,0,3,1,6,3,-1,-1,-1,-1,-1,-1,-1,-1
201601GD10447,1,3,0,18,0,1,0,0,0,0,4,1,6,1,31,6,124,1,9,5,1,5
201601GD10447,2,9,0,18,0,1,0,0,0,0,3,1,6,1,39,7,1242,1,9,3,1,3
201601GD10448,1,1,0,18,0,8,0,0,0,0,1,1,6,1,37,7,-1,-1,-1,3,1,3
201601GD10448,2,9,0,5,0,8,0,0,0,0,1,1,6,3,-1,-1,1399,2,6,-1,-1,-1
201601GD10449,1,9,0,3,0,1,0,0,0,0,3,1,2,2,38,7,1364,1,8,2,1,2
201601GD10449,2,9,0,14,0,1,0,0,0,0,1,1,6,3,-1,-1,-1,-1,-1,-1,-1,-1
201601GD10450,1,9,0,18,0,1,0,0,0,0,1,1,6,3,-1,-1,-1,-1,-1,-1,-1,-1
201601GD10451,1,1,0,10,0,5,0,0,0,0,2,1,6,2,43,7,-1,-1,-1,2,1,2
201601GD10451,2,9,0,18,0,1,0,0,0,0,1,1,6,3,-1,-1,-1,-1,-1,-1,-1,-1
201601GD10452,1,19,0,18,0,8,0,0,0,0,3,1,6,1,50,8,2179,2,10,3,1,3
201601GD10452,2,9,0,9,0,5,0,0,0,0,1,1,6,1,-1,-1,1796,1,8,-1,-1,-1
201601GD10453,1,90,0,12,0,1,0,0,0,0,1,1,6,3,-1,-1,-1,-1,-1,-1,-1,-1
201601GD10453,2,1,0,9,0,1,0,0,0,0,3,1,6,1,20,4,-1,-1,-1,1,1,1
201601GD10455,1,9,0,9,0,8,0,10,0,0,3,1,2,3,-1,-1,-1,-1,-1,-1,-1,-1
201601GD10455,2,9,0,18,0,8,1,0,0,0,1,1,6,1,53,8,2967,2,6,5,1,5
201601GD10455,3,19,0,3,0,1,0,0,0,0,3,1,1,1,62,9,2402,2,5,4,1,4
201601GD10456,1,9,0,18,0,8,0,0,0,0,1,1,6,2,29,6,1598,1,10,2,1,2
201601GD10456,2,9,0,18,0,8,0,0,0,0,3,1,6,1,22,5,1299,1,12,-1,-1,-1
201601GD10457,1,9,0,9,0,8,0,0,0,0,1,1,6,1,34,6,-1,-1,-1,1,1,1
201601GD10457,2,1,0,18,0,8,0,0,0,0,1,1,6,1,31,6,-1,-1,-1,1,1,1
201601GD10458,1,9,0,18,0,8,0,0,0,0,4,1,6,1,24,5,2143,2,5,3,1,3
201601GD10458,2,9,0,9,0,8,0,0,0,0,3,1,6,2,49,8,-1,-1,-1,3,1,3
201601GD10459,1,9,0,3,0,1,0,0,0,0,2,1,6,1,47,8,-1,-1,-1,6,1,6
201601GD10459,2,9,0,4,0,1,0,0,0,0,1,1,6,2,-1,-1,1600,1,4,-1,-1,-1
201601GD10460,1,8,0,6,0,0,0,0,0,0,1,1,1,1,30,6,1797,8,6,1,1,1
201601GD10460,2,8,0,18,0,0,0,4,0,0,1,1,6,1,27,6,1339,8,7,1,1,1
201601GD10460,3,9,0,2,0,0,0,0,0,0,4,1,6,3,-1,-1,-1,-1,-1,-1,-1,-1
201601GD10461,1,1,0,15,0,1,0,0,0,0,1,1,6,1,45,7,-1,-1,-1,3,1,3
201601GD10461,2,9,0,5,0,1,0,0,0,0,3,1,1,1,24,5,1956,2,3,5,3,5
201601GD10462,1,1,0,3,0,1,0,0,0,0,2,1,6,1,52,8,-1,-1,-1,-1,-1,-1
201601GD10462,2,9,0,18,0,1,0,0,0,0,1,1,6,3,-1,-1,-1,-1,-1,-1,-1,-1
201601GD10463,1,9,0,9,0,2,0,0,0,0,1,1,6,2,45,7,1999,1,6,2,1,2
201601GD10463,2,1,0,3,0,1,0,0,0,0,1,1,6,2,39,7,-1,-1,-1,2,1,2
201601GD10464,1,9,0,3,0,1,0,0,0,0,2,1,6,1,39,7,999,1,1,2,1,2
201601GD10464,2,9,0,18,0,1,0,0,0,0,1,1,6,2,37,7,1896,2,7,3,1,3
201601GD10464,3,9,0,3,0,1,0,0,0,0,2,1,6,1,-1,-1,1896,2,11,2,1,2
201601GD10465,1,20,0,5,0,1,0,0,0,0,4,1,1,1,53,8,-1,-1,-1,5,1,5
201601GD10465,2,1,0,3,0,1,0,0,0,0,3,1,6,1,31,6,-1,-1,-1,2,1,2
201601GD10466,1,21,0,7,0,8,0,0,0,0,3,1,1,1,44,7,-1,-1,-1,3,1,3
201601GD10466,2,1,0,18,0,8,0,0,0,0,4,1,2,1,51,8,-1,-1,-1,-1,-1,-1
201601GD10467,1,1,0,9,0,2,0,0,0,0,1,1,6,1,-1,-1,-1,-1,-1,-1,-1,-1
201601GD10468,1,9,0,18,0,8,1,4,0,0,3,1,6,2,23,5,1995,2,1,2,1,2
201601GD10468,2,9,0,7,0,8,0,0,0,0,1,1,6,2,48,8,1997,2,2,3,1,3
201601GD10468,3,9,0,2,0,2,0,0,0,0,3,1,6,1,-1,-1,2979,1,12,2,1,2
201601GD10470,1,3,0,13,0,0,0,0,0,0,1,1,6,1,22,5,124,1,2,2,1,2
201601GD10470,2,19,0,6,0,0,0,0,0,0,3,1,6,1,57,9,1248,2,1,1,1,1
201601GD10471,1,9,0,8,0,1,0,0,0,0,2,1,6,1,28,6,1149,1,1,5,1,5
201601GD10471,2,9,0,18,0,1,0,0,0,0,1,1,6,3,-1,-1,-1,-1,-1,-1,-1,-1
201601GD10473,1,4,0,18,0,0,0,0,0,0,1,1,2,1,27,6,125,1,4,2,1,2
201601GD10473,2,9,0,9,0,0,0,0,0,0,3,1,2,2,48,8,1461,2,12,3,1,3
201601GD10474,1,9,0,4,0,1,0,0,0,0,4,1,1,1,39,7,1997,2,6,3,1,3
201601GD10474,2,1,0,18,0,1,0,0,0,0,1,1,6,2,32,6,-1,-1,-1,1,1,1
201601GD10475,1,11,0,18,0,1,0,0,0,0,4,1,1,1,39,7,4500,2,-1,4,1,4
201601GD10476,1,1,0,18,0,8,0,0,0,0,4,1,6,2,24,5,-1,-1,-1,3,1,3
201601GD10476,2,9,0,5,0,8,0,0,0,0,1,1,1,1,43,7,1560,2,3,3,1,3
201601GD10477,1,9,0,18,0,1,0,0,0,0,1,1,6,3,-1,-1,-1,-1,-1,-1,-1,-1
201601GD10479,1,3,0,4,0,8,1,0,0,0,4,1,1,1,22,5,49,1,9,1,1,1
201601GD10479,2,11,0,9,0,8,0,0,0,0,4,1,1,3,-1,-1,-1,-1,-1,-1,-1,-1
201601GD10480,1,1,0,18,0,8,0,0,0,0,4,1,6,1,30,6,-1,-1,-1,2,1,2
201601GD10480,2,9,0,18,0,8,0,0,0,0,1,1,6,3,-1,-1,-1,-1,-1,-1,-1,-1
201601GD10481,1,9,0,18,0,2,0,0,0,0,1,1,6,1,44,7,-1,-1,-1,6,1,6
201601GD10481,2,8,0,4,0,2,0,0,0,0,2,1,1,1,59,9,-1,-1,-1,-1,-1,-1
201601GD10483,1,1,0,9,0,8,0,0,0,0,2,1,6,1,59,9,-1,-1,-1,-1,-1,-1
201601GD10483,2,9,0,18,0,8,0,0,0,0,1,1,6,1,30,6,-1,-1,-1,-1,-1,-1
201601GD10484,1,9,0,18,0,1,0,0,0,0,4,1,6,1,42,7,1461,2,-1,2,1,2
201601GD10484,2,1,0,18,0,1,0,0,0,0,3,1,6,1,13,3,-1,-1,-1,2,1,2
201601GD10486,1,3,0,18,0,8,0,0,0,0,1,1,1,1,45,7,125,1,1,2,1,2
201601GD10486,2,9,0,7,0,8,0,0,0,0,4,1,6,3,-1,-1,-1,-1,-1,-1,-1,-1
201601GD10487,1,9,0,18,0,0,0,0,0,0,4,1,1,1,25,5,1242,1,7,2,1,2
201601GD10487,2,9,0,6,0,0,0,0,0,0,3,1,6,1,46,8,1798,8,2,2,1,2
201601GD10489,1,11,0,4,2,1,0,0,0,0,0,1,1,1,53,8,9000,2,9,5,1,5
201601GD10490,1,9,0,3,0,1,0,0,0,0,2,1,1,1,28,6,-1,-1,-1,10,1,10
201601GD10490,2,9,0,18,0,1,0,0,0,0,1,1,6,1,-1,-1,1997,2,1,-1,-1,-1
201601GD10490,3,9,0,3,0,1,0,0,0,0,2,1,6,3,-1,-1,-1,-1,-1,-1,-1,-1
201601GD10491,1,8,0,3,0,1,0,0,0,0,2,1,1,1,47,8,1686,2,3,2,1,2
201601GD10491,2,9,0,18,0,1,0,0,0,0,1,1,6,3,-1,-1,-1,-1,-1,-1,-1,-1
201601GD10492,1,9,0,18,0,8,0,0,0,0,1,1,6,1,33,6,1968,2,3,-1,-1,-1
201601GD10492,2,9,0,18,0,8,0,4,0,0,1,1,6,2,33,6,1124,1,14,1,1,1
201601GD10492,3,9,0,2,0,2,0,0,0,0,1,1,6,1,29,6,999,1,-1,2,1,2
201601GD10493,1,1,0,15,0,2,0,4,0,0,1,1,6,1,40,7,-1,-1,-1,2,1,2
201601GD10493,2,9,0,3,0,2,0,0,0,0,4,1,6,1,-1,-1,2979,1,2,-1,-1,-1
201601GD10495,1,11,0,5,0,2,0,0,0,0,0,1,1,1,42,7,4461,2,2,2,1,2
201601GD10496,1,5,0,18,0,1,0,4,0,0,1,1,6,1,30,6,599,1,11,-1,-1,-1
201601GD10496,2,9,0,2,0,1,0,0,0,0,4,1,6,1,40,7,1973,1,17,-1,-1,-1
201601GD10497,1,1,0,15,0,1,0,8,0,0,1,1,6,2,37,7,-1,-1,-1,3,1,3
201601GD10497,2,19,0,3,0,1,0,0,0,0,4,1,6,1,-1,-1,-1,-1,-1,-1,-1,-1
201601GD10498,1,11,0,18,0,1,0,0,0,0,0,1,1,1,24,5,4500,2,9,3,1,3
201601GD10500,1,9,0,18,0,8,0,0,0,0,1,1,2,1,38,7,1461,2,5,2,1,2
201601GD10500,2,1,0,18,0,8,0,0,0,0,2,1,6,2,27,6,-1,-1,-1,3,1,3
201601GD10501,1,9,0,9,0,8,0,0,0,0,1,1,6,1,64,9,1360,1,12,1,1,1
201601GD10501,2,9,0,18,0,8,0,0,0,0,3,1,6,1,25,5,1598,2,1,1,1,1
201601GD10502,1,9,0,9,0,8,0,0,0,0,4,1,6,1,33,6,1598,1,12,5,1,5
201601GD10502,2,5,0,18,0,8,0,0,0,0,1,1,6,1,33,6,998,1,8,6,1,6
201601GD10505,1,9,0,18,0,2,0,0,0,0,3,1,6,1,74,10,2720,2,8,2,1,2
201601GD10505,2,1,0,18,0,2,0,0,0,0,4,1,6,1,-1,-1,-1,-1,-1,2,1,2
201601GD10506,1,9,0,18,0,1,0,0,0,0,1,1,6,2,20,4,1242,1,6,2,1,2
201601GD10506,2,9,0,18,0,1,0,0,0,0,2,1,1,1,51,8,1797,8,6,1,1,1
201601GD10509,1,9,0,9,0,8,0,0,0,0,1,1,6,3,-1,-1,-1,-1,-1,-1,-1,-1
201601GD10510,1,9,0,9,0,8,0,0,0,0,3,1,6,1,58,9,2720,2,8,2,1,2
201601GD10510,2,1,0,18,0,8,0,0,0,0,1,1,6,1,46,8,-1,-1,-1,-1,-1,-1
201601GD10511,1,1,0,18,0,8,0,0,0,0,1,1,6,2,23,5,-1,-1,-1,-1,-1,-1
201601GD10511,2,9,0,9,0,8,0,0,0,0,4,1,6,1,-1,-1,1149,1,15,-1,-1,-1
201601GD10512,1,9,0,7,0,5,0,0,0,0,4,1,6,1,18,4,1598,2,6,2,1,2
201601GD10512,2,1,0,18,0,1,0,0,0,0,3,1,6,1,37,7,-1,-1,-1,6,1,6
201601GD10513,1,3,0,13,0,1,0,0,0,0,4,1,1,1,36,7,125,1,4,1,1,1
201601GD10513,2,9,0,18,0,1,0,0,0,0,3,1,6,3,-1,-1,-1,-1,-1,-1,-1,-1
201601GD10514,1,11,0,18,0,8,0,0,0,0,0,1,1,1,51,8,-1,-1,-1,2,1,2
201601GD10516,1,3,0,16,0,8,0,0,0,0,1,1,6,3,-1,-1,-1,-1,-1,-1,-1,-1
201601GD10517,1,9,0,1,0,0,0,0,0,0,2,1,6,1,37,7,2362,1,15,2,1,2
201601GD10517,2,3,0,3,0,0,0,0,0,0,1,1,2,1,37,7,124,1,1,1,1,1
201601GD10518,1,5,0,18,0,0,0,0,0,0,1,1,6,1,45,7,647,1,16,10,1,10
201601GD10518,2,8,0,6,0,0,0,0,0,0,3,1,1,1,-1,-1,-1,-1,-1,-1,-1,-1
201601GD10519,1,9,0,18,0,8,0,0,0,0,1,1,1,1,36,7,-1,-1,-1,3,1,3
201601GD10519,2,9,0,4,0,8,0,0,0,0,4,1,6,1,37,7,2993,2,8,1,1,1
201601GD10520,1,8,0,18,0,0,0,0,0,0,4,1,1,1,49,8,2402,2,11,6,1,6
201601GD10520,2,9,0,3,2,0,0,0,0,0,3,1,2,1,43,7,2143,2,6,7,1,7
201601GD10521,1,5,0,18,0,2,0,0,0,0,4,1,1,1,24,5,600,1,9,1,1,1
201601GD10522,1,9,0,18,0,1,0,0,0,0,4,1,6,2,33,6,1598,1,1,2,1,2
201601GD10523,1,1,0,18,0,8,0,0,0,0,4,1,6,1,32,6,-1,-1,-1,2,1,2
201601GD10523,2,9,0,18,0,8,0,0,0,0,1,1,6,1,-1,-1,1995,1,7,2,1,2
201601GD10525,1,9,0,9,0,8,0,0,0,0,4,1,6,3,-1,-1,-1,-1,-1,-1,-1,-1
201601GD10525,2,1,0,18,0,8,0,0,0,0,1,1,2,1,36,7,-1,-1,-1,3,1,3
201601GD10526,1,9,0,18,0,8,1,10,1,0,4,1,1,1,56,9,1796,1,3,3,1,3
201601GD10526,2,9,0,18,0,8,0,0,0,0,1,1,6,3,-1,-1,1968,2,2,-1,-1,-1
201601GD10527,1,9,0,18,0,2,0,0,0,0,4,1,6,3,-1,-1,-1,-1,-1,-1,-1,-1
201601GD10528,1,4,0,5,0,8,0,0,0,0,1,1,6,1,35,6,599,1,6,3,1,3
201601GD10528,2,9,0,18,0,8,0,0,0,0,1,1,6,3,-1,-1,1798,1,5,-1,-1,-1
201601GD10529,1,9,0,18,0,0,0,0,0,0,1,1,6,1,28,6,1997,2,8,1,1,1
201601GD10529,2,1,0,18,0,0,0,0,0,0,2,1,6,1,53,8,-1,-1,-1,3,1,3
201601GD10530,1,11,0,9,0,8,0,0,0,0,1,1,1,1,44,7,4500,2,4,-1,-1,-1
201601GD10530,2,9,0,18,0,8,0,0,0,0,3,1,2,1,22,5,1390,1,4,9,1,9
201601GD10531,1,2,0,18,0,8,0,0,0,0,3,1,1,1,18,4,125,1,6,1,1,1
201601GD10531,2,9,0,18,0,8,0,0,0,0,1,1,6,3,-1,-1,-1,-1,-1,-1,-1,-1
201601GD10533,1,9,0,2,0,0,0,0,0,0,3,1,6,1,31,6,1997,2,14,1,1,1
201601GD10533,2,1,0,18,0,0,0,4,0,0,1,1,6,1,31,6,-1,-1,-1,2,1,2
201601GD10534,1,9,0,18,0,8,0,0,0,0,3,1,6,1,44,7,-1,-1,-1,1,1,1
201601GD10534,2,9,0,18,0,8,0,0,0,0,1,1,1,1,33,6,2982,2,4,5,1,5
201601GD10535,1,19,0,7,0,8,0,0,0,0,4,1,1,1,37,7,-1,-1,-1,8,1,8
201601GD10535,2,3,0,18,0,8,0,0,0,0,1,1,2,1,23,5,125,1,10,5,1,5
201601GD10538,1,1,0,9,0,8,0,0,0,0,2,1,6,2,27,6,-1,-1,-1,2,1,2
201601GD10538,2,9,0,9,0,8,0,0,0,0,1,1,6,1,-1,-1,-1,-1,-1,-1,-1,-1
201601GD10540,1,9,0,3,0,0,0,0,0,0,2,1,6,2,22,5,1360,1,15,2,1,2
201601GD10540,2,19,0,18,0,0,0,0,0,0,1,1,1,1,40,7,-1,-1,-1,3,1,3
201601GD10541,1,9,0,4,0,1,0,0,0,0,4,1,6,1,42,7,1339,8,7,2,1,2
201601GD10542,1,5,0,18,0,8,0,0,0,0,4,1,6,1,39,7,748,1,15,2,1,2
201601GD10542,2,9,0,9,0,8,0,0,0,0,1,1,6,1,-1,-1,1896,2,13,3,1,3
201601GD10543,1,8,0,13,0,1,0,0,0,0,4,1,1,1,50,8,1997,2,6,5,1,5
201601GD10543,2,1,0,18,0,1,0,0,0,0,3,1,6,1,49,8,-1,-1,-1,2,1,2
201601GD10545,1,9,0,7,0,5,0,0,0,0,4,1,6,1,31,6,-1,-1,-1,4,1,4
201601GD10545,2,3,0,18,2,1,0,0,0,0,3,1,1,1,28,6,124,1,4,5,1,5
201601GD10546,1,9,0,9,0,2,0,0,0,0,1,1,6,1,57,9,1398,2,6,2,1,2
201601GD10547,1,19,0,18,0,1,0,0,0,0,2,2,6,1,25,5,-1,-1,-1,-1,-1,-1
201601GD10547,2,9,0,18,0,1,0,0,0,0,1,1,6,1,44,7,1597,2,1,3,1,3
201601GD10548,1,11,0,18,0,1,0,0,0,0,0,1,1,1,32,6,4500,2,1,4,1,4
201601GD10549,1,3,0,18,0,1,0,0,0,0,4,1,6,3,-1,-1,-1,-1,-1,-1,-1,-1
201601GD10551,1,11,0,18,0,1,0,0,0,0,0,1,1,1,46,8,4500,2,4,4,1,4
201601GD10552,1,9,0,7,0,8,0,0,0,0,1,1,6,1,29,6,2993,2,8,2,1,2
201601GD10552,2,3,0,18,0,8,0,0,0,0,4,1,1,1,24,5,108,1,4,1,1,1
201601GD10553,1,9,0,7,0,5,0,0,0,0,4,1,1,2,62,9,1598,1,9,2,1,2
201601GD10553,2,1,0,18,0,1,0,0,0,0,3,1,2,2,30,6,-1,-1,-1,3,1,3
201601GD10554,1,90,0,3,0,2,0,0,0,0,4,1,1,1,53,8,7142,2,10,3,1,3
201601GD10554,2,1,0,15,0,2,0,8,0,0,1,1,6,1,27,6,-1,-1,-1,3,1,3
201601GD10555,1,9,0,18,0,0,0,0,0,0,1,1,6,1,19,4,-1,-1,-1,-1,-1,-1
201601GD10556,1,1,0,14,0,1,0,0,0,0,4,1,2,1,18,4,-1,-1,-1,2,1,2
201601GD10556,2,3,0,3,0,1,0,0,0,0,3,1,1,1,26,6,125,1,4,1,1,1
201601GD10557,1,9,0,9,0,8,0,0,0,0,1,1,6,2,28,6,1242,1,8,4,1,4
201601GD10557,2,1,0,10,0,8,0,0,0,0,3,1,6,1,64,9,-1,-1,-1,5,1,5
201601GD10558,1,9,0,3,0,1,0,0,0,0,2,1,6,1,30,6,999,1,1,4,1,4
201601GD10558,2,19,0,18,0,1,0,0,0,0,1,1,6,1,-1,-1,2402,2,11,-1,-1,-1
201601GD10559,1,1,0,18,0,8,0,0,0,0,3,1,6,2,26,6,-1,-1,-1,2,1,2
201601GD10559,2,9,0,9,0,8,0,0,0,0,1,1,6,1,-1,-1,1998,1,10,-1,-1,-1
201601GD10560,1,3,0,18,0,1,0,0,0,0,1,1,6,3,-1,-1,-1,-1,-1,-1,-1,-1
201601GD10561,1,9,0,18,0,1,0,0,0,0,1,1,6,2,25,5,1598,1,14,5,1,5
201601GD10561,2,9,0,4,0,1,0,0,0,0,2,1,6,1,28,6,1497,8,7,4,1,4
201601GD10562,1,1,0,18,0,2,0,4,0,0,1,1,6,1,50,8,-1,-1,-1,1,1,1
201601GD10562,2,20,0,2,0,2,0,0,0,0,2,1,1,1,34,6,4500,2,2,6,1,6