Accident_Index,Vehicle_Reference,Vehicle_Type,Towing_and_Articulation,Vehicle_Manoeuvre,Vehicle_Location-Restricted_Lane,Junction_Location,Skidding_and_Overturning,Hit_Object_in_Carriageway,Vehicle_Leaving_Carriageway,Hit_Object_off_Carriageway,1st_Point_of_Impact,Was_Vehicle_Left_Hand_Drive?,Journey_Purpose_of_Driver,Sex_of_Driver,Age_of_Driver,Age_Band_of_Driver,Engine_Capacity_(CC),Propulsion_Code,Age_of_Vehicle,Driver_IMD_Decile,Driver_Home_Area_Type,Vehicle_IMD_Decile
201601HT20062,1,9,0,17,9,1,0,10,7,1,1,1,1,1,50,8,2143,2,4,3,1,3
201601HT20063,1,9,0,3,0,0,0,0,0,0,2,1,6,1,53,8,1968,2,5,4,1,4
201601HT20063,2,9,0,18,0,0,0,0,0,0,1,1,6,1,24,5,1199,1,12,-1,-1,-1
201601HT20064,1,11,0,18,0,0,0,0,0,0,0,1,1,1,29,6,4461,2,2,2,1,2
201601HT20065,1,8,0,17,0,8,0,0,0,0,2,1,1,1,31,6,1339,8,5,2,1,2
201601HT20065,2,9,0,17,0,8,0,0,0,0,2,1,6,1,48,8,2746,1,30,2,1,2
201601HT20065,3,8,0,17,0,8,0,0,0,0,1,1,1,1,55,8,2987,2,5,1,1,1
201601HT20066,1,1,0,18,0,1,0,0,0,0,1,1,6,1,20,4,-1,-1,-1,2,1,2
201601HT20066,2,9,0,10,0,1,0,0,0,0,3,1,6,1,51,8,1242,1,11,7,1,7
201601HT20067,1,1,0,18,0,0,0,0,0,0,3,1,2,1,36,7,-1,-1,-1,7,1,7
201601HT20067,2,9,0,13,0,0,0,0,0,0,4,1,6,2,39,7,1999,2,1,4,1,4
201601HT20068,1,5,0,3,0,0,0,0,0,0,2,1,2,1,51,8,800,1,2,10,1,10
201601HT20068,2,9,0,18,0,0,0,0,0,0,1,1,6,1,61,9,1995,2,2,9,3,9
201601HT20069,1,19,0,11,0,0,0,0,0,0,4,1,6,1,25,5,2198,2,3,3,1,3
201601HT20069,2,5,0,18,0,0,0,0,0,0,3,1,6,1,35,6,656,1,4,7,3,7
201601HT20070,1,9,0,7,0,2,0,0,0,0,1,1,3,1,40,7,1995,2,10,2,1,2
201601HT20070,2,4,0,18,0,1,0,0,0,0,1,1,6,1,-1,-1,125,1,1,-1,-1,-1
201601HT20071,1,9,0,18,0,8,0,0,0,0,1,1,6,1,40,7,1845,1,18,-1,-1,-1
201601HT20071,2,1,0,18,0,8,0,0,0,0,4,1,6,1,36,7,-1,-1,-1,2,1,2
201601HT20072,1,2,0,3,0,1,0,0,0,0,2,1,6,1,34,6,49,1,3,3,1,3
201601HT20072,2,9,0,18,0,1,0,0,0,0,1,1,6,1,-1,-1,-1,-1,-1,2,1,2
201601HT20073,1,9,0,1,0,0,0,0,0,0,2,1,6,1,20,4,1596,1,8,4,1,4
201601HT20074,1,9,0,9,0,5,0,0,0,0,1,1,6,1,52,8,2993,2,11,2,1,2
201601HT20075,1,3,0,18,0,8,0,0,0,0,1,1,6,1,27,6,125,1,9,4,1,4
201601HT20075,2,9,0,9,0,8,0,0,0,0,1,1,6,1,23,5,1999,1,8,2,1,2
201601HT20076,1,2,0,18,0,0,0,0,0,0,1,1,6,3,-1,-1,-1,-1,-1,-1,-1,-1
201601HT20076,2,1,0,18,0,0,0,0,0,0,2,1,6,1,45,7,-1,-1,-1,-1,-1,-1
201601HT20077,1,9,0,8,0,1,0,0,0,0,3,1,6,1,31,6,1598,2,1,2,1,2
201601HT20077,2,19,0,14,0,1,0,0,0,0,4,1,6,1,-1,-1,1686,2,14,-1,-1,-1
201601HT20079,1,9,0,18,0,1,0,0,0,0,1,1,6,1,25,5,2143,2,2,4,1,4
201601HT20079,2,9,0,3,0,1,0,0,0,0,2,1,6,1,40,7,1798,8,1,1,1,1
201601HT20080,1,1,0,18,0,8,0,0,0,0,3,1,6,2,31,6,-1,-1,-1,8,3,8
201601HT20080,2,9,0,9,0,8,0,0,0,0,1,1,6,1,-1,-1,-1,-1,-1,-1,-1,-1
201601HT20081,1,1,0,18,0,1,0,0,0,0,2,1,6,1,39,7,-1,-1,-1,2,1,2
201601HT20081,2,90,0,18,0,1,0,0,0,0,1,1,6,3,-1,-1,-1,-1,-1,-1,-1,-1
201601HT20082,1,9,0,7,0,5,0,0,0,0,4,1,6,1,43,7,1198,1,3,1,1,1
201601HT20082,2,1,0,18,0,1,0,0,0,0,3,1,6,1,44,7,-1,-1,-1,-1,-1,-1
201601HT20083,1,9,0,2,0,1,0,0,0,0,3,1,6,1,51,8,1586,1,1,10,1,10
201601HT20083,2,3,0,18,0,1,0,8,0,0,1,1,6,1,35,6,102,1,2,2,1,2
201601HT20084,1,9,0,1,0,1,0,0,0,0,2,1,6,1,-1,-1,2993,2,9,-1,-1,-1
201601HT20085,1,9,0,9,0,8,0,0,0,0,1,1,6,1,23,5,1197,1,1,1,1,1
201601HT20085,2,1,0,18,0,8,0,0,0,0,3,1,6,1,31,6,-1,-1,-1,-1,-1,-1
201601HT20086,1,9,0,9,0,8,0,0,0,0,4,1,6,1,34,6,973,1,14,3,1,3
201601HT20086,2,9,0,16,0,8,0,0,0,0,1,1,6,1,57,9,1998,1,15,1,1,1
201601HT20087,1,9,0,18,0,1,0,0,0,0,1,1,6,2,36,7,1794,1,10,1,1,1
201601HT20087,2,9,0,6,0,1,0,0,0,0,3,1,6,1,39,7,1598,1,5,10,3,10
201601HT20089,1,1,0,18,0,8,0,0,0,0,4,1,6,1,26,6,-1,-1,-1,2,1,2
201601HT20089,2,9,0,7,0,8,0,0,0,0,1,1,6,1,-1,-1,-1,-1,-1,-1,-1,-1
201601HT20090,1,8,0,5,0,0,0,0,0,0,3,1,1,1,57,9,1997,2,6,3,1,3
201601HT20090,2,1,0,18,0,0,0,0,1,0,1,1,6,1,36,7,-1,-1,-1,2,1,2
201601HT20091,1,19,0,9,0,8,0,0,0,0,3,1,6,1,23,5,2143,2,6,3,1,3
201601HT20091,2,3,0,13,0,8,0,0,0,0,4,1,6,1,19,4,49,1,6,2,1,2
201601HT20092,1,3,0,18,0,2,1,0,0,0,4,1,2,1,40,7,124,1,5,2,1,2
201601HT20093,1,4,0,18,0,0,0,0,0,0,1,1,6,1,-1,-1,-1,-1,-1,-1,-1,-1
201601HT20094,1,9,0,9,0,8,0,0,0,0,4,1,6,2,39,7,1968,2,1,3,1,3
201601HT20094,2,3,0,16,0,8,0,0,0,0,1,1,1,1,39,7,-1,-1,-1,4,1,4
201601HT20095,1,3,0,17,0,8,0,0,0,0,4,1,1,1,20,4,125,1,2,8,1,8
201601HT20095,2,9,0,9,0,8,0,0,0,0,1,1,6,2,-1,-1,2980,2,23,-1,-1,-1
201601HT20096,1,3,0,18,0,0,0,0,0,0,3,1,6,1,36,7,249,1,10,1,1,1
201601HT20097,1,1,0,18,4,0,0,0,0,0,1,1,6,1,-1,-1,-1,-1,-1,-1,-1,-1
201601HT20098,1,9,0,8,0,1,0,0,0,0,2,1,1,2,-1,-1,-1,-1,-1,-1,-1,-1
201601HT20098,2,9,0,5,0,1,0,0,0,0,1,1,6,1,30,6,2777,2,7,2,1,2
201601HT20099,1,9,0,4,0,0,0,0,0,0,2,1,6,2,32,6,2987,2,10,4,1,4
201601HT20099,2,4,0,18,0,0,0,0,0,0,1,1,6,1,-1,-1,-1,-1,-1,-1,-1,-1
201601HT20100,1,9,0,3,0,0,0,0,0,0,2,1,6,1,46,8,1997,2,7,4,1,4
201601HT20100,2,9,0,18,0,0,0,0,0,0,1,1,6,3,-1,-1,-1,-1,-1,-1,-1,-1
201601HT20101,1,11,0,9,0,2,0,0,0,0,3,1,6,3,-1,-1,-1,-1,-1,-1,-1,-1
201601HT20102,1,9,0,9,0,8,0,0,0,0,4,1,6,2,25,5,1598,1,7,-1,-1,-1
201601HT20102,2,1,0,18,0,8,0,0,0,0,1,1,2,2,47,8,-1,-1,-1,2,1,2
201601HT20103,1,2,0,18,0,1,0,0,0,0,1,1,1,1,32,6,108,1,1,4,1,4
201601HT20104,1,9,0,1,0,2,0,0,0,0,2,1,6,1,-1,-1,-1,-1,-1,-1,-1,-1
201601HT20105,1,9,0,8,0,1,0,0,0,0,2,1,6,1,47,8,1497,8,11,2,1,2
201601HT20105,2,9,0,18,0,1,0,0,0,0,1,1,6,1,25,5,1997,1,14,-1,-1,-1
201601HT20106,1,19,0,18,0,0,0,0,0,0,4,1,6,1,34,6,1753,2,13,3,1,3
201601HT20106,2,3,0,12,0,0,0,0,0,0,3,1,6,1,25,5,124,1,4,1,1,1
201601HT20107,1,2,0,18,0,8,0,0,0,0,1,1,6,1,34,6,124,1,7,1,1,1
201601HT20107,2,9,0,9,0,8,0,0,0,0,3,1,6,3,-1,-1,1598,1,2,-1,-1,-1
201601HT20108,1,1,0,16,0,8,0,0,0,0,3,1,2,1,25,5,-1,-1,-1,3,1,3
201601HT20108,2,9,0,18,0,8,0,0,0,0,1,1,6,1,-1,-1,-1,-1,-1,-1,-1,-1
201601HT20109,1,9,0,9,0,2,0,0,0,0,3,1,6,3,-1,-1,-1,-1,-1,-1,-1,-1
201601HT20111,1,11,0,18,0,0,0,0,0,0,1,1,1,1,43,7,10837,2,1,2,1,2
201601HT20112,1,1,0,18,0,0,0,8,0,0,1,1,6,1,22,5,-1,-1,-1,2,1,2
201601HT20112,2,9,0,2,0,0,0,0,0,0,3,1,6,1,-1,-1,1590,1,15,-1,-1,-1
201601HT20114,1,9,0,18,0,0,0,0,0,0,4,1,6,1,28,6,2987,2,10,5,1,5
201601HT20114,2,9,0,12,0,0,0,0,0,0,3,1,6,1,32,6,3436,1,1,1,1,1
201601HT20115,1,3,0,18,0,8,0,0,0,0,3,1,6,2,32,6,-1,-1,-1,-1,-1,-1
201601HT20115,2,19,0,9,0,8,0,0,0,0,1,1,6,3,-1,-1,-1,-1,-1,-1,-1,-1
201601HT20116,1,3,0,17,0,8,0,0,0,0,2,1,6,1,21,5,124,1,2,2,1,2
201601HT20116,2,9,0,17,0,8,0,0,0,0,1,1,6,1,50,8,1796,1,7,2,1,2
201601HT20117,1,9,0,18,0,0,0,0,0,0,4,1,6,1,-1,-1,-1,-1,-1,-1,-1,-1
201601HT20118,1,9,0,18,0,0,0,0,0,0,1,1,6,1,-1,-1,-1,-1,-1,-1,-1,-1
201601HT20119,1,20,0,2,0,0,0,0,0,0,2,1,6,1,24,5,-1,-1,-1,-1,-1,-1
201601HT20119,2,9,0,18,0,0,0,4,0,0,1,1,6,3,-1,-1,1999,1,1,-1,-1,-1
201601HT20120,1,19,0,10,0,8,0,0,0,0,2,1,1,1,36,7,1248,2,2,-1,-1,-1
201601HT20120,2,1,0,18,0,8,0,0,0,0,1,1,2,1,26,6,-1,-1,-1,2,1,2
201601HT20121,1,9,0,9,0,8,0,0,0,0,1,1,6,2,45,7,1796,1,13,2,1,2
201601HT20121,2,1,0,9,0,8,0,0,0,0,2,1,6,1,24,5,-1,-1,-1,3,1,3
201601HT20123,1,9,0,18,0,8,0,0,0,0,1,1,6,1,22,5,1596,1,11,2,1,2
201601HT20123,2,9,0,18,0,8,0,0,0,0,4,1,6,2,51,8,-1,-1,-1,2,1,2
201601HT20124,1,9,0,18,0,1,0,0,0,0,1,1,6,3,-1,-1,-1,-1,-1,-1,-1,-1
201601HT20125,1,11,0,7,0,5,0,0,0,0,4,1,1,1,23,5,9360,2,4,4,1,4
201601HT20125,2,1,0,18,0,1,0,0,0,0,3,1,6,1,42,7,-1,-1,-1,3,1,3
201601HT20126,1,9,0,7,0,8,0,0,0,0,1,1,6,1,32,6,-1,-1,-1,1,1,1
201601HT20126,2,1,0,18,0,8,0,0,0,0,4,1,6,1,50,8,-1,-1,-1,2,1,2
201601HT20127,1,9,0,9,0,8,0,0,0,0,3,1,6,1,43,7,1995,1,7,2,1,2
201601HT20127,2,3,0,13,0,8,0,0,0,0,4,1,6,1,32,6,108,1,1,3,1,3
201601HT20128,1,3,0,18,0,0,0,0,0,0,1,1,6,1,23,5,108,1,4,2,1,2
201601HT20129,1,9,0,18,0,1,0,0,0,0,1,1,6,1,39,7,1598,2,2,3,1,3
201601HT20129,2,9,0,4,0,1,0,0,0,0,2,1,6,1,61,9,1589,1,20,3,1,3
201601HT20130,1,9,0,7,0,5,0,0,0,0,4,1,6,3,-1,-1,1498,1,4,-1,-1,-1
201601HT20130,2,1,0,18,0,1,0,0,0,0,3,1,2,1,29,6,-1,-1,-1,2,1,2
201601HT20131,1,19,0,18,0,0,0,0,0,0,1,1,2,1,35,6,1896,2,8,4,1,4
201601HT20132,1,9,0,18,0,0,0,0,0,0,2,1,6,1,47,8,1988,1,14,-1,-1,-1
201601HT20132,2,9,0,18,0,0,0,0,0,0,2,1,6,1,-1,-1,2967,1,15,2,1,2
201601HT20132,3,9,0,2,0,0,0,0,0,0,3,1,6,1,-1,-1,1910,2,9,2,1,2
201601HT20132,4,9,0,2,0,0,0,0,0,0,3,1,6,1,25,5,1364,1,11,2,1,2
201601HT20133,1,9,0,18,2,8,0,0,1,0,3,1,2,1,26,6,2143,2,4,2,1,2
201601HT20134,1,3,0,18,0,0,0,0,0,0,1,1,1,1,23,5,109,1,2,3,1,3
201601HT20134,2,1,0,12,0,0,0,0,0,0,3,1,6,1,30,6,-1,-1,-1,2,1,2
201601HT20135,1,9,0,7,0,5,0,0,0,0,4,1,1,1,42,7,1796,1,13,2,1,2
201601HT20135,2,9,0,15,0,1,0,0,0,0,3,1,1,1,41,7,1598,1,3,1,1,1
201601HT20136,1,19,0,7,0,8,0,0,0,0,4,1,1,1,39,7,2198,2,2,3,1,3
201601HT20136,2,1,0,18,0,8,0,0,0,0,1,1,2,2,54,8,-1,-1,-1,4,1,4
201601HT20138,1,90,0,4,0,0,0,0,0,0,2,1,1,1,32,6,6370,2,9,1,1,1
201601HT20138,2,90,0,18,0,0,0,0,0,0,1,1,1,1,51,8,6370,2,9,8,1,8
201601HT20140,1,9,0,6,0,0,0,0,0,0,4,1,2,1,53,8,-1,-1,-1,2,1,2
201601HT20140,2,1,0,18,0,0,0,0,0,0,1,1,2,2,28,6,-1,-1,-1,-1,-1,-1
201601HT20141,1,9,0,14,0,0,0,0,0,0,1,1,6,3,-1,-1,1910,2,9,-1,-1,-1
201601HT20142,1,9,0,14,0,0,0,0,0,0,1,1,6,1,37,7,1997,2,4,2,1,2
201601HT20143,1,21,1,9,0,8,0,0,0,0,3,1,1,1,56,9,12740,2,2,4,1,4
201601HT20143,2,3,0,13,0,8,0,0,0,0,4,1,2,1,21,5,124,1,1,8,1,8
201601HT20144,1,8,0,3,0,0,0,0,0,0,3,1,1,3,-1,-1,1796,1,4,-1,-1,-1
201601HT20144,2,1,0,14,0,0,0,8,0,0,1,1,6,1,49,8,-1,-1,-1,-1,-1,-1
201601HT20145,1,9,0,18,0,1,0,0,0,0,1,1,6,1,23,5,1229,1,4,3,1,3
201601HT20145,2,1,0,18,0,1,0,0,0,0,3,1,6,1,19,4,-1,-1,-1,3,1,3
201601HT20146,1,9,0,18,0,1,0,4,0,0,3,1,6,2,21,5,1400,1,9,1,1,1
201601HT20146,2,9,0,2,0,1,0,0,0,0,4,1,6,3,-1,-1,1591,1,1,-1,-1,-1
201601HT20146,3,9,0,2,0,1,0,0,0,0,3,1,6,3,-1,-1,1242,1,1,-1,-1,-1
201601HT20147,1,3,0,11,0,0,0,0,0,0,4,1,2,1,24,5,125,1,4,3,1,3
201601HT20147,2,9,0,18,0,0,0,0,0,0,3,1,2,1,52,8,2000,2,5,3,1,3
201601HT20148,1,9,0,4,0,1,0,0,0,0,2,1,6,2,39,7,1388,1,14,5,1,5
201601HT20148,2,9,0,18,0,1,0,0,0,0,1,1,6,2,53,8,1598,1,16,2,1,2
201601HT20149,1,1,0,14,0,0,0,8,0,0,1,1,6,2,-1,-1,-1,-1,-1,-1,-1,-1
201601HT20149,2,9,0,3,0,0,0,0,0,0,3,1,6,2,-1,-1,-1,-1,-1,-1,-1,-1
201601HT20150,1,3,0,3,0,1,0,0,0,0,1,1,6,1,36,7,125,1,2,2,1,2
201601HT20150,2,9,0,1,0,1,0,0,0,0,2,1,6,1,25,5,1995,2,4,-1,-1,-1
201601HT20151,1,20,0,18,0,1,0,0,0,0,4,1,1,1,42,7,10677,2,1,7,1,7
201601HT20152,1,9,0,18,0,8,0,0,0,0,4,1,6,1,42,7,998,1,8,2,1,2
201601HT20152,2,9,0,7,0,8,0,0,0,0,1,1,6,1,29,6,1596,1,15,2,1,2
201601HT20153,1,9,0,9,0,2,0,0,0,0,1,1,6,1,43,7,1388,1,13,3,1,3
201601HT20153,2,9,0,18,0,1,0,0,0,0,1,1,6,1,23,5,998,1,7,6,1,6
201601HT20154,1,5,0,18,0,8,0,0,0,0,1,1,6,1,51,8,670,1,2,5,1,5
201601HT20154,2,9,0,9,0,8,0,0,0,0,4,1,6,2,54,8,1595,1,14,2,1,2
201601HT20156,1,9,0,18,0,8,0,0,0,0,1,1,6,1,46,8,1248,2,10,2,1,2
201601HT20156,2,9,0,18,0,8,0,0,0,0,4,1,6,1,20,4,2993,2,5,2,1,2
201601HT20157,1,19,0,5,0,1,0,0,0,0,1,1,6,1,52,8,2287,2,1,2,1,2
201601HT20157,2,9,0,3,0,1,0,0,0,0,2,1,6,1,36,7,1560,2,5,3,1,3
201601HT20158,1,9,0,18,0,0,0,0,0,0,2,1,6,1,57,9,2400,1,16,1,1,1
201601HT20158,2,4,0,18,0,0,0,0,0,0,1,1,6,1,47,8,125,1,7,3,1,3
201601HT20159,1,9,0,18,0,1,0,0,0,0,1,1,6,2,59,9,1242,1,-1,10,3,10
201601HT20159,2,5,0,4,0,1,0,0,0,0,2,1,6,1,46,8,-1,-1,-1,9,1,9
201601HT20162,1,9,0,6,0,0,0,0,0,0,3,1,6,1,34,6,1390,1,5,6,1,6
201601HT20162,2,2,0,18,0,0,0,0,0,0,1,1,6,1,25,5,124,1,5,2,1,2
201601HT20163,1,1,0,18,0,8,0,0,0,0,4,1,2,1,34,6,-1,-1,-1,3,1,3
201601HT20163,2,8,0,18,0,8,0,0,0,0,1,1,1,1,-1,-1,2664,2,15,-1,-1,-1
201601HT20164,1,1,0,18,0,1,0,0,0,0,3,1,2,1,29,6,-1,-1,-1,2,1,2
201601HT20164,2,8,0,7,0,5,0,0,0,0,4,1,1,1,-1,-1,1798,8,1,-1,-1,-1
201601HT20171,1,9,0,3,0,1,0,0,0,0,2,1,6,1,44,7,1598,1,11,2,1,2
201601HT20171,2,9,0,3,0,1,0,0,0,0,2,1,1,1,30,6,1590,1,12,1,1,1
201601HT20171,3,9,0,18,0,1,0,0,0,0,1,1,6,3,-1,-1,1956,2,3,-1,-1,-1
201601HT20172,1,1,0,18,0,8,0,0,0,0,1,1,2,1,42,7,-1,-1,-1,10,1,10
201601HT20172,2,90,0,18,0,8,0,0,0,0,1,1,6,1,-1,-1,-1,-1,-1,-1,-1,-1
201601HT20174,1,11,0,18,0,1,0,0,0,0,0,1,1,1,41,7,4500,2,1,2,1,2
201601HT20177,1,1,0,18,4,1,0,0,0,0,3,1,2,1,29,6,-1,-1,-1,2,1,2
201601HT20177,2,9,0,7,0,5,0,0,0,0,4,1,6,1,-1,-1,2698,2,7,-1,-1,-1
201601HT20185,1,4,0,18,0,8,1,0,0,0,2,1,1,1,22,5,125,1,1,-1,-1,-1
201601HT20185,2,9,0,18,0,8,0,0,0,0,1,1,6,3,-1,-1,-1,-1,-1,-1,-1,-1
201601HT20187,1,3,0,18,0,1,0,0,0,0,3,1,2,1,25,5,125,1,2,6,1,6
201601HT20187,2,9,0,13,0,1,0,0,0,0,4,1,6,3,-1,-1,1242,1,5,-1,-1,-1
201601HT20188,1,19,0,18,0,8,0,0,0,0,4,1,2,1,26,6,2298,2,5,2,1,2
201601HT20188,2,1,0,18,0,8,0,0,0,0,4,1,6,1,44,7,-1,-1,-1,3,1,3
201601HT20189,1,9,0,7,0,8,0,0,0,0,3,1,6,1,67,10,1598,1,5,6,1,6
201601HT20189,2,1,0,18,0,8,0,0,0,0,1,1,6,1,51,8,-1,-1,-1,4,1,4
201601HT20190,1,9,0,11,0,0,0,0,0,0,4,1,2,1,29,6,1998,2,13,2,1,2
201601HT20190,2,3,0,18,0,0,0,0,0,0,3,1,2,1,38,7,125,1,7,3,1,3
201601HT20191,1,9,0,17,0,8,0,0,0,0,4,1,6,1,27,6,1398,1,12,2,1,2
201601HT20191,2,9,0,18,0,8,0,0,0,0,1,1,6,1,29,6,1968,2,1,3,1,3
201601HT20194,1,9,0,2,0,0,0,0,0,0,3,1,6,1,-1,-1,-1,-1,-1,-1,-1,-1
201601HT20195,1,9,0,3,0,0,0,0,0,0,3,1,6,1,19,4,1242,1,9,2,1,2
201601HT20195,2,19,0,14,0,0,0,0,0,0,4,1,1,3,-1,-1,-1,-1,-1,-1,-1,-1
201601HT20196,1,9,0,18,0,0,0,0,0,0,2,1,6,2,34,6,1998,1,2,3,1,3
201601HT20196,2,9,0,18,0,0,0,0,0,0,1,1,6,1,19,4,1198,1,5,9,1,9
201601HT20197,1,4,0,18,0,0,0,0,0,0,3,1,6,3,-1,-1,-1,-1,-1,-1,-1,-1
201601HT20199,1,5,0,13,0,0,0,0,0,0,1,1,6,1,44,7,599,1,17,9,1,9
201601HT20199,2,9,0,11,0,0,0,0,0,0,2,1,6,1,35,6,1798,1,5,5,1,5
201601HT20200,1,8,0,1,0,1,0,0,0,0,2,1,1,1,-1,-1,2499,2,2,-1,-1,-1
201601HT20200,2,9,0,3,0,1,0,0,0,0,1,1,6,1,22,5,1968,2,3,3,1,3
201601HT20201,1,9,0,18,0,0,0,0,0,0,1,1,6,1,40,7,999,1,8,4,1,4
201601HT20201,2,9,0,4,0,0,0,0,0,0,2,1,1,1,29,6,1461,2,1,6,1,6
201601HT20203,1,1,0,4,0,2,0,0,0,0,2,1,2,1,35,6,-1,-1,-1,-1,-1,-1
201601HT20203,2,9,0,18,0,2,0,0,0,0,1,1,6,2,-1,-1,1248,2,2,-1,-1,-1
201601HT20204,1,9,0,18,0,8,0,0,0,0,3,1,6,2,33,6,-1,-1,-1,3,1,3
201601HT20204,2,1,0,9,0,8,0,0,0,0,1,1,6,1,36,7,-1,-1,-1,5,1,5
201601HT20205,1,3,0,18,0,1,0,0,0,0,1,1,6,1,23,5,125,1,5,6,1,6
201601HT20205,2,9,0,18,0,1,0,0,0,0,2,1,6,3,-1,-1,-1,-1,-1,-1,-1,-1
201601HT20206,1,2,0,18,0,0,0,0,0,0,1,1,1,1,28,6,108,1,1,1,1,1
201601HT20207,1,9,0,4,0,1,0,0,0,0,2,1,6,2,33,6,1242,1,10,3,1,3
201601HT20207,2,9,0,18,0,1,0,0,0,0,1,1,6,2,43,7,1596,1,15,3,1,3
201601HT20209,1,9,0,9,0,8,0,0,0,0,3,1,6,1,41,7,1968,2,6,7,1,7
201601HT20209,2,3,0,13,0,8,0,0,0,0,4,1,6,1,31,6,108,1,4,-1,-1,-1
201601HT20210,1,9,0,18,0,1,0,0,0,0,3,1,6,1,45,7,1461,2,4,2,1,2
201601HT20211,1,21,0,10,0,8,0,0,0,0,0,1,6,1,33,6,7698,2,2,9,1,9
201601HT20211,2,3,0,18,0,8,0,0,0,0,0,1,6,1,37,7,-1,-1,-1,8,1,8
201601HT20212,1,9,0,4,0,0,0,0,0,0,2,1,6,1,33,6,1968,2,9,1,1,1
201601HT20212,2,9,0,18,0,0,0,0,0,0,1,1,6,1,30,6,1791,8,4,6,1,6
201601HT20213,1,9,0,18,0,8,0,0,0,0,1,1,2,1,24,5,1339,8,7,2,1,2
201601HT20213,2,8,0,18,0,8,0,0,0,0,4,1,1,1,44,7,2143,2,4,2,1,2
201601HT20214,1,9,0,18,0,0,0,4,0,0,4,1,6,1,26,6,1248,1,7,4,1,4
201601HT20214,2,9,0,6,0,0,0,4,0,0,3,1,6,1,39,7,2143,2,5,10,1,10
201601HT20214,3,9,0,2,0,0,0,0,0,0,4,1,6,2,49,8,1598,1,9,-1,-1,-1
201601HT20214,4,9,0,2,0,0,0,0,0,0,4,1,6,1,34,6,1995,2,8,-1,-1,-1
201601HT20215,1,9,0,18,0,1,0,0,0,0,4,1,6,1,46,8,1997,2,2,9,2,9
201601HT20216,1,8,0,3,0,1,0,0,0,0,3,1,1,1,37,7,2143,2,1,2,1,2
201601HT20216,2,3,0,14,0,1,0,8,0,0,1,1,6,1,28,6,108,1,2,3,1,3
201601HT20217,1,10,0,18,0,0,0,0,0,0,0,1,1,1,38,7,-1,-1,-1,-1,-1,-1
201601HT20217,2,9,0,18,0,0,0,4,0,0,1,1,6,1,24,5,2000,2,12,8,1,8
201601HT20217,3,9,0,2,0,0,0,0,0,0,4,1,6,1,-1,-1,2497,1,10,-1,-1,-1
201601HT20217,4,9,0,2,0,0,0,0,0,0,4,1,6,2,-1,-1,1390,1,15,-1,-1,-1
201601HT20218,1,9,0,18,0,1,0,4,0,0,1,1,6,1,38,7,1596,1,14,1,1,1
201601HT20218,2,9,0,9,0,1,0,0,0,0,4,1,6,1,37,7,1796,1,11,2,1,2
201601HT20218,3,9,0,2,0,1,0,0,0,0,3,1,6,3,-1,-1,2148,2,10,-1,-1,-1
201601HT20219,1,9,0,4,0,0,0,0,0,0,2,1,6,1,34,6,1797,8,4,1,1,1
201601HT20219,2,9,0,18,0,0,0,0,0,0,1,1,6,1,20,4,1493,1,16,-1,-1,-1
201601HT20220,1,9,0,4,0,1,0,0,0,0,2,1,1,1,29,6,1598,2,5,1,1,1
201601HT20220,2,9,0,18,0,1,0,0,0,0,1,1,6,1,-1,-1,1834,1,16,-1,-1,-1
201601HT20221,1,9,0,18,0,8,0,0,0,0,1,1,6,1,39,7,1598,1,13,1,1,1
201601HT20221,2,19,0,9,0,8,0,0,0,0,4,1,6,1,31,6,2143,2,2,-1,-1,-1
201601HT20222,1,3,0,18,2,0,0,0,0,0,3,1,6,1,23,5,124,1,8,3,1,3
201601HT20222,2,9,0,11,2,0,0,0,0,0,4,1,6,1,29,6,1242,1,15,1,1,1
201601HT20223,1,9,0,3,0,1,0,0,0,0,2,1,6,1,46,8,1797,8,5,1,1,1
201601HT20223,2,9,0,18,0,1,0,0,0,0,1,1,6,2,30,6,2179,2,3,-1,-1,-1
201601HT20224,1,3,0,3,0,0,0,0,0,0,1,1,6,1,29,6,124,1,6,1,1,1
201601HT20224,2,9,0,1,0,0,0,0,0,0,2,1,6,1,-1,-1,1796,1,10,-1,-1,-1
201601HT20225,1,9,0,9,0,8,0,0,1,0,1,1,6,3,-1,-1,-1,-1,-1,-1,-1,-1
201601HT20225,2,1,0,18,0,8,0,0,0,0,3,1,6,2,32,6,-1,-1,-1,6,1,6
201601HT20227,1,9,0,5,0,0,0,0,0,0,3,1,6,1,46,8,1248,2,10,2,1,2
201601HT20227,2,9,0,18,0,0,0,0,0,0,1,1,6,3,-1,-1,1895,1,15,-1,-1,-1
201601HT20229,1,3,0,18,0,1,0,0,0,0,1,1,6,1,24,5,124,1,4,2,1,2
201601HT20230,1,9,0,18,0,1,0,0,0,0,1,1,6,3,-1,-1,-1,-1,-1,-1,-1,-1
201601HT20230,2,1,0,18,0,1,0,0,0,0,2,1,6,1,30,6,-1,-1,-1,3,1,3
201601HT20231,1,19,0,16,0,2,0,0,0,0,1,1,1,1,32,6,1560,2,9,4,1,4
201601HT20232,1,1,0,18,0,0,0,0,0,0,3,1,6,1,47,8,-1,-1,-1,2,1,2
201601HT20232,2,9,0,13,0,0,0,0,0,0,4,1,6,2,45,7,1360,1,12,2,1,2
201601HT20233,1,1,0,18,0,0,0,8,0,0,1,1,6,2,25,5,-1,-1,-1,1,1,1
201601HT20233,2,9,0,2,0,0,0,0,0,0,3,1,6,2,-1,-1,-1,-1,-1,-1,-1,-1
201601HT20234,1,9,0,18,0,0,0,0,0,0,1,1,6,1,31,6,1560,2,5,-1,-1,-1
201601HT20235,1,3,0,18,0,0,0,0,0,0,1,1,6,1,28,6,108,1,3,2,1,2
201601HT20236,1,1,0,18,0,8,0,0,0,0,1,1,2,1,40,7,-1,-1,-1,6,1,6
201601HT20236,2,3,0,9,0,8,0,0,0,0,4,1,6,3,-1,-1,125,1,8,-1,-1,-1
201601HT20237,1,11,0,3,0,2,0,0,0,0,0,1,1,1,54,8,4461,2,2,3,1,3
201601HT20238,1,9,0,9,0,2,0,0,0,0,2,1,6,1,39,7,1798,8,4,2,1,2