Accident_Index,Vehicle_Reference,Vehicle_Type,Towing_and_Articulation,Vehicle_Manoeuvre,Vehicle_Location-Restricted_Lane,Junction_Location,Skidding_and_Overturning,Hit_Object_in_Carriageway,Vehicle_Leaving_Carriageway,Hit_Object_off_Carriageway,1st_Point_of_Impact,Was_Vehicle_Left_Hand_Drive?,Journey_Purpose_of_Driver,Sex_of_Driver,Age_of_Driver,Age_Band_of_Driver,Engine_Capacity_(CC),Propulsion_Code,Age_of_Vehicle,Driver_IMD_Decile,Driver_Home_Area_Type,Vehicle_IMD_Decile
201601HT20238,2,9,0,9,0,2,0,0,0,0,1,1,6,3,-1,-1,-1,-1,-1,-1,-1,-1
201601HT20239,1,9,0,18,0,2,0,0,0,0,3,1,2,2,43,7,1598,1,16,2,1,2
201601HT20239,2,20,0,11,0,2,0,0,0,0,4,1,6,3,-1,-1,-1,-1,-1,-1,-1,-1
201601HT20240,1,21,0,5,0,1,0,0,0,0,1,1,1,1,64,9,10677,2,1,3,3,3
201601HT20240,2,3,0,5,0,1,0,0,0,0,2,1,6,1,48,8,49,1,9,4,1,4
201601HT20241,1,9,0,1,0,1,0,0,0,0,2,1,6,3,-1,-1,-1,-1,-1,-1,-1,-1
201601HT20242,1,9,0,4,0,1,0,0,0,0,2,1,6,1,66,10,1998,1,14,3,1,3
201601HT20242,2,9,0,18,0,1,0,0,0,0,1,1,6,3,-1,-1,-1,-1,-1,-1,-1,-1
201601HT20243,1,1,0,16,0,8,0,0,0,0,3,1,2,1,41,7,-1,-1,-1,2,1,2
201601HT20243,2,9,0,18,0,8,0,0,0,0,1,1,6,1,30,6,2000,1,11,-1,-1,-1
201601HT20245,1,9,0,18,0,0,0,0,0,0,3,1,6,1,35,6,1753,2,13,8,1,8
201601HT20245,2,9,0,11,0,0,0,0,0,0,4,1,6,3,-1,-1,1390,1,11,-1,-1,-1
201601HT20246,1,9,0,18,0,1,0,0,0,0,1,1,6,2,23,5,1242,1,3,4,1,4
201601HT20247,1,9,0,7,0,8,0,0,0,0,1,1,6,1,60,9,1560,2,9,3,1,3
201601HT20247,2,9,0,18,0,8,0,0,0,0,3,1,6,1,29,6,-1,-1,-1,2,1,2
201601HT20248,1,9,0,4,0,0,0,0,0,0,2,1,6,1,32,6,2143,2,4,4,1,4
201601HT20248,2,9,0,18,0,0,0,0,0,0,1,1,6,3,-1,-1,-1,-1,-1,-1,-1,-1
201601HT20249,1,9,0,7,0,8,0,0,0,0,3,1,1,1,30,6,-1,-1,-1,4,1,4
201601HT20249,2,1,0,17,0,8,0,0,0,0,1,1,1,1,44,7,-1,-1,-1,8,1,8
201601HT20250,1,11,0,18,0,1,0,0,0,0,4,1,1,1,55,8,4500,2,2,3,1,3
201601HT20250,2,9,0,12,2,1,0,0,0,0,3,1,6,1,21,5,1796,1,14,2,1,2
201601HT20251,1,1,0,18,0,1,0,0,0,0,3,1,2,1,25,5,-1,-1,-1,9,1,9
201601HT20251,2,9,0,7,0,5,0,0,0,0,4,1,6,1,-1,-1,1991,2,7,-1,-1,-1
201601HT20252,1,9,0,9,0,8,0,0,0,0,4,1,6,1,23,5,1598,1,11,3,1,3
201601HT20252,2,3,0,18,0,8,0,0,0,0,1,1,1,1,21,5,108,1,4,3,1,3
201601HT20253,1,1,0,18,0,1,0,0,0,0,3,1,6,1,36,7,-1,-1,-1,2,1,2
201601HT20253,2,9,0,7,0,5,0,0,0,0,4,1,6,3,-1,-1,1997,1,14,-1,-1,-1
201601HT20254,1,9,0,1,0,1,0,0,0,0,2,1,6,1,23,5,1461,2,3,4,1,4
201601HT20255,1,19,0,18,0,1,0,0,0,0,3,1,6,1,-1,-1,2148,2,7,-1,-1,-1
201601HT20256,1,9,0,7,0,8,0,0,0,0,3,1,2,1,18,4,698,1,10,-1,-1,-1
201601HT20256,2,11,0,18,0,8,0,0,0,0,1,1,1,1,27,6,4500,2,7,3,1,3
201601HT20257,1,1,0,5,0,1,0,0,0,0,3,1,6,1,30,6,-1,-1,-1,2,1,2
201601HT20257,2,21,0,7,0,1,0,0,0,0,4,1,6,1,49,8,6870,2,5,3,1,3
201601HT20258,1,11,0,18,0,1,0,0,0,0,0,1,1,1,26,6,4461,2,2,-1,-1,-1
201601HT20259,1,9,0,7,0,8,0,0,0,0,1,1,2,2,25,5,1596,1,13,3,1,3
201601HT20259,2,9,0,1,0,8,0,0,0,0,2,1,6,1,-1,-1,-1,-1,-1,-1,-1,-1
201601HT20260,1,9,0,9,0,8,0,0,0,0,1,1,6,1,24,5,1900,2,12,2,1,2
201601HT20260,2,3,0,18,0,8,0,0,0,0,3,1,6,2,34,6,124,1,5,7,1,7
201601HT20261,1,1,0,18,0,1,0,0,0,0,3,1,2,1,25,5,-1,-1,-1,2,1,2
201601HT20261,2,9,0,7,0,5,0,0,0,0,4,1,6,2,45,7,2143,2,3,-1,-1,-1
201601HT20262,1,9,0,18,0,8,0,0,0,0,3,1,6,1,31,6,2497,2,11,5,1,5
201601HT20262,2,19,0,9,0,8,0,0,0,0,1,1,1,1,47,8,2198,2,4,3,1,3
201601HT20265,1,90,0,1,9,1,0,0,0,0,2,1,6,1,50,8,-1,-1,-1,-1,-1,-1
201601HT20267,1,9,0,18,0,0,0,0,0,0,4,1,2,1,27,6,1368,1,4,5,1,5
201601HT20268,1,9,0,17,0,8,0,0,0,0,1,1,6,1,19,4,1598,1,3,1,1,1
201601HT20268,2,1,0,17,0,8,0,0,0,0,2,1,6,2,37,7,-1,-1,-1,4,1,4
201601HT20270,1,9,0,11,0,1,0,0,0,0,2,1,6,1,24,5,1968,2,3,1,1,1
201601HT20270,2,9,0,5,0,1,0,0,0,0,1,1,6,2,30,6,1248,1,3,-1,-1,-1
201601HT20271,1,9,0,2,0,1,0,0,0,0,3,1,1,1,30,6,998,1,4,2,1,2
201601HT20271,2,1,0,18,0,1,0,8,0,0,1,1,6,1,32,6,-1,-1,-1,-1,-1,-1
201601HT20272,1,9,0,3,0,1,0,0,0,0,1,1,6,1,26,6,1985,2,13,5,1,5
201601HT20272,2,8,0,1,0,1,0,0,0,0,2,1,1,1,45,7,1997,2,4,2,1,2
201601HT20275,1,19,0,18,0,8,0,0,0,0,3,1,6,1,31,6,1598,2,9,7,1,7
201601HT20275,2,9,0,11,0,8,0,0,0,0,4,1,6,1,-1,-1,-1,-1,-1,-1,-1,-1
201601HT20276,1,9,0,18,0,1,0,0,0,0,1,1,6,3,-1,-1,-1,-1,-1,-1,-1,-1
201601HT20277,1,9,0,9,0,2,0,0,0,0,1,1,6,1,30,6,2987,2,9,-1,-1,-1
201601HT20278,1,8,0,7,0,8,0,0,0,0,1,1,6,1,36,7,2179,2,4,3,1,3
201601HT20279,1,8,0,18,0,8,0,0,0,0,4,1,1,1,31,6,1598,2,3,3,1,3
201601HT20279,2,1,0,5,0,8,0,0,0,0,1,1,6,2,30,6,-1,-1,-1,2,1,2
201601HT20280,1,9,0,12,0,0,0,0,1,0,4,1,6,1,36,7,1995,2,4,4,1,4
201601HT20280,2,3,0,14,0,0,0,0,0,0,1,1,6,1,30,6,124,1,3,5,2,5
201601HT20281,1,3,0,7,0,8,0,0,0,0,1,1,6,1,-1,-1,-1,-1,-1,-1,-1,-1
201601HT20281,2,9,0,9,0,8,0,0,0,0,1,1,6,1,-1,-1,-1,-1,-1,-1,-1,-1
201601HT20283,1,9,0,18,0,8,0,0,0,0,4,1,6,2,24,5,2143,2,5,1,1,1
201601HT20283,2,9,0,17,0,8,0,0,0,0,1,1,6,2,24,5,-1,-1,-1,8,1,8
201601HT20285,1,9,0,2,0,8,0,0,0,0,2,1,2,1,34,6,1461,2,1,3,1,3
201601HT20285,2,19,0,9,0,8,0,4,0,0,1,1,6,1,-1,-1,-1,-1,-1,-1,-1,-1
201601HT20286,1,9,0,18,0,8,0,0,0,0,1,1,6,2,64,9,1390,1,16,2,1,2
201601HT20287,1,9,0,18,0,8,0,0,0,0,4,1,4,1,58,9,1299,1,13,2,1,2
201601HT20287,2,9,0,18,0,7,0,0,0,0,1,1,6,1,-1,-1,2297,1,16,4,1,4
201601HT20288,1,4,0,4,0,0,1,0,0,0,1,1,1,1,48,8,299,1,1,2,1,2
201601HT20288,2,8,0,18,0,0,0,0,0,0,2,1,6,1,51,8,1560,2,4,6,1,6
201601HT20289,1,3,0,18,0,0,0,0,0,0,3,1,2,1,41,7,124,1,2,4,1,4
201601HT20289,2,9,0,11,0,0,0,0,0,0,4,1,4,1,-1,-1,-1,-1,-1,-1,-1,-1
201601HT20291,1,11,0,18,0,0,0,0,0,0,0,1,1,1,23,5,-1,-1,-1,2,1,2
201601HT20291,2,9,0,13,0,0,0,0,0,0,0,1,6,1,-1,-1,2926,2,14,-1,-1,-1
201601HT20293,1,9,0,18,0,8,0,0,0,0,4,1,1,1,31,6,1998,1,1,2,1,2
201601HT20293,2,9,0,9,0,8,0,0,0,0,1,1,6,2,-1,-1,1390,1,11,-1,-1,-1
201601HT20294,1,8,0,18,0,1,0,0,0,0,2,1,1,1,55,8,1997,2,4,3,1,3
201601HT20294,2,9,0,18,0,1,0,0,0,0,1,1,6,2,44,7,1242,1,3,8,1,8
201601HT20295,1,9,0,18,0,0,0,0,0,0,2,1,6,1,-1,-1,1364,1,12,3,1,3
201601HT20295,2,9,0,18,0,0,0,0,0,0,1,1,6,2,-1,-1,1229,1,3,9,1,9
201601HT20296,1,9,0,18,0,0,1,0,0,0,1,1,6,1,19,4,1794,1,12,2,1,2
201601HT20296,2,19,0,18,0,0,2,0,0,0,2,1,6,1,27,6,1598,2,1,10,1,10
201601HT20297,1,9,0,18,0,0,0,0,0,0,2,1,1,1,32,6,999,1,3,3,1,3
201601HT20297,2,9,0,18,0,0,0,0,0,0,1,1,6,1,-1,-1,1595,1,10,-1,-1,-1
201601HT20298,1,9,0,18,0,1,0,0,0,0,3,1,6,1,30,6,1598,1,9,1,1,1
201601HT20298,2,4,0,11,0,1,0,0,0,0,4,1,6,1,45,7,499,1,19,-1,-1,-1
201601HT20300,1,9,0,12,0,0,0,0,0,0,3,1,6,2,46,8,1598,2,5,1,1,1
201601HT20300,2,3,0,18,0,0,0,0,0,0,4,1,6,2,-1,-1,-1,-1,-1,4,1,4
201601HT20301,1,11,0,18,0,1,0,0,0,0,1,1,1,1,33,6,4500,2,6,2,1,2
201601HT20301,2,9,0,4,0,1,0,0,0,0,2,1,6,1,33,6,1900,2,10,3,1,3
201601HT20302,1,9,0,18,0,2,0,0,0,0,1,1,6,2,19,4,1900,2,10,1,1,1
201601HT20302,2,8,0,6,0,2,0,0,0,0,3,1,6,1,46,8,1997,2,1,2,1,2
201601HT20303,1,9,0,18,0,1,0,0,0,0,1,1,6,1,-1,-1,-1,-1,-1,-1,-1,-1
201601HT20303,2,1,0,18,0,1,0,0,0,0,2,1,6,1,43,7,-1,-1,-1,-1,-1,-1
201601HT20304,1,9,0,18,0,2,0,0,0,0,0,1,1,1,-1,-1,2231,2,4,-1,-1,-1
201601HT20304,2,9,0,18,0,2,0,10,7,0,1,1,6,1,-1,-1,1798,1,9,-1,-1,-1
201601HT20304,3,9,0,18,0,1,0,0,0,0,1,1,6,1,39,7,1388,1,13,2,1,2
201601HT20305,1,9,0,18,0,0,0,0,0,0,2,1,6,1,69,10,1598,1,5,2,1,2
201601HT20305,2,9,0,18,0,0,0,0,0,0,1,1,1,1,-1,-1,2143,2,6,2,1,2
201601HT20306,1,11,0,18,0,0,0,0,0,0,0,1,1,1,49,8,4461,2,2,-1,-1,-1
201601HT20307,1,9,0,18,0,1,0,0,0,0,1,1,6,1,22,5,1368,1,10,3,1,3
201601HT20307,2,9,0,3,0,1,0,0,0,0,2,1,6,2,32,6,1242,1,8,1,1,1
201601HT20308,1,9,0,9,0,8,0,0,0,0,4,1,6,2,42,7,1596,1,2,2,1,2
201601HT20308,2,1,0,18,0,8,0,0,0,0,1,1,6,1,27,6,-1,-1,-1,2,1,2
201601HT20309,1,9,0,16,0,8,0,0,0,0,3,1,6,2,33,6,1598,1,2,4,1,4
201601HT20309,2,1,0,9,0,8,0,0,0,0,1,1,2,1,59,9,-1,-1,-1,4,1,4
201601HT20310,1,9,0,7,0,5,0,0,0,0,4,1,6,1,29,6,1984,1,13,1,1,1
201601HT20310,2,1,0,18,0,1,0,0,0,0,3,1,6,1,22,5,-1,-1,-1,1,1,1
201601HT20312,1,9,0,18,0,2,0,0,0,0,1,1,6,1,58,9,3199,1,14,4,1,4
201601HT20312,2,9,0,3,0,2,0,0,0,0,2,1,6,2,44,7,3800,1,4,-1,-1,-1
201601HT20312,3,8,0,3,0,2,0,0,0,0,2,1,6,3,-1,-1,-1,-1,-1,-1,-1,-1
201601HT20313,1,9,0,18,0,0,0,0,0,0,4,1,6,2,34,6,1998,1,13,2,1,2
201601HT20313,2,1,0,18,0,0,0,0,0,0,3,1,6,1,32,6,-1,-1,-1,-1,-1,-1
201601HT20314,1,8,0,5,0,2,0,0,0,0,3,1,1,1,42,7,1598,1,3,2,1,2
201601HT20314,2,3,0,18,0,2,0,0,0,0,4,1,6,1,27,6,125,1,9,3,1,3
201601HT20315,1,9,0,7,0,8,0,0,0,0,3,1,6,2,58,9,1360,1,4,2,1,2
201601HT20315,2,9,0,18,0,8,0,0,0,0,1,1,6,2,43,7,1497,8,8,9,1,9
201601HT20316,1,1,0,18,0,8,0,0,0,0,1,1,2,2,25,5,-1,-1,-1,5,1,5
201601HT20316,2,20,0,9,0,8,0,0,0,0,4,1,6,1,-1,-1,4461,2,5,-1,-1,-1
201601HT20317,1,3,0,18,0,1,0,0,0,0,4,1,6,1,26,6,125,1,-1,2,1,2
201601HT20317,2,9,0,6,0,1,0,0,0,0,3,1,6,3,-1,-1,-1,-1,-1,-1,-1,-1
201601HT20318,1,9,0,18,0,1,0,0,0,0,1,1,3,1,54,8,1797,8,5,3,1,3
201601HT20319,1,9,0,5,0,2,0,0,0,0,2,1,6,2,21,5,-1,-1,-1,2,1,2
201601HT20319,2,9,0,5,0,2,0,0,0,0,2,1,6,1,39,7,1995,2,13,7,1,7
201601HT20319,3,9,0,18,0,2,0,0,0,0,1,1,6,1,44,7,1997,2,2,1,1,1
201601HT20320,1,1,0,18,0,0,0,0,0,0,1,1,6,1,-1,-1,-1,-1,-1,-1,-1,-1
201601HT20321,1,3,0,18,0,0,0,0,0,0,1,1,1,1,35,6,102,1,2,3,1,3
201601HT20322,1,3,0,4,0,1,0,0,0,0,2,1,2,1,42,7,124,1,14,4,1,4
201601HT20322,2,19,0,18,0,1,0,0,0,0,1,1,6,1,-1,-1,1968,2,4,2,1,2
201601HT20323,1,8,0,18,0,1,0,0,0,0,1,1,1,1,42,7,1798,8,-1,5,1,5
201601HT20324,1,11,0,18,0,1,0,0,0,0,0,1,6,1,33,6,8268,2,14,4,1,4
201601HT20325,1,1,0,18,9,0,0,0,0,0,1,1,6,1,24,5,-1,-1,-1,-1,-1,-1
201601HT20326,1,9,0,6,0,1,0,0,0,0,3,1,6,1,28,6,2967,2,10,2,1,2
201601HT20326,2,9,0,18,0,1,0,0,0,0,1,1,1,1,48,8,2191,2,3,3,1,3
201601HT20328,1,19,0,6,0,0,0,0,0,0,3,1,1,1,47,8,2198,2,1,3,1,3
201601HT20328,2,3,0,18,0,0,0,0,0,0,4,1,1,1,25,5,125,1,4,2,1,2
201601HT20329,1,9,0,18,0,1,0,0,0,0,1,1,6,1,49,8,1386,1,8,3,1,3
201601HT20329,2,9,0,18,0,2,0,0,0,0,1,1,6,3,-1,-1,1796,1,13,-1,-1,-1
201601HT20330,1,9,0,18,0,8,0,0,0,0,1,1,6,2,32,6,1198,1,2,3,1,3
201601HT20330,2,1,0,18,0,8,0,0,0,0,3,1,6,2,25,5,-1,-1,-1,3,1,3
201601HT20331,1,9,0,9,0,8,0,0,0,0,1,1,6,3,-1,-1,-1,-1,-1,-1,-1,-1
201601HT20331,2,3,0,18,0,8,0,0,0,0,3,1,2,1,29,6,125,1,1,1,1,1
201601HT20332,1,9,0,3,0,1,0,0,0,0,2,1,6,1,44,7,5998,1,9,4,1,4
201601HT20332,2,9,0,18,0,1,0,0,0,0,1,1,6,1,-1,-1,1360,1,10,-1,-1,-1
201601HT20333,1,3,0,4,0,1,0,0,0,0,3,1,1,2,25,5,125,1,3,6,1,6
201601HT20333,2,5,0,7,0,1,0,0,0,0,4,1,6,3,-1,-1,-1,-1,-1,-1,-1,-1
201601HT20334,1,9,0,18,0,1,0,0,0,0,1,1,6,1,61,9,-1,-1,-1,6,1,6
201601HT20334,2,9,0,9,0,2,0,0,0,0,1,1,6,2,-1,-1,-1,-1,-1,3,1,3
201601HT20335,1,1,0,9,0,8,0,0,0,0,4,1,6,1,48,8,-1,-1,-1,3,1,3
201601HT20335,2,9,0,18,0,8,0,0,0,0,1,1,6,1,42,7,1797,8,5,3,1,3
201601HT20336,1,1,0,17,0,8,0,0,0,0,4,1,2,1,32,6,-1,-1,-1,1,1,1
201601HT20336,2,9,0,9,0,8,0,0,0,0,1,1,6,1,-1,-1,2494,1,16,2,1,2
201601HT20337,1,3,0,9,0,8,0,0,0,0,4,1,6,1,37,7,124,1,17,1,1,1
201601HT20337,2,1,0,18,0,8,0,0,0,0,1,1,6,1,27,6,-1,-1,-1,-1,-1,-1
201601HT20338,1,8,0,18,0,8,0,0,0,0,3,1,6,1,38,7,1968,2,7,3,1,3
201601HT20338,2,9,0,9,0,8,0,0,0,0,1,1,6,1,-1,-1,2993,2,4,-1,-1,-1
201601HT20339,1,1,0,18,0,8,0,0,0,0,4,1,6,1,28,6,-1,-1,-1,6,1,6
201601HT20339,2,9,0,9,0,8,0,0,0,0,1,1,6,2,-1,-1,1390,1,12,-1,-1,-1
201601HT20340,1,1,0,18,0,8,0,0,0,0,4,1,2,1,23,5,-1,-1,-1,2,1,2
201601HT20340,2,9,0,7,0,8,0,0,0,0,1,1,6,3,-1,-1,1200,1,-1,-1,-1,-1
201601HT20341,1,19,0,18,0,1,0,0,0,0,3,1,6,3,-1,-1,1753,2,12,-1,-1,-1
201601HT20342,1,9,0,1,0,2,0,0,0,0,2,1,6,1,42,7,2987,2,3,2,1,2
201601HT20342,2,8,0,3,0,2,0,0,0,0,1,1,1,1,43,7,1198,1,3,1,1,1
201601HT20343,1,9,0,18,0,0,0,0,0,0,1,1,1,1,29,6,1598,1,4,2,1,2
201601HT20343,2,3,0,4,0,0,0,0,0,0,2,1,6,1,32,6,125,1,1,3,1,3
201601HT20345,1,9,0,4,0,0,0,0,0,0,2,1,6,1,24,5,1956,2,5,2,1,2
201601HT20345,2,9,0,4,0,0,0,0,0,0,1,1,6,1,39,7,1596,1,12,2,1,2
201601HT20346,1,9,0,2,0,1,0,0,0,0,3,1,6,1,42,7,1339,8,5,3,1,3
201601HT20346,2,1,0,18,0,1,0,8,0,0,1,1,6,2,25,5,-1,-1,-1,3,1,3
201601HT20347,1,9,0,18,0,8,0,0,0,0,1,1,6,1,33,6,1598,2,2,5,1,5
201601HT20347,2,3,0,18,0,8,0,0,0,0,3,1,6,1,36,7,108,1,2,1,1,1
201601HT20349,1,9,0,18,0,0,0,0,0,0,4,1,6,1,-1,-1,-1,-1,-1,-1,-1,-1
201601HT20350,1,19,0,9,0,8,0,0,0,0,3,1,6,1,27,6,2143,2,4,5,1,5
201601HT20350,2,3,0,13,0,8,0,0,0,0,4,1,6,1,36,7,125,1,10,4,1,4
201601HT20351,1,9,0,9,0,8,0,0,0,0,1,1,1,1,27,6,-1,-1,-1,3,1,3
201601HT20351,2,9,0,18,0,8,0,0,0,0,3,1,6,1,57,9,2143,2,4,4,1,4
201601HT20352,1,9,0,18,0,8,0,0,0,0,4,1,6,2,38,7,1242,1,10,2,1,2
201601HT20352,2,9,0,18,0,8,0,0,0,0,1,1,6,1,43,7,1248,2,9,4,1,4
201601HT20353,1,19,0,10,0,1,0,0,0,0,2,1,1,1,32,6,2287,2,2,4,1,4
201601HT20353,2,19,0,18,0,1,0,0,0,0,1,1,6,1,36,7,1560,2,2,2,1,2
201601HT20354,1,9,0,5,0,0,0,4,0,0,1,1,6,2,23,5,1296,1,8,2,1,2
201601HT20354,2,9,0,2,0,0,0,0,0,0,2,1,6,1,29,6,1797,8,5,2,1,2
201601HT20355,1,9,0,18,0,8,0,0,0,0,1,1,6,1,52,8,2494,2,9,5,1,5
201601HT20355,2,19,0,18,0,8,0,0,0,0,4,1,6,1,46,8,2198,2,8,-1,-1,-1
201601HT20357,1,3,0,18,0,0,0,0,0,0,1,1,6,1,30,6,125,1,4,2,1,2
201601HT20357,2,9,0,6,0,0,0,0,0,0,3,1,6,1,47,8,1995,2,4,2,1,2
201601HT20358,1,9,0,18,0,2,0,0,0,0,4,1,6,1,72,10,1968,2,-1,4,1,4
201601HT20359,1,9,0,9,0,8,0,0,0,0,1,1,6,1,52,8,1997,2,13,4,1,4
201601HT20359,2,9,0,18,0,8,0,0,0,0,1,1,6,1,20,4,1596,1,7,4,1,4
201601HT20360,1,5,0,18,0,1,0,0,0,0,3,1,6,1,50,8,600,1,11,3,1,3
201601HT20360,2,9,0,11,0,1,0,0,0,0,4,1,6,1,34,6,3800,1,3,10,2,10
201601HT20361,1,9,0,18,0,0,0,0,0,0,2,1,6,1,39,7,-1,-1,-1,3,1,3
201601HT20361,2,9,0,18,0,0,0,0,0,0,1,1,6,1,-1,-1,-1,-1,-1,2,1,2
201601HT20362,1,9,0,9,0,8,0,0,0,0,3,1,1,1,24,5,-1,-1,-1,3,1,3
201601HT20362,2,5,0,18,0,8,0,0,0,0,1,1,6,1,29,6,321,1,-1,2,1,2
201601HT20363,1,9,0,18,0,2,0,0,0,0,1,1,6,1,28,6,2179,2,4,2,1,2
201601HT20364,1,9,0,18,0,0,0,0,0,0,1,1,6,1,40,7,1587,1,10,2,1,2
201601HT20364,2,9,0,18,0,0,0,0,0,0,1,1,6,2,31,6,1596,1,7,2,1,2
201601HT20365,1,9,0,16,0,8,0,0,0,0,2,1,6,2,40,7,2497,2,12,2,1,2
201601HT20365,2,9,0,16,0,8,0,0,0,0,1,1,6,1,-1,-1,1997,2,5,-1,-1,-1
201601HT20366,1,9,0,18,0,1,0,0,0,0,1,1,6,2,-1,-1,1461,2,2,4,1,4
201601HT20367,1,3,0,14,0,2,0,0,0,0,1,1,2,1,25,5,125,1,-1,9,1,9
201601HT20368,1,11,0,7,0,2,0,0,0,0,4,1,1,1,56,9,4760,2,5,1,1,1
201601HT20369,1,9,0,7,0,8,0,0,0,0,1,1,1,1,29,6,1995,2,5,2,1,2
201601HT20369,2,1,0,18,0,8,0,0,0,0,0,1,6,1,55,8,-1,-1,-1,-1,-1,-1
201601HT20370,1,1,0,18,0,0,0,0,0,0,2,1,2,1,32,6,-1,-1,-1,3,1,3
201601HT20370,2,9,0,18,0,0,0,0,0,0,1,1,6,3,-1,-1,-1,-1,-1,-1,-1,-1
201601HT20373,1,3,0,18,0,1,0,0,0,0,2,1,6,1,61,9,125,1,4,6,1,6
201601HT20373,2,9,0,18,0,1,0,0,0,0,1,1,6,1,35,6,2204,2,9,4,1,4
201601HT20374,1,5,0,7,0,5,0,0,0,0,2,1,6,1,35,6,599,1,6,2,1,2
201601HT20374,2,9,0,7,0,5,0,0,0,0,1,1,6,1,27,6,998,1,8,1,1,1
201601HT20375,1,3,0,10,0,1,0,0,0,0,2,1,6,2,37,7,-1,-1,-1,6,1,6
201601HT20375,2,9,0,18,0,1,0,0,0,0,1,1,6,2,-1,-1,1997,2,7,-1,-1,-1
201601HT20376,1,9,0,18,0,8,0,0,0,0,1,1,6,1,39,7,-1,-1,-1,2,1,2
201601HT20376,2,3,0,18,0,8,0,0,0,0,4,1,6,1,36,7,-1,-1,-1,5,1,5
201601HT20377,1,9,0,18,0,0,0,0,0,0,4,1,6,2,-1,-1,1995,2,-1,5,1,5
201601HT20379,1,9,0,9,0,2,0,0,0,0,2,1,6,1,25,5,1296,1,8,3,1,3
201601HT20379,2,9,0,9,0,2,0,0,0,0,1,1,6,1,-1,-1,2494,1,11,-1,-1,-1
201601HT20381,1,8,0,18,0,2,0,0,0,0,1,1,1,1,-1,-1,-1,-1,-1,-1,-1,-1
201601HT20382,1,4,0,9,0,8,0,0,0,0,3,1,6,1,31,6,-1,-1,-1,3,1,3
201601HT20383,1,8,0,18,0,2,0,0,0,0,1,1,1,1,47,8,2499,2,7,2,1,2
201601HT20384,1,9,0,7,0,1,0,0,0,0,4,1,6,1,51,8,4398,1,13,3,1,3
201601HT20385,1,9,0,4,0,1,0,0,0,0,2,1,6,1,38,7,1299,1,14,4,1,4
201601HT20385,2,21,0,18,0,1,0,0,0,0,1,1,1,1,36,7,12740,2,4,5,1,5
201601HT20386,1,9,0,18,0,0,0,0,0,0,3,1,6,1,-1,-1,1995,2,13,2,1,2
201601HT20386,2,3,0,11,0,0,0,0,0,0,4,1,6,1,-1,-1,-1,-1,-1,-1,-1,-1
201601HT20386,3,9,0,18,0,0,0,0,0,0,4,1,6,1,-1,-1,-1,-1,-1,2,1,2
201601HT20387,1,9,0,18,9,0,0,7,1,4,1,1,6,1,21,5,1910,2,9,9,1,9
201601HT20388,1,3,0,4,0,1,0,0,0,0,2,1,1,1,27,6,125,1,1,3,1,3
201601HT20388,2,9,0,18,0,1,0,0,0,0,1,1,6,1,66,10,1997,2,3,1,1,1
201601HT20389,1,9,0,9,0,0,0,0,0,0,3,1,6,1,38,7,2204,2,7,3,1,3
201601HT20389,2,1,0,18,0,0,0,0,0,0,1,1,6,1,47,8,-1,-1,-1,5,1,5
201601HT20390,1,4,0,18,0,0,0,0,0,0,1,1,6,1,29,6,108,1,1,1,1,1
201601HT20390,2,9,0,18,0,0,0,0,0,0,1,1,6,1,36,7,1596,1,5,3,1,3
201601HT20391,1,1,0,18,0,0,0,0,0,0,4,1,6,1,33,6,-1,-1,-1,3,1,3
201601HT20391,2,8,0,5,0,0,0,0,0,0,3,1,6,1,49,8,2198,1,9,3,1,3
201601HT20393,1,9,0,18,0,2,0,0,0,0,1,1,6,1,21,5,1390,1,11,2,1,2
201601HT20394,1,9,0,4,0,1,0,0,0,0,2,1,2,1,38,7,1339,8,5,2,1,2
201601HT20394,2,9,0,18,0,1,0,0,0,0,1,1,6,1,25,5,1956,2,6,10,2,10
201601HT20395,1,3,0,18,0,8,0,0,0,0,1,1,6,1,26,6,108,1,3,1,1,1
201601HT20395,2,9,0,9,0,8,0,0,0,0,4,1,6,2,-1,-1,1968,2,7,-1,-1,-1
201601HT20396,1,8,0,12,0,1,0,0,0,0,3,1,1,1,42,7,1794,1,9,2,1,2
201601HT20396,2,5,0,18,0,1,0,0,0,0,4,1,6,1,47,8,998,1,8,5,1,5
201601HT20397,1,9,0,2,0,2,0,0,0,0,3,1,1,1,58,9,1124,1,13,4,1,4
201601HT20397,2,1,0,18,0,2,0,8,0,0,1,1,6,1,29,6,-1,-1,-1,2,1,2
201601HT20398,1,9,0,4,0,0,0,0,0,0,2,1,6,1,21,5,998,1,1,2,1,2
201601HT20398,2,9,0,18,0,0,0,0,0,0,1,1,6,1,22,5,2497,2,9,2,1,2
201601HT20399,1,4,0,18,0,1,0,0,0,0,4,1,6,1,42,7,1050,1,11,3,1,3
201601HT20399,2,9,0,12,0,1,0,0,0,0,3,1,6,1,-1,-1,1364,1,7,3,1,3
201601HT20400,1,9,0,9,0,8,0,0,0,0,4,1,6,1,58,9,1598,1,11,1,1,1
201601HT20400,2,1,0,18,0,8,0,0,0,0,1,1,6,2,32,6,-1,-1,-1,1,1,1
201601HT20401,1,1,0,18,0,8,0,0,0,0,4,1,6,1,33,6,-1,-1,-1,4,1,4
201601HT20401,2,9,0,7,0,8,0,0,0,0,1,1,6,1,-1,-1,-1,-1,-1,3,1,3
201601HT20402,1,10,0,18,0,1,0,0,0,0,1,1,1,1,48,8,-1,-1,-1,2,1,2
201601HT20402,2,9,0,18,0,1,0,0,0,0,2,1,6,1,42,7,1995,2,6,2,1,2
201601HT20403,1,9,0,18,0,2,0,0,0,0,1,1,6,1,42,7,2000,2,10,2,1,2
201601HT20404,1,9,0,18,0,1,0,0,0,0,1,1,2,2,33,6,1360,1,12,4,1,4
201601HT20405,1,1,0,18,0,8,0,4,0,0,1,1,6,2,34,6,-1,-1,-1,2,1,2
201601HT20405,2,8,0,2,0,8,0,0,0,0,3,1,6,1,48,8,2402,2,13,6,1,6