Accident_Index,Vehicle_Reference,Vehicle_Type,Towing_and_Articulation,Vehicle_Manoeuvre,Vehicle_Location-Restricted_Lane,Junction_Location,Skidding_and_Overturning,Hit_Object_in_Carriageway,Vehicle_Leaving_Carriageway,Hit_Object_off_Carriageway,1st_Point_of_Impact,Was_Vehicle_Left_Hand_Drive?,Journey_Purpose_of_Driver,Sex_of_Driver,Age_of_Driver,Age_Band_of_Driver,Engine_Capacity_(CC),Propulsion_Code,Age_of_Vehicle,Driver_IMD_Decile,Driver_Home_Area_Type,Vehicle_IMD_Decile
201601HT20737,1,9,0,7,0,8,0,0,0,0,4,1,6,1,51,8,-1,-1,-1,2,1,2
201601HT20737,2,3,0,18,0,8,0,0,0,0,3,1,2,1,24,5,125,1,7,3,1,3
201601HT20738,1,9,0,4,0,1,0,0,0,0,2,1,6,1,64,9,2401,2,11,5,1,5
201601HT20738,2,9,0,4,3,1,0,0,0,0,2,1,6,2,28,6,1596,1,9,4,1,4
201601HT20738,3,9,0,4,0,1,0,0,0,0,1,1,6,1,30,6,1998,1,12,3,1,3
201601HT20739,1,8,0,18,0,2,0,0,0,0,1,1,1,1,29,6,1997,2,5,1,1,1
201601HT20740,1,3,0,18,0,8,0,0,0,0,4,1,6,1,17,4,125,1,8,6,1,6
201601HT20740,2,9,0,9,0,8,0,0,0,0,1,1,6,3,-1,-1,-1,-1,-1,-1,-1,-1
201601HT20741,1,9,0,18,0,0,0,0,0,0,4,1,6,1,38,7,1560,2,1,1,1,1
201601HT20741,2,9,0,6,0,0,0,0,0,0,3,1,6,1,22,5,1197,1,-1,7,1,7
201601HT20742,1,9,0,1,0,0,0,0,0,0,2,1,1,1,53,8,-1,-1,-1,-1,-1,-1
201601HT20747,1,5,0,18,0,8,0,0,0,0,4,1,1,1,36,7,-1,-1,-1,10,1,10
201601HT20747,2,9,0,7,0,8,0,0,0,0,2,1,2,2,47,8,1560,2,3,6,1,6
201601HT20748,1,1,0,18,0,1,0,0,0,0,2,1,6,2,27,6,-1,-1,-1,-1,-1,-1
201601HT20748,2,9,0,18,0,1,0,0,0,0,1,1,6,2,-1,-1,1798,8,1,-1,-1,-1
201601HT20749,1,1,0,18,0,8,0,0,0,0,3,1,2,2,23,5,-1,-1,-1,3,1,3
201601HT20749,2,9,0,7,0,8,0,0,0,0,4,1,6,1,-1,-1,-1,-1,-1,-1,-1,-1
201601HT20751,1,9,0,18,0,0,0,0,1,7,3,1,6,2,28,6,1995,2,11,2,1,2
201601HT20751,2,9,0,11,0,0,0,0,0,0,4,1,6,3,-1,-1,-1,-1,-1,-1,-1,-1
201601HT20752,1,9,0,4,0,0,0,0,0,0,2,1,6,1,25,5,-1,-1,-1,5,1,5
201601HT20752,2,8,0,4,0,0,0,0,0,0,2,1,6,1,68,10,2664,2,15,7,1,7
201601HT20752,3,9,0,4,0,0,0,0,0,0,2,1,6,2,39,7,1995,2,4,9,1,9
201601HT20752,4,90,0,4,0,0,0,0,0,0,1,1,6,3,-1,-1,-1,-1,-1,-1,-1,-1
201601HT20753,1,1,0,18,0,1,0,0,0,0,1,1,6,1,33,6,-1,-1,-1,4,1,4
201601HT20753,2,1,0,18,0,2,0,0,0,0,1,1,6,1,-1,-1,-1,-1,-1,4,1,4
201601HT20755,1,9,0,4,0,1,0,0,0,0,2,1,1,1,54,8,1497,8,7,3,1,3
201601HT20755,2,9,0,4,0,1,0,0,0,0,2,1,2,1,46,8,1794,1,10,2,1,2
201601HT20755,3,9,0,18,0,1,0,0,0,0,1,1,2,2,22,5,1398,1,-1,1,1,1
201601HT20756,1,9,0,3,0,8,0,0,0,0,2,1,6,1,51,8,1598,1,9,5,1,5
201601HT20756,2,90,0,18,0,8,0,0,0,0,1,1,6,1,46,8,2958,2,9,-1,-1,-1
201601HT20756,3,1,0,7,0,8,0,0,0,0,1,1,6,1,27,6,-1,-1,-1,-1,-1,-1
201601HT20757,1,9,0,4,0,0,0,0,0,0,3,1,6,1,24,5,-1,-1,-1,5,1,5
201601HT20757,2,5,0,13,0,0,0,0,0,0,4,1,6,3,-1,-1,999,1,2,-1,-1,-1
201601HT20758,1,9,0,3,0,0,0,0,0,0,2,1,6,1,45,7,1995,2,9,3,1,3
201601HT20758,2,9,0,3,0,0,0,0,0,0,2,1,6,1,47,8,1896,2,11,2,1,2
201601HT20758,3,9,0,3,0,0,0,0,0,0,2,1,6,1,41,7,1560,2,5,1,1,1
201601HT20758,4,9,0,18,0,0,0,0,0,0,1,1,6,1,35,6,1560,2,8,2,1,2
201601HT20759,1,9,0,18,0,1,0,0,0,0,1,1,6,1,21,5,2143,2,-1,2,1,2
201601HT20759,2,9,0,6,0,1,0,0,0,0,3,1,6,1,28,6,1598,2,2,2,1,2
201601HT20760,1,5,0,18,0,0,0,0,0,0,1,1,6,1,36,7,-1,-1,-1,6,1,6
201601HT20760,2,9,0,18,0,0,0,0,0,0,1,1,6,1,50,8,1910,2,7,4,1,4
201601HT20760,3,9,0,18,0,0,0,0,0,0,1,1,6,1,-1,-1,2993,2,5,-1,-1,-1
201601HT20761,1,9,0,3,0,1,0,0,0,0,1,1,6,2,27,6,1497,8,3,2,1,2
201601HT20761,2,9,0,1,0,2,0,0,0,0,2,1,6,1,-1,-1,-1,-1,-1,-1,-1,-1
201601HT20762,1,9,0,9,0,8,0,0,0,0,1,1,6,1,23,5,1986,2,10,1,1,1
201601HT20762,2,9,0,18,0,8,0,0,0,0,3,1,6,3,-1,-1,1995,2,12,-1,-1,-1
201601HT20763,1,9,0,9,0,8,0,0,0,0,3,1,6,2,28,6,1968,2,9,2,1,2
201601HT20763,2,1,0,18,0,8,0,0,0,0,1,1,6,1,19,4,-1,-1,-1,3,1,3
201601HT20764,1,20,0,18,0,2,0,0,0,0,1,1,1,1,38,7,3920,2,8,8,1,8
201601HT20765,1,9,0,9,0,8,0,0,0,0,1,1,6,2,28,6,1390,1,6,2,1,2
201601HT20765,2,2,0,18,0,8,0,0,0,0,1,1,1,1,26,6,49,1,3,2,1,2
201601HT20766,1,9,0,18,0,1,0,0,0,0,1,1,6,3,-1,-1,2995,1,1,-1,-1,-1
201601HT20766,2,9,0,4,0,1,0,0,0,0,2,1,6,3,-1,-1,-1,-1,-1,-1,-1,-1
201601HT20766,3,1,0,4,0,1,0,0,0,0,2,1,6,1,58,9,-1,-1,-1,3,1,3
201601HT20767,1,9,0,9,0,8,0,0,0,0,2,1,6,2,30,6,1364,1,8,2,1,2
201601HT20767,2,3,0,18,0,8,0,0,0,0,1,1,6,1,-1,-1,-1,-1,-1,-1,-1,-1
201601HT20768,1,5,0,17,0,1,2,0,0,0,1,1,1,1,45,7,-1,-1,-1,-1,-1,-1
201601HT20768,2,9,0,17,0,1,2,0,0,0,2,1,6,1,-1,-1,1598,2,1,-1,-1,-1
201601HT20771,1,9,0,9,0,8,0,0,0,0,4,1,6,1,23,5,1499,2,1,2,1,2
201601HT20771,2,3,0,18,0,8,0,0,0,0,1,1,1,1,24,5,-1,-1,-1,1,1,1
201601HT20772,1,8,0,9,0,8,0,0,0,0,3,1,1,1,39,7,1997,2,3,1,1,1
201601HT20772,2,9,0,18,0,8,0,0,0,0,1,1,6,2,25,5,1560,2,12,2,1,2
201601HT20774,1,9,0,18,0,1,0,0,0,0,1,1,6,1,27,6,1600,1,17,1,1,1
201601HT20774,2,1,0,18,0,1,0,0,0,0,3,1,6,1,14,3,-1,-1,-1,2,1,2
201601HT20775,1,1,0,18,4,8,0,0,0,0,1,1,2,1,47,8,-1,-1,-1,2,1,2
201601HT20775,2,9,0,7,4,8,0,0,0,0,4,1,6,1,-1,-1,1997,2,4,-1,-1,-1
201601HT20777,1,9,0,18,0,8,0,0,0,0,1,1,6,1,-1,-1,1461,2,2,-1,-1,-1
201601HT20777,2,9,0,9,0,8,0,0,0,0,3,1,1,1,30,6,1248,2,6,4,1,4
201601HT20778,1,9,0,18,0,0,0,0,0,0,1,1,6,1,20,4,1390,1,7,4,1,4
201601HT20778,2,9,0,18,0,0,0,0,0,0,1,1,3,1,42,7,1995,2,10,2,1,2
201601HT20779,1,1,0,18,0,1,0,0,0,0,3,1,6,1,18,4,-1,-1,-1,1,1,1
201601HT20779,2,9,0,18,0,1,0,0,0,0,1,1,6,1,-1,-1,1999,1,10,-1,-1,-1
201601HT20780,1,11,0,18,0,8,0,0,0,0,0,1,1,1,49,8,3900,2,10,4,1,4
201601HT20780,2,19,0,18,0,8,0,0,0,0,0,1,6,3,-1,-1,-1,-1,-1,-1,-1,-1
201601HT20781,1,2,0,18,0,0,0,0,0,0,1,1,6,1,36,7,125,1,3,3,1,3
201601HT20781,2,2,0,13,0,0,0,0,0,0,1,1,6,2,48,8,-1,-1,-1,-1,-1,-1
201601HT20782,1,2,0,18,0,1,0,0,0,0,3,1,2,1,43,7,125,1,2,6,1,6
201601HT20782,2,9,0,7,0,5,0,0,0,0,4,1,6,1,-1,-1,1242,1,10,-1,-1,-1
201601HT20783,1,9,0,9,0,8,0,0,0,0,1,1,6,1,23,5,1998,1,14,1,1,1
201601HT20783,2,9,0,9,0,8,0,0,0,0,1,1,1,1,22,5,1995,2,3,3,1,3
201601HT20784,1,9,0,18,0,1,0,0,0,0,1,1,6,1,-1,-1,1798,1,7,-1,-1,-1
201601HT20785,1,1,0,9,0,8,0,0,0,0,2,1,2,2,30,6,-1,-1,-1,3,1,3
201601HT20785,2,9,0,18,0,8,0,0,0,0,1,1,6,1,-1,-1,-1,-1,-1,-1,-1,-1
201601HT20786,1,9,0,9,0,8,0,0,0,0,4,1,6,2,23,5,1598,2,1,10,1,10
201601HT20786,2,1,0,16,0,8,0,0,0,0,1,1,6,1,30,6,-1,-1,-1,2,1,2
201601HT20787,1,3,0,18,0,2,0,0,0,0,1,1,6,1,22,5,124,1,13,3,1,3
201601HT20788,1,8,0,9,0,8,0,0,0,0,4,1,1,1,-1,-1,2143,2,6,-1,-1,-1
201601HT20788,2,9,0,18,0,8,0,0,0,0,1,1,6,3,-1,-1,-1,-1,-1,-1,-1,-1
201601HT20789,1,1,0,18,0,2,0,0,0,0,3,1,2,2,37,7,-1,-1,-1,1,1,1
201601HT20789,2,19,0,13,0,2,0,0,0,0,4,1,1,1,49,8,2148,2,9,-1,-1,-1
201601HT20790,1,9,0,3,0,1,0,0,0,0,2,1,2,1,57,9,1598,2,3,8,2,8
201601HT20790,2,3,0,18,0,1,0,0,0,0,1,1,2,1,37,7,125,1,-1,3,1,3
201601HT20792,1,3,0,13,0,0,0,10,5,6,4,1,6,1,20,4,124,1,7,5,1,5
201601HT20792,2,9,0,12,0,0,0,0,0,0,3,1,6,2,33,6,1796,1,14,7,1,7
201601HT20793,1,21,1,18,0,8,0,0,0,0,1,1,1,1,59,9,9290,2,1,6,1,6
201601HT20793,2,1,0,18,0,8,0,0,0,0,2,1,6,1,-1,-1,-1,-1,-1,3,1,3
201601HT20794,1,9,0,3,0,2,0,0,0,0,2,1,6,1,53,8,3222,2,13,2,1,2
201601HT20794,2,1,0,18,0,2,0,0,0,0,1,1,6,1,-1,-1,-1,-1,-1,3,1,3
201601HT20795,1,1,0,3,0,2,0,0,0,0,3,1,6,1,28,6,-1,-1,-1,2,1,2
201601HT20795,2,19,0,14,0,2,0,0,0,0,4,1,1,1,26,6,1997,2,11,2,1,2
201601HT20796,1,9,0,18,9,0,0,10,1,2,1,1,6,1,53,8,1497,1,12,1,1,1
201601HT20797,1,9,0,18,0,1,0,0,0,0,1,1,1,1,51,8,2987,2,5,2,1,2
201601HT20798,1,1,0,18,4,1,0,0,0,0,3,1,6,1,32,6,-1,-1,-1,2,1,2
201601HT20798,2,19,0,7,4,5,0,0,0,0,4,1,6,1,-1,-1,1598,2,-1,-1,-1,-1
201601HT20799,1,9,0,1,0,1,0,0,0,0,2,1,6,1,23,5,-1,-1,-1,3,1,3
201601HT20799,2,3,0,3,0,2,0,0,0,0,1,1,6,1,21,5,108,1,2,1,1,1
201601HT20800,1,1,0,18,0,0,0,0,0,0,2,1,6,1,46,8,-1,-1,-1,10,1,10
201601HT20800,2,9,0,18,0,0,0,0,0,0,1,1,6,3,-1,-1,-1,-1,-1,-1,-1,-1
201601HT20802,1,3,0,4,0,1,0,0,0,0,2,1,6,1,36,7,125,1,10,1,1,1
201601HT20802,2,9,0,18,0,1,0,0,0,0,1,1,6,1,30,6,1797,8,6,-1,-1,-1
201601HT20803,1,9,0,18,0,1,0,0,0,0,1,1,6,3,-1,-1,-1,-1,-1,-1,-1,-1
201601HT20803,2,1,0,18,0,1,0,0,0,0,2,1,6,1,33,6,-1,-1,-1,-1,-1,-1
201601HT20804,1,9,0,2,0,0,0,0,0,0,3,1,6,2,35,6,1388,1,10,1,1,1
201601HT20804,2,11,0,18,0,0,0,4,0,0,4,1,1,3,-1,-1,4500,2,5,-1,-1,-1
201601HT20805,1,19,0,7,4,5,0,0,0,0,4,1,1,1,44,7,-1,-1,-1,2,1,2
201601HT20805,2,1,0,18,4,1,0,0,0,0,3,1,6,1,60,9,-1,-1,-1,2,1,2
201601HT20806,1,19,0,18,0,0,0,0,0,0,1,1,6,1,46,8,2464,2,6,1,1,1
201601HT20806,2,9,0,3,0,0,0,0,0,0,2,1,6,1,30,6,-1,-1,-1,8,1,8
201601HT20806,3,3,0,3,0,0,0,0,0,0,2,1,6,1,44,7,125,1,5,4,1,4
201601HT20807,1,9,0,18,0,0,0,0,0,0,4,1,6,3,-1,-1,-1,-1,-1,-1,-1,-1
201601HT20808,1,9,0,18,0,0,0,0,0,0,1,1,6,1,28,6,5461,1,1,2,1,2
201601HT20808,2,9,0,18,0,0,0,0,0,0,2,1,6,1,53,8,2400,1,12,8,1,8
201601HT20809,1,3,0,18,0,2,0,0,0,0,3,1,6,1,-1,-1,125,1,4,-1,-1,-1
201601HT20811,1,9,0,9,0,8,0,0,0,0,1,1,6,1,25,5,-1,-1,-1,4,1,4
201601HT20811,2,9,0,18,0,8,0,0,0,0,1,1,6,1,27,6,-1,-1,-1,-1,-1,-1
201601HT20812,1,1,0,18,0,1,0,0,0,0,2,1,6,1,25,5,-1,-1,-1,-1,-1,-1
201601HT20812,2,9,0,18,0,1,0,0,0,0,1,1,6,3,-1,-1,-1,-1,-1,-1,-1,-1
201601HT20813,1,9,0,8,0,1,0,0,0,0,3,1,6,1,29,6,1360,1,13,5,1,5
201601HT20813,2,9,0,7,0,2,0,0,0,0,1,1,6,2,24,5,1390,1,16,2,1,2
201601HT20814,1,1,0,18,0,2,0,0,0,0,1,1,6,2,-1,-1,-1,-1,-1,3,1,3
201601HT20815,1,1,0,18,0,0,0,0,0,0,1,1,6,1,25,5,-1,-1,-1,-1,-1,-1
201601HT20816,1,1,0,18,4,1,0,0,0,0,3,1,2,1,28,6,-1,-1,-1,3,1,3
201601HT20816,2,19,0,7,4,5,0,0,0,0,4,1,6,1,-1,-1,1598,2,2,-1,-1,-1
201601HT20817,1,9,0,9,0,2,0,0,0,0,1,1,6,1,-1,-1,-1,-1,-1,-1,-1,-1
201601HT20818,1,9,0,18,0,1,0,0,0,0,4,1,1,1,-1,-1,-1,-1,-1,-1,-1,-1
201601HT20824,1,9,0,18,0,2,0,0,0,0,1,1,6,1,22,5,1896,2,9,6,1,6
201601HT20825,1,9,0,18,0,0,0,0,0,0,2,1,6,1,44,7,1360,1,8,4,1,4
201601HT20825,2,9,0,18,0,0,0,0,0,0,1,1,6,1,19,4,1343,1,21,3,1,3
201601HT20828,1,9,0,18,0,0,0,0,0,0,2,1,6,1,24,5,5204,1,-1,1,1,1
201601HT20828,2,9,0,18,0,0,0,0,0,0,2,1,6,1,28,6,1995,2,5,4,1,4
201601HT20828,3,9,0,18,0,0,0,0,0,0,2,1,6,1,30,6,1997,1,10,5,1,5
201601HT20828,4,9,0,18,0,0,0,0,0,0,2,1,6,1,23,5,1598,2,1,2,1,2
201601HT20828,5,8,0,18,0,0,0,0,0,0,2,1,1,1,62,9,2499,2,3,5,1,5
201601HT20828,6,9,0,18,0,0,0,0,0,0,2,1,6,1,40,7,1399,2,10,2,1,2
201601HT20828,7,8,0,18,0,0,0,0,0,0,2,1,1,1,61,9,-1,-1,-1,4,1,4
201601HT20828,8,9,0,18,0,0,0,0,0,0,2,1,6,1,25,5,1596,1,10,3,1,3
201601HT20828,9,9,0,18,0,0,0,0,0,0,1,1,6,1,21,5,1984,1,10,5,1,5
201601HT20829,1,9,0,4,0,8,0,0,0,0,2,1,6,2,45,7,2000,2,6,6,1,6
201601HT20829,2,9,0,18,0,8,0,0,0,0,1,1,6,1,26,6,1390,1,11,3,1,3
201601HT20830,1,9,0,4,0,1,0,0,0,0,2,1,2,2,30,6,1422,2,1,2,1,2
201601HT20830,2,9,0,18,0,1,0,0,0,0,1,1,6,1,-1,-1,1461,2,1,-1,-1,-1
201601HT20831,1,8,0,18,0,0,0,0,0,0,4,1,1,1,58,9,1797,8,5,3,1,3
201601HT20831,2,1,0,18,0,0,0,0,0,0,1,1,6,1,17,4,-1,-1,-1,5,1,5
201601HT20833,1,9,0,18,0,0,0,0,0,0,2,1,1,1,52,8,1461,2,2,7,1,7
201601HT20833,2,3,0,18,0,0,0,0,0,0,1,1,1,1,44,7,125,1,1,5,1,5
201601HT20834,1,1,0,15,0,0,0,0,0,0,3,1,6,1,34,6,-1,-1,-1,2,1,2
201601HT20834,2,9,0,5,0,0,0,0,0,0,4,1,6,3,-1,-1,-1,-1,-1,-1,-1,-1
201601HT20835,1,1,0,18,4,8,0,0,0,0,1,1,6,1,29,6,-1,-1,-1,2,1,2
201601HT20835,2,9,0,9,4,8,0,0,0,0,4,1,6,3,-1,-1,-1,-1,-1,-1,-1,-1
201601HT20838,1,9,0,18,0,1,0,7,0,0,1,1,1,1,35,6,1910,2,12,8,1,8
201601HT20839,1,9,0,9,0,8,0,0,0,0,4,1,6,1,31,6,2171,1,13,1,1,1
201601HT20839,2,3,0,15,0,8,0,0,0,0,1,1,6,1,21,5,125,1,-1,4,1,4
201601HT20840,1,21,0,7,0,5,0,2,0,0,1,1,1,1,-1,-1,12740,2,6,-1,-1,-1
201601HT20842,1,1,0,18,0,8,0,0,0,0,1,1,6,1,51,8,-1,-1,-1,-1,-1,-1
201601HT20842,2,9,0,7,0,8,0,0,0,0,4,1,6,1,37,7,1997,2,5,-1,-1,-1
201601HT20843,1,19,0,18,0,8,0,0,0,0,1,2,6,1,69,10,-1,-1,-1,-1,-1,-1
201601HT20843,2,19,0,9,0,8,0,0,0,0,3,1,1,1,66,10,2287,2,-1,10,1,10
201601HT20853,1,9,0,18,0,0,0,0,0,0,4,1,6,1,19,4,1895,1,17,1,1,1
201601HT20853,2,9,0,2,0,0,0,0,0,0,4,1,6,1,-1,-1,2993,2,5,9,1,9
201601HT20861,1,1,0,18,0,0,0,0,0,0,2,1,6,1,26,6,-1,-1,-1,3,1,3
201601HT20861,2,20,0,18,0,0,0,0,0,0,1,1,6,3,-1,-1,-1,-1,-1,-1,-1,-1
201601HT20868,1,11,0,5,0,0,0,0,0,0,3,1,1,1,62,9,4500,2,6,3,1,3
201601HT20868,2,1,0,18,0,0,0,0,0,0,4,1,6,1,22,5,-1,-1,-1,-1,-1,-1
201601HT20871,1,5,0,9,0,8,0,0,0,0,3,1,6,1,-1,-1,647,1,17,-1,-1,-1
201601HT20872,1,1,0,18,0,0,0,0,0,0,1,1,6,1,25,5,-1,-1,-1,2,1,2
201601HT20881,1,1,0,18,0,1,0,0,0,0,3,1,6,2,23,5,-1,-1,-1,4,1,4
201601HT20889,1,9,0,18,0,1,0,0,0,0,1,1,6,1,30,6,1598,2,5,2,1,2
201601HT20889,2,1,0,3,0,1,0,0,0,0,2,1,6,1,21,5,-1,-1,-1,1,1,1
201601HT20890,1,9,0,18,0,2,0,0,0,0,1,1,6,1,24,5,1560,2,8,-1,-1,-1
201601HT20890,2,3,0,18,0,1,0,0,0,0,1,1,6,1,32,6,125,1,5,2,1,2
201601HT20892,1,9,0,6,0,1,0,0,0,0,3,1,1,1,56,9,1998,2,7,2,1,2
201601HT20892,2,5,0,18,0,1,0,0,0,0,1,1,2,1,50,8,1050,1,4,2,1,2
201601HT20896,1,9,0,1,0,8,0,0,0,0,2,1,6,1,19,4,1956,2,3,2,1,2
201601HT20896,2,3,0,4,0,8,0,0,0,0,1,1,6,1,-1,-1,108,1,3,-1,-1,-1
201601HT20899,1,9,0,9,0,8,0,0,0,0,1,1,6,1,34,6,2967,2,1,3,1,3
201601HT20899,2,1,0,18,0,8,0,0,0,0,3,1,6,1,36,7,-1,-1,-1,4,1,4
201601HT20910,1,20,0,1,0,0,0,0,0,0,2,1,6,3,-1,-1,-1,-1,-1,-1,-1,-1
201601HT20911,1,9,0,18,0,8,0,0,0,0,3,1,6,1,44,7,1797,8,6,2,1,2
201601HT20911,2,9,0,9,0,8,0,0,0,0,1,1,6,1,29,6,-1,-1,-1,1,1,1
201601HT20919,1,1,0,18,0,1,0,0,0,0,2,1,6,1,-1,-1,-1,-1,-1,-1,-1,-1
201601HT20919,2,9,0,18,0,1,0,0,0,0,1,1,6,3,-1,-1,-1,-1,-1,-1,-1,-1
201601HT20922,1,4,0,18,0,8,0,0,0,0,1,1,6,1,26,6,244,1,9,1,1,1
201601HT20922,2,9,0,9,0,8,0,0,0,0,4,1,6,3,-1,-1,-1,-1,-1,-1,-1,-1
201601HT20925,1,9,0,18,0,2,0,0,0,0,3,1,6,3,-1,-1,-1,-1,-1,-1,-1,-1
201601HT20929,1,9,0,9,0,8,0,0,0,0,1,1,6,1,34,6,-1,-1,-1,6,1,6
201601HT20929,2,3,0,18,0,8,0,0,0,0,4,1,6,1,25,5,125,1,11,2,1,2
201601HT20940,1,5,0,18,0,8,0,0,0,0,1,1,6,1,35,6,636,1,11,2,1,2
201601HT20940,2,9,0,18,0,8,0,0,0,0,3,1,6,2,-1,-1,1398,1,1,-1,-1,-1
201601HT20984,1,9,0,18,9,0,0,10,1,4,1,1,6,2,23,5,1124,1,8,4,1,4
201601HT20991,1,19,0,9,0,8,0,0,0,0,4,1,1,1,35,6,-1,-1,-1,-1,-1,-1
201601HT20991,2,9,0,9,0,8,0,0,0,0,3,1,1,1,42,7,-1,-1,-1,-1,-1,-1
201601HT21042,1,9,0,6,0,1,0,0,0,0,3,1,1,1,-1,-1,-1,-1,-1,-1,-1,-1
201601HT21042,2,3,0,18,0,1,0,0,0,0,4,1,6,1,19,4,125,1,1,3,1,3
201601ID60001,1,11,0,18,0,1,0,0,0,0,0,1,1,1,50,8,4500,2,5,4,1,4
201601ID60004,1,9,0,18,0,0,0,0,0,0,3,1,6,1,71,10,1596,1,1,-1,-1,-1
201601ID60004,2,21,0,11,0,0,0,0,0,0,4,1,1,1,39,7,9200,2,8,3,1,3
201601ID60009,1,8,0,4,0,8,0,0,0,0,2,1,1,1,37,7,1598,1,14,-1,-1,-1
201601ID60009,2,8,0,4,0,1,0,0,0,0,1,1,1,1,33,6,-1,-1,-1,4,1,4
201601ID60009,3,8,0,4,0,1,0,0,0,0,1,1,1,1,31,6,1390,1,14,4,1,4
201601ID60010,1,9,0,9,0,6,1,0,2,2,1,1,6,1,30,6,1598,1,1,8,1,8
201601ID60011,1,9,0,6,0,8,0,0,0,0,2,1,6,1,30,6,1598,1,2,8,1,8
201601ID60011,2,9,0,18,0,8,0,0,0,0,1,1,6,1,37,7,1896,2,16,4,1,4
201601ID60013,1,9,0,16,0,8,0,7,0,0,1,1,6,2,36,7,-1,-1,-1,7,1,7
201601ID60014,1,9,0,18,0,1,0,10,1,2,3,1,1,1,55,8,1587,1,26,-1,-1,-1
201601ID60014,2,11,0,9,0,1,0,0,0,0,1,1,2,1,61,9,-1,2,8,6,1,6
201601ID60019,1,9,0,16,0,2,1,10,1,2,1,1,2,1,42,7,1896,2,11,3,1,3
201601ID60021,1,11,0,18,0,2,0,0,0,0,1,1,1,1,52,8,6700,2,1,7,1,7
201601ID60024,1,5,0,7,0,3,0,0,0,0,4,1,1,1,55,8,748,1,20,9,1,9
201601ID60024,2,10,0,7,0,3,0,0,0,0,4,1,6,1,19,4,-1,-1,-1,-1,-1,-1
201601ID60026,1,9,0,3,0,1,0,0,0,0,2,1,6,1,28,6,1796,1,4,3,1,3
201601ID60026,2,8,0,5,0,1,0,0,0,0,1,1,1,1,46,8,1797,8,6,2,1,2
201601ID60029,1,9,0,3,0,0,0,0,0,0,2,1,2,1,55,8,2967,1,15,7,1,7
201601ID60029,2,9,0,18,0,0,0,0,0,0,1,1,6,1,37,7,698,1,12,3,1,3
201601ID60032,1,9,0,18,0,8,0,0,0,0,1,1,6,1,55,8,1686,2,1,8,1,8
201601ID60032,2,9,0,15,0,8,0,0,0,0,1,1,6,3,-1,-1,1686,2,1,-1,-1,-1
201601ID60033,1,9,0,18,0,0,0,0,0,0,1,1,6,3,-1,-1,1598,1,14,-1,-1,-1
201601ID60033,2,8,0,18,0,0,0,0,0,0,1,1,1,1,45,7,2148,2,6,3,1,3
201601ID60033,3,9,0,18,0,0,0,0,0,0,1,1,6,1,64,9,1998,1,14,9,3,9
201601ID60035,1,9,0,5,0,8,0,0,0,0,4,1,2,2,29,6,1995,2,7,9,2,9
201601ID60035,2,9,0,18,0,8,0,0,0,0,4,1,2,1,28,6,2993,2,10,-1,-1,-1
201601ID60038,1,9,0,18,0,0,0,0,4,6,0,1,6,1,47,8,1995,2,11,6,1,6
201601ID60041,1,9,0,18,0,0,0,0,0,0,3,1,6,2,68,10,1390,1,3,9,1,9
201601ID60041,2,9,0,18,0,0,0,0,0,0,1,1,6,1,62,9,3628,2,6,5,3,5
201601ID60044,1,10,0,18,0,1,0,0,0,0,0,1,1,2,53,8,-1,-1,-1,5,1,5
201601ID60046,1,19,0,2,0,0,0,0,0,0,2,1,1,1,33,6,1968,2,2,6,1,6
201601ID60046,2,5,0,18,0,0,0,0,0,0,1,1,6,1,29,6,749,1,12,4,1,4
201601ID60050,1,9,0,12,0,0,0,0,0,0,3,1,6,1,68,10,1968,2,6,9,1,9
201601ID60050,2,9,0,13,0,0,0,0,0,0,4,1,6,2,29,6,-1,-1,-1,6,1,6
201601ID60051,1,9,0,18,0,1,0,0,0,0,2,1,2,1,27,6,998,1,6,-1,-1,-1
201601ID60051,2,9,0,18,0,1,0,0,0,0,1,1,6,1,-1,-1,2000,2,11,-1,-1,-1
201601ID60055,1,9,0,18,0,8,0,0,0,0,1,1,6,1,23,5,1149,1,8,10,1,10
201601ID60055,2,8,0,18,0,8,0,0,0,0,3,1,1,1,62,9,2664,7,15,8,1,8
201601ID60059,1,9,0,7,0,8,0,0,0,0,3,1,6,1,65,9,1598,1,13,2,1,2
201601ID60059,2,9,0,18,0,8,0,0,0,0,1,1,6,1,52,8,-1,-1,-1,4,1,4
201601ID60061,1,9,0,9,0,3,0,0,0,0,3,1,6,1,39,7,1398,1,2,10,2,10
201601ID60061,2,9,0,18,0,8,0,0,0,0,4,1,6,1,23,5,-1,-1,-1,7,1,7
201601ID60063,1,9,0,13,0,0,0,0,0,0,3,1,6,3,-1,-1,-1,-1,-1,-1,-1,-1
201601ID60063,2,3,0,18,0,0,0,0,0,0,3,1,6,1,28,6,124,1,6,4,1,4
201601ID60064,1,19,0,18,0,1,0,0,0,0,1,1,6,1,25,5,2198,2,8,6,1,6
201601ID60064,2,9,0,3,0,1,0,0,0,0,3,1,6,2,27,6,1595,1,11,8,1,8
201601ID60064,3,8,0,3,0,1,0,0,0,0,2,1,1,1,42,7,2987,2,4,1,1,1
201601ID60064,4,9,0,3,0,1,0,0,0,0,1,1,6,1,50,8,1968,2,-1,5,1,5
201601ID60067,1,9,0,18,0,0,0,0,0,0,2,1,6,1,70,10,1395,1,-1,-1,-1,-1
201601ID60067,2,10,0,18,0,0,0,0,0,0,1,1,1,1,45,7,-1,-1,-1,7,1,7
201601JC30001,1,19,0,1,0,0,0,0,0,0,2,1,1,1,31,6,1598,2,1,5,1,5
201601JC30002,1,9,0,3,0,0,0,0,0,0,2,1,6,1,37,7,2460,2,10,6,1,6
201601JC30002,2,9,0,3,0,0,0,0,0,0,2,1,6,1,48,8,1560,2,12,3,1,3
201601JC30002,3,9,0,18,0,0,0,0,0,0,1,1,6,1,19,4,1364,1,8,2,1,2
201601JC30003,1,9,0,18,0,3,0,0,0,0,3,1,6,2,24,5,1229,1,1,4,1,4
201601JC30003,2,21,0,18,0,3,0,0,0,0,4,1,1,1,-1,-1,12740,2,3,-1,-1,-1