Accident_Index,Vehicle_Reference,Vehicle_Type,Towing_and_Articulation,Vehicle_Manoeuvre,Vehicle_Location-Restricted_Lane,Junction_Location,Skidding_and_Overturning,Hit_Object_in_Carriageway,Vehicle_Leaving_Carriageway,Hit_Object_off_Carriageway,1st_Point_of_Impact,Was_Vehicle_Left_Hand_Drive?,Journey_Purpose_of_Driver,Sex_of_Driver,Age_of_Driver,Age_Band_of_Driver,Engine_Capacity_(CC),Propulsion_Code,Age_of_Vehicle,Driver_IMD_Decile,Driver_Home_Area_Type,Vehicle_IMD_Decile
201601JC30370,1,9,0,18,0,8,0,0,0,0,1,1,2,1,65,9,1896,2,12,1,1,1
201601JC30370,2,9,0,9,0,8,0,0,0,0,4,1,6,1,25,5,1595,1,3,3,1,3
201601JC30371,1,9,0,18,0,0,0,0,0,0,1,1,6,2,34,6,1951,2,14,-1,-1,-1
201601JC30371,2,1,0,18,0,0,0,0,0,0,3,1,6,1,29,6,-1,-1,-1,2,1,2
201601JC30372,1,11,0,5,0,0,0,10,2,3,4,1,1,1,53,8,3900,2,10,3,1,3
201601JC30375,1,9,0,9,0,8,0,0,0,0,1,1,6,1,84,11,1086,1,8,3,1,3
201601JC30375,2,9,0,18,0,8,0,0,0,0,4,1,6,2,21,5,1598,1,13,2,1,2
201601JC30376,1,1,0,18,0,0,0,8,0,0,1,1,6,1,55,8,-1,-1,-1,4,1,4
201601JC30376,2,9,0,2,0,0,0,0,0,0,3,1,6,3,-1,-1,-1,-1,-1,-1,-1,-1
201601JC30377,1,9,0,3,0,1,0,0,0,0,2,1,6,1,45,7,1995,2,7,4,1,4
201601JC30377,2,9,0,4,0,1,0,0,0,0,2,1,2,1,46,8,1968,2,1,3,1,3
201601JC30377,3,9,0,18,0,1,0,0,0,0,1,1,6,2,25,5,1390,1,3,3,1,3
201601JC30378,1,9,0,9,0,8,0,0,0,0,1,1,2,2,57,9,1984,1,14,10,2,10
201601JC30378,2,9,0,18,0,8,0,0,0,0,1,1,6,2,-1,-1,1598,1,5,-1,-1,-1
201601JC30379,1,9,0,18,0,0,0,0,0,0,1,1,6,1,31,6,998,1,16,2,1,2
201601JC30379,2,9,0,4,0,0,0,0,0,0,2,1,6,2,32,6,1968,2,10,2,1,2
201601JC30381,1,3,0,5,0,1,0,0,0,0,2,1,1,1,43,7,125,1,5,3,1,3
201601JC30381,2,9,0,5,0,1,0,0,0,0,1,1,6,1,28,6,995,1,10,4,1,4
201601JC30382,1,9,0,9,0,8,0,0,0,0,1,1,6,1,33,6,1910,2,12,1,1,1
201601JC30382,2,9,0,18,0,8,0,0,0,0,1,1,6,1,63,9,2099,1,14,1,1,1
201601JC30383,1,9,0,5,0,1,0,0,0,0,1,1,1,2,57,9,1995,2,5,3,1,3
201601JC30383,2,1,0,18,0,1,0,0,0,0,4,1,4,1,12,3,-1,-1,-1,3,1,3
201601JC30384,1,1,0,18,0,1,0,0,0,0,3,1,6,2,30,6,-1,-1,-1,2,1,2
201601JC30384,2,19,0,7,0,5,0,0,0,0,4,1,6,3,-1,-1,-1,-1,-1,-1,-1,-1
201601JC30385,1,9,0,9,0,8,0,0,0,0,3,1,6,1,28,6,2401,2,12,3,1,3
201601JC30385,2,1,0,18,0,8,0,0,0,0,1,1,6,2,20,4,-1,-1,-1,-1,-1,-1
201601JC30386,1,9,0,18,0,8,0,0,0,0,3,1,2,2,38,7,3498,1,4,4,1,4
201601JC30386,2,19,0,18,0,8,0,0,0,0,1,1,1,1,56,9,4249,2,3,3,1,3
201601JC30387,1,11,0,18,0,1,0,0,0,0,4,1,1,2,53,8,4500,2,4,2,1,2
201601JC30387,2,9,0,7,0,1,0,0,0,0,2,1,2,2,51,8,-1,-1,-1,3,1,3
201601JC30388,1,9,0,9,0,8,0,0,0,0,1,1,6,1,19,4,999,1,2,8,1,8
201601JC30388,2,9,0,18,0,8,0,0,0,0,1,1,6,2,51,8,1781,1,19,2,1,2
201601JC30389,1,1,0,18,0,2,0,0,0,0,3,1,2,1,24,5,-1,-1,-1,5,1,5
201601JC30389,2,9,0,13,0,2,0,0,0,0,4,1,6,3,-1,-1,1896,2,15,-1,-1,-1
201601JC30390,1,9,0,9,0,5,0,0,0,0,1,1,3,2,45,7,1388,1,14,6,1,6
201601JC30391,1,9,0,3,0,0,0,0,0,0,1,1,2,2,22,5,1198,1,2,1,1,1
201601JC30391,2,9,0,1,0,0,0,0,0,0,2,1,6,3,-1,-1,1798,8,1,-1,-1,-1
201601JC30392,1,9,0,3,0,1,0,0,0,0,2,1,6,1,37,7,1796,1,8,2,1,2
201601JC30392,2,8,0,4,0,1,0,0,0,0,1,1,1,1,-1,-1,1896,2,7,2,1,2
201601JC30394,1,3,0,18,0,2,0,0,0,0,1,1,6,2,22,5,125,1,-1,5,1,5
201601JC30395,1,19,0,9,0,8,0,0,0,0,4,1,1,1,46,8,2402,2,13,5,1,5
201601JC30395,2,1,0,18,0,8,0,0,0,0,1,1,6,1,36,7,-1,-1,-1,5,1,5
201601JC30396,1,9,0,18,0,0,0,0,0,0,1,1,6,1,23,5,799,2,6,2,1,2
201601JC30397,1,9,0,18,0,8,0,0,0,0,1,1,3,2,44,7,1242,1,8,2,1,2
201601JC30397,2,9,0,9,0,8,0,0,0,0,3,1,3,1,32,6,1997,2,9,7,1,7
201601JC30398,1,9,0,18,0,1,0,0,0,0,1,1,1,1,68,10,1995,2,9,-1,-1,-1
201601JC30399,1,9,0,18,0,8,0,0,0,0,3,1,6,2,36,7,1275,1,16,3,1,3
201601JC30399,2,9,0,11,0,8,0,0,0,0,4,1,6,3,-1,-1,-1,-1,-1,-1,-1,-1
201601JC30401,1,9,0,5,0,8,0,0,0,0,2,1,6,2,43,7,1248,1,4,8,1,8
201601JC30401,2,9,0,5,0,8,0,0,0,0,1,1,6,1,39,7,1956,2,-1,-1,-1,-1
201601JC30402,1,9,0,5,0,0,0,0,0,0,3,1,6,1,-1,-1,1198,1,4,-1,-1,-1
201601JC30402,2,1,0,18,0,0,0,0,0,0,4,1,6,1,34,6,-1,-1,-1,1,1,1
201601JC30403,1,9,0,7,0,2,0,0,0,0,3,1,6,1,49,8,1296,1,9,2,1,2
201601JC30404,1,9,0,18,0,1,0,0,0,0,1,1,6,1,46,8,1910,2,8,5,1,5
201601JC30404,2,1,0,3,0,1,0,0,0,0,2,1,6,2,36,7,-1,-1,-1,5,1,5
201601JC30405,1,8,0,3,0,0,0,0,0,0,2,1,1,1,52,8,1598,1,7,3,1,3
201601JC30405,2,9,0,18,0,0,0,0,0,0,1,1,6,1,-1,-1,1970,1,21,3,1,3
201601JC30406,1,1,0,18,4,8,0,0,0,0,1,1,6,1,32,6,-1,-1,-1,3,1,3
201601JC30406,2,19,0,9,0,8,0,0,0,0,3,1,1,1,-1,-1,-1,-1,-1,-1,-1,-1
201601JC30408,1,9,0,5,0,0,0,0,0,0,2,1,6,2,48,8,1242,1,12,2,1,2
201601JC30408,2,19,0,18,0,0,0,0,0,0,1,1,6,1,-1,-1,2402,2,8,7,1,7
201601JC30409,1,9,0,13,0,0,0,0,0,0,4,1,6,2,35,6,1596,1,5,1,1,1
201601JC30409,2,11,0,4,0,0,0,0,0,0,3,1,1,1,-1,-1,6700,2,4,-1,-1,-1
201601JC30410,1,9,0,17,0,0,0,0,0,0,3,1,6,1,29,6,1582,2,2,3,1,3
201601JC30410,2,9,0,16,0,0,0,0,0,0,3,1,6,1,-1,-1,-1,-1,-1,-1,-1,-1
201601JC30411,1,9,0,18,0,0,0,0,0,0,1,1,6,1,45,7,1598,1,13,1,1,1
201601JC30411,2,9,0,3,0,0,0,0,0,0,2,1,6,1,54,8,-1,-1,-1,3,1,3
201601JC30412,1,3,0,4,0,2,0,0,0,0,0,1,6,1,18,4,124,1,1,4,1,4
201601JC30413,1,9,0,9,0,8,0,0,0,0,1,1,6,2,35,6,1299,1,12,8,1,8
201601JC30413,2,9,0,18,0,8,0,0,0,0,1,1,6,2,56,9,1796,1,11,2,1,2
201601JC30414,1,9,0,18,0,0,0,0,0,0,1,1,6,2,26,6,-1,-1,-1,5,1,5
201601JC30414,2,9,0,6,0,0,0,0,0,0,1,1,6,2,38,7,1596,1,5,2,1,2
201601JC30415,1,9,0,18,0,2,0,0,0,0,1,1,6,1,47,8,1596,1,8,2,1,2
201601JC30416,1,9,0,18,0,2,0,0,0,0,1,1,6,2,66,10,1999,1,14,2,1,2
201601JC30416,2,1,0,18,0,2,0,0,0,0,3,1,6,1,40,7,-1,-1,-1,3,1,3
201601JC30417,1,1,0,18,2,1,0,0,0,0,3,1,6,2,28,6,-1,-1,-1,8,1,8
201601JC30417,2,11,0,13,2,1,0,0,0,0,4,1,1,3,-1,-1,-1,-1,-1,-1,-1,-1
201601JC30418,1,9,0,10,0,1,0,0,0,0,2,1,3,1,47,8,1896,2,11,1,1,1
201601JC30418,2,3,0,18,0,1,0,0,0,0,1,1,2,1,21,5,125,1,3,2,1,2
201601JC30420,1,9,0,18,0,0,0,0,0,0,4,1,1,2,37,7,999,1,1,5,1,5
201601JC30421,1,9,0,18,0,1,0,0,0,0,1,1,6,1,-1,-1,-1,-1,-1,-1,-1,-1
201601JC30422,1,4,0,14,0,2,0,0,0,0,1,1,6,1,-1,-1,-1,-1,-1,-1,-1,-1
201601JC30423,1,1,0,9,0,8,0,0,0,0,3,1,6,1,58,9,-1,-1,-1,3,1,3
201601JC30423,2,1,0,18,0,8,0,0,0,0,4,1,6,1,-1,-1,-1,-1,-1,-1,-1,-1
201601JC30426,1,9,0,18,0,2,0,0,0,0,4,1,6,2,76,11,1591,1,-1,3,1,3
201601JC30427,1,9,0,18,0,2,0,0,0,0,1,1,6,1,23,5,1388,1,10,3,1,3
201601JC30428,1,9,0,18,0,1,0,0,0,0,1,1,6,2,32,6,1598,1,14,2,1,2
201601JC30429,1,9,0,7,0,1,0,0,0,0,4,1,6,1,29,6,1769,1,13,5,1,5
201601JC30429,2,1,0,18,0,1,0,0,0,0,1,1,6,1,27,6,-1,-1,-1,3,1,3
201601JC30430,1,1,0,14,0,1,0,8,0,0,1,1,6,1,28,6,-1,-1,-1,4,1,4
201601JC30430,2,9,0,3,0,1,0,0,0,0,3,1,6,1,-1,-1,1988,1,14,-1,-1,-1
201601JC30431,1,9,0,18,0,8,0,0,0,0,3,1,6,2,69,10,1240,1,12,6,2,6
201601JC30431,2,9,0,18,0,8,0,0,0,0,1,1,6,1,34,6,1490,1,9,10,1,10
201601JC30432,1,19,0,7,0,1,0,0,0,0,4,1,1,1,20,4,2151,2,11,3,1,3
201601JC30433,1,9,0,3,0,1,0,0,0,0,2,1,6,1,41,7,1497,1,13,3,1,3
201601JC30433,2,9,0,18,0,1,0,0,0,0,1,1,6,1,-1,-1,998,1,12,-1,-1,-1
201601JC30434,1,9,0,3,0,1,0,0,0,0,2,1,2,2,20,4,1360,1,9,3,3,3
201601JC30434,2,9,0,18,0,1,0,0,0,0,1,1,6,1,-1,-1,-1,-1,-1,-1,-1,-1
201601JC30438,1,9,0,3,0,1,0,0,0,0,2,1,6,1,23,5,1242,1,13,2,1,2
201601JC30438,2,9,0,18,0,1,0,0,0,0,1,1,6,2,-1,-1,1229,1,7,-1,-1,-1
201601JC30439,1,11,0,5,0,0,0,0,0,0,0,1,1,1,47,8,7300,2,11,1,1,1
201601JC30440,1,1,0,18,0,8,0,0,0,0,1,1,2,1,30,6,-1,-1,-1,2,1,2
201601JC30440,2,9,0,9,0,8,0,0,0,0,4,1,6,1,-1,-1,-1,-1,-1,-1,-1,-1
201601JC30441,1,9,0,18,0,8,0,0,0,0,3,1,6,2,22,5,1199,1,15,3,1,3
201601JC30441,2,9,0,9,0,8,0,0,0,0,1,1,6,2,-1,-1,-1,-1,-1,-1,-1,-1
201601JC30442,1,9,0,18,0,2,0,0,0,0,1,1,6,1,-1,-1,1199,1,14,-1,-1,-1
201601JC30442,2,9,0,18,0,1,0,0,0,0,3,1,6,2,26,6,1399,2,5,3,1,3
201601JC30443,1,9,0,9,0,8,0,0,0,0,4,1,6,1,50,8,1398,1,11,4,1,4
201601JC30443,2,1,0,18,0,8,0,0,0,0,1,1,6,1,24,5,-1,-1,-1,4,1,4
201601JC30444,1,1,0,18,9,0,0,0,0,0,1,1,6,1,-1,-1,-1,-1,-1,-1,-1,-1
201601JC30445,1,9,0,12,0,0,0,0,0,0,3,1,2,1,37,7,1598,1,10,3,1,3
201601JC30445,2,4,0,18,0,0,0,0,0,0,4,1,2,1,36,7,599,1,9,6,1,6
201601JC30446,1,9,0,9,0,8,0,0,0,0,4,1,6,1,21,5,1198,1,7,1,1,1
201601JC30446,2,1,0,15,0,8,0,0,0,0,1,1,6,1,32,6,-1,-1,-1,2,1,2
201601JC30447,1,21,0,18,0,8,0,0,0,0,4,1,1,1,54,8,10677,2,-1,-1,-1,-1
201601JC30447,2,1,0,18,0,8,0,0,0,0,3,1,6,1,-1,-1,-1,-1,-1,4,1,4
201601JC30449,1,9,0,6,0,2,0,0,0,0,1,1,6,1,27,6,-1,-1,-1,3,1,3
201601JC30449,2,3,0,18,0,1,0,0,0,0,1,1,6,1,34,6,-1,-1,-1,5,1,5
201601JC30451,1,9,0,18,0,0,0,0,0,0,1,1,6,2,47,8,1596,1,14,3,1,3
201601JC30451,2,9,0,18,0,0,0,0,0,0,1,1,6,1,-1,-1,1997,2,9,-1,-1,-1
201601JC30454,1,19,0,18,0,0,0,0,0,0,4,1,1,1,47,8,1995,2,3,2,1,2
201601JC30455,1,11,0,18,0,1,0,0,0,0,0,1,1,1,39,7,4500,2,4,5,1,5
201601JC30456,1,5,0,18,0,0,0,11,0,0,1,1,6,1,64,9,1690,1,4,6,2,6
201601JC30457,1,9,0,18,0,8,0,0,0,0,4,1,6,1,46,8,1339,1,1,1,1,1
201601JC30457,2,9,0,7,0,8,0,0,0,0,1,1,6,1,-1,-1,1397,1,14,-1,-1,-1
201601JC30458,1,4,0,7,0,8,0,0,0,0,2,1,2,1,58,9,1100,1,15,7,1,7
201601JC30458,2,9,0,9,0,8,0,0,0,0,1,1,3,2,39,7,1461,2,4,5,1,5
201601JC30459,1,19,0,1,0,2,0,0,0,0,2,1,2,1,51,8,2402,2,7,4,1,4
201601JC30459,2,2,0,3,0,2,0,0,0,0,1,1,1,1,24,5,108,1,-1,4,1,4
201601JC30461,1,3,0,18,0,8,0,0,0,0,3,1,6,1,27,6,124,1,6,4,1,4
201601JC30461,2,9,0,9,0,8,0,0,0,0,1,1,6,1,-1,-1,-1,-1,-1,-1,-1,-1
201601JC30462,1,9,0,18,0,2,0,0,0,0,3,1,6,1,31,6,-1,-1,-1,4,1,4
201601JC30464,1,9,0,1,0,1,0,0,0,0,2,1,6,3,-1,-1,-1,-1,-1,-1,-1,-1
201601JC30466,1,10,0,1,0,0,0,0,0,0,2,1,1,1,27,6,-1,-1,-1,1,1,1
201601JC30467,1,9,0,4,0,0,0,0,0,0,2,1,6,1,-1,-1,1339,1,2,-1,-1,-1
201601JC30467,2,9,0,18,0,0,0,0,0,0,1,1,6,1,-1,-1,1596,1,8,-1,-1,-1
201601JC30468,1,9,0,18,0,0,0,0,0,0,1,1,1,1,39,7,-1,-1,-1,2,1,2
201601JC30468,2,9,0,18,0,0,0,0,0,0,2,1,6,1,-1,-1,999,1,1,-1,-1,-1
201601JC30471,1,9,0,1,0,1,0,0,0,0,2,1,6,3,-1,-1,-1,-1,-1,-1,-1,-1
201601JC30471,2,1,0,18,0,1,0,0,0,0,1,1,6,2,31,6,-1,-1,-1,4,1,4
201601JC30472,1,1,0,18,0,8,0,0,0,0,1,1,2,1,35,6,-1,-1,-1,2,1,2
201601JC30472,2,9,0,9,0,8,0,0,0,0,4,1,6,1,-1,-1,1461,2,8,-1,-1,-1
201601JC30473,1,11,0,4,0,0,0,0,0,0,0,1,1,1,69,10,4500,2,4,4,1,4
201601JC30474,1,9,0,4,0,1,0,0,0,0,2,1,6,1,22,5,998,1,1,2,1,2
201601JC30474,2,19,0,18,0,1,0,0,0,0,1,1,1,1,44,7,2402,2,9,4,1,4
201601JC30475,1,9,0,18,0,1,0,0,0,0,4,1,6,2,37,7,2148,2,15,3,1,3
201601JC30476,1,9,0,18,0,0,0,0,0,0,3,1,6,1,23,5,2143,2,2,3,1,3
201601JC30476,2,9,0,18,0,0,0,0,0,0,4,1,6,1,47,8,2231,2,7,2,1,2
201601JC30477,1,3,0,9,0,8,0,0,0,0,4,1,6,1,66,10,124,1,7,4,1,4
201601JC30477,2,9,0,9,0,8,0,0,0,0,1,1,6,1,-1,-1,1198,1,9,-1,-1,-1
201601JC30479,1,9,0,18,0,1,0,0,0,0,1,1,6,1,48,8,1299,1,22,4,1,4
201601JC30480,1,9,0,18,0,0,0,0,0,0,1,1,6,1,22,5,1390,1,7,3,1,3
201601JC30480,2,9,0,18,0,0,0,0,0,0,2,1,6,1,19,4,1796,1,11,5,1,5
201601JC30484,1,9,0,9,0,2,0,0,0,0,4,1,6,1,-1,-1,2967,2,8,-1,-1,-1
201601JC30485,1,19,0,9,0,8,0,0,0,0,1,1,6,1,-1,-1,-1,-1,-1,-1,-1,-1
201601JC30486,1,11,0,9,0,8,0,0,0,0,4,1,1,1,59,9,8268,2,13,7,1,7
201601JC30487,1,9,0,7,0,8,0,0,0,0,3,1,6,1,23,5,1995,2,1,3,1,3
201601JC30487,2,9,0,18,0,8,0,0,0,0,1,1,6,1,20,4,1968,2,7,2,1,2
201601JC30490,1,9,0,18,0,8,0,0,0,0,3,1,6,2,47,8,2967,2,2,-1,-1,-1
201601JC30490,2,9,0,9,0,8,0,0,0,0,1,1,6,1,41,7,1997,2,11,-1,-1,-1
201601JC30493,1,9,0,2,0,1,0,0,0,0,3,1,6,1,30,6,1598,1,12,5,1,5
201601JC30493,2,1,0,18,0,1,0,8,0,0,1,1,6,1,34,6,-1,-1,-1,2,1,2
201601JC30495,1,9,0,17,0,8,0,0,0,0,3,1,6,1,35,6,1968,2,10,3,1,3
201601JC30495,2,9,0,16,0,8,0,0,0,0,3,1,6,1,18,4,998,1,13,-1,-1,-1
201601JC30498,1,9,0,3,0,0,0,0,0,0,1,1,6,1,21,5,1390,1,7,3,1,3
201601JC30498,2,9,0,1,0,0,0,0,0,0,2,1,6,1,-1,-1,1997,2,4,-1,-1,-1
201601JC30499,1,9,0,9,0,8,0,0,0,0,1,1,6,3,-1,-1,-1,-1,-1,-1,-1,-1
201601JC30499,2,1,0,18,0,8,0,0,0,0,3,1,6,2,38,7,-1,-1,-1,2,1,2
201601JC30501,1,9,0,18,0,1,0,0,0,0,4,1,6,3,-1,-1,-1,-1,-1,-1,-1,-1
201601JC30502,1,3,0,18,0,1,0,0,0,0,1,1,6,1,34,6,-1,-1,-1,4,1,4
201601JC30502,2,9,0,4,0,1,0,0,0,0,2,1,6,2,37,7,1390,1,15,3,1,3
201601JC30505,1,19,0,3,0,1,0,0,0,0,2,1,1,1,-1,-1,2198,2,1,2,1,2
201601JC30505,2,9,0,5,0,1,0,0,0,0,1,1,6,2,-1,-1,1390,1,16,2,1,2
201601JC30506,1,20,0,13,0,1,0,0,0,0,4,1,1,1,48,8,4764,2,5,4,1,4
201601JC30506,2,1,0,18,0,1,0,0,0,0,3,1,6,2,38,7,-1,-1,-1,1,1,1
201601JC30507,1,9,0,5,0,0,0,0,0,0,3,1,6,1,46,8,2967,2,3,4,1,4
201601JC30507,2,9,0,18,0,0,0,0,0,0,4,1,6,1,36,7,998,1,14,3,1,3
201601JC30508,1,9,0,17,0,8,0,0,0,0,2,1,6,1,21,5,1242,1,2,9,1,9
201601JC30508,2,9,0,17,0,8,0,0,0,0,1,1,6,1,-1,-1,1388,1,13,-1,-1,-1
201601JC30509,1,9,0,18,0,0,0,0,0,0,1,1,6,1,53,8,1800,1,20,4,1,4
201601JC30511,1,9,0,1,0,8,0,4,0,0,2,1,6,2,45,7,1461,2,6,5,1,5
201601JC30511,2,9,0,2,0,8,0,0,0,0,4,1,6,1,37,7,1598,1,4,-1,-1,-1
201601JC30512,1,9,0,18,0,1,0,0,0,0,4,1,6,3,-1,-1,-1,-1,-1,-1,-1,-1
201601JC30514,1,1,0,18,0,8,0,0,0,0,3,1,6,2,27,6,-1,-1,-1,2,1,2
201601JC30514,2,9,0,9,0,8,0,0,0,0,1,1,6,1,-1,-1,1461,2,-1,-1,-1,-1
201601JC30515,1,1,0,18,4,1,0,8,0,0,1,1,6,1,34,6,-1,-1,-1,6,1,6
201601JC30515,2,19,0,3,0,1,0,0,0,0,4,1,6,1,-1,-1,2402,2,9,-1,-1,-1
201601JC30516,1,3,0,18,0,0,0,0,0,0,4,1,2,1,37,7,125,1,1,5,1,5
201601JC30516,2,9,0,5,0,0,0,0,0,0,3,1,6,2,-1,-1,1108,1,7,-1,-1,-1
201601JC30517,1,9,0,17,9,8,0,10,1,2,1,1,6,2,25,5,1995,2,3,3,1,3
201601JC30523,1,9,0,3,0,0,0,0,0,0,2,1,6,1,49,8,1686,2,6,4,1,4
201601JC30523,2,19,0,18,0,0,0,0,0,0,1,1,1,1,27,6,1560,2,2,2,1,2
201601JC30526,1,9,0,6,0,0,0,0,0,0,4,1,1,1,-1,-1,-1,-1,-1,-1,-1,-1
201601JC30526,2,9,0,18,0,0,0,0,0,0,1,1,6,2,48,8,1298,1,16,4,1,4
201601JC30527,1,9,0,4,0,1,0,0,0,0,2,1,6,1,28,6,1399,1,7,2,1,2
201601JC30527,2,9,0,18,0,1,0,0,0,0,1,1,6,1,34,6,1598,1,11,2,1,2
201601JC30528,1,9,0,18,0,0,0,4,0,0,1,1,6,2,51,8,1596,1,14,-1,-1,-1
201601JC30528,2,9,0,2,0,0,0,0,0,0,4,1,6,1,46,8,2996,2,6,1,1,1
201601JC30529,1,9,0,18,0,1,0,0,0,0,3,1,6,1,35,6,-1,-1,-1,4,1,4
201601JC30529,2,1,0,18,0,1,0,0,0,0,1,1,6,1,7,2,-1,-1,-1,1,1,1
201601JC30531,1,9,0,4,0,1,0,0,0,0,2,1,2,1,20,4,998,1,-1,8,1,8
201601JC30531,2,9,0,18,0,1,0,0,0,0,1,1,2,1,24,5,1968,2,9,10,1,10
201601JC30543,1,8,0,17,0,8,0,0,0,0,4,1,1,1,47,8,1997,2,3,2,1,2
201601JC30543,2,8,0,17,0,8,0,0,0,0,3,1,1,1,28,6,1598,2,1,1,1,1
201601JC30549,1,9,0,4,0,1,0,0,0,0,2,1,6,2,44,7,1386,1,10,5,1,5
201601JC30549,2,9,0,18,0,1,0,0,0,0,1,1,6,2,36,7,2497,2,12,1,1,1
201601JC30550,1,1,0,17,0,8,0,0,0,0,1,1,6,2,38,7,-1,-1,-1,2,1,2
201601JC30550,2,9,0,18,0,8,0,0,0,0,3,1,6,2,27,6,1349,1,3,3,1,3
201601JC30552,1,9,0,5,0,1,0,0,0,0,3,1,6,1,56,9,1389,1,13,2,1,2
201601JC30552,2,4,0,13,0,1,0,0,0,0,4,1,6,1,-1,-1,-1,-1,-1,-1,-1,-1
201601JC30559,1,9,0,18,0,0,0,4,0,0,1,1,6,2,-1,-1,1595,1,3,8,1,8
201601JC30559,2,9,0,2,0,0,0,4,0,0,4,1,6,1,-1,-1,1956,2,3,4,1,4
201601JC30559,3,9,0,2,0,0,0,4,0,0,2,1,6,1,-1,-1,1390,1,13,3,1,3
201601JC30559,4,9,0,2,0,0,0,0,0,0,2,1,6,2,-1,-1,-1,-1,-1,3,1,3
201601JC30567,1,9,0,18,0,0,0,0,0,0,2,1,6,1,28,6,2143,2,4,1,1,1
201601JC30567,2,9,0,18,0,0,0,0,0,0,1,1,6,1,-1,-1,5000,1,7,-1,-1,-1
201601JC30585,1,11,0,18,0,1,0,0,0,0,0,1,1,1,-1,-1,-1,-1,-1,-1,-1,-1
201601JC30588,1,1,0,18,0,8,0,0,0,0,1,1,6,2,40,7,-1,-1,-1,4,1,4
201601JC30588,2,9,0,9,0,8,0,0,0,0,4,1,6,2,-1,-1,1796,1,7,-1,-1,-1
201601JC30610,1,8,0,9,0,2,0,0,0,0,1,1,1,1,-1,-1,1598,1,9,-1,-1,-1
201601JC30631,1,1,0,18,0,8,0,0,0,0,3,1,6,1,36,7,-1,-1,-1,2,1,2
201601JC30631,2,9,0,9,0,8,0,0,0,0,1,1,6,1,-1,-1,-1,-1,-1,-1,-1,-1
201601JC30661,1,9,0,18,0,0,0,0,0,0,4,1,6,1,-1,-1,1796,1,11,-1,-1,-1
201601JI40001,1,9,0,9,0,8,0,0,0,0,1,1,6,2,32,6,1398,1,4,5,1,5
201601JI40001,2,9,0,18,0,8,0,0,0,0,4,1,6,1,19,4,1396,1,17,3,1,3
201601JI40003,1,9,0,18,0,2,0,0,0,0,1,1,6,1,35,6,1596,1,10,5,1,5
201601JI40004,1,9,0,18,0,0,0,0,0,0,1,1,6,1,30,6,1984,1,9,4,1,4
201601JI40004,2,9,0,18,0,0,0,0,0,0,2,1,6,1,-1,-1,2143,2,2,-1,-1,-1
201601JI40005,1,9,0,5,0,0,0,0,0,0,1,1,6,1,-1,-1,2401,2,10,-1,-1,-1
201601JI40006,1,3,0,18,0,0,0,0,0,0,0,1,6,1,22,5,-1,-1,-1,6,1,6
201601JI40006,2,19,0,12,0,0,0,0,0,0,0,1,6,1,23,5,-1,-1,-1,6,1,6
201601JI40007,1,9,0,4,0,1,0,0,0,0,2,1,6,1,47,8,1794,1,13,6,2,6
201601JI40007,2,9,0,18,0,1,0,0,0,0,1,1,6,2,67,10,1390,1,13,3,1,3
201601JI40007,3,9,0,4,0,1,0,0,0,0,2,1,6,1,29,6,1124,1,12,3,1,3
201601JI40009,1,9,0,5,0,0,0,4,0,0,4,1,6,3,-1,-1,1229,1,2,-1,-1,-1
201601JI40009,2,19,0,2,0,0,0,0,0,0,3,1,6,1,28,6,2402,2,13,3,1,3
201601JI40010,1,9,0,18,0,1,0,0,0,0,1,1,6,1,85,11,1242,1,2,6,1,6
201601JI40010,2,9,0,18,0,2,0,10,7,0,1,1,6,2,52,8,1598,1,15,4,1,4
201601JI40012,1,9,0,9,0,1,0,0,0,0,3,1,6,1,46,8,1339,8,9,10,1,10
201601JI40012,2,1,0,9,0,8,0,0,0,0,1,1,6,1,45,7,-1,-1,-1,4,1,4
201601JI40013,1,5,0,9,0,8,1,0,0,0,0,1,1,1,47,8,-1,-1,-1,-1,-1,-1
201601JI40015,1,20,0,18,0,1,0,0,0,0,3,1,1,1,47,8,4461,2,8,3,1,3
201601JI40016,1,9,0,18,0,0,0,10,1,0,4,1,6,3,-1,-1,-1,-1,-1,-1,-1,-1
201601JI40017,1,9,0,18,0,0,0,0,0,0,1,1,6,3,-1,-1,1598,2,5,-1,-1,-1
201601JI40018,1,9,0,18,0,0,0,0,0,0,2,1,6,1,41,7,2967,2,8,2,1,2
201601JI40018,2,9,0,18,0,0,0,0,0,0,1,1,6,3,-1,-1,-1,-1,-1,-1,-1,-1
201601JI40019,1,9,0,18,0,1,0,4,0,0,1,1,6,1,-1,-1,-1,-1,-1,-1,-1,-1
201601JI40019,2,9,0,2,0,1,0,0,0,0,1,1,6,3,-1,-1,-1,-1,-1,-1,-1,-1
201601JI40020,1,9,0,9,0,8,0,0,0,0,1,1,2,2,36,7,1896,2,12,4,1,4
201601JI40020,2,9,0,18,0,8,5,10,1,0,4,1,6,1,47,8,1560,2,2,4,1,4
201601JI40021,1,9,0,9,0,8,0,0,0,0,4,1,6,1,50,8,1798,1,13,2,1,2
201601JI40021,2,9,0,18,0,8,0,0,0,0,1,1,6,2,32,6,1587,1,11,4,1,4
201601JI40022,1,9,0,5,0,2,0,0,0,0,0,1,6,3,-1,-1,-1,-1,-1,-1,-1,-1
201601JI40022,2,9,0,18,0,8,0,0,0,0,1,1,6,1,21,5,1968,2,12,4,1,4
201601JI40022,3,10,0,18,0,8,0,0,0,0,1,1,1,1,56,9,2400,2,13,9,1,9
201601JI40024,1,9,0,18,0,1,0,0,0,0,3,1,1,2,23,5,1329,1,1,2,1,2
201601JI40024,2,9,0,7,0,1,0,0,0,0,4,1,6,3,-1,-1,-1,-1,-1,-1,-1,-1
201601JI40027,1,9,0,4,0,0,0,0,0,0,4,1,6,1,34,6,1595,1,10,4,1,4
201601JI40027,2,1,0,15,0,0,0,0,0,0,3,1,6,1,33,6,-1,-1,-1,2,1,2
201601JI40028,1,9,0,18,0,8,0,0,0,0,1,1,6,2,29,6,1560,2,6,6,1,6
201601JI40028,2,9,0,18,0,8,0,10,7,0,4,1,6,2,31,6,1595,1,15,3,1,3