Accident_Index,Vehicle_Reference,Vehicle_Type,Towing_and_Articulation,Vehicle_Manoeuvre,Vehicle_Location-Restricted_Lane,Junction_Location,Skidding_and_Overturning,Hit_Object_in_Carriageway,Vehicle_Leaving_Carriageway,Hit_Object_off_Carriageway,1st_Point_of_Impact,Was_Vehicle_Left_Hand_Drive?,Journey_Purpose_of_Driver,Sex_of_Driver,Age_of_Driver,Age_Band_of_Driver,Engine_Capacity_(CC),Propulsion_Code,Age_of_Vehicle,Driver_IMD_Decile,Driver_Home_Area_Type,Vehicle_IMD_Decile
201601JI40029,1,9,0,4,0,1,0,0,0,0,2,1,6,1,31,6,1956,2,5,2,1,2
201601JI40029,2,9,0,18,0,1,0,0,0,0,1,1,6,2,49,8,999,1,1,4,1,4
201601JI40030,1,9,0,10,0,1,0,0,0,0,2,1,6,1,34,6,1999,1,5,4,1,4
201601JI40030,2,9,0,18,0,1,0,0,0,0,1,1,6,1,24,5,1796,1,8,-1,-1,-1
201601JI40031,1,9,0,18,0,2,0,0,0,0,1,1,6,1,-1,-1,1590,1,15,-1,-1,-1
201601JI40033,1,9,0,18,0,0,0,0,0,0,1,1,6,2,22,5,1198,1,1,4,1,4
201601JI40034,1,9,0,14,0,0,0,0,0,0,1,1,6,3,-1,-1,-1,-1,-1,-1,-1,-1
201601JI40035,1,9,0,18,0,1,0,0,0,0,1,1,6,1,-1,-1,-1,-1,-1,-1,-1,-1
201601JI40036,1,8,0,13,0,1,0,0,0,0,1,1,1,1,64,9,1598,2,5,9,1,9
201601JI40037,1,9,0,18,0,1,0,0,0,0,1,1,6,1,-1,-1,-1,-1,-1,-1,-1,-1
201601JI40037,2,1,0,18,0,1,0,0,0,0,2,1,4,1,14,3,-1,-1,-1,3,1,3
201601JI40038,1,9,0,18,0,0,0,0,0,0,1,1,6,3,-1,-1,-1,-1,-1,-1,-1,-1
201601JI40039,1,9,0,1,0,0,0,0,0,0,2,1,6,2,45,7,1389,1,11,3,1,3
201601JI40039,2,9,0,18,0,0,0,0,0,0,1,1,6,2,27,6,1995,2,1,2,1,2
201601JI40041,1,9,0,9,0,8,0,0,0,0,4,1,6,1,20,4,1360,1,11,3,1,3
201601JI40041,2,9,0,17,0,8,0,0,0,0,1,1,1,1,40,7,1798,8,1,2,1,2
201601JI40042,1,9,0,18,0,0,0,0,0,0,1,1,6,1,37,7,1596,1,8,4,1,4
201601JI40042,2,9,0,18,0,0,0,10,1,1,2,1,6,2,45,7,1598,1,8,2,1,2
201601JI40043,1,9,0,18,0,8,0,0,0,0,4,1,6,1,22,5,998,1,16,1,1,1
201601JI40043,2,9,0,18,0,1,0,0,0,0,1,1,6,1,-1,-1,-1,-1,-1,-1,-1,-1
201601JI40044,1,9,0,9,0,8,0,0,0,0,3,1,6,2,38,7,1329,1,6,7,1,7
201601JI40044,2,9,0,18,0,8,0,10,7,10,1,1,6,1,25,5,1400,1,16,5,1,5
201601JI40045,1,9,0,9,0,8,0,0,0,0,1,1,6,1,47,8,1968,2,9,5,1,5
201601JI40045,2,3,0,18,0,8,0,0,0,0,4,1,6,1,46,8,125,1,2,4,1,4
201601JI40046,1,9,0,1,0,1,0,0,0,0,2,1,6,2,27,6,1390,1,19,2,1,2
201601JI40046,2,9,0,3,0,1,0,0,0,0,1,1,6,2,37,7,1598,1,11,5,1,5
201601JI40047,1,9,0,18,0,8,0,0,0,0,1,1,2,1,30,6,1598,2,1,4,1,4
201601JI40047,2,9,0,9,0,8,0,0,0,0,3,1,6,1,-1,-1,-1,-1,-1,3,1,3
201601JI40048,1,9,0,12,0,0,0,0,0,0,1,1,6,1,28,6,1598,1,11,4,1,4
201601JI40048,2,9,0,4,0,0,0,0,0,0,2,1,6,1,-1,-1,-1,-1,-1,-1,-1,-1
201601JI40050,1,5,0,18,0,1,0,0,0,0,0,1,6,1,35,6,649,1,-1,-1,-1,-1
201601JI40050,2,9,0,9,0,8,0,0,0,0,0,1,6,3,-1,-1,-1,-1,-1,-1,-1,-1
201601JI40051,1,9,0,18,0,8,0,0,0,0,3,1,6,1,36,7,1995,2,5,6,1,6
201601JI40051,2,19,0,11,0,8,0,0,0,0,4,1,6,1,-1,-1,2198,2,4,-1,-1,-1
201601JI40052,1,9,0,18,0,1,0,0,0,0,1,1,6,3,-1,-1,-1,-1,-1,-1,-1,-1
201601JI40053,1,9,0,18,0,0,0,4,0,0,1,1,2,1,32,6,-1,-1,-1,1,1,1
201601JI40053,2,20,0,2,0,0,0,0,0,0,2,1,6,1,30,6,3920,2,10,-1,-1,-1
201601JI40054,1,9,0,18,0,1,0,0,0,0,1,1,6,2,53,8,1242,1,2,4,1,4
201601JI40054,2,3,0,4,0,1,0,0,0,0,2,1,6,1,41,7,-1,-1,-1,6,1,6
201601JI40055,1,9,0,9,0,8,0,0,0,0,4,1,6,1,34,6,-1,-1,-1,3,1,3
201601JI40055,2,9,0,18,0,8,0,0,0,0,1,1,6,2,41,7,998,1,4,2,1,2
201601JI40056,1,9,0,18,0,8,0,0,0,0,3,1,6,1,43,7,1398,1,3,5,1,5
201601JI40056,2,9,0,9,0,8,0,0,0,0,1,1,6,1,-1,-1,1560,2,10,-1,-1,-1
201601JI40058,1,19,0,9,0,8,0,0,0,0,4,1,6,1,28,6,2287,2,9,6,1,6
201601JI40058,2,9,0,7,0,8,0,0,0,0,1,1,6,1,-1,-1,1995,1,10,-1,-1,-1
201601JI40060,1,9,0,3,0,1,0,0,0,0,3,1,6,1,35,6,1968,2,8,4,1,4
201601JI40060,2,20,0,11,0,1,0,0,0,0,4,1,6,1,-1,-1,-1,-1,-1,2,1,2
201601JI40061,1,9,0,9,0,8,0,0,0,0,1,1,6,1,44,7,1591,1,9,3,1,3
201601JI40061,2,9,0,18,0,8,0,0,0,0,3,1,6,1,48,8,1597,1,13,2,1,2
201601JI40063,1,9,0,3,0,1,0,0,0,0,2,1,6,1,41,7,2149,2,9,5,1,5
201601JI40063,2,9,0,18,0,1,0,0,0,0,1,1,6,1,38,7,1896,2,7,4,1,4
201601JI40065,1,9,0,18,0,8,0,0,0,0,1,1,6,2,44,7,1330,1,12,6,1,6
201601JI40065,2,9,0,9,0,8,0,0,0,0,3,1,6,2,18,4,1397,1,6,6,1,6
201601JI40066,1,9,0,3,0,8,0,0,0,0,3,1,6,1,29,6,-1,-1,-1,5,1,5
201601JI40066,2,9,0,9,0,8,0,0,0,0,1,1,6,1,-1,-1,1461,2,2,-1,-1,-1
201601JI40067,1,9,0,18,0,2,0,0,0,0,1,1,6,2,18,4,1242,1,14,-1,-1,-1
201601JI40067,2,9,0,4,0,2,0,0,0,0,2,1,6,1,53,8,2143,2,6,3,1,3
201601JI40067,3,9,0,13,0,2,0,0,0,0,1,1,6,2,-1,-1,-1,-1,-1,-1,-1,-1
201601JI40069,1,9,0,9,0,2,0,0,0,0,3,1,6,3,-1,-1,-1,-1,-1,-1,-1,-1
201601JI40072,1,9,0,4,0,1,0,0,0,0,2,1,6,1,56,9,1398,1,4,4,1,4
201601JI40072,2,9,0,18,0,1,0,0,0,0,1,1,6,2,-1,-1,1598,1,12,-1,-1,-1
201601JI40073,1,3,0,18,0,8,0,0,0,0,4,1,6,1,56,9,108,1,8,4,1,4
201601JI40073,2,9,0,7,0,8,0,0,0,0,1,1,6,1,-1,-1,1796,1,12,-1,-1,-1
201601JI40074,1,9,0,18,0,8,0,0,0,0,1,1,6,1,20,4,1796,1,8,6,1,6
201601JI40074,2,9,0,18,0,8,0,0,0,0,4,1,6,2,33,6,2987,2,9,5,1,5
201601JI40075,1,9,0,9,0,2,0,0,0,0,1,1,6,3,-1,-1,1332,1,7,-1,-1,-1
201601JI40076,1,9,0,3,0,1,0,0,0,0,2,1,2,1,32,6,1490,1,9,4,1,4
201601JI40076,2,9,0,18,0,1,0,0,0,0,1,1,6,1,-1,-1,1329,1,7,-1,-1,-1
201601JI40077,1,9,0,9,0,5,0,0,0,0,1,1,6,1,40,7,1896,2,12,4,1,4
201601JI40078,1,9,0,9,0,8,0,0,0,0,1,1,6,1,41,7,1995,1,12,2,1,2
201601JI40078,2,9,0,18,0,8,0,0,0,0,1,1,6,1,33,6,1086,1,11,5,1,5
201601JI40081,1,9,0,18,0,0,0,0,0,0,2,1,6,1,20,4,1995,2,11,3,1,3
201601JI40081,2,9,0,18,0,0,0,0,0,0,1,1,6,3,-1,-1,1995,2,1,-1,-1,-1
201601JI40082,1,3,0,18,0,8,0,0,0,0,3,1,6,1,18,4,125,1,4,9,1,9
201601JI40082,2,9,0,9,0,8,0,0,0,0,1,1,6,1,40,7,1560,2,4,-1,-1,-1
201601JI40085,1,9,0,18,0,0,0,0,0,0,2,1,6,2,26,6,1461,2,8,6,1,6
201601JI40085,2,9,0,18,0,0,0,0,0,0,1,1,6,1,-1,-1,1896,2,9,-1,-1,-1
201601JI40086,1,11,0,18,0,8,0,0,0,0,0,1,1,1,-1,-1,-1,-1,-1,-1,-1,-1
201601JI40087,1,9,0,14,0,1,0,0,0,0,4,1,6,1,31,6,-1,-1,-1,3,1,3
201601JI40087,2,9,0,6,0,1,0,0,0,0,3,1,6,2,28,6,1390,1,7,3,1,3
201601JI40088,1,9,0,7,0,2,0,0,0,0,1,1,6,1,-1,-1,-1,-1,-1,-1,-1,-1
201601JI40090,1,9,0,18,0,1,0,10,1,4,1,1,6,1,21,5,1997,2,8,3,1,3
201601JI40092,1,9,0,3,0,0,0,0,0,0,2,1,6,2,59,9,-1,-1,-1,5,1,5
201601JI40092,2,9,0,3,0,0,0,0,0,0,2,1,6,1,47,8,1198,1,9,5,1,5
201601JI40092,3,9,0,3,0,0,0,0,0,0,2,1,6,1,58,9,1997,2,3,4,1,4
201601JI40092,4,9,0,4,0,0,0,0,0,0,1,1,6,1,36,7,-1,-1,-1,5,2,5
201601JI40093,1,9,0,16,0,1,0,0,0,0,1,1,6,1,27,6,-1,-1,-1,5,1,5
201601JI40094,1,9,0,3,0,1,0,0,0,0,2,1,6,1,20,4,1229,1,10,5,1,5
201601JI40094,2,9,0,4,0,1,0,0,0,0,1,1,6,1,-1,-1,-1,-1,-1,-1,-1,-1
201601JI40095,1,9,0,7,0,8,0,0,0,0,1,1,6,2,20,4,1229,1,8,3,1,3
201601JI40095,2,9,0,18,0,8,0,0,0,0,4,1,6,1,23,5,-1,-1,-1,7,1,7
201601JI40096,1,9,0,18,0,0,0,4,0,0,4,1,6,1,48,8,2143,2,2,5,1,5
201601JI40096,2,9,0,5,0,0,0,0,0,0,3,1,6,1,-1,-1,1798,1,13,-1,-1,-1
201601JI40096,3,9,0,2,0,0,0,0,0,0,3,1,6,3,-1,-1,1199,1,13,-1,-1,-1
201601JI40097,1,9,0,8,0,1,0,0,0,0,2,1,6,2,38,7,1296,1,10,1,1,1
201601JI40097,2,9,0,4,0,1,0,0,0,0,1,1,6,2,36,7,-1,-1,-1,3,1,3
201601JI40098,1,9,0,7,0,8,0,0,0,0,2,1,6,1,-1,-1,1590,1,12,-1,-1,-1
201601JI40098,2,1,0,18,0,8,0,0,0,0,1,1,6,1,59,9,-1,-1,-1,4,1,4
201601JI40099,1,9,0,18,0,0,0,0,0,0,1,1,6,2,54,8,2143,2,1,3,1,3
201601JI40102,1,9,0,9,0,8,0,0,0,0,1,1,6,1,55,8,2198,2,10,3,1,3
201601JI40102,2,9,0,2,0,2,0,0,0,0,3,2,6,3,-1,-1,-1,-1,-1,-1,-1,-1
201601JI40102,3,9,0,2,0,2,0,0,0,0,3,1,6,3,-1,-1,-1,-1,-1,-1,-1,-1
201601JI40102,4,9,0,18,0,8,0,4,0,0,2,1,6,1,22,5,1598,1,9,9,1,9
201601JI40103,1,9,0,9,0,8,0,0,0,0,1,1,6,1,44,7,1968,2,4,4,1,4
201601JI40103,2,9,0,18,0,8,0,0,0,0,4,1,6,1,24,5,1781,1,14,3,1,3
201601JI40107,1,9,0,18,0,0,0,0,0,0,2,1,6,1,23,5,998,1,2,3,1,3
201601JI40107,2,9,0,18,0,0,0,0,0,0,2,1,6,1,32,6,2000,1,8,9,1,9
201601JI40107,3,9,0,18,0,0,0,0,0,0,1,1,6,1,34,6,1995,1,11,6,1,6
201601JI40108,1,9,0,18,0,2,0,0,0,0,1,1,6,2,22,5,1299,1,9,7,3,7
201601JI40109,1,9,0,18,0,2,0,0,0,0,4,1,1,1,54,8,1988,2,11,6,1,6
201601JI40110,1,9,0,18,0,8,0,0,0,0,3,1,6,2,50,8,1299,1,17,6,1,6
201601JI40110,2,9,0,1,0,8,0,0,0,0,2,1,6,1,-1,-1,2926,2,16,6,1,6
201601JI40111,1,19,0,18,0,8,0,0,0,0,1,1,1,1,24,5,1399,2,5,4,1,4
201601JI40111,2,9,0,9,0,8,0,0,0,0,3,1,2,1,21,5,1388,1,10,7,1,7
201601JI40112,1,9,0,18,0,0,0,0,0,0,1,1,1,2,56,9,1299,1,16,4,1,4
201601JI40118,1,8,0,3,0,0,0,0,0,0,2,1,6,1,40,7,1956,2,6,2,1,2
201601JI40118,2,9,0,18,0,0,0,0,0,0,1,1,6,1,-1,-1,1388,1,14,-1,-1,-1
201601JI40119,1,9,0,17,0,8,0,0,0,0,2,1,6,2,48,8,1998,1,11,3,1,3
201601JI40119,2,9,0,17,0,8,0,0,0,0,1,1,6,1,-1,-1,1699,1,6,-1,-1,-1
201601JI40124,1,3,0,18,0,8,0,0,0,0,4,1,1,1,19,4,49,1,8,3,1,3
201601JI40124,2,9,0,9,0,8,0,0,0,0,1,1,6,3,-1,-1,-1,-1,-1,-1,-1,-1
201601JI40125,1,3,0,17,0,8,0,0,0,0,3,1,6,1,31,6,-1,-1,-1,2,1,2
201601JI40125,2,9,0,17,0,8,0,0,0,0,4,1,6,1,85,11,1388,1,7,4,1,4
201601JI40126,1,9,0,9,0,8,0,0,0,0,4,1,6,1,31,6,2967,2,5,4,1,4
201601JI40126,2,19,0,18,0,8,0,0,0,0,1,1,6,1,41,7,-1,-1,-1,5,1,5
201601JI40127,1,9,0,18,0,1,0,10,7,10,3,1,6,2,23,5,1229,1,9,2,1,2
201601JI40127,2,9,0,18,0,1,0,0,0,0,3,1,6,1,29,6,1364,1,1,5,1,5
201601JI40128,1,9,0,18,0,0,0,0,0,0,1,1,6,3,-1,-1,-1,-1,-1,-1,-1,-1
201601JI40130,1,9,0,9,0,8,0,0,0,0,3,1,6,1,23,5,1598,2,2,5,1,5
201601JI40130,2,9,0,11,0,8,0,0,0,0,4,1,6,1,-1,-1,1390,1,5,-1,-1,-1
201601JI40131,1,9,0,9,0,8,0,0,0,0,1,1,6,1,34,6,2143,2,4,-1,-1,-1
201601JI40131,2,1,0,18,0,8,0,0,0,0,4,1,6,1,19,4,-1,-1,-1,6,1,6
201601JI40133,1,9,0,4,0,2,0,0,0,0,2,1,6,1,43,7,1995,2,11,2,1,2
201601JI40133,2,19,0,18,0,2,0,0,0,0,1,1,6,1,-1,-1,2148,2,8,-1,-1,-1
201601JI40134,1,9,0,18,0,8,0,0,0,0,1,1,6,2,27,6,2148,2,13,2,1,2
201601JI40134,2,9,0,9,0,8,0,0,0,0,4,1,6,2,44,7,1086,1,7,4,1,4
201601JI40135,1,9,0,4,0,1,0,0,0,0,2,1,6,1,31,6,-1,-1,-1,2,1,2
201601JI40135,2,9,0,18,0,1,0,0,0,0,1,1,6,1,-1,-1,-1,-1,-1,4,1,4
201601JI40136,1,5,0,3,0,8,0,0,0,0,2,1,2,1,50,8,999,1,7,5,1,5
201601JI40136,2,9,0,18,0,8,0,0,0,0,1,1,2,1,34,6,2972,1,21,3,1,3
201601JI40137,1,9,0,6,0,0,0,0,0,0,3,1,2,2,23,5,1390,1,5,8,2,8
201601JI40137,2,4,0,18,0,0,0,0,0,0,1,1,2,1,21,5,124,1,1,2,1,2
201601JI40138,1,9,0,18,0,0,0,0,0,0,4,1,6,1,42,7,1997,2,6,1,1,1
201601JI40138,2,9,0,12,0,0,0,0,0,0,3,1,6,2,87,11,2793,1,17,8,1,8
201601JI40139,1,19,0,18,0,0,0,0,0,0,1,1,6,1,44,7,2402,2,10,2,1,2
201601JI40139,2,19,0,18,0,0,0,0,0,0,2,1,6,1,48,8,2287,2,5,-1,-1,-1
201601JI40141,1,8,0,18,0,1,0,0,0,0,1,1,1,1,73,10,2664,2,16,2,1,2
201601JI40141,2,9,0,10,0,1,0,0,0,0,2,1,6,1,25,5,1995,2,10,4,1,4
201601JI40142,1,9,0,18,0,8,0,0,0,0,3,1,6,2,65,9,1497,8,-1,2,1,2
201601JI40142,2,19,0,9,0,8,0,0,0,0,1,1,6,1,-1,-1,2148,2,8,1,1,1
201601JI40144,1,9,0,18,0,0,0,0,0,0,1,1,6,1,-1,-1,1598,1,11,-1,-1,-1
201601JI40144,2,9,0,4,0,0,0,0,0,0,2,1,6,2,34,6,1149,1,10,4,1,4
201601JI40144,3,9,0,4,0,0,0,0,0,0,2,1,6,2,-1,-1,1910,2,9,7,1,7
201601JI40145,1,9,0,18,0,8,0,0,0,0,1,1,6,2,40,7,1598,1,14,4,1,4
201601JI40145,2,9,0,18,0,8,0,0,0,0,3,1,6,1,31,6,1560,2,9,5,1,5
201601JI40146,1,9,0,18,0,1,0,0,0,0,4,1,6,1,-1,-1,-1,-1,-1,-1,-1,-1
201601JI40147,1,9,0,3,0,1,0,0,0,0,2,1,6,1,23,5,1242,1,5,4,1,4
201601JI40147,2,3,0,18,0,1,0,0,0,0,1,1,6,1,20,4,124,1,4,2,1,2
201601JI40148,1,9,0,18,0,0,0,0,0,0,1,1,6,2,26,6,1995,2,9,5,1,5
201601JI40148,2,9,0,18,0,0,0,0,0,0,1,1,6,2,37,7,-1,-1,-1,7,1,7
201601JI40149,1,8,0,17,0,8,0,0,0,0,2,1,2,1,37,7,2143,2,1,9,1,9
201601JI40149,2,9,0,17,0,8,0,0,0,0,2,1,2,1,51,8,998,1,17,1,1,1
201601JI40149,3,9,0,17,0,8,0,0,0,0,1,1,6,3,-1,-1,-1,-1,-1,-1,-1,-1
201601JI40151,1,11,0,18,0,1,0,0,0,0,1,1,1,2,40,7,9360,2,6,4,1,4
201601JI40153,1,9,0,9,0,8,0,0,0,0,3,1,6,1,57,9,1229,1,5,3,1,3
201601JI40153,2,9,0,9,0,8,0,0,0,0,1,1,6,1,26,6,1598,1,1,8,1,8
201601JI40154,1,19,0,18,0,1,0,0,0,0,2,1,6,1,46,8,2402,2,13,3,1,3
201601JI40154,2,9,0,18,0,1,0,0,0,0,1,1,6,2,32,6,1197,1,5,4,1,4
201601JI40155,1,19,0,7,0,8,0,0,0,0,4,1,6,1,32,6,2287,2,7,5,1,5
201601JI40155,2,3,0,15,0,8,0,0,0,0,3,1,6,1,19,4,-1,-1,-1,3,1,3
201601JI40156,1,9,0,18,0,0,0,0,0,0,4,1,6,1,45,7,1498,1,8,3,1,3
201601JI40156,2,9,0,12,0,0,0,0,0,0,3,1,6,1,43,7,1796,1,11,6,1,6
201601JI40158,1,9,0,18,0,1,0,0,0,0,1,1,6,1,32,6,-1,-1,-1,4,1,4
201601JI40159,1,9,0,4,0,0,0,0,0,0,2,1,6,1,21,5,1595,1,1,3,1,3
201601JI40159,2,9,0,18,0,0,0,0,0,0,1,1,6,1,31,6,1995,1,13,8,1,8
201601JI40161,1,9,0,9,0,8,0,0,0,0,3,1,6,2,21,5,1124,1,7,9,3,9
201601JI40161,2,3,0,18,0,8,0,0,0,0,1,1,6,1,53,8,124,1,10,2,1,2
201601JI40162,1,9,0,17,0,2,0,0,0,0,1,1,6,2,36,7,2987,2,2,2,1,2
201601JI40163,1,9,0,18,0,0,0,0,0,0,1,1,6,1,28,6,1240,1,13,2,1,2
201601JI40164,1,9,0,18,0,1,0,0,0,0,1,1,6,2,30,6,1997,2,1,7,1,7
201601JI40164,2,9,0,3,0,1,0,0,0,0,2,1,6,2,31,6,1199,2,5,8,1,8
201601JI40164,3,9,0,3,0,1,0,0,0,0,2,1,6,1,35,6,2720,2,11,8,1,8
201601JI40168,1,9,0,18,9,0,0,10,1,10,1,1,6,2,73,10,1339,1,1,5,1,5
201601JI40169,1,21,0,11,0,0,0,0,0,0,4,1,1,1,45,7,-1,2,11,4,1,4
201601JI40169,2,9,0,18,0,0,0,0,0,0,3,1,6,2,24,5,1595,2,6,3,1,3
201601JI40170,1,9,0,18,0,1,0,0,0,0,1,1,6,1,29,6,2996,1,11,4,1,4
201601JI40170,2,9,0,3,0,1,0,0,0,0,2,1,6,2,34,6,1596,1,14,1,1,1
201601JI40170,3,9,0,3,0,1,0,0,0,0,2,1,6,3,-1,-1,-1,-1,-1,-1,-1,-1
201601JI40171,1,20,0,4,0,0,0,0,0,0,2,1,1,1,31,6,7790,2,6,-1,-1,-1
201601JI40171,2,5,0,18,0,0,0,0,0,0,1,1,6,1,28,6,999,1,6,4,1,4
201601JI40172,1,19,0,18,0,8,0,0,0,0,4,1,1,1,23,5,2198,2,1,2,1,2
201601JI40172,2,19,0,7,0,8,0,0,0,0,1,1,1,1,46,8,2464,2,8,2,1,2
201601JI40173,1,9,0,4,0,1,0,0,0,0,2,1,6,1,34,6,1587,1,10,2,1,2
201601JI40173,2,19,0,4,0,1,0,0,0,0,2,1,6,1,-1,-1,2151,2,14,-1,-1,-1
201601JI40173,3,9,0,18,0,1,0,0,0,0,1,1,6,1,-1,-1,1998,1,18,5,1,5
201601JI40174,1,9,0,3,0,0,0,0,0,0,2,1,6,1,39,7,1968,2,6,4,1,4
201601JI40174,2,9,0,18,0,0,0,0,0,0,1,1,6,1,-1,-1,1896,2,13,-1,-1,-1
201601JI40175,1,9,0,18,0,1,0,0,0,0,1,1,6,1,23,5,1800,1,17,7,1,7
201601JI40175,2,9,0,4,0,1,0,0,0,0,2,1,6,1,-1,-1,1997,2,12,8,1,8
201601JI40177,1,9,0,18,0,1,0,0,0,0,1,1,6,1,-1,-1,1995,1,10,-1,-1,-1
201601JI40177,2,9,0,18,0,2,0,0,0,0,1,1,1,1,36,7,1598,1,3,-1,-1,-1
201601JI40178,1,9,0,7,0,2,0,4,0,0,1,1,6,2,55,8,2299,1,24,8,1,8
201601JI40178,2,9,0,2,0,2,0,0,0,0,2,1,6,1,29,6,799,2,4,7,1,7
201601JI40180,1,9,0,8,0,1,0,0,0,0,2,1,6,2,26,6,1598,1,3,-1,-1,-1
201601JI40180,2,9,0,7,0,1,0,0,0,0,1,1,6,1,42,7,1781,1,14,4,1,4
201601JI40181,1,9,0,3,0,1,0,0,0,0,2,1,6,1,68,10,1997,2,2,6,1,6
201601JI40181,2,9,0,3,0,1,0,0,0,0,2,1,6,1,65,9,1597,1,17,4,1,4
201601JI40181,3,9,0,18,0,1,0,0,0,0,1,1,6,1,27,6,2148,2,10,7,1,7
201601JI40182,1,9,0,9,0,8,0,0,0,0,4,1,6,2,41,7,998,1,8,7,1,7
201601JI40182,2,9,0,18,0,8,0,10,1,0,1,1,6,1,23,5,1390,1,5,2,1,2
201601JI40183,1,9,0,18,0,2,0,0,0,0,3,1,6,2,54,8,-1,-1,-1,-1,-1,-1
201601JI40183,2,21,0,11,0,2,0,0,0,0,4,1,1,1,57,9,-1,-1,-1,-1,-1,-1
201601JI40184,1,9,0,5,0,0,0,0,0,0,1,1,6,1,-1,-1,1388,1,9,-1,-1,-1
201601JI40185,1,9,0,6,0,0,0,0,0,0,4,1,1,1,59,9,1497,8,7,3,1,3
201601JI40185,2,4,0,18,0,0,0,0,0,0,1,1,2,1,52,8,180,1,52,4,1,4
201601JI40186,1,9,0,18,0,0,0,4,0,0,1,1,6,1,78,11,1589,1,16,6,1,6
201601JI40186,2,9,0,2,0,0,0,0,0,0,2,1,6,1,-1,-1,1339,1,4,6,1,6
201601JI40188,1,9,0,18,0,8,0,0,0,0,4,1,6,1,23,5,998,1,1,8,1,8
201601JI40188,2,9,0,7,0,8,0,0,0,0,1,1,6,1,-1,-1,-1,-1,-1,-1,-1,-1
201601JI40189,1,9,0,18,0,0,0,0,0,0,1,1,6,1,37,7,1997,2,4,4,1,4
201601JI40190,1,9,0,9,0,8,0,0,0,0,1,1,6,1,65,9,998,1,5,5,1,5
201601JI40190,2,9,0,18,0,8,0,0,0,0,3,1,6,1,36,7,-1,-1,-1,10,1,10
201601JI40191,1,9,0,18,0,8,0,0,0,0,3,1,6,2,32,6,999,1,6,4,1,4
201601JI40191,2,9,0,18,0,8,0,0,0,0,1,1,6,1,29,6,-1,-1,-1,3,1,3
201601JI40192,1,9,0,18,0,2,0,0,0,0,1,1,6,1,31,6,2143,2,-1,3,1,3
201601JI40192,2,11,0,18,0,1,0,0,0,0,1,1,1,2,37,7,4461,2,4,2,1,2
201601JI40193,1,9,0,9,0,8,0,0,0,0,3,1,6,1,42,7,1850,1,17,5,1,5
201601JI40193,2,3,0,13,0,8,0,0,0,0,4,1,6,1,51,8,-1,-1,-1,7,1,7
201601JI40194,1,11,0,7,0,2,0,0,0,0,0,1,1,1,43,7,6696,2,3,3,1,3
201601JI40195,1,9,0,18,0,8,0,0,0,0,3,1,3,1,33,6,2987,2,7,9,1,9
201601JI40195,2,9,0,9,0,8,0,0,0,0,1,1,6,1,58,9,1242,1,15,4,1,4
201601JI40196,1,19,0,3,0,1,0,0,0,0,1,1,1,1,-1,-1,-1,-1,-1,-1,-1,-1
201601JI40196,2,19,0,1,0,1,0,0,0,0,2,1,6,1,37,7,2402,2,8,2,1,2
201601JI40197,1,9,0,18,0,1,0,0,0,0,2,1,6,1,59,9,1560,2,3,3,1,3
201601JI40197,2,9,0,18,0,1,0,0,0,0,1,1,6,2,22,5,1124,1,12,4,1,4
201601JI40198,1,9,0,9,0,8,0,0,0,0,1,1,6,2,37,7,998,1,14,5,1,5
201601JI40198,2,9,0,18,0,8,0,0,0,0,1,1,6,2,33,6,1240,1,12,5,1,5
201601JI40199,1,19,0,4,0,0,0,0,0,0,2,1,1,1,27,6,2148,2,7,2,1,2
201601JI40199,2,9,0,18,0,0,0,0,0,0,1,1,6,2,28,6,1332,1,17,5,1,5
201601JI40200,1,11,0,18,0,1,0,0,0,0,1,1,1,1,50,8,8268,2,11,9,1,9
201601JI40201,1,9,0,18,0,0,0,4,0,0,3,1,6,1,43,7,1896,2,13,1,1,1
201601JI40201,2,9,0,2,0,0,0,0,0,0,4,1,6,1,37,7,1596,1,19,-1,-1,-1
201601JI40201,3,9,0,2,0,0,0,0,0,0,3,1,6,1,34,6,1995,1,8,4,1,4
201601JI40203,1,19,0,18,0,2,0,0,0,0,3,1,6,1,34,6,2148,2,7,2,1,2
201601JI40205,1,9,0,18,0,0,0,0,0,0,1,1,3,2,29,6,1360,1,13,5,1,5
201601JI40205,2,9,0,4,0,0,0,0,0,0,2,1,3,2,35,6,1248,1,2,2,1,2
201601JI40206,1,9,0,18,0,1,0,0,0,0,2,1,6,1,35,6,998,1,11,6,1,6
201601JI40206,2,9,0,18,0,1,0,0,0,0,1,1,6,2,-1,-1,1685,2,2,-1,-1,-1
201601JI40208,1,21,0,18,0,0,0,0,0,0,4,1,6,1,-1,-1,12902,2,2,-1,-1,-1
201601JI40208,2,9,0,18,0,0,0,10,4,6,3,1,6,1,71,10,1998,2,2,4,1,4
201601JI40209,1,9,0,18,0,0,0,0,0,0,4,1,6,2,23,5,999,1,1,4,1,4
201601JI40209,2,9,0,5,0,0,0,0,0,0,3,1,6,1,-1,-1,1396,1,18,-1,-1,-1
201601JI40210,1,19,0,18,0,0,0,0,0,0,3,1,6,1,47,8,-1,-1,-1,6,1,6
201601JI40210,2,9,0,11,0,0,0,0,0,0,4,1,6,1,-1,-1,1229,1,4,-1,-1,-1
201601JI40211,1,9,0,18,0,0,0,10,5,6,1,1,6,1,32,6,2993,2,11,3,1,3
201601JI40212,1,8,0,9,0,8,0,0,0,0,4,1,1,1,48,8,1797,8,6,1,1,1
201601JI40212,2,1,0,18,0,8,0,0,0,0,1,1,6,1,49,8,-1,-1,-1,7,1,7
201601JI40213,1,9,0,18,0,8,0,0,0,0,1,1,6,2,57,9,1242,1,4,4,1,4
201601JI40213,2,9,0,9,0,8,0,0,0,0,3,1,6,1,51,8,1396,1,14,3,1,3
201601JI40215,1,9,0,9,0,8,0,0,0,0,3,1,6,1,31,6,1686,2,15,3,1,3
201601JI40215,2,5,0,13,0,8,0,0,0,0,4,1,6,1,27,6,1000,1,1,5,1,5