Accident_Index,Vehicle_Reference,Vehicle_Type,Towing_and_Articulation,Vehicle_Manoeuvre,Vehicle_Location-Restricted_Lane,Junction_Location,Skidding_and_Overturning,Hit_Object_in_Carriageway,Vehicle_Leaving_Carriageway,Hit_Object_off_Carriageway,1st_Point_of_Impact,Was_Vehicle_Left_Hand_Drive?,Journey_Purpose_of_Driver,Sex_of_Driver,Age_of_Driver,Age_Band_of_Driver,Engine_Capacity_(CC),Propulsion_Code,Age_of_Vehicle,Driver_IMD_Decile,Driver_Home_Area_Type,Vehicle_IMD_Decile
201601JI40219,1,9,0,18,0,8,0,0,0,0,1,1,6,1,20,4,-1,-1,-1,-1,-1,-1
201601JI40219,2,9,0,5,0,8,0,0,0,0,3,1,6,2,60,9,1240,1,7,4,1,4
201601JI40220,1,3,0,18,0,1,0,0,0,0,3,1,1,1,17,4,108,1,4,5,1,5
201601JI40220,2,9,0,7,0,1,0,0,0,0,4,1,6,2,58,9,1400,2,10,7,1,7
201601JI40223,1,9,0,18,0,1,0,0,0,0,2,1,2,1,28,6,1991,2,13,3,1,3
201601JI40223,2,9,0,18,0,1,0,0,0,0,2,1,2,2,24,5,1242,1,1,3,1,3
201601JI40223,3,9,0,18,0,1,0,0,0,0,1,1,2,1,26,6,1596,1,4,4,1,4
201601JI40224,1,9,0,4,0,0,0,0,0,0,2,1,6,2,27,6,1149,1,11,-1,-1,-1
201601JI40224,2,9,0,18,0,0,0,0,0,0,1,1,1,1,63,9,2143,2,2,7,1,7
201601JI40225,1,9,0,2,0,2,0,10,1,0,3,1,6,2,51,8,1388,1,16,3,1,3
201601JI40225,2,9,0,18,0,2,0,0,0,0,1,1,6,2,35,6,1796,1,14,2,1,2
201601JI40226,1,9,0,18,0,1,0,0,0,0,1,1,6,3,-1,-1,-1,-1,-1,-1,-1,-1
201601JI40226,2,1,0,5,0,2,0,0,0,0,3,1,4,1,15,3,-1,-1,-1,3,1,3
201601JI40227,1,9,0,13,0,0,0,0,0,0,4,1,6,1,49,8,-1,-1,-1,6,1,6
201601JI40227,2,1,0,18,0,0,0,0,0,0,3,1,6,1,23,5,-1,-1,-1,3,1,3
201601JI40228,1,9,0,14,0,1,0,0,0,0,1,1,6,1,-1,-1,998,1,6,-1,-1,-1
201601JI40229,1,9,0,7,0,2,1,10,1,10,1,1,6,1,32,6,1781,1,14,2,1,2
201601JI40230,1,9,0,5,0,1,0,0,0,0,1,1,6,1,49,8,998,1,15,4,1,4
201601JI40230,2,9,0,5,0,1,0,0,0,0,2,1,6,1,-1,-1,-1,-1,-1,3,1,3
201601JI40231,1,9,0,18,0,8,0,0,0,0,1,1,6,1,27,6,1496,2,1,6,1,6
201601JI40231,2,9,0,18,0,8,0,0,0,0,3,1,6,2,44,7,-1,-1,-1,-1,-1,-1
201601JI40232,1,9,0,18,0,8,0,0,0,0,1,1,6,2,31,6,1242,1,10,8,2,8
201601JI40232,2,8,0,9,0,8,0,0,0,0,4,1,6,3,-1,-1,-1,-1,-1,-1,-1,-1
201601JI40233,1,9,0,4,0,1,0,0,0,0,2,1,6,1,25,5,2143,2,1,3,1,3
201601JI40233,2,19,0,18,0,1,0,0,0,0,1,1,6,3,-1,-1,2402,2,5,-1,-1,-1
201601JI40235,1,9,0,3,0,1,0,0,0,0,2,1,2,2,46,8,1248,1,3,3,1,3
201601JI40235,2,9,0,18,0,1,0,0,0,0,1,1,6,1,-1,-1,1596,1,16,-1,-1,-1
201601JI40236,1,1,0,15,0,2,0,8,0,0,1,1,6,1,24,5,-1,-1,-1,4,1,4
201601JI40236,2,9,0,3,0,2,0,0,0,0,4,1,6,1,-1,-1,1995,2,7,-1,-1,-1
201601JI40237,1,9,0,18,0,0,0,0,0,0,1,1,6,3,-1,-1,-1,-1,-1,-1,-1,-1
201601JI40239,1,11,0,5,0,0,0,0,0,0,0,1,1,1,43,7,8268,2,12,4,1,4
201601JI40240,1,9,0,18,0,1,0,4,0,0,1,1,6,2,37,7,1493,2,9,3,1,3
201601JI40240,2,9,0,2,0,1,0,0,0,0,1,1,6,1,-1,-1,1796,1,12,3,1,3
201601JI40241,1,3,0,18,0,2,0,0,0,0,4,1,6,1,37,7,125,1,6,2,1,2
201601JI40241,2,9,0,5,0,2,0,0,0,0,3,1,6,1,29,6,2993,2,13,7,1,7
201601JI40242,1,9,0,9,0,2,0,0,0,0,4,1,6,1,42,7,1598,1,5,4,1,4
201601JI40243,1,1,0,7,0,5,0,0,0,0,2,1,6,1,35,6,-1,-1,-1,2,1,2
201601JI40243,2,9,0,18,0,1,0,0,0,0,1,1,6,3,-1,-1,-1,-1,-1,-1,-1,-1
201601JI40244,1,9,0,2,0,2,0,0,0,0,2,1,6,2,43,7,-1,-1,-1,8,1,8
201601JI40244,2,19,0,1,0,2,0,4,0,0,2,1,1,1,-1,-1,2402,2,10,-1,-1,-1
201601JI40245,1,9,0,1,0,1,0,0,0,0,2,1,6,1,17,4,1388,1,13,4,1,4
201601JI40246,1,9,0,18,0,0,0,4,0,0,1,1,3,1,19,4,1299,1,13,5,1,5
201601JI40246,2,9,0,2,0,0,0,0,0,0,2,1,6,1,31,6,1896,2,10,4,1,4
201601JI40249,1,19,0,2,0,8,0,0,0,0,3,1,6,1,61,9,2300,2,11,7,1,7
201601JI40249,2,9,0,18,0,8,0,4,0,0,1,1,6,1,21,5,3239,1,22,10,1,10
201601JI40250,1,9,0,18,0,0,0,0,0,0,1,1,6,1,60,9,1998,2,11,2,1,2
201601JI40251,1,9,0,4,0,0,0,0,0,0,2,1,6,2,43,7,1596,1,7,8,1,8
201601JI40251,2,3,0,18,0,0,0,0,0,0,1,1,6,1,20,4,125,1,4,3,1,3
201601JI40252,1,3,0,4,0,1,0,0,0,0,2,1,1,1,26,6,109,1,3,9,1,9
201601JI40252,2,9,0,18,0,1,0,0,0,0,1,1,6,3,-1,-1,1997,2,11,-1,-1,-1
201601JI40253,1,9,0,2,0,0,0,0,0,0,3,1,6,2,-1,-1,2204,2,9,-1,-1,-1
201601JI40253,2,1,0,18,0,0,0,8,0,0,1,1,6,1,55,8,-1,-1,-1,6,1,6
201601JI40254,1,1,0,18,0,0,0,0,0,0,1,1,6,1,26,6,-1,-1,-1,5,1,5
201601JI40255,1,11,0,9,0,8,0,0,0,0,0,1,1,2,55,8,6700,2,5,-1,-1,-1
201601JI40256,1,19,0,3,0,0,0,0,0,0,2,1,1,1,27,6,1598,2,1,6,1,6
201601JI40256,2,9,0,18,0,0,0,0,0,0,1,1,6,2,39,7,1388,1,10,3,1,3
201601JI40257,1,9,0,18,0,1,0,0,0,0,1,1,6,2,36,7,1360,1,14,3,1,3
201601JI40257,2,9,0,3,0,1,0,0,0,0,2,1,6,2,16,4,1248,2,-1,9,1,9
201601JI40259,1,9,0,18,0,8,0,0,0,0,1,1,6,2,40,7,1598,1,8,10,1,10
201601JI40259,2,1,0,9,0,8,0,0,0,0,4,1,6,1,46,8,-1,-1,-1,2,1,2
201601JI40260,1,5,0,18,0,0,1,0,0,0,1,1,6,1,41,7,2294,1,8,4,1,4
201601JI40260,2,9,0,4,0,0,0,0,0,0,2,1,6,1,28,6,2143,2,1,5,1,5
201601JI40261,1,1,0,18,0,8,0,0,0,0,0,1,6,1,29,6,-1,-1,-1,-1,-1,-1
201601JI40261,2,9,0,7,0,8,0,0,0,0,0,1,6,3,-1,-1,-1,-1,-1,-1,-1,-1
201601JI40262,1,9,0,10,0,1,0,0,0,0,4,1,6,1,76,11,2148,2,14,5,1,5
201601JI40262,2,5,0,15,0,1,0,8,0,0,1,1,6,1,27,6,471,1,2,4,1,4
201601JI40263,1,9,0,4,0,8,0,0,0,0,2,1,6,2,36,7,1998,1,11,4,1,4
201601JI40263,2,9,0,18,0,8,0,0,0,0,1,1,6,1,-1,-1,2494,1,17,-1,-1,-1
201601JI40264,1,3,0,18,0,8,0,0,0,0,1,1,6,1,23,5,123,1,14,3,1,3
201601JI40264,2,9,0,9,0,8,0,0,0,0,4,1,6,1,22,5,-1,-1,-1,9,1,9
201601JI40265,1,9,0,3,0,8,0,0,0,0,2,1,6,1,33,6,1969,2,-1,4,3,4
201601JI40265,2,9,0,18,0,8,0,0,0,0,1,1,6,1,-1,-1,1956,2,1,-1,-1,-1
201601JI40266,1,9,0,18,0,1,0,0,0,0,3,1,6,1,24,5,1595,1,2,2,1,2
201601JI40267,1,19,0,9,0,8,0,0,0,0,3,1,6,1,29,6,2402,2,9,5,1,5
201601JI40267,2,9,0,18,0,8,0,0,0,0,1,1,2,1,32,6,1596,1,13,1,1,1
201601JI40268,1,9,0,18,0,0,0,0,0,0,1,1,6,1,34,6,1598,2,3,2,1,2
201601JI40268,2,9,0,4,0,0,0,0,0,0,2,1,1,1,-1,-1,-1,-1,-1,-1,-1,-1
201601JI40269,1,3,0,8,0,1,0,0,0,0,2,1,1,1,-1,-1,-1,-1,-1,-1,-1,-1
201601JI40269,2,3,0,5,0,1,0,0,0,0,1,1,1,1,-1,-1,-1,-1,-1,-1,-1,-1
201601JI40270,1,4,0,17,0,0,1,0,0,0,3,1,2,1,31,6,50,1,7,2,1,2
201601JI40271,1,9,0,3,0,0,0,0,0,0,2,1,6,1,27,6,1461,2,1,7,1,7
201601JI40271,2,9,0,3,0,0,0,0,0,0,2,1,6,1,-1,-1,1995,2,1,-1,-1,-1
201601JI40271,3,9,0,18,0,0,0,0,0,0,1,1,6,3,-1,-1,-1,-1,-1,-1,-1,-1
201601JI40272,1,9,0,3,0,0,0,0,0,0,3,1,6,1,45,7,1796,2,3,5,1,5
201601JI40272,2,9,0,1,0,0,0,0,0,0,2,1,6,1,-1,-1,1956,2,5,2,1,2
201601JI40273,1,9,0,18,9,0,0,10,1,9,4,1,6,3,-1,-1,1299,1,15,-1,-1,-1
201601JI40275,1,9,0,18,0,8,0,0,0,0,1,1,2,2,35,6,1995,2,9,5,1,5
201601JI40275,2,9,0,9,0,8,0,0,0,0,1,1,6,2,51,8,1598,1,14,4,1,4
201601JI40276,1,19,0,9,0,8,0,0,0,0,4,1,6,1,59,9,1995,2,3,4,1,4
201601JI40276,2,19,0,18,0,8,0,0,0,0,1,1,6,1,60,9,1995,2,5,-1,-1,-1
201601JI40277,1,9,0,9,0,8,0,0,0,0,1,1,6,2,34,6,1995,2,6,5,1,5
201601JI40277,2,9,0,18,0,8,0,0,0,0,4,1,1,1,58,9,1796,1,8,8,1,8
201601JI40278,1,90,0,18,9,8,0,0,0,0,1,1,6,2,-1,-1,-1,-1,-1,-1,-1,-1
201601JI40278,2,1,0,18,9,8,0,0,0,0,4,1,6,1,5,1,-1,-1,-1,4,1,4
201601JI40279,1,9,0,9,0,8,0,0,0,0,1,1,1,1,36,7,1988,1,14,2,1,2
201601JI40279,2,1,0,18,0,8,0,0,0,0,3,1,1,1,42,7,-1,-1,-1,8,1,8
201601JI40280,1,9,0,4,0,1,0,0,0,0,2,1,6,1,28,6,1995,2,6,3,1,3
201601JI40280,2,9,0,4,0,1,0,0,0,0,2,1,6,1,38,7,1299,1,16,4,1,4
201601JI40280,3,9,0,4,0,1,0,0,0,0,2,1,6,2,22,5,1388,1,14,9,1,9
201601JI40280,4,9,0,18,0,1,0,0,0,0,1,1,6,3,-1,-1,-1,-1,-1,-1,-1,-1
201601JI40281,1,9,0,9,0,8,0,0,0,0,4,1,6,1,37,7,2967,2,-1,8,1,8
201601JI40281,2,4,0,18,0,8,0,0,0,0,1,1,6,1,25,5,125,1,3,7,1,7
201601JI40282,1,1,0,18,0,1,0,0,0,0,3,1,2,1,24,5,-1,-1,-1,2,1,2
201601JI40282,2,9,0,7,0,5,0,0,0,0,4,1,6,2,-1,-1,998,1,1,3,1,3
201601JI40283,1,9,0,18,0,0,0,0,0,0,3,1,6,1,24,5,1560,2,4,4,1,4
201601JI40283,2,9,0,11,0,0,0,0,0,0,4,1,6,3,-1,-1,-1,-1,-1,-1,-1,-1
201601JI40284,1,9,0,18,0,2,0,0,0,0,4,1,6,2,35,6,998,1,11,-1,-1,-1
201601JI40285,1,9,0,7,0,2,0,0,0,0,1,1,6,2,21,5,1461,2,1,5,1,5
201601JI40285,2,9,0,18,0,1,0,0,0,0,1,1,6,2,25,5,1240,1,11,2,1,2
201601JI40286,1,9,0,7,0,7,0,0,0,0,2,1,1,1,48,8,-1,-1,-1,5,1,5
201601JI40286,2,9,0,7,0,7,0,0,0,0,2,1,1,1,48,8,-1,-1,-1,3,1,3
201601JI40287,1,9,0,1,9,0,0,10,7,0,2,1,6,1,-1,-1,1995,2,5,-1,-1,-1
201601JI40288,1,4,0,3,0,1,0,0,0,0,2,1,6,1,66,10,125,1,6,3,1,3
201601JI40288,2,20,0,4,0,1,0,0,0,0,1,1,6,1,56,9,4461,2,8,2,1,2
201601JI40289,1,9,0,18,0,8,0,0,0,0,1,1,6,1,19,4,1595,1,9,3,1,3
201601JI40289,2,9,0,18,0,8,0,0,0,0,3,1,6,1,52,8,1968,2,6,8,1,8
201601JI40290,1,9,0,9,0,8,0,0,0,0,3,1,6,2,56,9,1598,1,14,6,1,6
201601JI40290,2,1,0,18,0,8,0,0,0,0,1,1,6,2,51,8,-1,-1,-1,2,1,2
201601JI40292,1,9,0,4,0,0,0,0,0,0,2,1,3,2,37,7,1995,1,14,4,1,4
201601JI40292,2,9,0,18,0,0,0,0,0,0,1,1,6,1,-1,-1,1560,2,2,-1,-1,-1
201601JI40293,1,9,0,18,0,0,0,0,0,0,4,1,6,1,44,7,1390,1,20,4,1,4
201601JI40295,1,9,0,3,0,8,0,0,0,0,2,1,6,2,33,6,1968,2,7,3,1,3
201601JI40295,2,9,0,7,0,8,0,0,0,0,1,1,6,1,-1,-1,-1,-1,-1,-1,-1,-1
201601JI40296,1,9,0,3,0,1,0,0,0,0,1,1,6,1,42,7,1497,8,8,3,1,3
201601JI40296,2,9,0,1,0,1,0,0,0,0,2,1,6,1,-1,-1,1995,2,3,-1,-1,-1
201601JI40298,1,9,0,18,0,8,0,0,0,0,1,1,6,2,32,6,1240,1,9,2,1,2
201601JI40298,2,9,0,9,0,8,0,0,0,0,3,1,6,1,54,8,1995,2,-1,3,1,3
201601JI40299,1,9,0,18,0,0,0,0,0,0,1,1,6,2,68,10,1998,1,15,10,1,10
201601JI40301,1,9,0,18,0,8,0,0,0,0,3,1,6,1,21,5,1796,1,15,5,1,5
201601JI40301,2,9,0,9,0,8,0,0,0,0,1,1,6,1,87,11,1596,1,12,7,1,7
201601JI40302,1,19,0,18,0,0,0,0,0,0,4,1,6,2,73,10,-1,-1,-1,8,1,8
201601JI40302,2,19,0,5,0,0,0,0,0,0,3,1,6,1,50,8,1998,2,14,8,1,8
201601JI40303,1,9,0,18,0,8,0,0,7,3,4,1,6,1,68,10,1997,2,4,5,1,5
201601JI40303,2,9,0,18,0,8,0,0,0,0,1,1,6,3,-1,-1,-1,-1,-1,-1,-1,-1
201601JI40304,1,9,0,1,0,1,0,0,0,0,2,1,6,1,68,10,2400,2,6,4,1,4
201601JI40305,1,9,0,9,0,8,0,0,0,0,4,1,6,2,18,4,1598,1,9,6,1,6
201601JI40305,2,9,0,18,0,8,0,0,0,0,1,1,6,3,-1,-1,-1,-1,-1,-1,-1,-1
201601JI40306,1,9,0,18,0,0,0,4,0,0,1,1,6,1,17,4,1364,1,9,6,1,6
201601JI40306,2,9,0,2,0,0,0,0,0,0,3,1,6,3,-1,-1,1242,1,5,-1,-1,-1
201601JI40306,3,9,0,2,0,0,0,0,0,0,1,1,6,3,-1,-1,1995,2,-1,-1,-1,-1
201601JI40307,1,9,0,14,0,8,0,0,0,0,4,1,6,2,25,5,1242,1,2,8,1,8
201601JI40307,2,9,0,9,0,6,0,0,0,0,1,1,6,2,39,7,1598,1,7,5,1,5
201601JI40308,1,9,0,3,0,1,0,0,0,0,2,1,6,1,53,8,1995,2,2,3,1,3
201601JI40308,2,9,0,18,0,1,0,0,0,0,1,1,6,2,49,8,1599,1,13,5,1,5
201601JI40309,1,9,0,17,0,0,0,0,0,0,2,1,6,1,26,6,1686,2,6,4,1,4
201601JI40309,2,9,0,17,0,0,0,0,0,0,1,1,6,3,-1,-1,-1,-1,-1,-1,-1,-1
201601JI40310,1,9,0,18,0,2,0,0,0,0,1,1,3,1,49,8,1798,8,4,2,1,2
201601JI40311,1,11,0,18,0,2,0,0,0,0,4,1,1,1,62,9,6700,2,5,2,1,2
201601JI40312,1,9,0,5,0,1,0,0,0,0,1,1,6,2,55,8,1497,8,8,5,1,5
201601JI40313,1,9,0,18,0,8,1,7,0,0,1,1,1,1,33,6,-1,-1,-1,9,1,9
201601JI40314,1,9,0,13,0,1,0,0,0,0,1,1,6,2,48,8,1461,2,3,8,1,8
201601JI40314,2,1,0,18,0,1,0,0,0,0,2,1,6,1,15,3,-1,-1,-1,8,1,8
201601JI40316,1,9,0,7,0,8,0,0,0,0,3,1,1,1,44,7,-1,-1,-1,-1,-1,-1
201601JI40316,2,9,0,18,0,8,0,4,0,0,1,1,6,2,48,8,1124,1,15,5,1,5
201601JI40316,3,9,0,2,0,2,0,0,0,0,3,1,6,3,-1,-1,1386,1,9,-1,-1,-1
201601JI40317,1,9,0,18,0,2,0,0,0,0,4,1,6,2,25,5,1229,1,10,4,1,4
201601JI40317,2,9,0,6,0,2,0,0,0,0,3,1,6,3,-1,-1,1390,1,6,-1,-1,-1
201601JI40318,1,9,0,2,0,2,0,0,0,0,1,1,6,1,28,6,1390,1,15,8,1,8
201601JI40318,2,9,0,1,0,2,0,4,0,0,2,1,6,2,-1,-1,1299,1,16,-1,-1,-1
201601JI40319,1,90,0,3,0,2,0,0,0,0,3,1,1,1,59,9,-1,-1,-1,-1,-1,-1
201601JI40319,2,9,0,18,0,2,0,0,0,0,4,1,6,3,-1,-1,-1,-1,-1,-1,-1,-1
201601JI40320,1,9,0,11,0,8,0,0,0,0,2,1,6,1,27,6,1388,1,6,4,1,4
201601JI40320,2,9,0,17,0,8,0,0,0,0,1,1,6,3,-1,-1,-1,-1,-1,-1,-1,-1
201601JI40321,1,9,0,18,0,0,0,4,1,0,1,1,6,1,47,8,1598,2,2,3,1,3
201601JI40321,2,9,0,2,0,0,0,0,0,0,1,1,6,3,-1,-1,-1,-1,-1,-1,-1,-1
201601JI40322,1,9,0,18,0,1,1,0,0,0,1,1,6,1,36,7,1242,1,2,-1,-1,-1
201601JI40322,2,9,0,4,0,1,0,0,0,0,2,1,6,2,31,6,998,1,13,-1,-1,-1
201601JI40324,1,20,0,4,0,0,0,0,0,0,1,1,1,1,32,6,-1,-1,-1,3,1,3
201601JI40324,2,9,0,3,0,0,0,0,0,0,2,1,6,2,59,9,1242,1,10,8,1,8
201601JI40324,3,9,0,3,0,0,0,0,0,0,2,1,6,2,71,10,1242,1,5,7,1,7
201601JI40324,4,9,0,3,0,0,0,0,0,0,2,1,6,2,36,7,1799,1,9,2,1,2
201601JI40325,1,9,0,4,0,1,0,0,0,0,2,1,6,1,78,11,1598,1,9,4,1,4
201601JI40325,2,9,0,4,0,1,0,0,0,0,1,1,6,1,-1,-1,2496,2,16,3,1,3
201601JI40326,1,9,0,18,0,0,0,0,0,0,1,1,6,1,36,7,1339,8,8,3,1,3
201601JI40327,1,9,0,18,0,1,0,0,0,0,1,1,6,2,19,4,-1,-1,-1,-1,-1,-1
201601JI40327,2,9,0,4,0,1,0,0,0,0,2,1,6,2,29,6,1388,1,13,4,1,4
201601JI40328,1,5,0,18,0,1,0,0,0,0,3,1,1,1,45,7,656,1,11,5,2,5
201601JI40328,2,9,0,11,0,1,0,0,0,0,4,1,6,1,39,7,2926,2,14,6,1,6
201601JI40329,1,1,0,17,0,8,0,0,0,0,3,1,6,1,19,4,-1,-1,-1,3,1,3
201601JI40329,2,9,0,16,0,8,0,0,0,0,4,1,6,3,-1,-1,-1,-1,-1,-1,-1,-1
201601JI40330,1,5,0,7,4,1,0,0,0,0,3,1,6,1,25,5,645,1,12,5,1,5
201601JI40330,2,8,0,7,0,1,0,0,0,0,4,1,1,1,57,9,2402,2,12,9,1,9
201601JI40331,1,20,0,18,0,0,0,4,0,0,1,1,1,1,25,5,-1,-1,-1,3,1,3
201601JI40331,2,9,0,2,0,0,0,0,0,0,2,1,6,2,39,7,1360,1,13,3,1,3
201601JI40332,1,5,0,18,0,0,0,0,0,0,4,1,6,1,43,7,1198,1,4,2,1,2
201601JI40332,2,9,0,12,0,0,0,0,0,0,3,1,6,1,22,5,-1,-1,-1,3,1,3
201601JI40333,1,9,0,18,0,8,0,0,0,0,1,1,2,2,25,5,-1,-1,-1,-1,-1,-1
201601JI40333,2,8,0,18,0,8,0,0,0,0,2,1,6,1,-1,-1,1598,1,8,-1,-1,-1
201601JI40334,1,9,0,18,0,2,0,0,0,0,1,1,6,2,21,5,1339,1,12,3,1,3
201601JI40335,1,9,0,4,0,0,0,0,0,0,2,1,6,1,50,8,2401,2,9,3,1,3
201601JI40335,2,9,0,18,0,0,0,0,0,0,1,1,6,1,18,4,1596,1,1,8,1,8
201601JI40336,1,9,0,17,0,8,0,0,0,0,4,1,6,1,34,6,2143,2,5,4,1,4
201601JI40336,2,9,0,5,0,8,0,0,0,0,1,1,6,1,-1,-1,1968,2,-1,-1,-1,-1
201601JI40337,1,9,0,4,0,0,0,0,0,0,1,1,2,1,21,5,998,1,-1,5,1,5
201601JI40337,2,9,0,5,0,0,0,0,0,0,1,1,2,2,50,8,998,1,4,6,1,6
201601JI40340,1,9,0,18,0,1,0,0,0,0,1,1,6,1,44,7,1598,1,11,-1,-1,-1
201601JI40341,1,9,0,5,0,8,0,0,0,0,3,1,6,2,77,11,1197,1,5,2,1,2
201601JI40341,2,2,0,18,0,8,0,0,0,0,1,1,6,1,17,4,124,1,-1,6,1,6
201601JI40342,1,9,0,18,0,0,0,0,0,0,1,1,1,1,42,7,1199,1,15,6,1,6
201601JI40344,1,9,0,3,0,0,0,0,0,0,2,1,6,1,43,7,2480,1,1,9,1,9
201601JI40344,2,9,0,18,0,0,0,0,0,0,1,1,6,2,-1,-1,2180,2,20,2,1,2
201601JI40345,1,19,0,7,0,2,0,0,0,0,4,1,6,3,-1,-1,1998,2,10,-1,-1,-1
201601JI40346,1,9,0,4,0,1,0,0,0,0,4,1,2,2,52,8,1248,2,9,9,1,9
201601JI40347,1,9,0,7,0,8,0,0,0,0,1,1,6,3,-1,-1,1339,8,5,-1,-1,-1
201601JI40348,1,4,0,9,0,8,0,0,0,0,4,1,6,1,30,6,125,1,2,3,1,3
201601JI40348,2,9,0,9,0,8,0,0,0,0,3,1,6,1,-1,-1,-1,-1,-1,-1,-1,-1
201601JI40349,1,5,0,14,0,0,0,0,0,0,1,1,1,1,23,5,918,1,19,2,1,2
201601JI40350,1,9,0,18,0,0,0,0,0,0,1,1,6,3,-1,-1,-1,-1,-1,-1,-1,-1
201601JI40351,1,1,0,3,5,1,0,0,0,0,3,1,6,1,30,6,-1,-1,-1,4,1,4
201601JI40351,2,9,0,18,0,1,0,0,0,0,4,1,6,3,-1,-1,-1,-1,-1,-1,-1,-1
201601JI40352,1,9,0,18,0,1,0,0,1,0,1,1,6,1,23,5,2000,1,11,6,1,6
201601JI40352,2,9,0,9,0,1,0,0,0,0,4,1,6,1,30,6,2000,1,10,4,1,4
201601JI40352,3,9,0,2,0,2,0,0,0,0,3,1,6,1,33,6,1910,2,8,4,1,4
201601JI40353,1,9,0,12,0,0,0,0,0,0,3,1,1,1,23,5,-1,-1,-1,2,1,2
201601JI40353,2,9,0,18,0,0,0,0,0,0,4,1,1,2,29,6,1229,1,5,8,1,8
201601JI40354,1,9,0,18,0,0,0,0,1,7,1,1,6,2,27,6,1496,2,1,7,1,7
201601JI40354,2,11,0,18,0,0,0,0,0,0,2,1,1,1,58,9,7300,2,13,4,1,4
201601JI40354,3,19,0,12,0,0,0,0,0,0,0,1,6,3,-1,-1,-1,-1,-1,-1,-1,-1
201601JI40355,1,9,0,7,0,8,0,0,0,0,3,1,6,2,28,6,1587,1,12,-1,-1,-1
201601JI40355,2,11,0,18,0,8,0,0,0,0,4,1,1,1,54,8,-1,-1,-1,3,1,3
201601JI40357,1,9,0,18,0,1,0,0,0,0,1,1,2,1,34,6,-1,-1,-1,9,1,9
201601JI40357,2,9,0,4,0,1,0,0,0,0,2,1,2,2,43,7,1198,1,2,3,1,3
201601JI40359,1,9,0,7,0,8,0,0,0,0,1,1,6,3,-1,-1,1497,8,2,-1,-1,-1
201601JI40359,2,1,0,18,0,8,0,0,0,0,4,1,4,1,16,4,-1,-1,-1,7,1,7
201601JI40360,1,9,0,18,0,0,0,0,0,0,4,1,6,1,58,9,2143,2,3,5,1,5
201601JI40361,1,9,0,18,0,8,0,0,0,0,3,1,6,1,22,5,1587,1,10,4,1,4
201601JI40361,2,9,0,9,0,8,0,10,7,4,1,1,6,1,23,5,1339,1,8,5,1,5
201601JI40362,1,9,0,5,0,2,0,0,0,0,3,1,6,1,31,6,1560,2,6,4,1,4
201601JI40365,1,11,0,17,0,8,0,0,0,0,3,1,1,2,46,8,6692,2,7,-1,-1,-1
201601JI40365,2,9,0,17,0,8,0,0,0,0,4,1,6,2,18,4,-1,-1,-1,7,1,7
201601JI40366,1,9,0,11,0,0,0,0,0,0,4,1,6,2,22,5,998,1,9,5,1,5
201601JI40366,2,21,1,18,0,0,0,0,0,0,3,2,1,1,27,6,-1,-1,-1,-1,-1,-1
201601JI40366,3,9,0,18,0,0,0,0,0,0,3,1,6,2,40,7,1598,1,14,3,1,3
201601JI40367,1,9,0,9,0,8,0,0,0,0,4,1,2,1,36,7,1998,1,13,-1,-1,-1
201601JI40367,2,1,0,18,4,8,0,0,0,0,1,1,2,1,41,7,-1,-1,-1,4,1,4
201601JI40368,1,9,0,14,0,0,0,0,0,0,4,1,6,1,-1,-1,1496,2,-1,-1,-1,-1
201601JI40369,1,9,0,18,0,0,0,0,0,0,2,1,6,1,34,6,1995,1,8,3,1,3
201601JI40369,2,9,0,18,0,0,0,0,0,0,1,1,6,3,-1,-1,-1,-1,-1,-1,-1,-1
201601JI40370,1,9,0,18,0,8,0,0,0,0,3,1,6,1,30,6,1910,2,11,2,1,2
201601JI40370,2,9,0,18,0,8,0,0,0,0,1,1,6,2,-1,-1,1600,1,10,4,1,4
201601JI40371,1,9,0,18,0,6,0,0,0,0,4,1,6,1,44,7,1329,1,4,3,1,3
201601JI40371,2,9,0,1,0,1,0,0,0,0,2,1,6,2,41,7,1995,2,5,3,1,3
201601JI40372,1,9,0,18,0,2,0,0,0,0,1,1,6,1,30,6,-1,-1,-1,8,1,8
201601JI40372,2,9,0,12,0,2,0,0,0,0,2,1,6,3,-1,-1,-1,-1,-1,-1,-1,-1
201601JI40374,1,8,0,8,0,1,0,0,0,0,2,1,1,1,41,7,1560,2,6,4,2,4
201601JI40374,2,9,0,18,0,1,0,0,0,0,1,1,6,3,-1,-1,1871,2,14,-1,-1,-1
201601JI40375,1,9,0,18,0,8,0,0,0,0,4,1,6,1,42,7,2987,2,4,2,1,2
201601JI40375,2,9,0,5,0,8,0,0,0,0,1,1,6,3,-1,-1,1998,1,10,-1,-1,-1
201601JI40376,1,9,0,18,0,1,0,0,0,0,2,1,6,1,23,5,1796,1,13,-1,-1,-1
201601JI40376,2,9,0,18,0,1,0,0,0,0,1,1,6,1,-1,-1,1796,1,13,-1,-1,-1
201601JI40377,1,9,0,18,0,0,0,0,0,0,4,1,6,3,-1,-1,1995,2,14,-1,-1,-1
201601JI40379,1,9,0,17,0,0,0,0,0,0,1,1,6,1,43,7,1598,1,8,8,1,8
201601JI40380,1,3,0,14,0,8,0,0,0,0,4,1,6,1,16,4,124,1,6,5,1,5
201601JI40380,2,9,0,9,0,8,0,0,0,0,1,1,6,2,38,7,1229,1,7,5,1,5
201601JI40381,1,9,0,5,0,8,0,0,0,0,1,1,6,1,-1,-1,1461,2,5,-1,-1,-1
201601JI40381,2,9,0,18,0,8,0,10,7,2,4,1,6,1,40,7,1797,8,6,4,1,4
201601JI40382,1,9,0,3,0,8,0,0,0,0,3,1,6,2,54,8,1198,1,3,5,1,5
201601JI40382,2,9,0,9,0,8,0,0,0,0,4,1,6,2,-1,-1,1242,1,6,-1,-1,-1
201601JI40383,1,9,0,17,0,2,0,0,0,0,3,1,2,1,64,9,1299,1,15,1,1,1
201601JI40383,2,11,0,17,0,2,0,0,0,0,4,1,1,2,54,8,6700,2,5,-1,-1,-1