Accident_Index,Vehicle_Reference,Vehicle_Type,Towing_and_Articulation,Vehicle_Manoeuvre,Vehicle_Location-Restricted_Lane,Junction_Location,Skidding_and_Overturning,Hit_Object_in_Carriageway,Vehicle_Leaving_Carriageway,Hit_Object_off_Carriageway,1st_Point_of_Impact,Was_Vehicle_Left_Hand_Drive?,Journey_Purpose_of_Driver,Sex_of_Driver,Age_of_Driver,Age_Band_of_Driver,Engine_Capacity_(CC),Propulsion_Code,Age_of_Vehicle,Driver_IMD_Decile,Driver_Home_Area_Type,Vehicle_IMD_Decile
201601JI40384,1,9,0,18,0,8,0,4,0,0,4,1,6,2,26,6,1390,1,7,6,1,6
201601JI40384,2,9,0,18,0,8,0,0,0,0,1,1,6,1,23,5,1299,1,11,1,1,1
201601JI40384,3,9,0,2,0,2,0,10,1,4,3,1,6,3,-1,-1,2148,2,11,-1,-1,-1
201601JI40385,1,9,0,18,0,0,0,0,0,0,1,1,6,1,59,9,1995,2,10,2,1,2
201601JI40385,2,9,0,18,0,0,0,0,0,0,2,1,6,2,26,6,998,1,12,-1,-1,-1
201601JI40386,1,9,0,18,0,1,0,4,0,0,1,1,6,1,26,6,1984,1,6,6,1,6
201601JI40386,2,19,0,7,0,2,0,4,0,0,1,1,6,1,23,5,1598,2,5,-1,-1,-1
201601JI40386,3,9,0,2,0,1,0,0,0,0,3,1,6,3,-1,-1,1798,1,-1,-1,-1,-1
201601JI40386,4,9,0,2,0,2,0,0,0,0,3,1,6,3,-1,-1,1275,1,16,-1,-1,-1
201601JI40387,1,9,0,18,0,2,5,4,0,0,1,1,6,1,82,11,-1,-1,-1,4,1,4
201601JI40387,2,9,0,2,0,2,0,0,0,0,4,1,6,1,45,7,-1,-1,-1,4,1,4
201601JI40388,1,9,0,18,0,8,0,0,0,0,4,1,1,1,31,6,998,1,14,4,1,4
201601JI40388,2,9,0,9,0,8,0,0,0,0,1,1,6,3,-1,-1,-1,-1,-1,-1,-1,-1
201601JI40389,1,9,0,18,0,0,0,0,0,0,2,1,6,2,45,7,1753,2,14,6,1,6
201601JI40389,2,19,0,18,0,0,0,0,0,0,2,1,6,1,-1,-1,-1,-1,-1,-1,-1,-1
201601JI40389,3,9,0,18,0,0,0,0,0,0,1,1,6,2,-1,-1,2993,2,2,-1,-1,-1
201601JI40390,1,9,0,16,0,8,1,0,0,0,1,1,2,2,45,7,1596,1,7,4,1,4
201601JI40390,2,9,0,16,0,8,0,0,0,0,2,1,6,1,-1,-1,1390,1,12,-1,-1,-1
201601JI40392,1,9,0,5,0,0,0,0,0,0,2,1,6,2,51,8,1598,1,14,4,1,4
201601JI40392,2,9,0,5,0,0,0,0,0,0,1,1,6,1,25,5,1600,2,6,1,1,1
201601JI40393,1,9,0,18,0,0,0,4,0,0,1,1,6,2,21,5,1388,1,14,-1,-1,-1
201601JI40393,2,9,0,2,0,0,0,0,0,0,1,1,6,3,-1,-1,1197,1,1,-1,-1,-1
201601JI40395,1,9,0,18,0,1,0,0,0,0,1,1,1,2,23,5,998,1,6,6,1,6
201601JI40395,2,9,0,18,0,1,0,0,0,0,2,1,6,1,-1,-1,-1,-1,-1,-1,-1,-1
201601JI40397,1,19,0,17,0,8,0,0,0,0,3,1,6,1,43,7,1598,2,1,9,1,9
201601JI40397,2,9,0,11,0,8,0,0,0,0,4,1,6,3,-1,-1,1796,1,7,-1,-1,-1
201601JI40398,1,9,0,3,0,0,0,0,0,0,4,1,1,1,36,7,1686,2,4,5,1,5
201601JI40398,2,1,0,15,0,0,0,4,0,0,1,1,6,1,88,11,-1,-1,-1,3,1,3
201601JI40399,1,2,0,18,0,1,0,4,0,0,1,1,6,1,18,4,125,1,-1,-1,-1,-1
201601JI40399,2,9,0,2,0,1,0,0,0,0,2,1,6,1,48,8,1896,2,11,3,1,3
201601JI40400,1,9,0,10,0,1,0,0,0,0,2,1,6,2,45,7,1998,1,10,8,1,8
201601JI40400,2,3,0,18,0,1,0,0,0,0,1,1,1,1,19,4,107,1,2,5,1,5
201601JI40401,1,9,0,3,0,0,0,0,0,0,2,1,6,1,43,7,1229,1,6,4,1,4
201601JI40401,2,9,0,18,0,0,0,0,0,0,1,1,6,1,-1,-1,1560,2,11,-1,-1,-1
201601JI40402,1,9,0,18,0,0,0,0,0,0,2,1,6,2,22,5,-1,-1,-1,7,1,7
201601JI40402,2,9,0,18,0,0,0,0,0,0,1,1,6,1,-1,-1,-1,-1,-1,-1,-1,-1
201601JI40403,1,9,0,1,0,1,0,0,0,0,2,1,6,1,30,6,-1,-1,-1,-1,-1,-1
201601JI40404,1,9,0,3,0,0,0,0,0,0,2,1,6,1,36,7,2295,1,15,6,1,6
201601JI40404,2,9,0,18,0,0,0,0,0,0,1,1,6,2,-1,-1,1997,2,7,-1,-1,-1
201601JI40405,1,9,0,8,0,8,0,0,0,0,2,1,6,1,50,8,1991,2,12,6,1,6
201601JI40405,2,9,0,16,0,8,0,0,0,0,1,1,6,1,57,9,1995,1,14,6,1,6
201601JI40408,1,9,0,3,0,1,0,0,0,0,2,1,6,1,28,6,1995,2,1,3,1,3
201601JI40408,2,9,0,4,0,1,0,0,0,0,1,1,6,1,-1,-1,-1,-1,-1,-1,-1,-1
201601JI40409,1,9,0,18,0,8,0,0,0,0,3,1,6,1,41,7,1364,1,-1,3,1,3
201601JI40409,2,9,0,18,0,8,0,0,0,0,1,1,6,1,29,6,-1,-1,-1,3,1,3
201601JI40410,1,1,0,18,0,8,0,0,0,0,1,1,6,1,20,4,-1,-1,-1,3,1,3
201601JI40410,2,9,0,9,0,8,0,0,0,0,4,1,6,2,-1,-1,-1,-1,-1,5,1,5
201601JI40411,1,9,0,10,0,1,0,0,0,0,2,1,6,2,34,6,-1,-1,-1,5,1,5
201601JI40411,2,19,0,18,0,1,0,0,0,0,1,1,6,1,-1,-1,2148,2,9,-1,-1,-1
201601JI40412,1,9,0,18,0,0,0,0,0,0,2,1,6,1,28,6,999,1,1,2,1,2
201601JI40412,2,9,0,18,0,0,0,0,0,0,1,1,6,1,-1,-1,-1,-1,-1,-1,-1,-1
201601JI40413,1,8,0,4,0,0,0,0,0,0,2,1,1,1,60,9,1997,2,7,3,1,3
201601JI40413,2,9,0,18,0,0,0,0,0,0,1,1,6,1,-1,-1,1598,1,8,-1,-1,-1
201601JI40414,1,9,0,3,0,2,0,0,0,0,4,1,6,1,38,7,2188,2,10,4,1,4
201601JI40414,2,1,0,15,0,2,0,8,0,0,1,1,6,1,31,6,-1,-1,-1,4,1,4
201601JI40415,1,9,0,18,0,1,0,0,0,0,2,1,6,1,47,8,-1,-1,-1,6,1,6
201601JI40415,2,9,0,4,0,1,0,0,0,0,2,1,6,1,64,9,1296,1,9,5,1,5
201601JI40415,3,9,0,18,0,1,0,0,0,0,2,1,6,1,42,7,1900,2,11,5,1,5
201601JI40416,1,9,0,7,0,2,0,0,0,0,1,1,6,1,34,6,1910,2,10,6,1,6
201601JI40416,2,9,0,5,0,2,0,0,0,0,3,1,6,1,23,5,1339,8,9,4,1,4
201601JI40417,1,8,0,7,0,2,0,0,0,0,4,1,6,2,46,8,1796,1,2,8,1,8
201601JI40418,1,9,0,2,0,1,0,0,0,0,2,1,6,3,-1,-1,1995,2,9,-1,-1,-1
201601JI40418,2,9,0,4,0,1,0,4,0,0,1,1,6,1,-1,-1,1497,8,2,-1,-1,-1
201601JI40419,1,9,0,9,0,8,0,0,0,0,4,1,1,1,34,6,-1,-1,-1,4,1,4
201601JI40419,2,1,0,15,0,8,0,0,0,0,1,1,2,1,32,6,-1,-1,-1,8,1,8
201601JI40420,1,3,0,18,0,2,1,0,0,0,0,1,6,1,23,5,124,1,3,4,1,4
201601JI40420,2,9,0,9,0,2,0,0,0,0,0,1,6,2,44,7,2198,2,8,5,1,5
201601JI40421,1,9,0,18,0,1,1,0,5,7,1,1,6,1,32,6,1199,1,13,9,1,9
201601JI40421,2,9,0,18,0,1,0,0,0,0,1,1,6,2,23,5,1124,1,7,6,3,6
201601JI40421,3,19,0,18,0,1,0,0,0,0,1,1,6,1,38,7,-1,-1,-1,1,1,1
201601JI40422,1,9,0,18,0,1,0,0,0,0,4,1,6,1,40,7,1910,2,8,4,1,4
201601JI40423,1,9,0,18,0,8,0,0,0,0,4,1,6,2,-1,-1,1422,2,8,-1,-1,-1
201601JI40423,2,9,0,18,0,8,0,0,0,0,1,1,6,1,49,8,2362,1,14,5,1,5
201601JI40424,1,9,0,9,0,2,0,0,0,0,3,1,6,1,19,4,-1,-1,-1,7,1,7
201601JI40424,2,9,0,18,0,1,0,0,0,0,1,1,6,2,51,8,1398,1,-1,7,1,7
201601JI40427,1,9,0,4,0,0,0,0,0,0,2,1,6,2,31,6,1798,1,8,5,1,5
201601JI40427,2,9,0,4,0,0,0,0,0,0,1,1,6,1,51,8,1995,2,10,1,1,1
201601JI40427,3,9,0,4,0,0,0,0,0,0,2,1,6,1,24,5,1199,1,13,3,1,3
201601JI40427,4,9,0,4,0,0,0,0,0,0,1,1,6,1,47,8,3222,2,13,3,1,3
201601JI40429,1,9,0,18,0,8,0,0,0,0,3,1,6,1,36,7,1388,1,9,4,1,4
201601JI40429,2,9,0,18,0,8,0,0,0,0,1,1,6,1,-1,-1,-1,-1,-1,-1,-1,-1
201601JI40431,1,9,0,18,0,8,0,0,0,0,4,1,3,2,31,6,1598,1,6,7,1,7
201601JI40431,2,9,0,18,0,8,0,0,0,0,1,1,6,1,28,6,1598,1,9,4,1,4
201601JI40432,1,9,0,9,0,8,0,0,0,0,1,1,1,2,28,6,1296,1,8,4,1,4
201601JI40432,2,9,0,18,0,8,0,0,0,0,4,1,6,1,57,9,1798,8,4,2,1,2
201601JI40433,1,5,0,4,0,2,0,0,0,0,4,1,1,1,36,7,1261,1,8,5,1,5
201601JI40434,1,9,0,9,0,8,0,0,0,0,1,1,6,2,62,9,1390,1,15,9,1,9
201601JI40434,2,9,0,18,0,8,0,0,0,0,1,1,6,2,30,6,1796,1,10,9,1,9
201601JI40435,1,9,0,9,0,8,0,0,0,0,1,1,6,1,36,7,1560,2,9,4,1,4
201601JI40435,2,1,0,15,0,8,0,0,0,0,3,1,6,1,41,7,-1,-1,-1,5,1,5
201601JI40436,1,9,0,3,0,1,0,0,0,0,2,2,2,1,44,7,-1,-1,-1,2,1,2
201601JI40436,2,9,0,3,0,1,0,0,0,0,2,1,2,2,35,6,1591,1,3,3,1,3
201601JI40436,3,9,0,18,0,1,0,0,0,0,1,1,2,1,49,8,1560,2,6,4,1,4
201601JI40437,1,9,0,18,0,8,0,0,0,0,1,1,6,1,48,8,1399,2,10,2,1,2
201601JI40437,2,9,0,9,0,8,0,0,0,0,4,1,6,1,32,6,-1,-1,-1,5,1,5
201601JI40438,1,9,0,5,0,0,0,0,0,0,1,1,6,1,44,7,1796,1,11,4,1,4
201601JI40438,2,9,0,5,0,0,0,0,0,0,2,1,2,2,48,8,1598,1,10,-1,-1,-1
201601JI40439,1,2,0,18,0,1,0,0,0,0,2,1,1,1,26,6,675,1,5,-1,-1,-1
201601JI40439,2,9,0,9,0,1,0,0,0,0,1,1,6,3,-1,-1,-1,-1,-1,-1,-1,-1
201601JI40440,1,9,0,2,0,1,0,0,0,0,1,1,6,2,45,7,2993,2,9,2,1,2
201601JI40440,2,9,0,1,0,1,0,4,0,0,2,1,6,1,-1,-1,-1,-1,-1,-1,-1,-1
201601JI40441,1,9,0,18,0,0,0,0,0,0,4,1,6,1,33,6,-1,-1,-1,3,1,3
201601JI40442,1,9,0,4,0,1,0,0,0,0,4,1,6,1,37,7,998,1,4,4,1,4
201601JI40443,1,9,0,18,0,2,0,4,0,0,4,1,6,1,33,6,1596,1,10,7,1,7
201601JI40443,2,9,0,2,0,2,0,10,1,0,3,1,6,2,28,6,1399,2,6,9,1,9
201601JI40444,1,9,0,18,0,0,0,4,0,0,1,1,6,1,23,5,1595,1,7,5,1,5
201601JI40444,2,9,0,18,0,0,0,0,0,0,1,1,6,1,52,8,1598,1,10,5,1,5
201601JI40444,3,9,0,2,0,0,0,0,0,0,3,1,6,3,-1,-1,998,1,8,-1,-1,-1
201601JI40444,4,9,0,2,0,0,0,0,0,0,3,1,6,3,-1,-1,1388,1,10,-1,-1,-1
201601JI40445,1,1,0,18,0,8,0,0,0,0,1,1,6,1,22,5,-1,-1,-1,-1,-1,-1
201601JI40445,2,9,0,9,0,8,0,0,0,0,4,1,6,3,-1,-1,-1,-1,-1,-1,-1,-1
201601JI40446,1,3,0,4,0,0,0,0,0,0,0,1,1,1,19,4,108,1,2,-1,-1,-1
201601JI40447,1,19,0,5,0,1,0,0,0,0,1,1,6,1,24,5,1499,2,1,4,1,4
201601JI40447,2,9,0,3,0,1,0,0,0,0,2,1,6,1,25,5,1242,1,1,2,1,2
201601JI40448,1,5,0,5,0,0,0,0,0,0,0,1,6,1,24,5,649,1,-1,7,1,7
201601JI40451,1,9,0,1,0,8,0,0,0,0,2,1,6,1,-1,-1,1364,1,9,-1,-1,-1
201601JI40453,1,9,0,3,0,2,0,0,0,0,2,1,6,1,26,6,2497,2,11,1,1,1
201601JI40453,2,9,0,4,0,2,0,0,0,0,1,1,6,2,-1,-1,1364,1,1,-1,-1,-1
201601JI40455,1,9,0,9,0,8,0,0,0,0,1,1,6,1,29,6,2993,2,9,5,1,5
201601JI40455,2,9,0,18,0,8,0,0,0,0,3,1,6,1,22,5,1229,1,3,3,1,3
201601JI40456,1,9,0,4,0,0,0,0,0,0,2,1,6,1,36,7,1598,1,9,2,1,2
201601JI40456,2,9,0,4,0,0,0,0,0,0,1,1,6,2,-1,-1,1339,1,12,-1,-1,-1
201601JI40458,1,9,0,9,0,8,0,0,0,0,4,1,6,1,22,5,1995,2,1,4,1,4
201601JI40458,2,9,0,18,0,8,0,0,0,0,1,1,6,1,39,7,1999,2,-1,6,1,6
201601JI40459,1,5,0,18,0,0,0,0,0,0,4,1,6,1,24,5,599,1,9,1,1,1
201601JI40459,2,9,0,12,0,0,0,0,0,0,3,1,6,1,-1,-1,3200,1,10,-1,-1,-1
201601JI40460,1,9,0,9,0,8,0,0,0,0,1,1,6,1,31,6,1999,1,9,8,1,8
201601JI40460,2,5,0,18,0,8,0,0,0,0,1,1,2,1,46,8,-1,-1,-1,-1,-1,-1
201601JI40461,1,9,0,10,0,1,0,0,0,0,2,1,2,1,42,7,-1,-1,-1,4,1,4
201601JI40461,2,9,0,18,0,1,0,10,1,3,1,1,6,1,59,9,1560,2,1,5,1,5
201601JI40462,1,9,0,18,0,0,0,0,0,0,3,1,2,2,22,5,1242,1,1,7,1,7
201601JI40463,1,9,0,18,9,0,0,10,7,0,1,1,6,1,18,4,1229,1,4,-1,-1,-1
201601JI40464,1,9,0,9,0,8,0,0,0,0,1,1,6,1,49,8,2198,2,10,7,1,7
201601JI40464,2,9,0,5,0,8,0,0,0,0,3,1,6,2,54,8,3724,1,10,-1,-1,-1
201601JI40465,1,1,0,18,0,8,0,0,0,0,4,1,6,1,18,4,-1,-1,-1,-1,-1,-1
201601JI40465,2,9,0,17,0,8,0,0,0,0,1,1,6,1,31,6,2401,2,11,5,1,5
201601JI40467,1,9,0,4,0,2,0,0,0,0,2,1,6,1,20,4,1968,2,7,4,1,4
201601JI40467,2,9,0,18,0,2,0,0,0,0,1,1,6,1,40,7,2497,2,10,2,1,2
201601JI40468,1,11,0,18,0,0,0,0,0,0,0,1,1,1,54,8,4500,2,5,2,1,2
201601JI40469,1,9,0,16,0,0,0,0,0,0,2,1,6,1,34,6,-1,-1,-1,8,3,8
201601JI40469,2,9,0,16,0,0,0,0,0,0,1,1,6,1,-1,-1,1242,1,1,5,1,5
201601JI40470,1,9,0,18,0,1,0,4,0,0,1,1,6,1,19,4,1590,1,18,2,1,2
201601JI40470,2,9,0,10,0,1,0,0,0,0,2,1,6,2,55,8,1339,1,2,5,1,5
201601JI40470,3,9,0,2,0,1,0,4,0,0,2,1,6,3,-1,-1,2204,2,10,-1,-1,-1
201601JI40470,4,9,0,2,0,1,0,0,0,0,2,1,6,3,-1,-1,1396,1,17,-1,-1,-1
201601JI40471,1,9,0,18,0,0,0,0,0,0,1,1,6,1,36,7,1598,1,17,3,1,3
201601JI40471,2,9,0,3,0,0,0,0,0,0,2,1,6,2,34,6,1995,2,10,9,1,9
201601JI40471,3,9,0,3,0,0,0,0,0,0,2,1,6,1,42,7,-1,-1,-1,7,1,7
201601JI40473,1,9,0,18,0,8,0,0,0,0,1,1,6,1,37,7,1396,1,3,4,1,4
201601JI40473,2,4,0,17,0,8,0,0,0,0,4,1,1,1,63,9,-1,-1,-1,4,1,4
201601JI40474,1,9,0,18,0,8,0,0,0,0,4,1,6,1,76,11,1997,2,8,8,1,8
201601JI40474,2,9,0,18,0,8,0,0,0,0,1,1,6,1,26,6,2979,1,2,2,1,2
201601JI40476,1,9,0,3,0,1,0,0,0,0,2,1,6,1,29,6,1598,1,13,3,1,3
201601JI40476,2,9,0,18,0,1,0,0,0,0,1,1,6,3,-1,-1,-1,-1,-1,-1,-1,-1
201601JI40477,1,19,0,4,0,0,0,0,0,0,2,1,1,1,55,8,1995,2,4,2,1,2
201601JI40477,2,9,0,4,0,0,0,0,0,0,2,1,6,1,26,6,1796,1,7,4,1,4
201601JI40477,3,9,0,18,0,0,0,0,0,0,1,1,6,1,-1,-1,1299,1,12,-1,-1,-1
201601JI40478,1,9,0,18,0,0,0,10,2,10,1,1,6,1,29,6,3799,1,5,4,1,4
201601JI40478,2,9,0,12,0,0,0,0,0,0,2,1,6,1,43,7,1586,1,6,4,1,4
201601JI40479,1,9,0,18,0,8,0,0,0,0,3,1,2,1,38,7,999,1,6,9,1,9
201601JI40479,2,9,0,9,0,8,0,0,0,0,1,1,6,1,-1,-1,1596,1,13,-1,-1,-1
201601JI40481,1,9,0,12,0,1,0,0,0,0,0,1,6,3,-1,-1,-1,-1,-1,-1,-1,-1
201601JI40481,2,9,0,18,0,1,0,0,0,0,2,1,6,1,-1,-1,1796,1,14,-1,-1,-1
201601JI40481,3,9,0,18,0,1,0,0,0,0,1,1,6,1,37,7,1499,1,1,5,1,5
201601JI40481,4,9,0,18,0,1,0,0,0,0,1,1,6,1,-1,-1,1461,2,4,1,1,1
201601JI40482,1,9,0,6,0,2,0,0,0,0,3,1,6,1,33,6,1390,1,15,1,1,1
201601JI40482,2,9,0,18,0,2,0,0,0,0,4,1,1,1,41,7,-1,-1,-1,2,1,2
201601JI40483,1,11,0,17,0,8,0,0,0,0,0,1,1,1,61,9,-1,-1,-1,5,1,5
201601JI40485,1,9,0,11,9,0,0,10,1,4,1,1,6,2,38,7,998,1,13,4,1,4
201601JI40486,1,3,0,9,0,8,0,0,0,0,1,1,6,1,32,6,-1,-1,-1,4,1,4
201601JI40486,2,9,0,9,0,8,0,0,0,0,1,1,6,2,63,9,1197,1,-1,5,1,5
201601JI40488,1,9,0,2,0,0,0,0,0,0,3,1,6,1,24,5,1896,2,14,3,1,3
201601JI40488,2,8,0,18,0,0,0,8,0,0,4,1,1,1,30,6,1798,8,4,4,1,4
201601JI40491,1,9,0,9,0,8,0,4,0,0,3,1,2,2,47,8,1995,2,8,-1,-1,-1
201601JI40491,2,9,0,18,0,8,0,0,0,0,1,1,2,2,30,6,1242,1,3,8,1,8
201601JI40491,3,9,0,2,0,8,0,0,0,0,3,1,6,3,-1,-1,-1,-1,-1,-1,-1,-1
201601JI40492,1,9,0,18,0,1,0,0,0,0,1,1,6,3,-1,-1,-1,-1,-1,-1,-1,-1
201601JI40493,1,9,0,18,0,8,0,0,0,0,1,1,6,1,40,7,1299,1,15,2,1,2
201601JI40493,2,9,0,18,0,8,0,0,0,0,2,1,6,1,-1,-1,-1,-1,-1,-1,-1,-1
201601JI40494,1,3,0,18,0,8,0,0,0,0,1,1,6,1,26,6,102,1,9,5,1,5
201601JI40494,2,19,0,9,0,8,0,0,0,0,3,1,6,3,-1,-1,2198,2,9,-1,-1,-1
201601JI40495,1,9,0,4,0,8,0,0,0,0,2,1,6,1,24,5,1229,1,2,3,1,3
201601JI40495,2,9,0,18,0,8,0,0,1,0,1,1,6,1,-1,-1,1461,2,7,-1,-1,-1
201601JI40496,1,1,0,18,0,1,0,0,0,0,1,1,2,1,36,7,-1,-1,-1,2,1,2
201601JI40496,2,9,0,18,0,1,0,0,0,0,2,1,6,3,-1,-1,-1,-1,-1,-1,-1,-1
201601JI40497,1,9,0,6,9,0,0,10,1,0,1,1,6,2,44,7,1968,2,7,5,1,5
201601JI40498,1,20,0,18,0,0,0,0,0,0,1,1,1,2,49,8,-1,2,6,1,1,1
201601JI40498,2,9,0,4,0,0,0,0,0,0,2,1,6,1,51,8,1796,1,16,6,1,6
201601JI40499,1,9,0,5,0,1,0,0,0,0,2,1,6,1,29,6,1997,1,14,1,1,1
201601JI40499,2,9,0,18,0,1,0,0,0,0,1,1,6,1,-1,-1,-1,-1,-1,-1,-1,-1
201601JI40500,1,9,0,18,0,0,0,0,0,0,2,1,6,2,49,8,1598,2,1,3,1,3
201601JI40500,2,9,0,18,0,0,0,0,0,0,1,1,6,2,-1,-1,1388,1,10,8,1,8
201601JI40501,1,4,0,18,0,8,0,0,0,0,1,1,6,1,59,9,-1,-1,-1,3,1,3
201601JI40501,2,5,0,18,0,8,0,0,0,0,1,1,6,1,29,6,583,1,20,5,1,5
201601JI40501,3,9,0,9,0,8,0,0,0,0,3,1,6,2,25,5,1199,1,13,4,1,4
201601JI40502,1,9,0,18,0,2,0,0,0,0,2,1,6,1,55,8,1686,2,5,5,1,5
201601JI40502,2,9,0,18,0,2,0,0,0,0,1,1,6,1,23,5,1995,2,2,7,1,7
201601JI40502,3,19,0,18,0,2,0,0,0,0,1,1,6,1,27,6,1598,2,1,5,1,5
201601JI40504,1,9,0,18,0,0,0,0,0,0,4,1,6,2,45,7,1956,2,1,6,1,6
201601JI40506,1,9,0,3,0,1,0,0,0,0,4,1,6,3,-1,-1,-1,-1,-1,-1,-1,-1
201601JI40506,2,1,0,18,0,1,0,8,0,0,1,1,6,1,24,5,-1,-1,-1,5,1,5
201601JI40507,1,3,0,13,0,1,0,0,0,0,4,1,6,1,35,6,125,1,3,-1,-1,-1
201601JI40507,2,9,0,13,0,1,0,0,0,0,3,1,6,1,57,9,2231,2,8,9,1,9
201601JI40508,1,9,0,17,0,2,0,0,0,0,1,1,6,2,29,6,-1,-1,-1,4,1,4
201601JI40508,2,8,0,16,0,1,0,0,0,0,1,1,6,1,31,6,2143,12,3,2,1,2
201601JI40509,1,9,0,1,0,0,0,0,0,0,2,1,6,1,-1,-1,1582,2,1,-1,-1,-1
201601JI40510,1,9,0,4,0,1,0,0,0,0,2,1,6,1,36,7,1596,1,14,2,1,2
201601JI40510,2,9,0,18,0,1,0,0,0,0,1,1,6,3,-1,-1,1895,1,16,-1,-1,-1
201601JI40511,1,9,0,9,0,1,0,0,0,0,3,1,2,3,-1,-1,-1,-1,-1,-1,-1,-1
201601JI40511,2,3,0,13,0,1,0,0,0,0,4,1,2,1,54,8,1170,1,12,5,3,5
201601JI40512,1,9,0,18,0,8,0,0,0,0,3,1,1,1,45,7,1956,2,-1,2,1,2
201601JI40512,2,9,0,9,0,8,0,0,0,0,1,1,6,1,62,9,-1,-1,-1,3,1,3
201601JI40514,1,9,0,9,0,8,0,0,0,0,3,1,6,1,61,9,1895,1,15,6,1,6
201601JI40514,2,5,0,13,0,8,0,0,0,0,4,1,6,1,37,7,1198,1,3,8,1,8
201601JI40516,1,9,0,18,0,8,0,4,1,10,4,1,6,1,83,11,1968,2,2,8,1,8
201601JI40516,2,9,0,2,0,8,0,0,0,0,3,1,6,3,-1,-1,1461,2,4,-1,-1,-1
201601JI40516,3,9,0,2,0,8,0,0,0,0,3,1,6,3,-1,-1,1229,1,8,-1,-1,-1
201601JI40516,4,9,0,2,0,8,0,0,0,0,3,1,6,3,-1,-1,1598,1,13,-1,-1,-1
201601JI40517,1,9,0,18,0,8,0,0,0,0,1,1,6,1,73,10,1796,1,11,3,1,3
201601JI40517,2,9,0,9,0,8,0,0,0,0,4,1,6,1,-1,-1,999,1,3,9,1,9
201601JI40518,1,9,0,18,0,2,0,0,0,0,1,1,6,1,23,5,1995,2,4,3,1,3
201601JI40520,1,9,0,9,0,5,0,0,0,0,1,1,6,1,53,8,1968,2,6,3,1,3
201601JI40521,1,3,0,18,0,0,0,0,0,0,4,1,1,1,20,4,108,1,2,8,1,8
201601JI40521,2,9,0,5,0,0,0,0,0,0,3,1,6,1,25,5,1596,1,5,-1,-1,-1
201601JI40522,1,9,0,18,9,8,0,10,1,2,1,1,2,1,57,9,1995,2,1,7,1,7
201601JI40524,1,9,0,9,0,5,0,0,0,0,1,1,6,1,29,6,2000,2,1,3,1,3
201601JI40526,1,9,0,18,0,1,0,0,0,0,1,1,6,3,-1,-1,-1,-1,-1,-1,-1,-1
201601JI40528,1,1,0,14,0,1,0,0,0,0,1,1,6,1,-1,-1,-1,-1,-1,2,1,2
201601JI40529,1,9,0,4,0,0,0,0,0,0,2,1,6,2,20,4,1799,1,8,2,1,2
201601JI40529,2,9,0,18,0,0,0,0,0,0,1,1,6,3,-1,-1,1598,1,11,-1,-1,-1
201601JI40531,1,9,0,18,0,8,0,0,0,0,4,1,6,2,30,6,1997,1,15,5,1,5
201601JI40531,2,9,0,18,0,8,0,0,0,0,1,1,6,3,-1,-1,1596,1,13,-1,-1,-1
201601JI40532,1,9,0,18,0,1,0,0,0,0,1,1,6,2,76,11,1596,1,16,4,1,4
201601JI40532,2,9,0,8,0,1,0,0,0,0,2,1,6,2,29,6,1496,2,-1,2,1,2
201601JI40533,1,9,0,4,0,0,0,0,0,0,2,1,6,2,59,9,1600,1,12,6,1,6
201601JI40533,2,9,0,18,0,0,0,0,0,0,1,1,6,1,-1,-1,2997,1,17,-1,-1,-1
201601JI40535,1,9,0,1,0,8,0,0,0,0,3,1,6,2,28,6,1329,1,3,2,1,2
201601JI40535,2,9,0,18,0,8,0,0,0,0,1,1,6,1,-1,-1,-1,-1,-1,-1,-1,-1
201601JI40536,1,19,0,18,0,0,0,0,0,0,3,1,1,1,42,7,1870,2,12,5,1,5
201601JI40536,2,9,0,11,0,0,0,0,0,0,4,1,6,1,-1,-1,2656,1,11,-1,-1,-1
201601JI40537,1,9,0,18,0,1,0,0,0,0,1,1,6,3,-1,-1,2993,2,10,-1,-1,-1
201601JI40537,2,9,0,3,0,1,0,10,7,10,2,1,6,1,24,5,-1,-1,-1,-1,-1,-1
201601JI40541,1,9,0,18,0,2,0,0,0,0,1,1,6,1,49,8,1149,1,6,4,1,4
201601JI40541,2,9,0,18,0,1,0,0,0,0,1,1,6,1,-1,-1,-1,-1,-1,-1,-1,-1
201601JI40543,1,9,0,18,0,0,0,0,0,0,1,1,6,1,21,5,1896,2,11,2,1,2
201601JI40544,1,9,0,10,0,1,0,0,0,0,2,1,6,2,29,6,-1,-1,-1,8,1,8
201601JI40544,2,9,0,18,0,1,0,0,0,0,1,1,6,1,-1,-1,1995,2,-1,-1,-1,-1
201601JI40545,1,9,0,18,0,2,0,0,0,0,2,1,6,1,37,7,1248,2,9,3,1,3
201601JI40545,2,9,0,18,0,2,0,0,0,0,2,1,6,1,58,9,1149,1,12,4,1,4
201601JI40545,3,19,0,18,0,2,0,0,0,0,1,1,6,1,32,6,-1,-1,-1,2,1,2
201601JI40548,1,9,0,18,0,0,0,0,0,0,1,1,6,3,-1,-1,-1,-1,-1,-1,-1,-1
201601JI40557,1,9,0,3,0,1,0,0,0,0,2,1,6,1,55,8,1598,1,6,2,1,2
201601JI40557,2,9,0,5,0,1,0,0,0,0,1,1,6,2,52,8,1796,1,9,2,1,2
201601JI40559,1,3,0,18,0,1,0,0,0,0,1,1,1,1,28,6,108,1,3,4,1,4
201601JI40559,2,8,0,3,0,1,0,0,0,0,2,1,6,1,-1,-1,-1,-1,-1,-1,-1,-1
201601JI40566,1,9,0,11,0,1,0,0,0,0,4,1,1,2,46,8,-1,-1,-1,4,1,4
201601JI40566,2,9,0,5,0,1,0,0,0,0,3,1,6,2,25,5,1598,1,9,2,1,2
201601JI40570,1,5,0,3,0,8,0,0,0,0,3,1,2,1,43,7,471,1,2,4,1,4
201601JI40570,2,11,0,9,0,8,0,0,0,0,1,1,1,1,-1,-1,-1,-1,-1,-1,-1,-1
201601JI40577,1,9,0,18,0,8,0,0,0,0,1,1,6,2,39,7,1396,1,13,2,1,2