Accident_Index,Vehicle_Reference,Vehicle_Type,Towing_and_Articulation,Vehicle_Manoeuvre,Vehicle_Location-Restricted_Lane,Junction_Location,Skidding_and_Overturning,Hit_Object_in_Carriageway,Vehicle_Leaving_Carriageway,Hit_Object_off_Carriageway,1st_Point_of_Impact,Was_Vehicle_Left_Hand_Drive?,Journey_Purpose_of_Driver,Sex_of_Driver,Age_of_Driver,Age_Band_of_Driver,Engine_Capacity_(CC),Propulsion_Code,Age_of_Vehicle,Driver_IMD_Decile,Driver_Home_Area_Type,Vehicle_IMD_Decile
201601KD50160,1,8,0,18,0,8,0,0,0,0,1,1,1,1,50,8,1560,2,6,3,1,3
201601KD50160,2,9,0,18,0,8,0,0,0,0,3,1,6,1,45,7,1596,1,11,2,1,2
201601KD50161,1,8,0,4,0,2,0,0,0,0,2,1,1,1,66,10,2499,2,9,8,1,8
201601KD50161,2,20,0,18,0,2,0,0,0,0,1,1,1,1,59,9,-1,-1,-1,6,1,6
201601KD50162,1,9,0,18,0,0,0,0,0,0,1,1,6,1,23,5,2720,2,11,8,1,8
201601KD50162,2,9,0,4,0,0,0,0,0,0,2,1,6,2,48,8,1598,1,11,6,1,6
201601KD50163,1,9,0,18,0,8,0,0,0,0,1,1,2,2,22,5,2401,2,10,-1,-1,-1
201601KD50163,2,9,0,9,0,8,0,0,0,0,4,1,6,1,44,7,1781,1,16,-1,-1,-1
201601KD50164,1,9,0,9,0,1,0,0,0,0,4,1,2,2,33,6,1596,1,5,2,1,2
201601KD50164,2,21,0,18,0,1,0,0,0,0,1,1,1,1,46,8,6692,2,8,9,1,9
201601KD50165,1,19,0,3,0,1,0,0,0,0,2,1,1,2,56,9,1461,2,3,7,1,7
201601KD50165,2,9,0,18,0,1,0,0,0,0,1,1,6,1,-1,-1,-1,-1,-1,-1,-1,-1
201601KD50166,1,9,0,9,0,2,0,0,0,0,1,1,6,2,19,4,1390,1,6,6,1,6
201601KD50166,2,9,0,18,0,1,0,0,0,0,1,1,6,1,52,8,2198,2,11,6,1,6
201601KD50167,1,1,0,18,0,8,0,0,0,0,4,1,6,1,34,6,-1,-1,-1,2,1,2
201601KD50167,2,9,0,7,0,8,0,0,0,0,1,1,6,1,30,6,1149,1,3,-1,-1,-1
201601KD50168,1,2,0,18,0,8,0,0,0,0,1,1,6,1,58,9,49,1,1,3,1,3
201601KD50168,2,9,0,18,0,8,0,0,0,0,4,1,6,1,28,6,1995,2,9,2,1,2
201601KD50169,1,19,0,11,0,0,0,0,0,0,4,1,2,1,22,5,1248,2,9,3,1,3
201601KD50169,2,5,0,18,0,0,0,0,0,0,3,1,2,1,34,6,599,1,14,4,2,4
201601KD50170,1,9,0,9,0,8,0,0,0,0,3,1,6,2,18,4,-1,-1,-1,4,1,4
201601KD50170,2,19,0,18,0,8,0,0,0,0,1,1,6,1,27,6,1753,2,10,8,1,8
201601KD50171,1,8,0,5,0,0,0,0,0,0,1,1,1,1,40,7,1998,2,5,4,1,4
201601KD50172,1,10,0,18,0,2,0,0,0,0,1,1,1,1,47,8,2400,2,10,2,1,2
201601KD50173,1,9,0,10,0,1,0,0,0,0,2,1,6,1,30,6,1560,2,4,4,1,4
201601KD50173,2,9,0,18,0,1,0,0,0,0,1,1,6,2,-1,-1,998,1,8,-1,-1,-1
201601KD50174,1,11,0,18,0,1,0,0,0,0,1,1,1,1,46,8,7300,2,11,4,1,4
201601KD50175,1,19,0,17,0,8,0,0,0,0,4,1,1,1,35,6,2143,2,6,-1,-1,-1
201601KD50175,2,9,0,17,0,8,0,0,0,0,3,1,6,2,34,6,1968,2,9,5,1,5
201601KD50176,1,1,0,18,0,0,0,0,0,0,2,1,2,1,33,6,-1,-1,-1,-1,-1,-1
201601KD50176,2,19,0,18,0,0,0,0,0,0,1,1,6,1,-1,-1,2402,2,5,-1,-1,-1
201601KD50177,1,9,0,14,0,0,0,0,0,0,1,1,6,1,62,9,2360,1,13,8,1,8
201601KD50178,1,9,0,3,0,0,0,0,0,0,2,1,6,2,46,8,-1,-1,-1,-1,-1,-1
201601KD50178,2,9,0,18,0,0,0,0,0,0,1,1,6,1,-1,-1,-1,-1,-1,-1,-1,-1
201601KD50180,1,9,0,7,0,2,0,0,0,0,1,1,6,1,24,5,1390,1,3,9,2,9
201601KD50180,2,9,0,10,0,1,0,0,0,0,1,1,6,2,40,7,2231,2,8,2,1,2
201601KD50180,3,9,0,10,0,1,0,0,0,0,1,1,6,2,-1,-1,-1,-1,-1,-1,-1,-1
201601KD50181,1,9,0,15,0,0,0,0,2,7,4,1,2,1,37,7,1206,1,7,4,1,4
201601KD50181,2,21,1,18,0,0,0,0,0,0,4,1,1,1,49,8,11120,2,1,2,1,2
201601KD50181,3,9,0,18,0,0,0,0,0,0,1,1,1,1,71,10,1988,2,11,3,1,3
201601KD50182,1,3,0,9,0,1,0,0,0,0,3,1,6,1,26,6,124,1,6,-1,-1,-1
201601KD50182,2,3,0,7,0,1,0,0,0,0,4,1,1,1,18,4,124,1,1,3,1,3
201601KD50183,1,9,0,18,0,0,0,0,0,0,1,1,1,2,71,10,1461,2,10,7,1,7
201601KD50185,1,9,0,18,0,1,0,10,8,1,1,1,6,2,39,7,-1,-1,-1,-1,-1,-1
201601KD50186,1,9,0,4,0,1,0,0,0,0,2,1,6,1,48,8,1598,1,1,3,1,3
201601KD50186,2,9,0,18,0,1,0,0,0,0,1,1,6,1,51,8,1598,1,4,6,3,6
201601KD50188,1,9,0,18,0,0,0,0,0,0,1,1,1,1,33,6,1798,1,7,2,1,2
201601KD50188,2,1,0,18,0,0,0,0,0,0,4,1,6,2,24,5,-1,-1,-1,8,1,8
201601KD50189,1,11,0,3,0,0,0,0,0,0,0,1,1,1,56,9,9000,2,8,9,1,9
201601KD50191,1,9,0,13,0,0,0,0,0,0,4,1,6,2,51,8,1988,1,16,10,1,10
201601KD50191,2,1,0,18,0,0,0,0,0,0,3,1,6,1,77,11,-1,-1,-1,7,1,7
201601KD50192,1,9,0,9,0,8,0,0,0,0,1,1,6,1,41,7,2000,2,12,5,1,5
201601KD50192,2,2,0,18,0,8,0,0,0,0,3,1,6,1,18,4,124,1,13,-1,-1,-1
201601KD50193,1,9,0,18,0,0,0,10,5,6,1,1,6,1,35,6,1299,1,12,7,1,7
201601KD50194,1,9,0,18,0,8,0,0,0,0,1,1,6,1,52,8,-1,-1,-1,6,1,6
201601KD50194,2,9,0,18,0,8,0,0,0,0,3,1,6,2,25,5,1242,1,2,8,1,8
201601KD50195,1,19,0,17,0,8,0,0,0,0,1,1,1,1,54,8,2198,2,1,4,1,4
201601KD50195,2,1,0,17,0,8,0,0,0,0,2,1,6,1,37,7,-1,-1,-1,2,1,2
201601KD50196,1,3,0,18,0,0,0,0,0,0,3,1,6,1,18,4,124,1,7,-1,-1,-1
201601KD50196,2,9,0,18,0,0,0,0,0,0,3,1,6,3,-1,-1,-1,-1,-1,-1,-1,-1
201601KD50197,1,9,0,18,0,8,0,0,0,0,1,1,6,2,21,5,1242,1,2,5,1,5
201601KD50197,2,9,0,7,0,8,0,0,0,0,3,1,6,2,18,4,1242,1,1,8,1,8
201601KD50198,1,9,0,5,0,0,0,0,0,0,3,1,6,2,76,11,1240,1,7,3,1,3
201601KD50198,2,9,0,18,0,0,0,0,0,0,4,1,6,2,37,7,1686,2,4,-1,-1,-1
201601KD50199,1,9,0,18,2,0,0,0,0,0,1,1,6,1,46,8,2268,2,1,3,1,3
201601KD50199,2,19,0,3,2,0,0,0,0,0,2,1,6,1,42,7,2402,2,5,7,1,7
201601KD50200,1,9,0,18,0,8,0,0,0,0,1,1,6,2,58,9,1992,2,10,8,1,8
201601KD50200,2,9,0,9,0,8,0,0,0,0,1,1,6,1,35,6,1242,1,11,7,1,7
201601KD50202,1,9,0,4,0,0,0,0,0,0,2,1,6,2,30,6,1299,1,17,2,1,2
201601KD50202,2,9,0,18,0,0,0,0,0,0,1,1,6,1,-1,-1,-1,-1,-1,8,2,8
201601KD50203,1,9,0,18,0,1,0,0,0,0,1,1,6,3,-1,-1,-1,-1,-1,-1,-1,-1
201601KD50204,1,9,0,9,0,1,0,0,0,0,4,1,6,1,35,6,1497,8,8,2,1,2
201601KD50204,2,9,0,7,0,1,0,0,0,0,1,1,6,1,62,9,2967,2,4,7,1,7
201601KD50205,1,9,0,4,0,0,0,0,0,0,2,1,1,1,66,10,-1,-1,-1,2,1,2
201601KD50205,2,21,0,18,0,0,0,0,0,0,1,1,1,1,-1,-1,12740,2,2,-1,-1,-1
201601KD50206,1,9,0,3,0,0,0,0,0,0,2,1,6,1,28,6,1461,2,2,2,1,2
201601KD50206,2,9,0,4,0,0,0,0,0,0,1,1,6,1,29,6,-1,-1,-1,5,1,5
201601KD50209,1,9,0,2,0,2,0,0,0,0,2,1,2,2,63,9,998,1,2,6,1,6
201601KD50209,2,11,0,18,0,2,0,4,0,0,1,1,6,2,-1,-1,8268,2,12,-1,-1,-1
201601KD50213,1,9,0,5,0,0,0,0,0,0,1,1,6,2,37,7,1998,1,12,2,1,2
201601KD50214,1,9,0,18,0,8,0,0,0,0,1,1,6,1,38,7,1951,2,15,2,1,2
201601KD50214,2,9,0,4,0,8,0,0,0,0,2,1,6,1,-1,-1,3222,2,13,7,1,7
201601KD50214,3,9,0,18,0,8,0,0,0,0,1,1,6,3,-1,-1,-1,-1,-1,-1,-1,-1
201601KD50215,1,9,0,18,0,1,0,0,0,0,4,1,6,1,35,6,1796,1,10,2,1,2
201601KD50215,2,9,0,5,0,1,0,0,0,0,3,1,6,1,58,9,1398,1,16,2,1,2
201601KD50216,1,9,0,9,0,8,0,0,0,0,4,1,6,1,41,7,4973,1,19,3,1,3
201601KD50216,2,3,0,18,0,8,0,0,0,0,1,1,6,1,18,4,124,1,5,5,1,5
201601KD50217,1,11,0,4,0,1,0,0,0,0,0,1,1,1,52,8,7300,2,11,-1,-1,-1
201601KD50218,1,9,0,9,0,1,0,0,0,0,3,1,6,1,47,8,-1,-1,-1,-1,-1,-1
201601KD50218,2,90,0,14,0,1,0,0,0,0,1,1,1,2,33,6,-1,-1,-1,3,1,3
201601KD50219,1,9,0,9,0,8,0,0,0,0,1,1,6,2,40,7,1598,1,9,6,1,6
201601KD50219,2,9,0,18,0,8,0,0,0,0,4,1,6,2,22,5,1997,1,2,8,1,8
201601KD50220,1,9,0,18,0,0,0,0,0,0,3,1,6,1,58,9,1242,1,3,3,1,3
201601KD50220,2,9,0,18,0,0,0,0,0,0,4,1,6,1,-1,-1,1560,2,9,-1,-1,-1
201601KD50220,3,9,0,4,0,0,1,10,1,9,1,1,6,1,62,9,1997,2,12,2,1,2
201601KD50221,1,9,0,9,0,8,0,0,0,0,1,1,6,1,49,8,2993,2,11,7,3,7
201601KD50221,2,9,0,18,0,8,0,0,0,0,1,1,6,2,73,10,998,1,2,8,1,8
201601KD50222,1,9,0,16,0,3,0,0,0,0,4,1,6,1,23,5,1149,1,14,7,1,7
201601KD50222,2,9,0,5,0,8,0,0,0,0,1,1,6,1,-1,-1,2993,2,2,-1,-1,-1
201601KD50224,1,9,0,7,0,0,5,10,4,6,3,1,6,1,33,6,-1,-1,-1,3,1,3
201601KD50225,1,11,0,18,0,1,0,0,0,0,0,1,6,1,56,9,9000,2,8,9,1,9
201601KD50226,1,9,0,3,0,1,0,0,0,0,2,1,2,2,42,7,1998,1,12,4,1,4
201601KD50226,2,9,0,18,0,1,0,0,0,0,1,1,6,2,-1,-1,1596,1,5,-1,-1,-1
201601KD50227,1,9,0,18,0,0,0,0,1,7,4,1,6,2,39,7,1596,1,12,4,1,4
201601KD50227,2,9,0,18,0,0,1,0,2,7,2,1,6,1,-1,-1,1910,2,11,5,1,5
201601KD50228,1,9,0,17,0,0,0,0,0,0,3,1,6,2,22,5,1461,2,1,5,1,5
201601KD50228,2,9,0,16,0,0,0,0,0,0,3,1,6,1,57,9,-1,-1,-1,8,1,8
201601KD50230,1,9,0,2,0,0,0,0,0,0,3,1,6,1,44,7,1995,2,7,8,1,8
201601KD50230,2,9,0,18,0,0,0,8,0,0,1,1,6,1,82,11,1598,1,11,8,1,8
201601KD50231,1,9,0,17,0,0,0,0,0,0,3,1,4,1,26,6,-1,-1,-1,2,1,2
201601KD50231,2,19,0,16,0,0,1,0,0,0,3,1,2,1,-1,-1,-1,-1,-1,3,1,3
201601KD50233,1,9,0,9,0,8,0,0,0,0,3,1,6,2,47,8,2993,2,3,-1,-1,-1
201601KD50233,2,9,0,17,0,8,0,0,0,0,1,1,6,2,69,10,1242,1,3,6,1,6
201601KD50234,1,9,0,7,0,5,0,0,0,0,4,1,6,1,28,6,1560,2,2,1,1,1
201601KD50234,2,4,0,18,9,8,0,0,0,0,1,1,6,1,-1,-1,124,1,6,-1,-1,-1
201601KD50235,1,9,0,5,0,8,0,0,0,0,3,1,6,1,71,10,1598,1,8,10,1,10
201601KD50235,2,9,0,17,0,8,0,0,0,0,1,1,6,1,34,6,2143,2,2,-1,-1,-1
201601KD50236,1,9,0,4,0,0,0,0,0,0,2,1,6,2,-1,-1,1242,1,5,7,1,7
201601KD50236,2,9,0,4,0,0,0,0,0,0,1,1,6,2,38,7,1596,1,11,4,1,4
201601KD50236,3,9,0,4,0,0,0,0,0,0,1,1,6,1,-1,-1,999,1,2,-1,-1,-1
201601KD50236,4,9,0,4,0,0,0,0,0,0,2,1,6,1,48,8,-1,-1,-1,-1,-1,-1
201601KD50236,5,19,0,18,0,0,0,0,0,0,1,1,6,1,37,7,2198,2,4,8,1,8
201601KD50236,6,9,0,18,0,0,0,0,0,0,2,1,6,1,41,7,-1,-1,-1,3,1,3
201601KD50236,7,9,0,18,0,0,0,0,0,0,2,1,6,1,-1,-1,1198,1,1,-1,-1,-1
201601KD50236,8,9,0,18,0,0,0,0,0,0,1,1,6,1,45,7,-1,-1,-1,4,1,4
201601KD50237,1,9,0,9,0,5,0,0,0,0,1,1,6,2,69,10,1995,2,1,8,1,8
201601KD50238,1,9,0,18,0,0,0,0,0,0,4,1,6,3,-1,-1,-1,-1,-1,-1,-1,-1
201601KD50239,1,9,0,3,0,1,0,0,0,0,2,1,1,1,46,8,-1,-1,-1,-1,-1,-1
201601KD50239,2,9,0,4,0,1,0,0,0,0,1,1,1,2,24,5,1798,1,4,10,1,10
201601KD50240,1,9,0,7,0,5,0,0,0,0,2,1,6,2,42,7,1598,1,11,9,1,9
201601KD50240,2,9,0,18,0,1,0,0,0,0,1,1,6,1,19,4,1242,1,11,5,1,5
201601KD50241,1,19,0,18,0,1,0,0,0,0,3,1,1,1,-1,-1,-1,-1,-1,-1,-1,-1
201601KD50242,1,9,0,4,0,1,0,0,0,0,2,1,6,1,22,5,1600,2,6,-1,-1,-1
201601KD50242,2,9,0,18,0,1,0,0,0,0,1,1,6,1,41,7,-1,-1,-1,5,1,5
201601KD50243,1,9,0,9,0,8,0,0,0,0,1,1,6,2,31,6,1997,2,8,2,1,2
201601KD50243,2,9,0,18,0,8,0,0,0,0,3,1,6,2,46,8,1299,1,15,1,1,1
201601KD50244,1,4,0,15,0,1,0,10,0,0,1,1,6,1,30,6,-1,-1,-1,4,1,4
201601KD50245,1,11,0,4,0,8,0,0,0,0,0,1,1,1,52,8,-1,-1,-1,1,1,1
201601KD50246,1,9,0,18,0,0,0,0,0,0,3,1,6,1,64,9,1800,1,18,4,1,4
201601KD50246,2,9,0,11,0,0,0,0,0,0,4,1,6,1,54,8,2969,2,12,5,1,5
201601KD50247,1,9,0,11,0,2,0,0,0,0,4,1,1,1,45,7,1753,2,6,9,1,9
201601KD50247,2,21,1,18,0,2,0,0,0,0,3,1,1,1,33,6,-1,-1,-1,-1,-1,-1
201601KD50249,1,8,0,18,0,8,0,0,0,0,1,1,1,1,56,9,2402,2,13,8,1,8
201601KD50249,2,9,0,9,0,8,0,0,0,0,4,1,6,3,-1,-1,1360,1,16,-1,-1,-1
201601KD50250,1,9,0,18,0,8,0,0,0,0,1,1,6,1,-1,-1,2148,2,14,-1,-1,-1
201601KD50250,2,9,0,18,0,8,0,9,0,0,2,1,6,1,42,7,2996,1,10,2,1,2
201601KD50251,1,9,0,9,0,2,0,4,0,0,1,1,6,1,23,5,1597,1,8,5,1,5
201601KD50251,2,9,0,2,0,2,0,4,0,0,2,1,6,1,-1,-1,1995,2,6,3,1,3
201601KD50251,3,9,0,2,0,2,0,4,0,0,2,1,6,1,-1,-1,1560,2,8,4,1,4
201601KD50251,4,9,0,2,0,2,0,0,0,0,2,1,6,1,-1,-1,1796,1,15,6,1,6
201601KD50253,1,9,0,17,0,0,0,0,0,0,1,1,6,1,42,7,1339,1,9,3,1,3
201601KD50253,2,1,0,17,0,0,0,0,0,0,2,1,2,1,18,4,-1,-1,-1,4,1,4
201601KD50254,1,9,0,18,0,0,0,4,0,0,3,1,6,1,48,8,1968,2,3,8,2,8
201601KD50254,2,9,0,2,0,0,0,0,0,0,4,1,6,1,83,11,-1,-1,-1,7,1,7
201601KD50255,1,9,0,3,0,1,0,0,0,0,2,1,6,2,44,7,1248,2,8,4,1,4
201601KD50255,2,19,0,5,0,1,0,0,0,0,1,1,6,1,38,7,2402,2,9,1,1,1
201601KD50256,1,9,0,18,0,8,0,0,0,0,1,1,6,1,25,5,1242,1,9,3,1,3
201601KD50256,2,9,0,9,0,8,0,0,0,0,1,1,6,1,20,4,1242,1,11,9,1,9
201601KD50258,1,9,0,18,0,0,0,0,0,0,1,1,6,2,73,10,1596,1,2,6,1,6
201601KD50259,1,9,0,3,0,1,0,0,0,0,2,1,6,1,57,9,1497,8,10,5,1,5
201601KD50259,2,11,0,18,0,1,0,0,0,0,1,1,1,1,59,9,8268,2,13,6,1,6
201601KD50260,1,9,0,18,0,0,0,0,0,0,3,1,6,3,-1,-1,-1,-1,-1,-1,-1,-1
201601KD50261,1,11,0,5,0,0,0,0,0,0,0,1,1,2,52,8,-1,-1,-1,3,1,3
201601KD50262,1,9,0,18,0,8,0,0,0,0,1,1,6,2,59,9,1388,1,18,4,1,4
201601KD50262,2,9,0,9,0,8,0,0,0,0,4,1,6,1,59,9,2360,1,12,7,1,7
201601KD50263,1,9,0,18,0,0,0,0,0,0,3,1,6,2,37,7,1329,1,6,5,1,5
201601KD50263,2,19,0,11,0,0,0,0,0,0,4,1,6,3,-1,-1,-1,-1,-1,-1,-1,-1
201601KD50264,1,5,0,3,0,1,0,0,0,0,2,1,6,1,61,9,680,1,9,4,1,4
201601KD50264,2,9,0,5,0,1,0,0,0,0,1,1,6,3,-1,-1,-1,-1,-1,-1,-1,-1
201601KD50265,1,19,0,3,0,1,0,0,0,0,2,1,1,1,30,6,1995,2,3,4,1,4
201601KD50265,2,9,0,18,0,1,0,0,0,0,1,1,6,1,40,7,1587,1,16,-1,-1,-1
201601KD50266,1,9,0,8,0,1,0,0,0,0,1,1,6,1,39,7,1796,2,4,5,1,5
201601KD50266,2,9,0,18,0,1,0,0,0,0,2,1,6,1,46,8,996,1,1,-1,-1,-1
201601KD50267,1,9,0,18,0,0,0,0,1,10,1,1,6,2,77,11,1596,1,10,8,1,8
201601KD50268,1,9,0,7,0,2,0,0,0,0,1,1,6,3,-1,-1,-1,-1,-1,-1,-1,-1
201601KD50269,1,4,0,18,0,1,0,0,0,0,3,1,2,1,49,8,279,1,7,8,1,8
201601KD50269,2,9,0,7,0,5,0,0,0,0,4,1,2,1,52,8,2993,2,9,7,2,7
201601KD50270,1,9,0,12,0,0,0,0,0,0,3,1,6,1,28,6,1995,2,2,5,1,5
201601KD50270,2,9,0,18,0,0,0,0,0,0,4,1,6,1,34,6,1998,2,9,6,1,6
201601KD50273,1,21,1,18,0,0,0,10,5,6,3,1,1,1,49,8,10837,2,4,10,1,10
201601KD50274,1,11,0,4,0,2,0,0,0,0,4,1,1,1,28,6,6700,2,5,-1,-1,-1
201601KD50275,1,9,0,16,0,8,0,0,0,0,1,1,6,1,60,9,1388,1,12,4,1,4
201601KD50275,2,9,0,9,0,8,0,0,0,0,4,1,6,1,43,7,2148,2,13,3,1,3
201601KD50276,1,9,0,4,0,0,0,0,0,0,2,1,2,1,48,8,1798,1,10,8,1,8
201601KD50276,2,9,0,18,0,0,0,0,0,0,1,1,6,1,-1,-1,698,1,12,-1,-1,-1
201601KD50277,1,9,0,17,0,8,0,0,0,0,4,1,1,1,41,7,5439,1,12,10,1,10
201601KD50277,2,9,0,5,0,8,0,0,0,0,1,1,1,1,55,8,2987,2,5,9,3,9
201601KD50278,1,9,0,4,0,1,0,0,0,0,2,1,6,1,22,5,998,1,4,7,1,7
201601KD50278,2,9,0,18,0,1,0,0,0,0,1,1,6,1,-1,-1,1796,1,11,-1,-1,-1
201601KD50279,1,9,0,3,0,1,0,0,0,0,2,1,6,2,29,6,1999,1,9,3,1,3
201601KD50279,2,11,0,18,0,1,0,0,0,0,1,1,1,1,-1,-1,4500,2,1,-1,-1,-1
201601KD50280,1,11,0,3,0,2,0,0,0,0,0,1,1,1,49,8,6700,2,5,7,1,7
201601KD50281,1,9,0,5,8,2,0,0,0,0,4,1,6,1,21,5,1242,1,5,5,1,5
201601KD50281,2,11,0,18,0,2,0,0,0,0,3,1,1,1,43,7,3900,2,11,5,1,5
201601KD50282,1,5,0,18,0,0,0,10,1,7,0,1,6,1,28,6,999,1,-1,9,2,9
201601KD50283,1,1,0,3,0,1,0,0,0,0,2,1,6,1,27,6,-1,-1,-1,-1,-1,-1
201601KD50283,2,9,0,4,0,1,0,0,0,0,1,1,6,3,-1,-1,-1,-1,-1,-1,-1,-1
201601KD50284,1,9,0,18,0,1,0,0,0,0,1,1,6,1,44,7,1994,2,15,3,1,3
201601KD50284,2,9,0,18,0,2,0,0,0,0,1,1,6,1,21,5,1686,2,9,4,1,4
201601KD50285,1,9,0,18,0,0,0,0,0,0,4,1,6,2,51,8,1399,1,9,-1,-1,-1
201601KD50285,2,21,1,12,0,0,0,0,0,0,3,1,1,3,-1,-1,-1,-1,-1,-1,-1,-1
201601KD50286,1,9,0,10,0,8,0,0,0,0,3,1,6,2,53,8,1240,1,7,10,1,10
201601KD50286,2,9,0,9,0,8,0,0,0,0,1,1,6,3,-1,-1,-1,-1,-1,-1,-1,-1
201601KD50287,1,11,0,9,0,8,0,0,0,0,4,1,1,2,20,4,-1,-1,-1,1,1,1
201601KD50287,2,9,0,9,0,8,0,0,0,0,4,1,6,2,35,6,1995,2,5,5,1,5
201601KD50287,3,11,0,18,0,8,0,0,0,0,3,1,1,1,31,6,5883,2,15,5,1,5
201601KD50288,1,9,0,14,0,1,0,0,0,0,1,1,2,2,50,8,1364,1,1,3,1,3
201601KD50289,1,9,0,3,0,1,0,0,0,0,1,1,1,2,27,6,1242,1,1,4,1,4
201601KD50289,2,20,0,5,0,1,0,0,0,0,2,1,6,3,-1,-1,-1,-1,-1,-1,-1,-1
201601KD50291,1,9,0,13,0,0,0,4,0,0,3,1,6,1,25,5,-1,-1,-1,3,1,3
201601KD50291,2,9,0,2,0,0,0,0,0,0,3,1,6,3,-1,-1,1998,2,1,-1,-1,-1
201601KD50291,3,9,0,2,0,0,0,0,0,0,3,1,6,3,-1,-1,998,1,2,-1,-1,-1
201601KD50291,4,9,0,5,0,0,1,0,0,0,3,1,6,1,45,7,1998,1,12,3,1,3
201601KD50292,1,1,0,18,0,8,0,0,0,0,3,1,6,1,20,4,-1,-1,-1,4,1,4
201601KD50292,2,9,0,9,0,8,0,0,0,0,1,1,6,1,-1,-1,-1,-1,-1,-1,-1,-1
201601KD50293,1,9,0,3,0,1,0,0,0,0,2,1,1,1,50,8,1497,8,8,2,1,2
201601KD50293,2,9,0,18,0,1,0,0,0,0,1,1,1,1,-1,-1,-1,-1,-1,3,1,3
201601KD50294,1,21,0,9,0,3,5,0,0,0,4,1,1,1,46,8,9365,2,7,3,1,3
201601KD50295,1,9,0,3,0,1,0,0,0,0,2,1,6,1,38,7,1794,1,11,3,2,3
201601KD50295,2,9,0,3,0,1,0,0,0,0,2,1,6,1,38,7,1198,1,13,4,1,4
201601KD50295,3,9,0,18,0,1,0,10,0,0,1,1,6,1,-1,-1,-1,-1,-1,-1,-1,-1
201601KD50296,1,9,0,7,0,1,0,0,0,0,2,1,6,1,28,6,1229,1,11,2,1,2
201601KD50296,2,9,0,7,0,1,0,0,0,0,1,1,6,2,-1,-1,1242,1,4,7,1,7
201601KD50297,1,19,0,18,0,8,0,0,0,0,4,1,6,1,49,8,3920,2,3,4,1,4
201601KD50297,2,9,0,9,0,8,0,0,0,0,1,1,6,2,35,6,1299,1,17,6,1,6
201601KD50298,1,9,0,5,0,0,0,0,0,0,3,1,6,2,51,8,1600,1,12,9,1,9
201601KD50298,2,1,0,18,0,0,0,0,0,0,4,1,6,1,25,5,-1,-1,-1,9,1,9
201601KD50299,1,19,0,18,0,0,0,0,0,0,1,1,6,1,41,7,2402,2,9,4,1,4
201601KD50299,2,9,0,4,0,0,2,0,0,0,1,1,6,1,21,5,1242,1,10,-1,-1,-1
201601KD50301,1,1,0,9,0,2,0,0,0,0,3,1,6,1,53,8,-1,-1,-1,8,1,8
201601KD50301,2,19,0,18,0,1,0,0,0,0,3,1,1,1,-1,-1,2299,2,4,-1,-1,-1
201601KD50302,1,9,0,18,0,8,0,0,0,0,1,1,6,2,24,5,1598,1,11,1,1,1
201601KD50302,2,9,0,9,0,8,0,0,0,0,4,1,6,3,-1,-1,-1,-1,-1,-1,-1,-1
201601KD50303,1,1,0,9,0,3,0,0,0,0,4,1,6,1,52,8,-1,-1,-1,2,1,2
201601KD50303,2,9,0,9,0,3,0,0,0,0,3,1,6,1,57,9,2494,2,4,9,1,9
201601KD50304,1,11,0,18,0,8,0,0,0,0,1,1,1,2,47,8,8268,2,11,2,1,2
201601KD50304,2,9,0,9,0,8,0,0,0,0,3,1,6,2,25,5,1389,1,14,9,1,9
201601KD50305,1,9,0,1,0,0,0,4,1,10,2,1,6,1,61,9,1560,2,5,2,1,2
201601KD50305,2,19,0,2,0,0,0,0,0,0,1,1,6,3,-1,-1,1968,2,-1,-1,-1,-1
201601KD50306,1,9,0,18,0,0,0,4,0,0,1,1,6,1,42,7,1598,1,9,5,1,5
201601KD50306,2,9,0,2,0,0,0,0,0,0,2,1,6,1,29,6,1896,2,8,3,1,3
201601KD50307,1,9,0,10,0,1,0,0,0,0,2,1,6,2,26,6,1364,1,9,6,1,6
201601KD50307,2,9,0,18,0,1,0,0,0,0,1,1,6,1,-1,-1,-1,-1,-1,-1,-1,-1
201601KD50309,1,19,0,18,0,8,0,0,0,0,1,1,6,1,57,9,1753,2,5,2,1,2
201601KD50309,2,9,0,5,0,8,0,0,0,0,2,1,6,1,28,6,-1,-1,-1,8,1,8
201601KD50311,1,9,0,7,0,2,0,0,0,0,2,1,6,2,68,10,1388,1,4,3,1,3
201601KD50311,2,9,0,7,0,2,0,0,0,0,1,1,6,1,-1,-1,-1,-1,-1,-1,-1,-1
201601KD50312,1,2,0,18,0,0,0,0,0,0,4,1,6,1,21,5,124,1,9,10,1,10
201601KD50312,2,9,0,5,0,0,0,0,0,0,3,1,6,1,42,7,1598,2,2,7,1,7
201601KD50314,1,9,0,18,0,8,0,0,0,0,4,1,6,1,50,8,1797,8,7,2,1,2
201601KD50314,2,3,0,9,0,8,0,0,0,0,1,1,6,1,19,4,124,1,1,3,1,3
201601KD50315,1,9,0,18,0,8,0,0,0,0,1,1,6,1,22,5,1995,2,9,8,1,8
201601KD50315,2,9,0,18,0,8,0,0,0,0,4,1,6,1,21,5,1149,1,13,6,1,6
201601KD50316,1,9,0,3,0,1,0,0,0,0,2,1,6,1,48,8,1560,2,2,4,1,4
201601KD50316,2,5,0,18,0,1,0,0,0,0,1,1,6,1,-1,-1,645,1,10,5,1,5
201601KD50317,1,5,0,17,0,8,0,0,0,0,4,1,1,1,54,8,1340,1,2,7,1,7
201601KD50317,2,9,0,17,0,8,0,0,0,0,3,1,6,1,-1,-1,-1,-1,-1,-1,-1,-1
201601KD50318,1,3,0,18,0,0,0,0,0,0,1,1,2,1,23,5,125,1,1,9,1,9
201601KD50319,1,8,0,2,0,8,0,0,0,0,3,1,1,1,41,7,1997,2,4,5,1,5
201601KD50319,2,9,0,1,0,8,0,0,0,0,2,1,6,3,-1,-1,-1,-1,-1,-1,-1,-1
201601KD50320,1,9,0,18,0,8,0,0,0,0,1,1,6,2,47,8,1598,1,5,4,1,4