Accident_Index,Vehicle_Reference,Vehicle_Type,Towing_and_Articulation,Vehicle_Manoeuvre,Vehicle_Location-Restricted_Lane,Junction_Location,Skidding_and_Overturning,Hit_Object_in_Carriageway,Vehicle_Leaving_Carriageway,Hit_Object_off_Carriageway,1st_Point_of_Impact,Was_Vehicle_Left_Hand_Drive?,Journey_Purpose_of_Driver,Sex_of_Driver,Age_of_Driver,Age_Band_of_Driver,Engine_Capacity_(CC),Propulsion_Code,Age_of_Vehicle,Driver_IMD_Decile,Driver_Home_Area_Type,Vehicle_IMD_Decile
201601KF60170,5,9,0,18,0,1,0,0,0,0,1,1,6,2,23,5,2191,2,1,1,1,1
201601KF60171,1,9,0,16,0,8,0,0,1,0,3,1,2,2,37,7,1598,1,8,-1,-1,-1
201601KF60171,2,9,0,16,0,8,0,0,0,0,4,1,2,1,-1,-1,-1,-1,-1,-1,-1,-1
201601KF60172,1,9,0,9,0,8,0,0,0,0,1,1,6,1,25,5,1364,1,1,3,1,3
201601KF60172,2,19,0,18,0,8,0,0,0,0,4,1,6,1,31,6,2402,2,12,4,3,4
201601KF60174,1,9,0,4,0,0,0,0,0,0,2,1,6,1,37,7,1390,1,11,3,1,3
201601KF60174,2,9,0,18,0,0,0,0,0,0,1,1,6,1,41,7,3200,1,10,4,1,4
201601KF60175,1,9,0,16,0,8,0,0,0,0,3,1,6,1,31,6,2720,2,7,4,1,4
201601KF60176,1,9,0,9,0,8,0,0,0,0,1,1,6,1,40,7,1461,2,12,5,1,5
201601KF60176,2,1,0,18,0,8,0,0,0,0,1,1,6,1,37,7,-1,-1,-1,4,1,4
201601KF60177,1,9,0,3,0,8,0,0,0,0,3,1,6,1,75,10,1390,1,8,4,1,4
201601KF60177,2,11,0,7,0,8,0,0,0,0,1,1,1,1,-1,-1,-1,-1,-1,-1,-1,-1
201601KF60178,1,11,0,5,0,0,0,0,0,0,0,1,1,1,33,6,9000,2,7,3,1,3
201601KF60179,1,3,0,16,0,8,0,0,0,0,2,1,6,1,28,6,125,1,1,4,1,4
201601KF60179,2,9,0,18,0,1,0,0,0,0,1,1,6,1,30,6,1900,2,17,3,1,3
201601KF60180,1,9,0,7,0,2,0,0,0,0,1,1,1,1,50,8,1329,1,7,4,1,4
201601KF60182,1,9,0,6,0,8,0,10,1,10,3,1,6,1,23,5,1995,2,8,4,1,4
201601KF60182,2,9,0,18,0,8,0,0,0,0,1,1,6,1,19,4,1199,1,11,4,1,4
201601KF60184,1,9,0,16,0,8,0,0,0,0,3,1,6,1,34,6,1997,2,8,2,1,2
201601KF60184,2,9,0,16,0,8,0,0,0,0,4,1,6,1,-1,-1,1600,1,11,-1,-1,-1
201601KF60185,1,1,0,18,0,2,0,0,0,0,0,1,6,1,49,8,-1,-1,-1,-1,-1,-1
201601KF60186,1,9,0,18,0,0,0,0,0,0,1,1,6,1,26,6,1995,2,6,4,1,4
201601KF60187,1,9,0,18,0,0,0,0,0,0,2,1,6,1,24,5,1229,1,6,2,1,2
201601KF60187,2,9,0,18,0,0,0,0,0,0,1,1,6,1,-1,-1,3555,1,13,-1,-1,-1
201601KF60188,1,9,0,18,0,1,0,0,0,0,2,1,6,1,32,6,1000,1,1,8,1,8
201601KF60188,2,19,0,18,0,1,0,0,0,0,1,1,6,3,-1,-1,-1,-1,-1,-1,-1,-1
201601KF60189,1,21,0,7,0,1,0,0,0,0,4,1,1,1,35,6,10837,2,1,10,2,10
201601KF60189,2,8,0,15,0,1,0,0,0,0,3,1,1,1,44,7,1997,2,4,3,1,3
201601KF60190,1,19,0,18,0,0,0,0,0,0,2,1,6,1,27,6,2402,2,9,3,1,3
201601KF60190,2,19,0,18,0,0,0,0,0,0,1,1,6,1,44,7,2402,2,13,8,1,8
201601KF60191,1,9,0,18,0,0,0,0,0,0,2,1,6,1,29,6,-1,-1,-1,5,1,5
201601KF60191,2,9,0,18,0,0,0,10,1,1,1,1,6,1,19,4,2494,1,16,6,1,6
201601KF60192,1,9,0,3,0,1,0,0,0,0,2,1,6,2,24,5,1299,1,11,3,1,3
201601KF60192,2,9,0,3,0,1,0,0,0,0,2,1,6,2,38,7,998,1,22,4,1,4
201601KF60192,3,9,0,3,0,1,0,0,0,0,2,1,6,1,25,5,1198,1,2,4,1,4
201601KF60192,4,9,0,18,0,1,0,0,0,0,1,1,6,1,69,10,2143,2,7,1,1,1
201601KF60193,1,9,0,2,0,0,0,0,0,0,3,1,6,1,28,6,1896,2,10,4,1,4
201601KF60193,2,19,0,18,0,0,0,4,0,0,4,1,6,3,-1,-1,2198,2,1,-1,-1,-1
201601KF60195,1,9,0,18,0,0,0,10,1,10,3,1,6,1,20,4,1398,1,2,2,1,2
201601KF60195,2,9,0,11,0,0,0,0,0,0,4,1,6,3,-1,-1,2720,2,9,-1,-1,-1
201601KF60196,1,1,0,18,4,1,0,0,0,0,4,1,6,1,26,6,-1,-1,-1,3,1,3
201601KF60196,2,9,0,9,0,1,0,0,0,0,1,1,6,3,-1,-1,1339,1,13,-1,-1,-1
201601KF60197,1,3,0,18,0,0,0,0,0,0,3,1,6,1,38,7,124,1,11,5,1,5
201601KF60197,2,9,0,12,0,0,0,0,0,0,3,1,6,3,-1,-1,-1,-1,-1,-1,-1,-1
201601KF60198,1,9,0,17,0,8,0,0,0,0,2,1,6,1,30,6,1149,1,12,2,1,2
201601KF60198,2,9,0,17,0,8,0,0,0,0,1,1,6,1,-1,-1,-1,-1,-1,-1,-1,-1
201601KF60199,1,8,0,18,0,8,0,0,0,0,1,1,1,3,-1,-1,-1,-1,-1,-1,-1,-1
201601KF60200,1,9,0,18,0,0,0,0,0,0,2,1,6,2,37,7,1753,2,7,3,1,3
201601KF60200,2,9,0,18,0,0,0,0,0,0,1,1,6,1,-1,-1,1388,1,12,-1,-1,-1
201601KF60200,3,9,0,4,0,0,0,0,0,0,2,1,6,3,-1,-1,-1,-1,-1,-1,-1,-1
201601KF60201,1,9,0,18,0,0,0,0,0,0,1,1,6,1,27,6,1998,1,10,2,1,2
201601KF60201,2,9,0,2,0,0,0,0,0,0,3,1,6,1,-1,-1,4999,1,1,2,1,2
201601KF60201,3,19,0,18,0,0,0,0,0,0,1,1,1,1,-1,-1,-1,-1,-1,-1,-1,-1
201601KF60201,4,9,0,2,0,0,0,0,0,0,3,1,6,3,-1,-1,-1,-1,-1,-1,-1,-1
201601KF60202,1,9,0,9,0,8,0,0,0,0,4,1,6,1,-1,-1,1198,1,2,-1,-1,-1
201601KF60202,2,9,0,18,0,8,0,0,0,0,1,1,6,1,-1,-1,-1,-1,-1,-1,-1,-1
201601KF60203,1,9,0,18,0,8,0,0,0,0,3,1,6,2,26,6,1997,2,-1,3,1,3
201601KF60203,2,8,0,10,0,8,0,0,0,0,4,1,1,1,-1,-1,1398,1,1,3,1,3
201601KF60205,1,9,0,18,0,1,0,0,0,0,1,1,6,3,-1,-1,-1,-1,-1,-1,-1,-1
201601KF60206,1,11,0,18,0,0,0,0,0,0,0,1,1,1,46,8,3900,2,10,4,1,4
201601KF60207,1,9,0,18,0,8,0,0,0,0,1,1,6,1,25,5,1598,1,5,3,1,3
201601KF60207,2,9,0,9,0,8,0,0,0,0,3,1,6,2,21,5,1396,1,7,5,1,5
201601KF60208,1,9,0,3,0,8,0,0,0,0,2,1,6,1,27,6,1560,2,7,3,1,3
201601KF60208,2,3,0,3,0,8,0,0,0,0,2,1,1,1,19,4,-1,-1,-1,2,1,2
201601KF60208,3,9,0,18,0,8,0,0,1,0,1,1,6,1,-1,-1,1995,2,8,3,1,3
201601KF60209,1,9,0,7,0,8,0,0,0,0,3,1,2,2,29,6,2143,2,1,4,1,4
201601KF60209,2,4,0,13,0,8,1,0,0,0,1,1,6,1,-1,-1,599,1,17,-1,-1,-1
201601KF60210,1,9,0,9,0,8,0,0,0,0,3,1,6,2,25,5,1149,1,9,2,1,2
201601KF60210,2,9,0,17,0,8,0,0,0,0,1,1,1,1,52,8,1397,1,12,4,1,4
201601KF60211,1,3,0,18,0,0,0,0,0,0,4,1,2,1,31,6,124,1,6,-1,-1,-1
201601KF60211,2,19,0,12,0,0,0,0,0,0,3,1,6,1,-1,-1,-1,-1,-1,-1,-1,-1
201601KF60212,1,9,0,9,0,8,0,0,0,0,3,1,6,1,33,6,1998,1,17,3,1,3
201601KF60212,2,3,0,18,0,8,0,0,0,0,1,1,6,1,37,7,124,1,13,3,1,3
201601KF60215,1,9,0,18,0,8,0,0,0,0,3,1,6,2,31,6,1910,2,8,6,1,6
201601KF60215,2,21,1,11,0,8,0,0,0,0,4,1,1,1,-1,-1,12900,2,4,-1,-1,-1
201601KF60216,1,1,0,18,0,8,0,0,0,0,1,1,6,1,35,6,-1,-1,-1,-1,-1,-1
201601KF60216,2,9,0,10,0,8,0,0,0,0,2,1,6,1,48,8,1560,2,4,-1,-1,-1
201601KF60217,1,8,0,9,0,8,0,0,0,0,4,1,6,1,44,7,2499,2,8,4,1,4
201601KF60217,2,9,0,18,0,8,0,0,1,0,1,1,6,1,-1,-1,1599,1,12,-1,-1,-1
201601KF60218,1,3,0,18,0,8,0,0,0,0,1,1,2,1,23,5,124,1,3,-1,-1,-1
201601KF60218,2,9,0,9,0,8,0,0,1,0,4,1,6,1,-1,-1,-1,-1,-1,-1,-1,-1
201601KF60219,1,9,0,18,0,8,0,0,0,0,1,1,2,1,28,6,2497,2,14,3,1,3
201601KF60219,2,9,0,9,0,7,0,0,1,0,3,1,6,1,-1,-1,3301,1,12,-1,-1,-1
201601KF60220,1,19,0,18,0,8,0,0,0,0,3,1,1,1,36,7,2198,2,1,4,1,4
201601KF60220,2,1,0,18,0,8,0,0,0,0,1,1,6,1,12,3,-1,-1,-1,1,1,1
201601KF60221,1,9,0,18,0,1,0,0,0,0,4,1,1,1,50,8,-1,-1,-1,3,1,3
201601KF60222,1,9,0,1,0,2,0,0,0,0,2,1,6,1,24,5,-1,-1,-1,3,1,3
201601KF60222,2,8,0,9,0,2,0,0,0,0,3,1,1,1,37,7,2987,2,-1,2,1,2
201601KF60223,1,9,0,4,0,2,0,0,0,0,1,1,6,1,27,6,1199,1,13,3,1,3
201601KF60224,1,9,0,4,0,1,0,0,0,0,2,1,6,1,62,9,1968,2,3,-1,-1,-1
201601KF60224,2,9,0,18,0,1,0,0,0,0,1,1,6,1,23,5,1388,1,12,2,1,2
201601KF60225,1,9,0,3,0,1,0,0,0,0,2,1,6,2,36,7,2521,1,10,3,1,3
201601KF60225,2,9,0,18,0,1,0,0,0,0,1,1,6,3,-1,-1,-1,-1,-1,-1,-1,-1
201601KF60226,1,9,0,18,0,1,0,0,0,0,2,1,6,1,31,6,1360,1,13,3,1,3
201601KF60226,2,9,0,18,0,1,0,0,0,0,1,1,6,3,-1,-1,1390,1,15,-1,-1,-1
201601KF60227,1,9,0,18,0,8,0,0,0,0,4,1,2,1,30,6,2231,2,8,4,1,4
201601KF60227,2,19,0,18,0,8,0,0,0,0,1,1,1,1,-1,-1,1896,2,12,4,1,4
201601KF60228,1,9,0,4,0,0,0,0,0,0,2,1,6,1,71,10,1461,2,2,2,1,2
201601KF60228,2,9,0,18,0,0,0,0,0,0,1,1,6,3,-1,-1,1596,1,3,-1,-1,-1
201601KF60229,1,9,0,3,0,1,0,0,0,0,3,1,2,2,37,7,1390,1,9,6,1,6
201601KF60229,2,21,0,5,0,1,0,0,0,0,4,1,6,3,-1,-1,-1,-1,-1,-1,-1,-1
201601KF60230,1,9,0,2,0,2,0,0,0,0,4,1,6,1,36,7,1995,1,9,8,1,8
201601KF60230,2,9,0,2,0,2,0,0,0,0,3,1,6,2,31,6,1339,8,8,5,1,5
201601KF60230,3,9,0,1,0,8,0,4,0,0,4,1,6,1,38,7,1997,2,7,3,1,3
201601KF60230,4,19,0,9,0,8,0,0,0,0,3,1,1,1,37,7,-1,-1,-1,-1,-1,-1
201601KF60231,1,9,0,3,0,1,0,0,0,0,2,1,6,1,42,7,1339,8,6,-1,-1,-1
201601KF60231,2,9,0,18,0,1,0,0,0,0,1,1,6,2,-1,-1,-1,-1,-1,-1,-1,-1
201601KF60232,1,9,0,3,0,0,0,0,0,0,2,1,6,1,55,8,1598,2,2,2,1,2
201601KF60232,2,9,0,18,0,0,0,0,0,0,1,1,6,2,-1,-1,1299,1,14,-1,-1,-1
201601KF60233,1,9,0,3,0,1,0,0,0,0,1,1,6,1,48,8,1686,2,14,4,1,4
201601KF60233,2,9,0,1,0,1,0,0,0,0,2,1,6,1,-1,-1,3199,1,17,-1,-1,-1
201601KF60234,1,9,0,6,0,0,0,0,0,0,3,1,6,2,23,5,1598,1,1,2,1,2
201601KF60234,2,1,0,18,0,0,0,0,0,0,4,1,6,1,29,6,-1,-1,-1,3,1,3
201601KF60235,1,9,0,9,0,5,0,0,0,0,1,1,6,2,27,6,1598,1,15,-1,-1,-1
201601KF60236,1,1,0,18,4,1,0,0,0,0,3,1,2,1,29,6,-1,-1,-1,4,1,4
201601KF60236,2,9,0,7,0,5,0,0,0,0,4,1,6,1,-1,-1,3800,1,1,-1,-1,-1
201601KF60237,1,11,0,18,0,0,0,0,0,0,0,1,1,1,-1,-1,8268,2,12,-1,-1,-1
201601KF60238,1,9,0,18,0,2,0,4,0,0,1,1,6,1,18,4,1242,1,10,3,1,3
201601KF60238,2,9,0,2,0,2,0,0,0,0,2,1,6,1,-1,-1,1598,1,14,2,1,2
201601KF60239,1,9,0,17,0,8,0,0,0,0,3,1,6,1,33,6,1598,2,1,5,1,5
201601KF60239,2,9,0,11,0,8,0,0,0,0,4,1,6,1,-1,-1,1388,1,14,-1,-1,-1
201601KF60240,1,9,0,6,0,0,0,0,0,0,4,1,6,1,29,6,1998,1,-1,1,1,1
201601KF60240,2,4,0,18,0,0,0,0,0,0,1,1,2,1,45,7,599,1,14,3,1,3
201601KF60241,1,3,0,18,0,8,0,0,0,0,1,1,6,1,21,5,124,1,14,3,1,3
201601KF60241,2,9,0,9,0,8,0,0,0,0,3,1,6,1,30,6,3200,2,15,3,1,3
201601KF60242,1,9,0,7,0,8,0,0,0,0,4,1,6,2,51,8,1598,1,4,-1,1,-1
201601KF60242,2,1,0,15,4,8,0,0,0,0,1,1,6,2,23,5,-1,-1,-1,2,1,2
201601KF60243,1,9,0,18,0,2,0,0,0,0,3,1,6,1,48,8,1783,1,13,5,1,5
201601KF60244,1,9,0,18,0,0,0,0,0,0,4,1,6,2,-1,-1,-1,-1,-1,-1,-1,-1
201601KF60245,1,9,0,9,0,8,0,0,0,0,3,1,6,2,22,5,998,1,6,8,3,8
201601KF60245,2,4,0,13,0,8,0,0,0,0,4,1,6,1,22,5,-1,-1,-1,3,1,3
201601KF60246,1,11,0,18,0,2,0,0,0,0,0,1,1,1,39,7,9000,2,7,2,1,2
201601KF60247,1,9,0,9,0,2,0,0,0,0,1,1,6,1,35,6,1248,2,5,2,1,2
201601KF60248,1,1,0,18,0,1,0,0,0,0,2,1,2,2,28,6,-1,-1,-1,4,1,4
201601KF60248,2,9,0,18,0,1,0,0,0,0,1,1,6,2,-1,-1,-1,-1,-1,-1,-1,-1
201601KF60249,1,3,0,18,0,1,0,0,0,0,1,1,6,3,-1,-1,124,1,16,-1,-1,-1
201601KF60250,1,9,0,18,0,1,0,0,0,0,1,1,1,1,37,7,1798,8,4,8,1,8
201601KF60251,1,9,0,18,0,8,0,0,0,0,3,1,6,1,33,6,1598,1,6,6,1,6
201601KF60251,2,9,0,9,0,8,0,0,0,0,1,1,6,2,32,6,1587,1,9,3,1,3
201601KF60252,1,9,0,3,0,0,0,0,0,0,2,1,6,2,58,9,1390,1,5,6,1,6
201601KF60252,2,9,0,18,0,0,0,0,0,0,1,1,6,3,-1,-1,-1,-1,-1,-1,-1,-1
201601KF60253,1,9,0,18,9,0,0,10,1,2,4,1,6,1,29,6,2979,1,2,2,1,2
201601KF60254,1,9,0,3,0,0,0,0,0,0,2,1,1,1,61,9,2143,2,5,3,1,3
201601KF60254,2,9,0,18,0,0,0,0,0,0,1,1,6,1,77,11,1998,2,14,3,1,3
201601KF60255,1,9,0,18,0,0,0,0,0,0,1,1,6,1,26,6,-1,-1,-1,4,1,4
201601KF60258,1,9,0,18,0,8,0,0,0,0,1,1,6,1,27,6,1598,1,12,8,3,8
201601KF60258,2,9,0,18,0,8,0,0,0,0,3,1,6,3,-1,-1,-1,-1,-1,-1,-1,-1
201601KF60259,1,19,0,18,0,0,0,0,0,0,3,1,6,1,-1,-1,-1,-1,-1,-1,-1,-1
201601KF60260,1,9,0,4,0,0,0,0,0,0,2,1,6,2,21,5,1799,1,11,2,1,2
201601KF60260,2,9,0,18,0,0,0,0,0,0,1,1,6,1,-1,-1,1796,1,7,-1,-1,-1
201601KF60261,1,9,0,3,0,0,0,0,0,0,2,1,6,2,25,5,1198,1,4,2,1,2
201601KF60261,2,9,0,18,0,0,0,0,0,0,1,1,6,1,-1,-1,2497,1,11,-1,-1,-1
201601KF60262,1,9,0,18,0,0,0,0,0,0,1,1,1,1,31,6,1499,2,2,7,1,7
201601KF60262,2,9,0,3,0,0,0,0,0,0,2,1,6,2,44,7,1997,1,6,8,1,8
201601KF60262,3,9,0,3,0,0,0,0,0,0,2,1,6,1,27,6,1596,1,-1,5,1,5
201601KF60263,1,9,0,18,0,8,0,0,0,0,2,1,6,1,42,7,1248,2,4,2,1,2
201601KF60263,2,9,0,18,0,8,0,0,0,0,1,1,6,3,-1,-1,2143,2,3,-1,-1,-1
201601KF60264,1,9,0,17,0,8,1,11,1,0,1,1,6,1,28,6,2987,2,7,4,1,4
201601KF60265,1,9,0,18,0,8,0,0,0,0,2,1,6,1,49,8,1587,1,9,2,1,2
201601KF60265,2,9,0,18,0,8,0,0,0,0,1,1,6,2,31,6,1995,2,10,2,1,2
201601KF60267,1,1,0,9,0,8,0,0,0,0,2,1,6,1,31,6,-1,-1,-1,-1,-1,-1
201601KF60267,2,9,0,9,0,8,0,0,0,0,1,1,6,1,29,6,1968,2,11,6,1,6
201601KF60268,1,9,0,3,0,1,0,0,0,0,2,1,6,2,46,8,1149,1,3,7,3,7
201601KF60268,2,9,0,4,0,1,0,0,0,0,1,1,6,3,-1,-1,1956,2,5,-1,-1,-1
201601KF60272,1,9,0,18,9,0,1,10,1,2,1,1,6,1,22,5,1995,1,9,2,1,2
201601KF60273,1,9,0,3,0,8,0,0,0,0,2,1,6,1,41,7,1596,1,7,1,1,1
201601KF60273,2,19,0,18,0,8,0,0,0,0,1,1,6,1,-1,-1,1598,2,1,-1,-1,-1
201601KF60275,1,9,0,3,0,1,0,0,0,0,2,1,6,2,33,6,1149,1,15,5,1,5
201601KF60275,2,9,0,18,0,1,0,0,0,0,1,1,6,1,-1,-1,2926,2,12,-1,-1,-1
201601KF60276,1,19,0,2,0,0,0,0,0,0,2,1,1,1,33,6,2402,2,6,4,2,4
201601KF60276,2,9,0,2,0,0,0,4,0,0,2,1,6,2,23,5,998,1,8,5,1,5
201601KF60276,3,19,0,18,0,0,0,4,0,0,1,1,1,1,47,8,1998,2,14,3,1,3
201601KF60277,1,9,0,18,0,1,0,0,0,0,4,1,6,1,29,6,1242,1,10,3,1,3
201601KF60279,1,9,0,9,0,8,0,0,0,0,1,1,6,2,53,8,1240,1,11,4,1,4
201601KF60279,2,4,0,18,0,8,0,0,0,0,4,1,6,1,22,5,471,1,1,2,1,2
201601KF60280,1,9,0,18,0,0,0,0,0,0,4,1,2,2,32,6,1796,1,12,4,1,4
201601KF60280,2,9,0,5,0,0,0,0,0,0,3,1,6,1,-1,-1,1598,1,4,-1,-1,-1
201601KF60281,1,9,0,3,0,1,0,0,0,0,2,1,6,2,47,8,998,1,14,3,1,3
201601KF60281,2,9,0,18,0,1,0,0,0,0,1,1,6,1,-1,-1,1995,2,8,-1,-1,-1
201601KF60282,1,9,0,4,0,1,0,0,0,0,1,1,3,1,44,7,1388,1,10,3,1,3
201601KF60282,2,1,0,18,0,1,0,0,0,0,4,1,6,1,30,6,-1,-1,-1,5,1,5
201601KF60283,1,9,0,2,0,8,0,0,0,0,3,1,6,1,41,7,1590,1,11,3,1,3
201601KF60283,2,9,0,1,0,8,0,4,0,0,2,1,6,1,-1,-1,1896,2,9,-1,-1,-1
201601KF60285,1,9,0,18,0,1,0,0,0,0,1,1,6,3,-1,-1,-1,-1,-1,-1,-1,-1
201601KF60285,2,90,0,18,0,1,0,0,0,0,4,1,6,1,67,10,-1,-1,-1,2,1,2
201601KF60286,1,9,0,18,0,1,0,0,0,0,1,1,6,1,24,5,1242,1,11,-1,-1,-1
201601KF60286,2,9,0,8,0,1,0,0,0,0,2,1,6,2,50,8,999,1,1,-1,-1,-1
201601KF60287,1,5,0,18,0,8,0,0,0,0,1,1,1,1,24,5,749,1,8,3,1,3
201601KF60287,2,9,0,9,0,8,0,0,0,0,4,1,6,1,32,6,1799,1,10,3,1,3
201601KF60288,1,9,0,18,0,8,0,0,0,0,1,1,6,1,46,8,1598,1,7,3,1,3
201601KF60288,2,9,0,9,0,8,0,0,0,0,1,1,6,1,28,6,1360,1,11,3,1,3
201601KF60289,1,9,0,18,0,2,0,0,0,0,4,1,6,2,28,6,1598,1,14,2,1,2
201601KF60290,1,9,0,17,0,8,0,0,0,0,3,1,6,1,40,7,1596,1,12,7,1,7
201601KF60290,2,9,0,18,0,8,0,0,0,0,4,1,6,2,37,7,1596,1,1,2,1,2
201601KF60291,1,11,0,18,0,1,0,0,0,0,0,1,1,1,-1,-1,-1,-1,-1,-1,-1,-1
201601KF60292,1,8,0,18,0,0,0,0,0,0,2,1,1,1,42,7,1997,2,5,-1,-1,-1
201601KF60292,2,9,0,18,0,0,0,0,0,0,1,1,6,3,-1,-1,-1,-1,-1,-1,-1,-1
201601KF60293,1,3,0,5,0,8,0,0,0,0,4,1,1,1,17,4,108,1,1,2,1,2
201601KF60293,2,9,0,5,0,8,0,0,0,0,0,1,6,3,-1,-1,1969,2,-1,-1,-1,-1
201601KF60294,1,19,0,18,0,8,0,0,0,0,1,1,1,1,19,4,2143,2,1,5,1,5
201601KF60294,2,9,0,18,0,8,0,0,0,0,3,1,6,3,-1,-1,2143,2,3,-1,-1,-1
201601KF60296,1,1,0,18,0,8,0,0,0,0,3,1,6,1,30,6,-1,-1,-1,3,1,3
201601KF60296,2,9,0,9,0,8,0,0,0,0,1,1,6,1,45,7,-1,-1,-1,-1,-1,-1
201601KF60297,1,9,0,7,0,8,0,0,0,0,3,1,6,1,-1,-1,1596,1,15,-1,-1,-1
201601KF60297,2,9,0,7,0,8,0,0,0,0,3,1,6,1,34,6,998,1,3,5,1,5
201601KF60298,1,3,0,14,0,1,0,0,0,0,1,1,6,3,-1,-1,-1,-1,-1,-1,-1,-1
201601KF60299,1,9,0,3,0,0,0,0,0,0,2,1,6,2,44,7,1769,1,11,2,1,2
201601KF60299,2,9,0,4,0,0,1,0,0,0,1,1,6,1,-1,-1,1997,2,7,4,1,4
201601KF60299,3,9,0,3,0,0,0,0,0,0,2,1,6,3,-1,-1,-1,-1,-1,-1,-1,-1
201601KF60300,1,9,0,18,0,0,0,0,0,0,1,1,6,1,23,5,-1,-1,-1,-1,-1,-1
201601KF60301,1,9,0,5,0,1,0,0,0,0,1,1,6,1,28,6,1242,1,10,4,1,4
201601KF60302,1,9,0,2,0,2,0,0,0,0,2,1,6,1,27,6,1389,1,15,2,1,2
201601KF60302,2,9,0,1,0,2,0,0,0,0,2,1,6,3,-1,-1,1396,1,18,-1,-1,-1
201601KF60303,1,9,0,18,0,2,0,0,0,0,1,1,3,2,37,7,1339,1,10,4,1,4
201601KF60304,1,9,0,18,0,1,0,0,0,0,4,1,6,1,52,8,1598,1,10,4,1,4
201601KF60305,1,9,0,18,0,8,0,0,0,0,3,1,6,1,25,5,2143,2,3,2,1,2
201601KF60305,2,9,0,18,0,8,0,0,0,0,4,1,6,2,31,6,1596,1,10,3,1,3
201601KF60306,1,9,0,4,0,1,0,0,0,0,2,1,6,2,39,7,998,1,13,4,1,4
201601KF60306,2,9,0,18,0,1,0,0,0,0,1,1,6,1,17,4,2254,1,17,4,1,4
201601KF60307,1,9,0,18,0,8,0,0,0,0,1,1,6,2,44,7,2967,1,15,2,1,2
201601KF60307,2,1,0,18,0,8,0,0,0,0,3,1,6,1,29,6,-1,-1,-1,2,1,2
201601KF60308,1,9,0,3,0,1,0,0,0,0,2,1,6,2,42,7,1685,2,2,4,1,4
201601KF60308,2,8,0,18,0,1,0,0,0,0,1,1,6,1,36,7,1956,2,5,1,1,1
201601KF60309,1,9,0,8,0,1,0,0,0,0,2,1,6,2,30,6,2143,2,6,3,1,3
201601KF60309,2,9,0,18,0,1,0,0,0,0,1,1,6,3,-1,-1,2401,2,14,-1,-1,-1
201601KF60312,1,9,0,4,0,1,0,0,0,0,2,1,6,1,26,6,1998,1,-1,10,1,10
201601KF60312,2,9,0,18,0,1,0,0,0,0,1,1,6,1,-1,-1,1910,2,8,-1,-1,-1
201601KF60313,1,9,0,5,0,1,0,0,0,0,3,1,6,1,27,6,1686,2,5,4,1,4
201601KF60313,2,9,0,11,0,1,0,0,0,0,4,1,6,1,25,5,999,1,-1,2,1,2
201601KF60316,1,9,0,4,0,0,0,0,0,0,2,1,6,1,33,6,2993,2,9,4,1,4
201601KF60316,2,9,0,18,0,0,0,0,0,0,1,1,6,2,25,5,1598,1,5,-1,-1,-1
201601KF60316,3,9,0,4,0,0,0,0,0,0,2,1,6,1,49,8,1497,8,2,4,1,4
201601KF60316,4,19,0,18,0,0,0,0,0,0,1,1,1,1,58,9,2402,2,8,3,1,3
201601KF60318,1,9,0,4,0,1,0,0,0,0,1,1,2,2,22,5,1598,1,6,4,1,4
201601KF60319,1,8,0,9,0,8,0,0,0,0,3,1,1,1,72,10,2499,2,7,2,1,2
201601KF60319,2,1,0,18,2,8,0,0,0,0,3,1,2,1,28,6,-1,-1,-1,-1,-1,-1
201601KF60320,1,9,0,18,0,0,0,0,0,0,1,1,6,1,36,7,1997,2,5,3,1,3
201601KF60321,1,1,0,17,0,8,0,0,0,0,4,1,6,1,35,6,-1,-1,-1,4,1,4
201601KF60321,2,9,0,18,0,8,0,0,0,0,1,1,6,3,-1,-1,1339,1,7,-1,-1,-1
201601KF60322,1,3,0,18,0,8,0,0,0,0,1,1,6,1,20,4,107,1,7,3,1,3
201601KF60322,2,9,0,9,0,8,0,0,0,0,4,1,6,3,-1,-1,-1,-1,-1,-1,-1,-1
201601KF60323,1,8,0,3,0,1,0,0,0,0,2,1,6,1,41,7,1968,2,5,2,1,2
201601KF60323,2,9,0,3,0,1,0,0,0,0,2,1,6,1,54,8,-1,-1,-1,5,1,5
201601KF60323,3,9,0,18,0,1,0,0,0,0,1,1,6,1,29,6,-1,-1,-1,3,1,3
201601KF60324,1,9,0,6,0,0,0,0,0,0,0,1,6,1,26,6,1797,8,5,4,1,4
201601KF60324,2,4,0,18,0,0,1,0,0,0,1,1,6,1,20,4,124,1,4,3,1,3
201601KF60326,1,9,0,18,0,0,0,0,0,0,1,1,6,1,49,8,1998,1,12,2,1,2
201601KF60326,2,9,0,3,0,0,0,0,0,0,2,1,6,1,49,8,998,1,1,-1,-1,-1
201601KF60327,1,9,0,18,0,8,0,0,0,0,4,1,6,1,38,7,1360,1,9,4,1,4
201601KF60327,2,19,0,18,0,8,0,0,0,0,1,1,1,1,32,6,2148,2,11,3,1,3
201601KF60331,1,9,0,18,0,1,0,0,0,0,2,1,2,2,51,8,1597,1,18,4,1,4
201601KF60331,2,19,0,18,0,1,0,0,0,0,1,1,6,1,-1,-1,-1,-1,-1,-1,-1,-1
201601KF60332,1,9,0,9,0,2,0,10,2,2,1,1,6,2,21,5,1198,1,6,2,1,2
201601KF60333,1,9,0,7,0,1,0,0,0,0,4,1,6,1,30,6,1598,1,6,1,1,1
201601KF60333,2,3,0,15,0,1,0,0,0,0,1,1,6,1,37,7,125,1,6,3,1,3
201601KF60334,1,8,0,18,0,1,0,10,0,0,4,1,6,1,35,6,1797,8,6,1,1,1
201601KF60334,2,9,0,12,0,1,0,0,0,0,3,1,6,1,-1,-1,2171,1,13,4,1,4
201601KF60335,1,4,0,18,0,0,0,0,0,0,3,1,6,1,-1,-1,-1,-1,-1,-1,-1,-1
201601KF60336,1,9,0,11,0,0,0,0,0,0,4,1,1,1,41,7,1988,1,14,3,1,3
201601KF60336,2,5,0,18,0,0,0,0,0,0,3,1,6,1,51,8,-1,-1,-1,3,1,3