Accident_Index,Vehicle_Reference,Vehicle_Type,Towing_and_Articulation,Vehicle_Manoeuvre,Vehicle_Location-Restricted_Lane,Junction_Location,Skidding_and_Overturning,Hit_Object_in_Carriageway,Vehicle_Leaving_Carriageway,Hit_Object_off_Carriageway,1st_Point_of_Impact,Was_Vehicle_Left_Hand_Drive?,Journey_Purpose_of_Driver,Sex_of_Driver,Age_of_Driver,Age_Band_of_Driver,Engine_Capacity_(CC),Propulsion_Code,Age_of_Vehicle,Driver_IMD_Decile,Driver_Home_Area_Type,Vehicle_IMD_Decile
201601KF60337,1,9,0,18,0,7,5,10,0,0,4,1,6,2,25,5,1242,1,8,2,1,2
201601KF60339,1,9,0,4,0,1,0,0,0,0,2,1,6,1,37,7,1497,8,-1,9,1,9
201601KF60339,2,9,0,18,0,1,0,0,0,0,1,1,6,1,51,8,-1,-1,-1,3,1,3
201601KF60342,1,9,0,13,0,0,0,0,0,0,4,1,2,1,26,6,1390,1,11,10,1,10
201601KF60342,2,8,0,6,0,0,0,0,0,0,3,1,1,1,41,7,1798,8,1,1,1,1
201601KF60343,1,9,0,18,0,0,0,0,0,0,1,1,6,1,30,6,1061,1,11,2,1,2
201601KF60343,2,1,0,18,0,0,0,0,0,0,3,1,6,1,17,4,-1,-1,-1,2,1,2
201601KF60344,1,9,0,3,0,1,0,0,0,0,2,1,6,1,33,6,2148,2,12,3,1,3
201601KF60344,2,9,0,18,0,1,0,0,0,0,1,1,6,2,49,8,1794,1,11,5,1,5
201601KF60345,1,9,0,4,0,8,0,0,0,0,1,1,6,2,50,8,-1,-1,-1,5,1,5
201601KF60345,2,9,0,9,0,8,0,0,0,0,4,1,6,3,-1,-1,1598,1,10,-1,-1,-1
201601KF60346,1,9,0,17,0,1,1,4,0,0,1,1,1,1,35,6,1910,2,11,4,1,4
201601KF60346,2,9,0,2,0,1,0,4,0,0,1,1,6,1,36,7,1900,2,11,-1,-1,-1
201601KF60346,3,9,0,2,0,1,0,0,0,0,1,1,6,1,-1,-1,1948,1,15,-1,-1,-1
201601KF60346,4,9,0,2,0,1,0,0,0,0,1,1,6,1,39,7,1968,2,5,-1,-1,-1
201601KF60347,1,9,0,5,0,0,0,0,0,0,1,1,6,3,-1,-1,-1,-1,-1,-1,-1,-1
201601KF60348,1,9,0,18,9,0,0,10,7,10,1,1,6,1,67,10,1560,2,3,-1,-1,-1
201601KF60349,1,9,0,18,0,1,0,4,0,0,1,1,6,1,20,4,1910,2,9,2,1,2
201601KF60349,2,9,0,2,0,1,0,0,0,0,3,1,6,2,-1,-1,1388,1,14,3,1,3
201601KF60349,3,9,0,2,0,1,0,0,0,0,2,1,6,1,-1,-1,1461,2,2,3,1,3
201601KF60350,1,11,0,18,0,8,0,0,0,0,3,1,1,1,31,6,8268,2,13,4,1,4
201601KF60350,2,19,0,7,0,8,0,0,0,0,1,1,6,3,-1,-1,1560,2,5,-1,-1,-1
201601KF60351,1,9,0,18,0,8,0,0,0,0,3,1,6,1,26,6,1560,2,3,2,1,2
201601KF60351,2,9,0,18,0,8,0,0,0,0,1,1,6,3,-1,-1,-1,-1,-1,-1,-1,-1
201601KF60352,1,9,0,9,0,8,0,10,7,1,1,1,2,2,42,7,1598,1,8,2,1,2
201601KF60352,2,9,0,18,0,8,0,4,0,0,3,1,2,2,46,8,1299,1,15,2,1,2
201601KF60352,3,9,0,2,0,8,0,0,0,0,3,1,6,3,-1,-1,998,1,10,-1,-1,-1
201601KF60353,1,9,0,9,0,2,0,0,0,0,1,1,6,2,36,7,1248,1,2,6,1,6
201601KF60354,1,9,0,18,0,8,0,0,0,0,1,1,6,1,53,8,1998,1,12,6,2,6
201601KF60354,2,9,0,9,0,8,0,0,0,0,1,1,6,1,35,6,1499,2,-1,3,1,3
201601KF60355,1,9,0,4,0,0,0,0,0,0,1,1,6,1,53,8,-1,-1,-1,1,1,1
201601KF60355,2,19,0,18,0,0,0,0,0,0,1,1,6,1,-1,-1,-1,-1,-1,-1,-1,-1
201601KF60356,1,9,0,3,0,0,0,0,0,0,2,1,6,1,31,6,1242,1,6,3,1,3
201601KF60356,2,9,0,3,0,0,0,0,0,0,2,1,6,1,55,8,1497,8,8,3,1,3
201601KF60356,3,9,0,18,0,0,0,0,0,0,1,1,6,1,20,4,-1,-1,-1,6,1,6
201601KF60357,1,9,0,9,0,8,0,0,0,0,3,1,6,2,39,7,1995,2,4,8,1,8
201601KF60357,2,9,0,18,0,8,0,0,0,0,1,1,6,3,-1,-1,-1,-1,-1,-1,-1,-1
201601KF60358,1,9,0,12,0,0,0,0,0,0,3,1,6,2,24,5,1968,2,11,3,1,3
201601KF60358,2,21,0,11,0,0,0,0,0,0,4,1,1,1,53,8,10837,2,2,9,2,9
201601KF60359,1,9,0,18,0,0,0,0,0,0,4,1,6,1,-1,-1,-1,-1,-1,-1,-1,-1
201601KF60360,1,9,0,18,0,0,0,0,0,0,4,1,6,1,45,7,1968,2,1,2,1,2
201601KF60361,1,9,0,18,0,0,0,4,1,0,1,1,6,1,26,6,2143,2,6,3,1,3
201601KF60361,2,19,0,2,0,0,0,0,6,0,3,1,6,3,-1,-1,2179,2,12,-1,-1,-1
201601KF60362,1,9,0,12,0,0,0,0,0,0,4,1,6,2,52,8,3996,1,15,4,1,4
201601KF60362,2,9,0,18,0,0,0,0,0,0,3,1,6,3,-1,-1,-1,-1,-1,-1,-1,-1
201601KF60363,1,9,0,3,0,0,0,0,0,0,2,1,6,1,26,6,1896,2,16,3,1,3
201601KF60363,2,9,0,17,0,0,0,0,0,0,1,1,6,1,-1,-1,1796,1,12,-1,-1,-1
201601KF60364,1,9,0,1,0,1,0,0,0,0,2,1,6,1,35,6,1798,8,-1,-1,-1,-1
201601KF60365,1,9,0,18,0,8,0,0,0,0,1,1,6,2,32,6,1560,2,5,3,1,3
201601KF60365,2,9,0,9,0,8,0,0,0,0,4,1,6,2,41,7,-1,-1,-1,4,1,4
201601KF60366,1,9,0,18,0,0,0,0,0,0,4,1,6,1,42,7,1595,1,14,2,1,2
201601KF60367,1,9,0,5,0,8,0,0,0,0,1,1,6,1,25,5,-1,-1,-1,6,1,6
201601KF60367,2,9,0,9,0,8,0,0,0,0,4,1,6,1,22,5,1968,2,5,2,1,2
201601KF60368,1,1,0,18,0,1,0,0,0,0,3,1,2,1,50,8,-1,-1,-1,4,1,4
201601KF60368,2,9,0,7,0,5,0,0,0,0,4,1,6,3,-1,-1,1796,1,17,-1,-1,-1
201601KF60369,1,9,0,18,0,8,0,0,0,0,4,1,6,1,55,8,998,1,4,5,1,5
201601KF60369,2,9,0,9,0,8,0,0,0,0,1,1,6,1,-1,-1,1397,1,13,-1,-1,-1
201601KF60370,1,9,0,3,0,2,0,0,0,0,3,1,6,1,29,6,1598,1,10,3,1,3
201601KF60370,2,9,0,18,0,1,0,0,0,0,3,1,6,2,-1,-1,998,1,14,-1,-1,-1
201601KF60371,1,90,0,18,0,0,0,0,0,0,2,1,1,1,63,9,-1,3,-1,4,1,4
201601KF60371,2,9,0,18,0,0,0,0,0,0,1,1,6,1,19,4,2720,2,9,2,1,2
201601KF60372,1,1,0,18,0,8,0,0,0,0,1,1,2,1,33,6,-1,-1,-1,2,1,2
201601KF60372,2,9,0,9,0,8,0,0,0,0,4,1,6,3,-1,-1,-1,-1,-1,-1,-1,-1
201601KF60374,1,9,0,10,0,8,0,0,0,0,2,1,2,1,23,5,1560,2,2,1,1,1
201601KF60374,2,21,0,18,0,8,0,0,0,0,1,1,1,1,-1,-1,-1,-1,-1,-1,-1,-1
201601KF60375,1,9,0,7,0,2,0,0,0,0,1,1,6,1,36,7,1998,2,12,4,1,4
201601KF60376,1,11,0,18,0,8,0,0,0,0,4,1,1,1,48,8,4250,2,7,4,1,4
201601KF60376,2,9,0,18,0,8,0,0,0,0,1,1,6,1,27,6,1956,2,2,2,1,2
201601KF60377,1,9,0,4,0,1,0,0,0,0,2,1,6,1,42,7,1968,2,2,2,1,2
201601KF60377,2,19,0,18,0,1,0,0,0,0,1,1,1,1,37,7,2151,2,12,4,1,4
201601KF60378,1,9,0,9,0,8,0,0,0,0,1,1,6,1,-1,-1,1596,1,9,3,1,3
201601KF60378,2,9,0,18,0,8,0,0,0,0,3,1,6,2,24,5,1242,1,1,1,1,1
201601KF60379,1,9,0,18,0,1,0,0,0,0,4,1,6,1,23,5,1560,2,2,-1,-1,-1
201601KF60380,1,19,0,18,0,0,0,0,0,0,4,1,6,2,37,7,2198,2,6,-1,-1,-1
201601KF60380,2,9,0,12,0,0,0,0,0,0,3,1,6,1,-1,-1,-1,-1,-1,-1,-1,-1
201601KF60381,1,9,0,18,0,8,0,0,0,0,1,1,6,1,32,6,1584,1,11,2,1,2
201601KF60381,2,9,0,9,0,8,0,0,0,0,1,1,6,1,39,7,2995,1,11,-1,-1,-1
201601KF60382,1,19,0,13,0,0,0,0,0,0,4,1,6,1,-1,-1,-1,-1,-1,-1,-1,-1
201601KF60382,2,1,0,18,0,0,0,0,0,0,3,1,6,1,6,2,-1,-1,-1,1,1,1
201601KF60383,1,9,0,18,0,0,0,0,0,0,1,1,6,1,38,7,1968,2,9,2,1,2
201601KF60383,2,9,0,4,0,0,0,0,0,0,2,1,6,1,42,7,1997,2,7,5,1,5
201601KF60384,1,1,0,3,0,1,0,0,0,0,2,1,6,1,49,8,-1,-1,-1,3,1,3
201601KF60384,2,9,0,4,0,1,0,0,0,0,1,1,6,1,-1,-1,1796,1,13,-1,-1,-1
201601KF60385,1,3,0,18,0,8,0,0,0,0,1,1,6,1,26,6,-1,-1,-1,3,1,3
201601KF60385,2,9,0,9,0,8,0,0,0,0,4,1,6,1,-1,-1,1299,1,15,7,2,7
201601KF60387,1,19,0,5,0,1,0,0,0,0,1,1,6,1,37,7,1870,2,11,1,1,1
201601KF60387,2,9,0,4,0,1,0,0,0,0,2,1,6,1,48,8,1686,2,5,2,1,2
201601KF60388,1,8,0,4,0,0,0,0,0,0,2,1,6,1,54,8,1686,2,5,5,1,5
201601KF60388,2,9,0,18,0,0,0,0,0,0,1,1,6,1,-1,-1,-1,-1,-1,-1,-1,-1
201601KF60389,1,5,0,15,0,1,0,0,0,0,3,1,2,1,33,6,689,1,-1,2,1,2
201601KF60389,2,19,0,3,0,1,0,0,0,0,4,1,1,1,44,7,1598,1,2,1,1,1
201601KF60390,1,9,0,18,0,8,0,0,0,0,1,1,6,2,26,6,-1,-1,-1,3,1,3
201601KF60390,2,9,0,9,0,8,0,0,0,0,3,1,6,2,22,5,-1,-1,-1,3,1,3
201601KF60391,1,1,0,18,0,1,0,0,0,0,2,1,6,1,20,4,-1,-1,-1,2,1,2
201601KF60391,2,9,0,18,0,1,0,0,0,0,1,1,6,3,-1,-1,-1,-1,-1,-1,-1,-1
201601KF60392,1,9,0,1,0,0,0,0,0,0,3,1,6,1,25,5,-1,-1,-1,-1,-1,-1
201601KF60393,1,9,0,18,0,0,0,0,0,0,2,1,6,1,53,8,2987,2,2,7,1,7
201601KF60393,2,9,0,18,0,0,0,0,0,0,2,1,6,2,28,6,1242,1,9,4,1,4
201601KF60393,3,9,0,18,0,0,0,0,0,0,1,1,6,1,23,5,-1,-1,-1,6,1,6
201601KF60394,1,3,0,11,0,1,0,0,0,0,4,1,6,2,28,6,125,1,2,2,1,2
201601KF60394,2,9,0,18,0,1,0,0,0,0,3,1,2,1,44,7,1248,1,4,1,1,1
201601KF60397,1,9,0,6,0,0,0,0,0,0,1,1,1,1,52,8,1797,8,4,-1,-1,-1
201601KF60397,2,3,0,18,0,0,0,0,0,0,3,1,6,1,20,4,124,1,12,2,1,2
201601KF60398,1,1,0,14,0,8,0,0,0,0,4,1,6,1,62,9,-1,-1,-1,8,1,8
201601KF60398,2,9,0,5,0,8,0,0,0,0,1,1,6,3,-1,-1,-1,-1,-1,-1,-1,-1
201601KF60399,1,9,0,18,0,8,0,0,0,0,1,1,6,1,70,10,1598,1,12,5,1,5
201601KF60400,1,9,0,9,0,0,0,0,0,0,1,1,6,1,30,6,1596,1,11,2,1,2
201601KF60400,2,3,0,15,0,0,0,0,0,0,1,1,6,1,18,4,125,1,2,3,1,3
201601KF60401,1,9,0,9,0,2,0,0,0,0,1,1,6,1,-1,-1,-1,-1,-1,-1,-1,-1
201601KF60403,1,9,0,1,0,0,5,0,0,0,2,1,6,1,21,5,1596,1,4,1,1,1
201601KF60403,2,9,0,2,0,0,0,0,0,0,3,1,6,1,68,10,1870,2,10,5,1,5
201601KF60404,1,9,0,18,0,2,0,0,0,0,4,1,6,1,19,4,999,1,2,4,1,4
201601KF60406,1,9,0,5,0,1,0,0,0,0,1,1,6,3,-1,-1,2688,2,14,-1,-1,-1
201601KF60407,1,3,0,18,0,0,0,0,0,0,2,1,6,1,23,5,125,1,12,1,1,1
201601KF60407,2,9,0,18,0,0,0,0,0,0,1,1,6,1,-1,-1,1598,1,4,-1,-1,-1
201601KF60408,1,11,0,18,0,2,0,0,0,0,4,1,1,1,63,9,6700,2,6,4,1,4
201601KF60409,1,9,0,5,0,2,0,0,0,0,1,1,6,1,21,5,1798,1,8,2,1,2
201601KF60409,2,9,0,11,0,2,0,0,0,0,2,1,6,1,20,4,1242,1,16,3,1,3
201601KF60410,1,9,0,18,0,1,0,0,0,0,0,1,1,1,27,6,-1,-1,-1,3,1,3
201601KF60411,1,9,0,18,0,2,0,0,1,4,1,1,6,1,19,4,2143,2,2,-1,-1,-1
201601KF60412,1,9,0,18,0,2,0,0,0,0,4,1,6,1,41,7,1910,2,9,3,1,3
201601KF60412,2,9,0,5,0,2,0,0,0,0,3,1,6,3,-1,-1,-1,-1,-1,-1,-1,-1
201601KF60413,1,9,0,18,0,0,0,0,0,0,1,1,6,2,25,5,2967,2,2,3,1,3
201601KF60413,2,9,0,18,0,0,0,0,0,0,1,1,1,1,46,8,1598,1,5,-1,-1,-1
201601KF60413,3,9,0,4,0,0,0,0,0,0,2,1,6,1,21,5,2497,2,14,6,1,6
201601KF60414,1,19,0,5,0,8,0,0,0,0,4,1,2,1,43,7,1753,2,9,2,1,2
201601KF60414,2,1,0,18,0,8,0,0,0,0,1,1,6,1,27,6,-1,-1,-1,2,1,2
201601KF60415,1,9,0,9,0,8,0,0,0,0,3,1,6,1,42,7,2993,2,8,5,1,5
201601KF60415,2,9,0,18,0,8,0,0,0,0,1,1,6,1,55,8,2148,2,10,2,1,2
201601KF60416,1,11,0,7,0,8,0,0,0,0,0,1,1,1,50,8,8268,2,13,8,1,8
201601KF60417,1,9,0,18,2,2,0,0,0,0,1,1,6,1,27,6,1596,1,12,2,1,2
201601KF60419,1,9,0,18,0,0,0,10,2,2,1,1,6,1,23,5,1499,2,-1,-1,-1,-1
201601KF60421,1,3,0,18,0,1,1,0,0,0,2,1,6,1,26,6,-1,-1,-1,2,1,2
201601KF60421,2,9,0,15,0,1,0,0,7,10,3,1,6,1,35,6,2000,2,6,2,1,2
201601KF60421,3,9,0,18,0,1,0,0,0,0,4,1,6,2,22,5,1560,2,-1,3,1,3
201601KF60422,1,9,0,18,0,1,0,0,0,0,2,1,6,1,45,7,1796,1,9,3,1,3
201601KF60422,2,1,0,18,0,1,0,0,0,0,2,1,6,1,36,7,-1,-1,-1,4,1,4
201601KF60425,1,9,0,1,0,0,0,0,0,0,2,1,6,1,-1,-1,-1,-1,-1,-1,-1,-1
201601KF60427,1,9,0,18,0,2,0,7,0,0,1,1,6,1,25,5,-1,-1,-1,3,1,3
201601KF60427,2,9,0,5,0,2,0,0,0,0,0,1,6,3,-1,-1,-1,-1,-1,-1,-1,-1
201601KF60428,1,19,0,4,0,0,0,0,0,0,2,1,6,1,22,5,2287,2,-1,6,1,6
201601KF60428,2,19,0,18,0,0,0,0,0,0,1,1,6,1,25,5,-1,-1,-1,1,1,1
201601KF60429,1,9,0,18,0,0,0,0,0,0,4,1,6,1,28,6,2979,1,2,3,1,3
201601KF60429,2,20,0,12,0,0,0,0,0,0,3,1,1,1,53,8,-1,-1,-1,-1,-1,-1
201601KF60431,1,9,0,18,0,1,0,0,0,0,2,1,6,1,39,7,1686,2,5,5,1,5
201601KF60431,2,19,0,18,0,1,0,0,0,0,2,1,6,1,-1,-1,2402,2,14,3,1,3
201601KF60431,3,11,0,18,0,1,0,0,0,0,1,1,1,1,46,8,7300,2,14,1,1,1
201601KF60432,1,9,0,18,0,8,0,0,0,0,3,1,1,1,37,7,1968,2,1,3,1,3
201601KF60432,2,9,0,9,0,8,0,0,0,0,4,1,2,2,45,7,-1,-1,-1,4,1,4
201601KF60433,1,1,0,18,0,1,0,0,0,0,4,1,6,1,20,4,-1,-1,-1,1,1,1
201601KF60433,2,9,0,18,0,1,0,0,0,0,1,1,6,3,-1,-1,-1,-1,-1,-1,-1,-1
201601KF60434,1,9,0,10,0,1,0,0,0,0,4,1,6,1,49,8,1968,2,3,9,1,9
201601KF60434,2,9,0,12,0,1,0,0,0,0,3,1,6,1,20,4,2979,1,11,-1,-1,-1
201601KF60435,1,19,0,16,0,8,0,0,0,0,1,1,6,1,46,8,2198,2,1,2,1,2
201601KF60435,2,9,0,9,0,8,0,0,0,0,4,1,6,1,-1,-1,1124,1,16,-1,-1,-1
201601KF60436,1,9,0,18,0,1,0,9,3,0,1,1,6,3,-1,-1,1995,2,11,-1,-1,-1
201601KF60436,2,9,0,18,0,1,0,0,0,0,2,1,6,2,24,5,1229,1,10,4,1,4
201601KF60437,1,3,0,4,0,1,0,0,0,0,2,1,1,1,41,7,125,1,2,3,1,3
201601KF60437,2,9,0,18,0,1,0,0,0,0,1,1,6,2,44,7,2204,2,9,3,1,3
201601KF60438,1,9,0,3,0,1,0,0,0,0,3,1,6,2,40,7,1997,1,14,3,1,3
201601KF60438,2,90,0,7,0,8,0,0,0,0,4,1,1,1,-1,-1,-1,-1,-1,-1,-1,-1
201601KF60439,1,9,0,3,0,8,0,0,0,0,4,1,6,1,48,8,1998,1,12,2,1,2
201601KF60439,2,3,0,18,0,8,0,0,0,0,1,1,6,1,21,5,124,1,2,4,1,4
201601KF60440,1,3,0,18,0,8,0,0,0,0,1,1,6,1,22,5,125,1,4,2,1,2
201601KF60440,2,9,0,9,0,8,0,0,0,0,4,1,6,3,-1,-1,1598,1,3,-1,-1,-1
201601KF60441,1,9,0,2,0,8,0,0,0,0,3,1,6,1,21,5,1600,1,12,4,1,4
201601KF60441,2,9,0,9,0,8,0,0,0,0,1,1,6,3,-1,-1,2000,1,12,-1,-1,-1
201601KF60442,1,9,0,3,0,1,0,0,0,0,3,1,6,2,45,7,1896,2,11,3,1,3
201601KF60442,2,9,0,18,0,2,0,0,0,0,4,1,6,1,-1,-1,1910,2,11,-1,-1,-1
201601KF60443,1,11,0,18,0,1,0,0,0,0,0,1,1,1,54,8,-1,-1,-1,3,1,3
201601KF60444,1,9,0,18,0,0,0,0,0,0,4,1,6,1,22,5,2143,2,4,9,1,9
201601KF60445,1,9,0,18,0,2,0,0,0,0,3,1,6,1,53,8,1396,1,3,9,1,9
201601KF60445,2,9,0,5,0,2,0,0,0,0,1,1,6,2,-1,-1,2499,1,10,-1,-1,-1
201601KF60446,1,3,0,18,0,8,0,0,0,0,4,1,6,1,22,5,124,1,1,2,1,2
201601KF60446,2,9,0,9,0,8,0,0,0,0,1,1,6,1,31,6,1896,2,9,5,1,5
201601KF60447,1,9,0,14,0,1,0,0,0,0,1,1,1,1,23,5,1995,2,11,2,1,2
201601KF60448,1,9,0,18,0,8,0,0,0,0,4,1,6,1,39,7,1399,2,7,1,1,1
201601KF60448,2,9,0,9,0,8,0,0,0,0,3,1,6,2,45,7,4398,1,15,3,1,3
201601KF60449,1,3,0,18,0,8,0,0,0,0,1,1,6,1,24,5,125,1,4,6,1,6
201601KF60449,2,9,0,9,0,8,0,0,0,0,3,1,6,3,-1,-1,2354,1,13,-1,-1,-1
201601KF60450,1,11,0,5,0,2,0,0,0,0,0,1,1,1,40,7,6700,2,4,-1,-1,-1
201601KF60451,1,9,0,4,0,1,0,0,0,0,2,1,6,2,24,5,1461,2,2,6,1,6
201601KF60451,2,9,0,18,0,1,0,0,0,0,1,1,6,2,29,6,1360,1,6,10,1,10
201601KF60453,1,8,0,3,0,0,0,0,0,0,1,1,1,1,56,9,2499,2,4,5,1,5
201601KF60453,2,11,0,9,0,0,0,0,0,0,3,1,1,1,23,5,9000,2,7,3,1,3
201601KF60454,1,9,0,5,0,1,0,0,0,0,1,1,6,1,30,6,1796,1,5,1,1,1
201601KF60454,2,9,0,5,0,1,0,0,0,0,2,1,6,1,38,7,-1,-1,-1,3,1,3
201601KF60455,1,9,0,7,0,1,0,0,0,0,2,1,6,1,27,6,1997,2,8,3,1,3
201601KF60455,2,9,0,18,0,1,0,0,0,0,1,1,6,2,58,9,1598,1,1,5,1,5
201601KF60456,1,11,0,7,0,8,0,0,0,0,4,1,1,1,38,7,6700,2,5,5,1,5
201601KF60456,2,3,0,15,0,8,0,0,1,0,3,1,1,1,20,4,124,1,3,3,1,3
201601KF60459,1,9,0,3,0,2,0,0,0,0,2,1,6,2,34,6,1598,1,3,2,1,2
201601KF60459,2,9,0,9,0,2,0,0,0,0,1,1,6,1,-1,-1,1796,1,13,-1,-1,-1
201601KF60460,1,3,0,14,0,1,0,0,0,0,1,1,6,2,54,8,125,1,9,1,1,1
201601KF60460,2,9,0,5,0,1,0,0,0,0,3,1,6,3,-1,-1,-1,-1,-1,-1,-1,-1
201601KF60461,1,9,0,9,0,8,0,0,0,0,4,1,1,1,31,6,2143,2,1,4,1,4
201601KF60461,2,8,0,18,0,8,0,0,0,0,1,1,1,1,46,8,1197,1,5,2,1,2
201601KF60462,1,9,0,12,0,1,0,0,0,0,2,1,6,2,26,6,1390,1,13,3,1,3
201601KF60462,2,9,0,11,0,1,0,0,0,0,1,1,6,1,24,5,1796,1,26,4,1,4
201601KF60463,1,9,0,18,0,0,0,0,4,0,3,1,6,2,23,5,1240,1,6,3,1,3
201601KF60463,2,9,0,18,0,0,0,0,0,0,4,1,1,1,45,7,-1,-1,-1,4,1,4
201601KF60464,1,19,0,3,0,0,0,0,0,0,3,1,6,1,54,8,1870,2,14,-1,-1,-1
201601KF60464,2,9,0,11,0,0,0,0,0,0,4,1,6,1,-1,-1,-1,-1,-1,-1,-1,-1
201601KF60465,1,9,0,18,0,8,0,0,0,0,3,1,6,2,59,9,1796,1,9,8,1,8
201601KF60465,2,9,0,9,0,8,0,0,0,0,1,1,6,1,25,5,1797,8,6,4,1,4
201601KF60466,1,9,0,3,0,0,0,0,0,0,2,1,6,1,45,7,1997,2,5,6,1,6
201601KF60466,2,9,0,18,0,0,0,0,0,0,1,1,6,1,-1,-1,-1,-1,-1,-1,-1,-1
201601KF60467,1,9,0,3,0,8,0,0,0,0,2,1,6,1,40,7,998,1,9,2,1,2
201601KF60467,2,9,0,18,0,8,0,0,0,0,1,1,6,2,-1,-1,-1,-1,-1,-1,-1,-1
201601KF60468,1,9,0,2,0,8,0,0,0,0,3,1,6,1,44,7,1560,2,2,3,1,3
201601KF60468,2,9,0,9,0,8,0,4,0,0,1,1,6,3,-1,-1,1896,2,12,-1,-1,-1
201601KF60469,1,9,0,18,0,2,0,0,0,0,1,1,6,2,25,5,1229,1,6,3,1,3
201601KF60469,2,9,0,18,0,1,1,0,0,0,1,1,6,1,25,5,2987,2,8,3,1,3
201601KF60470,1,8,0,18,0,1,0,0,0,0,2,1,6,1,44,7,1896,2,7,2,1,2
201601KF60470,2,9,0,18,0,1,0,0,0,0,1,1,6,1,-1,-1,2946,1,13,-1,-1,-1
201601KF60471,1,9,0,2,0,0,0,0,0,0,2,1,6,1,65,9,2993,2,11,7,1,7
201601KF60471,2,9,0,18,0,0,0,4,0,0,1,1,6,1,-1,-1,1390,1,4,-1,-1,-1
201601KF60472,1,9,0,18,0,0,0,0,0,0,2,1,2,1,58,9,-1,-1,-1,2,1,2
201601KF60472,2,9,0,18,0,0,0,0,0,0,1,1,2,1,19,4,1242,1,5,9,1,9
201601KF60473,1,8,0,18,0,1,0,0,0,0,3,1,1,1,30,6,1797,8,4,1,1,1
201601KF60473,2,9,0,1,0,1,0,0,0,0,2,1,6,2,29,6,1612,1,5,5,1,5
201601KF60474,1,9,0,16,0,1,0,0,0,0,1,1,6,1,20,4,1598,1,11,2,1,2
201601KF60475,1,9,0,18,0,8,0,0,0,0,1,1,1,1,37,7,1997,2,7,4,1,4
201601KF60475,2,9,0,9,0,8,0,0,0,0,4,1,6,2,27,6,2967,2,5,4,1,4
201601KF60476,1,9,0,18,0,2,0,0,0,0,3,1,3,2,32,6,1461,2,12,3,1,3
201601KF60477,1,9,0,3,0,2,0,0,0,0,3,1,6,2,26,6,1242,1,2,3,1,3
201601KF60479,1,9,0,4,0,1,0,0,0,0,2,1,6,2,42,7,2148,2,10,3,1,3
201601KF60479,2,9,0,18,0,1,0,0,0,0,1,1,6,1,26,6,-1,-1,-1,-1,-1,-1
201601KF60481,1,1,0,18,0,2,0,0,0,0,2,1,6,2,40,7,-1,-1,-1,3,1,3
201601KF60481,2,9,0,18,0,2,0,0,0,0,1,1,6,3,-1,-1,-1,-1,-1,-1,-1,-1
201601KF60482,1,9,0,18,0,1,0,0,0,0,4,1,6,1,61,9,1988,1,15,2,1,2
201601KF60483,1,9,0,18,0,0,0,0,0,0,3,2,3,2,37,7,-1,-1,-1,2,1,2
201601KF60484,1,9,0,3,0,1,0,0,0,0,2,1,1,1,42,7,1800,8,2,2,1,2
201601KF60484,2,9,0,5,0,1,0,0,0,0,1,1,6,3,-1,-1,1995,2,9,-1,-1,-1
201601KF60485,1,9,0,9,0,8,0,0,0,0,4,1,6,1,41,7,1199,1,13,2,1,2
201601KF60485,2,3,0,18,0,8,0,0,0,0,1,1,6,1,24,5,125,1,4,3,1,3
201601KF60486,1,9,0,9,5,2,1,0,7,2,1,1,6,3,-1,-1,-1,-1,-1,-1,-1,-1
201601KF60486,2,10,0,18,0,1,0,0,0,0,0,1,1,1,-1,-1,-1,-1,-1,-1,-1,-1
201601KF60487,1,9,0,9,0,8,0,0,0,0,3,1,6,2,40,7,2967,2,4,4,1,4
201601KF60487,2,1,0,18,0,8,0,0,0,0,1,1,6,1,19,4,-1,-1,-1,3,1,3
201601KF60488,1,9,0,7,0,5,0,0,0,0,4,1,6,1,35,6,1598,1,-1,4,1,4
201601KF60488,2,5,0,18,0,1,0,0,0,0,3,1,6,1,26,6,749,1,8,4,1,4
201601KF60489,1,11,0,18,0,2,0,0,0,0,0,1,1,1,46,8,9360,2,6,4,1,4
201601KF60490,1,3,0,18,0,8,0,0,0,0,3,1,2,1,25,5,125,1,10,4,1,4
201601KF60490,2,9,0,9,0,8,0,0,0,0,1,1,2,1,28,6,-1,-1,-1,3,1,3
201601KF60491,1,1,0,18,0,8,0,0,0,0,1,1,6,1,15,3,-1,-1,-1,-1,-1,-1
201601KF60491,2,9,0,5,0,8,0,0,0,0,3,1,6,1,47,8,1598,1,7,-1,-1,-1
201601KF60492,1,9,0,18,0,8,0,0,0,0,3,1,6,2,48,8,1246,1,10,2,1,2
201601KF60492,2,9,0,18,0,8,0,0,0,0,1,1,6,3,-1,-1,-1,-1,-1,-1,-1,-1
201601KF60493,1,9,0,18,0,1,0,0,0,0,3,1,6,1,52,8,1796,1,10,3,1,3
201601KF60494,1,9,0,5,0,0,0,0,0,0,3,1,6,1,58,9,1598,1,12,3,1,3
201601KF60494,2,3,0,18,0,0,0,0,0,0,1,1,1,1,37,7,-1,-1,-1,2,1,2
201601KF60495,1,9,0,18,0,1,0,0,0,0,4,1,6,1,61,9,1596,1,10,2,1,2
201601KF60497,1,9,0,4,0,1,0,0,0,0,2,1,6,2,30,6,2497,1,9,-1,-1,-1
201601KF60497,2,9,0,18,0,1,0,0,0,0,1,1,6,3,-1,-1,1973,1,18,-1,-1,-1
201601KF60498,1,9,0,18,0,1,0,0,0,0,1,1,6,2,42,7,1296,1,8,2,1,2
201601KF60500,1,9,0,4,0,1,0,0,0,0,1,1,3,1,37,7,-1,-1,-1,2,1,2
201601KF60500,2,9,0,4,0,1,0,0,0,0,2,1,6,2,28,6,-1,-1,-1,2,1,2
201601KF60501,1,9,0,3,0,1,0,0,0,0,2,1,6,2,49,8,1364,1,2,1,1,1
201601KF60501,2,9,0,18,0,1,0,0,0,0,1,1,6,3,-1,-1,-1,-1,-1,-1,-1,-1