Accident_Index,Vehicle_Reference,Vehicle_Type,Towing_and_Articulation,Vehicle_Manoeuvre,Vehicle_Location-Restricted_Lane,Junction_Location,Skidding_and_Overturning,Hit_Object_in_Carriageway,Vehicle_Leaving_Carriageway,Hit_Object_off_Carriageway,1st_Point_of_Impact,Was_Vehicle_Left_Hand_Drive?,Journey_Purpose_of_Driver,Sex_of_Driver,Age_of_Driver,Age_Band_of_Driver,Engine_Capacity_(CC),Propulsion_Code,Age_of_Vehicle,Driver_IMD_Decile,Driver_Home_Area_Type,Vehicle_IMD_Decile
201601KG70129,1,9,0,3,0,8,0,0,0,0,2,1,6,1,27,6,1753,2,8,3,1,3
201601KG70129,2,9,0,5,0,8,0,0,0,0,1,1,6,1,-1,-1,-1,-1,-1,-1,-1,-1
201601KG70131,1,9,0,9,0,8,0,0,0,0,3,1,6,1,39,7,1910,2,7,2,1,2
201601KG70132,1,9,0,18,0,8,0,0,0,0,3,1,6,2,-1,-1,1388,1,12,-1,-1,-1
201601KG70133,1,9,0,5,0,1,0,0,0,0,3,1,6,1,30,6,1997,2,11,4,1,4
201601KG70134,1,9,0,3,0,1,0,0,0,0,2,1,6,1,22,5,2987,2,10,2,1,2
201601KG70134,2,9,0,4,0,1,0,0,0,0,1,1,6,2,21,5,1299,1,15,-1,-1,-1
201601KG70135,1,9,0,4,0,8,0,0,0,0,2,1,6,2,35,6,-1,-1,-1,-1,-1,-1
201601KG70135,2,9,0,18,0,8,0,0,0,0,1,1,6,1,-1,-1,-1,-1,-1,-1,-1,-1
201601KG70136,1,9,0,4,0,1,0,0,0,0,1,1,6,1,35,6,2099,1,14,3,1,3
201601KG70136,2,19,0,3,0,1,0,0,0,0,2,1,6,1,42,7,-1,-1,-1,7,1,7
201601KG70137,1,2,0,9,0,8,0,0,0,0,4,1,6,1,-1,-1,124,1,1,1,1,1
201601KG70138,1,9,0,18,0,8,0,0,0,0,3,1,6,1,38,7,-1,-1,-1,3,1,3
201601KG70138,2,9,0,18,0,8,0,0,0,0,4,1,6,1,-1,-1,-1,-1,-1,-1,-1,-1
201601KG70139,1,4,0,13,0,8,0,0,0,0,1,1,6,1,44,7,600,1,3,4,1,4
201601KG70139,2,9,0,9,0,5,0,0,0,0,3,1,6,1,34,6,1997,1,16,4,1,4
201601KG70140,1,9,0,4,0,8,0,0,0,0,2,1,6,2,45,7,1242,1,5,6,1,6
201601KG70140,2,9,0,18,0,8,0,0,0,0,1,1,6,1,-1,-1,-1,-1,-1,-1,-1,-1
201601KG70140,3,9,0,4,0,8,0,0,0,0,2,1,6,1,-1,-1,-1,-1,-1,-1,-1,-1
201601KG70141,1,5,0,15,0,0,0,0,0,0,1,1,6,1,29,6,-1,-1,-1,3,1,3
201601KG70141,2,9,0,9,0,0,0,0,0,0,4,1,6,1,22,5,1497,1,15,2,1,2
201601KG70142,1,9,0,18,0,0,0,0,0,0,4,1,6,2,25,5,998,1,6,10,1,10
201601KG70143,1,11,0,5,0,8,0,0,0,0,0,1,6,3,50,8,9360,2,6,7,1,7
201601KG70146,1,9,0,18,0,0,0,0,0,0,1,1,6,1,-1,-1,-1,-1,-1,-1,-1,-1
201601KG70146,2,9,0,4,0,0,0,0,0,0,2,1,6,2,47,8,1329,1,3,7,1,7
201601KG70147,1,9,0,2,0,0,0,0,0,0,2,1,1,1,25,5,1598,2,1,3,1,3
201601KG70147,2,9,0,18,0,0,0,4,0,0,1,1,6,2,-1,-1,1388,1,4,-1,-1,-1
201601KG70148,1,9,0,18,0,8,0,0,0,0,4,1,6,1,43,7,1497,1,12,5,1,5
201601KG70148,2,9,0,18,0,8,0,0,0,0,1,1,6,1,39,7,1968,2,7,2,1,2
201601KG70150,1,19,0,9,0,8,0,0,0,0,4,1,1,1,63,9,2198,2,4,8,1,8
201601KG70150,2,9,0,17,0,8,0,0,0,0,1,1,6,1,-1,-1,-1,-1,-1,-1,-1,-1
201601KG70153,1,9,0,7,0,1,0,10,1,7,1,1,6,1,25,5,1242,1,11,5,1,5
201601KG70154,1,9,0,18,0,1,0,0,0,0,2,1,6,2,42,7,1390,1,12,1,1,1
201601KG70154,2,9,0,18,0,1,0,0,0,0,1,1,6,2,27,6,2171,1,13,-1,-1,-1
201601KG70155,1,9,0,3,0,1,0,0,0,0,2,1,6,1,23,5,1995,1,8,4,1,4
201601KG70155,2,19,0,18,0,1,0,0,0,0,1,1,6,1,-1,-1,2463,2,10,-1,-1,-1
201601KG70156,1,9,0,3,0,1,0,0,0,0,2,1,6,2,70,10,-1,-1,-1,5,1,5
201601KG70156,2,9,0,3,0,1,0,0,0,0,2,1,6,1,35,6,1997,2,4,6,1,6
201601KG70156,3,21,0,5,0,1,0,0,0,0,1,1,1,1,36,7,5880,2,11,10,1,10
201601KG70157,1,9,0,4,0,0,0,0,0,0,2,1,2,1,28,6,-1,-1,-1,7,3,7
201601KG70157,2,9,0,18,0,0,0,0,0,0,1,1,2,1,38,7,1299,1,11,3,1,3
201601KG70158,1,21,0,18,0,0,1,0,0,0,1,1,1,1,37,7,12900,2,7,6,1,6
201601KG70158,2,9,0,3,0,0,0,0,0,0,2,1,6,1,35,6,1360,1,12,10,2,10
201601KG70158,3,9,0,3,0,0,0,0,0,0,2,1,6,1,30,6,2199,2,7,3,1,3
201601KG70159,1,9,0,18,0,2,0,0,0,0,1,1,6,1,66,10,1753,2,8,-1,-1,-1
201601KG70160,1,9,0,18,0,8,0,0,0,0,3,1,6,2,32,6,1995,2,5,-1,-1,-1
201601KG70160,2,9,0,9,0,8,0,0,0,0,1,1,6,2,-1,-1,-1,-1,-1,-1,-1,-1
201601KG70161,1,3,0,18,0,0,0,7,0,0,3,1,6,1,29,6,125,1,2,2,1,2
201601KG70163,1,9,0,18,0,8,0,0,0,0,1,1,6,2,20,4,999,1,-1,4,1,4
201601KG70163,2,9,0,9,0,8,0,0,0,0,3,1,6,1,38,7,998,1,9,2,1,2
201601KG70164,1,9,0,18,0,0,0,0,0,0,4,1,6,1,59,9,2000,2,6,8,1,8
201601KG70165,1,9,0,4,0,0,0,0,0,0,1,1,6,1,38,7,-1,-1,-1,5,2,5
201601KG70165,2,9,0,4,0,0,0,0,0,0,1,1,6,1,32,6,1995,2,11,5,1,5
201601KG70165,3,9,0,4,0,0,0,0,0,0,2,1,6,1,-1,-1,-1,-1,-1,2,1,2
201601KG70166,1,9,0,11,2,0,0,0,0,0,4,1,1,1,38,7,1999,1,9,2,1,2
201601KG70166,2,5,0,18,2,0,0,0,0,0,3,1,1,1,37,7,845,1,13,3,1,3
201601KG70167,1,9,0,18,0,1,0,0,0,0,1,1,6,1,27,6,1686,2,5,2,1,2
201601KG70168,1,9,0,3,0,1,0,0,0,0,2,1,6,1,63,9,1596,1,7,1,1,1
201601KG70168,2,9,0,18,0,1,0,0,0,0,1,1,6,1,33,6,1596,1,15,2,1,2
201601KG70169,1,1,0,18,0,8,0,0,0,0,3,1,2,1,25,5,-1,-1,-1,2,1,2
201601KG70169,2,9,0,9,0,8,0,0,0,0,1,1,6,2,-1,-1,1991,1,1,-1,-1,-1
201601KG70170,1,9,0,3,0,1,0,0,0,0,2,1,1,1,41,7,1798,1,15,4,1,4
201601KG70170,2,9,0,18,0,1,0,0,0,0,1,1,6,1,-1,-1,2143,2,1,-1,-1,-1
201601KG70172,1,9,0,18,0,0,0,0,0,0,4,1,6,2,35,6,2698,2,11,2,1,2
201601KG70172,2,9,0,12,0,0,0,0,0,0,3,1,6,3,-1,-1,-1,-1,-1,-1,-1,-1
201601KG70175,1,8,0,3,0,1,0,0,0,0,2,1,1,1,71,10,2499,2,9,5,1,5
201601KG70175,2,9,0,18,0,1,0,0,0,0,1,1,6,1,-1,-1,999,1,-1,6,1,6
201601KG70176,1,9,0,3,0,1,0,0,0,0,2,1,6,2,41,7,1997,1,4,3,1,3
201601KG70176,2,9,0,18,0,1,0,0,0,0,1,1,6,1,-1,-1,1798,1,12,-1,-1,-1
201601KG70178,1,11,0,17,0,8,0,0,0,0,3,1,1,1,47,8,8268,2,13,-1,-1,-1
201601KG70178,2,19,0,17,0,8,0,0,0,0,4,1,6,1,27,6,2148,2,9,4,1,4
201601KG70179,1,9,0,18,0,8,0,0,0,0,1,1,2,1,36,7,-1,-1,-1,3,1,3
201601KG70179,2,1,0,17,0,8,0,0,0,0,4,1,6,1,33,6,-1,-1,-1,3,1,3
201601KG70182,1,5,0,7,0,2,0,0,0,0,1,1,2,1,45,7,919,1,14,3,1,3
201601KG70182,2,19,0,18,0,1,0,0,0,0,1,1,6,3,-1,-1,1686,2,13,-1,-1,-1
201601KG70183,1,3,0,18,0,0,0,0,0,0,1,1,6,3,-1,-1,-1,-1,-1,-1,-1,-1
201601KG70184,1,9,0,18,0,0,0,0,0,0,1,1,6,1,-1,-1,1998,1,14,3,1,3
201601KG70186,1,9,0,18,0,1,0,0,0,0,1,1,6,1,37,7,1984,1,14,-1,-1,-1
201601KG70186,2,1,0,3,0,1,0,0,0,0,2,1,6,2,21,5,-1,-1,-1,3,1,3
201601KG70187,1,9,0,18,0,8,0,0,0,0,1,1,2,1,56,9,1360,1,11,3,1,3
201601KG70187,2,9,0,9,0,8,0,0,0,0,4,1,2,1,40,7,1324,1,16,3,1,3
201601KG70188,1,9,0,18,0,1,0,0,0,0,1,1,6,2,65,9,-1,-1,-1,3,1,3
201601KG70188,2,9,0,9,0,8,0,0,0,0,2,1,6,2,24,5,-1,-1,-1,3,1,3
201601KG70189,1,21,0,18,0,0,0,0,0,0,1,1,1,1,42,7,6692,2,8,6,1,6
201601KG70189,2,19,0,3,0,0,0,0,0,0,2,1,1,1,40,7,2198,2,9,2,1,2
201601KG70189,3,9,0,3,0,0,0,0,0,0,2,1,1,1,21,5,1796,1,16,5,1,5
201601KG70190,1,8,0,18,0,1,0,0,0,0,1,1,2,1,50,8,1997,2,3,2,1,2
201601KG70190,2,9,0,3,0,1,0,0,0,0,2,1,6,2,41,7,898,1,1,2,1,2
201601KG70190,3,9,0,3,0,1,0,0,0,0,2,1,6,1,52,8,1798,8,2,2,1,2
201601KG70191,1,90,0,18,0,8,0,0,0,0,1,1,6,1,57,9,-1,-1,-1,-1,-1,-1
201601KG70191,2,9,0,4,0,8,0,0,0,0,2,1,6,2,41,7,1598,1,1,3,1,3
201601KG70192,1,9,0,18,0,8,0,0,0,0,1,1,6,1,35,6,1796,7,12,3,1,3
201601KG70192,2,9,0,9,0,8,0,0,0,0,4,1,6,2,-1,-1,1390,1,11,10,2,10
201601KG70193,1,9,0,18,0,0,0,0,0,0,1,1,6,3,-1,-1,-1,-1,-1,-1,-1,-1
201601KG70194,1,11,0,5,0,8,0,0,0,0,0,1,1,1,54,8,6700,2,5,5,1,5
201601KG70195,1,9,0,9,0,2,0,0,0,0,1,1,6,1,46,8,-1,-1,-1,2,1,2
201601KG70198,1,9,0,18,0,0,0,0,0,0,1,1,1,1,38,7,1995,2,8,1,1,1
201601KG70199,1,9,0,18,0,0,0,0,0,0,4,1,6,2,32,6,1197,1,6,2,1,2
201601KG70200,1,9,0,18,0,0,0,7,0,0,1,1,2,1,24,5,1242,1,-1,2,1,2
201601KG70203,1,9,0,18,0,0,0,0,0,0,1,1,6,1,62,9,1598,1,14,3,1,3
201601KG70203,2,9,0,4,0,0,0,0,0,0,1,1,6,1,38,7,1896,2,11,2,1,2
201601KG70203,3,9,0,3,0,0,0,0,0,0,2,1,6,1,39,7,1560,2,4,3,1,3
201601KG70203,4,9,0,4,0,0,0,0,0,0,1,1,6,1,25,5,1242,1,10,8,1,8
201601KG70203,5,9,0,3,0,0,0,0,0,0,2,1,6,1,-1,-1,1968,2,3,5,1,5
201601KG70203,6,9,0,4,0,0,0,0,0,0,0,1,6,2,37,7,-1,-1,-1,-1,-1,-1
201601KG70203,7,9,0,4,0,0,0,0,0,0,0,1,6,2,48,8,1389,1,10,2,1,2
201601KG70204,1,9,0,9,0,8,0,0,0,0,1,1,6,1,24,5,-1,-1,-1,2,1,2
201601KG70204,2,3,0,18,0,8,0,0,0,0,1,1,6,1,24,5,124,1,14,2,1,2
201601KG70205,1,8,0,18,0,8,0,0,0,0,4,1,1,1,53,8,1686,2,5,2,1,2
201601KG70205,2,19,0,18,0,8,0,0,0,0,1,1,1,1,35,6,1968,2,4,2,1,2
201601KG70207,1,11,0,4,0,0,0,0,0,0,0,1,1,1,35,6,6700,2,4,-1,-1,-1
201601KG70207,2,9,0,11,0,0,0,0,0,0,0,1,6,1,-1,-1,1968,2,12,1,1,1
201601KG70208,1,9,0,4,0,0,0,0,0,0,2,1,6,2,34,6,1749,1,14,3,1,3
201601KG70208,2,9,0,18,0,0,0,0,0,0,1,1,6,1,-1,-1,-1,-1,-1,-1,-1,-1
201601KG70209,1,9,0,18,0,1,0,0,0,0,1,1,6,1,27,6,1390,1,13,2,1,2
201601KG70210,1,8,0,18,0,8,0,0,0,0,3,1,1,1,43,7,1753,2,7,-1,-1,-1
201601KG70210,2,2,0,9,0,5,0,0,7,0,1,1,1,1,28,6,125,1,8,2,1,2
201601KG70211,1,3,0,7,0,2,0,0,0,0,3,1,6,1,56,9,582,1,14,3,1,3
201601KG70212,1,9,0,5,0,1,0,0,0,0,2,1,6,2,49,8,1796,1,10,2,1,2
201601KG70212,2,9,0,5,0,1,0,0,0,0,1,1,6,1,36,7,2720,2,8,3,1,3
201601KG70213,1,9,0,18,0,1,0,10,1,7,4,1,6,1,42,7,1332,1,5,3,1,3
201601KG70213,2,21,0,18,0,1,0,0,0,0,3,2,1,1,64,9,-1,-1,-1,-1,-1,-1
201601KG70214,1,19,0,18,0,8,0,0,0,0,1,1,1,1,26,6,1248,2,5,7,1,7
201601KG70214,2,9,0,18,0,8,0,0,0,0,3,1,6,1,36,7,998,1,2,4,1,4
201601KG70215,1,9,0,4,0,0,1,10,2,7,4,1,6,1,21,5,1390,1,7,6,1,6
201601KG70216,1,9,0,3,0,1,0,0,0,0,3,1,2,1,60,9,1388,1,12,4,1,4
201601KG70216,2,9,0,18,0,8,0,0,0,0,1,1,1,1,23,5,1339,8,9,1,1,1
201601KG70216,3,9,0,7,0,5,0,0,0,0,2,1,1,2,26,6,1560,2,8,-1,-1,-1
201601KG70217,1,9,0,3,0,0,0,0,0,0,4,1,2,2,70,10,796,1,14,2,1,2
201601KG70217,2,3,0,15,0,0,0,4,0,0,1,1,2,1,45,7,125,1,3,2,1,2
201601KG70217,3,9,0,2,0,0,0,0,0,0,3,1,6,3,-1,-1,-1,-1,-1,-1,-1,-1
201601KG70217,4,9,0,2,0,0,0,0,0,0,3,1,6,3,-1,-1,1796,1,12,-1,-1,-1
201601KG70219,1,9,0,9,0,8,0,0,0,0,3,1,6,1,36,7,2199,2,3,3,1,3
201601KG70219,2,5,0,13,0,8,0,0,0,0,1,1,6,1,-1,-1,599,1,6,-1,-1,-1
201601KG70222,1,9,0,9,0,8,0,0,0,0,1,1,6,1,30,6,1339,8,6,2,1,2
201601KG70222,2,9,0,18,0,8,0,0,0,0,1,1,6,3,-1,-1,-1,-1,-1,-1,-1,-1
201601KG70223,1,2,0,18,0,8,0,0,0,0,4,1,6,1,16,4,49,1,12,1,1,1
201601KG70223,2,9,0,9,0,8,0,0,0,0,1,1,6,2,36,7,2993,2,10,2,1,2
201601KG70224,1,9,0,18,0,0,0,0,0,0,1,1,6,1,28,6,1796,1,7,3,1,3
201601KG70224,2,9,0,18,0,0,0,0,0,0,1,1,6,1,29,6,1798,1,13,2,1,2
201601KG70225,1,9,0,18,0,0,0,0,0,0,1,1,6,1,42,7,-1,-1,-1,8,1,8
201601KG70225,2,3,0,4,0,0,0,0,0,0,2,1,6,1,41,7,125,1,6,2,1,2
201601KG70226,1,9,0,18,0,1,0,0,0,0,1,1,1,1,19,4,1560,2,11,3,1,3
201601KG70227,1,9,0,4,0,1,0,0,0,0,2,1,6,2,58,9,1997,1,17,2,1,2
201601KG70227,2,9,0,18,0,1,0,0,0,0,1,1,6,1,-1,-1,1997,2,15,-1,-1,-1
201601KG70228,1,9,0,9,0,8,0,0,0,0,4,1,6,2,27,6,1560,2,8,3,1,3
201601KG70228,2,5,0,18,0,8,0,0,0,0,1,1,6,1,37,7,645,1,3,2,1,2
201601KG70230,1,9,0,4,0,8,0,0,0,0,2,1,6,1,30,6,1796,1,14,6,1,6
201601KG70230,2,9,0,18,0,8,0,0,0,0,1,1,6,2,-1,-1,1388,1,9,-1,-1,-1
201601KG70231,1,9,0,18,0,0,0,0,0,0,3,1,6,1,23,5,1229,1,9,2,1,2
201601KG70231,2,9,0,5,0,0,0,0,0,0,3,1,6,2,-1,-1,1796,1,8,-1,-1,-1
201601KG70232,1,9,0,2,0,0,0,0,0,0,3,1,6,2,34,6,2967,2,9,2,1,2
201601KG70232,2,9,0,18,0,0,0,8,0,0,1,1,6,3,-1,-1,-1,-1,-1,-1,-1,-1
201601KG70233,1,9,0,2,0,0,0,0,0,0,1,1,6,2,48,8,-1,-1,-1,2,1,2
201601KG70233,2,19,0,1,0,0,0,4,0,0,2,1,1,1,25,5,1560,2,1,3,1,3
201601KG70234,1,9,0,6,0,0,0,0,0,0,4,1,6,2,18,4,1299,1,14,2,1,2
201601KG70234,2,5,0,18,0,0,0,0,0,0,1,1,6,1,24,5,599,1,8,6,1,6
201601KG70235,1,9,0,18,0,8,0,0,0,0,1,1,6,2,23,5,998,1,11,-1,-1,-1
201601KG70235,2,9,0,9,0,8,0,0,0,0,4,1,6,2,22,5,1997,1,13,2,1,2
201601KG70236,1,9,0,18,0,0,0,0,0,0,1,1,6,1,18,4,1753,2,8,2,1,2
201601KG70239,1,9,0,18,0,2,0,0,0,0,4,1,6,1,22,5,-1,-1,-1,5,1,5
201601KG70240,1,9,0,18,0,8,0,0,0,0,1,1,6,1,79,11,1240,1,10,4,1,4
201601KG70240,2,9,0,18,0,8,0,0,0,0,3,1,6,1,18,4,1242,1,4,8,1,8
201601KG70241,1,9,0,3,0,1,0,0,0,0,2,1,6,1,28,6,1598,1,7,3,1,3
201601KG70241,2,9,0,18,0,1,0,0,0,0,1,1,6,1,-1,-1,1910,2,9,-1,-1,-1
201601KG70241,3,9,0,3,0,1,0,0,0,0,2,1,6,1,31,6,1995,2,9,4,1,4
201601KG70242,1,9,0,9,0,8,0,0,0,0,3,1,2,2,27,6,-1,-1,-1,2,1,2
201601KG70242,2,3,0,18,0,8,0,0,0,0,1,1,2,1,40,7,125,1,7,2,1,2
201601KG70243,1,9,0,18,0,1,0,0,0,0,1,1,6,2,46,8,1242,1,15,2,1,2
201601KG70243,2,9,0,4,0,1,0,0,0,0,2,1,6,1,19,4,1390,1,6,2,1,2
201601KG70244,1,19,0,18,0,0,0,0,0,0,4,1,1,1,40,7,2198,2,2,4,1,4
201601KG70245,1,9,0,3,0,1,0,0,0,0,2,1,6,1,43,7,1796,1,12,4,1,4
201601KG70245,2,8,0,18,0,1,0,0,0,0,1,1,6,1,-1,-1,1560,2,4,-1,-1,-1
201601KG70246,1,8,0,2,0,0,0,0,0,0,3,1,1,1,35,6,1998,2,3,3,1,3
201601KG70246,2,9,0,1,0,0,0,4,0,0,4,1,6,1,-1,-1,1364,1,11,-1,-1,-1
201601KG70247,1,9,0,18,0,0,0,0,0,0,1,1,6,1,35,6,1997,2,5,2,1,2
201601KG70247,2,9,0,3,0,0,0,0,0,0,2,1,6,2,41,7,2987,2,9,3,1,3
201601KG70247,3,9,0,3,0,0,0,0,0,0,2,1,6,2,35,6,2199,2,1,3,1,3
201601KG70248,1,9,0,3,0,1,0,0,0,0,2,1,6,1,47,8,1910,2,8,1,1,1
201601KG70248,2,9,0,18,0,1,0,0,0,0,1,1,6,1,42,7,2460,2,12,4,1,4
201601KG70249,1,9,0,4,0,2,0,0,0,0,1,1,6,1,39,7,2000,1,8,4,1,4
201601KG70249,2,9,0,4,0,1,0,0,0,0,1,1,6,2,35,6,1362,1,3,2,1,2
201601KG70250,1,9,0,18,0,8,0,0,0,0,1,1,6,2,26,6,1598,1,2,3,1,3
201601KG70250,2,9,0,9,0,8,0,0,0,0,4,1,6,1,28,6,1796,1,3,-1,-1,-1
201601KG70251,1,1,0,18,0,0,0,0,0,0,1,1,2,1,37,7,-1,-1,-1,4,1,4
201601KG70251,2,5,0,13,0,0,0,0,0,0,1,1,2,1,35,6,748,1,8,3,1,3
201601KG70253,1,11,0,5,0,1,0,0,0,0,0,1,1,1,46,8,9360,2,6,-1,-1,-1
201601KG70254,1,9,0,17,0,0,0,0,0,0,2,1,6,1,20,4,1596,1,7,2,1,2
201601KG70254,2,9,0,17,0,0,0,0,0,0,1,1,6,1,28,6,1796,1,9,3,1,3
201601KG70254,3,4,0,17,0,0,0,0,0,0,1,1,6,1,33,6,279,1,4,2,1,2
201601KG70255,1,9,0,4,0,0,0,0,0,0,2,1,6,2,21,5,1242,1,3,6,1,6
201601KG70255,2,9,0,18,0,0,0,0,0,0,1,1,6,2,-1,-1,1388,1,14,2,1,2
201601KG70257,1,9,0,3,0,0,0,0,0,0,2,1,6,2,39,7,998,1,1,5,1,5
201601KG70257,2,9,0,18,0,0,0,0,0,0,1,1,6,2,-1,-1,1397,1,13,-1,-1,-1
201601KG70259,1,9,0,4,0,1,0,0,0,0,1,1,6,1,-1,-1,1798,1,15,-1,-1,-1
201601KG70259,2,9,0,3,0,1,0,0,0,0,2,1,6,2,45,7,1998,1,12,2,1,2
201601KG70260,1,9,0,18,0,1,0,0,0,0,1,1,6,2,28,6,998,1,2,4,1,4
201601KG70261,1,9,0,18,0,0,0,4,0,0,1,1,6,1,42,7,-1,-1,-1,2,1,2
201601KG70261,2,9,0,2,0,0,0,0,0,0,2,1,6,1,35,6,1364,1,8,2,1,2
201601KG70262,1,9,0,1,0,8,0,0,0,0,2,1,6,1,-1,-1,-1,-1,-1,-1,-1,-1
201601KG70263,1,9,0,4,0,1,0,0,0,0,2,1,6,1,33,6,1299,1,13,2,1,2
201601KG70263,2,9,0,4,0,1,0,0,0,0,1,1,6,2,30,6,1598,1,15,1,1,1
201601KG70264,1,9,0,7,0,2,0,0,0,0,1,1,6,1,-1,-1,-1,-1,-1,-1,-1,-1
201601KG70264,2,1,0,18,0,2,0,0,0,0,3,1,4,1,12,3,-1,-1,-1,3,1,3
201601KG70265,1,9,0,7,0,8,0,0,0,0,1,1,3,2,28,6,998,1,2,3,1,3
201601KG70265,2,19,0,9,0,8,0,0,0,0,3,1,6,1,-1,-1,-1,-1,-1,-1,-1,-1
201601KG70266,1,9,0,9,0,8,0,0,0,0,4,1,6,1,47,8,1598,1,9,3,1,3
201601KG70266,2,3,0,18,0,8,0,0,0,0,1,1,6,1,25,5,124,1,8,2,1,2
201601KG70268,1,4,0,18,0,8,0,0,0,0,1,1,6,1,35,6,918,1,18,3,1,3
201601KG70268,2,4,0,9,0,8,0,0,0,0,4,1,6,1,27,6,-1,-1,-1,1,1,1
201601KG70271,1,8,0,18,0,1,0,0,0,0,1,1,6,3,-1,-1,2664,2,16,-1,-1,-1
201601KG70271,2,1,0,18,0,1,0,0,0,0,2,1,6,1,13,3,-1,-1,-1,2,1,2
201601KG70272,1,9,0,4,0,0,0,0,0,0,2,1,6,1,44,7,2494,1,16,7,1,7
201601KG70272,2,19,5,18,0,0,0,0,0,0,1,1,1,1,-1,-1,2287,2,9,-1,-1,-1
201601KG70273,1,21,1,11,0,0,0,0,0,0,4,2,1,1,47,8,-1,-1,-1,-1,-1,-1
201601KG70273,2,9,0,18,0,0,0,0,0,0,3,1,6,2,37,7,1995,1,15,8,1,8
201601KG70273,3,9,0,18,0,0,0,0,0,0,1,1,6,1,46,8,1997,2,5,9,1,9
201601KG70274,1,9,0,12,0,8,0,0,0,0,4,1,6,1,22,5,2295,1,15,3,1,3
201601KG70274,2,9,0,18,0,8,0,0,0,0,3,1,6,1,35,6,2143,2,4,4,1,4
201601KG70275,1,9,0,18,0,8,0,0,0,0,1,1,6,2,30,6,1461,2,1,2,1,2
201601KG70275,2,9,0,18,0,8,0,10,1,2,3,1,6,1,-1,-1,1686,2,3,-1,-1,-1
201601KG70276,1,9,0,18,0,0,0,0,0,0,4,2,6,1,52,8,-1,-1,-1,2,1,2
201601KG70277,1,9,0,3,0,0,0,0,0,0,2,1,1,2,38,7,1398,2,2,2,1,2
201601KG70277,2,9,0,18,0,0,0,0,0,0,1,1,6,1,30,6,1997,2,13,5,1,5
201601KG70278,1,9,0,18,0,1,0,0,0,0,1,1,6,1,23,5,1998,2,10,3,1,3
201601KG70278,2,9,0,5,0,1,0,4,0,0,3,1,6,2,20,4,1398,1,5,5,1,5
201601KG70278,3,9,0,2,0,1,0,0,0,0,3,1,6,3,-1,-1,1360,1,12,-1,-1,-1
201601KG70279,1,11,0,5,0,0,0,0,0,0,0,1,1,2,45,7,8268,2,13,6,1,6
201601KG70280,1,9,0,18,0,0,0,0,0,0,1,1,6,1,48,8,1390,1,11,5,1,5
201601KG70280,2,1,0,18,0,0,0,0,0,0,3,1,6,1,39,7,-1,-1,-1,4,1,4
201601KG70281,1,11,0,16,0,2,0,0,0,0,3,1,1,1,61,9,6700,2,5,5,1,5
201601KG70282,1,9,0,18,0,8,0,0,0,0,1,1,6,1,45,7,1995,2,6,5,1,5
201601KG70282,2,9,0,7,0,8,0,0,0,0,3,1,6,1,32,6,1995,2,5,6,1,6
201601KG70283,1,9,0,4,0,0,0,0,0,0,4,1,6,2,44,7,1995,1,5,3,1,3
201601KG70283,2,21,0,12,0,0,1,0,1,7,1,1,1,1,50,8,12777,2,3,3,1,3
201601KG70284,1,9,0,18,0,1,0,0,0,0,1,1,6,1,-1,-1,-1,-1,-1,-1,-1,-1
201601KG70284,2,1,0,4,0,1,0,0,0,0,2,1,6,1,44,7,-1,-1,-1,2,1,2
201601KG70285,1,9,0,3,0,2,0,0,0,0,2,1,6,1,39,7,1997,1,9,2,1,2
201601KG70285,2,11,0,18,0,2,0,0,0,0,1,1,1,1,55,8,6700,2,5,2,1,2
201601KG70286,1,9,0,11,0,0,0,0,0,0,4,1,6,1,46,8,1590,1,12,1,1,1
201601KG70286,2,21,0,18,0,0,0,0,0,0,3,1,1,1,49,8,-1,-1,-1,-1,-1,-1
201601KG70287,1,3,0,15,0,8,0,0,0,0,1,1,6,1,-1,-1,125,1,1,6,1,6
201601KG70287,2,9,0,9,0,8,0,0,0,0,3,1,6,1,55,8,1998,2,13,2,1,2
201601KG70288,1,9,0,18,0,0,0,0,0,0,1,1,6,1,-1,-1,1195,1,19,-1,-1,-1
201601KG70288,2,9,0,18,0,0,0,0,0,0,2,1,6,1,21,5,2497,2,12,4,1,4
201601KG70289,1,9,0,3,0,1,0,0,0,0,2,1,6,1,-1,-1,-1,-1,-1,3,1,3
201601KG70289,2,4,0,4,0,1,0,0,0,0,1,1,6,1,53,8,-1,-1,-1,-1,-1,-1
201601KG70290,1,9,0,5,0,0,0,0,0,0,1,1,3,2,42,7,1240,1,8,2,1,2
201601KG70291,1,9,0,9,0,8,0,0,0,0,4,1,6,1,23,5,1390,1,13,5,1,5
201601KG70291,2,4,0,18,0,8,0,0,0,0,1,1,6,1,36,7,749,1,5,3,1,3
201601KG70292,1,5,0,4,0,0,1,0,0,0,1,1,6,2,53,8,955,1,14,3,1,3
201601KG70295,1,9,0,5,0,1,0,0,0,0,4,1,6,2,31,6,1197,1,6,2,1,2
201601KG70295,2,9,0,5,0,1,0,0,0,0,3,1,6,3,-1,-1,-1,-1,-1,-1,-1,-1
201601KG70297,1,9,0,18,0,8,0,0,0,0,1,1,6,2,22,5,996,1,3,2,1,2
201601KG70297,2,9,0,9,0,8,0,0,0,0,1,1,6,1,63,9,1753,2,14,2,1,2
201601KG70298,1,9,0,18,0,1,0,8,0,0,4,1,6,2,32,6,1995,2,1,4,1,4
201601KG70298,2,9,0,2,0,1,0,0,0,0,3,1,6,3,-1,-1,1299,1,15,-1,-1,-1
201601KG70299,1,9,0,18,0,8,0,0,0,0,1,1,6,1,57,9,2497,1,11,2,1,2
201601KG70299,2,8,0,1,0,8,0,0,0,0,4,1,1,1,42,7,1798,8,3,3,1,3
201601KG70300,1,9,0,18,0,0,0,0,0,0,3,1,6,3,-1,-1,-1,-1,-1,-1,-1,-1
201601KG70302,1,9,0,1,0,8,0,0,0,0,2,1,3,1,35,6,1896,2,15,3,1,3
201601KG70303,1,9,0,9,0,2,0,0,0,0,1,1,6,1,69,10,1796,1,16,2,1,2