Accident_Index,Vehicle_Reference,Vehicle_Type,Towing_and_Articulation,Vehicle_Manoeuvre,Vehicle_Location-Restricted_Lane,Junction_Location,Skidding_and_Overturning,Hit_Object_in_Carriageway,Vehicle_Leaving_Carriageway,Hit_Object_off_Carriageway,1st_Point_of_Impact,Was_Vehicle_Left_Hand_Drive?,Journey_Purpose_of_Driver,Sex_of_Driver,Age_of_Driver,Age_Band_of_Driver,Engine_Capacity_(CC),Propulsion_Code,Age_of_Vehicle,Driver_IMD_Decile,Driver_Home_Area_Type,Vehicle_IMD_Decile
201601LX50075,1,9,0,18,0,8,0,0,0,0,4,1,6,1,36,7,-1,-1,-1,3,1,3
201601LX50075,2,9,0,18,0,8,0,0,0,0,1,1,6,2,24,5,1390,1,5,3,1,3
201601LX50076,1,5,0,16,0,8,0,0,0,0,1,1,6,1,28,6,-1,-1,-1,9,1,9
201601LX50076,2,9,0,16,0,8,0,0,0,0,2,1,6,1,-1,-1,1997,1,13,2,1,2
201601LX50077,1,9,0,7,0,8,0,0,0,0,1,1,6,1,50,8,1989,1,17,1,1,1
201601LX50077,2,9,0,9,0,8,0,0,0,0,1,1,6,1,60,9,1895,1,16,5,1,5
201601LX50078,1,9,0,4,0,0,0,0,0,0,2,1,6,2,48,8,1598,1,1,1,1,1
201601LX50078,2,3,0,18,0,0,0,0,0,0,1,1,6,1,17,4,-1,-1,-1,-1,-1,-1
201601LX50080,1,11,0,12,0,8,0,0,0,0,1,1,1,1,63,9,8300,2,10,4,1,4
201601LX50080,2,1,0,18,0,8,0,0,0,0,2,1,6,1,51,8,-1,-1,-1,2,1,2
201601LX50083,1,9,0,18,0,0,0,0,0,0,4,1,6,1,-1,-1,-1,-1,-1,2,1,2
201601LX50084,1,1,0,5,0,8,0,0,0,0,1,1,6,2,40,7,-1,-1,-1,4,1,4
201601LX50084,2,9,0,9,0,8,0,0,0,0,3,1,6,2,-1,-1,-1,-1,-1,-1,-1,-1
201601LX50085,1,11,0,18,0,8,0,0,0,0,0,1,6,1,45,7,-1,-1,-1,3,1,3
201601LX50085,2,19,0,4,0,8,0,0,0,0,0,1,6,3,-1,-1,2998,2,9,-1,-1,-1
201601LX50085,3,90,0,10,0,8,0,0,0,0,0,1,6,3,-1,-1,-1,-1,-1,-1,-1,-1
201601LX50086,1,9,0,4,0,8,0,0,0,0,3,1,6,2,-1,-1,1998,1,12,4,1,4
201601LX50087,1,9,0,18,0,0,0,0,0,0,4,1,6,1,52,8,1197,1,1,3,1,3
201601LX50087,2,5,0,18,0,0,0,0,0,0,1,1,6,1,29,6,499,1,17,5,1,5
201601LX50088,1,9,0,4,0,0,0,0,0,0,1,1,6,1,48,8,1363,2,11,4,1,4
201601LX50089,1,9,0,9,0,5,0,0,0,0,3,1,6,1,27,6,-1,-1,-1,4,1,4
201601LX50089,2,5,0,18,0,8,0,0,0,0,1,1,2,1,-1,-1,599,1,13,5,1,5
201601LX50090,1,9,0,18,0,0,0,0,0,0,3,1,6,2,52,8,1229,1,6,5,1,5
201601LX50090,2,9,0,15,0,0,0,0,0,0,3,1,6,1,28,6,1956,2,4,9,1,9
201601LX50092,1,9,0,7,0,8,0,0,0,0,3,1,6,1,19,4,1753,2,11,-1,-1,-1
201601LX50093,1,19,0,5,0,1,0,0,0,0,1,1,6,1,52,8,1753,2,12,2,1,2
201601LX50094,1,9,0,18,0,8,0,0,0,0,3,1,6,1,60,9,1948,1,15,3,1,3
201601LX50094,2,9,0,18,0,8,0,0,0,0,1,1,6,1,-1,-1,1796,1,11,4,1,4
201601LX50095,1,19,0,18,0,0,0,0,0,0,4,1,6,1,-1,-1,-1,-1,-1,-1,-1,-1
201601LX50096,1,9,0,1,0,8,0,0,0,0,2,1,6,1,50,8,-1,-1,-1,6,1,6
201601LX50096,2,9,0,2,0,8,0,0,0,0,1,1,6,1,-1,-1,1984,1,8,-1,-1,-1
201601LX50097,1,9,0,8,0,1,0,0,0,0,2,1,6,1,28,6,1596,1,13,3,1,3
201601LX50097,2,9,0,3,0,1,0,0,0,0,2,1,6,2,24,5,1598,2,3,2,1,2
201601LX50097,3,9,0,18,0,1,0,0,0,0,1,1,6,1,47,8,1560,2,8,5,1,5
201601LX50098,1,9,0,9,0,8,0,0,0,0,3,1,2,2,36,7,1197,1,2,5,1,5
201601LX50098,2,1,0,18,0,8,0,0,0,0,1,1,2,1,34,6,-1,-1,-1,4,1,4
201601LX50101,1,9,0,9,0,8,0,0,0,0,4,1,6,1,58,9,1998,1,1,4,1,4
201601LX50101,2,1,0,18,0,8,0,0,0,0,1,1,6,1,63,9,-1,-1,-1,5,1,5
201601LX50102,1,9,0,3,0,8,0,0,0,0,2,1,6,2,40,7,1339,1,6,2,1,2
201601LX50102,2,19,0,18,0,8,0,0,0,0,1,1,6,1,-1,-1,-1,-1,-1,-1,-1,-1
201601LX50103,1,11,0,5,0,8,0,0,0,0,0,1,1,1,51,8,4500,2,6,2,1,2
201601LX50104,1,5,0,18,0,0,0,0,0,0,1,1,6,1,34,6,998,1,5,5,1,5
201601LX50104,2,19,0,6,0,0,0,0,0,0,3,1,6,1,32,6,1598,2,2,6,1,6
201601LX50105,1,19,0,2,0,1,0,0,0,0,4,1,1,1,56,9,2143,2,4,4,1,4
201601LX50105,2,20,0,18,0,8,0,0,0,0,3,1,6,3,-1,-1,-1,-1,-1,-1,-1,-1
201601LX50106,1,3,0,18,2,0,0,0,0,0,1,1,2,1,48,8,124,1,9,2,1,2
201601LX50107,1,9,0,11,0,8,0,0,0,0,4,1,6,1,40,7,-1,-1,-1,4,1,4
201601LX50107,2,1,0,18,0,8,0,0,0,0,1,1,6,1,37,7,-1,-1,-1,2,1,2
201601LX50108,1,9,0,18,0,0,0,0,0,0,1,1,6,1,70,10,5462,1,10,5,1,5
201601LX50108,2,9,0,2,0,0,0,0,0,0,4,1,6,2,35,6,1560,2,9,3,1,3
201601LX50109,1,3,0,15,0,8,0,0,0,0,4,1,6,1,21,5,599,1,16,5,1,5
201601LX50109,2,9,0,18,0,8,0,0,0,0,1,1,6,1,28,6,2967,2,6,1,1,1
201601LX50110,1,20,0,7,0,8,0,0,0,0,4,1,6,1,-1,-1,-1,-1,-1,-1,-1,-1
201601LX50110,2,1,0,7,0,8,0,0,0,0,3,1,6,2,52,8,-1,-1,-1,5,1,5
201601LX50111,1,9,0,4,0,8,0,0,0,0,2,1,6,2,37,7,1398,1,14,2,1,2
201601LX50111,2,9,0,18,0,8,0,0,0,0,1,1,6,1,-1,-1,-1,-1,-1,-1,-1,-1
201601LX50112,1,9,0,18,0,8,0,0,0,0,1,1,6,2,46,8,1229,1,7,-1,-1,-1
201601LX50112,2,9,0,18,0,8,0,0,0,0,3,1,6,2,51,8,-1,-1,-1,-1,-1,-1
201601LX50114,1,5,0,13,0,0,0,0,0,0,1,1,6,1,50,8,-1,-1,-1,1,1,1
201601LX50114,2,19,0,6,0,0,0,0,0,0,3,1,6,1,47,8,-1,-1,-1,3,1,3
201601LX50116,1,11,0,4,0,8,0,0,0,0,0,1,1,1,55,8,-1,-1,-1,4,1,4
201601LX50117,1,9,0,4,0,8,0,0,0,0,2,1,6,1,26,6,1560,2,3,4,1,4
201601LX50117,2,9,0,18,0,8,0,0,0,0,1,1,6,1,-1,-1,-1,-1,-1,-1,-1,-1
201601LX50118,1,9,0,14,0,2,0,0,0,0,4,1,6,2,-1,-1,2324,1,13,-1,-1,-1
201601LX50120,1,2,0,18,0,0,0,4,0,0,1,1,6,1,49,8,124,1,8,1,1,1
201601LX50120,2,9,0,2,0,0,0,0,0,0,3,1,6,1,-1,-1,1198,1,6,-1,-1,-1
201601LX50121,1,1,0,5,0,8,0,0,0,0,2,1,6,2,27,6,-1,-1,-1,4,1,4
201601LX50121,2,9,0,18,0,8,0,0,0,0,1,1,6,1,-1,-1,2967,2,11,-1,-1,-1
201601LX50122,1,9,0,18,0,0,0,0,0,0,4,1,6,1,-1,-1,-1,-1,-1,-1,-1,-1
201601LX50123,1,9,0,4,0,8,0,0,0,0,2,1,6,1,32,6,2261,1,12,3,2,3
201601LX50123,2,9,0,18,0,8,0,0,0,0,1,1,6,1,40,7,1797,8,6,3,1,3
201601LX50124,1,9,0,4,0,8,0,0,0,0,2,1,6,1,40,7,1598,2,3,5,1,5
201601LX50124,2,3,0,18,0,8,0,0,0,0,1,1,6,1,55,8,124,1,4,2,1,2
201601LX50125,1,2,0,15,0,0,0,0,0,0,1,1,6,1,27,6,124,1,1,3,1,3
201601LX50125,2,9,0,12,0,0,0,0,0,0,3,1,6,2,22,5,1599,1,8,2,1,2
201601LX50126,1,11,0,5,0,8,0,0,0,0,0,1,1,1,53,8,7300,2,14,2,1,2
201601LX50127,1,5,0,18,0,8,0,0,0,0,1,1,6,1,26,6,745,1,2,3,1,3
201601LX50127,2,9,0,6,0,8,0,0,0,0,3,1,6,1,-1,-1,2143,2,1,-1,-1,-1
201601LX50128,1,9,0,18,0,0,0,4,0,0,4,1,6,1,57,9,1794,1,13,-1,-1,-1
201601LX50128,2,9,0,2,0,0,0,4,0,0,2,1,6,1,25,5,2261,1,13,9,1,9
201601LX50128,3,9,0,2,0,0,0,4,0,0,2,1,6,1,-1,-1,1598,1,19,-1,-1,-1
201601LX50128,4,9,0,2,0,0,0,0,0,0,2,1,6,1,-1,-1,-1,-1,-1,-1,-1,-1
201601LX50129,1,9,0,4,0,8,0,0,0,0,2,1,6,1,32,6,-1,-1,-1,2,1,2
201601LX50129,2,9,0,18,0,8,0,0,0,0,1,1,6,1,-1,-1,1995,2,7,-1,-1,-1
201601LX50130,1,9,0,4,0,8,0,0,0,0,2,1,6,1,21,5,1461,2,2,10,1,10
201601LX50130,2,9,0,18,0,8,0,0,0,0,1,1,6,1,-1,-1,-1,-1,-1,-1,-1,-1
201601LX50131,1,3,0,18,0,0,0,0,0,0,2,1,1,1,25,5,125,1,1,5,1,5
201601LX50131,2,19,0,4,0,0,0,0,0,0,1,1,1,1,24,5,1995,2,5,4,1,4
201601LX50132,1,19,0,10,0,8,0,0,0,0,0,1,1,1,63,9,1560,2,9,6,1,6
201601LX50132,2,1,0,18,0,8,0,0,0,0,1,1,1,1,23,5,-1,-1,-1,-1,-1,-1
201601LX50133,1,9,0,18,0,8,0,0,0,0,1,1,6,1,47,8,1998,1,12,4,1,4
201601LX50133,2,5,0,18,0,8,1,0,0,0,4,1,6,1,38,7,-1,-1,-1,8,1,8
201601LX50135,1,9,0,4,0,0,0,0,0,0,2,1,6,1,27,6,-1,-1,-1,2,1,2
201601LX50135,2,9,0,18,0,0,0,0,0,0,1,1,6,1,34,6,-1,-1,-1,4,1,4
201601LX50136,1,9,0,18,0,8,0,0,0,0,4,1,6,1,36,7,1560,2,4,9,1,9
201601LX50136,2,9,0,9,0,8,0,0,0,0,3,1,6,2,34,6,1998,1,13,-1,-1,-1
201601LX50137,1,11,0,5,0,8,0,0,0,0,0,1,1,1,57,9,4500,2,1,-1,-1,-1
201601LX50137,2,9,0,3,0,8,0,0,0,0,0,1,6,3,-1,-1,-1,-1,-1,-1,-1,-1
201601LX50138,1,9,0,3,0,8,0,0,0,0,2,1,6,2,31,6,-1,-1,-1,2,1,2
201601LX50138,2,9,0,18,0,8,0,0,0,0,1,1,6,1,61,9,1461,2,1,-1,-1,-1
201601LX50139,1,11,0,18,0,8,0,0,0,0,0,1,1,1,45,7,4500,2,1,1,1,1
201601LX50140,1,9,0,18,0,0,0,0,0,0,1,1,6,1,44,7,1598,1,10,2,1,2
201601LX50140,2,9,0,18,0,0,0,0,0,0,2,1,6,2,31,6,1596,1,3,3,1,3
201601LX50141,1,8,0,3,0,8,0,0,0,0,2,1,1,1,42,7,1997,2,2,1,1,1
201601LX50141,2,9,0,18,0,8,0,0,0,0,1,1,6,3,-1,-1,1796,1,11,-1,-1,-1
201601LX50142,1,9,0,17,0,8,0,0,0,0,4,1,6,1,48,8,-1,-1,-1,4,1,4
201601LX50142,2,19,0,17,0,8,0,0,0,0,3,1,6,1,43,7,-1,-1,-1,6,1,6
201601LX50143,1,9,0,2,0,0,0,0,0,0,2,1,6,1,27,6,-1,-1,-1,3,1,3
201601LX50143,2,9,0,5,0,0,0,4,0,0,2,1,6,1,-1,-1,-1,-1,-1,-1,-1,-1
201601LX50144,1,19,0,2,0,1,0,0,0,0,4,1,6,1,36,7,1896,2,7,2,1,2
201601LX50144,2,5,0,18,0,8,0,0,0,0,3,1,6,1,36,7,897,1,14,3,1,3
201601LX50144,3,9,0,18,0,8,0,0,0,0,2,1,6,3,-1,-1,-1,-1,-1,-1,-1,-1
201601LX50145,1,11,0,4,0,8,0,0,0,0,3,1,1,1,45,7,-1,-1,-1,4,1,4
201601LX50145,2,9,0,4,0,8,0,0,0,0,3,1,6,1,60,9,1997,2,3,1,1,1
201601LX50145,3,9,0,15,0,8,0,0,0,0,1,1,6,1,-1,-1,-1,-1,-1,-1,-1,-1
201601LX50146,1,19,0,5,0,8,0,0,0,0,1,1,6,1,28,6,2198,2,2,5,1,5
201601LX50146,2,9,0,3,0,8,0,0,0,0,2,1,6,1,-1,-1,-1,-1,-1,-1,-1,-1
201601LX50147,1,19,0,18,0,0,0,0,0,0,3,1,6,1,47,8,2198,2,1,8,3,8
201601LX50147,2,1,0,18,0,0,0,0,0,0,4,1,6,1,69,10,-1,-1,-1,9,3,9
201601LX50148,1,9,0,18,0,8,0,0,0,0,4,1,6,1,-1,-1,1461,2,-1,-1,-1,-1
201601LX50148,2,9,0,18,0,8,0,0,0,0,1,1,6,1,-1,-1,1995,1,9,-1,-1,-1
201601LX50149,1,9,0,9,0,5,0,0,0,0,4,1,6,1,38,7,1968,2,-1,6,1,6
201601LX50149,2,3,0,18,0,8,0,0,0,0,1,1,6,1,52,8,-1,-1,-1,10,1,10
201601LX50150,1,3,0,18,0,8,0,0,0,0,1,1,6,1,-1,-1,-1,-1,-1,-1,-1,-1
201601LX50151,1,9,0,11,2,0,0,0,0,0,4,1,6,2,26,6,1198,1,14,2,1,2
201601LX50151,2,4,0,18,0,0,0,0,0,0,3,1,6,1,34,6,-1,-1,-1,2,1,2
201601LX50152,1,9,0,18,0,0,0,0,0,0,1,1,6,1,23,5,698,1,10,3,1,3
201601LX50152,2,9,0,2,0,0,0,0,0,0,2,1,6,1,-1,-1,2979,1,12,3,1,3
201601LX50152,3,9,0,2,0,0,0,0,0,0,2,1,6,3,-1,-1,-1,-1,-1,-1,-1,-1
201601LX50153,1,1,0,18,0,8,0,0,0,0,1,1,6,1,18,4,-1,-1,-1,2,1,2
201601LX50153,2,9,0,3,0,8,0,0,0,0,2,1,6,2,39,7,2143,2,3,3,1,3
201601LX50154,1,9,0,18,0,8,0,0,0,0,4,1,6,1,48,8,1686,2,11,2,1,2
201601LX50157,1,3,0,9,0,8,0,0,0,0,3,1,6,1,21,5,125,1,10,2,1,2
201601LX50157,2,1,0,15,0,8,0,0,0,0,1,1,6,1,29,6,-1,-1,-1,2,1,2
201601LX50158,1,11,0,4,0,8,0,0,0,0,0,1,6,1,48,8,7300,2,14,3,1,3
201601LX50159,1,9,0,12,6,8,0,0,0,0,1,1,6,1,39,7,1598,1,13,2,1,2
201601LX50159,2,3,0,18,6,8,0,0,0,0,1,1,6,1,28,6,-1,-1,-1,4,1,4
201601LX50160,1,19,0,18,0,8,0,0,0,0,1,1,6,1,49,8,2463,2,11,2,1,2
201601LX50160,2,9,0,7,0,8,0,0,0,0,1,1,6,1,44,7,1896,2,10,10,1,10
201601LX50161,1,9,0,18,0,8,0,0,0,0,4,1,6,1,-1,-1,996,1,2,-1,-1,-1
201601LX50162,1,11,0,4,0,8,0,0,0,0,0,1,1,1,58,9,7300,2,13,5,1,5
201601LX50163,1,11,0,4,0,0,0,0,0,0,0,1,1,1,42,7,4500,2,1,4,1,4
201601LX50164,1,9,0,4,0,8,0,0,0,0,2,1,6,1,-1,-1,1339,8,4,2,1,2
201601LX50164,2,9,0,18,0,8,0,0,0,0,1,1,6,1,-1,-1,1582,2,5,-1,-1,-1
201601LX50165,1,9,0,18,0,8,0,0,0,0,4,1,6,1,25,5,1798,1,1,3,1,3
201601LX50165,2,9,0,9,0,8,0,0,0,0,1,1,6,1,24,5,2143,2,4,5,1,5
201601LX50166,1,9,0,9,0,8,0,0,0,0,4,1,6,1,38,7,2400,2,5,6,1,6
201601LX50166,2,3,0,18,0,8,0,0,0,0,1,1,6,2,-1,-1,-1,-1,-1,9,1,9
201601LX50167,1,1,0,18,4,8,0,0,0,0,3,1,2,2,34,6,-1,-1,-1,4,1,4
201601LX50167,2,19,0,7,0,8,0,0,0,0,4,1,1,1,30,6,2143,2,1,-1,-1,-1
201601LX50168,1,9,0,4,0,8,0,0,0,0,2,1,6,1,58,9,-1,-1,-1,4,1,4
201601LX50168,2,9,0,18,0,8,0,0,0,0,1,1,6,1,21,5,1390,1,5,2,1,2
201601LX50170,1,3,0,18,0,8,0,0,0,0,3,1,6,1,26,6,108,1,2,4,1,4
201601LX50170,2,9,0,18,0,8,0,0,0,0,4,1,6,1,22,5,998,1,7,4,1,4
201601LX50171,1,9,0,18,0,8,0,0,0,0,4,1,6,1,-1,-1,-1,-1,-1,-1,-1,-1
201601LX50172,1,1,0,18,9,8,0,0,0,0,1,1,6,1,-1,-1,-1,-1,-1,-1,-1,-1
201601LX50173,1,9,0,18,0,8,0,10,1,2,1,1,6,1,43,7,1390,1,15,5,1,5
201601LX50173,2,9,0,2,0,8,0,0,0,0,2,1,6,1,-1,-1,2967,2,10,-1,-1,-1
201601LX50174,1,9,0,18,0,8,0,0,0,0,1,1,6,1,42,7,-1,-1,-1,4,1,4
201601LX50174,2,9,0,9,0,8,0,0,0,0,3,1,6,2,22,5,1229,1,2,-1,-1,-1
201601LX50175,1,9,0,18,0,8,0,0,0,0,3,1,6,1,20,4,1364,1,8,2,1,2
201601LX50175,2,9,0,18,0,8,0,0,0,0,1,1,6,2,36,7,1596,1,11,3,1,3
201601LX50176,1,1,0,9,0,8,0,0,0,0,4,1,6,1,-1,-1,-1,-1,-1,5,1,5
201601LX50176,2,9,0,9,0,8,0,0,0,0,1,1,6,1,43,7,-1,-1,-1,6,1,6
201601LX50177,1,9,0,9,0,8,0,0,0,0,4,1,6,1,-1,-1,-1,-1,-1,-1,-1,-1
201601LX50177,2,1,0,18,0,8,0,0,0,0,1,1,6,1,24,5,-1,-1,-1,2,1,2
201601LX50178,1,9,0,18,0,8,0,0,0,0,4,1,6,2,21,5,1390,1,4,5,1,5
201601LX50179,1,9,0,18,0,0,0,0,0,0,3,1,6,2,50,8,-1,-1,-1,6,1,6
201601LX50179,2,11,0,12,0,0,0,0,0,0,4,1,1,1,-1,-1,-1,-1,-1,-1,-1,-1
201601LX50180,1,9,0,11,0,0,0,0,0,0,4,1,2,1,-1,-1,2231,2,9,3,1,3
201601LX50180,2,4,0,11,0,0,0,0,0,0,3,1,2,1,19,4,109,1,2,6,1,6
201601LX50181,1,9,0,18,0,8,0,0,0,0,3,1,6,1,42,7,1560,2,8,-1,-1,-1
201601LX50181,2,9,0,18,0,8,0,0,0,0,1,1,6,2,-1,-1,1997,1,6,-1,-1,-1
201601LX50182,1,9,0,2,0,2,0,0,0,0,3,1,6,1,41,7,1124,1,8,4,1,4
201601LX50182,2,1,0,18,0,2,0,0,0,0,1,1,6,1,24,5,-1,-1,-1,6,1,6
201601LX50184,1,5,0,18,0,8,0,0,0,0,1,1,6,1,31,6,599,1,13,2,1,2
201601LX50184,2,9,0,6,0,8,0,0,0,0,3,1,6,1,76,11,1124,1,14,3,1,3
201601LX50185,1,3,0,18,0,8,1,0,0,0,3,1,6,1,19,4,124,1,1,2,1,2
201601LX50185,2,19,0,18,0,8,0,0,0,0,3,1,1,1,47,8,2198,2,1,1,1,1
201601LX50186,1,11,0,2,0,8,0,0,0,0,0,1,1,1,27,6,7300,2,10,4,1,4
201601LX50187,1,4,0,3,0,0,0,0,0,0,1,1,2,1,37,7,1198,1,2,7,1,7
201601LX50187,2,19,0,5,0,0,0,0,0,0,1,1,6,1,-1,-1,1560,2,1,-1,-1,-1
201601LX50188,1,9,0,6,0,0,0,0,0,0,3,1,6,1,39,7,-1,-1,-1,4,1,4
201601LX50188,2,2,0,18,0,0,0,0,0,0,1,1,6,1,17,4,-1,-1,-1,-1,-1,-1
201601LX50189,1,11,0,7,0,8,0,0,0,0,0,1,1,1,24,5,9360,2,5,4,1,4
201601LX50190,1,9,0,9,0,8,0,0,0,0,4,1,6,1,27,6,998,1,14,6,1,6
201601LX50190,2,3,0,18,0,8,0,0,0,0,1,1,6,1,18,4,125,1,1,1,1,1
201601LX50191,1,19,0,18,0,0,0,0,0,0,2,1,6,1,29,6,-1,-1,-1,5,1,5
201601LX50191,2,9,0,18,0,0,0,0,0,0,1,1,6,1,-1,-1,1600,1,17,-1,-1,-1
201601LX50192,1,9,0,18,0,8,0,0,0,0,1,1,6,1,29,6,-1,-1,-1,-1,-1,-1
201601LX50192,2,19,0,18,0,8,0,0,0,0,1,1,6,2,27,6,1248,2,4,1,1,1
201601LX50193,1,19,0,14,0,0,0,0,0,0,0,1,6,1,-1,-1,2148,2,10,-1,-1,-1
201601LX50194,1,9,0,9,0,8,0,0,0,0,3,1,6,2,27,6,1995,2,6,5,1,5
201601LX50194,2,5,0,18,0,8,0,0,0,0,4,1,6,1,32,6,865,1,1,4,1,4
201601LX50195,1,4,0,18,0,8,0,0,0,0,3,1,6,1,25,5,-1,-1,-1,-1,-1,-1
201601LX50195,2,19,0,18,0,8,0,0,0,0,1,1,1,3,-1,-1,-1,-1,-1,-1,-1,-1
201601LX50197,1,2,0,18,0,0,0,0,0,0,1,1,6,1,25,5,50,1,1,4,1,4
201601LX50197,2,19,0,18,0,0,0,0,0,0,2,1,6,1,-1,-1,2198,2,5,-1,-1,-1
201601LX50198,1,9,0,18,0,8,0,0,0,0,1,1,6,2,28,6,1299,1,12,4,1,4
201601LX50198,2,9,0,9,0,8,0,0,0,0,4,1,6,1,-1,-1,2143,2,2,-1,-1,-1
201601LX50199,1,9,0,18,0,8,0,0,0,0,3,1,6,1,-1,-1,-1,-1,-1,-1,-1,-1
201601LX50200,1,9,0,9,0,8,0,0,0,0,3,1,6,1,36,7,1390,1,13,3,1,3
201601LX50200,2,9,0,18,0,8,0,0,0,0,1,1,6,1,-1,-1,-1,-1,-1,5,1,5
201601LX50201,1,3,0,7,0,8,0,0,0,0,1,1,6,2,-1,-1,-1,-1,-1,3,1,3
201601LX50201,2,9,0,18,0,8,0,0,0,0,1,1,6,1,36,7,1300,8,5,2,1,2
201601LX50202,1,9,0,18,0,0,0,0,0,0,4,1,6,1,24,5,1797,8,4,1,1,1
201601LX50203,1,9,0,17,0,8,0,4,0,0,1,1,6,1,38,7,1390,1,13,3,1,3
201601LX50203,2,9,0,2,0,8,0,0,0,0,3,1,6,1,-1,-1,1951,2,12,2,1,2
201601LX50203,3,9,0,2,0,8,0,0,0,0,2,1,6,1,-1,-1,1699,1,10,2,1,2
201601LX50203,4,9,0,2,0,8,0,0,0,0,1,1,6,1,-1,-1,1984,1,14,3,1,3
201601LX50205,1,1,0,18,0,8,0,0,0,0,1,1,6,1,35,6,-1,-1,-1,9,1,9
201601LX50205,2,9,0,7,0,8,0,0,0,0,4,1,6,1,46,8,1386,1,6,5,1,5
201601LX50206,1,9,0,7,0,8,0,0,0,0,3,1,6,2,26,6,1587,1,8,6,1,6
201601LX50206,2,1,0,18,0,8,0,0,0,0,1,1,6,2,24,5,-1,-1,-1,8,1,8
201601LX50207,1,1,0,18,0,8,0,0,0,0,1,1,6,1,39,7,-1,-1,-1,7,1,7
201601LX50207,2,9,0,7,0,8,0,0,0,0,4,1,6,1,-1,-1,-1,-1,-1,-1,-1,-1
201601LX50208,1,9,0,18,0,0,0,0,0,0,1,1,6,1,43,7,1797,8,6,4,1,4
201601LX50209,1,9,0,9,0,8,0,0,0,0,4,1,6,2,29,6,-1,-1,-1,-1,-1,-1
201601LX50209,2,1,0,18,4,8,0,0,0,0,1,1,6,1,30,6,-1,-1,-1,5,1,5
201601LX50210,1,9,0,18,0,8,0,0,0,0,3,1,6,1,27,6,1499,2,1,2,1,2
201601LX50210,2,2,0,18,0,8,0,0,0,0,1,1,6,1,44,7,124,1,16,4,1,4
201601LX50211,1,9,0,1,0,8,0,0,0,0,2,1,6,1,-1,-1,-1,-1,-1,-1,-1,-1
201601LX50212,1,9,0,18,0,8,0,0,0,0,1,1,6,1,26,6,2958,2,15,-1,-1,-1
201601LX50212,2,9,0,3,0,8,0,0,0,0,2,1,6,1,42,7,3498,1,9,1,1,1
201601LX50212,3,9,0,5,0,8,0,0,0,0,1,1,6,1,38,7,1850,1,15,-1,-1,-1
201601LX50212,4,9,0,5,0,8,0,0,0,0,3,1,6,1,32,6,1229,1,8,9,1,9
201601LX50213,1,9,0,7,0,8,0,0,0,0,4,1,6,3,-1,-1,-1,-1,-1,-1,-1,-1
201601LX50213,2,1,0,18,0,8,0,0,0,0,1,1,6,1,27,6,-1,-1,-1,8,1,8
201601LX50215,1,11,0,4,0,8,0,0,0,0,0,1,1,2,37,7,-1,-1,-1,2,1,2
201601LX50216,1,10,0,15,0,8,0,0,0,0,4,1,1,1,-1,-1,-1,-1,-1,-1,-1,-1
201601LX50216,2,1,0,18,0,8,0,0,0,0,3,1,6,2,19,4,-1,-1,-1,3,1,3
201601LX50217,1,9,0,4,0,8,0,0,0,0,4,1,6,1,46,8,998,1,13,4,1,4
201601LX50217,2,9,0,18,0,6,0,0,0,0,1,1,6,2,21,5,1149,1,12,5,1,5
201601LX50218,1,9,0,5,0,8,0,0,0,0,3,1,6,2,39,7,1598,1,9,3,1,3
201601LX50218,2,1,0,15,0,8,0,0,0,0,4,1,6,1,-1,-1,-1,-1,-1,4,1,4
201601LX50219,1,8,0,18,0,8,0,0,0,0,4,1,6,1,28,6,1797,8,6,2,1,2
201601LX50219,2,9,0,18,0,8,0,0,0,0,1,1,6,2,58,9,1598,1,3,1,1,1
201601LX50220,1,9,0,7,0,8,0,0,0,0,4,1,6,1,30,6,1781,1,12,6,3,6
201601LX50220,2,9,0,18,0,8,0,0,0,0,3,1,6,2,43,7,1397,1,6,5,1,5
201601LX50221,1,3,0,18,0,8,0,0,0,0,1,1,6,1,-1,-1,125,1,2,9,1,9
201601LX50222,1,9,0,16,0,0,0,0,0,0,1,1,6,1,32,6,1796,1,10,3,1,3
201601LX50222,2,9,0,17,0,0,0,0,0,0,1,1,6,2,46,8,1968,2,8,3,1,3
201601LX50223,1,9,0,4,0,0,0,4,0,0,2,1,6,1,24,5,1461,2,2,4,1,4
201601LX50223,2,9,0,18,0,0,1,0,0,0,1,1,6,1,35,6,1997,2,14,7,1,7
201601LX50223,3,9,0,2,0,0,0,0,0,0,1,1,6,1,-1,-1,1598,1,14,-1,-1,-1
201601LX50224,1,9,0,9,0,8,0,0,0,0,3,1,6,1,36,7,-1,-1,-1,5,1,5
201601LX50224,2,3,0,18,0,8,0,0,0,0,1,1,6,1,21,5,108,1,1,3,1,3
201601LX50225,1,1,0,18,0,8,0,0,0,0,1,1,6,1,55,8,-1,-1,-1,5,1,5
201601LX50225,2,9,0,7,0,8,0,0,0,0,4,1,6,1,26,6,1242,1,1,6,1,6
201601LX50226,1,9,0,18,0,8,0,0,0,0,2,1,6,1,26,6,1596,1,14,8,1,8
201601LX50226,2,2,0,18,0,8,0,0,0,0,1,1,6,1,46,8,-1,-1,-1,5,1,5
201601LX50228,1,9,0,18,0,0,0,0,0,0,4,1,6,1,-1,-1,-1,-1,-1,-1,-1,-1
201601LX50229,1,9,0,18,0,8,0,0,0,0,3,1,6,2,56,9,1397,1,16,3,1,3
201601LX50229,2,19,0,18,0,8,0,0,0,0,1,1,6,1,-1,-1,2143,2,3,-1,-1,-1
201601LX50230,1,9,0,1,0,0,0,0,0,0,2,1,6,1,27,6,-1,-1,-1,6,1,6
201601LX50231,1,9,0,9,0,8,0,0,0,0,4,1,6,2,51,8,-1,-1,-1,2,1,2
201601LX50231,2,1,0,18,0,8,0,0,0,0,1,1,6,1,46,8,-1,-1,-1,4,1,4
201601LX50232,1,1,0,18,0,8,0,0,0,0,1,1,6,2,22,5,-1,-1,-1,2,1,2
201601LX50232,2,9,0,7,0,8,0,0,0,0,4,1,6,1,-1,-1,-1,-1,-1,-1,-1,-1
201601LX50233,1,2,0,18,0,0,0,0,0,0,4,1,6,1,27,6,-1,-1,-1,7,1,7