Accident_Index,Vehicle_Reference,Vehicle_Type,Towing_and_Articulation,Vehicle_Manoeuvre,Vehicle_Location-Restricted_Lane,Junction_Location,Skidding_and_Overturning,Hit_Object_in_Carriageway,Vehicle_Leaving_Carriageway,Hit_Object_off_Carriageway,1st_Point_of_Impact,Was_Vehicle_Left_Hand_Drive?,Journey_Purpose_of_Driver,Sex_of_Driver,Age_of_Driver,Age_Band_of_Driver,Engine_Capacity_(CC),Propulsion_Code,Age_of_Vehicle,Driver_IMD_Decile,Driver_Home_Area_Type,Vehicle_IMD_Decile
201601LX50591,3,9,0,3,0,8,0,0,0,0,2,1,6,2,41,7,1995,2,4,3,1,3
201601LX50592,1,4,0,18,0,0,0,0,0,0,1,1,1,1,36,7,-1,-1,-1,4,1,4
201601LX50592,2,9,0,15,0,0,0,0,0,0,4,1,1,3,-1,-1,-1,-1,-1,-1,-1,-1
201601LX50593,1,1,0,18,0,0,0,0,0,0,3,1,6,1,45,7,-1,-1,-1,-1,-1,-1
201601LX50593,2,19,0,3,0,0,0,0,0,0,4,1,2,1,-1,-1,-1,-1,-1,-1,-1,-1
201601LX50594,1,4,0,5,0,1,0,0,0,0,1,1,6,1,41,7,249,1,1,5,1,5
201601LX50595,1,2,0,18,0,0,0,0,0,0,2,1,1,1,37,7,49,1,8,2,1,2
201601LX50595,2,8,0,18,0,0,0,0,0,0,4,1,1,1,-1,-1,-1,-1,-1,-1,-1,-1
201601LX50597,1,5,0,18,0,8,0,0,0,0,1,1,6,1,34,6,89,1,21,1,1,1
201601LX50597,2,9,0,18,0,8,0,0,0,0,1,1,1,1,22,5,-1,-1,-1,4,1,4
201601LX50598,1,1,0,18,0,8,0,0,0,0,1,1,6,1,35,6,-1,-1,-1,2,1,2
201601LX50598,2,9,0,9,0,8,0,0,0,0,3,1,6,3,-1,-1,-1,-1,-1,-1,-1,-1
201601LX50599,1,8,0,18,0,0,0,0,0,0,4,1,6,3,-1,-1,-1,-1,-1,-1,-1,-1
201601LX50600,1,9,0,18,0,8,0,0,0,0,1,1,6,1,36,7,-1,-1,-1,4,1,4
201601LX50600,2,1,0,18,0,8,0,0,0,0,1,1,1,1,42,7,-1,-1,-1,1,1,1
201601LX50601,1,8,0,6,0,0,0,0,0,0,1,1,1,1,31,6,-1,-1,-1,-1,-1,-1
201601LX50602,1,11,0,18,0,8,0,0,0,0,1,1,1,1,40,7,7300,2,15,3,1,3
201601LX50603,1,9,0,18,0,8,0,0,0,0,1,1,6,1,51,8,1339,8,6,1,1,1
201601LX50603,2,1,0,7,0,8,0,0,0,0,1,1,6,1,58,9,-1,-1,-1,1,1,1
201601LX50604,1,9,0,18,0,8,0,0,0,0,1,1,6,1,51,8,1598,1,5,3,1,3
201601LX50604,2,10,0,7,0,8,0,0,0,0,2,1,6,1,30,6,-1,-1,-1,3,1,3
201601LX50605,1,9,0,9,0,8,0,0,0,0,1,1,6,2,28,6,1388,1,5,-1,-1,-1
201601LX50605,2,1,0,15,0,8,0,0,0,0,3,1,6,1,25,5,-1,-1,-1,4,1,4
201601LX50606,1,3,0,18,0,0,1,0,0,0,1,1,6,1,32,6,124,1,4,4,1,4
201601LX50606,2,9,0,18,0,0,0,0,0,0,1,1,2,2,51,8,1895,1,17,2,1,2
201601LX50607,1,20,0,15,0,8,0,0,0,0,4,2,6,1,-1,-1,-1,-1,-1,-1,1,-1
201601LX50607,2,1,0,18,0,8,0,0,0,0,0,1,1,1,42,7,-1,-1,-1,4,1,4
201601LX50608,1,9,0,3,0,1,0,0,0,0,2,1,6,1,54,8,1461,2,4,4,1,4
201601LX50608,2,1,0,18,0,1,0,0,0,0,1,1,6,2,25,5,-1,-1,-1,7,1,7
201601LX50609,1,9,0,7,0,8,0,0,0,0,1,1,6,1,-1,-1,1991,2,12,4,1,4
201601LX50609,2,1,0,18,0,8,0,0,0,0,1,1,6,1,10,2,-1,-1,-1,1,1,1
201601LX50610,1,9,0,18,0,8,0,0,0,0,4,1,6,1,28,6,-1,-1,-1,3,1,3
201601LX50611,1,20,0,18,0,0,2,0,0,0,4,1,6,1,36,7,-1,-1,-1,3,1,3
201601LX50611,2,9,0,18,0,0,0,0,0,0,3,1,6,1,25,5,1797,8,4,2,1,2
201601LX50611,3,9,0,2,0,0,2,0,0,0,4,1,6,1,-1,-1,1598,1,14,2,1,2
201601LX50611,4,9,0,2,0,0,0,0,0,0,0,1,6,3,-1,-1,2148,2,15,4,1,4
201601LX50612,1,9,0,3,0,8,0,0,0,0,1,1,6,2,34,6,1995,2,11,4,1,4
201601LX50612,2,1,0,18,8,8,0,0,0,0,2,1,6,2,34,6,-1,-1,-1,5,1,5
201601LX50613,1,9,0,7,0,8,0,0,0,0,1,1,1,1,21,5,1984,1,11,3,1,3
201601LX50613,2,1,0,9,0,8,0,0,0,0,3,1,6,2,52,8,-1,-1,-1,-1,-1,-1
201601LX50614,1,9,0,18,0,0,1,0,0,0,1,1,6,2,46,8,1360,1,14,3,1,3
201601LX50614,2,9,0,4,0,0,0,0,0,0,2,1,6,1,32,6,-1,-1,-1,2,1,2
201601LX50615,1,9,0,9,0,2,0,0,0,0,2,1,6,1,32,6,1969,2,1,4,1,4
201601LX50615,2,9,0,18,0,2,0,0,0,0,1,1,6,1,40,7,1798,8,4,2,1,2
201601LX50616,1,9,0,4,0,2,0,0,0,0,2,1,6,1,43,7,1797,8,4,2,1,2
201601LX50616,2,19,0,4,0,2,0,0,0,0,1,1,6,1,-1,-1,1870,2,12,-1,-1,-1
201601LX50617,1,9,0,7,0,8,0,0,0,0,3,1,6,1,26,6,-1,-1,-1,3,1,3
201601LX50617,2,1,0,15,2,8,0,0,0,0,1,1,6,1,33,6,-1,-1,-1,2,1,2
201601LX50618,1,9,0,3,0,8,0,0,0,0,2,1,6,1,34,6,1388,1,7,8,1,8
201601LX50618,2,9,0,3,0,8,0,0,0,0,2,1,6,1,-1,-1,4973,1,27,-1,-1,-1
201601LX50618,3,9,0,18,0,8,0,0,0,0,1,1,6,1,-1,-1,1685,2,1,-1,-1,-1
201601LX50619,1,9,0,18,0,1,0,0,0,0,1,1,6,1,21,5,1368,1,10,1,1,1
201601LX50620,1,3,0,4,0,2,1,0,0,0,0,1,1,1,33,6,108,1,3,6,1,6
201601LX50622,1,9,0,7,0,2,0,4,7,10,3,1,6,3,-1,-1,2184,2,11,-1,-1,-1
201601LX50622,2,9,0,7,0,2,0,0,0,0,0,1,1,1,-1,-1,-1,-1,-1,-1,-1,-1
201601LX50624,1,1,0,11,0,8,0,0,0,0,2,1,6,1,53,8,-1,-1,-1,5,1,5
201601LX50624,2,9,0,18,0,8,0,0,0,0,1,1,6,2,-1,-1,-1,-1,-1,-1,-1,-1
201601LX50625,1,3,0,18,0,1,0,0,0,0,1,1,6,3,-1,-1,-1,-1,-1,-1,-1,-1
201601LX50626,1,9,0,9,0,8,0,10,3,4,3,1,6,1,49,8,1994,2,8,3,1,3
201601LX50626,2,9,0,18,0,8,0,0,0,0,1,1,6,1,50,8,1910,2,9,2,1,2
201601LX50627,1,9,0,9,0,8,0,0,0,0,1,1,6,1,24,5,1197,1,5,7,1,7
201601LX50627,2,3,0,18,0,8,0,0,0,0,1,1,6,1,29,6,125,1,1,2,1,2
201601LX50628,1,9,0,15,0,8,0,0,0,0,4,1,6,1,50,8,1796,1,16,5,1,5
201601LX50628,2,1,0,18,0,8,0,0,0,0,3,1,6,1,36,7,-1,-1,-1,4,1,4
201601LX50629,1,8,0,5,0,1,0,0,0,0,4,1,1,1,48,8,2143,2,4,8,1,8
201601LX50629,2,1,0,15,0,1,0,0,0,0,3,1,6,2,37,7,-1,-1,-1,10,1,10
201601LX50631,1,19,0,9,0,0,0,0,0,0,4,1,6,1,42,7,1968,2,1,2,1,2
201601LX50632,1,9,0,9,0,8,0,0,0,0,1,1,6,2,61,9,1600,1,11,3,1,3
201601LX50632,2,1,0,18,0,8,0,0,0,0,3,1,6,1,33,6,-1,-1,-1,-1,-1,-1
201601LX50634,1,9,0,18,0,8,0,0,0,0,1,1,6,1,28,6,1590,1,11,3,1,3
201601LX50635,1,1,0,18,0,8,0,0,0,0,1,1,6,2,37,7,-1,-1,-1,5,1,5
201601LX50635,2,9,0,7,0,8,0,0,0,0,4,1,6,1,-1,-1,-1,-1,-1,-1,-1,-1
201601LX50636,1,11,0,4,0,8,0,0,0,0,0,1,1,1,52,8,-1,-1,-1,6,1,6
201601LX50637,1,9,0,18,0,8,0,10,1,2,3,1,6,1,26,6,-1,-1,-1,5,1,5
201601LX50637,2,19,0,11,0,8,0,0,0,0,4,1,6,1,29,6,-1,-1,-1,5,1,5
201601LX50638,1,20,0,5,0,8,0,0,0,0,4,1,6,1,32,6,-1,-1,-1,5,1,5
201601LX50639,1,3,0,4,0,8,0,0,0,0,3,1,6,1,32,6,124,1,1,5,1,5
201601LX50640,1,2,0,12,0,8,0,0,0,0,3,1,6,1,-1,-1,123,1,2,5,1,5
201601LX50640,2,9,0,18,0,8,0,0,0,0,1,1,6,1,-1,-1,-1,-1,-1,-1,-1,-1
201601LX50641,1,9,0,18,0,0,0,0,0,0,3,1,6,1,32,6,-1,-1,-1,9,1,9
201601LX50641,2,9,0,18,0,0,0,0,0,0,3,1,6,1,-1,-1,2720,2,11,-1,-1,-1
201601LX50642,1,19,0,11,0,8,0,0,0,0,2,1,6,1,33,6,-1,-1,-1,8,1,8
201601LX50642,2,19,0,18,0,8,0,0,0,0,2,1,6,1,-1,-1,-1,-1,-1,-1,-1,-1
201601LX50643,1,8,0,7,0,0,0,0,0,0,1,1,6,1,42,7,1560,2,-1,2,1,2
201601LX50643,2,9,0,18,0,0,0,0,0,0,4,1,6,2,64,9,998,1,20,-1,-1,-1
201601LX50644,1,9,0,9,0,8,0,0,0,0,3,1,6,1,48,8,-1,-1,-1,7,1,7
201601LX50644,2,3,0,13,0,8,0,0,0,0,4,1,6,1,23,5,-1,-1,-1,2,1,2
201601LX50645,1,9,0,9,0,8,0,0,0,0,1,1,6,1,29,6,1995,2,8,5,1,5
201601LX50645,2,3,0,18,0,8,0,0,0,0,4,1,6,1,25,5,-1,-1,-1,4,1,4
201601LX50646,1,90,0,18,0,8,1,0,0,0,1,1,6,1,-1,-1,-1,-1,-1,-1,-1,-1
201601LX50646,2,11,0,7,0,8,0,0,0,0,1,1,1,1,24,5,5132,2,-1,3,1,3
201601LX50646,3,9,0,4,0,8,0,0,0,0,1,1,6,1,49,8,-1,-1,-1,-1,-1,-1
201601LX50647,1,9,0,9,0,0,0,0,0,0,2,1,6,2,34,6,1995,2,3,5,1,5
201601LX50647,2,1,0,18,0,0,0,0,0,0,1,1,6,1,34,6,-1,-1,-1,7,1,7
201601LX50648,1,19,0,18,9,8,0,10,1,1,1,1,6,1,66,10,1248,2,7,6,1,6
201601LX50649,1,9,0,9,0,8,0,0,0,0,3,1,6,1,26,6,1560,2,6,3,1,3
201601LX50649,2,2,0,18,0,8,0,0,0,0,1,1,6,1,38,7,49,1,8,4,1,4
201601LX50651,1,11,0,4,0,1,0,0,0,0,0,1,1,1,56,9,-1,-1,-1,6,1,6
201601LX50652,1,9,0,8,0,8,0,0,0,0,4,1,6,1,-1,-1,-1,-1,-1,-1,-1,-1
201601LX50652,2,9,0,18,0,8,0,0,0,0,3,1,6,1,-1,-1,-1,-1,-1,-1,-1,-1
201601LX50653,1,9,0,5,0,8,0,0,0,0,4,1,6,2,28,6,1995,2,10,-1,-1,-1
201601LX50653,2,3,0,18,0,8,1,0,0,0,1,1,6,1,-1,-1,125,1,4,-1,-1,-1
201601LX50654,1,9,0,18,0,8,0,0,0,0,1,1,6,1,28,6,-1,-1,-1,2,1,2
201601LX50654,2,9,0,18,0,8,0,0,0,0,1,1,6,3,-1,-1,-1,-1,-1,-1,-1,-1
201601LX50656,1,9,0,2,0,8,0,0,0,0,2,1,6,1,38,7,1997,2,5,8,1,8
201601LX50656,2,9,0,2,0,8,0,0,0,0,3,1,6,1,-1,-1,1995,2,1,-1,-1,-1
201601LX50656,3,9,0,18,0,8,0,4,0,0,1,1,6,2,48,8,2979,1,12,-1,-1,-1
201601LX50657,1,1,0,18,0,8,0,0,0,0,3,1,6,1,35,6,-1,-1,-1,7,1,7
201601LX50657,2,9,0,15,0,8,0,0,0,0,4,1,6,1,-1,-1,-1,-1,-1,-1,-1,-1
201601LX50658,1,4,0,18,0,8,0,0,0,0,1,1,6,1,43,7,471,1,3,10,1,10
201601LX50658,2,9,0,7,0,8,0,0,0,0,4,1,6,1,35,6,-1,-1,-1,5,1,5
201601LX50660,1,1,0,18,0,8,0,0,0,0,3,1,6,1,32,6,-1,-1,-1,-1,-1,-1
201601LX50660,2,20,0,18,0,8,0,0,0,0,4,1,6,1,-1,-1,-1,-1,-1,-1,-1,-1
201601LX50661,1,11,0,4,0,2,0,0,0,0,4,1,1,1,23,5,-1,-1,-1,6,1,6
201601LX50663,1,11,0,5,0,0,0,0,0,0,0,1,1,2,-1,-1,-1,-1,-1,-1,-1,-1
201601LX50664,1,11,0,5,2,8,0,0,0,0,1,1,1,1,60,9,6700,2,6,2,1,2
201601LX50664,2,9,0,3,0,8,0,0,0,0,2,1,6,2,30,6,1364,1,12,2,1,2
201601LX50665,1,11,0,18,0,2,0,0,0,0,4,1,1,1,35,6,4500,2,-1,5,1,5
201601LX50667,1,8,0,18,0,8,0,0,0,0,1,1,6,1,36,7,1798,8,2,2,1,2
201601LX50667,2,1,0,7,0,8,0,0,0,0,1,1,6,1,32,6,-1,-1,-1,-1,-1,-1
201601LX50668,1,4,0,18,0,5,0,0,0,0,2,1,6,1,42,7,49,1,5,-1,-1,-1
201601LX50668,2,9,0,18,0,2,0,0,0,0,2,1,6,1,-1,-1,-1,-1,-1,-1,-1,-1
201601LX50669,1,3,0,15,0,8,0,0,0,0,4,1,6,1,24,5,125,1,7,2,1,2
201601LX50669,2,9,0,5,0,8,0,0,0,0,1,1,1,1,24,5,-1,-1,-1,4,1,4
201601LX50670,1,9,0,7,0,8,0,0,0,0,4,1,6,1,30,6,2204,2,10,6,1,6
201601LX50670,2,3,0,18,0,8,0,0,0,0,2,1,6,1,35,6,-1,-1,-1,6,1,6
201601LX50671,1,11,0,18,0,8,0,0,0,0,1,1,1,1,66,10,-1,-1,-1,2,1,2
201601LX50671,2,1,0,18,0,8,0,0,0,0,2,1,6,2,32,6,-1,-1,-1,8,1,8
201601LX50672,1,9,0,18,0,8,0,0,0,0,4,1,2,1,27,6,2987,2,9,1,1,1
201601LX50672,2,9,0,7,0,8,0,0,0,0,1,1,1,1,-1,-1,1197,1,2,-1,-1,-1
201601LX50674,1,8,0,7,0,8,0,0,0,0,1,1,6,1,46,8,2499,2,1,-1,-1,-1
201601LX50674,2,1,0,12,0,8,0,0,0,0,1,1,1,1,21,5,-1,-1,-1,3,1,3
201601LX50675,1,9,0,4,0,8,0,0,0,0,1,1,6,1,24,5,-1,-1,-1,3,1,3
201601LX50675,2,9,0,4,0,8,0,0,0,0,2,1,6,2,44,7,1796,1,13,4,1,4
201601LX50676,1,9,0,18,8,0,0,0,0,0,4,1,6,1,47,8,1796,1,10,5,1,5
201601LX50676,2,9,0,18,0,0,0,0,0,0,3,1,6,1,36,7,1796,1,10,-1,-1,-1
201601LX50677,1,11,0,18,0,8,0,0,0,0,1,1,6,1,40,7,-1,-1,-1,8,1,8
201601LX50677,2,9,0,9,0,8,0,0,0,0,1,1,6,2,20,4,-1,-1,-1,3,1,3
201601LX50678,1,3,0,18,0,8,0,0,0,0,1,1,6,1,24,5,-1,-1,-1,6,1,6
201601LX50678,2,19,0,9,0,8,0,0,0,0,2,1,6,1,-1,-1,1560,2,-1,9,1,9
201601LX50680,1,11,0,5,0,0,0,0,0,0,0,1,1,1,54,8,4500,2,1,6,1,6
201601LX50681,1,20,0,18,0,8,0,0,0,0,1,1,1,1,28,6,-1,-1,-1,7,1,7
201601LX50681,2,9,0,18,0,8,0,0,0,0,2,1,6,1,26,6,2179,2,4,4,1,4
201601LX50682,1,4,0,18,0,8,0,0,0,0,1,1,2,1,32,6,998,1,11,7,3,7
201601LX50682,2,20,0,18,0,8,0,0,0,0,1,1,6,1,40,7,5880,2,14,8,1,8
201601LX50683,1,8,0,7,2,8,0,0,0,0,1,1,1,1,62,9,2499,2,9,5,1,5
201601LX50684,1,9,0,3,0,8,0,0,0,0,3,1,6,1,-1,-1,-1,-1,-1,3,1,3
201601LX50684,2,1,0,18,0,8,0,0,0,0,1,1,6,1,12,3,-1,-1,-1,2,1,2
201601LX50685,1,9,0,9,0,8,0,0,0,0,4,1,6,2,24,5,1198,1,6,2,1,2
201601LX50685,2,1,0,18,0,8,0,0,0,0,1,1,6,2,32,6,-1,-1,-1,3,1,3
201601LX50686,1,9,0,3,0,8,0,0,0,0,2,1,6,1,40,7,2979,1,12,2,1,2
201601LX50686,2,9,0,4,0,8,0,0,0,0,2,1,6,2,22,5,1000,1,1,4,1,4
201601LX50686,3,9,0,18,0,8,0,0,0,0,1,1,6,1,-1,-1,-1,-1,-1,-1,-1,-1
201601LX50687,1,9,0,18,0,8,0,0,0,0,2,1,6,2,28,6,1229,1,6,3,1,3
201601LX50687,2,9,0,18,0,8,0,0,0,0,2,1,6,2,51,8,1560,2,1,3,1,3
201601LX50687,3,9,0,18,0,8,0,0,0,0,2,1,6,3,-1,-1,-1,-1,-1,-1,-1,-1
201601LX50688,1,11,0,4,0,0,0,0,0,0,0,1,1,1,46,8,-1,-1,-1,2,1,2
201601LX50689,1,9,0,9,0,8,0,0,0,0,4,1,6,2,24,5,1968,2,3,7,1,7
201601LX50689,2,9,0,18,0,8,0,0,0,0,1,1,6,1,24,5,1149,1,4,4,1,4
201601LX50690,1,3,0,18,0,8,0,0,0,0,1,1,6,1,28,6,109,1,3,2,1,2
201601LX50690,2,9,0,9,0,8,0,0,0,0,3,1,6,1,-1,-1,-1,-1,-1,-1,-1,-1
201601LX50692,1,11,0,9,0,8,0,0,0,0,1,1,1,1,41,7,4500,2,6,3,1,3
201601LX50694,1,9,0,3,0,1,0,0,0,0,2,1,6,1,36,7,1339,8,6,3,1,3
201601LX50694,2,9,0,4,0,1,0,0,0,0,1,1,6,3,-1,-1,2521,1,10,-1,-1,-1
201601LX50695,1,9,0,5,0,8,0,0,0,0,4,1,1,1,58,9,-1,-1,-1,-1,-1,-1
201601LX50695,2,1,0,18,0,8,0,0,0,0,2,1,6,1,52,8,-1,-1,-1,4,1,4
201601LX50696,1,1,0,18,0,8,0,0,0,0,1,1,6,2,30,6,-1,-1,-1,-1,-1,-1
201601LX50696,2,19,0,7,0,8,0,0,0,0,4,1,6,1,-1,-1,-1,-1,-1,-1,-1,-1
201601LX50697,1,9,0,18,0,2,0,0,0,0,1,1,6,1,-1,-1,1498,1,11,-1,-1,-1
201601LX50698,1,9,0,18,0,8,0,10,1,10,3,1,6,1,-1,-1,1968,2,3,3,1,3
201601LX50698,2,9,0,15,0,8,0,0,0,0,4,1,6,1,-1,-1,1124,1,13,-1,-1,-1
201601LX50699,1,9,0,9,0,8,0,0,0,0,1,1,6,1,58,9,-1,-1,-1,6,1,6
201601LX50699,2,4,0,18,0,8,0,0,0,0,1,1,6,1,34,6,-1,-1,-1,7,1,7
201601LX50700,1,5,0,3,0,1,0,0,0,0,2,1,6,1,33,6,1261,1,9,8,1,8
201601LX50700,2,9,0,18,0,1,0,0,0,0,1,1,6,1,26,6,1360,1,10,5,1,5
201601LX50701,1,9,0,4,0,2,0,0,0,0,1,1,6,1,27,6,1995,2,4,6,1,6
201601LX50701,2,9,0,4,0,2,0,0,0,0,2,1,6,2,34,6,1598,1,10,2,1,2
201601LX50702,1,9,0,7,0,8,0,0,0,0,4,1,6,3,-1,-1,-1,-1,-1,-1,-1,-1
201601LX50703,1,11,0,18,0,8,0,0,0,0,1,1,1,3,-1,-1,-1,-1,-1,-1,-1,-1
201601LX50704,1,9,0,10,0,8,0,0,0,0,1,1,6,1,36,7,2204,2,9,7,1,7
201601LX50704,2,9,0,18,0,8,0,0,0,0,1,1,6,1,-1,-1,-1,-1,-1,-1,-1,-1
201601LX50705,1,9,0,5,0,1,0,0,0,0,4,1,6,1,-1,-1,1560,2,6,2,1,2
201601LX50706,1,9,0,18,0,8,0,0,0,0,1,1,6,1,37,7,1339,1,12,2,1,2
201601LX50706,2,1,0,18,0,8,0,0,0,0,3,1,6,1,34,6,-1,-1,-1,3,1,3
201601LX50707,1,3,0,18,0,8,0,0,0,0,3,1,6,1,21,5,124,1,14,7,1,7
201601LX50708,1,9,0,9,0,8,0,0,0,0,4,1,6,1,-1,-1,1796,1,13,-1,-1,-1
201601LX50708,2,1,0,18,0,8,0,0,0,0,1,1,6,1,26,6,-1,-1,-1,4,1,4
201601LX50709,1,19,0,18,0,1,0,0,0,0,1,1,6,1,34,6,1598,2,5,9,1,9
201601LX50710,1,9,0,4,0,1,0,0,0,0,2,1,6,1,41,7,2967,2,5,2,1,2
201601LX50710,2,3,0,4,0,1,0,0,0,0,1,1,6,1,37,7,125,1,-1,4,1,4
201601LX50712,1,9,0,7,0,8,0,0,0,0,4,1,6,2,28,6,1198,1,9,8,1,8
201601LX50712,2,1,0,18,0,8,0,0,0,0,1,1,6,1,73,10,-1,-1,-1,2,1,2
201601LX50713,1,9,0,7,0,8,0,0,0,0,1,1,6,1,-1,-1,-1,-1,-1,-1,-1,-1
201601LX50713,2,1,0,18,0,8,0,0,0,0,3,1,6,3,-1,-1,-1,-1,-1,-1,-1,-1
201601LX50714,1,9,0,18,0,1,0,0,0,0,0,1,1,1,36,7,-1,-1,-1,5,1,5
201601LX50715,1,9,0,18,0,8,0,0,0,0,3,1,6,1,24,5,2143,2,2,4,1,4
201601LX50715,2,3,0,18,0,8,0,0,0,0,1,1,6,1,-1,-1,-1,-1,-1,-1,-1,-1
201601LX50716,1,3,0,18,0,0,0,0,0,0,1,1,6,3,-1,-1,-1,-1,-1,-1,-1,-1
201601LX50717,1,3,0,18,0,8,0,0,0,0,1,1,6,1,28,6,-1,-1,-1,5,1,5
201601LX50717,2,1,0,18,0,8,0,0,0,0,1,1,6,3,-1,-1,-1,-1,-1,-1,-1,-1
201601LX50718,1,3,0,18,0,8,0,0,0,0,1,1,6,2,44,7,-1,-1,-1,2,1,2
201601LX50718,2,9,0,18,0,8,0,0,0,0,1,1,6,3,-1,-1,-1,-1,-1,-1,-1,-1
201601LX50719,1,9,0,9,0,8,0,0,0,0,3,1,6,1,47,8,2143,2,1,6,1,6
201601LX50719,2,3,0,18,0,8,0,0,0,0,1,1,6,1,42,7,1052,1,18,3,1,3
201601LX50720,1,11,0,5,0,0,0,0,0,0,0,1,1,1,38,7,4500,2,-1,3,1,3
201601LX50723,1,9,0,18,0,0,0,0,0,0,3,1,6,2,24,5,1598,1,11,2,1,2
201601LX50723,2,9,0,15,0,0,0,0,0,0,4,1,6,1,-1,-1,1686,2,7,-1,-1,-1
201601LX50724,1,9,0,18,0,1,0,0,0,0,4,1,6,1,33,6,1992,2,9,7,1,7
201601LX50725,1,9,0,9,0,8,0,0,0,0,1,1,2,1,53,8,-1,-1,-1,4,1,4
201601LX50726,1,5,0,18,0,8,0,0,0,0,1,1,6,1,40,7,-1,-1,-1,5,1,5
201601LX50726,2,9,0,2,0,8,0,0,0,0,1,1,2,1,37,7,1339,8,5,2,1,2
201601LX50727,1,9,0,18,0,1,0,0,0,0,2,1,6,1,-1,-1,-1,-1,-1,-1,-1,-1
201601LX50727,2,9,0,13,0,1,0,0,0,0,1,1,6,1,-1,-1,1348,1,14,-1,-1,-1
201601LX50728,1,5,0,7,0,8,1,0,0,0,0,1,6,1,51,8,-1,-1,-1,10,1,10
201601LX50729,1,5,0,14,0,8,0,0,0,0,1,1,6,1,59,9,599,1,10,10,1,10
201601LX50729,2,9,0,9,0,8,0,0,0,0,4,1,6,1,41,7,-1,-1,-1,-1,-1,-1
201601LX50730,1,9,0,7,0,8,0,0,0,0,4,1,6,2,53,8,1798,1,13,3,1,3
201601LX50730,2,1,0,18,0,8,0,0,0,0,1,1,6,1,40,7,-1,-1,-1,10,1,10
201601LX50731,1,9,0,6,0,0,0,0,0,0,4,1,6,1,35,6,-1,-1,-1,2,1,2
201601LX50731,2,3,0,18,0,0,0,0,0,0,1,1,6,1,23,5,-1,-1,-1,4,3,4
201601LX50732,1,9,0,18,0,2,0,0,0,0,1,1,6,1,53,8,-1,-1,-1,4,1,4
201601LX50732,2,9,0,4,0,2,0,0,0,0,2,1,6,2,21,5,-1,-1,-1,2,1,2
201601LX50733,1,9,0,17,0,0,0,0,0,0,1,1,6,1,65,9,1590,1,14,-1,-1,-1
201601LX50733,2,9,0,2,0,0,0,0,0,0,4,1,6,2,35,6,-1,-1,-1,-1,-1,-1
201601LX50734,1,11,0,5,0,8,0,0,0,0,0,1,6,1,-1,-1,-1,-1,-1,-1,-1,-1
201601LX50735,1,9,0,9,0,8,0,0,0,0,4,1,6,1,-1,-1,1598,1,14,-1,-1,-1
201601LX50735,2,9,0,18,0,8,0,0,0,0,1,1,6,1,59,9,1364,1,1,2,1,2
201601LX50736,1,19,0,18,0,8,0,0,0,0,0,1,6,1,-1,-1,-1,-1,-1,4,1,4
201601LX50737,1,3,0,3,0,2,0,0,0,0,2,1,6,1,50,8,-1,-1,-1,-1,-1,-1
201601LX50737,2,3,0,4,0,2,0,0,0,0,1,1,6,1,-1,-1,-1,-1,-1,-1,-1,-1
201601LX50738,1,9,0,9,0,8,0,0,0,0,1,1,6,1,46,8,1798,8,1,6,1,6
201601LX50738,2,9,0,18,0,8,0,0,0,0,1,1,6,1,53,8,-1,-1,-1,4,1,4
201601LX50740,1,3,0,18,0,8,0,0,0,0,0,1,6,1,50,8,125,1,2,3,1,3
201601LX50740,2,9,0,9,0,8,0,0,0,0,0,1,6,1,26,6,-1,-1,-1,4,1,4
201601LX50741,1,9,0,6,0,0,0,0,0,0,4,1,1,1,38,7,-1,-1,-1,3,1,3
201601LX50741,2,5,0,18,0,0,0,0,0,0,1,1,6,1,39,7,998,1,6,2,1,2
201601LX50742,1,1,0,18,0,8,0,0,0,0,3,1,6,1,45,7,-1,-1,-1,3,1,3
201601LX50742,2,9,0,9,0,8,0,0,0,0,1,1,6,3,-1,-1,-1,-1,-1,-1,-1,-1
201601LX50743,1,19,0,4,0,0,0,0,0,0,2,1,6,1,37,7,2148,2,8,7,1,7
201601LX50743,2,9,0,4,0,0,0,0,0,0,1,1,6,2,36,7,999,1,2,1,1,1
201601LX50744,1,9,0,18,0,0,0,0,0,0,3,1,6,1,-1,-1,1339,8,7,-1,-1,-1
201601LX50745,1,9,0,9,0,8,0,0,1,10,1,1,6,2,-1,-1,-1,-1,-1,-1,-1,-1
201601LX50746,1,9,0,18,0,8,0,0,0,0,1,1,6,1,24,5,1995,2,9,10,1,10
201601LX50746,2,9,0,18,0,8,0,0,0,0,2,1,6,2,42,7,1598,2,-1,4,1,4
201601LX50747,1,9,0,18,0,8,0,0,0,0,1,1,6,1,42,7,-1,-1,-1,-1,-1,-1
201601LX50747,2,9,0,18,0,8,0,0,0,0,2,1,6,3,-1,-1,-1,-1,-1,-1,-1,-1
201601LX50748,1,9,0,18,0,8,0,0,0,0,1,1,6,1,62,9,-1,-1,-1,-1,-1,-1
201601LX50748,2,9,0,18,0,8,0,0,0,0,3,1,6,1,38,7,1596,1,14,4,1,4
201601LX50750,1,1,0,18,0,8,0,0,0,0,1,1,6,1,44,7,-1,-1,-1,2,1,2
201601LX50750,2,5,0,18,0,8,0,0,0,0,0,1,6,2,28,6,-1,-1,-1,5,1,5
201601LX50751,1,19,0,12,0,2,0,0,0,0,3,1,6,1,33,6,-1,-1,-1,4,1,4
201601LX50751,2,11,0,18,0,2,0,0,0,0,1,1,1,2,44,7,-1,-1,-1,7,1,7
201601LX50752,1,5,0,3,0,1,0,0,0,0,2,1,6,1,34,6,1050,1,7,10,1,10
201601LX50752,2,11,0,4,0,1,0,0,0,0,1,1,1,1,56,9,7300,2,16,6,1,6
201601LX50753,1,9,0,18,0,8,0,0,0,0,0,1,6,1,38,7,2497,2,4,2,1,2
201601LX50754,1,1,0,14,0,8,0,0,0,0,1,1,6,1,41,7,-1,-1,-1,4,1,4
201601LX50754,2,9,0,2,0,8,0,0,0,0,3,1,6,2,17,4,-1,-1,-1,3,1,3
201601LX50755,1,11,0,3,0,0,0,0,0,0,0,1,1,1,49,8,4500,2,2,5,1,5
201601LX50756,1,9,0,7,2,8,0,0,0,0,1,1,6,1,35,6,-1,-1,-1,3,1,3
201601LX50756,2,9,0,18,9,8,0,0,0,0,3,1,6,1,31,6,-1,-1,-1,3,1,3