Accident_Index,Vehicle_Reference,Vehicle_Type,Towing_and_Articulation,Vehicle_Manoeuvre,Vehicle_Location-Restricted_Lane,Junction_Location,Skidding_and_Overturning,Hit_Object_in_Carriageway,Vehicle_Leaving_Carriageway,Hit_Object_off_Carriageway,1st_Point_of_Impact,Was_Vehicle_Left_Hand_Drive?,Journey_Purpose_of_Driver,Sex_of_Driver,Age_of_Driver,Age_Band_of_Driver,Engine_Capacity_(CC),Propulsion_Code,Age_of_Vehicle,Driver_IMD_Decile,Driver_Home_Area_Type,Vehicle_IMD_Decile
201601LX50757,1,9,0,18,0,8,0,0,0,0,3,1,6,2,48,8,1329,1,4,3,1,3
201601LX50757,2,1,0,18,0,8,0,0,0,0,1,1,6,1,29,6,-1,-1,-1,3,1,3
201601LX50758,1,4,0,18,0,8,0,0,0,0,1,1,6,3,-1,-1,-1,-1,-1,-1,-1,-1
201601LX50759,1,9,0,2,0,2,0,0,0,0,1,1,6,2,25,5,1995,2,10,4,1,4
201601LX50759,2,9,0,1,0,2,0,0,0,0,2,1,6,3,-1,-1,-1,-1,-1,-1,-1,-1
201601LX50760,1,9,0,18,0,8,0,0,0,0,1,1,6,2,32,6,-1,-1,-1,1,1,1
201601LX50760,2,19,0,18,0,8,0,0,0,0,3,1,1,2,52,8,-1,-1,-1,5,1,5
201601LX50761,1,3,0,18,0,8,0,0,0,0,3,1,6,1,29,6,125,1,-1,6,1,6
201601LX50761,2,9,0,7,0,8,0,0,0,0,4,1,6,1,57,9,1339,1,8,3,1,3
201601LX50762,1,9,0,9,0,0,0,0,0,0,2,1,6,1,21,5,-1,-1,-1,5,1,5
201601LX50762,2,5,0,18,0,0,0,0,0,0,1,1,6,1,36,7,1690,1,1,9,1,9
201601LX50763,1,9,0,18,0,8,0,0,0,0,1,1,6,1,32,6,1497,8,-1,3,1,3
201601LX50764,1,9,0,7,0,8,0,0,0,0,4,1,6,1,58,9,1997,2,2,6,1,6
201601LX50765,1,9,0,7,0,8,0,0,0,0,4,1,6,1,26,6,-1,-1,-1,8,1,8
201601LX50765,2,1,0,18,0,8,0,0,0,0,1,1,6,1,26,6,-1,-1,-1,-1,-1,-1
201601LX50767,1,9,0,9,0,8,0,0,0,0,1,1,6,1,40,7,1587,1,14,6,1,6
201601LX50767,2,1,0,18,0,8,0,0,0,0,1,1,6,1,60,9,-1,-1,-1,6,1,6
201601LX50769,1,21,0,7,0,8,0,0,0,0,0,1,1,1,34,6,-1,-1,-1,-1,-1,-1
201601LX50769,2,1,0,18,0,8,0,0,0,0,1,1,2,1,24,5,-1,-1,-1,6,1,6
201601LX50771,1,11,0,7,0,1,0,0,0,0,4,1,1,1,60,9,4500,2,5,1,1,1
201601LX50772,1,19,0,9,0,8,0,0,0,0,1,1,6,1,-1,-1,-1,-1,-1,-1,-1,-1
201601LX50772,2,1,0,9,0,8,0,0,0,0,1,1,6,2,42,7,-1,-1,-1,5,1,5
201601LX50773,1,3,0,18,0,2,0,0,0,0,1,1,6,1,-1,-1,-1,-1,-1,-1,-1,-1
201601LX50774,1,9,0,18,0,0,5,4,0,0,2,1,6,1,38,7,1598,2,5,4,1,4
201601LX50774,2,9,0,2,0,0,0,0,0,0,2,1,6,3,-1,-1,-1,-1,-1,-1,-1,-1
201601LX50775,1,9,0,3,0,1,0,0,0,0,2,1,1,1,44,7,-1,-1,-1,9,3,9
201601LX50775,2,19,0,3,0,1,0,0,0,0,2,1,6,1,35,6,-1,-1,-1,5,1,5
201601LX50775,3,21,0,18,0,1,0,0,0,0,1,1,1,1,33,6,-1,-1,-1,7,1,7
201601LX50777,1,3,0,13,0,8,0,0,0,0,1,1,6,1,26,6,-1,-1,-1,3,1,3
201601LX50777,2,19,0,9,0,8,0,0,0,0,3,1,6,1,62,9,1598,2,1,2,1,2
201601LX50778,1,5,0,9,0,8,0,0,0,0,0,1,6,1,36,7,-1,-1,-1,-1,-1,-1
201601LX50778,2,3,0,18,0,8,0,0,0,0,0,1,6,1,46,8,-1,-1,-1,-1,-1,-1
201601LX50779,1,19,0,9,0,8,0,0,0,0,3,1,6,1,28,6,-1,-1,-1,5,1,5
201601LX50779,2,3,0,13,0,8,0,0,0,0,1,1,6,1,51,8,124,1,4,-1,-1,-1
201601LX50780,1,1,0,9,0,8,0,0,0,0,4,1,6,2,47,8,-1,-1,-1,8,1,8
201601LX50780,2,9,0,9,0,8,0,0,0,0,3,1,6,1,54,8,-1,-1,-1,9,1,9
201601LX50781,1,9,0,18,0,0,0,0,0,0,3,1,6,1,23,5,1339,8,3,5,1,5
201601LX50781,2,9,0,18,0,0,0,0,0,0,3,1,6,1,-1,-1,-1,-1,-1,-1,-1,-1
201601LX50782,1,21,2,18,0,1,0,0,0,0,4,1,1,1,37,7,-1,-1,-1,7,3,7
201601LX50783,1,19,0,18,0,0,0,0,0,0,4,1,6,1,53,8,-1,-1,-1,7,1,7
201601LX50783,2,1,0,18,0,0,0,0,0,0,0,1,6,1,53,8,-1,-1,-1,-1,-1,-1
201601LX50784,1,1,0,9,0,8,0,0,0,0,1,1,6,1,26,6,-1,-1,-1,3,1,3
201601LX50784,2,9,0,18,0,8,0,0,0,0,1,1,6,3,-1,-1,-1,-1,-1,-1,-1,-1
201601LX50785,1,9,0,18,0,0,0,0,0,0,2,1,6,1,33,6,3600,1,14,3,1,3
201601LX50785,2,9,0,18,0,0,0,0,0,0,1,1,6,1,46,8,1999,1,13,1,1,1
201601LX50786,1,1,0,18,0,8,0,0,0,0,1,1,6,1,35,6,-1,-1,-1,5,1,5
201601LX50787,1,19,0,18,0,1,0,0,0,0,4,1,6,1,-1,-1,-1,-1,-1,-1,-1,-1
201601LX50788,1,9,0,1,0,8,0,0,0,0,2,1,6,2,60,9,1398,2,3,5,1,5
201601LX50789,1,1,0,18,0,8,0,0,0,0,2,1,6,1,22,5,-1,-1,-1,6,1,6
201601LX50789,2,2,0,18,4,8,0,0,0,0,1,1,6,3,-1,-1,-1,-1,-1,-1,-1,-1
201601LX50790,1,9,0,6,0,8,0,0,0,0,4,1,6,2,27,6,999,1,2,2,1,2
201601LX50790,2,5,0,18,0,8,0,0,0,0,1,1,6,1,-1,-1,675,1,6,8,1,8
201601LX50791,1,1,0,18,0,2,0,0,0,0,1,1,6,1,46,8,-1,-1,-1,7,1,7
201601LX50791,2,4,0,13,0,1,0,0,0,0,1,1,6,3,-1,-1,-1,-1,-1,-1,-1,-1
201601LX50792,1,9,0,7,8,1,0,0,0,0,2,1,6,1,39,7,1398,1,11,2,1,2
201601LX50792,2,1,0,18,0,1,0,0,0,0,2,1,6,1,26,6,-1,-1,-1,2,1,2
201601LX50793,1,1,0,18,9,8,0,0,0,0,1,1,6,1,46,8,-1,-1,-1,2,1,2
201601LX50793,2,9,0,18,0,8,0,0,0,0,0,1,6,2,-1,-1,-1,-1,-1,-1,-1,-1
201601LX50794,1,1,0,9,4,8,0,0,0,0,3,1,1,2,23,5,-1,-1,-1,4,1,4
201601LX50794,2,9,0,18,0,8,0,0,0,0,1,1,6,2,-1,-1,-1,-1,-1,6,1,6
201601LX50795,1,9,0,18,0,0,0,0,0,0,0,1,1,1,-1,-1,-1,-1,-1,-1,-1,-1
201601LX50795,2,1,0,18,0,0,0,0,0,0,1,1,1,1,-1,-1,-1,-1,-1,5,1,5
201601LX50796,1,9,0,7,0,8,0,0,0,0,4,1,6,1,-1,-1,-1,-1,-1,-1,-1,-1
201601LX50796,2,3,0,18,0,8,0,0,0,0,1,1,6,1,30,6,-1,-1,-1,4,1,4
201601LX50797,1,9,0,18,0,1,0,0,0,0,1,1,6,2,48,8,1587,1,15,2,1,2
201601LX50798,1,9,0,18,0,1,2,0,0,0,4,1,6,1,32,6,1968,2,4,-1,-1,-1
201601LX50798,2,9,0,2,0,1,2,0,0,0,1,1,6,3,-1,-1,2400,2,4,-1,-1,-1
201601LX50800,1,9,0,18,0,8,0,0,0,0,3,1,6,2,48,8,1997,2,5,-1,-1,-1
201601LX50800,2,9,0,18,0,8,0,0,0,0,1,1,1,2,35,6,2650,2,4,-1,-1,-1
201601LX50801,1,11,0,4,0,1,0,0,0,0,0,1,1,1,46,8,-1,-1,-1,1,1,1
201601LX50802,1,3,0,18,0,1,0,0,0,0,1,1,6,1,-1,-1,124,1,2,3,1,3
201601LX50803,1,9,0,3,0,1,0,0,0,0,3,1,6,1,24,5,1968,2,8,7,1,7
201601LX50803,2,5,0,18,0,8,0,0,0,0,1,1,6,1,-1,-1,-1,-1,-1,-1,-1,-1
201601LX50804,1,4,0,18,0,8,1,0,0,0,4,1,6,2,26,6,-1,-1,-1,4,1,4
201601LX50804,2,9,0,9,0,6,0,0,0,0,1,1,6,2,28,6,1461,2,-1,4,1,4
201601LX50805,1,3,0,18,0,8,0,0,0,0,1,1,6,1,31,6,-1,-1,-1,2,1,2
201601LX50805,2,9,0,9,0,8,0,0,0,0,4,1,6,1,22,5,998,1,14,5,1,5
201601LX50806,1,3,0,4,0,1,0,0,0,0,0,1,6,1,47,8,125,1,6,10,1,10
201601LX50806,2,19,0,4,0,1,0,0,0,0,0,1,6,1,40,7,2148,2,11,10,1,10
201601LX50807,1,4,0,18,0,8,0,0,0,0,1,1,6,1,26,6,109,1,2,-1,-1,-1
201601LX50807,2,9,0,9,0,8,0,0,0,0,1,1,6,1,66,10,1998,2,10,3,1,3
201601LX50809,1,11,0,18,0,2,0,0,0,0,4,1,1,2,48,8,4500,2,1,4,1,4
201601LX50811,1,1,0,18,0,0,1,0,0,0,1,1,6,1,30,6,-1,-1,-1,-1,-1,-1
201601LX50811,2,9,0,18,0,0,2,0,0,0,2,1,6,1,56,9,1984,1,10,1,1,1
201601LX50812,1,9,0,3,0,1,0,0,0,0,2,1,6,2,40,7,2198,1,11,4,1,4
201601LX50812,2,9,0,18,0,8,0,0,0,0,4,1,6,3,-1,-1,-1,-1,-1,-1,-1,-1
201601LX50813,1,9,0,10,0,8,0,0,0,0,1,1,6,1,49,8,1389,1,12,4,1,4
201601LX50813,2,9,0,1,0,8,0,0,0,0,2,1,6,1,-1,-1,1395,1,1,-1,-1,-1
201601LX50814,1,5,0,13,0,8,0,0,0,0,1,1,6,1,51,8,535,1,18,10,3,10
201601LX50814,2,9,0,9,0,8,0,0,0,0,3,1,6,1,-1,-1,1764,1,16,-1,-1,-1
201601LX50815,1,9,0,18,0,1,0,0,0,0,1,1,6,1,21,5,1395,1,-1,3,1,3
201601LX50816,1,9,0,9,0,1,0,0,0,0,1,1,1,1,40,7,1997,2,-1,9,1,9
201601LX50816,2,1,0,18,4,1,1,0,0,0,1,1,2,1,37,7,-1,-1,-1,6,1,6
201601LX50817,1,1,0,18,0,8,1,0,0,0,2,1,2,1,30,6,-1,-1,-1,4,1,4
201601LX50817,2,9,0,7,0,8,0,0,0,0,2,1,6,2,-1,-1,999,1,-1,-1,-1,-1
201601LX50818,1,11,0,18,0,8,0,0,0,0,1,1,1,1,-1,-1,-1,-1,-1,-1,-1,-1
201601LX50819,1,1,0,18,0,8,0,0,0,0,1,1,6,1,60,9,-1,-1,-1,5,1,5
201601LX50819,2,9,0,9,0,8,0,0,0,0,3,1,6,3,-1,-1,1997,1,9,-1,-1,-1
201601LX50820,1,9,0,11,8,8,0,0,0,0,3,1,6,1,-1,-1,-1,-1,-1,3,1,3
201601LX50821,1,1,0,18,0,0,0,0,0,0,1,1,2,1,33,6,-1,-1,-1,5,1,5
201601LX50821,2,9,0,9,0,0,0,0,0,0,3,1,2,1,48,8,2188,2,11,3,1,3
201601LX50822,1,9,0,2,0,0,0,0,0,0,3,1,6,1,37,7,1598,1,10,2,1,2
201601LX50822,2,9,0,18,0,0,0,8,0,0,4,1,6,2,30,6,1598,1,10,2,1,2
201601LX50823,1,4,0,13,0,8,0,0,0,0,1,1,2,1,41,7,599,1,12,5,1,5
201601LX50823,2,9,0,7,0,8,0,0,0,0,3,1,1,1,26,6,1798,8,-1,3,1,3
201601LX50825,1,9,0,18,0,8,0,0,0,0,4,1,6,1,-1,-1,1598,1,10,-1,-1,-1
201601LX50825,2,1,0,18,0,8,0,0,0,0,1,1,6,2,28,6,-1,-1,-1,3,1,3
201601LX50826,1,5,0,18,0,1,0,0,0,0,1,1,6,1,27,6,125,1,1,6,1,6
201601LX50827,1,19,0,18,0,2,0,0,0,0,1,1,6,1,33,6,2148,2,12,3,1,3
201601LX50828,1,8,0,9,0,8,0,0,0,0,3,1,6,1,42,7,1598,2,2,3,1,3
201601LX50828,2,3,0,18,0,8,0,0,0,0,1,1,6,1,34,6,108,1,3,6,1,6
201601LX50829,1,1,0,18,0,8,0,0,0,0,3,1,6,1,26,6,-1,-1,-1,5,1,5
201601LX50829,2,9,0,9,0,8,0,0,0,0,1,1,6,1,-1,-1,2987,2,6,-1,-1,-1
201601LX50830,1,9,0,7,0,8,0,0,0,0,1,1,6,2,31,6,-1,-1,-1,2,1,2
201601LX50830,2,1,0,18,0,1,0,0,0,0,1,1,6,2,23,5,-1,-1,-1,2,1,2
201601LX50831,1,9,0,5,0,1,0,0,0,0,1,1,1,1,33,6,1797,8,7,5,1,5
201601LX50831,2,1,0,5,0,8,1,0,0,0,3,1,2,1,60,9,-1,-1,-1,2,1,2
201601LX50832,1,9,0,3,0,8,0,0,0,0,1,1,6,1,24,5,1753,2,11,2,1,2
201601LX50832,2,9,0,3,0,8,0,0,0,0,2,1,6,1,-1,-1,1364,1,10,-1,-1,-1
201601LX50833,1,19,0,9,0,8,0,0,0,0,1,1,2,1,62,9,-1,-1,-1,9,1,9
201601LX50833,2,9,0,7,4,8,0,0,0,0,1,1,6,1,23,5,-1,-1,-1,-1,-1,-1
201601LX50835,1,11,0,4,0,0,0,0,0,0,0,1,1,1,39,7,-1,-1,-1,2,1,2
201601LX50837,1,19,0,9,0,8,0,0,0,0,1,1,6,1,56,9,2198,2,1,1,1,1
201601LX50837,2,5,0,18,0,8,0,0,0,0,1,1,6,1,22,5,749,1,11,5,1,5
201601LX50838,1,9,0,3,0,0,0,0,0,0,2,1,6,1,38,7,1910,2,6,2,1,2
201601LX50838,2,9,0,3,0,0,0,0,0,0,2,1,6,1,-1,-1,-1,-1,-1,-1,-1,-1
201601LX50838,3,9,0,18,0,0,0,0,0,0,1,1,6,1,-1,-1,-1,-1,-1,-1,-1,-1
201601LX50839,1,1,0,18,4,8,1,0,0,0,1,1,6,2,26,6,-1,-1,-1,2,1,2
201601LX50839,2,9,0,7,0,8,0,0,0,0,1,1,6,1,-1,-1,1968,2,-1,-1,-1,-1
201601LX50840,1,8,0,7,0,8,0,0,0,0,4,1,1,1,53,8,2499,2,4,-1,-1,-1
201601LX50840,2,1,0,7,4,8,1,0,0,0,1,1,6,1,22,5,-1,-1,-1,1,1,1
201601LX50842,1,9,0,18,0,0,0,0,0,0,1,1,6,1,-1,-1,-1,-1,-1,-1,-1,-1
201601LX50843,1,2,0,3,0,8,0,0,0,0,1,1,6,2,46,8,124,1,11,6,1,6
201601LX50843,2,9,0,3,0,8,0,0,0,0,1,1,6,2,46,8,-1,-1,-1,1,2,1
201601LX50844,1,11,0,18,3,0,0,0,0,0,4,1,1,1,36,7,4500,2,1,2,1,2
201601LX50845,1,9,0,3,0,0,0,0,0,0,2,1,6,2,21,5,-1,-1,-1,7,1,7
201601LX50845,2,9,0,18,0,0,0,0,0,0,2,1,6,1,34,6,1995,2,4,-1,-1,-1
201601LX50845,3,9,0,18,0,0,0,0,0,0,3,1,6,1,-1,-1,1390,1,13,2,1,2
201601LX50846,1,1,0,18,0,0,0,0,0,0,3,1,6,2,36,7,-1,-1,-1,4,1,4
201601LX50846,2,9,0,13,0,0,0,0,0,0,4,1,6,1,-1,-1,1390,1,12,-1,-1,-1
201601LX50847,1,19,0,13,0,8,0,0,0,0,4,1,6,1,63,9,1560,2,9,6,1,6
201601LX50847,2,1,0,9,0,8,0,0,0,0,3,1,6,1,54,8,-1,-1,-1,3,1,3
201601LX50848,1,5,0,14,0,8,0,0,0,0,1,1,6,1,-1,-1,-1,-1,-1,-1,-1,-1
201601LX50848,2,9,0,9,0,8,0,0,0,0,3,1,6,1,-1,-1,-1,-1,-1,-1,-1,-1
201601LX50849,1,9,0,8,0,8,0,0,0,0,2,1,6,1,20,4,999,1,1,4,1,4
201601LX50849,2,9,0,18,0,8,0,0,0,0,1,1,6,1,-1,-1,2792,1,19,-1,-1,-1
201601LX50850,1,3,0,18,0,8,0,0,0,0,1,1,6,1,27,6,-1,-1,-1,-1,-1,-1
201601LX50850,2,9,0,7,0,8,0,0,0,0,4,1,6,1,-1,-1,-1,-1,-1,-1,-1,-1
201601LX50851,1,19,0,18,0,2,0,0,0,0,4,1,1,1,33,6,2143,2,5,9,1,9
201601LX50851,2,4,0,15,0,2,0,0,0,0,1,1,6,1,29,6,-1,-1,-1,5,1,5
201601LX50852,1,9,0,7,0,8,0,0,0,0,4,1,6,1,33,6,1796,1,13,5,3,5
201601LX50853,1,19,0,14,0,8,0,0,0,0,3,1,6,1,34,6,-1,-1,-1,9,1,9
201601LX50853,2,3,0,13,0,8,0,0,0,0,4,1,6,2,31,6,115,1,-1,2,1,2
201601LX50855,1,3,0,18,0,1,0,0,0,0,1,1,6,1,29,6,125,1,6,-1,-1,-1
201601LX50856,1,9,0,18,0,1,0,0,0,0,4,1,6,3,-1,-1,-1,-1,-1,-1,-1,-1
201601LX50857,1,1,0,18,0,8,0,0,0,0,2,1,6,1,20,4,-1,-1,-1,2,1,2
201601LX50857,2,9,0,18,0,8,0,0,0,0,1,1,6,3,-1,-1,-1,-1,-1,-1,-1,-1
201601LX50858,1,9,0,1,0,2,0,0,0,0,4,1,6,1,28,6,1781,1,16,5,1,5
201601LX50860,1,9,0,3,0,0,0,0,0,0,2,1,6,1,57,9,1797,8,6,7,1,7
201601LX50860,2,1,0,4,0,0,0,0,0,0,1,1,6,1,30,6,-1,-1,-1,7,1,7
201601LX50861,1,11,0,5,0,0,0,0,0,0,0,1,1,1,52,8,4461,2,2,8,1,8
201601LX50862,1,9,0,18,0,0,0,0,0,0,1,1,6,1,45,7,2497,1,10,5,1,5
201601LX50863,1,9,0,18,0,8,0,0,0,0,4,1,6,1,48,8,-1,-1,-1,4,1,4
201601LX50863,2,9,0,9,0,8,0,0,0,0,1,1,6,1,-1,-1,-1,-1,-1,-1,-1,-1
201601LX50864,1,11,0,5,0,2,0,0,0,0,0,1,6,1,-1,-1,-1,-1,-1,-1,-1,-1
201601LX50865,1,9,0,7,0,8,0,0,0,0,1,1,6,1,36,7,-1,-1,-1,8,1,8
201601LX50865,2,5,0,18,0,8,0,0,0,0,1,1,6,1,36,7,-1,-1,-1,-1,-1,-1
201601LX50866,1,4,0,18,0,8,1,0,0,0,1,1,6,1,20,4,125,1,13,2,1,2
201601LX50866,2,9,0,18,0,8,1,0,0,0,1,1,6,1,76,11,-1,-1,-1,5,1,5
201601LX50868,1,9,0,9,0,8,0,0,0,0,1,1,6,2,31,6,1997,2,13,-1,-1,-1
201601LX50868,2,1,0,5,0,8,0,0,0,0,1,1,6,1,36,7,-1,-1,-1,6,1,6
201601LX50869,1,1,0,18,0,8,0,0,0,0,3,1,6,1,26,6,-1,-1,-1,5,1,5
201601LX50869,2,9,0,7,0,8,0,0,0,0,4,1,6,1,-1,-1,-1,-1,-1,-1,-1,-1
201601LX50870,1,9,0,7,0,8,0,0,0,0,4,1,1,1,27,6,-1,-1,-1,9,1,9
201601LX50870,2,5,0,18,2,8,0,0,0,0,3,1,2,1,47,8,660,1,5,3,1,3
201601LX50871,1,9,0,18,0,8,0,0,0,0,3,1,6,1,49,8,2143,2,1,-1,-1,-1
201601LX50871,2,19,0,18,0,8,0,0,0,0,4,1,6,1,-1,-1,1896,2,7,-1,-1,-1
201601LX50872,1,9,0,9,0,0,0,0,0,0,4,1,1,2,28,6,-1,-1,-1,-1,-1,-1
201601LX50872,2,1,0,15,0,0,0,0,0,0,1,1,6,1,32,6,-1,-1,-1,4,1,4
201601LX50873,1,9,0,5,0,1,0,0,0,0,1,1,6,2,59,9,1242,1,1,2,1,2
201601LX50873,2,11,0,4,0,1,0,0,0,0,2,1,1,1,44,7,-1,-1,-1,-1,-1,-1
201601LX50874,1,9,0,18,0,2,0,0,0,0,3,1,6,2,22,5,1596,1,1,4,1,4
201601LX50875,1,9,0,18,0,8,0,0,0,0,1,1,6,1,26,6,2993,2,4,-1,-1,-1
201601LX50875,2,9,0,9,0,8,0,0,0,0,2,1,6,1,58,9,1390,1,5,5,1,5
201601LX50875,3,9,0,18,0,8,0,0,0,0,3,1,6,1,33,6,-1,-1,-1,2,1,2
201601LX50876,1,9,0,6,0,8,0,0,0,0,3,1,6,1,51,8,3498,1,8,5,1,5
201601LX50876,2,5,0,18,0,8,0,0,0,0,1,1,6,1,36,7,599,1,17,5,1,5
201601LX50877,1,9,0,18,0,1,0,0,0,0,1,1,6,1,60,9,999,1,7,3,1,3
201601LX50879,1,3,0,18,0,1,0,4,0,0,1,1,6,1,34,6,125,1,3,9,1,9
201601LX50879,2,19,0,2,0,1,0,0,0,0,2,1,6,3,-1,-1,-1,-1,-1,-1,-1,-1
201601LX50880,1,9,0,6,0,8,0,0,0,0,1,1,6,1,24,5,1582,2,-1,5,1,5
201601LX50880,2,5,0,18,0,8,0,0,0,0,1,1,6,1,28,6,-1,-1,-1,4,1,4
201601LX50881,1,9,0,14,0,1,0,0,0,0,3,1,6,3,-1,-1,2199,2,1,-1,-1,-1
201601LX50881,2,9,0,14,0,1,0,0,0,0,4,1,6,1,23,5,1796,1,4,2,1,2
201601LX50882,1,1,0,18,0,8,0,0,0,0,1,1,2,2,29,6,-1,-1,-1,4,1,4
201601LX50882,2,9,0,9,0,8,0,0,0,0,1,1,6,2,-1,-1,-1,-1,-1,-1,-1,-1
201601LX50884,1,9,0,5,0,1,0,0,0,0,3,1,6,2,-1,-1,-1,-1,-1,-1,-1,-1
201601LX50884,2,1,0,18,0,1,0,0,0,0,1,1,2,2,29,6,-1,-1,-1,4,1,4
201601LX50885,1,9,0,18,0,8,0,0,0,0,3,1,6,1,-1,-1,1560,2,2,-1,-1,-1
201601LX50885,2,2,0,7,0,8,0,0,0,0,1,1,1,1,20,4,108,1,4,-1,-1,-1
201601LX50887,1,9,0,9,0,8,0,0,0,0,1,1,6,2,84,11,1298,1,9,9,1,9
201601LX50887,2,9,0,9,0,8,0,0,0,0,1,1,6,2,-1,-1,-1,-1,-1,-1,-1,-1
201601LX50888,1,1,0,18,0,0,0,0,0,0,0,1,6,1,36,7,-1,-1,-1,-1,-1,-1
201601LX50889,1,9,0,4,0,1,0,0,0,0,2,1,6,3,-1,-1,2400,2,8,-1,-1,-1
201601LX50889,2,9,0,4,0,1,0,0,0,0,2,1,6,2,35,6,-1,-1,-1,-1,-1,-1
201601LX50889,3,9,0,18,0,1,0,0,0,0,1,1,6,2,43,7,-1,-1,-1,2,1,2
201601LX50890,1,9,0,18,0,0,0,4,0,0,4,1,6,1,-1,-1,1398,1,5,-1,-1,-1
201601LX50890,2,9,0,2,0,0,0,0,0,0,4,1,6,3,-1,-1,1984,1,5,-1,-1,-1
201601LX50890,3,9,0,2,0,0,0,0,0,0,3,1,6,3,-1,-1,2497,1,6,-1,-1,-1
201601LX50891,1,11,0,18,0,1,0,0,0,0,1,1,1,1,-1,-1,7300,2,13,3,1,3
201601LX50891,2,9,0,13,0,2,0,0,0,0,4,1,6,1,24,5,1999,1,10,4,1,4
201601LX50891,3,9,0,18,0,2,0,0,0,0,3,1,6,1,43,7,-1,-1,-1,4,1,4
201601LX50892,1,3,0,18,0,8,0,0,0,0,1,1,6,1,30,6,125,1,-1,4,1,4
201601LX50892,2,9,0,9,0,8,0,0,0,0,3,1,6,1,-1,-1,1798,1,12,-1,-1,-1
201601LX50893,1,9,0,18,0,0,0,0,0,0,4,1,6,1,67,10,-1,-1,-1,5,1,5
201601LX50893,2,9,0,12,0,0,0,0,0,0,3,1,6,3,-1,-1,1200,1,1,-1,-1,-1
201601LX50894,1,1,0,18,0,8,0,0,0,0,1,1,6,2,41,7,-1,-1,-1,2,1,2
201601LX50894,2,9,0,18,0,8,0,0,0,0,1,1,6,2,32,6,-1,-1,-1,4,1,4
201601LX50895,1,4,0,18,0,1,0,0,0,0,3,1,6,1,50,8,-1,-1,-1,2,1,2
201601LX50895,2,9,0,13,0,1,0,0,0,0,4,1,6,1,36,7,-1,-1,-1,6,1,6
201601LX50896,1,9,0,10,0,8,0,0,0,0,1,1,6,1,45,7,999,1,3,7,1,7
201601LX50896,2,9,0,17,0,8,0,0,0,0,1,1,6,3,-1,-1,-1,-1,-1,-1,-1,-1
201601LX50897,1,9,0,5,0,2,0,0,0,0,4,1,6,1,-1,-1,-1,-1,-1,-1,-1,-1
201601LX50899,1,9,0,3,0,1,0,0,0,0,2,1,6,1,41,7,-1,-1,-1,1,1,1
201601LX50899,2,9,0,18,0,1,0,0,0,0,1,1,6,2,25,5,1598,1,2,4,1,4
201601LX50900,1,5,0,18,8,0,0,0,0,0,1,1,6,1,49,8,1198,1,-1,-1,3,-1
201601LX50900,2,1,0,18,9,0,0,0,0,0,1,1,6,1,18,4,-1,-1,-1,2,1,2
201601LX50901,1,9,0,4,0,0,0,0,0,0,2,1,6,1,26,6,1796,1,11,-1,-1,-1
201601LX50901,2,9,0,18,0,0,0,0,0,0,1,1,1,1,33,6,1997,2,5,3,1,3
201601LX50901,3,9,0,9,0,0,0,0,0,0,2,1,6,1,-1,-1,1086,1,13,-1,-1,-1
201601LX50902,1,9,0,18,0,0,0,0,0,0,1,1,1,1,31,6,-1,-1,-1,5,1,5
201601LX50903,1,9,0,3,0,0,0,0,0,0,2,1,6,2,26,6,2143,2,1,5,1,5
201601LX50903,2,5,0,4,0,0,0,0,0,0,1,1,6,1,48,8,1170,1,4,6,3,6
201601LX50904,1,9,0,9,0,8,0,0,0,0,4,1,6,2,63,9,1242,1,6,1,1,1
201601LX50904,2,1,0,15,2,8,0,0,0,0,1,1,6,1,21,5,-1,-1,-1,5,1,5
201601LX50905,1,9,0,2,0,0,0,0,0,0,3,1,6,2,41,7,2148,2,11,2,1,2
201601LX50905,2,1,0,18,0,0,0,8,0,0,1,1,6,2,27,6,-1,-1,-1,2,1,2
201601LX50906,1,9,0,3,0,0,0,0,0,0,3,1,6,1,39,7,1997,2,3,1,1,1
201601LX50906,2,11,0,9,0,0,0,0,0,0,4,1,6,3,-1,-1,-1,-1,-1,-1,-1,-1
201601LX50907,1,9,0,9,0,8,0,0,0,0,4,1,6,1,35,6,1596,1,13,3,1,3
201601LX50907,2,9,0,18,0,8,0,0,0,0,1,1,6,1,32,6,-1,-1,-1,1,1,1
201601LX50908,1,19,0,6,0,0,0,0,0,0,3,1,1,1,44,7,-1,-1,-1,4,1,4
201601LX50908,2,3,0,18,0,0,0,0,0,0,1,1,6,1,24,5,-1,-1,-1,1,1,1
201601LX50909,1,9,0,18,0,1,0,0,0,0,4,1,6,1,-1,-1,3200,2,13,-1,-1,-1
201601LX50910,1,3,0,18,0,8,0,0,0,0,1,1,6,1,35,6,108,1,2,4,1,4
201601LX50910,2,9,0,9,0,8,0,0,0,0,4,1,6,1,52,8,1598,1,15,6,1,6
201601LX50911,1,3,0,18,0,8,0,0,0,0,3,1,6,2,45,7,49,1,9,-1,-1,-1
201601LX50911,2,9,0,9,0,8,0,0,0,0,1,1,6,3,-1,-1,-1,-1,-1,-1,-1,-1
201601LX50914,1,11,0,4,0,0,0,0,0,0,0,1,1,1,41,7,-1,-1,-1,-1,-1,-1
201601LX50915,1,9,0,7,0,8,0,0,0,0,1,1,6,1,49,8,-1,-1,-1,9,1,9
201601LX50915,2,4,0,18,0,8,0,0,0,0,4,1,2,1,26,6,125,1,-1,3,1,3
201601LX50916,1,9,0,9,2,8,0,0,0,0,1,1,6,1,43,7,1497,8,6,2,1,2
201601LX50916,2,3,0,18,2,8,0,0,0,0,3,1,6,2,27,6,124,1,1,3,1,3
201601LX50917,1,9,0,18,0,2,0,0,0,0,1,1,6,1,-1,-1,-1,-1,-1,-1,-1,-1
201601LX50919,1,1,0,3,0,1,0,0,0,0,2,1,6,1,29,6,-1,-1,-1,4,1,4
201601LX50919,2,9,0,4,0,1,0,0,0,0,1,1,6,1,-1,-1,-1,-1,-1,-1,-1,-1
201601LX50921,1,19,0,4,0,1,0,0,0,0,2,1,6,1,28,6,2402,2,14,7,1,7
201601LX50921,2,11,0,18,0,1,0,0,0,0,1,1,6,1,46,8,7300,2,14,2,1,2
201601LX50923,1,9,0,5,0,8,0,0,0,0,1,1,6,1,51,8,1796,1,6,3,1,3
201601LX50923,2,1,0,17,0,8,0,0,0,0,4,1,6,1,30,6,-1,-1,-1,1,1,1
201601LX50930,1,9,0,9,0,8,0,0,0,0,1,1,6,1,42,7,1598,1,3,2,1,2