Accident_Index,Vehicle_Reference,Vehicle_Type,Towing_and_Articulation,Vehicle_Manoeuvre,Vehicle_Location-Restricted_Lane,Junction_Location,Skidding_and_Overturning,Hit_Object_in_Carriageway,Vehicle_Leaving_Carriageway,Hit_Object_off_Carriageway,1st_Point_of_Impact,Was_Vehicle_Left_Hand_Drive?,Journey_Purpose_of_Driver,Sex_of_Driver,Age_of_Driver,Age_Band_of_Driver,Engine_Capacity_(CC),Propulsion_Code,Age_of_Vehicle,Driver_IMD_Decile,Driver_Home_Area_Type,Vehicle_IMD_Decile
201601MM70561,1,9,0,9,0,8,0,0,0,0,3,1,6,1,54,8,2987,2,3,2,1,2
201601MM70561,2,4,0,18,0,8,0,0,0,0,1,1,6,1,34,6,125,1,-1,2,1,2
201601MM70563,1,9,0,3,0,8,0,0,0,0,2,1,6,1,26,6,-1,-1,-1,-1,-1,-1
201601MM70563,2,9,0,18,0,8,0,0,0,0,1,1,6,2,-1,-1,1400,1,8,5,1,5
201601MM70564,1,9,0,7,0,8,0,0,0,0,4,1,6,2,73,10,1984,1,16,8,1,8
201601MM70564,2,1,0,18,0,8,0,0,0,0,1,1,6,1,21,5,-1,-1,-1,7,1,7
201601MM70565,1,9,0,18,0,8,0,0,0,0,1,1,6,1,-1,-1,1229,1,12,-1,-1,-1
201601MM70565,2,9,0,9,0,8,0,0,0,0,4,1,6,2,20,4,1968,2,1,2,1,2
201601MM70566,1,11,0,18,0,0,0,0,0,0,4,1,1,1,-1,-1,-1,-1,-1,-1,-1,-1
201601MM70567,1,2,0,18,0,0,0,0,0,0,4,1,6,1,59,9,124,1,1,3,2,3
201601MM70568,1,9,0,5,0,8,0,0,0,0,3,1,6,1,46,8,-1,-1,-1,2,1,2
201601MM70568,2,1,0,18,0,8,0,0,0,0,1,1,6,1,24,5,-1,-1,-1,-1,-1,-1
201601MM70569,1,9,0,3,0,0,0,0,0,0,2,1,6,2,21,5,1229,1,2,2,1,2
201601MM70569,2,9,0,18,0,0,0,0,0,0,1,1,6,1,-1,-1,1995,1,11,-1,-1,-1
201601MM70572,1,1,0,18,0,8,0,0,0,0,1,1,6,2,28,6,-1,-1,-1,-1,-1,-1
201601MM70572,2,20,0,9,0,8,0,0,0,0,4,1,6,1,-1,-1,-1,-1,-1,-1,-1,-1
201601MM70573,1,9,0,5,0,8,0,0,0,0,3,1,6,2,-1,-1,1598,2,4,-1,-1,-1
201601MM70573,2,9,0,11,0,8,0,0,0,0,4,1,6,2,-1,-1,-1,-1,-1,-1,-1,-1
201601MM70574,1,9,0,9,0,1,0,0,0,0,0,1,1,1,57,9,-1,-1,-1,2,1,2
201601MM70574,2,5,0,18,0,1,0,0,0,0,0,1,2,1,28,6,-1,-1,-1,3,1,3
201601MM70577,1,9,0,5,0,8,0,0,0,0,2,1,6,2,47,8,1991,2,5,2,1,2
201601MM70577,2,9,0,18,0,8,0,0,0,0,2,1,6,1,-1,-1,-1,-1,-1,-1,-1,-1
201601MM70578,1,9,0,18,0,8,0,0,0,0,4,1,6,1,32,6,698,1,13,1,1,1
201601MM70578,2,9,0,18,0,8,0,0,0,0,1,1,6,1,-1,-1,1596,1,6,2,1,2
201601MM70580,1,1,0,18,0,8,0,0,0,0,3,1,6,1,38,7,-1,-1,-1,5,1,5
201601MM70580,2,9,0,18,0,8,0,0,0,0,1,1,6,1,20,4,1242,1,6,-1,-1,-1
201601MM70581,1,9,0,17,0,8,0,0,0,0,2,1,6,2,22,5,1198,1,14,-1,-1,-1
201601MM70581,2,9,0,17,0,8,0,0,0,0,1,1,6,1,-1,-1,1499,1,-1,-1,-1,-1
201601MM70582,1,19,0,6,0,8,0,0,0,0,3,1,6,1,51,8,2461,2,7,6,1,6
201601MM70582,2,5,0,18,0,8,0,0,0,0,1,1,6,1,31,6,599,1,13,2,1,2
201601MM70583,1,9,0,18,0,0,0,0,0,0,1,1,3,2,42,7,2967,1,16,5,1,5
201601MM70583,2,9,0,18,0,0,0,0,7,0,1,1,3,2,40,7,-1,3,2,10,1,10
201601MM70584,1,9,0,5,0,8,0,0,0,0,1,1,6,1,23,5,1461,2,1,3,1,3
201601MM70584,2,9,0,18,0,8,0,0,0,0,3,1,6,2,-1,-1,1587,1,11,-1,-1,-1
201601MM70585,1,9,0,6,0,2,0,0,0,0,3,1,6,1,36,7,1798,8,4,5,1,5
201601MM70585,2,3,0,18,0,2,0,0,0,0,1,1,6,1,22,5,125,1,4,5,1,5
201601MM70587,1,9,0,18,0,2,0,0,0,0,1,1,1,1,-1,-1,-1,-1,-1,-1,-1,-1
201601MM70588,1,2,0,7,0,8,0,0,0,0,1,1,6,1,25,5,-1,-1,-1,3,1,3
201601MM70588,2,9,0,18,0,8,0,0,0,0,1,1,6,1,38,7,1753,2,7,5,1,5
201601MM70589,1,8,0,15,0,0,0,0,0,0,4,1,6,1,42,7,2402,2,13,3,1,3
201601MM70589,2,1,0,18,0,0,0,0,0,0,3,1,6,1,21,5,-1,-1,-1,5,1,5
201601MM70590,1,9,0,5,0,8,0,0,0,0,1,1,6,1,-1,-1,1596,1,11,2,1,2
201601MM70590,2,1,0,5,0,8,0,0,0,0,2,1,6,1,14,3,-1,-1,-1,-1,-1,-1
201601MM70591,1,3,0,18,0,8,0,0,0,0,1,1,6,1,38,7,125,1,1,2,1,2
201601MM70591,2,9,0,7,0,8,0,0,0,0,4,1,6,1,-1,-1,-1,-1,-1,-1,-1,-1
201601MM70593,1,9,0,18,0,8,0,0,0,0,1,1,6,1,28,6,-1,-1,-1,4,1,4
201601MM70593,2,9,0,9,0,8,0,0,0,0,4,1,6,1,32,6,1388,1,14,2,1,2
201601MM70594,1,9,0,16,0,8,0,0,0,0,3,1,6,1,36,7,1997,2,2,5,1,5
201601MM70594,2,9,0,17,0,8,0,0,0,0,1,1,6,1,46,8,1991,2,9,2,1,2
201601MM70595,1,9,0,18,0,1,0,0,0,0,1,1,6,1,-1,-1,999,1,15,-1,-1,-1
201601MM70597,1,2,0,18,0,8,0,0,0,0,1,1,6,1,17,4,-1,-1,-1,6,1,6
201601MM70597,2,19,0,18,0,8,0,0,0,0,3,1,6,2,48,8,1896,2,9,2,1,2
201601MM70598,1,9,0,18,0,8,0,0,0,0,1,1,6,1,46,8,-1,-1,-1,4,1,4
201601MM70598,2,2,0,18,0,8,0,0,0,0,1,1,6,1,46,8,125,1,2,2,1,2
201601MM70600,1,1,0,7,0,8,0,0,0,0,1,1,6,1,26,6,-1,-1,-1,2,1,2
201601MM70600,2,9,0,18,0,8,0,0,0,0,1,1,6,1,-1,-1,-1,-1,-1,-1,-1,-1
201601MM70601,1,4,0,18,0,1,0,0,0,0,1,1,2,1,33,6,279,1,9,2,1,2
201601MM70602,1,5,0,18,0,8,0,0,0,0,3,1,6,2,23,5,398,1,18,8,1,8
201601MM70602,2,9,0,18,0,8,0,0,0,0,1,1,6,2,50,8,-1,-1,-1,3,1,3
201601MM70603,1,1,0,9,0,8,0,0,0,0,2,1,6,1,28,6,-1,-1,-1,5,1,5
201601MM70603,2,9,0,18,0,8,0,0,0,0,1,1,6,2,28,6,1956,2,4,-1,-1,-1
201601MM70605,1,1,0,18,0,8,0,0,0,0,1,1,6,1,42,7,-1,-1,-1,10,1,10
201601MM70605,2,9,0,9,0,8,0,0,0,0,1,1,6,1,-1,-1,1896,2,14,-1,-1,-1
201601MM70606,1,1,0,18,0,8,0,0,0,0,1,1,1,1,33,6,-1,-1,-1,3,1,3
201601MM70606,2,9,0,9,0,8,0,0,0,0,2,1,6,2,46,8,1199,1,1,-1,-1,-1
201601MM70607,1,11,0,5,0,2,0,0,0,0,0,1,1,1,41,7,-1,-1,-1,-1,-1,-1
201601MM70608,1,9,0,9,0,8,0,0,0,0,0,1,6,2,40,7,1598,1,3,3,1,3
201601MM70608,2,3,0,18,0,8,0,0,0,0,0,1,6,1,27,6,125,1,4,6,1,6
201601MM70609,1,9,0,18,0,8,0,0,0,0,1,1,6,1,28,6,1198,1,9,3,1,3
201601MM70609,2,1,0,18,0,8,0,0,0,0,1,1,2,1,45,7,-1,-1,-1,-1,-1,-1
201601MM70610,1,1,0,18,0,8,0,0,0,0,1,1,6,1,34,6,-1,-1,-1,6,1,6
201601MM70610,2,9,0,9,0,8,0,0,0,0,3,1,6,1,32,6,-1,-1,-1,2,1,2
201601MM70611,1,9,0,9,0,2,0,0,0,0,1,1,6,2,27,6,1396,1,19,4,1,4
201601MM70611,2,9,0,9,0,2,0,0,0,0,2,1,6,1,42,7,1968,2,6,5,1,5
201601MM70613,1,1,0,18,0,8,0,0,0,0,1,1,6,2,21,5,-1,-1,-1,9,1,9
201601MM70614,1,3,0,18,0,8,0,0,0,0,3,1,6,1,-1,-1,-1,-1,-1,4,1,4
201601MM70615,1,19,0,7,0,8,0,0,0,0,4,1,6,1,46,8,2198,2,-1,4,1,4
201601MM70616,1,1,0,18,0,0,0,0,0,0,4,1,6,1,47,8,-1,-1,-1,2,1,2
201601MM70617,1,9,0,4,0,8,0,0,0,0,1,1,6,2,23,5,1200,1,3,-1,-1,-1
201601MM70617,2,1,0,18,0,8,0,0,0,0,1,1,6,2,38,7,-1,-1,-1,-1,-1,-1
201601MM70618,1,9,0,18,0,0,0,0,0,0,0,1,6,1,-1,-1,2143,2,3,-1,-1,-1
201601MM70619,1,9,0,9,0,8,0,0,0,0,1,1,6,1,46,8,2401,2,13,3,1,3
201601MM70619,2,1,0,18,0,8,0,0,0,0,1,1,6,1,26,6,-1,-1,-1,-1,-1,-1
201601MM70620,1,1,0,18,0,0,0,0,0,0,1,1,6,2,47,8,-1,-1,-1,3,1,3
201601MM70620,2,9,0,15,0,0,0,0,0,0,2,1,6,3,-1,-1,-1,-1,-1,-1,-1,-1
201601MM70621,1,5,0,18,0,8,0,0,0,0,3,1,6,1,38,7,-1,-1,-1,1,1,1
201601MM70621,2,1,0,18,0,8,0,0,0,0,1,1,6,2,18,4,-1,-1,-1,2,1,2
201601MM70622,1,8,0,18,0,8,0,0,0,0,3,1,1,1,48,8,2499,2,1,9,1,9
201601MM70622,2,1,0,18,0,8,0,0,0,0,1,1,2,1,53,8,-1,-1,-1,4,1,4
201601MM70624,1,9,0,18,0,0,0,0,0,0,4,1,6,3,-1,-1,-1,-1,-1,-1,-1,-1
201601MM70625,1,8,0,7,0,8,0,0,0,0,3,1,6,1,51,8,996,1,6,5,1,5
201601MM70625,2,3,0,18,2,8,0,0,0,0,1,1,6,1,20,4,124,1,-1,4,1,4
201601MM70626,1,3,0,7,0,8,0,0,0,0,1,1,2,1,41,7,79,1,33,5,1,5
201601MM70626,2,1,0,18,0,8,0,0,0,0,1,1,6,1,31,6,-1,-1,-1,4,1,4
201601MM70628,1,8,0,18,0,8,0,0,0,0,1,1,1,1,47,8,-1,-1,-1,7,1,7
201601MM70628,2,1,0,18,0,1,0,0,0,0,1,1,6,1,17,4,-1,-1,-1,7,1,7
201601MM70629,1,8,0,7,0,5,0,0,0,0,4,1,1,1,71,10,2402,2,14,5,1,5
201601MM70629,2,1,0,18,0,1,0,0,0,0,3,1,6,1,43,7,-1,-1,-1,2,1,2
201601MM70630,1,11,0,16,0,0,0,0,0,0,0,1,1,1,57,9,4500,2,1,4,1,4
201601MM70631,1,1,0,18,4,0,0,0,0,0,3,1,6,2,28,6,-1,-1,-1,3,1,3
201601MM70631,2,11,0,18,0,0,0,0,0,0,4,1,1,3,-1,-1,6700,2,4,-1,-1,-1
201601MM70632,1,3,0,18,0,0,0,0,0,0,1,1,6,1,26,6,108,1,-1,3,1,3
201601MM70632,2,9,0,6,0,0,0,0,0,0,3,1,6,1,-1,-1,1968,2,4,-1,-1,-1
201601MM70633,1,3,0,18,0,8,0,0,0,0,1,1,6,1,21,5,124,1,1,-1,-1,-1
201601MM70633,2,8,0,9,0,8,0,0,0,0,4,1,6,1,52,8,2402,2,14,-1,-1,-1
201601MM70634,1,19,0,4,0,1,0,0,0,0,2,1,1,1,42,7,1598,2,3,2,1,2
201601MM70634,2,9,0,18,0,1,0,0,0,0,1,1,1,1,44,7,1797,8,3,2,1,2
201601MM70635,1,9,0,4,0,8,0,0,0,0,2,1,6,1,48,8,996,1,7,-1,-1,-1
201601MM70635,2,9,0,5,0,8,0,0,0,0,1,1,6,1,18,4,1997,2,1,-1,-1,-1
201601MM70636,1,9,0,3,0,8,0,0,0,0,2,1,6,1,53,8,-1,-1,-1,3,1,3
201601MM70636,2,9,0,18,0,8,0,0,0,0,1,1,6,1,-1,-1,1560,2,1,-1,-1,-1
201601MM70637,1,8,0,3,0,8,0,0,0,0,1,1,1,1,38,7,1685,2,3,5,1,5
201601MM70638,1,9,0,18,0,0,0,0,0,0,1,1,6,1,25,5,1995,2,-1,6,1,6
201601MM70639,1,3,0,3,0,1,0,0,0,0,2,1,6,1,32,6,124,1,6,3,1,3
201601MM70639,2,9,0,18,0,1,0,0,0,0,1,1,6,2,43,7,-1,-1,-1,2,1,2
201601MM70640,1,19,0,7,0,8,0,0,0,0,4,1,6,1,47,8,1753,2,4,4,1,4
201601MM70640,2,5,0,18,0,8,0,0,0,0,1,1,6,1,30,6,599,1,13,1,1,1
201601MM70641,1,9,0,3,0,1,0,0,0,0,2,1,1,1,43,7,1599,1,13,2,1,2
201601MM70641,2,9,0,3,0,1,0,0,0,0,2,1,6,1,-1,-1,1497,1,14,-1,-1,-1
201601MM70641,3,9,0,18,0,1,0,0,0,0,1,1,6,3,-1,-1,-1,-1,-1,-1,-1,-1
201601MM70642,1,9,0,18,0,1,0,0,0,0,4,1,6,1,36,7,1461,2,7,3,1,3
201601MM70642,2,9,0,12,0,1,0,0,0,0,3,1,6,1,-1,-1,-1,-1,-1,-1,-1,-1
201601MM70643,1,9,0,18,0,8,0,0,0,0,1,1,6,1,35,6,999,1,1,2,1,2
201601MM70643,2,20,0,9,0,8,0,0,0,0,3,1,6,1,25,5,-1,-1,-1,5,1,5
201601MM70644,1,4,0,18,0,8,0,0,0,0,1,1,6,1,37,7,250,1,2,5,1,5
201601MM70644,2,1,0,18,0,8,0,0,0,0,3,1,6,1,27,6,-1,-1,-1,6,1,6
201601MM70645,1,19,0,9,0,8,0,0,0,0,1,1,1,1,47,8,-1,-1,-1,2,1,2
201601MM70645,2,1,0,18,0,8,0,0,0,0,1,1,6,1,33,6,-1,-1,-1,1,1,1
201601MM70646,1,9,0,18,0,8,0,0,0,0,1,1,6,1,56,9,-1,-1,-1,-1,-1,-1
201601MM70647,1,11,0,18,0,8,0,0,0,0,0,1,1,1,46,8,6696,2,3,2,1,2
201601MM70648,1,9,0,18,2,8,0,0,1,2,1,1,6,2,52,8,1998,1,14,-1,-1,-1
201601MM70649,1,1,0,17,0,8,0,0,0,0,1,1,6,1,27,6,-1,-1,-1,4,1,4
201601MM70649,2,9,0,9,0,8,0,0,0,0,4,1,6,1,-1,-1,2616,1,10,-1,-1,-1
201601MM70652,1,9,0,9,0,8,0,0,0,0,1,1,1,1,25,5,-1,-1,-1,1,1,1
201601MM70652,2,1,0,18,0,8,0,0,0,0,1,1,6,1,58,9,-1,-1,-1,5,1,5
201601MM70654,1,1,0,18,0,0,0,0,0,0,3,1,2,1,39,7,-1,-1,-1,2,1,2
201601MM70654,2,9,0,6,0,0,0,0,0,0,1,1,6,1,-1,-1,1598,1,10,-1,-1,-1
201601MM70655,1,9,0,18,0,8,0,0,0,0,1,1,6,1,36,7,-1,-1,-1,10,1,10
201601MM70655,2,1,0,18,0,8,0,0,0,0,1,1,6,1,19,4,-1,-1,-1,4,1,4
201601MM70656,1,9,0,4,0,8,0,0,0,0,1,1,6,2,-1,-1,1790,8,2,6,1,6
201601MM70656,2,9,0,4,0,8,0,0,0,0,2,1,6,1,-1,-1,1997,2,1,-1,-1,-1
201601MM70657,1,1,0,18,0,8,0,0,0,0,1,1,6,2,25,5,-1,-1,-1,-1,-1,-1
201601MM70657,2,9,0,9,0,8,0,0,0,0,3,1,6,1,-1,-1,1796,1,5,2,1,2
201601MM70658,1,9,0,4,0,2,0,0,0,0,2,1,6,1,40,7,998,1,14,1,1,1
201601MM70658,2,9,0,18,0,2,0,0,0,0,1,1,6,2,-1,-1,1598,1,4,-1,-1,-1
201601MM70659,1,3,0,18,0,0,0,0,0,0,1,1,1,1,33,6,125,1,3,4,1,4
201601MM70660,1,9,0,18,0,8,0,0,0,0,4,1,6,1,-1,-1,-1,-1,-1,-1,-1,-1
201601MM70661,1,9,0,3,0,0,0,0,0,0,3,1,6,1,42,7,1600,1,12,4,1,4
201601MM70661,2,1,0,14,0,0,0,0,0,0,4,1,6,1,26,6,-1,-1,-1,-1,-1,-1
201601MM70663,1,5,0,15,0,0,0,8,0,0,1,1,2,1,50,8,1170,1,10,10,1,10
201601MM70663,2,9,0,3,0,0,0,0,0,0,4,2,6,2,-1,-1,-1,-1,-1,2,1,2
201601MM70664,1,9,0,7,0,8,0,0,0,0,4,1,6,2,25,5,-1,-1,-1,3,1,3
201601MM70664,2,1,0,18,0,8,0,0,0,0,1,1,6,1,24,5,-1,-1,-1,1,1,1
201601MM70666,1,9,0,9,0,8,0,0,0,0,4,1,6,1,-1,-1,1699,1,7,-1,-1,-1
201601MM70666,2,1,0,18,0,8,0,0,0,0,1,1,6,2,25,5,-1,-1,-1,9,1,9
201601MM70667,1,9,0,18,0,1,1,10,7,2,1,1,6,1,29,6,2993,2,1,2,1,2
201601MM70669,1,9,0,9,0,8,0,0,0,0,1,1,1,1,55,8,-1,-1,-1,8,1,8
201601MM70669,2,1,0,18,0,8,0,0,0,0,1,1,2,1,38,7,-1,-1,-1,7,1,7
201601MM70670,1,3,0,18,0,8,0,0,0,0,1,1,6,1,38,7,124,1,1,3,1,3
201601MM70670,2,9,0,9,0,8,0,0,0,0,4,1,6,2,35,6,1598,1,11,-1,-1,-1
201601MM70671,1,9,0,18,0,8,0,0,0,0,3,1,6,1,64,9,1598,1,4,3,1,3
201601MM70671,2,1,0,9,0,8,0,0,0,0,1,1,6,1,51,8,-1,-1,-1,3,1,3
201601MM70672,1,9,0,9,0,8,0,0,0,0,1,1,1,1,37,7,1797,8,3,2,1,2
201601MM70672,2,1,0,18,0,8,0,0,0,0,3,1,2,1,30,6,-1,-1,-1,4,1,4
201601MM70673,1,9,0,9,0,2,0,0,0,0,1,1,6,1,-1,-1,1995,2,4,-1,-1,-1
201601MM70674,1,9,0,18,0,0,0,0,0,0,1,1,6,1,-1,-1,-1,-1,-1,-1,-1,-1
201601MM70675,1,8,0,18,0,1,0,0,0,0,0,1,1,1,-1,-1,1968,2,1,2,1,2
201601MM70676,1,9,0,18,0,0,0,0,0,0,1,1,6,1,60,9,-1,-1,-1,6,1,6
201601MM70676,2,9,0,4,0,0,0,0,0,0,0,1,1,1,22,5,1686,2,11,4,1,4
201601MM70677,1,9,0,18,0,0,0,0,0,0,4,1,6,3,-1,-1,1870,2,9,-1,-1,-1
201601MM70678,1,9,0,7,0,8,0,0,0,0,1,1,6,1,57,9,1399,1,8,7,1,7
201601MM70678,2,1,0,18,0,8,0,0,0,0,4,1,6,2,28,6,-1,-1,-1,5,1,5
201601MM70679,1,9,0,4,0,0,0,0,0,0,2,1,6,1,35,6,1796,1,12,4,1,4
201601MM70679,2,9,0,18,0,0,0,0,0,0,1,1,6,1,-1,-1,1968,2,3,-1,-1,-1
201601MM70680,1,9,0,18,0,2,0,4,0,0,1,1,6,2,48,8,1229,1,6,5,1,5
201601MM70680,2,19,0,2,0,2,0,4,0,0,2,1,6,2,-1,-1,-1,-1,-1,4,1,4
201601MM70680,3,19,0,2,0,2,0,0,0,0,2,1,6,2,-1,-1,2198,2,8,4,1,4
201601MM70681,1,9,0,18,0,1,0,0,0,0,1,1,6,1,-1,-1,1598,1,12,-1,-1,-1
201601MM70683,1,9,0,18,0,0,0,0,0,0,3,1,6,1,23,5,1995,1,9,2,1,2
201601MM70683,2,9,0,18,0,0,0,0,0,0,3,1,6,2,51,8,1984,1,14,4,1,4
201601MM70684,1,9,0,2,0,0,0,0,0,0,3,1,6,1,57,9,1397,1,15,3,1,3
201601MM70684,2,1,0,18,0,0,0,0,0,0,1,1,6,1,29,6,-1,-1,-1,4,1,4
201601MM70685,1,9,0,18,0,8,0,0,0,0,1,1,6,2,34,6,1368,1,6,4,1,4
201601MM70686,1,9,0,18,0,0,0,0,0,0,1,1,6,1,22,5,-1,-1,-1,-1,-1,-1
201601MM70687,1,9,0,18,0,0,0,0,0,0,0,1,1,1,43,7,1998,1,10,5,1,5
201601MM70687,2,9,0,18,0,0,0,0,0,0,2,1,1,1,-1,-1,-1,-1,-1,-1,-1,-1
201601MM70688,1,4,0,18,0,8,0,0,0,0,1,1,6,1,23,5,125,1,12,-1,-1,-1
201601MM70688,2,9,0,9,0,5,0,0,0,0,3,1,6,1,22,5,1596,1,12,4,1,4
201601MM70689,1,9,0,4,0,2,0,0,0,0,1,1,6,2,23,5,1198,1,12,2,1,2
201601MM70689,2,9,0,4,0,2,0,0,0,0,2,1,6,1,18,4,1995,2,-1,2,1,2
201601MM70690,1,9,0,7,0,8,0,0,0,0,4,1,6,1,38,7,1587,1,9,2,1,2
201601MM70690,2,3,0,18,0,8,0,0,0,0,1,1,6,1,17,4,-1,-1,-1,2,1,2
201601MM70691,1,3,0,18,0,1,0,0,0,0,1,1,1,1,26,6,125,1,3,-1,-1,-1
201601MM70691,2,3,0,18,0,1,0,0,0,0,1,1,6,2,60,9,-1,-1,-1,-1,-1,-1
201601MM70692,1,21,0,4,0,8,0,0,0,0,1,1,1,1,75,10,-1,-1,-1,2,1,2
201601MM70692,2,9,0,4,0,8,0,0,0,0,2,1,2,1,30,6,-1,-1,-1,-1,-1,-1
201601MM70693,1,5,0,18,0,8,0,0,0,0,3,1,1,1,-1,-1,-1,-1,-1,-1,-1,-1
201601MM70694,1,1,0,7,0,8,0,0,0,0,1,1,6,1,56,9,-1,-1,-1,4,1,4
201601MM70694,2,9,0,18,0,8,0,0,0,0,1,1,6,1,-1,-1,1197,1,-1,-1,-1,-1
201601MM70696,1,9,0,17,0,2,0,10,1,10,1,1,6,1,43,7,1799,1,7,2,1,2
201601MM70698,1,11,0,4,0,2,0,0,0,0,0,1,1,1,50,8,-1,-1,-1,3,1,3
201601MM70699,1,9,0,18,0,8,0,0,0,0,4,1,6,1,41,7,1587,1,12,3,1,3
201601MM70699,2,9,0,18,0,8,0,0,0,0,1,1,6,1,85,11,-1,-1,-1,4,1,4
201601MM70701,1,5,0,18,0,8,0,0,0,0,1,1,6,1,28,6,599,1,5,3,1,3
201601MM70701,2,9,0,18,0,8,1,0,0,0,3,1,6,1,48,8,2290,1,16,4,1,4
201601MM70702,1,90,0,18,0,8,0,0,0,0,2,1,2,1,18,4,-1,-1,-1,-1,-1,-1
201601MM70702,2,3,0,18,0,8,1,0,0,0,1,1,2,1,18,4,-1,-1,-1,2,1,2
201601MM70703,1,2,0,18,0,8,1,0,0,0,1,1,6,1,41,7,125,1,-1,2,1,2
201601MM70703,2,9,0,9,0,8,0,0,0,0,1,1,2,1,-1,-1,3436,1,2,4,1,4
201601MM70704,1,20,0,1,0,8,0,0,0,0,1,1,6,1,46,8,-1,-1,-1,3,1,3
201601MM70706,1,9,0,9,0,8,0,0,0,0,3,1,6,1,35,6,1598,1,7,7,1,7
201601MM70706,2,5,0,13,0,8,0,0,0,0,4,1,6,1,27,6,600,1,16,5,1,5
201601MM70709,1,8,0,18,0,8,0,0,0,0,4,1,6,1,47,8,2499,2,2,6,1,6
201601MM70709,2,3,0,7,0,8,0,0,0,0,1,1,6,1,20,4,124,1,11,-1,-1,-1
201601MM70710,1,9,0,18,0,2,0,0,0,0,1,1,6,1,40,7,1796,1,7,2,1,2
201601MM70710,2,9,0,18,0,2,0,0,0,0,2,1,6,1,22,5,1796,1,10,5,1,5
201601MM70711,1,9,0,18,0,8,0,0,0,0,0,1,2,2,37,7,1686,2,8,-1,-1,-1
201601MM70711,2,1,0,11,0,1,0,0,0,0,1,1,6,1,-1,-1,-1,-1,-1,-1,-1,-1
201601MM70712,1,1,0,18,0,8,0,0,0,0,1,1,6,1,30,6,-1,-1,-1,4,1,4
201601MM70712,2,5,0,9,0,8,0,0,0,0,3,1,6,1,-1,-1,-1,-1,-1,-1,-1,-1
201601MM70714,1,9,0,18,0,8,0,0,0,0,1,1,6,1,33,6,1791,8,5,1,1,1
201601MM70714,2,1,0,18,0,3,0,0,0,0,1,1,6,1,33,6,-1,-1,-1,1,1,1
201601MM70715,1,9,0,9,0,8,0,0,0,0,1,1,1,1,66,10,-1,-1,-1,2,1,2
201601MM70715,2,2,0,18,0,8,0,0,0,0,1,1,1,1,-1,-1,-1,-1,-1,2,1,2
201601MM70717,1,9,0,9,0,8,0,7,0,0,2,1,6,1,18,4,1198,1,10,10,1,10
201601MM70717,2,9,0,9,0,8,0,0,0,0,2,1,6,1,-1,-1,-1,-1,-1,-1,-1,-1
201601MM70718,1,11,0,18,0,8,0,0,0,0,1,1,1,1,43,7,6692,2,7,4,1,4
201601MM70719,1,9,0,11,0,8,0,0,0,0,3,1,6,1,36,7,-1,-1,-1,-1,-1,-1
201601MM70719,2,1,0,18,0,8,0,0,0,0,4,1,6,1,36,7,-1,-1,-1,3,1,3
201601MM70720,1,9,0,8,0,8,0,0,0,0,2,1,6,1,33,6,-1,-1,-1,2,1,2
201601MM70720,2,2,0,18,0,8,0,0,0,0,2,1,6,1,-1,-1,125,1,7,-1,-1,-1
201601MM70721,1,9,0,18,0,8,2,0,0,0,2,1,6,1,59,9,2480,1,-1,2,1,2
201601MM70721,2,9,0,18,0,8,0,0,0,0,1,1,6,1,-1,-1,1968,2,6,-1,-1,-1
201601MM70723,1,1,0,9,0,8,0,0,0,0,1,1,6,1,46,8,-1,-1,-1,5,1,5
201601MM70723,2,9,0,18,0,8,0,0,0,0,4,1,6,1,-1,-1,-1,-1,-1,-1,-1,-1
201601MM70724,1,9,0,15,0,8,0,0,0,0,1,1,6,3,-1,-1,1968,2,8,-1,-1,-1
201601MM70724,2,1,0,18,0,8,0,0,0,0,1,1,6,2,21,5,-1,-1,-1,-1,-1,-1
201601MM70725,1,9,0,9,0,8,0,0,0,0,3,1,1,2,30,6,-1,-1,-1,2,1,2
201601MM70725,2,9,0,18,0,8,0,0,0,0,1,1,6,3,-1,-1,-1,-1,-1,-1,-1,-1
201601MM70726,1,19,0,18,0,1,0,0,0,0,2,1,1,1,62,9,2402,2,11,3,1,3
201601MM70726,2,5,0,18,0,1,0,0,0,0,2,1,2,1,28,6,806,1,-1,-1,-1,-1
201601MM70726,3,9,0,18,0,1,0,0,0,0,1,1,2,1,49,8,-1,-1,-1,10,1,10
201601MM70727,1,1,0,18,0,0,1,0,0,0,1,1,2,1,50,8,-1,-1,-1,3,1,3
201601MM70727,2,9,0,2,0,0,0,0,0,0,3,1,6,1,-1,-1,-1,-1,-1,-1,-1,-1
201601MM70728,1,1,0,18,0,2,0,0,0,0,0,1,6,1,52,8,-1,-1,-1,8,1,8
201601MM70729,1,9,0,18,0,8,0,0,0,0,3,1,6,1,46,8,1997,2,5,1,1,1
201601MM70729,2,9,0,18,0,8,0,0,0,0,1,1,6,3,-1,-1,-1,-1,-1,-1,-1,-1
201601MM70730,1,9,0,5,0,0,0,0,0,0,1,1,6,1,-1,-1,-1,-1,-1,-1,-1,-1
201601MM70731,1,9,0,9,0,2,0,0,0,0,1,1,6,2,-1,-1,-1,-1,-1,-1,-1,-1
201601MM70732,1,19,0,18,0,8,0,0,0,0,1,1,1,1,29,6,1995,2,2,2,1,2
201601MM70732,2,9,0,9,0,8,0,0,0,0,4,1,6,1,23,5,1229,1,3,6,2,6
201601MM70733,1,9,0,18,0,8,0,0,0,0,2,1,6,1,32,6,1599,1,12,2,1,2
201601MM70733,2,9,0,18,0,8,0,0,0,0,1,1,6,1,56,9,-1,-1,-1,2,1,2
201601MM70734,1,1,0,18,0,8,1,0,0,0,1,1,6,1,54,8,-1,-1,-1,5,1,5
201601MM70734,2,9,0,9,0,1,0,0,0,0,1,1,6,2,-1,-1,-1,-1,-1,-1,-1,-1
201601MM70736,1,9,0,3,0,1,0,0,0,0,1,1,6,1,23,5,1360,1,10,4,1,4
201601MM70736,2,9,0,4,0,1,0,0,0,0,2,1,6,1,60,9,2967,2,1,9,1,9
201601MM70736,3,9,0,4,0,1,0,0,0,0,2,1,6,2,29,6,1461,2,2,2,1,2
201601MM70737,1,9,0,9,0,8,0,0,0,0,4,1,6,2,26,6,-1,-1,-1,2,1,2
201601MM70737,2,3,0,18,0,8,0,0,0,0,1,1,6,1,19,4,125,1,3,4,1,4
201601MM70738,1,1,0,9,0,8,0,0,0,0,1,1,2,2,29,6,-1,-1,-1,-1,-1,-1