Accident_Index,Vehicle_Reference,Vehicle_Type,Towing_and_Articulation,Vehicle_Manoeuvre,Vehicle_Location-Restricted_Lane,Junction_Location,Skidding_and_Overturning,Hit_Object_in_Carriageway,Vehicle_Leaving_Carriageway,Hit_Object_off_Carriageway,1st_Point_of_Impact,Was_Vehicle_Left_Hand_Drive?,Journey_Purpose_of_Driver,Sex_of_Driver,Age_of_Driver,Age_Band_of_Driver,Engine_Capacity_(CC),Propulsion_Code,Age_of_Vehicle,Driver_IMD_Decile,Driver_Home_Area_Type,Vehicle_IMD_Decile
201601MM70738,2,9,0,18,0,8,0,0,0,0,1,1,6,2,58,9,1997,1,3,3,1,3
201601MM70739,1,9,0,18,0,1,1,0,0,0,2,1,6,2,36,7,1598,1,11,4,1,4
201601MM70739,2,9,0,18,0,1,0,0,0,0,1,1,6,1,-1,-1,-1,-1,-1,-1,-1,-1
201601MM70741,1,3,0,18,0,3,0,0,0,0,3,1,6,1,23,5,-1,-1,-1,4,1,4
201601MM70741,2,9,0,18,0,2,2,0,0,0,4,1,6,1,-1,-1,-1,-1,-1,-1,-1,-1
201601MM70742,1,9,0,18,0,8,0,0,0,0,3,1,6,1,24,5,2148,2,8,2,1,2
201601MM70742,2,9,0,7,0,8,0,0,0,0,4,1,6,1,-1,-1,-1,-1,-1,-1,-1,-1
201601MM70743,1,9,0,18,0,8,0,0,0,0,1,1,6,2,30,6,-1,-1,-1,3,1,3
201601MM70743,2,9,0,18,0,8,0,0,0,0,2,1,6,2,28,6,2179,2,4,4,1,4
201601MM70744,1,1,0,18,0,8,0,0,0,0,1,1,6,1,26,6,-1,-1,-1,5,1,5
201601MM70744,2,19,0,9,0,8,0,0,0,0,1,1,6,1,-1,-1,2148,2,9,-1,-1,-1
201601MM70745,1,9,0,18,0,8,0,0,0,0,1,1,1,3,-1,-1,-1,-1,-1,-1,-1,-1
201601MM70746,1,9,0,7,0,8,0,0,0,0,3,1,6,1,47,8,1798,1,4,-1,-1,-1
201601MM70746,2,1,0,18,0,8,0,0,0,0,1,1,6,2,24,5,-1,-1,-1,2,1,2
201601MM70747,1,9,0,18,0,8,0,0,0,0,1,1,1,3,-1,-1,-1,-1,-1,-1,-1,-1
201601MM70747,2,9,0,18,0,8,0,0,0,0,4,1,1,2,40,7,-1,-1,-1,9,1,9
201601MM70748,1,11,0,18,0,0,0,0,0,0,1,1,1,1,48,8,4461,2,2,-1,-1,-1
201601MM70750,1,3,0,4,0,2,0,0,0,0,1,1,6,1,33,6,125,1,2,4,1,4
201601MM70750,2,9,0,4,0,2,0,0,0,0,2,1,6,2,30,6,-1,-1,-1,2,1,2
201601MM70751,1,9,0,18,0,1,0,0,0,0,1,1,6,3,-1,-1,1497,8,-1,-1,-1,-1
201601MM70752,1,9,0,18,0,8,0,0,0,0,4,1,2,1,31,6,-1,-1,-1,2,1,2
201601MM70752,2,1,0,18,0,8,0,0,0,0,1,1,6,1,30,6,-1,-1,-1,4,1,4
201601MM70754,1,3,0,18,0,8,0,0,0,0,1,1,1,1,22,5,-1,-1,-1,-1,-1,-1
201601MM70754,2,9,0,18,0,8,0,0,0,0,1,1,1,2,-1,-1,-1,-1,-1,6,1,6
201601MM70755,1,11,0,5,2,1,0,0,0,0,0,1,1,1,42,7,-1,-1,-1,3,1,3
201601MM70756,1,9,0,9,0,8,0,0,0,0,1,1,2,1,39,7,1984,1,10,2,1,2
201601MM70756,2,1,0,18,0,8,0,0,0,0,1,1,2,1,21,5,-1,-1,-1,-1,-1,-1
201601MM70757,1,9,0,5,0,0,0,0,0,0,1,1,6,3,-1,-1,-1,-1,-1,-1,-1,-1
201601MM70758,1,11,0,18,0,0,0,0,0,0,0,1,1,1,45,7,4500,2,-1,-1,-1,-1
201601MM70759,1,11,0,12,0,0,0,0,0,0,1,1,1,1,-1,-1,6700,2,7,4,1,4
201601MM70759,2,1,0,18,2,0,0,0,0,0,1,1,6,1,22,5,-1,-1,-1,3,1,3
201601MM70760,1,9,0,18,5,0,0,0,0,0,1,1,6,1,41,7,1596,1,11,1,1,1
201601MM70760,2,5,0,18,0,0,0,0,0,0,1,1,6,1,48,8,-1,-1,-1,5,1,5
201601MM70761,1,9,0,18,0,8,0,0,0,0,1,1,6,1,26,6,1198,1,-1,7,1,7
201601MM70761,2,9,0,18,0,8,0,0,0,0,2,1,6,1,49,8,1388,1,12,2,1,2
201601MM70763,1,9,0,18,0,1,0,4,0,0,1,1,6,1,39,7,-1,-1,-1,2,1,2
201601MM70763,2,9,0,2,0,1,0,0,0,0,2,1,6,3,-1,-1,-1,-1,-1,-1,-1,-1
201601MM70763,3,9,0,2,0,1,0,0,0,0,2,1,6,3,-1,-1,-1,-1,-1,-1,-1,-1
201601MM70765,1,9,0,18,0,0,0,0,0,0,1,1,6,1,-1,-1,-1,-1,-1,-1,-1,-1
201601MM70766,1,8,0,3,0,1,0,0,0,0,4,1,6,1,32,6,-1,-1,-1,4,1,4
201601MM70766,2,1,0,15,0,1,0,0,0,0,1,1,6,1,30,6,-1,-1,-1,6,1,6
201601MM70767,1,3,0,18,0,8,0,0,0,0,1,1,6,1,35,6,125,1,1,4,1,4
201601MM70767,2,9,0,9,0,8,0,0,0,0,1,1,6,1,37,7,1596,1,4,2,1,2
201601MM70768,1,9,0,18,0,1,0,0,0,0,1,1,6,1,55,8,1364,2,7,1,1,1
201601MM70769,1,9,0,3,0,8,0,0,0,0,2,1,6,1,54,8,2497,1,6,6,1,6
201601MM70769,2,9,0,18,0,8,0,0,0,0,1,1,6,3,-1,-1,-1,-1,-1,-1,-1,-1
201601MM70770,1,11,0,18,0,0,0,0,0,0,4,1,1,1,63,9,6700,2,4,5,1,5
201601MM70770,2,9,0,12,2,0,0,0,0,0,3,1,6,1,31,6,-1,-1,-1,2,1,2
201601MM70771,1,3,0,18,0,0,0,0,0,0,1,1,6,1,28,6,-1,-1,-1,9,1,9
201601MM70771,2,9,0,6,0,0,0,0,0,0,3,1,6,3,-1,-1,1587,1,9,-1,-1,-1
201601MM70772,1,1,0,18,0,8,0,0,0,0,3,1,6,1,44,7,-1,-1,-1,5,1,5
201601MM70772,2,8,0,9,0,8,0,0,0,0,1,1,1,1,-1,-1,2402,2,14,-1,-1,-1
201601MM70773,1,1,0,18,0,1,0,0,0,0,1,1,6,1,36,7,-1,-1,-1,8,3,8
201601MM70774,1,1,0,18,0,8,0,0,0,0,4,1,2,1,31,6,-1,-1,-1,4,1,4
201601MM70774,2,9,0,18,0,8,0,0,0,0,1,1,6,3,-1,-1,998,1,3,-1,-1,-1
201601MM70775,1,90,0,10,0,8,0,0,0,0,1,1,1,1,-1,-1,2143,2,4,-1,-1,-1
201601MM70775,2,2,0,18,0,8,0,0,0,0,1,1,6,1,46,8,124,1,2,10,1,10
201601MM70778,1,9,0,18,0,1,0,0,0,0,3,1,6,2,41,7,1587,1,12,10,1,10
201601MM70778,2,9,0,11,0,1,0,0,0,0,4,1,6,1,35,6,-1,-1,-1,-1,-1,-1
201601MM70780,1,3,0,18,0,1,0,0,0,0,1,1,6,1,20,4,125,1,-1,2,1,2
201601MM70782,1,4,0,18,2,0,0,0,0,0,1,1,2,1,51,8,264,1,12,3,1,3
201601MM70784,1,9,0,1,0,0,0,0,0,0,1,1,1,1,26,6,2143,2,5,2,1,2
201601MM70790,1,9,0,5,0,5,0,0,0,0,1,1,6,1,71,10,1124,1,13,-1,-1,-1
201601MM70790,2,3,0,18,0,1,0,0,0,0,3,1,6,1,-1,-1,-1,-1,-1,3,1,3
201601MM70791,1,1,0,18,0,0,0,0,0,0,1,1,6,1,24,5,-1,-1,-1,3,1,3
201601MM70792,1,3,0,18,0,8,0,0,0,0,1,1,6,1,38,7,-1,-1,-1,4,1,4
201601MM70792,2,9,0,9,0,8,0,0,0,0,3,1,6,2,27,6,998,1,-1,1,1,1
201601MM70798,1,9,0,3,0,0,0,0,0,0,2,1,6,1,34,6,2457,1,14,3,1,3
201601MM70798,2,9,0,4,0,0,0,0,0,0,1,1,6,1,-1,-1,1596,1,11,-1,-1,-1
201601MM70804,1,1,0,18,0,8,0,0,0,0,1,1,6,2,26,6,-1,-1,-1,7,1,7
201601MM70804,2,19,0,7,0,8,0,0,0,0,4,1,6,1,-1,-1,-1,-1,-1,-1,-1,-1
201601MM70805,1,1,0,18,0,8,0,0,0,0,1,1,6,1,58,9,-1,-1,-1,3,1,3
201601MM70805,2,9,0,9,0,8,0,0,0,0,4,1,6,3,-1,-1,-1,-1,-1,-1,-1,-1
201601MM70813,1,3,0,4,0,8,0,0,0,0,2,1,6,1,36,7,-1,-1,-1,3,1,3
201601MM70813,2,9,0,18,0,8,0,0,0,0,1,1,6,2,55,8,-1,-1,-1,2,1,2
201601MM70814,1,9,0,18,0,8,0,0,0,0,1,1,6,1,41,7,1998,2,10,8,1,8
201601MM70814,2,9,0,4,0,8,0,0,0,0,2,1,6,2,36,7,1896,2,8,2,1,2
201601MM70817,1,8,0,18,0,8,0,0,0,0,2,1,6,1,31,6,1797,8,3,2,1,2
201601MM70817,2,9,0,18,0,8,0,0,0,0,2,1,6,1,22,5,1995,2,3,6,1,6
201601MM70821,1,3,0,18,0,8,0,0,0,0,4,1,6,1,31,6,-1,-1,-1,2,1,2
201601MM70829,1,9,0,18,0,8,0,0,0,0,3,1,6,2,37,7,1199,1,17,1,1,1
201601MM70829,2,9,0,9,0,8,0,0,0,0,1,1,6,1,-1,-1,1686,2,4,3,1,3
201601MM70838,1,11,0,18,0,0,0,0,0,0,4,1,1,1,28,6,9360,2,7,-1,-1,-1
201601MM70841,1,19,0,7,0,8,0,0,0,0,4,1,6,1,60,9,-1,-1,-1,2,1,2
201601MM70841,2,1,0,18,4,8,0,0,0,0,1,1,6,1,32,6,-1,-1,-1,3,1,3
201601MM70846,1,1,0,18,0,8,1,0,0,0,1,1,2,1,-1,-1,-1,-1,-1,-1,-1,-1
201601MM70846,2,9,0,9,0,8,0,0,0,0,1,1,6,1,-1,-1,-1,-1,-1,-1,-1,-1
201601MM70849,1,4,0,18,0,8,0,0,0,0,4,1,6,2,35,6,-1,-1,-1,4,1,4
201601MM70849,2,9,0,9,0,8,0,0,0,0,1,1,6,1,44,7,-1,-1,-1,8,1,8
201601MM70854,1,9,0,18,0,8,0,0,0,0,1,1,6,1,29,6,-1,-1,-1,2,1,2
201601MM70854,2,2,0,18,0,8,0,0,0,0,1,1,6,1,-1,-1,124,1,3,10,1,10
201601MM70855,1,1,0,18,4,8,0,0,0,0,1,1,2,1,42,7,-1,-1,-1,4,1,4
201601MM70855,2,19,0,1,4,8,0,0,0,0,2,1,6,1,-1,-1,1598,2,1,-1,-1,-1
201601MM70866,1,8,0,9,0,8,0,0,0,0,3,1,1,1,64,9,2499,2,6,7,1,7
201601MM70866,2,5,0,18,0,8,0,0,0,0,1,1,6,1,55,8,999,1,-1,9,1,9
201601MM70870,1,9,0,18,0,0,0,0,0,0,3,1,6,1,37,7,2148,2,7,3,1,3
201601MM70876,1,9,0,18,0,8,0,0,0,0,4,1,6,2,26,6,1591,1,1,2,1,2
201601MM70878,1,11,0,5,0,0,0,0,0,0,3,1,1,1,39,7,7300,2,12,2,1,2
201601MM70879,1,1,0,18,0,8,0,0,0,0,1,1,6,1,43,7,-1,-1,-1,8,1,8
201601MM70879,2,9,0,7,0,8,0,0,0,0,4,1,6,1,-1,-1,-1,-1,-1,-1,-1,-1
201601MM70880,1,9,0,3,0,8,0,0,0,0,2,1,6,2,40,7,1995,2,11,2,1,2
201601MM70880,2,9,0,18,0,8,0,0,0,0,1,1,6,1,-1,-1,1798,1,10,-1,-1,-1
201601MM70881,1,9,0,6,0,8,0,0,0,0,3,1,6,1,22,5,-1,-1,-1,4,1,4
201601MM70881,2,3,0,18,0,8,0,0,0,0,1,1,6,1,35,6,-1,-1,-1,1,1,1
201601MM70896,1,9,0,3,0,2,0,0,0,0,3,1,6,2,37,7,998,1,3,4,1,4
201601MM70896,2,9,0,1,0,1,0,0,0,0,2,1,6,3,-1,-1,-1,-1,-1,-1,-1,-1
201601MM70908,1,5,0,18,0,1,0,0,0,0,3,1,6,1,29,6,-1,-1,-1,9,1,9
201601MM70908,2,9,0,7,0,5,0,0,0,0,4,1,6,3,-1,-1,-1,-1,-1,-1,-1,-1
201601MM70920,1,19,0,3,0,1,0,0,0,0,2,1,6,1,33,6,1995,2,-1,5,1,5
201601MM70920,2,9,0,4,0,1,0,0,0,0,1,1,6,1,-1,-1,-1,-1,-1,-1,-1,-1
201601MM70922,1,11,0,13,0,0,0,0,0,0,4,1,1,1,37,7,4500,2,-1,2,1,2
201601MM70922,2,1,0,18,0,0,0,0,0,0,3,1,6,2,26,6,-1,-1,-1,-1,-1,-1
201601MM70926,1,1,0,18,0,8,0,0,0,0,1,1,2,1,28,6,-1,-1,-1,6,1,6
201601MM70926,2,9,0,9,0,8,0,0,0,0,4,1,6,2,-1,-1,-1,-1,-1,2,1,2
201601MM70927,1,1,0,9,0,8,0,0,0,0,4,1,6,1,26,6,-1,-1,-1,6,1,6
201601MM70927,2,9,0,18,0,8,0,0,0,0,1,1,6,1,-1,-1,1339,8,6,-1,-1,-1
201601MM70928,1,9,0,7,0,1,0,0,0,0,2,1,6,1,35,6,1598,1,7,2,1,2
201601MM70928,2,5,0,18,0,1,0,0,0,0,1,1,6,1,33,6,849,1,2,1,1,1
201601MM70930,1,9,0,15,0,8,0,0,0,0,4,1,6,1,32,6,1995,2,3,3,1,3
201601MM70930,2,1,0,18,0,8,0,0,0,0,3,1,6,1,45,7,-1,-1,-1,-1,-1,-1
201601MM70931,1,3,0,18,0,1,0,0,0,0,2,1,6,1,18,4,125,1,4,3,1,3
201601MM70931,2,9,0,18,0,1,0,0,0,0,1,1,6,1,31,6,1598,1,12,2,1,2
201601MM70932,1,9,0,5,0,1,0,0,0,0,2,1,6,1,25,5,1612,1,5,2,1,2
201601MM70932,2,9,0,5,0,1,0,0,0,0,1,1,6,3,-1,-1,-1,-1,-1,-1,-1,-1
201601MM70933,1,11,0,4,0,8,0,0,0,0,0,1,1,1,55,8,4500,2,4,6,1,6
201601MM70967,1,9,0,9,0,8,0,0,0,0,1,1,6,1,35,6,1560,2,9,-1,-1,-1
201601MM70967,2,1,0,18,0,8,0,0,0,0,1,1,6,1,43,7,-1,-1,-1,7,1,7
201601MM70981,1,1,0,18,0,8,0,0,0,0,1,1,6,2,24,5,-1,-1,-1,9,1,9
201601MM70982,1,5,0,18,0,8,0,0,0,0,4,1,6,1,28,6,998,1,17,2,1,2
201601MM70983,1,1,0,17,0,8,0,0,0,0,1,1,6,1,45,7,-1,-1,-1,6,1,6
201601MM70983,2,9,0,9,0,8,0,0,0,0,1,1,6,2,58,9,3301,1,11,8,1,8
201601MM70984,1,9,0,18,0,8,0,0,0,0,1,1,6,1,46,8,-1,-1,-1,2,1,2
201601MM70984,2,9,0,7,0,8,0,0,0,0,3,1,6,1,-1,-1,1596,1,8,-1,-1,-1
201601MM70985,1,3,0,18,0,8,0,0,0,0,4,1,6,1,35,6,125,1,8,2,1,2
201601MM70985,2,9,0,18,0,8,0,0,0,0,1,1,6,1,-1,-1,2521,1,9,-1,-1,-1
201601MM70986,1,9,0,18,0,8,0,0,0,0,1,1,6,1,43,7,1598,2,1,3,1,3
201601MM70986,2,9,0,9,0,8,0,0,0,0,4,1,6,1,50,8,1598,1,10,2,1,2
201601MM70987,1,8,0,18,0,8,0,0,0,0,4,1,6,1,51,8,-1,-1,-1,5,1,5
201601MM70988,1,11,0,7,0,8,0,0,0,0,0,1,1,2,36,7,-1,-1,-1,1,1,1
201601MM70989,1,9,0,7,0,8,0,0,0,0,3,1,6,1,50,8,1797,8,1,2,1,2
201601MM70989,2,1,0,18,0,8,0,0,0,0,1,1,6,1,22,5,-1,-1,-1,2,1,2
201601MM70990,1,1,0,18,0,8,0,0,0,0,1,1,6,1,28,6,-1,-1,-1,2,1,2
201601MM70990,2,9,0,9,0,8,0,0,0,0,4,1,6,1,-1,-1,-1,-1,-1,-1,-1,-1
201601MM70991,1,1,0,18,0,8,0,0,0,0,1,1,6,1,32,6,-1,-1,-1,8,1,8
201601MM70991,2,9,0,9,0,8,0,0,0,0,4,1,6,1,-1,-1,1997,2,2,-1,-1,-1
201601MM70992,1,9,0,15,0,8,0,0,0,0,4,1,6,1,45,7,-1,-1,-1,3,1,3
201601MM70992,2,1,0,18,0,8,0,0,0,0,3,1,6,2,24,5,-1,-1,-1,3,1,3
201601MM70999,1,1,0,18,0,8,0,0,0,0,3,1,2,2,38,7,-1,-1,-1,2,1,2
201601MM70999,2,9,0,7,0,8,0,0,0,0,2,1,6,3,-1,-1,-1,-1,-1,-1,-1,-1
201601MM71001,1,11,0,3,0,8,0,0,0,0,3,1,1,1,37,7,9360,2,7,2,1,2
201601MM71001,2,19,0,7,0,8,0,0,0,0,0,1,6,3,-1,-1,-1,-1,-1,-1,-1,-1
201601MM71001,3,1,0,14,0,8,0,0,0,0,4,1,6,1,40,7,-1,-1,-1,2,1,2
201601MM71002,1,9,0,18,0,8,0,0,0,0,1,1,1,1,50,8,-1,-1,-1,-1,-1,-1
201601MM71003,1,3,0,17,0,2,0,0,0,0,1,1,6,1,37,7,-1,-1,-1,2,1,2
201601MM71004,1,9,0,18,0,0,0,0,0,0,1,1,6,1,38,7,1995,1,8,2,1,2
201601MM71007,1,2,0,18,0,8,0,0,0,0,1,1,6,1,37,7,-1,-1,-1,2,1,2
201601MM71012,1,5,0,18,0,8,5,0,0,0,1,1,2,1,46,8,750,1,1,10,1,10
201601MM71012,2,9,0,7,0,8,0,0,0,0,4,1,6,2,-1,-1,1596,1,3,-1,-1,-1
201601MM71013,1,9,0,18,0,8,0,0,0,0,2,1,6,2,38,7,-1,-1,-1,7,1,7
201601MM71013,2,9,0,18,0,8,0,0,0,0,1,1,6,1,-1,-1,-1,-1,-1,-1,-1,-1
201601MM71014,1,1,0,9,0,8,0,0,0,0,1,1,1,1,22,5,-1,-1,-1,4,1,4
201601MM71014,2,19,0,18,0,8,0,0,0,0,1,1,1,1,45,7,1560,2,1,1,1,1
201601MM71015,1,9,0,18,0,8,0,0,0,0,4,1,2,1,22,5,1360,1,9,-1,-1,-1
201601MM71015,2,1,0,9,0,7,0,0,0,0,4,1,2,1,24,5,-1,-1,-1,-1,-1,-1
201601PL60003,1,5,0,18,0,8,0,0,0,0,4,1,6,1,37,7,652,1,14,2,1,2
201601PL60003,2,9,0,9,0,8,0,0,0,0,3,1,6,1,-1,-1,1896,2,15,-1,-1,-1
201601PL60005,1,9,0,18,0,8,0,0,0,0,4,1,6,1,27,6,1199,2,3,9,1,9
201601PL60005,2,9,0,7,0,8,0,0,0,0,1,1,6,1,23,5,1995,2,9,3,1,3
201601PL60006,1,9,0,9,0,8,0,0,0,0,1,1,6,1,33,6,1360,1,10,2,1,2
201601PL60006,2,5,0,14,0,8,0,0,0,0,3,1,6,1,53,8,656,1,7,2,1,2
201601PL60007,1,9,0,2,9,0,0,0,0,0,4,1,6,2,34,6,1896,2,10,2,1,2
201601PL60007,2,11,0,18,2,0,0,8,0,0,4,1,1,1,44,7,9000,2,10,6,2,6
201601PL60008,1,8,0,9,0,8,0,0,0,0,3,1,6,1,57,9,1997,2,2,2,1,2
201601PL60008,2,9,0,17,0,8,0,0,0,0,1,1,6,1,39,7,1997,2,7,7,1,7
201601PL60010,1,8,0,3,0,1,0,0,0,0,2,1,1,1,38,7,2143,2,5,1,1,1
201601PL60010,2,9,0,18,0,1,0,0,0,0,1,1,6,3,-1,-1,-1,-1,-1,-1,-1,-1
201601PL60013,1,9,0,18,0,0,0,0,0,0,4,1,6,2,25,5,1299,1,9,2,1,2
201601PL60013,2,9,0,5,0,0,0,0,0,0,3,1,6,1,-1,-1,1997,2,14,-1,-1,-1
201601PL60014,1,9,0,18,0,8,0,0,0,0,1,1,1,2,51,8,1240,1,7,4,1,4
201601PL60015,1,9,0,4,0,1,0,0,0,0,1,1,6,2,38,7,1242,1,12,4,1,4
201601PL60015,2,9,0,3,0,1,0,0,0,0,2,1,6,2,25,5,-1,-1,-1,10,1,10
201601PL60016,1,9,0,5,0,0,0,0,0,0,1,1,6,1,30,6,1798,1,7,4,1,4
201601PL60018,1,3,0,18,0,8,0,0,0,0,1,1,6,2,28,6,124,1,4,-1,-1,-1
201601PL60018,2,9,0,7,0,8,0,0,0,0,3,1,6,1,-1,-1,3628,2,9,-1,-1,-1
201601PL60019,1,9,0,18,0,8,0,0,0,0,1,1,6,1,72,10,-1,-1,-1,8,1,8
201601PL60019,2,3,0,9,0,8,0,0,0,0,1,1,6,1,48,8,125,1,3,3,1,3
201601PL60021,1,9,0,6,0,0,0,0,0,0,3,1,6,1,48,8,1398,2,12,2,1,2
201601PL60021,2,3,0,14,0,0,0,0,0,0,1,1,6,2,30,6,124,1,8,7,1,7
201601PL60022,1,9,0,5,0,8,0,0,0,0,1,1,2,2,21,5,2616,1,12,8,1,8
201601PL60022,2,9,0,5,0,8,0,0,0,0,4,1,1,2,-1,-1,1560,2,2,-1,-1,-1
201601PL60023,1,9,0,5,0,8,0,0,0,0,3,1,1,1,28,6,1298,1,13,2,1,2
201601PL60023,2,1,0,18,0,8,0,0,0,0,1,1,6,2,43,7,-1,-1,-1,-1,-1,-1
201601PL60025,1,9,0,9,0,8,0,0,0,0,1,1,6,1,31,6,1598,1,6,-1,-1,-1
201601PL60027,1,5,0,18,0,0,0,0,1,0,4,1,6,1,52,8,-1,-1,-1,2,1,2
201601PL60028,1,9,0,4,0,8,0,0,0,0,1,1,6,1,80,11,1332,1,17,3,1,3
201601PL60028,2,3,0,4,0,8,0,0,0,0,2,1,6,1,26,6,124,1,4,2,1,2
201601PL60029,1,9,0,7,0,8,0,0,0,0,3,1,2,2,51,8,1229,1,8,4,1,4
201601PL60029,2,9,0,18,0,8,0,0,0,0,4,1,6,1,-1,-1,1587,1,9,-1,-1,-1
201601PL60030,1,9,0,2,0,0,0,0,0,0,3,1,2,2,50,8,1598,1,16,2,1,2
201601PL60030,2,3,0,14,0,0,0,0,0,0,1,1,2,1,47,8,1188,1,17,1,1,1
201601PL60031,1,9,0,9,0,8,0,0,0,0,4,1,6,1,27,6,2616,1,12,2,1,2
201601PL60031,2,3,0,18,0,8,0,0,0,0,1,1,6,1,19,4,125,1,12,8,1,8
201601PL60032,1,1,0,3,0,8,0,0,0,0,2,1,6,2,45,7,-1,-1,-1,6,1,6
201601PL60032,2,9,0,5,0,8,0,0,0,0,1,1,6,1,-1,-1,-1,-1,-1,-1,-1,-1
201601PL60033,1,9,0,4,0,8,0,0,0,0,1,1,6,1,29,6,1498,1,9,3,1,3
201601PL60034,1,9,0,9,0,5,0,0,0,0,3,1,6,2,31,6,1499,2,1,3,1,3
201601PL60034,2,8,0,9,0,6,0,0,0,0,1,1,6,1,38,7,1686,2,5,3,1,3
201601PL60035,1,9,0,9,0,6,0,0,0,0,1,1,1,1,38,7,1499,2,2,-1,-1,-1
201601PL60036,1,9,0,2,0,2,0,4,0,0,2,1,6,1,66,10,1598,1,4,9,1,9
201601PL60036,2,9,0,14,0,2,0,4,0,0,1,1,3,2,37,7,1991,2,6,6,1,6
201601PL60036,3,9,0,2,0,2,0,4,0,0,2,1,6,3,-1,-1,2143,2,1,-1,-1,-1
201601PL60037,1,9,0,18,0,8,0,0,0,0,1,1,6,2,25,5,-1,-1,-1,2,1,2
201601PL60037,2,1,0,17,0,8,0,0,0,0,4,1,6,1,28,6,-1,-1,-1,5,1,5
201601PL60038,1,9,0,3,0,0,0,0,0,0,2,1,6,2,28,6,1686,2,3,6,1,6
201601PL60038,2,4,0,18,0,0,0,0,0,0,1,1,6,1,-1,-1,-1,-1,-1,-1,-1,-1
201601PL60039,1,11,0,7,0,1,0,0,1,0,4,1,1,1,46,8,9000,2,10,10,1,10
201601PL60040,1,9,0,18,0,1,0,0,0,0,4,1,6,1,-1,-1,-1,-1,-1,-1,-1,-1
201601PL60041,1,19,0,5,0,8,0,0,0,0,4,1,6,1,26,6,2402,2,8,2,1,2
201601PL60042,1,11,0,18,0,8,0,0,0,0,0,1,1,2,34,6,-1,-1,-1,1,1,1
201601PL60043,1,11,0,12,0,8,0,0,0,0,1,1,1,1,30,6,4760,2,5,4,1,4
201601PL60043,2,9,0,2,0,8,0,0,0,0,1,1,6,1,49,8,-1,-1,-1,5,1,5
201601PL60045,1,9,0,11,0,8,0,0,0,0,1,1,6,1,26,6,1398,1,6,-1,-1,-1
201601PL60045,2,9,0,18,0,8,0,0,0,0,4,1,6,1,30,6,1794,1,12,2,1,2
201601PL60045,3,3,0,18,0,8,0,0,0,0,1,1,6,1,18,4,125,1,6,7,1,7
201601PL60048,1,11,0,5,0,2,0,0,0,0,0,1,1,1,24,5,-1,-1,-1,2,1,2
201601PL60049,1,9,0,4,0,0,0,0,0,0,2,1,6,1,37,7,2143,2,2,7,1,7
201601PL60049,2,9,0,4,0,0,0,0,0,0,1,1,6,1,19,4,-1,-1,-1,9,3,9
201601PL60052,1,11,0,2,2,8,0,0,0,0,0,1,1,1,52,8,6696,2,3,1,1,1
201601PL60052,2,3,0,18,0,8,0,0,0,0,1,1,6,1,27,6,-1,-1,-1,6,1,6
201601PL60052,3,9,0,6,0,8,0,0,0,0,0,1,6,2,51,8,2495,1,8,7,1,7
201601PL60053,1,9,0,3,0,8,0,0,0,0,2,1,6,1,48,8,1390,1,13,4,1,4
201601PL60053,2,9,0,18,0,8,0,0,0,0,1,1,6,1,-1,-1,1199,2,4,-1,-1,-1
201601PL60054,1,5,0,18,0,8,0,0,0,0,1,1,6,1,27,6,689,1,2,6,3,6
201601PL60055,1,9,0,18,0,8,0,0,0,0,4,1,6,1,42,7,1968,2,9,4,1,4
201601PL60056,1,9,0,18,0,0,0,0,0,0,1,1,6,1,36,7,1388,1,10,1,1,1
201601PL60062,1,9,0,18,0,0,0,0,0,0,0,1,6,1,49,8,2995,1,12,3,1,3
201601PL60063,1,9,0,18,0,8,0,0,0,0,3,1,6,2,74,10,2171,1,15,3,1,3
201601PL60063,2,9,0,18,0,8,0,0,0,0,1,1,6,2,41,7,2685,2,14,7,1,7
201601PL60064,1,9,0,18,0,8,0,0,0,0,4,1,6,2,44,7,1598,1,4,2,1,2
201601PL60064,2,19,0,18,0,8,0,0,0,0,1,1,6,1,25,5,2148,2,8,5,1,5
201601PL60065,1,9,0,9,0,8,0,0,0,0,1,1,6,2,55,8,998,1,12,3,1,3
201601PL60065,2,3,0,18,0,8,0,0,0,0,4,1,6,1,21,5,108,1,1,2,1,2
201601PL60066,1,9,0,11,0,8,0,0,0,0,1,1,6,1,45,7,1998,1,14,1,1,1
201601PL60066,2,1,0,9,0,1,0,0,0,0,2,1,6,1,28,6,-1,-1,-1,3,1,3
201601PL60067,1,9,0,9,0,8,0,0,0,0,3,1,6,1,37,7,2793,1,16,1,1,1
201601PL60067,2,5,0,18,0,8,0,0,0,0,1,1,6,1,26,6,999,1,7,5,1,5
201601PL60070,1,5,0,14,0,1,0,0,0,0,1,1,6,1,44,7,689,1,1,5,1,5
201601PL60071,1,4,0,18,0,8,0,0,0,0,1,1,6,1,27,6,-1,-1,-1,-1,-1,-1
201601PL60071,2,9,0,9,0,8,0,0,0,0,4,1,6,1,-1,-1,1799,1,10,-1,-1,-1
201601PL60072,1,9,0,1,0,0,0,0,0,0,2,1,6,2,35,6,-1,-1,-1,3,1,3
201601PL60073,1,9,0,7,0,8,0,0,0,0,1,1,6,2,33,6,1598,1,9,6,1,6
201601PL60073,2,9,0,8,0,8,0,0,0,0,2,1,6,1,58,9,-1,-1,-1,3,1,3
201601PL60074,1,5,0,18,0,8,0,0,0,0,3,1,6,1,53,8,656,1,6,8,1,8
201601PL60074,2,9,0,7,0,8,0,0,0,0,4,1,6,3,-1,-1,-1,-1,-1,-1,-1,-1
201601PL60076,1,9,0,9,0,8,0,0,0,0,1,1,6,2,32,6,2148,2,11,-1,-1,-1
201601PL60077,1,9,0,18,0,8,0,0,0,0,3,1,6,1,54,8,1598,1,9,3,1,3
201601PL60077,2,2,0,18,0,8,0,0,0,0,1,1,6,1,33,6,-1,-1,-1,2,1,2
201601PL60078,1,11,0,18,0,0,0,0,0,0,4,1,1,1,69,10,7300,2,12,-1,-1,-1
201601PL60079,1,1,0,9,0,8,0,0,0,0,0,1,6,2,29,6,-1,-1,-1,4,1,4
201601PL60079,2,9,0,18,0,8,0,0,0,0,1,1,6,3,-1,-1,-1,-1,-1,-1,-1,-1
201601PL60081,1,9,0,9,0,8,0,0,0,0,1,1,6,2,50,8,-1,-1,-1,5,1,5