Accident_Index,Vehicle_Reference,Vehicle_Type,Towing_and_Articulation,Vehicle_Manoeuvre,Vehicle_Location-Restricted_Lane,Junction_Location,Skidding_and_Overturning,Hit_Object_in_Carriageway,Vehicle_Leaving_Carriageway,Hit_Object_off_Carriageway,1st_Point_of_Impact,Was_Vehicle_Left_Hand_Drive?,Journey_Purpose_of_Driver,Sex_of_Driver,Age_of_Driver,Age_Band_of_Driver,Engine_Capacity_(CC),Propulsion_Code,Age_of_Vehicle,Driver_IMD_Decile,Driver_Home_Area_Type,Vehicle_IMD_Decile
201601PL60263,2,9,0,7,0,8,0,0,0,0,4,1,6,1,-1,-1,1248,2,4,-1,-1,-1
201601PL60264,1,9,0,18,0,8,0,0,0,0,4,1,6,1,58,9,1339,8,6,1,1,1
201601PL60264,2,9,0,9,0,8,0,0,0,0,1,1,6,3,-1,-1,-1,-1,-1,-1,-1,-1
201601PL60265,1,9,0,9,0,8,0,0,0,0,3,1,6,1,48,8,-1,-1,-1,-1,-1,-1
201601PL60265,2,9,0,18,0,8,0,0,0,0,1,1,6,1,21,5,-1,-1,-1,5,1,5
201601PL60266,1,9,0,2,0,0,0,0,0,0,3,1,6,1,58,9,1796,1,13,2,1,2
201601PL60266,2,1,0,18,0,0,0,0,0,0,1,1,6,2,29,6,-1,-1,-1,2,1,2
201601PL60267,1,9,0,10,0,8,0,0,0,0,3,1,6,1,26,6,-1,-1,-1,-1,-1,-1
201601PL60267,2,3,0,18,0,2,0,0,0,0,2,1,2,2,22,5,125,1,-1,4,1,4
201601PL60268,1,3,0,14,0,8,0,0,0,0,1,1,6,1,41,7,124,1,2,6,1,6
201601PL60268,2,9,0,9,0,8,0,0,0,0,1,1,6,1,-1,-1,1398,1,11,5,1,5
201601PL60269,1,3,0,7,0,2,0,0,0,0,1,1,6,1,24,5,-1,-1,-1,4,1,4
201601PL60269,2,9,0,3,0,2,0,0,0,0,2,1,6,3,-1,-1,-1,-1,-1,-1,-1,-1
201601PL60273,1,9,0,9,0,8,0,0,0,0,1,1,6,1,27,6,1599,1,8,2,1,2
201601PL60273,2,1,0,9,0,8,0,0,0,0,2,1,6,2,28,6,-1,-1,-1,5,1,5
201601PL60275,1,9,0,9,0,8,0,0,0,0,3,1,6,1,70,10,1390,1,5,-1,-1,-1
201601PL60275,2,9,0,15,0,8,0,0,0,0,4,1,6,1,38,7,1595,1,14,-1,-1,-1
201601PL60276,1,5,0,8,0,1,0,0,0,0,4,1,6,1,48,8,750,1,16,5,1,5
201601PL60276,2,11,0,7,0,1,0,0,0,0,3,1,1,3,-1,-1,-1,-1,-1,-1,-1,-1
201601PL60277,1,9,0,18,0,8,5,4,0,0,4,1,6,1,21,5,1229,1,1,6,1,6
201601PL60277,2,9,0,2,0,8,0,0,0,0,3,1,6,1,22,5,1390,1,2,5,2,5
201601PL60278,1,9,0,9,0,8,0,0,0,0,1,1,6,1,-1,-1,1596,1,15,-1,-1,-1
201601PL60278,2,9,0,10,0,8,0,0,0,0,1,1,6,2,31,6,-1,-1,-1,2,1,2
201601PL60279,1,9,0,7,0,8,0,0,0,0,3,1,6,1,42,7,1995,2,12,1,1,1
201601PL60279,2,1,0,18,0,8,0,0,0,0,1,1,6,1,54,8,-1,-1,-1,3,1,3
201601PL60280,1,9,0,9,0,8,0,0,0,0,2,1,6,1,45,7,1686,2,9,2,1,2
201601PL60280,2,4,0,14,0,8,0,0,0,0,2,1,6,1,31,6,-1,-1,-1,7,2,7
201601PL60281,1,19,0,18,0,8,0,0,0,0,1,1,6,1,-1,-1,2143,2,5,3,1,3
201601PL60281,2,9,0,9,0,8,0,0,0,0,3,1,6,2,75,10,1242,1,3,6,1,6
201601PL60282,1,4,0,17,0,2,0,0,0,0,4,1,6,1,31,6,-1,-1,-1,7,1,7
201601PL60282,2,9,0,17,0,3,0,0,0,0,3,1,6,1,60,9,1598,2,1,2,1,2
201601PL60283,1,9,0,2,0,1,0,0,0,0,3,1,6,3,-1,-1,-1,-1,-1,-1,-1,-1
201601PL60283,2,1,0,18,0,2,0,0,0,0,1,1,6,1,28,6,-1,-1,-1,2,1,2
201601PL60284,1,19,0,18,0,8,0,0,0,0,1,1,6,2,-1,-1,-1,-1,-1,-1,-1,-1
201601PL60284,2,9,0,18,0,8,0,0,0,0,4,1,6,1,35,6,1796,1,16,1,1,1
201601PL60285,1,5,0,13,0,8,0,0,0,0,1,1,6,1,38,7,998,1,12,2,1,2
201601PL60285,2,1,0,13,0,8,0,0,0,0,3,1,6,1,11,3,-1,-1,-1,2,1,2
201601PL60286,1,1,0,18,0,8,0,0,0,0,3,1,6,1,15,3,-1,-1,-1,-1,-1,-1
201601PL60286,2,9,0,9,0,8,0,0,0,0,1,1,6,3,-1,-1,-1,-1,-1,-1,-1,-1
201601PL60287,1,9,0,7,0,3,0,0,0,0,3,1,6,2,-1,-1,1995,2,3,-1,-1,-1
201601PL60287,2,5,0,18,0,8,0,0,3,0,1,1,6,1,36,7,-1,-1,-1,3,1,3
201601PL60288,1,1,0,15,0,8,0,0,0,0,1,1,6,1,55,8,-1,-1,-1,2,1,2
201601PL60288,2,9,0,10,0,8,0,0,0,0,1,1,6,2,-1,-1,998,1,13,-1,-1,-1
201601PL60291,1,9,0,5,0,0,0,0,0,0,1,1,6,1,63,9,-1,-1,-1,3,1,3
201601PL60291,2,3,0,18,0,0,0,0,0,0,1,1,6,1,18,4,125,1,11,2,1,2
201601PL60292,1,9,0,7,6,6,0,0,0,0,0,1,6,2,-1,-1,1997,1,11,2,1,2
201601PL60292,2,5,0,18,6,8,0,0,0,0,1,1,6,1,26,6,-1,-1,-1,-1,-1,-1
201601PL60294,1,9,0,10,0,8,0,0,0,0,0,1,6,2,61,9,1499,1,2,5,1,5
201601PL60295,1,9,0,4,0,0,0,0,0,0,4,1,6,1,60,9,-1,-1,-1,4,1,4
201601PL60296,1,9,0,18,0,8,0,0,0,0,3,1,6,1,28,6,1596,1,11,4,1,4
201601PL60296,2,9,0,9,0,6,0,0,0,0,2,2,6,1,60,9,-1,-1,-1,-1,-1,-1
201601PL60298,1,9,0,4,0,0,0,0,0,0,2,1,6,1,40,7,1968,2,1,6,1,6
201601PL60298,2,9,0,4,0,0,0,0,0,0,1,1,6,2,-1,-1,1498,1,1,1,1,1
201601PL60299,1,11,0,4,0,8,0,0,0,0,0,1,1,1,55,8,9000,2,6,9,1,9
201601PL60300,1,9,0,1,0,0,0,0,0,0,2,1,6,1,45,7,-1,-1,-1,4,1,4
201601PL60301,1,3,0,14,0,0,0,0,0,0,1,1,6,1,-1,-1,-1,-1,-1,-1,-1,-1
201601PL60302,1,19,0,9,0,0,0,0,0,0,4,1,6,1,49,8,-1,-1,-1,2,1,2
201601PL60302,2,5,0,18,0,0,0,0,0,0,1,1,6,1,-1,-1,-1,-1,-1,9,1,9
201601PL60303,1,5,0,14,0,0,0,0,0,0,2,1,6,1,22,5,124,1,6,2,1,2
201601PL60303,2,9,0,4,0,0,0,0,0,0,2,1,6,1,35,6,1396,1,15,2,1,2
201601PL60304,1,9,0,16,0,2,0,0,0,0,3,1,6,1,32,6,-1,-1,-1,5,1,5
201601PL60305,1,1,0,18,0,8,0,0,0,0,0,1,6,1,49,8,-1,-1,-1,6,1,6
201601PL60305,2,9,0,9,0,8,0,0,0,0,0,1,6,1,-1,-1,-1,-1,-1,-1,-1,-1
201601PL60306,1,9,0,13,0,0,0,0,0,0,1,1,6,3,-1,-1,-1,-1,-1,-1,-1,-1
201601PL60306,2,1,0,18,0,0,0,0,0,0,1,1,6,2,32,6,-1,-1,-1,-1,-1,-1
201601PL60307,1,9,0,18,0,8,0,0,0,0,1,1,6,1,23,5,1229,1,12,7,1,7
201601PL60307,2,9,0,9,0,8,0,0,0,0,1,1,6,2,24,5,1198,1,13,3,1,3
201601PL60309,1,11,0,9,2,4,0,0,0,0,0,1,1,1,54,8,8268,2,13,4,1,4
201601PL60310,1,11,0,5,0,1,0,0,0,0,0,1,1,2,52,8,-1,-1,-1,4,1,4
201601PL60310,2,1,0,18,2,8,0,0,0,0,1,1,2,1,36,7,-1,-1,-1,5,1,5
201601PL60311,1,9,0,4,0,0,0,0,0,0,0,1,6,1,27,6,1995,2,4,2,1,2
201601PL60311,2,11,0,4,0,0,0,0,0,0,0,1,6,1,63,9,6370,2,4,3,1,3
201601PL60312,1,19,0,7,0,8,0,0,0,0,1,1,6,1,34,6,1560,2,6,6,1,6
201601PL60312,2,1,0,18,0,8,0,0,0,0,4,1,6,1,10,2,-1,-1,-1,5,1,5
201601PL60313,1,9,0,9,0,2,0,0,0,0,1,1,6,1,50,8,-1,-1,-1,5,1,5
201601PL60314,1,11,0,7,0,8,0,0,0,0,0,1,1,2,47,8,9360,2,6,7,1,7
201601PL60316,1,9,0,18,0,8,0,0,0,0,1,1,6,1,-1,-1,1149,1,11,-1,-1,-1
201601PL60316,2,9,0,2,0,8,0,0,0,0,2,1,6,1,29,6,-1,-1,-1,4,1,4
201601PL60316,3,9,0,2,0,8,0,0,0,0,2,1,6,2,-1,-1,-1,-1,-1,-1,-1,-1
201601PL60317,1,1,0,9,0,8,0,0,0,0,3,1,6,1,19,4,-1,-1,-1,4,1,4
201601PL60317,2,4,0,13,0,8,0,0,0,0,1,1,6,1,-1,-1,-1,-1,-1,-1,-1,-1
201601PL60318,1,9,0,18,0,0,0,0,0,0,3,1,6,2,34,6,1242,1,11,3,1,3
201601PL60318,2,9,0,18,0,0,0,0,0,0,3,1,6,1,27,6,1797,8,1,3,1,3
201601PL60319,1,9,0,7,0,8,0,0,0,0,3,1,1,1,23,5,-1,-1,-1,8,1,8
201601PL60319,2,9,0,18,0,8,0,0,0,0,2,1,6,2,-1,-1,-1,-1,-1,-1,-1,-1
201601PL60320,1,19,0,9,0,2,0,0,0,0,1,1,6,1,-1,-1,-1,-1,-1,-1,-1,-1
201601PL60321,1,11,0,4,0,0,0,0,0,0,0,1,1,1,34,6,4500,2,2,2,1,2
201601PL60322,1,9,0,18,0,1,0,0,0,0,1,1,6,1,19,4,1364,1,10,3,1,3
201601PL60323,1,9,0,18,0,8,0,0,0,0,4,1,3,2,32,6,1390,1,10,1,1,1
201601PL60323,2,9,0,7,0,8,0,0,0,0,1,1,3,2,35,6,1364,1,7,2,1,2
201601PL60323,3,9,0,9,0,8,0,0,0,0,1,1,3,2,45,7,-1,-1,-1,-1,-1,-1
201601PL60324,1,9,0,9,0,8,0,0,0,0,4,1,6,1,25,5,1895,1,17,4,1,4
201601PL60324,2,5,0,18,0,8,0,0,0,0,1,1,6,1,30,6,689,1,2,10,1,10
201601PL60325,1,19,0,1,0,0,0,0,0,0,2,1,1,1,30,6,1968,2,1,-1,-1,-1
201601PL60327,1,9,0,9,0,8,0,0,0,0,1,1,6,2,27,6,-1,-1,-1,2,1,2
201601PL60327,2,19,0,18,0,8,0,0,0,0,4,1,6,1,-1,-1,-1,-1,-1,-1,-1,-1
201601PL60328,1,9,0,9,0,2,0,0,0,0,1,1,6,2,27,6,-1,-1,-1,2,1,2
201601PL60329,1,1,0,6,0,8,0,0,0,0,3,1,6,2,42,7,-1,-1,-1,3,1,3
201601PL60329,2,5,0,18,0,8,0,0,0,0,1,1,6,1,-1,-1,-1,-1,-1,-1,-1,-1
201601PL60330,1,9,0,7,0,8,0,0,0,0,0,1,6,1,37,7,1797,8,5,4,1,4
201601PL60330,2,1,0,18,0,8,0,0,0,0,1,1,6,1,10,2,-1,-1,-1,-1,-1,-1
201601PL60332,1,9,0,12,0,0,0,0,0,0,0,1,6,2,42,7,1997,2,11,4,1,4
201601PL60332,2,9,0,12,0,0,0,0,0,0,0,1,1,1,35,6,-1,-1,-1,2,1,2
201601PL60333,1,19,0,9,0,2,0,0,0,0,3,1,6,1,26,6,1461,2,1,10,1,10
201601PL60333,2,3,0,14,0,2,0,0,0,0,1,1,1,1,23,5,-1,-1,-1,8,1,8
201601PL60334,1,9,0,10,0,8,0,0,0,0,2,1,6,1,28,6,1956,2,5,4,1,4
201601PL60334,2,9,0,18,0,8,0,0,0,0,1,1,6,1,-1,-1,1998,1,16,-1,-1,-1
201601PL60335,1,9,0,18,0,8,0,0,0,0,1,1,6,1,47,8,-1,-1,-1,5,1,5
201601PL60335,2,3,0,18,0,8,0,0,0,0,1,1,6,1,27,6,-1,-1,-1,4,1,4
201601PL60337,1,9,0,18,0,8,0,0,0,0,1,1,6,2,23,5,1390,1,15,-1,-1,-1
201601PL60337,2,9,0,9,0,8,0,0,0,0,4,1,6,1,55,8,1984,1,11,2,1,2
201601PL60338,1,9,0,9,0,2,0,0,0,0,1,1,1,2,46,8,1598,1,8,4,1,4
201601PL60340,1,9,0,9,0,8,0,0,0,0,3,1,6,2,21,5,1242,1,10,3,1,3
201601PL60340,2,5,0,13,0,8,0,0,0,0,1,1,6,3,-1,-1,-1,-1,-1,-1,-1,-1
201601PL60341,1,9,0,9,0,8,0,0,0,0,4,1,6,1,67,10,1596,1,12,6,1,6
201601PL60341,2,3,0,18,0,8,0,0,0,0,1,1,6,1,50,8,-1,-1,-1,4,1,4
201601PL60342,1,9,0,18,0,0,0,0,0,0,1,1,6,1,47,8,-1,-1,-1,4,1,4
201601PL60342,2,1,0,7,0,0,0,0,0,0,1,1,6,1,39,7,-1,-1,-1,5,1,5
201601PL60343,1,1,0,18,0,8,0,0,0,0,2,1,1,1,33,6,-1,-1,-1,7,1,7
201601PL60343,2,9,0,18,0,8,0,0,0,0,2,1,6,2,40,7,-1,-1,-1,-1,-1,-1
201601PL60344,1,19,0,18,0,4,0,0,1,10,0,1,6,2,26,6,2300,2,10,2,1,2
201601PL60345,1,9,0,3,0,2,0,0,0,0,2,1,6,1,29,6,-1,-1,-1,-1,-1,-1
201601PL60345,2,9,0,3,0,2,0,0,0,0,2,1,6,1,-1,-1,-1,-1,-1,-1,-1,-1
201601PL60345,3,9,0,3,0,2,0,0,0,0,2,1,6,1,33,6,1590,1,16,2,1,2
201601PL60345,4,9,0,3,0,2,0,0,0,0,2,1,6,2,30,6,-1,-1,-1,-1,-1,-1
201601PL60345,5,9,0,3,0,2,0,0,0,0,2,1,6,1,36,7,-1,-1,-1,-1,-1,-1
201601PL60345,6,19,0,3,0,2,0,0,0,0,2,1,6,1,34,6,-1,-1,-1,-1,-1,-1
201601PL60345,7,19,0,18,0,2,0,0,0,0,1,1,6,1,47,8,2143,2,3,9,2,9
201601PL60346,1,9,0,9,0,8,0,0,0,0,1,1,6,2,26,6,1242,1,4,4,1,4
201601PL60346,2,90,0,18,0,8,0,0,0,0,4,1,1,2,30,6,2987,2,1,2,1,2
201601PL60346,3,9,0,18,0,8,0,0,0,0,3,1,6,3,47,8,2967,1,12,1,1,1
201601PL60347,1,1,0,18,0,2,0,0,0,0,3,1,6,1,52,8,-1,-1,-1,3,1,3
201601PL60347,2,19,0,13,0,2,0,0,0,0,4,1,6,1,-1,-1,-1,-1,-1,-1,-1,-1
201601PL60348,1,4,0,9,0,8,0,0,0,0,4,1,6,1,23,5,-1,-1,-1,4,1,4
201601PL60348,2,9,0,9,0,8,0,0,0,0,3,1,6,2,48,8,1329,1,4,3,1,3
201601PL60349,1,9,0,18,0,0,0,0,0,0,1,1,6,1,-1,-1,2685,2,13,-1,-1,-1
201601PL60350,1,9,0,9,0,8,0,0,0,0,4,1,6,1,33,6,1560,2,7,1,1,1
201601PL60350,2,9,0,18,0,8,0,0,0,0,1,1,6,3,-1,-1,-1,-1,-1,-1,-1,-1
201601PL60351,1,4,0,18,0,0,0,0,0,0,1,1,1,1,30,6,-1,-1,-1,3,1,3
201601PL60351,2,9,0,9,0,0,0,0,0,0,2,1,6,1,22,5,1956,2,4,5,1,5
201601PL60352,1,9,0,18,0,1,0,0,0,0,2,1,6,2,35,6,2204,2,9,2,1,2
201601PL60352,2,9,0,7,0,2,0,0,0,0,1,1,2,2,43,7,1248,2,3,6,1,6
201601PL60353,1,9,0,8,0,8,0,0,0,0,2,1,6,1,40,7,1598,1,12,-1,-1,-1
201601PL60353,2,9,0,7,0,8,0,0,0,0,1,1,6,3,-1,-1,1198,1,5,2,1,2
201601PL60354,1,9,0,18,0,0,0,12,1,4,1,1,6,1,20,4,999,1,4,4,1,4
201601PL60355,1,9,0,8,0,8,0,0,0,0,1,1,6,1,22,5,-1,-1,-1,4,1,4
201601PL60356,1,21,0,18,0,2,0,0,0,0,1,1,1,1,46,8,10800,2,2,3,1,3
201601PL60356,2,9,0,3,0,2,0,0,0,0,2,1,1,1,37,7,1598,2,3,6,1,6
201601PL60357,1,11,0,4,0,1,0,0,0,0,1,1,1,1,47,8,4500,2,2,6,1,6
201601PL60357,2,9,0,4,0,1,0,0,0,0,2,1,6,1,33,6,1995,2,4,3,1,3
201601PL60358,1,1,0,18,0,0,0,0,0,0,1,1,6,1,21,5,-1,-1,-1,-1,-1,-1
201601PL60359,1,9,0,9,0,8,0,0,0,0,4,1,6,2,-1,-1,2199,2,5,-1,-1,-1
201601PL60359,2,1,0,18,0,8,0,0,0,0,1,1,6,1,29,6,-1,-1,-1,10,1,10
201601PL60360,1,9,0,13,0,0,0,0,0,0,1,1,6,2,31,6,1587,1,13,3,1,3
201601PL60360,2,19,0,6,0,0,0,0,0,0,3,1,6,1,49,8,1560,2,-1,2,1,2
201601PL60362,1,1,0,3,0,1,0,0,0,0,1,1,6,1,36,7,-1,-1,-1,5,1,5
201601PL60362,2,19,0,1,0,1,0,0,0,0,2,1,6,1,-1,-1,1968,2,3,-1,-1,-1
201601PL60363,1,5,0,18,0,8,0,0,0,0,1,1,6,1,28,6,883,1,1,3,1,3
201601PL60363,2,9,0,9,0,8,0,0,0,0,1,1,6,1,-1,-1,1390,1,15,-1,-1,-1
201601PL60365,1,9,0,9,0,8,0,0,0,0,1,1,6,2,64,9,1360,1,9,-1,-1,-1
201601PL60365,2,9,0,17,0,8,0,0,0,0,4,1,6,1,28,6,-1,-1,-1,2,1,2
201601PL60366,1,11,0,18,0,8,0,0,0,0,3,1,1,1,-1,-1,-1,-1,-1,-1,-1,-1
201601PL60368,1,1,0,18,0,8,0,0,0,0,1,1,1,2,29,6,-1,-1,-1,2,1,2
201601PL60369,1,2,0,18,0,0,0,0,0,0,1,1,6,1,23,5,124,1,6,4,1,4
201601PL60369,2,9,0,18,0,0,0,0,0,0,1,1,6,2,35,6,2171,1,15,9,1,9
201601PL60370,1,9,0,9,0,8,0,0,0,0,4,1,1,1,32,6,1197,1,3,6,1,6
201601PL60370,2,9,0,18,0,8,0,0,0,0,4,1,6,1,21,5,-1,-1,-1,2,1,2
201601PL60371,1,9,0,9,0,8,0,0,0,0,3,1,6,1,31,6,-1,-1,-1,8,1,8
201601PL60371,2,9,0,18,0,8,0,0,0,0,2,1,6,2,31,6,1988,1,16,-1,-1,-1
201601PL60372,1,4,0,18,0,8,0,0,0,0,1,1,6,1,-1,-1,-1,-1,-1,2,1,2
201601PL60372,2,9,0,9,0,8,0,0,0,0,3,1,6,1,64,9,1587,1,12,2,1,2
201601PL60373,1,9,0,18,0,8,0,0,0,0,1,1,6,1,46,8,1968,2,4,5,1,5
201601PL60373,2,9,0,18,0,8,0,0,0,0,1,1,6,1,24,5,-1,-1,-1,3,1,3
201601PL60373,3,9,0,18,0,8,0,0,0,0,1,1,6,3,-1,-1,1399,2,9,5,1,5
201601PL60374,1,11,0,18,2,0,0,0,0,0,4,1,6,1,48,8,4500,2,2,7,2,7
201601PL60374,2,9,0,7,0,0,0,0,0,0,1,1,6,2,65,9,1596,1,1,7,1,7
201601PL60376,1,9,0,3,0,1,0,0,0,0,2,1,6,1,47,8,1596,1,5,2,1,2
201601PL60376,2,11,0,18,0,1,0,0,0,0,1,1,1,1,48,8,-1,-1,-1,4,1,4
201601PL60377,1,9,0,3,0,1,0,0,0,0,2,1,6,1,48,8,1497,1,15,4,1,4
201601PL60377,2,9,0,5,0,1,0,0,0,0,1,1,6,2,25,5,1995,2,3,9,1,9
201601PL60377,3,90,0,5,0,1,0,0,0,0,1,1,1,1,45,7,7201,2,3,-1,-1,-1
201601PL60378,1,1,0,18,0,8,0,0,0,0,3,1,6,1,50,8,-1,-1,-1,6,1,6
201601PL60378,2,9,0,13,0,8,0,0,0,0,4,1,6,1,26,6,1596,1,11,5,1,5
201601PL60379,1,1,0,18,0,8,0,0,0,0,1,1,6,1,34,6,-1,-1,-1,4,1,4
201601PL60379,2,9,0,9,0,8,0,0,0,0,3,1,6,1,-1,-1,2143,2,5,-1,-1,-1
201601PL60382,1,19,0,9,0,0,0,0,0,0,1,1,6,1,29,6,2198,2,1,10,1,10
201601PL60382,2,9,0,18,0,0,0,0,0,0,3,1,6,1,42,7,1799,1,7,3,1,3
201601PL60383,1,9,0,9,0,8,0,0,0,0,3,1,6,1,72,10,1124,1,9,4,1,4
201601PL60383,2,3,0,18,0,8,0,0,0,0,1,1,6,1,-1,-1,-1,-1,-1,-1,-1,-1
201601PL60384,1,9,0,6,0,0,0,0,0,0,4,1,6,1,19,4,1599,1,11,4,1,4
201601PL60384,2,9,0,18,0,0,0,0,0,0,1,1,6,2,-1,-1,-1,-1,-1,2,1,2
201601PL60385,1,9,0,10,0,8,0,0,0,0,1,1,6,2,28,6,1582,2,6,2,1,2
201601PL60385,2,9,0,9,0,8,0,0,0,0,3,1,6,1,-1,-1,-1,-1,-1,-1,-1,-1
201601PL60386,1,5,0,9,0,8,0,0,0,0,1,1,6,1,20,4,-1,-1,-1,6,1,6
201601PL60386,2,1,0,18,0,8,0,0,0,0,1,1,6,1,42,7,-1,-1,-1,9,1,9
201601PL60387,1,3,0,18,0,0,0,0,0,0,2,1,6,1,22,5,330,1,4,2,1,2
201601PL60387,2,9,0,18,0,0,0,0,0,0,1,1,6,1,63,9,-1,-1,-1,-1,-1,-1
201601PL60388,1,3,0,18,0,1,0,0,0,0,1,1,6,1,38,7,-1,-1,-1,4,1,4
201601PL60389,1,11,0,5,0,0,0,0,0,0,0,1,6,1,-1,-1,6696,2,3,-1,-1,-1
201601PL60392,1,5,0,18,0,0,0,0,0,0,1,1,6,3,-1,-1,-1,-1,-1,-1,-1,-1
201601PL60394,1,9,0,18,0,8,0,0,0,0,1,1,6,3,28,6,1364,1,7,-1,-1,-1
201601PL60394,2,1,0,18,0,8,0,0,0,0,2,1,6,1,28,6,-1,-1,-1,3,1,3
201601PL60395,1,9,0,18,0,8,0,0,0,0,4,1,6,2,41,7,998,1,5,3,1,3
201601PL60395,2,9,0,18,0,8,0,0,0,0,1,1,6,2,32,6,1598,1,15,-1,-1,-1
201601PL60396,1,5,0,18,0,8,0,0,0,0,1,1,2,1,33,6,659,1,8,3,1,3
201601PL60396,2,9,0,4,0,8,0,0,0,0,3,1,2,1,40,7,3301,1,14,-1,-1,-1
201601PL60397,1,9,0,9,0,8,0,0,0,0,1,1,6,2,36,7,-1,-1,-1,-1,-1,-1
201601PL60397,2,9,0,18,0,8,0,0,0,0,4,1,6,2,20,4,-1,-1,-1,6,1,6
201601PL60397,3,9,0,18,0,8,0,0,0,0,3,1,6,1,29,6,1995,2,6,6,1,6
201601PL60398,1,4,5,18,0,1,0,0,0,0,1,1,2,1,26,6,125,1,2,2,1,2
201601PL60399,1,3,0,18,0,8,0,0,0,0,1,1,6,1,24,5,-1,-1,-1,1,1,1
201601PL60399,2,19,0,9,0,8,0,0,0,0,3,1,6,3,-1,-1,1560,2,2,-1,-1,-1
201601PL60401,1,3,0,18,0,8,0,0,0,0,1,1,6,1,36,7,-1,-1,-1,2,1,2
201601PL60401,2,9,0,7,0,8,0,0,0,0,4,1,6,1,67,10,-1,-1,-1,4,1,4
201601PL60402,1,11,0,4,0,1,0,0,0,0,0,1,1,1,32,6,6700,2,4,9,1,9
201601PL60403,1,9,0,18,0,0,0,0,0,0,3,1,6,1,77,11,1769,1,12,2,1,2
201601PL60403,2,2,0,13,0,0,0,0,0,0,1,1,2,1,26,6,109,1,2,1,1,1
201601PL60404,1,9,0,18,0,0,0,0,0,0,0,1,6,1,30,6,1598,1,11,3,1,3
201601PL60404,2,9,0,18,0,0,0,0,0,0,0,1,6,3,-1,-1,-1,-1,-1,-1,-1,-1
201601PL60405,1,8,0,18,0,1,0,0,1,0,1,1,1,1,41,7,-1,-1,-1,3,1,3
201601PL60405,2,9,0,8,0,2,0,0,0,0,2,1,1,1,49,8,1968,2,2,3,1,3
201601PL60405,3,21,0,18,0,1,0,0,0,0,4,1,1,1,49,8,11705,2,7,-1,-1,-1
201601PL60407,1,9,0,7,0,1,0,0,0,0,2,1,2,1,42,7,-1,-1,-1,3,1,3
201601PL60407,2,9,0,9,0,8,0,0,0,0,1,1,6,1,56,9,1390,1,12,5,1,5
201601PL60407,3,9,0,9,0,1,0,0,0,0,1,1,6,1,37,7,-1,-1,-1,7,1,7
201601PL60408,1,19,0,3,0,0,0,0,0,0,2,1,6,1,54,8,-1,-1,-1,2,1,2
201601PL60408,2,9,0,4,0,0,0,0,0,0,1,1,6,1,-1,-1,-1,-1,-1,-1,-1,-1
201601PL60409,1,9,0,9,0,8,0,0,0,0,1,1,6,1,22,5,1596,1,11,2,1,2
201601PL60409,2,9,0,18,0,8,0,0,0,0,1,1,6,1,29,6,1499,2,-1,7,1,7
201601PL60410,1,5,0,18,0,0,0,0,0,0,1,1,6,1,36,7,599,1,14,-1,-1,-1
201601PL60411,1,9,0,3,0,1,0,0,0,0,1,1,6,2,22,5,-1,-1,-1,9,1,9
201601PL60411,2,9,0,1,0,2,0,0,0,0,2,1,6,1,-1,-1,-1,-1,-1,-1,-1,-1
201601PL60412,1,9,0,18,0,0,0,0,0,0,1,1,6,1,24,5,-1,-1,-1,4,2,4
201601PL60413,1,9,0,18,0,2,0,0,0,0,1,1,6,1,45,7,-1,-1,-1,8,1,8
201601PL60414,1,9,0,18,0,8,0,0,0,0,1,1,6,1,45,7,-1,-1,-1,1,1,1
201601PL60414,2,5,0,2,0,1,0,0,0,0,4,1,1,1,31,6,-1,-1,-1,5,1,5
201601PL60415,1,3,0,9,0,8,0,0,0,0,4,1,6,1,20,4,125,1,5,1,1,1
201601PL60415,2,9,0,9,0,8,0,0,0,0,3,1,6,2,38,7,1968,2,1,7,1,7
201601PL60416,1,9,0,7,0,8,0,0,0,0,1,1,6,1,26,6,1149,1,9,-1,-1,-1
201601PL60416,2,1,0,18,0,8,0,0,0,0,1,1,6,2,30,6,-1,-1,-1,2,1,2
201601PL60417,1,9,0,7,0,8,0,0,0,0,2,1,6,2,53,8,1995,1,3,-1,-1,-1
201601PL60417,2,9,0,18,0,8,0,0,0,0,1,1,6,2,-1,-1,1998,1,15,3,1,3
201601PL60418,1,9,0,9,0,8,0,0,0,0,1,1,6,1,18,4,1242,1,8,9,1,9
201601PL60418,2,9,0,18,0,8,0,0,0,0,1,1,6,2,30,6,-1,-1,-1,6,1,6
201601PL60419,1,2,0,18,0,0,0,0,0,0,1,1,6,3,-1,-1,-1,-1,-1,-1,-1,-1
201601PL60420,1,9,0,18,0,8,0,0,0,0,0,1,2,1,25,5,796,1,16,-1,-1,-1
201601PL60420,2,9,0,9,0,8,0,0,0,0,4,1,1,2,45,7,1998,1,16,2,1,2
201601PL60420,3,11,0,9,0,8,0,0,0,0,1,1,1,1,30,6,4500,2,4,2,1,2
201601PL60422,1,9,0,9,0,8,0,0,0,0,3,1,1,1,44,7,1199,1,15,-1,-1,-1
201601PL60422,2,1,0,14,0,8,0,0,0,0,1,1,6,1,59,9,-1,-1,-1,-1,-1,-1
201601PL60423,1,9,0,7,0,8,0,0,0,0,1,1,6,1,36,7,1248,2,8,2,1,2
201601PL60423,2,1,0,8,0,8,0,0,0,0,1,1,6,1,40,7,-1,-1,-1,6,1,6
201601PL60424,1,9,0,18,0,8,0,0,0,0,1,1,6,1,64,9,-1,-1,-1,4,1,4
201601PL60425,1,4,0,18,0,8,0,0,0,0,1,1,6,3,-1,-1,-1,-1,-1,-1,-1,-1
201601PL60426,1,9,0,9,0,8,0,0,0,0,3,1,1,1,33,6,-1,-1,-1,7,1,7
201601PL60426,2,4,0,9,0,8,0,0,0,0,1,1,1,1,33,6,-1,-1,-1,-1,-1,-1
201601PL60427,1,5,0,18,0,0,0,0,0,0,4,1,6,1,31,6,600,1,2,7,1,7
201601PL60428,1,9,0,8,0,1,0,0,0,0,2,1,6,2,49,8,-1,-1,-1,-1,-1,-1
201601PL60428,2,9,0,7,0,1,0,0,0,0,1,1,6,3,-1,-1,-1,-1,-1,-1,-1,-1
201601PL60429,1,11,0,18,0,8,0,0,0,0,1,1,1,1,33,6,7300,2,14,-1,-1,-1
201601PL60430,1,9,0,18,0,0,0,0,0,0,1,1,2,2,55,8,-1,-1,-1,5,1,5