Accident_Index,Vehicle_Reference,Vehicle_Type,Towing_and_Articulation,Vehicle_Manoeuvre,Vehicle_Location-Restricted_Lane,Junction_Location,Skidding_and_Overturning,Hit_Object_in_Carriageway,Vehicle_Leaving_Carriageway,Hit_Object_off_Carriageway,1st_Point_of_Impact,Was_Vehicle_Left_Hand_Drive?,Journey_Purpose_of_Driver,Sex_of_Driver,Age_of_Driver,Age_Band_of_Driver,Engine_Capacity_(CC),Propulsion_Code,Age_of_Vehicle,Driver_IMD_Decile,Driver_Home_Area_Type,Vehicle_IMD_Decile
201601PL60431,1,3,0,18,0,0,0,0,0,0,1,1,6,1,17,4,-1,-1,-1,2,1,2
201601PL60432,1,9,0,18,0,0,0,0,0,0,1,1,6,2,49,8,995,1,8,5,1,5
201601PL60433,1,5,0,18,2,0,0,0,0,0,1,1,6,1,31,6,750,1,1,3,1,3
201601PL60433,2,9,0,7,2,0,0,0,0,0,4,1,6,1,45,7,-1,-1,-1,9,1,9
201601PL60434,1,9,0,9,0,8,0,0,0,0,1,1,6,1,19,4,-1,-1,-1,5,1,5
201601PL60434,2,9,0,18,0,8,0,0,0,0,1,1,6,1,-1,-1,-1,-1,-1,-1,-1,-1
201601PL60435,1,9,0,18,0,8,0,0,0,0,2,1,6,2,-1,-1,1364,1,1,5,1,5
201601PL60435,2,9,0,18,0,8,0,0,0,0,1,1,2,2,27,6,1498,1,10,2,1,2
201601PL60436,1,9,0,7,0,8,0,0,0,0,4,1,6,2,45,7,998,1,10,4,1,4
201601PL60436,2,1,0,18,0,8,0,0,0,0,1,1,6,1,46,8,-1,-1,-1,3,1,3
201601PL60437,1,1,0,18,0,8,0,0,0,0,1,1,6,1,44,7,-1,-1,-1,8,1,8
201601PL60437,2,9,0,9,0,8,0,0,0,0,1,1,6,1,-1,-1,-1,-1,-1,-1,-1,-1
201601PL60438,1,3,0,15,0,8,0,0,0,0,1,1,6,1,21,5,124,1,7,3,1,3
201601PL60438,2,9,0,9,0,2,0,0,0,0,1,1,6,2,29,6,1598,1,11,1,1,1
201601PL60439,1,11,0,18,0,2,0,0,0,0,4,1,1,1,31,6,3900,2,13,5,1,5
201601PL60439,2,19,0,18,0,2,0,0,0,0,3,1,6,1,45,7,2198,2,1,-1,-1,-1
201601PL60440,1,9,0,9,0,8,0,0,0,0,1,1,6,1,79,11,1360,1,13,3,1,3
201601PL60440,2,1,0,18,0,8,0,0,0,0,1,1,6,1,9,2,-1,-1,-1,-1,-1,-1
201601PL60441,1,8,0,7,0,8,0,0,0,0,4,1,6,1,43,7,2499,2,4,3,1,3
201601PL60441,2,1,0,18,4,8,0,0,0,0,1,1,6,2,40,7,-1,-1,-1,5,1,5
201601PL60442,1,9,0,18,0,8,0,0,0,0,1,1,6,2,46,8,1497,8,10,5,1,5
201601PL60443,1,11,0,18,0,0,0,0,0,0,0,1,1,2,30,6,4760,2,5,1,1,1
201601PL60445,1,9,0,4,0,0,0,0,0,0,1,1,6,1,25,5,1248,2,6,-1,-1,-1
201601PL60445,2,9,0,3,0,0,0,0,0,0,2,1,6,1,-1,-1,-1,-1,-1,-1,-1,-1
201601PL60446,1,9,0,9,2,8,0,0,0,0,3,1,6,1,49,8,1968,2,10,2,1,2
201601PL60446,2,1,0,18,2,8,0,0,0,0,2,1,2,1,28,6,-1,-1,-1,2,1,2
201601PL60447,1,4,0,9,0,8,0,0,0,0,1,1,6,1,52,8,-1,-1,-1,5,1,5
201601PL60448,1,9,0,7,0,2,0,0,0,0,1,1,2,1,30,6,1598,1,10,2,1,2
201601PL60449,1,9,0,12,0,8,0,0,0,0,1,1,6,1,20,4,2967,2,7,4,1,4
201601PL60449,2,11,0,9,0,1,0,0,0,0,1,1,1,1,54,8,3900,2,10,4,1,4
201601PL60450,1,4,0,18,0,1,0,0,0,0,1,1,1,1,24,5,-1,-1,-1,3,1,3
201601PL60450,2,9,0,18,0,1,0,0,0,0,1,1,1,1,50,8,1997,2,2,2,1,2
201601PL60452,1,9,0,18,0,1,0,0,0,0,4,1,6,1,-1,-1,-1,-1,-1,-1,-1,-1
201601PL60453,1,3,0,18,0,8,0,0,0,0,3,1,6,1,-1,-1,102,1,13,-1,-1,-1
201601PL60453,2,9,0,4,0,8,0,0,0,0,4,1,6,2,50,8,1781,1,13,3,1,3
201601PL60454,1,9,0,18,0,0,0,0,0,0,4,1,6,1,27,6,1499,2,1,1,1,1
201601PL60454,2,9,0,12,0,0,0,0,0,0,3,1,6,1,-1,-1,-1,-1,-1,-1,-1,-1
201601PL60455,1,9,0,18,0,0,0,0,0,0,2,1,6,2,-1,-1,1390,1,11,7,1,7
201601PL60455,2,9,0,18,0,0,0,0,0,0,1,2,6,3,-1,-1,-1,-1,-1,-1,-1,-1
201601PL60456,1,9,0,4,0,8,0,0,0,0,2,1,6,1,31,6,1798,8,2,3,1,3
201601PL60456,2,9,0,18,0,8,0,0,0,0,1,1,6,1,-1,-1,-1,-1,-1,-1,-1,-1
201601PL60457,1,11,0,18,0,8,0,0,0,0,0,1,1,1,55,8,4500,2,2,2,1,2
201601PL60458,1,9,0,9,0,8,0,0,0,0,4,1,6,1,25,5,2500,2,18,4,1,4
201601PL60458,2,9,0,7,0,8,0,0,0,0,3,1,6,1,25,5,1798,8,2,-1,-1,-1
201601PL60460,1,5,0,18,0,2,0,0,0,0,0,1,6,1,47,8,-1,-1,-1,-1,-1,-1
201601PL60461,1,9,0,18,0,0,0,0,0,0,1,1,6,2,30,6,1685,2,4,3,1,3
201601PL60461,2,1,0,18,0,0,0,0,0,0,2,1,6,1,14,3,-1,-1,-1,2,1,2
201601PL60462,1,9,0,9,0,0,0,0,0,0,1,1,6,1,35,6,-1,-1,-1,6,1,6
201601PL60462,2,20,0,18,0,0,0,0,0,0,1,1,2,1,36,7,-1,-1,-1,5,1,5
201601PL60463,1,9,0,9,0,8,0,0,0,0,1,1,6,1,40,7,1968,2,5,3,1,3
201601PL60463,2,1,0,5,0,8,0,0,0,0,1,1,6,1,30,6,-1,-1,-1,8,1,8
201601PL60464,1,9,0,7,0,8,0,0,0,0,1,1,6,1,79,11,1997,1,8,2,1,2
201601PL60464,2,9,0,18,0,8,0,0,0,0,1,1,6,1,40,7,1686,2,5,3,1,3
201601PL60465,1,9,0,7,0,8,0,0,0,0,1,1,6,1,32,6,-1,-1,-1,4,1,4
201601PL60465,2,9,0,7,0,8,1,0,0,0,1,1,1,1,-1,-1,-1,-1,-1,-1,-1,-1
201601PL60466,1,4,0,18,0,8,0,0,0,0,1,1,6,2,23,5,-1,-1,-1,5,1,5
201601PL60466,2,9,0,7,0,8,0,0,0,0,4,1,6,1,-1,-1,1229,1,8,-1,-1,-1
201601PL60467,1,20,0,18,0,8,0,0,0,0,0,1,6,3,-1,-1,-1,-1,-1,-1,-1,-1
201601PL60468,1,9,0,9,0,2,0,0,0,0,1,1,6,2,25,5,1598,2,2,2,1,2
201601PL60468,2,9,0,18,0,8,0,0,0,0,4,1,6,2,24,5,-1,-1,-1,9,2,9
201601PL60469,1,9,0,3,0,2,0,0,0,0,2,1,6,1,-1,-1,1998,2,7,-1,-1,-1
201601PL60469,2,5,0,18,0,2,0,0,0,0,1,1,6,1,-1,-1,1237,1,4,-1,-1,-1
201601PL60470,1,9,0,18,0,8,0,0,0,0,1,1,6,1,41,7,1598,2,1,-1,-1,-1
201601PL60470,2,9,0,9,0,8,0,0,0,0,1,1,6,1,-1,-1,2967,1,15,3,1,3
201601PL60471,1,8,0,2,0,0,0,0,0,0,2,1,1,1,50,8,1796,1,2,4,1,4
201601PL60471,2,3,0,18,0,0,0,0,0,0,2,1,1,1,27,6,109,1,1,3,1,3
201601PL60472,1,9,0,18,0,8,0,0,0,0,1,1,6,1,27,6,1796,1,9,5,1,5
201601PL60472,2,9,0,18,0,8,0,0,0,0,3,1,6,2,49,8,-1,-1,-1,3,1,3
201601PL60473,1,3,0,18,0,0,0,0,0,0,1,1,6,1,20,4,-1,-1,-1,10,1,10
201601PL60474,1,9,0,9,0,5,0,0,0,0,1,1,6,1,50,8,-1,-1,-1,1,1,1
201601PL60474,2,1,0,18,0,8,0,0,0,0,1,1,6,1,-1,-1,-1,-1,-1,-1,-1,-1
201601PL60475,1,9,0,10,0,1,0,0,0,0,4,1,6,2,45,7,1791,8,5,7,1,7
201601PL60475,2,4,0,18,0,1,0,0,0,0,1,1,6,1,25,5,689,1,-1,4,1,4
201601PL60476,1,9,0,18,0,1,0,0,0,0,3,1,6,1,36,7,-1,-1,-1,4,1,4
201601PL60477,1,1,0,18,0,0,0,0,0,0,0,1,6,1,74,10,-1,-1,-1,7,1,7
201601PL60478,1,9,0,18,0,0,0,0,0,0,1,1,6,2,39,7,1398,1,-1,2,1,2
201601PL60480,1,9,0,9,0,8,0,0,0,0,3,1,6,1,26,6,2148,2,8,2,1,2
201601PL60480,2,3,0,13,0,8,0,0,0,0,1,1,6,1,-1,-1,-1,-1,-1,4,1,4
201601PL60481,1,19,0,9,0,8,0,0,0,0,2,1,1,1,53,8,2198,2,5,2,1,2
201601PL60481,2,11,0,18,0,8,0,0,0,0,1,1,1,3,-1,-1,-1,-1,-1,-1,-1,-1
201601PL60482,1,9,0,18,0,0,0,0,0,0,1,1,6,1,48,8,1329,1,4,2,1,2
201601PL60483,1,3,0,18,0,0,0,0,0,0,1,1,6,1,18,4,-1,-1,-1,2,1,2
201601PL60483,2,3,0,18,0,0,0,0,0,0,1,1,6,2,-1,-1,125,1,12,-1,-1,-1
201601PL60484,1,9,0,18,0,0,0,0,0,0,1,1,6,2,40,7,1998,2,4,2,1,2
201601PL60484,2,9,0,18,0,0,0,0,0,0,1,1,6,1,40,7,1560,2,5,3,1,3
201601PL60485,1,1,0,18,0,8,0,0,0,0,1,1,6,1,33,6,-1,-1,-1,3,1,3
201601PL60485,2,9,0,9,0,8,0,0,0,0,3,1,6,1,-1,-1,-1,-1,-1,-1,-1,-1
201601PL60486,1,9,0,18,0,8,0,0,0,0,1,1,6,2,18,4,-1,-1,-1,6,1,6
201601PL60486,2,9,0,9,0,8,0,0,0,0,3,1,6,1,33,6,1296,1,10,7,1,7
201601PL60487,1,1,0,10,0,1,0,0,0,0,3,1,6,1,33,6,-1,-1,-1,3,1,3
201601PL60487,2,9,0,7,0,2,0,0,0,0,1,1,6,2,-1,-1,1799,1,9,-1,-1,-1
201601PL60488,1,8,0,18,0,0,0,0,0,0,1,1,6,1,-1,-1,-1,-1,-1,-1,-1,-1
201601PL60488,2,4,0,18,0,0,0,0,0,0,1,1,6,3,-1,-1,-1,-1,-1,-1,-1,-1
201601PL60489,1,21,1,18,0,0,0,0,0,0,4,1,1,1,48,8,-1,-1,-1,9,1,9
201601PL60490,1,9,0,18,0,8,0,0,0,0,1,1,6,2,23,5,999,1,1,-1,-1,-1
201601PL60490,2,9,0,9,0,8,0,0,0,0,4,1,6,1,48,8,998,1,12,4,1,4
201601PL60491,1,19,0,18,0,8,0,0,0,0,1,1,6,1,37,7,-1,-1,-1,7,1,7
201601PL60491,2,9,0,6,0,8,0,0,0,0,1,1,6,2,34,6,1587,1,10,2,1,2
201601PL60493,1,9,0,4,0,0,0,0,0,0,2,1,2,2,32,6,1598,1,14,9,1,9
201601PL60493,2,19,0,18,0,0,0,0,0,0,1,1,6,1,-1,-1,-1,-1,-1,-1,-1,-1
201601PL60494,1,9,0,7,0,2,0,0,0,0,1,1,6,1,-1,-1,-1,-1,-1,-1,-1,-1
201601PL60495,1,9,0,9,0,0,0,0,0,0,4,1,6,1,74,10,698,1,10,8,1,8
201601PL60496,1,1,0,15,0,1,0,0,0,0,1,1,2,1,45,7,-1,-1,-1,5,1,5
201601PL60496,2,19,0,7,0,8,0,0,0,0,4,1,6,3,-1,-1,1686,2,12,-1,-1,-1
201601PL60497,1,3,0,9,0,8,0,0,0,0,2,1,6,1,24,5,125,1,8,2,1,2
201601PL60497,2,19,0,18,0,8,0,0,0,0,1,1,6,3,-1,-1,-1,-1,-1,-1,-1,-1
201601PL60498,1,1,0,18,0,1,0,0,0,0,1,1,6,1,44,7,-1,-1,-1,4,1,4
201601PL60499,1,9,0,7,0,8,0,0,0,0,4,1,6,1,63,9,-1,-1,-1,-1,-1,-1
201601PL60499,2,9,0,15,0,8,0,10,1,10,1,1,6,2,23,5,-1,-1,-1,1,1,1
201601PL60500,1,9,0,15,0,1,0,0,0,0,3,1,6,1,52,8,-1,-1,-1,4,1,4
201601PL60500,2,9,0,4,0,1,0,0,0,0,4,1,6,2,36,7,1995,2,2,4,1,4
201601PL60500,3,9,0,3,0,1,0,0,0,0,4,1,6,1,56,9,-1,-1,-1,5,1,5
201601PL60501,1,9,0,18,0,1,0,0,0,0,1,1,6,1,32,6,2987,2,-1,2,1,2
201601PL60501,2,9,0,4,0,1,0,0,0,0,2,1,6,1,31,6,1984,1,8,6,1,6
201601PL60502,1,9,0,3,0,1,0,0,0,0,4,1,6,2,35,6,1618,1,3,2,1,2
201601PL60502,2,9,0,3,0,8,0,0,0,0,4,1,1,1,-1,-1,-1,-1,-1,-1,-1,-1
201601PL60502,3,2,0,5,0,1,0,0,0,0,3,1,6,1,16,4,49,1,13,2,1,2
201601PL60503,1,9,0,18,0,2,0,0,0,0,1,1,3,2,39,7,1598,1,13,4,1,4
201601PL60504,1,9,0,18,0,0,0,0,0,0,4,1,6,2,36,7,2993,2,8,2,1,2
201601PL60507,1,9,0,18,0,0,2,0,0,0,1,1,6,1,25,5,1360,1,11,4,1,4
201601PL60507,2,9,0,2,0,0,0,0,0,0,4,1,4,3,-1,-1,1364,1,9,-1,-1,-1
201601PL60508,1,3,0,18,0,1,0,0,0,0,0,1,6,2,24,5,125,1,-1,3,1,3
201601PL60509,1,3,0,18,0,1,0,0,0,0,1,1,6,1,54,8,125,1,7,4,1,4
201601PL60509,2,90,0,11,0,1,0,0,0,0,4,1,6,3,-1,-1,-1,-1,-1,-1,-1,-1
201601PL60510,1,5,0,15,0,0,0,0,0,0,1,1,6,1,55,8,800,1,-1,7,1,7
201601PL60511,1,5,0,18,0,8,0,0,0,0,1,1,6,1,44,7,1690,1,3,2,1,2
201601PL60511,2,9,0,9,0,8,0,0,0,0,4,1,6,1,44,7,-1,-1,-1,6,1,6
201601PL60512,1,9,0,15,0,0,0,0,0,0,1,1,6,1,22,5,1198,1,4,4,1,4
201601PL60512,2,9,0,4,0,0,0,0,0,0,3,1,6,1,48,8,-1,-1,-1,7,1,7
201601PL60513,1,1,0,13,0,8,0,0,0,0,1,1,6,1,57,9,-1,-1,-1,9,1,9
201601PL60513,2,9,0,9,0,8,0,0,0,0,3,1,6,1,-1,-1,-1,-1,-1,-1,-1,-1
201601PL60514,1,9,0,9,0,8,0,0,0,0,0,1,6,1,50,8,1799,1,9,7,1,7
201601PL60514,2,1,0,17,0,8,0,0,0,0,0,1,6,1,37,7,-1,-1,-1,5,1,5
201601PL60515,1,9,0,3,0,1,0,0,0,0,2,1,6,2,55,8,1329,1,1,2,1,2
201601PL60515,2,9,0,18,0,1,0,0,0,0,1,1,6,2,41,7,1850,1,15,2,1,2
201601PL60516,1,9,0,18,0,0,0,0,0,0,3,1,6,2,42,7,1596,1,2,3,1,3
201601PL60516,2,9,0,18,0,0,0,0,0,0,3,1,6,1,-1,-1,1560,2,2,-1,-1,-1
201601PL60517,1,9,0,6,0,0,0,0,0,0,2,1,6,2,27,6,1498,1,8,5,1,5
201601PL60517,2,19,0,18,0,0,0,0,0,0,1,1,6,1,-1,-1,2402,2,6,-1,-1,-1
201601PL60518,1,9,0,7,0,8,0,0,0,0,1,1,6,2,48,8,2967,2,6,6,1,6
201601PL60518,2,9,0,18,0,2,0,0,0,0,1,1,6,2,49,8,1796,1,12,-1,-1,-1
201601PL60518,3,9,0,18,0,8,0,0,0,0,2,1,6,2,32,6,1598,1,8,2,1,2
201601PL60519,1,9,0,6,0,0,0,0,0,0,3,1,6,1,45,7,1995,2,6,2,1,2
201601PL60519,2,1,0,18,0,0,0,0,0,0,4,1,6,1,38,7,-1,-1,-1,4,1,4
201601PL60520,1,9,0,4,0,8,0,0,0,0,2,1,6,2,-1,-1,1596,1,5,8,1,8
201601PL60520,2,9,0,18,0,8,0,0,0,0,1,1,6,1,-1,-1,2143,2,2,-1,-1,-1
201601PL60521,1,9,0,4,0,8,0,0,0,0,2,1,6,1,20,4,2143,2,1,3,1,3
201601PL60521,2,9,0,18,0,8,0,0,0,0,1,1,6,1,-1,-1,-1,-1,-1,-1,-1,-1
201601PL60522,1,9,0,18,0,0,0,0,0,0,1,1,6,1,27,6,1596,1,11,2,1,2
201601PL60522,2,9,0,18,0,0,0,0,0,0,1,1,6,2,32,6,1896,2,15,3,1,3
201601PL60523,1,9,0,18,0,8,0,10,0,0,1,1,6,1,46,8,1197,1,-1,2,1,2
201601PL60523,2,9,0,18,0,8,0,0,0,0,1,1,6,1,28,6,1197,1,-1,9,1,9
201601PL60524,1,11,0,4,0,0,0,0,0,0,0,1,1,1,22,5,4500,2,2,2,1,2
201601PL60525,1,9,0,18,0,0,0,0,0,0,4,1,6,2,44,7,1398,1,14,-1,-1,-1
201601PL60525,2,9,0,5,0,0,0,0,0,0,3,1,6,2,21,5,1124,1,11,-1,-1,-1
201601PL60526,1,9,0,3,0,1,0,0,0,0,2,1,6,2,37,7,1598,1,-1,5,1,5
201601PL60526,2,9,0,3,0,1,0,0,0,0,2,1,6,1,31,6,1598,1,15,2,1,2
201601PL60526,3,9,0,3,0,1,0,0,0,0,2,1,1,1,39,7,1587,1,17,2,1,2
201601PL60526,4,9,0,18,0,1,0,0,0,0,1,1,6,1,48,8,1364,1,1,1,1,1
201601PL60527,1,9,0,18,0,8,0,0,0,0,4,1,1,1,-1,-1,-1,-1,-1,-1,-1,-1
201601PL60528,1,9,0,9,0,8,0,0,0,0,4,1,6,1,28,6,1560,2,4,2,1,2
201601PL60528,2,9,0,18,0,8,0,0,0,0,1,1,6,1,24,5,1968,2,11,2,1,2
201601PL60529,1,5,0,15,0,0,0,0,0,0,1,1,6,1,32,6,998,1,7,1,1,1
201601PL60529,2,11,0,3,0,0,0,0,0,0,3,1,6,1,48,8,-1,-1,-1,2,1,2
201601PL60529,3,9,0,4,0,0,0,0,0,0,3,1,6,1,28,6,1995,2,13,4,1,4
201601PL60530,1,11,0,18,0,1,0,0,0,0,0,1,1,1,-1,-1,5132,2,-1,2,1,2
201601PL60531,1,3,0,14,0,8,0,0,0,0,1,1,6,1,29,6,124,1,1,2,1,2
201601PL60531,2,9,0,9,0,8,0,0,0,0,3,1,6,2,50,8,1199,1,15,6,1,6
201601PL60532,1,9,0,18,0,0,0,0,0,0,3,1,6,1,28,6,1197,1,4,5,1,5
201601PL60533,1,9,0,18,0,2,1,7,0,0,1,1,6,1,22,5,2616,1,10,6,1,6
201601PL60533,2,9,0,2,0,2,0,4,0,0,1,1,6,2,33,6,1997,2,5,5,1,5
201601PL60533,3,9,0,2,0,2,0,0,0,0,1,1,6,1,57,9,1598,1,13,7,1,7
201601PL60534,1,8,0,18,0,0,0,0,0,0,1,1,1,1,44,7,2143,2,5,2,1,2
201601PL60535,1,9,0,10,0,0,0,0,0,0,4,1,6,2,46,8,-1,-1,-1,2,1,2
201601PL60535,2,9,0,7,0,0,0,0,0,0,4,1,6,2,84,11,-1,-1,-1,4,1,4
201601PL60536,1,9,0,9,0,8,0,0,0,0,4,1,6,2,21,5,1598,2,1,4,1,4
201601PL60536,2,3,0,15,2,8,0,0,0,0,1,1,6,1,25,5,124,1,-1,9,2,9
201601PL60537,1,1,0,16,2,8,0,0,0,0,3,1,6,1,38,7,-1,-1,-1,8,1,8
201601PL60537,2,9,0,7,0,8,0,0,0,0,4,1,6,2,-1,-1,-1,-1,-1,-1,-1,-1
201601PL60538,1,9,0,18,2,1,0,0,0,0,3,1,6,2,29,6,-1,-1,-1,4,1,4
201601PL60538,2,19,0,11,0,1,0,0,0,0,4,1,6,1,-1,-1,-1,-1,-1,-1,-1,-1
201601PL60539,1,4,0,18,0,0,0,0,0,0,4,1,2,1,54,8,124,1,11,-1,-1,-1
201601PL60539,2,9,0,7,0,0,0,0,0,0,3,1,6,3,-1,-1,-1,-1,-1,-1,-1,-1
201601PL60540,1,9,0,9,0,8,0,0,0,0,1,1,1,1,47,8,1798,8,1,3,1,3
201601PL60540,2,5,0,4,0,8,0,0,0,0,1,1,6,1,34,6,123,1,1,4,1,4
201601PL60541,1,9,0,5,0,0,0,0,0,0,3,1,1,1,27,6,1968,2,2,2,1,2
201601PL60541,2,1,0,18,0,0,0,0,0,0,4,1,6,1,46,8,-1,-1,-1,4,1,4
201601PL60542,1,9,0,5,0,8,0,0,0,0,4,1,6,1,50,8,1596,1,14,2,1,2
201601PL60542,2,1,0,5,0,8,0,0,0,0,3,1,6,2,32,6,-1,-1,-1,-1,-1,-1
201601PL60543,1,11,0,18,0,1,0,0,0,0,0,1,1,2,29,6,7300,2,10,2,1,2
201601PL60544,1,9,0,2,0,8,0,0,0,0,3,1,6,1,71,10,999,1,3,1,1,1
201601PL60544,2,1,0,18,0,8,0,4,0,0,1,1,6,1,30,6,-1,-1,-1,-1,-1,-1
201601PL60545,1,19,0,2,0,0,0,0,0,0,3,1,1,1,28,6,7698,2,1,9,1,9
201601PL60545,2,11,0,18,2,0,0,0,0,0,4,1,1,1,26,6,7300,2,13,10,1,10
201601PL60545,3,11,0,18,2,0,0,0,0,0,4,1,1,1,67,10,4461,2,3,1,1,1
201601PL60546,1,3,0,18,0,2,0,0,0,0,1,1,6,3,-1,-1,-1,-1,-1,-1,-1,-1
201601PL60546,2,1,0,18,0,2,0,0,0,0,4,1,6,1,41,7,-1,-1,-1,3,1,3
201601PL60547,1,9,0,18,0,0,0,4,0,0,1,1,6,1,26,6,1995,1,8,3,1,3
201601PL60547,2,9,0,2,0,0,0,0,0,0,3,1,6,2,-1,-1,1339,8,10,4,1,4
201601PL60548,1,3,0,18,0,8,0,0,0,0,4,1,6,2,38,7,125,1,6,6,1,6
201601PL60549,1,9,0,18,0,8,0,0,0,0,1,1,6,2,28,6,1796,1,6,5,1,5
201601PL60549,2,9,0,9,0,8,0,0,0,0,4,1,6,2,51,8,1598,1,6,4,1,4
201601PL60550,1,9,0,9,0,8,0,0,0,0,1,1,6,2,33,6,1198,1,1,2,1,2
201601PL60550,2,9,0,18,0,8,0,0,0,0,1,1,6,1,42,7,1798,8,4,5,1,5
201601PL60551,1,1,0,15,0,8,0,0,0,0,1,1,6,1,31,6,-1,-1,-1,3,2,3
201601PL60551,2,9,0,9,0,8,0,0,0,0,3,1,6,1,44,7,1798,8,3,4,1,4
201601PL60552,1,1,0,18,0,8,0,0,0,0,1,1,6,1,30,6,-1,-1,-1,6,1,6
201601PL60552,2,9,0,18,0,8,0,0,0,0,3,1,6,1,30,6,-1,-1,-1,6,1,6
201601PL60553,1,4,0,15,0,8,0,0,0,0,4,1,6,1,25,5,124,1,7,3,1,3
201601PL60553,2,9,0,4,0,8,0,0,0,0,3,1,6,1,18,4,1496,1,1,3,1,3
201601PL60553,3,9,0,18,0,8,0,0,0,0,3,1,6,1,65,9,2499,1,9,5,1,5
201601PL60554,1,9,0,6,0,0,0,0,0,0,1,1,6,1,-1,-1,-1,-1,-1,-1,-1,-1
201601PL60555,1,3,0,18,0,0,0,0,0,0,1,1,6,1,22,5,109,1,1,1,1,1
201601PL60555,2,8,0,5,0,0,0,0,0,0,3,1,6,1,44,7,1796,1,2,2,1,2
201601PL60556,1,9,0,9,0,8,0,0,0,0,4,1,6,1,44,7,-1,-1,-1,2,1,2
201601PL60556,2,1,0,18,0,8,0,0,0,0,1,1,6,1,21,5,-1,-1,-1,3,1,3
201601PL60557,1,9,0,4,0,8,0,0,0,0,2,1,6,2,21,5,1341,1,13,2,1,2
201601PL60557,2,9,0,4,0,8,0,0,0,0,1,1,6,1,-1,-1,-1,-1,-1,-1,-1,-1
201601PL60558,1,9,0,18,0,8,0,4,0,0,1,1,6,2,24,5,1587,1,12,2,1,2
201601PL60558,2,9,0,2,0,8,0,0,0,0,2,1,6,2,-1,-1,-1,-1,-1,2,1,2
201601PL60558,3,9,0,2,0,8,0,0,0,0,3,1,6,1,52,8,-1,-1,-1,2,1,2
201601PL60559,1,9,0,18,0,0,0,0,0,0,4,1,6,1,32,6,-1,-1,-1,10,1,10
201601PL60560,1,11,0,4,0,8,0,0,0,0,0,1,1,1,42,7,6700,2,4,2,1,2
201601PL60561,1,9,0,18,0,8,0,10,7,2,1,1,1,1,-1,-1,-1,-1,-1,-1,-1,-1
201601PL60561,2,9,0,12,0,8,0,0,0,0,3,1,6,1,-1,-1,-1,-1,-1,-1,-1,-1
201601PL60561,3,20,0,4,0,8,0,0,0,0,2,1,6,1,-1,-1,-1,-1,-1,-1,-1,-1
201601PL60562,1,9,0,3,0,8,0,0,0,0,2,1,6,1,-1,-1,1896,2,12,3,1,3
201601PL60562,2,9,0,4,0,8,0,0,0,0,2,1,6,1,-1,-1,1386,1,10,-1,-1,-1
201601PL60562,3,9,0,18,0,8,0,0,0,0,1,1,6,1,-1,-1,-1,-1,-1,-1,-1,-1
201601PL60563,1,11,0,4,0,8,0,0,0,0,0,1,1,1,46,8,4500,2,2,1,1,1
201601PL60564,1,9,0,4,0,8,0,0,0,0,2,1,6,1,-1,-1,2000,2,11,2,1,2
201601PL60564,2,9,0,4,0,8,0,0,0,0,2,1,6,1,48,8,1598,1,3,3,1,3
201601PL60564,3,9,0,18,0,8,0,0,0,0,1,1,6,1,32,6,1997,2,3,3,1,3
201601PL60565,1,1,0,18,0,0,0,0,0,0,3,1,6,1,32,6,-1,-1,-1,7,1,7
201601PL60565,2,9,0,15,0,0,0,0,0,0,4,1,6,1,-1,-1,1198,1,1,-1,-1,-1
201601PL60566,1,9,0,9,0,8,0,0,0,0,3,1,6,1,34,6,1995,2,6,5,1,5
201601PL60566,2,3,0,9,0,8,0,0,0,0,4,1,6,1,-1,-1,955,1,14,-1,-1,-1
201601PL60567,1,1,0,18,0,8,0,0,0,0,1,1,6,1,44,7,-1,-1,-1,9,1,9
201601PL60567,2,19,0,2,0,8,0,0,0,0,3,1,6,1,-1,-1,-1,-1,-1,-1,-1,-1
201601PL60568,1,9,0,17,0,8,0,0,0,0,1,1,6,1,57,9,1339,1,12,4,1,4
201601PL60569,1,3,0,18,0,8,0,0,0,0,3,1,6,1,22,5,249,1,7,1,1,1
201601PL60570,1,11,0,12,0,0,0,0,0,0,3,1,1,1,51,8,12900,2,3,1,1,1
201601PL60570,2,9,0,18,0,0,0,0,0,0,4,1,6,2,38,7,1598,1,9,5,1,5
201601PL60571,1,3,0,3,0,2,0,0,0,0,2,1,6,1,26,6,-1,-1,-1,4,1,4
201601PL60571,2,3,0,4,0,2,0,0,0,0,1,1,6,1,19,4,124,1,3,2,1,2
201601PL60572,1,3,0,3,0,2,0,0,0,0,2,1,6,1,28,6,124,1,1,4,1,4
201601PL60572,2,9,0,18,0,2,0,0,0,0,1,1,6,1,-1,-1,1599,1,8,-1,-1,-1
201601PL60573,1,9,0,9,0,8,0,0,0,0,3,1,6,1,54,8,-1,-1,-1,2,1,2
201601PL60573,2,90,0,13,0,8,0,0,0,0,1,1,6,1,25,5,-1,-1,-1,3,1,3
201601PL60574,1,3,0,15,0,8,0,0,0,0,1,1,1,1,21,5,109,1,3,3,1,3
201601PL60574,2,9,0,18,0,8,0,0,0,0,0,1,6,3,-1,-1,-1,-1,-1,-1,-1,-1
201601PL60574,3,9,0,18,0,8,0,0,0,0,0,1,6,3,-1,-1,-1,-1,-1,-1,-1,-1
201601PL60575,1,1,0,18,0,8,0,0,0,0,1,1,2,1,41,7,-1,-1,-1,10,1,10
201601PL60575,2,19,0,9,0,8,0,0,0,0,4,1,2,1,38,7,2402,2,8,6,1,6
201601PL60576,1,90,0,18,0,1,0,4,7,10,1,1,1,1,37,7,-1,-1,-1,10,1,10
201601PL60576,2,9,0,2,0,1,0,0,0,0,3,1,6,1,84,11,1386,1,6,10,1,10
201601PL60576,3,9,0,2,0,1,0,0,0,0,2,1,6,1,30,6,2987,2,9,2,1,2
201601PL60576,4,9,0,2,0,2,0,0,0,0,2,1,6,1,44,7,1596,1,12,2,1,2
201601PL60577,1,9,0,18,0,8,0,0,0,0,4,1,2,2,25,5,-1,-1,-1,4,1,4
201601PL60578,1,1,0,18,0,8,0,0,0,0,3,1,6,2,28,6,-1,-1,-1,3,1,3
201601PL60578,2,9,0,7,0,8,0,0,0,0,4,1,6,2,-1,-1,1598,1,10,-1,-1,-1