Accident_Index,Vehicle_Reference,Vehicle_Type,Towing_and_Articulation,Vehicle_Manoeuvre,Vehicle_Location-Restricted_Lane,Junction_Location,Skidding_and_Overturning,Hit_Object_in_Carriageway,Vehicle_Leaving_Carriageway,Hit_Object_off_Carriageway,1st_Point_of_Impact,Was_Vehicle_Left_Hand_Drive?,Journey_Purpose_of_Driver,Sex_of_Driver,Age_of_Driver,Age_Band_of_Driver,Engine_Capacity_(CC),Propulsion_Code,Age_of_Vehicle,Driver_IMD_Decile,Driver_Home_Area_Type,Vehicle_IMD_Decile
201601PY20211,1,9,0,10,0,8,0,0,0,0,2,1,6,2,31,6,1995,2,12,2,1,2
201601PY20211,2,9,0,18,0,8,0,0,0,0,1,1,6,1,-1,-1,1388,1,10,-1,-1,-1
201601PY20212,1,9,0,9,0,8,0,0,0,0,4,1,6,1,21,5,2148,2,11,1,1,1
201601PY20212,2,1,0,18,0,8,0,0,0,0,1,1,6,1,52,8,-1,-1,-1,2,1,2
201601PY20214,1,1,0,17,0,8,0,0,0,0,1,1,6,1,48,8,-1,-1,-1,10,1,10
201601PY20214,2,9,0,9,0,8,0,0,0,0,4,1,6,1,-1,-1,1461,2,2,8,1,8
201601PY20216,1,9,0,18,0,8,0,10,7,4,4,1,6,1,61,9,1997,1,4,9,3,9
201601PY20216,2,9,0,18,0,8,0,0,0,0,1,1,6,2,36,7,1984,1,9,10,1,10
201601PY20217,1,9,0,18,0,8,0,0,0,0,4,1,6,1,53,8,2499,1,7,7,1,7
201601PY20217,2,9,0,9,0,8,0,0,0,0,1,1,6,2,62,9,1398,1,6,5,1,5
201601PY20218,1,9,0,4,0,8,0,0,0,0,2,1,6,1,53,8,-1,-1,-1,9,2,9
201601PY20218,2,9,0,4,0,8,0,0,0,0,2,1,6,1,-1,-1,-1,-1,-1,10,1,10
201601PY20218,3,9,0,18,0,8,0,0,0,0,1,1,6,2,31,6,-1,-1,-1,8,1,8
201601PY20219,1,9,0,18,0,0,2,7,0,0,1,1,6,2,67,10,1968,2,2,7,1,7
201601PY20220,1,9,0,9,0,8,0,0,0,0,4,1,6,1,24,5,1598,1,12,9,1,9
201601PY20220,2,5,0,15,0,8,0,0,0,0,1,1,6,1,34,6,745,1,1,9,1,9
201601PY20222,1,9,0,18,0,0,0,0,0,0,1,1,6,2,36,7,1598,1,14,4,1,4
201601PY20223,1,9,0,7,0,8,0,0,0,0,3,1,6,2,46,8,1199,2,4,9,1,9
201601PY20223,2,3,0,18,0,8,0,0,0,0,1,1,6,1,22,5,125,1,1,7,1,7
201601PY20224,1,9,0,5,0,8,0,10,7,10,3,1,6,1,91,11,1769,1,13,7,1,7
201601PY20224,2,9,0,18,0,8,0,0,0,0,1,1,6,2,31,6,-1,-1,-1,8,3,8
201601PY20225,1,9,0,18,8,0,0,10,1,2,1,1,6,2,71,10,1396,1,1,2,1,2
201601PY20226,1,9,0,15,0,8,0,0,0,0,3,1,6,2,55,8,1598,1,4,1,1,1
201601PY20226,2,19,0,18,0,8,0,0,0,0,1,1,6,1,-1,-1,-1,-1,-1,-1,-1,-1
201601PY20227,1,9,0,18,0,0,5,0,1,9,4,1,6,1,72,10,1598,2,5,4,1,4
201601PY20228,1,20,0,6,0,8,0,0,0,0,3,1,6,1,55,8,-1,-1,-1,3,1,3
201601PY20228,2,9,0,18,0,8,0,0,0,0,1,1,6,1,25,5,1364,1,7,7,1,7
201601PY20229,1,9,0,18,0,8,0,10,7,2,3,1,6,2,18,4,-1,-1,-1,10,1,10
201601PY20230,1,1,0,18,0,8,0,0,0,0,3,1,6,2,39,7,-1,-1,-1,10,1,10
201601PY20230,2,9,0,18,0,8,0,0,0,0,4,1,6,1,-1,-1,1197,1,-1,-1,-1,-1
201601PY20231,1,9,0,18,0,8,0,0,0,0,1,1,6,1,68,10,1461,2,5,3,1,3
201601PY20232,1,1,0,18,0,8,0,0,0,0,1,1,6,1,35,6,-1,-1,-1,7,1,7
201601PY20232,2,9,0,9,0,8,0,0,0,0,4,1,6,1,45,7,2979,1,3,9,1,9
201601PY20233,1,9,0,9,0,0,0,0,0,0,1,1,6,2,21,5,-1,-1,-1,-1,-1,-1
201601PY20233,2,9,0,18,0,0,0,0,0,0,4,1,6,2,29,6,-1,-1,-1,5,2,5
201601PY20234,1,9,0,5,0,0,0,0,0,0,3,1,6,2,21,5,1124,1,7,10,1,10
201601PY20234,2,9,0,18,0,0,0,0,0,0,1,1,6,1,35,6,1998,8,-1,7,1,7
201601PY20237,1,9,0,18,0,8,0,0,0,0,1,1,6,1,92,11,1329,1,4,10,1,10
201601PY20237,2,9,0,9,0,8,0,0,0,0,4,1,6,2,84,11,1397,1,8,9,1,9
201601PY20238,1,9,0,18,0,0,0,0,0,0,4,1,6,1,68,10,1997,2,6,5,1,5
201601PY20239,1,9,0,18,0,8,0,0,0,0,3,1,6,1,-1,-1,2776,2,12,-1,-1,-1
201601PY20239,2,9,0,18,0,8,0,0,0,0,3,1,6,2,50,8,-1,-1,-1,-1,-1,-1
201601PY20240,1,9,0,9,0,8,0,0,0,0,1,1,6,1,21,5,1229,1,7,3,1,3
201601PY20240,2,1,0,18,0,8,0,0,0,0,1,1,6,1,45,7,-1,-1,-1,4,1,4
201601PY20241,1,9,0,5,0,8,0,0,0,0,4,1,6,1,52,8,1749,1,15,4,1,4
201601PY20243,1,1,0,18,0,8,0,0,0,0,1,1,6,2,22,5,-1,-1,-1,4,1,4
201601PY20243,2,9,0,7,0,8,0,0,0,0,2,1,6,1,-1,-1,1590,1,13,-1,-1,-1
201601PY20244,1,9,0,9,0,8,0,0,0,0,4,1,6,1,46,8,1968,2,4,2,1,2
201601PY20245,1,9,0,10,0,8,0,0,0,0,2,1,6,1,21,5,1560,2,4,2,1,2
201601PY20245,2,9,0,18,0,8,0,0,0,0,1,1,6,2,93,11,1328,1,12,7,2,7
201601PY20246,1,90,0,18,0,8,0,0,0,0,4,1,6,1,-1,-1,-1,-1,-1,-1,-1,-1
201601PY20247,1,9,0,18,0,8,0,7,0,0,3,1,6,2,44,7,1995,2,2,7,1,7
201601PY20248,1,9,0,9,0,8,0,0,0,0,4,1,6,2,-1,-1,-1,-1,-1,-1,-1,-1
201601PY20249,1,9,0,18,0,8,0,4,0,0,1,1,6,2,72,10,1784,1,8,9,1,9
201601PY20249,2,9,0,2,0,8,0,4,0,0,2,1,6,1,24,5,-1,-1,-1,10,1,10
201601PY20249,3,9,0,2,0,8,0,0,0,0,1,1,6,1,22,5,-1,-1,-1,-1,-1,-1
201601PY20250,1,11,0,4,0,8,0,0,0,0,0,1,1,1,53,8,9000,2,6,-1,-1,-1
201601PY20251,1,20,0,18,0,0,0,10,1,4,4,1,6,1,-1,-1,-1,-1,-1,-1,-1,-1
201601PY20252,1,9,0,18,0,0,2,10,0,0,4,1,6,2,-1,-1,-1,-1,-1,7,3,7
201601PY20253,1,11,0,5,0,0,0,0,0,0,0,1,1,1,53,8,7300,2,10,5,1,5
201601PY20254,1,9,0,18,0,8,5,0,0,0,3,1,6,2,20,4,-1,-1,-1,-1,-1,-1
201601PY20254,2,9,0,18,0,8,0,0,0,0,1,1,6,1,27,6,-1,-1,-1,-1,-1,-1
201601PY20255,1,9,0,18,0,8,0,0,0,0,4,1,6,1,50,8,3960,1,20,-1,-1,-1
201601PY20255,2,9,0,7,0,8,0,0,0,0,1,1,6,1,34,6,1364,1,7,3,1,3
201601PY20256,1,1,0,18,0,8,0,0,0,0,1,1,6,1,34,6,-1,-1,-1,9,1,9
201601PY20256,2,9,0,18,0,8,0,0,0,0,3,1,6,1,-1,-1,998,1,14,-1,-1,-1
201601PY20257,1,9,0,18,0,0,0,0,0,0,3,1,6,1,61,9,-1,-1,-1,-1,-1,-1
201601PY20258,1,9,0,18,0,0,0,4,0,0,1,1,6,1,32,6,2198,1,9,2,1,2
201601PY20258,2,9,0,2,0,0,0,0,0,0,3,1,6,1,64,9,1753,2,8,-1,-1,-1
201601PY20258,3,9,0,2,0,0,0,0,0,0,3,1,6,2,26,6,1360,1,11,-1,-1,-1
201601PY20259,1,11,0,5,0,8,0,0,0,0,0,1,6,1,46,8,6700,2,10,7,1,7
201601PY20260,1,9,0,4,0,8,0,0,0,0,1,1,6,2,52,8,1968,2,4,9,1,9
201601PY20260,2,1,0,4,0,8,0,0,0,0,2,1,6,1,36,7,-1,-1,-1,4,1,4
201601PY20261,1,20,0,18,0,0,0,0,0,0,3,1,6,1,26,6,-1,-1,-1,3,1,3
201601PY20262,1,9,0,4,0,8,0,0,0,0,1,1,6,1,-1,-1,2231,2,9,2,1,2
201601PY20262,2,9,0,1,0,8,0,0,0,0,2,1,6,1,-1,-1,-1,-1,-1,-1,-1,-1
201601PY20263,1,3,0,4,0,8,0,0,0,0,3,1,6,2,50,8,115,1,1,3,1,3
201601PY20264,1,9,0,8,0,8,0,0,0,0,2,1,6,1,25,5,1984,1,-1,10,1,10
201601PY20264,2,9,0,18,0,8,0,0,0,0,1,1,6,2,-1,-1,-1,-1,-1,-1,-1,-1
201601PY20265,1,9,0,4,0,8,0,0,0,0,2,1,6,1,25,5,1968,2,2,9,1,9
201601PY20265,2,9,0,18,0,8,0,0,0,0,1,1,6,1,18,4,1149,1,9,2,1,2
201601PY20266,1,90,0,18,0,8,0,10,7,4,1,1,6,1,-1,-1,660,1,12,3,1,3
201601PY20267,1,9,0,4,0,8,0,0,0,0,2,1,6,2,48,8,1197,1,2,3,1,3
201601PY20267,2,9,0,18,0,8,0,0,0,0,1,1,6,2,-1,-1,1968,2,9,-1,-1,-1
201601PY20268,1,9,0,18,0,8,0,0,0,0,3,1,6,1,50,8,1685,2,3,6,3,6
201601PY20269,1,3,0,15,0,8,0,0,0,0,1,1,6,1,71,10,-1,-1,-1,-1,-1,-1
201601PY20269,2,9,0,9,0,8,0,0,0,0,3,1,6,1,22,5,1598,1,9,3,1,3
201601PY20270,1,9,0,18,0,8,0,0,0,0,1,1,6,1,20,4,1229,1,1,5,1,5
201601PY20270,2,9,0,9,0,8,0,0,0,0,3,1,6,2,59,9,1390,1,8,10,1,10
201601PY20270,3,9,0,9,0,8,0,0,0,0,1,1,6,1,46,8,1242,1,13,4,1,4
201601PY20271,1,9,0,18,0,0,0,0,0,0,1,1,6,2,63,9,1395,1,3,6,1,6
201601PY20271,2,9,0,18,0,0,0,0,0,0,3,1,6,1,58,9,1999,2,-1,8,1,8
201601PY20272,1,9,0,18,0,8,0,0,0,0,1,1,6,2,64,9,1598,2,1,-1,-1,-1
201601PY20272,2,9,0,9,0,8,0,0,0,0,3,1,6,1,22,5,1560,2,8,4,1,4
201601PY20273,1,9,0,17,0,8,0,0,0,0,4,1,6,2,37,7,1968,2,9,5,1,5
201601PY20273,2,9,0,9,0,8,0,0,0,0,1,1,6,1,-1,-1,-1,-1,-1,-1,-1,-1
201601PY20274,1,9,0,18,0,0,0,4,0,0,1,1,6,2,-1,-1,999,1,-1,10,1,10
201601PY20274,2,9,0,2,0,0,0,0,0,0,3,1,6,1,68,10,1997,1,3,10,1,10
201601PY20275,1,9,0,15,0,8,0,0,0,0,4,1,6,1,29,6,-1,-1,-1,6,1,6
201601PY20275,2,1,0,18,0,8,0,0,0,0,3,1,6,1,48,8,-1,-1,-1,3,1,3
201601PY20276,1,5,0,15,0,8,0,0,0,0,3,1,6,1,46,8,800,1,1,10,1,10
201601PY20276,2,9,0,9,0,8,0,0,0,0,3,1,6,1,37,7,1956,2,-1,7,1,7
201601PY20277,1,9,0,18,0,8,0,10,1,2,4,1,6,2,61,9,1797,8,2,9,1,9
201601PY20278,1,9,0,7,0,8,0,0,0,0,3,1,6,2,20,4,1242,1,11,-1,-1,-1
201601PY20278,2,1,0,18,0,8,0,0,0,0,1,1,6,1,26,6,-1,-1,-1,3,1,3
201601PY20279,1,9,0,18,0,0,0,0,0,0,1,1,6,2,41,7,1248,2,2,-1,-1,-1
201601PY20279,2,9,0,1,0,0,0,0,0,0,2,1,6,1,-1,-1,-1,-1,-1,-1,-1,-1
201601PY20280,1,9,0,3,0,8,0,0,0,0,2,1,6,2,31,6,1598,1,13,5,1,5
201601PY20280,2,9,0,3,0,8,0,0,0,0,2,1,6,1,41,7,1461,2,4,9,1,9
201601PY20280,3,9,0,18,0,8,0,0,0,0,1,1,6,1,45,7,1242,1,6,7,1,7
201601PY20281,1,9,0,18,0,0,0,10,7,2,3,1,6,2,57,9,2993,2,1,7,1,7
201601PY20283,1,9,0,4,0,8,0,0,0,0,2,1,6,2,32,6,1596,1,6,7,1,7
201601PY20283,2,3,0,18,0,8,0,0,0,0,1,1,6,1,19,4,321,1,-1,-1,-1,-1
201601PY20284,1,5,0,18,0,8,0,0,0,0,3,1,6,1,51,8,748,1,17,2,1,2
201601PY20284,2,9,0,18,0,8,0,0,0,0,3,1,6,2,41,7,1242,1,2,8,1,8
201601PY20285,1,9,0,18,0,8,0,0,0,0,4,1,6,2,21,5,998,1,1,2,1,2
201601PY20285,2,9,0,5,0,8,0,0,0,0,1,1,6,2,-1,-1,1364,1,8,6,1,6
201601PY20286,1,9,0,4,0,8,0,0,0,0,3,1,6,1,36,7,-1,-1,-1,1,1,1
201601PY20287,1,9,0,16,0,8,0,0,0,0,1,1,6,2,17,4,-1,-1,-1,-1,-1,-1
201601PY20287,2,9,0,17,0,8,0,0,0,0,1,1,6,1,-1,-1,4398,1,15,-1,-1,-1
201601PY20288,1,9,0,4,0,8,0,0,0,0,2,1,6,2,31,6,1781,1,15,10,1,10
201601PY20288,2,9,0,18,0,8,0,0,0,0,1,1,6,1,27,6,-1,-1,-1,2,1,2
201601PY20289,1,9,0,18,0,0,0,10,1,2,1,1,6,1,75,10,1598,1,15,5,1,5
201601PY20290,1,9,0,15,0,0,0,0,0,0,4,1,6,1,45,7,-1,-1,-1,2,1,2
201601PY20290,2,1,0,18,0,0,0,0,0,0,3,1,6,1,48,8,-1,-1,-1,8,1,8
201601PY20291,1,9,0,9,0,8,0,0,0,0,4,1,6,1,60,9,1998,2,11,8,1,8
201601PY20291,2,9,0,18,0,8,0,0,0,0,1,1,6,1,57,9,2987,2,7,9,1,9
201601PY20293,1,9,0,18,0,0,0,0,0,0,1,1,6,1,36,7,1968,2,4,9,1,9
201601PY20294,1,8,0,5,0,8,0,0,0,0,0,1,6,2,39,7,-1,-1,-1,7,1,7
201601PY20295,1,9,0,18,0,8,5,7,0,0,3,1,6,1,51,8,4196,1,10,1,1,1
201601PY20297,1,9,0,9,0,8,0,0,0,0,4,1,6,1,21,5,1995,2,9,4,1,4
201601PY20297,2,1,0,18,0,8,0,0,0,0,1,1,6,1,42,7,-1,-1,-1,6,1,6
201601PY20298,1,9,0,1,0,0,0,4,0,0,2,1,6,2,59,9,2360,1,14,9,1,9
201601PY20298,2,9,0,2,0,0,0,0,0,0,1,1,6,1,41,7,1398,2,5,1,1,1
201601PY20299,1,3,0,15,0,0,0,0,0,0,1,1,6,1,43,7,649,1,1,6,1,6
201601PY20299,2,20,0,9,0,0,0,0,0,0,3,1,6,1,-1,-1,-1,-1,-1,-1,-1,-1
201601PY20300,1,1,0,18,0,8,0,0,0,0,3,1,6,1,28,6,-1,-1,-1,7,1,7
201601PY20301,1,1,0,9,0,8,0,0,0,0,4,1,6,2,30,6,-1,-1,-1,6,1,6
201601PY20301,2,9,0,9,0,8,0,0,0,0,3,1,6,2,-1,-1,1360,1,6,-1,-1,-1
201601PY20302,1,9,0,18,0,8,0,0,0,0,1,1,6,1,53,8,-1,-1,-1,8,2,8
201601PY20302,2,9,0,9,0,8,0,0,0,0,3,1,6,2,28,6,1598,1,4,9,1,9
201601PY20303,1,3,0,18,0,8,0,0,0,0,1,1,6,1,38,7,125,1,9,3,1,3
201601PY20303,2,9,0,6,0,8,0,0,0,0,3,1,1,2,-1,-1,-1,-1,-1,-1,-1,-1
201601PY20304,1,9,0,18,0,8,0,0,0,0,1,1,6,2,41,7,1329,1,3,5,1,5
201601PY20304,2,9,0,7,0,8,0,0,0,0,3,1,6,2,54,8,-1,-1,-1,4,1,4
201601PY20305,1,9,0,18,0,8,0,0,0,0,3,1,6,2,91,11,1332,1,19,10,1,10
201601PY20305,2,9,0,9,0,8,0,0,0,0,1,1,6,1,19,4,1995,1,8,8,1,8
201601PY20306,1,9,0,17,0,0,0,0,0,0,1,1,6,1,28,6,1596,1,2,7,1,7
201601PY20306,2,9,0,18,0,0,0,0,0,0,3,1,6,2,-1,-1,1242,1,1,-1,-1,-1
201601PY20306,3,9,0,18,0,0,0,0,0,0,1,1,6,2,32,6,2143,2,1,10,1,10
201601PY20307,1,19,0,18,0,0,0,10,7,2,3,1,1,1,26,6,1560,2,5,8,1,8
201601PY20308,1,9,0,18,0,0,0,0,0,0,3,1,6,1,65,9,1686,2,2,3,1,3
201601PY20308,2,9,0,18,0,0,0,0,0,0,1,1,6,2,28,6,1242,1,1,2,1,2
201601PY20309,1,11,0,2,0,8,0,0,0,0,0,1,1,1,-1,-1,-1,-1,-1,-1,-1,-1
201601PY20310,1,9,0,9,0,8,0,0,0,0,4,1,6,2,76,11,1598,1,15,6,1,6
201601PY20310,2,1,0,18,0,8,0,0,0,0,1,1,6,1,21,5,-1,-1,-1,6,1,6
201601PY20311,1,9,0,18,0,0,0,0,0,0,1,1,6,1,50,8,1968,2,-1,6,1,6
201601PY20311,2,9,0,1,0,0,0,0,0,0,2,1,6,1,-1,-1,1349,1,4,-1,-1,-1
201601PY20312,1,9,0,18,0,8,0,10,7,2,1,1,6,1,61,9,898,1,1,5,1,5
201601PY20313,1,9,0,15,0,0,0,10,7,10,3,1,6,1,21,5,2493,1,11,4,1,4
201601PY20314,1,9,0,9,0,8,0,0,0,0,3,1,6,1,48,8,-1,-1,-1,2,1,2
201601PY20314,2,3,0,18,0,8,0,0,0,0,1,1,6,1,28,6,124,1,4,10,1,10
201601PY20315,1,9,0,4,0,8,0,0,0,0,1,1,6,1,66,10,1798,8,1,10,1,10
201601PY20315,2,20,0,1,0,8,0,0,0,0,2,1,6,1,-1,-1,2402,2,13,-1,-1,-1
201601PY20316,1,9,0,9,0,0,0,0,0,0,4,1,6,2,62,9,1299,1,12,10,1,10
201601PY20316,2,1,0,18,0,0,0,0,0,0,1,1,6,1,58,9,-1,-1,-1,7,1,7
201601PY20318,1,9,0,9,0,8,0,0,0,0,3,1,6,2,50,8,1248,2,4,10,1,10
201601PY20318,2,1,0,15,0,8,0,0,0,0,1,1,6,1,-1,-1,-1,-1,-1,-1,-1,-1
201601PY20319,1,9,0,1,0,8,0,0,0,0,2,1,6,1,18,4,1499,2,1,3,1,3
201601PY20320,1,9,0,4,0,0,0,0,0,0,2,1,6,2,32,6,1242,1,4,7,1,7
201601PY20320,2,9,0,18,0,0,0,0,0,0,1,1,6,1,48,8,1999,2,-1,10,1,10
201601PY20321,1,1,0,18,0,8,0,0,0,0,1,1,6,1,39,7,-1,-1,-1,8,1,8
201601PY20321,2,9,0,9,0,8,0,0,0,0,4,1,6,1,-1,-1,1388,1,8,-1,-1,-1
201601PY20322,1,9,0,3,0,8,0,0,0,0,2,1,6,2,50,8,998,1,1,10,1,10
201601PY20322,2,9,0,18,0,8,0,0,0,0,1,1,6,1,-1,-1,-1,-1,-1,-1,-1,-1
201601PY20323,1,9,0,15,0,8,0,7,7,2,3,1,6,2,22,5,-1,-1,-1,4,1,4
201601PY20324,1,9,0,5,0,0,0,0,0,0,3,1,6,1,35,6,998,1,6,-1,-1,-1
201601PY20325,1,9,0,18,0,8,0,0,0,0,1,1,6,1,63,9,2143,2,1,6,1,6
201601PY20325,2,9,0,9,0,8,0,0,0,0,1,1,6,2,36,7,1798,1,6,9,1,9
201601PY20326,1,1,0,18,0,8,0,0,0,0,1,1,6,1,42,7,-1,-1,-1,7,1,7
201601PY20326,2,9,0,9,0,8,0,0,0,0,4,1,6,1,-1,-1,1398,1,4,7,1,7
201601PY20327,1,11,0,5,0,8,0,0,0,0,4,1,1,1,30,6,-1,-1,-1,10,1,10
201601PY20327,2,1,0,18,0,8,0,0,0,0,3,1,6,1,30,6,-1,-1,-1,-1,-1,-1
201601PY20328,1,9,0,18,0,8,0,0,0,0,1,1,6,1,58,9,1596,1,4,10,1,10
201601PY20328,2,9,0,9,0,8,0,0,0,0,4,1,6,2,43,7,1242,1,10,10,1,10
201601PY20329,1,9,0,18,0,0,0,0,0,0,3,1,6,2,37,7,1590,1,5,5,1,5
201601PY20330,1,9,0,18,0,2,0,0,0,0,1,1,6,2,38,7,1229,1,2,8,1,8
201601PY20331,1,9,0,7,0,8,0,0,0,0,3,1,6,2,46,8,1910,2,9,6,1,6
201601PY20331,2,9,0,18,0,8,0,0,0,0,4,1,6,1,49,8,1388,1,2,6,3,6
201601PY20332,1,11,0,18,0,2,0,0,0,0,0,1,1,1,34,6,7300,2,10,1,1,1
201601PY20333,1,9,0,18,0,8,0,0,0,0,1,1,1,1,42,7,-1,-1,-1,2,1,2
201601PY20333,2,9,0,18,0,8,0,0,0,0,2,2,6,1,61,9,-1,-1,-1,-1,-1,-1
201601PY20335,1,9,0,18,0,0,0,0,0,0,4,1,6,1,55,8,1598,1,12,2,1,2
201601PY20335,2,19,0,2,0,0,0,0,0,0,3,1,6,1,34,6,2461,2,9,5,1,5
201601PY20335,3,19,0,2,0,0,0,0,0,0,4,1,6,1,55,8,-1,-1,-1,10,1,10
201601PY20336,1,9,0,18,0,2,0,0,0,0,2,1,6,1,41,7,1591,1,3,4,1,4
201601PY20336,2,4,0,18,0,2,0,0,0,0,1,1,6,1,44,7,-1,-1,-1,2,1,2
201601PY20337,1,9,0,18,0,0,0,0,0,0,3,1,1,1,36,7,1598,2,2,5,1,5
201601PY20337,2,9,0,9,0,0,0,0,0,0,1,1,1,2,25,5,-1,-1,-1,3,1,3
201601PY20338,1,9,0,2,0,0,0,0,0,0,3,1,6,1,48,8,-1,-1,-1,-1,-1,-1
201601PY20338,2,9,0,18,0,0,0,4,0,0,1,1,6,2,22,5,-1,-1,-1,4,1,4
201601PY20338,3,9,0,2,0,0,0,0,0,0,3,1,6,1,-1,-1,1124,1,12,-1,-1,-1
201601PY20338,4,9,0,15,0,0,0,0,0,0,3,1,6,1,-1,-1,-1,-1,-1,-1,-1,-1
201601PY20339,1,1,0,18,0,8,0,0,0,0,1,1,6,1,51,8,-1,-1,-1,3,1,3
201601PY20339,2,9,0,7,0,8,0,0,0,0,4,1,6,1,-1,-1,1781,1,13,-1,-1,-1
201601PY20341,1,1,0,4,0,8,0,0,0,0,3,1,6,2,37,7,-1,-1,-1,3,1,3
201601PY20342,1,9,0,18,0,8,0,0,0,0,3,1,6,2,39,7,1200,1,2,7,3,7
201601PY20342,2,1,0,18,0,8,0,0,0,0,4,1,6,1,50,8,-1,-1,-1,1,1,1
201601PY20343,1,9,0,1,0,2,0,0,0,0,2,1,6,1,36,7,1398,2,13,8,1,8
201601PY20343,2,1,0,18,0,2,0,0,0,0,1,1,6,2,-1,-1,-1,-1,-1,-1,-1,-1
201601PY20344,1,9,0,9,0,8,0,0,0,0,4,1,6,1,26,6,1197,1,-1,7,1,7
201601PY20344,2,9,0,18,0,8,0,4,0,0,1,1,6,2,64,9,1298,1,12,3,1,3
201601PY20344,3,9,0,2,0,8,0,0,0,0,2,1,6,1,52,8,1798,1,13,-1,-1,-1
201601PY20345,1,9,0,18,0,8,0,0,0,0,1,1,6,1,68,10,1999,1,13,2,1,2
201601PY20345,2,9,0,9,0,8,0,0,0,0,3,1,6,2,55,8,1240,1,7,7,1,7
201601PY20346,1,9,0,18,0,8,0,0,0,0,4,1,6,1,65,9,1997,1,4,9,1,9
201601PY20347,1,1,0,18,0,8,0,0,0,0,3,1,6,1,36,7,-1,-1,-1,7,1,7
201601PY20347,2,9,0,15,0,8,0,0,0,0,4,1,6,1,46,8,-1,-1,-1,5,1,5
201601PY20348,1,9,0,4,0,8,0,0,0,0,2,1,6,1,37,7,1998,2,10,6,1,6
201601PY20348,2,8,0,18,0,8,0,0,0,0,1,1,6,1,-1,-1,1968,2,6,7,1,7
201601PY20349,1,20,0,18,0,0,0,0,0,0,2,1,1,1,22,5,-1,-1,-1,-1,-1,-1
201601PY20349,2,3,0,18,0,0,0,0,0,0,1,1,1,1,46,8,108,1,3,5,1,5
201601PY20350,1,9,0,9,0,8,0,0,0,0,1,1,6,2,21,5,1229,1,11,-1,-1,-1
201601PY20350,2,9,0,18,0,8,0,0,0,0,4,1,6,1,20,4,973,1,15,9,1,9
201601PY20351,1,9,0,9,0,8,0,0,0,0,3,1,6,2,66,10,1390,1,1,9,1,9
201601PY20351,2,4,0,18,0,8,0,0,0,0,1,1,6,1,19,4,124,1,-1,1,1,1
201601PY20352,1,1,0,18,0,8,0,0,0,0,2,1,6,2,52,8,-1,-1,-1,10,1,10
201601PY20352,2,9,0,15,0,8,0,0,0,0,4,1,6,1,-1,-1,-1,-1,-1,-1,-1,-1
201601PY20353,1,20,0,18,0,8,0,0,0,0,1,1,6,1,55,8,-1,-1,-1,1,1,1
201601PY20353,2,9,0,9,0,8,0,0,0,0,4,1,6,1,-1,-1,-1,-1,-1,7,1,7
201601PY20354,1,9,0,9,0,8,0,0,0,0,4,1,6,1,-1,-1,1364,1,10,8,1,8
201601PY20355,1,3,0,18,0,8,0,0,0,0,1,1,6,1,22,5,125,1,9,5,1,5
201601PY20355,2,9,0,6,0,8,0,0,0,0,3,1,6,1,-1,-1,1398,1,4,-1,-1,-1
201601PY20356,1,9,0,5,0,0,0,0,0,0,3,1,6,1,48,8,1995,2,9,4,1,4
201601PY20356,2,1,0,18,0,0,0,0,0,0,1,1,6,1,55,8,-1,-1,-1,7,1,7
201601PY20357,1,3,0,18,0,8,0,0,0,0,1,1,6,1,27,6,125,1,-1,7,1,7
201601PY20357,2,9,0,9,0,8,0,0,0,0,3,1,6,1,68,10,-1,-1,-1,4,1,4
201601PY20358,1,9,0,18,0,8,0,0,0,0,1,1,6,2,32,6,1598,1,8,2,1,2
201601PY20358,2,1,0,18,0,8,0,0,0,0,4,1,6,1,30,6,-1,-1,-1,6,1,6
201601PY20359,1,9,0,18,0,0,5,10,1,0,1,1,3,1,52,8,2401,2,9,5,1,5
201601PY20359,2,19,0,18,0,0,0,0,0,0,2,1,6,1,-1,-1,1560,2,8,-1,-1,-1
201601PY20360,1,19,0,18,0,0,0,10,0,0,3,1,6,1,42,7,1998,2,12,2,1,2
201601PY20360,2,19,0,18,0,0,0,0,0,0,3,1,6,1,53,8,1753,2,13,8,1,8
201601PY20361,1,9,0,18,0,0,1,0,0,0,1,1,1,1,38,7,1995,1,14,2,1,2
201601PY20361,2,9,0,18,0,0,0,0,1,10,3,1,1,1,45,7,-1,-1,-1,-1,-1,-1
201601PY20362,1,11,0,4,0,1,0,0,0,0,0,1,1,1,28,6,4461,2,3,3,1,3
201601PY20363,1,9,0,18,0,2,0,0,0,0,4,1,2,1,22,5,1149,1,2,4,1,4
201601PY20363,2,9,0,5,0,1,0,0,0,0,1,1,2,1,21,5,1399,1,8,-1,-1,-1
201601PY20364,1,9,0,18,0,2,0,10,1,10,4,1,2,1,23,5,1364,1,7,6,1,6
201601PY20364,2,9,0,4,0,2,0,0,0,0,3,1,1,1,51,8,1797,8,6,10,1,10
201601PY20365,1,9,0,3,0,1,0,0,0,0,2,1,6,1,71,10,-1,-1,-1,1,1,1
201601PY20365,2,9,0,18,0,1,0,0,0,0,1,1,6,3,-1,-1,1560,2,1,-1,-1,-1
201601PY20366,1,1,0,18,0,8,0,0,0,0,1,1,6,1,26,6,-1,-1,-1,4,1,4
201601PY20366,2,9,0,9,0,8,0,0,0,0,3,1,6,1,-1,-1,-1,-1,-1,-1,-1,-1
201601PY20367,1,9,0,8,0,1,0,0,0,0,2,1,6,2,43,7,1229,1,2,2,1,2
201601PY20367,2,9,0,18,0,1,0,0,0,0,1,1,6,1,-1,-1,-1,-1,-1,-1,-1,-1
201601PY20368,1,11,0,4,0,8,0,0,0,0,0,1,1,1,-1,-1,6370,2,4,-1,-1,-1
201601PY20369,1,9,0,16,0,3,0,0,0,0,2,1,6,1,32,6,1598,1,8,7,1,7
201601PY20369,2,9,0,16,0,3,0,0,0,0,1,1,6,1,44,7,1341,1,12,4,1,4
201601PY20370,1,9,0,12,0,1,0,0,0,0,4,1,6,1,25,5,1968,2,4,4,1,4
201601PY20371,1,3,0,18,0,0,0,0,0,0,4,1,1,1,23,5,108,1,-1,10,1,10