Accident_Index,Vehicle_Reference,Vehicle_Type,Towing_and_Articulation,Vehicle_Manoeuvre,Vehicle_Location-Restricted_Lane,Junction_Location,Skidding_and_Overturning,Hit_Object_in_Carriageway,Vehicle_Leaving_Carriageway,Hit_Object_off_Carriageway,1st_Point_of_Impact,Was_Vehicle_Left_Hand_Drive?,Journey_Purpose_of_Driver,Sex_of_Driver,Age_of_Driver,Age_Band_of_Driver,Engine_Capacity_(CC),Propulsion_Code,Age_of_Vehicle,Driver_IMD_Decile,Driver_Home_Area_Type,Vehicle_IMD_Decile
201601PY20537,2,9,0,9,0,8,0,0,0,0,4,1,6,1,66,10,-1,-1,-1,9,1,9
201601PY20538,1,9,0,18,0,0,0,10,0,0,4,1,6,1,-1,-1,-1,-1,-1,-1,-1,-1
201601PY20540,1,8,0,18,0,8,0,0,0,0,1,1,6,1,55,8,2987,2,6,9,1,9
201601PY20540,2,9,0,9,0,8,0,0,0,0,4,1,6,1,68,10,1984,1,16,1,1,1
201601PY20541,1,9,0,3,0,0,0,0,0,0,2,1,6,2,30,6,1587,1,13,2,1,2
201601PY20541,2,9,0,18,0,0,0,0,0,0,1,1,6,1,46,8,1598,1,15,10,1,10
201601PY20542,1,9,0,3,0,8,0,0,0,0,2,1,6,1,43,7,1596,1,4,8,1,8
201601PY20542,2,9,0,3,0,8,0,0,0,0,2,1,6,2,62,9,1499,1,1,-1,-1,-1
201601PY20542,3,9,0,5,0,8,0,0,0,0,1,1,6,2,73,10,1598,2,-1,8,1,8
201601PY20542,4,9,0,3,0,8,0,0,0,0,2,1,6,1,64,9,1986,2,9,6,1,6
201601PY20543,1,9,0,18,0,8,0,0,0,0,2,1,6,1,27,6,1598,1,10,10,1,10
201601PY20543,2,3,0,5,0,8,0,0,0,0,0,1,6,1,25,5,124,1,8,8,1,8
201601PY20544,1,9,0,10,0,8,0,0,0,0,1,1,6,2,45,7,2993,2,10,10,1,10
201601PY20544,2,9,0,9,0,8,0,7,0,0,1,1,6,2,76,11,996,1,7,7,1,7
201601PY20545,1,9,0,9,0,8,0,0,0,0,4,1,6,2,25,5,1587,1,13,8,3,8
201601PY20545,2,9,0,18,0,8,0,0,0,0,1,1,6,2,24,5,999,1,9,7,1,7
201601PY20546,1,9,0,7,0,8,0,0,0,0,4,1,6,1,26,6,1995,2,6,9,1,9
201601PY20546,2,1,0,18,0,8,0,0,0,0,1,1,6,1,48,8,-1,-1,-1,7,1,7
201601PY20547,1,9,0,4,0,0,0,0,0,0,2,1,6,1,31,6,1598,1,10,2,1,2
201601PY20547,2,1,0,4,0,0,0,0,0,0,1,1,6,1,26,6,-1,-1,-1,2,1,2
201601PY20548,1,20,0,1,0,8,0,0,0,0,2,1,6,1,-1,-1,-1,-1,-1,5,1,5
201601PY20558,1,9,0,18,0,0,0,0,0,0,2,1,6,2,48,8,1796,1,5,4,1,4
201601PY20558,2,9,0,18,0,0,0,0,0,0,2,1,6,3,-1,-1,2179,2,8,-1,-1,-1
201601PY20560,1,9,0,7,0,8,0,0,0,0,2,1,6,2,63,9,1198,1,4,10,1,10
201601PY20560,2,1,0,18,0,8,0,0,0,0,1,1,1,1,50,8,-1,-1,-1,5,1,5
201601PY20563,1,9,0,9,0,8,0,0,0,0,1,1,6,1,25,5,1598,1,8,6,1,6
201601PY20563,2,2,0,18,0,8,0,0,0,0,1,1,6,3,-1,-1,-1,-1,-1,-1,-1,-1
201601PY20563,3,9,0,18,0,8,0,0,0,0,1,1,6,2,52,8,1896,2,11,8,1,8
201601PY20567,1,9,0,18,0,8,0,0,0,0,1,1,6,2,22,5,1398,1,4,10,1,10
201601PY20567,2,9,0,9,0,8,0,0,0,0,3,1,6,2,69,10,-1,-1,-1,-1,-1,-1
201601PY20573,1,9,0,7,0,8,0,0,0,0,1,1,6,1,34,6,2143,2,-1,10,1,10
201601PY20573,2,19,0,9,0,8,0,0,0,0,1,1,6,1,37,7,-1,-1,-1,-1,-1,-1
201601PY20577,1,9,0,18,0,8,0,0,0,0,3,1,6,1,69,10,1598,1,8,7,1,7
201601PY20577,2,1,0,18,0,8,0,0,0,0,4,1,6,3,-1,-1,-1,-1,-1,-1,-1,-1
201601PY20584,1,9,0,2,6,0,0,0,0,0,1,1,6,1,81,11,-1,-1,-1,8,1,8
201601PY20584,2,9,0,2,6,0,0,0,0,0,2,1,6,2,-1,-1,2495,2,32,-1,-1,-1
201601PY20584,3,20,0,2,6,0,0,0,0,0,0,1,1,1,44,7,2998,2,4,-1,-1,-1
201601PY20584,4,21,1,2,0,0,0,0,0,0,1,1,6,1,55,8,-1,-1,-1,-1,-1,-1
201601PY20586,1,2,0,18,0,0,0,0,0,0,1,1,6,1,20,4,49,1,6,3,1,3
201601PY20586,2,9,0,18,0,0,0,0,0,0,2,1,6,3,-1,-1,-1,-1,-1,-1,-1,-1
201601PY20587,1,9,0,18,0,0,0,0,0,0,2,1,1,1,55,8,-1,-1,-1,2,1,2
201601PY20587,2,9,0,18,0,0,0,0,0,0,1,1,6,2,73,10,2987,2,2,10,1,10
201601PY20594,1,1,0,18,0,0,0,0,0,0,3,1,6,1,41,7,-1,-1,-1,9,1,9
201601PY20594,2,9,0,13,0,0,0,0,0,0,4,1,6,3,-1,-1,-1,-1,-1,-1,-1,-1
201601PY20604,1,1,0,18,0,0,0,0,0,0,1,1,6,1,39,7,-1,-1,-1,5,1,5
201601PY20604,2,9,0,2,0,0,0,0,0,0,2,1,6,3,-1,-1,-1,-1,-1,-1,-1,-1
201601PY20609,1,9,0,9,0,8,0,0,0,0,1,1,6,1,35,6,1395,1,1,-1,-1,-1
201601PY20609,2,11,0,18,0,8,0,0,0,0,1,1,1,1,35,6,6700,2,5,2,1,2
201601PY20613,1,9,0,7,0,8,0,0,0,0,1,1,6,2,49,8,-1,-1,-1,9,1,9
201601PY20613,2,1,0,18,0,8,0,0,0,0,1,1,6,2,54,8,-1,-1,-1,6,1,6
201601PY20680,1,9,0,15,0,8,0,0,0,0,1,1,6,1,34,6,1600,2,6,4,1,4
201601PY20680,2,19,0,9,0,8,0,0,0,0,4,1,6,1,38,7,2198,2,-1,-1,-1,-1
201601PY20681,1,1,0,18,0,8,0,0,0,0,4,1,6,1,42,7,-1,-1,-1,8,3,8
201601PY20681,2,9,0,9,0,8,0,0,0,0,1,1,6,1,-1,-1,1973,1,16,-1,-1,-1
201601PY20683,1,9,0,18,0,8,0,0,0,0,1,1,6,1,68,10,1896,2,7,7,1,7
201601PY20683,2,1,0,9,0,8,0,0,0,0,3,1,6,1,16,4,-1,-1,-1,1,1,1
201601PY20684,1,9,0,18,0,8,0,0,0,0,1,1,6,1,42,7,-1,-1,-1,4,1,4
201601PY20684,2,9,0,7,0,8,0,0,0,0,3,1,6,2,21,5,998,1,10,6,1,6
201601PY20688,1,9,0,18,0,8,0,0,0,0,4,1,6,1,26,6,-1,-1,-1,1,1,1
201601PY20688,2,9,0,18,0,8,0,0,0,0,1,1,6,1,54,8,-1,-1,-1,1,1,1
201601PY20693,1,9,0,18,0,8,0,7,0,0,1,1,6,2,82,11,1587,1,14,2,1,2
201601PY20702,1,11,0,18,0,0,0,0,0,0,1,1,1,1,43,7,6370,2,1,-1,-1,-1
201601PY20702,2,9,0,18,2,0,0,0,0,0,1,1,6,1,-1,-1,-1,-1,-1,-1,-1,-1
201601PY20704,1,9,0,10,0,8,0,0,0,0,1,1,6,1,19,4,-1,-1,-1,7,1,7
201601PY20704,2,4,0,18,0,8,0,0,0,0,1,1,6,1,30,6,-1,-1,-1,3,1,3
201601PY20706,1,9,0,18,0,8,0,0,0,0,1,1,6,2,64,9,-1,-1,-1,4,1,4
201601QA10013,1,9,0,11,0,8,0,0,0,0,1,1,6,1,39,7,2204,2,7,3,1,3
201601QA10013,2,3,0,9,0,5,0,0,7,2,1,1,2,1,41,7,782,1,8,4,1,4
201601QA10014,1,9,0,4,0,2,0,0,0,0,3,1,3,1,52,8,1896,2,8,-1,-1,-1
201601QA10017,1,9,0,4,0,0,0,0,0,0,2,1,4,1,47,8,1242,1,3,10,1,10
201601QA10017,2,9,0,18,0,0,0,0,0,0,1,1,6,1,-1,-1,1984,1,10,-1,-1,-1
201601QA10021,1,9,0,18,0,0,0,0,0,0,4,1,3,2,31,6,1560,2,1,8,1,8
201601QA10027,1,9,0,18,0,1,0,7,0,0,3,1,6,1,39,7,2993,2,8,-1,-1,-1
201601QA10027,2,9,0,7,0,1,0,0,0,0,3,1,6,1,76,11,1796,1,13,5,1,5
201601QA10028,1,9,0,17,0,0,0,4,1,0,1,1,1,1,40,7,2171,2,14,8,1,8
201601QA10028,2,9,0,2,0,0,0,4,1,0,2,1,6,3,-1,-1,998,1,5,-1,-1,-1
201601QA10028,3,9,0,2,0,0,0,4,0,0,2,1,6,3,-1,-1,1596,1,14,-1,-1,-1
201601QA10028,4,9,0,2,0,0,0,4,0,0,2,1,6,3,-1,-1,1229,1,4,-1,-1,-1
201601QA10028,5,9,0,2,0,0,0,4,0,0,2,1,6,3,-1,-1,1339,1,8,-1,-1,-1
201601QA10028,6,9,0,2,0,0,0,4,0,0,2,1,6,3,-1,-1,1597,2,2,-1,-1,-1
201601QA10030,1,9,0,5,0,6,0,0,0,0,1,1,6,1,-1,-1,1685,2,3,-1,-1,-1
201601QA10032,1,19,0,18,0,6,0,0,0,0,1,1,2,1,41,7,2148,2,9,9,1,9
201601QA10032,2,3,0,18,0,8,0,0,0,0,3,1,1,1,45,7,108,1,2,5,1,5
201601QA10034,1,9,0,9,0,5,0,0,0,0,1,1,6,1,61,9,1598,1,8,10,1,10
201601QA10035,1,3,0,4,0,8,0,0,0,0,0,1,1,1,27,6,108,1,2,6,1,6
201601QA10035,2,9,0,5,0,6,0,0,0,0,0,1,2,1,30,6,1995,2,7,6,1,6
201601QA10036,1,11,0,4,0,8,0,0,0,0,0,1,1,1,52,8,5883,2,14,6,1,6
201601QA10036,2,9,0,5,0,8,0,0,0,0,0,1,6,3,-1,-1,-1,-1,-1,-1,-1,-1
201601QA10037,1,19,0,15,0,2,0,0,0,0,3,1,6,1,30,6,2198,2,2,-1,-1,-1
201601QA10037,2,9,0,18,0,2,0,0,0,0,4,1,1,1,29,6,1796,1,14,7,1,7
201601QA10038,1,9,0,3,0,1,0,0,0,0,2,1,6,2,38,7,1598,1,10,2,1,2
201601QA10038,2,8,0,4,0,1,0,0,0,0,1,1,2,1,40,7,1997,2,5,6,1,6
201601QA10039,1,9,0,4,0,1,0,0,0,0,1,1,6,2,45,7,1389,1,21,8,1,8
201601QA10040,1,9,0,9,0,6,0,0,1,0,1,1,6,3,-1,-1,2099,1,14,-1,-1,-1
201601QA10040,2,9,0,18,0,8,0,0,1,0,3,1,6,1,33,6,998,1,16,-1,-1,-1
201601QA10041,1,3,0,4,0,0,1,0,0,0,1,1,6,1,23,5,108,1,1,2,1,2
201601QA10043,1,9,0,9,0,8,0,0,0,0,1,1,6,2,52,8,1339,1,13,10,1,10
201601QA10043,2,9,0,18,0,6,0,0,0,0,1,1,6,1,24,5,998,1,7,6,1,6
201601QA10045,1,9,0,2,0,2,0,0,0,0,2,1,6,2,29,6,1794,1,12,3,1,3
201601QA10045,2,9,0,18,0,2,0,0,0,0,1,1,6,3,-1,-1,1951,2,10,-1,-1,-1
201601QA10046,1,9,0,9,0,8,0,0,0,0,4,1,6,2,22,5,1198,1,14,8,1,8
201601QA10047,1,9,0,11,0,8,0,10,1,2,4,1,6,1,42,7,1910,2,8,6,1,6
201601QA10047,2,9,0,3,0,8,0,0,0,0,1,1,6,1,48,8,2995,1,4,4,1,4
201601QA10047,3,9,0,18,0,8,0,0,0,0,3,1,6,1,28,6,2685,2,13,6,1,6
201601QA10048,1,9,0,4,0,0,0,0,0,0,4,1,2,2,43,7,1998,1,14,8,1,8
201601QA10049,1,9,0,1,0,0,0,0,0,0,2,1,6,3,-1,-1,-1,-1,-1,-1,-1,-1
201601QA10050,1,9,0,9,0,8,0,0,0,0,3,1,6,1,77,11,1598,1,20,10,1,10
201601QA10050,2,9,0,18,0,8,0,0,0,0,1,1,1,1,42,7,1896,2,7,5,1,5
201601QA10051,1,9,0,18,0,1,0,7,1,1,1,1,6,1,23,5,2143,2,5,6,1,6
201601QA10052,1,9,0,18,0,0,0,0,0,0,1,1,2,2,55,8,-1,-1,-1,-1,-1,-1
201601QA10052,2,9,0,18,0,0,0,0,0,0,1,1,6,2,83,11,1339,8,7,9,1,9
201601QA10053,1,19,0,18,0,8,0,0,0,0,1,1,6,1,43,7,-1,-1,-1,-1,-1,-1
201601QA10053,2,19,0,9,0,6,0,0,0,0,3,1,6,1,26,6,2198,2,9,7,1,7
201601QA10055,1,9,0,18,0,0,0,0,0,0,1,1,6,3,-1,-1,-1,-1,-1,-1,-1,-1
201601QA10056,1,9,0,18,0,6,0,0,1,0,1,1,6,1,28,6,1598,2,3,2,1,2
201601QA10056,2,9,0,18,0,8,0,0,0,0,4,1,6,1,20,4,1956,2,6,-1,-1,-1
201601QA10057,1,9,0,18,0,0,0,0,0,0,4,1,2,1,35,6,1762,1,18,8,1,8
201601QA10057,2,1,0,18,0,0,0,0,0,0,3,1,6,1,39,7,-1,-1,-1,6,1,6
201601QA10061,1,8,0,18,0,2,0,7,0,0,1,1,1,1,41,7,2143,12,2,5,1,5
201601QA10062,1,9,0,18,0,0,1,10,2,4,4,1,6,2,50,8,1997,1,4,7,1,7
201601QA10065,1,9,0,6,0,0,0,10,7,10,1,1,6,1,19,4,1349,1,9,8,1,8
201601QA10066,1,9,0,18,0,1,0,0,0,0,1,1,6,2,65,9,1329,1,3,10,1,10
201601QA10066,2,9,0,18,0,2,0,0,0,0,1,1,6,1,32,6,1995,1,11,8,1,8
201601QA10068,1,9,0,17,0,0,0,4,0,0,1,1,6,1,22,5,1598,1,12,5,1,5
201601QA10068,2,19,0,2,0,0,0,0,0,0,1,1,6,1,-1,-1,2402,2,14,-1,-1,-1
201601QA10069,1,20,0,18,0,1,0,0,0,0,4,1,6,3,-1,-1,-1,-1,-1,-1,-1,-1
201601QA10071,1,9,0,18,0,8,0,0,0,0,3,1,6,1,28,6,1560,2,2,5,1,5
201601QA10071,2,3,0,9,0,8,0,0,0,0,1,1,6,1,30,6,-1,-1,-1,3,1,3
201601QA10072,1,9,0,5,0,8,0,0,7,0,4,1,6,1,23,5,1498,1,10,-1,-1,-1
201601QA10072,2,19,0,18,0,8,0,0,0,0,1,1,6,3,-1,-1,1686,2,8,-1,-1,-1
201601QA10073,1,9,0,9,0,8,0,0,0,0,1,1,6,1,29,6,1398,2,13,9,1,9
201601QA10073,2,3,0,18,0,8,0,0,0,0,1,1,6,1,17,4,124,1,6,3,1,3
201601QA10075,1,9,0,18,0,0,0,0,0,0,1,1,6,1,22,5,1590,1,10,3,1,3
201601QA10077,1,9,0,16,0,1,0,0,0,0,1,1,6,2,44,7,1242,1,5,5,1,5
201601QA10080,1,9,0,9,0,6,0,0,0,0,1,1,6,1,29,6,3311,8,9,4,1,4
201601QA10080,2,9,0,18,0,8,0,0,0,0,1,1,6,2,31,6,1199,1,15,9,1,9
201601QA10082,1,9,0,4,0,1,0,0,0,0,3,1,6,2,40,7,1229,1,12,7,1,7
201601QA10082,2,4,0,18,0,1,1,0,0,0,3,1,6,1,38,7,-1,-1,-1,5,1,5
201601QA10083,1,3,0,18,0,0,0,8,0,0,1,1,1,2,32,6,124,1,3,1,1,1
201601QA10083,2,9,0,2,0,0,0,0,0,0,3,1,6,1,81,11,2996,1,10,10,2,10
201601QA10085,1,90,0,3,0,1,0,0,0,0,1,1,1,2,25,5,-1,-1,-1,10,1,10
201601QA10085,2,9,0,18,0,1,0,0,0,0,1,1,6,3,-1,-1,-1,-1,-1,-1,-1,-1
201601QA10086,1,9,0,9,0,1,0,0,0,0,4,1,2,1,68,10,1498,1,10,8,1,8
201601QA10086,2,3,0,18,0,1,0,0,0,0,1,1,1,1,23,5,125,1,12,3,1,3
201601QA10087,1,9,0,9,0,8,1,10,1,10,4,1,6,2,28,6,1368,1,9,-1,-1,-1
201601QA10088,1,19,0,18,0,0,0,0,0,0,1,1,6,1,25,5,1461,2,4,7,1,7
201601QA10088,2,9,0,18,0,0,0,0,0,0,2,1,6,1,-1,-1,1995,2,2,6,1,6
201601QA10089,1,3,0,18,0,1,1,0,0,0,0,1,6,1,33,6,125,1,9,3,1,3
201601QA10089,2,9,0,9,0,1,0,0,0,0,0,1,6,3,-1,-1,-1,-1,-1,-1,-1,-1
201601QA10090,1,9,0,2,0,0,0,0,0,0,1,1,6,2,41,7,-1,-1,-1,-1,-1,-1
201601QA10090,2,9,0,1,0,0,0,4,0,0,2,1,6,3,-1,-1,2996,1,8,-1,-1,-1
201601QA10091,1,19,0,10,0,1,0,0,0,0,3,1,6,1,44,7,2198,2,3,2,1,2
201601QA10091,2,11,0,9,0,1,0,0,0,0,3,1,1,1,50,8,7300,2,14,-1,-1,-1
201601QA10092,1,2,0,18,0,0,1,4,0,0,1,1,1,1,19,4,49,1,4,3,1,3
201601QA10092,2,9,0,2,0,0,0,0,0,0,2,1,6,1,31,6,1388,1,15,2,1,2
201601QA10093,1,9,0,10,0,1,0,0,0,0,2,1,6,2,54,8,1598,1,10,6,1,6
201601QA10093,2,9,0,9,0,1,0,0,0,0,1,1,6,1,-1,-1,1598,2,2,-1,-1,-1
201601QA10095,1,90,0,18,0,8,0,0,0,0,3,1,2,2,56,9,-1,-1,-1,5,1,5
201601QA10095,2,9,0,9,0,8,0,0,0,0,1,1,6,1,25,5,1596,1,2,-1,-1,-1
201601QA10098,1,9,0,9,0,8,0,0,0,0,1,1,6,1,55,8,1364,1,10,8,1,8
201601QA10098,2,9,0,18,0,8,0,0,0,0,3,1,6,1,28,6,1598,1,11,2,1,2
201601QA10099,1,9,0,9,0,2,0,0,0,0,1,1,6,1,46,8,-1,-1,-1,6,1,6
201601QA10100,1,9,0,18,0,1,0,0,0,0,3,1,6,1,32,6,998,1,12,4,1,4
201601QA10100,2,9,0,5,0,1,0,0,0,0,4,1,6,3,-1,-1,-1,-1,-1,-1,-1,-1
201601QA10101,1,9,0,3,0,1,0,0,0,0,4,1,3,2,52,8,1329,1,5,6,1,6
201601QA10101,2,1,0,15,0,1,0,8,0,0,1,1,2,1,57,9,-1,-1,-1,3,1,3
201601QA10102,1,9,0,18,0,0,0,4,0,0,1,1,6,2,27,6,998,1,1,5,1,5
201601QA10102,2,9,0,18,0,0,0,0,0,0,1,1,6,2,36,7,1598,1,11,7,1,7
201601QA10102,3,9,0,2,0,0,0,10,1,4,1,1,6,2,55,8,2987,2,9,-1,-1,-1
201601QA10103,1,9,0,18,0,1,0,10,1,2,1,1,1,2,24,5,1229,1,2,10,1,10
201601QA10105,1,9,0,4,0,1,0,0,0,0,2,1,1,2,31,6,2000,2,5,2,1,2
201601QA10105,2,9,0,18,0,1,0,0,0,0,1,1,1,2,43,7,1995,2,10,6,1,6
201601QA10106,1,9,0,2,0,1,0,0,0,0,4,1,6,1,18,4,1299,1,8,5,1,5
201601QA10106,2,9,0,1,0,1,0,4,0,0,2,1,6,1,70,10,-1,-1,-1,5,1,5
201601QA10107,1,9,0,9,0,8,0,0,0,0,4,1,1,2,20,4,1386,1,13,6,1,6
201601QA10107,2,9,0,18,0,8,0,0,0,0,1,1,3,1,43,7,1753,2,9,9,1,9
201601QA10108,1,9,0,18,0,1,0,7,0,0,4,1,6,2,30,6,1339,1,10,6,1,6
201601QA10108,2,9,0,7,0,1,0,0,0,0,1,1,6,2,30,6,1995,2,9,5,1,5
201601QA10110,1,9,0,3,0,1,0,0,0,0,2,1,6,2,41,7,1596,1,11,8,1,8
201601QA10110,2,9,0,18,0,1,0,0,0,0,1,1,6,2,-1,-1,1248,1,7,-1,-1,-1
201601QA10110,3,9,0,3,0,1,0,0,0,0,2,1,6,2,-1,-1,-1,-1,-1,-1,-1,-1
201601QA10111,1,9,0,18,0,2,0,0,0,0,2,1,6,1,42,7,-1,-1,-1,7,1,7
201601QA10111,2,9,0,5,0,1,0,0,0,0,1,1,6,2,53,8,1596,1,1,5,1,5
201601QA10117,1,9,0,7,0,1,0,0,0,0,4,1,6,1,18,4,-1,-1,-1,10,1,10
201601QA10117,2,1,0,15,0,1,0,0,0,0,1,1,2,1,-1,-1,-1,-1,-1,5,1,5
201601QA10119,1,9,0,4,0,0,0,0,0,0,2,1,3,1,54,8,1560,2,10,3,1,3
201601QA10119,2,19,0,18,0,0,0,0,0,0,1,1,1,1,30,6,1870,2,11,4,1,4
201601QA10120,1,9,0,3,0,2,0,0,0,0,2,1,6,1,25,5,1397,1,13,8,1,8
201601QA10120,2,9,0,18,0,2,0,0,0,0,1,1,6,1,-1,-1,-1,-1,-1,-1,-1,-1
201601QA10121,1,9,0,4,0,1,0,0,0,0,2,1,2,2,45,7,2987,2,5,8,1,8
201601QA10121,2,9,0,18,0,1,0,0,0,0,1,1,2,2,22,5,2521,1,7,9,1,9
201601QA10122,1,11,0,18,0,1,0,0,0,0,1,1,1,2,40,7,7300,2,13,5,1,5
201601QA10123,1,9,0,5,0,1,0,0,0,0,1,1,6,3,-1,-1,-1,-1,-1,-1,-1,-1
201601QA10124,1,9,0,14,0,2,0,0,0,0,3,1,6,2,29,6,1339,8,5,5,1,5
201601QA10124,2,9,0,14,0,1,0,0,0,0,3,2,6,1,-1,-1,1560,2,11,5,1,5
201601QA10126,1,19,0,18,0,1,0,0,0,0,1,1,6,1,38,7,2148,2,8,2,1,2
201601QA10127,1,3,0,14,0,1,0,0,0,0,1,1,6,3,-1,-1,-1,-1,-1,-1,-1,-1
201601QA10128,1,3,0,4,0,0,1,0,0,0,0,1,2,1,23,5,124,1,6,8,1,8
201601QA10129,1,9,0,18,0,1,0,0,0,0,1,1,6,2,27,6,1590,1,12,6,1,6
201601QA10129,2,9,0,9,0,1,0,0,0,0,1,1,6,1,67,10,2720,2,10,6,1,6
201601QA10131,1,9,0,5,0,1,0,10,3,10,1,1,6,1,74,10,1339,1,13,6,1,6
201601QA10132,1,9,0,7,0,2,0,0,0,0,1,1,6,2,62,9,1198,1,8,6,1,6
201601QA10132,2,9,0,18,0,1,0,0,0,0,1,1,6,1,81,11,1796,1,9,5,1,5
201601QA10133,1,9,0,7,0,1,0,0,0,0,1,1,6,3,-1,-1,-1,-1,-1,-1,-1,-1
201601QA10134,1,9,0,18,0,8,1,0,0,0,4,1,6,2,24,5,1242,1,5,5,1,5
201601QA10134,2,9,0,7,0,6,0,0,0,0,1,1,6,2,-1,-1,1984,1,2,-1,-1,-1
201601QA10135,1,3,0,18,0,8,1,0,0,0,0,1,6,1,35,6,124,1,4,6,1,6
201601QA10136,1,9,0,18,0,0,0,0,0,0,1,1,6,2,49,8,1242,1,3,7,1,7
201601QA10137,1,9,0,18,0,0,0,0,0,0,2,1,6,1,37,7,1798,8,3,3,1,3
201601QA10137,2,9,0,18,0,0,0,0,0,0,2,1,6,1,23,5,1229,1,9,5,1,5
201601QA10137,3,9,0,18,0,0,0,0,0,0,1,1,6,2,31,6,1598,1,11,4,1,4
201601QA10139,1,9,0,9,0,1,0,0,0,0,3,1,6,1,50,8,1794,1,7,9,1,9
201601QA10139,2,9,0,18,0,1,0,0,0,0,1,1,1,1,32,6,-1,-1,-1,4,1,4
201601QA10140,1,11,0,5,0,1,0,0,0,0,0,1,1,1,48,8,9200,2,13,4,1,4
201601QA10141,1,9,0,18,0,0,0,0,0,0,1,1,6,1,25,5,-1,-1,-1,7,2,7
201601QA10141,2,9,0,3,0,0,0,0,0,0,2,1,6,2,49,8,1499,2,1,9,1,9
201601QA10141,3,9,0,3,0,0,0,0,0,0,2,1,6,1,32,6,-1,-1,-1,3,1,3
201601QA10143,1,4,0,14,0,8,0,0,0,0,1,1,6,1,28,6,108,1,2,7,1,7
201601QA10143,2,9,0,9,0,8,0,0,0,0,3,1,6,2,56,9,2179,2,2,3,1,3
201601QA10144,1,9,0,1,0,0,0,4,0,0,2,1,6,1,-1,-1,2926,2,14,-1,-1,-1
201601QA10144,2,9,0,2,0,0,0,0,0,0,1,1,6,2,29,6,1240,1,10,9,1,9
201601QA10145,1,9,0,18,0,1,0,4,0,0,1,1,6,2,24,5,1388,1,6,8,1,8
201601QA10145,2,9,0,1,0,1,0,0,0,0,2,1,6,1,25,5,1997,1,7,3,1,3
201601QA10145,3,9,0,2,0,1,0,0,0,0,1,1,6,2,-1,-1,1329,1,1,-1,-1,-1
201601QA10146,1,9,0,9,0,8,0,0,0,0,1,1,1,1,36,7,1686,2,15,9,1,9
201601QA10146,2,9,0,18,0,8,0,0,0,0,3,1,2,1,43,7,1582,2,5,5,1,5
201601QA10147,1,9,0,5,0,1,0,0,0,0,4,1,6,2,42,7,1794,1,8,10,1,10
201601QA10148,1,9,0,18,0,1,0,0,0,0,1,1,6,1,41,7,1896,2,13,8,1,8
201601QA10149,1,9,0,18,0,1,1,10,0,0,4,1,6,1,23,5,1910,2,6,8,1,8
201601QA10150,1,9,0,4,0,1,0,0,0,0,1,1,1,1,23,5,1496,2,1,10,1,10
201601QA10150,2,9,0,3,0,1,0,0,0,0,2,1,2,1,49,8,-1,-1,-1,5,1,5
201601QA10151,1,9,0,6,0,0,0,4,0,0,4,1,6,1,51,8,1499,1,-1,-1,-1,-1
201601QA10151,2,9,0,2,0,0,0,0,0,0,3,1,6,1,41,7,1797,8,6,-1,-1,-1
201601QA10152,1,8,0,18,0,8,0,0,0,0,2,1,1,1,-1,-1,2199,2,6,-1,-1,-1
201601QA10152,2,9,0,18,0,8,0,0,0,0,1,1,6,3,-1,-1,1198,1,6,-1,-1,-1
201601QA10153,1,9,0,18,0,0,0,4,0,0,4,1,2,2,36,7,1398,1,2,4,1,4
201601QA10153,2,9,0,18,0,0,0,0,0,0,3,1,2,1,32,6,1896,2,14,8,1,8
201601QA10153,3,9,0,2,0,0,0,0,0,0,3,1,6,2,45,7,1796,1,9,5,1,5
201601QA10154,1,9,0,5,0,1,0,0,0,0,3,1,6,1,55,8,1298,1,13,8,1,8
201601QA10154,2,9,0,18,0,1,0,0,0,0,4,1,6,1,46,8,1896,2,8,7,1,7
201601QA10156,1,9,0,9,0,8,0,0,0,0,1,1,6,1,61,9,1598,1,11,8,1,8
201601QA10156,2,9,0,9,0,8,0,0,0,0,3,1,6,1,25,5,1597,1,6,5,1,5
201601QA10157,1,9,0,3,0,0,0,0,0,0,2,1,6,2,30,6,1598,1,3,4,1,4
201601QA10157,2,9,0,18,0,0,0,0,0,0,1,1,6,2,-1,-1,1390,1,6,-1,-1,-1
201601QA10158,1,9,0,5,0,1,0,10,7,0,1,1,6,1,85,11,1339,1,8,5,1,5
201601QA10158,2,9,0,2,6,1,0,0,0,0,3,1,6,3,-1,-1,1796,1,7,-1,-1,-1
201601QA10159,1,9,0,1,0,1,0,0,0,0,2,1,6,1,24,5,1598,1,10,3,1,3
201601QA10160,1,9,0,18,0,1,0,0,0,0,1,1,6,2,24,5,1364,1,7,3,1,3
201601QA10161,1,9,0,18,0,1,0,0,0,0,4,1,1,2,50,8,1791,8,4,8,1,8
201601QA10161,2,9,0,7,0,1,0,0,0,0,1,1,6,1,18,4,998,1,-1,3,1,3
201601QA10162,1,9,0,5,0,0,0,0,0,0,3,1,6,3,-1,-1,1995,1,7,-1,-1,-1
201601QA10163,1,9,0,4,0,1,0,0,0,0,2,1,6,2,36,7,1596,1,11,6,1,6
201601QA10163,2,9,0,18,0,1,0,0,0,0,1,1,6,3,-1,-1,1995,1,6,-1,-1,-1
201601QA10165,1,9,0,9,2,8,0,0,0,0,4,1,6,1,63,9,1598,1,10,7,1,7
201601QA10165,2,3,0,18,2,8,0,0,0,0,1,1,6,1,34,6,-1,-1,-1,5,1,5
201601QA10166,1,3,0,14,0,1,0,0,0,0,1,1,1,1,17,4,125,1,12,7,1,7
201601QA10166,2,9,0,5,0,1,0,0,0,0,3,1,1,2,59,9,998,1,6,7,1,7
201601QA10167,1,8,0,6,0,0,0,0,0,0,1,1,6,1,45,7,1398,1,11,6,2,6
201601QA10167,2,9,0,18,0,0,0,0,0,0,1,1,6,2,41,7,1796,1,12,3,1,3
201601QA10169,1,9,0,18,0,2,0,0,0,0,1,1,6,1,26,6,2993,2,6,7,1,7