Accident_Index,Vehicle_Reference,Vehicle_Type,Towing_and_Articulation,Vehicle_Manoeuvre,Vehicle_Location-Restricted_Lane,Junction_Location,Skidding_and_Overturning,Hit_Object_in_Carriageway,Vehicle_Leaving_Carriageway,Hit_Object_off_Carriageway,1st_Point_of_Impact,Was_Vehicle_Left_Hand_Drive?,Journey_Purpose_of_Driver,Sex_of_Driver,Age_of_Driver,Age_Band_of_Driver,Engine_Capacity_(CC),Propulsion_Code,Age_of_Vehicle,Driver_IMD_Decile,Driver_Home_Area_Type,Vehicle_IMD_Decile
201601QA10170,1,9,0,6,0,0,0,0,0,0,3,1,6,2,37,7,1397,1,8,7,1,7
201601QA10170,2,19,0,18,0,0,0,0,0,0,4,1,6,1,33,6,2143,2,2,5,1,5
201601QA10172,1,9,0,18,0,0,0,0,0,0,4,1,6,1,45,7,1995,2,4,5,1,5
201601QA10173,1,9,0,6,0,0,0,0,0,0,3,1,6,1,51,8,2993,2,1,6,1,6
201601QA10173,2,9,0,13,0,0,0,0,0,0,4,1,6,1,67,10,2987,2,-1,5,1,5
201601QA10174,1,9,0,5,0,0,0,0,0,0,0,1,6,2,50,8,1997,2,5,9,1,9
201601QA10176,1,9,0,18,0,6,0,0,0,0,1,1,6,1,23,5,1999,1,5,4,1,4
201601QA10176,2,9,0,4,0,6,1,0,0,0,2,1,6,1,70,10,1796,1,9,5,1,5
201601QA10177,1,5,0,18,0,0,0,0,0,0,1,1,2,1,40,7,1137,1,16,8,1,8
201601QA10178,1,9,0,2,0,0,0,0,0,0,2,1,6,1,21,5,-1,-1,-1,5,1,5
201601QA10178,2,9,0,17,0,0,0,4,0,0,1,1,6,3,-1,-1,1796,1,13,-1,-1,-1
201601QA10179,1,19,0,2,0,2,0,0,0,0,2,1,6,1,42,7,2198,2,8,4,1,4
201601QA10179,2,10,0,9,0,2,0,4,0,0,1,1,6,1,51,8,-1,-1,-1,5,1,5
201601QA10180,1,9,0,7,0,8,0,0,0,0,1,1,6,2,34,6,1497,8,11,6,1,6
201601QA10180,2,9,0,18,0,8,0,0,0,0,4,1,6,1,19,4,2497,1,15,3,1,3
201601QA10181,1,9,0,18,0,8,0,0,0,0,3,1,6,2,53,8,-1,-1,-1,4,1,4
201601QA10181,2,9,0,18,0,8,0,0,0,0,1,1,6,3,-1,-1,-1,-1,-1,-1,-1,-1
201601QA10182,1,9,0,3,0,8,0,0,0,0,4,1,1,2,25,5,-1,-1,-1,-1,-1,-1
201601QA10182,2,9,0,18,0,8,0,0,0,0,1,1,6,3,-1,-1,2143,2,3,-1,-1,-1
201601QA10183,1,9,0,9,0,8,0,0,0,0,3,1,6,1,39,7,999,1,4,7,1,7
201601QA10183,2,5,0,13,0,8,0,0,0,0,4,1,6,1,23,5,1255,1,8,7,1,7
201601QA10184,1,9,0,9,0,8,0,0,0,0,3,1,6,1,21,5,1388,1,8,7,1,7
201601QA10184,2,3,0,18,0,8,0,0,0,0,1,1,6,1,29,6,124,1,5,2,1,2
201601QA10185,1,9,0,4,0,1,0,0,0,0,2,1,6,1,37,7,1590,1,13,6,1,6
201601QA10185,2,9,0,18,0,1,0,0,0,0,1,1,6,1,35,6,-1,-1,-1,6,1,6
201601QA10186,1,9,0,3,0,1,0,0,0,0,2,1,6,2,49,8,1149,1,6,9,1,9
201601QA10186,2,1,0,18,0,1,0,0,0,0,1,1,6,1,51,8,-1,-1,-1,10,1,10
201601QA10187,1,9,0,16,0,2,0,0,0,0,1,1,6,1,44,7,1275,1,18,4,1,4
201601QA10188,1,9,0,9,0,2,0,0,0,0,1,1,6,1,24,5,1796,1,9,8,3,8
201601QA10189,1,19,0,9,0,8,0,0,0,0,3,1,6,1,60,9,2198,2,2,2,1,2
201601QA10189,2,5,0,13,0,8,0,0,0,0,4,1,6,1,27,6,599,1,7,6,1,6
201601QA10190,1,9,0,18,0,1,0,0,0,0,2,1,6,2,76,11,-1,-1,-1,8,1,8
201601QA10190,2,9,0,18,0,1,0,0,0,0,1,1,6,1,26,6,1796,1,12,6,1,6
201601QA10192,1,9,0,5,0,1,0,0,0,0,3,1,6,1,38,7,2993,2,4,7,1,7
201601QA10192,2,9,0,18,0,1,0,0,0,0,1,1,6,1,55,8,998,1,23,7,1,7
201601QA10194,1,9,0,14,0,0,0,0,0,0,1,1,6,1,71,10,1798,8,2,4,1,4
201601QA10195,1,19,0,9,0,8,0,0,0,0,1,1,6,1,61,9,1248,2,3,4,1,4
201601QA10195,2,9,0,18,0,8,0,0,0,0,3,1,6,2,39,7,1956,2,2,2,1,2
201601QA10197,1,5,0,18,0,1,0,0,0,0,1,1,6,1,40,7,599,1,19,6,1,6
201601QA10197,2,9,0,5,0,1,0,0,0,0,3,1,6,1,40,7,-1,-1,-1,-1,-1,-1
201601QA10198,1,9,0,17,0,1,0,0,0,0,1,1,6,2,35,6,1596,1,11,6,1,6
201601QA10199,1,9,0,10,0,2,0,0,0,0,3,1,6,1,70,10,1395,1,-1,6,1,6
201601QA10199,2,3,0,18,0,1,0,0,0,0,1,1,1,1,25,5,125,1,5,6,1,6
201601QA10200,1,9,0,18,0,0,0,7,7,4,1,1,6,1,66,10,1796,1,6,10,1,10
201601QA10201,1,9,0,16,0,1,0,0,0,0,3,1,6,2,58,9,2143,2,5,8,1,8
201601QA10201,2,9,0,9,0,2,0,0,0,0,1,1,6,1,20,4,1900,2,12,8,1,8
201601QA10203,1,9,0,12,0,0,0,0,0,0,3,1,6,1,30,6,1596,1,15,7,1,7
201601QA10203,2,5,0,18,0,0,0,0,0,0,4,1,6,2,65,9,1170,1,10,4,1,4
201601QA10204,1,9,0,9,0,8,0,0,0,0,4,1,6,1,82,11,1590,1,11,6,2,6
201601QA10204,2,3,0,18,0,8,0,0,0,0,1,1,6,1,26,6,124,1,3,9,1,9
201601QA10205,1,9,0,18,0,0,0,10,7,4,1,1,6,1,73,10,1895,1,17,10,1,10
201601QA10206,1,9,0,18,0,0,0,0,0,0,1,1,6,2,39,7,1769,1,12,5,1,5
201601QA10206,2,9,0,18,0,0,0,0,0,0,1,1,6,1,59,9,3800,1,4,10,2,10
201601QA10207,1,9,0,7,0,8,0,0,0,0,1,1,6,1,45,7,-1,-1,-1,3,1,3
201601QA10207,2,4,0,18,0,8,0,0,0,0,4,1,6,1,22,5,244,1,9,2,1,2
201601QA10209,1,9,0,18,0,8,0,7,0,0,1,1,6,1,36,7,1956,2,2,5,1,5
201601QA10209,2,9,0,9,0,8,0,0,0,0,1,1,6,1,55,8,1397,1,15,3,1,3
201601QA10210,1,9,0,9,0,8,0,0,0,0,4,1,6,1,35,6,1896,2,14,3,1,3
201601QA10210,2,9,0,18,0,8,0,0,0,0,1,1,6,1,48,8,1587,1,11,6,1,6
201601QA10211,1,9,0,7,0,1,0,0,0,0,4,1,6,1,45,7,1398,2,14,6,1,6
201601QA10211,2,1,0,15,0,1,0,0,0,0,1,1,6,1,24,5,-1,-1,-1,2,1,2
201601QA10212,1,9,0,12,0,2,0,0,0,0,3,1,6,2,18,4,1240,1,11,10,1,10
201601QA10212,2,9,0,18,0,2,0,0,0,0,4,1,6,1,34,6,-1,-1,-1,7,1,7
201601QA10213,1,9,0,18,0,1,0,10,1,2,3,1,6,2,24,5,1199,1,12,-1,-1,-1
201601QA10213,2,9,0,11,0,1,0,0,0,0,4,1,6,2,47,8,1968,2,9,7,1,7
201601QA10214,1,9,0,18,0,2,0,0,0,0,1,1,6,2,24,5,1461,2,2,5,1,5
201601QA10215,1,9,0,5,0,1,0,0,0,0,2,1,2,1,29,6,-1,-1,-1,9,2,9
201601QA10215,2,9,0,5,0,1,0,0,0,0,1,1,2,2,23,5,1400,1,8,7,1,7
201601QA10216,1,9,0,12,0,0,0,0,0,0,3,1,6,2,51,8,999,1,1,4,1,4
201601QA10216,2,9,0,13,0,0,0,0,0,0,4,1,6,2,29,6,2400,2,6,6,1,6
201601QA10217,1,9,0,18,0,1,0,0,0,0,1,1,6,1,21,5,1598,2,5,-1,-1,-1
201601QA10217,2,9,0,9,0,1,0,0,0,0,4,1,6,1,48,8,1968,2,1,3,1,3
201601QA10217,3,8,0,10,0,1,0,0,0,0,1,1,1,1,46,8,2179,2,4,8,1,8
201601QA10218,1,9,0,18,0,0,0,4,0,0,1,1,6,1,47,8,1796,1,5,6,1,6
201601QA10218,2,9,0,2,0,0,0,0,0,0,2,1,6,2,40,7,2993,2,13,8,1,8
201601QA10218,3,9,0,2,0,0,0,4,0,0,2,1,6,2,48,8,1796,1,9,-1,-1,-1
201601QA10219,1,9,0,5,0,1,0,0,0,0,1,1,6,1,20,4,1339,1,5,7,1,7
201601QA10220,1,9,0,17,0,1,0,10,1,10,4,1,6,1,-1,-1,3222,2,13,7,1,7
201601QA10220,2,9,0,2,9,1,0,0,0,0,4,1,6,1,56,9,2987,2,8,-1,-1,-1
201601QA10220,3,9,0,2,9,1,0,0,0,0,2,1,6,1,46,8,1995,2,3,-1,-1,-1
201601QA10221,1,3,0,14,0,1,0,0,0,0,1,1,1,1,34,6,125,1,4,-1,-1,-1
201601QA10221,2,9,0,9,0,2,0,0,0,0,3,1,6,2,36,7,2400,2,4,6,1,6
201601QA10222,1,9,0,4,0,1,0,0,0,0,2,1,6,1,73,10,1339,1,2,8,1,8
201601QA10222,2,9,0,18,0,1,0,0,0,0,1,1,6,1,28,6,1796,1,9,3,1,3
201601QA10224,1,9,0,18,0,8,0,0,0,0,3,1,6,1,22,5,1598,1,5,8,1,8
201601QA10224,2,2,0,14,0,8,0,0,0,0,1,1,1,1,21,5,49,1,3,7,1,7
201601QA10225,1,9,0,18,0,1,0,0,0,0,2,1,6,1,42,7,2148,2,11,1,1,1
201601QA10225,2,9,0,7,0,1,0,0,0,0,1,1,6,1,-1,-1,1587,1,15,-1,-1,-1
201601QA10226,1,3,0,18,0,0,0,0,0,0,1,1,6,1,22,5,125,1,8,5,1,5
201601QA10226,2,9,0,18,0,0,0,0,0,0,1,1,6,1,21,5,-1,-1,-1,5,1,5
201601QA10226,3,9,0,18,0,0,0,0,0,0,0,1,6,3,-1,-1,-1,-1,-1,-1,-1,-1
201601QA10227,1,9,0,18,0,0,0,0,0,0,4,1,6,2,64,9,1339,1,11,7,1,7
201601QA10228,1,9,0,18,0,0,0,0,0,0,4,1,1,1,36,7,1896,2,12,9,1,9
201601QA10229,1,11,0,18,0,1,0,0,0,0,0,1,1,1,43,7,12600,2,13,5,1,5
201601QA10229,2,9,0,4,0,1,0,0,0,0,0,1,6,1,-1,-1,-1,-1,-1,-1,-1,-1
201601QA10231,1,9,0,2,0,1,0,0,0,0,3,1,6,1,45,7,1497,8,9,7,1,7
201601QA10231,2,1,0,18,0,1,0,0,0,0,1,1,6,1,75,10,-1,-1,-1,8,1,8
201601QA10232,1,9,0,18,0,8,1,10,1,0,3,1,3,2,41,7,1596,1,5,5,1,5
201601QA10232,2,9,0,9,0,8,0,0,0,0,1,1,6,1,-1,-1,1995,1,15,-1,-1,-1
201601QA10234,1,19,0,18,0,0,0,10,1,4,1,1,6,1,46,8,2402,2,14,6,1,6
201601QA10235,1,9,0,1,0,5,0,4,7,10,1,1,2,2,58,9,-1,-1,-1,6,1,6
201601QA10235,2,9,0,2,0,8,0,0,0,0,4,1,6,3,-1,-1,1390,1,9,-1,-1,-1
201601QA10236,1,9,0,17,0,0,0,10,7,4,4,1,2,1,26,6,1149,1,13,10,1,10
201601QA10237,1,9,0,18,0,8,0,10,8,7,4,1,2,2,42,7,1388,1,13,4,1,4
201601QA10237,2,9,0,5,0,8,0,0,0,0,1,1,2,2,46,8,1998,1,10,6,1,6
201601QA10238,1,2,0,16,0,8,0,0,0,0,2,1,6,1,-1,-1,50,1,2,3,1,3
201601QA10238,2,8,0,9,0,8,0,0,0,0,4,1,6,1,-1,-1,2499,2,9,-1,-1,-1
201601QA10238,3,19,0,16,0,8,0,0,0,0,2,1,6,1,47,8,1968,2,4,9,1,9
201601QA10238,4,9,0,16,0,8,0,0,3,10,1,1,6,2,-1,-1,2148,2,10,9,1,9
201601QA10239,1,9,0,4,0,1,0,0,0,0,4,1,6,1,80,11,1798,8,4,8,1,8
201601QA10240,1,9,0,18,0,1,0,0,0,0,1,1,6,1,42,7,1598,1,12,6,1,6
201601QA10240,2,1,0,4,0,1,0,0,0,0,2,1,6,1,25,5,-1,-1,-1,6,1,6
201601QA10241,1,9,0,5,0,1,0,0,0,0,1,1,6,1,32,6,2497,1,11,5,1,5
201601QA10241,2,3,0,7,0,1,0,0,0,0,2,1,2,1,21,5,124,1,10,3,1,3
201601QA10242,1,9,0,4,0,0,0,0,0,0,2,1,6,2,21,5,1198,1,13,7,1,7
201601QA10242,2,9,0,18,0,0,0,0,0,0,1,1,6,2,29,6,1296,1,9,3,1,3
201601QA10243,1,9,0,18,0,8,0,0,0,0,4,1,2,1,30,6,1896,2,6,10,1,10
201601QA10243,2,9,0,9,0,8,0,0,0,0,1,1,2,2,40,7,1968,2,10,9,1,9
201601QA10244,1,9,0,6,0,0,0,0,0,0,3,1,6,2,20,4,998,1,2,8,1,8
201601QA10244,2,3,0,13,0,0,0,0,0,0,4,1,6,1,21,5,124,1,8,4,1,4
201601QA10245,1,9,0,9,0,8,0,0,0,0,1,1,6,1,-1,-1,1968,2,6,-1,-1,-1
201601QA10245,2,9,0,18,0,8,0,0,0,0,4,1,6,1,-1,-1,2987,2,6,-1,-1,-1
201601QA10246,1,9,0,3,0,1,0,0,0,0,2,1,1,1,34,6,1591,1,-1,-1,-1,-1
201601QA10246,2,9,0,3,0,1,0,0,0,0,2,1,6,2,39,7,1197,1,1,6,1,6
201601QA10246,3,9,0,3,0,1,0,0,0,0,2,1,6,1,69,10,1796,1,11,8,1,8
201601QA10246,4,9,0,3,0,1,0,0,0,0,2,1,6,1,78,11,-1,-1,-1,10,1,10
201601QA10246,5,9,0,18,0,1,0,0,0,0,1,1,6,1,24,5,1388,1,6,10,1,10
201601QA10247,1,9,0,18,0,1,0,10,1,10,1,1,6,1,82,11,1339,1,6,7,1,7
201601QA10248,1,9,0,4,0,0,0,0,0,0,2,1,1,1,55,8,1995,2,7,6,3,6
201601QA10248,2,4,0,18,0,0,0,0,0,0,1,1,6,1,17,4,124,1,-1,4,1,4
201601QA10249,1,9,0,5,0,8,1,0,0,0,1,1,6,1,52,8,-1,-1,-1,-1,-1,-1
201601QA10250,1,11,0,4,0,0,0,0,0,0,0,1,1,1,32,6,9200,2,10,5,1,5
201601QA10252,1,9,0,4,0,0,0,0,0,0,2,1,6,2,22,5,1598,1,9,10,1,10
201601QA10252,2,9,0,18,0,0,0,0,0,0,1,1,6,1,36,7,2967,2,2,10,1,10
201601QA10253,1,9,0,7,0,8,0,0,0,0,1,1,6,2,43,7,1996,1,22,5,1,5
201601QA10253,2,3,0,17,0,8,0,0,0,0,3,1,6,1,32,6,125,1,1,8,1,8
201601QA10255,1,9,0,18,0,8,0,0,0,0,1,1,6,1,45,7,1796,1,12,7,1,7
201601QA10255,2,9,0,5,0,6,0,0,0,0,3,1,2,1,43,7,1995,2,-1,7,1,7
201601QA10256,1,9,0,9,0,8,0,0,0,0,1,1,6,2,44,7,1497,8,4,-1,-1,-1
201601QA10256,2,9,0,18,0,8,0,10,0,0,3,1,6,1,48,8,1790,1,7,5,1,5
201601QA10257,1,9,0,9,0,8,0,0,0,0,3,1,3,2,41,7,1590,1,11,8,1,8
201601QA10258,1,9,0,6,0,8,0,0,0,0,3,1,6,1,41,7,1596,1,14,10,1,10
201601QA10258,2,9,0,18,0,8,0,0,0,0,4,1,6,1,36,7,1598,1,8,4,1,4
201601QA10259,1,11,0,3,0,2,0,0,0,0,2,1,1,2,50,8,4500,2,5,9,1,9
201601QA10259,2,9,0,18,0,2,0,0,0,0,1,1,6,2,31,6,2143,2,4,6,1,6
201601QA10260,1,9,0,18,0,8,0,0,0,0,4,1,6,1,24,5,1781,1,15,8,1,8
201601QA10260,2,9,0,1,0,6,0,0,0,0,2,1,6,1,-1,-1,2143,2,2,-1,-1,-1
201601QA10261,1,9,0,17,0,2,0,0,0,0,4,1,6,2,68,10,2179,2,4,9,1,9
201601QA10262,1,9,0,5,0,1,0,0,0,0,1,1,6,2,36,7,1598,1,14,5,1,5
201601QA10262,2,9,0,5,0,1,0,0,0,0,2,1,6,2,45,7,998,1,17,-1,-1,-1
201601QA10263,1,9,0,18,0,8,0,0,0,0,1,1,6,1,40,7,2494,1,13,5,1,5
201601QA10263,2,9,0,18,0,8,0,7,8,7,4,1,6,1,46,8,1998,2,4,7,1,7
201601QA10264,1,8,0,1,0,2,0,0,0,0,3,1,6,3,-1,-1,-1,-1,-1,-1,-1,-1
201601QA10265,1,19,0,4,0,1,0,0,0,0,2,1,1,1,45,7,1968,2,3,9,1,9
201601QA10265,2,9,0,4,0,1,0,0,0,0,1,1,6,1,20,4,999,1,2,7,1,7
201601QA10266,1,8,0,18,0,8,0,0,0,0,3,1,1,1,56,9,1560,2,7,5,1,5
201601QA10266,2,19,0,9,0,8,0,0,0,0,1,1,6,1,-1,-1,-1,-1,-1,-1,-1,-1
201601QA10267,1,9,0,3,0,1,0,0,0,0,2,1,6,1,25,5,1995,2,6,8,1,8
201601QA10267,2,9,0,18,0,1,0,0,0,0,1,1,6,2,-1,-1,1596,1,11,-1,-1,-1
201601QA10268,1,2,0,18,0,8,0,0,7,0,1,1,2,1,20,4,49,1,13,3,1,3
201601QA10268,2,9,0,9,0,5,0,0,0,0,3,1,6,1,-1,-1,1799,1,7,-1,-1,-1
201601QA10269,1,9,0,18,0,0,5,0,7,9,1,1,6,2,55,8,1598,1,9,7,1,7
201601QA10269,2,9,0,4,0,0,0,0,0,0,1,1,6,2,41,7,1598,1,17,5,1,5
201601QA10270,1,9,0,3,0,1,0,0,0,0,2,1,6,2,27,6,1240,1,12,3,1,3
201601QA10270,2,9,0,18,0,1,0,0,0,0,1,1,1,1,51,8,1968,2,2,10,1,10
201601QA10271,1,9,0,13,0,1,0,0,0,0,3,1,6,1,-1,-1,1998,1,16,3,1,3
201601QA10271,2,9,0,18,0,2,0,0,0,0,3,1,2,1,36,7,1686,2,13,-1,-1,-1
201601QA10272,1,3,0,13,0,1,0,0,0,0,4,1,6,1,31,6,-1,-1,-1,3,1,3
201601QA10272,2,9,0,12,0,1,0,0,0,0,3,1,6,1,40,7,1685,2,5,-1,-1,-1
201601QA10274,1,9,0,3,0,0,0,0,0,0,2,1,6,2,67,10,1360,1,7,9,1,9
201601QA10274,2,9,0,18,0,0,0,0,0,0,1,1,6,1,-1,-1,-1,-1,-1,-1,-1,-1
201601QA10275,1,9,0,9,0,8,0,0,0,0,1,1,1,2,-1,-1,-1,-1,-1,-1,-1,-1
201601QA10275,2,9,0,18,0,8,0,0,0,0,4,1,6,1,25,5,1956,2,1,2,1,2
201601QA10276,1,9,0,9,0,8,0,0,0,0,4,1,6,1,36,7,2148,2,8,9,1,9
201601QA10276,2,3,0,18,0,8,0,0,0,0,1,1,6,1,22,5,-1,-1,-1,3,1,3
201601QA10277,1,8,0,18,0,1,0,0,0,0,4,1,1,1,63,9,1497,8,8,9,1,9
201601QA10277,2,1,0,9,0,1,0,0,0,0,1,1,4,1,13,3,-1,-1,-1,7,1,7
201601QA10278,1,20,0,18,0,8,0,0,0,0,1,1,1,1,47,8,11021,2,10,6,1,6
201601QA10278,2,9,0,18,0,8,0,0,0,0,4,1,6,2,18,4,998,1,3,5,1,5
201601QA10278,3,19,0,10,0,8,0,0,0,0,3,1,1,1,56,9,1868,2,14,-1,-1,-1
201601QA10279,1,9,0,7,0,2,0,0,0,0,2,1,6,2,55,8,1461,2,6,10,1,10
201601QA10279,2,9,0,7,0,2,0,0,0,0,1,1,6,1,-1,-1,1968,2,8,-1,-1,-1
201601QA10282,1,9,0,18,0,8,0,10,1,10,3,1,6,1,35,6,-1,-1,-1,5,1,5
201601QA10282,2,9,0,18,0,8,0,0,0,0,1,1,6,1,51,8,3222,2,17,3,1,3
201601QA10283,1,9,0,7,0,8,0,0,0,0,4,1,6,1,75,10,1991,2,8,3,1,3
201601QA10283,2,1,0,15,0,8,0,0,0,0,3,1,6,1,42,7,-1,-1,-1,8,1,8
201601QA10284,1,9,0,18,0,2,0,0,0,0,1,1,6,1,43,7,1590,1,15,3,1,3
201601QA10285,1,9,0,3,0,0,0,0,0,0,2,1,6,2,46,8,1587,1,19,8,1,8
201601QA10285,2,9,0,18,0,0,0,0,0,0,1,1,6,1,26,6,1596,1,10,9,1,9
201601QA10286,1,9,0,18,0,0,0,0,0,0,4,1,6,2,37,7,1390,1,10,9,1,9
201601QA10288,1,9,0,3,0,1,0,0,0,0,2,1,6,1,35,6,1229,1,1,7,1,7
201601QA10288,2,9,0,4,0,1,0,0,0,0,1,1,6,2,-1,-1,1596,1,14,-1,-1,-1
201601QA10289,1,9,0,18,0,8,0,0,0,0,1,1,6,2,45,7,1389,1,14,7,1,7
201601QA10289,2,9,0,18,0,6,0,0,0,0,4,1,6,2,35,6,1799,1,9,5,1,5
201601QA10290,1,9,0,18,0,0,0,0,0,0,1,1,6,2,33,6,1299,1,13,6,1,6
201601QA10291,1,9,0,7,0,2,0,0,0,0,1,1,6,2,36,7,1995,2,4,8,1,8
201601QA10292,1,5,0,14,0,8,0,10,7,0,4,1,6,1,30,6,955,1,16,8,1,8
201601QA10293,1,9,0,9,0,8,0,0,0,0,1,1,6,1,43,7,-1,-1,-1,-1,-1,-1
201601QA10293,2,3,0,18,0,8,0,0,0,0,3,1,6,1,19,4,125,1,2,7,1,7
201601QA10294,1,9,0,18,0,0,0,4,7,10,1,1,6,2,36,7,-1,-1,-1,3,1,3
201601QA10294,2,9,0,2,0,0,0,0,7,10,2,1,6,3,-1,-1,1796,1,14,-1,-1,-1
201601QA10295,1,3,0,18,0,8,0,0,0,0,3,1,6,2,31,6,124,1,7,7,1,7
201601QA10299,1,9,0,14,0,1,0,0,0,0,4,1,6,3,-1,-1,1984,1,-1,-1,-1,-1
201601QA10299,2,9,0,3,0,1,0,0,0,0,3,1,6,1,35,6,1910,2,11,8,1,8
201601QA10299,3,9,0,3,0,1,0,0,0,0,3,1,6,1,43,7,2993,2,3,10,1,10
201601QA10299,4,9,0,3,0,1,0,0,0,0,3,1,6,2,53,8,1560,2,1,-1,-1,-1
201601QA10300,1,9,0,18,0,0,0,0,0,0,1,1,6,2,37,7,1329,1,7,7,1,7
201601QA10301,1,9,0,18,0,1,0,4,0,0,4,1,6,1,22,5,2616,1,12,4,1,4
201601QA10302,1,9,0,18,0,0,0,0,0,0,1,1,1,1,-1,-1,-1,-1,-1,-1,-1,-1
201601QA10302,2,9,0,1,0,0,0,0,0,0,2,1,6,3,-1,-1,-1,-1,-1,-1,-1,-1
201601QA10303,1,9,0,3,0,0,0,0,0,0,2,1,6,1,23,5,1796,1,10,2,1,2
201601QA10303,2,9,0,18,0,0,0,0,0,0,1,1,6,2,-1,-1,-1,-1,-1,-1,-1,-1
201601QA10305,1,9,0,4,0,0,0,0,0,0,2,1,6,1,24,5,1896,2,13,5,1,5
201601QA10305,2,9,0,18,0,0,0,0,0,0,1,1,6,1,31,6,1598,2,1,-1,-1,-1
201601QA10306,1,9,0,6,0,0,0,0,0,0,4,1,6,1,46,8,1896,2,6,7,1,7
201601QA10306,2,9,0,18,0,0,0,0,0,0,1,1,6,1,50,8,1498,1,1,4,1,4
201601QA10308,1,9,0,18,0,1,0,0,0,0,2,1,6,1,32,6,1995,2,15,5,1,5
201601QA10308,2,9,0,18,0,1,0,0,0,0,1,1,6,1,-1,-1,2993,2,6,-1,-1,-1
201601QA10310,1,9,0,9,0,8,0,0,0,0,3,1,6,1,44,7,1995,2,2,5,1,5
201601QA10310,2,9,0,9,0,8,0,0,0,0,1,1,6,2,22,5,1461,2,-1,2,1,2
201601QA10311,1,19,0,7,0,8,0,0,0,0,4,1,1,3,-1,-1,2402,2,12,-1,-1,-1
201601QA10312,1,9,0,9,0,2,0,0,0,0,1,1,6,2,27,6,1389,1,11,7,1,7
201601QA10313,1,3,0,18,0,2,0,0,0,0,1,1,6,3,-1,-1,-1,-1,-1,-1,-1,-1
201601QA10314,1,11,0,18,0,1,0,0,0,0,0,1,1,1,44,7,-1,-1,-1,-1,-1,-1
201601QA10315,1,9,0,9,0,8,0,0,0,0,1,1,6,1,55,8,1598,2,4,7,1,7
201601QA10315,2,3,0,18,0,8,0,0,0,0,3,1,6,1,24,5,-1,-1,-1,7,1,7
201601QA10316,1,19,0,6,0,0,0,0,0,0,3,1,6,2,53,8,-1,-1,-1,1,1,1
201601QA10316,2,19,0,18,0,0,0,0,0,0,4,1,6,1,34,6,2402,2,12,5,1,5
201601QA10317,1,9,0,9,0,1,0,0,0,0,3,1,6,1,25,5,-1,-1,-1,4,1,4
201601QA10317,2,3,0,14,0,1,0,0,0,0,1,1,6,1,25,5,-1,-1,-1,6,1,6
201601QA10318,1,11,1,18,0,8,1,0,0,0,0,1,1,1,51,8,9000,2,7,5,1,5
201601QA10318,2,9,0,11,0,8,0,0,1,0,0,1,2,1,22,5,799,2,7,9,1,9
201601QA10319,1,2,0,18,0,2,0,4,0,0,1,1,1,1,20,4,49,1,6,3,1,3
201601QA10320,1,11,0,9,0,8,0,0,0,0,4,1,1,1,29,6,7300,2,12,7,1,7
201601QA10320,2,9,0,9,0,8,0,0,0,0,3,1,6,1,-1,-1,2148,2,13,-1,-1,-1
201601QA10321,1,9,0,18,0,0,0,0,0,0,4,1,6,1,36,7,2179,2,9,5,1,5
201601QA10322,1,9,0,14,0,0,0,0,0,0,1,1,2,1,33,6,1398,1,3,6,1,6
201601QA10323,1,9,0,6,0,8,0,0,0,0,3,1,1,1,26,6,1498,1,1,1,1,1
201601QA10323,2,4,0,13,0,8,0,0,1,0,1,1,6,1,39,7,-1,-1,-1,4,1,4
201601QA10324,1,9,0,2,0,0,0,0,0,0,2,1,6,3,-1,-1,1461,2,5,-1,-1,-1
201601QA10324,2,19,0,18,0,0,0,4,8,4,1,1,6,1,53,8,2151,2,13,6,3,6
201601QA10326,1,9,0,18,0,1,0,0,0,0,1,1,6,3,-1,-1,1796,1,9,-1,-1,-1
201601QA10329,1,9,0,18,0,8,0,0,0,0,3,1,6,1,42,7,1995,2,11,5,1,5
201601QA10329,2,9,0,18,0,8,0,0,0,0,1,1,6,1,20,4,999,1,4,7,1,7
201601QA10330,1,9,0,18,0,8,0,0,0,0,1,1,1,1,46,8,1598,2,4,3,1,3
201601QA10331,1,9,0,3,0,0,0,0,0,0,2,1,2,1,37,7,1240,1,12,7,1,7
201601QA10331,2,9,0,18,0,0,0,0,0,0,1,1,6,1,-1,-1,-1,-1,-1,-1,-1,-1
201601QA10332,1,8,0,3,0,0,0,0,0,0,3,1,1,1,32,6,1797,8,5,5,1,5
201601QA10332,2,9,0,14,0,0,0,0,0,0,4,1,6,1,-1,-1,-1,-1,-1,-1,-1,-1
201601QA10333,1,9,0,5,0,8,0,0,0,0,1,1,6,1,86,11,998,1,3,10,1,10
201601QA10333,2,9,0,18,0,8,0,10,7,0,4,1,6,2,65,9,1598,1,1,-1,-1,-1
201601QA10334,1,1,0,6,0,0,0,0,0,0,2,1,6,1,10,2,-1,-1,-1,7,1,7
201601QA10334,2,9,0,18,0,0,0,0,0,0,1,1,6,2,-1,-1,-1,-1,-1,-1,-1,-1
201601QA10335,1,9,0,16,0,8,0,10,0,0,1,1,6,1,22,5,1149,1,11,8,1,8
201601QA10336,1,9,0,18,0,8,0,0,1,0,1,1,6,1,50,8,1240,1,10,4,1,4
201601QA10336,2,9,0,9,0,8,0,0,0,0,1,1,6,2,61,9,1598,1,8,5,1,5
201601QA10337,1,9,0,18,0,8,0,0,0,0,3,1,6,2,21,5,1229,1,5,6,1,6
201601QA10337,2,9,0,18,0,8,0,0,0,0,4,1,6,1,18,4,1598,2,1,6,1,6
201601QA10338,1,3,0,14,0,8,0,0,0,0,1,1,2,1,20,4,125,1,3,6,1,6
201601QA10339,1,9,0,7,0,8,0,0,0,0,3,1,2,1,44,7,1242,1,8,7,3,7
201601QA10339,2,1,0,18,0,8,0,0,0,0,1,1,2,1,58,9,-1,-1,-1,-1,-1,-1
201601QA10340,1,1,0,9,0,8,0,0,0,0,4,1,6,1,10,2,-1,-1,-1,3,1,3