Accident_Index,Vehicle_Reference,Vehicle_Type,Towing_and_Articulation,Vehicle_Manoeuvre,Vehicle_Location-Restricted_Lane,Junction_Location,Skidding_and_Overturning,Hit_Object_in_Carriageway,Vehicle_Leaving_Carriageway,Hit_Object_off_Carriageway,1st_Point_of_Impact,Was_Vehicle_Left_Hand_Drive?,Journey_Purpose_of_Driver,Sex_of_Driver,Age_of_Driver,Age_Band_of_Driver,Engine_Capacity_(CC),Propulsion_Code,Age_of_Vehicle,Driver_IMD_Decile,Driver_Home_Area_Type,Vehicle_IMD_Decile
201601QA10340,2,9,0,18,0,8,0,0,0,0,1,1,6,2,46,8,1598,2,-1,6,1,6
201601QA10341,1,9,0,1,0,6,0,0,0,0,4,1,3,2,-1,-1,-1,-1,-1,-1,-1,-1
201601QA10342,1,9,0,18,0,0,0,0,0,0,1,1,6,1,47,8,1896,2,10,7,1,7
201601QA10342,2,19,0,3,0,0,0,0,0,0,2,1,6,1,52,8,-1,-1,-1,5,1,5
201601QA10342,3,9,0,3,0,0,0,0,0,0,2,1,6,2,39,7,-1,-1,-1,4,1,4
201601QA10343,1,11,0,18,0,2,0,0,0,0,0,1,1,1,25,5,-1,-1,-1,-1,-1,-1
201601QA10344,1,3,0,18,0,8,0,0,0,0,3,1,1,2,26,6,125,1,4,5,1,5
201601QA10344,2,9,0,9,0,5,0,0,0,0,1,1,6,1,-1,-1,1896,2,13,-1,-1,-1
201601QA10345,1,9,0,9,0,8,0,0,0,0,1,1,6,1,-1,-1,-1,-1,-1,-1,-1,-1
201601QA10345,2,9,0,18,0,8,0,0,0,0,1,1,6,2,-1,-1,-1,-1,-1,-1,-1,-1
201601QA10350,1,5,0,7,0,5,1,0,0,0,1,1,6,1,51,8,903,1,7,5,1,5
201601QA10351,1,9,0,18,0,6,0,0,0,0,1,1,6,1,49,8,1198,1,14,4,1,4
201601QA10353,1,9,0,18,0,0,0,0,0,0,3,1,1,1,52,8,1396,1,17,3,1,3
201601QA10353,2,9,0,4,0,0,0,0,0,0,1,1,6,1,51,8,2148,2,13,3,1,3
201601QA10357,1,9,0,18,0,0,0,4,7,10,1,1,6,1,26,6,1598,1,14,5,1,5
201601QA10358,1,9,0,4,0,0,0,0,0,0,2,1,2,1,-1,-1,1968,2,-1,6,1,6
201601QA10358,2,9,0,4,0,0,0,0,0,0,1,1,2,1,56,9,1840,1,20,4,1,4
201601QA10359,1,9,0,18,0,0,0,0,0,0,3,1,6,1,57,9,1896,2,16,10,1,10
201601QA10359,2,9,0,18,0,0,0,0,0,0,3,1,6,2,-1,-1,1389,1,13,-1,-1,-1
201601QA10362,1,8,0,5,0,2,0,0,0,0,1,1,1,1,58,9,1686,2,4,5,1,5
201601QA10363,1,9,0,18,0,0,0,0,0,0,1,1,6,2,55,8,1598,1,1,3,1,3
201601QA10363,2,9,0,3,0,0,0,0,0,0,2,1,6,1,25,5,1596,1,11,4,1,4
201601QA10363,3,19,0,3,0,0,0,0,0,0,2,1,6,1,32,6,1753,2,5,4,1,4
201601QA10364,1,9,0,9,0,8,0,0,0,0,1,1,2,1,22,5,1968,2,2,5,1,5
201601QA10364,2,2,0,18,0,8,0,0,0,0,1,1,1,1,61,9,-1,-1,-1,3,1,3
201601QA10365,1,9,0,9,0,8,0,0,0,0,1,1,6,2,40,7,1896,2,12,5,1,5
201601QA10365,2,9,0,14,0,8,0,0,0,0,4,1,6,3,-1,-1,-1,-1,-1,-1,-1,-1
201601QA10368,1,3,0,18,0,8,0,0,0,0,1,1,2,1,19,4,124,1,3,5,1,5
201601QA10368,2,9,0,9,0,5,0,0,1,0,4,1,6,1,35,6,1200,1,-1,2,1,2
201601QA10374,1,9,0,6,0,0,0,0,0,0,3,1,6,1,-1,-1,-1,-1,-1,-1,-1,-1
201601QA10374,2,3,0,14,0,0,0,0,0,0,1,1,6,1,-1,-1,124,1,-1,-1,-1,-1
201601QA10375,1,3,0,14,0,0,0,0,0,0,4,1,6,1,27,6,125,1,10,8,3,8
201601QA10376,1,1,0,18,0,8,0,0,0,0,1,1,6,1,34,6,-1,-1,-1,3,1,3
201601QA10376,2,19,0,7,0,8,0,0,0,0,4,1,6,3,-1,-1,-1,-1,-1,-1,-1,-1
201601QA10385,1,9,0,3,0,0,0,4,1,0,3,1,6,2,64,9,-1,-1,-1,7,1,7
201601QA10393,1,11,0,9,0,8,0,0,0,0,0,1,1,1,52,8,7300,2,14,-1,-1,-1
201601QA10396,1,1,0,18,0,8,0,0,0,0,1,1,6,1,17,4,-1,-1,-1,-1,-1,-1
201601QA10396,2,19,0,18,0,8,0,0,0,0,4,1,6,1,-1,-1,2198,2,9,-1,-1,-1
201601QA10402,1,19,0,18,0,1,0,0,0,0,2,2,6,1,36,7,-1,-1,-1,3,1,3
201601QA10402,2,9,0,18,0,1,0,0,0,0,1,1,6,2,30,6,1995,2,11,5,1,5
201601QA10402,3,9,0,18,0,1,0,0,0,0,1,1,6,2,62,9,1197,1,4,7,1,7
201601QA10431,1,9,0,3,0,0,0,0,0,0,2,1,2,2,48,8,1685,2,2,8,1,8
201601QA10431,2,9,0,18,0,0,0,0,0,0,1,1,2,1,22,5,1242,1,10,10,1,10
201601QA10444,1,9,0,4,0,1,0,0,0,0,2,1,6,1,29,6,1798,1,8,1,1,1
201601QA10444,2,9,0,18,0,1,0,0,0,0,1,1,6,2,27,6,1368,1,1,-1,-1,-1
201601QA10446,1,1,0,18,0,8,0,0,0,0,1,1,6,1,38,7,-1,-1,-1,-1,-1,-1
201601QA10446,2,9,0,10,0,8,0,0,0,0,3,1,1,1,-1,-1,-1,-1,-1,-1,-1,-1
201601QA10450,1,9,0,4,0,8,0,0,0,0,4,1,2,1,57,9,2494,8,1,10,1,10
201601QA10458,1,11,0,7,0,2,0,0,0,0,3,1,1,1,60,9,-1,-1,-1,-1,-1,-1
201601QA10459,1,9,0,16,0,0,0,0,0,0,1,1,6,1,30,6,-1,-1,-1,-1,-1,-1
201601QA10459,2,9,0,3,0,0,0,0,0,0,1,1,6,1,36,7,2179,2,6,6,1,6
201601QK50003,1,9,0,12,0,8,0,0,0,0,1,1,6,1,25,5,1598,1,14,5,1,5
201601QK50005,1,9,0,18,0,0,0,0,0,0,1,1,6,2,27,6,1598,1,13,4,1,4
201601QK50005,2,9,0,4,0,0,0,0,0,0,2,1,6,2,32,6,998,1,10,3,1,3
201601QK50006,1,9,0,18,0,8,1,0,7,0,3,1,6,1,40,7,-1,-1,-1,2,1,2
201601QK50006,2,9,0,9,0,8,0,0,0,0,4,1,6,2,22,5,1598,1,3,-1,-1,-1
201601QK50008,1,9,0,3,0,1,0,0,0,0,2,1,2,2,35,6,1390,1,13,4,1,4
201601QK50008,2,9,0,5,0,1,0,0,0,0,1,1,2,1,63,9,2143,2,6,-1,-1,-1
201601QK50009,1,19,0,5,0,0,0,0,0,0,2,1,1,1,37,7,2198,2,3,-1,-1,-1
201601QK50009,2,9,0,18,0,0,0,0,0,0,4,1,6,2,44,7,1390,1,7,-1,-1,-1
201601QK50009,3,9,0,3,0,0,0,0,0,0,2,1,2,1,49,8,1339,1,2,7,1,7
201601QK50009,4,9,0,18,0,0,0,0,0,0,4,1,6,2,22,5,1596,1,5,-1,-1,-1
201601QK50011,1,9,0,18,0,0,1,0,0,0,1,1,6,1,22,5,1587,1,19,5,1,5
201601QK50011,2,9,0,3,0,0,0,0,0,0,2,1,6,1,53,8,2354,1,13,4,1,4
201601QK50012,1,9,0,9,0,8,0,0,0,0,1,1,6,2,42,7,1598,2,2,4,1,4
201601QK50012,2,3,0,18,0,8,0,0,0,0,1,1,1,1,35,6,124,1,3,5,1,5
201601QK50013,1,9,0,5,0,1,0,0,0,0,2,1,6,1,42,7,1995,2,9,8,1,8
201601QK50013,2,9,0,5,0,1,0,0,0,0,1,1,6,1,-1,-1,1995,2,2,3,1,3
201601QK50014,1,2,0,4,0,8,1,0,0,0,0,1,1,1,19,4,49,1,1,3,1,3
201601QK50014,2,9,0,9,0,5,0,0,0,0,0,1,6,1,-1,-1,2157,1,14,-1,-1,-1
201601QK50021,1,9,0,18,0,2,0,0,0,0,4,1,6,1,54,8,1598,1,2,7,1,7
201601QK50025,1,9,0,6,0,8,0,0,0,0,3,1,6,1,81,11,1796,1,8,6,1,6
201601QK50025,2,4,0,13,0,8,0,0,0,0,4,1,6,1,24,5,125,1,9,3,1,3
201601QK50026,1,9,0,9,0,0,0,10,1,10,1,1,6,1,30,6,1995,2,5,4,1,4
201601QK50026,2,9,0,2,9,0,0,0,0,0,4,1,6,3,-1,-1,1968,2,8,-1,-1,-1
201601QK50034,1,9,0,9,0,5,0,0,0,0,1,1,6,2,45,7,1598,1,11,-1,-1,-1
201601QK50034,2,1,0,18,0,8,0,0,0,0,1,1,6,1,34,6,-1,-1,-1,-1,-1,-1
201601QK50036,1,8,0,17,0,1,0,0,0,0,1,1,6,1,-1,-1,1997,2,7,-1,-1,-1
201601QK50038,1,9,0,7,0,8,0,0,0,0,1,1,6,1,48,8,1781,1,13,7,1,7
201601QK50039,1,9,0,18,0,0,0,4,0,0,3,1,6,1,69,10,1783,1,14,5,1,5
201601QK50039,2,9,0,2,0,0,0,0,0,0,4,1,6,3,-1,-1,2179,2,5,-1,-1,-1
201601QK50041,1,1,0,4,0,1,1,0,1,0,0,1,2,2,28,6,-1,-1,-1,5,1,5
201601QK50043,1,1,0,9,0,5,0,0,0,0,1,1,6,1,27,6,-1,-1,-1,-1,-1,-1
201601QK50043,2,1,0,18,0,8,0,0,0,0,3,1,2,2,31,6,-1,-1,-1,-1,-1,-1
201601QK50045,1,21,0,4,0,1,1,0,0,0,1,1,1,1,60,9,4462,2,3,3,1,3
201601QK50045,2,9,0,4,0,1,0,0,0,0,2,1,6,1,43,7,1968,2,10,9,2,9
201601QK50045,3,9,0,4,0,1,0,0,0,0,2,1,6,2,41,7,1598,1,8,5,1,5
201601QK50045,4,9,0,4,0,1,0,0,0,0,2,1,6,1,44,7,1997,2,1,1,1,1
201601QK50045,5,9,0,4,0,1,0,0,0,0,2,1,6,1,48,8,1968,2,2,7,1,7
201601QK50047,1,1,0,5,0,8,0,0,0,0,1,1,2,2,31,6,-1,-1,-1,3,1,3
201601QK50047,2,9,0,7,0,8,0,0,0,0,4,1,6,1,-1,-1,-1,-1,-1,-1,-1,-1
201601QK50048,1,9,0,18,0,0,0,4,0,0,1,1,6,2,84,11,1240,1,13,6,1,6
201601QK50048,2,19,0,2,0,0,0,0,0,0,2,1,6,3,-1,-1,1399,2,6,-1,-1,-1
201601QK50049,1,9,0,9,0,5,0,0,0,0,3,1,2,2,42,7,1229,1,11,5,1,5
201601QK50049,2,3,0,13,0,8,0,0,0,0,4,1,2,2,51,8,124,1,7,-1,-1,-1
201601QK50050,1,4,0,4,0,0,0,0,0,0,3,1,6,2,24,5,-1,-1,-1,9,1,9
201601QK50050,2,9,0,11,0,0,0,0,0,0,4,1,6,1,-1,-1,-1,-1,-1,-1,-1,-1
201601QK50052,1,9,0,18,0,0,0,0,0,0,1,1,6,2,45,7,-1,-1,-1,-1,-1,-1
201601QK50056,1,9,0,18,0,0,0,0,0,0,4,1,2,2,24,5,1229,1,8,2,1,2
201601QK50057,1,9,0,9,0,6,0,0,0,0,3,1,2,2,20,4,1299,1,15,4,1,4
201601QK50057,2,3,0,14,0,8,0,0,0,0,1,1,2,1,29,6,125,1,1,2,1,2
201601QK50058,1,9,0,18,0,8,0,0,0,0,4,1,6,1,20,4,1198,1,9,-1,-1,-1
201601QK50058,2,9,0,7,0,8,0,0,0,0,3,1,2,1,35,6,1995,2,11,2,1,2
201601QK50059,1,9,0,18,0,1,0,0,0,0,2,1,6,2,39,7,1332,1,17,4,1,4
201601QK50059,2,9,0,18,0,1,0,0,0,0,1,1,6,2,-1,-1,-1,-1,-1,-1,-1,-1
201601QK50060,1,9,0,4,0,0,0,0,0,0,1,1,1,1,38,7,1984,1,14,-1,-1,-1
201601QK50060,2,9,0,3,0,0,0,0,0,0,2,1,1,2,43,7,1229,1,10,4,1,4
201601QK50061,1,9,0,9,0,6,0,0,0,0,3,1,2,1,46,8,1598,1,13,6,1,6
201601QK50061,2,1,0,18,0,8,0,0,0,0,4,1,2,1,32,6,-1,-1,-1,2,1,2
201601QK50062,1,9,0,18,0,2,0,0,0,0,3,1,6,1,-1,-1,1896,2,14,-1,-1,-1
201601QK50062,2,9,0,13,0,2,0,0,0,0,4,1,6,1,-1,-1,1598,1,5,-1,-1,-1
201601QK50065,1,1,0,17,0,8,0,0,0,0,4,1,2,1,37,7,-1,-1,-1,3,1,3
201601QK50065,2,19,0,7,0,8,0,0,0,0,3,1,2,1,-1,-1,2198,2,2,-1,-1,-1
201601QK50067,1,9,0,18,0,2,0,0,0,0,1,1,6,3,-1,-1,-1,-1,-1,-1,-1,-1
201601QK50068,1,9,0,18,0,1,0,0,0,0,1,1,6,2,35,6,1796,1,5,6,1,6
201601QK50068,2,9,0,18,0,2,0,4,0,0,1,1,6,2,-1,-1,1598,2,4,-1,-1,-1
201601QK50068,3,9,0,2,0,2,0,0,0,0,4,1,6,3,-1,-1,3199,1,13,-1,-1,-1
201601QK50069,1,9,0,9,0,8,0,0,0,0,4,1,6,1,30,6,2231,2,10,6,1,6
201601QK50069,2,9,0,9,0,8,0,0,0,0,3,1,6,2,67,10,1984,1,16,3,1,3
201601QK50070,1,9,0,9,0,8,0,0,0,0,1,1,3,1,49,8,1598,7,8,7,1,7
201601QK50071,1,9,0,9,0,8,0,0,0,0,1,1,6,1,60,9,1598,1,10,-1,-1,-1
201601QK50071,2,1,0,3,0,8,0,0,0,0,1,1,6,1,32,6,-1,-1,-1,4,1,4
201601QK50073,1,9,0,18,0,0,1,0,0,0,1,1,1,1,32,6,1997,1,1,8,1,8
201601QK50073,2,1,0,18,0,0,0,0,0,0,1,1,6,1,38,7,-1,-1,-1,1,1,1
201601QK50074,1,9,0,7,0,5,0,0,0,0,1,1,6,1,63,9,1689,2,13,3,1,3
201601QK50075,1,3,0,14,0,0,0,0,0,0,1,1,6,2,47,8,125,1,8,3,1,3
201601QK50076,1,9,0,3,0,0,0,0,0,0,2,1,6,1,27,6,1598,1,12,2,1,2
201601QK50076,2,9,0,12,0,0,0,0,0,0,1,1,6,1,28,6,1796,1,16,4,1,4
201601QK50077,1,9,0,16,0,2,0,0,0,0,0,1,1,1,27,6,-1,-1,-1,-1,-1,-1
201601QK50077,2,3,0,13,0,1,0,10,0,0,1,1,2,1,26,6,124,1,5,-1,-1,-1
201601QK50078,1,9,0,9,0,6,0,0,0,0,1,1,6,2,49,8,1590,1,15,6,1,6
201601QK50078,2,9,0,14,0,8,0,0,0,0,1,1,6,2,36,7,1598,2,2,6,1,6
201601QK50080,1,9,0,18,0,8,0,0,0,0,1,1,6,1,18,4,1398,1,5,1,1,1
201601QK50080,2,1,0,18,0,8,0,0,0,0,2,1,6,1,37,7,-1,-1,-1,5,1,5
201601QK50081,1,11,0,7,0,8,0,0,0,0,3,1,1,2,40,7,4500,2,7,2,1,2
201601QK50081,2,9,0,10,0,8,0,0,0,0,4,1,6,2,33,6,1198,1,14,-1,-1,-1
201601QK50082,1,9,0,18,0,2,0,0,0,0,3,1,6,1,79,11,2435,1,16,2,1,2
201601QK50084,1,5,0,15,0,2,0,0,0,0,4,1,1,1,22,5,-1,-1,-1,2,1,2
201601QK50086,1,9,0,4,0,8,0,0,0,0,3,1,1,2,30,6,1598,1,9,5,1,5
201601QK50086,2,1,0,18,0,8,0,0,0,0,1,1,1,2,52,8,-1,-1,-1,7,1,7
201601QK50087,1,9,0,18,0,8,1,0,0,0,1,1,6,1,22,5,-1,-1,-1,3,1,3
201601QK50087,2,9,0,5,0,6,0,0,0,0,4,1,6,1,20,4,1598,1,4,4,1,4
201601QK50088,1,9,0,5,0,8,0,0,0,0,1,1,2,1,31,6,1997,1,17,3,1,3
201601QK50088,2,9,0,5,0,6,0,0,0,0,4,1,2,2,40,7,2698,2,5,6,1,6
201601QK50089,1,9,0,18,0,0,0,0,0,0,1,1,6,1,30,6,1968,2,3,-1,-1,-1
201601QK50090,1,9,0,5,0,0,0,0,0,0,1,1,6,1,44,7,2496,1,10,8,1,8
201601QK50090,2,9,0,3,0,0,0,0,0,0,2,1,6,1,55,8,2149,2,9,10,1,10
201601QK50092,1,3,0,18,0,8,0,0,0,0,1,1,6,1,24,5,124,1,10,1,1,1
201601QK50092,2,9,0,9,0,8,0,0,0,0,4,1,6,2,45,7,1798,8,1,6,1,6
201601QK50094,1,11,0,18,0,1,0,0,0,0,0,1,1,1,51,8,-1,-1,-1,3,1,3
201601QK50095,1,3,0,18,0,8,0,0,0,0,1,1,6,1,34,6,865,1,10,9,1,9
201601QK50095,2,9,0,9,0,6,0,0,0,0,3,1,6,1,64,9,1796,1,11,6,1,6
201601QK50096,1,9,0,10,0,1,0,0,0,0,2,1,2,2,53,8,2993,2,-1,6,1,6
201601QK50096,2,21,0,18,0,1,0,0,0,0,1,1,1,1,25,5,10837,2,1,6,1,6
201601QK50097,1,9,0,18,0,8,0,7,0,0,3,1,2,1,28,6,1596,1,10,7,1,7
201601QK50097,2,9,0,9,0,5,0,0,0,0,1,1,6,1,22,5,1896,2,13,-1,-1,-1
201601QK50098,1,19,0,3,0,0,0,0,0,0,3,1,6,1,43,7,2198,2,1,2,1,2
201601QK50098,2,20,0,18,0,0,0,0,0,0,1,1,6,3,-1,-1,-1,-1,-1,-1,-1,-1
201601QK50099,1,9,0,18,0,8,0,0,7,2,1,1,6,1,33,6,1984,1,14,-1,-1,-1
201601QK50099,2,9,0,9,0,6,0,0,0,0,1,1,6,2,78,11,1895,1,17,6,1,6
201601QK50100,1,9,0,6,0,8,0,0,0,0,3,1,6,2,55,8,1910,2,8,8,1,8
201601QK50100,2,3,0,18,0,8,0,0,0,0,4,1,6,1,20,4,108,1,4,4,1,4
201601QK50104,1,19,0,12,0,1,0,0,0,0,2,1,6,1,39,7,1995,2,3,6,1,6
201601QK50104,2,5,0,18,0,1,0,0,0,0,1,1,6,1,42,7,-1,-1,-1,6,3,6
201601QK50105,1,9,0,18,0,8,0,0,0,0,3,1,6,1,40,7,1796,1,9,3,1,3
201601QK50108,1,9,0,9,0,8,0,0,0,0,1,1,6,3,-1,-1,-1,-1,-1,-1,-1,-1
201601QK50109,1,9,0,18,0,0,0,0,0,0,1,1,6,1,66,10,-1,-1,-1,4,1,4
201601QK50109,2,9,0,3,0,0,0,0,0,0,2,1,6,2,39,7,1332,1,17,4,1,4
201601QK50109,3,9,0,3,0,0,0,0,0,0,2,1,6,2,94,11,-1,-1,-1,7,1,7
201601QK50110,1,9,0,9,0,8,0,0,0,0,0,1,6,1,29,6,1995,2,5,7,1,7
201601QK50110,2,3,0,18,0,8,0,0,0,0,3,1,6,1,41,7,108,1,1,5,1,5
201601QK50112,1,9,0,18,0,8,0,0,0,0,3,1,6,1,57,9,1598,1,9,6,1,6
201601QK50112,2,9,0,9,0,8,0,0,0,0,1,1,6,2,-1,-1,1699,1,9,-1,-1,-1
201601QK50113,1,9,0,9,0,8,1,4,2,10,3,1,6,1,78,11,2497,1,16,5,1,5
201601QK50113,2,9,0,18,0,8,0,0,0,0,1,1,6,1,18,4,1390,1,11,4,1,4
201601QK50113,3,9,0,2,0,1,0,0,0,0,2,1,6,3,-1,-1,1339,1,10,-1,-1,-1
201601QK50113,4,9,0,2,0,1,0,4,0,0,1,1,6,3,-1,-1,1896,2,13,-1,-1,-1
201601QK50113,5,9,0,2,0,1,0,4,0,0,3,1,6,3,-1,-1,-1,-1,-1,-1,-1,-1
201601QK50113,6,9,0,2,0,1,0,0,0,0,2,1,6,3,-1,-1,1560,2,5,-1,-1,-1
201601QK50114,1,9,0,18,0,0,0,4,0,0,4,1,6,3,-1,-1,-1,-1,-1,-1,-1,-1
201601QK50114,2,9,0,2,6,0,0,4,1,0,3,1,6,1,38,7,1497,8,8,5,1,5
201601QK50114,3,8,0,2,6,0,0,4,0,0,2,1,1,1,44,7,2664,2,16,1,1,1
201601QK50118,1,9,0,10,0,8,0,0,0,0,4,1,6,1,48,8,1985,1,13,5,1,5
201601QK50118,2,20,0,18,0,8,0,0,0,0,3,1,6,1,-1,-1,-1,-1,-1,-1,-1,-1
201601QK50119,1,9,0,3,0,2,0,0,0,0,2,1,6,2,50,8,2987,2,7,4,1,4
201601QK50119,2,9,0,18,0,2,0,0,0,0,1,1,6,2,-1,-1,999,1,2,6,1,6
201601QK50120,1,11,0,5,0,8,0,0,0,0,0,1,1,1,47,8,7300,2,12,-1,-1,-1
201601QK50121,1,9,0,9,0,5,0,0,0,0,1,1,6,1,37,7,1339,1,8,2,1,2
201601QK50121,2,3,0,18,0,8,0,0,0,0,1,1,6,1,41,7,124,1,8,6,1,6
201601QK50123,1,9,0,8,0,1,0,0,0,0,2,1,6,1,24,5,1149,1,10,5,1,5
201601QK50123,2,19,0,18,0,1,0,0,0,0,1,1,6,1,25,5,3920,2,3,6,1,6
201601QK50125,1,11,0,18,0,0,0,0,0,0,1,1,6,1,54,8,6700,2,7,5,1,5
201601QK50128,1,3,0,18,0,8,0,0,0,0,4,1,6,1,25,5,124,1,4,4,1,4
201601QK50128,2,19,0,18,0,8,0,0,0,0,1,1,6,1,39,7,2198,2,2,-1,-1,-1
201601QK50129,1,9,0,3,0,1,0,0,0,0,2,1,6,2,32,6,1339,8,10,10,1,10
201601QK50129,2,9,0,18,0,1,0,0,0,0,1,1,6,2,-1,-1,1991,2,8,-1,-1,-1
201601QK50130,1,9,0,18,0,1,0,0,0,0,2,1,6,1,40,7,1798,8,2,8,1,8
201601QK50130,2,9,0,18,0,1,0,0,0,0,1,1,6,1,32,6,1997,1,9,6,1,6
201601QK50131,1,11,0,18,0,0,0,0,0,0,0,1,1,1,49,8,9360,2,7,5,1,5
201601QK50132,1,3,0,18,0,8,0,0,0,0,1,1,6,1,37,7,124,1,9,3,1,3
201601QK50132,2,9,0,9,0,8,0,0,0,0,1,1,6,2,24,5,1595,1,9,4,1,4
201601QK50133,1,9,0,7,0,2,0,0,0,0,1,1,6,1,65,9,1997,2,2,6,1,6
201601QK50134,1,9,0,2,0,0,0,0,0,0,3,1,6,2,-1,-1,1124,1,11,4,1,4
201601QK50134,2,9,0,18,0,0,0,4,0,0,1,1,6,1,19,4,1198,1,3,-1,-1,-1
201601QK50135,1,3,0,14,0,0,0,0,0,0,1,1,6,1,28,6,125,1,6,5,1,5
201601QK50136,1,11,0,18,0,1,0,0,0,0,1,1,1,1,55,8,4500,2,5,3,1,3
201601QK50137,1,19,0,18,0,1,0,0,0,0,1,1,6,2,24,5,-1,-1,-1,5,1,5
201601QK50138,1,9,0,18,0,0,1,4,0,0,1,1,1,1,22,5,-1,-1,-1,6,1,6
201601QK50138,2,9,0,2,0,0,0,4,0,0,2,1,6,1,23,5,1798,8,1,-1,-1,-1
201601QK50138,3,9,0,2,0,0,0,4,0,0,1,1,6,3,-1,-1,1993,1,27,-1,-1,-1
201601QK50139,1,9,0,18,0,1,0,0,0,0,3,1,6,1,43,7,1598,2,5,6,1,6
201601QK50139,2,9,0,13,0,1,0,0,0,0,4,1,6,3,-1,-1,1590,1,13,-1,-1,-1
201601QK50140,1,3,0,18,0,8,1,0,0,0,3,1,6,1,42,7,108,1,1,2,1,2
201601QK50141,1,9,0,18,0,0,0,0,0,0,2,1,6,1,36,7,2922,1,12,2,1,2
201601QK50141,2,9,0,18,0,0,0,0,0,0,1,1,6,2,40,7,1995,1,9,3,1,3
201601QK50142,1,9,0,18,0,0,0,0,0,0,4,1,6,1,77,11,2435,1,13,5,1,5
201601QK50143,1,9,0,18,0,0,0,0,0,0,1,1,6,3,-1,-1,-1,-1,-1,-1,-1,-1
201601QK50146,1,9,0,14,0,0,0,0,0,0,1,1,6,1,44,7,-1,-1,-1,2,1,2
201601QK50148,1,9,0,18,0,1,0,0,0,0,1,1,6,2,25,5,1598,1,8,4,1,4
201601QK50148,2,9,0,4,0,1,0,0,0,0,2,1,6,1,44,7,1686,2,5,4,1,4
201601QK50149,1,11,0,9,0,8,0,0,0,0,4,1,1,1,50,8,9360,2,3,4,1,4
201601QK50150,1,9,0,9,0,8,0,0,0,0,0,1,6,1,81,11,1598,1,10,6,1,6
201601QK50150,2,3,0,18,0,8,0,0,0,0,4,1,6,1,22,5,124,1,2,2,1,2
201601QK50151,1,9,0,16,0,1,0,0,0,0,2,1,6,2,31,6,1388,1,6,1,1,1
201601QK50151,2,9,0,16,0,1,0,0,0,0,1,1,6,1,-1,-1,1364,1,7,-1,-1,-1
201601QK50153,1,9,0,3,0,2,0,0,0,0,2,1,6,2,30,6,1796,1,10,2,1,2
201601QK50153,2,9,0,5,0,2,0,0,0,0,1,1,6,3,-1,-1,1560,2,1,-1,-1,-1
201601QK50154,1,9,0,5,0,1,0,0,0,0,1,1,6,2,54,8,-1,-1,-1,5,1,5
201601QK50154,2,3,0,8,0,1,0,0,0,0,2,1,6,1,32,6,125,1,9,5,1,5
201601QK50155,1,9,0,18,0,2,0,0,0,0,3,1,6,2,29,6,1398,1,11,3,1,3
201601QK50155,2,9,0,6,0,1,0,0,0,0,1,1,6,1,-1,-1,-1,-1,-1,-1,-1,-1
201601QK50156,1,9,0,14,0,0,0,0,0,0,1,1,6,3,-1,-1,-1,-1,-1,-1,-1,-1
201601QK50158,1,9,0,9,0,8,0,0,0,0,2,1,6,2,50,8,1997,2,12,7,1,7
201601QK50158,2,3,0,18,0,8,0,0,0,0,1,1,6,1,23,5,-1,-1,-1,8,1,8
201601QK50159,1,9,0,9,0,8,0,0,0,0,3,1,6,1,48,8,1797,8,7,-1,-1,-1
201601QK50159,2,9,0,18,0,8,0,0,0,0,1,1,6,1,47,8,1998,1,10,6,1,6
201601QK50160,1,3,0,4,0,1,1,0,0,0,4,1,6,1,22,5,125,1,-1,1,1,1
201601QK50161,1,9,0,3,0,1,0,0,0,0,2,1,6,2,33,6,1596,1,8,5,1,5
201601QK50161,2,9,0,4,0,1,0,0,0,0,1,1,6,1,-1,-1,1997,2,12,-1,-1,-1
201601QK50163,1,9,0,4,0,1,0,0,0,0,2,1,2,2,33,6,1397,1,8,3,1,3
201601QK50163,2,9,0,18,0,1,0,0,0,0,1,1,6,1,-1,-1,-1,-1,-1,-1,-1,-1
201601QK50164,1,9,0,18,0,2,0,0,0,0,1,1,6,1,44,7,999,1,4,10,2,10
201601QK50165,1,9,0,5,0,1,0,0,0,0,1,1,6,2,-1,-1,-1,-1,-1,-1,-1,-1
201601QK50167,1,1,0,18,0,2,0,0,0,0,1,1,6,3,-1,-1,-1,-1,-1,-1,-1,-1
201601QK50168,1,9,0,9,0,8,0,0,0,0,1,1,6,1,41,7,-1,-1,-1,4,1,4
201601QK50168,2,9,0,18,0,8,0,0,0,0,1,1,6,1,-1,-1,2993,2,2,3,1,3
201601QK50169,1,9,0,18,0,0,0,0,0,0,1,1,6,3,-1,-1,-1,-1,-1,-1,-1,-1
201601QK50170,1,5,0,18,0,8,0,0,0,0,1,1,6,1,-1,-1,-1,-1,-1,-1,-1,-1
201601QK50170,2,11,0,9,0,8,0,0,0,0,3,1,1,1,37,7,4500,2,7,5,1,5
201601QK50171,1,3,0,18,0,1,0,0,0,0,1,1,6,1,33,6,125,1,9,6,1,6
201601QK50171,2,9,0,6,0,1,0,0,0,0,2,1,6,1,-1,-1,-1,-1,-1,-1,-1,-1
201601QK50172,1,9,0,2,0,0,0,0,0,0,4,1,6,2,21,5,1149,1,6,3,1,3
201601QK50172,2,9,0,18,0,0,0,4,0,0,4,1,6,3,-1,-1,2362,8,13,-1,-1,-1
201601QK50174,1,21,0,7,0,1,0,0,0,0,4,1,1,1,35,6,12900,2,9,3,1,3
201601QK50176,1,3,0,13,0,8,0,0,0,0,4,1,6,2,39,7,125,1,7,4,1,4
201601QK50176,2,9,0,9,0,8,0,0,0,0,3,1,6,3,-1,-1,-1,-1,-1,-1,-1,-1
201601QK50177,1,9,0,5,0,1,0,0,0,0,1,1,6,1,28,6,1598,1,12,7,1,7
201601QK50177,2,9,0,3,0,3,0,0,0,0,2,1,6,2,54,8,998,1,13,9,1,9
201601QK50180,1,9,0,9,0,8,0,0,0,0,4,1,6,2,20,4,1299,1,9,-1,-1,-1
201601QK50180,2,9,0,18,0,8,0,0,0,0,1,1,6,1,39,7,1995,2,5,3,1,3