Accident_Index,Vehicle_Reference,Vehicle_Type,Towing_and_Articulation,Vehicle_Manoeuvre,Vehicle_Location-Restricted_Lane,Junction_Location,Skidding_and_Overturning,Hit_Object_in_Carriageway,Vehicle_Leaving_Carriageway,Hit_Object_off_Carriageway,1st_Point_of_Impact,Was_Vehicle_Left_Hand_Drive?,Journey_Purpose_of_Driver,Sex_of_Driver,Age_of_Driver,Age_Band_of_Driver,Engine_Capacity_(CC),Propulsion_Code,Age_of_Vehicle,Driver_IMD_Decile,Driver_Home_Area_Type,Vehicle_IMD_Decile
201601QK50181,1,9,0,18,0,0,0,0,0,0,4,1,6,2,60,9,1596,1,12,4,1,4
201601QK50183,1,11,0,18,0,2,0,0,0,0,0,1,1,1,44,7,9360,2,4,4,1,4
201601QK50184,1,1,0,18,2,1,0,0,0,0,1,1,6,1,39,7,-1,-1,-1,4,1,4
201601QK50184,2,9,0,9,0,1,0,0,0,0,4,1,6,2,49,8,2685,2,13,6,1,6
201601QK50185,1,9,0,18,0,1,0,0,0,0,1,1,6,3,-1,-1,-1,-1,-1,-1,-1,-1
201601QK50186,1,9,0,18,0,0,0,0,0,0,1,1,6,2,47,8,1999,1,10,-1,-1,-1
201601QK50186,2,11,0,3,0,0,0,0,0,0,1,1,1,1,29,6,4500,2,2,2,1,2
201601QK50186,3,9,0,14,0,0,0,0,0,0,1,1,6,1,40,7,2204,2,10,3,1,3
201601QK50187,1,9,0,18,0,1,0,0,0,0,1,1,6,1,-1,-1,-1,-1,-1,-1,-1,-1
201601QK50188,1,9,0,18,0,8,0,0,0,0,1,1,6,1,49,8,1749,1,14,8,1,8
201601QK50188,2,1,0,9,0,8,0,0,0,0,4,1,6,1,-1,-1,-1,-1,-1,-1,-1,-1
201601QK50189,1,1,0,18,0,1,0,0,0,0,1,1,6,1,47,8,-1,-1,-1,-1,-1,-1
201601QK50191,1,9,0,18,0,1,0,0,0,0,4,1,6,1,38,7,2499,1,11,3,1,3
201601QK50192,1,9,0,9,0,8,0,0,0,0,4,1,6,3,-1,-1,-1,-1,-1,-1,-1,-1
201601QK50192,2,3,0,18,0,8,0,0,0,0,1,1,6,1,18,4,108,1,8,3,1,3
201601QK50193,1,9,0,9,0,8,0,0,0,0,4,1,2,2,61,9,1339,1,11,1,1,1
201601QK50193,2,2,0,18,0,8,0,0,0,0,1,1,1,1,21,5,108,1,1,5,1,5
201601QK50194,1,9,0,1,0,0,0,4,0,0,2,1,6,1,46,8,2300,1,17,-1,-1,-1
201601QK50194,2,9,0,2,0,0,0,0,0,0,3,1,6,1,61,9,1870,2,13,6,1,6
201601QK50196,1,11,0,18,0,8,0,0,0,0,1,1,1,1,68,10,7300,2,12,7,1,7
201601QK50196,2,9,0,7,0,8,0,0,0,0,3,1,6,2,27,6,1386,1,10,6,1,6
201601QK50197,1,11,0,18,0,0,0,0,0,0,0,1,1,1,56,9,8268,2,11,4,1,4
201601QK50198,1,9,0,5,0,1,5,0,0,0,3,1,6,1,29,6,1149,1,13,2,1,2
201601QK50198,2,21,1,18,0,1,0,0,0,0,4,1,1,1,55,8,10800,2,2,5,1,5
201601QK50199,1,9,0,5,0,2,0,0,0,0,3,1,6,1,46,8,1598,2,6,6,1,6
201601QK50199,2,2,0,18,0,2,0,0,0,0,4,1,6,2,25,5,125,1,5,2,1,2
201601QK50200,1,9,0,3,0,0,0,0,0,0,2,1,6,2,47,8,1332,1,23,4,1,4
201601QK50200,2,9,0,18,0,0,0,0,0,0,1,1,6,1,-1,-1,1339,8,7,-1,-1,-1
201601QK50201,1,3,0,18,0,2,0,0,0,0,3,1,6,1,38,7,108,1,4,4,1,4
201601QK50201,2,9,0,13,0,2,0,0,0,0,4,1,6,3,-1,-1,-1,-1,-1,-1,-1,-1
201601QK50202,1,19,0,11,0,1,0,0,0,0,1,1,6,1,41,7,2500,2,10,4,1,4
201601QK50202,2,9,0,11,0,1,0,0,0,0,2,1,6,1,47,8,1956,2,7,6,1,6
201601QK50203,1,3,0,18,0,1,0,0,0,0,1,1,1,1,17,4,124,1,14,7,1,7
201601QK50203,2,9,0,18,0,1,0,0,0,0,2,1,1,1,47,8,1797,8,7,10,1,10
201601QK50204,1,1,0,17,0,0,0,0,0,0,4,1,6,1,37,7,-1,-1,-1,4,1,4
201601QK50204,2,9,0,5,0,0,0,0,0,0,3,1,6,1,-1,-1,1496,2,1,-1,-1,-1
201601QK50205,1,9,0,18,0,8,0,0,0,0,3,1,6,1,-1,-1,2494,1,14,1,1,1
201601QK50206,1,9,0,17,0,8,0,0,0,0,3,1,6,2,42,7,1124,1,12,6,1,6
201601QK50206,2,9,0,17,0,8,0,0,0,0,4,1,6,1,20,4,2231,2,10,-1,-1,-1
201601QK50207,1,11,0,2,0,1,0,0,0,0,2,1,1,1,31,6,4500,2,8,7,1,7
201601QK50207,2,3,0,18,0,1,0,4,0,0,1,1,6,1,19,4,125,1,1,2,1,2
201601QK50224,1,9,0,18,2,8,0,10,1,2,1,1,6,1,46,8,999,1,6,7,1,7
201601QK50226,1,9,0,3,0,1,0,0,0,0,2,1,1,1,-1,-1,-1,-1,-1,-1,-1,-1
201601QK50226,2,9,0,18,0,1,0,0,0,0,1,1,6,2,28,6,2143,2,4,3,1,3
201601QK50227,1,9,0,7,0,8,0,0,0,0,1,1,6,1,25,5,1086,1,10,4,1,4
201601QK50227,2,9,0,18,0,8,0,4,1,0,2,1,6,1,27,6,1797,8,6,1,1,1
201601QK50229,1,11,0,18,0,0,0,0,0,0,0,1,1,1,62,9,5132,2,2,4,1,4
201601QK50230,1,9,0,14,0,1,0,0,0,0,4,1,6,1,59,9,1598,2,6,6,1,6
201601QK50230,2,9,0,3,0,1,0,0,0,0,3,1,6,1,31,6,1997,1,8,4,1,4
201601QK50231,1,11,0,7,0,1,0,0,0,0,0,1,1,1,43,7,4500,2,4,1,1,1
201601QK50232,1,3,0,5,0,1,0,0,0,0,1,1,6,2,40,7,124,1,7,5,1,5
201601QK50232,2,8,0,1,0,2,0,0,0,0,2,1,6,1,-1,-1,1896,2,7,4,1,4
201601QK50233,1,9,0,5,0,8,0,0,0,0,4,1,3,2,35,6,1968,2,10,3,1,3
201601QK50233,2,3,0,18,0,8,0,0,0,0,1,1,6,1,38,7,124,1,3,2,1,2
201601QK50234,1,9,0,7,0,8,0,0,0,0,1,1,6,1,23,5,1198,1,6,5,1,5
201601QK50234,2,9,0,18,0,8,0,4,0,0,1,1,6,1,44,7,1360,1,15,7,1,7
201601QK50235,1,9,0,5,0,0,0,0,0,0,1,1,6,1,51,8,1997,2,6,10,1,10
201601QK50236,1,9,0,18,0,1,0,0,0,0,1,1,6,1,-1,-1,-1,-1,-1,-1,-1,-1
201601QK50236,2,9,0,3,0,1,0,0,0,0,2,1,6,2,40,7,1598,1,12,4,1,4
201601QK50236,3,9,0,8,0,1,0,0,0,0,2,1,6,1,57,9,1598,2,6,2,1,2
201601QK50237,1,3,0,18,0,0,0,0,0,0,4,1,6,1,46,8,125,1,6,4,1,4
201601QK50237,2,9,0,6,0,0,0,0,0,0,3,1,6,1,56,9,1968,2,10,7,1,7
201601QK50238,1,8,0,9,0,8,0,0,0,0,3,1,1,1,41,7,1968,2,9,1,1,1
201601QK50238,2,9,0,18,0,8,0,0,0,0,1,1,6,3,-1,-1,1794,1,15,-1,-1,-1
201601QK50239,1,19,0,7,0,1,0,0,0,0,1,1,6,3,-1,-1,-1,-1,-1,-1,-1,-1
201601QK50240,1,20,0,18,0,0,0,0,0,0,3,1,1,1,47,8,-1,-1,-1,7,1,7
201601QK50241,1,11,0,18,0,8,0,0,0,0,0,1,1,1,37,7,9000,2,9,5,1,5
201601QK50242,1,9,0,18,0,0,0,0,0,0,1,1,1,1,28,6,-1,-1,-1,2,1,2
201601QK50242,2,9,0,4,0,0,0,0,0,0,2,1,3,2,31,6,1968,2,9,4,1,4
201601QK50243,1,3,0,15,0,2,0,0,0,0,3,1,1,1,37,7,124,1,6,9,1,9
201601QK50243,2,8,0,7,0,2,0,0,0,0,4,1,1,1,44,7,1797,8,7,1,1,1
201601QK50244,1,3,0,12,0,8,0,0,0,0,3,1,6,1,31,6,125,1,5,8,1,8
201601QK50244,2,9,0,18,0,8,0,0,0,0,4,1,6,1,-1,-1,1997,1,9,5,1,5
201601QK50245,1,3,0,18,0,0,0,0,0,0,1,1,6,1,35,6,124,1,7,5,1,5
201601QK50245,2,9,0,5,0,0,0,0,1,0,3,1,6,1,55,8,1596,1,12,2,1,2
201601QK50247,1,9,0,10,9,8,0,0,0,0,3,1,3,2,35,6,1997,2,4,6,1,6
201601QK50247,2,1,0,18,9,8,0,0,0,0,1,1,2,1,20,4,-1,-1,-1,1,1,1
201601QK50248,1,9,0,9,0,8,0,0,0,0,3,1,6,2,24,5,-1,-1,-1,6,1,6
201601QK50248,2,3,0,13,0,8,0,0,0,0,4,1,6,1,32,6,125,1,-1,-1,-1,-1
201601QK50250,1,3,0,17,0,0,0,0,0,0,1,1,6,1,25,5,108,1,3,2,1,2
201601QK50250,2,9,0,16,0,0,0,0,0,0,1,1,6,1,59,9,1560,2,3,2,1,2
201601QK50251,1,9,0,14,0,1,0,0,0,0,4,1,6,1,28,6,1398,1,13,3,1,3
201601QK50252,1,9,0,18,0,1,0,4,0,0,3,1,6,2,31,6,1598,1,5,3,1,3
201601QK50252,2,9,0,7,0,1,0,0,0,0,3,1,6,2,38,7,1798,1,11,1,1,1
201601QK50252,3,9,0,2,0,1,0,0,0,0,4,1,6,1,-1,-1,1896,2,11,-1,-1,-1
201601QK50252,4,9,0,2,0,1,0,0,0,0,4,1,6,3,-1,-1,2494,1,18,-1,-1,-1
201601QK50253,1,3,0,18,0,0,0,0,0,0,1,1,1,1,46,8,124,1,9,7,1,7
201601QK50253,2,9,0,6,0,0,0,0,0,0,1,1,1,1,33,6,1396,1,4,4,1,4
201601QK50254,1,9,0,18,0,0,0,10,1,10,1,1,6,1,22,5,1995,2,11,3,1,3
201601QK50255,1,9,0,11,0,0,0,0,0,0,4,1,6,1,37,7,1798,8,1,3,1,3
201601QK50255,2,9,0,18,0,0,0,0,0,0,3,1,6,1,46,8,1398,1,14,7,1,7
201601QK50256,1,9,0,5,9,2,0,0,0,0,1,1,6,3,-1,-1,-1,-1,-1,-1,-1,-1
201601QK50257,1,9,0,9,0,8,0,0,0,0,3,1,6,1,45,7,2231,2,11,5,1,5
201601QK50257,2,3,0,13,0,8,0,0,0,0,4,1,6,2,34,6,125,1,3,7,1,7
201601QK50258,1,3,0,13,0,8,0,0,0,0,1,1,6,1,-1,-1,124,1,-1,3,1,3
201601QK50258,2,9,0,9,0,8,0,0,0,0,3,1,6,1,37,7,1390,1,10,6,1,6
201601QK50259,1,9,0,9,0,8,0,0,0,0,3,1,6,1,57,9,1461,2,13,6,1,6
201601QK50259,2,2,0,18,0,8,0,0,0,0,1,1,6,1,31,6,125,1,5,6,1,6
201601QK50261,1,9,0,18,0,1,0,0,0,0,1,1,6,1,35,6,1197,1,2,-1,1,-1
201601QK50262,1,3,0,14,0,0,0,0,0,0,1,1,6,1,55,8,582,1,12,7,1,7
201601QK50263,1,9,0,9,0,8,0,0,0,0,1,1,6,1,50,8,1560,2,4,2,1,2
201601QK50263,2,9,0,18,0,8,0,0,0,0,3,1,6,2,28,6,1499,1,1,5,1,5
201601QK50264,1,9,0,7,0,8,0,0,0,0,4,1,6,2,53,8,1598,1,8,1,1,1
201601QK50264,2,11,0,18,0,8,0,0,0,0,1,1,1,2,30,6,4500,2,5,4,1,4
201601QK50265,1,3,0,18,0,8,1,0,0,0,1,1,6,1,25,5,125,1,4,5,1,5
201601QK50265,2,9,0,9,0,8,0,0,0,0,3,1,6,1,64,9,1086,1,7,2,1,2
201601QK50266,1,9,0,9,0,8,0,0,0,0,4,1,6,1,61,9,1997,2,10,4,1,4
201601QK50266,2,3,0,18,0,8,0,0,0,0,1,1,6,1,24,5,-1,-1,-1,2,1,2
201601QK50267,1,9,0,9,0,8,0,0,0,0,3,1,6,1,54,8,2497,2,19,5,1,5
201601QK50267,2,3,0,13,0,8,0,0,0,0,4,1,6,1,25,5,-1,-1,-1,5,1,5
201601QK50268,1,9,0,9,0,8,0,0,0,0,3,1,6,2,46,8,2993,2,6,5,1,5
201601QK50268,2,5,0,13,0,8,0,0,0,0,1,1,6,1,31,6,689,1,2,5,1,5
201601QK50269,1,9,0,9,0,2,0,0,0,0,1,1,6,1,36,7,1497,8,1,6,1,6
201601QK50270,1,5,0,18,0,0,0,0,0,0,1,1,6,1,34,6,-1,-1,-1,3,1,3
201601QK50270,2,9,0,18,0,0,0,0,0,0,2,1,6,1,24,5,-1,-1,-1,6,1,6
201601QK50272,1,9,0,2,9,1,0,0,0,0,3,1,6,1,60,9,1799,1,20,3,1,3
201601QK50273,1,9,0,18,0,0,0,0,0,0,4,1,6,1,45,7,-1,-1,-1,5,1,5
201601QK50275,1,9,0,18,0,8,0,0,0,0,4,1,6,1,46,8,1560,2,4,5,1,5
201601QK50275,2,11,0,7,0,8,0,0,0,0,1,1,1,1,46,8,4500,2,6,1,1,1
201601QK50277,1,9,0,17,0,2,0,0,0,0,2,1,6,2,27,6,1956,2,6,5,1,5
201601QK50277,2,9,0,17,0,2,0,0,0,0,1,1,6,3,-1,-1,-1,-1,-1,-1,-1,-1
201601QK50278,1,9,0,18,0,2,0,0,0,0,1,1,6,2,51,8,1598,1,6,4,1,4
201601QK50279,1,11,0,18,0,1,0,0,0,0,0,1,1,1,59,9,4461,2,3,6,1,6
201601QK50280,1,3,0,18,0,8,0,10,0,0,4,1,6,1,41,7,-1,-1,-1,1,1,1
201601QK50282,1,1,0,18,0,0,0,0,0,0,4,1,6,1,18,4,-1,-1,-1,3,1,3
201601QK50282,2,9,0,5,0,0,0,0,0,0,3,1,6,1,-1,-1,1596,1,1,-1,-1,-1
201601QK50284,1,19,0,18,0,0,0,0,0,0,4,1,1,1,24,5,2198,2,1,5,1,5
201601QK50285,1,11,0,18,0,1,0,0,0,0,0,1,1,1,61,9,7300,2,12,3,1,3
201601QK50286,1,19,0,18,0,8,0,0,0,0,4,1,6,1,53,8,2402,2,7,3,1,3
201601QK50286,2,9,0,18,0,8,0,0,0,0,1,1,6,3,-1,-1,1461,2,-1,-1,-1,-1
201601QK50288,1,9,0,18,0,8,0,0,0,0,4,1,3,2,40,7,-1,-1,-1,4,1,4
201601QK50288,2,9,0,18,0,8,0,0,0,0,1,1,6,1,39,7,2967,2,6,4,1,4
201601QK50289,1,1,0,9,0,8,0,0,0,0,2,1,6,1,20,4,-1,-1,-1,3,1,3
201601QK50289,2,9,0,9,0,8,0,0,0,0,1,1,6,3,-1,-1,-1,-1,-1,-1,-1,-1
201601QK50290,1,9,0,3,0,0,0,0,0,0,2,1,6,2,38,7,1910,2,6,4,2,4
201601QK50290,2,9,0,4,0,0,0,0,0,0,1,1,6,1,35,6,1896,2,13,4,1,4
201601QK50291,1,9,0,15,2,1,0,0,0,0,1,1,6,1,24,5,-1,-1,-1,5,1,5
201601QK50291,2,9,0,9,0,1,0,0,0,0,4,1,6,2,45,7,1598,1,9,4,1,4
201601QK50292,1,9,0,18,0,0,0,0,0,0,1,1,6,1,21,5,1248,1,7,2,1,2
201601QK50293,1,90,0,18,0,0,0,0,0,0,2,1,1,1,-1,-1,-1,-1,-1,-1,-1,-1
201601QK50293,2,9,0,18,0,0,0,0,0,0,1,1,6,2,25,5,1388,1,4,1,1,1
201601QK50294,1,9,0,9,0,8,0,0,0,0,1,1,6,1,58,9,998,1,14,2,1,2
201601QK50295,1,3,0,18,0,1,0,0,0,0,2,1,6,1,24,5,113,1,-1,-1,-1,-1
201601QK50295,2,9,0,18,0,1,0,0,0,0,1,1,6,3,-1,-1,-1,-1,-1,-1,-1,-1
201601QK50296,1,9,0,5,0,0,0,0,0,0,1,1,6,1,20,4,1242,1,4,4,1,4
201601QK50296,2,5,0,18,0,0,0,0,0,0,1,1,6,1,31,6,750,1,10,6,1,6
201601QK50297,1,9,0,18,0,8,0,0,0,0,4,1,6,2,51,8,1598,1,9,6,1,6
201601QK50297,2,9,0,9,0,8,0,0,0,0,1,1,6,1,-1,-1,-1,-1,-1,-1,-1,-1
201601QK50299,1,9,0,18,0,1,5,10,1,2,1,1,6,1,42,7,1896,2,12,5,1,5
201601QK50300,1,5,0,18,0,1,0,0,0,0,3,1,6,1,65,9,989,1,29,7,1,7
201601QK50301,1,9,0,9,0,1,0,0,0,0,4,1,6,1,46,8,1896,2,11,5,1,5
201601QK50301,2,3,0,18,0,1,0,0,0,0,1,1,6,1,23,5,-1,-1,-1,7,1,7
201601QK50302,1,9,0,10,0,1,0,0,0,0,3,1,6,1,46,8,1956,2,3,5,1,5
201601QK50302,2,1,0,18,0,1,0,0,0,0,1,1,6,1,45,7,-1,-1,-1,-1,-1,-1
201601QK50305,1,9,0,6,0,0,0,0,0,0,3,1,6,1,62,9,2199,2,3,9,1,9
201601QK50305,2,3,0,18,0,0,0,0,0,0,1,1,6,1,30,6,125,1,2,3,1,3
201601QK50306,1,9,0,18,0,2,0,0,0,0,1,1,6,1,61,9,1998,1,14,-1,-1,-1
201601QK50306,2,9,0,3,0,2,0,0,0,0,2,1,6,1,30,6,1798,8,1,1,1,1
201601QK50306,3,9,0,3,0,2,0,0,0,0,2,1,6,1,23,5,1229,1,4,4,1,4
201601QK50306,4,9,0,3,0,2,0,0,0,0,2,1,6,1,33,6,1199,1,14,2,1,2
201601QK50307,1,4,0,18,0,0,0,4,0,0,1,1,6,1,28,6,-1,-1,-1,1,1,1
201601QK50310,1,19,0,7,0,8,0,0,0,0,4,1,6,1,32,6,2402,2,12,4,1,4
201601QK50310,2,3,0,18,0,8,0,0,0,0,1,1,6,1,29,6,599,1,3,6,1,6
201601QK50311,1,11,0,5,0,8,0,0,0,0,0,1,1,1,42,7,6700,2,8,4,1,4
201601QK50312,1,9,0,4,0,1,0,0,0,0,2,1,2,2,-1,-1,1995,2,1,2,1,2
201601QK50312,2,19,0,18,0,1,0,0,0,0,1,1,1,1,53,8,2464,2,8,7,1,7
201601QK50314,1,3,0,18,0,0,1,0,0,0,4,1,6,1,19,4,108,1,6,3,1,3
201601QK50315,1,5,0,18,0,8,0,0,0,0,1,1,6,1,19,4,-1,-1,-1,5,1,5
201601QK50315,2,9,0,6,0,8,0,0,0,0,1,1,6,1,49,8,2143,2,3,8,1,8
201601QK50316,1,1,0,18,0,8,0,0,0,0,4,1,6,1,44,7,-1,-1,-1,4,1,4
201601QK50316,2,9,0,5,0,8,0,0,0,0,1,1,6,1,37,7,1995,2,15,5,1,5
201601QK50317,1,1,0,12,0,1,0,0,0,0,2,1,6,1,48,8,-1,-1,-1,6,1,6
201601QK50317,2,9,0,18,0,1,0,0,0,0,1,1,6,3,-1,-1,-1,-1,-1,-1,-1,-1
201601QK50320,1,1,0,18,0,8,0,0,0,0,1,1,6,1,25,5,-1,-1,-1,4,1,4
201601QK50320,2,9,0,9,0,8,0,0,0,0,3,1,6,1,-1,-1,1596,1,9,-1,-1,-1
201601QK50322,1,9,0,8,0,1,0,0,0,0,2,1,6,2,30,6,1596,1,9,7,1,7
201601QK50322,2,9,0,7,0,1,0,0,0,0,1,1,6,2,24,5,1390,1,13,7,1,7
201601QK50324,1,9,0,9,0,8,0,0,0,0,4,1,6,1,53,8,1590,1,14,3,1,3
201601QK50324,2,3,0,18,0,8,0,0,0,0,1,1,2,1,42,7,125,1,2,4,1,4
201601QK50325,1,9,0,18,0,8,0,0,0,0,3,1,6,1,26,6,1956,2,1,5,1,5
201601QK50325,2,9,0,9,0,8,0,0,0,0,1,1,6,1,-1,-1,-1,-1,-1,-1,-1,-1
201601QK50326,1,9,0,18,0,8,0,0,0,0,2,1,6,2,21,5,1364,2,1,-1,-1,-1
201601QK50326,2,9,0,18,0,8,0,0,0,0,1,1,6,1,-1,-1,2000,1,12,-1,-1,-1
201601QK50327,1,3,0,18,0,8,0,0,0,0,3,1,6,1,21,5,108,1,4,1,1,1
201601QK50327,2,9,0,9,0,8,0,0,0,0,0,1,6,3,-1,-1,-1,-1,-1,-1,-1,-1
201601QK50331,1,9,0,18,0,0,0,0,0,0,1,1,6,1,25,5,1390,1,15,4,1,4
201601QK50331,2,9,0,18,0,0,0,0,0,0,2,1,6,2,48,8,998,1,16,3,1,3
201601QK50331,3,9,0,18,0,0,0,0,0,0,2,1,6,1,42,7,1598,1,7,10,1,10
201601QK50332,1,9,0,1,0,0,0,0,0,0,2,1,6,1,24,5,1242,1,9,4,1,4
201601QK50332,2,9,0,18,0,0,0,0,0,0,1,1,6,1,-1,-1,1999,1,15,-1,-1,-1
201601QK50333,1,9,0,10,0,1,0,0,0,0,2,1,6,1,36,7,1596,1,7,7,1,7
201601QK50333,2,9,0,9,0,1,0,0,0,0,1,1,6,2,39,7,1995,2,8,5,1,5
201601QK50333,3,9,0,18,0,8,0,0,0,0,3,1,6,1,44,7,1968,2,8,3,1,3
201601QK50334,1,9,0,10,0,1,0,0,0,0,2,1,6,1,33,6,-1,-1,-1,6,1,6
201601QK50334,2,9,0,18,0,1,0,0,0,0,1,1,6,1,-1,-1,-1,-1,-1,-1,-1,-1
201601QK50335,1,3,0,5,0,2,0,0,0,0,1,1,6,1,19,4,125,1,1,3,1,3
201601QK50335,2,9,0,18,0,1,0,0,0,0,1,1,6,1,23,5,1242,1,11,2,1,2
201601QK50336,1,9,0,8,0,1,0,0,0,0,2,1,6,2,45,7,1397,1,13,4,1,4
201601QK50336,2,9,0,4,0,1,0,0,0,0,1,1,6,3,-1,-1,1988,1,13,-1,-1,-1
201601QK50337,1,1,0,18,0,0,0,0,0,0,1,1,6,1,54,8,-1,-1,-1,10,1,10
201601QK50338,1,3,0,18,0,2,0,0,0,0,1,1,6,1,20,4,-1,-1,-1,6,1,6
201601QK50338,2,9,0,18,0,2,0,0,0,0,2,1,6,3,-1,-1,-1,-1,-1,-1,-1,-1
201601QK50339,1,9,0,10,0,8,0,0,0,0,2,1,6,1,30,6,1461,2,12,3,1,3
201601QK50339,2,19,0,18,0,8,0,0,0,0,1,1,6,1,-1,-1,2198,2,5,-1,-1,-1
201601QK50340,1,3,0,13,0,8,0,10,7,0,4,1,6,1,29,6,125,1,6,-1,-1,-1
201601QK50340,2,19,0,9,0,8,0,0,0,0,3,1,6,1,-1,-1,-1,-1,-1,-1,-1,-1
201601QK50341,1,19,0,18,0,1,0,0,0,0,1,1,1,1,35,6,2998,2,10,5,1,5
201601QK50341,2,9,0,4,0,1,0,0,0,0,2,1,1,1,-1,-1,-1,-1,-1,-1,-1,-1
201601QK50341,3,9,0,4,0,1,0,0,0,0,2,1,6,2,65,9,1390,1,4,7,1,7
201601QK50343,1,9,0,18,0,8,0,10,7,4,1,1,6,2,51,8,1597,1,14,3,1,3
201601QK50343,2,9,0,9,0,8,0,0,0,0,0,1,6,2,41,7,2979,1,13,6,1,6
201601QK50344,1,8,0,18,0,0,0,4,0,0,1,1,1,1,25,5,1242,1,5,3,1,3
201601QK50344,2,9,0,2,0,0,0,0,0,0,2,1,6,1,50,8,2987,2,5,7,1,7
201601QK50345,1,5,0,14,0,1,0,0,0,0,3,1,6,1,36,7,-1,-1,-1,3,1,3
201601QK50345,2,19,0,3,0,2,0,0,0,0,3,1,6,1,57,9,-1,-1,-1,9,1,9
201601QK50345,3,19,0,3,0,2,0,0,0,0,3,1,6,1,37,7,2402,2,13,4,1,4
201601QK50346,1,9,0,18,0,2,0,0,0,0,1,1,6,1,62,9,2143,2,3,5,1,5
201601QK50348,1,1,0,14,0,8,0,0,0,0,1,1,6,1,53,8,-1,-1,-1,-1,-1,-1
201601QK50348,2,9,0,10,0,8,0,0,0,0,1,1,6,1,34,6,2494,2,1,5,1,5
201601QK50349,1,9,0,17,0,8,0,4,0,0,1,1,6,1,29,6,1797,8,6,3,1,3
201601QK50349,2,9,0,18,0,8,0,10,1,0,2,1,6,1,27,6,1798,8,1,3,1,3
201601QK50350,1,11,0,2,0,0,0,0,0,0,0,1,1,1,-1,-1,-1,-1,-1,-1,-1,-1
201601QK50351,1,9,0,4,0,0,1,0,7,10,1,1,2,1,24,5,1229,1,4,3,1,3
201601QK50352,1,3,0,18,0,2,0,0,0,0,4,1,6,1,25,5,125,1,12,4,1,4
201601QK50355,1,9,0,3,0,0,0,0,0,0,2,1,6,2,40,7,1229,1,2,1,1,1
201601QK50355,2,9,0,18,0,0,0,0,0,0,1,1,6,2,-1,-1,1753,2,10,10,1,10
201601QK50356,1,9,0,18,0,8,0,0,0,0,4,1,6,1,28,6,1995,2,5,6,1,6
201601QK50356,2,9,0,9,0,8,0,0,0,0,1,1,6,1,62,9,1968,2,7,7,1,7
201601QK50357,1,9,0,18,0,2,0,0,0,0,1,1,6,1,-1,-1,-1,-1,-1,-1,-1,-1
201601QK50358,1,9,0,18,0,0,0,10,1,0,1,1,6,2,30,6,2995,1,13,6,1,6
201601QK50360,1,9,0,11,0,0,0,0,0,0,4,1,6,3,-1,-1,1995,2,6,-1,-1,-1
201601QK50360,2,9,0,18,0,0,0,0,0,0,3,1,6,1,21,5,998,1,16,1,1,1
201601QK50361,1,8,0,18,0,8,0,0,0,0,4,1,1,1,53,8,1329,1,7,3,1,3
201601QK50362,1,9,0,9,0,8,0,0,0,0,1,1,6,2,44,7,1587,1,10,2,1,2
201601QK50362,2,2,0,18,0,8,0,0,0,0,4,1,6,1,24,5,125,1,2,3,1,3
201601QK50363,1,9,0,5,0,0,0,0,0,0,1,1,3,2,44,7,-1,-1,-1,4,1,4
201601QK50363,2,9,0,18,0,0,0,0,0,0,1,1,6,2,30,6,1397,1,7,4,1,4
201601QK50365,1,9,0,9,0,8,0,0,0,0,1,1,6,1,55,8,1796,1,13,7,1,7
201601QK50365,2,1,0,18,0,8,0,0,0,0,3,1,6,1,48,8,-1,-1,-1,3,1,3
201601QK50366,1,11,0,2,0,0,0,0,0,0,0,1,1,1,-1,-1,-1,-1,-1,-1,-1,-1
201601QK50367,1,9,0,16,0,2,0,0,0,0,1,1,6,2,24,5,1198,1,1,6,2,6
201601QK50368,1,9,0,18,0,8,0,10,1,10,1,1,6,1,63,9,2438,1,18,7,1,7
201601QK50368,2,9,0,18,0,8,0,0,0,0,1,1,6,2,37,7,1591,1,1,4,1,4
201601QK50369,1,9,0,3,0,0,0,0,0,0,2,1,6,1,29,6,1997,2,7,6,1,6
201601QK50369,2,9,0,5,0,0,0,0,0,0,1,1,6,2,30,6,1400,1,10,6,1,6
201601QK50370,1,19,0,4,2,0,0,0,0,0,1,1,6,1,53,8,2198,2,5,6,1,6
201601QK50370,2,1,0,18,2,0,0,0,0,0,1,1,6,1,41,7,-1,-1,-1,8,1,8
201601QK50372,1,9,0,18,0,8,0,0,0,0,1,1,6,1,21,5,1400,1,16,9,1,9
201601QK50372,2,9,0,9,0,8,0,0,0,0,1,1,6,1,33,6,-1,-1,-1,4,1,4
201601QK50373,1,9,0,3,0,1,0,0,0,0,2,1,6,1,63,9,1493,1,16,5,1,5
201601QK50373,2,3,0,16,0,1,0,0,0,0,1,1,6,1,45,7,125,1,2,4,1,4
201601QK50374,1,19,0,18,0,0,0,0,0,0,1,1,6,1,-1,-1,-1,-1,-1,-1,-1,-1
201601QK50375,1,3,0,18,0,1,0,0,0,0,1,1,1,1,38,7,124,1,9,3,1,3
201601QK50375,2,19,0,5,0,1,0,0,0,0,3,1,1,2,24,5,-1,-1,-1,-1,-1,-1
201601QK50377,1,9,0,9,0,8,0,0,0,0,4,1,6,2,61,9,1390,1,10,2,1,2
201601QK50377,2,1,0,18,0,8,0,0,0,0,3,1,6,2,30,6,-1,-1,-1,6,1,6
201601QK50378,1,1,0,9,0,8,0,0,0,0,3,1,6,1,10,2,-1,-1,-1,2,1,2
201601QK50378,2,9,0,18,0,8,0,0,0,0,1,1,6,1,36,7,1797,8,5,1,1,1
201601QK50379,1,9,0,18,0,0,0,0,0,0,2,1,6,1,25,5,1498,1,10,7,1,7
201601QK50379,2,9,0,18,0,0,0,0,0,0,1,1,6,1,61,9,1896,2,13,5,1,5
201601QK50380,1,8,0,9,0,8,0,0,0,0,3,1,6,1,32,6,1798,8,1,3,1,3
201601QK50380,2,19,0,13,0,8,0,0,0,0,1,1,6,1,35,6,2488,2,8,3,1,3