Accident_Index,Vehicle_Reference,Vehicle_Type,Towing_and_Articulation,Vehicle_Manoeuvre,Vehicle_Location-Restricted_Lane,Junction_Location,Skidding_and_Overturning,Hit_Object_in_Carriageway,Vehicle_Leaving_Carriageway,Hit_Object_off_Carriageway,1st_Point_of_Impact,Was_Vehicle_Left_Hand_Drive?,Journey_Purpose_of_Driver,Sex_of_Driver,Age_of_Driver,Age_Band_of_Driver,Engine_Capacity_(CC),Propulsion_Code,Age_of_Vehicle,Driver_IMD_Decile,Driver_Home_Area_Type,Vehicle_IMD_Decile
201601QK50382,1,9,0,16,0,2,0,0,0,0,2,1,6,1,50,8,-1,-1,-1,4,1,4
201601QK50382,2,9,0,16,0,2,0,0,0,0,1,2,6,1,26,6,-1,-1,-1,-1,-1,-1
201601QK50384,1,9,0,18,0,8,0,0,0,0,3,1,6,1,38,7,1339,8,6,4,1,4
201601QK50384,2,9,0,1,0,8,0,0,0,0,2,1,6,3,-1,-1,1598,1,7,-1,-1,-1
201601QK50385,1,9,0,10,0,1,0,0,0,0,2,1,6,1,22,5,1248,2,9,3,1,3
201601QK50385,2,9,0,18,0,1,0,0,0,0,1,1,6,1,20,4,1364,1,9,1,1,1
201601QK50387,1,1,0,18,0,0,0,8,0,0,1,1,6,1,33,6,-1,-1,-1,3,1,3
201601QK50387,2,9,0,2,0,0,0,0,0,0,3,1,6,2,31,6,1198,1,10,-1,-1,-1
201601QK50388,1,9,0,3,0,0,0,0,0,0,2,1,6,1,35,6,1598,2,2,5,1,5
201601QK50388,2,9,0,18,0,0,0,0,0,0,1,1,6,1,-1,-1,2199,2,-1,-1,-1,-1
201601QK50389,1,9,0,3,0,1,0,0,0,0,2,1,6,2,43,7,1339,1,5,3,1,3
201601QK50389,2,9,0,18,0,1,0,0,0,0,1,1,6,1,-1,-1,1198,1,11,-1,-1,-1
201601QK50390,1,9,0,9,0,8,0,0,0,0,4,1,6,1,43,7,1984,1,10,7,1,7
201601QK50390,2,1,0,18,0,8,0,0,0,0,1,1,6,1,-1,-1,-1,-1,-1,-1,-1,-1
201601QK50392,1,9,0,14,0,1,0,0,0,0,1,1,6,1,27,6,1781,1,16,4,1,4
201601QK50393,1,9,0,3,0,1,0,0,0,0,2,1,6,1,35,6,1497,8,8,9,1,9
201601QK50393,2,9,0,18,0,1,0,0,0,0,1,1,6,1,-1,-1,1600,1,18,-1,-1,-1
201601QK50394,1,9,0,18,0,2,0,0,0,0,1,1,6,1,37,7,1396,1,8,3,1,3
201601QK50395,1,9,0,18,0,0,0,0,0,0,1,1,6,1,52,8,1896,2,10,1,1,1
201601QK50396,1,9,0,1,0,1,0,0,0,0,2,1,6,1,60,9,1968,2,2,7,1,7
201601QK50396,2,3,0,5,0,1,0,0,0,0,1,1,6,1,20,4,124,1,4,4,1,4
201601QK50398,1,1,0,18,0,2,0,0,0,0,3,1,6,1,48,8,-1,-1,-1,9,1,9
201601QK50398,2,9,0,11,0,2,0,0,0,0,4,1,6,1,-1,-1,1598,1,10,-1,-1,-1
201601QK50399,1,5,0,18,0,8,0,0,0,0,3,1,6,1,42,7,-1,-1,-1,6,1,6
201601QK50399,2,9,0,9,0,8,0,0,0,0,0,1,6,2,56,9,1339,1,2,8,1,8
201601QK50401,1,9,0,9,0,8,0,0,0,0,4,1,6,2,29,6,1598,2,1,9,1,9
201601QK50401,2,9,0,18,0,8,0,0,0,0,3,1,6,2,35,6,1994,2,13,2,1,2
201601QK50402,1,9,0,3,0,1,0,0,0,0,2,1,6,1,21,5,1995,1,14,3,1,3
201601QK50402,2,9,0,18,0,1,0,0,0,0,1,1,6,2,-1,-1,1198,1,10,-1,-1,-1
201601QK50404,1,19,0,9,0,8,0,0,0,0,3,1,6,1,54,8,1560,2,1,7,1,7
201601QK50404,2,3,0,13,0,8,0,0,0,0,4,1,6,1,37,7,-1,-1,-1,6,1,6
201601QK50405,1,9,0,18,0,1,0,0,0,0,1,1,6,2,-1,-1,1388,1,6,-1,-1,-1
201601QK50406,1,9,0,18,0,0,0,10,1,0,3,1,6,2,24,5,1596,1,11,6,1,6
201601QK50406,2,9,0,11,0,0,0,0,0,0,4,1,6,1,-1,-1,-1,-1,-1,-1,-1,-1
201601QK50407,1,9,0,9,0,8,0,0,0,0,1,1,6,2,59,9,1998,1,17,8,1,8
201601QK50407,2,1,0,15,0,8,0,0,0,0,3,1,6,1,32,6,-1,-1,-1,3,1,3
201601QK50408,1,1,0,18,0,0,0,0,0,0,1,1,6,1,28,6,-1,-1,-1,2,1,2
201601QK50408,2,9,0,18,0,0,0,0,0,0,1,1,6,3,-1,-1,-1,-1,-1,-1,-1,-1
201601QK50409,1,9,0,9,0,8,0,0,0,0,4,1,6,2,35,6,1596,1,11,3,1,3
201601QK50409,2,9,0,18,0,8,0,0,0,0,1,1,6,1,43,7,1896,2,11,1,1,1
201601QK50410,1,9,0,16,0,8,0,10,1,10,3,1,6,1,28,6,-1,-1,-1,2,1,2
201601QK50410,2,9,0,16,0,8,0,0,0,0,1,1,6,3,-1,-1,-1,-1,-1,-1,-1,-1
201601QK50411,1,3,0,14,0,0,0,0,0,0,1,1,6,1,21,5,124,1,8,6,1,6
201601QK50412,1,19,0,5,0,0,0,0,0,0,3,1,6,1,35,6,-1,-1,-1,4,1,4
201601QK50412,2,9,0,18,0,0,0,0,0,0,4,1,6,2,24,5,1984,1,5,2,1,2
201601QK50414,1,9,0,18,0,0,0,0,0,0,4,1,6,1,28,6,1900,2,16,5,1,5
201601QK50415,1,5,0,5,0,8,0,0,0,0,1,1,6,1,58,9,647,1,13,2,1,2
201601QK50415,2,9,0,9,0,8,0,0,0,0,4,1,6,2,49,8,998,1,4,3,1,3
201601QK50416,1,9,0,5,0,1,0,4,0,0,1,1,6,1,52,8,1797,8,5,1,1,1
201601QK50417,1,9,0,9,0,2,0,10,1,10,1,1,6,3,-1,-1,1299,1,11,-1,-1,-1
201601QK50418,1,9,0,18,0,0,0,4,0,0,1,1,6,2,36,7,1997,1,4,3,1,3
201601QK50419,1,9,0,3,0,0,0,0,0,0,2,1,6,2,29,6,1197,1,2,3,1,3
201601QK50419,2,9,0,18,0,0,0,0,0,0,1,1,6,2,-1,-1,1896,2,14,-1,-1,-1
201601QK50420,1,9,0,18,0,0,0,0,0,0,4,1,6,2,46,8,3498,1,9,9,1,9
201601QK50422,1,8,0,18,0,8,0,0,0,0,3,1,1,1,44,7,1598,2,-1,1,1,1
201601QK50422,2,9,0,18,0,8,0,0,0,0,1,1,1,1,34,6,1497,8,9,2,1,2
201601QK50423,1,9,0,18,0,2,0,0,0,0,1,1,6,1,74,10,1598,1,9,2,1,2
201601QK50424,1,9,0,18,0,0,0,0,0,0,2,1,6,1,37,7,2231,2,7,-1,1,-1
201601QK50424,2,9,0,18,0,0,0,0,0,0,2,1,1,1,37,7,2143,2,2,3,1,3
201601QK50424,3,9,0,12,0,0,0,0,0,0,1,1,1,1,48,8,1985,1,12,4,1,4
201601QK50425,1,3,0,18,0,1,0,0,0,0,1,1,6,1,28,6,-1,-1,-1,8,1,8
201601QK50425,2,9,0,5,0,1,0,0,0,0,3,1,6,2,-1,-1,1896,2,8,-1,-1,-1
201601QK50426,1,9,0,18,0,8,0,0,0,0,2,1,6,1,28,6,1997,2,5,5,1,5
201601QK50426,2,9,0,18,0,8,0,0,0,0,1,1,6,3,-1,-1,-1,-1,-1,-1,-1,-1
201601QK50427,1,1,0,18,0,8,0,0,0,0,3,1,6,1,40,7,-1,-1,-1,6,1,6
201601QK50427,2,9,0,9,0,8,0,0,0,0,1,1,6,2,-1,-1,998,1,5,5,1,5
201601QK50428,1,9,0,18,0,2,0,0,0,0,1,1,6,1,25,5,1968,2,4,2,1,2
201601QK50428,2,9,0,4,0,2,0,0,0,0,2,1,1,1,47,8,1896,2,10,8,1,8
201601QK50428,3,9,0,4,0,2,0,0,0,0,2,1,1,1,49,8,1798,8,4,2,1,2
201601QK50430,1,3,0,14,0,0,0,0,0,0,3,1,6,1,18,4,124,1,3,4,1,4
201601QK50431,1,9,0,5,0,1,0,0,0,0,3,1,6,1,19,4,1364,1,7,3,1,3
201601QK50431,2,8,0,18,0,1,0,0,0,0,1,1,1,1,29,6,1798,8,1,5,1,5
201601QK50432,1,3,0,15,0,8,0,0,0,0,1,1,6,1,26,6,124,1,11,5,1,5
201601QK50432,2,9,0,9,0,8,0,0,0,0,4,1,6,1,40,7,2979,1,14,2,1,2
201601QK50433,1,11,0,18,0,1,0,0,0,0,0,1,1,1,36,7,9360,2,6,3,1,3
201601QK50435,1,9,0,16,0,0,0,4,0,0,1,1,6,1,-1,-1,-1,-1,-1,-1,-1,-1
201601QK50435,2,19,0,17,0,0,0,0,0,0,1,1,1,1,53,8,1996,2,4,7,1,7
201601QK50435,3,9,0,2,0,0,0,0,0,0,4,1,6,1,-1,-1,-1,-1,-1,-1,-1,-1
201601QK50436,1,11,0,18,2,1,0,0,0,0,0,1,1,2,45,7,9360,2,6,3,1,3
201601QK50437,1,9,0,9,0,8,0,0,0,0,1,1,6,2,39,7,1497,1,11,3,1,3
201601QK50437,2,3,0,14,0,8,0,0,0,0,4,1,6,1,17,4,125,1,4,5,1,5
201601QK50438,1,9,0,18,0,0,0,0,0,0,1,1,6,3,-1,-1,-1,-1,-1,-1,-1,-1
201601QK50439,1,9,0,18,0,1,0,0,4,2,1,1,6,1,67,10,-1,-1,-1,4,1,4
201601QK50440,1,21,0,5,0,1,0,0,0,0,4,1,1,1,48,8,12777,2,8,-1,-1,-1
201601QK50440,2,9,0,5,0,1,0,0,0,0,1,1,6,1,-1,-1,1895,1,16,3,1,3
201601QK50441,1,9,0,18,0,0,0,0,0,0,1,1,6,2,61,9,2987,2,1,10,1,10
201601QK50442,1,5,0,18,0,0,0,0,0,0,4,1,2,1,31,6,749,1,1,6,1,6
201601QK50442,2,19,0,12,0,0,0,0,0,0,3,1,6,1,37,7,2402,2,4,-1,-1,-1
201601QK50443,1,9,0,7,0,8,0,10,3,10,1,1,6,1,67,10,1796,1,17,7,1,7
201601QK50444,1,9,0,6,0,8,0,0,0,0,3,1,6,1,28,6,-1,-1,-1,5,2,5
201601QK50444,2,9,0,18,0,8,0,0,0,0,1,1,6,1,42,7,2143,2,4,9,1,9
201601QK50445,1,9,0,9,0,8,0,0,0,0,3,1,6,1,24,5,1797,8,4,1,1,1
201601QK50447,1,9,0,18,0,8,0,10,1,0,3,1,6,2,28,6,1968,1,12,5,1,5
201601QK50447,2,9,0,5,0,8,0,0,0,0,1,1,6,1,26,6,1240,1,10,4,1,4
201601QK50448,1,1,0,18,0,0,0,0,0,0,1,1,6,2,37,7,-1,-1,-1,4,1,4
201601QK50449,1,9,0,17,0,2,0,10,7,4,1,1,6,1,-1,-1,2143,2,2,-1,-1,-1
201601QK50450,1,8,0,5,0,2,0,0,0,0,0,1,1,1,-1,-1,-1,-1,-1,-1,-1,-1
201601QK50451,1,9,0,5,0,0,0,0,0,0,3,1,6,1,-1,-1,1364,1,11,-1,-1,-1
201601QK50452,1,8,0,18,0,2,0,0,0,0,1,1,6,1,36,7,1995,2,5,6,1,6
201601QK50452,2,9,0,3,0,2,0,0,0,0,2,1,6,1,44,7,1590,1,20,3,1,3
201601QK50452,3,20,0,3,0,2,0,0,0,0,2,1,6,3,-1,-1,-1,-1,-1,-1,-1,-1
201601QK50453,1,9,0,18,0,8,0,10,3,10,1,1,6,1,25,5,1390,1,13,4,1,4
201601QK50454,1,9,0,18,0,2,0,0,0,0,1,1,6,1,24,5,1900,2,12,4,1,4
201601QK50455,1,9,0,5,0,0,0,0,0,0,2,1,6,1,32,6,1360,1,13,5,1,5
201601QK50455,2,9,0,18,0,0,0,0,0,0,1,1,6,1,22,5,1248,2,6,1,1,1
201601QK50456,1,9,0,3,0,0,0,0,0,0,2,1,6,1,24,5,1242,1,10,3,1,3
201601QK50456,2,9,0,5,0,0,0,0,0,0,1,1,6,1,35,6,1587,1,13,-1,-1,-1
201601QK50457,1,19,0,2,0,2,0,0,0,0,2,1,6,1,37,7,2300,2,11,2,1,2
201601QK50457,2,9,0,1,0,2,0,4,0,0,2,1,6,2,40,7,1197,1,1,-1,-1,-1
201601QK50459,1,9,0,2,0,2,0,0,0,0,2,1,6,1,72,10,1796,1,10,9,1,9
201601QK50459,2,9,0,18,0,2,0,4,0,0,1,1,6,1,35,6,1396,1,20,-1,-1,-1
201601QK50460,1,9,0,18,0,8,0,0,0,0,1,1,6,2,33,6,1596,1,9,10,1,10
201601QK50460,2,5,0,18,0,8,0,0,0,0,4,1,6,1,26,6,-1,-1,-1,3,1,3
201601QK50461,1,9,0,13,0,0,0,4,0,0,1,1,6,1,20,4,1388,1,7,1,1,1
201601QK50461,2,9,0,18,0,0,0,4,0,0,2,1,6,1,22,5,998,1,14,5,1,5
201601QK50463,1,9,0,8,0,1,0,0,0,0,2,1,6,1,35,6,1497,8,11,3,1,3
201601QK50463,2,9,0,7,0,1,0,0,0,0,1,1,6,1,69,10,1395,1,3,5,1,5
201601QK50465,1,11,0,17,0,0,0,10,1,10,1,1,1,1,53,8,9360,2,6,3,1,3
201601QK50466,1,9,0,18,0,1,0,0,0,0,3,1,6,1,24,5,1999,2,10,1,1,1
201601QK50466,2,9,0,18,0,1,0,0,0,0,0,1,6,3,-1,-1,2685,2,14,-1,-1,-1
201601QK50466,3,2,0,18,0,1,0,0,0,0,4,1,6,1,27,6,125,1,2,7,1,7
201601QK50467,1,9,0,18,0,8,0,0,0,0,1,1,6,2,20,4,1598,1,8,7,1,7
201601QK50467,2,9,0,9,0,6,0,0,0,0,3,1,6,1,30,6,1598,1,11,6,1,6
201601QK50468,1,8,0,18,0,8,0,0,0,0,1,1,1,1,35,6,1968,2,1,3,1,3
201601QK50468,2,9,0,18,0,8,0,0,0,0,3,1,6,1,25,5,2143,2,2,-1,-1,-1
201601QK50469,1,19,0,18,0,0,1,0,0,0,1,1,1,1,56,9,1995,2,3,4,1,4
201601QK50469,2,9,0,4,0,0,0,0,0,0,2,1,6,1,31,6,2143,12,3,4,1,4
201601QK50470,1,9,0,3,0,1,0,0,0,0,2,1,6,1,49,8,1598,2,1,3,1,3
201601QK50470,2,9,0,18,0,1,0,0,0,0,1,1,6,1,23,5,1390,1,8,2,1,2
201601QK50471,1,9,0,18,0,8,0,0,0,0,1,1,2,1,66,10,1997,2,5,5,1,5
201601QK50471,2,9,0,18,0,8,0,0,0,0,3,1,1,1,28,6,-1,-1,-1,-1,-1,-1
201601QK50472,1,9,0,18,0,1,0,0,0,0,1,1,6,1,51,8,1781,1,16,3,1,3
201601QK50473,1,9,0,18,0,8,0,0,0,0,1,1,6,1,57,9,1968,2,7,5,1,5
201601QK50473,2,9,0,9,0,8,0,0,0,0,4,1,6,1,30,6,1560,2,11,1,1,1
201601QK50474,1,9,0,6,0,0,0,0,0,0,3,1,6,3,-1,-1,1596,1,9,-1,-1,-1
201601QK50474,2,3,0,14,0,0,0,0,0,0,1,1,6,1,36,7,124,1,7,4,1,4
201601QK50475,1,1,0,9,0,8,0,0,0,0,4,1,6,2,61,9,-1,-1,-1,4,1,4
201601QK50475,2,9,0,7,0,8,0,0,0,0,1,1,6,2,-1,-1,-1,-1,-1,-1,-1,-1
201601QK50477,1,9,0,18,0,8,0,0,0,0,3,1,3,2,37,7,1598,1,14,3,1,3
201601QK50477,2,19,0,9,0,8,0,0,0,0,1,1,6,3,-1,-1,1998,2,14,-1,-1,-1
201601QK50478,1,9,0,5,0,1,0,0,0,0,3,1,6,2,33,6,-1,-1,-1,-1,-1,-1
201601QK50479,1,9,0,3,0,1,0,0,0,0,2,1,6,1,-1,-1,1229,1,3,-1,-1,-1
201601QK50479,2,9,0,3,0,1,0,0,0,0,2,1,6,1,48,8,-1,-1,-1,5,1,5
201601QK50479,3,9,0,3,0,1,0,0,0,0,2,1,6,1,-1,-1,1596,1,13,-1,-1,-1
201601QK50479,4,19,0,18,0,1,0,0,0,0,1,1,6,1,-1,-1,2198,2,3,-1,-1,-1
201601QK50480,1,9,0,17,0,8,0,0,0,0,1,1,6,2,34,6,1582,2,-1,2,1,2
201601QK50480,2,9,0,16,0,8,0,0,0,0,1,1,6,2,53,8,1193,1,3,3,1,3
201601QK50481,1,9,0,17,0,1,0,10,1,10,1,1,6,1,28,6,1995,2,10,5,1,5
201601QK50483,1,9,0,5,0,1,0,0,0,0,3,1,6,1,66,10,2771,1,16,2,1,2
201601QK50483,2,3,0,18,0,1,0,0,0,0,1,1,6,1,27,6,125,1,10,1,1,1
201601QK50484,1,9,0,9,0,8,0,0,0,0,4,1,6,1,54,8,2987,2,2,5,1,5
201601QK50484,2,3,0,18,0,8,0,0,0,0,1,1,6,1,21,5,-1,-1,-1,4,1,4
201601QK50486,1,9,0,18,0,0,0,0,0,0,3,1,6,2,47,8,1598,1,6,2,1,2
201601QK50486,2,9,0,18,0,0,0,0,0,0,3,1,6,2,-1,-1,2967,2,4,-1,-1,-1
201601QK50487,1,9,0,2,0,0,0,0,0,0,3,1,6,2,56,9,1995,2,4,4,1,4
201601QK50487,2,9,0,18,0,0,0,4,0,0,4,1,6,2,36,7,1969,2,1,1,1,1
201601QK50488,1,9,0,18,0,8,0,0,0,0,1,1,6,1,31,6,1388,1,13,1,1,1
201601QK50488,2,9,0,18,0,8,0,0,0,0,4,1,6,1,44,7,2364,1,11,3,1,3
201601QK50489,1,9,0,18,0,8,0,0,0,0,2,1,6,1,47,8,1797,8,6,2,1,2
201601QK50489,2,9,0,18,0,8,0,0,0,0,1,1,6,1,22,5,1248,1,-1,6,1,6
201601QK50490,1,9,0,18,0,1,0,0,0,0,2,1,6,1,45,7,1850,1,16,5,1,5
201601QK50490,2,9,0,18,0,1,0,0,0,0,1,1,6,2,23,5,1598,2,2,3,1,3
201601QK50490,3,9,0,18,0,1,0,0,0,0,1,1,6,1,21,5,1796,1,11,6,1,6
201601QK50491,1,9,0,18,0,1,0,0,0,0,1,1,6,1,-1,-1,1598,1,9,-1,-1,-1
201601QK50492,1,9,0,9,0,8,0,0,0,0,1,1,6,2,44,7,1364,1,9,-1,-1,-1
201601QK50492,2,9,0,18,0,8,0,0,0,0,1,1,6,2,71,10,999,1,2,7,1,7
201601QK50493,1,3,0,18,0,1,1,0,0,0,1,1,6,1,18,4,-1,-1,-1,3,1,3
201601QK50493,2,9,0,3,0,1,0,0,0,0,2,1,6,1,48,8,-1,-1,-1,9,1,9
201601QK50494,1,9,0,3,0,8,0,0,0,0,2,1,6,1,-1,-1,1798,1,13,2,1,2
201601QK50494,2,9,0,7,0,8,0,0,0,0,1,1,6,1,-1,-1,1797,8,4,-1,-1,-1
201601QK50496,1,3,0,15,0,1,0,0,0,0,1,1,6,1,23,5,124,1,7,3,1,3
201601QK50496,2,9,0,9,0,1,0,0,0,0,4,1,6,1,46,8,1995,2,4,-1,-1,-1
201601QK50497,1,9,0,10,0,1,0,0,0,0,2,1,3,2,35,6,2000,2,5,8,1,8
201601QK50497,2,9,0,18,0,1,0,0,0,0,1,1,6,1,21,5,1598,2,3,2,1,2
201601QK50499,1,9,0,18,0,1,0,0,0,0,1,1,1,1,20,4,-1,-1,-1,1,1,1
201601QK50499,2,19,0,18,0,1,0,0,0,0,2,1,1,1,36,7,1399,2,10,2,1,2
201601QK50500,1,9,0,4,0,0,0,0,0,0,2,1,6,1,45,7,2099,2,9,5,1,5
201601QK50500,2,9,0,4,0,0,0,0,0,0,2,1,6,1,29,6,2996,2,8,5,1,5
201601QK50500,3,8,0,18,0,0,0,0,0,0,1,1,1,1,47,8,-1,-1,-1,6,1,6
201601QK50501,1,9,0,14,0,2,0,0,0,0,1,1,6,2,34,6,999,1,15,3,1,3
201601QK50501,2,9,0,18,0,1,0,0,0,0,1,1,6,1,57,9,1598,1,17,8,1,8
201601QK50502,1,3,0,18,0,2,0,0,0,0,1,1,6,1,-1,-1,-1,-1,-1,-1,-1,-1
201601QK50503,1,9,0,18,0,0,5,10,1,10,1,1,6,3,-1,-1,-1,-1,-1,-1,-1,-1
201601QK50504,1,9,0,3,0,1,0,0,0,0,2,1,1,2,47,8,1796,1,7,5,2,5
201601QK50504,2,21,1,4,0,1,0,0,0,0,1,1,1,1,42,7,12777,2,1,9,2,9
201601QK50505,1,9,0,18,0,1,0,0,0,0,4,1,6,1,34,6,1997,2,6,4,1,4
201601QK50505,2,9,0,18,0,1,0,0,0,0,3,1,6,1,41,7,1339,1,8,4,1,4
201601QK50506,1,11,0,18,0,1,0,0,0,0,0,1,1,1,26,6,9360,2,6,2,1,2
201601QK50507,1,9,0,18,0,1,0,0,0,0,1,1,6,2,38,7,-1,-1,-1,1,1,1
201601QK50507,2,9,0,7,0,1,0,0,0,0,3,1,6,3,-1,-1,-1,-1,-1,-1,-1,-1
201601QK50508,1,9,0,18,0,8,0,0,0,0,3,1,6,2,51,8,-1,-1,-1,9,1,9
201601QK50508,2,3,0,18,0,8,0,0,0,0,4,1,6,1,33,6,-1,-1,-1,3,1,3
201601QK50509,1,1,0,18,0,1,0,0,0,0,3,1,2,1,29,6,-1,-1,-1,3,1,3
201601QK50509,2,9,0,9,0,1,0,0,0,0,1,1,6,2,-1,-1,-1,-1,-1,4,1,4
201601QK50510,1,9,0,18,0,2,0,0,0,0,1,1,6,2,44,7,1995,2,5,5,1,5
201601QK50510,2,9,0,18,0,1,0,0,0,0,1,1,6,1,45,7,1598,1,15,-1,-1,-1
201601QK50512,1,21,0,18,0,1,0,0,0,0,1,1,6,3,-1,-1,-1,-1,-1,-1,-1,-1
201601QK50513,1,19,0,6,0,2,0,0,0,0,4,1,1,1,43,7,2198,2,8,5,1,5
201601QK50513,2,3,0,18,0,1,0,0,0,0,1,1,6,1,35,6,125,1,1,-1,-1,-1
201601QK50514,1,9,0,9,0,8,0,0,0,0,3,1,6,1,26,6,1598,1,2,3,1,3
201601QK50514,2,1,0,14,0,8,0,0,0,0,1,1,6,1,30,6,-1,-1,-1,5,1,5
201601QK50515,1,9,0,4,0,0,0,0,0,0,2,1,6,1,38,7,2143,2,7,4,1,4
201601QK50515,2,9,0,18,0,0,0,0,0,0,1,1,6,2,49,8,1364,2,10,8,1,8
201601QK50516,1,8,0,9,0,8,0,0,0,0,1,1,1,1,36,7,995,1,3,2,1,2
201601QK50516,2,8,0,18,0,8,0,0,0,0,3,1,1,1,32,6,-1,-1,-1,-1,-1,-1
201601QK50518,1,9,0,18,0,2,1,0,0,0,1,1,6,3,-1,-1,-1,-1,-1,-1,-1,-1
201601QK50519,1,9,0,4,0,1,0,0,0,0,2,1,6,2,28,6,1149,1,14,5,1,5
201601QK50519,2,3,0,18,0,1,0,0,0,0,1,1,6,1,28,6,124,1,3,4,1,4
201601QK50520,1,9,0,9,0,3,1,10,1,4,1,1,6,1,22,5,2500,1,15,9,1,9
201601QK50521,1,9,0,7,0,8,0,0,0,0,3,1,6,1,-1,-1,1870,2,9,-1,-1,-1
201601QK50521,2,9,0,18,0,8,0,0,0,0,1,1,6,1,33,6,-1,-1,-1,3,1,3
201601QK50522,1,3,0,14,0,0,0,0,0,0,1,1,6,1,-1,-1,124,1,9,-1,-1,-1
201601QK50523,1,2,0,18,0,0,0,0,0,0,1,1,1,1,29,6,124,1,6,-1,-1,-1
201601QK50524,1,9,0,3,0,2,0,0,0,0,2,1,6,2,46,8,1339,1,11,7,1,7
201601QK50524,2,9,0,17,0,2,0,0,0,0,1,1,6,2,-1,-1,1560,2,9,-1,-1,-1
201601QK50527,1,9,0,18,0,1,0,0,0,0,4,1,6,1,34,6,1998,1,11,3,1,3
201601QK50527,2,9,0,5,0,1,0,0,0,0,3,1,6,2,-1,-1,1796,1,12,-1,-1,-1
201601QK50528,1,9,0,3,0,2,0,0,0,0,2,1,6,2,59,9,1461,2,1,6,1,6
201601QK50528,2,9,0,18,0,2,0,0,0,0,1,1,6,1,-1,-1,1968,2,11,-1,-1,-1
201601QK50529,1,9,0,4,0,1,0,0,0,0,2,1,1,1,31,6,1339,8,4,2,1,2
201601QK50529,2,21,0,18,0,1,0,0,0,0,1,1,1,1,-1,-1,12900,2,8,6,1,6
201601QK50531,1,19,0,5,0,1,0,0,0,0,1,1,1,2,32,6,2496,2,15,5,1,5
201601QK50531,2,9,0,3,0,1,0,0,0,0,2,1,1,1,42,7,1997,2,4,3,1,3
201601QK50533,1,9,0,9,0,1,0,0,0,0,1,1,6,1,50,8,1597,1,20,3,1,3
201601QK50533,2,9,0,18,0,1,0,0,0,0,1,1,6,1,-1,-1,1999,2,-1,-1,-1,-1
201601QK50534,1,8,0,9,0,1,0,0,0,0,1,1,1,1,57,9,1598,2,4,4,1,4
201601QK50534,2,3,0,18,0,1,0,0,0,0,1,1,6,1,28,6,-1,-1,-1,3,1,3
201601QK50535,1,9,0,9,0,2,0,0,0,0,1,1,6,2,49,8,1956,2,5,4,1,4
201601QK50536,1,9,0,9,0,2,0,0,0,0,2,2,6,1,54,8,-1,-1,-1,-1,-1,-1
201601QK50536,2,19,0,9,0,1,0,0,0,0,1,1,1,1,39,7,2402,2,8,2,1,2
201601QK50537,1,19,0,18,0,2,0,0,0,0,1,1,6,1,40,7,2143,2,4,3,1,3
201601QK50538,1,1,0,15,0,0,0,8,0,0,1,1,6,1,53,8,-1,-1,-1,2,1,2
201601QK50538,2,9,0,4,0,0,0,0,0,0,4,1,6,1,-1,-1,1991,1,-1,-1,-1,-1
201601QK50540,1,9,0,1,0,0,0,0,0,0,2,1,6,1,58,9,1991,2,14,-1,-1,-1
201601QK50541,1,9,0,9,0,8,0,0,0,0,3,1,6,1,51,8,2499,1,9,5,1,5
201601QK50541,2,3,0,13,0,8,0,0,0,0,1,1,6,1,28,6,124,1,1,2,1,2
201601QK50542,1,1,0,18,0,8,0,0,0,0,1,1,6,1,27,6,-1,-1,-1,8,1,8
201601QK50542,2,9,0,9,0,8,0,0,0,0,4,1,6,2,44,7,2199,2,5,5,1,5
201601QK50543,1,9,0,5,0,8,0,0,0,0,1,1,6,1,40,7,-1,-1,-1,4,1,4
201601QK50543,2,19,0,18,0,8,0,0,0,0,4,1,6,1,36,7,2198,2,8,4,1,4
201601QK50545,1,9,0,4,0,1,0,0,0,0,2,1,2,1,32,6,1796,1,12,1,1,1
201601QK50545,2,1,0,18,0,1,0,0,0,0,1,1,6,1,15,3,-1,-1,-1,2,1,2
201601QK50546,1,2,0,13,0,8,0,0,0,0,4,1,1,1,19,4,125,1,4,4,1,4
201601QK50546,2,9,0,6,0,8,0,0,0,0,3,1,6,1,30,6,2148,2,14,9,1,9
201601QK50547,1,9,0,18,0,1,1,10,4,6,1,1,6,1,21,5,1995,2,7,4,1,4
201601QK50547,2,9,0,18,0,1,0,0,0,0,2,1,6,2,33,6,1997,2,9,2,1,2
201601QK50547,3,9,0,18,0,1,0,0,0,0,2,1,6,1,27,6,1493,2,9,-1,-1,-1
201601QK50547,4,9,0,18,0,1,0,0,0,0,2,1,6,1,56,9,1341,1,15,3,1,3
201601QK50547,5,9,0,18,0,1,0,0,0,0,2,1,6,1,58,9,2494,8,1,7,1,7
201601QK50547,6,9,0,18,0,1,0,0,0,0,2,1,6,1,42,7,1995,2,7,1,1,1
201601QK50549,1,9,0,9,0,8,0,0,0,0,2,1,6,2,36,7,1499,1,11,3,1,3
201601QK50549,2,9,0,9,0,8,0,0,0,0,1,1,6,2,-1,-1,1598,2,6,-1,-1,-1
201601QK50550,1,5,0,13,0,1,0,0,0,0,1,1,6,1,36,7,645,1,7,5,1,5
201601QK50550,2,1,0,13,0,2,0,0,0,0,1,1,6,1,25,5,-1,-1,-1,-1,-1,-1
201601QK50552,1,2,0,18,0,0,0,10,0,0,4,1,6,1,28,6,124,1,9,-1,-1,-1
201601QK50553,1,9,0,9,0,1,0,0,0,0,1,1,1,1,39,7,1968,2,2,8,3,8
201601QK50553,2,3,0,14,0,1,0,0,0,0,1,1,1,1,29,6,600,1,12,4,1,4
201601QK50555,1,4,0,18,0,1,0,0,0,0,1,1,6,1,31,6,-1,-1,-1,7,1,7
201601QK50555,2,9,0,5,0,1,0,0,0,0,1,1,6,3,-1,-1,1997,2,14,-1,-1,-1
201601QK50557,1,9,0,9,0,1,0,0,0,0,1,1,6,1,26,6,1896,2,8,7,1,7
201601QK50557,2,3,0,18,0,1,0,0,0,0,3,1,6,2,24,5,125,1,9,3,1,3