Accident_Index,Vehicle_Reference,Vehicle_Type,Towing_and_Articulation,Vehicle_Manoeuvre,Vehicle_Location-Restricted_Lane,Junction_Location,Skidding_and_Overturning,Hit_Object_in_Carriageway,Vehicle_Leaving_Carriageway,Hit_Object_off_Carriageway,1st_Point_of_Impact,Was_Vehicle_Left_Hand_Drive?,Journey_Purpose_of_Driver,Sex_of_Driver,Age_of_Driver,Age_Band_of_Driver,Engine_Capacity_(CC),Propulsion_Code,Age_of_Vehicle,Driver_IMD_Decile,Driver_Home_Area_Type,Vehicle_IMD_Decile
201601QK50558,1,9,0,9,0,8,0,0,0,0,4,1,6,2,23,5,1364,1,7,1,1,1
201601QK50558,2,3,0,18,0,8,0,0,0,0,1,1,6,1,68,10,125,1,-1,6,1,6
201601QK50560,1,9,0,18,0,1,0,0,0,0,3,1,1,2,31,6,-1,-1,-1,-1,-1,-1
201601QK50561,1,5,0,18,0,1,0,0,0,0,0,1,6,1,20,4,600,1,13,4,1,4
201601QK50562,1,9,0,18,0,0,0,4,0,0,1,1,6,2,30,6,1364,1,1,5,1,5
201601QK50563,1,11,0,5,0,1,0,0,0,0,0,1,1,1,42,7,9360,2,6,3,1,3
201601QK50565,1,5,0,18,0,8,0,0,0,0,4,1,2,1,35,6,805,1,9,5,1,5
201601QK50565,2,9,0,9,0,8,0,0,0,0,3,1,1,1,30,6,1797,8,6,4,1,4
201601QK50566,1,9,0,7,0,2,0,0,0,0,1,1,1,1,38,7,1791,8,4,1,1,1
201601QK50567,1,9,0,18,0,8,0,0,0,0,1,1,6,1,45,7,1900,2,10,5,1,5
201601QK50567,2,9,0,18,0,8,0,0,0,0,3,1,6,1,42,7,1799,1,18,3,1,3
201601QK50568,1,19,0,9,0,1,0,0,0,0,3,1,1,1,30,6,2287,2,1,3,1,3
201601QK50568,2,1,0,13,0,1,0,0,0,0,4,1,6,1,30,6,-1,-1,-1,-1,-1,-1
201601QK50569,1,9,0,9,0,1,0,0,0,0,1,1,6,1,32,6,1798,8,3,1,1,1
201601QK50569,2,3,0,14,0,1,0,0,0,0,1,1,1,1,-1,-1,125,1,7,4,1,4
201601QK50570,1,9,0,17,0,2,0,10,1,4,1,1,6,1,23,5,1368,1,6,4,1,4
201601QK50571,1,4,0,17,0,1,0,0,0,0,0,1,6,1,35,6,-1,-1,-1,10,1,10
201601QK50571,2,9,0,5,0,1,0,0,0,0,0,1,6,3,-1,-1,-1,-1,-1,-1,-1,-1
201601QK50572,1,9,0,18,0,1,0,10,4,6,1,1,6,1,20,4,1386,1,13,6,1,6
201601QK50573,1,9,0,18,0,1,0,0,0,0,1,1,6,1,29,6,1396,1,8,8,1,8
201601QK50573,2,9,0,10,0,1,0,0,0,0,2,1,6,1,33,6,1200,1,1,-1,-1,-1
201601QK50573,3,9,0,18,0,1,0,0,0,0,1,1,6,1,30,6,-1,-1,-1,2,1,2
201601QK50574,1,9,0,18,0,2,0,0,0,0,3,1,2,2,35,6,1753,2,5,4,1,4
201601QK50575,1,3,0,18,0,1,0,0,0,0,1,1,6,1,24,5,124,1,8,4,1,4
201601QK50575,2,9,0,18,0,1,0,0,0,0,2,1,6,1,-1,-1,-1,-1,-1,-1,-1,-1
201601QK50576,1,9,0,18,0,1,0,0,0,0,1,1,6,2,-1,-1,-1,-1,-1,-1,-1,-1
201601QK50578,1,9,0,7,0,1,0,0,0,0,4,1,6,1,43,7,-1,-1,-1,2,1,2
201601QK50578,2,3,0,18,0,1,0,0,0,0,1,1,6,1,20,4,-1,-1,-1,2,1,2
201601QK50579,1,9,0,9,0,1,0,0,0,0,3,1,6,1,36,7,1198,1,11,3,2,3
201601QK50579,2,1,0,18,9,1,0,0,0,0,1,1,6,1,17,4,-1,-1,-1,1,1,1
201601QK50580,1,9,0,18,0,0,0,0,0,0,1,1,6,2,48,8,1339,1,9,5,1,5
201601QK50580,2,9,0,5,0,0,0,0,0,0,4,1,6,3,-1,-1,2143,2,-1,-1,-1,-1
201601QK50581,1,11,0,16,0,1,0,0,0,0,0,1,1,1,43,7,9360,2,6,4,1,4
201601QK50582,1,3,0,13,0,1,0,0,0,0,1,1,1,1,20,4,321,1,1,1,1,1
201601QK50582,2,9,0,9,0,1,0,0,0,0,3,1,3,2,29,6,1956,2,4,1,1,1
201601QK50583,1,9,0,18,0,0,0,0,0,0,1,1,1,1,37,7,1797,8,6,3,1,3
201601QK50584,1,9,0,18,0,1,0,0,0,0,1,1,6,1,56,9,1299,1,16,3,1,3
201601QK50585,1,9,0,18,0,1,0,0,0,0,4,1,6,1,48,8,1798,8,1,5,1,5
201601QK50586,1,9,0,9,0,1,0,0,0,0,4,1,6,1,43,7,2360,8,11,5,1,5
201601QK50586,2,3,0,18,0,1,0,0,0,0,1,1,6,1,21,5,124,1,13,5,1,5
201601QK50587,1,9,0,18,0,0,0,4,0,0,1,1,6,2,57,9,1991,2,5,2,1,2
201601QK50587,2,9,0,2,0,0,0,0,0,0,2,1,6,1,37,7,1984,1,13,5,1,5
201601QK50588,1,9,0,18,0,2,0,0,0,0,4,1,6,1,19,4,1390,1,10,5,1,5
201601QK50589,1,2,0,9,0,8,0,0,0,0,1,1,6,1,22,5,124,1,7,5,1,5
201601QK50589,2,5,0,18,0,8,0,0,0,0,1,1,6,1,29,6,999,1,9,10,2,10
201601QK50591,1,9,0,9,0,1,0,0,0,0,1,1,6,1,40,7,3123,1,12,-1,-1,-1
201601QK50592,1,11,0,5,0,1,0,0,0,0,1,1,1,1,46,8,5132,2,1,3,1,3
201601QK50593,1,1,0,18,0,1,0,0,0,0,1,1,6,1,31,6,-1,-1,-1,7,1,7
201601QK50593,2,9,0,9,0,1,0,0,0,0,4,1,6,1,45,7,2295,1,15,-1,-1,-1
201601QK50595,1,9,0,18,0,2,0,0,0,0,2,1,6,1,47,8,1997,2,1,3,1,3
201601QK50595,2,9,0,18,0,2,0,0,0,0,1,1,6,1,35,6,1995,1,14,-1,-1,-1
201601QK50596,1,9,0,3,0,1,0,0,0,0,2,1,6,1,21,5,1390,1,13,4,1,4
201601QK50596,2,9,0,4,0,1,0,0,0,0,1,1,6,2,59,9,1596,1,15,6,1,6
201601QK50597,1,9,0,9,0,8,0,0,0,0,3,1,6,2,20,4,1200,1,2,3,1,3
201601QK50597,2,9,0,18,0,8,0,0,0,0,1,1,6,1,32,6,1797,8,5,6,1,6
201601QK50598,1,9,0,18,0,2,0,0,0,0,3,1,6,1,68,10,1998,1,16,3,1,3
201601QK50598,2,9,0,18,0,1,0,0,0,0,1,1,6,1,27,6,998,1,12,2,1,2
201601QK50598,3,19,0,18,0,2,0,0,0,0,4,1,2,1,59,9,1896,2,20,3,1,3
201601QK50599,1,9,0,18,0,1,0,0,0,0,1,1,6,2,44,7,1992,2,9,6,1,6
201601QK50599,2,5,0,18,0,1,0,0,0,0,2,1,6,1,51,8,-1,-1,-1,7,2,7
201601QK50600,1,5,0,11,0,2,0,0,0,0,0,1,6,1,32,6,636,1,11,3,1,3
201601QK50600,2,9,0,11,0,2,0,0,0,0,0,1,6,3,-1,-1,-1,-1,-1,-1,-1,-1
201601QK50601,1,9,0,18,0,1,0,0,0,0,3,1,6,2,46,8,1388,1,2,4,1,4
201601QK50601,2,9,0,5,0,1,0,0,0,0,1,1,6,1,25,5,1596,1,10,-1,-1,-1
201601QK50604,1,9,0,18,0,0,0,0,0,0,2,1,6,1,26,6,1229,1,1,5,1,5
201601QK50604,2,9,0,18,0,0,0,0,0,0,1,1,6,1,-1,-1,1242,1,9,-1,-1,-1
201601QK50605,1,9,0,18,0,1,0,0,0,0,3,1,2,1,25,5,2143,2,1,2,1,2
201601QK50606,1,3,0,18,0,0,0,0,0,0,1,1,6,1,54,8,124,1,15,10,1,10
201601QK50607,1,3,0,18,0,1,0,0,0,0,1,1,2,1,22,5,124,1,4,1,1,1
201601QK50609,1,9,0,18,0,1,0,0,0,0,1,1,6,1,-1,-1,1560,2,1,-1,-1,-1
201601QK50610,1,9,0,9,0,2,0,0,0,0,1,1,6,1,47,8,1798,8,3,6,1,6
201601QK50610,2,9,0,18,0,1,0,10,1,10,1,1,6,1,23,5,2148,2,11,3,1,3
201601QK50611,1,1,0,15,0,0,0,0,0,0,3,1,6,1,40,7,-1,-1,-1,4,1,4
201601QK50611,2,9,0,6,0,0,0,0,0,0,1,1,6,1,45,7,1598,1,11,-1,-1,-1
201601QK50612,1,9,0,3,0,2,0,0,0,0,2,1,6,1,34,6,998,1,16,7,1,7
201601QK50612,2,9,0,18,0,2,0,0,0,0,1,1,6,3,-1,-1,1796,1,10,-1,-1,-1
201601QK50613,1,1,0,18,0,8,0,0,0,0,1,1,6,1,24,5,-1,-1,-1,5,1,5
201601QK50613,2,9,0,9,0,8,0,0,0,0,4,1,6,1,-1,-1,1896,2,8,-1,-1,-1
201601QK50615,1,9,0,4,0,0,0,0,0,0,2,1,6,2,33,6,-1,-1,-1,5,1,5
201601QK50615,2,9,0,18,0,0,0,0,0,0,1,1,6,1,24,5,1995,2,7,9,1,9
201601QK50616,1,9,0,18,0,8,0,0,0,0,1,1,6,2,20,4,1598,1,12,4,1,4
201601QK50616,2,5,0,5,0,8,0,0,0,0,4,1,6,2,30,6,471,1,2,7,1,7
201601QK50617,1,19,0,5,0,1,0,0,0,0,3,1,6,1,31,6,-1,-1,-1,6,1,6
201601QK50617,2,2,0,18,0,1,0,0,0,0,1,1,6,1,59,9,124,1,4,5,1,5
201601QK50618,1,9,0,7,0,8,0,0,0,0,4,1,6,1,19,4,1199,1,12,3,1,3
201601QK50618,2,3,0,15,0,8,0,0,0,0,3,1,6,1,25,5,124,1,4,6,1,6
201601QK50619,1,2,0,14,0,0,0,0,0,0,3,1,6,1,25,5,113,1,-1,3,1,3
201601QK50620,1,9,0,18,0,1,0,0,0,0,1,1,6,1,53,8,1596,1,11,8,3,8
201601QK50620,2,20,0,2,0,1,0,0,0,0,2,1,1,1,50,8,2998,2,3,5,3,5
201601QK50621,1,9,0,7,0,8,0,0,0,0,2,1,6,2,66,10,2143,2,2,8,1,8
201601QK50621,2,9,0,18,0,8,0,0,0,0,1,1,6,2,25,5,1997,2,8,6,1,6
201601QK50623,1,3,0,18,0,0,0,10,1,2,4,1,6,1,20,4,124,1,8,1,1,1
201601QK50624,1,9,0,2,0,0,0,0,0,0,2,1,6,2,42,7,1398,1,6,3,1,3
201601QK50624,2,19,0,1,0,0,0,4,0,0,2,1,6,3,-1,-1,2500,2,8,-1,-1,-1
201601QK50625,1,9,0,9,0,8,0,0,0,0,3,1,6,2,32,6,1598,1,14,2,1,2
201601QK50625,2,3,0,13,0,8,0,0,0,0,1,1,6,1,42,7,-1,-1,-1,5,1,5
201601QK50626,1,8,0,10,0,1,0,0,0,0,4,1,6,1,48,8,1997,2,6,3,1,3
201601QK50626,2,9,0,15,0,1,0,0,0,0,3,1,6,1,-1,-1,1956,2,5,-1,-1,-1
201601QK50627,1,9,0,18,0,1,0,10,1,2,4,1,3,2,30,6,1341,1,13,-1,-1,-1
201601QK50628,1,3,0,18,0,8,0,0,0,0,1,1,2,1,38,7,125,1,2,3,1,3
201601QK50628,2,9,0,9,0,8,0,0,0,0,4,1,6,1,23,5,998,1,17,-1,-1,-1
201601QK50629,1,9,0,18,0,1,0,0,0,0,1,1,6,1,48,8,1968,2,3,4,1,4
201601QK50629,2,1,0,18,0,1,0,0,0,0,3,1,6,1,15,3,-1,-1,-1,6,1,6
201601QK50631,1,3,0,18,0,0,0,0,0,0,1,1,6,1,24,5,124,1,6,4,1,4
201601QK50632,1,9,0,18,0,2,0,0,0,0,2,1,6,2,42,7,2143,2,5,4,1,4
201601QK50632,2,19,0,9,0,2,0,0,0,0,1,1,6,1,-1,-1,1968,2,1,5,1,5
201601QK50633,1,11,0,18,0,2,0,0,0,0,0,1,1,1,42,7,-1,3,-1,2,1,2
201601QK50634,1,5,0,18,0,1,0,0,0,0,1,1,6,1,46,8,599,1,15,5,1,5
201601QK50634,2,9,0,9,0,1,0,0,0,0,1,1,6,1,70,10,2987,2,9,-1,-1,-1
201601QK50635,1,9,0,18,0,1,0,0,0,0,1,1,2,2,48,8,2204,2,8,9,1,9
201601QK50636,1,3,0,18,0,1,0,0,0,0,1,1,6,1,39,7,125,1,8,2,1,2
201601QK50636,2,9,0,9,0,1,0,0,0,0,1,1,6,2,50,8,1796,1,13,4,1,4
201601QK50637,1,3,0,7,0,8,1,0,0,0,0,1,2,1,58,9,125,1,-1,7,1,7
201601QK50637,2,9,0,10,0,8,0,0,0,0,0,1,6,1,79,11,1248,1,4,4,1,4
201601QK50638,1,9,0,18,0,0,0,0,5,6,1,1,6,2,33,6,1242,1,4,3,1,3
201601QK50638,2,19,0,18,0,0,0,0,0,0,2,1,6,1,21,5,2148,2,7,2,1,2
201601QK50638,3,9,0,18,0,0,0,0,0,0,4,1,6,1,43,7,2993,2,-1,5,1,5
201601QK50639,1,9,0,9,0,1,0,0,0,0,1,1,6,3,-1,-1,1596,1,15,-1,-1,-1
201601QK50639,2,1,0,18,0,1,0,0,0,0,1,1,6,1,34,6,-1,-1,-1,7,1,7
201601QK50640,1,9,0,18,0,2,0,10,7,2,4,1,1,1,51,8,1560,2,4,3,1,3
201601QK50640,2,9,0,7,0,2,0,10,7,7,3,1,1,1,23,5,-1,-1,-1,5,1,5
201601QK50641,1,3,0,18,0,0,0,0,0,0,4,1,6,1,25,5,125,1,1,2,1,2
201601QK50643,1,5,0,18,0,1,1,0,0,0,0,1,6,1,53,8,954,1,13,7,1,7
201601QK50643,2,9,0,9,0,1,0,0,0,0,0,1,6,1,54,8,-1,-1,-1,2,1,2
201601QK50644,1,9,0,18,0,1,0,10,7,4,1,1,6,1,26,6,2685,2,13,7,1,7
201601QK50645,1,1,0,7,0,2,0,0,0,0,1,1,6,1,32,6,-1,-1,-1,-1,-1,-1
201601QK50645,2,9,0,3,0,1,0,0,0,0,3,1,6,1,44,7,2393,1,13,6,1,6
201601QK50646,1,9,0,18,0,8,0,0,0,0,3,1,6,1,48,8,-1,-1,-1,6,1,6
201601QK50646,2,9,0,9,0,8,0,0,0,0,4,1,6,1,32,6,1950,2,-1,5,1,5
201601QK50647,1,9,0,5,0,0,0,0,0,0,1,1,6,1,44,7,1995,2,4,3,1,3
201601QK50648,1,3,0,18,0,1,0,0,0,0,0,1,6,1,44,7,108,1,1,-1,-1,-1
201601QK50648,2,9,0,9,0,1,0,0,0,0,0,1,6,1,-1,-1,-1,-1,-1,-1,-1,-1
201601QK50651,1,9,0,2,0,0,0,0,0,0,3,1,6,1,34,6,1995,2,8,2,1,2
201601QK50651,2,1,0,18,0,0,0,8,0,0,1,1,6,2,25,5,-1,-1,-1,3,1,3
201601QK50652,1,1,0,18,0,0,0,0,0,0,3,1,6,1,53,8,-1,-1,-1,3,1,3
201601QK50652,2,9,0,13,0,0,0,0,0,0,4,1,6,1,35,6,-1,-1,-1,9,1,9
201601QK50653,1,9,0,18,0,8,0,10,1,10,1,1,6,1,37,7,1595,1,10,-1,-1,-1
201601QK50653,2,9,0,18,0,8,0,0,0,0,0,1,6,2,34,6,1199,2,5,2,1,2
201601QK50655,1,11,0,5,0,2,0,0,0,0,0,1,1,1,61,9,7300,2,14,5,1,5
201601QK50656,1,9,0,18,0,2,0,0,0,0,1,1,6,1,22,5,1598,1,8,8,1,8
201601QK50657,1,9,0,2,0,0,0,0,0,0,4,1,6,1,43,7,-1,-1,-1,3,1,3
201601QK50657,2,1,0,18,9,0,0,8,0,0,3,1,6,1,18,4,-1,-1,-1,3,1,3
201601QK50658,1,9,0,9,0,8,0,0,0,0,1,1,6,2,22,5,1229,1,3,2,1,2
201601QK50658,2,3,0,18,0,8,0,0,0,0,1,1,6,1,-1,-1,-1,-1,-1,-1,-1,-1
201601QK50659,1,9,0,18,0,0,0,0,0,0,1,1,6,3,-1,-1,-1,-1,-1,-1,-1,-1
201601QK50660,1,9,0,13,0,0,0,0,0,0,4,1,6,1,20,4,1598,1,4,4,1,4
201601QK50660,2,1,0,13,0,0,0,0,0,0,3,1,6,2,37,7,-1,-1,-1,3,1,3
201601QK50661,1,9,0,18,0,0,0,0,0,0,4,1,6,1,20,4,1229,1,1,3,1,3
201601QK50662,1,9,0,3,0,1,0,0,0,0,2,1,6,1,36,7,1398,1,3,5,1,5
201601QK50662,2,3,0,18,0,1,0,0,0,0,1,1,6,1,17,4,124,1,-1,4,1,4
201601QK50663,1,9,0,18,0,0,0,0,0,0,1,1,6,1,27,6,1461,2,2,5,1,5
201601QK50664,1,9,0,18,0,0,0,0,0,0,1,1,6,1,72,10,1598,1,8,5,1,5
201601QK50665,1,9,0,18,0,1,0,0,0,0,1,1,6,1,-1,-1,1596,1,11,-1,-1,-1
201601QK50666,1,9,0,18,0,1,0,0,0,0,1,1,3,2,30,6,2400,2,4,4,1,4
201601QK50666,2,9,0,18,0,1,0,0,0,0,2,1,6,2,46,8,1910,2,8,-1,-1,-1
201601QK50667,1,3,0,14,0,1,0,0,0,0,1,1,1,1,32,6,124,1,6,5,1,5
201601QK50667,2,9,0,5,0,1,0,0,0,0,3,1,6,1,38,7,1896,2,7,4,1,4
201601QK50667,3,9,0,3,0,1,0,0,0,0,2,1,6,1,49,8,1461,2,3,4,1,4
201601QK50669,1,19,0,18,0,1,0,0,0,0,1,1,6,1,25,5,2143,2,1,5,1,5
201601QK50669,2,90,0,18,0,1,0,0,0,0,4,1,6,2,35,6,-1,-1,-1,3,1,3
201601QK50671,1,9,0,18,0,0,0,0,0,0,3,1,6,2,25,5,-1,-1,-1,4,1,4
201601QK50671,2,21,1,3,0,0,0,0,0,0,4,1,1,1,54,8,11120,2,1,4,1,4
201601QK50673,1,11,0,18,0,8,0,0,0,0,0,1,1,1,55,8,7300,2,14,3,1,3
201601QK50674,1,9,0,14,0,2,0,0,0,0,1,1,6,1,56,9,1995,2,5,-1,-1,-1
201601QK50676,1,9,0,1,0,0,0,0,0,0,2,1,6,1,-1,-1,1995,2,3,-1,-1,-1
201601QK50676,2,4,0,14,0,0,0,0,0,0,3,1,6,1,36,7,125,1,5,3,1,3
201601QK50677,1,3,0,3,0,1,0,0,0,0,2,1,6,2,40,7,125,1,7,4,1,4
201601QK50677,2,9,0,5,0,1,0,0,0,0,1,1,6,2,33,6,1796,1,12,1,1,1
201601QK50678,1,9,0,18,0,8,0,0,0,0,1,1,6,1,33,6,1595,1,3,3,1,3
201601QK50678,2,9,0,9,0,8,0,10,1,0,1,1,6,2,35,6,1598,1,14,6,1,6
201601QK50679,1,9,0,9,0,2,0,0,0,0,1,1,6,2,31,6,1968,2,5,2,1,2
201601QK50679,2,3,0,18,0,1,0,0,0,0,1,1,6,1,25,5,125,1,12,2,1,2
201601QK50680,1,9,0,18,0,0,0,0,0,0,1,1,6,2,69,10,1493,2,11,9,1,9
201601QK50680,2,9,0,18,0,0,0,0,0,0,1,1,6,1,63,9,1998,1,13,5,1,5
201601QK50681,1,9,0,9,0,1,0,0,0,0,2,1,6,1,54,8,1797,8,6,-1,-1,-1
201601QK50681,2,9,0,5,0,1,0,0,0,0,1,1,6,1,37,7,-1,-1,-1,7,1,7
201601QK50681,3,9,0,5,0,1,0,0,0,0,1,1,6,1,25,5,1390,1,15,2,1,2
201601QK50682,1,9,0,18,0,8,0,0,0,0,1,1,6,1,29,6,2698,2,8,7,1,7
201601QK50682,2,9,0,9,0,8,0,0,0,0,1,1,6,2,24,5,796,1,10,6,1,6
201601QK50683,1,9,0,7,0,2,0,0,0,0,4,1,6,2,77,11,1299,1,17,-1,-1,-1
201601QK50686,1,9,0,1,0,0,0,4,0,0,2,1,6,1,69,10,1595,1,15,8,1,8
201601QK50687,1,9,0,18,0,1,0,10,1,0,4,1,6,1,53,8,1248,2,12,2,1,2
201601QK50688,1,9,0,2,0,0,0,0,0,0,3,1,6,2,44,7,1598,2,1,1,1,1
201601QK50688,2,3,0,18,0,0,0,8,0,0,4,1,6,1,27,6,108,1,3,7,1,7
201601QK50689,1,9,0,9,0,8,0,0,0,0,1,1,6,1,36,7,1896,2,12,2,1,2
201601QK50689,2,5,0,15,0,8,0,0,0,0,3,1,6,1,33,6,599,1,11,5,1,5
201601QK50690,1,9,0,1,0,2,0,0,0,0,2,1,6,1,52,8,1984,1,4,5,1,5
201601QK50691,1,9,0,9,0,8,0,0,0,0,3,1,6,1,58,9,1497,8,10,4,1,4
201601QK50691,2,9,0,18,0,8,0,0,0,0,1,1,6,1,20,4,1390,1,13,4,1,4
201601QK50695,1,9,0,18,0,2,0,0,0,0,2,1,6,1,-1,-1,2143,2,3,9,1,9
201601QK50695,2,9,0,18,0,2,0,0,0,0,1,1,6,2,30,6,-1,-1,-1,3,1,3
201601QK50696,1,5,0,18,0,2,0,0,0,0,1,1,6,1,-1,-1,1340,1,8,-1,-1,-1
201601QK50696,2,9,0,3,0,2,0,0,0,0,2,1,6,1,46,8,1910,2,9,6,1,6
201601QK50699,1,9,0,7,0,2,0,0,0,0,1,1,6,2,43,7,998,1,4,6,1,6
201601QK50700,1,9,0,4,0,0,0,0,0,0,2,1,6,1,57,9,1329,1,7,7,1,7
201601QK50700,2,9,0,4,0,0,0,0,0,0,2,1,6,1,54,8,1398,1,2,5,1,5
201601QK50700,3,9,0,18,0,0,0,0,0,0,1,1,6,1,39,7,1984,1,9,3,1,3
201601QK50700,4,90,0,18,0,0,0,0,0,0,0,1,1,1,23,5,2987,2,1,5,1,5
201601QK50701,1,9,0,9,0,8,0,0,0,0,4,1,6,1,26,6,1984,1,15,6,1,6
201601QK50701,2,9,0,18,0,8,0,0,0,0,1,1,6,2,24,5,1791,8,4,10,1,10
201601QK50703,1,9,0,6,0,1,0,0,0,0,3,1,6,1,34,6,2143,2,5,5,1,5
201601QK50703,2,3,0,13,0,1,0,0,0,0,1,1,6,1,37,7,125,1,2,6,1,6
201601QK50709,1,9,0,16,0,1,0,0,0,0,2,1,6,2,26,6,-1,-1,-1,4,1,4
201601QK50709,2,9,0,16,0,1,0,0,0,0,1,1,6,3,-1,-1,-1,-1,-1,-1,-1,-1
201601QK50711,1,3,0,9,0,8,0,0,0,0,4,1,6,1,23,5,124,1,15,5,1,5
201601QK50711,2,9,0,5,0,8,0,0,0,0,1,1,6,2,33,6,3311,8,9,6,1,6
201601QK50712,1,9,0,5,0,0,0,0,0,0,1,1,6,1,80,11,1497,8,8,8,1,8
201601QK50712,2,9,0,18,0,0,0,0,0,0,1,1,6,1,39,7,1596,1,3,7,1,7
201601QK50713,1,9,0,18,0,0,0,0,0,0,1,1,6,1,37,7,1968,2,9,4,1,4
201601QK50713,2,9,0,4,0,0,0,0,0,0,2,1,6,1,47,8,1493,1,19,3,1,3
201601QK50713,3,9,0,4,0,0,0,0,0,0,2,1,6,1,28,6,1596,1,14,3,1,3
201601QK50713,4,9,0,3,0,0,0,0,0,0,2,1,6,1,23,5,2997,1,20,7,1,7
201601QK50718,1,3,0,3,0,1,0,0,0,0,2,1,6,1,23,5,108,1,-1,1,1,1
201601QK50718,2,3,0,5,0,1,0,0,0,0,1,1,6,1,25,5,125,1,6,1,1,1
201601QK50719,1,9,0,4,0,8,0,0,0,0,1,1,6,2,51,8,1598,2,2,9,1,9
201601QK50719,2,11,0,18,0,8,0,0,0,0,4,1,1,1,45,7,9360,2,6,6,1,6
201601QK50720,1,8,0,9,0,8,0,0,0,0,1,1,1,1,37,7,1798,8,2,4,1,4
201601QK50723,1,9,0,9,0,2,0,0,0,0,1,1,1,1,36,7,-1,-1,-1,3,1,3
201601QK50723,2,9,0,18,0,1,0,0,0,0,1,1,6,1,-1,-1,1997,2,-1,-1,-1,-1
201601QK50727,1,9,0,6,0,0,0,0,0,0,3,1,6,1,22,5,2231,2,10,1,1,1
201601QK50727,2,4,0,18,0,0,0,0,0,0,1,1,6,1,19,4,124,1,-1,2,1,2
201601QK50729,1,9,0,18,0,2,0,0,0,0,1,1,6,1,66,10,1598,2,3,3,1,3
201601QK50730,1,9,0,18,0,0,0,4,0,0,1,1,6,2,77,11,3311,8,10,6,1,6
201601QK50743,1,3,0,3,0,2,0,0,0,0,2,1,6,1,18,4,108,1,1,6,1,6
201601QK50743,2,9,0,18,0,2,0,0,0,0,1,1,6,1,38,7,1999,1,9,3,1,3
201601QK50748,1,9,0,5,0,0,0,0,0,0,1,1,6,1,62,9,1797,8,3,9,1,9
201601QK50748,2,9,0,18,0,0,0,0,0,0,1,1,6,1,62,9,-1,-1,-1,9,1,9
201601QK50749,1,9,0,9,0,8,0,0,0,0,1,1,6,1,52,8,1796,1,13,1,1,1
201601QK50749,2,3,0,18,0,8,0,0,0,0,3,1,6,1,19,4,124,1,3,1,1,1
201601QK50750,1,4,0,14,0,0,0,0,0,0,1,1,6,1,31,6,-1,-1,-1,6,1,6
201601QK50752,1,9,0,18,0,1,0,0,0,0,1,1,2,2,56,9,1339,1,8,2,1,2
201601QK50752,2,1,0,9,0,1,0,0,0,0,3,1,1,1,67,10,-1,-1,-1,4,1,4
201601QK50757,1,9,0,7,0,8,0,0,0,0,2,1,6,1,19,4,1198,1,6,-1,-1,-1
201601QK50757,2,9,0,18,0,8,0,0,0,0,1,1,6,1,47,8,-1,-1,-1,-1,-1,-1
201601QK50782,1,9,0,17,0,8,0,0,0,0,1,1,6,2,20,4,1339,1,5,5,1,5
201601QK50787,1,9,0,6,0,0,0,0,0,0,3,1,6,2,29,6,1339,1,6,2,1,2
201601QK50787,2,4,0,18,0,0,0,0,0,0,1,1,1,1,24,5,125,1,4,5,1,5
201601QK50789,1,9,0,18,0,2,0,0,0,0,1,1,1,1,45,7,1798,8,1,6,1,6
201601QK50799,1,9,0,3,0,1,0,0,0,0,2,1,6,1,22,5,1995,1,7,5,1,5
201601QK50799,2,9,0,18,0,1,0,0,0,0,1,1,6,1,40,7,2393,1,14,-1,-1,-1
201601QK50812,1,9,0,18,0,1,0,0,0,0,1,1,6,2,46,8,-1,-1,-1,8,1,8
201601QK50812,2,9,0,3,0,1,0,0,0,0,2,1,6,1,68,10,2979,1,16,5,1,5
201601QK50812,3,9,0,3,0,1,0,0,0,0,2,1,6,1,46,8,1896,2,10,7,1,7
201601QK50812,4,9,0,10,0,1,0,0,0,0,2,1,6,1,26,6,998,1,5,5,1,5
201601QK50822,1,9,0,18,0,8,0,10,1,5,1,1,6,2,21,5,1995,2,9,2,1,2
201601QK50839,1,1,0,18,0,2,0,0,0,0,3,1,6,1,36,7,-1,-1,-1,7,1,7
201601QK50839,2,9,0,13,0,2,0,0,0,0,4,1,6,2,29,6,1598,1,3,4,1,4
201601QK50861,1,9,0,18,0,1,0,0,0,0,4,1,6,1,58,9,1560,2,12,3,1,3
201601QK50862,1,9,0,9,0,8,0,0,0,0,3,1,6,1,23,5,1995,1,5,2,1,2
201601QK50862,2,3,0,13,0,8,0,0,0,0,1,1,6,1,35,6,113,1,-1,4,1,4
201601QK50879,1,9,0,9,0,8,0,0,0,0,3,1,6,1,51,8,1896,2,9,7,1,7
201601QK50879,2,3,0,13,0,8,0,0,0,0,4,1,6,1,34,6,125,1,9,4,1,4
201601QK50880,1,1,0,18,0,8,0,0,0,0,4,1,6,1,43,7,-1,-1,-1,7,1,7
201601QK50880,2,9,0,18,0,8,0,0,0,0,1,1,6,2,-1,-1,-1,-1,-1,-1,-1,-1
201601QK50881,1,9,0,6,0,2,0,0,0,0,3,1,6,1,28,6,1797,8,5,1,1,1
201601QK50881,2,3,0,9,0,2,0,0,0,0,1,1,6,1,27,6,125,1,5,4,1,4
201601QK50882,1,9,0,2,0,0,0,0,0,0,1,1,6,1,21,5,2143,2,2,-1,-1,-1
201601QK50882,2,9,0,1,0,0,0,4,0,0,2,1,6,2,-1,-1,2993,2,6,-1,-1,-1
201601QK50898,1,3,0,18,0,8,0,0,0,0,1,1,6,1,17,4,124,1,2,5,1,5
201601QK50898,2,9,0,9,0,8,0,0,0,0,1,1,6,3,-1,-1,1461,2,-1,-1,-1,-1
201601QK50905,1,9,0,18,0,2,0,0,0,0,1,1,6,1,55,8,4134,2,11,4,1,4
201601QK50906,1,9,0,3,0,1,0,0,0,0,2,1,6,2,31,6,1968,2,8,3,1,3