Accident_Index,Vehicle_Reference,Vehicle_Type,Towing_and_Articulation,Vehicle_Manoeuvre,Vehicle_Location-Restricted_Lane,Junction_Location,Skidding_and_Overturning,Hit_Object_in_Carriageway,Vehicle_Leaving_Carriageway,Hit_Object_off_Carriageway,1st_Point_of_Impact,Was_Vehicle_Left_Hand_Drive?,Journey_Purpose_of_Driver,Sex_of_Driver,Age_of_Driver,Age_Band_of_Driver,Engine_Capacity_(CC),Propulsion_Code,Age_of_Vehicle,Driver_IMD_Decile,Driver_Home_Area_Type,Vehicle_IMD_Decile
201601QK50906,2,19,0,18,0,1,0,0,0,0,1,1,6,1,42,7,-1,-1,-1,2,1,2
201601QK50920,1,9,0,3,0,0,0,0,0,0,3,1,6,1,55,8,1296,1,9,2,1,2
201601QK50920,2,9,0,1,0,0,0,0,0,0,2,1,6,1,-1,-1,1598,1,13,-1,-1,-1
201601QK50922,1,9,0,17,0,0,0,11,0,0,1,1,6,1,76,11,998,1,2,6,1,6
201601RG40001,1,9,0,5,0,0,0,0,0,0,3,1,6,1,-1,-1,-1,-1,-1,-1,-1,-1
201601RG40001,2,1,0,18,0,0,0,0,0,0,4,1,6,1,31,6,-1,-1,-1,7,1,7
201601RG40002,1,9,0,18,0,2,0,0,0,0,1,1,2,2,27,6,1560,2,2,5,1,5
201601RG40002,2,9,0,7,0,2,0,0,0,0,4,1,2,1,43,7,1986,2,10,2,1,2
201601RG40003,1,19,0,9,0,5,0,0,0,0,4,1,6,1,32,6,-1,-1,-1,2,1,2
201601RG40003,2,3,0,18,0,8,1,0,0,0,1,1,6,1,31,6,125,1,1,2,1,2
201601RG40004,1,9,0,9,0,8,0,0,0,0,4,1,6,1,25,5,1995,2,5,7,1,7
201601RG40004,2,9,0,18,0,8,0,0,0,0,1,1,6,1,24,5,1596,1,12,3,1,3
201601RG40005,1,19,0,2,0,8,0,0,0,0,2,1,1,1,30,6,-1,-1,-1,7,1,7
201601RG40005,2,9,0,18,0,8,0,4,0,0,1,1,6,2,-1,-1,1248,2,1,-1,-1,-1
201601RG40007,1,9,0,9,0,8,0,0,0,0,4,1,6,1,42,7,1242,1,13,2,1,2
201601RG40007,2,1,0,18,0,8,0,0,0,0,1,1,6,1,24,5,-1,-1,-1,5,1,5
201601RG40013,1,9,0,18,0,0,0,10,1,4,1,1,6,1,42,7,1598,1,7,7,1,7
201601RG40016,1,9,0,18,0,8,0,0,0,0,3,1,6,2,32,6,1598,2,6,7,1,7
201601RG40016,2,20,0,11,0,8,0,0,0,0,4,1,1,1,-1,-1,-1,-1,-1,-1,-1,-1
201601RG40017,1,9,0,18,0,8,0,0,0,0,4,1,6,1,54,8,1781,1,25,4,1,4
201601RG40017,2,1,0,18,0,8,0,0,0,0,1,1,6,1,40,7,-1,-1,-1,10,2,10
201601RG40019,1,3,0,18,0,8,0,0,0,0,1,1,6,1,54,8,125,1,1,3,1,3
201601RG40019,2,9,0,7,0,8,0,0,0,0,3,1,6,1,-1,-1,-1,-1,-1,-1,-1,-1
201601RG40021,1,9,0,7,0,8,0,0,0,0,3,1,6,2,34,6,1390,1,2,2,1,2
201601RG40021,2,3,0,18,0,8,0,0,0,0,1,1,6,1,32,6,124,1,14,4,1,4
201601RG40022,1,9,0,4,0,0,0,0,0,0,2,1,6,2,-1,-1,1198,1,1,-1,-1,-1
201601RG40022,2,20,0,18,0,0,0,0,0,0,1,1,6,1,-1,-1,-1,-1,-1,-1,-1,-1
201601RG40024,1,4,0,15,0,8,0,0,0,0,3,1,6,1,21,5,200,1,1,6,1,6
201601RG40025,1,9,0,12,0,0,0,0,0,0,1,1,6,1,26,6,-1,-1,-1,6,1,6
201601RG40025,2,9,0,18,0,0,0,0,0,0,2,1,6,2,38,7,1968,2,4,7,1,7
201601RG40027,1,9,0,9,0,5,0,0,0,0,1,1,6,1,19,4,1199,2,4,3,1,3
201601RG40027,2,1,0,18,0,8,0,0,0,0,3,1,2,1,51,8,-1,-1,-1,3,1,3
201601RG40028,1,3,0,18,0,2,0,0,0,0,1,1,6,1,19,4,124,1,11,1,1,1
201601RG40030,1,9,0,9,0,5,0,0,1,0,1,1,2,1,57,9,1997,2,1,2,1,2
201601RG40030,2,3,0,13,0,8,0,0,0,0,4,1,1,1,27,6,125,1,13,2,1,2
201601RG40031,1,9,0,18,0,0,0,0,0,0,4,1,6,1,51,8,-1,-1,-1,3,1,3
201601RG40031,2,9,0,2,0,0,0,0,0,0,3,1,6,1,-1,-1,4701,1,14,-1,-1,-1
201601RG40035,1,9,0,18,0,8,5,4,0,0,1,1,6,1,65,9,3996,1,17,9,1,9
201601RG40035,2,9,0,2,0,8,0,0,0,0,3,1,6,1,-1,-1,1560,2,2,-1,-1,-1
201601RG40035,3,9,0,2,0,8,0,0,0,0,3,1,6,1,-1,-1,-1,-1,-1,-1,-1,-1
201601RG40038,1,9,0,9,0,8,0,0,0,0,4,1,6,1,28,6,-1,-1,-1,6,1,6
201601RG40039,1,9,0,4,0,8,0,0,0,0,2,1,6,2,50,8,1598,1,8,3,1,3
201601RG40039,2,9,0,18,0,8,0,0,0,0,1,1,6,1,73,10,1560,2,4,8,1,8
201601RG40041,1,9,0,18,0,8,0,0,0,0,4,1,6,1,-1,-1,-1,-1,-1,-1,-1,-1
201601RG40043,1,1,0,7,0,8,0,0,0,0,3,1,6,1,32,6,-1,-1,-1,3,1,3
201601RG40043,2,9,0,7,0,8,0,0,0,0,4,1,6,1,-1,-1,-1,-1,-1,-1,-1,-1
201601RG40044,1,1,0,18,0,8,0,0,0,0,2,1,6,1,40,7,-1,-1,-1,4,1,4
201601RG40044,2,9,0,15,0,8,0,0,0,0,4,1,6,1,-1,-1,-1,-1,-1,-1,-1,-1
201601RG40048,1,5,0,18,0,8,0,0,0,0,3,1,6,1,35,6,-1,-1,-1,3,1,3
201601RG40048,2,9,0,15,0,8,0,0,0,0,4,1,6,1,36,7,1995,1,6,6,1,6
201601RG40050,1,9,0,18,0,8,0,0,0,0,4,1,6,1,25,5,1796,1,7,2,1,2
201601RG40050,2,11,0,3,0,8,0,0,0,0,2,1,6,1,51,8,6700,2,5,5,1,5
201601RG40053,1,9,0,18,0,0,0,0,0,0,3,1,6,1,44,7,1997,1,3,5,1,5
201601RG40055,1,9,0,18,0,8,0,0,0,0,2,1,6,1,55,8,1596,1,16,2,1,2
201601RG40055,2,3,0,18,0,8,0,0,0,0,1,1,6,1,25,5,124,1,5,2,1,2
201601RG40058,1,9,0,9,0,8,0,0,0,0,4,1,6,1,37,7,1995,2,8,2,1,2
201601RG40058,2,1,0,18,0,8,0,0,0,0,1,1,6,1,37,7,-1,-1,-1,2,1,2
201601RG40060,1,9,0,9,0,8,0,0,0,0,1,1,6,1,42,7,1998,1,13,2,1,2
201601RG40060,2,4,0,18,0,8,0,0,0,0,4,1,6,1,29,6,200,1,4,4,1,4
201601RG40061,1,9,0,18,0,8,0,0,0,0,1,1,6,1,35,6,1497,1,10,7,1,7
201601RG40061,2,9,0,18,0,8,0,0,0,0,4,1,6,1,-1,-1,-1,-1,-1,4,1,4
201601RG40063,1,9,0,18,0,0,0,4,0,0,1,1,6,1,28,6,-1,-1,-1,4,1,4
201601RG40063,2,9,0,2,0,0,0,0,0,0,2,1,6,1,44,7,1968,2,1,6,1,6
201601RG40064,1,9,0,18,0,0,0,10,1,10,1,1,6,1,30,6,1798,8,1,2,1,2
201601RG40066,1,9,0,18,0,0,0,0,0,0,3,1,6,1,44,7,998,1,8,4,1,4
201601RG40069,1,9,0,18,0,8,0,0,0,0,4,1,6,1,65,9,1198,1,1,4,1,4
201601RG40070,1,9,0,18,0,0,0,0,0,0,4,1,6,2,60,9,1896,2,16,2,1,2
201601RG40071,1,11,0,18,0,8,0,0,0,0,4,1,1,2,50,8,4500,2,8,2,1,2
201601RG40072,1,9,0,9,0,8,0,0,0,0,3,1,6,2,59,9,-1,-1,-1,4,1,4
201601RG40072,2,2,0,18,0,8,0,0,0,0,1,1,6,1,17,4,198,1,12,4,1,4
201601RG40073,1,90,0,7,0,8,0,0,0,0,3,1,1,1,27,6,-1,-1,-1,6,1,6
201601RG40075,1,9,0,2,0,8,0,0,0,0,3,1,6,1,38,7,1599,1,13,4,1,4
201601RG40075,2,9,0,1,0,8,0,0,0,0,4,1,6,1,-1,-1,-1,-1,-1,-1,-1,-1
201601RG40078,1,11,0,5,0,0,0,0,0,0,0,1,1,1,-1,-1,-1,-1,-1,-1,-1,-1
201601RG40079,1,9,0,9,0,8,0,10,1,10,4,1,6,1,40,7,1968,2,1,4,1,4
201601RG40079,2,9,0,4,0,8,0,0,0,0,1,1,6,1,-1,-1,1598,1,13,7,1,7
201601RG40083,1,9,0,18,0,8,0,0,0,0,1,1,6,2,52,8,1598,1,7,4,1,4
201601RG40083,2,5,0,4,0,8,0,0,0,0,2,1,6,1,20,4,-1,-1,-1,6,1,6
201601RG40084,1,2,0,15,0,8,0,0,0,0,1,1,6,1,29,6,124,1,3,9,1,9
201601RG40084,2,9,0,9,0,8,0,0,0,0,3,1,6,2,52,8,-1,-1,-1,3,1,3
201601RG40085,1,9,0,18,0,8,0,0,0,0,4,1,6,1,21,5,1242,1,2,5,1,5
201601RG40085,2,9,0,9,0,8,0,0,0,0,1,1,6,2,-1,-1,1590,1,12,6,1,6
201601RG40086,1,9,0,18,0,1,0,0,0,0,0,1,1,1,-1,-1,-1,-1,-1,-1,-1,-1
201601RG40086,2,9,0,5,0,8,0,0,0,0,1,1,6,1,25,5,-1,-1,-1,7,1,7
201601RG40086,3,9,0,4,0,8,0,0,0,0,2,1,6,2,22,5,1229,1,3,1,1,1
201601RG40087,1,9,0,18,0,8,0,0,0,0,4,1,6,1,29,6,-1,-1,-1,-1,-1,-1
201601RG40087,2,9,0,7,0,8,0,0,0,0,1,1,6,1,18,4,1995,2,4,4,1,4
201601RG40088,1,9,0,18,0,8,0,0,0,0,4,1,6,1,37,7,-1,-1,-1,4,1,4
201601RG40090,1,9,0,18,0,8,0,0,0,0,4,1,6,1,-1,-1,-1,-1,-1,-1,-1,-1
201601RG40091,1,9,0,4,0,0,0,0,0,0,2,1,6,2,45,7,1560,2,8,2,1,2
201601RG40091,2,9,0,18,0,0,0,0,0,0,1,1,6,1,-1,-1,1895,1,16,-1,-1,-1
201601RG40093,1,1,0,3,0,8,0,0,0,0,3,1,6,1,30,6,-1,-1,-1,-1,-1,-1
201601RG40093,2,9,0,5,0,8,0,0,0,0,1,1,6,1,-1,-1,-1,-1,-1,-1,-1,-1
201601RG40094,1,9,0,9,0,8,0,0,0,0,3,1,6,2,31,6,1997,1,1,2,1,2
201601RG40094,2,1,0,18,0,8,0,0,0,0,4,1,6,1,44,7,-1,-1,-1,3,1,3
201601RG40095,1,9,0,4,0,8,0,0,0,0,2,1,6,1,31,6,1582,2,3,2,1,2
201601RG40095,2,9,0,18,0,8,0,0,0,0,1,1,6,1,71,10,1910,2,8,2,1,2
201601RG40096,1,9,0,18,0,8,0,0,0,0,1,1,6,1,37,7,2184,2,11,2,1,2
201601RG40096,2,9,0,4,0,8,0,0,0,0,2,1,6,2,20,4,1364,1,10,-1,-1,-1
201601RG40097,1,9,0,4,0,8,0,0,0,0,2,1,6,1,44,7,1997,2,7,-1,-1,-1
201601RG40097,2,9,0,18,0,8,0,0,0,0,1,1,6,1,42,7,1595,1,10,6,1,6
201601RG40098,1,9,0,18,0,0,0,0,0,0,1,1,6,1,61,9,999,1,1,4,1,4
201601RG40099,1,9,0,7,0,8,0,0,0,0,3,1,6,2,68,10,1988,1,15,9,1,9
201601RG40099,2,9,0,18,0,8,0,0,0,0,1,1,6,1,44,7,1998,2,10,8,1,8
201601RG40100,1,4,0,15,0,8,0,0,0,0,4,1,6,1,35,6,-1,-1,-1,6,1,6
201601RG40100,2,9,0,7,0,8,0,0,0,0,3,1,6,1,37,7,3000,1,7,5,1,5
201601RG40101,1,3,0,18,0,0,0,0,0,0,3,1,6,1,26,6,108,1,4,-1,-1,-1
201601RG40101,2,20,0,11,0,0,0,0,0,0,4,1,6,1,-1,-1,-1,-1,-1,-1,-1,-1
201601RG40104,1,11,0,5,0,0,0,0,0,0,0,1,1,1,54,8,-1,-1,-1,10,1,10
201601RG40105,1,9,0,9,0,8,0,0,0,0,4,1,6,2,46,8,-1,-1,-1,5,1,5
201601RG40105,2,1,0,18,0,8,0,0,0,0,1,1,6,2,28,6,-1,-1,-1,6,1,6
201601RG40111,1,9,0,9,0,8,0,0,0,0,3,1,6,1,20,4,-1,-1,-1,2,1,2
201601RG40111,2,5,0,15,0,8,0,0,0,0,1,1,6,1,42,7,599,1,5,9,1,9
201601RG40112,1,9,0,18,0,8,0,0,0,0,4,1,6,2,25,5,998,1,7,2,1,2
201601RG40116,1,9,0,6,0,0,0,7,0,0,1,1,6,1,18,4,1598,1,7,9,1,9
201601RG40117,1,9,0,18,0,0,0,7,0,0,1,1,6,1,18,4,1587,1,11,1,1,1
201601RG40118,1,9,0,18,0,2,5,7,4,6,1,1,6,1,39,7,1997,2,14,2,1,2
201601RG40119,1,2,0,5,0,8,0,0,0,0,1,1,6,1,36,7,125,1,5,2,1,2
201601RG40119,2,9,0,3,0,8,0,0,0,0,4,1,6,1,54,8,1560,2,5,3,1,3
201601RG40122,1,9,0,18,0,0,0,0,0,0,1,1,6,1,27,6,1560,2,3,1,1,1
201601RG40122,2,20,0,4,0,0,0,0,0,0,2,1,6,1,60,9,12777,2,3,4,1,4
201601RG40123,1,9,0,7,0,8,0,0,0,0,3,1,6,1,32,6,2143,2,2,3,1,3
201601RG40123,2,5,0,18,0,8,0,0,0,0,4,1,6,1,47,8,745,1,2,2,1,2
201601RG40124,1,9,0,18,0,8,0,0,0,0,3,1,6,1,-1,-1,-1,-1,-1,-1,-1,-1
201601RG40125,1,21,0,4,0,8,0,0,0,0,2,1,6,1,34,6,10677,2,1,7,1,7
201601RG40125,2,5,0,18,0,8,0,0,0,0,1,1,6,1,54,8,849,1,21,3,1,3
201601RG40127,1,9,0,18,0,8,0,4,1,2,1,1,6,1,17,4,1364,1,1,2,1,2
201601RG40127,2,9,0,2,0,8,0,0,0,0,1,1,6,1,-1,-1,-1,-1,-1,-1,-1,-1
201601RG40127,3,9,0,2,0,8,0,0,0,0,3,1,6,1,-1,-1,-1,-1,-1,-1,-1,-1
201601RG40128,1,9,0,18,0,0,0,4,0,0,4,1,6,1,52,8,-1,-1,-1,-1,-1,-1
201601RG40128,2,9,0,2,0,0,0,0,0,0,2,1,6,2,27,6,1598,1,8,4,1,4
201601RG40130,1,9,0,18,0,0,0,0,0,0,1,1,6,1,40,7,1997,2,6,2,1,2
201601RG40131,1,9,0,7,0,8,0,10,1,10,4,1,6,2,39,7,1769,1,11,7,1,7
201601RG40133,1,9,0,4,0,0,0,0,0,0,2,1,6,1,32,6,1198,1,4,1,1,1
201601RG40133,2,9,0,4,0,0,0,0,0,0,2,1,6,1,-1,-1,1386,1,5,3,1,3
201601RG40133,3,9,0,4,0,0,0,0,0,0,2,1,6,1,34,6,2979,1,13,4,1,4
201601RG40133,4,9,0,18,0,0,0,0,0,0,1,1,6,2,50,8,1588,1,15,-1,-1,-1
201601RG40134,1,1,0,18,4,8,0,0,0,0,1,1,6,1,28,6,-1,-1,-1,4,1,4
201601RG40134,2,9,0,9,0,5,0,0,0,0,4,1,6,1,67,10,2496,1,14,5,1,5
201601RG40135,1,9,0,4,0,8,0,0,0,0,2,1,6,1,35,6,1560,2,5,3,1,3
201601RG40135,2,9,0,18,0,8,0,0,0,0,1,1,6,1,49,8,3199,1,12,2,1,2
201601RG40136,1,9,0,18,0,0,0,10,1,1,4,1,6,1,22,5,1362,1,3,10,1,10
201601RG40138,1,9,0,7,0,8,0,0,0,0,2,1,6,2,30,6,1596,1,9,5,1,5
201601RG40138,2,2,0,18,0,8,1,0,0,0,4,1,6,1,52,8,125,1,1,3,1,3
201601RG40139,1,9,0,8,0,8,0,0,0,0,2,1,6,2,27,6,1364,1,6,4,1,4
201601RG40139,2,2,0,18,0,8,0,0,0,0,1,1,6,1,-1,-1,124,1,10,-1,-1,-1
201601RG40140,1,9,0,18,0,0,0,7,0,0,4,1,6,1,28,6,1796,1,9,2,1,2
201601RG40142,1,9,0,4,0,0,0,0,0,0,2,1,6,2,47,8,2143,2,-1,2,1,2
201601RG40142,2,9,0,18,0,0,0,0,0,0,1,1,6,1,-1,-1,-1,-1,-1,-1,-1,-1
201601RG40143,1,9,0,4,0,8,0,0,0,0,2,1,6,2,42,7,1242,1,9,8,1,8
201601RG40143,2,9,0,18,0,8,0,0,0,0,1,1,6,1,-1,-1,-1,-1,-1,-1,-1,-1
201601RG40144,1,9,0,9,0,8,0,0,0,0,3,1,6,2,31,6,1988,1,16,6,1,6
201601RG40144,2,9,0,18,0,8,1,0,0,0,1,1,6,1,46,8,1497,1,11,3,1,3
201601RG40144,3,9,0,18,0,8,0,0,0,0,1,1,6,1,43,7,1997,2,13,4,1,4
201601RG40145,1,9,0,18,0,8,0,0,0,0,1,1,6,1,58,9,1796,1,14,3,1,3
201601RG40145,2,11,0,4,0,8,0,0,0,0,2,1,1,1,52,8,4461,2,3,2,1,2
201601RG40145,3,9,0,4,0,8,0,0,0,0,2,1,6,2,41,7,1968,2,1,3,1,3
201601RG40146,1,9,0,18,0,8,0,0,0,0,1,1,6,2,29,6,1339,1,13,5,1,5
201601RG40146,2,9,0,7,0,8,0,0,0,0,2,1,6,1,37,7,-1,-1,-1,3,1,3
201601RG40148,1,1,0,18,4,8,0,0,0,0,1,1,6,1,-1,-1,-1,-1,-1,-1,-1,-1
201601RG40148,2,9,0,9,0,8,0,0,0,0,2,1,6,2,29,6,2993,2,5,3,1,3
201601RG40151,1,9,0,6,0,0,0,0,0,0,3,1,6,2,62,9,1598,1,13,2,1,2
201601RG40151,2,5,0,18,0,0,0,0,0,0,1,1,6,1,39,7,449,1,11,5,1,5
201601RG40152,1,9,0,1,0,0,0,0,0,0,2,1,6,1,50,8,-1,-1,-1,2,1,2
201601RG40159,1,9,0,18,0,0,0,0,0,0,3,1,6,1,19,4,999,1,1,8,1,8
201601RG40159,2,9,0,11,0,0,0,0,0,0,4,1,6,1,-1,-1,1598,2,1,-1,-1,-1
201601RG40160,1,9,0,7,0,0,0,0,0,0,3,1,6,1,49,8,1995,2,2,2,1,2
201601RG40160,2,9,0,18,0,0,0,0,0,0,1,1,6,2,-1,-1,1799,1,10,5,1,5
201601RG40165,1,9,0,4,0,8,0,0,0,0,2,1,6,1,52,8,-1,-1,-1,7,1,7
201601RG40165,2,9,0,4,0,8,0,0,0,0,2,1,6,1,62,9,-1,-1,-1,7,1,7
201601RG40165,3,20,0,18,0,8,0,0,0,0,1,1,6,1,-1,-1,-1,-1,-1,-1,-1,-1
201601RG40166,1,9,0,18,0,8,0,0,0,0,4,1,6,1,21,5,799,2,5,3,1,3
201601RG40166,2,9,0,9,0,8,0,0,0,0,1,1,6,1,-1,-1,1598,1,12,-1,-1,-1
201601RG40167,1,9,0,18,0,8,0,0,0,0,1,1,6,2,21,5,-1,-1,-1,2,1,2
201601RG40167,2,9,0,9,0,8,0,0,0,0,4,1,6,1,21,5,-1,-1,-1,-1,-1,-1
201601RG40168,1,9,0,18,0,8,0,4,0,0,1,1,6,1,19,4,-1,-1,-1,3,1,3
201601RG40168,2,9,0,2,0,8,0,0,0,0,2,1,6,1,38,7,1598,1,8,1,1,1
201601RG40169,1,11,0,5,0,8,0,0,0,0,0,1,1,1,35,6,9000,2,7,3,1,3
201601RG40170,1,9,0,9,0,8,0,0,0,0,3,1,6,1,48,8,998,1,9,1,1,1
201601RG40170,2,9,0,18,0,8,0,0,0,0,1,1,6,2,-1,-1,1796,1,2,-1,-1,-1
201601RG40171,1,9,0,7,0,8,0,4,0,0,4,1,6,2,48,8,1198,1,13,5,1,5
201601RG40171,2,9,0,2,0,8,0,0,0,0,4,1,6,2,55,8,1998,1,13,4,1,4
201601RG40181,1,5,0,15,0,0,0,0,0,0,1,1,6,1,29,6,-1,-1,-1,2,1,2
201601RG40181,2,1,0,18,0,0,0,0,0,0,2,1,6,1,45,7,-1,-1,-1,8,1,8
201601RG40182,1,9,0,9,0,8,0,0,0,0,1,1,6,2,32,6,1229,1,8,6,1,6
201601RG40182,2,1,0,18,4,8,0,0,0,0,1,1,6,1,-1,-1,-1,-1,-1,-1,-1,-1
201601RG40183,1,9,0,18,0,0,0,0,0,0,4,1,6,1,-1,-1,-1,-1,-1,-1,-1,-1
201601RG40184,1,9,0,4,0,8,0,0,0,0,2,1,6,2,59,9,1242,1,1,8,1,8
201601RG40184,2,5,0,18,0,8,0,0,0,0,1,1,6,1,39,7,748,1,8,4,1,4
201601RG40185,1,9,0,7,0,8,0,0,0,0,3,1,6,2,28,6,1798,1,11,5,1,5
201601RG40185,2,1,0,18,0,8,0,0,0,0,1,1,6,1,32,6,-1,-1,-1,2,1,2
201601RG40187,1,9,0,11,0,0,0,0,0,0,4,1,6,1,46,8,1968,2,8,3,1,3
201601RG40187,2,3,0,18,0,0,0,0,0,0,3,1,6,1,24,5,124,1,5,5,1,5
201601RG40188,1,11,0,5,0,8,0,0,0,0,1,1,1,1,48,8,7300,2,10,2,1,2
201601RG40188,2,9,0,4,0,8,0,0,0,0,2,1,6,1,22,5,-1,-1,-1,8,1,8
201601RG40189,1,9,0,9,0,8,0,0,0,0,1,1,6,1,44,7,1600,1,12,8,1,8
201601RG40189,2,9,0,18,0,8,0,0,0,0,1,1,6,1,30,6,2494,1,16,7,1,7
201601RG40190,1,9,0,7,0,8,0,0,0,0,4,1,6,2,68,10,1797,1,17,4,1,4
201601RG40190,2,1,0,18,0,8,0,0,0,0,1,1,6,1,36,7,-1,-1,-1,5,1,5
201601RG40192,1,9,0,18,0,0,0,0,0,0,1,1,6,1,50,8,1796,1,11,4,1,4
201601RG40192,2,9,0,4,0,0,0,0,0,0,2,1,6,2,45,7,998,1,2,3,1,3
201601RG40193,1,9,0,18,0,8,0,10,0,0,3,1,6,1,26,6,1999,1,2,2,1,2
201601RG40193,2,19,0,11,0,8,0,0,0,0,4,1,6,1,-1,-1,-1,-1,-1,-1,-1,-1
201601RG40194,1,9,0,18,0,8,0,0,0,0,2,1,6,2,30,6,1242,1,4,3,1,3
201601RG40194,2,9,0,18,0,8,0,0,0,0,1,1,6,1,-1,-1,1968,2,5,5,1,5
201601RG40195,1,9,0,4,0,0,0,0,0,0,2,1,6,2,21,5,1598,2,6,10,3,10
201601RG40195,2,8,0,18,0,0,0,0,0,0,1,1,6,1,-1,-1,-1,-1,-1,3,1,3
201601RG40195,3,9,0,4,0,0,0,0,0,0,2,1,6,1,-1,-1,1997,2,9,-1,-1,-1
201601RG40198,1,9,0,18,0,8,0,0,0,0,3,1,6,1,40,7,1796,1,5,2,1,2
201601RG40198,2,9,0,9,0,8,0,0,0,0,1,1,6,1,22,5,1149,1,12,2,1,2
201601RG40199,1,9,0,15,0,0,0,10,1,2,1,1,6,1,24,5,-1,-1,-1,3,1,3
201601RG40199,2,9,0,18,0,0,0,0,0,0,2,1,6,1,41,7,-1,-1,-1,6,1,6
201601RG40200,1,9,0,18,0,2,0,0,0,0,1,1,2,1,22,5,2143,2,6,3,1,3
201601RG40200,2,9,0,18,0,2,0,0,0,0,2,1,2,1,39,7,1396,1,13,2,1,2
201601RG40202,1,19,0,18,0,8,0,0,0,0,1,1,1,1,58,9,1499,2,2,9,1,9
201601RG40202,2,1,0,18,0,6,0,0,0,0,4,1,2,1,30,6,-1,-1,-1,7,1,7
201601RG40203,1,9,0,11,0,8,0,0,0,0,1,1,6,1,37,7,1360,1,14,3,1,3
201601RG40203,2,3,0,17,0,8,0,0,0,0,2,1,6,1,30,6,125,1,8,3,1,3
201601RG40204,1,9,0,18,0,0,0,0,0,0,1,1,6,1,-1,-1,-1,-1,-1,-1,-1,-1
201601RG40205,1,9,0,18,0,8,0,0,0,0,1,1,6,1,25,5,1796,1,8,4,1,4
201601RG40206,1,9,0,18,0,0,0,0,0,0,4,1,6,1,30,6,1798,1,4,3,1,3
201601RG40207,1,9,0,18,0,0,0,0,0,0,4,1,6,1,41,7,1798,8,1,2,1,2
201601RG40208,1,9,0,18,0,0,0,0,0,0,4,1,6,1,27,6,1799,1,8,5,1,5
201601RG40208,2,9,0,18,0,0,0,0,0,0,3,1,6,1,28,6,2204,2,8,2,1,2
201601RG40209,1,9,0,18,0,0,0,0,0,0,2,1,6,1,36,7,1686,2,12,2,1,2
201601RG40209,2,3,0,15,0,0,1,10,7,0,1,1,6,1,-1,-1,478,1,4,-1,-1,-1
201601RG40210,1,9,0,18,0,0,0,0,0,0,4,1,6,1,53,8,2494,1,16,3,1,3
201601RG40213,1,3,0,18,0,8,0,0,0,0,1,1,6,1,-1,-1,-1,-1,-1,-1,-1,-1
201601RG40213,2,9,0,18,0,8,0,0,0,0,1,1,6,1,30,6,1298,1,17,3,1,3
201601RG40214,1,9,0,7,0,8,0,0,0,0,4,1,6,1,31,6,2204,2,8,2,1,2
201601RG40214,2,9,0,18,2,8,0,0,0,0,1,1,6,2,38,7,1596,1,10,10,1,10
201601RG40216,1,9,0,4,0,8,0,0,0,0,2,1,6,1,37,7,1686,2,6,2,1,2
201601RG40216,2,9,0,18,0,8,0,0,0,0,1,1,6,2,46,8,-1,-1,-1,2,1,2
201601RG40217,1,20,0,15,0,8,0,0,0,0,1,1,6,1,37,7,3920,2,6,3,1,3
201601RG40217,2,1,0,18,4,8,0,0,0,0,2,1,6,1,53,8,-1,-1,-1,3,1,3
201601RG40218,1,9,0,5,0,0,0,0,0,0,3,1,6,1,30,6,-1,-1,-1,-1,-1,-1
201601RG40218,2,9,0,18,0,0,0,0,0,0,4,1,6,2,55,8,1198,1,2,4,1,4
201601RG40219,1,21,0,18,0,0,0,0,0,0,4,1,6,1,62,9,12740,2,2,7,2,7
201601RG40219,2,9,0,5,0,0,0,0,0,0,3,1,1,2,38,7,2996,1,7,5,1,5
201601RG40220,1,11,0,4,0,8,0,0,0,0,0,1,1,2,54,8,4500,2,2,2,1,2
201601RG40221,1,9,0,18,0,8,0,0,0,0,3,1,6,1,57,9,1798,8,3,2,1,2
201601RG40221,2,9,0,9,0,8,0,0,0,0,1,1,6,1,64,9,1197,1,1,3,1,3
201601RG40223,1,9,0,18,0,8,0,0,0,0,1,1,6,1,19,4,-1,-1,-1,4,1,4
201601RG40223,2,9,0,9,0,8,0,0,0,0,3,1,6,1,20,4,1229,1,3,-1,-1,-1
201601RG40224,1,9,0,5,0,8,0,4,0,0,3,1,6,1,85,11,1598,1,3,6,1,6
201601RG40224,2,9,0,2,0,8,0,0,0,0,4,1,6,1,-1,-1,2993,2,9,-1,-1,-1
201601RG40226,1,9,0,5,0,8,0,0,0,0,3,1,6,1,63,9,-1,-1,-1,2,1,2
201601RG40226,2,9,0,9,0,8,0,0,0,0,1,1,6,1,-1,-1,-1,-1,-1,-1,-1,-1
201601RG40232,1,9,0,18,0,0,0,0,0,0,1,1,6,2,28,6,1975,1,10,6,1,6
201601RG40232,2,9,0,4,0,0,0,0,0,0,2,1,6,2,49,8,1397,1,15,3,1,3
201601RG40233,1,9,0,4,0,8,0,0,0,0,2,1,6,2,38,7,999,1,1,5,1,5
201601RG40233,2,9,0,18,0,8,0,0,0,0,1,1,6,1,24,5,1388,1,12,5,1,5
201601RG40235,1,9,0,3,0,8,0,0,0,0,3,1,6,2,51,8,1598,1,5,2,1,2
201601RG40235,2,3,0,18,0,8,0,0,0,0,1,1,6,1,37,7,125,1,1,5,1,5
201601RG40236,1,9,0,7,0,8,0,0,0,0,3,1,6,1,19,4,1995,2,2,2,1,2
201601RG40236,2,11,0,9,0,8,0,0,0,0,3,1,1,2,32,6,-1,-1,-1,6,1,6
201601RG40237,1,9,0,18,0,0,0,0,0,0,3,1,6,2,55,8,1598,1,3,3,1,3
201601RG40237,2,9,0,15,0,0,0,0,0,0,4,1,6,1,-1,-1,-1,-1,-1,-1,-1,-1
201601RG40238,1,19,0,4,0,0,0,0,0,0,2,1,6,1,32,6,2198,2,3,4,1,4
201601RG40238,2,9,0,4,0,0,0,0,0,0,2,1,6,1,54,8,1798,1,11,3,1,3
201601RG40238,3,9,0,4,0,0,0,0,0,0,2,1,6,1,31,6,1968,2,7,6,1,6
201601RG40238,4,9,0,18,0,0,0,0,0,0,1,1,6,2,34,6,1762,1,17,3,1,3
201601RG40239,1,3,0,18,0,0,0,0,0,0,1,1,6,1,38,7,689,1,2,3,1,3