Accident_Index,Vehicle_Reference,Vehicle_Type,Towing_and_Articulation,Vehicle_Manoeuvre,Vehicle_Location-Restricted_Lane,Junction_Location,Skidding_and_Overturning,Hit_Object_in_Carriageway,Vehicle_Leaving_Carriageway,Hit_Object_off_Carriageway,1st_Point_of_Impact,Was_Vehicle_Left_Hand_Drive?,Journey_Purpose_of_Driver,Sex_of_Driver,Age_of_Driver,Age_Band_of_Driver,Engine_Capacity_(CC),Propulsion_Code,Age_of_Vehicle,Driver_IMD_Decile,Driver_Home_Area_Type,Vehicle_IMD_Decile
201601RG40416,1,5,0,3,0,0,0,0,0,0,1,1,6,3,-1,-1,-1,-1,-1,-1,-1,-1
201601RG40418,1,9,0,7,0,8,0,0,0,0,1,1,6,1,39,7,1598,2,1,9,1,9
201601RG40418,2,9,0,7,0,8,0,0,0,0,2,1,6,3,-1,-1,2183,2,4,-1,-1,-1
201601RG40419,1,21,0,18,0,8,0,0,0,0,2,1,6,1,62,9,12419,2,5,3,1,3
201601RG40419,2,9,0,18,0,8,0,0,0,0,1,1,6,2,29,6,-1,-1,-1,7,1,7
201601RG40420,1,9,0,18,0,0,0,4,0,0,1,1,6,1,18,4,1598,2,1,3,1,3
201601RG40420,2,9,0,2,0,0,0,0,0,0,1,1,6,2,-1,-1,1198,1,12,7,1,7
201601RG40420,3,9,0,2,0,0,0,0,0,0,1,1,6,1,67,10,1596,1,4,7,1,7
201601RG40421,1,20,0,18,0,8,0,10,7,2,1,1,6,1,22,5,-1,-1,-1,8,1,8
201601RG40421,2,9,0,6,0,8,0,0,0,0,1,1,6,2,-1,-1,1598,1,15,2,1,2
201601RG40422,1,9,0,18,0,8,0,0,0,0,0,1,6,1,53,8,1998,1,9,5,1,5
201601RG40422,2,9,0,2,0,1,0,0,0,0,3,1,6,2,-1,-1,998,1,4,8,1,8
201601RG40423,1,11,0,18,0,0,0,0,0,0,1,1,1,1,26,6,8268,2,13,7,1,7
201601RG40423,2,9,0,14,0,0,0,0,0,0,2,1,6,1,23,5,-1,-1,-1,7,1,7
201601RG40425,1,8,0,18,0,8,0,0,0,0,4,1,6,1,52,8,1798,8,1,2,1,2
201601RG40426,1,9,0,12,0,8,0,0,0,0,1,1,1,1,26,6,1998,2,12,3,1,3
201601RG40426,2,9,0,18,0,8,2,0,0,0,2,1,1,1,48,8,-1,-1,-1,-1,-1,-1
201601RG40427,1,9,0,18,0,8,0,0,0,0,1,1,6,1,31,6,-1,-1,-1,4,1,4
201601RG40430,1,9,0,4,0,0,0,0,0,0,2,1,6,2,30,6,-1,-1,-1,9,1,9
201601RG40430,2,19,0,5,0,0,0,0,0,0,1,1,6,2,-1,-1,-1,-1,-1,5,1,5
201601RG40433,1,9,0,9,0,8,0,0,0,0,3,1,6,1,36,7,1984,1,15,5,1,5
201601RG40433,2,5,0,18,0,8,0,0,0,0,2,1,6,1,-1,-1,821,1,3,-1,-1,-1
201601RG40435,1,9,0,18,0,8,0,0,0,0,4,1,6,2,30,6,-1,-1,-1,4,1,4
201601RG40436,1,21,0,11,0,0,0,0,0,0,4,1,6,1,60,9,-1,-1,-1,2,1,2
201601RG40436,2,9,0,18,0,0,0,0,0,0,3,1,6,2,54,8,1598,1,11,6,1,6
201601RG40437,1,9,0,18,0,8,0,0,0,0,4,1,6,1,52,8,-1,-1,-1,-1,-1,-1
201601RG40437,2,9,0,18,0,8,0,0,0,0,1,1,6,1,71,10,1910,2,9,2,1,2
201601RG40439,1,9,0,3,0,8,0,0,0,0,0,1,1,1,52,8,1598,2,2,6,3,6
201601RG40439,2,9,0,3,0,8,0,0,0,0,1,1,6,1,80,11,-1,-1,-1,2,1,2
201601RG40440,1,3,0,18,0,0,0,0,0,0,3,1,6,1,51,8,124,1,1,2,1,2
201601RG40441,1,3,0,18,0,8,0,0,0,0,1,1,6,1,22,5,124,1,6,3,1,3
201601RG40441,2,9,0,9,0,8,0,0,0,0,3,1,6,1,24,5,-1,-1,-1,5,1,5
201601RG40442,1,9,0,4,0,0,0,0,0,0,3,1,6,1,26,6,1598,1,10,3,1,3
201601RG40442,2,9,0,15,0,0,0,0,0,0,3,1,6,1,21,5,1598,1,11,5,1,5
201601RG40442,3,9,0,4,0,0,0,0,0,0,3,1,6,1,34,6,2143,2,2,3,1,3
201601RG40442,4,9,0,18,0,0,0,0,0,0,4,1,6,1,51,8,1339,1,12,3,1,3
201601RG40443,1,9,0,18,0,8,0,0,0,0,0,1,6,2,30,6,998,1,-1,9,1,9
201601RG40443,2,9,0,7,0,8,0,0,0,0,0,1,6,3,-1,-1,-1,-1,-1,-1,-1,-1
201601RG40444,1,9,0,18,0,8,0,0,0,0,1,1,6,1,63,9,2295,1,14,2,1,2
201601RG40444,2,3,0,18,0,8,0,0,0,0,3,1,6,1,28,6,124,1,3,5,1,5
201601RG40445,1,11,0,18,0,2,0,0,0,0,0,1,1,1,57,9,-1,-1,-1,-1,1,-1
201601RG40446,1,8,0,18,0,0,0,0,0,0,3,1,6,1,45,7,-1,-1,-1,2,1,2
201601RG40446,2,9,0,15,0,0,0,0,0,0,4,1,6,1,-1,-1,-1,-1,-1,-1,-1,-1
201601RG40447,1,9,0,18,0,0,0,10,1,10,4,1,6,2,37,7,1598,1,12,3,1,3
201601RG40448,1,9,0,9,0,8,5,0,0,0,4,1,6,1,25,5,1242,1,1,3,1,3
201601RG40449,1,5,0,18,0,8,0,0,0,0,1,1,6,1,42,7,998,1,1,3,1,3
201601RG40449,2,9,0,9,0,8,0,0,0,0,0,1,6,3,-1,-1,-1,-1,-1,-1,-1,-1
201601RG40450,1,9,0,18,0,8,0,0,0,0,1,1,1,1,-1,-1,1242,1,1,3,1,3
201601RG40450,2,1,0,9,0,8,0,0,0,0,1,1,6,1,41,7,-1,-1,-1,-1,-1,-1
201601RG40451,1,19,0,18,0,8,0,0,0,0,0,1,1,1,46,8,-1,-1,-1,-1,1,-1
201601RG40451,2,1,0,18,0,8,0,0,0,0,1,1,6,1,39,7,-1,-1,-1,-1,1,-1
201601RG40452,1,9,0,10,0,0,0,0,0,0,1,1,6,1,30,6,1910,2,10,6,1,6
201601RG40452,2,1,0,18,0,0,0,0,0,0,1,1,6,1,30,6,-1,-1,-1,-1,-1,-1
201601RG40453,1,9,0,18,0,8,0,0,0,0,2,1,6,1,29,6,-1,-1,-1,7,1,7
201601RG40453,2,9,0,18,0,8,0,0,0,0,2,1,6,1,53,8,-1,-1,-1,-1,-1,-1
201601RG40454,1,9,0,18,0,8,0,0,0,0,1,1,6,2,35,6,-1,-1,-1,2,1,2
201601RG40454,2,9,0,18,0,8,0,0,0,0,4,1,6,3,-1,-1,-1,-1,-1,-1,-1,-1
201601RG40458,1,1,0,18,0,8,0,0,0,0,2,1,6,1,44,7,-1,-1,-1,2,1,2
201601RG40458,2,9,0,18,0,8,0,0,0,0,1,1,6,1,-1,-1,-1,-1,-1,-1,-1,-1
201601RG40459,1,9,0,18,0,0,0,10,1,10,4,1,6,1,35,6,1598,1,9,2,1,2
201601RG40461,1,5,0,18,0,0,0,0,0,0,1,1,6,3,-1,-1,-1,-1,-1,-1,-1,-1
201601RG40462,1,9,0,18,0,0,0,0,0,0,3,1,6,1,31,6,1998,1,12,-1,-1,-1
201601RG40462,2,9,0,18,0,0,0,0,0,0,2,1,6,2,21,5,1198,1,3,2,1,2
201601RG40464,1,9,0,18,0,0,0,0,0,0,1,1,6,2,25,5,1984,1,6,3,1,3
201601RG40464,2,9,0,18,0,0,0,0,0,0,1,1,6,1,26,6,1242,1,8,2,1,2
201601RG40464,3,9,0,18,0,0,1,0,0,0,1,1,6,1,21,5,-1,-1,-1,2,1,2
201601RG40465,1,9,0,9,0,8,0,0,0,0,1,1,2,1,47,8,-1,-1,-1,3,1,3
201601RG40465,2,20,0,9,0,8,0,0,0,0,4,1,6,1,22,5,-1,-1,-1,-1,-1,-1
201601RG40466,1,9,0,18,0,0,0,0,0,0,1,1,1,1,-1,-1,2143,2,1,-1,-1,-1
201601RG40466,2,9,0,18,0,0,0,0,0,0,2,1,6,1,-1,-1,998,1,8,9,1,9
201601RG40467,1,9,0,18,0,0,0,0,0,0,3,1,6,1,29,6,1956,2,3,2,1,2
201601RG40467,2,5,0,18,0,0,0,0,0,0,1,1,6,3,-1,-1,-1,-1,-1,-1,-1,-1
201601RG40468,1,9,0,18,0,8,0,0,0,0,1,1,6,2,30,6,-1,-1,-1,-1,-1,-1
201601RG40468,2,2,0,9,0,8,0,0,0,0,4,1,6,2,32,6,124,1,6,5,1,5
201601RG40469,1,3,0,15,0,0,0,0,0,0,3,1,6,1,24,5,-1,-1,-1,1,1,1
201601RG40470,1,9,0,18,0,8,0,0,0,0,2,1,6,2,42,7,1998,1,13,-1,-1,-1
201601RG40470,2,9,0,18,0,8,0,0,0,0,1,1,6,1,36,7,1984,1,14,3,1,3
201601RG40473,1,9,0,18,0,8,0,0,0,0,1,1,6,1,-1,-1,-1,-1,-1,-1,-1,-1
201601RG40475,1,9,0,1,0,0,0,0,0,0,2,1,6,1,-1,-1,1991,8,-1,-1,-1,-1
201601RG40476,1,1,0,4,0,8,0,0,0,0,3,1,6,2,28,6,-1,-1,-1,3,1,3
201601RG40476,2,9,0,3,0,8,0,0,0,0,4,1,6,2,48,8,1390,1,16,8,1,8
201601RG40477,1,9,0,18,0,8,0,10,4,6,3,1,6,1,20,4,998,1,8,4,1,4
201601RG40480,1,1,0,18,0,0,0,0,0,0,2,1,6,1,26,6,-1,-1,-1,4,1,4
201601RG40480,2,9,0,13,0,0,0,0,0,0,1,1,6,1,-1,-1,-1,-1,-1,9,1,9
201601RG40481,1,8,0,18,0,8,0,0,0,0,1,1,6,1,66,10,-1,-1,-1,5,1,5
201601RG40481,2,9,0,18,0,8,0,0,0,0,1,1,2,1,60,9,1597,1,19,-1,-1,-1
201601RG40482,1,9,0,18,0,0,0,0,0,0,2,1,6,2,56,9,1598,1,10,5,1,5
201601RG40482,2,9,0,18,0,0,0,0,0,0,1,1,1,2,-1,-1,1560,2,11,2,1,2
201601RG40483,1,1,0,9,0,8,0,0,0,0,1,1,6,1,58,9,-1,-1,-1,2,1,2
201601RG40483,2,9,0,18,0,2,0,0,0,0,1,1,6,3,-1,-1,1598,2,5,-1,-1,-1
201601RG40484,1,9,0,18,0,8,0,0,0,0,4,1,6,1,22,5,1598,2,1,3,1,3
201601RG40484,2,20,0,18,0,8,0,0,0,0,3,1,6,1,-1,-1,-1,-1,-1,-1,-1,-1
201601RG40485,1,9,0,18,0,8,0,0,0,0,3,1,6,1,24,5,1596,1,9,4,1,4
201601RG40485,2,9,0,9,0,8,0,0,0,0,4,1,6,1,-1,-1,-1,-1,-1,-1,-1,-1
201601RG40487,1,9,0,6,0,8,0,0,0,0,4,1,6,1,44,7,1968,2,7,7,1,7
201601RG40487,2,3,0,18,0,8,0,0,0,0,1,1,6,1,28,6,999,1,5,3,1,3
201601RG40488,1,9,0,18,0,8,0,0,0,0,1,1,6,1,46,8,1686,2,3,2,1,2
201601RG40488,2,9,0,10,0,8,0,0,0,0,4,1,6,2,44,7,1397,1,14,8,1,8
201601RG40489,1,5,0,18,0,0,0,0,0,0,4,1,6,1,31,6,471,1,3,4,1,4
201601RG40490,1,9,0,18,0,0,0,0,0,0,2,1,6,1,44,7,2143,2,4,-1,-1,-1
201601RG40490,2,21,0,7,0,0,0,0,0,0,3,1,2,1,44,7,12777,2,5,7,3,7
201601RG40492,1,11,0,5,0,0,0,0,0,0,0,1,1,1,51,8,6700,2,4,2,1,2
201601RG40493,1,9,0,4,0,8,0,0,0,0,2,1,6,1,24,5,999,1,1,8,1,8
201601RG40493,2,9,0,18,0,8,0,0,0,0,1,1,6,1,43,7,1896,2,9,2,1,2
201601RG40495,1,9,0,3,0,0,0,0,0,0,2,1,6,1,22,5,1796,1,8,6,1,6
201601RG40495,2,9,0,4,0,0,0,0,0,0,2,1,6,1,45,7,2685,2,13,2,1,2
201601RG40495,3,9,0,4,0,0,0,0,0,0,1,1,6,1,31,6,-1,-1,-1,4,1,4
201601RG40496,1,9,0,18,0,8,0,0,0,0,1,1,6,2,44,7,1997,2,12,9,1,9
201601RG40496,2,9,0,9,0,8,0,0,0,0,4,1,6,1,20,4,1598,1,11,9,1,9
201601RG40498,1,9,0,1,0,8,0,0,0,0,2,1,6,1,-1,-1,-1,-1,-1,-1,-1,-1
201601RG40499,1,9,0,18,0,8,0,0,0,0,1,1,6,1,-1,-1,-1,-1,-1,-1,-1,-1
201601RG40500,1,3,0,18,0,8,0,0,0,0,1,1,6,1,22,5,124,1,1,2,1,2
201601RG40500,2,9,0,9,0,8,0,0,0,0,4,1,6,1,-1,-1,2497,2,11,-1,-1,-1
201601RG40501,1,9,0,6,0,0,0,0,0,0,3,1,6,1,57,9,1595,1,9,2,1,2
201601RG40501,2,3,0,18,0,0,0,0,0,0,1,1,6,1,27,6,124,1,4,8,1,8
201601RG40502,1,4,0,18,0,0,0,0,0,0,1,1,6,1,43,7,124,1,5,4,1,4
201601RG40502,2,9,0,12,0,0,0,0,0,0,2,1,6,2,28,6,1364,1,9,5,1,5
201601RG40503,1,9,0,9,0,8,0,0,0,0,4,1,6,1,28,6,1598,2,1,3,1,3
201601RG40503,2,9,0,18,0,8,0,0,0,0,0,1,6,2,28,6,1796,1,11,6,1,6
201601RG40504,1,9,0,5,0,8,0,0,0,0,3,1,6,2,38,7,2996,1,8,2,1,2
201601RG40505,1,9,0,7,0,8,0,0,0,0,1,1,6,3,-1,-1,-1,-1,-1,-1,-1,-1
201601RG40506,1,9,0,9,0,8,0,0,0,0,2,1,6,1,50,8,1560,2,5,2,1,2
201601RG40506,2,9,0,18,0,8,0,0,0,0,1,1,6,1,-1,-1,1497,8,11,-1,-1,-1
201601RG40507,1,9,0,9,0,8,0,0,0,0,4,1,6,2,49,8,1388,1,7,9,1,9
201601RG40507,2,1,0,18,0,8,0,0,0,0,1,1,6,1,26,6,-1,-1,-1,8,1,8
201601RG40508,1,9,0,18,0,8,0,10,7,10,3,1,6,1,19,4,1598,1,5,3,1,3
201601RG40509,1,9,0,2,0,8,0,0,0,0,3,1,6,1,37,7,1598,1,17,3,1,3
201601RG40509,2,1,0,18,0,8,0,4,0,0,1,1,6,1,26,6,-1,-1,-1,3,1,3
201601RG40510,1,1,0,9,0,8,0,0,0,0,4,1,6,2,32,6,-1,-1,-1,5,1,5
201601RG40510,2,9,0,18,0,8,0,0,0,0,1,1,6,1,-1,-1,-1,-1,-1,-1,-1,-1
201601RG40513,1,1,0,18,0,8,0,0,0,0,4,1,6,1,32,6,-1,-1,-1,-1,-1,-1
201601RG40513,2,9,0,7,0,8,0,0,0,0,3,1,6,1,-1,-1,-1,-1,-1,-1,-1,-1
201601RG40514,1,9,0,18,0,8,0,0,0,0,1,1,6,2,38,7,1598,1,14,2,1,2
201601RG40514,2,9,0,3,0,8,0,0,0,0,2,1,6,1,28,6,1997,2,12,2,1,2
201601RG40515,1,9,0,18,0,8,0,0,0,0,3,1,6,1,50,8,1997,2,8,5,1,5
201601RG40515,2,9,0,12,0,8,0,0,0,0,3,1,6,1,42,7,1598,1,15,5,1,5
201601RG40516,1,9,0,4,0,8,0,0,0,0,2,1,6,2,17,4,-1,-1,-1,7,1,7
201601RG40516,2,9,0,5,0,8,0,0,0,0,1,1,6,1,-1,-1,2987,2,-1,-1,-1,-1
201601RG40518,1,11,0,5,0,0,0,0,0,0,1,1,1,1,50,8,9999,2,19,-1,-1,-1
201601RG40518,2,9,0,3,0,0,0,0,0,0,2,1,6,1,22,5,1995,2,3,4,1,4
201601RG40522,1,9,0,18,0,8,0,0,0,0,3,1,6,2,45,7,1339,1,10,2,1,2
201601RG40522,2,9,0,9,0,8,0,0,0,0,4,1,6,1,25,5,1599,1,11,-1,-1,-1
201601RG40524,1,11,0,5,0,0,0,0,0,0,4,1,1,1,46,8,6700,2,5,2,1,2
201601RG40526,1,1,0,18,0,0,0,0,0,0,4,1,6,1,-1,-1,-1,-1,-1,-1,-1,-1
201601RG40528,1,9,0,3,0,1,0,0,0,0,2,1,6,1,24,5,1499,2,-1,2,1,2
201601RG40528,2,19,0,4,0,1,0,0,0,0,1,1,6,1,65,9,-1,-1,-1,4,1,4
201601RG40529,1,9,0,18,0,8,0,0,0,0,4,1,6,1,-1,-1,-1,-1,-1,-1,-1,-1
201601RG40530,1,9,0,7,0,8,0,0,0,0,3,1,6,1,34,6,1798,8,2,4,1,4
201601RG40531,1,21,0,11,0,0,0,0,0,0,4,1,6,1,24,5,-1,-1,-1,-1,-1,-1
201601RG40531,2,9,0,18,0,0,0,0,0,0,3,1,6,1,21,5,2000,2,11,5,1,5
201601RG40532,1,9,0,4,0,8,0,0,0,0,2,1,6,2,46,8,-1,-1,-1,5,1,5
201601RG40532,2,2,0,18,0,8,0,0,0,0,1,1,6,1,-1,-1,-1,-1,-1,-1,-1,-1
201601RG40533,1,9,0,9,0,8,0,0,0,0,4,1,6,1,51,8,1560,2,3,7,1,7
201601RG40533,2,1,0,18,0,8,0,0,0,0,1,1,6,1,18,4,-1,-1,-1,5,1,5
201601RG40534,1,9,0,18,0,0,5,10,0,0,4,1,6,1,30,6,1595,1,11,5,1,5
201601RG40535,1,9,0,9,0,8,0,0,0,0,2,1,6,1,36,7,1798,8,-1,6,1,6
201601RG40535,2,9,0,9,0,8,0,0,0,0,1,1,6,1,-1,-1,1339,8,8,-1,-1,-1
201601RG40536,1,9,0,4,0,8,0,0,0,0,2,1,6,1,28,6,1339,8,4,2,1,2
201601RG40536,2,9,0,18,0,8,0,0,0,0,1,1,6,1,-1,-1,1560,2,3,-1,-1,-1
201601RG40537,1,8,0,5,0,8,0,0,0,0,3,1,6,1,-1,-1,-1,-1,-1,-1,-1,-1
201601RG40547,1,9,0,4,0,0,0,0,0,0,2,1,6,1,41,7,1995,2,12,2,1,2
201601RG40547,2,9,0,18,0,0,0,0,0,0,1,1,6,1,-1,-1,-1,-1,-1,-1,-1,-1
201601RG40550,1,9,0,8,0,8,0,0,0,0,2,1,6,2,51,8,998,1,-1,5,1,5
201601RG40550,2,9,0,5,0,8,0,0,0,0,1,1,6,1,-1,-1,1956,2,2,-1,-1,-1
201601RG40559,1,5,0,4,0,8,0,0,0,0,3,1,6,1,57,9,1200,1,7,2,1,2
201601RG40564,1,9,0,4,0,8,0,0,0,0,1,1,6,1,-1,-1,-1,-1,-1,-1,-1,-1
201601RG40567,1,9,0,18,0,8,0,0,0,0,1,1,6,2,-1,-1,1242,1,4,9,1,9
201601RG40567,2,9,0,9,0,8,0,0,0,0,3,1,6,1,45,7,-1,-1,-1,-1,-1,-1
201601RG40571,1,9,0,9,0,8,0,0,0,0,1,1,6,1,30,6,1995,2,8,4,1,4
201601RG40571,2,19,0,18,0,8,0,0,0,0,1,1,1,1,42,7,-1,-1,-1,4,1,4
201601RG40572,1,9,0,5,0,8,0,0,0,0,1,1,6,2,24,5,1248,2,2,3,1,3
201601RG40572,2,9,0,4,0,8,0,0,0,0,2,1,6,1,36,7,2497,2,10,5,1,5
201601RG40577,1,9,0,9,0,8,0,0,0,0,3,1,6,2,76,11,1591,1,-1,4,1,4
201601RG40577,2,9,0,18,0,8,0,0,0,0,1,1,6,1,73,10,2179,2,3,2,1,2
201601RG40581,1,9,0,3,0,1,0,0,0,0,2,1,6,1,38,7,1769,1,11,-1,-1,-1
201601RG40581,2,9,0,18,0,1,0,0,0,0,1,1,6,3,-1,-1,-1,-1,-1,-1,-1,-1
201601RG40588,1,1,0,18,0,8,0,0,0,0,2,1,6,1,28,6,-1,-1,-1,6,1,6
201601RG40588,2,20,0,5,0,8,0,0,0,0,1,1,6,1,-1,-1,-1,-1,-1,-1,-1,-1
201601RG40589,1,9,0,18,0,8,0,0,0,0,1,1,6,1,40,7,1598,2,2,3,1,3
201601RG40589,2,9,0,6,0,8,0,0,0,0,2,1,6,1,-1,-1,1596,1,9,2,1,2
201601RG40590,1,9,0,18,0,0,0,0,0,0,4,1,6,1,36,7,2993,2,-1,5,1,5
201601RG40590,2,9,0,12,0,0,0,0,0,0,3,1,6,1,28,6,1199,1,12,4,1,4
201601RG40591,1,9,0,18,0,0,0,0,0,0,1,1,6,1,55,8,1686,2,6,9,1,9
201601RG40610,1,9,0,18,0,8,0,0,0,0,4,1,6,1,40,7,2993,2,4,5,1,5
201601RG40610,2,9,0,7,0,8,0,0,0,0,1,1,6,1,-1,-1,-1,-1,-1,-1,-1,-1
201601RG40618,1,9,0,6,0,8,0,0,0,0,4,1,6,1,-1,-1,973,1,15,6,1,6
201601RG40618,2,3,0,18,0,8,0,0,0,0,1,1,6,1,-1,-1,108,1,-1,-1,-1,-1
201601RG40624,1,9,0,4,0,0,0,0,0,0,2,1,6,1,30,6,2979,1,14,2,1,2
201601RG40624,2,9,0,18,0,0,0,0,0,0,1,1,6,1,-1,-1,-1,-1,-1,-1,-1,-1
201601RG40638,1,1,0,18,4,8,0,0,0,0,3,1,6,2,30,6,-1,-1,-1,-1,-1,-1
201601RG40638,2,9,0,18,0,8,0,0,0,0,4,1,6,1,-1,-1,-1,-1,-1,-1,-1,-1
201601RG40639,1,9,0,18,0,8,0,0,0,0,4,1,6,1,18,4,-1,-1,-1,7,1,7
201601RG40639,2,9,0,9,0,8,0,0,0,0,3,1,6,1,-1,-1,1998,1,14,7,1,7
201601RG40645,1,9,0,3,0,8,0,0,0,0,2,1,6,1,49,8,1598,2,-1,4,1,4
201601RG40645,2,9,0,5,0,8,0,0,0,0,1,1,6,1,26,6,1124,1,15,4,1,4
201601RG40656,1,9,0,7,0,8,0,0,0,0,4,1,6,2,42,7,1240,1,10,-1,-1,-1
201601RG40656,2,3,0,18,0,8,0,0,0,0,1,1,6,1,27,6,-1,-1,-1,3,1,3
201601RG40657,1,9,0,7,0,8,0,0,0,0,4,1,6,2,-1,-1,1242,1,9,6,1,6
201601RG40657,2,1,0,18,0,8,0,0,0,0,1,1,6,2,31,6,-1,-1,-1,4,1,4
201601RG40658,1,21,0,4,0,8,0,0,0,0,4,1,6,1,38,7,12419,2,6,4,1,4
201601RG40658,2,9,0,7,0,8,0,0,0,0,1,1,6,2,36,7,-1,-1,-1,2,1,2
201601RG40659,1,9,0,18,0,8,0,0,0,0,4,1,6,1,44,7,1388,1,15,6,1,6
201601RG40660,1,9,0,18,0,8,0,0,0,0,1,1,6,1,31,6,1390,1,11,9,1,9
201601RG40660,2,9,0,9,0,8,0,0,0,0,4,1,6,1,46,8,1299,1,14,4,1,4
201601RG40662,1,9,0,7,0,1,0,0,0,0,4,1,2,1,53,8,-1,-1,-1,3,1,3
201601RG40662,2,1,0,18,0,1,0,0,0,0,1,1,2,1,54,8,-1,-1,-1,5,1,5
201601RG40663,1,19,0,11,0,8,0,0,0,0,4,1,6,1,35,6,-1,-1,-1,5,1,5
201601RG40663,2,5,0,18,0,8,0,0,0,0,3,1,6,1,25,5,-1,-1,-1,4,1,4
201601RG40663,3,9,0,18,0,8,0,0,0,0,1,1,2,1,37,7,-1,-1,-1,2,1,2
201601RG40665,1,5,0,4,0,8,5,0,0,0,1,1,1,1,36,7,998,1,10,4,1,4
201601RG40665,2,9,0,5,0,8,0,0,0,0,2,1,6,1,-1,-1,2497,2,13,-1,-1,-1
201601RG40667,1,9,0,18,0,0,0,0,0,0,2,1,1,2,23,5,1242,1,7,2,1,2
201601RG40667,2,9,0,18,0,0,0,0,0,0,2,1,6,1,-1,-1,1598,1,13,-1,-1,-1
201601RY10001,1,9,0,9,0,8,0,0,0,0,3,1,6,1,25,5,1598,1,11,6,1,6
201601RY10001,2,9,0,18,0,8,0,0,0,0,1,1,6,1,60,9,1956,2,5,9,1,9
201601RY10002,1,3,0,18,0,0,0,0,0,0,1,1,6,1,29,6,124,1,2,4,1,4
201601RY10003,1,9,0,4,0,8,0,0,0,0,2,1,6,2,24,5,-1,-1,-1,9,1,9
201601RY10003,2,9,0,18,0,8,0,0,0,0,1,1,6,1,-1,-1,-1,-1,-1,-1,-1,-1
201601RY10005,1,9,0,18,0,0,0,0,0,0,1,1,6,2,36,7,1590,1,23,5,1,5
201601RY10005,2,9,0,6,0,0,0,0,0,0,3,1,6,1,45,7,-1,-1,-1,2,1,2
201601RY10006,1,9,0,9,0,8,0,0,0,0,1,1,6,1,75,10,-1,-1,-1,-1,1,-1
201601RY10006,2,1,0,18,0,8,0,0,0,0,3,1,6,1,29,6,-1,-1,-1,-1,1,-1
201601RY10007,1,5,0,18,0,0,0,4,0,0,4,1,6,1,21,5,919,1,11,1,1,1
201601RY10007,2,9,0,2,0,0,0,0,0,0,3,1,6,2,18,4,1360,1,12,10,1,10
201601RY10008,1,3,0,18,0,8,0,4,0,0,1,1,6,1,28,6,-1,-1,-1,8,1,8
201601RY10008,2,9,0,7,0,8,0,0,0,0,3,1,6,2,18,4,1248,2,2,3,1,3
201601RY10008,3,9,0,2,0,8,0,0,0,0,2,1,6,1,-1,-1,4172,1,17,7,1,7
201601RY10011,1,9,0,4,0,8,0,0,0,0,2,1,6,1,32,6,-1,-1,-1,4,1,4
201601RY10011,2,9,0,18,0,8,0,0,0,0,1,1,6,1,61,9,-1,-1,-1,2,1,2
201601RY10012,1,1,0,18,0,8,0,0,0,0,1,1,6,1,29,6,-1,-1,-1,3,1,3
201601RY10012,2,9,0,9,0,8,0,0,0,0,3,1,6,1,-1,-1,-1,-1,-1,-1,-1,-1
201601RY10013,1,9,0,18,0,0,0,0,0,0,4,1,6,1,-1,-1,1596,1,10,-1,-1,-1
201601RY10015,1,9,0,4,0,0,0,0,0,0,3,1,6,2,18,4,998,1,5,8,3,8
201601RY10015,2,9,0,15,0,0,0,0,0,0,4,1,6,1,-1,-1,-1,-1,-1,-1,-1,-1
201601RY10016,1,2,0,18,0,8,0,0,0,0,4,1,6,1,16,4,49,1,1,-1,-1,-1
201601RY10016,2,9,0,18,0,8,0,0,0,0,1,1,6,1,-1,-1,2149,2,9,-1,-1,-1
201601RY10018,1,9,0,18,0,8,0,0,0,0,1,1,6,1,51,8,1849,2,1,-1,-1,-1
201601RY10018,2,5,0,18,0,8,0,0,0,0,4,1,6,1,36,7,449,1,5,10,2,10
201601RY10019,1,9,0,9,0,8,0,0,0,0,3,1,6,1,68,10,1199,1,12,9,1,9
201601RY10019,2,2,0,18,0,8,0,0,0,0,1,1,6,1,18,4,124,1,6,3,1,3
201601RY10022,1,9,0,18,0,8,0,0,0,0,1,1,6,1,25,5,1242,1,14,4,1,4
201601RY10022,2,9,0,9,0,8,0,0,0,0,4,1,6,1,-1,-1,2351,1,13,1,1,1
201601RY10023,1,9,0,9,0,8,0,0,0,0,3,1,6,1,74,10,1598,1,9,10,1,10
201601RY10023,2,9,0,18,0,8,0,0,0,0,1,1,6,1,21,5,1360,1,9,8,1,8
201601RY10025,1,9,0,18,0,8,0,0,0,0,1,1,6,1,-1,-1,-1,-1,-1,-1,-1,-1
201601RY10025,2,9,0,4,0,8,0,0,0,0,2,1,6,1,24,5,-1,-1,-1,6,1,6
201601RY10025,3,9,0,4,0,8,0,0,0,0,2,1,6,2,26,6,1997,2,9,9,2,9
201601RY10026,1,9,0,18,0,0,0,0,0,0,4,1,6,1,26,6,1753,2,6,4,1,4
201601RY10027,1,9,0,18,0,8,0,0,0,0,3,1,6,2,35,6,1598,1,9,5,1,5
201601RY10027,2,9,0,11,0,8,0,0,0,0,4,1,6,1,-1,-1,-1,-1,-1,-1,-1,-1
201601RY10028,1,3,0,18,0,8,0,0,0,0,1,1,6,1,21,5,125,1,8,8,1,8
201601RY10028,2,9,0,9,0,8,0,0,0,0,4,1,6,2,24,5,-1,-1,-1,4,1,4
201601RY10029,1,9,0,5,0,8,0,0,0,0,2,1,6,1,22,5,1124,1,11,10,1,10
201601RY10029,2,9,0,18,0,8,0,0,0,0,1,1,6,1,-1,-1,-1,-1,-1,-1,-1,-1
201601RY10030,1,9,0,18,0,0,0,4,0,0,4,1,6,2,18,4,1198,1,10,4,1,4
201601RY10030,2,9,0,2,0,0,0,0,0,0,3,1,6,1,28,6,-1,-1,-1,7,1,7
201601RY10031,1,9,0,18,0,8,0,0,0,0,3,1,6,1,55,8,1796,1,11,9,1,9
201601RY10033,1,9,0,7,0,8,0,0,0,0,3,1,6,1,52,8,4554,1,21,6,1,6
201601RY10033,2,20,0,11,0,8,0,0,0,0,4,1,6,1,-1,-1,-1,-1,-1,-1,-1,-1
201601RY10034,1,9,0,18,0,0,0,0,0,0,1,1,6,1,21,5,-1,-1,-1,3,1,3
201601RY10034,2,9,0,4,0,0,0,0,0,0,2,1,6,2,34,6,1998,1,11,7,1,7