Accident_Index,Vehicle_Reference,Vehicle_Type,Towing_and_Articulation,Vehicle_Manoeuvre,Vehicle_Location-Restricted_Lane,Junction_Location,Skidding_and_Overturning,Hit_Object_in_Carriageway,Vehicle_Leaving_Carriageway,Hit_Object_off_Carriageway,1st_Point_of_Impact,Was_Vehicle_Left_Hand_Drive?,Journey_Purpose_of_Driver,Sex_of_Driver,Age_of_Driver,Age_Band_of_Driver,Engine_Capacity_(CC),Propulsion_Code,Age_of_Vehicle,Driver_IMD_Decile,Driver_Home_Area_Type,Vehicle_IMD_Decile
201601SX20066,1,9,0,18,0,2,0,0,0,0,1,1,6,2,24,5,1341,1,13,3,1,3
201601SX20066,2,9,0,18,0,1,0,0,0,0,1,1,6,1,25,5,-1,-1,-1,4,1,4
201601SX20067,1,9,0,3,0,1,0,0,0,0,2,1,6,1,50,8,-1,-1,-1,3,1,3
201601SX20067,2,9,0,5,0,1,0,0,0,0,1,1,6,1,54,8,1991,1,2,7,1,7
201601SX20069,1,9,0,9,0,8,0,0,0,0,3,1,6,1,22,5,1796,1,15,3,1,3
201601SX20069,2,9,0,18,0,8,0,0,0,0,1,1,6,1,28,6,1968,2,1,1,1,1
201601SX20070,1,9,0,9,0,8,0,0,0,0,4,1,6,1,35,6,-1,-1,-1,3,1,3
201601SX20070,2,4,0,18,0,8,0,0,0,0,1,1,6,1,38,7,108,1,1,7,1,7
201601SX20071,1,11,0,9,0,8,0,0,0,0,0,1,6,1,62,9,4500,2,6,5,1,5
201601SX20072,1,9,0,3,0,8,0,0,0,0,2,1,6,2,31,6,1796,1,13,7,1,7
201601SX20072,2,9,0,9,0,8,0,0,0,0,1,1,6,1,-1,-1,1999,1,12,-1,-1,-1
201601SX20073,1,9,0,9,0,8,0,0,0,0,1,1,6,1,21,5,-1,-1,-1,6,1,6
201601SX20073,2,9,0,18,0,8,0,0,0,0,3,1,6,1,44,7,1497,8,7,5,1,5
201601SX20074,1,9,0,18,0,2,0,0,0,0,1,1,6,2,46,8,1149,1,5,5,1,5
201601SX20075,1,9,0,9,0,8,0,0,0,0,4,1,6,1,44,7,1248,2,6,7,1,7
201601SX20075,2,9,0,7,0,8,0,0,0,0,1,1,6,2,31,6,1598,1,3,5,1,5
201601SX20076,1,4,0,18,0,1,0,0,0,0,1,1,6,1,22,5,-1,-1,-1,4,1,4
201601SX20076,2,9,0,9,0,1,0,0,0,0,1,1,6,1,44,7,1986,2,9,8,1,8
201601SX20077,1,19,0,4,0,0,0,0,0,0,2,1,6,1,34,6,2198,2,1,1,1,1
201601SX20077,2,19,0,18,0,0,0,0,0,0,1,1,6,1,42,7,2198,2,4,10,2,10
201601SX20078,1,9,0,3,0,1,0,0,0,0,2,1,6,1,25,5,4163,1,9,5,1,5
201601SX20078,2,9,0,18,0,1,0,0,0,0,1,1,6,2,-1,-1,2143,2,4,-1,-1,-1
201601SX20080,1,9,0,16,0,0,0,0,0,0,1,1,6,1,26,6,1390,1,13,8,1,8
201601SX20080,2,19,0,17,0,0,0,0,0,0,1,1,6,1,29,6,1753,2,8,1,1,1
201601SX20081,1,19,0,10,0,1,0,0,0,0,2,1,2,1,34,6,2143,2,2,5,1,5
201601SX20081,2,19,0,18,0,1,0,0,0,0,1,1,1,1,40,7,1998,2,11,3,1,3
201601SX20081,3,8,0,18,0,1,0,0,0,0,1,1,3,1,49,8,-1,-1,-1,4,1,4
201601SX20082,1,9,0,11,0,1,0,0,0,0,4,1,6,2,34,6,1968,2,2,4,1,4
201601SX20082,2,8,0,18,0,1,0,0,0,0,3,1,1,1,-1,-1,1598,2,5,1,1,1
201601SX20083,1,9,0,4,0,0,0,0,0,0,2,1,6,1,48,8,2967,2,6,4,1,4
201601SX20083,2,9,0,18,0,0,0,0,0,0,1,1,6,2,21,5,1242,1,1,6,1,6
201601SX20085,1,3,0,5,0,8,0,0,0,0,1,1,1,1,19,4,-1,-1,-1,-1,-1,-1
201601SX20085,2,9,0,18,0,8,0,0,0,0,4,1,6,3,-1,-1,-1,-1,-1,-1,-1,-1
201601SX20087,1,9,0,18,0,0,0,0,0,0,3,1,6,2,23,5,-1,-1,-1,4,1,4
201601SX20087,2,9,0,5,0,0,0,0,0,0,4,1,6,1,-1,-1,1998,1,11,8,1,8
201601SX20089,1,9,0,18,0,0,0,4,0,0,3,1,3,2,55,8,1590,1,12,4,1,4
201601SX20089,2,9,0,2,0,0,0,0,0,0,3,1,3,2,48,8,1229,1,7,-1,-1,-1
201601SX20090,1,9,0,6,0,8,0,0,0,0,3,1,6,2,35,6,-1,-1,-1,1,1,1
201601SX20090,2,9,0,18,0,8,0,0,0,0,1,1,6,2,44,7,1598,1,13,2,1,2
201601SX20091,1,9,0,9,0,5,0,0,0,0,3,1,6,1,31,6,-1,-1,-1,7,1,7
201601SX20092,1,9,0,1,0,1,0,0,0,0,2,1,6,1,30,6,1390,1,5,4,1,4
201601SX20093,1,9,0,18,0,0,0,0,0,0,4,1,6,1,-1,-1,1998,1,9,-1,-1,-1
201601SX20095,1,9,0,18,0,2,0,0,0,0,1,1,6,1,-1,-1,-1,-1,-1,-1,-1,-1
201601SX20097,1,9,0,5,0,2,0,0,0,0,3,1,6,1,29,6,-1,-1,-1,1,1,1
201601SX20097,2,3,0,5,0,2,0,0,0,0,4,1,6,1,25,5,125,1,6,7,1,7
201601SX20098,1,3,0,18,0,8,0,0,0,0,1,1,1,1,22,5,124,1,10,7,1,7
201601SX20098,2,9,0,5,0,8,0,0,0,0,3,1,6,1,54,8,1497,8,9,6,1,6
201601SX20099,1,5,0,18,0,1,0,0,0,0,1,1,2,1,44,7,599,1,12,4,3,4
201601SX20099,2,9,0,5,0,1,0,0,0,0,1,1,6,2,35,6,1597,2,3,7,1,7
201601SX20100,1,9,0,9,0,8,0,0,0,0,2,1,6,1,42,7,1248,2,7,1,1,1
201601SX20100,2,8,0,9,0,8,0,0,0,0,1,1,6,1,-1,-1,1997,2,3,-1,-1,-1
201601SX20101,1,9,0,4,0,1,0,0,0,0,2,1,6,1,56,9,1896,2,11,3,1,3
201601SX20101,2,9,0,18,0,1,0,0,0,0,1,1,6,2,47,8,1896,2,13,6,1,6
201601SX20102,1,9,0,9,0,2,0,0,0,0,1,1,6,1,56,9,1798,1,8,2,1,2
201601SX20103,1,9,0,2,0,2,0,0,0,0,3,1,3,2,32,6,1796,1,7,8,1,8
201601SX20103,2,4,0,18,0,2,0,4,0,0,1,1,6,1,31,6,124,1,10,4,1,4
201601SX20104,1,9,0,11,0,1,0,0,0,0,4,1,6,1,47,8,2987,2,9,6,1,6
201601SX20104,2,11,0,4,2,1,0,0,0,0,3,1,6,1,45,7,9200,2,10,8,1,8
201601SX20105,1,9,0,10,0,8,0,0,0,0,4,1,6,2,25,5,1360,1,10,4,1,4
201601SX20105,2,1,0,18,0,8,0,0,0,0,1,1,6,2,25,5,-1,-1,-1,2,1,2
201601SX20106,1,20,0,2,0,0,0,0,0,0,2,1,1,1,58,9,3920,2,9,10,1,10
201601SX20106,2,9,0,18,0,0,0,0,0,0,1,1,6,2,40,7,1396,1,15,9,1,9
201601SX20107,1,9,0,7,0,8,0,0,0,0,1,1,6,2,37,7,2777,2,8,6,1,6
201601SX20107,2,9,0,18,0,8,0,0,0,0,4,1,6,2,41,7,4999,1,1,10,1,10
201601SX20108,1,3,0,18,0,8,0,0,0,0,3,1,6,1,38,7,124,1,-1,6,1,6
201601SX20108,2,9,0,9,0,8,0,0,0,0,1,1,6,3,-1,-1,-1,-1,-1,-1,-1,-1
201601SX20111,1,9,0,9,0,1,0,0,0,0,3,1,6,1,54,8,1799,1,10,8,1,8
201601SX20111,2,3,0,14,0,1,0,0,0,0,1,1,6,1,46,8,-1,-1,-1,1,1,1
201601SX20112,1,9,0,1,0,0,0,0,0,0,2,1,6,2,38,7,1591,1,6,6,1,6
201601SX20113,1,9,0,18,0,1,0,0,0,0,1,1,6,1,43,7,1398,1,1,9,1,9
201601SX20114,1,9,0,5,0,6,0,0,0,0,1,1,2,2,54,8,998,1,1,3,1,3
201601SX20121,1,9,0,9,0,8,0,0,0,0,1,1,6,1,27,6,1596,1,8,8,1,8
201601SX20121,2,5,0,18,0,8,0,0,0,0,3,1,6,1,24,5,599,1,9,3,1,3
201601SX20122,1,5,0,16,0,0,1,0,0,0,4,1,6,1,40,7,996,1,10,1,1,1
201601SX20122,2,9,0,3,0,0,0,0,0,0,1,1,6,2,22,5,-1,-1,-1,6,1,6
201601SX20123,1,9,0,5,0,0,0,4,0,0,1,1,6,1,69,10,1399,1,6,-1,-1,-1
201601SX20123,2,20,0,18,0,0,0,0,0,0,2,1,6,1,51,8,4461,2,5,2,1,2
201601SX20126,1,9,0,7,0,2,0,0,0,0,1,1,6,1,-1,-1,-1,-1,-1,-1,-1,-1
201601SX20128,1,9,0,18,0,1,0,0,0,0,3,1,6,2,35,6,2148,2,7,-1,-1,-1
201601SX20128,2,19,0,9,0,2,0,0,0,0,1,1,6,2,85,11,2461,2,15,6,1,6
201601SX20129,1,9,0,18,0,0,0,4,0,0,3,1,6,1,45,7,1998,1,10,9,1,9
201601SX20132,1,9,0,3,0,0,0,0,0,0,2,1,6,2,26,6,-1,-1,-1,5,1,5
201601SX20132,2,9,0,18,0,0,0,0,0,0,1,1,6,1,45,7,1998,1,11,5,1,5
201601SX20133,1,9,0,5,0,0,0,0,0,0,1,1,6,1,-1,-1,1997,2,14,-1,-1,-1
201601SX20135,1,9,0,9,0,8,0,0,0,0,3,1,6,2,21,5,1797,8,4,4,3,4
201601SX20135,2,5,0,13,0,8,0,0,0,0,4,1,1,1,-1,-1,-1,-1,-1,-1,-1,-1
201601SX20136,1,9,0,3,0,1,0,0,0,0,2,1,6,2,52,8,1968,2,6,6,1,6
201601SX20136,2,9,0,18,0,1,0,0,0,0,1,1,6,3,-1,-1,1984,1,10,-1,-1,-1
201601SX20137,1,1,0,3,0,1,0,0,0,0,2,1,6,1,46,8,-1,-1,-1,7,1,7
201601SX20137,2,9,0,5,0,1,0,0,0,0,1,1,6,2,-1,-1,1390,1,8,7,1,7
201601SX20138,1,11,0,4,0,1,0,0,0,0,0,1,1,1,49,8,6696,2,3,6,1,6
201601SX20139,1,9,0,4,0,1,0,0,0,0,2,1,6,1,64,9,2997,1,2,7,1,7
201601SX20139,2,9,0,18,0,1,0,0,0,0,1,1,6,2,27,6,1390,1,9,8,1,8
201601SX20140,1,9,0,7,0,2,0,0,0,0,1,1,6,2,-1,-1,-1,-1,-1,-1,-1,-1
201601SX20142,1,9,0,9,0,1,0,0,0,0,1,1,6,1,29,6,1998,1,15,7,1,7
201601SX20142,2,1,0,18,0,1,0,0,0,0,1,1,6,1,40,7,-1,-1,-1,9,1,9
201601SX20144,1,9,0,5,0,8,0,0,0,0,3,1,3,2,37,7,1598,1,3,7,1,7
201601SX20144,2,3,0,18,0,8,0,0,0,0,1,1,1,1,25,5,124,1,10,4,1,4
201601SX20146,1,9,0,3,0,0,0,0,0,0,2,1,6,1,47,8,1870,2,14,6,1,6
201601SX20146,2,19,0,18,0,0,0,0,0,0,1,1,6,2,30,6,2402,2,11,-1,-1,-1
201601SX20147,1,1,0,18,0,8,0,0,0,0,4,1,6,1,25,5,-1,-1,-1,10,1,10
201601SX20147,2,9,0,9,0,6,0,0,0,0,1,1,6,1,-1,-1,-1,-1,-1,-1,-1,-1
201601SX20148,1,9,0,17,0,0,5,10,1,2,4,1,6,2,38,7,1995,1,6,7,1,7
201601SX20149,1,9,0,9,0,8,0,0,1,4,1,1,6,1,28,6,1997,1,11,2,1,2
201601SX20150,1,1,0,18,0,1,0,0,0,0,1,1,6,1,48,8,-1,-1,-1,2,1,2
201601SX20150,2,9,0,5,0,1,0,0,0,0,3,1,6,2,56,9,1956,2,2,1,1,1
201601SX20151,1,1,0,18,0,8,0,0,0,0,3,1,6,1,38,7,-1,-1,-1,8,1,8
201601SX20151,2,9,0,7,0,8,0,0,0,0,4,1,6,2,-1,-1,1329,1,7,-1,-1,-1
201601SX20153,1,5,0,4,0,8,0,0,0,0,1,1,6,1,29,6,600,1,14,2,1,2
201601SX20153,2,11,0,18,0,8,1,0,0,0,2,1,1,1,33,6,6700,2,7,-1,-1,-1
201601SX20154,1,11,0,5,0,1,0,0,0,0,3,1,1,1,45,7,5132,2,1,2,1,2
201601SX20154,2,9,0,3,0,1,0,0,0,0,4,1,2,2,26,6,1242,1,3,-1,-1,-1
201601SX20154,3,11,0,3,0,1,0,0,0,0,4,1,1,1,28,6,8268,2,14,2,1,2
201601SX20155,1,9,0,18,0,0,2,7,0,0,1,1,6,2,75,10,1598,1,9,10,1,10
201601SX20155,2,9,0,2,0,0,0,0,0,0,2,1,6,3,-1,-1,1995,1,5,-1,-1,-1
201601SX20156,1,9,0,18,0,8,0,0,1,10,1,1,6,2,42,7,998,1,10,6,1,6
201601SX20156,2,9,0,18,0,8,0,0,7,0,4,1,6,2,72,10,1240,1,12,4,1,4
201601SX20158,1,9,0,17,0,0,1,10,7,10,1,1,6,2,18,4,973,1,14,7,1,7
201601SX20159,1,9,0,4,0,0,0,0,0,0,2,1,6,1,40,7,1796,1,6,7,1,7
201601SX20159,2,9,0,18,0,0,0,0,0,0,1,1,6,1,31,6,-1,-1,-1,8,1,8
201601SX20160,1,9,0,12,0,2,0,0,0,0,3,1,6,2,25,5,-1,-1,-1,2,1,2
201601SX20160,2,21,1,18,0,2,0,0,0,0,4,1,6,1,-1,-1,3920,2,12,-1,-1,-1
201601SX20161,1,19,0,18,0,1,0,0,0,0,1,1,6,1,40,7,2300,2,12,8,1,8
201601SX20161,2,9,0,3,0,1,0,0,0,0,2,1,6,2,52,8,1997,1,8,6,1,6
201601SX20161,3,9,0,3,0,1,0,0,0,0,2,1,6,2,69,10,-1,-1,-1,9,1,9
201601SX20162,1,9,0,14,0,0,0,0,0,0,1,1,6,2,29,6,2993,2,5,6,1,6
201601SX20162,2,9,0,14,0,0,0,0,0,0,1,1,6,2,54,8,1198,1,1,6,1,6
201601SX20163,1,21,1,18,0,1,0,0,0,0,1,1,1,2,45,7,12740,2,2,4,1,4
201601SX20163,2,9,0,7,0,1,0,0,0,0,2,1,2,1,30,6,1390,1,14,4,1,4
201601SX20164,1,9,0,18,0,8,0,7,0,0,4,1,6,1,25,5,1595,1,13,4,1,4
201601SX20164,2,9,0,7,0,8,0,10,1,0,1,1,6,1,24,5,-1,-1,-1,3,1,3
201601SX20165,1,5,0,3,0,0,0,0,0,0,2,1,2,1,41,7,1137,1,10,10,1,10
201601SX20165,2,9,0,18,0,0,0,0,0,0,1,1,6,1,28,6,1968,2,8,4,1,4
201601SX20166,1,9,0,4,0,8,0,0,0,0,2,1,6,2,19,4,998,1,2,3,1,3
201601SX20166,2,9,0,18,0,8,0,0,0,0,1,1,6,1,45,7,1598,2,1,1,1,1
201601SX20166,3,19,0,4,0,8,0,0,0,0,1,1,6,1,29,6,1248,2,2,8,1,8
201601SX20166,4,9,0,18,0,8,0,0,0,0,1,1,6,2,55,8,1798,1,2,3,1,3
201601SX20166,5,9,0,4,0,8,0,0,0,0,1,1,6,1,40,7,1984,2,7,5,1,5
201601SX20167,1,9,0,9,0,1,0,0,0,0,1,1,6,1,-1,-1,1798,1,1,7,1,7
201601SX20167,2,1,0,7,0,1,0,0,0,0,2,1,6,1,68,10,-1,-1,-1,10,1,10
201601SX20169,1,5,0,18,0,8,0,0,0,0,1,1,6,1,38,7,-1,-1,-1,5,1,5
201601SX20169,2,9,0,6,0,8,0,0,0,0,4,1,6,1,73,10,2993,2,6,8,1,8
201601SX20170,1,11,0,2,0,2,0,0,0,0,0,1,1,1,61,9,5132,2,1,10,1,10
201601SX20171,1,9,0,18,0,2,0,0,0,0,1,1,6,1,22,5,-1,-1,-1,4,1,4
201601SX20171,2,9,0,3,0,2,0,0,0,0,2,1,6,2,41,7,1490,1,8,3,1,3
201601SX20171,3,9,0,4,0,2,0,0,0,0,1,1,1,1,37,7,2198,1,9,3,1,3
201601SX20171,4,19,0,18,0,2,0,0,0,0,3,1,1,1,42,7,2461,2,10,8,1,8
201601SX20171,5,9,0,4,0,2,0,0,0,0,2,1,6,1,-1,-1,-1,-1,-1,-1,-1,-1
201601SX20172,1,9,0,18,0,1,0,0,0,0,1,1,6,1,54,8,1896,2,9,9,1,9
201601SX20173,1,9,0,18,0,0,0,0,0,0,4,1,6,3,-1,-1,-1,-1,-1,-1,-1,-1
201601SX20174,1,19,0,18,0,1,0,0,0,0,3,1,1,1,26,6,2298,2,3,9,1,9
201601SX20174,2,2,0,18,0,1,0,0,0,0,1,1,1,1,19,4,-1,-1,-1,2,1,2
201601SX20175,1,9,0,18,0,0,0,4,0,0,1,1,2,1,32,6,2360,1,8,7,1,7
201601SX20175,2,9,0,18,0,0,0,4,0,0,1,1,6,2,35,6,1240,1,13,6,1,6
201601SX20175,3,9,0,2,0,0,0,0,0,0,4,1,6,1,-1,-1,3456,8,9,-1,-1,-1
201601SX20175,4,9,0,2,0,0,0,0,0,0,4,1,6,1,-1,-1,2849,1,28,-1,-1,-1
201601SX20176,1,9,0,18,0,1,0,4,0,0,1,1,6,2,28,6,1461,2,-1,4,1,4
201601SX20176,2,9,0,18,0,2,0,0,0,0,3,1,6,1,43,7,2987,2,4,9,3,9
201601SX20176,3,9,0,2,0,1,0,0,0,0,1,1,6,3,-1,-1,1998,1,12,-1,-1,-1
201601SX20177,1,9,0,4,0,0,0,0,0,0,2,1,6,1,25,5,2143,2,6,9,1,9
201601SX20177,2,9,0,18,0,0,0,4,0,0,1,1,6,1,53,8,1896,2,8,5,1,5
201601SX20177,3,9,0,2,0,0,0,0,0,0,4,1,6,3,-1,-1,-1,-1,-1,-1,-1,-1
201601SX20178,1,9,0,2,0,1,0,0,0,0,3,1,6,1,35,6,1149,1,13,6,1,6
201601SX20178,2,1,0,18,0,1,0,8,0,0,1,1,6,1,46,8,-1,-1,-1,7,1,7
201601SX20179,1,9,0,18,0,8,0,0,0,0,3,1,1,1,22,5,1390,1,2,3,1,3
201601SX20179,2,9,0,9,0,6,0,0,0,0,1,1,2,1,34,6,1685,2,2,2,1,2
201601SX20180,1,11,0,4,0,1,0,0,0,0,0,1,1,1,55,8,9400,5,11,5,1,5
201601SX20181,1,9,0,4,0,0,0,0,0,0,2,1,6,2,21,5,1198,1,13,10,1,10
201601SX20181,2,9,0,18,0,0,0,0,0,0,1,1,6,1,-1,-1,1198,1,14,-1,-1,-1
201601SX20183,1,9,0,9,0,5,0,0,0,0,3,1,6,2,58,9,-1,-1,-1,7,1,7
201601SX20183,2,1,0,18,0,8,0,0,0,0,1,1,6,1,24,5,-1,-1,-1,9,1,9
201601SX20184,1,9,0,10,0,1,0,0,0,0,2,1,6,1,39,7,1998,1,13,10,1,10
201601SX20184,2,9,0,10,0,1,0,0,0,0,2,1,6,1,31,6,1968,2,3,7,1,7
201601SX20184,3,9,0,10,0,1,0,0,0,0,2,1,6,1,30,6,1389,1,12,6,1,6
201601SX20184,4,9,0,18,0,1,0,0,0,0,1,1,6,1,32,6,2987,2,9,8,1,8
201601SX20185,1,9,0,4,0,0,0,0,0,0,2,1,6,1,60,9,1968,2,1,6,1,6
201601SX20185,2,9,0,18,0,0,0,0,0,0,1,1,6,2,-1,-1,1248,1,6,-1,-1,-1
201601SX20186,1,9,0,14,0,2,0,7,7,1,1,1,2,1,71,10,1596,1,10,8,1,8
201601SX20188,1,9,0,2,0,1,0,0,0,0,4,1,6,1,68,10,2496,5,14,10,1,10
201601SX20188,2,9,0,18,0,1,0,8,0,0,4,1,6,3,-1,-1,1299,1,11,-1,-1,-1
201601SX20189,1,9,0,10,0,1,0,0,0,0,1,1,6,1,43,7,1364,1,2,7,1,7
201601SX20189,2,9,0,18,0,1,0,0,0,0,1,1,6,1,38,7,1242,1,1,6,2,6
201601SX20189,3,9,0,9,0,1,0,0,0,0,1,1,6,1,57,9,1229,1,2,3,1,3
201601SX20190,1,9,0,2,0,0,0,0,0,0,2,1,6,2,38,7,1896,2,10,2,1,2
201601SX20190,2,9,0,18,0,0,0,4,0,0,1,1,6,2,32,6,1686,2,3,4,1,4
201601SX20191,1,9,0,3,0,1,0,0,0,0,2,1,6,2,24,5,1242,1,3,10,1,10
201601SX20191,2,9,0,5,0,1,0,0,0,0,1,1,6,1,30,6,1596,1,10,-1,-1,-1
201601SX20192,1,9,0,18,0,0,0,0,0,0,4,1,6,2,70,10,1388,1,4,10,1,10
201601SX20193,1,11,0,18,0,0,0,0,0,0,1,1,1,1,47,8,4760,2,4,3,1,3
201601SX20193,2,8,0,6,0,0,0,0,0,0,2,1,1,1,47,8,2143,2,4,5,1,5
201601SX20194,1,19,0,18,0,8,0,0,0,0,1,1,6,1,23,5,-1,-1,-1,5,1,5
201601SX20194,2,9,0,5,0,8,0,0,0,0,1,1,6,2,28,6,1995,2,5,5,1,5
201601SX20195,1,19,0,18,0,1,0,0,0,0,3,1,6,1,29,6,2143,2,5,-1,-1,-1
201601SX20195,2,9,0,9,0,1,0,0,0,0,1,1,6,1,40,7,2231,2,10,4,1,4
201601SX20197,1,19,0,1,0,0,0,0,0,0,2,1,1,1,62,9,2287,2,1,-1,-1,-1
201601SX20199,1,3,0,8,0,1,0,0,0,0,2,1,6,1,18,4,124,1,5,4,1,4
201601SX20199,2,8,0,7,0,1,0,0,0,0,1,1,1,1,53,8,2499,2,3,5,1,5
201601SX20200,1,9,0,18,0,0,0,0,0,0,1,1,2,2,39,7,1386,1,7,2,1,2
201601SX20200,2,9,0,4,0,0,0,0,0,0,2,1,2,2,36,7,1796,1,17,2,1,2
201601SX20203,1,3,0,13,0,1,0,0,0,0,4,1,1,1,23,5,125,1,5,6,1,6
201601SX20203,2,9,0,9,0,1,0,0,0,0,3,1,6,1,22,5,2926,2,14,2,1,2
201601SX20206,1,9,0,18,0,0,0,10,1,5,1,1,6,2,53,8,1597,1,17,5,1,5
201601SX20208,1,2,0,15,0,1,0,0,0,0,3,1,6,1,43,7,1255,1,1,10,1,10
201601SX20208,2,9,0,5,0,1,0,0,0,0,4,1,6,2,48,8,1997,1,4,9,1,9
201601SX20209,1,9,0,18,0,0,0,8,0,0,4,1,6,3,-1,-1,-1,-1,-1,-1,-1,-1
201601SX20209,2,9,0,2,0,0,0,0,0,0,3,1,6,2,36,7,-1,-1,-1,7,1,7
201601SX20210,1,3,0,4,0,1,0,0,0,0,3,1,6,1,20,4,108,1,8,6,1,6
201601SX20211,1,9,0,18,0,1,0,0,0,0,1,1,6,2,42,7,-1,-1,-1,3,1,3
201601SX20211,2,9,0,4,0,1,0,0,0,0,2,1,6,1,54,8,1242,1,2,6,1,6
201601SX20211,3,9,0,4,0,1,0,0,0,0,2,1,6,1,40,7,1596,1,9,9,1,9
201601SX20214,1,9,0,18,0,1,0,0,0,0,1,1,6,1,35,6,-1,-1,-1,9,1,9
201601SX20214,2,9,0,4,0,1,0,0,0,0,2,1,6,2,41,7,-1,3,2,6,1,6
201601SX20215,1,11,0,18,0,1,0,0,0,0,0,1,1,1,41,7,-1,-1,-1,3,1,3
201601SX20216,1,9,0,17,0,0,1,4,0,0,1,1,6,1,24,5,1596,1,10,4,1,4
201601SX20216,2,9,0,2,0,0,0,0,0,0,2,1,6,2,30,6,-1,-1,-1,8,1,8
201601SX20217,1,2,0,18,0,8,0,0,0,0,1,1,1,1,21,5,125,1,11,6,1,6
201601SX20217,2,9,0,9,0,8,0,0,0,0,3,1,6,1,74,10,1396,1,6,5,1,5
201601SX20219,1,9,0,18,0,1,0,10,7,2,1,1,6,1,18,4,1368,1,8,8,1,8
201601SX20225,1,9,0,18,0,1,0,0,0,0,3,1,6,1,30,6,1339,1,3,8,1,8
201601SX20225,2,21,0,5,0,1,0,0,0,0,1,1,6,3,-1,-1,-1,-1,-1,-1,-1,-1
201601SX20226,1,9,0,6,0,8,0,0,0,0,3,1,6,2,24,5,1995,2,5,1,1,1
201601SX20226,2,3,0,18,0,8,0,0,0,0,1,1,6,1,27,6,108,1,3,2,1,2
201601SX20238,1,9,0,18,0,0,0,0,0,0,2,1,6,1,37,7,2400,2,7,2,1,2
201601SX20238,2,9,0,18,0,0,0,0,0,0,1,1,6,1,-1,-1,-1,-1,-1,8,2,8
201601SX20238,3,9,0,18,0,0,0,0,0,0,2,1,6,2,-1,-1,1596,1,9,-1,-1,-1
201601SX20249,1,4,0,7,0,1,0,0,0,0,1,1,6,1,24,5,125,1,-1,7,1,7
201601SX20249,2,19,0,3,0,1,0,0,0,0,2,1,6,1,32,6,1248,2,1,2,1,2
201601SX20251,1,9,0,18,0,0,0,0,0,0,1,1,6,1,22,5,1968,2,5,2,1,2
201601SX20251,2,9,0,4,0,0,0,0,0,0,2,1,6,1,30,6,1598,2,3,6,1,6
201601SX20256,1,9,0,4,0,1,0,0,0,0,2,1,6,1,37,7,2987,2,8,-1,-1,-1
201601SX20256,2,9,0,4,0,1,0,0,0,0,1,1,6,2,46,8,1590,1,15,9,1,9
201601SX20258,1,9,0,18,0,1,0,10,1,4,1,1,1,1,30,6,1997,1,1,3,1,3
201601SX20258,2,9,0,7,0,1,0,0,0,0,2,1,6,2,45,7,1389,1,10,8,1,8
201601SX20260,1,9,0,18,0,0,0,0,0,0,1,1,1,1,26,6,-1,-1,-1,3,1,3
201601SX20261,1,3,0,18,0,1,0,0,0,0,3,1,6,1,43,7,125,1,4,3,1,3
201601SX20261,2,9,0,6,0,2,0,0,0,0,1,1,6,2,40,7,1386,1,10,-1,-1,-1
201601SX20262,1,9,0,7,0,2,0,0,0,0,1,1,3,2,43,7,1587,1,11,9,1,9
201601SX20263,1,3,0,3,0,0,0,0,0,0,2,1,6,1,30,6,124,1,17,2,1,2
201601SX20263,2,20,0,18,0,0,0,0,0,0,1,1,6,1,-1,-1,-1,-1,-1,-1,-1,-1
201601SX20264,1,8,0,9,0,8,0,0,0,0,1,1,1,1,36,7,1956,2,1,3,1,3
201601SX20264,2,11,0,18,0,8,0,0,0,0,3,1,1,1,-1,-1,-1,-1,-1,-1,-1,-1
201601SX20265,1,9,0,9,0,1,0,0,0,0,4,1,6,2,51,8,1794,1,9,5,1,5
201601SX20265,2,1,0,18,0,1,0,0,0,0,1,1,6,1,72,10,-1,-1,-1,1,1,1
201601SX20266,1,9,0,9,0,2,0,0,0,0,1,1,6,1,38,7,1199,1,13,7,1,7
201601SX20269,1,9,0,18,0,0,0,0,0,0,3,1,6,3,-1,-1,-1,-1,-1,-1,-1,-1
201601SX20270,1,9,0,18,0,1,0,0,0,0,1,1,6,2,33,6,1388,1,13,3,1,3
201601SX20271,1,9,0,2,0,2,0,0,0,0,3,1,6,2,43,7,1339,1,2,6,1,6
201601SX20271,2,1,0,18,0,2,0,8,0,0,1,1,6,1,33,6,-1,-1,-1,9,1,9
201601SX20273,1,9,0,2,0,0,0,0,0,0,3,1,6,1,35,6,-1,-1,-1,7,1,7
201601SX20273,2,11,0,4,0,0,0,4,0,0,4,1,1,1,47,8,9000,2,7,8,1,8
201601SX20275,1,9,0,18,0,8,0,0,0,0,4,1,1,1,-1,-1,-1,-1,-1,-1,-1,-1
201601SX20275,2,9,0,18,0,8,0,0,0,0,1,1,6,1,33,6,4966,1,16,6,1,6
201601SX20276,1,9,0,4,0,1,0,0,0,0,2,1,6,2,40,7,1598,1,2,6,1,6
201601SX20276,2,9,0,18,0,1,0,0,0,0,1,1,6,1,28,6,-1,-1,-1,7,1,7
201601SX20278,1,9,0,9,0,8,0,0,0,0,3,1,6,2,31,6,1597,2,3,3,1,3
201601SX20278,2,3,0,14,0,8,0,0,0,0,1,1,6,1,19,4,125,1,2,4,1,4
201601SX20279,1,9,0,4,0,0,0,0,0,0,1,1,6,1,49,8,1560,2,3,3,1,3
201601SX20279,2,9,0,4,0,0,0,0,0,0,2,1,6,1,69,10,1997,2,11,3,1,3
201601SX20279,3,9,0,3,0,0,0,0,0,0,2,1,6,2,39,7,-1,-1,-1,4,1,4
201601SX20279,4,19,0,3,0,0,0,0,0,0,2,1,2,1,51,8,1499,2,1,8,2,8
201601SX20280,1,3,0,17,0,0,0,0,0,0,1,1,6,1,21,5,125,1,10,6,1,6
201601SX20280,2,9,0,16,0,0,0,0,0,0,1,1,6,1,54,8,1596,1,8,2,1,2