Accident_Index,Vehicle_Reference,Vehicle_Type,Towing_and_Articulation,Vehicle_Manoeuvre,Vehicle_Location-Restricted_Lane,Junction_Location,Skidding_and_Overturning,Hit_Object_in_Carriageway,Vehicle_Leaving_Carriageway,Hit_Object_off_Carriageway,1st_Point_of_Impact,Was_Vehicle_Left_Hand_Drive?,Journey_Purpose_of_Driver,Sex_of_Driver,Age_of_Driver,Age_Band_of_Driver,Engine_Capacity_(CC),Propulsion_Code,Age_of_Vehicle,Driver_IMD_Decile,Driver_Home_Area_Type,Vehicle_IMD_Decile
201601SX20281,1,9,0,18,0,1,0,0,0,0,3,1,6,1,46,8,1248,2,7,7,1,7
201601SX20281,2,4,0,13,0,1,0,0,0,0,4,1,6,1,29,6,600,1,19,7,1,7
201601SX20282,1,9,0,18,0,0,0,0,0,0,4,1,1,1,50,8,1998,1,12,5,1,5
201601SX20282,2,9,0,18,0,0,0,0,0,0,3,1,1,1,51,8,-1,-1,-1,3,1,3
201601SX20284,1,9,0,18,0,0,0,10,1,3,1,1,6,2,39,7,1598,1,9,7,1,7
201601SX20285,1,11,0,18,0,0,0,0,0,0,0,1,1,1,45,7,3900,2,10,4,1,4
201601SX20286,1,9,0,4,0,1,0,0,0,0,1,1,6,2,22,5,1598,2,3,9,1,9
201601SX20286,2,9,0,4,0,1,0,0,0,0,2,1,6,2,44,7,1339,1,12,8,1,8
201601SX20288,1,19,0,5,0,0,0,0,0,0,3,1,1,1,54,8,2148,2,9,7,1,7
201601SX20288,2,5,0,18,0,0,0,0,0,0,4,1,6,1,20,4,645,1,1,7,1,7
201601SX20289,1,9,0,18,0,0,5,10,7,10,1,1,6,1,48,8,1598,1,3,2,1,2
201601SX20290,1,9,0,18,0,1,0,0,0,0,1,1,6,1,41,7,2148,2,8,3,1,3
201601SX20290,2,9,0,4,0,1,0,0,0,0,2,1,6,1,40,7,1699,1,11,9,1,9
201601SX20291,1,9,0,9,0,8,0,0,0,0,3,1,6,1,31,6,-1,-1,-1,3,1,3
201601SX20291,2,9,0,17,0,8,0,0,0,0,1,1,6,1,38,7,1588,1,13,3,1,3
201601SX20292,1,9,0,9,0,1,0,0,0,0,3,1,6,1,63,9,1988,1,14,6,1,6
201601SX20292,2,3,0,18,0,1,0,0,0,0,1,1,6,1,23,5,124,1,13,-1,-1,-1
201601SX20293,1,9,0,18,0,1,0,0,0,0,2,1,6,1,52,8,-1,-1,-1,5,1,5
201601SX20293,2,1,0,11,0,1,0,0,0,0,1,1,6,1,79,11,-1,-1,-1,7,3,7
201601SX20294,1,9,0,18,0,8,0,0,0,0,4,1,6,1,31,6,1461,2,1,-1,-1,-1
201601SX20294,2,19,0,5,0,8,0,0,0,0,1,1,6,1,45,7,2198,2,9,-1,-1,-1
201601SX20297,1,1,0,16,0,0,0,0,0,0,3,1,6,1,40,7,-1,-1,-1,4,1,4
201601SX20298,1,19,0,14,0,0,0,0,0,0,4,1,1,1,-1,-1,-1,-1,-1,-1,-1,-1
201601SX20298,2,1,0,4,0,0,0,0,0,0,3,1,6,2,35,6,-1,-1,-1,2,1,2
201601SX20299,1,9,0,9,0,8,0,0,0,0,4,1,6,2,26,6,1242,1,1,8,1,8
201601SX20299,2,9,0,18,0,8,0,0,0,0,1,1,6,1,27,6,1796,1,10,5,1,5
201601SX20301,1,9,0,18,0,0,0,0,0,0,4,1,6,1,19,4,1364,1,11,6,1,6
201601SX20304,1,9,0,18,0,1,0,0,0,0,1,1,6,3,-1,-1,-1,-1,-1,-1,-1,-1
201601SX20305,1,9,0,18,0,0,0,0,0,0,3,1,6,1,54,8,2231,2,9,6,1,6
201601SX20305,2,9,0,11,0,0,0,0,0,0,4,1,6,1,-1,-1,1591,1,5,-1,-1,-1
201601SX20306,1,19,0,3,0,0,0,0,0,0,2,1,1,1,36,7,2198,2,7,2,1,2
201601SX20306,2,19,0,3,0,0,0,0,0,0,2,1,1,1,25,5,2198,2,2,4,1,4
201601SX20306,3,19,0,18,0,0,0,0,0,0,1,1,1,1,32,6,1560,2,1,8,1,8
201601SX20307,1,8,0,4,0,1,0,0,0,0,2,1,1,1,37,7,1797,8,6,4,1,4
201601SX20307,2,9,0,18,0,1,0,0,0,0,1,1,6,1,27,6,1242,1,12,5,1,5
201601SX20309,1,9,0,18,0,1,0,0,0,0,1,1,6,2,33,6,1461,2,-1,6,1,6
201601SX20309,2,9,0,9,0,1,0,0,0,0,4,1,6,1,41,7,1968,2,3,7,1,7
201601SX20310,1,10,0,1,0,0,0,0,0,0,2,1,1,1,35,6,-1,-1,-1,7,1,7
201601SX20310,2,9,0,3,0,0,0,0,0,0,1,1,6,2,49,8,1329,1,2,3,1,3
201601SX20311,1,9,0,9,0,8,0,0,0,0,1,1,6,2,42,7,1248,1,3,3,1,3
201601SX20311,2,2,0,18,0,8,0,0,0,0,3,1,6,1,16,4,-1,-1,-1,3,1,3
201601SX20313,1,9,0,3,0,8,0,0,0,0,2,1,6,2,38,7,1997,1,9,6,1,6
201601SX20313,2,9,0,18,0,8,0,0,0,0,1,1,6,1,-1,-1,1124,1,13,-1,-1,-1
201601SX20314,1,9,0,18,0,8,0,0,8,7,1,1,1,2,37,7,1598,1,9,4,1,4
201601SX20314,2,9,0,5,0,6,0,0,0,0,3,1,1,1,-1,-1,1560,2,8,5,1,5
201601SX20315,1,9,0,18,2,0,0,0,0,0,3,1,6,1,72,10,1590,1,17,3,1,3
201601SX20316,1,9,0,18,0,0,0,0,0,0,4,1,2,1,31,6,1699,1,11,5,1,5
201601SX20317,1,9,0,9,0,8,0,0,0,0,4,1,6,1,49,8,2143,2,4,3,1,3
201601SX20317,2,9,0,18,0,8,0,0,0,0,1,1,6,1,59,9,1390,1,4,9,1,9
201601SX20318,1,9,0,1,0,2,0,0,0,0,4,1,2,1,42,7,-1,-1,-1,8,1,8
201601SX20319,1,5,0,18,0,0,0,0,0,0,2,1,6,1,33,6,999,1,8,5,1,5
201601SX20319,2,9,0,18,0,0,0,0,0,0,1,1,6,2,-1,-1,-1,-1,-1,-1,-1,-1
201601SX20320,1,19,0,3,0,1,0,0,0,0,2,1,6,1,31,6,2143,2,5,4,1,4
201601SX20320,2,9,0,18,0,1,0,0,0,0,1,1,6,1,45,7,2720,2,8,9,1,9
201601SX20322,1,9,0,2,0,1,0,0,0,0,3,1,6,1,41,7,1968,2,4,3,1,3
201601SX20322,2,9,0,14,0,1,0,8,0,0,4,1,6,2,26,6,1242,1,3,10,1,10
201601SX20323,1,9,0,4,0,1,0,0,0,0,2,1,6,2,32,6,1388,1,12,10,1,10
201601SX20323,2,9,0,11,0,1,0,0,0,0,1,1,6,1,-1,-1,-1,-1,-1,2,1,2
201601SX20324,1,9,0,9,0,6,0,0,0,0,1,1,6,1,38,7,1596,1,12,6,1,6
201601SX20324,2,1,0,18,0,8,0,0,0,0,3,1,6,2,22,5,-1,-1,-1,3,1,3
201601SX20325,1,9,0,18,0,0,0,0,0,0,4,1,6,3,-1,-1,1984,1,16,-1,-1,-1
201601SX20326,1,9,0,18,0,0,0,0,0,0,3,1,6,1,30,6,1198,1,1,6,1,6
201601SX20326,2,9,0,18,0,0,0,0,0,0,3,1,6,1,46,8,-1,-1,-1,3,1,3
201601SX20326,3,19,0,18,0,0,0,0,0,0,4,1,6,1,47,8,2198,2,6,2,1,2
201601SX20327,1,9,0,7,0,8,0,0,0,0,1,1,6,1,21,5,1390,1,13,6,1,6
201601SX20327,2,9,0,8,0,8,0,0,0,0,3,1,6,1,63,9,1360,1,14,4,1,4
201601SX20329,1,9,0,15,0,0,0,10,1,10,1,1,6,3,-1,-1,1999,2,8,-1,-1,-1
201601SX20329,2,9,0,18,0,0,0,0,0,0,2,1,6,2,35,6,1339,1,14,2,1,2
201601SX20329,3,9,0,18,0,0,0,0,0,0,4,1,6,1,57,9,1498,1,7,6,1,6
201601SX20329,4,9,0,18,0,0,0,0,0,0,3,1,6,1,37,7,1995,2,2,9,1,9
201601SX20329,5,9,0,18,0,0,0,0,0,0,3,1,6,1,22,5,973,1,13,3,1,3
201601SX20330,1,4,0,4,0,8,0,0,0,0,1,1,6,1,63,9,279,1,4,1,1,1
201601SX20330,2,9,0,9,0,6,0,0,0,0,3,1,6,2,19,4,1598,1,6,8,1,8
201601SX20331,1,9,0,18,0,1,0,0,0,0,4,1,6,1,37,7,1796,1,11,3,1,3
201601SX20331,2,9,0,18,0,1,0,0,0,0,1,1,6,3,-1,-1,-1,-1,-1,-1,-1,-1
201601SX20332,1,11,0,5,0,0,0,0,0,0,0,1,1,1,-1,-1,9360,2,7,5,1,5
201601SX20333,1,9,0,18,0,8,0,0,0,0,1,1,6,1,32,6,2148,2,10,7,1,7
201601SX20333,2,9,0,9,0,8,0,0,0,0,4,1,1,1,35,6,1797,8,4,1,1,1
201601SX20334,1,9,0,4,0,1,0,0,0,0,2,1,6,2,38,7,1797,8,4,5,1,5
201601SX20334,2,9,0,18,0,1,0,0,0,0,1,1,6,2,45,7,-1,-1,-1,9,1,9
201601SX20335,1,9,0,18,0,1,0,0,0,0,1,1,6,2,42,7,1796,1,4,10,1,10
201601SX20335,2,19,0,6,0,1,0,0,0,0,3,1,6,1,77,11,-1,-1,-1,8,1,8
201601SX20337,1,9,0,17,0,0,5,10,5,6,3,1,6,1,19,4,1364,1,10,6,1,6
201601SX20338,1,11,0,5,0,0,0,0,0,0,0,1,1,2,26,6,7300,2,11,10,1,10
201601SX20340,1,9,0,10,0,1,0,0,0,0,2,1,6,2,18,4,1364,2,3,2,1,2
201601SX20340,2,9,0,18,0,1,0,0,0,0,1,1,6,1,53,8,2488,1,11,6,1,6
201601SX20343,1,9,0,14,0,0,0,0,0,0,1,1,6,1,22,5,1998,1,13,7,1,7
201601SX20343,2,3,0,18,0,0,0,0,0,0,1,1,6,1,22,5,-1,-1,-1,-1,-1,-1
201601SX20344,1,9,0,18,0,8,0,0,0,0,4,1,6,2,39,7,1360,1,8,7,1,7
201601SX20344,2,9,0,18,0,8,0,0,0,0,1,1,6,2,25,5,1995,2,4,3,1,3
201601SX20345,1,9,0,1,0,0,0,0,0,0,2,1,6,1,31,6,1997,1,9,-1,-1,-1
201601SX20346,1,9,0,18,0,8,0,0,0,0,1,1,6,1,40,7,1991,1,16,7,1,7
201601SX20346,2,9,0,18,0,8,0,7,0,0,4,1,6,1,24,5,2494,2,9,7,1,7
201601SX20346,3,9,0,3,0,1,0,0,0,0,3,1,6,1,59,9,1400,1,10,5,1,5
201601SX20347,1,3,0,18,0,0,0,0,0,0,1,1,6,3,-1,-1,-1,-1,-1,-1,-1,-1
201601SX20348,1,9,0,18,0,2,0,0,0,0,4,1,1,1,63,9,3222,2,11,5,1,5
201601SX20350,1,9,0,9,0,8,0,0,0,0,4,1,6,2,34,6,2922,1,10,8,1,8
201601SX20352,1,9,0,3,0,1,0,0,0,0,2,1,6,1,27,6,1686,2,2,2,1,2
201601SX20352,2,9,0,18,0,1,0,0,0,0,1,1,6,1,34,6,1390,1,17,6,1,6
201601SX20353,1,9,0,18,0,1,0,7,0,0,1,1,1,2,64,9,1339,1,11,7,1,7
201601SX20354,1,9,0,7,0,8,0,0,0,0,3,1,6,2,22,5,2143,2,2,3,1,3
201601SX20354,2,19,0,7,0,8,0,0,0,0,4,1,6,1,38,7,1968,2,4,3,1,3
201601SX20355,1,19,0,4,0,1,0,0,0,0,2,1,1,1,41,7,2977,2,9,9,1,9
201601SX20355,2,3,0,18,0,1,0,0,0,0,1,1,6,1,27,6,125,1,4,5,1,5
201601SX20358,1,9,0,8,0,1,0,0,0,0,2,1,6,2,52,8,1798,8,3,8,1,8
201601SX20358,2,9,0,8,0,1,0,0,0,0,2,1,6,1,31,6,1968,2,2,5,1,5
201601SX20358,3,9,0,4,0,1,0,0,0,0,1,1,6,1,24,5,1390,1,12,-1,-1,-1
201601SX20359,1,9,0,10,0,1,0,0,0,0,2,1,6,2,40,7,1498,1,1,5,1,5
201601SX20359,2,9,0,4,0,1,0,0,0,0,1,1,6,2,32,6,1968,2,8,10,1,10
201601SX20360,1,3,0,18,0,0,0,0,0,0,1,1,6,1,24,5,125,1,7,3,1,3
201601SX20361,1,9,0,18,0,0,0,0,0,0,1,1,6,1,42,7,1600,1,11,7,1,7
201601SX20361,2,9,0,4,0,0,0,0,0,0,2,1,6,2,23,5,1596,1,11,10,1,10
201601SX20361,3,9,0,3,0,0,0,0,0,0,2,1,6,1,21,5,1242,1,3,-1,-1,-1
201601SX20363,1,1,0,3,0,1,0,0,0,0,2,1,6,2,29,6,-1,-1,-1,4,1,4
201601SX20363,2,9,0,18,0,1,0,0,0,0,1,1,6,3,-1,-1,-1,-1,-1,-1,-1,-1
201601SX20364,1,9,0,18,0,0,0,0,0,0,3,1,6,2,22,5,1364,1,10,3,1,3
201601SX20364,2,9,0,13,0,0,0,0,0,0,4,1,6,1,-1,-1,1998,1,11,-1,-1,-1
201601SX20367,1,11,0,5,0,1,0,0,0,0,0,1,1,1,48,8,4500,2,8,6,1,6
201601SX20368,1,9,0,4,0,0,0,0,0,0,2,1,6,2,42,7,1997,2,7,8,1,8
201601SX20368,2,5,0,18,0,0,0,0,0,0,1,1,6,1,35,6,1000,1,1,6,1,6
201601SX20369,1,9,0,4,0,1,0,0,0,0,2,1,6,1,39,7,1995,2,14,-1,1,-1
201601SX20369,2,9,0,18,0,1,0,0,0,0,1,1,6,1,50,8,1389,1,11,9,1,9
201601SX20369,3,9,0,18,0,1,0,0,0,0,1,1,6,1,38,7,1242,1,4,2,1,2
201601SX20369,4,20,0,18,0,1,0,0,0,0,1,1,1,1,48,8,4250,2,12,-1,-1,-1
201601SX20370,1,19,0,3,0,1,0,0,0,0,4,1,1,1,27,6,2143,2,5,7,1,7
201601SX20370,2,19,0,3,0,1,0,0,0,0,4,1,1,1,35,6,-1,-1,-1,9,1,9
201601SX20370,3,9,0,18,0,2,0,10,8,10,1,1,6,1,76,11,-1,-1,-1,5,1,5
201601SX20372,1,3,0,18,0,8,0,0,0,0,4,1,6,1,22,5,108,1,4,1,1,1
201601SX20372,2,9,0,6,0,8,0,10,1,0,1,1,6,2,44,7,2400,2,6,10,1,10
201601SX20373,1,5,0,18,0,8,0,0,0,0,3,1,1,1,30,6,1000,1,15,5,1,5
201601SX20373,2,20,0,18,0,8,0,0,0,0,1,1,6,3,-1,-1,-1,-1,-1,-1,-1,-1
201601SX20374,1,8,0,5,0,0,0,0,0,0,4,1,1,1,37,7,1798,8,2,7,1,7
201601SX20375,1,4,0,13,0,8,0,0,0,0,4,1,1,1,29,6,124,1,1,4,1,4
201601SX20375,2,19,0,9,0,5,0,0,0,0,3,1,2,1,26,6,2402,2,5,3,1,3
201601SX20376,1,9,0,9,0,8,0,0,0,0,3,1,6,1,82,11,2497,1,15,8,1,8
201601SX20376,2,1,0,18,0,8,0,0,0,0,1,1,6,1,29,6,-1,-1,-1,2,1,2
201601SX20377,1,3,0,5,0,1,0,0,0,0,1,1,6,1,-1,-1,-1,-1,-1,-1,-1,-1
201601SX20378,1,9,0,14,0,8,0,0,0,0,4,1,2,1,41,7,1596,1,11,-1,-1,-1
201601SX20378,2,9,0,5,0,6,0,0,0,0,1,1,6,2,23,5,1560,2,11,1,1,1
201601SX20380,1,9,0,18,0,8,0,0,0,0,1,1,6,1,31,6,1896,2,9,5,1,5
201601SX20380,2,9,0,9,0,8,0,0,0,0,4,1,3,2,38,7,999,1,6,6,1,6
201601SX20381,1,5,0,3,0,0,0,0,0,0,2,1,6,1,51,8,-1,-1,-1,8,3,8
201601SX20381,2,9,0,18,0,0,0,0,0,0,1,1,6,1,32,6,2793,1,17,3,1,3
201601SX20382,1,8,0,18,0,8,0,0,0,0,1,1,6,1,54,8,1997,2,7,6,1,6
201601SX20383,1,9,0,9,0,8,0,0,0,0,1,1,6,1,34,6,1590,1,11,4,1,4
201601SX20383,2,9,0,18,0,8,0,0,0,0,3,1,6,1,45,7,1560,2,9,5,1,5
201601SX20384,1,9,0,14,0,6,0,0,0,0,1,1,6,3,-1,-1,-1,-1,-1,-1,-1,-1
201601SX20385,1,9,0,18,0,8,0,0,0,0,1,1,6,2,-1,-1,1398,1,2,-1,-1,-1
201601SX20386,1,9,0,2,0,1,0,0,0,0,4,1,6,1,34,6,2401,2,12,4,1,4
201601SX20386,2,9,0,18,0,1,0,4,0,0,4,1,6,3,-1,-1,-1,-1,-1,-1,-1,-1
201601SX20389,1,1,0,18,0,1,0,0,0,0,2,1,6,1,42,7,-1,-1,-1,2,1,2
201601SX20389,2,9,0,18,0,1,0,0,0,0,1,1,6,1,45,7,1596,1,10,-1,-1,-1
201601SX20391,1,11,0,4,0,1,0,0,0,0,0,1,1,1,49,8,7300,2,12,6,1,6
201601SX20392,1,9,0,18,0,1,0,0,0,0,1,1,6,2,57,9,1998,8,1,6,1,6
201601SX20394,1,9,0,9,0,1,0,0,0,0,1,1,6,1,46,8,1797,8,6,6,1,6
201601SX20394,2,1,0,18,0,1,0,0,0,0,1,1,6,1,-1,-1,-1,-1,-1,3,1,3
201601SX20395,1,9,0,7,0,8,0,0,0,0,3,1,6,1,65,9,2300,1,19,7,1,7
201601SX20395,2,9,0,5,0,8,0,0,0,0,4,1,6,2,-1,-1,2179,2,8,-1,-1,-1
201601SX20396,1,19,0,18,0,1,0,0,0,0,1,1,1,1,56,9,2143,2,4,4,1,4
201601SX20396,2,9,0,4,0,1,0,0,0,0,2,1,6,1,33,6,1968,2,2,-1,-1,-1
201601SX20397,1,90,5,16,0,0,5,10,0,0,4,1,6,2,15,3,-1,-1,-1,5,1,5
201601SX20397,2,21,0,13,0,0,0,0,0,0,0,1,6,3,-1,-1,-1,-1,-1,-1,-1,-1
201601SX20398,1,9,0,18,0,1,0,0,0,0,4,1,6,3,-1,-1,-1,-1,-1,-1,-1,-1
201601SX20399,1,5,0,18,0,0,0,0,0,0,1,1,6,1,27,6,750,1,10,4,1,4
201601SX20400,1,9,0,7,0,5,0,0,0,0,2,1,6,1,37,7,1598,2,4,7,1,7
201601SX20400,2,3,0,18,0,8,0,0,0,0,1,1,1,1,35,6,109,1,4,-1,-1,-1
201601SX20401,1,9,0,3,0,1,0,0,0,0,4,1,6,1,27,6,1582,2,8,3,1,3
201601SX20401,2,9,0,5,0,1,0,8,1,0,3,1,6,1,-1,-1,1200,1,1,-1,-1,-1
201601SX20402,1,9,0,2,0,0,0,0,0,0,2,1,3,1,37,7,2987,2,5,6,1,6
201601SX20402,2,9,0,18,0,0,0,4,0,0,1,1,6,3,-1,-1,4395,1,3,-1,-1,-1
201601SX20404,1,2,0,18,0,1,1,0,0,0,0,1,6,1,30,6,125,1,5,3,1,3
201601SX20405,1,9,0,18,0,8,0,0,0,0,1,1,6,2,40,7,-1,-1,-1,-1,-1,-1
201601SX20405,2,9,0,5,0,8,0,0,0,0,1,1,6,1,20,4,1598,1,9,5,1,5
201601SX20406,1,8,0,9,0,5,0,0,0,0,4,1,1,1,33,6,1956,2,5,5,1,5
201601SX20406,2,9,0,18,0,8,0,0,0,0,1,1,6,2,39,7,1796,1,11,-1,-1,-1
201601SX20407,1,9,0,9,0,8,0,0,0,0,3,1,6,1,20,4,1229,1,11,4,1,4
201601SX20407,2,8,0,18,0,8,0,0,0,0,1,1,2,1,58,9,1497,8,8,5,1,5
201601SX20410,1,9,0,7,0,6,0,0,0,0,4,1,6,1,50,8,1968,2,2,-1,-1,-1
201601SX20411,1,9,0,3,0,1,0,0,0,0,2,1,6,1,45,7,1995,2,12,-1,-1,-1
201601SX20411,2,9,0,18,0,1,0,0,0,0,1,1,6,1,-1,-1,-1,-1,-1,-1,-1,-1
201601SX20413,1,9,0,18,0,0,0,10,1,2,1,1,6,2,82,11,2199,2,5,8,1,8
201601SX20414,1,9,0,3,0,1,0,0,0,0,2,1,6,1,43,7,993,1,14,4,1,4
201601SX20414,2,9,0,18,0,1,0,0,0,0,1,1,6,2,35,6,1124,1,5,4,1,4
201601SX20415,1,8,0,4,0,1,0,0,0,0,2,1,1,1,50,8,1997,2,5,3,1,3
201601SX20415,2,3,0,18,0,1,0,0,0,0,1,1,6,1,36,7,124,1,8,10,1,10
201601SX20416,1,19,0,3,0,2,0,0,0,0,2,1,6,1,37,7,2464,2,6,6,1,6
201601SX20416,2,9,0,18,0,2,0,0,0,0,1,1,6,2,46,8,1590,1,13,10,1,10
201601SX20418,1,9,0,1,0,6,0,0,0,0,2,1,6,3,-1,-1,-1,-1,-1,-1,-1,-1
201601SX20420,1,9,0,12,0,0,0,0,0,0,2,1,6,1,29,6,2400,2,2,5,1,5
201601SX20420,2,5,0,18,0,0,0,0,0,0,1,1,6,1,26,6,675,1,3,1,1,1
201601SX20421,1,9,0,18,0,0,0,4,0,0,1,1,6,1,30,6,1598,1,10,3,1,3
201601SX20422,1,4,0,14,0,0,0,0,0,0,1,1,6,1,25,5,108,1,1,1,1,1
201601SX20423,1,9,0,3,0,1,0,0,0,0,2,1,6,1,44,7,1598,1,4,5,1,5
201601SX20423,2,9,0,5,0,1,0,0,0,0,1,1,6,1,46,8,1797,8,6,2,1,2
201601SX20424,1,9,0,18,0,8,0,0,0,0,1,1,6,2,24,5,2198,1,10,7,1,7
201601SX20424,2,9,0,18,0,8,0,0,0,0,3,1,6,1,37,7,1329,1,6,3,1,3
201601SX20425,1,3,0,4,0,8,0,0,0,0,2,1,6,1,28,6,108,1,7,-1,-1,-1
201601SX20425,2,8,0,18,0,8,0,0,0,0,1,1,1,1,53,8,1798,8,3,7,1,7
201601SX20426,1,9,0,18,0,2,0,0,0,0,1,1,6,1,76,11,1598,1,14,7,1,7
201601SX20426,2,5,0,18,0,2,0,0,0,0,3,1,6,1,51,8,998,1,21,1,1,1
201601SX20427,1,9,0,7,0,8,0,0,0,0,4,1,6,1,38,7,1769,1,13,8,1,8
201601SX20427,2,1,0,7,0,8,0,0,0,0,3,1,6,1,32,6,-1,-1,-1,-1,-1,-1
201601SX20429,1,9,0,18,0,1,0,0,0,0,2,1,6,1,28,6,2926,2,10,1,1,1
201601SX20429,2,19,0,18,0,1,0,0,0,0,1,1,1,1,52,8,2143,2,1,4,1,4
201601SX20430,1,9,0,18,0,8,0,0,0,0,3,1,6,2,62,9,998,1,2,10,1,10
201601SX20430,2,1,0,9,0,8,0,0,0,0,1,1,6,1,44,7,-1,-1,-1,-1,-1,-1
201601SX20432,1,9,0,9,0,8,0,0,0,0,1,1,2,1,48,8,1685,2,3,-1,-1,-1
201601SX20432,2,9,0,18,0,8,0,0,0,0,3,1,2,1,28,6,-1,-1,-1,7,1,7
201601SX20434,1,19,0,4,0,1,1,0,0,0,1,1,1,1,26,6,1870,2,11,-1,-1,-1
201601SX20434,2,9,0,3,0,1,0,0,4,1,2,1,6,2,20,4,1390,1,7,-1,-1,-1
201601SX20435,1,9,0,18,0,0,0,4,0,0,1,1,6,2,70,10,1798,1,9,10,1,10
201601SX20436,1,9,0,7,0,8,0,0,0,0,4,1,6,1,74,10,1388,1,4,8,1,8
201601SX20436,2,3,0,15,0,8,0,0,0,0,3,1,6,1,39,7,125,1,2,3,1,3
201601SX20438,1,9,0,18,0,0,0,10,1,4,1,1,6,2,45,7,2993,2,4,4,1,4
201601SX20439,1,9,0,9,0,1,0,0,0,0,4,1,6,3,-1,-1,-1,-1,-1,-1,-1,-1
201601SX20440,1,9,0,9,0,8,0,0,0,0,3,1,6,2,52,8,1598,1,9,9,1,9
201601SX20440,2,3,0,13,0,8,0,0,0,0,4,1,6,1,41,7,-1,-1,-1,8,1,8
201601SX20441,1,9,0,8,0,1,0,10,0,0,3,1,2,1,80,11,1798,8,4,7,1,7
201601SX20441,2,9,0,4,0,1,0,0,0,0,3,1,6,1,57,9,1598,1,11,3,1,3
201601SX20441,3,9,0,7,0,5,0,0,0,0,3,1,3,1,38,7,1896,2,12,-1,-1,-1
201601SX20443,1,9,0,3,0,1,0,0,0,0,2,1,6,1,33,6,1198,1,1,6,1,6
201601SX20443,2,9,0,18,0,1,0,0,0,0,1,1,6,1,-1,-1,1587,1,8,-1,-1,-1
201601SX20444,1,3,0,18,0,8,0,0,0,0,1,1,1,1,20,4,125,1,3,4,1,4
201601SX20444,2,21,0,9,0,5,0,0,0,0,4,1,1,1,-1,-1,-1,-1,-1,-1,-1,-1
201601SX20445,1,9,0,5,0,0,0,0,0,0,1,1,1,2,27,6,1198,1,2,6,1,6
201601SX20445,2,5,0,18,0,0,0,0,0,0,1,1,6,1,45,7,-1,-1,-1,10,1,10
201601SX20446,1,9,0,9,0,8,0,0,0,0,3,1,2,2,51,8,2000,1,7,4,1,4
201601SX20446,2,3,0,18,0,8,0,0,0,0,1,1,6,1,22,5,125,1,9,2,1,2
201601SX20447,1,9,0,18,0,8,0,0,0,0,1,1,6,1,38,7,1399,1,8,4,1,4
201601SX20447,2,9,0,18,0,8,0,0,0,0,4,1,6,1,-1,-1,-1,-1,-1,7,1,7
201601SX20448,1,9,0,18,0,8,0,0,0,0,4,1,6,1,25,5,1362,1,2,8,1,8
201601SX20448,2,9,0,18,0,8,0,0,0,0,1,1,6,1,51,8,3456,8,6,8,1,8
201601SX20451,1,9,0,3,0,1,0,0,0,0,2,1,6,1,44,7,1390,1,4,-1,-1,-1
201601SX20451,2,9,0,4,0,1,1,0,0,0,4,1,6,1,35,6,1598,1,15,3,1,3
201601SX20451,3,9,0,4,0,1,0,0,0,0,1,1,6,1,33,6,1461,2,2,3,1,3
201601SX20452,1,19,0,1,0,0,0,10,1,2,2,1,1,1,48,8,5193,2,2,7,1,7
201601SX20453,1,9,0,5,0,8,0,0,0,0,1,1,6,1,30,6,1995,1,14,5,1,5
201601SX20453,2,8,0,18,0,8,0,0,0,0,4,1,1,1,29,6,1968,2,2,8,1,8
201601SX20454,1,11,0,18,0,1,0,0,0,0,0,1,1,1,58,9,3900,2,10,3,1,3
201601SX20455,1,9,0,9,0,5,0,0,0,0,4,1,6,2,66,10,1296,1,9,9,1,9
201601SX20455,2,3,0,15,0,8,0,0,0,0,1,1,6,1,23,5,108,1,3,2,1,2
201601SX20456,1,9,0,9,0,8,0,0,0,0,3,1,6,2,23,5,1339,1,10,6,1,6
201601SX20456,2,1,0,18,0,8,0,0,0,0,1,1,6,2,38,7,-1,-1,-1,7,1,7
201601SX20457,1,9,0,18,0,0,0,0,0,0,4,1,6,1,-1,-1,2494,1,15,-1,-1,-1
201601SX20459,1,5,0,12,0,0,0,0,0,0,3,1,6,1,26,6,499,1,10,4,1,4
201601SX20459,2,9,0,18,0,0,0,0,0,0,4,1,6,2,55,8,2000,1,12,7,1,7
201601SX20459,3,9,0,18,0,0,0,0,0,0,3,1,6,1,25,5,1968,2,-1,1,1,1
201601SX20460,1,9,0,9,0,8,0,0,0,0,1,1,6,1,24,5,1598,1,12,2,1,2
201601SX20460,2,9,0,18,0,8,0,0,0,0,3,1,6,1,45,7,1997,2,4,8,1,8
201601SX20461,1,11,0,18,0,1,0,0,0,0,0,1,1,1,30,6,5132,2,2,5,1,5
201601SX20462,1,9,0,1,0,2,0,0,0,0,4,1,6,1,53,8,1997,2,-1,10,1,10
201601SX20464,1,9,0,3,0,2,0,0,0,0,2,1,6,1,-1,-1,2393,1,12,5,1,5
201601SX20464,2,4,0,18,0,2,0,0,0,0,1,1,6,1,28,6,696,1,3,5,1,5
201601SX20465,1,9,0,18,0,0,0,0,0,0,1,1,6,1,42,7,1995,1,10,5,1,5
201601SX20465,2,3,0,9,0,0,0,0,0,0,3,1,6,1,20,4,-1,-1,-1,-1,-1,-1
201601SX20466,1,9,0,18,0,1,0,0,0,0,1,1,6,1,33,6,-1,-1,-1,4,1,4
201601SX20466,2,3,0,3,0,1,0,0,0,0,2,1,6,1,19,4,108,1,6,3,1,3
201601SX20468,1,9,0,9,0,2,0,0,0,0,3,1,6,1,23,5,1198,1,10,5,1,5
201601SX20468,2,9,0,18,0,1,0,0,0,0,1,1,6,1,38,7,1984,1,13,5,1,5
201601SX20469,1,9,0,9,0,1,0,0,0,0,4,1,1,2,32,6,1397,1,14,6,1,6
201601SX20469,2,1,0,18,0,1,0,0,0,0,1,1,6,2,33,6,-1,-1,-1,7,1,7
201601SX20470,1,9,0,3,0,8,0,0,0,0,4,1,6,2,24,5,1242,1,4,5,1,5