Accident_Index,Vehicle_Reference,Vehicle_Type,Towing_and_Articulation,Vehicle_Manoeuvre,Vehicle_Location-Restricted_Lane,Junction_Location,Skidding_and_Overturning,Hit_Object_in_Carriageway,Vehicle_Leaving_Carriageway,Hit_Object_off_Carriageway,1st_Point_of_Impact,Was_Vehicle_Left_Hand_Drive?,Journey_Purpose_of_Driver,Sex_of_Driver,Age_of_Driver,Age_Band_of_Driver,Engine_Capacity_(CC),Propulsion_Code,Age_of_Vehicle,Driver_IMD_Decile,Driver_Home_Area_Type,Vehicle_IMD_Decile
201601SX20660,4,3,0,2,0,1,0,0,0,0,1,1,6,3,-1,-1,-1,-1,-1,-1,-1,-1
201601SX20661,1,11,0,18,0,1,0,0,0,0,0,1,1,1,51,8,5132,2,2,4,1,4
201601SX20662,1,11,0,9,0,1,0,0,0,0,0,1,1,1,35,6,6700,2,9,3,1,3
201601SX20663,1,9,0,6,0,8,0,0,0,0,3,1,6,1,36,7,1686,2,4,3,1,3
201601SX20663,2,9,0,13,0,8,0,0,0,0,1,1,6,1,41,7,998,1,6,4,1,4
201601SX20664,1,9,0,3,0,1,0,0,0,0,2,1,4,2,44,7,1498,1,-1,9,3,9
201601SX20664,2,9,0,18,0,1,0,0,0,0,1,1,6,1,-1,-1,999,1,2,-1,-1,-1
201601SX20665,1,9,0,18,0,0,0,10,1,10,1,1,6,2,21,5,1598,1,13,6,1,6
201601SX20667,1,19,0,17,0,1,0,0,0,0,1,1,6,1,37,7,1598,2,-1,4,1,4
201601SX20667,2,9,0,16,0,2,0,0,0,0,1,1,6,1,-1,-1,2993,2,6,-1,-1,-1
201601SX20668,1,9,0,18,0,2,0,0,0,0,1,1,6,1,31,6,1242,1,1,3,1,3
201601SX20668,2,9,0,4,0,2,0,0,0,0,2,1,6,2,62,9,1086,1,9,9,1,9
201601SX20668,3,9,0,3,0,2,0,0,0,0,2,1,6,2,32,6,1339,1,12,7,1,7
201601SX20669,1,9,0,17,0,8,0,0,0,0,3,1,6,1,26,6,1753,2,16,6,1,6
201601SX20669,2,9,0,16,0,8,0,0,0,0,3,1,6,1,49,8,1797,8,2,8,1,8
201601SX20670,1,9,0,7,0,8,0,0,0,0,2,1,6,1,42,7,1598,1,8,7,1,7
201601SX20670,2,9,0,7,0,8,0,0,0,0,1,1,6,2,36,7,1997,2,7,5,1,5
201601SX20671,1,9,0,18,0,2,0,0,0,0,1,1,6,1,39,7,-1,-1,-1,4,1,4
201601SX20672,1,9,0,18,0,8,0,0,0,0,1,1,6,2,80,11,998,1,21,8,1,8
201601SX20673,1,9,0,1,9,0,0,0,0,0,2,1,6,2,-1,-1,1753,2,13,-1,-1,-1
201601SX20674,1,9,0,9,0,8,0,0,0,0,4,1,6,2,21,5,1242,1,6,8,1,8
201601SX20674,2,9,0,18,0,8,0,10,1,0,1,1,6,1,17,4,2143,2,5,3,1,3
201601SX20675,1,9,0,5,0,8,0,0,0,0,1,1,6,1,65,9,1948,1,15,5,1,5
201601SX20675,2,9,0,18,0,8,0,0,0,0,4,1,6,2,50,8,1275,1,20,2,1,2
201601SX20676,1,11,0,4,0,1,0,0,0,0,0,1,1,1,55,8,9000,2,7,4,1,4
201601SX20677,1,3,0,18,0,0,0,0,0,0,4,1,6,1,31,6,125,1,5,4,1,4
201601SX20678,1,8,0,7,0,8,0,0,0,0,4,1,1,1,35,6,1798,8,1,6,1,6
201601SX20678,2,3,0,15,0,8,0,0,0,0,3,1,6,1,30,6,125,1,8,6,1,6
201601SX20679,1,9,0,12,0,8,0,0,0,0,2,1,6,1,35,6,1598,1,9,5,1,5
201601SX20679,2,9,0,18,0,8,0,0,0,0,1,1,6,2,33,6,2979,1,12,9,1,9
201601SX20679,3,20,0,18,0,8,0,0,0,0,1,1,1,1,-1,-1,-1,-1,-1,9,3,9
201601SX20680,1,9,0,7,0,2,0,10,1,2,4,1,6,2,83,11,1973,1,18,7,1,7
201601SX20682,1,9,0,18,0,2,0,0,0,0,2,1,6,1,30,6,1560,2,7,3,1,3
201601SX20682,2,9,0,18,0,2,0,0,0,0,1,1,6,1,38,7,-1,-1,-1,-1,-1,-1
201601SX20683,1,9,0,9,0,8,0,0,0,0,3,1,6,1,21,5,1799,1,17,6,1,6
201601SX20683,2,3,0,14,0,8,0,0,0,0,1,1,6,1,21,5,108,1,2,3,1,3
201601SX20684,1,9,0,3,0,1,0,0,0,0,2,1,6,2,24,5,1596,1,15,7,1,7
201601SX20684,2,9,0,18,0,1,0,0,0,0,1,1,6,2,26,6,799,2,3,5,1,5
201601SX20685,1,1,0,18,0,0,0,0,0,0,2,1,6,1,14,3,-1,-1,-1,7,1,7
201601SX20685,2,9,0,18,0,0,0,0,0,0,1,1,6,1,-1,-1,-1,-1,-1,-1,-1,-1
201601SX20686,1,9,0,18,0,8,0,0,0,0,2,1,6,1,29,6,1560,2,10,7,1,7
201601SX20686,2,9,0,18,0,8,0,0,0,0,1,1,6,2,31,6,1299,1,15,3,1,3
201601SX20687,1,1,0,18,0,2,0,0,0,0,1,1,6,1,36,7,-1,-1,-1,-1,-1,-1
201601SX20688,1,9,0,18,0,0,0,0,0,0,4,1,6,2,-1,-1,-1,-1,-1,-1,-1,-1
201601SX20689,1,9,0,18,0,1,0,0,0,0,1,1,6,3,-1,-1,-1,-1,-1,-1,-1,-1
201601SX20690,1,9,0,18,0,2,0,10,7,1,1,1,6,1,77,11,1796,1,13,6,1,6
201601SX20691,1,9,0,2,0,2,0,0,0,0,3,1,6,2,32,6,2993,2,2,9,1,9
201601SX20691,2,1,0,18,0,2,0,8,0,0,4,1,6,1,44,7,-1,-1,-1,7,1,7
201601SX20692,1,1,0,14,0,2,0,0,0,0,1,1,6,1,22,5,-1,-1,-1,-1,-1,-1
201601SX20693,1,9,0,17,0,1,0,0,0,0,2,1,6,1,18,4,1598,1,17,4,1,4
201601SX20693,2,19,0,17,0,1,0,0,0,0,1,1,6,1,36,7,2143,2,3,3,1,3
201601SX20694,1,11,0,18,0,1,0,0,0,0,0,1,1,1,29,6,4500,2,5,-1,-1,-1
201601SX20695,1,1,0,14,0,2,0,0,0,0,4,1,6,1,-1,-1,-1,-1,-1,8,1,8
201601SX20695,2,9,0,18,0,2,0,0,0,0,3,1,6,2,49,8,1998,1,1,7,1,7
201601SX20696,1,9,0,18,0,0,0,0,0,0,1,1,6,1,26,6,1995,2,1,10,1,10
201601SX20696,2,9,0,18,0,0,0,0,0,0,2,1,6,1,56,9,1598,1,10,3,1,3
201601SX20698,1,9,0,18,0,8,1,0,0,0,3,1,6,1,35,6,4806,1,6,5,1,5
201601SX20698,2,9,0,11,0,8,0,0,0,0,1,1,6,1,-1,-1,-1,-1,-1,-1,-1,-1
201601SX20699,1,11,0,18,0,8,0,0,0,0,0,1,1,1,46,8,4500,2,8,-1,-1,-1
201601SX20701,1,9,0,18,0,8,0,0,0,0,1,1,1,1,44,7,1998,1,12,6,1,6
201601SX20701,2,9,0,9,0,6,0,0,0,0,1,1,1,1,42,7,1995,2,-1,10,1,10
201601SX20703,1,9,0,9,0,2,0,0,0,0,1,1,6,1,21,5,999,1,2,8,1,8
201601SX20703,2,9,0,18,0,1,0,0,0,0,1,1,6,2,48,8,1769,1,11,3,1,3
201601SX20704,1,9,0,18,0,0,0,0,0,0,1,1,6,1,35,6,-1,-1,-1,-1,-1,-1
201601SX20704,2,9,0,7,0,0,0,10,0,0,1,1,2,2,31,6,1598,1,11,1,1,1
201601SX20705,1,9,0,6,0,2,0,10,7,10,1,1,6,1,37,7,1296,1,9,4,1,4
201601SX20706,1,5,0,18,0,2,0,0,0,0,4,1,6,1,33,6,745,1,-1,5,1,5
201601SX20706,2,9,0,12,0,2,0,0,0,0,3,1,6,1,56,9,3498,1,11,6,1,6
201601SX20707,1,9,0,18,0,1,0,0,0,0,1,1,6,2,38,7,1197,1,1,5,1,5
201601SX20708,1,9,0,18,0,0,0,4,7,10,1,1,6,2,49,8,1689,2,13,8,1,8
201601SX20709,1,9,0,18,0,1,0,0,0,0,1,1,6,1,26,6,2401,2,10,2,1,2
201601SX20709,2,9,0,4,0,1,0,0,0,0,4,1,6,1,36,7,1781,1,25,6,1,6
201601SX20709,3,9,0,3,0,1,0,0,0,0,4,1,6,1,58,9,2143,2,5,2,1,2
201601SX20709,4,19,0,3,0,1,0,0,0,0,3,1,1,1,48,8,2198,2,2,9,1,9
201601SX20709,5,20,0,3,0,1,0,0,0,0,2,1,1,1,34,6,6370,2,4,9,1,9
201601SX20710,1,19,0,7,0,8,0,0,0,0,4,1,6,3,-1,-1,-1,-1,-1,-1,-1,-1
201601SX20710,2,1,0,18,0,8,0,0,0,0,1,1,2,1,28,6,-1,-1,-1,-1,-1,-1
201601SX20712,1,9,0,18,0,0,0,0,0,0,3,1,6,1,37,7,1968,2,7,4,1,4
201601SX20713,1,9,0,5,0,1,0,0,0,0,2,1,6,2,69,10,1390,1,6,7,1,7
201601SX20713,2,9,0,5,0,1,0,0,0,0,1,1,6,1,30,6,2993,2,7,1,1,1
201601SX20713,3,9,0,5,0,1,0,0,0,0,1,1,6,2,36,7,1299,1,16,2,1,2
201601SX20714,1,9,0,7,0,1,0,0,0,0,1,1,6,1,32,6,1586,1,8,8,1,8
201601SX20714,2,9,0,8,0,1,0,0,0,0,2,1,6,1,71,10,1598,1,6,6,1,6
201601SX20715,1,9,0,14,0,2,0,0,0,0,4,1,6,1,58,9,-1,-1,-1,6,1,6
201601SX20716,1,9,0,18,0,2,0,0,0,0,2,1,6,1,46,8,-1,-1,-1,5,1,5
201601SX20716,2,19,0,18,0,2,0,0,0,0,1,1,6,2,46,8,2143,2,4,6,1,6
201601SX20717,1,9,0,6,0,0,0,0,0,0,4,1,6,1,46,8,-1,-1,-1,1,1,1
201601SX20717,2,9,0,18,0,0,0,0,0,0,1,1,6,1,22,5,1797,8,5,3,1,3
201601SX20718,1,19,0,9,0,8,0,0,0,0,0,1,6,1,65,9,1753,2,12,5,1,5
201601SX20718,2,1,0,18,0,8,0,0,0,0,3,1,6,1,29,6,-1,-1,-1,9,1,9
201601SX20719,1,9,0,18,0,8,5,0,2,10,1,1,6,2,44,7,-1,-1,-1,2,1,2
201601SX20721,1,1,0,18,0,8,0,0,0,0,1,1,6,1,62,9,-1,-1,-1,2,1,2
201601SX20721,2,9,0,7,0,8,0,0,0,0,4,1,6,3,-1,-1,2000,1,8,-1,-1,-1
201601SX20722,1,9,0,3,0,0,0,0,0,0,2,1,6,2,53,8,-1,-1,-1,6,1,6
201601SX20722,2,19,0,5,0,0,0,0,0,0,1,1,1,1,-1,-1,1598,2,2,-1,-1,-1
201601SX20723,1,9,0,12,0,1,0,0,0,0,3,1,6,1,41,7,998,1,2,3,1,3
201601SX20723,2,3,0,18,0,1,0,0,0,0,4,1,6,1,32,6,124,1,4,3,1,3
201601SX20724,1,9,0,7,0,8,0,0,0,0,4,1,6,1,55,8,1798,1,14,4,1,4
201601SX20724,2,1,0,18,0,8,0,0,0,0,1,1,6,1,42,7,-1,-1,-1,5,1,5
201601SX20725,1,9,0,18,0,0,0,0,0,0,1,1,6,3,-1,-1,-1,-1,-1,-1,-1,-1
201601SX20726,1,9,0,18,0,1,0,0,0,0,1,1,6,1,51,8,-1,-1,-1,-1,-1,-1
201601SX20726,2,9,0,18,0,1,0,0,0,0,2,1,1,1,49,8,1968,2,1,6,1,6
201601SX20727,1,9,0,16,0,0,0,10,1,4,4,1,6,1,22,5,1582,2,5,2,1,2
201601SX20728,1,9,0,18,0,0,0,0,0,0,2,1,6,1,21,5,-1,-1,-1,4,1,4
201601SX20728,2,9,0,18,0,0,0,0,0,0,1,1,6,1,39,7,-1,-1,-1,5,1,5
201601SX20730,1,11,0,18,0,1,0,0,0,0,0,1,1,1,53,8,4500,2,5,5,1,5
201601SX20731,1,21,0,18,0,2,0,0,0,0,1,1,1,1,49,8,-1,-1,-1,1,1,1
201601SX20732,1,9,0,16,0,2,0,7,0,0,1,1,6,1,51,8,1997,1,12,6,1,6
201601SX20734,1,19,0,11,0,0,0,0,0,0,4,1,1,1,21,5,1995,2,2,4,2,4
201601SX20734,2,3,0,18,0,0,0,0,0,0,3,1,1,1,25,5,125,1,3,4,1,4
201601SX20735,1,3,0,18,0,0,0,0,4,6,1,1,6,1,23,5,125,1,6,3,1,3
201601SX20737,1,9,0,3,0,1,0,0,0,0,2,1,6,1,20,4,1796,1,7,1,1,1
201601SX20737,2,9,0,18,0,1,0,0,0,0,1,1,6,1,29,6,-1,-1,-1,2,1,2
201601SX20739,1,9,0,6,0,0,0,0,0,0,1,1,6,2,22,5,1600,1,5,9,1,9
201601SX20739,2,5,0,18,0,0,0,0,0,0,1,1,6,1,22,5,487,1,8,6,3,6
201601SX20740,1,9,0,18,0,1,0,0,0,0,2,1,6,1,37,7,1900,2,18,9,1,9
201601SX20740,2,9,0,18,0,1,0,0,0,0,1,1,6,2,49,8,1560,2,8,4,1,4
201601SX20742,1,8,0,16,0,0,0,0,0,0,1,1,1,1,51,8,2402,2,12,3,1,3
201601SX20742,2,90,0,3,0,0,0,0,0,0,2,1,1,1,42,7,-1,-1,-1,6,1,6
201601SX20743,1,9,0,18,0,8,0,0,0,0,1,1,6,1,43,7,1598,1,8,4,1,4
201601SX20743,2,9,0,9,0,8,0,0,0,0,1,1,6,1,-1,-1,1896,2,14,-1,-1,-1
201601SX20744,1,9,0,7,0,8,0,0,0,0,3,1,6,1,53,8,-1,-1,-1,4,1,4
201601SX20744,2,9,0,18,0,8,0,0,0,0,1,1,6,1,38,7,1995,2,7,2,1,2
201601SX20746,1,9,0,17,0,8,0,0,0,0,3,1,6,2,54,8,1329,1,4,2,1,2
201601SX20746,2,9,0,18,0,8,0,0,0,0,4,1,6,3,-1,-1,-1,-1,-1,-1,-1,-1
201601SX20747,1,2,0,18,0,0,0,4,0,0,4,1,6,1,16,4,49,1,9,2,1,2
201601SX20748,1,9,0,1,9,1,0,0,0,0,2,1,6,1,-1,-1,1389,1,17,7,1,7
201601SX20749,1,9,0,10,0,1,0,0,0,0,3,1,6,2,52,8,-1,-1,-1,2,1,2
201601SX20749,2,11,0,7,0,2,0,0,0,0,3,1,1,1,-1,-1,7300,2,13,-1,-1,-1
201601SX20750,1,3,0,18,0,1,0,0,0,0,1,1,6,1,33,6,125,1,4,5,1,5
201601SX20750,2,5,0,9,0,1,0,0,0,0,1,1,6,1,50,8,1200,1,19,6,1,6
201601SX20751,1,9,0,18,0,0,0,0,0,0,4,1,6,2,26,6,1598,1,13,9,1,9
201601SX20751,2,9,0,18,0,0,0,0,0,0,2,1,6,2,35,6,998,1,8,4,1,4
201601SX20753,1,9,0,1,0,0,0,0,0,0,2,1,1,1,32,6,-1,-1,-1,-1,-1,-1
201601SX20754,1,9,0,9,0,8,0,0,0,0,4,1,6,1,48,8,1398,2,5,7,1,7
201601SX20754,2,9,0,18,0,8,0,0,0,0,1,1,6,1,31,6,2656,1,14,5,1,5
201601SX20755,1,9,0,18,0,0,0,4,1,0,4,1,6,2,24,5,2000,2,7,4,1,4
201601SX20755,2,9,0,2,0,0,0,0,0,0,3,1,6,3,-1,-1,2993,2,11,-1,-1,-1
201601SX20756,1,11,0,18,0,0,0,0,0,0,0,1,1,1,35,6,6696,2,3,10,1,10
201601SX20758,1,9,0,5,0,1,0,0,0,0,2,1,6,1,36,7,1896,2,11,7,1,7
201601SX20758,2,9,0,5,0,1,0,0,0,0,1,1,6,2,-1,-1,1598,1,11,8,1,8
201601SX20759,1,9,0,18,0,2,0,4,0,0,1,1,6,2,39,7,1769,1,12,4,1,4
201601SX20760,1,4,0,4,0,8,0,0,0,0,1,1,6,1,64,9,-1,-1,-1,-1,-1,-1
201601SX20760,2,9,0,9,0,8,0,0,0,0,4,1,6,2,21,5,1598,2,1,-1,-1,-1
201601SX20761,1,8,0,2,0,0,0,0,0,0,3,1,1,1,51,8,1497,8,7,4,1,4
201601SX20761,2,1,0,14,0,0,0,8,0,0,1,1,2,1,50,8,-1,-1,-1,6,1,6
201601SX20762,1,11,0,5,0,0,0,0,0,0,0,1,1,1,23,5,5132,2,2,6,2,6
201601SX20763,1,9,0,18,0,1,0,4,0,0,4,1,6,1,25,5,1995,2,1,7,1,7
201601SX20766,1,5,0,9,0,8,0,0,0,0,4,1,6,1,44,7,1043,1,1,9,1,9
201601SX20766,2,9,0,9,0,8,0,0,0,0,3,1,6,1,-1,-1,1598,2,4,6,1,6
201601SX20767,1,9,0,3,0,1,0,0,0,0,2,1,6,2,44,7,1968,2,10,3,1,3
201601SX20767,2,9,0,4,0,1,0,0,0,0,1,1,6,1,32,6,1596,1,10,9,1,9
201601SX20768,1,90,0,1,0,1,0,0,0,0,2,1,6,1,45,7,-1,-1,-1,3,1,3
201601SX20769,1,9,0,12,0,0,0,0,0,0,1,1,6,1,37,7,1598,1,11,8,1,8
201601SX20769,2,9,0,4,0,0,0,0,0,0,2,1,6,1,62,9,1368,1,-1,8,1,8
201601SX20770,1,9,0,9,0,8,0,0,0,0,4,1,6,1,26,6,1968,2,2,-1,-1,-1
201601SX20770,2,9,0,18,0,8,0,0,0,0,1,1,6,1,27,6,1248,2,1,4,1,4
201601SX20771,1,9,0,10,0,8,0,0,0,0,2,1,6,2,35,6,1997,2,7,2,1,2
201601SX20771,2,19,0,18,0,1,0,0,0,0,1,1,6,1,-1,-1,1870,2,12,-1,-1,-1
201601SX20772,1,9,0,3,0,1,0,0,0,0,1,1,1,1,40,7,2993,2,4,6,1,6
201601SX20772,2,9,0,3,0,1,0,0,0,0,2,1,6,1,43,7,1360,1,16,6,1,6
201601SX20774,1,9,0,18,0,0,0,0,0,0,4,1,6,1,35,6,1242,1,12,7,1,7
201601SX20775,1,9,0,18,0,2,0,0,0,0,1,1,6,1,26,6,1753,2,16,6,1,6
201601SX20775,2,9,0,3,0,2,0,0,0,0,2,1,6,1,25,5,1596,1,1,7,1,7
201601SX20775,3,9,0,3,0,2,0,0,0,0,2,1,6,2,54,8,1591,1,4,7,1,7
201601SX20776,1,1,0,18,0,8,0,0,0,0,1,1,6,1,37,7,-1,-1,-1,5,1,5
201601SX20776,2,9,0,18,0,8,0,0,0,0,4,1,6,1,-1,-1,1560,2,2,2,1,2
201601SX20777,1,19,0,12,0,1,0,0,0,0,2,1,6,1,-1,-1,-1,-1,-1,7,1,7
201601SX20777,2,9,0,18,0,1,0,0,0,0,1,1,6,1,34,6,1598,1,10,2,1,2
201601SX20778,1,9,0,18,0,1,0,0,0,0,3,1,6,1,43,7,1997,2,8,-1,-1,-1
201601SX20779,1,9,0,18,0,8,0,0,0,0,2,1,6,1,43,7,1497,1,13,3,1,3
201601SX20779,2,9,0,18,0,8,0,0,0,0,1,1,6,1,33,6,1497,8,10,2,1,2
201601SX20780,1,19,0,9,0,8,0,0,0,0,4,1,6,1,25,5,2198,2,1,-1,-1,-1
201601SX20780,2,1,0,18,0,8,0,0,0,0,1,1,6,1,37,7,-1,-1,-1,5,1,5
201601SX20781,1,9,0,18,0,0,0,0,0,0,1,1,6,1,50,8,1995,2,13,6,1,6
201601SX20781,2,9,0,18,0,0,0,0,0,0,3,1,6,1,32,6,1796,1,7,5,1,5
201601SX20781,3,9,0,18,0,0,0,0,0,0,1,1,6,2,36,7,1388,1,4,2,1,2
201601SX20782,1,9,0,3,0,1,0,0,0,0,2,1,2,1,46,8,-1,-1,-1,7,1,7
201601SX20782,2,9,0,3,0,1,0,0,0,0,2,1,6,2,29,6,1296,1,10,5,1,5
201601SX20782,3,9,0,4,0,1,0,0,0,0,1,1,6,1,44,7,1956,2,3,1,1,1
201601SX20783,1,9,0,6,0,2,0,0,0,0,3,1,6,1,36,7,1200,1,1,6,2,6
201601SX20783,2,9,0,14,0,1,0,0,0,0,1,1,6,1,23,5,-1,-1,-1,6,1,6
201601SX20784,1,9,0,18,0,8,0,0,0,0,4,1,6,1,33,6,2993,2,3,7,1,7
201601SX20784,2,9,0,18,0,8,0,0,0,0,1,1,6,1,53,8,2720,2,8,5,1,5
201601SX20786,1,9,0,4,0,2,0,0,0,0,2,1,6,1,48,8,2982,2,6,5,1,5
201601SX20786,2,9,0,5,0,2,0,0,0,0,1,1,6,2,65,9,1598,1,8,3,1,3
201601SX20790,1,1,0,18,0,8,0,0,0,0,0,1,6,1,26,6,-1,-1,-1,6,1,6
201601SX20790,2,19,0,18,0,8,0,0,0,0,0,1,6,3,-1,-1,-1,-1,-1,-1,-1,-1
201601SX20791,1,9,0,18,0,8,0,0,0,0,4,1,6,2,27,6,1992,2,10,2,1,2
201601SX20791,2,9,0,12,0,8,0,0,0,0,3,1,6,2,39,7,1598,1,5,3,1,3
201601SX20791,3,9,0,18,0,8,0,0,0,0,1,1,6,1,52,8,-1,-1,-1,6,1,6
201601SX20791,4,9,0,18,0,8,0,0,0,0,1,1,6,1,26,6,1995,1,6,3,1,3
201601SX20793,1,9,0,18,0,0,0,0,0,0,1,1,6,1,-1,-1,-1,-1,-1,-1,-1,-1
201601SX20794,1,9,0,3,0,0,0,0,0,0,3,1,6,2,29,6,1399,1,10,6,1,6
201601SX20794,2,3,0,11,0,0,0,0,0,0,4,1,6,3,-1,-1,125,1,-1,-1,-1,-1
201601SX20795,1,9,0,18,0,8,0,0,0,0,1,1,6,1,47,8,1499,1,2,9,1,9
201601SX20795,2,1,0,18,0,8,0,0,0,0,4,1,2,2,28,6,-1,-1,-1,7,1,7
201601SX20796,1,9,0,17,0,1,0,0,0,0,4,1,6,1,37,7,2987,2,7,3,1,3
201601SX20796,2,9,0,18,0,1,0,0,0,0,1,1,6,2,48,8,1997,1,3,-1,-1,-1
201601SX20797,1,9,0,18,0,2,0,0,0,0,1,1,6,1,-1,-1,2000,2,5,3,1,3
201601SX20797,2,8,0,4,0,2,0,0,0,0,2,1,1,1,49,8,1798,8,4,3,1,3
201601SX20798,1,9,0,18,0,8,0,0,0,0,3,1,6,1,40,7,1598,2,4,3,1,3
201601SX20798,2,21,0,18,0,8,0,0,0,0,1,1,1,1,50,8,9186,2,2,7,1,7
201601SX20800,1,9,0,9,0,2,0,10,7,10,1,1,6,2,46,8,1296,1,8,3,1,3
201601SX20801,1,9,0,18,0,1,0,0,0,0,1,1,6,2,42,7,998,1,16,5,1,5
201601SX20801,2,9,0,18,0,1,0,0,0,0,2,1,6,1,-1,-1,2494,1,13,-1,-1,-1
201601SX20801,3,9,0,4,0,1,0,0,0,0,0,1,6,3,-1,-1,-1,-1,-1,-1,-1,-1
201601SX20802,1,11,0,5,0,1,0,0,0,0,0,1,1,1,24,5,6700,2,6,8,1,8
201601SX20803,1,9,0,18,0,1,0,0,0,0,1,1,6,1,37,7,1769,1,11,3,1,3
201601SX20803,2,9,0,4,0,1,0,0,0,0,2,1,6,1,47,8,1797,8,6,3,1,3
201601SX20804,1,11,0,4,0,2,0,0,0,0,0,1,1,1,47,8,4461,2,3,6,1,6
201601SX20808,1,9,0,5,0,0,0,0,0,0,1,1,6,1,68,10,1590,1,14,9,1,9
201601SX20809,1,11,0,16,0,8,0,0,0,0,4,1,1,1,56,9,6700,2,6,2,1,2
201601SX20809,2,9,0,16,0,8,0,0,0,0,3,1,6,1,43,7,1598,1,8,8,1,8
201601SX20813,1,21,0,17,0,8,5,10,0,0,1,1,1,1,49,8,-1,-1,-1,2,1,2
201601SX20814,1,5,0,14,0,1,0,0,0,0,1,1,6,1,33,6,803,1,6,3,1,3
201601SX20814,2,9,0,9,0,1,0,0,0,0,3,1,6,2,35,6,1598,1,14,-1,-1,-1
201601SX20815,1,9,0,9,0,2,0,0,0,0,1,1,6,1,51,8,1461,2,-1,3,1,3
201601SX20816,1,9,0,18,0,1,0,4,0,0,1,1,6,1,92,11,2960,1,26,8,1,8
201601SX20816,2,9,0,2,0,1,0,4,0,0,2,1,6,2,-1,-1,1560,2,8,-1,-1,-1
201601SX20816,3,9,0,2,0,1,0,4,0,0,2,1,6,1,-1,-1,1998,1,17,-1,-1,-1
201601SX20816,4,9,0,2,0,1,0,0,0,0,2,1,6,2,-1,-1,1390,1,15,-1,-1,-1
201601SX20817,1,9,0,18,0,8,0,0,0,0,0,1,6,2,19,4,1360,1,11,10,1,10
201601SX20817,2,19,0,18,0,8,0,0,0,0,0,1,6,1,30,6,2198,2,2,-1,-1,-1
201601SX20822,1,9,0,18,0,0,0,0,0,0,3,1,6,1,36,7,1598,1,5,4,1,4
201601SX20822,2,9,0,18,0,0,0,0,0,0,3,1,6,1,17,4,1198,1,5,9,3,9
201601SX20824,1,1,0,18,0,1,0,0,0,0,4,1,6,1,48,8,-1,-1,-1,-1,-1,-1
201601SX20824,2,9,0,7,0,1,0,0,0,0,1,1,6,1,-1,-1,-1,-1,-1,-1,-1,-1
201601SX20851,1,9,0,7,0,2,5,0,0,0,1,1,6,1,94,11,1298,1,14,9,1,9
201601SX20851,2,9,0,18,0,2,0,0,0,0,4,1,6,1,56,9,1995,2,3,9,1,9
201601SX20855,1,9,0,4,0,1,0,0,0,0,2,1,6,1,44,7,1390,1,15,3,1,3
201601SX20855,2,9,0,5,0,1,0,0,0,0,1,1,6,1,52,8,1896,2,9,2,1,2
201601SX20856,1,9,0,6,0,1,0,0,0,0,3,1,1,1,60,9,1560,2,1,5,1,5
201601SX20856,2,1,0,18,0,1,0,0,0,0,1,1,1,1,28,6,-1,-1,-1,-1,-1,-1
201601SX20857,1,11,0,4,2,2,0,0,0,0,4,1,1,1,60,9,6700,2,8,5,1,5
201601SX20857,2,1,0,15,2,2,0,0,0,0,3,1,6,1,45,7,-1,-1,-1,5,1,5
201601SX20859,1,9,0,18,0,0,0,4,0,0,1,1,6,3,-1,-1,1968,2,6,-1,-1,-1
201601SX20859,2,9,0,2,0,0,0,4,0,0,2,1,6,2,40,7,1598,2,4,-1,-1,-1
201601SX20859,3,9,0,2,0,0,0,0,0,0,2,1,6,1,-1,-1,1461,2,3,-1,-1,-1
201601SX20859,4,9,0,2,0,0,0,4,0,0,2,1,6,2,-1,-1,1591,1,1,-1,-1,-1
201601SX20859,5,9,0,2,0,0,0,4,0,0,2,1,6,1,-1,-1,1984,1,12,-1,-1,-1
201601SX20878,1,4,0,18,2,2,0,0,0,0,1,1,6,1,40,7,249,1,5,3,1,3
201601SX20883,1,9,0,18,0,1,0,0,0,0,4,1,6,1,35,6,1998,1,13,7,1,7
201601SX20883,2,19,0,9,0,1,0,0,0,0,4,1,6,1,41,7,1998,2,11,7,1,7
201601SX20935,1,19,0,1,0,2,0,0,0,0,2,1,6,1,-1,-1,-1,-1,-1,-1,-1,-1
201601SX20956,1,9,0,18,0,2,0,10,1,0,3,1,6,2,43,7,2979,1,12,2,1,2
201601SX20956,2,19,0,11,0,2,0,0,0,0,4,1,6,1,-1,-1,-1,-1,-1,-1,-1,-1
201601SX20965,1,9,0,4,0,2,0,0,0,0,2,1,6,1,51,8,1798,8,2,2,1,2
201601SX20965,2,9,0,4,0,2,0,0,0,0,2,1,6,1,43,7,1797,8,5,8,1,8
201601SX20965,3,9,0,18,0,2,0,0,0,0,1,1,6,1,31,6,2143,2,1,6,1,6
201601SX20978,1,9,0,9,0,1,0,0,0,0,1,1,6,2,51,8,1390,1,1,-1,-1,-1
201601SX20978,2,3,0,14,0,1,0,0,0,0,1,1,6,1,-1,-1,124,1,11,-1,-1,-1
201601SX20985,1,9,0,3,0,1,0,0,0,0,2,1,6,2,61,9,1197,1,3,8,3,8
201601SX20985,2,9,0,5,0,1,0,0,0,0,1,1,1,1,25,5,-1,-1,-1,2,1,2
201601SX21029,1,9,0,18,0,0,0,0,0,0,2,1,6,1,44,7,1390,1,5,7,1,7
201601SX21029,2,9,0,18,0,0,0,0,0,0,2,1,6,1,46,8,2148,2,9,6,1,6
201601SX21029,3,9,0,18,0,0,0,0,0,0,1,1,6,1,19,4,1597,1,8,5,1,5
201601SX21030,1,11,0,4,2,1,0,0,0,0,4,1,1,1,-1,-1,-1,-1,-1,-1,-1,-1
201601TD00001,1,11,0,18,2,1,0,0,0,0,1,1,1,2,43,7,4500,2,2,2,1,2
201601TD00002,1,3,0,18,2,0,0,0,0,0,1,1,6,1,53,8,125,1,9,4,1,4
201601TD00004,1,5,0,18,0,1,0,0,0,0,1,1,6,1,49,8,998,1,2,9,1,9
201601TD00004,2,9,0,18,0,1,0,0,0,0,2,1,6,2,24,5,2000,1,12,3,1,3