Accident_Index,Vehicle_Reference,Vehicle_Type,Towing_and_Articulation,Vehicle_Manoeuvre,Vehicle_Location-Restricted_Lane,Junction_Location,Skidding_and_Overturning,Hit_Object_in_Carriageway,Vehicle_Leaving_Carriageway,Hit_Object_off_Carriageway,1st_Point_of_Impact,Was_Vehicle_Left_Hand_Drive?,Journey_Purpose_of_Driver,Sex_of_Driver,Age_of_Driver,Age_Band_of_Driver,Engine_Capacity_(CC),Propulsion_Code,Age_of_Vehicle,Driver_IMD_Decile,Driver_Home_Area_Type,Vehicle_IMD_Decile
201601TW60284,2,1,0,18,0,0,0,0,0,0,1,1,6,1,31,6,-1,-1,-1,5,1,5
201601TW60286,1,9,0,3,0,8,0,0,0,0,2,1,6,1,57,9,1397,1,14,7,1,7
201601TW60286,2,9,0,18,0,8,0,0,0,0,1,1,6,2,27,6,899,1,1,6,1,6
201601TW60287,1,9,0,9,0,0,0,0,0,0,3,1,6,1,42,7,1798,8,4,5,1,5
201601TW60287,2,1,0,18,0,0,0,0,0,0,1,1,2,2,31,6,-1,-1,-1,10,1,10
201601TW60289,1,1,0,18,0,2,0,0,0,0,2,1,6,1,34,6,-1,-1,-1,8,1,8
201601TW60289,2,9,0,13,0,2,0,0,0,0,4,1,6,3,-1,-1,-1,-1,-1,-1,-1,-1
201601TW60290,1,9,0,18,0,1,0,0,0,0,1,1,6,2,54,8,1596,1,2,7,1,7
201601TW60291,1,1,0,9,0,8,1,0,0,0,0,1,1,1,67,10,-1,-1,-1,7,1,7
201601TW60292,1,9,0,5,0,0,0,0,0,0,2,1,6,1,37,7,2198,2,8,5,1,5
201601TW60292,2,1,0,18,0,0,0,0,0,0,1,1,2,1,24,5,-1,-1,-1,3,1,3
201601TW60294,1,1,0,18,0,0,0,10,1,0,2,1,6,2,49,8,-1,-1,-1,10,1,10
201601TW60294,2,20,0,13,0,0,0,0,0,0,4,1,6,3,-1,-1,-1,-1,-1,-1,-1,-1
201601TW60295,1,1,0,18,0,8,0,0,0,0,1,1,6,2,23,5,-1,-1,-1,8,1,8
201601TW60295,2,9,0,18,0,7,0,0,0,0,3,1,6,1,41,7,1498,1,7,10,1,10
201601TW60296,1,9,0,2,0,0,0,0,0,0,3,1,6,1,41,7,1850,1,16,4,1,4
201601TW60296,2,1,0,14,0,0,0,4,0,0,1,1,2,2,37,7,-1,-1,-1,10,1,10
201601TW60297,1,1,0,14,0,0,0,0,0,0,1,1,6,1,24,5,-1,-1,-1,9,1,9
201601TW60297,2,9,0,13,0,0,0,0,0,0,2,1,6,3,-1,-1,-1,-1,-1,-1,-1,-1
201601TW60299,1,9,0,16,0,8,0,0,0,0,3,1,2,2,25,5,1995,2,5,6,1,6
201601TW60299,2,21,1,9,0,8,0,0,0,0,4,1,1,1,68,10,6374,2,3,4,1,4
201601TW60300,1,9,0,3,0,0,0,0,0,0,2,1,6,2,27,6,1598,1,10,8,1,8
201601TW60300,2,19,0,18,0,0,0,0,0,0,1,1,2,1,-1,-1,2198,2,6,-1,-1,-1
201601TW60302,1,5,0,14,0,8,0,0,0,0,1,1,2,1,30,6,599,1,9,7,1,7
201601TW60303,1,19,0,18,0,0,0,0,1,5,4,1,2,1,24,5,1753,2,12,6,1,6
201601TW60305,1,9,0,9,0,8,0,0,0,0,3,1,2,2,17,4,1390,1,2,9,1,9
201601TW60305,2,4,0,13,0,8,0,0,0,0,1,1,6,1,43,7,249,1,-1,5,1,5
201601TW60306,1,1,0,18,0,8,0,0,0,0,1,1,2,1,26,6,-1,-1,-1,4,1,4
201601TW60306,2,9,0,7,0,8,0,0,0,0,4,1,1,1,37,7,-1,-1,-1,2,1,2
201601TW60307,1,9,0,6,0,0,0,0,0,0,1,1,6,1,34,6,998,1,2,3,1,3
201601TW60307,2,3,0,13,0,0,0,0,0,0,3,1,6,1,42,7,459,1,12,10,1,10
201601TW60308,1,9,0,3,0,8,0,0,0,0,2,1,6,2,60,9,1598,1,3,9,1,9
201601TW60308,2,3,0,18,0,8,0,0,0,0,1,1,2,1,19,4,124,1,6,2,1,2
201601TW60309,1,1,0,18,0,8,0,0,0,0,3,1,1,1,19,4,-1,-1,-1,4,1,4
201601TW60309,2,9,0,9,0,8,0,0,0,0,1,1,6,2,-1,-1,-1,-1,-1,-1,-1,-1
201601TW60310,1,3,0,14,0,8,0,0,0,0,1,1,2,1,26,6,124,1,3,9,1,9
201601TW60310,2,8,0,9,0,8,0,0,0,0,3,1,1,1,51,8,2143,2,1,2,1,2
201601TW60311,1,9,0,18,0,8,0,0,0,0,4,1,6,1,41,7,1798,1,3,6,1,6
201601TW60311,2,4,0,9,0,8,0,0,1,0,3,1,6,1,44,7,125,1,6,9,1,9
201601TW60312,1,9,0,4,0,8,0,0,0,0,2,1,2,2,29,6,1398,1,14,4,1,4
201601TW60312,2,3,0,18,0,8,0,0,0,0,1,1,6,1,28,6,124,1,13,6,1,6
201601TW60314,1,1,0,18,5,8,0,0,0,0,1,1,6,2,73,10,-1,-1,-1,5,1,5
201601TW60314,2,9,0,7,0,8,0,0,0,0,3,1,6,2,29,6,1598,1,7,5,1,5
201601TW60315,1,9,0,18,0,0,0,10,1,0,1,1,6,2,33,6,998,1,16,5,1,5
201601TW60316,1,1,0,18,0,8,0,0,0,0,3,1,2,1,33,6,-1,-1,-1,2,1,2
201601TW60316,2,9,0,18,0,8,0,0,0,0,1,1,6,1,-1,-1,1229,1,3,-1,-1,-1
201601TW60318,1,8,0,3,0,8,0,0,0,0,2,1,1,1,57,9,2402,2,10,10,1,10
201601TW60318,2,9,0,18,0,8,0,0,0,0,1,1,6,3,-1,-1,1968,2,11,-1,-1,-1
201601TW60326,1,9,0,7,0,8,0,0,0,0,4,1,6,1,-1,-1,1600,1,12,9,1,9
201601TW60326,2,1,0,18,0,8,0,0,0,0,1,1,2,1,-1,-1,-1,-1,-1,9,1,9
201601TW60332,1,1,0,18,0,8,0,4,0,0,1,1,6,2,17,4,-1,-1,-1,7,1,7
201601TW60332,2,9,0,2,0,8,0,0,0,0,3,1,6,1,-1,-1,1896,2,17,4,1,4
201601TW60332,3,9,0,2,0,7,0,0,0,0,3,1,6,2,77,11,998,1,2,4,1,4
201601TX20002,1,9,0,5,0,8,0,0,1,0,1,1,6,1,79,11,2143,2,5,3,1,3
201601TX20003,1,9,0,3,0,0,0,0,0,0,2,1,2,1,79,11,2993,2,3,7,1,7
201601TX20003,2,9,0,3,0,0,0,0,0,0,2,1,6,1,-1,-1,-1,-1,-1,-1,-1,-1
201601TX20003,3,9,0,3,0,0,0,0,0,0,2,1,6,1,27,6,1956,2,6,5,1,5
201601TX20003,4,9,0,18,0,0,0,0,0,0,1,1,6,1,37,7,1596,1,5,3,1,3
201601TX20005,1,19,0,18,0,8,0,0,0,0,1,1,1,1,47,8,1998,2,13,-1,-1,-1
201601TX20006,1,9,0,9,0,0,0,0,0,0,3,1,2,1,34,6,998,1,18,3,1,3
201601TX20006,2,19,0,13,0,0,0,0,0,0,1,1,1,1,22,5,1998,2,10,9,2,9
201601TX20007,1,9,0,18,0,0,0,0,0,0,1,1,2,1,20,4,1198,1,12,-1,-1,-1
201601TX20007,2,9,0,4,0,0,0,0,0,0,2,1,2,1,21,5,1229,1,5,9,1,9
201601TX20007,3,9,0,4,0,0,0,0,0,0,2,1,2,1,39,7,1753,2,8,10,1,10
201601TX20007,4,9,0,4,0,0,0,0,0,0,2,1,2,1,32,6,-1,-1,-1,5,1,5
201601TX20008,1,9,0,3,0,0,0,0,0,0,2,1,1,1,30,6,1398,1,2,10,1,10
201601TX20008,2,9,0,18,0,0,0,0,0,0,1,1,1,1,31,6,1995,1,13,7,1,7
201601TX20009,1,1,0,18,0,8,0,0,0,0,2,1,2,2,58,9,-1,-1,-1,6,1,6
201601TX20009,2,8,0,13,0,8,0,0,0,0,1,1,6,1,-1,-1,-1,-1,-1,-1,-1,-1
201601TX20011,1,11,0,5,0,0,0,0,0,0,0,1,1,1,24,5,4500,2,9,5,1,5
201601TX20013,1,9,0,18,0,0,0,0,0,0,3,1,6,1,-1,-1,-1,-1,-1,-1,-1,-1
201601TX20013,2,1,0,5,0,0,0,0,0,0,1,1,6,2,15,3,-1,-1,-1,2,1,2
201601TX20014,1,19,0,18,0,0,0,0,0,0,1,1,6,1,55,8,-1,-1,-1,4,1,4
201601TX20014,2,9,0,4,0,0,0,0,0,0,2,1,6,1,42,7,1794,1,10,3,1,3
201601TX20015,1,9,0,3,0,8,0,0,0,0,2,1,2,2,61,9,599,1,15,8,1,8
201601TX20015,2,9,0,18,0,8,0,0,0,0,1,1,6,1,-1,-1,1969,2,1,-1,-1,-1
201601TX20016,1,9,0,1,0,0,0,0,0,0,2,1,6,1,38,7,1956,2,2,4,1,4
201601TX20019,1,9,0,18,0,0,0,0,0,0,4,1,6,1,35,6,2360,1,16,7,1,7
201601TX20020,1,3,0,13,0,8,0,0,0,0,1,1,6,1,32,6,125,1,11,5,1,5
201601TX20020,2,9,0,9,0,8,0,0,0,0,3,1,6,1,31,6,2671,1,15,9,1,9
201601TX20024,1,9,0,9,0,8,0,0,0,0,3,1,2,2,43,7,2461,2,11,5,1,5
201601TX20024,2,3,0,14,0,8,0,0,0,0,1,1,1,1,22,5,124,1,12,6,1,6
201601TX20025,1,8,0,18,0,8,0,0,0,0,1,1,2,1,44,7,2018,2,24,3,1,3
201601TX20025,2,9,0,9,0,8,0,0,1,0,2,1,6,1,-1,-1,-1,-1,-1,-1,-1,-1
201601TX20026,1,9,0,4,0,8,0,0,0,0,2,1,2,2,36,7,1240,1,11,1,1,1
201601TX20026,2,9,0,4,0,8,0,0,0,0,1,1,6,1,35,6,1956,2,7,4,1,4
201601TX20027,1,9,0,18,0,8,0,0,0,0,1,1,6,1,-1,-1,1596,1,9,4,1,4
201601TX20028,1,9,0,18,0,0,0,0,0,0,1,1,6,1,79,11,1240,1,11,4,1,4
201601TX20028,2,9,0,2,0,0,0,0,0,0,2,1,6,1,34,6,1597,1,20,4,1,4
201601TX20029,1,11,0,4,0,8,0,0,0,0,0,1,1,1,25,5,-1,-1,-1,-1,-1,-1
201601TX20031,1,8,0,18,0,8,0,0,0,0,1,1,1,1,37,7,1798,8,2,1,1,1
201601TX20031,2,3,0,18,0,8,0,0,0,0,3,1,2,1,23,5,124,1,1,2,1,2
201601TX20032,1,5,0,17,0,0,0,0,0,0,3,1,1,1,41,7,998,1,11,2,1,2
201601TX20032,2,9,0,16,0,0,0,0,0,0,3,1,1,1,41,7,-1,-1,-1,1,1,1
201601TX20033,1,9,0,3,0,0,0,0,0,0,2,1,6,2,39,7,1242,1,16,6,1,6
201601TX20033,2,9,0,4,0,0,0,4,0,0,1,1,6,1,-1,-1,2926,2,13,10,1,10
201601TX20033,3,9,0,2,0,0,0,0,0,0,3,1,6,1,45,7,1761,1,15,9,3,9
201601TX20033,4,9,0,2,0,0,0,0,0,0,3,1,6,1,-1,-1,1497,1,12,3,1,3
201601TX20034,1,3,0,18,0,8,0,0,0,0,1,1,6,1,-1,-1,-1,-1,-1,-1,-1,-1
201601TX20035,1,8,0,7,0,8,0,4,0,0,1,1,2,1,34,6,1198,1,8,6,1,6
201601TX20035,2,9,0,18,0,8,0,0,0,0,3,1,2,1,34,6,1061,1,11,-1,-1,-1
201601TX20035,3,9,0,2,0,8,0,0,1,0,4,1,6,2,-1,-1,1400,1,16,5,1,5
201601TX20036,1,5,0,16,0,8,0,0,0,0,2,1,2,1,23,5,645,1,12,9,1,9
201601TX20036,2,9,0,16,0,8,0,0,0,0,1,1,6,1,-1,-1,1242,1,6,-1,-1,-1
201601TX20037,1,8,0,18,0,0,0,0,0,0,1,1,6,1,53,8,2231,2,8,3,1,3
201601TX20037,2,9,0,9,0,0,0,0,0,0,4,1,6,2,22,5,1560,2,9,-1,-1,-1
201601TX20038,1,9,0,18,0,8,0,0,0,0,1,1,6,1,84,11,1497,8,4,3,1,3
201601TX20040,1,8,0,9,0,8,0,0,0,0,4,1,1,1,46,8,2143,2,5,2,1,2
201601TX20040,2,1,0,18,0,8,0,0,0,0,1,1,2,1,24,5,-1,-1,-1,8,3,8
201601TX20042,1,9,0,4,0,0,0,0,0,0,2,1,6,1,30,6,-1,-1,-1,5,1,5
201601TX20042,2,9,0,18,0,0,0,0,0,0,1,1,6,1,25,5,998,1,2,3,1,3
201601TX20043,1,1,0,4,0,8,0,0,0,0,1,1,6,1,32,6,-1,-1,-1,2,1,2
201601TX20043,2,8,0,4,0,8,0,0,0,0,2,1,6,1,-1,-1,1798,8,4,1,1,1
201601TX20044,1,9,0,7,0,0,0,0,0,0,2,1,6,2,23,5,1598,2,2,7,1,7
201601TX20044,2,9,0,18,0,0,0,0,0,0,1,1,6,1,-1,-1,-1,-1,-1,-1,-1,-1
201601TX20045,1,9,0,3,0,8,0,0,0,0,2,1,6,1,55,8,4395,1,4,10,1,10
201601TX20045,2,9,0,18,0,8,0,0,0,0,1,1,6,1,40,7,1360,1,15,5,1,5
201601TX20046,1,9,0,9,0,8,0,0,0,0,1,1,3,2,38,7,1364,1,7,2,1,2
201601TX20046,2,1,0,18,0,8,0,0,0,0,3,1,6,1,58,9,-1,-1,-1,-1,-1,-1
201601TX20047,1,19,0,18,0,0,0,0,0,0,3,1,2,1,40,7,-1,-1,-1,3,1,3
201601TX20048,1,9,0,9,0,8,0,0,0,0,3,1,6,1,35,6,1968,2,8,5,1,5
201601TX20048,2,5,0,14,0,8,0,0,0,0,1,1,2,1,43,7,656,1,9,3,1,3
201601TX20049,1,9,0,5,0,0,0,0,0,0,3,1,2,1,37,7,1598,1,11,4,1,4
201601TX20050,1,9,0,9,0,8,0,0,0,0,3,1,1,1,36,7,1497,8,3,5,1,5
201601TX20050,2,8,0,5,0,8,0,0,0,0,3,1,1,1,35,6,1798,8,2,2,1,2
201601TX20052,1,9,0,18,0,0,1,10,2,10,4,1,6,1,20,4,1988,1,13,3,1,3
201601TX20054,1,1,0,18,0,8,0,0,0,0,1,1,2,1,23,5,-1,-1,-1,2,1,2
201601TX20054,2,9,0,9,0,8,0,0,0,0,3,1,6,2,-1,-1,-1,-1,-1,-1,-1,-1
201601TX20055,1,9,0,9,0,8,0,0,0,0,4,1,2,2,56,9,1339,1,2,7,1,7
201601TX20055,2,9,0,18,0,8,0,0,0,0,1,1,2,1,28,6,-1,-1,-1,7,1,7
201601TX20057,1,9,0,1,0,0,0,0,0,0,2,1,1,1,36,7,-1,-1,-1,7,1,7
201601TX20057,2,5,0,3,0,0,0,0,0,0,1,1,1,1,39,7,499,1,20,5,1,5
201601TX20058,1,9,0,9,0,0,0,0,0,0,1,1,6,1,55,8,-1,-1,-1,4,1,4
201601TX20058,2,9,0,18,0,0,0,0,0,0,4,1,6,1,34,6,1497,1,10,3,1,3
201601TX20059,1,8,0,9,0,8,0,0,0,0,1,1,2,1,30,6,1998,2,9,2,1,2
201601TX20059,2,3,0,18,0,8,0,0,0,0,1,1,6,1,31,6,-1,-1,-1,3,1,3
201601TX20060,1,9,0,14,0,0,0,10,7,10,3,1,6,1,33,6,2143,2,5,5,1,5
201601TX20060,2,9,0,6,0,0,0,0,0,0,1,1,6,1,34,6,-1,-1,-1,4,1,4
201601TX20062,1,9,0,18,0,8,0,0,0,0,1,1,2,1,40,7,1968,2,2,5,1,5
201601TX20062,2,1,0,18,0,8,0,0,0,0,1,1,6,1,18,4,-1,-1,-1,4,1,4
201601TX20063,1,9,0,12,0,8,0,0,0,0,1,1,1,2,31,6,2993,2,12,5,1,5
201601TX20063,2,9,0,5,0,8,0,0,0,0,3,1,2,2,36,7,998,1,6,3,1,3
201601TX20065,1,19,0,4,0,8,0,0,0,0,2,1,1,1,50,8,1560,2,1,9,1,9
201601TX20065,2,9,0,18,0,8,0,0,0,0,1,1,6,1,-1,-1,-1,-1,-1,-1,-1,-1
201601TX20066,1,9,0,4,0,8,0,0,0,0,2,1,1,1,40,7,1896,2,8,3,1,3
201601TX20066,2,9,0,4,0,8,0,0,1,0,2,1,2,1,31,6,1968,2,9,5,1,5
201601TX20067,1,9,0,18,0,0,0,0,0,0,3,1,6,2,23,5,1229,1,9,6,1,6
201601TX20067,2,9,0,11,0,0,0,0,0,0,1,1,6,1,-1,-1,-1,-1,-1,-1,-1,-1
201601TX20069,1,9,0,3,0,8,0,0,0,0,2,1,2,1,24,5,1998,2,15,3,1,3
201601TX20069,2,9,0,5,0,8,0,0,0,0,1,1,6,2,-1,-1,-1,-1,-1,-1,-1,-1
201601TX20070,1,3,0,9,0,1,0,0,0,0,1,1,1,1,-1,-1,108,1,8,10,1,10
201601TX20070,2,9,0,18,2,1,0,0,0,0,1,1,2,1,29,6,1995,2,6,2,1,2
201601TX20070,3,9,0,3,0,2,0,0,0,0,2,1,2,1,27,6,-1,-1,-1,10,2,10
201601TX20071,1,9,0,4,0,8,0,0,3,4,1,1,6,1,31,6,2295,1,17,2,1,2
201601TX20072,1,9,0,3,0,8,0,0,0,0,2,1,1,1,63,9,-1,-1,-1,9,1,9
201601TX20072,2,19,0,18,0,8,0,0,0,0,2,1,1,1,63,9,-1,-1,-1,9,1,9
201601TX20072,3,9,0,18,0,8,0,0,0,0,1,1,2,2,50,8,1598,2,1,6,1,6
201601TX20073,1,1,0,18,4,8,0,0,0,0,3,1,6,1,25,5,-1,-1,-1,7,1,7
201601TX20073,2,9,0,7,0,8,0,0,0,0,1,1,6,1,23,5,1596,1,9,4,1,4
201601TX20074,1,9,0,4,0,0,0,0,0,0,1,1,2,1,67,10,1798,8,2,5,1,5
201601TX20075,1,1,0,18,0,8,0,0,0,0,1,1,2,1,43,7,-1,-1,-1,9,1,9
201601TX20075,2,9,0,7,4,8,0,0,0,0,3,1,6,2,-1,-1,1598,2,5,-1,-1,-1
201601TX20076,1,9,0,18,0,1,0,0,0,0,1,1,6,2,50,8,1596,1,14,6,1,6
201601TX20078,1,9,0,9,0,8,0,0,0,0,2,1,6,1,39,7,1968,2,11,4,1,4
201601TX20078,2,9,0,9,0,8,0,0,0,0,1,1,6,3,-1,-1,-1,-1,-1,-1,-1,-1
201601TX20079,1,1,0,15,0,1,0,0,0,0,1,1,6,1,33,6,-1,-1,-1,5,1,5
201601TX20079,2,9,0,9,0,1,0,0,0,0,1,1,6,1,-1,-1,999,1,15,-1,-1,-1
201601TX20080,1,9,0,18,0,8,0,0,0,0,1,1,6,2,38,7,1796,1,7,-1,-1,-1
201601TX20080,2,9,0,9,0,8,0,0,0,0,1,1,2,1,47,8,1497,1,13,6,1,6
201601TX20082,1,9,0,6,0,5,0,0,0,0,3,1,6,1,43,7,1495,1,14,2,1,2
201601TX20082,2,3,0,13,0,8,0,0,7,0,1,1,6,1,34,6,124,1,17,4,1,4
201601TX20083,1,9,0,18,0,2,0,0,0,0,1,1,6,2,22,5,1598,1,12,7,1,7
201601TX20084,1,9,0,7,0,6,0,0,0,0,3,1,6,1,-1,-1,-1,-1,-1,-1,-1,-1
201601TX20084,2,1,0,18,4,8,0,0,0,0,1,1,1,2,28,6,-1,-1,-1,9,1,9
201601TX20085,1,3,0,13,0,8,0,0,0,0,1,1,2,1,61,9,124,1,5,2,1,2
201601TX20085,2,9,0,9,0,5,0,0,0,0,3,1,6,1,39,7,1797,8,6,3,1,3
201601TX20086,1,9,0,9,0,8,0,0,0,0,3,1,2,2,27,6,1200,1,2,5,1,5
201601TX20086,2,1,0,18,4,8,0,0,0,0,1,1,1,1,39,7,-1,-1,-1,6,2,6
201601TX20087,1,9,0,11,0,0,0,0,0,0,1,1,6,2,28,6,1956,2,6,2,1,2
201601TX20087,2,9,0,18,0,0,0,0,0,0,2,1,6,2,30,6,1791,8,5,3,1,3
201601TX20087,3,19,0,18,0,0,0,0,0,0,4,1,1,1,37,7,2148,2,7,-1,-1,-1
201601TX20087,4,9,0,18,0,0,0,0,0,0,4,1,1,1,36,7,2191,2,-1,4,1,4
201601TX20089,1,9,0,5,0,8,0,0,0,0,1,1,3,1,-1,-1,-1,-1,-1,-1,-1,-1
201601TX20090,1,9,0,18,0,0,0,0,0,0,4,1,6,1,48,8,1329,1,8,3,1,3
201601TX20091,1,9,0,18,0,0,0,0,0,0,1,1,6,1,40,7,1598,1,13,1,1,1
201601TX20091,2,11,0,3,0,0,0,0,0,0,2,1,1,1,33,6,9000,2,6,8,1,8
201601TX20094,1,9,0,18,0,2,0,10,0,0,1,1,6,1,67,10,2360,1,13,4,1,4
201601TX20096,1,9,0,18,0,8,0,0,0,0,1,1,6,2,53,8,1248,2,12,8,1,8
201601TX20096,2,3,0,9,0,8,0,0,0,0,1,1,6,1,19,4,124,1,3,4,1,4
201601TX20098,1,19,0,18,0,8,0,0,0,0,1,1,1,1,37,7,1968,2,3,7,3,7
201601TX20098,2,9,0,6,0,8,0,0,0,0,4,1,6,1,-1,-1,-1,-1,-1,-1,-1,-1
201601TX20099,1,9,0,18,0,8,0,0,0,0,4,1,6,2,-1,-1,998,1,-1,-1,-1,-1
201601TX20099,2,1,0,4,0,8,0,0,0,0,3,1,2,2,65,9,-1,-1,-1,9,1,9
201601TX20101,1,9,0,9,0,1,0,0,0,0,2,1,6,1,20,4,-1,-1,-1,5,1,5
201601TX20101,2,19,0,18,0,1,0,0,0,0,1,1,6,1,-1,-1,-1,-1,-1,-1,-1,-1
201601TX20102,1,9,0,9,0,8,0,0,0,0,1,1,6,1,19,4,1400,1,16,7,1,7
201601TX20102,2,9,0,3,0,8,0,0,0,0,3,1,6,1,44,7,1896,2,8,6,1,6
201601TX20102,3,21,0,3,0,8,0,0,0,0,3,1,1,1,31,6,12130,2,11,1,1,1
201601TX20103,1,9,0,18,0,8,0,0,0,0,1,1,6,1,35,6,2401,2,9,6,1,6
201601TX20103,2,9,0,3,0,8,0,0,0,0,2,1,6,1,45,7,1797,8,6,5,1,5
201601TX20103,3,9,0,11,0,8,0,0,0,0,1,1,6,3,-1,-1,2495,2,17,-1,-1,-1
201601TX20108,1,9,0,9,0,8,0,0,0,0,1,1,6,1,19,4,1242,1,14,4,1,4
201601TX20108,2,9,0,9,0,8,0,0,0,0,3,1,6,2,47,8,1997,2,12,2,1,2
201601TX20109,1,9,0,9,0,8,0,0,0,0,4,1,3,2,63,9,1998,1,14,4,1,4
201601TX20109,2,21,1,7,0,8,0,0,0,0,3,2,1,1,-1,-1,-1,-1,-1,-1,-1,-1
201601TX20112,1,9,0,18,0,8,0,0,0,0,1,1,6,2,45,7,1560,2,2,5,1,5
201601TX20112,2,9,0,9,0,8,0,0,0,0,4,1,6,2,79,11,1799,1,8,6,1,6
201601TX20114,1,1,0,18,0,8,0,0,0,0,4,1,6,1,13,3,-1,-1,-1,3,1,3
201601TX20114,2,19,0,7,0,8,0,0,0,0,1,1,1,1,51,8,-1,-1,-1,8,1,8
201601TX20115,1,11,0,5,0,8,0,0,0,0,0,1,1,1,55,8,4250,2,8,3,1,3
201601TX20116,1,9,0,9,0,8,0,0,0,0,1,1,6,1,75,10,-1,-1,-1,5,1,5
201601TX20116,2,4,0,18,0,8,0,0,1,0,1,1,6,1,75,10,124,1,4,5,1,5
201601TX20117,1,9,0,18,0,0,0,0,0,0,1,1,6,1,31,6,1956,2,2,3,1,3
201601TX20117,2,9,0,18,0,0,0,0,0,0,1,1,6,2,35,6,1595,1,17,5,1,5
201601TX20118,1,9,0,4,0,8,0,0,0,0,4,1,6,1,56,9,1598,1,8,2,1,2
201601TX20119,1,9,0,9,0,8,0,0,0,0,3,1,6,1,28,6,1968,2,7,4,1,4
201601TX20119,2,9,0,18,0,8,0,0,1,0,1,1,6,2,23,5,1749,1,13,7,1,7
201601TX20120,1,20,0,3,0,1,0,0,0,0,3,1,1,1,44,7,-1,-1,-1,-1,-1,-1
201601TX20120,2,20,0,18,0,1,0,0,0,0,1,1,6,1,-1,-1,2143,2,6,-1,-1,-1
201601TX20121,1,9,0,16,0,8,0,4,0,0,1,1,2,2,44,7,1794,1,12,4,1,4
201601TX20121,2,21,1,2,0,8,0,0,0,0,2,1,1,1,37,7,12900,2,5,4,1,4
201601TX20122,1,9,0,5,0,0,0,0,0,0,1,1,2,1,55,8,2254,1,18,3,1,3
201601TX20123,1,19,0,3,0,8,0,0,0,0,2,1,1,1,54,8,1868,2,16,5,1,5
201601TX20123,2,8,0,18,0,8,0,0,0,0,1,1,1,1,54,8,1798,8,1,2,1,2
201601TX20124,1,9,0,18,0,8,0,0,0,0,3,1,6,1,19,4,1595,1,2,6,1,6
201601TX20124,2,3,0,18,0,8,0,0,0,0,1,1,6,1,32,6,124,1,29,4,1,4
201601TX20125,1,8,0,17,0,8,0,0,0,0,2,1,1,1,55,8,2143,2,1,4,1,4
201601TX20125,2,9,0,17,0,8,0,0,0,0,1,1,6,3,-1,-1,-1,-1,-1,-1,-1,-1
201601TX20126,1,9,0,9,0,8,0,0,0,0,1,1,6,1,21,5,998,7,8,3,1,3
201601TX20126,2,3,0,18,0,8,0,0,0,0,1,1,1,1,25,5,108,1,8,2,1,2
201601TX20126,3,90,0,4,0,8,0,0,0,0,0,1,1,1,42,7,-1,-1,-1,-1,-1,-1
201601TX20127,1,9,0,18,0,0,0,0,0,0,3,1,3,2,32,6,1400,2,10,-1,-1,-1
201601TX20127,2,9,0,11,0,0,0,0,0,0,1,1,6,1,-1,-1,1599,1,13,4,1,4
201601TX20128,1,9,0,9,0,8,0,0,0,0,3,1,2,2,34,6,1560,2,9,6,1,6
201601TX20128,2,5,0,13,0,8,0,0,0,0,1,1,2,1,29,6,599,1,17,5,1,5
201601TX20129,1,9,0,4,0,2,0,0,0,0,2,1,6,1,81,11,1388,1,5,3,1,3
201601TX20129,2,21,0,4,0,2,0,0,1,0,1,1,1,1,65,9,11946,2,4,5,1,5
201601TX20130,1,9,0,3,0,8,0,0,0,0,3,1,1,2,49,8,2967,2,7,9,1,9
201601TX20130,2,3,0,17,0,8,0,0,0,0,1,1,6,1,19,4,124,1,2,5,1,5
201601TX20131,1,9,0,4,0,8,0,0,0,0,1,1,6,1,39,7,1598,1,12,5,1,5
201601TX20132,1,9,0,9,0,8,0,0,0,0,1,1,6,1,31,6,1799,1,7,6,1,6
201601TX20132,2,9,0,18,0,8,0,0,0,0,1,1,6,2,32,6,1388,1,10,6,1,6
201601TX20133,1,11,0,5,0,0,0,0,0,0,0,1,1,1,41,7,5883,2,14,3,1,3
201601TX20134,1,11,0,4,0,0,0,0,0,0,0,1,1,1,50,8,6374,2,5,4,1,4
201601TX20136,1,5,0,4,0,8,1,0,0,0,1,1,2,1,43,7,600,1,2,2,1,2
201601TX20136,2,9,0,11,0,8,0,0,0,0,2,1,2,1,59,9,1995,2,1,1,1,1
201601TX20137,1,9,0,1,0,0,0,0,0,0,2,1,2,1,25,5,1229,1,3,7,1,7
201601TX20138,1,8,0,5,0,8,0,0,0,0,1,1,2,1,38,7,-1,-1,-1,3,1,3
201601TX20138,2,3,0,3,0,8,0,0,0,0,2,1,2,1,47,8,125,1,3,-1,-1,-1
201601TX20139,1,11,0,4,0,0,0,0,0,0,0,1,1,1,-1,-1,-1,-1,-1,-1,-1,-1
201601TX20140,1,9,0,18,0,8,0,0,0,0,4,1,1,1,25,5,1198,1,9,-1,-1,-1
201601TX20140,2,9,0,5,0,8,0,0,0,0,1,1,1,1,64,9,1388,1,5,-1,-1,-1
201601TX20141,1,9,0,9,0,8,0,0,0,0,1,1,4,2,32,6,1598,1,6,3,1,3
201601TX20141,2,90,0,18,0,8,0,0,0,0,1,1,6,1,44,7,-1,-1,-1,4,1,4
201601TX20142,1,9,0,4,0,8,0,0,0,0,2,1,6,1,59,9,1998,1,15,3,1,3
201601TX20142,2,9,0,18,0,8,0,0,0,0,2,1,6,1,21,5,1587,1,8,6,1,6
201601TX20142,3,9,0,18,0,8,0,0,0,0,1,1,6,1,41,7,1388,1,5,1,1,1
201601TX20143,1,9,0,1,0,1,0,0,0,0,2,1,6,1,56,9,998,1,7,7,3,7
201601TX20144,1,9,0,18,0,0,0,0,0,0,1,1,6,1,45,7,1199,1,12,7,1,7
201601TX20144,2,9,0,18,0,0,0,0,0,0,2,1,6,1,42,7,1997,1,11,4,1,4
201601TX20146,1,1,0,18,0,1,0,0,0,0,4,1,6,1,35,6,-1,-1,-1,7,1,7
201601TX20146,2,9,0,18,0,1,0,0,0,0,1,1,6,1,55,8,1388,1,9,4,1,4
201601TX20147,1,9,0,3,0,1,0,0,0,0,2,1,1,1,69,10,698,1,12,8,1,8