Accident_Index,Vehicle_Reference,Vehicle_Type,Towing_and_Articulation,Vehicle_Manoeuvre,Vehicle_Location-Restricted_Lane,Junction_Location,Skidding_and_Overturning,Hit_Object_in_Carriageway,Vehicle_Leaving_Carriageway,Hit_Object_off_Carriageway,1st_Point_of_Impact,Was_Vehicle_Left_Hand_Drive?,Journey_Purpose_of_Driver,Sex_of_Driver,Age_of_Driver,Age_Band_of_Driver,Engine_Capacity_(CC),Propulsion_Code,Age_of_Vehicle,Driver_IMD_Decile,Driver_Home_Area_Type,Vehicle_IMD_Decile
201601TX20147,2,9,0,5,0,1,0,0,0,0,1,1,1,1,24,5,1560,2,2,7,1,7
201601TX20148,1,9,0,3,0,0,0,0,0,0,2,1,6,1,36,7,2494,1,14,3,1,3
201601TX20148,2,9,0,18,0,0,0,0,0,0,1,1,6,1,26,6,1896,2,14,4,1,4
201601TX20149,1,5,0,18,0,8,1,0,0,0,0,1,6,1,54,8,750,1,27,7,1,7
201601TX20150,1,9,0,5,0,8,0,0,0,0,1,1,6,2,31,6,1339,1,10,4,1,4
201601TX20150,2,9,0,18,0,8,0,0,0,0,3,1,6,1,28,6,1596,1,11,7,1,7
201601TX20151,1,4,0,14,0,1,0,0,0,0,4,1,6,1,46,8,198,1,14,6,1,6
201601TX20151,2,8,0,9,0,1,0,0,0,0,1,1,1,1,48,8,2499,2,8,3,1,3
201601TX20155,1,9,0,18,0,0,0,10,1,2,1,1,6,2,24,5,1596,1,15,6,1,6
201601TX20156,1,9,0,4,0,0,0,0,0,0,1,1,2,2,22,5,1229,1,5,4,1,4
201601TX20156,2,9,0,4,0,0,0,0,0,0,2,1,2,2,22,5,1390,1,18,4,1,4
201601TX20157,1,9,0,18,0,8,0,0,0,0,1,1,3,2,32,6,1596,1,3,2,1,2
201601TX20157,2,9,0,9,0,8,0,0,0,0,3,1,6,1,42,7,1560,2,6,3,1,3
201601TX20158,1,8,0,18,0,8,0,0,0,0,4,1,6,1,28,6,1798,8,1,4,1,4
201601TX20158,2,9,0,7,0,8,0,0,0,0,1,1,6,1,30,6,2521,1,4,-1,-1,-1
201601TX20159,1,21,1,18,0,8,0,0,0,0,1,1,1,1,50,8,12777,2,9,-1,1,-1
201601TX20159,2,9,0,12,0,8,0,0,0,0,3,1,6,1,61,9,1896,2,7,2,1,2
201601TX20160,1,19,0,4,0,8,0,0,0,0,1,1,1,1,44,7,-1,-1,-1,-1,-1,-1
201601TX20161,1,9,0,18,0,1,0,0,0,0,1,1,6,1,21,5,1349,1,3,8,1,8
201601TX20161,2,1,0,18,0,2,0,0,0,0,1,1,6,2,19,4,-1,-1,-1,5,1,5
201601TX20162,1,21,0,18,0,0,0,0,0,0,0,1,6,1,50,8,8867,2,8,4,1,4
201601TX20163,1,19,0,18,0,8,0,0,1,0,3,1,6,3,-1,-1,-1,-1,-1,-1,-1,-1
201601TX20164,1,9,0,11,0,8,0,0,0,0,3,1,1,1,46,8,1798,8,-1,5,1,5
201601TX20164,2,9,0,18,0,8,0,0,0,0,4,1,6,1,49,8,1998,1,1,3,1,3
201601TX20165,1,9,0,18,0,8,0,0,0,0,4,1,6,1,33,6,1896,2,14,-1,-1,-1
201601TX20166,1,9,0,18,0,1,0,0,0,0,1,1,2,1,23,5,1984,1,2,9,1,9
201601TX20166,2,1,0,18,0,1,0,0,0,0,3,1,2,1,23,5,-1,-1,-1,4,1,4
201601TX20167,1,19,0,18,0,8,0,0,0,0,1,1,6,2,41,7,-1,-1,-1,8,1,8
201601TX20168,1,9,0,5,0,8,0,0,1,0,2,1,6,1,25,5,1587,1,12,3,1,3
201601TX20168,2,9,0,1,0,8,0,0,0,0,2,1,6,1,-1,-1,1991,2,12,-1,-1,-1
201601TX20169,1,9,0,2,0,8,0,0,0,0,3,1,6,2,53,8,1405,1,13,3,1,3
201601TX20169,2,8,0,18,0,8,0,4,0,0,3,1,1,1,-1,-1,2967,2,6,-1,-1,-1
201601TX20170,1,9,0,18,0,0,0,0,0,0,0,1,6,1,25,5,1396,1,16,4,1,4
201601TX20170,2,9,0,18,0,0,0,0,0,0,4,1,6,2,46,8,1999,1,10,10,1,10
201601TX20171,1,9,0,4,0,0,0,0,0,0,2,1,6,2,46,8,1598,1,15,4,1,4
201601TX20171,2,8,0,18,0,0,0,0,0,0,1,1,1,1,-1,-1,1796,1,11,-1,-1,-1
201601TX20172,1,9,0,18,0,0,0,0,0,0,4,1,2,1,24,5,1461,2,1,3,1,3
201601TX20173,1,3,0,18,0,8,0,0,0,0,1,1,6,1,-1,-1,108,1,2,-1,-1,-1
201601TX20174,1,11,0,5,0,0,0,0,0,0,0,1,1,1,24,5,5132,2,2,3,1,3
201601TX20175,1,9,0,18,0,0,0,0,0,0,1,1,6,1,57,9,1995,2,8,3,1,3
201601TX20175,2,9,0,12,0,0,0,0,0,0,1,1,6,1,-1,-1,1198,1,6,-1,-1,-1
201601TX20176,1,3,0,4,0,8,0,0,0,0,2,1,6,1,20,4,49,1,6,3,1,3
201601TX20176,2,9,0,18,0,8,0,0,0,0,1,1,6,1,34,6,1598,2,3,-1,-1,-1
201601TX20177,1,9,0,1,0,0,0,4,0,0,1,1,1,1,-1,-1,1560,2,1,-1,-1,-1
201601TX20177,2,9,0,2,0,0,0,0,0,0,3,1,6,1,-1,-1,1598,1,8,-1,-1,-1
201601TX20178,1,9,0,18,0,0,0,0,0,0,1,1,6,2,45,7,1956,2,5,4,1,4
201601TX20178,2,9,0,18,0,0,0,0,0,0,1,1,6,1,35,6,-1,-1,-1,3,1,3
201601TX20178,3,9,0,4,0,0,0,0,0,0,2,1,6,2,-1,-1,1200,1,3,1,1,1
201601TX20180,1,9,0,18,0,1,0,0,0,0,1,1,6,1,61,9,1984,1,19,10,1,10
201601TX20180,2,1,0,18,0,1,0,0,0,0,4,1,6,1,29,6,-1,-1,-1,2,1,2
201601TX20181,1,11,0,18,0,1,0,0,0,0,0,1,1,1,40,7,9000,2,6,1,1,1
201601TX20182,1,3,0,3,0,1,0,0,0,0,2,1,6,1,41,7,108,1,6,5,1,5
201601TX20182,2,9,0,4,0,1,0,0,0,0,1,1,6,2,50,8,1560,2,11,5,1,5
201601TX20183,1,9,0,4,0,8,0,0,0,0,3,1,6,1,29,6,999,1,15,3,1,3
201601TX20183,2,9,0,18,0,8,1,0,0,0,3,1,1,1,-1,-1,-1,-1,-1,-1,-1,-1
201601TX20184,1,4,0,18,0,8,0,0,0,0,0,1,2,1,40,7,125,1,-1,-1,-1,-1
201601TX20185,1,9,0,18,0,8,0,0,0,0,1,1,6,1,-1,-1,1951,2,13,-1,-1,-1
201601TX20186,1,9,0,9,0,8,0,0,0,0,2,1,2,2,23,5,1149,1,8,5,1,5
201601TX20186,2,19,0,18,0,8,0,0,0,0,1,1,6,1,-1,-1,1998,2,12,-1,-1,-1
201601TX20187,1,9,0,9,0,2,0,0,0,0,3,1,6,2,23,5,1360,1,7,4,1,4
201601TX20187,2,3,0,14,0,1,0,0,0,0,1,1,6,1,19,4,124,1,5,3,1,3
201601TX20188,1,11,0,4,0,8,0,0,0,0,3,1,1,1,43,7,4500,2,5,8,1,8
201601TX20188,2,9,0,13,0,8,0,0,0,0,4,1,2,1,43,7,2148,2,16,6,1,6
201601TX20189,1,5,0,18,0,0,0,0,0,0,4,1,6,1,29,6,1100,1,24,6,1,6
201601TX20190,1,8,0,4,0,8,0,0,0,0,1,1,1,1,42,7,2987,2,1,3,1,3
201601TX20190,2,9,0,18,0,8,1,7,7,1,1,1,6,1,87,11,1242,1,3,10,1,10
201601TX20191,1,11,0,4,0,8,0,0,0,0,0,1,1,1,-1,-1,-1,-1,-1,-1,-1,-1
201601TX20192,1,9,0,18,0,8,0,0,0,0,3,1,6,1,53,8,1968,2,3,2,1,2
201601TX20192,2,9,0,9,0,8,0,0,0,0,1,1,6,1,44,7,1895,1,16,-1,-1,-1
201601TX20193,1,9,0,4,0,8,0,0,0,0,3,1,2,1,31,6,1396,1,16,4,1,4
201601TX20193,2,1,0,18,0,8,0,0,0,0,1,1,6,1,31,6,-1,-1,-1,3,1,3
201601TX20194,1,9,0,7,0,8,0,0,0,0,3,1,2,1,27,6,1596,1,13,7,1,7
201601TX20194,2,9,0,13,0,8,0,0,0,0,4,1,2,1,-1,-1,1390,1,10,6,1,6
201601TX20195,1,9,0,18,0,0,0,0,0,0,1,1,2,1,25,5,1390,1,14,3,1,3
201601TX20196,1,9,0,4,0,0,0,0,0,0,2,1,6,1,46,8,2720,2,10,3,1,3
201601TX20196,2,9,0,11,0,0,0,0,0,0,1,1,2,2,47,8,1584,1,8,4,1,4
201601TX20197,1,9,0,18,0,8,5,4,0,0,4,1,1,1,-1,-1,1339,1,5,2,1,2
201601TX20197,2,9,0,2,0,8,0,0,0,0,3,1,6,1,34,6,-1,-1,-1,5,1,5
201601TX20198,1,3,0,18,0,8,0,0,0,0,1,1,2,1,24,5,125,1,2,5,1,5
201601TX20199,1,9,0,18,0,1,0,0,0,0,1,1,2,2,52,8,1229,1,4,4,1,4
201601TX20199,2,9,0,4,0,1,0,0,0,0,2,1,6,2,42,7,2143,2,1,3,1,3
201601TX20200,1,9,0,18,0,8,1,4,0,0,1,1,6,1,22,5,1590,1,13,4,1,4
201601TX20200,2,9,0,2,0,8,0,0,0,0,3,1,6,1,50,8,1598,1,7,4,1,4
201601TX20201,1,11,0,4,0,8,0,0,1,0,0,1,1,2,40,7,9400,2,11,3,1,3
201601TX20202,1,9,0,5,0,8,0,0,0,0,4,1,6,1,59,9,-1,-1,-1,7,1,7
201601TX20203,1,8,0,18,0,8,0,0,0,0,1,1,2,1,45,7,-1,-1,-1,3,1,3
201601TX20203,2,9,0,18,0,8,0,0,0,0,2,1,1,1,44,7,-1,-1,-1,4,1,4
201601TX20204,1,9,0,18,0,0,0,0,0,0,1,1,6,1,88,11,1498,1,7,6,1,6
201601TX20205,1,9,0,18,0,8,0,0,0,0,4,1,2,1,41,7,1783,1,13,4,1,4
201601TX20206,1,9,0,6,0,8,0,0,0,0,3,1,1,2,52,8,1199,1,14,3,1,3
201601TX20206,2,3,0,13,0,8,0,0,0,0,1,1,2,1,42,7,49,1,12,7,1,7
201601TX20207,1,9,0,9,0,1,0,0,0,0,1,1,6,2,42,7,1600,1,12,2,1,2
201601TX20207,2,9,0,9,0,1,0,0,0,0,2,1,6,2,42,7,898,1,1,4,1,4
201601TX20208,1,4,0,15,0,0,0,0,0,0,4,1,6,1,23,5,398,1,8,-1,-1,-1
201601TX20208,2,9,0,7,0,0,0,0,0,0,3,1,6,2,41,7,2656,1,10,8,1,8
201601TX20209,1,9,0,9,0,8,0,0,0,0,3,1,2,1,39,7,1590,1,5,7,1,7
201601TX20209,2,3,0,13,0,8,0,0,0,0,1,1,2,1,33,6,125,1,11,1,1,1
201601TX20210,1,19,0,18,0,8,0,0,1,0,1,1,1,1,34,6,2148,2,9,4,1,4
201601TX20212,1,9,0,7,0,8,0,0,0,0,2,1,6,2,43,7,998,1,17,2,1,2
201601TX20212,2,9,0,7,0,8,0,0,0,0,1,1,6,2,-1,-1,1390,1,11,-1,-1,-1
201601TX20213,1,9,0,9,0,8,0,0,0,0,1,1,2,2,45,7,1896,2,10,10,1,10
201601TX20213,2,4,0,18,0,8,0,0,0,0,1,1,6,1,46,8,124,1,-1,2,1,2
201601TX20214,1,9,0,18,0,8,0,0,0,0,3,1,6,1,27,6,1197,1,1,2,1,2
201601TX20214,2,9,0,16,0,8,0,0,0,0,1,1,6,1,27,6,1968,2,7,6,1,6
201601TX20216,1,3,0,11,0,0,1,0,1,0,0,1,6,1,27,6,125,1,1,2,1,2
201601TX20216,2,90,0,18,0,0,0,0,1,0,0,1,6,3,-1,-1,-1,-1,-1,-1,-1,-1
201601TX20217,1,9,0,12,0,0,1,10,7,10,1,1,6,1,25,5,973,1,15,9,1,9
201601TX20219,1,11,0,4,0,8,0,0,0,0,0,1,1,1,40,7,6871,2,9,3,1,3
201601TX20220,1,3,0,16,0,8,0,0,0,0,1,1,6,1,27,6,125,1,-1,2,1,2
201601TX20220,2,9,0,6,0,8,0,0,0,0,1,1,6,1,30,6,1910,2,11,-1,-1,-1
201601TX20221,1,9,0,5,0,0,0,0,0,0,4,1,6,1,56,9,1229,1,1,6,1,6
201601TX20222,1,9,0,6,0,0,0,0,0,0,3,1,6,2,30,6,1349,1,3,8,2,8
201601TX20222,2,9,0,13,0,0,0,0,0,0,1,1,6,3,-1,-1,-1,-1,-1,-1,-1,-1
201601TX20223,1,8,0,5,0,0,0,0,1,0,1,1,1,1,58,9,1797,8,5,6,1,6
201601TX20224,1,8,0,3,0,0,0,0,0,0,2,1,1,1,37,7,1061,1,10,5,1,5
201601TX20224,2,9,0,18,0,0,0,0,1,0,1,1,2,2,38,7,-1,-1,-1,10,1,10
201601TX20225,1,1,0,18,2,0,0,0,0,0,3,1,2,1,25,5,-1,-1,-1,4,1,4
201601TX20225,2,9,0,11,2,0,0,0,0,0,1,1,6,1,-1,-1,998,1,13,-1,-1,-1
201601TX20226,1,9,0,18,0,8,0,0,0,0,1,1,1,1,29,6,1995,2,12,6,1,6
201601TX20227,1,9,0,18,0,8,0,0,0,0,4,1,2,1,45,7,2295,1,15,4,1,4
201601TX20228,1,9,0,18,0,0,0,0,0,0,4,1,2,1,34,6,2993,2,11,2,1,2
201601TX20228,2,9,0,15,0,0,0,0,0,0,3,1,6,1,-1,-1,1796,1,16,-1,-1,-1
201601TX20229,1,9,0,11,0,0,1,0,2,10,1,1,6,1,26,6,1598,1,12,3,1,3
201601TX20232,1,9,0,9,0,8,1,0,0,0,4,1,2,2,23,5,1149,1,15,10,1,10
201601TX20232,2,8,0,18,0,8,0,0,0,0,1,1,1,1,-1,-1,1798,8,1,-1,-1,-1
201601TX20234,1,5,0,18,0,8,0,10,0,0,0,1,6,1,52,8,-1,-1,-1,2,1,2
201601TX20235,1,9,0,3,0,8,0,0,0,0,2,1,6,1,43,7,1995,1,5,3,1,3
201601TX20235,2,9,0,18,0,8,0,0,0,0,1,1,6,3,-1,-1,2000,1,7,-1,-1,-1
201601TX20236,1,9,0,18,0,8,0,0,0,0,3,1,6,2,48,8,1896,2,12,-1,-1,-1
201601TX20236,2,9,0,18,0,8,0,0,0,0,4,1,6,2,26,6,2179,2,2,5,1,5
201601TX20237,1,9,0,10,0,8,0,0,0,0,2,1,6,1,27,6,1999,2,1,6,1,6
201601TX20237,2,9,0,18,0,8,0,0,0,0,1,1,6,1,60,9,1791,8,4,9,1,9
201601TX20238,1,9,0,9,0,8,0,0,0,0,1,1,2,1,32,6,998,1,13,2,1,2
201601TX20239,1,9,0,18,0,8,0,0,0,0,4,2,6,1,47,8,-1,-1,-1,3,1,3
201601TX20239,2,4,0,18,0,8,0,0,0,0,3,1,1,1,53,8,399,1,8,6,1,6
201601TX20240,1,9,0,17,0,8,0,0,0,0,1,1,6,2,-1,-1,1390,1,10,10,1,10
201601TX20240,2,9,0,17,0,8,0,0,0,0,3,1,2,1,47,8,1781,1,15,2,1,2
201601TX20241,1,9,0,7,0,8,0,0,0,0,1,1,6,2,-1,-1,-1,-1,-1,-1,-1,-1
201601TX20243,1,9,0,16,0,3,0,0,0,0,4,1,6,3,-1,-1,-1,-1,-1,-1,-1,-1
201601TX20244,1,9,0,9,0,8,0,0,0,0,1,1,6,1,58,9,1598,1,12,4,1,4
201601TX20244,2,3,0,18,0,8,0,0,0,0,4,1,6,1,27,6,-1,-1,-1,3,1,3
201601TX20245,1,9,0,5,0,8,0,0,0,0,2,1,6,1,34,6,-1,-1,-1,5,1,5
201601TX20245,2,9,0,4,0,8,0,0,0,0,1,1,6,1,-1,-1,-1,-1,-1,-1,-1,-1
201601TX20246,1,9,0,18,0,1,0,0,0,0,1,1,6,2,31,6,1796,1,15,5,1,5
201601TX20246,2,3,0,9,0,1,0,0,0,0,4,1,6,1,23,5,124,1,11,3,1,3
201601TX20247,1,9,0,9,0,8,0,0,0,0,3,1,6,1,39,7,1956,2,7,6,1,6
201601TX20247,2,1,0,18,0,8,0,0,0,0,1,1,6,1,40,7,-1,-1,-1,4,1,4
201601TX20248,1,9,0,18,0,0,0,0,0,0,1,1,2,1,54,8,1796,1,8,-1,-1,-1
201601TX20248,2,1,0,18,0,0,0,0,1,1,1,1,2,1,54,8,-1,-1,-1,-1,-1,-1
201601TX20249,1,9,0,18,0,0,0,10,7,10,1,1,6,2,-1,-1,1388,1,13,3,1,3
201601TX20250,1,9,0,18,0,8,0,0,0,0,1,1,6,2,22,5,998,1,10,4,1,4
201601TX20250,2,9,0,18,0,8,0,0,0,0,1,1,6,2,48,8,-1,-1,-1,1,1,1
201601TX20253,1,9,0,5,0,8,0,10,1,10,2,1,6,1,67,10,2435,1,20,4,1,4
201601TX20253,2,9,0,2,0,8,0,0,0,0,0,1,6,3,-1,-1,-1,-1,-1,-1,-1,-1
201601TX20253,3,9,0,2,0,7,0,0,0,0,0,1,6,3,-1,-1,-1,-1,-1,-1,-1,-1
201601TX20254,1,5,0,4,0,8,0,0,0,0,2,1,6,1,49,8,649,1,1,6,1,6
201601TX20254,2,9,0,18,0,8,0,0,0,0,1,1,6,2,56,9,1397,1,14,7,1,7
201601TX20255,1,1,0,12,2,8,0,0,0,0,3,1,2,2,58,9,-1,-1,-1,4,1,4
201601TX20255,2,11,0,13,0,8,0,0,0,0,1,1,1,1,-1,-1,-1,-1,-1,-1,-1,-1
201601TX20256,1,9,0,18,0,8,0,0,0,0,1,1,6,1,26,6,1399,1,11,5,1,5
201601TX20256,2,9,0,18,0,8,0,0,0,0,2,1,1,2,31,6,998,1,8,5,1,5
201601TX20257,1,9,0,18,0,0,0,0,0,0,1,1,6,1,28,6,1968,2,1,6,1,6
201601TX20257,2,9,0,4,0,0,0,0,0,0,2,1,6,1,30,6,1596,1,19,5,1,5
201601TX20257,3,8,0,4,0,0,0,0,0,0,2,1,1,1,48,8,1797,8,6,4,1,4
201601TX20259,1,3,0,18,0,8,0,0,0,0,1,1,6,1,39,7,108,1,3,3,1,3
201601TX20259,2,9,0,18,0,8,0,0,0,0,4,1,6,3,-1,-1,1587,1,14,-1,-1,-1
201601TX20261,1,9,0,3,0,0,0,0,0,0,0,1,2,1,71,10,1149,1,9,9,1,9
201601TX20261,2,5,0,14,0,0,0,0,0,0,1,1,2,1,30,6,1043,1,3,4,1,4
201601TX20262,1,5,0,14,0,8,0,0,0,0,4,1,2,1,40,7,805,1,19,4,1,4
201601TX20262,2,9,0,9,0,8,0,0,0,0,3,1,2,2,40,7,1896,2,12,6,1,6
201601TX20263,1,2,0,18,0,0,0,0,0,0,1,1,6,1,32,6,-1,-1,-1,8,1,8
201601TX20263,2,9,0,9,0,0,0,0,0,0,4,1,6,3,-1,-1,-1,-1,-1,-1,-1,-1
201601TX20265,1,9,0,18,0,0,0,10,1,10,1,1,3,1,36,7,-1,-1,-1,6,1,6
201601TX20265,2,9,0,7,0,0,0,0,0,0,4,1,3,2,58,9,989,1,18,4,1,4
201601TX20268,1,9,0,18,0,8,0,0,0,0,2,1,2,2,45,7,1329,1,2,5,1,5
201601TX20268,2,8,0,4,0,8,1,0,0,0,1,1,1,1,43,7,1798,8,2,5,1,5
201601TX20269,1,9,0,18,0,8,0,0,0,0,2,1,6,1,29,6,2967,2,3,4,1,4
201601TX20269,2,9,0,18,0,8,0,0,0,0,1,1,6,1,22,5,1246,1,10,5,1,5
201601TX20270,1,1,0,16,0,8,0,0,0,0,1,1,6,1,47,8,-1,-1,-1,6,1,6
201601TX20270,2,9,0,7,0,8,0,0,0,0,4,1,6,1,31,6,1995,1,12,6,1,6
201601TX20271,1,9,0,17,0,0,0,10,1,2,4,1,6,2,34,6,1197,1,1,6,1,6
201601TX20272,1,9,0,18,0,0,0,0,0,0,3,1,6,2,30,6,1229,1,6,5,1,5
201601TX20272,2,9,0,18,0,0,0,0,0,0,3,1,6,2,44,7,1598,2,2,2,1,2
201601TX20273,1,9,0,18,0,0,0,0,0,0,1,1,6,3,-1,-1,-1,-1,-1,-1,-1,-1
201601TX20274,1,9,0,4,0,8,0,0,0,0,1,1,2,2,30,6,1796,1,12,3,1,3
201601TX20274,2,9,0,3,0,8,0,0,0,0,4,1,2,2,26,6,-1,-1,-1,2,1,2
201601TX20275,1,90,0,18,0,0,0,0,0,0,4,1,6,3,-1,-1,-1,-1,-1,-1,-1,-1
201601TX20277,1,9,0,4,0,8,0,0,0,0,3,1,2,1,26,6,899,1,23,2,1,2
201601TX20278,1,9,0,18,0,8,0,0,0,0,3,1,2,2,37,7,1461,2,2,8,1,8
201601TX20278,2,19,0,18,0,8,0,0,0,0,1,1,1,1,20,4,2198,2,3,2,1,2
201601TX20279,1,9,0,18,0,8,0,0,0,0,1,1,2,1,31,6,1560,2,11,3,1,3
201601TX20280,1,11,0,4,0,0,0,0,0,0,0,1,1,1,47,8,9000,2,6,4,1,4
201601TX20281,1,5,0,18,0,8,0,0,0,0,1,1,6,1,32,6,-1,-1,-1,3,1,3
201601TX20281,2,9,0,9,0,8,0,0,0,0,4,1,4,2,47,8,-1,-1,-1,7,1,7
201601TX20284,1,9,0,2,0,0,0,4,1,10,3,1,6,1,71,10,2143,2,3,7,1,7
201601TX20284,2,9,0,18,0,0,1,0,1,10,1,1,6,1,56,9,2685,2,12,2,1,2
201601TX20285,1,9,0,3,0,8,0,0,0,0,1,1,2,2,31,6,1968,2,2,9,1,9
201601TX20285,2,9,0,4,0,8,0,0,0,0,2,1,2,2,42,7,1598,1,12,4,1,4
201601TX20286,1,9,0,4,0,0,0,0,0,0,1,1,6,1,39,7,1596,1,7,3,1,3
201601TX20286,2,9,0,18,0,0,0,0,0,0,2,1,6,1,30,6,1753,2,7,3,1,3
201601TX20287,1,5,0,7,0,8,0,0,0,0,1,1,2,1,35,6,649,1,10,6,1,6
201601TX20287,2,9,0,9,0,8,0,0,0,0,1,1,6,1,-1,-1,-1,-1,-1,-1,-1,-1
201601TX20288,1,9,0,14,0,8,0,0,0,0,4,1,6,1,75,10,1240,1,13,1,1,1
201601TX20289,1,9,0,9,0,8,0,0,0,0,1,1,6,1,45,7,2204,2,10,3,1,3
201601TX20290,1,9,0,3,0,2,0,0,0,0,3,1,2,1,66,10,2143,2,4,3,1,3
201601TX20290,2,19,0,14,0,1,0,0,0,0,4,1,1,1,-1,-1,2402,2,9,-1,-1,-1
201601TX20291,1,5,0,18,0,8,1,0,0,0,1,1,1,1,28,6,599,1,8,10,1,10
201601TX20291,2,1,0,5,0,8,0,0,0,0,3,1,6,1,73,10,-1,-1,-1,7,1,7
201601TX20293,1,9,0,18,0,8,0,0,0,0,4,1,6,1,36,7,1560,2,11,3,1,3
201601TX20293,2,9,0,18,0,8,0,0,0,0,3,1,6,1,47,8,1299,1,15,10,1,10
201601TX20294,1,8,0,9,0,8,0,0,0,0,1,1,1,1,34,6,1560,2,4,6,1,6
201601TX20294,2,9,0,18,0,8,0,0,0,0,3,1,6,1,39,7,-1,-1,-1,9,1,9
201601TX20295,1,9,0,18,0,8,0,0,0,0,0,2,6,2,25,5,1000,1,3,8,1,8
201601TX20295,2,9,0,18,0,8,0,0,0,0,2,1,6,1,43,7,2143,2,5,2,1,2
201601TX20295,3,5,0,18,0,8,0,0,0,0,1,1,6,1,53,8,1584,1,7,8,1,8
201601TX20296,1,9,0,18,0,0,0,0,0,0,1,1,6,1,95,11,1198,1,1,-1,-1,-1
201601TX20297,1,9,0,18,0,8,0,0,0,0,2,1,6,1,39,7,1956,2,2,6,1,6
201601TX20297,2,9,0,18,0,8,0,0,0,0,1,1,6,3,-1,-1,998,1,4,-1,-1,-1
201601TX20298,1,9,0,18,0,0,2,10,4,6,1,1,6,1,20,4,1598,1,9,2,1,2
201601TX20301,1,9,0,9,0,8,0,0,0,0,4,1,1,2,38,7,999,1,1,6,1,6
201601TX20301,2,1,0,18,0,8,0,0,0,0,1,1,6,1,33,6,-1,-1,-1,-1,-1,-1
201601TX20302,1,11,0,18,0,8,0,0,0,0,1,1,1,1,-1,-1,9400,2,11,8,1,8
201601TX20304,1,9,0,3,0,8,0,0,0,0,2,1,6,2,28,6,1686,2,4,4,1,4
201601TX20304,2,9,0,18,0,8,0,0,0,0,1,1,6,2,37,7,1598,1,14,10,1,10
201601TX20305,1,9,0,18,0,8,0,0,0,0,2,1,6,2,21,5,1124,1,9,4,1,4
201601TX20305,2,19,0,18,0,8,0,0,0,0,1,1,1,1,33,6,-1,-1,-1,4,1,4
201601TX20306,1,9,0,18,9,8,0,0,0,0,1,1,6,2,35,6,998,1,6,3,1,3
201601TX20306,2,9,0,18,0,8,0,0,0,0,1,1,6,1,23,5,-1,-1,-1,8,1,8
201601TX20307,1,11,0,2,0,8,0,0,0,0,2,1,1,1,27,6,4500,2,6,3,1,3
201601TX20307,2,9,0,18,0,8,0,0,0,0,3,1,6,1,34,6,2179,2,2,-1,-1,-1
201601TX20307,3,21,0,18,0,8,0,0,0,0,4,1,1,1,43,7,12900,2,5,10,1,10
201601TX20308,1,9,0,18,0,8,0,0,0,0,2,1,6,1,18,4,1242,1,10,4,1,4
201601TX20308,2,3,0,18,0,8,0,0,0,0,1,1,1,1,-1,-1,108,1,6,5,1,5
201601TX20309,1,9,0,18,0,8,0,0,0,0,2,1,6,1,39,7,1600,2,4,4,1,4
201601TX20309,2,9,0,18,0,8,0,0,0,0,1,1,6,3,-1,-1,1896,2,11,-1,-1,-1
201601TX20310,1,9,0,4,0,0,0,0,0,0,1,1,2,2,36,7,1229,1,7,8,1,8
201601TX20310,2,9,0,4,0,0,0,0,0,0,2,1,2,1,37,7,-1,-1,-1,-1,-1,-1
201601TX20312,1,11,0,18,0,0,0,0,0,0,0,1,6,1,33,6,9000,2,6,-1,-1,-1
201601TX20313,1,19,0,18,0,0,0,0,0,0,4,1,1,1,32,6,1968,2,3,6,1,6
201601TX20313,2,1,0,18,0,0,0,10,0,0,3,1,6,2,28,6,-1,-1,-1,10,1,10
201601TX20314,1,9,0,18,0,8,0,0,0,0,1,1,6,1,31,6,1997,1,12,6,1,6
201601TX20315,1,4,0,18,0,8,0,0,0,0,1,1,2,1,40,7,1237,1,6,-1,-1,-1
201601TX20315,2,9,0,6,0,8,0,0,0,0,1,1,6,1,37,7,-1,-1,-1,3,1,3
201601TX20320,1,9,0,4,0,8,0,0,0,0,2,1,1,1,44,7,-1,-1,-1,5,1,5
201601TX20320,2,9,0,4,0,8,0,0,0,0,1,1,6,2,36,7,1349,1,4,5,1,5
201601TX20321,1,9,0,18,0,8,0,0,0,0,1,1,6,2,77,11,1275,1,17,1,1,1
201601TX20321,2,9,0,18,0,8,0,0,0,0,1,1,1,2,45,7,1794,1,9,-1,-1,-1
201601TX20322,1,9,0,18,0,8,0,0,0,0,1,1,6,2,25,5,1398,1,15,4,1,4
201601TX20322,2,9,0,18,0,8,0,0,0,0,1,1,6,2,43,7,1997,2,8,4,1,4
201601TX20324,1,9,0,17,0,0,0,0,0,0,1,1,6,1,30,6,2000,1,16,5,1,5
201601TX20324,2,9,0,16,0,0,0,0,0,0,1,1,6,2,44,7,1598,2,1,6,1,6
201601TX20325,1,9,0,18,0,1,0,0,0,0,4,1,6,2,32,6,1998,1,13,5,1,5
201601TX20325,2,9,0,5,0,6,0,0,0,0,1,1,6,3,-1,-1,1242,1,9,-1,-1,-1
201601TX20326,1,9,0,1,0,0,0,0,0,0,2,1,6,2,-1,-1,-1,-1,-1,-1,-1,-1
201601TX20327,1,5,0,13,0,1,0,0,4,0,4,1,6,1,27,6,599,1,8,3,1,3
201601TX20327,2,19,0,12,0,1,0,0,0,0,3,1,6,1,45,7,2148,2,8,3,1,3
201601TX20328,1,1,0,18,0,0,0,0,0,0,2,1,6,1,47,8,-1,-1,-1,7,1,7
201601TX20328,2,9,0,18,0,0,0,0,0,0,1,1,6,1,-1,-1,1910,2,6,-1,-1,-1
201601TX20329,1,9,0,9,5,8,0,0,1,10,1,1,2,1,28,6,1995,1,7,6,1,6
201601TX20331,1,1,0,18,0,8,0,0,0,0,0,1,6,1,28,6,-1,-1,-1,10,1,10
201601TX20333,1,5,0,18,0,1,1,0,0,0,3,1,6,1,55,8,599,1,13,5,1,5