Accident_Index,Vehicle_Reference,Vehicle_Type,Towing_and_Articulation,Vehicle_Manoeuvre,Vehicle_Location-Restricted_Lane,Junction_Location,Skidding_and_Overturning,Hit_Object_in_Carriageway,Vehicle_Leaving_Carriageway,Hit_Object_off_Carriageway,1st_Point_of_Impact,Was_Vehicle_Left_Hand_Drive?,Journey_Purpose_of_Driver,Sex_of_Driver,Age_of_Driver,Age_Band_of_Driver,Engine_Capacity_(CC),Propulsion_Code,Age_of_Vehicle,Driver_IMD_Decile,Driver_Home_Area_Type,Vehicle_IMD_Decile
201601TX20334,1,9,0,5,0,0,0,4,1,0,1,1,6,1,81,11,1598,1,13,6,1,6
201601TX20334,2,9,0,3,0,0,0,0,0,0,1,1,6,2,46,8,1497,8,10,5,1,5
201601TX20334,3,9,0,2,0,0,0,4,0,0,1,1,6,3,-1,-1,-1,-1,-1,-1,-1,-1
201601TX20334,4,9,0,2,0,0,0,0,0,0,1,1,6,3,-1,-1,-1,-1,-1,-1,-1,-1
201601TX20334,5,9,0,2,0,0,0,0,0,0,2,1,6,3,-1,-1,-1,-1,-1,-1,-1,-1
201601TX20334,6,9,0,2,0,0,0,0,0,0,2,1,6,3,-1,-1,-1,-1,-1,-1,-1,-1
201601TX20335,1,9,0,9,0,8,0,0,0,0,1,1,6,1,74,10,698,1,12,4,1,4
201601TX20335,2,3,0,14,0,8,0,0,0,0,1,1,6,1,21,5,125,1,2,-1,-1,-1
201601TX20336,1,9,0,7,9,8,0,0,0,0,1,1,6,1,19,4,1242,1,14,6,1,6
201601TX20336,2,9,0,18,0,8,0,0,0,0,1,1,6,1,86,11,1596,1,6,4,1,4
201601TX20336,3,9,0,18,0,8,0,0,0,0,3,1,6,1,38,7,1968,2,5,-1,-1,-1
201601TX20337,1,9,0,18,0,0,0,0,0,0,2,1,6,2,63,9,1360,1,7,6,1,6
201601TX20337,2,19,0,18,0,0,0,0,0,0,1,1,6,1,46,8,2464,2,8,3,1,3
201601TX20338,1,3,0,18,0,8,0,0,0,0,3,1,6,1,29,6,124,1,13,4,1,4
201601TX20338,2,9,0,7,0,8,0,0,0,0,1,1,6,2,-1,-1,1998,1,21,4,1,4
201601TX20339,1,9,0,3,0,0,0,0,0,0,2,1,6,1,45,7,2148,2,10,3,1,3
201601TX20339,2,9,0,3,0,0,0,0,0,0,2,1,6,2,55,8,1461,2,-1,10,1,10
201601TX20339,3,9,0,18,0,0,0,0,0,0,1,1,6,1,70,10,1198,1,1,5,1,5
201601TX20341,1,9,0,18,0,0,0,0,0,0,3,1,6,2,32,6,1598,1,6,5,1,5
201601TX20342,1,9,0,9,0,8,0,0,0,0,4,1,2,1,26,6,-1,-1,-1,10,1,10
201601TX20342,2,1,0,18,5,8,0,0,0,0,1,1,4,1,10,2,-1,-1,-1,4,1,4
201601TX20343,1,9,0,18,0,8,0,0,0,0,1,1,6,2,56,9,1997,1,4,5,1,5
201601TX20343,2,9,0,10,0,8,0,0,0,0,2,1,6,2,37,7,1997,2,3,5,1,5
201601TX20344,1,9,0,6,0,1,0,0,0,0,3,1,6,2,43,7,2993,2,10,5,1,5
201601TX20344,2,5,0,14,0,1,0,0,0,0,1,1,6,1,50,8,689,1,-1,10,1,10
201601TX20345,1,19,0,18,0,1,0,0,0,0,1,1,1,1,46,8,1995,2,3,6,1,6
201601TX20345,2,3,0,18,0,1,0,0,0,0,1,1,6,1,52,8,124,1,6,4,1,4
201601TX20346,1,9,0,5,0,8,0,0,0,0,3,1,6,1,52,8,1997,2,8,5,1,5
201601TX20346,2,19,0,5,0,8,0,0,0,0,4,1,6,3,-1,-1,-1,-1,-1,-1,-1,-1
201601TX20347,1,9,0,3,0,1,0,0,0,0,2,1,6,1,29,6,1995,2,11,5,1,5
201601TX20347,2,9,0,5,0,1,0,0,0,0,1,1,6,2,47,8,2143,2,1,5,1,5
201601TX20349,1,9,0,9,0,8,0,0,0,0,4,1,6,1,42,7,1910,2,7,6,1,6
201601TX20349,2,9,0,18,0,8,0,0,0,0,3,1,6,2,24,5,1330,1,11,5,1,5
201601TX20351,1,5,0,13,0,8,0,0,0,0,1,1,6,1,28,6,849,1,2,4,1,4
201601TX20351,2,9,0,9,0,8,0,0,0,0,3,1,6,2,23,5,1590,1,11,4,1,4
201601TX20352,1,3,0,18,0,8,0,0,0,0,4,1,6,1,41,7,125,1,5,4,1,4
201601TX20352,2,9,0,7,0,8,0,0,0,0,1,1,6,3,-1,-1,1998,2,5,-1,-1,-1
201601TX20353,1,19,0,18,0,8,0,0,0,0,1,1,6,1,44,7,-1,-1,-1,7,1,7
201601TX20353,2,1,0,18,0,8,0,0,0,0,1,1,6,1,-1,-1,-1,-1,-1,-1,-1,-1
201601TX20354,1,9,0,9,0,8,0,0,0,0,2,1,6,1,27,6,1318,1,-1,4,1,4
201601TX20354,2,9,0,18,0,8,0,0,0,0,1,1,6,1,43,7,2996,2,7,5,1,5
201601TX20355,1,9,0,18,0,1,0,4,0,0,3,1,6,1,77,11,1598,1,3,4,1,4
201601TX20355,2,9,0,18,0,2,0,0,0,0,3,1,6,1,26,6,1896,2,6,-1,-1,-1
201601TX20355,3,19,0,2,0,2,0,0,0,0,3,1,6,3,-1,-1,2148,2,9,-1,-1,-1
201601TX20356,1,9,0,11,0,8,0,0,0,0,4,1,6,2,20,4,1598,1,4,4,1,4
201601TX20356,2,9,0,17,0,8,0,0,0,0,3,1,6,2,47,8,2616,1,11,5,1,5
201601TX20358,1,1,0,18,0,8,0,0,0,0,3,1,6,2,55,8,-1,-1,-1,8,1,8
201601TX20358,2,19,0,18,0,8,0,0,0,0,4,1,1,1,-1,-1,2287,2,1,-1,-1,-1
201601TX20359,1,9,0,4,0,0,0,0,0,0,4,1,6,2,41,7,1388,1,5,5,1,5
201601TX20359,2,9,0,4,0,0,0,0,0,0,4,1,6,2,-1,-1,-1,-1,-1,-1,-1,-1
201601TX20361,1,9,0,9,0,8,0,0,0,0,1,1,6,1,31,6,-1,-1,-1,8,1,8
201601TX20361,2,9,0,18,0,8,0,0,0,0,1,1,6,2,33,6,1590,1,13,3,1,3
201601TX20363,1,9,0,4,0,0,0,0,0,0,2,1,6,1,50,8,1368,1,5,3,1,3
201601TX20363,2,9,0,4,0,0,0,0,0,0,2,1,6,3,-1,-1,-1,-1,-1,-1,-1,-1
201601TX20364,1,9,0,18,0,0,0,0,0,0,1,1,2,1,25,5,1896,2,12,5,1,5
201601TX20365,1,11,0,18,0,1,0,0,0,0,4,1,1,1,49,8,9000,2,6,6,1,6
201601TX20365,2,1,0,9,0,1,0,0,0,0,3,1,6,1,69,10,-1,-1,-1,6,1,6
201601TX20368,1,11,0,16,0,8,0,0,0,0,1,1,1,1,54,8,5132,2,1,4,1,4
201601TX20369,1,9,0,18,0,1,0,0,0,0,1,1,2,1,40,7,1968,2,5,5,1,5
201601TX20370,1,3,0,18,0,0,0,0,0,0,1,1,6,1,38,7,124,1,3,4,1,4
201601TX20371,1,9,0,5,0,1,0,0,0,0,1,1,6,1,27,6,2148,2,12,3,1,3
201601TX20371,2,1,0,18,0,1,0,0,0,0,4,1,6,1,12,3,-1,-1,-1,3,1,3
201601TX20372,1,8,0,4,0,1,0,0,0,0,1,1,1,1,45,7,2402,2,13,3,1,3
201601TX20372,2,9,0,3,0,1,0,0,0,0,2,1,6,2,55,8,1998,1,13,9,1,9
201601TX20372,3,9,0,3,0,1,0,0,0,0,2,1,6,2,50,8,996,1,7,5,1,5
201601TX20375,1,9,0,18,0,0,0,0,0,0,2,1,6,1,45,7,1796,1,5,3,1,3
201601TX20375,2,9,0,18,0,0,0,0,1,0,1,1,6,3,-1,-1,1753,2,8,-1,-1,-1
201601TX20376,1,3,0,7,0,8,0,0,0,0,3,1,6,1,42,7,125,1,4,2,1,2
201601TX20376,2,9,0,18,0,8,0,0,0,0,3,1,6,1,54,8,-1,-1,-1,6,1,6
201601TX20377,1,9,0,10,0,1,0,0,0,0,2,1,6,1,71,10,2143,2,4,5,1,5
201601TX20377,2,19,0,18,0,1,0,0,0,0,1,1,6,1,-1,-1,-1,-1,-1,-1,-1,-1
201601TX20378,1,9,0,18,0,0,0,0,0,0,3,1,6,2,37,7,1596,1,12,6,1,6
201601TX20378,2,9,0,5,0,0,0,0,0,0,3,1,6,1,22,5,1396,1,5,6,1,6
201601TX20379,1,11,0,18,0,1,0,0,0,0,4,1,1,2,53,8,3900,2,11,3,1,3
201601TX20380,1,9,0,3,0,1,0,0,0,0,2,1,6,2,21,5,1360,1,12,7,1,7
201601TX20380,2,19,0,18,0,1,0,0,0,0,1,1,6,1,-1,-1,1968,2,4,-1,-1,-1
201601TX20381,1,19,0,18,0,2,0,0,0,0,2,1,6,1,33,6,-1,-1,-1,-1,-1,-1
201601TX20381,2,9,0,18,0,2,0,0,0,0,1,1,6,3,-1,-1,-1,-1,-1,-1,-1,-1
201601TX20384,1,9,0,18,0,2,0,0,1,7,4,1,6,1,40,7,-1,-1,-1,-1,-1,-1
201601TX20385,1,9,0,9,0,5,0,0,0,0,4,1,6,1,24,5,1598,2,3,7,1,7
201601TX20385,2,9,0,18,0,8,0,0,0,0,1,1,6,1,33,6,1560,2,4,10,1,10
201601TX20386,1,9,0,18,0,1,0,0,0,0,1,1,1,2,24,5,1149,1,14,4,1,4
201601TX20388,1,9,0,7,0,2,0,10,1,2,4,1,6,1,30,6,1968,2,2,4,1,4
201601TX20389,1,9,0,9,0,8,0,0,0,0,3,1,3,2,42,7,-1,-1,-1,6,1,6
201601TX20390,1,9,0,7,0,5,0,0,0,0,4,1,6,2,40,7,1984,1,1,8,1,8
201601TX20390,2,3,0,15,0,8,0,0,0,0,3,1,1,1,-1,-1,125,1,5,1,1,1
201601TX20392,1,11,0,18,0,1,0,0,0,0,3,1,1,1,65,9,-1,-1,-1,-1,-1,-1
201601TX20393,1,19,0,18,0,8,0,0,0,0,1,1,1,1,62,9,1686,2,12,5,1,5
201601TX20393,2,19,0,9,0,8,0,0,0,0,4,1,1,1,31,6,1560,2,4,8,1,8
201601TX20394,1,9,0,5,0,2,0,0,0,0,1,1,1,1,28,6,1896,2,8,5,1,5
201601TX20395,1,9,0,5,0,8,0,0,0,0,1,1,6,1,39,7,1461,2,2,2,1,2
201601TX20395,2,1,0,17,0,8,0,0,0,0,4,1,6,1,44,7,-1,-1,-1,2,1,2
201601TX20396,1,5,0,13,0,1,0,0,0,0,4,1,6,1,31,6,-1,-1,-1,4,1,4
201601TX20396,2,9,0,18,0,1,0,0,0,0,3,1,6,3,-1,-1,-1,-1,-1,-1,-1,-1
201601TX20397,1,9,0,3,0,0,0,0,0,0,2,1,2,2,38,7,875,1,3,2,1,2
201601TX20397,2,9,0,18,0,0,0,0,0,0,1,1,2,2,29,6,1229,1,4,5,1,5
201601TX20398,1,11,0,4,0,2,0,0,0,0,0,1,1,2,43,7,9360,2,5,3,1,3
201601TX20399,1,9,0,5,0,8,0,0,0,0,1,1,6,1,20,4,1968,2,6,5,1,5
201601TX20399,2,9,0,18,0,8,0,0,4,1,4,1,6,1,39,7,1753,2,10,3,1,3
201601TX20400,1,9,0,13,0,1,0,0,0,0,4,1,2,2,31,6,1596,1,5,-1,-1,-1
201601TX20400,2,1,0,18,4,1,0,0,0,0,3,1,4,1,14,3,-1,-1,-1,3,1,3
201601TX20401,1,11,0,4,0,0,0,0,0,0,0,1,1,1,56,9,4500,2,5,8,1,8
201601TX20402,1,9,0,18,0,2,0,0,0,0,3,1,2,1,60,9,1398,1,5,5,1,5
201601TX20403,1,9,0,9,0,8,0,0,0,0,3,1,6,1,25,5,1242,1,15,8,1,8
201601TX20403,2,5,0,18,0,8,0,0,0,0,1,1,6,1,32,6,125,1,4,6,1,6
201601TX20406,1,10,0,10,0,0,0,0,0,0,2,1,1,1,41,7,-1,-1,-1,5,1,5
201601TX20406,2,9,0,18,0,0,0,0,0,0,1,1,6,2,46,8,-1,-1,-1,-1,-1,-1
201601TX20407,1,9,0,9,0,1,0,0,0,0,1,1,6,2,28,6,1998,2,12,5,1,5
201601TX20407,2,3,0,14,0,1,0,0,0,0,4,1,6,1,28,6,124,1,-1,4,1,4
201601TX20408,1,19,0,3,0,8,0,0,0,0,4,1,6,1,24,5,2198,2,10,3,1,3
201601TX20408,2,9,0,18,0,8,0,0,0,0,1,1,6,1,25,5,2143,2,3,1,1,1
201601TX20409,1,5,0,18,0,8,0,0,0,0,1,1,6,1,52,8,998,1,10,9,1,9
201601TX20410,1,9,0,9,0,0,0,0,0,0,3,1,6,1,50,8,1998,8,-1,6,1,6
201601TX20410,2,2,0,15,0,0,1,0,0,0,1,1,2,1,34,6,49,1,-1,5,1,5
201601TX20413,1,9,0,18,0,2,0,0,0,0,1,1,1,1,44,7,1968,2,5,4,1,4
201601TX20413,2,19,0,4,0,2,0,0,0,0,2,1,1,1,57,9,2148,2,8,4,1,4
201601TX20413,3,9,0,11,0,2,0,0,0,0,2,1,6,1,31,6,1497,1,12,2,1,2
201601TX20414,1,19,0,5,0,0,0,0,0,0,3,1,1,2,51,8,2143,2,5,6,1,6
201601TX20414,2,3,0,13,0,0,0,0,0,0,4,1,6,1,57,9,125,1,-1,4,1,4
201601TX20415,1,9,0,11,0,0,0,0,0,0,4,1,1,1,29,6,1598,2,4,3,1,3
201601TX20415,2,9,0,18,0,0,0,0,0,0,2,1,1,1,33,6,1798,8,1,4,1,4
201601TX20415,3,90,0,18,0,0,0,0,0,0,3,1,6,1,50,8,-1,-1,-1,9,1,9
201601TX20416,1,9,0,7,0,8,0,0,0,0,4,1,6,1,72,10,-1,-1,-1,4,1,4
201601TX20416,2,1,0,18,0,8,0,0,0,0,2,1,6,1,56,9,-1,-1,-1,7,1,7
201601TX20417,1,11,0,5,0,0,0,0,0,0,0,1,1,2,32,6,3900,2,13,4,1,4
201601TX20418,1,9,0,18,0,1,0,0,0,0,3,1,6,1,37,7,2324,1,13,4,1,4
201601TX20420,1,9,0,3,0,0,0,0,0,0,2,1,6,1,22,5,1364,1,6,10,1,10
201601TX20420,2,9,0,3,0,0,0,0,0,0,2,1,1,2,20,4,-1,-1,-1,9,1,9
201601TX20420,3,9,0,5,0,0,0,0,0,0,1,1,6,3,-1,-1,1390,1,4,-1,-1,-1
201601TX20421,1,9,0,13,0,2,0,10,1,0,0,1,6,1,24,5,2171,1,13,-1,-1,-1
201601TX20421,2,1,0,18,0,2,0,0,0,0,4,1,6,1,27,6,-1,-1,-1,2,1,2
201601TX20422,1,9,0,3,0,0,0,0,0,0,2,1,6,2,26,6,-1,-1,-1,6,1,6
201601TX20422,2,9,0,5,0,0,0,0,0,0,1,1,6,2,-1,-1,2993,2,5,8,1,8
201601TX20423,1,11,0,18,0,8,0,0,0,0,1,1,3,1,46,8,9360,2,6,6,1,6
201601TX20423,2,19,0,18,0,8,0,0,0,0,1,1,1,1,23,5,1968,2,3,4,1,4
201601TX20424,1,1,0,15,0,1,0,8,0,0,1,1,6,2,33,6,-1,-1,-1,-1,-1,-1
201601TX20424,2,9,0,3,0,1,0,0,0,0,4,1,6,2,-1,-1,1198,1,2,-1,-1,-1
201601TX20425,1,1,0,18,4,1,0,0,0,0,1,1,6,1,-1,-1,-1,-1,-1,-1,-1,-1
201601TX20427,1,5,0,18,0,0,0,0,0,0,1,1,3,1,26,6,645,1,7,2,1,2
201601TX20428,1,8,0,18,0,0,0,0,0,0,1,1,1,1,56,9,1998,2,7,5,1,5
201601TX20429,1,11,0,18,0,1,0,0,0,0,0,1,1,1,44,7,9000,2,7,-1,-1,-1
201601TX20430,1,9,0,5,0,0,0,0,0,0,2,1,6,2,33,6,1968,2,3,2,1,2
201601TX20432,1,9,0,18,0,8,0,0,0,0,1,1,6,3,-1,-1,-1,-1,-1,-1,-1,-1
201601TX20434,1,1,0,15,0,0,0,8,0,0,1,1,6,1,21,5,-1,-1,-1,8,1,8
201601TX20434,2,19,0,3,0,0,0,0,0,0,4,1,6,1,-1,-1,-1,-1,-1,-1,-1,-1
201601TX20435,1,11,0,18,0,0,0,0,0,0,0,1,1,1,25,5,9000,2,7,10,1,10
201601TX20436,1,9,0,9,0,1,0,0,0,0,3,1,6,1,58,9,1997,1,15,6,1,6
201601TX20436,2,2,0,18,0,1,1,0,0,0,1,1,6,1,36,7,124,1,2,2,1,2
201601TX20439,1,9,0,18,0,2,0,0,0,0,3,1,6,1,44,7,998,1,2,4,1,4
201601TX20440,1,9,0,4,0,1,0,0,0,0,2,1,6,2,49,8,1995,2,9,4,1,4
201601TX20440,2,9,0,18,0,1,0,0,0,0,1,1,2,1,36,7,1900,2,11,7,1,7
201601TX20441,1,9,0,18,0,0,0,0,0,0,1,1,6,3,-1,-1,-1,-1,-1,-1,-1,-1
201601TX20442,1,19,0,9,0,8,0,0,0,0,3,1,1,1,60,9,4250,2,13,6,1,6
201601TX20442,2,3,0,14,0,1,0,0,0,0,1,1,1,1,31,6,125,1,6,1,1,1
201601TX20443,1,9,0,18,0,2,0,10,1,2,1,1,6,2,20,4,1339,1,10,3,1,3
201601TX20443,2,9,0,3,0,2,0,0,0,0,2,1,6,2,22,5,1242,1,5,5,1,5
201601TX20444,1,9,0,9,0,1,0,0,0,0,2,1,6,2,23,5,998,1,8,5,1,5
201601TX20444,2,9,0,7,0,1,0,0,0,0,1,1,6,3,-1,-1,1598,1,3,-1,-1,-1
201601TX20445,1,3,0,9,0,8,0,0,0,0,3,1,6,1,22,5,125,1,5,5,1,5
201601TX20445,2,9,0,18,0,8,0,0,0,0,0,1,6,1,-1,-1,1769,1,14,-1,-1,-1
201601TX20446,1,9,0,5,0,1,0,0,0,0,1,1,6,1,25,5,1339,8,4,2,1,2
201601TX20447,1,3,0,18,0,0,0,0,0,0,1,1,6,1,39,7,125,1,2,4,1,4
201601TX20447,2,9,0,9,0,0,0,0,0,0,3,1,6,1,31,6,1598,1,1,3,1,3
201601TX20448,1,9,0,18,0,8,0,0,1,4,1,1,6,1,45,7,1497,8,3,6,1,6
201601TX20448,2,9,0,9,0,8,0,0,0,0,1,1,6,3,-1,-1,-1,-1,-1,-1,-1,-1
201601TX20451,1,9,0,17,0,1,0,10,1,10,1,1,6,1,19,4,1596,1,13,2,1,2
201601TX20452,1,9,0,3,0,8,0,0,0,0,2,1,6,1,62,9,1997,2,4,2,1,2
201601TX20452,2,9,0,18,0,8,0,0,0,0,1,1,6,3,-1,-1,-1,-1,-1,-1,-1,-1
201601TX20453,1,3,0,18,0,1,0,0,0,0,2,1,6,1,16,4,-1,-1,-1,2,1,2
201601TX20453,2,9,0,18,0,1,0,0,0,0,1,1,6,3,-1,-1,-1,-1,-1,-1,-1,-1
201601TX20454,1,1,0,18,9,0,0,0,0,0,0,1,4,1,10,2,-1,-1,-1,3,1,3
201601TX20455,1,9,0,4,0,8,0,0,0,0,2,1,6,1,47,8,1998,2,2,-1,-1,-1
201601TX20455,2,3,0,18,0,8,0,0,0,0,1,1,6,1,28,6,125,1,-1,3,1,3
201601TX20456,1,1,0,9,0,1,0,0,0,0,3,1,6,1,54,8,-1,-1,-1,7,1,7
201601TX20456,2,9,0,7,0,1,0,0,0,0,4,1,6,3,-1,-1,-1,-1,-1,-1,-1,-1
201601TX20457,1,9,0,18,0,0,0,0,0,0,3,1,6,1,70,10,1598,2,-1,2,1,2
201601TX20459,1,9,0,9,0,8,0,0,0,0,3,1,1,2,55,8,1997,1,6,6,1,6
201601TX20459,2,5,0,13,0,8,0,0,0,0,4,1,1,1,55,8,1130,1,11,8,1,8
201601TX20460,1,9,0,18,0,0,0,0,0,0,1,1,6,1,38,7,1995,2,8,3,1,3
201601TX20460,2,9,0,18,0,0,0,0,0,0,2,1,6,3,-1,-1,1798,8,-1,-1,-1,-1
201601TX20461,1,9,0,4,0,8,0,0,0,0,2,1,6,1,23,5,1995,1,7,9,1,9
201601TX20461,2,9,0,18,0,8,0,0,0,0,1,1,6,1,39,7,-1,-1,-1,7,1,7
201601TX20462,1,1,0,18,0,1,0,0,0,0,2,1,4,1,-1,-1,-1,-1,-1,2,1,2
201601TX20462,2,9,0,9,0,1,0,0,0,0,1,1,6,3,-1,-1,-1,-1,-1,-1,-1,-1
201601TX20463,1,9,0,7,9,0,0,0,0,0,3,1,1,1,39,7,-1,-1,-1,-1,-1,-1
201601TX20463,2,3,0,18,9,0,0,0,0,0,1,1,6,3,-1,-1,49,1,6,-1,-1,-1
201601TX20465,1,9,0,18,0,2,0,0,0,0,1,1,3,2,37,7,1397,1,13,5,1,5
201601TX20466,1,9,0,18,0,0,0,0,0,0,2,1,6,2,58,9,1968,2,11,3,1,3
201601TX20466,2,4,0,18,5,0,0,0,0,0,1,1,6,1,-1,-1,330,1,1,-1,-1,-1
201601TX20466,3,1,0,18,5,0,0,0,0,0,3,1,6,1,35,6,-1,-1,-1,7,1,7
201601TX20467,1,9,0,18,0,1,0,0,0,0,1,1,6,1,27,6,2188,2,9,1,1,1
201601TX20467,2,9,0,4,0,1,0,0,0,0,2,1,6,1,53,8,2148,2,11,4,1,4
201601TX20468,1,11,0,18,0,0,0,0,0,0,1,1,1,1,36,7,9000,2,6,3,1,3
201601TX20469,1,9,0,3,0,0,0,0,0,0,2,1,6,2,24,5,1299,1,12,-1,1,-1
201601TX20469,2,9,0,18,0,0,1,0,0,0,2,1,6,1,32,6,1896,2,14,2,1,2
201601TX20469,3,9,0,18,0,0,1,0,0,0,1,1,6,1,37,7,1497,1,13,5,1,5
201601TX20471,1,9,0,9,0,8,0,0,0,0,3,1,6,1,22,5,1461,2,2,4,1,4
201601TX20471,2,3,0,18,0,8,0,0,0,0,1,1,6,1,33,6,125,1,-1,4,1,4
201601TX20472,1,9,0,9,0,8,0,0,0,0,3,1,2,2,20,4,-1,-1,-1,4,1,4
201601TX20472,2,1,0,9,0,8,0,0,0,0,1,1,6,1,59,9,-1,-1,-1,4,1,4
201601TX20473,1,1,0,18,0,2,0,0,0,0,1,1,6,1,24,5,-1,-1,-1,-1,-1,-1
201601TX20473,2,9,0,18,0,2,0,0,0,0,2,1,6,2,57,9,1686,2,9,8,1,8
201601TX20474,1,9,0,4,0,2,0,0,0,0,2,1,2,2,26,6,1598,1,11,5,1,5
201601TX20474,2,9,0,7,0,2,0,0,0,0,1,1,6,2,27,6,1364,1,1,5,1,5
201601TX20475,1,9,0,9,0,8,0,0,0,0,1,1,6,1,34,6,1198,1,10,3,1,3
201601TX20475,2,9,0,18,0,8,0,0,0,0,1,1,6,1,-1,-1,973,1,14,-1,-1,-1
201601TX20476,1,3,0,12,0,0,1,0,0,0,2,1,2,1,30,6,124,1,3,3,1,3
201601TX20476,2,19,0,18,0,0,0,0,0,0,1,1,1,1,21,5,2298,2,2,5,1,5
201601TX20477,1,9,0,18,0,8,0,0,0,0,1,1,6,2,36,7,1390,1,12,5,1,5
201601TX20477,2,9,0,9,0,8,0,0,0,0,1,1,6,3,-1,-1,1339,1,11,-1,-1,-1
201601TX20478,1,9,0,4,0,1,0,0,0,0,2,1,6,1,34,6,1598,1,10,3,1,3
201601TX20478,2,11,0,18,0,1,0,0,0,0,1,1,1,1,27,6,-1,-1,-1,2,1,2
201601TX20479,1,9,0,9,0,1,0,0,0,0,2,1,2,2,52,8,1329,1,7,-1,-1,-1
201601TX20479,2,9,0,9,0,1,0,0,0,0,1,1,2,1,26,6,1560,2,10,3,1,3
201601TX20480,1,9,0,14,0,0,0,0,0,0,1,1,6,2,53,8,1390,1,13,-1,-1,-1
201601TX20481,1,9,0,11,0,1,0,0,1,10,1,1,6,2,24,5,998,1,13,4,1,4
201601TX20482,1,9,0,15,0,1,0,0,0,0,3,1,6,2,54,8,-1,-1,-1,6,1,6
201601TX20483,1,10,0,18,0,1,0,0,0,0,2,1,6,1,61,9,-1,-1,-1,7,1,7
201601TX20483,2,9,0,18,0,1,0,0,0,0,1,1,6,1,-1,-1,1496,2,1,-1,-1,-1
201601TX20484,1,19,0,18,0,0,0,0,0,0,4,1,6,2,27,6,1968,2,1,5,1,5
201601TX20485,1,11,0,9,2,1,0,0,0,0,0,1,1,1,40,7,-1,-1,-1,3,1,3
201601TX20486,1,9,0,6,0,0,0,0,0,0,4,1,6,1,50,8,2143,2,4,9,1,9
201601TX20486,2,3,0,15,0,0,0,0,0,0,1,1,6,1,25,5,124,1,11,-1,-1,-1
201601TX20487,1,8,0,18,0,0,0,0,0,0,2,1,1,1,21,5,1798,8,2,3,1,3
201601TX20487,2,9,0,11,0,0,0,0,0,0,1,1,6,2,29,6,-1,-1,-1,4,1,4
201601TX20488,1,9,0,3,0,1,0,0,0,0,2,1,6,1,22,5,-1,-1,-1,6,1,6
201601TX20488,2,9,0,18,0,1,0,0,0,0,1,1,6,1,-1,-1,1598,1,12,-1,-1,-1
201601TX20489,1,11,0,4,0,1,0,0,0,0,0,1,1,1,35,6,4500,2,5,5,1,5
201601TX20490,1,9,0,4,0,0,0,0,0,0,2,1,6,2,43,7,-1,-1,-1,4,1,4
201601TX20490,2,9,0,18,0,0,0,0,0,0,1,1,6,1,35,6,1997,2,4,3,1,3
201601TX20491,1,2,0,7,0,1,1,0,0,0,0,1,6,1,51,8,49,1,7,6,1,6
201601TX20491,2,9,0,9,0,1,0,0,0,0,0,1,6,1,21,5,-1,-1,-1,2,1,2
201601TX20492,1,9,0,7,0,2,0,0,0,0,1,1,2,2,28,6,1400,2,10,2,1,2
201601TX20492,2,9,0,18,0,1,0,0,0,0,1,1,6,2,-1,-1,-1,-1,-1,-1,-1,-1
201601TX20493,1,9,0,4,0,1,0,0,0,0,2,1,6,2,34,6,1242,1,1,7,1,7
201601TX20493,2,11,0,18,0,1,0,0,0,0,1,1,1,1,29,6,4500,2,6,7,1,7
201601TX20494,1,11,0,9,0,8,0,0,0,0,1,1,1,1,36,7,9360,2,6,4,1,4
201601TX20495,1,3,0,18,0,0,0,0,0,0,1,1,6,1,19,4,108,1,2,3,1,3
201601TX20495,2,3,0,18,0,0,0,0,0,0,2,1,6,1,17,4,125,1,9,5,1,5
201601TX20496,1,9,0,7,0,1,0,0,0,0,1,1,6,1,-1,-1,-1,-1,-1,-1,-1,-1
201601TX20496,2,1,0,18,0,1,0,0,0,0,3,1,6,1,22,5,-1,-1,-1,4,1,4
201601TX20498,1,9,0,18,0,1,0,0,0,0,1,1,6,2,64,9,1400,1,11,9,1,9
201601TX20498,2,9,0,4,0,1,0,0,0,0,2,1,6,1,-1,-1,1997,2,6,9,1,9
201601TX20499,1,9,0,18,0,1,0,0,0,0,2,1,6,1,54,8,2688,2,14,9,1,9
201601TX20499,2,9,0,18,0,1,0,0,0,0,1,1,6,2,29,6,1598,1,6,6,1,6
201601TX20499,3,9,0,18,0,1,0,0,0,0,1,1,6,1,27,6,1560,2,2,7,1,7
201601TX20499,4,9,0,18,0,1,0,0,0,0,1,1,6,1,32,6,1275,1,22,5,1,5
201601TX20499,5,9,0,18,0,1,0,0,0,0,1,1,6,1,24,5,1998,2,12,4,1,4
201601TX20500,1,9,0,18,0,0,0,0,0,0,1,1,6,1,31,6,659,1,9,3,1,3
201601TX20501,1,3,0,13,0,1,0,0,0,0,2,1,6,1,19,4,-1,-1,-1,5,1,5
201601TX20501,2,9,0,4,0,1,0,0,0,0,1,1,6,1,32,6,998,1,3,2,1,2
201601TX20502,1,9,0,4,0,1,0,0,0,0,2,1,6,2,42,7,1598,2,2,4,1,4
201601TX20502,2,9,0,18,0,1,0,0,0,0,1,1,6,3,-1,-1,1968,2,6,-1,-1,-1
201601TX20503,1,9,0,4,0,0,0,0,0,0,2,1,6,1,-1,-1,-1,-1,-1,-1,-1,-1
201601TX20503,2,90,0,4,0,0,0,0,0,0,1,1,6,3,-1,-1,-1,-1,-1,-1,-1,-1
201601TX20504,1,4,0,18,0,2,0,0,0,0,1,1,6,1,23,5,124,1,8,2,1,2
201601TX20506,1,9,0,18,0,8,0,0,0,0,4,1,2,1,36,7,1870,2,12,4,1,4
201601TX20506,2,9,0,18,0,8,0,0,0,0,1,1,2,1,54,8,1896,2,15,5,1,5
201601TX20507,1,9,0,7,0,8,0,0,0,0,1,1,6,2,32,6,1598,1,12,3,1,3
201601TX20507,2,1,0,18,0,8,0,0,0,0,4,1,6,1,15,3,-1,-1,-1,4,1,4
201601TX20508,1,9,0,3,0,1,0,0,0,0,2,1,6,1,29,6,1199,1,15,5,1,5