Accident_Index,Vehicle_Reference,Vehicle_Type,Towing_and_Articulation,Vehicle_Manoeuvre,Vehicle_Location-Restricted_Lane,Junction_Location,Skidding_and_Overturning,Hit_Object_in_Carriageway,Vehicle_Leaving_Carriageway,Hit_Object_off_Carriageway,1st_Point_of_Impact,Was_Vehicle_Left_Hand_Drive?,Journey_Purpose_of_Driver,Sex_of_Driver,Age_of_Driver,Age_Band_of_Driver,Engine_Capacity_(CC),Propulsion_Code,Age_of_Vehicle,Driver_IMD_Decile,Driver_Home_Area_Type,Vehicle_IMD_Decile
201601VK30000,1,9,0,11,0,8,0,0,0,0,2,1,6,2,21,5,1389,1,13,-1,-1,-1
201601VK30000,2,1,0,18,0,8,0,0,0,0,1,1,6,1,43,7,-1,-1,-1,10,1,10
201601VK30001,1,9,0,18,0,0,0,0,0,0,1,1,1,2,32,6,1797,8,7,4,1,4
201601VK30001,2,9,0,4,0,0,0,0,0,0,2,1,1,1,46,8,1797,8,6,2,1,2
201601VK30008,1,9,0,18,0,8,0,0,0,0,4,1,4,1,27,6,1560,2,1,5,1,5
201601VK30008,2,9,0,5,0,8,0,0,0,0,1,1,6,2,50,8,1242,1,12,10,1,10
201601VK30011,1,9,0,18,0,8,5,4,0,0,4,1,6,1,-1,-1,1364,1,9,7,1,7
201601VK30011,2,9,0,2,0,8,0,0,0,0,3,1,4,1,-1,-1,1496,2,2,-1,-1,-1
201601VK30011,3,9,0,2,0,8,0,0,0,0,4,1,6,1,-1,-1,-1,-1,-1,-1,-1,-1
201601VK30011,4,19,0,2,0,8,0,0,0,0,4,1,6,1,-1,-1,-1,-1,-1,-1,-1,-1
201601VK30013,1,9,0,6,0,8,0,0,0,0,3,1,6,1,42,7,2191,2,3,-1,-1,-1
201601VK30013,2,19,0,18,0,8,0,0,0,0,1,1,6,1,-1,-1,1870,2,14,-1,-1,-1
201601VK30015,1,9,0,18,0,8,0,0,0,0,3,1,3,1,33,6,1769,1,10,3,1,3
201601VK30015,2,9,0,9,0,8,0,0,0,0,1,1,3,2,53,8,1896,2,18,7,1,7
201601VK30017,1,8,0,3,0,8,0,0,0,0,2,1,1,1,35,6,1798,8,2,2,1,2
201601VK30017,2,9,0,4,0,8,0,0,1,0,1,1,6,2,23,5,1590,1,11,8,1,8
201601VK30018,1,9,0,18,0,8,0,0,1,0,1,1,2,2,-1,-1,1598,1,1,9,1,9
201601VK30019,1,1,0,18,0,8,0,0,0,0,1,1,2,1,47,8,-1,-1,-1,8,1,8
201601VK30019,2,9,0,7,0,8,0,0,0,0,4,1,6,1,-1,-1,2143,2,5,-1,-1,-1
201601VK30020,1,2,0,14,0,0,0,0,0,0,1,1,1,1,-1,-1,49,1,1,-1,-1,-1
201601VK30022,1,9,0,4,0,8,0,0,0,0,3,1,2,2,51,8,1560,2,2,-1,-1,-1
201601VK30022,2,1,0,4,0,8,0,0,0,0,4,1,4,1,15,3,-1,-1,-1,8,1,8
201601VK30023,1,9,0,18,0,8,0,0,0,0,1,1,6,2,69,10,1997,1,4,9,1,9
201601VK30024,1,3,0,18,0,8,0,0,0,0,1,1,6,1,23,5,124,1,3,2,1,2
201601VK30024,2,9,0,9,0,8,0,0,0,0,3,1,4,1,-1,-1,1199,1,16,4,1,4
201601VK30025,1,9,0,5,0,0,0,0,0,0,3,1,6,1,59,9,1390,1,11,2,1,2
201601VK30025,2,11,0,14,0,0,0,0,0,0,1,1,1,1,-1,-1,3900,2,13,-1,-1,-1
201601VK30026,1,9,0,9,0,8,0,0,0,0,1,1,6,1,19,4,1198,1,8,-1,-1,-1
201601VK30027,1,8,0,18,0,8,0,0,0,0,1,1,6,1,42,7,-1,-1,-1,8,1,8
201601VK30027,2,9,0,9,0,8,0,0,0,0,1,1,6,1,19,4,1198,1,7,-1,-1,-1
201601VK30028,1,9,0,11,0,8,0,0,0,0,4,1,2,1,41,7,1798,1,11,7,1,7
201601VK30028,2,1,0,18,0,8,0,0,0,0,1,1,2,1,31,6,-1,-1,-1,8,1,8
201601VK30029,1,3,0,18,0,8,0,0,0,0,1,1,2,1,47,8,-1,-1,-1,6,1,6
201601VK30029,2,9,0,11,0,8,0,0,0,0,4,1,6,1,-1,-1,1956,2,3,7,1,7
201601VK30030,1,9,0,3,0,8,0,0,0,0,1,1,6,2,28,6,2295,1,14,7,1,7
201601VK30030,2,9,0,3,0,8,0,0,0,0,2,1,6,2,43,7,1796,1,11,9,1,9
201601VK30030,3,9,0,3,0,8,0,0,0,0,2,1,6,1,51,8,1984,1,18,8,1,8
201601VK30031,1,9,0,17,0,3,0,0,1,0,1,1,4,1,47,8,1796,1,13,10,1,10
201601VK30031,2,3,0,17,0,3,0,0,0,0,3,1,6,1,45,7,198,1,12,4,1,4
201601VK30032,1,9,0,5,0,0,0,0,0,0,1,1,2,2,31,6,1461,2,3,-1,-1,-1
201601VK30032,2,9,0,5,0,0,0,0,0,0,1,1,6,1,39,7,4398,1,14,10,1,10
201601VK30033,1,11,0,4,0,8,0,0,0,0,0,1,1,1,54,8,6700,2,9,4,1,4
201601VK30034,1,9,0,9,0,8,0,7,0,0,1,2,6,2,26,6,1598,1,9,6,1,6
201601VK30035,1,9,0,15,0,8,0,0,0,0,1,1,6,2,28,6,1149,1,14,8,1,8
201601VK30035,2,9,0,18,0,8,0,0,0,0,4,1,4,1,23,5,1197,1,2,10,1,10
201601VK30037,1,9,0,9,0,8,0,0,0,0,1,1,2,2,60,9,1596,1,2,-1,-1,-1
201601VK30037,2,1,0,18,0,8,0,0,0,0,1,1,6,1,42,7,-1,-1,-1,9,1,9
201601VK30038,1,9,0,18,0,0,0,0,0,0,1,1,2,1,28,6,1596,1,14,7,1,7
201601VK30039,1,8,0,4,0,0,0,0,1,0,1,1,1,1,35,6,2231,2,10,2,1,2
201601VK30039,2,9,0,4,0,0,0,0,0,0,2,1,2,1,25,5,898,1,2,4,1,4
201601VK30040,1,1,0,18,0,8,0,8,0,0,1,1,6,1,33,6,-1,-1,-1,6,1,6
201601VK30040,2,9,0,2,0,8,0,0,0,0,3,1,6,1,53,8,1198,1,3,8,1,8
201601VK30040,3,1,0,18,0,8,0,0,0,0,1,1,6,1,39,7,-1,-1,-1,7,1,7
201601VK30041,1,9,0,18,0,8,0,0,0,0,1,1,6,2,42,7,2143,2,4,8,1,8
201601VK30041,2,9,4,12,0,8,0,0,0,0,2,1,6,1,-1,-1,-1,-1,-1,-1,-1,-1
201601VK30042,1,9,0,18,0,0,0,0,1,0,3,1,2,2,25,5,1497,8,1,8,1,8
201601VK30042,2,9,0,1,0,0,0,0,0,0,2,1,6,1,-1,-1,1796,1,12,8,1,8
201601VK30043,1,9,0,18,0,2,0,0,0,0,1,1,6,3,-1,-1,-1,-1,-1,-1,-1,-1
201601VK30045,1,4,0,5,0,8,1,0,0,0,0,1,6,1,24,5,125,1,7,6,1,6
201601VK30049,1,9,0,10,0,8,0,0,0,0,3,1,6,2,29,6,1598,1,9,4,1,4
201601VK30049,2,1,0,18,0,8,0,0,0,0,1,1,6,1,25,5,-1,-1,-1,7,1,7
201601VK30051,1,3,0,18,0,8,0,0,0,0,1,1,6,1,31,6,49,1,4,3,1,3
201601VK30051,2,9,0,18,0,8,0,0,0,0,2,1,1,1,23,5,1995,1,10,8,1,8
201601VK30052,1,9,0,9,0,8,0,0,0,0,1,1,6,1,68,10,1397,1,12,8,1,8
201601VK30052,2,5,0,18,0,8,0,0,0,0,3,1,6,1,-1,-1,-1,-1,-1,-1,-1,-1
201601VK30053,1,9,0,14,0,0,0,0,0,0,1,1,6,1,33,6,1598,1,14,3,1,3
201601VK30053,2,11,0,18,0,0,0,0,0,0,1,1,1,1,45,7,7300,2,12,8,1,8
201601VK30053,3,9,0,2,0,0,0,0,0,0,0,1,6,3,-1,-1,1896,2,12,-1,-1,-1
201601VK30054,1,9,0,18,0,8,0,0,0,0,1,1,6,1,59,9,1995,2,3,9,1,9
201601VK30055,1,9,0,18,0,8,0,0,0,0,1,1,6,3,-1,-1,1796,1,10,-1,-1,-1
201601VK30057,1,9,0,3,0,8,0,0,0,0,1,1,6,2,71,10,1248,1,5,10,1,10
201601VK30057,2,9,0,3,0,8,0,0,0,0,2,1,6,2,52,8,2400,2,7,6,1,6
201601VK30058,1,9,0,9,0,8,0,0,0,0,1,1,6,1,39,7,1997,2,11,3,1,3
201601VK30058,2,3,0,18,0,8,0,0,0,0,4,1,6,1,62,9,125,1,4,7,1,7
201601VK30059,1,9,0,4,0,8,0,0,1,0,2,1,6,1,32,6,-1,-1,-1,1,1,1
201601VK30059,2,9,0,18,0,8,0,0,0,0,1,1,6,1,34,6,898,1,1,-1,-1,-1
201601VK30061,1,1,0,9,0,8,0,0,0,0,2,1,6,1,-1,-1,-1,-1,-1,-1,-1,-1
201601VK30061,2,9,0,9,0,8,0,0,0,0,1,1,6,2,47,8,1399,1,8,-1,-1,-1
201601VK30063,1,1,0,9,0,8,0,8,0,0,1,1,6,2,28,6,-1,-1,-1,6,1,6
201601VK30063,2,9,0,2,0,8,0,0,0,0,3,1,6,3,-1,-1,-1,-1,-1,-1,-1,-1
201601VK30065,1,9,0,9,0,7,0,0,0,0,3,1,6,1,51,8,2191,2,1,10,1,10
201601VK30065,2,5,0,9,0,8,0,0,0,0,4,1,6,1,40,7,599,1,7,6,1,6
201601VK30066,1,5,0,18,0,0,0,0,0,0,4,1,1,1,54,8,1441,1,4,-1,-1,-1
201601VK30066,2,9,0,12,0,0,0,0,0,0,3,1,2,1,33,6,1896,2,9,4,1,4
201601VK30067,1,9,0,18,0,8,0,0,0,0,4,1,6,1,39,7,-1,-1,-1,10,1,10
201601VK30067,2,1,0,18,4,8,0,0,0,0,3,1,6,1,50,8,-1,-1,-1,-1,-1,-1
201601VK30068,1,9,0,9,0,5,0,0,0,0,4,1,6,2,59,9,998,1,7,-1,-1,-1
201601VK30068,2,1,0,18,0,8,0,0,0,0,1,1,6,2,32,6,-1,-1,-1,4,1,4
201601VK30070,1,1,0,18,0,8,0,0,0,0,4,1,2,1,38,7,-1,-1,-1,-1,-1,-1
201601VK30070,2,9,0,7,0,8,0,0,0,0,1,1,6,2,-1,-1,1199,1,1,-1,-1,-1
201601VK30071,1,9,0,4,0,1,0,0,0,0,2,1,2,1,36,7,1596,1,6,7,1,7
201601VK30071,2,19,0,18,0,1,0,0,0,0,1,1,1,1,34,6,2143,2,4,7,1,7
201601VK30072,1,4,0,13,0,0,0,0,0,0,4,1,6,1,51,8,330,1,3,4,1,4
201601VK30072,2,9,0,9,0,0,0,0,0,0,3,1,6,2,31,6,1364,1,12,7,1,7
201601VK30073,1,8,0,9,0,0,0,0,0,0,0,1,1,1,45,7,1797,8,6,3,1,3
201601VK30073,2,3,0,18,0,0,1,0,0,0,0,1,1,1,25,5,108,1,1,9,1,9
201601VK30074,1,9,0,10,0,1,0,0,0,0,2,1,2,1,44,7,2698,2,6,8,1,8
201601VK30074,2,8,0,18,0,1,0,0,0,0,1,1,1,1,79,11,2499,2,4,9,1,9
201601VK30074,3,9,0,10,0,1,0,0,0,0,2,1,6,1,21,5,1242,1,9,7,1,7
201601VK30075,1,9,0,8,0,1,0,0,0,0,2,1,6,1,53,8,1796,1,7,-1,-1,-1
201601VK30075,2,9,0,18,0,1,0,0,0,0,1,1,6,1,51,8,1598,2,3,-1,-1,-1
201601VK30076,1,19,0,9,0,6,0,0,0,0,3,1,6,2,56,9,-1,-1,-1,8,1,8
201601VK30076,2,9,0,18,0,8,0,0,0,0,1,1,6,2,76,11,-1,-1,-1,7,1,7
201601VK30077,1,9,0,5,0,1,0,0,0,0,1,1,6,2,77,11,1598,1,11,10,1,10
201601VK30078,1,9,0,7,0,6,0,0,0,0,2,1,2,1,34,6,1497,1,12,5,1,5
201601VK30078,2,21,1,18,0,8,0,0,0,0,1,1,1,1,48,8,-1,-1,-1,5,1,5
201601VK30082,1,9,0,7,0,8,0,0,0,0,3,1,1,1,55,8,-1,-1,-1,9,1,9
201601VK30082,2,1,0,18,0,8,0,0,0,0,1,1,1,1,36,7,-1,-1,-1,10,1,10
201601VK30085,1,9,0,9,0,8,0,0,0,0,3,1,6,1,24,5,2979,1,8,10,1,10
201601VK30085,2,5,0,14,0,8,0,0,0,0,1,1,6,1,51,8,998,1,7,9,1,9
201601VK30087,1,9,0,7,0,8,0,0,0,0,4,1,6,2,39,7,1499,1,1,5,1,5
201601VK30087,2,3,0,18,0,8,0,0,0,0,1,1,6,1,22,5,125,1,5,10,1,10
201601VK30088,1,19,0,18,0,0,0,0,0,0,3,1,6,1,44,7,-1,-1,-1,7,1,7
201601VK30088,2,9,0,18,0,0,0,0,0,0,3,1,6,1,-1,-1,1796,1,9,-1,-1,-1
201601VK30089,1,9,0,12,0,2,0,0,0,0,1,1,6,1,45,7,1986,2,8,4,1,4
201601VK30090,1,9,0,18,0,1,0,4,1,0,3,1,6,1,74,10,2148,2,13,9,1,9
201601VK30090,2,9,0,2,0,2,0,0,0,0,3,1,6,1,59,9,1995,1,38,9,1,9
201601VK30091,1,1,0,4,0,0,0,10,1,0,3,1,6,1,32,6,-1,-1,-1,8,1,8
201601VK30091,2,9,0,4,0,0,0,0,0,0,4,1,6,1,30,6,1598,1,9,5,1,5
201601VK30092,1,8,0,18,0,0,0,0,0,0,4,1,1,1,65,9,1896,2,10,2,1,2
201601VK30093,1,9,0,5,0,8,0,0,3,4,1,1,6,2,80,11,1587,1,11,10,1,10
201601VK30094,1,9,0,9,0,8,0,0,0,0,3,1,6,1,54,8,1995,2,2,10,1,10
201601VK30094,2,1,0,18,0,8,0,0,0,0,1,1,6,1,41,7,-1,-1,-1,5,1,5
201601VK30096,1,9,0,7,0,8,0,10,1,1,4,1,6,2,60,9,999,1,16,9,1,9
201601VK30097,1,9,0,4,0,0,0,0,0,0,4,1,6,2,45,7,3311,8,9,10,1,10
201601VK30098,1,8,0,9,0,2,0,0,0,0,4,1,1,1,46,8,1797,8,6,3,1,3
201601VK30098,2,1,0,18,0,1,0,0,0,0,3,1,6,1,21,5,-1,-1,-1,3,1,3
201601VK30099,1,1,0,18,0,0,0,0,0,0,3,1,6,1,58,9,-1,-1,-1,4,1,4
201601VK30099,2,19,0,15,0,0,0,0,0,0,4,1,6,3,-1,-1,-1,-1,-1,-1,-1,-1
201601VK30101,1,3,0,18,0,8,0,10,0,0,0,1,6,2,34,6,124,1,10,-1,-1,-1
201601VK30104,1,9,0,7,0,8,0,0,0,0,1,1,1,2,22,5,1197,1,3,-1,-1,-1
201601VK30104,2,1,0,18,0,8,0,0,0,0,4,1,1,2,27,6,-1,-1,-1,6,1,6
201601VK30105,1,9,0,5,0,0,0,0,0,0,4,1,6,3,-1,-1,-1,-1,-1,-1,-1,-1
201601VK30107,1,11,0,4,0,0,0,0,0,0,0,1,1,1,50,8,8268,2,15,4,1,4
201601VK30108,1,9,0,12,0,0,0,0,0,0,3,1,6,1,84,11,1998,1,14,9,1,9
201601VK30108,2,9,0,18,0,0,0,0,0,0,4,1,6,1,65,9,2401,2,12,10,1,10
201601VK30109,1,9,0,7,0,2,0,0,0,0,1,1,6,2,23,5,-1,-1,-1,6,1,6
201601VK30110,1,3,0,18,0,8,0,0,0,0,0,1,6,1,51,8,125,1,1,4,1,4
201601VK30110,2,9,0,18,0,8,0,0,0,0,0,1,6,3,-1,-1,1799,1,10,-1,-1,-1
201601VK30111,1,9,0,18,0,8,0,0,0,0,3,1,6,2,36,7,-1,-1,-1,4,3,4
201601VK30111,2,9,0,18,0,8,0,0,0,0,3,1,6,1,36,7,1086,1,6,5,1,5
201601VK30112,1,9,0,5,0,1,0,0,0,0,1,1,6,2,53,8,1798,1,8,8,1,8
201601VK30113,1,5,0,4,0,8,0,0,0,0,3,1,6,2,49,8,656,1,10,-1,-1,-1
201601VK30113,2,9,0,18,0,8,0,0,0,0,1,1,6,1,18,4,1198,1,9,3,1,3
201601VK30114,1,1,0,18,0,8,0,0,0,0,1,1,2,1,31,6,-1,-1,-1,2,1,2
201601VK30114,2,9,0,18,0,8,0,0,0,0,1,1,6,1,-1,-1,3200,2,8,-1,-1,-1
201601VK30115,1,9,0,18,0,0,0,0,0,0,3,1,1,1,42,7,2148,2,8,8,1,8
201601VK30115,2,9,0,18,0,0,0,0,0,0,3,1,6,1,52,8,1968,2,-1,10,1,10
201601VK30117,1,1,0,18,0,8,0,0,0,0,4,1,6,2,22,5,-1,-1,-1,-1,-1,-1
201601VK30117,2,9,0,18,0,8,0,0,0,0,3,1,6,1,-1,-1,-1,-1,-1,-1,-1,-1
201601VK30118,1,11,0,18,0,0,0,0,0,0,1,1,6,1,52,8,9000,2,8,8,1,8
201601VK30118,2,9,0,18,0,0,0,0,0,0,1,1,6,1,30,6,1968,2,4,1,1,1
201601VK30119,1,1,0,7,0,8,0,0,0,0,1,1,6,1,12,3,-1,-1,-1,10,1,10
201601VK30119,2,9,0,9,0,8,0,0,0,0,1,1,6,3,-1,-1,-1,-1,-1,-1,-1,-1
201601VK30120,1,9,0,18,0,0,0,0,0,0,1,1,6,1,45,7,-1,-1,-1,-1,-1,-1
201601VK30120,2,9,0,18,0,0,0,0,0,0,2,1,6,1,51,8,1968,2,6,10,1,10
201601VK30120,3,8,0,18,0,0,0,0,0,0,2,1,6,1,-1,-1,1242,1,2,8,1,8
201601VK30121,1,9,0,18,0,8,0,0,0,0,1,1,6,2,29,6,1200,1,1,9,1,9
201601VK30121,2,9,0,7,0,8,1,10,1,10,1,1,6,2,69,10,1149,1,12,10,1,10
201601VK30122,1,9,0,18,0,8,0,0,0,0,1,1,6,1,-1,-1,1598,1,9,-1,-1,-1
201601VK30123,1,9,0,18,0,8,0,0,0,0,1,1,6,1,47,8,1339,1,11,7,1,7
201601VK30123,2,3,0,18,0,8,0,0,0,0,1,1,6,1,56,9,97,1,4,2,1,2
201601VK30127,1,9,0,18,0,8,0,0,0,0,1,1,6,2,48,8,-1,-1,-1,10,1,10
201601VK30127,2,3,0,3,0,8,0,0,0,0,2,1,6,1,26,6,124,1,4,5,1,5
201601VK30128,1,3,0,4,0,2,0,0,0,0,1,1,6,1,19,4,125,1,11,6,1,6
201601VK30128,2,9,0,4,0,2,0,0,0,0,2,1,6,1,54,8,1395,1,1,10,1,10
201601VK30129,1,9,0,18,0,1,0,0,0,0,4,1,6,2,21,5,1598,1,8,9,1,9
201601VK30130,1,9,0,5,0,6,0,0,0,0,3,1,6,1,76,11,3227,2,14,8,1,8
201601VK30130,2,5,0,17,0,8,0,0,0,0,1,1,6,1,19,4,645,1,14,-1,-1,-1
201601VK30131,1,9,0,18,0,0,0,0,0,0,1,1,6,2,41,7,1995,1,14,7,1,7
201601VK30131,2,9,0,5,0,0,0,0,0,0,2,1,6,2,49,8,1499,1,12,2,1,2
201601VK30131,3,9,0,5,0,0,0,0,0,0,2,1,2,1,26,6,1995,2,8,8,1,8
201601VK30132,1,11,0,4,0,0,0,0,0,0,0,1,1,1,41,7,9000,2,7,5,1,5
201601VK30133,1,2,0,4,0,0,0,0,0,0,1,1,1,1,-1,-1,125,1,2,-1,-1,-1
201601VK30133,2,9,0,3,0,0,0,0,0,0,2,1,6,1,-1,-1,-1,-1,-1,-1,-1,-1
201601VK30135,1,19,0,18,0,0,0,0,0,0,4,1,6,1,71,10,2461,2,9,3,1,3
201601VK30136,1,1,0,4,0,1,1,10,1,0,1,1,2,1,35,6,-1,-1,-1,4,1,4
201601VK30136,2,9,0,4,0,1,1,0,0,0,2,1,6,2,-1,-1,1968,2,-1,-1,-1,-1
201601VK30138,1,9,0,18,0,8,0,0,0,0,1,1,6,2,22,5,1242,1,2,10,1,10
201601VK30138,2,9,0,4,0,8,0,0,0,0,2,1,6,2,52,8,2387,2,9,8,1,8
201601VK30139,1,9,0,4,0,1,0,0,0,0,1,1,6,1,66,10,4999,1,5,5,1,5
201601VK30140,1,9,0,18,0,0,0,0,0,0,1,1,6,1,-1,-1,1124,1,14,-1,-1,-1
201601VK30140,2,9,0,5,0,0,0,0,0,0,4,1,6,1,-1,-1,1799,1,7,-1,-1,-1
201601VK30141,1,9,0,2,0,8,0,0,0,0,3,1,6,2,25,5,1560,2,4,-1,-1,-1
201601VK30141,2,1,0,18,0,8,0,8,0,0,4,1,6,2,48,8,-1,-1,-1,9,1,9
201601VK30142,1,9,0,9,0,8,0,0,0,0,1,1,3,2,44,7,1590,1,12,6,1,6
201601VK30142,2,1,0,18,0,8,0,0,0,0,1,1,6,1,33,6,-1,-1,-1,10,1,10
201601VK30144,1,9,0,7,0,6,0,0,0,0,4,1,2,1,23,5,1799,1,10,8,1,8
201601VK30146,1,1,0,18,0,8,0,0,0,0,1,1,6,1,20,4,-1,-1,-1,8,1,8
201601VK30146,2,9,0,9,0,8,0,0,0,0,1,1,6,2,52,8,1598,1,12,10,1,10
201601VK30149,1,9,0,18,0,0,0,0,0,0,4,1,6,2,72,10,1598,1,5,8,1,8
201601VK30149,2,21,1,12,0,0,1,0,0,0,3,1,1,1,45,7,11967,2,2,5,1,5
201601VK30152,1,9,0,7,0,0,0,0,0,0,2,1,6,1,60,9,998,1,17,8,1,8
201601VK30152,2,5,0,14,0,0,0,0,0,0,1,1,6,1,43,7,998,1,1,6,1,6
201601VK30153,1,9,0,1,0,6,0,0,0,0,2,1,6,1,21,5,1242,1,3,7,1,7
201601VK30153,2,9,0,10,0,8,0,0,0,0,4,1,6,2,34,6,1339,1,13,7,1,7
201601VK30154,1,9,0,3,0,0,0,0,0,0,2,1,6,1,49,8,1388,1,13,7,1,7
201601VK30154,2,9,0,18,0,0,0,0,0,0,1,1,6,1,61,9,1299,1,14,10,1,10
201601VK30155,1,9,0,18,0,0,0,0,0,0,1,1,6,2,24,5,1596,1,4,3,1,3
201601VK30155,2,1,0,18,0,0,0,0,0,0,4,1,6,1,19,4,-1,-1,-1,3,1,3
201601VK30157,1,9,0,9,0,8,0,0,0,0,1,1,6,1,22,5,1598,1,14,8,1,8
201601VK30157,2,1,0,16,0,8,0,0,0,0,1,1,6,1,29,6,-1,-1,-1,8,1,8
201601VK30158,1,9,0,7,0,2,0,0,0,0,3,1,6,2,21,5,1870,2,11,10,1,10
201601VK30158,2,19,0,18,0,1,0,0,0,0,3,1,6,1,53,8,1870,2,10,7,1,7
201601VK30159,1,9,0,3,0,1,0,0,0,0,2,1,6,2,40,7,1149,1,15,9,1,9
201601VK30159,2,9,0,18,0,1,0,0,0,0,1,1,6,3,-1,-1,1761,1,18,-1,-1,-1
201601VK30160,1,3,0,18,0,8,0,9,0,0,1,1,6,1,20,4,124,1,6,10,1,10
201601VK30161,1,8,0,4,0,2,0,0,0,0,4,1,1,1,25,5,1598,2,1,6,1,6
201601VK30162,1,9,0,18,0,0,0,0,0,0,1,1,6,2,24,5,1388,1,4,8,1,8
201601VK30162,2,9,0,3,0,0,0,0,0,0,2,1,6,3,-1,-1,-1,-1,-1,-1,-1,-1
201601VK30162,3,9,0,3,0,0,0,0,0,0,2,1,6,2,36,7,1598,1,14,8,1,8
201601VK30163,1,9,0,14,0,1,0,0,0,0,1,1,6,2,71,10,1198,1,2,10,1,10
201601VK30164,1,11,0,18,2,8,0,0,0,0,0,1,1,1,48,8,8268,2,14,4,1,4
201601VK30164,2,19,0,18,0,8,0,0,0,0,0,1,6,3,-1,-1,-1,-1,-1,-1,-1,-1
201601VK30165,1,9,0,1,0,2,0,0,0,0,2,1,6,3,-1,-1,-1,-1,-1,-1,-1,-1
201601VK30165,2,8,0,3,0,1,0,0,0,0,1,1,1,1,26,6,1497,8,9,3,1,3
201601VK30166,1,9,0,4,0,0,0,0,0,0,2,1,6,2,34,6,-1,-1,-1,5,1,5
201601VK30166,2,9,0,18,0,0,0,0,0,0,1,1,6,1,25,5,-1,-1,-1,3,1,3
201601VK30167,1,1,0,15,4,2,0,0,0,0,1,1,6,1,57,9,-1,-1,-1,9,1,9
201601VK30167,2,19,0,3,4,2,0,0,0,0,4,1,6,3,-1,-1,2402,2,11,-1,-1,-1
201601VK30168,1,9,0,5,0,8,0,0,0,0,3,1,6,2,71,10,1318,1,-1,8,1,8
201601VK30168,2,9,0,13,0,8,0,0,0,0,4,1,6,3,-1,-1,-1,-1,-1,-1,-1,-1
201601VK30169,1,5,0,18,0,0,0,0,0,0,1,1,6,1,28,6,599,1,3,7,1,7
201601VK30169,2,9,0,3,0,0,0,0,0,0,2,1,6,1,51,8,1796,1,2,10,1,10
201601VK30169,3,9,0,3,0,0,0,0,0,0,2,1,1,2,48,8,-1,-1,-1,7,3,7
201601VK30170,1,1,0,18,4,8,0,0,0,0,1,1,6,1,41,7,-1,-1,-1,-1,-1,-1
201601VK30170,2,9,0,9,0,8,0,0,0,0,4,1,6,1,-1,-1,1598,1,12,-1,-1,-1
201601VK30171,1,1,0,18,3,8,0,0,0,0,3,1,6,1,18,4,-1,-1,-1,7,1,7
201601VK30171,2,19,0,7,0,8,0,0,0,0,4,1,6,2,-1,-1,2287,2,1,-1,-1,-1
201601VK30172,1,9,0,18,0,1,0,0,0,0,1,1,6,2,35,6,1461,2,5,2,1,2
201601VK30172,2,9,0,18,0,1,0,0,0,0,2,1,6,1,68,10,1396,1,15,4,1,4
201601VK30173,1,9,0,7,0,8,0,0,0,0,4,1,6,1,42,7,2198,2,11,8,1,8
201601VK30173,2,1,0,15,0,8,0,0,0,0,1,1,6,1,45,7,-1,-1,-1,6,1,6
201601VK30175,1,9,0,5,0,0,0,0,0,0,4,1,6,2,31,6,1587,1,13,6,1,6
201601VK30175,2,9,0,18,0,0,0,10,7,4,3,1,6,1,53,8,1240,1,13,9,1,9
201601VK30176,1,9,0,4,0,0,0,0,0,0,2,1,6,2,28,6,1242,1,1,6,1,6
201601VK30176,2,21,0,4,0,0,1,0,0,0,1,1,1,1,48,8,-1,-1,-1,6,1,6
201601VK30178,1,21,0,18,0,1,0,0,0,0,2,1,1,1,38,7,10837,2,1,-1,-1,-1
201601VK30178,2,21,0,18,0,1,1,0,0,0,1,1,1,1,51,8,-1,-1,-1,4,1,4
201601VK30179,1,9,0,3,0,8,0,0,0,0,2,1,6,2,23,5,999,1,1,8,1,8
201601VK30179,2,9,0,18,0,8,0,0,0,0,1,1,6,1,-1,-1,-1,-1,-1,-1,-1,-1
201601VK30180,1,19,0,3,0,1,0,0,0,0,2,1,6,1,35,6,1560,2,2,8,1,8
201601VK30180,2,9,0,18,0,1,0,0,0,0,1,1,6,3,-1,-1,998,1,13,-1,-1,-1
201601VK30181,1,9,0,18,0,8,0,0,0,0,1,1,6,1,31,6,-1,-1,-1,7,1,7
201601VK30181,2,1,0,18,0,8,0,0,0,0,4,1,6,1,31,6,-1,-1,-1,-1,-1,-1
201601VK30182,1,11,0,18,0,1,0,0,0,0,0,1,1,1,57,9,4500,2,9,7,1,7
201601VK30183,1,9,0,14,0,0,1,0,0,0,1,1,6,1,-1,-1,-1,-1,-1,-1,-1,-1
201601VK30184,1,9,0,4,0,1,0,0,0,0,2,1,6,1,63,9,1796,1,8,-1,-1,-1
201601VK30184,2,9,0,4,0,1,0,0,0,0,1,1,6,1,37,7,1598,2,1,9,1,9
201601VK30185,1,9,0,9,0,8,0,0,0,0,3,1,6,2,26,6,1229,1,4,9,1,9
201601VK30185,2,9,0,18,0,8,0,0,0,0,1,1,6,1,28,6,2179,2,7,10,1,10
201601VK30187,1,9,0,7,0,8,0,0,0,0,4,1,6,1,39,7,1390,1,10,5,1,5
201601VK30187,2,1,0,18,0,8,0,0,0,0,1,1,6,1,32,6,-1,-1,-1,-1,-1,-1
201601VK30189,1,9,0,2,0,0,0,0,0,0,3,1,6,2,46,8,1229,1,5,-1,-1,-1
201601VK30189,2,1,0,18,0,0,0,8,0,0,1,1,6,1,45,7,-1,-1,-1,7,1,7
201601VK30191,1,9,0,7,0,2,0,0,7,7,1,1,6,2,34,6,1388,1,13,9,1,9
201601VK30192,1,19,0,1,0,2,0,0,0,0,1,1,1,1,54,8,2402,2,11,2,1,2
201601VK30192,2,8,0,18,0,1,1,4,2,1,2,1,2,1,57,9,2402,2,12,9,1,9
201601VK30192,3,9,0,2,0,2,0,0,0,0,4,1,4,1,-1,-1,2204,2,11,-1,-1,-1
201601VK30193,1,1,0,4,0,1,0,0,0,0,2,1,6,2,26,6,-1,-1,-1,6,1,6
201601VK30193,2,9,0,18,0,1,0,0,0,0,1,1,6,1,-1,-1,1360,1,16,9,1,9