Accident_Index,Vehicle_Reference,Vehicle_Type,Towing_and_Articulation,Vehicle_Manoeuvre,Vehicle_Location-Restricted_Lane,Junction_Location,Skidding_and_Overturning,Hit_Object_in_Carriageway,Vehicle_Leaving_Carriageway,Hit_Object_off_Carriageway,1st_Point_of_Impact,Was_Vehicle_Left_Hand_Drive?,Journey_Purpose_of_Driver,Sex_of_Driver,Age_of_Driver,Age_Band_of_Driver,Engine_Capacity_(CC),Propulsion_Code,Age_of_Vehicle,Driver_IMD_Decile,Driver_Home_Area_Type,Vehicle_IMD_Decile
201601VK30194,1,9,0,18,0,0,1,7,1,7,1,1,6,1,35,6,1398,1,4,3,1,3
201601VK30195,1,9,0,18,0,0,0,0,0,0,1,1,2,2,46,8,2143,2,3,10,3,10
201601VK30195,2,19,0,18,0,0,0,0,0,0,1,1,1,2,23,5,1910,2,11,5,3,5
201601VK30196,1,3,0,3,0,8,0,0,0,0,2,1,2,1,51,8,49,1,-1,-1,-1,-1
201601VK30196,2,19,0,5,0,8,0,0,0,0,1,1,1,1,60,9,-1,-1,-1,7,1,7
201601VK30197,1,9,0,18,0,0,0,0,0,0,1,1,6,2,23,5,1299,1,12,6,1,6
201601VK30198,1,11,0,4,0,0,0,0,0,0,0,1,1,1,41,7,-1,-1,-1,10,1,10
201601VK30199,1,1,0,18,0,8,0,0,0,0,1,1,6,1,68,10,-1,-1,-1,5,1,5
201601VK30199,2,9,0,9,0,8,0,0,0,0,4,1,6,1,44,7,1998,2,10,-1,-1,-1
201601VK30201,1,9,0,18,0,0,0,4,0,0,4,1,6,1,67,10,2401,2,12,10,1,10
201601VK30201,2,9,0,2,0,0,0,0,0,0,3,1,1,1,41,7,-1,-1,-1,-1,-1,-1
201601VK30202,1,9,0,9,0,8,0,0,0,0,1,1,6,2,74,10,1240,1,10,9,1,9
201601VK30202,2,9,0,18,0,8,0,0,0,0,1,1,6,2,20,4,996,1,3,4,1,4
201601VK30202,3,9,0,4,0,8,0,0,0,0,3,1,6,1,19,4,1997,2,4,5,1,5
201601VK30203,1,1,0,5,0,8,0,4,0,0,1,1,2,1,21,5,-1,-1,-1,6,1,6
201601VK30203,2,9,0,2,0,8,0,0,0,0,2,1,6,2,-1,-1,2179,2,14,6,1,6
201601VK30204,1,1,0,18,0,8,0,0,0,0,4,1,2,1,40,7,-1,-1,-1,6,1,6
201601VK30204,2,9,0,5,0,8,0,0,0,0,1,1,2,2,-1,-1,2231,2,9,10,1,10
201601VK30205,1,9,0,18,0,2,0,0,2,10,1,1,6,1,29,6,1796,1,10,6,1,6
201601VK30205,2,9,0,18,0,2,0,0,0,0,4,1,6,2,39,7,-1,-1,-1,4,1,4
201601VK30205,3,9,0,2,0,2,0,0,0,0,4,1,1,1,39,7,2143,2,5,9,1,9
201601VK30206,1,9,0,4,0,0,0,0,0,0,1,1,6,2,-1,-1,-1,-1,-1,-1,-1,-1
201601VK30208,1,11,0,16,0,8,0,10,1,1,4,1,1,1,71,10,9000,2,7,9,1,9
201601VK30209,1,9,0,9,0,8,2,10,7,2,1,1,6,1,18,4,1242,1,9,6,1,6
201601VK30210,1,10,0,2,0,0,0,0,0,0,3,1,6,1,52,8,-1,-1,-1,9,1,9
201601VK30210,2,1,0,14,0,0,0,8,0,0,4,1,6,2,17,4,-1,-1,-1,9,1,9
201601VK30211,1,9,0,18,0,0,0,0,0,0,1,1,6,1,28,6,2198,1,10,4,1,4
201601VK30214,1,9,0,9,0,1,0,0,0,0,4,1,6,1,42,7,1753,2,9,10,1,10
201601VK30214,2,5,0,18,0,1,1,0,0,0,1,1,6,1,60,9,647,1,9,10,1,10
201601VK30216,1,9,0,4,6,0,0,0,0,0,3,1,6,2,30,6,998,1,9,6,1,6
201601VK30217,1,1,0,18,0,8,0,0,1,0,3,1,6,1,23,5,-1,-1,-1,-1,-1,-1
201601VK30217,2,90,0,13,0,8,0,0,0,0,4,1,6,3,-1,-1,-1,-1,-1,-1,-1,-1
201601VK30218,1,3,0,4,0,8,0,0,0,0,2,1,1,1,21,5,-1,-1,-1,-1,-1,-1
201601VK30218,2,9,0,4,0,8,0,0,0,0,1,1,6,1,-1,-1,-1,-1,-1,-1,-1,-1
201601VK30219,1,8,0,5,0,8,0,0,0,0,3,1,6,1,20,4,1360,1,10,-1,-1,-1
201601VK30219,2,9,0,13,0,8,0,0,0,0,4,1,6,1,45,7,1797,8,2,3,1,3
201601VK30220,1,9,0,18,0,8,0,0,0,0,2,1,6,2,45,7,-1,-1,-1,-1,-1,-1
201601VK30220,2,9,0,18,0,8,0,0,0,0,1,1,6,1,-1,-1,-1,-1,-1,-1,-1,-1
201601VK30221,1,3,0,9,0,8,0,0,0,0,2,1,6,1,57,9,102,1,9,9,1,9
201601VK30221,2,19,0,4,0,8,0,0,0,0,1,1,1,1,26,6,1753,2,8,3,1,3
201601VK30228,1,19,0,4,0,0,0,0,0,0,2,1,1,1,26,6,1598,2,1,8,1,8
201601VK30228,2,9,0,4,0,0,0,0,0,0,1,1,2,1,32,6,1968,2,-1,9,1,9
201601VK30233,1,1,0,5,0,8,0,0,0,0,3,1,6,1,60,9,-1,-1,-1,7,1,7
201601VK30233,2,9,0,13,0,8,0,0,0,0,4,1,6,2,44,7,2179,2,2,10,1,10
201601VK30240,1,3,0,18,0,0,0,0,0,0,3,1,2,1,20,4,125,1,2,8,1,8
201601VK30240,2,19,0,13,0,0,0,0,0,0,4,1,6,3,-1,-1,1753,2,12,-1,-1,-1
201601VK30250,1,9,0,18,0,8,0,0,0,0,1,1,2,2,53,8,1339,1,5,7,1,7
201601VK30274,1,9,0,17,0,8,0,10,1,4,1,1,6,1,32,6,2993,2,12,4,1,4
201601VK30275,1,9,0,9,0,8,0,0,0,0,3,1,6,1,27,6,1598,1,12,6,1,6
201601VK30275,2,9,0,18,0,8,0,0,0,0,1,1,6,1,20,4,1995,2,6,4,1,4
201601VK30300,1,9,0,18,0,8,0,10,7,10,1,1,6,1,20,4,1390,1,16,10,1,10
201601VK30302,1,9,0,4,0,8,0,0,0,0,2,1,2,1,45,7,1991,1,-1,10,2,10
201601VK30302,2,9,0,4,0,8,0,0,0,0,1,1,2,2,38,7,2400,2,-1,5,1,5
201601VK30302,3,9,0,4,0,8,0,0,0,0,1,1,2,1,34,6,-1,-1,-1,10,1,10
201601VK30302,4,9,0,4,0,8,0,0,0,0,1,1,2,2,28,6,-1,-1,-1,9,1,9
201601VK30302,5,9,0,4,0,8,0,0,0,0,1,1,2,1,24,5,1560,2,4,3,1,3
201601VW40005,1,9,0,2,0,1,0,0,0,0,4,1,6,1,58,9,1560,2,5,10,1,10
201601VW40005,2,9,0,18,0,1,0,8,0,0,1,1,6,3,-1,-1,1398,1,3,-1,-1,-1
201601VW40006,1,9,0,18,0,8,0,0,0,0,1,1,6,1,43,7,-1,-1,-1,4,1,4
201601VW40006,2,9,0,18,0,8,0,0,7,9,3,1,6,1,27,6,1968,2,7,2,1,2
201601VW40007,1,9,0,4,0,0,1,0,2,7,3,1,6,1,19,4,1596,1,12,7,1,7
201601VW40007,2,9,0,13,0,0,1,0,0,0,4,1,6,3,-1,-1,998,1,18,-1,-1,-1
201601VW40008,1,9,0,5,0,6,0,0,0,0,3,1,6,1,49,8,2000,2,10,-1,-1,-1
201601VW40008,2,4,0,18,0,8,0,0,0,0,1,1,6,1,57,9,124,1,4,10,1,10
201601VW40009,1,19,0,5,0,0,0,0,0,0,1,1,6,1,63,9,-1,-1,-1,3,1,3
201601VW40009,2,9,0,4,0,0,0,0,0,0,2,1,6,2,48,8,1997,2,8,6,1,6
201601VW40010,1,19,0,9,0,6,0,0,0,0,1,1,3,1,62,9,-1,-1,-1,7,1,7
201601VW40010,2,4,0,9,0,6,0,0,0,0,1,1,2,1,47,8,1298,1,10,10,1,10
201601VW40011,1,3,0,18,0,8,0,0,0,0,1,1,1,1,-1,-1,109,1,2,2,1,2
201601VW40011,2,9,0,9,0,5,0,0,0,0,1,1,6,1,50,8,1598,1,1,3,1,3
201601VW40011,3,9,0,3,0,1,0,0,0,0,1,1,6,1,38,7,1399,1,8,4,1,4
201601VW40013,1,9,0,13,0,1,1,10,1,7,1,1,6,1,19,4,1995,2,8,3,1,3
201601VW40014,1,9,0,3,0,0,0,0,0,0,2,1,3,2,37,7,1388,1,12,5,1,5
201601VW40014,2,9,0,18,0,0,0,0,0,0,1,1,6,1,-1,-1,-1,-1,-1,-1,-1,-1
201601VW40015,1,9,0,3,0,1,0,0,0,0,2,1,2,1,41,7,1398,2,1,9,1,9
201601VW40015,2,9,0,18,0,1,0,0,0,0,1,1,6,1,30,6,-1,-1,-1,-1,-1,-1
201601VW40016,1,9,0,17,0,8,0,0,0,0,4,1,1,2,45,7,1461,2,2,2,1,2
201601VW40016,2,9,0,5,0,8,0,0,0,0,1,1,3,2,24,5,1299,1,8,10,1,10
201601VW40017,1,9,0,5,0,1,0,0,0,0,1,1,6,1,23,5,1984,1,13,2,1,2
201601VW40020,1,9,0,9,0,5,0,0,0,0,3,1,6,2,39,7,1968,2,4,8,1,8
201601VW40020,2,3,0,13,0,8,0,0,0,0,4,1,1,1,26,6,108,1,2,6,1,6
201601VW40022,1,9,0,7,0,6,0,0,0,0,4,1,6,1,28,6,2171,1,15,5,1,5
201601VW40022,2,1,0,15,0,6,0,0,0,0,3,1,2,2,30,6,-1,-1,-1,9,1,9
201601VW40026,1,9,0,9,0,8,0,0,0,0,1,1,6,1,24,5,998,1,12,5,1,5
201601VW40026,2,4,0,18,0,8,0,0,0,0,1,1,6,1,22,5,124,1,2,1,1,1
201601VW40027,1,3,0,18,0,0,0,0,0,0,1,1,6,3,-1,-1,-1,-1,-1,-1,-1,-1
201601VW40028,1,3,0,13,0,0,0,0,0,0,0,1,2,1,-1,-1,124,1,16,4,1,4
201601VW40028,2,9,0,9,0,0,0,0,0,0,0,1,2,2,54,8,1590,1,13,-1,-1,-1
201601VW40029,1,9,0,17,0,0,0,0,0,0,1,1,2,1,35,6,1973,1,16,8,1,8
201601VW40029,2,9,0,16,0,0,0,0,0,0,1,1,6,1,78,11,1198,1,14,-1,-1,-1
201601VW40030,1,9,0,3,0,1,0,0,0,0,2,1,1,2,26,6,1598,1,6,2,1,2
201601VW40030,2,9,0,4,0,1,0,0,0,0,1,1,6,1,-1,-1,1598,1,8,-1,-1,-1
201601VW40031,1,2,0,18,0,8,1,10,2,10,1,1,1,1,17,4,49,1,11,8,1,8
201601VW40031,2,9,0,5,0,6,0,0,0,0,0,1,6,2,-1,-1,1296,1,8,8,1,8
201601VW40032,1,5,0,18,0,8,1,0,0,0,1,1,6,1,21,5,644,1,10,-1,-1,-1
201601VW40032,2,8,0,7,0,5,0,0,0,0,2,1,1,1,51,8,2143,2,3,4,1,4
201601VW40033,1,8,0,18,0,8,0,0,0,0,4,1,6,1,50,8,1997,2,5,6,1,6
201601VW40033,2,9,0,9,0,8,0,0,0,0,1,1,6,3,41,7,-1,-1,-1,-1,-1,-1
201601VW40034,1,9,0,18,0,0,0,0,0,0,1,1,6,1,-1,-1,1497,1,12,-1,-1,-1
201601VW40035,1,11,0,5,0,0,0,0,0,0,4,1,1,1,49,8,6700,2,9,4,1,4
201601VW40036,1,4,0,18,0,0,1,4,0,0,1,1,1,1,36,7,125,1,1,4,1,4
201601VW40036,2,9,0,2,0,0,0,0,0,0,2,1,6,3,-1,-1,1596,1,5,-1,-1,-1
201601VW40037,1,9,0,9,0,8,0,0,0,0,4,1,6,1,59,9,1997,1,14,8,1,8
201601VW40037,2,9,0,18,0,8,0,0,0,0,1,1,6,1,26,6,1896,2,11,3,1,3
201601VW40038,1,9,0,9,0,8,0,0,0,0,1,1,6,2,25,5,1796,1,10,2,1,2
201601VW40039,1,8,0,18,0,2,0,0,0,0,1,1,1,1,56,9,-1,-1,-1,10,1,10
201601VW40041,1,19,0,4,0,8,0,0,0,0,3,1,1,1,52,8,-1,-1,-1,6,1,6
201601VW40042,1,9,0,2,0,0,0,0,0,0,3,2,6,2,43,7,1968,2,11,10,1,10
201601VW40042,2,9,0,18,0,0,0,4,0,0,3,1,6,1,36,7,-1,-1,-1,3,1,3
201601VW40043,1,5,0,18,0,8,0,0,0,0,1,1,2,1,28,6,803,1,5,4,1,4
201601VW40043,2,9,0,9,0,8,0,0,0,0,3,1,6,2,42,7,998,1,17,4,1,4
201601VW40044,1,9,0,7,0,8,0,0,0,0,1,2,3,2,31,6,1242,1,12,3,1,3
201601VW40044,2,9,0,3,0,8,0,0,0,0,2,1,6,1,60,9,899,1,23,7,1,7
201601VW40047,1,9,0,18,0,8,0,0,0,0,1,1,6,2,56,9,1997,2,14,3,1,3
201601VW40047,2,1,0,18,0,8,0,0,0,0,3,1,6,1,25,5,-1,-1,-1,10,1,10
201601VW40048,1,5,0,18,0,0,5,0,0,0,1,1,2,1,39,7,649,1,2,-1,-1,-1
201601VW40048,2,9,0,7,0,0,0,0,0,0,3,1,2,1,52,8,1968,2,2,2,1,2
201601VW40049,1,5,0,17,0,8,1,0,0,0,1,1,2,1,42,7,125,1,4,2,1,2
201601VW40049,2,9,0,17,0,8,0,0,0,0,2,1,6,1,-1,-1,-1,-1,-1,-1,-1,-1
201601VW40050,1,9,0,18,0,8,0,0,0,0,1,1,2,2,65,9,999,1,14,10,1,10
201601VW40050,2,9,0,9,0,8,0,0,1,0,3,1,2,2,23,5,1968,2,1,9,1,9
201601VW40051,1,9,0,17,0,8,0,0,0,0,2,1,1,1,52,8,2143,2,6,4,1,4
201601VW40051,2,9,0,18,0,8,0,0,0,0,1,1,1,2,24,5,1242,1,13,3,1,3
201601VW40052,1,9,0,18,0,0,0,0,0,0,1,1,6,3,-1,-1,-1,-1,-1,-1,-1,-1
201601VW40053,1,9,0,18,0,0,0,0,0,0,2,1,6,1,41,7,1796,1,13,4,1,4
201601VW40053,2,9,0,18,0,0,0,4,0,0,1,1,6,1,64,9,1781,1,15,7,1,7
201601VW40053,3,9,0,2,0,0,0,0,0,0,3,1,6,1,51,8,1985,1,21,4,1,4
201601VW40053,4,9,0,2,0,0,0,0,0,0,3,1,6,1,-1,-1,1896,2,13,6,1,6
201601VW40054,1,9,0,5,0,8,0,0,3,10,1,1,6,1,85,11,1997,2,2,9,1,9
201601VW40054,2,19,0,9,0,8,0,0,0,0,2,1,1,1,62,9,-1,-1,-1,6,1,6
201601VW40055,1,9,0,7,0,8,0,0,0,0,4,1,6,1,24,5,-1,-1,-1,7,1,7
201601VW40055,2,1,0,7,0,8,0,0,0,0,3,1,6,1,29,6,-1,-1,-1,5,1,5
201601VW40056,1,9,0,9,0,6,0,0,0,0,1,1,6,1,46,8,2204,2,10,9,1,9
201601VW40056,2,11,0,18,0,8,0,0,0,0,3,1,1,1,27,6,4500,2,4,5,1,5
201601VW40057,1,9,0,3,0,8,0,0,0,0,1,1,3,2,42,7,1999,1,4,9,1,9
201601VW40057,2,9,0,18,0,8,0,0,0,0,4,1,6,1,-1,-1,-1,-1,-1,-1,-1,-1
201601VW40058,1,9,0,9,0,0,0,0,0,0,1,1,2,1,27,6,995,1,7,6,1,6
201601VW40058,2,9,0,1,0,0,0,0,0,0,2,1,6,1,-1,-1,1995,2,4,3,1,3
201601VW40059,1,9,0,18,0,8,0,0,0,0,1,1,6,1,67,10,-1,-1,-1,4,1,4
201601VW40060,1,9,0,4,0,0,0,0,0,0,1,1,1,1,22,5,-1,-1,-1,6,1,6
201601VW40060,2,3,0,4,0,0,0,0,0,0,2,1,2,2,55,8,-1,-1,-1,3,1,3
201601VW40061,1,11,0,4,0,0,0,0,0,0,0,1,1,1,54,8,9000,2,8,8,1,8
201601VW40062,1,9,0,3,0,8,0,0,0,0,2,1,3,2,36,7,1461,2,3,4,1,4
201601VW40062,2,9,0,18,0,8,0,0,0,0,1,1,6,1,-1,-1,1598,1,13,-1,-1,-1
201601VW40063,1,9,0,18,0,8,0,0,0,0,4,1,3,1,39,7,-1,-1,-1,4,1,4
201601VW40063,2,9,0,5,0,8,0,0,0,0,2,1,3,2,39,7,2494,1,12,4,1,4
201601VW40064,1,9,0,9,0,8,0,0,0,0,3,1,6,1,63,9,-1,-1,-1,6,1,6
201601VW40064,2,1,0,18,0,8,0,0,0,0,1,1,6,2,36,7,-1,-1,-1,9,1,9
201601VW40065,1,9,0,18,0,8,0,0,0,0,1,1,2,1,29,6,-1,-1,-1,7,1,7
201601VW40065,2,9,0,9,0,8,0,0,0,0,1,1,2,1,44,7,1997,1,7,10,1,10
201601VW40067,1,9,0,18,0,8,0,0,0,0,4,1,6,1,34,6,2286,1,32,6,1,6
201601VW40067,2,9,0,9,0,8,0,0,0,0,1,1,6,2,25,5,998,1,14,4,1,4
201601VW40068,1,9,0,18,0,8,0,0,0,0,1,1,6,1,-1,-1,-1,-1,-1,-1,-1,-1
201601VW40069,1,10,0,4,0,0,0,0,0,0,4,1,6,1,-1,-1,-1,-1,-1,-1,-1,-1
201601VW40070,1,9,0,18,0,8,0,0,0,0,1,1,1,1,54,8,1910,2,10,3,1,3
201601VW40070,2,19,0,18,0,8,0,0,0,0,1,1,2,1,33,6,2477,2,9,5,1,5
201601VW40070,3,9,0,18,0,8,0,0,0,0,3,1,2,1,-1,-1,1360,1,11,1,1,1
201601VW40071,1,5,0,18,0,0,0,0,0,0,3,1,2,1,35,6,670,1,2,7,1,7
201601VW40072,1,9,0,18,0,8,0,0,0,0,1,1,2,1,30,6,1596,1,10,10,1,10
201601VW40072,2,9,0,17,0,8,0,0,0,0,3,1,2,1,37,7,1984,1,17,1,1,1
201601VW40073,1,9,0,7,0,8,0,0,0,0,1,1,6,1,51,8,1896,2,14,6,1,6
201601VW40073,2,1,0,18,0,8,0,0,0,0,4,1,6,2,37,7,-1,-1,-1,6,1,6
201601VW40074,1,9,0,16,0,8,1,10,1,10,4,1,2,1,33,6,1870,2,10,10,1,10
201601VW40075,1,9,0,3,0,8,0,0,0,0,2,1,2,1,30,6,2183,2,3,7,1,7
201601VW40075,2,9,0,18,0,8,0,0,0,0,1,1,6,1,-1,-1,-1,-1,-1,-1,-1,-1
201601VW40076,1,9,0,18,0,8,0,0,0,0,0,1,6,2,48,8,-1,-1,-1,6,1,6
201601VW40076,2,9,0,18,0,8,1,0,0,0,0,1,1,1,31,6,-1,-1,-1,3,1,3
201601VW40077,1,9,0,5,0,8,0,0,0,0,1,1,6,1,49,8,999,1,2,10,1,10
201601VW40077,2,9,0,5,0,8,0,0,0,0,1,1,1,1,64,9,-1,-1,-1,-1,-1,-1
201601VW40078,1,3,0,13,0,8,0,0,0,0,3,1,6,1,32,6,600,1,1,5,1,5
201601VW40078,2,9,0,9,0,8,0,0,1,0,1,1,6,1,33,6,999,1,15,-1,-1,-1
201601VW40079,1,9,0,4,0,8,0,0,0,0,1,1,6,1,33,6,1598,1,13,5,1,5
201601VW40079,2,3,0,18,0,8,0,0,0,0,1,1,1,1,44,7,249,1,2,7,1,7
201601VW40080,1,9,0,18,0,8,0,0,0,0,1,1,2,2,37,7,1910,2,6,9,1,9
201601VW40080,2,9,0,9,0,8,0,0,0,0,1,1,2,1,66,10,1798,1,9,6,1,6
201601VW40083,1,9,0,4,0,0,0,0,0,0,2,1,1,2,25,5,1995,2,5,3,1,3
201601VW40083,2,9,0,18,0,0,0,0,0,0,1,1,1,1,43,7,1398,1,4,4,1,4
201601VW40085,1,9,0,9,0,8,0,0,0,0,1,1,6,1,36,7,1388,1,4,3,1,3
201601VW40086,1,19,0,2,0,0,0,0,0,0,2,1,1,1,32,6,1598,2,1,7,1,7
201601VW40086,2,9,0,5,0,0,0,0,0,0,1,1,6,2,66,10,1560,2,6,10,1,10
201601VW40088,1,19,0,18,0,0,0,0,0,0,4,1,1,1,55,8,1598,2,5,8,1,8
201601VW40089,1,9,0,3,0,8,0,0,0,0,2,1,1,2,32,6,1461,2,2,3,1,3
201601VW40089,2,9,0,3,0,8,0,0,0,0,2,1,3,2,28,6,1997,2,4,5,1,5
201601VW40089,3,9,0,18,0,8,0,0,0,0,1,1,1,2,26,6,1984,1,7,6,1,6
201601VW40090,1,19,0,1,0,0,0,0,0,0,2,1,6,1,58,9,2198,2,7,9,1,9
201601VW40091,1,9,0,18,0,0,0,0,0,0,1,1,6,1,25,5,1598,1,6,3,1,3
201601VW40092,1,9,0,9,0,8,0,0,0,0,1,1,6,1,30,6,-1,-1,-1,4,1,4
201601VW40092,2,4,0,14,0,8,0,0,1,0,1,1,6,1,25,5,-1,-1,-1,8,1,8
201601VW40093,1,9,0,18,0,8,0,0,0,0,1,1,2,1,38,7,1339,1,6,6,1,6
201601VW40093,2,9,0,7,0,8,0,0,0,0,1,1,1,1,25,5,-1,-1,-1,6,1,6
201601VW40094,1,9,0,9,0,8,0,0,0,0,1,1,6,2,42,7,1240,1,13,7,1,7
201601VW40094,2,9,0,18,0,8,1,0,0,0,4,1,6,2,19,4,1596,1,9,9,1,9
201601VW40094,3,9,0,2,0,8,0,0,0,0,0,1,6,1,28,6,1598,1,9,-1,-1,-1
201601VW40095,1,9,0,18,0,8,0,0,0,0,1,1,6,1,34,6,1587,1,13,7,1,7
201601VW40095,2,9,0,18,0,8,0,0,0,0,1,1,6,2,51,8,1596,1,8,-1,-1,-1
201601VW40097,1,5,0,9,0,8,0,0,0,0,0,1,2,1,56,9,-1,-1,-1,3,1,3
201601VW40097,2,1,0,7,0,8,0,0,0,0,0,1,6,1,-1,-1,-1,-1,-1,-1,-1,-1
201601VW40098,1,9,0,5,9,0,0,4,0,0,1,1,2,1,33,6,-1,-1,-1,6,1,6
201601VW40098,2,9,0,2,0,0,0,0,0,0,4,1,2,2,68,10,-1,-1,-1,6,1,6
201601VW40099,1,9,0,18,0,8,0,0,0,0,2,1,6,1,27,6,1598,1,9,5,1,5
201601VW40099,2,9,0,18,0,8,0,0,0,0,1,1,1,1,19,4,1360,1,8,3,1,3
201601VW40099,3,9,0,18,0,8,0,0,0,0,2,1,6,2,27,6,1598,1,17,-1,-1,-1
201601VW40101,1,19,0,18,0,8,0,0,0,0,4,1,6,1,53,8,2198,2,1,6,1,6
201601VW40101,2,9,0,14,0,8,0,0,0,0,1,1,6,1,48,8,1686,2,5,6,1,6
201601VW40102,1,1,0,18,0,8,0,0,0,0,1,1,1,1,36,7,-1,-1,-1,6,1,6
201601VW40102,2,9,0,18,0,8,0,0,0,0,1,1,6,1,29,6,1149,1,14,2,1,2
201601VW40103,1,9,0,9,0,8,0,0,0,0,1,1,2,1,27,6,1999,1,11,4,1,4
201601VW40103,2,19,0,18,0,8,0,0,1,0,1,1,1,1,51,8,1968,2,11,10,1,10
201601VW40104,1,3,0,18,0,8,0,0,0,0,1,1,6,1,36,7,124,1,2,9,1,9
201601VW40104,2,11,0,18,0,8,0,0,0,0,1,1,1,1,48,8,6700,2,7,2,1,2
201601VW40105,1,9,0,6,0,0,0,0,0,0,4,1,6,1,59,9,1398,1,15,6,1,6
201601VW40105,2,4,0,18,0,0,0,0,0,0,1,1,1,1,-1,-1,-1,-1,-1,5,1,5
201601VW40106,1,9,0,9,0,8,0,0,0,0,1,1,6,1,27,6,-1,-1,-1,7,1,7
201601VW40106,2,1,0,18,0,8,0,0,0,0,1,1,6,1,50,8,-1,-1,-1,6,1,6
201601VW40107,1,9,0,18,0,0,0,0,0,0,1,1,6,2,35,6,-1,-1,-1,5,1,5
201601VW40109,1,19,0,4,0,8,0,0,0,0,2,1,1,1,28,6,2461,2,12,8,1,8
201601VW40109,2,19,0,18,0,8,0,0,0,0,1,1,1,1,36,7,1968,2,1,7,1,7
201601VW40110,1,9,0,18,0,8,0,0,0,0,1,1,2,1,29,6,1896,2,14,7,1,7
201601VW40110,2,3,0,5,0,8,0,0,0,0,1,1,2,1,29,6,125,1,1,6,1,6
201601VW40113,1,9,0,18,0,8,0,0,0,0,1,1,2,2,47,8,1686,2,3,7,1,7
201601VW40113,2,1,0,18,0,8,0,0,0,0,4,1,2,1,36,7,-1,-1,-1,8,1,8
201601VW40114,1,9,0,9,0,8,0,0,0,0,1,1,2,1,51,8,-1,-1,-1,6,1,6
201601VW40114,2,4,0,7,0,8,0,0,0,0,1,1,1,1,32,6,599,1,16,-1,-1,-1
201601VW40114,3,19,0,2,0,8,0,0,0,0,0,1,1,3,-1,-1,-1,-1,-1,-1,-1,-1
201601VW40115,1,9,0,5,0,8,0,0,0,0,3,1,1,1,68,10,2143,2,1,10,1,10
201601VW40115,2,9,0,18,0,8,0,0,0,0,1,1,2,2,78,11,1985,1,15,10,3,10
201601VW40115,3,9,0,9,0,8,0,0,0,0,1,1,6,2,27,6,1497,1,13,7,2,7
201601VW40116,1,9,0,1,0,0,0,10,1,10,2,1,6,1,74,10,1582,2,3,9,1,9
201601VW40116,2,9,0,2,0,0,0,0,0,0,0,1,6,1,-1,-1,2499,1,8,8,1,8
201601VW40117,1,9,0,18,0,0,0,0,0,0,4,1,3,2,53,8,1796,1,11,4,1,4
201601VW40118,1,19,0,18,0,8,0,0,0,0,3,1,6,1,-1,-1,2402,2,9,-1,-1,-1
201601VW40119,1,9,0,5,0,8,0,0,0,0,1,1,6,1,36,7,2143,2,2,-1,-1,-1
201601VW40119,2,9,0,3,0,8,0,0,0,0,2,1,6,1,20,4,2000,2,5,-1,-1,-1
201601VW40120,1,9,0,3,0,8,0,0,0,0,2,1,6,1,64,9,-1,-1,-1,10,1,10
201601VW40120,2,9,0,3,0,8,0,0,1,0,2,1,6,1,22,5,2148,2,14,3,1,3
201601VW40120,3,9,0,18,0,8,0,0,0,0,1,1,6,2,51,8,1198,1,3,6,1,6
201601VW40121,1,9,0,18,0,0,0,0,0,0,1,1,6,2,25,5,1398,1,6,9,1,9
201601VW40122,1,9,0,3,0,8,0,0,0,0,2,1,6,1,36,7,1396,1,16,8,1,8
201601VW40122,2,9,0,18,0,8,0,0,0,0,1,1,6,1,-1,-1,1896,2,14,9,1,9
201601VW40123,1,8,0,9,0,8,0,0,0,0,3,1,1,1,36,7,1598,1,16,4,1,4
201601VW40123,2,1,0,18,0,8,1,0,0,0,1,1,2,1,30,6,-1,-1,-1,3,1,3
201601VW40124,1,11,0,17,0,8,0,0,0,0,1,1,1,1,37,7,4500,2,1,5,1,5
201601VW40124,2,9,0,17,0,8,0,0,0,0,1,1,6,2,-1,-1,1242,1,11,10,1,10
201601VW40125,1,9,0,1,0,0,0,0,0,0,2,1,2,1,42,7,2295,1,15,-1,-1,-1
201601VW40125,2,9,0,18,0,0,0,0,0,0,3,1,1,1,26,6,1560,2,-1,3,1,3
201601VW40126,1,3,0,18,0,8,1,0,0,0,1,1,2,1,54,8,-1,-1,-1,10,1,10
201601VW40126,2,19,0,18,0,8,0,0,0,0,2,1,1,1,42,7,-1,-1,-1,8,1,8
201601VW40126,3,9,0,9,0,8,0,0,0,0,3,1,1,1,20,4,-1,-1,-1,6,1,6
201601VW40126,4,19,0,18,0,8,0,0,0,0,2,1,1,1,38,7,1896,2,9,6,1,6
201601VW40128,1,19,0,9,0,8,0,0,0,0,2,1,2,1,33,6,2402,2,12,9,1,9
201601VW40128,2,2,0,18,0,8,0,0,0,0,1,1,2,1,37,7,49,1,3,9,1,9
201601VW40131,1,3,0,18,0,0,0,0,0,0,4,1,6,1,22,5,-1,-1,-1,2,1,2
201601VW40131,2,9,0,18,0,0,0,0,0,0,1,1,6,3,-1,-1,-1,-1,-1,-1,-1,-1
201601VW40132,1,9,0,18,0,2,0,0,0,0,4,1,6,1,21,5,1229,1,11,-1,-1,-1
201601VW40133,1,4,0,18,0,8,0,0,0,0,1,1,1,2,25,5,125,1,2,6,1,6
201601VW40133,2,9,0,9,0,8,0,0,0,0,3,1,6,1,43,7,1968,2,10,3,1,3
201601VW40134,1,19,0,18,0,8,0,0,0,0,4,1,2,1,-1,-1,-1,-1,-1,-1,-1,-1
201601VW40135,1,9,0,7,0,8,0,0,0,0,1,1,6,1,68,10,2143,2,3,10,1,10
201601VW40135,2,1,0,18,9,8,0,0,0,0,4,1,6,1,14,3,-1,-1,-1,8,1,8
201601VW40136,1,9,0,9,0,8,0,0,0,0,0,1,6,1,23,5,998,1,2,-1,-1,-1
201601VW40136,2,9,0,18,0,8,0,0,0,0,1,1,6,1,-1,-1,1598,1,4,1,1,1