Accident_Index,Vehicle_Reference,Vehicle_Type,Towing_and_Articulation,Vehicle_Manoeuvre,Vehicle_Location-Restricted_Lane,Junction_Location,Skidding_and_Overturning,Hit_Object_in_Carriageway,Vehicle_Leaving_Carriageway,Hit_Object_off_Carriageway,1st_Point_of_Impact,Was_Vehicle_Left_Hand_Drive?,Journey_Purpose_of_Driver,Sex_of_Driver,Age_of_Driver,Age_Band_of_Driver,Engine_Capacity_(CC),Propulsion_Code,Age_of_Vehicle,Driver_IMD_Decile,Driver_Home_Area_Type,Vehicle_IMD_Decile
201601VW40301,1,9,0,18,0,8,0,0,0,0,4,1,6,1,25,5,1497,1,13,3,1,3
201601VW40301,2,19,0,9,0,8,0,0,0,0,1,1,6,1,-1,-1,2402,2,6,-1,-1,-1
201601VW40302,1,9,0,5,0,1,0,0,0,0,2,1,6,2,55,8,1973,1,18,10,1,10
201601VW40302,2,9,0,5,0,1,0,0,0,0,1,1,6,1,-1,-1,-1,-1,-1,-1,-1,-1
201601VW40303,1,3,0,18,0,1,1,0,0,0,4,1,1,1,-1,-1,125,1,3,8,1,8
201601VW40304,1,5,0,18,0,8,0,0,0,0,1,1,6,1,58,9,-1,-1,-1,4,1,4
201601VW40304,2,9,0,9,0,8,0,0,0,0,3,1,6,1,-1,-1,1339,1,4,6,1,6
201601VW40305,1,8,0,18,0,8,0,0,0,0,1,1,1,1,38,7,1797,8,4,10,1,10
201601VW40305,2,1,0,9,0,8,0,0,0,0,3,1,6,1,-1,-1,-1,-1,-1,-1,-1,-1
201601VW40306,1,9,0,4,0,0,0,0,0,0,1,1,2,1,35,6,1998,1,17,5,1,5
201601VW40306,2,9,0,3,0,0,0,0,0,0,2,1,2,2,34,6,3192,1,9,3,1,3
201601VW40306,3,9,0,3,0,0,0,0,0,0,2,1,2,2,62,9,1796,2,3,4,1,4
201601VW40307,1,1,0,18,9,1,0,10,1,0,1,1,6,1,44,7,-1,-1,-1,10,1,10
201601VW40308,1,9,0,9,0,8,0,0,0,0,4,1,1,1,49,8,1968,2,1,4,1,4
201601VW40308,2,9,0,18,0,8,0,0,0,0,1,1,6,2,39,7,1997,2,14,3,1,3
201601VW40309,1,8,0,18,0,8,0,0,0,0,3,1,1,1,61,9,1796,1,4,6,1,6
201601VW40309,2,9,0,1,0,8,0,0,0,0,2,1,6,3,-1,-1,-1,-1,-1,-1,-1,-1
201601VW40310,1,9,0,3,0,1,0,0,0,0,2,1,6,1,29,6,2172,2,15,6,1,6
201601VW40310,2,3,0,18,0,1,0,0,0,0,1,1,1,1,24,5,-1,-1,-1,5,1,5
201601VW40311,1,9,0,7,0,2,0,0,0,0,2,1,6,1,33,6,2995,1,12,8,1,8
201601VW40311,2,9,0,7,0,2,0,0,0,0,1,1,6,1,48,8,-1,-1,-1,10,1,10
201601VW40313,1,3,0,4,0,1,0,0,0,0,2,1,6,1,18,4,124,1,4,3,1,3
201601VW40313,2,9,0,4,0,1,0,0,0,0,1,1,6,1,23,5,1591,1,7,1,1,1
201601VW40314,1,9,0,18,0,1,0,0,0,0,1,1,6,1,47,8,1461,2,4,5,1,5
201601VW40315,1,9,0,17,0,8,0,0,0,0,2,1,1,2,27,6,1390,1,9,-1,-1,-1
201601VW40315,2,9,0,18,0,8,0,0,0,0,1,1,6,1,48,8,1984,1,17,3,1,3
201601VW40316,1,9,0,18,0,8,0,0,0,0,3,1,6,1,81,11,1396,1,13,9,1,9
201601VW40316,2,9,0,9,0,8,0,0,0,0,4,1,1,1,50,8,-1,-1,-1,7,1,7
201601VW40318,1,19,0,5,0,8,0,0,0,0,1,1,2,1,45,7,1870,2,12,9,1,9
201601VW40318,2,1,0,18,0,8,0,0,0,0,4,1,6,1,46,8,-1,-1,-1,8,1,8
201601VW40319,1,1,0,18,0,0,0,0,0,0,3,1,6,2,24,5,-1,-1,-1,3,1,3
201601VW40319,2,9,0,13,0,0,0,0,0,0,4,1,6,3,-1,-1,1896,2,10,-1,-1,-1
201601VW40320,1,9,0,18,0,8,0,0,0,0,1,1,6,2,63,9,1499,1,1,8,1,8
201601VW40320,2,9,0,9,0,8,0,0,0,0,4,1,6,1,27,6,1364,1,7,10,1,10
201601VW40321,1,9,0,4,0,0,0,0,0,0,1,1,6,1,22,5,998,1,-1,6,1,6
201601VW40321,2,9,0,3,0,0,0,0,0,0,2,1,6,1,30,6,1598,1,4,4,1,4
201601VW40322,1,9,0,18,0,8,0,0,0,0,1,1,6,1,23,5,2494,1,17,2,1,2
201601VW40322,2,1,0,18,0,8,0,0,0,0,1,1,6,1,29,6,-1,-1,-1,-1,-1,-1
201601VW40324,1,9,0,18,0,8,0,0,0,0,1,1,1,2,32,6,-1,-1,-1,3,1,3
201601VW40324,2,9,0,9,0,8,0,0,0,0,3,1,6,1,33,6,1997,2,3,4,2,4
201601VW40328,1,1,0,17,0,8,0,0,0,0,4,1,2,1,49,8,-1,-1,-1,6,1,6
201601VW40328,2,19,0,18,0,8,0,0,0,0,1,1,6,1,35,6,2143,2,-1,3,1,3
201601VW40329,1,19,0,6,0,0,0,0,0,0,3,1,1,1,51,8,-1,-1,-1,8,1,8
201601VW40329,2,3,0,13,0,0,0,0,0,0,1,1,6,1,23,5,-1,-1,-1,9,1,9
201601VW40330,1,20,0,18,0,0,0,0,0,0,1,1,1,1,24,5,-1,-1,-1,4,1,4
201601VW40330,2,9,0,3,0,0,0,0,0,0,2,1,1,1,46,8,1798,8,3,6,1,6
201601VW40330,3,9,0,3,0,0,0,0,0,0,2,1,6,2,45,7,-1,-1,-1,8,1,8
201601VW40332,1,1,0,15,0,8,0,0,0,0,3,1,6,1,47,8,-1,-1,-1,-1,-1,-1
201601VW40332,2,9,0,7,0,8,0,0,0,0,4,1,6,3,-1,-1,-1,-1,-1,-1,-1,-1
201601VW40333,1,9,0,5,0,1,0,0,0,0,2,1,6,1,30,6,1598,1,13,-1,-1,-1
201601VW40333,2,9,0,5,0,1,0,0,0,0,1,1,6,1,-1,-1,-1,-1,-1,-1,-1,-1
201601VW40334,1,1,0,18,0,0,0,0,0,0,3,1,2,2,37,7,-1,-1,-1,5,1,5
201601VW40334,2,9,0,13,0,0,0,0,0,0,4,1,6,3,-1,-1,-1,-1,-1,-1,-1,-1
201601VW40335,1,9,0,18,0,0,0,4,0,0,1,1,1,1,45,7,1796,1,15,3,1,3
201601VW40335,2,9,0,2,0,0,0,0,0,0,3,1,6,2,45,7,1242,1,13,6,1,6
201601VW40335,3,9,0,2,0,0,0,4,0,0,2,1,6,2,72,10,2000,1,13,6,1,6
201601VW40335,4,9,0,2,0,0,0,4,0,0,2,1,6,2,77,11,1596,1,13,6,1,6
201601VW40335,5,9,0,2,0,0,0,4,0,0,2,1,6,2,23,5,1560,2,5,6,1,6
201601VW40335,6,9,0,2,0,0,0,0,0,0,2,1,6,1,58,9,1598,1,13,6,1,6
201601VW40336,1,9,0,17,0,0,0,10,1,0,1,1,6,1,63,9,1991,1,1,7,1,7
201601VW40338,1,1,0,18,4,0,0,0,0,0,3,1,6,1,23,5,-1,-1,-1,5,1,5
201601VW40338,2,9,0,18,0,0,0,0,0,0,3,1,6,1,40,7,1591,1,1,9,1,9
201601VW40340,1,9,0,3,0,2,0,0,0,0,1,1,6,1,46,8,1598,1,13,4,1,4
201601VW40340,2,9,0,1,0,2,0,0,0,0,2,1,6,2,-1,-1,1598,1,10,-1,-1,-1
201601VW40341,1,11,0,18,0,1,0,0,0,0,0,1,1,1,47,8,6700,2,6,4,1,4
201601VW40342,1,1,0,18,0,8,0,0,0,0,1,1,2,2,20,4,-1,-1,-1,6,1,6
201601VW40342,2,9,0,9,0,8,0,0,0,0,3,1,1,1,-1,-1,-1,-1,-1,-1,-1,-1
201601VW40343,1,9,0,18,0,1,0,4,0,0,1,1,6,1,36,7,-1,-1,-1,2,1,2
201601VW40343,2,9,0,2,0,1,0,4,0,0,2,1,6,2,30,6,2993,2,3,9,1,9
201601VW40343,3,19,0,2,0,1,0,0,0,0,2,1,6,1,46,8,1560,2,5,8,1,8
201601VW40344,1,9,0,13,0,1,0,0,0,0,4,1,6,2,37,7,1910,2,8,9,1,9
201601VW40344,2,1,0,16,0,1,0,0,0,0,3,1,6,1,31,6,-1,-1,-1,-1,-1,-1
201601VW40345,1,9,0,5,0,0,0,0,0,0,3,1,6,1,56,9,2488,2,10,-1,-1,-1
201601VW40345,2,5,0,14,0,0,0,10,7,10,4,1,1,1,27,6,649,1,-1,9,1,9
201601VW40346,1,9,0,9,0,8,0,0,0,0,1,1,6,2,32,6,1794,1,10,5,1,5
201601VW40346,2,2,0,18,0,8,0,0,0,0,4,1,6,1,52,8,102,1,10,6,1,6
201601VW40347,1,11,0,5,0,2,0,0,0,0,0,1,1,1,31,6,7300,2,11,3,1,3
201601VW40348,1,9,0,18,0,8,0,0,0,0,4,1,3,2,30,6,1998,1,13,6,1,6
201601VW40348,2,9,0,18,0,8,0,0,0,0,1,1,6,1,-1,-1,-1,-1,-1,-1,-1,-1
201601VW40349,1,3,0,14,0,8,1,0,0,0,1,1,2,1,24,5,125,1,2,3,1,3
201601VW40349,2,9,0,9,0,8,0,0,0,0,3,1,6,1,29,6,1910,2,10,7,1,7
201601VW40350,1,9,0,11,2,1,0,0,0,0,3,1,6,1,62,9,3999,7,14,3,1,3
201601VW40350,2,4,0,18,0,1,0,0,0,0,4,1,6,1,36,7,-1,-1,-1,-1,-1,-1
201601VW40351,1,9,0,1,0,2,0,0,0,0,4,1,6,1,-1,-1,2993,2,5,-1,-1,-1
201601VW40353,1,1,0,18,0,8,0,0,0,0,4,1,6,1,64,9,-1,-1,-1,10,1,10
201601VW40353,2,9,0,18,0,8,0,0,0,0,1,1,6,1,-1,-1,-1,-1,-1,-1,-1,-1
201601VW40354,1,9,0,18,0,0,0,10,7,0,1,1,6,1,30,6,1595,1,9,3,1,3
201601VW40355,1,9,0,3,0,0,0,0,0,0,2,1,2,1,26,6,1968,2,5,6,1,6
201601VW40355,2,9,0,4,0,0,0,0,1,0,2,1,1,1,50,8,-1,-1,-1,10,1,10
201601VW40355,3,9,0,4,0,0,0,0,0,0,1,1,6,1,-1,-1,1598,2,3,-1,-1,-1
201601VW40356,1,9,0,18,0,8,0,0,0,0,1,1,6,1,51,8,1400,1,11,6,1,6
201601VW40356,2,9,0,18,0,8,0,0,1,0,1,1,6,1,70,10,1390,1,10,7,3,7
201601VW40357,1,9,0,3,0,8,0,0,0,0,2,1,6,1,47,8,-1,-1,-1,6,1,6
201601VW40357,2,9,0,18,0,8,0,0,0,0,1,1,6,1,56,9,-1,-1,-1,2,1,2
201601VW40358,1,9,0,3,0,1,0,0,0,0,2,1,6,1,45,7,1797,8,6,6,1,6
201601VW40358,2,9,0,18,0,1,0,0,0,0,1,1,6,3,-1,-1,1596,1,11,-1,-1,-1
201601VW40363,1,9,0,18,0,8,0,0,0,0,1,1,6,1,22,5,1560,2,2,-1,-1,-1
201601VW40364,1,9,0,18,0,8,0,0,0,0,3,1,6,2,24,5,1364,1,9,-1,-1,-1
201601VW40364,2,9,0,9,0,8,0,0,0,0,1,1,6,2,-1,-1,1368,1,6,3,1,3
201601VW40365,1,9,0,7,0,8,0,0,0,0,3,1,6,2,44,7,1497,8,-1,6,1,6
201601VW40365,2,9,0,9,0,8,0,10,3,0,1,1,6,1,-1,-1,1796,1,16,-1,-1,-1
201601VW40365,3,90,0,9,0,8,0,0,0,0,0,1,1,1,34,6,-1,-1,-1,-1,-1,-1
201601VW40366,1,9,0,18,0,8,0,0,0,0,1,1,1,1,48,8,1968,2,3,6,3,6
201601VW40366,2,20,0,1,0,8,0,0,0,0,3,1,6,1,47,8,5880,2,9,6,3,6
201601VW40367,1,9,0,3,0,8,0,0,0,0,2,1,6,2,43,7,1364,1,3,6,1,6
201601VW40367,2,8,0,18,0,8,0,0,0,0,1,1,6,2,26,6,1240,1,13,2,1,2
201601VW40367,3,9,0,18,0,8,0,0,0,0,1,1,6,1,-1,-1,1896,2,8,4,1,4
201601VW40368,1,3,0,14,0,0,0,0,0,0,4,1,2,2,29,6,124,1,9,2,1,2
201601VW40368,2,9,0,5,0,0,0,0,0,0,1,1,2,1,34,6,998,1,1,7,1,7
201601VW40369,1,9,0,18,0,8,0,7,7,10,1,1,1,1,51,8,1560,2,2,9,1,9
201601VW40370,1,9,0,3,0,0,0,0,0,0,2,1,6,1,50,8,1497,8,11,2,1,2
201601VW40370,2,9,0,3,0,0,0,0,0,0,2,1,1,2,66,10,2597,1,14,3,1,3
201601VW40370,3,9,0,18,0,0,0,0,0,0,1,1,6,1,30,6,1560,2,10,8,1,8
201601VW40371,1,9,0,4,0,2,0,0,0,0,2,1,6,1,31,6,3697,7,20,9,1,9
201601VW40371,2,9,0,18,0,2,0,0,0,0,2,1,6,2,24,5,1995,2,5,4,1,4
201601VW40371,3,9,0,18,0,2,0,0,0,0,2,1,6,2,49,8,1598,1,3,8,1,8
201601VW40371,4,9,0,18,0,2,0,0,0,0,1,1,6,1,37,7,2494,1,18,5,1,5
201601VW40372,1,2,0,18,0,0,0,0,0,0,1,1,6,1,39,7,124,1,8,2,1,2
201601VW40372,2,1,0,9,0,0,0,0,0,0,1,1,6,1,19,4,-1,-1,-1,10,1,10
201601VW40373,1,9,0,9,0,8,0,0,0,0,1,1,6,1,53,8,-1,-1,-1,2,1,2
201601VW40373,2,9,0,18,0,8,0,0,0,0,3,1,6,2,42,7,1587,1,10,7,1,7
201601VW40374,1,9,0,3,0,0,0,0,0,0,3,1,6,1,35,6,2231,2,6,8,1,8
201601VW40374,2,19,0,16,0,0,0,0,0,0,3,1,6,1,-1,-1,2198,2,-1,3,1,3
201601VW40375,1,3,0,18,0,8,0,0,0,0,4,1,2,1,38,7,124,1,7,9,1,9
201601VW40375,2,9,0,5,0,8,0,0,0,0,1,1,2,1,38,7,2204,2,10,-1,-1,-1
201601VW40376,1,3,0,5,0,8,0,0,0,0,3,1,2,1,40,7,49,1,-1,4,1,4
201601VW40376,2,9,0,5,0,8,0,0,0,0,4,1,6,1,35,6,1582,2,-1,4,1,4
201601VW40377,1,9,0,18,0,8,0,0,0,0,3,1,1,1,37,7,1598,1,10,-1,-1,-1
201601VW40377,2,1,0,9,0,8,0,0,0,0,1,1,2,2,52,8,-1,-1,-1,7,1,7
201601VW40378,1,9,0,3,0,8,0,0,0,0,2,1,6,1,56,9,2143,2,3,4,1,4
201601VW40378,2,9,0,18,0,8,0,0,0,0,1,1,4,1,38,7,848,1,17,6,1,6
201601VW40379,1,19,0,2,2,0,0,0,0,0,2,1,1,1,37,7,-1,-1,-1,8,1,8
201601VW40379,2,1,0,18,2,0,0,4,0,0,1,1,6,1,26,6,-1,-1,-1,5,1,5
201601VW40380,1,11,0,3,0,0,0,0,0,0,2,1,1,3,-1,-1,-1,-1,-1,-1,-1,-1
201601VW40380,2,1,0,18,0,0,0,0,0,0,1,1,2,1,39,7,-1,-1,-1,7,1,7
201601VW40381,1,9,0,14,0,1,0,11,0,0,1,1,6,2,-1,-1,998,1,8,-1,-1,-1
201601VW40382,1,4,0,13,0,0,0,0,0,0,0,1,2,1,42,7,1043,1,2,4,1,4
201601VW40382,2,9,0,7,0,0,0,0,0,0,0,1,6,2,47,8,-1,-1,-1,10,1,10
201601VW40383,1,5,0,18,0,0,0,10,1,7,1,1,2,1,35,6,599,1,10,6,1,6
201601VW40385,1,9,0,3,0,8,0,0,0,0,2,1,6,2,28,6,1368,1,7,8,1,8
201601VW40385,2,9,0,4,0,8,0,0,0,0,1,1,6,2,23,5,1240,1,8,8,1,8
201601VW40386,1,9,0,5,0,8,0,0,0,0,1,1,2,2,33,6,1199,1,14,6,1,6
201601VW40386,2,9,0,5,0,8,0,0,0,0,2,1,2,1,31,6,1339,1,11,2,1,2
201601VW40387,1,9,0,5,0,0,0,0,0,0,2,1,6,1,18,4,1229,1,9,9,1,9
201601VW40388,1,3,0,1,0,0,0,0,0,0,2,1,6,2,38,7,96,1,7,-1,-1,-1
201601VW40388,2,19,0,13,0,0,0,10,7,0,1,1,6,1,33,6,1753,2,12,-1,-1,-1
201601VW40389,1,9,0,7,0,8,0,0,0,0,1,1,2,1,60,9,1397,1,15,9,1,9
201601VW40390,1,1,0,5,0,8,0,0,0,0,3,1,6,1,29,6,-1,-1,-1,6,1,6
201601VW40390,2,9,0,7,0,8,0,0,0,0,1,1,6,3,-1,-1,-1,-1,-1,-1,-1,-1
201601VW40391,1,9,0,18,0,0,0,0,0,0,4,1,2,1,41,7,1339,8,8,4,1,4
201601VW40392,1,9,0,9,0,8,0,0,0,0,4,1,2,2,28,6,1198,1,6,5,1,5
201601VW40392,2,19,0,15,0,8,0,0,0,0,1,1,1,1,49,8,-1,-1,-1,-1,-1,-1
201601VW40394,1,9,0,5,0,8,0,0,1,0,2,1,2,2,53,8,1598,1,10,6,1,6
201601VW40394,2,9,0,18,0,8,0,0,0,0,1,1,6,2,-1,-1,1998,1,9,10,1,10
201601VW40395,1,19,0,7,0,8,0,10,0,0,4,1,1,1,40,7,2143,2,2,-1,-1,-1
201601VW40400,1,1,0,12,0,8,0,0,0,0,3,1,6,1,64,9,-1,-1,-1,-1,-1,-1
201601VW40400,2,19,0,13,0,8,0,0,0,0,4,1,2,1,-1,-1,2198,2,4,-1,-1,-1
201601VW40402,1,9,0,3,0,8,0,0,0,0,2,1,1,2,35,6,1198,1,2,5,1,5
201601VW40402,2,8,0,4,0,8,0,0,0,0,1,1,1,1,35,6,1997,2,1,4,1,4
201601VW40403,1,9,0,18,0,0,1,10,4,1,1,1,3,1,32,6,1598,1,7,7,1,7
201601WW50001,1,5,0,16,0,0,1,0,0,0,1,1,6,1,41,7,955,1,1,3,1,3
201601WW50001,2,3,0,17,0,0,0,0,0,0,1,1,1,1,48,8,125,1,4,10,1,10
201601WW50002,1,9,0,9,0,1,0,0,0,0,4,1,3,2,48,8,1197,1,1,2,1,2
201601WW50002,2,1,0,18,0,1,0,0,0,0,1,1,6,1,30,6,-1,-1,-1,7,1,7
201601WW50003,1,5,0,7,0,8,0,0,0,0,1,1,6,1,38,7,599,1,7,3,1,3
201601WW50003,2,1,0,18,0,8,0,0,0,0,1,1,6,1,27,6,-1,-1,-1,3,1,3
201601WW50006,1,8,0,18,0,8,0,0,0,0,3,1,6,1,59,9,2493,8,2,-1,-1,-1
201601WW50006,2,1,0,18,0,8,0,0,0,0,1,1,6,2,28,6,-1,-1,-1,8,1,8
201601WW50008,1,9,0,18,0,8,0,0,0,0,1,1,6,1,41,7,2231,2,4,7,1,7
201601WW50008,2,1,0,18,0,8,0,0,0,0,1,1,6,1,-1,-1,-1,-1,-1,-1,-1,-1
201601WW50010,1,9,0,18,0,0,0,0,0,0,1,1,6,1,79,11,1498,1,8,3,1,3
201601WW50011,1,9,0,18,0,0,0,0,0,0,1,1,6,1,31,6,1490,1,9,3,1,3
201601WW50011,2,1,0,18,0,0,0,0,0,0,2,1,6,1,48,8,-1,-1,-1,5,1,5
201601WW50013,1,9,0,18,0,0,0,0,0,0,1,1,6,1,46,8,1598,2,4,5,1,5
201601WW50013,2,9,0,3,0,0,0,0,0,0,2,1,6,2,47,8,1896,2,13,8,1,8
201601WW50013,3,9,0,3,0,0,0,0,0,0,2,1,6,2,35,6,1796,1,11,-1,-1,-1
201601WW50014,1,5,0,18,0,0,0,0,0,0,1,1,6,1,38,7,-1,-1,-1,8,1,8
201601WW50014,2,1,0,18,0,0,0,0,0,0,2,1,6,1,56,9,-1,-1,-1,-1,-1,-1
201601WW50015,1,19,0,9,0,8,0,0,0,0,3,1,6,2,32,6,1686,2,11,-1,-1,-1
201601WW50015,2,5,0,18,0,8,0,0,0,0,1,1,6,1,29,6,-1,-1,-1,5,1,5
201601WW50016,1,2,0,18,0,8,0,0,0,0,1,1,6,1,43,7,124,1,4,9,1,9
201601WW50016,2,9,0,9,0,8,0,0,0,0,3,1,6,2,36,7,3189,1,9,9,2,9
201601WW50019,1,9,0,13,0,1,0,0,0,0,4,1,6,1,40,7,1896,2,8,4,1,4
201601WW50019,2,21,0,18,0,1,0,0,0,0,3,2,1,1,62,9,-1,-1,-1,-1,-1,-1
201601WW50020,1,9,0,18,0,8,0,0,0,0,1,1,6,3,-1,-1,-1,-1,-1,-1,-1,-1
201601WW50020,2,11,0,3,0,8,0,0,0,0,3,1,1,3,-1,-1,-1,-1,-1,-1,-1,-1
201601WW50021,1,9,0,18,0,1,0,0,0,0,1,1,6,2,49,8,1229,1,5,2,1,2
201601WW50021,2,9,0,3,0,1,0,0,0,0,2,1,6,1,44,7,1598,2,1,2,1,2
201601WW50021,3,9,0,3,0,8,0,0,0,0,1,1,6,1,37,7,1968,2,5,-1,-1,-1
201601WW50024,1,1,0,17,0,8,0,0,0,0,1,1,6,1,28,6,-1,-1,-1,2,1,2
201601WW50024,2,9,0,9,0,8,0,0,0,0,3,1,6,1,-1,-1,-1,-1,-1,-1,-1,-1
201601WW50025,1,1,0,18,0,8,0,0,0,0,1,1,6,2,27,6,-1,-1,-1,7,1,7
201601WW50025,2,19,0,9,0,8,0,0,0,0,4,1,6,1,-1,-1,-1,-1,-1,-1,-1,-1
201601WW50026,1,5,0,18,0,2,0,0,0,0,1,1,2,1,58,9,1164,1,13,8,1,8
201601WW50026,2,9,0,6,0,2,0,0,0,0,3,1,2,1,30,6,1796,1,15,5,1,5
201601WW50027,1,19,0,18,0,1,0,0,0,0,1,1,1,1,30,6,2198,2,2,2,1,2
201601WW50027,2,9,0,3,0,1,0,0,0,0,2,1,6,2,53,8,2148,2,11,6,1,6
201601WW50027,3,9,0,3,0,1,0,0,0,0,2,1,6,1,48,8,1991,1,1,10,2,10
201601WW50028,1,9,0,18,0,0,0,0,0,0,1,1,2,1,51,8,1998,1,17,7,1,7
201601WW50028,2,11,0,4,0,0,0,0,0,0,2,1,1,1,26,6,9360,2,4,7,1,7
201601WW50029,1,9,0,18,0,1,0,0,0,0,1,1,1,2,31,6,1798,1,7,-1,-1,-1
201601WW50029,2,9,0,18,0,1,0,0,0,0,2,1,1,1,33,6,1560,2,5,9,1,9
201601WW50031,1,9,0,6,0,2,0,0,0,0,3,2,6,2,45,7,-1,-1,-1,6,1,6
201601WW50031,2,4,0,18,0,2,0,0,0,0,1,1,6,1,28,6,599,1,7,9,1,9
201601WW50032,1,9,0,6,0,1,0,0,0,0,1,1,1,1,47,8,1798,8,1,1,1,1
201601WW50034,1,9,0,11,0,0,0,0,0,0,4,1,1,1,54,8,2987,2,3,6,2,6
201601WW50034,2,5,0,18,2,0,0,0,0,0,3,1,2,1,41,7,599,1,17,9,1,9
201601WW50036,1,9,0,9,0,8,0,0,0,0,1,1,6,1,-1,-1,1560,2,2,-1,-1,-1
201601WW50037,1,9,0,18,0,8,0,0,0,0,4,1,6,1,65,9,1497,8,9,6,1,6
201601WW50037,2,3,0,18,0,8,0,0,0,0,1,1,6,1,25,5,124,1,4,8,1,8
201601WW50038,1,3,0,9,0,8,1,0,0,0,4,1,1,1,32,6,108,1,7,3,1,3
201601WW50039,1,8,0,10,0,1,0,0,0,0,2,1,1,1,38,7,998,1,2,2,1,2
201601WW50039,2,19,0,11,0,1,0,0,0,0,1,1,1,1,48,8,1968,2,1,2,1,2
201601WW50039,3,9,0,18,2,1,0,0,0,0,3,1,1,1,46,8,1968,2,3,5,1,5
201601WW50040,1,9,0,4,0,1,0,0,0,0,1,1,6,1,28,6,1598,1,13,4,1,4
201601WW50040,2,9,0,3,0,1,0,0,0,0,2,1,6,1,43,7,1968,2,3,-1,-1,-1
201601WW50042,1,3,0,18,0,1,1,0,0,0,1,1,6,2,32,6,108,1,8,2,1,2
201601WW50042,2,9,0,9,0,1,0,0,0,0,3,1,6,1,27,6,1242,1,1,5,1,5
201601WW50043,1,11,0,4,0,0,0,0,0,0,0,1,1,1,38,7,5132,2,1,3,1,3
201601WW50044,1,9,0,4,0,1,0,0,0,0,2,1,2,2,21,5,1395,1,1,4,1,4
201601WW50044,2,19,0,18,0,1,0,0,0,0,1,1,1,1,31,6,1968,2,1,7,1,7
201601WW50045,1,9,0,9,0,8,0,0,0,0,1,1,6,1,55,8,1598,1,8,5,1,5
201601WW50046,1,9,0,2,0,2,0,0,0,0,3,1,6,1,41,7,1781,1,12,5,1,5
201601WW50046,2,9,0,18,0,2,0,8,0,0,4,1,6,2,-1,-1,1560,2,1,-1,-1,-1
201601WW50047,1,9,0,18,0,8,0,7,4,1,1,1,6,1,38,7,998,1,18,4,1,4
201601WW50048,1,9,0,13,0,1,0,0,0,0,4,1,6,3,-1,-1,1998,2,8,-1,-1,-1
201601WW50048,2,1,0,18,0,1,0,0,0,0,3,1,6,1,55,8,-1,-1,-1,10,1,10
201601WW50051,1,3,0,18,0,1,0,0,0,0,1,1,6,1,24,5,125,1,5,7,1,7
201601WW50051,2,9,0,9,0,1,0,0,0,0,3,1,6,1,34,6,2143,2,7,7,1,7
201601WW50052,1,11,0,2,0,0,0,4,0,0,3,1,1,1,46,8,7300,2,11,3,1,3
201601WW50052,2,19,0,18,0,0,0,0,0,0,3,1,1,1,63,9,-1,-1,-1,4,1,4
201601WW50053,1,9,0,18,0,0,0,0,0,0,4,1,6,3,-1,-1,1797,8,5,-1,-1,-1
201601WW50054,1,9,0,5,0,1,0,0,0,0,3,1,6,1,36,7,1396,1,7,7,1,7
201601WW50054,2,3,0,18,0,1,1,0,0,0,1,1,1,1,22,5,108,1,1,4,1,4
201601WW50055,1,9,0,9,0,1,0,0,0,0,1,1,6,2,56,9,1596,1,1,4,1,4
201601WW50055,2,5,0,18,0,1,0,0,0,0,3,1,6,1,27,6,599,1,9,7,1,7
201601WW50056,1,9,0,7,0,8,0,0,0,0,4,1,6,1,44,7,-1,-1,-1,-1,-1,-1
201601WW50058,1,19,0,9,0,1,0,0,0,0,1,1,1,1,52,8,2402,2,14,4,1,4
201601WW50059,1,3,0,14,0,1,0,0,0,0,4,1,6,1,43,7,125,1,3,6,1,6
201601WW50059,2,9,0,9,0,1,0,0,0,0,3,1,6,1,54,8,1988,1,14,2,1,2
201601WW50060,1,8,0,18,0,0,0,0,0,0,1,1,6,1,-1,-1,1797,8,6,-1,-1,-1
201601WW50061,1,9,0,5,0,0,0,4,0,0,3,1,6,1,53,8,2494,1,13,3,1,3
201601WW50061,2,11,0,18,0,0,0,0,0,0,4,1,2,1,52,8,6700,2,7,3,1,3
201601WW50061,3,19,0,2,0,0,0,0,0,0,3,1,6,1,48,8,1995,2,9,-1,-1,-1
201601WW50063,1,9,0,18,0,2,0,0,0,0,3,1,6,2,46,8,1329,1,4,5,1,5
201601WW50063,2,9,0,18,0,1,0,0,0,0,3,1,6,3,-1,-1,-1,-1,-1,-1,-1,-1
201601WW50064,1,5,0,18,0,8,0,0,0,0,3,1,6,1,39,7,471,1,1,3,1,3
201601WW50066,1,8,0,18,0,1,0,0,0,0,1,1,1,1,-1,-1,1968,2,3,-1,-1,-1
201601WW50067,1,9,0,3,0,1,0,0,0,0,2,1,6,1,51,8,1794,1,12,3,1,3
201601WW50067,2,9,0,18,0,1,0,0,0,0,1,1,6,1,40,7,1598,1,11,7,1,7
201601WW50069,1,3,0,14,0,0,0,0,0,0,1,1,6,1,-1,-1,108,1,4,-1,-1,-1
201601WW50072,1,1,0,18,0,0,0,0,0,0,3,1,6,1,46,8,-1,-1,-1,8,1,8
201601WW50072,2,9,0,11,0,0,0,0,0,0,1,1,6,1,-1,-1,1395,1,1,-1,-1,-1
201601WW50073,1,3,0,18,0,1,1,0,0,0,0,1,1,1,19,4,108,1,2,-1,-1,-1
201601WW50074,1,1,0,18,0,8,0,0,0,0,1,1,6,1,50,8,-1,-1,-1,2,1,2
201601WW50074,2,9,0,9,0,8,0,0,0,0,3,1,6,1,-1,-1,1560,2,5,-1,-1,-1
201601WW50075,1,11,0,18,0,1,0,0,0,0,0,1,1,3,-1,-1,-1,-1,-1,-1,-1,-1
201601WW50077,1,9,0,2,0,0,0,0,0,0,4,1,6,2,52,8,1198,1,1,5,1,5
201601WW50077,2,9,0,18,0,0,0,8,0,0,1,1,6,3,-1,-1,-1,-1,-1,-1,-1,-1
201601WW50079,1,9,0,18,0,8,0,0,0,0,3,1,6,1,46,8,-1,-1,-1,10,1,10
201601WW50079,2,9,0,18,0,8,0,0,0,0,1,1,6,1,43,7,1995,2,3,8,1,8