Accident_Index,Vehicle_Reference,Vehicle_Type,Towing_and_Articulation,Vehicle_Manoeuvre,Vehicle_Location-Restricted_Lane,Junction_Location,Skidding_and_Overturning,Hit_Object_in_Carriageway,Vehicle_Leaving_Carriageway,Hit_Object_off_Carriageway,1st_Point_of_Impact,Was_Vehicle_Left_Hand_Drive?,Journey_Purpose_of_Driver,Sex_of_Driver,Age_of_Driver,Age_Band_of_Driver,Engine_Capacity_(CC),Propulsion_Code,Age_of_Vehicle,Driver_IMD_Decile,Driver_Home_Area_Type,Vehicle_IMD_Decile
201601WW50080,1,9,0,17,0,8,0,0,0,0,4,1,6,2,32,6,1995,2,4,4,1,4
201601WW50081,1,8,0,9,0,8,0,0,0,0,4,1,6,1,49,8,1984,1,6,4,1,4
201601WW50081,2,9,0,18,0,8,0,0,0,0,1,1,6,2,46,8,1597,1,19,1,1,1
201601WW50082,1,19,0,18,0,8,0,0,0,0,1,1,6,1,31,6,2198,2,4,-1,-1,-1
201601WW50083,1,9,0,18,0,8,0,0,0,0,1,1,6,1,79,11,1769,1,14,1,1,1
201601WW50084,1,8,0,9,0,8,0,0,0,0,1,1,1,1,61,9,1797,8,5,7,1,7
201601WW50084,2,3,0,18,0,8,0,0,0,0,1,1,6,1,27,6,125,1,4,-1,-1,-1
201601WW50085,1,9,0,9,0,8,0,0,0,0,1,1,6,2,31,6,1199,1,12,6,1,6
201601WW50085,2,9,0,9,0,8,0,0,0,0,1,1,6,1,45,7,1598,1,8,3,1,3
201601WW50086,1,9,0,18,0,8,0,0,0,0,1,1,6,1,33,6,2993,2,11,5,1,5
201601WW50086,2,8,0,4,0,8,0,0,0,0,2,1,6,1,36,7,1956,2,4,4,1,4
201601WW50087,1,5,0,18,0,8,0,0,0,0,1,1,6,1,45,7,779,1,3,8,1,8
201601WW50088,1,9,0,18,0,8,0,0,0,0,4,1,6,1,24,5,1598,1,6,3,1,3
201601WW50088,2,9,0,9,0,8,0,0,0,0,3,1,6,2,27,6,1968,2,4,3,1,3
201601WW50089,1,9,0,7,0,8,0,10,1,10,3,1,6,2,31,6,1332,1,19,2,1,2
201601WW50090,1,3,0,16,0,0,0,0,0,0,1,1,6,1,28,6,125,1,8,4,1,4
201601WW50090,2,9,0,11,0,0,0,0,0,0,4,1,6,1,57,9,1323,1,16,3,1,3
201601WW50091,1,9,0,6,0,8,0,0,0,0,3,1,6,1,38,7,1560,2,1,9,1,9
201601WW50091,2,3,0,18,0,8,0,0,0,0,1,1,6,1,30,6,124,1,6,4,1,4
201601WW50092,1,9,0,18,0,8,0,0,0,0,1,1,6,1,59,9,1248,1,2,8,1,8
201601WW50093,1,19,0,18,0,8,0,0,0,0,4,1,6,1,35,6,1598,2,1,10,1,10
201601WW50093,2,20,0,2,0,8,0,0,0,0,0,1,1,1,47,8,2143,2,6,2,1,2
201601WW50095,1,9,0,9,0,8,0,0,0,0,1,1,6,1,43,7,1968,2,1,5,1,5
201601WW50095,2,2,0,9,0,8,0,0,0,0,4,1,6,1,55,8,49,1,4,2,1,2
201601WW50096,1,9,0,18,0,8,0,0,0,0,4,1,6,1,-1,-1,-1,-1,-1,-1,-1,-1
201601WW50097,1,3,0,13,0,0,0,0,0,0,3,1,6,2,47,8,125,1,1,7,1,7
201601WW50097,2,1,0,9,0,0,0,0,0,0,1,1,6,1,-1,-1,-1,-1,-1,6,1,6
201601WW50098,1,11,0,4,0,8,0,0,0,0,1,1,1,1,39,7,-1,-1,-1,4,1,4
201601WW50098,2,9,0,11,0,8,0,0,0,0,2,1,6,1,-1,-1,2398,1,18,6,1,6
201601WW50099,1,1,0,18,0,8,0,0,0,0,1,1,6,1,31,6,-1,-1,-1,4,1,4
201601WW50099,2,9,0,9,0,8,0,0,0,0,4,1,6,1,46,8,1596,1,11,2,1,2
201601WW50100,1,1,0,17,0,8,0,0,0,0,1,1,6,2,26,6,-1,-1,-1,3,1,3
201601WW50100,2,19,0,16,0,8,0,0,0,0,4,1,1,1,-1,-1,-1,-1,-1,-1,-1,-1
201601WW50101,1,19,0,9,0,8,0,0,0,0,1,1,6,1,59,9,2143,2,1,8,1,8
201601WW50101,2,1,0,13,0,8,0,0,0,0,1,1,6,1,25,5,-1,-1,-1,6,1,6
201601WW50102,1,9,0,18,0,8,0,0,0,0,2,1,6,1,27,6,1360,1,13,3,1,3
201601WW50102,2,9,0,18,0,8,0,0,0,0,3,1,6,1,32,6,2720,2,9,-1,-1,-1
201601WW50103,1,8,0,18,0,0,0,4,0,0,1,1,1,1,-1,-1,-1,-1,-1,-1,-1,-1
201601WW50103,2,8,0,2,0,0,0,0,0,0,2,1,1,3,-1,-1,-1,-1,-1,-1,-1,-1
201601WW50105,1,19,0,18,0,0,0,0,0,0,2,1,1,1,30,6,2198,2,5,8,1,8
201601WW50105,2,19,0,18,0,0,0,0,0,0,1,1,1,1,-1,-1,-1,-1,-1,-1,-1,-1
201601WW50106,1,11,0,5,0,8,0,0,0,0,0,1,6,1,50,8,7300,2,14,4,1,4
201601WW50107,1,1,0,9,0,8,0,0,0,0,3,1,6,1,52,8,-1,-1,-1,10,1,10
201601WW50107,2,9,0,18,0,8,0,0,0,0,1,1,6,1,-1,-1,2993,2,1,-1,-1,-1
201601WW50108,1,8,0,9,0,8,0,0,0,0,1,1,6,1,46,8,2664,2,16,5,1,5
201601WW50108,2,1,0,18,0,8,0,0,0,0,1,1,6,1,32,6,-1,-1,-1,7,1,7
201601WW50109,1,9,0,3,0,8,0,0,0,0,1,1,6,1,31,6,1995,2,8,5,1,5
201601WW50109,2,9,0,1,0,8,0,0,0,0,2,1,6,1,-1,-1,1970,1,11,-1,-1,-1
201601WW50110,1,9,0,18,0,0,0,0,0,0,1,1,6,1,36,7,2143,2,1,2,1,2
201601WW50110,2,11,0,12,0,0,0,0,0,0,1,1,1,1,-1,-1,4500,2,5,-1,-1,-1
201601WW50111,1,9,0,18,0,8,0,0,0,0,1,1,6,1,35,6,2993,2,6,6,1,6
201601WW50111,2,9,0,18,0,8,0,0,0,0,3,1,6,1,21,5,1900,2,17,6,1,6
201601WW50112,1,9,0,10,0,8,0,0,0,0,2,1,6,2,32,6,1598,1,1,3,1,3
201601WW50112,2,9,0,18,0,8,0,0,0,0,1,1,6,1,-1,-1,1896,2,15,-1,-1,-1
201601WW50114,1,1,0,16,0,8,0,0,0,0,1,1,6,1,49,8,-1,-1,-1,3,1,3
201601WW50114,2,19,0,9,0,8,0,0,0,0,4,1,1,1,-1,-1,-1,-1,-1,-1,-1,-1
201601WW50115,1,9,0,17,0,2,0,0,0,0,1,1,6,1,27,6,1061,1,11,5,1,5
201601WW50115,2,19,0,16,0,1,0,0,0,0,1,1,6,1,46,8,1968,2,6,9,1,9
201601WW50116,1,1,0,18,0,8,0,0,0,0,1,1,6,1,44,7,-1,-1,-1,8,1,8
201601WW50116,2,9,0,9,0,8,0,0,0,0,1,1,6,1,-1,-1,-1,-1,-1,5,1,5
201601WW50117,1,8,0,9,0,8,0,0,0,0,1,1,1,1,-1,-1,-1,-1,-1,-1,-1,-1
201601WW50118,1,9,0,18,0,8,0,0,0,0,1,1,6,1,83,11,-1,-1,-1,5,1,5
201601WW50119,1,3,0,13,0,8,0,0,0,0,1,1,6,1,20,4,124,1,15,6,1,6
201601WW50119,2,9,0,9,0,8,0,0,0,0,3,1,6,1,67,10,1991,1,1,10,1,10
201601WW50119,3,9,0,2,0,8,0,0,0,0,4,1,6,1,43,7,1968,2,3,9,1,9
201601WW50120,1,9,0,9,0,8,0,0,0,0,1,1,6,2,41,7,1240,1,7,5,1,5
201601WW50120,2,9,0,18,0,8,0,4,0,0,2,1,6,2,51,8,1999,1,9,2,1,2
201601WW50120,3,9,0,2,0,8,0,10,0,0,2,1,6,2,31,6,1560,2,3,5,1,5
201601WW50120,4,9,0,2,0,8,0,4,0,0,2,1,6,2,-1,-1,1896,2,8,7,1,7
201601WW50120,5,9,0,2,0,8,0,0,0,0,2,1,6,1,46,8,1995,2,4,-1,-1,-1
201601WW50122,1,3,0,18,0,0,0,0,0,0,1,1,6,1,32,6,125,1,10,5,1,5
201601WW50123,1,9,0,17,0,1,0,0,0,0,1,1,6,1,29,6,973,1,16,10,1,10
201601WW50123,2,9,0,10,0,8,0,0,0,0,2,1,6,1,35,6,1797,8,5,3,1,3
201601WW50124,1,9,0,9,0,8,0,0,0,0,4,1,6,1,50,8,1229,1,11,2,1,2
201601WW50124,2,9,0,18,0,8,0,0,0,0,1,1,6,3,-1,-1,-1,-1,-1,-1,-1,-1
201601WW50125,1,9,0,7,0,8,0,0,0,0,1,1,6,2,59,9,2494,8,1,3,1,3
201601WW50125,2,1,0,18,0,8,0,0,0,0,1,1,6,1,27,6,-1,-1,-1,-1,-1,-1
201601WW50126,1,11,0,18,0,8,0,0,0,0,1,1,6,1,53,8,3900,2,14,8,1,8
201601WW50130,1,9,0,12,0,0,0,0,0,0,3,1,6,1,24,5,1598,2,3,4,1,4
201601WW50130,2,3,0,18,0,0,0,0,0,0,4,1,6,1,28,6,49,1,1,8,1,8
201601WW50132,1,9,0,7,0,8,0,0,0,0,1,1,6,1,89,11,1299,1,14,6,1,6
201601WW50132,2,9,0,18,0,8,0,0,0,0,4,1,6,1,39,7,1968,2,5,5,1,5
201601WW50133,1,9,0,9,0,8,0,0,0,0,1,1,6,1,65,9,1061,1,12,3,1,3
201601WW50133,2,1,0,18,0,8,0,0,0,0,1,1,6,1,29,6,-1,-1,-1,4,1,4
201601WW50134,1,9,0,14,0,8,0,0,0,0,1,1,6,2,70,10,2926,2,11,7,1,7
201601WW50135,1,9,0,9,0,8,0,0,0,0,3,1,6,1,35,6,1956,2,5,7,1,7
201601WW50135,2,5,0,18,0,8,0,0,0,0,1,1,6,1,35,6,599,1,17,5,1,5
201601WW50136,1,9,0,18,0,8,0,0,0,0,4,1,6,2,26,6,1796,2,3,5,1,5
201601WW50136,2,9,0,18,0,8,0,0,0,0,1,1,6,2,27,6,1398,2,13,5,1,5
201601WW50137,1,9,0,16,0,8,0,0,0,0,1,1,6,1,60,9,1390,1,2,4,1,4
201601WW50139,1,3,0,18,0,0,0,0,0,0,1,1,6,1,21,5,124,1,2,7,1,7
201601WW50140,1,3,0,4,0,8,0,0,0,0,1,1,1,1,33,6,108,1,-1,8,1,8
201601WW50140,2,9,0,18,0,8,0,0,0,0,2,1,6,2,27,6,1242,1,5,3,1,3
201601WW50141,1,1,0,17,0,8,0,0,0,0,1,1,6,2,46,8,-1,-1,-1,5,1,5
201601WW50141,2,19,0,9,0,8,0,0,0,0,1,1,1,3,-1,-1,-1,-1,-1,-1,-1,-1
201601WW50143,1,5,0,9,0,8,0,0,0,0,4,1,2,1,31,6,599,1,8,4,1,4
201601WW50143,2,9,0,18,0,8,0,0,0,0,2,1,6,1,45,7,1997,2,5,2,1,2
201601WW50144,1,11,0,4,0,1,0,0,0,0,0,1,6,1,50,8,6700,2,5,2,1,2
201601WW50145,1,3,0,13,0,8,0,0,0,0,1,1,6,1,40,7,124,1,5,6,1,6
201601WW50145,2,21,0,9,0,8,0,0,0,0,3,1,6,1,42,7,5193,2,-1,10,1,10
201601WW50146,1,8,0,17,0,8,0,0,0,0,2,1,1,1,43,7,1339,8,7,2,1,2
201601WW50146,2,9,0,17,0,8,0,0,0,0,1,1,6,1,-1,-1,-1,-1,-1,-1,-1,-1
201601WW50147,1,9,0,18,0,0,0,0,0,0,1,1,6,1,54,8,-1,-1,-1,5,1,5
201601WW50148,1,5,0,18,0,8,0,0,0,0,1,1,6,1,48,8,883,1,5,5,1,5
201601WW50148,2,9,0,9,0,8,0,0,0,0,1,1,6,1,-1,-1,-1,-1,-1,-1,-1,-1
201601WW50150,1,3,0,18,0,8,0,0,0,0,1,1,6,1,37,7,-1,-1,-1,4,1,4
201601WW50150,2,9,0,9,0,8,0,0,0,0,1,1,6,1,36,7,1560,2,1,8,1,8
201601WW50151,1,1,0,18,0,8,0,0,0,0,3,1,6,2,52,8,-1,-1,-1,6,1,6
201601WW50151,2,9,0,11,0,8,0,0,0,0,1,1,6,1,71,10,1598,1,16,7,1,7
201601WW50152,1,9,0,18,0,8,0,0,0,0,1,1,6,1,53,8,1973,1,18,3,1,3
201601WW50152,2,19,0,3,0,8,0,0,0,0,2,1,6,1,22,5,1248,2,2,2,1,2
201601WW50152,3,9,0,3,0,8,0,0,0,0,2,1,6,1,54,8,1968,2,4,9,3,9
201601WW50153,1,9,0,18,0,0,0,0,0,0,3,1,6,2,30,6,1598,2,3,2,1,2
201601WW50153,2,9,0,18,0,0,0,0,0,0,4,1,6,1,-1,-1,1364,1,10,-1,-1,-1
201601WW50154,1,9,0,9,0,8,0,0,0,0,1,1,6,1,42,7,1390,1,14,9,1,9
201601WW50154,2,8,0,18,0,8,0,0,0,0,3,1,2,2,33,6,1798,8,3,7,1,7
201601WW50155,1,9,0,9,0,8,0,0,0,0,1,1,6,1,38,7,1798,1,6,7,1,7
201601WW50155,2,3,0,18,0,8,0,0,0,0,1,1,6,1,50,8,125,1,8,4,1,4
201601WW50157,1,9,0,9,0,8,0,0,0,0,1,1,6,1,61,9,1685,2,5,-1,3,-1
201601WW50157,2,3,0,18,0,8,0,0,0,0,1,1,6,1,31,6,125,1,3,2,1,2
201601WW50158,1,9,0,18,0,8,0,0,0,0,1,1,6,2,34,6,1461,2,1,4,1,4
201601WW50158,2,9,0,9,0,8,0,0,0,0,1,1,6,2,43,7,1598,2,5,7,1,7
201601WW50160,1,1,0,18,0,8,0,0,0,0,1,1,6,1,22,5,-1,-1,-1,2,1,2
201601WW50160,2,9,0,9,0,8,0,0,0,0,1,1,6,1,35,6,1797,8,5,4,1,4
201601WW50161,1,9,0,18,0,8,0,0,0,0,1,1,6,3,-1,-1,-1,-1,-1,-1,-1,-1
201601WW50162,1,9,0,7,0,8,0,0,0,0,1,1,6,2,47,8,2996,1,9,8,1,8
201601WW50162,2,1,0,18,0,8,0,0,0,0,1,1,6,1,50,8,-1,-1,-1,6,1,6
201601WW50163,1,9,0,18,0,8,0,0,0,0,4,1,6,1,31,6,1560,2,3,8,1,8
201601WW50164,1,1,0,14,0,8,0,0,0,0,1,1,6,1,36,7,-1,-1,-1,3,1,3
201601WW50166,1,9,0,9,0,8,0,0,0,0,1,1,6,2,25,5,1461,2,3,8,1,8
201601WW50166,2,1,0,18,0,8,0,0,0,0,1,1,6,1,59,9,-1,-1,-1,5,1,5
201601WW50168,1,9,0,18,0,8,0,0,0,0,1,1,6,1,21,5,1229,1,9,2,1,2
201601WW50169,1,8,0,9,0,8,0,0,0,0,1,1,1,1,49,8,1798,8,2,4,1,4
201601WW50169,2,3,0,14,0,8,0,0,0,0,1,1,6,1,31,6,-1,-1,-1,3,1,3
201601WW50170,1,9,0,9,0,8,0,0,0,0,1,1,6,1,52,8,1998,1,12,4,1,4
201601WW50171,1,8,0,18,0,0,0,0,0,0,3,1,6,1,30,6,1968,2,6,8,1,8
201601WW50171,2,9,0,18,0,0,0,0,0,0,4,1,6,1,-1,-1,-1,-1,-1,-1,-1,-1
201601WW50172,1,8,0,3,0,0,0,0,0,0,4,1,6,1,62,9,2402,2,14,9,1,9
201601WW50172,2,1,0,18,0,0,0,0,0,0,1,1,6,1,65,9,-1,-1,-1,5,1,5
201601WW50173,1,11,0,5,0,8,0,0,0,0,0,1,1,1,51,8,6700,2,7,4,1,4
201601WW50175,1,9,0,14,0,8,0,0,0,0,1,1,6,2,24,5,1796,2,3,4,1,4
201601WW50175,2,9,0,9,0,8,0,0,0,0,1,1,6,2,40,7,1498,1,8,9,1,9
201601WW50176,1,11,0,5,0,8,0,0,0,0,0,1,1,1,53,8,7300,2,14,3,1,3
201601WW50177,1,3,0,18,0,8,0,0,0,0,3,1,6,1,52,8,124,1,4,8,1,8
201601WW50177,2,9,0,18,0,8,0,0,0,0,4,1,6,3,-1,-1,-1,-1,-1,-1,-1,-1
201601WW50178,1,9,0,9,0,8,0,0,0,0,4,1,6,1,-1,-1,-1,-1,-1,-1,-1,-1
201601WW50178,2,1,0,18,0,8,0,0,0,0,1,1,6,1,28,6,-1,-1,-1,8,1,8
201601WW50179,1,9,0,9,0,8,0,0,0,0,4,1,6,1,85,11,1388,1,7,3,1,3
201601WW50179,2,9,0,18,0,8,0,0,0,0,1,1,6,2,71,10,1198,1,5,9,1,9
201601WW50180,1,3,0,18,0,0,0,0,0,0,1,1,6,1,49,8,124,1,6,5,1,5
201601WW50181,1,9,0,1,0,8,0,0,0,0,2,1,6,1,60,9,1951,2,11,3,1,3
201601WW50181,2,3,0,3,0,8,0,0,0,0,1,1,6,1,28,6,108,1,1,2,1,2
201601WW50182,1,9,0,9,0,8,0,0,0,0,1,1,6,1,47,8,-1,-1,-1,6,1,6
201601WW50182,2,9,0,9,0,8,0,0,0,0,1,1,6,1,44,7,1797,8,5,-1,-1,-1
201601WW50183,1,9,0,18,0,8,0,0,0,0,1,1,6,2,53,8,1598,1,11,5,1,5
201601WW50183,2,19,0,18,0,8,0,0,0,0,1,1,1,1,39,7,-1,-1,-1,3,1,3
201601WW50183,3,9,0,2,0,8,0,0,0,0,4,1,6,1,-1,-1,1461,2,2,-1,-1,-1
201601WW50183,4,9,0,2,0,8,0,0,0,0,1,1,6,3,-1,-1,-1,-1,-1,-1,-1,-1
201601WW50183,5,9,0,2,0,8,0,0,0,0,1,1,6,3,-1,-1,1968,2,5,-1,-1,-1
201601WW50184,1,9,0,18,0,8,0,0,0,0,1,1,6,1,33,6,1400,1,9,8,1,8
201601WW50184,2,9,0,18,0,8,0,0,0,0,3,1,6,1,28,6,2495,2,16,9,1,9
201601WW50185,1,9,0,18,0,8,0,0,0,0,1,1,6,2,25,5,1598,1,10,8,1,8
201601WW50185,2,1,0,9,0,8,0,0,0,0,1,1,6,1,48,8,-1,-1,-1,2,1,2
201601WW50186,1,1,0,18,0,8,0,0,0,0,1,1,6,2,32,6,-1,-1,-1,6,1,6
201601WW50186,2,8,0,9,0,8,0,0,0,0,1,1,1,1,-1,-1,1198,1,7,-1,-1,-1
201601WW50187,1,1,0,18,0,0,0,0,0,0,1,1,6,1,-1,-1,-1,-1,-1,-1,-1,-1
201601WW50188,1,9,0,18,0,0,0,0,0,0,0,1,6,1,74,10,1995,2,3,8,1,8
201601WW50189,1,3,0,18,0,8,0,0,0,0,1,1,6,1,27,6,125,1,5,3,1,3
201601WW50189,2,9,0,6,0,8,0,0,0,0,3,1,6,1,50,8,1686,2,6,6,1,6
201601WW50190,1,9,0,18,0,8,0,0,0,0,1,1,6,2,50,8,1590,1,15,3,1,3
201601WW50190,2,9,0,9,0,8,0,0,0,0,1,1,6,1,-1,-1,-1,-1,-1,-1,-1,-1
201601WW50191,1,9,0,18,0,0,0,0,0,0,1,1,6,1,19,4,2204,2,8,4,1,4
201601WW50192,1,3,0,18,0,8,0,0,0,0,1,1,6,1,22,5,125,1,1,2,1,2
201601WW50192,2,19,0,9,0,8,0,0,0,0,3,1,1,1,51,8,1995,2,5,3,1,3
201601WW50193,1,19,0,9,0,8,0,0,0,0,3,1,6,1,54,8,2488,2,4,8,1,8
201601WW50193,2,3,0,13,0,8,0,0,0,0,1,1,6,1,28,6,-1,-1,-1,4,1,4
201601WW50194,1,9,0,18,0,0,0,0,0,0,4,1,6,1,26,6,1968,2,5,2,1,2
201601WW50194,2,1,0,18,0,0,0,0,0,0,3,1,6,1,42,7,-1,-1,-1,6,1,6
201601WW50195,1,9,0,18,0,0,0,4,1,10,1,1,6,2,31,6,1769,1,14,4,1,4
201601WW50195,2,9,0,2,0,0,0,0,0,0,2,1,6,2,44,7,1242,1,11,3,1,3
201601WW50196,1,5,0,17,0,8,0,0,0,0,3,1,6,1,30,6,865,1,1,4,1,4
201601WW50196,2,9,0,9,0,8,0,0,0,0,1,1,6,1,-1,-1,1896,2,15,-1,-1,-1
201601WW50197,1,3,0,16,0,8,0,0,0,0,1,1,6,1,17,4,124,1,6,-1,-1,-1
201601WW50197,2,9,0,9,0,8,0,0,0,0,1,1,6,2,20,4,1364,1,10,4,1,4
201601WW50198,1,8,0,12,0,1,0,0,0,0,1,1,6,1,45,7,1797,8,5,3,1,3
201601WW50198,2,1,0,18,0,2,0,0,0,0,1,1,6,1,53,8,-1,-1,-1,2,1,2
201601WW50199,1,3,0,18,0,8,0,0,0,0,3,1,6,1,24,5,-1,-1,-1,3,1,3
201601WW50200,1,9,0,18,0,1,0,0,0,0,1,1,6,1,36,7,1999,2,1,7,1,7
201601WW50200,2,9,0,18,0,1,0,0,0,0,2,1,6,1,22,5,-1,-1,-1,4,1,4
201601WW50200,3,9,0,18,0,8,0,0,0,0,1,1,6,1,58,9,2496,2,11,8,3,8
201601WW50201,1,8,0,14,0,0,0,0,0,0,1,1,6,1,36,7,-1,-1,-1,3,1,3
201601WW50202,1,3,0,14,0,8,0,0,0,0,1,1,6,1,26,6,124,1,6,5,1,5
201601WW50202,2,9,0,9,0,8,0,0,0,0,1,1,6,2,50,8,1386,1,10,-1,-1,-1
201601WW50203,1,5,0,18,0,8,0,0,0,0,3,1,2,1,34,6,599,1,6,9,1,9
201601WW50203,2,19,0,7,0,8,0,0,0,0,4,1,6,1,28,6,1248,2,5,5,3,5
201601WW50204,1,9,0,18,0,8,0,0,0,0,1,1,6,3,-1,-1,-1,-1,-1,-1,-1,-1
201601WW50205,1,8,0,18,0,0,0,0,0,0,1,1,1,1,41,7,1997,2,5,3,1,3
201601WW50206,1,9,0,9,0,8,0,0,0,0,1,1,6,1,-1,-1,-1,-1,-1,-1,-1,-1
201601WW50207,1,9,0,18,0,8,0,0,0,0,3,1,6,1,49,8,1995,2,11,-1,-1,-1
201601WW50208,1,3,0,18,0,8,0,0,0,0,1,1,6,1,18,4,125,1,10,5,1,5
201601WW50208,2,5,0,10,0,8,0,0,0,0,2,1,6,1,39,7,675,1,5,8,1,8
201601WW50209,1,19,0,18,0,0,0,0,0,0,2,1,1,1,61,9,2287,2,2,-1,-1,-1
201601WW50209,2,20,0,18,0,0,0,0,0,0,2,1,1,1,38,7,-1,-1,-1,2,1,2
201601WW50209,3,9,0,18,0,0,0,0,0,0,2,1,1,1,28,6,-1,-1,-1,1,1,1
201601WW50209,4,11,0,18,0,0,0,0,0,0,1,1,1,2,41,7,4500,2,2,2,1,2
201601WW50210,1,9,0,18,0,8,0,0,0,0,1,2,6,2,30,6,1598,2,2,7,1,7
201601WW50210,2,9,0,2,0,8,0,0,0,0,2,1,6,1,28,6,1390,1,2,4,1,4
201601WW50211,1,3,0,18,0,0,0,0,0,0,1,1,6,1,-1,-1,-1,-1,-1,-1,-1,-1
201601WW50212,1,9,0,4,0,0,0,0,0,0,2,1,6,1,45,7,2494,2,14,8,1,8
201601WW50212,2,3,0,18,0,0,0,0,0,0,1,1,6,1,31,6,125,1,1,-1,-1,-1
201601WW50213,1,8,0,18,0,8,0,0,0,0,4,1,6,1,39,7,1797,8,5,8,1,8
201601WW50213,2,9,0,18,0,8,0,0,0,0,1,1,6,1,-1,-1,1995,2,12,-1,-1,-1
201601WW50214,1,9,0,18,0,8,0,0,0,0,3,1,6,1,27,6,1796,1,5,2,1,2
201601WW50214,2,1,0,18,0,8,0,0,0,0,1,1,6,2,27,6,-1,-1,-1,4,1,4
201601WW50215,1,9,0,18,0,8,0,10,3,10,1,1,6,2,62,9,2494,1,14,9,1,9
201601WW50216,1,9,0,9,0,8,0,10,3,2,1,1,3,2,43,7,1299,1,15,-1,-1,-1
201601WW50217,1,9,0,12,0,8,0,0,0,0,1,1,6,1,27,6,1995,2,1,5,1,5
201601WW50217,2,9,0,18,0,8,0,0,0,0,3,1,6,1,34,6,1229,1,3,3,1,3
201601WW50217,3,9,0,18,0,8,0,0,0,0,3,1,6,1,25,5,1242,1,6,7,1,7
201601WW50218,1,9,0,9,0,8,0,0,0,0,3,1,6,1,59,9,1598,1,8,5,1,5
201601WW50218,2,3,0,18,0,8,0,0,0,0,1,1,6,1,45,7,125,1,4,7,1,7
201601WW50219,1,3,0,18,0,8,0,0,0,0,1,1,6,1,32,6,108,1,-1,3,1,3
201601WW50219,2,9,0,2,0,8,0,0,0,0,3,1,6,2,30,6,1796,1,12,10,1,10
201601WW50220,1,1,0,18,0,8,0,0,0,0,3,1,6,1,37,7,-1,-1,-1,9,1,9
201601WW50220,2,9,0,18,0,8,0,0,0,0,1,1,6,2,-1,-1,1598,1,6,6,1,6
201601WW50221,1,1,0,18,0,2,0,0,0,0,1,1,6,1,29,6,-1,-1,-1,7,1,7
201601WW50221,2,9,0,2,0,2,0,0,0,0,3,1,6,1,-1,-1,-1,-1,-1,-1,-1,-1
201601WW50222,1,11,0,3,0,8,0,0,0,0,0,1,1,2,36,7,8300,2,10,6,1,6
201601WW50223,1,8,0,9,0,8,0,0,0,0,0,1,1,1,61,9,1497,8,8,6,1,6
201601WW50223,2,3,0,18,0,8,0,0,0,0,3,1,1,1,28,6,125,1,7,6,1,6
201601WW50224,1,5,0,13,0,8,0,0,0,0,1,1,6,1,52,8,996,1,11,5,1,5
201601WW50224,2,8,0,9,0,8,0,0,0,0,3,1,1,1,25,5,1797,8,5,4,1,4
201601WW50225,1,9,0,9,0,8,0,0,0,0,3,1,6,2,46,8,-1,-1,-1,3,1,3
201601WW50225,2,1,0,13,0,8,0,0,0,0,1,1,6,2,28,6,-1,-1,-1,4,1,4
201601WW50226,1,9,0,9,0,8,0,0,0,0,3,1,6,1,31,6,2179,2,4,6,1,6
201601WW50226,2,1,0,18,0,8,0,0,0,0,1,1,6,1,52,8,-1,-1,-1,-1,-1,-1
201601WW50227,1,9,5,17,0,8,0,0,0,0,0,1,6,1,48,8,2300,1,16,6,1,6
201601WW50227,2,9,0,17,0,8,0,10,3,10,1,1,6,2,35,6,1798,1,8,3,1,3
201601WW50228,1,3,0,18,0,2,0,0,0,0,3,1,6,1,24,5,108,1,2,1,1,1
201601WW50228,2,8,0,12,0,2,0,0,0,0,0,1,6,1,43,7,1798,8,2,2,1,2
201601WW50229,1,1,0,18,0,8,0,0,0,0,0,1,6,1,31,6,-1,-1,-1,5,1,5
201601WW50229,2,9,0,9,0,8,0,0,0,0,0,1,6,3,-1,-1,1560,2,1,-1,-1,-1
201601WW50231,1,9,0,18,0,0,0,0,0,0,1,1,6,2,44,7,1598,1,8,3,1,3
201601WW50232,1,19,0,9,0,8,0,0,0,0,3,1,6,1,35,6,-1,-1,-1,4,1,4
201601WW50232,2,3,0,13,0,8,0,0,0,0,1,1,6,1,18,4,-1,-1,-1,7,1,7
201601WW50233,1,9,0,18,0,0,0,0,0,0,0,1,6,3,-1,-1,-1,-1,-1,-1,-1,-1
201601WW50234,1,11,0,18,0,8,0,0,0,0,4,1,1,1,47,8,5132,2,1,3,1,3
201601WW50234,2,1,0,12,0,8,0,0,0,0,3,1,6,1,-1,-1,-1,-1,-1,5,1,5
201601WW50235,1,1,0,18,0,8,0,0,0,0,1,1,6,2,30,6,-1,-1,-1,6,1,6
201601WW50235,2,19,0,9,0,8,0,0,0,0,3,1,1,1,-1,-1,1248,2,5,3,1,3
201601WW50236,1,9,0,18,0,8,0,0,0,0,1,1,6,1,63,9,1910,2,10,6,1,6
201601WW50238,1,1,0,18,0,2,0,8,0,0,1,1,6,2,35,6,-1,-1,-1,6,1,6
201601WW50238,2,9,0,2,0,2,0,0,0,0,3,1,6,3,-1,-1,-1,-1,-1,-1,-1,-1
201601WW50239,1,9,0,6,0,1,0,0,0,0,3,1,6,1,44,7,1969,2,-1,6,1,6
201601WW50239,2,5,0,13,0,1,0,0,0,0,1,1,6,1,40,7,-1,-1,-1,5,1,5
201601WW50240,1,9,0,18,0,0,2,10,2,1,1,1,6,1,27,6,1797,8,5,3,1,3
201601WW50240,2,9,0,2,0,0,0,0,0,0,4,1,6,1,59,9,1968,2,4,5,1,5
201601WW50240,3,9,0,2,0,0,0,0,0,0,4,1,6,2,61,9,1299,1,8,5,1,5
201601WW50241,1,9,0,4,0,8,0,0,0,0,2,1,6,1,59,9,1991,1,1,6,3,6
201601WW50241,2,1,0,18,0,8,0,0,0,0,1,1,6,1,27,6,-1,-1,-1,4,1,4
201601WW50242,1,8,0,7,0,8,0,0,0,0,4,1,6,1,46,8,1997,2,1,9,1,9
201601WW50242,2,5,0,18,0,8,0,0,0,0,1,1,6,1,49,8,471,1,2,6,1,6