Accident_Index,Vehicle_Reference,Vehicle_Type,Towing_and_Articulation,Vehicle_Manoeuvre,Vehicle_Location-Restricted_Lane,Junction_Location,Skidding_and_Overturning,Hit_Object_in_Carriageway,Vehicle_Leaving_Carriageway,Hit_Object_off_Carriageway,1st_Point_of_Impact,Was_Vehicle_Left_Hand_Drive?,Journey_Purpose_of_Driver,Sex_of_Driver,Age_of_Driver,Age_Band_of_Driver,Engine_Capacity_(CC),Propulsion_Code,Age_of_Vehicle,Driver_IMD_Decile,Driver_Home_Area_Type,Vehicle_IMD_Decile
201601WW50407,1,9,0,16,0,8,0,0,0,0,1,1,6,2,30,6,1390,1,3,5,1,5
201601WW50407,2,9,0,16,0,8,0,0,0,0,2,1,6,1,46,8,1600,1,18,4,1,4
201601WW50408,1,3,0,18,0,8,0,0,0,0,3,1,6,1,18,4,-1,-1,-1,4,1,4
201601WW50409,1,3,0,18,0,8,0,0,0,0,1,1,6,1,36,7,108,1,6,-1,-1,-1
201601WW50411,1,10,0,18,0,0,0,0,0,0,2,1,1,1,-1,-1,-1,-1,-1,-1,-1,-1
201601WW50411,2,9,0,18,0,0,0,0,0,0,1,1,6,1,61,9,3724,1,13,10,1,10
201601WW50412,1,9,0,18,0,2,0,0,0,0,4,1,6,1,-1,-1,-1,-1,-1,-1,-1,-1
201601WW50412,2,1,0,18,0,2,0,0,0,0,3,1,6,2,59,9,-1,-1,-1,5,1,5
201601WW50413,1,1,0,18,0,8,0,0,0,0,1,1,6,1,45,7,-1,-1,-1,5,1,5
201601WW50414,1,19,0,18,0,0,0,0,0,0,1,1,6,1,21,5,1560,2,-1,10,1,10
201601WW50415,1,8,0,6,0,8,0,0,0,0,4,1,1,1,52,8,1798,8,3,3,1,3
201601WW50415,2,5,0,18,0,8,0,0,0,0,1,1,6,1,37,7,689,1,2,9,1,9
201601WW50416,1,3,0,18,2,0,0,0,0,0,1,1,6,1,26,6,108,1,3,4,1,4
201601WW50417,1,9,0,18,0,8,0,0,0,0,1,1,6,1,18,4,1198,1,10,10,1,10
201601WW50418,1,3,0,18,0,8,0,0,0,0,1,1,6,1,20,4,124,1,2,2,1,2
201601WW50419,1,9,0,9,0,8,0,0,0,0,3,1,6,2,68,10,-1,-1,-1,3,1,3
201601WW50419,2,1,0,18,0,8,0,0,0,0,1,1,6,2,28,6,-1,-1,-1,7,1,7
201601WW50420,1,9,0,7,0,8,0,0,0,0,1,1,6,2,29,6,1339,1,12,6,1,6
201601WW50421,1,9,0,9,0,8,0,0,0,0,1,1,6,1,40,7,2148,2,10,5,1,5
201601WW50421,2,1,0,18,0,8,0,0,0,0,4,1,6,1,32,6,-1,-1,-1,7,1,7
201601WW50422,1,11,0,2,0,0,0,0,0,0,0,1,6,1,38,7,-1,-1,-1,7,1,7
201601WW50423,1,1,0,18,0,8,0,0,0,0,1,1,6,2,36,7,-1,-1,-1,10,1,10
201601WW50423,2,9,0,18,0,8,0,0,0,0,4,1,6,1,44,7,1798,8,1,7,1,7
201601WW50425,1,9,0,4,0,8,0,0,0,0,0,1,1,1,-1,-1,-1,-1,-1,-1,-1,-1
201601WW50425,2,9,0,18,0,8,0,0,0,0,0,1,6,3,-1,-1,-1,-1,-1,-1,-1,-1
201601WW50426,1,1,0,18,0,2,0,0,0,0,1,1,1,1,20,4,-1,-1,-1,-1,-1,-1
201601WW50426,2,9,0,6,0,2,0,0,0,0,3,1,6,1,-1,-1,2497,1,10,-1,-1,-1
201601WW50427,1,9,0,18,0,1,0,0,0,0,1,1,6,1,33,6,1388,1,13,2,1,2
201601WW50427,2,9,0,4,0,1,0,0,0,0,2,1,6,1,39,7,1995,2,10,6,1,6
201601WW50428,1,11,0,5,0,8,0,0,0,0,0,1,6,1,38,7,5132,2,1,4,1,4
201601WW50429,1,9,0,7,0,8,0,0,0,0,4,1,6,2,36,7,1968,2,10,5,1,5
201601WW50429,2,1,0,9,0,8,0,0,0,0,3,1,6,2,57,9,-1,-1,-1,9,1,9
201601WW50430,1,8,0,9,0,8,0,0,0,0,3,1,6,1,56,9,1896,2,8,4,1,4
201601WW50430,2,19,0,17,0,8,0,0,0,0,1,1,6,1,43,7,2400,1,15,4,1,4
201601WW50431,1,9,0,9,0,8,0,0,0,0,1,1,6,2,49,8,1997,1,6,3,1,3
201601WW50431,2,9,0,1,0,8,0,0,0,0,2,1,6,1,-1,-1,2143,2,3,-1,-1,-1
201601WW50432,1,9,0,3,0,1,0,0,0,0,2,1,6,1,32,6,1124,1,10,7,1,7
201601WW50432,2,9,0,18,0,1,0,0,0,0,1,1,6,1,-1,-1,1968,2,1,-1,-1,-1
201601WW50433,1,9,0,17,0,0,0,0,0,0,4,1,6,2,30,6,1598,1,4,5,1,5
201601WW50433,2,1,0,16,0,0,0,0,0,0,3,1,6,1,38,7,-1,-1,-1,5,1,5
201601WW50434,1,8,0,18,0,8,0,0,0,0,1,1,1,1,29,6,2231,2,9,5,1,5
201601WW50434,2,9,0,15,0,8,0,0,0,0,3,1,6,1,-1,-1,1896,2,10,-1,-1,-1
201601WW50435,1,3,0,9,0,8,0,0,0,0,1,1,6,1,21,5,102,1,10,4,1,4
201601WW50435,2,3,0,14,0,8,0,0,0,0,1,1,6,1,-1,-1,125,1,1,-1,-1,-1
201601WW50436,1,9,0,18,0,8,0,0,0,0,3,1,6,2,27,6,698,1,10,3,1,3
201601WW50436,2,9,0,18,0,8,0,0,0,0,4,1,6,2,26,6,1229,1,-1,8,1,8
201601WW50437,1,5,0,18,0,0,0,0,0,0,1,1,2,1,49,8,600,1,11,2,1,2
201601WW50438,1,9,0,9,0,8,0,0,0,0,1,1,6,2,33,6,999,1,4,7,1,7
201601WW50438,2,1,0,18,0,8,0,0,0,0,1,1,6,1,29,6,-1,-1,-1,7,1,7
201601WW50439,1,3,0,18,0,0,0,10,1,2,1,1,6,1,26,6,108,1,2,4,1,4
201601WW50440,1,9,0,18,0,8,0,0,0,0,1,1,6,1,33,6,1598,1,14,1,1,1
201601WW50440,2,5,0,18,0,8,0,0,0,0,1,1,6,1,36,7,-1,-1,-1,9,1,9
201601WW50441,1,9,0,4,0,0,0,0,0,0,2,1,6,1,67,10,1968,2,8,8,1,8
201601WW50441,2,9,0,18,0,0,0,0,0,0,2,1,6,1,39,7,1198,1,6,6,1,6
201601WW50441,3,9,0,18,0,0,0,0,0,0,1,1,6,1,34,6,1497,8,9,4,1,4
201601WW50442,1,1,0,7,0,8,0,0,0,0,3,1,6,2,56,9,-1,-1,-1,3,1,3
201601WW50442,2,11,0,7,0,8,0,0,0,0,4,1,6,1,56,9,4500,2,-1,2,1,2
201601WW50443,1,9,0,9,0,2,0,0,0,0,1,1,6,2,-1,-1,-1,-1,-1,-1,-1,-1
201601WW50444,1,5,0,18,0,8,0,0,0,0,1,1,6,1,40,7,-1,-1,-1,2,1,2
201601WW50444,2,9,0,18,0,8,0,0,0,0,1,1,6,1,-1,-1,-1,-1,-1,-1,-1,-1
201601WW50445,1,9,0,18,0,8,0,0,0,0,1,1,6,2,42,7,1390,1,9,8,1,8
201601WW50446,1,11,0,4,0,8,0,0,0,0,0,1,6,1,46,8,4500,2,2,4,1,4
201601WW50447,1,9,0,7,0,8,0,0,0,0,4,1,6,1,60,9,6761,1,9,4,1,4
201601WW50447,2,3,0,15,0,8,0,0,0,0,1,1,6,1,28,6,125,1,5,2,1,2
201601WW50448,1,9,0,18,0,8,0,0,0,0,1,1,6,1,19,4,1997,1,7,6,1,6
201601WW50448,2,1,0,18,0,8,0,0,0,0,2,1,6,1,53,8,-1,-1,-1,9,1,9
201601WW50449,1,8,0,2,0,8,0,4,0,0,2,1,1,1,50,8,2446,2,14,6,1,6
201601WW50449,2,9,0,18,0,8,0,4,0,0,1,1,6,1,-1,-1,2993,2,6,-1,-1,-1
201601WW50449,3,9,0,2,0,8,0,0,0,0,2,1,6,3,-1,-1,1364,1,8,-1,-1,-1
201601WW50449,4,9,0,2,0,8,0,0,0,0,2,1,6,3,-1,-1,1242,1,13,-1,-1,-1
201601WW50451,1,1,0,18,0,8,0,0,0,0,1,1,6,2,31,6,-1,-1,-1,10,1,10
201601WW50451,2,9,0,7,0,8,0,0,0,0,4,1,6,1,-1,-1,2987,2,7,-1,-1,-1
201601WW50452,1,9,0,9,0,8,0,0,0,0,1,1,6,2,40,7,1598,1,8,6,1,6
201601WW50453,1,9,0,17,0,8,0,0,0,0,2,1,6,2,51,8,1685,2,5,8,1,8
201601WW50453,2,3,0,17,0,8,0,0,0,0,1,1,6,1,59,9,125,1,3,9,1,9
201601WW50454,1,5,0,18,0,0,0,10,7,10,1,1,6,1,32,6,675,1,3,3,1,3
201601WW50455,1,9,0,17,0,8,0,0,0,0,1,1,6,3,-1,-1,-1,-1,-1,-1,-1,-1
201601WW50456,1,9,0,9,0,8,0,0,0,0,1,1,6,2,51,8,1598,1,9,6,1,6
201601WW50456,2,1,0,10,0,8,0,0,0,0,2,1,6,1,42,7,-1,-1,-1,6,1,6
201601WW50457,1,3,0,18,0,8,0,0,0,0,1,1,6,1,22,5,125,1,3,6,1,6
201601WW50458,1,5,0,18,0,8,0,0,0,0,1,1,6,1,37,7,645,1,10,8,1,8
201601WW50458,2,8,0,9,0,8,0,0,0,0,1,1,6,1,59,9,2499,2,2,5,1,5
201601WW50459,1,9,0,18,0,8,0,0,0,0,1,1,6,1,34,6,2993,2,12,5,1,5
201601WW50460,1,8,0,3,0,8,0,0,0,0,2,1,1,1,44,7,1582,2,5,2,1,2
201601WW50460,2,9,0,3,0,8,0,0,0,0,2,1,6,2,28,6,1399,2,7,2,1,2
201601WW50460,3,9,0,18,0,8,0,0,0,0,1,1,6,1,25,5,-1,-1,-1,6,1,6
201601WW50461,1,9,0,9,0,8,0,0,0,0,1,1,6,1,52,8,1997,2,12,4,1,4
201601WW50462,1,9,0,18,0,8,0,0,0,0,4,1,6,1,45,7,3456,8,9,6,1,6
201601WW50462,2,1,0,15,4,8,0,0,0,0,1,1,6,1,41,7,-1,-1,-1,5,1,5
201601WW50463,1,9,0,1,0,8,0,0,0,0,2,1,6,2,41,7,1198,1,6,5,1,5
201601WW50463,2,1,0,18,0,8,0,0,0,0,4,1,6,2,32,6,-1,-1,-1,2,1,2
201601WW50464,1,1,0,18,0,8,0,0,0,0,1,1,6,1,26,6,-1,-1,-1,8,1,8
201601WW50464,2,9,0,9,0,8,0,0,0,0,1,1,6,2,-1,-1,1598,1,15,2,1,2
201601WW50465,1,9,0,7,0,8,0,0,0,0,2,1,6,1,28,6,1984,1,10,6,1,6
201601WW50465,2,9,0,7,0,8,0,0,0,0,1,1,6,1,-1,-1,3498,1,10,6,1,6
201601WW50466,1,1,0,18,0,0,0,0,0,0,1,1,2,1,52,8,-1,-1,-1,-1,-1,-1
201601WW50467,1,9,0,9,0,8,0,0,0,0,1,1,6,1,42,7,1968,2,8,5,1,5
201601WW50467,2,3,0,14,0,8,0,0,0,0,1,1,6,1,49,8,-1,-1,-1,2,1,2
201601WW50468,1,9,0,9,0,8,0,0,0,0,0,1,6,1,59,9,1997,2,7,9,1,9
201601WW50468,2,1,0,18,0,8,0,0,0,0,0,1,6,1,46,8,-1,-1,-1,10,1,10
201601WW50469,1,5,0,13,0,8,0,0,0,0,4,1,6,1,62,9,680,1,10,-1,-1,-1
201601WW50469,2,9,0,12,0,8,0,0,0,0,3,1,6,1,26,6,-1,-1,-1,2,1,2
201601WW50469,3,9,0,18,0,8,0,0,0,0,3,1,6,1,45,7,-1,-1,-1,3,1,3
201601WW50470,1,1,0,18,0,0,0,0,0,0,1,1,6,1,33,6,-1,-1,-1,4,1,4
201601WW50471,1,9,0,18,0,8,0,0,0,0,3,1,6,1,24,5,1339,8,4,4,1,4
201601WW50471,2,9,0,9,0,8,0,0,0,0,1,1,6,1,31,6,-1,-1,-1,2,1,2
201601WW50472,1,9,0,17,0,8,0,0,0,0,4,1,6,1,43,7,1360,1,7,5,1,5
201601WW50473,1,9,0,2,0,0,0,0,0,0,3,1,6,1,27,6,1985,1,9,1,1,1
201601WW50473,2,1,0,18,0,0,0,8,0,0,1,1,6,1,27,6,-1,-1,-1,3,1,3
201601WW50474,1,9,0,18,0,8,0,0,0,0,1,1,6,2,51,8,1198,1,5,5,1,5
201601WW50474,2,1,0,18,0,8,0,0,0,0,1,1,6,1,32,6,-1,-1,-1,7,1,7
201601WW50475,1,9,0,9,0,8,0,0,0,0,3,1,6,1,40,7,1968,2,11,5,1,5
201601WW50475,2,1,0,18,0,8,0,0,0,0,1,1,6,1,24,5,-1,-1,-1,3,1,3
201601WW50476,1,9,0,18,0,0,0,0,0,0,1,1,6,1,60,9,4806,1,5,10,1,10
201601WW50476,2,1,0,12,0,0,0,0,0,0,2,1,6,1,13,3,-1,-1,-1,4,1,4
201601WW50477,1,9,0,16,0,1,0,0,0,0,3,1,6,2,49,8,1198,1,12,5,1,5
201601WW50477,2,9,0,2,0,8,0,0,0,0,3,1,6,1,30,6,-1,-1,-1,6,1,6
201601WW50478,1,1,0,18,0,8,0,0,0,0,1,1,6,1,21,5,-1,-1,-1,3,1,3
201601WW50478,2,9,0,18,0,8,0,0,0,0,1,1,6,1,-1,-1,2993,2,6,-1,-1,-1
201601WW50479,1,11,0,9,0,8,0,0,0,0,0,1,1,1,32,6,9360,2,4,5,1,5
201601WW50480,1,3,0,17,0,2,0,0,0,0,1,1,6,1,21,5,124,1,6,5,1,5
201601WW50480,2,9,0,2,0,8,0,0,0,0,1,1,6,3,-1,-1,1999,1,11,-1,-1,-1
201601WW50481,1,9,0,4,0,8,0,0,0,0,2,1,6,2,38,7,-1,-1,-1,3,1,3
201601WW50481,2,9,0,18,0,8,0,0,0,0,1,1,6,2,21,5,1400,1,10,-1,-1,-1
201601WW50482,1,3,0,17,0,8,0,0,0,0,1,1,6,1,60,9,125,1,7,5,1,5
201601WW50482,2,9,0,2,0,8,0,0,0,0,4,1,6,1,-1,-1,1900,2,10,-1,-1,-1
201601WW50483,1,3,0,18,0,8,0,0,0,0,1,1,2,3,-1,-1,-1,-1,-1,-1,-1,-1
201601WW50484,1,9,0,18,0,8,0,0,0,0,4,1,6,1,43,7,-1,-1,-1,7,1,7
201601WW50485,1,1,0,18,0,8,0,0,0,0,1,1,6,2,40,7,-1,-1,-1,9,1,9
201601WW50485,2,9,0,9,0,8,0,0,0,0,4,1,6,2,-1,-1,-1,-1,-1,-1,-1,-1
201601WW50487,1,19,0,7,0,8,0,0,0,0,4,1,6,1,29,6,1598,2,1,1,1,1
201601WW50487,2,1,0,18,0,8,0,0,0,0,1,1,6,1,30,6,-1,-1,-1,6,1,6
201601WW50488,1,9,0,18,0,0,0,0,0,0,2,1,6,1,44,7,1999,1,4,3,1,3
201601WW50488,2,9,0,18,0,0,0,0,0,0,1,1,6,1,37,7,1496,2,1,4,1,4
201601WW50489,1,9,0,9,0,8,0,0,0,0,1,1,6,1,46,8,1796,1,17,6,1,6
201601WW50489,2,1,0,18,0,8,0,0,0,0,1,1,6,1,34,6,-1,-1,-1,-1,-1,-1
201601WW50490,1,9,0,9,0,8,0,0,0,0,4,1,6,1,19,4,1596,1,14,5,1,5
201601WW50490,2,1,0,1,0,8,0,0,0,0,1,1,6,1,49,8,-1,-1,-1,10,1,10
201601WW50491,1,11,0,5,0,0,0,0,0,0,0,1,6,1,40,7,3900,2,13,6,1,6
201601WW50492,1,21,0,18,0,0,0,0,0,0,4,1,6,1,43,7,6370,2,5,5,1,5
201601WW50492,2,3,0,18,0,0,0,0,0,0,3,1,6,1,-1,-1,108,1,8,8,1,8
201601WW50493,1,9,0,18,0,8,0,0,0,0,1,1,6,1,53,8,1560,2,-1,3,1,3
201601WW50493,2,9,0,2,0,8,0,0,0,0,2,1,6,3,-1,-1,1242,1,14,-1,-1,-1
201601WW50493,3,9,0,2,0,8,0,0,0,0,1,1,6,3,-1,-1,-1,-1,-1,-1,-1,-1
201601WW50493,4,9,0,2,0,8,0,0,0,0,2,1,6,3,-1,-1,1796,1,11,-1,-1,-1
201601WW50494,1,9,0,3,0,0,0,0,0,0,2,1,6,2,27,6,1968,2,1,4,1,4
201601WW50494,2,9,0,18,0,0,0,0,0,0,1,1,6,2,-1,-1,999,1,3,-1,-1,-1
201601WW50495,1,8,0,9,0,8,0,0,0,0,4,1,6,1,38,7,1997,2,2,6,1,6
201601WW50495,2,1,0,18,0,8,0,0,0,0,1,1,6,1,31,6,-1,-1,-1,6,1,6
201601WW50496,1,3,0,9,0,8,0,0,0,0,3,1,6,1,29,6,125,1,6,3,1,3
201601WW50496,2,9,0,11,0,8,0,0,0,0,0,1,6,3,-1,-1,1560,2,5,-1,-1,-1
201601WW50497,1,1,0,18,0,8,0,0,0,0,3,1,6,1,31,6,-1,-1,-1,2,1,2
201601WW50497,2,9,0,7,0,8,0,0,0,0,4,1,6,1,-1,-1,-1,-1,-1,-1,-1,-1
201601WW50498,1,9,0,12,0,0,0,0,0,0,4,1,6,2,59,9,1198,1,10,10,1,10
201601WW50498,2,3,0,18,0,0,0,0,0,0,1,1,6,1,40,7,125,1,2,4,1,4
201601WW50499,1,9,0,9,0,6,0,0,0,0,3,1,6,1,43,7,1984,1,20,5,1,5
201601WW50499,2,3,0,18,0,8,0,0,0,0,1,1,6,1,23,5,-1,-1,-1,6,1,6
201601WW50500,1,19,0,7,0,8,0,0,0,0,1,1,6,1,27,6,1248,2,-1,7,1,7
201601WW50500,2,19,0,18,0,8,0,0,0,0,3,1,6,1,65,9,2143,2,5,6,1,6
201601WW50501,1,1,0,18,0,8,0,0,0,0,1,1,6,1,23,5,-1,-1,-1,4,1,4
201601WW50501,2,9,0,9,0,8,0,0,0,0,3,1,6,3,-1,-1,-1,-1,-1,-1,-1,-1
201601WW50502,1,5,0,18,0,0,0,0,0,0,1,1,6,1,64,9,781,1,17,6,1,6
201601WW50502,2,9,0,11,0,0,0,0,0,0,2,1,6,1,-1,-1,-1,-1,-1,-1,-1,-1
201601WW50503,1,9,0,7,0,8,0,0,0,0,4,1,6,1,33,6,1397,1,13,1,1,1
201601WW50503,2,1,0,18,0,8,0,0,0,0,1,1,6,2,37,7,-1,-1,-1,8,1,8
201601WW50504,1,9,0,18,0,8,0,0,0,0,1,1,6,2,31,6,1198,1,6,3,1,3
201601WW50504,2,1,0,9,0,8,0,0,0,0,1,1,6,2,26,6,-1,-1,-1,8,1,8
201601WW50505,1,9,0,18,0,1,0,0,0,0,1,1,6,1,49,8,1956,2,1,2,1,2
201601WW50505,2,9,0,4,0,8,0,0,0,0,2,1,6,2,26,6,1598,1,3,-1,-1,-1
201601WW50506,1,9,0,10,0,8,0,0,0,0,2,1,6,2,73,10,1598,1,11,8,1,8
201601WW50506,2,1,0,18,0,8,0,0,0,0,1,1,6,1,36,7,-1,-1,-1,8,1,8
201601WW50507,1,3,0,18,0,8,0,0,0,0,1,1,6,1,44,7,108,1,3,6,1,6
201601WW50507,2,9,0,9,0,8,0,0,0,0,1,1,6,2,31,6,996,1,3,8,1,8
201601WW50508,1,9,0,18,0,8,0,0,0,0,1,1,6,2,66,10,998,1,7,6,1,6
201601WW50508,2,9,0,18,0,8,0,0,0,0,1,1,6,1,29,6,1799,1,8,8,1,8
201601WW50509,1,8,0,2,0,1,0,0,0,0,3,1,6,1,34,6,1798,8,1,4,1,4
201601WW50509,2,9,0,18,0,1,0,8,0,0,1,1,1,2,-1,-1,-1,-1,-1,-1,-1,-1
201601WW50510,1,8,0,17,0,0,0,0,0,0,2,1,6,1,46,8,1968,2,2,3,1,3
201601WW50510,2,9,0,17,0,0,0,0,0,0,1,1,6,1,32,6,1796,1,15,9,1,9
201601WW50512,1,9,0,18,0,0,0,0,0,0,2,1,6,2,62,9,1598,2,2,10,3,10
201601WW50512,2,5,0,18,0,0,0,0,0,0,0,1,6,1,35,6,-1,-1,-1,2,1,2
201601WW50513,1,9,0,17,0,8,0,0,0,0,2,1,6,1,55,8,2979,1,5,10,1,10
201601WW50513,2,5,0,17,0,8,0,0,0,0,1,1,6,1,32,6,1170,1,3,9,1,9
201601WW50514,1,9,0,7,0,8,0,0,0,0,4,1,6,2,33,6,1198,1,9,5,1,5
201601WW50514,2,3,0,13,0,8,0,0,0,0,3,1,1,1,20,4,114,1,2,-1,-1,-1
201601WW50515,1,9,0,18,0,0,0,10,1,10,4,1,6,1,62,9,2799,1,16,8,1,8
201601WW50515,2,11,0,9,0,0,0,0,0,0,1,1,1,1,43,7,6700,2,7,2,1,2
201601WW50516,1,9,0,9,0,8,0,0,0,0,1,1,6,1,30,6,1299,1,20,7,1,7
201601WW50516,2,1,0,18,0,8,0,0,0,0,1,1,6,1,35,6,-1,-1,-1,6,1,6
201601WW50517,1,3,0,18,0,8,0,0,0,0,1,1,6,1,57,9,125,1,4,7,1,7
201601WW50517,2,9,0,6,0,8,0,0,0,0,1,1,6,1,-1,-1,3246,1,13,-1,-1,-1
201601WW50518,1,9,0,9,0,8,0,0,0,0,1,1,6,1,31,6,1999,1,6,5,1,5
201601WW50519,1,11,0,4,0,8,0,0,0,0,0,1,6,1,45,7,4461,2,3,2,1,2
201601WW50520,1,9,0,18,0,8,0,0,0,0,1,1,6,2,51,8,1299,1,15,6,1,6
201601WW50521,1,9,0,18,0,8,0,0,0,0,1,1,6,1,49,8,1796,1,15,3,1,3
201601WW50522,1,1,0,18,0,8,0,0,0,0,1,1,6,1,34,6,-1,-1,-1,3,1,3
201601WW50523,1,9,0,4,0,8,0,0,0,0,2,1,6,1,-1,-1,1461,2,1,6,1,6
201601WW50523,2,3,0,18,0,8,0,0,0,0,1,1,6,1,-1,-1,125,1,4,-1,-1,-1
201601WW50524,1,1,0,18,0,8,0,0,0,0,1,1,2,1,30,6,-1,-1,-1,7,1,7
201601WW50524,2,9,0,7,0,8,0,0,0,0,4,1,6,1,-1,-1,2143,2,1,-1,-1,-1
201601WW50525,1,9,0,18,0,8,0,0,0,0,3,1,6,2,45,7,2231,2,9,7,1,7
201601WW50525,2,1,0,9,0,8,0,0,0,0,1,1,6,1,18,4,-1,-1,-1,9,1,9
201601WW50526,1,1,0,9,0,8,0,0,0,0,0,1,6,2,51,8,-1,-1,-1,7,1,7
201601WW50527,1,11,0,4,0,0,0,0,0,0,0,1,6,1,37,7,4500,2,2,6,1,6
201601WW50528,1,9,0,3,0,8,0,0,0,0,2,1,6,1,36,7,4497,1,3,10,1,10
201601WW50528,2,9,0,18,0,8,0,0,0,0,1,1,6,1,-1,-1,1968,2,4,-1,-1,-1
201601WW50530,1,9,0,9,0,8,0,0,0,0,3,1,6,2,41,7,2490,2,19,6,1,6
201601WW50530,2,1,0,18,0,8,0,0,0,0,1,1,6,1,32,6,-1,-1,-1,3,1,3
201601WW50531,1,1,0,18,0,8,0,0,0,0,1,1,6,1,26,6,-1,-1,-1,7,1,7
201601WW50531,2,9,0,9,0,8,0,0,0,0,1,1,6,1,-1,-1,-1,-1,-1,8,1,8
201601WW50532,1,9,0,9,0,8,0,0,0,0,3,1,6,2,43,7,-1,-1,-1,9,1,9
201601WW50532,2,1,0,18,0,8,0,0,0,0,1,1,6,1,20,4,-1,-1,-1,4,1,4
201601WW50533,1,9,0,9,0,8,0,0,0,0,1,1,6,2,53,8,1349,1,7,-1,-1,-1
201601WW50534,1,9,0,9,0,8,0,0,0,0,3,1,6,1,55,8,998,1,16,5,1,5
201601WW50534,2,2,0,13,0,8,0,0,0,0,1,1,6,1,24,5,49,1,-1,2,1,2
201601WW50536,1,1,0,18,0,0,0,0,0,0,1,1,6,1,46,8,-1,-1,-1,3,1,3
201601WW50537,1,11,0,4,0,8,0,0,0,0,1,1,6,1,34,6,6700,2,7,7,1,7
201601WW50537,2,9,0,7,0,8,0,0,0,0,4,1,6,1,53,8,1997,2,5,6,1,6
201601WW50538,1,3,0,15,0,8,0,0,0,0,1,1,6,1,36,7,125,1,-1,4,1,4
201601WW50538,2,9,0,9,0,8,0,0,0,0,1,1,6,2,78,11,1997,1,7,5,1,5
201601WW50539,1,8,0,18,0,1,0,0,0,0,1,1,6,1,43,7,2362,8,5,5,1,5
201601WW50539,2,1,0,18,0,8,0,0,0,0,1,1,6,1,25,5,-1,-1,-1,4,1,4
201601WW50540,1,5,0,18,0,0,0,0,0,0,3,1,6,1,29,6,645,1,4,6,1,6
201601WW50540,2,9,0,6,0,0,0,0,0,0,4,1,6,1,-1,-1,1968,2,11,5,1,5
201601WW50541,1,1,0,18,0,8,0,0,0,0,3,1,6,2,53,8,-1,-1,-1,6,1,6
201601WW50541,2,9,0,7,0,8,0,0,0,0,4,1,6,3,-1,-1,1498,1,1,-1,-1,-1
201601WW50542,1,8,0,18,0,8,0,0,0,0,1,1,6,1,31,6,1956,2,3,9,1,9
201601WW50542,2,9,0,18,0,8,0,0,0,0,3,1,6,2,42,7,998,1,4,-1,-1,-1
201601WW50543,1,1,0,17,0,8,0,0,0,0,2,1,6,1,24,5,-1,-1,-1,4,1,4
201601WW50543,2,9,0,9,0,8,0,10,7,10,1,1,6,1,-1,-1,1590,1,14,-1,-1,-1
201601WW50544,1,9,0,4,0,8,0,0,0,0,2,1,6,1,21,5,3311,8,9,9,1,9
201601WW50544,2,19,0,4,0,8,0,0,0,0,2,1,1,1,45,7,2148,2,7,4,1,4
201601WW50544,3,9,0,18,0,1,0,0,0,0,1,1,6,1,50,8,1390,1,13,6,1,6
201601WW50545,1,9,0,18,0,8,0,0,0,0,1,1,6,1,21,5,1598,1,3,5,1,5
201601WW50545,2,9,0,18,0,8,0,0,0,0,3,1,6,1,24,5,2172,2,12,-1,-1,-1
201601WW50546,1,9,0,7,0,8,0,0,0,0,1,1,6,1,51,8,1368,1,11,4,1,4
201601WW50546,2,1,0,7,0,8,0,0,0,0,1,1,6,2,28,6,-1,-1,-1,3,1,3
201601WW50547,1,9,0,8,0,8,0,0,0,0,2,1,6,2,32,6,1242,1,5,6,1,6
201601WW50547,2,8,0,7,0,1,0,0,0,0,1,1,1,1,-1,-1,1797,8,5,-1,-1,-1
201601WW50548,1,9,0,4,0,8,0,0,0,0,1,1,6,1,30,6,2967,2,4,10,1,10
201601WW50548,2,9,0,3,0,8,0,0,0,0,2,1,6,2,40,7,1596,1,12,4,1,4
201601WW50548,3,9,0,3,0,8,0,0,0,0,2,1,6,1,74,10,1296,1,9,4,1,4
201601WW50549,1,11,0,4,0,8,0,0,0,0,0,1,6,1,-1,-1,5132,2,1,8,1,8
201601WW50549,2,9,0,7,0,8,0,0,0,0,0,1,6,1,22,5,1461,2,-1,7,1,7
201601WW50550,1,8,0,9,0,8,0,0,0,0,4,1,6,1,23,5,1596,1,11,9,1,9
201601WW50550,2,9,0,18,0,8,0,0,0,0,1,1,6,1,46,8,1590,1,16,4,1,4
201601WW50551,1,9,0,4,0,0,0,0,0,0,2,1,6,2,42,7,1498,1,10,5,1,5
201601WW50551,2,1,0,18,0,0,0,0,0,0,0,1,6,1,24,5,-1,-1,-1,6,1,6
201601WW50552,1,1,0,16,0,8,0,0,0,0,3,1,6,1,24,5,-1,-1,-1,8,1,8
201601WW50552,2,9,0,11,0,8,0,0,0,0,4,1,6,1,-1,-1,2993,2,3,4,1,4
201601WW50553,1,9,0,18,0,0,0,0,0,0,1,1,6,1,30,6,2400,2,5,4,1,4
201601WW50553,2,2,0,18,0,0,0,0,0,0,1,1,6,1,20,4,49,1,2,3,1,3
201601WW50554,1,9,0,4,0,0,0,10,1,10,1,1,6,2,-1,-1,1995,2,2,4,1,4
201601WW50556,1,90,0,4,0,8,0,0,0,0,2,1,1,1,49,8,-1,-1,-1,4,1,4
201601WW50556,2,2,0,18,0,8,0,0,0,0,1,1,6,1,25,5,49,1,-1,6,1,6
201601WW50557,1,1,0,14,0,8,0,0,0,0,1,1,6,2,25,5,-1,-1,-1,5,1,5
201601WW50557,2,9,0,9,0,8,0,0,0,0,1,1,6,1,42,7,1796,1,16,5,1,5
201601WW50558,1,9,0,18,0,8,0,0,0,0,1,1,6,2,25,5,998,1,13,5,1,5
201601WW50558,2,5,0,4,0,8,0,0,0,0,1,1,6,1,48,8,1261,1,11,3,1,3
201601WW50559,1,9,0,2,0,8,0,0,0,0,3,1,6,2,40,7,1498,1,9,9,1,9
201601WW50559,2,1,0,18,4,8,0,8,0,0,1,1,6,2,25,5,-1,-1,-1,1,1,1
201601WW50560,1,8,0,18,0,8,0,0,0,0,4,1,1,1,45,7,1910,2,8,5,1,5