Accident_Index,Vehicle_Reference,Vehicle_Type,Towing_and_Articulation,Vehicle_Manoeuvre,Vehicle_Location-Restricted_Lane,Junction_Location,Skidding_and_Overturning,Hit_Object_in_Carriageway,Vehicle_Leaving_Carriageway,Hit_Object_off_Carriageway,1st_Point_of_Impact,Was_Vehicle_Left_Hand_Drive?,Journey_Purpose_of_Driver,Sex_of_Driver,Age_of_Driver,Age_Band_of_Driver,Engine_Capacity_(CC),Propulsion_Code,Age_of_Vehicle,Driver_IMD_Decile,Driver_Home_Area_Type,Vehicle_IMD_Decile
201601XD80007,1,9,0,18,0,0,0,0,0,0,3,1,2,1,24,5,1998,2,11,5,1,5
201601XD80007,2,3,0,7,0,0,0,0,1,0,1,1,1,1,27,6,124,1,14,3,1,3
201601XD80008,1,9,0,18,0,8,0,0,0,0,3,1,2,1,30,6,1799,1,9,4,1,4
201601XD80008,2,21,0,12,0,8,0,0,0,0,1,1,1,1,-1,-1,12900,2,8,-1,-1,-1
201601XD80009,1,9,0,9,0,8,0,0,0,0,4,1,6,1,49,8,2179,2,9,10,1,10
201601XD80009,2,9,0,9,0,8,0,0,0,0,3,1,4,2,46,8,1360,1,12,1,1,1
201601XD80010,1,5,0,13,0,0,0,0,0,0,1,1,6,1,29,6,-1,-1,-1,7,1,7
201601XD80010,2,9,0,18,0,0,0,0,0,0,1,1,6,2,62,9,1991,1,16,6,1,6
201601XD80011,1,21,1,12,0,0,0,0,0,0,1,1,1,1,35,6,12777,2,4,-1,1,-1
201601XD80012,1,9,0,18,0,0,0,0,0,0,3,1,6,1,60,9,1398,1,4,5,1,5
201601XD80012,2,9,0,2,0,0,0,0,0,0,0,1,6,1,33,6,-1,-1,-1,3,1,3
201601XD80015,1,1,0,18,4,8,0,0,0,0,3,1,1,1,35,6,-1,-1,-1,3,1,3
201601XD80015,2,9,0,7,4,5,0,0,0,0,4,1,6,1,-1,-1,-1,-1,-1,-1,-1,-1
201601XD80016,1,3,0,14,0,0,0,0,0,0,1,1,1,1,33,6,108,1,4,2,1,2
201601XD80016,2,9,0,11,0,0,0,0,0,0,1,1,4,1,38,7,1582,2,4,-1,-1,-1
201601XD80018,1,9,0,18,0,8,0,0,0,0,3,1,6,1,32,6,1799,1,10,4,1,4
201601XD80018,2,9,0,9,0,8,0,0,0,0,1,1,6,2,-1,-1,998,1,11,-1,-1,-1
201601XD80020,1,9,0,3,0,1,0,0,0,0,2,1,2,1,37,7,-1,-1,-1,3,1,3
201601XD80020,2,9,0,4,0,1,0,0,0,0,1,1,6,1,-1,-1,-1,-1,-1,-1,-1,-1
201601XD80021,1,9,0,18,0,8,0,0,0,0,1,1,1,1,37,7,1598,1,14,1,1,1
201601XD80021,2,9,0,4,0,8,0,0,0,0,2,1,2,1,30,6,2231,2,8,3,1,3
201601XD80022,1,11,0,4,0,8,1,0,0,0,1,1,1,1,41,7,4500,2,9,4,1,4
201601XD80023,1,9,0,3,0,0,0,0,0,0,3,1,6,1,58,9,1797,8,6,3,1,3
201601XD80023,2,9,0,14,0,0,0,0,0,0,4,1,6,2,41,7,1242,1,14,3,1,3
201601XD80025,1,9,0,9,0,8,0,0,1,0,3,1,2,1,25,5,2148,2,11,6,1,6
201601XD80025,2,3,0,18,0,8,0,0,0,0,1,1,2,1,28,6,-1,-1,-1,7,1,7
201601XD80026,1,90,0,18,0,0,0,0,0,0,1,1,6,3,-1,-1,-1,-1,-1,-1,-1,-1
201601XD80027,1,9,0,4,0,8,0,0,0,0,1,1,6,2,33,6,1796,1,3,3,1,3
201601XD80028,1,9,0,18,0,0,5,4,0,0,1,1,6,2,27,6,2993,2,4,8,1,8
201601XD80028,2,9,0,2,0,0,0,0,1,0,2,1,6,1,56,9,2143,2,2,9,1,9
201601XD80028,3,9,0,2,0,0,0,0,0,0,3,1,6,1,49,8,1198,1,2,9,1,9
201601XD80029,1,9,0,18,0,8,0,0,0,0,3,1,2,1,65,9,1598,1,3,10,1,10
201601XD80031,1,1,0,18,0,8,0,0,1,0,1,1,2,1,35,6,-1,-1,-1,4,1,4
201601XD80031,2,9,0,9,0,8,0,0,0,0,3,1,2,2,25,5,1461,2,4,6,1,6
201601XD80032,1,19,0,18,0,8,0,0,0,0,1,1,6,1,-1,-1,-1,-1,-1,-1,-1,-1
201601XD80033,1,9,0,7,0,0,0,0,0,0,2,1,1,1,28,6,2179,2,2,3,1,3
201601XD80033,2,19,0,18,0,0,0,0,0,0,1,1,2,1,24,5,2402,2,5,5,1,5
201601XD80034,1,9,0,18,0,0,0,0,0,0,2,1,6,1,34,6,1896,2,19,4,1,4
201601XD80034,2,9,0,18,0,0,0,0,0,0,1,1,6,2,-1,-1,1329,1,2,5,1,5
201601XD80036,1,9,0,18,0,8,0,0,0,0,1,1,2,1,30,6,-1,-1,-1,3,1,3
201601XD80037,1,9,0,4,0,8,0,0,0,0,2,1,2,1,47,8,2143,2,4,7,1,7
201601XD80037,2,10,0,18,0,8,0,0,0,0,1,1,6,1,-1,-1,2198,2,1,-1,-1,-1
201601XD80038,1,9,0,4,0,0,0,0,0,0,2,1,6,2,37,7,1242,1,10,1,1,1
201601XD80038,2,9,0,11,0,0,0,0,0,0,1,1,6,1,-1,-1,1229,1,9,-1,-1,-1
201601XD80040,1,4,0,9,0,8,0,0,1,0,4,1,2,1,24,5,124,1,1,2,1,2
201601XD80040,2,9,0,18,0,8,0,0,1,0,1,1,6,1,55,8,1598,2,4,4,1,4
201601XD80041,1,9,0,9,0,8,0,0,0,0,1,1,2,1,29,6,1595,1,8,4,1,4
201601XD80042,1,9,0,18,0,8,0,0,0,0,1,1,2,2,33,6,1797,8,5,5,1,5
201601XD80042,2,3,0,14,0,8,0,0,0,0,3,1,2,1,24,5,599,1,4,6,1,6
201601XD80043,1,3,0,6,0,2,0,0,0,0,3,1,6,1,22,5,125,1,3,6,1,6
201601XD80043,2,3,0,13,0,2,0,0,0,0,4,1,6,1,51,8,125,1,6,-1,-1,-1
201601XD80045,1,11,0,4,0,0,0,0,0,0,0,1,1,1,35,6,5132,2,2,1,1,1
201601XD80046,1,9,0,5,0,8,0,0,0,0,1,1,6,1,23,5,1461,2,1,6,1,6
201601XD80046,2,1,0,18,0,8,0,0,0,0,4,1,6,2,32,6,-1,-1,-1,5,1,5
201601XD80047,1,9,0,9,0,8,0,0,0,0,4,1,2,2,45,7,-1,-1,-1,-1,-1,-1
201601XD80047,2,9,0,18,0,8,0,0,0,0,1,1,6,1,-1,-1,-1,-1,-1,-1,-1,-1
201601XD80048,1,9,0,9,0,8,1,0,0,0,3,1,6,1,24,5,-1,-1,-1,3,1,3
201601XD80048,2,9,0,18,0,8,1,0,0,0,1,1,6,1,19,4,1598,2,1,5,1,5
201601XD80049,1,9,0,18,0,8,0,10,8,1,1,1,6,1,46,8,1396,1,13,6,1,6
201601XD80049,2,9,0,18,0,8,0,0,0,0,0,1,6,3,-1,-1,-1,-1,-1,-1,-1,-1
201601XD80050,1,9,0,7,0,8,0,0,0,0,4,1,6,2,37,7,2720,2,8,9,1,9
201601XD80050,2,1,0,15,0,8,0,0,0,0,1,1,6,1,55,8,-1,-1,-1,2,1,2
201601XD80051,1,9,0,7,0,8,0,0,0,0,2,1,6,1,55,8,-1,-1,-1,6,1,6
201601XD80051,2,20,0,18,0,8,0,0,0,0,1,1,6,1,-1,-1,4461,2,4,-1,-1,-1
201601XD80052,1,9,0,18,0,0,0,0,0,0,1,1,6,2,41,7,1240,1,10,5,1,5
201601XD80053,1,9,0,18,0,8,0,0,0,0,1,1,6,2,46,8,1587,1,12,3,1,3
201601XD80054,1,8,0,7,0,5,0,0,0,0,4,1,6,1,53,8,1997,2,7,3,1,3
201601XD80054,2,1,0,18,0,8,0,0,0,0,1,1,2,1,36,7,-1,-1,-1,8,1,8
201601XD80055,1,9,0,18,0,8,0,0,0,0,4,1,6,1,69,10,1596,1,14,4,1,4
201601XD80055,2,9,0,7,0,6,0,0,0,0,1,1,6,2,20,4,1229,1,8,3,1,3
201601XD80056,1,1,0,10,0,8,0,0,0,0,2,1,6,2,38,7,-1,-1,-1,3,1,3
201601XD80056,2,9,0,18,0,8,0,0,0,0,1,1,6,2,-1,-1,-1,-1,-1,-1,-1,-1
201601XD80057,1,1,0,18,0,8,0,0,0,0,3,1,2,2,34,6,-1,-1,-1,7,1,7
201601XD80057,2,9,0,14,0,8,0,0,0,0,4,1,6,3,-1,-1,-1,-1,-1,-1,-1,-1
201601XD80058,1,9,0,18,0,8,0,0,0,0,1,1,6,1,50,8,1796,1,12,2,1,2
201601XD80060,1,11,0,18,0,2,0,0,0,0,2,1,1,1,-1,-1,6700,2,8,-1,-1,-1
201601XD80062,1,9,0,18,0,0,5,10,2,4,1,1,6,3,-1,-1,1499,2,1,-1,-1,-1
201601XD80064,1,5,0,18,0,0,0,0,0,0,0,1,2,1,41,7,599,1,6,7,1,7
201601XD80064,2,19,0,12,0,0,0,0,0,0,0,1,6,1,-1,-1,-1,-1,-1,-1,-1,-1
201601XD80065,1,9,0,7,0,7,0,0,0,0,3,1,2,1,28,6,1598,1,3,6,1,6
201601XD80065,2,1,0,7,0,8,0,0,0,0,4,1,2,2,40,7,-1,-1,-1,6,1,6
201601XD80066,1,9,0,7,0,8,0,0,0,0,1,1,2,1,22,5,1796,2,3,9,1,9
201601XD80067,1,3,0,18,0,8,0,0,0,0,1,1,6,1,20,4,1298,1,3,3,1,3
201601XD80067,2,3,0,18,0,8,0,0,0,0,1,1,6,1,-1,-1,-1,-1,-1,-1,-1,-1
201601XD80067,3,9,0,18,0,8,0,0,1,0,2,1,6,1,20,4,-1,-1,-1,3,1,3
201601XD80068,1,3,0,18,0,0,0,0,0,0,3,1,1,1,32,6,108,1,6,2,1,2
201601XD80068,2,11,0,12,0,0,0,0,0,0,0,1,1,3,-1,-1,-1,-1,-1,-1,-1,-1
201601XD80069,1,9,0,17,0,0,0,0,0,0,1,1,6,2,39,7,1198,1,12,5,1,5
201601XD80069,2,3,0,16,0,0,0,0,0,0,1,1,6,1,42,7,124,1,8,4,1,4
201601XD80071,1,9,0,18,0,8,0,0,0,0,1,1,6,1,26,6,1390,1,5,7,1,7
201601XD80072,1,11,0,4,0,1,0,0,0,0,0,1,1,3,-1,-1,-1,-1,-1,-1,-1,-1
201601XD80073,1,9,0,18,0,8,0,0,0,0,4,1,6,3,-1,-1,-1,-1,-1,-1,-1,-1
201601XD80074,1,9,0,18,0,8,0,0,0,0,1,1,6,2,33,6,1686,2,4,3,1,3
201601XD80075,1,3,0,18,0,8,0,0,0,0,1,1,6,1,-1,-1,-1,-1,-1,-1,-1,-1
201601XD80076,1,9,0,9,0,2,0,0,0,0,1,1,6,2,41,7,1360,1,15,4,1,4
201601XD80077,1,9,0,4,0,8,0,0,0,0,1,1,2,1,21,5,1390,1,5,8,1,8
201601XD80077,2,9,0,12,0,8,0,0,1,0,2,1,2,1,48,8,1150,1,12,3,1,3
201601XD80078,1,9,0,9,0,8,0,0,0,0,1,1,1,1,64,9,1598,1,12,5,1,5
201601XD80081,1,9,0,18,0,8,0,0,0,0,1,1,1,1,25,5,1396,1,17,6,1,6
201601XD80081,2,9,0,18,0,8,0,0,0,0,4,1,6,2,-1,-1,-1,-1,-1,-1,-1,-1
201601XD80082,1,3,0,7,0,8,1,0,0,0,0,1,2,1,43,7,125,1,2,3,1,3
201601XD80083,1,9,0,4,0,0,0,0,0,0,2,1,6,2,46,8,1796,1,5,5,1,5
201601XD80083,2,9,0,4,0,0,0,0,0,0,1,1,6,1,62,9,1596,1,16,6,1,6
201601XD80084,1,9,0,3,0,0,0,0,0,0,2,1,6,1,44,7,1386,1,8,9,1,9
201601XD80084,2,5,0,18,0,0,0,0,0,0,1,1,6,1,33,6,599,1,8,2,1,2
201601XD80085,1,9,0,18,0,8,0,0,0,0,3,1,2,1,35,6,-1,-1,-1,6,1,6
201601XD80085,2,9,0,11,0,8,0,0,0,0,4,1,2,3,-1,-1,1388,1,13,-1,-1,-1
201601XD80086,1,9,0,18,0,8,0,0,0,0,1,1,6,1,61,9,1598,1,14,-1,-1,-1
201601XD80088,1,11,0,5,0,0,0,0,1,0,0,1,1,1,53,8,9360,2,6,5,1,5
201601XD80090,1,19,0,17,0,0,0,0,0,0,4,1,2,1,49,8,1968,2,1,4,1,4
201601XD80090,2,1,0,17,0,0,0,0,0,0,1,1,2,1,32,6,-1,-1,-1,9,3,9
201601XD80093,1,9,0,4,0,0,0,0,0,0,2,1,6,1,41,7,1390,1,4,4,1,4
201601XD80093,2,9,0,4,0,0,0,0,0,0,1,1,1,1,37,7,1598,2,1,5,1,5
201601XD80095,1,1,0,7,0,8,0,0,0,0,1,1,2,1,53,8,-1,-1,-1,4,1,4
201601XD80095,2,9,0,18,0,8,0,0,0,0,3,1,6,3,-1,-1,-1,-1,-1,-1,-1,-1
201601XD80096,1,9,0,3,0,8,0,0,0,0,2,1,6,1,73,10,3969,1,19,6,1,6
201601XD80096,2,9,0,18,0,8,0,0,0,0,1,1,6,3,-1,-1,-1,-1,-1,-1,-1,-1
201601XD80098,1,9,0,17,0,8,0,0,0,0,1,1,6,1,-1,-1,-1,-1,-1,-1,-1,-1
201601XD80099,1,9,0,7,0,8,0,0,0,0,1,1,2,1,42,7,1560,2,2,7,1,7
201601XD80100,1,9,0,5,0,7,0,0,0,0,1,1,6,1,30,6,1461,2,9,-1,-1,-1
201601XD80100,2,9,0,5,0,7,0,0,0,0,3,1,6,1,55,8,3456,8,4,9,1,9
201601XD80102,1,9,0,18,0,8,0,0,0,0,1,1,2,2,44,7,-1,-1,-1,3,1,3
201601XD80102,2,1,0,18,0,8,0,0,0,0,4,1,2,1,30,6,-1,-1,-1,3,1,3
201601XD80104,1,9,0,18,0,8,0,0,0,0,1,1,6,1,52,8,1499,2,1,10,1,10
201601XD80104,2,3,0,18,0,8,0,0,0,0,2,1,6,2,40,7,-1,-1,-1,4,1,4
201601XD80106,1,9,0,16,0,8,0,10,1,10,1,1,6,1,22,5,-1,-1,-1,5,1,5
201601XD80107,1,9,0,16,0,8,0,0,0,0,1,1,6,1,68,10,1339,1,6,9,2,9
201601XD80108,1,9,0,18,0,8,0,0,0,0,1,1,6,1,52,8,1998,2,9,4,1,4
201601XD80108,2,1,0,18,0,8,0,0,0,0,1,1,6,1,34,6,-1,-1,-1,4,1,4
201601XD80110,1,19,0,18,0,2,0,0,0,0,1,1,1,1,35,6,1995,2,7,1,1,1
201601XD80110,2,3,0,12,0,2,0,0,0,0,2,1,2,1,23,5,124,1,4,3,1,3
201601XD80111,1,9,0,18,0,8,0,0,0,0,4,1,6,2,36,7,1248,2,7,2,1,2
201601XD80111,2,9,0,18,0,8,0,0,0,0,1,1,6,1,23,5,1229,1,9,7,1,7
201601XD80112,1,9,0,18,0,8,0,0,0,0,1,1,6,1,55,8,1339,1,10,5,1,5
201601XD80112,2,9,0,9,0,8,0,0,0,0,3,1,6,2,31,6,1198,1,6,4,1,4
201601XD80113,1,9,0,16,0,8,0,0,0,0,1,1,6,1,51,8,3199,1,17,9,1,9
201601XD80114,1,11,0,18,0,8,0,0,0,0,3,1,1,2,55,8,9000,2,5,4,1,4
201601XD80114,2,9,0,9,0,8,0,0,0,0,1,1,6,2,27,6,995,1,11,6,1,6
201601XD80115,1,9,0,18,0,8,0,0,0,0,2,1,6,1,37,7,1364,1,9,3,1,3
201601XD80115,2,9,0,18,0,8,0,0,0,0,1,1,6,1,-1,-1,1596,1,17,-1,-1,-1
201601XD80116,1,9,0,18,0,8,0,0,0,0,3,1,1,1,-1,-1,-1,-1,-1,-1,-1,-1
201601XD80118,1,1,0,18,0,8,0,0,0,0,1,1,6,1,32,6,-1,-1,-1,9,1,9
201601XD80118,2,9,0,9,0,6,0,0,0,0,3,1,6,2,57,9,1498,1,8,9,1,9
201601XD80119,1,19,0,16,0,0,0,4,0,0,1,1,6,1,-1,-1,1560,2,6,-1,-1,-1
201601XD80119,2,9,0,17,0,0,0,0,0,0,1,1,6,1,49,8,1229,1,11,10,1,10
201601XD80119,3,19,0,2,0,0,0,0,0,0,2,1,6,1,30,6,1968,2,2,3,1,3
201601XD80119,4,9,0,2,0,0,0,0,0,0,1,1,6,2,78,11,998,1,12,6,1,6
201601XD80120,1,9,0,9,0,8,0,0,0,0,4,1,1,1,-1,-1,-1,-1,-1,-1,-1,-1
201601XD80120,2,9,0,18,0,8,0,0,0,0,1,1,6,1,31,6,1995,2,4,7,1,7
201601XD80120,3,9,0,3,0,8,0,0,0,0,1,1,6,1,42,7,1995,2,4,4,1,4
201601XD80121,1,9,0,6,0,8,0,0,0,0,3,1,6,2,27,6,1598,1,9,4,1,4
201601XD80121,2,3,0,18,0,8,0,0,0,0,1,1,6,1,21,5,124,1,4,9,1,9
201601XD80122,1,9,0,14,0,8,0,0,0,0,1,1,6,1,30,6,1794,1,10,3,1,3
201601XD80122,2,9,0,9,0,8,0,0,0,0,1,1,6,1,48,8,1242,1,9,4,1,4
201601XD80123,1,9,0,9,0,8,0,0,0,0,3,1,6,2,32,6,1199,1,13,2,1,2
201601XD80125,1,8,0,9,0,8,0,0,0,0,4,1,1,1,55,8,1910,2,6,8,1,8
201601XD80126,1,8,0,18,0,0,0,0,0,0,3,1,6,1,48,8,1797,8,6,2,1,2
201601XD80126,2,9,0,13,0,0,0,0,0,0,4,1,6,1,31,6,1956,2,4,7,1,7
201601XD80127,1,9,0,18,0,2,0,0,0,0,1,1,6,1,30,6,1364,2,4,1,1,1
201601XD80128,1,9,0,18,0,8,0,0,0,0,3,1,6,1,19,4,1995,1,6,5,1,5
201601XD80128,2,9,0,18,0,8,0,0,0,0,3,1,6,3,-1,-1,-1,-1,-1,-1,-1,-1
201601XD80129,1,9,0,13,0,8,0,0,0,0,4,1,6,2,-1,-1,1598,1,11,9,1,9
201601XD80129,2,1,0,18,0,8,0,0,0,0,3,1,6,1,34,6,-1,-1,-1,2,1,2
201601XD80130,1,9,0,18,0,0,0,0,0,0,1,1,6,1,21,5,2967,2,10,3,1,3
201601XD80131,1,9,0,18,0,0,0,0,0,0,4,1,6,2,38,7,1598,1,6,4,1,4
201601XD80131,2,8,0,12,0,0,0,0,0,0,3,1,6,1,38,7,1997,2,4,2,1,2
201601XD80132,1,9,0,7,0,8,0,0,0,0,1,1,6,2,47,8,1997,2,2,9,1,9
201601XD80134,1,9,0,9,0,8,0,0,0,0,1,1,6,2,73,10,1199,1,15,5,1,5
201601XD80134,2,9,0,18,0,8,0,0,0,0,1,1,6,1,72,10,2495,2,15,6,1,6
201601XD80135,1,9,0,14,0,8,0,0,0,0,1,1,6,1,22,5,1242,1,-1,-1,-1,-1
201601XD80135,2,9,0,18,0,8,0,0,0,0,3,1,6,1,23,5,1299,1,12,3,1,3
201601XD80136,1,9,0,12,0,8,0,0,0,0,3,1,6,2,62,9,2979,1,11,5,1,5
201601XD80136,2,9,0,18,0,8,0,0,0,0,4,1,6,2,41,7,2987,2,10,6,1,6
201601XD80137,1,3,0,18,0,8,0,0,0,0,3,1,6,1,35,6,124,1,8,6,1,6
201601XD80138,1,9,0,18,0,0,0,0,0,0,1,1,4,1,51,8,1560,2,4,6,1,6
201601XD80138,2,9,0,11,0,0,0,0,1,0,4,1,6,2,36,7,1398,1,1,1,3,1
201601XD80139,1,9,0,2,0,0,0,0,0,0,0,1,6,1,38,7,2494,1,14,3,1,3
201601XD80139,2,9,0,18,0,0,0,0,0,0,4,1,6,2,-1,-1,-1,-1,-1,-1,-1,-1
201601XD80140,1,21,0,11,0,0,0,0,0,0,1,1,6,1,32,6,12777,2,8,6,1,6
201601XD80140,2,9,0,15,0,0,0,0,0,0,3,1,6,2,32,6,1598,1,10,9,1,9
201601XD80141,1,9,0,11,0,0,0,0,0,0,1,1,6,1,57,9,1956,2,2,5,1,5
201601XD80141,2,9,0,3,0,0,0,0,0,0,1,1,6,1,73,10,1560,2,3,4,1,4
201601XD80142,1,9,0,18,0,8,0,0,0,0,0,1,6,2,47,8,1997,2,11,2,1,2
201601XD80142,2,9,0,18,0,8,0,0,0,0,3,1,6,1,61,9,1797,8,4,8,1,8
201601XD80143,1,9,0,18,0,0,0,0,0,0,1,1,2,1,66,10,3724,1,11,5,1,5
201601XD80143,2,4,0,18,0,0,0,0,0,0,2,1,6,1,40,7,599,1,17,4,1,4
201601XD80144,1,9,0,18,0,8,0,0,0,0,4,1,6,2,34,6,1497,8,9,3,1,3
201601XD80144,2,9,0,7,0,8,0,0,0,0,1,1,6,1,-1,-1,1497,8,9,-1,-1,-1
201601XD80145,1,9,0,18,0,8,0,0,0,0,1,1,6,2,38,7,1896,2,11,9,1,9
201601XD80146,1,9,0,18,0,8,0,0,0,0,3,1,2,1,47,8,1794,1,12,7,1,7
201601XD80146,2,1,0,18,0,8,0,0,0,0,1,1,6,1,-1,-1,-1,-1,-1,-1,-1,-1
201601XD80147,1,4,0,18,0,8,1,0,0,0,1,1,1,1,61,9,125,1,2,6,1,6
201601XD80149,1,9,0,9,0,8,0,0,0,0,1,1,6,2,53,8,1910,2,6,9,1,9
201601XD80150,1,9,0,9,0,8,0,0,0,0,1,1,6,1,48,8,1997,2,6,9,1,9
201601XD80150,2,3,0,14,0,8,0,0,0,0,1,1,6,1,24,5,-1,-1,-1,6,1,6
201601XD80152,1,9,0,6,0,8,0,0,0,0,1,1,6,2,58,9,1248,2,11,7,1,7
201601XD80152,2,1,0,18,0,8,0,0,0,0,1,1,6,1,45,7,-1,-1,-1,6,1,6
201601XD80153,1,9,0,18,0,0,0,0,0,0,1,1,6,1,44,7,1797,8,5,4,1,4
201601XD80154,1,3,0,18,0,8,0,0,0,0,1,1,6,1,32,6,125,1,2,-1,-1,-1
201601XD80154,2,19,0,9,0,8,0,0,0,0,1,1,6,1,62,9,1248,2,4,5,1,5
201601XD80155,1,9,0,18,0,8,0,0,0,0,2,1,6,2,52,8,-1,-1,-1,-1,-1,-1
201601XD80155,2,9,0,18,0,8,0,0,0,0,1,1,6,1,52,8,1598,1,8,2,1,2
201601XD80156,1,9,0,18,0,0,0,0,0,0,4,1,6,1,34,6,-1,-1,-1,6,1,6
201601XD80156,2,19,0,12,0,0,0,0,0,0,1,1,1,1,-1,-1,2402,2,5,-1,-1,-1
201601XD80157,1,3,0,18,0,8,0,0,0,0,4,1,6,1,18,4,124,1,1,7,1,7
201601XD80157,2,9,0,18,0,8,0,0,0,0,3,1,6,2,-1,-1,2184,2,-1,-1,-1,-1
201601XD80158,1,9,0,18,0,8,0,0,0,0,3,1,6,1,67,10,1794,1,9,4,1,4
201601XD80158,2,9,0,18,0,8,0,0,0,0,4,1,6,3,-1,-1,-1,-1,-1,-1,-1,-1
201601XD80159,1,9,0,18,0,0,0,0,0,0,2,1,6,1,36,7,2378,7,12,6,1,6
201601XD80159,2,11,0,18,0,0,0,0,0,0,1,1,1,1,40,7,9000,2,10,3,1,3
201601XD80160,1,9,0,18,0,8,0,0,0,0,1,1,6,1,86,11,1396,1,15,6,1,6
201601XD80162,1,9,0,18,0,8,0,0,0,0,1,1,6,1,34,6,1796,1,10,9,1,9
201601XD80163,1,9,0,18,0,0,0,0,0,0,2,1,6,1,46,8,1388,1,10,4,1,4
201601XD80163,2,9,0,18,0,0,0,0,0,0,1,1,6,1,-1,-1,1242,1,12,8,1,8
201601XD80164,1,9,0,18,0,8,0,0,0,0,3,1,2,1,32,6,1598,1,4,4,1,4
201601XD80164,2,11,0,18,0,8,0,0,0,0,4,1,1,1,-1,-1,6700,2,7,-1,-1,-1
201601XD80165,1,8,0,2,0,0,0,0,0,0,4,1,6,1,36,7,2143,2,3,3,1,3
201601XD80165,2,9,0,18,0,0,0,4,0,0,4,1,6,1,36,7,1968,2,9,-1,-1,-1
201601XD80166,1,9,0,18,0,2,0,0,0,0,1,1,6,1,41,7,1988,1,12,10,1,10
201601XD80167,1,9,0,2,0,0,0,0,0,0,1,1,6,1,-1,-1,-1,-1,-1,-1,-1,-1
201601XD80167,2,19,0,1,0,0,0,0,0,0,2,1,6,1,26,6,1298,1,15,-1,-1,-1
201601XD80167,3,9,0,2,0,0,0,0,0,0,2,1,6,3,-1,-1,-1,-1,-1,-1,-1,-1
201601XD80170,1,3,0,18,0,8,0,0,0,0,4,1,6,1,33,6,124,1,2,6,1,6
201601XD80170,2,9,0,18,0,8,0,10,0,0,3,1,6,1,46,8,2295,1,14,7,1,7
201601XD80173,1,5,0,18,0,8,0,0,0,0,1,1,6,1,27,6,599,1,12,3,1,3
201601XD80173,2,9,0,7,0,8,0,0,0,0,2,1,6,1,26,6,-1,-1,-1,4,1,4
201601XD80174,1,3,0,17,0,8,0,0,0,0,4,1,6,1,34,6,125,1,6,4,1,4
201601XD80175,1,1,0,18,0,0,0,0,0,0,1,1,6,1,39,7,-1,-1,-1,6,1,6
201601XD80175,2,9,0,18,0,0,0,0,0,0,3,1,6,1,25,5,1997,1,11,4,1,4
201601XD80177,1,19,0,9,0,8,0,0,0,0,1,1,6,1,48,8,1753,2,17,-1,-1,-1
201601XD80177,2,1,0,18,0,8,0,0,0,0,1,1,6,1,37,7,-1,-1,-1,3,1,3
201601XD80178,1,9,0,18,0,0,0,0,0,0,3,1,6,1,20,4,1596,1,10,-1,-1,-1
201601XD80178,2,9,0,18,0,0,0,0,0,0,4,1,6,1,-1,-1,-1,-1,-1,-1,-1,-1
201601XD80179,1,9,0,18,0,0,1,10,1,2,1,1,6,1,20,4,1124,1,9,2,1,2
201601XD80180,1,9,0,18,0,0,0,0,0,0,1,1,6,1,77,11,1587,1,12,5,1,5
201601XD80181,1,9,0,3,0,8,0,0,0,0,3,1,2,2,51,8,1910,2,9,6,1,6
201601XD80182,1,9,0,9,0,8,0,0,0,0,1,1,6,2,26,6,1390,1,15,3,1,3
201601XD80183,1,9,0,18,0,8,0,0,0,0,4,1,6,1,21,5,1390,1,13,-1,-1,-1
201601XD80183,2,19,0,18,0,8,0,0,0,0,1,1,6,1,49,8,-1,-1,-1,2,1,2
201601XD80184,1,9,0,18,0,8,0,0,0,0,2,1,6,2,29,6,1992,2,9,5,1,5
201601XD80184,2,9,0,18,0,8,0,0,0,0,1,1,1,2,58,9,1397,1,12,5,1,5
201601XD80185,1,2,0,18,0,0,0,0,0,0,2,1,1,1,33,6,49,1,8,5,1,5
201601XD80185,2,9,0,18,0,0,0,0,0,0,1,1,6,2,-1,-1,1598,1,11,-1,-1,-1
201601XD80186,1,2,0,18,0,8,1,10,7,0,1,1,1,1,36,7,49,1,-1,5,1,5
201601XD80187,1,1,0,18,0,8,0,0,0,0,4,1,2,2,29,6,-1,-1,-1,5,1,5
201601XD80187,2,9,0,18,0,8,0,0,0,0,3,1,6,1,-1,-1,1498,1,10,-1,-1,-1
201601XD80188,1,19,0,18,0,8,0,0,0,0,1,1,6,1,58,9,1248,2,8,6,1,6
201601XD80188,2,1,0,18,0,8,0,0,0,0,2,1,6,1,18,4,-1,-1,-1,7,1,7
201601XD80189,1,4,0,18,0,8,0,0,0,0,1,1,6,1,39,7,249,1,4,2,1,2
201601XD80189,2,9,0,9,0,8,0,0,0,0,3,1,1,1,32,6,-1,-1,-1,8,3,8
201601XD80190,1,9,0,7,0,8,0,0,0,0,1,1,6,2,71,10,1339,1,13,6,1,6
201601XD80190,2,1,0,18,0,8,0,0,0,0,1,1,2,2,37,7,-1,-1,-1,2,1,2
201601XD80191,1,19,0,18,0,8,0,0,0,0,1,1,6,1,31,6,2461,2,6,3,1,3
201601XD80191,2,3,0,18,0,8,0,0,0,0,4,1,6,1,43,7,599,1,14,3,1,3
201601XD80193,1,9,0,18,0,0,0,0,0,0,4,1,6,2,25,5,1198,1,4,3,1,3
201601XD80193,2,5,0,18,0,0,0,0,0,0,3,1,6,1,33,6,-1,-1,-1,-1,-1,-1
201601XD80194,1,3,0,13,0,8,0,0,0,0,4,1,6,1,21,5,124,1,5,2,1,2
201601XD80194,2,9,0,9,0,8,0,0,0,0,4,1,6,2,42,7,1968,2,8,-1,-1,-1
201601XD80195,1,2,0,18,0,8,0,0,0,0,1,1,6,1,55,8,-1,-1,-1,4,1,4
201601XD80197,1,3,0,18,0,0,0,0,0,0,1,1,1,1,35,6,125,1,1,2,1,2
201601XD80197,2,20,0,7,0,0,0,0,0,0,3,1,1,1,34,6,-1,-1,-1,8,1,8