Accident_Index,Vehicle_Reference,Vehicle_Type,Towing_and_Articulation,Vehicle_Manoeuvre,Vehicle_Location-Restricted_Lane,Junction_Location,Skidding_and_Overturning,Hit_Object_in_Carriageway,Vehicle_Leaving_Carriageway,Hit_Object_off_Carriageway,1st_Point_of_Impact,Was_Vehicle_Left_Hand_Drive?,Journey_Purpose_of_Driver,Sex_of_Driver,Age_of_Driver,Age_Band_of_Driver,Engine_Capacity_(CC),Propulsion_Code,Age_of_Vehicle,Driver_IMD_Decile,Driver_Home_Area_Type,Vehicle_IMD_Decile
201601XD80377,1,1,0,18,0,0,0,0,0,0,2,1,6,1,24,5,-1,-1,-1,-1,-1,-1
201601XD80377,2,9,0,18,0,0,0,0,0,0,1,1,6,1,-1,-1,-1,-1,-1,-1,-1,-1
201601XD80379,1,3,0,18,0,0,0,0,0,0,1,1,6,1,-1,-1,-1,-1,-1,-1,-1,-1
201601XD80380,1,9,0,9,0,8,0,0,0,0,1,1,6,1,25,5,1198,1,3,4,1,4
201601XD80380,2,9,0,18,0,8,0,0,0,0,1,1,6,1,32,6,1598,2,3,7,1,7
201601XD80381,1,9,0,18,0,0,0,0,0,0,1,1,6,2,56,9,1229,1,11,3,1,3
201601XD80382,1,3,0,18,0,1,0,0,0,0,1,1,6,1,33,6,124,1,6,5,1,5
201601XD80382,2,11,0,18,0,8,0,0,0,0,1,1,1,1,42,7,4500,2,9,1,1,1
201601XD80382,3,9,0,18,0,8,0,0,0,0,4,1,6,1,31,6,1796,1,12,3,1,3
201601XD80383,1,9,0,4,0,0,0,0,0,0,2,1,6,2,27,6,1995,1,9,2,1,2
201601XD80383,2,9,0,18,0,0,0,0,0,0,1,1,6,1,51,8,-1,-1,-1,5,1,5
201601XD80385,1,9,0,18,0,8,0,0,0,0,1,1,6,1,27,6,2777,2,7,9,1,9
201601XD80385,2,9,0,18,0,8,0,0,0,0,2,1,6,1,29,6,-1,-1,-1,4,1,4
201601XD80385,3,9,0,18,0,8,0,0,0,0,2,1,6,2,-1,-1,-1,-1,-1,-1,-1,-1
201601XD80386,1,5,0,18,0,8,0,0,0,0,1,1,6,1,31,6,-1,-1,-1,5,1,5
201601XD80387,1,1,0,18,0,0,0,0,0,0,3,1,6,1,51,8,-1,-1,-1,3,1,3
201601XD80387,2,9,0,18,0,0,0,0,0,0,1,1,6,3,-1,-1,-1,-1,-1,-1,-1,-1
201601XD80388,1,9,0,18,0,8,0,0,0,0,3,1,6,1,54,8,1984,1,12,3,1,3
201601XD80388,2,4,0,18,0,8,0,0,0,0,1,1,6,1,37,7,125,1,1,4,1,4
201601XD80389,1,9,0,9,0,8,0,0,0,0,1,1,6,2,26,6,1995,1,11,-1,-1,-1
201601XD80389,2,5,0,18,0,8,0,0,0,0,4,1,6,1,42,7,-1,-1,-1,8,1,8
201601XD80391,1,9,0,18,0,8,0,0,0,0,3,1,6,2,51,8,1598,1,3,5,1,5
201601XD80391,2,9,0,18,0,8,0,0,0,0,1,1,6,2,30,6,1910,2,8,6,1,6
201601XD80392,1,9,0,18,0,8,0,0,0,0,1,1,6,1,40,7,1240,1,12,1,1,1
201601XD80393,1,9,0,18,0,8,0,0,0,0,1,1,6,1,40,7,1595,1,13,-1,-1,-1
201601XD80393,2,9,0,18,0,8,0,0,0,0,1,1,6,1,87,11,1596,1,2,4,1,4
201601XD80393,3,9,0,18,0,8,0,0,0,0,1,1,6,1,47,8,1560,2,3,-1,-1,-1
201601XD80394,1,9,0,18,0,8,0,0,0,0,1,1,6,1,24,5,1995,2,4,4,1,4
201601XD80394,2,9,0,18,0,8,0,0,0,0,2,1,6,2,54,8,-1,-1,-1,2,1,2
201601XD80395,1,9,0,18,0,2,0,0,0,0,1,1,2,1,36,7,999,1,1,-1,-1,-1
201601XD80396,1,9,0,9,0,8,0,0,0,0,1,1,6,3,-1,-1,1360,1,14,-1,-1,-1
201601XD80396,2,9,0,18,0,8,0,10,3,3,1,1,6,2,33,6,1798,1,6,7,1,7
201601XD80397,1,5,0,13,0,0,0,0,0,0,4,1,6,1,32,6,999,1,7,4,1,4
201601XD80397,2,19,0,12,0,0,0,0,0,0,3,1,6,3,-1,-1,-1,-1,-1,-1,-1,-1
201601XD80398,1,9,0,5,0,8,0,0,0,0,4,1,6,2,45,7,2231,2,8,5,1,5
201601XD80399,1,4,0,18,0,2,0,0,0,0,4,1,6,1,26,6,-1,-1,-1,6,1,6
201601XD80399,2,9,0,7,0,6,0,0,0,0,3,1,6,1,55,8,1686,2,11,4,1,4
201601XD80400,1,1,0,18,0,8,0,0,0,0,2,1,6,1,23,5,-1,-1,-1,10,2,10
201601XD80400,2,9,0,18,0,8,0,0,0,0,1,1,6,3,-1,-1,-1,-1,-1,-1,-1,-1
201601XD80402,1,2,0,14,0,2,0,0,0,0,3,1,6,1,19,4,125,1,6,3,1,3
201601XD80402,2,2,0,14,0,2,0,0,0,0,4,1,6,2,18,4,-1,-1,-1,5,1,5
201601XD80403,1,19,0,1,0,2,0,0,0,0,2,1,6,1,-1,-1,2143,2,4,9,1,9
201601XD80404,1,5,0,18,0,8,0,0,0,0,1,1,6,1,39,7,745,1,2,9,2,9
201601XD80404,2,9,0,9,0,8,0,0,0,0,1,1,6,1,27,6,-1,-1,-1,7,1,7
201601XD80405,1,9,0,18,0,8,0,0,0,0,1,1,6,3,-1,-1,-1,-1,-1,-1,-1,-1
201601XD80407,1,9,0,9,0,8,0,0,0,0,3,1,6,1,47,8,1598,1,16,4,1,4
201601XD80407,2,2,0,18,0,8,0,0,0,0,1,1,6,1,23,5,108,1,3,1,1,1
201601XD80408,1,9,0,6,0,8,0,0,0,0,1,1,6,1,42,7,1598,1,12,9,1,9
201601XD80408,2,9,0,18,0,8,0,0,0,0,1,1,6,1,30,6,1995,2,2,8,1,8
201601XD80409,1,19,0,1,0,0,0,0,0,0,2,1,1,1,45,7,2287,2,1,2,1,2
201601XD80411,1,9,0,18,0,8,0,10,3,4,1,1,6,1,42,7,1598,1,17,5,1,5
201601XD80412,1,9,0,18,0,8,0,0,0,0,1,1,6,1,53,8,1797,8,5,3,1,3
201601XD80413,1,9,0,5,0,0,0,0,0,0,0,1,6,3,-1,-1,1997,2,8,-1,-1,-1
201601XD80414,1,9,0,10,0,1,0,0,0,0,2,1,6,1,30,6,1598,1,4,4,1,4
201601XD80414,2,9,0,18,0,1,0,0,0,0,1,1,6,2,20,4,999,1,1,7,1,7
201601XD80415,1,9,0,18,0,8,0,0,0,0,2,1,6,2,34,6,1328,1,9,2,1,2
201601XD80415,2,3,0,18,0,8,0,0,0,0,1,1,6,1,22,5,-1,-1,-1,6,1,6
201601XD80417,1,3,0,18,0,8,0,0,0,0,1,1,6,1,60,9,125,1,9,2,1,2
201601XD80417,2,9,0,4,0,8,0,0,0,0,3,1,6,3,-1,-1,-1,-1,-1,-1,-1,-1
201601XD80418,1,9,0,18,0,8,0,0,0,0,1,2,6,2,21,5,-1,-1,-1,1,1,1
201601XD80418,2,9,0,7,0,8,0,0,0,0,2,1,1,1,44,7,1956,2,5,7,1,7
201601XD80419,1,9,0,12,0,0,0,10,7,4,1,1,6,1,28,6,1199,1,14,3,1,3
201601XD80421,1,19,0,18,0,0,0,10,1,0,4,1,1,1,58,9,1461,2,8,3,1,3
201601XD80421,2,9,0,18,0,0,0,0,0,0,1,1,6,1,-1,-1,-1,-1,-1,-1,-1,-1
201601XD80422,1,9,0,5,0,2,0,0,0,0,1,1,6,1,24,5,998,1,7,10,1,10
201601XD80423,1,9,0,18,0,1,0,0,0,0,1,1,6,1,54,8,1753,2,8,-1,-1,-1
201601XD80423,2,9,0,4,0,1,0,0,0,0,2,1,6,1,49,8,-1,-1,-1,-1,-1,-1
201601XD80424,1,9,0,4,0,0,0,0,0,0,1,1,6,2,23,5,998,1,5,6,1,6
201601XD80424,2,9,0,4,0,0,0,0,0,0,2,1,6,2,26,6,-1,-1,-1,3,1,3
201601XD80425,1,9,0,9,0,8,0,0,0,0,3,1,6,2,39,7,1968,2,5,7,1,7
201601XD80425,2,5,0,18,0,8,1,0,0,0,1,1,6,1,26,6,625,1,10,6,1,6
201601XD80426,1,2,0,18,0,1,0,0,0,0,1,1,1,1,21,5,109,1,1,2,1,2
201601XD80426,2,9,0,18,0,1,0,0,0,0,2,1,6,2,61,9,1086,1,11,4,1,4
201601XD80428,1,11,0,5,0,0,0,0,0,0,0,1,1,1,53,8,4500,2,7,-1,-1,-1
201601XD80429,1,9,0,6,0,0,0,0,0,0,3,1,6,1,28,6,1968,2,10,6,1,6
201601XD80429,2,3,0,18,0,0,0,0,0,0,1,1,6,1,23,5,125,1,1,2,1,2
201601XD80430,1,9,0,18,0,1,0,10,3,2,4,1,6,2,82,11,999,1,2,9,1,9
201601XD80432,1,9,0,9,0,8,0,0,0,0,1,1,6,1,53,8,-1,-1,-1,4,1,4
201601XD80433,1,9,0,4,0,0,0,0,0,0,2,1,6,2,70,10,1598,1,3,3,1,3
201601XD80433,2,1,0,18,0,0,0,0,0,0,1,1,6,1,30,6,-1,-1,-1,6,1,6
201601XD80437,1,11,0,4,0,8,0,0,0,0,0,1,6,1,48,8,6871,2,9,6,1,6
201601XD80438,1,4,0,13,0,1,0,0,0,0,4,1,6,1,81,11,400,1,7,3,1,3
201601XD80438,2,9,0,7,0,1,0,0,0,0,3,1,6,3,-1,-1,-1,-1,-1,-1,-1,-1
201601XD80439,1,19,0,18,0,8,0,0,0,0,4,1,1,1,20,4,1461,2,3,3,1,3
201601XD80439,2,19,0,9,0,8,0,0,0,0,1,1,1,1,41,7,2461,2,8,4,1,4
201601XD80440,1,9,0,18,0,0,0,0,0,0,1,1,3,1,33,6,1686,2,12,2,1,2
201601XD80441,1,9,0,16,0,2,0,0,0,0,3,1,6,2,33,6,-1,-1,-1,3,1,3
201601XD80441,2,9,0,16,0,2,0,0,0,0,4,1,6,3,-1,-1,-1,-1,-1,-1,-1,-1
201601XD80442,1,9,0,4,0,0,0,0,0,0,2,1,6,1,43,7,1997,2,3,4,1,4
201601XD80442,2,19,0,18,0,0,0,0,0,0,1,1,6,1,-1,-1,1753,2,7,-1,-1,-1
201601XD80443,1,9,0,9,0,8,0,0,0,0,1,1,6,1,19,4,1995,2,10,6,1,6
201601XD80443,2,2,0,17,0,8,0,0,0,0,1,1,6,1,25,5,108,1,4,4,1,4
201601XD80444,1,9,0,1,0,0,0,0,0,0,2,1,6,2,56,9,998,1,12,3,1,3
201601XD80445,1,9,0,16,2,3,0,0,0,0,2,1,6,1,34,6,2231,2,4,8,1,8
201601XD80445,2,9,0,16,2,3,0,0,0,0,1,1,6,1,42,7,2497,2,10,8,1,8
201601XD80446,1,3,0,18,0,8,0,0,0,0,1,1,6,1,30,6,125,1,3,7,1,7
201601XD80446,2,19,0,9,0,8,0,0,0,0,1,1,6,1,34,6,2143,2,1,3,1,3
201601XD80448,1,11,0,18,0,0,0,0,0,0,0,1,1,1,47,8,-1,-1,-1,-1,-1,-1
201601XD80449,1,1,0,5,0,8,0,0,0,0,3,1,1,1,47,8,-1,-1,-1,7,1,7
201601XD80449,2,19,0,5,0,8,0,0,0,0,4,1,6,2,29,6,-1,-1,-1,6,1,6
201601XD80450,1,5,0,18,0,0,0,0,0,0,1,1,6,1,35,6,649,1,8,7,3,7
201601XD80450,2,9,0,4,0,0,0,0,0,0,2,1,6,1,35,6,1791,8,5,6,1,6
201601XD80451,1,1,0,18,0,8,0,0,0,0,1,1,6,1,52,8,-1,-1,-1,1,1,1
201601XD80451,2,9,0,9,0,8,0,0,0,0,3,1,6,1,-1,-1,1497,8,7,-1,-1,-1
201601XD80452,1,9,0,3,0,0,0,0,0,0,1,1,6,1,29,6,1997,2,3,4,1,4
201601XD80452,2,1,0,18,0,0,0,0,0,0,1,1,6,1,12,3,-1,-1,-1,5,1,5
201601XD80453,1,9,0,18,0,0,0,0,0,0,2,1,6,1,32,6,1399,2,4,3,1,3
201601XD80453,2,9,0,18,0,0,0,0,0,0,1,1,6,1,-1,-1,-1,-1,-1,-1,-1,-1
201601XD80454,1,9,0,18,0,8,0,0,0,0,1,1,6,1,80,11,1591,1,2,3,1,3
201601XD80454,2,9,0,11,0,8,0,0,0,0,2,1,6,1,30,6,1399,2,12,6,1,6
201601XD80454,3,9,0,2,0,8,0,0,0,0,2,1,6,1,-1,-1,1392,1,16,2,1,2
201601XD80455,1,3,0,18,0,8,0,0,0,0,1,1,1,1,21,5,108,1,1,2,1,2
201601XD80456,1,19,0,9,0,8,0,0,0,0,1,1,1,1,28,6,2143,2,2,8,2,8
201601XD80457,1,9,0,9,0,8,0,0,0,0,4,1,6,1,63,9,2398,1,17,6,1,6
201601XD80457,2,9,0,18,0,8,0,0,0,0,3,1,6,2,79,11,2143,2,3,3,1,3
201601XD80458,1,19,0,1,0,8,0,0,0,0,2,1,1,1,-1,-1,1598,2,1,-1,-1,-1
201601XD80458,2,9,0,7,0,8,0,0,0,0,1,1,6,1,47,8,1997,2,7,4,1,4
201601XD80459,1,3,0,18,0,0,0,0,0,0,3,1,1,1,18,4,108,1,-1,3,1,3
201601XD80460,1,9,0,18,0,0,0,0,0,0,3,1,6,1,23,5,-1,-1,-1,3,1,3
201601XD80461,1,9,0,18,0,8,0,0,0,0,3,1,6,3,-1,-1,1598,2,6,-1,-1,-1
201601XD80461,2,9,0,18,0,8,0,0,0,0,2,1,6,1,33,6,1360,1,12,4,1,4
201601XD80461,3,9,0,18,0,8,0,0,0,0,1,1,6,1,43,7,1984,1,3,4,1,4
201601XD80462,1,9,0,18,2,8,0,0,0,0,1,1,6,1,55,8,1896,2,9,3,1,3
201601XD80462,2,9,0,7,0,8,0,10,0,0,2,1,6,2,58,9,1598,1,13,8,1,8
201601XD80463,1,21,0,18,0,8,0,0,0,0,1,1,6,1,31,6,12902,2,3,3,1,3
201601XD80463,2,9,0,18,0,8,0,0,0,0,1,1,6,1,18,4,4999,1,1,3,1,3
201601XD80464,1,9,0,18,0,8,0,0,0,0,3,1,6,2,47,8,1799,1,9,7,1,7
201601XD80464,2,9,0,18,0,8,0,0,0,0,1,1,6,1,81,11,4511,1,13,3,1,3
201601XD80465,1,9,0,18,0,8,0,0,0,0,1,1,6,1,47,8,1896,2,11,2,1,2
201601XD80466,1,3,0,17,0,8,0,0,0,0,1,1,6,1,19,4,124,1,3,4,1,4
201601XD80467,1,9,0,9,0,8,0,0,0,0,1,1,6,1,22,5,1349,1,8,6,1,6
201601XD80467,2,9,0,18,0,8,0,0,0,0,3,1,6,1,23,5,998,1,7,2,1,2
201601XD80468,1,1,0,18,0,8,0,0,0,0,1,1,6,1,27,6,-1,-1,-1,4,1,4
201601XD80469,1,3,0,18,0,0,0,0,0,0,1,1,6,1,26,6,-1,-1,-1,1,1,1
201601XD80469,2,9,0,18,0,0,0,0,0,0,1,1,6,2,50,8,1598,1,10,6,1,6
201601XD80470,1,9,0,7,0,8,0,0,0,0,1,1,6,1,21,5,999,1,-1,2,1,2
201601XD80470,2,9,0,10,0,8,0,0,0,0,1,1,6,2,31,6,1598,1,2,3,1,3
201601XD80471,1,9,0,3,0,1,0,0,0,0,2,1,6,2,37,7,1999,1,7,9,1,9
201601XD80471,2,9,0,18,0,1,0,0,0,0,1,1,6,1,21,5,-1,-1,-1,9,1,9
201601XD80473,1,21,0,14,0,8,0,0,0,0,1,1,1,1,26,6,4461,2,8,-1,-1,-1
201601XD80474,1,9,0,18,0,8,0,0,0,0,4,1,6,2,21,5,1796,1,4,4,1,4
201601XD80474,2,9,0,15,0,8,0,0,0,0,3,1,6,1,18,4,1364,1,-1,6,1,6
201601XD80475,1,19,0,18,0,0,0,0,0,0,1,1,6,1,30,6,2198,2,1,-1,-1,-1
201601XD80475,2,19,0,18,0,0,0,0,0,0,2,1,6,1,45,7,1598,2,1,6,1,6
201601XD80475,3,8,0,18,0,0,0,0,0,0,2,1,1,1,63,9,1497,8,8,9,1,9
201601XD80476,1,8,0,4,0,8,0,0,0,0,1,1,6,1,41,7,1968,2,5,6,1,6
201601XD80476,2,5,0,18,0,8,0,0,0,0,1,1,6,1,-1,-1,750,1,4,-1,-1,-1
201601XD80477,1,9,0,9,0,8,0,0,0,0,3,1,6,1,60,9,1968,2,12,5,1,5
201601XD80477,2,3,0,13,0,8,0,0,0,0,1,1,6,1,-1,-1,125,1,13,3,1,3
201601XD80478,1,9,0,18,0,8,0,0,0,0,2,1,6,1,19,4,1061,1,11,2,1,2
201601XD80478,2,9,0,18,0,8,0,0,0,0,1,1,6,1,33,6,2967,1,15,6,1,6
201601XD80481,1,9,0,16,0,8,0,0,0,0,1,1,6,3,-1,-1,-1,-1,-1,-1,-1,-1
201601XD80482,1,1,0,18,0,8,0,0,0,0,1,1,6,1,35,6,-1,-1,-1,8,1,8
201601XD80482,2,9,0,7,0,8,0,0,0,0,1,1,6,2,-1,-1,-1,-1,-1,-1,-1,-1
201601XD80483,1,9,0,9,0,8,0,0,0,0,4,1,6,2,66,10,1360,1,16,6,1,6
201601XD80483,2,9,0,12,0,8,0,0,0,0,3,1,6,1,-1,-1,1686,2,11,-1,-1,-1
201601XD80484,1,9,0,10,0,8,0,0,0,0,1,1,6,2,23,5,1364,1,8,3,1,3
201601XD80484,2,9,0,18,0,8,0,0,0,0,1,1,6,1,-1,-1,1364,1,8,-1,-1,-1
201601XD80485,1,8,0,18,0,0,0,0,0,0,4,1,6,1,37,7,1797,8,6,2,1,2
201601XD80487,1,2,0,18,0,1,0,0,0,0,1,1,6,1,19,4,50,1,1,7,1,7
201601XD80488,1,9,0,18,0,8,0,0,0,0,1,1,6,2,53,8,1339,1,10,9,1,9
201601XD80489,1,9,0,4,0,8,0,0,0,0,2,1,6,1,45,7,2987,2,10,5,1,5
201601XD80489,2,9,0,18,0,8,0,0,0,0,1,1,6,1,18,4,1400,1,10,4,1,4
201601XD80490,1,9,0,7,0,8,0,0,0,0,4,1,6,1,52,8,1497,8,9,6,1,6
201601XD80490,2,3,0,18,0,8,0,0,0,0,1,1,6,1,56,9,899,1,22,3,1,3
201601XD80491,1,9,0,18,0,8,0,0,0,0,1,1,6,2,25,5,1364,1,1,6,1,6
201601XD80491,2,1,0,18,0,8,0,0,0,0,1,1,6,1,8,2,-1,-1,-1,-1,-1,-1
201601XD80492,1,9,0,18,0,8,0,0,0,0,1,1,6,1,25,5,1496,2,-1,4,1,4
201601XD80492,2,1,0,18,0,8,0,0,0,0,1,1,6,1,30,6,-1,-1,-1,2,1,2
201601XD80493,1,9,0,12,0,0,0,0,0,0,3,1,6,2,59,9,1598,1,14,7,1,7
201601XD80493,2,9,0,18,0,0,0,0,0,0,4,1,6,2,34,6,1968,2,3,-1,1,-1
201601XD80496,1,9,0,4,0,1,0,0,0,0,3,1,6,2,29,6,-1,-1,-1,1,1,1
201601XD80496,2,21,0,11,0,1,0,0,0,0,4,1,1,1,-1,-1,-1,-1,-1,-1,-1,-1
201601XD80497,1,90,0,18,0,8,0,0,0,0,1,1,6,2,37,7,-1,-1,-1,3,1,3
201601XD80497,2,9,0,18,0,8,0,0,0,0,4,1,6,2,61,9,1461,2,2,2,1,2
201601XD80498,1,9,0,18,0,0,0,0,0,0,2,1,2,2,41,7,1348,1,14,5,1,5
201601XD80498,2,9,0,18,0,0,0,4,0,0,1,1,6,1,36,7,1910,2,7,4,1,4
201601XD80499,1,9,0,18,0,8,0,0,0,0,4,1,6,1,41,7,1797,8,7,9,1,9
201601XD80500,1,19,0,9,0,8,0,0,0,0,3,1,1,1,32,6,2402,2,8,2,1,2
201601XD80500,2,3,0,15,0,8,0,0,0,0,1,1,6,1,55,8,125,1,3,8,1,8
201601XD80501,1,9,0,18,0,8,0,0,0,0,2,1,6,2,30,6,1995,2,9,-1,-1,-1
201601XD80501,2,9,0,18,0,8,0,0,0,0,1,1,6,1,24,5,1349,1,12,4,1,4
201601XD80502,1,9,0,18,0,0,0,0,0,0,1,1,6,1,32,6,1991,2,11,3,1,3
201601XD80503,1,9,0,18,0,0,0,0,0,0,2,1,6,1,46,8,1997,2,7,3,1,3
201601XD80503,2,9,0,18,0,0,0,0,0,0,1,1,6,1,49,8,1596,1,15,3,1,3
201601XD80504,1,9,0,18,0,0,0,0,0,0,2,1,6,1,35,6,2993,2,13,5,1,5
201601XD80504,2,9,0,18,0,0,0,0,0,0,2,1,6,2,30,6,1390,1,15,7,1,7
201601XD80504,3,9,0,18,0,0,0,0,0,0,1,1,6,2,-1,-1,1870,2,13,3,1,3
201601XD80505,1,9,0,4,0,0,0,0,0,0,2,1,6,1,54,8,998,1,1,2,1,2
201601XD80505,2,19,0,18,0,0,0,0,0,0,0,1,1,1,-1,-1,1248,2,4,-1,-1,-1
201601XD80506,1,9,0,18,0,0,2,4,0,0,1,1,6,1,23,5,1229,1,11,2,1,2
201601XD80506,2,9,0,2,0,0,0,4,0,0,1,1,6,1,78,11,1998,1,10,6,1,6
201601XD80506,3,9,0,2,0,0,0,0,0,0,1,1,6,1,-1,-1,1597,1,17,6,1,6
201601XD80507,1,9,0,11,0,8,0,0,0,0,4,1,6,2,78,11,-1,-1,-1,6,1,6
201601XD80507,2,9,0,18,0,8,0,0,0,0,3,1,6,1,41,7,2143,2,1,4,1,4
201601XD80508,1,9,0,18,0,0,0,0,0,0,1,1,6,3,-1,-1,-1,-1,-1,-1,-1,-1
201601XD80509,1,9,0,3,0,1,0,0,0,0,2,1,6,2,60,9,2993,2,5,3,1,3
201601XD80509,2,9,0,18,0,1,0,0,0,0,1,1,6,1,30,6,1598,1,12,2,1,2
201601XD80511,1,9,0,11,0,0,0,0,0,0,4,1,6,1,25,5,1968,2,6,9,1,9
201601XD80511,2,8,0,18,0,0,0,0,0,0,4,1,6,1,61,9,2499,2,2,7,1,7
201601XD80511,3,9,0,18,0,0,0,0,0,0,3,1,6,1,26,6,1600,2,6,8,1,8
201601XD80512,1,9,0,18,0,2,5,4,0,0,1,1,1,2,30,6,1699,1,11,5,1,5
201601XD80512,2,9,0,2,0,2,0,0,0,0,1,1,6,1,38,7,1968,2,6,-1,-1,-1
201601XD80513,1,19,0,1,0,0,0,0,0,0,2,1,1,1,41,7,2198,2,8,3,1,3
201601XD80514,1,9,0,18,0,8,0,0,0,0,3,1,6,1,21,5,2706,1,4,5,1,5
201601XD80514,2,1,0,18,0,8,0,0,0,0,1,1,6,1,54,8,-1,-1,-1,6,1,6
201601XD80515,1,8,0,10,0,8,0,0,0,0,2,1,1,1,59,9,1798,1,6,6,1,6
201601XD80515,2,9,0,17,0,8,0,0,0,0,1,1,6,1,-1,-1,1396,1,15,-1,-1,-1
201601XD80516,1,9,0,6,0,0,0,10,1,10,1,1,6,2,54,8,1197,1,1,9,1,9
201601XD80517,1,3,0,18,0,8,0,0,0,0,1,1,6,1,23,5,125,1,10,1,1,1
201601XD80517,2,9,0,9,0,8,0,0,0,0,1,1,6,1,37,7,1910,2,9,4,1,4
201601XD80519,1,9,0,18,0,0,0,0,0,0,2,1,6,1,37,7,1900,2,10,9,2,9
201601XD80519,2,9,0,18,0,0,0,0,0,0,1,1,6,1,34,6,1461,2,4,7,1,7
201601XD80520,1,9,0,18,0,8,0,10,1,10,1,1,6,1,58,9,1390,1,13,4,1,4
201601XD80521,1,9,0,18,0,2,0,0,0,0,1,1,6,2,37,7,1781,1,9,4,1,4
201601XD80522,1,8,0,9,0,8,0,0,0,0,1,1,1,1,40,7,1794,1,7,1,1,1
201601XD80522,2,3,0,18,0,8,0,0,0,0,1,1,1,1,39,7,124,1,6,6,1,6
201601XD80523,1,9,0,9,0,1,0,0,0,0,3,1,6,1,49,8,2488,1,12,8,1,8
201601XD80523,2,3,0,13,0,1,0,0,0,0,1,1,6,1,-1,-1,125,1,4,5,1,5
201601XD80524,1,19,0,18,0,8,0,0,0,0,1,1,6,1,39,7,-1,-1,-1,7,1,7
201601XD80525,1,9,0,10,0,8,0,0,0,0,1,1,6,2,42,7,1598,1,9,2,1,2
201601XD80525,2,9,0,18,0,8,0,0,0,0,1,1,6,1,-1,-1,1598,2,4,-1,-1,-1
201601XD80526,1,9,0,18,0,8,0,10,1,10,1,1,6,1,25,5,599,1,14,-1,-1,-1
201601XD80528,1,11,0,4,0,0,0,0,0,0,0,1,6,1,27,6,6700,2,7,8,1,8
201601XD80529,1,9,0,18,0,2,0,0,0,0,1,1,6,3,-1,-1,-1,-1,-1,-1,-1,-1
201601XD80530,1,9,0,3,0,1,0,0,0,0,2,1,6,1,51,8,998,1,1,9,1,9
201601XD80530,2,9,0,5,0,1,0,0,0,0,1,1,6,1,31,6,1198,1,10,6,1,6
201601XD80531,1,8,0,6,0,8,0,0,0,0,1,1,6,1,42,7,1997,2,6,1,1,1
201601XD80531,2,1,0,18,0,8,0,0,0,0,1,1,6,1,38,7,-1,-1,-1,4,1,4
201601XD80532,1,9,0,18,0,0,0,0,0,0,1,1,6,1,59,9,1590,1,15,2,1,2
201601XD80533,1,9,0,3,0,8,0,0,0,0,2,1,6,2,26,6,1798,1,2,9,1,9
201601XD80533,2,9,0,18,0,8,0,0,0,0,1,1,6,1,31,6,1598,2,5,5,1,5
201601XD80535,1,9,0,9,0,8,0,0,0,0,3,1,6,1,50,8,1597,1,7,5,1,5
201601XD80535,2,3,0,13,0,8,0,0,0,0,1,1,6,1,39,7,499,1,14,5,1,5
201601XD80537,1,8,0,18,0,0,0,0,0,0,4,1,1,1,50,8,1499,2,-1,-1,-1,-1
201601XD80538,1,8,0,18,0,0,0,0,0,0,2,1,1,1,42,7,1797,8,7,4,1,4
201601XD80538,2,19,0,18,0,0,0,0,0,0,1,1,6,1,52,8,2143,2,-1,7,1,7
201601XD80539,1,9,0,3,0,8,0,0,0,0,2,1,1,1,-1,-1,-1,-1,-1,-1,-1,-1
201601XD80539,2,9,0,3,0,8,0,0,0,0,1,1,6,2,56,9,1596,1,25,7,3,7
201601XD80539,3,19,0,18,0,1,0,0,0,0,1,1,6,1,57,9,2402,2,9,3,1,3
201601XD80540,1,9,0,18,0,0,0,0,0,0,1,1,6,1,44,7,2179,2,2,5,1,5
201601XD80540,2,1,0,18,0,0,0,0,0,0,4,1,6,2,43,7,-1,-1,-1,9,1,9
201601XD80541,1,9,0,9,0,1,0,0,0,0,4,1,6,1,47,8,-1,-1,-1,-1,-1,-1
201601XD80541,2,1,0,15,0,1,0,0,0,0,1,1,6,2,24,5,-1,-1,-1,4,1,4
201601XD80542,1,3,0,4,0,0,1,0,0,0,1,1,2,1,45,7,124,1,1,10,1,10
201601XD80542,2,9,0,3,0,0,0,0,0,0,2,1,2,1,33,6,1968,2,4,3,1,3
201601XD80543,1,9,0,18,0,1,0,0,0,0,1,1,6,2,21,5,1197,1,1,5,1,5
201601XD80543,2,11,0,2,0,1,0,0,0,0,2,1,6,1,49,8,9360,2,4,2,1,2
201601XD80544,1,9,0,9,0,2,0,0,0,0,1,1,3,2,29,6,1229,1,9,2,1,2
201601XD80545,1,9,0,5,0,6,0,0,0,0,1,1,6,1,50,8,1995,1,13,-1,-1,-1
201601XD80545,2,1,0,18,0,8,0,0,0,0,4,1,6,1,50,8,-1,-1,-1,2,1,2
201601XD80546,1,5,0,14,0,0,0,0,0,0,1,1,2,1,34,6,954,1,13,2,1,2
201601XD80548,1,9,0,18,0,1,0,0,0,0,1,1,6,1,28,6,2993,2,12,4,1,4
201601XD80548,2,9,0,4,0,1,0,0,0,0,2,1,6,1,29,6,1968,2,7,1,1,1
201601XD80550,1,9,0,18,0,1,0,0,0,0,1,1,6,1,29,6,1398,1,6,2,1,2
201601XD80550,2,19,0,4,0,1,0,0,0,0,2,1,1,1,30,6,2198,2,4,5,1,5
201601XD80551,1,9,0,18,0,0,0,0,0,0,3,1,6,2,46,8,1497,8,-1,-1,-1,-1
201601XD80551,2,5,0,11,0,0,0,0,0,0,4,1,6,1,54,8,487,1,8,1,1,1
201601XD80553,1,9,0,18,0,2,0,0,0,0,4,1,6,1,55,8,1497,8,8,1,1,1
201601XD80553,2,9,0,7,0,1,0,0,0,0,1,1,6,1,-1,-1,1497,8,8,-1,-1,-1
201601XD80554,1,11,0,18,0,2,0,0,0,0,4,1,6,3,-1,-1,-1,-1,-1,-1,-1,-1
201601XD80555,1,9,0,18,0,1,0,0,0,0,1,1,6,2,56,9,-1,-1,-1,6,1,6