Accident_Index,Vehicle_Reference,Vehicle_Type,Towing_and_Articulation,Vehicle_Manoeuvre,Vehicle_Location-Restricted_Lane,Junction_Location,Skidding_and_Overturning,Hit_Object_in_Carriageway,Vehicle_Leaving_Carriageway,Hit_Object_off_Carriageway,1st_Point_of_Impact,Was_Vehicle_Left_Hand_Drive?,Journey_Purpose_of_Driver,Sex_of_Driver,Age_of_Driver,Age_Band_of_Driver,Engine_Capacity_(CC),Propulsion_Code,Age_of_Vehicle,Driver_IMD_Decile,Driver_Home_Area_Type,Vehicle_IMD_Decile
201601XD80555,2,9,0,18,0,1,0,0,0,0,2,1,6,2,30,6,999,1,4,8,1,8
201601XD80555,3,9,0,4,0,1,0,0,0,0,2,1,6,1,40,7,998,1,4,7,1,7
201601XD80556,1,1,0,18,2,8,0,0,0,0,1,1,6,2,36,7,-1,-1,-1,9,1,9
201601XD80556,2,9,0,5,0,6,0,0,0,0,3,1,6,2,35,6,1598,2,3,6,1,6
201601XD80557,1,9,0,6,0,8,0,0,0,0,4,1,1,1,31,6,1968,2,4,10,1,10
201601XD80557,2,5,0,18,0,8,0,0,0,0,1,1,1,1,43,7,-1,-1,-1,9,1,9
201601XD80558,1,9,0,9,0,2,0,0,0,0,1,1,3,2,55,8,1796,1,8,2,1,2
201601XD80560,1,9,0,18,0,8,2,10,4,6,1,1,6,2,54,8,995,1,6,7,1,7
201601XD80560,2,9,0,9,0,8,0,0,0,0,1,1,6,3,-1,-1,1339,1,14,-1,-1,-1
201601XD80561,1,9,0,3,0,1,0,0,0,0,2,1,6,1,21,5,2926,2,14,3,1,3
201601XD80561,2,9,0,18,0,1,0,0,0,0,1,1,6,1,45,7,1997,2,8,-1,-1,-1
201601XD80562,1,9,0,16,0,8,0,0,0,0,1,1,6,1,38,7,1399,2,7,8,1,8
201601XD80563,1,1,0,12,4,1,0,0,0,0,3,1,6,1,18,4,-1,-1,-1,4,1,4
201601XD80563,2,9,0,4,0,1,0,0,0,0,4,1,6,1,-1,-1,-1,-1,-1,-1,-1,-1
201601XD80564,1,9,0,9,0,8,0,0,0,0,1,1,6,2,42,7,1995,2,8,4,1,4
201601XD80564,2,1,0,18,0,8,0,0,0,0,1,1,6,1,30,6,-1,-1,-1,8,1,8
201601XD80565,1,11,0,4,0,8,0,0,0,0,0,1,6,1,36,7,9360,2,7,4,1,4
201601XD80566,1,90,0,7,0,8,0,0,0,0,1,1,1,1,-1,-1,-1,-1,-1,-1,-1,-1
201601XD80566,2,1,0,18,0,8,0,0,0,0,1,1,6,1,-1,-1,-1,-1,-1,5,1,5
201601XD80567,1,9,0,18,0,8,0,0,0,0,4,1,6,1,25,5,4163,1,9,6,2,6
201601XD80567,2,9,0,12,0,8,0,0,0,0,3,1,6,3,-1,-1,1229,1,6,-1,-1,-1
201601XD80568,1,3,0,18,0,1,0,0,0,0,4,1,1,2,45,7,102,1,-1,8,1,8
201601XD80568,2,9,0,12,0,1,0,0,0,0,3,1,6,3,-1,-1,1968,2,8,-1,-1,-1
201601XD80570,1,9,0,18,0,1,0,0,0,0,1,1,2,1,63,9,1498,1,8,7,1,7
201601XD80570,2,3,0,10,0,1,0,0,0,0,2,1,6,2,36,7,124,1,11,4,1,4
201601XD80571,1,4,0,18,0,8,0,0,0,0,1,1,6,1,36,7,124,1,22,4,1,4
201601XD80571,2,9,0,9,0,8,0,0,0,0,3,1,6,1,48,8,1997,1,7,7,1,7
201601XD80572,1,9,0,4,0,8,0,0,0,0,2,1,6,1,29,6,1991,1,-1,3,1,3
201601XD80572,2,9,0,18,0,8,0,0,0,0,1,1,2,1,30,6,1995,1,14,-1,1,-1
201601XD80574,1,9,0,18,0,6,0,7,3,1,1,1,6,1,50,8,2494,8,1,10,1,10
201601XD80574,2,9,0,18,0,8,5,0,0,0,4,1,6,1,47,8,1896,2,10,2,1,2
201601XD80575,1,1,0,18,0,0,0,0,0,0,4,1,6,1,42,7,-1,-1,-1,-1,-1,-1
201601XD80576,1,9,0,18,0,8,0,0,0,0,1,1,6,2,45,7,998,1,1,2,1,2
201601XD80576,2,9,0,3,0,8,0,0,0,0,2,1,6,1,44,7,998,1,15,2,1,2
201601XD80579,1,1,0,18,0,8,0,0,0,0,1,1,6,1,25,5,-1,-1,-1,6,1,6
201601XD80579,2,9,0,7,0,8,0,0,0,0,3,1,6,2,41,7,1598,1,14,2,1,2
201601XD80580,1,1,0,9,0,8,0,0,0,0,3,1,6,1,51,8,-1,-1,-1,2,1,2
201601XD80582,1,9,0,9,0,8,0,0,0,0,4,1,6,2,35,6,1395,1,1,5,1,5
201601XD80582,2,1,0,15,0,8,0,0,0,0,1,1,6,1,-1,-1,-1,-1,-1,2,1,2
201601XD80584,1,11,0,4,0,8,0,0,0,0,3,1,1,1,65,9,9000,2,5,4,1,4
201601XD80584,2,9,0,11,0,8,0,0,0,0,4,1,6,3,-1,-1,-1,-1,-1,-1,-1,-1
201601XD80585,1,3,0,9,0,8,0,0,0,0,3,1,6,1,28,6,124,1,13,6,1,6
201601XD80586,1,3,0,18,0,8,0,0,0,0,3,1,6,1,19,4,125,1,10,6,1,6
201601XD80586,2,9,0,13,0,8,0,0,0,0,4,1,6,1,-1,-1,1794,1,8,9,1,9
201601XD80587,1,11,0,17,0,8,0,0,0,0,0,1,6,2,49,8,7300,2,11,3,1,3
201601XD80588,1,3,0,14,0,2,0,0,0,0,1,1,6,1,34,6,125,1,-1,4,1,4
201601XD80589,1,9,0,18,0,0,0,0,0,0,2,1,2,1,33,6,1560,2,10,9,1,9
201601XD80589,2,9,0,3,0,0,0,0,0,0,2,1,6,1,46,8,-1,-1,-1,-1,-1,-1
201601XD80589,3,9,0,3,0,0,0,0,0,0,2,1,6,1,58,9,-1,-1,-1,9,1,9
201601XD80590,1,11,0,3,0,0,0,0,0,0,0,1,1,1,39,7,4500,2,8,4,1,4
201601XD80592,1,1,0,18,0,1,0,0,0,0,2,1,6,2,78,11,-1,-1,-1,3,1,3
201601XD80592,2,9,0,18,0,1,0,0,0,0,1,1,6,1,-1,-1,-1,-1,-1,-1,-1,-1
201601XD80593,1,5,0,18,0,0,0,8,0,0,1,1,6,2,28,6,598,1,20,3,1,3
201601XD80593,2,21,0,2,0,0,0,0,0,0,3,1,1,1,61,9,4461,2,5,3,1,3
201601XD80594,1,9,0,18,0,0,2,4,0,0,1,1,6,1,21,5,1591,1,2,8,1,8
201601XD80594,2,9,0,2,0,0,0,0,0,0,1,1,6,1,61,9,1749,1,12,6,1,6
201601XD80596,1,19,0,5,0,1,0,0,0,0,1,1,2,1,47,8,-1,-1,-1,7,1,7
201601XD80596,2,8,0,8,0,1,0,0,0,0,2,1,1,1,59,9,1896,2,8,2,1,2
201601XD80597,1,11,0,18,2,1,0,0,0,0,4,1,1,2,40,7,9000,2,5,1,1,1
201601XD80598,1,9,0,18,0,0,0,0,0,0,1,1,6,1,75,10,1329,1,1,3,1,3
201601XD80599,1,8,0,9,0,8,0,0,0,0,1,1,1,1,33,6,1999,1,5,2,1,2
201601XD80599,2,3,0,14,0,8,0,0,0,0,1,1,6,1,18,4,125,1,5,2,1,2
201601XD80600,1,9,0,3,0,0,0,0,0,0,2,1,1,2,22,5,1493,2,11,-1,-1,-1
201601XD80600,2,9,0,3,0,0,0,0,0,0,2,1,6,1,76,11,2143,2,5,9,1,9
201601XD80600,3,9,0,4,0,0,0,0,0,0,1,1,6,2,30,6,1242,1,5,-1,-1,-1
201601XD80600,4,9,0,4,0,0,0,0,0,0,1,1,6,1,27,6,1896,2,11,2,1,2
201601XD80601,1,11,0,18,0,2,0,0,0,0,0,1,1,2,45,7,9000,2,5,1,1,1
201601XD80604,1,9,0,12,0,1,0,0,0,0,3,1,1,1,29,6,1968,2,-1,1,1,1
201601XD80604,2,4,0,18,0,1,0,0,0,0,4,1,6,1,57,9,599,1,7,3,1,3
201601XD80607,1,9,0,3,0,1,0,0,0,0,2,1,1,2,44,7,1598,2,1,6,1,6
201601XD80607,2,9,0,18,0,1,0,0,0,0,1,1,6,1,63,9,1956,2,6,6,1,6
201601XD80608,1,9,0,18,0,0,0,0,0,0,1,1,6,1,48,8,1364,1,-1,3,1,3
201601XD80609,1,19,0,5,0,0,0,0,0,0,1,1,6,3,-1,-1,-1,-1,-1,-1,-1,-1
201601XD80611,1,2,0,14,0,0,0,0,0,0,1,1,6,1,24,5,-1,-1,-1,4,1,4
201601XD80612,1,9,0,18,0,1,0,0,0,0,1,1,6,3,-1,-1,-1,-1,-1,-1,-1,-1
201601XD80613,1,11,0,3,0,0,0,0,0,0,0,1,1,1,64,9,-1,-1,-1,4,1,4
201601XD80614,1,9,0,9,0,8,0,0,0,0,4,1,6,1,-1,-1,1240,1,10,2,1,2
201601XD80614,2,1,0,18,0,8,0,0,0,0,1,1,6,1,32,6,-1,-1,-1,9,1,9
201601XD80615,1,3,0,14,0,0,0,0,0,0,4,1,6,1,37,7,-1,-1,-1,5,1,5
201601XD80615,2,9,0,5,0,0,0,0,0,0,3,1,1,1,24,5,1995,2,13,4,3,4
201601XD80616,1,9,0,18,0,1,0,0,0,0,1,1,1,1,44,7,1995,2,5,5,1,5
201601XD80616,2,9,0,4,0,1,0,0,0,0,2,1,6,2,66,10,1896,2,15,5,1,5
201601XD80616,3,9,0,4,0,1,0,0,0,0,2,1,6,1,54,8,-1,-1,-1,3,1,3
201601XD80619,1,1,0,4,0,8,1,0,0,0,1,1,2,2,29,6,-1,-1,-1,-1,-1,-1
201601XD80619,2,9,0,9,0,5,0,0,0,0,4,1,6,1,-1,-1,1796,1,9,4,1,4
201601XD80620,1,9,0,18,0,0,0,0,0,0,1,1,6,1,23,5,1956,2,5,-1,-1,-1
201601XD80620,2,9,0,6,0,0,0,0,0,0,1,1,6,1,29,6,2499,1,7,-1,-1,-1
201601XD80620,3,11,0,3,0,0,0,0,0,0,3,1,6,1,40,7,10518,2,6,-1,-1,-1
201601XD80624,1,5,0,15,2,8,0,0,0,0,3,1,6,1,25,5,-1,-1,-1,4,1,4
201601XD80624,2,19,0,7,0,8,0,0,0,0,4,1,6,1,31,6,2198,2,1,5,1,5
201601XD80626,1,9,0,4,0,2,0,0,0,0,1,1,6,1,47,8,-1,-1,-1,2,1,2
201601XD80626,2,9,0,4,0,2,0,0,0,0,2,1,1,1,41,7,-1,-1,-1,3,1,3
201601XD80628,1,11,0,18,0,2,0,0,0,0,0,1,1,1,49,8,9360,2,4,3,1,3
201601XD80631,1,9,0,18,0,0,0,0,0,0,4,1,6,1,43,7,1995,2,10,9,1,9
201601XD80632,1,9,0,18,0,1,0,0,0,0,3,1,6,1,47,8,1896,2,14,5,1,5
201601XD80632,2,9,0,18,0,2,0,0,0,0,3,1,6,2,29,6,-1,-1,-1,4,1,4
201601XD80633,1,9,0,9,0,1,0,0,0,0,2,1,6,1,45,7,1997,1,14,5,1,5
201601XD80633,2,9,0,13,0,1,0,0,0,0,1,1,6,2,34,6,1997,2,13,5,1,5
201601XD80635,1,9,0,3,0,1,0,0,0,0,2,1,1,2,33,6,1797,8,5,5,1,5
201601XD80635,2,19,0,18,0,1,0,0,0,0,1,1,6,3,-1,-1,-1,-1,-1,-1,-1,-1
201601XD80636,1,3,0,14,0,1,0,0,0,0,4,1,2,1,49,8,-1,-1,-1,6,1,6
201601XD80636,2,4,0,5,0,1,0,0,0,0,3,1,2,1,46,8,-1,-1,-1,5,1,5
201601XD80637,1,9,0,9,0,2,0,0,0,0,1,1,6,2,59,9,1388,1,11,5,1,5
201601XD80638,1,9,0,4,0,0,0,0,0,0,2,1,1,1,38,7,1998,2,10,2,1,2
201601XD80638,2,9,0,4,0,0,0,0,0,0,2,1,6,1,19,4,999,1,4,2,1,2
201601XD80638,3,9,0,18,0,0,0,0,0,0,1,1,6,1,27,6,1388,1,10,6,1,6
201601XD80640,1,3,0,3,0,1,0,0,0,0,1,1,2,2,18,4,-1,-1,-1,-1,-1,-1
201601XD80640,2,9,0,1,0,1,0,0,0,0,2,1,6,1,-1,-1,-1,-1,-1,-1,-1,-1
201601XD80642,1,9,0,3,0,0,0,0,0,0,2,1,2,1,49,8,1781,1,9,8,1,8
201601XD80642,2,8,0,18,0,0,0,0,0,0,1,1,6,1,-1,-1,-1,-1,-1,-1,-1,-1
201601XD80643,1,9,0,9,0,0,0,0,0,0,1,1,6,1,21,5,1598,2,3,1,1,1
201601XD80643,2,8,0,18,0,0,0,0,0,0,1,1,1,1,53,8,1968,2,4,5,1,5
201601XD80644,1,19,0,9,0,0,0,0,0,0,4,1,1,1,28,6,2402,2,6,8,1,8
201601XD80644,2,1,0,15,2,0,0,0,0,0,1,1,6,1,27,6,-1,-1,-1,2,1,2
201601XD80645,1,9,0,18,0,2,0,0,0,0,1,1,6,1,31,6,1398,1,1,6,1,6
201601XD80645,2,9,0,4,0,2,0,0,0,0,2,1,6,1,71,10,1973,1,17,3,1,3
201601XD80645,3,9,0,4,0,2,0,0,0,0,2,1,6,1,54,8,-1,-1,-1,8,1,8
201601XD80646,1,9,0,12,0,0,0,0,0,0,2,1,6,1,24,5,2143,2,5,4,1,4
201601XD80646,2,3,0,18,0,0,0,0,0,0,1,1,6,2,35,6,114,1,2,-1,-1,-1
201601XD80647,1,9,0,18,0,0,0,0,0,0,1,1,6,3,-1,-1,1798,8,1,-1,-1,-1
201601XD80647,2,1,0,18,9,0,0,0,0,0,4,1,6,1,9,2,-1,-1,-1,3,1,3
201601XD80648,1,9,0,1,2,0,0,0,0,0,2,1,6,2,42,7,1397,1,12,2,1,2
201601XD80648,2,11,0,3,2,0,0,0,0,0,1,1,1,1,39,7,4500,2,-1,8,1,8
201601XD80650,1,9,0,18,0,2,0,0,0,0,4,1,6,2,-1,-1,1598,1,8,1,1,1
201601XD80655,1,4,0,14,0,8,0,0,0,0,4,1,6,1,34,6,125,1,3,5,1,5
201601XD80655,2,9,0,9,0,8,0,0,0,0,1,1,6,1,30,6,1968,2,7,5,1,5
201601XD80656,1,9,0,4,0,0,0,0,0,0,2,1,6,1,37,7,2494,1,12,3,1,3
201601XD80656,2,19,0,18,0,0,0,0,0,0,1,1,1,1,45,7,2143,2,3,3,1,3
201601XD80658,1,11,0,18,0,1,0,0,0,0,0,1,1,1,36,7,9360,2,4,6,1,6
201601XD80659,1,9,0,18,0,0,0,0,0,0,3,1,6,1,49,8,1995,2,5,7,1,7
201601XD80659,2,9,0,18,0,0,0,0,0,0,2,1,6,2,45,7,-1,-1,-1,4,1,4
201601XD80659,3,9,0,13,0,0,0,0,0,0,1,1,6,3,-1,-1,4395,1,2,-1,-1,-1
201601XD80661,1,3,0,18,0,8,0,0,0,0,1,1,1,1,20,4,125,1,6,-1,-1,-1
201601XD80661,2,9,0,9,0,8,0,0,0,0,1,1,6,1,31,6,1995,2,11,8,1,8
201601XD80663,1,19,0,18,0,8,0,0,0,0,4,1,1,1,27,6,1598,2,4,1,1,1
201601XD80663,2,1,0,18,5,8,0,0,0,0,3,1,6,1,27,6,-1,-1,-1,-1,-1,-1
201601XD80665,1,11,0,4,0,1,0,0,0,0,0,1,1,1,50,8,9000,2,6,4,1,4
201601XD80666,1,9,0,18,0,1,0,0,0,0,0,1,6,1,54,8,1390,1,4,6,1,6
201601XD80667,1,9,0,18,0,0,0,0,0,0,4,1,6,1,-1,-1,-1,-1,-1,-1,-1,-1
201601XD80668,1,11,0,18,0,1,0,0,0,0,0,1,1,1,46,8,-1,-1,-1,5,1,5
201601XD80670,1,1,0,18,0,2,0,0,0,0,3,1,6,1,45,7,-1,-1,-1,7,1,7
201601XD80670,2,9,0,13,0,2,0,0,0,0,4,1,6,1,54,8,2976,1,12,4,1,4
201601XD80671,1,9,0,5,0,6,0,0,0,0,1,1,6,2,42,7,-1,-1,-1,7,1,7
201601XD80672,1,9,0,5,0,1,0,0,0,0,2,1,6,2,31,6,1390,1,9,-1,-1,-1
201601XD80672,2,9,0,5,0,1,0,0,0,0,1,1,6,1,62,9,2460,2,7,3,1,3
201601XD80673,1,5,0,18,0,1,0,4,0,0,1,1,6,1,32,6,-1,-1,-1,6,1,6
201601XD80673,2,9,0,3,0,1,0,0,0,0,2,1,6,2,35,6,1240,1,10,5,1,5
201601XD80673,3,9,0,2,0,1,0,0,0,0,4,1,6,2,38,7,-1,-1,-1,3,1,3
201601XD80673,4,9,0,2,0,1,0,0,0,0,4,1,6,2,38,7,-1,-1,-1,2,1,2
201601XD80674,1,9,0,6,0,0,0,10,7,10,1,1,6,1,85,11,1086,1,8,4,1,4
201601XD80676,1,9,0,9,0,2,0,0,0,0,1,1,1,1,39,7,1598,1,3,6,1,6
201601XD80677,1,9,0,18,0,0,0,10,0,0,1,1,6,2,-1,-1,1061,1,11,2,1,2
201601XD80678,1,19,0,18,0,2,0,0,0,0,3,1,6,1,42,7,2198,2,5,9,1,9
201601XD80678,2,9,0,18,0,1,0,0,1,3,4,1,6,1,25,5,1796,1,9,2,1,2
201601XD80679,1,9,0,9,0,1,0,0,0,0,3,1,6,2,35,6,1910,2,12,6,1,6
201601XD80679,2,4,0,13,0,1,0,0,0,0,4,1,6,2,41,7,125,1,3,6,1,6
201601XD80680,1,9,0,14,0,2,0,4,0,0,1,1,6,1,32,6,-1,-1,-1,3,1,3
201601XD80680,2,9,0,2,0,2,0,0,0,0,2,1,6,3,-1,-1,1397,1,9,-1,-1,-1
201601XD80680,3,9,0,2,0,2,0,0,0,0,3,1,6,3,-1,-1,2143,2,-1,-1,-1,-1
201601XD80680,4,9,0,2,0,2,0,0,0,0,2,1,6,3,-1,-1,1596,1,1,-1,-1,-1
201601XD80680,5,9,0,2,0,2,0,0,0,0,1,1,6,3,-1,-1,1339,1,7,-1,-1,-1
201601XD80680,6,9,0,2,0,2,0,0,0,0,4,1,6,3,-1,-1,1998,1,13,-1,-1,-1
201601XD80681,1,9,0,2,0,0,0,0,0,0,3,1,6,2,60,9,1389,1,15,6,1,6
201601XD80681,2,3,0,18,0,0,0,8,0,0,1,1,1,1,30,6,124,1,5,3,1,3
201601XD80682,1,9,0,16,0,0,0,0,0,0,3,1,6,2,59,9,1339,1,9,3,1,3
201601XD80682,2,5,0,17,0,0,0,0,0,0,1,1,6,1,31,6,636,1,2,5,1,5
201601XD80683,1,9,0,5,0,8,0,0,0,0,2,1,6,1,25,5,1600,1,12,-1,-1,-1
201601XD80683,2,9,0,5,0,8,0,0,0,0,1,1,1,1,45,7,-1,-1,-1,-1,-1,-1
201601XD80684,1,9,0,18,0,1,0,0,0,0,1,1,6,1,29,6,1560,2,12,8,3,8
201601XD80684,2,9,0,3,0,1,0,0,0,0,2,1,6,1,41,7,1998,1,9,3,1,3
201601XD80684,3,9,0,3,0,1,0,0,0,0,2,1,6,2,18,4,1598,2,4,5,1,5
201601XD80685,1,1,0,18,0,1,0,0,0,0,3,1,2,1,55,8,-1,-1,-1,5,1,5
201601XD80685,2,3,0,7,0,5,0,0,0,0,4,1,6,1,-1,-1,-1,-1,-1,-1,-1,-1
201601XD80686,1,9,0,3,0,1,0,0,0,0,2,1,6,1,51,8,1896,2,11,4,1,4
201601XD80686,2,9,0,18,0,1,0,0,0,0,1,1,6,1,-1,-1,1461,2,5,-1,1,-1
201601XD80687,1,11,0,3,0,0,0,0,0,0,0,1,1,1,34,6,9360,2,4,5,1,5
201601XD80688,1,8,0,18,0,0,0,10,0,0,4,1,1,1,-1,-1,1798,8,3,1,1,1
201601XD80689,1,19,0,18,0,1,0,0,0,0,1,1,1,1,27,6,1248,2,1,3,1,3
201601XD80692,1,9,0,18,0,0,0,0,0,0,1,1,6,1,34,6,1988,2,9,10,1,10
201601XD80693,1,9,0,18,0,2,0,0,0,0,1,1,6,1,33,6,-1,-1,-1,2,1,2
201601XD80694,1,9,0,18,0,0,0,4,0,0,1,1,6,1,25,5,1598,2,2,4,1,4
201601XD80694,2,9,0,3,0,0,0,0,0,0,1,1,6,1,28,6,998,1,14,8,1,8
201601XD80694,3,9,0,3,0,0,0,0,0,0,1,1,6,3,-1,-1,-1,-1,-1,-1,-1,-1
201601XD80698,1,9,0,18,0,0,0,4,0,0,3,1,6,2,55,8,1598,2,3,-1,-1,-1
201601XD80698,2,9,0,2,0,0,0,0,7,0,3,1,6,1,46,8,1995,2,7,6,1,6
201601XD80700,1,3,0,18,0,0,0,0,0,0,1,1,6,1,27,6,124,1,4,1,1,1
201601XD80701,1,9,0,5,0,8,0,0,0,0,4,1,6,1,42,7,1798,8,1,4,1,4
201601XD80701,2,1,0,5,0,8,0,0,0,0,1,1,6,1,-1,-1,-1,-1,-1,2,1,2
201601XD80702,1,9,3,18,0,2,3,0,0,0,1,1,2,2,44,7,1796,1,11,3,1,3
201601XD80702,2,9,0,6,0,1,0,0,0,0,4,1,6,1,26,6,1390,1,2,5,1,5
201601XD80703,1,9,0,18,0,8,0,0,0,0,4,1,1,1,40,7,2499,2,15,4,1,4
201601XD80703,2,9,0,9,0,8,0,0,0,0,1,1,6,1,33,6,1969,2,-1,3,1,3
201601XD80704,1,19,0,7,0,2,0,0,0,0,1,1,1,1,32,6,2198,2,3,5,1,5
201601XD80704,2,9,0,7,0,2,0,0,0,0,2,1,6,1,22,5,1339,1,10,1,1,1
201601XD80705,1,9,0,16,0,0,0,0,0,0,2,1,6,1,64,9,1461,2,10,3,1,3
201601XD80705,2,9,0,16,0,0,0,0,0,0,1,1,6,1,52,8,1753,2,9,10,1,10
201601XD80706,1,9,0,9,0,8,0,0,0,0,3,1,6,2,67,10,1560,2,2,7,1,7
201601XD80706,2,5,0,18,0,8,0,0,0,0,1,1,6,1,33,6,-1,-1,-1,2,1,2
201601XD80707,1,19,0,10,0,8,0,0,0,0,2,1,6,1,24,5,1995,2,3,3,1,3
201601XD80707,2,9,0,10,0,1,0,0,0,0,1,1,6,2,31,6,1598,1,8,4,1,4
201601XD80707,3,9,0,10,0,8,0,0,0,0,2,1,6,1,57,9,1794,1,14,4,1,4
201601XD80708,1,9,0,18,0,8,0,0,0,0,2,1,6,1,47,8,-1,-1,-1,-1,-1,-1
201601XD80708,2,19,0,18,0,8,0,0,0,0,1,1,6,1,56,9,1598,2,1,8,1,8
201601XD80709,1,9,0,18,0,8,0,0,0,0,4,1,6,1,28,6,1199,1,16,3,1,3
201601XD80709,2,9,0,9,0,8,0,0,0,0,1,1,6,1,-1,-1,1975,1,11,-1,-1,-1
201601XD80711,1,9,0,9,0,8,0,0,0,0,3,1,6,2,51,8,1595,1,11,4,1,4
201601XD80711,2,9,0,18,0,8,0,0,0,0,1,1,6,2,56,9,1390,1,7,3,1,3
201601XD80712,1,9,0,1,0,0,0,10,0,0,2,1,6,2,30,6,1390,1,15,2,1,2
201601XD80712,2,9,0,2,0,0,0,0,0,0,1,1,6,2,33,6,1900,2,11,7,1,7
201601XD80713,1,9,0,3,0,8,0,0,0,0,2,1,6,1,25,5,1598,1,12,2,1,2
201601XD80713,2,9,0,3,0,8,0,0,0,0,2,1,6,1,38,7,998,1,14,-1,-1,-1
201601XD80713,3,9,0,18,0,8,0,0,0,0,1,1,6,1,48,8,2400,2,2,2,1,2
201601XD80714,1,9,0,10,0,1,0,0,0,0,2,1,6,1,31,6,1388,1,13,3,1,3
201601XD80714,2,9,0,18,0,1,0,0,0,0,1,1,6,1,-1,-1,1999,1,13,5,1,5
201601XD80715,1,11,0,5,0,0,0,0,0,0,0,1,1,1,43,7,9000,2,6,-1,-1,-1
201601XD80716,1,9,0,18,0,1,0,0,0,0,4,1,6,1,75,10,2498,1,19,5,1,5
201601XD80716,2,9,0,18,0,1,0,0,0,0,1,1,6,1,31,6,1995,2,12,2,1,2
201601XD80717,1,9,0,9,0,8,0,0,0,0,2,1,6,1,26,6,-1,-1,-1,6,1,6
201601XD80717,2,3,0,18,0,8,0,0,0,0,1,1,6,1,-1,-1,125,1,3,3,1,3
201601XD80718,1,9,0,18,0,8,0,0,0,0,1,1,6,2,21,5,999,1,4,5,1,5
201601XD80718,2,9,0,4,0,8,0,0,0,0,2,1,6,2,29,6,1560,2,4,6,1,6
201601XD80719,1,21,0,4,0,0,0,0,0,0,2,1,1,1,35,6,8970,2,12,5,1,5
201601XD80719,2,9,0,18,0,0,0,0,0,0,1,1,6,1,39,7,1995,2,8,4,1,4
201601XD80721,1,5,0,18,0,0,0,0,0,0,1,1,6,1,40,7,675,1,-1,9,1,9
201601XD80721,2,9,0,12,0,0,0,0,0,0,0,1,6,1,41,7,698,1,13,5,1,5
201601XD80721,3,9,0,18,0,0,0,0,0,0,2,1,6,1,34,6,1499,2,-1,10,1,10
201601XD80722,1,3,0,18,0,8,0,0,0,0,4,1,6,1,-1,-1,599,1,12,3,1,3
201601XD80727,1,9,0,16,0,0,0,0,0,0,1,1,6,2,25,5,1360,1,15,3,1,3
201601XD80727,2,9,0,16,0,0,0,0,0,0,2,1,6,1,45,7,2148,2,13,3,1,3
201601XD80728,1,19,0,17,0,8,0,0,0,0,3,1,6,1,47,8,1896,2,10,10,1,10
201601XD80728,2,1,0,9,0,8,0,0,0,0,1,1,6,1,19,4,-1,-1,-1,7,1,7
201601XD80729,1,9,0,9,0,8,0,0,0,0,1,1,6,2,56,9,1598,1,4,3,1,3
201601XD80729,2,9,0,1,0,8,0,0,0,0,2,1,6,1,-1,-1,-1,-1,-1,-1,-1,-1
201601XD80731,1,21,1,7,0,8,0,10,1,1,4,1,1,1,59,9,12777,2,-1,1,3,1
201601XD80732,1,9,0,4,0,2,0,0,0,0,2,1,6,1,35,6,-1,-1,-1,8,1,8
201601XD80732,2,19,0,18,0,2,0,0,0,0,1,1,6,1,-1,-1,1968,2,3,2,1,2
201601XD80733,1,3,0,3,0,0,0,0,0,0,4,1,6,1,24,5,125,1,9,2,1,2
201601XD80733,2,9,0,5,0,0,0,0,0,0,3,1,6,3,-1,-1,1329,1,5,-1,-1,-1
201601XD80734,1,5,0,18,0,0,0,0,0,0,1,1,6,1,39,7,-1,-1,-1,7,1,7
201601XD80734,2,9,0,18,0,0,0,0,0,0,1,1,6,1,46,8,2926,2,15,6,1,6
201601XD80734,3,9,0,2,0,0,0,0,0,0,2,1,6,1,-1,-1,1895,1,15,7,1,7
201601XD80735,1,9,0,9,0,8,0,0,0,0,1,1,6,1,81,11,1275,1,17,2,1,2
201601XD80735,2,8,0,18,0,8,0,0,0,0,1,1,1,1,49,8,2402,2,14,5,1,5
201601XD80737,1,9,0,18,0,0,0,0,1,0,1,1,6,3,-1,-1,-1,-1,-1,-1,-1,-1
201601XD80739,1,9,0,16,0,0,0,0,0,0,2,1,6,1,59,9,1591,1,1,3,1,3
201601XD80739,2,9,0,16,0,0,0,0,0,0,1,1,6,1,62,9,1999,1,-1,4,1,4
201601XD80740,1,5,0,18,0,8,0,0,0,0,1,1,6,1,23,5,249,1,5,5,1,5
201601XD80740,2,19,0,10,0,8,0,0,0,0,2,1,6,1,27,6,2198,2,4,8,1,8
201601XD80741,1,9,0,2,0,1,0,0,0,0,3,1,6,1,35,6,2231,2,8,5,1,5
201601XD80741,2,9,0,18,0,1,0,8,0,0,1,1,6,1,52,8,2987,2,10,-1,-1,-1
201601XD80743,1,9,0,4,0,8,0,0,0,0,2,1,6,1,28,6,1798,1,6,3,1,3
201601XD80743,2,9,0,18,0,8,0,0,0,0,1,1,6,1,45,7,1598,1,10,-1,-1,-1
201601XD80744,1,5,0,18,0,0,0,0,0,0,1,1,6,1,21,5,689,1,-1,1,1,1
201601XD80746,1,9,0,9,0,8,0,0,0,0,3,1,6,1,45,7,2354,1,13,3,1,3
201601XD80747,1,9,0,4,0,0,0,0,0,0,2,1,6,2,40,7,1956,2,-1,3,1,3
201601XD80747,2,9,0,18,0,0,0,0,0,0,2,1,6,1,25,5,898,1,-1,3,1,3
201601XD80747,3,9,0,18,0,0,0,0,0,0,1,1,6,2,40,7,1598,2,-1,4,1,4
201601XD80748,1,1,0,16,0,8,0,0,0,0,1,1,6,1,16,4,-1,-1,-1,6,1,6
201601XD80748,2,9,0,18,0,8,0,0,0,0,1,1,6,1,-1,-1,998,1,13,4,1,4
201601XD80749,1,9,0,18,0,0,0,0,0,0,1,1,6,1,30,6,1598,2,-1,7,1,7
201601XD80750,1,9,0,1,0,0,0,0,0,0,2,1,6,1,68,10,1997,2,12,5,1,5
201601XD80751,1,9,0,16,0,8,0,0,0,0,2,1,6,2,21,5,1197,1,1,4,1,4