Accident_Index,Vehicle_Reference,Vehicle_Type,Towing_and_Articulation,Vehicle_Manoeuvre,Vehicle_Location-Restricted_Lane,Junction_Location,Skidding_and_Overturning,Hit_Object_in_Carriageway,Vehicle_Leaving_Carriageway,Hit_Object_off_Carriageway,1st_Point_of_Impact,Was_Vehicle_Left_Hand_Drive?,Journey_Purpose_of_Driver,Sex_of_Driver,Age_of_Driver,Age_Band_of_Driver,Engine_Capacity_(CC),Propulsion_Code,Age_of_Vehicle,Driver_IMD_Decile,Driver_Home_Area_Type,Vehicle_IMD_Decile
201601XH30329,1,19,0,18,0,0,0,0,0,0,1,1,6,1,50,8,3920,2,11,1,1,1
201601XH30329,2,19,0,3,0,0,0,0,0,0,2,1,6,1,32,6,1399,2,8,-1,-1,-1
201601XH30331,1,9,0,4,0,1,0,0,0,0,1,1,2,1,33,6,1998,1,12,6,1,6
201601XH30331,2,1,0,18,0,2,0,0,0,0,1,1,1,1,49,8,-1,-1,-1,8,1,8
201601XH30332,1,9,0,18,0,2,0,7,4,1,1,1,6,1,24,5,2996,1,10,-1,-1,-1
201601XH30333,1,9,0,18,0,8,0,0,0,0,2,1,6,2,23,5,1229,1,10,5,1,5
201601XH30333,2,8,0,18,0,8,0,0,0,0,1,1,1,1,27,6,1686,2,5,7,1,7
201601XH30334,1,9,0,18,0,0,0,0,0,0,1,1,6,2,83,11,1998,1,15,10,1,10
201601XH30334,2,5,0,18,0,0,0,0,0,0,2,1,6,1,38,7,-1,-1,-1,7,1,7
201601XH30337,1,9,0,4,0,0,0,0,0,0,1,1,2,2,40,7,1997,2,2,8,3,8
201601XH30337,2,19,0,4,0,0,0,0,0,0,2,1,6,1,48,8,-1,-1,-1,2,1,2
201601XH30338,1,9,0,18,0,0,0,0,5,6,4,1,6,2,-1,-1,1769,1,24,-1,-1,-1
201601XH30340,1,3,0,4,0,0,0,0,0,0,1,1,2,1,27,6,-1,-1,-1,-1,-1,-1
201601XH30340,2,9,0,18,0,0,0,0,0,0,4,1,6,3,-1,-1,-1,-1,-1,-1,-1,-1
201601XH30341,1,9,0,10,0,0,0,0,0,0,2,1,6,1,30,6,1790,8,4,5,1,5
201601XH30341,2,9,0,18,0,0,0,0,0,0,1,1,6,3,-1,-1,-1,-1,-1,-1,-1,-1
201601XH30342,1,9,0,9,0,6,0,0,0,0,1,1,6,1,26,6,1995,2,9,3,1,3
201601XH30342,2,9,0,18,0,8,0,0,4,6,3,1,6,1,25,5,1390,1,10,-1,-1,-1
201601XH30343,1,9,0,18,0,8,0,0,0,0,3,1,6,1,25,5,1598,2,4,5,1,5
201601XH30343,2,9,0,18,0,8,0,0,0,0,4,1,6,2,29,6,1399,1,8,4,1,4
201601XH30347,1,9,0,18,0,0,0,0,0,0,1,1,6,1,32,6,1896,2,12,5,1,5
201601XH30348,1,9,0,18,0,0,0,0,0,0,1,1,6,1,24,5,5461,1,2,3,1,3
201601XH30348,2,9,0,18,0,0,0,0,0,0,2,1,6,1,23,5,-1,-1,-1,5,1,5
201601XH30348,3,9,0,18,0,0,0,0,0,0,2,1,6,1,43,7,-1,-1,-1,4,1,4
201601XH30349,1,9,0,18,0,0,0,0,0,0,1,1,6,1,35,6,1596,1,9,2,1,2
201601XH30353,1,11,0,4,0,1,0,0,0,0,0,1,1,1,31,6,6700,2,4,8,1,8
201601XH30354,1,9,0,18,0,0,0,0,0,0,4,1,2,2,21,5,1388,1,5,5,1,5
201601XH30356,1,11,0,18,0,0,0,0,0,0,1,1,6,1,25,5,4500,2,6,-1,-1,-1
201601XH30356,2,9,0,18,0,0,0,0,0,0,1,1,6,3,-1,-1,-1,-1,-1,-1,-1,-1
201601XH30357,1,4,0,18,0,8,0,0,0,0,2,1,6,1,24,5,599,1,6,4,1,4
201601XH30357,2,8,0,7,0,8,0,0,0,0,1,1,6,3,-1,-1,-1,-1,-1,-1,-1,-1
201601XH30358,1,1,0,7,0,8,0,0,0,0,3,1,6,1,35,6,-1,-1,-1,9,1,9
201601XH30358,2,9,0,18,0,8,0,0,0,0,1,1,6,3,-1,-1,-1,-1,-1,-1,-1,-1
201601XH30359,1,9,0,18,0,8,0,0,0,0,4,1,6,1,35,6,1461,2,2,5,1,5
201601XH30359,2,9,0,18,0,8,0,0,0,0,1,1,6,1,-1,-1,1797,1,4,-1,-1,-1
201601XH30362,1,11,0,4,2,1,0,0,0,0,0,1,1,1,58,9,4500,2,7,9,1,9
201601XH30363,1,9,0,18,0,2,0,0,0,0,3,1,6,1,39,7,-1,-1,-1,-1,-1,-1
201601XH30364,1,11,0,18,2,1,0,0,0,0,4,1,1,1,32,6,5883,2,14,2,1,2
201601XH30372,1,9,0,4,0,8,0,0,0,0,1,1,2,1,32,6,1753,2,9,4,1,4
201601XH30372,2,9,0,9,0,5,0,0,0,0,4,1,3,2,43,7,1299,1,11,-1,-1,-1
201601XH30373,1,9,0,18,0,8,0,0,0,0,3,1,6,2,28,6,1461,2,11,9,1,9
201601XH30373,2,9,0,9,0,8,0,0,0,0,1,1,6,1,71,10,1797,8,3,6,1,6
201601XH30377,1,1,0,18,0,0,0,0,0,0,1,1,6,1,39,7,-1,-1,-1,3,1,3
201601XH30377,2,19,0,7,0,0,0,0,0,0,3,1,6,3,-1,-1,-1,-1,-1,-1,-1,-1
201601XH30378,1,9,0,18,0,2,0,0,0,0,1,1,6,2,36,7,1461,2,5,5,1,5
201601XH30378,2,1,0,18,0,2,0,0,0,0,4,1,6,1,11,3,-1,-1,-1,3,1,3
201601XH30379,1,9,0,2,9,0,0,0,0,0,3,1,2,1,28,6,1998,1,11,-1,-1,-1
201601XH30379,2,1,0,18,0,0,0,0,0,0,1,1,6,1,-1,-1,-1,-1,-1,-1,-1,-1
201601XH30386,1,9,0,4,0,8,0,0,0,0,2,1,6,1,-1,-1,1396,1,2,-1,-1,-1
201601XH30386,2,9,0,4,0,8,0,0,0,0,1,1,2,2,40,7,1590,1,11,5,1,5
201601XH30386,3,9,0,4,0,8,0,0,0,0,1,1,2,2,29,6,1598,1,9,3,1,3
201601XH30390,1,9,0,11,0,0,1,0,5,6,1,1,2,1,28,6,1560,2,8,5,1,5
201601XH30390,2,9,0,8,0,0,0,4,0,0,3,1,6,1,37,7,1796,1,15,2,1,2
201601XH30390,3,9,0,2,0,0,0,0,0,0,2,1,6,1,38,7,-1,-1,-1,-1,-1,-1
201601XH30392,1,9,0,9,0,8,0,0,0,0,4,1,1,1,59,9,-1,-1,-1,-1,-1,-1
201601XH30392,2,9,0,18,0,8,0,0,0,0,3,1,6,1,35,6,1968,2,5,3,1,3
201601XH30394,1,9,0,4,0,8,0,0,0,0,1,1,2,1,28,6,1968,2,3,-1,-1,-1
201601XH30394,2,9,0,11,0,8,0,0,0,0,2,1,6,2,28,6,1598,1,10,3,1,3
201601XH30396,1,9,0,18,0,8,0,4,0,0,3,1,6,1,45,7,2198,1,11,5,1,5
201601XH30396,2,9,0,18,0,8,0,0,0,0,1,1,6,1,18,4,1598,1,10,3,1,3
201601XH30396,3,9,0,2,0,2,0,0,0,0,2,1,6,3,-1,-1,1769,1,14,-1,-1,-1
201601XH30397,1,1,0,18,0,2,0,0,0,0,1,1,6,2,47,8,-1,-1,-1,6,1,6
201601XH30397,2,9,0,4,0,2,0,0,0,0,2,1,6,1,35,6,998,1,12,5,1,5
201601XH30398,1,9,0,2,0,0,0,0,0,0,3,1,6,1,-1,-1,1997,2,6,4,1,4
201601XH30398,2,1,0,18,0,0,0,8,0,0,1,1,6,1,13,3,-1,-1,-1,9,1,9
201601XH30399,1,9,0,5,0,6,0,0,0,0,3,1,1,2,35,6,2231,2,3,3,1,3
201601XH30399,2,9,0,4,0,8,0,0,0,0,1,1,1,1,18,4,1124,1,11,-1,-1,-1
201601XH30400,1,9,0,8,0,1,0,0,0,0,2,1,6,2,42,7,1999,1,11,8,1,8
201601XH30400,2,19,0,18,0,1,0,0,0,0,1,1,6,1,-1,-1,1995,2,5,-1,-1,-1
201601XH30401,1,9,0,3,0,1,0,0,0,0,2,1,1,1,41,7,1149,1,13,5,1,5
201601XH30401,2,19,0,18,0,1,0,0,0,0,1,1,6,1,45,7,1868,2,15,-1,-1,-1
201601XH30402,1,1,0,18,0,8,0,10,1,0,3,1,2,1,41,7,-1,-1,-1,3,1,3
201601XH30402,2,20,0,18,0,8,0,0,0,0,4,1,6,3,-1,-1,-1,-1,-1,-1,-1,-1
201601XH30404,1,9,0,18,0,0,0,0,0,0,3,1,6,2,41,7,1997,2,6,9,1,9
201601XH30404,2,9,0,18,0,0,0,0,0,0,3,1,6,1,53,8,1985,1,19,6,1,6
201601XH30406,1,11,0,18,0,0,0,0,0,0,1,1,1,1,34,6,4500,2,8,8,1,8
201601XH30407,1,1,0,18,0,1,0,0,0,0,2,1,6,2,17,4,-1,-1,-1,5,1,5
201601XH30407,2,9,0,18,0,1,0,0,0,0,1,1,6,3,-1,-1,-1,-1,-1,-1,-1,-1
201601XH30408,1,9,0,18,0,0,0,0,0,0,1,1,6,2,23,5,1598,2,6,2,1,2
201601XH30409,1,9,0,18,0,8,0,0,0,0,3,1,6,2,57,9,999,1,18,6,3,6
201601XH30409,2,19,0,14,0,6,0,0,0,0,1,1,1,1,36,7,1753,2,7,4,1,4
201601XH30410,1,9,0,7,0,5,0,0,0,0,4,1,1,2,22,5,1598,1,4,4,1,4
201601XH30410,2,1,0,18,4,8,0,0,0,0,1,1,6,1,66,10,-1,-1,-1,7,1,7
201601XH30411,1,8,0,5,0,8,0,0,0,0,1,1,6,1,42,7,1791,8,5,-1,-1,-1
201601XH30411,2,9,0,18,0,6,0,0,0,0,3,1,6,2,50,8,1499,1,1,4,1,4
201601XH30416,1,9,0,9,0,5,0,0,1,4,1,1,2,1,61,9,1598,1,17,7,2,7
201601XH30416,2,19,0,18,0,8,0,0,0,0,1,1,1,1,36,7,1968,2,2,8,1,8
201601XH30417,1,9,0,18,0,8,0,0,0,0,1,1,1,1,41,7,-1,-1,-1,-1,-1,-1
201601XH30417,2,9,0,18,0,8,0,0,7,1,1,1,6,1,-1,-1,1995,1,11,-1,-1,-1
201601XH30418,1,9,0,3,0,1,0,0,0,0,2,1,6,2,30,6,998,1,1,10,1,10
201601XH30418,2,9,0,5,0,1,0,0,0,0,1,1,6,2,27,6,1328,1,14,4,1,4
201601XH30419,1,19,0,18,0,0,1,0,1,10,1,1,6,1,40,7,2402,2,15,4,1,4
201601XH30421,1,9,0,4,0,8,0,0,0,0,2,1,3,1,-1,-1,1598,1,14,3,1,3
201601XH30421,2,9,0,5,0,8,0,0,0,0,1,1,6,1,-1,-1,1968,2,6,4,1,4
201601XH30422,1,9,0,18,0,8,0,0,0,0,4,1,2,2,-1,-1,998,1,10,2,1,2
201601XH30422,2,9,0,1,0,8,0,0,0,0,2,1,6,1,30,6,1896,2,9,-1,-1,-1
201601XH30424,1,1,0,18,0,8,0,0,0,0,4,1,6,2,42,7,-1,-1,-1,3,1,3
201601XH30424,2,9,0,9,0,8,0,0,0,0,1,1,6,2,38,7,1598,1,3,5,1,5
201601XH30425,1,19,0,12,0,8,0,0,1,7,2,1,1,1,26,6,2148,2,11,-1,-1,-1
201601XH30425,2,21,0,18,0,8,0,0,0,0,1,1,1,1,51,8,10677,2,2,3,1,3
201601XH30426,1,3,0,9,0,5,0,0,0,0,1,1,6,1,21,5,124,1,2,4,1,4
201601XH30426,2,9,0,5,0,8,0,0,0,0,3,1,6,2,72,10,1388,1,12,10,1,10
201601XH30432,1,9,0,18,0,8,0,0,0,0,4,1,6,1,36,7,2995,8,-1,10,1,10
201601XH30432,2,1,0,18,0,8,0,0,0,0,1,1,6,1,33,6,-1,-1,-1,8,1,8
201601XH30435,1,9,0,18,0,1,0,0,0,0,1,1,6,1,80,11,1398,2,14,5,1,5
201601XH30436,1,9,0,18,0,8,0,0,0,0,1,1,6,2,46,8,1364,1,7,-1,-1,-1
201601XH30436,2,9,0,18,0,8,0,0,0,0,4,1,6,1,50,8,1598,1,3,2,1,2
201601XH30439,1,9,0,3,0,0,0,0,0,0,2,1,6,1,27,6,1968,2,5,3,1,3
201601XH30439,2,9,0,3,0,0,0,0,0,0,2,1,6,2,35,6,-1,-1,-1,3,1,3
201601XH30439,3,19,0,3,0,0,0,0,0,0,2,1,6,1,56,9,2461,2,12,3,1,3
201601XH30439,4,9,0,3,0,0,0,0,0,0,2,1,6,1,39,7,1498,1,8,5,1,5
201601XH30439,5,9,0,18,0,0,0,0,0,0,1,1,6,1,45,7,3960,1,19,5,1,5
201601XH30441,1,9,0,10,0,1,0,0,0,0,2,1,6,1,33,6,1339,1,8,5,1,5
201601XH30441,2,9,0,18,0,1,0,0,0,0,1,1,6,1,-1,-1,4511,1,13,-1,-1,-1
201601XH30442,1,9,0,9,0,8,0,0,0,0,3,1,6,1,43,7,2688,2,14,9,1,9
201601XH30442,2,1,0,13,0,8,0,0,0,0,4,1,6,1,28,6,-1,-1,-1,5,1,5
201601XH30447,1,1,0,5,0,1,0,0,0,0,2,1,6,1,48,8,-1,-1,-1,8,3,8
201601XH30447,2,9,0,18,0,1,0,0,0,0,1,1,6,1,-1,-1,-1,-1,-1,8,1,8
201601XH30451,1,9,0,9,0,8,0,0,0,0,3,1,6,2,36,7,2902,2,14,3,1,3
201601XH30451,2,1,0,18,0,8,0,0,0,0,1,1,6,1,45,7,-1,-1,-1,5,1,5
201601XH30452,1,9,0,5,0,8,0,0,0,0,1,2,6,1,28,6,-1,-1,-1,4,1,4
201601XH30452,2,9,0,18,0,8,0,0,0,0,1,1,6,2,-1,-1,-1,-1,-1,5,1,5
201601XH30453,1,9,0,9,0,8,0,0,0,0,1,1,6,1,19,4,1587,1,13,5,1,5
201601XH30453,2,9,0,18,0,8,0,0,0,0,3,1,6,1,23,5,1986,2,10,3,1,3
201601XH30454,1,9,0,9,0,8,0,0,0,0,3,1,6,2,26,6,1398,1,6,3,1,3
201601XH30454,2,3,0,13,0,8,0,0,0,0,4,1,6,1,-1,-1,125,1,2,3,1,3
201601XH30456,1,9,0,4,0,1,0,0,0,0,2,1,6,2,23,5,2400,2,1,9,1,9
201601XH30456,2,9,0,18,0,1,0,0,0,0,1,1,6,1,30,6,-1,-1,-1,5,1,5
201601XH30459,1,9,0,3,0,2,0,0,0,0,1,1,6,2,31,6,1598,1,9,4,1,4
201601XH30459,2,8,0,18,0,2,0,0,0,0,1,1,1,1,43,7,1968,2,4,5,1,5
201601XH30461,1,9,0,18,0,1,0,10,7,10,4,1,6,1,18,4,1388,1,14,-1,-1,-1
201601XH30462,1,11,0,2,0,0,0,0,0,0,0,1,1,1,-1,-1,4500,2,-1,-1,-1,-1
201601XH30464,1,5,0,18,0,8,0,10,0,0,4,1,6,1,28,6,249,1,6,6,2,6
201601XH30465,1,9,0,8,0,1,0,0,0,0,2,1,6,1,43,7,1388,1,12,6,2,6
201601XH30465,2,9,0,7,0,1,0,0,0,0,1,1,6,1,-1,-1,2495,2,15,7,1,7
201601XH30466,1,9,0,18,0,1,0,11,0,0,1,1,6,2,24,5,998,1,8,5,1,5
201601XH30466,2,9,0,18,0,2,0,0,0,0,1,1,6,1,48,8,1598,1,12,7,1,7
201601XH30467,1,9,0,9,0,8,0,10,1,0,1,1,6,2,43,7,1389,1,12,5,1,5
201601XH30467,2,9,0,3,0,8,0,0,0,0,1,1,6,1,67,10,-1,-1,-1,7,1,7
201601XH30468,1,9,0,18,0,8,0,10,7,10,4,1,6,1,28,6,1799,1,6,9,1,9
201601XH30468,2,9,0,18,0,8,0,0,0,0,1,1,6,1,54,8,1198,1,7,6,1,6
201601XH30471,1,90,0,16,0,2,5,0,0,0,4,1,1,1,30,6,-1,-1,-1,8,1,8
201601XH30473,1,3,0,18,0,8,0,0,0,0,1,1,6,2,29,6,124,1,8,7,1,7
201601XH30477,1,9,0,3,0,0,0,0,0,0,2,1,6,1,56,9,-1,-1,-1,7,1,7
201601XH30477,2,9,0,4,0,0,0,0,0,0,1,1,6,1,35,6,-1,-1,-1,5,1,5
201601XH30479,1,9,0,5,0,8,0,10,1,10,1,1,6,1,30,6,1499,1,10,6,1,6
201601XH30479,2,9,0,18,0,8,0,0,0,0,1,1,6,1,21,5,1995,2,9,2,1,2
201601XH30480,1,9,0,18,0,0,0,0,0,0,3,1,6,1,35,6,1997,2,12,3,1,3
201601XH30480,2,9,0,18,0,0,0,0,0,0,3,1,6,3,-1,-1,1896,2,6,-1,-1,-1
201601XH30481,1,9,0,18,0,0,0,4,0,0,1,1,6,1,82,11,1398,1,2,7,1,7
201601XH30481,2,9,0,2,0,0,0,4,0,0,1,1,6,3,-1,-1,1397,1,15,-1,-1,-1
201601XH30481,3,9,0,2,0,0,0,4,0,0,2,1,6,3,-1,-1,1398,1,5,-1,-1,-1
201601XH30482,1,9,0,14,0,8,0,0,0,0,3,1,6,2,58,9,1998,1,13,6,1,6
201601XH30483,1,9,0,9,0,8,0,0,0,0,4,1,6,1,23,5,1400,2,9,4,1,4
201601XH30483,2,9,0,18,0,8,0,0,0,0,1,1,6,1,52,8,1998,1,12,6,1,6
201601XH30484,1,9,0,18,0,0,0,10,1,4,1,1,6,1,25,5,1388,1,14,9,1,9
201601XH30485,1,9,0,5,0,8,0,0,0,0,1,1,1,1,-1,-1,-1,-1,-1,-1,-1,-1
201601XH30485,2,1,0,18,0,8,0,0,0,0,4,1,6,1,68,10,-1,-1,-1,3,1,3
201601XH30486,1,19,0,14,0,0,0,0,0,0,3,1,6,1,30,6,2461,2,9,3,1,3
201601XH30486,2,2,0,13,0,0,0,0,0,0,4,1,6,1,19,4,124,1,13,3,1,3
201601XH30487,1,9,0,7,2,8,0,0,0,0,4,1,6,1,51,8,2268,2,-1,1,1,1
201601XH30487,2,4,0,18,2,8,0,0,0,0,1,1,6,1,36,7,600,1,13,6,1,6
201601XH30488,1,9,0,18,0,1,0,0,0,0,1,1,2,1,54,8,1988,1,14,3,1,3
201601XH30488,2,9,0,3,0,1,0,0,0,0,2,1,2,1,65,9,-1,-1,-1,3,1,3
201601XH30489,1,1,0,14,0,0,0,0,0,0,2,1,6,2,23,5,-1,-1,-1,4,1,4
201601XH30489,2,8,0,14,0,0,0,0,0,0,1,1,6,1,41,7,2143,2,4,2,1,2
201601XH30490,1,8,0,18,0,1,0,0,0,0,0,1,1,1,-1,-1,-1,-1,-1,-1,-1,-1
201601XH30491,1,9,0,3,0,2,0,0,0,0,2,1,6,1,48,8,1390,1,13,9,1,9
201601XH30491,2,9,0,18,0,2,0,0,0,0,1,1,6,1,-1,-1,2143,2,-1,-1,-1,-1
201601XH30494,1,9,0,18,0,8,5,4,0,0,1,1,6,2,-1,-1,875,1,5,3,1,3
201601XH30494,2,9,0,2,0,8,0,0,0,0,1,1,6,3,-1,-1,1968,2,5,-1,-1,-1
201601XH30497,1,9,0,6,0,8,0,0,0,0,3,1,6,2,29,6,1364,1,8,5,1,5
201601XH30497,2,2,0,13,0,8,0,0,0,0,1,1,6,1,33,6,108,1,-1,5,1,5
201601XH30498,1,8,0,18,0,0,0,0,0,0,1,1,1,1,34,6,1997,2,5,5,1,5
201601XH30498,2,19,0,11,0,0,0,0,0,0,2,1,6,3,-1,-1,-1,-1,-1,-1,-1,-1
201601XH30499,1,20,0,3,0,1,0,0,0,0,2,1,1,1,60,9,12130,2,10,3,1,3
201601XH30499,2,9,0,18,0,1,0,0,0,0,1,1,6,1,47,8,-1,-1,-1,6,1,6
201601XH30500,1,9,0,4,0,0,0,0,0,0,2,1,6,1,41,7,-1,-1,-1,2,1,2
201601XH30500,2,9,0,18,0,0,0,0,0,0,1,1,6,3,-1,-1,-1,-1,-1,-1,-1,-1
201601XH30503,1,9,0,9,0,8,0,0,0,0,1,1,1,1,34,6,1598,2,1,8,1,8
201601XH30503,2,9,0,18,0,8,0,0,0,0,1,1,3,2,30,6,1360,1,8,3,1,3
201601XH30504,1,9,0,8,0,1,0,0,0,0,2,1,6,1,37,7,998,1,-1,-1,-1,-1
201601XH30504,2,9,0,18,0,1,0,0,0,0,1,1,6,2,43,7,3628,2,7,6,1,6
201601XH30513,1,1,0,18,0,8,0,0,0,0,4,1,6,1,-1,-1,-1,-1,-1,8,3,8
201601XH30515,1,9,0,18,0,8,0,0,0,0,1,1,6,1,24,5,1995,2,6,5,1,5
201601XH30515,2,9,0,12,0,8,0,0,0,0,2,1,6,1,56,9,1997,1,12,6,1,6
201601XH30515,3,9,0,4,0,8,0,0,0,0,2,1,6,1,19,4,998,1,18,5,1,5
201601XH30516,1,9,0,9,0,8,0,10,7,10,4,1,6,1,21,5,1197,1,1,2,1,2
201601XH30516,2,9,0,18,0,8,0,0,0,0,3,1,6,1,53,8,1388,1,4,7,1,7
201601XH30517,1,9,0,18,0,0,0,0,0,0,1,1,6,2,35,6,1598,1,2,7,1,7
201601XH30517,2,9,0,18,0,0,0,0,0,0,1,1,6,2,-1,-1,1364,1,10,2,1,2
201601XH30518,1,9,0,3,0,1,0,0,0,0,4,1,6,1,34,6,1995,2,10,3,1,3
201601XH30518,2,1,0,18,4,1,0,4,0,0,3,1,6,2,31,6,-1,-1,-1,6,1,6
201601XH30519,1,9,0,18,0,1,0,10,1,1,1,1,6,1,69,10,1242,1,-1,5,1,5
201601XH30519,2,9,0,13,0,2,0,0,0,0,1,1,6,3,-1,-1,1796,1,8,-1,-1,-1
201601XH30519,3,9,0,18,0,2,0,0,0,0,3,1,6,1,36,7,1596,1,9,2,1,2
201601XH30521,1,3,0,18,0,0,0,0,0,0,3,1,6,1,31,6,125,1,2,4,1,4
201601XH30521,2,9,0,13,0,0,0,0,0,0,4,1,6,3,-1,-1,-1,-1,-1,-1,-1,-1
201601XH30522,1,9,0,18,0,0,0,10,1,10,1,1,6,1,-1,-1,-1,-1,-1,6,3,6
201601XH30522,2,1,0,18,0,0,0,0,0,0,1,1,6,1,13,3,-1,-1,-1,3,1,3
201601XH30523,1,19,0,16,0,8,0,0,0,0,1,1,1,1,55,8,2463,2,10,1,1,1
201601XH30523,2,9,0,16,0,8,0,0,0,0,4,1,6,2,43,7,1373,1,-1,9,1,9
201601XH30524,1,9,0,9,0,8,0,0,0,0,1,1,6,1,21,5,999,1,14,7,1,7
201601XH30524,2,4,0,18,0,8,0,0,0,0,4,1,6,1,29,6,124,1,8,3,1,3
201601XH30525,1,9,0,18,0,8,0,0,0,0,1,1,6,2,37,7,2148,2,11,8,1,8
201601XH30528,1,9,0,18,0,1,0,0,0,0,1,1,6,2,46,8,1598,1,9,9,1,9
201601XH30530,1,9,0,18,0,8,0,10,1,4,1,1,6,2,24,5,1248,1,-1,8,1,8
201601XH30533,1,9,0,18,0,8,0,0,0,0,1,1,6,1,41,7,999,1,2,-1,-1,-1
201601XH30534,1,9,0,18,0,0,0,0,0,0,3,1,6,1,30,6,1399,1,8,3,1,3
201601XH30534,2,9,0,12,0,0,0,0,0,0,3,1,6,1,-1,-1,1596,1,17,-1,-1,-1
201601XH30535,1,9,0,18,0,0,0,0,0,0,4,1,6,3,-1,-1,-1,-1,-1,-1,-1,-1
201601XH30536,1,19,0,7,0,8,0,0,0,0,1,1,6,1,33,6,1968,2,1,10,1,10
201601XH30536,2,1,0,17,0,8,0,0,0,0,1,1,6,1,45,7,-1,-1,-1,4,1,4
201601XH30537,1,9,0,4,0,0,0,0,0,0,2,2,6,1,35,6,-1,-1,-1,9,1,9
201601XH30537,2,9,0,18,0,0,0,0,0,0,1,1,6,2,36,7,2000,2,7,3,1,3
201601XH30537,3,9,0,18,0,0,0,0,0,0,1,1,6,2,45,7,1598,1,14,9,3,9
201601XH30538,1,90,0,18,9,1,0,0,0,0,1,1,6,1,-1,-1,-1,-1,-1,-1,-1,-1
201601XH30540,1,9,0,18,0,8,0,10,1,10,1,1,6,1,32,6,1998,1,14,6,1,6
201601XH30540,2,9,0,18,0,8,0,10,1,10,3,1,6,1,31,6,1598,1,6,5,1,5
201601XH30541,1,19,5,18,0,8,0,0,0,0,4,1,6,1,41,7,2402,2,10,4,1,4
201601XH30541,2,9,0,18,0,8,0,0,0,0,1,1,6,1,29,6,-1,3,1,-1,-1,-1
201601XH30542,1,9,0,9,0,8,0,0,0,0,4,1,6,2,67,10,1339,1,5,8,1,8
201601XH30542,2,3,0,18,0,8,0,0,0,0,1,1,6,1,32,6,124,1,4,8,1,8
201601XH30543,1,11,0,4,0,1,0,0,0,0,0,1,1,1,37,7,6700,2,4,6,1,6
201601XH30544,1,9,0,18,0,8,0,0,0,0,1,1,6,1,45,7,-1,-1,-1,3,1,3
201601XH30544,2,9,0,18,0,8,5,0,0,0,4,1,6,2,32,6,-1,-1,-1,6,1,6
201601XH30544,3,9,0,18,0,8,0,0,0,0,4,1,6,1,47,8,1597,1,16,2,1,2
201601XH30545,1,21,1,12,0,0,0,0,0,0,3,2,1,1,58,9,-1,-1,-1,-1,-1,-1
201601XH30545,2,9,0,18,0,0,0,0,0,0,4,1,6,1,23,5,1398,1,1,7,1,7
201601XH30546,1,9,0,17,0,0,2,10,1,2,4,1,6,1,51,8,2143,2,1,-1,-1,-1
201601XH30547,1,9,0,3,0,0,0,0,0,0,2,1,6,1,32,6,1590,1,14,5,1,5
201601XH30547,2,3,0,17,0,0,0,0,0,0,1,1,6,1,21,5,124,1,3,1,1,1
201601XH30549,1,1,0,18,0,8,0,0,0,0,3,1,4,1,14,3,-1,-1,-1,10,1,10
201601XH30549,2,9,0,18,0,8,0,0,0,0,1,1,6,1,-1,-1,-1,-1,-1,-1,-1,-1
201601XH30550,1,9,0,9,0,8,0,0,0,0,1,1,6,1,39,7,1796,1,9,2,1,2
201601XH30550,2,1,0,18,0,8,0,0,0,0,3,1,6,1,5,1,-1,-1,-1,6,1,6
201601XH30551,1,9,0,6,0,0,0,0,0,0,3,1,6,1,32,6,1248,1,2,-1,-1,-1
201601XH30551,2,1,0,18,0,0,0,0,0,0,1,1,6,1,48,8,-1,-1,-1,9,1,9
201601XH30555,1,9,0,3,0,0,0,0,0,0,2,1,6,2,38,7,1596,1,4,9,1,9
201601XH30555,2,19,0,18,0,0,0,0,0,0,1,1,6,1,63,9,1796,7,10,4,1,4
201601XH30556,1,9,0,9,0,8,0,0,0,0,3,1,6,1,48,8,1798,8,3,9,1,9
201601XH30556,2,3,0,18,0,8,0,0,0,0,1,1,6,1,47,8,-1,-1,-1,5,1,5
201601XH30557,1,9,0,3,0,1,0,0,0,0,2,1,6,2,25,5,1198,1,2,7,1,7
201601XH30557,2,9,0,18,0,1,0,0,0,0,1,1,6,3,-1,-1,-1,-1,-1,-1,-1,-1
201601XH30558,1,9,0,16,0,8,0,0,0,0,3,1,6,1,18,4,2995,1,11,5,1,5
201601XH30558,2,9,0,17,0,8,0,0,0,0,1,1,6,1,-1,-1,2987,2,1,-1,-1,-1
201601XH30563,1,19,0,11,0,0,0,0,0,0,1,1,1,1,22,5,2299,2,-1,-1,-1,-1
201601XH30563,2,9,0,4,0,0,0,0,0,0,2,1,1,2,64,9,1599,1,7,10,1,10
201601XH30563,3,9,0,3,0,0,0,0,0,0,2,1,6,1,27,6,1796,1,13,8,1,8
201601XH30565,1,9,0,4,0,1,0,0,0,0,4,1,6,2,34,6,1496,2,1,-1,-1,-1
201601XH30566,1,9,0,17,0,0,0,0,0,0,1,1,6,1,39,7,1686,2,4,3,1,3
201601XH30569,1,8,0,4,0,1,0,0,0,0,4,1,1,1,52,8,2499,2,9,6,1,6
201601XH30569,2,3,0,18,0,1,0,0,0,0,3,1,6,1,40,7,125,1,-1,-1,-1,-1
201601XH30573,1,9,0,18,0,0,0,0,0,0,3,1,6,2,38,7,1968,2,2,4,1,4
201601XH30574,1,9,0,18,0,0,0,0,0,0,1,1,6,1,22,5,1995,2,-1,3,1,3
201601XH30574,2,9,0,2,0,0,0,0,0,0,2,1,6,2,62,9,-1,-1,-1,5,1,5
201601XH30575,1,9,0,18,0,8,0,0,0,0,1,1,6,1,27,6,2993,2,5,4,1,4
201601XH30575,2,9,0,9,0,8,0,0,0,0,3,1,6,1,18,4,998,1,14,5,1,5
201601XH30576,1,9,0,18,0,0,0,0,1,7,4,1,6,1,26,6,1498,1,5,3,1,3
201601XH30577,1,9,0,9,0,8,0,0,0,0,1,1,6,2,31,6,1596,1,5,6,1,6
201601XH30578,1,9,0,18,0,1,0,0,1,7,4,1,6,1,36,7,1995,2,10,5,1,5