Accident_Index,Vehicle_Reference,Vehicle_Type,Towing_and_Articulation,Vehicle_Manoeuvre,Vehicle_Location-Restricted_Lane,Junction_Location,Skidding_and_Overturning,Hit_Object_in_Carriageway,Vehicle_Leaving_Carriageway,Hit_Object_off_Carriageway,1st_Point_of_Impact,Was_Vehicle_Left_Hand_Drive?,Journey_Purpose_of_Driver,Sex_of_Driver,Age_of_Driver,Age_Band_of_Driver,Engine_Capacity_(CC),Propulsion_Code,Age_of_Vehicle,Driver_IMD_Decile,Driver_Home_Area_Type,Vehicle_IMD_Decile
201601XH30579,1,11,0,18,0,8,0,0,0,0,4,1,1,1,28,6,-1,-1,-1,3,1,3
201601XH30579,2,9,0,9,0,8,0,0,0,0,1,1,6,1,44,7,1791,8,4,5,1,5
201601XH30582,1,9,0,4,0,1,0,0,0,0,2,1,6,1,-1,-1,1461,2,7,3,1,3
201601XH30582,2,9,0,18,0,1,0,0,0,0,1,1,6,3,-1,-1,1398,1,4,-1,-1,-1
201601XH30583,1,9,0,7,0,2,0,0,0,0,0,1,6,3,-1,-1,-1,-1,-1,-1,-1,-1
201601XH30583,2,1,0,7,0,2,0,0,0,0,0,1,6,1,45,7,-1,-1,-1,4,1,4
201601XH30586,1,1,0,9,0,8,0,0,0,0,4,1,6,1,40,7,-1,-1,-1,4,1,4
201601XH30586,2,9,0,18,0,8,0,0,0,0,1,1,6,1,-1,-1,1797,8,7,-1,-1,-1
201601XH30589,1,9,0,18,0,0,0,0,0,0,3,1,6,2,51,8,1242,1,5,3,1,3
201601XH30589,2,9,0,18,0,0,0,0,0,0,4,1,6,3,-1,-1,2987,2,6,-1,-1,-1
201601XH30610,1,4,0,18,0,8,0,0,0,0,1,1,6,1,49,8,744,1,-1,9,1,9
201601XH30610,2,9,0,9,0,8,0,0,0,0,4,1,6,1,29,6,-1,-1,-1,7,3,7
201601XH30618,1,9,0,18,0,1,0,0,1,7,4,1,6,1,18,4,998,1,-1,8,1,8
201601XH30624,1,1,0,18,0,0,0,0,0,0,3,1,6,1,47,8,-1,-1,-1,8,1,8
201601XH30624,2,21,0,13,0,0,0,0,0,0,4,1,1,1,24,5,12740,2,4,-1,-1,-1
201601XH30625,1,9,0,18,0,1,0,0,0,0,3,1,6,2,26,6,1388,1,8,6,1,6
201601XH30625,2,9,0,11,0,1,0,0,0,0,4,1,6,3,-1,-1,-1,-1,-1,-1,-1,-1
201601XH30626,1,9,0,9,0,8,0,0,0,0,4,1,6,1,18,4,1390,1,9,9,1,9
201601XH30626,2,1,0,18,0,8,0,0,0,0,1,1,6,1,20,4,-1,-1,-1,2,1,2
201601XH30679,1,9,0,3,0,1,0,0,0,0,2,1,6,1,33,6,2143,2,5,3,1,3
201601XH30679,2,9,0,18,0,1,0,0,0,0,1,1,6,1,-1,-1,1968,2,6,5,1,5
201601XH30740,1,9,0,18,0,1,0,0,0,0,1,1,6,2,36,7,1995,1,7,7,1,7
201601XH30740,2,9,0,7,0,1,0,0,0,0,1,1,6,1,23,5,-1,-1,-1,6,1,6
201601XH30759,1,9,0,18,0,0,0,0,0,0,1,1,6,2,36,7,2191,2,1,9,1,9
201601XH30759,2,9,0,18,0,0,0,0,0,0,2,1,6,1,49,8,2204,2,9,3,1,3
201601XH30759,3,9,0,18,0,0,0,0,0,0,2,1,6,1,64,9,1999,1,2,2,1,2
201601XH30759,4,9,0,18,0,0,0,0,0,0,2,1,6,1,39,7,1797,8,5,-1,-1,-1
201601XH30764,1,19,0,3,0,8,0,0,0,0,2,1,6,1,45,7,1968,2,2,3,1,3
201601XH30764,2,9,0,7,0,6,0,0,0,0,1,1,6,1,-1,-1,1461,2,2,3,1,3
201601YE80007,1,1,0,18,0,8,0,0,0,0,1,1,2,1,40,7,-1,-1,-1,4,1,4
201601YE80007,2,9,0,6,0,8,0,0,0,0,3,1,6,1,-1,-1,1797,8,1,-1,-1,-1
201601YE80011,1,19,0,18,0,0,0,0,0,0,3,1,6,1,31,6,1968,2,1,7,1,7
201601YE80011,2,9,0,11,0,0,0,0,0,0,1,1,6,1,-1,-1,-1,-1,-1,-1,-1,-1
201601YE80012,1,9,0,9,0,2,0,0,0,0,1,1,6,1,57,9,1364,1,1,3,1,3
201601YE80013,1,9,0,17,0,0,5,10,1,2,4,1,6,1,78,11,1998,2,11,9,1,9
201601YE80014,1,8,0,9,0,2,0,0,0,0,1,1,1,1,41,7,1997,2,2,5,1,5
201601YE80015,1,11,0,18,0,1,0,0,0,0,0,1,1,3,-1,-1,-1,-1,-1,-1,-1,-1
201601YE80016,1,9,0,18,0,0,0,10,2,2,1,1,6,1,49,8,1497,8,10,3,1,3
201601YE80016,2,21,2,18,0,0,0,0,0,0,3,1,1,1,46,8,9200,2,5,10,1,10
201601YE80019,1,19,0,18,0,1,0,0,0,0,1,1,1,1,33,6,1870,2,11,2,1,2
201601YE80020,1,9,0,2,0,0,0,0,0,0,2,1,6,1,40,7,1895,1,16,2,1,2
201601YE80020,2,9,0,2,0,0,0,4,0,0,2,1,2,1,39,7,1248,2,7,9,1,9
201601YE80020,3,19,0,18,0,0,0,4,0,0,1,2,1,1,24,5,-1,-1,-1,-1,-1,-1
201601YE80021,1,9,0,2,0,0,0,0,0,0,2,1,1,1,44,7,1196,1,20,6,1,6
201601YE80021,2,9,0,18,0,0,0,4,0,0,1,1,6,1,31,6,1997,2,5,-1,-1,-1
201601YE80022,1,9,0,18,0,0,0,0,0,0,2,1,6,1,72,10,1598,1,3,5,1,5
201601YE80022,2,9,0,18,0,0,0,0,0,0,1,1,6,3,-1,-1,-1,-1,-1,-1,-1,-1
201601YE80029,1,9,0,18,0,8,0,0,0,0,1,1,2,2,66,10,599,1,14,8,1,8
201601YE80029,2,11,0,18,0,8,0,10,1,1,3,1,1,1,52,8,6696,2,3,2,1,2
201601YE80032,1,11,0,9,0,5,0,0,0,0,4,1,1,1,54,8,6696,2,3,1,1,1
201601YE80034,1,9,0,5,0,0,0,0,0,0,1,1,6,3,-1,-1,-1,-1,-1,-1,-1,-1
201601YE80036,1,9,0,18,0,0,0,0,0,0,4,1,6,2,-1,-1,-1,-1,-1,-1,-1,-1
201601YE80038,1,9,0,4,0,1,0,0,0,0,4,1,2,2,32,6,1248,2,2,-1,-1,-1
201601YE80039,1,9,0,16,0,0,0,0,1,0,3,1,6,2,48,8,1200,1,3,7,1,7
201601YE80039,2,9,0,18,0,0,0,0,1,0,3,1,6,2,45,7,998,1,10,7,1,7
201601YE80040,1,9,0,18,0,0,0,0,0,0,1,1,6,1,50,8,-1,-1,-1,8,1,8
201601YE80040,2,9,0,18,0,0,0,0,0,0,1,1,6,2,-1,-1,1598,1,15,8,1,8
201601YE80041,1,9,0,18,0,8,0,4,0,0,4,1,6,2,71,10,1398,1,6,4,1,4
201601YE80041,2,9,0,5,0,6,0,0,0,0,1,1,6,2,-1,-1,1595,7,7,4,1,4
201601YE80041,3,9,0,2,0,8,0,0,0,0,4,1,6,3,-1,-1,1990,1,25,-1,-1,-1
201601YE80042,1,9,0,9,0,6,0,0,0,0,1,1,6,1,36,7,1900,2,11,3,1,3
201601YE80042,2,3,0,18,0,6,0,0,0,0,1,1,1,1,21,5,125,1,4,4,1,4
201601YE80044,1,9,0,4,0,1,0,0,0,0,1,1,6,1,22,5,1598,1,8,1,1,1
201601YE80044,2,1,0,9,0,6,0,0,0,0,3,1,6,1,-1,-1,-1,-1,-1,2,1,2
201601YE80045,1,9,0,9,0,5,0,0,0,0,1,1,6,1,-1,-1,1240,1,11,4,1,4
201601YE80046,1,9,0,4,0,1,0,0,0,0,2,1,6,1,33,6,1995,2,11,7,1,7
201601YE80046,2,9,0,18,0,1,0,0,0,0,1,1,6,1,36,7,1598,1,8,3,1,3
201601YE80047,1,9,0,18,0,1,0,0,0,0,2,1,6,3,-1,-1,-1,-1,-1,-1,-1,-1
201601YE80047,2,3,0,18,0,1,0,0,0,0,1,1,6,1,25,5,-1,-1,-1,-1,-1,-1
201601YE80047,3,9,0,18,0,2,0,0,0,0,3,1,6,1,19,4,1796,1,13,9,2,9
201601YE80049,1,9,0,14,0,1,0,0,0,0,1,1,6,1,-1,-1,1997,2,17,4,1,4
201601YE80050,1,1,0,18,0,8,0,0,0,0,3,1,6,1,12,3,-1,-1,-1,5,1,5
201601YE80050,2,9,0,7,0,8,0,0,0,0,1,1,6,2,-1,-1,-1,-1,-1,-1,-1,-1
201601YE80051,1,9,0,9,0,2,0,4,0,0,1,1,6,1,46,8,1988,2,11,3,1,3
201601YE80058,1,1,0,17,0,0,0,0,0,0,3,1,2,1,54,8,-1,-1,-1,4,1,4
201601YE80058,2,9,0,16,0,0,0,0,0,0,1,1,2,1,-1,-1,1596,1,13,-1,-1,-1
201601YE80059,1,9,0,7,0,8,0,0,0,0,2,1,6,2,60,9,-1,-1,-1,2,1,2
201601YE80059,2,9,0,18,0,8,0,0,0,0,1,1,6,1,23,5,1896,2,8,6,1,6
201601YE80060,1,9,0,5,0,8,0,0,0,0,3,1,6,1,22,5,1900,2,11,3,1,3
201601YE80060,2,9,0,18,0,8,0,0,0,0,1,1,6,2,19,4,998,1,1,5,1,5
201601YE80061,1,11,0,17,0,8,0,0,0,0,4,1,6,1,25,5,5132,2,1,3,1,3
201601YE80061,2,9,0,18,0,8,0,0,0,0,1,1,6,3,-1,-1,1197,1,5,-1,-1,-1
201601YE80062,1,9,0,18,0,0,0,0,0,0,1,1,6,1,49,8,1598,2,2,6,1,6
201601YE80062,2,9,0,4,0,0,0,0,0,0,2,1,6,2,43,7,1598,2,3,9,1,9
201601YE80062,3,9,0,4,0,0,0,0,0,0,2,1,6,1,53,8,1968,2,8,6,1,6
201601YE80062,4,9,0,3,0,0,0,0,0,0,2,1,6,2,33,6,2987,2,3,7,1,7
201601YE80063,1,19,0,9,0,0,0,0,0,0,3,1,6,1,-1,-1,2198,2,9,4,1,4
201601YE80063,2,9,0,18,0,0,0,0,0,0,4,1,6,2,25,5,1360,1,10,3,1,3
201601YE80066,1,1,0,14,0,0,1,0,0,0,4,1,2,1,31,6,-1,-1,-1,7,1,7
201601YE80066,2,9,0,3,0,0,0,0,0,0,2,1,6,2,-1,-1,2378,1,8,7,1,7
201601YE80067,1,9,0,3,0,1,0,0,0,0,1,1,6,2,32,6,1388,1,13,1,1,1
201601YE80067,2,9,0,1,0,2,0,0,0,0,2,1,6,2,-1,-1,1299,1,14,-1,-1,-1
201601YE80068,1,9,0,18,0,1,0,0,0,0,1,1,2,1,26,6,1686,2,2,9,2,9
201601YE80069,1,9,0,18,0,6,0,0,7,0,4,1,6,2,68,10,2198,1,9,2,1,2
201601YE80069,2,9,0,18,0,8,0,7,0,0,1,1,6,1,25,5,1149,1,11,-1,-1,-1
201601YE80070,1,9,0,18,0,8,0,0,0,0,1,1,6,1,47,8,1598,1,13,8,3,8
201601YE80070,2,9,0,6,0,8,0,0,0,0,3,1,6,1,49,8,1596,1,11,-1,-1,-1
201601YE80071,1,1,0,18,0,0,0,0,0,0,3,1,4,1,14,3,-1,-1,-1,2,1,2
201601YE80071,2,9,0,13,0,0,0,0,0,0,4,1,6,2,-1,-1,1596,1,5,-1,-1,-1
201601YE80072,1,1,0,18,0,2,0,0,0,0,3,1,6,1,33,6,-1,-1,-1,-1,-1,-1
201601YE80072,2,9,0,16,0,2,0,0,0,0,1,1,6,3,-1,-1,-1,-1,-1,-1,-1,-1
201601YE80073,1,9,0,18,0,0,0,0,0,0,1,1,6,1,62,9,-1,-1,-1,8,1,8
201601YE80074,1,9,0,3,0,2,0,0,0,0,2,1,6,1,22,5,1149,1,13,-1,-1,-1
201601YE80074,2,9,0,18,0,2,0,0,0,0,1,1,6,2,34,6,1598,2,1,4,1,4
201601YE80075,1,9,0,18,0,8,0,0,0,0,4,1,6,2,45,7,2993,2,8,4,1,4
201601YE80075,2,9,0,18,0,8,0,0,0,0,1,1,6,2,56,9,1998,2,9,10,1,10
201601YE80078,1,9,0,3,0,8,0,0,0,0,2,1,6,1,30,6,998,1,16,3,1,3
201601YE80078,2,9,0,18,0,8,0,0,0,0,1,1,6,1,-1,-1,1796,1,12,-1,-1,-1
201601YE80080,1,9,0,4,0,1,0,0,0,0,2,1,6,2,35,6,1240,1,11,3,1,3
201601YE80080,2,9,0,4,0,1,0,0,0,0,1,1,6,3,-1,-1,1590,1,12,-1,-1,-1
201601YE80081,1,9,0,9,0,2,0,0,0,0,1,1,2,2,57,9,1198,1,7,8,1,8
201601YE80082,1,9,0,18,2,0,0,0,0,0,1,1,6,1,21,5,-1,-1,-1,1,1,1
201601YE80083,1,9,0,18,0,0,0,0,0,0,1,1,6,1,28,6,1399,2,11,9,1,9
201601YE80083,2,9,0,4,0,0,0,0,0,0,2,1,6,1,49,8,1951,2,12,10,1,10
201601YE80083,3,9,0,4,0,0,0,0,0,0,2,1,6,2,51,8,3498,1,11,7,1,7
201601YE80084,1,9,0,18,0,1,0,0,0,0,4,1,1,2,47,8,1796,1,12,3,1,3
201601YE80084,2,9,0,18,0,1,0,0,0,0,1,1,1,1,36,7,1798,1,11,2,1,2
201601YE80085,1,19,0,18,0,0,0,0,0,0,1,1,1,1,34,6,1598,2,2,6,1,6
201601YE80085,2,19,0,18,0,0,0,0,0,0,2,1,1,1,39,7,1248,2,11,9,1,9
201601YE80086,1,9,0,9,0,8,0,0,0,0,3,1,2,1,51,8,1995,2,9,2,1,2
201601YE80090,1,9,0,3,0,1,0,0,0,0,2,1,6,1,39,7,998,1,2,9,1,9
201601YE80090,2,9,0,18,0,1,0,0,0,0,1,1,6,1,-1,-1,1461,2,6,-1,-1,-1
201601YE80091,1,9,0,18,0,1,0,0,0,0,4,1,6,2,-1,-1,1560,2,1,-1,-1,-1
201601YE80093,1,9,0,9,0,6,0,0,0,0,4,1,6,2,69,10,1339,1,5,2,1,2
201601YE80093,2,9,0,5,0,8,0,0,0,0,1,1,6,1,-1,-1,-1,-1,-1,-1,-1,-1
201601YE80094,1,9,0,18,0,0,0,0,0,0,2,1,6,1,39,7,1598,1,10,2,1,2
201601YE80094,2,9,0,11,0,0,0,0,0,0,1,1,6,2,-1,-1,1762,1,17,-1,-1,-1
201601YE80095,1,9,0,18,0,1,0,0,0,0,1,1,3,2,41,7,1999,1,9,3,1,3
201601YE80096,1,9,0,4,0,0,0,0,0,0,2,1,6,1,41,7,1360,1,9,3,1,3
201601YE80096,2,9,0,4,0,0,1,0,0,0,1,1,6,1,23,5,1124,1,16,-1,2,-1
201601YE80096,3,9,0,4,0,0,0,0,0,0,1,1,6,1,59,9,1968,2,1,7,1,7
201601YE80097,1,9,0,1,0,8,0,0,0,0,3,1,6,2,26,6,1598,1,9,2,1,2
201601YE80097,2,19,0,1,0,8,0,0,0,0,2,1,6,1,18,4,-1,-1,-1,1,1,1
201601YE80098,1,9,0,9,0,2,0,0,0,0,3,1,6,1,23,5,1398,1,1,2,1,2
201601YE80100,1,19,0,4,0,1,1,0,0,0,1,1,6,1,35,6,1598,2,-1,4,1,4
201601YE80100,2,9,0,4,0,1,0,0,0,0,2,1,6,1,-1,-1,-1,-1,-1,-1,-1,-1
201601YE80102,1,21,0,4,0,0,0,0,0,0,1,1,1,1,30,6,11967,2,4,3,1,3
201601YE80102,2,19,0,3,0,0,0,0,0,0,2,1,1,1,54,8,1248,2,5,3,1,3
201601YE80102,3,9,0,3,0,0,0,0,0,0,2,1,2,1,26,6,1596,1,6,9,1,9
201601YE80102,4,9,0,3,0,0,0,0,0,0,2,1,2,2,37,7,1497,8,8,10,1,10
201601YE80105,1,9,0,5,0,1,0,0,0,0,3,1,6,2,44,7,1598,1,12,5,1,5
201601YE80105,2,9,0,5,0,1,0,0,0,0,1,1,6,1,50,8,1995,2,8,-1,-1,-1
201601YE80108,1,9,0,2,0,0,0,0,0,0,3,1,3,2,31,6,1388,1,11,2,1,2
201601YE80108,2,9,0,7,0,0,0,4,0,0,4,1,6,2,30,6,-1,-1,-1,-1,-1,-1
201601YE80111,1,9,0,16,0,0,2,0,1,7,1,1,6,1,18,4,1686,2,11,1,1,1
201601YE80111,2,9,0,4,0,0,0,0,0,0,2,1,2,1,29,6,1560,2,4,3,1,3
201601YE80111,3,9,0,4,0,0,0,0,0,0,1,1,6,1,24,5,2494,1,16,9,3,9
201601YE80112,1,9,0,1,0,8,0,0,0,0,2,1,6,2,69,10,-1,-1,-1,-1,-1,-1
201601YE80113,1,9,0,1,0,6,0,0,0,0,2,1,6,1,30,6,1951,2,14,8,1,8
201601YE80113,2,9,0,18,0,8,0,10,7,4,1,1,6,2,75,10,998,1,14,5,1,5
201601YE80114,1,9,0,3,0,0,0,0,0,0,2,1,6,2,39,7,2148,2,12,4,1,4
201601YE80114,2,9,0,18,0,0,0,0,0,0,1,1,6,2,28,6,-1,-1,-1,6,1,6
201601YE80115,1,9,0,18,0,1,0,0,0,0,1,1,6,1,50,8,-1,-1,-1,1,1,1
201601YE80115,2,9,0,3,0,1,0,0,0,0,2,1,6,2,45,7,-1,-1,-1,3,1,3
201601YE80115,3,9,0,3,0,1,0,0,0,0,2,1,6,2,19,4,1242,1,5,2,1,2
201601YE80116,1,9,0,18,0,8,0,0,0,0,1,1,6,2,33,6,1596,1,15,1,1,1
201601YE80116,2,9,0,5,0,8,0,0,0,0,3,1,6,2,57,9,1995,1,11,-1,-1,-1
201601YE80117,1,9,0,9,0,8,0,0,0,0,3,1,2,1,62,9,2993,2,5,-1,-1,-1
201601YE80118,1,9,0,18,0,0,0,0,0,0,1,1,6,1,23,5,1560,2,4,2,1,2
201601YE80120,1,1,0,17,0,8,0,0,0,0,2,1,6,2,53,8,-1,-1,-1,4,1,4
201601YE80120,2,9,0,18,0,8,0,0,0,0,1,1,2,2,61,9,1998,1,19,9,1,9
201601YE80121,1,9,0,18,0,0,0,0,0,0,3,1,6,1,-1,-1,1598,2,2,2,1,2
201601YE80121,2,9,0,13,0,0,0,0,0,0,1,1,6,3,-1,-1,1968,2,9,-1,-1,-1
201601YE80122,1,9,0,5,0,6,0,0,0,0,4,1,6,1,68,10,2199,1,21,7,1,7
201601YE80123,1,9,0,4,0,0,0,0,0,0,1,1,6,2,41,7,1364,1,8,1,1,1
201601YE80123,2,9,0,4,0,0,0,0,0,0,2,1,6,2,38,7,1364,1,7,2,1,2
201601YE80124,1,9,0,5,0,0,0,0,0,0,1,1,6,3,-1,-1,998,1,4,-1,-1,-1
201601YE80126,1,9,0,18,0,0,0,0,0,0,4,1,2,1,-1,-1,1242,1,1,-1,-1,-1
201601YE80126,2,19,0,12,0,0,0,0,0,0,3,1,6,1,-1,-1,2198,2,4,-1,-1,-1
201601YE80127,1,9,0,3,0,0,1,0,0,0,2,1,6,1,30,6,1995,2,5,6,1,6
201601YE80127,2,9,0,3,0,0,0,0,0,0,2,1,6,2,43,7,2736,1,14,1,1,1
201601YE80127,3,9,0,4,0,0,0,0,0,0,1,1,6,1,38,7,2400,2,8,-1,-1,-1
201601YE80127,4,9,0,18,0,0,0,0,0,0,1,1,6,2,33,6,1699,1,10,1,1,1
201601YE80128,1,1,0,18,0,8,0,0,0,0,1,1,2,1,18,4,-1,-1,-1,5,1,5
201601YE80128,2,9,0,5,0,6,0,0,0,0,1,1,1,1,43,7,1968,2,4,7,1,7
201601YE80130,1,9,0,18,0,8,0,0,0,0,1,1,6,1,55,8,1598,1,13,3,1,3
201601YE80130,2,9,0,4,0,8,0,0,0,0,2,1,6,1,22,5,1988,1,17,2,1,2
201601YE80131,1,9,0,3,0,0,1,0,0,0,2,1,2,1,23,5,1199,1,12,8,1,8
201601YE80131,2,9,0,18,0,0,1,0,0,0,1,1,6,1,-1,-1,1390,1,4,-1,-1,-1
201601YE80131,3,9,0,3,0,0,0,0,0,0,2,1,6,1,-1,-1,-1,-1,-1,-1,-1,-1
201601YE80133,1,9,0,18,0,8,0,0,3,0,1,1,6,2,72,10,1329,1,7,5,1,5
201601YE80133,2,9,0,9,0,8,0,0,0,0,4,1,6,1,67,10,1242,1,12,1,1,1
201601YE80135,1,9,0,18,0,8,0,0,0,0,1,1,6,2,59,9,1598,1,8,-1,-1,-1
201601YE80135,2,9,0,9,0,8,0,0,0,0,3,1,1,1,-1,-1,-1,-1,-1,-1,-1,-1
201601YE80136,1,9,0,9,0,5,0,0,0,0,4,1,6,1,48,8,-1,-1,-1,4,1,4
201601YE80136,2,3,0,18,0,8,0,0,0,0,1,1,6,1,25,5,125,1,4,-1,-1,-1
201601YE80137,1,9,0,15,2,0,0,0,0,0,1,1,6,3,-1,-1,-1,-1,-1,-1,-1,-1
201601YE80138,1,9,0,18,0,2,0,0,0,0,3,1,6,2,61,9,998,1,14,2,1,2
201601YE80138,2,9,0,18,0,1,0,0,0,0,3,1,6,3,-1,-1,-1,-1,-1,-1,-1,-1
201601YE80139,1,11,0,4,0,1,0,0,0,0,0,1,1,1,22,5,4500,2,1,4,1,4
201601YE80140,1,9,0,18,0,8,0,7,7,2,1,1,6,2,34,6,1968,2,5,3,1,3
201601YE80142,1,9,0,9,0,8,1,0,0,0,3,1,6,2,53,8,1229,1,11,6,1,6
201601YE80142,2,9,0,18,0,8,0,0,0,0,1,1,6,2,-1,-1,-1,-1,-1,-1,-1,-1
201601YE80143,1,9,0,18,0,8,0,0,0,0,4,1,6,1,42,7,1597,1,16,-1,-1,-1
201601YE80143,2,19,0,18,0,8,0,0,0,0,1,1,6,1,60,9,2461,2,7,2,1,2
201601YE80144,1,9,0,18,0,8,0,0,2,7,2,1,2,1,23,5,2143,2,2,6,1,6
201601YE80144,2,21,0,12,0,8,0,0,0,0,1,1,1,1,29,6,-1,-1,-1,-1,-1,-1
201601YE80145,1,9,0,9,0,6,0,0,0,0,3,1,6,1,60,9,1798,8,1,2,1,2
201601YE80146,1,9,0,12,0,0,1,0,0,0,3,1,6,2,29,6,1598,1,10,9,1,9
201601YE80146,2,21,0,18,0,0,0,0,0,0,4,1,1,1,61,9,12902,2,3,5,3,5
201601YE80147,1,19,0,12,0,0,0,0,0,0,3,1,6,1,52,8,-1,-1,-1,3,1,3
201601YE80147,2,3,0,13,0,0,0,0,0,0,4,1,2,1,23,5,125,1,1,8,1,8
201601YE80148,1,9,0,5,0,1,0,0,0,0,1,1,6,1,64,9,2199,2,6,6,2,6
201601YE80148,2,9,0,4,0,1,0,0,0,0,2,1,6,2,39,7,1896,2,9,4,1,4
201601YE80150,1,9,0,18,0,0,0,0,2,7,1,1,1,2,22,5,1596,1,13,7,1,7
201601YE80152,1,8,0,9,0,6,0,0,0,0,3,1,6,1,36,7,1797,8,5,2,1,2
201601YE80152,2,4,0,18,0,8,0,0,0,0,1,1,6,1,-1,-1,373,1,1,-1,-1,-1
201601YE80153,1,5,0,18,0,8,0,7,0,0,1,1,1,1,27,6,782,1,11,1,1,1
201601YE80154,1,9,0,4,0,8,0,0,0,0,2,1,6,1,47,8,2000,2,16,6,1,6
201601YE80154,2,9,0,4,0,8,0,0,0,0,2,1,6,1,53,8,1997,1,9,10,1,10
201601YE80154,3,9,0,18,0,8,0,0,0,0,1,1,6,1,-1,-1,1560,2,2,-1,-1,-1
201601YE80155,1,9,0,9,0,8,0,0,0,0,1,1,6,2,-1,-1,-1,-1,-1,-1,-1,-1
201601YE80156,1,9,0,9,0,8,0,0,0,0,1,1,6,1,33,6,1997,1,5,3,1,3
201601YE80156,2,9,0,18,0,8,0,0,0,0,3,1,6,1,26,6,1968,2,5,2,1,2
201601YE80157,1,9,0,14,0,0,0,0,0,0,4,1,6,1,30,6,1798,1,6,3,1,3
201601YE80158,1,9,0,11,0,1,0,0,0,0,4,1,6,2,21,5,1397,1,14,2,1,2
201601YE80158,2,11,0,5,0,1,0,0,0,0,3,1,1,1,36,7,6692,2,3,3,1,3
201601YE80159,1,1,0,18,0,8,0,0,0,0,4,1,2,1,53,8,-1,-1,-1,2,1,2
201601YE80159,2,11,0,9,0,8,0,0,0,0,1,1,1,1,-1,-1,-1,-1,-1,5,1,5
201601YE80161,1,9,0,18,0,0,0,0,0,0,4,1,2,1,53,8,1596,1,6,-1,-1,-1
201601YE80161,2,3,0,18,0,0,0,10,0,0,1,1,2,1,47,8,124,1,7,4,1,4
201601YE80162,1,8,0,9,0,6,0,0,0,0,1,1,6,1,54,8,1997,2,3,5,1,5
201601YE80163,1,9,0,1,0,8,0,0,0,0,2,1,1,2,-1,-1,-1,-1,-1,2,1,2
201601YE80165,1,21,1,18,0,0,0,0,0,0,1,1,1,1,-1,-1,-1,-1,-1,-1,-1,-1
201601YE80165,2,19,0,18,0,0,0,0,0,0,2,1,6,1,44,7,1461,2,11,3,1,3
201601YE80167,1,9,0,18,0,0,1,0,0,0,4,1,6,1,65,9,1560,2,4,3,1,3
201601YE80167,2,20,4,12,0,0,0,0,0,0,3,2,1,1,52,8,-1,-1,-1,-1,-1,-1
201601YE80168,1,9,0,9,0,2,0,0,0,0,1,1,6,2,46,8,1968,2,3,6,1,6
201601YE80171,1,19,0,18,0,1,0,0,0,0,4,1,6,1,31,6,1870,2,12,3,1,3
201601YE80172,1,21,2,18,0,0,0,0,0,0,3,1,1,1,44,7,-1,-1,-1,-1,-1,-1
201601YE80172,2,9,0,18,0,0,1,0,1,0,4,1,6,2,-1,-1,1587,1,13,6,1,6
201601YE80174,1,3,0,9,0,8,0,0,0,0,2,1,6,1,33,6,125,1,8,2,1,2
201601YE80174,2,9,0,9,0,8,0,0,0,0,1,1,6,1,57,9,1560,2,2,-1,-1,-1
201601YE80177,1,9,0,18,0,8,0,0,0,0,4,1,6,2,22,5,1242,1,3,-1,-1,-1
201601YE80177,2,9,0,7,0,8,0,0,0,0,1,1,6,2,33,6,1461,2,8,4,1,4
201601YE80178,1,3,0,13,0,8,0,0,0,0,4,1,6,1,61,9,-1,-1,-1,-1,-1,-1
201601YE80178,2,9,0,5,0,6,0,0,0,0,1,1,6,2,61,9,2987,2,10,-1,-1,-1
201601YE80179,1,9,0,13,0,0,0,0,5,6,2,1,1,2,-1,-1,-1,-1,-1,-1,-1,-1
201601YE80179,2,9,0,18,0,0,0,0,0,0,1,1,6,1,26,6,998,1,12,1,1,1
201601YE80183,1,9,0,12,0,8,0,0,0,0,3,1,6,1,-1,-1,1995,2,8,-1,-1,-1
201601YE80183,2,9,0,18,0,8,0,0,0,0,4,1,6,1,36,7,-1,-1,-1,-1,-1,-1
201601YE80184,1,19,0,18,0,0,0,0,0,0,1,1,6,1,37,7,2151,2,13,1,1,1
201601YE80184,2,9,0,18,0,0,0,0,0,0,1,1,6,2,52,8,1910,2,10,6,1,6
201601YE80185,1,9,0,16,0,0,0,4,0,0,4,1,6,1,24,5,1995,1,9,5,1,5
201601YE80185,2,9,0,16,0,0,0,0,0,0,3,1,6,1,-1,-1,2204,2,11,-1,-1,-1
201601YE80187,1,9,0,18,0,0,0,0,0,0,1,1,6,1,47,8,1796,1,16,1,1,1
201601YE80189,1,9,0,9,0,8,0,0,0,0,4,1,2,1,52,8,2143,2,1,10,1,10
201601YE80189,2,4,0,18,0,8,0,0,0,0,1,1,6,1,27,6,125,1,2,1,1,1
201601YE80190,1,9,0,18,0,2,0,0,0,0,1,1,6,1,50,8,-1,-1,-1,-1,-1,-1
201601YE80191,1,9,0,18,0,8,0,0,0,0,1,1,6,2,36,7,1242,1,-1,5,1,5
201601YE80191,2,19,0,9,0,5,0,0,0,0,4,1,6,1,-1,-1,2198,2,6,-1,-1,-1
201601YE80192,1,19,0,18,0,8,0,10,1,7,1,1,6,1,34,6,1753,2,10,10,1,10
201601YE80194,1,9,0,9,0,2,0,0,0,0,4,1,6,1,33,6,1596,1,5,6,1,6
201601YE80195,1,9,0,18,0,0,0,0,0,0,1,1,6,1,41,7,1497,8,1,4,1,4
201601YE80200,1,9,0,18,0,1,0,0,0,0,1,1,6,1,19,4,1368,1,4,5,1,5
201601YE80200,2,9,0,3,0,1,0,0,0,0,2,1,6,1,24,5,1299,1,16,3,1,3
201601YE80213,1,9,0,5,0,8,0,10,3,10,1,1,6,1,23,5,1396,1,7,7,1,7
201601YE80217,1,9,0,3,0,0,0,0,0,0,2,1,6,1,27,6,1997,2,7,5,1,5
201601YE80217,2,9,0,18,0,0,0,0,0,0,1,1,6,1,-1,-1,-1,-1,-1,-1,-1,-1
201601YE80224,1,9,0,7,0,2,0,10,7,2,3,1,6,1,26,6,4999,1,15,3,1,3