Accident_Index,Vehicle_Reference,Vehicle_Type,Towing_and_Articulation,Vehicle_Manoeuvre,Vehicle_Location-Restricted_Lane,Junction_Location,Skidding_and_Overturning,Hit_Object_in_Carriageway,Vehicle_Leaving_Carriageway,Hit_Object_off_Carriageway,1st_Point_of_Impact,Was_Vehicle_Left_Hand_Drive?,Journey_Purpose_of_Driver,Sex_of_Driver,Age_of_Driver,Age_Band_of_Driver,Engine_Capacity_(CC),Propulsion_Code,Age_of_Vehicle,Driver_IMD_Decile,Driver_Home_Area_Type,Vehicle_IMD_Decile
201601YR90364,2,9,0,9,0,8,0,0,0,0,3,1,6,2,-1,-1,1796,1,6,5,1,5
201601YR90365,1,9,0,18,0,0,0,0,0,0,1,1,6,1,60,9,1797,8,5,3,1,3
201601YR90366,1,9,0,10,0,1,0,0,0,0,2,1,1,1,34,6,1685,2,1,2,1,2
201601YR90366,2,9,0,3,0,1,0,0,0,0,0,1,6,1,54,8,2776,2,9,3,1,3
201601YR90366,3,1,0,15,0,1,0,0,0,0,1,1,6,1,46,8,-1,-1,-1,1,1,1
201601YR90368,1,9,0,18,0,8,0,0,0,0,1,1,6,1,22,5,1560,2,9,4,1,4
201601YR90368,2,9,0,7,0,8,0,0,0,0,2,1,6,1,20,4,1995,2,1,1,1,1
201601YR90368,3,9,0,3,0,2,0,0,0,0,2,1,6,2,51,8,2143,2,2,10,1,10
201601YR90369,1,9,0,3,0,2,0,0,0,0,2,1,6,2,52,8,1762,1,17,3,1,3
201601YR90369,2,9,0,18,0,2,0,0,0,0,1,1,6,3,-1,-1,-1,-1,-1,-1,-1,-1
201601YR90372,1,4,0,18,0,1,1,0,0,0,1,1,6,1,23,5,-1,-1,-1,4,1,4
201601YR90372,2,4,0,18,0,1,1,0,0,0,1,1,6,1,25,5,124,1,4,2,1,2
201601YR90372,3,9,0,9,0,2,0,0,0,0,1,1,6,1,56,9,-1,-1,-1,3,1,3
201601YR90373,1,1,0,18,0,0,0,4,0,0,1,1,6,1,29,6,-1,-1,-1,8,1,8
201601YR90374,1,9,0,18,0,1,5,4,0,0,4,1,6,2,22,5,1796,1,13,2,1,2
201601YR90374,2,9,0,2,0,1,0,4,0,0,1,1,6,3,-1,-1,1390,1,4,-1,-1,-1
201601YR90374,3,9,0,2,0,1,0,4,0,0,1,1,6,3,-1,-1,998,1,16,-1,-1,-1
201601YR90376,1,9,0,7,0,6,0,0,0,0,1,1,6,2,54,8,1198,1,14,4,1,4
201601YR90377,1,9,0,7,0,8,0,0,0,0,0,1,6,1,41,7,2967,2,7,7,1,7
201601YR90377,2,1,0,18,0,8,0,0,0,0,4,1,6,1,54,8,-1,-1,-1,5,1,5
201601YR90378,1,3,0,13,0,8,0,0,0,0,4,1,6,1,21,5,124,1,2,2,1,2
201601YR90378,2,9,0,9,0,8,0,0,0,0,3,1,6,1,40,7,1998,2,8,5,1,5
201601YR90379,1,9,0,7,0,5,0,0,0,0,1,1,6,1,20,4,1596,1,11,-1,-1,-1
201601YR90379,2,1,0,5,0,6,0,0,0,0,2,1,6,1,25,5,-1,-1,-1,3,1,3
201601YR90380,1,1,0,18,0,8,0,0,0,0,1,1,6,2,48,8,-1,-1,-1,3,1,3
201601YR90380,2,9,0,9,0,8,0,0,0,0,4,1,6,1,51,8,1496,2,1,2,1,2
201601YR90381,1,1,0,18,0,8,0,0,0,0,1,1,6,2,26,6,-1,-1,-1,3,1,3
201601YR90381,2,9,0,9,0,8,0,0,0,0,1,1,6,1,-1,-1,-1,-1,-1,-1,-1,-1
201601YR90382,1,9,0,18,0,1,0,0,0,0,1,1,1,1,39,7,875,1,2,8,1,8
201601YR90383,1,9,0,9,0,8,0,0,0,0,1,1,2,1,24,5,998,1,3,6,1,6
201601YR90383,2,5,0,10,0,8,0,0,0,0,2,1,6,1,48,8,599,1,7,8,1,8
201601YR90384,1,8,0,16,0,0,0,0,0,0,4,1,1,1,45,7,1497,8,9,1,1,1
201601YR90385,1,9,0,18,0,0,5,4,0,0,1,1,6,2,23,5,1199,1,13,4,1,4
201601YR90385,2,9,0,2,0,0,0,0,0,0,1,1,6,3,-1,-1,1951,2,12,-1,-1,-1
201601YR90386,1,9,0,4,0,1,0,0,0,0,2,1,6,2,46,8,1997,2,1,4,1,4
201601YR90386,2,9,0,18,0,1,0,0,0,0,1,1,2,1,31,6,1798,8,-1,3,1,3
201601YR90387,1,9,0,18,0,2,0,10,7,10,1,1,6,1,72,10,1596,1,10,2,1,2
201601YR90388,1,1,0,18,0,1,0,0,0,0,1,1,6,1,57,9,-1,-1,-1,3,1,3
201601YR90388,2,9,0,1,0,1,0,0,0,0,2,1,6,1,31,6,1498,1,-1,3,1,3
201601YR90389,1,19,0,4,0,1,0,0,0,0,4,1,1,1,39,7,2298,2,1,3,1,3
201601YR90391,1,3,0,18,0,2,0,0,0,0,1,1,6,1,25,5,-1,-1,-1,-1,-1,-1
201601YR90392,1,9,0,4,0,1,1,0,0,0,1,1,6,1,32,6,1796,1,12,6,1,6
201601YR90392,2,9,0,4,0,1,0,0,0,0,2,1,6,1,-1,-1,2143,2,6,3,1,3
201601YR90393,1,9,0,9,0,6,0,0,0,0,3,1,6,1,54,8,2151,2,15,1,1,1
201601YR90393,2,9,0,18,0,8,0,0,0,0,1,1,2,2,45,7,1896,2,16,1,1,1
201601YR90394,1,9,0,4,0,0,1,0,0,0,1,1,6,1,47,8,1896,2,15,3,1,3
201601YR90394,2,9,0,4,0,0,0,0,0,0,2,1,6,2,21,5,1242,1,8,4,1,4
201601YR90394,3,9,0,4,0,0,0,0,0,0,2,1,6,2,58,9,1596,1,13,7,1,7
201601YR90395,1,3,0,14,0,2,0,0,0,0,1,1,6,1,36,7,-1,-1,-1,4,1,4
201601YR90396,1,1,0,18,0,8,0,0,0,0,1,1,6,1,29,6,-1,-1,-1,2,1,2
201601YR90396,2,9,0,9,0,8,0,0,0,0,4,1,6,3,-1,-1,-1,-1,-1,-1,-1,-1
201601YR90397,1,9,0,3,0,8,0,0,0,0,4,1,6,2,61,9,1339,1,8,4,1,4
201601YR90397,2,9,0,7,0,8,0,0,0,0,1,1,6,1,-1,-1,-1,-1,-1,-1,-1,-1
201601YR90399,1,9,0,3,0,8,0,0,0,0,2,1,6,2,42,7,1229,1,2,10,1,10
201601YR90399,2,9,0,18,0,8,0,0,0,0,1,1,6,1,-1,-1,1968,2,-1,-1,-1,-1
201601YR90399,3,19,0,3,0,2,0,0,0,0,2,1,6,3,-1,-1,2143,2,4,-1,-1,-1
201601YR90400,1,5,0,4,0,8,0,0,0,0,2,1,1,1,26,6,998,1,9,2,1,2
201601YR90400,2,9,0,9,0,8,0,0,0,0,1,1,1,1,-1,-1,1229,1,1,-1,-1,-1
201601YR90401,1,1,0,18,0,8,0,0,0,0,3,1,1,1,55,8,-1,-1,-1,1,1,1
201601YR90401,2,9,0,18,0,8,0,0,0,0,4,1,6,1,40,7,-1,-1,-1,-1,-1,-1
201601YR90402,1,9,0,18,0,1,0,0,0,0,1,1,6,1,38,7,2401,2,12,3,1,3
201601YR90402,2,9,0,10,0,1,0,0,0,0,2,1,6,2,43,7,1242,1,1,2,1,2
201601YR90402,3,9,0,10,0,1,0,0,0,0,2,1,6,2,24,5,1596,1,9,3,1,3
201601YR90403,1,9,0,7,0,1,0,0,0,0,1,1,6,1,49,8,1390,1,8,-1,-1,-1
201601YR90404,1,19,0,9,0,2,0,0,0,0,4,1,6,1,41,7,-1,-1,-1,6,1,6
201601YR90404,2,3,0,18,0,1,1,0,0,0,1,1,6,1,31,6,-1,-1,-1,1,1,1
201601YR90405,1,9,0,9,0,5,0,0,0,0,1,1,6,1,30,6,1998,1,9,3,1,3
201601YR90405,2,9,0,18,0,8,0,0,0,0,3,1,6,1,18,4,1395,1,-1,3,1,3
201601YR90406,1,19,0,4,0,1,0,0,0,0,1,1,1,1,39,7,2299,2,2,5,1,5
201601YR90406,2,9,0,4,0,1,0,0,0,0,2,1,1,1,49,8,1461,2,1,-1,-1,-1
201601YR90407,1,11,0,5,0,1,0,0,0,0,0,1,1,1,59,9,6692,2,3,4,1,4
201601YR90408,1,3,0,14,0,2,0,0,0,0,1,1,1,1,33,6,124,1,12,2,1,2
201601YR90409,1,9,0,18,0,1,0,0,7,1,1,1,6,1,19,4,1149,1,10,3,1,3
201601YR90409,2,19,0,3,0,2,0,0,0,0,1,1,6,1,42,7,2148,2,11,-1,-1,-1
201601YR90411,1,11,0,5,0,1,0,0,0,0,2,1,1,3,-1,-1,-1,-1,-1,-1,-1,-1
201601YR90411,2,11,0,3,2,1,0,0,0,0,1,1,1,3,-1,-1,-1,-1,-1,-1,-1,-1
201601YR90412,1,11,0,18,0,0,0,0,0,0,4,1,1,1,49,8,6692,2,6,2,1,2
201601YR90413,1,9,0,18,0,2,0,0,0,0,1,1,1,1,28,6,1598,2,3,5,1,5
201601YR90414,1,11,0,5,0,0,0,0,0,0,0,1,1,1,25,5,9360,2,6,2,1,2
201601YR90416,1,9,0,18,0,1,0,0,0,0,3,1,6,1,23,5,1598,1,9,3,1,3
201601YR90416,2,9,0,18,0,2,0,4,0,0,3,1,6,1,-1,-1,1598,1,14,-1,-1,-1
201601YR90416,3,19,0,2,0,2,0,0,0,0,3,1,6,3,-1,-1,2143,2,2,-1,-1,-1
201601YR90417,1,9,0,18,0,8,0,0,0,0,1,1,2,1,24,5,1975,1,11,2,1,2
201601YR90417,2,9,0,9,0,8,0,0,0,0,4,1,6,1,46,8,2685,2,11,2,1,2
201601YR90418,1,9,0,9,0,1,0,0,0,0,4,1,6,2,60,9,1364,1,2,1,1,1
201601YR90418,2,3,0,15,2,1,0,0,0,0,1,1,6,1,32,6,124,1,9,7,1,7
201601YR90420,1,9,0,9,0,5,0,0,0,0,1,1,6,1,72,10,1422,2,6,4,1,4
201601YR90420,2,19,0,18,0,1,0,0,0,0,1,1,6,1,50,8,-1,-1,-1,1,1,1
201601YR90421,1,9,0,18,0,1,0,0,0,0,4,1,6,1,19,4,1598,2,3,1,1,1
201601YR90422,1,3,0,18,0,0,0,0,0,0,1,1,1,1,27,6,125,1,3,2,1,2
201601YR90423,1,9,0,11,0,1,0,0,0,0,4,1,1,1,33,6,1986,2,6,2,1,2
201601YR90423,2,9,0,18,0,1,0,0,0,0,3,1,6,1,59,9,1799,1,16,8,1,8
201601YR90424,1,9,0,3,0,1,0,0,0,0,2,1,6,1,73,10,-1,-1,-1,2,1,2
201601YR90424,2,9,0,3,0,1,0,0,0,0,2,1,2,2,31,6,1998,1,11,3,1,3
201601YR90424,3,9,0,5,0,1,0,0,0,0,1,1,2,1,30,6,1598,1,1,4,1,4
201601YR90425,1,3,0,18,0,0,0,0,0,0,1,1,2,1,37,7,-1,-1,-1,-1,-1,-1
201601YR90425,2,9,0,6,0,0,0,0,0,0,3,1,6,2,-1,-1,1598,2,4,5,1,5
201601YR90427,1,9,0,4,0,8,1,4,0,0,1,1,6,1,24,5,1968,2,5,3,1,3
201601YR90427,2,9,0,5,0,8,1,0,0,0,1,1,6,2,37,7,1399,1,11,5,1,5
201601YR90427,3,9,0,2,0,8,0,0,0,0,1,1,6,3,-1,-1,1390,1,13,-1,-1,-1
201601YR90427,4,9,0,2,0,8,0,0,0,0,4,1,6,3,-1,-1,1956,2,-1,-1,-1,-1
201601YR90428,1,3,0,14,0,2,0,0,0,0,1,1,6,1,27,6,108,1,1,4,1,4
201601YR90429,1,9,0,3,0,0,0,0,0,0,2,1,2,2,38,7,2231,2,10,2,1,2
201601YR90429,2,9,0,3,0,0,0,0,0,0,2,1,2,1,49,8,1598,1,12,2,1,2
201601YR90429,3,9,0,18,0,0,0,0,0,0,0,1,1,1,21,5,-1,-1,-1,-1,-1,-1
201601YR90430,1,5,0,18,0,5,0,0,0,0,1,1,1,1,44,7,800,1,5,2,1,2
201601YR90431,1,9,0,9,0,2,0,0,0,0,3,1,6,2,38,7,1598,1,3,4,1,4
201601YR90432,1,3,0,13,0,8,0,0,0,0,4,1,6,1,34,6,124,1,10,3,1,3
201601YR90432,2,9,0,9,0,5,0,0,0,0,3,1,6,1,40,7,1598,2,2,2,1,2
201601YR90433,1,20,0,4,0,1,0,0,0,0,1,1,1,1,64,9,3920,2,13,2,1,2
201601YR90433,2,19,0,3,0,1,0,0,0,0,2,1,1,1,27,6,1560,2,5,-1,-1,-1
201601YR90433,3,9,0,3,0,1,0,0,0,0,2,1,6,2,48,8,2597,1,14,3,1,3
201601YR90434,1,11,0,4,0,1,0,0,0,0,0,1,1,1,44,7,6692,2,5,3,1,3
201601YR90435,1,9,0,9,0,5,0,0,0,0,4,1,6,1,-1,-1,1600,1,4,1,1,1
201601YR90435,2,4,0,15,0,8,0,0,0,0,1,1,6,1,36,7,636,1,14,-1,-1,-1
201601YR90436,1,21,4,5,0,1,0,0,0,0,1,1,1,1,52,8,-1,-1,-1,8,1,8
201601YR90440,1,9,0,18,0,0,2,0,0,0,3,1,6,1,60,9,1390,1,13,2,1,2
201601YR90440,2,9,0,2,0,0,0,0,0,0,3,1,6,3,-1,-1,1995,2,3,-1,-1,-1
201601YR90440,3,8,0,18,0,0,0,0,0,0,3,1,1,1,51,8,1560,2,1,2,1,2
201601YR90441,1,9,0,7,0,0,0,10,7,1,1,1,6,1,21,5,1598,1,13,1,1,1
201601YR90442,1,9,0,9,0,8,0,0,0,0,3,1,6,1,49,8,1796,1,14,2,1,2
201601YR90442,2,1,0,18,0,6,0,0,0,0,1,1,6,1,20,4,-1,-1,-1,1,1,1
201601YR90445,1,9,0,7,0,5,0,0,0,0,3,1,6,2,51,8,1598,1,13,3,1,3
201601YR90445,2,9,0,13,0,8,0,0,0,0,4,1,6,1,-1,-1,2696,2,9,-1,-1,-1
201601YR90446,1,1,0,18,0,0,0,0,0,0,1,1,6,1,-1,-1,-1,-1,-1,-1,-1,-1
201601YR90447,1,9,0,5,0,1,0,0,0,0,1,1,6,1,-1,-1,1398,1,2,4,1,4
201601YR90448,1,9,0,18,0,0,2,4,0,0,1,1,6,2,34,6,1998,1,14,5,1,5
201601YR90448,2,9,0,2,0,0,0,0,0,0,4,1,6,3,-1,-1,1560,2,1,-1,-1,-1
201601YR90448,3,9,0,2,0,0,0,0,0,0,3,1,6,3,-1,-1,1910,2,9,-1,-1,-1
201601YR90448,4,5,0,2,0,0,0,4,0,0,2,1,6,3,-1,-1,649,1,4,-1,-1,-1
201601YR90448,5,9,0,2,0,0,0,4,0,0,4,1,6,3,-1,-1,1248,1,6,-1,-1,-1
201601YR90448,6,9,0,2,0,0,0,4,0,0,2,1,6,3,-1,-1,1685,2,-1,-1,-1,-1
201601YR90448,7,9,0,2,0,0,0,4,0,0,2,1,6,3,-1,-1,1388,1,8,-1,-1,-1
201601YR90448,8,9,0,2,0,0,0,0,0,0,3,1,6,3,-1,-1,1390,1,4,-1,-1,-1
201601YR90449,1,19,0,3,0,1,0,0,0,0,2,1,6,1,30,6,-1,-1,-1,2,1,2
201601YR90449,2,9,0,18,0,1,0,10,1,4,1,1,6,1,-1,-1,-1,-1,-1,-1,-1,-1
201601YR90450,1,1,0,18,4,2,0,10,1,0,2,1,2,1,31,6,-1,-1,-1,4,1,4
201601YR90450,2,9,0,11,4,2,0,0,0,0,1,1,2,1,-1,-1,1242,1,12,3,1,3
201601YR90451,1,9,0,18,0,0,0,0,0,0,4,1,6,2,35,6,-1,-1,-1,-1,-1,-1
201601YR90452,1,4,0,18,0,8,0,0,0,0,1,1,6,1,-1,-1,-1,-1,-1,-1,-1,-1
201601YR90453,1,9,0,3,0,1,0,0,0,0,2,1,2,1,33,6,1968,2,-1,6,1,6
201601YR90453,2,9,0,18,0,1,0,0,0,0,1,1,6,2,-1,-1,-1,-1,-1,5,1,5
201601YR90454,1,4,0,18,0,0,0,0,0,0,4,1,1,1,30,6,244,1,11,6,1,6
201601YR90454,2,9,0,5,0,0,0,0,0,0,3,1,1,1,28,6,-1,-1,-1,3,1,3
201601YR90455,1,9,0,18,0,0,0,0,0,0,1,1,6,2,-1,-1,2295,1,14,-1,-1,-1
201601YR90456,1,9,0,3,0,1,0,0,0,0,2,1,6,2,20,4,1198,1,4,3,1,3
201601YR90456,2,9,0,18,0,1,0,0,0,0,1,1,6,3,-1,-1,-1,-1,-1,-1,-1,-1
201601YR90457,1,19,0,18,0,0,0,0,0,0,4,1,1,1,32,6,-1,-1,-1,3,1,3
201601YR90459,1,9,0,9,0,5,0,0,0,0,3,1,1,1,37,7,1968,2,9,2,1,2
201601YR90459,2,5,0,18,0,8,0,0,0,0,1,1,6,1,42,7,1255,1,6,8,3,8
201601YR90462,1,9,0,2,0,8,0,0,0,0,4,1,6,2,25,5,1390,1,8,8,1,8
201601YR90462,2,9,0,1,0,8,0,4,0,0,2,1,6,1,-1,-1,-1,-1,-1,-1,-1,-1
201601YR90464,1,9,0,18,0,1,0,0,0,0,1,1,1,2,38,7,1997,2,16,2,1,2
201601YR90464,2,9,0,5,0,1,0,4,0,0,2,1,1,2,41,7,2497,2,11,2,1,2
201601YR90464,3,9,0,2,0,1,0,0,0,0,3,1,6,1,38,7,1360,1,13,2,1,2
201601YR90465,1,9,0,4,0,0,0,0,0,0,3,1,3,2,38,7,2987,2,10,1,1,1
201601YR90465,2,1,0,7,0,0,0,0,0,0,1,1,6,1,33,6,-1,-1,-1,-1,1,-1
201601YR90467,1,1,0,9,0,6,0,0,0,0,3,1,6,2,30,6,-1,-1,-1,5,1,5
201601YR90467,2,9,0,9,0,6,0,0,0,0,4,1,6,2,-1,-1,1490,1,11,-1,-1,-1
201601YR90468,1,9,0,9,0,5,0,0,0,0,4,1,6,1,-1,-1,1749,1,14,-1,-1,-1
201601YR90468,2,1,0,18,0,8,0,0,0,0,1,1,6,1,32,6,-1,-1,-1,3,1,3
201601YR90469,1,3,0,5,0,1,0,0,0,0,2,1,2,1,45,7,330,1,3,5,1,5
201601YR90469,2,9,0,5,0,1,0,0,0,0,1,1,1,1,53,8,1398,2,13,6,1,6
201601YR90470,1,3,0,18,0,0,0,0,0,0,1,1,6,1,-1,-1,-1,-1,-1,-1,-1,-1
201601YR90471,1,3,0,18,0,8,0,0,0,0,3,1,2,1,28,6,124,1,1,-1,-1,-1
201601YR90471,2,3,0,9,0,5,0,0,0,0,1,1,2,2,28,6,125,1,3,2,1,2
201601YR90474,1,9,0,18,0,1,0,0,0,0,2,1,1,1,36,7,-1,-1,-1,1,1,1
201601YR90474,2,9,0,18,0,1,0,0,0,0,1,1,1,1,56,9,-1,-1,-1,7,1,7
201601YR90475,1,8,0,3,0,1,0,0,0,0,2,1,1,1,52,8,-1,-1,-1,1,1,1
201601YR90475,2,9,0,18,0,1,0,0,0,0,1,1,6,1,-1,-1,2143,2,2,-1,-1,-1
201601YR90476,1,9,0,9,0,6,0,0,0,0,1,1,6,1,21,5,1364,2,4,2,1,2
201601YR90476,2,1,0,14,0,8,0,0,0,0,4,1,6,1,28,6,-1,-1,-1,2,1,2
201601YR90477,1,9,0,4,0,1,0,0,0,0,1,1,2,2,60,9,1998,1,13,6,1,6
201601YR90477,2,9,0,4,0,1,0,0,0,0,2,1,2,2,36,7,-1,-1,-1,1,1,1
201601YR90477,3,9,0,4,0,1,0,0,0,0,2,1,6,1,34,6,1598,1,4,2,1,2
201601YR90478,1,9,0,18,0,0,0,7,1,0,1,1,6,1,33,6,1796,1,8,2,1,2
201601YR90481,1,9,0,18,2,0,0,0,0,0,1,1,6,3,-1,-1,-1,-1,-1,-1,-1,-1
201601YR90482,1,11,0,4,2,1,0,0,0,0,0,1,1,1,48,8,6692,2,5,-1,-1,-1
201601YR90482,2,9,0,11,2,1,0,0,0,0,0,1,6,1,36,7,2204,2,11,2,1,2
201601YR90483,1,9,0,9,0,6,0,0,0,0,1,1,6,1,46,8,1461,2,1,-1,-1,-1
201601YR90483,2,1,0,18,0,6,0,0,0,0,1,1,6,1,32,6,-1,-1,-1,3,1,3
201601YR90486,1,9,0,18,0,0,0,0,0,0,4,1,2,1,50,8,1686,2,12,2,1,2
201601YR90487,1,9,0,3,0,8,0,0,0,0,3,1,6,2,34,6,1595,1,10,2,1,2
201601YR90487,2,9,0,14,0,8,0,0,0,0,1,1,6,1,-1,-1,1685,2,1,-1,-1,-1
201601YR90488,1,9,0,18,0,2,0,0,0,0,4,1,6,2,67,10,1497,8,1,3,1,3
201601YR90489,1,9,0,7,0,8,0,0,0,0,1,1,6,1,29,6,1781,1,15,7,1,7
201601YR90489,2,3,0,18,0,8,0,0,0,0,1,1,6,1,18,4,125,1,10,2,1,2
201601YR90491,1,5,0,3,0,1,0,0,0,0,2,1,6,2,21,5,-1,-1,-1,2,1,2
201601YR90491,2,9,0,18,0,1,0,0,0,0,1,1,6,1,-1,-1,1968,2,4,-1,-1,-1
201601YR90492,1,9,0,18,0,8,0,0,0,0,4,1,6,1,64,9,1149,1,14,1,1,1
201601YR90492,2,9,0,9,0,8,0,0,0,0,3,1,6,1,-1,-1,-1,-1,-1,-1,-1,-1
201601YR90493,1,9,0,3,0,0,0,0,0,0,2,1,6,2,37,7,2143,2,2,8,1,8
201601YR90493,2,9,0,3,0,0,0,0,0,0,2,1,6,2,53,8,1242,1,10,-1,-1,-1
201601YR90493,3,19,0,5,0,0,0,0,0,0,1,1,6,1,23,5,-1,-1,-1,2,1,2
201601YR90494,1,1,0,18,0,0,0,0,0,0,2,1,6,1,57,9,-1,-1,-1,2,1,2
201601YR90494,2,9,0,18,0,0,0,0,0,0,1,1,6,3,-1,-1,-1,-1,-1,-1,-1,-1
201601YR90495,1,9,0,5,9,6,0,0,1,10,1,1,6,1,41,7,1781,1,14,3,1,3
201601YR90496,1,9,0,1,0,0,0,0,0,0,2,1,6,1,-1,-1,1200,1,3,-1,-1,-1
201601YR90497,1,9,0,7,0,8,0,0,0,0,0,1,6,3,-1,-1,-1,-1,-1,-1,-1,-1
201601YR90497,2,1,0,18,4,8,0,0,0,0,0,1,6,1,41,7,-1,-1,-1,4,1,4
201601YR90499,1,1,0,18,2,8,0,0,0,0,1,1,2,1,34,6,-1,-1,-1,7,1,7
201601YR90499,2,9,0,9,0,5,0,0,0,0,4,1,6,1,-1,-1,1590,1,12,-1,-1,-1
201601YR90500,1,9,0,18,0,2,0,0,0,0,1,1,6,1,40,7,1995,2,11,5,1,5
201601YR90501,1,3,0,4,0,1,1,0,0,0,0,1,6,1,30,6,125,1,1,2,1,2
201601YR90501,2,9,0,9,0,1,0,0,0,0,0,1,6,3,-1,-1,-1,-1,-1,-1,-1,-1
201601YR90502,1,9,0,1,0,1,0,0,0,0,2,1,6,1,49,8,1595,1,18,7,1,7
201601YR90504,1,3,0,18,0,1,0,0,0,0,3,1,6,2,28,6,125,1,3,2,1,2
201601YR90504,2,9,0,18,0,1,0,0,0,0,4,1,6,1,31,6,1968,2,6,4,1,4
201601YR90505,1,9,0,3,0,1,0,0,0,0,1,1,6,1,26,6,1386,1,7,-1,-1,-1
201601YR90505,2,9,0,9,0,1,0,0,0,0,1,1,6,3,-1,-1,1598,1,14,-1,-1,-1
201601YR90506,1,19,0,18,0,8,0,0,0,0,4,1,6,1,85,11,-1,-1,-1,3,1,3
201601YR90506,2,1,0,18,0,8,0,0,0,0,2,1,6,1,55,8,-1,-1,-1,2,1,2
201601YR90507,1,9,0,5,0,8,0,0,0,0,3,1,6,2,21,5,1598,2,-1,1,1,1
201601YR90507,2,9,0,18,0,8,0,0,0,0,1,1,6,2,34,6,2000,1,9,-1,-1,-1
201601YR90509,1,1,0,3,0,8,0,0,0,0,1,1,6,1,49,8,-1,-1,-1,3,1,3
201601YR90509,2,3,0,5,0,8,0,0,0,0,1,1,6,1,-1,-1,-1,-1,-1,-1,-1,-1
201601YR90510,1,9,0,18,0,0,0,4,0,0,4,1,6,2,21,5,1197,1,1,3,1,3
201601YR90510,2,9,0,2,0,0,0,0,0,0,4,1,6,1,35,6,1399,2,5,-1,-1,-1
201601YR90510,3,9,0,2,0,0,0,0,0,0,4,1,6,2,-1,-1,1598,1,10,-1,-1,-1
201601YR90511,1,5,0,4,2,8,1,0,0,0,1,1,6,1,32,6,599,1,13,3,1,3
201601YR90511,2,9,0,9,0,5,0,0,0,0,4,1,6,2,40,7,1598,1,15,5,1,5
201601YR90512,1,9,0,5,0,1,0,0,0,0,3,1,6,1,29,6,2143,2,4,2,1,2
201601YR90512,2,9,0,5,0,1,0,0,0,0,4,1,6,1,-1,-1,-1,-1,-1,-1,-1,-1
201601YR90513,1,9,0,3,0,2,0,0,0,0,1,1,6,1,19,4,998,1,-1,6,1,6
201601YR90513,2,9,0,1,0,1,0,0,0,0,2,1,6,2,-1,-1,1388,1,6,-1,-1,-1
201601YR90514,1,9,0,9,0,1,0,0,0,0,1,1,6,2,49,8,2401,2,11,6,1,6
201601YR90514,2,4,0,18,2,1,0,0,0,0,1,1,6,1,52,8,-1,-1,-1,10,1,10
201601YR90515,1,9,0,18,0,2,1,4,0,0,3,1,6,1,27,6,1998,1,17,6,1,6
201601YR90515,2,9,0,2,0,2,0,0,0,0,1,1,6,3,-1,-1,-1,-1,-1,-1,-1,-1
201601YR90516,1,9,0,18,0,0,0,0,0,0,1,1,6,2,78,11,1299,1,13,5,1,5
201601YR90516,2,90,0,2,0,0,0,0,0,0,2,1,6,3,-1,-1,-1,-1,-1,-1,-1,-1
201601YR90517,1,9,0,9,0,2,0,0,0,0,1,1,6,2,42,7,1598,1,9,4,1,4
201601YR90519,1,9,0,9,0,8,0,0,0,0,1,1,6,1,51,8,1796,1,13,4,1,4
201601YR90519,2,3,0,18,0,1,0,0,0,0,1,1,6,1,24,5,125,1,2,3,1,3
201601YR90520,1,9,0,9,0,6,0,0,0,0,1,1,6,1,37,7,1339,1,9,2,1,2
201601YR90520,2,1,0,18,0,8,0,0,0,0,1,1,6,1,25,5,-1,-1,-1,3,1,3
201601YR90521,1,9,0,2,0,0,0,0,0,0,1,1,6,2,20,4,1591,1,1,-1,-1,-1
201601YR90521,2,9,0,1,0,0,0,4,0,0,2,1,6,3,-1,-1,1496,2,-1,-1,-1,-1
201601YR90522,1,11,0,4,0,8,0,0,0,0,0,1,1,1,36,7,6700,2,8,-1,-1,-1
201601YR90522,2,9,0,9,0,5,0,0,7,10,1,1,6,2,27,6,1596,1,11,5,1,5
201601YR90523,1,9,0,18,0,8,0,10,7,10,4,1,3,2,50,8,1390,1,17,5,1,5
201601YR90523,2,9,0,18,0,8,0,0,0,0,1,1,6,1,-1,-1,-1,-1,-1,-1,-1,-1
201601YR90524,1,9,0,2,0,0,0,0,0,0,3,1,6,1,22,5,1598,1,10,6,1,6
201601YR90524,2,19,0,18,0,0,0,0,0,0,4,1,1,1,54,8,3920,2,3,6,1,6
201601YR90525,1,1,0,13,0,2,0,0,0,0,1,1,6,2,46,8,-1,-1,-1,8,1,8
201601YR90525,2,9,0,6,0,2,0,0,0,0,3,1,6,1,-1,-1,1995,2,10,-1,-1,-1
201601YR90527,1,1,0,18,0,2,0,4,0,0,4,1,6,1,40,7,-1,-1,-1,3,1,3
201601YR90527,2,9,0,2,0,2,0,0,0,0,3,1,6,1,-1,-1,1396,1,14,-1,-1,-1
201601YR90528,1,19,0,3,0,2,0,0,0,0,2,1,2,1,25,5,1598,2,5,2,1,2
201601YR90528,2,9,0,4,0,2,0,0,0,0,1,1,2,1,-1,-1,1240,1,7,-1,-1,-1
201601YR90529,1,9,0,4,0,1,0,0,0,0,2,1,6,2,58,9,1798,1,9,8,1,8
201601YR90529,2,2,5,18,0,1,0,0,0,0,1,1,1,1,20,4,-1,-1,-1,1,1,1
201601YR90530,1,9,0,4,0,1,0,0,0,0,2,1,6,1,52,8,1598,1,7,3,1,3
201601YR90530,2,9,0,18,0,1,0,0,0,0,1,1,6,2,30,6,1796,1,13,2,1,2
201601YR90531,1,3,0,14,0,1,0,0,0,0,4,1,6,1,25,5,125,1,8,5,1,5
201601YR90531,2,9,0,9,0,2,0,0,0,0,3,1,6,1,39,7,1986,2,11,3,1,3
201601YR90532,1,9,0,6,0,8,0,0,0,0,3,1,6,1,50,8,1598,1,8,2,1,2
201601YR90532,2,3,0,18,0,8,0,0,0,0,4,1,6,1,22,5,125,1,10,2,1,2
201601YR90533,1,9,0,18,0,8,0,0,0,0,3,1,6,1,26,6,999,1,-1,6,1,6
201601YR90533,2,9,0,7,0,5,0,0,0,0,4,1,6,1,-1,-1,2993,2,9,-1,-1,-1
201601YR90534,1,9,0,18,0,0,0,0,1,5,1,1,6,1,29,6,1994,2,9,8,1,8