Accident_Index,Vehicle_Reference,Vehicle_Type,Towing_and_Articulation,Vehicle_Manoeuvre,Vehicle_Location-Restricted_Lane,Junction_Location,Skidding_and_Overturning,Hit_Object_in_Carriageway,Vehicle_Leaving_Carriageway,Hit_Object_off_Carriageway,1st_Point_of_Impact,Was_Vehicle_Left_Hand_Drive?,Journey_Purpose_of_Driver,Sex_of_Driver,Age_of_Driver,Age_Band_of_Driver,Engine_Capacity_(CC),Propulsion_Code,Age_of_Vehicle,Driver_IMD_Decile,Driver_Home_Area_Type,Vehicle_IMD_Decile
201601ZD30138,1,3,0,18,0,8,0,0,0,0,1,1,6,1,35,6,745,1,2,4,1,4
201601ZD30138,2,9,0,12,0,8,0,0,0,0,3,1,6,3,-1,-1,1598,1,6,-1,-1,-1
201601ZD30139,1,9,0,18,0,8,0,0,0,0,2,1,6,1,54,8,1896,2,14,8,1,8
201601ZD30139,2,9,0,18,0,8,0,0,0,0,2,1,6,2,52,8,1299,1,15,2,1,2
201601ZD30139,3,9,0,18,0,8,0,0,0,0,1,1,6,1,21,5,-1,-1,-1,6,1,6
201601ZD30141,1,9,0,18,0,8,0,0,0,0,1,1,6,3,-1,-1,-1,-1,-1,-1,-1,-1
201601ZD30142,1,9,0,16,0,8,0,0,0,0,3,1,6,2,27,6,1968,2,12,4,1,4
201601ZD30142,2,1,0,18,0,8,0,0,0,0,1,1,6,1,33,6,-1,-1,-1,3,1,3
201601ZD30143,1,9,0,18,0,0,0,0,0,0,1,1,6,1,28,6,-1,-1,-1,3,1,3
201601ZD30143,2,9,0,2,0,0,0,0,0,0,2,1,6,2,-1,-1,1991,2,8,2,1,2
201601ZD30144,1,9,0,18,0,8,0,0,0,0,3,1,6,1,35,6,1498,1,11,4,1,4
201601ZD30144,2,9,0,18,0,8,0,0,0,0,1,1,6,1,-1,-1,1968,2,8,-1,-1,-1
201601ZD30146,1,11,0,5,0,0,0,0,0,0,0,1,1,1,62,9,9200,2,11,2,1,2
201601ZD30147,1,9,0,18,0,8,0,0,0,0,1,1,6,2,67,10,1590,1,13,3,1,3
201601ZD30148,1,19,0,9,0,8,0,0,0,0,3,1,6,1,45,7,2198,2,1,2,1,2
201601ZD30148,2,2,0,18,0,8,0,0,0,0,1,1,6,1,51,8,459,1,14,2,1,2
201601ZD30149,1,9,0,4,0,8,0,0,0,0,2,1,6,2,37,7,998,1,3,8,1,8
201601ZD30149,2,9,0,18,0,8,0,0,0,0,1,1,6,1,-1,-1,998,1,12,-1,-1,-1
201601ZD30151,1,11,0,4,0,0,0,0,0,0,0,1,1,1,69,10,6370,2,4,-1,-1,-1
201601ZD30152,1,9,0,18,0,8,0,0,0,0,4,1,6,1,-1,-1,-1,-1,-1,-1,-1,-1
201601ZD30152,2,19,0,9,0,8,0,0,0,0,1,1,6,1,-1,-1,1870,2,13,3,1,3
201601ZD30154,1,9,0,7,0,8,0,0,0,0,1,1,6,1,60,9,1229,1,9,2,1,2
201601ZD30154,2,1,0,18,0,8,0,0,0,0,1,1,6,1,20,4,-1,-1,-1,4,1,4
201601ZD30156,1,9,0,18,0,0,0,0,1,0,2,1,1,2,52,8,1590,1,15,4,1,4
201601ZD30156,2,9,0,18,0,0,0,0,0,0,1,1,1,1,33,6,-1,-1,-1,-1,-1,-1
201601ZD30157,1,9,0,2,0,8,0,0,0,0,1,1,6,1,35,6,2493,8,2,-1,-1,-1
201601ZD30157,2,9,0,6,0,8,0,0,0,0,2,1,6,3,-1,-1,1686,2,6,-1,-1,-1
201601ZD30158,1,9,0,18,0,8,0,0,0,0,1,1,6,1,25,5,1560,2,4,4,1,4
201601ZD30158,2,1,0,18,0,8,0,0,0,0,1,1,6,1,22,5,-1,-1,-1,-1,-1,-1
201601ZD30159,1,9,0,18,0,8,0,0,0,0,4,1,6,1,50,8,948,1,-1,6,3,6
201601ZD30159,2,9,0,18,0,8,0,0,0,0,1,1,6,1,-1,-1,1995,2,3,8,1,8
201601ZD30160,1,19,0,9,0,8,0,0,0,0,3,1,6,1,25,5,2143,2,5,3,1,3
201601ZD30160,2,9,0,18,0,8,0,0,0,0,1,1,6,1,48,8,1598,1,1,2,1,2
201601ZD30161,1,9,0,4,0,8,0,0,1,0,2,1,2,2,25,5,998,1,2,6,1,6
201601ZD30161,2,9,0,4,0,8,0,0,3,0,1,1,2,1,26,6,1595,1,2,2,1,2
201601ZD30161,3,9,0,18,0,8,0,0,0,0,2,1,6,1,-1,-1,-1,-1,-1,-1,-1,-1
201601ZD30163,1,11,0,4,0,0,0,0,0,0,4,1,1,1,51,8,4500,2,1,5,1,5
201601ZD30165,1,9,0,3,0,8,0,0,0,0,2,1,6,1,37,7,1997,2,7,7,1,7
201601ZD30165,2,9,0,18,0,8,0,0,0,0,1,1,6,3,-1,-1,1360,1,14,-1,-1,-1
201601ZD30167,1,9,0,9,0,8,0,0,0,0,4,1,6,1,38,7,2143,2,-1,4,1,4
201601ZD30168,1,9,0,18,0,0,0,10,1,10,4,1,6,1,24,5,1991,2,6,3,1,3
201601ZD30168,2,9,0,18,0,0,0,4,0,0,3,1,6,1,20,4,1461,2,4,2,1,2
201601ZD30168,3,9,0,2,0,0,0,0,0,0,2,1,6,2,-1,-1,1596,1,11,4,1,4
201601ZD30168,4,9,0,2,0,0,0,0,0,0,2,1,6,2,-1,-1,1198,1,10,4,1,4
201601ZD30169,1,9,0,9,0,8,0,0,0,0,4,1,6,3,-1,-1,-1,-1,-1,-1,-1,-1
201601ZD30170,1,9,0,18,0,8,0,0,0,0,2,1,6,2,34,6,1398,1,1,2,1,2
201601ZD30170,2,9,0,18,0,8,0,0,0,0,1,1,6,1,28,6,999,1,2,3,1,3
201601ZD30171,1,9,0,18,0,8,0,0,7,7,1,1,6,1,40,7,1968,1,11,5,1,5
201601ZD30172,1,8,0,18,0,8,0,0,0,0,3,1,1,1,37,7,1968,2,1,4,1,4
201601ZD30172,2,9,0,6,0,8,0,0,0,0,3,1,6,1,-1,-1,1991,1,22,-1,-1,-1
201601ZD30173,1,9,0,18,0,8,0,0,0,0,1,1,6,2,73,10,1364,1,10,6,1,6
201601ZD30173,2,9,0,18,0,8,0,0,0,0,2,1,6,2,22,5,999,1,1,-1,-1,-1
201601ZD30174,1,9,0,16,0,0,1,10,1,4,1,1,4,1,63,9,1997,1,9,-1,-1,-1
201601ZD30175,1,9,0,9,0,8,0,0,0,0,1,1,6,1,-1,-1,-1,-1,-1,-1,-1,-1
201601ZD30176,1,8,0,3,0,8,0,0,1,0,2,1,1,1,46,8,1795,8,6,2,1,2
201601ZD30176,2,8,0,18,0,8,0,0,0,0,1,1,2,1,-1,-1,1598,2,-1,10,1,10
201601ZD30177,1,9,0,18,0,8,0,0,0,0,2,1,6,2,43,7,1390,1,10,6,1,6
201601ZD30177,2,9,0,18,0,8,0,0,0,0,1,1,1,1,42,7,1364,1,9,6,1,6
201601ZD30177,3,9,0,2,0,8,0,0,0,0,1,1,6,1,53,8,-1,-1,-1,4,1,4
201601ZD30178,1,9,0,7,0,8,0,0,0,0,0,1,6,1,-1,-1,998,1,1,-1,-1,-1
201601ZD30179,1,9,0,4,0,0,0,0,0,0,2,1,1,2,30,6,1997,1,2,3,1,3
201601ZD30179,2,9,0,4,0,0,0,0,0,0,1,1,1,2,53,8,698,1,12,5,1,5
201601ZD30181,1,9,0,14,0,8,0,0,0,0,1,1,2,2,48,8,1799,1,4,-1,-1,-1
201601ZD30183,1,9,0,3,0,0,0,0,0,0,2,1,6,2,23,5,1242,1,1,-1,-1,-1
201601ZD30183,2,9,0,18,0,0,0,0,0,0,1,1,6,1,41,7,1686,2,9,-1,-1,-1
201601ZD30184,1,9,0,17,0,8,0,0,0,0,3,1,6,1,35,6,1762,1,18,2,1,2
201601ZD30185,1,9,0,4,0,0,0,0,0,0,2,1,6,2,54,8,2143,2,5,9,1,9
201601ZD30185,2,19,0,18,0,0,0,0,0,0,2,1,1,1,30,6,2143,2,3,3,1,3
201601ZD30186,1,9,0,18,0,0,0,0,0,0,1,1,6,1,27,6,-1,-1,-1,4,1,4
201601ZD30187,1,9,0,18,0,8,0,0,0,0,3,1,6,1,77,11,-1,-1,-1,4,1,4
201601ZD30188,1,9,0,18,0,8,0,0,0,0,3,1,6,3,-1,-1,-1,-1,-1,-1,-1,-1
201601ZD30189,1,3,0,18,0,8,0,0,0,0,1,1,6,1,18,4,-1,-1,-1,4,1,4
201601ZD30189,2,9,0,9,0,8,0,0,0,0,4,1,1,1,55,8,1797,8,6,3,1,3
201601ZD30190,1,9,0,1,0,0,0,0,0,0,2,1,6,1,43,7,2499,1,8,7,1,7
201601ZD30191,1,3,0,5,9,6,0,0,0,0,0,1,1,1,58,9,-1,-1,-1,2,1,2
201601ZD30192,1,11,0,16,0,8,0,0,0,0,0,1,1,1,56,9,-1,-1,-1,3,1,3
201601ZD30193,1,9,0,4,0,0,0,0,0,0,1,1,6,1,23,5,1910,2,9,3,1,3
201601ZD30193,2,9,0,4,0,0,0,0,0,0,2,1,6,3,-1,-1,-1,-1,-1,-1,-1,-1
201601ZD30194,1,19,0,18,0,0,0,0,0,0,3,1,6,3,-1,-1,-1,-1,-1,-1,-1,-1
201601ZD30195,1,9,0,7,0,8,0,0,0,0,4,1,6,1,43,7,-1,-1,-1,-1,-1,-1
201601ZD30195,2,1,0,18,0,8,0,0,0,0,1,1,6,1,29,6,-1,-1,-1,3,1,3
201601ZD30196,1,9,0,3,0,8,0,0,0,0,2,1,6,1,47,8,998,1,9,-1,-1,-1
201601ZD30196,2,9,0,18,0,8,0,0,0,0,1,1,6,1,-1,-1,2143,2,3,-1,-1,-1
201601ZD30197,1,4,0,18,0,0,0,0,0,0,1,1,6,1,39,7,471,1,2,3,1,3
201601ZD30197,2,9,0,4,0,0,0,0,0,0,2,1,6,1,34,6,1596,1,5,9,1,9
201601ZD30200,1,9,0,18,0,0,0,0,0,0,1,1,6,2,30,6,-1,-1,-1,9,1,9
201601ZD30201,1,9,0,9,0,8,0,0,0,0,3,1,6,1,37,7,998,1,18,-1,-1,-1
201601ZD30201,2,3,0,18,0,8,0,0,0,0,1,1,6,1,19,4,124,1,14,8,1,8
201601ZD30203,1,9,0,18,0,8,0,0,0,0,1,1,6,1,71,10,2198,1,9,-1,-1,-1
201601ZD30203,2,90,0,7,0,8,0,0,0,0,1,1,6,2,13,3,-1,-1,-1,2,1,2
201601ZD30204,1,9,0,4,0,8,0,0,0,0,2,1,6,1,68,10,1796,1,2,5,1,5
201601ZD30204,2,4,0,18,0,8,0,0,0,0,1,1,6,1,22,5,-1,-1,-1,2,1,2
201601ZD30205,1,9,0,9,0,8,0,0,0,0,1,1,6,1,36,7,-1,-1,-1,3,1,3
201601ZD30205,2,3,0,18,0,8,0,0,0,0,1,1,1,1,19,4,49,1,6,-1,-1,-1
201601ZD30206,1,9,0,18,0,0,0,0,0,0,4,1,6,1,58,9,1299,1,18,5,1,5
201601ZD30207,1,9,0,18,0,8,0,0,0,0,1,1,6,1,32,6,1240,1,7,4,1,4
201601ZD30207,2,9,0,9,0,8,0,0,0,0,3,1,6,1,-1,-1,-1,-1,-1,-1,-1,-1
201601ZD30208,1,9,0,18,0,8,0,0,0,0,3,1,6,1,28,6,1598,2,2,2,1,2
201601ZD30209,1,9,0,9,0,8,0,0,0,0,3,1,6,1,18,4,1248,2,9,2,1,2
201601ZD30209,2,9,0,9,0,8,0,0,0,0,4,1,6,1,17,4,1388,1,10,5,1,5
201601ZD30210,1,1,0,18,4,8,0,0,0,0,1,1,6,1,23,5,-1,-1,-1,4,1,4
201601ZD30210,2,9,0,11,0,8,0,0,0,0,4,1,6,1,61,9,1299,1,14,4,1,4
201601ZD30212,1,3,0,18,0,0,0,0,0,0,1,1,6,3,-1,-1,-1,-1,-1,-1,-1,-1
201601ZD30213,1,9,0,18,0,8,0,0,0,0,4,1,6,2,51,8,2393,1,11,2,1,2
201601ZD30214,1,2,0,18,0,8,0,0,0,0,1,1,6,1,39,7,124,1,2,-1,-1,-1
201601ZD30214,2,9,0,9,0,8,0,0,0,0,4,1,6,2,56,9,1796,1,2,3,1,3
201601ZD30215,1,4,0,18,0,8,0,0,0,0,1,1,6,1,29,6,599,1,10,3,1,3
201601ZD30216,1,9,0,10,0,8,0,0,0,0,3,1,6,2,38,7,1598,1,13,3,1,3
201601ZD30216,2,9,0,7,0,8,0,0,0,0,1,1,6,1,-1,-1,-1,-1,-1,-1,-1,-1
201601ZD30216,3,9,0,2,0,8,0,0,0,0,1,1,6,1,-1,-1,3239,1,20,-1,-1,-1
201601ZD30217,1,9,0,9,0,8,0,0,0,0,1,1,6,1,41,7,1798,1,6,9,1,9
201601ZD30217,2,3,0,18,0,8,0,0,0,0,1,1,6,1,36,7,125,1,-1,-1,-1,-1
201601ZD30219,1,9,0,11,0,0,0,10,1,0,4,1,6,1,51,8,1329,1,5,9,1,9
201601ZD30220,1,3,0,18,0,0,0,0,0,0,4,1,6,1,24,5,124,1,4,2,1,2
201601ZD30221,1,9,0,18,0,8,0,0,0,0,1,1,6,2,54,8,1598,1,16,3,1,3
201601ZD30222,1,1,0,9,0,8,1,0,0,0,2,1,6,1,41,7,-1,-1,-1,-1,-1,-1
201601ZD30222,2,9,0,18,0,8,0,0,0,0,1,1,6,3,-1,-1,-1,-1,-1,-1,-1,-1
201601ZD30223,1,9,0,18,0,0,0,0,0,0,1,1,6,2,19,4,1242,1,13,6,1,6
201601ZD30225,1,9,0,18,0,0,0,0,0,0,4,1,6,1,25,5,1240,1,12,2,1,2
201601ZD30226,1,9,0,11,0,8,0,10,1,10,4,1,6,1,21,5,1998,1,8,2,1,2
201601ZD30227,1,2,0,18,0,8,0,0,0,0,3,1,6,1,44,7,124,1,3,-1,-1,-1
201601ZD30227,2,9,0,18,0,8,0,0,0,0,3,1,6,1,-1,-1,-1,-1,-1,-1,-1,-1
201601ZD30228,1,4,0,18,0,8,0,0,0,0,1,1,6,1,26,6,998,1,12,2,1,2
201601ZD30228,2,9,0,18,0,8,0,0,0,0,2,1,6,1,69,10,1596,1,4,-1,-1,-1
201601ZD30229,1,11,0,5,0,8,0,0,0,0,4,1,6,1,53,8,9000,2,8,9,1,9
201601ZD30230,1,11,0,18,2,8,0,0,0,0,0,1,1,1,27,6,6692,2,7,3,1,3
201601ZD30232,1,9,0,9,0,8,0,0,0,0,3,1,6,1,38,7,1998,1,12,3,1,3
201601ZD30233,1,9,0,18,0,8,0,0,0,0,4,1,6,2,27,6,1598,1,9,9,1,9
201601ZD30234,1,9,0,9,0,8,0,0,0,0,3,1,6,1,25,5,973,1,14,6,1,6
201601ZD30234,2,9,0,18,0,8,0,0,0,0,1,1,6,2,26,6,2149,2,9,9,1,9
201601ZD30237,1,9,0,18,0,8,0,0,0,0,3,1,6,1,32,6,-1,-1,-1,5,1,5
201601ZD30238,1,1,0,18,0,8,0,0,0,0,1,1,6,1,20,4,-1,-1,-1,3,1,3
201601ZD30238,2,19,0,18,0,8,0,0,0,0,2,1,6,1,-1,-1,-1,-1,-1,-1,-1,-1
201601ZD30239,1,90,0,7,0,8,0,0,0,0,4,1,6,1,32,6,-1,-1,-1,6,1,6
201601ZD30239,2,1,0,18,0,8,0,0,0,0,1,1,6,2,-1,-1,-1,-1,-1,2,1,2
201601ZD30242,1,9,0,9,0,8,0,0,0,0,1,1,6,2,24,5,998,1,12,2,1,2
201601ZD30242,2,9,0,14,0,8,0,0,0,0,4,1,6,1,17,4,1995,2,4,4,1,4
201601ZD30243,1,9,0,4,0,8,0,0,0,0,2,1,6,2,48,8,1998,1,14,2,1,2
201601ZD30243,2,9,0,18,0,8,0,0,0,0,1,1,6,1,-1,-1,2616,1,11,-1,-1,-1
201601ZD30244,1,9,0,18,0,0,5,4,0,0,4,1,6,2,69,10,1198,1,1,-1,-1,-1
201601ZD30244,2,9,0,2,0,0,0,0,0,0,3,1,6,3,-1,-1,-1,-1,-1,-1,-1,-1
201601ZD30244,3,9,0,2,0,0,0,0,0,0,2,1,6,3,-1,-1,-1,-1,-1,-1,-1,-1
201601ZD30245,1,9,0,9,0,8,0,0,0,0,1,1,6,1,36,7,1956,2,4,4,1,4
201601ZD30245,2,9,0,18,0,8,1,0,0,0,1,1,6,2,30,6,1360,1,15,6,1,6
201601ZD30246,1,9,0,17,0,8,0,0,0,0,2,1,6,2,61,9,1296,1,17,2,1,2
201601ZD30246,2,9,0,17,0,8,0,0,0,0,1,1,6,3,-1,-1,-1,-1,-1,-1,-1,-1
201601ZD30247,1,9,0,9,0,8,0,0,0,0,4,1,6,1,48,8,1997,2,7,4,1,4
201601ZD30247,2,2,0,18,0,8,0,0,0,0,1,1,6,1,23,5,1200,1,18,-1,-1,-1
201601ZD30248,1,4,0,18,0,0,0,0,0,0,1,1,6,2,26,6,-1,-1,-1,4,1,4
201601ZD30248,2,9,0,10,0,0,0,0,0,0,0,1,6,1,79,11,1493,1,22,4,1,4
201601ZD30250,1,9,0,7,0,2,0,0,0,0,1,1,6,1,36,7,998,1,16,2,1,2
201601ZD30252,1,9,0,4,0,0,0,0,0,0,1,1,6,2,29,6,1461,2,1,2,1,2
201601ZD30252,2,19,0,4,0,0,0,0,0,0,2,1,6,1,-1,-1,2402,2,10,-1,-1,-1
201601ZD30253,1,9,0,18,0,8,0,0,0,0,0,1,6,2,24,5,1368,1,8,-1,-1,-1
201601ZD30253,2,9,0,9,0,8,0,0,0,0,1,1,6,1,-1,-1,1242,1,13,-1,-1,-1
201601ZD30254,1,9,0,18,0,0,0,0,0,0,1,1,6,2,42,7,1400,1,13,3,1,3
201601ZD30254,2,9,0,2,0,0,0,0,0,0,2,1,6,1,71,10,1796,1,14,2,1,2
201601ZD30255,1,9,0,9,0,5,0,0,0,0,4,1,2,1,26,6,1395,1,-1,-1,-1,-1
201601ZD30255,2,1,0,18,0,8,0,0,0,0,1,1,6,1,24,5,-1,-1,-1,3,1,3
201601ZD30256,1,9,0,18,0,0,1,0,7,2,1,1,6,1,53,8,1895,1,15,2,1,2
201601ZD30258,1,9,0,7,0,8,0,0,0,0,4,1,1,1,23,5,-1,-1,-1,-1,-1,-1
201601ZD30258,2,1,0,15,0,8,0,0,0,0,1,1,2,1,46,8,-1,-1,-1,8,1,8
201601ZD30260,1,9,0,9,0,8,0,0,0,0,1,1,2,1,21,5,1997,1,16,6,1,6
201601ZD30260,2,9,0,18,0,8,0,0,0,0,3,1,6,1,32,6,1328,1,10,6,1,6
201601ZD30262,1,9,0,9,0,6,0,0,0,0,3,1,6,1,51,8,1984,1,19,3,1,3
201601ZD30262,2,5,0,13,0,1,0,0,0,0,1,1,6,1,26,6,450,1,13,4,1,4
201601ZD30263,1,9,0,7,0,8,0,0,0,0,3,1,6,1,59,9,-1,-1,-1,3,1,3
201601ZD30263,2,1,0,18,0,8,0,0,0,0,1,1,6,1,51,8,-1,-1,-1,5,1,5
201601ZD30265,1,11,0,18,0,8,0,0,0,0,0,1,1,1,-1,-1,4500,2,1,2,1,2
201601ZD30266,1,9,0,5,0,1,0,0,0,0,1,1,3,2,39,7,1984,1,13,4,1,4
201601ZD30268,1,9,0,9,0,5,0,0,0,0,4,1,6,2,31,6,1360,1,10,4,1,4
201601ZD30268,2,5,0,15,0,8,0,0,0,0,1,1,6,1,40,7,-1,-1,-1,-1,-1,-1
201601ZD30269,1,4,0,18,0,8,0,0,0,0,2,1,6,1,27,6,-1,-1,-1,3,1,3
201601ZD30269,2,9,0,9,0,8,0,0,0,0,1,1,6,1,32,6,-1,-1,-1,5,1,5
201601ZD30271,1,4,0,18,0,0,0,0,0,0,1,1,6,1,21,5,675,1,7,2,1,2
201601ZD30271,2,9,0,18,0,0,0,0,0,0,1,1,6,3,-1,-1,-1,-1,-1,-1,-1,-1
201601ZD30274,1,9,0,3,0,0,0,0,0,0,2,1,1,2,67,10,1339,1,2,5,1,5
201601ZD30274,2,1,0,18,0,0,0,0,0,0,1,1,6,1,60,9,-1,-1,-1,2,1,2
201601ZD30277,1,9,0,18,0,8,0,0,0,0,3,1,6,1,30,6,1997,2,4,4,1,4
201601ZD30277,2,9,0,18,0,8,0,0,0,0,1,1,6,1,31,6,1956,2,5,6,1,6
201601ZD30278,1,9,0,18,0,8,0,0,0,0,1,1,6,2,49,8,1329,1,7,9,1,9
201601ZD30278,2,9,0,5,0,8,0,0,0,0,3,1,6,1,38,7,1329,1,5,6,1,6
201601ZD30279,1,9,0,9,0,8,0,0,0,0,4,1,6,2,25,5,1124,1,12,10,1,10
201601ZD30279,2,9,0,18,0,8,0,0,0,0,1,1,6,3,-1,-1,1956,2,1,-1,-1,-1
201601ZD30279,3,9,0,3,0,2,0,0,0,0,2,1,6,1,21,5,1595,1,17,6,1,6
201601ZD30280,1,9,0,9,0,0,0,0,0,0,4,1,6,1,60,9,1997,1,17,7,1,7
201601ZD30280,2,9,0,15,0,0,0,7,1,0,1,1,6,1,24,5,1998,1,12,3,1,3
201601ZD30281,1,3,0,4,0,1,0,0,0,0,4,1,6,1,19,4,124,1,3,4,1,4
201601ZD30281,2,9,0,3,0,1,0,0,0,0,2,1,6,2,-1,-1,2143,2,3,5,1,5
201601ZD30283,1,9,0,9,0,0,0,0,0,0,1,1,6,1,47,8,995,1,6,9,1,9
201601ZD30284,1,9,0,9,0,8,0,0,0,0,3,1,6,2,58,9,1461,2,2,7,1,7
201601ZD30284,2,3,0,4,0,8,0,0,0,0,1,1,6,1,42,7,125,1,1,4,1,4
201601ZD30285,1,9,0,18,0,0,0,0,1,5,1,1,6,1,30,6,1794,1,11,10,1,10
201601ZD30286,1,9,0,10,0,0,0,0,0,0,2,1,6,2,26,6,1242,1,13,-1,-1,-1
201601ZD30286,2,9,0,18,0,0,0,0,0,0,1,1,6,1,71,10,1242,1,2,9,3,9
201601ZD30287,1,9,0,18,0,0,0,4,0,0,1,1,6,1,33,6,1360,1,6,5,1,5
201601ZD30287,2,19,0,2,0,0,0,0,0,0,2,1,6,3,-1,-1,1968,2,3,-1,-1,-1
201601ZD30287,3,9,0,2,0,0,0,0,0,0,4,1,6,3,-1,-1,1299,1,12,-1,-1,-1
201601ZD30288,1,1,0,18,0,8,0,0,0,0,1,1,1,1,31,6,-1,-1,-1,4,1,4
201601ZD30288,2,9,0,2,0,8,0,0,0,0,3,1,6,1,56,9,-1,-1,-1,3,1,3
201601ZD30289,1,9,0,9,0,2,0,0,1,2,4,1,6,3,-1,-1,-1,-1,-1,-1,-1,-1
201601ZD30290,1,9,0,9,0,8,0,0,0,0,4,1,6,2,-1,-1,1997,1,14,8,1,8
201601ZD30290,2,8,0,18,0,8,0,0,0,0,1,1,6,1,-1,-1,2143,2,5,6,1,6
201601ZD30291,1,9,0,8,0,8,0,0,0,0,4,1,6,2,41,7,1968,2,11,2,1,2
201601ZD30291,2,20,0,7,0,8,0,0,0,0,3,1,6,1,-1,-1,-1,-1,-1,-1,-1,-1
201601ZD30292,1,9,0,18,0,0,0,10,1,10,1,1,6,1,17,4,1240,1,11,7,1,7
201601ZD30293,1,9,0,18,0,8,0,0,0,0,1,1,6,1,36,7,2993,2,5,3,1,3
201601ZD30293,2,9,0,9,0,8,0,0,0,0,1,1,6,1,58,9,1598,1,15,3,1,3
201601ZD30294,1,11,0,9,0,2,0,0,0,0,0,1,1,1,57,9,-1,-1,-1,2,1,2
201601ZD30295,1,3,0,18,0,0,0,0,0,0,4,1,6,1,27,6,125,1,5,10,1,10
201601ZD30295,2,9,0,5,0,0,0,0,0,0,3,1,6,3,-1,-1,-1,-1,-1,-1,-1,-1
201601ZD30296,1,9,0,17,0,8,0,0,0,0,3,1,6,2,24,5,1395,1,2,5,1,5
201601ZD30296,2,9,0,18,0,8,0,0,0,0,4,1,6,1,-1,-1,1229,1,11,-1,-1,-1
201601ZD30297,1,3,0,18,0,8,0,0,0,0,1,1,1,1,29,6,109,1,2,-1,-1,-1
201601ZD30297,2,9,0,9,0,8,0,0,0,0,3,1,6,1,54,8,4196,1,9,10,1,10
201601ZD30298,1,9,0,18,0,0,0,0,0,0,4,1,6,2,46,8,1598,1,4,7,1,7
201601ZD30299,1,9,0,8,0,8,0,0,0,0,2,1,6,2,36,7,1360,1,11,3,1,3
201601ZD30299,2,9,0,18,0,8,0,0,0,0,1,1,6,3,-1,-1,-1,-1,-1,-1,-1,-1
201601ZD30300,1,4,0,15,0,0,0,0,0,0,1,1,6,1,34,6,-1,-1,-1,5,1,5
201601ZD30300,2,9,0,11,0,0,0,0,0,0,4,1,6,1,25,5,1396,1,12,4,1,4
201601ZD30302,1,19,0,5,0,8,0,0,0,0,4,1,6,1,24,5,-1,-1,-1,-1,-1,-1
201601ZD30302,2,9,0,18,0,8,0,0,0,0,1,1,6,1,34,6,1246,1,11,-1,-1,-1
201601ZD30303,1,3,0,18,0,8,0,0,0,0,4,1,2,1,27,6,109,1,2,5,1,5
201601ZD30303,2,9,0,9,0,8,0,0,0,0,1,1,6,1,33,6,1999,1,13,6,1,6
201601ZD30305,1,1,0,17,0,1,0,0,0,0,2,1,2,2,38,7,-1,-1,-1,9,1,9
201601ZD30305,2,9,0,17,0,1,0,0,0,0,1,1,6,1,-1,-1,-1,-1,-1,-1,-1,-1
201601ZD30306,1,9,0,18,0,0,0,0,0,0,1,1,6,3,-1,-1,-1,-1,-1,-1,-1,-1
201601ZD30307,1,11,0,18,0,0,0,0,0,0,1,1,1,1,35,6,4500,2,1,3,1,3
201601ZD30308,1,9,0,6,0,0,0,0,0,0,4,1,6,1,49,8,1587,1,14,3,1,3
201601ZD30308,2,9,0,18,0,0,0,0,0,0,1,1,6,1,36,7,3628,2,7,9,1,9
201601ZD30309,1,9,0,3,0,8,0,0,0,0,2,1,6,1,38,7,1956,2,5,1,1,1
201601ZD30309,2,9,0,7,0,8,0,0,0,0,3,1,6,1,-1,-1,1199,1,14,-1,-1,-1
201601ZD30310,1,9,0,9,0,8,0,0,0,0,1,1,6,1,35,6,-1,-1,-1,4,1,4
201601ZD30310,2,9,0,18,0,8,0,0,0,0,1,1,6,1,40,7,1781,1,14,3,1,3
201601ZD30311,1,9,0,9,0,2,0,0,0,0,1,1,6,2,30,6,659,1,9,3,1,3
201601ZD30312,1,9,0,9,0,8,0,0,0,0,3,1,6,1,34,6,2000,1,11,5,1,5
201601ZD30312,2,5,0,13,0,8,0,0,0,0,1,1,6,1,54,8,-1,-1,-1,9,1,9
201601ZD30313,1,3,0,18,0,8,0,0,0,0,3,1,6,1,23,5,125,1,9,4,1,4
201601ZD30313,2,3,0,9,0,8,0,0,0,0,1,1,6,1,22,5,109,1,2,2,1,2
201601ZD30314,1,11,0,4,0,1,0,0,0,0,0,1,1,1,47,8,-1,-1,-1,4,1,4
201601ZD30316,1,9,0,9,0,8,0,0,0,0,1,1,6,1,55,8,1596,1,19,4,1,4
201601ZD30316,2,5,0,14,0,8,0,0,0,0,1,1,2,1,33,6,600,1,15,-1,3,-1
201601ZD30317,1,9,0,18,0,8,0,0,0,0,3,1,6,1,57,9,2499,2,17,2,1,2
201601ZD30317,2,9,0,4,0,8,0,0,0,0,1,1,6,1,24,5,1360,1,17,5,1,5
201601ZD30318,1,9,0,7,0,8,0,0,0,0,4,1,1,2,50,8,1598,1,9,7,1,7
201601ZD30318,2,5,0,15,0,8,0,0,0,0,3,1,6,1,39,7,999,1,4,7,1,7
201601ZD30319,1,9,0,18,0,2,0,0,0,0,3,1,6,2,26,6,1198,1,5,5,1,5
201601ZD30319,2,9,0,13,0,2,0,0,0,0,4,1,6,3,-1,-1,-1,-1,-1,-1,-1,-1
201601ZD30320,1,11,0,4,0,1,0,0,0,0,0,1,1,2,46,8,9000,2,7,-1,-1,-1
201601ZD30321,1,9,0,9,0,8,0,0,0,0,4,1,6,1,34,6,1896,2,9,5,1,5
201601ZD30323,1,9,0,9,0,6,0,0,0,0,3,1,6,1,66,10,1796,1,17,-1,-1,-1
201601ZD30323,2,8,0,18,0,8,0,0,0,0,4,1,6,1,44,7,1968,2,1,6,1,6
201601ZD30323,3,9,0,18,0,8,0,0,0,0,1,1,6,1,42,7,1399,2,6,5,1,5
201601ZD30324,1,9,0,9,0,5,0,0,0,0,4,1,6,1,18,4,1364,1,10,2,1,2
201601ZD30324,2,9,0,18,0,8,0,0,0,0,1,1,6,2,-1,-1,999,1,7,6,1,6
201601ZD30324,3,9,0,10,0,1,0,0,0,0,1,1,6,1,26,6,1595,2,6,4,1,4
201601ZD30326,1,9,0,4,0,0,0,0,0,0,1,1,6,1,81,11,1396,1,14,7,1,7
201601ZD30331,1,20,0,5,0,8,0,0,0,0,3,1,1,1,49,8,4500,2,1,3,1,3
201601ZD30333,1,9,0,9,0,5,0,0,0,0,1,1,6,2,23,5,1242,1,4,1,1,1
201601ZD30333,2,1,0,18,0,8,0,0,0,0,3,1,6,1,60,9,-1,-1,-1,5,1,5