Accident_Index,Vehicle_Reference,Vehicle_Type,Towing_and_Articulation,Vehicle_Manoeuvre,Vehicle_Location-Restricted_Lane,Junction_Location,Skidding_and_Overturning,Hit_Object_in_Carriageway,Vehicle_Leaving_Carriageway,Hit_Object_off_Carriageway,1st_Point_of_Impact,Was_Vehicle_Left_Hand_Drive?,Journey_Purpose_of_Driver,Sex_of_Driver,Age_of_Driver,Age_Band_of_Driver,Engine_Capacity_(CC),Propulsion_Code,Age_of_Vehicle,Driver_IMD_Decile,Driver_Home_Area_Type,Vehicle_IMD_Decile
201601ZD30334,1,9,0,16,0,8,0,0,0,0,4,1,6,1,51,8,1995,2,9,3,1,3
201601ZD30334,2,9,0,16,0,8,0,0,0,0,3,1,6,1,-1,-1,-1,-1,-1,-1,-1,-1
201601ZD30335,1,9,0,9,0,5,0,0,0,0,4,1,6,2,42,7,1850,1,16,3,1,3
201601ZD30335,2,1,0,18,0,2,0,0,0,0,1,1,6,1,21,5,-1,-1,-1,7,1,7
201601ZD30337,1,9,0,18,0,0,0,4,0,0,1,1,6,1,27,6,1124,1,18,2,1,2
201601ZD30337,2,9,0,2,0,0,0,0,0,0,2,1,6,3,-1,-1,-1,-1,-1,-1,-1,-1
201601ZD30338,1,9,0,16,0,2,0,10,1,2,4,1,6,1,26,6,2494,1,15,4,1,4
201601ZD30339,1,9,0,5,0,8,0,0,0,0,4,1,6,1,65,9,2148,2,12,8,1,8
201601ZD30339,2,3,0,18,0,8,0,0,0,0,1,1,6,1,21,5,124,1,1,3,1,3
201601ZD30340,1,9,0,18,0,2,0,0,0,0,1,1,2,1,59,9,1796,1,9,-1,-1,-1
201601ZD30341,1,20,0,18,0,0,0,0,0,0,4,1,1,3,-1,-1,-1,-1,-1,-1,-1,-1
201601ZD30342,1,11,0,18,0,8,0,0,0,0,0,1,1,1,55,8,6692,2,7,-1,-1,-1
201601ZD30343,1,9,0,14,0,0,0,0,0,0,0,1,6,3,-1,-1,-1,-1,-1,-1,-1,-1
201601ZD30344,1,9,0,9,0,5,0,0,0,0,4,1,6,2,36,7,2600,1,19,3,1,3
201601ZD30344,2,19,0,5,0,8,0,0,0,0,1,1,2,1,27,6,1598,2,5,8,1,8
201601ZD30346,1,9,0,18,0,8,0,0,0,0,1,1,6,2,33,6,2148,2,13,5,1,5
201601ZD30346,2,9,0,9,0,8,0,0,0,0,4,1,6,1,-1,-1,2143,2,4,8,1,8
201601ZD30348,1,9,0,18,0,0,0,0,0,0,1,1,6,1,28,6,1461,2,-1,6,1,6
201601ZD30351,1,11,0,5,0,0,0,0,0,0,0,1,1,1,-1,-1,-1,-1,-1,-1,-1,-1
201601ZD30352,1,9,0,18,0,0,1,0,4,6,3,1,2,2,54,8,3199,1,17,2,1,2
201601ZD30353,1,21,1,9,0,8,0,0,0,0,3,1,1,1,48,8,12809,2,3,7,1,7
201601ZD30353,2,1,0,18,0,8,0,0,0,0,1,1,6,1,37,7,-1,-1,-1,2,1,2
201601ZD30354,1,9,0,18,0,0,0,0,0,0,4,1,6,2,30,6,998,1,10,2,1,2
201601ZD30355,1,9,0,18,0,8,0,0,0,0,4,1,6,2,65,9,2499,1,9,4,1,4
201601ZD30355,2,9,0,5,0,6,0,0,0,0,1,1,6,1,-1,-1,1995,2,6,4,1,4
201601ZD30356,1,9,0,18,0,8,0,0,0,0,1,1,6,1,22,5,1598,1,12,5,1,5
201601ZD30356,2,9,0,18,0,8,0,0,0,0,1,1,6,1,24,5,973,1,14,6,1,6
201601ZD30356,3,9,0,18,0,8,0,0,0,0,1,1,6,1,32,6,1560,2,4,3,1,3
201601ZD30357,1,9,0,7,0,8,0,0,0,0,1,1,6,1,23,5,1595,1,9,7,1,7
201601ZD30357,2,9,0,18,0,8,0,0,0,0,1,1,6,1,46,8,1797,8,6,-1,-1,-1
201601ZD30359,1,9,0,9,0,8,0,0,0,0,3,1,6,2,-1,-1,-1,-1,-1,-1,-1,-1
201601ZD30360,1,9,0,1,0,1,0,0,0,0,2,1,6,3,-1,-1,-1,-1,-1,-1,-1,-1
201601ZD30361,1,9,0,9,0,8,0,0,0,0,3,1,6,1,36,7,1796,1,13,3,1,3
201601ZD30361,2,3,0,18,0,8,0,0,0,0,1,1,6,1,20,4,125,1,4,3,1,3
201601ZD30364,1,11,0,18,0,0,0,0,0,0,0,1,6,1,-1,-1,-1,-1,-1,5,1,5
201601ZD30365,1,19,0,7,0,2,0,0,0,0,2,1,6,1,60,9,1753,2,10,5,1,5
201601ZD30365,2,9,0,7,0,2,0,0,0,0,1,1,6,1,27,6,1200,1,-1,3,1,3
201601ZD30366,1,9,0,18,0,8,0,0,0,0,1,1,6,2,33,6,1596,1,14,-1,-1,-1
201601ZD30368,1,9,0,18,0,8,0,0,0,0,0,1,2,1,24,5,-1,-1,-1,6,1,6
201601ZD30369,1,5,0,4,0,0,0,0,0,0,0,1,6,1,33,6,599,1,10,5,1,5
201601ZD30369,2,9,0,4,0,0,0,0,0,0,0,1,6,1,62,9,-1,-1,-1,9,1,9
201601ZD30370,1,1,0,18,0,0,0,0,0,0,0,1,6,2,25,5,-1,-1,-1,4,1,4
201601ZD30370,2,9,0,18,0,0,0,0,0,0,0,1,6,2,25,5,1598,1,10,6,1,6
201601ZD30371,1,9,0,3,0,0,0,0,0,0,2,1,6,1,-1,-1,-1,-1,-1,-1,-1,-1
201601ZD30371,2,1,0,18,0,0,0,0,0,0,1,1,6,1,54,8,-1,-1,-1,5,1,5
201601ZD30373,1,9,0,18,0,2,0,0,0,0,4,1,6,2,63,9,1339,1,6,4,1,4
201601ZD30374,1,19,0,1,0,6,0,0,0,0,2,1,6,1,27,6,1995,2,5,5,1,5
201601ZD30376,1,9,0,9,0,6,0,0,0,0,1,1,6,1,63,9,2099,1,14,9,1,9
201601ZD30376,2,9,0,4,0,8,0,0,0,0,1,1,6,2,72,10,1339,1,10,9,1,9
201601ZD30377,1,9,0,18,0,0,0,0,0,0,1,1,6,1,22,5,1390,1,6,3,1,3
201601ZD30378,1,11,0,4,0,0,0,0,0,0,3,1,6,1,63,9,4500,2,1,3,1,3
201601ZD30378,2,9,0,3,0,0,0,0,0,0,2,1,3,2,32,6,1686,2,5,4,1,4
201601ZD30378,3,9,0,18,0,0,0,0,0,0,1,1,2,1,26,6,1998,2,11,-1,-1,-1
201601ZD30379,1,9,0,18,0,0,0,0,0,0,3,1,6,2,70,10,1199,1,16,10,1,10
201601ZD30379,2,19,0,18,0,0,0,0,0,0,3,1,6,1,42,7,-1,-1,-1,9,1,9
201601ZD30379,3,9,0,18,0,0,2,0,0,0,3,1,6,2,22,5,1197,1,-1,-1,-1,-1
201601ZD30380,1,9,0,9,0,8,0,10,2,7,1,1,6,2,56,9,1598,1,10,3,1,3
201601ZD30381,1,21,0,18,0,2,0,0,0,0,1,1,6,1,-1,-1,-1,-1,-1,-1,-1,-1
201601ZD30382,1,9,0,18,0,2,0,0,0,0,4,1,6,1,64,9,1997,1,4,5,1,5
201601ZD30383,1,9,0,18,0,1,0,0,0,0,1,1,6,2,34,6,-1,-1,-1,9,1,9
201601ZD30384,1,11,0,18,0,0,0,0,0,0,4,1,1,1,52,8,4500,2,1,2,1,2
201601ZD30385,1,1,0,18,0,8,0,0,0,0,1,1,6,1,43,7,-1,-1,-1,4,1,4
201601ZD30385,2,9,0,9,0,8,0,0,0,0,1,1,6,2,37,7,1598,1,9,3,1,3
201601ZD30386,1,9,0,18,0,8,0,0,0,0,3,1,6,2,44,7,-1,-1,-1,-1,-1,-1
201601ZD30386,2,9,0,9,0,8,0,0,0,0,1,1,6,1,56,9,2295,1,14,5,1,5
201601ZD30387,1,9,0,7,0,2,0,0,0,0,3,1,6,1,52,8,2996,1,7,3,1,3
201601ZD30387,2,9,0,18,0,8,0,0,0,0,1,1,6,1,23,5,1598,1,10,4,1,4
201601ZD30388,1,9,0,9,0,8,0,0,0,0,1,1,6,1,46,8,-1,-1,-1,3,1,3
201601ZD30388,2,9,0,18,0,8,0,0,0,0,4,1,6,2,33,6,1198,1,9,2,1,2
201601ZD30389,1,3,0,13,0,8,0,0,0,0,4,1,6,1,26,6,-1,-1,-1,1,1,1
201601ZD30389,2,9,0,9,0,8,0,0,0,0,3,1,6,3,-1,-1,-1,-1,-1,-1,-1,-1
201601ZD30390,1,9,0,18,0,8,0,0,0,0,1,1,6,1,24,5,-1,-1,-1,9,1,9
201601ZD30390,2,9,0,9,0,8,0,0,0,0,3,1,6,1,20,4,-1,-1,-1,2,1,2
201601ZD30391,1,9,0,7,0,2,0,0,0,0,1,1,6,2,22,5,1395,1,1,8,1,8
201601ZD30391,2,19,0,2,0,2,0,0,0,0,2,1,6,3,-1,-1,-1,-1,-1,-1,-1,-1
201601ZD30392,1,9,0,9,0,8,0,0,0,0,1,1,6,2,28,6,1124,1,16,-1,-1,-1
201601ZD30392,2,5,0,18,0,8,0,0,0,0,1,1,6,1,27,6,108,1,2,2,1,2
201601ZD30394,1,11,0,7,0,8,0,0,0,0,0,1,1,1,46,8,-1,-1,-1,5,1,5
201601ZD30395,1,9,0,3,0,2,0,0,0,0,2,1,6,2,35,6,1396,1,2,7,1,7
201601ZD30395,2,19,0,18,0,2,0,0,0,0,1,1,6,1,20,4,-1,-1,-1,7,1,7
201601ZD30397,1,9,0,9,0,8,0,0,0,0,1,1,6,2,41,7,2979,1,10,10,1,10
201601ZD30397,2,1,0,18,0,8,0,0,0,0,1,1,6,2,40,7,-1,-1,-1,4,1,4
201601ZD30398,1,9,0,9,0,8,0,0,0,0,3,1,6,1,54,8,1396,1,21,7,1,7
201601ZD30398,2,9,0,14,0,8,0,0,0,0,1,1,6,2,25,5,1598,2,1,3,1,3
201601ZD30399,1,3,0,18,0,8,0,0,0,0,3,1,6,1,34,6,123,1,-1,3,1,3
201601ZD30399,2,9,0,7,0,5,0,0,0,0,1,1,6,1,-1,-1,3199,1,19,-1,-1,-1
201601ZD30400,1,9,0,5,0,1,0,0,0,0,3,1,6,2,-1,-1,-1,-1,-1,-1,-1,-1
201601ZD30401,1,9,0,13,0,0,0,0,0,0,3,1,6,1,28,6,1390,1,4,-1,-1,-1
201601ZD30401,2,1,0,9,0,0,0,0,0,0,1,1,1,1,31,6,-1,-1,-1,3,1,3
201601ZD30402,1,9,0,18,0,8,0,0,0,0,1,1,6,1,25,5,2143,2,-1,-1,-1,-1
201601ZD30402,2,9,0,9,0,8,0,0,0,0,1,1,6,1,52,8,-1,-1,-1,-1,-1,-1
201601ZD30403,1,9,0,1,0,8,0,0,0,0,2,1,6,2,-1,-1,-1,-1,-1,-1,-1,-1
201601ZD30404,1,9,0,7,0,5,0,0,0,0,4,1,6,1,36,7,1364,1,2,2,1,2
201601ZD30404,2,1,0,18,0,8,0,0,0,0,1,1,6,2,28,6,-1,-1,-1,5,1,5
201601ZD30405,1,9,0,5,0,8,0,0,0,0,0,1,6,1,36,7,-1,-1,-1,-1,-1,-1
201601ZD30405,2,9,0,3,0,8,0,0,0,0,2,1,6,2,-1,-1,-1,-1,-1,9,1,9
201601ZD30406,1,11,0,4,0,8,0,0,0,0,0,1,1,2,57,9,-1,-1,-1,3,1,3
201601ZD30407,1,19,0,3,0,1,0,0,0,0,4,1,6,1,46,8,2464,2,6,4,1,4
201601ZD30407,2,1,0,15,0,1,0,8,0,0,1,1,6,1,26,6,-1,-1,-1,4,1,4
201601ZD30408,1,9,0,9,0,8,0,0,0,0,3,1,6,2,24,5,1598,1,8,10,1,10
201601ZD30408,2,3,0,18,0,8,0,0,0,0,1,1,6,1,23,5,-1,-1,-1,5,1,5
201601ZD30409,1,1,0,18,0,2,0,0,0,0,3,1,6,1,47,8,-1,-1,-1,9,1,9
201601ZD30409,2,9,0,13,0,2,0,0,0,0,4,1,6,3,-1,-1,-1,-1,-1,-1,-1,-1
201601ZD30410,1,9,0,18,0,0,0,0,0,0,1,1,6,1,27,6,1364,1,1,2,1,2
201601ZD30412,1,9,0,9,0,8,0,0,0,0,3,1,6,2,42,7,-1,-1,-1,4,1,4
201601ZD30412,2,9,0,18,0,8,0,0,0,0,1,1,6,2,40,7,2204,2,9,4,1,4
201601ZD30413,1,9,0,18,0,8,0,0,0,0,1,1,6,1,57,9,2143,2,4,4,1,4
201601ZD30413,2,19,0,18,0,8,0,0,0,0,3,1,6,1,31,6,-1,-1,-1,2,1,2
201601ZD30414,1,9,0,18,0,8,0,0,0,0,4,1,6,1,22,5,998,1,9,3,1,3
201601ZD30414,2,9,0,9,0,8,0,0,0,0,1,1,6,1,-1,-1,2231,2,4,-1,-1,-1
201601ZD30415,1,9,0,9,0,8,0,0,0,0,1,1,6,1,62,9,1896,2,12,3,1,3
201601ZD30415,2,1,0,14,0,8,0,0,0,0,1,1,6,2,28,6,-1,-1,-1,5,1,5
201601ZD30416,1,9,0,9,0,8,0,0,0,0,1,1,6,2,35,6,1998,1,14,3,1,3
201601ZD30416,2,9,0,18,0,8,0,0,0,0,4,1,6,2,31,6,-1,-1,-1,9,1,9
201601ZD30417,1,9,0,18,0,0,0,0,0,0,4,1,6,2,28,6,1586,1,9,4,1,4
201601ZD30418,1,9,0,3,0,0,0,0,0,0,3,1,6,1,43,7,-1,-1,-1,2,1,2
201601ZD30418,2,11,0,11,0,0,0,0,0,0,4,1,6,3,-1,-1,-1,-1,-1,-1,-1,-1
201601ZD30419,1,9,0,5,0,2,0,0,0,0,0,1,6,2,54,8,-1,-1,-1,4,1,4
201601ZD30419,2,3,0,18,0,2,0,0,0,0,4,1,6,1,26,6,124,1,5,5,1,5
201601ZD30420,1,9,0,18,0,0,0,10,4,10,1,1,6,1,19,4,998,1,11,6,1,6
201601ZD30421,1,9,0,18,0,6,0,0,0,0,1,1,6,1,42,7,1360,1,15,-1,-1,-1
201601ZD30421,2,9,0,18,0,8,0,0,0,0,1,1,6,1,53,8,-1,-1,-1,5,1,5
201601ZD30422,1,3,0,4,0,0,1,0,0,0,0,1,6,2,24,5,-1,-1,-1,8,1,8
201601ZD30422,2,9,0,4,0,0,0,0,0,0,0,1,6,3,-1,-1,-1,-1,-1,-1,-1,-1
201601ZD30423,1,2,0,18,0,8,0,0,0,0,1,1,6,1,27,6,49,1,15,1,1,1
201601ZD30423,2,9,0,9,0,8,0,0,0,0,4,1,6,2,20,4,1497,1,11,2,1,2
201601ZD30424,1,9,0,9,0,8,0,0,0,0,1,1,6,2,50,8,2497,1,11,4,1,4
201601ZD30424,2,3,0,18,0,8,0,0,0,0,4,1,6,1,42,7,125,1,4,3,1,3
201601ZD30425,1,9,0,18,0,8,0,0,0,0,1,1,6,2,35,6,-1,-1,-1,5,1,5
201601ZD30425,2,9,0,18,0,8,0,0,0,0,2,1,6,2,28,6,-1,-1,-1,5,1,5
201601ZD30425,3,9,0,9,0,8,0,0,0,0,3,1,6,2,60,9,-1,-1,-1,-1,-1,-1
201601ZD30427,1,8,0,18,0,0,0,0,0,0,2,1,6,1,49,8,1598,1,6,3,1,3
201601ZD30427,2,9,0,18,0,0,0,0,0,0,1,1,6,3,-1,-1,1796,7,14,-1,-1,-1
201601ZD30429,1,9,0,9,0,8,0,0,0,0,0,1,6,1,30,6,-1,-1,-1,5,1,5
201601ZD30429,2,9,0,18,0,8,0,0,0,0,0,1,6,2,51,8,1598,1,4,7,1,7
201601ZD30430,1,11,0,4,2,0,0,0,0,0,0,1,6,1,34,6,5132,2,1,5,1,5
201601ZD30431,1,9,0,13,0,1,0,0,0,0,4,1,6,1,16,4,-1,-1,-1,7,1,7
201601ZD30431,2,1,0,18,0,1,0,0,0,0,0,1,6,1,48,8,-1,-1,-1,5,1,5
201601ZD30432,1,9,0,18,0,8,0,0,0,0,3,1,6,2,25,5,1368,1,10,5,1,5
201601ZD30432,2,9,0,9,0,8,0,0,0,0,1,1,6,2,-1,-1,1910,2,9,-1,-1,-1
201601ZD30433,1,9,0,6,0,0,0,0,0,0,3,1,2,2,26,6,1995,2,-1,10,2,10
201601ZD30433,2,9,0,18,0,0,0,0,0,0,1,1,6,2,22,5,1328,1,8,8,1,8
201601ZD30434,1,11,0,4,0,0,0,0,0,0,0,1,6,1,-1,-1,-1,-1,-1,-1,-1,-1
201601ZD30435,1,9,0,9,0,8,0,0,0,0,4,1,6,2,43,7,1368,1,2,6,1,6
201601ZD30435,2,3,0,15,0,8,0,0,0,0,1,1,6,1,36,7,-1,-1,-1,-1,-1,-1
201601ZD30436,1,3,0,18,0,0,0,0,0,0,4,1,6,2,50,8,114,1,2,-1,-1,-1
201601ZD30436,2,9,0,2,0,0,0,0,0,0,3,1,6,3,-1,-1,-1,-1,-1,-1,-1,-1
201601ZD30436,3,9,0,18,0,0,0,0,0,0,0,1,6,3,-1,-1,-1,-1,-1,-1,-1,-1
201601ZD30437,1,9,0,18,0,8,0,0,0,0,1,1,6,1,26,6,1596,1,16,2,1,2
201601ZD30438,1,5,0,18,0,0,0,0,0,0,1,1,6,1,28,6,919,1,14,4,1,4
201601ZD30438,2,9,0,18,0,0,0,0,0,0,3,1,1,1,26,6,1242,1,17,-1,-1,-1
201601ZD30438,3,9,0,2,0,0,0,0,0,0,3,1,6,1,23,5,1998,1,8,4,1,4
201601ZD30438,4,9,0,2,0,0,0,0,0,0,3,1,6,1,-1,-1,-1,-1,-1,-1,-1,-1
201601ZD30439,1,9,0,2,0,0,0,0,0,0,3,1,1,2,29,6,1896,2,12,7,1,7
201601ZD30439,2,9,0,18,0,0,0,0,0,0,3,1,6,2,36,7,2687,1,9,9,1,9
201601ZD30440,1,9,0,4,0,8,0,0,0,0,2,1,6,1,21,5,1596,1,7,3,1,3
201601ZD30440,2,9,0,18,0,8,0,0,0,0,2,1,6,2,22,5,1797,8,6,2,1,2
201601ZD30441,1,9,0,18,0,0,0,4,0,0,1,1,6,2,25,5,1995,2,4,1,1,1
201601ZD30441,2,9,0,2,0,0,0,0,0,0,3,1,6,3,-1,-1,-1,-1,-1,-1,-1,-1
201601ZD30441,3,19,0,2,0,0,0,0,0,0,3,1,6,3,-1,-1,-1,-1,-1,-1,-1,-1
201601ZD30441,4,9,0,2,0,0,0,0,0,0,1,1,6,3,-1,-1,-1,-1,-1,-1,-1,-1
201601ZD30442,1,9,0,18,0,8,0,0,0,0,4,1,6,2,46,8,1598,1,14,-1,-1,-1
201601ZD30442,2,1,0,18,0,8,0,0,0,0,1,1,6,1,-1,-1,-1,-1,-1,-1,-1,-1
201601ZD30443,1,9,0,18,0,2,0,0,0,0,1,1,6,1,25,5,1995,2,5,5,1,5
201601ZD30444,1,19,0,18,0,0,5,0,0,0,3,1,1,1,26,6,-1,-1,-1,2,1,2
201601ZD30444,2,9,0,2,0,0,0,0,0,0,3,1,6,2,58,9,1242,1,14,2,1,2
201601ZD30446,1,9,0,9,0,8,0,0,0,0,3,1,6,1,19,4,1596,1,15,6,1,6
201601ZD30446,2,5,0,13,0,8,0,0,0,0,1,1,6,1,34,6,-1,-1,-1,5,1,5
201601ZD30448,1,1,0,18,0,1,0,0,0,0,3,1,6,2,24,5,-1,-1,-1,5,1,5
201601ZD30448,2,9,0,13,0,1,0,0,0,0,4,1,6,2,-1,-1,1390,1,13,-1,-1,-1
201601ZD30450,1,9,0,18,0,0,0,0,0,0,1,1,6,2,61,9,1995,2,6,8,1,8
201601ZD30451,1,9,0,18,0,8,0,0,0,0,3,1,6,1,-1,-1,-1,-1,-1,-1,-1,-1
201601ZD30452,1,9,0,2,0,1,0,0,0,0,0,1,6,2,34,6,1598,2,6,-1,-1,-1
201601ZD30452,2,9,0,4,0,8,0,0,0,0,0,1,6,2,63,9,1598,2,2,-1,-1,-1
201601ZD30453,1,9,0,10,0,8,0,0,0,0,1,1,6,1,47,8,1995,1,12,3,1,3
201601ZD30453,2,19,0,1,0,8,0,0,0,0,2,1,6,1,-1,-1,-1,-1,-1,-1,-1,-1
201601ZD30454,1,3,0,3,0,1,0,0,0,0,2,1,6,1,36,7,-1,-1,-1,3,1,3
201601ZD30454,2,9,0,5,0,1,0,0,0,0,1,1,6,1,-1,-1,-1,-1,-1,-1,-1,-1
201601ZD30455,1,9,0,9,0,8,0,0,0,0,3,1,6,1,74,10,1968,2,8,2,1,2
201601ZD30455,2,9,0,18,0,8,0,0,0,0,4,1,6,1,51,8,2435,1,15,3,1,3
201601ZD30456,1,19,0,1,0,8,0,0,0,0,2,1,6,1,-1,-1,1753,2,12,3,1,3
201601ZD30456,2,9,0,18,0,8,0,0,0,0,4,1,6,2,36,7,1596,1,9,7,3,7
201601ZD30458,1,3,0,15,0,0,0,10,1,2,1,1,6,1,19,4,125,1,5,4,1,4
201601ZD30461,1,2,0,18,0,8,0,0,0,0,3,1,6,1,16,4,-1,-1,-1,4,1,4
201601ZD30461,2,9,0,9,0,8,0,0,0,0,1,1,6,1,20,4,899,1,3,9,1,9
201601ZD30463,1,9,0,5,0,8,0,0,0,0,4,1,6,1,36,7,1995,2,5,3,1,3
201601ZD30464,1,9,0,18,0,0,0,4,0,0,1,1,6,2,36,7,1582,2,5,4,1,4
201601ZD30464,2,9,0,2,0,0,0,0,0,0,2,1,6,3,-1,-1,1995,2,8,-1,-1,-1
201601ZD30465,1,1,0,18,0,8,0,0,0,0,1,1,6,1,43,7,-1,-1,-1,6,1,6
201601ZD30465,2,2,0,7,0,8,0,0,0,0,3,1,6,2,41,7,124,1,-1,9,1,9
201601ZD30466,1,9,0,4,0,0,0,0,0,0,2,1,6,1,30,6,-1,-1,-1,8,1,8
201601ZD30466,2,3,0,4,0,0,0,0,0,0,1,1,6,1,-1,-1,-1,-1,-1,-1,-1,-1
201601ZD30467,1,9,0,18,0,1,0,0,0,0,4,1,6,1,-1,-1,-1,-1,-1,-1,-1,-1
201601ZD30468,1,9,0,9,0,8,0,0,0,0,1,1,6,1,89,11,1992,2,10,4,1,4
201601ZD30468,2,1,0,1,0,8,0,0,0,0,1,1,6,1,25,5,-1,-1,-1,2,1,2
201601ZD30469,1,9,0,9,0,8,0,0,0,0,4,1,6,1,60,9,1798,1,2,-1,-1,-1
201601ZD30469,2,3,0,18,0,8,0,0,0,0,1,1,6,1,22,5,-1,-1,-1,-1,-1,-1
201601ZD30470,1,9,0,18,0,8,0,0,0,0,4,1,6,1,66,10,1968,2,4,7,1,7
201601ZD30471,1,9,0,10,0,1,0,0,0,0,2,1,6,2,69,10,1598,1,8,4,1,4
201601ZD30471,2,9,0,10,0,1,0,0,0,0,2,1,6,1,-1,-1,-1,-1,-1,-1,-1,-1
201601ZD30471,3,9,0,10,0,1,0,0,0,0,2,1,6,1,-1,-1,2967,2,3,-1,-1,-1
201601ZD30471,4,19,0,9,0,1,0,0,0,0,1,1,6,1,55,8,-1,-1,-1,8,1,8
201601ZD30472,1,9,0,9,0,8,0,0,0,0,4,1,6,2,44,7,1598,2,1,2,1,2
201601ZD30472,2,3,0,18,0,8,0,0,0,0,1,1,6,1,25,5,-1,-1,-1,4,1,4
201601ZD30473,1,11,0,4,0,0,0,0,0,0,0,1,1,1,42,7,-1,-1,-1,4,1,4
201601ZD30475,1,11,0,9,0,8,0,0,0,0,0,1,1,1,45,7,-1,-1,-1,-1,-1,-1
201601ZD30477,1,3,0,4,0,8,0,0,0,0,2,1,6,1,20,4,108,1,-1,2,1,2
201601ZD30477,2,19,0,18,0,8,0,0,0,0,1,1,6,1,-1,-1,1753,2,12,-1,-1,-1
201601ZD30480,1,9,0,7,0,6,0,0,0,0,4,1,6,2,26,6,-1,-1,-1,-1,-1,-1
201601ZD30481,1,9,0,18,0,0,0,0,0,0,3,1,6,2,52,8,998,1,3,4,1,4
201601ZD30482,1,8,0,11,0,0,0,0,0,0,1,1,6,1,36,7,1968,2,6,1,1,1
201601ZD30482,2,8,0,18,0,0,0,0,0,0,2,1,6,1,44,7,-1,-1,-1,2,1,2
201601ZD30483,1,9,0,18,0,8,0,0,1,4,1,1,6,2,47,8,796,1,10,5,1,5
201601ZD30485,1,9,0,4,0,0,0,0,0,0,2,1,6,2,-1,-1,998,1,2,4,1,4
201601ZD30485,2,9,0,18,0,0,0,0,0,0,1,1,6,1,-1,-1,1339,1,12,-1,-1,-1
201601ZD30486,1,9,0,10,0,8,0,0,0,0,2,1,6,2,51,8,998,1,16,-1,-1,-1
201601ZD30486,2,9,0,18,0,8,0,0,0,0,1,1,6,1,-1,-1,-1,-1,-1,-1,-1,-1
201601ZD30487,1,9,0,18,0,8,0,0,0,0,1,1,6,2,50,8,1242,1,8,5,1,5
201601ZD30487,2,9,0,7,0,8,0,0,0,0,2,1,6,2,28,6,1997,2,3,5,1,5
201601ZD30488,1,9,0,9,0,8,0,0,0,0,1,1,6,1,62,9,-1,-1,-1,8,1,8
201601ZD30488,2,9,0,18,0,8,0,0,0,0,3,1,6,1,32,6,-1,-1,-1,9,1,9
201601ZD30489,1,2,0,18,0,0,0,0,0,0,1,1,6,1,-1,-1,-1,-1,-1,-1,-1,-1
201601ZD30489,2,9,0,5,0,0,0,0,0,0,3,1,6,1,35,6,1598,1,8,7,1,7
201601ZD30490,1,8,0,3,0,0,0,0,0,0,2,1,6,1,41,7,1995,2,2,-1,-1,-1
201601ZD30490,2,9,0,4,0,0,0,0,0,0,1,1,6,3,-1,-1,1984,1,14,-1,-1,-1
201601ZD30491,1,9,0,1,0,1,0,0,0,0,2,1,6,3,-1,-1,-1,-1,-1,-1,-1,-1
201601ZD30492,1,9,0,9,0,2,0,0,0,0,1,1,6,1,20,4,-1,-1,-1,2,1,2
201601ZD30493,1,9,0,18,0,8,0,0,0,0,3,1,6,1,46,8,1999,1,9,5,1,5
201601ZD30493,2,9,0,18,0,8,0,0,0,0,1,1,6,1,27,6,1242,1,12,2,1,2
201601ZD30494,1,3,0,18,0,0,0,0,0,0,1,1,6,1,20,4,-1,-1,-1,4,1,4
201601ZD30494,2,9,0,9,0,0,0,0,0,0,4,1,6,1,36,7,1587,1,11,5,1,5
201601ZD30495,1,5,0,18,0,0,0,0,0,0,1,1,6,1,24,5,999,1,11,2,1,2
201601ZD30495,2,90,0,2,0,0,0,0,0,0,2,1,6,1,26,6,-1,-1,-1,-1,-1,-1
201601ZD30496,1,9,0,7,0,2,0,7,0,0,1,1,6,2,58,9,1997,1,6,1,1,1
201601ZD30496,2,90,0,18,0,2,0,0,0,0,2,1,6,3,-1,-1,-1,-1,-1,-1,-1,-1
201601ZD30497,1,9,0,9,0,8,0,0,0,0,4,1,6,1,30,6,-1,-1,-1,3,1,3
201601ZD30497,2,3,0,18,0,8,0,0,0,0,1,1,6,1,22,5,124,1,-1,3,1,3
201601ZD30499,1,90,0,18,0,8,0,0,0,0,4,1,6,1,36,7,499,1,5,3,1,3
201601ZD30499,2,9,0,18,0,8,0,0,0,0,1,1,6,1,-1,-1,1461,2,1,2,1,2
201601ZD30500,1,9,0,4,0,8,0,0,0,0,2,1,6,1,28,6,1598,1,6,2,1,2
201601ZD30500,2,9,0,4,0,8,0,0,0,0,1,1,6,1,44,7,1587,1,11,2,1,2
201601ZD30501,1,3,0,18,0,1,0,0,0,0,1,1,6,3,-1,-1,-1,-1,-1,-1,-1,-1
201601ZD30503,1,90,0,18,0,8,0,0,0,0,1,1,1,2,-1,-1,-1,-1,-1,-1,-1,-1
201601ZD30503,2,9,0,18,0,8,0,0,0,0,1,1,6,2,31,6,-1,-1,-1,-1,-1,-1
201601ZD30504,1,19,0,5,0,8,0,0,0,0,1,1,6,1,55,8,-1,-1,-1,2,1,2
201601ZD30505,1,9,0,18,0,0,0,0,0,0,1,1,6,2,62,9,1396,1,17,3,1,3
201601ZD30505,2,9,0,4,0,0,0,0,0,0,2,1,6,2,46,8,1596,1,2,9,1,9
201601ZD30506,1,4,0,18,0,8,0,0,0,0,1,1,6,1,26,6,675,1,2,-1,-1,-1
201601ZD30506,2,9,0,9,0,8,0,0,0,0,3,1,6,1,47,8,2987,2,1,5,1,5
201601ZD30508,1,9,0,10,0,1,0,0,0,0,1,1,6,1,42,7,2685,2,13,-1,-1,-1
201601ZD30508,2,9,0,10,0,1,0,0,0,0,2,1,6,2,19,4,1397,1,8,6,1,6
201601ZD30508,3,90,0,18,0,1,0,0,0,0,2,1,6,3,19,4,-1,-1,-1,-1,-1,-1
201601ZD30509,1,9,0,18,0,8,0,10,1,2,1,1,6,2,43,7,1497,8,9,5,1,5
201601ZD30510,1,9,0,18,0,8,0,0,0,0,4,1,6,1,44,7,1339,1,11,-1,-1,-1
201601ZD30513,1,9,0,18,0,8,0,0,0,0,1,1,6,2,22,5,-1,-1,-1,4,1,4
201601ZD30513,2,9,0,9,0,8,0,0,0,0,3,1,6,2,-1,-1,-1,-1,-1,9,1,9
201601ZD30514,1,9,0,4,0,8,0,0,0,0,2,1,6,1,44,7,1798,1,6,2,1,2
201601ZD30514,2,9,0,4,0,8,0,0,0,0,1,1,6,1,18,4,1229,1,10,6,1,6
201601ZD30515,1,3,0,18,0,8,0,0,0,0,3,1,6,1,20,4,-1,-1,-1,3,1,3
201601ZD30517,1,9,0,18,0,8,0,10,7,10,1,1,6,1,-1,-1,1360,1,13,-1,-1,-1
201601ZD30519,1,11,0,4,0,0,0,0,0,0,4,1,1,1,-1,-1,-1,-1,-1,4,1,4