Accident_Index,Vehicle_Reference,Vehicle_Type,Towing_and_Articulation,Vehicle_Manoeuvre,Vehicle_Location-Restricted_Lane,Junction_Location,Skidding_and_Overturning,Hit_Object_in_Carriageway,Vehicle_Leaving_Carriageway,Hit_Object_off_Carriageway,1st_Point_of_Impact,Was_Vehicle_Left_Hand_Drive?,Journey_Purpose_of_Driver,Sex_of_Driver,Age_of_Driver,Age_Band_of_Driver,Engine_Capacity_(CC),Propulsion_Code,Age_of_Vehicle,Driver_IMD_Decile,Driver_Home_Area_Type,Vehicle_IMD_Decile
201601ZD30520,1,9,0,18,0,8,0,0,0,0,4,1,6,1,41,7,1198,1,3,9,1,9
201601ZD30520,2,9,0,18,0,8,0,0,0,0,1,1,6,1,-1,-1,1598,1,17,-1,-1,-1
201601ZD30522,1,9,0,18,0,8,0,0,0,0,1,1,6,1,44,7,1400,1,11,8,1,8
201601ZD30522,2,9,0,9,0,8,0,0,0,0,3,1,6,1,55,8,-1,-1,-1,2,1,2
201601ZD30523,1,9,0,10,0,8,0,0,0,0,3,1,6,2,28,6,-1,-1,-1,-1,-1,-1
201601ZD30523,2,9,0,18,0,8,0,0,0,0,1,1,6,2,34,6,1598,1,9,-1,-1,-1
201601ZD30523,3,9,0,9,0,8,0,0,0,0,1,1,6,1,48,8,1995,2,6,-1,-1,-1
201601ZD30524,1,9,0,18,0,1,0,0,0,0,1,1,6,1,52,8,1769,1,15,4,1,4
201601ZD30524,2,9,0,7,0,8,0,0,0,0,1,1,6,2,62,9,1798,8,1,4,1,4
201601ZD30525,1,9,0,18,0,8,0,0,0,0,1,1,6,1,-1,-1,1995,2,5,-1,-1,-1
201601ZD30528,1,9,0,18,0,8,0,0,0,0,1,1,6,1,29,6,1587,1,9,2,1,2
201601ZD30528,2,9,0,9,0,8,0,0,0,0,3,1,6,1,78,11,1598,1,9,8,1,8
201601ZD30529,1,9,0,18,0,8,0,0,0,0,2,1,6,1,40,7,1598,2,1,-1,-1,-1
201601ZD30529,2,9,0,18,0,8,0,0,0,0,1,1,6,1,37,7,1598,1,14,4,1,4
201601ZD30530,1,9,0,3,0,1,0,0,0,0,2,1,6,2,33,6,1781,1,9,5,1,5
201601ZD30530,2,9,0,18,0,1,0,0,0,0,1,1,6,2,-1,-1,1997,2,11,-1,-1,-1
201601ZD30531,1,9,0,4,0,8,0,0,0,0,2,1,6,2,60,9,1997,2,8,2,1,2
201601ZD30531,2,9,0,4,0,8,0,0,0,0,1,1,6,2,25,5,1390,1,8,8,1,8
201601ZD30532,1,3,0,18,0,8,0,0,0,0,1,1,6,1,29,6,125,1,8,4,1,4
201601ZD30533,1,20,0,4,0,0,0,0,0,0,1,1,6,1,41,7,4461,2,5,7,2,7
201601ZD30533,2,9,0,4,0,0,0,0,0,0,2,1,6,2,40,7,1600,1,12,1,1,1
201601ZD30534,1,20,0,18,0,8,0,0,0,0,1,1,6,1,-1,-1,-1,-1,-1,-1,-1,-1
201601ZD30534,2,9,0,18,0,8,0,0,0,0,1,1,6,2,28,6,1242,1,7,2,1,2
201601ZD30535,1,9,0,9,0,5,0,4,0,0,1,1,6,1,25,5,2143,2,3,9,1,9
201601ZD30535,2,9,0,2,0,2,0,4,0,0,2,1,6,3,-1,-1,1229,1,9,-1,-1,-1
201601ZD30535,3,9,0,2,0,2,0,4,0,0,1,1,6,3,-1,-1,2771,1,15,-1,-1,-1
201601ZD30536,1,3,0,18,0,0,0,0,0,0,4,1,6,1,25,5,108,1,5,-1,-1,-1
201601ZD30536,2,9,0,5,0,0,0,0,0,0,3,1,6,1,18,4,1398,1,4,1,1,1
201601ZD30537,1,9,0,3,0,0,0,0,0,0,2,1,1,2,53,8,1598,1,5,5,1,5
201601ZD30537,2,9,0,18,0,0,0,0,0,0,1,2,6,1,47,8,-1,-1,-1,-1,-1,-1
201601ZD30538,1,5,0,18,0,8,0,0,0,0,1,1,6,1,32,6,599,1,8,2,1,2
201601ZD30538,2,9,0,9,0,8,0,0,0,0,3,1,6,1,-1,-1,-1,-1,-1,-1,-1,-1
201601ZD30539,1,9,0,18,0,2,0,0,0,0,1,1,6,1,25,5,1995,2,5,5,1,5
201601ZD30544,1,5,0,4,0,8,0,0,0,0,2,1,6,1,62,9,-1,-1,-1,-1,-1,-1
201601ZD30544,2,9,0,4,0,8,0,0,0,0,1,1,6,1,27,6,2926,2,14,5,2,5
201601ZD30545,1,9,0,4,0,0,0,0,0,0,2,1,6,1,34,6,1364,1,1,4,1,4
201601ZD30545,2,9,0,18,0,0,0,0,0,0,1,1,6,1,-1,-1,-1,-1,-1,-1,-1,-1
201601ZD30547,1,9,0,18,0,1,0,0,0,0,1,1,6,1,-1,-1,-1,-1,-1,-1,-1,-1
201601ZD30548,1,9,0,3,0,1,0,0,0,0,2,1,6,2,37,7,1796,1,7,8,1,8
201601ZD30548,2,19,0,18,0,1,0,0,0,0,1,1,6,3,-1,-1,-1,-1,-1,-1,-1,-1
201601ZD30549,1,19,0,18,0,8,0,0,0,0,1,1,6,1,32,6,-1,-1,-1,3,1,3
201601ZD30549,2,9,0,7,0,8,0,0,0,0,2,1,6,2,61,9,1796,1,19,2,1,2
201601ZD30550,1,9,0,9,0,8,0,0,0,0,4,1,6,1,40,7,1398,1,9,4,1,4
201601ZD30550,2,9,0,18,0,8,0,0,0,0,1,1,6,2,28,6,1999,1,9,3,1,3
201601ZD30551,1,9,0,18,2,8,0,0,0,0,1,1,6,1,19,4,1896,2,9,3,1,3
201601ZD30551,2,9,0,9,2,8,0,0,0,0,1,1,6,2,63,9,-1,-1,-1,-1,-1,-1
201601ZD30552,1,9,0,18,0,1,0,0,0,0,1,1,6,2,31,6,4398,1,15,4,1,4
201601ZD30552,2,90,0,1,0,2,0,0,0,0,2,1,6,3,-1,-1,-1,-1,-1,-1,-1,-1
201601ZD30554,1,9,0,7,0,8,0,0,0,0,4,1,6,1,21,5,1798,8,3,3,1,3
201601ZD30554,2,9,0,7,0,8,0,0,0,0,3,1,6,1,41,7,-1,-1,-1,4,1,4
201601ZD30555,1,9,0,18,0,1,0,10,1,2,1,1,6,2,20,4,1598,1,10,8,1,8
201601ZD30556,1,9,0,3,0,0,0,0,0,0,2,1,6,1,24,5,1995,2,5,5,1,5
201601ZD30556,2,9,0,5,0,0,0,0,0,0,1,1,6,1,26,6,1199,1,13,2,1,2
201601ZD30557,1,3,0,18,0,2,0,0,0,0,1,1,1,1,20,4,-1,-1,-1,4,1,4
201601ZD30557,2,9,0,6,0,2,0,0,0,0,4,1,6,1,21,5,1229,1,4,8,1,8
201601ZD30558,1,11,0,4,0,8,0,0,0,0,0,1,6,1,55,8,6692,2,7,2,1,2
201601ZD30559,1,9,0,18,0,0,0,0,0,0,4,1,6,1,41,7,1968,2,7,9,1,9
201601ZD30561,1,9,0,5,0,8,0,0,0,0,3,1,6,2,63,9,1200,1,1,10,1,10
201601ZD30561,2,21,0,18,0,8,0,0,0,0,1,1,6,1,-1,-1,-1,-1,-1,-1,-1,-1
201601ZD30565,1,11,0,4,0,1,0,0,0,0,0,1,1,1,41,7,6700,2,4,3,1,3
201601ZD30566,1,9,0,4,0,2,0,0,0,0,1,1,6,1,69,10,-1,-1,-1,-1,-1,-1
201601ZD30567,1,2,0,18,9,0,0,0,0,0,1,1,6,1,-1,-1,-1,-1,-1,-1,-1,-1
201601ZD30568,1,9,0,18,0,0,0,0,0,0,4,1,6,1,27,6,1329,1,1,2,1,2
201601ZD30569,1,9,0,3,0,1,0,0,0,0,2,1,6,2,45,7,1339,1,7,2,1,2
201601ZD30569,2,9,0,18,0,1,0,0,0,0,1,1,6,1,22,5,1598,2,1,-1,-1,-1
201601ZD30571,1,9,0,18,0,0,0,10,1,4,1,1,6,2,70,10,-1,-1,-1,-1,-1,-1
201601ZD30574,1,1,0,18,0,8,1,0,0,0,1,1,6,2,45,7,-1,-1,-1,9,1,9
201601ZD30574,2,9,0,9,0,8,0,0,0,0,3,1,6,2,-1,-1,1968,2,1,-1,-1,-1
201601ZD30575,1,9,0,4,0,8,0,0,0,0,2,1,6,1,41,7,-1,-1,-1,9,1,9
201601ZD30575,2,9,0,18,0,8,0,0,0,0,1,1,6,1,-1,-1,-1,-1,-1,-1,-1,-1
201601ZD30576,1,9,0,4,0,8,0,0,0,0,2,1,6,1,25,5,1796,1,19,6,1,6
201601ZD30576,2,9,0,4,0,8,0,0,0,0,1,1,6,1,-1,-1,-1,-1,-1,-1,-1,-1
201601ZD30577,1,9,0,4,0,0,0,0,0,0,2,1,6,2,24,5,998,1,14,9,1,9
201601ZD30577,2,9,0,18,0,0,0,0,0,0,1,1,6,2,-1,-1,1149,1,2,-1,-1,-1
201601ZD30578,1,2,0,13,0,1,0,0,0,0,1,1,6,1,18,4,108,1,2,2,1,2
201601ZD30578,2,9,0,9,0,5,0,0,0,0,3,1,6,2,22,5,1995,1,9,4,1,4
201601ZD30579,1,2,0,17,0,8,0,0,0,0,3,1,6,1,25,5,108,1,2,5,1,5
201601ZD30579,2,9,0,11,0,8,0,0,0,0,4,1,6,3,-1,-1,-1,-1,-1,-1,-1,-1
201601ZD30580,1,9,0,18,0,0,0,0,0,0,4,1,6,2,55,8,1229,1,11,2,1,2
201601ZD30581,1,9,0,18,0,2,0,0,0,0,1,1,6,1,18,4,1198,1,14,2,1,2
201601ZD30581,2,1,0,18,0,1,0,0,0,0,1,1,6,1,-1,-1,-1,-1,-1,-1,-1,-1
201601ZD30582,1,9,0,18,0,8,0,0,0,0,3,1,6,2,28,6,1995,1,5,6,1,6
201601ZD30582,2,9,0,15,0,8,0,0,0,0,4,1,6,1,-1,-1,1968,2,8,-1,-1,-1
201601ZD30583,1,9,0,18,0,8,0,0,0,0,4,1,6,2,44,7,-1,-1,-1,5,1,5
201601ZD30584,1,3,0,18,0,0,0,0,0,0,4,1,6,2,27,6,125,1,1,5,1,5
201601ZD30584,2,9,0,5,0,0,0,0,0,0,3,1,6,1,71,10,1360,1,17,-1,-1,-1
201601ZD30585,1,1,0,18,0,1,0,0,0,0,3,1,6,1,35,6,-1,-1,-1,3,1,3
201601ZD30587,1,1,0,18,4,8,0,11,0,0,3,1,6,1,63,9,-1,-1,-1,5,1,5
201601ZD30587,2,9,0,18,0,8,0,0,0,0,4,1,6,2,32,6,-1,-1,-1,4,1,4
201601ZD30589,1,9,0,4,0,8,0,0,0,0,4,1,1,1,44,7,998,1,15,3,1,3
201601ZD30589,2,4,0,18,0,8,0,0,0,0,1,1,1,1,25,5,125,1,4,3,1,3
201601ZD30589,3,9,0,18,0,8,0,0,0,0,3,1,1,1,49,8,1997,2,4,4,1,4
201601ZD30590,1,9,0,9,0,8,0,0,0,0,3,1,6,2,48,8,1995,2,-1,4,1,4
201601ZD30590,2,4,0,18,0,8,0,0,0,0,1,1,6,1,43,7,599,1,15,8,1,8
201601ZD30591,1,9,0,4,0,0,0,0,0,0,2,1,6,2,28,6,1796,1,12,5,1,5
201601ZD30591,2,9,0,18,0,0,0,0,0,0,1,1,6,2,-1,-1,1968,2,9,-1,-1,-1
201601ZD30592,1,9,0,7,0,8,0,0,0,0,4,1,3,2,51,8,1896,2,9,3,1,3
201601ZD30592,2,1,0,18,0,8,0,0,0,0,1,1,6,1,30,6,-1,-1,-1,-1,-1,-1
201601ZD30593,1,9,0,4,0,0,0,0,0,0,4,1,6,2,43,7,1582,2,8,4,1,4
201601ZD30594,1,9,0,18,0,8,0,10,7,10,3,1,6,1,25,5,1798,8,1,4,1,4
201601ZD30595,1,9,0,3,0,1,0,0,0,0,2,1,6,1,24,5,-1,-1,-1,4,1,4
201601ZD30595,2,9,0,5,0,1,0,0,0,0,1,1,6,1,-1,-1,1997,2,14,2,1,2
201601ZD30596,1,9,0,18,0,0,0,0,0,0,1,1,2,1,33,6,1386,1,12,-1,-1,-1
201601ZD30597,1,9,0,18,0,8,0,0,0,0,1,1,6,2,46,8,1495,1,9,8,1,8
201601ZD30598,1,1,0,18,0,8,0,0,0,0,1,1,6,1,55,8,-1,-1,-1,-1,-1,-1
201601ZD30598,2,9,0,18,0,8,0,0,0,0,4,1,6,1,28,6,-1,-1,-1,10,1,10
201601ZD30599,1,9,0,16,0,0,0,0,0,0,1,1,6,2,21,5,1598,1,12,4,1,4
201601ZD30599,2,9,0,17,0,0,0,0,0,0,1,1,6,1,45,7,1329,1,6,-1,-1,-1
201601ZD30599,3,9,0,3,0,0,0,0,0,0,3,1,6,2,33,6,1968,2,4,-1,-1,-1
201601ZD30600,1,9,0,3,0,8,0,0,0,0,2,1,6,2,-1,-1,-1,-1,-1,-1,-1,-1
201601ZD30600,2,9,0,18,0,8,0,0,0,0,1,1,6,2,-1,-1,-1,-1,-1,-1,-1,-1
201601ZD30601,1,3,0,13,0,0,0,0,0,0,1,1,6,1,21,5,649,1,-1,6,1,6
201601ZD30601,2,9,0,4,0,0,0,0,0,0,3,1,6,1,26,6,2143,2,6,6,1,6
201601ZD30602,1,9,0,7,0,1,0,0,0,0,4,1,6,1,51,8,1984,1,10,5,1,5
201601ZD30602,2,5,0,18,2,1,0,0,0,0,1,1,6,1,28,6,599,1,9,4,1,4
201601ZD30604,1,9,0,9,0,8,0,0,0,0,3,1,6,1,39,7,2982,2,1,3,1,3
201601ZD30604,2,3,0,14,0,8,0,0,0,0,1,1,6,1,20,4,124,1,2,2,1,2
201601ZD30605,1,9,0,13,0,8,0,0,0,0,1,1,6,1,26,6,1596,1,17,1,1,1
201601ZD30605,2,9,0,9,0,8,0,0,0,0,3,1,6,2,24,5,-1,-1,-1,9,1,9
201601ZD30606,1,9,0,9,0,0,0,0,0,0,3,1,2,1,49,8,1240,1,6,4,1,4
201601ZD30606,2,3,0,15,0,0,0,0,0,0,1,1,6,1,-1,-1,652,1,8,6,1,6
201601ZD30607,1,9,0,18,0,8,0,0,0,0,2,1,6,1,42,7,2204,2,9,-1,-1,-1
201601ZD30607,2,9,0,18,0,8,0,0,0,0,2,1,6,3,42,7,1461,2,10,-1,-1,-1
201601ZD30608,1,9,0,9,0,8,0,0,0,0,4,1,6,1,48,8,1984,1,13,9,1,9
201601ZD30608,2,9,0,12,0,8,0,0,0,0,3,1,6,3,-1,-1,1995,2,3,-1,-1,-1
201601ZD30609,1,9,0,9,0,8,0,0,0,0,1,1,6,2,21,5,1199,1,1,9,1,9
201601ZD30609,2,9,0,18,0,8,0,0,0,0,3,1,6,2,27,6,1390,1,13,2,1,2
201601ZD30610,1,9,0,18,0,0,0,0,0,0,2,1,1,1,43,7,-1,-1,-1,1,1,1
201601ZD30610,2,8,0,18,0,0,0,0,0,0,1,1,6,3,-1,-1,2982,2,4,-1,-1,-1
201601ZD30611,1,9,0,18,0,8,0,0,0,0,2,1,6,1,49,8,1598,1,16,2,1,2
201601ZD30611,2,9,0,18,0,8,0,0,0,0,1,1,6,2,35,6,1798,8,3,2,1,2
201601ZD30612,1,3,0,18,0,8,0,0,0,0,1,1,6,1,27,6,125,1,1,6,1,6
201601ZD30612,2,9,0,9,0,8,0,0,0,0,4,1,6,2,60,9,1595,1,6,4,1,4
201601ZD30613,1,9,0,3,0,0,0,0,0,0,2,1,2,2,-1,-1,-1,-1,-1,9,1,9
201601ZD30613,2,9,0,3,0,0,0,0,0,0,2,1,6,2,44,7,1988,1,14,2,1,2
201601ZD30613,3,9,0,5,0,0,0,0,0,0,1,1,1,1,26,6,1956,2,3,4,1,4
201601ZD30614,1,9,0,9,0,8,0,0,0,0,1,1,6,2,46,8,2143,2,5,3,1,3
201601ZD30614,2,1,0,18,0,8,0,0,0,0,4,1,6,1,33,6,-1,-1,-1,3,1,3
201601ZD30615,1,9,0,18,0,2,0,0,0,0,1,1,6,2,26,6,1229,1,1,-1,-1,-1
201601ZD30616,1,19,0,4,0,0,0,0,0,0,1,1,1,1,55,8,2402,2,13,1,1,1
201601ZD30617,1,9,0,9,0,8,0,0,0,0,1,1,6,1,50,8,1598,1,9,2,1,2
201601ZD30619,1,3,0,4,0,8,0,0,0,0,4,1,6,1,36,7,-1,-1,-1,2,1,2
201601ZD30620,1,9,0,18,0,0,0,0,0,0,0,1,6,2,28,6,1995,2,-1,4,1,4
201601ZD30620,2,8,0,18,0,0,0,0,0,0,0,1,6,1,-1,-1,-1,-1,-1,-1,-1,-1
201601ZD30628,1,11,0,9,0,8,0,0,0,0,2,1,1,1,51,8,-1,-1,-1,5,1,5
201601ZD30628,2,11,0,5,0,8,0,0,0,0,1,1,1,1,-1,-1,6696,2,3,6,1,6
201601ZD30631,1,9,0,18,0,0,0,6,0,0,1,1,6,1,21,5,1198,1,3,5,1,5
201601ZD30633,1,9,0,18,0,0,0,0,0,0,1,1,6,1,-1,-1,2171,2,12,-1,-1,-1
201601ZD30633,2,9,0,3,0,0,0,0,0,0,1,1,6,2,68,10,1598,1,9,2,1,2
201601ZD30636,1,3,0,18,0,8,0,0,0,0,1,1,6,1,34,6,599,1,12,5,1,5
201601ZD30636,2,9,0,18,0,8,0,0,0,0,4,1,6,1,46,8,1595,1,10,-1,-1,-1
201601ZD30637,1,9,0,18,0,8,0,0,0,0,4,1,6,1,51,8,1299,1,15,-1,-1,-1
201601ZD30637,2,9,0,9,0,8,0,0,0,0,1,1,6,3,-1,-1,-1,-1,-1,-1,-1,-1
201601ZD30638,1,9,0,8,0,8,0,0,0,0,2,1,6,2,45,7,998,1,2,9,1,9
201601ZD30638,2,9,0,18,0,8,0,0,0,0,1,1,6,3,-1,-1,-1,-1,-1,-1,-1,-1
201601ZD30639,1,9,0,18,0,1,0,0,0,0,4,1,6,1,37,7,-1,-1,-1,-1,-1,-1
201601ZD30641,1,3,0,18,0,1,0,0,0,0,1,1,6,1,26,6,125,1,5,9,1,9
201601ZD30641,2,9,0,9,0,1,0,0,0,0,4,1,6,1,-1,-1,1995,1,10,4,1,4
201601ZD30642,1,1,0,16,0,8,0,0,0,0,3,1,6,2,35,6,-1,-1,-1,3,1,3
201601ZD30642,2,9,0,16,0,8,0,0,0,0,4,1,6,3,-1,-1,-1,-1,-1,-1,-1,-1
201601ZD30643,1,9,0,9,0,8,0,0,0,0,1,1,6,1,63,9,1598,1,12,-1,-1,-1
201601ZD30643,2,9,0,18,0,8,0,0,0,0,4,1,6,2,60,9,-1,-1,-1,8,1,8
201601ZD30644,1,9,0,9,0,8,0,0,0,0,1,1,6,1,59,9,1596,1,10,2,1,2
201601ZD30644,2,9,0,9,0,8,0,0,0,0,3,1,6,1,27,6,1598,1,3,3,1,3
201601ZD30645,1,9,0,18,0,0,0,0,0,0,1,1,6,1,25,5,1598,1,13,9,1,9
201601ZD30646,1,9,0,18,0,0,0,0,0,0,3,1,6,1,51,8,4663,1,3,8,1,8
201601ZD30647,1,9,0,4,0,0,0,0,0,0,2,1,6,1,-1,-1,898,1,1,-1,-1,-1
201601ZD30647,2,9,0,4,0,0,0,0,0,0,2,1,6,1,19,4,1686,2,3,-1,-1,-1
201601ZD30647,3,9,0,18,0,0,0,0,0,0,1,1,6,1,21,5,-1,-1,-1,-1,-1,-1
201601ZD30648,1,19,0,9,0,8,0,0,0,0,3,1,1,1,49,8,1248,2,-1,2,1,2
201601ZD30648,2,1,0,18,0,8,0,0,0,0,1,1,6,1,13,3,-1,-1,-1,-1,-1,-1
201601ZD30651,1,9,0,18,0,8,0,10,7,4,4,1,6,1,23,5,1596,1,11,2,1,2
201601ZD30651,2,9,0,18,0,8,0,0,0,0,1,1,6,1,55,8,1997,2,8,3,1,3
201601ZD30654,1,19,0,18,0,1,0,0,0,0,1,1,1,1,34,6,1560,2,1,10,1,10
201601ZD30654,2,9,0,9,0,8,0,0,0,0,4,1,6,1,40,7,1497,8,9,6,1,6
201601ZD30655,1,9,0,9,0,8,0,0,0,0,1,1,6,1,40,7,-1,-1,-1,2,1,2
201601ZD30655,2,1,0,9,0,8,0,0,0,0,1,1,6,1,28,6,-1,-1,-1,4,1,4
201601ZD30656,1,1,0,18,0,0,0,0,0,0,1,1,6,1,-1,-1,-1,-1,-1,-1,-1,-1
201601ZD30656,2,9,0,18,0,0,0,0,0,0,3,1,6,1,-1,-1,-1,-1,-1,-1,-1,-1
201601ZD30657,1,9,0,5,0,0,0,0,0,0,1,1,6,2,26,6,1968,2,1,3,1,3
201601ZD30658,1,9,0,7,0,2,0,0,0,0,1,1,6,1,27,6,1360,1,7,3,1,3
201601ZD30659,1,9,0,3,0,8,0,0,0,0,2,1,6,2,42,7,998,1,7,4,1,4
201601ZD30659,2,19,0,4,0,8,0,0,0,0,1,1,6,1,31,6,-1,-1,-1,9,1,9
201601ZD30659,3,9,0,3,0,8,0,0,0,0,2,1,6,2,38,7,1596,1,10,7,1,7
201601ZD30663,1,3,0,18,0,2,0,0,0,0,1,1,6,1,32,6,-1,-1,-1,5,1,5
201601ZD30664,1,9,0,18,0,8,0,0,0,0,3,1,6,1,25,5,1799,1,10,5,1,5
201601ZD30664,2,9,0,13,0,8,0,0,0,0,1,1,6,1,26,6,1490,1,7,8,1,8
201601ZD30665,1,5,0,9,0,8,0,0,0,0,4,1,6,1,44,7,-1,-1,-1,4,1,4
201601ZD30665,2,9,0,18,0,8,0,0,0,0,1,1,6,1,-1,-1,-1,-1,-1,-1,-1,-1
201601ZD30666,1,9,0,18,0,0,0,0,0,0,1,1,6,2,23,5,1598,1,9,2,1,2
201601ZD30666,2,9,0,18,0,0,0,0,0,0,1,1,6,1,-1,-1,1870,2,10,4,1,4
201601ZD30667,1,9,0,18,0,0,0,0,0,0,1,1,1,1,24,5,1968,2,9,5,1,5
201601ZD30667,2,4,0,18,0,0,0,0,0,0,1,1,1,1,40,7,125,1,1,3,1,3
201601ZD30669,1,9,0,18,0,0,0,0,0,0,3,1,6,1,31,6,1390,1,16,-1,-1,-1
201601ZD30669,2,9,0,18,0,0,0,0,0,0,3,1,6,2,-1,-1,2000,1,8,-1,-1,-1
201601ZD30671,1,11,0,18,0,8,0,0,0,0,0,1,1,1,60,9,4500,2,4,5,1,5
201601ZD30675,1,9,0,4,0,0,0,0,0,0,2,1,6,1,48,8,1149,1,17,4,1,4
201601ZD30675,2,5,0,4,0,0,0,0,0,0,1,1,6,1,67,10,1170,1,11,6,1,6
201601ZD30676,1,9,0,18,0,8,0,0,0,0,1,1,1,1,30,6,1349,1,5,8,1,8
201601ZD30677,1,3,0,4,0,2,0,0,0,0,2,1,6,1,44,7,125,1,-1,7,1,7
201601ZD30677,2,9,0,4,0,2,0,0,0,0,1,1,6,1,26,6,1398,1,2,7,1,7
201601ZD30678,1,8,0,4,0,1,0,0,0,0,2,1,6,1,46,8,1968,2,5,2,1,2
201601ZD30678,2,9,0,18,0,1,0,0,0,0,1,1,6,1,25,5,1997,2,6,-1,-1,-1
201601ZD30679,1,3,0,18,0,8,1,0,0,0,0,1,6,1,52,8,125,1,-1,3,1,3
201601ZD30679,2,9,0,9,0,1,0,0,0,0,0,1,6,1,-1,-1,1995,2,3,6,1,6
201601ZD30680,1,9,0,18,0,8,0,0,0,0,3,1,6,1,56,9,2099,2,9,5,1,5
201601ZD30680,2,9,0,18,0,8,0,0,0,0,1,1,6,1,68,10,1590,1,15,9,1,9
201601ZD30681,1,5,0,18,0,8,0,0,0,0,1,1,6,1,21,5,-1,-1,-1,-1,-1,-1
201601ZD30681,2,9,0,10,0,8,0,0,0,0,2,1,6,1,29,6,-1,-1,-1,5,1,5
201601ZD30682,1,9,0,18,0,0,0,0,0,0,1,1,6,2,25,5,-1,-1,-1,3,1,3
201601ZD30682,2,9,0,18,0,0,0,0,0,0,1,1,6,2,-1,-1,-1,-1,-1,-1,-1,-1
201601ZD30683,1,9,0,18,0,8,0,0,0,0,1,1,6,2,43,7,1248,1,6,6,1,6
201601ZD30683,2,9,0,9,0,8,0,0,0,0,1,1,6,2,25,5,1400,1,10,9,1,9
201601ZD30684,1,1,0,18,0,8,0,0,0,0,0,1,6,2,23,5,-1,-1,-1,-1,-1,-1
201601ZD30684,2,9,0,1,0,8,0,0,0,0,2,1,6,2,23,5,-1,-1,-1,2,1,2
201601ZD30689,1,9,0,9,0,8,0,0,0,0,1,1,6,1,70,10,1598,1,6,4,1,4
201601ZD30689,2,9,0,18,0,8,0,0,0,0,1,1,6,1,-1,-1,2143,2,7,-1,-1,-1
201601ZD30690,1,20,0,7,0,6,0,0,0,0,4,1,1,1,-1,-1,-1,-1,-1,-1,-1,-1
201601ZD30691,1,3,0,18,0,0,0,0,0,0,1,1,6,1,25,5,-1,-1,-1,2,1,2
201601ZD30691,2,9,0,6,0,0,0,0,0,0,3,1,6,2,41,7,1587,1,14,3,1,3
201601ZD30693,1,11,0,18,0,0,0,0,0,0,1,1,1,1,66,10,5900,2,10,-1,-1,-1
201601ZD30693,2,1,0,18,0,0,0,0,0,0,2,1,6,1,-1,-1,-1,-1,-1,-1,-1,-1
201601ZD30695,1,9,0,9,0,8,0,0,0,0,1,1,6,1,37,7,1797,8,6,-1,-1,-1
201601ZD30696,1,11,0,4,0,0,0,0,0,0,0,1,1,2,51,8,6692,2,7,2,1,2
201601ZD30698,1,9,0,9,0,8,0,0,0,0,3,1,6,2,63,9,1598,1,10,5,1,5
201601ZD30698,2,3,0,13,0,8,0,0,0,0,1,1,6,1,22,5,798,1,-1,7,1,7
201601ZD30700,1,3,0,18,0,1,0,0,0,0,1,1,6,1,-1,-1,-1,-1,-1,-1,-1,-1
201601ZD30701,1,9,0,9,0,8,0,0,0,0,1,1,6,1,33,6,1796,1,4,3,1,3
201601ZD30701,2,5,0,7,0,8,1,0,0,0,4,1,2,1,49,8,-1,-1,-1,8,1,8
201601ZD30703,1,9,0,9,0,8,0,0,0,0,1,1,6,1,51,8,1240,1,13,-1,-1,-1
201601ZD30703,2,9,0,18,0,8,0,0,0,0,1,1,6,2,22,5,1339,1,7,9,1,9
201601ZD30704,1,9,0,4,0,8,0,0,0,0,2,1,6,2,40,7,1398,1,2,3,1,3
201601ZD30704,2,9,0,18,0,8,0,0,0,0,1,1,6,3,-1,-1,-1,-1,-1,-1,-1,-1
201601ZD30707,1,9,0,7,0,8,0,0,0,0,3,1,6,1,32,6,1390,1,9,2,1,2
201601ZD30707,2,3,0,18,0,8,0,0,0,0,1,1,6,1,19,4,-1,-1,-1,4,1,4
201601ZD30708,1,9,0,7,0,1,0,0,0,0,1,1,6,2,23,5,1596,1,14,5,1,5
201601ZD30708,2,9,0,8,0,1,0,0,0,0,2,1,6,1,35,6,1796,1,8,2,1,2
201601ZD30711,1,9,0,18,0,8,0,0,0,0,3,1,6,2,28,6,-1,-1,-1,2,1,2
201601ZD30713,1,9,0,18,0,8,0,0,0,0,1,1,6,1,26,6,1598,1,6,2,1,2
201601ZD30713,2,1,0,18,0,8,0,0,0,0,1,1,6,1,13,3,-1,-1,-1,2,1,2
201601ZD30714,1,11,0,18,0,1,0,0,0,0,1,1,1,1,47,8,5132,2,1,4,1,4
201601ZD30716,1,11,0,18,0,1,0,0,0,0,0,1,1,1,56,9,6692,2,7,3,1,3
201601ZD30717,1,9,0,9,0,2,0,0,0,0,3,1,6,1,46,8,1598,1,4,4,1,4
201601ZD30719,1,90,0,4,0,8,0,0,0,0,2,1,2,1,26,6,-1,-1,-1,-1,-1,-1
201601ZD30719,2,3,0,18,0,8,0,0,0,0,1,1,2,1,22,5,124,1,2,9,1,9
201601ZD30720,1,11,0,4,0,0,0,0,0,0,0,1,1,1,60,9,3900,2,11,7,1,7
201601ZD30721,1,9,0,18,0,8,0,0,0,0,1,1,6,2,56,9,1685,2,2,5,1,5
201601ZD30721,2,3,0,11,0,8,0,0,0,0,1,1,6,2,35,6,-1,-1,-1,1,1,1
201601ZD30722,1,9,0,18,0,0,0,0,0,0,1,1,6,2,32,6,1969,2,-1,5,1,5
201601ZD30722,2,9,0,2,0,0,0,0,0,0,2,1,6,3,-1,-1,-1,-1,-1,-1,-1,-1
201601ZD30723,1,11,0,3,0,2,0,0,0,0,0,1,6,1,-1,-1,-1,-1,-1,-1,-1,-1
201601ZD30724,1,9,0,18,0,0,0,0,0,0,1,1,2,1,41,7,1229,1,8,8,1,8
201601ZD30725,1,9,0,18,0,0,0,0,0,0,2,1,6,1,44,7,-1,-1,-1,4,1,4
201601ZD30725,2,90,0,18,0,0,0,0,0,0,1,1,1,1,60,9,-1,3,-1,5,1,5
201601ZD30725,3,1,0,18,0,0,0,0,0,0,1,1,6,1,22,5,-1,-1,-1,-1,-1,-1
201601ZD30726,1,9,0,18,0,0,5,0,0,0,4,1,6,1,29,6,-1,-1,-1,5,1,5
201601ZD30726,2,9,0,2,0,0,2,0,0,0,3,1,6,1,-1,-1,1497,8,14,4,1,4
201601ZD30727,1,1,0,9,0,8,1,0,0,0,1,1,6,1,-1,-1,-1,-1,-1,-1,-1,-1
201601ZD30727,2,9,0,18,0,8,0,0,0,0,0,1,2,1,32,6,-1,-1,-1,-1,-1,-1
201601ZD30731,1,11,0,18,0,1,0,0,0,0,4,1,6,1,29,6,-1,-1,-1,3,1,3
201601ZD30731,2,1,0,18,0,1,0,0,0,0,3,1,6,1,15,3,-1,-1,-1,5,1,5