Accident_Index,Vehicle_Reference,Vehicle_Type,Towing_and_Articulation,Vehicle_Manoeuvre,Vehicle_Location-Restricted_Lane,Junction_Location,Skidding_and_Overturning,Hit_Object_in_Carriageway,Vehicle_Leaving_Carriageway,Hit_Object_off_Carriageway,1st_Point_of_Impact,Was_Vehicle_Left_Hand_Drive?,Journey_Purpose_of_Driver,Sex_of_Driver,Age_of_Driver,Age_Band_of_Driver,Engine_Capacity_(CC),Propulsion_Code,Age_of_Vehicle,Driver_IMD_Decile,Driver_Home_Area_Type,Vehicle_IMD_Decile
201601ZD30732,1,9,0,8,0,1,0,0,0,0,0,1,6,1,30,6,1595,1,8,-1,-1,-1
201601ZD30732,2,9,0,18,0,1,0,0,0,0,2,1,6,2,61,9,2993,2,2,9,1,9
201601ZD30732,3,9,0,18,0,1,0,0,0,0,3,1,6,1,32,6,1796,1,14,10,1,10
201601ZD30733,1,9,0,7,0,8,0,0,0,0,4,1,6,1,64,9,1386,1,13,3,1,3
201601ZD30733,2,3,0,18,0,8,0,0,0,0,3,1,6,1,24,5,125,1,-1,2,1,2
201601ZD30745,1,9,0,7,0,2,0,0,0,0,1,1,6,1,35,6,-1,-1,-1,2,1,2
201601ZD30749,1,9,0,13,0,8,0,0,0,0,4,1,6,1,45,7,3456,8,5,4,1,4
201601ZD30749,2,1,0,12,0,8,0,0,0,0,1,1,6,1,33,6,-1,-1,-1,3,1,3
201601ZD30750,1,9,0,18,0,0,0,0,0,0,1,1,6,3,-1,-1,-1,-1,-1,-1,-1,-1
201601ZD30751,1,9,0,18,0,1,0,0,0,0,0,1,6,1,-1,-1,-1,-1,-1,-1,-1,-1
201601ZD30753,1,9,0,7,0,8,0,0,0,0,0,1,6,2,28,6,1229,1,7,6,1,6
201601ZD30753,2,9,0,7,0,8,0,0,0,0,3,1,6,2,-1,-1,-1,-1,-1,-1,-1,-1
201601ZD30754,1,9,0,4,0,0,0,0,0,0,3,1,6,2,47,8,1598,1,9,6,1,6
201601ZD30754,2,9,0,1,0,0,0,0,0,0,2,1,6,1,-1,-1,-1,-1,-1,-1,-1,-1
201601ZD30756,1,9,0,9,0,2,0,0,0,0,1,1,6,3,-1,-1,-1,-1,-1,-1,-1,-1
201601ZD30760,1,9,0,18,0,0,0,0,0,0,1,1,6,1,54,8,1242,1,2,-1,-1,-1
201601ZD30763,1,19,0,18,0,0,0,0,0,0,4,1,1,1,-1,-1,1996,2,6,4,1,4
201601ZD30772,1,9,0,1,0,8,0,0,0,0,2,1,6,1,30,6,-1,-1,-1,-1,-1,-1
201601ZD30773,1,9,0,18,0,2,0,0,0,0,4,1,6,1,-1,-1,-1,-1,-1,-1,-1,-1
201601ZD30779,1,9,0,18,0,8,0,0,0,0,1,1,6,2,36,7,1229,1,1,2,1,2
201601ZD30782,1,9,0,7,0,8,0,0,0,0,0,1,6,1,43,7,-1,-1,-1,5,1,5
201601ZD30783,1,9,0,18,0,8,0,0,0,0,2,1,2,1,-1,-1,1198,1,13,-1,-1,-1
201601ZD30783,2,9,0,13,0,8,0,0,0,0,1,1,6,3,-1,-1,-1,-1,-1,-1,-1,-1
201601ZD30789,1,1,0,18,0,0,0,0,0,0,0,1,1,1,72,10,-1,-1,-1,6,1,6
201601ZD30789,2,9,0,14,0,0,0,0,0,0,0,1,6,3,-1,-1,-1,-1,-1,-1,-1,-1
201601ZD30793,1,3,0,18,0,1,0,4,0,0,4,1,6,1,37,7,124,1,-1,2,1,2
201601ZD30793,2,9,0,9,0,1,0,0,0,0,3,1,6,1,42,7,1200,1,-1,-1,-1,-1
201601ZD30794,1,9,0,18,0,0,0,0,0,0,3,1,6,2,40,7,1395,1,-1,3,1,3
201601ZD30794,2,9,0,18,0,0,0,0,0,0,2,1,6,2,39,7,-1,-1,-1,2,1,2
201601ZD30794,3,9,0,18,0,0,0,0,0,0,2,1,6,1,-1,-1,2261,1,7,-1,-1,-1
201601ZD30805,1,9,0,18,0,8,0,0,0,0,3,1,6,2,50,8,1197,1,1,6,1,6
201601ZD30805,2,9,0,9,0,8,0,0,0,0,3,1,6,1,-1,-1,1364,1,11,-1,-1,-1
201601ZD30810,1,4,0,14,0,0,0,0,0,0,1,1,6,1,32,6,125,1,-1,6,1,6
201601ZD30810,2,19,0,5,0,0,0,0,0,0,2,1,2,1,21,5,1968,2,2,4,1,4
201601ZD30811,1,9,0,4,0,0,0,0,0,0,2,1,6,1,19,4,1364,1,8,4,1,4
201601ZD30811,2,9,0,18,0,0,0,0,0,0,1,1,6,1,24,5,1229,1,2,8,3,8
201601ZD30820,1,9,0,9,0,8,1,0,0,0,3,1,6,2,36,7,1598,1,13,6,3,6
201601ZD30820,2,5,0,9,0,8,1,0,0,0,1,1,6,1,72,10,-1,-1,-1,9,1,9
201601ZD30821,1,5,0,18,0,8,0,0,0,0,3,1,6,1,25,5,599,1,15,4,1,4
201601ZD30821,2,9,0,9,0,8,0,0,0,0,1,1,6,1,25,5,1998,1,13,2,1,2
201601ZD30831,1,1,0,14,0,8,0,0,0,0,1,1,6,1,-1,-1,-1,-1,-1,-1,-1,-1
201601ZD30839,1,9,0,9,0,8,0,0,0,0,3,1,2,1,37,7,1968,2,8,2,1,2
201601ZD30839,2,5,0,14,0,8,0,4,0,0,1,1,1,1,38,7,1000,1,7,9,1,9
201601ZD30839,3,9,0,2,0,8,0,0,0,0,4,1,6,2,32,6,1390,1,15,4,1,4
201601ZD30851,1,9,0,9,0,8,0,0,0,0,2,1,6,2,58,9,1498,1,8,1,1,1
201601ZD30851,2,9,0,18,0,8,0,0,0,0,1,1,6,1,-1,-1,-1,-1,-1,-1,-1,-1
201601ZD30878,1,9,0,5,0,0,0,0,0,0,1,1,6,1,70,10,1560,2,-1,-1,-1,-1
201601ZD30878,2,9,0,2,0,0,0,0,0,0,2,1,6,3,-1,-1,1587,1,13,-1,-1,-1
201601ZD30954,1,9,0,9,0,8,0,0,0,0,1,1,6,2,18,4,1240,1,13,10,1,10
201601ZD30954,2,9,0,9,0,7,0,0,0,0,1,1,6,2,-1,-1,-1,-1,-1,-1,-1,-1
201601ZD30954,3,9,0,9,0,8,0,0,0,0,3,1,6,2,-1,-1,-1,-1,-1,-1,-1,-1
201601ZD30988,1,1,0,18,0,0,0,0,0,0,1,1,6,1,23,5,-1,-1,-1,-1,-1,-1
201601ZD30988,2,1,0,18,0,0,0,0,0,0,1,1,1,3,-1,-1,-1,-1,-1,-1,-1,-1
201601ZT80000,1,9,0,18,0,8,1,0,7,0,4,1,2,2,44,7,1587,1,15,9,1,9
201601ZT80000,2,9,0,5,0,6,0,0,0,0,1,1,2,1,41,7,1380,1,12,7,1,7
201601ZT80001,1,9,0,18,0,6,0,0,0,0,3,1,6,2,75,10,1995,2,8,6,3,6
201601ZT80001,2,1,0,18,0,8,0,0,0,0,1,1,6,1,29,6,-1,-1,-1,4,1,4
201601ZT80002,1,9,0,18,0,8,0,0,0,0,3,1,6,2,53,8,1388,1,5,-1,-1,-1
201601ZT80002,2,19,0,9,0,6,0,0,0,0,1,1,1,1,45,7,1995,2,3,10,1,10
201601ZT80003,1,9,0,7,0,8,0,0,0,0,2,1,6,1,40,7,1124,1,6,8,1,8
201601ZT80003,2,9,0,18,0,8,0,0,0,0,1,1,6,1,49,8,1598,2,4,-1,-1,-1
201601ZT80005,1,9,0,3,0,1,0,0,0,0,2,1,6,1,43,7,1598,1,4,10,1,10
201601ZT80005,2,9,0,18,0,1,0,0,0,0,1,1,6,1,-1,-1,2143,2,1,6,1,6
201601ZT80006,1,9,0,9,0,5,0,0,0,0,3,1,6,1,35,6,-1,-1,-1,4,1,4
201601ZT80007,1,9,0,18,0,8,0,0,0,0,1,1,6,1,18,4,1360,1,16,-1,-1,-1
201601ZT80007,2,9,0,18,0,8,0,0,0,0,3,1,6,2,39,7,998,1,9,4,1,4
201601ZT80009,1,9,0,18,0,0,0,0,0,0,1,1,6,2,36,7,1989,1,15,2,1,2
201601ZT80009,2,9,0,3,0,0,0,0,0,0,2,1,6,2,43,7,998,1,13,6,1,6
201601ZT80009,3,9,0,3,0,0,0,0,0,0,2,1,6,2,26,6,1753,2,8,9,1,9
201601ZT80010,1,9,0,18,0,0,0,0,0,0,4,1,6,2,35,6,1242,1,14,7,1,7
201601ZT80010,2,9,0,2,0,0,0,0,0,0,3,1,6,1,57,9,1975,1,10,-1,-1,-1
201601ZT80011,1,9,0,17,0,8,0,0,0,0,3,1,6,2,33,6,1598,2,3,5,1,5
201601ZT80011,2,9,0,11,0,8,0,0,0,0,1,1,6,1,-1,-1,1584,1,10,-1,-1,-1
201601ZT80012,1,9,0,18,0,8,0,9,0,0,1,1,2,1,20,4,1586,1,2,8,1,8
201601ZT80012,2,19,0,18,0,6,5,0,0,0,3,1,2,1,25,5,1598,2,1,2,1,2
201601ZT80014,1,9,0,4,0,0,0,0,0,0,4,1,6,2,24,5,1395,1,1,-1,-1,-1
201601ZT80014,2,9,0,12,0,0,0,0,0,0,3,1,6,2,42,7,1560,2,9,8,1,8
201601ZT80015,1,9,0,14,0,8,0,0,0,0,1,1,1,2,21,5,1124,1,11,8,1,8
201601ZT80016,1,1,0,18,0,8,0,0,0,0,1,1,6,1,-1,-1,-1,-1,-1,4,1,4
201601ZT80016,2,19,0,7,0,8,0,0,0,0,4,1,6,1,36,7,1560,2,1,3,1,3
201601ZT80017,1,9,0,18,0,0,0,0,0,0,1,1,6,3,-1,-1,-1,-1,-1,-1,-1,-1
201601ZT80018,1,9,0,9,0,8,0,0,0,0,3,1,6,2,47,8,1598,1,13,5,1,5
201601ZT80018,2,3,0,13,0,8,0,0,0,0,4,1,6,1,39,7,115,1,1,4,1,4
201601ZT80019,1,9,0,7,0,2,0,0,0,0,4,1,6,1,58,9,1998,1,13,-1,1,-1
201601ZT80020,1,9,0,9,0,8,0,0,0,0,1,1,6,1,82,11,1997,2,2,4,1,4
201601ZT80020,2,1,0,18,0,8,0,0,0,0,1,1,6,1,30,6,-1,-1,-1,4,1,4
201601ZT80021,1,9,0,18,0,1,0,0,0,0,1,1,6,3,-1,-1,-1,-1,-1,-1,-1,-1
201601ZT80022,1,9,0,7,0,8,0,0,0,0,3,1,6,2,51,8,1339,1,5,8,1,8
201601ZT80022,2,1,0,18,0,8,0,0,0,0,1,1,6,1,77,11,-1,-1,-1,6,1,6
201601ZT80023,1,11,0,18,0,1,0,0,0,0,1,1,1,1,54,8,3900,2,11,4,1,4
201601ZT80024,1,9,0,14,0,0,0,4,0,0,4,1,3,1,26,6,1560,2,12,5,1,5
201601ZT80024,2,19,0,2,4,0,0,0,0,0,3,1,1,1,59,9,-1,-1,-1,8,1,8
201601ZT80025,1,9,0,18,0,1,0,0,0,0,1,1,6,1,-1,-1,1299,1,17,5,1,5
201601ZT80026,1,1,0,18,0,0,0,4,0,0,1,1,6,1,37,7,-1,-1,-1,3,1,3
201601ZT80026,2,9,0,2,0,0,0,0,0,0,3,1,6,1,48,8,1956,2,2,9,1,9
201601ZT80027,1,9,0,18,0,8,0,0,0,0,1,1,6,2,80,11,1386,1,8,8,1,8
201601ZT80027,2,9,0,3,0,8,0,0,0,0,2,1,6,1,-1,-1,1560,2,3,6,1,6
201601ZT80030,1,4,0,13,0,8,0,0,0,0,4,1,2,1,22,5,125,1,6,8,1,8
201601ZT80030,2,9,0,9,0,8,0,0,0,0,3,1,6,1,-1,-1,1199,2,5,-1,-1,-1
201601ZT80032,1,9,0,18,0,8,0,0,0,0,1,1,6,3,-1,-1,1596,1,16,-1,-1,-1
201601ZT80032,2,9,0,9,0,8,0,0,0,0,3,1,6,2,23,5,1988,2,11,5,1,5
201601ZT80033,1,9,0,18,0,1,5,0,0,0,4,1,6,1,18,4,1199,1,12,3,1,3
201601ZT80033,2,9,0,2,0,1,0,0,0,0,3,1,6,3,-1,-1,1794,1,12,-1,-1,-1
201601ZT80035,1,9,0,18,0,8,0,0,0,0,1,1,6,2,53,8,1596,1,13,6,1,6
201601ZT80035,2,9,0,18,0,8,0,0,0,0,4,1,6,2,36,7,1598,1,5,8,1,8
201601ZT80036,1,5,0,18,0,0,0,0,0,0,0,1,6,1,52,8,648,1,19,10,1,10
201601ZT80037,1,9,0,9,0,8,0,0,0,0,1,1,6,1,22,5,1229,1,11,9,1,9
201601ZT80037,2,19,0,18,0,8,5,0,0,0,4,1,6,1,78,11,1298,1,13,6,1,6
201601ZT80038,1,19,0,5,0,6,0,0,0,0,4,1,1,1,32,6,2198,2,5,2,1,2
201601ZT80038,2,9,0,18,0,8,0,0,0,0,1,1,2,1,58,9,1339,1,6,6,1,6
201601ZT80039,1,9,0,18,0,0,0,0,0,0,2,1,2,2,32,6,1360,1,13,7,1,7
201601ZT80039,2,9,0,3,0,0,0,0,0,0,2,1,2,1,40,7,1995,2,1,10,1,10
201601ZT80039,3,9,0,18,0,0,0,0,0,0,1,1,2,2,38,7,1968,2,1,10,1,10
201601ZT80041,1,9,0,18,0,0,0,10,2,7,4,1,6,1,56,9,1997,2,13,-1,-1,-1
201601ZT80042,1,9,0,3,0,2,0,0,0,0,2,1,6,2,20,4,1229,1,9,2,1,2
201601ZT80042,2,9,0,4,0,2,0,0,0,0,1,1,6,1,-1,-1,1598,1,10,-1,-1,-1
201601ZT80043,1,5,0,18,0,1,0,0,0,0,1,1,6,1,29,6,748,1,8,4,1,4
201601ZT80044,1,9,0,3,0,0,0,0,0,0,1,1,6,1,-1,-1,-1,-1,-1,-1,-1,-1
201601ZT80044,2,19,0,1,0,0,0,0,0,0,2,1,6,3,-1,-1,2198,2,7,-1,-1,-1
201601ZT80045,1,9,0,18,0,8,0,0,0,0,1,1,2,2,60,9,1998,1,11,9,1,9
201601ZT80046,1,9,0,9,0,8,0,0,0,0,4,1,6,2,64,9,1299,1,13,3,1,3
201601ZT80046,2,9,0,18,0,8,0,0,0,0,1,1,6,1,28,6,1968,2,8,9,1,9
201601ZT80047,1,9,0,18,0,1,0,0,0,0,1,1,6,2,43,7,2993,2,7,7,3,7
201601ZT80048,1,9,0,18,0,8,0,0,0,0,1,1,6,1,31,6,1753,2,8,5,1,5
201601ZT80048,2,9,0,18,0,8,0,0,0,0,1,1,6,1,62,9,-1,-1,-1,9,1,9
201601ZT80049,1,9,0,18,0,0,0,0,0,0,1,1,6,1,30,6,1329,1,7,8,1,8
201601ZT80049,2,9,0,18,0,0,0,0,0,0,1,1,6,2,34,6,-1,-1,-1,5,1,5
201601ZT80050,1,3,0,4,0,1,0,0,0,0,2,1,6,1,18,4,124,1,1,9,1,9
201601ZT80050,2,9,0,4,0,1,0,0,0,0,1,1,6,2,-1,-1,1197,1,2,-1,-1,-1
201601ZT80051,1,11,0,18,0,8,0,0,0,0,4,1,6,1,54,8,4500,2,1,4,1,4
201601ZT80051,2,9,3,9,0,8,1,0,0,0,0,1,6,1,49,8,2967,2,1,1,1,1
201601ZT80053,1,9,0,18,0,8,0,0,0,0,1,1,6,1,36,7,1998,2,4,5,1,5
201601ZT80053,2,9,0,18,0,8,0,0,0,0,1,1,6,2,42,7,998,1,7,5,1,5
201601ZT80054,1,9,0,7,0,2,0,0,0,0,3,1,6,1,41,7,1242,1,14,3,1,3
201601ZT80055,1,19,0,18,0,0,0,0,0,0,1,1,6,1,20,4,1598,2,5,8,1,8
201601ZT80055,2,9,0,3,0,0,0,0,0,0,2,1,6,2,27,6,2231,2,6,8,1,8
201601ZT80055,3,9,0,3,0,0,0,0,0,0,2,1,6,2,40,7,3498,1,8,3,1,3
201601ZT80057,1,11,0,18,0,8,0,0,0,0,1,1,6,1,51,8,-1,-1,-1,9,1,9
201601ZT80057,2,9,0,9,0,8,0,0,0,0,4,1,6,2,49,8,1390,1,15,4,1,4
201601ZT80058,1,9,0,18,0,1,0,0,0,0,1,1,6,1,20,4,998,1,1,5,1,5
201601ZT80059,1,2,0,13,0,8,0,0,0,0,1,1,6,1,41,7,50,1,10,5,1,5
201601ZT80059,2,9,0,9,0,8,0,0,0,0,3,1,6,2,39,7,1596,1,3,7,1,7
201601ZT80061,1,11,0,17,0,1,0,0,0,0,0,1,1,1,-1,-1,-1,-1,-1,-1,-1,-1
201601ZT80062,1,9,0,18,0,8,0,0,0,0,2,1,6,1,57,9,1497,1,13,3,1,3
201601ZT80062,2,9,0,18,0,8,0,0,0,0,1,1,6,2,40,7,1498,1,1,3,1,3
201601ZT80063,1,5,0,18,0,8,0,0,0,0,1,1,6,1,38,7,636,1,13,4,1,4
201601ZT80063,2,9,0,9,0,8,0,0,0,0,3,1,6,1,33,6,1997,2,10,6,1,6
201601ZT80064,1,3,0,3,0,1,0,0,0,0,2,1,6,1,47,8,125,1,2,7,1,7
201601ZT80064,2,19,0,4,0,1,0,0,0,0,1,1,6,1,32,6,2402,2,10,8,1,8
201601ZT80068,1,8,0,9,0,8,0,0,0,0,4,1,1,1,53,8,1968,2,8,3,1,3
201601ZT80068,2,1,0,18,0,8,0,0,0,0,1,1,6,1,47,8,-1,-1,-1,-1,-1,-1
201601ZT80070,1,9,0,18,0,0,0,0,0,0,1,1,6,1,72,10,-1,-1,-1,9,1,9
201601ZT80070,2,19,0,2,0,0,0,0,0,0,2,1,6,3,-1,-1,2198,2,1,-1,-1,-1
201601ZT80071,1,19,0,4,0,8,0,0,0,0,2,1,6,1,28,6,1995,2,4,-1,-1,-1
201601ZT80071,2,9,0,10,0,8,0,0,0,0,2,1,6,2,45,7,1390,1,8,-1,-1,-1
201601ZT80071,3,20,0,18,0,8,0,0,0,0,1,1,1,1,45,7,-1,-1,-1,-1,-1,-1
201601ZT80072,1,5,0,18,0,1,0,0,0,0,0,1,6,1,41,7,675,1,6,4,1,4
201601ZT80073,1,1,0,18,0,8,0,0,0,0,1,1,6,1,57,9,-1,-1,-1,-1,-1,-1
201601ZT80073,2,9,0,9,0,8,0,0,0,0,4,1,6,1,-1,-1,2148,2,9,-1,-1,-1
201601ZT80074,1,9,0,4,0,0,0,0,0,0,2,1,6,2,27,6,1995,2,2,-1,-1,-1
201601ZT80074,2,9,0,4,0,0,0,0,0,0,1,1,6,1,-1,-1,-1,-1,-1,-1,-1,-1
201601ZT80075,1,9,0,18,0,8,0,0,0,0,1,1,6,2,22,5,1299,1,12,4,1,4
201601ZT80076,1,9,0,18,0,8,0,0,0,0,3,1,6,1,56,9,-1,-1,-1,9,1,9
201601ZT80076,2,9,0,18,0,8,0,0,0,0,1,1,6,1,26,6,1229,1,9,6,1,6
201601ZT80079,1,11,0,4,0,1,0,0,0,0,0,1,1,1,57,9,7300,2,14,6,1,6
201601ZT80080,1,3,0,14,0,8,0,0,0,0,1,1,6,1,24,5,-1,-1,-1,3,1,3
201601ZT80080,2,19,0,9,0,8,0,0,0,0,3,1,6,1,44,7,-1,-1,-1,7,1,7
201601ZT80081,1,9,0,9,0,8,0,0,0,0,1,1,6,1,48,8,-1,-1,-1,10,1,10
201601ZT80081,2,9,0,18,0,8,0,0,0,0,4,1,6,2,30,6,1560,2,8,2,1,2
201601ZT80081,3,9,0,18,0,8,0,0,0,0,1,1,6,2,30,6,1560,2,10,2,1,2
201601ZT80083,1,19,0,5,0,0,0,0,0,0,2,1,6,1,40,7,1995,2,2,8,1,8
201601ZT80083,2,3,0,5,0,0,0,0,0,0,1,1,6,1,45,7,125,1,1,9,1,9
201601ZT80086,1,9,0,9,0,8,0,0,0,0,2,1,2,2,43,7,1997,2,2,4,1,4
201601ZT80086,2,19,0,18,0,8,0,0,0,0,1,1,6,1,-1,-1,-1,-1,-1,8,1,8
201601ZT80087,1,9,0,5,0,0,0,0,0,0,3,1,6,2,25,5,1998,2,11,4,1,4
201601ZT80087,2,3,0,18,0,0,0,0,0,0,1,1,6,1,25,5,125,1,5,10,1,10
201601ZT80088,1,9,0,18,0,0,0,0,0,0,1,1,3,2,51,8,2521,1,8,6,1,6
201601ZT80088,2,3,0,18,0,0,1,0,0,0,1,1,6,1,20,4,124,1,-1,7,1,7
201601ZT80089,1,9,0,18,0,8,0,0,0,0,3,1,6,1,49,8,2497,2,11,8,1,8
201601ZT80089,2,1,0,18,0,8,0,0,0,0,1,1,6,1,32,6,-1,-1,-1,10,2,10
201601ZT80090,1,9,0,9,0,8,0,0,0,0,4,1,6,1,61,9,2496,1,14,5,1,5
201601ZT80090,2,3,0,18,0,8,0,0,0,0,1,1,6,1,24,5,-1,-1,-1,3,1,3
201601ZT80092,1,9,0,18,0,8,0,0,0,0,4,1,6,1,56,9,1199,1,16,5,1,5
201601ZT80092,2,9,0,18,0,8,0,0,0,0,1,1,6,2,30,6,-1,-1,-1,3,1,3
201601ZT80093,1,9,0,18,0,0,0,0,0,0,3,1,6,1,-1,-1,1395,1,1,-1,-1,-1
201601ZT80094,1,9,0,18,0,8,0,0,0,0,1,1,6,1,19,4,998,1,12,-1,-1,-1
201601ZT80095,1,9,0,1,0,8,0,0,0,0,2,1,6,1,-1,-1,-1,-1,-1,-1,-1,-1
201601ZT80096,1,9,0,14,0,1,0,0,0,0,3,1,6,1,-1,-1,1998,1,13,9,1,9
201601ZT80096,2,5,0,7,0,2,0,0,0,0,3,1,6,2,49,8,535,1,18,7,1,7
201601ZT80100,1,19,0,18,0,2,0,0,0,0,3,1,1,1,20,4,1996,2,6,5,1,5
201601ZT80101,1,11,0,5,0,8,0,0,0,0,0,1,6,1,55,8,6700,2,7,8,1,8
201601ZT80102,1,9,0,18,0,8,0,0,0,0,1,1,6,1,53,8,1956,2,7,2,1,2
201601ZT80102,2,9,0,2,0,8,0,0,0,0,1,1,6,2,-1,-1,1242,1,8,7,1,7
201601ZT80103,1,9,0,18,0,0,0,0,0,0,1,1,6,2,28,6,1299,1,17,3,1,3
201601ZT80103,2,9,0,3,0,0,0,0,0,0,2,1,2,2,48,8,1910,2,6,10,1,10
201601ZT80103,3,19,0,3,0,0,0,0,0,0,2,1,2,1,55,8,1560,2,1,6,1,6
201601ZT80104,1,9,0,18,0,8,0,0,0,0,0,1,6,2,21,5,1490,1,9,-1,-1,-1
201601ZT80104,2,9,0,18,0,8,0,0,0,0,0,1,6,2,56,9,1995,2,1,2,1,2
201601ZT80106,1,9,0,18,0,8,0,0,0,0,3,1,6,2,73,10,1598,1,11,10,1,10
201601ZT80106,2,1,0,9,0,8,0,0,0,0,1,1,1,1,25,5,-1,-1,-1,8,1,8
201601ZT80109,1,19,0,9,0,6,0,0,0,0,1,1,1,1,27,6,2198,2,3,1,1,1
201601ZT80109,2,19,0,18,0,8,0,0,0,0,4,1,1,1,67,10,2143,2,2,2,1,2
201601ZT80110,1,9,0,4,0,0,0,0,0,0,2,1,6,2,39,7,1390,1,9,7,1,7
201601ZT80110,2,9,0,4,0,0,0,0,0,0,1,1,6,2,44,7,1598,1,1,2,1,2
201601ZT80110,3,19,0,18,0,0,0,0,0,0,1,1,1,1,24,5,1598,2,-1,4,1,4
201601ZT80112,1,9,0,18,0,2,0,0,0,0,1,1,1,1,42,7,1242,1,1,5,1,5
201601ZT80113,1,20,0,7,0,8,0,0,0,0,2,1,6,1,31,6,7698,2,2,3,1,3
201601ZT80113,2,9,0,9,0,8,0,0,0,0,2,1,6,1,50,8,2143,2,3,6,1,6
201601ZT80114,1,9,0,3,0,1,0,0,0,0,2,1,6,1,45,7,-1,-1,-1,6,1,6
201601ZT80114,2,9,0,3,0,1,0,0,0,0,2,1,6,1,57,9,-1,-1,-1,5,1,5
201601ZT80114,3,9,0,18,0,1,0,0,0,0,1,1,6,2,26,6,1997,1,11,10,1,10
201601ZT80115,1,19,0,18,0,1,1,0,0,0,1,1,6,1,-1,-1,-1,-1,-1,-1,-1,-1
201601ZT80115,2,9,0,4,0,1,0,0,0,0,2,1,6,2,33,6,1998,1,11,8,1,8
201601ZT80115,3,9,0,4,0,1,0,0,0,0,2,1,6,1,70,10,-1,-1,-1,10,1,10
201601ZT80117,1,19,0,3,0,0,0,0,1,0,2,1,6,1,64,9,1870,2,10,4,1,4
201601ZT80117,2,19,0,18,0,0,0,0,0,0,1,1,6,1,31,6,2198,2,3,6,1,6
201601ZT80118,1,9,0,9,0,6,0,0,0,0,1,1,6,2,47,8,1598,1,4,7,1,7
201601ZT80118,2,9,0,18,0,8,0,0,1,10,4,1,6,2,44,7,1296,1,9,2,1,2
201601ZT80120,1,9,0,9,0,8,0,0,0,0,3,1,6,1,22,5,1390,1,15,7,1,7
201601ZT80120,2,1,0,18,0,8,0,0,0,0,1,1,6,1,51,8,-1,-1,-1,8,1,8
201601ZT80121,1,5,0,3,0,2,0,0,0,0,2,1,6,1,59,9,656,1,11,7,3,7
201601ZT80121,2,9,0,5,0,2,0,0,0,0,1,1,6,2,49,8,1596,1,14,2,1,2
201601ZT80122,1,19,0,9,0,2,0,0,0,0,1,1,1,1,30,6,1753,2,7,4,1,4
201601ZT80124,1,9,0,3,0,0,0,0,0,0,2,1,6,1,45,7,1968,2,4,6,1,6
201601ZT80124,2,9,0,18,0,0,0,0,0,0,1,1,3,2,42,7,1769,1,14,9,1,9
201601ZT80126,1,11,0,5,0,0,0,0,0,0,0,1,1,1,59,9,6700,2,7,2,1,2
201601ZT80128,1,9,0,18,0,0,0,0,0,0,1,1,6,1,18,4,-1,-1,-1,-1,-1,-1
201601ZT80128,2,9,0,2,0,0,0,0,0,0,2,1,6,3,-1,-1,-1,-1,-1,-1,-1,-1
201601ZT80128,3,21,0,2,3,0,0,0,0,0,4,1,1,3,-1,-1,-1,-1,-1,-1,-1,-1
201601ZT80128,4,21,0,2,0,0,0,0,0,0,4,1,6,3,-1,-1,-1,-1,-1,-1,-1,-1
201601ZT80129,1,9,0,7,0,8,0,0,0,0,0,1,6,2,37,7,1598,1,11,-1,-1,-1
201601ZT80129,2,5,0,18,0,8,0,0,0,0,2,1,6,1,55,8,-1,-1,-1,6,1,6
201601ZT80130,1,9,0,18,0,8,0,0,0,0,3,1,6,1,29,6,-1,-1,-1,-1,-1,-1
201601ZT80130,2,9,0,18,0,6,0,0,0,0,1,1,6,1,19,4,1998,1,8,-1,-1,-1
201601ZT80131,1,5,0,18,0,8,0,0,0,0,1,1,2,1,56,9,1352,1,9,7,1,7
201601ZT80131,2,9,0,18,0,8,0,0,0,0,4,1,6,1,25,5,1596,1,10,2,1,2
201601ZT80132,1,9,0,18,0,8,0,0,0,0,4,1,6,1,35,6,1998,1,11,7,1,7
201601ZT80132,2,9,0,9,0,8,0,0,0,0,1,1,6,2,47,8,998,1,3,8,1,8
201601ZT80134,1,9,0,17,0,8,0,10,1,0,4,1,6,1,28,6,1242,1,16,2,1,2
201601ZT80134,2,20,0,9,0,8,0,0,0,0,0,1,6,3,-1,-1,-1,-1,-1,-1,-1,-1
201601ZT80135,1,9,0,18,0,0,0,0,0,0,3,1,6,2,31,6,998,1,2,-1,-1,-1
201601ZT80136,1,9,0,4,0,1,0,0,0,0,3,1,6,1,55,8,2967,2,5,9,1,9
201601ZT80139,1,9,0,9,0,8,0,0,0,0,1,1,6,1,36,7,1596,1,4,6,1,6
201601ZT80139,2,3,0,14,0,8,0,0,0,0,4,1,6,1,36,7,125,1,4,4,1,4
201601ZT80142,1,9,0,17,0,8,0,0,0,0,1,1,2,2,65,9,1390,1,4,9,1,9
201601ZT80143,1,9,0,4,0,1,0,0,0,0,1,1,6,2,33,6,-1,-1,-1,6,1,6
201601ZT80143,2,9,0,9,8,6,0,0,0,0,4,1,6,2,40,7,-1,-1,-1,-1,-1,-1
201601ZT80143,3,9,0,18,0,8,0,0,0,0,1,1,6,2,24,5,1587,1,11,-1,-1,-1
201601ZT80144,1,9,0,9,0,8,0,0,0,0,2,1,6,1,22,5,-1,-1,-1,8,1,8
201601ZT80144,2,9,0,18,0,8,0,0,0,0,2,1,6,1,27,6,898,1,-1,7,1,7
201601ZT80145,1,9,0,18,0,8,0,0,0,0,1,1,6,1,41,7,-1,-1,-1,6,1,6
201601ZT80145,2,9,0,18,0,8,0,0,0,0,4,1,6,2,34,6,1360,1,9,8,1,8
201601ZT80146,1,9,0,18,0,8,0,0,0,0,0,1,6,1,47,8,-1,-1,-1,-1,-1,-1
201601ZT80146,2,90,0,5,0,8,0,0,0,0,1,1,6,3,-1,-1,-1,-1,-1,-1,-1,-1
201601ZT80147,1,9,0,9,0,1,0,0,0,0,1,1,6,1,36,7,-1,-1,-1,7,1,7
201601ZT80147,2,9,0,18,0,8,0,0,0,0,1,1,6,1,38,7,1598,1,10,-1,-1,-1
201601ZT80149,1,9,0,18,0,0,0,0,0,0,1,1,6,2,50,8,1997,2,3,4,1,4
201601ZT80149,2,9,0,18,0,0,0,0,0,0,2,1,6,2,35,6,1896,2,11,-1,-1,-1
201601ZT80151,1,1,0,18,0,8,0,0,0,0,1,1,6,1,57,9,-1,-1,-1,-1,-1,-1
201601ZT80151,2,9,0,18,0,8,0,0,0,0,3,1,6,3,-1,-1,-1,-1,-1,-1,-1,-1