Accident_Index,Vehicle_Reference,Vehicle_Type,Towing_and_Articulation,Vehicle_Manoeuvre,Vehicle_Location-Restricted_Lane,Junction_Location,Skidding_and_Overturning,Hit_Object_in_Carriageway,Vehicle_Leaving_Carriageway,Hit_Object_off_Carriageway,1st_Point_of_Impact,Was_Vehicle_Left_Hand_Drive?,Journey_Purpose_of_Driver,Sex_of_Driver,Age_of_Driver,Age_Band_of_Driver,Engine_Capacity_(CC),Propulsion_Code,Age_of_Vehicle,Driver_IMD_Decile,Driver_Home_Area_Type,Vehicle_IMD_Decile
201601ZT80153,1,9,0,7,0,6,0,7,0,0,1,1,6,1,19,4,-1,-1,-1,-1,-1,-1
201601ZT80154,1,19,0,9,0,8,0,0,0,0,1,1,6,1,50,8,2198,2,7,10,1,10
201601ZT80154,2,3,0,18,0,8,0,0,0,0,1,1,6,1,31,6,125,1,3,-1,-1,-1
201601ZT80156,1,9,0,9,0,8,0,0,0,0,3,1,6,2,38,7,1699,1,8,5,1,5
201601ZT80156,2,5,0,13,0,8,0,0,0,0,1,1,6,1,22,5,-1,-1,-1,-1,-1,-1
201601ZT80157,1,20,0,1,0,0,0,0,0,0,2,1,6,3,-1,-1,-1,-1,-1,-1,-1,-1
201601ZT80158,1,11,0,12,0,8,0,0,0,0,0,1,1,1,50,8,4500,2,1,9,1,9
201601ZT80160,1,9,0,18,0,8,0,0,0,0,0,1,6,1,16,4,-1,-1,-1,-1,-1,-1
201601ZT80160,2,9,0,9,0,8,0,0,0,0,0,1,6,1,26,6,-1,-1,-1,8,1,8
201601ZT80161,1,9,0,7,0,8,0,0,0,0,2,1,2,1,42,7,1598,1,14,6,1,6
201601ZT80161,2,9,0,18,0,8,0,0,0,0,1,1,2,1,53,8,1995,2,12,4,1,4
201601ZT80166,1,9,0,18,0,1,0,0,0,0,2,1,6,2,34,6,-1,-1,-1,-1,-1,-1
201601ZT80166,2,9,0,3,0,1,0,0,0,0,2,1,6,1,43,7,1339,1,12,8,1,8
201601ZT80168,1,9,0,5,0,8,0,0,0,0,2,1,6,2,35,6,-1,-1,-1,9,1,9
201601ZT80168,2,9,0,10,0,8,0,0,0,0,2,1,6,2,41,7,-1,-1,-1,-1,-1,-1
201601ZT80168,3,9,0,18,0,8,0,0,0,0,3,1,6,1,63,9,2316,1,27,9,1,9
201601ZT80169,1,1,0,18,0,8,0,0,0,0,4,1,6,1,43,7,-1,-1,-1,-1,-1,-1
201601ZT80169,2,9,0,5,0,8,0,0,0,0,1,1,6,1,27,6,1299,1,11,6,1,6
201601ZT80173,1,9,0,9,0,8,0,0,0,0,1,1,6,1,73,10,-1,-1,-1,9,1,9
201601ZT80173,2,1,0,18,0,8,0,0,0,0,1,1,6,1,38,7,-1,-1,-1,6,1,6
201601ZT80174,1,9,0,4,0,0,0,0,0,0,2,1,6,2,27,6,1388,1,6,-1,-1,-1
201601ZT80174,2,9,0,4,0,0,0,0,0,0,2,1,6,2,31,6,1596,1,13,8,1,8
201601ZT80174,3,9,0,4,0,0,0,0,0,0,1,1,6,2,37,7,1299,1,13,-1,-1,-1
201601ZT80175,1,9,0,3,0,1,0,0,0,0,2,1,6,1,65,9,1493,2,14,4,1,4
201601ZT80175,2,9,0,4,0,1,0,0,0,0,1,1,6,1,-1,-1,1998,1,14,-1,-1,-1
201601ZT80176,1,9,0,18,0,8,0,0,0,0,0,1,6,2,36,7,-1,-1,-1,8,1,8
201601ZT80176,2,9,0,18,0,8,0,0,0,0,3,1,6,2,46,8,-1,-1,-1,-1,-1,-1
201601ZT80177,1,5,0,13,0,0,0,0,0,0,4,1,6,1,38,7,675,1,8,2,1,2
201601ZT80177,2,9,0,12,0,0,0,0,0,0,3,1,6,1,65,9,-1,-1,-1,-1,-1,-1
201601ZT80179,1,9,0,18,0,8,0,0,0,0,4,1,6,2,76,11,-1,-1,-1,9,1,9
201601ZT80185,1,9,0,18,0,2,0,0,0,0,0,1,6,2,60,9,-1,-1,-1,8,1,8
201601ZT80185,2,9,0,18,0,2,0,0,0,0,1,1,6,2,71,10,-1,-1,-1,10,1,10
201601ZT80185,3,9,0,18,0,2,0,0,0,0,1,1,6,2,71,10,2000,1,10,8,1,8
201601ZT80185,4,9,0,18,0,2,0,0,0,0,1,1,6,2,36,7,-1,-1,-1,9,1,9
201601ZT80186,1,90,0,1,0,8,0,0,0,0,2,1,1,1,-1,-1,-1,-1,-1,-1,-1,-1
201601ZT80186,2,9,0,4,0,8,0,0,0,0,1,1,6,1,-1,-1,-1,-1,-1,-1,-1,-1
201601ZT80186,3,9,0,3,0,8,0,0,0,0,1,1,6,2,44,7,1388,1,5,9,1,9
201601ZT80187,1,2,0,18,0,0,0,0,2,10,1,1,1,1,33,6,108,1,1,8,1,8
201601ZT80188,1,9,0,18,0,8,0,0,0,0,3,1,6,2,21,5,1229,1,1,9,1,9
201601ZT80188,2,9,0,9,0,8,0,0,0,0,1,1,6,1,-1,-1,-1,-1,-1,-1,-1,-1
201601ZT80189,1,5,0,9,0,8,0,0,0,0,0,1,6,1,36,7,-1,-1,-1,10,1,10
201601ZT80189,2,9,0,9,0,8,0,0,0,0,3,1,6,1,44,7,1590,1,15,4,1,4
201601ZT80190,1,9,0,18,0,8,0,0,0,0,4,1,6,1,23,5,-1,-1,-1,8,1,8
201601ZT80190,2,9,0,18,0,8,0,0,0,0,2,1,6,2,51,8,1498,1,8,10,1,10
201601ZT80191,1,9,0,10,0,8,0,0,0,0,2,1,6,1,43,7,1997,2,3,7,1,7
201601ZT80191,2,9,0,18,0,8,0,0,0,0,1,1,6,2,34,6,2401,2,12,9,1,9
201601ZT80192,1,9,0,18,0,0,0,0,0,0,1,1,6,1,22,5,1597,1,13,10,1,10
201601ZT80192,2,9,0,18,0,0,0,0,0,0,2,1,6,1,37,7,1896,2,7,7,1,7
201601ZT80192,3,9,0,18,0,0,0,0,0,0,2,1,6,1,43,7,1242,1,12,4,2,4
201601ZT80194,1,11,0,4,0,8,0,0,0,0,0,1,1,2,35,6,-1,-1,-1,8,1,8
201601ZT80195,1,9,0,9,0,8,0,0,0,0,3,1,1,1,40,7,1497,8,11,6,1,6
201601ZT80195,2,5,0,13,0,8,0,0,0,0,1,1,2,1,26,6,-1,-1,-1,4,1,4
201601ZT80196,1,9,0,5,0,8,0,0,0,0,3,1,6,2,22,5,1360,1,11,-1,-1,-1
201601ZT80196,2,9,0,18,0,1,0,0,0,0,2,1,6,2,21,5,1399,2,4,-1,-1,-1
201601ZT80198,1,9,0,18,0,2,1,0,0,0,1,1,6,2,21,5,2698,2,6,9,1,9
201601ZT80198,2,9,0,2,0,2,0,0,0,0,1,1,6,3,-1,-1,1587,1,10,2,1,2
201601ZT80198,3,9,0,2,0,2,0,0,0,0,3,1,6,3,-1,-1,-1,-1,-1,-1,-1,-1
201601ZT80198,4,9,0,2,0,2,0,0,0,0,3,1,6,3,-1,-1,998,1,10,8,1,8
201601ZT80199,1,9,0,18,0,8,0,0,0,0,1,1,6,1,41,7,1995,1,8,7,1,7
201601ZT80199,2,9,0,10,0,8,0,0,0,0,2,1,6,2,61,9,1596,1,4,10,1,10
201601ZT80200,1,9,0,18,0,0,0,0,0,0,3,1,6,2,24,5,1390,1,12,7,1,7
201601ZT80200,2,9,0,18,0,0,0,0,0,0,4,1,6,2,44,7,-1,-1,-1,8,1,8
201601ZT80201,1,9,0,16,0,8,0,0,0,0,4,1,6,1,-1,-1,-1,-1,-1,-1,-1,-1
201601ZT80202,1,9,0,18,0,0,0,0,0,0,1,1,6,3,-1,-1,-1,-1,-1,-1,-1,-1
201601ZT80203,1,9,0,18,0,0,0,0,0,0,1,1,6,1,66,10,1395,1,1,10,1,10
201601ZT80204,1,9,0,18,0,8,0,0,0,0,4,1,6,1,79,11,1198,1,13,10,1,10
201601ZT80204,2,9,0,9,0,8,0,0,0,0,1,1,6,2,26,6,1197,1,1,-1,-1,-1
201601ZT80206,1,9,0,4,0,0,0,0,0,0,2,1,6,1,31,6,1956,2,1,3,1,3
201601ZT80206,2,9,0,4,0,0,0,0,0,0,1,1,6,1,-1,-1,-1,-1,-1,-1,-1,-1
201601ZT80211,1,3,0,18,0,0,0,0,0,0,1,1,6,1,23,5,-1,-1,-1,5,1,5
201601ZT80211,2,9,0,18,0,0,0,0,0,0,1,1,6,2,41,7,1598,1,10,8,1,8
201601ZT80213,1,9,0,5,0,8,0,0,0,0,4,1,6,2,34,6,1229,1,4,10,2,10
201601ZT80213,2,19,0,5,0,8,0,0,0,0,2,1,6,1,22,5,-1,-1,-1,10,1,10
201601ZT80214,1,9,0,18,0,0,0,0,0,0,4,1,2,2,49,8,-1,-1,-1,5,1,5
201601ZT80214,2,9,0,8,0,0,0,0,0,0,1,1,2,2,36,7,-1,-1,-1,7,1,7
201601ZT80215,1,9,0,18,0,8,0,0,0,0,4,1,6,3,-1,-1,-1,-1,-1,-1,-1,-1
201601ZT80215,2,2,0,18,0,8,0,0,0,0,1,1,6,1,19,4,49,1,11,3,1,3
201601ZT80216,1,9,0,7,0,8,0,10,1,2,1,1,6,2,48,8,1753,2,7,4,1,4
201601ZT80219,1,11,0,1,0,8,0,10,3,10,3,1,6,3,-1,-1,6370,2,4,-1,-1,-1
201601ZT80221,1,9,0,18,0,8,0,0,0,0,2,1,1,1,50,8,1910,2,9,-1,-1,-1
201601ZT80221,2,9,0,18,0,8,0,0,0,0,1,1,6,1,40,7,1598,1,11,6,1,6
201601ZT80222,1,9,0,4,0,2,0,0,0,0,1,1,6,1,60,9,3199,1,12,6,1,6
201601ZT80223,1,9,0,9,0,2,0,0,0,0,0,1,6,1,59,9,1798,8,1,7,1,7
201601ZT80224,1,9,0,9,0,8,0,0,0,0,1,1,6,2,25,5,1298,1,14,7,1,7
201601ZT80224,2,9,0,18,0,8,0,0,0,0,1,1,6,2,21,5,1242,1,16,6,1,6
201601ZT80225,1,9,0,4,0,8,0,0,0,0,2,1,6,1,41,7,1386,1,4,5,1,5
201601ZT80225,2,9,0,4,0,8,0,0,0,0,2,1,6,3,-1,-1,1995,2,7,5,1,5
201601ZT80227,1,9,0,9,0,8,0,0,0,0,4,1,6,2,81,11,1798,1,1,10,1,10
201601ZT80227,2,1,0,18,0,8,0,0,0,0,1,1,6,1,13,3,-1,-1,-1,10,1,10
201601ZT80229,1,9,0,7,0,8,0,0,0,0,1,1,6,2,46,8,1968,2,12,9,1,9
201601ZT80229,2,9,0,18,0,8,0,0,0,0,1,1,6,1,26,6,1796,1,8,7,1,7
201601ZT80231,1,9,0,9,0,8,0,0,0,0,1,1,6,2,48,8,-1,-1,-1,3,1,3
201601ZT80231,2,1,0,18,0,8,0,0,0,0,4,1,6,1,44,7,-1,-1,-1,-1,-1,-1
201601ZT80232,1,11,0,9,0,8,0,0,0,0,3,1,6,1,54,8,6700,2,7,10,1,10
201601ZT80232,2,1,0,18,0,8,0,0,0,0,1,1,6,2,48,8,-1,-1,-1,9,1,9
201601ZT80234,1,9,0,18,0,8,0,0,0,0,1,1,2,1,26,6,1596,1,12,4,1,4
201601ZT80234,2,1,0,18,0,8,0,0,0,0,1,1,6,1,30,6,-1,-1,-1,8,1,8
201601ZT80236,1,9,0,7,0,8,0,0,0,0,2,1,6,1,46,8,1995,2,9,10,1,10
201601ZT80236,2,9,0,7,0,8,0,0,0,0,1,1,6,1,58,9,1995,2,14,8,1,8
201601ZT80238,1,9,0,18,0,1,0,0,0,0,4,1,6,2,48,8,999,1,19,3,1,3
201601ZT80238,2,9,0,15,0,1,0,0,0,0,3,1,6,2,-1,-1,-1,-1,-1,-1,-1,-1
201601ZT80239,1,3,0,4,0,0,1,0,0,0,1,1,6,1,17,4,125,1,4,9,1,9
201601ZT80239,2,9,0,4,0,0,0,0,0,0,2,1,6,3,-1,-1,2398,1,16,-1,-1,-1
201601ZT80240,1,9,0,18,0,0,0,0,0,0,4,1,6,1,37,7,1968,2,7,6,1,6
201601ZT80241,1,9,0,4,0,1,0,0,0,0,1,1,6,2,50,8,1388,1,4,9,1,9
201601ZT80242,1,9,0,14,0,2,0,0,0,0,4,1,6,2,26,6,1968,2,9,5,1,5
201601ZT80245,1,9,0,18,0,8,0,0,0,0,1,1,6,1,47,8,1242,1,15,1,1,1
201601ZT80245,2,9,0,9,0,8,0,0,0,0,1,1,6,1,36,7,1240,1,13,1,1,1
201601ZT80246,1,9,0,4,0,0,0,0,0,0,2,1,6,2,52,8,1242,1,12,8,1,8
201601ZT80246,2,9,0,4,0,0,0,0,0,0,1,1,1,1,46,8,1686,2,8,3,1,3
201601ZT80248,1,9,0,4,0,1,1,0,0,0,1,1,6,2,58,9,1149,1,3,8,1,8
201601ZT80248,2,9,0,4,0,1,0,0,0,0,2,1,6,1,47,8,2400,2,2,9,1,9
201601ZT80250,1,9,0,9,0,8,0,0,0,0,2,1,6,1,18,4,1364,1,1,2,1,2
201601ZT80250,2,2,0,18,0,8,0,0,0,0,1,1,6,1,-1,-1,49,1,15,-1,-1,-1
201601ZT80252,1,11,0,4,3,8,0,0,0,0,0,1,6,1,55,8,6700,2,7,2,1,2
201601ZT80253,1,9,0,18,0,2,0,0,0,0,1,1,6,1,45,7,1956,2,4,2,1,2
201601ZT80253,2,9,0,18,0,2,0,0,0,0,3,1,6,2,38,7,1997,2,6,4,1,4
201601ZT80253,3,9,0,18,0,1,0,0,0,0,3,1,6,2,64,9,1364,2,7,5,1,5
201601ZT80254,1,5,0,18,0,8,0,0,0,0,1,1,6,1,29,6,599,1,10,2,1,2
201601ZT80254,2,9,0,9,0,8,0,0,0,0,1,1,6,1,69,10,2435,1,11,3,1,3
201601ZT80256,1,9,4,18,0,2,0,0,0,0,4,1,6,1,22,5,-1,-1,-1,9,1,9
201601ZT80257,1,9,0,4,0,1,0,0,0,0,2,1,6,1,22,5,1397,1,9,7,1,7
201601ZT80257,2,9,0,4,0,1,0,0,0,0,1,1,6,1,22,5,1360,1,16,7,1,7
201601ZT80262,1,9,0,7,0,8,0,0,0,0,4,1,6,2,62,9,999,1,-1,10,1,10
201601ZT80263,1,9,0,18,0,0,0,10,7,4,1,1,6,2,26,6,1390,1,10,10,1,10
201601ZT80263,2,9,0,18,0,0,0,0,0,0,4,1,6,2,19,4,-1,-1,-1,9,1,9
201601ZT80264,1,9,0,18,0,0,0,0,0,0,4,1,6,2,62,9,1390,1,5,8,1,8
201601ZT80264,2,19,0,18,0,0,0,4,0,0,3,1,1,1,50,8,2143,2,2,5,1,5
201601ZT80264,3,9,0,5,0,0,0,0,0,0,1,1,6,2,29,6,998,1,4,5,1,5
201601ZT80264,4,9,0,2,0,0,0,0,0,0,3,1,6,3,-1,-1,-1,-1,-1,-1,-1,-1
201601ZT80265,1,9,0,17,0,8,0,0,0,0,3,1,6,1,30,6,1364,1,9,1,1,1
201601ZT80265,2,9,0,9,0,5,0,0,0,0,3,1,6,1,-1,-1,1984,1,13,8,1,8
201601ZT80267,1,9,0,4,0,1,0,0,0,0,2,1,6,2,25,5,1910,2,7,4,1,4
201601ZT80267,2,21,0,18,0,1,0,0,0,0,1,1,1,1,36,7,5880,2,10,5,1,5
201601ZT80268,1,9,0,18,0,2,0,0,0,0,4,1,6,1,58,9,1998,1,12,5,1,5
201601ZT80272,1,9,0,9,0,6,0,0,0,0,4,1,6,2,22,5,1229,1,1,4,1,4
201601ZT80272,2,9,0,18,0,8,0,0,0,0,1,1,6,1,31,6,998,1,14,4,2,4
201601ZT80273,1,9,0,12,0,8,0,0,0,0,1,1,6,1,34,6,2799,1,18,9,1,9
201601ZT80273,2,3,0,18,0,8,1,0,0,0,2,1,6,1,21,5,689,1,2,-1,1,-1
201601ZT80274,1,5,0,14,0,8,0,0,0,0,1,1,2,1,22,5,689,1,1,-1,-1,-1
201601ZT80274,2,9,0,9,0,6,0,0,0,0,3,1,6,1,19,4,1149,1,8,7,3,7
201601ZT80275,1,9,0,18,0,8,0,0,0,0,1,1,6,2,67,10,1968,2,3,-1,-1,-1
201601ZT80275,2,9,0,18,0,8,0,0,0,0,1,1,2,1,67,10,1364,1,2,8,1,8
201601ZT80275,3,9,0,9,0,8,0,0,0,0,2,1,6,1,72,10,999,1,4,4,1,4
201601ZT80279,1,9,0,4,0,0,0,0,0,0,1,1,6,2,18,4,1242,1,4,4,1,4
201601ZT80279,2,9,0,3,0,0,0,0,0,0,2,1,6,1,53,8,2987,2,2,10,1,10
201601ZT80281,1,9,0,3,0,2,0,0,0,0,2,1,6,2,60,9,-1,-1,-1,9,1,9
201601ZT80281,2,9,0,18,0,2,0,0,0,0,1,1,6,2,-1,-1,-1,-1,-1,-1,-1,-1
201601ZT80282,1,9,0,3,0,0,0,0,0,0,2,1,6,1,-1,-1,1360,1,7,6,1,6
201601ZT80282,2,9,0,3,0,0,0,0,0,0,2,1,6,2,40,7,-1,-1,-1,7,1,7
201601ZT80282,3,9,0,18,0,0,0,0,0,0,1,1,6,2,31,6,1390,1,4,6,1,6
201601ZT80284,1,9,0,4,0,0,0,0,0,0,2,1,6,2,26,6,3800,1,5,10,1,10
201601ZT80284,2,9,0,4,0,0,0,0,0,0,1,1,6,2,42,7,1997,2,10,6,1,6
201601ZT80286,1,9,0,10,0,8,0,0,0,0,2,1,6,2,27,6,1598,1,9,9,1,9
201601ZT80286,2,9,0,18,0,8,0,0,0,0,1,1,6,1,-1,-1,1998,2,7,-1,-1,-1
201601ZT80287,1,9,0,16,0,2,0,0,0,0,1,1,6,2,53,8,1968,2,2,2,1,2
201601ZT80287,2,9,0,16,0,2,0,0,0,0,2,1,6,1,32,6,1598,1,14,2,1,2
201601ZT80289,1,9,0,18,0,0,0,10,1,10,1,1,6,2,56,9,2800,2,22,6,1,6
201601ZT80290,1,9,0,18,0,8,0,0,0,0,4,1,6,1,40,7,2143,2,4,3,1,3
201601ZT80290,2,9,0,18,0,8,0,4,0,0,1,1,6,1,-1,-1,1995,1,9,-1,-1,-1
201601ZT80290,3,9,0,2,0,8,0,0,0,0,2,1,6,1,30,6,1968,2,11,2,1,2
201601ZT80294,1,9,0,9,0,8,0,0,0,0,2,1,6,2,51,8,1200,1,13,8,1,8
201601ZT80294,2,19,0,7,0,8,0,0,0,0,1,1,6,1,-1,-1,-1,-1,-1,-1,-1,-1
201601ZT80297,1,9,0,6,0,0,0,0,0,0,3,1,6,2,18,4,1242,1,4,10,1,10
201601ZT80297,2,9,0,18,0,0,0,0,0,0,1,1,6,2,26,6,599,1,13,-1,-1,-1
201601ZT80298,1,5,0,18,0,8,5,0,1,9,1,1,6,1,27,6,-1,-1,-1,6,1,6
201601ZT80298,2,9,0,18,0,8,2,0,0,0,1,1,6,2,45,7,1598,1,10,4,1,4
201601ZT80299,1,9,0,6,0,8,0,0,0,0,3,1,6,1,38,7,1997,2,12,8,1,8
201601ZT80299,2,9,0,18,0,8,0,0,0,0,1,1,6,2,26,6,1461,2,4,3,1,3
201601ZT80300,1,5,0,18,0,8,0,0,0,0,4,1,6,1,53,8,1043,1,2,10,1,10
201601ZT80300,2,9,0,18,0,8,0,0,0,0,1,1,6,2,34,6,1364,1,11,7,1,7
201601ZT80301,1,1,0,18,0,0,0,0,0,0,4,1,6,1,76,11,-1,-1,-1,6,1,6
201601ZT80301,2,1,0,18,0,0,0,0,0,0,3,1,6,1,71,10,-1,-1,-1,4,1,4
201601ZT80302,1,9,0,1,0,0,0,0,0,0,3,1,6,3,-1,-1,1769,1,13,-1,-1,-1
201601ZT80307,1,9,0,9,0,8,0,0,0,0,4,1,6,1,34,6,3222,2,12,6,1,6
201601ZT80307,2,2,0,18,0,8,0,0,0,0,1,1,6,1,19,4,-1,-1,-1,-1,-1,-1
201601ZT80313,1,9,0,16,0,0,0,0,0,0,1,1,6,2,18,4,998,1,6,-1,-1,-1
201601ZT80313,2,19,0,17,0,0,0,0,0,0,1,1,6,1,-1,-1,1686,2,9,-1,-1,-1
201601ZT80320,1,9,0,1,0,8,0,0,0,0,2,1,6,1,21,5,-1,-1,-1,10,1,10
2016030044842,1,9,0,7,0,5,0,0,0,0,1,1,1,1,56,9,1997,2,5,3,1,3
2016030044842,2,1,0,15,0,8,0,0,0,0,1,1,2,1,30,6,-1,-1,-1,1,1,1
2016030044882,1,9,0,18,0,0,0,0,0,0,1,1,6,1,58,9,1995,2,6,7,2,7
2016030044933,1,9,0,5,0,0,0,0,0,0,4,1,6,2,77,11,1242,1,8,7,1,7
2016030044953,1,9,0,9,0,7,1,0,0,0,1,1,6,1,38,7,1997,2,10,-1,-1,-1
2016030044953,2,21,1,18,0,1,0,0,0,0,1,1,1,1,68,10,12780,2,10,8,3,8
2016030044992,1,9,0,17,0,0,2,0,7,0,0,1,6,1,19,4,-1,-1,-1,5,3,5
2016030045001,1,19,0,17,0,0,2,0,1,0,1,1,1,1,59,9,1896,2,7,5,1,5
2016030045014,1,9,0,18,0,1,0,0,0,0,4,1,6,1,76,11,1198,1,3,8,1,8
2016030045027,1,9,0,4,0,0,0,0,0,0,1,1,6,1,31,6,1598,1,1,-1,-1,-1
2016030045027,2,9,0,4,0,0,0,0,0,0,2,1,1,1,33,6,-1,-1,-1,3,1,3
2016030045163,1,9,0,2,0,0,0,0,0,0,3,1,6,3,-1,-1,-1,-1,-1,-1,-1,-1
2016030045163,2,1,0,18,0,0,0,0,0,0,4,1,1,1,29,6,-1,-1,-1,3,1,3
2016030045174,1,21,1,4,0,0,0,0,0,0,1,1,1,1,36,7,11967,2,5,4,1,4
2016030045174,2,21,1,4,0,0,0,0,0,0,2,1,1,1,36,7,11120,2,1,2,2,2
2016030045229,1,9,0,11,0,0,0,0,0,0,4,1,6,1,28,6,1248,2,7,-1,-1,-1
2016030045229,2,9,0,18,0,0,0,0,0,0,3,1,6,1,34,6,1398,1,1,7,2,7
2016030045295,1,9,0,5,0,4,0,0,0,0,3,1,5,1,64,9,1598,2,2,5,1,5
2016030045295,2,9,0,18,0,4,0,0,0,0,4,1,5,1,57,9,1968,2,3,9,1,9
2016030045342,1,1,0,18,0,8,0,0,0,0,1,1,5,2,29,6,-1,-1,-1,7,2,7
2016030045398,1,9,0,18,0,0,1,0,7,0,4,1,5,1,26,6,1781,1,13,-1,-1,-1
2016030045426,1,9,0,18,0,0,0,0,0,0,1,1,6,2,35,6,1149,1,5,1,1,1
2016030045426,2,9,0,18,0,0,0,0,0,0,1,1,6,1,61,9,-1,-1,-1,6,3,6
2016030045426,3,9,0,18,0,0,0,0,0,0,1,1,6,1,48,8,1242,1,13,9,1,9
2016030045426,4,9,0,18,0,0,0,0,0,0,1,1,6,2,57,9,1242,1,13,-1,1,-1
2016030045461,1,9,0,18,0,0,0,0,0,0,1,1,6,2,20,4,998,1,6,6,3,6
2016030045461,2,9,0,18,0,0,0,0,0,0,1,1,6,1,19,4,1984,1,11,7,3,7
2016030045480,1,9,0,2,0,0,0,0,0,0,1,1,6,3,-1,-1,-1,-1,-1,-1,-1,-1
2016030045480,2,9,0,18,0,0,0,0,0,0,4,1,6,2,20,4,1329,1,4,3,1,3
2016030045574,1,9,0,18,0,0,0,0,0,0,1,1,1,2,18,4,1598,2,2,4,2,4
2016030045574,2,9,0,18,0,0,0,0,0,0,2,1,1,2,56,9,996,1,6,3,2,3
2016030045574,3,9,0,18,0,0,0,0,0,0,2,1,1,1,31,6,1364,2,6,3,2,3
2016030045635,1,9,0,3,9,0,0,0,0,0,1,1,6,2,43,7,1229,1,9,1,1,1
2016030045636,1,9,0,18,0,0,0,0,0,0,1,1,1,2,30,6,-1,-1,-1,-1,-1,-1
2016030045636,2,9,0,4,0,0,0,0,0,0,2,1,2,2,34,6,1596,1,7,6,2,6
2016030045745,1,9,0,5,0,1,0,0,0,0,1,1,6,1,53,8,998,1,2,6,3,6
2016030045745,2,9,0,18,0,1,0,0,0,0,2,1,6,2,30,6,1242,1,2,4,2,4
2016030045745,3,9,0,18,0,1,0,0,0,0,2,1,6,2,20,4,1242,1,3,9,1,9
2016030045745,4,9,0,18,0,1,0,0,0,0,2,1,6,1,78,11,998,1,15,2,2,2
2016030045770,1,9,0,5,0,1,0,0,0,0,1,1,6,1,79,11,-1,-1,-1,3,1,3
2016030045806,1,9,0,1,0,4,0,0,0,0,2,1,6,1,45,7,1560,2,8,2,1,2
2016030045830,1,9,0,1,0,0,0,0,0,0,2,1,6,3,-1,-1,-1,-1,-1,-1,-1,-1
2016030045832,1,9,0,18,0,0,0,12,0,0,1,1,1,1,26,6,-1,-1,-1,-1,1,-1
2016030045886,1,9,0,6,0,0,0,0,0,0,2,1,6,1,20,4,1586,1,9,3,1,3
2016030045886,2,9,0,18,0,0,0,0,0,0,1,1,6,2,28,6,1598,1,14,4,1,4
2016030045899,1,9,0,17,0,0,0,0,0,0,1,1,6,1,30,6,1749,1,15,4,2,4
2016030045899,2,9,0,18,0,0,0,0,0,0,1,1,6,1,49,8,1995,2,6,6,2,6
2016030045906,1,9,0,9,0,6,0,0,0,0,1,1,6,1,71,10,1799,1,5,8,2,8
2016030045912,1,9,0,17,0,0,1,0,7,7,1,1,6,2,23,5,1968,2,5,9,2,9
2016030045930,1,9,0,9,0,1,0,0,0,0,4,1,2,2,17,4,875,1,5,9,3,9
2016030045930,2,9,0,18,0,1,0,0,0,0,1,1,6,2,61,9,1956,2,3,2,1,2
2016030046061,1,9,0,16,0,0,0,0,0,0,0,1,6,1,26,6,996,1,1,3,1,3
2016030046119,1,9,0,18,0,5,0,0,0,0,3,1,6,1,58,9,999,1,2,-1,-1,-1
2016030046129,1,3,0,18,0,0,1,0,1,0,1,1,6,1,17,4,125,1,1,6,2,6
2016030046155,1,9,0,4,0,0,0,0,0,0,1,1,6,1,45,7,1910,2,9,1,2,1
2016030046155,2,9,0,4,0,0,0,0,0,0,1,1,6,2,18,4,1198,1,5,7,3,7
2016030046155,3,9,0,4,0,0,0,0,0,0,2,1,6,2,48,8,1396,2,6,8,1,8
2016030046194,1,9,0,17,0,0,1,0,7,0,3,1,6,1,20,4,1910,2,9,1,2,1
2016030046200,1,9,0,18,0,0,2,0,0,0,1,1,6,1,36,7,1798,1,8,8,1,8
2016030046212,1,9,0,18,0,0,0,0,0,0,1,1,6,1,56,9,-1,-1,-1,5,1,5
2016030046212,2,9,0,18,0,0,0,0,0,0,2,1,6,2,52,8,1206,1,3,6,2,6
2016030046212,3,9,0,18,0,0,0,0,0,0,2,1,6,1,53,8,2179,2,4,8,1,8
2016030046212,4,9,0,18,0,0,0,0,0,0,3,1,6,1,38,7,-1,-1,-1,3,1,3
2016030046247,1,9,0,5,0,0,0,0,0,0,1,1,2,1,36,7,2800,2,22,4,3,4
2016030046247,2,9,0,18,0,0,0,0,0,0,1,1,6,2,42,7,1399,2,4,6,2,6
2016030046344,1,9,0,18,0,0,1,0,0,0,1,1,6,1,21,5,1988,1,15,5,1,5
2016030046344,2,98,0,18,0,0,0,0,0,0,2,1,6,1,30,6,-1,-1,-1,5,2,5
2016030046411,1,9,0,18,0,0,0,0,0,0,1,1,6,2,80,11,1248,1,3,3,2,3
2016030046431,1,9,0,18,0,0,0,0,0,0,4,1,6,3,30,6,-1,-1,-1,-1,-1,-1
2016030046431,2,9,0,18,0,0,0,0,1,0,1,1,1,1,18,4,1229,1,4,6,2,6
2016030046434,1,9,0,7,0,4,0,0,0,0,1,1,6,1,40,7,1796,1,10,2,1,2
2016030046434,2,1,0,18,0,8,0,0,0,0,1,1,6,1,47,8,-1,-1,-1,2,1,2
2016030046462,1,9,0,18,0,0,0,10,1,0,4,1,6,2,18,4,-1,-1,-1,7,3,7
2016030046474,1,9,0,7,0,0,0,0,0,0,3,1,6,2,76,11,1248,1,5,6,3,6
2016030046474,2,9,0,18,0,0,0,0,0,0,1,1,6,2,23,5,-1,-1,-1,10,1,10
2016030046486,1,9,0,1,0,0,0,0,0,0,2,1,6,1,52,8,1493,2,8,1,2,1
2016030046502,1,3,0,18,5,0,0,0,0,0,1,1,6,1,30,6,124,1,3,9,1,9
2016030046507,1,9,0,6,9,0,0,0,0,0,1,1,1,1,47,8,1398,2,12,3,1,3
2016030046591,1,9,0,7,0,1,0,0,0,0,1,1,6,1,74,10,1796,1,11,1,1,1
2016030046657,1,9,0,9,0,5,0,0,0,0,1,1,6,1,56,9,-1,-1,-1,10,1,10
2016030046657,2,9,0,18,0,8,0,0,0,0,1,1,6,2,53,8,1598,1,11,7,1,7
2016030046688,1,9,0,17,0,0,0,10,1,4,1,1,6,1,18,4,1198,1,6,6,3,6
2016030046712,1,9,0,13,0,0,0,0,0,0,4,1,6,3,30,6,-1,-1,-1,-1,-1,-1