Accident_Index,Vehicle_Reference,Vehicle_Type,Towing_and_Articulation,Vehicle_Manoeuvre,Vehicle_Location-Restricted_Lane,Junction_Location,Skidding_and_Overturning,Hit_Object_in_Carriageway,Vehicle_Leaving_Carriageway,Hit_Object_off_Carriageway,1st_Point_of_Impact,Was_Vehicle_Left_Hand_Drive?,Journey_Purpose_of_Driver,Sex_of_Driver,Age_of_Driver,Age_Band_of_Driver,Engine_Capacity_(CC),Propulsion_Code,Age_of_Vehicle,Driver_IMD_Decile,Driver_Home_Area_Type,Vehicle_IMD_Decile
2016030046712,2,1,0,18,0,0,0,0,0,0,3,1,1,1,28,6,-1,-1,-1,2,1,2
2016030046718,1,9,0,18,0,0,2,0,1,0,1,1,2,1,17,4,1229,1,9,5,3,5
2016030046720,1,17,4,10,0,0,0,0,0,0,3,1,1,1,19,4,-1,2,9,-1,-1,-1
2016030046720,2,1,0,13,0,0,0,0,7,0,4,1,6,2,52,8,-1,-1,-1,6,3,6
2016030046754,1,3,0,3,0,0,0,0,0,0,1,1,2,1,18,4,125,1,1,4,2,4
2016030046754,2,19,0,9,0,0,0,0,0,0,3,1,2,1,24,5,1248,2,1,-1,-1,-1
2016030046763,1,9,0,18,0,0,5,0,1,0,1,1,6,1,50,8,2497,2,18,6,1,6
2016030046776,1,9,0,2,9,0,0,10,1,0,1,1,6,1,40,7,1396,1,2,6,3,6
2016030046780,1,9,0,16,0,0,5,0,1,0,1,1,6,1,33,6,1389,1,11,3,2,3
2016030046784,1,9,0,9,0,0,0,0,0,0,3,1,6,2,19,4,996,1,3,4,3,4
2016030046784,2,9,0,18,0,0,0,0,0,0,1,1,6,1,37,7,1598,2,5,-1,3,-1
2016030046791,1,9,0,18,0,0,0,0,0,0,1,1,5,1,42,7,1997,1,2,9,1,9
2016030046791,2,2,0,18,0,0,0,0,0,0,2,1,5,1,17,4,49,1,1,9,1,9
2016030046830,1,9,0,18,0,0,0,0,0,0,1,1,6,1,80,11,1995,2,8,4,1,4
2016030046837,1,9,0,18,0,0,0,0,0,0,1,1,6,2,18,4,-1,-1,-1,6,2,6
2016030046837,2,9,0,4,0,0,0,0,0,0,2,1,6,1,19,4,-1,-1,-1,3,2,3
2016030046837,3,9,0,4,0,0,0,0,0,0,2,1,6,1,56,9,1753,2,9,1,1,1
2016030046846,1,9,0,5,0,0,0,0,0,0,1,1,6,1,45,7,1399,2,6,6,3,6
2016030046846,2,9,0,3,0,0,0,0,0,0,2,1,6,2,39,7,1198,1,2,7,3,7
2016030046854,1,9,0,18,0,8,1,0,0,0,0,1,6,1,43,7,1998,1,14,9,1,9
2016030046854,2,9,0,18,0,8,1,0,0,0,0,1,6,2,44,7,1968,2,8,-1,2,-1
2016030046856,1,9,0,9,0,6,0,0,0,0,1,1,5,1,19,4,1560,2,6,-1,-1,-1
2016030046856,2,9,0,18,0,8,0,0,0,0,1,1,1,2,23,5,1229,1,9,1,1,1
2016030046871,1,9,0,17,0,0,0,0,1,0,1,1,6,1,23,5,-1,-1,-1,3,1,3
2016030046887,1,9,0,18,0,0,0,0,0,0,0,1,6,3,-1,-1,-1,-1,-1,-1,-1,-1
2016030046892,1,9,0,18,0,0,1,0,4,0,1,1,6,2,24,5,2993,2,11,-1,3,-1
2016030046892,2,9,0,18,0,0,1,0,1,0,2,1,6,2,29,6,1596,1,2,2,1,2
2016030046892,3,9,0,18,0,0,1,1,1,0,1,1,6,1,54,8,1398,2,9,3,1,3
2016030046894,1,9,0,18,0,1,0,0,0,0,4,1,6,2,46,8,1364,2,10,2,1,2
2016030046941,1,9,0,9,0,0,0,0,0,0,1,1,6,1,24,5,1968,2,7,-1,-1,-1
2016030046941,2,9,0,18,0,0,0,0,0,0,1,1,6,1,17,4,-1,-1,-1,7,2,7
2016030046947,1,9,0,1,9,0,0,0,0,0,2,1,3,3,-1,-1,1461,2,3,-1,-1,-1
2016030046952,1,9,0,18,0,0,1,0,0,0,1,1,6,1,37,7,1998,2,14,-1,-1,-1
2016030046952,2,9,0,18,0,0,0,0,0,0,1,1,6,1,61,9,1896,2,8,4,3,4
2016030047108,1,9,0,9,0,0,0,0,0,0,0,1,1,1,31,6,-1,-1,-1,-1,-1,-1
2016030047174,1,90,1,18,0,0,0,0,0,0,1,1,1,1,51,8,-1,-1,-1,-1,-1,-1
2016030047174,2,9,0,17,0,0,0,0,1,0,1,1,2,2,54,8,1596,1,16,8,3,8
2016030047358,1,9,0,18,0,0,0,0,0,0,1,1,6,1,74,10,999,1,5,7,3,7
2016030047358,2,19,0,18,0,0,0,0,0,0,1,1,1,1,51,8,2402,2,10,6,3,6
2016030047460,1,9,0,18,0,0,0,0,0,0,1,1,6,1,30,6,1461,2,12,-1,-1,-1
2016030047460,2,9,0,18,0,0,0,0,0,0,4,1,6,1,35,6,1396,1,11,1,2,1
2016030047482,1,9,0,18,0,0,1,0,7,0,2,1,6,1,50,8,1396,1,5,6,3,6
2016030047488,1,9,0,17,0,0,1,0,1,0,1,1,6,1,31,6,1968,2,8,5,2,5
2016030047488,2,9,0,18,0,0,0,0,0,0,1,1,6,1,20,4,998,1,15,5,3,5
2016030047507,1,21,4,2,0,0,0,0,0,0,2,1,1,1,35,6,6700,2,1,3,1,3
2016030047507,2,9,0,18,0,0,0,4,0,0,1,1,6,2,22,5,1242,1,6,5,2,5
2016030047511,1,9,0,18,0,0,1,0,8,0,4,1,6,2,46,8,2402,2,6,4,1,4
2016030047526,1,9,0,5,0,0,0,0,0,0,1,1,6,1,92,11,1389,1,20,4,1,4
2016030047526,2,9,0,18,0,0,0,0,0,0,1,1,2,1,51,8,-1,-1,-1,3,3,3
2016030047527,1,9,0,5,0,1,0,0,0,0,1,1,6,1,78,11,1895,1,17,1,1,1
2016030047527,2,1,0,17,0,1,0,0,0,0,2,1,6,1,21,5,-1,-1,-1,5,1,5
2016030047530,1,9,0,9,0,8,0,0,0,0,1,1,6,3,-1,-1,-1,-1,-1,-1,-1,-1
2016030047530,2,9,0,8,0,8,0,0,0,0,4,1,2,2,49,8,1197,1,1,5,1,5
2016030047535,1,9,0,16,0,3,0,0,0,0,1,1,2,1,26,6,1995,2,4,6,2,6
2016030047548,1,9,0,7,0,6,0,0,0,0,1,1,6,1,57,9,1994,2,13,6,3,6
2016030047548,2,9,0,18,0,1,0,0,7,0,1,1,6,1,27,6,2435,1,15,3,1,3
2016030047551,1,9,0,18,0,2,0,0,0,0,1,1,2,1,44,7,1796,1,17,-1,-1,-1
2016030047551,2,11,0,18,0,2,0,0,0,0,3,1,3,2,51,8,-1,2,26,-1,-1,-1
2016030047573,1,19,0,18,0,0,0,0,0,0,1,1,6,1,45,7,2198,2,1,6,2,6
2016030047573,2,9,0,4,0,0,0,0,0,0,2,1,6,1,70,10,1560,2,1,4,1,4
2016030047573,3,9,0,4,0,0,0,0,0,0,2,1,6,1,31,6,1988,1,13,4,1,4
2016030047574,1,9,0,14,0,8,0,0,0,0,0,1,1,1,52,8,-1,-1,-1,9,1,9
2016030047574,2,9,0,18,0,8,0,0,0,0,0,1,6,1,39,7,1597,2,2,3,2,3
2016030047576,1,9,0,9,0,5,0,0,0,0,1,1,1,1,28,6,1199,2,2,5,2,5
2016030047576,2,9,0,18,0,1,1,0,0,0,1,1,6,2,53,8,1968,2,9,3,2,3
2016030047576,3,9,0,18,0,1,1,0,0,0,1,1,6,1,52,8,1997,2,2,7,3,7
2016030047577,1,9,0,18,0,0,0,0,0,0,1,1,6,1,25,5,1461,2,14,-1,-1,-1
2016030047579,1,9,0,18,0,0,0,0,0,0,1,1,6,1,68,10,1596,1,15,7,2,7
2016030047580,1,9,0,18,0,0,0,0,0,0,1,1,6,3,-1,-1,-1,-1,-1,-1,-1,-1
2016030047580,2,1,0,18,0,0,0,0,0,0,2,1,6,1,41,7,-1,-1,-1,4,1,4
2016030047581,1,9,0,4,0,0,0,0,0,0,2,1,6,1,48,8,-1,-1,-1,6,1,6
2016030047581,2,9,0,18,0,0,0,0,0,0,1,1,6,1,22,5,1197,1,1,7,3,7
2016030047584,1,9,0,4,0,0,0,0,0,0,1,1,1,1,34,6,-1,-1,-1,2,2,2
2016030047584,2,9,0,4,0,0,0,0,0,0,2,1,1,1,55,8,1560,2,3,1,1,1
2016030047584,3,9,0,4,0,0,0,0,0,0,2,1,1,1,42,7,996,1,2,7,3,7
2016030047703,1,9,0,18,0,8,0,0,0,0,1,1,6,3,-1,-1,-1,-1,-1,-1,-1,-1
2016030047703,2,1,0,18,0,8,0,0,0,0,1,1,2,1,32,6,-1,-1,-1,9,1,9
2016030047704,1,9,0,18,0,0,0,0,0,0,4,1,6,1,50,8,-1,-1,-1,-1,-1,-1
2016030047716,1,9,0,17,0,1,1,0,0,0,1,1,6,2,22,5,1086,1,10,7,2,7
2016030047725,1,20,0,4,0,0,0,0,0,0,1,1,1,1,47,8,4462,2,3,7,1,7
2016030047725,2,9,0,4,0,0,0,0,0,0,2,1,2,1,44,7,2495,2,15,1,1,1
2016030047753,1,9,0,13,0,1,0,0,0,0,1,1,6,1,42,7,1896,2,14,4,1,4
2016030047753,2,9,0,18,0,2,0,0,0,0,2,1,6,2,41,7,1968,2,9,8,1,8
2016030047762,1,9,0,17,0,0,1,0,2,0,1,1,6,1,64,9,1968,2,5,5,3,5
2016030047785,1,98,0,1,0,0,0,0,0,0,2,1,6,1,50,8,-1,-1,-1,-1,-1,-1
2016030047785,2,1,0,3,0,0,0,0,0,0,1,1,6,2,33,6,-1,-1,-1,7,3,7
2016030047822,1,9,0,9,0,1,0,0,0,0,1,1,6,1,21,5,1995,2,8,4,2,4
2016030047822,2,1,0,18,0,1,0,0,0,0,1,1,6,1,19,4,-1,-1,-1,2,2,2
2016030047823,1,9,0,17,0,8,0,0,0,0,1,1,6,1,21,5,-1,-1,-1,6,3,6
2016030047841,1,9,0,9,0,5,0,0,0,0,1,1,6,1,36,7,1398,1,3,3,1,3
2016030047841,2,3,0,9,0,5,0,0,0,0,2,1,2,1,20,4,124,1,1,3,1,3
2016030047855,1,9,0,17,0,0,2,0,2,0,1,1,6,2,50,8,1868,2,14,4,3,4
2016030047862,1,9,0,16,0,0,1,0,0,0,1,1,6,1,51,8,1596,1,7,8,3,8
2016030047862,2,9,0,17,0,0,0,0,1,0,1,1,6,1,61,9,2179,2,5,6,1,6
2016030047889,1,9,0,4,0,0,1,0,0,0,1,1,6,1,81,11,1461,2,8,8,3,8
2016030047890,1,9,0,17,0,0,1,0,7,0,0,1,6,2,36,7,1242,1,10,3,2,3
2016030047919,1,3,0,7,0,5,0,0,0,0,3,1,2,1,41,7,125,1,2,-1,2,-1
2016030047933,1,9,0,17,0,0,1,0,3,0,1,1,6,1,18,4,1229,1,5,5,1,5
2016030047946,1,9,0,18,0,8,0,0,0,0,4,1,5,1,49,8,1461,2,1,9,2,9
2016030047946,2,9,0,18,0,8,0,0,0,0,3,1,5,2,49,8,1086,1,10,4,2,4
2016030047953,1,9,0,17,0,0,0,0,8,0,1,1,6,1,70,10,1587,1,10,6,3,6
2016030047959,1,9,0,5,0,0,0,0,0,0,0,1,1,1,34,6,1896,2,8,1,1,1
2016030047970,1,19,0,13,0,8,0,0,0,0,1,1,5,1,38,7,2998,2,9,-1,3,-1
2016030047970,2,9,0,9,0,8,0,0,0,0,3,1,5,2,61,9,1560,2,6,6,3,6
2016030047996,1,9,0,9,0,2,0,0,0,0,3,1,2,2,22,5,1496,2,2,1,2,1
2016030047996,2,9,0,18,0,1,0,0,0,0,1,1,1,1,27,6,1968,2,6,1,2,1
2016030047998,1,9,0,18,0,0,5,0,7,0,1,1,6,2,41,7,1124,1,14,7,3,7
2016030048007,1,9,0,18,0,0,0,0,0,0,1,1,6,3,-1,-1,-1,-1,-1,-1,-1,-1
2016030048007,2,9,0,18,0,0,0,0,0,0,2,1,6,1,60,9,1560,2,8,6,3,6
2016030048019,1,9,0,18,0,1,0,0,0,0,0,1,6,3,-1,-1,-1,-1,-1,-1,-1,-1
2016030048019,2,97,0,18,0,1,0,0,0,0,0,1,6,1,17,4,49,1,8,1,1,1
2016030048022,1,9,0,18,0,0,0,0,0,0,1,1,1,2,63,9,1896,2,10,5,3,5
2016030048022,2,9,0,18,0,0,0,0,0,0,2,1,6,1,78,11,1991,2,6,-1,-1,-1
2016030048022,3,9,0,18,0,0,0,0,0,0,2,1,6,1,70,10,-1,-1,-1,6,3,6
2016030048034,1,21,0,18,0,0,0,0,0,0,1,1,6,1,40,7,11946,2,6,6,1,6
2016030048034,2,9,0,18,0,0,0,0,0,0,3,1,6,2,18,4,1149,1,11,8,3,8
2016030048047,1,9,0,18,0,1,0,0,0,0,1,1,6,1,86,11,1798,8,1,5,1,5
2016030048047,2,9,0,3,0,1,0,0,0,0,2,1,1,1,45,7,-1,-1,-1,2,1,2
2016030048055,1,9,0,11,0,0,0,0,0,0,1,1,1,1,39,7,1995,2,4,-1,-1,-1
2016030048055,2,9,0,18,0,0,0,0,0,0,2,1,1,2,30,6,1499,1,1,4,1,4
2016030048055,3,19,0,18,0,0,0,0,0,0,2,1,1,1,47,8,1998,2,11,4,1,4
2016030048058,1,9,0,18,0,0,0,0,0,0,0,1,6,1,34,6,1999,1,11,5,3,5
2016030048058,2,9,0,18,0,0,0,0,0,0,0,1,6,2,48,8,2982,2,3,5,3,5
2016030048082,1,9,0,18,0,4,1,0,0,0,1,1,6,2,54,8,999,1,1,-1,-1,-1
2016030048082,2,9,0,18,0,8,0,0,0,0,4,1,6,2,71,10,1560,2,1,-1,3,-1
2016030048082,3,9,0,18,0,4,1,0,0,0,1,1,6,1,24,5,2521,1,8,2,2,2
2016030048141,1,9,0,6,0,0,0,0,0,0,3,1,6,1,-1,-1,1329,1,3,-1,-1,-1
2016030048141,2,1,0,18,0,0,0,0,1,0,3,1,2,1,34,6,-1,-1,-1,8,1,8
2016030048143,1,1,0,18,0,0,0,0,0,0,1,1,6,1,18,4,-1,-1,-1,2,1,2
2016030048143,2,9,0,2,0,0,0,0,0,0,2,1,6,2,36,7,1360,1,8,2,1,2
2016030048291,1,9,0,16,0,0,0,0,0,0,3,1,6,1,49,8,1596,1,5,6,3,6
2016030048291,2,9,0,17,0,0,0,0,0,0,3,1,2,1,52,8,2143,2,5,-1,3,-1
2016030048300,1,9,0,9,0,5,0,0,0,0,3,1,6,1,86,11,-1,-1,-1,9,1,9
2016030048300,2,9,0,18,0,1,0,0,0,0,1,1,6,1,40,7,1951,2,16,1,1,1
2016030048300,3,9,0,8,0,2,0,0,0,0,1,1,6,1,51,8,1598,1,7,-1,-1,-1
2016030048324,1,9,0,11,0,1,0,0,0,0,4,1,6,1,28,6,1968,2,12,7,1,7
2016030048324,2,9,0,18,0,1,5,0,1,9,3,1,6,1,40,7,1598,1,9,6,3,6
2016030048353,1,9,0,18,0,0,0,0,0,0,4,1,6,2,40,7,1240,1,11,1,2,1
2016030048353,2,9,0,2,0,0,0,0,0,0,4,1,6,2,59,9,1781,1,20,2,1,2
2016030048360,1,1,0,7,0,1,0,0,0,0,0,1,6,1,11,3,-1,-1,-1,4,1,4
2016030048360,2,9,0,3,0,1,0,0,0,0,0,1,1,1,45,7,-1,-1,-1,4,1,4
2016030048368,1,9,0,17,0,0,2,0,1,0,1,1,6,1,25,5,1995,2,12,3,2,3
2016030048380,1,9,0,18,0,0,0,0,0,0,1,1,6,1,24,5,1796,1,16,4,1,4
2016030048380,2,9,0,18,0,0,0,0,0,0,2,1,6,1,52,8,2179,2,9,7,3,7
2016030048410,1,9,0,18,0,8,0,0,0,0,1,1,6,2,60,9,1956,2,1,3,1,3
2016030048410,2,9,0,18,0,8,0,0,0,0,4,1,6,1,65,9,2720,2,10,5,3,5
2016030048415,1,9,0,18,0,0,0,0,0,0,1,1,5,2,48,8,-1,-1,-1,3,1,3
2016030048431,1,9,0,4,0,0,0,0,0,0,1,1,6,2,48,8,1124,1,14,1,1,1
2016030048431,2,9,0,2,0,0,0,0,0,0,1,1,6,2,67,10,1968,2,9,5,2,5
2016030048431,3,9,0,2,0,0,0,0,0,0,2,1,6,1,38,7,1596,1,12,7,1,7
2016030048436,1,21,1,18,0,0,0,11,0,0,1,1,1,1,42,7,12777,2,3,-1,1,-1
2016030048510,1,9,0,18,0,1,1,0,0,0,1,1,1,1,19,4,998,1,9,5,3,5
2016030048510,2,9,0,18,0,1,0,0,0,0,1,1,1,2,21,5,1499,2,2,6,3,6
2016030048558,1,9,0,18,0,0,0,0,0,0,1,1,2,1,43,7,1590,1,13,7,3,7
2016030048583,1,9,0,16,0,0,0,0,7,0,1,1,6,1,30,6,1229,1,3,5,1,5
2016030048588,1,19,0,17,0,1,0,0,0,0,3,1,1,1,36,7,1560,2,1,4,2,4
2016030048597,1,9,0,17,0,0,2,0,7,9,1,1,6,1,46,8,1242,1,15,6,3,6
2016030048607,1,9,0,9,0,1,0,0,0,0,3,1,1,2,48,8,1796,1,11,4,1,4
2016030048607,2,9,0,9,0,1,0,0,0,0,1,1,6,1,66,10,1422,2,13,1,1,1
2016030048612,1,9,0,18,0,0,0,0,0,0,1,1,6,2,28,6,2143,2,5,-1,1,-1
2016030048612,2,9,0,18,0,0,0,0,0,0,2,1,6,2,22,5,1242,1,2,8,1,8
2016030048612,3,9,0,18,0,0,0,0,0,0,1,1,6,1,44,7,2099,1,14,-1,-1,-1
2016030048612,4,9,0,18,0,0,0,0,0,0,2,1,6,1,45,7,1968,2,6,-1,-1,-1
2016030048641,1,9,0,12,0,0,2,10,1,0,3,1,1,2,48,8,1586,1,3,7,3,7
2016030048641,2,9,0,13,0,0,0,0,0,0,0,1,1,1,57,9,1997,12,4,6,3,6
2016030048646,1,8,0,18,0,0,0,4,0,0,1,1,1,1,56,9,1360,1,6,1,2,1
2016030048646,2,9,0,2,6,0,0,0,0,0,2,1,6,1,-1,-1,1998,1,11,-1,-1,-1
2016030048667,1,97,0,16,0,0,1,0,0,0,1,1,6,1,32,6,-1,-1,-1,6,3,6
2016030048667,2,9,0,17,0,0,0,0,0,0,1,1,6,1,66,10,1995,2,9,6,3,6
2016030048668,1,9,0,18,0,0,0,0,0,0,1,1,6,3,-1,-1,1587,1,14,-1,-1,-1
2016030048668,2,19,0,2,0,0,0,0,0,0,1,1,6,3,-1,-1,1753,2,9,-1,-1,-1
2016030048678,1,9,0,18,0,0,0,0,0,0,0,1,6,1,58,9,1968,2,4,8,1,8
2016030048760,1,21,1,10,0,1,0,0,0,0,3,1,1,1,33,6,11120,2,1,8,3,8
2016030048760,2,9,0,18,0,1,0,4,0,0,1,1,1,1,42,7,-1,-1,-1,7,3,7
2016030048784,1,9,0,18,0,0,0,0,0,0,1,1,6,1,28,6,-1,-1,-1,2,1,2
2016030048874,1,21,1,18,0,0,5,0,1,0,4,1,1,1,50,8,10837,2,1,-1,-1,-1
2016030048886,1,9,0,18,0,0,0,0,0,0,1,1,2,1,62,9,1328,1,1,-1,-1,-1
2016030048901,1,9,0,18,0,0,0,0,0,0,4,1,6,1,68,10,1461,2,6,-1,-1,-1
2016030048929,1,9,0,18,0,0,1,0,1,0,2,1,1,2,47,8,1396,1,18,-1,3,-1
2016030048941,1,11,0,18,0,0,0,0,0,0,0,1,1,2,33,6,4500,2,4,2,1,2
2016030048947,1,19,0,17,0,0,0,0,1,0,1,1,1,1,28,6,2143,2,1,2,1,2
2016030048993,1,9,0,7,0,0,0,10,1,0,1,1,6,2,19,4,998,1,4,2,1,2
2016030048996,1,9,0,18,0,0,0,0,0,0,1,1,5,1,84,11,1343,1,16,7,3,7
2016030048996,2,17,0,3,0,0,0,0,0,0,1,1,1,1,51,8,-1,2,8,-1,-1,-1
2016030049025,1,9,0,18,0,1,0,0,0,0,1,1,5,1,17,4,-1,-1,-1,5,3,5
2016030049025,2,9,0,4,0,1,0,0,0,0,2,1,5,1,46,8,1997,2,13,3,2,3
2016030049031,1,90,0,18,0,0,0,0,0,0,1,1,6,3,30,6,-1,-1,-1,-1,-1,-1
2016030049042,1,9,0,18,0,0,2,0,0,0,1,1,1,1,17,4,1242,1,10,-1,-1,-1
2016030049049,1,9,0,9,0,5,0,0,0,0,4,1,5,1,21,5,1997,12,3,-1,-1,-1
2016030049049,2,2,0,18,0,8,0,0,0,0,1,1,5,1,57,9,49,1,15,5,1,5
2016030049083,1,9,0,18,0,0,0,0,0,0,1,1,6,3,-1,-1,-1,-1,-1,-1,-1,-1
2016030049086,1,9,0,18,0,0,0,0,0,0,1,1,6,1,19,4,1229,1,8,9,1,9
2016030049086,2,9,0,1,0,0,0,0,0,0,3,1,1,1,24,5,1997,2,2,5,1,5
2016030049086,3,9,0,2,0,0,0,0,0,0,3,1,6,1,63,9,1590,1,13,9,1,9
2016030049091,1,21,1,18,0,0,0,0,0,0,4,2,1,1,51,8,-1,-1,-1,-1,-1,-1
2016030049091,2,19,0,16,0,0,0,0,7,0,4,1,1,1,31,6,1753,2,11,4,1,4
2016030049313,1,9,0,18,7,0,1,1,1,0,1,1,2,1,35,6,2987,2,3,10,1,10
2016030049313,2,90,5,2,6,0,0,0,0,0,2,1,1,1,55,8,6370,2,13,-1,-1,-1
2016030049313,3,9,0,2,6,0,0,0,0,0,0,1,6,1,53,8,2143,2,3,-1,3,-1
2016030049313,4,9,0,18,6,0,0,0,0,0,4,1,6,1,42,7,1999,1,8,9,1,9
2016030049313,5,9,0,2,6,0,0,0,0,0,0,1,1,1,51,8,3200,2,2,4,1,4
2016030049313,6,9,0,2,6,0,0,0,0,0,0,1,6,1,36,7,-1,-1,-1,-1,-1,-1
2016030049393,1,19,0,17,0,0,0,11,0,0,4,1,1,1,-1,-1,1598,2,1,7,3,7
2016030049393,2,9,0,17,0,0,0,11,0,0,1,1,6,1,-1,-1,1968,2,3,9,1,9
2016030049393,3,9,0,17,0,0,0,11,0,0,1,1,6,1,23,5,-1,-1,-1,5,1,5
2016030049463,1,9,0,4,0,0,0,0,0,0,4,1,6,1,45,7,1968,2,7,6,2,6
2016030049478,1,11,0,18,2,0,0,0,0,0,1,1,6,1,33,6,6871,2,7,6,2,6
2016030049512,1,9,0,13,0,0,1,0,0,0,2,1,5,1,61,9,998,1,5,6,3,6
2016030049512,2,9,0,16,0,0,1,0,0,0,1,1,1,1,70,10,1596,1,14,8,3,8
2016030049533,1,9,0,9,0,1,0,0,0,0,1,1,6,1,51,8,2199,2,5,5,3,5
2016030049533,2,3,0,18,0,1,0,0,0,0,1,1,6,1,17,4,124,1,-1,-1,-1,-1
2016030049672,1,9,0,18,0,0,0,0,0,0,3,1,6,1,44,7,998,1,3,4,2,4
2016030049683,1,9,0,18,0,0,0,0,0,0,1,1,6,2,19,4,1598,1,5,1,2,1
2016030049705,1,9,0,6,0,0,0,0,0,0,1,1,6,2,32,6,1560,2,5,2,1,2
2016030049705,2,9,0,3,0,0,0,0,0,0,2,1,6,1,38,7,1560,2,6,4,1,4
2016030049707,1,9,0,18,0,4,0,0,0,0,3,1,6,1,50,8,1596,1,12,1,1,1
2016030049714,1,9,0,18,0,0,1,0,0,0,0,1,6,2,48,8,1149,1,3,1,1,1
2016030049743,1,9,0,18,0,0,0,0,0,0,1,1,6,1,-1,-1,1900,2,17,1,1,1
2016030049743,2,9,0,3,0,0,0,0,0,0,2,1,6,1,62,9,1598,1,6,9,1,9
2016030049747,1,2,0,16,0,0,1,0,0,0,2,1,1,1,22,5,-1,-1,-1,3,3,3
2016030049747,2,98,0,16,0,0,0,0,0,0,1,1,1,3,30,6,-1,-1,-1,-1,-1,-1
2016030049769,1,9,0,5,0,6,0,0,0,0,1,1,6,1,35,6,1124,1,17,5,1,5
2016030049769,2,9,0,18,0,8,0,0,0,0,3,1,6,1,27,6,1896,2,15,6,3,6
2016030049789,1,19,0,1,0,0,0,0,0,0,2,1,1,1,38,7,2143,2,1,3,1,3
2016030049925,1,9,0,9,0,4,0,0,0,0,1,1,5,1,21,5,1910,2,8,3,2,3
2016030049925,2,9,0,18,0,8,0,0,0,0,4,1,1,1,44,7,1360,1,11,7,3,7
2016030049957,1,9,0,9,0,6,0,0,0,0,3,1,2,1,29,6,1229,1,8,1,1,1
2016030049957,2,21,1,18,0,8,0,0,0,0,1,1,1,1,48,8,15607,2,7,-1,-1,-1
2016030049957,3,9,0,18,0,8,0,0,0,0,4,1,2,2,38,7,1396,1,6,4,2,4
2016030049971,1,5,0,12,0,1,0,0,0,0,1,1,6,1,55,8,885,1,20,7,3,7
2016030049971,2,9,0,18,0,1,0,0,0,0,2,1,6,1,43,7,2170,2,11,6,3,6
2016030049971,3,9,0,18,0,1,0,0,0,0,0,1,6,2,28,6,1598,2,1,6,3,6
2016030050014,1,9,0,18,0,0,1,0,0,0,1,1,6,1,38,7,-1,-1,-1,-1,1,-1
2016030050014,2,9,0,18,0,0,0,0,0,0,2,1,6,1,22,5,-1,-1,-1,-1,3,-1
2016030050039,1,9,0,18,9,0,0,0,1,11,1,1,6,3,40,7,-1,-1,-1,-1,-1,-1
2016030050066,1,19,0,13,0,0,0,0,0,0,1,1,1,1,43,7,2198,2,2,2,1,2
2016030050066,2,21,1,18,0,0,0,0,0,0,1,1,1,1,32,6,12740,2,3,1,1,1
2016030050077,1,9,0,9,0,0,0,0,0,0,1,1,6,1,58,9,1984,1,2,7,1,7
2016030050077,2,3,0,18,0,0,0,0,0,0,3,1,6,1,17,4,-1,-1,-1,2,1,2
2016030050098,1,9,0,18,0,0,0,0,1,0,1,1,6,1,24,5,1968,2,9,8,1,8
2016030050107,1,19,0,18,0,0,0,0,0,0,3,1,1,1,44,7,1753,2,11,2,1,2
2016030050116,1,11,0,18,0,0,0,0,1,0,1,1,1,1,38,7,-1,2,27,1,1,1
2016030050124,1,9,0,18,0,0,0,0,0,0,1,1,5,2,71,10,1398,1,5,10,1,10
2016030050145,1,9,0,17,0,0,1,0,1,0,1,1,6,1,18,4,1242,1,6,1,1,1
2016030050160,1,9,0,18,0,0,0,0,0,0,1,1,6,1,25,5,1968,2,8,2,2,2
2016030050160,2,9,0,3,0,0,0,0,0,0,2,1,6,1,29,6,1560,2,2,-1,3,-1
2016030050160,3,9,0,3,0,0,0,0,0,0,2,1,6,1,30,6,1968,2,4,5,2,5
2016030050171,1,9,0,17,0,0,2,0,1,0,1,1,5,1,48,8,2495,2,17,8,1,8
2016030050190,1,9,0,9,0,5,0,0,0,0,1,1,1,1,59,9,1997,2,10,9,1,9
2016030050190,2,9,0,18,0,8,0,0,0,0,1,1,1,2,43,7,999,1,2,9,2,9
2016030050254,1,9,0,17,0,0,2,0,7,0,3,1,2,2,20,4,1299,1,9,-1,-1,-1
2016030050281,1,9,0,16,0,2,1,0,7,10,3,1,5,1,50,8,4308,1,10,5,3,5
2016030050281,2,9,0,18,0,1,0,0,0,0,3,1,1,2,44,7,-1,-1,-1,5,1,5
2016030050284,1,9,0,18,0,2,0,0,0,0,1,1,6,1,20,4,1368,1,7,5,1,5
2016030050307,1,19,0,5,0,0,0,0,0,0,4,1,6,3,30,6,2198,2,1,-1,-1,-1
2016030050323,1,9,0,18,0,0,0,0,0,0,1,1,6,1,72,10,998,1,3,7,1,7
2016030050323,2,9,0,18,0,0,0,0,0,0,2,1,6,1,27,6,1596,1,5,7,1,7
2016030050326,1,9,0,18,0,1,0,0,0,0,1,1,2,2,23,5,1328,1,8,1,1,1
2016030050326,2,9,0,18,0,1,0,0,0,0,1,1,6,2,25,5,1364,1,6,1,1,1
2016030050340,1,9,0,17,0,0,2,0,0,0,2,1,6,2,19,4,1596,1,11,5,3,5
2016030050365,1,5,0,18,0,0,0,0,0,0,1,1,2,1,53,8,1084,1,17,8,1,8