Accident_Index,Vehicle_Reference,Vehicle_Type,Towing_and_Articulation,Vehicle_Manoeuvre,Vehicle_Location-Restricted_Lane,Junction_Location,Skidding_and_Overturning,Hit_Object_in_Carriageway,Vehicle_Leaving_Carriageway,Hit_Object_off_Carriageway,1st_Point_of_Impact,Was_Vehicle_Left_Hand_Drive?,Journey_Purpose_of_Driver,Sex_of_Driver,Age_of_Driver,Age_Band_of_Driver,Engine_Capacity_(CC),Propulsion_Code,Age_of_Vehicle,Driver_IMD_Decile,Driver_Home_Area_Type,Vehicle_IMD_Decile
2016030050365,2,9,0,4,0,0,0,0,0,0,2,1,2,2,44,7,1398,1,4,7,3,7
2016030050366,1,9,0,18,0,0,0,0,0,0,4,1,6,3,-1,-1,-1,-1,-1,-1,-1,-1
2016030050368,1,98,0,10,0,0,0,0,0,0,2,1,1,1,57,9,-1,-1,-1,-1,3,-1
2016030050368,2,9,0,18,0,0,0,0,0,0,1,1,6,1,28,6,1598,1,11,2,1,2
2016030050387,1,9,0,5,0,4,0,0,0,0,1,1,6,2,33,6,1364,2,5,-1,-1,-1
2016030050387,2,9,0,5,0,4,0,0,0,0,2,1,6,2,59,9,1299,1,13,10,1,10
2016030050426,1,8,0,18,0,0,0,0,1,0,1,1,6,1,37,7,-1,-1,-1,8,1,8
2016030050455,1,9,0,5,0,1,0,0,0,0,1,1,1,2,46,8,1149,1,13,9,1,9
2016030050455,2,3,0,18,0,1,0,0,0,0,1,1,1,1,36,7,125,1,-1,2,1,2
2016030050488,1,9,0,4,0,1,0,0,0,0,1,1,6,1,30,6,998,1,1,1,1,1
2016030050488,2,9,0,9,0,1,0,0,0,0,2,1,6,1,59,9,1200,1,1,7,1,7
2016030050602,1,9,0,18,0,0,0,0,0,0,1,1,6,1,17,4,1248,2,7,4,2,4
2016030050602,2,9,0,3,0,0,0,0,0,0,2,1,1,1,37,7,1686,2,2,2,2,2
2016030050602,3,9,0,3,0,0,0,0,0,0,2,1,6,2,30,6,1596,1,6,7,2,7
2016030050636,1,9,0,9,0,1,0,0,0,0,1,1,6,1,40,7,1834,1,14,5,1,5
2016030050636,2,1,0,18,0,2,0,0,0,0,3,1,2,1,27,6,-1,-1,-1,9,3,9
2016030050659,1,9,0,9,0,6,0,0,0,0,3,1,6,1,46,8,2495,2,14,8,3,8
2016030050659,2,9,0,18,0,1,0,0,0,0,1,1,6,2,43,7,1598,1,14,8,2,8
2016030050678,1,9,0,16,0,2,0,0,0,0,3,1,6,1,-1,-1,1198,1,5,8,1,8
2016030050678,2,9,0,16,0,2,0,0,0,0,4,1,6,1,51,8,1597,2,1,3,1,3
2016030050929,1,9,0,18,0,0,0,0,0,0,1,1,6,1,55,8,998,1,6,4,3,4
2016030050929,2,9,0,18,0,0,0,0,0,0,1,1,6,1,67,10,1560,2,10,5,3,5
2016030050929,3,9,0,18,0,0,0,0,0,0,2,1,6,1,64,9,1598,2,3,5,1,5
2016030050959,1,5,0,18,0,8,0,0,0,0,1,1,2,1,35,6,675,1,6,3,1,3
2016030050959,2,9,0,9,0,8,0,0,0,0,3,1,2,1,-1,-1,1598,2,2,7,3,7
2016030051322,1,9,0,4,0,1,0,0,0,0,4,1,1,1,56,9,1598,1,5,8,1,8
2016030051322,2,1,0,18,0,1,0,0,0,0,1,1,4,1,12,3,-1,-1,-1,6,1,6
2016030051361,1,9,0,18,0,0,0,0,0,0,1,1,2,1,22,5,2496,2,15,3,1,3
2016030051377,1,9,0,2,0,0,0,0,0,0,4,1,6,1,17,4,1299,1,11,5,1,5
2016030051377,2,9,0,18,0,0,0,0,0,0,1,1,6,1,83,11,-1,-1,-1,5,1,5
2016030051384,1,9,0,9,0,6,0,0,0,0,3,1,1,1,28,6,-1,-1,-1,4,1,4
2016030051384,2,9,0,18,0,8,0,0,0,0,1,1,6,1,66,10,2393,1,6,3,1,3
2016030051395,1,9,0,18,0,0,0,0,0,0,1,1,1,2,50,8,1248,1,2,10,1,10
2016030051540,1,98,1,16,0,0,0,0,0,0,0,1,6,3,50,8,-1,-1,-1,-1,-1,-1
2016030051540,2,98,0,17,0,0,0,0,0,0,0,1,2,1,47,8,-1,-1,-1,-1,-1,-1
2016030051677,1,9,0,18,0,0,0,0,0,0,-1,1,6,3,-1,-1,-1,-1,-1,-1,-1,-1
2016030051709,1,9,0,13,0,0,0,0,1,0,1,1,2,1,33,6,-1,-1,-1,-1,3,-1
2016030051709,2,9,0,18,0,0,0,0,2,0,2,1,1,1,45,7,-1,-1,-1,5,1,5
2016030051751,1,9,0,9,0,6,0,0,0,0,1,1,1,1,55,8,998,1,3,6,3,6
2016030051751,2,9,0,18,0,1,0,0,0,0,2,1,1,1,62,9,1461,2,2,6,1,6
2016030051849,1,9,0,18,0,0,0,0,1,0,1,1,6,1,26,6,1598,2,4,4,1,4
2016030051875,1,19,0,9,0,4,0,0,0,0,1,1,5,2,23,5,2198,2,-1,4,1,4
2016030051875,2,9,0,18,0,8,0,0,0,0,4,1,5,1,46,8,1296,1,10,9,1,9
2016030051876,1,9,0,18,0,0,0,4,0,0,1,1,6,3,30,6,-1,-1,-1,-1,-1,-1
2016030051876,2,90,0,2,0,0,0,0,0,0,2,1,1,1,37,7,-1,-1,-1,1,1,1
2016030051924,1,9,0,13,0,0,0,0,0,0,1,1,5,1,77,11,2495,2,20,8,3,8
2016030051924,2,9,0,4,0,0,0,0,7,0,3,1,5,2,58,9,-1,-1,-1,8,3,8
2016030051946,1,9,0,18,0,1,0,0,0,0,0,1,6,3,30,6,-1,-1,-1,-1,-1,-1
2016030051946,2,3,0,9,0,2,5,0,0,0,0,1,6,1,19,4,124,1,2,10,1,10
2016030051960,1,9,0,11,0,0,0,2,0,0,2,1,5,2,54,8,1461,2,13,4,1,4
2016030051960,2,21,1,18,0,0,0,0,0,0,1,1,1,1,52,8,11120,2,1,6,1,6
2016030051996,1,9,0,18,0,0,0,0,4,0,1,1,6,1,21,5,1796,1,9,2,1,2
2016030052006,1,9,0,1,0,0,0,0,0,0,2,1,6,3,30,6,-1,-1,-1,-1,-1,-1
2016030052577,1,1,0,18,0,0,1,0,0,0,0,1,5,1,48,8,-1,-1,-1,6,1,6
2016030052592,1,9,0,18,0,2,0,0,0,0,1,1,3,2,34,6,1587,1,12,1,1,1
2016030052809,1,9,0,18,0,0,0,0,0,0,0,1,6,3,-1,-1,-1,-1,-1,-1,-1,-1
2016030052809,2,9,0,18,0,0,1,0,7,9,0,1,6,1,75,10,-1,-1,-1,5,2,5
2016030052833,1,11,0,18,0,0,0,4,0,0,1,1,1,3,-1,-1,8268,2,12,-1,-1,-1
2016030052833,2,8,0,2,0,0,0,0,0,0,2,1,1,1,36,7,1364,2,1,4,2,4
2016030052851,1,9,0,18,0,3,0,0,0,0,1,1,6,2,45,7,1198,1,1,2,1,2
2016030052851,2,9,0,8,0,1,0,0,0,0,2,1,6,1,68,10,1388,1,10,9,1,9
2016030052868,1,9,0,18,0,1,0,0,0,0,1,1,5,1,76,11,1994,1,16,-1,1,-1
2016030052868,2,9,0,18,0,1,0,0,0,0,2,1,5,1,61,9,1968,2,10,4,1,4
2016030052868,3,9,0,18,0,1,0,0,0,0,1,1,5,1,43,7,1598,2,2,-1,-1,-1
2016030052870,1,9,0,5,0,0,0,0,0,0,4,1,6,1,19,4,1198,1,10,-1,-1,-1
2016030052870,2,9,0,16,0,0,0,0,0,0,1,1,6,1,39,7,1388,1,6,-1,-1,-1
2016030052888,1,9,0,18,0,2,0,0,0,0,1,1,5,1,43,7,1596,1,6,7,1,7
2016030052890,1,9,0,18,0,1,0,0,0,0,4,1,6,1,24,5,1149,1,12,4,2,4
2016030052890,2,9,0,18,0,1,0,0,0,0,1,1,6,1,53,8,-1,-1,-1,2,1,2
2016030052900,1,9,0,10,0,2,0,0,0,0,1,1,1,2,52,8,1598,2,2,8,3,8
2016030052913,1,9,0,18,0,0,0,0,7,10,1,1,2,1,48,8,1984,1,8,7,1,7
2016030052913,2,11,0,18,0,0,1,0,0,0,1,1,1,1,69,10,12000,2,15,2,1,2
2016030053087,1,9,0,4,0,1,0,0,0,0,2,1,6,1,30,6,1398,2,11,4,3,4
2016030053087,2,9,0,3,0,1,0,0,0,0,1,1,6,2,17,4,-1,-1,-1,9,1,9
2016030053121,1,21,1,9,0,0,0,0,0,0,3,1,6,1,56,9,12777,2,3,5,3,5
2016030053121,2,9,0,18,0,0,0,0,0,0,1,1,6,1,40,7,1798,1,7,9,1,9
2016030053146,1,9,0,18,0,0,0,0,0,0,0,1,6,1,86,11,1329,1,3,8,1,8
2016030053146,2,9,0,18,0,0,0,0,0,0,0,1,6,1,21,5,1598,1,4,5,3,5
2016030053161,1,9,0,18,0,0,1,10,7,0,4,1,6,1,25,5,1896,2,9,6,3,6
2016030053322,1,9,0,18,0,2,0,0,0,0,0,1,6,1,41,7,1598,2,3,-1,-1,-1
2016030053322,2,1,0,7,0,1,0,0,0,0,0,1,6,1,30,6,-1,-1,-1,3,1,3
2016030053356,1,1,0,18,0,0,5,0,0,0,1,1,6,2,11,3,-1,-1,-1,2,1,2
2016030053356,2,9,0,3,0,0,0,0,0,0,1,1,2,1,34,6,1198,1,10,7,3,7
2016030053435,1,9,4,13,0,0,0,0,0,0,4,1,1,1,50,8,-1,-1,-1,5,3,5
2016030053435,2,1,0,18,0,0,0,0,0,0,3,1,6,1,55,8,-1,-1,-1,9,3,9
2016030053628,1,9,0,13,0,0,0,0,0,0,4,1,6,2,20,4,1910,2,11,3,1,3
2016030053628,2,9,0,18,0,0,0,0,7,0,3,1,6,1,76,11,2967,1,12,10,1,10
2016030053628,3,9,0,18,0,0,0,0,0,0,3,1,6,1,40,7,2488,2,5,8,3,8
2016030053650,1,9,0,5,0,1,0,0,0,0,3,1,6,1,63,9,1328,1,4,7,2,7
2016030053663,1,9,0,18,0,2,0,0,0,0,1,1,1,1,42,7,-1,-1,-1,7,2,7
2016030053702,1,9,0,11,0,0,0,0,0,0,4,1,1,1,20,4,1598,2,1,7,3,7
2016030053702,2,9,0,18,0,0,0,0,0,0,3,1,6,1,27,6,2204,2,10,2,1,2
2016030053726,1,9,0,18,0,0,0,0,0,0,1,1,6,3,-1,-1,2599,1,26,-1,-1,-1
2016030053726,2,1,0,18,0,0,0,0,0,0,2,1,6,1,20,4,-1,-1,-1,1,1,1
2016030053896,1,9,0,18,0,0,0,0,1,7,1,1,5,2,51,8,1240,1,7,6,2,6
2016030053896,2,21,1,18,0,0,2,0,7,7,1,1,1,1,51,8,12902,2,3,1,3,1
2016030053935,1,9,0,18,0,0,5,0,0,0,1,1,2,1,56,9,2993,2,5,8,2,8
2016030054016,1,9,0,17,0,2,0,0,0,0,3,1,2,1,18,4,1229,1,9,3,1,3
2016030054047,1,9,0,16,0,0,1,0,0,0,2,1,1,2,60,9,998,1,7,5,1,5
2016030054047,2,9,0,16,0,0,0,0,0,0,1,1,1,1,51,8,2191,2,1,-1,-1,-1
2016030054047,3,9,4,17,0,0,0,0,0,0,0,1,6,3,-1,-1,-1,-1,-1,-1,-1,-1
2016030054058,1,9,0,9,0,5,0,0,0,0,3,1,3,2,67,10,1364,2,9,8,3,8
2016030054058,2,1,0,18,0,8,0,0,0,0,1,1,4,1,16,4,-1,-1,-1,5,1,5
2016030054067,1,9,0,17,0,0,0,0,1,10,1,1,5,2,38,7,2184,2,11,3,2,3
2016030054075,1,9,0,16,0,0,2,0,4,0,1,1,6,2,23,5,1240,1,6,2,1,2
2016030054082,1,3,0,16,0,0,2,4,0,0,1,1,5,1,14,3,-1,-1,-1,1,2,1
2016030054082,2,9,0,2,0,0,0,0,0,0,3,1,6,2,37,7,1998,2,1,1,2,1
2016030054104,1,5,0,17,0,0,0,0,1,0,0,1,6,1,-1,-1,1043,1,1,2,1,2
2016030054301,1,5,0,7,0,2,0,0,1,0,4,1,6,1,35,6,998,1,12,4,1,4
2016030054304,1,1,0,18,0,0,0,0,0,0,1,1,1,1,52,8,-1,-1,-1,2,1,2
2016030054304,2,9,0,5,0,0,0,0,0,0,0,1,6,1,34,6,998,1,3,1,1,1
2016030054320,1,9,0,16,0,0,0,0,0,0,1,1,6,1,25,5,1686,2,8,6,1,6
2016030054333,1,9,0,18,0,1,0,0,0,0,1,1,2,2,48,8,-1,-1,-1,8,1,8
2016030054333,2,9,0,10,0,1,0,0,0,0,2,1,2,1,60,9,2497,1,6,8,1,8
2016030054470,1,3,0,12,0,0,0,0,0,0,1,1,2,1,37,7,124,1,11,1,1,1
2016030054470,2,9,0,12,0,0,0,0,0,0,2,1,2,1,55,8,1896,2,13,4,2,4
2016030054497,1,19,0,1,0,0,0,0,0,0,2,1,1,1,32,6,2143,2,3,2,1,2
2016030054519,1,9,0,18,0,0,0,0,0,0,3,1,6,1,69,10,-1,-1,-1,4,2,4
2016030054519,2,9,0,18,0,0,0,0,0,0,1,1,6,2,28,6,1998,2,10,1,2,1
2016030054539,1,9,0,18,0,0,5,7,2,0,1,1,1,2,55,8,1596,1,14,3,1,3
2016030054553,1,9,0,18,0,4,0,0,0,0,3,1,6,2,29,6,1560,2,6,5,1,5
2016030054553,2,1,0,18,0,8,0,0,0,0,1,1,6,2,-1,-1,-1,-1,-1,-1,-1,-1
2016030054582,1,9,0,18,0,0,0,0,0,0,1,1,6,1,31,6,1896,2,14,3,1,3
2016030054582,2,9,0,4,0,0,0,0,0,0,2,2,6,2,-1,-1,-1,-1,-1,6,1,6
2016030054582,3,9,0,3,0,0,0,0,0,0,2,1,6,2,66,10,1999,1,8,5,1,5
2016030054595,1,9,0,18,0,0,0,0,0,0,0,1,6,3,-1,-1,-1,-1,-1,-1,-1,-1
2016030054595,2,9,0,18,0,0,0,0,0,0,1,1,1,2,24,5,1956,2,2,3,1,3
2016030054595,3,9,0,18,0,0,0,0,0,0,2,1,6,2,25,5,1560,2,2,6,3,6
2016030054615,1,9,0,9,0,5,0,0,0,0,0,1,6,3,-1,-1,-1,-1,-1,-1,-1,-1
2016030054615,2,9,0,4,0,1,0,0,0,0,0,1,6,3,-1,-1,-1,-1,-1,-1,-1,-1
2016030054615,3,97,0,4,0,1,2,10,7,0,0,1,6,1,47,8,2294,1,6,7,1,7
2016030054770,1,9,0,16,0,0,5,0,8,0,1,1,6,2,31,6,1124,1,15,2,1,2
2016030054787,1,9,0,18,0,0,1,0,0,0,1,1,1,1,49,8,1995,2,12,1,1,1
2016030054805,1,2,0,14,0,8,0,0,0,0,1,1,1,1,17,4,49,1,1,8,1,8
2016030054805,2,9,0,9,0,5,0,0,7,0,3,1,6,2,44,7,1995,2,2,5,1,5
2016030054906,1,9,0,18,0,0,0,0,0,0,1,1,6,2,19,4,1229,1,3,2,1,2
2016030055110,1,9,0,18,0,0,0,0,0,0,1,1,2,1,57,9,1560,2,10,4,2,4
2016030055129,1,1,0,16,0,0,5,0,2,0,1,1,6,2,30,6,-1,-1,-1,7,3,7
2016030055164,1,9,0,4,0,0,0,0,0,0,1,1,6,2,20,4,1328,1,6,5,3,5
2016030055164,2,9,0,4,0,0,0,0,0,0,2,1,6,1,55,8,1499,2,1,4,1,4
2016030055164,3,9,0,3,0,0,0,0,0,0,2,1,6,1,42,7,1995,2,1,7,3,7
2016030055204,1,9,0,13,0,0,0,0,0,0,0,1,6,1,38,7,998,1,4,6,2,6
2016030055204,2,9,0,13,0,0,0,0,0,0,2,1,6,1,56,9,1984,2,4,9,2,9
2016030055204,3,9,0,18,0,0,0,0,1,9,1,1,6,1,77,11,1198,1,7,9,2,9
2016030055228,1,9,0,4,0,2,0,0,0,0,1,1,6,2,32,6,1595,1,8,-1,-1,-1
2016030055228,2,9,0,4,0,2,0,0,0,0,2,1,6,2,35,6,1398,1,8,6,3,6
2016030055228,3,9,0,4,0,2,0,0,0,0,2,1,6,1,49,8,1995,2,1,-1,-1,-1
2016030055259,1,5,0,16,0,0,2,0,0,0,1,1,6,1,61,9,800,1,4,6,1,6
2016030055259,2,9,0,17,0,0,0,0,0,0,1,1,6,1,39,7,-1,-1,-1,6,2,6
2016030055281,1,9,0,7,0,2,2,0,1,0,0,1,2,2,18,4,1360,1,10,6,2,6
2016030055281,2,9,0,7,0,5,0,0,0,0,0,1,6,3,-1,-1,-1,-1,-1,-1,-1,-1
2016030055291,1,9,0,18,0,8,0,0,0,0,1,1,6,3,-1,-1,2495,1,14,-1,-1,-1
2016030055291,2,9,0,9,0,1,0,0,0,0,2,1,6,2,43,7,-1,-1,-1,2,1,2
2016030055291,3,9,0,18,0,8,1,0,0,0,2,1,6,1,56,9,1560,2,3,2,1,2
2016030055310,1,9,0,18,0,0,0,0,0,0,1,1,6,1,52,8,1968,2,5,5,2,5
2016030055310,2,9,0,18,0,0,0,0,0,0,2,1,6,1,50,8,1598,1,4,1,1,1
2016030055324,1,9,0,18,0,0,0,0,0,0,0,1,6,2,56,9,1596,1,6,3,1,3
2016030055336,1,9,0,18,0,1,0,0,0,0,1,1,6,2,72,10,1598,1,6,9,1,9
2016030055336,2,9,0,3,0,1,0,0,0,0,2,1,6,1,82,11,1461,2,2,6,1,6
2016030055336,3,9,0,3,0,1,0,0,0,0,2,1,6,2,55,8,1686,2,13,3,1,3
2016030055482,1,8,0,1,0,0,0,0,0,0,2,1,1,1,-1,-1,1461,2,1,2,1,2
2016030055482,2,9,0,2,0,0,0,0,0,0,1,1,1,2,50,8,2183,2,5,1,1,1
2016030055506,1,9,0,18,0,6,0,0,0,0,3,1,6,1,85,11,1598,2,5,-1,2,-1
2016030055506,2,9,0,18,0,1,0,0,0,0,1,1,6,2,52,8,1587,1,8,6,3,6
2016030055744,1,9,0,1,0,1,0,0,0,0,1,1,6,1,75,10,1499,2,2,6,3,6
2016030055744,2,9,0,1,0,1,0,0,0,0,2,1,6,1,70,10,-1,-1,-1,4,1,4
2016030055776,1,9,0,18,0,0,5,0,7,0,1,1,2,1,24,5,1598,1,9,6,1,6
2016030055776,2,9,0,2,0,0,0,0,0,0,1,1,6,1,62,9,1560,2,4,4,1,4
2016030055785,1,9,0,18,0,4,0,0,0,0,1,1,6,1,60,9,1329,1,2,1,2,1
2016030055785,2,9,0,9,0,3,0,0,0,0,1,1,6,1,33,6,-1,-1,-1,1,2,1
2016030055812,1,9,0,18,0,0,0,0,0,0,0,1,6,2,59,9,1598,1,6,1,2,1
2016030055959,1,9,0,18,0,0,0,0,2,0,1,1,6,1,70,10,1997,2,1,-1,3,-1
2016030055959,2,9,0,18,0,0,1,0,0,0,1,1,6,1,60,9,1598,2,3,8,1,8
2016030055959,3,9,0,18,0,0,1,0,0,0,1,1,6,2,32,6,1398,2,9,4,2,4
2016030055959,4,9,0,18,0,0,1,0,0,0,1,1,6,2,28,6,1798,1,14,-1,1,-1
2016030055959,5,9,0,18,0,0,1,0,0,0,1,1,6,1,49,8,-1,-1,-1,-1,1,-1
2016030055959,6,9,0,18,0,0,1,0,0,0,1,1,6,1,48,8,-1,-1,-1,1,1,1
2016030055959,7,9,0,18,0,0,1,0,0,0,1,1,6,1,45,7,-1,-1,-1,-1,1,-1
2016030056082,1,9,0,18,0,1,0,0,0,0,1,1,6,2,33,6,1598,1,9,7,3,7
2016030056082,2,9,0,17,0,1,0,0,0,0,1,1,6,2,55,8,1461,2,2,-1,-1,-1
2016030056506,1,9,0,16,0,0,1,0,2,0,1,1,6,2,17,4,998,1,-1,-1,-1,-1
2016030056531,1,9,0,17,0,0,0,0,0,0,1,1,6,2,51,8,1198,1,14,6,3,6
2016030056546,1,9,0,16,0,0,0,0,0,0,1,1,1,1,23,5,1598,2,4,8,1,8
2016030056675,1,9,0,4,0,0,0,0,0,0,1,1,2,2,37,7,1399,2,9,-1,-1,-1
2016030056675,2,9,0,3,0,0,0,0,0,0,2,1,2,1,55,8,2143,2,1,9,3,9
2016030057173,1,9,0,17,0,0,2,0,7,0,1,1,6,2,35,6,1596,1,8,4,3,4
2016030057223,1,1,0,14,0,0,0,0,0,0,4,1,6,1,41,7,-1,-1,-1,-1,-1,-1
2016030057223,2,9,0,9,0,0,0,0,0,0,3,1,6,1,34,6,1598,1,7,2,1,2
2016030057295,1,9,0,17,9,0,0,0,2,0,1,1,6,2,83,11,1339,1,4,9,2,9
2016030057307,1,9,0,1,0,0,0,4,1,2,1,1,6,2,64,9,3200,2,-1,8,1,8
2016030057307,2,9,0,1,0,0,0,0,1,0,0,1,6,1,35,6,1984,1,16,6,3,6
2016030057616,1,9,0,18,0,0,0,0,0,0,1,1,6,3,50,8,-1,-1,-1,-1,-1,-1
2016030057706,1,5,0,18,0,0,2,0,0,0,3,1,5,1,43,7,950,1,13,-1,-1,-1
2016030057786,1,9,0,18,0,1,0,0,0,0,1,1,5,1,18,4,1343,1,12,8,2,8
2016030057786,2,9,0,3,0,1,0,0,0,0,2,1,1,1,34,6,1360,1,16,7,2,7
2016030057980,1,9,0,6,0,6,0,0,0,0,3,1,6,1,30,6,3179,1,14,6,1,6
2016030057980,2,9,0,18,0,1,0,0,0,0,1,1,6,1,41,7,2967,2,5,5,3,5
2016030058042,1,9,0,18,0,0,1,0,2,0,1,1,1,1,32,6,-1,-1,-1,7,1,7
2016030058042,2,9,0,18,0,0,1,0,1,0,1,1,2,2,54,8,1596,1,3,5,2,5
2016030058085,1,9,0,5,0,0,0,0,0,0,1,1,6,2,45,7,1998,2,11,-1,-1,-1
2016030058085,2,9,0,3,0,0,0,0,0,0,2,1,6,2,33,6,1997,2,6,9,1,9
2016030058173,1,9,0,18,0,0,0,0,0,0,1,1,6,1,84,11,1598,1,8,8,1,8
2016030058173,2,9,0,18,0,0,0,0,0,0,2,1,6,1,53,8,1590,1,1,7,2,7
2016030058173,3,9,0,18,0,0,0,0,0,0,2,1,1,1,50,8,-1,-1,-1,-1,-1,-1
2016030058236,1,9,0,4,0,1,0,0,0,0,1,1,2,1,20,4,1390,1,1,8,2,8
2016030058236,2,9,0,4,0,1,0,0,0,0,2,1,6,2,28,6,1596,1,7,6,3,6
2016030058404,1,19,0,9,0,1,0,0,0,0,4,1,6,1,31,6,2198,2,2,1,1,1
2016030058404,2,5,0,18,0,1,0,0,0,0,1,1,6,1,50,8,649,1,36,2,1,2
2016030058404,3,90,0,18,0,1,0,0,0,0,0,1,6,1,40,7,-1,-1,-1,1,1,1
2016030058463,1,9,0,18,0,0,1,11,1,0,4,1,1,2,45,7,1850,1,17,4,2,4
2016030058485,1,9,0,9,0,1,0,0,0,0,3,1,6,2,69,10,1870,2,11,5,3,5
2016030058485,2,9,0,18,0,1,0,0,0,0,1,1,6,2,34,6,1197,1,3,6,1,6
2016030058512,1,9,0,18,0,0,2,0,7,0,1,1,6,1,22,5,1242,1,8,-1,-1,-1
2016030058565,1,9,0,4,0,1,0,0,0,0,2,1,6,1,44,7,3628,2,9,5,3,5
2016030058565,2,9,0,18,0,8,0,0,0,0,1,1,6,1,35,6,1596,1,7,5,3,5
2016030058609,1,9,0,14,0,0,0,0,0,0,1,1,6,1,55,8,2231,2,5,-1,-1,-1
2016030058609,2,1,0,18,0,0,0,0,0,0,1,1,6,1,61,9,-1,-1,-1,6,2,6
2016030058855,1,9,0,16,0,0,0,0,0,0,3,1,6,1,51,8,1360,1,15,7,1,7
2016030058855,2,9,0,16,0,0,0,0,0,0,3,1,6,1,65,9,1951,2,10,5,3,5
2016030059206,1,20,0,4,0,0,0,0,0,0,4,1,1,1,57,9,4580,2,3,10,1,10
2016030059241,1,9,0,16,0,0,0,0,0,0,1,1,6,1,54,8,-1,-1,-1,4,1,4
2016030059241,2,9,0,18,0,0,0,0,0,0,1,1,2,1,30,6,1598,1,8,3,1,3
2016030059292,1,5,0,16,0,0,5,0,1,4,1,1,6,1,32,6,738,1,12,1,1,1
2016030059339,1,9,0,18,0,0,0,0,0,0,1,1,6,1,29,6,1597,1,8,1,2,1
2016030059347,1,9,0,18,0,0,1,0,1,0,1,1,6,2,37,7,1995,2,3,8,3,8
2016030059364,1,9,0,5,0,1,0,0,0,0,4,1,6,1,27,6,1560,2,5,7,1,7
2016030059364,2,9,0,5,0,1,0,0,0,0,4,1,6,1,36,7,2204,2,8,2,1,2
2016030059380,1,9,0,18,0,0,0,0,0,0,1,1,5,1,87,11,1242,1,7,6,2,6
2016030059380,2,9,0,18,0,0,0,0,0,0,2,1,5,1,44,7,1968,2,4,7,1,7
2016030059380,3,9,0,18,0,0,0,0,0,0,2,1,5,1,67,10,1995,2,2,7,3,7
2016030059675,1,9,0,9,0,6,0,0,0,0,3,1,5,2,78,11,1395,1,2,-1,-1,-1
2016030059675,2,5,0,18,0,1,0,0,0,0,1,1,5,1,27,6,745,1,1,8,1,8
2016030059816,1,9,0,18,0,4,0,0,0,0,3,1,5,2,89,11,1560,2,7,7,3,7
2016030059816,2,9,0,9,0,8,0,0,0,0,4,1,5,1,65,9,1998,2,2,4,1,4
2016030059950,1,9,0,16,0,0,0,0,0,0,1,1,1,1,18,4,1388,1,5,3,1,3
2016030060211,1,9,0,9,0,0,0,0,0,0,1,1,1,1,40,7,-1,-1,-1,9,1,9
2016030060211,2,1,0,18,0,0,0,0,0,0,1,1,2,1,34,6,-1,-1,-1,4,1,4
2016030060292,1,9,0,5,0,1,0,0,0,0,1,1,6,2,41,7,1399,2,9,1,1,1
2016030060436,1,9,0,18,0,0,0,0,0,0,1,1,6,1,52,8,1995,2,11,4,1,4
2016030060436,2,9,0,18,0,0,0,0,0,0,1,1,6,2,23,5,998,1,3,2,1,2
2016030060476,1,11,0,18,0,0,0,0,0,0,0,1,1,1,46,8,4249,2,1,5,1,5
2016030060796,1,9,0,17,0,0,0,0,0,0,1,1,6,3,-1,-1,-1,-1,-1,-1,-1,-1
2016030060846,1,9,0,17,0,0,0,0,7,4,1,1,1,1,21,5,1997,2,15,6,2,6
2016030060848,1,9,0,9,0,1,0,0,0,0,3,1,6,1,30,6,998,1,2,-1,-1,-1
2016030060848,2,1,0,18,0,1,5,0,0,0,1,1,2,1,43,7,-1,-1,-1,8,1,8
2016030061009,1,21,1,18,0,0,1,4,0,0,1,1,6,1,42,7,-1,-1,-1,2,1,2
2016030061009,2,8,0,2,0,0,0,0,0,0,2,1,6,1,25,5,-1,-1,-1,5,1,5
2016030061102,1,9,0,18,0,0,0,0,7,10,4,1,6,1,25,5,1995,2,-1,-1,-1,-1
2016030061102,2,9,0,18,0,0,0,0,0,0,4,1,2,2,51,8,998,1,3,6,2,6
2016030061203,1,9,0,18,0,6,0,0,0,0,1,1,6,2,36,7,1199,1,15,9,1,9
2016030061203,2,9,0,18,0,1,0,0,0,0,1,1,2,1,52,8,1587,1,10,2,1,2
2016030061223,1,9,0,9,0,6,0,0,0,0,4,1,6,2,55,8,998,1,13,10,3,10
2016030061223,2,9,0,18,0,1,0,0,0,0,1,1,6,1,82,11,1973,1,17,8,3,8
2016030061248,1,9,0,18,0,0,0,0,0,0,1,1,6,1,83,11,1584,1,15,5,2,5
2016030061248,2,9,0,2,0,0,0,0,0,0,1,1,6,1,79,11,1584,1,9,4,1,4
2016030061266,1,19,0,18,0,0,5,0,2,0,4,1,6,1,32,6,2198,2,4,2,1,2
2016030061503,1,4,0,18,0,0,0,0,0,0,2,1,6,1,77,11,200,1,-1,7,3,7
2016030061503,2,4,0,18,0,0,0,0,0,0,1,1,6,1,70,10,-1,-1,-1,7,3,7
2016030061532,1,9,0,4,0,0,0,0,0,0,1,1,1,1,23,5,-1,-1,-1,4,1,4
2016030061532,2,9,0,4,0,0,0,0,0,0,2,1,2,2,28,6,1968,2,5,7,1,7
2016030061532,3,9,0,4,0,0,0,0,0,0,2,1,2,2,45,7,998,1,6,8,1,8
2016030061532,4,9,0,4,0,0,0,0,0,0,2,1,2,2,18,4,998,1,4,10,1,10