Accident_Index,Vehicle_Reference,Vehicle_Type,Towing_and_Articulation,Vehicle_Manoeuvre,Vehicle_Location-Restricted_Lane,Junction_Location,Skidding_and_Overturning,Hit_Object_in_Carriageway,Vehicle_Leaving_Carriageway,Hit_Object_off_Carriageway,1st_Point_of_Impact,Was_Vehicle_Left_Hand_Drive?,Journey_Purpose_of_Driver,Sex_of_Driver,Age_of_Driver,Age_Band_of_Driver,Engine_Capacity_(CC),Propulsion_Code,Age_of_Vehicle,Driver_IMD_Decile,Driver_Home_Area_Type,Vehicle_IMD_Decile
2016030061559,1,9,0,18,0,0,2,0,7,0,4,1,6,1,19,4,1149,1,14,5,2,5
2016030061559,2,9,0,18,0,0,0,0,0,0,3,1,6,1,19,4,-1,-1,-1,6,3,6
2016030061559,3,9,0,18,0,0,0,0,0,0,1,1,6,2,30,6,1598,2,1,-1,-1,-1
2016030061806,1,5,0,17,0,0,0,0,7,0,1,1,5,1,47,8,1198,1,5,-1,-1,-1
2016030061838,1,9,0,9,0,5,0,0,0,0,1,1,1,2,64,9,1396,1,6,1,1,1
2016030061838,2,9,0,18,0,8,0,0,0,0,2,1,1,1,55,8,1997,2,8,9,3,9
2016030061878,1,9,0,18,0,0,0,0,0,0,1,1,5,1,18,4,1124,1,11,7,3,7
2016030061878,2,9,0,18,0,0,0,0,0,0,1,1,5,1,63,9,1995,2,-1,6,3,6
2016030061960,1,1,0,9,0,6,0,0,0,0,3,1,5,2,50,8,-1,-1,-1,-1,-1,-1
2016030061960,2,9,0,18,0,8,0,0,0,0,1,1,5,1,63,9,1198,1,7,9,1,9
2016030062055,1,9,0,6,0,0,0,0,0,0,3,1,5,1,48,8,1984,1,14,3,1,3
2016030062055,2,5,0,18,0,0,0,0,0,0,0,1,1,1,47,8,996,1,9,1,1,1
2016030062095,1,9,0,18,0,0,0,0,0,0,1,1,2,1,24,5,1242,1,6,9,3,9
2016030062125,1,9,0,9,0,5,0,0,7,4,1,1,5,2,78,11,-1,-1,-1,5,3,5
2016030062125,2,9,0,9,0,5,0,0,0,0,3,1,5,1,30,6,1390,1,7,6,1,6
2016030062145,1,9,0,18,0,0,5,0,7,6,1,1,5,1,22,5,1956,2,2,7,1,7
2016030062145,2,9,0,18,0,0,0,0,0,0,2,1,5,2,50,8,1396,1,12,-1,3,-1
2016030062158,1,4,0,18,0,8,0,0,0,0,1,1,5,1,21,5,498,1,17,3,1,3
2016030062158,2,19,0,9,0,5,0,0,0,0,4,1,1,1,26,6,2198,2,-1,3,1,3
2016030062333,1,9,0,14,0,0,1,0,0,0,1,1,2,2,28,6,1242,1,1,8,1,8
2016030062333,2,9,0,18,0,0,0,0,1,0,3,1,6,1,65,9,-1,-1,-1,6,1,6
2016030062394,1,9,0,5,0,1,0,0,0,0,1,1,6,2,79,11,998,1,7,6,3,6
2016030062394,2,9,0,18,0,1,0,0,0,0,1,1,6,2,30,6,1991,2,11,6,1,6
2016030062449,1,9,0,9,0,1,0,0,0,0,0,1,6,2,36,7,3189,1,7,3,3,3
2016030062449,2,5,0,18,0,1,0,0,0,0,0,1,6,1,31,6,645,1,7,3,2,3
2016030062476,1,9,0,18,0,0,0,0,0,0,4,1,6,2,33,6,2295,1,14,-1,-1,-1
2016030062510,1,9,0,18,0,1,0,0,0,0,1,1,1,2,35,6,1329,1,2,5,3,5
2016030062510,2,9,0,10,0,1,2,0,7,0,2,1,6,2,26,6,1298,1,16,4,2,4
2016030062647,1,9,0,18,0,2,0,0,0,0,1,1,2,2,29,6,1197,1,4,1,1,1
2016030062647,2,9,0,6,0,2,0,0,0,0,3,1,1,1,42,7,1997,1,12,4,1,4
2016030062766,1,9,0,7,0,0,0,0,0,0,1,1,6,1,30,6,-1,-1,-1,-1,-1,-1
2016030062803,1,9,0,4,0,1,0,0,0,0,1,1,2,2,30,6,1598,1,11,2,1,2
2016030063056,1,21,0,16,0,0,0,0,7,0,1,1,1,1,65,9,11000,2,13,3,2,3
2016030063056,2,9,0,17,0,0,0,0,0,0,1,1,2,1,65,9,1198,1,8,8,1,8
2016030063216,1,9,0,15,0,0,2,0,0,0,1,1,6,2,50,8,1997,2,12,1,1,1
2016030063216,2,9,0,18,0,0,1,0,0,0,3,1,6,1,72,10,1598,1,4,9,1,9
2016030063223,1,9,0,18,0,0,0,0,0,0,1,1,6,2,26,6,1368,1,1,6,2,6
2016030063223,2,9,0,3,0,0,0,0,0,0,2,1,6,1,-1,-1,1997,2,10,6,3,6
2016030063235,1,9,0,18,0,1,5,0,1,10,4,1,6,1,83,11,1598,1,12,6,3,6
2016030063241,1,9,0,6,0,2,0,0,0,0,1,1,3,2,67,10,1388,1,8,7,3,7
2016030063241,2,9,0,18,0,1,0,0,1,0,4,1,1,2,43,7,1598,2,2,3,2,3
2016030063393,1,9,0,18,0,0,5,0,1,11,1,1,5,1,49,8,1398,2,13,6,3,6
2016030063427,1,9,0,18,0,1,0,0,0,0,1,1,6,1,55,8,1360,1,16,7,2,7
2016030063427,2,9,0,9,0,1,0,0,0,0,2,1,6,2,46,8,796,1,9,-1,-1,-1
2016030063467,1,9,0,18,0,0,0,0,0,0,0,1,6,2,46,8,1248,2,8,7,3,7
2016030063467,2,20,0,18,0,0,0,0,1,0,1,1,1,1,45,7,4462,2,3,-1,-1,-1
2016030063515,1,9,0,1,0,1,1,0,0,0,1,1,6,1,30,6,1299,1,14,3,2,3
2016030063515,2,9,0,1,0,1,0,0,0,0,1,1,1,2,48,8,-1,-1,-1,1,3,1
2016030063567,1,9,0,3,0,1,0,0,0,0,1,1,5,1,25,5,1900,2,12,1,1,1
2016030063567,2,9,0,3,0,1,0,0,0,0,2,1,2,2,25,5,1999,1,10,3,1,3
2016030063576,1,9,0,13,0,0,0,0,0,0,1,1,2,1,24,5,1866,2,12,6,3,6
2016030063576,2,9,0,16,0,0,0,0,1,0,1,1,6,1,82,11,1794,1,8,7,3,7
2016030063615,1,9,0,3,0,1,0,0,0,0,1,1,2,2,28,6,998,1,2,4,1,4
2016030063615,2,9,0,3,0,1,0,0,0,0,2,1,1,1,58,9,1991,1,-1,7,3,7
2016030063634,1,9,0,18,0,0,0,0,7,1,4,1,6,2,25,5,1422,2,15,4,2,4
2016030063676,1,9,0,16,0,2,0,0,1,0,1,1,5,1,41,7,2496,1,15,8,3,8
2016030063923,1,9,0,18,0,0,0,0,0,0,2,1,6,1,20,4,1598,1,9,1,1,1
2016030063923,2,9,0,18,0,0,0,0,0,0,1,1,6,1,67,10,1686,2,12,2,1,2
2016030063978,1,9,0,6,0,1,0,0,0,0,1,1,2,2,23,5,1598,1,5,7,3,7
2016030063978,2,9,0,18,0,1,0,0,0,0,1,1,2,2,35,6,1997,2,5,2,2,2
2016030064011,1,9,0,13,0,1,0,0,0,0,1,1,6,1,19,4,1242,1,9,2,1,2
2016030064011,2,9,0,4,0,1,0,0,0,0,2,1,6,1,46,8,3628,2,9,1,3,1
2016030064032,1,9,0,17,0,0,0,11,1,0,1,1,6,1,33,6,1596,1,7,6,3,6
2016030064102,1,9,0,4,0,7,0,0,0,0,1,1,6,1,17,4,999,1,11,9,2,9
2016030064102,2,9,0,4,0,7,0,0,0,0,2,1,6,2,48,8,2231,2,10,5,3,5
2016030064217,1,9,0,12,0,8,0,0,0,0,2,1,6,1,27,6,1956,2,-1,-1,1,-1
2016030064217,2,5,0,16,0,3,0,0,0,0,1,1,6,1,56,9,1199,1,6,1,1,1
2016030064252,1,9,0,18,0,0,1,0,7,4,1,1,6,1,48,8,3246,1,15,4,3,4
2016030064272,1,9,0,9,0,1,0,0,0,0,1,1,2,2,24,5,998,1,5,2,1,2
2016030064272,2,9,0,18,0,1,0,0,0,0,1,2,6,1,52,8,2204,2,10,9,3,9
2016030064299,1,9,0,12,0,0,0,0,0,0,4,1,6,2,75,10,1769,1,13,7,3,7
2016030064299,2,11,0,2,0,0,0,0,0,0,3,1,1,1,51,8,-1,-1,-1,8,3,8
2016030064327,1,9,0,1,0,0,0,0,0,0,2,1,6,2,21,5,998,1,6,3,1,3
2016030064327,2,3,0,18,0,0,0,0,0,0,1,1,6,1,18,4,124,1,-1,9,3,9
2016030064327,3,9,0,2,0,0,0,0,0,0,2,1,6,1,53,8,1598,2,3,1,1,1
2016030064327,4,9,0,2,0,0,0,0,0,0,1,1,6,1,47,8,-1,-1,-1,3,1,3
2016030064348,1,21,0,13,0,0,0,0,0,0,4,1,1,1,55,8,12130,2,16,1,1,1
2016030064348,2,9,0,18,0,0,0,0,1,0,3,1,2,1,31,6,1998,2,11,9,1,9
2016030064389,1,21,1,18,0,0,0,0,0,0,2,1,1,1,-1,-1,12777,2,6,-1,-1,-1
2016030064389,2,9,0,18,0,0,0,0,1,3,2,1,2,1,47,8,1598,1,14,6,2,6
2016030065010,1,9,0,4,0,0,1,0,0,0,2,1,2,1,44,7,1753,2,9,-1,3,-1
2016030065010,2,9,0,4,0,0,1,0,0,0,1,1,2,2,23,5,1499,2,1,-1,3,-1
2016030065028,1,9,0,18,0,0,0,0,1,0,1,1,6,2,80,11,1328,1,12,5,3,5
2016030065088,1,11,0,18,2,0,0,0,0,0,4,1,1,1,48,8,4249,2,1,4,1,4
2016030065112,1,9,0,18,0,0,0,0,0,0,0,1,6,3,30,6,-1,-1,-1,-1,-1,-1
2016030065112,2,9,0,18,0,0,0,11,4,7,4,1,6,2,60,9,1242,1,11,5,1,5
2016030065112,3,9,0,18,0,0,0,11,0,0,0,1,6,2,60,9,1329,1,7,-1,-1,-1
2016030065112,4,9,0,18,0,0,0,11,0,0,0,1,6,1,42,7,1968,2,3,-1,-1,-1
2016030065139,1,9,0,4,0,0,0,0,0,0,0,1,6,3,-1,-1,-1,-1,-1,-1,-1,-1
2016030065139,2,9,0,5,0,0,0,0,0,0,0,1,3,1,30,6,-1,-1,-1,1,2,1
2016030065174,1,9,0,5,0,6,0,0,0,0,1,1,6,1,26,6,1900,2,18,9,1,9
2016030065174,2,9,0,18,0,1,0,0,0,0,4,1,6,2,38,7,1956,2,1,2,1,2
2016030065264,1,9,0,18,0,0,0,0,0,0,3,1,6,2,24,5,1199,1,13,3,1,3
2016030065284,1,9,4,16,0,8,0,0,0,0,2,1,1,1,55,8,-1,-1,-1,6,3,6
2016030065483,1,9,0,4,0,0,0,0,0,0,1,1,6,1,84,11,1984,2,8,7,1,7
2016030065586,1,9,0,16,0,0,2,0,0,0,3,1,6,2,65,9,1461,2,8,6,3,6
2016030065615,1,9,0,18,0,1,2,0,0,0,1,1,2,1,27,6,1598,1,12,3,1,3
2016030065633,1,9,0,17,0,0,1,0,1,0,0,1,1,2,19,4,998,1,8,-1,-1,-1
2016030065661,1,9,0,18,0,0,0,0,0,0,1,1,6,1,25,5,1968,2,7,1,1,1
2016030065661,2,9,0,3,0,0,0,0,0,0,2,1,6,2,17,4,1997,1,14,5,1,5
2016030065904,1,9,0,18,0,0,0,0,0,0,1,1,6,1,26,6,1999,1,6,3,2,3
2016030065941,1,1,0,18,0,0,0,0,0,0,1,1,6,1,41,7,-1,-1,-1,1,1,1
2016030065941,2,9,0,18,0,0,0,0,0,0,1,1,6,2,30,6,1599,1,14,9,3,9
2016030066038,1,9,0,18,0,2,0,0,1,0,1,1,6,1,74,10,1596,1,2,1,2,1
2016030066120,1,9,0,18,0,2,0,0,0,0,1,1,6,2,34,6,1242,1,-1,5,1,5
2016030066149,1,9,0,16,0,0,0,0,7,0,1,1,6,1,48,8,1995,2,12,5,3,5
2016030066149,2,9,0,17,0,0,0,0,0,0,1,1,6,1,66,10,2179,2,5,6,3,6
2016030066210,1,3,0,16,0,0,0,0,7,0,1,1,6,1,44,7,125,1,1,7,1,7
2016030066228,1,19,0,17,0,0,0,4,0,0,1,1,6,1,29,6,2198,2,9,2,1,2
2016030066228,2,9,0,2,0,0,0,0,0,0,2,1,6,1,30,6,1598,1,8,4,1,4
2016030066228,5,9,0,2,0,0,0,4,0,0,0,1,6,1,-1,-1,1796,1,8,4,1,4
2016030066228,6,9,0,1,9,0,0,0,0,0,2,1,6,2,-1,-1,1461,2,7,7,1,7
2016030066228,7,9,0,1,9,0,0,0,0,0,2,1,6,1,-1,-1,1395,1,2,6,1,6
2016030066285,1,9,0,18,0,0,0,0,1,0,1,1,6,1,21,5,1360,1,10,3,2,3
2016030066311,1,5,0,16,0,0,1,0,0,0,1,1,6,1,26,6,1150,1,4,4,1,4
2016030066319,1,9,0,5,0,4,0,0,0,0,1,1,6,2,73,10,1198,1,13,7,2,7
2016030066319,2,1,0,9,0,3,0,0,0,0,4,1,6,2,49,8,-1,-1,-1,10,1,10
2016030066325,1,9,0,14,0,0,0,8,0,0,3,1,6,1,56,9,-1,-1,-1,3,1,3
2016030066325,2,9,0,2,0,0,0,0,0,0,4,1,6,1,41,7,1398,1,3,3,1,3
2016030066329,1,5,0,16,0,0,0,0,0,0,3,1,6,1,54,8,1130,1,13,6,3,6
2016030066329,2,9,0,17,0,0,0,0,0,0,3,1,6,1,30,6,1896,2,8,4,2,4
2016030066331,1,9,0,18,0,4,0,0,0,0,1,1,6,2,63,9,1242,1,6,4,1,4
2016030066331,2,9,0,4,0,4,0,0,0,0,2,1,6,1,41,7,1590,1,12,9,3,9
2016030066333,1,9,0,18,0,0,5,0,8,0,1,1,6,1,29,6,1998,1,8,2,1,2
2016030066346,1,9,0,18,0,1,2,0,2,4,3,1,1,1,69,10,2495,2,17,5,3,5
2016030066346,2,9,0,10,0,1,0,0,0,0,3,1,1,1,50,8,-1,-1,-1,6,3,6
2016030066354,1,9,0,7,0,5,0,0,1,0,1,1,6,1,23,5,1364,1,-1,-1,-1,-1
2016030066363,1,9,0,18,0,0,0,0,0,0,1,1,6,2,69,10,1248,2,6,6,3,6
2016030066363,2,1,0,18,0,0,0,0,0,0,1,1,6,1,60,9,-1,-1,-1,9,2,9
2016030066530,1,9,0,18,0,0,0,0,0,0,1,1,6,1,34,6,1598,2,2,10,1,10
2016030066530,2,9,0,18,0,0,0,0,0,0,2,1,6,2,42,7,1598,1,11,5,1,5
2016030066530,3,9,0,9,0,0,0,0,0,0,2,1,6,1,53,8,1995,2,2,6,3,6
2016030066530,4,9,0,18,0,0,0,0,0,0,1,1,6,2,18,4,1242,1,10,7,2,7
2016030066586,1,97,0,16,0,1,0,0,0,0,4,1,6,1,55,8,1450,1,13,8,3,8
2016030066586,2,19,0,17,0,1,0,0,0,0,1,1,6,1,34,6,1995,2,4,8,1,8
2016030066639,1,9,0,18,0,0,1,0,7,0,4,1,6,1,19,4,1242,1,9,-1,1,-1
2016030066639,2,9,0,18,0,0,0,0,0,0,1,1,6,1,49,8,1997,2,2,-1,-1,-1
2016030066699,1,3,0,18,0,0,1,0,0,0,0,1,6,1,51,8,125,1,2,2,1,2
2016030066716,1,9,0,9,0,0,0,0,0,0,0,1,5,1,49,8,2143,2,2,-1,-1,-1
2016030066716,2,1,0,18,0,0,0,0,0,0,4,1,5,1,39,7,-1,-1,-1,-1,-1,-1
2016030067073,1,9,0,9,0,1,0,0,0,0,4,1,6,1,74,10,-1,-1,-1,9,2,9
2016030067073,2,9,0,18,0,1,0,0,0,0,1,1,6,2,53,8,1686,2,13,9,3,9
2016030067099,1,9,0,18,0,1,1,0,1,0,1,1,6,1,36,7,-1,-1,-1,8,1,8
2016030067099,2,9,0,4,0,1,0,0,1,0,2,1,6,1,62,9,1560,2,8,5,1,5
2016030067117,1,9,0,17,0,0,0,0,2,0,1,1,6,1,75,10,2993,2,-1,6,3,6
2016030067159,1,9,0,13,0,0,0,0,0,0,2,1,6,3,-1,-1,-1,-1,-1,-1,-1,-1
2016030067159,2,1,0,18,0,0,5,0,0,0,1,1,6,1,22,5,-1,-1,-1,1,1,1
2016030067321,1,9,0,18,0,1,0,0,0,0,1,1,5,1,52,8,1598,2,5,8,1,8
2016030067482,1,9,0,18,0,0,2,0,7,10,1,1,5,1,50,8,1968,2,2,8,1,8
2016030067518,1,9,0,9,0,6,0,0,0,0,1,1,5,2,18,4,1086,1,12,1,2,1
2016030067518,2,9,0,18,0,8,0,0,0,0,4,1,5,1,42,7,1598,1,13,2,1,2
2016030067565,1,9,0,5,0,1,0,0,0,0,3,1,5,2,18,4,1242,1,15,2,1,2
2016030067565,2,9,0,18,0,1,0,0,0,0,1,1,1,2,27,6,998,1,14,-1,-1,-1
2016030067667,1,9,0,9,0,6,0,0,0,0,1,1,2,1,40,7,1896,2,13,4,1,4
2016030067667,2,9,0,18,0,8,0,0,1,0,1,1,2,1,30,6,1968,2,10,5,2,5
2016030068127,1,9,0,18,0,8,0,0,0,0,4,1,1,2,40,7,1368,1,4,-1,-1,-1
2016030068127,2,9,0,18,0,8,0,0,0,0,1,1,6,2,19,4,1390,1,4,-1,-1,-1
2016030068127,3,9,0,3,0,1,0,0,0,0,1,1,6,1,45,7,1399,2,13,1,1,1
2016030068312,1,9,0,4,0,0,0,0,0,0,1,1,6,2,21,5,1586,1,10,-1,-1,-1
2016030068312,2,9,0,4,0,0,0,0,0,0,2,1,6,2,53,8,1398,1,2,4,2,4
2016030068318,1,9,0,17,0,0,0,0,1,0,1,1,5,1,82,11,1086,1,10,-1,1,-1
2016030068366,1,9,0,1,0,0,0,0,0,0,3,1,6,1,68,10,1596,1,10,5,1,5
2016030068429,1,9,0,16,0,1,0,0,0,0,1,1,1,1,56,9,-1,-1,-1,8,3,8
2016030068429,2,9,0,10,0,1,0,0,0,0,2,1,2,2,52,8,1360,1,13,8,2,8
2016030068440,1,9,0,5,0,0,0,0,0,0,1,1,6,1,47,8,1995,2,1,6,3,6
2016030068440,2,1,0,9,0,0,0,0,0,0,2,1,6,1,39,7,-1,-1,-1,6,2,6
2016030068453,1,9,0,18,0,0,0,0,0,0,1,1,6,2,42,7,2191,2,-1,8,3,8
2016030068453,2,9,0,3,0,0,0,0,0,0,2,1,6,1,53,8,2993,2,1,9,3,9
2016030068454,1,9,0,18,0,0,0,0,0,0,1,1,5,2,20,4,1598,1,4,1,1,1
2016030068539,1,9,0,16,0,0,1,0,7,0,3,1,5,1,25,5,1597,1,23,-1,-1,-1
2016030068539,2,9,0,3,0,0,1,0,0,0,1,1,6,1,63,9,1395,1,-1,8,3,8
2016030068729,1,11,0,18,0,0,0,0,0,0,0,1,6,1,36,7,4250,2,12,2,1,2
2016030068729,2,9,0,18,0,0,0,0,0,0,0,1,6,3,-1,-1,-1,-1,-1,-1,-1,-1
2016030068758,1,19,0,18,0,1,0,0,0,0,1,1,1,1,33,6,2198,2,3,2,1,2
2016030068758,2,9,0,10,0,6,0,1,0,0,2,1,6,1,30,6,-1,-1,-1,5,2,5
2016030068790,1,1,0,17,0,1,0,0,0,0,1,1,6,2,25,5,-1,-1,-1,7,3,7
2016030068790,2,9,0,9,0,1,0,0,0,0,4,1,6,1,67,10,1968,2,1,10,3,10
2016030069119,1,9,0,16,0,0,2,0,1,0,1,1,6,2,36,7,-1,-1,-1,2,1,2
2016030069192,1,9,0,9,0,1,0,0,0,0,1,1,6,1,69,10,2401,2,10,8,1,8
2016030069192,2,9,0,18,0,1,0,0,0,0,3,1,1,2,34,6,1199,2,3,6,2,6
2016030069229,1,19,0,18,0,1,0,0,0,0,4,1,1,1,31,6,2198,2,10,7,3,7
2016030069229,2,9,0,18,0,1,0,0,0,0,1,1,1,1,32,6,-1,-1,-1,-1,-1,-1
2016030069269,1,9,0,18,0,0,0,0,0,0,1,1,6,1,21,5,998,1,5,1,2,1
2016030069271,1,9,0,9,0,1,0,0,0,0,1,1,3,2,-1,-1,1360,1,13,5,1,5
2016030069271,2,1,0,5,0,2,0,0,0,0,3,1,2,2,31,6,-1,-1,-1,5,1,5
2016030069308,1,19,0,9,0,1,0,0,0,0,4,1,1,1,28,6,1995,2,8,5,1,5
2016030069308,2,9,0,18,0,1,0,0,0,0,1,1,2,2,48,8,1560,2,3,6,3,6
2016030069308,3,9,0,8,0,6,0,0,0,0,4,1,6,2,78,11,1339,1,7,6,3,6
2016030069322,1,5,0,9,0,0,1,0,0,0,0,1,6,1,22,5,600,1,16,1,1,1
2016030069329,1,9,0,5,0,2,0,0,0,0,2,1,6,1,77,11,2199,2,4,-1,3,-1
2016030069329,2,9,0,18,0,8,0,0,0,0,1,1,6,2,74,10,1329,1,6,9,1,9
2016030069631,1,97,0,16,0,0,2,0,0,0,4,1,5,1,53,8,-1,-1,-1,-1,-1,-1
2016030070011,1,9,0,17,0,0,0,0,1,0,1,1,6,1,24,5,-1,-1,-1,7,2,7
2016030070083,1,9,0,18,0,0,0,0,0,0,1,1,6,1,24,5,1753,2,15,8,2,8
2016030070083,2,9,0,18,0,0,0,0,0,0,1,1,2,2,20,4,998,1,13,5,1,5
2016030070447,1,98,0,18,0,0,0,0,4,0,1,1,1,1,53,8,-1,-1,-1,-1,-1,-1
2016030070466,1,9,0,18,0,0,0,0,0,0,4,1,6,2,84,11,1242,1,4,8,1,8
2016030070466,2,9,0,18,0,0,0,0,0,0,3,1,6,2,47,8,1896,2,16,8,1,8
2016030070494,1,9,0,18,0,1,0,0,0,0,4,1,2,1,55,8,2494,2,10,7,1,7
2016030070494,2,1,0,18,0,1,0,0,0,0,1,1,2,1,11,3,-1,-1,-1,6,1,6
2016030070518,1,9,0,1,0,1,0,0,0,0,2,1,5,2,26,6,1997,2,9,2,1,2
2016030070526,1,9,0,18,9,0,0,10,7,0,1,1,6,1,23,5,1390,1,13,2,1,2
2016030070738,1,9,0,9,0,5,0,0,0,0,0,1,6,1,-1,-1,-1,-1,-1,-1,-1,-1
2016030070738,2,9,0,18,0,1,0,0,0,0,0,1,6,1,38,7,1968,2,7,10,1,10
2016030070814,1,9,0,9,0,1,0,0,0,0,1,1,6,1,42,7,1124,1,9,1,1,1
2016030070814,2,22,0,18,0,1,0,0,0,0,4,1,6,1,57,9,-1,-1,-1,1,1,1
2016030070845,1,9,0,18,0,0,0,0,0,0,1,1,6,1,39,7,1229,1,12,3,1,3
2016030070845,2,1,0,18,0,0,0,0,0,0,3,1,6,2,12,3,-1,-1,-1,5,1,5
2016030071087,1,9,0,5,0,6,0,0,0,0,1,1,1,1,58,9,2199,2,3,7,1,7
2016030071087,2,9,0,18,0,8,0,0,0,0,1,1,5,1,23,5,1598,2,1,4,1,4
2016030071159,1,9,0,4,0,4,0,0,0,0,0,1,1,1,49,8,-1,-1,-1,4,2,4
2016030071225,1,9,0,18,0,0,0,0,0,0,3,1,5,3,-1,-1,-1,-1,-1,-1,-1,-1
2016030071225,2,1,0,18,0,0,0,0,0,0,1,1,5,1,54,8,-1,-1,-1,6,2,6
2016030071258,1,9,0,18,0,0,0,0,0,0,0,1,6,3,-1,-1,-1,-1,-1,-1,-1,-1
2016030071258,2,9,0,17,0,0,5,0,0,0,1,1,5,1,17,4,1390,1,9,4,3,4
2016030071301,1,9,0,18,0,1,0,0,0,0,1,1,6,3,-1,-1,-1,-1,-1,-1,-1,-1
2016030071338,1,9,0,2,0,0,0,0,0,0,3,1,1,1,31,6,-1,-1,-1,1,2,1
2016030071338,2,1,0,18,0,0,0,8,0,0,1,1,1,2,27,6,-1,-1,-1,3,2,3
2016030071368,1,3,0,18,0,0,5,0,0,0,4,1,5,1,57,9,124,1,5,1,1,1
2016030071392,1,9,0,18,0,0,0,0,0,0,1,1,5,1,18,4,1598,1,5,9,3,9
2016030071415,1,9,0,18,0,0,0,0,0,0,4,1,5,2,67,10,1339,1,7,5,1,5
2016030071535,1,9,0,9,0,6,0,0,0,0,3,1,6,1,52,8,1197,1,5,8,3,8
2016030071535,2,5,0,18,0,1,1,0,0,0,1,1,1,1,38,7,599,1,15,7,3,7
2016030071609,1,9,0,18,0,0,0,0,0,0,1,1,6,1,40,7,2967,2,4,6,3,6
2016030071609,2,9,0,3,0,0,0,0,0,0,2,1,6,1,63,9,1968,2,8,4,1,4
2016030071665,1,9,0,18,0,0,0,0,0,0,2,1,6,1,18,4,2494,1,18,1,1,1
2016030071665,2,9,0,18,0,0,0,0,0,0,1,1,6,2,72,10,1598,2,1,8,2,8
2016030071781,1,5,0,18,0,0,0,0,7,0,3,1,6,1,68,10,680,1,5,6,3,6
2016030071797,1,9,0,16,0,0,1,0,7,0,3,1,1,1,29,6,1685,2,-1,-1,1,-1
2016030071797,2,21,0,17,0,0,0,0,0,0,3,1,1,1,55,8,10800,2,2,1,1,1
2016030072028,1,9,0,18,0,4,0,0,0,0,1,1,5,1,29,6,1975,1,14,1,1,1
2016030072028,2,9,0,18,0,4,0,0,3,1,4,1,5,2,47,8,1124,1,12,7,1,7
2016030072073,1,9,0,17,0,0,2,0,7,11,4,1,6,1,21,5,1242,1,12,4,1,4
2016030072075,1,9,0,18,0,1,0,0,0,0,1,1,6,1,19,4,1896,2,12,3,3,3
2016030072075,2,9,0,18,0,1,0,0,0,0,2,1,6,2,-1,-1,1598,2,4,5,3,5
2016030072075,3,9,0,18,0,1,0,0,0,0,0,1,6,1,50,8,2993,2,-1,4,1,4
2016030072136,1,9,0,16,0,0,0,0,1,0,0,1,6,1,24,5,1968,2,4,4,3,4
2016030072211,1,17,0,10,0,0,0,0,0,0,1,1,6,1,46,8,6728,2,2,5,3,5
2016030072211,2,5,0,18,0,0,0,0,0,0,3,1,6,1,49,8,1198,1,4,10,2,10
2016030072424,1,9,0,18,0,0,0,0,0,0,1,1,6,2,70,10,998,1,3,9,3,9
2016030072424,2,9,0,4,0,0,0,0,0,0,2,1,2,2,51,8,1968,2,9,5,2,5
2016030072466,1,9,0,15,0,0,5,0,2,10,3,1,5,1,44,7,1596,1,14,3,1,3
2016030072466,2,1,0,18,0,0,0,0,0,0,4,1,5,1,13,3,-1,-1,-1,9,1,9
2016030072558,1,9,0,18,0,0,5,10,1,0,1,1,6,2,19,4,1246,1,8,8,3,8
2016030072921,1,9,0,10,0,6,0,0,0,0,0,1,2,1,45,7,2987,2,7,-1,-1,-1
2016030072921,2,9,0,18,0,1,0,0,0,0,0,1,2,1,22,5,998,1,2,1,2,1
2016030072921,3,3,0,18,0,1,2,0,0,0,1,1,6,1,23,5,124,1,-1,6,2,6
2016030072921,4,21,1,18,0,1,1,0,0,0,1,1,1,1,49,8,12419,2,-1,-1,2,-1
2016030072921,5,9,0,3,0,6,0,0,0,0,0,1,6,2,68,10,1248,2,2,1,2,1
2016030073061,1,9,0,4,0,0,0,0,0,0,1,2,6,1,-1,-1,1991,1,23,2,1,2
2016030073061,2,9,0,4,0,0,0,0,0,0,2,1,6,1,23,5,2521,1,9,2,1,2
2016030073091,1,9,0,18,0,0,0,0,0,0,4,1,6,1,79,11,1896,2,7,5,3,5
2016030073115,1,8,0,4,0,4,0,0,0,0,1,1,6,1,67,10,-1,-1,-1,5,1,5
2016030073115,2,9,0,16,0,3,0,0,0,0,1,1,1,1,19,4,-1,-1,-1,7,3,7
2016030073153,1,9,0,13,0,2,0,0,0,0,3,1,6,3,-1,-1,-1,-1,-1,-1,-1,-1
2016030073153,2,1,0,18,0,2,0,10,0,0,0,1,6,1,13,3,-1,-1,-1,4,2,4
2016030073312,1,9,5,18,0,0,0,0,0,0,1,1,6,1,21,5,1910,2,8,3,1,3
2016030073312,2,9,0,4,0,0,0,0,0,0,2,1,6,1,50,8,1560,2,5,2,1,2
2016030073420,1,9,0,18,0,6,0,0,0,0,1,1,5,2,21,5,1296,1,9,7,1,7
2016030073420,2,9,0,18,0,1,0,0,0,0,1,1,5,1,39,7,1995,2,9,3,1,3
2016030073455,1,9,0,5,0,8,0,0,7,1,3,1,5,1,80,11,1997,2,2,7,3,7
2016030073455,2,9,0,18,0,8,0,0,0,0,0,1,2,1,18,4,1124,1,12,9,3,9