Accident_Index,Vehicle_Reference,Vehicle_Type,Towing_and_Articulation,Vehicle_Manoeuvre,Vehicle_Location-Restricted_Lane,Junction_Location,Skidding_and_Overturning,Hit_Object_in_Carriageway,Vehicle_Leaving_Carriageway,Hit_Object_off_Carriageway,1st_Point_of_Impact,Was_Vehicle_Left_Hand_Drive?,Journey_Purpose_of_Driver,Sex_of_Driver,Age_of_Driver,Age_Band_of_Driver,Engine_Capacity_(CC),Propulsion_Code,Age_of_Vehicle,Driver_IMD_Decile,Driver_Home_Area_Type,Vehicle_IMD_Decile
2016030086754,1,9,0,18,0,0,0,0,0,0,1,1,6,1,34,6,-1,-1,-1,1,1,1
2016030086754,2,9,0,4,0,0,0,0,0,0,2,1,6,2,22,5,-1,-1,-1,9,2,9
2016030086754,3,9,0,4,0,0,0,0,0,0,2,1,2,2,26,6,1339,1,5,7,3,7
2016030086754,4,9,0,4,0,0,0,0,0,0,2,1,2,1,26,6,1686,2,12,5,3,5
2016030086754,5,9,0,4,0,0,0,0,0,0,2,1,6,3,39,7,1998,1,9,3,1,3
2016030086945,1,9,0,18,0,0,1,0,0,0,1,1,5,1,31,6,1199,1,17,3,2,3
2016030086945,2,9,0,3,0,0,0,0,0,0,1,1,5,1,59,9,1587,1,19,1,2,1
2016030087010,1,9,0,9,0,1,0,0,0,0,4,1,2,2,64,9,1997,2,15,6,3,6
2016030087010,2,9,0,18,0,1,0,0,0,0,1,1,2,2,40,7,1242,1,8,5,1,5
2016030087029,1,9,0,18,0,0,0,0,4,0,3,1,5,2,55,8,1398,2,10,5,1,5
2016030087029,2,9,0,18,0,0,0,0,0,0,4,1,5,2,39,7,1582,2,5,-1,2,-1
2016030087042,1,9,0,18,0,1,0,0,7,0,1,1,6,1,51,8,1598,2,4,6,1,6
2016030087042,2,9,0,9,0,1,0,0,7,0,1,1,6,2,29,6,1396,2,4,6,1,6
2016030087042,3,9,0,2,0,1,0,0,0,0,1,1,6,1,61,9,-1,-1,-1,6,2,6
2016030087063,1,9,0,1,0,2,0,0,0,0,2,1,5,1,35,6,1900,2,16,1,1,1
2016030087081,1,9,0,17,0,0,1,10,1,11,1,1,5,1,62,9,973,1,13,-1,-1,-1
2016030087103,1,9,0,18,0,0,0,0,0,0,1,1,1,1,30,6,-1,-1,-1,2,1,2
2016030087103,2,9,0,18,0,0,0,0,0,0,1,1,1,1,49,8,-1,-1,-1,6,3,6
2016030087137,1,9,0,18,0,0,1,10,0,0,1,1,1,1,23,5,1390,1,7,6,2,6
2016030087150,1,9,0,16,0,0,0,0,0,0,1,1,5,2,73,10,1997,1,2,6,3,6
2016030087150,2,21,0,17,0,0,0,0,0,0,3,1,1,1,41,7,16120,2,7,5,1,5
2016030087151,1,9,0,18,0,8,0,0,0,0,1,1,6,1,26,6,1995,2,8,8,1,8
2016030087151,2,9,0,18,0,8,0,0,0,0,2,1,6,2,35,6,1360,1,12,3,2,3
2016030087151,3,9,0,18,0,8,0,0,0,0,2,1,6,2,39,7,1598,1,11,6,2,6
2016030087151,4,9,0,18,0,8,0,0,0,0,2,1,6,2,85,11,1395,1,2,4,1,4
2016030087185,1,9,0,18,0,0,1,0,0,0,1,1,5,1,18,4,1199,1,14,6,3,6
2016030087185,2,19,0,16,0,0,0,0,0,0,1,1,1,2,46,8,2198,2,2,5,3,5
2016030087208,1,19,0,18,0,0,0,0,0,0,1,1,2,1,63,9,2402,2,14,8,1,8
2016030087208,2,9,0,10,0,0,0,0,0,0,2,1,1,2,26,6,1896,2,9,6,3,6
2016030087478,1,9,0,17,0,0,1,0,1,4,3,1,6,1,29,6,1299,1,16,1,1,1
2016030087555,1,-1,0,18,0,0,0,0,0,0,1,1,6,1,30,6,-1,-1,-1,-1,-1,-1
2016030087555,2,1,0,18,0,0,0,0,0,0,1,1,6,1,32,6,-1,-1,-1,5,3,5
2016030087556,1,9,0,16,0,0,1,0,0,0,1,1,5,1,51,8,2495,2,11,7,1,7
2016030087556,2,90,5,17,0,0,0,0,0,0,3,1,5,1,87,11,-1,-1,-1,8,3,8
2016030087612,1,9,0,5,0,4,0,0,0,0,1,1,6,1,65,9,1598,1,15,5,1,5
2016030087612,2,1,0,18,0,3,0,0,0,0,4,1,6,1,58,9,-1,-1,-1,-1,-1,-1
2016030087614,1,9,0,18,0,0,0,0,0,0,1,1,6,1,-1,-1,-1,-1,-1,-1,-1,-1
2016030087614,2,9,0,3,0,0,0,0,0,0,1,1,5,2,37,7,1598,1,9,6,1,6
2016030087641,1,19,0,18,0,0,1,12,5,4,1,1,5,1,46,8,1560,2,3,-1,-1,-1
2016030088419,1,5,0,18,0,0,5,0,0,0,4,1,5,1,-1,-1,998,1,12,7,1,7
2016030088479,1,5,0,16,0,0,2,0,7,0,4,1,6,1,24,5,656,1,11,-1,-1,-1
2016030088479,2,9,0,18,0,0,0,0,0,0,4,1,6,2,43,7,-1,-1,-1,-1,-1,-1
2016030088523,1,23,0,18,9,0,0,0,0,0,1,1,5,1,24,5,-1,-1,-1,3,1,3
2016030088541,1,9,0,1,0,1,0,0,0,0,1,1,6,1,79,11,-1,-1,-1,7,3,7
2016030088541,2,1,0,1,0,1,0,0,0,0,4,1,6,1,67,10,-1,-1,-1,5,3,5
2016030088794,1,19,0,18,0,0,0,0,0,0,1,1,5,1,32,6,1998,2,13,5,3,5
2016030088901,1,9,0,12,0,0,0,0,0,0,0,1,6,3,-1,-1,-1,-1,-1,-1,-1,-1
2016030088901,2,9,0,13,0,0,0,0,0,0,1,1,6,1,54,8,1995,2,4,9,1,9
2016030088901,3,9,0,18,0,0,0,0,1,0,2,1,6,1,55,8,1497,8,2,6,1,6
2016030088902,1,5,0,17,0,0,0,0,1,0,0,1,5,1,23,5,999,1,4,6,3,6
2016030088982,1,5,0,18,0,0,0,10,7,0,1,1,5,1,31,6,599,1,6,5,1,5
2016030088982,2,5,0,18,0,0,0,10,7,0,1,1,5,1,29,6,998,1,12,2,1,2
2016030089020,1,5,0,18,0,1,1,7,0,0,1,1,1,1,49,8,999,1,-1,2,1,2
2016030089020,2,9,0,3,0,1,0,0,0,0,0,1,1,1,34,6,1998,1,12,3,2,3
2016030089023,1,5,0,18,0,0,0,0,0,0,1,1,1,1,31,6,750,1,7,5,3,5
2016030089023,2,9,0,18,0,0,0,0,0,0,2,1,1,1,35,6,1968,2,2,7,2,7
2016030089102,1,1,0,18,9,0,0,0,0,0,1,1,6,1,-1,-1,-1,-1,-1,-1,-1,-1
2016030089140,1,9,0,5,0,0,0,0,0,0,4,1,5,1,66,10,1582,2,9,-1,-1,-1
2016030089140,2,9,0,18,0,0,1,0,0,0,1,1,5,1,53,8,1896,2,13,6,2,6
2016030089206,1,9,0,7,0,2,0,0,0,0,3,1,6,3,-1,-1,1598,1,12,-1,-1,-1
2016030089206,2,5,0,16,0,1,0,0,0,0,1,1,6,1,53,8,670,1,4,6,3,6
2016030089234,1,9,0,16,0,0,0,0,0,0,1,1,1,1,43,7,1999,1,15,6,2,6
2016030089234,2,21,0,9,0,0,0,0,0,0,2,1,1,1,47,8,4462,2,3,-1,-1,-1
2016030089234,3,9,0,9,0,0,0,0,0,0,4,1,1,1,64,9,1968,2,2,10,3,10
2016030089264,1,9,0,18,0,0,0,0,0,0,1,1,1,1,47,8,-1,-1,-1,4,1,4
2016030089264,2,9,0,3,0,0,0,0,0,0,2,1,6,2,-1,-1,2231,2,7,3,3,3
2016030089275,1,9,0,5,0,7,1,0,0,0,0,1,5,1,36,7,2993,2,1,4,1,4
2016030089275,2,1,0,18,0,8,0,0,0,0,0,1,5,1,40,7,-1,-1,-1,3,1,3
2016030089282,1,11,0,3,0,0,0,0,0,0,0,1,1,1,23,5,-1,-1,-1,2,1,2
2016030090094,1,9,0,1,0,0,0,0,1,0,2,1,5,1,80,11,1318,1,-1,10,3,10
2016030090115,1,9,0,9,0,0,0,0,1,0,3,1,6,1,20,4,1587,1,13,3,2,3
2016030090115,2,9,0,18,0,0,0,0,0,0,4,1,6,1,21,5,1995,2,6,9,3,9
2016030090124,1,9,0,1,0,0,0,0,0,0,2,1,6,2,50,8,1299,1,15,9,2,9
2016030090124,2,9,0,2,0,0,0,0,0,0,2,1,5,2,48,8,1461,2,-1,1,2,1
2016030090128,1,11,0,18,0,0,0,0,1,0,4,1,1,1,56,9,-1,-1,-1,6,3,6
2016030090161,1,9,0,18,0,0,5,0,0,0,1,2,5,2,42,7,-1,-1,-1,7,2,7
2016030090167,1,9,0,1,0,0,0,0,0,0,2,1,6,1,-1,-1,-1,-1,-1,-1,-1,-1
2016030090225,1,9,0,18,0,0,5,0,1,0,4,1,5,1,38,7,2982,2,4,6,3,6
2016030090287,1,9,0,16,0,0,0,0,7,0,1,1,6,1,29,6,1781,1,14,3,1,3
2016030090312,1,9,0,18,0,0,5,0,1,0,1,1,5,2,17,4,1399,2,7,6,3,6
2016030090312,2,21,0,18,0,0,0,0,0,0,0,1,1,1,57,9,12777,2,7,-1,-1,-1
2016030090362,1,9,0,9,0,0,1,0,0,0,1,1,5,2,63,9,-1,-1,-1,10,1,10
2016030090362,2,9,0,18,0,0,0,0,0,0,0,1,5,2,28,6,2179,2,2,4,1,4
2016030090362,3,9,0,18,0,0,0,0,0,0,2,1,5,2,66,10,1198,1,1,9,1,9
2016030090875,1,9,0,18,0,0,0,0,0,0,1,1,2,2,50,8,1388,1,7,7,3,7
2016030090875,2,9,0,18,0,0,0,0,0,0,1,1,2,1,29,6,1995,1,14,6,3,6
2016030090901,1,5,0,16,0,0,1,0,7,7,1,1,6,1,65,9,1255,1,7,9,1,9
2016030091247,1,9,0,17,0,0,0,0,0,0,0,1,6,3,-1,-1,-1,-1,-1,-1,-1,-1
2016030091247,2,5,0,16,0,0,0,0,0,0,1,1,6,1,41,7,999,1,1,-1,-1,-1
2016030091247,3,9,0,17,0,0,0,0,0,0,1,1,6,1,63,9,2660,1,61,8,3,8
2016030091449,1,9,0,9,0,0,0,0,0,0,0,1,1,1,41,7,1956,2,6,4,1,4
2016030091449,2,9,0,18,0,0,0,0,0,0,1,1,6,1,24,5,1968,2,8,6,3,6
2016030091449,3,9,0,18,0,0,0,0,0,0,1,1,6,1,-1,-1,1973,1,15,6,2,6
2016030091617,1,9,0,5,0,6,0,0,0,0,1,1,5,2,42,7,1968,2,2,5,3,5
2016030091657,1,9,0,17,0,0,0,0,2,4,1,1,6,3,-1,-1,1896,2,13,-1,-1,-1
2016030091776,1,9,0,16,0,1,2,0,3,1,1,1,5,2,33,6,1560,2,3,8,1,8
2016030093095,1,9,0,18,0,0,0,0,5,6,3,1,6,1,18,4,1198,1,4,3,1,3
2016030093095,2,21,0,18,0,0,0,0,0,0,1,1,1,1,59,9,10837,2,2,-1,-1,-1
2016030093146,1,9,0,18,0,0,0,0,0,0,1,1,1,1,56,9,1560,2,2,9,1,9
2016030093146,2,20,0,18,0,0,0,0,0,0,3,1,1,1,61,9,3920,2,11,-1,-1,-1
2016030093169,1,9,0,9,0,5,0,0,0,0,4,1,6,1,38,7,1997,2,-1,-1,-1,-1
2016030093169,2,3,0,18,0,1,0,0,0,0,1,1,6,1,22,5,125,1,9,5,3,5
2016030093196,1,9,0,18,0,0,0,0,0,0,1,1,6,2,63,9,-1,-1,-1,7,3,7
2016030093206,1,5,0,18,0,1,0,0,0,0,1,1,6,1,40,7,999,1,10,5,2,5
2016030093206,2,9,0,9,0,5,0,0,0,0,3,1,6,1,-1,-1,1595,1,1,10,2,10
2016030093372,1,9,0,1,0,0,0,0,0,0,2,1,1,1,49,8,1995,2,3,4,3,4
2016030093481,1,9,0,10,0,1,0,0,0,0,1,1,3,1,51,8,1587,1,15,7,1,7
2016030093481,2,1,0,18,0,1,0,0,0,0,1,1,6,1,27,6,-1,-1,-1,-1,-1,-1
2016030093496,1,5,0,18,0,1,2,0,0,0,1,1,6,1,48,8,790,1,12,1,1,1
2016030093496,2,9,0,7,0,5,0,0,0,0,2,1,6,1,27,6,998,1,-1,3,1,3
2016030093516,1,9,0,4,0,0,0,0,0,0,4,1,5,1,51,8,1968,2,6,5,3,5
2016030093557,1,4,0,13,0,0,0,0,0,0,1,1,6,1,27,6,250,1,24,1,1,1
2016030093557,2,9,0,9,0,0,0,0,0,0,0,1,6,2,37,7,-1,-1,-1,9,1,9
2016030093642,1,9,0,17,0,0,0,4,0,0,1,1,5,1,42,7,1997,2,-1,1,1,1
2016030093642,2,9,0,2,9,0,0,0,0,0,2,1,6,3,-1,-1,-1,-1,-1,-1,-1,-1
2016030093711,1,9,0,17,0,0,5,0,8,0,1,1,6,1,17,4,999,1,-1,8,1,8
2016030093728,1,9,0,18,0,3,0,0,0,0,4,1,5,2,68,10,1796,1,9,6,1,6
2016030093728,2,5,0,10,0,3,0,0,0,0,3,1,5,1,63,9,998,1,9,6,3,6
2016030093810,1,9,0,17,0,0,0,0,1,0,1,1,6,1,24,5,1753,2,13,-1,-1,-1
2016030093838,1,19,0,18,0,1,0,0,0,0,1,1,1,2,29,6,2198,2,3,1,1,1
2016030093838,2,19,0,4,0,1,0,0,0,0,2,1,6,1,30,6,1248,2,8,4,1,4
2016030093838,3,9,0,4,0,1,0,0,0,0,2,1,6,2,20,4,1197,1,3,7,3,7
2016030093879,1,9,0,4,0,0,0,0,0,0,4,1,6,1,34,6,1560,2,8,1,1,1
2016030093879,2,9,0,13,0,0,0,0,0,0,1,1,6,2,51,8,1200,1,1,1,1,1
2016030093923,1,9,0,18,0,0,2,0,0,0,1,1,5,1,18,4,1242,1,6,5,3,5
2016030094753,1,3,0,13,0,1,0,0,0,0,1,1,2,1,40,7,124,1,9,-1,-1,-1
2016030094753,2,9,0,9,0,5,0,0,0,0,3,1,6,3,59,9,-1,-1,-1,-1,3,-1
2016030094779,1,9,0,7,0,1,0,0,0,0,0,1,5,1,86,11,1749,1,14,8,1,8
2016030094779,2,9,0,5,0,1,0,0,0,0,0,1,5,2,19,4,998,1,2,1,1,1
2016030094807,1,9,0,9,0,1,0,0,0,0,4,1,6,2,52,8,1951,2,12,6,3,6
2016030094807,2,1,0,18,0,5,0,0,0,0,1,1,6,1,53,8,-1,-1,-1,9,1,9
2016030094814,1,9,0,5,0,2,0,0,0,0,1,1,1,1,54,8,1968,2,8,4,3,4
2016030094814,2,9,0,18,0,1,0,0,0,0,3,1,5,1,18,4,1390,1,3,5,1,5
2016030094861,1,9,0,12,0,0,0,0,0,0,4,1,1,1,36,7,-1,-1,-1,4,2,4
2016030094861,2,9,0,18,0,0,1,0,1,0,2,1,5,1,68,10,1124,1,14,7,3,7
2016030094900,1,9,0,18,0,0,0,0,0,0,1,1,6,1,-1,-1,1997,2,9,-1,-1,-1
2016030094900,2,9,0,4,0,0,0,0,0,0,2,1,6,1,33,6,1461,2,3,8,3,8
2016030095120,1,9,0,9,0,1,0,0,0,0,1,1,6,2,-1,-1,1149,1,11,4,2,4
2016030095120,2,9,0,18,0,1,0,7,0,0,1,1,6,1,22,5,1995,2,8,4,2,4
2016030095161,1,9,0,13,0,0,0,0,0,0,0,1,6,1,52,8,996,1,3,4,1,4
2016030095161,2,9,0,18,0,0,1,0,0,0,1,1,1,1,60,9,-1,-1,-1,7,2,7
2016030095161,3,98,0,18,0,0,0,0,0,0,3,1,1,1,48,8,-1,-1,-1,-1,-1,-1
2016030095208,1,9,0,18,0,0,0,4,0,0,1,1,6,1,23,5,1798,8,1,4,3,4
2016030095208,2,9,0,2,0,0,0,0,0,0,3,1,6,2,28,6,-1,-1,-1,-1,-1,-1
2016030095208,3,9,0,2,0,0,0,0,0,0,3,1,6,1,57,9,-1,-1,-1,6,3,6
2016030095208,4,9,0,2,0,0,0,0,0,0,3,1,6,2,24,5,1951,2,12,4,2,4
2016030095267,1,9,0,18,0,1,0,0,0,0,1,1,2,1,33,6,999,1,3,1,1,1
2016030095267,2,9,0,10,0,5,0,0,0,0,2,1,6,2,33,6,1560,2,1,1,1,1
2016030095267,3,9,0,18,0,1,0,0,0,0,3,1,2,1,53,8,1997,2,2,9,1,9
2016030095307,1,5,0,16,0,0,1,0,0,0,0,1,1,1,42,7,645,1,14,5,3,5
2016030095307,2,98,0,2,0,0,0,0,0,0,0,1,1,1,49,8,-1,-1,-1,5,1,5
2016030095312,1,9,0,1,0,1,0,0,0,0,2,1,6,1,31,6,-1,-1,-1,9,2,9
2016030095340,1,9,0,18,0,0,0,4,1,0,4,1,6,1,31,6,1598,1,17,1,1,1
2016030095340,2,9,0,2,0,0,0,0,0,0,4,1,6,1,-1,-1,998,1,7,-1,-1,-1
2016030095348,1,9,0,-1,9,0,0,0,1,0,-1,1,6,3,-1,-1,-1,-1,-1,-1,-1,-1
2016030095371,1,9,0,18,0,0,0,0,7,4,1,1,6,1,56,9,-1,-1,-1,10,1,10
2016030095442,1,9,0,5,-1,5,0,0,0,0,1,1,1,1,49,8,1997,2,1,5,2,5
2016030095442,2,1,0,5,-1,5,0,0,0,0,1,1,1,1,52,8,-1,-1,-1,-1,-1,-1
2016030095552,1,9,0,18,0,0,0,0,0,0,1,1,5,2,81,11,1339,1,9,7,2,7
2016030095552,2,9,0,18,0,0,0,10,1,0,1,1,5,1,56,9,1598,1,8,8,2,8
2016030095634,1,97,0,17,0,0,0,11,1,2,1,1,6,1,32,6,-1,-1,-1,6,1,6
2016030095668,1,9,0,18,0,0,0,0,0,0,0,1,6,2,45,7,-1,-1,-1,5,3,5
2016030095668,2,21,1,18,0,0,0,11,0,0,3,1,1,1,52,8,12900,2,9,-1,-1,-1
2016030095668,3,9,0,18,0,0,0,0,0,0,4,1,6,1,26,6,-1,-1,-1,-1,-1,-1
2016030095680,1,1,0,16,0,0,1,0,7,9,1,1,5,1,60,9,-1,-1,-1,9,3,9
2016030095715,1,9,0,-1,-1,0,0,-1,-1,0,-1,1,6,3,-1,-1,2993,2,9,-1,-1,-1
2016030095715,2,1,0,-1,-1,0,0,-1,-1,0,-1,1,6,1,14,3,-1,-1,-1,3,2,3
2016030095745,1,9,0,18,0,1,0,0,1,0,1,1,6,2,22,5,1299,1,8,8,2,8
2016030095750,1,9,0,9,0,0,0,0,0,0,1,1,5,2,56,9,1341,1,13,3,1,3
2016030095750,2,2,0,18,0,0,1,0,0,0,1,1,5,1,16,4,49,1,11,3,1,3
2016030095769,1,9,0,6,0,0,0,0,0,0,3,1,5,2,60,9,1997,2,4,4,2,4
2016030095769,2,9,0,18,0,0,0,0,0,0,1,1,5,1,62,9,-1,-1,-1,6,3,6
2016030095802,1,9,0,18,0,0,5,0,1,0,4,1,5,2,38,7,1598,1,3,5,3,5
2016030095802,2,9,0,18,0,0,0,0,0,0,4,1,1,1,57,9,-1,-1,-1,5,3,5
2016030095828,1,9,0,17,0,0,2,0,1,7,1,1,5,1,66,10,1798,1,12,1,1,1
2016030095908,1,9,0,1,0,0,0,4,0,0,1,1,6,2,47,8,1199,1,13,1,1,1
2016030095908,2,9,0,4,0,0,0,0,0,0,0,1,6,1,24,5,1984,1,7,9,1,9
2016030095937,1,9,0,3,0,6,0,0,0,0,1,1,1,1,43,7,1461,2,-1,6,3,6
2016030095937,2,9,0,18,0,1,0,0,0,0,1,1,2,2,29,6,1242,1,2,6,1,6
2016030095939,1,9,0,17,0,0,1,10,6,0,1,1,5,2,-1,-1,1910,2,7,-1,-1,-1
2016030095941,1,19,0,18,0,0,0,0,0,0,2,1,6,1,24,5,1905,2,19,3,2,3
2016030095941,2,9,0,10,0,0,0,0,6,0,0,1,6,1,55,8,1753,2,9,4,2,4
2016030095961,1,9,0,18,0,1,1,4,0,0,1,1,5,2,17,4,1329,1,1,8,1,8
2016030095961,2,20,0,2,0,1,0,0,0,0,1,1,1,1,45,7,2143,2,2,5,1,5
2016030095988,1,19,0,6,0,0,0,0,7,10,1,1,1,1,60,9,-1,-1,-1,-1,2,-1
2016030095988,2,19,0,18,0,0,0,0,7,2,1,1,1,1,37,7,2143,2,2,-1,-1,-1
2016030095988,3,9,0,2,9,0,0,0,0,0,1,1,6,3,-1,-1,-1,-1,-1,-1,-1,-1
2016030096026,1,98,4,18,0,0,0,0,0,0,1,1,6,1,63,9,-1,-1,-1,-1,1,-1
2016030096026,2,9,0,2,0,0,0,0,0,0,2,1,6,1,49,8,-1,-1,-1,8,3,8
2016030096088,1,9,0,3,0,0,0,0,0,0,1,1,6,3,-1,-1,2993,2,10,-1,-1,-1
2016030096088,2,9,0,3,0,0,0,0,0,0,2,2,1,2,36,7,1229,1,10,8,1,8
2016030096120,1,9,0,18,0,1,1,0,0,0,1,1,6,1,56,9,1753,2,15,-1,-1,-1
2016030096120,2,9,0,8,0,1,0,0,1,0,2,1,6,2,60,9,1349,1,2,5,3,5
2016030096120,3,19,0,18,0,1,0,0,0,0,1,1,1,1,47,8,2402,2,5,1,1,1
2016030096120,4,9,0,8,0,1,0,0,0,0,3,1,5,1,17,4,1598,2,2,8,1,8
2016030096133,1,9,0,4,0,1,0,0,0,0,1,1,6,2,23,5,1149,1,10,9,1,9
2016030096133,2,9,0,3,0,1,0,0,0,0,2,1,6,2,23,5,1598,1,9,4,2,4
2016030096262,1,1,0,18,0,0,0,0,0,0,4,1,6,3,-1,-1,-1,-1,-1,-1,-1,-1
2016030096262,2,9,0,18,0,0,0,0,0,0,0,1,6,2,-1,-1,1198,1,13,4,2,4
2016030096284,1,9,0,18,9,0,0,0,1,10,1,1,2,2,57,9,1596,1,13,3,1,3
2016030096434,1,9,0,9,0,0,0,0,0,0,3,1,6,2,48,8,1968,2,10,5,2,5
2016030096434,2,9,0,9,0,0,0,0,0,0,1,1,6,1,53,8,1198,1,1,8,1,8
2016030096460,1,9,0,3,0,4,0,0,0,0,1,1,2,2,45,7,1560,2,5,5,3,5
2016030096460,2,9,0,3,0,4,0,0,0,0,2,1,5,2,41,7,1995,2,6,5,1,5
2016030096621,1,11,0,11,0,0,0,0,0,0,3,1,6,1,51,8,-1,-1,-1,-1,-1,-1
2016030096621,2,9,0,18,0,0,0,0,0,0,4,2,6,1,30,6,1896,2,13,-1,1,-1
2016030096757,1,1,0,17,0,0,1,0,0,0,4,1,6,1,61,9,-1,-1,-1,10,1,10
2016030096757,2,9,0,4,0,0,0,0,0,0,3,1,6,1,53,8,1171,1,17,5,1,5
2016030096781,1,9,0,17,0,0,5,10,1,0,4,1,5,1,68,10,2143,2,2,10,1,10
2016030096798,1,9,0,17,0,0,1,0,0,0,1,1,5,1,89,11,1242,1,8,6,3,6
2016030096798,2,9,0,16,0,0,0,0,0,0,4,1,5,1,48,8,1598,1,9,5,1,5
2016030096847,1,5,0,5,0,0,0,0,0,0,0,1,5,1,57,9,1151,1,2,-1,-1,-1
2016030096944,1,9,0,18,0,0,1,0,0,0,1,1,5,2,35,6,2184,2,13,1,1,1
2016030096944,2,9,0,18,0,0,0,0,0,0,2,1,5,2,43,7,1896,2,8,1,1,1
2016030097044,1,9,0,17,0,0,1,0,8,0,2,1,1,2,22,5,1149,1,8,10,2,10
2016030097060,1,9,0,18,0,0,0,0,4,6,1,1,6,1,31,6,2967,2,3,-1,1,-1
2016030097060,2,9,0,18,0,0,0,0,1,0,2,1,6,1,64,9,1582,2,1,9,3,9
2016030097093,1,11,0,5,0,2,0,0,0,0,1,1,1,1,60,9,-1,2,17,6,3,6
2016030097122,1,17,5,13,0,0,0,0,0,0,2,1,1,1,16,4,-1,2,11,-1,-1,-1
2016030097122,2,1,0,18,0,0,0,0,0,0,3,1,6,1,52,8,-1,-1,-1,7,1,7
2016030097167,1,9,0,18,0,0,0,0,0,0,1,1,6,1,26,6,1364,1,2,5,1,5
2016030097373,1,9,0,9,0,1,0,0,0,0,4,1,5,2,33,6,1124,1,10,1,1,1
2016030097373,2,9,0,18,0,1,0,0,0,0,1,1,5,2,26,6,2993,2,4,7,1,7
2016030097411,1,5,0,2,0,0,5,0,0,0,0,1,5,1,63,9,828,1,40,6,1,6
2016030097411,2,9,0,18,0,0,0,0,0,0,0,1,6,3,-1,-1,-1,-1,-1,-1,-1,-1
2016030097437,1,9,0,18,0,0,0,0,0,0,0,1,2,1,25,5,1997,2,14,7,3,7
2016030097437,2,9,0,18,0,0,0,0,0,0,2,1,2,1,42,7,1461,2,2,3,1,3
2016030097437,3,9,0,18,0,0,0,0,0,0,2,1,5,1,38,7,-1,-1,-1,5,1,5
2016030097437,4,21,0,18,0,0,0,0,0,0,2,1,1,2,33,6,-1,-1,-1,6,2,6
2016030097446,1,9,0,18,0,0,0,0,0,0,0,1,6,3,-1,-1,-1,-1,-1,-1,-1,-1
2016030097446,2,11,0,18,0,0,0,0,1,7,4,1,1,1,26,6,10677,2,-1,-1,1,-1
2016030097488,1,9,0,18,0,0,0,0,0,0,4,1,5,1,20,4,1999,1,8,3,1,3
2016030097488,2,19,0,17,0,0,0,0,0,0,0,1,5,2,61,9,1753,2,6,7,2,7
2016030097498,1,97,0,16,0,0,1,6,0,0,4,1,5,1,16,4,50,1,2,1,1,1
2016030097573,1,4,0,18,0,2,0,0,0,0,1,1,6,1,72,10,248,1,19,5,3,5
2016030097573,2,9,0,18,0,1,0,0,0,0,1,1,6,2,-1,-1,1998,1,10,5,2,5
2016030097600,1,9,0,18,0,1,0,4,0,0,4,1,2,1,24,5,-1,-1,-1,2,2,2
2016030097600,2,9,0,2,0,1,0,0,0,0,3,1,6,2,-1,-1,1329,1,4,2,1,2
2016030097600,3,9,0,2,0,2,0,0,0,0,3,1,6,1,-1,-1,1149,1,9,2,1,2
2016030097680,1,19,0,5,0,0,1,0,0,0,4,1,1,1,64,9,1560,2,2,7,3,7
2016030097680,2,5,0,17,0,0,1,0,0,0,1,1,5,1,35,6,-1,-1,-1,6,3,6
2016030097706,1,9,0,4,0,0,0,0,0,0,1,1,6,2,40,7,2000,1,11,6,1,6
2016030097706,2,9,0,4,0,0,0,0,0,0,2,1,6,1,57,9,1998,8,1,-1,3,-1
2016030097754,1,1,0,4,0,1,0,0,0,0,0,1,6,1,27,6,-1,-1,-1,6,3,6
2016030097754,2,9,0,18,0,1,0,0,0,0,0,1,6,2,25,5,1198,1,7,8,2,8
2016030097867,1,9,0,5,0,0,0,0,0,0,3,1,5,2,20,4,1590,1,12,4,1,4
2016030097867,2,9,0,18,0,0,0,0,0,0,1,1,5,2,61,9,1397,1,7,5,3,5
2016030097952,1,19,0,5,0,0,0,0,0,0,1,1,1,1,63,9,2198,2,1,6,1,6
2016030097952,2,21,1,5,0,0,0,0,0,0,2,1,1,1,-1,-1,12419,2,-1,-1,2,-1
2016030097952,3,1,0,5,0,0,0,0,0,0,1,1,6,2,26,6,-1,-1,-1,4,1,4
2016030097959,1,9,0,7,0,3,0,0,0,0,4,1,6,2,49,8,-1,-1,-1,-1,-1,-1
2016030098022,1,9,0,18,0,0,0,0,0,0,1,1,5,1,35,6,1896,2,8,8,1,8
2016030098022,2,9,0,18,0,0,0,0,0,0,4,1,5,1,61,9,-1,-1,-1,1,1,1
2016030098126,1,9,0,10,0,0,0,0,3,0,3,1,6,1,44,7,1769,1,14,5,1,5
2016030098126,2,9,0,18,0,0,0,0,3,0,1,1,6,1,25,5,2088,2,18,5,1,5
2016030098160,1,9,0,18,0,0,2,10,0,0,1,1,5,1,67,10,2199,2,4,-1,-1,-1
2016030098177,1,9,0,9,0,0,0,0,0,0,1,1,6,1,18,4,1368,1,7,8,2,8
2016030098177,2,1,0,7,0,0,0,0,0,0,3,1,6,1,45,7,-1,-1,-1,8,2,8
2016030098215,1,9,0,18,0,0,0,0,0,0,1,1,5,2,56,9,998,1,14,7,3,7
2016030098215,2,9,0,11,0,0,0,0,0,0,2,1,5,2,51,8,1329,1,5,-1,-1,-1
2016030098228,1,9,0,18,0,0,2,0,0,0,1,1,6,1,60,9,2477,2,12,-1,-1,-1