Accident_Index,Vehicle_Reference,Vehicle_Type,Towing_and_Articulation,Vehicle_Manoeuvre,Vehicle_Location-Restricted_Lane,Junction_Location,Skidding_and_Overturning,Hit_Object_in_Carriageway,Vehicle_Leaving_Carriageway,Hit_Object_off_Carriageway,1st_Point_of_Impact,Was_Vehicle_Left_Hand_Drive?,Journey_Purpose_of_Driver,Sex_of_Driver,Age_of_Driver,Age_Band_of_Driver,Engine_Capacity_(CC),Propulsion_Code,Age_of_Vehicle,Driver_IMD_Decile,Driver_Home_Area_Type,Vehicle_IMD_Decile
2016030098252,1,3,0,4,0,0,0,0,0,0,1,1,5,1,20,4,124,1,7,3,2,3
2016030098252,2,9,0,4,0,0,0,0,0,0,0,1,1,2,59,9,999,1,7,5,2,5
2016030098269,1,9,0,18,0,1,1,0,0,0,1,1,5,2,41,7,1242,1,4,1,2,1
2016030098269,2,9,0,18,0,1,1,0,0,0,3,1,5,1,54,8,1598,2,2,3,2,3
2016030098272,1,9,0,18,0,0,0,0,1,2,1,1,5,2,23,5,1149,1,14,1,1,1
2016030098303,1,9,0,1,0,0,0,0,0,0,2,1,6,2,-1,-1,1390,1,3,7,3,7
2016030098303,2,9,0,2,0,0,0,0,0,0,1,1,6,1,25,5,1499,2,3,6,3,6
2016030098400,1,1,0,12,0,0,0,0,0,0,0,1,5,2,41,7,-1,-1,-1,8,2,8
2016030098400,2,1,0,4,0,0,0,0,0,0,1,1,5,2,48,8,-1,-1,-1,8,2,8
2016030098411,1,9,0,18,0,1,0,0,0,0,1,1,2,2,50,8,1240,1,6,-1,-1,-1
2016030098411,2,9,0,10,0,1,0,0,0,0,2,1,5,2,26,6,-1,3,2,3,2,3
2016030098424,1,9,0,5,0,1,0,0,0,0,1,1,2,1,35,6,1598,2,1,8,3,8
2016030098424,3,1,0,18,0,1,0,0,0,0,4,1,2,2,42,7,-1,-1,-1,2,1,2
2016030098485,1,3,0,18,0,2,0,0,0,0,1,1,6,1,46,8,-1,-1,-1,8,1,8
2016030098555,1,1,0,18,0,0,0,0,0,0,1,1,5,1,16,4,-1,-1,-1,9,1,9
2016030098555,2,9,0,18,0,0,0,0,0,0,4,1,5,1,58,9,1198,1,2,9,1,9
2016030098570,1,20,0,1,0,0,0,0,0,0,2,1,1,1,61,9,2998,2,7,8,3,8
2016030098626,1,22,0,16,0,0,0,0,0,0,0,1,5,1,85,11,-1,-1,-1,2,3,2
2016030098653,1,9,0,18,0,0,0,0,0,0,0,1,5,1,70,10,-1,-1,-1,1,2,1
2016030098653,2,1,0,18,0,0,0,0,1,0,1,1,5,1,23,5,-1,-1,-1,9,3,9
2016030098653,3,1,0,18,0,0,0,0,1,0,1,1,5,1,18,4,-1,-1,-1,5,2,5
2016030098668,1,17,4,10,0,1,0,0,0,0,1,1,1,1,19,4,6788,2,2,6,3,6
2016030098668,2,9,0,10,0,1,0,0,0,0,2,1,5,2,28,6,1422,2,-1,7,3,7
2016030098707,1,9,0,17,0,0,0,0,0,0,1,1,6,1,25,5,2000,1,10,4,3,4
2016030098707,2,9,0,17,0,0,0,0,0,0,1,1,6,1,53,8,2231,2,6,4,3,4
2016030098719,1,9,0,18,0,4,0,0,0,0,2,1,6,1,49,8,1796,1,12,4,1,4
2016030098719,2,1,0,18,0,4,0,0,0,0,1,1,6,1,61,9,-1,-1,-1,7,3,7
2016030098728,1,9,0,17,0,0,1,11,2,0,1,1,5,1,55,8,3436,1,2,9,1,9
2016030098808,1,9,0,18,0,0,0,0,0,0,1,1,6,1,63,9,1995,2,4,6,3,6
2016030098808,2,9,0,9,0,0,0,0,0,0,2,1,6,1,50,8,1560,2,6,7,3,7
2016030098814,1,9,0,17,0,0,1,0,2,4,1,1,5,1,19,4,1588,1,12,6,3,6
2016030098962,1,9,0,9,0,0,0,0,0,0,1,1,6,1,52,8,1461,2,2,2,1,2
2016030098962,2,9,0,18,0,0,0,0,0,0,1,1,6,1,18,4,1368,1,4,6,1,6
2016030098962,3,9,0,2,6,0,0,0,0,0,4,1,6,2,22,5,1149,1,7,-1,-1,-1
2016030099073,1,9,0,17,0,0,2,0,7,9,1,1,2,1,24,5,1396,1,11,3,2,3
2016030099105,1,3,0,18,0,0,1,0,0,0,4,1,2,1,17,4,125,1,1,3,2,3
2016030099348,1,9,0,18,0,0,1,0,1,0,1,1,6,1,17,4,1229,1,8,7,2,7
2016030099483,1,9,0,17,0,0,5,0,7,11,1,1,1,2,19,4,1242,1,8,10,2,10
2016030099498,1,9,0,18,0,0,0,0,0,0,4,1,2,1,41,7,2494,2,1,2,1,2
2016030099510,1,9,0,8,0,2,0,0,0,0,4,1,6,2,35,6,1294,1,11,5,1,5
2016030099510,2,1,0,18,0,1,0,0,0,0,1,1,2,1,52,8,-1,-1,-1,5,1,5
2016030099567,1,11,0,18,0,1,0,0,0,0,0,1,6,1,42,7,9000,2,6,4,1,4
2016030099631,1,9,0,9,0,2,0,0,0,0,3,1,5,2,61,9,1396,1,1,9,1,9
2016030099631,2,1,0,18,0,1,0,0,1,0,3,1,5,1,60,9,-1,-1,-1,8,2,8
2016030099857,1,9,0,16,0,0,0,0,1,0,3,1,6,1,50,8,-1,-1,-1,4,3,4
2016030099857,2,9,0,17,0,0,0,0,0,0,3,1,6,2,59,9,1582,2,2,5,3,5
2016030099883,1,19,0,18,0,8,0,0,0,0,1,1,1,1,32,6,-1,-1,-1,6,3,6
2016030099883,2,1,0,18,0,8,0,0,0,0,3,1,5,1,65,9,-1,-1,-1,3,1,3
2016030099918,1,9,0,18,0,0,0,0,0,0,4,1,6,3,-1,-1,-1,-1,-1,-1,-1,-1
2016030099918,2,9,0,2,0,0,0,0,0,0,4,1,3,2,30,6,1598,1,8,5,1,5
2016030099939,1,9,0,7,0,1,1,0,0,0,3,1,5,1,64,9,1896,2,10,3,1,3
2016030099939,2,9,0,18,0,1,1,0,1,0,4,1,5,2,67,10,1396,2,3,7,1,7
2016030099959,1,9,0,18,0,0,0,0,1,0,1,1,5,1,55,8,-1,-1,-1,4,1,4
2016030099969,1,9,0,17,0,0,0,0,0,0,3,1,6,2,62,9,1995,2,10,2,2,2
2016030099969,2,9,0,16,0,0,0,0,0,0,3,1,2,1,37,7,1360,1,10,3,1,3
2016030100002,1,9,0,5,0,0,0,0,0,0,1,1,5,2,-1,-1,2967,1,16,10,2,10
2016030100002,2,9,0,17,0,0,0,0,0,0,3,1,5,2,-1,-1,1390,1,8,7,1,7
2016030100002,3,9,0,16,0,0,0,0,0,0,1,1,5,2,-1,-1,1248,1,7,2,2,2
2016030100322,1,9,0,18,0,0,0,0,0,0,2,1,6,1,19,4,1896,2,13,5,1,5
2016030100322,2,9,0,18,0,0,0,0,0,0,1,1,6,1,19,4,1998,1,8,5,3,5
2016030100377,1,9,0,17,0,0,0,4,0,0,1,1,5,2,32,6,1998,2,10,5,1,5
2016030100377,2,9,0,2,0,0,0,0,0,0,0,1,5,1,50,8,1796,1,14,-1,-1,-1
2016030100456,1,9,0,18,0,0,0,0,0,0,1,1,6,1,54,8,1999,1,2,9,1,9
2016030100462,1,4,0,3,0,0,0,0,0,0,1,1,5,1,24,5,296,1,2,-1,-1,-1
2016030100462,2,9,0,3,0,0,0,0,0,0,2,1,5,1,45,7,1995,2,8,10,1,10
2016030100462,3,9,0,3,7,0,0,0,0,0,0,1,5,1,48,8,973,1,15,1,1,1
2016030100823,1,19,4,18,0,0,2,0,0,0,4,1,5,1,68,10,2151,2,14,-1,1,-1
2016030100975,1,9,0,18,0,0,5,10,8,10,1,1,6,1,20,4,1998,1,11,-1,-1,-1
2016030101022,1,5,0,17,0,0,0,10,1,11,1,1,5,1,57,9,999,1,1,7,1,7
2016030101045,1,5,0,18,0,0,0,0,1,11,4,1,5,1,55,8,1215,1,-1,5,1,5
2016030101080,1,1,0,18,0,0,0,0,1,11,1,1,5,1,64,9,-1,-1,-1,7,2,7
2016030101097,1,1,0,16,0,0,5,0,0,0,0,1,6,2,55,8,-1,-1,-1,7,3,7
2016030101097,2,9,0,17,0,0,0,0,0,0,0,1,6,1,64,9,1968,2,6,7,1,7
2016030101374,1,19,0,5,0,0,0,0,0,0,1,1,2,1,28,6,1995,2,3,-1,-1,-1
2016030101374,2,9,0,18,0,0,0,0,0,0,1,1,5,2,65,9,2400,2,5,9,1,9
2016030101427,1,9,0,9,0,5,0,0,0,0,1,1,6,1,17,4,1198,1,7,9,3,9
2016030101427,2,9,0,18,0,1,0,0,0,0,1,1,6,1,48,8,1997,2,8,8,1,8
2016030101453,1,9,0,13,0,0,1,0,0,0,4,1,2,1,41,7,1796,1,14,4,1,4
2016030101453,2,9,0,9,0,0,0,0,0,0,3,1,6,2,45,7,1598,1,11,5,3,5
2016030101722,1,9,0,18,0,0,0,7,1,7,1,1,5,1,45,7,1598,1,7,5,2,5
2016030101799,1,19,0,9,0,0,0,0,0,0,3,1,2,3,56,9,1248,2,4,3,2,3
2016030101799,2,5,0,18,0,0,0,0,0,0,4,1,2,1,50,8,1170,1,6,5,3,5
2016030101838,1,9,0,18,0,0,0,0,1,1,1,1,5,1,56,9,1995,2,7,3,1,3
2016030101862,1,9,0,18,0,0,0,0,0,0,1,1,6,3,-1,-1,-1,-1,-1,-1,-1,-1
2016030101862,2,9,0,18,0,0,0,0,0,0,0,1,6,1,51,8,1997,2,2,2,1,2
2016030101862,3,9,0,18,0,0,0,0,0,0,1,1,6,1,53,8,1968,2,1,10,1,10
2016030101862,4,9,0,18,0,0,0,0,0,0,1,1,6,1,55,8,1998,2,1,8,2,8
2016030102175,1,5,0,3,0,0,0,0,0,0,3,1,6,1,29,6,-1,-1,-1,-1,1,-1
2016030102175,2,9,0,3,0,0,0,0,0,0,0,1,6,1,30,6,1388,1,12,5,1,5
2016030102211,1,9,0,17,0,1,0,4,1,0,4,1,6,1,30,6,1968,2,5,6,2,6
2016030102211,2,9,0,2,6,1,0,0,0,0,2,1,6,1,-1,-1,4164,2,17,7,3,7
2016030102211,3,9,0,2,6,1,0,0,0,0,2,1,6,2,28,6,1560,2,9,6,3,6
2016030102275,1,9,0,18,0,1,0,0,0,0,4,1,6,3,-1,-1,-1,-1,-1,-1,-1,-1
2016030102275,2,1,0,18,0,1,0,0,0,0,3,1,6,1,15,3,-1,-1,-1,9,1,9
2016030102404,1,9,0,18,0,0,0,0,0,0,1,1,6,1,58,9,1242,1,2,5,2,5
2016030102404,2,9,0,18,0,0,0,0,0,0,3,1,6,1,37,7,2967,2,11,3,3,3
2016030102632,1,9,0,5,0,4,0,0,0,0,4,1,5,2,62,9,1798,1,8,-1,-1,-1
2016030102632,2,1,0,16,0,8,0,0,0,0,4,1,2,1,62,9,-1,-1,-1,2,1,2
2016030102650,1,9,0,18,0,0,0,0,0,0,1,1,5,1,75,10,1997,2,-1,6,1,6
2016030102650,2,9,0,18,0,0,0,0,0,0,4,1,5,2,62,9,1390,1,17,1,1,1
2016030102701,1,98,0,18,0,0,0,0,0,0,1,1,5,1,45,7,-1,-1,-1,9,1,9
2016030102701,2,9,0,18,0,0,0,0,0,0,2,1,5,1,49,8,1298,1,12,8,1,8
2016030102739,1,9,0,9,0,4,0,0,1,10,1,1,5,2,87,11,1360,1,14,-1,-1,-1
2016030102739,2,9,0,7,0,5,0,0,0,0,2,1,5,1,43,7,1341,1,16,2,1,2
2016030102754,1,9,0,4,0,4,0,0,0,0,3,1,5,2,22,5,998,1,8,9,1,9
2016030102754,2,9,0,8,0,4,0,0,0,0,4,1,5,1,18,4,1198,1,11,10,1,10
2016030102939,1,9,0,9,0,8,0,0,0,0,3,1,6,1,28,6,1598,1,11,8,2,8
2016030102939,2,5,0,13,0,8,0,0,0,0,1,1,6,1,52,8,919,1,13,8,3,8
2016030102973,1,9,0,16,0,0,0,0,0,0,1,1,5,1,54,8,2494,2,10,3,2,3
2016030102973,2,9,0,10,0,0,0,0,0,0,2,1,5,2,-1,-1,996,1,4,3,2,3
2016030103045,1,9,0,18,0,1,0,0,0,0,2,1,6,2,62,9,2993,2,4,6,3,6
2016030103085,1,9,0,7,0,5,0,0,0,0,1,1,6,3,-1,-1,-1,-1,-1,-1,-1,-1
2016030103416,1,9,0,7,0,1,0,0,0,0,1,1,5,1,65,9,1968,2,2,7,2,7
2016030103416,2,1,0,18,0,1,0,0,0,0,1,1,6,1,18,4,-1,-1,-1,2,1,2
2016030103469,1,9,0,1,0,0,0,0,0,0,2,1,6,1,61,9,1796,1,10,4,1,4
2016030103469,2,9,0,2,0,0,0,0,0,0,1,1,6,1,26,6,2480,1,-1,9,2,9
2016030103548,1,9,0,11,0,5,5,11,0,0,3,1,6,2,35,6,1397,1,15,-1,-1,-1
2016030103606,1,9,0,18,0,6,0,0,0,0,3,1,5,2,78,11,1560,2,7,5,3,5
2016030103606,2,5,0,18,0,1,0,0,0,0,1,1,2,1,41,7,1215,1,1,9,1,9
2016030103778,1,9,0,18,0,0,1,0,1,10,4,1,6,1,21,5,1229,1,8,2,1,2
2016030103782,1,9,0,9,0,0,0,0,0,0,1,1,5,1,64,9,1388,1,7,4,1,4
2016030103782,2,19,0,18,0,0,0,0,0,0,4,1,1,1,23,5,2198,2,10,3,1,3
2016030103816,1,9,0,10,0,1,0,0,7,0,1,1,1,1,58,9,2099,1,14,7,3,7
2016030103816,2,9,0,18,0,1,0,0,1,0,3,1,5,1,56,9,1753,2,6,4,3,4
2016030103886,1,9,0,4,0,1,0,0,0,0,1,1,6,1,67,10,1995,2,-1,5,1,5
2016030103886,2,9,0,5,0,1,0,0,0,0,2,1,6,1,28,6,1968,2,4,5,3,5
2016030103921,1,9,0,18,0,0,1,0,0,0,2,1,6,2,20,4,1242,1,7,3,1,3
2016030103921,2,9,0,18,0,0,0,0,0,0,1,1,6,1,65,9,-1,-1,-1,3,3,3
2016030103941,1,9,0,9,0,8,0,0,0,0,4,1,2,1,56,9,-1,-1,-1,8,1,8
2016030103941,2,1,0,18,0,8,0,0,0,0,1,1,5,1,24,5,-1,-1,-1,2,1,2
2016030103959,1,9,0,16,0,0,1,0,1,0,1,1,5,2,29,6,1598,1,2,10,3,10
2016030104284,1,9,0,3,0,0,0,0,0,0,2,1,5,3,-1,-1,1242,1,10,-1,-1,-1
2016030104284,2,9,0,4,0,0,0,0,0,0,0,1,5,1,60,9,1591,1,-1,3,1,3
2016030104340,1,9,0,18,0,0,1,0,0,0,1,1,6,1,19,4,1043,1,24,8,2,8
2016030104340,2,19,0,9,0,0,0,0,0,0,3,1,6,1,55,8,2488,2,12,-1,-1,-1
2016030104383,1,9,0,18,0,0,0,0,0,0,1,1,6,2,19,4,1388,1,12,4,2,4
2016030104383,2,9,0,18,0,0,0,0,0,0,1,1,6,1,79,11,-1,-1,-1,8,1,8
2016030104535,1,19,0,17,0,1,0,0,0,0,0,1,1,1,28,6,2198,2,2,4,1,4
2016030104799,1,21,1,18,0,8,0,0,0,0,1,1,6,1,54,8,15607,2,11,7,1,7
2016030104799,2,9,0,18,0,6,0,11,0,0,3,1,6,1,30,6,2496,2,12,-1,-1,-1
2016030104875,1,9,0,18,0,0,5,4,0,0,1,1,6,2,20,4,1388,1,10,6,3,6
2016030104875,2,9,0,2,0,0,0,0,0,0,1,1,6,1,-1,-1,1461,2,2,7,1,7
2016030104913,1,19,0,9,0,0,0,0,0,0,3,1,1,1,28,6,1998,2,11,8,1,8
2016030104913,2,3,0,18,0,0,0,0,0,0,1,1,1,1,21,5,124,1,8,8,3,8
2016030104946,1,9,0,10,0,2,0,0,0,0,1,1,5,2,35,6,1398,1,6,1,1,1
2016030104946,2,9,0,18,0,1,0,0,0,0,1,1,5,1,39,7,2776,2,10,8,1,8
2016030104989,1,9,0,1,0,0,0,0,0,0,1,1,6,1,23,5,-1,-1,-1,10,1,10
2016030105027,1,9,0,9,0,0,0,0,0,0,3,1,6,2,26,6,1242,1,-1,7,3,7
2016030105027,2,9,0,18,0,0,0,0,0,0,1,1,6,2,72,10,2979,1,14,7,3,7
2016030105033,1,9,0,2,0,0,0,0,7,11,2,1,3,2,41,7,1390,1,4,7,3,7
2016030105053,1,9,0,18,9,0,0,7,1,0,1,1,6,2,-1,-1,1685,2,5,8,1,8
2016030105053,2,-1,0,2,0,0,0,0,0,0,0,1,1,3,-1,-1,-1,-1,-1,-1,-1,-1
2016030105120,1,9,0,3,0,0,0,0,0,0,1,1,5,1,44,7,1598,2,4,-1,-1,-1
2016030105120,2,9,0,3,0,0,0,0,0,0,2,1,5,2,53,8,1363,2,13,-1,-1,-1
2016030105144,1,9,0,1,9,1,0,0,0,0,2,1,6,3,-1,-1,1798,1,13,-1,-1,-1
2016030106021,1,9,0,16,0,0,2,0,8,3,1,1,5,2,66,10,1360,1,9,7,2,7
2016030106086,1,9,0,5,0,2,1,0,0,0,1,1,5,2,66,10,1598,1,6,10,2,10
2016030106086,2,9,0,3,0,2,1,0,0,0,1,1,5,2,80,11,1360,1,16,9,3,9
2016030106086,3,9,0,3,0,1,0,0,0,0,2,1,5,1,44,7,1560,2,3,5,3,5
2016030106086,4,9,0,3,0,1,0,0,0,0,2,1,5,1,76,11,1798,1,9,4,1,4
2016030106086,5,9,0,18,0,1,0,0,0,0,1,1,6,1,69,10,2179,2,8,5,3,5
2016030106153,1,9,0,1,0,0,0,0,0,0,2,1,5,1,86,11,2497,1,11,5,3,5
2016030106153,2,9,0,2,0,0,0,0,0,0,1,1,5,2,55,8,1229,1,3,1,1,1
2016030106153,3,9,0,2,0,0,0,0,0,0,1,1,5,1,30,6,1995,2,15,1,1,1
2016030106249,1,9,0,18,0,0,0,0,0,0,4,1,3,2,38,7,2696,2,2,9,3,9
2016030106290,1,1,0,18,0,0,0,0,0,0,1,1,6,1,71,10,-1,-1,-1,-1,-1,-1
2016030106290,2,9,0,18,0,0,0,0,0,0,2,1,6,1,60,9,1399,1,12,1,2,1
2016030106796,1,9,0,4,-1,0,0,0,0,0,1,1,6,3,-1,-1,1328,1,2,-1,-1,-1
2016030106868,1,1,0,16,0,0,1,0,1,11,0,1,6,1,46,8,-1,-1,-1,-1,-1,-1
2016030106949,1,9,0,11,0,0,0,0,1,1,4,1,1,1,46,8,1560,2,-1,3,1,3
2016030106949,2,19,0,17,0,0,0,0,0,0,3,1,1,1,56,9,4462,2,3,-1,-1,-1
2016030107193,1,9,0,18,0,0,1,0,7,4,1,1,2,1,51,8,1398,2,9,6,3,6
2016030107232,1,9,0,18,0,0,5,10,1,11,1,1,5,2,22,5,1587,1,9,7,3,7
2016030107357,1,19,0,18,0,0,0,0,0,0,1,1,5,1,19,4,1248,2,2,1,1,1
2016030107357,2,9,0,18,0,0,0,0,1,0,3,1,1,1,51,8,1493,1,17,5,3,5
2016030107433,1,9,0,18,0,0,0,0,0,0,1,1,5,2,19,4,-1,-1,-1,-1,-1,-1
2016030107433,2,9,0,4,0,0,0,0,0,0,2,1,5,2,59,9,1598,1,15,7,3,7
2016030107448,1,9,0,18,0,0,1,0,1,11,1,1,5,2,20,4,1242,1,10,6,2,6
2016030107489,1,9,0,5,0,1,0,0,0,0,1,1,6,1,73,10,1796,1,14,2,1,2
2016030107489,2,5,0,5,0,1,0,0,0,0,2,1,6,1,27,6,599,1,7,-1,-1,-1
2016030107494,1,9,0,3,0,3,0,0,0,0,1,1,2,1,23,5,1560,2,5,2,1,2
2016030107494,2,9,0,7,0,1,0,0,0,0,2,1,6,2,54,8,1395,1,3,6,2,6
2016030107544,1,9,0,18,0,0,0,0,0,0,2,1,5,3,-1,-1,1896,2,12,-1,-1,-1
2016030107544,2,9,0,4,0,0,0,0,0,0,0,1,5,1,40,7,1597,1,7,2,2,2
2016030107777,1,9,0,9,0,5,0,0,0,0,4,1,5,1,32,6,1796,1,9,7,1,7
2016030107777,2,5,0,17,0,1,5,0,0,0,1,1,5,1,73,10,645,1,9,8,3,8
2016030107837,1,9,0,7,0,8,0,0,0,0,3,1,6,1,-1,-1,-1,-1,-1,-1,-1,-1
2016030107872,1,9,0,18,0,0,0,0,0,0,4,1,5,1,84,11,1598,1,10,2,1,2
2016030107872,2,9,0,2,0,0,0,0,1,0,3,1,5,2,39,7,1086,1,6,2,1,2
2016030107876,1,-1,0,18,0,0,0,0,0,0,0,1,6,3,-1,-1,-1,-1,-1,-1,-1,-1
2016030107876,2,22,0,18,9,0,0,0,0,0,0,1,6,2,52,8,-1,-1,-1,5,3,5
2016030107890,1,9,0,18,0,0,0,0,7,0,3,1,5,1,60,9,998,1,9,9,3,9
2016030107890,2,19,0,18,0,0,0,0,0,0,3,1,1,2,42,7,-1,-1,-1,10,1,10
2016030107895,1,9,0,18,0,0,0,0,0,0,4,1,1,1,34,6,1598,2,4,5,1,5
2016030107896,1,9,0,8,0,0,0,0,0,0,1,1,1,1,56,9,1246,1,8,-1,-1,-1
2016030107896,2,9,0,18,0,0,0,0,0,0,1,1,1,1,45,7,-1,-1,-1,8,1,8
2016030107927,1,9,0,18,0,1,0,0,0,0,1,1,2,1,26,6,-1,-1,-1,6,3,6
2016030107927,2,9,0,10,0,1,0,0,0,0,2,1,2,2,40,7,1242,1,4,5,1,5
2016030107927,3,9,0,18,0,1,0,0,0,0,3,1,6,2,21,5,1591,1,8,-1,-1,-1
2016030107929,1,9,0,10,0,8,0,0,0,0,1,1,6,2,21,5,1362,1,2,2,1,2
2016030107929,2,1,0,18,0,8,0,0,0,0,1,1,2,1,32,6,-1,-1,-1,9,1,9
2016030107933,1,9,0,13,0,0,2,0,1,0,1,1,5,1,48,8,3799,1,-1,9,3,9
2016030108017,1,9,0,18,0,1,0,0,0,0,1,1,6,1,23,5,1895,1,15,1,1,1
2016030108017,2,9,0,3,0,1,0,0,0,0,2,1,2,1,50,8,1242,1,4,2,1,2
2016030108174,1,9,0,18,0,0,0,11,0,0,1,1,5,3,-1,-1,-1,-1,-1,-1,-1,-1
2016030108174,2,1,0,18,0,0,2,11,0,0,1,1,6,1,40,7,-1,-1,-1,4,1,4
2016030108271,1,9,0,16,0,2,0,0,0,0,1,1,5,2,22,5,1560,2,6,7,3,7
2016030108380,1,19,0,7,0,0,0,0,0,0,1,1,2,1,35,6,1598,2,2,4,2,4
2016030108414,1,9,0,18,0,0,1,7,1,0,1,1,5,1,46,8,1349,1,7,-1,3,-1
2016030108414,2,9,0,18,0,0,0,0,0,0,3,1,5,1,57,9,998,1,13,9,1,9
2016030109140,1,9,0,1,0,0,0,0,0,0,2,1,6,2,53,8,-1,-1,-1,4,1,4
2016030109140,2,9,0,18,0,0,0,0,0,0,1,1,6,2,57,9,1339,8,6,3,2,3
2016030109181,1,9,0,18,0,0,0,0,0,0,1,1,5,1,18,4,1390,1,9,1,1,1
2016030109181,2,9,0,3,0,0,0,0,0,0,2,1,5,1,60,9,2204,2,8,3,2,3
2016030109213,1,9,0,3,0,0,0,0,0,0,2,1,5,2,20,4,1968,2,-1,3,2,3
2016030109213,2,9,0,18,0,0,0,0,0,0,1,1,5,1,55,8,998,1,4,5,1,5
2016030109306,1,9,0,10,0,0,0,0,0,0,1,1,5,1,20,4,-1,-1,-1,6,3,6
2016030109306,2,9,0,18,0,0,0,0,0,0,1,1,5,1,18,4,1399,2,13,3,1,3
2016030109405,1,19,0,4,0,0,0,0,0,0,0,1,5,1,24,5,-1,-1,-1,5,3,5
2016030109405,2,9,0,18,0,0,0,0,0,0,1,1,6,1,60,9,1124,1,19,-1,-1,-1
2016030109431,1,1,0,9,0,8,0,0,0,0,2,1,2,1,61,9,-1,-1,-1,6,2,6
2016030109431,2,5,0,18,0,8,0,0,0,0,1,1,2,1,40,7,745,1,1,8,1,8
2016030109451,1,9,0,2,0,0,0,0,0,0,4,1,3,2,71,10,1149,1,7,2,1,2
2016030109451,2,1,0,18,0,0,0,8,0,0,1,1,1,1,50,8,-1,-1,-1,7,2,7
2016030109457,1,8,0,9,0,0,0,0,0,0,1,1,6,1,-1,-1,1896,2,10,9,1,9
2016030109489,1,9,0,18,0,0,5,0,7,11,1,1,5,1,52,8,2967,2,2,4,1,4
2016030109512,1,9,0,9,0,0,0,0,0,0,1,1,5,1,48,8,1968,2,11,-1,-1,-1
2016030109512,2,9,0,18,0,0,0,0,0,0,2,1,5,2,32,6,2993,2,12,7,2,7
2016030109512,3,9,0,4,0,0,0,0,0,0,1,1,5,1,42,7,-1,-1,-1,5,1,5
2016030109595,1,5,0,14,0,1,0,0,0,0,1,1,2,1,54,8,1170,1,10,5,2,5
2016030109595,2,9,0,10,0,1,0,0,0,0,2,1,2,1,26,6,1968,2,13,5,3,5
2016030109598,1,9,0,18,0,0,0,0,0,0,1,1,6,3,-1,-1,-1,-1,-1,-1,-1,-1
2016030109598,2,9,0,18,0,0,0,0,0,0,0,1,5,2,38,7,1968,2,7,3,1,3
2016030109633,1,9,0,18,0,0,0,0,0,0,3,1,6,3,-1,-1,-1,-1,-1,-1,-1,-1
2016030109633,2,9,0,18,0,0,0,0,0,0,3,1,5,1,73,10,-1,-1,-1,7,3,7
2016030109655,1,9,0,3,0,0,0,0,0,0,1,1,5,1,32,6,1896,2,13,7,2,7
2016030109655,2,9,0,18,0,0,0,0,0,0,2,1,5,2,88,11,998,1,5,-1,-1,-1
2016030109696,1,9,0,18,0,0,0,0,7,11,1,1,5,1,79,11,1997,2,3,7,3,7
2016030109725,1,9,0,5,0,0,0,0,0,0,3,1,6,2,-1,-1,-1,-1,-1,-1,-1,-1
2016030109725,2,3,0,14,0,0,0,0,0,0,0,1,5,1,24,5,-1,-1,-1,2,1,2
2016030109817,1,9,0,18,0,0,0,0,0,0,1,1,6,1,79,11,998,1,5,4,1,4
2016030109817,2,9,0,18,0,0,0,0,0,0,2,1,6,1,34,6,2402,2,6,6,3,6
2016030109911,1,4,0,4,0,0,5,0,0,0,4,1,5,1,69,10,1300,1,1,-1,-1,-1
2016030109953,1,9,0,18,0,0,0,0,0,0,2,1,5,1,29,6,1984,1,6,8,2,8
2016030109953,2,19,0,8,0,0,0,0,0,0,1,1,5,1,48,8,1753,2,11,8,2,8
2016030110265,1,9,0,9,0,6,0,0,0,0,4,1,5,2,71,10,1560,2,12,7,3,7
2016030110265,2,1,0,9,0,5,0,0,0,0,1,1,6,1,64,9,-1,-1,-1,10,2,10
2016030110329,1,9,0,18,0,3,0,0,1,7,1,1,6,3,-1,-1,1753,2,14,-1,-1,-1
2016030110336,1,9,0,18,0,0,0,0,0,0,1,1,6,1,-1,-1,1596,1,15,1,2,1
2016030110389,1,19,0,18,0,0,0,0,0,0,4,1,2,3,-1,-1,2198,2,-1,-1,-1,-1
2016030110396,1,17,4,7,0,6,0,0,0,0,0,1,6,3,-1,-1,-1,-1,-1,-1,-1,-1
2016030110396,2,1,0,-1,-1,-1,0,-1,-1,0,-1,1,5,1,44,7,-1,-1,-1,6,2,6
2016030110785,1,5,0,16,0,0,1,0,0,0,3,1,6,1,68,10,650,1,60,3,1,3
2016030110785,2,9,0,17,0,0,0,0,0,0,3,1,6,1,73,10,1498,1,7,-1,-1,-1
2016030111508,1,9,0,2,0,0,0,0,0,0,2,1,2,1,61,9,-1,-1,-1,-1,-1,-1
2016030111508,2,9,0,18,0,0,0,4,0,0,1,1,2,2,20,4,1395,1,1,4,2,4
2016030111565,1,5,0,7,0,8,2,0,0,0,0,1,6,1,47,8,645,1,12,5,1,5
2016030111601,1,19,0,17,0,0,0,0,0,0,3,1,1,1,30,6,1560,2,2,4,1,4
2016030111618,1,9,0,5,0,6,0,0,0,0,1,1,1,2,65,9,-1,-1,-1,8,1,8
2016030111618,2,9,0,18,0,6,0,0,0,0,4,1,1,2,29,6,1596,1,8,4,1,4
2016030111647,1,9,0,18,0,0,0,0,1,0,1,1,5,1,71,10,1242,1,-1,4,1,4