Accident_Index,Vehicle_Reference,Vehicle_Type,Towing_and_Articulation,Vehicle_Manoeuvre,Vehicle_Location-Restricted_Lane,Junction_Location,Skidding_and_Overturning,Hit_Object_in_Carriageway,Vehicle_Leaving_Carriageway,Hit_Object_off_Carriageway,1st_Point_of_Impact,Was_Vehicle_Left_Hand_Drive?,Journey_Purpose_of_Driver,Sex_of_Driver,Age_of_Driver,Age_Band_of_Driver,Engine_Capacity_(CC),Propulsion_Code,Age_of_Vehicle,Driver_IMD_Decile,Driver_Home_Area_Type,Vehicle_IMD_Decile
2016030111682,1,9,0,18,0,0,0,0,0,0,1,1,6,1,69,10,1995,2,14,6,2,6
2016030111682,2,1,0,18,0,0,0,0,0,0,1,1,6,1,10,2,-1,-1,-1,1,2,1
2016030111720,1,11,0,4,7,0,0,0,0,0,1,1,5,1,55,8,4461,2,2,4,1,4
2016030111728,1,9,0,18,0,0,0,0,0,0,1,1,6,3,-1,-1,-1,-1,-1,-1,-1,-1
2016030111819,1,5,0,18,0,0,2,0,0,0,1,1,5,1,27,6,599,1,12,1,1,1
2016030111990,1,9,0,16,0,0,1,4,0,0,1,1,5,2,23,5,1399,2,13,5,3,5
2016030111990,2,9,0,3,0,0,0,0,0,0,2,1,5,1,52,8,1341,1,13,1,2,1
2016030111990,3,9,0,3,0,0,0,0,0,0,2,1,5,1,47,8,-1,-1,-1,-1,-1,-1
2016030112043,1,9,0,13,0,0,0,0,1,0,1,1,6,1,36,7,1360,1,17,6,2,6
2016030112043,2,9,0,18,0,0,0,0,0,0,0,1,6,1,73,10,2316,1,21,6,3,6
2016030112150,1,9,0,1,0,0,0,0,0,0,2,1,6,3,-1,-1,1398,2,6,-1,-1,-1
2016030112150,2,9,0,4,0,0,0,0,0,0,1,1,5,2,22,5,1796,1,16,2,1,2
2016030112402,1,9,0,18,0,0,1,0,3,0,4,1,6,1,27,6,1781,1,14,-1,-1,-1
2016030112402,2,19,0,18,0,0,0,0,0,0,0,1,1,1,59,9,-1,-1,-1,8,1,8
2016030112402,3,19,0,18,0,0,0,0,0,0,0,1,1,1,47,8,-1,-1,-1,8,1,8
2016030112402,4,9,0,18,0,0,0,0,0,0,0,1,1,1,50,8,1968,2,1,4,1,4
2016030112404,1,-1,0,16,0,0,0,0,0,0,1,1,6,3,-1,-1,-1,-1,-1,-1,-1,-1
2016030112404,2,9,0,17,0,0,0,0,1,11,4,1,5,1,18,4,1368,1,3,3,3,3
2016030112468,1,9,0,18,0,1,0,0,0,0,1,1,5,1,25,5,998,1,13,2,1,2
2016030112468,2,9,0,18,0,1,0,0,0,0,2,1,5,2,53,8,-1,3,1,2,1,2
2016030112503,1,9,0,4,0,1,0,0,0,0,3,1,5,2,20,4,1198,1,10,3,1,3
2016030112603,1,19,0,18,0,1,0,0,0,0,1,1,1,1,40,7,1870,2,10,5,1,5
2016030112603,2,9,0,9,0,5,0,0,0,0,2,1,5,1,62,9,1390,1,5,7,1,7
2016030112651,1,9,0,18,0,0,0,0,0,0,1,1,6,1,40,7,-1,-1,-1,6,3,6
2016030112651,2,9,0,18,0,0,0,0,0,0,2,1,6,2,52,8,848,1,24,-1,2,-1
2016030112672,1,98,0,18,0,0,0,0,0,0,1,1,1,2,27,6,-1,-1,-1,-1,-1,-1
2016030112672,2,9,0,8,0,0,0,0,0,0,3,1,2,2,26,6,1599,1,11,1,3,1
2016030112694,1,9,0,9,0,0,0,0,0,0,2,1,6,3,-1,-1,2148,2,7,-1,-1,-1
2016030112694,2,1,0,18,0,0,0,0,0,0,3,1,6,1,58,9,-1,-1,-1,8,3,8
2016030112717,1,9,0,13,0,0,0,0,0,0,3,1,5,1,68,10,1998,2,11,2,1,2
2016030112717,2,9,0,18,0,0,1,0,0,0,4,1,5,1,36,7,2000,1,6,5,1,5
2016030112784,1,9,0,16,0,0,0,0,0,0,1,1,5,2,28,6,-1,-1,-1,2,2,2
2016030112784,2,9,0,17,0,0,0,0,0,0,1,1,5,1,30,6,1686,2,11,4,2,4
2016030113966,1,9,0,18,0,0,0,0,0,0,1,1,5,2,22,5,1596,1,10,1,2,1
2016030113966,2,9,0,7,0,0,0,0,0,0,1,1,5,1,25,5,1586,1,1,6,2,6
2016030113966,3,9,0,18,0,0,0,0,0,0,3,1,5,1,35,6,1999,2,1,1,2,1
2016030114051,1,9,0,18,0,0,0,0,0,0,3,1,6,3,-1,-1,-1,-1,-1,-1,-1,-1
2016030114051,2,9,0,18,0,0,0,0,0,0,0,1,6,2,48,8,1598,1,13,2,1,2
2016030114073,1,9,0,17,0,0,1,10,8,11,1,1,5,1,18,4,1242,1,10,6,1,6
2016030114158,1,9,0,9,0,0,0,0,0,0,3,1,6,2,-1,-1,1328,1,11,9,1,9
2016030114158,2,1,0,18,0,0,0,0,0,0,1,1,5,1,16,4,-1,-1,-1,6,3,6
2016030114179,1,9,0,16,0,0,0,0,0,0,1,1,2,2,18,4,1242,1,3,7,3,7
2016030114179,2,9,0,17,0,0,0,0,0,0,1,1,1,1,46,8,-1,-1,-1,8,1,8
2016030114194,1,9,0,18,0,0,0,10,3,4,1,1,5,1,52,8,1896,2,14,8,1,8
2016030114216,1,9,0,18,0,0,0,12,4,6,3,1,5,2,65,9,1560,2,-1,7,3,7
2016030114216,2,9,0,18,0,0,0,0,0,0,0,1,5,1,25,5,2143,2,-1,-1,-1,-1
2016030114216,3,9,0,18,0,0,0,0,0,0,0,1,5,1,-1,-1,1796,1,11,7,2,7
2016030114235,1,9,0,18,0,0,5,0,1,4,1,1,2,1,55,8,1560,2,2,10,2,10
2016030114265,1,9,0,18,0,0,0,0,0,0,1,1,1,1,31,6,1461,2,13,1,1,1
2016030114265,2,5,0,9,0,0,0,0,0,0,3,1,1,1,52,8,1584,1,7,2,1,2
2016030114420,1,9,0,5,0,0,0,0,0,0,1,1,6,1,59,9,998,1,4,5,3,5
2016030114420,2,9,0,18,0,0,0,0,0,0,4,1,6,2,34,6,1968,2,1,-1,-1,-1
2016030114443,1,11,0,18,0,0,0,0,0,0,0,1,5,1,41,7,4500,2,2,3,1,3
2016030114535,1,9,0,18,0,0,0,0,0,0,4,1,6,3,-1,-1,-1,-1,-1,-1,-1,-1
2016030114535,2,1,0,18,0,0,0,0,0,0,0,1,6,1,40,7,-1,-1,-1,7,2,7
2016030114571,1,5,0,18,0,0,0,12,0,0,1,1,6,1,29,6,885,1,22,3,1,3
2016030114605,1,9,0,18,0,2,1,0,0,0,1,1,5,1,21,5,1396,2,2,7,3,7
2016030114645,1,9,0,16,0,0,0,0,0,0,1,1,6,1,43,7,1997,2,9,3,2,3
2016030114645,2,19,0,18,0,0,0,0,0,0,1,1,2,1,-1,-1,2198,2,3,-1,-1,-1
2016030114683,1,98,0,1,6,0,0,0,0,0,2,1,6,1,-1,-1,-1,-1,-1,-1,-1,-1
2016030114699,1,9,0,18,0,0,0,0,0,0,1,1,1,2,39,7,1329,1,4,9,1,9
2016030114699,2,9,0,18,0,0,0,0,0,0,0,1,6,2,32,6,1396,1,4,2,2,2
2016030114700,1,5,0,18,0,0,2,4,1,0,1,1,6,1,24,5,599,1,11,-1,-1,-1
2016030114700,2,9,0,2,0,0,0,0,0,0,2,1,6,2,81,11,1686,2,5,6,1,6
2016030114700,3,9,0,2,0,0,0,0,0,0,2,1,6,1,69,10,1587,1,12,2,1,2
2016030114772,1,9,0,17,0,0,1,0,0,0,1,1,3,2,34,6,1332,1,19,4,1,4
2016030114799,1,9,0,18,0,0,0,0,0,0,1,1,6,1,30,6,999,1,2,9,2,9
2016030114799,2,9,0,18,0,0,0,0,0,0,1,1,6,1,61,9,1896,2,20,3,1,3
2016030114995,1,9,0,4,0,0,0,0,0,0,1,1,6,1,50,8,1999,1,15,5,1,5
2016030114995,2,9,0,3,0,0,0,0,0,0,2,1,5,1,37,7,1796,1,9,9,1,9
2016030115079,1,1,0,18,0,0,0,10,0,0,1,1,6,1,17,4,-1,-1,-1,3,1,3
2016030115079,2,9,0,18,0,0,0,0,0,0,4,1,5,1,62,9,1956,2,1,2,1,2
2016030115126,1,5,0,18,0,0,1,0,1,0,1,1,5,1,21,5,689,1,2,10,1,10
2016030115178,1,9,0,18,0,0,0,0,0,0,1,1,6,2,42,7,1149,1,6,2,1,2
2016030115193,1,19,0,18,0,0,0,0,0,0,1,1,1,1,57,9,1598,2,2,-1,-1,-1
2016030115193,2,5,0,13,0,0,1,0,1,0,4,1,6,1,-1,-1,599,1,14,-1,-1,-1
2016030115303,1,98,0,17,0,0,0,0,0,0,4,1,6,3,-1,-1,-1,-1,-1,-1,-1,-1
2016030116439,1,9,0,17,0,1,0,0,0,0,1,1,2,1,29,6,1995,2,4,3,1,3
2016030116474,1,22,0,5,9,2,0,0,0,0,1,1,6,1,43,7,-1,-1,-1,7,1,7
2016030116494,1,9,0,18,0,0,0,0,0,0,4,1,5,2,63,9,2400,2,2,5,3,5
2016030116603,1,9,0,18,0,0,0,0,0,0,0,1,6,1,17,4,-1,-1,-1,7,3,7
2016030116603,2,2,0,18,0,0,0,0,0,0,0,1,6,1,17,4,49,1,4,6,3,6
2016030116675,1,9,0,9,0,8,0,0,0,0,4,1,5,1,17,4,1896,2,10,6,3,6
2016030116675,2,9,0,18,0,8,0,0,0,0,1,1,6,1,33,6,1995,2,11,1,1,1
2016030116773,1,9,0,18,0,2,0,0,0,0,0,1,5,1,79,11,1596,1,15,-1,-1,-1
2016030117125,1,98,0,3,4,8,0,0,0,0,4,1,6,3,-1,-1,-1,-1,-1,-1,-1,-1
2016030117125,2,1,0,14,4,8,0,0,0,0,3,1,5,2,43,7,-1,-1,-1,-1,2,-1
2016030117162,1,9,0,18,0,0,1,0,0,0,1,1,6,2,30,6,-1,-1,-1,5,3,5
2016030117235,1,9,0,18,0,0,1,0,0,0,4,1,5,1,67,10,1560,2,3,9,1,9
2016030117235,2,9,0,9,0,0,1,0,0,0,3,1,5,2,32,6,1398,1,-1,3,2,3
2016030117243,1,9,0,14,0,1,0,0,0,0,1,1,1,2,44,7,1991,2,10,5,1,5
2016030117275,1,9,0,18,0,0,0,0,7,11,1,1,5,1,65,9,996,1,3,5,3,5
2016030117353,1,9,0,7,0,5,0,0,0,0,1,1,6,1,79,11,1199,1,11,7,2,7
2016030117369,1,9,0,18,0,2,0,0,0,0,0,1,1,1,43,7,799,2,7,5,1,5
2016030117397,1,9,0,9,0,5,0,0,0,0,4,1,5,1,79,11,1598,1,12,9,1,9
2016030117397,2,1,0,18,0,8,0,0,0,0,1,1,2,1,44,7,-1,-1,-1,5,2,5
2016030117421,1,9,0,18,0,0,0,0,1,0,1,1,6,1,34,6,1461,2,1,-1,-1,-1
2016030117437,1,9,0,16,0,0,0,0,1,0,1,1,6,1,39,7,1753,2,7,-1,-1,-1
2016030117451,1,9,0,18,0,0,0,0,0,0,4,1,5,2,33,6,1598,1,9,1,1,1
2016030117456,1,9,0,18,0,0,0,0,0,0,0,1,6,3,-1,-1,-1,-1,-1,-1,-1,-1
2016030117456,2,9,0,17,0,0,0,0,1,0,0,1,6,2,24,5,1686,2,1,6,3,6
2016030117464,1,9,0,13,0,0,0,0,0,0,4,1,6,2,31,6,1598,1,13,5,1,5
2016030117464,2,9,0,5,0,0,0,0,0,0,3,1,5,2,60,9,1560,2,1,1,1,1
2016030117465,1,9,0,18,0,0,0,0,0,0,0,1,6,1,47,8,-1,-1,-1,1,1,1
2016030117465,2,9,0,18,0,0,0,0,0,0,3,1,6,1,71,10,1597,2,-1,8,1,8
2016030117478,1,9,0,18,0,0,0,0,0,0,1,1,5,2,36,7,1596,1,13,1,1,1
2016030117501,1,9,0,18,0,0,0,0,0,0,0,1,6,2,78,11,1991,2,6,-1,3,-1
2016030117501,2,19,0,9,0,0,0,0,0,0,0,1,1,1,28,6,2198,2,2,1,1,1
2016030117692,1,21,1,18,0,0,0,0,0,0,4,1,1,1,67,10,10837,2,2,-1,-1,-1
2016030117692,2,9,0,2,6,0,1,0,1,0,3,1,5,2,24,5,1796,1,9,10,1,10
2016030117822,1,9,0,17,0,0,1,0,7,4,2,1,5,2,21,5,1364,1,10,5,1,5
2016030117822,2,9,0,17,0,0,1,0,7,4,1,1,5,2,80,11,1896,2,12,4,2,4
2016030118608,1,9,0,18,0,4,0,0,0,0,1,1,6,2,76,11,-1,-1,-1,4,1,4
2016030118608,2,1,0,18,0,8,0,0,0,0,4,1,2,1,34,6,-1,-1,-1,7,1,7
2016030118645,1,9,0,18,0,8,0,0,0,0,1,1,5,1,20,4,1596,1,4,4,1,4
2016030118682,1,9,0,18,0,0,5,0,7,0,1,1,6,1,43,7,2993,2,4,6,3,6
2016030118734,1,9,0,18,0,0,0,0,0,0,3,1,6,2,41,7,1598,2,2,2,1,2
2016030118734,2,9,0,18,0,0,0,0,0,0,4,1,5,2,32,6,1596,1,8,2,1,2
2016030118778,1,9,0,16,0,0,5,0,1,9,4,1,5,2,17,4,1149,1,10,6,3,6
2016030119115,1,9,0,18,0,1,0,0,0,0,1,1,1,2,53,8,1242,1,2,6,1,6
2016030119115,2,9,0,9,0,1,0,0,0,0,1,1,1,2,34,6,1956,2,1,9,1,9
2016030119115,3,9,0,4,0,1,0,0,0,0,0,1,1,2,56,9,1398,1,6,10,3,10
2016030119444,1,8,0,18,0,0,0,0,0,0,1,1,1,3,-1,-1,-1,-1,-1,-1,-1,-1
2016030119487,1,9,0,16,0,0,0,0,0,0,1,1,5,2,51,8,1968,2,6,5,3,5
2016030119487,2,9,0,17,0,0,0,0,0,0,1,1,5,1,52,8,-1,-1,-1,-1,-1,-1
2016030119597,1,9,0,3,0,0,0,0,0,0,1,1,2,2,24,5,1398,1,4,-1,-1,-1
2016030119597,2,9,0,3,0,0,0,0,0,0,2,1,6,2,35,6,1686,2,16,7,1,7
2016030119597,3,9,0,5,0,0,0,0,0,0,2,1,5,2,49,8,1968,2,2,-1,-1,-1
2016030119655,1,9,0,18,0,0,1,10,1,11,4,1,5,2,25,5,973,1,14,10,3,10
2016030119765,1,19,0,18,0,0,0,0,0,0,1,1,1,1,24,5,2298,2,2,5,1,5
2016030119796,1,3,0,18,0,0,2,0,0,0,0,1,6,1,50,8,124,1,2,3,1,3
2016030119796,2,9,0,7,0,0,0,0,0,0,0,1,6,3,-1,-1,-1,-1,-1,-1,-1,-1
2016030119853,1,9,0,18,0,7,0,0,0,0,0,1,6,3,-1,-1,-1,-1,-1,-1,-1,-1
2016030119853,2,3,0,18,0,8,0,0,0,0,0,1,1,2,16,4,-1,-1,-1,7,1,7
2016030119968,1,21,1,18,0,0,0,0,0,0,1,1,1,1,28,6,12777,2,7,8,3,8
2016030119968,2,9,0,18,0,0,0,0,0,0,2,1,2,2,34,6,996,1,2,10,2,10
2016030120162,1,5,0,18,0,0,1,0,1,0,3,1,5,1,40,7,689,1,2,8,2,8
2016030120162,2,9,0,10,0,0,0,0,0,0,2,1,5,1,28,6,1686,2,1,7,1,7
2016030120183,1,9,0,18,0,0,0,0,0,0,1,1,2,1,46,8,1968,2,6,7,1,7
2016030120321,1,19,0,18,0,0,0,0,0,0,0,1,5,1,-1,-1,1968,2,4,8,3,8
2016030120414,1,9,0,10,0,0,5,0,1,11,1,1,5,2,19,4,1390,1,10,5,1,5
2016030120811,1,9,0,17,0,0,0,0,0,0,1,1,5,1,68,10,1560,2,3,1,1,1
2016030120811,2,9,0,18,0,0,0,0,0,0,3,1,5,1,30,6,1560,2,3,1,1,1
2016030121001,1,9,0,9,0,5,0,0,0,0,1,1,5,2,30,6,1248,1,4,3,2,3
2016030121275,1,9,0,18,0,0,0,0,0,0,4,1,5,2,33,6,1686,2,1,8,1,8
2016030121311,1,9,0,12,0,0,1,0,1,0,1,1,6,1,48,8,1461,2,2,-1,1,-1
2016030121342,1,9,0,18,0,0,1,0,2,0,1,1,6,2,18,4,1598,1,12,7,3,7
2016030121384,1,22,0,18,9,0,0,0,0,0,1,1,6,3,54,8,-1,-1,-1,4,1,4
2016030121401,1,19,0,18,0,0,5,0,0,0,1,2,1,1,44,7,-1,-1,-1,-1,-1,-1
2016030121401,2,9,0,18,0,0,0,0,0,0,2,1,6,2,41,7,-1,3,1,8,3,8
2016030121401,3,9,0,18,0,0,0,0,0,0,1,1,6,1,67,10,1598,1,3,-1,-1,-1
2016030121431,1,9,0,17,0,0,0,0,0,0,1,1,6,2,53,8,998,1,6,5,3,5
2016030121431,2,11,0,16,0,0,0,0,0,0,1,1,1,2,54,8,4250,2,11,6,3,6
2016030121523,1,20,0,18,0,0,0,0,0,0,1,1,1,1,68,10,-1,-1,-1,7,1,7
2016030121523,2,9,0,18,0,0,0,0,0,0,2,1,2,1,32,6,2982,2,3,6,3,6
2016030121523,3,9,0,10,0,0,0,0,0,0,2,1,6,2,45,7,1598,1,6,-1,1,-1
2016030121579,1,17,5,17,0,0,5,0,1,0,4,1,1,1,54,8,6728,2,2,6,3,6
2016030121579,2,9,0,10,0,0,0,0,0,0,0,1,5,2,52,8,1796,1,10,6,3,6
2016030121654,1,9,0,18,9,0,0,0,1,11,3,1,5,1,18,4,1590,1,15,2,2,2
2016030121742,1,9,0,17,0,2,2,0,2,0,1,1,6,1,25,5,1149,1,15,3,2,3
2016030121840,1,9,0,18,0,0,0,0,0,0,1,1,2,1,24,5,1328,1,2,4,2,4
2016030121889,1,4,0,13,0,1,0,0,0,0,3,1,6,1,40,7,249,1,6,3,1,3
2016030121889,2,9,0,9,0,5,0,0,0,0,3,1,6,2,40,7,1998,2,7,9,1,9
2016030121953,1,9,0,18,0,0,0,0,0,0,0,1,5,3,-1,-1,-1,-1,-1,-1,-1,-1
2016030121953,2,9,0,18,0,0,0,0,0,0,2,1,5,1,81,11,1499,2,-1,8,3,8
2016030121953,3,9,0,18,0,0,1,0,0,0,1,1,1,1,21,5,-1,-1,-1,4,3,4
2016030121953,4,9,0,18,0,0,0,0,0,0,1,1,5,1,55,8,1461,2,1,5,3,5
2016030121990,1,9,0,18,0,0,2,0,1,0,3,1,5,1,22,5,1390,1,3,4,1,4
2016030121990,2,9,0,18,0,0,1,0,1,0,4,1,5,1,35,6,1995,2,4,5,2,5
2016030121990,3,9,0,18,0,0,0,0,1,9,2,1,5,1,58,9,1398,1,-1,7,1,7
2016030122003,1,3,0,16,0,0,1,0,0,0,3,1,6,1,33,6,125,1,4,3,2,3
2016030122566,1,98,0,9,0,6,5,0,0,0,3,1,5,1,75,10,-1,-1,-1,9,2,9
2016030122566,2,9,0,18,0,8,1,0,0,0,1,1,5,1,29,6,1910,2,8,8,2,8
2016030122683,1,9,0,3,0,1,0,0,0,0,1,1,5,1,29,6,2495,2,21,10,2,10
2016030122683,2,9,0,3,0,1,0,0,0,0,2,1,5,1,82,11,1108,1,7,4,1,4
2016030123318,1,9,0,3,0,0,0,0,0,0,2,1,5,1,41,7,1995,2,-1,3,2,3
2016030123318,2,9,0,4,0,0,0,0,0,0,1,1,5,1,18,4,1242,1,2,4,2,4
2016030123318,3,9,0,4,0,0,0,0,0,0,1,1,5,1,18,4,1349,1,7,3,2,3
2016030123318,4,9,0,4,0,0,0,0,0,0,1,1,5,1,18,4,1149,1,9,4,2,4
2016030123367,1,9,0,14,0,0,0,0,0,0,4,1,5,1,55,8,1910,2,12,2,1,2
2016030123367,2,19,0,10,0,0,0,0,7,0,3,1,1,1,24,5,1995,2,6,2,1,2
2016030123427,1,9,0,15,0,0,0,0,0,0,4,1,6,1,30,6,1998,1,11,6,3,6
2016030123427,2,9,0,18,0,0,0,0,0,0,3,1,5,2,41,7,1596,1,6,6,3,6
2016030123427,3,9,0,18,0,0,0,0,0,0,3,1,5,2,47,8,1242,1,4,-1,1,-1
2016030123427,4,9,0,18,0,0,0,0,0,0,3,1,1,1,35,6,1598,2,3,6,1,6
2016030123509,1,9,0,18,0,0,0,0,7,0,1,1,5,1,70,10,1560,2,2,7,1,7
2016030123509,2,9,0,10,0,0,0,0,0,0,3,1,2,1,21,5,1395,1,2,-1,-1,-1
2016030123527,1,98,0,18,0,0,0,0,0,0,0,1,6,1,27,6,-1,-1,-1,4,1,4
2016030123572,1,9,0,18,0,0,0,0,0,0,0,1,5,1,23,5,-1,-1,-1,1,2,1
2016030123572,2,9,0,18,0,0,0,0,0,0,0,1,5,2,41,7,1341,1,13,3,2,3
2016030123572,3,9,0,2,0,0,0,0,0,0,0,1,5,1,50,8,-1,-1,-1,2,2,2
2016030123572,4,9,0,2,0,0,0,0,0,0,0,1,5,1,36,7,1998,2,14,3,2,3
2016030123585,1,9,0,4,0,0,0,0,0,0,1,1,5,2,54,8,1229,1,2,5,1,5
2016030123585,2,19,0,4,0,0,0,0,0,0,2,1,1,1,44,7,2198,2,1,1,1,1
2016030123585,3,9,0,3,0,0,0,0,0,0,2,1,5,2,45,7,2184,2,11,-1,-1,-1
2016030123585,4,9,0,3,0,0,0,0,0,0,2,1,5,2,22,5,1598,2,-1,2,1,2
2016030123721,1,9,0,9,0,8,0,0,0,0,1,1,2,1,26,6,2000,1,6,5,3,5
2016030123721,2,9,0,18,0,8,0,0,1,0,1,1,2,1,49,8,1986,2,10,1,1,1
2016030123838,1,8,0,18,0,0,0,12,1,0,1,1,5,1,51,8,2993,2,5,8,2,8
2016030123862,1,9,0,9,0,0,0,0,0,0,1,1,5,2,21,5,2191,2,2,7,1,7
2016030123862,2,9,0,18,0,0,0,0,0,0,1,1,5,1,42,7,1461,2,1,4,2,4
2016030123920,1,9,0,16,8,0,2,0,1,0,1,1,6,1,30,6,1197,1,1,9,1,9
2016030124066,1,2,0,18,0,0,1,7,0,0,1,1,1,1,17,4,49,1,1,-1,-1,-1
2016030124220,1,9,0,18,0,7,1,0,0,0,1,1,1,2,23,5,1461,2,2,4,1,4
2016030124220,2,9,0,18,0,8,1,0,0,0,1,1,5,2,56,9,1229,1,4,5,1,5
2016030124294,1,9,0,18,0,1,0,0,0,0,1,1,5,1,73,10,2179,2,7,4,1,4
2016030124349,1,9,0,17,0,0,0,0,7,0,1,1,6,1,27,6,1984,1,13,4,2,4
2016030124349,2,9,0,18,0,0,0,10,0,0,1,1,6,2,42,7,1998,2,1,4,3,4
2016030124433,1,19,0,18,0,0,0,0,0,0,1,1,1,1,40,7,2151,2,16,7,2,7
2016030124433,2,1,0,18,0,0,0,0,0,0,1,1,4,1,6,2,-1,-1,-1,5,1,5
2016030125008,1,19,0,17,0,0,0,0,0,0,1,1,1,1,42,7,2151,2,11,5,1,5
2016030125008,2,9,0,17,0,0,0,0,0,0,2,1,5,1,29,6,-1,-1,-1,-1,-1,-1
2016030125040,1,20,0,18,0,0,0,0,0,0,1,1,1,1,30,6,8970,2,13,3,1,3
2016030125793,1,11,0,18,0,0,0,0,0,0,0,1,6,1,51,8,6871,2,7,6,3,6
2016030125818,1,9,0,5,0,8,1,0,0,0,1,1,1,1,54,8,1597,2,1,-1,-1,-1
2016030125818,2,9,0,18,0,8,0,0,0,0,4,1,6,2,29,6,1968,2,7,5,1,5
2016030125886,1,3,0,18,0,0,0,4,0,0,1,1,6,1,24,5,124,1,1,6,3,6
2016030125886,2,9,0,2,0,0,0,0,0,0,2,1,6,1,54,8,1360,1,11,1,2,1
2016030125972,1,9,0,18,0,5,1,0,0,0,1,1,5,1,17,4,999,1,2,6,2,6
2016030125972,2,9,0,8,0,8,1,0,1,0,3,1,5,1,68,10,998,1,3,1,1,1
2016030126273,1,9,0,18,0,0,0,0,0,0,1,1,5,2,38,7,1461,2,1,8,2,8
2016030126336,1,9,0,18,0,0,0,0,0,0,1,1,6,1,67,10,1968,2,11,9,1,9
2016030126336,2,9,0,10,0,0,0,0,0,0,2,1,6,1,69,10,1997,2,1,7,3,7
2016030126350,1,9,0,4,0,0,0,0,0,0,1,1,5,1,66,10,1242,1,-1,7,1,7
2016030126373,1,9,0,18,0,0,1,0,0,0,1,1,6,1,19,4,1242,1,3,6,2,6
2016030126373,2,9,0,4,0,0,0,0,0,0,2,1,6,1,62,9,1995,2,2,3,1,3
2016030126445,1,9,0,18,0,0,0,0,0,0,1,1,6,2,32,6,998,1,12,2,1,2
2016030126477,1,9,0,9,0,6,0,0,0,0,3,1,6,2,47,8,995,1,7,6,3,6
2016030126477,2,9,0,18,0,1,0,0,0,0,1,1,3,1,52,8,1197,1,2,9,3,9
2016030126483,1,9,0,16,0,0,5,0,1,4,1,1,1,2,20,4,999,1,15,5,3,5
2016030126512,1,9,0,18,0,0,1,0,0,0,1,1,5,1,32,6,1968,2,7,4,1,4
2016030126540,1,9,0,5,0,0,0,0,0,0,1,1,1,1,54,8,-1,-1,-1,6,2,6
2016030126540,2,19,0,5,0,0,0,0,0,0,2,1,1,2,22,5,-1,-1,-1,1,1,1
2016030126625,1,19,0,18,0,0,0,0,0,0,1,1,6,1,41,7,1996,2,5,4,2,4
2016030126816,1,9,0,18,0,0,5,0,0,0,0,1,6,1,83,11,1685,2,3,4,2,4
2016030126886,1,9,0,18,0,0,1,10,1,10,1,1,5,2,24,5,1598,1,10,-1,-1,-1
2016030126899,1,9,0,18,0,0,0,0,0,0,1,1,5,1,20,4,1968,2,9,9,1,9
2016030126919,1,9,0,9,0,8,0,0,0,0,1,1,6,2,55,8,1997,2,3,5,3,5
2016030126919,2,9,0,17,0,1,0,0,7,0,4,1,6,2,58,9,1390,1,14,4,2,4
2016030126932,1,9,0,18,0,0,0,0,0,0,1,1,5,1,84,11,1229,1,3,-1,2,-1
2016030126932,2,9,0,18,0,0,0,0,0,0,2,1,5,1,28,6,1598,1,12,3,1,3
2016030126933,1,19,0,18,0,2,0,0,0,0,1,1,5,1,41,7,1968,2,1,5,1,5
2016030126959,1,9,0,16,0,0,0,0,8,4,1,1,5,2,71,10,1197,1,-1,9,1,9
2016030127051,1,9,0,2,0,0,0,0,0,0,2,1,6,2,44,7,1560,2,3,4,1,4
2016030127051,2,2,0,18,0,0,0,4,0,0,1,1,6,1,16,4,49,1,6,1,1,1
2016030127098,1,9,0,18,0,0,1,0,0,0,1,1,1,1,40,7,1461,2,2,-1,-1,-1
2016030127098,2,21,0,18,0,0,0,0,0,0,1,1,1,1,63,9,12900,2,7,2,1,2
2016030127098,3,9,0,18,0,0,0,0,0,0,1,1,1,1,48,8,1968,2,-1,6,3,6
2016030127098,4,9,0,18,0,0,0,0,0,0,1,1,1,1,70,10,1198,1,1,5,3,5
2016030127120,1,5,0,13,0,8,0,0,0,0,4,1,2,1,54,8,865,1,1,6,2,6
2016030127120,2,21,0,9,0,5,0,0,0,0,3,1,1,1,29,6,4500,2,1,7,1,7
2016030127152,1,9,0,16,0,0,5,0,2,11,1,1,5,1,30,6,1242,1,8,-1,-1,-1
2016030127152,2,9,0,17,0,0,0,0,0,0,1,1,2,2,41,7,1499,2,-1,3,2,3
2016030127179,1,9,0,9,0,3,0,0,0,0,1,1,6,1,30,6,-1,-1,-1,5,1,5
2016030127179,2,1,0,9,0,3,0,0,0,0,2,1,2,1,36,7,-1,-1,-1,3,2,3
2016030127475,1,9,0,18,0,4,0,0,0,0,1,1,2,1,39,7,1598,1,7,1,1,1
2016030127475,2,1,0,18,0,3,0,0,0,0,2,1,6,1,52,8,-1,-1,-1,7,3,7
2016030128342,1,9,0,18,0,0,0,0,0,0,1,1,5,1,33,6,1796,1,15,3,1,3
2016030128342,2,9,0,4,0,0,0,0,0,0,2,1,5,1,80,11,1998,2,17,1,1,1
2016030128400,1,2,0,9,0,7,0,0,0,0,2,1,6,2,17,4,49,1,5,3,1,3
2016030128400,2,9,0,9,0,6,0,0,0,0,1,1,6,1,25,5,998,1,-1,6,1,6