Accident_Index,Vehicle_Reference,Vehicle_Type,Towing_and_Articulation,Vehicle_Manoeuvre,Vehicle_Location-Restricted_Lane,Junction_Location,Skidding_and_Overturning,Hit_Object_in_Carriageway,Vehicle_Leaving_Carriageway,Hit_Object_off_Carriageway,1st_Point_of_Impact,Was_Vehicle_Left_Hand_Drive?,Journey_Purpose_of_Driver,Sex_of_Driver,Age_of_Driver,Age_Band_of_Driver,Engine_Capacity_(CC),Propulsion_Code,Age_of_Vehicle,Driver_IMD_Decile,Driver_Home_Area_Type,Vehicle_IMD_Decile
2016030128504,1,9,0,9,0,1,0,0,0,0,1,1,5,1,27,6,1689,2,13,1,1,1
2016030128613,1,9,0,13,0,0,1,0,4,6,1,1,6,1,48,8,1995,2,1,9,1,9
2016030128613,2,21,1,18,0,0,3,0,1,9,3,1,1,1,54,8,10837,2,4,1,1,1
2016030128635,1,9,0,13,0,0,0,0,0,0,0,1,6,1,49,8,1995,2,5,2,2,2
2016030128635,2,9,0,18,0,0,0,0,0,0,0,1,6,1,63,9,1400,1,16,7,3,7
2016030128635,3,9,0,18,0,0,0,0,7,10,0,1,6,1,44,7,-1,-1,-1,-1,-1,-1
2016030128653,1,9,0,18,0,0,1,0,1,11,4,1,6,1,48,8,1360,1,11,7,1,7
2016030128705,1,9,0,18,0,0,5,6,1,10,1,1,6,1,18,4,899,1,20,7,2,7
2016030128787,1,9,0,18,0,0,1,6,1,11,1,1,2,1,25,5,1896,2,13,4,1,4
2016030128826,1,9,0,4,0,0,0,0,0,0,1,1,2,1,26,6,-1,-1,-1,5,1,5
2016030128826,2,9,0,3,0,0,0,0,0,0,2,1,2,2,23,5,1199,1,13,7,1,7
2016030128864,1,9,0,18,0,0,0,0,0,0,4,1,6,3,-1,-1,-1,-1,-1,-1,-1,-1
2016030128941,1,9,0,5,0,0,0,0,0,0,4,1,5,1,19,4,1399,2,9,9,1,9
2016030128941,2,9,0,18,0,0,0,0,0,0,3,1,2,2,25,5,1364,1,10,7,1,7
2016030128989,1,98,0,18,0,0,0,0,0,0,0,1,6,3,-1,-1,-1,-1,-1,-1,-1,-1
2016030128989,2,9,0,13,0,0,0,0,0,0,0,1,5,1,60,9,1329,1,5,4,1,4
2016030129052,1,9,0,5,0,1,0,0,0,0,3,1,6,2,24,5,1360,1,12,4,1,4
2016030129052,2,1,0,18,0,1,0,0,0,0,3,1,1,1,35,6,-1,-1,-1,5,1,5
2016030129105,1,9,0,18,0,0,0,0,0,0,1,1,5,2,28,6,1994,2,17,5,1,5
2016030129105,2,9,0,3,0,0,0,0,0,0,2,1,5,1,67,10,1198,1,2,3,1,3
2016030129105,3,9,0,3,0,0,0,0,0,0,2,1,5,2,47,8,-1,-1,-1,7,1,7
2016030129110,1,9,0,9,0,6,0,0,0,0,1,1,6,3,-1,-1,-1,-1,-1,-1,-1,-1
2016030129110,2,1,0,18,0,8,0,0,0,0,3,1,4,1,10,2,-1,-1,-1,8,2,8
2016030129143,1,9,0,18,0,1,0,0,0,0,1,1,1,1,72,10,1997,2,3,7,3,7
2016030129143,2,19,0,10,0,1,0,0,0,0,1,1,6,1,28,6,2198,2,3,4,1,4
2016030129143,3,9,0,10,0,1,0,0,1,7,1,1,6,1,60,9,1686,2,2,1,2,1
2016030129207,1,19,0,9,0,1,0,0,0,0,1,1,1,1,32,6,1968,2,1,1,1,1
2016030129254,1,9,0,13,0,0,2,0,8,4,1,1,5,1,24,5,1999,2,1,-1,-1,-1
2016030129329,1,9,0,18,0,2,0,0,0,0,1,1,6,2,18,4,-1,-1,-1,10,1,10
2016030129329,2,9,0,18,0,2,0,0,0,0,1,1,6,1,83,11,2993,2,6,9,3,9
2016030129359,1,9,0,9,0,1,0,0,0,0,3,1,2,1,69,10,2987,2,5,4,1,4
2016030129359,2,9,0,17,0,8,0,0,0,0,2,1,6,2,79,11,1061,1,10,9,1,9
2016030129454,1,9,0,18,0,0,0,0,0,0,4,1,1,2,55,8,1598,2,1,8,3,8
2016030129463,1,9,0,9,0,1,1,0,0,0,1,1,6,1,27,6,1461,2,3,6,3,6
2016030129463,2,9,0,18,0,1,1,0,7,0,1,1,6,2,25,5,998,1,6,3,3,3
2016030129501,1,9,0,4,0,0,0,0,0,0,3,1,6,1,56,9,1956,2,5,3,2,3
2016030129501,2,9,0,9,0,0,0,0,0,0,3,1,6,1,34,6,-1,-1,-1,4,2,4
2016030129523,1,9,0,9,0,6,0,0,0,0,4,1,6,1,50,8,-1,-1,-1,6,1,6
2016030129523,2,1,0,18,0,8,0,0,0,0,1,1,6,1,48,8,-1,-1,-1,10,1,10
2016030129528,1,9,0,1,7,0,0,0,0,0,4,1,5,2,77,11,1240,1,7,8,3,8
2016030129557,1,9,0,17,0,0,1,6,8,4,1,1,1,1,20,4,1360,1,6,9,3,9
2016030129560,1,19,0,16,0,0,2,0,7,11,1,1,5,1,33,6,1753,2,13,-1,-1,-1
2016030129584,1,9,0,9,0,1,0,0,0,0,3,1,6,1,-1,-1,1970,1,10,3,1,3
2016030129584,2,5,0,14,0,1,1,0,0,0,1,1,5,1,43,7,1050,1,3,6,1,6
2016030129591,1,20,0,18,0,0,0,0,0,0,0,1,1,1,-1,-1,-1,-1,-1,-1,-1,-1
2016030129591,2,16,0,18,0,0,0,0,0,0,0,1,1,2,30,6,-1,-1,-1,4,3,4
2016030129599,1,9,0,18,0,0,2,0,2,11,1,1,1,1,61,9,4200,2,16,5,3,5
2016030129632,1,9,0,17,0,0,1,0,1,11,1,1,2,2,20,4,999,1,4,1,2,1
2016030129661,1,9,0,18,0,0,2,0,1,0,4,1,6,1,21,5,1397,1,7,3,2,3
2016030129697,1,9,0,4,0,0,0,0,0,0,1,1,5,1,29,6,1984,1,16,1,1,1
2016030129697,2,9,0,3,0,0,0,0,0,0,0,1,5,2,25,5,1242,1,10,1,1,1
2016030129706,1,19,0,18,0,1,1,0,0,0,1,1,1,1,27,6,1997,2,12,4,2,4
2016030130066,1,9,0,18,0,0,0,0,0,0,1,1,6,2,73,10,-1,-1,-1,8,1,8
2016030130946,1,9,0,16,0,0,1,0,7,0,3,1,2,1,27,6,1991,1,3,4,2,4
2016030130946,2,9,0,18,0,0,0,0,0,0,4,1,3,2,42,7,2268,2,3,5,1,5
2016030131066,1,9,0,7,0,8,0,0,0,0,3,1,3,1,50,8,2204,2,11,1,1,1
2016030131066,2,9,0,18,0,8,0,0,0,0,1,1,2,2,38,7,2987,2,5,1,1,1
2016030131085,1,9,0,18,0,4,0,0,0,0,1,1,5,1,71,10,1598,2,2,2,1,2
2016030131085,2,9,0,18,0,3,0,0,0,0,3,1,2,2,19,4,1368,1,1,-1,-1,-1
2016030131107,1,9,0,16,0,0,1,0,1,11,3,1,1,1,19,4,1242,1,8,6,3,6
2016030131107,2,9,0,2,0,0,0,0,0,0,0,1,1,1,45,7,2204,2,12,2,1,2
2016030131107,3,9,0,2,0,0,0,0,0,0,0,1,1,1,19,4,1868,2,13,2,1,2
2016030131133,1,9,0,7,0,0,0,0,0,0,1,1,5,2,88,11,1390,1,6,6,3,6
2016030131133,2,9,0,4,0,0,0,0,0,0,3,1,5,1,63,9,2720,2,10,5,3,5
2016030131140,1,9,0,6,0,2,0,0,0,0,3,1,6,2,-1,-1,1399,2,5,3,1,3
2016030131140,2,9,0,18,0,2,0,0,0,0,1,1,1,2,-1,-1,1242,1,7,2,2,2
2016030131168,1,11,0,5,0,0,0,0,0,0,0,1,1,1,27,6,4249,2,1,6,1,6
2016030131189,1,9,0,5,0,6,0,0,0,0,1,1,1,1,79,11,1560,2,1,2,1,2
2016030131189,2,1,0,18,0,8,0,0,0,0,4,1,6,1,37,7,-1,-1,-1,3,1,3
2016030131219,1,9,0,5,0,8,0,0,0,0,4,1,6,1,66,10,2148,2,12,2,1,2
2016030131219,2,3,0,18,0,1,1,0,0,0,1,1,6,1,23,5,124,1,2,2,1,2
2016030131276,1,4,0,18,0,1,1,0,0,0,1,1,1,1,25,5,499,1,15,2,1,2
2016030131276,2,9,0,10,0,1,0,0,0,0,2,1,1,2,43,7,1596,1,4,4,2,4
2016030131295,1,9,0,18,0,0,1,4,0,0,1,1,5,1,84,11,1197,1,1,8,1,8
2016030131295,2,9,0,2,0,0,0,0,0,0,1,1,5,1,18,4,1198,1,13,5,3,5
2016030131295,3,9,0,2,0,0,0,0,0,0,1,1,5,1,17,4,1242,1,-1,5,3,5
2016030131299,1,9,0,18,0,0,2,0,0,0,2,1,5,1,21,5,1910,2,14,-1,-1,-1
2016030131299,2,9,0,3,0,0,2,0,0,0,2,1,5,2,18,4,1229,1,4,6,3,6
2016030131299,3,9,0,9,0,0,0,0,0,0,0,1,5,1,42,7,1496,2,1,7,1,7
2016030131299,4,19,0,18,0,0,0,0,0,0,1,1,5,1,28,6,2148,2,9,8,2,8
2016030131314,1,19,0,16,0,0,1,0,3,0,0,1,5,1,39,7,1398,2,7,1,1,1
2016030131332,1,9,0,18,0,0,0,0,0,0,0,1,6,3,-1,-1,-1,-1,-1,-1,-1,-1
2016030131358,1,9,0,18,0,0,0,0,0,0,1,1,6,2,54,8,1390,1,15,-1,-1,-1
2016030131358,2,1,0,18,0,0,0,0,0,0,1,1,6,1,47,8,-1,-1,-1,-1,-1,-1
2016030131557,1,9,0,9,0,6,0,0,0,0,0,1,6,3,-1,-1,-1,-1,-1,-1,-1,-1
2016030131557,2,11,0,18,0,1,0,0,0,0,0,1,1,1,64,9,9600,2,19,2,1,2
2016030131610,1,21,1,18,0,0,3,0,0,0,1,1,1,1,29,6,12809,2,1,1,1,1
2016030131610,2,19,0,18,0,0,0,0,0,0,1,1,1,1,45,7,1968,2,1,7,3,7
2016030131653,1,9,0,18,0,0,0,0,0,0,1,1,2,2,25,5,1896,2,15,3,2,3
2016030131719,1,9,0,5,0,0,0,0,0,0,0,1,6,1,-1,-1,-1,-1,-1,-1,-1,-1
2016030131719,2,2,0,18,0,0,1,0,0,0,0,1,6,1,16,4,49,1,3,5,1,5
2016030131746,1,9,0,9,0,1,0,0,0,0,4,1,5,2,38,7,1798,1,10,6,3,6
2016030131746,2,19,0,10,0,1,0,0,0,0,1,1,1,1,62,9,1598,2,1,8,3,8
2016030131746,3,19,0,18,0,1,0,0,0,0,3,1,1,1,22,5,2198,2,-1,1,2,1
2016030131763,1,9,0,4,0,2,0,0,0,0,1,1,6,3,-1,-1,-1,-1,-1,-1,-1,-1
2016030132024,1,9,0,17,0,0,0,0,0,0,0,1,6,3,-1,-1,-1,-1,-1,-1,-1,-1
2016030132024,2,9,0,16,0,0,2,0,1,0,0,1,5,1,37,7,1590,1,17,1,1,1
2016030132063,1,9,0,18,0,0,0,0,0,0,0,1,5,1,85,11,1686,2,13,-1,-1,-1
2016030132063,2,16,0,18,6,0,0,0,0,0,0,1,5,2,14,3,-1,-1,-1,7,3,7
2016030132122,1,9,4,18,0,0,2,0,1,11,1,1,6,1,30,6,1590,1,13,6,3,6
2016030132144,1,19,0,17,0,0,0,0,1,10,4,1,5,1,41,7,1968,2,1,5,1,5
2016030132185,1,9,0,18,0,0,0,0,0,0,1,1,6,2,34,6,1997,1,12,1,1,1
2016030132296,1,19,0,18,0,0,1,0,0,0,1,1,1,1,29,6,2299,2,1,5,1,5
2016030132296,2,9,4,18,0,0,0,0,0,0,2,1,1,1,37,7,-1,-1,-1,7,1,7
2016030132376,1,17,4,9,0,6,5,0,0,0,3,1,1,1,61,9,-1,2,3,6,3,6
2016030132376,2,9,0,1,0,1,0,0,0,0,0,1,5,1,23,5,1910,2,10,4,2,4
2016030132462,1,9,0,18,0,0,1,0,1,0,1,1,6,1,50,8,1398,1,-1,1,1,1
2016030132462,2,19,0,18,0,0,1,0,0,0,1,1,1,1,59,9,2143,2,1,6,3,6
2016030132533,1,3,0,18,0,0,1,0,0,0,1,1,5,2,17,4,125,1,7,5,2,5
2016030132533,2,9,0,3,0,0,0,0,0,0,2,1,5,1,19,4,1395,1,-1,5,2,5
2016030132623,1,9,0,9,0,8,0,0,0,0,3,1,2,1,19,4,1242,1,8,7,3,7
2016030132623,2,9,0,17,0,1,0,0,0,0,4,1,1,1,25,5,-1,-1,-1,-1,1,-1
2016030132661,1,21,0,18,0,0,0,0,0,0,1,1,1,1,27,6,4580,2,2,6,1,6
2016030132661,2,21,0,18,0,0,0,0,0,0,2,1,1,1,29,6,9290,2,4,1,1,1
2016030132965,1,9,0,18,0,0,0,0,1,0,1,1,6,1,44,7,1975,1,12,7,3,7
2016030132990,1,9,0,17,0,0,1,0,1,0,1,1,5,1,20,4,1396,1,12,6,3,6
2016030133026,1,9,0,7,0,0,0,0,0,0,1,1,6,1,35,6,1598,1,12,2,1,2
2016030133026,2,9,0,18,0,0,0,0,0,0,2,1,6,2,-1,-1,1386,1,6,3,1,3
2016030133512,1,9,0,4,0,0,1,0,0,0,1,1,5,1,21,5,1388,1,13,4,1,4
2016030133512,2,9,0,2,0,0,1,0,0,0,2,1,2,1,40,7,2143,2,1,9,1,9
2016030133512,3,9,0,2,0,0,1,0,0,0,2,1,1,1,47,8,1798,1,9,2,1,2
2016030133566,1,9,0,18,0,0,0,0,0,0,3,1,6,2,54,8,1798,1,7,10,1,10
2016030133566,2,9,0,18,0,0,0,0,0,0,4,1,2,1,24,5,1149,1,10,9,1,9
2016030133592,1,9,0,9,0,1,0,0,0,0,1,1,2,1,21,5,1596,1,-1,8,1,8
2016030133592,2,1,0,18,0,1,0,0,0,0,3,1,2,1,59,9,-1,-1,-1,8,1,8
2016030133853,1,9,0,18,0,0,0,0,0,0,4,1,6,3,-1,-1,-1,-1,-1,-1,-1,-1
2016030134030,1,9,0,18,0,1,0,0,0,0,1,1,6,1,46,8,1689,2,15,2,1,2
2016030134049,1,9,0,1,0,6,0,11,0,0,0,1,5,1,30,6,1598,1,9,-1,-1,-1
2016030134091,1,9,0,17,0,2,0,0,0,0,0,1,6,2,50,8,1598,1,8,1,1,1
2016030134091,2,1,0,16,0,2,0,0,0,0,0,1,6,2,28,6,-1,-1,-1,1,1,1
2016030134116,1,9,0,18,0,0,5,0,1,0,4,1,5,2,24,5,1598,1,3,5,3,5
2016030134141,1,9,0,5,9,0,0,0,0,0,1,1,2,1,45,7,2967,2,2,4,1,4
2016030134145,1,9,0,13,0,0,0,0,0,0,1,1,2,1,38,7,1896,2,13,1,1,1
2016030134145,2,9,0,18,0,0,0,0,0,0,1,1,2,1,56,9,1798,1,12,7,3,7
2016030134145,3,20,0,18,0,0,0,0,1,0,3,1,1,1,41,7,-1,-1,-1,2,1,2
2016030134166,1,9,0,5,0,1,0,0,0,0,4,1,6,1,-1,-1,-1,-1,-1,8,2,8
2016030134166,2,9,0,18,0,1,0,0,0,0,1,1,1,2,39,7,1598,2,4,6,1,6
2016030134209,1,9,0,1,0,0,0,0,0,0,3,1,5,1,67,10,-1,-1,-1,3,2,3
2016030134262,1,9,0,18,0,0,0,0,0,0,0,1,6,2,37,7,1984,1,-1,3,1,3
2016030134277,1,9,0,16,0,0,1,0,2,11,1,1,2,1,38,7,1995,2,10,6,2,6
2016030134277,2,9,0,18,0,0,0,0,0,0,1,1,2,2,21,5,1951,2,10,4,3,4
2016030134302,1,9,0,18,0,0,1,4,0,0,4,1,6,2,26,6,1984,1,9,3,3,3
2016030134302,2,9,0,2,0,0,0,0,0,0,4,1,6,2,-1,-1,1198,1,11,3,3,3
2016030134495,1,9,0,7,0,5,0,0,0,0,2,1,1,1,53,8,-1,-1,-1,9,2,9
2016030134495,2,4,0,16,0,1,2,0,1,0,1,1,6,1,29,6,124,1,2,2,2,2
2016030134517,1,5,0,18,0,0,0,0,0,0,1,1,6,1,50,8,599,1,20,5,2,5
2016030134517,2,1,0,18,0,0,0,0,0,0,3,1,2,1,36,7,-1,-1,-1,5,2,5
2016030134552,1,9,0,7,9,5,0,0,0,0,4,1,5,2,-1,-1,1499,1,2,6,3,6
2016030134595,1,9,0,17,0,0,0,0,1,10,1,1,5,1,18,4,1149,1,15,3,2,3
2016030134646,1,9,0,17,0,0,0,0,0,0,1,1,5,2,75,10,1753,2,12,7,3,7
2016030134646,2,9,0,16,0,0,0,0,0,0,1,1,5,2,77,11,1598,2,4,-1,-1,-1
2016030134656,1,9,0,17,0,0,5,0,7,0,1,1,5,1,18,4,1248,1,8,6,3,6
2016030134712,1,9,0,13,0,0,0,0,0,0,1,1,5,1,37,7,1596,1,16,9,2,9
2016030134712,2,9,0,18,0,0,0,0,0,0,1,1,5,2,55,8,2993,2,2,7,1,7
2016030136035,1,9,0,9,0,6,0,0,0,0,4,1,6,1,56,9,1399,2,9,6,3,6
2016030136035,2,9,0,18,0,1,0,0,0,0,1,1,6,2,22,5,1422,2,8,7,2,7
2016030136035,3,9,0,10,0,1,0,0,0,0,3,1,6,1,71,10,1598,1,7,-1,1,-1
2016030136075,1,8,0,16,0,0,0,0,0,0,4,1,1,1,22,5,-1,-1,-1,8,1,8
2016030136136,1,9,0,18,0,0,0,0,0,0,1,1,4,1,50,8,2143,2,1,6,3,6
2016030136186,1,9,0,17,0,0,1,7,7,4,1,1,6,1,22,5,1596,1,5,2,1,2
2016030136208,1,9,0,16,0,0,2,0,7,11,1,1,6,1,-1,-1,1398,2,11,4,1,4
2016030136222,1,9,0,13,0,0,2,0,1,4,1,1,1,1,29,6,-1,-1,-1,-1,-1,-1
2016030136222,2,20,1,16,0,0,0,0,0,0,3,1,1,1,39,7,-1,-1,-1,-1,-1,-1
2016030136222,3,20,1,17,0,0,0,0,0,0,3,1,1,1,60,9,-1,-1,-1,3,2,3
2016030136231,1,1,0,18,0,5,0,0,0,0,1,1,5,1,31,6,-1,-1,-1,-1,-1,-1
2016030136231,2,9,0,9,0,2,0,0,0,0,3,1,1,1,50,8,2179,2,5,7,1,7
2016030136296,1,9,0,8,0,5,0,0,0,0,1,1,6,2,44,7,1198,1,7,6,3,6
2016030136296,2,9,0,18,0,6,0,0,0,0,2,1,6,1,20,4,1242,1,9,9,1,9
2016030136296,3,9,0,4,0,6,0,0,0,0,2,1,6,2,-1,-1,2000,2,12,4,1,4
2016030136322,1,9,0,17,0,0,0,4,1,0,1,1,5,1,29,6,1998,1,14,2,1,2
2016030136322,2,9,0,2,0,0,0,0,0,0,2,1,6,3,-1,-1,-1,-1,-1,-1,-1,-1
2016030136322,3,9,0,2,0,0,0,0,0,0,2,1,6,3,-1,-1,-1,-1,-1,-1,-1,-1
2016030136322,4,9,0,2,0,0,0,0,0,0,2,1,6,3,-1,-1,-1,-1,-1,-1,-1,-1
2016030136322,5,9,0,2,0,0,0,0,0,0,2,1,6,3,-1,-1,-1,-1,-1,-1,-1,-1
2016030136322,6,9,0,2,0,0,0,0,0,0,2,1,6,3,-1,-1,-1,-1,-1,-1,-1,-1
2016030136471,1,9,0,17,0,0,0,0,0,0,1,1,5,2,36,7,1339,1,7,6,3,6
2016030136471,2,90,0,16,0,0,0,0,0,0,1,1,1,1,33,6,-1,-1,-1,6,3,6
2016030136481,1,9,0,18,0,0,0,0,0,0,1,1,6,2,30,6,1596,1,7,7,1,7
2016030136481,2,9,0,4,0,0,0,0,0,0,2,1,6,1,33,6,1968,2,6,3,3,3
2016030136481,3,9,0,4,0,0,0,0,0,0,2,1,6,1,43,7,2143,2,1,6,3,6
2016030136511,1,9,0,5,0,2,0,0,0,0,1,1,5,2,18,4,998,1,3,6,3,6
2016030136511,2,9,0,18,0,1,0,0,0,0,1,1,5,1,65,9,1369,1,6,7,2,7
2016030136559,1,9,0,18,0,0,2,0,0,0,1,1,6,1,82,11,1498,1,-1,6,3,6
2016030136608,1,9,0,18,0,0,0,0,0,0,1,1,6,3,-1,-1,-1,-1,-1,-1,-1,-1
2016030136637,1,9,0,18,0,4,0,0,3,0,1,1,1,1,34,6,-1,-1,-1,1,1,1
2016030136643,1,9,0,17,0,0,5,0,1,11,1,1,6,1,70,10,1951,2,10,5,3,5
2016030136672,1,9,0,18,0,0,0,0,0,0,0,1,6,1,48,8,1560,2,6,1,1,1
2016030136694,1,9,0,18,0,0,0,0,0,0,1,1,6,1,82,11,1997,2,2,6,1,6
2016030136694,2,9,0,4,0,0,0,0,0,0,2,1,6,2,69,10,1329,1,1,3,3,3
2016030136694,3,19,0,4,0,0,0,0,0,0,2,1,6,2,68,10,-1,-1,-1,6,1,6
2016030136694,4,9,0,4,0,0,0,0,0,0,2,1,6,1,56,9,1598,1,8,8,1,8
2016030136694,5,9,0,4,0,0,0,0,0,0,2,1,6,2,23,5,1229,1,2,9,1,9
2016030136699,1,9,0,18,0,0,0,0,0,0,1,1,5,1,25,5,1910,2,8,1,2,1
2016030136739,1,9,0,9,0,8,0,0,0,0,1,1,5,1,22,5,1560,2,4,9,1,9
2016030136739,2,9,0,18,0,1,0,0,0,0,1,1,5,2,50,8,1997,2,15,7,2,7
2016030137014,1,9,0,18,0,0,0,0,0,0,1,1,5,1,34,6,999,1,7,7,2,7
2016030137212,1,19,0,18,0,0,0,0,0,0,1,1,5,1,-1,-1,1870,2,11,-1,-1,-1
2016030137252,1,9,0,16,0,0,0,0,2,0,1,1,5,1,49,8,1242,1,6,5,3,5
2016030137252,2,9,0,18,0,0,0,0,0,0,1,1,5,1,58,9,1995,2,-1,6,3,6
2016030137447,1,3,0,11,0,0,0,0,0,0,4,1,4,1,33,6,125,1,4,5,1,5
2016030137447,2,9,0,11,0,0,0,0,0,0,3,1,5,1,51,8,1390,1,9,9,1,9
2016030137495,1,9,0,17,0,0,1,0,0,0,4,1,5,1,19,4,1242,1,10,4,1,4
2016030137566,1,9,0,5,0,0,0,0,0,0,4,1,6,3,-1,-1,-1,-1,-1,-1,-1,-1
2016030137566,2,9,0,5,0,0,0,0,0,0,1,1,6,1,41,7,1781,1,14,5,2,5
2016030137587,1,9,0,18,0,0,0,0,0,0,0,1,6,2,-1,-1,-1,-1,-1,5,3,5
2016030137587,2,1,0,18,0,0,0,0,0,0,0,1,6,1,14,3,-1,-1,-1,-1,-1,-1
2016030137908,1,9,0,18,0,2,0,0,0,0,1,1,6,1,48,8,1560,2,4,3,1,3
2016030137935,1,9,0,9,0,1,0,0,0,0,1,1,5,2,54,8,1998,1,17,3,1,3
2016030137935,2,4,0,18,0,1,0,0,0,0,3,1,5,1,59,9,223,1,17,6,3,6
2016030137987,1,9,0,4,0,0,0,0,0,0,2,1,5,1,31,6,1685,2,1,8,1,8
2016030137987,2,9,0,4,0,0,0,0,0,0,1,1,5,2,65,9,1364,2,8,10,1,10
2016030138006,1,9,0,18,0,0,0,0,1,0,1,1,1,1,77,11,-1,-1,-1,7,1,7
2016030138006,2,9,0,3,0,0,0,0,0,0,3,1,2,2,42,7,1395,1,3,7,1,7
2016030138050,1,9,0,16,0,0,0,0,0,0,1,1,3,1,71,10,1248,1,1,2,1,2
2016030138050,2,9,0,17,0,0,0,0,0,0,1,1,5,1,73,10,1461,2,5,9,1,9
2016030138092,1,9,0,7,0,6,0,0,0,0,4,1,6,1,62,9,1997,2,12,9,2,9
2016030138092,2,1,0,18,0,6,0,0,0,0,1,1,6,1,-1,-1,-1,-1,-1,10,2,10
2016030138099,1,9,0,18,0,0,0,0,0,0,1,1,1,1,40,7,-1,-1,-1,-1,1,-1
2016030138755,1,9,0,18,0,0,0,0,0,0,0,1,6,1,19,4,973,1,13,2,1,2
2016030138755,2,1,0,18,0,0,0,0,0,0,0,1,6,1,51,8,-1,-1,-1,7,1,7
2016030138776,1,9,0,16,0,0,1,0,1,11,1,1,1,1,19,4,1390,1,7,4,2,4
2016030138819,1,9,0,16,0,0,0,0,0,0,1,1,5,1,-1,-1,-1,-1,-1,-1,-1,-1
2016030138819,2,9,0,17,0,0,0,0,0,0,1,1,5,1,64,9,1391,1,17,6,3,6
2016030138841,1,9,0,18,0,0,0,0,0,0,1,1,1,2,27,6,996,1,3,4,2,4
2016030138841,2,9,0,9,0,0,0,0,0,0,2,1,1,2,-1,-1,1968,2,1,3,3,3
2016030138873,1,9,0,1,0,2,0,0,0,0,1,1,6,3,-1,-1,-1,-1,-1,-1,-1,-1
2016030138945,1,9,0,18,0,0,0,0,0,0,4,1,5,1,78,11,2496,1,13,3,2,3
2016030138961,1,9,0,18,0,0,0,0,0,0,2,1,6,1,37,7,1753,2,12,6,3,6
2016030138961,2,9,0,18,0,0,0,0,0,0,2,1,6,1,35,6,1461,2,9,10,3,10
2016030138961,3,9,0,18,0,0,0,0,0,0,1,1,6,1,77,11,1399,2,13,9,1,9
2016030138989,1,5,0,18,0,0,0,0,1,0,1,1,5,1,65,9,998,1,9,7,3,7
2016030139203,1,9,0,17,0,2,0,0,0,0,4,1,5,2,24,5,1240,1,12,-1,-1,-1
2016030139206,1,9,0,18,0,0,0,0,0,0,1,1,6,2,82,11,998,1,14,9,3,9
2016030139237,1,9,0,18,0,8,0,0,0,0,1,1,5,1,28,6,1596,1,11,2,1,2
2016030139237,2,9,0,18,0,8,0,0,0,0,4,1,5,2,45,7,1896,2,12,3,1,3
2016030139246,1,9,0,18,0,0,1,0,0,0,1,1,6,1,81,11,1149,1,10,10,3,10
2016030139246,2,9,0,4,0,0,1,0,0,0,1,1,6,2,17,4,1248,1,2,6,3,6
2016030139246,3,9,0,4,0,0,1,0,0,0,2,1,6,1,51,8,1560,2,2,7,2,7
2016030139246,4,9,0,4,0,0,1,0,0,0,2,1,6,2,83,11,998,1,-1,7,2,7
2016030139246,5,9,0,4,0,0,1,0,0,0,0,1,5,2,48,8,1390,1,7,-1,-1,-1
2016030139274,1,9,0,17,0,0,0,0,1,10,1,1,5,1,73,10,1198,1,2,5,2,5
2016030139290,1,9,0,18,0,0,0,0,7,10,3,1,5,1,79,11,1896,2,13,4,3,4
2016030139290,2,9,0,18,0,0,0,0,1,10,3,1,5,1,56,9,-1,-1,-1,2,2,2
2016030139362,1,9,0,13,0,0,0,0,0,0,0,1,6,3,-1,-1,-1,-1,-1,-1,-1,-1
2016030139362,2,9,0,16,0,0,0,0,1,0,1,1,2,1,55,8,1686,2,15,5,2,5
2016030139362,3,9,0,17,0,0,0,0,1,0,1,1,2,1,42,7,1124,1,13,5,3,5
2016030139382,1,9,0,18,0,0,1,0,7,0,4,1,2,2,24,5,1229,1,2,5,3,5
2016030139407,1,9,0,17,0,0,1,0,0,0,4,1,5,1,24,5,1598,1,15,6,3,6
2016030139411,1,9,0,9,0,5,0,0,0,0,3,1,6,1,-1,-1,-1,-1,-1,-1,-1,-1
2016030139577,1,9,0,9,0,2,0,0,0,0,1,1,6,1,34,6,2993,2,10,9,1,9
2016030139577,2,2,0,18,0,1,0,0,0,0,1,1,6,1,17,4,49,1,6,3,1,3
2016030139597,1,19,0,18,0,0,0,0,0,0,0,1,1,3,-1,-1,-1,-1,-1,-1,-1,-1
2016030139597,2,19,0,18,0,0,1,11,0,0,1,1,1,1,-1,-1,2198,2,-1,-1,-1,-1
2016030139634,1,9,0,11,0,1,0,0,0,0,1,1,6,3,-1,-1,-1,-1,-1,-1,-1,-1
2016030139634,2,9,0,18,0,1,0,0,0,0,2,1,5,2,61,9,1328,1,10,3,1,3
2016030139660,1,9,0,18,0,0,0,0,0,0,1,1,6,3,-1,-1,-1,-1,-1,-1,-1,-1
2016030139680,1,9,0,18,0,0,0,10,3,4,1,1,6,1,72,10,1598,1,8,-1,-1,-1
2016030139728,1,9,0,4,0,0,0,0,0,0,1,1,6,1,35,6,1560,2,-1,-1,-1,-1
2016030139954,1,21,1,16,0,0,5,0,7,1,1,1,1,1,55,8,12900,2,8,-1,-1,-1
2016030139981,1,9,0,17,0,0,2,0,7,11,1,1,5,1,21,5,1598,1,10,5,3,5
2016030140002,1,9,0,18,0,0,0,0,0,0,1,1,6,1,51,8,1242,1,12,5,2,5