Accident_Index,Vehicle_Reference,Vehicle_Type,Towing_and_Articulation,Vehicle_Manoeuvre,Vehicle_Location-Restricted_Lane,Junction_Location,Skidding_and_Overturning,Hit_Object_in_Carriageway,Vehicle_Leaving_Carriageway,Hit_Object_off_Carriageway,1st_Point_of_Impact,Was_Vehicle_Left_Hand_Drive?,Journey_Purpose_of_Driver,Sex_of_Driver,Age_of_Driver,Age_Band_of_Driver,Engine_Capacity_(CC),Propulsion_Code,Age_of_Vehicle,Driver_IMD_Decile,Driver_Home_Area_Type,Vehicle_IMD_Decile
201604EF16062,2,9,0,18,0,0,1,0,0,0,0,1,6,1,65,9,1242,1,12,-1,-1,-1
201604EF16063,1,19,0,9,0,2,0,0,0,0,3,1,6,1,30,6,2402,2,8,4,2,4
201604EF16064,1,3,0,18,0,4,1,0,0,0,0,1,6,2,43,7,125,1,2,6,1,6
201604EF16064,2,9,0,9,0,3,0,0,0,0,0,1,6,1,64,9,2993,2,3,8,1,8
201604EF16065,1,9,0,18,0,1,0,0,0,0,1,1,6,1,65,9,2184,2,18,4,1,4
201604EF16065,2,9,0,18,0,1,0,0,0,0,2,1,6,2,34,6,1560,2,1,1,1,1
201604EF16067,1,9,0,18,0,1,0,0,0,0,4,1,6,2,24,5,995,1,5,5,1,5
201604EF16068,1,9,0,16,0,0,0,0,7,10,1,1,6,1,18,4,1796,1,15,5,1,5
201604EF16069,1,9,0,18,0,8,0,0,0,0,4,1,1,1,54,8,1240,1,10,1,1,1
201604EF16069,2,9,0,9,0,6,0,0,0,0,1,1,6,1,20,4,1587,1,12,3,1,3
201604EF16070,1,9,0,7,0,6,0,10,7,0,2,1,6,1,22,5,998,1,15,3,1,3
201604EF16070,2,9,0,18,0,1,1,0,0,0,1,1,6,2,27,6,1598,2,6,5,1,5
201604EF16071,1,9,0,1,0,2,0,0,0,0,2,1,6,2,43,7,1956,2,1,5,1,5
201604EF16072,1,9,0,7,0,8,0,0,0,0,1,1,2,1,32,6,1364,1,11,2,1,2
201604EF16073,1,9,0,9,0,1,0,0,0,0,1,1,6,2,61,9,1596,1,3,1,1,1
201604EF16073,2,9,0,9,0,2,0,0,0,0,1,1,6,1,82,11,1598,1,12,3,1,3
201604EF16073,3,9,0,18,0,1,0,0,0,0,1,1,6,1,24,5,1199,1,16,6,3,6
201604EF16074,1,9,0,17,0,0,1,0,0,0,1,1,6,1,56,9,1198,1,4,8,1,8
201604EF16074,2,9,0,16,0,0,0,0,0,0,3,1,6,1,64,9,1598,1,9,3,1,3
201604EF16074,3,9,0,16,0,0,0,0,0,0,3,1,6,1,78,11,1398,1,3,1,1,1
201604EF16074,4,19,0,2,0,0,0,0,0,0,2,1,1,1,30,6,1598,2,2,-1,-1,-1
201604EF16074,5,9,0,17,0,0,1,4,0,0,1,1,6,1,23,5,1149,1,14,1,1,1
201604EF16075,1,9,0,9,0,8,0,0,0,0,4,1,6,2,81,11,1198,1,-1,2,1,2
201604EF16075,2,9,0,18,0,8,0,0,0,0,1,1,6,1,23,5,1995,1,7,-1,-1,-1
201604EF16075,3,9,0,10,0,1,0,0,0,0,3,1,6,1,52,8,1598,1,13,-1,-1,-1
201604EF16076,1,9,0,18,0,6,0,0,0,0,3,1,6,1,32,6,1896,2,13,1,1,1
201604EF16076,2,8,0,18,0,1,0,0,0,0,1,1,1,1,30,6,2499,2,6,1,1,1
201604EF16077,1,9,0,16,0,1,0,0,0,0,1,1,6,2,46,8,1995,2,5,1,1,1
201604EF16077,2,9,0,18,0,1,0,0,0,0,1,1,6,1,33,6,1998,2,4,-1,-1,-1
201604EF16078,1,9,0,5,0,0,0,0,0,0,1,1,6,1,23,5,1398,2,7,-1,-1,-1
201604EF16078,2,9,0,3,0,0,0,0,0,0,2,1,6,1,81,11,1149,1,6,-1,-1,-1
201604EF16078,3,9,0,3,0,0,0,0,0,0,2,1,6,1,47,8,1395,1,-1,-1,-1,-1
201604EF16079,1,9,0,4,0,0,1,0,0,0,1,1,6,1,28,6,1598,2,1,7,1,7
201604EF16079,2,9,0,4,0,0,0,0,0,0,2,1,6,1,39,7,1395,1,1,7,1,7
201604EF16080,1,8,0,4,0,0,0,0,0,0,1,1,1,1,30,6,2148,2,6,1,1,1
201604EF16081,1,9,0,13,0,1,1,0,0,0,1,1,6,1,29,6,1149,1,14,4,1,4
201604EF16081,2,9,0,2,0,8,0,0,1,10,3,1,6,3,-1,-1,1968,2,9,-1,-1,-1
201604EF16081,3,9,0,2,0,8,0,0,0,0,2,1,6,3,-1,-1,1598,1,16,-1,-1,-1
201604EF16082,1,9,0,18,0,0,0,0,0,0,1,1,6,2,40,7,1390,1,13,5,1,5
201604EF16083,1,19,0,7,9,6,0,0,0,0,1,1,1,1,32,6,2143,2,2,3,1,3
201604EF16084,1,9,4,16,0,0,4,0,1,10,3,1,1,1,47,8,-1,-1,-1,4,3,4
201604EF16084,2,19,5,16,0,0,1,0,0,0,0,1,1,1,37,7,2402,2,6,5,1,5
201604EF16085,1,9,0,18,0,0,0,0,0,0,2,1,1,2,22,5,1390,1,13,6,1,6
201604EF16085,2,9,0,4,0,0,0,0,0,0,1,1,1,1,49,8,1596,1,7,2,1,2
201604EF16086,1,9,0,9,0,6,0,0,0,0,3,1,2,1,28,6,1995,2,1,7,1,7
201604EF16086,2,3,0,18,0,1,0,0,0,0,1,1,2,1,32,6,124,1,16,2,1,2
201604EF16087,1,9,0,16,0,0,1,0,0,0,1,1,6,1,19,4,1198,1,9,3,1,3
201604EF16087,2,90,0,18,0,0,0,0,0,0,1,1,1,1,64,9,8970,2,13,2,1,2
201604EF16088,1,90,0,18,0,0,0,0,0,0,1,1,2,1,35,6,-1,-1,-1,7,1,7
201604EF16088,2,9,0,18,0,0,0,0,4,6,2,1,2,1,67,10,1560,2,5,5,1,5
201604EF16088,3,9,0,18,0,0,0,0,0,7,3,1,6,2,22,5,1198,1,4,-1,-1,-1
201604EF16089,1,9,0,18,0,1,0,10,7,10,1,1,6,1,25,5,1242,1,12,-1,-1,-1
201604EF16090,1,19,0,18,0,0,0,0,0,0,1,1,1,1,62,9,2198,2,3,2,1,2
201604EF16090,2,9,0,18,0,0,0,0,1,7,2,1,2,2,47,8,1248,1,1,9,1,9
201604EF16091,1,3,0,18,0,1,1,0,0,0,1,1,6,1,24,5,125,1,8,1,1,1
201604EF16091,2,9,0,18,0,1,0,0,0,0,0,1,1,1,32,6,2268,2,3,3,1,3
201604EF16091,3,9,0,9,0,1,0,0,0,0,1,1,6,2,36,7,1461,2,3,2,1,2
201604EF16092,1,11,0,2,0,1,0,0,0,0,0,1,1,1,61,9,7300,2,7,5,1,5
201604EF16093,1,4,0,18,0,0,5,0,0,0,0,1,6,1,28,6,-1,-1,-1,-1,-1,-1
201604EF16094,1,90,0,18,0,1,0,0,0,0,1,1,6,3,-1,-1,-1,-1,-1,-1,-1,-1
201604EF16095,1,8,0,18,0,0,0,0,7,9,0,1,1,1,31,6,1910,2,8,2,1,2
201604EF16096,1,9,0,5,0,0,0,0,0,0,1,1,1,1,18,4,1124,1,11,9,1,9
201604EF16096,2,9,0,18,0,0,1,0,0,0,3,1,1,1,29,6,1242,1,2,1,1,1
201604EF16097,1,9,0,5,0,2,0,0,0,0,1,1,2,2,52,8,1149,1,8,1,1,1
201604EF16097,2,9,0,18,0,1,0,0,0,0,4,1,6,2,24,5,1389,1,13,-1,-1,-1
201604EF16098,1,9,0,9,0,8,0,0,0,0,4,1,6,2,19,4,1242,1,15,-1,-1,-1
201604EF16098,2,9,0,18,0,8,0,0,0,0,1,1,6,2,40,7,-1,-1,-1,6,3,6
201604EF16099,1,9,0,18,0,0,1,10,0,0,1,1,6,1,74,10,1794,1,16,2,1,2
201604EF16099,2,9,0,2,0,0,0,0,0,0,0,1,6,3,-1,-1,1240,1,13,-1,-1,-1
201604EF16099,3,19,0,2,0,0,0,0,0,0,0,1,1,3,-1,-1,-1,-1,-1,-1,-1,-1
201604EF16100,1,9,0,18,0,0,0,4,0,0,1,1,6,1,23,5,2494,2,14,4,1,4
201604EF16100,2,9,0,2,0,0,0,0,0,0,2,1,6,3,-1,-1,-1,-1,-1,-1,-1,-1
201604EF16100,3,9,0,2,0,0,0,0,0,0,2,1,6,3,-1,-1,-1,-1,-1,-1,-1,-1
201604EF16101,1,9,0,18,0,6,0,0,0,0,2,1,6,1,21,5,1360,1,10,7,1,7
201604EF16101,2,1,0,17,0,8,0,0,0,0,1,1,1,1,59,9,-1,-1,-1,1,1,1
201604EF16102,1,9,0,1,0,8,0,0,0,0,2,1,6,3,-1,-1,1798,1,12,-1,-1,-1
201604EF16102,2,9,0,4,0,8,0,0,0,0,1,1,6,1,55,8,1896,2,11,1,1,1
201604EF16103,1,9,0,4,0,0,0,0,0,0,1,1,6,1,32,6,3165,1,17,5,1,5
201604EF16103,2,8,0,2,0,0,0,0,0,0,1,1,6,2,47,8,-1,-1,-1,4,2,4
201604EF16104,1,9,0,16,0,0,0,0,0,0,3,1,6,2,62,9,998,1,1,1,1,1
201604EF16104,2,9,0,5,0,0,0,0,0,0,1,1,6,1,61,9,-1,-1,-1,8,1,8
201604EF16105,1,9,0,18,6,0,1,0,2,7,2,1,6,1,45,7,1968,2,1,9,1,9
201604EF16106,1,9,0,10,0,8,0,0,0,0,1,1,6,1,25,5,1984,1,7,1,1,1
201604EF16106,2,9,0,10,0,8,0,0,0,0,2,1,6,2,36,7,1796,1,13,1,1,1
201604EF16107,1,9,0,18,0,1,1,0,0,0,3,1,6,1,23,5,1968,2,1,10,1,10
201604EF16107,2,9,0,9,0,6,0,0,0,0,4,1,6,1,46,8,1596,1,14,-1,-1,-1
201604EF16107,3,9,0,2,0,1,0,0,0,0,3,1,6,3,-1,-1,-1,-1,-1,-1,-1,-1
201604EF16107,4,9,0,2,0,1,0,0,0,0,3,1,6,3,-1,-1,-1,-1,-1,-1,-1,-1
201604EF16108,1,9,0,9,0,8,0,0,0,0,0,1,1,1,21,5,2993,2,8,5,1,5
201604EF16108,2,5,0,18,0,8,0,0,0,0,0,1,6,1,41,7,599,1,14,1,1,1
201604EF16110,1,9,0,18,0,4,0,0,1,10,1,1,6,1,80,11,2401,2,12,1,1,1
201604EF16110,2,9,0,18,0,1,0,0,0,0,2,1,6,1,77,11,1798,1,1,2,1,2
201604EF16111,1,1,0,7,0,1,0,0,0,0,0,1,1,3,-1,-1,-1,-1,-1,-1,-1,-1
201604EF16112,1,9,0,1,0,5,0,0,0,0,2,1,3,1,37,7,2000,2,12,4,1,4
201604EF16113,1,9,0,18,0,0,2,0,2,7,1,1,6,1,36,7,1968,2,7,10,1,10
201604EF16113,2,9,0,18,0,0,0,0,0,0,3,1,6,2,53,8,2987,2,10,6,1,6
201604EF16114,1,9,0,13,0,0,1,0,5,6,4,1,1,1,40,7,1896,2,6,1,1,1
201604EF16114,2,20,0,18,0,0,0,0,0,0,3,1,1,1,55,8,4461,2,8,6,3,6
201604EF16115,1,9,0,9,0,2,0,0,0,0,4,1,6,2,39,7,1596,1,11,1,1,1
201604EF16115,2,11,0,18,0,8,0,0,0,0,3,1,1,1,58,9,4461,2,1,-1,-1,-1
201604EF16116,1,21,0,5,0,1,0,0,0,0,1,1,1,1,58,9,10518,2,4,5,3,5
201604EF16116,2,9,0,5,0,6,0,0,0,0,3,1,6,1,32,6,1595,1,2,3,1,3
201604EF16117,1,9,0,18,0,1,0,4,0,0,1,1,6,2,76,11,-1,-1,-1,6,3,6
201604EF16117,2,19,0,2,0,2,0,0,0,0,2,1,1,1,56,9,2402,2,15,9,2,9
201604EF16117,3,9,0,18,0,1,0,0,0,0,0,1,6,3,-1,-1,-1,-1,-1,-1,-1,-1
201604EF16118,1,9,0,18,0,8,0,0,0,0,3,1,6,3,-1,-1,1798,1,12,-1,-1,-1
201604EF16119,1,9,0,5,0,1,0,0,0,0,3,1,6,1,23,5,1595,1,13,1,1,1
201604EF16120,1,9,0,12,0,0,0,0,0,0,1,1,1,1,24,5,-1,-1,-1,4,3,4
201604EF16120,2,9,0,11,0,0,0,0,0,0,1,1,1,1,21,5,1910,2,9,-1,-1,-1
201604EF16121,1,9,0,18,0,1,0,0,0,0,1,1,6,3,-1,-1,-1,-1,-1,-1,-1,-1
201604EF16121,2,9,0,3,0,8,0,0,0,0,2,1,2,1,37,7,2191,2,2,4,1,4
201604EF16122,1,9,0,18,0,1,0,0,0,0,1,1,6,2,23,5,1242,1,12,3,1,3
201604EF16123,1,9,0,18,0,8,0,0,0,0,1,1,6,1,22,5,1997,2,11,-1,3,-1
201604EF16124,1,9,0,9,0,6,0,0,0,0,3,2,2,1,33,6,-1,-1,-1,-1,-1,-1
201604EF16124,2,1,0,18,0,1,0,0,0,0,1,1,2,1,40,7,-1,-1,-1,-1,-1,-1
201604EF16125,1,9,0,18,0,3,0,0,0,0,1,1,6,2,25,5,1461,2,3,8,1,8
201604EF16125,2,9,0,18,0,3,0,0,0,0,2,1,6,1,64,9,1229,1,2,7,2,7
201604EF16126,1,9,0,4,0,1,0,0,0,0,1,1,6,1,68,10,1242,1,7,1,1,1
201604EF16126,2,9,0,3,0,1,0,0,0,0,2,1,1,2,37,7,1499,2,1,1,1,1
201604EF16127,1,9,0,9,0,1,0,0,0,0,3,1,2,2,73,10,998,1,3,4,1,4
201604EF16127,2,9,0,18,0,8,0,0,0,0,4,1,6,2,26,6,1598,2,6,5,1,5
201604EF16128,1,9,0,9,0,6,0,0,0,0,4,1,1,1,44,7,1896,2,12,1,1,1
201604EF16128,2,9,0,18,0,8,0,0,0,0,3,1,6,1,46,8,2148,2,7,4,1,4
201604EF16129,1,9,0,18,0,1,0,0,0,0,1,1,6,2,21,5,1200,1,1,6,1,6
201604EF16129,2,9,0,10,0,1,0,0,0,0,2,1,6,1,33,6,1999,1,3,1,1,1
201604EF16130,1,9,0,6,0,4,0,0,0,0,1,1,1,1,61,9,1560,2,11,6,1,6
201604EF16130,2,9,0,18,0,4,0,10,0,0,3,1,6,2,41,7,1968,2,10,6,1,6
201604EF16132,1,9,0,18,0,5,0,0,0,0,4,1,6,3,-1,-1,-1,-1,-1,-1,-1,-1
201604EF16133,1,9,0,18,9,0,0,0,0,0,1,1,6,2,55,8,1598,1,1,9,1,9
201604EF16135,1,9,0,3,0,4,0,0,0,0,2,1,2,2,25,5,1199,1,12,7,1,7
201604EF16135,2,9,0,3,0,4,0,0,0,0,1,1,6,3,-1,-1,-1,-1,-1,-1,-1,-1
201604EF16136,1,9,0,4,0,4,0,0,0,0,2,1,2,1,43,7,1896,2,8,1,1,1
201604EF16136,2,9,0,18,0,4,0,0,0,0,1,1,6,3,-1,-1,-1,-1,-1,-1,-1,-1
201604EF16137,1,5,0,16,0,8,1,0,1,0,1,1,6,1,28,6,998,1,12,2,1,2
201604EF16138,1,9,0,18,0,1,0,0,0,0,1,1,6,1,52,8,2157,2,-1,5,1,5
201604EF16138,2,9,0,7,0,5,0,0,0,0,2,1,6,1,51,8,1242,1,6,2,1,2
201604EF16139,1,9,0,18,0,0,0,0,0,0,3,1,2,2,50,8,1968,2,7,7,1,7
201604EF16140,1,11,0,4,0,1,0,0,0,0,0,1,1,1,62,9,9600,2,15,3,1,3
201604EF16141,1,9,0,9,0,5,0,0,0,0,1,1,6,2,69,10,999,1,9,4,1,4
201604EF16141,2,3,0,18,0,1,0,0,0,0,1,1,6,1,24,5,124,1,23,4,1,4
201604EF16142,1,9,0,5,0,8,0,0,0,0,1,1,6,2,54,8,1995,2,1,-1,-1,-1
201604EF16142,2,9,0,9,0,6,0,0,0,0,3,1,6,2,29,6,998,1,2,-1,-1,-1
201604EF16143,1,9,0,17,0,0,0,0,1,10,1,1,6,1,22,5,1242,1,12,5,1,5
201604EF16144,1,20,1,4,0,1,0,0,0,0,2,1,1,1,59,9,-1,-1,-1,2,1,2
201604EF16144,2,9,0,10,0,1,0,0,0,0,2,1,6,2,55,8,998,1,2,1,1,1
201604EF16145,1,9,0,18,0,0,2,0,0,10,4,1,6,1,30,6,1968,2,4,4,1,4
201604EF16146,1,9,0,5,0,6,0,0,0,0,3,1,6,1,71,10,1299,1,8,-1,-1,-1
201604EF16146,2,9,0,18,0,1,0,0,0,0,1,1,6,1,27,6,4395,1,2,-1,-1,-1
201604EF16147,1,9,0,18,0,0,0,0,0,10,1,1,6,2,44,7,1896,2,6,4,1,4
201604EF16148,1,9,0,9,0,6,0,0,0,0,1,1,6,1,63,9,1242,1,7,10,2,10
201604EF16148,2,9,0,18,0,5,0,0,0,0,4,1,6,1,44,7,1995,2,13,1,1,1
201604EF16149,1,9,0,16,0,0,0,0,7,2,1,1,6,1,30,6,1910,2,8,2,1,2
201604EF16149,2,9,0,2,9,0,0,0,0,0,2,1,6,3,-1,-1,1299,1,12,-1,-1,-1
201604EF16149,3,9,0,2,9,0,0,0,0,0,2,1,6,3,-1,-1,1275,1,22,-1,-1,-1
201604EF16150,1,9,0,9,0,6,0,0,0,0,1,1,2,1,56,9,1598,1,14,1,1,1
201604EF16150,2,1,0,18,0,1,0,0,0,0,1,1,6,1,50,8,-1,-1,-1,-1,-1,-1
201604EF16151,1,9,0,18,0,1,0,0,0,0,1,1,6,3,-1,-1,-1,-1,-1,-1,-1,-1
201604EF16151,2,1,0,18,0,8,0,0,0,0,3,1,6,1,23,5,-1,-1,-1,5,1,5
201604EF16152,1,9,0,16,0,1,0,0,5,6,3,1,2,1,51,8,1686,2,13,3,1,3
201604EF16153,1,1,0,18,0,0,0,0,0,0,1,1,6,1,9,2,-1,-1,-1,-1,-1,-1
201604EF16153,2,9,0,18,0,0,0,0,0,0,4,1,6,1,32,6,2143,2,1,1,1,1
201604EF16154,1,9,0,9,0,8,0,0,7,0,1,1,6,2,64,9,1086,1,7,1,1,1
201604EF16154,2,9,0,18,0,8,0,0,1,0,1,1,6,1,73,10,999,1,-1,-1,-1,-1
201604EF16156,1,9,0,5,0,0,0,0,0,0,0,1,6,1,29,6,1496,2,1,-1,-1,-1
201604EF16156,2,9,0,5,0,0,0,0,0,0,2,1,2,1,-1,-1,2495,2,10,3,1,3
201604EF16158,1,9,0,18,0,6,0,0,0,0,4,1,6,2,44,7,1598,2,3,-1,-1,-1
201604EF16159,1,9,0,5,0,6,0,0,0,0,1,1,6,2,43,7,1995,2,12,1,1,1
201604EF16159,2,9,0,18,0,1,1,0,0,0,3,1,2,2,42,7,-1,-1,-1,3,3,3
201604EF16160,1,9,0,11,0,3,0,0,0,0,4,1,6,2,27,6,1598,1,8,1,1,1
201604EF16160,2,5,0,18,0,8,0,0,0,0,3,1,6,1,46,8,649,1,1,2,1,2
201604EF16161,1,9,0,11,0,8,1,10,1,10,1,1,6,1,23,5,998,1,1,1,1,1
201604EF16162,1,11,0,5,2,1,0,0,0,0,0,1,1,1,30,6,9600,2,15,1,1,1
201604EF16163,1,8,0,18,0,0,0,0,0,0,4,1,1,1,25,5,2231,2,7,1,1,1
201604EF16164,1,9,0,16,0,0,1,0,1,0,3,1,6,1,20,4,1896,2,13,1,1,1
201604EF16164,2,90,0,17,0,0,0,0,0,0,3,1,6,2,49,8,-1,-1,-1,4,3,4
201604EF16165,1,9,0,18,0,0,2,0,1,10,1,1,6,1,26,6,1149,1,5,7,1,7
201604EF16165,2,9,0,18,0,0,0,0,0,0,0,1,6,1,39,7,1560,2,1,-1,-1,-1
201604EF16166,1,9,0,18,0,1,0,0,0,0,1,1,6,1,27,6,1598,1,11,2,1,2
201604EF16166,2,9,0,4,0,1,0,0,0,0,2,1,6,2,22,5,1242,1,9,10,1,10
201604EF16166,3,9,0,9,0,1,0,0,0,0,2,1,6,1,71,10,998,1,3,8,2,8
201604EF16166,4,19,0,18,0,1,0,0,0,0,1,1,6,1,52,8,1900,2,13,1,1,1
201604EF16167,1,9,0,18,0,0,0,0,0,0,4,1,6,2,47,8,1242,1,1,5,2,5
201604EF16168,1,9,0,18,0,2,0,0,0,0,1,1,6,2,27,6,1396,1,14,1,1,1
201604EF16169,1,1,0,18,0,0,1,0,0,0,1,1,6,1,34,6,-1,-1,-1,4,1,4
201604EF16169,2,9,0,18,0,0,0,0,0,0,1,1,6,2,28,6,1560,2,6,6,1,6
201604EF16170,1,9,0,18,0,6,0,0,0,0,1,1,2,1,24,5,1390,1,12,4,1,4
201604EF16170,2,9,0,18,0,8,0,4,0,0,4,1,2,2,43,7,2993,2,10,8,3,8
201604EF16170,3,9,0,2,0,2,0,0,0,0,3,1,6,3,-1,-1,1956,2,3,-1,-1,-1
201604EF16171,1,9,0,18,0,0,0,0,7,10,3,1,6,1,74,10,1597,2,2,9,1,9
201604EF16172,1,9,0,18,0,0,0,0,0,0,4,1,6,2,36,7,1149,1,5,2,1,2
201604EF16173,1,9,0,18,0,0,5,4,0,0,1,1,6,2,22,5,1390,1,2,9,1,9
201604EF16173,2,19,4,2,0,0,0,0,0,0,2,1,1,1,32,6,1998,2,13,5,1,5
201604EF16174,1,10,0,6,8,0,0,0,0,0,0,1,6,1,65,9,2494,2,12,4,1,4
201604EF16174,2,9,0,18,0,0,0,0,0,0,1,1,1,2,33,6,1599,1,13,4,1,4
201604EF16175,1,3,0,4,0,1,1,0,0,0,1,1,1,1,18,4,125,1,1,-1,-1,-1
201604EF16176,1,19,0,9,0,5,0,0,0,0,4,1,1,1,48,8,1560,2,-1,3,3,3
201604EF16176,2,5,0,18,0,8,0,0,0,0,1,1,2,1,48,8,690,1,3,4,3,4
201604EF16177,1,9,0,18,0,3,0,0,0,0,1,1,6,1,69,10,1386,1,4,10,1,10
201604EF16178,1,9,0,4,5,1,0,0,0,0,1,1,6,3,-1,-1,1968,2,5,-1,-1,-1
201604EF16178,2,1,0,18,5,1,0,0,0,0,1,1,6,1,12,3,-1,-1,-1,3,1,3
201604EF16179,1,9,0,9,0,8,0,0,0,0,1,1,6,2,37,7,1796,1,14,1,1,1
201604EF16179,2,9,0,18,0,8,0,0,7,0,4,1,6,2,34,6,1328,1,10,2,1,2
201604EF16180,1,9,0,1,0,0,0,0,0,0,2,1,1,1,21,5,-1,-1,-1,1,1,1
201604EF16180,2,9,0,2,0,0,0,0,0,0,1,1,6,2,21,5,1242,1,12,9,1,9
201604EF16181,1,9,0,5,0,4,0,0,0,0,1,1,6,1,56,9,1995,2,2,1,1,1
201604EF16181,2,9,0,5,0,4,0,0,0,0,2,1,6,2,41,7,1496,2,1,5,1,5
201604EF16182,1,9,0,18,0,2,1,0,0,0,4,1,6,1,45,7,998,1,16,3,1,3
201604EF16182,2,9,0,18,0,2,0,0,0,0,1,1,6,2,23,5,1149,1,9,5,2,5
201604EF16183,1,21,1,11,0,0,0,0,0,0,4,1,1,1,59,9,12419,2,6,1,1,1
201604EF16183,2,9,0,17,0,0,1,0,1,7,3,1,6,1,29,6,1686,2,9,1,1,1
201604EF16184,1,3,0,5,0,8,0,0,0,0,1,1,6,3,-1,-1,-1,-1,-1,-1,-1,-1
201604EF16185,1,9,0,7,0,5,0,0,0,0,2,1,3,1,-1,-1,1995,2,12,1,1,1
201604EF16185,2,1,0,7,4,5,1,0,0,0,2,1,4,1,15,3,-1,-1,-1,4,1,4
201604EF16186,1,9,0,18,0,0,1,0,0,0,1,1,2,2,44,7,1388,1,12,-1,-1,-1
201604EF16187,1,9,0,18,0,1,0,0,0,0,4,1,6,1,69,10,1598,1,2,5,3,5
201604EF16187,2,1,0,18,0,1,0,0,0,0,1,1,6,2,10,2,-1,-1,-1,5,2,5
201604EF16188,1,9,0,18,0,0,0,0,0,0,3,1,2,1,27,6,1598,2,-1,5,1,5
201604EF16189,1,9,0,17,0,0,1,4,7,4,1,1,6,1,27,6,-1,-1,-1,-1,-1,-1
201604EF16189,2,20,0,2,0,0,0,0,1,4,1,1,6,1,52,8,-1,-1,-1,1,1,1
201604EF16190,1,1,0,9,0,8,0,0,0,0,1,1,6,1,18,4,-1,-1,-1,1,1,1
201604EF16190,2,9,0,18,0,8,0,0,0,0,1,1,6,1,42,7,1968,2,2,3,1,3
201604EF16191,1,90,0,18,0,8,0,0,0,2,4,1,6,1,21,5,244,1,10,8,1,8
201604EF16192,1,3,0,14,0,1,0,0,0,0,1,1,6,1,19,4,124,1,1,1,1,1
201604EF16192,2,9,0,9,0,6,0,0,0,0,3,1,6,1,23,5,998,1,2,9,1,9
201604EF16193,1,9,0,7,0,8,0,0,0,0,1,1,6,1,23,5,1910,2,9,4,1,4
201604EF16193,2,9,0,18,0,8,0,0,0,0,1,1,6,1,21,5,1896,2,8,8,1,8
201604EF16194,1,9,0,18,0,8,0,0,0,0,3,1,6,3,-1,-1,-1,-1,-1,-1,-1,-1
201604EF16194,2,1,0,4,0,8,0,0,0,0,1,1,6,1,10,2,-1,-1,-1,-1,-1,-1
201604EF16195,1,19,4,9,0,8,0,0,0,0,3,1,1,1,55,8,2402,2,6,9,1,9
201604EF16195,2,9,0,18,0,3,0,0,0,0,4,1,6,2,30,6,1242,1,1,1,1,1
201604EF16196,1,19,0,18,0,4,0,0,0,0,1,1,1,1,51,8,2143,2,3,-1,-1,-1
201604EF16196,2,9,0,18,0,4,0,0,0,0,2,1,6,2,36,7,1229,1,10,-1,-1,-1
201604EF16197,1,9,0,9,0,8,0,0,0,0,4,1,6,1,35,6,1995,2,13,5,3,5
201604EF16197,2,1,0,18,0,8,0,0,0,0,1,1,6,1,50,8,-1,-1,-1,7,1,7
201604EF16198,1,9,0,5,0,8,0,0,0,0,1,1,2,2,26,6,1598,2,2,-1,-1,-1
201604EF16198,2,1,0,18,0,8,0,0,0,0,1,1,2,1,36,7,-1,-1,-1,-1,-1,-1
201604EF16199,1,9,0,18,0,0,0,0,0,0,4,1,6,3,-1,-1,-1,-1,-1,-1,-1,-1
201604EF16200,1,9,0,5,0,8,0,0,0,0,1,1,6,2,25,5,998,1,2,4,1,4
201604EF16200,2,4,0,18,0,1,0,0,0,0,1,1,6,1,66,10,500,1,56,7,1,7
201604EF16200,3,4,0,18,0,1,0,0,0,0,1,1,6,1,67,10,346,1,-1,6,1,6
201604EF16201,1,9,0,18,0,1,1,0,1,7,4,1,6,1,47,8,1997,2,13,2,1,2
201604EF16202,1,9,0,18,0,0,0,0,0,0,1,1,2,1,18,4,1149,1,15,6,3,6
201604EF16202,2,9,0,4,0,0,0,0,0,0,2,1,2,1,26,6,1390,1,11,3,1,3
201604EF16203,1,90,0,1,0,0,0,0,0,0,0,2,1,3,-1,-1,-1,-1,-1,-1,-1,-1
201604EF16203,2,8,0,18,0,0,0,0,0,0,0,1,1,1,47,8,-1,-1,-1,-1,-1,-1
201604EF16204,1,19,0,9,0,0,0,0,0,0,3,1,1,1,35,6,2461,2,5,7,1,7
201604EF16204,2,5,0,18,0,0,1,0,0,0,1,1,1,1,39,7,1170,1,3,-1,-1,-1
201604EF16205,1,9,0,7,0,5,0,0,0,0,4,1,6,1,58,9,2148,2,10,5,1,5
201604EF16206,1,9,0,18,0,8,1,0,0,0,1,1,1,1,53,8,-1,-1,-1,7,1,7
201604EF16206,2,9,0,18,0,8,0,0,0,0,3,1,6,1,53,8,1242,1,-1,2,1,2
201604EF16207,1,5,0,13,0,1,1,0,0,0,1,1,1,1,54,8,-1,-1,-1,4,1,4
201604EF16207,2,1,0,18,0,1,0,0,0,0,1,1,6,1,16,4,-1,-1,-1,1,1,1
201604EF16208,1,9,0,18,0,0,0,0,0,0,4,1,6,3,-1,-1,-1,-1,-1,-1,-1,-1
201604EF16208,2,5,0,18,0,0,0,0,0,0,3,1,6,1,27,6,644,1,13,6,1,6
201604EF16209,1,9,0,9,0,8,0,0,0,0,1,1,6,1,20,4,1150,1,8,1,1,1
201604EF16209,2,1,0,18,0,8,0,0,0,0,1,1,6,1,56,9,-1,-1,-1,3,1,3
201604EF16210,1,9,0,12,0,0,1,0,5,6,1,1,6,2,20,4,998,1,10,1,1,1
201604EF16212,1,9,0,18,0,0,1,0,7,0,1,1,6,1,17,4,1599,1,12,2,1,2
201604EF16212,2,9,0,2,0,0,0,0,0,0,1,1,6,3,-1,-1,1999,1,10,-1,-1,-1
201604EF16212,3,9,0,2,0,0,0,0,0,0,2,1,6,3,-1,-1,1397,1,8,-1,-1,-1
201604EF16212,4,9,0,2,0,0,0,0,1,0,2,1,6,3,-1,-1,1560,2,3,-1,-1,-1