Accident_Index,Vehicle_Reference,Vehicle_Type,Towing_and_Articulation,Vehicle_Manoeuvre,Vehicle_Location-Restricted_Lane,Junction_Location,Skidding_and_Overturning,Hit_Object_in_Carriageway,Vehicle_Leaving_Carriageway,Hit_Object_off_Carriageway,1st_Point_of_Impact,Was_Vehicle_Left_Hand_Drive?,Journey_Purpose_of_Driver,Sex_of_Driver,Age_of_Driver,Age_Band_of_Driver,Engine_Capacity_(CC),Propulsion_Code,Age_of_Vehicle,Driver_IMD_Decile,Driver_Home_Area_Type,Vehicle_IMD_Decile
201604EF16213,1,9,0,18,0,1,0,0,0,0,1,1,6,1,47,8,1956,2,3,3,1,3
201604EF16213,2,9,0,18,0,1,0,0,7,10,4,1,6,1,56,9,1360,1,12,1,1,1
201604EF16214,1,19,0,1,0,0,0,0,0,0,2,1,2,1,57,9,2446,2,20,4,1,4
201604EF16215,1,90,0,18,0,0,0,0,0,0,1,1,1,1,34,6,-1,-1,-1,1,1,1
201604EF16215,2,9,0,18,0,0,0,0,0,0,2,1,6,1,48,8,-1,-1,-1,5,1,5
201604EF16216,1,9,0,18,0,1,1,0,0,0,1,1,6,3,-1,-1,-1,-1,-1,-1,-1,-1
201604EF16216,2,1,0,10,0,1,0,0,0,0,2,1,6,2,27,6,-1,-1,-1,4,1,4
201604EF16217,1,9,0,18,0,0,0,0,0,0,1,1,6,1,68,10,1997,1,3,8,1,8
201604EF16217,2,9,0,18,0,0,0,0,0,0,3,1,6,1,55,8,1584,1,10,7,1,7
201604EF16218,1,9,0,18,0,1,0,0,0,1,1,1,6,2,18,4,1364,1,7,4,1,4
201604EF16218,2,9,0,2,0,2,0,0,1,10,2,1,6,1,53,8,1796,1,10,6,1,6
201604EF16219,1,9,0,4,0,1,0,0,0,0,1,1,6,1,23,5,1499,2,1,6,1,6
201604EF16219,2,9,0,3,0,1,0,0,0,0,2,1,6,2,50,8,1364,1,6,4,1,4
201604EF16220,1,3,0,13,0,1,1,0,0,10,1,1,6,1,17,4,124,1,7,7,1,7
201604EF16220,2,9,0,3,0,1,0,0,0,0,3,1,2,1,50,8,1986,2,9,10,1,10
201604EF16220,3,3,0,18,0,1,0,0,0,0,0,1,6,1,17,4,124,1,3,2,1,2
201604EF16221,1,8,0,3,0,0,0,0,0,0,2,1,6,1,32,6,1968,2,6,2,1,2
201604EF16221,2,90,0,4,0,0,0,0,0,0,1,1,6,1,36,7,-1,-1,-1,2,1,2
201604EF16222,1,9,0,3,0,2,0,0,0,0,2,1,6,1,28,6,1398,1,2,8,1,8
201604EF16222,2,9,0,3,0,1,0,0,0,0,1,1,6,3,-1,-1,1896,2,14,-1,-1,-1
201604EF16223,1,9,0,3,0,1,0,0,0,0,2,1,6,2,22,5,998,1,5,7,3,7
201604EF16223,2,9,0,3,0,1,0,0,0,0,2,1,6,1,52,8,1197,1,2,-1,-1,-1
201604EF16224,1,9,0,18,0,0,0,0,0,0,1,1,6,1,74,10,1997,2,14,4,2,4
201604EF16224,2,9,0,14,0,0,0,0,0,0,3,1,6,2,29,6,1598,2,5,3,1,3
201604EF16224,3,9,0,2,0,0,0,0,0,0,2,1,6,3,-1,-1,1997,2,-1,-1,-1,-1
201604EF16224,4,9,0,2,0,0,0,0,0,0,2,1,6,3,-1,-1,1560,2,6,-1,-1,-1
201604EF16225,1,3,0,18,0,0,0,0,1,0,1,1,6,1,39,7,124,1,1,-1,-1,-1
201604EF16226,1,9,0,18,0,1,0,0,0,0,1,1,6,2,31,6,998,1,-1,1,1,1
201604EF16226,2,9,0,18,0,1,0,0,0,0,2,1,6,2,58,9,1595,1,12,6,1,6
201604EF16227,1,9,0,18,0,0,2,0,0,0,1,1,3,1,27,6,1896,2,9,5,1,5
201604EF16227,2,9,0,2,0,0,0,0,0,0,3,1,6,3,-1,-1,1242,1,3,-1,-1,-1
201604EF16228,1,19,0,18,0,0,0,0,0,0,1,1,1,1,52,8,2198,2,1,5,1,5
201604EF16228,2,19,0,18,0,0,0,0,0,0,2,1,1,1,47,8,-1,-1,-1,9,1,9
201604EF16228,3,9,0,18,0,0,0,0,0,0,2,1,1,1,40,7,2497,2,9,7,3,7
201604EF16229,1,9,0,16,0,0,1,0,0,2,1,1,2,1,33,6,1398,2,6,5,1,5
201604EF16230,1,90,0,18,0,1,0,0,0,0,4,1,2,1,52,8,-1,-1,-1,4,1,4
201604EF16231,1,9,0,18,0,0,0,0,0,10,3,1,6,2,44,7,1461,2,-1,3,1,3
201604EF16231,2,9,0,3,0,0,0,0,0,0,4,1,6,1,24,5,2698,2,11,4,3,4
201604EF16231,3,9,0,10,0,0,0,0,0,0,2,1,6,2,32,6,1560,2,8,3,1,3
201604EF16232,1,9,0,10,0,5,0,0,0,0,1,1,6,1,42,7,1299,1,13,1,1,1
201604EF16232,2,3,0,18,0,1,0,0,0,0,1,1,6,1,21,5,124,1,2,4,1,4
201604EF16233,1,9,0,18,0,0,1,0,0,6,1,1,6,1,36,7,5204,1,1,5,1,5
201604EF16233,2,9,0,18,0,0,0,0,0,0,1,1,1,1,53,8,-1,-1,-1,2,1,2
201604EF16234,1,3,0,18,0,0,1,0,0,0,3,1,6,1,23,5,124,1,-1,1,1,1
201604EF16235,1,9,0,5,0,6,0,0,0,0,1,1,6,2,24,5,1461,2,4,-1,1,-1
201604EF16235,2,9,0,18,0,8,0,0,0,0,4,1,6,1,25,5,998,1,3,2,1,2
201604EF16237,1,9,0,9,0,6,0,0,0,0,1,1,6,2,17,4,1242,1,5,8,1,8
201604EF16237,2,8,0,18,0,8,0,0,0,0,1,1,1,1,41,7,1995,2,6,4,1,4
201604EF16238,1,9,0,18,0,8,0,0,0,0,1,1,6,1,80,11,1318,1,-1,9,1,9
201604EF16238,2,9,0,9,0,8,0,0,0,0,2,1,6,2,64,9,2143,2,1,3,1,3
201604EF16239,1,9,0,18,0,0,0,0,0,0,3,1,6,1,34,6,1499,2,-1,2,1,2
201604EF16239,2,9,0,18,0,0,0,0,0,0,4,1,6,1,20,4,1598,2,5,8,1,8
201604EF16240,1,9,0,5,0,6,0,0,0,0,2,1,6,2,52,8,1360,1,9,6,1,6
201604EF16241,1,9,0,18,0,0,0,0,0,0,1,1,2,2,51,8,1598,2,3,-1,-1,-1
201604EF16241,2,9,0,3,0,0,0,0,0,0,2,1,6,2,29,6,1995,2,4,-1,-1,-1
201604EF16242,1,9,0,5,0,0,0,0,0,0,1,1,6,2,34,6,1398,1,2,1,1,1
201604EF16242,2,19,0,3,0,0,0,0,0,0,2,1,6,1,38,7,2402,2,10,2,1,2
201604EF16243,1,9,0,1,0,8,0,0,0,0,2,1,6,3,-1,-1,1242,1,12,-1,-1,-1
201604EF16243,2,9,0,2,0,2,1,0,0,0,2,1,6,1,22,5,1560,2,4,2,1,2
201604EF16244,1,9,0,9,0,1,0,0,0,0,1,1,6,2,58,9,1956,2,4,8,3,8
201604EF16244,2,1,0,18,0,1,0,0,0,0,1,1,6,1,57,9,-1,-1,-1,3,1,3
201604EF16245,1,9,0,9,0,5,0,0,0,0,1,1,6,1,38,7,1910,2,9,7,1,7
201604EF16245,2,9,0,18,0,8,0,0,0,0,1,1,6,2,26,6,1368,1,8,4,1,4
201604EF16246,1,9,0,18,0,1,0,0,1,1,1,1,2,2,41,7,1360,1,12,6,3,6
201604EF16246,2,9,0,7,0,1,0,0,0,0,2,2,2,2,55,8,1242,1,4,2,1,2
201604EF16247,1,9,0,18,0,5,0,0,0,0,1,1,6,2,34,6,1149,1,3,2,1,2
201604EF16248,1,9,0,18,0,0,0,0,7,2,1,1,6,1,63,9,1596,1,1,2,1,2
201604EF16249,1,9,0,5,0,0,0,0,0,0,4,1,6,1,68,10,1598,1,2,-1,-1,-1
201604EF16250,1,1,0,18,0,0,0,0,0,0,3,1,6,1,6,2,-1,-1,-1,5,1,5
201604EF16250,2,9,0,18,0,0,1,0,7,0,1,1,6,2,62,9,1973,1,15,9,1,9
201604EF16251,1,9,0,5,0,1,0,0,0,0,1,1,6,2,28,6,1399,2,9,3,1,3
201604EF16251,2,1,0,18,0,1,0,0,0,0,1,1,6,1,65,9,-1,-1,-1,3,1,3
201604EF16252,1,9,0,5,0,1,0,0,0,0,3,1,6,1,68,10,1149,1,17,-1,-1,-1
201604EF16252,2,9,0,18,0,1,0,0,0,0,3,1,6,2,32,6,1149,1,14,-1,-1,-1
201604EF16253,1,9,0,18,0,1,0,0,3,0,4,1,6,1,29,6,1753,2,7,1,1,1
201604EF16253,2,9,0,18,0,1,0,0,1,0,3,1,6,1,42,7,1910,2,8,7,1,7
201604EF16255,1,9,0,3,0,0,0,0,0,0,4,1,2,1,21,5,998,1,2,7,1,7
201604EF16256,1,9,0,3,0,1,0,0,0,0,4,1,2,1,36,7,-1,-1,-1,10,3,10
201604EF16256,2,9,0,4,0,1,0,0,0,0,1,1,6,1,33,6,1686,2,13,2,1,2
201604EF16257,1,9,0,9,0,8,0,0,0,1,1,1,6,1,54,8,1896,2,8,7,1,7
201604EF16258,1,9,0,18,0,2,0,0,0,0,1,1,6,1,63,9,2460,2,9,1,1,1
201604EF16259,1,9,0,5,0,6,0,0,0,0,1,1,6,2,54,8,1997,1,16,-1,-1,-1
201604EF16260,1,9,0,18,0,0,0,0,0,0,1,1,6,2,43,7,1582,2,2,7,1,7
201604EF16260,2,5,0,18,0,0,0,0,0,0,2,1,6,1,42,7,696,1,8,-1,3,-1
201604EF16261,1,1,0,14,0,0,0,0,0,0,3,1,2,1,52,8,-1,-1,-1,-1,-1,-1
201604EF16261,2,9,5,2,0,0,0,0,0,0,3,1,6,3,-1,-1,996,1,3,-1,-1,-1
201604EF16262,1,9,0,18,0,2,0,0,0,0,1,1,6,1,18,4,998,1,12,9,1,9
201604EF16263,1,9,0,18,0,0,0,12,0,0,1,1,6,1,35,6,1910,2,9,1,1,1
201604EF16263,2,9,0,2,0,0,0,0,0,0,2,1,6,3,-1,-1,1968,2,-1,-1,-1,-1
201604EF16263,3,9,0,2,0,0,0,0,0,0,3,1,6,3,-1,-1,1995,1,4,-1,-1,-1
201604EF16264,1,9,0,18,0,1,0,0,0,0,1,1,6,1,27,6,1360,1,16,1,1,1
201604EF16264,2,9,0,18,0,8,0,0,0,0,4,1,6,2,26,6,1896,2,13,-1,-1,-1
201604EF16264,3,9,0,2,0,2,0,0,0,0,2,1,6,1,50,8,1998,2,9,1,1,1
201604EF16265,1,9,0,4,0,1,0,0,0,0,1,1,6,2,42,7,2179,2,4,5,3,5
201604EF16265,2,9,0,3,0,1,0,0,0,0,2,1,2,2,56,9,1198,1,2,8,3,8
201604EF16266,1,9,0,18,0,8,0,0,0,0,1,1,2,1,22,5,1753,2,11,5,1,5
201604EF16266,2,9,0,9,0,6,0,0,0,0,3,1,6,1,83,11,1796,1,9,8,1,8
201604EF16267,1,9,0,4,0,1,0,0,0,0,2,1,6,1,82,11,1086,1,13,9,1,9
201604EF16267,2,9,0,18,0,1,0,0,0,0,2,1,6,2,46,8,1398,1,3,9,1,9
201604EF16267,3,9,0,18,0,1,0,0,0,0,1,1,6,2,44,7,2488,2,9,9,1,9
201604EF16267,4,9,0,18,0,1,0,0,0,0,1,1,6,1,30,6,1198,1,3,3,1,3
201604EF16267,5,9,0,18,0,1,0,0,0,0,1,1,6,2,26,6,1199,2,4,1,1,1
201604EF16267,6,9,0,18,0,1,0,0,0,0,1,1,6,2,48,8,1686,2,3,9,3,9
201604EF16267,7,19,0,18,0,1,0,0,0,0,1,1,1,1,26,6,2198,2,2,1,1,1
201604EF16268,1,9,0,18,0,8,0,0,0,0,3,2,6,1,32,6,1242,1,10,1,1,1
201604EF16268,2,9,0,5,0,8,0,0,0,0,1,1,6,1,81,11,1339,1,14,-1,-1,-1
201604EF16269,1,9,0,4,0,0,0,0,0,0,1,1,6,2,23,5,998,1,3,1,1,1
201604EF16269,2,9,0,4,0,0,0,0,0,0,2,1,6,1,26,6,1995,2,5,4,1,4
201604EF16269,3,9,0,4,0,0,0,0,0,0,2,1,6,1,29,6,1997,2,4,5,1,5
201604EF16270,1,9,0,1,0,0,0,0,0,0,3,1,1,1,37,7,1910,2,9,7,1,7
201604EF16270,2,1,0,18,0,0,0,0,0,0,1,1,6,1,51,8,-1,-1,-1,9,2,9
201604EF16271,1,9,0,12,0,0,0,0,0,0,0,1,6,3,-1,-1,-1,-1,-1,-1,-1,-1
201604EF16271,2,9,0,18,0,0,1,0,5,6,1,2,6,1,22,5,1598,1,14,1,1,1
201604EF16271,3,9,0,4,0,0,0,0,0,0,2,2,6,1,48,8,1968,2,3,3,1,3
201604EF16271,4,9,0,4,0,0,0,0,0,0,1,1,2,2,36,7,1398,2,5,6,1,6
201604EF16271,5,9,0,4,0,0,0,0,0,0,1,1,2,2,20,4,999,1,3,4,2,4
201604EF16271,6,9,0,4,0,0,1,0,0,0,1,1,2,2,60,9,1560,2,7,8,1,8
201604EF16271,7,9,0,4,0,0,0,0,0,0,1,1,6,1,38,7,2400,2,7,3,1,3
201604EF16272,1,3,0,17,0,0,5,0,1,0,1,1,6,1,17,4,124,1,2,10,1,10
201604EF16273,1,5,0,4,0,4,1,0,0,0,0,1,6,1,32,6,598,1,24,1,1,1
201604EF16274,1,9,0,4,0,1,0,0,0,0,1,1,6,3,65,9,-1,-1,-1,-1,-1,-1
201604EF16274,2,9,0,3,0,1,0,0,0,0,2,1,2,2,59,9,1984,1,9,3,1,3
201604EF16275,1,9,0,1,0,1,0,0,0,0,2,1,6,2,44,7,1598,1,1,7,3,7
201604EF16275,2,90,0,5,0,1,0,0,0,0,1,1,1,1,66,10,-1,-1,-1,7,3,7
201604EF16276,1,9,0,18,0,0,0,0,0,0,1,1,6,1,36,7,1998,1,12,4,1,4
201604EF16276,2,9,0,18,0,0,0,0,0,0,3,1,6,1,49,8,1200,1,1,5,1,5
201604EF16277,1,9,0,18,0,0,0,0,8,10,1,1,6,1,38,7,1149,1,15,3,1,3
201604EF16278,1,9,0,9,0,8,0,0,0,0,1,1,6,1,26,6,1198,1,2,-1,-1,-1
201604EF16279,1,9,0,7,0,1,0,0,0,0,1,1,6,1,52,8,1390,2,14,1,1,1
201604EF16280,1,5,0,16,0,0,5,0,7,0,1,1,6,1,24,5,600,1,16,3,1,3
201604EF16281,1,90,0,9,0,0,0,0,0,0,3,1,1,1,33,6,-1,-1,-1,7,1,7
201604EF16281,2,3,0,17,0,0,0,4,0,0,1,1,6,1,18,4,125,1,11,7,1,7
201604EF16282,1,9,0,17,0,0,0,0,0,0,4,1,6,3,-1,-1,-1,-1,-1,-1,-1,-1
201604EF16283,1,5,0,16,0,0,1,0,8,10,1,1,2,1,30,6,-1,-1,-1,3,1,3
201604EF16284,1,9,0,18,0,8,0,0,0,0,1,1,6,2,47,8,1598,1,2,3,1,3
201604EF16284,2,9,0,9,0,8,0,0,0,0,3,1,6,1,53,8,2499,2,12,1,1,1
201604EF16285,1,9,0,18,0,0,0,0,0,0,1,1,6,2,31,6,1149,1,9,8,1,8
201604EF16285,2,9,0,18,0,0,0,0,0,0,3,1,6,2,32,6,1598,1,10,8,1,8
201604EF16286,1,9,0,9,0,8,0,0,0,0,3,1,6,1,27,6,1390,1,10,1,1,1
201604EF16286,2,3,0,13,0,1,0,0,0,0,1,1,1,1,56,9,124,1,7,4,3,4
201604EF16287,1,9,0,9,0,3,0,0,0,0,4,1,6,2,73,10,1242,1,3,6,3,6
201604EF16287,2,1,0,18,0,3,0,0,0,0,1,1,6,1,52,8,-1,-1,-1,-1,-1,-1
201604EF16288,1,9,0,5,0,2,0,0,7,0,1,1,6,1,58,9,998,1,1,3,1,3
201604EF16288,2,9,0,9,0,5,1,0,1,0,3,1,6,1,66,10,1248,1,1,3,1,3
201604EF16289,1,9,0,17,0,0,0,0,2,7,1,1,6,3,-1,-1,1242,1,9,-1,-1,-1
201604EF16290,1,9,0,9,0,5,0,0,1,0,1,1,6,2,23,5,1968,2,8,1,1,1
201604EF16290,2,3,0,18,0,1,0,0,1,0,1,1,6,1,21,5,124,1,16,2,1,2
201604EF16291,1,21,0,2,0,2,0,0,0,0,0,1,6,3,-1,-1,5900,2,9,-1,-1,-1
201604EF16291,2,1,0,18,0,8,0,0,0,0,1,1,2,1,52,8,-1,-1,-1,1,1,1
201604EF16292,1,9,0,9,0,1,0,0,0,0,3,1,6,2,22,5,1242,1,2,1,1,1
201604EF16292,2,9,0,18,0,1,0,0,0,0,1,1,2,1,21,5,1388,1,7,8,1,8
201604EF16293,1,9,0,5,0,1,0,0,0,0,1,1,6,1,22,5,1368,1,5,8,3,8
201604EF16293,2,9,0,16,0,1,0,0,0,0,1,1,6,1,25,5,1870,2,13,-1,-1,-1
201604EF16294,1,9,0,12,0,0,1,11,0,7,1,1,6,1,39,7,1910,2,8,2,1,2
201604EF16295,1,9,0,4,0,0,0,0,0,6,1,1,1,1,42,7,2204,2,11,1,1,1
201604EF16295,2,9,0,4,0,0,0,0,0,0,1,1,1,2,35,6,1598,1,11,3,1,3
201604EF16296,1,8,0,18,0,0,0,0,0,0,1,1,6,3,-1,-1,1910,2,8,-1,-1,-1
201604EF16296,2,9,0,18,0,0,0,0,0,0,2,1,1,3,-1,-1,1560,2,2,-1,-1,-1
201604EF16297,1,9,0,1,0,0,0,0,0,0,2,1,1,2,41,7,1598,1,4,8,1,8
201604EF16298,1,9,0,4,0,0,0,0,0,0,0,1,3,2,33,6,998,1,8,4,1,4
201604EF16299,1,9,0,4,0,0,1,0,2,0,2,1,6,1,29,6,1968,2,2,6,3,6
201604EF16299,2,9,0,4,0,0,1,0,2,0,1,1,6,2,36,7,1984,1,5,10,2,10
201604EF16299,3,8,0,4,0,0,1,0,0,0,2,1,6,1,25,5,1896,2,12,1,1,1
201604EF16299,4,9,0,4,0,0,1,0,2,0,2,1,6,1,44,7,1363,2,11,-1,-1,-1
201604EF16299,5,9,0,4,0,0,0,0,0,0,2,1,6,1,55,8,1999,2,-1,2,1,2
201604EF16299,6,9,0,4,0,0,1,0,2,0,2,1,6,1,27,6,1984,1,1,2,1,2
201604EF16300,1,9,0,18,0,0,1,0,2,7,1,1,6,1,27,6,1995,2,6,7,2,7
201604EF16301,1,9,0,14,0,0,0,0,0,0,1,1,6,2,80,11,1242,1,15,4,1,4
201604EF16301,2,9,0,2,0,0,0,0,1,0,2,1,6,3,-1,-1,-1,-1,-1,-1,-1,-1
201604EF16302,1,9,0,18,0,1,0,0,0,0,1,1,6,1,28,6,1248,2,11,-1,-1,-1
201604EF16302,2,9,0,3,0,1,0,0,0,0,2,1,6,2,36,7,998,1,-1,8,1,8
201604EF16303,1,9,0,9,0,1,0,0,0,0,1,1,1,1,67,10,-1,-1,-1,2,1,2
201604EF16303,2,1,0,18,0,1,0,0,0,0,1,1,6,1,16,4,-1,-1,-1,-1,-1,-1
201604EF16304,1,9,0,18,0,8,0,0,0,0,1,1,2,1,43,7,1910,2,8,3,1,3
201604EF16304,2,9,0,9,0,8,0,0,0,0,4,1,2,1,42,7,1598,1,6,9,1,9
201604EF16305,1,9,0,18,0,8,0,0,0,0,4,1,2,1,39,7,1590,1,14,4,1,4
201604EF16306,1,2,0,18,0,0,0,0,0,0,4,1,2,1,32,6,-1,-1,-1,5,1,5
201604EF16307,1,9,0,18,0,0,5,0,0,0,1,1,6,2,27,6,1598,2,4,2,1,2
201604EF16307,2,9,0,2,0,0,0,0,0,0,1,1,6,2,20,4,1229,1,1,3,1,3
201604EF16307,3,9,0,18,0,0,0,0,0,0,3,1,6,1,63,9,1229,1,5,5,3,5
201604EF16309,1,8,0,8,0,1,0,0,0,0,1,1,6,1,39,7,1686,2,12,2,1,2
201604EF16309,2,9,0,18,1,1,0,0,1,0,1,1,2,2,51,8,1422,2,8,7,1,7
201604EF16310,1,9,0,18,0,1,0,0,0,0,1,1,6,3,-1,-1,-1,-1,-1,-1,-1,-1
201604EF16311,1,9,0,18,0,0,0,0,7,10,1,1,6,1,23,5,1198,1,11,1,1,1
201604EF16312,1,19,0,11,0,2,0,0,0,1,4,1,6,1,44,7,2402,2,9,1,1,1
201604EF16312,2,4,0,18,0,2,1,10,1,5,1,1,6,1,26,6,-1,-1,-1,4,1,4
201604EF16313,1,9,0,13,0,8,0,0,7,0,3,1,2,1,37,7,1422,2,12,1,1,1
201604EF16313,2,9,0,18,0,8,0,0,0,0,3,1,2,2,32,6,2000,2,6,9,1,9
201604EF16313,3,21,0,18,0,8,0,0,0,0,3,1,1,1,41,7,6700,2,-1,2,1,2
201604EF16313,4,9,0,18,0,8,5,0,1,0,1,1,2,1,56,9,1596,1,1,1,1,1
201604EF16313,5,9,0,18,0,8,0,0,0,0,1,1,2,2,46,8,999,1,8,9,2,9
201604EF16314,1,3,0,17,0,0,0,0,0,0,1,1,6,1,20,4,124,1,5,7,1,7
201604EF16315,1,8,0,18,0,1,0,0,0,0,4,1,1,1,34,6,1598,2,5,1,1,1
201604EF16315,2,9,0,5,0,1,0,0,0,0,1,1,6,2,22,5,1995,2,7,1,1,1
201604EF16316,1,1,0,18,0,8,0,0,0,0,1,1,6,1,14,3,-1,-1,-1,3,1,3
201604EF16316,2,9,0,2,0,2,0,0,0,0,2,1,6,3,-1,-1,1598,1,12,-1,-1,-1
201604EF16317,1,9,0,9,0,8,0,0,0,0,3,1,6,2,31,6,1299,1,12,3,1,3
201604EF16317,2,9,0,18,0,8,0,0,0,1,3,1,2,1,49,8,1229,1,8,1,1,1
201604EF16318,1,9,0,18,0,0,0,0,0,0,1,1,6,2,58,9,1560,2,1,10,1,10
201604EF16318,2,9,0,2,0,0,0,0,0,0,2,2,6,3,-1,-1,-1,-1,-1,-1,-1,-1
201604EF16319,1,8,0,18,0,0,0,0,0,0,4,1,1,1,32,6,1896,2,8,1,1,1
201604EF16320,1,9,0,18,0,6,0,0,0,0,1,1,6,3,-1,-1,2993,2,13,-1,-1,-1
201604EF16320,2,9,0,18,0,8,0,0,1,0,1,2,6,1,74,10,1248,2,3,1,1,1
201604EF16321,1,9,0,5,0,4,0,0,0,0,3,1,2,2,50,8,1598,1,7,8,1,8
201604EF16321,2,1,0,18,0,1,1,0,0,0,1,1,2,1,28,6,-1,-1,-1,5,1,5
201604EF16322,1,9,0,18,0,1,0,0,0,0,1,1,6,1,47,8,1796,1,9,3,1,3
201604EF16323,1,11,0,4,0,0,0,0,0,0,0,1,6,1,51,8,-1,-1,-1,3,1,3
201604EF16324,1,9,0,7,0,2,0,0,0,0,1,1,1,2,27,6,1124,1,11,4,1,4
201604EF16324,2,9,0,18,0,1,0,0,0,0,4,1,1,1,27,6,999,1,-1,3,1,3
201604EF16326,1,90,0,18,0,0,0,0,0,0,1,1,2,1,23,5,-1,-1,-1,2,1,2
201604EF16327,1,9,0,18,0,1,1,0,0,0,1,1,6,1,25,5,1398,1,6,5,1,5
201604EF16327,2,9,0,4,0,1,0,0,0,0,2,1,3,1,60,9,1560,2,2,2,1,2
201604EF16327,3,9,0,3,0,1,0,0,0,0,2,1,6,1,42,7,1497,8,8,4,1,4
201604EF16328,1,9,0,1,9,0,0,0,0,0,2,1,6,1,63,9,2987,2,9,7,1,7
201604EF16328,2,9,0,2,9,0,0,0,0,0,2,1,6,2,36,7,1496,1,1,7,1,7
201604EF16329,1,8,0,5,0,2,0,0,0,0,1,1,6,1,50,8,1896,2,7,1,1,1
201604EF16330,1,9,0,9,0,6,0,0,0,0,1,1,6,1,47,8,1364,1,-1,1,1,1
201604EF16330,2,9,0,18,0,8,0,0,7,0,4,1,2,1,55,8,-1,-1,-1,6,3,6
201604EF16331,1,3,0,18,0,1,0,0,0,0,1,1,6,1,19,4,125,1,2,5,1,5
201604EF16331,2,8,0,9,0,8,0,0,0,0,1,1,1,1,58,9,1968,2,6,1,1,1
201604EF16332,1,5,0,6,0,6,0,0,0,0,3,1,6,1,66,10,1584,1,7,3,1,3
201604EF16333,1,9,0,18,0,8,0,0,0,0,4,1,6,3,-1,-1,-1,-1,-1,-1,-1,-1
201604EF16334,1,9,0,9,0,6,0,0,0,0,3,1,6,2,23,5,1997,2,13,8,1,8
201604EF16334,2,9,0,18,0,8,0,0,0,0,1,1,6,1,26,6,1199,1,13,-1,-1,-1
201604EF16335,1,90,0,18,0,1,0,0,1,0,1,1,1,1,58,9,-1,-1,-1,1,1,1
201604EF16335,2,9,0,18,0,8,0,0,0,0,1,1,6,2,38,7,1248,1,4,1,1,1
201604EF16336,1,9,0,18,0,0,1,0,0,0,1,1,1,2,47,8,1328,1,8,7,1,7
201604EF16336,2,9,0,18,0,0,0,0,1,0,1,1,6,1,76,11,1753,2,11,3,3,3
201604EF16337,1,9,0,18,0,0,0,0,0,0,1,1,6,3,-1,-1,2979,1,15,-1,-1,-1
201604EF16338,1,9,0,9,0,8,0,0,0,0,1,1,6,1,30,6,1910,2,8,1,1,1
201604EF16339,1,9,0,18,0,0,1,7,0,6,1,1,2,2,23,5,1686,2,12,2,1,2
201604EF16339,2,9,0,18,0,0,0,0,0,0,1,1,6,1,63,9,1497,8,9,1,1,1
201604EF16340,1,9,0,5,0,6,0,0,0,0,1,1,6,1,71,10,1248,1,5,5,1,5
201604EF16340,2,9,0,18,0,2,0,0,0,0,1,1,6,2,39,7,1998,2,9,1,1,1
201604EF16341,1,9,0,18,0,0,0,0,0,0,1,1,6,2,59,9,1598,1,10,1,1,1
201604EF16342,1,9,0,5,0,4,0,0,0,0,1,1,1,1,20,4,1229,1,8,-1,-1,-1
201604EF16342,2,9,0,9,0,3,0,0,0,0,4,1,6,1,35,6,1363,2,12,-1,-1,-1
201604EF16343,1,9,0,18,0,0,0,10,0,0,1,1,6,1,86,11,1598,2,4,-1,-1,-1
201604EF16343,2,9,0,18,0,0,0,0,0,0,1,1,6,2,30,6,1968,2,6,6,1,6
201604EF16345,1,90,0,16,0,0,0,0,0,0,1,1,6,1,23,5,-1,-1,-1,5,1,5
201604EF16345,2,3,0,16,0,0,0,0,0,0,1,1,6,1,24,5,124,1,-1,6,1,6
201604EF16346,1,9,0,18,0,6,0,0,0,0,1,1,6,2,24,5,1968,2,4,5,1,5
201604EF16346,2,9,0,18,0,8,0,0,0,0,4,1,6,1,23,5,1560,2,1,1,1,1
201604EF16347,1,19,4,18,0,0,0,0,0,0,0,1,1,1,53,8,2198,2,4,8,1,8
201604EF16347,2,9,0,18,0,0,0,0,0,0,1,1,1,1,42,7,1798,8,-1,1,1,1
201604EF16348,1,9,0,16,0,8,0,0,7,0,1,1,6,1,24,5,1896,2,12,1,1,1
201604EF16349,1,9,0,4,0,0,0,0,0,0,2,1,6,1,32,6,1399,1,11,3,1,3
201604EF16349,2,9,0,4,0,0,0,0,0,0,2,1,1,1,50,8,-1,-1,-1,7,3,7
201604EG16001,1,9,0,18,0,8,0,0,0,0,4,1,6,1,35,6,1368,1,9,2,1,2
201604EG16002,1,9,0,18,0,8,0,0,0,0,4,1,6,3,-1,-1,-1,-1,-1,-1,-1,-1
201604EG16002,2,1,0,18,0,8,0,0,0,0,3,1,6,2,51,8,-1,-1,-1,8,3,8
201604EG16003,1,9,0,9,0,8,0,0,0,0,1,1,6,3,-1,-1,-1,-1,-1,-1,-1,-1
201604EG16004,1,9,0,5,0,0,0,0,0,0,1,1,6,1,68,10,1587,1,12,1,1,1
201604EG16005,1,9,0,18,0,0,0,0,0,0,3,1,6,3,-1,-1,-1,-1,-1,-1,-1,-1
201604EG16005,2,9,0,2,0,0,0,0,0,0,3,1,6,2,-1,-1,1399,2,6,-1,-1,-1
201604EG16006,1,11,0,18,0,0,0,0,0,1,1,1,1,1,56,9,9600,2,15,-1,-1,-1
201604EG16007,1,9,0,18,0,4,0,0,0,0,0,1,6,2,23,5,1360,1,10,8,1,8
201604EG16007,2,2,0,9,0,4,0,0,0,0,4,1,6,2,21,5,49,1,1,1,1,1
201604EG16008,1,9,0,5,0,8,0,0,0,0,3,1,6,1,36,7,1991,2,6,8,1,8
201604EG16008,2,9,0,18,0,8,0,0,0,0,1,1,6,1,71,10,1753,2,7,8,1,8
201604EG16009,1,9,0,7,0,8,0,0,0,0,3,1,6,3,-1,-1,-1,-1,-1,-1,-1,-1
201604EG16010,1,9,0,18,0,8,0,0,0,0,4,1,6,2,73,10,999,1,2,8,3,8