Accident_Index,Vehicle_Reference,Vehicle_Type,Towing_and_Articulation,Vehicle_Manoeuvre,Vehicle_Location-Restricted_Lane,Junction_Location,Skidding_and_Overturning,Hit_Object_in_Carriageway,Vehicle_Leaving_Carriageway,Hit_Object_off_Carriageway,1st_Point_of_Impact,Was_Vehicle_Left_Hand_Drive?,Journey_Purpose_of_Driver,Sex_of_Driver,Age_of_Driver,Age_Band_of_Driver,Engine_Capacity_(CC),Propulsion_Code,Age_of_Vehicle,Driver_IMD_Decile,Driver_Home_Area_Type,Vehicle_IMD_Decile
201604EG16011,1,9,0,5,0,2,0,0,0,0,0,1,6,3,-1,-1,-1,-1,-1,-1,-1,-1
201604EG16011,2,1,0,18,0,2,0,0,0,0,0,1,2,1,38,7,-1,-1,-1,4,1,4
201604EG16012,1,9,0,18,0,0,0,0,0,0,1,1,6,1,73,10,1596,1,10,5,1,5
201604EG16012,2,9,0,5,0,0,0,0,0,0,2,1,6,2,60,9,1598,2,4,3,1,3
201604EG16013,1,9,0,18,0,0,5,0,2,1,1,1,6,1,43,7,1896,2,14,6,1,6
201604EG16014,1,9,0,17,0,0,2,0,2,10,1,1,6,1,69,10,2143,2,5,-1,-1,-1
201604EG16015,1,9,0,9,0,6,0,0,0,0,3,1,2,2,23,5,1984,1,5,10,2,10
201604EG16015,2,9,0,18,0,8,0,0,0,0,1,1,2,2,56,9,998,1,3,7,1,7
201604EG16016,1,9,0,9,0,6,0,0,7,7,1,1,6,2,54,8,1995,2,4,8,3,8
201604EG16016,2,9,0,18,0,8,0,0,0,0,1,1,6,2,71,10,1248,1,4,-1,-1,-1
201604EG16017,1,90,0,18,0,0,0,0,0,0,1,1,1,1,60,9,-1,-1,-1,9,3,9
201604EG16017,2,9,0,3,0,0,0,0,0,0,2,1,6,2,23,5,1124,1,12,6,3,6
201604EG16017,3,9,0,3,0,0,0,0,0,0,2,1,6,2,48,8,2987,2,4,7,3,7
201604EG16018,1,9,0,18,0,8,0,0,0,0,1,1,6,3,-1,-1,1598,1,15,-1,-1,-1
201604EG16018,2,9,0,3,0,1,0,0,0,0,2,1,6,1,51,8,998,1,8,5,1,5
201604EG16019,1,9,0,16,0,0,2,0,8,0,3,1,2,1,45,7,1800,1,17,4,2,4
201604EG16020,1,9,0,7,0,6,0,0,0,0,1,1,6,1,61,9,1229,1,11,4,1,4
201604EG16021,1,9,0,17,0,8,0,0,1,2,4,1,2,1,24,5,1360,1,10,6,1,6
201604EG16022,1,9,0,18,0,8,0,0,0,0,3,1,3,2,47,8,2188,2,9,7,1,7
201604EG16022,2,9,0,18,0,8,0,0,0,0,1,1,3,1,41,7,-1,-1,-1,7,1,7
201604EG16023,1,9,0,9,0,8,0,0,0,0,4,1,6,2,92,11,998,1,15,9,1,9
201604EG16023,2,5,0,18,0,1,1,0,1,2,1,1,6,1,71,10,1261,1,11,5,1,5
201604EG16025,1,9,0,18,0,1,0,0,0,0,1,1,6,2,53,8,998,1,4,10,2,10
201604EG16025,2,3,0,8,0,1,0,0,0,0,2,1,6,2,20,4,125,1,4,9,2,9
201604EG16026,1,90,4,18,0,0,0,0,0,0,1,1,6,1,31,6,-1,-1,-1,10,1,10
201604EG16026,2,9,0,4,0,0,0,0,0,0,2,1,6,2,50,8,1598,2,3,5,3,5
201604EG16027,1,9,0,18,0,1,0,0,0,0,1,1,6,2,84,11,1560,2,7,8,3,8
201604EG16028,1,9,0,18,0,1,0,0,0,0,1,1,6,1,34,6,2143,2,3,1,1,1
201604EG16029,1,9,0,18,0,8,0,0,0,0,1,1,6,1,69,10,1910,2,10,2,1,2
201604EG16030,1,4,0,17,0,0,0,0,2,10,1,1,6,1,26,6,400,1,23,8,3,8
201604EG16031,1,21,1,3,0,0,0,0,0,0,1,1,1,1,25,5,11946,2,5,-1,-1,-1
201604EG16031,2,9,0,3,0,0,0,0,0,0,2,1,3,2,33,6,1360,1,9,2,1,2
201604EG16032,1,19,0,9,0,5,0,0,0,0,4,1,2,1,38,7,1461,2,1,4,1,4
201604EG16033,1,9,0,18,0,0,0,0,0,0,1,1,6,1,25,5,1910,2,11,1,1,1
201604EG16033,2,9,0,18,0,0,0,0,0,0,2,1,6,1,47,8,1896,2,13,4,1,4
201604EG16034,1,90,0,18,0,0,0,0,0,0,1,1,6,1,40,7,-1,-1,-1,8,1,8
201604EG16034,2,9,0,4,0,0,0,0,0,10,2,1,6,2,64,9,1360,1,11,8,1,8
201604EG16035,1,9,0,9,0,5,0,0,0,0,1,1,6,2,58,9,1339,1,4,9,2,9
201604EG16036,1,9,0,4,0,0,0,0,0,0,1,1,6,2,53,8,1289,1,19,8,3,8
201604EG16036,2,8,0,18,0,0,0,0,0,0,2,1,6,1,35,6,1910,2,8,1,1,1
201604EG16036,3,9,0,18,0,0,0,0,0,0,1,1,6,2,49,8,1685,2,2,6,3,6
201604EG16037,1,9,0,18,0,0,1,0,8,10,1,1,6,1,17,4,998,1,3,8,3,8
201604EG16038,1,20,0,18,0,0,0,0,0,0,3,1,6,3,-1,-1,-1,-1,-1,-1,-1,-1
201604EG16038,2,4,0,18,0,0,0,0,0,0,4,1,2,1,66,10,-1,-1,-1,1,1,1
201604EG16039,1,5,0,16,0,0,1,10,0,0,0,1,6,1,57,9,1237,1,1,5,3,5
201604EG16039,2,9,0,16,0,0,2,10,0,0,0,1,6,1,49,8,-1,-1,-1,3,1,3
201604EG16040,1,5,0,17,0,0,1,0,0,0,0,1,6,1,48,8,647,1,11,-1,-1,-1
201604EG16040,2,9,0,16,0,0,0,0,0,0,1,1,1,1,46,8,2494,2,5,5,3,5
201604EG16041,1,9,0,1,0,8,0,0,0,0,2,1,3,2,36,7,1600,1,10,-1,-1,-1
201604EG16041,2,9,0,2,0,1,0,0,0,0,1,1,6,3,-1,-1,1598,2,3,-1,-1,-1
201604EG16042,1,9,0,5,0,0,0,0,0,0,3,1,2,2,32,6,998,1,3,9,2,9
201604EG16042,2,9,0,18,0,0,0,0,0,0,4,1,6,2,26,6,1229,1,6,4,1,4
201604EG16042,3,9,0,2,0,0,0,0,0,0,3,1,6,3,-1,-1,2179,2,1,-1,-1,-1
201604EG16043,1,9,0,18,0,1,0,0,0,0,1,1,6,1,22,5,-1,-1,-1,6,1,6
201604EG16044,1,19,0,7,0,0,0,0,0,0,1,1,1,1,30,6,2143,2,2,1,1,1
201604EG16044,2,3,0,18,0,0,0,0,1,9,3,1,6,1,35,6,124,1,5,7,2,7
201604EG16045,1,9,0,5,0,0,0,0,0,0,2,1,2,2,36,7,1248,1,5,6,1,6
201604EG16045,2,9,0,2,0,0,0,0,0,0,1,1,1,1,39,7,-1,-1,-1,7,1,7
201604EG16046,1,9,0,18,0,0,0,11,2,10,4,1,6,1,19,4,1199,1,12,8,3,8
201604EG16047,1,9,0,9,0,0,0,0,0,0,3,1,6,2,34,6,1248,1,1,8,3,8
201604EG16047,2,9,0,13,0,0,0,0,0,0,4,1,6,3,-1,-1,-1,-1,-1,-1,-1,-1
201604EG16048,1,1,0,18,0,1,0,0,0,0,4,1,6,1,67,10,-1,-1,-1,9,1,9
201604EG16049,1,9,0,18,0,1,0,0,0,0,1,1,6,1,34,6,1956,2,3,1,1,1
201604EG16049,2,9,0,10,0,1,0,0,0,0,2,1,6,2,39,7,998,1,2,3,1,3
201604EG16049,3,9,0,18,0,1,0,0,0,0,1,1,2,1,29,6,1560,2,11,1,1,1
201604EG16050,1,9,0,18,0,8,1,0,0,0,1,1,6,2,51,8,2987,2,9,10,1,10
201604EG16050,2,9,0,3,0,8,0,0,0,0,2,1,1,1,47,8,1956,2,2,4,1,4
201604EG16050,3,9,0,3,0,8,0,0,0,0,2,1,6,1,21,5,998,1,11,3,1,3
201604EG16050,4,9,0,3,0,8,0,0,0,0,2,1,2,1,39,7,1560,2,2,3,1,3
201604EG16051,1,9,0,18,0,0,2,0,1,10,4,1,6,2,18,4,1242,1,7,7,3,7
201604EG16052,1,9,0,17,0,0,2,0,2,9,4,1,6,2,59,9,1975,1,13,8,3,8
201604EG16053,1,90,0,1,0,1,0,0,0,0,2,1,6,3,-1,-1,-1,-1,-1,-1,-1,-1
201604EG16054,1,9,0,18,0,0,0,0,0,0,4,1,2,2,56,9,1995,2,4,3,1,3
201604EG16054,2,1,0,18,0,0,0,0,0,0,3,1,6,1,69,10,-1,-1,-1,4,1,4
201604EG16055,1,1,0,18,0,0,0,0,0,0,3,1,6,1,50,8,-1,-1,-1,3,1,3
201604EG16055,2,1,0,18,0,0,0,0,0,0,4,1,6,1,40,7,-1,-1,-1,8,1,8
201604EG16055,3,1,0,18,0,0,0,0,0,0,0,1,6,2,18,4,-1,-1,-1,3,1,3
201604EG16057,1,19,0,18,0,0,0,0,0,0,0,1,6,3,-1,-1,-1,-1,-1,-1,-1,-1
201604EG16057,2,9,0,18,0,0,0,0,4,0,3,1,6,2,25,5,1995,2,7,1,1,1
201604EG16058,1,1,0,18,0,0,0,0,0,0,1,1,1,1,51,8,-1,-1,-1,-1,-1,-1
201604EG16058,2,9,0,3,0,0,0,0,0,0,2,1,2,2,60,9,1200,1,1,6,1,6
201604EG16059,1,9,0,18,0,8,0,0,0,0,4,1,6,2,50,8,1248,1,6,1,1,1
201604EG16059,2,9,0,18,0,8,0,0,0,0,1,1,6,1,41,7,1956,2,2,5,1,5
201604EG16059,3,19,0,2,0,2,0,0,0,0,2,1,6,3,-1,-1,2689,2,14,-1,-1,-1
201604EG16060,1,2,0,18,0,8,0,0,0,0,4,1,6,1,20,4,49,1,6,1,1,1
201604EG16060,2,9,0,18,0,8,0,0,0,0,1,1,6,1,36,7,1339,1,13,1,1,1
201604EG16061,1,5,0,13,0,0,0,0,2,10,1,1,6,1,43,7,988,1,14,2,1,2
201604EG16061,2,9,0,18,0,0,0,0,0,0,0,1,6,1,58,9,1968,2,3,4,1,4
201604EG16062,1,9,0,2,0,0,0,0,0,0,3,1,6,2,75,10,1296,1,8,-1,-1,-1
201604EG16062,2,1,0,18,0,0,0,0,0,0,1,1,6,1,44,7,-1,-1,-1,8,3,8
201604EG16063,1,9,0,18,0,0,1,0,7,0,1,1,6,1,22,5,1896,2,13,-1,-1,-1
201604EG16064,1,9,0,5,0,4,0,0,0,0,3,1,6,2,29,6,1968,2,3,8,1,8
201604EG16064,2,1,0,18,0,2,0,0,0,0,1,1,6,1,61,9,-1,-1,-1,4,1,4
201604EG16065,1,9,0,18,0,0,0,0,0,0,3,1,6,1,80,11,1461,2,2,4,1,4
201604EG16065,2,19,0,18,0,0,0,0,0,0,3,1,1,1,41,7,2198,2,1,10,1,10
201604EG16066,1,9,0,9,0,8,0,0,0,0,4,1,6,1,31,6,1198,1,4,9,2,9
201604EG16067,1,9,0,4,0,0,0,0,0,0,1,1,6,2,35,6,1686,2,5,4,1,4
201604EG16067,2,9,0,3,0,0,0,0,0,0,2,1,6,2,50,8,989,1,14,6,1,6
201604EG16068,1,5,0,16,0,0,1,0,7,4,1,1,6,1,62,9,599,1,19,1,1,1
201604EG16068,2,9,0,17,0,0,0,0,0,0,1,1,6,2,60,9,2319,1,12,8,3,8
201604EG16069,1,9,0,18,0,0,2,0,0,0,1,1,1,1,39,7,1799,1,7,4,1,4
201604EG16069,2,9,0,3,0,0,0,0,0,0,2,1,1,1,39,7,-1,-1,-1,4,1,4
201604EG16070,1,9,0,18,0,8,0,0,0,0,4,1,3,2,30,6,1398,1,13,-1,-1,-1
201604EG16070,2,9,0,18,0,8,0,0,0,0,1,1,6,2,54,8,1390,1,12,1,1,1
201604EG16071,1,8,0,18,0,5,0,0,0,0,3,1,1,1,35,6,1910,2,8,2,1,2
201604EG16072,1,9,0,18,0,8,0,0,0,0,0,1,6,2,52,8,998,1,2,5,1,5
201604EG16072,2,5,0,18,0,8,0,0,0,0,0,1,6,1,47,8,849,1,17,5,2,5
201604EG16074,1,9,0,18,0,6,1,0,0,0,1,1,6,1,51,8,1596,1,10,4,1,4
201604EG16074,2,9,0,9,0,1,0,0,0,0,2,1,6,2,40,7,1896,2,10,8,1,8
201604EG16075,1,9,0,18,0,8,0,0,0,0,1,1,6,1,30,6,1598,2,3,1,1,1
201604EG16076,1,9,0,18,0,0,0,0,7,10,3,1,6,1,51,8,1598,2,6,1,1,1
201604EG16076,2,9,0,18,0,0,0,0,1,10,3,1,1,1,46,8,1910,2,8,1,1,1
201604EG16077,1,9,0,7,0,1,0,0,0,0,4,1,6,2,76,11,1242,1,4,-1,-1,-1
201604EG16077,2,1,0,18,0,1,0,0,0,0,1,1,6,1,33,6,-1,-1,-1,-1,-1,-1
201604EG16078,1,9,0,5,0,1,0,0,0,0,1,1,3,2,19,4,1299,1,15,4,1,4
201604EG16079,1,9,0,18,0,8,0,0,7,10,1,1,6,1,24,5,1896,2,15,-1,-1,-1
201604EG16079,2,9,0,18,0,1,0,0,0,0,1,1,6,1,34,6,1968,2,7,-1,-1,-1
201604EG16080,1,9,0,18,4,0,0,0,0,0,4,1,6,1,62,9,1910,2,12,4,1,4
201604EG16080,2,1,0,18,4,0,0,0,0,0,1,1,6,1,36,7,-1,-1,-1,1,1,1
201604EG16081,1,9,0,18,0,6,0,4,0,0,1,1,2,1,26,6,1910,2,8,1,1,1
201604EG16081,2,9,0,18,0,8,0,0,0,0,3,1,6,1,21,5,1598,2,3,2,1,2
201604EG16081,3,9,0,2,0,2,0,0,0,0,3,1,6,1,36,7,1596,1,16,4,1,4
201604EG16082,1,9,0,3,0,1,0,0,0,0,2,1,2,2,54,8,1364,1,7,6,1,6
201604EG16082,2,9,0,18,0,1,0,0,0,0,1,1,2,2,43,7,1390,1,9,8,3,8
201604EG16083,1,3,0,16,0,0,1,0,0,0,4,1,6,1,53,8,-1,-1,-1,-1,-1,-1
201604EG16083,2,9,0,17,0,0,0,0,0,0,1,1,6,2,69,10,1362,1,3,9,2,9
201604EG16085,1,9,0,16,0,0,1,0,0,0,1,1,2,2,28,6,998,1,14,5,1,5
201604EG16085,2,9,0,18,0,0,0,0,0,0,1,1,1,2,48,8,999,1,1,4,2,4
201604EG16087,1,9,0,18,0,0,0,0,0,0,4,1,6,3,-1,-1,-1,-1,-1,-1,-1,-1
201604EG16087,2,1,0,18,0,0,0,0,0,0,3,1,6,1,22,5,-1,-1,-1,6,1,6
201604EG16088,1,8,0,9,0,8,0,0,0,0,3,1,1,1,45,7,-1,-1,-1,-1,-1,-1
201604EG16088,2,9,0,18,0,8,0,0,0,0,1,1,6,2,41,7,1896,2,12,1,1,1
201604EG16089,1,9,0,9,0,8,0,0,0,0,1,1,6,1,21,5,1995,2,8,1,1,1
201604EG16089,2,9,0,18,0,8,0,0,0,0,4,1,6,1,26,6,1998,1,1,2,1,2
201604EG16090,1,9,0,9,0,1,0,0,0,0,3,1,6,2,64,9,1248,2,7,7,3,7
201604EG16090,2,1,0,18,0,1,0,0,0,0,3,1,6,1,65,9,-1,-1,-1,9,1,9
201604EG16091,1,9,0,5,0,0,0,0,0,0,3,1,6,1,49,8,1598,1,13,-1,-1,-1
201604EG16091,2,9,0,18,0,0,0,0,0,0,1,1,1,1,36,7,-1,-1,-1,1,1,1
201604EG16092,1,9,0,1,9,6,0,0,0,0,2,1,6,2,27,6,998,1,4,1,1,1
201604EG16093,1,9,0,9,0,8,0,0,0,0,4,1,2,1,23,5,1390,1,12,7,3,7
201604EG16093,2,21,1,18,0,8,0,0,0,0,1,1,1,1,41,7,12740,2,3,-1,-1,-1
201604EG16093,3,8,0,10,0,1,0,0,0,0,1,1,1,1,65,9,2231,2,9,4,1,4
201604EG16094,1,5,0,9,0,6,0,0,0,0,1,1,6,1,44,7,690,1,4,6,1,6
201604EG16094,2,9,0,5,0,8,0,0,0,0,3,1,6,1,76,11,1390,1,11,10,3,10
201604EG16095,1,9,0,9,0,8,0,0,0,0,1,1,6,2,80,11,998,1,7,3,1,3
201604EG16095,2,2,0,18,0,1,0,0,0,0,3,1,6,1,32,6,49,1,12,1,1,1
201604EG16096,1,9,0,9,0,1,0,10,0,0,4,2,6,1,26,6,-1,-1,-1,-1,-1,-1
201604EG16096,2,9,0,18,0,1,0,0,0,0,1,1,6,1,48,8,1587,1,10,4,1,4
201604EG16097,1,9,0,18,0,1,0,0,0,0,1,1,6,3,-1,-1,1799,1,8,-1,-1,-1
201604EG16097,2,5,0,4,0,1,0,0,0,0,2,1,6,1,28,6,656,1,3,4,1,4
201604EG16098,1,9,0,7,0,1,0,0,0,0,1,1,6,1,37,7,1910,2,11,2,1,2
201604EG16098,2,9,0,18,0,6,0,0,0,0,3,1,6,2,27,6,1242,1,2,7,1,7
201604EG16099,1,9,0,18,0,1,0,0,0,0,1,1,6,1,25,5,-1,-1,-1,5,1,5
201604EG16099,2,9,0,10,0,1,0,0,0,0,2,1,6,2,20,4,1149,1,1,4,1,4
201604EG16100,1,1,0,18,0,0,0,0,0,0,1,1,6,1,21,5,-1,-1,-1,-1,-1,-1
201604EG16100,2,9,0,3,0,0,0,0,0,0,2,1,6,1,27,6,1896,2,13,2,1,2
201604EG16101,1,9,0,18,0,0,0,0,0,0,1,1,6,1,52,8,1997,2,1,6,3,6
201604EG16101,2,9,0,18,0,0,0,0,0,0,2,1,6,2,58,9,1299,1,12,1,1,1
201604EG16102,1,19,0,18,0,4,0,0,0,0,1,1,1,1,58,9,2198,2,1,7,1,7
201604EG16102,2,9,0,4,0,4,0,0,0,0,2,1,2,2,25,5,998,1,9,3,1,3
201604EG16103,1,9,0,16,0,0,0,0,1,10,1,1,6,1,30,6,1988,2,10,1,1,1
201604EG16104,1,9,0,3,0,1,0,0,0,0,2,1,6,1,84,11,1388,1,13,-1,-1,-1
201604EG16104,2,9,0,3,0,1,0,0,0,0,2,1,6,1,68,10,2199,2,4,-1,-1,-1
201604EG16105,1,9,0,18,0,1,0,0,0,0,1,1,6,2,79,11,1242,1,15,-1,-1,-1
201604EG16105,2,1,0,8,0,1,0,0,0,0,2,1,6,1,55,8,-1,-1,-1,8,3,8
201604EG16106,1,9,0,3,0,3,0,0,0,0,1,1,6,1,21,5,1590,1,24,3,1,3
201604EG16107,1,9,0,5,0,1,0,0,0,0,0,1,2,1,38,7,1364,1,12,1,1,1
201604EG16108,1,9,0,5,0,8,0,0,0,0,1,1,6,1,58,9,1968,2,6,-1,-1,-1
201604EG16108,2,9,0,3,0,8,0,0,0,0,2,1,3,2,33,6,1598,1,3,6,1,6
201604EG16109,1,9,0,9,0,6,0,0,0,0,1,1,6,3,-1,-1,1598,2,6,-1,-1,-1
201604EG16109,2,19,0,18,0,1,0,0,0,0,4,1,1,1,35,6,2198,2,1,4,3,4
201604EG16109,3,9,0,4,0,1,0,0,0,0,0,1,1,3,50,8,2993,2,-1,1,1,1
201604EG16110,1,11,0,18,0,8,1,0,0,0,1,1,6,1,46,8,9600,2,16,-1,-1,-1
201604EG16110,2,9,0,4,0,8,0,0,0,0,2,1,6,2,34,6,3993,1,1,6,3,6
201604EG16111,1,9,0,18,0,4,0,0,0,0,1,1,6,1,41,7,1995,2,12,1,1,1
201604EG16111,2,9,0,18,0,3,0,0,0,0,4,1,6,2,36,7,1368,1,6,1,1,1
201604EG16112,1,4,0,16,0,0,2,0,0,0,4,1,6,1,49,8,249,1,12,3,1,3
201604EG16113,1,9,0,6,0,8,0,0,0,0,3,1,6,1,21,5,1910,2,9,1,1,1
201604EG16113,2,5,0,13,0,8,5,0,7,10,1,1,6,1,58,9,1261,1,12,1,1,1
201604EG16114,1,5,0,18,0,0,2,0,0,0,0,1,6,1,50,8,1063,1,14,1,1,1
201604EG16114,2,9,0,4,0,0,0,0,0,0,0,1,6,3,-1,-1,-1,-1,-1,-1,-1,-1
201604EG16115,1,17,0,18,0,0,2,0,0,0,3,1,1,1,17,4,420,1,1,9,2,9
201604EG16116,1,9,0,18,0,8,1,0,0,0,1,1,6,1,23,5,1910,2,9,1,1,1
201604EG16116,2,9,0,9,0,8,0,0,0,0,3,1,6,2,69,10,1598,1,1,9,1,9
201604EG16117,1,9,3,5,0,6,0,0,0,0,1,1,6,1,28,6,1997,2,-1,2,1,2
201604EG16117,2,9,0,18,0,8,0,0,0,0,1,1,6,1,82,11,1598,2,3,5,3,5
201604EG16118,1,9,0,9,0,2,0,0,0,0,1,1,6,1,74,10,998,1,-1,2,1,2
201604EG16118,2,5,0,18,0,8,0,0,0,0,1,1,6,1,48,8,1050,1,3,8,1,8
201604EG16119,1,3,0,16,0,0,2,11,0,0,4,1,6,1,17,4,124,1,-1,6,2,6
201604EG16120,1,17,4,18,0,0,0,0,0,0,4,1,1,1,59,9,-1,2,13,8,3,8
201604EG16120,2,1,0,18,0,0,0,0,0,0,3,1,6,1,45,7,-1,-1,-1,-1,-1,-1
201604EG16121,1,3,0,17,0,0,2,0,1,9,4,1,6,1,53,8,125,1,36,2,1,2
201604EG16122,1,9,0,18,0,1,0,0,0,0,1,1,2,2,23,5,1242,1,3,8,3,8
201604EG16123,1,9,0,18,0,0,1,0,0,0,1,1,6,1,19,4,973,1,13,5,1,5
201604EG16123,2,9,0,18,0,0,0,0,0,0,1,1,6,1,62,9,1796,1,14,8,1,8
201604EG16124,1,19,0,18,0,0,0,0,0,0,1,1,1,1,25,5,1560,2,1,8,2,8
201604EG16124,2,9,0,18,0,0,0,0,0,0,1,1,6,1,80,11,1598,1,11,10,2,10
201604EG16125,1,8,0,5,0,0,0,0,0,0,2,1,1,1,22,5,1598,2,4,-1,-1,-1
201604EG16126,1,9,0,13,0,8,0,0,0,0,4,1,6,1,-1,-1,1968,2,9,-1,-1,-1
201604EG16127,1,19,0,5,0,0,0,0,0,0,1,1,1,1,33,6,1560,2,2,3,1,3
201604EG16128,1,9,0,18,0,0,0,0,0,0,3,1,6,1,33,6,1390,1,6,6,2,6
201604EG16129,1,9,0,9,0,0,0,0,7,10,4,1,6,2,37,7,1364,1,10,1,1,1
201604EG16129,2,9,0,18,0,0,0,0,0,0,1,1,6,2,46,8,1968,2,3,10,2,10
201604EG16130,1,9,0,9,0,2,0,0,0,0,1,1,6,1,19,4,1229,1,4,-1,-1,-1
201604EG16130,2,9,0,9,0,2,0,0,0,0,1,1,6,1,42,7,1598,1,3,9,2,9
201604EG16131,1,9,0,9,0,5,0,0,0,0,1,1,6,1,28,6,1910,2,9,8,1,8
201604EG16132,1,9,0,18,0,8,0,0,0,0,4,1,6,1,78,11,1762,1,18,3,1,3
201604EG16133,1,9,0,18,0,0,5,0,0,0,1,1,6,1,23,5,1598,1,4,7,1,7
201604EG16133,2,19,0,18,0,0,0,0,0,0,1,1,1,1,26,6,2198,2,2,3,1,3
201604EG16134,1,9,0,18,0,1,0,0,0,0,1,1,6,1,84,11,1753,2,13,7,2,7
201604EG16135,1,9,0,18,0,2,0,0,0,0,1,1,6,3,-1,-1,1587,1,12,-1,-1,-1
201604EG16135,2,9,0,18,0,1,0,0,0,0,1,1,1,3,42,7,-1,-1,-1,1,1,1
201604EG16135,3,9,0,7,0,2,0,0,0,0,4,1,1,3,33,6,2993,2,3,1,1,1
201604EG16135,4,9,0,2,0,1,0,0,0,0,3,1,6,3,-1,-1,1598,2,7,-1,-1,-1
201604EG16136,1,9,0,1,0,0,0,0,0,0,2,1,1,3,-1,-1,-1,-1,-1,-1,-1,-1
201604EG16137,1,5,0,18,0,8,2,0,7,0,1,1,6,1,60,9,749,1,19,3,1,3
201604EG16138,1,9,0,18,0,1,0,0,0,0,1,1,6,3,-1,-1,-1,-1,-1,-1,-1,-1
201604EG16138,2,9,0,18,0,2,0,0,0,0,4,1,3,1,30,6,4172,2,9,1,1,1
201604EG16139,1,9,0,18,0,1,0,0,1,10,1,1,6,1,27,6,1390,1,1,2,1,2
201604EG16140,1,1,0,18,0,0,0,4,0,0,2,1,6,1,65,9,-1,-1,-1,-1,-1,-1
201604EG16140,2,9,0,2,0,0,0,0,0,0,2,1,2,3,-1,-1,1596,1,6,-1,-1,-1
201604EG16141,1,9,0,9,0,8,0,0,0,0,1,1,6,1,79,11,1229,1,5,5,1,5
201604EG16141,2,5,0,18,0,8,0,0,0,0,1,1,6,1,41,7,865,1,-1,1,1,1
201604EG16142,1,17,0,13,0,0,0,0,0,0,1,1,1,1,21,5,6788,2,1,-1,-1,-1
201604EG16142,2,1,0,18,0,0,5,0,0,0,1,1,6,2,42,7,-1,-1,-1,9,1,9
201604EG16143,1,1,0,18,0,0,0,0,0,0,0,1,6,1,14,3,-1,-1,-1,1,1,1
201604EG16143,2,9,0,13,0,0,0,0,0,0,0,1,6,3,-1,-1,-1,-1,-1,-1,-1,-1
201604EG16144,1,1,0,9,0,6,5,0,0,0,1,1,6,1,46,8,-1,-1,-1,1,1,1
201604EG16144,2,9,0,18,0,8,0,0,0,0,0,1,6,1,46,8,1471,1,26,9,3,9
201604EG16145,1,9,0,18,0,0,1,0,1,10,1,1,2,1,51,8,2184,2,17,1,1,1
201604EG16146,1,9,0,9,0,8,0,0,0,0,1,1,6,2,50,8,2198,2,10,7,1,7
201604EG16146,2,9,0,18,0,1,0,0,0,0,1,1,6,1,39,7,1198,1,8,8,1,8
201604EG16147,1,9,0,18,0,0,0,0,0,0,3,1,6,3,-1,-1,1598,1,15,-1,-1,-1
201604EG16148,1,9,0,18,0,0,0,0,0,0,1,1,6,1,19,4,1686,2,4,2,1,2
201604EG16148,2,8,0,18,0,0,0,0,0,0,1,1,1,1,55,8,1896,2,9,1,1,1
201604EG16148,3,9,0,2,0,0,0,0,0,0,3,1,6,1,32,6,1200,1,3,1,1,1
201604EG16149,1,9,0,18,0,2,1,0,0,0,1,1,6,2,23,5,998,1,6,7,1,7
201604EG16150,1,9,5,18,0,0,0,0,0,0,0,1,6,3,-1,-1,-1,-1,-1,-1,-1,-1
201604EG16150,2,1,0,18,0,0,0,10,1,0,1,1,6,1,29,6,-1,-1,-1,9,1,9
201604EG16151,1,9,0,18,0,8,0,0,0,0,3,1,6,1,69,10,1896,2,9,4,1,4
201604EG16152,1,9,0,6,0,6,0,0,0,0,1,1,6,1,48,8,1997,2,9,1,1,1
201604EG16152,2,9,0,18,0,1,0,0,0,0,4,1,6,1,34,6,-1,-1,-1,1,1,1
201604EG16153,1,3,0,16,0,0,0,0,0,0,1,1,6,1,19,4,124,1,6,5,2,5
201604EG16154,1,9,0,4,0,0,0,0,0,0,4,1,3,2,-1,-1,1598,1,8,8,1,8
201604EG16154,2,9,0,3,0,0,0,0,0,0,1,1,3,2,22,5,1398,2,3,1,1,1
201604EG16155,1,9,0,18,0,6,0,0,0,0,1,1,2,1,52,8,1995,2,-1,5,1,5
201604EG16155,2,11,0,18,0,8,0,0,0,0,2,1,6,1,65,9,-1,-1,-1,5,3,5
201604EG16156,1,9,0,18,0,0,0,0,0,0,1,1,6,2,32,6,1560,2,1,5,1,5
201604EG16157,1,5,0,13,0,1,0,0,0,0,1,1,6,1,43,7,998,1,14,3,1,3
201604EG16157,2,9,0,4,0,1,0,0,0,0,2,1,2,2,30,6,1769,1,11,9,1,9
201604EG16158,1,9,0,18,0,0,0,0,0,0,4,1,1,1,27,6,1968,2,4,4,1,4
201604EG16159,1,9,0,18,0,0,0,0,0,0,1,1,6,1,46,8,1598,1,9,6,3,6
201604EG16160,1,9,0,7,0,5,0,0,0,0,4,1,2,1,49,8,1870,2,14,6,3,6
201604EG16160,2,5,0,18,0,1,0,0,0,0,1,1,6,1,53,8,998,1,-1,8,1,8
201604EG16161,1,5,0,18,0,0,0,0,0,0,0,1,6,1,43,7,806,1,-1,1,1,1
201604EG16162,1,9,0,18,0,2,0,4,0,0,1,1,6,2,26,6,1984,2,7,1,1,1
201604EG16162,2,9,0,2,0,2,0,0,0,0,2,1,6,3,-1,-1,1397,1,4,-1,-1,-1
201604EG16162,3,9,0,2,0,2,0,0,0,0,2,1,6,3,-1,-1,1587,1,16,-1,-1,-1
201604EG16163,1,10,0,5,0,6,0,0,0,0,1,1,6,1,25,5,-1,-1,-1,1,1,1
201604EG16163,2,9,0,18,0,1,0,0,0,0,1,1,2,1,53,8,1332,1,17,1,1,1
201604EG16164,1,1,0,7,0,2,0,0,0,0,0,1,6,1,10,2,-1,-1,-1,2,1,2
201604EG16164,2,9,0,18,0,1,0,0,0,0,0,1,6,1,31,6,1997,2,12,3,1,3