Accident_Index,Vehicle_Reference,Vehicle_Type,Towing_and_Articulation,Vehicle_Manoeuvre,Vehicle_Location-Restricted_Lane,Junction_Location,Skidding_and_Overturning,Hit_Object_in_Carriageway,Vehicle_Leaving_Carriageway,Hit_Object_off_Carriageway,1st_Point_of_Impact,Was_Vehicle_Left_Hand_Drive?,Journey_Purpose_of_Driver,Sex_of_Driver,Age_of_Driver,Age_Band_of_Driver,Engine_Capacity_(CC),Propulsion_Code,Age_of_Vehicle,Driver_IMD_Decile,Driver_Home_Area_Type,Vehicle_IMD_Decile
201604SA16010,1,9,0,18,0,8,0,0,0,0,1,1,2,1,25,5,1598,1,4,5,1,5
201604SA16010,2,9,0,18,0,8,0,0,0,0,3,1,2,2,48,8,1598,1,7,2,1,2
201604SA16011,1,9,0,18,0,6,1,0,7,0,4,1,6,1,44,7,3996,1,16,3,1,3
201604SA16011,2,19,0,17,0,2,1,0,1,0,1,1,1,1,59,9,2198,2,4,9,1,9
201604SA16012,1,2,0,9,0,8,2,0,0,0,1,1,6,1,17,4,49,1,12,6,1,6
201604SA16012,2,9,0,18,0,8,0,0,0,0,1,1,6,1,19,4,1497,8,9,8,1,8
201604SA16013,1,9,0,4,0,1,0,0,0,0,1,1,6,1,20,4,1198,1,14,-1,-1,-1
201604SA16013,2,9,0,3,0,1,0,0,0,0,2,1,6,1,48,8,1896,2,14,2,1,2
201604SA16013,3,9,0,3,0,1,0,0,0,0,2,1,6,2,49,8,1198,1,3,4,1,4
201604SA16014,1,9,0,4,0,0,0,0,0,0,1,1,6,2,46,8,1199,1,17,1,1,1
201604SA16014,2,19,0,4,0,0,0,0,0,0,2,1,1,1,58,9,1560,2,2,8,1,8
201604SA16015,1,9,0,2,0,0,0,0,1,10,2,1,6,1,74,10,1984,2,3,7,3,7
201604SA16016,1,9,0,5,0,8,0,0,0,0,4,1,6,1,78,11,1997,2,10,4,1,4
201604SA16016,2,9,0,5,0,8,0,0,0,0,1,1,6,2,56,9,1560,2,2,4,1,4
201604SA16017,1,9,0,16,0,7,0,0,0,0,0,1,6,3,65,9,-1,-1,-1,-1,-1,-1
201604SA16018,1,8,0,9,0,6,0,0,0,0,1,1,1,1,34,6,-1,-1,-1,2,1,2
201604SA16018,2,9,0,18,0,1,0,0,0,0,3,1,2,1,25,5,1461,2,8,9,1,9
201604SA16019,1,3,0,9,0,1,0,0,7,0,4,1,6,1,18,4,125,1,10,5,1,5
201604SA16019,2,9,0,14,0,1,0,0,0,0,1,1,2,1,36,7,1390,1,10,-1,-1,-1
201604SA16020,1,9,0,18,0,1,0,0,0,0,2,1,1,1,33,6,1598,2,3,3,1,3
201604SA16020,2,3,0,18,0,1,0,0,0,0,2,1,6,1,33,6,124,1,2,7,1,7
201604SA16021,1,9,0,4,0,8,0,0,0,0,1,1,6,1,24,5,1329,1,6,2,1,2
201604SA16021,2,9,0,5,0,3,0,0,0,0,4,1,6,1,42,7,1490,1,10,-1,-1,-1
201604SA16022,1,9,0,9,0,8,0,0,0,0,1,1,6,2,26,6,1242,1,4,10,1,10
201604SA16022,2,9,0,18,0,1,0,0,0,0,1,1,6,1,20,4,1299,1,15,4,1,4
201604SA16023,1,9,0,5,0,1,0,0,0,0,0,1,6,2,44,7,2143,2,6,3,1,3
201604SA16023,2,5,0,18,0,1,0,0,0,0,0,1,6,1,25,5,899,1,15,9,1,9
201604SA16024,1,9,0,18,0,1,0,0,0,0,4,1,6,1,46,8,2967,2,2,9,1,9
201604SA16025,1,9,0,9,0,8,0,0,0,0,1,1,2,2,26,6,1390,1,4,5,1,5
201604SA16025,2,9,0,18,0,8,0,0,0,0,3,1,2,1,31,6,1986,2,8,-1,-1,-1
201604SA16026,1,9,0,5,0,8,0,0,0,0,1,1,2,1,56,9,1560,2,10,3,1,3
201604SA16027,1,9,0,5,0,1,0,0,0,0,1,1,6,1,50,8,1896,2,15,9,1,9
201604SA16027,2,11,0,4,0,1,0,0,0,0,1,1,1,1,56,9,9000,2,1,2,1,2
201604SA16028,1,9,0,18,0,0,0,0,0,0,1,1,6,1,70,10,2494,8,1,8,1,8
201604SA16028,2,9,0,18,0,0,0,0,0,0,0,1,6,1,35,6,1800,1,18,10,2,10
201604SA16029,1,9,0,9,0,5,0,0,0,0,4,1,6,2,42,7,1598,2,4,9,1,9
201604SA16029,2,1,0,18,0,8,0,0,0,0,1,1,2,1,33,6,-1,-1,-1,2,1,2
201604SA16030,1,19,0,7,0,6,0,0,0,0,1,1,1,1,40,7,1598,2,1,3,1,3
201604SA16030,2,9,0,3,0,1,0,0,0,0,2,1,2,2,41,7,1995,2,6,5,1,5
201604SA16031,1,11,0,18,0,0,0,0,0,0,0,1,1,1,57,9,-1,-1,-1,-1,-1,-1
201604SA16031,2,9,0,18,0,0,1,0,2,7,1,1,6,2,35,6,1242,1,2,7,1,7
201604SA16031,3,9,0,2,6,0,0,0,0,0,2,1,6,1,34,6,1242,1,12,7,1,7
201604SA16031,4,9,0,18,0,0,1,0,0,0,1,1,6,2,26,6,1598,1,9,2,1,2
201604SA16031,5,9,0,18,0,0,1,0,0,0,1,1,6,1,23,5,998,1,11,5,3,5
201604SA16032,1,9,0,18,0,1,0,0,0,0,1,1,2,2,34,6,1598,1,3,4,1,4
201604SA16033,1,90,0,18,0,0,0,4,0,0,1,1,6,1,65,9,-1,-1,-1,7,1,7
201604SA16033,2,9,0,1,0,0,0,0,1,0,1,1,6,1,26,6,1461,2,10,6,2,6
201604SA16034,1,21,1,18,0,0,0,0,0,0,1,1,1,1,53,8,12419,2,4,6,1,6
201604SA16034,2,9,0,4,0,0,0,0,0,0,2,1,2,2,35,6,1598,1,6,7,1,7
201604SA16035,1,9,0,18,0,4,0,0,5,6,1,1,6,1,61,9,1951,2,12,7,1,7
201604SA16035,2,19,0,18,0,8,1,0,1,7,4,1,1,1,48,8,1995,2,3,1,1,1
201604SA16036,1,9,0,18,0,4,0,0,0,0,4,1,6,2,20,4,1598,1,8,10,1,10
201604SA16036,2,1,0,18,0,8,5,0,0,0,2,1,6,1,16,4,-1,-1,-1,10,1,10
201604SA16037,1,9,0,5,0,8,0,0,0,0,1,1,6,1,34,6,1896,2,8,2,1,2
201604SA16037,2,1,0,18,0,8,0,0,0,0,4,1,6,1,46,8,-1,-1,-1,3,1,3
201604SA16038,1,9,0,9,0,8,0,0,0,1,4,1,6,1,18,4,1149,1,12,10,2,10
201604SA16038,2,1,0,18,0,8,0,0,0,0,1,1,6,2,49,8,-1,-1,-1,7,3,7
201604SA16039,1,9,0,18,0,2,0,0,0,0,1,1,2,1,31,6,1753,2,10,4,3,4
201604SA16039,2,9,0,2,0,8,1,0,0,0,2,1,2,1,43,7,2993,2,10,1,1,1
201604SA16040,1,1,0,18,4,8,0,0,0,0,3,1,4,1,14,3,-1,-1,-1,2,1,2
201604SA16040,2,9,0,18,0,1,0,0,0,1,1,1,1,1,41,7,1799,1,5,7,1,7
201604SA16041,1,21,1,5,0,4,0,0,0,0,4,1,1,1,58,9,11705,2,8,7,1,7
201604SA16041,2,9,0,5,0,4,0,0,0,0,3,1,6,1,59,9,1968,2,10,3,1,3
201604SA16042,1,19,0,12,0,8,0,0,0,0,3,1,1,1,54,8,2143,2,1,-1,-1,-1
201604SA16043,1,9,0,18,0,0,1,0,0,0,1,1,2,2,29,6,1685,2,1,1,1,1
201604SA16043,2,9,0,18,0,0,0,0,0,0,2,1,2,2,45,7,1560,2,3,6,3,6
201604SA16043,3,9,0,18,0,0,0,0,0,0,2,1,2,1,56,9,1968,2,5,3,2,3
201604SA16044,1,9,0,18,0,1,0,0,0,0,1,1,6,1,36,7,1984,1,14,5,1,5
201604SA16044,2,9,0,18,0,1,0,0,0,0,2,1,6,1,38,7,1896,2,12,1,1,1
201604SA16045,1,9,0,18,0,8,0,0,0,0,1,1,6,1,64,9,1598,2,2,-1,-1,-1
201604SA16046,1,19,0,18,0,1,0,0,0,0,1,1,6,1,38,7,2198,2,4,-1,-1,-1
201604SA16046,2,21,0,18,0,1,0,0,0,0,2,1,1,1,47,8,6870,2,3,2,1,2
201604SA16047,1,9,0,18,0,1,0,0,0,0,1,1,6,1,28,6,1968,2,7,7,1,7
201604SA16047,2,9,0,10,0,1,0,0,0,0,2,1,6,1,41,7,1596,1,11,4,1,4
201604SA16047,3,9,0,18,0,1,0,0,0,0,3,1,2,1,47,8,1582,2,-1,2,1,2
201604SA16048,1,9,0,7,0,6,0,0,0,0,1,1,6,1,42,7,1686,2,4,2,1,2
201604SA16048,2,1,0,18,4,8,0,0,0,0,1,1,6,2,53,8,-1,-1,-1,4,1,4
201604SA16049,1,9,0,18,0,1,0,0,1,0,1,1,6,2,43,7,1910,2,10,8,2,8
201604SA16049,2,9,0,7,0,1,0,0,1,0,2,1,6,1,40,7,1968,2,11,1,1,1
201604SA16050,1,8,0,7,0,1,0,0,0,0,1,1,1,1,56,9,1896,2,14,1,1,1
201604SA16050,2,1,0,18,0,1,0,0,0,0,1,1,6,1,20,4,-1,-1,-1,1,1,1
201604SA16051,1,9,0,4,0,1,0,0,0,0,1,1,6,1,74,10,1398,1,6,6,2,6
201604SA16051,2,9,0,8,0,1,0,0,0,0,2,1,6,2,46,8,1329,1,4,1,1,1
201604SA16051,3,9,0,3,0,1,0,0,0,0,2,1,6,1,31,6,1910,2,10,3,1,3
201604SA16051,4,9,0,3,0,1,0,0,0,0,2,1,6,2,49,8,998,1,8,10,1,10
201604SA16052,1,9,0,9,0,6,0,0,0,0,3,1,6,1,54,8,2179,2,1,9,3,9
201604SA16052,2,9,0,18,0,1,0,0,0,0,1,1,6,1,26,6,2793,1,21,6,1,6
201604SA16053,1,9,0,4,0,4,0,0,0,0,1,1,6,3,-1,-1,-1,-1,-1,-1,-1,-1
201604SA16054,1,9,0,7,0,1,0,0,0,0,4,1,2,1,38,7,1498,1,9,5,1,5
201604SA16054,2,1,0,18,0,8,0,0,0,0,3,1,2,2,32,6,-1,-1,-1,4,1,4
201604SA16055,1,9,0,18,0,8,0,0,0,0,3,1,6,1,27,6,1560,2,2,10,1,10
201604SA16055,2,9,0,18,0,8,0,0,0,0,1,1,6,2,20,4,998,1,14,2,1,2
201604SA16056,1,19,0,18,0,1,0,0,0,0,1,1,1,3,-1,-1,1461,2,5,-1,-1,-1
201604SA16057,1,9,0,18,0,8,0,0,0,0,1,1,6,1,30,6,1461,2,13,2,1,2
201604SA16057,2,9,0,3,0,8,0,0,0,0,2,1,2,2,50,8,1242,1,1,4,1,4
201604SA16058,1,9,0,7,0,1,0,0,0,0,1,1,1,3,-1,-1,1968,2,1,-1,-1,-1
201604SA16058,2,1,0,18,5,8,0,0,0,0,3,1,2,1,22,5,-1,-1,-1,-1,-1,-1
201604SA16059,1,9,0,18,0,4,0,0,0,0,1,1,2,2,65,9,-1,-1,-1,-1,-1,-1
201604SA16059,2,9,0,18,0,3,0,0,0,0,4,1,2,2,48,8,1995,2,2,7,1,7
201604SA16060,1,19,0,3,0,8,0,0,0,0,1,1,6,3,-1,-1,1998,2,12,-1,-1,-1
201604SA16060,2,9,0,3,0,1,0,0,0,0,1,1,6,2,23,5,1198,1,3,9,1,9
201604SA16060,3,9,0,4,0,1,0,0,0,0,2,1,2,1,34,6,2993,2,3,-1,-1,-1
201604SA16061,1,9,0,1,0,5,0,0,0,0,2,1,6,1,20,4,1598,1,8,5,1,5
201604SA16061,2,9,0,4,0,1,0,0,0,0,1,1,6,2,29,6,1242,1,14,4,1,4
201604SA16062,1,9,0,4,0,0,1,0,0,0,1,1,6,2,22,5,1242,1,1,2,1,2
201604SA16062,2,9,0,4,0,0,0,0,0,0,2,1,6,2,30,6,1686,2,13,5,1,5
201604SA16063,1,9,0,18,0,1,0,0,1,10,1,1,1,2,24,5,998,1,4,4,1,4
201604SA16063,2,9,0,18,0,8,5,0,7,10,3,1,6,2,71,10,1598,1,15,10,2,10
201604SA16064,1,9,0,18,0,1,1,0,1,0,1,1,6,1,41,7,2993,2,10,2,1,2
201604SA16064,2,9,0,18,0,8,0,0,0,0,4,1,6,2,39,7,1598,1,13,6,1,6
201604SA16065,1,9,0,3,0,1,0,0,0,0,4,1,6,1,35,6,2967,2,7,8,1,8
201604SA16065,2,9,0,3,0,1,0,0,0,0,0,1,6,1,27,6,1896,2,14,-1,-1,-1
201604SA16066,1,19,0,18,0,0,1,0,2,7,1,1,2,1,27,6,1995,2,9,8,1,8
201604SA16066,2,9,0,2,6,0,0,0,0,0,2,1,1,1,55,8,3200,2,2,5,1,5
201604SA16067,1,9,0,9,0,8,0,0,0,0,1,1,6,3,-1,-1,-1,-1,-1,-1,-1,-1
201604SA16067,2,1,0,18,0,8,0,0,0,0,4,1,2,1,39,7,-1,-1,-1,3,1,3
201604SA16068,1,9,0,16,0,0,0,0,1,3,1,1,6,2,68,10,1598,1,-1,8,2,8
201604SA16068,2,19,0,18,0,0,0,0,0,0,1,1,6,1,33,6,1998,2,12,6,2,6
201604SA16069,1,9,0,18,0,0,0,0,0,0,1,1,1,2,50,8,1995,2,11,10,1,10
201604SA16070,1,9,0,5,0,6,0,0,0,0,1,1,2,1,52,8,-1,-1,-1,7,1,7
201604SA16070,2,2,0,14,0,8,0,0,0,0,4,1,2,1,16,4,49,1,12,6,1,6
201604SA16071,1,9,0,18,0,0,0,0,0,0,1,1,6,1,63,9,996,1,7,3,1,3
201604SA16072,1,9,0,18,0,1,0,0,7,2,1,1,6,3,-1,-1,2696,1,17,-1,-1,-1
201604SA16072,2,9,0,9,0,5,0,0,0,0,1,1,6,2,48,8,1242,1,11,7,1,7
201604SA16073,1,9,0,4,0,0,0,0,0,0,1,1,2,2,29,6,1242,1,2,-1,-1,-1
201604SA16073,2,9,0,4,0,0,0,0,0,0,2,1,6,2,39,7,1422,2,6,6,1,6
201604SA16074,1,9,0,18,0,4,0,0,0,0,1,1,6,1,18,4,1328,1,7,7,1,7
201604SA16074,2,9,0,18,0,4,0,0,0,0,2,1,6,2,57,9,1240,1,11,8,2,8
201604SA16075,1,9,0,18,0,0,1,10,2,7,4,1,1,2,25,5,1598,1,12,10,1,10
201604SA16076,1,9,0,18,0,1,0,0,0,0,4,1,6,3,-1,-1,-1,-1,-1,-1,-1,-1
201604SA16077,1,9,0,18,0,0,0,0,0,0,1,1,6,1,40,7,1968,2,5,3,1,3
201604SA16078,1,9,0,9,0,8,0,0,7,1,1,1,6,1,21,5,1360,1,13,3,1,3
201604SA16078,2,9,0,18,0,8,0,0,0,0,3,1,6,1,28,6,2979,1,1,9,3,9
201604SA16079,1,9,0,7,0,5,1,0,0,0,4,1,1,1,25,5,1582,2,3,2,1,2
201604SA16079,2,9,0,18,0,8,0,0,0,0,1,1,6,1,19,4,1229,1,3,9,1,9
201604SA16080,1,9,0,18,0,8,0,0,0,0,1,1,6,1,60,9,1560,2,10,10,1,10
201604SA16080,2,9,0,18,0,8,0,0,0,0,4,1,6,2,20,4,1242,1,7,-1,-1,-1
201604SA16081,1,9,0,9,0,6,0,0,0,0,3,1,6,2,21,5,1229,1,8,8,1,8
201604SA16081,2,90,0,18,0,1,0,0,0,0,1,1,1,1,49,8,-1,-1,-1,5,1,5
201604SA16082,1,9,0,18,0,0,1,0,8,3,3,1,6,2,21,5,1461,2,1,6,3,6
201604SA16083,1,9,0,4,0,0,0,0,0,0,1,1,6,2,78,11,1329,1,6,8,2,8
201604SA16083,2,9,0,4,0,0,0,0,0,0,0,1,1,1,42,7,1995,2,3,6,1,6
201604SA16083,3,9,0,4,0,0,0,0,0,0,2,1,6,2,62,9,1596,1,3,4,1,4
201604SA16084,1,9,0,12,0,0,0,0,1,10,1,1,2,1,29,6,1242,1,13,-1,3,-1
201604SA16085,1,1,0,16,0,0,0,0,0,0,1,1,6,1,12,3,-1,-1,-1,8,1,8
201604SA16085,2,9,0,16,0,0,0,0,0,0,1,1,6,2,47,8,1975,1,11,10,1,10
201604SA16086,1,9,0,18,0,0,0,0,0,0,1,1,6,1,22,5,1396,1,12,5,1,5
201604SA16087,1,9,0,6,0,0,0,0,0,0,3,1,6,1,28,6,1360,1,13,5,1,5
201604SA16087,2,9,0,18,0,0,0,0,0,0,1,1,6,2,30,6,1984,1,4,10,1,10
201604SA16088,1,9,0,18,0,0,0,7,0,0,1,1,6,2,31,6,2204,2,12,4,1,4
201604SA16089,1,9,0,9,0,5,0,0,0,0,4,1,6,3,-1,-1,1598,1,1,-1,-1,-1
201604SA16089,2,9,0,18,0,6,0,0,0,0,4,1,1,1,39,7,-1,-1,-1,9,1,9
201604SA16090,1,90,0,16,0,8,0,0,0,0,1,1,6,1,35,6,998,1,6,6,3,6
201604SA16090,2,9,0,4,0,3,0,0,0,0,2,1,6,2,39,7,1999,2,1,9,1,9
201604SA16091,1,9,0,9,0,1,0,0,0,0,4,1,6,2,70,10,1149,1,6,10,1,10
201604SA16091,2,1,0,18,0,1,2,0,0,0,1,1,2,1,33,6,-1,-1,-1,9,1,9
201604SA16092,1,9,0,18,0,1,0,0,0,0,1,1,6,1,21,5,1199,1,14,3,1,3
201604SA16092,2,9,0,10,0,8,0,0,0,0,2,1,6,1,68,10,1798,8,-1,3,1,3
201604SA16093,1,9,0,18,0,0,0,0,0,0,1,1,6,1,23,5,1199,1,12,-1,-1,-1
201604SA16094,1,1,0,12,0,8,5,0,0,0,4,1,3,1,15,3,-1,-1,-1,-1,-1,-1
201604SA16094,2,11,0,9,0,8,0,0,0,0,1,1,1,1,60,9,4250,2,5,2,1,2
201604SA16095,1,11,0,18,0,0,0,0,0,0,0,1,1,1,28,6,8268,2,11,-1,-1,-1
201604SA16096,1,9,0,5,0,1,0,0,0,0,1,1,6,1,21,5,1242,1,2,-1,-1,-1
201604SA16096,2,1,0,18,0,1,0,0,0,0,4,1,1,1,39,7,-1,-1,-1,10,1,10
201604SA16097,1,9,0,9,0,2,1,0,1,4,1,1,2,1,20,4,1400,2,9,2,1,2
201604SA16098,1,9,0,5,0,1,0,0,0,0,2,1,6,1,36,7,1995,2,11,-1,-1,-1
201604SA16098,2,19,0,13,0,1,0,0,0,0,1,1,6,1,29,6,1870,2,10,-1,-1,-1
201604SA16099,1,9,0,18,0,1,0,0,0,0,4,1,6,1,29,6,1995,2,2,2,1,2
201604SA16099,2,9,0,18,0,1,0,0,0,0,3,1,6,2,65,9,998,1,14,6,1,6
201604SA16100,1,9,0,18,0,0,0,0,0,0,1,1,1,1,39,7,1596,1,15,10,1,10
201604SA16100,2,1,0,18,0,0,0,0,0,0,2,1,1,1,38,7,-1,-1,-1,3,1,3
201604SA16101,1,8,0,18,0,0,0,0,0,0,1,1,1,1,37,7,-1,-1,-1,9,1,9
201604SA16101,2,9,0,5,6,0,0,0,0,0,4,1,6,1,56,9,1390,1,10,2,1,2
201604SA16102,1,9,0,18,0,0,0,0,0,0,1,1,6,1,80,11,1242,1,6,9,1,9
201604SA16103,1,90,0,5,0,1,0,0,0,0,2,1,6,1,85,11,2198,2,2,6,3,6
201604SA16103,2,9,0,3,0,1,0,0,0,0,1,1,6,1,29,6,-1,-1,-1,-1,-1,-1
201604SA16104,1,9,0,18,9,0,1,0,1,2,1,1,3,2,26,6,1328,1,12,-1,-1,-1
201604SA16105,1,9,0,1,0,0,0,0,0,0,2,1,6,1,28,6,998,1,13,2,1,2
201604SA16106,1,9,0,18,0,0,0,0,8,3,1,1,6,2,69,10,1400,1,11,4,1,4
201604SA16107,1,9,0,18,0,0,0,0,0,0,1,1,1,1,26,6,1598,1,8,1,1,1
201604SA16107,2,9,0,18,0,0,0,0,0,0,2,1,1,1,29,6,1998,2,12,2,1,2
201604SA16107,3,9,0,18,0,0,0,0,0,0,2,1,1,2,38,7,1197,1,4,9,1,9
201604SA16108,1,8,0,9,0,6,0,0,0,0,1,1,1,1,48,8,1997,2,13,1,1,1
201604SA16108,2,1,0,18,0,8,0,0,0,0,3,1,6,1,28,6,-1,-1,-1,2,1,2
201604SA16109,1,9,0,18,0,0,0,0,0,0,1,1,2,1,67,10,1762,1,16,8,1,8
201604SA16109,2,9,0,18,0,0,0,0,0,0,2,1,2,2,33,6,2685,2,12,5,1,5
201604SA16110,1,2,0,18,0,0,0,0,0,0,1,1,4,1,16,4,49,1,1,2,1,2
201604SA16111,1,9,0,9,0,4,0,0,0,0,1,1,6,2,39,7,2967,2,1,9,1,9
201604SA16111,2,9,0,18,0,3,0,0,0,0,4,1,2,2,38,7,1329,1,6,10,1,10
201604SA16112,1,11,0,9,0,0,0,0,0,0,0,1,1,3,-1,-1,-1,-1,-1,-1,-1,-1
201604SA16113,1,9,0,17,0,1,0,0,0,0,1,1,6,2,52,8,1198,1,1,3,1,3
201604SA16113,2,9,0,18,0,3,0,0,0,0,2,1,6,2,18,4,1598,1,15,-1,-1,-1
201604SA16114,1,9,0,18,0,0,1,10,1,7,4,1,2,1,18,4,1124,1,11,7,1,7
201604SA16115,1,9,0,18,0,4,0,0,0,0,1,1,6,1,77,11,1560,2,2,10,1,10
201604SA16115,2,1,0,18,0,8,0,0,0,0,1,1,2,2,33,6,-1,-1,-1,5,1,5
201604SA16116,1,9,0,18,0,1,0,0,0,0,1,1,3,2,32,6,-1,-1,-1,10,1,10
201604SA16116,2,90,0,2,0,1,0,0,0,0,1,1,6,3,-1,-1,4400,2,5,-1,-1,-1
201604SA16117,1,9,0,18,0,0,0,0,0,0,1,1,1,1,38,7,1200,1,1,3,1,3
201604SA16117,2,9,0,18,0,0,0,0,0,0,2,1,1,1,48,8,1598,1,12,2,1,2
201604SA16117,3,9,0,18,0,0,0,0,0,0,2,1,1,1,38,7,1769,1,12,5,1,5
201604SA16118,1,9,0,7,0,6,0,0,0,0,3,1,3,2,30,6,1968,2,2,5,1,5
201604SA16118,2,9,0,18,0,1,0,0,0,0,1,1,2,1,38,7,998,1,3,6,1,6
201604SA16119,1,9,0,17,0,0,1,0,1,4,1,1,6,2,29,6,1242,1,6,5,1,5
201604SA16120,1,9,0,18,0,8,0,0,0,0,1,1,6,1,81,11,1198,1,8,4,1,4
201604SA16120,2,9,0,18,0,8,0,0,0,0,3,1,1,1,63,9,2993,2,2,9,1,9
201604SA16121,1,5,0,5,0,1,0,0,0,0,4,1,1,1,46,8,-1,-1,-1,2,1,2
201604SA16121,2,9,0,9,0,1,0,0,0,0,1,1,3,2,38,7,1997,2,3,5,1,5
201604SA16122,1,9,0,7,0,1,0,0,0,0,1,1,6,3,-1,-1,-1,-1,-1,-1,-1,-1
201604SA16122,2,1,0,7,0,1,0,0,0,0,0,1,4,1,11,3,-1,-1,-1,9,1,9
201604SA16123,1,1,0,18,0,1,0,0,0,0,4,1,4,2,12,3,-1,-1,-1,3,1,3
201604SA16123,2,9,0,18,0,2,0,0,0,0,1,1,2,2,49,8,1781,1,11,5,1,5
201604SA16124,1,9,0,14,0,0,0,0,0,0,4,1,1,1,31,6,1108,1,8,4,1,4
201604SA16124,2,9,0,2,0,0,0,0,0,0,0,1,3,1,42,7,2191,2,3,8,2,8
201604SA16125,1,9,0,4,0,1,0,0,0,0,2,1,2,2,21,5,1329,1,4,9,1,9
201604SA16125,2,9,0,4,0,1,0,0,0,0,2,1,2,1,27,6,1598,1,15,6,1,6
201604SA16126,1,9,0,13,0,1,0,0,0,0,4,1,6,1,24,5,1598,2,1,1,1,1
201604SA16126,2,9,0,4,0,1,0,0,0,0,3,1,2,1,39,7,1149,1,15,10,2,10
201604SA16127,1,9,0,18,0,0,0,0,0,0,1,1,6,3,-1,-1,-1,-1,-1,-1,-1,-1
201604SA16128,1,9,0,4,0,0,0,0,0,0,1,1,6,1,-1,-1,-1,-1,-1,-1,-1,-1
201604SA16128,2,8,0,3,0,0,0,0,0,0,2,1,6,1,40,7,2664,2,18,1,1,1
201604SA16129,1,9,0,12,0,0,0,0,0,0,0,1,6,3,-1,-1,1360,1,9,-1,-1,-1
201604SA16129,2,9,0,18,0,0,1,11,0,6,3,1,6,1,24,5,-1,-1,-1,1,1,1
201604SA16130,1,9,5,18,0,1,1,0,0,0,3,1,1,1,30,6,1781,1,12,2,1,2
201604SA16131,1,21,0,18,0,1,0,0,0,0,0,1,1,1,33,6,12600,2,12,4,2,4
201604SA16131,2,9,0,18,0,1,0,0,0,0,3,1,6,1,43,7,2231,2,7,4,1,4
201604SA16131,3,9,0,18,0,1,1,0,0,0,4,1,6,2,18,4,1229,1,7,8,2,8
201604SA16132,1,9,0,12,0,2,0,0,0,0,3,1,1,2,24,5,1149,1,13,2,1,2
201604SA16132,2,9,0,18,0,2,0,0,0,0,1,1,1,2,26,6,1200,1,3,4,1,4
201604SA16133,1,8,0,9,0,2,0,0,0,0,1,1,6,3,65,9,-1,-1,-1,-1,-1,-1
201604SA16134,1,9,0,18,0,0,0,0,0,0,1,1,6,1,78,11,1994,1,12,10,1,10
201604SA16134,2,9,0,18,0,0,0,0,0,0,2,1,6,2,69,10,1149,1,13,7,1,7
201604SA16134,3,9,0,3,0,0,0,0,0,0,0,1,6,1,56,9,1598,2,4,10,1,10
201604SA16135,1,9,0,5,0,4,0,0,0,0,1,1,2,1,27,6,-1,-1,-1,7,1,7
201604SA16135,2,1,0,18,0,4,0,0,0,0,4,1,2,1,56,9,-1,-1,-1,-1,-1,-1
201604SA16136,1,9,0,18,0,8,0,0,0,0,1,1,6,1,73,10,1598,2,2,9,1,9
201604SA16136,2,9,0,5,0,8,0,0,0,0,3,1,6,1,70,10,1000,1,3,5,1,5
201604SA16137,1,9,0,4,0,0,0,0,0,0,1,1,6,1,50,8,998,1,14,7,1,7
201604SA16138,1,9,0,18,0,0,0,0,0,0,1,1,6,1,55,8,2496,1,15,8,3,8
201604SA16139,1,9,0,5,0,6,0,0,3,10,1,1,6,2,67,10,-1,-1,-1,8,3,8
201604SA16139,2,9,0,18,0,8,1,0,0,0,4,1,6,1,48,8,1997,2,13,9,1,9
201604SA16140,1,9,0,4,0,1,0,0,0,0,1,1,6,2,34,6,1198,1,9,3,1,3
201604SA16140,2,9,0,4,0,1,0,0,0,0,2,1,6,1,17,4,1397,1,14,8,1,8
201604SA16141,1,9,0,12,0,2,0,0,0,0,0,1,6,3,-1,-1,-1,-1,-1,-1,-1,-1
201604SA16141,2,9,0,12,0,2,0,0,1,0,3,1,6,1,32,6,1968,2,7,10,1,10
201604SA16141,3,9,0,18,0,2,0,0,5,6,1,1,6,1,43,7,1598,1,4,4,2,4
201604SA16142,1,9,0,3,0,1,0,0,0,0,1,1,6,2,19,4,1242,1,10,7,1,7
201604SA16142,2,9,0,3,0,1,0,0,0,0,2,1,6,1,68,10,2499,2,19,-1,-1,-1
201604SA16143,1,9,0,18,0,1,0,0,0,0,0,1,6,1,51,8,2143,2,5,8,1,8
201604SA16143,2,9,0,18,0,1,1,0,4,6,3,1,6,2,24,5,1364,1,11,1,1,1
201604SA16144,1,2,0,18,0,0,1,0,0,0,0,1,1,2,47,8,49,1,3,2,1,2
201604SA16145,1,9,0,18,0,0,1,0,5,6,1,1,2,1,26,6,1598,1,15,4,1,4
201604SA16145,2,9,0,1,0,0,0,0,0,0,2,1,1,1,51,8,-1,-1,-1,4,1,4
201604SA16145,3,9,0,18,0,0,0,0,0,0,2,1,6,2,28,6,999,1,-1,6,1,6
201604SA16145,4,9,0,18,0,0,0,0,7,0,1,1,2,1,51,8,1560,2,5,5,1,5
201604SA16145,5,19,0,18,0,0,0,0,0,1,0,1,1,1,39,7,2198,2,1,-1,-1,-1
201604SA16146,1,9,0,4,0,1,0,0,0,0,4,1,6,1,28,6,1275,1,17,4,1,4
201604SA16146,2,1,0,3,0,1,0,0,0,0,1,1,2,1,57,9,-1,-1,-1,9,1,9
201604SA16147,1,19,0,4,0,2,0,0,0,0,3,1,1,1,27,6,-1,-1,-1,5,1,5
201604SA16147,2,9,0,4,0,2,0,0,0,0,4,1,2,2,43,7,998,1,2,6,1,6
201604SA16148,1,8,0,18,0,0,0,0,0,0,3,1,1,3,-1,-1,-1,-1,-1,-1,-1,-1
201604SA16149,1,11,0,5,6,0,0,0,0,0,0,1,6,1,31,6,4580,2,9,1,1,1
201604SA16150,1,9,0,18,0,8,0,0,0,1,1,1,6,1,53,8,1896,2,10,9,1,9