Accident_Index,Vehicle_Reference,Vehicle_Type,Towing_and_Articulation,Vehicle_Manoeuvre,Vehicle_Location-Restricted_Lane,Junction_Location,Skidding_and_Overturning,Hit_Object_in_Carriageway,Vehicle_Leaving_Carriageway,Hit_Object_off_Carriageway,1st_Point_of_Impact,Was_Vehicle_Left_Hand_Drive?,Journey_Purpose_of_Driver,Sex_of_Driver,Age_of_Driver,Age_Band_of_Driver,Engine_Capacity_(CC),Propulsion_Code,Age_of_Vehicle,Driver_IMD_Decile,Driver_Home_Area_Type,Vehicle_IMD_Decile
201604SA16151,1,9,0,16,0,1,2,0,7,2,4,1,6,1,37,7,3246,1,13,10,1,10
201604SA16152,1,9,0,7,0,2,0,0,0,0,1,1,6,1,22,5,1956,2,4,3,1,3
201604SA16152,2,9,0,18,0,1,0,0,0,0,4,1,6,1,25,5,1299,1,12,2,1,2
201604SA16154,1,9,0,3,0,1,0,0,0,0,1,1,6,3,-1,-1,-1,-1,-1,-1,-1,-1
201604SA16155,1,9,0,18,0,8,1,0,8,6,1,1,1,1,57,9,2993,2,6,7,3,7
201604SA16155,2,19,0,18,0,8,0,0,0,0,3,1,1,1,38,7,2287,2,2,8,3,8
201604SA16155,3,9,0,18,0,8,0,0,0,0,3,1,6,1,55,8,2996,1,2,10,1,10
201604SA16156,1,9,0,9,0,8,0,0,0,0,3,1,6,2,25,5,1598,1,14,2,1,2
201604SA16156,2,9,0,5,0,8,0,0,0,0,1,1,6,2,37,7,1995,1,9,9,1,9
201604SA16157,1,9,0,18,0,8,0,0,0,0,1,1,6,2,43,7,1896,2,7,8,1,8
201604SA16158,1,9,0,4,0,1,0,0,0,0,1,1,1,1,27,6,1396,1,7,2,1,2
201604SA16158,2,10,0,18,0,1,0,0,0,0,2,1,1,1,38,7,-1,-1,-1,5,1,5
201604SA16159,1,9,0,18,9,0,0,0,0,0,3,1,6,3,-1,-1,1997,2,14,-1,-1,-1
201604SA16160,1,9,0,16,0,1,0,0,1,4,1,1,6,1,29,6,1998,1,16,7,1,7
201604SA16161,1,9,0,18,0,0,0,0,7,2,1,1,6,2,71,10,1389,1,10,10,2,10
201604SA16162,1,9,0,18,0,1,0,0,0,0,3,1,6,2,53,8,1686,2,11,6,1,6
201604SA16162,2,9,0,18,0,2,0,0,0,0,3,1,6,2,29,6,1390,1,11,7,1,7
201604SA16163,1,9,0,18,0,0,0,0,0,0,1,1,6,1,32,6,1984,1,11,-1,-1,-1
201604SA16163,2,9,0,17,0,0,0,11,1,10,4,1,6,1,68,10,1598,1,16,10,2,10
201604SA16164,1,9,0,18,0,0,0,0,0,0,1,1,6,1,22,5,5000,1,7,-1,-1,-1
201604SA16164,2,9,0,13,0,0,0,0,0,0,2,1,6,2,60,9,1398,1,11,9,1,9
201604SA16165,1,9,0,4,0,1,0,0,0,0,1,1,6,1,86,11,1248,2,10,1,1,1
201604SA16165,2,10,0,10,0,1,0,0,0,0,2,1,1,1,36,7,-1,-1,-1,-1,-1,-1
201604SA16166,1,9,0,8,0,1,1,0,1,1,1,1,2,2,20,4,998,1,3,1,1,1
201604SA16167,1,9,0,5,0,4,0,0,0,0,1,1,6,1,57,9,3301,1,14,2,1,2
201604SA16167,2,1,0,9,0,8,0,0,0,0,3,1,6,1,73,10,-1,-1,-1,5,1,5
201604SA16168,1,9,0,18,0,1,1,0,0,0,1,1,2,2,23,5,1229,1,3,1,1,1
201604SA16168,2,9,0,4,0,8,0,0,0,0,2,1,6,2,24,5,1197,1,2,1,1,1
201604SA16168,3,9,0,3,0,2,0,0,0,1,2,1,6,3,-1,-1,-1,-1,-1,-1,-1,-1
201604SA16169,1,11,0,18,0,1,0,0,0,0,0,1,1,1,23,5,9000,2,3,6,3,6
201604SA16170,1,19,0,9,0,5,0,0,0,0,1,1,1,1,64,9,1753,2,11,7,2,7
201604SA16170,2,5,0,18,0,1,0,0,0,0,1,1,2,1,35,6,748,1,27,7,1,7
201604SA16171,1,9,0,18,0,1,0,0,0,0,0,2,6,1,64,9,1461,2,11,4,2,4
201604SA16172,1,3,0,17,0,0,0,0,0,0,1,1,2,1,28,6,124,1,-1,3,1,3
201604SA16172,2,9,0,18,0,0,0,0,0,0,0,1,6,1,50,8,2143,2,1,10,1,10
201604SA16173,1,9,0,12,0,0,0,0,0,0,0,1,1,1,55,8,999,1,-1,1,1,1
201604SA16173,2,9,0,18,0,0,0,0,0,6,1,1,6,1,25,5,1400,1,10,3,1,3
201604SA16175,1,9,0,18,0,8,0,0,0,0,4,1,1,1,50,8,1596,1,15,-1,-1,-1
201604SA16175,2,9,0,18,0,8,0,0,0,0,1,1,6,1,41,7,1396,1,16,-1,-1,-1
201604SA16176,1,9,0,9,0,5,0,0,7,10,1,1,6,2,29,6,1328,1,11,1,1,1
201604SA16177,1,10,0,7,0,6,0,0,0,0,1,1,1,2,22,5,-1,-1,-1,2,1,2
201604SA16179,1,9,0,9,0,5,0,0,0,0,4,1,1,1,48,8,1598,2,4,7,1,7
201604SA16179,2,1,0,18,0,1,0,0,0,0,1,1,2,2,32,6,-1,-1,-1,3,2,3
201604SA16180,1,9,0,5,0,4,0,0,0,0,1,1,6,1,51,8,3498,1,4,9,3,9
201604SA16180,2,9,0,3,0,4,0,0,0,0,2,1,1,2,50,8,3200,2,2,7,1,7
201604SA16181,1,9,0,18,0,3,0,0,0,0,1,1,2,1,35,6,1587,1,12,2,1,2
201604SA16181,2,9,0,18,0,4,0,0,0,0,1,1,6,1,54,8,1986,1,1,9,1,9
201604SA16182,1,9,0,16,0,0,0,0,1,10,1,1,6,1,25,5,1368,1,6,9,1,9
201604SA16182,2,9,0,17,0,0,0,0,0,0,1,1,6,1,27,6,1796,1,14,5,1,5
201604SA16183,1,9,0,16,0,3,0,0,0,0,1,1,6,3,-1,-1,-1,-1,-1,-1,-1,-1
201604SA16183,2,5,0,16,0,3,0,0,0,0,3,1,6,1,59,9,942,1,2,10,2,10
201604SA16184,1,9,0,18,0,0,0,0,0,0,1,1,6,1,21,5,698,1,11,7,2,7
201604SA16184,2,9,0,4,0,0,0,0,0,0,2,1,6,1,76,11,998,1,10,3,1,3
201604SA16185,1,9,0,18,0,1,0,0,0,0,3,1,6,1,68,10,1968,2,8,5,1,5
201604SA16185,2,9,0,7,0,6,0,0,0,0,3,1,6,2,75,10,1598,1,7,10,1,10
201604SA16186,1,3,0,18,0,1,0,0,0,0,1,1,1,1,32,6,125,1,2,6,1,6
201604SA16187,1,9,0,9,0,6,0,0,0,0,1,1,2,1,22,5,1598,1,10,3,1,3
201604SA16187,2,9,0,18,0,8,0,0,0,0,4,1,6,1,41,7,1995,2,11,9,1,9
201604SA16188,1,9,0,18,0,4,0,0,0,0,1,1,6,1,26,6,1199,1,13,7,1,7
201604SA16188,2,9,0,4,0,4,0,0,0,0,2,1,6,1,19,4,1242,1,2,7,1,7
201604SA16189,1,21,0,3,0,1,0,0,0,0,1,1,6,2,44,7,5880,2,11,2,1,2
201604SA16189,2,9,0,3,0,1,0,0,0,0,2,1,6,2,35,6,1997,2,9,5,1,5
201604SA16190,1,9,0,18,0,8,0,0,0,0,0,1,6,3,-1,-1,-1,-1,-1,-1,-1,-1
201604SA16190,2,9,0,12,0,8,2,0,1,9,3,1,6,2,55,8,1596,1,14,2,1,2
201604SA16191,1,9,0,18,0,0,0,0,0,0,1,1,2,1,21,5,1199,1,13,8,1,8
201604SA16191,2,9,0,18,0,0,0,0,0,0,2,1,2,1,25,5,1229,1,5,9,1,9
201604SA16191,3,9,0,2,0,0,0,0,0,0,3,1,6,1,52,8,1994,2,11,-1,-1,-1
201604SA16191,4,9,0,2,0,0,0,0,0,0,1,1,6,2,37,7,1984,1,16,8,2,8
201604SA16192,1,21,1,5,0,4,0,0,0,0,1,1,1,1,50,8,12419,2,1,6,3,6
201604SA16192,2,9,0,3,0,4,0,0,0,0,2,1,6,2,34,6,1198,1,8,6,1,6
201604SA16193,1,9,0,18,0,0,0,0,0,0,1,1,6,1,42,7,-1,-1,-1,7,1,7
201604SA16194,1,9,0,9,0,5,0,0,0,0,1,1,6,2,38,7,2979,1,14,-1,-1,-1
201604SA16194,2,3,0,18,0,1,0,0,0,0,1,1,6,1,26,6,125,1,4,3,1,3
201604SA16195,1,90,0,18,0,0,1,0,0,0,1,1,6,3,-1,-1,-1,-1,-1,-1,-1,-1
201604SA16195,2,9,0,4,0,0,0,0,0,0,2,1,1,1,58,9,-1,-1,-1,9,3,9
201604SA16195,3,90,0,4,0,0,0,0,0,0,2,1,6,1,55,8,-1,-1,-1,3,1,3
201604SA16196,1,9,0,9,0,5,0,0,0,0,3,1,6,1,59,9,1299,1,14,5,1,5
201604SA16196,2,5,0,13,0,1,0,0,0,0,4,1,6,1,57,9,645,1,7,8,1,8
201604SA16197,1,9,0,18,0,1,0,0,0,0,1,1,6,1,72,10,1896,2,7,5,3,5
201604SA16197,2,9,0,10,0,1,0,0,0,0,2,1,6,1,45,7,1896,2,13,10,1,10
201604SA16198,1,9,0,9,0,1,0,0,0,0,2,1,6,1,67,10,1991,2,8,10,1,10
201604SA16198,2,5,0,9,0,8,0,0,0,0,1,1,6,1,22,5,625,1,11,8,1,8
201604SA16199,1,9,0,9,0,8,0,0,0,0,4,1,6,1,22,5,973,1,13,10,1,10
201604SA16199,2,5,0,18,0,8,0,0,0,0,1,1,6,1,44,7,998,1,11,6,1,6
201604SA16201,1,9,0,18,0,1,0,0,0,0,1,1,6,1,56,9,-1,-1,-1,8,1,8
201604SA16201,2,9,0,3,0,1,0,0,0,0,2,1,6,1,69,10,1998,1,14,9,1,9
201604SA16202,1,3,0,18,0,0,0,0,1,0,1,1,2,1,20,4,124,1,4,8,1,8
201604SA16203,1,9,0,18,0,0,0,0,7,4,1,1,6,1,18,4,1396,1,11,8,3,8
201604SA16203,2,9,0,8,0,0,0,0,0,0,1,1,2,1,45,7,1896,2,7,9,1,9
201604SA16204,1,9,0,4,0,1,0,0,0,0,1,1,6,1,74,10,1198,1,10,10,1,10
201604SA16204,2,9,0,3,0,1,0,0,0,0,2,1,6,1,77,11,1598,2,1,3,1,3
201604SA16204,3,9,0,3,0,1,0,0,0,0,2,1,6,1,37,7,1497,1,14,8,1,8
201604SA16205,1,9,0,9,0,6,0,0,0,0,1,1,6,2,38,7,1910,2,8,1,1,1
201604SA16205,2,3,0,18,0,1,2,0,0,0,1,1,6,1,21,5,124,1,17,3,1,3
201604SA16206,1,9,0,18,0,0,0,0,0,0,1,1,6,1,24,5,1995,2,10,5,1,5
201604SA16207,1,9,0,7,0,5,1,0,0,0,1,1,6,1,46,8,1597,1,17,7,3,7
201604SA16207,2,9,0,10,0,1,0,0,0,0,1,1,2,1,27,6,1896,2,14,9,1,9
201604SA16208,1,9,0,5,0,6,0,0,0,0,1,1,6,1,55,8,1242,1,13,9,1,9
201604SA16208,2,9,0,18,0,1,0,0,0,0,1,1,2,2,20,4,1199,1,13,6,1,6
201604SA16209,1,1,0,4,9,0,0,0,0,4,1,1,6,1,55,8,-1,-1,-1,9,3,9
201604SA16210,1,9,0,18,0,0,0,0,0,0,4,1,2,2,29,6,1360,1,12,3,1,3
201604SA16211,1,9,0,18,0,8,0,0,0,0,4,1,6,1,20,4,1461,2,7,1,1,1
201604SA16211,2,8,0,9,0,5,0,0,0,0,3,1,1,1,47,8,1997,2,13,3,1,3
201604SA16212,1,9,0,15,0,1,0,0,0,0,2,1,6,2,44,7,1193,1,2,8,1,8
201604SA16212,2,9,0,4,0,2,0,0,0,0,1,1,6,1,24,5,1968,2,10,1,1,1
201604SA16213,1,9,0,10,0,1,0,0,0,0,1,1,6,1,18,4,1198,1,6,9,1,9
201604SA16213,2,9,0,10,0,1,0,0,0,0,2,1,6,1,23,5,1598,1,3,2,1,2
201604SA16214,1,9,0,18,0,1,0,0,0,0,1,1,6,1,43,7,1796,1,12,-1,-1,-1
201604SA16214,2,9,0,3,0,1,0,0,0,0,2,1,2,1,34,6,1598,1,9,2,1,2
201604SA16215,1,9,0,11,0,5,0,0,0,0,4,1,6,2,46,8,1598,1,13,6,3,6
201604SA16215,2,3,0,11,0,1,0,0,1,0,3,1,2,2,22,5,125,1,11,2,1,2
201604SA16216,1,19,0,1,0,5,0,0,0,0,2,1,6,1,24,5,2402,2,13,1,1,1
201604SA16216,2,9,0,18,0,1,0,0,0,0,1,1,1,2,52,8,1560,2,3,3,1,3
201604SA16217,1,9,0,18,0,1,0,0,0,0,1,1,1,2,18,4,1339,1,10,9,1,9
201604SA16217,2,9,0,18,0,1,0,0,0,0,2,1,1,1,57,9,1968,2,1,2,1,2
201604SA16218,1,9,0,18,0,1,0,0,0,0,1,1,6,2,24,5,1388,1,12,-1,-1,-1
201604SA16218,2,9,0,10,0,1,0,0,0,0,2,1,6,2,39,7,1596,1,5,6,2,6
201604SA16219,1,9,0,5,0,5,0,0,0,0,4,1,6,1,62,9,1248,2,13,2,1,2
201604SA16220,1,11,0,18,0,1,0,0,0,0,0,1,6,1,54,8,4760,2,3,5,1,5
201604SA16220,2,9,0,9,0,6,0,0,0,0,0,1,6,3,-1,-1,2143,2,-1,-1,-1,-1
201604SA16221,1,9,0,18,0,1,0,0,0,0,1,1,2,1,22,5,1598,2,5,9,1,9
201604SA16221,2,9,0,4,0,1,0,0,0,0,2,1,2,1,48,8,1496,2,1,7,1,7
201604SA16222,1,90,0,4,0,1,0,0,0,0,2,1,6,1,28,6,-1,-1,-1,-1,-1,-1
201604SA16222,2,90,0,18,0,1,0,0,0,0,2,1,6,1,20,4,-1,-1,-1,-1,-1,-1
201604SA16223,1,9,0,18,0,0,0,0,0,0,1,1,6,1,25,5,1499,2,-1,1,1,1
201604SA16223,2,2,0,18,0,0,0,0,7,0,2,1,6,1,17,4,-1,-1,-1,-1,-1,-1
201604SA16224,1,9,0,18,0,2,0,0,0,0,1,1,6,2,67,10,1398,1,2,9,1,9
201604SA16224,2,9,0,3,0,2,0,0,0,0,2,1,6,2,46,8,973,1,14,6,1,6
201604SA16224,3,10,0,3,0,2,0,0,0,0,2,1,1,2,72,10,-1,-1,-1,8,1,8
201604SA16225,1,9,0,10,0,5,0,0,0,0,1,1,6,2,21,5,1364,1,8,8,1,8
201604SA16225,2,1,0,18,0,1,0,0,0,0,1,1,6,1,39,7,-1,-1,-1,9,1,9
201604SA16226,1,9,0,4,0,4,0,0,0,0,1,1,6,1,51,8,2494,2,11,1,1,1
201604SA16226,2,1,0,4,0,4,0,0,0,0,2,1,6,1,75,10,-1,-1,-1,9,2,9
201604SA16227,1,9,0,9,0,8,0,0,0,0,1,1,6,1,57,9,1988,1,13,6,1,6
201604SA16227,2,9,0,18,0,8,0,0,0,0,1,1,6,2,19,4,998,1,7,8,3,8
201604SA16228,1,9,0,9,0,6,0,0,0,0,1,1,6,2,21,5,1968,2,8,5,1,5
201604SA16228,2,9,0,14,0,1,0,0,0,0,1,1,6,2,25,5,1197,1,1,2,1,2
201604SA16229,1,5,0,14,0,0,0,0,0,0,1,1,6,1,62,9,996,1,13,9,1,9
201604SA16230,1,20,0,5,0,1,0,0,7,4,1,1,1,1,52,8,5880,2,18,6,1,6
201604SA16230,2,9,0,2,0,1,0,0,0,0,2,1,6,1,51,8,1995,2,10,9,3,9
201604SA16231,1,9,0,9,0,8,0,0,0,0,3,1,2,2,42,7,1229,1,6,8,1,8
201604SA16231,2,90,0,16,0,1,0,0,0,0,1,1,6,1,67,10,-1,-1,-1,5,1,5
201604SA16232,1,9,0,11,0,8,0,0,0,0,4,1,6,2,49,8,1798,1,7,8,1,8
201604SA16232,2,9,0,17,0,8,0,0,0,0,3,1,6,2,35,6,1997,2,12,5,1,5
201604SA16233,1,19,0,18,0,1,0,0,0,0,1,1,6,1,27,6,2143,2,-1,4,2,4
201604SA16233,2,9,0,7,0,1,0,0,0,0,2,1,6,2,83,11,-1,-1,-1,5,1,5
201604SA16234,1,1,0,18,9,8,0,0,0,0,3,1,6,1,16,4,-1,-1,-1,1,1,1
201604SA16234,2,9,0,4,9,6,0,0,0,0,1,1,1,1,45,7,1587,1,16,3,1,3
201604SA16235,1,8,0,9,0,8,0,0,0,0,0,1,6,1,45,7,1995,2,9,3,1,3
201604SA16236,1,3,0,17,0,0,1,0,1,0,4,1,6,1,31,6,124,1,7,9,1,9
201604SA16236,2,9,0,2,0,0,0,0,0,0,0,1,6,1,55,8,1995,2,10,8,2,8
201604SA16237,1,9,0,4,0,0,0,0,0,0,1,1,2,2,25,5,1242,1,9,2,1,2
201604SA16237,2,9,0,4,0,0,0,0,0,0,2,1,2,2,44,7,1499,2,2,9,1,9
201604SA16237,3,9,0,18,0,0,0,0,0,0,1,1,3,2,38,7,1200,1,2,1,1,1
201604SA16238,1,9,0,18,0,0,0,0,0,0,1,1,6,1,22,5,1598,1,5,10,1,10
201604SA16238,2,9,0,4,0,0,0,0,0,0,2,1,6,2,39,7,1390,1,9,8,1,8
201604SA16239,1,9,0,9,0,6,0,0,0,0,3,1,1,1,51,8,2967,1,16,10,1,10
201604SA16239,2,5,0,18,0,1,0,0,0,0,1,1,2,1,52,8,942,1,4,8,1,8
201604SA16240,1,9,0,12,0,1,2,0,4,0,1,1,6,1,33,6,1998,1,6,9,1,9
201604SA16240,2,9,0,12,0,1,1,0,0,0,2,1,1,2,17,4,1199,1,14,10,1,10
201604SA16241,1,9,0,7,0,1,0,0,0,0,4,1,2,1,23,5,1242,1,5,2,1,2
201604SA16241,2,1,0,18,0,1,0,0,0,0,1,1,2,1,30,6,-1,-1,-1,1,1,1
201604SA16242,1,9,0,18,0,0,0,0,0,0,1,1,6,1,20,4,999,1,2,10,1,10
201604SA16242,2,9,0,3,0,0,0,0,0,0,2,1,6,1,29,6,1591,1,2,-1,-1,-1
201604SA16242,3,9,0,3,0,0,0,0,0,0,2,1,6,1,65,9,1242,1,10,-1,-1,-1
201604SA16242,4,9,0,3,0,0,0,0,0,0,2,1,6,1,21,5,1395,1,1,5,1,5
201604SA16243,1,9,0,18,0,1,0,0,1,0,1,1,2,1,39,7,1397,1,15,5,1,5
201604SA16243,2,9,0,7,0,2,0,0,1,0,3,1,6,2,28,6,1598,1,8,9,1,9
201604SA16244,1,9,0,18,0,4,0,0,0,0,1,1,6,1,29,6,999,1,15,1,1,1
201604SA16244,2,9,0,18,0,8,1,0,0,0,4,1,6,2,27,6,2993,2,6,5,1,5
201604SA16245,1,5,0,4,0,1,2,0,0,0,3,1,6,1,28,6,-1,-1,-1,1,1,1
201604SA16245,2,9,0,9,0,6,0,0,0,0,3,1,6,2,21,5,1995,2,4,5,1,5
201604SA16246,1,9,0,9,0,8,0,10,0,0,1,1,1,2,34,6,1360,1,5,1,1,1
201604SA16246,2,9,0,18,0,1,1,0,0,0,1,1,2,2,37,7,1998,1,16,2,1,2
201604SA16247,1,9,0,18,0,0,0,0,0,0,1,1,6,1,49,8,1910,2,8,1,1,1
201604SA16247,2,9,0,18,0,0,0,0,0,0,2,1,6,2,52,8,1248,2,2,7,2,7
201604SA16247,3,9,0,18,0,0,0,0,0,0,0,1,6,1,36,7,1598,1,1,-1,-1,-1
201604SA16248,1,9,0,16,0,0,1,0,1,3,3,1,6,1,31,6,899,1,3,5,1,5
201604SA16249,1,1,0,9,0,5,0,0,0,0,1,1,6,1,45,7,-1,-1,-1,1,1,1
201604SA16249,2,9,0,18,0,1,0,0,0,0,1,1,6,1,50,8,1995,2,11,2,1,2
201604SA16250,1,9,0,9,0,8,0,0,0,0,3,1,2,1,27,6,1896,2,14,2,1,2
201604SA16250,2,9,0,18,0,8,0,0,0,0,1,1,1,2,25,5,1582,2,4,3,1,3
201604SA16251,1,9,0,18,0,0,0,0,0,0,1,1,2,1,31,6,1560,2,6,4,1,4
201604SA16251,2,9,0,18,0,0,0,0,7,0,2,1,6,1,30,6,1587,1,9,3,1,3
201604SA16252,1,21,1,18,0,0,1,0,0,0,1,1,1,1,56,9,12902,2,3,-1,-1,-1
201604SA16252,2,9,0,18,0,0,1,0,0,0,2,1,6,2,58,9,1318,1,1,3,1,3
201604SA16253,1,9,0,9,0,8,2,0,7,0,4,1,2,2,25,5,1598,1,5,3,1,3
201604SA16253,2,9,0,9,0,5,1,0,0,0,3,1,2,2,47,8,1595,1,9,9,1,9
201604SA16254,1,9,0,9,0,8,0,0,0,0,4,1,6,2,61,9,1997,1,9,9,1,9
201604SA16254,2,5,0,18,0,8,0,0,0,0,3,1,6,1,64,9,740,1,21,9,1,9
201604SA16255,1,9,0,18,0,0,0,0,0,0,1,1,6,1,48,8,1124,1,12,9,1,9
201604SA16255,2,9,0,2,0,0,0,0,0,0,2,1,6,1,17,4,1398,1,3,9,1,9
201604SA16256,1,19,0,9,0,5,0,0,0,0,1,1,1,1,22,5,2198,2,3,6,1,6
201604SA16256,2,9,0,18,0,8,0,0,0,0,1,1,6,2,36,7,1587,1,11,3,1,3
201604SA16257,1,9,0,9,0,5,0,0,0,0,1,1,6,1,18,4,1299,1,9,10,1,10
201604SA16257,2,9,0,18,0,8,0,0,1,7,1,1,6,1,70,10,1598,2,3,3,1,3
201604SA16258,1,90,0,2,0,0,0,0,0,0,3,1,6,3,-1,-1,-1,-1,-1,-1,-1,-1
201604SA16259,1,19,0,18,0,1,0,0,0,0,1,1,2,1,23,5,2198,2,1,5,1,5
201604SA16259,2,9,0,3,0,1,0,0,0,0,2,1,2,1,35,6,1598,1,10,6,2,6
201604SA16259,3,9,0,3,0,1,0,0,0,0,2,1,2,1,47,8,1597,2,-1,6,3,6
201604SA16260,1,8,0,9,0,6,0,0,0,0,4,1,1,1,55,8,1769,1,12,4,1,4
201604SA16260,2,9,0,18,0,8,0,0,0,0,3,1,6,1,35,6,1995,2,1,6,1,6
201604SA16262,1,9,0,7,0,0,0,0,0,0,4,1,3,2,47,8,1596,1,11,1,1,1
201604SA16262,2,1,0,18,0,0,0,0,0,0,0,1,2,2,26,6,-1,-1,-1,3,2,3
201604SA16263,1,19,0,18,0,0,1,0,0,0,1,1,1,1,31,6,2198,2,1,4,1,4
201604SA16263,2,9,0,4,0,0,0,0,0,0,2,1,2,2,50,8,1596,1,7,9,1,9
201604SA16263,3,9,0,4,0,0,0,0,0,0,2,1,6,2,40,7,1995,2,4,1,1,1
201604SA16264,1,9,0,5,0,6,0,0,0,0,1,1,2,1,44,7,1596,1,2,6,2,6
201604SA16264,2,9,0,18,0,8,0,0,0,0,1,1,2,2,50,8,1242,1,7,8,1,8
201604SA16265,1,9,0,4,0,1,0,0,0,0,0,1,2,2,31,6,2000,1,7,6,3,6
201604SA16265,2,9,0,4,0,1,0,0,0,0,1,1,2,1,65,9,-1,-1,-1,6,3,6
201604SA16266,1,9,0,18,0,2,0,0,0,0,1,1,6,2,63,9,1364,1,-1,2,1,2
201604SA16267,1,9,0,9,0,5,0,0,0,0,3,1,2,1,32,6,-1,-1,-1,3,1,3
201604SA16267,2,9,0,18,0,1,0,0,0,0,1,1,2,2,21,5,1242,1,2,2,1,2
201604SA16268,1,90,0,3,5,0,0,0,0,0,3,1,1,1,30,6,-1,-1,-1,8,1,8
201604SA16268,2,1,0,18,0,0,0,0,0,0,0,1,6,1,50,8,-1,-1,-1,-1,-1,-1
201604SA16269,1,1,0,18,0,0,0,0,0,0,1,1,1,1,36,7,-1,-1,-1,9,1,9
201604SA16269,2,10,0,2,0,0,0,0,0,0,2,1,2,1,52,8,-1,-1,-1,8,1,8
201604SA16270,1,9,0,7,0,6,0,0,0,0,1,1,6,1,42,7,2198,2,11,-1,-1,-1
201604SA16270,2,9,0,3,0,1,0,0,0,0,1,1,6,1,53,8,-1,-1,-1,9,1,9
201604SA16271,1,9,0,1,0,0,0,0,0,10,2,1,6,1,80,11,1598,1,20,4,1,4
201604SA16272,1,1,0,9,0,5,0,0,0,0,4,1,4,2,12,3,-1,-1,-1,5,1,5
201604SA16272,2,9,0,18,0,1,0,0,0,0,1,1,6,3,-1,-1,-1,-1,-1,-1,-1,-1
201604SA16273,1,9,0,5,0,4,0,0,0,0,1,1,6,1,66,10,1598,1,4,9,1,9
201604SA16273,2,1,0,18,0,4,0,0,0,0,0,1,6,1,51,8,-1,-1,-1,-1,-1,-1
201604SA16274,1,21,1,18,0,8,0,0,0,0,1,2,6,3,-1,-1,-1,-1,-1,-1,-1,-1
201604SA16274,2,9,0,18,0,8,1,0,2,7,2,1,6,2,58,9,1242,1,13,7,1,7
201604SA16275,1,9,0,4,0,2,0,0,0,0,1,1,2,1,55,8,-1,-1,-1,4,1,4
201604SA16275,2,9,0,4,0,2,0,0,0,0,4,1,2,2,39,7,1910,2,8,5,1,5
201604SA16275,3,9,0,11,0,2,0,0,0,0,0,1,6,3,-1,-1,-1,-1,-1,-1,-1,-1
201604SA16276,1,9,0,18,0,0,5,0,0,0,4,1,6,1,18,4,1149,1,13,2,1,2
201604SA16276,2,9,0,2,0,0,0,0,0,0,1,1,6,2,45,7,1986,2,9,5,1,5
201604SA16277,1,1,0,18,0,1,0,0,0,0,3,1,6,1,9,2,-1,-1,-1,1,1,1
201604SA16277,2,9,0,18,0,1,0,0,0,0,1,1,6,2,54,8,1248,1,1,5,1,5
201604SA16278,1,9,0,4,9,0,0,0,0,0,4,1,6,1,44,7,1968,2,9,5,1,5
201604SA16279,1,9,0,5,0,6,0,0,0,0,2,1,6,1,33,6,2969,2,11,1,1,1
201604SA16279,2,9,0,9,0,5,0,0,0,0,1,1,6,1,27,6,1598,2,6,2,1,2
201604SA16280,1,5,0,18,0,0,0,0,0,0,0,1,6,1,50,8,955,1,16,1,1,1
201604SA16280,2,9,0,10,0,0,0,0,0,0,0,1,6,1,50,8,5000,6,30,9,1,9
201604SA16281,1,9,0,9,0,5,0,0,0,0,1,1,6,1,26,6,1796,1,13,3,1,3
201604SA16281,2,1,0,15,0,8,0,0,0,0,3,1,2,1,34,6,-1,-1,-1,8,1,8
201604SA16282,1,9,0,7,0,8,0,0,0,0,1,1,6,1,21,5,1390,1,11,1,1,1
201604SA16282,2,9,0,18,0,1,0,0,0,0,3,1,6,2,48,8,1332,1,7,1,1,1
201604SA16283,1,9,0,9,0,8,0,0,0,0,4,1,6,2,31,6,1229,1,9,5,1,5
201604SA16283,2,1,0,18,0,8,0,0,0,0,1,1,6,1,36,7,-1,-1,-1,-1,-1,-1
201604SA16284,1,9,0,18,0,1,0,0,0,0,1,1,6,2,36,7,1596,1,13,6,1,6
201604SA16284,2,9,0,4,0,1,0,0,0,0,2,1,2,1,29,6,1360,1,6,7,1,7
201604SA16285,1,3,0,18,0,2,0,0,0,0,1,1,1,1,17,4,125,1,-1,4,1,4
201604SA16285,2,9,0,3,0,8,0,0,0,0,2,1,2,2,42,7,1197,1,1,9,3,9
201604SA16286,1,9,0,5,9,1,0,0,0,0,1,1,6,3,-1,-1,-1,-1,-1,-1,-1,-1
201604SA16287,1,9,0,7,0,0,0,0,0,0,2,1,6,2,76,11,1598,1,3,9,1,9
201604SA16287,2,1,0,18,0,0,0,0,0,0,1,1,6,1,62,9,-1,-1,-1,9,1,9
201604SA16288,1,9,0,18,0,0,0,0,0,0,1,1,2,2,32,6,1360,1,18,8,1,8
201604SA16288,2,9,0,18,0,0,0,0,0,0,2,1,2,2,48,8,1329,1,4,4,1,4
201604SA16289,1,9,0,9,0,8,0,0,0,0,4,1,6,2,25,5,1896,2,7,2,1,2
201604SA16289,2,9,0,18,0,1,0,0,0,0,1,1,6,2,39,7,1560,2,6,1,1,1
201604SA16290,1,9,0,18,0,4,0,0,0,0,1,1,6,2,63,9,1248,2,3,4,1,4
201604SA16290,2,9,0,7,0,8,5,0,0,0,4,1,6,2,21,5,998,1,16,10,1,10
201604SA16291,1,11,0,18,0,0,0,0,0,0,1,1,1,1,40,7,11630,2,19,2,1,2
201604SA16292,1,9,0,18,0,8,0,0,0,0,1,1,6,1,21,5,1229,1,8,6,1,6
201604SA16292,2,9,0,9,0,6,0,0,0,0,3,1,6,2,29,6,2179,2,1,10,1,10
201604SA16293,1,9,0,18,0,1,0,0,0,0,4,1,6,1,39,7,1956,2,5,2,1,2