Accident_Index,Vehicle_Reference,Vehicle_Type,Towing_and_Articulation,Vehicle_Manoeuvre,Vehicle_Location-Restricted_Lane,Junction_Location,Skidding_and_Overturning,Hit_Object_in_Carriageway,Vehicle_Leaving_Carriageway,Hit_Object_off_Carriageway,1st_Point_of_Impact,Was_Vehicle_Left_Hand_Drive?,Journey_Purpose_of_Driver,Sex_of_Driver,Age_of_Driver,Age_Band_of_Driver,Engine_Capacity_(CC),Propulsion_Code,Age_of_Vehicle,Driver_IMD_Decile,Driver_Home_Area_Type,Vehicle_IMD_Decile
201604SA16293,2,9,0,3,0,1,0,0,0,0,2,1,6,1,47,8,1461,2,1,9,1,9
201604SA16293,3,9,0,3,0,1,0,0,0,0,2,1,6,2,69,10,1368,1,4,10,2,10
201604SA16294,1,9,0,18,0,0,0,0,0,0,3,1,6,1,82,11,1198,1,4,10,2,10
201604SA16294,2,9,4,18,0,0,0,0,0,0,4,1,6,3,-1,-1,-1,-1,-1,-1,-1,-1
201604SA16295,1,9,0,16,0,1,1,0,8,2,4,1,6,3,-1,-1,1388,1,13,-1,-1,-1
201604SA16295,2,9,0,18,0,1,0,0,0,0,1,1,6,2,73,10,1108,1,6,10,1,10
201604SA16296,1,9,0,4,0,0,0,0,0,0,1,1,6,1,82,11,1998,1,11,2,1,2
201604SA16296,2,9,0,10,0,0,0,0,0,0,2,1,6,1,57,9,1995,1,13,1,1,1
201604SA16297,1,9,0,5,0,1,0,0,0,0,3,1,2,1,52,8,2184,2,11,9,1,9
201604SA16297,2,9,0,18,0,1,0,0,0,0,1,1,6,2,53,8,1242,1,3,8,2,8
201604SA16298,1,9,0,18,0,6,0,0,0,0,1,1,6,1,55,8,1968,2,10,7,1,7
201604SA16298,2,9,0,18,0,1,0,0,0,0,1,1,6,2,25,5,1149,1,14,8,2,8
201604SA16299,1,9,0,18,0,0,0,0,0,0,1,1,6,1,80,11,1388,1,10,8,3,8
201604SA16299,2,17,0,2,0,0,0,0,0,0,2,1,1,3,-1,-1,4400,2,5,-1,-1,-1
201604SA16300,1,21,1,12,0,0,1,0,0,0,1,2,1,1,18,4,-1,-1,-1,-1,-1,-1
201604SA16300,2,9,0,18,0,0,1,0,0,0,4,1,6,1,81,11,1796,1,8,9,1,9
201604SA16301,1,3,0,16,0,0,1,0,4,6,3,1,6,1,19,4,125,1,7,5,1,5
201604SA16302,1,9,0,18,0,0,0,0,0,0,1,1,6,1,22,5,4197,1,9,8,2,8
201604SA16302,2,9,0,3,0,0,0,0,0,0,2,1,6,2,70,10,998,1,15,7,2,7
201604SA16303,1,9,0,9,0,8,0,0,0,0,1,1,1,2,43,7,1596,1,5,5,1,5
201604SA16303,2,9,0,18,0,8,0,0,0,0,3,1,6,1,29,6,1597,1,9,1,1,1
201604SA16304,1,5,0,4,0,0,1,0,1,0,0,1,6,1,55,8,942,1,9,10,3,10
201604SA16305,1,9,0,18,0,8,0,0,0,0,1,1,6,1,32,6,1396,1,14,-1,-1,-1
201604SA16305,2,3,0,18,0,1,0,0,0,0,1,1,6,1,16,4,49,1,1,5,1,5
201604SA16306,1,1,0,18,0,1,2,0,0,0,1,1,6,1,31,6,-1,-1,-1,1,1,1
201604SA16306,2,9,0,9,0,8,0,0,0,0,3,1,6,1,22,5,1598,1,10,8,1,8
201604SA16307,1,9,0,5,0,4,0,0,0,10,1,1,6,2,66,10,1398,1,12,10,1,10
201604SA16308,1,9,0,18,0,7,0,0,0,0,1,1,6,2,47,8,1700,2,20,8,1,8
201604SA16308,2,9,0,3,0,1,0,0,0,0,2,1,6,1,45,7,1396,1,13,5,1,5
201604SA16309,1,3,0,4,0,1,1,0,0,0,0,1,2,2,23,5,124,1,6,-1,-1,-1
201604SA16310,1,9,0,9,0,8,0,0,0,0,1,1,1,1,42,7,2967,2,-1,5,1,5
201604SA16310,2,9,0,18,0,8,0,0,0,0,3,1,6,2,82,11,1198,1,5,5,1,5
201604SA16311,1,9,0,7,0,8,0,0,0,0,1,1,6,3,-1,-1,-1,-1,-1,-1,-1,-1
201604SA16311,2,1,0,3,9,2,0,0,0,0,1,1,6,1,5,1,-1,-1,-1,2,1,2
201604SA16312,1,19,4,18,0,0,1,0,1,0,1,1,1,1,37,7,1870,2,12,-1,-1,-1
201604SA16312,2,9,0,4,0,0,0,0,0,0,2,1,6,2,44,7,1461,2,2,-1,-1,-1
201604SA16313,1,9,0,9,0,8,0,0,0,0,3,1,6,1,30,6,1242,1,13,4,1,4
201604SA16313,2,9,0,18,0,8,1,0,0,0,1,1,6,2,20,4,1198,1,6,8,2,8
201604SA16314,1,9,0,18,0,8,0,0,0,0,1,1,6,2,60,9,1461,2,6,-1,-1,-1
201604SA16314,2,9,0,18,0,1,0,0,0,0,1,1,6,1,50,8,1685,2,1,3,1,3
201604SA16314,3,9,0,3,0,1,0,0,0,0,1,1,6,1,38,7,1587,1,11,8,2,8
201604SA16314,4,9,0,3,0,1,0,0,0,0,1,1,6,1,43,7,1496,2,-1,9,1,9
201604SA16315,1,9,0,6,0,1,0,0,0,0,1,1,1,1,49,8,1968,2,7,7,1,7
201604SA16315,2,3,0,18,0,8,0,0,0,0,1,1,2,1,39,7,124,1,1,4,2,4
201604SA16316,1,1,0,18,0,0,1,0,0,0,1,1,6,1,14,3,-1,-1,-1,2,1,2
201604SA16316,2,9,0,1,9,0,0,0,0,0,3,1,6,1,70,10,1461,2,2,4,1,4
201604SA16317,1,5,0,4,0,0,1,0,0,0,1,1,6,1,21,5,689,1,-1,5,1,5
201604SA16317,2,9,0,4,0,0,0,0,0,0,2,1,6,2,54,8,1995,2,15,7,1,7
201604SA16318,1,19,0,9,0,6,0,0,0,0,0,1,1,1,57,9,1499,2,1,2,1,2
201604SA16318,2,5,0,18,0,8,0,0,0,0,0,1,6,1,53,8,1052,1,16,6,1,6
201604SA16320,1,9,0,18,0,0,0,0,0,0,1,1,6,1,82,11,998,1,15,4,1,4
201604SA16320,2,19,0,18,0,0,0,0,0,0,1,1,1,1,34,6,2461,2,12,8,3,8
201604SA16321,1,9,0,1,0,0,0,0,0,0,2,1,1,2,52,8,1598,1,8,7,3,7
201604SA16322,1,1,0,18,9,1,0,0,0,0,1,1,6,1,30,6,-1,-1,-1,1,1,1
201604SA16323,1,9,0,18,0,0,0,0,0,0,3,1,6,3,-1,-1,-1,-1,-1,-1,-1,-1
201604SA16323,2,1,0,18,0,0,0,0,0,0,3,1,6,1,13,3,-1,-1,-1,9,1,9
201604SA16324,1,5,0,18,0,0,0,0,0,0,0,1,2,1,36,7,750,1,8,3,1,3
201604SA16325,1,9,0,18,0,0,1,0,0,0,1,1,6,1,22,5,1360,1,15,10,2,10
201604SA16325,2,9,0,18,0,0,0,0,0,0,1,1,6,2,71,10,998,1,2,6,1,6
201604SA16326,1,1,0,18,9,1,0,0,0,0,1,1,4,1,12,3,-1,-1,-1,4,1,4
201604SA16326,2,9,0,4,9,1,0,0,0,0,1,1,6,1,69,10,1398,1,-1,10,1,10
201604SA16327,1,9,0,5,0,0,0,0,0,0,1,1,6,1,18,4,1086,1,12,9,1,9
201604SA16327,2,9,0,18,0,0,0,0,0,0,4,1,6,1,73,10,1596,1,10,9,1,9
201604SA16328,1,9,0,18,0,0,0,0,0,0,1,1,6,1,51,8,1461,2,2,1,1,1
201604SA16328,2,9,0,4,0,0,0,0,0,0,2,1,6,2,64,9,1248,1,1,4,1,4
201604SA16328,3,9,0,3,0,0,0,0,0,0,2,1,6,1,68,10,1108,1,6,3,1,3
201604SA16328,4,9,0,3,0,0,0,0,0,0,2,1,6,1,35,6,1560,2,2,2,1,2
201604SA16329,1,3,0,16,0,0,1,0,0,0,3,1,6,1,17,4,124,1,3,1,1,1
201604SA16330,1,9,0,12,0,2,0,0,0,0,0,1,2,1,22,5,1598,2,1,6,1,6
201604SA16330,2,5,0,18,0,2,1,0,0,0,0,1,2,1,58,9,1157,1,10,10,1,10
201604SA16331,1,9,0,18,0,1,0,0,0,0,1,1,6,3,-1,-1,-1,-1,-1,-1,-1,-1
201604SA16331,2,9,0,3,0,1,1,0,0,0,2,1,1,1,47,8,-1,-1,-1,2,1,2
201604SA16332,1,8,0,18,0,8,1,0,7,10,1,1,1,1,37,7,1968,2,11,1,1,1
201604SA16332,2,9,0,18,0,1,0,0,0,0,3,1,2,2,41,7,1397,1,5,-1,-1,-1
201604SA16333,1,19,0,9,0,8,0,0,0,0,4,1,6,1,66,10,1998,2,13,5,1,5
201604SA16333,2,3,0,18,0,8,0,0,1,0,3,1,6,1,25,5,124,1,3,8,1,8
201604SA16334,1,9,0,16,0,0,0,0,7,9,3,1,6,1,36,7,1995,2,4,10,2,10
201604SA16334,2,19,0,17,0,0,0,0,1,4,1,1,1,1,21,5,1461,2,11,10,1,10
201604SA16335,1,9,0,1,9,1,0,0,0,0,2,1,6,2,18,4,998,1,9,3,1,3
201604SA16335,2,9,0,2,9,2,0,0,0,0,4,1,6,2,26,6,1596,1,16,2,1,2
201604SA16336,1,9,0,6,0,5,0,0,0,0,4,1,6,1,54,8,1360,1,9,8,3,8
201604SA16336,2,5,0,18,0,8,0,0,0,0,1,1,6,1,36,7,-1,-1,-1,2,1,2
201604SA16337,1,9,0,13,0,0,0,0,5,6,1,1,6,1,43,7,1598,1,15,5,1,5
201604SA16337,2,9,0,4,0,0,0,0,0,0,3,1,1,1,42,7,2993,2,3,2,1,2
201604SA16337,3,9,0,18,0,0,0,0,0,0,0,1,1,1,35,6,2993,2,-1,-1,-1,-1
201604SA16337,4,9,0,18,0,0,0,0,0,0,0,1,1,1,34,6,1499,2,1,-1,-1,-1
201604SA16337,5,9,0,18,0,0,0,0,0,0,3,1,6,1,64,9,3456,8,-1,10,1,10
201604SA16338,1,9,0,5,0,2,0,0,0,0,1,1,6,1,70,10,1598,1,4,3,1,3
201604SA16339,1,9,0,18,0,8,0,0,0,0,1,1,6,2,26,6,1390,1,14,2,1,2
201604SA16339,2,9,0,18,0,8,0,0,0,0,3,1,6,1,40,7,1798,1,8,3,1,3
201604SA16340,1,9,0,9,0,2,0,0,0,0,1,1,6,1,27,6,1595,1,9,1,1,1
201604SA16341,1,9,0,5,0,0,0,0,0,0,1,1,6,1,48,8,-1,-1,-1,10,3,10
201604SA16342,1,9,0,12,0,0,0,0,0,0,0,1,6,3,-1,-1,-1,-1,-1,-1,-1,-1
201604SA16342,2,9,0,17,0,0,0,4,2,0,1,1,6,1,25,5,-1,-1,-1,7,2,7
201604SA16342,3,21,5,2,6,0,0,0,0,0,3,1,1,3,-1,-1,5132,2,-1,-1,-1,-1
201604SA16343,1,1,0,18,0,0,0,0,0,0,0,1,6,1,27,6,-1,-1,-1,3,1,3
201604SA16343,2,21,0,5,7,0,0,0,0,0,4,1,1,1,56,9,10518,2,9,4,1,4
201604SA16344,1,19,0,18,0,8,1,0,0,0,1,1,2,1,34,6,1997,2,9,8,1,8
201604SA16344,2,9,0,18,0,8,0,0,0,0,1,1,2,2,50,8,1686,2,13,1,1,1
201604SA16345,1,1,0,18,0,8,0,0,0,0,1,1,6,1,16,4,-1,-1,-1,3,1,3
201604SA16345,2,9,0,3,0,1,0,0,0,0,3,1,6,2,51,8,1598,1,6,7,1,7
201604SA16346,1,4,0,16,0,0,2,0,1,10,1,1,6,1,19,4,398,1,9,3,3,3
201604SA16347,1,9,0,4,0,0,0,0,7,10,1,1,6,2,65,9,1995,1,9,-1,-1,-1
201604SA16348,1,9,0,18,0,0,0,0,0,0,1,1,6,1,18,4,2495,2,15,7,3,7
201604SA16348,2,19,0,3,0,0,0,0,0,0,2,1,1,1,38,7,1753,2,8,4,1,4
201604SA16349,1,9,0,12,0,0,1,0,4,6,4,1,2,1,45,7,3189,1,9,5,1,5
201604SA16349,2,9,0,18,0,0,1,0,0,10,4,1,2,1,22,5,-1,-1,-1,4,3,4
201604SA16350,1,19,0,18,0,1,0,0,0,0,1,1,6,3,-1,-1,-1,-1,-1,-1,-1,-1
201604SA16350,2,9,0,12,0,1,0,0,0,0,2,1,6,2,29,6,1597,2,-1,7,1,7
201604SA16351,1,9,0,18,0,1,0,0,0,0,1,1,6,1,40,7,1598,1,10,5,1,5
201604SA16351,2,9,0,2,0,1,0,0,0,0,2,2,6,2,36,7,-1,-1,-1,1,1,1
201604SA16352,1,3,0,18,0,1,1,0,0,0,1,1,2,1,30,6,125,1,-1,1,1,1
201604SA16352,2,9,0,18,0,8,1,0,1,10,1,1,1,1,46,8,2231,2,10,5,1,5
201604SA16353,1,90,0,4,0,1,0,0,0,0,1,1,6,3,65,9,-1,-1,-1,-1,-1,-1
201604SA16353,2,9,0,4,0,1,0,0,0,0,2,1,6,1,31,6,1995,2,8,5,1,5
201604SA16354,1,90,0,5,0,8,0,0,0,0,1,1,6,1,31,6,-1,-1,-1,2,1,2
201604SA16354,2,2,0,17,0,8,1,0,0,0,1,1,6,1,18,4,49,1,5,8,1,8
201604SA16355,1,9,0,9,0,8,0,0,0,0,1,1,6,2,28,6,1896,2,12,5,1,5
201604SA16355,2,9,0,18,0,8,0,0,0,0,3,1,6,2,59,9,1499,2,-1,9,3,9
201604SA16356,1,1,0,9,0,8,0,0,0,0,1,1,6,2,17,4,-1,-1,-1,2,1,2
201604SA16356,2,9,0,18,0,8,0,0,0,0,1,1,6,2,30,6,1199,1,16,1,1,1
201604SA16357,1,9,0,12,0,0,0,0,0,0,3,1,6,1,20,4,1560,2,2,8,1,8
201604SA16357,2,9,0,18,0,0,0,0,0,0,4,1,2,1,31,6,1461,2,5,3,1,3
201604SA16357,3,9,0,18,0,0,0,0,0,0,1,1,6,2,54,8,1495,1,8,2,1,2
201604SA16357,4,9,0,4,0,0,0,0,0,0,1,1,6,2,37,7,1248,1,7,2,1,2
201604SA16358,1,9,0,7,0,8,0,0,0,0,1,1,6,1,42,7,1461,2,-1,-1,-1,-1
201604SA16358,2,9,0,18,0,8,0,0,0,0,3,1,2,2,49,8,1796,1,5,7,3,7
201604SA16358,3,9,0,18,0,8,0,0,0,0,1,1,6,2,65,9,1998,1,9,4,1,4
201604SA16359,1,9,0,18,0,1,0,0,0,0,1,1,3,1,32,6,1364,1,12,2,1,2
201604SA16360,1,9,0,1,0,0,0,0,0,0,2,1,6,2,32,6,1360,1,13,3,1,3
201604SA16361,1,9,0,18,0,0,0,0,0,2,3,1,6,1,46,8,1388,1,13,5,1,5
201604SA16362,1,9,0,18,0,1,0,0,0,0,1,1,6,1,54,8,1149,1,-1,-1,-1,-1
201604SA16362,2,9,0,4,0,1,0,0,0,0,2,1,2,2,58,9,1598,1,5,2,1,2
201604SA16363,1,9,0,17,0,2,5,0,1,4,1,1,6,1,32,6,1124,1,19,10,1,10
201604SA16363,2,8,0,2,0,1,0,0,0,0,3,1,1,1,44,7,1794,1,14,2,1,2
201604SA16364,1,9,0,9,0,8,0,0,0,0,1,1,6,2,36,7,1461,2,4,6,1,6
201604SA16364,2,9,0,9,0,1,0,0,0,0,1,1,2,1,45,7,2000,1,16,8,1,8
201604SA16365,1,3,0,5,0,3,0,0,0,0,0,1,6,1,45,7,124,1,1,3,1,3
201604SA16365,2,9,0,18,0,1,0,0,0,0,0,1,6,1,46,8,1796,1,9,3,1,3
201604SA16366,1,90,0,5,0,6,0,0,0,0,1,1,6,1,35,6,-1,-1,-1,7,2,7
201604SA16366,2,90,0,18,9,1,0,0,0,0,3,1,6,1,85,11,-1,-1,-1,9,1,9
201604SA16367,1,9,0,18,0,4,0,0,0,0,1,1,6,2,29,6,1124,1,9,3,1,3
201604SA16367,2,5,0,18,0,4,5,0,0,0,1,1,6,1,47,8,955,1,14,10,1,10
201604SA16368,1,9,0,16,0,1,0,0,0,0,4,1,6,1,75,10,1339,1,10,9,1,9
201604SA16368,2,1,0,17,0,1,0,0,0,0,4,1,6,1,59,9,-1,-1,-1,2,1,2
201604SA16369,1,9,0,18,0,0,0,0,0,0,1,1,2,1,28,6,1596,1,15,7,1,7
201604SA16369,2,21,1,18,0,0,0,0,0,0,2,1,1,1,45,7,12902,2,2,9,1,9
201604SA16370,1,9,0,9,0,6,0,0,0,0,1,1,6,2,23,5,1364,1,11,7,1,7
201604SA16370,2,9,0,18,0,1,0,0,0,0,1,1,6,2,34,6,1390,1,5,8,1,8
201604SA16371,1,20,0,4,0,8,0,0,0,0,2,1,1,1,53,8,4500,2,9,-1,-1,-1
201604SA16371,2,9,0,3,0,8,0,0,0,0,2,1,2,1,45,7,1339,1,10,4,1,4
201604SA16371,3,9,0,3,0,8,0,0,0,0,2,1,2,1,46,8,1951,2,15,2,1,2
201604SA16372,1,9,0,18,0,0,0,0,1,10,1,1,6,1,32,6,1149,1,10,10,2,10
201604SA16372,2,9,0,4,0,0,0,0,1,10,2,1,6,1,45,7,1598,1,13,3,1,3
201604SA16372,3,9,0,9,0,0,0,0,0,0,2,1,6,1,22,5,1598,2,3,6,3,6
201604SA16373,1,9,0,18,0,0,0,0,0,0,1,1,6,1,22,5,1242,1,20,7,1,7
201604SA16373,2,9,0,4,0,0,0,0,0,0,2,1,6,1,43,7,1596,1,4,6,3,6
201604SA16373,3,9,0,4,0,0,0,0,0,0,2,1,6,2,58,9,998,1,10,1,1,1
201604SA16374,1,90,0,7,0,1,0,0,0,0,2,1,2,1,37,7,-1,-1,-1,7,2,7
201604SA16374,2,1,0,18,0,1,0,0,0,0,1,1,6,1,45,7,-1,-1,-1,-1,-1,-1
201604SA16375,1,5,0,18,0,0,1,0,7,0,1,1,6,1,43,7,748,1,2,2,1,2
201604SA16375,2,9,0,6,0,0,0,0,0,0,3,1,1,1,74,10,2720,2,10,5,1,5
201604SA16376,1,9,0,18,0,8,0,0,0,0,1,1,6,2,35,6,2400,1,18,7,1,7
201604SA16376,2,5,0,18,0,8,5,0,0,0,4,1,6,1,48,8,748,1,12,8,2,8
201604SA16377,1,9,0,16,0,0,0,10,7,0,3,1,6,1,54,8,1753,2,15,-1,-1,-1
201604SA16378,1,9,0,17,0,8,1,0,1,4,1,1,2,1,20,4,1229,1,7,2,1,2
201604SA16379,1,9,0,18,0,8,0,0,0,0,1,1,6,1,20,4,1248,1,6,8,1,8
201604SA16379,2,9,0,18,0,8,0,0,5,6,2,1,6,2,24,5,3200,2,12,8,3,8
201604SA16380,1,5,3,18,0,0,5,0,0,0,0,1,6,1,27,6,1052,1,18,2,1,2
201604SA16381,1,9,0,5,0,4,0,0,0,0,1,1,6,2,23,5,2400,2,8,9,2,9
201604SA16381,2,9,0,11,0,8,0,0,0,0,1,1,1,1,51,8,1968,2,12,-1,-1,-1
201604SA16382,1,9,0,9,0,5,0,0,0,0,1,1,6,1,58,9,1598,1,10,1,1,1
201604SA16382,2,1,0,18,0,8,0,0,0,0,3,1,2,1,51,8,-1,-1,-1,2,1,2
201604SA16383,1,9,0,4,0,1,1,0,0,0,4,1,6,1,70,10,2199,2,6,-1,-1,-1
201604SA16383,2,9,0,7,0,1,1,0,0,0,1,1,6,3,-1,-1,1968,2,11,-1,-1,-1
201604SA16384,1,9,0,18,0,0,1,0,0,0,1,1,6,2,37,7,2231,2,10,7,1,7
201604SA16384,2,9,0,18,0,0,1,0,0,0,2,1,6,1,28,6,-1,-1,-1,5,1,5
201604SA16384,3,9,0,18,0,0,1,0,0,0,2,1,6,1,67,10,1798,1,1,9,3,9
201604SA16384,4,9,0,18,0,0,0,0,0,0,2,1,6,1,28,6,1596,1,6,3,1,3
201604SA16386,1,9,0,18,0,0,0,0,0,0,1,1,6,1,26,6,1995,2,9,8,3,8
201604SA16387,1,9,0,16,0,0,0,0,0,0,1,1,6,2,54,8,1598,2,4,10,1,10
201604SA16387,2,9,0,17,0,0,0,0,1,3,1,1,6,2,24,5,1360,1,6,8,1,8
201604SA16388,1,21,0,4,0,1,0,0,0,0,1,1,1,1,39,7,6370,2,4,5,1,5
201604SA16388,2,9,0,3,0,1,0,0,0,0,2,1,6,1,47,8,1995,2,3,1,1,1
201604SA16389,1,9,0,18,0,2,1,0,0,0,1,2,2,1,27,6,1299,1,14,2,1,2
201604SA16390,1,1,0,18,0,6,0,0,0,0,1,1,6,1,13,3,-1,-1,-1,2,1,2
201604SA16390,2,9,0,18,0,2,0,0,0,0,3,1,6,2,25,5,1598,1,3,3,1,3
201604SA16391,1,1,0,5,0,2,0,0,0,0,2,1,1,2,20,4,-1,-1,-1,8,1,8
201604SA16391,2,9,0,5,0,3,0,0,0,0,2,1,2,2,27,6,1956,2,4,2,1,2
201604SA16392,1,90,0,12,0,0,0,0,0,0,3,1,6,3,-1,-1,-1,-1,-1,-1,-1,-1
201604SA16392,2,9,0,18,0,0,1,0,5,0,3,1,6,2,26,6,1339,1,13,6,2,6
201604SA16392,3,9,0,18,0,0,2,0,1,4,1,1,6,1,33,6,2967,2,2,3,1,3
201604SA16392,4,9,0,18,0,0,1,0,1,4,1,1,6,1,57,9,4164,2,14,3,1,3
201604SA16393,1,19,0,18,0,0,1,0,0,0,1,1,1,1,35,6,1560,2,4,4,1,4
201604SA16393,2,9,0,3,0,0,0,0,0,0,2,1,6,2,49,8,998,1,14,10,1,10
201604SA16393,3,9,0,3,0,0,0,0,0,0,2,1,6,1,71,10,1329,1,5,6,1,6
201604SA16394,1,9,0,18,0,1,0,4,0,0,1,1,2,1,38,7,1995,2,10,9,1,9
201604SA16394,2,10,0,2,0,1,0,0,0,0,2,1,6,3,-1,-1,-1,-1,-1,-1,-1,-1
201604SA16394,3,9,0,2,0,1,0,0,0,0,2,1,6,3,-1,-1,1968,2,11,-1,-1,-1
201604SA16395,1,9,0,7,0,5,0,0,0,0,1,1,6,3,-1,-1,1968,2,2,-1,-1,-1
201604SA16395,2,1,0,18,0,1,0,0,0,0,1,1,6,1,43,7,-1,-1,-1,9,3,9
201604SA16396,1,1,0,16,0,0,1,0,0,0,1,1,6,2,57,9,-1,-1,-1,5,1,5
201604SA16396,2,9,0,17,0,0,0,0,0,0,3,1,6,2,65,9,2179,2,6,6,3,6
201604SA16397,1,20,0,18,0,0,0,0,0,0,1,1,1,1,28,6,-1,-1,-1,2,1,2
201604SA16397,2,20,0,18,0,0,0,0,0,0,2,1,1,1,46,8,-1,-1,-1,1,1,1
201604SA16398,1,9,0,9,0,8,0,0,0,0,3,1,6,3,-1,-1,-1,-1,-1,-1,-1,-1
201604SA16398,2,1,0,18,0,1,5,0,0,0,1,1,6,1,47,8,-1,-1,-1,-1,-1,-1
201604SA16399,1,9,0,14,0,1,0,0,0,0,0,1,1,1,28,6,1997,2,2,9,1,9
201604SA16400,1,9,0,4,0,1,0,0,0,0,2,1,6,1,30,6,1994,2,12,5,1,5
201604SA16400,2,90,0,3,0,1,0,0,0,0,2,1,1,1,52,8,-1,-1,-1,10,3,10
201604SA16400,3,9,0,4,0,1,0,0,0,0,1,1,6,1,18,4,1560,2,7,-1,-1,-1
201604SA16401,1,9,0,3,0,1,0,0,0,0,1,1,6,2,29,6,1229,1,11,-1,-1,-1
201604SA16401,2,9,0,5,0,5,0,0,0,0,1,1,6,1,21,5,1968,2,5,-1,-1,-1
201604SA16402,1,9,0,18,0,0,0,0,0,0,1,1,2,2,43,7,1598,2,5,8,3,8
201604SA16402,2,9,0,18,0,0,0,0,0,0,1,1,2,1,45,7,1685,2,3,7,1,7
201604SA16403,1,9,0,6,0,0,0,0,0,0,4,1,3,2,31,6,998,1,6,4,1,4
201604SA16403,2,3,0,18,0,0,1,0,0,0,1,1,6,1,17,4,124,1,5,4,1,4
201604SA16404,1,3,0,18,0,2,1,0,0,0,4,1,6,2,25,5,125,1,-1,5,1,5
201604SA16405,1,1,0,18,0,6,0,0,0,0,3,1,6,1,42,7,-1,-1,-1,5,1,5
201604SA16405,2,11,0,18,0,1,0,0,0,0,1,1,1,1,57,9,4760,2,3,1,1,1
201604SA16405,3,9,0,18,0,1,0,0,0,0,0,1,6,2,20,4,1149,1,2,2,1,2
201604SA16406,1,9,0,12,0,0,0,0,0,0,1,1,6,2,19,4,1242,1,12,1,1,1
201604SA16406,2,9,0,18,0,0,0,0,0,0,1,1,1,3,48,8,2995,8,1,9,3,9
201604SA16406,3,21,1,18,0,0,0,0,0,0,3,1,1,1,46,8,12809,2,3,3,3,3
201604SA16407,1,9,0,18,0,8,0,0,0,0,1,1,6,2,54,8,998,1,1,10,1,10
201604SA16407,2,9,0,5,0,8,0,0,0,0,1,1,6,2,28,6,1248,1,4,5,1,5
201604SA16408,1,9,0,6,0,2,0,0,0,0,3,1,6,1,42,7,1995,2,13,8,1,8
201604SA16408,2,9,0,18,0,2,0,0,0,0,1,1,6,1,34,6,1998,2,9,7,3,7
201604SA16409,1,8,0,4,0,0,0,0,0,0,1,1,1,1,54,8,1896,2,10,3,1,3
201604SA16409,2,9,0,4,0,0,0,0,0,0,2,1,6,1,69,10,2987,2,2,10,1,10
201604SA16410,1,9,0,18,0,0,0,0,0,0,1,1,6,1,17,4,1198,1,11,8,1,8
201604SA16410,2,9,0,4,0,0,0,0,0,0,0,1,6,2,46,8,1560,2,6,4,1,4
201604SA16410,3,9,0,12,0,0,0,0,0,0,2,1,6,1,27,6,998,1,10,9,1,9
201604SA16411,1,9,0,5,0,0,0,0,0,0,1,1,3,2,42,7,1598,1,10,4,1,4
201604SA16411,2,1,0,18,0,0,0,0,0,0,1,1,1,1,31,6,-1,-1,-1,6,2,6
201604SA16412,1,90,0,5,0,1,0,0,0,0,1,1,6,3,-1,-1,-1,-1,-1,-1,-1,-1
201604SA16412,2,1,0,3,0,1,0,0,0,0,3,1,2,1,26,6,-1,-1,-1,3,3,3
201604SA16413,1,1,0,18,0,1,0,0,0,0,4,1,2,1,16,4,-1,-1,-1,1,1,1
201604SA16413,2,9,0,5,0,6,0,0,0,0,4,1,2,2,49,8,-1,-1,-1,9,1,9
201604SA16414,1,9,0,18,0,1,0,0,0,0,1,1,6,2,51,8,1461,2,7,10,1,10
201604SA16414,2,9,0,3,0,1,0,0,0,0,2,1,3,2,29,6,-1,-1,-1,-1,-1,-1
201604SA16414,3,9,0,3,0,1,0,0,0,0,2,1,2,2,36,7,1242,1,4,8,1,8
201604SA16415,1,1,0,18,0,1,5,0,1,0,1,1,6,2,7,2,-1,-1,-1,2,1,2
201604SA16415,2,9,0,7,0,8,0,0,0,0,4,1,6,2,44,7,1560,2,3,5,1,5
201604SA16416,1,9,0,3,0,0,0,0,0,0,4,1,6,1,58,9,1339,1,1,-1,-1,-1
201604SA16418,1,9,0,9,0,8,0,0,0,0,1,1,6,1,32,6,1598,1,13,2,1,2
201604SA16418,2,9,0,18,0,8,0,0,0,0,1,1,6,1,76,11,1587,1,16,5,1,5
201604SA16418,3,9,0,3,0,2,0,0,0,0,0,1,6,1,40,7,-1,3,2,1,1,1
201604SA16418,4,21,0,4,0,2,0,0,0,0,0,1,1,1,33,6,12740,2,1,2,1,2
201604SA16419,1,9,0,18,0,2,0,0,0,0,4,1,2,2,27,6,998,1,10,2,1,2
201604SA16420,1,21,1,11,0,0,0,0,0,0,4,1,1,1,60,9,12419,2,1,-1,1,-1
201604SA16420,2,9,0,15,0,0,2,0,0,0,3,1,6,2,21,5,1596,1,2,1,1,1
201604SA16421,1,1,0,18,0,0,0,0,0,0,1,1,6,2,9,2,-1,-1,-1,1,1,1
201604SA16421,2,9,0,16,0,0,0,0,0,0,1,2,6,2,25,5,-1,-1,-1,1,1,1
201604SA16422,1,9,0,7,0,5,0,0,0,0,4,1,6,3,-1,-1,-1,-1,-1,-1,-1,-1
201604SA16422,2,1,0,18,0,1,0,0,0,0,3,1,6,1,14,3,-1,-1,-1,1,1,1
201604SA16423,1,9,0,9,0,6,0,0,0,0,1,1,1,1,19,4,973,1,14,2,1,2
201604SA16423,2,9,0,18,0,8,0,0,0,0,4,1,6,2,76,11,1360,1,8,9,1,9
201604SA16424,1,19,0,11,0,1,0,0,0,0,2,1,1,1,66,10,-1,-1,-1,4,1,4
201604SA16424,2,9,0,18,0,1,0,0,0,0,1,1,6,2,54,8,1998,1,12,9,3,9
201604SA16425,1,9,0,18,0,0,0,0,1,0,1,1,6,2,24,5,1991,1,1,9,2,9
201604SA16425,2,9,0,5,0,0,0,0,0,0,2,1,6,1,24,5,1598,1,11,1,1,1