Accident_Index,Vehicle_Reference,Vehicle_Type,Towing_and_Articulation,Vehicle_Manoeuvre,Vehicle_Location-Restricted_Lane,Junction_Location,Skidding_and_Overturning,Hit_Object_in_Carriageway,Vehicle_Leaving_Carriageway,Hit_Object_off_Carriageway,1st_Point_of_Impact,Was_Vehicle_Left_Hand_Drive?,Journey_Purpose_of_Driver,Sex_of_Driver,Age_of_Driver,Age_Band_of_Driver,Engine_Capacity_(CC),Propulsion_Code,Age_of_Vehicle,Driver_IMD_Decile,Driver_Home_Area_Type,Vehicle_IMD_Decile
201604SC16097,4,9,0,18,0,0,0,0,0,0,2,1,6,1,26,6,-1,-1,-1,-1,-1,-1
201604SC16098,1,9,0,18,0,0,2,0,1,10,1,1,6,1,22,5,1390,1,13,1,1,1
201604SC16099,1,9,0,18,0,4,0,0,0,0,2,1,2,2,51,8,1396,1,6,6,1,6
201604SC16099,2,9,0,18,0,4,0,0,0,0,1,1,3,2,36,7,1995,2,3,10,1,10
201604SC16100,1,9,0,9,0,1,0,0,0,0,1,1,6,1,36,7,-1,-1,-1,3,1,3
201604SC16100,2,9,0,18,0,8,0,0,0,0,1,1,6,1,31,6,1995,2,4,4,1,4
201604SC16100,3,9,0,8,0,2,0,0,0,0,1,1,6,1,26,6,1995,2,3,7,1,7
201604SC16101,1,9,0,4,0,0,0,0,0,0,1,1,2,1,20,4,1390,1,13,8,1,8
201604SC16101,2,9,0,4,0,0,0,0,0,0,2,1,2,1,63,9,1598,2,3,9,1,9
201604SC16101,3,9,0,4,0,0,0,0,0,0,2,1,2,1,28,6,1995,2,-1,-1,3,-1
201604SC16102,1,9,0,7,0,5,0,0,0,0,4,1,6,2,22,5,998,1,17,4,1,4
201604SC16102,2,1,0,18,0,8,0,0,0,0,3,1,6,1,68,10,-1,-1,-1,8,1,8
201604SC16103,1,9,0,1,0,0,0,0,0,0,2,1,6,1,18,4,1149,1,10,5,1,5
201604SC16103,2,9,0,18,0,0,0,0,0,0,3,1,6,1,20,4,1900,2,10,1,1,1
201604SC16104,1,9,0,9,0,0,0,0,0,0,1,1,6,2,20,4,1248,2,8,-1,-1,-1
201604SC16104,2,9,0,18,0,0,0,0,0,0,1,1,2,1,64,9,1598,1,9,9,2,9
201604SC16105,1,9,0,18,0,1,0,0,0,0,1,1,2,2,31,6,1242,1,12,8,1,8
201604SC16106,1,90,0,9,0,6,0,0,0,0,1,1,1,1,57,9,-1,-1,-1,5,1,5
201604SC16106,2,5,0,18,0,1,2,0,0,0,1,1,2,1,24,5,656,1,11,5,1,5
201604SC16107,1,9,0,18,0,8,0,0,0,0,3,1,6,2,68,10,1582,2,8,8,1,8
201604SC16107,2,3,0,18,0,8,0,0,0,0,4,1,2,1,54,8,98,1,26,2,1,2
201604SC16108,1,9,0,18,0,8,0,0,0,0,1,1,6,2,59,9,1984,1,7,9,2,9
201604SC16108,2,9,0,9,0,8,0,0,0,0,4,1,1,2,43,7,1198,1,11,-1,-1,-1
201604SC16109,1,9,0,18,0,0,0,0,1,4,1,1,6,2,22,5,1242,1,10,6,1,6
201604SC16110,1,9,0,9,0,6,0,0,0,0,1,1,6,1,23,5,1390,1,3,6,1,6
201604SC16111,1,8,0,18,0,0,0,0,0,0,1,1,6,1,33,6,1560,2,6,7,1,7
201604SC16112,1,9,0,18,0,0,1,0,2,10,1,1,2,1,51,8,998,1,19,1,1,1
201604SC16113,1,3,0,18,0,0,1,0,0,0,0,1,6,1,69,10,124,1,3,2,1,2
201604SC16114,1,9,0,7,0,0,0,0,0,0,1,1,2,2,24,5,1149,1,14,4,1,4
201604SC16114,2,19,0,18,0,0,0,0,0,0,1,1,6,1,46,8,2143,2,5,7,1,7
201604SC16115,1,9,0,14,0,0,0,0,0,0,1,1,6,1,46,8,1686,2,11,10,1,10
201604SC16116,1,9,0,18,0,1,0,0,0,0,1,1,6,2,27,6,1248,2,6,7,2,7
201604SC16117,1,9,0,18,0,0,0,0,0,0,1,1,6,2,56,9,-1,-1,-1,10,3,10
201604SC16117,2,9,0,3,0,0,0,0,0,0,2,1,6,1,62,9,1598,1,12,5,2,5
201604SC16117,3,9,0,3,0,0,0,0,0,0,2,1,6,2,49,8,1242,1,-1,2,1,2
201604SC16117,4,9,0,10,0,0,0,0,0,0,2,1,6,1,73,10,2993,2,5,10,3,10
201604SC16118,1,1,0,18,0,8,0,0,0,0,1,1,4,1,13,3,-1,-1,-1,5,1,5
201604SC16118,2,9,0,18,0,8,0,0,0,0,3,1,6,1,57,9,1364,1,1,1,1,1
201604SC16119,1,11,0,17,0,0,0,0,1,1,1,1,1,1,73,10,5900,2,12,7,2,7
201604SC16120,1,1,0,18,0,0,0,0,0,0,3,1,6,2,16,4,-1,-1,-1,3,1,3
201604SC16120,2,9,0,18,0,0,0,0,0,0,1,1,2,1,52,8,1994,2,8,1,1,1
201604SC16121,1,3,0,18,0,8,0,0,0,0,1,1,6,1,24,5,125,1,15,1,1,1
201604SC16121,2,9,0,17,0,8,0,0,0,0,3,1,6,2,52,8,1598,1,14,4,1,4
201604SC16122,1,9,0,16,9,0,0,0,7,2,1,1,6,2,73,10,1240,1,7,8,2,8
201604SC16123,1,9,0,18,0,0,0,0,1,10,1,1,6,2,45,7,1396,1,13,2,1,2
201604SC16124,1,9,0,18,0,0,5,0,1,0,1,1,6,2,19,4,998,1,9,4,2,4
201604SC16125,1,9,0,4,0,1,0,0,0,0,1,1,6,1,21,5,1197,1,2,4,1,4
201604SC16125,2,9,0,3,0,1,0,0,0,0,2,1,6,2,50,8,1560,2,6,10,1,10
201604SC16126,1,9,0,18,0,0,1,0,0,0,2,1,6,1,67,10,2179,2,4,10,2,10
201604SC16126,2,9,0,18,0,0,0,0,0,0,1,1,6,1,45,7,1685,2,2,5,1,5
201604SC16127,1,9,0,9,0,5,0,0,0,0,1,1,2,2,46,8,2199,2,-1,3,2,3
201604SC16127,2,9,0,18,0,1,0,0,0,0,1,1,2,2,34,6,1397,1,8,10,1,10
201604SC16128,1,9,0,11,0,3,0,0,0,0,2,1,6,1,70,10,1997,2,-1,10,1,10
201604SC16128,2,3,0,18,0,3,0,0,0,0,1,1,1,1,52,8,124,1,4,1,1,1
201604SC16129,1,9,0,4,0,1,0,0,0,0,2,1,2,1,24,5,998,1,1,2,1,2
201604SC16129,2,9,0,4,0,1,0,0,0,0,0,1,2,2,49,8,1000,1,3,6,1,6
201604SC16129,3,9,0,18,0,1,0,0,0,0,2,1,2,1,40,7,1560,2,10,10,1,10
201604SC16130,1,9,0,17,0,0,0,0,0,0,3,1,6,1,20,4,1560,2,5,5,3,5
201604SC16130,2,9,0,16,0,0,0,0,0,0,2,1,6,2,31,6,1584,1,13,7,1,7
201604SC16131,1,9,0,16,0,0,0,0,0,0,1,1,2,1,42,7,1596,1,12,2,1,2
201604SC16131,2,9,0,17,0,0,0,0,0,0,1,1,2,2,45,7,1870,2,13,5,1,5
201604SC16132,1,9,0,18,0,4,0,0,0,0,1,1,6,1,60,9,2987,2,9,8,1,8
201604SC16132,2,9,0,9,0,3,0,0,0,0,4,1,6,2,19,4,1398,1,-1,8,1,8
201604SC16133,1,5,0,18,0,3,0,0,0,0,4,1,6,1,61,9,-1,-1,-1,7,1,7
201604SC16134,1,9,0,18,0,0,2,0,1,7,1,1,6,2,27,6,1240,1,11,5,1,5
201604SC16134,2,9,0,18,0,0,0,0,0,0,2,1,6,2,52,8,1242,1,12,1,1,1
201604SC16135,1,9,0,9,0,4,0,0,0,0,3,1,6,2,65,9,1582,2,6,1,1,1
201604SC16135,2,9,0,18,0,4,0,0,0,0,1,1,2,1,26,6,1896,2,15,2,1,2
201604SC16136,1,9,0,4,0,0,0,0,0,0,1,1,2,1,17,4,1242,1,9,10,1,10
201604SC16137,1,9,0,9,0,5,0,0,0,0,1,1,6,1,40,7,1956,2,1,5,1,5
201604SC16137,2,3,0,18,0,1,1,0,0,0,1,1,6,1,18,4,124,1,13,5,1,5
201604SC16138,1,9,0,4,6,0,0,0,0,0,1,1,1,1,49,8,1398,2,7,8,1,8
201604SC16139,1,9,0,18,0,0,0,0,0,0,1,1,6,1,50,8,1560,2,3,1,1,1
201604SC16140,1,9,0,4,0,1,0,0,0,0,1,1,6,1,30,6,1994,2,13,3,1,3
201604SC16140,2,9,0,4,0,1,0,0,0,0,2,1,1,1,49,8,2982,2,18,8,1,8
201604SC16140,3,9,0,4,0,1,0,0,0,0,2,1,6,1,46,8,1587,1,10,3,2,3
201604SC16141,1,9,0,18,0,0,0,0,0,0,1,1,6,2,86,11,1596,1,2,5,1,5
201604SC16141,2,9,0,2,0,0,0,0,0,0,2,1,6,1,29,6,1149,1,8,9,1,9
201604SC16142,1,9,0,4,0,0,0,0,0,0,2,1,6,2,26,6,1229,1,7,3,1,3
201604SC16142,2,9,0,18,0,0,0,4,0,0,1,1,6,2,29,6,1598,1,13,-1,-1,-1
201604SC16143,1,9,5,10,0,0,0,0,0,0,1,1,6,3,-1,-1,-1,-1,-1,-1,-1,-1
201604SC16143,2,9,0,10,0,0,0,0,0,0,2,1,6,2,21,5,1398,2,6,3,1,3
201604SC16144,1,9,0,3,0,0,0,0,0,0,2,1,6,2,40,7,1896,2,11,-1,-1,-1
201604SC16144,2,9,0,4,0,0,1,0,0,0,1,1,6,1,18,4,1149,1,10,10,2,10
201604SC16145,1,9,0,16,0,0,1,0,7,4,4,1,6,1,19,4,1229,1,8,4,1,4
201604SC16146,1,3,0,13,0,1,0,0,0,0,4,1,6,1,18,4,-1,-1,-1,8,3,8
201604SC16146,2,9,0,9,0,5,0,0,0,0,3,1,6,2,44,7,1396,1,3,8,1,8
201604SC16147,1,9,0,17,0,1,0,0,1,1,1,1,6,1,58,9,1586,1,2,2,1,2
201604SC16148,1,5,0,16,0,0,5,0,0,0,0,1,6,1,29,6,599,1,10,6,1,6
201604SC16148,2,9,0,18,0,0,0,0,0,0,3,1,6,1,71,10,2148,2,13,9,1,9
201604SC16149,1,9,0,5,0,2,0,0,0,0,1,1,6,1,37,7,1397,1,8,1,1,1
201604SC16149,2,9,0,18,0,8,0,0,0,0,3,1,6,2,47,8,1398,1,2,2,1,2
201604SC16150,1,9,0,17,0,0,2,0,1,2,3,1,6,1,20,4,1461,2,14,6,1,6
201604SC16151,1,9,0,13,0,0,0,0,7,2,1,1,6,2,57,9,1968,2,1,10,2,10
201604SC16152,1,9,0,17,0,0,0,0,1,4,1,1,6,1,31,6,1796,1,4,5,1,5
201604SC16153,1,9,0,18,0,6,0,0,0,0,1,1,3,2,29,6,973,1,15,4,1,4
201604SC16153,2,9,0,4,0,8,0,0,0,0,1,1,2,1,30,6,1499,2,1,5,1,5
201604SC16154,1,9,0,9,0,5,0,0,0,0,0,1,6,2,78,11,1198,1,6,10,2,10
201604SC16154,2,5,0,18,0,1,0,0,1,4,1,1,6,1,54,8,1000,1,9,3,1,3
201604SC16155,1,9,0,7,0,6,0,0,0,0,1,1,6,1,32,6,1997,2,9,8,1,8
201604SC16155,2,9,0,18,0,1,0,0,0,0,3,1,6,2,47,8,1997,2,-1,9,1,9
201604SC16156,1,9,0,18,0,0,0,0,1,7,1,1,6,1,19,4,1149,1,12,2,1,2
201604SC16157,1,9,0,18,0,0,0,0,0,0,1,1,6,1,80,11,1596,1,6,5,1,5
201604SC16157,2,21,1,18,0,0,0,0,0,0,2,1,1,1,61,9,10837,2,3,7,2,7
201604SC16158,1,11,0,18,0,1,0,0,0,0,1,1,6,1,31,6,3900,2,10,1,1,1
201604SC16158,2,9,0,10,0,1,0,0,0,0,2,1,6,2,38,7,1499,1,1,10,3,10
201604SC16159,1,9,0,9,0,8,0,0,3,10,1,1,6,1,81,11,2967,1,12,9,1,9
201604SC16159,2,9,0,18,0,1,0,0,7,10,1,1,6,1,48,8,1870,2,10,8,1,8
201604SC16160,1,5,0,9,0,2,0,0,0,0,0,1,6,1,65,9,1050,1,3,5,1,5
201604SC16161,1,21,0,9,0,8,0,0,0,0,1,1,1,1,35,6,11946,2,10,4,2,4
201604SC16161,2,5,0,18,0,8,2,0,0,0,1,1,6,1,22,5,689,1,-1,10,1,10
201604SC16162,1,9,0,9,0,1,0,0,3,10,4,1,6,2,46,8,1997,2,11,7,2,7
201604SC16162,2,9,0,18,0,1,0,0,1,10,1,1,6,1,61,9,1870,2,11,8,2,8
201604SC16163,1,9,0,7,0,3,0,0,0,0,1,1,6,3,-1,-1,-1,-1,-1,-1,-1,-1
201604SC16163,2,3,0,7,0,3,0,0,0,0,2,1,6,2,24,5,125,1,1,5,1,5
201604SC16164,1,9,0,9,0,6,0,0,0,0,3,1,6,2,40,7,1598,1,2,8,1,8
201604SC16164,2,5,5,18,0,1,2,0,0,0,1,1,6,1,23,5,996,1,17,6,1,6
201604SC16164,3,9,0,10,0,1,0,0,0,0,1,1,6,2,33,6,1461,2,6,10,1,10
201604SC16165,1,9,0,16,0,1,0,0,7,10,1,1,6,1,52,8,1389,1,15,1,1,1
201604SC16166,1,90,0,14,0,1,0,0,0,0,1,1,2,1,30,6,-1,-1,-1,9,1,9
201604SC16166,2,10,0,7,0,3,1,0,0,0,0,1,1,1,55,8,-1,-1,-1,9,1,9
201604SC16166,3,9,0,3,0,1,0,0,0,0,3,1,2,2,42,7,1997,2,4,5,1,5
201604SC16167,1,9,0,17,0,0,0,0,1,4,1,1,6,1,26,6,1399,1,6,5,1,5
201604SC16168,1,2,0,18,0,1,0,0,0,0,1,1,2,1,16,4,50,1,1,7,1,7
201604SC16168,2,9,0,18,0,1,0,0,0,0,2,1,2,1,53,8,-1,-1,-1,8,1,8
201604SC16169,1,9,0,5,0,0,0,0,1,1,1,1,1,2,46,8,1753,2,8,8,1,8
201604SC16169,2,21,0,18,0,0,0,0,0,0,4,1,1,1,49,8,-1,-1,-1,-1,-1,-1
201604SC16170,1,9,0,18,0,0,0,0,1,0,1,1,2,2,18,4,998,1,2,4,2,4
201604SC16170,2,19,0,18,0,0,0,0,0,0,1,1,1,1,21,5,2198,2,4,8,1,8
201604SC16171,1,9,0,7,0,5,0,0,0,0,4,2,2,1,18,4,1199,1,12,6,1,6
201604SC16171,2,1,0,18,0,2,0,0,0,0,1,1,2,1,22,5,-1,-1,-1,6,1,6
201604SC16172,1,9,0,18,0,1,1,0,0,0,1,1,2,1,31,6,1596,1,8,10,1,10
201604SC16172,2,9,0,10,0,1,1,0,0,0,0,1,2,2,21,5,1200,1,4,8,1,8
201604SC16172,3,9,0,18,0,1,0,0,0,0,1,1,2,2,53,8,998,1,1,9,1,9
201604SC16173,1,9,0,18,0,0,2,0,2,7,1,1,6,1,42,7,1242,1,4,1,1,1
201604SC16174,1,9,0,17,0,0,2,0,7,0,1,1,6,1,20,4,1124,1,12,5,1,5
201604SC16175,1,9,0,5,0,8,0,0,0,0,1,1,3,1,42,7,1968,2,8,4,2,4
201604SC16175,2,9,0,18,0,8,0,0,0,0,1,1,3,2,29,6,1388,1,11,7,2,7
201604SC16176,1,21,0,16,0,3,5,0,7,1,3,1,1,1,30,6,-1,-1,-1,3,1,3
201604SC16177,1,9,0,18,0,0,0,4,7,10,1,1,2,2,18,4,-1,-1,-1,3,1,3
201604SC16177,2,2,0,2,0,0,0,0,0,0,1,1,6,1,-1,-1,-1,-1,-1,-1,-1,-1
201604SC16178,1,90,0,12,0,0,1,0,0,0,2,1,6,1,69,10,2300,2,12,-1,-1,-1
201604SC16178,2,19,0,18,0,0,1,0,4,6,1,1,1,1,45,7,1968,2,1,1,1,1
201604SC16179,1,9,0,13,0,0,0,0,0,0,4,1,6,3,-1,-1,-1,-1,-1,-1,-1,-1
201604SC16179,2,1,0,18,0,0,0,0,0,0,3,1,6,2,53,8,-1,-1,-1,10,2,10
201604SC16180,1,9,0,18,0,0,0,0,0,0,1,1,2,1,31,6,1995,2,13,7,3,7
201604SC16181,1,9,0,16,0,0,0,10,4,6,1,1,6,1,28,6,1997,2,8,5,1,5
201604SC16182,1,19,0,6,0,2,0,0,0,0,3,1,1,1,54,8,1867,2,15,6,1,6
201604SC16182,2,5,0,18,0,2,0,0,0,0,1,1,6,1,55,8,929,1,15,5,1,5
201604SC16183,1,9,0,13,0,0,0,7,1,10,1,1,6,1,34,6,1895,1,15,3,1,3
201604SC16183,2,9,0,18,0,0,0,0,1,1,2,1,2,2,24,5,1206,1,6,4,1,4
201604SC16184,1,9,0,7,0,2,0,0,0,0,2,1,6,2,68,10,1998,2,8,3,1,3
201604SC16184,2,5,0,5,0,3,0,0,0,0,1,1,6,1,43,7,749,1,6,1,1,1
201604SC16185,1,9,0,18,0,0,0,0,0,0,1,1,6,1,24,5,1242,1,1,8,2,8
201604SC16185,2,9,0,4,0,0,0,0,0,0,2,2,6,2,25,5,1396,1,13,4,1,4
201604SC16186,1,90,0,18,5,1,1,0,0,0,1,1,1,1,47,8,-1,-1,-1,-1,-1,-1
201604SC16187,1,9,0,18,0,1,0,0,8,1,3,1,6,1,30,6,1198,1,5,1,1,1
201604SC16188,1,9,0,18,0,8,0,0,0,0,1,1,6,2,34,6,1997,2,11,-1,-1,-1
201604SC16188,2,9,0,9,0,8,0,0,0,0,1,1,6,2,22,5,1598,2,5,-1,-1,-1
201604SC16189,1,9,0,18,0,1,0,0,0,0,1,1,6,2,45,7,1598,1,5,4,1,4
201604SC16190,1,9,0,18,0,0,0,0,0,0,1,1,6,3,-1,-1,-1,-1,-1,-1,-1,-1
201604SC16190,2,1,0,18,0,0,0,0,0,0,2,1,6,1,17,4,-1,-1,-1,8,1,8
201604SC16191,1,9,0,18,0,1,0,0,0,0,1,1,6,1,63,9,1870,2,13,5,1,5
201604SC16191,2,1,0,5,0,1,0,0,0,0,4,1,6,1,8,2,-1,-1,-1,7,2,7
201604SC16192,1,9,0,4,0,4,0,4,0,0,1,1,2,2,39,7,1390,1,6,8,1,8
201604SC16192,2,9,0,3,0,4,0,0,0,0,2,1,2,2,45,7,1349,1,7,-1,-1,-1
201604SC16193,1,9,0,3,0,1,0,0,0,0,1,1,6,2,37,7,1586,1,9,2,1,2
201604SC16193,2,9,0,5,0,1,0,0,0,0,2,1,6,1,18,4,1598,1,8,4,1,4
201604SC16194,1,9,0,18,0,1,0,0,0,0,1,1,6,1,44,7,1896,2,15,3,2,3
201604SC16194,2,9,0,9,0,5,0,0,0,0,1,1,6,2,57,9,1386,1,9,4,1,4
201604SC16195,1,9,0,3,0,1,0,0,0,0,3,1,6,1,46,8,1968,2,4,8,1,8
201604SC16195,2,1,0,18,0,1,1,0,0,0,1,1,6,1,63,9,-1,-1,-1,2,1,2
201604SC16196,1,9,0,18,0,0,0,0,0,0,4,1,6,2,50,8,1991,2,6,5,1,5
201604SC16196,2,16,0,18,0,0,5,0,0,0,2,1,6,2,18,4,-1,-1,-1,4,1,4
201604SC16197,1,9,0,9,0,8,0,0,0,0,1,1,1,1,46,8,-1,-1,-1,9,3,9
201604SC16197,2,5,0,18,0,3,0,0,0,0,4,1,2,1,36,7,649,1,-1,1,1,1
201604SC16198,1,9,0,4,0,4,0,0,0,0,1,1,6,1,30,6,-1,-1,-1,7,1,7
201604SC16198,2,4,0,4,0,1,0,0,0,0,2,1,1,1,51,8,1450,1,16,-1,-1,-1
201604SC16199,1,9,0,18,0,0,2,0,0,0,1,1,2,1,22,5,-1,-1,-1,8,1,8
201604SC16199,2,9,3,18,0,0,0,0,0,0,3,1,6,1,71,10,1994,2,5,5,1,5
201604SC16199,3,9,0,18,0,0,0,0,0,0,1,1,2,1,52,8,1995,2,4,9,1,9
201604SC16200,1,20,1,5,0,2,0,0,0,0,3,1,1,1,61,9,-1,-1,-1,6,3,6
201604SC16201,1,21,0,18,0,0,5,0,2,7,4,1,1,1,41,7,3908,2,13,7,3,7
201604SC16202,1,5,0,16,0,0,1,0,0,0,1,1,6,1,49,8,-1,-1,-1,8,3,8
201604SC16202,2,9,0,17,0,0,0,0,0,0,1,1,6,2,47,8,1598,2,5,9,1,9
201604SC16203,1,9,0,18,0,0,1,0,0,0,1,1,2,1,42,7,1995,2,2,-1,-1,-1
201604SC16203,2,9,0,18,0,0,0,0,0,0,2,1,6,1,25,5,2143,2,2,2,1,2
201604SC16204,1,19,0,18,0,0,0,0,0,0,1,1,2,1,25,5,2198,2,2,4,1,4
201604SC16204,2,9,0,18,0,0,2,0,1,0,2,2,6,1,21,5,1229,1,1,5,1,5
201604SC16205,1,9,0,9,0,8,0,0,0,0,4,1,6,2,19,4,1390,1,14,6,1,6
201604SC16205,2,20,0,18,0,8,0,0,0,0,1,1,2,1,51,8,5193,2,3,4,1,4
201604SC16206,1,2,0,18,0,0,0,0,0,0,3,1,6,1,19,4,49,1,2,2,1,2
201604SC16207,1,9,0,9,0,8,0,0,0,0,3,1,6,2,20,4,1242,1,7,7,3,7
201604SC16207,2,9,0,16,0,8,0,0,0,0,1,1,6,2,48,8,1396,1,22,10,1,10
201604SC16208,1,9,0,15,0,0,0,0,0,0,1,1,1,1,54,8,1796,1,5,9,1,9
201604SC16208,2,1,0,18,0,0,0,0,0,0,2,1,6,1,20,4,-1,-1,-1,-1,-1,-1
201604SC16209,1,9,0,13,0,0,0,0,0,0,3,1,6,3,-1,-1,-1,-1,-1,-1,-1,-1
201604SC16209,2,9,0,18,0,0,0,0,1,0,3,1,6,2,51,8,1995,2,10,2,1,2
201604SC16210,1,9,0,18,0,0,0,0,0,0,1,1,6,1,30,6,1968,2,10,6,1,6
201604SC16211,1,9,0,18,0,0,0,0,0,0,2,1,6,1,20,4,-1,-1,-1,7,1,7
201604SC16211,2,9,0,18,0,0,0,0,0,0,2,1,6,2,67,10,2987,2,7,10,1,10
201604SC16212,1,9,0,18,0,8,1,0,0,0,3,1,1,1,25,5,1560,2,-1,2,1,2
201604SC16212,2,9,0,18,0,8,1,0,0,0,4,1,6,1,26,6,1229,1,-1,6,1,6
201604SC16213,1,9,0,18,0,8,0,0,0,0,1,1,6,3,-1,-1,1299,1,13,-1,-1,-1
201604SC16213,2,9,0,3,0,4,0,0,0,0,2,1,6,2,39,7,1896,2,12,8,1,8
201604SC16214,1,4,0,7,0,8,1,0,0,0,3,1,2,1,47,8,199,1,-1,9,2,9
201604SC16214,2,19,0,3,0,1,0,0,0,0,3,1,2,1,58,9,2198,2,5,8,1,8
201604SC16215,1,21,1,18,0,0,0,0,1,10,1,1,1,1,45,7,12902,2,1,-1,1,-1
201604SC16216,1,9,0,1,0,1,0,0,0,0,2,1,6,3,-1,-1,1397,1,15,-1,-1,-1
201604SC16216,2,4,0,2,0,1,0,0,0,0,1,1,6,1,23,5,-1,-1,-1,8,1,8
201604SC16216,3,5,0,2,0,1,0,0,0,0,1,1,6,3,-1,-1,598,1,20,-1,-1,-1
201604SC16217,1,9,0,18,0,8,0,0,0,0,3,1,6,1,58,9,1968,2,2,-1,2,-1
201604SC16218,1,9,0,18,0,0,0,7,0,2,1,1,1,1,28,6,1560,2,4,6,1,6
201604SC16219,1,9,0,3,0,1,0,0,0,0,2,1,6,1,56,9,1198,1,2,4,1,4
201604SC16219,2,9,0,3,0,1,0,0,0,0,2,1,6,2,54,8,1461,2,2,-1,-1,-1
201604SC16219,3,9,0,10,0,1,0,0,0,0,2,1,6,2,74,10,1240,1,12,6,2,6
201604SC16220,1,90,0,4,0,1,0,0,0,0,1,1,1,1,25,5,-1,-1,-1,3,1,3
201604SC16220,2,9,0,10,0,1,0,0,0,0,2,1,6,2,32,6,1598,1,8,4,2,4
201604SC16221,1,9,0,11,0,0,0,10,7,10,1,1,6,1,69,10,2179,2,9,8,2,8
201604SC16221,2,9,0,2,5,0,0,0,0,0,2,1,6,3,-1,-1,1998,2,10,-1,-1,-1
201604SC16222,1,9,0,7,0,2,5,10,0,0,3,1,6,1,32,6,998,1,7,4,1,4
201604SC16223,1,9,0,18,0,0,0,6,0,7,1,1,6,1,33,6,1362,1,3,9,1,9
201604SC16223,2,9,0,18,0,0,0,0,0,0,3,1,6,1,65,9,-1,-1,-1,10,3,10
201604SC16224,1,9,0,4,0,0,1,0,0,0,1,1,6,2,20,4,-1,-1,-1,-1,-1,-1
201604SC16224,2,9,0,3,0,0,0,0,0,0,2,1,6,2,20,4,998,1,1,6,1,6
201604SC16224,3,9,0,3,0,0,0,0,0,0,2,1,6,1,50,8,1596,1,2,-1,1,-1
201604SC16225,1,9,0,18,0,2,0,0,0,0,1,1,2,2,44,7,1598,1,14,1,1,1
201604SC16225,2,9,0,18,0,2,0,0,0,0,4,1,6,2,24,5,1769,1,10,10,3,10
201604SC16226,1,9,0,10,0,1,0,0,0,0,2,1,6,1,34,6,1753,2,15,3,1,3
201604SC16226,2,9,0,15,0,1,0,0,0,1,1,1,6,1,-1,-1,1390,1,4,-1,-1,-1
201604SC16227,1,9,0,18,0,0,1,0,0,0,1,1,6,1,42,7,1753,2,14,1,1,1
201604SC16227,2,9,0,4,0,0,0,0,0,0,2,1,6,1,56,9,3724,1,13,3,1,3
201604SC16228,1,19,0,11,0,0,0,0,0,0,0,1,6,1,47,8,2198,2,5,9,1,9
201604SC16228,2,9,0,18,0,0,1,0,1,4,3,1,2,1,28,6,1598,1,6,4,1,4
201604SC16228,3,19,0,18,0,0,0,0,0,0,0,1,1,1,57,9,2998,2,3,1,1,1
201604SC16228,4,9,0,18,0,0,0,0,0,0,0,1,6,1,-1,-1,1997,2,2,9,1,9
201604SC16229,1,9,0,18,0,0,2,0,7,10,1,1,2,1,19,4,996,1,6,9,1,9
201604SC16230,1,9,0,9,0,8,0,0,1,1,1,1,6,2,19,4,1229,1,9,2,1,2
201604SC16231,1,9,0,12,0,0,1,0,4,0,3,1,6,2,65,9,998,1,11,1,1,1
201604SC16231,2,21,1,18,0,0,0,0,0,0,4,1,1,1,29,6,12777,2,1,2,1,2
201604SC16232,1,9,0,17,0,0,1,0,1,4,1,1,1,1,52,8,-1,-1,-1,8,3,8
201604SC16233,1,9,0,11,0,1,0,0,0,0,3,1,1,2,-1,-1,1390,1,12,-1,-1,-1
201604SC16233,2,1,0,18,0,2,0,0,0,0,0,1,6,1,46,8,-1,-1,-1,8,2,8
201604SC16234,1,9,0,18,0,1,0,0,0,0,1,1,6,1,29,6,1968,2,9,4,1,4
201604SC16234,2,9,0,7,0,1,0,0,0,0,2,1,2,2,45,7,1396,1,25,2,1,2
201604SC16236,1,3,0,18,0,1,0,0,0,0,1,1,6,3,-1,-1,-1,-1,-1,-1,-1,-1
201604SC16237,1,9,0,5,0,8,0,0,0,0,3,1,6,2,22,5,1242,1,7,4,1,4
201604SC16237,2,3,0,18,0,1,0,0,0,0,1,1,6,1,18,4,124,1,26,2,1,2
201604SC16238,1,9,0,18,0,0,0,1,4,6,1,1,1,2,25,5,1349,1,5,3,1,3
201604SC16238,2,9,0,4,0,0,0,0,0,0,1,1,6,2,37,7,1910,2,10,3,1,3
201604SC16238,3,9,0,4,0,0,0,0,0,0,2,1,6,1,64,9,1197,1,1,6,1,6
201604SC16238,4,9,0,4,0,0,0,0,0,0,2,1,6,2,44,7,1910,2,8,5,1,5
201604SC16238,5,9,0,4,0,0,0,0,0,0,1,1,1,2,26,6,1242,1,3,2,1,2
201604SC16238,6,9,0,4,0,0,0,0,0,0,2,1,6,1,30,6,1199,2,5,2,1,2
201604SC16239,1,9,0,7,0,3,0,0,0,0,1,1,6,1,74,10,1986,1,24,5,1,5
201604SC16239,2,1,0,9,0,4,0,0,0,0,1,1,6,1,52,8,-1,-1,-1,-1,-1,-1
201604SC16240,1,9,0,5,0,1,0,0,0,0,1,1,6,2,27,6,1995,2,7,6,1,6
201604SC16240,2,9,0,5,0,1,0,0,0,0,2,1,1,2,65,9,999,1,2,-1,-1,-1
201604SC16241,1,9,0,18,0,0,0,0,0,0,1,1,6,1,19,4,1399,2,11,3,1,3
201604SC16241,2,9,0,18,0,0,0,0,0,0,1,1,6,2,48,8,1386,1,9,10,1,10
201604SC16242,1,3,0,18,0,8,1,0,0,0,1,1,6,1,22,5,125,1,9,-1,-1,-1
201604SC16242,2,9,0,9,0,8,0,0,0,0,3,1,6,1,59,9,1896,2,13,9,1,9