Accident_Index,Vehicle_Reference,Vehicle_Type,Towing_and_Articulation,Vehicle_Manoeuvre,Vehicle_Location-Restricted_Lane,Junction_Location,Skidding_and_Overturning,Hit_Object_in_Carriageway,Vehicle_Leaving_Carriageway,Hit_Object_off_Carriageway,1st_Point_of_Impact,Was_Vehicle_Left_Hand_Drive?,Journey_Purpose_of_Driver,Sex_of_Driver,Age_of_Driver,Age_Band_of_Driver,Engine_Capacity_(CC),Propulsion_Code,Age_of_Vehicle,Driver_IMD_Decile,Driver_Home_Area_Type,Vehicle_IMD_Decile
201604WA16043,1,9,0,9,0,8,0,0,0,0,1,1,6,2,52,8,1686,2,2,8,1,8
201604WA16043,2,5,0,18,0,1,0,0,0,0,1,1,2,1,43,7,1261,1,13,6,1,6
201604WA16044,1,9,0,4,0,1,1,0,0,0,1,2,2,1,42,7,1299,1,14,5,1,5
201604WA16044,2,9,0,4,0,1,0,0,0,0,2,1,1,1,39,7,1582,2,2,-1,-1,-1
201604WA16045,1,19,0,5,0,8,0,0,0,0,1,1,6,1,29,6,1998,2,11,7,3,7
201604WA16045,2,9,0,18,0,1,0,4,1,0,1,1,6,2,25,5,1984,1,4,1,1,1
201604WA16045,3,20,0,2,0,2,0,0,0,0,2,1,6,3,-1,-1,5880,2,12,-1,-1,-1
201604WA16046,1,9,0,9,0,1,0,0,0,0,3,1,6,2,46,8,1896,2,10,4,1,4
201604WA16046,2,9,0,18,0,1,0,0,0,0,1,1,6,1,46,8,875,1,2,-1,-1,-1
201604WA16047,1,9,0,9,0,8,0,0,0,0,1,1,6,2,19,4,1389,1,15,-1,-1,-1
201604WA16047,2,1,0,18,0,1,0,0,0,0,0,1,1,1,25,5,-1,-1,-1,-1,-1,-1
201604WA16048,1,1,0,5,0,0,0,0,0,0,4,1,6,1,28,6,-1,-1,-1,1,1,1
201604WA16048,2,9,0,16,0,0,0,0,1,0,4,1,6,2,46,8,1796,1,13,2,1,2
201604WA16049,1,9,0,3,0,1,0,0,0,0,2,1,6,2,25,5,1240,1,9,7,1,7
201604WA16049,2,9,0,3,0,1,0,0,0,0,2,1,6,1,27,6,1598,1,9,-1,-1,-1
201604WA16050,1,2,0,18,0,0,0,0,0,0,1,1,6,1,26,6,-1,-1,-1,2,1,2
201604WA16050,2,9,0,2,0,0,0,0,0,0,2,1,6,3,-1,-1,1910,2,9,-1,-1,-1
201604WA16051,1,9,0,5,0,3,0,0,0,0,1,1,1,1,63,9,1598,1,5,4,3,4
201604WA16051,2,1,0,18,0,8,5,0,0,0,4,1,1,1,51,8,-1,-1,-1,1,1,1
201604WA16052,1,9,0,13,0,0,1,0,5,6,4,1,6,1,29,6,1598,1,11,9,1,9
201604WA16052,2,9,0,18,0,0,1,0,0,0,3,1,6,2,71,10,1242,1,3,5,1,5
201604WA16053,1,9,0,13,0,0,0,0,7,0,1,1,6,1,48,8,1364,1,11,7,3,7
201604WA16054,1,9,0,18,0,8,0,0,0,0,1,1,6,1,26,6,1995,2,1,9,1,9
201604WA16054,2,9,0,18,0,8,0,0,0,0,4,1,6,1,40,7,1997,2,5,4,1,4
201604WA16055,1,9,0,18,0,0,1,0,1,4,1,1,6,1,46,8,1991,2,11,1,1,1
201604WA16056,1,9,0,9,0,8,0,0,0,0,4,1,6,1,19,4,1124,1,14,2,1,2
201604WA16056,2,9,0,18,0,8,0,0,0,0,1,1,6,1,64,9,1995,2,13,2,1,2
201604WA16057,1,3,0,13,0,8,2,0,7,0,4,1,6,1,27,6,124,1,12,1,1,1
201604WA16057,2,9,0,9,0,8,0,0,0,0,3,1,6,2,23,5,1595,1,9,4,1,4
201604WA16058,1,8,0,18,0,0,1,0,0,0,1,1,1,1,53,8,2664,2,18,4,1,4
201604WA16058,2,9,0,3,0,0,0,0,0,0,2,1,2,1,52,8,2204,2,10,8,1,8
201604WA16058,3,9,0,3,0,0,0,0,0,0,2,1,6,2,51,8,1998,2,9,6,1,6
201604WA16059,1,9,0,18,0,8,0,0,0,0,1,1,6,1,29,6,1360,1,12,6,1,6
201604WA16059,2,9,0,9,0,8,0,0,0,0,3,1,6,2,59,9,995,1,11,5,1,5
201604WA16060,1,8,0,9,0,1,0,0,0,0,3,1,1,1,72,10,2664,2,18,3,1,3
201604WA16060,2,1,0,2,0,1,0,0,0,0,3,1,6,1,63,9,-1,-1,-1,-1,-1,-1
201604WA16061,1,9,0,17,0,8,0,0,0,0,1,1,6,3,-1,-1,1995,2,7,-1,-1,-1
201604WA16061,2,9,0,17,0,8,0,0,0,0,2,1,6,1,28,6,1994,2,12,5,1,5
201604WA16062,1,9,0,13,0,0,0,0,0,0,0,1,6,1,64,9,1197,1,1,8,1,8
201604WA16062,2,1,0,14,0,0,0,0,0,0,0,1,6,1,49,8,-1,-1,-1,8,1,8
201604WA16063,1,90,4,9,0,2,0,0,0,0,3,1,1,1,52,8,-1,-1,-1,3,3,3
201604WA16063,2,9,0,18,0,1,0,0,0,0,1,1,2,2,58,9,1229,1,1,9,1,9
201604WA16064,1,9,0,18,0,8,0,7,0,6,1,1,6,1,33,6,1598,1,6,6,1,6
201604WA16065,1,9,0,16,0,0,0,0,7,10,3,1,6,1,19,4,998,1,1,8,1,8
201604WA16066,1,11,0,5,0,6,0,0,0,0,1,1,1,1,29,6,9200,2,14,2,1,2
201604WA16066,2,9,0,18,0,1,1,7,0,10,4,1,1,1,42,7,998,1,2,-1,-1,-1
201604WA16067,1,1,0,18,9,0,0,0,0,0,1,1,6,1,26,6,-1,-1,-1,-1,-1,-1
201604WA16067,2,11,0,18,0,0,0,0,0,0,3,1,1,1,48,8,8268,2,12,6,1,6
201604WA16068,1,9,0,18,0,0,0,0,0,0,1,1,6,2,26,6,1242,1,3,6,2,6
201604WA16068,2,9,0,4,0,0,0,0,0,0,2,1,6,1,30,6,1598,1,8,-1,-1,-1
201604WA16068,3,9,0,4,0,0,0,0,0,0,2,1,6,2,61,9,1560,2,4,5,1,5
201604WA16069,1,9,0,1,0,8,0,0,0,0,2,1,6,1,48,8,1329,1,7,3,1,3
201604WA16070,1,9,0,18,0,8,0,0,0,0,1,1,2,2,61,9,1299,1,15,3,1,3
201604WA16071,1,90,0,18,0,1,0,0,0,0,0,1,1,1,20,4,-1,-1,-1,8,1,8
201604WA16071,2,9,0,3,0,1,0,0,0,0,2,1,6,2,56,9,1598,1,3,-1,-1,-1
201604WA16071,3,9,0,10,0,1,0,0,0,0,2,1,2,1,21,5,1198,1,11,6,3,6
201604WA16072,1,1,0,18,0,1,0,0,0,0,4,1,6,1,28,6,-1,-1,-1,2,1,2
201604WA16072,2,9,0,8,0,1,0,0,0,0,1,1,6,1,42,7,-1,-1,-1,5,1,5
201604WA16073,1,9,0,18,0,0,0,0,0,0,4,1,6,3,-1,-1,-1,-1,-1,-1,-1,-1
201604WA16073,2,1,0,18,0,0,0,0,0,0,1,1,6,1,16,4,-1,-1,-1,4,1,4
201604WA16074,1,9,0,9,0,8,0,0,0,0,1,1,6,2,31,6,1388,1,14,1,1,1
201604WA16074,2,9,0,18,0,8,0,0,0,0,1,1,6,1,45,7,1364,1,1,7,1,7
201604WA16075,1,9,0,17,0,1,1,0,1,10,1,1,6,1,21,5,1598,1,4,1,1,1
201604WA16076,1,9,0,18,0,0,0,0,0,0,1,1,6,1,19,4,1200,1,3,7,1,7
201604WA16076,2,9,0,4,0,0,0,0,0,0,2,1,6,1,27,6,-1,-1,-1,3,1,3
201604WA16077,1,9,0,2,0,0,0,0,0,0,1,1,6,1,32,6,2698,2,9,3,1,3
201604WA16078,1,9,0,18,0,0,1,0,0,0,1,1,6,3,-1,-1,1896,2,16,-1,-1,-1
201604WA16078,2,9,0,18,0,0,0,0,0,0,1,1,6,1,64,9,1328,1,15,2,1,2
201604WA16079,1,9,0,18,0,1,0,0,0,0,1,1,1,2,21,5,998,1,10,6,1,6
201604WA16079,2,9,0,3,0,8,0,0,0,0,2,1,6,1,66,10,993,1,13,1,1,1
201604WA16079,3,9,0,10,0,8,0,0,0,0,2,1,1,2,32,6,1796,1,8,1,1,1
201604WA16080,1,9,0,4,0,1,1,0,0,0,1,1,6,1,37,7,3999,1,9,10,1,10
201604WA16080,2,8,0,4,0,1,0,0,0,0,2,1,6,1,55,8,1910,2,9,2,1,2
201604WA16081,1,9,0,2,0,0,0,0,0,0,3,1,6,2,31,6,1598,1,8,3,1,3
201604WA16081,2,1,0,18,0,0,0,0,0,0,4,1,6,1,24,5,-1,-1,-1,3,1,3
201604WA16082,1,9,0,18,0,0,0,0,0,4,0,1,6,1,43,7,1997,2,1,-1,-1,-1
201604WA16082,2,9,0,18,0,0,0,0,7,0,0,1,6,1,52,8,1598,1,7,4,1,4
201604WA16083,1,19,0,9,0,3,0,0,0,0,1,1,6,1,-1,-1,1753,2,11,4,1,4
201604WA16084,1,9,0,5,0,6,0,0,0,0,3,1,6,1,-1,-1,-1,-1,-1,-1,-1,-1
201604WA16084,2,3,0,18,0,8,0,0,0,0,1,1,6,2,23,5,125,1,1,1,1,1
201604WA16085,1,9,0,18,0,0,1,0,7,2,4,1,6,1,27,6,1598,1,12,10,1,10
201604WA16086,1,9,0,18,0,1,0,0,1,0,1,1,6,1,35,6,1596,1,14,1,1,1
201604WA16086,2,9,0,18,0,6,0,0,7,0,3,1,6,1,47,8,1685,2,2,6,1,6
201604WA16087,1,9,0,5,0,2,0,0,0,0,0,1,2,2,29,6,1598,1,5,1,1,1
201604WA16087,2,3,0,18,0,1,1,0,0,0,0,1,2,2,20,4,125,1,1,2,1,2
201604WA16088,1,9,0,4,0,1,0,0,0,0,0,1,6,3,-1,-1,-1,-1,-1,-1,-1,-1
201604WA16088,2,1,0,7,0,1,0,0,0,0,0,1,6,1,27,6,-1,-1,-1,-1,-1,-1
201604WA16089,1,9,0,9,0,5,0,0,0,0,1,1,6,1,30,6,1242,1,14,1,1,1
201604WA16090,1,9,0,17,0,0,1,0,1,2,1,1,2,2,20,4,1360,1,12,6,1,6
201604WA16091,1,9,0,18,0,1,0,0,0,0,1,1,6,2,88,11,998,1,10,-1,-1,-1
201604WA16091,2,9,0,3,0,1,0,0,0,0,1,1,6,1,43,7,1997,2,6,4,1,4
201604WA16091,3,9,0,3,0,1,0,0,0,0,2,1,6,1,49,8,2993,2,2,6,3,6
201604WA16092,1,1,0,18,0,0,0,0,0,0,1,1,6,1,55,8,-1,-1,-1,-1,-1,-1
201604WA16092,2,9,0,2,0,0,0,0,0,0,2,1,6,2,36,7,2993,2,13,2,1,2
201604WA16093,1,11,0,3,0,1,0,0,0,0,0,1,6,1,48,8,8268,2,11,3,1,3
201604WA16094,1,9,0,18,0,2,0,0,0,0,1,1,6,3,-1,-1,-1,-1,-1,-1,-1,-1
201604WA16095,1,9,0,18,0,8,0,0,0,0,4,1,6,2,83,11,1598,1,2,3,1,3
201604WA16095,2,9,0,3,0,8,0,0,1,10,1,1,6,2,36,7,1991,2,6,10,1,10
201604WA16096,1,9,0,10,0,8,0,0,0,0,1,1,2,2,22,5,1296,1,8,-1,-1,-1
201604WA16096,2,5,0,18,0,8,0,0,0,0,4,1,6,1,23,5,649,1,1,6,1,6
201604WA16097,1,9,0,18,0,0,0,0,2,0,1,1,6,1,30,6,1596,1,19,1,1,1
201604WA16097,2,9,0,2,9,0,0,0,0,0,4,1,6,3,-1,-1,2143,2,1,-1,-1,-1
201604WA16098,1,9,0,18,0,5,1,0,1,10,1,1,6,1,33,6,1896,2,11,1,1,1
201604WA16099,1,9,0,17,0,0,0,0,2,0,1,1,6,2,53,8,1582,2,9,8,3,8
201604WA16099,2,9,0,2,6,0,0,0,0,0,2,1,1,1,65,9,1248,2,4,9,1,9
201604WA16099,3,19,0,2,6,0,0,0,0,0,2,1,1,1,-1,-1,2143,2,2,10,1,10
201604WA16100,1,9,0,7,0,8,0,4,0,0,3,1,6,1,29,6,998,1,2,-1,-1,-1
201604WA16100,2,9,0,18,0,8,0,0,1,0,1,1,6,1,44,7,1124,1,19,1,1,1
201604WA16100,3,9,0,2,0,2,0,0,0,0,2,1,6,3,-1,-1,1598,1,13,-1,-1,-1
201604WA16101,1,9,0,9,0,6,0,0,0,0,3,1,6,1,78,11,-1,-1,-1,5,1,5
201604WA16101,2,3,0,18,0,1,0,0,0,0,1,1,6,1,18,4,125,1,5,6,1,6
201604WA16102,1,3,0,18,0,0,2,0,1,0,3,1,2,1,51,8,125,1,1,4,1,4
201604WA16103,1,9,0,5,0,8,0,0,0,0,3,1,1,1,39,7,-1,-1,-1,7,3,7
201604WA16103,2,9,0,18,0,1,0,0,0,0,1,1,6,1,53,8,1796,1,6,2,1,2
201604WA16104,1,8,0,6,1,5,0,0,0,0,3,1,1,3,-1,-1,1997,2,5,-1,-1,-1
201604WA16104,2,18,1,18,1,8,0,0,0,0,1,1,1,1,54,8,-1,-1,-1,1,1,1
201604WA16105,1,4,0,3,0,1,0,0,0,0,1,1,6,1,24,5,498,1,15,1,1,1
201604WA16105,2,9,0,10,0,1,0,0,0,0,1,1,6,1,63,9,1796,1,10,8,1,8
201604WA16106,1,19,0,9,0,2,0,0,0,0,1,1,1,1,47,8,-1,-1,-1,7,1,7
201604WA16107,1,9,0,18,0,1,1,0,2,4,1,1,6,1,74,10,2967,1,11,8,1,8
201604WA16108,1,9,0,18,0,1,0,0,0,0,1,1,1,1,35,6,-1,-1,-1,3,1,3
201604WA16108,2,9,0,18,0,1,0,0,0,0,4,1,6,1,41,7,1499,2,1,1,1,1
201604WA16109,1,9,0,5,0,8,0,0,0,0,3,1,6,1,56,9,999,1,17,3,1,3
201604WA16110,1,9,0,18,0,0,0,0,7,0,1,1,1,1,49,8,-1,-1,-1,6,1,6
201604WA16110,2,9,0,18,0,0,0,0,0,0,3,1,6,1,84,11,2143,2,-1,5,3,5
201604WA16110,3,9,0,18,0,0,0,0,0,0,1,1,6,1,48,8,1995,2,11,10,1,10
201604WA16111,1,8,0,18,0,5,0,0,0,0,3,1,1,3,-1,-1,-1,-1,-1,-1,-1,-1
201604WA16112,1,9,0,18,0,1,0,0,0,0,1,1,6,1,36,7,995,1,10,6,1,6
201604WA16112,2,9,0,4,0,1,0,0,1,10,0,1,6,2,70,10,1598,1,6,10,1,10
201604WA16112,3,9,0,2,9,1,0,0,0,0,3,1,6,3,-1,-1,1587,1,14,-1,-1,-1
201604WA16112,4,9,0,2,9,1,0,0,0,0,3,1,6,3,-1,-1,2720,2,8,-1,-1,-1
201604WA16113,1,9,0,9,0,1,0,0,7,0,1,1,6,1,33,6,2616,1,12,5,1,5
201604WA16114,1,9,0,18,0,1,0,0,0,0,1,1,6,1,68,10,1968,2,10,3,1,3
201604WA16115,1,3,0,13,0,1,5,0,7,4,1,1,6,1,18,4,124,1,3,9,2,9
201604WA16115,2,9,0,9,0,1,0,0,0,0,3,1,6,1,31,6,-1,-1,-1,7,1,7
201604WA16116,1,9,0,17,0,0,2,0,8,10,1,1,6,2,19,4,998,1,8,8,3,8
201604WA16117,1,9,0,4,0,0,0,0,0,0,2,1,2,1,34,6,1242,1,13,6,1,6
201604WA16117,2,19,0,18,0,0,1,0,0,0,1,1,2,1,22,5,1598,2,2,9,1,9
201604WA16118,1,5,0,18,0,1,2,0,0,0,1,1,6,1,45,7,599,1,12,7,1,7
201604WA16118,2,9,0,10,0,8,0,0,0,0,3,1,6,2,38,7,1560,2,6,8,1,8
201604WA16119,1,11,0,18,0,0,0,0,0,0,1,1,1,1,28,6,6370,2,1,3,1,3
201604WA16119,2,11,0,2,0,0,0,0,0,0,2,1,1,1,59,9,6370,2,1,1,1,1
201604WA16120,1,9,0,5,0,0,0,0,0,0,2,1,1,1,57,9,-1,-1,-1,9,1,9
201604WA16121,1,9,0,18,0,0,0,0,0,0,1,1,2,1,54,8,1956,2,3,6,1,6
201604WA16121,2,9,0,4,0,0,0,0,0,0,2,1,2,1,37,7,998,1,2,9,1,9
201604WA16121,3,19,0,3,0,0,0,0,0,0,2,1,6,1,46,8,-1,-1,-1,6,1,6
201604WA16121,4,9,0,3,0,0,0,0,0,0,2,1,6,2,53,8,2179,2,1,10,1,10
201604WA16122,1,9,0,18,0,1,0,0,0,0,1,1,6,1,54,8,1560,2,4,7,1,7
201604WA16122,2,9,0,18,0,8,0,0,0,10,4,1,6,1,51,8,2198,2,1,6,1,6
201604WA16122,3,9,0,9,0,1,0,0,0,0,0,1,6,1,24,5,1598,1,12,2,1,2
201604WA16122,4,9,0,18,0,1,0,0,0,0,3,1,6,1,65,9,1951,2,10,9,1,9
201604WA16123,1,9,0,4,0,1,0,0,0,0,1,1,6,1,46,8,1895,1,16,6,1,6
201604WA16123,2,90,0,3,0,1,0,0,0,0,2,1,6,1,57,9,-1,-1,-1,10,1,10
201604WA16124,1,9,0,5,0,1,0,0,0,0,2,1,6,1,38,7,1968,2,11,4,1,4
201604WA16124,2,9,0,18,0,1,0,0,0,0,2,2,6,2,24,5,1364,1,9,-1,-1,-1
201604WA16125,1,9,0,18,0,0,0,0,0,0,1,1,6,3,-1,-1,-1,-1,-1,-1,-1,-1
201604WA16126,1,9,0,16,0,0,1,0,0,0,1,1,6,1,24,5,1796,1,10,-1,-1,-1
201604WA16126,2,9,0,17,0,0,0,0,0,0,1,1,6,1,63,9,2435,1,10,-1,-1,-1
201604WA16127,1,9,0,18,0,1,0,0,0,0,1,1,6,2,66,10,1242,1,6,5,1,5
201604WA16127,2,19,0,3,0,1,0,0,0,0,2,1,1,1,65,9,2488,2,2,2,1,2
201604WA16128,1,9,0,5,0,6,0,0,0,0,2,1,6,1,78,11,2902,2,12,7,1,7
201604WA16128,2,9,0,18,0,1,0,0,0,0,1,1,6,1,31,6,1339,1,10,8,1,8
201604WA16129,1,9,0,9,0,8,0,0,0,0,4,1,6,2,87,11,1596,1,3,5,1,5
201604WA16129,2,9,0,18,0,8,0,0,0,0,1,1,6,1,60,9,-1,-1,-1,5,1,5
201604WA16129,3,8,0,10,0,1,0,0,0,0,1,1,1,1,31,6,1560,2,5,1,1,1
201604WA16130,1,9,0,18,0,1,0,0,0,0,1,1,6,2,44,7,1242,1,6,10,1,10
201604WA16130,2,9,0,3,0,1,0,0,0,1,2,1,6,2,40,7,1995,2,12,2,1,2
201604WA16131,1,9,0,18,0,0,0,0,0,0,1,1,6,1,62,9,2800,2,20,1,1,1
201604WA16131,2,9,0,18,0,0,0,0,0,0,3,1,6,1,62,9,1390,1,3,8,2,8
201604WA16131,3,9,0,18,0,0,0,0,0,0,1,1,6,1,71,10,2544,1,17,3,1,3
201604WA16132,1,9,0,18,0,0,0,0,0,0,1,1,6,2,18,4,1348,1,16,3,1,3
201604WA16132,2,9,0,3,0,0,0,0,0,0,2,1,6,2,39,7,1396,1,7,10,1,10
201604WA16133,1,9,0,18,0,8,0,0,0,0,1,1,6,1,22,5,1968,2,8,7,1,7
201604WA16133,2,9,0,18,0,8,0,0,1,9,1,1,6,2,53,8,-1,3,1,9,1,9
201604WA16134,1,9,0,18,0,0,0,0,1,2,1,1,6,1,82,11,1997,2,13,9,1,9
201604WA16135,1,9,0,18,0,0,1,0,1,4,1,1,2,1,31,6,2143,2,2,7,1,7
201604WA16135,2,9,0,18,0,0,1,0,1,10,1,1,1,1,26,6,1598,1,12,1,1,1
201604WA16136,1,9,0,4,0,0,0,0,0,0,3,1,6,1,45,7,1998,1,14,8,1,8
201604WA16136,2,5,0,4,0,0,0,0,0,0,1,1,6,1,52,8,1000,1,1,-1,-1,-1
201604WA16137,1,9,0,18,0,0,0,0,1,2,1,1,6,2,80,11,1598,1,3,6,1,6
201604WA16138,1,9,0,18,0,8,0,0,0,0,1,1,6,2,22,5,1199,2,4,5,1,5
201604WA16138,2,9,0,10,0,1,0,0,0,0,2,1,6,2,49,8,1560,2,5,7,2,7
201604WA16139,1,8,0,9,0,8,0,0,0,0,3,1,1,1,58,9,2499,2,9,1,1,1
201604WA16139,2,3,0,18,0,8,5,0,0,0,1,1,6,1,42,7,124,1,9,1,1,1
201604WA16139,3,9,0,18,0,1,0,0,0,0,0,1,6,1,64,9,1360,1,14,3,1,3
201604WA16140,1,9,0,5,0,8,0,0,0,0,1,1,6,1,69,10,1461,2,6,-1,-1,-1
201604WA16140,2,9,0,18,0,8,0,0,0,0,3,1,6,1,24,5,1951,2,15,-1,-1,-1
201604WA16141,1,1,0,7,0,6,0,0,0,0,1,1,6,1,46,8,-1,-1,-1,-1,-1,-1
201604WA16141,2,8,0,9,0,5,0,0,0,0,1,1,1,1,50,8,-1,3,1,2,1,2
201604WA16142,1,9,0,18,0,0,0,0,7,0,0,1,6,1,18,4,1242,1,9,10,1,10
201604WA16143,1,9,0,18,0,0,5,4,0,0,1,1,6,1,47,8,1396,1,11,7,1,7
201604WA16143,2,9,0,2,0,0,0,4,0,0,2,1,6,3,-1,-1,1796,1,11,-1,-1,-1
201604WA16143,3,9,0,2,0,0,0,0,0,0,1,1,6,3,-1,-1,1197,1,1,-1,-1,-1
201604WA16144,1,9,0,18,0,2,0,0,0,0,4,1,6,1,40,7,1968,2,3,8,1,8
201604WA16145,1,9,0,6,0,0,0,0,0,0,3,1,1,1,39,7,1582,2,2,5,1,5
201604WA16145,2,9,0,18,0,0,1,0,0,0,1,1,6,1,80,11,998,1,2,10,2,10
201604WA16146,1,9,0,18,0,0,0,0,0,0,3,1,6,2,22,5,1242,1,10,10,2,10
201604WA16146,2,9,0,6,0,0,0,0,0,0,1,1,6,2,33,6,2179,2,2,7,1,7
201604WA16147,1,9,0,18,0,8,0,0,7,1,4,1,6,1,81,11,1796,1,11,5,1,5
201604WA16147,2,9,0,18,0,8,0,0,0,0,1,1,6,2,66,10,1598,1,3,2,1,2
201604WA16148,1,9,0,18,0,0,0,0,7,10,3,1,6,1,86,11,1229,1,6,6,1,6
201604WA16149,1,1,0,18,0,8,0,0,0,0,1,1,2,1,24,5,-1,-1,-1,7,1,7
201604WA16149,2,9,0,9,0,8,0,0,0,0,1,1,6,1,51,8,2494,7,13,5,1,5
201604WA16150,1,9,0,7,0,4,0,0,0,0,1,1,6,1,47,8,2401,2,12,8,1,8
201604WA16150,2,9,0,3,0,3,0,0,0,0,2,1,6,2,54,8,1364,1,-1,8,1,8
201604WA16151,1,3,0,17,0,4,0,0,0,0,1,1,2,1,26,6,124,1,7,6,1,6
201604WA16151,2,11,0,5,0,4,0,0,0,0,3,1,1,1,58,9,13000,2,5,3,1,3
201604WA16152,1,9,0,18,0,1,0,0,0,0,1,1,6,1,18,4,1198,1,3,5,2,5
201604WA16152,2,9,0,3,0,1,0,0,0,0,2,1,6,1,50,8,2597,1,14,7,1,7
201604WA16153,1,9,0,3,0,0,0,0,0,0,2,1,6,1,77,11,1318,1,1,-1,-1,-1
201604WA16153,2,9,0,3,0,0,0,0,0,0,2,1,6,2,44,7,2148,2,11,4,1,4
201604WA16153,3,9,0,18,0,0,0,0,0,0,1,1,6,3,47,8,1997,2,8,3,1,3
201604WA16154,1,9,0,5,0,1,0,0,0,0,1,1,6,2,33,6,1398,1,3,3,1,3
201604WA16154,2,90,0,4,0,8,0,0,0,0,2,1,6,1,43,7,-1,-1,-1,1,1,1
201604WA16155,1,9,0,9,0,8,0,0,0,0,1,1,6,1,56,9,2926,2,11,8,3,8
201604WA16155,2,19,0,18,0,8,0,0,0,0,3,1,1,1,34,6,1598,2,2,-1,-1,-1
201604WA16155,3,9,0,9,0,8,0,0,0,0,1,1,6,1,49,8,1398,2,7,8,1,8
201604WA16156,1,3,0,18,0,0,2,0,0,0,3,1,6,1,42,7,125,1,1,3,1,3
201604WA16157,1,9,0,17,0,0,0,0,2,10,1,1,6,1,25,5,998,1,1,5,1,5
201604WA16158,1,9,0,18,0,0,2,0,2,10,1,1,6,2,49,8,1364,1,8,9,1,9
201604WA16160,1,21,0,11,0,0,0,0,0,0,1,1,2,1,26,6,11021,2,10,7,1,7
201604WA16160,2,9,0,18,0,0,0,0,0,0,3,1,6,1,74,10,1590,1,21,4,1,4
201604WA16161,1,9,0,6,0,0,0,0,0,0,1,1,6,1,85,11,1998,1,11,4,1,4
201604WA16161,2,9,0,18,0,0,0,0,0,0,1,1,2,1,47,8,2967,1,16,1,1,1
201604WA16162,1,9,0,4,0,0,0,0,0,0,1,1,2,2,24,5,1248,1,5,1,1,1
201604WA16162,2,9,0,4,0,0,0,0,0,0,2,1,6,2,59,9,-1,-1,-1,4,1,4
201604WA16163,1,9,0,18,0,0,0,0,0,0,1,1,2,1,22,5,998,1,1,1,1,1
201604WA16163,2,9,0,3,0,0,0,0,0,0,2,1,6,1,30,6,1587,1,13,-1,-1,-1
201604WA16163,3,9,0,3,0,0,0,0,0,0,2,1,2,2,42,7,1242,1,5,1,1,1
201604WA16163,4,9,0,3,0,0,0,0,0,0,2,1,6,1,26,6,2979,1,1,2,1,2
201604WA16165,1,9,0,3,0,4,0,0,0,0,1,1,6,1,58,9,1968,2,3,8,1,8
201604WA16165,2,9,0,3,0,4,0,0,0,0,2,1,1,2,24,5,1798,1,6,7,2,7
201604WA16166,1,5,0,13,0,0,0,0,0,0,4,1,6,1,19,4,598,1,21,1,1,1
201604WA16166,2,9,0,12,0,0,0,0,0,0,1,1,6,1,52,8,1343,1,12,1,1,1
201604WA16167,1,9,0,18,0,0,0,0,0,0,1,1,6,1,68,10,1598,1,3,4,1,4
201604WA16168,1,9,0,17,0,0,0,0,0,2,1,1,1,2,35,6,1124,1,13,4,1,4
201604WA16168,2,20,0,16,0,0,0,0,0,0,2,1,1,1,45,7,5193,2,8,1,1,1
201604WA16169,1,9,0,16,0,0,1,0,1,10,1,1,2,1,49,8,3456,1,1,-1,-1,-1
201604WA16169,2,9,0,16,0,0,0,0,0,0,1,1,2,2,50,8,1896,2,9,4,1,4
201604WA16170,1,9,0,9,0,8,0,0,0,0,1,1,6,2,47,8,1597,1,16,6,1,6
201604WA16170,2,2,0,13,0,8,0,0,0,0,4,1,6,1,18,4,49,1,12,1,1,1
201604WA16170,3,9,0,7,0,8,0,0,0,0,0,1,1,1,46,8,1797,8,1,-1,-1,-1
201604WA16171,1,9,0,9,0,6,0,0,0,1,1,1,6,2,56,9,1229,1,10,-1,-1,-1
201604WA16171,2,9,0,13,0,1,0,0,0,0,4,1,2,2,36,7,1397,1,6,-1,-1,-1
201604WA16172,1,9,0,7,0,6,0,0,0,0,3,1,2,1,47,8,1995,2,2,6,3,6
201604WA16172,2,1,0,18,0,8,0,0,0,0,1,1,2,1,43,7,-1,-1,-1,9,1,9
201604WA16173,1,9,0,18,0,8,0,0,1,0,1,1,6,3,-1,-1,1999,1,13,-1,-1,-1
201604WA16173,2,9,0,18,0,8,0,0,7,10,4,1,6,1,75,10,1582,2,4,5,1,5
201604WA16174,1,9,0,9,0,2,0,0,0,0,1,1,1,1,52,8,-1,-1,-1,1,1,1
201604WA16174,2,2,0,18,0,1,0,0,0,0,4,1,6,1,16,4,49,1,3,1,1,1
201604WA16175,1,9,0,18,0,1,0,0,0,0,3,1,6,3,-1,-1,-1,-1,-1,-1,-1,-1
201604WA16175,2,1,0,9,0,1,0,0,0,0,4,1,2,1,27,6,-1,-1,-1,9,1,9
201604WA16176,1,9,0,4,0,0,0,0,0,0,1,1,6,1,20,4,1229,1,5,3,1,3
201604WA16176,2,9,0,4,0,0,0,0,0,0,2,1,2,1,27,6,1197,1,-1,2,1,2
201604WA16177,1,8,0,18,0,1,0,0,0,0,3,1,1,1,33,6,1797,8,3,1,1,1
201604WA16178,1,11,0,18,0,0,0,0,0,0,1,1,1,1,53,8,6700,2,8,-1,-1,-1
201604WA16179,1,9,0,18,0,0,0,0,0,0,1,1,6,2,20,4,1229,1,2,8,1,8
201604WA16179,2,9,0,4,0,0,0,0,0,0,1,1,6,2,49,8,5998,1,9,9,1,9
201604WA16179,3,9,0,3,0,0,0,0,0,0,0,1,6,1,47,8,998,1,2,4,1,4
201604WA16180,1,9,0,18,0,1,0,0,0,0,1,1,6,1,23,5,2143,2,3,2,1,2
201604WA16180,2,9,0,12,0,1,1,0,0,0,2,1,6,2,44,7,1598,2,2,5,1,5
201604WA16181,1,90,0,5,0,5,0,0,0,0,3,1,6,1,56,9,-1,-1,-1,-1,-1,-1