Accident_Index,Vehicle_Reference,Vehicle_Type,Towing_and_Articulation,Vehicle_Manoeuvre,Vehicle_Location-Restricted_Lane,Junction_Location,Skidding_and_Overturning,Hit_Object_in_Carriageway,Vehicle_Leaving_Carriageway,Hit_Object_off_Carriageway,1st_Point_of_Impact,Was_Vehicle_Left_Hand_Drive?,Journey_Purpose_of_Driver,Sex_of_Driver,Age_of_Driver,Age_Band_of_Driver,Engine_Capacity_(CC),Propulsion_Code,Age_of_Vehicle,Driver_IMD_Decile,Driver_Home_Area_Type,Vehicle_IMD_Decile
201604WA16328,1,9,0,5,0,6,0,0,0,0,1,1,6,2,18,4,1995,2,7,2,1,2
201604WA16328,2,9,0,18,0,1,0,0,7,1,4,1,6,2,63,9,1398,1,1,6,1,6
201604WA16329,1,9,0,1,9,0,0,0,0,0,2,1,6,1,88,11,1242,1,7,5,1,5
201604WA16330,1,9,0,18,0,0,0,0,0,0,1,1,6,1,58,9,1997,2,14,1,1,1
201604WA16330,2,9,0,4,0,0,0,0,0,0,2,1,6,2,24,5,1364,1,9,3,1,3
201604WA16330,3,9,0,4,0,0,0,0,0,0,2,1,6,2,54,8,1198,1,-1,1,1,1
201604WA16330,4,9,0,4,0,0,0,0,0,0,2,1,6,1,51,8,1149,1,11,7,1,7
201604WA16331,1,9,0,18,0,1,0,0,0,0,3,1,6,2,48,8,3200,2,14,3,1,3
201604WA16332,1,90,0,18,0,2,0,0,0,0,1,1,1,1,36,7,-1,-1,-1,5,1,5
201604WA16332,2,9,0,3,0,2,0,0,0,0,2,1,1,2,51,8,1598,1,14,4,1,4
201604WA16332,3,9,0,3,0,2,0,0,0,0,2,1,2,1,50,8,2000,2,10,1,1,1
201604WA16333,1,9,0,18,0,0,0,0,0,0,1,1,1,3,41,7,1582,2,2,1,1,1
201604WA16334,1,9,0,18,0,8,0,0,0,0,1,1,6,1,21,5,1242,1,3,1,1,1
201604WA16334,2,9,0,18,0,8,0,0,0,0,2,1,6,1,37,7,1596,1,17,1,1,1
201604WA16334,3,3,0,18,0,8,0,0,0,0,2,1,6,2,27,6,124,1,7,5,1,5
201604WA16335,1,4,0,18,0,6,2,0,0,0,1,1,6,1,25,5,198,1,10,2,1,2
201604WA16335,2,9,0,18,0,8,0,0,0,0,4,1,6,2,46,8,1398,2,3,2,1,2
201604WA16336,1,9,0,13,0,0,1,10,7,4,1,1,6,1,28,6,1896,2,12,3,1,3
201604WA16336,2,9,0,18,0,0,0,0,0,0,1,1,6,2,77,11,1998,2,10,6,3,6
201604WA16337,1,9,0,17,0,8,0,0,0,0,1,1,1,1,36,7,-1,-1,-1,6,1,6
201604WA16337,2,9,0,3,0,8,0,0,0,0,2,1,2,1,32,6,1242,1,6,1,1,1
201604WA16338,1,1,0,18,0,0,0,0,0,0,1,1,6,1,-1,-1,-1,-1,-1,-1,-1,-1
201604WA16338,2,1,0,18,0,0,0,0,0,1,1,1,6,2,47,8,-1,-1,-1,-1,-1,-1
201604WA16339,1,19,0,5,0,0,0,0,0,0,1,1,1,1,33,6,1998,2,13,-1,-1,-1
201604WA16339,2,3,0,18,0,0,0,0,0,0,1,1,6,1,25,5,125,1,1,1,1,1
201604WA16339,3,9,0,4,0,0,0,0,0,0,3,1,6,2,48,8,-1,-1,-1,6,1,6
201604WA16340,1,9,0,3,0,4,0,0,0,0,2,1,2,2,64,9,1242,1,2,8,2,8
201604WA16340,2,9,0,8,0,1,0,0,0,0,1,1,6,1,68,10,-1,-1,-1,6,1,6
201604WA16341,1,9,0,18,0,0,0,0,0,0,1,1,6,1,21,5,998,1,1,-1,-1,-1
201604WA16341,2,9,0,3,0,0,0,0,0,0,2,1,6,2,30,6,1598,1,14,4,1,4
201604WA16341,3,9,0,3,0,0,1,0,0,0,2,1,6,2,37,7,995,1,4,6,1,6
201604WA16342,1,9,0,5,0,6,0,0,0,0,1,1,6,1,44,7,1598,1,9,1,1,1
201604WA16342,2,3,0,14,0,8,0,0,0,0,1,1,6,1,17,4,124,1,4,10,2,10
201604WA16343,1,1,0,7,9,8,0,0,0,0,1,1,6,1,18,4,-1,-1,-1,-1,-1,-1
201604WA16343,2,9,0,2,0,1,0,0,0,0,3,1,6,3,-1,-1,1560,2,7,-1,-1,-1
201604WA16344,1,9,0,18,0,0,0,0,0,0,1,1,6,2,24,5,1896,2,13,8,1,8
201604WA16345,1,9,0,11,0,1,0,0,0,0,4,1,6,2,82,11,998,1,7,7,1,7
201604WA16345,2,9,0,18,0,1,0,0,0,0,3,1,6,2,36,7,1197,1,1,6,3,6
201604WA16346,1,9,0,18,0,8,0,0,7,0,1,1,6,2,33,6,1360,1,13,2,1,2
201604WA16346,2,9,0,18,0,2,0,0,0,0,4,1,6,1,64,9,-1,-1,-1,1,1,1
201604WA16347,1,3,0,18,0,4,0,0,0,0,4,1,2,1,19,4,125,1,-1,4,1,4
201604WA16348,1,9,0,5,0,6,0,0,0,0,1,1,1,1,50,8,1870,2,13,5,1,5
201604WA16348,2,1,0,18,0,1,0,0,0,0,1,1,1,1,41,7,-1,-1,-1,9,1,9
201604WA16349,1,9,0,4,0,1,0,0,0,0,1,1,6,1,40,7,2987,2,9,2,1,2
201604WA16349,2,9,0,5,0,4,0,0,0,0,2,1,6,2,51,8,2000,2,6,6,1,6
201604WA16350,1,9,0,18,0,0,0,0,0,0,1,1,2,2,56,9,1248,1,5,2,1,2
201604WA16351,1,9,0,7,0,4,0,0,0,0,1,1,6,1,36,7,1686,2,5,2,1,2
201604WA16351,2,9,0,18,0,4,0,0,0,0,4,1,6,1,27,6,1598,1,12,1,1,1
201604WA16352,1,9,0,18,0,1,0,0,0,0,1,1,6,2,49,8,1240,1,13,1,1,1
201604WA16353,1,9,0,18,0,1,5,4,0,0,1,1,6,2,47,8,1197,1,-1,3,1,3
201604WA16353,2,9,0,2,0,2,1,0,0,0,3,1,6,3,-1,-1,1242,1,8,-1,-1,-1
201604WA16354,1,9,0,4,0,8,0,0,0,0,1,1,2,2,35,6,2488,7,8,7,1,7
201604WA16354,2,9,0,4,0,8,0,0,0,0,2,1,2,1,50,8,1997,2,3,4,1,4
201604WA16355,1,9,0,18,0,0,0,0,0,0,0,1,6,3,-1,-1,-1,-1,-1,-1,-1,-1
201604WA16356,1,90,0,18,0,8,1,4,0,0,1,1,6,1,34,6,-1,-1,-1,-1,-1,-1
201604WA16356,2,9,0,2,0,8,0,0,0,0,4,1,6,3,-1,-1,1242,1,13,-1,-1,-1
201604WA16358,1,9,0,4,0,0,1,0,0,0,0,1,1,1,31,6,1910,2,11,-1,-1,-1
201604WA16358,2,9,0,3,0,0,0,0,0,0,2,1,6,1,41,7,1968,2,8,5,1,5
201604WA16358,3,9,0,10,0,0,0,0,0,0,2,1,6,2,23,5,998,1,5,-1,-1,-1
201604WA16359,1,9,0,18,0,1,0,0,0,0,1,1,2,1,32,6,1910,2,8,3,1,3
201604WA16359,2,9,0,3,0,1,0,0,0,0,2,1,6,2,32,6,1598,1,10,-1,-1,-1
201604WA16359,3,9,0,3,0,1,0,0,0,0,2,1,6,1,65,9,1997,2,9,6,1,6
201604WA16360,1,9,0,5,0,1,0,0,0,0,1,1,6,3,-1,-1,1390,1,8,-1,-1,-1
201604WA16360,2,9,0,2,0,2,0,0,0,0,2,1,6,1,42,7,2191,2,1,-1,-1,-1
201604WA16361,1,9,0,7,0,5,0,0,0,0,1,1,6,1,75,10,1199,1,13,1,1,1
201604WA16361,2,1,0,18,0,1,0,0,0,0,4,1,6,1,26,6,-1,-1,-1,9,1,9
201604WA16362,1,9,0,5,0,0,0,0,0,0,3,1,6,1,22,5,1242,1,12,-1,-1,-1
201604WA16362,2,5,0,14,0,0,0,0,0,0,4,1,6,1,43,7,-1,-1,-1,-1,-1,-1
201604WA16363,1,9,0,18,0,2,0,4,0,0,1,1,1,1,32,6,1797,8,4,8,1,8
201604WA16363,2,9,0,2,0,2,0,0,8,10,2,1,6,3,-1,-1,1364,1,9,-1,-1,-1
201604WA16364,1,9,0,17,0,8,2,0,5,10,3,1,6,1,22,5,1587,1,13,1,1,1
201604WA16365,1,9,0,17,0,2,0,0,0,0,3,1,6,2,19,4,1242,1,2,10,2,10
201604WA16365,2,10,0,16,0,1,0,0,0,0,3,1,3,1,69,10,2998,2,6,6,1,6
201604WA16366,1,19,0,9,0,6,0,0,0,0,1,1,6,1,43,7,1995,2,3,9,1,9
201604WA16367,1,9,0,4,0,1,0,0,0,0,1,1,6,2,25,5,1997,1,1,4,1,4
201604WA16367,2,9,0,8,0,1,0,0,0,0,2,1,3,2,52,8,1560,2,5,10,1,10
201604WA16368,1,5,0,4,0,1,5,0,0,0,4,1,6,2,51,8,745,1,6,7,1,7
201604WA16369,1,9,0,18,0,1,0,0,0,0,1,2,2,2,27,6,-1,-1,-1,-1,-1,-1
201604WA16369,2,9,0,3,0,1,0,0,0,0,2,1,6,2,72,10,1339,1,14,1,1,1
201604WA16370,1,9,0,5,0,8,0,0,0,0,1,1,6,2,60,9,1240,1,8,2,1,2
201604WA16370,2,9,0,18,0,8,0,0,0,0,3,1,6,2,65,9,1390,1,10,9,1,9
201604WA16372,1,16,0,18,0,0,0,0,0,0,0,1,6,1,41,7,-1,-1,-1,3,1,3
201604WA16372,2,16,0,18,0,0,5,0,0,0,0,1,6,2,27,6,-1,-1,-1,8,1,8
201604WA16373,1,9,0,7,0,8,0,0,0,0,0,1,6,3,65,9,-1,-1,-1,-1,-1,-1
201604WA16374,1,9,0,18,0,0,0,0,0,0,1,1,6,1,25,5,1396,1,14,6,1,6
201604WA16375,1,9,0,9,0,1,0,0,0,0,1,1,6,2,22,5,1396,1,13,3,1,3
201604WA16375,2,1,0,18,0,8,0,0,0,0,4,1,6,1,47,8,-1,-1,-1,5,1,5
201604WA16376,1,9,0,4,0,1,0,0,0,0,2,1,6,2,28,6,1997,2,5,9,1,9
201604WA16376,2,9,0,3,0,1,0,0,0,0,2,1,6,1,49,8,1598,1,16,1,1,1
201604WA16376,3,9,0,3,0,1,0,0,0,0,2,1,6,1,58,9,1598,1,11,1,1,1
201604WA16377,1,9,0,4,0,0,0,0,0,0,1,1,6,2,19,4,1397,1,6,7,1,7
201604WA16377,2,9,0,3,0,0,0,0,0,0,2,1,6,1,67,10,1910,2,8,1,1,1
201604WA16378,1,8,0,5,0,2,0,0,2,0,1,1,2,1,41,7,1798,8,-1,-1,-1,-1
201604WA16378,2,1,0,5,0,2,0,0,0,0,2,1,6,1,31,6,-1,-1,-1,-1,-1,-1
201604WA16379,1,90,0,18,0,0,0,0,0,0,0,1,6,3,-1,-1,-1,-1,-1,-1,-1,-1
201604WA16380,1,8,0,18,0,1,0,0,0,0,1,1,1,1,43,7,1997,2,4,3,1,3
201604WA16380,2,9,0,18,0,8,0,0,0,0,4,1,6,1,81,11,1968,2,6,6,1,6
201604WA16381,1,9,0,5,0,6,0,0,0,0,1,1,6,1,59,9,1997,2,11,1,1,1
201604WA16381,2,3,0,18,0,1,0,0,0,0,1,1,6,2,49,8,125,1,7,-1,-1,-1
201604WA16382,1,9,0,16,0,0,1,0,0,0,4,1,2,1,23,5,1596,1,9,10,1,10
201604WA16383,1,9,0,18,1,8,0,0,0,0,2,1,6,3,-1,-1,-1,-1,-1,-1,-1,-1
201604WA16383,2,1,0,7,0,6,0,0,0,0,1,1,6,1,24,5,-1,-1,-1,6,1,6
201604WA16384,1,9,0,16,0,0,2,10,7,4,4,1,2,1,17,4,1248,2,10,-1,-1,-1
201604WA16385,1,9,0,7,0,8,0,0,0,0,3,1,6,1,30,6,1596,1,16,1,1,1
201604WA16385,2,11,0,8,0,8,0,0,0,0,4,1,1,1,69,10,11950,2,15,1,1,1
201604WA16386,1,9,0,4,0,6,0,0,0,0,2,1,6,2,71,10,1248,1,4,1,1,1
201604WA16386,2,9,0,5,0,6,0,0,0,0,1,1,6,1,63,9,1850,1,16,-1,-1,-1
201604WA16387,1,9,0,18,0,1,0,0,0,0,1,1,6,1,48,8,1395,1,3,2,1,2
201604WA16387,2,1,0,18,0,1,0,0,0,0,2,1,6,1,52,8,-1,-1,-1,1,1,1
201604WA16388,1,9,0,18,0,1,0,0,0,0,4,1,6,1,39,7,1596,1,8,-1,-1,-1
201604WA16388,2,1,0,9,0,2,0,0,0,0,4,1,6,1,9,2,-1,-1,-1,-1,-1,-1
201604WA16388,3,1,0,9,0,1,0,0,0,0,1,1,6,1,16,4,-1,-1,-1,-1,-1,-1
201604WA16389,1,11,0,3,0,1,0,0,0,0,1,1,2,2,59,9,-1,-1,-1,6,1,6
201604WA16390,1,9,0,18,0,0,0,4,0,0,1,1,6,1,61,9,2143,2,3,8,1,8
201604WA16390,2,9,0,4,0,0,5,0,1,0,2,1,6,2,68,10,1242,1,2,7,1,7
201604WA16391,1,9,0,16,0,0,1,0,0,0,1,1,6,1,30,6,1390,1,15,2,1,2
201604WA16391,2,11,0,17,0,0,0,0,0,0,1,1,1,1,55,8,11000,2,11,10,2,10
201604WA16392,1,9,0,12,0,0,0,0,0,0,1,1,6,1,91,11,1386,1,7,1,1,1
201604WA16393,1,9,0,9,0,8,0,0,0,0,1,1,6,1,72,10,1870,2,12,6,1,6
201604WA16393,2,1,0,18,0,8,0,0,0,0,3,1,2,1,55,8,-1,-1,-1,8,1,8
201604WA16394,1,9,0,18,0,3,0,0,0,0,4,1,6,1,36,7,1461,2,3,1,1,1
201604WA16395,1,9,0,18,0,0,0,0,0,0,1,1,6,2,61,9,998,1,12,9,1,9
201604WA16395,2,9,0,4,0,0,0,0,0,0,2,1,6,1,74,10,1997,2,7,5,1,5
201604WA16396,1,9,0,4,0,1,0,0,0,0,1,1,6,1,66,10,1968,2,5,1,1,1
201604WA16397,1,9,0,18,0,0,0,0,0,0,1,1,6,2,42,7,1149,1,15,7,2,7
201604WA16397,2,90,0,18,0,0,0,0,0,0,0,1,1,3,65,9,-1,-1,-1,-1,-1,-1
201604WA16398,1,9,0,18,0,5,0,0,0,0,1,1,6,1,22,5,1598,1,8,7,3,7
201604WA16399,1,9,0,4,0,1,0,0,0,0,1,1,6,1,25,5,1368,1,9,1,1,1
201604WA16399,2,9,0,5,0,6,0,0,0,0,1,1,6,2,76,11,1896,2,11,4,1,4
201604WA16400,1,9,0,9,0,0,0,0,0,0,3,1,6,1,34,6,-1,3,-1,2,1,2
201604WA16400,2,2,0,13,0,0,0,0,7,0,1,1,6,1,16,4,49,1,3,8,1,8
201604WA16401,1,3,0,5,0,0,0,0,0,0,4,1,2,1,63,9,125,1,3,2,1,2
201604WA16401,2,9,0,18,0,0,0,0,0,0,4,1,6,1,22,5,1242,1,2,1,1,1
201604WA16402,1,9,0,9,0,8,0,0,0,0,1,1,6,2,31,6,1596,1,9,9,1,9
201604WA16403,1,9,0,9,0,6,0,0,0,0,3,1,1,1,42,7,1596,1,9,3,1,3
201604WA16403,2,1,0,9,0,8,1,0,0,0,3,1,6,1,9,2,-1,-1,-1,-1,-1,-1
201604WA16404,1,9,0,1,0,0,0,0,0,0,2,1,6,1,72,10,1798,8,4,-1,-1,-1
201604WA16405,1,9,0,9,0,2,0,0,0,0,1,1,6,1,43,7,-1,-1,-1,1,1,1
201604WA16405,2,9,0,18,0,2,0,0,0,0,1,1,6,2,30,6,1461,2,2,10,1,10
201604WA16406,1,9,0,4,0,1,0,0,0,0,1,1,3,2,38,7,1360,1,16,2,1,2
201604WA16406,2,9,0,3,0,1,0,0,0,0,2,1,1,1,27,6,1796,1,12,1,1,1
201604WA16406,3,9,0,3,0,1,0,0,0,0,1,1,2,1,41,7,1984,1,3,7,1,7
201604WA16407,1,9,0,9,0,6,0,0,0,0,1,1,6,2,20,4,1242,1,10,8,1,8
201604WA16407,2,9,0,18,0,8,0,0,0,0,1,1,6,1,54,8,-1,-1,-1,4,1,4
201604WA16408,1,9,0,18,0,0,0,0,0,0,1,1,6,1,19,4,998,1,3,5,1,5
201604WA16409,1,11,0,9,0,6,0,0,0,0,1,1,1,1,26,6,8268,2,14,2,1,2
201604WA16409,2,9,0,4,0,8,0,0,0,0,2,1,6,1,64,9,1596,1,7,1,1,1
201604WA16410,1,9,0,4,0,0,0,0,0,0,1,1,2,1,20,4,1197,1,-1,10,1,10
201604WA16410,2,9,0,3,0,0,0,0,0,0,2,1,6,1,26,6,1149,1,9,4,1,4
201604WA16411,1,9,0,9,0,6,0,0,0,0,1,1,6,1,17,4,1229,1,9,8,1,8
201604WA16411,2,9,0,18,0,8,0,0,0,0,1,1,6,2,36,7,1999,1,8,7,1,7
201604WA16412,1,9,0,18,0,0,0,0,0,0,3,1,3,2,26,6,998,1,16,4,1,4
201604WA16413,1,9,0,7,0,5,0,0,0,0,1,1,6,1,33,6,2143,2,1,8,1,8
201604WA16414,1,9,0,16,0,0,1,0,0,0,1,1,6,2,26,6,1999,1,2,8,1,8
201604WA16414,2,9,0,17,0,0,0,0,0,0,3,1,6,1,45,7,1997,2,6,-1,1,-1
201604WA16415,1,9,0,9,0,8,0,0,0,0,1,1,2,2,32,6,1198,1,3,7,1,7
201604WA16415,2,8,0,18,0,1,0,0,0,0,1,1,1,1,32,6,-1,3,1,5,1,5
201604WA16416,1,9,0,4,0,1,0,0,0,0,1,1,6,3,-1,-1,-1,-1,-1,-1,-1,-1
201604WA16417,1,9,0,18,0,1,5,0,0,0,1,1,2,2,58,9,1198,1,9,-1,-1,-1
201604WA16418,1,9,0,6,0,0,0,0,0,0,3,1,6,1,43,7,2000,1,8,-1,-1,-1
201604WA16418,2,4,0,13,0,0,1,0,0,0,1,1,6,1,20,4,400,1,28,10,1,10
201604WA16419,1,8,0,18,0,8,0,0,0,0,1,1,1,1,52,8,1996,2,8,7,2,7
201604WA16420,1,9,0,18,0,1,0,0,0,0,1,1,6,1,66,10,1461,2,-1,6,1,6
201604WA16420,2,9,0,18,0,1,0,0,0,0,1,1,6,2,30,6,998,1,2,-1,-1,-1
201604WA16421,1,9,0,5,0,2,0,0,0,0,1,1,6,1,23,5,1997,2,12,1,1,1
201604WA16421,2,1,0,18,0,1,0,0,0,0,1,1,6,1,30,6,-1,-1,-1,5,1,5
201604WA16422,1,9,0,5,0,6,0,0,8,0,3,1,6,2,24,5,1364,1,8,4,1,4
201604WA16422,2,8,0,5,0,8,0,0,0,0,1,1,1,1,62,9,-1,3,1,-1,-1,-1
201604WA16422,3,8,0,3,0,1,0,0,0,0,1,1,1,1,62,9,1560,2,8,4,1,4
201604WA16423,1,9,0,10,0,5,0,0,0,0,1,1,6,2,40,7,-1,-1,-1,5,1,5
201604WA16423,2,9,0,18,0,8,0,0,0,0,1,1,1,1,21,5,1461,2,1,6,1,6
201604WA16424,1,9,0,18,0,8,0,0,0,0,4,1,2,1,18,4,1229,1,10,3,1,3
201604WA16424,2,8,0,18,0,8,0,0,0,0,1,1,1,1,39,7,-1,3,-1,4,1,4
201604WA16425,1,9,0,5,0,1,0,0,0,0,1,1,6,2,39,7,1598,1,9,10,1,10
201604WA16425,2,9,0,5,0,1,0,0,0,0,1,1,2,1,67,10,2698,2,5,8,1,8
201604WA16427,1,9,0,18,0,0,0,0,0,0,3,1,6,1,36,7,3490,1,13,4,1,4
201604WA16428,1,9,0,18,0,0,0,0,0,0,1,1,6,1,56,9,1781,1,13,3,1,3
201604WA16429,1,8,0,5,0,6,0,0,0,0,0,1,1,1,49,8,1997,2,7,9,1,9
201604WA16430,1,9,0,18,0,0,0,0,0,0,4,1,6,3,-1,-1,-1,-1,-1,-1,-1,-1
201604WA16431,1,9,0,4,0,0,0,0,0,0,1,1,6,3,-1,-1,1199,1,17,-1,-1,-1
201604WA16431,2,9,0,3,0,0,0,0,0,0,2,1,6,2,41,7,2204,2,8,4,1,4
201604WA16432,1,5,0,13,0,0,0,0,0,10,4,1,6,1,28,6,599,1,19,9,1,9
201604WA16432,2,9,0,18,0,0,0,0,0,0,3,1,6,1,45,7,1198,1,-1,2,1,2
201604WA16433,1,19,0,18,0,0,1,0,2,7,4,1,2,1,35,6,1995,2,2,7,1,7
201604WA16433,2,9,0,18,0,0,0,0,0,0,2,1,6,1,49,8,998,1,1,-1,-1,-1
201604WA16433,3,9,0,4,0,0,0,0,0,0,2,1,6,1,21,5,-1,-1,-1,-1,-1,-1
201604WA16435,1,9,0,4,0,8,0,0,0,0,0,1,6,1,-1,-1,1364,1,7,1,1,1
201604WA16435,2,2,0,4,0,1,0,0,0,0,0,1,6,1,23,5,49,1,14,3,1,3
201604WA16436,1,9,0,18,0,0,0,0,0,0,1,1,6,1,63,9,2000,1,7,5,1,5
201604WA16436,2,9,0,9,0,0,0,0,0,0,2,1,6,1,48,8,2477,2,10,7,2,7
201604WA16437,1,9,0,18,0,1,0,0,0,0,1,1,6,1,21,5,1796,1,12,2,1,2
201604WA16437,2,9,0,18,0,1,0,0,0,0,2,1,6,1,19,4,1395,1,2,9,1,9
201604WA16438,1,9,0,18,0,2,0,0,0,0,1,1,6,1,52,8,1999,1,5,6,1,6
201604WA16439,1,9,0,5,0,0,0,0,0,0,3,1,1,1,34,6,1798,8,1,2,1,2
201604WA16440,1,1,0,18,0,8,0,0,0,0,1,1,6,1,45,7,-1,-1,-1,4,1,4
201604WA16440,2,19,0,9,0,8,0,0,0,0,1,1,6,3,-1,-1,-1,-1,-1,-1,-1,-1
201604WA16441,1,9,0,9,0,8,0,0,0,0,1,1,1,2,41,7,998,1,4,3,2,3
201604WA16441,2,9,0,18,0,8,0,0,0,0,1,1,6,2,30,6,1796,1,9,7,1,7
201604WA16442,1,9,0,4,0,4,0,0,0,0,4,1,6,1,72,10,1797,8,1,6,1,6
201604WA16443,1,9,0,18,0,1,0,0,0,0,1,1,6,2,59,9,1242,1,8,1,1,1
201604WA16444,1,9,0,18,0,2,0,0,0,0,4,1,6,1,41,7,1998,1,14,1,1,1
201604WA16444,2,9,0,18,0,2,0,0,0,0,1,1,6,2,37,7,1229,1,3,4,1,4
201604WA16445,1,11,0,18,0,8,0,0,0,0,4,1,1,1,48,8,-1,2,16,-1,-1,-1
201604WA16445,2,1,0,18,0,8,0,0,0,0,3,1,6,1,52,8,-1,-1,-1,2,1,2
201604WA16446,1,9,0,5,0,0,0,0,0,0,3,1,1,1,30,6,1995,2,11,7,1,7
201604WA16446,2,3,0,18,0,0,0,0,7,0,1,1,1,1,35,6,125,1,1,1,1,1
201604WA16447,1,9,0,9,0,1,0,0,0,0,1,1,6,2,54,8,1598,1,3,6,1,6
201604WA16447,2,9,0,18,0,2,0,0,0,0,1,1,6,1,61,9,1364,1,4,1,1,1
201604WA16448,1,8,0,18,0,0,0,0,0,0,1,1,1,1,62,9,1997,2,4,4,1,4
201604WA16449,1,8,0,18,0,8,0,0,0,0,1,1,1,1,58,9,1999,1,8,3,1,3
201604WA16449,2,9,0,18,0,1,0,4,0,0,4,1,6,1,31,6,-1,-1,-1,8,1,8
201604WA16449,3,9,0,2,0,1,0,0,0,0,4,1,6,3,-1,-1,1560,2,8,-1,-1,-1
201604WA16450,1,8,0,18,0,4,0,0,0,0,1,1,6,1,45,7,-1,3,1,3,1,3
201604WA16450,2,9,0,18,0,3,0,0,0,0,2,1,1,1,22,5,1560,2,-1,9,1,9
201604WA16451,1,9,4,7,5,5,0,0,0,0,4,1,6,1,57,9,1598,1,8,7,1,7
201604WA16451,2,1,0,18,5,8,0,0,0,0,1,1,6,1,36,7,-1,-1,-1,6,3,6
201604WA16452,1,10,0,18,0,0,0,0,0,0,1,1,6,1,70,10,-1,-1,-1,-1,2,-1
201604WA16452,2,9,0,18,0,0,0,0,0,0,1,1,6,2,44,7,1984,1,13,2,1,2
201604WA16452,3,9,0,4,0,0,0,0,0,0,2,1,6,1,22,5,1998,1,-1,8,1,8
201604WA16453,1,19,0,5,0,1,0,0,0,0,1,1,6,3,-1,-1,1868,2,13,-1,-1,-1
201604WA16453,2,9,0,18,0,1,0,0,0,0,4,1,6,1,22,5,1796,1,10,3,1,3
201604WA16454,1,9,0,3,0,2,0,0,0,0,1,1,6,3,-1,-1,-1,-1,-1,-1,-1,-1
201604WA16455,1,9,0,4,0,0,1,0,0,0,1,1,2,1,28,6,1995,2,9,6,1,6
201604WA16455,2,9,0,4,0,0,0,0,0,0,2,1,2,1,27,6,-1,-1,-1,4,1,4
201604WA16456,1,8,0,5,0,8,0,0,0,0,4,1,2,1,52,8,1997,2,9,-1,-1,-1
201604WA16456,2,5,0,18,0,1,0,0,0,0,1,1,2,1,53,8,998,1,12,6,1,6
201604WA16457,1,9,0,18,0,8,0,0,0,0,1,1,6,3,-1,-1,-1,-1,-1,-1,-1,-1
201604WA16457,2,1,0,18,0,8,0,0,0,0,4,1,6,1,11,3,-1,-1,-1,1,1,1
201604WA16458,1,2,0,5,0,1,0,0,0,0,1,1,2,1,56,9,49,1,4,-1,-1,-1
201604WA16458,2,9,0,5,0,1,0,0,0,0,2,1,6,3,65,9,-1,-1,-1,-1,-1,-1
201604WA16459,1,9,0,7,0,8,0,0,0,0,1,1,6,3,75,10,1299,1,15,1,1,1
201604WA16461,1,21,0,5,0,1,0,0,0,0,1,1,1,1,28,6,6700,2,1,1,1,1
201604WA16462,1,9,0,18,0,1,0,0,0,0,2,1,2,2,38,7,1240,1,11,6,1,6
201604WA16462,2,9,0,18,0,1,0,0,0,0,1,1,6,1,26,6,1896,2,12,9,1,9
201604WA16463,1,9,0,18,0,4,0,0,0,0,1,1,6,1,47,8,2993,2,3,-1,-1,-1
201604WA16463,2,9,0,9,0,8,0,0,0,0,1,1,6,1,31,6,1796,1,13,5,1,5
201604WA16464,1,9,0,18,0,8,0,0,0,0,1,1,6,1,24,5,1461,2,2,7,1,7
201604WA16464,2,9,0,4,0,5,0,0,0,0,2,1,6,1,53,8,1198,1,2,-1,1,-1
201604WA16465,1,9,0,9,0,1,0,0,0,0,1,1,3,2,36,7,1997,1,11,4,1,4
201604WA16465,2,9,0,18,0,1,0,0,1,0,3,1,2,2,32,6,1390,1,8,5,1,5
201604WA16466,1,9,0,18,0,1,0,0,0,0,1,1,3,2,25,5,1995,2,5,1,1,1
201604WA16466,2,90,0,4,0,1,0,0,0,0,2,1,1,1,49,8,-1,-1,-1,-1,-1,-1
201604WA16467,1,9,0,18,0,0,0,0,0,0,1,1,2,2,49,8,1086,1,9,6,2,6
201604WA16468,1,9,0,18,0,0,0,0,0,0,1,1,6,1,26,6,-1,-1,-1,4,1,4
201604WA16468,2,9,0,4,0,0,0,0,0,0,2,1,6,2,31,6,1997,2,1,4,1,4
201604WA16469,1,9,0,7,0,1,1,0,1,2,3,1,6,1,39,7,1868,2,15,6,3,6
201604WA16470,1,9,0,9,0,2,0,0,0,0,1,1,6,2,45,7,1329,1,1,3,1,3
201604WA16470,2,1,0,15,0,1,0,0,0,0,1,1,6,1,44,7,-1,-1,-1,1,1,1
201604WA16471,1,9,0,18,0,4,0,0,8,2,1,1,6,2,46,8,1390,1,16,1,1,1
201604WA16472,1,9,0,18,0,0,2,0,1,10,2,1,6,1,49,8,1988,1,17,3,1,3
201604WA16473,1,9,0,16,0,0,0,4,0,0,1,1,6,1,48,8,1560,2,10,2,1,2
201604WA16473,2,9,0,2,0,0,0,0,0,0,2,1,6,3,-1,-1,1364,1,2,-1,-1,-1
201604WA16474,1,9,0,18,0,0,0,0,0,0,1,1,6,1,23,5,1968,2,4,-1,-1,-1
201604WA16474,2,90,0,18,0,0,0,0,1,0,2,1,6,1,58,9,-1,-1,-1,10,1,10
201604WA16475,1,19,0,5,0,8,0,0,0,0,4,1,6,1,24,5,2198,2,1,3,1,3
201604WA16475,2,9,0,18,0,1,0,0,0,0,3,1,6,1,71,10,1598,1,16,5,1,5
201604WA16476,1,19,0,18,0,0,2,0,1,10,1,1,1,1,28,6,1560,2,-1,5,1,5
201604WA16477,1,9,0,5,0,1,0,0,0,0,1,1,6,2,61,9,1598,1,16,1,1,1
201604WA16478,1,9,0,1,0,6,0,0,0,0,2,1,6,1,21,5,1598,2,1,-1,-1,-1
201604WA16479,1,9,0,5,0,6,0,0,0,0,1,1,6,3,-1,-1,-1,-1,-1,-1,-1,-1
201604WA16480,1,90,0,4,0,3,0,0,0,0,2,1,1,1,19,4,-1,-1,-1,5,1,5
201604WA16480,2,9,0,3,0,3,0,0,0,0,1,1,2,2,25,5,1995,2,1,7,1,7