Accident_Index,Vehicle_Reference,Vehicle_Type,Towing_and_Articulation,Vehicle_Manoeuvre,Vehicle_Location-Restricted_Lane,Junction_Location,Skidding_and_Overturning,Hit_Object_in_Carriageway,Vehicle_Leaving_Carriageway,Hit_Object_off_Carriageway,1st_Point_of_Impact,Was_Vehicle_Left_Hand_Drive?,Journey_Purpose_of_Driver,Sex_of_Driver,Age_of_Driver,Age_Band_of_Driver,Engine_Capacity_(CC),Propulsion_Code,Age_of_Vehicle,Driver_IMD_Decile,Driver_Home_Area_Type,Vehicle_IMD_Decile
201604WA16481,1,9,0,9,0,0,0,0,0,0,3,1,6,3,-1,-1,-1,-1,-1,-1,-1,-1
201604WA16481,2,3,0,18,0,0,0,0,0,0,3,1,1,1,18,4,124,1,4,1,1,1
201604WA16482,1,9,0,18,0,8,0,0,0,0,0,1,1,3,27,6,1582,2,2,-1,-1,-1
201604WA16482,2,9,0,18,0,8,0,0,1,0,1,1,6,1,22,5,1388,1,11,-1,-1,-1
201604WA16482,3,9,0,18,0,8,1,4,0,0,4,1,6,2,27,6,1364,1,7,-1,-1,-1
201604WA16483,1,9,0,9,0,8,0,0,0,0,1,1,6,1,64,9,1798,1,10,3,1,3
201604WA16483,2,9,0,18,0,8,0,0,0,0,1,1,6,2,60,9,1968,2,-1,9,1,9
201604WA16484,1,9,0,18,0,0,1,4,0,0,1,1,2,2,18,4,998,1,6,6,1,6
201604WA16484,2,19,0,2,0,0,0,0,0,0,2,1,6,3,-1,-1,2977,2,12,-1,-1,-1
201604WA16485,1,9,0,7,0,0,0,0,0,0,1,1,2,1,37,7,1999,1,8,3,1,3
201604WA16486,1,9,0,3,0,1,0,0,0,0,1,1,6,2,66,10,1598,1,4,6,1,6
201604WA16486,2,9,0,2,0,1,0,0,0,0,2,1,1,1,50,8,1461,2,1,8,2,8
201604WA16487,1,9,0,4,0,1,0,0,0,0,1,1,6,2,50,8,1997,1,15,4,1,4
201604WA16487,2,9,0,3,0,1,0,0,0,0,2,1,6,1,26,6,1598,1,2,5,1,5
201604WA16488,1,9,0,18,0,1,0,0,0,0,1,1,6,2,40,7,1199,1,13,1,1,1
201604WA16488,2,9,0,16,0,1,0,0,0,0,1,1,6,2,36,7,1390,1,6,1,1,1
201604WA16489,1,10,0,1,1,1,5,0,0,0,0,1,1,1,55,8,-1,-1,-1,7,3,7
201604WA16489,2,8,0,18,0,1,0,0,0,0,1,1,1,1,38,7,1596,1,7,2,1,2
201604WA16490,1,9,0,18,0,0,1,0,1,10,1,1,2,1,29,6,1398,1,3,1,1,1
201604WA16491,1,4,0,18,0,1,2,0,0,0,1,1,6,1,27,6,244,1,13,5,1,5
201604WA16491,2,9,0,3,0,1,0,0,0,0,2,1,6,1,23,5,1198,1,10,9,1,9
201604WA16492,1,9,0,18,0,1,0,0,1,3,1,1,6,1,54,8,2967,1,17,4,1,4
201604WA16492,2,9,0,9,0,1,0,0,0,0,0,1,6,3,-1,-1,1753,2,7,-1,-1,-1
201604WA16493,1,19,0,9,0,2,0,0,0,0,1,1,1,1,30,6,2198,2,1,5,1,5
201604WA16494,1,19,0,18,0,1,0,0,0,0,4,1,2,1,41,7,1598,2,-1,5,1,5
201604WA16495,1,9,0,5,0,8,0,0,0,0,1,1,6,1,23,5,-1,-1,-1,1,1,1
201604WA16496,1,9,0,18,0,1,0,0,0,0,1,1,6,1,18,4,2000,2,12,-1,3,-1
201604WA16496,2,9,0,18,0,1,0,0,0,0,1,1,6,1,76,11,1984,2,3,4,1,4
201604WA16497,1,9,0,7,0,8,1,0,7,0,4,1,6,3,-1,-1,1124,1,11,-1,-1,-1
201604WA16498,1,9,0,5,0,2,0,0,0,0,1,1,6,2,17,4,998,1,3,3,1,3
201604WA16498,2,9,0,18,0,1,2,0,2,0,3,1,6,2,55,8,1248,2,2,1,1,1
201604WA16499,1,9,0,18,0,4,0,0,0,0,1,1,6,2,42,7,-1,-1,-1,5,1,5
201604WA16499,2,9,0,3,0,4,0,0,0,0,2,1,6,1,57,9,1685,2,-1,5,1,5
201604WA16500,1,9,0,5,0,2,0,0,0,0,1,1,6,2,32,6,1896,2,9,4,1,4
201604WA16501,1,9,0,18,0,0,0,10,0,0,1,1,6,1,59,9,2967,2,2,4,1,4
201604WA16501,2,9,0,18,0,0,0,10,1,10,1,1,6,2,44,7,1797,8,5,7,1,7
201604WA16502,1,11,0,18,0,0,0,0,0,0,0,1,1,1,36,7,-1,-1,-1,2,1,2
201604WA16503,1,9,0,18,0,0,0,0,0,0,1,1,6,1,36,7,998,1,13,1,1,1
201604WA16503,2,9,0,2,0,0,0,0,0,0,3,1,6,3,-1,-1,1198,1,5,-1,-1,-1
201604WA16504,1,9,0,14,0,0,0,0,0,0,0,1,1,2,26,6,1248,2,6,6,1,6
201604WA16505,1,9,0,9,0,2,0,0,0,0,1,1,2,2,45,7,1397,1,5,1,1,1
201604WA16506,1,9,0,9,0,8,0,0,0,0,1,1,2,1,62,9,1995,2,5,6,3,6
201604WA16506,2,21,0,18,0,8,0,0,0,0,1,1,1,1,37,7,12740,2,2,7,1,7
201604WA16507,1,9,0,4,0,1,0,0,1,10,3,1,6,2,50,8,1329,1,1,1,1,1
201604WA16507,2,9,0,9,0,1,0,0,0,0,1,1,6,1,47,8,1995,2,7,3,1,3
201604WA16508,1,9,0,5,0,6,0,0,0,0,4,1,6,2,22,5,998,1,1,3,1,3
201604WA16508,2,9,0,18,0,8,0,0,0,0,3,1,6,3,-1,-1,1595,1,11,-1,-1,-1
201604WA16509,1,9,0,13,0,8,0,0,0,0,1,1,1,2,29,6,998,1,15,4,1,4
201604WA16509,2,9,0,7,0,8,0,0,0,0,1,1,1,2,23,5,1598,2,4,7,1,7
201604WA16510,1,9,0,16,0,1,1,0,0,0,1,1,6,1,23,5,1395,1,-1,1,1,1
201604WA16510,2,9,0,17,0,1,0,0,0,0,1,1,6,1,23,5,-1,-1,-1,4,1,4
201604WA16511,1,9,0,18,0,8,1,0,1,2,1,1,6,1,30,6,1242,1,13,1,1,1
201604WA16512,1,9,0,16,0,0,0,0,1,4,1,1,6,1,23,5,1149,1,13,9,1,9
201604WA16513,1,9,0,18,0,0,0,7,1,4,1,1,2,1,21,5,1499,2,3,4,2,4
201604WA16514,1,9,0,18,0,8,5,0,0,0,4,1,6,2,60,9,1124,1,11,6,1,6
201604WA16514,2,9,0,18,1,8,0,0,0,0,1,1,6,2,56,9,2461,2,18,6,1,6
201604WA16515,1,2,0,18,0,0,1,11,0,2,4,1,2,1,20,4,49,1,12,5,1,5
201604WA16516,1,5,0,18,0,1,1,0,0,0,4,1,6,1,69,10,955,1,13,9,2,9
201604WA16516,2,9,0,18,0,1,0,0,0,0,2,1,2,2,67,10,1587,1,14,5,1,5
201604WA16517,1,9,0,18,0,1,0,0,0,0,1,1,6,1,73,10,1422,2,10,7,1,7
201604WA16517,2,9,0,3,0,1,0,0,0,0,2,1,2,1,31,6,1796,1,10,1,1,1
201604WA16518,1,8,0,15,0,2,0,0,7,10,1,1,6,1,28,6,1364,1,10,1,1,1
201604WA16519,1,9,0,9,0,8,0,0,0,0,4,1,6,1,59,9,1388,1,14,3,1,3
201604WA16519,2,8,0,18,0,8,0,0,0,0,1,1,1,1,61,9,-1,3,1,-1,-1,-1
201604WA16520,1,3,0,18,0,0,0,0,0,0,1,1,2,1,46,8,124,1,7,6,1,6
201604WA16520,2,9,0,6,0,0,0,0,0,0,3,1,6,1,22,5,1229,1,3,1,1,1
201604WA16521,1,9,0,6,0,0,0,0,0,1,3,1,6,2,34,6,1461,2,2,2,1,2
201604WA16521,2,3,0,18,0,0,2,0,0,0,1,1,6,1,29,6,124,1,4,5,1,5
201604WA16521,3,9,0,18,0,0,0,0,0,0,0,1,6,1,36,7,1997,2,9,-1,-1,-1
201604WA16521,4,3,0,18,0,0,0,0,0,0,0,1,6,1,28,6,125,1,2,-1,-1,-1
201604WA16522,1,9,0,4,0,0,0,0,0,0,1,1,6,2,52,8,1986,2,8,7,1,7
201604WA16522,2,9,0,4,0,0,0,0,0,0,2,1,6,1,51,8,2143,2,1,9,1,9
201604WA16523,1,3,0,13,0,1,0,0,0,0,3,1,6,1,22,5,108,1,1,7,1,7
201604WA16523,2,9,0,5,0,1,0,0,0,0,3,1,6,2,41,7,1242,1,9,2,1,2
201604WA16524,1,3,0,9,0,3,1,11,0,0,3,1,2,2,29,6,125,1,-1,10,2,10
201604WA16525,1,9,0,5,0,8,0,0,7,1,4,1,6,1,41,7,1598,2,-1,1,1,1
201604WA16525,2,9,0,18,0,8,0,0,0,0,1,1,6,2,30,6,1329,1,4,2,1,2
201604WA16526,1,9,0,6,0,8,0,0,0,0,3,1,6,2,44,7,2993,2,11,7,1,7
201604WA16527,1,9,0,2,0,8,0,0,0,0,3,1,6,1,79,11,1086,1,8,3,1,3
201604WA16527,2,1,0,14,0,8,5,0,0,0,1,1,6,1,47,8,-1,-1,-1,6,1,6
201604WA16528,1,9,0,18,0,1,0,0,0,0,1,1,6,2,84,11,1299,1,14,4,1,4
201604WA16528,2,9,0,3,0,1,0,0,0,0,2,1,6,1,45,7,1968,2,5,2,1,2
201604WA16528,3,9,0,3,0,1,0,0,0,0,1,1,6,2,61,9,799,2,6,3,1,3
201604WA16529,1,9,0,7,0,2,0,0,0,0,1,1,6,2,18,4,998,1,7,7,1,7
201604WA16529,2,9,0,18,0,8,0,0,0,0,4,1,6,2,70,10,1596,1,2,2,1,2
201604WA16530,1,9,0,17,0,0,2,10,0,4,1,1,6,1,39,7,1124,1,26,-1,-1,-1
201604WA16530,2,9,0,16,0,0,0,0,0,0,0,1,6,1,36,7,1988,2,10,-1,-1,-1
201604WA16531,1,9,0,18,0,1,0,0,0,0,1,1,6,1,20,4,1242,1,19,6,3,6
201604WA16531,2,9,0,3,0,1,0,0,0,0,2,1,6,2,45,7,1798,1,2,9,1,9
201604WA16532,1,9,0,6,0,0,0,0,0,0,1,1,6,3,-1,-1,-1,-1,-1,-1,-1,-1
201604WA16532,2,1,0,18,0,0,0,0,0,0,3,1,6,1,40,7,-1,-1,-1,2,1,2
201604WA16534,1,9,0,18,0,1,0,0,0,0,2,1,6,1,23,5,1596,1,3,3,1,3
201604WA16534,2,9,0,4,0,1,0,0,0,0,2,1,6,2,46,8,1200,1,2,4,1,4
201604WA16535,1,9,0,18,0,1,0,0,0,0,2,1,6,1,59,9,1968,2,1,5,1,5
201604WA16535,2,9,0,3,0,1,0,0,0,0,2,1,6,2,33,6,1991,2,11,3,1,3
201604WA16536,1,9,0,18,0,1,0,0,0,0,1,1,6,2,28,6,1199,1,15,1,1,1
201604WA16536,2,9,0,9,0,6,0,0,0,0,1,1,6,3,-1,-1,-1,-1,-1,-1,-1,-1
201604WA16537,1,8,0,18,0,8,0,0,0,0,1,1,1,1,58,9,1997,2,8,4,1,4
201604WA16538,1,9,0,5,0,1,0,0,0,0,1,1,6,1,52,8,-1,-1,-1,3,1,3
201604WA16538,2,1,0,18,0,1,0,0,0,0,4,1,1,1,40,7,-1,-1,-1,-1,-1,-1
201604WA16539,1,9,0,18,0,8,0,0,7,0,4,1,1,1,56,9,1560,2,11,3,1,3
201604WA16539,2,9,0,18,0,1,0,0,0,0,1,1,6,1,32,6,4163,1,10,1,1,1
201604WA16540,1,9,0,4,0,0,0,0,0,0,1,1,6,2,20,4,998,1,1,8,1,8
201604WA16540,2,9,0,3,0,0,0,0,0,0,2,1,6,1,38,7,1896,2,12,1,1,1
201604WA16541,1,9,0,12,0,0,0,0,0,0,1,1,6,2,-1,-1,1995,1,7,-1,-1,-1
201604WA16541,2,9,5,18,0,0,0,0,0,1,4,1,6,1,23,5,1994,1,18,4,1,4
201604WA16542,1,9,0,9,0,8,0,0,4,4,3,1,6,1,58,9,1995,2,1,1,1,1
201604WA16542,2,9,0,18,0,8,0,0,4,0,4,1,6,1,71,10,1956,2,3,10,2,10
201604WA16543,1,8,0,6,0,8,0,0,0,0,3,1,1,1,52,8,1956,2,5,8,1,8
201604WA16543,2,3,0,18,0,1,0,0,0,0,4,1,6,1,19,4,125,1,1,1,1,1
201604WA16544,1,9,0,9,0,2,0,0,0,0,1,1,2,2,54,8,1685,2,5,9,1,9
201604WA16545,1,9,0,18,0,0,2,0,0,0,3,1,6,1,21,5,1360,1,7,6,3,6
201604WA16546,1,90,0,1,0,1,0,0,0,0,2,1,1,1,66,10,-1,-1,-1,3,1,3
201604WA16547,1,9,0,9,0,4,0,0,0,0,2,1,6,1,27,6,2088,2,17,7,2,7
201604WA16547,2,8,0,18,0,4,0,0,0,0,3,1,1,1,55,8,2664,2,16,2,1,2
201604WA16548,1,9,0,14,0,0,0,10,0,0,1,1,1,1,50,8,1870,2,10,6,1,6
201604WB16001,1,9,0,16,0,0,1,4,7,10,1,1,6,1,35,6,998,1,10,1,1,1
201604WB16001,2,9,0,2,0,0,0,0,0,0,3,1,6,1,78,11,1598,2,2,2,1,2
201604WB16001,3,9,0,2,0,0,0,0,0,0,3,1,6,2,74,10,1587,1,10,2,1,2
201604WB16001,4,9,0,2,0,0,0,0,0,0,3,1,6,1,58,9,1461,2,10,4,1,4
201604WB16001,5,9,0,2,0,0,0,0,0,0,3,1,6,1,76,11,1339,1,11,2,1,2
201604WB16002,1,9,0,17,0,0,1,0,1,2,1,1,6,1,22,5,-1,-1,-1,7,3,7
201604WB16003,1,9,0,18,0,0,0,0,7,10,1,1,6,1,69,10,-1,-1,-1,6,3,6
201604WB16003,2,9,0,18,0,0,0,0,0,0,1,1,6,1,25,5,-1,-1,-1,7,1,7
201604WB16004,1,9,0,18,0,4,0,0,7,2,1,1,6,1,81,11,1197,1,1,7,1,7
201604WB16004,2,9,0,3,0,4,0,0,0,0,2,1,6,2,37,7,1997,2,6,9,2,9
201604WB16005,1,9,0,9,0,4,0,0,0,0,3,1,6,3,-1,-1,-1,-1,-1,-1,-1,-1
201604WB16005,2,5,0,18,0,3,2,0,7,0,4,1,6,1,71,10,670,1,4,2,1,2
201604WB16006,1,1,0,18,5,0,5,0,0,10,1,1,6,1,56,9,-1,-1,-1,3,1,3
201604WB16007,1,3,0,18,0,0,1,0,2,10,4,1,6,1,26,6,125,1,2,1,1,1
201604WB16008,1,9,0,5,0,4,0,0,0,0,1,1,6,3,-1,-1,-1,-1,-1,-1,-1,-1
201604WB16008,2,9,0,9,0,4,0,0,0,0,1,1,6,1,68,10,1598,2,2,7,3,7
201604WB16009,1,20,0,18,0,0,0,0,0,0,1,1,1,1,26,6,4462,2,3,5,1,5
201604WB16009,2,9,0,18,0,0,0,0,0,0,2,1,6,1,53,8,1799,1,8,3,1,3
201604WB16009,3,9,0,18,0,0,0,0,0,0,2,1,6,2,45,7,2497,2,6,2,1,2
201604WB16010,1,9,0,4,0,1,0,0,0,0,1,1,6,2,75,10,999,1,12,7,3,7
201604WB16010,2,9,0,4,0,1,0,0,0,0,2,1,6,1,35,6,1598,2,1,8,1,8
201604WB16010,3,9,0,4,0,1,0,0,0,0,2,1,6,2,64,9,1995,2,2,8,1,8
201604WB16011,1,9,0,18,0,1,0,0,0,0,4,1,6,2,43,7,1598,2,-1,2,1,2
201604WB16012,1,5,0,13,0,0,1,0,7,9,3,1,6,1,20,4,599,1,17,1,1,1
201604WB16012,2,9,0,13,0,0,0,0,0,0,0,1,6,2,43,7,1596,1,15,1,1,1
201604WB16013,1,9,0,5,0,4,0,0,0,0,3,1,6,1,83,11,1461,2,7,2,1,2
201604WB16013,2,1,0,5,0,4,0,0,0,0,4,1,6,1,51,8,-1,-1,-1,-1,-1,-1
201604WB16015,1,1,0,17,0,0,1,0,1,0,1,1,6,1,37,7,-1,-1,-1,8,1,8
201604WB16016,1,9,0,18,0,0,0,0,0,0,4,1,6,2,20,4,998,1,2,10,1,10
201604WB16017,1,9,0,18,0,4,0,0,3,1,1,1,6,1,58,9,1799,1,7,9,1,9
201604WB16018,1,19,0,18,0,1,0,0,0,0,1,1,1,1,51,8,-1,-1,-1,3,1,3
201604WB16020,1,9,0,4,0,1,0,0,0,0,2,1,6,2,34,6,1997,1,11,5,2,5
201604WB16020,2,9,0,3,0,1,0,0,0,0,1,1,6,1,32,6,1796,1,16,1,1,1
201604WB16021,1,5,0,18,0,3,0,0,0,0,0,1,6,1,54,8,806,1,1,10,1,10
201604WB16022,1,1,0,4,0,1,1,0,0,0,1,1,6,1,21,5,-1,-1,-1,4,1,4
201604WB16022,2,9,0,17,0,8,0,0,0,0,1,1,1,2,22,5,1995,2,1,2,1,2
201604WB16023,1,5,0,16,0,1,0,10,0,0,1,1,2,1,32,6,599,1,11,7,1,7
201604WB16024,1,9,0,18,0,0,1,0,8,4,1,1,6,1,25,5,-1,-1,-1,3,2,3
201604WB16025,1,3,0,7,0,2,0,0,0,0,0,1,6,2,18,4,49,1,2,7,1,7
201604WB16026,1,9,0,17,0,0,0,0,0,0,3,1,6,1,63,9,1390,1,14,2,1,2
201604WB16026,2,9,0,16,0,0,0,0,0,0,1,1,6,1,53,8,998,1,16,3,1,3
201604WB16027,1,9,0,9,0,8,0,0,0,0,3,1,6,1,48,8,2902,2,13,9,3,9
201604WB16027,2,3,0,4,0,1,0,0,0,0,1,1,2,1,29,6,125,1,2,7,1,7
201604WB16028,1,9,0,16,0,1,0,7,0,0,1,1,6,1,27,6,5700,1,19,2,1,2
201604WB16029,1,9,0,9,0,8,0,0,0,0,3,1,6,1,52,8,1998,1,11,7,2,7
201604WB16029,2,2,0,18,0,1,1,0,0,0,1,1,6,1,18,4,50,1,11,-1,-1,-1
201604WB16030,1,1,0,17,0,0,0,0,0,0,0,1,2,1,48,8,-1,-1,-1,6,3,6
201604WB16031,1,21,1,3,0,1,0,0,0,0,1,1,1,3,-1,-1,-1,-1,-1,-1,-1,-1
201604WB16031,2,9,0,5,0,1,0,0,0,0,2,1,6,2,53,8,1984,1,9,10,1,10
201604WB16032,1,9,0,18,0,0,0,0,0,0,0,1,6,3,-1,-1,-1,-1,-1,-1,-1,-1
201604WB16032,2,9,0,18,0,0,0,0,0,0,0,1,6,1,19,4,-1,-1,-1,-1,-1,-1
201604WB16033,1,9,0,7,0,1,0,0,0,0,1,1,6,3,-1,-1,-1,-1,-1,-1,-1,-1
201604WB16034,1,19,0,4,0,0,0,0,0,0,1,1,1,1,30,6,2198,2,4,1,1,1
201604WB16034,2,9,0,4,0,0,0,0,0,0,3,1,6,1,57,9,2400,2,1,4,1,4
201604WB16034,3,9,0,4,0,0,0,0,0,0,2,1,2,1,59,9,998,1,1,4,1,4
201604WB16035,1,9,0,9,0,5,0,0,0,0,4,1,6,1,29,6,1360,1,14,4,1,4
201604WB16035,2,19,0,18,0,8,0,0,0,0,1,1,6,1,34,6,2402,2,9,5,1,5
201604WB16036,1,9,0,18,9,1,0,0,1,0,3,1,6,2,47,8,2926,2,12,6,3,6
201604WB16037,1,9,0,16,0,0,0,0,0,0,1,1,6,1,26,6,1600,1,37,9,2,9
201604WB16037,2,9,0,17,0,0,0,0,0,0,1,1,6,1,41,7,1399,1,6,-1,-1,-1
201604WB16038,1,1,0,18,0,8,0,0,0,0,1,1,6,1,12,3,-1,-1,-1,3,1,3
201604WB16038,2,9,0,7,0,5,0,0,0,0,3,1,6,1,34,6,1686,2,9,1,1,1
201604WB16039,1,90,0,5,0,2,0,0,0,0,1,1,2,1,34,6,-1,-1,-1,4,1,4
201604WB16039,2,1,0,18,0,8,0,0,0,0,4,1,1,1,48,8,-1,-1,-1,8,1,8
201604WB16040,1,9,0,5,0,6,0,0,0,0,1,1,6,2,27,6,1956,2,5,4,1,4
201604WB16040,2,9,0,18,0,8,0,0,0,0,4,1,6,1,30,6,1896,2,14,5,1,5
201604WB16041,1,9,0,18,0,1,0,0,0,0,0,1,6,3,-1,-1,-1,-1,-1,-1,-1,-1
201604WB16041,2,11,0,18,0,1,0,0,0,0,0,1,1,1,33,6,6700,2,4,6,1,6
201604WB16042,1,9,0,18,0,0,0,10,0,10,1,1,6,1,19,4,1997,2,14,8,2,8
201604WB16043,1,9,0,17,0,0,1,0,7,2,1,1,6,1,26,6,1998,1,8,7,2,7
201604WB16044,1,9,0,18,0,6,0,0,7,0,1,1,6,2,39,7,-1,-1,-1,4,1,4
201604WB16044,2,9,0,18,0,8,0,0,0,0,1,1,6,1,36,7,1598,2,2,1,1,1
201604WB16045,1,21,0,5,0,1,0,0,0,0,1,1,1,1,51,8,12740,2,2,7,3,7
201604WB16045,2,1,0,18,0,1,0,0,0,0,2,1,6,1,56,9,-1,-1,-1,7,1,7
201604WB16046,1,9,0,18,0,1,1,0,0,0,1,1,3,1,33,6,1796,1,17,1,1,1
201604WB16046,2,9,0,5,0,1,0,0,1,0,1,1,6,2,29,6,1970,1,15,6,3,6
201604WB16047,1,9,0,9,0,1,0,0,0,0,1,1,6,2,47,8,1400,1,8,7,1,7
201604WB16048,1,9,0,3,0,0,0,0,0,0,1,1,6,1,64,9,2148,2,7,8,1,8
201604WB16049,1,9,0,7,0,8,0,0,0,0,1,1,6,2,69,10,1242,1,14,8,1,8
201604WB16049,2,19,0,2,0,8,0,0,1,4,3,1,6,1,46,8,2488,2,7,-1,-1,-1
201604WB16050,1,9,0,18,0,0,5,0,1,0,1,1,6,1,72,10,2993,2,1,7,3,7
201604WB16050,2,9,0,9,0,0,0,0,0,0,2,1,1,1,44,7,1995,2,3,9,3,9
201604WB16050,3,9,0,18,0,0,0,0,0,0,1,1,6,1,77,11,2143,2,-1,10,3,10
201604WB16051,1,9,0,4,0,1,0,0,0,0,1,1,6,1,50,8,1591,1,3,5,1,5
201604WB16051,2,9,0,3,0,1,0,0,0,0,2,1,6,1,43,7,1995,2,6,7,1,7
201604WB16052,1,1,0,18,0,1,0,0,0,0,0,1,6,2,28,6,-1,-1,-1,2,1,2
201604WB16052,2,1,0,18,0,1,0,0,0,0,0,1,6,1,31,6,-1,-1,-1,2,1,2
201604WB16052,3,1,0,18,0,1,0,0,0,0,0,1,6,2,30,6,-1,-1,-1,4,1,4
201604WB16053,1,9,0,18,0,1,0,0,0,0,0,1,6,1,61,9,-1,-1,-1,9,2,9
201604WB16053,2,5,0,14,0,1,0,0,0,0,0,1,6,1,67,10,1340,1,7,6,1,6
201604WB16054,1,9,0,18,0,8,0,0,0,0,4,1,6,1,20,4,1910,2,10,1,1,1
201604WB16054,2,9,0,18,0,8,0,0,0,0,1,1,6,2,45,7,1560,2,5,4,1,4
201604WB16055,1,9,0,18,0,6,0,0,0,0,1,1,2,2,50,8,2204,2,11,9,2,9
201604WB16055,2,9,0,18,0,8,0,0,0,0,1,1,3,1,49,8,1461,2,3,5,1,5
201604WB16056,1,9,0,18,0,0,0,0,0,0,1,1,6,2,35,6,1596,1,9,4,1,4
201604WB16056,2,9,0,3,0,0,0,0,0,0,2,1,1,1,42,7,-1,-1,-1,7,1,7
201604WB16057,1,9,0,18,0,0,0,0,0,0,4,1,6,1,71,10,1868,2,11,1,1,1
201604WB16058,1,19,0,18,0,0,0,0,0,0,1,1,1,1,24,5,2198,2,4,-1,-1,-1
201604WB16058,2,9,0,18,0,0,0,0,0,0,3,1,6,2,31,6,1995,2,6,7,1,7
201604WB16059,1,9,0,18,0,0,0,0,0,0,1,1,2,1,62,9,1584,1,8,3,1,3
201604WB16059,2,9,0,18,0,0,0,0,0,0,2,1,6,2,36,7,1986,2,9,2,1,2
201604WB16059,3,9,0,18,0,0,0,0,0,0,2,1,6,1,35,6,998,1,2,4,1,4
201604WB16060,1,9,0,9,0,8,0,0,0,0,1,1,6,2,80,11,995,1,8,4,3,4
201604WB16060,2,9,0,18,0,1,0,0,0,0,1,1,6,1,63,9,1995,2,9,4,1,4
201604WB16061,1,2,0,5,0,0,0,0,0,0,1,1,1,1,35,6,49,1,15,1,1,1
201604WB16061,2,9,0,2,0,0,0,0,0,0,2,1,6,3,-1,-1,-1,-1,-1,-1,-1,-1
201604WB16062,1,9,0,11,0,0,1,0,0,0,2,1,6,2,51,8,1998,1,25,8,1,8
201604WB16062,2,9,0,18,0,0,2,0,1,0,2,1,6,1,74,10,1360,1,5,4,1,4
201604WB16063,1,3,0,18,0,0,0,0,1,0,1,1,6,1,19,4,124,1,1,1,1,1
201604WB16064,1,9,3,15,0,0,0,0,0,0,0,1,6,1,46,8,2835,2,17,8,3,8
201604WB16064,2,1,0,18,0,0,0,0,0,0,0,1,6,3,-1,-1,-1,-1,-1,-1,-1,-1
201604WB16065,1,9,0,17,7,0,1,0,8,10,3,1,6,1,23,5,993,1,14,6,2,6
201604WB16066,1,9,0,18,0,0,0,0,0,0,1,1,6,1,55,8,2460,2,9,4,1,4
201604WB16066,2,90,0,2,0,0,0,0,1,0,2,1,6,3,-1,-1,2286,2,12,-1,-1,-1
201604WB16066,3,9,0,2,0,0,0,0,0,0,2,1,6,3,-1,-1,1596,1,5,-1,-1,-1
201604WB16067,1,9,0,16,0,0,1,0,1,4,1,1,6,2,40,7,1399,2,12,3,1,3
201604WB16068,1,9,0,18,0,2,1,0,7,0,1,1,6,2,35,6,1598,1,3,7,3,7
201604WB16068,2,17,0,2,0,2,0,0,0,0,1,1,6,1,49,8,-1,2,6,6,3,6
201604WB16069,1,9,0,18,0,6,0,0,0,0,1,1,2,1,36,7,1781,1,13,7,2,7
201604WB16069,2,9,0,4,0,6,0,0,0,0,2,1,2,1,66,10,2902,2,10,9,1,9
201604WB16070,1,9,0,7,0,8,0,10,1,4,1,1,6,2,24,5,2000,2,11,8,3,8
201604WB16070,2,21,1,7,0,8,0,0,0,0,1,1,1,1,50,8,12902,2,1,6,1,6
201604WB16071,1,9,0,18,0,6,0,0,0,0,1,1,6,1,52,8,2401,2,9,2,1,2
201604WB16071,2,9,0,18,0,8,0,0,0,0,3,1,6,2,76,11,1086,1,10,10,2,10
201604WB16072,1,9,0,9,4,1,0,0,0,0,4,1,2,2,40,7,1299,1,17,3,1,3
201604WB16072,2,1,0,18,4,1,0,0,0,0,1,1,2,1,36,7,-1,-1,-1,7,3,7
201604WB16073,1,9,0,18,0,0,0,0,0,0,1,1,6,1,18,4,1364,1,11,1,1,1
201604WB16074,1,9,0,18,0,0,0,0,0,0,1,1,6,2,33,6,1198,1,5,4,1,4
201604WB16074,2,9,0,4,0,0,0,0,0,0,2,1,6,1,28,6,2993,2,12,1,1,1
201604WB16075,1,9,0,4,0,0,0,0,0,0,1,1,2,1,31,6,1968,2,9,4,1,4
201604WB16075,2,9,0,2,0,0,0,0,0,0,1,1,6,2,27,6,1599,1,8,4,1,4
201604WB16075,3,9,0,2,0,0,0,0,0,0,2,1,6,3,-1,-1,1397,1,8,-1,-1,-1
201604WB16076,1,9,0,18,0,0,0,0,0,0,4,1,6,3,-1,-1,-1,-1,-1,-1,-1,-1
201604WB16077,1,8,0,18,0,0,0,0,7,10,1,1,6,1,87,11,995,1,10,8,1,8
201604WB16078,1,9,0,6,0,0,0,0,0,0,3,1,6,1,54,8,1956,2,4,4,1,4
201604WB16078,2,9,0,18,0,0,0,0,0,0,1,1,6,1,47,8,1108,1,7,1,1,1
201604WB16079,1,11,0,17,0,0,0,0,0,0,1,1,1,1,38,7,9000,2,5,5,1,5
201604WB16080,1,9,3,13,0,0,0,0,0,0,4,1,6,1,83,11,1398,2,4,6,3,6
201604WB16080,2,5,0,18,0,0,0,0,0,0,3,1,6,1,64,9,650,1,51,9,1,9
201604WB16081,1,9,0,17,0,0,1,0,2,10,4,1,6,1,22,5,1124,1,13,3,2,3
201604WB16082,1,9,0,7,0,6,0,0,0,0,2,1,6,1,21,5,1399,2,4,4,1,4
201604WB16083,1,9,0,6,0,0,0,0,0,0,3,1,6,2,23,5,1197,1,3,1,1,1
201604WB16083,2,5,0,13,0,0,0,0,0,0,1,1,6,1,33,6,847,1,1,2,1,2
201604WB16084,1,9,0,18,0,0,0,0,7,10,1,1,6,1,84,11,1339,1,3,7,3,7
201604WB16084,2,9,0,3,0,0,0,0,0,0,3,1,6,1,72,10,-1,-1,-1,-1,-1,-1
201604WB16085,1,9,0,11,0,3,0,0,0,0,4,1,6,1,58,9,1895,1,18,3,1,3