Accident_Index,Vehicle_Reference,Vehicle_Type,Towing_and_Articulation,Vehicle_Manoeuvre,Vehicle_Location-Restricted_Lane,Junction_Location,Skidding_and_Overturning,Hit_Object_in_Carriageway,Vehicle_Leaving_Carriageway,Hit_Object_off_Carriageway,1st_Point_of_Impact,Was_Vehicle_Left_Hand_Drive?,Journey_Purpose_of_Driver,Sex_of_Driver,Age_of_Driver,Age_Band_of_Driver,Engine_Capacity_(CC),Propulsion_Code,Age_of_Vehicle,Driver_IMD_Decile,Driver_Home_Area_Type,Vehicle_IMD_Decile
201604WB16085,2,9,0,18,0,3,0,0,0,0,3,1,6,1,21,5,-1,-1,-1,-1,-1,-1
201604WB16086,1,9,0,9,0,8,0,0,0,0,4,1,6,1,73,10,1560,2,2,4,1,4
201604WB16086,2,9,0,18,0,8,0,0,0,0,1,1,6,2,71,10,1124,1,19,2,1,2
201604WB16087,1,9,0,18,0,1,0,0,0,0,1,1,6,1,68,10,2435,1,18,1,1,1
201604WB16087,2,9,0,3,0,1,0,0,0,0,0,1,6,2,22,5,1198,1,12,8,1,8
201604WB16088,1,4,0,4,0,0,1,0,0,0,3,1,2,1,20,4,471,1,1,7,2,7
201604WB16089,1,9,0,18,0,0,0,0,0,0,1,1,6,1,21,5,1390,1,8,7,1,7
201604WB16089,2,9,0,18,0,0,0,10,1,4,1,1,6,1,68,10,1200,1,1,9,2,9
201604WB16090,1,9,0,7,0,8,0,0,0,0,4,1,6,1,57,9,1769,1,11,4,1,4
201604WB16090,2,1,0,18,0,8,0,0,0,0,0,1,6,1,38,7,-1,-1,-1,1,1,1
201604WB16090,3,9,0,18,0,1,0,0,0,0,0,1,6,3,-1,-1,1995,2,7,-1,-1,-1
201604WB16091,1,9,0,9,0,5,0,0,7,0,3,1,6,2,69,10,2179,2,8,10,1,10
201604WB16091,2,5,0,13,0,8,1,0,7,10,1,1,2,1,65,9,998,1,11,7,3,7
201604WB16091,3,90,0,4,0,1,0,0,0,0,0,1,1,1,29,6,-1,-1,-1,3,1,3
201604WB16091,4,9,0,4,0,1,0,0,0,0,0,1,6,1,63,9,1749,1,14,-1,-1,-1
201604WB16092,1,9,0,18,0,8,0,0,0,0,3,1,6,1,20,4,1199,1,15,-1,2,-1
201604WB16092,2,8,0,18,0,8,0,0,0,0,3,1,1,1,52,8,1598,2,4,4,1,4
201604WB16093,1,19,0,18,0,1,0,0,0,0,1,1,6,3,-1,-1,-1,-1,-1,-1,-1,-1
201604WB16093,2,9,0,4,0,1,0,0,0,0,2,1,6,2,34,6,1896,2,11,4,1,4
201604WB16094,1,9,0,9,0,5,0,0,0,0,4,1,6,1,28,6,1753,2,11,4,1,4
201604WB16094,2,9,0,18,0,8,0,0,0,0,1,1,6,1,40,7,1598,1,7,2,1,2
201604WB16094,3,9,0,10,0,6,0,0,0,0,3,1,6,1,23,5,1242,1,12,1,1,1
201604WB16095,1,9,0,1,0,0,0,0,0,0,2,1,6,1,21,5,1560,2,3,9,1,9
201604WB16095,2,11,0,3,0,0,0,0,0,0,1,1,1,1,28,6,-1,2,17,-1,-1,-1
201604WB16096,1,19,0,18,0,8,1,0,0,0,1,1,6,1,50,8,2198,2,-1,3,2,3
201604WB16097,1,9,0,9,0,8,0,0,0,0,1,1,6,1,30,6,1796,1,14,1,1,1
201604WB16097,2,9,0,18,0,8,0,0,0,0,1,1,1,2,59,9,2143,2,3,9,2,9
201604WB16098,1,1,0,18,0,8,0,0,0,0,3,1,6,1,14,3,-1,-1,-1,2,1,2
201604WB16098,2,9,0,7,0,8,0,0,0,0,1,1,6,2,59,9,1461,2,2,4,1,4
201604WB16099,1,9,0,9,0,8,0,0,0,0,1,1,6,2,45,7,998,1,5,2,1,2
201604WB16099,2,11,0,18,0,8,0,0,0,0,1,1,1,1,46,8,6871,2,7,2,1,2
201604WB16100,1,9,0,18,0,1,0,0,0,0,1,1,1,2,22,5,1242,1,12,3,1,3
201604WB16101,1,9,0,18,0,0,5,0,0,0,4,1,2,2,28,6,1598,1,14,1,1,1
201604WB16101,2,9,0,2,9,0,1,0,0,0,3,1,6,1,45,7,-1,-1,-1,9,2,9
201604WB16102,1,9,0,7,0,8,0,0,0,0,1,1,6,2,61,9,2143,2,2,6,1,6
201604WB16102,2,11,0,5,0,8,0,0,0,0,4,1,1,1,30,6,8268,2,10,-1,-1,-1
201604WB16103,1,9,0,18,0,8,0,0,0,0,1,1,6,3,-1,-1,1299,1,14,-1,-1,-1
201604WB16104,1,9,0,16,0,8,0,0,0,0,1,1,6,1,62,9,1328,1,13,1,1,1
201604WB16104,2,9,0,17,0,8,0,0,0,0,3,1,6,2,30,6,1598,1,9,1,1,1
201604WB16105,1,9,0,4,0,1,0,0,0,0,1,1,6,2,40,7,1587,1,10,7,1,7
201604WB16105,2,9,0,10,0,1,0,0,0,0,2,1,6,1,75,10,1339,1,10,1,1,1
201604WB16106,1,20,0,9,0,2,0,0,0,0,1,1,1,1,56,9,4249,2,3,8,1,8
201604WB16106,2,9,0,18,0,1,0,0,0,0,4,1,6,1,64,9,1598,2,6,10,2,10
201604WB16108,1,9,0,18,0,8,0,0,0,0,1,1,6,1,52,8,-1,-1,-1,-1,-1,-1
201604WB16108,2,9,0,18,0,8,0,0,7,0,4,1,6,1,39,7,1299,1,12,4,1,4
201604WB16109,1,19,0,7,0,0,0,0,0,0,3,1,2,1,56,9,970,1,27,4,1,4
201604WB16109,2,9,0,18,0,0,0,0,0,0,1,1,2,1,40,7,1984,1,4,5,1,5
201604WB16110,1,20,0,7,0,1,1,0,0,0,1,1,1,1,45,7,4250,2,18,1,1,1
201604WB16110,2,9,0,9,0,1,0,0,0,0,3,1,6,1,75,10,1198,1,2,10,3,10
201604WB16111,1,9,0,18,0,0,1,0,0,0,1,1,6,1,18,4,995,1,5,6,2,6
201604WB16111,2,9,0,3,0,0,0,0,0,0,2,1,6,1,46,8,1598,2,1,-1,-1,-1
201604WB16112,1,2,0,4,0,0,1,0,0,0,0,1,3,2,16,4,49,1,1,-1,-1,-1
201604WB16113,1,9,0,5,0,0,0,0,0,0,3,1,6,1,70,10,1248,2,1,7,1,7
201604WB16113,2,3,0,18,0,0,1,0,0,0,1,1,6,1,23,5,124,1,11,3,1,3
201604WB16114,1,9,0,10,0,1,0,0,0,0,3,1,6,1,17,4,1242,1,12,6,1,6
201604WB16114,2,1,0,18,1,1,0,0,0,0,1,1,1,1,37,7,-1,-1,-1,4,1,4
201604WB16115,1,9,0,16,0,0,0,0,7,0,1,1,6,1,55,8,1896,2,19,8,3,8
201604WB16115,2,9,0,17,0,0,0,0,0,0,3,1,6,1,65,9,2985,2,10,9,1,9
201604WB16115,3,9,4,17,0,0,0,0,0,0,1,1,6,1,39,7,1997,2,14,8,3,8
201604WB16116,1,9,0,18,0,0,1,0,0,0,1,1,6,1,81,11,1198,1,3,6,1,6
201604WB16116,2,16,0,18,0,0,0,0,0,0,0,1,6,1,-1,-1,-1,-1,-1,-1,-1,-1
201604WB16117,1,9,0,1,6,0,1,0,7,0,3,1,6,2,86,11,1360,1,15,7,3,7
201604WB16117,2,9,0,2,0,0,0,0,0,0,2,1,6,2,86,11,1390,1,6,7,3,7
201604WB16118,1,9,0,17,0,1,0,0,0,0,4,1,6,2,54,8,1598,2,-1,7,1,7
201604WB16118,2,9,0,8,0,1,0,0,0,0,3,1,6,1,36,7,1560,2,12,4,1,4
201604WB16119,1,9,0,9,0,6,0,0,1,0,3,1,6,2,46,8,1900,2,12,7,3,7
201604WB16119,2,9,0,18,0,1,0,0,0,0,1,1,6,2,53,8,1560,2,8,-1,-1,-1
201604WB16120,1,19,0,9,0,6,5,0,0,0,1,1,1,1,52,8,2198,2,3,1,1,1
201604WB16120,2,4,0,18,0,8,5,0,0,0,3,1,6,1,48,8,249,1,18,2,1,2
201604WB16121,1,8,0,9,0,8,0,0,0,0,1,1,6,1,44,7,1997,2,10,3,1,3
201604WB16122,1,9,0,18,0,0,0,0,0,0,3,1,6,1,55,8,2143,2,6,6,2,6
201604WB16122,2,9,0,2,0,0,0,0,0,0,3,1,6,2,31,6,1598,1,3,1,1,1
201604WB16123,1,9,0,18,0,1,0,0,0,0,1,1,6,1,56,9,1398,2,2,4,1,4
201604WB16123,2,9,0,3,0,1,0,0,0,0,2,1,1,2,41,7,1242,1,15,4,1,4
201604WB16124,1,9,0,18,0,0,0,0,1,1,1,1,2,1,27,6,1560,2,9,2,1,2
201604WB16125,1,9,0,17,0,0,5,0,1,10,1,1,6,2,19,4,1242,1,12,7,2,7
201604WB16126,1,3,0,14,0,0,5,0,0,0,1,1,1,1,18,4,124,1,11,1,1,1
201604WB16127,1,9,0,18,0,0,0,0,0,0,1,1,6,1,19,4,1560,2,4,9,3,9
201604WB16127,2,20,0,18,0,0,0,1,0,0,2,1,1,1,54,8,4462,2,3,8,2,8
201604WB16128,1,90,0,13,0,0,0,0,0,0,4,1,6,1,55,8,2198,2,1,6,2,6
201604WB16128,2,1,0,16,0,0,0,0,0,0,0,1,6,1,54,8,-1,-1,-1,6,1,6
201604WB16128,3,1,0,16,0,0,0,0,1,0,3,1,6,1,51,8,-1,-1,-1,2,1,2
201604WB16129,1,9,0,4,0,0,1,0,0,0,1,1,3,2,38,7,998,1,4,-1,-1,-1
201604WB16129,2,9,0,3,0,0,0,0,0,0,2,1,2,1,39,7,1582,2,2,-1,-1,-1
201604WB16129,3,9,0,4,0,0,1,0,0,0,1,1,4,2,18,4,999,1,1,-1,-1,-1
201604WB16130,1,9,0,17,0,5,1,0,7,0,1,1,1,1,26,6,1360,1,9,4,1,4
201604WB16130,2,9,0,4,0,1,0,0,0,0,1,1,6,2,73,10,1596,1,9,7,3,7
201604WB16131,1,9,0,8,0,1,0,0,0,0,1,1,6,1,71,10,2987,2,6,-1,3,-1
201604WB16131,2,9,0,7,0,1,0,0,0,0,2,1,2,1,40,7,1398,2,13,5,1,5
201604WB16132,1,9,0,4,0,1,0,0,0,0,2,1,6,2,34,6,1796,1,9,7,3,7
201604WB16132,2,9,0,3,0,1,0,0,0,0,0,1,6,2,35,6,1968,2,10,7,2,7
201604WB16133,1,9,0,5,0,8,0,0,0,0,1,1,6,1,35,6,1341,1,11,1,1,1
201604WB16133,2,9,0,5,0,8,0,0,0,0,1,1,6,1,25,5,1597,1,18,1,1,1
201604WB16134,1,9,0,4,0,1,1,0,0,0,1,1,6,2,27,6,1199,2,4,9,1,9
201604WB16134,2,9,0,18,0,1,0,0,0,0,2,1,6,2,47,8,1197,1,1,10,3,10
201604WB16134,3,19,0,4,0,1,0,0,0,0,2,1,1,1,29,6,2198,2,1,3,1,3
201604WB16135,1,9,0,6,0,0,0,0,0,0,3,1,6,1,64,9,1868,2,15,1,1,1
201604WB16135,2,3,0,18,0,0,2,0,0,0,1,1,6,1,21,5,125,1,17,1,1,1
201604WB16136,1,21,1,16,0,0,3,7,4,6,1,1,1,1,56,9,10837,2,4,1,1,1
201604WB16136,2,21,1,3,0,0,0,0,0,0,2,1,1,1,50,8,11120,2,1,-1,1,-1
201604WB16136,3,21,1,3,0,0,0,0,0,0,2,1,1,1,47,8,12777,2,6,3,2,3
201604WB16136,4,9,0,18,0,0,0,0,0,0,0,1,1,1,37,7,1995,2,4,7,1,7
201604WB16137,1,9,0,18,0,0,0,0,1,0,1,1,6,2,41,7,1969,2,1,10,1,10
201604WB16137,2,19,0,13,0,0,0,1,0,0,1,1,6,1,40,7,2148,2,8,1,1,1
201604WB16138,1,1,0,18,0,0,0,0,0,0,0,1,6,1,56,9,-1,-1,-1,4,1,4
201604WB16139,1,5,0,18,0,1,1,0,0,0,0,1,6,1,59,9,998,1,9,4,1,4
201604WB16140,1,9,0,5,0,8,0,0,0,0,1,1,6,1,43,7,1598,1,6,4,1,4
201604WB16140,2,9,0,18,0,8,0,0,0,0,3,1,6,2,52,8,1398,2,10,6,1,6
201604WB16141,1,9,0,5,0,6,0,0,0,0,1,1,2,3,-1,-1,1560,2,1,-1,-1,-1
201604WB16141,2,9,0,18,0,8,0,0,0,0,1,1,2,2,23,5,1598,1,10,9,2,9
201604WB16142,1,5,0,18,0,0,2,0,1,0,0,1,6,1,63,9,744,1,10,6,2,6
201604WB16143,1,1,0,18,0,6,0,0,0,0,4,1,6,1,17,4,-1,-1,-1,7,2,7
201604WB16143,2,9,0,5,0,8,0,0,0,0,1,1,2,1,33,6,2204,2,7,7,1,7
201604WB16145,1,9,0,18,0,8,0,0,1,0,1,1,6,1,60,9,998,1,5,9,3,9
201604WB16145,2,9,0,18,0,8,0,0,0,0,1,1,6,2,22,5,1242,1,4,2,1,2
201604WB16145,3,9,0,18,0,8,0,0,0,0,2,1,6,2,25,5,1596,1,13,5,1,5
201604WB16146,1,19,0,7,0,1,0,0,0,0,4,1,1,1,37,7,2143,2,2,2,1,2
201604WB16147,1,5,0,2,0,0,0,0,0,0,0,1,6,1,38,7,-1,-1,-1,-1,-1,-1
201604WB16148,1,9,0,5,0,6,0,0,0,0,3,1,2,2,27,6,973,1,15,2,1,2
201604WB16148,2,9,0,18,0,8,0,0,0,0,1,1,2,2,25,5,1461,2,1,10,1,10
201604WB16149,1,9,0,17,0,0,1,0,0,0,3,1,6,2,30,6,1781,1,13,2,1,2
201604WB16149,2,19,0,18,0,0,0,0,0,0,1,1,1,1,30,6,-1,-1,-1,8,2,8
201604WB16150,1,9,0,18,0,8,1,0,0,0,0,1,2,1,66,10,1997,2,7,6,2,6
201604WB16150,2,1,0,17,0,8,0,0,0,0,3,1,2,2,33,6,-1,-1,-1,9,2,9
201604WB16151,1,9,0,4,0,0,0,0,0,0,1,1,6,2,25,5,1299,1,9,4,1,4
201604WB16151,2,9,0,3,0,0,0,0,0,0,2,1,6,1,30,6,1198,1,2,10,1,10
201604WB16152,1,9,0,5,0,0,0,0,0,0,2,1,6,2,45,7,998,1,5,-1,-1,-1
201604WB16152,2,9,0,13,0,0,0,0,0,0,1,1,6,1,32,6,1686,2,9,7,2,7
201604WB16153,1,9,0,3,0,0,0,0,0,0,1,1,6,1,38,7,1973,1,19,8,1,8
201604WB16153,2,9,0,3,0,0,0,0,0,0,2,1,6,1,54,8,1229,1,5,2,1,2
201604WB16153,3,9,0,3,0,0,0,0,0,0,2,1,6,1,47,8,-1,-1,-1,4,1,4
201604WB16154,1,9,0,5,0,6,0,0,0,0,1,1,6,2,66,10,1197,1,1,-1,-1,-1
201604WB16154,2,5,0,18,0,8,0,0,0,0,1,1,6,1,50,8,599,1,13,-1,-1,-1
201604WB16155,1,9,4,13,0,0,0,0,0,0,1,1,6,3,-1,-1,-1,-1,-1,-1,-1,-1
201604WB16155,2,1,0,18,0,0,0,0,0,0,3,1,6,1,37,7,-1,-1,-1,10,2,10
201604WB16157,1,9,0,18,0,4,0,0,0,0,3,1,6,1,80,11,1598,2,3,7,3,7
201604WB16157,2,3,0,9,0,8,0,0,0,0,1,1,6,1,18,4,124,1,11,4,1,4
201604WB16158,1,5,0,18,0,8,0,0,0,0,1,1,6,1,27,6,918,1,14,3,1,3
201604WB16158,2,9,0,10,0,5,0,0,0,0,1,1,6,1,18,4,1398,1,1,1,1,1
201604WB16160,1,1,0,9,0,0,1,0,0,0,3,1,6,1,48,8,-1,-1,-1,8,3,8
201604WB16160,2,3,0,13,0,0,2,0,1,0,1,1,6,1,50,8,124,1,6,-1,-1,-1
201604WB16161,1,3,0,17,0,1,0,0,1,1,1,1,6,1,23,5,125,1,4,2,1,2
201604WB16162,1,5,0,18,0,1,0,0,0,0,4,1,6,1,25,5,1043,1,2,1,1,1
201604WB16163,1,9,0,18,0,0,1,0,0,0,1,1,1,2,22,5,998,1,13,6,3,6
201604WB16163,2,9,0,18,0,0,0,0,0,0,2,1,6,1,44,7,-1,-1,-1,8,3,8
201604WB16164,1,3,0,18,0,1,0,0,0,0,1,1,1,1,40,7,124,1,2,-1,-1,-1
201604WB16164,2,21,4,18,0,1,0,0,0,0,1,1,1,1,30,6,11021,2,13,10,3,10
201604WB16165,1,8,0,7,0,2,1,0,0,0,3,1,1,3,-1,-1,1595,1,11,-1,-1,-1
201604WB16165,2,8,0,3,0,1,0,0,0,0,3,1,1,1,32,6,1896,2,6,1,1,1
201604WB16166,1,9,0,18,0,0,0,0,0,0,1,1,6,1,54,8,-1,-1,-1,2,1,2
201604WB16166,2,9,0,2,0,0,0,10,1,10,2,1,6,3,-1,-1,-1,-1,-1,-1,-1,-1
201604WB16167,1,9,0,9,0,8,0,0,0,0,3,1,6,2,58,9,1995,2,12,1,1,1
201604WB16167,2,5,0,18,0,3,0,0,3,0,4,1,6,1,56,9,1043,1,1,9,2,9
201604WB16168,1,9,0,17,0,0,0,0,0,0,1,1,6,1,57,9,-1,-1,-1,7,3,7
201604WB16168,2,9,0,16,0,0,0,0,0,0,1,1,6,1,79,11,-1,-1,-1,7,3,7
201604WB16169,1,9,0,18,0,0,0,0,0,0,0,1,6,3,-1,-1,-1,-1,-1,-1,-1,-1
201604WB16169,2,90,0,18,0,0,0,0,0,0,0,1,6,1,62,9,2800,2,10,4,1,4
201604WB16169,3,90,0,18,0,0,0,0,0,0,2,1,6,1,46,8,2460,2,9,6,1,6
201604WB16169,4,9,0,18,0,0,0,0,0,0,1,1,6,1,28,6,1968,2,9,7,3,7
201604WB16170,1,5,0,18,0,0,0,0,1,0,4,1,6,1,28,6,649,1,2,7,1,7
201604WB16171,1,5,0,18,0,0,0,12,0,0,4,1,6,1,24,5,847,1,3,8,1,8
201604WB16172,1,9,0,18,0,1,0,0,3,10,1,1,6,1,88,11,1390,1,12,6,1,6
201604WB16172,2,9,0,18,0,2,0,0,0,0,3,1,6,2,59,9,1686,2,6,-1,-1,-1
201604WB16173,1,9,0,18,0,1,0,0,0,0,1,1,6,2,34,6,1329,1,1,4,1,4
201604WB16173,2,11,0,3,0,1,0,0,0,0,2,1,6,1,44,7,6700,2,4,2,1,2
201604WB16174,1,9,0,13,0,0,0,0,0,0,0,1,6,1,26,6,1995,2,15,-1,-1,-1
201604WB16174,2,9,0,18,0,0,2,0,2,10,1,1,6,1,23,5,998,1,17,9,3,9
201604WB16175,1,9,0,4,0,1,0,0,0,0,1,1,6,1,56,9,1596,1,14,8,1,8
201604WB16175,2,9,0,3,0,1,0,0,0,0,2,1,6,2,50,8,1388,1,12,7,1,7
201604WB16176,1,9,0,5,0,8,0,0,0,0,1,1,6,1,57,9,2191,2,-1,6,3,6
201604WB16176,2,9,0,18,0,1,0,0,0,0,1,1,6,1,54,8,1399,2,6,9,1,9
201604WB16177,1,9,0,4,0,1,0,0,0,0,1,1,6,2,26,6,-1,-1,-1,8,2,8
201604WB16177,2,9,0,4,0,1,0,0,0,0,2,1,6,1,36,7,1124,1,12,4,1,4
201604WB16177,3,9,0,4,0,1,0,0,0,0,2,1,6,1,71,10,1461,2,2,9,1,9
201604WB16178,1,9,0,18,0,0,2,0,1,4,4,1,1,1,26,6,1360,1,16,7,1,7
201604WB16178,2,21,1,18,0,0,0,0,0,0,1,1,1,1,62,9,10837,2,2,10,1,10
201604WB16178,3,9,0,18,0,0,0,0,1,0,0,1,6,3,-1,-1,-1,-1,-1,-1,-1,-1
201604WB16179,1,11,0,10,0,1,0,0,0,0,3,1,1,1,56,9,6700,2,4,8,1,8
201604WB16179,2,1,0,18,0,1,0,0,0,0,1,1,6,1,47,8,-1,-1,-1,3,1,3
201604WB16180,1,21,0,9,0,6,0,0,0,0,3,1,6,1,78,11,-1,-1,-1,6,1,6
201604WB16180,2,9,0,18,0,8,0,0,0,0,1,1,6,1,50,8,1797,8,5,7,1,7
201604WB16181,1,5,0,16,0,0,1,0,0,0,4,1,6,1,37,7,625,1,13,4,1,4
201604WB16182,1,3,0,18,2,8,0,0,0,0,1,1,6,1,19,4,125,1,6,1,1,1
201604WB16182,2,9,0,9,0,8,0,0,0,0,4,1,6,1,44,7,1398,1,5,2,1,2
201604WB16183,1,9,0,7,0,5,0,0,0,0,4,1,6,2,41,7,-1,-1,-1,4,1,4
201604WB16183,2,1,0,18,0,1,0,0,0,0,3,1,1,1,32,6,-1,-1,-1,4,1,4
201604WB16184,1,9,0,5,0,1,0,0,0,0,4,1,2,2,48,8,1582,2,6,9,1,9
201604WB16184,2,1,0,18,0,1,0,0,0,0,1,1,6,1,23,5,-1,-1,-1,6,2,6
201604WB16185,1,9,0,5,0,6,0,0,0,0,1,1,6,1,64,9,1197,1,3,8,1,8
201604WB16185,2,9,0,18,0,8,0,0,1,10,4,1,6,2,65,9,1396,1,15,2,1,2
201604WB16185,3,9,0,2,0,1,0,0,1,10,2,1,6,3,-1,-1,1086,1,11,-1,-1,-1
201604WB16186,1,9,0,18,0,1,0,0,0,8,1,1,2,1,22,5,1995,2,9,4,1,4
201604WB16186,2,9,0,18,0,1,0,0,0,0,1,1,6,1,56,9,1596,1,14,7,3,7
201604WB16186,3,9,0,2,6,1,0,4,0,0,1,1,6,3,-1,-1,1149,1,16,-1,-1,-1
201604WB16186,4,9,0,2,0,1,0,0,0,0,2,1,6,3,-1,-1,2188,2,10,-1,-1,-1
201604WB16187,1,90,0,1,0,0,0,0,0,0,2,1,2,1,41,7,-1,-1,-1,2,1,2
201604WB16188,1,9,0,16,0,0,1,0,8,10,1,1,6,1,41,7,-1,-1,-1,5,2,5
201604WB16189,1,9,0,18,0,3,0,0,0,0,1,1,6,2,75,10,999,1,7,4,1,4
201604WB16189,2,9,0,3,0,1,0,0,0,0,2,1,6,2,54,8,1124,1,12,3,1,3
201604WB16189,3,9,0,18,0,1,0,0,0,0,2,1,6,1,58,9,1390,1,15,6,1,6
201604WB16189,4,9,0,3,0,1,0,0,0,0,2,1,6,2,69,10,1597,2,1,8,1,8
201604WB16190,1,5,0,18,0,0,0,0,0,0,1,1,6,1,40,7,599,1,12,4,1,4
201604WB16190,2,9,0,4,0,0,0,0,0,0,2,1,6,1,28,6,1598,1,13,9,3,9
201604WB16191,1,3,0,18,0,0,0,0,0,0,1,1,6,1,19,4,125,1,-1,-1,-1,-1
201604WB16191,2,9,0,18,0,0,0,0,0,0,1,1,6,1,43,7,-1,-1,-1,-1,-1,-1
201604WB16192,1,9,0,18,0,8,1,0,7,0,1,1,2,1,31,6,1398,2,8,1,1,1
201604WB16192,2,9,0,18,0,8,1,0,1,0,3,1,2,2,43,7,1910,2,11,4,1,4
201604WB16193,1,5,0,17,0,0,1,0,0,0,0,1,6,1,68,10,599,1,18,-1,-1,-1
201604WB16194,1,9,0,4,0,0,0,0,0,0,1,1,6,1,22,5,1997,2,1,1,1,1
201604WB16194,2,9,0,4,0,0,0,0,0,0,2,1,6,2,60,9,1339,1,11,6,2,6
201604WB16195,1,9,0,18,0,0,1,0,5,6,1,1,3,2,19,4,1229,1,9,3,1,3
201604WB16195,2,21,1,18,0,0,0,0,0,0,2,1,1,3,-1,-1,11705,2,8,-1,-1,-1
201604WB16196,1,9,0,18,0,0,0,0,0,0,1,1,6,2,89,11,998,1,15,8,2,8
201604WB16196,2,9,0,18,0,0,0,0,0,0,1,1,6,2,79,11,1390,1,6,-1,-1,-1
201604WB16197,1,9,0,18,0,0,0,0,0,0,3,1,6,3,-1,-1,1343,1,13,-1,-1,-1
201604WB16198,1,11,0,5,0,1,0,0,0,0,0,1,1,1,63,9,6700,2,5,7,1,7
201604WB16199,1,9,0,18,0,8,0,0,0,0,1,1,6,2,67,10,1398,2,9,9,2,9
201604WB16199,2,1,0,18,0,8,0,0,0,0,3,1,6,1,55,8,-1,-1,-1,7,1,7
201604WB16200,1,9,0,1,0,6,0,0,0,0,2,1,1,3,-1,-1,-1,-1,-1,-1,-1,-1
201604WB16200,2,9,0,4,0,1,1,0,0,0,4,1,6,2,19,4,1596,1,15,1,1,1
201604WB16201,1,9,0,18,0,0,0,0,0,0,1,1,2,3,55,8,1242,1,10,1,1,1
201604WB16202,1,9,0,4,0,4,0,0,0,0,1,1,1,1,47,8,-1,-1,-1,2,1,2
201604WB16202,2,1,0,7,0,3,0,0,0,0,1,1,2,1,57,9,-1,-1,-1,-1,-1,-1
201604WB16203,1,9,0,18,0,0,0,0,0,0,1,1,6,2,79,11,995,1,8,3,1,3
201604WB16203,2,9,0,3,0,0,0,0,0,0,2,1,6,1,65,9,2967,2,2,8,1,8
201604WB16203,3,9,0,3,0,0,0,0,0,0,2,1,6,1,56,9,2184,2,9,6,1,6
201604WB16204,1,9,0,9,0,6,0,0,0,0,1,1,6,2,22,5,1198,1,4,4,1,4
201604WB16204,2,5,0,14,0,8,1,0,0,0,1,1,2,1,56,9,748,1,26,7,1,7
201604WB16205,1,9,0,9,0,5,0,0,0,0,0,1,6,2,51,8,998,1,4,8,3,8
201604WB16205,2,1,0,18,0,8,0,0,0,0,0,1,6,1,54,8,-1,-1,-1,7,2,7
201604WB16205,3,1,0,18,0,1,0,0,0,0,1,1,6,1,14,3,-1,-1,-1,7,2,7
201604WB16206,1,9,0,5,0,1,0,0,0,0,1,1,2,1,20,4,998,1,11,2,1,2
201604WB16206,2,1,0,15,0,5,1,0,0,0,3,1,2,1,49,8,-1,-1,-1,3,1,3
201604WB16207,1,9,0,18,0,0,1,0,1,10,1,1,6,1,43,7,1318,1,1,7,2,7
201604WB16207,2,9,0,18,0,0,0,0,0,0,1,1,6,2,43,7,-1,-1,-1,6,3,6
201604WB16208,1,1,0,18,0,8,0,0,0,0,1,1,2,1,28,6,-1,-1,-1,3,1,3
201604WB16208,2,9,0,18,0,8,0,0,0,0,4,1,6,2,39,7,1248,1,3,-1,-1,-1
201604WB16209,1,9,0,1,9,6,0,0,0,0,2,1,6,2,49,8,1498,1,1,9,2,9
201604WB16210,1,19,0,18,0,0,0,0,0,0,4,1,1,1,23,5,2198,2,5,9,2,9
201604WB16211,1,9,0,1,0,0,0,0,0,0,2,1,6,1,59,9,-1,-1,-1,10,1,10
201604WB16211,2,1,0,18,0,0,0,0,0,0,4,1,1,2,54,8,-1,-1,-1,9,2,9
201604WB16212,1,17,0,7,0,1,0,0,0,0,3,1,1,1,59,9,-1,-1,-1,8,3,8
201604WB16212,2,9,0,16,0,1,1,0,0,0,1,1,6,1,19,4,998,1,27,8,1,8
201604WB16213,1,9,0,18,0,0,0,0,0,0,1,1,6,1,18,4,1753,2,9,6,3,6
201604WB16213,2,9,0,4,0,0,0,0,0,0,2,1,6,1,48,8,1798,1,11,5,2,5
201604WB16213,3,9,0,4,0,0,0,0,0,0,2,1,6,1,43,7,1560,2,2,1,1,1
201604WB16213,4,19,0,4,0,0,0,0,0,0,2,1,1,1,46,8,2198,2,2,8,2,8
201604WB16214,1,9,0,18,0,0,2,0,2,7,1,1,6,1,49,8,1591,1,1,3,1,3
201604WB16215,1,9,0,18,0,0,2,0,1,7,3,1,6,1,32,6,1398,1,10,-1,-1,-1
201604WB16216,1,9,0,18,0,1,0,0,0,0,1,1,6,2,46,8,-1,-1,-1,7,1,7
201604WB16217,1,9,0,18,0,2,0,0,0,0,2,1,6,1,64,9,2496,1,13,1,1,1
201604WB16217,2,9,0,5,0,6,0,0,0,0,1,1,2,2,59,9,-1,-1,-1,-1,-1,-1
201604WB16218,1,9,0,18,0,8,0,0,0,0,4,1,6,1,38,7,1198,1,7,7,1,7
201604WB16218,2,8,0,2,0,8,0,0,0,0,0,1,1,1,46,8,1997,2,9,2,1,2
201604WB16219,1,5,0,17,0,0,0,0,0,0,3,1,6,1,28,6,599,1,8,6,3,6
201604WB16219,2,5,0,15,0,0,0,0,0,0,3,1,2,1,45,7,-1,-1,-1,7,2,7
201604WB16220,1,9,0,18,0,4,0,0,0,0,1,1,2,1,60,9,1951,2,12,2,1,2
201604WB16220,2,1,0,9,0,8,0,0,0,0,4,1,6,2,48,8,-1,-1,-1,-1,-1,-1
201604WB16222,1,90,0,18,0,8,0,0,0,0,1,1,1,1,48,8,-1,-1,-1,6,2,6
201604WB16222,2,9,0,9,0,6,0,0,0,0,1,1,6,1,33,6,1910,2,9,5,3,5
201604WB16223,1,21,0,11,0,8,0,0,0,0,1,1,1,1,62,9,9365,2,7,5,1,5
201604WB16223,2,9,0,18,0,7,1,7,1,0,2,1,6,2,58,9,1390,1,11,2,1,2