Accident_Index,Vehicle_Reference,Vehicle_Type,Towing_and_Articulation,Vehicle_Manoeuvre,Vehicle_Location-Restricted_Lane,Junction_Location,Skidding_and_Overturning,Hit_Object_in_Carriageway,Vehicle_Leaving_Carriageway,Hit_Object_off_Carriageway,1st_Point_of_Impact,Was_Vehicle_Left_Hand_Drive?,Journey_Purpose_of_Driver,Sex_of_Driver,Age_of_Driver,Age_Band_of_Driver,Engine_Capacity_(CC),Propulsion_Code,Age_of_Vehicle,Driver_IMD_Decile,Driver_Home_Area_Type,Vehicle_IMD_Decile
201604WB16371,2,9,0,18,0,0,0,0,0,0,2,1,1,1,46,8,1998,2,8,7,1,7
201604WB16371,3,9,0,18,0,0,0,0,0,0,2,1,1,1,32,6,1686,2,2,10,1,10
201604WB16372,1,9,0,9,0,1,0,0,0,0,1,1,6,1,-1,-1,998,1,5,-1,-1,-1
201604WB16372,2,1,0,18,0,1,0,0,0,0,2,1,6,1,37,7,-1,-1,-1,2,1,2
201604WB16373,1,19,0,9,0,6,0,0,0,0,1,1,1,1,41,7,1598,2,2,1,1,1
201604WB16373,2,9,0,18,0,8,0,0,0,0,1,1,6,1,63,9,2148,2,7,9,2,9
201604WB16374,1,9,0,18,0,0,5,0,0,0,1,1,6,1,82,11,1995,2,5,7,3,7
201604WB16374,2,9,0,2,0,0,0,0,0,0,3,1,6,3,-1,-1,-1,-1,-1,-1,-1,-1
201604WB16374,3,9,0,2,0,0,0,0,0,0,2,1,6,3,-1,-1,1560,2,1,-1,-1,-1
201604WB16375,1,9,0,9,0,1,0,0,0,1,4,1,6,1,19,4,1796,1,9,10,2,10
201604WB16375,2,9,0,18,0,8,0,0,0,0,1,1,6,1,35,6,3301,1,16,-1,-1,-1
201604WB16376,1,9,0,9,0,6,0,0,0,0,1,1,6,1,22,5,1197,1,-1,5,1,5
201604WB16376,2,9,0,18,0,1,0,0,0,0,1,1,6,2,40,7,1598,1,7,1,1,1
201604WB16377,1,9,0,7,0,2,0,0,0,0,3,1,6,3,-1,-1,-1,-1,-1,-1,-1,-1
201604WB16377,2,1,0,18,0,1,0,0,0,0,1,1,6,1,26,6,-1,-1,-1,-1,-1,-1
201604WB16378,1,9,0,14,0,0,0,4,0,0,4,1,6,2,45,7,1198,1,3,-1,3,-1
201604WB16378,2,9,0,2,0,0,0,0,0,0,4,1,6,2,41,7,-1,-1,-1,-1,-1,-1
201604WB16379,1,9,0,16,0,7,1,0,0,0,1,1,1,1,33,6,1798,8,1,4,1,4
201604WB16379,2,9,0,18,0,1,0,0,0,0,1,1,6,1,43,7,2993,2,3,8,3,8
201604WB16380,1,9,0,18,0,0,0,0,1,10,1,1,6,2,32,6,1120,2,3,5,1,5
201604WB16380,2,9,0,2,0,0,0,0,7,10,1,1,6,2,50,8,1910,2,10,8,3,8
201604WB16381,1,9,0,18,0,8,0,0,0,0,4,1,6,2,35,6,1587,1,10,3,1,3
201604WB16382,1,9,0,18,0,0,0,0,0,0,1,1,2,1,20,4,1198,1,10,4,1,4
201604WB16382,2,19,0,3,0,0,0,0,0,0,2,1,1,2,27,6,2402,2,5,7,1,7
201604WB16382,3,19,0,3,0,0,0,0,0,0,2,1,2,1,25,5,1560,2,2,5,1,5
201604WB16383,1,3,0,18,0,0,1,0,0,0,4,1,6,1,18,4,125,1,-1,7,1,7
201604WB16384,1,9,0,18,0,0,0,0,0,0,3,1,2,1,24,5,1798,1,7,3,1,3
201604WB16384,2,9,0,18,0,0,0,0,0,0,3,1,6,1,52,8,1560,2,7,7,3,7
201604WB16385,1,19,0,18,0,2,0,0,0,0,1,1,6,1,57,9,1995,2,4,9,2,9
201604WB16385,2,19,0,3,0,2,0,0,0,0,2,1,1,1,21,5,1461,2,-1,7,3,7
201604WB16385,3,8,0,3,0,2,0,0,0,0,2,1,1,1,39,7,1968,2,8,8,1,8
201604WB16386,1,9,0,9,0,4,0,0,0,0,1,1,6,3,-1,-1,-1,-1,-1,-1,-1,-1
201604WB16386,2,1,0,18,0,8,2,0,7,0,4,1,6,1,53,8,-1,-1,-1,8,3,8
201604WB16387,1,9,0,18,0,0,2,0,1,0,1,1,6,1,17,4,1149,1,12,6,3,6
201604WB16388,1,19,0,18,0,1,0,0,0,0,1,1,1,1,-1,-1,1461,2,12,-1,-1,-1
201604WB16388,2,9,0,3,0,1,0,0,0,0,2,1,6,1,50,8,1598,2,9,-1,-1,-1
201604WB16388,3,9,0,3,0,8,0,0,0,0,2,1,6,2,68,10,1339,1,10,2,1,2
201604WB16389,1,9,0,18,0,1,0,0,1,1,3,1,2,2,27,6,1560,2,9,8,2,8
201604WB16390,1,9,0,18,0,1,0,0,0,0,1,1,6,1,-1,-1,1360,1,15,5,1,5
201604WB16390,2,9,0,2,0,1,0,0,0,0,2,1,6,1,54,8,1599,1,9,4,3,4
201604WB16391,1,90,0,18,0,1,0,0,0,0,1,1,1,1,25,5,-1,-1,-1,4,3,4
201604WB16391,2,9,0,18,0,1,0,0,0,0,1,1,6,2,55,8,1197,1,1,-1,-1,-1
201604WB16392,1,9,0,18,0,1,0,0,0,0,1,1,6,3,-1,-1,-1,-1,-1,-1,-1,-1
201604WB16393,1,9,0,5,0,6,0,0,0,0,4,1,1,1,61,9,1499,2,-1,2,1,2
201604WB16393,2,9,0,18,0,1,0,0,0,0,1,1,6,2,54,8,1086,1,10,3,3,3
201604WB16394,1,9,0,16,0,0,1,0,7,10,1,1,6,1,17,4,1900,2,10,8,2,8
201604WB16395,1,9,0,9,0,8,0,0,0,0,1,1,6,2,46,8,1560,2,10,1,1,1
201604WB16395,2,9,0,18,0,8,0,0,0,0,1,1,6,2,27,6,1796,1,9,4,1,4
201604WB16396,1,9,0,9,0,8,0,0,0,0,4,1,6,1,22,5,1956,2,1,5,1,5
201604WB16396,2,1,0,18,0,1,0,0,0,0,1,1,6,1,63,9,-1,-1,-1,-1,-1,-1
201604WB16397,1,9,0,18,0,0,0,0,0,0,1,1,6,3,-1,-1,-1,-1,-1,-1,-1,-1
201604WB16397,2,9,0,3,0,0,0,0,0,0,1,1,6,1,41,7,1596,1,9,10,2,10
201604WB16397,3,9,0,3,0,0,0,0,0,0,2,1,6,1,43,7,2690,1,15,4,1,4
201604WB16398,1,9,0,17,0,7,0,0,0,0,3,1,6,3,-1,-1,-1,-1,-1,-1,-1,-1
201604WB16399,1,9,0,18,0,0,1,0,5,6,1,1,6,1,36,7,1398,1,2,7,1,7
201604WB16400,1,9,0,18,0,0,0,0,0,0,1,1,2,1,47,8,998,1,5,3,1,3
201604WB16400,2,17,0,15,0,0,0,0,0,0,2,1,1,1,16,4,-1,2,19,7,3,7
201604WB16401,1,9,0,18,0,8,0,0,0,0,1,1,6,2,72,10,1796,1,8,9,3,9
201604WB16401,2,9,0,10,0,8,0,0,0,0,2,1,6,1,18,4,998,1,5,9,3,9
201604WB16401,3,9,0,18,0,8,0,0,1,9,3,1,6,2,61,9,999,1,-1,10,1,10
201604WB16402,1,9,0,1,0,2,0,0,0,0,2,1,6,2,51,8,1560,2,2,4,1,4
201604WB16403,1,9,0,17,0,0,0,0,0,10,1,1,1,2,24,5,1299,1,13,8,3,8
201604WB16404,1,9,0,18,0,8,0,0,0,0,1,1,6,1,53,8,1995,2,3,7,1,7
201604WB16404,2,9,0,18,0,8,0,10,4,6,4,1,6,2,18,4,999,1,2,2,1,2
201604WB16405,1,9,0,3,0,0,0,0,0,0,1,1,6,1,74,10,1388,1,13,2,1,2
201604WB16405,2,90,0,3,0,0,0,0,0,0,2,1,1,1,36,7,-1,-1,-1,7,1,7
201604WB16406,1,9,0,5,0,6,0,0,0,0,1,1,6,1,70,10,2720,2,11,7,3,7
201604WB16407,1,9,0,13,0,0,0,0,0,0,1,1,6,3,-1,-1,-1,-1,-1,-1,-1,-1
201604WB16407,2,1,0,18,0,0,0,0,0,0,2,1,1,1,17,4,-1,-1,-1,2,1,2
201604WB16408,1,19,0,5,0,0,0,0,0,0,0,1,6,3,-1,-1,2198,2,3,-1,-1,-1
201604WB16408,2,2,0,18,0,0,0,0,0,0,0,1,6,2,17,4,49,1,7,4,1,4
201604WB16409,1,9,0,18,0,1,0,0,0,0,2,1,6,1,25,5,1794,1,15,4,1,4
201604WB16409,2,9,0,3,0,1,0,0,0,0,2,1,2,2,39,7,1198,1,1,8,1,8
201604WB16410,1,90,0,15,0,8,0,0,0,0,4,1,1,1,47,8,-1,-1,-1,2,1,2
201604WB16410,2,9,0,10,0,1,0,0,0,0,3,1,1,2,43,7,1598,2,4,1,1,1
201604WB16411,1,9,0,9,0,6,0,0,0,0,1,1,1,1,27,6,1994,2,16,5,1,5
201604WB16411,2,9,0,18,0,1,1,0,1,1,1,1,6,1,45,7,1795,1,11,5,1,5
201604WB16412,1,5,0,18,0,2,0,0,0,0,0,1,6,1,51,8,-1,-1,-1,3,1,3
201604WB16413,1,9,0,18,0,0,1,0,1,9,4,1,6,1,53,8,1587,1,14,4,1,4
201604WB16414,1,9,0,18,0,0,0,11,1,0,1,1,6,2,23,5,1598,1,8,7,3,7
201604WB16415,1,9,0,18,0,2,0,0,0,0,3,1,6,1,44,7,1598,2,-1,6,1,6
201604WB16415,2,9,0,18,0,1,0,0,0,0,1,1,6,1,42,7,1997,1,11,6,3,6
201604WB16416,1,9,0,7,6,1,0,4,0,0,1,1,6,1,29,6,1149,1,12,5,1,5
201604WB16416,2,9,0,2,6,1,0,0,0,0,3,1,6,1,18,4,-1,-1,-1,2,1,2
201604WB16417,1,9,0,16,0,0,0,0,0,0,3,1,6,2,21,5,1598,1,13,9,1,9
201604WB16417,2,9,0,17,0,0,0,0,0,0,3,1,6,1,43,7,1686,2,12,2,1,2
201604WB16418,1,21,1,18,0,0,0,0,0,0,1,1,1,1,23,5,10837,2,1,8,3,8
201604WB16419,1,9,0,18,0,6,0,0,0,0,1,1,6,1,21,5,1242,1,11,7,2,7
201604WB16419,2,9,0,18,0,8,0,0,0,0,4,1,6,2,68,10,1769,1,11,8,2,8
201604WB16419,3,21,1,3,0,2,0,0,0,0,3,1,1,1,25,5,7146,2,9,3,1,3
201604WB16420,1,9,0,9,0,5,0,0,0,0,1,1,6,1,23,5,1598,1,14,9,3,9
201604WB16420,2,5,0,18,0,1,0,0,0,0,1,1,6,1,53,8,738,1,17,4,1,4
201604WB16421,1,9,0,18,0,0,0,4,0,10,1,1,6,1,89,11,1299,1,15,8,3,8
201604WB16421,2,9,0,2,0,0,0,0,1,0,2,1,6,3,-1,-1,2204,2,11,-1,-1,-1
201604WB16422,1,9,0,18,0,0,1,0,8,10,1,1,6,2,25,5,1596,1,13,2,1,2
201604WB16423,1,9,0,9,0,8,0,0,0,0,1,1,6,2,42,7,1968,2,2,7,1,7
201604WB16423,2,9,0,18,0,8,0,0,0,0,1,1,6,1,61,9,1968,2,1,-1,-1,-1
201604WB16424,1,9,0,18,0,0,0,0,1,10,1,1,6,2,17,4,1229,1,5,9,3,9
201604WB16425,1,9,0,18,0,0,0,0,0,0,1,1,6,2,46,8,-1,-1,-1,4,1,4
201604WB16426,1,11,0,5,0,0,0,0,0,0,0,1,1,1,45,7,-1,-1,-1,4,1,4
201604WB16427,1,5,0,18,0,0,0,0,1,0,1,1,6,1,59,9,649,1,9,10,1,10
201604WB16428,1,9,0,5,0,8,0,0,1,10,1,1,6,2,67,10,1242,1,7,6,1,6
201604WB16429,1,19,0,18,0,8,0,0,0,0,1,1,6,1,30,6,1248,2,5,4,1,4
201604WB16429,2,9,0,7,0,5,0,0,0,0,2,1,1,1,50,8,1598,2,3,2,1,2
201604WB16430,1,19,0,13,0,0,0,0,0,0,0,1,6,3,-1,-1,-1,-1,-1,-1,-1,-1
201604WB16430,2,90,0,18,0,0,1,0,1,9,0,1,6,2,65,9,-1,-1,-1,4,1,4
201604WB16431,1,9,0,5,0,8,0,0,0,0,1,1,6,1,34,6,1598,1,10,1,1,1
201604WD16001,1,9,0,5,0,2,0,0,0,0,1,1,6,3,-1,-1,-1,-1,-1,-1,-1,-1
201604WD16001,2,1,0,4,0,1,0,0,0,0,1,1,6,1,14,3,-1,-1,-1,7,1,7
201604WD16002,1,5,0,16,0,0,5,0,1,0,1,1,6,1,34,6,998,1,10,-1,-1,-1
201604WD16002,2,9,0,2,0,0,0,0,0,0,2,1,1,1,52,8,1984,1,8,7,1,7
201604WD16003,1,9,0,5,0,4,0,0,0,0,1,1,6,1,49,8,3222,2,12,6,3,6
201604WD16003,2,9,0,3,0,4,0,0,0,0,2,1,6,2,43,7,1598,1,9,8,1,8
201604WD16004,1,9,0,18,0,0,0,0,0,10,4,1,2,2,59,9,1995,1,11,8,1,8
201604WD16004,2,18,0,18,1,0,0,0,0,0,1,1,1,1,49,8,-1,-1,-1,1,1,1
201604WD16005,1,9,0,5,0,4,0,0,0,0,1,1,6,1,38,7,-1,-1,-1,-1,-1,-1
201604WD16005,2,1,0,18,0,2,0,0,0,0,2,1,6,1,60,9,-1,-1,-1,-1,-1,-1
201604WD16006,1,9,0,18,0,0,0,0,1,10,4,1,6,1,40,7,1388,1,9,4,1,4
201604WD16006,2,9,0,2,9,0,0,0,0,0,3,1,6,3,-1,-1,2435,1,18,-1,-1,-1
201604WD16007,1,9,0,16,0,0,1,0,2,0,4,1,2,1,22,5,1398,1,5,1,1,1
201604WD16007,2,9,0,17,0,0,1,0,0,0,3,1,3,1,35,6,1995,2,10,-1,-1,-1
201604WD16008,1,9,0,1,0,0,0,0,0,2,0,1,6,3,-1,-1,-1,-1,-1,-1,-1,-1
201604WD16009,1,9,0,5,0,0,0,0,0,10,1,1,6,1,88,11,1591,1,7,7,1,7
201604WD16010,1,9,0,18,0,0,0,0,0,0,1,1,6,1,18,4,1149,1,12,7,3,7
201604WD16010,2,9,0,18,0,0,0,0,0,0,1,1,6,2,60,9,999,1,2,9,1,9
201604WD16011,1,9,0,1,0,0,0,0,0,0,2,1,6,3,-1,-1,1560,2,7,-1,-1,-1
201604WD16012,1,9,0,4,0,0,0,0,0,0,1,1,6,3,-1,-1,-1,-1,-1,-1,-1,-1
201604WD16013,1,9,0,1,0,0,0,0,0,0,2,1,6,1,53,8,1242,1,6,4,1,4
201604WD16014,1,9,0,18,0,8,0,0,0,0,1,1,6,1,24,5,1968,2,3,9,1,9
201604WD16014,2,9,0,3,0,8,0,0,0,10,2,1,6,1,45,7,2179,2,9,4,1,4
201604WD16014,3,9,0,3,0,8,0,0,0,0,2,1,6,2,68,10,1086,1,9,8,1,8
201604WD16014,4,9,0,3,0,8,0,0,0,0,2,1,6,1,45,7,1968,2,11,8,1,8
201604WD16015,1,9,0,9,0,8,0,0,0,0,4,1,6,1,17,4,1242,1,3,6,3,6
201604WD16015,2,9,0,18,0,8,0,0,0,0,1,1,6,1,72,10,1597,7,7,9,2,9
201604WD16016,1,9,0,18,0,2,0,0,7,0,4,1,6,1,29,6,1973,1,16,7,3,7
201604WD16016,2,9,0,18,0,1,1,0,0,0,1,1,2,1,39,7,1582,2,1,5,1,5
201604WD16017,1,9,0,18,0,8,0,0,0,0,1,1,6,2,43,7,1598,1,3,4,1,4
201604WD16017,2,9,0,5,0,8,0,0,0,0,1,1,6,2,27,6,1299,1,14,8,1,8
201604WD16018,1,8,0,18,0,8,0,0,0,0,1,1,1,1,43,7,-1,-1,-1,1,1,1
201604WD16018,2,9,0,3,0,2,0,0,0,0,2,1,2,2,53,8,1596,1,6,3,1,3
201604WD16018,3,9,0,3,0,2,0,0,1,0,2,1,6,1,58,9,1527,2,19,4,1,4
201604WD16019,1,9,0,18,0,8,0,0,0,0,1,1,6,3,-1,-1,-1,-1,-1,-1,-1,-1
201604WD16019,2,9,0,9,0,8,0,0,0,0,1,1,6,2,27,6,1398,1,1,9,1,9
201604WD16020,1,9,0,5,0,4,0,0,0,0,1,1,6,2,64,9,1596,1,2,5,1,5
201604WD16020,2,9,0,3,0,4,0,0,0,0,2,1,6,1,66,10,1560,2,5,7,1,7
201604WD16021,1,9,0,18,0,0,0,4,0,0,1,1,6,2,29,6,1596,1,15,6,1,6
201604WD16021,2,9,0,3,0,0,0,0,0,0,2,1,6,1,55,8,1390,1,3,5,1,5
201604WD16021,3,9,0,3,0,0,0,0,0,0,2,1,6,1,20,4,1242,1,4,3,1,3
201604WD16021,4,9,0,3,0,0,0,0,0,0,2,1,6,2,37,7,1995,2,6,5,1,5
201604WD16022,1,9,0,18,0,1,1,0,0,0,1,1,6,2,27,6,1587,1,11,7,1,7
201604WD16022,2,9,0,10,0,1,0,0,0,0,2,1,6,1,24,5,1895,1,16,-1,-1,-1
201604WD16022,3,9,0,18,0,1,0,0,0,0,1,1,6,1,73,10,1968,2,1,9,1,9
201604WD16023,1,90,0,1,6,0,0,0,0,0,2,1,6,1,65,9,-1,-1,-1,1,1,1
201604WD16024,1,9,0,18,0,8,0,0,0,0,1,1,6,2,73,10,1997,2,13,6,3,6
201604WD16024,2,9,0,4,0,8,0,0,0,0,2,1,6,1,48,8,1242,1,12,4,1,4
201604WD16024,3,9,0,4,0,8,0,0,0,0,2,1,6,1,74,10,1461,2,4,6,1,6
201604WD16025,1,9,0,18,0,8,0,0,7,10,4,1,6,2,72,10,1598,1,9,4,1,4
201604WD16025,2,9,0,18,0,8,0,0,0,0,1,1,6,2,78,11,1798,1,1,-1,-1,-1
201604WD16026,1,9,0,4,0,4,0,0,0,0,1,1,6,1,24,5,1124,1,11,5,1,5
201604WD16026,2,3,0,18,0,8,0,0,0,0,4,1,6,1,20,4,125,1,2,8,1,8
201604WD16027,1,9,0,18,0,0,0,0,1,2,1,1,6,2,33,6,2967,2,3,10,1,10
201604WD16028,1,9,0,18,0,1,0,0,0,0,1,1,6,2,58,9,1598,1,15,1,1,1
201604WD16029,1,9,0,18,0,0,0,0,0,0,1,1,6,1,32,6,1968,2,11,3,1,3
201604WD16029,2,9,0,2,0,0,0,0,0,0,2,1,6,3,-1,-1,1796,1,4,-1,-1,-1
201604WD16029,3,9,0,2,0,0,0,0,1,0,2,1,6,3,-1,-1,1560,2,4,-1,-1,-1
201604WD16030,1,9,0,9,0,6,0,0,0,0,3,1,6,2,25,5,1798,1,8,3,1,3
201604WD16030,2,9,0,7,0,1,0,0,0,0,1,1,6,2,37,7,1390,1,17,-1,-1,-1
201604WD16031,1,8,0,9,0,2,0,0,0,0,4,1,1,1,59,9,1560,2,4,1,1,1
201604WD16032,1,8,0,5,0,2,0,0,0,0,1,1,1,1,61,9,1560,2,8,-1,-1,-1
201604WD16032,2,9,0,18,0,1,0,0,0,0,4,1,6,1,46,8,1599,1,12,1,1,1
201604WD16033,1,8,0,5,0,5,0,0,0,0,2,1,1,1,48,8,1896,2,9,2,1,2
201604WD16033,2,1,0,5,0,3,0,0,0,0,1,1,6,2,53,8,-1,-1,-1,8,1,8
201604WD16034,1,9,0,3,0,1,0,0,0,0,1,1,6,2,50,8,1461,2,1,1,1,1
201604WD16034,2,9,0,10,0,1,0,0,0,0,2,1,6,1,53,8,988,1,39,5,1,5
201604WD16035,1,9,0,18,0,1,0,0,0,0,0,1,6,1,57,9,-1,-1,-1,8,1,8
201604WD16035,2,9,0,18,0,1,0,0,0,0,0,1,6,1,46,8,1796,1,12,7,1,7
201604WD16036,1,90,0,5,0,0,0,0,0,0,1,1,2,1,45,7,-1,-1,-1,6,1,6
201604WD16037,1,9,0,18,0,6,0,0,0,0,4,1,6,1,19,4,998,1,1,-1,-1,-1
201604WD16037,2,9,0,18,0,8,0,0,0,0,1,1,6,1,44,7,899,1,16,4,1,4
201604WD16038,1,9,0,16,0,0,1,0,1,10,3,1,6,1,27,6,1242,1,14,6,1,6
201604WD16039,1,4,0,16,0,1,0,0,0,0,1,1,6,1,84,11,248,1,18,7,1,7
201604WD16039,2,9,0,9,0,1,0,0,0,0,2,1,6,1,71,10,1896,2,13,7,1,7
201604WD16040,1,9,0,18,0,8,0,0,0,0,1,1,6,2,82,11,1329,1,4,7,1,7
201604WD16040,2,9,0,18,0,8,0,0,1,10,1,1,6,1,39,7,1598,1,9,6,1,6
201604WD16041,1,9,0,18,0,4,0,0,0,0,1,1,6,1,19,4,1229,1,9,7,1,7
201604WD16041,2,3,0,18,0,8,0,0,0,0,4,1,6,1,57,9,125,1,28,5,1,5
201604WD16042,1,9,0,18,0,0,2,0,0,10,3,1,6,1,19,4,998,1,14,3,1,3
201604WD16045,1,19,0,9,0,5,0,0,0,0,1,1,1,1,23,5,1598,2,5,5,1,5
201604WD16045,2,9,0,18,0,1,0,0,0,0,1,1,6,2,55,8,1339,1,7,5,1,5
201604WD16046,1,9,0,5,0,8,0,0,7,0,4,1,2,1,27,6,1388,1,14,4,1,4
201604WD16046,2,9,0,18,0,1,0,0,1,10,1,1,2,2,22,5,1242,1,7,5,1,5
201604WD16047,1,11,0,4,0,0,0,0,0,0,0,1,1,1,47,8,9200,2,14,3,1,3
201604WD16048,1,9,0,5,0,8,0,0,0,0,1,1,6,1,56,9,2000,1,18,4,1,4
201604WD16048,2,9,0,5,0,8,0,0,0,0,1,1,6,2,79,11,1198,1,9,4,1,4
201604WD16049,1,9,0,18,0,2,0,0,0,0,4,1,6,1,59,9,-1,-1,-1,8,1,8
201604WD16049,2,1,0,18,0,2,0,0,0,0,3,1,6,1,40,7,-1,-1,-1,9,1,9
201604WD16050,1,9,0,5,0,4,0,0,0,0,1,1,6,1,66,10,1995,2,9,-1,-1,-1
201604WD16050,2,3,0,7,0,3,0,0,0,0,3,1,2,1,23,5,125,1,17,-1,-1,-1
201604WD16051,1,9,0,7,0,3,0,0,0,0,4,1,6,1,82,11,1560,2,4,6,1,6
201604WD16051,2,1,0,18,0,8,0,0,0,0,3,1,6,1,27,6,-1,-1,-1,1,1,1
201604WD16052,1,9,0,18,0,4,0,0,0,0,1,1,6,2,68,10,1248,1,8,2,1,2
201604WD16052,2,9,0,9,0,4,0,0,0,0,1,1,6,1,20,4,998,1,8,-1,-1,-1
201604WD16053,1,9,0,5,0,4,0,0,0,0,1,1,6,2,35,6,1398,1,3,5,1,5
201604WD16053,2,9,0,5,0,4,0,0,0,0,1,1,6,2,31,6,1398,1,5,1,1,1
201604WD16054,1,9,0,18,1,1,0,0,1,0,1,1,6,2,23,5,1560,2,4,5,1,5
201604WD16054,2,18,0,18,1,1,0,0,0,0,1,1,1,1,24,5,-1,-1,-1,-1,-1,-1
201604WD16055,1,9,0,17,0,8,1,0,1,10,1,1,6,1,22,5,1761,1,17,2,1,2
201604WD16056,1,90,0,14,0,1,0,0,0,0,1,1,1,2,35,6,-1,-1,-1,1,1,1
201604WD16056,2,9,0,18,0,2,0,0,0,0,1,1,6,2,53,8,1598,2,1,-1,-1,-1
201604WD16057,1,9,0,18,0,0,0,0,0,0,1,1,6,2,66,10,1360,1,5,6,1,6
201604WD16057,2,9,0,3,0,0,0,0,0,0,0,1,6,1,81,11,-1,-1,-1,5,1,5
201604WD16057,3,1,0,18,0,0,0,0,0,0,1,1,6,1,51,8,-1,-1,-1,2,1,2
201604WD16058,1,1,0,5,0,0,0,4,0,0,1,1,6,1,64,9,-1,-1,-1,6,1,6
201604WD16058,2,9,0,2,0,0,0,0,0,0,0,1,6,3,-1,-1,1242,1,4,-1,-1,-1
201604WD16059,1,9,0,9,0,8,0,0,0,0,3,1,6,2,22,5,1349,1,4,-1,-1,-1
201604WD16059,2,9,0,18,0,1,0,0,0,0,1,1,6,2,22,5,1360,1,13,-1,-1,-1
201604WD16060,1,9,0,18,0,1,0,0,0,0,1,1,6,2,-1,-1,-1,-1,-1,-1,-1,-1
201604WD16061,1,9,0,9,0,6,0,0,0,0,3,1,6,2,31,6,1199,1,13,1,1,1
201604WD16061,2,9,0,18,0,1,0,0,0,0,1,1,6,2,58,9,1598,1,2,3,1,3
201604WD16062,1,9,0,9,0,1,0,0,0,0,1,1,6,1,-1,-1,-1,-1,-1,-1,-1,-1
201604WD16062,2,1,0,17,0,1,0,0,0,0,3,1,2,2,21,5,-1,-1,-1,9,1,9
201604WD16063,1,9,0,18,0,6,0,0,0,0,1,1,6,2,37,7,1390,1,11,8,1,8
201604WD16063,2,4,0,18,0,8,2,0,0,0,3,1,6,1,64,9,-1,-1,-1,-1,-1,-1
201604WD16064,1,9,0,5,0,4,0,0,0,0,1,1,2,1,59,9,2183,2,6,6,1,6
201604WD16064,2,1,0,9,0,8,0,0,0,0,2,1,2,2,36,7,-1,-1,-1,1,1,1
201604WD16065,1,9,0,3,0,1,0,0,0,0,2,1,6,2,39,7,-1,-1,-1,-1,-1,-1
201604WD16065,2,9,0,18,0,1,0,0,0,0,0,1,6,2,17,4,1240,1,13,2,1,2
201604WD16066,1,9,0,5,0,6,0,0,0,0,1,1,6,2,51,8,998,1,3,5,1,5
201604WD16066,2,2,0,18,0,1,2,0,0,0,1,1,1,1,56,9,49,1,4,-1,-1,-1
201604WD16067,1,9,0,1,0,1,0,0,0,0,2,1,3,1,33,6,1590,1,18,9,1,9
201604WD16068,1,3,0,18,0,5,2,4,0,0,1,1,6,1,34,6,124,1,7,1,1,1
201604WD16068,2,90,0,2,0,1,0,0,0,0,1,1,6,3,-1,-1,-1,-1,-1,-1,-1,-1
201604WD16069,1,9,0,18,0,4,0,0,0,0,3,1,6,1,18,4,1229,1,7,8,1,8
201604WD16069,2,3,0,7,0,3,0,0,0,0,1,1,6,1,17,4,124,1,8,1,1,1
201604WD16070,1,9,0,18,0,0,0,0,0,0,4,1,6,3,-1,-1,-1,-1,-1,-1,-1,-1
201604WD16071,1,9,0,18,0,0,0,0,0,0,3,1,2,1,52,8,1390,1,12,3,1,3
201604WD16072,1,11,0,18,0,0,0,0,0,0,1,1,3,3,-1,-1,-1,-1,-1,-1,-1,-1
201604WD16073,1,9,0,18,0,0,1,0,1,0,1,1,6,2,30,6,998,1,14,9,1,9
201604WD16074,1,10,0,7,0,1,0,0,0,0,1,1,6,2,76,11,-1,-1,-1,5,3,5
201604WD16074,2,9,0,18,0,1,0,0,0,0,4,1,6,1,69,10,1199,1,16,6,1,6
201604WD16075,1,9,0,5,0,4,0,0,0,0,1,1,6,1,80,11,1339,1,4,-1,-1,-1
201604WD16075,2,1,0,18,0,3,0,0,0,0,4,1,6,1,61,9,-1,-1,-1,-1,-1,-1
201604WD16076,1,9,0,9,0,5,0,0,1,2,1,1,3,2,18,4,998,1,9,7,1,7
201604WD16077,1,9,0,18,0,0,0,0,0,0,1,1,6,1,50,8,1796,1,11,2,1,2
201604WD16078,1,9,0,4,0,1,0,0,0,0,1,1,6,1,54,8,1199,1,14,9,1,9
201604WD16078,2,9,0,3,0,1,0,0,0,0,2,1,2,2,28,6,-1,3,2,2,1,2
201604WD16079,1,5,0,16,0,0,2,0,7,9,1,1,6,1,53,8,955,1,13,6,1,6
201604WD16080,1,90,0,18,0,8,0,0,0,0,1,1,6,1,90,11,-1,-1,-1,1,1,1
201604WD16080,2,11,0,9,0,3,0,0,0,0,3,1,1,1,29,6,4580,2,9,5,1,5
201604WD16081,1,9,0,18,0,1,0,0,0,0,1,1,6,2,41,7,1200,1,1,4,1,4
201604WD16082,1,9,0,15,0,0,0,0,0,0,0,1,6,3,-1,-1,-1,-1,-1,-1,-1,-1
201604WD16082,2,9,0,18,0,0,0,0,0,0,1,1,6,1,52,8,1999,1,12,1,1,1
201604WD16082,3,9,0,2,0,0,0,0,1,10,1,1,6,3,-1,-1,1229,1,3,-1,-1,-1
201604WD16083,1,9,0,4,0,0,0,0,0,0,1,1,6,2,71,10,998,1,6,2,1,2
201604WD16083,2,9,0,17,0,0,0,0,0,0,1,1,6,1,50,8,1248,1,4,7,1,7
201604WD16084,1,9,0,9,0,6,0,0,0,0,1,1,6,1,26,6,-1,-1,-1,6,3,6
201604WD16085,1,9,0,9,0,5,0,0,0,0,1,1,6,2,72,10,1242,1,3,8,3,8
201604WD16085,2,2,0,18,0,1,1,0,0,0,1,1,6,1,16,4,49,1,8,5,3,5
201604WD16086,1,1,0,18,0,8,1,0,0,0,0,1,2,1,28,6,-1,-1,-1,-1,-1,-1
201604WD16087,1,9,0,18,0,0,0,0,0,0,2,1,6,2,22,5,4966,1,11,5,1,5
201604WD16087,2,9,0,10,0,0,0,0,0,0,2,1,6,1,43,7,1596,1,8,5,1,5