Accident_Index,Vehicle_Reference,Vehicle_Type,Towing_and_Articulation,Vehicle_Manoeuvre,Vehicle_Location-Restricted_Lane,Junction_Location,Skidding_and_Overturning,Hit_Object_in_Carriageway,Vehicle_Leaving_Carriageway,Hit_Object_off_Carriageway,1st_Point_of_Impact,Was_Vehicle_Left_Hand_Drive?,Journey_Purpose_of_Driver,Sex_of_Driver,Age_of_Driver,Age_Band_of_Driver,Engine_Capacity_(CC),Propulsion_Code,Age_of_Vehicle,Driver_IMD_Decile,Driver_Home_Area_Type,Vehicle_IMD_Decile
201604WD16240,1,9,0,3,0,1,1,0,0,0,1,1,6,1,28,6,1995,2,6,5,1,5
201604WD16240,2,9,0,3,0,1,0,0,0,0,2,1,2,1,27,6,1995,2,8,6,1,6
201604WD16240,3,9,0,10,0,1,0,0,0,0,2,1,6,2,30,6,1598,1,10,4,1,4
201604WD16241,1,9,0,5,0,6,0,0,0,0,3,1,6,1,35,6,1498,1,1,7,1,7
201604WD16241,2,9,0,18,0,1,0,0,0,0,3,1,2,2,18,4,1198,1,9,7,3,7
201604WD16242,1,9,0,5,0,8,0,0,0,0,1,1,1,2,40,7,1896,2,17,5,1,5
201604WD16242,2,9,0,18,0,1,0,0,0,0,1,1,6,1,27,6,1598,1,4,7,1,7
201604WD16243,1,9,0,9,0,2,0,0,0,0,1,1,6,2,69,10,1975,1,10,4,1,4
201604WD16243,2,1,0,18,0,1,0,0,0,0,3,1,2,2,38,7,-1,-1,-1,5,1,5
201604WD16244,1,9,0,5,0,6,0,0,0,0,1,1,6,2,55,8,998,1,5,6,1,6
201604WD16244,2,1,0,18,0,1,0,0,0,0,1,1,6,1,48,8,-1,-1,-1,5,1,5
201604WD16245,1,9,0,4,0,1,0,0,0,0,1,1,2,1,24,5,1242,1,6,6,1,6
201604WD16245,2,9,0,3,0,1,0,0,0,0,2,1,6,1,44,7,1248,2,6,3,1,3
201604WD16246,1,1,0,18,0,0,0,0,0,0,3,1,6,1,15,3,-1,-1,-1,-1,-1,-1
201604WD16246,2,9,0,4,0,0,0,0,0,0,1,1,6,2,35,6,1598,1,8,1,1,1
201604WD16247,1,9,0,3,0,1,0,0,0,0,3,1,6,2,47,8,1587,1,10,1,1,1
201604WD16247,2,1,0,18,0,1,0,0,0,0,0,1,6,1,74,10,-1,-1,-1,-1,-1,-1
201604WD16248,1,9,0,9,0,8,0,0,0,0,3,1,6,1,29,6,1360,1,15,1,1,1
201604WD16248,2,9,0,18,0,1,0,0,0,0,1,1,6,3,-1,-1,-1,-1,-1,-1,-1,-1
201604WD16249,1,4,0,13,0,1,2,0,0,0,0,1,2,1,45,7,249,1,15,7,1,7
201604WD16249,2,9,0,9,0,8,0,0,0,0,0,1,1,1,23,5,-1,-1,-1,2,1,2
201604WD16249,3,9,0,4,0,1,0,0,0,0,0,1,6,1,53,8,2500,2,21,6,2,6
201604WD16250,1,90,0,18,0,8,0,0,0,0,1,1,6,1,65,9,-1,-1,-1,-1,-1,-1
201604WD16250,2,1,0,18,0,8,0,0,0,0,4,1,6,1,27,6,-1,-1,-1,1,1,1
2016050227088,1,9,0,9,0,4,0,0,0,0,1,1,2,2,29,6,1968,2,12,8,1,8
2016050227088,2,1,0,18,0,8,0,0,0,0,4,1,6,1,23,5,-1,-1,-1,3,1,3
2016051600010,1,9,0,9,0,5,0,0,0,0,1,1,6,2,45,7,1598,2,5,1,1,1
2016051600012,1,9,0,18,0,1,0,0,1,0,3,1,6,2,55,8,1242,1,9,1,1,1
2016051600012,2,21,4,7,0,6,0,0,0,0,4,1,1,1,40,7,12777,2,3,7,3,7
2016051600017,1,9,0,9,0,8,0,0,0,0,1,1,6,1,33,6,1997,2,1,2,1,2
2016051600017,2,1,0,18,0,8,0,0,0,0,1,1,6,2,38,7,-1,-1,-1,1,1,1
2016051600020,1,9,0,9,0,5,0,0,0,0,4,1,6,1,29,6,1596,1,15,8,1,8
2016051600020,2,1,0,18,0,8,0,0,0,0,1,1,6,1,24,5,-1,-1,-1,1,1,1
2016051600021,1,9,0,9,0,8,0,0,0,0,1,1,6,1,79,11,1598,1,14,6,3,6
2016051600021,2,9,0,18,0,8,0,0,0,0,4,1,6,2,24,5,1199,1,14,7,2,7
2016051600022,1,9,0,18,0,0,0,0,0,0,1,1,6,1,26,6,1124,1,13,5,1,5
2016051600023,1,9,0,18,0,0,0,0,1,0,1,1,2,2,44,7,1386,1,8,6,1,6
2016051600023,2,9,0,18,0,0,0,0,1,11,1,1,6,1,77,11,2685,2,13,8,1,8
2016051600026,1,9,0,18,0,0,0,0,0,0,1,1,6,2,40,7,1364,1,6,2,1,2
2016051600026,2,9,0,3,0,0,0,0,0,0,2,1,6,1,57,9,1870,2,15,2,1,2
2016051600026,3,9,0,3,0,0,0,0,0,0,2,1,6,3,-1,-1,1596,1,12,-1,-1,-1
2016051600027,1,9,0,18,0,8,1,0,0,0,1,1,6,2,24,5,1364,1,11,3,1,3
2016051600029,1,9,0,18,0,0,0,0,4,0,1,1,6,1,34,6,1988,1,15,2,1,2
2016051600029,2,9,0,12,0,0,0,0,0,0,2,1,2,1,57,9,3200,2,9,7,2,7
2016051600031,1,9,0,9,0,8,0,0,0,0,4,1,6,2,51,8,1956,2,2,1,1,1
2016051600031,2,9,0,18,0,8,0,0,0,0,1,1,6,1,23,5,1560,2,5,-1,-1,-1
2016051600034,1,9,0,17,0,6,0,0,0,0,1,1,6,2,69,10,1598,1,2,5,1,5
2016051600035,1,9,0,18,0,1,0,0,1,11,2,1,6,1,40,7,1988,2,12,9,1,9
2016051600035,2,9,0,18,0,1,0,0,7,11,1,1,6,1,21,5,-1,-1,-1,2,1,2
2016051600036,1,9,0,18,0,0,0,0,0,0,3,1,3,1,28,6,1598,1,13,2,1,2
2016051600038,1,11,0,16,0,0,0,0,0,0,1,1,1,1,62,9,6692,2,5,4,1,4
2016051600039,1,19,0,18,0,0,0,0,0,0,4,1,2,1,19,4,1997,2,11,5,1,5
2016051600039,2,19,0,18,0,0,1,0,0,0,1,1,6,1,26,6,2198,2,2,1,1,1
2016051600042,1,9,0,18,0,1,1,0,1,11,1,1,1,2,32,6,1582,2,2,1,1,1
2016051600042,2,9,0,7,0,1,1,0,7,0,1,1,6,1,19,4,1242,1,3,1,1,1
2016051600042,3,9,0,2,0,1,0,0,0,0,2,1,6,3,-1,-1,1753,2,9,-1,-1,-1
2016051600042,4,8,0,2,0,1,0,0,0,0,1,1,6,3,-1,-1,1560,2,6,-1,-1,-1
2016051600044,1,9,0,6,0,0,0,0,0,0,3,1,6,2,39,7,1299,1,12,3,1,3
2016051600044,2,9,0,18,0,0,1,0,0,0,1,1,6,1,38,7,2993,2,7,10,1,10
2016051600045,1,9,0,18,0,1,0,0,0,0,1,1,6,1,28,6,1242,1,9,4,1,4
2016051600045,2,9,0,10,0,1,0,0,0,0,2,1,6,2,52,8,1560,2,9,1,1,1
2016051600048,1,19,0,5,0,0,0,0,0,0,1,1,6,3,-1,-1,-1,-1,-1,-1,-1,-1
2016051600048,2,9,0,3,0,0,0,0,0,0,1,1,6,2,27,6,-1,-1,-1,1,1,1
2016051600051,1,9,0,18,0,0,0,0,0,0,1,1,6,1,57,9,1197,1,2,1,1,1
2016051600051,2,9,0,18,0,0,0,0,0,0,1,1,6,1,79,11,1998,1,18,1,1,1
2016051600055,1,9,0,18,0,0,1,0,0,0,1,1,6,2,25,5,1242,1,3,7,1,7
2016051600055,2,9,0,3,0,0,0,0,0,0,2,1,6,2,38,7,2204,2,11,2,1,2
2016051600055,3,9,0,3,0,0,0,0,0,0,2,1,6,2,49,8,1461,2,5,1,1,1
2016051600058,1,9,0,18,0,0,0,0,0,0,1,1,2,1,42,7,1997,2,15,3,1,3
2016051600060,1,1,0,18,0,1,0,0,0,0,4,1,2,1,70,10,-1,-1,-1,2,1,2
2016051600060,2,5,0,18,0,1,0,0,0,0,1,1,2,1,41,7,599,1,7,3,1,3
2016051600064,1,9,0,18,0,0,0,0,0,0,0,1,1,3,-1,-1,1582,2,2,-1,-1,-1
2016051600064,2,9,0,18,0,0,5,0,0,0,1,1,6,2,22,5,1229,1,2,10,1,10
2016051600064,3,9,0,2,0,0,1,0,1,11,1,1,6,3,-1,-1,1596,1,10,-1,-1,-1
2016051600065,1,9,0,18,0,0,0,0,0,0,1,1,6,2,33,6,1995,2,2,7,1,7
2016051600065,2,9,0,18,0,0,0,0,0,0,1,1,6,1,20,4,1995,2,6,5,1,5
2016051600065,3,9,0,2,0,0,0,0,0,0,4,1,6,3,-1,-1,1242,1,6,-1,-1,-1
2016051600066,1,9,0,9,0,8,0,0,0,0,4,1,6,1,27,6,2319,1,15,5,1,5
2016051600066,2,9,0,18,0,8,0,0,0,0,1,1,6,1,43,7,1598,1,5,9,1,9
2016051600067,1,9,0,5,0,0,0,0,0,0,3,1,6,2,29,6,1968,2,4,1,1,1
2016051600067,2,3,0,18,0,0,0,0,0,0,1,1,2,1,47,8,124,1,4,1,1,1
2016051600069,1,9,0,18,0,0,0,4,0,0,1,1,6,2,55,8,1461,2,12,10,1,10
2016051600069,2,19,0,2,0,0,0,0,0,0,2,1,6,3,-1,-1,2143,2,1,-1,-1,-1
2016051600071,1,9,0,18,0,2,0,0,0,0,4,1,6,3,-1,-1,-1,-1,-1,-1,-1,-1
2016051600072,1,9,0,17,0,0,1,0,1,4,2,1,6,1,19,4,1999,1,9,8,1,8
2016051600074,1,9,0,18,0,0,0,0,0,0,4,1,6,1,77,11,1598,1,3,9,1,9
2016051600074,2,9,0,18,0,0,0,0,0,0,1,1,6,2,18,4,998,1,30,9,1,9
2016051600078,1,8,0,18,0,0,0,0,0,0,4,1,1,1,54,8,2664,2,15,8,1,8
2016051600079,1,19,0,18,0,0,0,0,0,0,1,1,1,1,26,6,2179,2,10,9,2,9
2016051600079,2,9,0,3,0,0,0,0,0,0,2,1,6,2,45,7,1242,1,15,2,1,2
2016051600079,3,19,0,3,0,0,0,0,0,0,2,1,1,1,61,9,2299,2,3,8,1,8
2016051600080,1,9,0,18,0,2,0,0,0,0,3,1,2,1,32,6,1598,2,2,5,1,5
2016051600082,1,9,0,5,0,8,0,0,0,0,3,1,6,2,59,9,1600,2,7,2,1,2
2016051600082,2,1,0,17,0,8,0,0,0,0,4,1,6,1,22,5,-1,-1,-1,5,1,5
2016051600083,1,9,0,5,0,6,0,0,0,0,1,1,2,1,21,5,1364,7,10,1,1,1
2016051600085,1,9,0,18,0,0,1,0,4,6,3,1,1,1,38,7,1896,2,9,-1,-1,-1
2016051600085,2,9,0,18,0,0,0,0,0,0,3,1,6,1,55,8,-1,-1,-1,8,1,8
2016051600086,1,19,0,1,0,0,0,0,0,0,2,1,1,1,31,6,1753,2,7,1,1,1
2016051600086,2,9,0,18,0,0,0,0,0,0,1,1,6,1,22,5,1200,1,1,7,1,7
2016051600088,1,9,0,18,0,0,0,0,0,0,1,1,6,2,25,5,1124,1,13,1,1,1
2016051600088,2,9,0,4,0,0,0,0,0,0,2,1,6,1,73,10,1896,2,13,4,1,4
2016051600090,1,9,0,18,0,8,0,0,0,0,1,1,6,1,32,6,-1,-1,-1,1,1,1
2016051600090,2,9,0,18,0,8,0,0,0,0,3,1,6,2,43,7,1956,2,7,1,1,1
2016051600091,1,4,0,18,0,0,0,0,0,0,1,1,6,1,-1,-1,-1,-1,-1,-1,-1,-1
2016051600091,2,11,0,3,0,0,0,0,0,0,0,1,1,1,71,10,6692,2,5,3,2,3
2016051600095,1,9,0,4,0,1,0,0,0,0,1,1,6,3,-1,-1,1598,1,2,-1,-1,-1
2016051600095,2,9,0,3,0,1,0,0,0,0,2,1,6,1,34,6,1910,2,8,3,1,3
2016051600096,1,9,0,18,0,4,0,0,0,0,1,1,6,1,72,10,1598,1,11,6,1,6
2016051600096,2,1,0,7,0,3,0,0,0,0,4,1,6,2,61,9,-1,-1,-1,10,1,10
2016051600097,1,9,0,8,0,1,0,0,0,0,1,1,6,1,36,7,1587,1,10,1,1,1
2016051600097,2,9,0,10,0,1,0,0,0,0,3,1,6,1,36,7,1461,2,1,1,1,1
2016051600098,1,11,0,5,0,1,0,0,0,0,1,1,1,1,53,8,6696,2,2,2,1,2
2016051600098,2,9,0,3,0,1,0,0,0,0,2,1,6,2,49,8,1360,1,10,7,1,7
2016051600098,3,9,0,5,0,1,0,0,0,0,2,1,6,1,17,4,1686,2,4,3,1,3
2016051600099,1,9,0,18,0,8,0,0,0,0,3,1,2,2,34,6,1596,1,8,3,1,3
2016051600100,1,9,0,5,0,4,0,0,0,0,1,1,6,1,43,7,1590,1,14,1,1,1
2016051600100,2,2,0,9,0,4,0,0,0,0,1,1,6,1,27,6,124,1,9,1,1,1
2016051600102,1,8,0,18,0,8,0,0,1,0,1,1,1,1,61,9,2664,2,18,2,1,2
2016051600102,2,9,0,18,0,8,0,0,0,0,4,1,2,2,45,7,1997,2,2,6,1,6
2016051600103,1,19,0,4,0,1,0,0,0,0,1,1,1,1,28,6,1753,2,5,-1,-1,-1
2016051600103,2,9,0,10,0,1,0,0,0,0,2,1,1,2,18,4,1560,2,4,1,1,1
2016051600105,1,9,0,18,0,1,0,0,0,0,1,1,6,3,-1,-1,1998,1,13,-1,-1,-1
2016051600108,1,8,0,18,0,0,0,0,0,0,1,1,1,1,47,8,1686,2,6,1,1,1
2016051600109,1,3,0,4,0,1,1,0,0,0,4,1,6,1,19,4,125,1,3,1,1,1
2016051600109,2,9,0,18,0,1,0,0,0,0,3,1,6,2,35,6,1242,1,7,1,1,1
2016051600113,1,9,0,4,0,1,0,0,0,0,1,1,6,2,28,6,1242,1,3,8,1,8
2016051600114,1,9,0,9,0,8,0,0,0,0,1,1,6,1,38,7,1296,1,9,2,1,2
2016051600114,2,9,0,18,0,8,0,0,0,0,1,1,6,1,46,8,1999,1,10,1,1,1
2016051600115,1,9,0,18,0,8,0,0,0,0,1,1,6,1,61,9,1124,1,22,5,1,5
2016051600115,2,9,0,18,0,1,0,0,1,10,3,1,6,1,69,10,2151,2,14,5,1,5
2016051600120,1,9,0,4,0,0,0,0,0,0,1,1,2,2,31,6,1968,2,6,3,1,3
2016051600120,2,9,0,4,0,0,0,0,0,0,2,1,2,1,47,8,1596,1,10,2,1,2
2016051600120,3,9,0,4,0,0,0,0,0,0,2,1,2,2,67,10,1198,1,4,5,1,5
2016051600120,4,9,0,4,0,0,1,0,0,0,1,1,6,1,18,4,1242,1,5,2,1,2
2016051600120,5,19,0,4,0,0,0,0,0,0,2,1,2,2,31,6,2143,2,5,5,1,5
2016051600121,1,9,0,18,0,8,0,0,0,0,3,1,2,1,58,9,1997,2,6,1,1,1
2016051600121,2,3,0,18,0,8,0,0,0,0,4,1,2,2,21,5,124,1,3,2,1,2
2016051600122,1,9,0,9,0,8,0,0,0,0,3,1,6,1,-1,-1,-1,-1,-1,-1,-1,-1
2016051600124,1,19,0,9,0,1,0,0,0,0,3,1,6,1,65,9,1300,1,15,2,1,2
2016051600124,2,9,0,18,0,1,0,0,0,0,3,1,6,1,26,6,1364,1,11,1,1,1
2016051600125,1,9,0,18,0,1,0,0,0,0,0,1,6,3,-1,-1,-1,-1,-1,-1,-1,-1
2016051600125,2,3,0,18,0,1,0,10,0,0,0,1,6,1,39,7,-1,-1,-1,1,1,1
2016051600126,1,9,0,18,0,0,0,0,0,0,1,1,6,3,-1,-1,-1,-1,-1,-1,-1,-1
2016051600128,1,8,0,4,0,0,0,0,0,0,1,1,1,1,46,8,-1,-1,-1,4,1,4
2016051600128,2,9,0,4,0,0,0,0,0,0,2,1,2,2,33,6,1368,1,8,2,1,2
2016051600128,3,9,0,3,0,0,0,0,0,0,2,1,2,2,37,7,1997,2,1,8,1,8
2016051600130,1,9,0,18,0,0,0,0,0,0,1,1,6,2,53,8,1618,1,1,10,1,10
2016051600130,2,9,0,18,0,0,0,0,0,0,2,1,2,1,36,7,1598,1,1,5,1,5
2016051600131,1,9,0,3,0,8,0,0,0,0,1,1,2,1,52,8,1199,1,15,3,1,3
2016051600131,2,5,0,17,0,8,0,0,0,0,4,1,2,1,50,8,1050,1,2,5,1,5
2016051600133,1,9,0,4,0,0,0,0,0,0,1,1,6,1,62,9,2720,2,11,6,1,6
2016051600133,2,9,0,3,0,0,0,0,0,0,2,1,1,2,24,5,1598,1,3,-1,-1,-1
2016051600135,1,19,0,5,0,0,0,0,0,0,1,1,1,3,-1,-1,1998,2,12,-1,-1,-1
2016051600135,2,9,0,18,0,0,0,0,0,0,3,1,6,2,34,6,1560,2,7,1,1,1
2016051600136,1,3,0,18,0,0,1,0,1,0,0,1,6,1,20,4,124,1,3,7,3,7
2016051600137,1,9,0,18,0,1,0,0,0,0,3,1,6,1,41,7,2477,2,11,8,1,8
2016051600138,1,3,0,16,0,1,1,0,0,0,0,1,6,1,27,6,124,1,3,1,1,1
2016051600138,2,9,0,10,0,1,0,0,0,0,0,1,1,1,25,5,1242,1,9,6,1,6
2016051600139,1,9,0,16,0,0,0,0,0,0,1,1,6,1,55,8,2179,2,2,6,1,6
2016051600139,2,9,0,17,0,0,0,0,0,0,0,1,6,1,49,8,1997,2,15,2,1,2
2016051600142,1,9,0,1,0,2,0,0,0,0,2,1,6,2,41,7,1598,1,2,10,1,10
2016051600144,1,1,0,6,0,6,0,0,0,0,3,1,6,1,9,2,-1,-1,-1,1,1,1
2016051600144,2,9,0,18,0,8,0,0,0,0,1,1,6,2,62,9,1388,1,13,7,1,7
2016051600145,1,9,0,18,0,0,0,0,0,0,1,1,6,1,38,7,1910,2,8,6,1,6
2016051600147,1,19,0,5,0,2,0,0,0,0,1,1,2,1,49,8,1461,2,2,6,1,6
2016051600147,2,1,0,18,0,1,0,0,0,0,3,1,2,1,30,6,-1,-1,-1,2,1,2
2016051600149,1,9,0,7,0,1,0,0,0,0,1,1,6,1,24,5,1968,2,8,1,1,1
2016051600149,2,1,0,18,0,8,0,0,0,0,4,1,6,1,62,9,-1,-1,-1,3,1,3
2016051600150,1,9,0,14,0,0,0,0,0,0,1,1,6,2,27,6,1686,2,3,1,1,1
2016051600152,1,1,0,18,0,1,0,0,0,0,4,1,2,1,67,10,-1,-1,-1,1,1,1
2016051600152,2,9,0,9,0,6,0,0,0,0,1,1,6,1,34,6,-1,-1,-1,3,1,3
2016051600154,1,9,0,16,0,2,0,0,0,0,0,1,6,1,25,5,1998,2,2,3,1,3
2016051600155,1,9,0,9,0,8,0,0,0,0,4,1,6,2,68,10,1995,2,12,3,1,3
2016051600156,1,3,0,12,0,1,1,0,0,0,1,1,2,1,17,4,124,1,4,6,3,6
2016051600156,2,9,0,4,0,1,0,0,0,0,2,1,2,1,46,8,-1,-1,-1,7,2,7
2016051600157,1,10,0,18,0,8,0,0,0,0,1,1,1,1,63,9,2179,2,12,4,1,4
2016051600157,2,19,0,18,0,8,0,0,0,0,1,1,1,1,49,8,2500,2,10,1,1,1
2016051600157,3,9,0,10,0,8,0,0,0,0,1,1,6,2,68,10,1240,1,7,1,1,1
2016051600161,1,9,0,17,0,8,0,0,0,0,3,1,2,1,24,5,1956,2,2,1,1,1
2016051600161,2,9,0,17,0,8,0,0,0,0,4,1,2,2,28,6,1296,1,10,2,1,2
2016051600165,1,9,0,18,0,0,1,0,0,0,1,1,6,2,46,8,1596,1,5,6,1,6
2016051600165,2,9,0,4,0,0,1,0,5,6,1,1,6,1,60,9,1242,1,10,1,1,1
2016051600165,3,9,0,4,0,0,0,0,0,0,4,1,1,2,50,8,1988,2,12,4,1,4
2016051600167,1,9,0,18,0,4,0,0,0,0,1,1,6,1,28,6,1398,1,2,8,2,8
2016051600167,2,1,0,18,0,8,0,0,0,0,4,1,2,1,28,6,-1,-1,-1,5,1,5
2016051600168,1,9,0,18,0,0,0,0,0,0,1,1,6,2,27,6,1598,2,5,1,1,1
2016051600168,2,9,0,3,0,0,0,0,0,0,2,1,6,2,44,7,2143,2,6,3,1,3
2016051600168,3,9,0,3,0,0,0,0,0,0,2,1,6,1,63,9,1242,1,4,5,1,5
2016051600168,4,9,0,3,0,0,0,0,0,0,2,1,6,2,37,7,1364,1,7,5,1,5
2016051600169,1,9,0,18,0,1,0,0,0,0,1,1,2,1,40,7,2143,2,1,5,1,5
2016051600173,1,9,0,18,0,8,0,0,0,0,1,1,6,2,26,6,1598,1,6,1,1,1
2016051600173,2,9,0,18,0,1,0,0,7,0,1,1,2,1,61,9,1596,1,8,1,1,1
2016051600174,1,9,0,18,0,1,0,0,0,0,1,1,6,1,-1,-1,-1,-1,-1,-1,-1,-1
2016051600175,1,9,0,18,0,1,0,0,0,0,1,1,6,1,39,7,1998,1,17,1,1,1
2016051600175,2,9,0,9,0,8,0,0,0,0,3,1,6,1,36,7,1597,2,1,9,1,9
2016051600177,1,9,0,18,0,0,1,0,8,4,1,1,6,2,21,5,1248,2,3,-1,2,-1
2016051600180,1,9,0,9,0,6,0,0,0,0,1,1,6,1,64,9,998,1,2,3,1,3
2016051600181,1,9,0,4,0,0,0,0,0,0,1,1,6,1,35,6,2500,1,20,5,1,5
2016051600181,2,9,0,4,0,0,0,0,0,0,2,1,6,1,-1,-1,-1,-1,-1,-1,-1,-1
2016051600181,3,9,0,4,0,0,0,0,0,0,2,1,2,1,34,6,1149,1,14,3,1,3
2016051600182,1,9,0,18,0,0,0,0,0,0,1,1,2,2,45,7,2143,2,4,6,1,6
2016051600185,1,19,0,12,0,0,0,0,0,0,3,1,2,1,56,9,1998,2,10,3,1,3
2016051600185,2,9,0,18,0,0,0,0,0,0,4,1,3,1,69,10,1596,1,15,4,1,4
2016051600185,3,11,0,5,0,0,0,0,0,0,2,1,1,1,45,7,6700,2,4,1,1,1
2016051600186,1,9,0,18,0,8,0,0,0,0,4,1,2,1,26,6,1999,1,10,6,3,6
2016051600186,2,9,0,18,0,8,0,0,7,0,1,1,6,1,34,6,2099,1,14,1,1,1
2016051600190,1,9,0,16,0,4,0,0,0,0,1,1,2,1,37,7,1461,2,10,6,1,6
2016051600190,2,3,0,17,0,8,0,0,0,0,4,1,2,2,34,6,-1,-1,-1,1,1,1
2016051600191,1,9,0,18,0,1,0,0,0,0,1,1,6,3,-1,-1,-1,-1,-1,-1,-1,-1
2016051600191,2,1,0,5,0,1,0,0,0,0,1,1,6,1,18,4,-1,-1,-1,5,1,5
2016051600192,1,8,0,7,0,5,0,0,0,0,4,1,1,1,39,7,1753,2,6,1,1,1
2016051600194,1,9,0,5,0,6,0,11,6,0,1,1,2,2,37,7,2987,2,4,10,1,10
2016051600194,2,3,0,4,0,1,1,0,0,0,4,1,2,1,18,4,-1,-1,-1,1,1,1
2016051600195,1,9,0,9,0,5,0,0,0,0,1,1,1,1,44,7,1560,2,8,8,1,8
2016051600196,1,3,0,18,0,8,1,0,0,0,1,1,6,1,21,5,124,1,5,3,1,3
2016051600196,2,9,0,9,0,8,0,0,0,0,3,1,6,2,36,7,1240,1,6,-1,-1,-1
2016051600197,1,9,0,18,0,0,0,4,0,0,1,1,6,1,22,5,998,1,3,9,2,9
2016051600197,2,9,0,2,0,0,0,0,7,11,1,1,6,3,-1,-1,973,1,16,-1,-1,-1
2016051600197,3,9,0,2,0,0,0,0,0,0,3,1,6,3,-1,-1,1598,2,2,-1,-1,-1
2016051600198,1,5,0,18,0,8,1,0,0,0,1,1,6,1,20,4,599,1,16,6,1,6
2016051600198,2,5,0,18,0,8,0,0,0,0,2,1,6,1,21,5,599,1,19,2,1,2
2016051600202,1,9,0,18,0,8,0,0,2,11,3,1,2,2,33,6,1386,1,9,3,1,3
2016051600202,2,9,0,18,0,8,0,0,0,0,1,1,1,2,48,8,1560,2,4,10,1,10
2016051600204,1,9,0,18,0,0,0,0,1,4,1,1,6,2,27,6,1461,2,4,7,2,7
2016051600210,1,9,0,9,0,5,0,0,0,0,4,1,1,1,40,7,-1,-1,-1,2,1,2
2016051600214,1,9,0,18,0,0,0,0,0,0,1,1,3,2,45,7,998,1,3,7,1,7
2016051600217,1,8,0,6,0,0,0,0,0,0,1,1,6,1,37,7,2402,2,14,-1,-1,-1
2016051600219,1,9,0,18,0,1,0,0,0,0,4,1,6,1,22,5,1598,2,2,1,1,1
2016051600219,2,9,0,18,0,8,0,0,0,0,3,1,6,2,27,6,1783,1,14,1,1,1
2016051600220,1,9,0,16,0,0,1,0,1,2,3,1,6,1,23,5,2171,1,13,5,1,5
2016051600222,1,9,0,17,0,0,0,4,0,0,4,1,6,2,63,9,1398,1,3,5,1,5
2016051600222,2,9,0,2,0,0,0,0,0,0,3,1,6,3,-1,-1,1997,2,13,-1,-1,-1
2016051600228,1,1,0,18,0,0,0,0,0,0,1,1,6,1,53,8,-1,-1,-1,6,1,6
2016051600229,1,9,0,18,0,0,0,0,0,0,1,1,2,1,49,8,1461,2,3,3,1,3
2016051600229,2,5,0,18,0,0,0,0,0,0,2,1,6,1,32,6,649,1,3,9,1,9
2016051600230,1,9,0,7,0,8,0,0,0,0,0,1,6,2,27,6,1685,2,5,2,1,2
2016051600230,2,5,0,9,0,8,1,0,0,0,0,1,6,1,49,8,1250,1,16,10,1,10
2016051600231,1,9,0,18,0,8,0,0,0,0,0,1,6,1,39,7,1590,1,14,3,1,3
2016051600231,2,9,0,9,0,8,0,0,0,0,4,1,6,1,20,4,1499,2,1,-1,-1,-1
2016051600232,1,9,0,18,0,8,0,0,0,0,1,1,2,1,45,7,2000,2,6,6,1,6
2016051600233,1,9,0,18,0,1,0,0,0,0,1,1,2,2,59,9,998,1,2,10,1,10
2016051600233,2,9,0,18,0,1,0,0,0,0,2,1,6,2,38,7,1598,1,8,1,1,1
2016051600234,1,9,0,7,0,1,0,0,0,0,1,1,6,2,61,9,1461,2,1,1,1,1
2016051600238,1,9,0,18,0,1,0,0,0,0,1,2,6,1,48,8,1399,2,14,10,1,10
2016051600238,2,9,0,5,0,6,0,0,0,0,3,2,6,2,65,9,1242,1,3,1,1,1
2016051600240,1,19,0,9,0,8,0,0,0,0,3,1,1,1,69,10,2143,2,4,-1,1,-1
2016051600240,2,5,0,18,0,8,0,0,0,0,1,1,2,1,52,8,1137,1,15,7,1,7
2016051600243,1,9,0,18,0,8,0,0,0,0,1,1,6,3,-1,-1,-1,-1,-1,-1,-1,-1
2016051600243,2,9,0,18,0,8,0,0,0,0,4,1,6,2,40,7,-1,-1,-1,5,1,5
2016051600245,1,19,0,5,0,0,0,0,0,0,4,1,1,1,45,7,1997,2,5,1,1,1
2016051600246,1,9,0,18,0,0,0,0,0,0,1,1,1,1,37,7,2143,2,5,1,1,1
2016051600246,2,9,0,18,0,0,0,0,0,0,2,1,6,1,55,8,4367,2,1,6,1,6
2016051600246,3,9,0,18,0,0,0,0,0,0,2,1,2,1,55,8,1598,2,1,3,1,3
2016051600246,4,9,0,18,0,0,0,0,0,0,2,1,6,1,18,4,1598,2,4,9,1,9
2016051600247,1,19,0,18,0,0,0,0,0,0,1,1,6,1,23,5,1560,2,2,-1,-1,-1
2016051600247,2,9,0,3,0,0,0,0,0,0,2,1,6,1,59,9,1968,2,2,6,3,6
2016051600249,1,9,0,9,0,8,0,0,0,0,1,1,6,2,58,9,1197,1,-1,10,1,10
2016051600249,2,9,0,18,0,8,0,0,0,0,1,1,6,1,45,7,1686,2,7,5,1,5
2016051600250,1,9,0,4,0,0,0,0,0,0,1,1,6,1,41,7,1956,2,3,2,1,2
2016051600250,2,9,0,3,0,0,0,0,0,0,2,1,1,2,43,7,1596,1,11,1,1,1
2016051600251,1,9,0,18,0,1,0,7,0,0,1,1,6,2,73,10,1389,1,14,7,1,7
2016051600253,1,19,0,18,0,0,0,0,0,0,1,1,1,1,27,6,-1,-1,-1,1,1,1
2016051600253,2,9,0,4,0,0,0,0,0,0,2,1,1,2,60,9,1461,2,1,-1,-1,-1