Accident_Index,Vehicle_Reference,Vehicle_Type,Towing_and_Articulation,Vehicle_Manoeuvre,Vehicle_Location-Restricted_Lane,Junction_Location,Skidding_and_Overturning,Hit_Object_in_Carriageway,Vehicle_Leaving_Carriageway,Hit_Object_off_Carriageway,1st_Point_of_Impact,Was_Vehicle_Left_Hand_Drive?,Journey_Purpose_of_Driver,Sex_of_Driver,Age_of_Driver,Age_Band_of_Driver,Engine_Capacity_(CC),Propulsion_Code,Age_of_Vehicle,Driver_IMD_Decile,Driver_Home_Area_Type,Vehicle_IMD_Decile
2016051600253,3,11,0,4,0,0,0,0,0,0,2,1,1,1,46,8,6696,2,2,1,1,1
2016051600254,1,2,0,18,0,0,0,0,0,0,1,1,6,1,16,4,49,1,9,4,1,4
2016051600255,1,8,0,3,0,8,0,0,0,0,4,1,1,1,46,8,1997,2,5,1,1,1
2016051600255,2,8,0,18,0,8,0,0,0,0,1,1,1,1,35,6,1560,2,4,1,1,1
2016051600256,1,9,0,18,0,6,0,0,0,0,1,1,6,1,37,7,1598,1,3,1,1,1
2016051600256,2,9,0,9,0,4,0,0,0,0,4,1,6,2,49,8,1461,2,5,3,1,3
2016051600257,1,9,0,9,0,1,0,0,0,0,3,1,2,1,50,8,1560,2,2,4,1,4
2016051600257,2,1,0,18,0,1,0,0,0,0,3,1,6,1,43,7,-1,-1,-1,1,1,1
2016051600258,1,9,0,18,0,0,1,0,7,7,1,1,6,1,24,5,1398,1,5,1,1,1
2016051600259,1,3,0,7,0,5,1,0,0,0,4,1,2,1,19,4,124,1,1,1,1,1
2016051600260,1,9,0,18,0,0,0,0,0,0,1,1,6,1,-1,-1,-1,-1,-1,-1,-1,-1
2016051600260,2,9,0,3,0,0,0,0,0,0,2,1,6,1,24,5,-1,-1,-1,6,1,6
2016051600267,1,9,0,1,0,0,0,0,0,0,2,1,6,1,78,11,1797,8,1,1,1,1
2016051600267,2,9,0,2,0,0,0,0,0,0,1,1,6,3,-1,-1,1390,1,17,-1,-1,-1
2016051600268,1,9,0,18,0,0,0,0,0,0,1,1,6,3,-1,-1,-1,-1,-1,-1,-1,-1
2016051600268,2,9,0,18,0,0,0,0,0,0,2,1,6,2,19,4,1248,2,1,1,1,1
2016051600271,1,9,0,18,0,0,0,0,0,0,1,1,6,1,36,7,1984,1,6,1,1,1
2016051600273,1,9,0,10,0,1,0,0,0,0,0,1,6,1,47,8,1968,2,3,10,1,10
2016051600273,2,3,0,18,0,1,1,0,0,0,3,1,1,1,49,8,125,1,-1,3,1,3
2016051600274,1,19,0,6,0,8,0,0,0,0,1,1,1,1,47,8,1560,2,4,3,1,3
2016051600277,1,9,0,18,0,4,0,0,0,0,1,1,2,2,51,8,1598,1,2,2,1,2
2016051600277,2,1,0,18,0,8,0,0,0,0,4,1,2,1,47,8,-1,-1,-1,-1,-1,-1
2016051600278,1,8,0,18,0,0,0,0,0,0,1,1,1,1,27,6,1700,2,6,1,1,1
2016051600279,1,9,0,7,0,6,0,0,0,0,1,1,6,2,30,6,1242,1,4,4,1,4
2016051600281,1,9,0,9,0,1,0,0,0,0,1,2,6,2,35,6,1390,1,16,2,1,2
2016051600281,2,9,0,18,0,1,0,0,0,0,1,1,6,2,29,6,1753,2,7,8,1,8
2016051600282,1,9,0,18,0,0,0,0,0,0,1,1,6,1,27,6,-1,-1,-1,7,1,7
2016051600282,2,9,0,18,0,0,0,0,0,0,2,1,6,2,55,8,1400,1,9,2,1,2
2016051600282,3,19,0,6,0,0,0,0,0,0,0,1,1,1,24,5,1560,2,1,1,1,1
2016051600283,1,9,0,9,0,8,0,0,0,0,1,1,6,1,49,8,1997,2,12,3,1,3
2016051600284,1,9,0,18,0,1,0,0,0,0,1,1,6,2,58,9,1396,2,1,1,1,1
2016051600284,2,9,0,18,0,1,0,0,0,0,2,1,6,1,28,6,1596,1,9,1,1,1
2016051600284,3,19,0,18,0,1,0,0,0,0,3,1,6,1,26,6,2198,2,8,2,1,2
2016051600284,4,8,0,18,0,1,0,0,0,0,3,1,1,1,28,6,2402,2,13,5,1,5
2016051600284,5,9,0,18,0,1,0,0,0,0,4,1,6,1,35,6,1896,2,7,1,1,1
2016051600285,1,9,0,7,0,6,0,0,0,0,1,1,6,3,-1,-1,-1,-1,-1,-1,-1,-1
2016051600286,1,4,0,18,0,1,0,0,0,0,1,1,1,1,26,6,125,1,1,1,1,1
2016051600286,2,4,0,18,0,8,0,0,0,0,2,1,1,1,42,7,124,1,3,1,1,1
2016051600287,1,9,0,9,0,2,0,0,0,0,1,1,6,2,23,5,1149,1,10,7,1,7
2016051600287,2,9,0,17,0,1,0,0,0,0,1,1,6,1,51,8,1120,1,17,5,1,5
2016051600289,1,9,0,18,0,1,0,0,0,0,3,1,6,3,-1,-1,-1,-1,-1,-1,-1,-1
2016051600289,2,1,0,4,0,1,0,0,0,0,1,1,2,1,40,7,-1,-1,-1,1,1,1
2016051600290,1,9,0,18,0,1,0,0,0,0,1,1,6,1,-1,-1,-1,-1,-1,-1,-1,-1
2016051600290,2,5,0,18,0,1,0,0,0,0,1,1,6,1,25,5,-1,-1,-1,3,1,3
2016051600291,1,9,0,6,0,0,1,0,0,0,0,1,6,1,31,6,-1,-1,-1,2,1,2
2016051600291,2,9,0,18,0,0,0,0,1,11,1,1,6,1,67,10,1242,1,7,7,1,7
2016051600292,1,9,0,14,0,0,0,0,7,1,4,1,6,1,32,6,1995,2,1,8,1,8
2016051600292,2,9,0,5,0,0,0,0,0,0,3,1,6,1,40,7,1248,1,3,5,1,5
2016051600293,1,9,0,18,0,1,0,0,0,0,1,1,6,1,26,6,1596,1,6,-1,-1,-1
2016051600293,2,9,0,9,0,1,0,0,0,0,2,1,6,1,43,7,1242,1,2,4,1,4
2016051600294,1,3,0,18,0,2,1,10,0,0,4,1,6,1,41,7,124,1,6,1,1,1
2016051600294,2,9,0,18,0,1,0,0,0,0,1,1,6,1,43,7,1461,2,1,1,1,1
2016051600297,1,9,0,17,0,0,2,10,1,10,1,1,6,2,18,4,1000,1,16,6,3,6
2016051600298,1,9,0,7,0,1,0,0,0,0,1,1,6,1,18,4,1242,1,4,6,1,6
2016051600298,2,9,0,10,0,1,0,0,0,0,3,1,6,1,64,9,1461,2,1,5,1,5
2016051600299,1,9,0,18,0,1,0,0,1,0,3,1,6,2,41,7,1149,1,2,1,1,1
2016051600299,2,9,0,18,0,1,0,0,0,0,1,1,6,2,34,6,1753,2,10,2,1,2
2016051600300,1,9,0,5,0,6,0,0,0,0,1,1,6,2,81,11,1349,1,6,5,1,5
2016051600300,2,9,0,18,0,8,0,0,1,1,1,1,6,1,29,6,1149,1,13,4,1,4
2016051600301,1,9,0,4,0,8,0,0,0,0,1,1,6,1,34,6,1499,2,1,2,1,2
2016051600301,2,9,0,18,0,1,0,0,4,4,3,1,6,1,47,8,1796,1,13,9,1,9
2016051600303,1,9,0,18,0,0,0,0,0,0,1,1,6,1,23,5,2995,1,6,10,1,10
2016051600303,2,9,0,18,0,0,0,0,0,0,2,1,6,1,54,8,999,1,1,9,1,9
2016051600306,1,9,0,5,0,1,0,0,0,0,3,1,6,2,38,7,1997,2,14,6,1,6
2016051600306,2,9,0,18,0,1,0,0,0,0,0,1,6,1,23,5,999,1,1,2,1,2
2016051600308,1,9,0,18,0,0,0,0,0,0,3,1,6,1,45,7,1997,2,9,4,1,4
2016051600308,2,1,0,18,0,0,0,0,0,0,1,1,6,1,20,4,-1,-1,-1,3,1,3
2016051600309,1,11,0,2,0,0,0,0,0,0,1,1,1,1,66,10,5900,2,10,6,1,6
2016051600309,2,9,0,2,0,0,0,0,0,0,2,1,2,1,37,7,1956,2,5,1,1,1
2016051600309,3,9,0,2,0,0,0,0,0,0,2,1,6,1,41,7,2199,2,8,1,1,1
2016051600317,1,19,0,9,0,8,0,0,0,0,4,1,1,1,47,8,2287,2,9,1,1,1
2016051600317,2,9,0,9,0,8,0,0,0,0,3,1,1,2,22,5,1242,1,2,1,1,1
2016051600318,1,9,0,9,0,5,0,0,0,0,1,1,6,1,57,9,1995,2,2,7,1,7
2016051600318,2,8,0,10,0,5,0,0,0,0,2,1,1,1,58,9,2664,2,12,5,1,5
2016051600318,3,9,0,17,0,8,0,0,0,0,1,1,2,1,39,7,1685,2,3,-1,-1,-1
2016051600320,1,1,0,18,0,0,0,0,0,0,0,1,6,1,23,5,-1,-1,-1,4,1,4
2016051600323,1,9,0,18,0,4,0,0,0,0,1,1,6,1,64,9,1360,1,7,5,1,5
2016051600323,2,9,0,18,0,8,0,0,1,2,4,1,6,1,54,8,1199,1,14,1,1,1
2016051600327,1,9,0,4,0,1,0,0,0,0,1,1,6,3,-1,-1,-1,-1,-1,-1,-1,-1
2016051600327,2,1,0,4,0,1,0,0,0,0,3,1,6,1,21,5,-1,-1,-1,1,1,1
2016051600329,1,9,0,9,0,5,0,0,0,0,1,1,6,1,24,5,1598,2,5,6,2,6
2016051600330,1,9,0,9,0,1,0,0,0,0,4,1,6,2,26,6,973,1,15,1,1,1
2016051600330,2,3,0,18,0,1,1,0,0,0,1,1,6,1,23,5,125,1,1,1,1,1
2016051600331,1,8,0,7,0,5,0,0,0,0,3,1,1,2,49,8,1997,2,7,6,1,6
2016051600332,1,9,0,9,0,8,0,0,0,0,1,1,6,2,56,9,1242,1,9,5,1,5
2016051600332,2,9,0,18,0,8,0,0,0,0,3,1,6,1,67,10,2204,2,9,9,1,9
2016051600334,1,9,0,4,0,0,0,0,0,0,4,1,2,2,33,6,998,1,4,8,1,8
2016051600340,1,9,0,5,0,0,0,0,0,0,4,1,6,1,65,9,-1,-1,-1,2,1,2
2016051600341,1,9,0,16,0,0,1,0,1,2,3,1,6,1,37,7,1598,1,13,1,1,1
2016051600345,1,9,0,17,0,2,0,0,0,0,4,1,6,3,-1,-1,-1,-1,-1,-1,-1,-1
2016051600345,2,1,0,18,0,2,0,0,0,0,3,1,6,1,54,8,-1,-1,-1,7,1,7
2016051600348,1,9,0,7,0,8,0,0,0,0,3,1,6,1,19,4,1229,1,7,1,1,1
2016051600348,2,9,0,18,0,8,0,0,0,0,1,1,2,1,57,9,1998,1,12,1,1,1
2016051600349,1,9,0,9,0,1,0,0,0,0,1,1,6,1,24,5,-1,-1,-1,2,1,2
2016051600349,2,1,0,18,0,1,0,0,0,0,1,1,2,2,30,6,-1,-1,-1,7,1,7
2016051600351,1,9,0,4,0,0,1,0,0,0,1,1,6,1,-1,-1,-1,-1,-1,-1,-1,-1
2016051600351,2,9,0,4,0,0,0,0,0,0,2,1,2,2,27,6,-1,-1,-1,3,1,3
2016051600352,1,9,0,18,0,8,0,0,0,0,1,1,6,1,32,6,-1,-1,-1,2,1,2
2016051600352,2,9,0,9,0,8,0,0,0,0,4,1,6,1,56,9,-1,-1,-1,1,1,1
2016051600352,3,9,0,18,0,1,0,0,0,0,1,1,6,1,55,8,-1,-1,-1,9,1,9
2016051600353,1,9,0,18,0,2,0,0,0,0,1,1,6,1,35,6,1364,1,9,6,1,6
2016051600353,2,1,0,18,0,8,0,0,0,0,3,1,2,1,29,6,-1,-1,-1,5,1,5
2016051600354,1,9,0,18,0,1,0,0,0,0,1,1,2,2,47,8,1686,2,2,8,1,8
2016051600354,2,1,0,18,0,4,0,0,0,0,4,1,2,1,34,6,-1,-1,-1,6,1,6
2016051600355,1,9,0,18,0,0,0,0,0,0,1,1,6,2,56,9,1896,2,14,3,1,3
2016051600356,1,9,0,18,0,8,0,0,0,0,1,1,6,1,54,8,-1,-1,-1,3,1,3
2016051600356,2,9,0,18,0,8,0,0,0,0,4,1,6,2,37,7,1395,1,3,1,1,1
2016051600356,3,9,0,18,0,1,0,0,0,0,1,1,6,1,48,8,1396,1,15,2,1,2
2016051600358,1,3,0,15,0,1,0,0,0,0,1,1,2,1,28,6,125,1,-1,1,1,1
2016051600358,2,9,0,10,0,1,0,0,0,0,3,1,2,2,61,9,998,1,10,2,1,2
2016051600359,1,19,0,5,0,8,0,0,0,0,3,1,2,1,58,9,1753,2,12,3,1,3
2016051600359,2,1,0,18,0,8,0,0,0,0,1,1,6,1,33,6,-1,-1,-1,1,1,1
2016051600360,1,8,0,15,0,0,0,0,0,0,1,1,6,1,42,7,1598,2,3,1,1,1
2016051600361,1,9,0,18,0,0,0,0,0,0,1,1,6,1,47,8,1995,2,10,2,1,2
2016051600362,1,8,0,18,0,1,0,0,0,0,1,1,1,1,41,7,1997,2,7,7,1,7
2016051600363,1,9,0,9,0,5,0,0,0,0,3,1,2,2,45,7,1560,2,10,2,1,2
2016051600367,1,9,0,18,0,8,0,0,0,0,4,1,1,1,30,6,-1,-1,-1,3,1,3
2016051600367,2,9,0,18,0,8,0,0,0,0,1,1,6,2,20,4,-1,-1,-1,9,1,9
2016051600374,1,19,0,9,0,6,0,0,0,0,3,1,6,1,39,7,1753,2,10,2,1,2
2016051600374,2,4,0,13,0,8,0,0,0,0,1,1,6,1,31,6,124,1,10,1,1,1
2016051600375,1,9,0,9,0,6,0,0,0,0,3,1,6,2,41,7,1199,2,4,1,1,1
2016051600375,2,3,0,18,0,1,0,0,0,0,1,1,6,1,39,7,125,1,7,4,1,4
2016051600376,1,9,0,5,0,0,0,0,0,0,1,1,2,2,39,7,1598,1,6,5,1,5
2016051600377,1,9,0,18,0,1,0,0,1,1,4,1,6,2,34,6,1997,2,6,1,1,1
2016051600377,2,19,0,18,0,1,0,0,1,1,3,1,1,1,29,6,1248,2,10,2,1,2
2016051600379,1,9,0,18,0,1,0,0,0,0,1,1,6,1,22,5,1998,1,9,6,1,6
2016051600379,2,9,0,9,0,1,0,0,0,0,2,1,6,1,35,6,2500,2,24,6,1,6
2016051600379,3,9,0,18,0,1,0,0,0,0,1,1,1,1,51,8,1582,2,5,3,1,3
2016051600380,1,9,0,9,0,8,0,0,0,0,1,1,2,1,74,10,1951,2,13,1,1,1
2016051600380,2,1,0,18,0,8,0,0,0,0,1,1,6,1,27,6,-1,-1,-1,1,1,1
2016051600381,1,9,0,7,0,1,1,0,1,11,1,1,6,2,35,6,1395,1,2,1,1,1
2016051600382,1,9,0,9,0,1,0,0,0,0,3,1,6,1,55,8,1910,2,10,2,1,2
2016051600382,2,9,0,15,0,1,0,0,0,0,1,1,6,1,22,5,2995,1,7,1,1,1
2016051600382,3,9,0,2,0,1,0,0,0,0,3,1,6,2,32,6,1560,2,3,5,1,5
2016051600384,1,9,0,6,0,2,0,0,1,0,0,1,6,1,26,6,1596,1,5,2,1,2
2016051600384,2,5,0,18,0,2,1,0,0,0,4,1,6,1,40,7,781,1,15,1,1,1
2016051600385,1,9,0,18,0,0,0,0,0,0,1,1,6,3,26,6,-1,-1,-1,-1,-1,-1
2016051600385,2,3,0,18,0,0,0,0,0,0,1,1,6,1,17,4,-1,-1,-1,1,1,1
2016051600387,1,9,0,5,0,6,0,0,0,0,1,1,2,1,40,7,2497,2,10,6,1,6
2016051600390,1,9,0,18,0,0,0,10,2,10,1,1,6,3,-1,-1,-1,-1,-1,-1,-1,-1
2016051600391,1,9,0,18,0,0,0,0,0,0,3,1,2,1,33,6,1995,2,9,1,1,1
2016051600392,1,9,0,9,0,1,0,0,0,0,1,1,6,2,41,7,1896,2,13,5,1,5
2016051600392,2,19,0,18,0,8,0,0,1,11,1,1,1,1,30,6,2499,2,16,1,1,1
2016051600393,1,9,0,5,0,0,0,0,0,0,1,1,6,3,-1,-1,-1,-1,-1,-1,-1,-1
2016051600394,1,9,0,18,0,0,1,0,1,0,1,1,6,1,23,5,1995,2,5,1,1,1
2016051600394,2,9,0,2,0,0,0,0,1,4,2,1,6,2,51,8,898,1,3,2,1,2
2016051600394,3,9,0,2,0,0,0,0,0,0,2,1,6,1,48,8,1388,1,6,5,1,5
2016051600395,1,9,0,18,0,0,1,0,5,6,1,1,6,2,52,8,1988,2,13,5,1,5
2016051600396,1,9,0,18,0,6,0,0,0,0,1,1,6,2,36,7,-1,-1,-1,8,2,8
2016051600396,2,9,0,18,0,8,0,0,0,0,1,1,6,1,61,9,1389,1,11,3,1,3
2016051600397,1,9,0,18,0,1,0,0,0,0,1,1,6,1,-1,-1,1951,2,10,-1,1,-1
2016051600397,2,9,0,3,0,1,0,0,0,0,2,1,6,2,22,5,1149,1,14,4,1,4
2016051600398,1,1,0,11,0,0,0,0,0,0,0,1,6,3,-1,-1,-1,-1,-1,-1,-1,-1
2016051600398,2,11,0,18,0,0,0,0,0,0,0,1,1,1,52,8,-1,-1,-1,1,1,1
2016051600399,1,9,0,18,0,0,1,0,1,0,1,1,6,2,37,7,2143,2,-1,9,1,9
2016051600399,2,9,0,2,0,0,0,0,0,0,2,1,1,1,52,8,2993,2,3,9,1,9
2016051600402,1,9,0,18,0,0,2,0,0,0,1,1,6,1,21,5,1197,1,2,6,1,6
2016051600402,2,9,0,18,0,0,0,0,0,0,2,1,6,1,52,8,1399,2,12,1,1,1
2016051600403,1,9,0,18,0,1,0,0,0,0,4,1,6,3,-1,-1,-1,-1,-1,-1,-1,-1
2016051600409,1,9,0,1,0,0,0,0,0,0,2,1,6,3,-1,-1,-1,-1,-1,-1,-1,-1
2016051600409,2,9,0,3,0,0,0,0,0,0,1,1,6,1,55,8,1398,2,14,1,1,1
2016051600410,1,19,0,18,0,0,0,0,0,0,2,1,6,1,-1,-1,2198,2,2,-1,-1,-1
2016051600410,2,10,0,2,0,0,0,0,0,0,2,1,1,1,61,9,-1,-1,-1,2,1,2
2016051600411,1,9,0,18,0,0,0,0,0,0,4,1,6,3,-1,-1,-1,-1,-1,-1,-1,-1
2016051600414,1,19,0,16,0,0,5,0,1,0,3,1,1,2,52,8,2494,2,10,2,1,2
2016051600415,1,19,0,9,0,5,0,0,0,0,1,1,6,1,-1,-1,-1,-1,-1,-1,-1,-1
2016051600416,1,9,0,9,0,8,0,0,0,0,3,1,6,1,64,9,5461,1,5,9,1,9
2016051600416,2,1,0,18,0,8,0,0,0,0,3,1,2,1,25,5,-1,-1,-1,1,1,1
2016051600417,1,11,0,18,0,2,0,0,0,0,0,1,1,1,39,7,6696,2,1,3,1,3
2016051600417,2,9,0,7,0,2,0,0,0,0,0,1,6,1,30,6,-1,-1,-1,1,1,1
2016051600419,1,9,0,18,0,0,0,0,0,0,4,1,6,2,49,8,2180,2,18,1,1,1
2016051600420,1,9,0,14,0,0,0,0,0,0,4,1,6,3,-1,-1,-1,-1,-1,-1,-1,-1
2016051600421,1,9,0,6,0,0,0,0,0,0,3,1,6,1,53,8,1461,2,6,10,1,10
2016051600421,2,9,0,18,0,0,0,0,0,0,1,1,6,1,37,7,1896,2,14,-1,-1,-1
2016051600422,1,3,0,18,0,0,0,0,0,0,1,1,6,2,52,8,108,1,3,1,1,1
2016051600423,1,9,0,5,0,4,0,0,0,0,1,1,6,2,58,9,2204,2,11,-1,3,-1
2016051600423,2,9,0,17,0,8,0,0,0,0,4,1,6,1,60,9,1596,1,15,4,1,4
2016051600424,1,9,0,5,0,0,0,0,0,0,1,1,6,1,73,10,1597,1,19,3,1,3
2016051600424,2,9,0,2,0,0,0,0,0,0,1,1,6,1,51,8,1248,2,10,1,1,1
2016051600424,3,9,0,2,0,0,0,0,0,0,1,1,6,1,33,6,2148,2,8,7,1,7
2016051600424,4,9,0,2,0,0,0,0,0,0,1,1,6,1,51,8,2993,2,5,10,1,10
2016051600426,1,9,0,4,0,6,0,0,0,0,1,1,6,2,46,8,1560,2,1,1,1,1
2016051600426,2,9,0,7,0,5,0,0,0,0,1,1,6,1,-1,-1,-1,-1,-1,-1,-1,-1
2016051600428,1,9,0,5,0,0,0,0,0,0,1,1,6,2,90,11,1598,1,9,7,1,7
2016051600428,2,9,0,2,0,0,0,0,0,0,2,1,6,3,-1,-1,1598,1,3,-1,-1,-1
2016051600428,3,9,0,2,0,0,0,0,0,0,0,1,6,2,67,10,1598,1,1,8,1,8
2016051600429,1,9,0,18,0,0,0,0,0,0,0,1,2,2,48,8,1560,2,11,1,1,1
2016051600429,2,9,0,18,0,0,0,0,0,0,1,1,2,2,32,6,1598,1,13,3,1,3
2016051600431,1,9,0,18,0,0,0,0,0,0,1,1,6,1,26,6,1398,1,10,1,1,1
2016051600434,1,9,0,18,0,1,0,0,0,0,1,2,6,1,22,5,-1,-1,-1,1,1,1
2016051600434,2,9,0,3,0,1,0,0,0,0,2,1,6,2,33,6,1968,2,3,3,1,3
2016051600434,3,9,0,3,0,1,0,0,0,0,2,1,2,2,45,7,1242,1,1,3,1,3
2016051600437,1,9,0,18,0,0,0,0,0,0,4,1,6,1,79,11,2497,1,16,1,1,1
2016051600438,1,9,0,18,0,0,0,0,0,0,1,1,1,1,19,4,-1,-1,-1,1,1,1
2016051600438,2,9,0,3,0,0,0,0,0,0,2,1,6,2,33,6,1956,2,1,2,1,2
2016051600442,1,19,0,18,0,1,0,0,0,0,0,1,1,1,37,7,1248,2,2,2,1,2
2016051600442,2,3,0,18,0,1,1,0,0,0,0,1,2,1,46,8,124,1,2,5,1,5
2016051600443,1,9,0,5,0,1,0,0,0,0,3,1,6,1,67,10,1199,1,16,8,1,8
2016051600443,2,9,0,18,0,1,0,0,0,0,1,1,6,1,61,9,1396,1,19,3,1,3
2016051600446,1,9,0,18,0,2,0,0,0,0,2,1,3,1,50,8,1985,1,14,4,1,4
2016051600446,2,19,0,18,0,2,0,0,0,0,1,1,3,1,43,7,2461,2,15,2,1,2
2016051600449,1,9,0,9,0,1,0,0,0,0,3,1,6,2,28,6,1596,1,8,1,1,1
2016051600449,2,3,0,18,0,1,1,0,0,0,1,1,6,1,22,5,124,1,1,7,1,7
2016051600450,1,9,0,2,0,0,0,0,0,0,3,1,6,2,61,9,2494,1,12,6,1,6
2016051600450,2,1,0,18,0,0,0,0,0,0,1,1,6,2,59,9,-1,-1,-1,3,1,3
2016051600451,1,9,0,9,0,1,0,0,0,0,1,1,1,1,22,5,1598,1,11,1,1,1
2016051600451,2,9,0,18,0,1,0,0,0,0,3,1,1,1,46,8,2496,2,11,1,1,1
2016051600452,1,9,0,18,0,0,0,0,0,0,1,1,6,1,40,7,1596,1,11,1,1,1
2016051600455,1,9,0,16,0,0,1,10,1,2,1,1,6,1,41,7,2231,2,8,1,1,1
2016051600456,1,9,0,18,0,1,0,0,0,0,1,1,1,1,24,5,-1,-1,-1,1,1,1
2016051600456,2,9,0,5,0,8,0,0,1,1,3,1,6,1,66,10,1794,1,13,1,1,1
2016051600457,1,8,0,18,0,8,0,0,0,0,1,1,6,1,33,6,1870,2,15,8,1,8
2016051600458,1,9,0,11,0,1,0,0,0,0,1,1,6,1,22,5,1199,1,14,10,1,10
2016051600458,2,9,0,3,0,1,0,0,0,0,2,1,2,2,44,7,1783,1,14,8,1,8
2016051600458,3,9,0,3,0,1,0,0,0,0,2,1,6,1,25,5,1591,1,6,1,1,1
2016051600459,1,1,0,18,0,8,0,0,0,0,4,1,2,1,56,9,-1,-1,-1,2,1,2
2016051600459,2,9,0,18,0,2,0,0,0,0,1,1,6,1,19,4,1398,1,1,5,1,5
2016051600461,1,9,0,18,0,0,0,0,0,0,3,1,6,2,22,5,1229,1,7,1,1,1
2016051600463,1,9,0,9,0,1,0,0,0,0,3,1,6,1,30,6,1951,2,12,4,1,4
2016051600463,2,3,0,18,0,1,1,0,0,0,1,1,1,1,26,6,115,1,1,1,1,1
2016051600464,1,9,0,18,0,0,0,0,0,0,3,1,6,3,-1,-1,-1,-1,-1,-1,-1,-1
2016051600465,1,9,0,17,0,0,1,0,0,0,4,1,6,1,52,8,1598,1,9,4,1,4
2016051600465,2,9,0,18,0,0,0,0,0,0,1,1,6,1,66,10,-1,-1,-1,8,1,8
2016051600466,1,9,0,3,0,0,0,0,0,0,1,1,6,3,-1,-1,-1,-1,-1,-1,-1,-1
2016051600466,2,9,0,3,0,0,0,0,0,0,2,1,6,1,35,6,-1,-1,-1,4,1,4
2016051600467,1,9,0,9,0,8,0,0,0,0,4,1,6,1,65,9,1598,1,3,2,1,2
2016051600467,2,9,0,18,0,8,0,0,0,0,1,1,6,1,52,8,1240,1,12,1,1,1
2016051600468,1,9,0,18,0,0,0,0,0,0,3,1,6,2,28,6,1995,2,2,1,1,1
2016051600469,1,9,0,18,0,8,0,0,0,0,1,1,2,1,42,7,1968,2,7,7,1,7
2016051600469,2,9,0,18,0,8,0,0,0,0,4,1,6,1,40,7,1560,2,4,5,1,5
2016051600470,1,19,0,3,0,4,0,0,0,0,1,1,1,1,28,6,1560,2,7,9,1,9
2016051600470,2,9,0,3,0,4,0,0,0,0,2,1,6,1,45,7,1490,1,10,5,1,5
2016051600471,1,9,0,18,0,0,0,0,0,0,1,1,6,1,31,6,1598,1,16,5,1,5
2016051600471,2,8,0,18,0,0,0,0,0,0,1,1,1,1,57,9,1997,2,8,1,1,1
2016051600472,1,9,0,9,0,5,0,0,0,0,3,1,6,2,22,5,1242,1,5,7,1,7
2016051600473,1,9,0,9,0,8,0,0,0,0,1,1,6,1,63,9,1685,2,4,2,1,2
2016051600474,1,9,0,18,0,0,0,0,0,0,1,1,6,2,20,4,1198,1,5,1,1,1
2016051600475,1,3,0,18,0,1,1,0,0,0,4,1,2,1,57,9,125,1,2,4,1,4
2016051600477,1,9,0,15,0,8,0,0,0,0,1,1,6,1,-1,-1,-1,-1,-1,-1,-1,-1
2016051600477,2,1,0,18,0,8,0,0,0,0,2,1,2,2,27,6,-1,-1,-1,10,1,10
2016051600478,1,9,0,9,0,6,0,0,0,0,1,1,6,1,54,8,898,1,1,1,1,1
2016051600479,1,9,0,18,0,4,0,0,0,0,1,1,6,2,25,5,1199,1,2,3,1,3
2016051600479,2,1,0,18,0,3,0,0,0,0,4,1,6,1,66,10,-1,-1,-1,6,1,6
2016051600482,1,9,0,7,0,8,0,0,0,0,1,1,6,1,-1,-1,-1,-1,-1,-1,-1,-1
2016051600487,1,9,0,16,0,0,5,10,0,0,4,1,6,1,79,11,996,1,2,5,1,5
2016051600488,1,9,0,18,0,0,1,0,0,0,3,1,2,2,23,5,1796,1,11,2,1,2
2016051600488,2,19,0,18,0,0,0,0,0,0,1,1,2,1,46,8,1598,2,9,6,1,6
2016051600489,1,9,0,9,0,1,0,0,0,0,1,1,6,2,31,6,998,1,4,2,1,2
2016051600489,2,9,0,18,0,1,0,0,5,7,3,1,6,1,76,11,-1,-1,-1,2,1,2
2016051600490,1,9,0,9,0,8,0,0,0,0,1,1,6,1,26,6,-1,-1,-1,3,1,3
2016051600490,2,9,0,18,0,8,0,0,0,0,1,1,6,1,44,7,1587,1,9,1,1,1
2016051600491,1,9,0,18,0,0,0,0,0,0,3,1,6,1,41,7,1461,2,3,1,1,1
2016051600491,2,3,0,18,0,0,0,0,0,0,1,1,6,1,19,4,124,1,9,1,1,1
2016051600495,1,9,0,18,0,1,0,0,0,0,1,1,6,3,-1,-1,-1,-1,-1,-1,-1,-1
2016051600495,2,1,0,18,0,1,0,0,0,0,1,1,6,1,28,6,-1,-1,-1,1,1,1
2016051600496,1,9,0,9,0,8,0,0,0,0,4,1,2,1,51,8,999,1,-1,4,1,4
2016051600496,2,9,0,18,0,8,0,0,0,0,1,1,6,2,52,8,1598,1,11,2,1,2
2016051600497,1,9,0,18,0,1,0,0,0,0,1,1,6,3,-1,-1,-1,-1,-1,-1,-1,-1
2016051600498,1,11,0,4,0,0,0,0,0,0,4,1,1,1,42,7,9000,2,7,2,1,2
2016051600499,1,9,0,17,0,0,0,0,1,11,3,1,2,1,24,5,1248,2,10,1,1,1
2016051600499,2,9,0,18,0,0,0,0,0,0,1,1,2,1,37,7,2000,2,7,3,1,3
2016051600504,1,9,0,9,0,8,0,0,0,0,1,1,6,1,24,5,1398,2,4,9,1,9
2016051600504,2,19,0,18,0,8,0,0,0,0,1,1,6,1,31,6,2198,2,1,1,1,1