Accident_Index,Vehicle_Reference,Vehicle_Type,Towing_and_Articulation,Vehicle_Manoeuvre,Vehicle_Location-Restricted_Lane,Junction_Location,Skidding_and_Overturning,Hit_Object_in_Carriageway,Vehicle_Leaving_Carriageway,Hit_Object_off_Carriageway,1st_Point_of_Impact,Was_Vehicle_Left_Hand_Drive?,Journey_Purpose_of_Driver,Sex_of_Driver,Age_of_Driver,Age_Band_of_Driver,Engine_Capacity_(CC),Propulsion_Code,Age_of_Vehicle,Driver_IMD_Decile,Driver_Home_Area_Type,Vehicle_IMD_Decile
2016051600506,1,9,0,18,0,1,0,0,0,0,0,1,1,1,35,6,1968,2,3,-1,-1,-1
2016051600506,2,9,0,18,0,3,0,0,0,0,1,1,6,3,-1,-1,-1,-1,-1,-1,-1,-1
2016051600506,3,9,0,18,0,4,0,0,0,0,1,1,6,1,32,6,-1,-1,-1,6,1,6
2016051600507,1,3,0,18,0,0,1,0,0,0,1,1,6,1,22,5,124,1,15,1,1,1
2016051600511,1,9,0,7,0,8,0,0,0,0,1,1,6,1,46,8,-1,-1,-1,1,1,1
2016051600511,2,90,0,18,0,2,0,0,0,0,4,1,1,1,41,7,-1,-1,-1,1,1,1
2016051600513,1,9,0,9,0,2,0,0,0,0,1,2,3,2,41,7,-1,-1,-1,1,1,1
2016051600514,1,9,0,18,0,0,0,0,0,0,3,1,1,3,-1,-1,1996,2,2,-1,-1,-1
2016051600514,2,9,0,18,0,0,0,0,0,0,4,1,6,2,38,7,1364,1,12,4,1,4
2016051600515,1,11,0,17,0,8,0,0,0,0,1,1,1,1,45,7,9000,2,6,2,1,2
2016051600515,2,9,0,17,0,8,0,0,0,0,2,1,6,2,39,7,1198,1,2,9,1,9
2016051600516,1,9,0,18,0,8,1,0,0,0,4,1,6,2,72,10,1995,1,12,4,1,4
2016051600516,2,19,0,18,0,8,0,0,0,0,1,1,1,1,33,6,1560,2,3,1,1,1
2016051600517,1,9,0,18,0,0,0,0,0,0,1,1,6,2,43,7,1598,1,14,1,1,1
2016051600517,2,9,0,18,0,0,0,0,0,0,2,1,6,2,30,6,4511,1,12,6,1,6
2016051600519,1,9,0,7,0,8,0,0,0,0,4,1,6,3,-1,-1,-1,-1,-1,-1,-1,-1
2016051600520,1,9,0,18,0,1,0,0,0,0,1,1,6,2,29,6,1598,1,16,7,1,7
2016051600520,2,9,0,3,0,1,0,0,0,0,2,1,2,1,37,7,2499,1,7,7,1,7
2016051600521,1,8,0,9,0,8,1,0,4,1,3,1,1,2,53,8,2402,2,11,1,1,1
2016051600521,2,9,0,18,0,8,0,0,0,0,1,1,6,1,61,9,2987,2,10,1,1,1
2016051600522,1,9,0,18,0,8,0,0,0,0,1,1,6,1,22,5,1149,1,10,10,1,10
2016051600522,2,9,0,18,0,1,0,11,1,11,3,1,6,1,92,11,1794,1,8,1,1,1
2016051600523,1,9,0,18,0,0,5,0,1,0,4,1,6,1,24,5,1388,1,10,7,1,7
2016051600524,1,4,0,18,0,0,0,0,0,0,1,1,6,1,16,4,-1,-1,-1,2,1,2
2016051600524,2,9,0,2,0,0,0,0,0,0,1,1,6,2,50,8,1398,1,6,8,1,8
2016051600524,3,9,0,4,0,0,0,0,0,0,0,1,6,3,-1,-1,1968,2,4,-1,-1,-1
2016051600525,1,9,0,18,0,0,0,0,0,0,1,1,3,3,-1,-1,1998,8,1,-1,-1,-1
2016051600528,1,9,0,18,0,0,0,0,0,0,4,1,6,2,30,6,-1,-1,-1,-1,-1,-1
2016051600531,1,3,0,3,0,1,0,0,0,0,2,1,1,1,37,7,125,1,1,9,1,9
2016051600531,2,9,0,18,0,1,0,0,0,0,1,1,6,2,45,7,1560,2,8,1,1,1
2016051600532,1,9,0,18,0,8,0,0,0,0,4,1,1,1,49,8,1560,2,4,5,1,5
2016051600532,2,9,0,9,0,8,0,0,0,0,1,1,2,1,37,7,1598,1,1,9,1,9
2016051600534,1,9,0,9,0,8,0,0,0,0,1,1,6,1,62,9,1598,1,16,1,1,1
2016051600534,2,9,0,18,0,8,0,0,0,0,1,1,6,2,26,6,1299,1,15,1,1,1
2016051600535,1,9,0,9,0,8,1,0,0,0,1,1,2,1,21,5,1149,1,13,2,1,2
2016051600535,2,9,0,18,0,1,0,0,0,0,1,1,2,2,61,9,1999,1,11,4,1,4
2016051600536,1,9,0,18,0,0,0,0,0,0,2,1,6,3,-1,-1,-1,-1,-1,-1,-1,-1
2016051600536,2,1,0,18,0,0,0,0,0,0,4,1,6,1,15,3,-1,-1,-1,1,1,1
2016051600538,1,8,0,7,0,6,0,0,0,0,4,1,1,1,62,9,1998,2,10,5,1,5
2016051600538,2,1,0,18,0,2,0,0,0,0,2,1,2,2,24,5,-1,-1,-1,8,1,8
2016051600539,1,9,0,3,0,1,0,0,0,0,2,1,2,2,34,6,-1,-1,-1,-1,-1,-1
2016051600539,2,19,0,11,0,1,0,0,0,0,1,2,6,3,-1,-1,-1,-1,-1,-1,-1,-1
2016051600540,1,3,0,18,0,8,0,0,0,0,1,1,6,1,19,4,124,1,1,8,1,8
2016051600540,2,19,0,18,0,8,0,0,0,0,4,1,1,1,33,6,1560,2,1,1,1,1
2016051600541,1,9,0,5,0,0,0,7,1,11,1,1,6,2,80,11,998,1,7,4,1,4
2016051600541,2,11,0,2,0,0,0,0,0,0,4,1,6,3,-1,-1,9200,2,6,-1,-1,-1
2016051600541,3,11,0,2,0,0,0,0,0,0,3,1,6,3,-1,-1,12902,2,4,-1,-1,-1
2016051600541,4,9,0,2,0,0,0,0,0,0,2,1,6,3,-1,-1,1794,1,7,-1,-1,-1
2016051600541,5,9,0,2,0,0,0,0,0,0,1,1,6,3,-1,-1,1997,2,6,-1,-1,-1
2016051600542,1,9,0,18,0,8,0,0,0,0,1,1,6,1,65,9,1956,2,1,2,1,2
2016051600542,2,1,0,18,0,8,0,0,0,0,1,1,6,1,71,10,-1,-1,-1,6,1,6
2016051600543,1,5,0,13,0,0,0,0,7,11,1,1,2,1,23,5,600,1,14,1,1,1
2016051600543,2,9,0,18,0,0,0,0,0,0,3,1,2,2,61,9,1997,1,2,6,1,6
2016051600544,1,9,0,12,0,0,1,0,0,0,3,1,6,1,23,5,1390,1,12,4,1,4
2016051600544,2,8,0,18,0,0,1,0,0,0,1,1,1,1,44,7,2664,2,16,5,1,5
2016051600545,1,19,0,18,0,1,0,0,0,0,1,1,2,1,43,7,1868,2,12,2,1,2
2016051600545,2,9,0,18,0,1,0,0,0,0,2,1,6,2,33,6,1199,1,12,5,1,5
2016051600545,3,9,0,18,0,1,0,0,0,0,2,1,6,2,35,6,1598,2,5,5,1,5
2016051600546,1,9,0,17,0,0,1,0,4,10,2,1,6,1,23,5,2993,2,13,1,1,1
2016051600547,1,9,0,18,0,0,0,0,0,0,4,1,6,2,48,8,1242,1,3,1,1,1
2016051600547,2,3,0,18,0,0,0,0,0,0,1,1,2,1,39,7,125,1,1,1,1,1
2016051600552,1,9,0,18,0,0,0,0,0,0,1,1,6,1,29,6,999,1,1,1,1,1
2016051600552,2,8,0,18,0,0,0,0,0,0,2,1,1,1,58,9,2402,2,12,1,1,1
2016051600557,1,9,0,9,0,1,0,0,0,0,1,1,6,2,46,8,1850,1,17,1,1,1
2016051600557,2,1,0,18,0,1,0,0,0,0,1,1,2,2,32,6,-1,-1,-1,1,1,1
2016051600558,1,9,0,18,0,1,0,0,0,0,1,1,6,1,21,5,1560,2,2,5,1,5
2016051600558,2,9,0,18,0,1,0,0,0,0,1,1,6,1,20,4,998,1,2,-1,-1,-1
2016051600558,3,9,0,18,0,1,0,0,0,0,2,1,6,1,31,6,996,1,3,9,1,9
2016051600558,4,9,0,18,0,1,0,0,0,0,2,1,6,2,51,8,1598,1,2,4,1,4
2016051600559,1,9,0,9,0,8,0,0,0,0,1,1,6,1,19,4,1229,1,1,4,1,4
2016051600559,2,9,0,18,0,8,0,0,0,0,1,1,2,2,54,8,1700,1,14,3,1,3
2016051600561,1,9,0,4,0,1,0,0,0,0,0,1,1,1,44,7,2993,2,5,-1,-1,-1
2016051600561,2,9,0,7,0,7,0,10,4,2,1,1,6,1,23,5,1598,2,3,9,2,9
2016051600562,1,9,0,18,0,0,0,0,0,0,3,1,6,2,62,9,1398,1,1,1,1,1
2016051600563,1,4,0,13,0,0,0,0,0,0,1,1,6,3,-1,-1,-1,-1,-1,-1,-1,-1
2016051600563,2,8,0,6,0,0,0,0,0,0,1,1,1,1,66,10,2402,2,14,1,1,1
2016051600564,1,9,0,18,0,0,0,0,0,0,0,1,6,1,29,6,1582,2,5,-1,-1,-1
2016051600564,2,9,0,18,0,0,0,0,0,0,1,1,6,1,24,5,-1,-1,-1,5,1,5
2016051600564,3,9,0,18,0,0,0,0,0,0,1,1,6,2,48,8,998,1,2,6,1,6
2016051600565,1,9,0,17,0,1,2,0,1,11,1,1,6,1,32,6,1896,2,7,1,1,1
2016051600566,1,9,0,4,0,0,0,0,0,0,2,1,1,1,39,7,2792,1,8,1,1,1
2016051600566,2,9,0,12,0,0,0,0,0,0,1,1,6,2,22,5,1248,1,3,-1,-1,-1
2016051600567,1,9,0,18,0,0,0,0,0,0,1,1,6,3,-1,-1,-1,-1,-1,-1,-1,-1
2016051600567,2,1,0,18,0,0,0,0,0,0,2,1,6,1,32,6,-1,-1,-1,1,1,1
2016051600568,1,9,0,18,0,8,0,0,0,0,1,1,6,2,-1,-1,-1,-1,-1,-1,-1,-1
2016051600569,1,9,0,9,0,1,0,0,0,0,3,1,6,1,37,7,1995,2,12,5,1,5
2016051600569,2,9,0,18,0,1,0,0,0,0,1,1,6,1,23,5,1753,2,8,1,1,1
2016051600570,1,9,0,5,0,0,0,0,0,0,3,1,6,1,57,9,1490,1,10,9,1,9
2016051600570,2,9,0,18,0,0,0,0,0,0,1,1,1,2,43,7,1968,2,1,-1,-1,-1
2016051600571,1,9,0,9,0,8,0,0,0,0,1,1,6,2,43,7,1229,1,3,1,1,1
2016051600571,2,9,0,18,0,8,0,0,7,11,4,1,1,2,20,4,1299,1,10,8,1,8
2016051600574,1,9,0,1,0,0,0,0,0,0,2,1,2,2,30,6,1242,1,5,1,1,1
2016051600575,1,9,0,18,0,1,0,0,0,0,1,1,2,2,26,6,1995,1,5,2,1,2
2016051600575,2,3,0,3,0,1,0,0,0,0,2,1,1,1,49,8,124,1,4,8,1,8
2016051600576,1,9,0,9,0,8,0,0,0,0,1,1,2,2,34,6,1364,1,9,1,1,1
2016051600576,2,9,0,18,0,8,0,0,2,1,3,1,6,1,32,6,1242,1,11,2,1,2
2016051600577,1,9,0,4,0,1,0,0,0,0,1,1,1,1,60,9,2499,2,15,10,1,10
2016051600578,1,9,0,18,0,1,0,0,0,0,0,1,6,1,83,11,1582,2,2,1,1,1
2016051600578,2,1,0,18,0,1,0,0,0,0,1,1,6,1,18,4,-1,-1,-1,1,1,1
2016051600579,1,9,0,5,0,2,0,0,0,0,4,1,2,2,34,6,999,1,1,8,1,8
2016051600579,2,3,0,18,0,1,1,0,0,0,1,1,2,1,18,4,125,1,1,1,1,1
2016051600580,1,9,0,18,0,0,0,4,0,0,1,1,2,1,52,8,1560,2,3,1,1,1
2016051600580,2,21,1,2,0,0,0,0,0,0,2,1,6,1,42,7,12900,2,8,5,1,5
2016051600582,1,21,0,18,0,0,0,0,0,0,1,1,1,1,52,8,10677,2,1,6,1,6
2016051600594,1,11,0,18,0,8,0,0,0,0,1,1,1,1,51,8,6692,2,5,1,1,1
2016051600595,1,9,0,4,0,0,0,0,0,0,3,1,6,2,54,8,1299,1,9,10,2,10
2016051600596,1,9,0,1,0,0,0,0,0,0,2,1,6,1,20,4,1595,1,10,1,1,1
2016051600597,1,9,0,18,0,8,0,0,0,0,1,1,6,1,58,9,1686,2,4,7,1,7
2016051600597,2,3,0,9,0,8,1,0,0,0,1,1,6,1,37,7,125,1,1,1,1,1
2016051600598,1,9,0,18,0,0,0,0,1,2,1,1,6,2,69,10,1596,1,2,5,1,5
2016051600599,1,9,0,18,0,0,0,0,0,0,1,1,6,2,48,8,1497,1,12,8,1,8
2016051600600,1,9,0,17,0,0,2,0,7,9,1,1,6,1,18,4,1598,1,16,1,1,1
2016051600606,1,9,0,3,0,1,0,0,0,0,1,1,1,2,22,5,-1,-1,-1,4,3,4
2016051600606,2,8,0,3,0,1,0,0,0,0,2,1,1,1,44,7,1753,2,7,2,1,2
2016051600607,1,19,0,18,0,0,0,0,0,0,4,1,1,1,36,7,1905,2,16,4,1,4
2016051600607,2,9,0,2,0,0,0,0,0,0,3,1,6,3,-1,-1,1461,2,1,-1,-1,-1
2016051600608,1,9,0,18,0,0,0,0,0,0,1,1,6,1,29,6,1596,1,8,7,1,7
2016051600609,1,9,0,9,0,8,0,0,0,0,1,1,6,1,55,8,998,1,2,9,1,9
2016051600609,2,9,0,18,0,8,0,0,0,0,3,1,6,1,20,4,1242,1,8,4,1,4
2016051600610,1,9,0,18,0,0,0,0,0,0,1,1,2,1,32,6,998,1,1,4,1,4
2016051600610,2,9,0,4,0,0,0,0,0,0,2,1,2,2,51,8,1596,1,6,7,1,7
2016051600612,1,9,0,11,0,0,0,0,0,0,0,1,6,1,47,8,-1,-1,-1,5,1,5
2016051600612,2,3,0,18,0,0,0,0,0,0,0,1,2,1,38,7,-1,-1,-1,4,1,4
2016051600613,1,9,0,18,0,1,1,0,0,0,1,1,6,2,37,7,1896,2,9,1,1,1
2016051600613,2,9,0,3,0,1,0,0,0,0,2,1,6,1,66,10,1396,1,11,1,1,1
2016051600613,3,9,0,3,0,1,0,0,0,0,2,1,6,2,74,10,2499,1,9,5,1,5
2016051600616,1,9,0,18,0,3,0,0,0,0,4,1,6,3,-1,-1,-1,-1,-1,-1,-1,-1
2016051600616,2,3,0,18,0,3,0,0,0,0,3,1,6,1,19,4,-1,-1,-1,7,1,7
2016051600618,1,9,0,18,0,8,0,0,3,11,1,1,6,1,25,5,1086,1,11,5,1,5
2016051600618,2,9,0,18,0,1,0,0,3,11,1,1,6,2,30,6,1798,1,9,5,1,5
2016051600620,1,9,0,18,0,0,0,0,0,0,1,1,6,3,-1,-1,-1,-1,-1,-1,-1,-1
2016051600620,2,9,0,18,0,0,0,0,0,0,1,1,6,2,55,8,1396,2,3,9,1,9
2016051600620,3,9,0,18,0,0,0,0,0,0,1,1,6,2,50,8,1796,1,5,6,1,6
2016051600621,1,3,0,18,0,1,0,0,0,0,1,1,6,2,22,5,124,1,-1,1,1,1
2016051600622,1,9,0,18,0,8,0,0,0,0,4,1,6,1,47,8,1390,1,11,1,1,1
2016051600622,2,3,0,18,0,1,0,0,0,0,1,1,6,1,27,6,124,1,8,8,1,8
2016051600623,1,9,0,18,0,0,0,0,0,0,1,1,6,3,-1,-1,1197,1,-1,-1,-1,-1
2016051600625,1,9,0,1,0,1,0,0,0,0,2,1,6,1,36,7,2777,2,8,-1,-1,-1
2016051600627,1,9,0,4,0,2,0,0,0,0,1,1,6,2,77,11,1598,1,14,3,1,3
2016051600628,1,9,0,18,0,8,0,0,0,0,1,1,6,1,66,10,1242,1,2,1,1,1
2016051600629,1,9,0,18,0,1,0,0,0,0,1,1,6,1,25,5,1798,1,10,1,1,1
2016051600629,2,9,0,18,0,1,0,0,0,0,3,1,6,1,32,6,1796,1,9,1,1,1
2016051600630,1,9,0,9,0,8,0,0,0,0,4,1,2,2,33,6,1364,1,10,2,1,2
2016051600630,2,8,0,18,0,8,0,0,0,0,1,1,1,1,56,9,2499,2,8,1,1,1
2016051600631,1,9,0,11,0,0,0,0,0,0,1,1,6,2,60,9,1796,1,8,-1,3,-1
2016051600631,2,9,0,4,0,0,0,0,0,0,2,1,1,2,32,6,1499,2,1,2,1,2
2016051600631,3,9,0,4,0,0,0,0,0,0,2,1,6,1,43,7,1798,1,13,6,1,6
2016051600631,4,9,0,4,0,0,0,0,0,0,2,1,6,1,63,9,1896,2,11,10,1,10
2016051600633,1,9,0,1,0,0,0,0,0,0,2,1,1,1,24,5,-1,-1,-1,1,1,1
2016051600634,1,9,0,18,0,0,0,0,0,0,0,1,6,2,40,7,1582,2,3,-1,-1,-1
2016051600634,2,9,0,18,0,0,0,4,0,0,1,1,6,2,24,5,1686,2,12,3,1,3
2016051600634,3,9,0,2,0,0,0,4,0,0,2,1,6,3,-1,-1,1364,1,9,-1,-1,-1
2016051600634,4,9,0,2,0,0,0,0,0,0,2,1,6,3,-1,-1,-1,-1,-1,-1,-1,-1
2016051600634,5,9,0,18,0,0,0,1,0,0,1,1,2,1,27,6,1685,2,1,1,1,1
2016051600638,1,19,0,7,0,5,0,0,0,0,4,1,6,3,-1,-1,-1,-1,-1,-1,-1,-1
2016051600640,1,9,0,18,0,1,1,0,0,0,4,1,6,1,18,4,1560,2,2,1,1,1
2016051600640,2,9,0,3,0,1,0,0,0,0,3,1,6,2,53,8,999,1,2,6,1,6
2016051600640,3,19,0,3,0,1,0,0,0,0,4,1,6,1,33,6,1796,7,12,7,1,7
2016051600640,4,9,0,3,0,1,0,0,0,0,4,1,6,2,54,8,1686,2,2,10,1,10
2016051600641,1,10,0,5,0,0,0,0,0,0,1,1,6,3,-1,-1,-1,-1,-1,-1,-1,-1
2016051600641,2,1,0,3,0,0,0,0,0,0,3,1,6,1,16,4,-1,-1,-1,1,1,1
2016051600643,1,9,0,16,0,0,1,0,1,2,1,1,6,2,23,5,1242,1,6,1,1,1
2016051600644,1,9,0,3,0,0,0,0,0,0,2,1,6,2,56,9,1596,1,12,2,1,2
2016051600644,2,9,0,3,0,0,0,0,0,0,1,1,6,3,-1,-1,-1,-1,-1,-1,-1,-1
2016051600645,1,9,0,9,0,1,0,0,7,1,4,1,1,1,28,6,1582,2,5,-1,-1,-1
2016051600645,2,9,0,18,0,8,0,0,0,0,1,1,2,1,47,8,1199,1,1,7,1,7
2016051600647,1,9,0,18,0,8,0,0,7,11,4,1,2,1,36,7,1995,2,2,2,1,2
2016051600647,2,11,0,18,0,8,0,0,0,0,1,1,1,1,48,8,9000,2,7,2,1,2
2016051600648,1,9,0,18,0,0,0,0,0,0,3,1,2,1,29,6,999,1,15,3,1,3
2016051600649,1,9,0,18,0,2,0,0,0,0,1,1,6,1,28,6,3248,1,18,1,1,1
2016051600652,1,9,0,5,0,4,0,0,0,0,1,1,2,1,26,6,2656,1,13,1,1,1
2016051600652,2,1,0,18,0,4,0,0,0,0,4,1,6,1,55,8,-1,-1,-1,8,1,8
2016051600653,1,8,0,18,0,0,0,0,0,0,4,1,1,1,25,5,1753,2,7,1,1,1
2016051600655,1,19,0,1,0,0,0,0,0,0,2,1,6,1,49,8,2198,2,5,3,1,3
2016051600657,1,9,0,18,0,6,0,0,0,0,1,1,6,1,19,4,-1,-1,-1,1,1,1
2016051600657,2,9,0,18,0,1,1,0,0,0,4,1,6,2,46,8,-1,-1,-1,1,1,1
2016051600658,1,9,0,18,0,2,0,0,0,0,4,1,6,1,56,9,1796,1,12,3,1,3
2016051600658,2,19,0,2,0,1,0,0,0,0,4,1,6,3,-1,-1,1248,2,10,-1,-1,-1
2016051600660,1,9,0,9,0,8,0,0,0,0,1,1,1,1,67,10,1461,2,1,6,1,6
2016051600660,2,1,0,18,0,8,0,0,0,0,1,1,2,1,35,6,-1,-1,-1,5,1,5
2016051600662,1,3,0,18,0,8,0,0,0,0,1,1,6,1,19,4,-1,-1,-1,8,1,8
2016051600662,2,9,0,5,0,6,0,0,0,0,3,1,6,2,57,9,1988,1,13,1,1,1
2016051600663,1,9,0,18,0,6,0,0,0,0,0,1,1,1,47,8,2993,2,3,-1,-1,-1
2016051600663,2,9,0,18,0,6,1,0,0,0,1,1,6,1,-1,-1,-1,-1,-1,-1,-1,-1
2016051600663,3,9,0,18,0,8,1,0,0,0,1,1,6,1,19,4,1685,2,3,8,1,8
2016051600664,1,9,0,4,0,1,0,0,0,0,2,1,6,1,54,8,1995,2,5,2,1,2
2016051600664,2,9,0,18,0,1,0,0,0,0,1,1,6,1,55,8,1798,1,15,1,1,1
2016051600669,1,9,0,5,0,0,0,0,0,0,3,1,6,3,-1,-1,-1,-1,-1,-1,-1,-1
2016051600669,2,1,0,18,0,0,0,0,0,0,1,1,6,1,48,8,-1,-1,-1,3,1,3
2016051600671,1,9,0,18,0,0,0,0,0,0,1,1,2,2,37,7,1587,1,15,2,1,2
2016051600671,2,9,0,4,0,0,0,0,0,0,2,1,6,1,41,7,1956,2,5,2,1,2
2016051600673,1,11,0,4,0,0,0,0,0,0,4,1,1,1,54,8,-1,-1,-1,1,1,1
2016051600677,1,9,0,9,0,2,0,0,0,0,1,1,1,1,28,6,1968,2,1,1,1,1
2016051600679,1,8,0,18,0,0,0,0,0,0,4,1,1,1,39,7,1753,2,9,1,1,1
2016051600680,1,9,0,18,0,0,0,8,0,0,4,1,6,3,-1,-1,-1,-1,-1,-1,-1,-1
2016051600680,2,9,0,2,0,0,0,0,0,0,3,1,6,3,-1,-1,1870,2,14,-1,-1,-1
2016051600681,1,9,0,18,0,1,0,0,0,0,1,1,6,2,-1,-1,-1,-1,-1,-1,-1,-1
2016051600682,1,9,0,18,0,0,0,0,0,0,1,1,6,1,32,6,2231,2,10,2,1,2
2016051600682,2,9,0,3,0,0,0,0,0,0,2,1,6,1,29,6,1396,1,9,1,1,1
2016051600684,1,9,0,18,0,4,0,0,1,1,1,1,6,1,61,9,1968,2,-1,3,1,3
2016051600684,2,9,0,18,0,8,0,0,0,0,1,1,6,2,26,6,1984,1,15,2,1,2
2016051600685,1,9,0,18,0,8,0,0,0,0,1,1,6,2,30,6,999,1,2,5,1,5
2016051600686,1,9,0,5,0,0,0,0,0,0,0,1,6,3,-1,-1,-1,-1,-1,-1,-1,-1
2016051600686,2,3,0,18,0,0,0,0,0,0,3,1,1,1,17,4,-1,-1,-1,1,1,1
2016051600687,1,1,0,18,0,6,0,0,0,0,1,1,6,1,16,4,-1,-1,-1,1,1,1
2016051600687,2,9,0,18,0,2,0,0,0,0,4,1,6,2,33,6,1596,1,7,2,1,2
2016051600688,1,9,0,18,0,1,0,4,0,0,1,1,6,1,32,6,1396,1,14,1,1,1
2016051600688,2,9,0,4,0,1,0,0,0,0,2,1,6,2,57,9,1198,1,8,7,1,7
2016051600689,1,9,0,18,0,0,0,4,0,0,1,1,6,2,79,11,1240,1,12,8,1,8
2016051600689,2,9,0,2,0,0,0,4,0,0,2,1,6,3,-1,-1,1364,1,1,-1,-1,-1
2016051600689,3,9,0,2,0,0,0,0,0,0,2,1,6,2,23,5,1242,1,5,4,1,4
2016051600690,1,9,0,7,0,8,0,0,0,0,4,1,6,3,-1,-1,-1,-1,-1,-1,-1,-1
2016051600690,2,1,0,5,0,8,0,0,0,0,3,1,2,1,49,8,-1,-1,-1,5,1,5
2016051600693,1,9,0,18,0,4,0,0,0,0,3,1,6,1,39,7,1598,1,5,7,1,7
2016051600693,2,1,0,18,0,4,0,0,0,0,1,1,6,1,64,9,-1,-1,-1,6,1,6
2016051600698,1,9,0,18,0,0,0,0,0,0,1,1,2,2,62,9,1242,1,13,2,1,2
2016051600699,1,9,0,5,0,8,0,0,0,0,1,1,3,1,49,8,1997,2,2,3,1,3
2016051600699,2,9,0,18,0,8,0,0,0,0,1,1,6,1,75,10,998,1,6,2,1,2
2016051600700,1,8,0,9,0,8,0,0,0,0,1,1,1,1,60,9,1598,2,5,3,1,3
2016051600700,2,9,0,18,0,8,0,0,0,0,3,1,6,1,32,6,1199,1,12,4,1,4
2016051600703,1,9,0,18,0,0,0,0,1,4,1,1,6,1,34,6,4395,1,3,-1,-1,-1
2016051600704,1,9,0,18,0,8,0,0,0,0,1,1,6,1,24,5,-1,-1,-1,6,1,6
2016051600707,1,9,0,5,0,0,0,0,0,0,1,1,1,3,-1,-1,-1,-1,-1,-1,-1,-1
2016051600709,1,9,0,9,0,8,0,0,0,0,1,1,2,2,22,5,1198,1,2,2,1,2
2016051600709,2,1,0,18,0,8,0,0,0,0,2,1,6,1,10,2,-1,-1,-1,2,1,2
2016051600710,1,9,0,9,0,8,0,0,0,0,4,1,6,1,23,5,1248,2,8,4,1,4
2016051600710,2,9,0,18,0,8,0,0,0,0,1,1,6,1,71,10,1796,1,9,2,1,2
2016051600714,1,9,0,4,0,1,0,0,0,0,1,1,6,2,20,4,999,1,15,2,1,2
2016051600714,2,9,0,4,0,1,0,0,0,0,2,1,6,2,35,6,1968,2,3,4,1,4
2016051600715,1,9,0,18,0,1,5,0,1,10,1,1,6,1,22,5,2387,2,7,5,1,5
2016051600716,1,9,0,4,0,6,0,0,0,0,0,1,6,1,36,7,2264,2,15,10,1,10
2016051600720,1,9,0,18,0,0,0,0,0,0,4,1,6,2,75,10,1198,1,2,6,1,6
2016051600721,1,9,0,9,0,6,0,0,0,0,3,1,6,1,51,8,2099,1,13,1,1,1
2016051600721,2,3,0,18,0,8,0,0,0,0,1,1,6,1,23,5,-1,-1,-1,1,1,1
2016051600722,1,9,0,9,0,8,0,0,0,0,1,1,6,2,22,5,1299,1,16,4,1,4
2016051600722,2,9,0,18,0,8,0,0,0,0,1,1,6,2,25,5,1229,1,9,1,1,1
2016051600723,1,9,0,5,0,6,0,0,0,0,1,1,2,2,37,7,1598,1,11,1,1,1
2016051600723,2,1,0,18,0,1,0,0,0,0,1,1,2,1,35,6,-1,-1,-1,3,1,3
2016051600724,1,19,0,18,0,8,0,0,0,0,1,1,2,3,-1,-1,-1,-1,-1,-1,-1,-1
2016051600727,1,3,0,15,0,0,0,0,0,0,0,1,6,3,-1,-1,-1,-1,-1,-1,-1,-1
2016051600727,2,16,0,18,5,0,0,0,0,0,0,1,6,2,20,4,-1,-1,-1,1,1,1
2016051600727,3,16,0,18,5,0,0,0,0,0,0,1,6,2,39,7,-1,-1,-1,1,1,1
2016051600731,1,9,0,5,0,2,0,0,0,0,4,1,1,2,49,8,1398,1,1,6,1,6
2016051600731,2,1,0,18,0,1,0,0,0,0,4,1,6,2,46,8,-1,-1,-1,1,1,1
2016051600733,1,9,0,6,0,0,0,0,0,0,1,1,6,2,60,9,1198,1,3,3,1,3
2016051600734,1,9,0,18,0,0,0,0,0,0,3,1,3,1,36,7,1591,1,1,1,1,1
2016051600735,1,9,0,18,0,1,0,0,0,0,1,1,6,1,71,10,1198,1,1,6,1,6
2016051600735,2,9,0,10,0,1,0,0,0,0,2,1,6,2,55,8,1598,1,9,1,1,1
2016051600736,1,9,0,4,0,0,0,0,1,0,4,1,1,1,38,7,1582,2,2,1,1,1
2016051600737,1,9,0,5,0,6,0,0,0,0,3,1,6,2,23,5,1299,1,15,3,1,3
2016051600737,2,1,0,18,0,1,0,0,0,0,1,1,6,2,39,7,-1,-1,-1,5,1,5
2016051600742,1,9,0,18,0,1,0,0,0,0,4,1,6,3,-1,-1,-1,-1,-1,-1,-1,-1
2016051600742,2,9,0,18,0,1,0,0,0,0,3,1,6,1,32,6,1596,1,10,1,1,1
2016051600743,1,9,0,9,0,8,0,0,0,0,1,1,2,1,48,8,1242,1,12,-1,-1,-1
2016051600743,2,9,0,17,0,1,0,0,0,0,1,1,6,1,52,8,1799,1,9,9,1,9
2016051600744,1,9,0,17,0,0,0,0,0,0,1,1,6,2,31,6,1598,2,5,9,1,9
2016051600746,1,9,0,1,0,0,0,0,0,0,2,1,6,1,67,10,-1,-1,-1,9,1,9
2016051600746,2,8,0,3,0,0,0,0,0,0,2,1,1,1,53,8,-1,-1,-1,1,1,1
2016051600747,1,9,0,5,0,6,0,0,0,0,1,1,6,2,50,8,1299,1,14,1,1,1
2016051600747,2,9,0,18,0,1,0,0,0,0,4,1,6,1,26,6,1686,2,6,1,1,1
2016051600751,1,5,0,12,0,0,0,0,0,0,3,1,2,1,19,4,806,1,1,8,1,8