Accident_Index,Vehicle_Reference,Vehicle_Type,Towing_and_Articulation,Vehicle_Manoeuvre,Vehicle_Location-Restricted_Lane,Junction_Location,Skidding_and_Overturning,Hit_Object_in_Carriageway,Vehicle_Leaving_Carriageway,Hit_Object_off_Carriageway,1st_Point_of_Impact,Was_Vehicle_Left_Hand_Drive?,Journey_Purpose_of_Driver,Sex_of_Driver,Age_of_Driver,Age_Band_of_Driver,Engine_Capacity_(CC),Propulsion_Code,Age_of_Vehicle,Driver_IMD_Decile,Driver_Home_Area_Type,Vehicle_IMD_Decile
2016051600752,1,8,0,1,0,0,0,0,1,11,2,1,1,1,59,9,1997,2,7,3,1,3
2016051600754,1,9,0,18,0,0,0,0,1,9,1,1,6,1,27,6,1198,1,11,10,1,10
2016051600754,2,9,0,4,0,0,0,0,0,0,2,1,2,2,59,9,1998,1,10,7,3,7
2016051600756,1,9,0,5,0,4,0,0,0,0,3,1,6,2,55,8,1997,2,1,1,1,1
2016051600756,2,1,0,9,0,3,0,0,0,0,1,1,6,1,31,6,-1,-1,-1,1,1,1
2016051600757,1,9,0,18,0,1,0,0,0,0,1,1,1,1,24,5,1560,2,5,1,1,1
2016051600758,1,9,0,18,0,0,0,11,0,0,1,1,6,1,19,4,-1,-1,-1,8,1,8
2016051600759,1,9,0,9,0,8,0,0,0,0,1,1,6,1,21,5,1461,2,3,2,1,2
2016051600759,2,8,0,18,0,8,0,0,0,0,1,1,1,1,32,6,1686,2,6,3,1,3
2016051600760,1,9,0,18,0,0,0,0,0,0,3,1,3,2,37,7,1796,1,13,8,1,8
2016051600762,1,9,0,14,0,8,0,0,0,0,1,1,6,1,19,4,1229,1,8,3,1,3
2016051600762,2,9,0,18,0,8,0,0,0,0,1,1,6,1,62,9,1995,2,1,7,1,7
2016051600762,3,9,0,10,0,8,0,0,0,0,2,1,6,1,30,6,1596,1,5,3,1,3
2016051600764,1,9,0,18,0,1,0,0,0,0,1,1,6,3,-1,-1,-1,-1,-1,-1,-1,-1
2016051600764,2,3,0,18,0,8,0,0,0,0,4,1,6,1,27,6,-1,-1,-1,1,1,1
2016051600765,1,9,0,18,0,8,0,0,0,0,3,1,1,1,22,5,1560,2,2,10,3,10
2016051600765,2,9,0,1,0,8,0,0,0,0,1,1,6,1,41,7,1499,2,2,4,1,4
2016051600767,1,9,0,3,0,0,0,0,0,0,2,1,6,1,50,8,1986,2,8,9,2,9
2016051600767,2,9,0,4,0,0,0,0,0,0,1,1,6,2,65,9,899,1,2,7,3,7
2016051600769,1,9,0,18,0,1,0,0,0,0,0,2,6,3,-1,-1,-1,-1,-1,-1,-1,-1
2016051600769,2,5,0,18,0,1,1,0,0,0,0,1,6,1,54,8,-1,-1,-1,3,1,3
2016051600773,1,19,0,18,0,1,0,0,0,0,1,1,2,3,-1,-1,1598,2,1,-1,-1,-1
2016051600774,1,9,0,18,0,8,0,0,7,11,1,1,6,1,25,5,1598,1,8,2,1,2
2016051600774,2,11,0,18,0,8,0,0,7,11,1,1,1,1,49,8,6696,2,1,7,1,7
2016051600775,1,9,0,4,0,0,1,0,0,0,1,1,6,2,59,9,1596,1,11,9,1,9
2016051600775,2,9,0,3,0,0,0,0,0,0,2,1,6,1,51,8,2776,2,3,9,3,9
2016051600775,3,9,0,4,0,0,0,0,0,0,1,1,1,1,22,5,-1,-1,-1,9,1,9
2016051600775,4,9,0,3,0,0,0,0,0,0,2,1,6,2,63,9,1149,1,8,8,1,8
2016051600775,5,9,0,3,0,0,0,0,0,0,2,1,6,2,58,9,1598,1,10,8,1,8
2016051600776,1,9,0,18,0,0,1,0,1,0,3,1,2,1,32,6,1596,1,15,7,1,7
2016051600776,2,9,0,18,0,0,1,0,0,0,2,1,6,2,58,9,1242,1,12,5,1,5
2016051600777,1,21,1,18,0,1,1,0,0,0,1,1,1,1,52,8,-1,-1,-1,5,1,5
2016051600777,2,9,0,4,0,2,0,0,0,0,2,1,1,2,42,7,1229,1,8,7,1,7
2016051600778,1,9,0,5,0,4,0,0,0,0,1,1,6,1,77,11,998,1,4,7,1,7
2016051600778,2,1,0,18,0,8,0,0,0,0,4,1,6,1,57,9,-1,-1,-1,8,1,8
2016051600779,1,9,0,9,0,5,0,0,0,0,1,1,6,1,49,8,1995,2,6,3,1,3
2016051600779,2,3,0,18,0,1,1,0,0,0,1,1,6,1,21,5,124,1,1,4,1,4
2016051600783,1,9,0,8,0,1,0,0,0,0,1,1,2,1,43,7,1598,1,5,8,1,8
2016051600784,1,9,0,7,0,5,0,0,0,0,4,1,6,3,-1,-1,-1,-1,-1,-1,-1,-1
2016051600785,1,9,0,18,0,8,0,0,0,0,4,1,6,2,43,7,2143,2,1,8,1,8
2016051600786,1,8,0,9,0,6,0,0,0,0,1,1,1,1,38,7,1995,2,11,1,1,1
2016051600789,1,9,0,18,0,1,0,0,0,0,1,1,6,3,-1,-1,-1,-1,-1,-1,-1,-1
2016051600790,1,9,0,17,0,8,2,0,0,0,1,1,6,2,30,6,1343,1,13,3,1,3
2016051600790,2,9,0,17,0,8,0,0,1,0,3,1,6,2,42,7,1598,1,3,3,1,3
2016051600791,1,9,0,1,0,0,0,0,0,0,3,1,6,1,59,9,1769,1,11,2,1,2
2016051600793,1,8,0,18,0,0,0,11,0,0,1,1,1,1,33,6,2664,2,19,3,1,3
2016051600795,1,9,0,1,0,5,0,0,0,0,4,1,6,3,-1,-1,-1,-1,-1,-1,-1,-1
2016051600799,1,9,0,18,0,0,0,0,0,0,1,1,6,3,-1,-1,999,1,1,-1,-1,-1
2016051600799,2,9,0,4,0,0,0,0,0,0,3,1,2,1,28,6,1197,1,1,8,1,8
2016051600800,1,3,0,5,0,0,0,0,0,0,4,1,6,1,48,8,125,1,3,1,1,1
2016051600800,2,9,0,18,0,0,0,0,0,0,4,1,6,1,57,9,1968,2,11,4,1,4
2016051600801,1,9,0,18,0,1,0,0,0,0,1,1,2,1,58,9,1497,1,13,2,1,2
2016051600801,2,1,0,10,0,5,0,0,0,0,2,1,2,1,40,7,-1,-1,-1,1,1,1
2016051600802,1,1,0,4,0,8,0,0,0,0,0,1,6,1,19,4,-1,-1,-1,1,1,1
2016051600804,1,4,0,18,0,2,0,0,0,0,0,1,6,1,50,8,198,1,13,7,1,7
2016051600805,1,9,0,5,0,0,0,0,0,0,1,1,6,1,23,5,1598,2,2,3,1,3
2016051600805,2,9,0,4,0,0,0,0,0,0,2,2,6,1,53,8,-1,-1,-1,1,1,1
2016051600809,1,9,0,18,0,1,0,0,0,0,1,1,6,3,-1,-1,-1,-1,-1,-1,-1,-1
2016051600811,1,19,0,18,0,5,0,0,1,1,1,1,6,1,26,6,1461,2,1,6,1,6
2016051600812,1,9,0,2,0,1,0,0,0,0,2,1,6,2,43,7,1995,2,2,2,1,2
2016051600812,2,9,0,18,0,1,0,0,0,0,1,1,6,3,-1,-1,-1,-1,-1,-1,-1,-1
2016051600814,1,9,0,5,0,0,0,0,0,0,1,1,6,2,24,5,1796,1,12,1,1,1
2016051600814,2,19,0,18,0,0,0,0,0,0,1,1,1,1,43,7,2198,2,1,6,1,6
2016051600814,3,9,0,2,0,0,0,0,0,0,1,1,6,3,-1,-1,2720,2,9,-1,-1,-1
2016051600816,1,9,0,18,0,1,0,0,0,0,1,1,6,1,18,4,-1,-1,-1,-1,-1,-1
2016051600816,2,9,0,3,0,1,0,0,0,0,2,1,6,1,27,6,-1,-1,-1,1,1,1
2016051600817,1,9,0,18,0,0,5,0,0,0,1,1,6,1,77,11,1396,1,3,9,1,9
2016051600817,2,9,0,2,0,0,0,0,0,0,2,1,6,1,64,9,2179,2,3,10,1,10
2016051600817,3,9,0,2,0,0,0,0,1,0,2,1,6,2,37,7,1984,1,3,10,1,10
2016051600821,1,9,0,18,0,6,0,0,0,0,1,1,6,2,54,8,996,1,4,4,1,4
2016051600821,2,9,0,18,0,6,0,0,0,0,1,1,6,1,36,7,2171,1,13,4,1,4
2016051600822,1,9,0,18,0,0,0,0,0,0,3,1,6,3,-1,-1,-1,-1,-1,-1,-1,-1
2016051600824,1,19,0,12,0,0,0,0,0,0,1,1,1,1,28,6,1560,2,3,1,1,1
2016051600824,2,9,0,18,0,0,5,0,1,4,2,1,6,2,46,8,1229,1,7,5,1,5
2016051600826,1,1,0,18,0,0,1,0,0,0,1,1,4,1,13,3,-1,-1,-1,6,1,6
2016051600826,2,9,0,4,0,0,0,0,0,0,4,1,1,2,27,6,1229,1,6,8,1,8
2016051600829,1,9,0,18,0,0,0,0,0,0,1,1,6,1,33,6,1998,2,11,3,1,3
2016051600829,2,9,0,18,0,0,0,0,1,1,1,1,2,2,48,8,1598,1,8,1,1,1
2016051600830,1,9,0,4,0,1,0,0,0,0,0,1,6,2,40,7,1582,2,3,-1,-1,-1
2016051600830,2,9,0,4,0,1,0,0,0,0,1,1,6,1,36,7,1598,1,7,9,1,9
2016051600830,3,9,0,4,0,1,0,0,0,0,2,1,6,1,49,8,1242,1,1,7,1,7
2016051600831,1,9,0,9,0,1,0,0,0,0,1,1,6,2,24,5,1598,1,9,7,1,7
2016051600831,2,9,0,18,0,1,0,0,0,0,3,1,1,2,52,8,1398,1,5,3,1,3
2016051600832,1,9,0,18,0,1,0,0,0,0,1,1,6,3,-1,-1,-1,-1,-1,-1,-1,-1
2016051600834,1,8,0,1,0,0,0,4,0,0,2,1,1,3,-1,-1,1997,2,7,-1,-1,-1
2016051600834,2,9,0,2,0,0,0,0,0,0,1,1,6,3,-1,-1,-1,-1,-1,-1,-1,-1
2016051600835,1,9,0,18,0,0,0,0,0,0,4,1,6,2,40,7,2494,1,12,1,1,1
2016051600841,1,9,0,18,0,0,0,0,0,0,1,1,6,3,-1,-1,-1,-1,-1,-1,-1,-1
2016051600841,2,9,0,18,0,0,0,0,0,0,2,1,2,2,33,6,-1,-1,-1,5,1,5
2016051600842,1,90,0,18,0,0,0,0,0,0,1,1,6,3,-1,-1,-1,-1,-1,-1,-1,-1
2016051600843,1,9,0,9,0,6,0,0,0,0,4,1,6,1,56,9,1598,1,9,9,1,9
2016051600843,2,5,0,18,0,8,0,0,0,0,4,1,6,1,46,8,893,1,22,2,1,2
2016051600844,1,8,0,18,0,0,0,0,0,0,1,1,1,1,36,7,1997,2,8,1,1,1
2016051600844,2,8,0,18,0,0,0,0,1,4,1,1,1,1,53,8,2664,2,15,1,1,1
2016051600846,1,9,0,11,0,1,0,0,0,0,4,1,6,1,32,6,1997,2,15,1,1,1
2016051600846,2,3,0,18,0,2,1,0,0,0,1,1,2,1,58,9,124,1,8,1,1,1
2016051600847,1,19,0,18,0,1,0,0,0,0,4,1,6,3,-1,-1,-1,-1,-1,-1,-1,-1
2016051600849,1,9,0,5,0,1,0,0,4,0,2,1,6,2,27,6,1364,1,8,1,1,1
2016051600849,2,9,0,18,0,1,0,0,1,0,1,1,6,1,30,6,1968,2,7,1,1,1
2016051600851,1,9,0,5,0,0,0,0,0,0,2,1,1,3,-1,-1,-1,-1,-1,-1,-1,-1
2016051600851,2,1,0,5,0,0,0,0,0,0,2,1,6,1,17,4,-1,-1,-1,5,1,5
2016051600857,1,9,0,18,0,1,0,0,0,0,1,1,6,2,44,7,-1,-1,-1,2,1,2
2016051600857,2,1,0,18,0,2,0,0,0,0,1,1,1,1,24,5,-1,-1,-1,6,1,6
2016051600858,1,9,0,16,0,2,1,0,7,0,1,1,6,1,26,6,1242,1,15,1,1,1
2016051600859,1,9,0,17,0,0,2,0,1,11,1,1,2,2,19,4,1240,1,13,6,1,6
2016051600862,1,8,0,18,0,1,0,0,0,0,4,1,1,3,-1,-1,-1,-1,-1,-1,-1,-1
2016051600863,1,9,0,18,0,0,0,0,0,0,1,1,6,1,30,6,1596,1,14,1,1,1
2016051600863,2,9,0,18,0,0,0,0,0,0,4,1,6,1,84,11,1499,2,-1,6,1,6
2016051600863,3,9,0,2,0,0,0,0,0,0,2,1,6,3,-1,-1,1198,1,5,-1,-1,-1
2016051600864,1,9,0,5,0,0,0,0,0,0,1,1,6,3,-1,-1,-1,-1,-1,-1,-1,-1
2016051600871,1,8,0,18,0,0,0,0,0,0,1,1,1,1,31,6,2402,2,11,1,1,1
2016051600875,1,9,0,15,0,8,0,0,0,0,1,1,3,2,27,6,1896,2,10,3,1,3
2016051600875,2,9,0,7,0,8,0,0,0,0,2,1,6,1,40,7,1388,1,12,3,1,3
2016051600877,1,9,0,9,0,6,0,0,0,0,1,1,6,1,54,8,1868,2,14,7,1,7
2016051600877,2,1,0,18,0,8,0,0,0,0,4,1,6,1,56,9,-1,-1,-1,1,1,1
2016051600878,1,9,0,18,0,0,0,0,0,0,1,1,6,1,-1,-1,-1,-1,-1,-1,-1,-1
2016051600879,1,9,0,18,0,1,0,0,0,0,1,1,6,2,34,6,1598,1,14,3,1,3
2016051600879,2,19,0,3,0,1,0,0,0,0,2,1,6,1,50,8,1753,2,9,6,1,6
2016051600879,3,9,0,3,0,1,0,0,0,0,2,1,6,1,51,8,1910,2,8,6,1,6
2016051600882,1,19,0,5,0,1,0,0,0,0,1,1,6,1,39,7,2198,2,9,1,1,1
2016051600882,2,9,0,5,0,1,0,0,0,0,3,1,6,1,42,7,1995,2,8,4,1,4
2016051600883,1,19,0,10,0,1,0,0,0,0,2,1,6,1,35,6,2297,2,15,10,1,10
2016051600883,2,5,0,18,0,1,0,0,0,0,1,1,6,1,67,10,599,1,17,1,1,1
2016051600884,1,8,0,18,0,0,0,0,0,0,1,1,1,1,38,7,2499,2,10,1,1,1
2016051600884,2,8,0,4,0,0,0,0,0,0,2,1,1,1,60,9,2664,2,16,1,1,1
2016051600885,1,9,0,9,0,8,0,0,0,0,3,1,6,2,22,5,1229,1,11,3,1,3
2016051600885,2,19,0,18,0,8,0,0,4,1,4,1,6,1,37,7,1868,2,10,8,1,8
2016051600886,1,9,0,18,0,0,0,0,2,4,1,1,6,2,51,8,1364,1,9,7,1,7
2016051600887,1,9,0,11,0,2,0,0,0,0,4,1,6,1,46,8,1994,1,15,9,2,9
2016051600887,2,4,0,9,0,2,0,0,0,0,1,1,6,1,56,9,247,1,38,1,1,1
2016051600890,1,9,0,18,0,0,0,0,0,0,1,1,6,1,31,6,1229,1,9,4,1,4
2016051600891,1,9,0,9,0,6,0,0,0,0,4,1,6,1,23,5,1910,2,8,1,1,1
2016051600892,1,9,0,9,0,2,0,0,0,0,1,1,1,1,45,7,998,1,-1,8,1,8
2016051600894,1,9,0,18,0,2,0,0,0,0,1,1,2,1,44,7,2993,2,4,5,1,5
2016051600896,1,9,0,18,0,8,0,0,0,0,1,1,6,1,30,6,1686,2,14,9,1,9
2016051600896,2,9,0,18,0,8,0,0,0,0,2,1,6,2,18,4,1199,1,12,3,1,3
2016051600898,1,9,0,18,0,1,0,0,0,0,1,1,6,1,21,5,2996,1,10,4,1,4
2016051600898,2,9,0,18,0,8,0,0,0,0,3,1,6,2,21,5,1598,2,1,5,1,5
2016051600898,3,9,0,18,0,1,0,0,0,0,0,1,6,2,31,6,1560,2,1,-1,-1,-1
2016051600898,4,9,0,18,0,1,0,0,0,0,0,1,1,1,30,6,1582,2,4,-1,-1,-1
2016051600899,1,9,0,4,0,1,0,0,0,0,1,1,2,1,32,6,1896,2,11,1,1,1
2016051600899,2,9,0,3,0,1,0,0,0,0,2,1,3,1,40,7,1388,1,6,3,1,3
2016051600904,1,9,0,9,0,5,0,0,0,0,1,1,6,2,58,9,1596,1,5,5,1,5
2016051600905,1,9,0,18,0,0,0,0,0,0,1,1,6,1,19,4,1349,1,8,1,1,1
2016051600905,2,9,0,3,0,0,0,0,0,0,2,1,6,1,71,10,2204,2,11,5,1,5
2016051600905,3,9,0,18,0,0,0,0,0,0,0,1,6,1,56,9,1984,1,15,2,1,2
2016051600906,1,9,0,5,0,0,0,0,0,0,1,1,6,2,25,5,998,1,1,1,1,1
2016051600906,2,9,0,3,0,0,0,4,0,0,2,1,6,2,32,6,1461,2,7,7,1,7
2016051600906,3,9,0,3,0,0,0,0,0,0,2,1,6,1,64,9,1598,2,2,7,1,7
2016051600908,1,9,0,18,0,0,0,0,0,0,1,1,6,3,-1,-1,-1,-1,-1,-1,-1,-1
2016051600908,2,1,0,18,0,0,0,0,0,0,3,1,6,1,12,3,-1,-1,-1,1,1,1
2016051600909,1,21,1,17,0,8,2,10,1,1,1,1,1,1,21,5,15607,2,10,4,1,4
2016051600909,2,21,1,17,0,8,2,0,1,1,2,1,1,1,28,6,15607,2,11,2,1,2
2016051600909,3,9,0,18,0,1,0,0,0,0,1,1,6,2,52,8,1197,1,1,3,1,3
2016051600909,4,9,0,18,0,1,0,0,0,0,1,1,6,1,36,7,1598,1,9,1,1,1
2016051600909,5,19,0,18,0,1,0,0,0,0,1,1,1,1,41,7,1995,2,5,6,2,6
2016051600910,1,9,0,18,0,0,0,0,0,0,4,1,3,2,58,9,1199,1,14,3,1,3
2016051600910,2,1,0,18,0,0,0,0,0,0,1,1,6,1,40,7,-1,-1,-1,3,1,3
2016051600911,1,9,0,18,0,1,0,0,0,0,1,1,1,2,26,6,1968,2,4,9,1,9
2016051600911,2,1,0,18,0,1,0,0,0,0,1,1,6,1,16,4,-1,-1,-1,1,1,1
2016051600915,1,9,0,18,0,2,0,0,0,0,1,1,6,1,20,4,-1,-1,-1,5,1,5
2016051600916,1,9,0,7,0,5,0,0,0,0,0,1,6,3,-1,-1,-1,-1,-1,-1,-1,-1
2016051600916,2,1,0,18,0,8,0,0,0,0,1,1,6,1,43,7,-1,-1,-1,2,1,2
2016051600917,1,9,0,18,0,1,0,0,0,0,1,1,2,1,18,4,1360,1,11,1,1,1
2016051600917,2,1,0,18,0,1,0,0,0,0,4,1,6,1,17,4,-1,-1,-1,1,1,1
2016051600918,1,9,0,18,0,8,0,0,0,0,1,1,6,2,24,5,1299,1,15,3,1,3
2016051600918,2,9,0,18,0,8,0,0,0,0,3,1,1,1,43,7,1997,2,8,6,1,6
2016051600919,1,9,0,18,0,8,0,0,0,0,1,1,1,1,26,6,1582,2,2,-1,-1,-1
2016051600919,2,8,0,18,0,1,1,0,0,0,1,1,1,1,28,6,2402,2,12,1,1,1
2016051600920,1,9,0,18,0,2,0,0,0,0,1,1,6,3,-1,-1,1198,1,2,-1,-1,-1
2016051600922,1,22,0,4,0,0,0,0,0,0,1,1,6,1,81,11,-1,-1,-1,5,1,5
2016051600925,1,9,0,9,0,1,0,0,0,0,1,1,6,2,42,7,1769,1,11,2,1,2
2016051600925,2,1,0,18,0,1,0,0,0,0,1,1,6,1,48,8,-1,-1,-1,8,2,8
2016051600926,1,9,0,18,0,6,0,0,0,0,1,1,2,1,42,7,999,1,1,1,1,1
2016051600926,2,1,0,18,0,8,0,0,0,0,1,1,2,1,22,5,-1,-1,-1,1,1,1
2016051600928,1,9,0,5,0,8,0,0,0,0,1,1,6,3,-1,-1,-1,-1,-1,-1,-1,-1
2016051600928,2,9,0,9,0,8,0,0,0,0,3,1,6,1,57,9,1299,1,13,1,1,1
2016051600939,1,9,0,4,0,0,0,0,0,0,2,2,6,3,-1,-1,-1,-1,-1,-1,-1,-1
2016051600939,2,3,0,5,0,0,0,0,0,0,1,1,6,1,25,5,124,1,-1,1,1,1
2016051600943,1,9,0,9,0,6,0,0,0,0,1,1,6,2,80,11,1598,1,9,6,1,6
2016051600943,2,9,0,18,0,8,0,0,0,0,1,1,6,2,53,8,1399,2,6,5,1,5
2016051600945,1,11,0,5,0,0,0,0,0,0,0,1,1,1,51,8,5900,2,11,2,1,2
2016051600948,1,9,0,5,0,0,0,0,0,0,3,1,6,2,48,8,1242,1,1,2,1,2
2016051600948,2,9,0,18,0,0,0,0,0,0,1,1,6,1,18,4,1240,1,11,1,1,1
2016051600949,1,9,0,18,0,8,0,0,0,0,1,1,6,1,24,5,1242,1,4,2,1,2
2016051600949,2,9,0,9,0,8,0,0,0,0,1,1,1,2,41,7,1796,1,9,5,1,5
2016051600950,1,9,0,18,0,8,0,9,0,0,1,1,6,3,-1,-1,-1,-1,-1,-1,-1,-1
2016051600951,1,8,0,1,0,0,0,0,0,0,2,1,1,1,52,8,-1,-1,-1,8,1,8
2016051600952,1,9,0,18,0,0,0,0,0,0,4,1,6,3,-1,-1,-1,-1,-1,-1,-1,-1
2016051600952,2,9,0,18,0,0,0,0,0,0,2,1,6,2,19,4,-1,-1,-1,1,1,1
2016051600955,1,9,0,18,0,8,0,0,0,0,3,1,6,1,27,6,1995,2,2,1,1,1
2016051600955,2,9,0,18,0,8,0,0,0,0,1,1,6,1,43,7,1368,1,9,5,1,5
2016051600955,3,9,0,18,0,8,0,0,0,0,1,1,2,2,27,6,1461,2,2,9,1,9
2016051600956,1,9,0,7,0,1,0,0,0,0,1,1,6,3,-1,-1,-1,-1,-1,-1,-1,-1
2016051600956,2,1,0,9,0,1,0,0,0,0,1,1,6,1,44,7,-1,-1,-1,1,1,1
2016051600961,1,9,0,9,0,1,0,0,0,0,3,1,6,2,25,5,998,1,8,1,1,1
2016051600961,2,9,0,18,0,1,0,0,0,0,1,1,6,1,23,5,1200,1,2,7,1,7
2016051600962,1,9,0,18,0,1,0,0,0,0,1,1,6,3,-1,-1,-1,-1,-1,-1,-1,-1
2016051600962,2,9,0,18,0,1,0,0,0,0,2,1,6,2,28,6,1396,1,3,1,1,1
2016051600964,1,9,0,18,0,0,0,0,0,0,4,1,6,3,-1,-1,-1,-1,-1,-1,-1,-1
2016051600965,1,9,0,18,0,0,0,0,7,11,1,1,6,1,30,6,-1,-1,-1,1,1,1
2016051600966,1,9,0,16,0,1,1,0,1,1,1,1,6,3,-1,-1,-1,-1,-1,-1,-1,-1
2016051600966,2,9,0,18,0,8,0,0,1,11,3,1,6,1,29,6,-1,-1,-1,1,1,1
2016051600967,1,9,0,9,0,1,0,0,0,0,1,1,6,1,-1,-1,-1,-1,-1,-1,-1,-1
2016051600971,1,9,0,18,0,1,0,0,0,0,1,1,6,1,65,9,2231,2,10,1,1,1
2016051600971,2,9,0,18,0,1,0,0,0,0,4,1,6,1,43,7,1968,2,1,1,1,1
2016051600972,1,9,0,5,0,6,0,0,0,0,2,1,6,1,21,5,1390,1,18,1,1,1
2016051600972,2,3,0,18,0,1,1,0,0,0,1,1,6,1,23,5,125,1,5,1,1,1
2016051600975,1,9,0,18,0,0,0,0,0,0,3,1,6,1,49,8,-1,-1,-1,9,2,9
2016051600975,2,5,0,18,0,0,0,0,0,0,3,1,6,1,56,9,748,1,11,7,2,7
2016051600976,1,8,0,18,0,0,0,0,0,0,1,1,1,1,42,7,1587,1,11,7,1,7
2016051600977,1,9,0,18,0,1,0,0,1,9,1,1,6,1,40,7,1796,1,15,9,1,9
2016051600978,1,9,0,9,0,6,0,0,0,0,1,1,2,2,48,8,995,1,6,2,1,2
2016051600978,2,3,0,18,0,1,0,0,0,0,4,1,1,1,19,4,124,1,10,5,1,5
2016051600980,1,9,0,5,0,8,0,0,0,0,3,1,6,1,58,9,2993,2,7,7,1,7
2016051600980,2,5,0,18,0,8,0,0,0,0,1,1,6,1,46,8,636,1,11,2,1,2
2016051600980,3,9,0,3,0,8,0,0,0,0,2,1,6,2,28,6,1600,1,11,6,1,6
2016051600983,1,9,0,7,0,1,0,0,0,0,2,1,2,2,28,6,1598,2,4,10,1,10
2016051600983,2,1,0,18,0,1,0,0,0,0,1,1,6,1,46,8,-1,-1,-1,1,1,1
2016051600984,1,9,0,18,0,2,0,0,0,0,1,1,3,1,58,9,1596,1,11,6,3,6
2016051600985,1,9,0,9,0,1,0,0,0,0,0,1,1,1,44,7,2993,2,3,-1,-1,-1
2016051600985,2,9,0,9,0,8,2,7,1,10,1,1,6,1,25,5,-1,-1,-1,1,1,1
2016051600985,3,9,0,18,0,8,1,0,0,0,1,1,6,2,34,6,1999,1,9,2,1,2
2016051600986,1,21,1,18,0,0,0,0,0,0,1,1,1,1,43,7,12777,2,6,1,1,1
2016051600986,2,9,0,18,0,0,0,0,0,0,2,1,1,1,37,7,1229,1,4,2,1,2
2016051600986,3,9,0,18,0,0,0,0,0,0,2,1,2,1,53,8,2231,2,3,7,1,7
2016051600987,1,9,0,9,0,6,0,0,0,0,1,1,1,1,25,5,1560,2,2,1,1,1
2016051600987,2,9,0,18,0,1,0,0,0,0,4,1,6,2,67,10,1399,2,6,4,1,4
2016051600987,3,9,0,10,0,1,0,0,0,0,3,1,6,2,59,9,1995,2,5,1,1,1
2016051600990,1,9,0,18,0,2,0,0,0,0,2,1,6,1,68,10,1999,2,-1,8,1,8
2016051600990,2,9,0,18,0,2,0,0,0,0,1,1,6,1,25,5,1461,2,1,1,1,1
2016051600991,1,9,0,5,0,8,0,0,3,11,3,1,6,1,94,11,1242,1,7,7,3,7
2016051600991,2,9,0,18,0,8,1,0,0,0,1,1,2,1,43,7,1560,2,6,2,1,2
2016051600992,1,9,0,5,0,0,0,0,0,0,1,1,6,2,29,6,1598,1,6,1,1,1
2016051600992,2,9,0,18,0,0,5,0,0,0,4,1,6,2,42,7,1968,2,1,4,1,4
2016051600993,1,9,0,9,0,1,0,0,0,0,1,1,3,1,29,6,1598,1,9,1,1,1
2016051600993,2,9,0,18,0,8,0,0,0,0,4,1,3,2,63,9,1299,1,15,1,1,1
2016051600994,1,9,0,10,0,1,0,0,0,0,4,1,6,2,43,7,1995,2,1,2,1,2
2016051600994,2,9,0,18,0,1,0,0,0,0,1,1,6,2,27,6,1560,2,4,4,1,4
2016051600995,1,9,0,13,0,0,0,0,0,0,4,1,6,2,40,7,1560,2,3,2,1,2
2016051600995,2,11,0,18,0,0,0,0,1,0,3,1,1,1,26,6,-1,-1,-1,1,1,1
2016051600995,3,9,0,18,0,0,0,0,0,0,3,1,6,1,53,8,1360,1,10,1,1,1
2016051600999,1,19,0,18,0,0,0,0,0,0,4,2,6,3,-1,-1,-1,-1,-1,-1,-1,-1
2016051601000,1,21,1,12,0,2,0,0,0,0,0,1,1,1,46,8,12740,2,2,1,1,1
2016051601000,2,3,0,15,0,2,0,0,0,0,0,1,2,1,34,6,750,1,28,3,1,3
2016051601001,1,9,0,4,0,0,0,0,0,0,0,1,6,1,24,5,1560,2,4,2,1,2
2016051601004,1,3,0,18,0,0,1,0,1,3,1,1,6,1,-1,-1,-1,-1,-1,-1,-1,-1
2016051601011,1,9,0,18,0,0,0,0,0,0,2,1,1,1,33,6,2993,2,5,-1,-1,-1
2016051601011,2,19,0,18,0,0,0,0,0,0,1,1,6,1,48,8,1560,2,3,1,1,1
2016051601012,1,19,0,9,0,1,0,0,0,0,1,1,6,3,-1,-1,-1,-1,-1,-1,-1,-1
2016051601012,2,9,0,18,0,2,0,0,0,0,4,1,6,2,22,5,1242,1,9,8,1,8
2016051601014,1,1,0,3,0,1,0,0,0,0,1,1,4,1,14,3,-1,-1,-1,2,1,2
2016051601014,2,19,0,18,0,6,0,0,0,0,1,1,2,1,33,6,2198,2,1,1,1,1
2016051601016,1,9,0,1,0,0,0,0,0,0,1,1,6,3,-1,-1,-1,-1,-1,-1,-1,-1
2016051601019,1,9,0,18,0,0,0,0,0,0,1,1,6,3,-1,-1,-1,-1,-1,-1,-1,-1
2016051601020,1,19,0,18,0,0,0,0,0,0,1,1,6,1,71,10,1995,2,8,1,1,1
2016051601020,2,9,0,3,0,0,0,0,0,0,2,1,2,2,58,9,1590,1,11,2,1,2
2016051601020,3,9,0,3,0,0,0,0,0,0,2,1,6,2,-1,-1,1398,1,2,10,1,10
2016051601021,1,9,0,18,0,0,5,11,0,0,1,1,6,1,25,5,1497,1,14,1,1,1
2016051601023,1,9,0,14,0,8,0,0,0,0,1,1,6,2,30,6,1968,2,1,1,1,1
2016051601023,2,9,0,9,0,1,0,0,0,0,3,1,2,2,20,4,1242,1,4,2,1,2
2016051601024,1,9,0,18,0,1,0,0,0,0,1,1,6,1,-1,-1,1596,1,14,-1,-1,-1