Accident_Index,Vehicle_Reference,Vehicle_Type,Towing_and_Articulation,Vehicle_Manoeuvre,Vehicle_Location-Restricted_Lane,Junction_Location,Skidding_and_Overturning,Hit_Object_in_Carriageway,Vehicle_Leaving_Carriageway,Hit_Object_off_Carriageway,1st_Point_of_Impact,Was_Vehicle_Left_Hand_Drive?,Journey_Purpose_of_Driver,Sex_of_Driver,Age_of_Driver,Age_Band_of_Driver,Engine_Capacity_(CC),Propulsion_Code,Age_of_Vehicle,Driver_IMD_Decile,Driver_Home_Area_Type,Vehicle_IMD_Decile
2016051601024,2,9,0,3,0,1,0,0,0,0,2,1,6,2,17,4,998,1,4,7,1,7
2016051601025,1,9,0,18,0,8,0,0,0,0,3,1,6,1,80,11,1108,1,11,6,1,6
2016051601026,1,9,0,7,0,1,0,0,0,0,1,1,6,3,-1,-1,-1,-1,-1,-1,-1,-1
2016051601026,2,9,0,18,0,1,1,0,7,2,4,1,1,2,59,9,1461,2,2,2,1,2
2016051601026,3,9,0,18,0,1,0,0,0,0,1,1,6,1,26,6,1598,1,6,6,1,6
2016051601026,4,9,0,18,0,1,0,0,0,0,1,1,6,1,24,5,1956,2,3,7,1,7
2016051601026,5,9,0,18,0,2,0,0,0,0,2,1,6,2,31,6,1995,2,1,1,1,1
2016051601027,1,9,0,2,0,0,0,0,0,0,3,1,1,2,19,4,999,1,2,6,1,6
2016051601027,2,9,0,18,0,0,0,0,0,0,1,1,2,1,43,7,1968,2,5,6,1,6
2016051601028,1,9,0,18,0,2,0,0,0,0,1,1,6,3,-1,-1,-1,-1,-1,-1,-1,-1
2016051601029,1,8,0,4,0,0,0,0,0,0,1,1,1,1,63,9,2402,2,11,1,1,1
2016051601029,2,9,0,4,0,0,0,0,0,0,2,1,6,1,68,10,1360,1,15,4,1,4
2016051601030,1,9,0,6,0,0,0,0,0,0,1,1,2,2,49,8,1149,1,6,1,1,1
2016051601030,2,5,0,18,0,0,0,0,0,0,1,1,6,1,50,8,1298,1,17,1,1,1
2016051601031,1,9,0,18,0,0,0,0,0,0,1,1,6,2,65,9,1596,1,1,1,1,1
2016051601031,2,90,0,2,0,0,0,0,0,0,2,1,6,3,-1,-1,-1,-1,-1,-1,-1,-1
2016051601033,1,9,0,16,0,1,1,7,7,7,1,1,6,1,37,7,1991,1,1,2,1,2
2016051601034,1,9,0,4,0,0,0,0,4,1,1,1,2,1,38,7,1598,1,12,2,1,2
2016051601034,2,8,0,3,0,0,0,0,0,0,3,1,1,1,29,6,1753,2,7,2,1,2
2016051601036,1,9,0,7,0,1,0,0,0,0,1,1,6,1,23,5,1997,2,9,7,1,7
2016051601036,2,3,0,7,0,1,0,0,0,0,2,1,6,2,21,5,125,1,1,1,1,1
2016051601038,1,9,0,18,0,1,0,0,0,0,1,1,6,3,-1,-1,-1,-1,-1,-1,-1,-1
2016051601039,1,9,0,18,0,1,0,0,0,0,1,1,6,1,27,6,1910,2,9,1,1,1
2016051601040,1,9,0,4,0,0,0,0,0,0,4,1,6,1,34,6,1998,1,10,1,1,1
2016051601042,1,9,0,18,0,0,0,0,0,0,1,1,6,3,-1,-1,-1,-1,-1,-1,-1,-1
2016051601044,1,9,0,18,0,8,0,0,0,0,3,1,2,1,56,9,1560,2,5,6,1,6
2016051601044,2,1,0,9,0,8,0,0,0,0,1,1,6,1,50,8,-1,-1,-1,3,1,3
2016051601045,1,9,0,9,0,1,0,0,0,0,1,1,6,3,-1,-1,-1,-1,-1,-1,-1,-1
2016051601045,2,8,0,9,0,1,0,0,0,0,1,1,1,1,28,6,1753,2,8,3,1,3
2016051601046,1,9,0,5,0,1,0,0,0,0,1,1,6,1,26,6,1398,1,3,7,1,7
2016051601046,2,9,0,18,0,8,5,7,8,1,4,1,2,2,21,5,1197,1,2,-1,-1,-1
2016051601047,1,3,0,18,0,0,0,0,0,0,1,1,1,1,44,7,-1,-1,-1,5,1,5
2016051601047,2,3,0,18,0,0,0,0,0,0,1,1,1,1,31,6,598,1,26,5,1,5
2016051601048,1,9,0,18,0,0,0,0,0,0,1,1,6,1,31,6,1956,2,4,1,1,1
2016051601048,2,9,0,3,0,0,0,0,0,0,2,1,6,2,59,9,1248,2,8,1,1,1
2016051601048,3,9,0,3,0,0,0,0,0,0,2,1,6,2,32,6,998,1,9,1,1,1
2016051601049,1,9,0,5,0,0,0,0,0,0,1,1,6,2,29,6,1242,1,3,1,1,1
2016051601049,2,9,0,18,0,0,0,0,0,0,4,1,6,1,28,6,1596,1,11,3,1,3
2016051601052,1,9,0,18,0,0,0,0,0,0,1,1,6,3,-1,-1,-1,-1,-1,-1,-1,-1
2016051601052,2,1,0,18,0,0,0,0,0,0,1,1,6,1,24,5,-1,-1,-1,-1,-1,-1
2016051601054,1,1,0,18,0,1,0,0,0,0,3,1,2,1,30,6,-1,-1,-1,7,1,7
2016051601054,2,9,0,7,0,1,0,0,0,0,4,1,2,1,49,8,1995,2,3,3,1,3
2016051601055,1,9,0,16,0,0,0,0,0,0,1,1,2,1,57,9,2597,1,14,10,1,10
2016051601055,2,9,0,17,0,0,0,0,0,0,1,1,1,1,26,6,1499,2,2,9,1,9
2016051601056,1,9,0,18,0,8,0,0,0,0,1,1,6,2,37,7,1149,1,9,6,1,6
2016051601056,2,9,0,18,0,8,0,0,0,0,3,1,6,2,32,6,1461,2,1,8,1,8
2016051601057,1,19,0,5,0,0,0,0,0,0,4,1,6,3,-1,-1,-1,-1,-1,-1,-1,-1
2016051601061,1,9,0,12,0,1,1,0,0,0,1,1,6,3,-1,-1,1360,1,16,-1,-1,-1
2016051601061,2,9,0,3,0,1,0,0,0,0,1,1,6,2,22,5,1399,2,9,8,1,8
2016051601062,1,2,0,18,0,0,0,0,0,0,1,1,6,3,-1,-1,-1,-1,-1,-1,-1,-1
2016051601063,1,9,0,18,0,0,5,10,1,7,1,1,6,2,62,9,1229,1,1,3,1,3
2016051601064,1,9,0,1,0,8,0,0,0,0,2,1,6,3,-1,-1,-1,-1,-1,-1,-1,-1
2016051601064,2,9,0,3,0,8,0,0,0,0,3,1,6,2,18,4,-1,-1,-1,2,1,2
2016051601066,1,9,0,18,0,0,0,0,0,0,4,1,6,2,81,11,998,1,7,4,1,4
2016051601066,2,9,0,2,0,0,0,0,0,0,3,1,6,3,-1,-1,1197,1,2,-1,-1,-1
2016051601066,3,19,0,2,0,0,0,0,0,0,2,1,6,3,-1,-1,1997,2,16,-1,-1,-1
2016051601069,1,1,0,18,0,1,0,0,0,0,1,1,2,1,21,5,-1,-1,-1,1,1,1
2016051601069,2,9,0,8,0,6,0,0,0,0,4,1,2,3,-1,-1,998,1,6,-1,-1,-1
2016051601074,1,1,0,18,0,0,0,0,0,0,3,1,6,1,3,1,-1,-1,-1,2,1,2
2016051601074,2,9,0,1,0,0,0,0,0,0,2,1,6,3,-1,-1,-1,-1,-1,-1,-1,-1
2016051601075,1,9,0,13,0,0,0,0,1,11,4,1,6,2,27,6,1242,1,4,1,1,1
2016051601075,2,1,0,18,0,0,0,0,0,0,1,1,6,1,52,8,-1,-1,-1,5,1,5
2016051601076,1,9,0,13,0,1,0,0,0,0,1,1,6,2,30,6,1560,2,1,1,1,1
2016051601076,2,19,0,9,0,1,0,0,0,0,3,1,1,1,54,8,-1,-1,-1,3,1,3
2016051601077,1,1,0,18,0,1,0,0,0,0,1,1,6,1,29,6,-1,-1,-1,8,1,8
2016051601077,2,9,0,18,0,1,0,0,0,0,1,1,1,1,45,7,1995,2,7,5,1,5
2016051601078,1,9,0,7,0,8,0,0,0,0,0,1,6,3,-1,-1,-1,-1,-1,-1,-1,-1
2016051601078,2,11,0,5,0,1,0,0,0,0,0,1,1,1,46,8,6700,2,6,1,1,1
2016051601079,1,9,0,18,0,2,0,0,0,0,1,1,6,2,64,9,1596,1,13,7,1,7
2016051601079,2,9,0,18,0,2,0,0,0,0,3,1,6,1,30,6,1596,1,8,6,2,6
2016051601080,1,9,0,4,0,0,0,0,0,0,1,1,2,1,54,8,1193,1,1,1,1,1
2016051601080,2,9,0,18,0,0,0,0,0,0,1,1,6,2,39,7,1242,1,7,1,1,1
2016051601082,1,9,0,9,0,8,0,0,0,0,4,1,6,1,25,5,999,1,4,8,1,8
2016051601082,2,9,0,18,0,8,0,0,0,0,1,1,6,1,36,7,1461,2,7,2,1,2
2016051601082,3,9,0,18,0,8,0,0,0,0,3,1,6,1,42,7,1997,2,5,7,1,7
2016051601090,1,9,0,9,0,1,0,0,0,0,1,1,6,2,19,4,-1,-1,-1,1,1,1
2016051601090,2,9,0,18,0,1,0,0,0,0,3,1,2,2,40,7,-1,-1,-1,2,1,2
2016051601091,1,8,0,18,0,0,0,7,6,6,1,1,6,1,23,5,1598,2,4,1,1,1
2016051601093,1,19,0,5,0,1,0,0,0,0,3,1,1,1,56,9,2143,2,3,1,1,1
2016051601093,2,9,0,18,0,1,0,0,0,0,1,1,6,1,42,7,1896,2,14,9,3,9
2016051601094,1,9,0,17,0,0,1,0,5,6,1,1,6,2,19,4,2902,2,12,6,3,6
2016051601095,1,8,0,9,0,6,0,0,0,0,1,1,1,1,58,9,1910,2,9,5,1,5
2016051601095,2,1,0,18,0,1,0,0,0,0,4,1,2,1,59,9,-1,-1,-1,2,1,2
2016051601096,1,9,0,18,0,8,0,0,0,0,1,1,6,2,68,10,996,1,2,9,1,9
2016051601096,2,9,0,18,0,8,0,0,0,0,4,1,6,1,63,9,1685,2,4,4,1,4
2016051601098,1,19,0,4,0,0,0,0,0,0,1,1,1,1,26,6,2402,2,5,1,1,1
2016051601098,2,9,0,4,0,0,0,0,0,0,1,1,6,2,23,5,996,1,7,4,1,4
2016051601098,3,19,0,3,0,0,0,0,0,0,2,1,1,1,33,6,1248,2,6,4,1,4
2016051601100,1,3,0,18,0,2,0,0,0,0,1,1,6,1,27,6,124,1,4,1,1,1
2016051601101,1,19,0,18,0,0,0,0,0,0,1,1,1,1,29,6,2299,2,2,3,1,3
2016051601101,2,9,0,4,0,0,0,0,0,0,2,1,1,1,56,9,1686,2,6,1,1,1
2016051601102,1,9,0,9,0,6,0,0,0,0,1,1,6,2,55,8,1390,1,3,1,1,1
2016051601102,2,9,0,10,0,1,0,0,0,0,1,1,6,2,33,6,999,1,1,5,1,5
2016051601103,1,9,0,5,0,2,0,0,0,0,1,1,3,2,33,6,1598,1,3,5,1,5
2016051601103,2,1,0,18,0,1,0,0,0,0,4,1,6,1,72,10,-1,-1,-1,6,1,6
2016051601104,1,9,0,9,0,5,0,0,0,0,2,1,6,2,24,5,1461,2,6,6,1,6
2016051601104,2,1,0,18,0,1,0,0,0,0,1,1,2,1,24,5,-1,-1,-1,1,1,1
2016051601105,1,9,0,18,0,0,0,0,0,0,1,1,6,1,58,9,2179,2,6,9,1,9
2016051601105,2,9,0,3,0,0,0,0,0,0,2,1,6,1,20,4,1984,1,13,6,1,6
2016051601105,3,9,0,3,0,0,0,0,0,0,2,1,6,2,44,7,1598,1,4,1,1,1
2016051601106,1,9,0,9,0,5,0,0,0,0,1,1,6,2,35,6,1198,1,2,9,1,9
2016051601106,2,9,0,18,0,8,0,0,0,0,1,1,6,1,20,4,998,1,10,1,1,1
2016051601107,1,9,0,5,0,1,0,0,0,0,1,1,6,1,27,6,2967,2,1,9,1,9
2016051601107,2,9,0,18,0,8,1,0,0,0,3,1,6,2,51,8,1397,1,8,7,1,7
2016051601108,1,19,0,18,0,0,0,0,0,0,4,1,1,1,56,9,2198,2,1,3,1,3
2016051601114,1,9,0,18,0,8,0,0,0,0,3,1,6,1,42,7,1995,2,10,9,1,9
2016051601114,2,9,0,9,0,8,0,0,0,0,3,1,6,1,54,8,1761,1,19,1,1,1
2016051601115,1,9,0,9,0,6,0,0,0,0,1,1,6,1,71,10,1797,8,4,8,1,8
2016051601116,1,8,0,9,0,6,0,0,0,0,1,1,1,1,31,6,1753,2,8,2,1,2
2016051601116,2,9,0,3,0,1,0,0,0,0,3,1,6,2,27,6,1598,1,11,1,1,1
2016051601116,3,9,0,3,0,1,0,0,0,0,1,1,6,1,39,7,1968,2,10,1,1,1
2016051601117,1,9,0,16,0,0,0,0,0,0,1,1,6,3,-1,-1,-1,-1,-1,-1,-1,-1
2016051601117,2,9,0,17,0,0,0,0,0,0,1,1,6,1,28,6,-1,-1,-1,3,1,3
2016051601118,1,3,0,18,0,1,0,0,0,0,1,1,6,1,17,4,124,1,2,1,1,1
2016051601119,1,9,0,18,0,1,0,0,0,0,1,1,6,2,23,5,1968,2,4,7,1,7
2016051601119,2,9,0,18,0,1,0,0,0,0,2,1,2,2,43,7,1798,1,3,1,1,1
2016051601122,1,9,0,9,0,8,0,0,0,0,1,1,1,1,36,7,898,1,1,1,1,1
2016051601122,2,9,0,9,0,8,0,0,0,0,3,1,2,1,25,5,1360,1,16,8,1,8
2016051601123,1,9,0,1,0,0,0,0,0,0,2,1,6,2,25,5,-1,-1,-1,9,1,9
2016051601125,1,9,0,18,0,2,0,0,0,0,1,1,6,3,-1,-1,1798,1,11,-1,-1,-1
2016051601125,2,9,0,3,0,1,0,0,0,0,1,1,6,1,70,10,1596,1,16,1,1,1
2016051601126,1,11,1,5,0,0,0,0,0,0,1,1,1,1,38,7,6700,2,7,2,1,2
2016051601127,1,11,0,9,0,6,0,0,0,0,0,1,1,1,52,8,6700,2,2,4,1,4
2016051601128,1,9,0,1,0,0,0,0,0,0,2,1,6,1,32,6,-1,-1,-1,3,1,3
2016051601130,1,19,0,18,0,1,0,0,0,0,1,1,6,1,42,7,-1,-1,-1,3,1,3
2016051601130,2,9,0,18,0,1,0,0,0,0,3,1,6,2,32,6,1598,2,3,9,2,9
2016051601132,1,9,0,17,0,2,0,0,0,0,3,1,6,3,-1,-1,-1,-1,-1,-1,-1,-1
2016051601133,1,9,0,18,0,0,0,0,0,0,4,1,6,1,-1,-1,-1,-1,-1,-1,-1,-1
2016051601134,1,9,0,9,0,8,0,0,0,0,4,1,6,2,28,6,1596,1,9,6,3,6
2016051601134,2,9,0,18,0,8,0,0,0,0,1,1,6,1,53,8,1997,2,4,6,1,6
2016051601135,1,9,0,18,0,0,0,0,0,0,1,1,6,1,21,5,-1,-1,-1,1,1,1
2016051601135,2,9,0,18,0,0,0,0,0,0,2,1,2,2,28,6,1398,1,2,1,1,1
2016051601137,1,9,0,9,0,1,0,0,0,0,1,1,6,1,76,11,1329,1,4,-1,-1,-1
2016051601137,2,9,0,9,0,1,0,0,0,0,2,1,6,2,26,6,1598,2,-1,3,1,3
2016051601138,1,19,0,18,0,1,0,0,0,0,1,1,6,1,47,8,2402,2,15,9,1,9
2016051601138,2,9,0,18,0,1,0,0,0,0,2,1,6,2,30,6,1598,1,3,1,1,1
2016051601140,1,9,0,7,0,8,0,0,0,0,1,1,6,3,-1,-1,-1,-1,-1,-1,-1,-1
2016051601140,2,1,0,18,0,8,0,0,0,0,4,1,6,1,10,2,-1,-1,-1,1,1,1
2016051601141,1,9,0,5,0,4,0,0,0,0,1,1,6,1,36,7,1598,1,10,1,1,1
2016051601141,2,1,0,4,0,3,0,0,0,0,1,1,6,2,25,5,-1,-1,-1,2,1,2
2016051601144,1,4,0,18,0,1,1,0,0,0,1,1,6,1,21,5,-1,-1,-1,1,1,1
2016051601144,2,9,0,9,0,5,0,0,0,0,0,1,6,2,39,7,1995,2,3,2,1,2
2016051601145,1,9,0,7,0,5,0,0,0,0,4,2,6,3,-1,-1,-1,-1,-1,-1,-1,-1
2016051601145,2,1,0,5,0,8,0,0,0,0,4,1,6,1,30,6,-1,-1,-1,2,1,2
2016051601146,1,9,0,9,0,8,0,0,0,0,1,1,6,1,31,6,1968,2,1,1,1,1
2016051601146,2,1,0,18,0,8,0,0,0,0,1,1,2,1,37,7,-1,-1,-1,6,1,6
2016051601148,1,9,0,9,0,1,0,0,0,0,1,1,6,2,52,8,1596,1,9,5,1,5
2016051601148,2,9,0,18,0,1,0,0,0,0,3,1,6,1,72,10,1461,2,2,1,1,1
2016051601151,1,9,0,18,0,8,0,0,0,0,1,1,6,2,76,11,1388,1,7,6,1,6
2016051601151,2,9,0,18,0,8,0,0,0,0,4,1,6,2,50,8,1461,2,3,7,1,7
2016051601152,1,9,0,18,0,1,1,0,0,0,1,1,1,1,65,9,-1,-1,-1,7,1,7
2016051601152,2,9,0,3,0,1,0,0,0,0,2,1,6,2,81,11,1242,1,18,8,1,8
2016051601155,1,9,0,18,0,1,0,0,0,0,1,1,6,2,28,6,-1,-1,-1,2,1,2
2016051601155,2,9,0,10,0,5,0,0,0,0,2,1,6,2,26,6,-1,-1,-1,1,1,1
2016051601157,1,9,0,18,0,0,0,0,0,0,1,1,6,3,-1,-1,-1,-1,-1,-1,-1,-1
2016051601159,1,9,0,5,0,5,0,0,0,0,3,1,6,1,34,6,1968,2,5,6,1,6
2016051601159,2,9,0,9,0,6,0,0,0,0,3,1,6,2,33,6,1595,1,2,1,1,1
2016051601161,1,9,0,18,0,6,0,0,0,0,1,1,6,1,46,8,1998,2,10,10,1,10
2016051601161,2,9,0,18,0,8,0,0,0,0,4,1,2,2,45,7,1461,2,2,2,1,2
2016051601163,1,8,0,18,0,0,0,0,0,0,1,1,6,3,-1,-1,-1,-1,-1,-1,-1,-1
2016051601164,1,8,0,18,0,8,0,0,0,0,1,1,1,1,40,7,2143,2,1,1,1,1
2016051601165,1,9,0,18,0,1,0,0,0,0,1,1,6,2,41,7,1956,2,3,1,1,1
2016051601165,2,9,0,18,0,8,1,0,0,0,3,1,6,2,47,8,1796,2,2,4,1,4
2016051601167,1,9,0,5,0,1,0,0,0,0,1,2,6,3,-1,-1,-1,-1,-1,-1,-1,-1
2016051601168,1,8,0,18,0,0,0,0,0,0,4,1,1,1,70,10,2664,2,18,1,1,1
2016051601170,1,9,0,10,0,1,0,0,0,0,2,1,6,1,33,6,1685,2,1,4,1,4
2016051601170,2,9,0,3,0,1,0,0,0,0,2,1,6,2,55,8,1360,1,11,7,1,7
2016051601170,3,9,0,3,0,1,0,0,0,0,2,1,6,1,33,6,1390,1,7,2,1,2
2016051601170,4,9,0,3,0,1,0,0,0,0,1,1,6,2,17,4,1198,1,3,8,1,8
2016051601171,1,9,0,18,0,6,0,0,0,0,1,1,6,1,31,6,1995,2,15,2,1,2
2016051601171,2,11,0,18,0,8,0,0,8,10,1,1,1,1,24,5,4250,2,4,1,1,1
2016051601172,1,9,0,5,0,6,0,0,0,0,1,1,6,1,29,6,998,1,2,4,1,4
2016051601172,2,9,0,18,0,1,0,0,0,0,4,1,2,1,59,9,1997,2,5,6,1,6
2016051601176,1,9,0,18,0,2,0,0,0,0,1,1,6,1,22,5,-1,-1,-1,7,1,7
2016051601177,1,9,0,9,0,5,0,0,0,0,1,1,6,3,-1,-1,1364,1,10,-1,-1,-1
2016051601179,1,9,0,18,0,0,0,0,7,11,1,1,6,1,54,8,1296,1,9,7,1,7
2016051601180,1,9,0,5,0,6,0,0,0,0,3,1,2,2,26,6,1596,1,2,2,1,2
2016051601180,2,9,0,18,0,1,0,0,0,0,1,1,6,2,19,4,1229,1,10,5,1,5
2016051601181,1,9,0,18,0,4,0,0,0,0,1,1,6,1,63,9,1988,1,12,3,1,3
2016051601181,2,19,0,3,0,1,0,0,0,0,2,1,1,2,55,8,1248,2,2,1,1,1
2016051601183,1,9,0,17,0,8,0,0,0,0,1,1,6,2,61,9,1596,1,12,5,2,5
2016051601183,2,9,0,18,0,8,0,0,1,0,3,1,6,1,90,11,1395,1,-1,7,1,7
2016051601184,1,9,0,4,0,1,0,0,0,0,2,1,6,1,82,11,2179,2,13,10,2,10
2016051601184,2,9,0,4,0,1,0,0,0,0,1,1,2,2,53,8,1398,1,14,9,1,9
2016051601185,1,9,0,7,0,1,0,0,0,0,1,1,6,1,58,9,1896,2,14,4,1,4
2016051601185,2,9,0,18,0,1,0,0,0,0,1,1,6,2,34,6,1596,1,11,2,1,2
2016051601186,1,9,0,7,0,8,0,0,0,0,1,1,6,1,32,6,-1,-1,-1,2,1,2
2016051601187,1,9,0,10,0,5,0,0,0,0,4,1,6,1,23,5,1242,1,2,1,1,1
2016051601187,2,9,0,3,0,1,0,0,0,0,1,1,6,2,42,7,1968,2,1,2,1,2
2016051601188,1,9,0,18,0,6,0,0,0,0,1,1,6,3,-1,-1,-1,-1,-1,-1,-1,-1
2016051601188,2,9,0,18,0,8,0,0,0,0,3,1,2,1,61,9,1968,2,4,4,1,4
2016051601189,1,5,0,18,0,0,0,0,7,4,1,1,6,1,28,6,998,1,10,1,1,1
2016051601189,2,9,0,17,0,0,0,0,7,4,3,1,6,2,49,8,1229,1,7,1,1,1
2016051601190,1,9,0,17,0,1,1,0,7,4,3,1,6,1,21,5,998,1,15,9,1,9
2016051601191,1,9,0,4,0,1,0,0,0,0,4,1,6,1,26,6,1229,1,7,1,1,1
2016051601191,2,9,0,18,0,1,0,0,0,0,4,1,6,1,28,6,1595,1,4,1,1,1
2016051601192,1,9,0,9,0,8,0,0,0,0,1,1,6,2,19,4,1299,1,15,2,1,2
2016051601192,2,1,0,18,0,1,0,0,0,0,1,1,6,1,42,7,-1,-1,-1,6,1,6
2016051601194,1,9,0,18,0,1,0,0,0,0,1,1,6,1,23,5,-1,-1,-1,1,1,1
2016051601194,2,9,0,10,0,1,0,0,0,0,2,1,6,2,32,6,1349,1,7,1,1,1
2016051601194,3,9,0,18,0,1,0,1,0,0,1,1,6,1,60,9,1368,1,7,3,1,3
2016051601196,1,9,0,18,0,1,0,0,0,0,4,1,6,3,-1,-1,-1,-1,-1,-1,-1,-1
2016051601198,1,9,0,18,0,8,0,0,1,1,3,1,6,1,21,5,1242,1,2,9,1,9
2016051601198,2,9,0,18,0,8,0,0,0,0,1,1,6,1,63,9,1242,1,9,3,1,3
2016051601203,1,9,0,13,0,1,0,0,0,0,1,1,6,3,-1,-1,1598,1,2,-1,-1,-1
2016051601203,2,9,0,9,0,1,0,0,0,0,3,1,6,2,32,6,1587,1,10,1,1,1
2016051601204,1,9,0,9,0,2,0,7,1,10,1,2,6,2,35,6,1560,2,2,4,1,4
2016051601205,1,9,0,18,0,8,0,0,0,0,3,1,6,1,78,11,1560,2,3,4,1,4
2016051601205,2,9,0,18,0,8,0,0,0,0,1,1,6,1,59,9,1598,1,9,1,1,1
2016051601206,1,9,0,1,0,0,0,0,0,0,2,1,1,1,70,10,1968,2,2,7,1,7
2016051601208,1,9,0,4,0,1,0,0,0,0,1,1,6,3,-1,-1,-1,-1,-1,-1,-1,-1
2016051601208,2,9,0,3,0,1,0,0,0,0,2,1,6,2,24,5,1461,2,1,3,1,3
2016051601209,1,9,0,4,0,1,0,0,0,0,0,1,1,1,33,6,1582,2,3,-1,-1,-1
2016051601209,2,9,0,7,0,6,0,0,0,0,1,1,6,1,18,4,1699,1,6,1,1,1
2016051601211,1,9,0,4,0,0,0,0,0,0,1,1,2,2,25,5,1461,2,1,1,1,1
2016051601212,1,9,0,18,0,8,0,0,0,0,1,1,6,1,31,6,1497,1,15,1,1,1
2016051601212,2,9,0,18,0,8,0,0,0,0,1,1,6,1,63,9,1299,1,16,1,1,1
2016051601212,3,9,0,5,0,1,0,0,0,0,1,1,1,1,56,9,-1,-1,-1,4,1,4
2016051601213,1,9,0,18,0,1,0,0,0,0,1,1,2,1,24,5,1364,1,10,7,1,7
2016051601213,2,9,0,3,0,1,0,0,0,0,2,1,6,2,29,6,-1,-1,-1,1,1,1
2016051601213,3,9,0,3,0,1,0,0,0,0,2,1,6,1,48,8,-1,-1,-1,1,1,1
2016051601213,4,9,0,3,0,1,0,0,0,0,2,1,6,2,41,7,998,1,3,5,1,5
2016051601213,5,9,0,3,0,1,0,0,0,0,2,1,2,1,74,10,1997,2,3,1,1,1
2016051601231,1,5,0,11,0,0,0,0,0,0,1,1,6,1,49,8,249,1,1,1,1,1
2016051601231,2,21,1,4,0,0,0,0,0,0,2,1,1,1,55,8,12740,2,3,4,1,4
2016051601231,3,9,0,4,0,0,0,0,0,0,2,1,6,2,37,7,1997,2,11,1,1,1
2016051601233,1,9,0,1,0,0,0,0,0,0,2,1,6,3,-1,-1,-1,-1,-1,-1,-1,-1
2016051601233,2,9,0,2,0,0,0,0,0,0,2,1,6,2,28,6,-1,-1,-1,8,1,8
2016051601235,1,19,0,9,0,8,0,0,0,0,3,1,1,2,27,6,1368,1,1,3,1,3
2016051601236,1,9,0,9,0,6,0,0,0,0,1,1,2,2,35,6,1598,2,5,5,1,5
2016051601236,2,9,0,18,0,1,0,0,7,0,1,1,6,2,31,6,1968,2,2,6,1,6
2016051601237,1,9,0,17,0,0,2,0,7,0,0,1,6,1,27,6,1990,1,13,4,3,4
2016051601239,1,9,0,1,0,0,0,0,0,0,2,1,6,1,40,7,1761,1,19,3,1,3
2016051601241,1,19,0,5,0,0,0,0,0,0,4,1,1,1,27,6,2143,2,3,8,1,8
2016051601244,1,9,0,11,0,0,0,0,0,0,4,1,6,1,67,10,1685,2,-1,10,1,10
2016051601244,2,9,0,4,0,0,0,0,0,0,3,1,6,1,26,6,1956,2,6,1,1,1
2016051601249,1,9,0,9,0,1,0,0,0,0,3,1,6,1,27,6,1598,1,3,2,1,2
2016051601249,2,11,0,18,0,1,0,0,0,0,1,1,1,1,56,9,3900,2,10,1,1,1
2016051601251,1,9,0,17,0,1,0,0,0,0,0,1,6,3,-1,-1,-1,-1,-1,-1,-1,-1
2016051601251,2,11,0,16,0,2,0,0,0,0,0,1,1,1,64,9,-1,-1,-1,2,1,2
2016051601254,1,3,0,18,0,0,1,0,0,0,1,1,6,3,-1,-1,-1,-1,-1,-1,-1,-1
2016051601259,1,9,0,9,0,6,0,0,0,0,1,1,6,1,22,5,998,1,6,1,1,1
2016051601259,2,9,0,18,0,8,0,0,0,0,4,1,6,2,19,4,1299,1,10,1,1,1
2016051601260,1,9,0,18,0,6,0,0,0,0,1,1,6,1,54,8,1956,2,2,1,1,1
2016051601260,2,9,0,18,0,1,0,0,0,0,4,1,6,1,61,9,1951,2,13,1,1,1
2016051601261,1,8,0,5,0,0,0,0,0,0,3,1,2,3,-1,-1,-1,-1,-1,-1,-1,-1
2016051601262,1,9,0,3,0,1,0,0,0,0,1,1,2,1,30,6,1242,1,6,8,1,8
2016051601262,2,8,0,3,0,1,0,0,0,0,2,1,1,1,53,8,1998,2,9,9,1,9
2016051601265,1,9,0,11,0,0,0,0,0,0,4,1,6,1,56,9,1360,1,14,1,1,1
2016051601265,2,9,0,18,0,0,0,0,0,0,1,1,6,2,34,6,1341,1,14,1,1,1
2016051601266,1,9,0,18,0,2,0,0,0,0,4,1,6,1,64,9,1242,1,5,7,3,7
2016051601267,1,9,0,18,0,2,1,0,0,0,3,1,6,2,21,5,1598,1,13,7,1,7
2016051601267,2,9,0,18,0,2,1,0,0,0,4,1,6,2,51,8,2496,2,13,5,1,5
2016051601268,1,19,0,18,0,2,0,0,0,0,4,1,6,3,-1,-1,-1,-1,-1,-1,-1,-1
2016051601269,1,9,0,18,0,1,0,0,0,0,1,1,6,1,36,7,1753,2,13,1,1,1
2016051601269,2,9,0,9,0,1,0,0,0,0,3,1,6,1,46,8,1796,1,7,2,1,2
2016051601270,1,9,0,18,0,0,0,0,0,0,1,1,6,1,58,9,1995,1,21,4,1,4
2016051601270,2,9,0,18,0,0,0,0,0,0,2,1,6,1,34,6,1956,2,4,6,1,6
2016051601271,1,9,0,18,0,1,0,0,0,0,1,1,6,1,85,11,1781,1,9,8,1,8
2016051601271,2,9,0,3,0,1,0,0,0,0,2,1,6,1,27,6,1999,2,-1,5,1,5
2016051601272,1,9,0,18,0,0,0,0,0,0,1,1,6,1,21,5,1560,2,5,10,1,10
2016051601273,1,9,0,18,0,0,1,0,1,7,1,1,6,1,20,4,1461,2,1,1,1,1
2016051601274,1,9,0,7,0,5,0,0,0,0,3,2,6,2,39,7,1242,1,8,5,1,5