Accident_Index,Vehicle_Reference,Vehicle_Type,Towing_and_Articulation,Vehicle_Manoeuvre,Vehicle_Location-Restricted_Lane,Junction_Location,Skidding_and_Overturning,Hit_Object_in_Carriageway,Vehicle_Leaving_Carriageway,Hit_Object_off_Carriageway,1st_Point_of_Impact,Was_Vehicle_Left_Hand_Drive?,Journey_Purpose_of_Driver,Sex_of_Driver,Age_of_Driver,Age_Band_of_Driver,Engine_Capacity_(CC),Propulsion_Code,Age_of_Vehicle,Driver_IMD_Decile,Driver_Home_Area_Type,Vehicle_IMD_Decile
2016051601275,1,9,0,18,0,0,0,0,0,0,0,1,6,2,86,11,1339,1,6,9,1,9
2016051601275,2,16,0,18,0,0,0,0,0,0,0,1,6,2,49,8,-1,-1,-1,8,3,8
2016051601279,1,9,0,17,0,0,1,0,0,0,4,1,6,2,29,6,1242,1,9,4,1,4
2016051601281,1,1,0,18,0,0,0,0,3,11,1,1,6,1,15,3,-1,-1,-1,1,1,1
2016051601284,1,1,0,18,0,1,0,0,0,0,1,1,6,1,-1,-1,-1,-1,-1,-1,-1,-1
2016051601284,2,9,0,18,0,1,0,0,0,0,1,1,6,2,37,7,1560,2,2,1,1,1
2016051601287,1,9,0,18,0,0,0,0,0,0,1,1,6,1,30,6,-1,-1,-1,6,1,6
2016051601287,2,9,0,18,0,0,0,0,0,0,2,1,6,2,43,7,1198,1,7,1,1,1
2016051601288,1,9,0,18,0,8,0,0,0,0,3,1,6,1,74,10,1999,1,11,2,1,2
2016051601288,2,5,0,18,0,8,0,0,0,0,1,1,6,1,67,10,1552,1,9,9,2,9
2016051601288,3,5,0,18,0,8,0,0,0,0,1,1,6,1,70,10,903,1,7,1,1,1
2016051601289,1,9,0,18,0,0,0,0,0,0,0,1,1,1,54,8,2993,2,5,-1,-1,-1
2016051601289,2,9,0,18,0,0,0,0,0,0,4,1,6,3,-1,-1,-1,-1,-1,-1,-1,-1
2016051601289,3,8,0,12,0,0,0,0,0,0,4,1,1,1,53,8,2499,2,5,1,1,1
2016051601290,1,9,0,5,0,8,0,0,0,0,3,1,6,2,34,6,1390,1,1,1,1,1
2016051601290,2,9,0,18,0,8,0,0,0,0,1,1,6,2,40,7,998,1,1,2,1,2
2016051601292,1,9,0,13,0,1,0,0,0,0,1,1,6,1,24,5,1560,2,5,5,1,5
2016051601292,2,9,0,9,0,1,0,0,0,0,3,1,6,1,26,6,1968,2,1,1,1,1
2016051601293,1,9,0,9,0,5,0,0,0,0,1,1,6,2,28,6,1360,1,13,3,1,3
2016051601293,2,9,0,18,0,8,1,0,0,0,1,1,6,1,39,7,1388,1,13,-1,-1,-1
2016051601293,3,9,0,8,0,1,0,0,0,0,3,1,6,2,24,5,1242,1,2,1,1,1
2016051601294,1,9,0,7,0,2,0,0,0,0,2,1,6,1,57,9,-1,-1,-1,2,1,2
2016051601294,2,9,0,7,0,2,0,0,0,0,1,1,6,2,44,7,-1,-1,-1,4,1,4
2016051601295,1,9,0,18,0,0,0,0,7,0,1,1,6,1,65,9,1364,1,10,2,1,2
2016051601295,2,9,0,18,0,0,0,0,1,0,2,1,6,1,40,7,998,1,2,3,1,3
2016051601297,1,9,0,11,0,0,5,0,1,4,1,1,2,2,25,5,1598,2,-1,7,1,7
2016051601298,1,19,0,5,0,0,0,0,0,0,4,1,1,1,41,7,1997,2,11,5,1,5
2016051601298,2,9,0,18,0,0,0,0,0,0,4,1,1,1,56,9,1749,1,12,-1,-1,-1
2016051601300,1,9,0,5,0,6,0,0,0,0,3,1,6,2,56,9,1242,1,18,2,1,2
2016051601300,2,1,0,18,0,1,0,0,0,0,1,1,6,1,57,9,-1,-1,-1,7,1,7
2016051601303,1,11,0,18,0,0,0,0,0,0,4,1,1,1,62,9,-1,2,20,8,1,8
2016051601304,1,9,0,13,0,1,0,0,0,0,1,1,6,1,38,7,-1,-1,-1,1,1,1
2016051601304,2,1,0,3,0,1,0,0,0,0,2,1,2,1,35,6,-1,-1,-1,4,1,4
2016051601305,1,9,0,18,0,0,0,0,0,0,1,1,6,1,26,6,-1,-1,-1,1,1,1
2016051601305,2,1,0,12,0,0,0,0,0,0,2,1,6,1,15,3,-1,-1,-1,3,1,3
2016051601306,1,19,0,12,0,1,0,0,0,0,3,1,6,1,30,6,2299,2,1,2,1,2
2016051601306,2,9,0,5,0,1,0,0,0,0,4,1,6,1,55,8,1998,1,13,7,1,7
2016051601308,1,9,0,18,0,8,1,10,6,0,1,1,6,1,26,6,1984,1,3,2,3,2
2016051601308,2,9,0,18,0,8,0,0,0,0,3,1,6,1,-1,-1,1560,2,4,1,1,1
2016051601310,1,9,0,18,0,0,0,7,2,11,1,1,6,3,-1,-1,-1,-1,-1,-1,-1,-1
2016051601310,2,9,0,18,0,0,0,0,0,0,4,1,6,1,30,6,1560,2,3,1,1,1
2016051601312,1,9,0,18,0,8,0,0,0,0,1,1,1,1,22,5,1398,1,1,10,1,10
2016051601312,2,9,0,18,0,8,0,0,0,0,3,1,1,2,37,7,1461,2,2,2,1,2
2016051601314,1,9,0,18,0,0,0,0,7,10,3,1,6,2,62,9,3199,1,16,9,1,9
2016051601314,2,9,0,18,0,0,0,0,0,0,1,1,6,2,50,8,1968,2,6,3,1,3
2016051601317,1,3,0,9,0,2,0,0,0,0,1,1,6,1,47,8,123,1,30,3,1,3
2016051601317,2,19,0,14,0,1,0,0,0,0,2,1,1,1,45,7,4462,2,3,8,1,8
2016051601318,1,9,0,18,0,1,0,0,0,0,1,1,6,1,26,6,1197,1,-1,7,1,7
2016051601318,2,9,0,18,0,8,0,0,0,0,1,1,6,1,57,9,1364,1,1,1,1,1
2016051601320,1,19,0,6,0,0,0,0,0,0,3,1,2,1,20,4,1560,2,2,1,1,1
2016051601320,2,5,0,4,0,0,0,0,0,0,1,1,2,1,21,5,649,1,1,5,1,5
2016051601321,1,9,0,18,0,6,0,0,0,0,1,1,6,2,70,10,998,1,8,5,1,5
2016051601321,2,9,0,18,0,8,0,0,7,0,4,1,6,2,59,9,1360,1,14,2,1,2
2016051601322,1,9,0,18,0,1,0,0,0,0,1,1,6,2,29,6,1997,2,1,1,1,1
2016051601323,1,9,0,6,0,0,0,0,0,0,1,1,6,1,-1,-1,1995,2,4,3,1,3
2016051601323,2,3,0,18,0,0,0,0,0,0,1,1,2,1,35,6,125,1,2,1,1,1
2016051601324,1,3,0,18,0,8,0,0,0,0,1,1,6,1,26,6,-1,-1,-1,5,1,5
2016051601324,2,9,0,9,0,8,0,0,0,0,1,1,6,1,50,8,1299,1,14,1,1,1
2016051601325,1,9,0,18,0,1,0,0,0,0,1,1,6,2,28,6,1200,1,2,-1,-1,-1
2016051601326,1,9,0,1,0,1,0,0,0,0,2,1,6,1,45,7,3200,2,13,7,1,7
2016051601326,2,22,0,18,0,1,0,0,0,0,4,1,6,1,79,11,-1,-1,-1,1,1,1
2016051601330,1,1,0,18,0,6,0,0,0,0,3,1,2,1,51,8,-1,-1,-1,3,1,3
2016051601330,2,9,0,18,0,3,0,0,0,0,1,1,1,1,28,6,1685,2,4,2,1,2
2016051601333,1,9,0,9,0,8,0,0,1,0,4,1,6,1,61,9,2143,2,1,7,3,7
2016051601333,2,1,0,7,0,8,0,0,0,0,3,1,6,1,46,8,-1,-1,-1,6,1,6
2016051601335,1,9,0,18,0,0,0,0,0,0,1,1,6,2,33,6,1388,1,4,7,1,7
2016051601338,1,9,0,11,0,1,0,0,0,0,1,1,2,1,31,6,1998,1,12,4,1,4
2016051601338,2,9,0,3,0,1,0,0,1,4,2,1,6,1,33,6,-1,-1,-1,2,1,2
2016051601338,3,9,0,3,0,1,0,0,0,0,2,1,2,1,57,9,1997,2,8,1,1,1
2016051601340,1,9,0,18,0,0,0,0,0,0,4,1,6,1,82,11,998,1,14,10,1,10
2016051601342,1,9,0,18,0,0,0,0,0,0,1,1,6,3,-1,-1,-1,-1,-1,-1,-1,-1
2016051601342,2,9,0,2,0,0,0,0,0,0,1,1,6,3,-1,-1,-1,-1,-1,-1,-1,-1
2016051601344,1,11,0,5,0,1,0,0,0,0,1,1,1,1,39,7,-1,-1,-1,5,1,5
2016051601344,2,9,0,3,0,1,0,0,0,0,2,1,1,2,33,6,1560,2,1,-1,-1,-1
2016051601345,1,97,0,18,0,0,1,0,0,0,2,1,6,3,-1,-1,-1,-1,-1,-1,-1,-1
2016051601345,2,9,0,18,0,0,0,0,0,0,2,1,6,2,27,6,998,1,13,1,1,1
2016051601347,1,1,0,15,0,1,0,0,0,0,3,1,6,1,19,4,-1,-1,-1,2,1,2
2016051601347,2,8,0,7,0,5,0,0,0,0,4,1,1,1,54,8,1896,2,12,1,1,1
2016051601349,1,5,0,18,0,1,0,0,0,0,3,1,6,2,40,7,649,1,-1,1,1,1
2016051601349,2,5,0,18,0,1,0,0,0,0,4,1,6,1,42,7,649,1,-1,9,1,9
2016051601350,1,8,0,18,0,0,0,0,0,0,3,1,1,1,48,8,1560,2,4,3,1,3
2016051601351,1,1,0,18,0,0,0,0,0,0,1,1,6,3,-1,-1,-1,-1,-1,-1,-1,-1
2016051601351,2,1,0,18,0,0,0,0,0,0,2,1,2,2,39,7,-1,-1,-1,9,1,9
2016051601352,1,20,0,7,0,5,0,0,0,0,1,1,6,3,-1,-1,-1,-1,-1,-1,-1,-1
2016051601352,2,1,0,18,0,1,0,0,0,0,1,1,6,1,29,6,-1,-1,-1,2,1,2
2016051601353,1,9,0,1,0,0,0,4,0,0,1,1,6,1,76,11,1199,1,13,5,1,5
2016051601353,2,9,0,2,0,0,0,0,0,0,3,1,6,3,-1,-1,1299,1,16,-1,-1,-1
2016051601354,1,9,0,9,0,8,0,0,0,0,3,1,6,1,84,11,2967,2,1,8,2,8
2016051601354,2,9,0,18,0,8,0,0,0,0,1,1,6,1,48,8,1422,2,8,10,1,10
2016051601355,1,9,0,18,0,8,0,0,0,0,1,1,6,2,79,11,1198,1,9,10,1,10
2016051601355,2,3,0,7,0,8,0,0,0,0,4,1,6,1,17,4,124,1,1,10,1,10
2016051601358,1,19,0,9,0,8,0,0,0,0,1,1,6,1,24,5,2143,2,5,9,1,9
2016051601358,2,9,0,18,0,8,0,0,0,0,1,1,6,1,37,7,1598,1,5,3,1,3
2016051601359,1,9,0,5,0,0,0,0,0,0,0,1,1,1,32,6,1582,2,3,1,1,1
2016051601360,1,9,0,11,0,1,0,0,0,0,4,1,6,1,52,8,1951,2,11,1,1,1
2016051601360,2,3,0,11,0,1,0,0,0,0,3,1,1,1,22,5,124,1,-1,7,1,7
2016051601361,1,9,0,18,0,0,0,0,0,0,1,1,6,3,-1,-1,-1,-1,-1,-1,-1,-1
2016051601361,2,1,0,18,0,0,0,0,0,0,2,1,6,1,66,10,-1,-1,-1,1,1,1
2016051601362,1,9,0,18,0,0,0,0,0,0,3,1,6,3,-1,-1,-1,-1,-1,-1,-1,-1
2016051601362,2,3,0,18,0,0,0,4,0,0,1,1,6,1,18,4,-1,-1,-1,1,1,1
2016051601362,3,8,0,2,0,0,0,0,0,0,2,1,1,1,60,9,1399,1,7,6,1,6
2016051601363,1,1,0,18,0,1,0,0,0,0,1,1,6,1,45,7,-1,-1,-1,-1,-1,-1
2016051601363,2,9,0,5,0,8,0,0,0,0,2,1,6,1,27,6,998,1,1,7,1,7
2016051601366,1,9,0,5,0,1,0,0,3,0,3,1,6,1,31,6,-1,-1,-1,1,1,1
2016051601366,2,9,0,2,0,1,0,4,0,0,4,1,6,2,47,8,1339,1,10,3,1,3
2016051601370,1,1,0,18,0,8,0,0,0,0,3,1,6,1,16,4,-1,-1,-1,3,1,3
2016051601370,2,8,0,18,0,2,0,0,0,0,1,1,1,1,26,6,1896,2,9,1,1,1
2016051601371,1,9,0,18,0,0,0,0,0,0,4,1,6,1,54,8,1896,2,8,1,1,1
2016051601372,1,1,0,18,0,0,0,0,0,0,1,1,2,1,40,7,-1,-1,-1,1,1,1
2016051601372,2,9,0,3,0,0,0,0,0,0,4,1,2,2,27,6,1686,2,4,1,1,1
2016051601374,1,9,0,18,0,4,0,0,0,0,1,1,1,2,41,7,1995,2,1,8,2,8
2016051601374,2,1,0,18,0,3,0,0,0,0,4,1,6,1,52,8,-1,-1,-1,7,1,7
2016051601376,1,11,0,5,0,0,0,0,0,0,4,1,1,1,60,9,6700,2,7,3,1,3
2016051601377,1,9,0,4,0,1,0,0,0,0,3,1,6,1,48,8,7043,1,31,1,1,1
2016051601379,1,9,0,18,0,0,1,0,0,0,0,1,2,1,47,8,-1,-1,-1,8,1,8
2016051601379,2,19,0,18,0,0,0,0,0,0,0,1,6,1,38,7,-1,-1,-1,2,1,2
2016051601381,1,9,0,4,0,8,0,0,0,0,1,1,6,1,86,11,-1,-1,-1,1,1,1
2016051601381,2,1,0,5,0,8,0,0,0,0,4,1,6,1,11,3,-1,-1,-1,1,1,1
2016051601383,1,9,0,18,0,6,0,0,0,0,3,1,6,1,31,6,1598,1,9,2,1,2
2016051601383,2,9,0,7,0,6,0,0,0,0,3,1,6,2,71,10,1560,2,2,10,1,10
2016051601384,1,9,0,12,0,0,0,0,0,0,3,1,6,2,28,6,1398,1,6,5,1,5
2016051601384,2,9,0,18,0,0,0,0,0,0,4,1,6,1,50,8,1685,2,4,5,1,5
2016051601385,1,9,0,18,0,0,0,0,0,0,3,1,6,2,38,7,1796,1,6,2,1,2
2016051601386,1,3,0,17,0,0,0,0,1,5,1,1,6,2,22,5,125,1,1,7,1,7
2016051601387,1,9,0,18,0,6,0,0,0,0,1,1,6,1,44,7,1986,2,9,2,1,2
2016051601387,2,9,0,18,0,8,0,0,1,7,3,1,6,2,27,6,1242,1,8,1,1,1
2016051601389,1,9,0,3,0,0,0,0,0,0,4,1,6,3,-1,-1,-1,-1,-1,-1,-1,-1
2016051601389,2,1,0,18,0,0,1,8,1,0,3,1,6,1,55,8,-1,-1,-1,3,1,3
2016051601390,1,9,0,18,0,8,0,0,0,0,3,1,6,2,27,6,1242,1,6,1,1,1
2016051601390,2,9,0,18,0,8,0,0,0,0,1,1,6,2,22,5,1242,1,1,1,1,1
2016051601393,1,9,0,18,0,0,0,0,0,0,1,2,6,3,-1,-1,-1,-1,-1,-1,-1,-1
2016051601394,1,9,0,18,0,1,0,0,0,0,1,1,6,1,-1,-1,-1,-1,-1,-1,-1,-1
2016051601394,2,9,0,18,0,2,0,0,0,0,0,1,1,1,39,7,1582,2,2,1,1,1
2016051601395,1,9,0,18,0,1,0,0,0,0,1,1,6,1,42,7,-1,-1,-1,3,1,3
2016051601395,2,19,0,18,0,1,0,0,0,0,0,1,6,1,31,6,2198,2,5,2,1,2
2016051601396,1,9,0,7,0,6,0,0,0,0,0,1,3,2,26,6,1598,2,5,4,1,4
2016051601396,2,4,0,16,0,1,0,0,0,0,0,1,2,2,46,8,487,1,13,8,1,8
2016051601397,1,11,0,9,0,6,0,0,0,0,3,1,1,1,50,8,6696,2,1,3,1,3
2016051601397,2,9,0,18,0,1,0,0,0,0,1,1,6,2,52,8,1364,1,7,3,1,3
2016051601398,1,9,0,18,0,0,5,4,0,0,1,1,6,2,56,9,998,1,1,5,1,5
2016051601398,2,9,0,2,0,0,0,0,0,0,2,1,6,3,-1,-1,1999,2,-1,-1,-1,-1
2016051601398,3,9,0,2,0,0,0,0,0,0,1,1,6,3,-1,-1,1398,2,3,-1,-1,-1
2016051601399,1,9,0,7,0,3,0,0,0,0,1,1,6,2,55,8,1598,2,3,2,1,2
2016051601399,2,9,0,18,0,3,0,0,0,0,4,1,6,2,53,8,3222,2,12,-1,-1,-1
2016051601400,1,9,0,9,0,1,0,0,0,0,1,1,6,1,56,9,1796,1,1,1,1,1
2016051601401,1,9,0,18,0,8,0,0,0,0,4,1,6,1,26,6,1242,1,1,5,2,5
2016051601401,2,9,0,18,0,6,0,0,0,0,1,1,6,2,48,8,1461,2,2,1,1,1
2016051601402,1,9,0,9,0,1,0,0,0,0,1,1,6,2,24,5,1149,1,10,2,1,2
2016051601402,2,9,0,10,0,1,0,0,0,0,2,1,6,1,24,5,1685,2,1,1,1,1
2016051601403,1,19,0,18,0,0,0,0,0,0,0,1,1,1,47,8,2143,2,3,3,1,3
2016051601403,2,19,0,4,0,0,0,0,0,0,2,1,1,1,47,8,2198,2,-1,2,1,2
2016051601403,3,9,0,4,0,0,0,0,0,0,2,1,6,2,31,6,1229,1,7,5,1,5
2016051601403,4,9,0,18,0,0,0,0,0,0,2,1,2,2,27,6,1398,2,3,4,1,4
2016051601404,1,9,0,18,0,0,0,4,0,0,1,1,6,1,67,10,998,1,3,8,1,8
2016051601404,2,11,0,2,0,0,0,0,0,0,2,1,6,1,48,8,9200,2,5,3,1,3
2016051601405,1,9,0,3,0,0,0,0,0,0,1,1,1,1,31,6,1582,2,4,-1,-1,-1
2016051601405,2,9,0,18,0,0,0,0,0,0,1,1,6,3,-1,-1,-1,-1,-1,-1,-1,-1
2016051601406,1,9,0,13,0,0,0,0,0,0,1,1,6,3,-1,-1,-1,-1,-1,-1,-1,-1
2016051601406,2,1,0,18,0,0,1,0,0,0,2,1,6,1,15,3,-1,-1,-1,3,1,3
2016051601412,1,9,0,5,0,0,0,0,0,0,1,1,6,2,38,7,998,1,3,8,1,8
2016051601412,2,1,0,18,0,0,0,0,0,0,1,1,6,1,55,8,-1,-1,-1,5,1,5
2016051601415,1,9,0,9,0,8,0,0,0,0,0,1,6,2,61,9,1560,2,1,5,3,5
2016051601415,2,1,0,18,0,8,0,11,5,10,1,1,2,1,49,8,-1,-1,-1,2,1,2
2016051601417,1,9,0,18,0,2,0,0,0,0,1,1,6,1,26,6,1995,2,7,2,1,2
2016051601418,1,9,0,9,0,1,0,0,0,0,1,1,6,1,31,6,1796,1,8,9,1,9
2016051601418,2,9,0,18,0,1,0,0,0,0,1,1,6,1,85,11,1248,1,5,9,1,9
2016051601419,1,1,0,18,0,8,0,0,0,0,4,1,2,1,30,6,-1,-1,-1,1,1,1
2016051601419,2,9,0,18,0,4,0,0,0,0,1,1,6,2,37,7,1242,1,1,7,1,7
2016051601420,1,11,0,4,0,6,0,0,0,0,0,2,1,1,59,9,2143,2,4,5,1,5
2016051601422,1,19,0,7,0,3,0,0,0,0,1,1,1,1,33,6,2148,2,11,1,1,1
2016051601422,2,19,0,7,0,3,0,0,0,0,2,1,1,1,63,9,2143,2,1,9,2,9
2016051601423,1,1,0,18,0,1,0,0,0,0,3,1,4,1,13,3,-1,-1,-1,7,1,7
2016051601423,2,9,0,18,0,1,1,0,0,0,1,1,2,1,43,7,1995,2,1,9,1,9
2016051601424,1,9,0,18,0,0,0,10,1,5,4,1,6,2,55,8,1341,1,12,8,1,8
2016051601425,1,9,0,5,0,8,0,0,0,0,1,1,6,1,60,9,1598,1,10,1,1,1
2016051601425,2,9,0,18,0,1,0,0,0,0,4,1,6,2,50,8,1197,1,2,5,1,5
2016051601430,1,9,0,18,0,3,1,0,0,0,1,1,2,2,23,5,1242,1,2,5,1,5
2016051601430,2,19,0,18,0,4,0,0,0,0,3,1,6,1,-1,-1,-1,-1,-1,-1,-1,-1
2016051601431,1,9,0,1,0,0,0,0,0,0,2,1,6,1,32,6,1242,1,10,2,1,2
2016051601432,1,9,0,18,0,0,0,0,0,0,4,1,6,2,35,6,1968,2,1,-1,-1,-1
2016051601433,1,9,0,7,0,1,0,0,0,0,4,1,6,1,32,6,2143,2,1,5,1,5
2016051601434,1,9,0,18,0,0,0,0,0,0,1,1,2,1,53,8,1995,2,1,9,1,9
2016051601434,2,9,0,18,0,0,0,0,5,6,2,1,2,2,59,9,1598,1,2,2,1,2
2016051601434,3,9,0,18,0,0,1,0,0,0,1,1,2,1,51,8,1388,1,12,6,1,6
2016051601435,1,9,0,18,0,1,0,0,7,11,1,1,6,2,20,4,1229,1,10,4,1,4
2016051601435,2,9,0,18,0,2,0,0,1,11,3,1,6,1,66,10,1242,1,5,2,1,2
2016051601437,1,11,0,18,0,0,0,0,0,0,4,1,1,1,39,7,6700,2,7,8,1,8
2016051601438,1,9,0,9,0,6,0,0,0,0,1,1,6,1,27,6,1753,2,10,9,1,9
2016051601438,2,9,0,18,0,1,0,0,0,0,1,1,6,1,31,6,2143,2,-1,9,1,9
2016051601439,1,9,0,9,0,8,0,0,0,0,1,1,1,2,30,6,1798,1,6,-1,-1,-1
2016051601439,2,19,0,18,0,1,0,0,0,0,3,1,6,3,-1,-1,-1,-1,-1,-1,-1,-1
2016051601440,1,9,0,18,0,1,0,0,0,0,1,1,1,3,-1,-1,2148,2,8,-1,-1,-1
2016051601440,2,9,0,4,0,1,0,0,0,0,2,1,6,1,29,6,1984,1,15,2,1,2
2016051601440,3,9,0,4,0,1,0,0,0,0,2,1,6,1,51,8,1997,2,6,9,1,9
2016051601441,1,9,0,1,0,0,0,0,0,0,2,1,6,2,39,7,1461,2,1,4,1,4
2016051601442,1,9,0,7,0,8,1,10,0,0,1,1,6,1,36,7,-1,-1,-1,4,1,4
2016051601444,1,9,0,7,0,1,0,0,0,0,4,1,1,2,43,7,1896,2,10,9,1,9
2016051601444,2,1,0,18,0,1,0,0,0,0,1,1,1,1,24,5,-1,-1,-1,-1,-1,-1
2016051601445,1,9,0,9,0,1,0,0,0,0,1,1,6,2,28,6,1753,2,9,4,1,4
2016051601445,2,9,0,18,0,8,1,0,1,2,4,1,6,2,23,5,1399,1,-1,9,1,9
2016051601446,1,9,0,3,0,1,0,0,0,0,4,1,6,2,35,6,1591,1,6,4,1,4
2016051601446,2,1,0,18,0,1,0,4,0,0,1,1,6,1,22,5,-1,-1,-1,1,1,1
2016051601447,1,9,0,9,0,8,0,0,1,0,3,1,6,3,-1,-1,1390,1,7,-1,-1,-1
2016051601447,2,21,0,18,0,8,1,0,7,11,1,1,1,1,42,7,3920,2,3,2,1,2
2016051601449,1,8,0,5,0,1,0,0,0,0,1,1,1,1,40,7,1753,2,8,1,1,1
2016051601449,2,9,0,3,0,1,0,0,0,0,2,1,6,1,33,6,1956,2,5,7,1,7
2016051601450,1,9,0,18,0,1,0,0,0,0,1,1,6,1,44,7,1461,2,5,1,1,1
2016051601450,2,9,0,7,0,1,0,0,0,0,1,1,6,2,42,7,-1,-1,-1,1,1,1
2016051601452,1,9,0,18,0,1,0,0,0,0,1,1,6,1,44,7,1498,1,9,1,1,1
2016051601452,2,9,0,18,0,1,0,0,0,0,2,1,6,1,47,8,1956,2,6,1,1,1
2016051601452,3,9,0,9,0,2,0,0,0,0,0,1,6,3,-1,-1,-1,-1,-1,-1,-1,-1
2016051601453,1,9,0,18,0,8,0,0,7,11,1,1,6,1,81,11,1685,2,1,6,1,6
2016051601464,1,9,0,13,0,1,0,0,0,0,4,1,2,1,39,7,1796,1,14,2,1,2
2016051601464,2,21,0,3,0,1,0,0,0,0,3,1,6,3,-1,-1,-1,-1,-1,-1,-1,-1
2016051601465,1,9,0,18,0,0,0,0,0,0,0,1,6,3,-1,-1,-1,-1,-1,-1,-1,-1
2016051601465,2,9,0,18,0,0,0,0,1,7,1,1,6,1,18,4,1242,1,12,1,1,1
2016051601466,1,19,0,18,0,0,0,0,0,0,0,1,1,1,34,6,2198,2,4,-1,-1,-1
2016051601466,2,9,0,18,0,0,0,0,0,0,1,1,6,3,-1,-1,-1,-1,-1,-1,-1,-1
2016051601466,3,9,0,18,0,0,0,0,0,0,3,1,6,1,56,9,1560,2,5,4,1,4
2016051601467,1,9,0,9,0,8,0,0,0,0,0,1,6,3,-1,-1,-1,-1,-1,-1,-1,-1
2016051601467,2,3,0,18,0,1,1,0,0,0,0,1,6,1,36,7,125,1,2,1,1,1
2016051601468,1,9,0,9,0,2,0,0,0,0,0,1,1,2,55,8,1598,1,-1,10,1,10
2016051601468,2,4,0,18,0,1,0,10,0,0,0,1,4,1,32,6,124,1,14,2,1,2
2016051601469,1,9,0,18,0,1,0,0,0,0,0,1,1,1,54,8,2993,2,3,-1,-1,-1
2016051601469,2,9,0,18,0,1,0,0,0,0,0,1,1,1,36,7,2993,2,4,-1,-1,-1
2016051601469,3,9,0,18,0,1,0,0,0,0,0,1,1,1,22,5,1582,2,4,1,1,1
2016051601469,4,9,0,4,0,1,0,0,0,0,0,1,1,1,32,6,1582,2,3,-1,-1,-1
2016051601469,5,9,0,18,0,8,0,0,4,1,1,1,6,1,27,6,-1,-1,-1,4,1,4
2016051601469,6,8,0,18,0,8,0,0,0,0,1,1,1,1,63,9,2499,2,8,1,1,1
2016051601471,1,9,0,18,0,8,0,0,0,0,1,1,6,1,47,8,1299,1,10,8,1,8
2016051601471,2,9,0,18,0,8,1,4,0,0,3,1,6,2,48,8,1390,1,3,6,1,6
2016051601471,3,19,0,3,0,1,0,0,0,0,3,1,1,1,20,4,1753,2,3,1,1,1
2016051601472,1,9,0,18,0,0,0,4,0,0,4,1,6,3,-1,-1,-1,-1,-1,-1,-1,-1
2016051601472,2,9,0,2,0,0,0,0,0,0,3,1,6,3,-1,-1,-1,-1,-1,-1,-1,-1
2016051601473,1,9,0,9,0,1,0,0,0,0,1,1,6,1,33,6,1242,1,10,1,1,1
2016051601473,2,1,0,10,0,1,0,0,0,0,1,1,6,1,43,7,-1,-1,-1,1,1,1
2016051601474,1,9,0,9,0,8,0,0,0,0,0,1,6,1,57,9,1769,1,10,5,1,5
2016051601474,2,9,0,18,0,8,0,0,0,0,3,1,2,1,20,4,998,1,9,1,1,1
2016051601477,1,19,0,18,0,0,0,0,0,0,1,1,6,1,21,5,-1,-1,-1,1,1,1
2016051601477,2,9,0,18,0,0,0,0,0,0,2,1,1,1,47,8,2993,2,2,-1,-1,-1
2016051601484,1,9,0,9,0,1,0,0,0,0,4,1,6,2,40,7,998,1,6,2,1,2
2016051601487,1,9,0,6,0,8,0,0,0,0,4,1,2,1,39,7,1798,1,10,6,1,6
2016051601487,2,9,0,5,0,6,0,0,0,0,1,1,2,2,49,8,1242,1,10,7,1,7
2016051601489,1,4,0,18,0,1,1,0,0,0,1,1,6,1,42,7,249,1,27,1,1,1
2016051601490,1,9,0,9,0,1,0,0,0,0,1,1,6,3,-1,-1,-1,-1,-1,-1,-1,-1
2016051601490,2,1,0,7,0,1,0,0,0,0,1,1,6,1,47,8,-1,-1,-1,4,1,4
2016051601491,1,9,0,18,0,1,0,0,4,0,1,1,1,1,46,8,-1,-1,-1,8,1,8
2016051601491,2,5,0,18,0,8,0,0,1,1,3,1,6,1,59,9,1043,1,1,3,1,3
2016051601494,1,11,0,18,0,0,0,0,0,0,0,1,1,1,51,8,-1,-1,-1,9,1,9
2016051601496,1,9,0,18,0,2,0,0,0,0,4,1,6,3,-1,-1,-1,-1,-1,-1,-1,-1
2016051601497,1,9,0,9,0,8,0,0,0,0,4,1,6,1,66,10,1596,1,14,1,1,1
2016051601497,2,9,0,18,0,1,0,0,0,0,1,1,6,1,33,6,1364,1,10,1,1,1
2016051601500,1,1,0,18,0,0,0,0,0,0,1,1,6,1,37,7,-1,-1,-1,2,3,2
2016051601500,2,9,0,5,0,0,0,0,0,0,1,2,3,1,66,10,1796,1,11,1,1,1
2016051601501,1,9,0,3,0,0,0,0,0,0,4,1,6,1,74,10,1587,1,23,1,1,1
2016051601502,1,9,0,18,0,0,0,0,0,0,1,1,1,1,39,7,2993,2,3,-1,-1,-1
2016051601502,2,9,0,5,0,0,0,4,1,11,3,1,6,1,18,4,1985,1,18,1,1,1
2016051601502,3,19,0,2,0,0,0,4,0,0,4,1,6,3,-1,-1,1461,2,1,-1,-1,-1
2016051601502,4,21,0,2,0,0,0,0,0,0,4,1,6,3,-1,-1,6692,2,5,-1,-1,-1
2016051601502,5,19,0,2,0,0,0,0,0,0,4,1,6,3,-1,-1,1560,2,2,-1,-1,-1
2016051601503,1,4,0,18,0,0,1,0,0,0,0,1,6,1,21,5,398,1,22,1,1,1
2016051601503,2,19,0,3,0,0,0,0,1,0,0,1,6,1,28,6,2402,2,6,1,1,1