Accident_Index,Vehicle_Reference,Vehicle_Type,Towing_and_Articulation,Vehicle_Manoeuvre,Vehicle_Location-Restricted_Lane,Junction_Location,Skidding_and_Overturning,Hit_Object_in_Carriageway,Vehicle_Leaving_Carriageway,Hit_Object_off_Carriageway,1st_Point_of_Impact,Was_Vehicle_Left_Hand_Drive?,Journey_Purpose_of_Driver,Sex_of_Driver,Age_of_Driver,Age_Band_of_Driver,Engine_Capacity_(CC),Propulsion_Code,Age_of_Vehicle,Driver_IMD_Decile,Driver_Home_Area_Type,Vehicle_IMD_Decile
2016051601753,1,19,0,18,0,0,0,0,1,2,1,1,1,1,22,5,1598,2,1,5,1,5
2016051601755,1,19,0,9,0,2,1,0,1,2,1,1,1,1,54,8,2198,2,4,1,1,1
2016051601756,1,9,0,4,0,8,0,0,0,0,1,1,6,1,84,11,3498,1,11,8,1,8
2016051601757,1,9,0,4,0,1,1,0,0,0,1,2,6,2,32,6,1896,2,10,3,1,3
2016051601757,2,9,0,4,0,1,0,0,0,0,3,2,1,2,34,6,1798,1,8,3,1,3
2016051601758,1,9,4,9,0,6,0,0,0,0,3,1,1,1,41,7,2953,2,12,2,1,2
2016051601758,2,5,0,18,0,8,0,0,0,0,1,1,2,1,50,8,779,1,6,1,1,1
2016051601760,1,9,0,17,0,0,0,0,0,0,4,1,2,1,54,8,1598,1,5,5,1,5
2016051601761,1,9,0,1,0,1,0,0,0,0,2,1,1,1,31,6,1997,2,1,2,1,2
2016051601762,1,9,0,18,0,4,1,9,1,4,1,1,6,1,36,7,998,1,6,4,1,4
2016051601762,2,9,0,18,0,4,0,0,0,0,0,1,1,1,29,6,1984,2,1,-1,-1,-1
2016051601763,1,9,0,18,0,0,0,0,0,0,1,1,6,1,46,8,1493,2,5,4,1,4
2016051601763,2,9,0,2,0,0,0,0,0,0,2,1,6,3,-1,-1,1149,1,1,-1,-1,-1
2016051601765,1,9,0,18,0,0,0,0,0,0,1,1,6,1,74,10,1951,2,11,3,1,3
2016051601765,2,9,0,18,0,0,0,0,0,0,2,1,6,2,45,7,1598,1,6,3,1,3
2016051601765,3,9,0,18,0,0,0,0,0,0,2,1,6,1,47,8,2143,2,2,7,1,7
2016051601765,4,8,0,6,0,0,0,0,0,0,0,1,2,1,25,5,1560,2,5,1,1,1
2016051601766,1,9,0,18,0,0,0,0,0,0,1,1,6,2,43,7,999,1,-1,6,3,6
2016051601766,2,9,0,18,0,0,0,0,0,0,1,1,6,2,36,7,1149,1,12,6,1,6
2016051601766,3,9,0,18,0,0,0,0,0,0,1,1,6,1,53,8,1968,2,8,4,1,4
2016051601767,1,9,0,18,0,0,1,0,0,0,1,1,1,1,31,6,1497,1,15,-1,-1,-1
2016051601767,2,9,0,3,0,0,0,0,0,0,2,1,6,2,50,8,1799,1,8,-1,-1,-1
2016051601768,1,9,0,18,0,8,0,0,0,0,4,1,6,1,35,6,1995,2,8,4,1,4
2016051601768,2,9,0,18,0,8,0,0,0,0,1,1,6,2,55,8,998,1,6,4,1,4
2016051601770,1,9,0,5,0,5,0,0,0,0,3,1,6,1,46,8,1461,2,2,4,1,4
2016051601770,2,9,0,14,0,1,0,0,0,0,1,1,6,1,29,6,2231,2,8,1,1,1
2016051601771,1,9,0,18,0,1,0,0,0,0,1,1,6,3,-1,-1,1598,1,9,-1,-1,-1
2016051601771,2,1,0,18,0,8,0,0,0,0,4,1,6,1,60,9,-1,-1,-1,7,1,7
2016051601772,1,3,0,13,0,0,0,0,0,0,0,1,6,3,-1,-1,-1,-1,-1,-1,-1,-1
2016051601772,2,3,0,16,0,0,1,10,7,0,0,1,6,1,17,4,124,1,4,1,1,1
2016051601773,1,5,0,18,0,1,0,0,3,11,1,1,6,1,44,7,990,1,27,1,1,1
2016051601777,1,9,0,18,0,0,0,0,0,0,1,1,6,1,-1,-1,-1,-1,-1,-1,-1,-1
2016051601778,1,9,0,18,0,8,0,0,7,11,1,1,6,1,42,7,1360,1,17,2,1,2
2016051601778,2,19,0,18,0,8,0,0,0,0,3,1,1,1,59,9,1560,2,9,7,1,7
2016051601780,1,9,0,18,0,1,0,0,0,0,1,1,6,2,66,10,1798,1,9,10,1,10
2016051601780,2,9,0,18,0,1,0,0,1,0,1,1,6,2,39,7,1360,1,15,5,1,5
2016051601781,1,4,0,18,0,8,0,0,0,0,1,1,6,1,50,8,124,1,5,1,1,1
2016051601781,2,9,0,10,0,8,0,0,0,0,2,1,6,2,34,6,998,1,1,1,1,1
2016051601782,1,9,0,18,0,1,0,0,0,0,1,1,6,1,33,6,2993,2,1,8,1,8
2016051601782,2,9,0,4,0,1,0,0,0,0,2,1,6,2,27,6,1587,1,13,1,1,1
2016051601782,3,19,0,3,0,1,0,0,0,0,2,1,2,1,57,9,2198,2,9,4,1,4
2016051601782,4,9,0,10,0,1,0,0,0,0,2,1,2,1,51,8,1956,2,2,1,1,1
2016051601783,1,9,0,18,0,1,0,0,0,0,1,1,6,2,39,7,1598,1,3,5,1,5
2016051601783,2,9,0,18,0,1,0,0,0,0,2,1,6,2,37,7,998,1,3,4,1,4
2016051601783,3,9,0,18,0,1,0,0,0,0,0,1,6,2,43,7,1242,1,1,1,1,1
2016051601784,1,19,0,18,0,4,0,0,3,0,3,1,6,1,50,8,1753,2,9,2,1,2
2016051601784,2,1,0,18,0,4,0,0,0,0,1,1,2,2,65,9,-1,-1,-1,5,1,5
2016051601785,1,8,0,9,0,8,0,0,0,0,1,1,1,1,47,8,2499,2,9,4,1,4
2016051601785,2,8,0,18,0,8,0,0,0,0,1,1,1,1,37,7,2499,2,4,1,1,1
2016051601786,1,9,0,5,0,1,0,0,0,0,3,1,6,3,-1,-1,-1,-1,-1,-1,-1,-1
2016051601786,2,9,0,4,0,6,0,0,0,0,3,1,1,1,45,7,-1,-1,-1,-1,-1,-1
2016051601786,3,19,0,3,0,1,0,0,0,0,3,1,1,1,33,6,-1,-1,-1,3,1,3
2016051601789,1,9,0,7,0,3,0,0,0,0,1,1,2,2,-1,-1,1396,1,14,1,1,1
2016051601790,1,9,0,3,0,1,0,0,0,0,4,1,6,1,48,8,-1,-1,-1,3,1,3
2016051601790,2,3,0,12,0,1,0,0,0,0,1,1,6,1,30,6,-1,-1,-1,1,1,1
2016051601790,3,9,0,18,0,1,0,0,0,0,0,1,6,3,-1,-1,-1,-1,-1,-1,-1,-1
2016051601793,1,9,0,2,0,2,0,0,0,0,3,1,6,2,55,8,1956,2,3,1,1,1
2016051601793,2,4,0,7,0,5,1,0,1,0,1,1,6,1,76,11,385,1,14,7,1,7
2016051601794,1,9,0,18,0,1,2,0,0,0,1,1,2,1,21,5,1229,1,8,5,1,5
2016051601794,2,9,0,10,0,1,0,0,0,0,2,1,6,2,69,10,1339,1,9,6,1,6
2016051601795,1,9,0,6,0,1,0,0,0,0,3,1,6,1,22,5,1197,1,2,-1,1,-1
2016051601795,2,9,0,15,0,1,0,0,0,0,1,1,1,1,47,8,1910,2,9,1,1,1
2016051601796,1,9,0,18,0,0,0,0,0,0,1,1,6,1,29,6,1560,2,2,4,1,4
2016051601796,2,9,0,18,0,0,0,0,0,0,3,1,6,1,42,7,1598,2,5,10,1,10
2016051601797,1,9,0,5,0,6,1,0,7,1,4,1,6,1,28,6,1997,2,11,1,1,1
2016051601797,2,8,0,18,0,1,0,0,0,0,1,1,1,1,49,8,2664,2,18,1,1,1
2016051601799,1,9,0,9,0,8,0,0,0,0,1,1,6,2,26,6,1149,1,14,1,1,1
2016051601799,2,9,0,18,0,8,0,0,1,11,3,1,6,1,51,8,1753,2,13,3,1,3
2016051601802,1,9,0,14,0,1,0,11,7,1,1,1,6,1,65,9,1199,1,13,3,1,3
2016051601804,1,9,0,9,0,5,0,0,7,0,4,1,6,1,45,7,3199,1,13,3,1,3
2016051601804,2,9,0,18,0,8,0,0,0,0,1,1,6,2,36,7,1598,1,9,1,1,1
2016051601805,1,21,1,18,0,8,0,0,0,0,1,1,1,1,62,9,10837,2,1,8,1,8
2016051601805,2,9,0,18,0,8,0,0,0,0,3,1,6,1,67,10,1997,2,1,10,1,10
2016051601806,1,9,0,5,0,1,0,0,0,0,3,1,6,1,28,6,1198,1,3,1,1,1
2016051601806,2,9,0,18,0,1,0,0,0,0,4,1,2,1,54,8,2401,2,11,5,1,5
2016051601807,1,9,0,7,0,1,0,0,0,0,1,1,6,3,-1,-1,-1,-1,-1,-1,-1,-1
2016051601807,2,9,0,7,0,1,0,0,0,0,3,1,6,1,37,7,-1,-1,-1,1,1,1
2016051601808,1,9,0,18,0,1,0,0,1,11,3,1,6,2,48,8,998,1,2,7,1,7
2016051601808,2,9,0,18,0,1,0,0,0,0,1,1,6,1,57,9,1242,1,4,3,1,3
2016051601809,1,9,0,9,0,8,0,0,0,0,1,1,6,2,19,4,1399,2,7,3,1,3
2016051601809,2,9,0,18,0,8,0,0,1,2,1,1,6,2,39,7,2996,1,-1,5,1,5
2016051601810,1,90,0,4,0,0,1,0,0,0,1,1,1,1,26,6,-1,2,10,2,1,2
2016051601810,2,9,0,4,0,0,0,0,0,0,2,1,6,2,22,5,1598,1,5,9,1,9
2016051601810,3,9,0,4,0,0,0,0,0,0,2,1,6,1,61,9,3628,2,9,9,1,9
2016051601811,1,9,0,18,0,1,0,0,0,0,0,1,1,1,36,7,2993,2,4,2,1,2
2016051601811,2,19,0,18,0,1,0,0,0,0,2,1,1,1,53,8,2198,2,3,9,1,9
2016051601811,3,21,4,18,0,1,1,0,0,0,1,1,1,1,36,7,-1,2,1,5,1,5
2016051601812,1,9,0,18,0,0,5,4,0,0,4,1,6,1,47,8,1994,1,16,10,1,10
2016051601812,2,9,0,2,0,0,0,0,0,0,2,1,6,2,45,7,899,1,17,2,1,2
2016051601812,3,9,0,2,0,0,0,0,0,0,3,1,6,2,56,9,1998,2,9,-1,-1,-1
2016051601813,1,9,0,18,0,0,0,0,7,2,1,1,6,2,70,10,1799,1,7,9,1,9
2016051601814,1,9,0,18,0,0,0,0,0,0,1,1,2,2,33,6,1587,1,13,1,1,1
2016051601816,1,8,0,18,0,2,0,0,0,0,1,1,1,1,33,6,1997,2,9,1,1,1
2016051601816,2,1,0,18,0,6,0,0,0,0,4,1,6,1,15,3,-1,-1,-1,1,1,1
2016051601818,1,9,0,5,0,4,0,0,0,0,3,1,6,1,70,10,1386,1,13,9,2,9
2016051601818,2,1,0,5,0,3,0,0,0,0,4,1,6,1,58,9,-1,-1,-1,2,1,2
2016051601819,1,9,0,18,0,1,0,0,0,0,0,1,1,1,27,6,2993,2,5,-1,-1,-1
2016051601819,2,9,0,18,0,1,0,0,0,0,1,1,6,1,25,5,1999,1,13,1,1,1
2016051601819,3,90,0,18,0,8,0,0,0,0,4,1,1,1,43,7,2148,2,7,1,1,1
2016051601820,1,9,0,18,0,0,0,0,0,0,4,1,6,2,55,8,1560,2,-1,2,1,2
2016051601820,2,11,0,18,0,0,0,0,0,0,3,1,1,1,55,8,6700,2,7,6,1,6
2016051601821,1,9,0,18,0,0,0,0,1,11,1,1,6,1,44,7,-1,-1,-1,1,1,1
2016051601821,2,9,0,2,0,0,0,0,0,0,1,1,6,3,-1,-1,1388,1,13,-1,-1,-1
2016051601821,3,9,0,2,0,0,0,0,0,0,2,1,6,3,-1,-1,1995,2,9,-1,-1,-1
2016051601823,1,9,0,7,0,1,0,0,0,0,1,1,6,1,58,9,-1,-1,-1,3,1,3
2016051601828,1,1,0,18,0,1,0,0,0,0,3,1,6,1,39,7,-1,-1,-1,1,1,1
2016051601828,2,9,0,18,0,1,0,0,0,0,1,1,6,1,35,6,1596,1,12,2,1,2
2016051601829,1,9,0,18,0,1,0,4,0,0,1,1,6,2,50,8,1461,2,4,1,1,1
2016051601829,2,11,0,10,0,1,0,0,0,0,1,1,1,1,61,9,2700,2,7,7,1,7
2016051601831,1,9,0,9,0,8,0,11,0,0,4,1,6,1,55,8,1248,1,6,1,1,1
2016051601831,2,3,0,18,0,1,1,11,0,0,1,1,6,1,17,4,-1,-1,-1,6,1,6
2016051601831,3,9,0,18,0,1,0,11,0,0,1,1,2,2,35,6,1229,1,2,1,1,1
2016051601833,1,9,0,13,0,0,1,0,0,0,3,1,6,3,-1,-1,-1,-1,-1,-1,-1,-1
2016051601833,2,9,0,18,0,0,0,0,0,0,4,1,6,2,18,4,-1,-1,-1,7,1,7
2016051601834,1,9,0,4,0,0,0,0,0,0,4,1,6,2,24,5,1598,2,-1,5,1,5
2016051601835,1,9,0,18,0,0,0,0,0,0,4,1,2,1,39,7,1240,1,13,6,1,6
2016051601843,1,9,0,18,0,0,0,10,1,0,1,1,6,2,17,4,1598,2,-1,1,1,1
2016051601845,1,9,0,18,0,1,1,0,0,0,1,1,6,1,33,6,1596,1,14,1,1,1
2016051601845,2,9,0,3,0,1,0,0,0,0,2,1,6,1,34,6,1997,2,9,-1,-1,-1
2016051601850,1,9,0,18,0,0,0,4,0,0,1,1,6,1,35,6,1422,2,12,1,1,1
2016051601850,2,9,0,2,0,0,0,0,0,0,2,1,6,2,45,7,1229,1,10,3,1,3
2016051601851,1,9,0,18,0,4,0,0,0,0,1,1,6,1,53,8,1796,1,6,6,2,6
2016051601851,2,9,0,9,0,3,5,0,0,0,4,1,6,1,17,4,1248,2,8,9,1,9
2016051601852,1,9,0,9,0,5,0,0,0,0,0,1,6,1,36,7,2179,2,8,5,1,5
2016051601852,2,9,0,18,0,8,0,4,1,10,1,1,6,2,23,5,1388,1,7,4,1,4
2016051601852,3,9,0,2,0,1,0,0,0,0,2,1,6,1,46,8,1896,2,14,1,1,1
2016051601853,1,9,0,5,0,0,0,0,0,0,0,1,6,1,73,10,1968,2,1,5,1,5
2016051601855,1,9,0,18,0,8,0,0,0,0,1,1,6,1,24,5,1497,1,12,2,1,2
2016051601855,2,9,0,18,0,8,0,0,0,0,1,1,1,1,21,5,999,1,-1,4,1,4
2016051601856,1,9,0,18,0,0,0,0,0,0,1,1,6,2,-1,-1,998,1,1,9,2,9
2016051601856,2,1,0,18,0,0,0,0,0,0,2,1,4,1,11,3,-1,-1,-1,8,1,8
2016051601857,1,9,0,7,0,1,0,0,0,0,1,1,6,1,22,5,1910,2,11,9,1,9
2016051601857,2,9,0,8,0,1,0,0,0,0,2,1,6,1,31,6,1461,2,7,4,1,4
2016051601857,3,9,0,8,0,1,0,0,0,0,2,1,2,2,49,8,2993,2,7,2,1,2
2016051601858,1,9,0,17,0,1,0,0,0,0,4,1,2,2,31,6,1360,1,11,1,1,1
2016051601858,2,3,0,18,0,8,0,0,0,0,1,1,2,2,22,5,124,1,1,1,1,1
2016051601859,1,9,0,18,0,0,0,4,0,0,1,1,6,1,32,6,1398,2,13,1,1,1
2016051601859,2,9,0,2,0,0,1,4,0,0,2,1,6,1,67,10,1769,1,14,2,1,2
2016051601859,3,9,0,2,0,0,0,0,0,0,2,1,6,3,-1,-1,1796,1,10,-1,-1,-1
2016051601859,4,9,0,2,0,0,0,0,0,0,1,1,6,3,-1,-1,2499,2,15,-1,-1,-1
2016051601861,1,19,0,6,0,0,0,0,0,0,3,1,2,1,60,9,1753,2,6,3,1,3
2016051601861,2,8,0,18,0,0,0,0,0,0,1,1,1,1,37,7,1753,2,9,3,1,3
2016051601863,1,1,0,18,0,0,0,0,0,0,3,1,6,1,47,8,-1,-1,-1,1,1,1
2016051601863,2,9,0,16,0,0,0,0,0,0,4,1,6,2,25,5,998,1,15,1,1,1
2016051601864,1,3,0,13,0,8,1,0,0,0,1,1,6,1,25,5,124,1,7,6,1,6
2016051601864,2,9,0,9,0,5,0,0,0,0,2,1,6,2,38,7,1598,1,9,1,1,1
2016051601865,1,5,0,12,0,6,1,11,5,6,3,1,2,1,37,7,689,1,-1,1,1,1
2016051601866,1,5,0,18,0,1,1,0,0,0,1,1,6,1,24,5,645,1,7,1,1,1
2016051601866,2,9,0,9,0,1,0,0,0,0,1,1,2,2,46,8,1590,1,21,1,1,1
2016051601867,1,9,0,9,0,8,0,0,0,0,1,1,1,2,43,7,1587,1,13,5,1,5
2016051601867,2,9,0,18,0,8,0,0,0,0,1,1,6,2,62,9,1299,1,10,5,2,5
2016051601874,1,9,0,7,0,8,0,0,0,0,4,1,6,3,-1,-1,-1,-1,-1,-1,-1,-1
2016051601874,2,1,0,17,0,1,0,0,0,0,3,1,2,1,37,7,-1,-1,-1,1,1,1
2016051601876,1,19,0,3,0,1,0,0,0,0,1,1,6,1,36,7,-1,-1,-1,4,1,4
2016051601876,2,11,0,3,0,1,0,0,0,0,2,1,1,1,59,9,-1,-1,-1,2,1,2
2016051601877,1,9,0,7,0,5,0,0,0,0,4,1,2,1,55,8,1984,1,9,1,1,1
2016051601877,2,1,0,18,0,1,0,0,0,0,1,1,2,1,52,8,-1,-1,-1,2,1,2
2016051601879,1,9,0,18,0,6,0,0,0,0,1,1,6,2,60,9,998,1,4,5,1,5
2016051601879,2,1,0,5,0,6,0,0,0,0,4,1,6,1,11,3,-1,-1,-1,1,1,1
2016051601880,1,9,0,4,0,1,0,0,0,0,1,1,6,3,-1,-1,-1,-1,-1,-1,-1,-1
2016051601880,2,9,0,3,0,1,0,0,0,0,2,1,6,1,64,9,1560,2,3,1,1,1
2016051601881,1,9,0,18,0,1,0,0,0,0,4,1,6,1,45,7,1199,1,12,4,1,4
2016051601881,2,9,0,18,0,6,0,0,0,0,1,1,6,1,48,8,1560,2,3,1,1,1
2016051601882,1,9,0,18,0,0,0,0,0,0,4,1,6,3,-1,-1,-1,-1,-1,-1,-1,-1
2016051601883,1,1,0,18,0,6,0,0,6,0,1,1,6,1,13,3,-1,-1,-1,1,1,1
2016051601883,2,9,0,18,0,2,0,0,0,0,1,1,6,2,50,8,1968,2,11,1,1,1
2016051601884,1,9,0,18,0,0,0,0,0,0,1,1,6,2,22,5,1797,8,4,1,1,1
2016051601884,2,9,0,18,0,0,0,0,0,0,2,1,6,1,56,9,1242,1,3,1,1,1
2016051601885,1,9,0,18,0,1,0,0,7,11,1,1,6,1,47,8,1364,1,5,3,1,3
2016051601885,2,9,0,5,0,6,0,0,1,11,1,1,6,2,66,10,1997,2,15,6,1,6
2016051601886,1,9,0,9,0,6,0,0,0,0,1,1,6,2,41,7,1364,1,8,5,1,5
2016051601886,2,5,0,13,0,8,0,0,7,0,4,1,2,1,55,8,1050,1,9,5,1,5
2016051601887,1,1,0,18,0,6,0,0,0,0,4,1,6,1,15,3,-1,-1,-1,1,1,1
2016051601887,2,9,0,18,0,2,0,0,0,0,1,1,1,1,58,9,1896,2,7,2,1,2
2016051601888,1,9,0,11,0,1,0,0,0,0,4,1,6,1,33,6,-1,-1,-1,1,1,1
2016051601888,2,1,0,18,0,6,0,0,0,0,3,1,2,2,30,6,-1,-1,-1,2,1,2
2016051601889,1,9,0,7,0,6,0,0,0,0,1,1,6,1,84,11,1587,1,14,7,1,7
2016051601889,2,1,0,18,0,1,0,0,0,0,4,1,6,2,20,4,-1,-1,-1,9,1,9
2016051601890,1,1,0,14,0,0,0,0,0,0,1,1,4,1,18,4,-1,-1,-1,8,1,8
2016051601890,2,9,0,2,0,0,0,0,0,0,0,1,6,1,52,8,1461,2,1,2,1,2
2016051601891,1,9,0,18,0,8,0,0,0,0,1,1,6,1,29,6,999,1,-1,1,1,1
2016051601891,2,90,0,9,0,8,0,0,0,0,1,1,6,3,-1,-1,-1,-1,-1,-1,-1,-1
2016051601892,1,9,0,18,0,6,0,0,0,0,1,1,6,1,62,9,1596,1,2,5,1,5
2016051601892,2,9,0,18,0,8,0,0,0,0,3,1,6,2,57,9,999,1,25,5,1,5
2016051601893,1,9,0,16,0,1,0,0,0,0,1,1,6,2,18,4,999,1,4,3,1,3
2016051601893,2,9,0,4,0,1,0,0,0,0,2,1,1,1,29,6,1388,1,10,5,1,5
2016051601894,1,9,0,18,0,0,0,0,0,0,1,1,6,1,42,7,1598,1,9,1,1,1
2016051601895,1,9,0,5,0,0,0,0,0,0,1,1,6,1,20,4,1590,1,17,6,1,6
2016051601895,2,9,0,18,0,0,0,0,0,0,0,1,6,1,66,10,-1,-1,-1,9,1,9
2016051601896,1,9,0,18,0,0,0,0,0,0,1,1,3,2,34,6,1560,2,11,1,1,1
2016051601896,2,1,0,18,0,0,0,0,0,0,1,1,6,1,46,8,-1,-1,-1,1,1,1
2016051601897,1,9,0,18,0,0,0,4,0,0,1,1,2,1,40,7,1969,2,-1,4,1,4
2016051601897,2,9,0,2,0,0,0,0,0,0,2,1,6,3,-1,-1,1997,2,6,-1,-1,-1
2016051601898,1,9,0,18,0,1,0,0,0,0,1,1,2,1,26,6,-1,-1,-1,3,1,3
2016051601898,2,1,0,9,0,1,0,0,0,0,3,1,2,1,43,7,-1,-1,-1,1,1,1
2016051601899,1,9,0,3,0,0,0,0,0,0,0,1,6,2,43,7,1198,1,3,2,1,2
2016051601900,1,9,0,18,0,0,0,4,0,0,1,1,6,2,61,9,1598,1,8,6,1,6
2016051601900,2,9,0,2,0,0,0,0,0,0,2,1,6,1,67,10,1398,1,3,3,1,3
2016051601901,1,9,0,17,0,0,0,0,0,0,1,2,6,2,68,10,1242,1,6,6,1,6
2016051601901,2,9,0,18,0,0,0,0,0,0,3,1,6,1,42,7,1796,1,13,1,1,1
2016051601902,1,9,0,9,0,8,0,0,0,0,3,1,6,2,45,7,998,1,8,1,1,1
2016051601902,2,5,0,9,0,8,0,0,0,0,1,1,6,1,52,8,1340,1,5,1,1,1
2016051601905,1,9,0,17,0,0,0,0,1,11,1,1,6,1,26,6,1984,1,2,7,1,7
2016051601906,1,8,0,9,0,8,0,0,0,0,1,1,1,3,-1,-1,-1,-1,-1,-1,-1,-1
2016051601906,2,1,0,18,0,8,0,0,0,0,1,1,6,1,39,7,-1,-1,-1,1,1,1
2016051601907,1,9,0,18,0,0,1,0,5,6,1,1,6,2,28,6,1242,1,12,3,1,3
2016051601907,2,9,0,18,0,0,2,0,0,0,2,1,1,1,43,7,-1,-1,-1,4,1,4
2016051601908,1,9,0,13,0,1,0,0,0,0,3,1,6,2,40,7,-1,-1,-1,2,1,2
2016051601908,2,9,0,18,0,1,0,0,0,0,3,1,6,2,20,4,-1,-1,-1,1,1,1
2016051601910,1,9,0,18,0,0,0,0,0,0,1,1,6,1,79,11,-1,-1,-1,3,1,3
2016051601910,2,9,0,18,0,0,0,0,0,0,2,2,6,2,27,6,1560,2,6,4,1,4
2016051601913,1,9,0,18,0,0,0,0,0,0,1,1,6,1,-1,-1,-1,-1,-1,-1,-1,-1
2016051601913,2,9,0,18,0,0,0,0,0,0,2,1,6,1,50,8,-1,-1,-1,5,1,5
2016051601915,1,9,0,9,0,2,0,0,0,0,0,1,6,3,-1,-1,-1,-1,-1,-1,-1,-1
2016051601915,2,3,0,18,0,1,0,0,0,0,3,1,2,1,37,7,-1,-1,-1,2,1,2
2016051601916,1,19,0,7,0,5,0,0,0,0,4,1,6,3,-1,-1,-1,-1,-1,-1,-1,-1
2016051601917,1,9,0,18,0,0,1,0,1,4,4,1,6,1,35,6,1995,2,13,3,1,3
2016051601918,1,3,0,4,0,1,0,0,0,0,0,1,6,2,24,5,125,1,3,1,1,1
2016051601921,1,9,0,18,0,0,0,0,0,0,1,1,6,1,22,5,2487,2,17,1,1,1
2016051601921,2,9,0,18,0,0,0,0,0,0,1,1,6,1,21,5,998,1,1,6,1,6
2016051601922,1,9,0,18,0,8,1,0,7,11,1,1,6,3,-1,-1,-1,-1,-1,-1,-1,-1
2016051601922,2,9,0,18,0,8,1,0,0,0,3,1,6,1,62,9,1995,2,15,1,1,1
2016051601923,1,9,0,9,0,8,0,0,0,0,1,1,6,2,39,7,1598,1,9,2,1,2
2016051601923,2,9,0,18,0,8,0,0,1,7,1,1,6,1,73,10,999,1,-1,4,1,4
2016051601924,1,9,0,9,0,6,0,0,0,0,4,1,6,3,-1,-1,-1,-1,-1,-1,-1,-1
2016051601924,2,1,0,18,0,8,0,0,0,0,1,1,6,1,47,8,-1,-1,-1,6,1,6
2016051601925,1,9,0,9,0,6,0,0,0,0,1,1,1,1,40,7,1149,1,3,1,1,1
2016051601925,2,9,0,18,0,8,0,0,7,7,1,1,6,2,40,7,1587,1,9,7,1,7
2016051601928,1,9,0,18,0,1,0,0,0,0,1,1,6,1,73,10,2179,2,4,3,1,3
2016051601928,2,9,0,3,0,1,0,0,1,11,2,1,6,1,31,6,1242,1,8,3,1,3
2016051601930,1,9,0,18,0,0,0,4,0,0,1,1,6,1,67,10,1598,1,13,5,1,5
2016051601930,2,9,0,2,0,0,0,0,0,0,2,1,6,3,-1,-1,1950,2,-1,-1,-1,-1
2016051601930,3,9,0,2,0,0,0,0,0,0,2,1,6,3,-1,-1,1968,2,2,-1,-1,-1
2016051601930,4,9,0,2,0,0,0,0,0,0,2,1,6,3,-1,-1,1995,2,2,-1,-1,-1
2016051601931,1,9,0,18,0,8,0,0,0,0,1,1,6,2,20,4,1246,1,8,1,1,1
2016051601931,2,9,0,18,0,8,0,0,0,0,1,1,6,2,39,7,1299,1,15,2,1,2
2016051601932,1,9,0,9,0,8,0,0,0,0,1,1,6,2,24,5,1198,1,1,7,1,7
2016051601932,2,3,0,18,0,1,0,0,0,0,1,1,6,1,67,10,125,1,-1,1,1,1
2016051601935,1,11,0,18,0,0,0,0,0,0,0,1,1,1,24,5,-1,-1,-1,1,1,1
2016051601937,1,9,0,16,0,8,0,0,0,0,1,1,1,1,29,6,-1,-1,-1,1,1,1
2016051601937,2,9,0,17,0,8,0,0,0,0,3,1,6,2,38,7,1796,1,9,7,1,7
2016051601939,1,9,0,1,0,0,0,0,0,0,4,1,6,2,17,4,1200,1,-1,5,1,5
2016051601940,1,9,0,2,0,0,0,0,0,0,3,1,6,3,-1,-1,1995,2,-1,-1,-1,-1
2016051601940,2,8,0,17,0,0,0,0,0,0,4,1,2,1,43,7,-1,-1,-1,2,1,2
2016051601941,1,9,0,6,0,0,0,0,0,0,1,1,6,1,41,7,1896,2,10,5,1,5
2016051601941,2,19,0,18,0,0,0,0,0,0,1,1,6,1,36,7,1968,2,6,7,1,7
2016051601942,1,20,0,5,0,0,0,0,0,0,1,1,1,1,41,7,-1,-1,-1,7,1,7
2016051601942,2,8,0,3,0,0,0,0,1,0,2,1,1,1,43,7,1560,2,7,2,1,2
2016051601943,1,9,0,18,0,0,0,0,0,0,1,1,6,2,69,10,1242,1,4,3,1,3
2016051601944,1,9,0,18,0,0,0,0,0,0,0,1,1,1,35,6,2993,2,4,-1,-1,-1
2016051601944,2,9,0,18,0,0,1,0,8,11,1,1,6,3,-1,-1,-1,-1,-1,-1,-1,-1
2016051601945,1,9,0,17,0,1,0,11,0,0,1,1,6,3,-1,-1,-1,-1,-1,-1,-1,-1
2016051601948,1,9,0,13,0,0,2,7,5,6,1,1,6,1,32,6,1364,1,6,1,1,1
2016051601950,1,9,0,18,0,0,1,0,0,0,1,1,2,2,31,6,1396,1,14,3,1,3
2016051601954,1,9,0,18,0,0,0,0,0,0,4,1,2,2,29,6,1395,1,1,3,1,3
2016051601955,1,9,0,18,0,2,0,0,1,4,1,1,1,1,43,7,1582,2,2,-1,-1,-1
2016051601956,1,1,0,9,0,8,0,0,0,0,4,1,6,1,45,7,-1,-1,-1,1,1,1
2016051601956,2,9,0,18,0,8,0,0,0,0,1,1,6,1,36,7,3628,2,10,1,1,1
2016051601959,1,9,0,18,0,0,0,0,0,0,2,1,6,1,26,6,2000,1,15,7,1,7
2016051601961,1,9,0,4,0,1,0,0,0,0,1,2,6,2,43,7,1242,1,13,6,1,6
2016051601961,2,9,0,4,0,1,0,0,0,0,2,2,6,2,38,7,1149,1,5,3,1,3
2016051601962,1,9,0,18,0,1,0,0,0,0,1,1,6,2,58,9,1598,1,15,3,1,3