Accident_Index,Vehicle_Reference,Vehicle_Type,Towing_and_Articulation,Vehicle_Manoeuvre,Vehicle_Location-Restricted_Lane,Junction_Location,Skidding_and_Overturning,Hit_Object_in_Carriageway,Vehicle_Leaving_Carriageway,Hit_Object_off_Carriageway,1st_Point_of_Impact,Was_Vehicle_Left_Hand_Drive?,Journey_Purpose_of_Driver,Sex_of_Driver,Age_of_Driver,Age_Band_of_Driver,Engine_Capacity_(CC),Propulsion_Code,Age_of_Vehicle,Driver_IMD_Decile,Driver_Home_Area_Type,Vehicle_IMD_Decile
2016051601962,2,9,0,4,0,1,0,0,0,0,2,1,1,1,54,8,1896,2,9,4,1,4
2016051601962,3,9,0,10,0,1,0,0,0,0,2,1,2,2,27,6,1560,2,2,2,1,2
2016051601963,1,9,0,18,0,0,0,0,0,0,1,1,6,1,25,5,1229,1,7,6,1,6
2016051601966,1,9,0,12,0,0,1,0,1,0,2,1,6,2,46,8,1991,2,9,3,1,3
2016051601966,2,9,0,17,0,0,1,0,0,0,2,1,2,1,24,5,3490,1,12,5,1,5
2016051601967,1,2,0,18,0,0,0,11,1,0,1,1,6,1,17,4,49,1,15,1,1,1
2016051601970,1,19,0,4,0,0,0,0,0,0,0,1,1,1,44,7,2198,2,2,1,1,1
2016051601972,1,9,0,9,0,7,0,0,0,0,3,1,6,1,49,8,1951,2,14,1,1,1
2016051601972,2,9,0,18,0,8,0,0,0,0,1,1,2,2,25,5,1598,1,12,1,1,1
2016051601973,1,9,0,18,0,0,0,0,0,0,1,1,6,3,-1,-1,-1,-1,-1,-1,-1,-1
2016051601973,2,1,0,18,0,0,0,0,0,0,2,1,1,1,17,4,-1,-1,-1,8,1,8
2016051601974,1,9,0,18,0,0,1,0,0,0,2,1,6,3,-1,-1,-1,-1,-1,-1,-1,-1
2016051601974,2,9,0,18,0,0,1,0,0,0,1,1,6,2,28,6,2143,2,3,10,1,10
2016051601975,1,9,0,5,0,1,0,0,0,0,1,2,6,1,84,11,1248,2,2,1,1,1
2016051601975,2,9,0,18,0,1,0,0,0,0,1,2,6,2,34,6,1685,2,3,6,1,6
2016051601977,1,8,0,7,0,8,0,0,0,0,1,1,1,1,43,7,1753,2,7,2,1,2
2016051601979,1,9,0,5,0,2,0,0,0,0,4,1,1,2,30,6,2499,1,9,2,1,2
2016051601979,2,9,0,18,0,1,0,0,0,0,1,1,1,2,23,5,1461,2,-1,7,1,7
2016051601987,1,9,0,3,0,8,0,0,0,0,2,1,6,2,23,5,-1,-1,-1,2,1,2
2016051601987,2,9,0,18,0,8,0,0,0,0,1,1,6,1,20,4,-1,-1,-1,1,1,1
2016051601988,1,9,0,18,0,3,0,0,0,0,1,2,6,3,58,9,1598,1,7,6,1,6
2016051601988,2,1,0,18,0,8,0,0,0,0,3,1,6,1,46,8,-1,-1,-1,6,1,6
2016051601989,1,3,0,16,0,1,0,0,0,0,1,1,6,1,30,6,125,1,11,2,1,2
2016051601989,2,9,0,9,0,6,0,0,0,0,3,1,6,2,56,9,1598,1,2,1,1,1
2016051601992,1,11,0,18,0,0,0,0,0,0,4,1,1,1,50,8,5900,2,10,1,1,1
2016051601993,1,19,0,18,0,0,0,0,0,0,4,1,1,1,59,9,1587,1,5,7,1,7
2016051601994,1,9,0,18,0,1,0,0,0,0,1,1,6,2,29,6,1388,1,7,1,1,1
2016051601994,2,9,0,2,0,1,0,0,0,0,2,1,6,3,-1,-1,1397,1,8,-1,-1,-1
2016051601995,1,9,0,18,0,0,0,0,0,0,1,1,6,1,38,7,996,1,2,2,1,2
2016051601995,2,9,0,18,0,0,0,0,0,0,2,1,6,1,29,6,1398,1,-1,9,1,9
2016051601996,1,9,0,5,0,1,0,0,0,0,1,1,6,2,36,7,3175,1,13,1,1,1
2016051601996,2,9,0,5,0,1,0,0,0,0,2,1,6,2,41,7,1560,2,2,1,1,1
2016051601997,1,5,0,13,0,2,0,0,0,0,4,1,6,1,74,10,798,1,4,8,1,8
2016051601997,2,9,0,18,0,2,0,0,0,0,3,1,6,2,46,8,1870,2,13,2,1,2
2016051601998,1,90,0,18,0,0,0,0,0,0,1,1,1,3,-1,-1,-1,-1,-1,-1,-1,-1
2016051601998,2,9,0,18,0,0,0,0,0,0,3,1,6,1,52,8,1390,1,11,1,1,1
2016051601999,1,3,0,18,0,0,0,0,0,0,1,1,6,1,18,4,124,1,13,8,1,8
2016051601999,2,9,0,18,0,0,0,0,0,0,1,1,6,1,32,6,1999,1,8,1,1,1
2016051602000,1,1,0,18,0,8,0,0,0,0,3,1,6,1,50,8,-1,-1,-1,1,1,1
2016051602000,2,9,0,5,0,4,0,0,0,0,1,1,6,1,29,6,1598,2,3,1,1,1
2016051602001,1,9,0,9,0,5,0,0,0,0,1,1,2,2,34,6,1124,1,11,3,1,3
2016051602001,2,9,0,18,0,1,0,0,0,0,1,1,1,1,34,6,1560,2,2,9,1,9
2016051602006,1,9,0,18,0,1,0,0,0,0,0,1,6,1,-1,-1,-1,-1,-1,-1,-1,-1
2016051602006,2,1,0,4,0,1,0,0,0,0,0,1,2,1,29,6,-1,-1,-1,1,1,1
2016051602008,1,9,0,18,0,0,0,0,0,0,1,1,6,1,21,5,1685,2,3,2,1,2
2016051602010,1,17,0,18,0,1,0,0,0,0,1,1,1,1,43,7,6788,2,1,6,3,6
2016051602010,2,9,0,18,0,1,0,0,0,0,2,1,6,2,31,6,1995,2,5,7,1,7
2016051602011,1,9,0,18,0,8,0,0,0,0,4,1,6,2,77,11,995,1,9,2,1,2
2016051602011,2,9,0,18,0,1,0,0,0,0,1,1,6,1,65,9,999,1,15,2,1,2
2016051602012,1,9,0,5,0,0,0,0,0,0,3,1,6,2,77,11,1339,1,7,9,1,9
2016051602012,2,3,0,18,0,0,0,0,0,0,1,1,6,1,23,5,124,1,2,2,1,2
2016051602013,1,9,0,18,0,0,0,0,0,0,1,1,6,1,20,4,1242,1,11,2,1,2
2016051602013,2,9,0,18,0,0,0,0,0,0,2,1,6,2,40,7,1796,1,2,1,1,1
2016051602015,1,9,0,18,0,4,0,0,0,0,3,1,6,1,44,7,1595,1,8,2,1,2
2016051602015,2,1,0,5,0,8,0,0,0,0,2,1,6,1,40,7,-1,-1,-1,1,1,1
2016051602016,1,9,0,4,0,2,0,0,0,0,1,1,6,1,25,5,1242,1,4,1,1,1
2016051602016,2,90,0,4,0,2,0,0,0,0,2,1,6,1,65,9,1968,2,1,9,3,9
2016051602017,1,9,0,18,0,0,0,0,0,0,1,1,1,1,71,10,1896,2,8,6,1,6
2016051602019,1,9,0,18,0,2,0,0,0,0,1,1,6,1,57,9,1560,2,9,6,3,6
2016051602022,1,9,0,5,0,0,0,4,0,0,1,1,6,1,-1,-1,1461,2,-1,3,1,3
2016051602022,2,9,0,2,0,0,0,0,0,0,2,1,1,3,-1,-1,-1,-1,-1,-1,-1,-1
2016051602026,1,9,0,18,0,1,1,0,1,1,3,1,6,1,44,7,-1,-1,-1,9,2,9
2016051602026,2,9,0,18,0,2,0,0,0,0,1,1,2,2,28,6,1299,1,14,2,1,2
2016051602034,1,8,0,17,0,0,0,0,1,11,4,1,6,1,29,6,1870,2,9,2,1,2
2016051602036,1,9,0,1,0,0,0,0,0,0,2,1,6,1,28,6,-1,-1,-1,3,1,3
2016051602036,2,9,0,18,0,0,0,0,0,0,3,1,3,2,52,8,1998,1,12,1,1,1
2016051602038,1,9,0,5,0,4,0,0,0,0,3,1,6,1,21,5,-1,-1,-1,1,1,1
2016051602038,2,3,0,17,0,8,0,0,0,0,1,1,2,1,23,5,124,1,3,3,1,3
2016051602040,1,9,0,18,0,0,0,0,0,0,0,1,1,1,58,9,1582,2,3,-1,-1,-1
2016051602040,2,19,0,18,0,0,0,0,0,0,3,1,6,1,17,4,-1,-1,-1,3,1,3
2016051602041,1,9,0,4,0,1,0,0,0,0,3,1,6,2,40,7,1248,2,2,2,1,2
2016051602041,2,9,0,18,0,1,0,0,0,0,1,1,6,1,47,8,1769,1,14,1,1,1
2016051602042,1,9,0,18,0,1,0,0,0,0,1,1,6,1,36,7,-1,-1,-1,1,1,1
2016051602042,2,9,0,4,0,1,0,0,0,0,2,1,6,1,26,6,1149,1,17,2,1,2
2016051602043,1,9,0,18,0,8,2,0,1,1,4,1,1,1,39,7,1582,2,2,-1,-1,-1
2016051602043,2,9,0,18,0,8,1,0,1,1,1,1,6,1,64,9,1242,1,1,8,1,8
2016051602045,1,9,0,4,0,0,0,0,0,0,4,1,6,1,42,7,1956,2,3,8,1,8
2016051602047,1,8,0,1,0,0,0,0,0,0,2,2,1,3,-1,-1,-1,-1,-1,-1,-1,-1
2016051602048,1,19,0,18,0,2,0,0,0,0,4,1,1,1,56,9,2494,2,9,9,1,9
2016051602049,1,9,0,18,0,1,0,0,0,0,1,1,6,1,22,5,1910,2,10,8,1,8
2016051602049,2,9,0,4,0,1,0,0,0,0,2,1,6,1,28,6,998,1,10,6,1,6
2016051602050,1,9,0,18,0,0,0,0,0,0,1,1,1,1,36,7,-1,-1,-1,-1,1,-1
2016051602050,2,9,0,18,0,0,0,0,0,0,2,1,1,1,22,5,1685,2,-1,1,1,1
2016051602050,3,9,0,18,0,0,0,0,0,0,2,1,6,1,51,8,2987,2,11,1,1,1
2016051602053,1,2,0,18,0,0,0,0,0,0,1,1,6,1,21,5,125,1,1,2,1,2
2016051602053,2,19,0,3,0,0,0,0,0,0,2,1,2,1,54,8,2148,2,9,1,1,1
2016051602054,1,9,0,1,0,1,0,0,0,0,2,1,6,2,78,11,1339,1,8,8,1,8
2016051602055,1,9,0,18,0,0,0,0,0,0,1,1,1,1,41,7,1753,2,7,2,1,2
2016051602055,2,9,0,4,0,0,0,0,0,0,2,1,6,1,47,8,1798,1,6,6,1,6
2016051602055,3,9,0,3,0,0,0,0,0,0,2,1,6,1,27,6,1896,2,9,8,1,8
2016051602056,1,9,0,18,0,0,5,4,0,0,1,1,6,2,19,4,1242,1,5,9,2,9
2016051602056,2,9,0,2,0,0,0,4,0,0,2,1,6,3,-1,-1,1999,1,8,-1,-1,-1
2016051602056,3,9,0,2,0,0,0,0,0,0,2,1,6,3,-1,-1,1999,1,8,-1,-1,-1
2016051602057,1,19,0,1,0,0,0,0,0,0,2,1,1,2,56,9,2143,2,1,1,1,1
2016051602059,1,8,0,5,0,0,0,0,0,0,0,1,1,1,49,8,1598,2,1,6,1,6
2016051602060,1,9,0,4,0,1,0,0,0,0,1,1,6,1,22,5,998,1,-1,1,1,1
2016051602060,2,9,0,4,0,1,0,0,0,0,2,1,6,2,25,5,1242,1,4,4,1,4
2016051602060,3,9,0,4,0,1,0,0,0,0,2,1,6,1,26,6,1984,1,10,1,1,1
2016051602060,4,9,0,4,0,1,0,0,0,0,2,1,6,1,58,9,1991,1,-1,8,1,8
2016051602061,1,9,0,18,0,1,0,0,1,2,1,1,6,2,34,6,1368,1,7,6,1,6
2016051602062,1,9,0,4,0,0,0,0,0,0,1,1,1,1,34,6,1998,2,11,7,1,7
2016051602062,2,9,0,4,0,0,0,0,0,0,2,1,1,2,29,6,1596,1,6,3,2,3
2016051602066,1,19,0,18,0,0,0,0,0,0,1,1,1,1,30,6,1995,2,4,9,1,9
2016051602066,2,9,0,3,0,0,0,0,0,0,2,1,6,2,60,9,698,1,12,3,1,3
2016051602066,3,9,0,3,0,0,0,0,0,0,1,1,6,1,50,8,1598,1,13,10,1,10
2016051602066,4,9,0,2,0,0,0,0,0,0,2,1,6,1,79,11,1596,1,14,4,1,4
2016051602067,1,19,0,18,0,4,0,0,0,0,1,1,6,3,-1,-1,-1,-1,-1,-1,-1,-1
2016051602067,2,9,0,18,0,4,0,0,0,0,2,1,6,2,45,7,1595,1,2,9,1,9
2016051602069,1,9,0,17,0,0,0,0,0,0,4,2,6,1,66,10,1796,1,12,7,1,7
2016051602069,2,1,0,18,0,0,0,0,0,0,1,1,6,2,41,7,-1,-1,-1,5,1,5
2016051602071,1,9,0,5,0,1,1,0,0,0,1,1,1,1,29,6,1582,2,4,-1,-1,-1
2016051602071,2,9,0,10,0,1,0,0,0,0,2,1,6,2,21,5,999,1,-1,1,1,1
2016051602072,1,9,0,5,0,0,0,0,0,0,0,1,1,1,31,6,-1,-1,-1,3,1,3
2016051602073,1,9,0,16,0,3,0,0,0,0,1,1,6,3,-1,-1,-1,-1,-1,-1,-1,-1
2016051602073,2,1,0,18,0,8,0,0,0,0,2,1,2,1,53,8,-1,-1,-1,1,1,1
2016051602074,1,9,0,9,0,8,0,0,0,0,1,1,6,1,27,6,1596,1,8,1,1,1
2016051602074,2,9,0,17,0,8,0,0,0,0,1,1,6,1,60,9,1299,1,12,1,1,1
2016051602075,1,9,0,4,0,0,0,0,0,0,2,1,6,2,47,8,1198,1,4,6,1,6
2016051602075,2,9,0,18,0,0,0,0,0,0,1,1,2,1,38,7,1596,1,6,10,1,10
2016051602076,1,8,0,18,0,1,0,0,0,0,4,1,1,1,47,8,1248,2,8,1,1,1
2016051602077,1,3,0,18,0,0,0,0,1,11,1,1,6,1,30,6,124,1,7,3,3,3
2016051602077,2,9,0,16,0,0,0,0,0,0,4,1,6,1,31,6,1364,1,10,5,1,5
2016051602079,1,9,0,18,0,1,0,0,0,0,4,2,6,3,-1,-1,-1,-1,-1,-1,-1,-1
2016051602080,1,5,0,16,0,8,1,0,0,0,1,1,6,1,32,6,599,1,18,2,1,2
2016051602080,2,9,0,17,0,1,0,0,0,0,3,1,6,2,27,6,1198,1,4,1,1,1
2016051602081,1,9,0,18,0,1,0,0,0,0,1,1,6,2,44,7,1124,1,13,4,1,4
2016051602082,1,9,0,13,0,1,0,0,1,11,4,1,6,1,-1,-1,-1,-1,-1,-1,-1,-1
2016051602082,2,9,0,9,0,5,0,0,0,0,3,1,1,1,52,8,1560,2,5,1,1,1
2016051602084,1,19,0,9,0,1,0,0,0,0,1,1,1,1,23,5,1598,2,1,6,1,6
2016051602084,2,9,0,18,0,1,0,0,0,0,1,1,1,1,53,8,1995,2,2,4,1,4
2016051602090,1,11,0,4,0,0,0,0,1,0,1,2,1,1,59,9,-1,-1,-1,1,1,1
2016051602091,1,4,0,5,0,2,1,0,0,0,0,1,6,1,32,6,-1,-1,-1,4,1,4
2016051602091,2,9,0,9,0,2,0,0,0,0,0,2,6,3,-1,-1,-1,-1,-1,-1,-1,-1
2016051602092,1,9,0,7,0,8,0,0,0,0,1,1,6,3,-1,-1,-1,-1,-1,-1,-1,-1
2016051602092,2,9,0,18,0,8,0,0,0,0,2,1,6,2,28,6,-1,-1,-1,3,1,3
2016051602094,1,9,0,12,0,3,1,0,0,0,4,1,6,1,21,5,998,1,14,1,1,1
2016051602094,2,9,0,18,0,3,1,0,0,0,4,1,6,2,21,5,998,1,5,2,1,2
2016051602096,1,9,0,18,0,0,0,4,1,2,1,1,6,1,27,6,-1,-1,-1,1,1,1
2016051602096,2,9,0,2,0,0,0,0,1,2,4,1,6,3,-1,-1,1598,1,7,-1,-1,-1
2016051602097,1,9,0,18,0,0,0,0,0,0,1,1,6,1,66,10,1968,2,5,8,1,8
2016051602100,1,9,0,5,0,1,0,0,0,0,1,1,6,1,57,9,1870,2,13,6,1,6
2016051602100,2,9,0,2,0,1,0,0,0,0,2,1,6,1,50,8,1685,2,-1,8,1,8
2016051602102,1,9,0,15,0,0,0,0,0,0,1,1,6,1,20,4,999,1,4,2,1,2
2016051602102,2,17,0,18,0,0,5,0,0,0,2,1,1,1,54,8,1331,2,3,1,1,1
2016051602103,1,9,0,18,0,1,0,0,0,0,4,1,1,1,28,6,1997,2,8,6,1,6
2016051602104,1,9,0,18,0,0,0,0,0,0,1,1,6,1,73,10,1796,1,17,7,1,7
2016051602110,1,9,0,18,0,0,0,0,0,0,1,1,6,3,-1,-1,-1,-1,-1,-1,-1,-1
2016051602110,2,1,0,5,0,0,0,0,0,0,1,1,6,1,11,3,-1,-1,-1,2,1,2
2016051602112,1,19,0,18,0,0,0,0,0,0,3,1,1,1,57,9,2402,2,7,1,1,1
2016051602113,1,9,0,18,0,0,0,0,0,0,4,1,6,1,48,8,1783,1,13,2,1,2
2016051602114,1,9,0,18,0,1,0,0,0,0,1,1,6,1,58,9,-1,-1,-1,1,1,1
2016051602114,2,19,0,18,0,1,0,0,1,11,1,1,1,1,30,6,1753,2,4,2,1,2
2016051602115,1,9,0,6,0,1,0,0,0,0,3,1,1,1,25,5,1753,2,6,2,1,2
2016051602115,2,9,0,18,0,1,0,0,0,0,1,1,6,1,20,4,1242,1,9,3,1,3
2016051602116,1,9,0,18,0,0,0,0,1,0,1,1,6,2,19,4,1388,1,12,4,1,4
2016051602117,1,1,0,18,0,0,0,0,0,0,3,1,6,1,23,5,-1,-1,-1,2,1,2
2016051602117,2,9,0,18,0,0,0,0,0,0,1,1,6,2,29,6,998,1,17,1,1,1
2016051602118,1,9,0,18,0,6,0,0,0,0,1,1,6,1,54,8,2184,2,7,8,1,8
2016051602118,2,11,0,18,0,8,0,0,1,2,3,1,1,1,58,9,5900,2,10,2,1,2
2016051602118,3,9,0,2,0,2,0,0,0,0,1,1,6,1,29,6,1499,2,1,1,1,1
2016051602119,1,9,0,18,0,0,0,0,0,0,0,1,1,1,42,7,1560,2,1,1,1,1
2016051602119,2,9,0,17,0,0,0,0,0,0,1,1,6,3,-1,-1,-1,-1,-1,-1,-1,-1
2016051602119,3,9,0,16,0,0,0,0,0,0,1,1,6,1,60,9,1969,2,-1,4,1,4
2016051602119,4,9,0,3,0,0,0,0,0,0,2,1,6,1,28,6,1390,1,5,6,1,6
2016051602121,1,9,0,16,0,0,0,0,0,0,1,1,2,1,21,5,1390,1,12,6,1,6
2016051602121,2,20,0,17,0,0,0,0,0,0,1,1,1,1,32,6,4580,2,7,1,1,1
2016051602122,1,9,0,18,0,1,0,0,0,0,1,1,6,1,80,11,1398,1,10,8,1,8
2016051602122,2,9,0,3,0,1,0,0,0,0,2,1,6,2,20,4,1461,2,4,7,1,7
2016051602123,1,9,0,3,0,1,0,0,0,0,1,1,6,3,-1,-1,-1,-1,-1,-1,-1,-1
2016051602123,2,9,0,3,0,1,0,0,0,0,2,1,2,1,41,7,1124,1,16,1,1,1
2016051602124,1,9,0,4,0,1,0,0,0,0,1,1,1,1,47,8,1560,2,7,1,1,1
2016051602125,1,11,0,18,0,0,0,0,0,0,4,1,1,1,31,6,6696,2,3,1,1,1
2016051602126,1,9,0,9,0,6,0,0,0,0,1,1,6,2,17,4,999,1,1,4,1,4
2016051602126,2,9,0,18,0,1,0,0,0,0,4,1,6,1,42,7,1999,1,9,3,1,3
2016051602127,1,9,0,5,0,1,0,0,0,0,3,1,1,1,34,6,1461,2,11,6,1,6
2016051602127,2,9,0,18,0,1,0,0,0,0,1,1,6,2,45,7,1753,2,9,1,1,1
2016051602131,1,19,0,1,0,6,0,0,0,0,2,1,1,1,42,7,-1,-1,-1,1,1,1
2016051602132,1,9,0,9,0,8,0,0,0,0,1,1,6,2,36,7,1598,1,9,4,1,4
2016051602133,1,9,0,2,0,1,0,0,0,0,3,1,6,1,51,8,1598,1,16,1,1,1
2016051602133,2,1,0,7,0,2,0,0,0,0,1,1,6,1,28,6,-1,-1,-1,3,1,3
2016051602136,1,9,0,13,0,0,5,10,0,0,1,1,6,1,24,5,-1,-1,-1,1,1,1
2016051602136,2,9,0,18,0,0,0,0,0,0,1,1,1,3,-1,-1,1596,1,4,-1,-1,-1
2016051602139,1,9,0,17,0,3,1,0,1,0,1,1,6,1,28,6,1995,1,10,2,1,2
2016051602141,1,9,0,5,0,1,0,0,0,0,4,1,2,1,39,7,1329,1,1,7,1,7
2016051602141,2,1,0,18,0,1,0,0,0,0,1,1,6,1,43,7,-1,-1,-1,5,1,5
2016051602142,1,9,0,18,0,0,2,0,1,6,1,1,2,2,22,5,1206,1,7,6,1,6
2016051602143,1,9,0,17,0,0,0,0,0,0,4,1,1,1,31,6,1896,2,7,1,1,1
2016051602144,1,9,0,7,0,1,0,0,0,0,1,1,6,1,33,6,1461,2,2,6,1,6
2016051602144,2,9,0,9,0,1,0,0,0,0,4,1,6,1,57,9,1956,2,3,1,1,1
2016051602146,1,1,0,18,0,1,0,0,0,0,1,1,6,1,-1,-1,-1,-1,-1,-1,-1,-1
2016051602148,1,9,0,18,0,0,0,0,0,0,1,1,6,2,63,9,1242,1,5,8,1,8
2016051602149,1,9,0,9,0,5,0,0,0,0,1,1,6,1,55,8,2290,1,12,7,1,7
2016051602149,2,9,0,18,0,8,0,0,0,0,1,1,3,2,27,6,1799,1,10,8,1,8
2016051602150,1,8,0,9,0,8,0,0,0,0,1,1,1,1,31,6,2402,2,11,3,1,3
2016051602150,2,9,0,18,0,1,0,0,0,0,1,1,6,1,46,8,1599,1,11,1,1,1
2016051602151,1,9,0,18,0,1,0,0,0,0,1,1,6,1,20,4,1984,1,5,1,1,1
2016051602151,2,9,0,9,0,1,0,0,1,4,1,1,6,1,27,6,1149,1,12,1,1,1
2016051602154,1,8,0,18,0,0,0,0,0,0,1,1,1,1,52,8,2499,2,6,1,1,1
2016051602155,1,9,0,9,0,8,0,0,0,0,4,1,6,1,27,6,1598,1,13,8,1,8
2016051602155,2,9,0,18,0,1,0,0,0,0,1,1,2,1,18,4,1368,1,4,7,1,7
2016051602157,1,9,0,18,0,1,0,0,0,0,1,1,2,1,35,6,1298,1,13,1,1,1
2016051602157,2,9,0,10,0,1,0,0,0,0,1,1,1,1,30,6,1598,1,3,4,1,4
2016051602158,1,3,0,18,0,1,0,0,0,0,1,1,6,1,19,4,124,1,1,6,1,6
2016051602158,2,9,0,3,0,1,0,0,0,0,2,1,6,1,43,7,1596,1,5,5,1,5
2016051602159,1,9,0,17,0,0,1,0,0,0,1,1,1,1,29,6,1997,2,11,4,1,4
2016051602159,2,9,0,18,0,0,0,0,1,4,1,1,6,1,51,8,-1,-1,-1,6,1,6
2016051602160,1,9,0,18,0,1,0,0,0,0,1,1,6,1,-1,-1,2987,2,9,3,1,3
2016051602160,2,19,0,18,0,1,0,0,0,0,2,1,6,1,27,6,-1,-1,-1,2,1,2
2016051602161,1,9,0,18,0,1,0,0,0,0,4,1,6,2,32,6,1242,1,6,7,1,7
2016051602161,2,9,0,18,0,1,0,0,0,0,1,1,6,1,27,6,1598,2,3,1,1,1
2016051602162,1,9,0,18,0,8,0,0,0,0,3,1,6,2,42,7,2993,2,3,6,1,6
2016051602162,2,9,0,18,0,8,0,0,0,0,1,1,6,2,24,5,1364,1,8,1,1,1
2016051602163,1,8,0,18,0,2,0,0,0,0,2,1,1,1,49,8,2402,2,12,3,1,3
2016051602163,2,9,0,18,0,2,0,0,0,0,1,1,6,1,25,5,1686,2,5,1,1,1
2016051602166,1,9,0,18,0,0,0,0,7,11,1,1,6,2,32,6,1984,1,5,9,1,9
2016051602166,2,9,0,2,0,0,0,0,0,0,3,1,6,3,-1,-1,1956,2,1,-1,-1,-1
2016051602168,1,9,0,9,0,1,0,0,0,0,4,1,6,1,59,9,2143,2,2,2,1,2
2016051602168,2,1,0,18,0,1,0,0,0,0,1,1,6,1,50,8,-1,-1,-1,9,1,9
2016051602170,1,5,0,17,0,0,0,0,1,0,1,1,6,1,29,6,1000,1,8,1,1,1
2016051602172,1,9,0,18,0,8,0,0,2,1,3,1,6,2,39,7,999,1,-1,2,1,2
2016051602172,2,9,0,18,0,8,0,0,0,0,1,1,6,1,45,7,1783,7,13,6,1,6
2016051602174,1,9,0,18,0,0,0,0,0,0,3,1,6,1,17,4,1229,1,8,7,1,7
2016051602175,1,1,0,18,0,0,0,0,0,0,3,1,6,1,17,4,-1,-1,-1,1,1,1
2016051602175,2,11,0,13,0,0,0,0,0,0,4,1,1,1,65,9,6700,2,7,2,1,2
2016051602178,1,9,0,18,0,1,0,0,0,0,4,1,6,2,67,10,1794,1,10,3,1,3
2016051602178,2,11,0,18,0,1,0,0,0,0,1,1,1,1,50,8,6871,2,7,5,1,5
2016051602181,1,9,0,18,0,0,0,0,0,0,1,1,1,2,57,9,1991,2,8,1,1,1
2016051602181,2,9,0,4,0,0,0,0,0,0,1,1,2,2,58,9,1798,8,-1,6,1,6
2016051602181,3,9,0,18,0,0,0,0,0,0,3,1,1,1,51,8,1598,1,3,1,1,1
2016051602182,1,9,0,18,0,0,5,0,0,0,1,1,6,1,-1,-1,-1,-1,-1,-1,-1,-1
2016051602182,2,9,0,5,0,0,0,0,0,0,4,1,6,1,69,10,1596,1,1,2,1,2
2016051602182,3,9,0,2,0,0,0,0,0,0,3,1,6,3,-1,-1,999,1,1,-1,-1,-1
2016051602183,1,9,0,7,0,1,0,0,0,0,1,1,2,1,59,9,1596,1,13,2,1,2
2016051602185,1,9,0,13,0,8,1,0,7,11,1,1,6,2,23,5,2720,2,10,2,1,2
2016051602185,2,9,0,9,0,8,0,0,0,0,0,1,6,1,27,6,1229,1,10,3,1,3
2016051602186,1,9,0,7,0,1,0,0,0,0,4,1,6,1,58,9,898,1,1,6,1,6
2016051602186,2,1,0,18,0,1,0,0,0,0,1,1,6,1,17,4,-1,-1,-1,1,1,1
2016051602187,1,1,0,18,0,8,0,0,0,0,1,1,6,1,34,6,-1,-1,-1,1,1,1
2016051602187,2,9,0,18,0,8,0,0,0,0,1,1,2,1,25,5,1595,2,6,2,1,2
2016051602188,1,9,0,18,0,1,0,0,0,0,0,1,1,1,34,6,1560,2,1,4,1,4
2016051602188,2,9,0,7,0,1,0,0,0,0,1,1,6,1,20,4,-1,-1,-1,1,1,1
2016051602188,3,9,0,3,0,1,0,0,0,0,3,1,1,1,24,5,-1,-1,-1,2,1,2
2016051602188,4,9,0,3,0,1,0,0,0,0,4,1,6,1,48,8,-1,-1,-1,3,1,3
2016051602189,1,9,0,18,0,1,0,0,0,0,4,1,6,3,-1,-1,-1,-1,-1,-1,-1,-1
2016051602189,2,1,0,3,0,1,0,0,0,0,3,1,6,1,48,8,-1,-1,-1,9,1,9
2016051602190,1,2,0,18,0,0,0,0,0,0,1,1,6,3,-1,-1,-1,-1,-1,-1,-1,-1
2016051602192,1,19,0,5,0,0,0,0,0,0,1,1,1,1,57,9,1995,2,5,2,1,2
2016051602194,1,9,0,18,0,0,0,0,0,0,1,1,6,2,36,7,1560,2,5,10,1,10
2016051602194,2,11,0,4,0,0,0,0,0,0,2,1,1,1,33,6,7300,2,7,-1,1,-1
2016051602195,1,9,0,18,0,1,0,0,1,0,1,1,6,2,71,10,1598,1,3,10,1,10
2016051602195,2,19,0,8,0,1,0,0,0,0,2,1,1,1,45,7,2198,2,2,5,1,5
2016051602195,3,9,0,3,0,1,0,0,0,0,4,1,6,2,48,8,-1,-1,-1,3,1,3
2016051602195,4,9,0,8,0,1,0,0,0,0,2,1,6,2,37,7,1995,2,13,8,1,8
2016051602196,1,9,0,5,0,1,0,0,7,4,1,1,2,2,18,4,998,1,10,4,1,4
2016051602196,2,1,0,5,0,1,0,0,0,0,1,1,6,1,42,7,-1,-1,-1,4,1,4
2016051602197,1,9,0,18,0,1,0,0,0,0,1,1,6,1,26,6,1686,2,11,1,1,1
2016051602198,1,9,0,18,0,0,0,0,0,0,1,1,3,1,46,8,1895,1,17,1,1,1
2016051602201,1,9,0,18,0,0,0,0,0,0,1,1,6,2,48,8,1388,1,9,2,1,2
2016051602203,1,9,0,18,0,0,0,0,0,0,4,1,6,2,81,11,1339,1,4,7,3,7
2016051602204,1,8,0,5,0,0,0,0,0,0,4,1,1,1,53,8,1560,2,4,2,1,2
2016051602208,1,9,0,2,0,0,0,0,0,0,4,1,6,3,-1,-1,-1,-1,-1,-1,-1,-1
2016051602208,2,1,0,18,0,0,0,0,0,0,1,1,6,1,56,9,-1,-1,-1,2,1,2
2016051602210,1,19,0,1,0,5,0,0,0,0,2,1,1,1,64,9,2402,2,6,1,1,1