Accident_Index,Vehicle_Reference,Vehicle_Type,Towing_and_Articulation,Vehicle_Manoeuvre,Vehicle_Location-Restricted_Lane,Junction_Location,Skidding_and_Overturning,Hit_Object_in_Carriageway,Vehicle_Leaving_Carriageway,Hit_Object_off_Carriageway,1st_Point_of_Impact,Was_Vehicle_Left_Hand_Drive?,Journey_Purpose_of_Driver,Sex_of_Driver,Age_of_Driver,Age_Band_of_Driver,Engine_Capacity_(CC),Propulsion_Code,Age_of_Vehicle,Driver_IMD_Decile,Driver_Home_Area_Type,Vehicle_IMD_Decile
2016051602902,1,9,0,10,0,1,0,0,0,0,2,1,6,2,46,8,1328,1,8,1,1,1
2016051602902,2,9,0,3,0,1,0,0,0,0,2,1,1,1,38,7,1598,2,1,2,1,2
2016051602902,3,9,0,18,0,1,0,0,0,0,1,1,6,2,57,9,1242,1,16,4,1,4
2016051602904,1,9,0,7,0,8,0,0,0,0,1,1,6,1,20,4,1598,1,13,10,1,10
2016051602904,2,22,0,18,0,8,0,0,0,0,3,1,6,2,69,10,-1,-1,-1,3,1,3
2016051602905,1,5,0,18,0,0,0,0,1,0,3,1,6,1,59,9,900,1,-1,1,1,1
2016051602905,2,20,1,11,0,0,0,0,0,0,4,1,1,1,41,7,-1,-1,-1,3,1,3
2016051602909,1,9,0,18,0,0,0,0,0,0,1,1,6,3,-1,-1,-1,-1,-1,-1,-1,-1
2016051602909,2,8,0,18,0,0,0,0,0,0,2,1,1,1,43,7,-1,-1,-1,1,1,1
2016051602911,1,9,0,9,0,1,0,0,0,0,1,1,6,1,26,6,1598,1,13,6,1,6
2016051602911,2,9,0,18,0,1,0,0,0,0,1,1,6,1,27,6,1910,2,9,1,1,1
2016051602912,1,9,0,18,0,0,0,0,0,0,1,1,6,1,34,6,1596,1,4,1,1,1
2016051602913,1,2,0,18,0,8,1,0,0,0,1,1,2,1,31,6,124,1,-1,3,1,3
2016051602913,2,9,0,9,0,8,0,0,0,0,4,1,6,1,39,7,2967,2,-1,7,2,7
2016051602915,1,1,0,18,0,1,0,0,0,0,1,1,6,1,12,3,-1,-1,-1,4,1,4
2016051602915,2,9,0,18,0,1,0,0,0,0,4,1,2,2,27,6,999,1,1,4,1,4
2016051602916,1,3,0,18,0,1,0,0,0,0,1,1,6,1,17,4,125,1,-1,2,1,2
2016051602916,2,9,0,5,0,6,0,0,0,0,3,1,6,2,50,8,1560,2,2,4,1,4
2016051602917,1,9,0,4,0,1,0,0,0,0,1,1,6,1,26,6,1461,2,10,1,1,1
2016051602917,2,9,0,4,0,1,0,0,0,0,2,1,2,2,36,7,1995,1,7,3,1,3
2016051602918,1,9,0,18,0,0,0,0,0,0,4,1,3,2,44,7,1998,1,10,1,1,1
2016051602921,1,9,0,5,0,1,0,0,0,0,4,1,6,2,39,7,1995,2,4,9,1,9
2016051602921,2,9,0,5,0,1,0,0,0,0,4,1,6,2,25,5,1229,1,9,6,1,6
2016051602923,1,9,0,18,0,1,0,0,0,0,1,1,6,2,42,7,1997,1,8,6,1,6
2016051602923,2,9,0,3,0,1,0,0,0,0,2,1,6,2,18,4,1242,1,4,8,1,8
2016051602925,1,9,0,18,0,0,0,0,0,0,1,1,3,2,33,6,1461,2,12,3,1,3
2016051602925,2,9,0,18,0,0,0,0,0,0,2,1,6,2,31,6,1598,2,3,3,1,3
2016051602934,1,5,0,4,0,1,1,0,0,0,1,1,2,1,52,8,599,1,11,1,1,1
2016051602934,2,9,0,9,0,1,0,0,0,0,2,1,2,1,21,5,1242,1,1,9,1,9
2016051602936,1,9,0,18,0,8,0,0,0,0,1,1,1,1,63,9,-1,-1,-1,8,1,8
2016051602936,2,9,0,2,0,8,0,0,0,0,2,1,6,2,61,9,1242,1,2,5,2,5
2016051602937,1,9,0,1,0,0,0,10,0,0,1,2,6,2,20,4,-1,-1,-1,7,1,7
2016051602937,2,9,0,2,0,0,0,0,0,0,4,2,6,1,74,10,-1,-1,-1,1,1,1
2016051602938,1,9,0,18,0,0,0,0,0,0,1,1,6,2,68,10,1582,2,5,9,1,9
2016051602938,2,9,0,2,0,0,0,0,0,0,1,1,6,3,-1,-1,1910,2,6,-1,-1,-1
2016051602939,1,5,0,18,0,0,0,0,0,0,3,1,6,1,57,9,739,1,40,1,1,1
2016051602940,1,9,0,18,0,0,0,0,0,0,1,1,6,2,23,5,1388,1,12,1,1,1
2016051602941,1,19,0,18,0,2,0,0,0,0,1,1,1,1,51,8,2198,2,1,3,1,3
2016051602941,2,9,0,5,0,2,0,0,0,0,3,1,1,1,40,7,1995,2,1,8,3,8
2016051602942,1,9,0,7,0,6,0,0,0,0,0,1,6,1,36,7,1995,2,3,3,1,3
2016051602942,2,3,0,18,0,1,0,0,0,0,2,1,6,1,20,4,124,1,1,7,1,7
2016051602942,3,3,0,18,0,1,0,0,0,0,1,1,6,2,21,5,125,1,5,2,1,2
2016051602942,4,8,0,18,0,1,0,0,0,0,3,1,1,1,45,7,-1,-1,-1,5,2,5
2016051602944,1,5,0,4,0,1,1,0,0,0,1,1,6,1,45,7,847,1,-1,1,1,1
2016051602945,1,9,0,18,0,8,0,0,0,0,1,1,6,2,61,9,2996,1,8,6,1,6
2016051602945,2,9,0,9,0,8,0,0,0,0,3,1,2,1,22,5,-1,-1,-1,-1,-1,-1
2016051602945,3,9,0,9,0,8,0,0,0,0,3,1,6,1,50,8,2191,2,1,5,1,5
2016051602946,1,9,0,18,0,0,0,4,0,0,1,1,1,1,18,4,1229,1,10,10,1,10
2016051602946,2,9,0,2,0,0,0,0,0,0,2,1,6,3,-1,-1,1590,1,16,-1,-1,-1
2016051602947,1,9,0,6,0,0,0,0,0,0,0,1,6,3,-1,-1,-1,-1,-1,-1,-1,-1
2016051602947,2,3,0,18,0,0,0,0,1,2,1,1,6,1,17,4,-1,-1,-1,3,1,3
2016051602948,1,9,0,17,0,1,1,10,3,11,1,1,6,1,25,5,-1,-1,-1,1,1,1
2016051602949,1,9,0,4,0,1,0,0,0,0,1,1,6,1,81,11,1149,1,15,6,1,6
2016051602949,2,1,0,18,0,1,0,0,0,0,2,1,6,2,57,9,-1,-1,-1,6,1,6
2016051602950,1,1,0,18,0,1,0,0,0,0,4,1,6,1,15,3,-1,-1,-1,-1,-1,-1
2016051602950,2,9,0,8,0,1,0,0,0,0,0,1,6,2,62,9,1396,2,1,8,1,8
2016051602952,1,9,0,9,0,8,0,0,0,0,1,1,6,1,18,4,1598,2,5,7,3,7
2016051602952,2,9,0,18,0,8,0,0,0,0,1,1,6,2,53,8,1598,1,9,1,1,1
2016051602953,1,9,0,18,0,8,0,0,0,0,1,1,6,1,-1,-1,-1,-1,-1,-1,-1,-1
2016051602953,2,1,0,18,0,8,1,0,0,0,2,1,2,1,42,7,-1,-1,-1,-1,-1,-1
2016051602954,1,9,0,9,0,8,0,0,0,0,1,1,2,1,32,6,1997,2,3,1,1,1
2016051602954,2,1,0,18,0,1,0,0,0,0,1,1,2,1,47,8,-1,-1,-1,9,1,9
2016051602955,1,9,0,18,0,8,0,0,7,7,4,1,6,2,26,6,1461,2,1,2,1,2
2016051602955,2,9,0,18,0,8,0,0,0,0,1,1,6,2,59,9,1149,1,13,6,1,6
2016051602956,1,8,0,9,0,1,0,0,0,0,4,1,6,1,60,9,-1,-1,-1,2,1,2
2016051602956,2,3,0,18,0,1,0,0,0,0,1,1,2,1,43,7,-1,-1,-1,1,1,1
2016051602961,1,9,0,18,0,8,0,0,0,0,4,1,6,3,-1,-1,-1,-1,-1,-1,-1,-1
2016051602962,1,4,0,13,0,0,0,0,0,0,4,1,6,1,23,5,249,1,10,5,2,5
2016051602962,2,9,0,3,0,0,0,0,0,0,3,1,6,1,69,10,1598,1,12,4,1,4
2016051602964,1,20,1,18,0,0,0,0,0,0,1,1,1,3,-1,-1,-1,-1,-1,-1,-1,-1
2016051602964,2,9,0,18,0,0,1,0,1,7,2,1,6,2,24,5,998,1,1,7,1,7
2016051602965,1,9,0,18,0,0,0,0,0,0,1,1,6,2,25,5,2400,2,-1,1,1,1
2016051602965,2,9,0,6,0,0,0,0,0,0,3,1,6,1,26,6,1753,2,9,2,1,2
2016051602966,1,1,0,5,0,0,0,0,0,0,1,1,6,1,7,2,-1,-1,-1,-1,-1,-1
2016051602966,2,5,0,18,0,0,0,0,0,0,1,1,2,1,35,6,599,1,8,-1,-1,-1
2016051602967,1,19,0,12,0,1,0,0,0,0,0,1,6,1,64,9,2500,2,17,2,1,2
2016051602967,2,9,0,18,0,1,0,0,4,2,1,1,6,1,22,5,1229,1,5,5,1,5
2016051602968,1,9,0,18,0,0,0,0,1,11,1,1,6,1,78,11,1242,1,6,8,1,8
2016051602968,2,19,0,18,0,0,0,0,0,0,1,1,6,1,26,6,2402,2,12,1,1,1
2016051602973,1,97,0,18,0,1,0,0,1,0,4,1,6,1,24,5,-1,-1,-1,1,1,1
2016051602974,1,11,0,15,0,0,0,0,0,0,0,1,1,1,60,9,6692,2,5,6,1,6
2016051602976,1,9,0,9,0,1,0,0,0,0,3,1,6,2,66,10,1229,1,5,1,1,1
2016051602976,2,5,0,14,0,1,1,0,0,0,1,1,2,1,47,8,750,1,8,1,1,1
2016051602978,1,9,0,7,0,1,0,0,0,0,4,1,6,2,29,6,1685,2,4,1,1,1
2016051602978,2,1,0,18,0,1,0,0,0,0,3,1,6,1,17,4,-1,-1,-1,8,1,8
2016051602980,1,9,0,18,0,0,0,0,0,0,4,1,6,1,84,11,998,1,5,8,1,8
2016051602981,1,9,0,4,0,6,0,0,0,0,4,1,6,1,58,9,1597,2,1,7,1,7
2016051602981,2,1,0,18,0,8,0,0,0,0,1,1,6,1,23,5,-1,-1,-1,9,1,9
2016051602982,1,9,0,18,0,0,0,0,0,0,4,1,6,2,41,7,1388,1,7,1,1,1
2016051602983,1,9,0,18,0,8,2,0,0,0,1,1,6,1,17,4,1998,1,21,1,1,1
2016051602983,2,8,0,5,0,8,0,0,0,0,3,1,1,1,50,8,1560,2,3,5,1,5
2016051602983,3,8,0,4,0,1,0,0,0,0,1,1,1,1,46,8,1300,2,8,2,1,2
2016051602984,1,3,0,9,0,6,0,0,1,0,1,1,6,1,17,4,-1,-1,-1,1,1,1
2016051602984,2,9,0,18,0,1,1,0,0,0,1,1,6,3,-1,-1,-1,-1,-1,-1,-1,-1
2016051602985,1,9,0,18,0,0,0,0,0,0,1,1,6,3,-1,-1,-1,-1,-1,-1,-1,-1
2016051602985,2,1,0,18,0,0,0,0,0,0,3,1,1,1,20,4,-1,-1,-1,4,1,4
2016051602986,1,9,0,11,0,1,1,0,0,0,1,2,6,1,22,5,1995,1,9,2,1,2
2016051602986,2,9,0,18,0,1,0,0,0,0,2,2,6,1,59,9,1368,1,-1,10,1,10
2016051602987,1,17,0,18,0,1,0,0,0,0,3,2,1,1,55,8,-1,-1,-1,1,1,1
2016051602988,1,9,0,7,0,1,0,0,0,0,1,1,6,2,62,9,1386,1,6,5,1,5
2016051602988,2,1,0,18,0,1,0,0,0,0,4,1,6,1,83,11,-1,-1,-1,7,1,7
2016051602989,1,19,0,18,0,0,0,0,0,0,4,1,2,3,-1,-1,-1,-1,-1,-1,-1,-1
2016051602989,2,9,0,2,0,0,0,0,0,0,4,1,6,2,27,6,1197,1,1,1,1,1
2016051602992,1,3,0,18,0,1,0,0,0,0,1,1,6,1,20,4,125,1,1,1,1,1
2016051602992,2,9,0,4,0,1,0,0,0,0,2,1,1,1,49,8,2143,2,1,8,1,8
2016051602993,1,9,0,5,0,2,0,0,0,0,1,1,6,1,31,6,1364,1,10,2,1,2
2016051602993,2,9,0,9,0,8,0,0,0,0,4,1,6,1,24,5,999,1,-1,7,1,7
2016051602994,1,9,0,18,0,4,0,0,0,0,1,1,6,1,51,8,-1,-1,-1,-1,1,-1
2016051602994,2,1,0,18,0,3,0,0,0,0,1,1,6,1,69,10,-1,-1,-1,7,1,7
2016051602995,1,1,0,9,0,1,0,0,0,0,4,1,6,1,22,5,-1,-1,-1,10,1,10
2016051602995,2,9,0,18,0,2,0,0,0,0,1,1,6,2,24,5,1242,1,3,6,1,6
2016051602995,3,9,0,9,0,1,0,0,0,0,0,1,6,1,32,6,-1,-1,-1,7,1,7
2016051602998,1,8,0,2,0,0,0,0,0,0,4,1,1,1,70,10,1753,2,8,3,1,3
2016051602999,1,9,0,4,0,0,0,0,0,0,1,1,6,1,19,4,1598,2,1,1,1,1
2016051602999,2,9,0,4,0,0,0,0,0,0,2,1,6,1,45,7,1461,2,6,1,1,1
2016051603000,1,9,0,18,0,8,0,0,0,0,1,1,6,3,-1,-1,-1,-1,-1,-1,-1,-1
2016051603006,1,9,0,18,0,0,0,0,0,0,1,1,6,1,50,8,1386,1,7,8,1,8
2016051603007,1,8,0,2,0,0,0,0,0,0,3,1,1,1,39,7,1560,2,2,2,1,2
2016051603007,2,8,0,18,0,0,0,0,0,0,1,1,1,1,29,6,1997,2,5,1,1,1
2016051603008,1,9,0,18,0,1,1,0,6,4,1,1,6,3,-1,-1,-1,-1,-1,-1,-1,-1
2016051603009,1,9,0,18,0,8,0,0,0,0,1,1,6,3,-1,-1,-1,-1,-1,-1,-1,-1
2016051603009,2,9,0,18,0,1,5,0,0,0,3,1,6,2,19,4,-1,-1,-1,1,1,1
2016051603010,1,9,0,18,0,0,0,0,0,0,1,1,6,3,-1,-1,-1,-1,-1,-1,-1,-1
2016051603010,2,9,0,18,0,0,0,0,0,0,2,1,6,1,31,6,-1,-1,-1,1,1,1
2016051603010,3,9,0,18,0,0,0,0,0,0,0,1,1,1,34,6,-1,-1,-1,4,1,4
2016051603013,1,11,0,5,0,0,0,0,0,0,0,1,6,1,51,8,-1,-1,-1,2,1,2
2016051603014,1,9,0,2,0,0,0,0,0,0,2,1,1,1,53,8,1796,1,6,3,1,3
2016051603014,2,1,0,18,0,0,0,0,0,0,1,1,6,1,69,10,-1,-1,-1,3,1,3
2016051603015,1,9,0,18,0,1,0,0,1,1,1,1,6,2,24,5,1587,1,13,1,1,1
2016051603016,1,4,0,18,0,0,0,0,0,0,1,1,6,1,53,8,125,1,9,1,1,1
2016051603018,1,9,0,9,0,1,0,0,0,0,0,1,6,1,57,9,1598,7,14,3,1,3
2016051603018,2,1,0,18,0,1,0,0,0,0,0,1,6,1,34,6,-1,-1,-1,4,1,4
2016051603023,1,9,0,1,0,1,0,0,0,0,2,1,6,3,-1,-1,-1,-1,-1,-1,-1,-1
2016051603023,2,9,0,3,0,8,0,0,0,0,1,1,6,2,26,6,1368,1,6,1,1,1
2016051603024,1,19,0,18,0,1,1,0,0,0,1,1,1,1,26,6,2143,2,4,-1,1,-1
2016051603024,2,19,0,3,0,1,0,0,0,0,2,1,1,1,35,6,1998,2,12,6,1,6
2016051603026,1,9,0,17,0,8,0,0,0,0,1,1,6,2,43,7,1596,1,13,1,1,1
2016051603026,2,9,0,3,0,8,0,0,0,0,2,1,6,1,40,7,998,1,2,6,1,6
2016051603026,3,9,0,3,0,8,0,0,0,0,2,1,6,1,26,6,1461,2,6,4,1,4
2016051603028,1,9,0,16,0,0,1,10,1,3,1,1,6,1,34,6,-1,-1,-1,1,1,1
2016051603028,2,9,0,2,0,0,0,0,0,0,4,1,6,3,-1,-1,2204,2,9,-1,-1,-1
2016051603028,3,9,0,2,0,0,0,0,0,0,2,1,6,3,-1,-1,1398,2,9,-1,-1,-1
2016051603029,1,1,0,18,0,0,0,0,0,0,4,1,2,1,22,5,-1,-1,-1,7,1,7
2016051603029,2,19,4,18,0,0,0,0,0,0,4,1,1,1,52,8,2198,2,2,3,1,3
2016051603031,1,9,0,9,0,5,0,0,0,0,4,1,6,2,42,7,1360,1,7,6,1,6
2016051603031,2,5,0,18,0,1,1,4,0,0,1,1,6,1,45,7,998,1,8,3,1,3
2016051603032,1,9,0,9,0,5,0,0,0,0,1,1,2,1,19,4,1496,2,1,3,1,3
2016051603032,2,9,0,18,0,8,0,0,0,0,1,1,2,1,33,6,1560,2,10,7,1,7
2016051603033,1,11,0,4,0,0,0,0,0,0,0,1,1,1,35,6,6696,2,1,1,1,1
2016051603034,1,9,0,9,0,6,0,0,0,0,1,1,6,1,50,8,1560,2,-1,6,1,6
2016051603035,1,9,0,9,0,8,0,0,0,0,1,1,6,1,32,6,1560,2,3,3,1,3
2016051603035,2,9,0,18,0,8,0,0,0,0,1,1,6,1,47,8,1598,1,5,-1,1,-1
2016051603036,1,19,0,18,0,0,0,0,0,0,1,1,2,1,38,7,1998,2,11,1,1,1
2016051603037,1,17,0,5,0,4,0,0,0,0,2,1,1,1,35,6,-1,-1,-1,-1,-1,-1
2016051603037,2,3,0,18,0,8,0,0,0,0,1,1,6,1,30,6,-1,-1,-1,2,1,2
2016051603038,1,9,0,9,0,8,0,0,0,0,3,1,6,1,87,11,1198,1,5,6,1,6
2016051603038,2,9,0,18,0,8,0,0,0,0,3,1,6,1,21,5,1328,1,6,10,1,10
2016051603042,1,9,0,18,0,6,0,0,0,0,4,1,6,1,46,8,1398,1,10,1,1,1
2016051603042,2,4,0,18,0,1,1,0,0,0,1,1,6,1,22,5,-1,-1,-1,2,1,2
2016051603043,1,9,0,18,0,8,0,0,0,0,4,1,6,1,50,8,-1,-1,-1,1,1,1
2016051603043,2,1,0,9,0,8,0,0,0,0,3,1,6,1,83,11,-1,-1,-1,8,1,8
2016051603046,1,9,0,18,0,8,0,0,0,0,1,1,6,3,-1,-1,-1,-1,-1,-1,-1,-1
2016051603046,2,9,0,18,0,8,0,0,1,11,3,1,6,1,67,10,-1,-1,-1,3,1,3
2016051603047,1,9,0,18,0,0,0,0,0,0,1,1,6,2,34,6,1995,1,8,4,1,4
2016051603047,2,9,0,18,0,0,0,0,0,0,2,1,6,1,44,7,1995,2,3,8,1,8
2016051603047,3,9,0,18,0,0,0,0,0,0,2,1,6,1,40,7,1596,1,7,-1,-1,-1
2016051603051,1,90,0,11,0,0,0,0,0,0,4,1,1,1,64,9,-1,3,35,-1,-1,-1
2016051603051,2,1,0,4,0,0,0,0,0,0,4,1,1,1,31,6,-1,-1,-1,4,1,4
2016051603052,1,9,0,18,0,0,0,0,0,0,1,1,6,3,-1,-1,-1,-1,-1,-1,-1,-1
2016051603052,2,1,0,18,0,0,0,0,0,0,4,1,6,1,16,4,-1,-1,-1,6,1,6
2016051603053,1,9,0,5,0,6,0,0,1,11,4,1,6,1,31,6,1598,1,16,2,1,2
2016051603053,2,9,0,18,0,1,0,0,0,0,1,1,6,2,51,8,1360,1,11,2,1,2
2016051603054,1,9,0,18,0,6,0,0,0,0,1,1,6,2,29,6,-1,-1,-1,1,1,1
2016051603055,1,9,0,12,0,1,0,0,0,0,1,1,6,2,72,10,1595,1,3,3,1,3
2016051603055,2,5,0,18,0,1,0,0,0,0,4,1,6,1,30,6,998,1,13,1,1,1
2016051603056,1,9,0,7,0,5,0,0,2,0,0,1,6,1,55,8,1560,2,9,1,1,1
2016051603057,1,9,0,18,0,1,0,0,0,0,1,1,6,3,-1,-1,698,1,10,-1,-1,-1
2016051603058,1,9,0,6,0,1,0,0,0,0,1,1,6,2,49,8,1242,1,2,1,1,1
2016051603058,2,9,0,18,0,1,0,0,0,0,1,1,6,1,24,5,1124,1,12,6,1,6
2016051603058,3,9,0,2,0,2,0,0,0,0,2,1,6,3,-1,-1,1461,2,-1,-1,-1,-1
2016051603059,1,10,0,5,0,6,0,0,0,0,1,1,1,1,51,8,2402,2,7,1,1,1
2016051603059,2,1,0,18,0,1,0,0,0,0,4,1,6,1,43,7,-1,-1,-1,3,1,3
2016051603061,1,9,0,18,0,1,0,0,0,0,3,1,6,3,-1,-1,-1,-1,-1,-1,-1,-1
2016051603061,2,3,0,18,0,1,0,0,0,0,4,1,2,1,36,7,-1,-1,-1,4,1,4
2016051603062,1,11,0,4,0,0,0,0,1,10,1,1,1,1,55,8,4250,2,4,1,1,1
2016051603062,2,8,0,4,0,0,0,0,0,0,4,1,1,1,51,8,1998,2,10,1,1,1
2016051603062,3,19,0,3,0,0,0,0,0,0,4,1,1,1,26,6,2287,2,2,1,1,1
2016051603063,1,1,0,18,0,1,0,0,0,0,3,1,6,1,19,4,-1,-1,-1,7,1,7
2016051603063,2,9,0,18,0,2,0,0,0,0,1,1,6,2,-1,-1,-1,-1,-1,-1,-1,-1
2016051603064,1,9,0,18,0,0,0,0,0,0,1,1,6,2,31,6,1195,1,18,6,1,6
2016051603064,2,9,0,2,0,0,0,0,0,0,2,1,6,3,-1,-1,1461,2,5,-1,-1,-1
2016051603065,1,19,0,5,0,0,0,0,0,0,4,1,6,3,-1,-1,-1,-1,-1,-1,-1,-1
2016051603065,2,1,0,15,0,0,0,0,0,0,4,1,2,1,34,6,-1,-1,-1,1,1,1
2016051603066,1,9,0,9,0,6,0,0,0,0,1,1,3,2,37,7,1968,2,6,10,1,10
2016051603066,2,9,0,17,0,8,0,0,0,0,4,1,6,1,72,10,1149,1,14,3,1,3
2016051603070,1,9,0,3,0,1,0,0,0,0,1,1,6,2,34,6,1248,2,7,5,1,5
2016051603070,2,2,0,3,0,1,0,0,0,0,2,1,6,1,71,10,49,1,4,4,1,4
2016051603071,1,1,0,18,0,1,0,0,0,0,1,1,6,1,42,7,-1,-1,-1,1,1,1
2016051603071,2,9,0,1,0,1,0,0,0,0,4,1,6,1,25,5,1997,2,12,7,1,7
2016051603072,1,9,0,16,0,0,0,0,2,11,1,1,6,1,22,5,1560,2,10,7,1,7
2016051603073,1,9,0,18,0,8,1,0,0,0,3,1,6,1,82,11,1984,1,11,3,1,3
2016051603073,2,9,0,18,0,1,0,0,0,0,1,1,2,2,26,6,1461,2,-1,10,1,10
2016051603074,1,9,0,7,0,4,0,0,0,0,1,1,6,2,47,8,1242,1,14,3,1,3
2016051603074,2,1,0,18,0,3,0,0,0,0,1,1,6,1,50,8,-1,-1,-1,7,1,7
2016051603075,1,1,0,18,0,0,0,0,0,0,1,1,6,3,-1,-1,-1,-1,-1,-1,-1,-1
2016051603077,1,9,0,4,0,0,0,0,0,0,4,1,6,3,-1,-1,1461,2,2,-1,-1,-1
2016051603077,2,1,0,4,0,0,0,0,0,0,4,1,6,1,40,7,-1,-1,-1,-1,-1,-1
2016051603080,1,9,0,18,0,1,0,0,0,0,1,1,6,1,46,8,1997,2,14,-1,-1,-1
2016051603081,1,9,0,13,0,0,0,0,0,0,1,1,6,1,27,6,1781,1,15,3,1,3
2016051603081,2,9,0,12,0,0,0,0,7,11,3,1,6,1,29,6,2488,1,5,6,1,6
2016051603081,3,9,0,2,0,0,0,0,3,11,2,1,6,3,-1,-1,1360,1,13,-1,-1,-1
2016051603082,1,9,0,18,0,1,0,0,0,0,1,1,6,1,21,5,1390,1,9,9,1,9
2016051603082,2,9,0,3,0,1,0,0,0,0,2,1,6,1,38,7,2143,2,-1,5,1,5
2016051603084,1,19,0,1,0,0,0,0,0,0,2,1,1,1,49,8,2148,2,10,1,1,1
2016051603085,1,9,0,18,0,8,0,0,0,0,1,1,6,1,27,6,1560,2,4,1,1,1
2016051603085,2,9,0,9,0,8,0,0,0,0,3,1,6,2,54,8,1598,1,6,9,1,9
2016051603086,1,21,1,7,0,7,2,0,4,6,1,1,1,1,60,9,12740,2,3,5,2,5
2016051603088,1,9,0,18,0,8,0,0,0,0,1,1,1,1,33,6,1582,2,4,-1,-1,-1
2016051603088,2,9,0,18,0,8,0,0,0,0,1,1,6,1,31,6,1753,2,7,1,1,1
2016051603089,1,19,0,18,0,4,0,0,0,0,1,1,6,1,26,6,1753,2,10,1,1,1
2016051603089,2,1,0,18,0,8,0,0,0,0,1,1,6,1,24,5,-1,-1,-1,6,1,6
2016051603090,1,9,0,16,0,0,0,0,0,0,1,1,6,1,66,10,2204,2,12,6,1,6
2016051603090,2,9,0,18,0,0,0,0,0,0,3,1,6,2,46,8,1598,1,7,2,1,2
2016051603091,1,9,0,7,0,1,0,0,0,0,1,1,6,2,76,11,998,1,3,6,1,6
2016051603091,2,9,0,16,0,1,0,0,0,0,3,1,6,2,34,6,1368,1,7,2,1,2
2016051603091,3,9,0,16,0,1,0,0,0,0,1,1,6,2,36,7,1149,1,15,1,1,1
2016051603092,1,1,0,18,0,8,0,0,0,0,1,1,6,2,17,4,-1,-1,-1,1,1,1
2016051603092,2,9,0,18,0,3,0,0,0,0,4,1,6,1,50,8,1560,2,3,3,1,3
2016051603093,1,9,0,18,0,6,0,0,0,0,1,1,6,1,36,7,1994,2,13,2,1,2
2016051603093,2,9,0,18,0,8,0,0,0,0,4,1,6,1,79,11,1198,1,13,8,2,8
2016051603094,1,9,0,18,0,1,0,0,0,0,1,1,6,2,53,8,1997,2,-1,6,1,6
2016051603094,2,9,0,10,0,1,0,0,0,0,2,1,6,1,51,8,1896,2,9,3,1,3
2016051603096,1,11,0,4,0,1,0,0,0,0,0,1,1,1,32,6,6692,2,5,5,1,5
2016051603097,1,9,0,9,0,6,0,0,0,0,1,1,3,2,39,7,1798,1,12,5,1,5
2016051603097,2,9,0,15,0,1,0,10,7,0,1,1,6,1,27,6,998,1,10,7,1,7
2016051603098,1,9,0,18,0,8,0,0,0,0,1,1,6,2,44,7,1598,2,-1,1,1,1
2016051603098,2,9,0,18,0,8,0,0,1,10,3,1,2,1,52,8,1229,1,8,1,1,1
2016051603099,1,9,0,7,0,1,0,0,0,0,4,1,1,1,42,7,1390,1,9,1,1,1
2016051603099,2,9,0,18,0,1,0,0,0,0,3,1,6,2,30,6,1242,1,12,1,1,1
2016051603100,1,9,0,9,0,5,0,0,0,0,1,1,6,2,77,11,1242,1,3,9,1,9
2016051603102,1,1,0,18,0,6,0,0,4,0,4,1,2,1,24,5,-1,-1,-1,1,1,1
2016051603102,2,9,0,18,0,1,0,0,0,0,1,1,2,1,28,6,1360,1,6,7,1,7
2016051603103,1,3,0,18,0,0,1,4,0,0,1,1,2,1,25,5,124,1,5,3,1,3
2016051603103,2,9,0,2,0,0,0,0,0,0,2,1,6,3,-1,-1,1997,2,6,-1,-1,-1
2016051603105,1,9,0,18,0,1,0,0,0,0,1,1,6,3,-1,-1,-1,-1,-1,-1,-1,-1
2016051603107,1,9,0,18,0,0,0,0,0,0,1,1,2,1,27,6,1560,2,6,8,1,8
2016051603108,1,9,0,9,0,6,0,0,0,0,3,1,6,2,21,5,1398,1,1,1,1,1
2016051603108,2,9,0,17,0,1,0,0,0,0,1,1,6,1,17,4,1229,1,11,9,1,9
2016051603109,1,9,0,18,0,0,0,0,0,0,2,2,6,1,18,4,1422,2,14,1,1,1
2016051603109,2,9,0,4,0,0,0,0,0,0,2,2,6,2,50,8,1364,1,11,5,1,5
2016051603110,1,9,0,18,0,0,0,0,0,0,1,1,2,1,23,5,1598,1,9,1,1,1
2016051603111,1,19,0,5,0,6,0,0,0,0,3,1,1,1,27,6,2299,2,1,5,1,5
2016051603111,2,5,0,18,0,8,0,0,0,0,1,1,6,1,59,9,1584,1,8,10,1,10
2016051603112,1,8,0,7,0,8,0,0,0,0,4,1,1,1,71,10,1988,2,12,1,1,1
2016051603112,2,1,0,7,0,8,0,0,0,0,3,1,2,1,39,7,-1,-1,-1,5,1,5
2016051603113,1,9,0,18,0,0,0,0,0,0,1,1,6,1,-1,-1,-1,-1,-1,-1,-1,-1
2016051603114,1,9,0,18,0,2,0,0,0,0,4,1,3,1,41,7,999,1,1,1,1,1
2016051603115,1,1,0,18,0,2,0,0,0,0,1,1,6,1,14,3,-1,-1,-1,1,1,1
2016051603115,2,8,0,4,0,1,0,0,0,0,3,1,1,1,29,6,1598,2,1,1,1,1
2016051603116,1,9,0,9,0,6,0,0,0,0,3,1,2,2,59,9,1368,1,8,1,1,1
2016051603116,2,5,0,18,0,1,0,0,0,0,1,1,2,1,26,6,499,1,16,9,1,9
2016051603118,1,9,0,18,0,1,0,0,0,0,1,1,1,2,39,7,1582,2,3,-1,-1,-1