Accident_Index,Vehicle_Reference,Vehicle_Type,Towing_and_Articulation,Vehicle_Manoeuvre,Vehicle_Location-Restricted_Lane,Junction_Location,Skidding_and_Overturning,Hit_Object_in_Carriageway,Vehicle_Leaving_Carriageway,Hit_Object_off_Carriageway,1st_Point_of_Impact,Was_Vehicle_Left_Hand_Drive?,Journey_Purpose_of_Driver,Sex_of_Driver,Age_of_Driver,Age_Band_of_Driver,Engine_Capacity_(CC),Propulsion_Code,Age_of_Vehicle,Driver_IMD_Decile,Driver_Home_Area_Type,Vehicle_IMD_Decile
2016051603332,1,9,0,3,0,1,0,0,0,0,1,1,6,3,-1,-1,-1,-1,-1,-1,-1,-1
2016051603332,2,9,0,8,0,6,0,0,0,0,2,1,6,2,32,6,1598,1,5,7,1,7
2016051603335,1,1,0,18,0,0,0,0,0,0,1,1,6,1,9,2,-1,-1,-1,1,1,1
2016051603335,2,9,0,18,0,0,0,0,0,0,4,1,6,2,62,9,1242,1,-1,1,1,1
2016051603336,1,1,0,18,0,0,0,0,0,0,1,1,2,2,33,6,-1,-1,-1,-1,-1,-1
2016051603342,1,9,0,18,0,8,0,0,0,0,1,1,6,1,30,6,1560,2,7,8,1,8
2016051603342,2,1,0,14,0,8,0,0,0,0,3,1,2,1,45,7,-1,-1,-1,4,1,4
2016051603344,1,9,0,12,0,0,0,0,0,0,2,1,6,1,55,8,1975,2,17,4,1,4
2016051603344,2,9,0,18,0,0,0,0,0,0,1,1,6,2,51,8,1968,2,2,4,1,4
2016051603345,1,9,0,18,0,0,0,0,0,0,1,1,6,1,50,8,1242,1,7,1,1,1
2016051603345,2,9,0,2,0,0,0,0,0,0,2,1,6,2,31,6,1796,1,12,7,1,7
2016051603346,1,9,0,5,0,8,0,0,7,10,4,1,6,1,31,6,1560,2,1,4,1,4
2016051603346,2,8,0,18,0,8,0,0,0,0,1,1,1,1,48,8,2143,2,-1,5,1,5
2016051603347,1,9,0,18,0,0,5,0,0,0,1,1,6,1,20,4,1200,1,2,8,1,8
2016051603347,2,9,0,2,0,0,0,0,0,0,1,1,6,3,-1,-1,1197,1,2,-1,-1,-1
2016051603347,3,9,0,2,0,0,0,0,0,0,1,1,6,3,-1,-1,3696,1,6,-1,-1,-1
2016051603348,1,9,0,18,0,0,0,0,0,0,1,1,6,1,72,10,1388,1,13,9,1,9
2016051603348,2,1,0,5,0,0,0,0,0,0,2,1,6,1,14,3,-1,-1,-1,2,1,2
2016051603353,1,9,0,5,0,0,0,0,0,0,0,1,6,3,-1,-1,-1,-1,-1,-1,-1,-1
2016051603353,2,9,0,13,0,0,0,0,0,0,1,1,6,2,33,6,1997,2,-1,1,1,1
2016051603353,3,9,0,3,0,0,0,0,0,0,2,1,6,2,21,5,998,1,8,4,1,4
2016051603354,1,9,0,3,0,0,0,0,0,0,1,1,6,3,-1,-1,-1,-1,-1,-1,-1,-1
2016051603355,1,97,0,18,0,0,0,0,0,0,1,1,6,1,24,5,-1,-1,-1,2,1,2
2016051603356,1,9,0,18,0,0,0,0,0,0,1,1,2,2,54,8,998,1,11,5,1,5
2016051603356,2,1,0,18,0,0,0,0,0,0,1,1,4,1,15,3,-1,-1,-1,-1,-1,-1
2016051603357,1,9,0,9,0,6,0,0,0,0,1,1,6,1,38,7,1997,1,17,7,1,7
2016051603357,2,9,0,17,0,1,0,0,0,0,4,1,6,1,87,11,998,1,8,9,1,9
2016051603358,1,9,0,18,0,0,0,0,0,0,1,1,6,2,20,4,1597,2,2,8,1,8
2016051603358,2,9,0,18,0,0,0,0,0,0,2,1,6,1,56,9,1598,1,2,3,1,3
2016051603358,3,9,0,18,0,0,0,0,0,0,2,1,6,1,72,10,1229,1,5,7,1,7
2016051603360,1,19,0,18,0,0,0,0,0,0,1,1,1,1,54,8,2198,2,1,-1,-1,-1
2016051603360,2,9,0,18,0,0,0,0,7,11,1,1,6,1,32,6,1198,1,6,1,1,1
2016051603362,1,9,0,18,0,4,0,0,0,0,1,1,6,2,-1,-1,-1,-1,-1,-1,-1,-1
2016051603362,2,1,0,18,0,3,0,0,0,0,4,1,2,1,22,5,-1,-1,-1,2,1,2
2016051603364,1,9,0,18,0,0,0,0,0,0,4,1,2,1,37,7,1968,2,3,1,1,1
2016051603365,1,1,0,18,0,8,0,0,0,0,3,1,6,1,13,3,-1,-1,-1,1,1,1
2016051603365,2,9,0,18,0,8,0,0,0,0,1,1,2,1,30,6,1956,2,1,3,1,3
2016051603367,1,9,0,18,0,4,0,0,0,0,1,1,2,1,40,7,1995,2,12,1,1,1
2016051603367,2,1,0,18,0,8,0,0,0,0,4,1,2,1,38,7,-1,-1,-1,1,1,1
2016051603369,1,9,0,18,0,2,0,0,0,0,4,1,6,1,55,8,1596,1,13,6,1,6
2016051603369,2,8,0,18,0,1,0,0,0,0,1,1,1,1,35,6,1910,2,9,5,1,5
2016051603370,1,9,0,3,0,1,0,0,0,0,1,1,6,1,23,5,1461,2,-1,2,1,2
2016051603370,2,9,0,3,0,1,0,0,0,0,2,1,6,2,48,8,1595,1,9,7,1,7
2016051603371,1,9,0,9,0,1,0,0,0,0,1,1,6,2,81,11,1240,1,9,8,1,8
2016051603371,2,9,0,18,0,1,0,0,0,0,3,1,6,2,45,7,1124,1,10,8,1,8
2016051603373,1,9,0,9,0,6,0,0,1,1,1,1,6,1,89,11,1498,1,16,7,1,7
2016051603373,2,9,0,18,0,1,0,0,0,0,1,1,2,2,56,9,1796,1,13,6,3,6
2016051603376,1,9,0,9,0,8,0,0,0,0,1,1,2,1,35,6,1596,1,10,4,1,4
2016051603376,2,3,0,18,0,8,0,0,0,0,1,1,2,1,23,5,124,1,6,1,1,1
2016051603377,1,19,0,7,0,2,0,0,0,0,3,1,6,1,29,6,-1,-1,-1,8,1,8
2016051603378,1,1,0,18,0,1,0,0,0,0,3,1,6,1,18,4,-1,-1,-1,1,1,1
2016051603378,2,9,0,18,0,1,0,0,0,0,1,1,6,1,68,10,1360,1,7,1,1,1
2016051603379,1,9,0,18,0,0,0,0,0,0,4,1,6,2,72,10,1582,2,5,1,1,1
2016051603380,1,9,0,18,0,8,0,0,0,0,3,1,6,2,28,6,1242,1,2,-1,-1,-1
2016051603380,2,9,0,18,0,8,1,0,0,0,4,1,1,1,25,5,1598,2,-1,6,1,6
2016051603382,1,9,0,18,0,2,0,0,0,0,3,1,1,2,35,6,1242,1,8,1,1,1
2016051603383,1,9,0,18,0,0,0,0,0,0,1,1,6,3,-1,-1,-1,-1,-1,-1,-1,-1
2016051603383,2,9,0,18,0,0,0,0,0,0,2,1,6,2,40,7,1995,2,4,1,1,1
2016051603385,1,19,0,4,0,0,0,10,0,0,0,1,1,3,-1,-1,-1,-1,-1,-1,-1,-1
2016051603387,1,9,0,18,0,2,1,0,2,7,1,1,6,1,50,8,1596,1,12,1,1,1
2016051603387,2,9,0,18,0,2,1,0,1,11,4,1,6,2,49,8,1995,2,1,2,1,2
2016051603389,1,9,0,9,0,5,0,0,0,0,1,1,6,1,-1,-1,-1,-1,-1,-1,-1,-1
2016051603389,2,1,0,18,0,8,0,0,0,0,3,1,6,2,20,4,-1,-1,-1,5,1,5
2016051603390,1,9,0,18,0,0,0,0,0,0,1,1,2,1,47,8,1910,2,10,2,1,2
2016051603391,1,9,0,9,0,6,0,0,0,0,3,1,6,2,27,6,999,1,-1,6,1,6
2016051603391,2,9,0,18,0,8,0,0,0,0,1,1,2,1,65,9,1240,1,13,1,1,1
2016051603391,3,9,0,18,0,8,0,0,0,0,3,1,2,1,58,9,-1,-1,-1,5,1,5
2016051603391,4,9,0,10,0,8,0,0,0,0,0,1,1,3,-1,-1,998,1,18,-1,-1,-1
2016051603392,1,19,0,18,0,0,0,0,0,0,1,1,1,1,38,7,1997,2,11,2,1,2
2016051603392,2,9,0,12,0,0,0,0,0,0,3,1,6,3,-1,-1,-1,-1,-1,-1,-1,-1
2016051603395,1,9,0,18,0,1,0,0,0,0,1,1,6,3,-1,-1,-1,-1,-1,-1,-1,-1
2016051603395,2,1,0,18,0,1,0,0,0,0,1,1,6,3,-1,-1,-1,-1,-1,-1,-1,-1
2016051603396,1,9,0,18,0,8,0,0,0,0,3,1,6,1,35,6,1364,1,-1,1,1,1
2016051603396,2,9,0,18,0,8,0,0,0,0,1,1,2,1,30,6,1984,1,7,2,1,2
2016051603399,1,9,0,17,0,0,0,0,7,2,1,1,2,1,21,5,2171,1,13,3,1,3
2016051603399,2,9,0,2,0,0,0,0,0,0,1,1,6,3,-1,-1,1498,1,9,-1,-1,-1
2016051603400,1,9,0,9,0,1,0,0,0,0,1,1,6,2,59,9,1390,1,8,3,1,3
2016051603400,2,9,0,18,0,1,0,0,0,0,1,1,6,1,41,7,-1,-1,-1,1,1,1
2016051603403,1,9,0,18,0,8,0,0,0,0,1,1,6,1,30,6,2995,1,-1,1,1,1
2016051603403,2,9,0,9,0,1,0,0,0,0,1,1,6,1,34,6,1242,1,5,2,1,2
2016051603403,3,9,0,2,0,1,0,0,0,0,2,1,6,3,-1,-1,1596,1,16,-1,-1,-1
2016051603403,4,9,0,2,0,1,0,0,0,0,2,1,6,3,-1,-1,-1,-1,-1,-1,-1,-1
2016051603404,1,9,0,18,0,1,1,0,0,0,3,1,1,1,30,6,-1,-1,-1,1,1,1
2016051603404,2,9,0,9,0,8,0,0,0,0,4,1,6,3,-1,-1,-1,-1,-1,-1,-1,-1
2016051603405,1,9,0,9,0,1,0,0,0,0,1,1,6,2,22,5,998,1,-1,6,1,6
2016051603405,2,19,0,18,0,1,5,0,1,7,3,1,1,1,61,9,1598,2,2,4,1,4
2016051603406,1,9,0,1,0,0,0,0,0,0,2,1,6,1,56,9,2179,2,2,3,1,3
2016051603408,1,9,0,12,0,0,0,0,0,0,1,1,2,1,26,6,999,1,1,1,1,1
2016051603408,2,9,0,4,0,0,0,0,0,0,2,1,6,2,32,6,1461,2,-1,1,1,1
2016051603408,3,19,0,4,0,0,0,0,0,0,2,1,1,1,63,9,1461,2,1,3,1,3
2016051603408,4,19,0,4,0,0,0,0,0,0,2,1,1,1,20,4,2494,2,8,5,1,5
2016051603409,1,11,0,18,0,0,0,0,0,0,0,1,1,1,53,8,6696,2,1,4,1,4
2016051603410,1,8,0,3,0,0,0,0,0,0,1,1,6,1,49,8,1753,2,6,1,1,1
2016051603410,2,5,0,18,0,0,0,0,0,0,1,1,2,1,59,9,599,1,19,6,1,6
2016051603412,1,9,0,9,0,1,0,0,0,0,1,1,2,1,61,9,1997,2,14,1,1,1
2016051603412,2,1,0,9,0,5,0,0,0,0,2,1,2,1,55,8,-1,-1,-1,2,1,2
2016051603413,1,9,0,8,0,6,0,0,0,0,3,1,6,2,29,6,1587,1,9,2,1,2
2016051603413,2,1,0,18,0,8,0,0,0,0,4,1,6,1,51,8,-1,-1,-1,8,1,8
2016051603414,1,9,0,18,0,4,0,0,1,1,3,1,6,1,72,10,1797,8,4,8,1,8
2016051603414,2,19,0,18,0,2,0,0,0,0,3,1,1,1,20,4,1598,2,3,7,1,7
2016051603415,1,19,0,5,0,6,0,0,0,0,1,1,2,1,41,7,1560,2,5,7,1,7
2016051603415,2,2,0,18,0,2,0,11,0,0,1,1,1,2,35,6,49,1,6,2,1,2
2016051603416,1,9,0,9,0,8,0,0,0,0,3,1,6,1,40,7,1390,1,3,7,1,7
2016051603416,2,3,0,18,0,1,1,0,0,0,1,1,6,1,21,5,123,1,8,5,1,5
2016051603417,1,9,0,18,0,0,0,0,0,0,3,1,1,1,58,9,1753,2,8,7,1,7
2016051603418,1,9,0,18,0,0,0,0,0,0,1,1,6,1,27,6,2435,1,18,6,1,6
2016051603418,2,9,0,2,0,0,0,0,0,0,2,1,6,3,-1,-1,1997,2,5,-1,-1,-1
2016051603418,3,9,0,2,0,0,5,0,0,0,3,1,6,3,-1,-1,1229,1,10,-1,-1,-1
2016051603418,4,9,0,2,0,0,0,0,0,0,2,1,6,3,-1,-1,1995,2,9,-1,-1,-1
2016051603418,5,19,0,2,0,0,0,0,0,0,1,1,6,3,-1,-1,-1,-1,-1,-1,-1,-1
2016051603418,6,9,0,2,0,0,0,0,0,0,1,1,6,3,-1,-1,1246,1,8,-1,-1,-1
2016051603419,1,11,0,18,0,0,0,0,0,0,0,1,1,1,31,6,6871,2,7,2,1,2
2016051603421,1,9,0,18,0,1,1,0,0,0,1,1,2,1,21,5,999,1,-1,2,1,2
2016051603421,2,9,0,7,0,1,1,0,1,0,2,1,2,1,60,9,898,1,1,5,1,5
2016051603422,1,1,0,18,0,1,0,0,0,0,1,1,4,1,12,3,-1,-1,-1,1,1,1
2016051603422,2,19,0,7,0,6,0,0,0,0,1,1,6,1,48,8,2494,2,10,7,1,7
2016051603424,1,9,0,1,0,0,0,0,0,0,2,1,6,1,52,8,1686,2,11,8,1,8
2016051603425,1,8,0,18,0,1,0,0,0,0,1,1,1,3,-1,-1,-1,-1,-1,-1,-1,-1
2016051603425,2,9,0,3,0,1,0,0,0,0,2,1,3,2,25,5,-1,-1,-1,3,1,3
2016051603426,1,9,0,18,0,0,0,10,2,6,3,1,6,1,33,6,2979,1,2,3,1,3
2016051603426,2,9,0,18,0,0,0,0,0,0,3,1,6,1,30,6,1560,2,1,2,1,2
2016051603426,3,9,0,18,0,0,0,0,0,0,3,1,6,1,23,5,-1,-1,-1,1,1,1
2016051603426,4,9,0,18,0,0,2,0,1,4,3,1,2,1,55,8,1598,1,7,6,1,6
2016051603428,1,9,0,18,0,0,0,0,0,0,4,1,6,2,31,6,1596,1,9,1,1,1
2016051603429,1,1,0,18,0,8,0,0,0,0,1,1,3,1,12,3,-1,-1,-1,10,1,10
2016051603429,2,19,0,7,0,8,0,0,0,0,4,1,1,1,34,6,2198,2,4,9,1,9
2016051603431,1,11,0,4,0,1,0,0,0,0,1,2,1,1,51,8,4760,2,3,6,1,6
2016051603431,2,9,0,4,0,1,0,0,0,0,2,1,6,2,49,8,1596,1,14,6,1,6
2016051603432,1,9,0,12,0,0,0,0,0,0,0,1,6,3,-1,-1,2792,1,8,-1,-1,-1
2016051603432,2,9,0,3,0,0,0,0,0,0,0,1,6,1,42,7,1560,2,9,3,1,3
2016051603433,1,9,0,18,0,8,5,0,0,0,3,1,1,1,29,6,1686,2,2,3,1,3
2016051603433,2,9,0,18,0,8,0,0,0,0,1,1,6,1,30,6,1596,1,14,1,1,1
2016051603434,1,9,0,10,0,1,0,0,0,0,3,1,2,2,58,9,1339,1,7,5,1,5
2016051603434,2,1,0,18,0,1,0,0,0,0,1,1,2,1,25,5,-1,-1,-1,1,1,1
2016051603436,1,9,0,18,0,0,0,0,0,0,1,1,6,1,26,6,1390,1,7,3,1,3
2016051603437,1,9,0,18,0,8,0,0,0,0,3,1,6,1,77,11,1598,2,3,8,1,8
2016051603437,2,9,0,9,0,6,0,0,0,0,1,1,6,1,55,8,2720,2,10,4,1,4
2016051603438,1,9,0,9,0,6,0,0,0,0,3,1,6,2,27,6,1995,2,10,2,1,2
2016051603438,2,9,0,17,0,1,0,0,0,0,1,1,6,1,31,6,1896,2,9,1,1,1
2016051603440,1,9,0,8,0,4,0,0,0,0,1,1,6,2,35,6,1796,1,9,5,1,5
2016051603440,2,9,0,9,0,3,0,0,0,0,1,1,6,1,37,7,1910,2,9,8,1,8
2016051603444,1,1,0,18,0,6,0,0,0,0,1,1,6,1,13,3,-1,-1,-1,1,1,1
2016051603444,2,9,0,5,0,6,0,0,0,0,4,1,6,1,47,8,1560,2,8,2,1,2
2016051603445,1,5,0,18,0,8,1,0,0,0,1,1,6,1,19,4,675,1,-1,2,1,2
2016051603445,2,9,0,9,0,8,0,0,0,0,4,1,6,2,23,5,1299,1,11,4,1,4
2016051603446,1,1,0,18,0,8,0,0,0,0,3,1,3,1,13,3,-1,-1,-1,6,1,6
2016051603446,2,9,0,8,0,1,0,0,0,0,1,1,2,1,63,9,1999,1,5,6,1,6
2016051603449,1,9,0,13,0,1,0,0,0,0,2,1,6,3,-1,-1,-1,-1,-1,-1,-1,-1
2016051603449,2,1,0,18,0,1,0,0,0,0,2,1,6,1,44,7,-1,-1,-1,1,1,1
2016051603450,1,9,0,5,0,0,0,0,0,0,0,1,6,1,31,6,-1,-1,-1,2,1,2
2016051603451,1,1,0,18,0,6,0,0,0,0,1,1,4,1,12,3,-1,-1,-1,8,1,8
2016051603451,2,9,0,4,0,1,0,0,0,0,4,1,6,1,53,8,1598,1,5,8,1,8
2016051603452,1,9,0,18,0,1,0,0,0,0,1,1,2,1,50,8,1242,1,6,1,1,1
2016051603452,2,9,0,18,0,8,0,0,0,0,1,1,6,2,19,4,1398,1,-1,3,1,3
2016051603454,1,9,0,9,0,8,0,0,0,0,0,2,6,2,49,8,-1,-1,-1,7,1,7
2016051603454,2,5,0,4,0,8,1,0,6,0,0,1,2,1,49,8,-1,-1,-1,3,1,3
2016051603455,1,9,0,4,0,0,0,0,0,0,1,1,6,1,30,6,2982,2,1,4,1,4
2016051603455,2,9,0,3,0,0,0,0,0,0,2,1,6,1,56,9,1596,1,5,1,1,1
2016051603456,1,3,0,4,0,1,0,0,0,0,1,1,2,1,22,5,125,1,1,1,1,1
2016051603456,2,9,0,4,0,1,0,0,0,0,2,1,2,2,44,7,1248,2,9,10,1,10
2016051603457,1,8,0,4,0,1,0,0,0,0,1,1,1,1,50,8,2499,2,5,4,1,4
2016051603457,2,9,0,4,0,1,0,0,0,0,2,1,6,1,38,7,1198,1,1,2,1,2
2016051603460,1,9,0,18,0,3,0,0,0,0,4,1,2,1,47,8,1997,2,14,10,1,10
2016051603462,1,9,0,13,0,0,0,0,0,0,3,1,2,2,51,8,1086,1,6,4,1,4
2016051603462,2,21,1,18,0,0,0,0,0,0,3,1,2,1,37,7,12777,2,6,1,1,1
2016051603462,3,9,0,18,0,0,0,0,0,0,0,1,6,1,46,8,2401,2,10,5,1,5
2016051603464,1,9,0,18,0,2,0,0,0,0,1,1,6,2,26,6,1910,2,11,2,1,2
2016051603464,2,9,0,2,0,1,0,0,0,0,3,1,6,2,66,10,1396,1,4,2,1,2
2016051603466,1,9,0,6,0,0,0,0,0,0,1,1,6,3,-1,-1,-1,-1,-1,-1,-1,-1
2016051603467,1,9,0,9,0,1,0,0,0,0,4,1,6,2,35,6,1349,1,12,1,1,1
2016051603468,1,9,0,18,0,1,0,0,0,0,1,1,6,2,38,7,1599,1,9,4,1,4
2016051603468,2,19,0,10,0,1,1,0,2,2,1,1,2,1,48,8,1753,2,9,4,1,4
2016051603469,1,3,0,5,0,1,0,0,0,0,3,1,2,2,52,8,-1,-1,-1,6,1,6
2016051603469,2,3,0,18,0,1,1,0,0,0,4,1,2,2,27,6,125,1,-1,1,1,1
2016051603470,1,9,0,5,0,1,0,0,0,0,4,1,6,1,32,6,1598,1,7,7,1,7
2016051603470,2,9,0,18,0,1,0,0,0,0,1,1,6,2,58,9,1685,2,4,10,1,10
2016051603471,1,3,0,18,0,0,0,0,0,0,1,1,2,2,23,5,-1,-1,-1,3,1,3
2016051603471,2,9,0,18,0,0,0,0,0,0,4,2,6,1,26,6,-1,-1,-1,8,1,8
2016051603473,1,9,0,18,0,0,0,0,0,0,1,1,6,2,47,8,1753,2,5,1,1,1
2016051603474,1,9,0,18,0,0,0,0,0,0,4,1,6,1,27,6,3498,1,10,2,1,2
2016051603476,1,9,0,5,0,0,0,0,0,0,3,1,1,1,36,7,1997,2,6,4,1,4
2016051603476,2,4,0,18,0,0,0,0,0,0,1,1,6,1,16,4,124,1,-1,3,1,3
2016051603480,1,9,0,18,0,0,0,0,0,0,1,1,6,3,-1,-1,-1,-1,-1,-1,-1,-1
2016051603480,2,1,0,18,0,0,0,0,0,0,2,1,6,1,32,6,-1,-1,-1,1,1,1
2016051603481,1,9,0,1,0,0,0,0,0,0,2,1,6,1,42,7,1686,2,5,3,1,3
2016051603484,1,9,0,4,0,0,0,0,0,0,3,1,1,1,28,6,1339,1,5,1,1,1
2016051603486,1,9,0,5,0,7,0,0,0,0,1,1,6,2,60,9,1461,2,1,4,1,4
2016051603486,2,9,0,18,0,1,0,0,0,0,3,1,6,1,21,5,3199,1,11,5,1,5
2016051603487,1,9,0,18,0,0,0,0,0,0,3,1,2,2,65,9,1398,2,11,1,1,1
2016051603488,1,1,0,5,0,8,0,0,0,0,3,1,1,2,26,6,-1,-1,-1,1,1,1
2016051603488,2,9,0,5,0,1,0,0,0,0,1,1,6,2,-1,-1,-1,-1,-1,-1,-1,-1
2016051603489,1,8,0,18,0,1,0,0,0,0,1,1,1,1,63,9,1560,2,6,3,1,3
2016051603490,1,19,0,4,0,8,0,0,0,0,1,1,2,1,-1,-1,1998,2,12,6,1,6
2016051603490,2,9,0,3,0,8,0,0,0,0,2,1,2,2,29,6,1596,1,14,1,1,1
2016051603492,1,9,0,16,0,0,0,0,0,0,1,1,6,3,-1,-1,1968,2,2,-1,-1,-1
2016051603492,2,9,0,18,0,0,0,0,0,0,1,1,6,1,77,11,1598,2,6,10,1,10
2016051603493,1,8,0,7,0,6,0,0,0,0,2,1,1,1,40,7,1796,1,9,1,1,1
2016051603493,2,5,0,18,0,1,0,0,0,0,1,1,1,1,26,6,649,1,10,2,1,2
2016051603494,1,9,0,5,0,1,0,0,0,0,1,1,1,1,61,9,1582,2,4,6,1,6
2016051603494,2,1,0,17,0,1,0,0,0,0,3,1,2,2,23,5,-1,-1,-1,2,1,2
2016051603495,1,9,0,9,0,6,0,10,4,0,3,1,6,1,79,11,1461,2,-1,2,1,2
2016051603495,2,9,0,18,0,1,0,0,0,0,1,1,2,2,19,4,1242,1,2,4,1,4
2016051603496,1,9,0,8,0,6,0,0,0,0,3,1,1,1,31,6,1560,2,3,6,1,6
2016051603496,2,8,0,18,0,1,0,0,0,0,1,1,1,1,55,8,1753,2,9,1,1,1
2016051603497,1,9,0,9,0,5,0,0,0,0,3,1,6,2,-1,-1,1997,2,11,5,1,5
2016051603499,1,21,1,18,0,0,0,0,0,0,1,1,1,1,36,7,12900,2,8,3,1,3
2016051603499,2,19,0,18,0,0,0,0,0,0,2,1,1,1,51,8,1560,2,-1,5,1,5
2016051603499,3,8,0,18,0,0,0,0,0,0,2,1,1,2,58,9,1968,2,2,1,1,1
2016051603500,1,9,0,9,0,6,0,0,0,0,1,1,6,1,52,8,1988,1,15,1,1,1
2016051603502,1,3,0,18,0,2,0,0,0,0,1,1,6,1,17,4,125,1,-1,1,1,1
2016051603502,2,9,0,18,0,1,0,0,0,0,1,1,2,1,40,7,1896,2,9,3,1,3
2016051603502,3,9,0,3,0,1,0,0,0,0,4,1,6,1,73,10,1398,1,10,4,1,4
2016051603503,1,9,0,9,0,6,0,0,0,0,3,1,6,1,21,5,1390,1,6,2,1,2
2016051603503,2,9,0,18,0,1,0,0,0,0,1,1,6,2,26,6,1560,2,2,2,1,2
2016051603504,1,9,0,9,0,6,0,0,0,0,1,1,2,1,40,7,1753,2,13,1,1,1
2016051603504,2,9,0,18,0,8,0,0,0,0,4,1,2,1,24,5,998,1,3,3,1,3
2016051603508,1,19,0,5,0,0,0,0,0,0,1,1,6,3,-1,-1,-1,-1,-1,-1,-1,-1
2016051603508,2,9,0,3,0,0,0,0,0,0,2,1,2,2,27,6,-1,-1,-1,1,1,1
2016051603509,1,9,0,1,0,0,0,0,0,0,2,1,6,3,-1,-1,-1,-1,-1,-1,-1,-1
2016051603510,1,1,0,18,0,1,0,0,0,0,2,1,2,1,51,8,-1,-1,-1,4,1,4
2016051603510,2,9,0,18,0,1,0,0,0,0,1,1,6,3,-1,-1,-1,-1,-1,-1,-1,-1
2016051603511,1,19,0,18,0,8,0,0,0,0,3,1,1,1,32,6,2402,2,5,2,1,2
2016051603511,2,9,0,18,0,8,0,0,0,0,1,1,2,1,31,6,1242,1,12,2,1,2
2016051603520,1,11,0,5,0,0,0,0,0,0,4,1,1,1,37,7,6696,2,2,9,1,9
2016051603522,1,9,0,5,0,2,0,0,0,0,1,1,6,1,25,5,1496,2,-1,1,1,1
2016051603522,2,9,0,18,0,6,0,0,0,0,1,1,1,1,46,8,1968,2,9,1,1,1
2016051603525,1,9,0,4,0,5,1,0,7,2,3,1,6,1,30,6,1984,1,5,9,1,9
2016051603526,1,9,0,9,0,5,0,0,0,0,1,1,6,1,20,4,1198,1,11,1,1,1
2016051603526,2,1,0,18,0,8,0,0,0,0,3,1,6,2,53,8,-1,-1,-1,7,1,7
2016051603527,1,9,0,18,0,6,0,0,0,0,3,1,2,2,25,5,1229,1,3,5,1,5
2016051603527,2,3,0,18,0,8,0,0,0,0,1,1,6,1,17,4,124,1,1,4,1,4
2016051603528,1,9,0,9,0,5,0,0,0,0,4,1,6,1,21,5,1685,2,3,3,1,3
2016051603528,2,1,0,18,0,8,0,0,0,0,1,1,6,2,30,6,-1,-1,-1,1,1,1
2016051603529,1,9,0,18,0,8,1,0,0,0,4,1,2,1,39,7,1598,1,13,9,3,9
2016051603529,2,8,0,5,0,8,0,0,0,0,1,1,1,1,62,9,2664,2,16,2,1,2
2016051603532,1,9,0,18,0,0,0,0,0,0,1,1,6,1,33,6,1149,1,9,1,1,1
2016051603532,2,9,0,5,0,0,0,0,0,0,2,1,6,2,36,7,2143,2,1,3,1,3
2016051603533,1,9,0,18,0,0,0,0,0,0,1,1,3,2,39,7,1395,1,-1,9,1,9
2016051603534,1,9,0,18,0,8,1,0,0,0,1,1,1,2,25,5,1242,1,2,3,1,3
2016051603534,2,9,0,3,0,1,0,0,0,0,2,1,2,2,28,6,1598,1,4,5,1,5
2016051603537,1,8,0,5,0,0,1,0,0,0,4,1,1,1,54,8,2499,2,10,1,1,1
2016051603540,1,21,1,18,0,8,0,0,0,0,1,1,1,1,55,8,12419,2,3,7,3,7
2016051603540,2,10,0,18,0,8,0,0,0,0,4,1,1,1,53,8,-1,-1,-1,-1,-1,-1
2016051603541,1,9,0,9,0,8,0,0,0,0,4,1,6,2,66,10,1598,1,-1,5,1,5
2016051603541,2,19,0,18,0,8,0,0,0,0,1,1,6,1,28,6,1461,2,1,6,1,6
2016051603542,1,9,0,18,0,0,0,0,0,0,1,1,6,3,-1,-1,-1,-1,-1,-1,-1,-1
2016051603542,2,9,0,18,0,0,0,0,0,0,1,1,6,2,32,6,-1,-1,-1,1,1,1
2016051603543,1,19,0,9,0,6,0,0,0,0,1,1,1,3,-1,-1,1461,2,3,-1,-1,-1
2016051603543,2,9,0,18,0,1,0,0,0,0,2,1,6,2,55,8,1242,1,2,1,1,1
2016051603545,1,9,0,5,0,8,0,0,0,0,1,1,6,2,50,8,1240,1,11,6,1,6
2016051603545,2,9,0,15,0,8,0,0,0,0,1,1,6,2,17,4,1598,1,4,7,1,7
2016051603546,1,5,0,17,0,0,0,0,1,0,0,1,6,1,37,7,600,1,12,1,1,1
2016051603549,1,9,0,18,0,6,0,0,0,0,1,1,6,2,85,11,1948,1,15,7,1,7
2016051603549,2,9,0,18,0,1,0,0,0,0,4,1,6,2,74,10,998,1,7,5,1,5
2016051603550,1,9,0,16,0,4,0,0,0,0,1,1,2,1,47,8,999,1,1,1,1,1
2016051603550,2,3,0,17,0,8,0,0,0,0,4,1,2,1,55,8,471,1,-1,2,1,2
2016051603551,1,21,1,4,0,0,0,0,0,0,4,1,1,1,50,8,7146,2,4,9,1,9
2016051603553,1,9,0,18,0,6,0,0,0,0,0,1,6,3,-1,-1,-1,-1,-1,-1,-1,-1
2016051603553,2,1,0,5,0,5,1,0,0,0,0,1,6,1,39,7,-1,-1,-1,2,1,2
2016051603554,1,9,0,9,0,1,0,0,0,0,1,1,6,2,27,6,998,1,4,2,1,2
2016051603554,2,9,0,18,0,1,0,0,0,0,3,1,6,2,30,6,1598,1,9,4,1,4
2016051603555,1,9,0,4,0,0,1,0,0,0,0,2,3,2,48,8,-1,-1,-1,6,1,6