Accident_Index,Vehicle_Reference,Vehicle_Type,Towing_and_Articulation,Vehicle_Manoeuvre,Vehicle_Location-Restricted_Lane,Junction_Location,Skidding_and_Overturning,Hit_Object_in_Carriageway,Vehicle_Leaving_Carriageway,Hit_Object_off_Carriageway,1st_Point_of_Impact,Was_Vehicle_Left_Hand_Drive?,Journey_Purpose_of_Driver,Sex_of_Driver,Age_of_Driver,Age_Band_of_Driver,Engine_Capacity_(CC),Propulsion_Code,Age_of_Vehicle,Driver_IMD_Decile,Driver_Home_Area_Type,Vehicle_IMD_Decile
2016051603556,1,9,0,18,0,6,0,0,0,0,1,1,6,2,30,6,1598,2,3,4,1,4
2016051603556,2,9,0,18,0,1,0,0,8,2,1,1,6,1,72,10,1242,1,12,1,1,1
2016051603557,1,9,0,4,0,0,0,0,0,0,4,1,6,3,-1,-1,-1,-1,-1,-1,-1,-1
2016051603558,1,9,0,9,0,1,0,0,0,0,1,1,2,1,19,4,1598,1,9,6,1,6
2016051603558,2,9,0,9,0,1,0,0,0,0,1,1,6,1,42,7,1798,1,11,1,1,1
2016051603560,1,9,0,9,0,5,0,0,0,0,4,1,1,1,50,8,1997,2,8,2,1,2
2016051603564,1,9,0,18,0,0,0,0,0,0,1,2,6,3,-1,-1,-1,-1,-1,-1,-1,-1
2016051603565,1,9,0,9,0,8,0,0,0,0,1,1,6,2,67,10,2359,1,4,6,1,6
2016051603565,2,1,0,18,0,2,0,0,0,0,3,1,2,2,47,8,-1,-1,-1,7,1,7
2016051603566,1,9,0,18,0,8,0,0,0,0,1,1,6,2,50,8,1360,1,11,5,1,5
2016051603566,2,9,0,5,0,8,0,0,0,0,1,1,6,1,55,8,1395,1,1,1,1,1
2016051603568,1,9,0,18,0,0,0,0,0,0,1,1,6,1,34,6,-1,-1,-1,1,1,1
2016051603568,2,9,0,1,0,0,0,0,1,0,2,1,6,1,61,9,2099,1,13,1,1,1
2016051603569,1,9,0,18,0,8,0,0,0,0,1,1,6,3,-1,-1,-1,-1,-1,-1,-1,-1
2016051603570,1,4,0,18,0,6,0,0,0,0,1,1,6,1,16,4,198,1,8,2,1,2
2016051603570,2,9,0,18,0,1,0,0,0,0,4,1,6,1,24,5,1461,2,4,6,1,6
2016051603571,1,9,0,16,0,1,2,0,1,2,1,1,6,1,38,7,1800,1,12,1,1,1
2016051603572,1,9,0,18,0,0,0,0,0,0,1,1,1,1,34,6,1910,2,8,2,1,2
2016051603572,2,1,0,18,0,0,0,0,0,0,3,1,6,2,19,4,-1,-1,-1,3,1,3
2016051603573,1,9,0,18,0,0,0,0,0,0,3,1,6,3,-1,-1,-1,-1,-1,-1,-1,-1
2016051603576,1,9,0,18,0,4,0,0,0,0,3,1,2,2,61,9,1246,1,10,1,1,1
2016051603576,2,1,0,17,0,3,0,0,0,0,1,1,2,2,26,6,-1,-1,-1,3,1,3
2016051603577,1,9,0,18,0,8,0,0,0,0,1,1,6,1,36,7,2143,2,1,6,1,6
2016051603577,2,1,0,18,0,8,0,0,0,0,4,1,6,1,22,5,-1,-1,-1,2,1,2
2016051603578,1,1,0,18,0,0,0,0,0,0,3,1,2,1,41,7,-1,-1,-1,1,1,1
2016051603578,2,9,0,18,0,0,0,0,0,0,4,1,6,1,47,8,1461,2,2,7,1,7
2016051603579,1,5,0,9,0,5,0,0,0,0,4,1,6,1,23,5,600,1,15,1,1,1
2016051603579,2,1,0,18,0,1,0,0,0,0,1,1,6,1,21,5,-1,-1,-1,1,1,1
2016051603582,1,9,0,18,0,0,0,0,0,0,1,1,6,1,35,6,1560,2,7,1,1,1
2016051603589,1,9,0,18,0,0,0,0,0,0,4,1,2,1,45,7,1598,1,3,3,1,3
2016051603590,1,9,0,10,0,8,0,0,0,0,0,1,6,2,25,5,998,1,1,2,1,2
2016051603590,2,9,0,18,0,8,0,0,0,0,1,1,6,1,26,6,2993,2,6,1,1,1
2016051603590,3,9,0,3,0,8,0,0,0,0,2,1,1,1,45,7,1753,2,8,1,1,1
2016051603590,4,9,0,18,0,8,0,0,0,0,2,1,6,2,49,8,1496,2,2,1,1,1
2016051603591,1,9,0,9,0,8,0,0,0,0,1,1,1,1,64,9,-1,-1,-1,1,1,1
2016051603591,2,9,0,18,0,8,0,0,0,0,3,1,6,1,20,4,1560,2,4,5,1,5
2016051603593,1,9,0,2,0,0,0,0,0,0,0,1,6,3,-1,-1,-1,-1,-1,-1,-1,-1
2016051603593,2,22,0,18,0,0,0,0,0,0,3,1,6,2,65,9,-1,-1,-1,-1,-1,-1
2016051603594,1,19,0,9,0,8,0,0,0,0,1,1,6,1,28,6,2198,2,1,1,1,1
2016051603594,2,9,0,18,0,8,0,0,0,0,3,1,2,2,36,7,1390,1,5,9,1,9
2016051603596,1,9,0,18,0,0,0,0,0,0,0,1,1,3,-1,-1,1560,2,1,-1,-1,-1
2016051603596,2,9,0,18,0,0,0,0,0,0,1,1,6,1,20,4,1390,1,7,6,1,6
2016051603596,3,9,0,18,0,0,0,0,0,0,2,1,6,2,49,8,1798,8,2,5,1,5
2016051603598,1,3,0,18,0,0,0,0,0,0,1,1,6,1,18,4,124,1,4,8,1,8
2016051603598,2,9,0,18,0,0,0,0,0,0,0,1,2,2,35,6,2191,2,-1,9,1,9
2016051603600,1,9,0,18,0,2,0,0,0,0,1,1,6,3,-1,-1,-1,-1,-1,-1,-1,-1
2016051603601,1,9,0,18,0,8,0,0,0,0,1,1,3,2,35,6,1910,2,8,5,1,5
2016051603602,1,8,0,9,0,8,0,0,0,0,1,1,1,1,45,7,1998,2,7,1,1,1
2016051603603,1,9,0,5,0,6,0,0,0,0,1,1,6,2,36,7,2967,2,-1,7,1,7
2016051603603,2,9,0,18,0,8,1,0,1,2,3,1,2,1,36,7,1598,1,2,9,1,9
2016051603604,1,21,0,18,0,0,1,0,0,0,1,1,1,1,52,8,4116,2,11,1,1,1
2016051603604,2,9,0,3,0,0,0,0,1,0,3,1,6,2,26,6,1598,2,-1,7,1,7
2016051603604,3,9,0,3,0,0,0,0,4,6,2,1,6,2,47,8,1328,1,13,10,1,10
2016051603604,4,9,0,3,0,0,0,0,0,0,2,1,6,1,47,8,1560,2,2,2,1,2
2016051603605,1,9,0,18,0,0,0,0,0,0,4,1,6,3,-1,-1,-1,-1,-1,-1,-1,-1
2016051603606,1,9,0,18,0,1,0,0,0,0,1,1,6,1,32,6,1598,1,11,1,1,1
2016051603606,2,9,0,3,0,1,0,0,0,0,2,1,6,2,27,6,1598,1,-1,1,1,1
2016051603607,1,9,0,9,0,5,0,0,0,0,1,1,2,1,52,8,2490,2,21,4,1,4
2016051603607,2,1,0,18,0,1,0,0,0,0,1,1,6,1,23,5,-1,-1,-1,4,1,4
2016051603611,1,8,0,1,0,0,0,0,0,0,2,1,1,3,-1,-1,-1,-1,-1,-1,-1,-1
2016051603613,1,9,0,5,0,0,0,0,0,0,1,1,6,1,73,10,1596,1,1,5,1,5
2016051603614,1,9,0,18,0,0,0,0,0,0,1,1,6,1,-1,-1,-1,-1,-1,-1,-1,-1
2016051603615,1,9,0,18,0,1,0,0,0,0,1,1,6,1,22,5,1461,2,2,3,1,3
2016051603617,1,9,0,9,0,5,0,0,0,0,4,1,6,1,91,11,1341,1,15,6,1,6
2016051603617,2,1,0,18,0,1,0,0,0,0,1,1,2,2,28,6,-1,-1,-1,6,1,6
2016051603619,1,8,0,5,0,6,0,0,3,0,1,1,1,1,42,7,1248,2,7,2,1,2
2016051603619,2,9,0,18,0,1,0,0,0,0,1,1,6,2,50,8,1598,1,11,1,1,1
2016051603620,1,8,0,18,0,0,0,0,0,0,0,1,1,1,30,6,1997,2,6,1,1,1
2016051603621,1,3,0,18,0,0,0,0,0,0,4,1,2,1,22,5,125,1,5,1,1,1
2016051603622,1,1,0,18,0,0,0,0,0,0,0,1,6,3,-1,-1,-1,-1,-1,-1,-1,-1
2016051603623,1,9,0,18,0,1,0,0,0,0,3,1,6,1,-1,-1,-1,-1,-1,-1,-1,-1
2016051603624,1,9,0,4,0,0,0,0,0,0,1,1,6,2,27,6,1598,1,13,3,1,3
2016051603625,1,9,0,18,0,0,1,0,0,0,1,1,6,2,28,6,1598,1,7,5,1,5
2016051603626,1,9,0,4,0,1,0,0,0,0,1,1,6,1,29,6,998,1,9,5,1,5
2016051603626,2,3,0,3,0,1,0,0,0,0,2,1,2,1,45,7,123,1,-1,1,1,1
2016051603628,1,9,0,18,0,0,0,0,0,0,1,1,6,1,36,7,1596,1,14,1,1,1
2016051603632,1,9,0,18,0,0,1,0,0,0,1,1,6,1,58,9,1461,2,8,4,1,4
2016051603633,1,9,0,17,0,1,1,0,0,0,1,1,1,1,29,6,1560,2,6,1,1,1
2016051603633,2,9,0,5,0,1,1,0,0,0,1,1,2,1,30,6,1560,2,7,6,1,6
2016051603635,1,9,0,18,0,8,0,0,0,0,1,1,1,1,35,6,998,1,2,2,1,2
2016051603635,2,9,0,18,0,8,0,0,1,11,4,1,6,2,54,8,1149,1,2,1,1,1
2016051603636,1,8,0,18,0,8,0,0,0,0,1,1,6,1,41,7,2685,2,13,1,1,1
2016051603636,2,9,0,18,0,8,0,0,0,0,1,1,3,2,30,6,1499,2,1,1,1,1
2016051603637,1,9,0,9,0,6,0,0,0,0,1,1,2,2,29,6,1997,2,8,1,1,1
2016051603637,2,8,0,18,0,1,0,0,7,2,1,1,2,1,42,7,1997,2,4,7,1,7
2016051603638,1,11,0,9,0,6,0,0,0,0,1,1,1,1,64,9,8650,2,15,1,1,1
2016051603638,2,9,0,18,0,8,0,0,0,0,3,1,2,2,26,6,1388,1,14,7,1,7
2016051603640,1,9,0,1,0,6,0,0,0,0,2,1,6,2,37,7,-1,-1,-1,-1,-1,-1
2016051603644,1,19,0,18,0,8,1,0,4,6,1,1,1,1,50,8,1997,2,2,1,1,1
2016051603647,1,9,0,18,0,2,0,0,0,0,4,1,6,1,39,7,1896,2,11,1,1,1
2016051603647,2,1,0,18,0,8,0,0,0,0,4,1,2,2,20,4,-1,-1,-1,-1,-1,-1
2016051603649,1,9,0,4,0,0,0,0,0,0,1,1,1,1,37,7,1582,2,4,-1,-1,-1
2016051603649,2,9,0,4,0,0,0,0,0,0,2,1,6,2,47,8,1242,1,3,2,1,2
2016051603650,1,1,0,5,0,2,0,0,0,0,2,1,6,1,15,3,-1,-1,-1,7,1,7
2016051603650,2,8,0,4,0,1,0,0,0,0,1,1,6,1,46,8,-1,-1,-1,1,1,1
2016051603651,1,9,0,17,0,0,1,0,0,0,1,1,6,2,37,7,1956,2,1,1,1,1
2016051603651,2,9,0,16,0,0,1,0,0,0,4,1,1,1,41,7,1997,2,7,1,1,1
2016051603652,1,9,0,18,0,0,2,0,1,2,3,1,6,1,36,7,1991,1,3,2,1,2
2016051603652,2,9,0,18,0,0,1,0,1,2,3,1,6,1,46,8,2000,1,9,6,2,6
2016051603656,1,9,0,18,0,0,0,0,0,0,1,1,1,1,31,6,-1,-1,-1,-1,-1,-1
2016051603656,2,19,0,1,0,0,0,0,0,0,2,1,6,3,-1,-1,-1,-1,-1,-1,-1,-1
2016051603657,1,9,0,18,0,0,2,0,1,0,2,1,2,1,33,6,1248,2,3,-1,2,-1
2016051603658,1,9,0,5,0,6,0,0,0,0,3,1,6,1,48,8,1596,1,13,2,1,2
2016051603658,2,2,0,18,0,1,0,0,0,0,1,1,6,1,42,7,49,1,6,2,1,2
2016051603659,1,9,0,16,0,1,0,0,7,11,1,1,6,2,27,6,1597,1,8,8,1,8
2016051603662,1,9,0,8,0,1,0,0,0,0,1,1,6,1,19,4,998,1,1,8,2,8
2016051603662,2,3,0,18,0,1,0,0,0,0,4,1,1,1,21,5,124,1,4,1,1,1
2016051603664,1,9,0,18,0,0,0,0,0,0,2,1,2,2,56,9,-1,-1,-1,9,1,9
2016051603666,1,9,0,9,0,8,1,0,1,2,1,1,6,3,-1,-1,-1,-1,-1,-1,-1,-1
2016051603668,1,19,0,5,0,0,0,0,0,0,1,1,1,1,46,8,-1,-1,-1,1,1,1
2016051603672,1,9,0,9,0,6,0,0,0,0,3,1,2,1,22,5,1390,1,11,3,1,3
2016051603672,2,1,0,18,0,1,0,0,0,0,1,1,2,1,55,8,-1,-1,-1,3,1,3
2016051603674,1,9,0,17,0,0,0,0,0,0,1,1,6,2,42,7,1124,1,9,5,1,5
2016051603674,2,1,0,18,0,0,0,0,0,0,1,1,2,1,33,6,-1,-1,-1,4,1,4
2016051603676,1,9,0,18,0,0,0,0,0,0,4,1,6,3,-1,-1,-1,-1,-1,-1,-1,-1
2016051603680,1,9,0,14,0,0,0,0,0,0,1,1,6,1,41,7,1598,1,15,1,1,1
2016051603680,2,9,0,18,0,0,0,0,0,0,1,1,6,2,62,9,1242,1,10,1,1,1
2016051603680,3,9,0,4,0,0,0,0,0,0,2,1,6,2,51,8,1229,1,3,7,1,7
2016051603680,4,9,0,4,0,0,0,0,0,0,2,1,6,2,57,9,1390,1,8,5,2,5
2016051603680,5,9,0,4,0,0,0,0,0,0,1,1,6,1,35,6,1995,2,2,9,1,9
2016051603681,1,9,0,18,0,4,0,0,0,0,3,1,2,1,33,6,1968,2,2,8,1,8
2016051603681,2,3,0,18,0,8,0,0,0,0,1,1,2,1,22,5,125,1,-1,8,1,8
2016051603682,1,2,0,18,0,0,0,0,0,0,3,1,1,1,19,4,50,1,8,7,1,7
2016051603686,1,8,0,9,0,8,0,0,0,0,1,1,1,1,53,8,1560,2,8,8,1,8
2016051603687,1,19,0,18,0,2,0,0,0,0,1,1,6,3,-1,-1,-1,-1,-1,-1,-1,-1
2016051603688,1,9,0,18,0,0,0,0,0,0,3,1,6,1,77,11,998,1,3,3,1,3
2016051603689,1,19,0,18,0,8,0,0,0,0,1,1,1,1,43,7,2198,2,1,9,1,9
2016051603692,1,19,0,18,0,0,0,0,0,0,4,1,1,1,51,8,2148,2,8,2,1,2
2016051603693,1,9,0,5,0,0,0,0,0,0,1,1,2,1,50,8,2143,2,3,4,1,4
2016051603693,2,8,0,3,0,0,0,0,0,0,2,1,1,1,56,9,1796,1,12,1,1,1
2016051603694,1,9,0,5,0,0,0,0,0,0,1,1,6,3,-1,-1,-1,-1,-1,-1,-1,-1
2016051603695,1,9,0,18,0,0,0,0,0,0,1,1,6,3,-1,-1,-1,-1,-1,-1,-1,-1
2016051603695,2,1,0,18,0,0,0,0,0,0,3,1,4,1,15,3,-1,-1,-1,7,1,7
2016051603696,1,9,0,18,0,1,0,0,0,0,1,1,6,2,24,5,1498,1,-1,1,1,1
2016051603697,1,19,0,9,0,2,0,0,0,0,1,1,6,1,33,6,2198,2,4,1,1,1
2016051603699,1,9,0,7,0,8,0,0,1,11,3,1,6,1,33,6,1339,1,14,1,1,1
2016051603699,2,9,0,18,0,8,0,0,0,0,1,1,6,1,35,6,1598,2,3,1,1,1
2016051603700,1,9,0,18,0,0,0,0,0,0,1,1,1,1,31,6,1997,2,4,8,1,8
2016051603700,2,9,0,18,0,0,1,0,1,4,2,1,2,1,31,6,998,1,-1,1,1,1
2016051603701,1,9,0,1,0,0,0,0,0,0,2,1,6,1,66,10,1995,2,3,1,1,1
2016051603701,2,9,0,2,0,0,0,0,0,0,0,1,3,2,44,7,-1,-1,-1,2,1,2
2016051603702,1,9,0,9,0,6,0,0,0,0,1,1,2,1,47,8,-1,-1,-1,1,1,1
2016051603702,2,1,0,18,0,8,0,0,0,0,4,1,2,1,54,8,-1,-1,-1,3,1,3
2016051603704,1,19,0,18,0,2,0,0,0,0,1,1,1,1,49,8,1995,2,7,1,1,1
2016051603704,2,11,0,5,0,1,0,0,0,0,2,1,1,1,36,7,6696,2,2,1,1,1
2016051603705,1,9,0,11,0,0,0,0,0,0,1,1,2,1,66,10,1988,2,10,4,1,4
2016051603705,2,9,0,4,0,0,0,0,0,0,2,1,2,1,46,8,1242,1,1,3,1,3
2016051603705,3,9,0,4,0,0,0,0,0,0,2,1,2,2,52,8,2179,2,8,6,1,6
2016051603706,1,9,0,18,0,4,0,0,0,0,0,1,6,2,34,6,-1,-1,-1,1,1,1
2016051603706,2,5,0,9,0,8,0,0,0,0,0,1,6,1,23,5,-1,-1,-1,1,1,1
2016051603708,1,9,0,18,0,1,0,0,0,0,1,1,3,2,36,7,1397,1,8,6,1,6
2016051603708,2,9,0,4,0,1,0,0,0,0,2,1,3,2,31,6,1685,2,-1,5,1,5
2016051603711,1,9,0,13,0,1,0,0,0,0,4,1,1,1,-1,-1,1997,2,8,2,1,2
2016051603711,2,9,0,4,0,1,0,0,0,0,3,1,2,2,28,6,1499,1,-1,6,1,6
2016051603712,1,9,0,18,0,8,0,0,0,0,1,1,6,1,29,6,1956,2,6,6,1,6
2016051603712,2,9,0,18,0,8,0,0,0,0,3,1,6,1,75,10,1461,2,1,3,1,3
2016051603714,1,9,0,9,0,5,0,0,0,0,4,1,6,1,-1,-1,1587,1,12,2,1,2
2016051603714,2,1,0,18,0,1,0,0,0,0,1,1,2,1,39,7,-1,-1,-1,1,1,1
2016051603715,1,21,1,7,0,6,0,0,0,0,4,1,1,1,67,10,12900,2,6,6,1,6
2016051603715,2,9,0,7,0,6,0,0,0,0,3,1,2,2,30,6,1598,2,4,6,1,6
2016051603716,1,9,0,1,0,1,0,0,0,0,2,1,6,1,22,5,-1,-1,-1,1,1,1
2016051603719,1,19,0,4,0,0,0,0,0,0,1,1,6,1,51,8,2143,2,-1,5,1,5
2016051603719,2,9,0,18,0,0,0,0,0,0,2,1,6,2,28,6,1968,2,8,3,1,3
2016051603720,1,9,0,18,0,0,0,0,0,0,1,1,6,1,91,11,1686,2,11,10,1,10
2016051603720,2,9,0,2,0,0,0,0,0,0,2,1,6,2,56,9,1364,1,7,10,1,10
2016051603720,3,9,0,2,0,0,0,0,0,0,1,1,6,2,51,8,1242,1,7,9,1,9
2016051603721,1,9,0,4,0,0,0,0,0,0,1,1,6,1,18,4,1896,2,12,4,1,4
2016051603721,2,9,0,4,0,0,0,0,0,0,1,1,6,2,46,8,1248,1,4,7,1,7
2016051603721,3,9,0,4,0,0,0,0,0,0,2,1,6,2,27,6,1124,1,14,1,1,1
2016051603721,4,9,0,4,0,0,0,0,0,0,2,1,6,1,52,8,1390,1,2,7,1,7
2016051603721,5,4,0,4,0,0,1,0,0,0,0,1,6,2,28,6,675,1,5,6,3,6
2016051603723,1,9,0,18,0,0,0,0,0,0,1,1,2,1,58,9,1956,2,5,-1,3,-1
2016051603723,2,9,0,4,0,0,0,0,0,0,2,1,2,1,35,6,1598,1,12,7,1,7
2016051603723,3,9,0,18,0,0,0,0,0,0,2,1,2,1,54,8,1998,2,9,7,1,7
2016051603724,1,9,0,18,0,0,0,0,0,0,1,1,6,1,22,5,1242,1,9,10,2,10
2016051603724,2,9,0,16,0,0,0,0,0,0,2,1,6,2,20,4,1198,1,2,8,1,8
2016051603725,1,9,0,17,0,0,0,0,0,0,1,1,6,1,31,6,1796,1,8,9,1,9
2016051603725,2,9,0,18,0,0,0,0,0,0,1,1,2,2,33,6,1598,1,2,7,1,7
2016051603729,1,9,0,6,0,1,0,0,0,0,4,1,6,2,38,7,1461,2,12,2,1,2
2016051603729,2,9,0,18,0,1,0,0,0,0,1,1,6,2,74,10,1229,1,3,2,1,2
2016051603730,1,9,0,4,0,0,0,0,0,0,1,1,6,2,80,11,1149,1,6,3,1,3
2016051603730,2,9,0,2,0,0,0,0,0,0,2,1,6,3,-1,-1,1598,1,10,-1,-1,-1
2016051603731,1,9,0,18,0,0,0,0,0,0,4,1,6,1,73,10,1598,2,4,6,1,6
2016051603731,2,1,0,18,0,0,0,0,0,0,3,1,6,1,55,8,-1,-1,-1,4,1,4
2016051603735,1,9,0,18,0,1,1,0,1,2,4,1,6,2,77,11,1389,1,12,4,1,4
2016051603735,2,11,0,9,0,1,0,0,0,0,3,1,1,1,56,9,4250,2,13,1,1,1
2016051603737,2,3,0,18,0,0,0,0,0,0,1,1,6,1,23,5,-1,-1,-1,1,1,1
2016051603738,1,9,0,18,0,8,0,0,0,0,1,1,6,3,-1,-1,-1,-1,-1,-1,-1,-1
2016051603738,2,9,0,18,0,8,0,0,0,0,4,1,1,1,34,6,-1,-1,-1,8,1,8
2016051603739,1,9,0,16,0,0,0,0,0,0,1,1,6,1,49,8,2500,1,17,2,1,2
2016051603739,2,9,0,2,0,0,0,0,0,0,2,1,6,1,51,8,1956,2,-1,10,1,10
2016051603740,1,19,0,5,0,2,0,0,0,0,4,1,6,3,-1,-1,-1,-1,-1,-1,-1,-1
2016051603740,2,1,0,3,0,1,0,0,0,0,3,1,6,1,27,6,-1,-1,-1,6,1,6
2016051603743,1,19,0,5,0,1,0,0,0,0,1,1,6,1,40,7,1997,2,5,4,1,4
2016051603743,2,9,0,10,0,1,0,0,0,0,3,1,6,2,70,10,1598,1,5,4,1,4
2016051603744,1,9,0,18,0,0,0,0,0,0,1,1,6,1,78,11,1329,1,5,9,1,9
2016051603744,2,9,0,2,0,0,0,0,0,0,2,1,6,3,-1,-1,1390,1,6,-1,-1,-1
2016051603747,1,9,0,9,0,8,0,0,0,0,1,1,6,1,23,5,1596,1,15,1,1,1
2016051603747,2,9,0,18,0,8,0,0,0,0,4,1,6,2,34,6,1598,1,9,5,1,5
2016051603748,1,9,0,18,0,0,0,0,0,0,1,1,6,2,22,5,1229,1,11,3,1,3
2016051603750,1,9,0,1,0,0,0,0,0,0,2,1,6,3,-1,-1,-1,-1,-1,-1,-1,-1
2016051603750,2,1,0,2,0,0,0,0,0,0,1,1,1,1,49,8,-1,-1,-1,4,3,4
2016051603752,1,9,0,9,0,8,0,0,0,0,3,1,6,1,73,10,1560,2,6,1,1,1
2016051603752,2,9,0,5,0,8,0,0,0,0,1,1,1,1,46,8,1686,2,8,1,1,1
2016051603752,3,9,0,5,0,8,0,0,0,0,1,1,6,2,60,9,1398,1,2,1,1,1
2016051603753,1,9,0,3,0,1,0,0,0,0,1,1,2,2,45,7,1149,1,11,2,1,2
2016051603753,2,9,0,3,0,2,0,0,0,0,2,1,2,1,57,9,1753,2,7,1,1,1
2016051603753,3,9,0,3,0,1,0,0,0,0,1,1,2,2,52,8,1968,2,1,5,2,5
2016051603754,1,9,0,18,0,0,0,0,0,0,1,1,6,3,-1,-1,-1,-1,-1,-1,-1,-1
2016051603755,1,9,0,12,0,0,0,0,0,0,3,1,6,2,37,7,1560,2,2,9,1,9
2016051603755,2,9,0,18,0,0,1,0,0,0,4,1,2,1,19,4,999,1,1,5,1,5
2016051603756,1,9,0,18,0,0,0,0,0,0,1,1,6,1,28,6,1896,2,15,-1,1,-1
2016051603756,2,9,0,18,0,0,0,0,0,0,1,1,6,1,81,11,998,1,16,4,1,4
2016051603757,1,9,0,18,0,0,0,0,0,0,4,1,1,1,35,6,2993,2,5,-1,-1,-1
2016051603757,2,11,0,2,0,0,0,0,0,0,0,1,1,1,49,8,6700,2,-1,2,1,2
2016051603758,1,9,0,18,0,0,1,0,7,2,1,1,6,2,58,9,1108,1,13,8,1,8
2016051603759,1,9,0,18,0,0,0,0,0,0,1,1,6,2,24,5,1124,1,16,3,1,3
2016051603759,2,9,0,2,0,0,0,0,0,0,1,1,6,3,-1,-1,1998,2,12,-1,-1,-1
2016051603761,1,5,0,4,0,1,0,0,0,0,2,1,1,1,44,7,1170,1,7,-1,-1,-1
2016051603761,2,19,4,4,0,1,0,0,0,0,1,1,1,1,41,7,2402,2,13,1,1,1
2016051603764,1,8,0,1,0,0,0,0,0,0,2,1,6,3,-1,-1,-1,-1,-1,-1,-1,-1
2016051603765,1,9,0,17,0,0,0,0,0,0,1,1,6,3,-1,-1,-1,-1,-1,-1,-1,-1
2016051603765,2,1,0,18,0,0,0,0,0,0,3,1,6,1,27,6,-1,-1,-1,5,1,5
2016051603766,1,9,0,18,0,3,0,0,0,0,1,1,6,3,-1,-1,-1,-1,-1,-1,-1,-1
2016051603768,1,9,0,18,0,8,0,0,0,0,3,1,6,2,72,10,1598,1,9,6,1,6
2016051603768,2,1,0,9,0,8,0,0,0,0,1,1,6,1,54,8,-1,-1,-1,4,1,4
2016051603769,1,19,0,18,0,0,0,0,0,0,1,1,1,1,41,7,1560,2,3,6,1,6
2016051603769,2,19,0,4,0,0,0,0,0,0,2,1,1,1,23,5,2198,2,3,2,1,2
2016051603769,3,9,0,3,0,0,0,0,0,0,2,1,2,2,51,8,1242,1,6,2,1,2
2016051603773,1,21,1,11,0,0,0,0,0,0,1,1,1,1,64,9,12902,2,3,5,1,5
2016051603773,2,9,0,18,0,0,0,0,1,0,3,1,1,1,28,6,2191,2,1,3,1,3
2016051603775,1,9,0,4,0,1,0,0,0,0,1,1,6,2,71,10,1388,1,12,2,1,2
2016051603775,2,9,0,4,0,1,0,0,0,0,2,1,6,2,60,9,1242,1,8,6,1,6
2016051603777,1,9,0,18,0,1,0,0,0,0,1,1,6,3,-1,-1,-1,-1,-1,-1,-1,-1
2016051603777,2,9,0,3,0,1,0,0,1,0,2,1,2,2,57,9,-1,-1,-1,3,1,3
2016051603778,1,9,0,18,0,0,0,4,0,0,4,1,6,2,61,9,1329,1,2,4,1,4
2016051603778,2,9,0,2,0,0,0,0,0,0,2,1,6,3,-1,-1,1388,1,4,-1,-1,-1
2016051603779,1,2,0,9,0,1,0,0,0,0,1,1,6,1,16,4,49,1,15,1,1,1
2016051603779,2,2,0,18,0,1,0,0,0,0,1,1,6,1,35,6,124,1,12,1,1,1
2016051603780,1,9,0,18,0,8,1,0,7,7,2,1,6,1,52,8,1796,1,9,2,1,2
2016051603780,2,9,0,18,0,8,0,0,0,0,1,1,6,1,52,8,2143,2,3,2,1,2
2016051603786,1,19,0,9,0,8,0,0,0,0,1,1,1,1,64,9,1560,2,-1,1,1,1
2016051603786,2,9,0,18,0,8,0,0,0,0,3,1,6,1,24,5,1198,1,7,1,1,1
2016051603788,1,19,0,9,0,8,0,0,0,0,1,1,1,1,56,9,1998,2,10,1,1,1
2016051603788,2,3,0,18,0,8,0,0,0,0,3,1,6,1,25,5,125,1,-1,6,1,6
2016051603789,1,19,0,9,0,1,0,0,0,0,3,1,1,1,22,5,1598,2,2,2,1,2
2016051603789,2,9,0,18,0,1,0,0,0,0,4,1,3,2,54,8,1560,2,7,1,1,1
2016051603790,1,8,0,1,0,0,0,0,0,0,2,1,1,1,39,7,1997,2,6,1,1,1
2016051603791,1,9,0,18,0,0,0,0,0,0,1,1,6,1,45,7,1587,1,8,6,1,6
2016051603791,2,9,0,18,0,0,0,0,0,0,1,1,6,1,71,10,1796,1,13,10,1,10
2016051603792,1,1,0,18,0,8,0,0,7,0,4,1,2,1,24,5,-1,-1,-1,1,1,1
2016051603792,2,8,0,18,0,8,0,0,0,0,1,1,1,1,37,7,2499,2,7,1,1,1
2016051603793,1,9,0,13,0,8,0,0,0,0,1,1,1,1,41,7,998,1,16,1,1,1
2016051603793,2,9,0,17,0,5,0,0,0,0,3,1,6,2,63,9,1248,1,3,7,1,7
2016051603794,1,9,0,9,0,8,0,0,0,0,1,1,6,1,27,6,1968,2,-1,2,1,2
2016051603794,2,9,0,18,0,8,0,0,0,0,1,1,2,1,43,7,3050,2,22,5,3,5
2016051603795,1,9,0,9,0,8,0,0,0,0,4,1,2,2,30,6,1461,2,12,5,1,5
2016051603795,2,9,0,18,0,8,0,0,0,0,1,1,2,2,51,8,1398,1,1,5,1,5
2016051603797,1,5,0,14,0,0,0,0,0,0,1,1,6,1,25,5,599,1,20,2,1,2
2016051603797,2,19,0,17,0,0,0,0,0,0,3,1,3,1,34,6,-1,-1,-1,3,1,3
2016051603798,1,9,0,18,0,0,0,0,0,0,4,1,6,1,61,9,1598,1,13,4,1,4
2016051603803,1,9,0,18,0,0,0,0,0,0,1,1,6,3,-1,-1,-1,-1,-1,-1,-1,-1
2016051603803,2,1,0,18,0,0,0,0,0,0,2,1,2,1,19,4,-1,-1,-1,3,1,3