Accident_Index,Vehicle_Reference,Vehicle_Type,Towing_and_Articulation,Vehicle_Manoeuvre,Vehicle_Location-Restricted_Lane,Junction_Location,Skidding_and_Overturning,Hit_Object_in_Carriageway,Vehicle_Leaving_Carriageway,Hit_Object_off_Carriageway,1st_Point_of_Impact,Was_Vehicle_Left_Hand_Drive?,Journey_Purpose_of_Driver,Sex_of_Driver,Age_of_Driver,Age_Band_of_Driver,Engine_Capacity_(CC),Propulsion_Code,Age_of_Vehicle,Driver_IMD_Decile,Driver_Home_Area_Type,Vehicle_IMD_Decile
2016051603804,1,9,0,9,0,8,0,0,0,0,3,1,2,1,56,9,2179,2,6,9,1,9
2016051603804,2,1,0,4,0,1,0,0,0,0,3,1,2,1,47,8,-1,-1,-1,6,1,6
2016051603806,1,9,0,18,0,0,0,0,0,0,3,1,6,1,22,5,1390,1,7,5,1,5
2016051603808,1,9,0,7,0,8,0,0,0,0,4,2,2,1,25,5,1753,2,7,10,2,10
2016051603808,2,1,0,18,0,8,0,0,0,0,1,1,6,1,36,7,-1,-1,-1,-1,-1,-1
2016051603810,1,9,0,7,0,6,0,0,0,0,0,1,6,1,25,5,1999,2,-1,4,1,4
2016051603810,2,3,0,18,0,1,1,0,0,0,3,1,2,1,34,6,124,1,-1,2,1,2
2016051603811,1,19,0,18,0,4,0,0,0,0,1,1,2,1,49,8,1753,2,9,6,1,6
2016051603811,2,9,0,5,0,4,0,0,0,0,2,1,2,2,33,6,1461,2,-1,4,2,4
2016051603812,1,3,0,18,0,0,0,0,0,0,1,1,6,3,-1,-1,-1,-1,-1,-1,-1,-1
2016051603814,1,8,0,18,0,8,0,0,0,0,3,1,1,1,31,6,1560,2,4,1,1,1
2016051603814,2,9,0,5,0,8,0,0,0,0,1,1,2,1,50,8,1398,1,2,2,1,2
2016051603816,1,9,0,5,0,0,0,0,0,0,1,1,6,3,-1,-1,-1,-1,-1,-1,-1,-1
2016051603817,1,9,0,18,0,0,0,0,1,11,1,1,2,1,24,5,1360,1,11,7,1,7
2016051603817,2,9,0,2,0,0,0,0,1,11,2,1,6,1,42,7,1199,1,13,3,1,3
2016051603818,1,9,0,18,0,0,0,0,0,0,4,1,6,3,-1,-1,-1,-1,-1,-1,-1,-1
2016051603818,2,1,0,18,0,0,0,0,0,0,3,1,2,1,37,7,-1,-1,-1,5,1,5
2016051603819,1,9,0,9,0,8,0,0,0,0,1,1,6,3,-1,-1,-1,-1,-1,-1,-1,-1
2016051603821,1,9,0,18,0,4,0,0,0,0,3,1,6,1,38,7,-1,-1,-1,4,1,4
2016051603821,2,1,0,18,0,8,0,0,0,0,1,1,6,1,28,6,-1,-1,-1,2,1,2
2016051603822,1,11,0,18,0,6,0,0,0,0,1,1,6,1,27,6,-1,-1,-1,2,1,2
2016051603822,2,11,0,18,0,8,0,0,0,0,3,1,1,1,52,8,6696,2,3,1,1,1
2016051603823,1,9,0,18,0,0,0,0,0,0,1,1,6,3,-1,-1,-1,-1,-1,-1,-1,-1
2016051603824,1,9,0,5,0,2,0,0,0,0,1,1,6,1,17,4,998,1,13,7,2,7
2016051603824,2,9,0,18,0,1,1,10,0,0,2,1,6,1,-1,-1,1198,1,9,7,1,7
2016051603826,1,9,0,5,0,6,0,0,0,0,4,1,6,3,-1,-1,-1,-1,-1,-1,-1,-1
2016051603827,1,9,0,9,0,5,0,0,0,0,4,1,6,2,22,5,1197,1,4,3,1,3
2016051603827,2,1,0,18,0,1,0,0,0,0,1,1,6,1,10,2,-1,-1,-1,2,1,2
2016051603828,1,1,0,18,0,6,0,0,0,0,1,1,6,1,34,6,-1,-1,-1,1,1,1
2016051603828,2,9,0,18,0,8,0,0,0,0,3,1,2,1,42,7,1796,1,8,1,1,1
2016051603832,1,9,0,5,0,6,0,0,0,0,4,1,6,2,56,9,1968,2,-1,6,1,6
2016051603832,2,1,0,18,0,8,0,0,0,0,4,1,6,1,36,7,-1,-1,-1,1,1,1
2016051603833,1,9,0,18,0,0,0,0,0,0,1,1,6,1,50,8,1598,1,8,3,1,3
2016051603833,2,9,0,3,0,0,0,0,0,0,3,1,6,2,52,8,1299,1,15,1,1,1
2016051603835,1,9,0,18,0,0,2,0,6,6,3,1,6,1,24,5,1596,1,11,1,1,1
2016051603836,1,9,0,9,0,5,0,0,0,0,1,1,6,2,69,10,1560,2,2,3,1,3
2016051603836,2,9,0,18,0,1,0,0,0,0,1,2,6,2,44,7,1998,1,6,1,1,1
2016051603837,1,9,0,13,0,1,0,0,0,0,1,1,6,2,31,6,999,1,-1,1,1,1
2016051603837,2,9,0,9,0,8,0,0,0,0,1,1,6,2,45,7,1753,2,16,6,1,6
2016051603839,1,9,0,18,0,8,0,0,0,0,1,1,6,1,18,4,1910,2,8,6,1,6
2016051603839,2,9,0,18,0,8,1,0,1,11,4,1,6,1,44,7,1364,1,3,6,1,6
2016051603840,1,9,0,13,0,1,0,0,7,11,1,1,6,3,-1,-1,-1,-1,-1,-1,-1,-1
2016051603840,2,8,0,9,0,5,0,0,7,11,3,1,1,1,28,6,-1,-1,-1,1,1,1
2016051603841,1,9,0,9,0,1,0,0,0,0,1,1,6,2,68,10,973,1,14,5,1,5
2016051603841,2,1,0,18,0,8,0,0,0,0,2,1,6,1,60,9,-1,-1,-1,4,1,4
2016051603842,1,9,0,18,0,1,0,0,0,0,4,1,6,3,-1,-1,-1,-1,-1,-1,-1,-1
2016051603843,1,9,0,13,0,0,0,0,0,0,4,1,6,3,-1,-1,-1,-1,-1,-1,-1,-1
2016051603845,1,9,0,9,0,5,0,0,0,0,1,1,1,1,61,9,1968,2,5,1,1,1
2016051603845,2,3,0,18,0,1,0,0,0,0,1,1,6,1,22,5,125,1,6,1,1,1
2016051603846,1,9,0,5,0,1,0,0,0,0,1,1,2,1,43,7,1598,1,15,1,1,1
2016051603846,2,9,0,5,0,8,0,0,0,0,0,1,6,1,40,7,1596,1,7,1,1,1
2016051603846,3,9,0,18,0,1,0,0,0,0,0,1,1,1,39,7,1560,2,-1,-1,-1,-1
2016051603851,1,8,0,18,0,8,0,0,0,0,1,1,1,1,60,9,2499,2,9,1,1,1
2016051603854,1,9,0,18,0,8,0,0,0,0,1,1,6,2,41,7,1598,1,2,2,1,2
2016051603854,2,8,0,9,0,8,0,0,0,0,1,1,1,1,53,8,1896,2,6,1,1,1
2016051603855,1,9,0,15,0,0,0,0,0,0,4,1,6,3,-1,-1,-1,-1,-1,-1,-1,-1
2016051603855,2,9,0,2,0,0,0,0,0,0,3,1,6,3,-1,-1,-1,-1,-1,-1,-1,-1
2016051603856,1,9,0,7,0,5,0,0,0,0,1,1,6,2,28,6,1242,1,8,5,1,5
2016051603858,1,9,0,2,0,6,0,0,0,0,1,1,1,1,37,7,2993,2,3,-1,-1,-1
2016051603858,2,9,0,7,0,6,0,0,0,0,1,1,1,1,35,6,2993,2,6,-1,-1,-1
2016051603858,3,9,0,1,0,6,0,0,0,0,1,1,6,1,26,6,-1,-1,-1,1,1,1
2016051603859,1,9,0,2,0,0,0,0,0,0,1,1,1,1,39,7,-1,-1,-1,-1,-1,-1
2016051603859,2,9,0,18,0,0,0,0,0,0,1,1,6,3,-1,-1,-1,-1,-1,-1,-1,-1
2016051603859,3,9,0,2,0,0,0,0,0,0,2,1,6,3,-1,-1,1753,2,7,-1,-1,-1
2016051603866,1,9,0,1,0,1,0,0,0,0,2,1,6,1,62,9,-1,-1,-1,1,1,1
2016051603868,1,19,0,18,0,1,0,0,0,0,1,1,6,3,-1,-1,-1,-1,-1,-1,-1,-1
2016051603868,2,9,0,18,0,1,0,0,0,0,2,1,1,2,49,8,996,1,3,5,1,5
2016051603869,1,9,0,18,0,0,0,0,0,0,1,1,6,2,21,5,1598,2,1,8,1,8
2016051603869,2,9,0,18,0,0,0,0,0,0,1,1,6,2,25,5,1242,1,6,1,1,1
2016051603869,3,19,0,4,0,0,0,0,0,0,2,1,6,1,54,8,1248,2,3,5,1,5
2016051603870,1,9,0,9,0,5,0,0,0,0,1,1,6,2,36,7,1968,2,2,1,1,1
2016051603871,1,9,0,18,0,1,5,0,0,0,1,1,6,1,28,6,1560,2,-1,1,1,1
2016051603872,1,9,0,5,0,1,0,0,0,0,1,1,6,1,75,10,1339,1,4,7,1,7
2016051603872,2,9,0,18,0,1,0,0,0,0,1,1,6,2,30,6,1999,1,10,9,1,9
2016051603873,1,9,0,4,0,1,0,0,0,0,1,1,6,1,72,10,1968,2,2,10,1,10
2016051603873,2,1,0,18,0,1,0,0,0,0,4,1,6,1,63,9,-1,-1,-1,3,1,3
2016051603873,3,1,0,18,0,1,0,0,0,0,1,1,6,1,63,9,-1,-1,-1,10,1,10
2016051603874,1,9,0,1,0,6,0,0,0,0,2,1,6,1,87,11,1386,1,10,4,1,4
2016051603874,2,9,0,18,0,1,0,0,1,0,1,1,6,1,67,10,1206,1,3,4,1,4
2016051603875,1,9,0,5,0,6,0,0,0,0,3,1,6,1,35,6,1753,2,9,5,1,5
2016051603875,2,19,0,18,0,1,0,0,0,0,1,1,1,1,23,5,1905,2,18,5,1,5
2016051603876,1,9,0,5,0,1,0,0,0,0,3,1,6,1,63,9,1398,1,2,9,1,9
2016051603876,2,2,0,18,0,1,0,0,0,0,1,1,6,1,16,4,49,1,10,4,1,4
2016051603878,1,9,0,17,0,2,0,0,0,0,1,1,2,2,40,7,1360,1,12,1,1,1
2016051603879,1,9,0,9,0,1,0,0,0,0,3,1,6,2,29,6,1560,2,3,3,1,3
2016051603879,2,9,0,18,0,1,0,0,0,0,1,1,6,1,28,6,1679,1,15,1,1,1
2016051603880,1,9,0,5,0,2,0,0,0,0,3,1,6,2,28,6,1868,2,15,5,1,5
2016051603880,2,9,0,18,0,1,0,0,7,0,1,1,2,2,57,9,1197,1,2,9,1,9
2016051603881,1,9,0,18,0,1,0,0,0,0,0,1,1,1,36,7,2993,2,5,-1,-1,-1
2016051603881,2,9,0,5,0,8,0,0,0,0,1,1,1,1,48,8,1984,1,4,7,1,7
2016051603881,3,9,0,4,0,8,0,0,0,0,2,1,6,2,23,5,1299,1,13,-1,-1,-1
2016051603885,1,9,0,18,0,1,0,0,0,0,1,1,6,1,-1,-1,-1,-1,-1,-1,-1,-1
2016051603885,2,19,0,3,0,1,0,0,0,0,4,1,1,1,30,6,1461,2,3,-1,2,-1
2016051603885,3,9,0,3,0,1,0,0,0,0,3,1,1,2,36,7,1956,2,7,1,1,1
2016051603885,4,9,0,3,0,1,0,0,0,0,3,1,6,2,47,8,1796,1,2,4,1,4
2016051603886,1,9,0,12,0,0,0,0,0,0,1,1,6,2,34,6,1870,2,11,-1,-1,-1
2016051603886,2,9,0,4,0,0,0,0,0,0,2,1,6,2,45,7,1560,2,8,1,1,1
2016051603887,1,9,0,18,0,0,1,0,0,0,1,1,2,2,32,6,1229,1,10,4,1,4
2016051603888,1,9,0,3,0,0,0,0,0,0,0,1,2,1,34,6,1896,2,14,1,1,1
2016051603888,2,1,0,18,0,0,0,0,0,0,0,1,6,1,52,8,-1,-1,-1,4,1,4
2016051603889,1,1,0,18,0,8,0,0,0,0,4,1,6,2,29,6,-1,-1,-1,6,1,6
2016051603889,2,9,0,18,0,4,0,0,0,0,1,1,2,1,36,7,1368,1,8,2,1,2
2016051603891,1,9,0,9,0,1,0,0,0,0,1,1,6,3,-1,-1,-1,-1,-1,-1,-1,-1
2016051603891,2,5,0,10,0,1,0,0,0,0,1,1,6,1,27,6,1200,1,17,1,1,1
2016051603893,1,8,0,7,0,1,0,0,0,0,1,1,1,1,60,9,2664,2,15,6,1,6
2016051603893,2,1,0,18,0,1,0,0,0,0,4,1,1,1,37,7,-1,-1,-1,3,1,3
2016051603894,1,9,0,9,0,5,0,0,0,0,1,1,3,2,42,7,998,1,4,1,1,1
2016051603898,1,9,0,18,0,0,1,0,1,0,1,1,6,2,30,6,1796,1,4,1,1,1
2016051603900,1,20,0,16,0,3,0,0,0,0,3,1,6,2,33,6,-1,-1,-1,6,1,6
2016051603900,2,9,0,18,0,1,0,0,1,0,1,1,1,1,50,8,1753,2,7,2,1,2
2016051603901,1,9,0,5,0,2,0,0,0,0,4,1,6,2,55,8,1997,2,1,2,1,2
2016051603901,2,8,0,18,0,1,0,0,0,0,1,1,1,1,52,8,2664,2,16,1,1,1
2016051603902,1,9,0,9,0,1,0,0,0,0,1,1,2,1,46,8,1997,1,11,1,1,1
2016051603902,2,3,0,16,0,1,0,0,7,11,1,1,2,1,26,6,125,1,-1,4,1,4
2016051603903,1,9,0,9,0,8,0,0,0,0,1,1,6,1,25,5,1299,1,15,8,1,8
2016051603904,1,9,0,9,0,5,0,0,0,0,1,1,6,2,82,11,1781,1,13,10,1,10
2016051603904,2,1,0,18,0,1,0,0,0,0,1,1,6,1,64,9,-1,-1,-1,7,1,7
2016051603905,1,9,0,18,0,1,0,0,0,0,1,1,6,1,18,4,1496,2,1,8,1,8
2016051603905,2,9,0,10,0,1,0,0,0,0,2,1,6,2,33,6,1596,1,8,1,1,1
2016051603907,1,9,0,9,0,6,0,0,0,0,4,1,6,2,49,8,1598,1,13,5,1,5
2016051603908,1,9,0,18,0,0,0,0,0,0,1,1,6,3,-1,-1,-1,-1,-1,-1,-1,-1
2016051603908,2,1,0,18,0,0,0,0,0,0,3,1,6,1,47,8,-1,-1,-1,1,1,1
2016051603909,1,9,0,9,0,6,0,0,0,0,3,1,6,2,45,7,1398,1,6,1,1,1
2016051603912,1,19,0,5,0,1,0,0,0,0,1,1,6,3,-1,-1,-1,-1,-1,-1,-1,-1
2016051603912,2,8,0,10,0,1,0,0,0,0,2,1,6,1,62,9,-1,-1,-1,2,1,2
2016051603914,1,9,0,9,0,6,0,0,0,0,1,1,6,2,52,8,998,1,6,6,1,6
2016051603914,2,1,0,18,0,1,0,0,0,0,1,1,2,1,25,5,-1,-1,-1,3,1,3
2016051603915,1,9,0,18,0,8,0,0,0,0,1,1,6,3,-1,-1,-1,-1,-1,-1,-1,-1
2016051603917,1,9,0,9,0,6,0,0,0,0,4,1,6,1,34,6,1910,2,10,1,1,1
2016051603917,2,9,0,18,0,8,0,0,0,0,1,1,6,1,34,6,1587,1,12,1,1,1
2016051603918,1,9,0,18,0,2,0,0,0,0,1,1,6,1,46,8,1598,1,10,1,1,1
2016051603919,1,9,0,9,0,2,0,0,0,0,1,1,6,3,72,10,1591,1,5,7,1,7
2016051603919,2,9,0,5,0,2,0,0,0,0,3,1,6,2,54,8,1461,2,2,1,1,1
2016051603920,1,9,0,5,0,1,0,0,0,0,0,1,1,1,41,7,1997,2,7,2,1,2
2016051603921,1,9,0,18,0,6,0,0,0,0,3,1,6,3,-1,-1,-1,-1,-1,-1,-1,-1
2016051603921,2,9,0,18,0,1,0,0,0,0,1,1,6,1,57,9,-1,-1,-1,1,1,1
2016051603923,1,9,0,5,0,1,0,0,0,0,1,1,6,1,32,6,1968,2,1,2,1,2
2016051603924,1,9,0,18,0,8,1,0,1,10,1,1,1,1,29,6,1582,2,3,-1,-1,-1
2016051603924,2,9,0,9,0,8,0,0,0,0,1,1,6,2,83,11,1388,1,13,9,1,9
2016051603925,1,9,0,5,0,6,0,0,0,0,1,1,6,3,-1,-1,-1,-1,-1,-1,-1,-1
2016051603925,2,9,0,18,0,1,0,0,0,0,4,1,6,2,52,8,1242,1,13,1,1,1
2016051603925,3,9,0,18,0,1,0,0,0,0,0,1,6,2,56,9,1560,2,1,2,1,2
2016051603927,1,9,0,18,0,1,0,0,0,0,1,1,6,3,-1,-1,-1,-1,-1,-1,-1,-1
2016051603927,2,9,0,3,0,1,0,0,0,0,2,1,6,2,48,8,1000,1,1,8,1,8
2016051603928,1,9,0,18,0,0,0,0,0,0,1,1,6,1,23,5,1242,1,2,1,1,1
2016051603928,2,9,0,18,0,0,0,0,0,0,1,1,2,1,19,4,1086,1,12,8,1,8
2016051603928,3,19,0,18,0,0,0,0,0,0,1,1,1,1,59,9,2402,2,13,2,1,2
2016051603928,4,9,0,18,0,0,0,0,0,0,3,1,1,2,42,7,1598,2,3,9,3,9
2016051603928,5,9,0,18,0,0,0,0,0,0,2,1,1,1,53,8,1995,2,4,7,1,7
2016051603928,6,9,0,18,0,0,0,0,1,0,2,1,6,2,33,6,4266,6,16,1,1,1
2016051603930,1,9,0,16,0,0,0,0,0,0,1,1,6,3,-1,-1,-1,-1,-1,-1,-1,-1
2016051603930,2,9,0,17,0,0,0,0,0,0,2,1,6,1,41,7,2496,1,14,1,1,1
2016051603930,3,9,0,2,0,0,0,0,0,0,2,1,6,3,-1,-1,-1,-1,-1,-1,-1,-1
2016051603930,4,19,0,2,0,0,0,0,0,0,1,1,6,3,-1,-1,-1,-1,-1,-1,-1,-1
2016051603931,1,9,0,18,0,8,0,0,3,11,1,1,6,2,90,11,1299,1,12,2,1,2
2016051603932,1,19,0,13,0,1,0,0,7,10,1,1,6,1,46,8,2299,2,5,1,1,1
2016051603932,2,19,0,9,0,1,0,0,0,0,3,1,6,1,42,7,2198,2,3,2,1,2
2016051603933,1,9,0,18,0,0,0,0,0,0,1,1,6,2,25,5,1997,2,-1,4,1,4
2016051603934,1,9,0,18,0,0,0,0,0,0,1,1,6,2,51,8,1461,2,-1,2,1,2
2016051603935,1,9,0,9,0,5,0,0,0,0,4,1,6,2,27,6,1497,1,16,2,1,2
2016051603935,2,9,0,18,0,1,0,0,0,0,1,1,6,1,79,11,1198,1,1,1,1,1
2016051603936,1,19,0,9,0,5,0,0,0,0,1,1,6,3,-1,-1,-1,-1,-1,-1,-1,-1
2016051603936,2,8,0,18,0,1,0,0,0,0,1,1,1,1,26,6,1896,2,9,1,1,1
2016051603937,1,11,0,4,0,0,1,0,0,0,1,1,1,1,28,6,8268,2,14,1,1,1
2016051603937,2,9,0,3,0,0,0,0,0,0,2,1,6,1,19,4,1896,2,7,1,1,1
2016051603937,3,9,0,3,0,0,0,0,0,0,2,1,2,2,43,7,1397,1,4,6,1,6
2016051603937,4,9,0,3,0,0,0,0,0,0,2,1,6,2,32,6,1242,1,7,1,1,1
2016051603937,5,19,0,3,0,0,0,0,0,0,2,1,1,1,48,8,1560,2,1,3,1,3
2016051603938,1,9,0,4,0,0,0,0,0,0,1,1,1,1,32,6,-1,-1,-1,-1,-1,-1
2016051603938,2,9,0,1,0,0,0,0,0,0,2,1,6,1,36,7,-1,-1,-1,1,1,1
2016051603939,1,3,0,18,0,0,0,0,0,0,1,1,6,1,18,4,-1,-1,-1,6,1,6
2016051603939,2,9,0,2,0,0,0,0,0,0,1,1,6,3,-1,-1,2000,2,7,-1,-1,-1
2016051603941,1,9,0,5,0,0,0,0,0,0,3,1,2,1,20,4,1498,1,-1,5,1,5
2016051603941,2,21,1,18,0,0,0,0,0,0,1,1,1,1,54,8,12777,2,9,-1,1,-1
2016051603941,3,9,0,2,0,0,0,0,0,0,2,1,2,1,27,6,1560,2,6,1,1,1
2016051603942,1,9,0,9,0,8,0,0,0,0,1,1,6,2,70,10,1242,1,5,10,1,10
2016051603942,2,9,0,18,0,1,0,0,0,0,1,1,6,1,77,11,1395,1,2,8,1,8
2016051603944,1,9,0,18,0,1,0,0,0,0,1,1,6,1,61,9,1368,1,6,2,1,2
2016051603946,1,9,0,4,0,1,0,0,0,0,0,1,1,1,28,6,1582,2,3,1,1,1
2016051603946,2,9,0,7,0,1,0,0,0,0,1,1,6,2,23,5,998,1,2,2,1,2
2016051603946,3,9,0,7,0,1,0,0,0,0,2,1,6,1,50,8,1339,8,8,3,1,3
2016051603948,1,11,0,18,0,0,0,0,0,0,0,1,1,1,34,6,9000,2,7,3,1,3
2016051603948,2,9,0,13,0,0,0,0,0,0,0,1,6,3,-1,-1,-1,-1,-1,-1,-1,-1
2016051603951,1,9,0,18,0,6,0,0,3,10,1,1,6,1,32,6,1560,2,2,5,1,5
2016051603951,2,9,0,18,0,8,1,0,0,0,3,1,2,1,37,7,1422,2,15,4,1,4
2016051603953,1,9,0,4,0,0,0,0,0,0,1,1,6,2,21,5,1461,2,1,9,2,9
2016051603953,2,9,0,3,0,0,0,0,0,0,2,1,2,2,25,5,998,1,2,2,1,2
2016051603956,1,19,0,18,0,1,0,11,0,0,1,1,6,1,31,6,-1,-1,-1,2,1,2
2016051603956,2,9,0,2,0,2,0,0,0,0,2,1,6,1,58,9,1598,1,11,1,1,1
2016051603956,3,9,0,18,0,2,1,0,0,0,1,1,6,2,26,6,998,1,23,3,1,3
2016051603956,4,9,0,18,0,2,0,0,0,0,1,1,6,1,72,10,1086,1,11,1,1,1
2016051603957,1,9,0,18,0,1,0,0,0,0,1,1,6,1,55,8,1242,1,13,1,1,1
2016051603957,2,1,0,18,0,1,0,0,0,0,3,1,6,1,27,6,-1,-1,-1,4,1,4
2016051603957,3,9,0,4,0,1,0,0,0,0,3,1,6,1,65,9,1149,1,-1,3,1,3
2016051603958,1,9,0,1,0,1,0,0,0,0,2,1,6,1,59,9,1597,1,17,3,1,3
2016051603958,2,9,0,3,0,1,0,0,0,0,1,1,2,2,54,8,1598,1,5,1,1,1
2016051603959,1,9,0,18,0,0,0,0,0,0,1,1,6,2,25,5,-1,-1,-1,2,1,2
2016051603960,1,9,0,18,0,1,0,0,0,0,0,1,1,1,40,7,2792,1,8,2,1,2
2016051603960,2,21,1,18,0,8,0,0,0,0,1,1,1,1,70,10,12777,2,9,2,1,2
2016051603960,3,9,0,4,0,8,0,0,0,0,2,1,6,1,41,7,1248,2,8,1,1,1
2016051603962,1,9,0,16,0,0,0,0,0,0,1,1,6,2,26,6,1368,1,6,2,1,2
2016051603963,1,9,0,18,0,1,0,0,1,0,1,1,2,1,24,5,1686,2,12,5,1,5
2016051603963,2,3,0,10,0,1,0,0,0,0,3,1,6,1,18,4,125,1,2,1,1,1
2016051603965,1,9,0,18,0,0,0,0,0,0,4,1,6,1,57,9,1560,2,2,1,1,1
2016051603968,1,9,0,18,0,0,0,0,0,0,1,1,6,1,27,6,1398,1,3,2,1,2
2016051603970,1,9,0,18,0,8,0,0,0,0,0,1,6,1,56,9,-1,3,-1,1,1,1
2016051603971,1,8,0,9,0,8,0,0,0,0,1,1,6,1,53,8,1998,2,9,1,1,1
2016051603972,1,9,0,9,0,1,0,0,0,0,1,1,2,1,55,8,1364,1,10,3,1,3
2016051603972,2,8,0,18,0,8,0,0,0,0,1,1,1,1,57,9,1997,2,9,7,1,7
2016051603973,1,9,0,9,0,1,0,0,0,0,1,1,6,2,37,7,1461,2,1,4,1,4
2016051603973,2,9,0,18,0,1,0,0,0,0,1,1,6,2,20,4,1242,1,4,8,1,8
2016051603975,1,19,0,5,0,3,0,0,7,0,1,1,6,1,38,7,-1,-1,-1,4,1,4
2016051603975,2,1,0,5,0,3,0,0,0,0,2,1,2,1,40,7,-1,-1,-1,1,1,1
2016051603976,1,11,0,9,0,6,0,0,0,0,4,1,1,1,56,9,6700,2,7,1,1,1
2016051603978,1,4,0,18,0,8,0,7,0,0,1,1,6,1,77,11,398,1,24,7,1,7
2016051603979,1,1,0,18,0,0,0,0,0,0,1,1,6,1,23,5,-1,-1,-1,1,1,1
2016051603979,2,9,0,4,0,0,0,0,0,0,2,1,6,1,58,9,1198,1,4,9,1,9
2016051603982,1,9,0,18,0,0,1,0,0,0,1,1,2,1,43,7,1388,1,9,1,1,1
2016051603984,1,9,0,5,0,1,0,0,0,0,1,1,6,2,44,7,1995,2,2,2,1,2
2016051603984,2,1,0,18,0,1,0,0,0,0,4,1,2,2,26,6,-1,-1,-1,1,1,1
2016051603985,1,9,0,5,0,8,0,0,0,0,3,1,6,1,20,4,1197,1,5,4,1,4
2016051603985,2,9,0,18,0,1,0,0,0,0,1,1,6,1,56,9,1596,1,15,1,1,1
2016051603986,1,9,0,18,0,4,0,0,0,0,1,1,6,2,33,6,1598,2,2,1,1,1
2016051603986,2,3,0,18,0,8,0,0,0,0,1,1,6,1,45,7,123,1,5,-1,-1,-1
2016051603987,1,9,0,18,0,1,0,0,0,0,1,1,6,1,25,5,1596,1,5,4,1,4
2016051603988,1,9,0,17,0,0,0,0,0,0,1,1,6,2,28,6,1364,1,9,8,1,8
2016051603989,1,8,0,18,0,0,0,0,0,0,1,1,1,1,34,6,1596,1,4,1,1,1
2016051603989,2,3,0,18,0,0,0,0,0,0,1,1,6,1,21,5,124,1,-1,1,1,1
2016051603990,1,9,0,7,0,5,1,0,0,0,1,1,6,1,56,9,1396,1,15,5,1,5
2016051603990,2,90,0,8,0,1,0,0,0,0,3,1,6,2,50,8,1971,1,27,3,1,3
2016051603991,1,9,0,9,0,2,0,0,0,0,1,1,1,1,48,8,1794,1,9,2,1,2
2016051603992,1,8,0,18,0,4,0,0,0,0,1,1,1,1,63,9,2143,2,5,1,1,1
2016051603992,2,9,0,18,0,3,0,0,7,0,4,1,1,1,29,6,998,1,14,1,1,1
2016051603993,1,9,0,18,0,4,2,10,1,9,1,1,6,1,32,6,1781,1,15,1,1,1
2016051603994,1,9,0,18,0,0,0,0,1,1,1,2,6,2,63,9,1197,1,2,1,1,1
2016051603995,1,9,0,18,0,2,0,0,0,0,1,1,6,2,33,6,1398,1,2,1,1,1
2016051603996,1,9,0,5,0,8,0,0,0,0,1,1,6,2,48,8,1968,2,4,-1,3,-1
2016051603996,2,9,0,18,0,1,0,0,0,0,1,1,6,2,31,6,1968,2,10,3,1,3
2016051603997,1,9,0,18,0,0,1,10,6,0,2,1,6,1,28,6,1995,1,7,2,1,2
2016051603997,2,20,4,18,0,0,0,0,0,0,1,1,1,1,60,9,12419,2,-1,7,1,7
2016051603998,1,9,0,18,0,8,0,0,0,0,1,1,6,3,-1,-1,-1,-1,-1,-1,-1,-1
2016051604001,1,9,0,4,0,0,0,0,0,0,2,1,6,3,-1,-1,-1,-1,-1,-1,-1,-1
2016051604001,2,1,0,4,0,0,0,0,0,0,1,1,6,1,31,6,-1,-1,-1,1,1,1
2016051604002,1,9,0,13,0,1,1,10,0,0,4,1,6,3,-1,-1,-1,-1,-1,-1,-1,-1
2016051604002,2,9,0,9,0,8,2,0,0,0,3,1,6,1,45,7,1461,2,1,5,1,5
2016051604006,1,9,0,5,0,0,0,0,0,0,3,1,6,3,-1,-1,-1,-1,-1,-1,-1,-1
2016051604007,1,11,0,18,0,1,0,0,0,0,4,1,1,1,34,6,6700,2,7,4,1,4
2016051604008,1,9,0,18,0,0,0,0,0,0,4,1,2,1,27,6,1596,1,13,3,1,3
2016051604010,1,3,0,18,0,0,1,0,0,0,3,1,6,1,19,4,125,1,10,6,1,6
2016051604010,2,9,0,18,0,0,0,0,0,0,1,1,6,1,25,5,1995,2,9,2,1,2
2016051604011,1,9,0,9,0,2,0,0,0,0,1,1,6,1,18,4,-1,-1,-1,2,1,2
2016051604012,1,9,0,18,0,0,0,0,0,0,1,1,6,2,29,6,1598,1,7,1,1,1
2016051604012,2,9,0,2,0,0,0,0,0,0,2,1,6,1,28,6,998,1,2,4,1,4
2016051604014,1,9,0,18,0,8,0,0,0,0,1,1,2,1,22,5,1229,1,10,-1,-1,-1
2016051604014,2,9,0,9,0,8,0,0,0,0,3,1,2,1,41,7,1598,1,11,1,1,1
2016051604017,1,9,0,13,0,1,0,0,0,0,1,1,6,1,41,7,1685,2,-1,-1,-1,-1
2016051604017,2,9,0,4,0,1,0,0,0,0,3,1,6,1,19,4,1560,2,9,2,1,2
2016051604017,3,9,0,2,0,2,0,0,7,2,2,1,6,3,-1,-1,998,1,3,-1,-1,-1
2016051604019,1,19,0,10,0,1,0,0,0,0,1,1,1,1,61,9,2402,2,5,2,1,2
2016051604019,2,3,0,18,0,1,0,0,0,0,1,1,6,1,22,5,100,1,16,2,1,2
2016051604020,1,9,0,18,0,0,0,0,0,0,1,1,6,1,28,6,1596,1,14,4,1,4
2016051604020,2,9,0,3,0,0,0,0,0,0,2,1,6,2,52,8,1999,2,-1,8,2,8