Accident_Index,Vehicle_Reference,Vehicle_Type,Towing_and_Articulation,Vehicle_Manoeuvre,Vehicle_Location-Restricted_Lane,Junction_Location,Skidding_and_Overturning,Hit_Object_in_Carriageway,Vehicle_Leaving_Carriageway,Hit_Object_off_Carriageway,1st_Point_of_Impact,Was_Vehicle_Left_Hand_Drive?,Journey_Purpose_of_Driver,Sex_of_Driver,Age_of_Driver,Age_Band_of_Driver,Engine_Capacity_(CC),Propulsion_Code,Age_of_Vehicle,Driver_IMD_Decile,Driver_Home_Area_Type,Vehicle_IMD_Decile
201606A018863,2,8,0,18,0,0,0,0,0,0,1,1,1,1,30,6,-1,-1,-1,1,1,1
201606A018867,1,11,0,18,2,0,0,0,0,0,1,1,1,1,32,6,4461,2,3,7,2,7
201606A018884,1,9,0,18,0,2,0,0,0,0,1,1,6,1,34,6,1600,1,16,10,1,10
201606A018902,1,21,1,9,0,8,0,0,0,0,1,2,1,1,50,8,-1,-1,-1,-1,-1,-1
201606A018902,2,9,0,18,0,8,0,0,0,0,3,1,1,1,26,6,1968,2,7,1,1,1
201606A019049,1,9,0,9,0,5,0,0,1,10,3,1,6,2,44,7,998,1,11,3,1,3
201606A019049,2,9,0,18,0,8,0,0,7,10,4,1,1,1,52,8,1968,2,4,1,1,1
201606A019049,3,9,0,18,0,2,0,0,0,0,2,1,2,2,47,8,-1,-1,-1,6,1,6
201606A019170,1,9,0,18,0,0,0,0,0,0,1,1,6,1,72,10,1598,1,3,1,1,1
201606A019187,1,9,0,9,0,5,0,0,0,0,4,1,6,2,43,7,1242,1,5,4,1,4
201606A019187,2,5,0,18,0,8,0,0,0,0,1,1,6,1,36,7,599,1,13,8,1,8
201606A019290,1,9,0,1,0,0,0,0,0,10,2,1,6,3,-1,-1,1242,1,16,-1,-1,-1
201606A019290,2,1,0,18,0,0,0,0,0,0,1,1,6,1,20,4,-1,-1,-1,1,1,1
201606A019290,3,9,0,2,0,0,0,0,0,0,1,1,6,3,-1,-1,-1,-1,-1,-1,-1,-1
201606A019351,1,1,0,18,0,0,0,0,0,0,1,1,6,1,30,6,-1,-1,-1,-1,-1,-1
201606A019351,2,9,0,3,0,0,0,0,0,0,2,1,1,2,47,8,2993,2,-1,4,1,4
201606A019428,1,19,0,18,0,8,0,0,0,0,1,1,1,1,22,5,2143,2,3,1,1,1
201606A019428,2,9,0,18,0,8,0,0,0,0,4,1,1,1,29,6,2179,2,3,5,1,5
201606A019469,1,19,0,18,0,1,0,0,0,0,1,1,1,1,48,8,2198,2,-1,2,1,2
201606A019469,2,9,0,4,0,1,0,0,0,0,2,1,6,2,41,7,-1,-1,-1,6,1,6
201606A019507,1,9,0,16,0,0,0,0,0,0,1,1,6,1,30,6,1997,2,13,-1,-1,-1
201606A019515,1,9,0,9,0,8,0,0,0,0,1,1,6,2,20,4,999,1,1,5,1,5
201606A019515,2,1,0,18,0,8,0,0,0,0,1,1,6,1,46,8,-1,-1,-1,2,1,2
201606A019524,1,19,0,18,0,8,0,0,0,0,1,1,1,1,25,5,1868,2,10,1,1,1
201606A019524,2,1,0,18,4,8,0,0,0,0,1,1,2,1,40,7,-1,-1,-1,9,1,9
201606A019539,1,9,0,18,0,0,0,0,0,0,3,1,6,1,29,6,1950,2,-1,-1,-1,-1
201606A019579,1,9,0,9,0,8,0,0,0,0,1,1,6,1,39,7,1686,2,14,-1,-1,-1
201606A019579,2,1,0,18,4,8,0,0,0,0,3,1,6,2,24,5,-1,-1,-1,-1,-1,-1
201606A019653,1,9,0,4,0,8,0,0,0,0,1,1,6,2,30,6,1398,1,-1,1,1,1
201606A019653,2,9,0,4,0,8,0,0,0,0,2,1,6,2,24,5,1329,1,2,2,1,2
201606A019653,3,9,0,4,0,8,0,0,0,0,1,1,6,2,44,7,1796,1,8,6,1,6
201606A019759,1,9,0,9,0,8,0,0,0,0,4,1,6,2,21,5,999,1,-1,2,1,2
201606A019759,2,5,0,18,0,8,0,0,0,0,1,1,6,1,20,4,645,1,16,-1,-1,-1
201606A019786,1,9,0,9,0,5,0,0,0,0,1,1,6,3,-1,-1,1124,1,15,-1,-1,-1
201606A019786,2,9,0,18,0,8,0,0,0,0,1,1,6,1,68,10,1197,1,1,2,1,2
201606A019869,1,9,0,7,9,6,0,0,0,0,4,1,6,1,30,6,1560,2,-1,-1,-1,-1
201606A019869,2,1,0,4,9,8,0,0,0,0,1,1,6,2,44,7,-1,-1,-1,1,1,1
201606A019889,1,9,0,7,0,6,0,0,0,0,3,1,6,1,30,6,1242,1,12,-1,-1,-1
201606A019889,2,9,0,17,0,8,0,0,0,0,4,1,6,2,57,9,1296,1,8,6,1,6
201606A019889,3,9,0,18,0,1,0,0,0,0,0,1,1,1,30,6,-1,-1,-1,-1,-1,-1
201606A019889,4,9,0,18,0,1,0,0,0,0,0,1,1,1,30,6,-1,-1,-1,-1,-1,-1
201606A019923,1,9,0,18,0,8,0,0,1,10,1,1,6,1,22,5,1991,1,2,6,1,6
201606A019923,2,9,0,18,0,8,0,0,0,0,4,1,6,1,44,7,1560,2,4,5,1,5
201606A020035,1,9,0,18,0,2,0,0,0,0,4,1,6,2,44,7,973,1,17,8,1,8
201606A020067,1,9,0,18,0,8,0,0,0,0,3,1,2,1,30,6,3993,1,-1,1,1,1
201606A020067,2,9,0,9,0,8,0,0,0,0,1,1,6,1,25,5,1296,1,9,6,1,6
201606A020239,1,9,0,18,0,8,0,0,0,0,1,1,6,2,30,6,1198,1,14,-1,-1,-1
201606A020239,2,1,0,18,0,8,0,0,0,0,2,1,6,1,35,6,-1,-1,-1,2,1,2
201606A020292,1,9,0,9,0,8,0,0,0,0,4,1,6,3,-1,-1,-1,-1,-1,-1,-1,-1
201606A020292,2,3,0,18,0,8,0,0,0,0,1,1,6,1,26,6,124,1,8,2,1,2
201606A020296,1,1,0,18,0,1,0,0,0,0,4,1,6,1,17,4,-1,-1,-1,1,1,1
201606A020296,2,9,0,18,0,1,0,0,0,0,1,1,6,1,22,5,1560,2,3,2,1,2
201606A020340,1,9,0,9,0,1,0,0,0,0,3,1,2,2,39,7,-1,-1,-1,1,1,1
201606A020365,1,9,0,7,5,6,0,0,0,0,1,1,6,1,41,7,1596,1,14,2,1,2
201606A020365,2,1,0,18,0,8,0,0,0,0,1,1,6,1,59,9,-1,-1,-1,1,1,1
201606A020424,1,9,0,7,0,1,0,0,0,0,1,1,6,1,30,6,-1,-1,-1,-1,-1,-1
201606A020424,2,9,0,8,0,1,0,0,0,0,2,1,1,2,40,7,-1,-1,-1,1,1,1
201606A020446,1,8,0,18,0,8,0,0,0,0,1,1,1,1,50,8,1598,2,6,2,1,2
201606A020446,2,9,0,9,0,8,0,0,0,0,4,1,6,1,26,6,-1,-1,-1,2,1,2
201606A020468,1,9,0,18,0,8,1,0,0,0,0,1,6,3,-1,-1,-1,-1,-1,-1,-1,-1
201606A020468,2,19,0,18,0,8,1,0,0,0,2,1,1,1,31,6,-1,-1,-1,1,1,1
201606A020468,3,9,0,18,0,8,1,0,0,0,1,1,1,2,31,6,1896,2,9,10,2,10
201606A020544,1,11,0,5,0,1,0,0,0,0,0,1,1,1,30,6,6700,2,7,-1,-1,-1
201606A020559,1,9,0,1,0,0,0,0,0,0,2,1,6,1,30,6,-1,-1,-1,-1,-1,-1
201606A020586,1,9,0,3,0,1,0,0,0,0,1,1,6,1,30,6,1968,2,6,-1,-1,-1
201606A020586,2,9,0,3,0,1,0,0,0,0,2,1,3,2,27,6,1296,1,10,2,1,2
201606A020586,3,9,0,3,0,1,0,0,0,0,2,1,2,2,40,7,-1,-1,-1,9,1,9
201606A020678,1,9,0,18,0,8,5,0,1,1,4,1,6,1,25,5,1398,1,-1,3,1,3
201606A020678,2,9,0,18,0,8,0,0,0,0,1,1,6,1,63,9,2099,1,14,10,1,10
201606A020721,1,9,0,9,0,5,0,0,0,0,3,1,4,2,30,6,-1,-1,-1,1,1,1
201606A020721,2,2,0,13,0,8,0,0,7,0,2,1,6,1,30,6,-1,-1,-1,1,1,1
201606A020748,1,1,0,18,9,0,0,0,0,0,1,1,4,2,12,3,-1,-1,-1,-1,-1,-1
201606A020748,2,9,0,3,0,0,0,0,0,0,4,1,2,2,41,7,998,1,2,2,1,2
201606A020811,1,9,0,9,0,8,0,0,0,0,4,1,1,2,24,5,1200,1,-1,-1,-1,-1
201606A020811,2,1,0,18,0,8,0,0,0,0,4,1,1,1,37,7,-1,-1,-1,1,1,1
201606A020826,1,9,0,9,0,8,0,0,0,0,0,1,6,2,30,6,1197,1,1,-1,-1,-1
201606A020837,1,9,0,9,0,5,0,0,0,0,0,1,6,3,-1,-1,-1,-1,-1,-1,-1,-1
201606A020837,2,3,0,18,0,8,1,0,0,0,0,1,2,1,18,4,124,1,-1,5,1,5
201606A020838,1,9,0,18,0,1,0,0,0,0,1,1,6,2,27,6,-1,-1,-1,2,1,2
201606A020955,1,21,0,7,0,8,0,0,0,0,1,1,6,1,44,7,12419,2,2,5,1,5
201606A020955,2,9,0,18,0,8,0,0,0,0,4,1,6,1,64,9,1560,2,3,4,1,4
201606A020993,1,9,0,18,0,8,0,0,0,0,1,1,6,2,72,10,-1,-1,-1,2,1,2
201606A020993,2,1,0,9,0,5,0,0,0,0,4,1,1,1,50,8,-1,-1,-1,-1,-1,-1
201606A021001,1,9,0,18,0,8,0,0,0,0,1,1,6,1,30,6,1229,1,11,-1,-1,-1
201606A021001,2,9,0,18,0,8,0,0,0,0,1,1,6,1,27,6,1360,1,11,2,1,2
201606A021038,1,9,0,18,0,8,0,0,0,0,1,1,6,3,-1,-1,1497,1,14,-1,-1,-1
201606A021157,1,9,0,18,0,8,0,0,0,0,4,1,6,3,-1,-1,-1,-1,-1,-1,-1,-1
201606A021157,2,1,0,9,0,8,0,0,0,0,3,1,6,1,39,7,-1,-1,-1,-1,-1,-1
201606A021181,1,11,0,4,0,1,0,0,0,0,0,1,1,1,30,6,8300,2,9,-1,-1,-1
201606A021182,1,9,0,18,0,8,0,0,0,0,1,1,6,1,20,4,1398,1,12,1,1,1
201606A021182,2,11,0,18,0,1,0,0,0,0,1,1,1,1,59,9,10837,2,-1,5,1,5
201606A021217,1,9,0,7,0,8,0,0,1,2,4,1,6,2,37,7,1360,1,11,1,1,1
201606A021274,1,9,0,9,0,6,0,0,0,0,1,1,6,1,33,6,1910,2,9,3,1,3
201606A021287,1,11,0,5,0,1,0,0,0,0,1,1,1,1,49,8,4500,2,4,1,1,1
201606A021300,1,9,0,18,0,8,0,0,0,0,1,1,6,1,30,6,1798,1,14,-1,-1,-1
201606A021300,2,9,0,18,0,8,0,0,0,0,1,1,6,2,21,5,1197,1,-1,6,1,6
201606A021355,1,9,0,18,0,0,0,0,0,0,1,1,6,3,-1,-1,-1,-1,-1,-1,-1,-1
201606A021415,1,9,0,4,0,2,0,0,0,0,2,1,6,2,60,9,1329,1,4,3,1,3
201606A021415,2,9,0,4,0,2,0,0,0,0,1,1,2,1,26,6,1590,1,12,4,2,4
201606A021479,1,9,0,7,0,2,0,0,0,0,3,1,6,1,54,8,1598,1,15,5,1,5
201606A021479,2,9,0,9,0,1,0,0,0,0,1,1,6,1,74,10,1341,1,15,3,1,3
201606A021488,1,9,0,7,0,2,0,0,0,0,1,1,6,1,72,10,7500,1,42,4,3,4
201606A021488,2,1,0,18,0,2,0,0,0,0,2,1,6,1,33,6,-1,-1,-1,2,1,2
201606A021505,1,9,0,18,0,0,0,0,0,0,1,1,6,3,-1,-1,-1,-1,-1,-1,-1,-1
201606A021505,2,1,0,18,0,0,0,0,0,0,2,1,6,1,-1,-1,-1,-1,-1,2,1,2
201606A021562,1,9,0,18,0,8,0,0,0,0,4,1,6,1,42,7,1998,1,11,1,1,1
201606A021562,2,19,0,18,0,8,0,0,0,0,4,1,6,1,27,6,2143,2,1,2,1,2
201606A021566,1,9,0,18,0,0,0,0,0,0,4,1,6,2,25,5,1149,1,2,1,1,1
201606A021588,1,9,0,18,0,0,0,10,0,0,1,1,6,2,79,11,1396,1,3,3,1,3
201606A021588,2,1,0,18,0,0,0,0,0,0,1,1,6,1,15,3,-1,-1,-1,1,1,1
201606A021745,1,9,0,9,0,6,0,4,0,0,4,1,6,1,26,6,1968,2,7,1,1,1
201606A021745,2,9,0,18,0,8,0,0,0,0,1,1,6,1,28,6,1910,2,11,1,1,1
201606A021745,3,9,0,2,0,8,0,0,0,0,3,1,6,1,51,8,2143,2,-1,9,1,9
201606A021767,1,9,0,8,0,8,0,0,0,0,1,1,2,1,32,6,1461,2,3,9,1,9
201606A021767,2,3,0,18,0,8,2,0,0,0,1,1,2,1,33,6,124,1,-1,1,1,1
201606A021786,1,9,0,18,0,6,0,0,0,0,1,1,6,2,47,8,1399,1,11,1,1,1
201606A021786,2,9,0,2,0,6,0,0,0,0,3,1,6,1,30,6,2979,1,9,-1,-1,-1
201606A021843,1,9,0,9,0,8,0,0,0,0,1,1,6,3,-1,-1,1398,1,-1,-1,-1,-1
201606A021843,2,5,0,18,0,8,0,0,0,0,1,1,6,1,26,6,645,1,7,1,1,1
201606A021843,3,9,0,2,0,2,0,0,0,0,3,1,6,2,39,7,2143,2,2,5,1,5
201606A021936,1,3,0,18,0,8,0,0,0,0,1,1,6,1,28,6,125,1,2,1,1,1
201606A021936,2,9,0,9,0,8,0,0,0,0,3,1,6,1,26,6,1984,1,7,1,1,1
201606A021952,1,9,0,18,0,8,2,0,0,0,1,1,2,1,40,7,-1,-1,-1,1,1,1
201606A021952,2,19,0,18,0,8,0,0,0,0,1,1,6,1,69,10,2400,2,12,3,1,3
201606A021985,1,9,0,9,0,8,0,0,0,0,1,1,6,2,30,6,1149,1,8,1,1,1
201606A021985,2,9,0,18,0,8,0,0,0,0,2,1,6,2,30,6,-1,-1,-1,4,1,4
201606A022044,1,9,0,18,0,8,0,0,7,10,1,1,6,1,19,4,1329,1,3,5,1,5
201606A022044,2,9,0,18,0,8,0,0,0,0,1,1,6,1,23,5,1398,1,1,-1,-1,-1
201606A022091,1,9,0,18,0,8,1,0,3,0,1,1,6,1,33,6,1998,2,9,-1,-1,-1
201606A022091,2,9,0,18,0,6,0,0,0,0,4,1,6,1,25,5,1499,2,1,1,1,1
201606A022198,1,9,0,9,0,5,0,0,8,10,4,1,6,1,46,8,-1,-1,-1,1,1,1
201606A022198,2,9,0,18,0,8,0,0,0,0,1,1,6,1,22,5,1398,1,5,8,1,8
201606A022232,1,9,0,18,0,8,0,0,0,0,1,1,6,2,26,6,1229,1,7,1,1,1
201606A022232,2,9,0,1,0,8,0,0,0,0,1,1,6,1,61,9,2231,2,1,3,1,3
201606A022232,3,9,0,2,0,8,0,0,0,0,2,1,6,3,-1,-1,1388,1,12,1,1,1
201606A022275,1,9,0,18,0,8,0,0,0,0,1,1,2,1,34,6,1995,2,2,4,1,4
201606A022303,1,9,0,9,0,8,0,0,0,0,0,1,6,3,-1,-1,-1,-1,-1,-1,-1,-1
201606A022303,2,1,0,18,0,8,0,0,0,0,0,1,6,1,41,7,-1,-1,-1,1,1,1
201606A022381,1,9,0,7,0,8,0,0,1,0,4,1,1,1,43,7,2231,2,8,6,1,6
201606A022381,2,1,0,15,0,8,0,0,0,0,1,1,6,1,24,5,-1,-1,-1,1,1,1
201606A022384,1,9,0,9,0,8,0,0,0,0,3,1,6,2,23,5,1229,1,4,-1,-1,-1
201606A022384,2,9,0,17,0,8,0,0,0,0,1,1,6,1,24,5,1598,2,6,2,1,2
201606A022531,1,9,0,18,0,2,0,0,0,0,1,1,6,1,46,8,1364,1,12,1,1,1
201606A022563,1,9,0,11,0,1,0,0,0,0,0,1,6,2,30,6,1388,1,14,-1,-1,-1
201606A022563,2,9,0,18,0,1,0,0,0,0,0,1,6,2,40,7,1229,1,4,1,1,1
201606A022567,1,9,0,18,0,8,0,0,0,0,1,1,6,2,37,7,1197,1,6,2,1,2
201606A022567,2,9,0,18,0,8,0,0,0,0,1,1,6,1,72,10,1998,1,18,9,1,9
201606A022631,1,1,0,18,2,8,0,0,0,0,3,1,6,1,45,7,-1,-1,-1,2,1,2
201606A022631,2,11,0,7,2,1,0,0,0,0,1,1,1,1,36,7,6700,2,-1,2,1,2
201606A022663,1,8,0,18,0,1,0,0,0,0,3,1,1,1,64,9,1686,2,6,2,1,2
201606A022704,1,9,0,9,0,8,0,0,0,0,1,1,6,1,34,6,1997,2,1,-1,-1,-1
201606A022704,2,9,0,18,0,8,0,0,0,0,3,1,6,1,45,7,1397,1,5,1,1,1
201606A022724,1,19,0,5,0,8,0,0,0,0,3,1,1,1,39,7,2198,2,1,1,1,1
201606A022724,2,3,0,18,0,8,0,0,0,0,1,1,2,1,25,5,124,1,5,2,1,2
201606A022777,1,3,0,18,4,0,0,0,0,0,1,1,6,1,24,5,124,1,-1,1,1,1
201606A022777,2,9,0,18,0,0,0,0,0,0,4,1,6,1,27,6,1248,2,10,5,1,5
201606A022841,1,9,0,18,0,1,0,0,0,0,1,1,6,2,52,8,1390,1,2,3,1,3
201606A022928,1,11,0,18,2,2,0,0,0,0,1,1,1,1,44,7,4760,2,5,1,1,1
201606A022930,1,9,0,18,0,8,0,0,0,0,3,1,6,2,20,4,-1,-1,-1,1,1,1
201606A022930,2,9,0,18,0,8,0,0,0,0,1,1,6,1,60,9,1796,1,6,5,1,5
201606A022976,1,9,0,16,0,0,0,0,0,0,1,1,6,1,70,10,2435,1,17,1,1,1
201606A022976,2,20,4,2,0,0,0,0,0,0,2,1,1,1,51,8,-1,-1,-1,9,3,9
201606A023002,1,9,0,18,0,8,0,0,0,0,1,1,6,3,-1,-1,-1,-1,-1,-1,-1,-1
201606A023002,2,9,0,9,0,8,0,10,0,0,3,1,6,2,35,6,1598,1,13,1,1,1
201606A023060,1,9,0,3,0,1,0,0,0,0,1,1,6,1,27,6,-1,-1,-1,3,1,3
201606A023118,1,9,0,5,0,0,0,0,0,0,4,1,6,1,35,6,-1,-1,-1,-1,-1,-1
201606A023164,1,9,0,18,0,8,0,0,0,0,4,1,6,1,66,10,1753,2,12,1,1,1
201606A023164,2,9,0,18,0,8,0,0,0,0,1,1,1,1,34,6,2993,2,4,-1,-1,-1
201606A023225,1,9,0,18,0,8,0,0,0,0,0,1,6,3,-1,-1,-1,-1,-1,-1,-1,-1
201606A023225,2,11,0,5,0,8,0,0,0,0,0,1,1,1,38,7,6700,2,7,1,1,1
201606A023231,1,9,0,18,0,8,0,0,0,0,1,1,6,3,-1,-1,-1,-1,-1,-1,-1,-1
201606A023231,2,9,0,18,0,8,0,0,0,0,4,1,6,1,58,9,-1,-1,-1,3,1,3
201606A023236,1,1,0,18,0,8,0,0,0,0,3,1,6,1,22,5,-1,-1,-1,2,1,2
201606A023236,2,9,0,18,0,8,0,0,0,0,1,1,6,3,-1,-1,-1,-1,-1,-1,-1,-1
201606A023249,1,9,0,18,0,1,0,0,0,0,4,1,6,1,43,7,1968,2,5,-1,-1,-1
201606A023274,1,11,0,7,0,8,0,0,0,0,4,1,1,1,29,6,9360,2,8,2,1,2
201606A023293,1,9,0,18,0,1,0,0,0,0,1,1,6,1,30,6,1390,1,17,-1,-1,-1
201606A023439,1,9,0,9,0,6,0,0,0,0,1,1,6,1,33,6,2148,2,10,5,1,5
201606A023468,1,8,0,18,0,8,0,0,0,0,0,1,6,1,30,6,1796,1,11,-1,2,-1
201606A023468,2,1,0,18,0,8,0,0,0,0,0,1,6,1,14,3,-1,-1,-1,1,1,1
201606A023548,1,9,0,8,0,1,0,0,0,0,1,1,6,1,29,6,-1,-1,-1,1,1,1
201606A023548,2,9,0,1,0,2,0,0,0,0,2,1,6,3,-1,-1,999,1,1,-1,-1,-1
201606A023608,1,9,0,18,0,8,0,0,0,0,1,1,6,2,24,5,1248,1,5,2,1,2
201606A023670,1,9,0,9,0,8,0,0,0,0,1,1,6,2,28,6,1598,1,1,1,1,1
201606A023670,2,9,0,18,0,8,0,0,0,0,1,1,6,1,60,9,2962,1,16,1,1,1
201606A023731,1,8,0,6,0,8,0,0,0,0,1,1,6,1,30,6,-1,-1,-1,-1,-1,-1
201606A023731,2,1,0,18,0,8,0,0,0,0,1,1,2,1,25,5,-1,-1,-1,5,1,5
201606A023742,1,9,0,9,0,8,0,0,0,0,4,1,6,1,39,7,1995,2,14,-1,-1,-1
201606A023742,2,8,0,18,0,8,0,0,0,0,1,1,1,1,40,7,2499,2,7,-1,-1,-1
201606A023759,1,9,0,3,0,1,0,0,0,0,2,1,6,1,40,7,1753,2,13,1,1,1
201606A023759,2,9,0,18,0,1,0,0,0,0,1,1,6,2,30,6,1587,1,10,-1,-1,-1
201606A023778,1,9,0,9,0,5,0,0,0,0,1,1,6,2,27,6,1984,1,11,1,1,1
201606A023778,2,9,0,18,0,8,0,0,0,0,1,1,6,2,47,8,1800,1,16,1,1,1
201606A023814,1,9,0,18,0,8,0,0,0,0,1,1,6,2,30,6,1149,1,12,1,1,1
201606A023814,2,9,0,17,0,8,0,0,0,0,4,1,1,1,34,6,1598,1,5,5,1,5
201606A023855,1,9,0,18,0,0,0,0,0,0,1,1,6,3,-1,-1,1299,1,14,-1,-1,-1
201606A023855,2,9,0,18,0,0,0,0,0,0,1,1,6,2,51,8,2000,1,11,6,1,6
201606A023866,1,9,0,18,0,6,0,0,0,0,1,1,6,3,-1,-1,-1,-1,-1,-1,-1,-1
201606A023866,2,9,0,18,0,8,0,0,1,0,3,1,1,2,51,8,1296,1,8,1,1,1
201606A023883,1,9,0,2,0,0,0,0,0,0,2,1,6,2,29,6,998,1,6,3,1,3
201606A023883,2,9,0,4,0,0,0,0,0,0,1,1,6,3,-1,-1,1560,2,6,-1,-1,-1
201606A023906,1,11,0,18,0,0,0,0,0,0,1,1,1,1,63,9,6700,2,7,1,1,1
201606A023940,1,9,0,7,0,5,0,0,0,0,4,1,6,1,30,6,1388,1,14,-1,-1,-1
201606A023940,2,11,0,18,0,8,0,0,0,0,3,1,1,1,44,7,4500,2,4,4,1,4
201606A023955,1,9,0,9,0,8,0,0,0,1,1,1,2,1,58,9,1360,1,11,4,1,4
201606A023955,2,9,0,18,0,8,0,0,0,0,1,1,6,1,25,5,1995,2,-1,2,1,2
201606A023967,1,9,0,18,0,8,0,0,0,0,2,1,6,1,30,6,1364,1,6,-1,-1,-1
201606A023967,2,9,0,18,0,8,0,0,0,0,1,1,6,2,34,6,2685,2,11,2,1,2
201606A024028,1,9,0,18,0,0,0,0,0,0,1,1,2,1,23,5,1995,2,8,8,3,8
201606A024028,2,9,0,18,0,0,0,0,0,0,2,1,2,1,29,6,1124,1,15,1,1,1
201606A024029,1,9,0,9,0,8,0,0,0,0,1,1,6,1,49,8,1591,1,1,10,1,10
201606A024029,2,9,0,18,0,8,0,0,0,0,3,1,6,1,40,7,998,1,14,2,1,2
201606A024032,1,9,0,9,0,8,0,0,0,0,1,1,6,1,47,8,1339,1,10,2,1,2
201606A024032,2,4,0,4,0,8,0,0,0,0,1,1,6,1,19,4,125,1,2,1,1,1
201606A024047,1,9,0,18,0,2,0,0,0,0,4,1,6,1,69,10,-1,-1,-1,1,1,1
201606A024053,1,8,0,9,0,8,0,0,4,6,1,1,1,1,32,6,1896,2,6,1,1,1
201606A024053,2,9,0,18,0,8,0,0,0,0,1,1,2,1,57,9,1995,2,10,8,1,8
201606A024109,1,21,0,5,0,8,0,0,0,0,0,1,1,1,58,9,2998,2,3,6,1,6
201606A024151,1,9,0,9,0,6,0,0,0,0,3,1,1,2,30,6,1332,1,18,-1,-1,-1
201606A024151,2,9,0,18,0,8,0,0,1,0,1,1,6,1,19,4,1242,1,7,5,1,5
201606A024190,1,9,0,9,0,8,0,0,0,0,4,1,6,2,45,7,1599,1,7,2,1,2
201606A024190,2,1,0,18,0,8,0,0,0,0,1,1,1,1,23,5,-1,-1,-1,1,1,1
201606A024240,1,9,0,5,0,8,0,0,0,0,4,1,6,2,22,5,1197,1,-1,1,1,1
201606A024240,2,9,0,18,0,8,0,0,0,0,1,1,6,1,30,6,1991,1,17,-1,-1,-1
201606A024248,1,9,0,18,0,1,0,0,0,0,1,1,6,1,26,6,1229,1,9,3,1,3
201606A024248,2,9,0,3,0,1,0,0,0,0,2,1,6,1,30,6,-1,-1,-1,-1,-1,-1
201606A024313,1,9,0,18,0,8,0,0,0,0,1,1,6,2,39,7,-1,-1,-1,4,1,4
201606A024313,2,3,0,18,0,8,0,0,0,0,1,1,6,1,58,9,124,1,-1,1,1,1
201606A024373,1,9,0,18,0,8,0,0,0,0,1,1,6,1,23,5,1198,1,5,8,1,8
201606A024373,2,9,0,4,0,8,0,0,0,0,1,1,6,2,30,6,1598,2,-1,-1,-1,-1
201606A024392,1,9,0,18,0,0,0,0,3,0,1,1,6,2,-1,-1,1360,1,16,-1,-1,-1
201606A024392,2,9,0,4,0,0,0,0,0,0,2,1,6,1,37,7,6208,1,8,4,1,4
201606A024398,1,8,0,7,0,5,0,0,0,0,0,1,6,3,-1,-1,-1,-1,-1,-1,-1,-1
201606A024422,1,9,0,18,0,1,0,0,0,0,1,1,6,1,30,6,-1,-1,-1,-1,-1,-1
201606A024422,2,9,0,18,0,1,0,0,0,0,2,1,6,2,41,7,1716,2,18,7,1,7
201606A024428,1,90,0,18,0,1,0,0,0,0,0,1,1,1,30,6,2999,2,6,-1,-1,-1
201606A024442,1,9,0,9,0,8,0,0,0,0,1,1,6,1,29,6,1596,1,6,7,2,7
201606A024442,2,9,0,18,0,8,0,0,0,0,1,1,6,2,28,6,1299,1,12,2,1,2
201606A024454,1,9,0,1,0,8,0,0,0,0,2,1,6,3,-1,-1,-1,-1,-1,-1,-1,-1
201606A024454,2,3,0,18,0,8,0,0,0,0,1,1,6,1,26,6,125,1,1,1,1,1
201606A024465,1,9,0,13,0,1,0,0,0,0,0,1,6,3,-1,-1,-1,-1,-1,-1,-1,-1
201606A024465,2,1,0,18,0,1,0,0,0,0,0,1,6,1,40,7,-1,-1,-1,1,1,1
201606A024548,1,9,0,9,0,5,0,0,0,0,1,1,1,1,36,7,1968,2,6,3,1,3
201606A024593,1,9,0,14,0,4,0,0,0,0,0,1,6,1,30,6,-1,-1,-1,-1,-1,-1
201606A024604,1,9,0,9,0,8,0,0,0,0,1,1,6,2,26,6,1329,1,3,-1,-1,-1
201606A024618,1,9,0,9,0,5,0,0,0,0,0,1,6,1,30,6,2987,2,6,-1,-1,-1
201606A024618,2,5,0,18,0,8,0,0,0,0,1,1,2,1,44,7,800,1,4,9,1,9
201606A024622,1,9,0,1,0,2,0,0,0,0,0,1,6,3,-1,-1,1797,8,7,-1,-1,-1
201606A024712,1,9,0,18,0,1,0,0,0,0,1,1,6,1,30,6,-1,-1,-1,-1,-1,-1
201606A024712,2,9,0,2,0,1,0,0,0,0,2,1,6,2,35,6,1339,1,8,1,1,1
201606A024726,1,9,0,9,0,8,0,0,0,0,1,1,6,1,45,7,1598,1,12,1,1,1
201606A024726,2,8,0,18,0,8,0,0,1,10,3,1,1,1,33,6,2499,2,8,2,1,2
201606A024785,1,9,0,18,0,1,0,0,0,0,4,1,6,1,24,5,1398,1,5,1,1,1
201606A024785,2,2,0,18,0,1,0,0,0,0,1,1,6,2,31,6,-1,-1,-1,2,1,2
201606A024809,1,9,0,9,0,8,0,0,0,0,1,1,1,1,35,6,1198,1,9,3,1,3
201606A024809,2,5,0,18,0,8,5,0,0,0,1,1,2,1,36,7,600,1,23,1,1,1
201606A024811,1,9,0,1,0,1,0,0,0,0,2,1,6,3,-1,-1,1229,1,7,-1,-1,-1
201606A024910,1,9,0,9,8,6,0,0,0,0,0,1,1,3,-1,-1,-1,-1,-1,-1,-1,-1
201606A024910,2,5,0,3,0,8,0,0,0,0,3,1,1,1,44,7,656,1,11,5,1,5
201606A025022,1,9,0,18,0,0,0,0,0,0,0,1,1,1,25,5,1910,2,10,1,1,1