Accident_Index,Vehicle_Reference,Vehicle_Type,Towing_and_Articulation,Vehicle_Manoeuvre,Vehicle_Location-Restricted_Lane,Junction_Location,Skidding_and_Overturning,Hit_Object_in_Carriageway,Vehicle_Leaving_Carriageway,Hit_Object_off_Carriageway,1st_Point_of_Impact,Was_Vehicle_Left_Hand_Drive?,Journey_Purpose_of_Driver,Sex_of_Driver,Age_of_Driver,Age_Band_of_Driver,Engine_Capacity_(CC),Propulsion_Code,Age_of_Vehicle,Driver_IMD_Decile,Driver_Home_Area_Type,Vehicle_IMD_Decile
201606A025061,1,9,0,9,0,1,0,0,0,0,1,1,6,1,41,7,1956,2,-1,1,1,1
201606A025066,1,1,0,18,4,8,0,0,0,0,1,1,2,2,37,7,-1,-1,-1,3,1,3
201606A025066,2,21,0,7,0,5,0,0,0,0,4,1,1,1,49,8,12740,2,2,4,1,4
201606A025086,1,9,0,18,0,1,0,0,0,0,1,1,6,1,30,6,-1,-1,-1,-1,-1,-1
201606A025116,1,9,0,9,0,5,0,0,0,0,4,1,6,1,36,7,1390,1,13,2,1,2
201606A025116,2,3,0,18,0,8,0,0,0,0,1,1,2,1,35,6,124,1,3,1,1,1
201606A025277,1,9,0,18,0,0,0,0,0,0,1,1,6,3,-1,-1,-1,-1,-1,-1,-1,-1
201606A025277,2,9,0,4,0,0,0,0,0,0,2,1,6,1,37,7,1968,2,10,1,1,1
201606A025300,1,1,0,18,0,8,0,0,0,0,1,1,6,1,12,3,-1,-1,-1,4,1,4
201606A025300,2,9,0,18,0,8,0,0,0,0,1,1,6,2,40,7,1798,1,4,5,1,5
201606A025351,1,19,0,4,0,0,0,0,0,0,2,1,1,1,42,7,2800,2,15,4,1,4
201606A025351,2,9,0,18,0,0,0,0,0,0,1,1,6,1,-1,-1,-1,-1,-1,-1,-1,-1
201606A025385,1,9,0,7,0,1,0,0,0,0,1,1,6,1,34,6,1590,1,14,1,1,1
201606A025468,1,1,0,18,0,8,0,0,0,0,4,1,6,1,9,2,-1,-1,-1,4,1,4
201606A025468,2,9,0,18,0,8,0,0,0,0,4,1,6,1,25,5,1990,1,22,3,3,3
201606A026158,1,9,0,9,0,1,0,0,0,0,4,1,6,1,43,7,1061,1,11,1,1,1
201606A026158,2,9,0,18,0,8,0,0,0,0,1,1,6,2,26,6,998,1,3,1,1,1
201606A027907,1,9,0,16,0,0,0,0,7,10,1,1,6,1,32,6,2993,2,9,-1,-1,-1
201606AF17988,1,9,0,18,0,6,0,0,0,0,4,1,6,1,46,8,2967,2,1,-1,-1,-1
201606AF17988,2,9,0,18,0,8,0,0,0,0,1,1,6,1,46,8,1560,2,1,1,1,1
201606AQ13765,1,9,0,9,0,8,0,0,0,0,4,1,6,2,75,10,-1,-1,-1,6,1,6
201606AQ13765,2,9,0,18,0,8,0,0,0,0,1,1,6,1,28,6,2198,2,9,4,1,4
201606AQ24556,1,9,0,17,0,8,0,0,0,0,1,1,2,2,50,8,2830,2,22,2,1,2
201606AQ24556,2,9,0,18,0,4,0,0,0,0,1,1,2,1,20,4,1341,1,11,9,1,9
201606E009686,1,9,0,18,0,0,0,0,7,2,1,1,6,1,34,6,1398,1,1,8,1,8
201606E010481,1,19,0,9,0,8,0,0,0,0,1,1,1,1,63,9,1995,2,3,4,1,4
201606E010481,2,1,0,18,0,8,0,0,0,0,4,1,6,2,8,2,-1,-1,-1,1,1,1
201606E010501,1,9,0,18,0,0,0,0,0,0,4,1,2,1,39,7,-1,-1,-1,4,1,4
201606E010560,1,1,0,9,0,8,0,0,0,0,2,1,6,1,56,9,-1,-1,-1,1,1,1
201606E010560,2,9,0,9,0,8,0,0,0,0,1,1,6,1,55,8,-1,-1,-1,9,1,9
201606E010578,1,9,0,16,0,0,1,0,0,0,1,1,6,1,31,6,2000,1,24,3,1,3
201606E010578,2,9,0,2,0,0,0,0,0,0,1,1,6,2,40,7,998,1,10,-1,-1,-1
201606E010580,1,9,0,14,0,0,0,0,0,0,1,1,6,1,26,6,1318,1,1,1,1,1
201606E010601,1,9,0,18,0,6,0,0,0,0,1,1,1,1,62,9,1850,1,16,-1,-1,-1
201606E010601,2,1,0,18,0,5,0,0,0,0,3,1,1,1,50,8,-1,-1,-1,1,1,1
201606E010617,1,9,0,9,0,8,0,0,0,0,4,1,6,2,36,7,-1,-1,-1,1,1,1
201606E010617,2,9,0,18,0,8,0,0,0,0,1,1,6,2,27,6,1124,1,13,-1,-1,-1
201606E010635,1,19,0,18,0,0,0,0,0,0,4,1,6,1,30,6,1870,2,11,-1,-1,-1
201606E010639,1,9,0,4,0,0,0,0,0,0,1,1,6,2,24,5,1598,2,1,5,1,5
201606E010639,2,8,0,2,0,0,0,0,0,0,2,1,6,1,54,8,1995,2,8,4,1,4
201606E010643,1,9,0,18,0,0,0,0,0,0,1,1,6,3,-1,-1,1461,2,1,-1,-1,-1
201606E010727,1,19,0,18,0,0,0,0,0,0,1,1,1,1,20,4,2402,2,16,5,3,5
201606E010727,2,9,0,18,0,0,0,0,0,0,2,1,6,1,70,10,998,1,1,-1,-1,-1
201606E010820,1,9,0,9,0,5,0,0,0,0,1,1,6,2,26,6,1796,1,9,8,1,8
201606E010820,2,9,0,18,0,8,0,0,0,0,1,1,2,1,52,8,-1,-1,-1,3,1,3
201606E010820,3,9,0,9,0,5,0,0,0,0,0,1,1,1,30,6,1995,2,3,-1,-1,-1
201606E010875,1,9,0,18,0,2,0,0,0,0,1,1,6,2,39,7,1198,1,3,1,1,1
201606E011157,1,3,0,13,0,8,0,10,0,0,1,1,2,1,26,6,-1,-1,-1,8,1,8
201606E011200,1,9,0,18,0,8,0,0,0,0,3,1,6,1,45,7,1796,1,9,2,1,2
201606E011200,2,9,0,17,0,8,0,0,0,0,4,1,2,1,19,4,1229,1,6,-1,-1,-1
201606E011253,1,9,0,18,0,0,0,0,0,0,1,1,6,1,42,7,1598,2,4,9,1,9
201606E011269,1,9,0,7,0,8,0,0,0,0,1,1,6,2,49,8,2993,2,1,6,1,6
201606E011269,2,1,0,16,0,8,0,0,0,0,2,1,6,2,24,5,-1,-1,-1,1,1,1
201606E011282,1,90,0,18,0,0,0,0,0,0,3,1,6,2,70,10,-1,-1,-1,1,1,1
201606E011282,2,9,0,18,0,0,0,0,0,0,1,1,6,1,38,7,998,1,16,8,1,8
201606E011369,1,9,0,9,0,6,0,0,0,0,3,1,6,2,56,9,2400,2,8,10,1,10
201606E011369,2,9,0,18,0,8,0,0,0,0,1,1,6,1,52,8,1596,1,2,2,1,2
201606E011444,1,9,0,18,0,1,0,0,0,0,1,1,6,1,64,9,2149,2,8,3,1,3
201606E011488,1,9,0,9,0,8,0,0,0,0,1,1,6,1,47,8,2490,1,22,4,1,4
201606E011488,2,1,0,18,0,8,0,0,0,0,1,1,6,1,24,5,-1,-1,-1,6,1,6
201606E011503,1,9,0,9,0,6,0,0,0,0,3,1,1,1,43,7,1598,2,4,2,1,2
201606E011528,1,9,0,9,0,5,0,0,0,0,1,1,3,2,36,7,2430,1,17,3,1,3
201606E011528,2,1,0,18,0,8,0,0,0,0,3,1,2,2,51,8,-1,-1,-1,2,1,2
201606E011561,1,9,0,18,0,1,0,0,0,0,1,1,6,2,18,4,1198,1,3,10,1,10
201606E011636,1,9,0,15,0,1,0,0,0,0,1,1,2,2,30,6,1598,1,1,4,1,4
201606E011646,1,9,0,18,0,0,0,0,0,0,1,1,6,1,34,6,1360,1,9,1,1,1
201606E011727,1,9,0,18,0,1,0,0,0,0,1,1,2,1,55,8,1995,2,8,4,1,4
201606E011727,2,1,0,18,0,1,0,0,0,0,1,1,6,1,12,3,-1,-1,-1,1,1,1
201606E011756,1,9,0,1,0,1,0,0,0,0,2,1,6,1,31,6,1199,1,12,2,1,2
201606E011809,1,9,0,18,0,2,0,0,0,0,1,1,6,1,62,9,1499,2,-1,1,1,1
201606E011827,1,9,0,18,0,0,0,0,0,0,1,1,1,2,30,6,1999,1,8,9,1,9
201606E011827,2,9,0,18,0,0,0,0,0,0,2,1,1,1,47,8,1390,1,4,4,1,4
201606E011833,1,8,0,18,0,1,0,0,0,0,1,1,6,1,25,5,1396,1,14,-1,-1,-1
201606E011869,1,1,0,18,1,0,0,0,0,0,3,1,2,1,51,8,-1,-1,-1,1,1,1
201606E011869,2,18,0,18,1,0,0,0,0,0,1,1,1,1,30,6,-1,-1,-1,2,1,2
201606E012066,1,1,0,18,0,1,0,0,0,0,4,1,6,1,28,6,-1,-1,-1,2,1,2
201606E012076,1,9,0,5,0,8,0,0,0,0,3,1,3,1,41,7,1590,1,13,3,1,3
201606E012076,2,3,0,18,0,8,0,0,0,0,1,1,3,1,25,5,125,1,2,4,1,4
201606E012086,1,19,0,18,0,8,0,0,0,0,1,1,1,1,60,9,1560,2,3,1,1,1
201606E012086,2,9,0,18,0,8,0,0,0,0,2,1,2,1,45,7,-1,-1,-1,1,1,1
201606E012120,1,9,0,7,0,1,0,0,0,0,2,1,1,2,50,8,1242,1,3,-1,-1,-1
201606E012120,2,9,0,7,0,1,0,0,0,0,1,1,6,1,70,10,1794,1,9,1,1,1
201606E012176,1,10,0,5,0,0,0,0,0,0,1,1,6,1,41,7,1998,2,12,1,1,1
201606E012195,1,9,0,15,0,0,0,0,0,0,4,1,6,1,30,6,2000,2,12,-1,-1,-1
201606E012195,2,9,0,3,0,0,0,0,0,0,3,1,6,1,63,9,1117,1,35,3,1,3
201606E012196,1,9,0,18,0,1,1,0,0,0,4,1,6,1,30,6,-1,-1,-1,-1,-1,-1
201606E012240,1,9,0,18,0,0,0,0,0,0,1,1,6,1,43,7,1398,2,14,3,1,3
201606E012240,2,9,0,12,0,0,0,0,0,0,3,1,6,2,38,7,1398,1,4,1,1,1
201606E012268,1,9,0,18,0,1,0,0,0,0,4,1,6,2,20,4,1229,1,3,4,1,4
201606E012408,1,9,0,18,0,8,5,10,1,0,3,1,6,1,44,7,2835,2,15,4,1,4
201606E012459,1,9,0,9,0,8,0,0,0,0,1,1,6,1,41,7,1998,2,11,7,1,7
201606E012459,2,9,0,18,0,8,0,0,0,0,1,1,6,1,35,6,1995,2,10,9,2,9
201606E012573,1,9,0,9,0,8,0,0,0,0,3,1,6,2,72,10,1124,1,12,4,1,4
201606E012573,2,1,0,18,0,1,0,0,0,0,3,1,2,2,39,7,-1,-1,-1,7,1,7
201606E012600,1,9,0,18,0,1,0,0,0,0,1,1,6,1,27,6,-1,-1,-1,2,1,2
201606E012674,1,9,0,18,0,1,5,0,0,0,1,1,6,1,79,11,1598,2,2,2,1,2
201606E012674,2,9,0,2,0,8,0,0,0,0,1,1,6,2,30,6,1850,1,14,-1,-1,-1
201606E012674,3,9,0,2,0,8,0,0,0,0,1,1,6,2,30,6,1896,2,14,-1,-1,-1
201606E012697,1,9,0,18,0,0,0,0,0,0,4,1,6,1,21,5,1598,1,15,4,1,4
201606E012697,2,19,0,4,0,0,0,0,0,0,3,1,1,1,28,6,2287,2,1,5,1,5
201606E012751,1,1,0,18,0,8,0,0,0,0,0,1,6,1,11,3,-1,-1,-1,1,1,1
201606E012751,2,9,0,18,0,8,0,0,0,0,0,1,6,1,30,6,-1,-1,-1,-1,-1,-1
201606E012798,1,9,0,18,0,8,0,0,0,0,1,1,6,3,-1,-1,-1,-1,-1,-1,-1,-1
201606E012798,2,1,0,18,0,8,0,0,0,0,4,1,6,1,28,6,-1,-1,-1,2,1,2
201606E012806,1,9,0,9,0,8,0,0,0,0,1,1,1,1,30,6,1397,1,14,3,1,3
201606E012806,2,1,0,18,0,8,0,0,0,0,3,1,6,1,23,5,-1,-1,-1,3,1,3
201606E012889,1,1,0,18,0,1,0,0,0,0,1,1,6,1,39,7,-1,-1,-1,1,1,1
201606E012889,2,19,0,7,0,1,0,0,0,0,4,1,1,1,25,5,2143,2,2,2,1,2
201606E013067,1,9,0,18,0,8,0,0,0,0,1,1,6,1,30,6,1242,1,10,-1,-1,-1
201606E013067,2,9,0,10,0,8,0,0,0,0,2,1,6,2,43,7,998,1,7,9,1,9
201606E013074,1,9,0,3,0,1,0,0,0,0,2,1,6,2,37,7,1587,1,12,1,1,1
201606E013074,2,3,0,4,0,1,0,0,0,0,1,1,6,1,26,6,124,1,4,1,1,1
201606E013158,1,9,0,9,0,6,0,0,0,0,1,1,6,1,41,7,1997,2,8,3,1,3
201606E013158,2,9,0,18,0,8,0,0,0,0,1,1,6,1,39,7,1332,1,11,4,1,4
201606E013159,1,9,0,7,0,2,0,0,0,0,1,1,6,1,63,9,1686,2,12,4,1,4
201606E013369,1,8,0,6,0,0,0,0,0,0,1,1,1,1,39,7,2402,2,11,2,1,2
201606E013369,2,9,0,18,0,0,0,0,0,0,1,1,6,1,23,5,1995,2,6,8,1,8
201606E013448,1,9,0,7,0,8,0,0,0,0,4,1,6,3,-1,-1,-1,-1,-1,-1,-1,-1
201606E013448,2,5,0,18,0,8,0,0,1,7,3,1,6,1,20,4,599,1,19,7,1,7
201606E013480,1,9,0,18,0,1,0,0,0,0,1,1,6,3,-1,-1,-1,-1,-1,-1,-1,-1
201606E013480,2,1,0,7,0,6,0,0,0,0,2,1,6,1,49,8,-1,-1,-1,2,1,2
201606E013548,1,9,0,18,0,2,0,0,0,0,3,1,3,1,41,7,1598,1,12,1,1,1
201606E013586,1,9,0,18,0,8,0,0,0,0,1,1,6,1,63,9,1598,1,14,1,1,1
201606E013586,2,9,0,18,0,8,0,0,0,0,3,1,1,1,22,5,-1,-1,-1,1,1,1
201606E013603,1,9,0,18,0,1,0,0,0,0,1,1,6,2,64,9,1596,1,2,1,1,1
201606E013603,2,9,0,18,0,1,0,0,0,0,2,1,6,1,36,7,1686,2,13,1,1,1
201606E013603,3,9,0,18,0,1,0,0,0,0,0,1,6,1,30,6,2497,2,10,-1,-1,-1
201606E013667,1,5,0,16,0,8,0,0,0,0,1,1,2,1,30,6,929,1,16,4,1,4
201606E013667,2,9,0,9,0,8,0,0,0,0,1,1,2,1,42,7,998,1,15,2,1,2
201606E013740,1,9,0,18,0,8,0,0,0,0,1,1,6,1,57,9,998,1,10,4,1,4
201606E013740,2,9,0,18,0,8,0,0,0,0,2,1,2,1,36,7,-1,-1,-1,6,1,6
201606E013749,1,9,0,18,0,8,0,0,7,0,1,1,2,2,41,7,1600,1,11,3,1,3
201606E013749,2,8,0,18,0,8,0,0,0,0,3,1,1,1,35,6,2664,2,10,2,1,2
201606E013840,1,1,0,5,0,1,0,0,0,0,1,1,6,1,23,5,-1,-1,-1,1,1,1
201606E013840,2,9,0,9,0,1,0,0,0,0,1,1,6,1,23,5,998,1,4,1,1,1
201606E013909,1,9,0,5,0,6,0,0,0,0,4,1,6,2,62,9,-1,-1,-1,4,1,4
201606E013909,2,1,0,18,0,8,0,0,0,0,1,1,6,1,42,7,-1,-1,-1,1,1,1
201606E014085,1,9,0,18,0,8,0,0,0,0,1,1,6,2,44,7,1386,1,9,-1,-1,-1
201606E014161,1,8,0,18,0,1,0,0,0,0,2,1,1,1,38,7,1198,1,7,2,1,2
201606E014161,2,1,0,18,0,1,0,0,0,0,1,1,2,1,24,5,-1,-1,-1,4,1,4
201606E014191,1,9,0,18,9,2,0,0,1,0,1,1,6,1,30,6,-1,-1,-1,-1,-1,-1
201606E014193,1,19,0,9,0,5,0,0,0,0,0,1,3,1,71,10,1753,2,13,1,1,1
201606E014193,2,3,0,18,0,8,0,0,2,4,0,1,2,1,22,5,125,1,1,5,1,5
201606E014223,1,9,0,9,0,5,0,0,0,10,3,1,6,1,28,6,1973,1,17,1,1,1
201606E014223,2,18,0,18,1,8,0,0,0,0,1,1,1,1,46,8,-1,-1,-1,1,1,1
201606E014331,1,9,0,18,0,0,0,0,0,0,1,1,1,2,55,8,1339,1,6,8,1,8
201606E014331,2,1,0,18,0,0,0,0,0,0,1,1,1,2,27,6,-1,-1,-1,3,1,3
201606E014411,1,9,0,9,0,2,0,10,1,10,1,1,6,2,28,6,-1,-1,-1,1,1,1
201606E014414,1,9,0,18,0,0,0,0,0,0,1,1,6,1,38,7,1199,1,13,1,1,1
201606E014414,2,9,0,18,0,0,0,0,0,0,2,1,6,1,42,7,1995,2,7,1,1,1
201606E014547,1,9,0,9,0,2,0,0,0,0,0,1,6,1,22,5,1984,1,1,2,1,2
201606E014547,2,9,0,18,0,2,0,0,0,0,0,1,1,1,30,6,2993,2,2,-1,-1,-1
201606E014561,1,9,0,18,0,8,0,0,1,10,1,1,6,3,-1,-1,1582,2,6,-1,-1,-1
201606E014561,2,9,0,18,0,8,0,0,1,1,4,1,6,1,47,8,1332,1,19,3,1,3
201606E014594,1,8,0,18,0,0,0,0,0,0,4,1,1,1,37,7,1598,2,4,1,1,1
201606E014625,1,9,0,18,0,0,0,0,7,0,4,1,6,1,17,4,2995,1,3,1,1,1
201606E014625,2,9,0,18,0,0,0,0,0,0,0,1,6,1,30,6,-1,-1,-1,1,1,1
201606E014625,3,9,0,2,9,0,0,0,0,0,2,1,6,1,30,6,1598,2,-1,-1,-1,-1
201606E014625,4,9,0,2,9,0,0,0,0,0,2,1,6,2,30,6,-1,-1,-1,3,1,3
201606E014636,1,9,0,18,0,8,0,0,0,0,1,1,6,1,65,9,998,1,3,3,1,3
201606E014677,1,21,1,7,0,5,0,0,0,0,2,1,6,1,61,9,5900,2,9,5,1,5
201606E014683,1,9,0,18,0,8,0,0,0,0,4,1,6,1,24,5,1364,1,7,1,1,1
201606E014683,2,8,0,18,0,8,0,0,0,0,2,1,6,1,63,9,2499,2,7,2,1,2
201606E014688,1,9,0,18,0,1,0,0,0,0,1,1,6,2,49,8,2143,2,2,5,3,5
201606E014688,2,9,0,18,0,1,0,0,0,0,2,1,6,2,34,6,1968,2,10,1,1,1
201606E014688,3,9,0,18,0,1,0,7,0,0,2,1,6,1,66,10,-1,-1,-1,3,1,3
201606E014728,1,9,0,1,9,1,0,10,0,0,2,1,6,1,30,6,-1,-1,-1,-1,-1,-1
201606E014729,1,11,0,18,0,2,0,0,0,0,1,1,1,1,50,8,4461,2,1,2,1,2
201606E014824,1,9,0,18,0,1,1,0,0,0,1,1,6,3,-1,-1,1997,2,14,-1,-1,-1
201606E014824,2,9,0,10,0,1,0,0,0,0,2,1,6,1,42,7,1968,2,2,6,1,6
201606E014902,1,9,0,9,0,8,0,0,4,0,4,1,6,2,22,5,1598,1,10,-1,-1,-1
201606E014902,2,9,0,18,0,2,0,0,0,0,1,1,6,1,38,7,1910,2,10,-1,-1,-1
201606E014951,1,9,0,18,0,0,0,0,0,0,3,1,3,2,39,7,-1,-1,-1,2,1,2
201606E014967,1,9,0,18,0,8,0,0,0,0,1,1,6,1,28,6,998,1,2,1,1,1
201606E015067,1,9,0,18,0,0,0,0,0,0,1,1,6,3,-1,-1,-1,-1,-1,-1,-1,-1
201606E015067,2,1,0,18,0,0,0,0,0,0,2,1,6,1,20,4,-1,-1,-1,2,1,2
201606E015117,1,9,0,18,0,0,0,0,0,0,1,1,6,2,36,7,1796,1,16,3,1,3
201606E015117,2,9,0,2,0,0,0,0,0,0,3,1,6,2,30,6,1198,1,5,4,1,4
201606E015117,3,9,0,2,0,0,0,0,0,0,1,1,6,2,24,5,1388,1,11,4,1,4
201606E015117,4,9,0,2,0,0,0,0,0,0,2,1,6,2,23,5,998,1,7,4,1,4
201606E015128,1,19,0,18,0,8,0,0,0,0,3,1,6,3,-1,-1,2402,2,8,-1,-1,-1
201606E015128,2,19,0,18,0,8,1,0,0,0,1,1,6,1,22,5,1753,2,11,2,1,2
201606E015132,1,9,0,18,0,0,0,0,0,0,1,1,3,3,-1,-1,1199,1,14,-1,-1,-1
201606E015153,1,9,0,18,0,0,0,0,0,0,1,1,6,2,30,6,1597,1,31,-1,-1,-1
201606E015246,1,9,0,9,0,1,0,0,0,0,4,1,6,2,44,7,1149,1,1,9,1,9
201606E015265,1,8,0,18,0,8,0,0,0,0,1,1,1,1,54,8,1598,2,1,4,1,4
201606E015265,2,9,0,18,0,8,0,0,0,0,1,1,6,1,49,8,1896,2,15,2,1,2
201606E015270,1,9,0,18,0,0,0,0,0,0,1,1,6,3,-1,-1,1798,1,3,-1,-1,-1
201606E015270,2,9,0,18,0,0,0,0,0,0,2,1,6,1,80,11,1086,1,14,-1,-1,-1
201606E015411,1,9,0,7,0,6,0,0,0,0,3,1,6,1,22,5,-1,-1,-1,-1,-1,-1
201606E015411,2,2,0,9,0,5,0,0,0,0,1,1,6,2,51,8,-1,-1,-1,4,1,4
201606E015423,1,5,0,18,0,1,1,0,0,0,2,1,2,1,44,7,999,1,-1,6,1,6
201606E015423,2,9,0,4,0,1,0,0,0,0,0,1,2,2,38,7,1461,2,2,2,1,2
201606E015635,1,9,0,9,4,5,0,0,0,0,1,1,6,3,-1,-1,1753,2,10,-1,-1,-1
201606E015635,2,4,0,18,4,8,0,0,1,2,4,1,6,1,19,4,124,1,7,2,1,2
201606E015637,1,21,1,12,0,0,0,0,0,0,3,1,1,1,58,9,15600,2,10,-1,-1,-1
201606E015637,2,9,0,12,0,0,0,0,0,0,3,1,1,2,45,7,1242,1,4,7,1,7
201606E015644,1,19,0,18,0,0,0,0,0,0,4,1,1,2,26,6,-1,-1,-1,3,1,3
201606E015753,1,9,0,4,0,1,0,0,0,0,3,1,1,1,37,7,-1,-1,-1,1,1,1
201606E015888,1,9,0,14,0,0,0,0,0,0,1,1,6,1,25,5,1796,1,10,1,1,1
201606E016039,1,9,0,9,0,8,0,0,0,0,1,1,6,1,66,10,1242,1,3,3,1,3
201606E016039,2,1,0,18,4,8,0,0,0,0,1,1,2,2,26,6,-1,-1,-1,8,1,8
201606E016290,1,9,0,7,0,6,0,0,0,0,4,1,6,1,22,5,2987,2,6,6,1,6
201606E016290,2,1,0,17,4,8,0,0,0,0,1,1,6,1,22,5,-1,-1,-1,4,1,4
201606E016477,1,8,0,3,0,1,0,0,0,0,2,1,6,1,68,10,1598,2,2,4,1,4
201606E016477,2,9,0,3,0,1,0,0,0,0,2,1,6,1,30,6,1968,2,7,5,2,5
201606E016477,3,19,0,18,0,1,0,0,0,0,1,1,6,1,61,9,1753,2,7,4,1,4
201606E016485,1,9,0,7,0,8,0,0,0,0,1,1,6,1,35,6,1248,2,11,1,1,1
201606E016485,2,9,0,18,0,8,0,0,0,0,4,1,6,1,24,5,-1,-1,-1,-1,-1,-1
201606E016525,1,9,0,18,0,1,0,0,0,0,1,1,6,1,22,5,998,1,4,4,1,4
201606E016525,2,9,0,3,0,1,0,0,0,0,2,1,6,1,35,6,1598,1,10,1,1,1
201606E016525,3,9,0,3,0,1,0,0,0,0,2,1,6,2,21,5,1390,1,4,9,1,9
201606E016545,1,9,0,3,0,1,0,0,0,0,2,1,6,1,35,6,1390,1,7,6,1,6
201606E016545,2,9,0,3,0,1,0,0,0,0,2,1,6,1,42,7,1968,2,8,5,1,5
201606E016545,3,9,0,3,0,1,0,0,0,0,2,1,6,2,22,5,998,1,2,1,1,1
201606E016545,4,9,0,4,0,1,0,0,0,0,1,1,6,1,26,6,2499,2,13,5,3,5
201606E016553,1,9,0,18,0,8,0,0,0,0,1,1,6,1,25,5,2143,2,2,3,1,3
201606E016553,2,10,0,18,0,8,0,0,0,0,1,1,6,1,37,7,-1,-1,-1,1,1,1
201606E016556,1,9,0,6,0,0,0,0,0,0,3,1,6,1,32,6,1596,1,8,8,1,8
201606E016556,2,3,0,14,0,0,0,0,0,0,1,1,6,1,39,7,124,1,1,-1,-1,-1
201606E016600,1,9,0,18,0,0,0,0,0,0,4,1,1,1,46,8,-1,-1,-1,1,1,1
201606E016600,2,1,0,18,4,0,0,0,0,0,1,1,2,1,35,6,-1,-1,-1,4,1,4
201606E016742,1,9,0,3,0,0,0,0,0,0,2,1,6,2,59,9,1596,1,15,2,1,2
201606E016742,2,19,0,18,0,0,0,0,0,0,1,1,1,1,28,6,2151,2,13,-1,1,-1
201606E016886,1,19,0,2,0,0,0,0,0,0,3,1,1,1,45,7,-1,-1,-1,-1,-1,-1
201606E016886,2,1,0,18,0,0,0,0,0,0,1,1,1,2,24,5,-1,-1,-1,4,1,4
201606E016902,1,9,0,7,0,8,0,0,0,0,3,1,2,2,44,7,998,1,4,3,1,3
201606E016902,2,1,0,18,4,8,0,0,0,0,1,1,2,1,28,6,-1,-1,-1,1,1,1
201606E016960,1,9,0,5,0,6,0,0,0,0,1,1,6,1,58,9,998,1,11,5,1,5
201606E017069,1,9,0,18,0,1,5,0,0,0,1,1,6,2,42,7,-1,-1,-1,5,1,5
201606E017069,2,9,0,2,0,1,0,0,0,0,4,1,6,2,81,11,1598,1,3,3,1,3
201606E017176,1,9,0,18,0,2,0,0,0,0,1,1,6,1,18,4,1968,2,10,-1,-1,-1
201606E017176,2,9,0,18,0,1,0,0,0,0,3,1,6,2,66,10,1798,1,12,7,1,7
201606E017225,1,3,0,18,0,8,0,0,0,0,1,1,6,1,23,5,125,1,11,1,1,1
201606E017225,2,9,0,18,0,8,0,0,0,0,3,1,1,1,44,7,1582,2,4,-1,-1,-1
201606E017350,1,19,0,9,0,6,0,0,0,0,3,1,1,1,37,7,2148,2,12,2,1,2
201606E017350,2,1,0,18,4,2,0,0,0,0,1,1,2,1,23,5,-1,-1,-1,2,1,2
201606E017477,1,2,0,7,0,1,0,0,0,0,2,1,1,1,30,6,-1,-1,-1,-1,-1,-1
201606E017477,2,1,0,18,0,1,0,0,0,0,1,1,1,1,22,5,-1,-1,-1,4,1,4
201606E017518,1,9,0,7,0,8,0,0,0,0,3,1,3,2,30,6,-1,-1,-1,3,1,3
201606E017518,2,20,0,9,0,8,0,0,0,0,0,1,6,1,30,6,-1,-1,-1,-1,-1,-1
201606E017518,3,1,0,18,0,1,0,0,0,0,1,1,6,2,28,6,-1,-1,-1,3,1,3
201606E017521,1,8,0,18,0,0,0,0,0,0,2,1,1,1,37,7,1798,8,2,2,1,2
201606E017522,1,9,0,18,0,8,0,0,0,0,1,1,2,2,20,4,998,1,7,10,1,10
201606E017538,1,9,0,2,0,0,0,0,0,0,3,1,6,2,42,7,-1,-1,-1,8,1,8
201606E017538,2,9,0,18,0,0,0,0,0,0,1,1,6,2,54,8,998,1,17,8,1,8
201606E017583,1,19,0,18,0,8,5,0,1,0,1,1,1,1,44,7,1968,2,1,1,1,1
201606E017583,2,9,0,18,0,8,5,0,0,0,1,1,6,1,31,6,1349,1,7,4,1,4
201606E017587,1,9,0,9,0,6,0,0,0,0,3,1,6,2,42,7,1995,2,2,4,1,4
201606E017587,2,11,0,18,0,8,0,0,0,0,1,1,1,1,40,7,6700,2,8,1,1,1
201606E017598,1,4,0,18,0,0,0,0,0,0,4,1,2,1,54,8,125,1,4,4,1,4
201606E017598,2,9,0,2,0,0,0,0,0,0,3,1,6,3,-1,-1,-1,-1,-1,-1,-1,-1
201606E017664,1,9,0,18,0,1,1,0,0,0,1,1,6,1,19,4,1398,1,1,-1,-1,-1
201606E017664,2,9,0,3,0,1,0,0,0,0,2,1,6,1,26,6,1991,1,1,-1,-1,-1
201606E017664,3,9,0,3,0,1,0,0,0,0,2,1,6,2,34,6,1560,2,7,10,1,10
201606E017664,4,9,0,18,0,1,0,0,0,0,2,1,6,1,25,5,-1,-1,-1,5,1,5
201606E017677,1,9,0,2,0,0,0,0,0,0,3,1,6,1,22,5,1149,1,10,-1,-1,-1
201606E017677,2,1,0,18,0,0,0,0,0,0,1,1,6,1,26,6,-1,-1,-1,-1,-1,-1
201606E017677,3,9,0,18,0,0,0,0,0,0,1,1,6,1,26,6,973,1,13,-1,-1,-1
201606E017718,1,9,0,18,0,8,0,0,0,0,1,1,6,2,29,6,1339,8,9,1,1,1
201606E017718,2,9,0,18,0,8,0,0,7,0,4,1,6,2,36,7,1794,1,12,1,1,1
201606E017754,1,9,0,7,0,5,0,0,0,0,4,1,2,1,42,7,1499,2,-1,9,1,9