Accident_Index,Vehicle_Reference,Vehicle_Type,Towing_and_Articulation,Vehicle_Manoeuvre,Vehicle_Location-Restricted_Lane,Junction_Location,Skidding_and_Overturning,Hit_Object_in_Carriageway,Vehicle_Leaving_Carriageway,Hit_Object_off_Carriageway,1st_Point_of_Impact,Was_Vehicle_Left_Hand_Drive?,Journey_Purpose_of_Driver,Sex_of_Driver,Age_of_Driver,Age_Band_of_Driver,Engine_Capacity_(CC),Propulsion_Code,Age_of_Vehicle,Driver_IMD_Decile,Driver_Home_Area_Type,Vehicle_IMD_Decile
201606E017754,2,1,0,18,4,8,0,0,0,0,1,1,2,1,37,7,-1,-1,-1,6,1,6
201606E017855,1,9,0,18,0,8,0,0,0,0,4,1,1,1,36,7,1398,1,2,1,1,1
201606E017855,2,1,0,18,4,8,0,0,0,0,1,1,1,1,29,6,-1,-1,-1,6,1,6
201606E017867,1,9,0,18,0,2,0,0,0,0,1,1,2,2,25,5,1399,2,7,3,1,3
201606E017927,1,9,0,9,0,8,0,0,0,0,4,1,6,2,45,7,1598,1,3,6,1,6
201606E017927,2,9,0,18,0,8,0,0,0,0,1,1,6,2,43,7,998,1,2,9,1,9
201606E018006,1,9,0,18,0,8,0,0,0,0,4,1,6,2,40,7,1399,2,7,1,1,1
201606E018006,2,1,0,18,4,8,2,0,0,0,1,1,1,2,36,7,-1,-1,-1,3,1,3
201606E018052,1,3,0,18,0,8,0,0,1,1,4,1,6,1,30,6,124,1,1,-1,-1,-1
201606E018052,2,9,0,18,0,8,1,0,0,0,1,1,6,1,20,4,1396,1,13,-1,-1,-1
201606E018052,3,9,0,18,0,1,0,0,0,0,1,1,6,2,31,6,1968,2,7,1,1,1
201606E018105,1,9,0,18,0,5,0,0,0,0,1,1,6,1,49,8,-1,-1,-1,-1,-1,-1
201606E018105,2,9,0,18,0,5,0,0,0,0,2,1,6,1,29,6,2987,2,7,-1,-1,-1
201606E018113,1,9,0,14,0,8,0,0,0,0,0,1,6,1,76,11,1560,2,12,-1,-1,-1
201606E018113,2,9,0,18,0,8,0,0,0,0,0,1,6,1,31,6,1988,1,13,1,1,1
201606E018113,3,9,0,10,0,8,0,0,0,0,0,1,6,2,31,6,2993,2,3,-1,-1,-1
201606E018127,1,9,0,18,0,8,0,0,0,0,1,1,6,3,-1,-1,-1,-1,-1,-1,-1,-1
201606E018254,1,8,0,7,0,8,0,0,0,0,4,1,1,1,32,6,1598,2,4,2,1,2
201606E018276,1,19,0,17,0,0,0,0,0,0,1,1,1,1,47,8,2496,2,18,3,1,3
201606E018294,1,10,0,5,0,4,0,0,0,0,1,1,1,1,50,8,-1,-1,-1,4,1,4
201606E018294,2,1,0,17,0,8,0,0,0,0,4,1,2,2,27,6,-1,-1,-1,1,1,1
201606E018329,1,9,0,3,0,8,0,0,0,0,4,1,1,1,45,7,996,1,6,3,1,3
201606E018329,2,1,0,18,9,8,0,0,0,0,1,1,6,1,25,5,-1,-1,-1,2,1,2
201606E018348,1,9,0,11,0,3,0,0,0,0,4,1,6,1,30,6,1398,1,14,-1,-1,-1
201606E018348,2,9,0,18,0,4,0,0,0,0,3,1,1,1,29,6,1498,1,10,8,1,8
201606E018361,1,9,0,14,0,1,1,0,1,1,1,1,6,1,22,5,1986,2,11,3,1,3
201606E018361,2,9,0,10,0,1,0,0,0,0,0,1,6,2,28,6,1499,2,3,1,1,1
201606E018405,1,9,0,18,3,0,1,7,6,10,1,1,6,1,20,4,1364,1,10,1,1,1
201606E018414,1,9,0,9,0,8,0,0,0,0,4,1,6,1,21,5,-1,-1,-1,4,1,4
201606E018414,2,1,0,18,0,8,0,0,0,0,1,1,2,1,25,5,-1,-1,-1,-1,-1,-1
201606E018497,1,9,0,18,0,3,0,0,0,0,1,1,2,1,31,6,1461,2,1,2,1,2
201606E018497,2,9,0,3,0,3,0,0,0,0,2,1,6,2,46,8,1229,1,6,6,1,6
201606E018632,1,9,0,18,0,1,0,0,0,0,1,1,6,1,30,6,-1,-1,-1,-1,-1,-1
201606E018632,2,9,0,18,0,1,0,0,0,0,2,1,6,2,60,9,1242,1,4,4,1,4
201606E018682,1,21,1,11,0,8,0,0,0,0,4,1,1,1,47,8,15607,2,11,-1,-1,-1
201606E018682,2,11,0,18,0,8,0,0,0,0,3,1,1,1,28,6,-1,-1,-1,3,1,3
201606E018783,1,2,0,18,0,1,0,0,0,0,1,1,1,1,22,5,49,1,11,4,1,4
201606E018783,2,9,0,3,0,1,0,0,0,0,2,1,6,1,43,7,1798,1,11,1,1,1
201606E018859,1,9,0,18,0,8,0,0,0,0,1,1,6,1,30,6,-1,-1,-1,10,1,10
201606E018859,2,9,0,10,0,8,0,0,0,0,2,1,6,1,30,6,1499,2,-1,9,1,9
201606E018881,1,9,0,9,0,8,0,0,0,0,1,1,6,1,60,9,1497,1,14,1,1,1
201606E018881,2,90,0,18,0,8,0,0,0,0,3,1,1,1,34,6,-1,-1,-1,1,1,1
201606E018887,1,8,0,5,0,8,0,0,0,0,1,1,1,1,51,8,1598,2,4,5,1,5
201606E018935,1,9,0,9,0,6,0,0,0,0,1,1,1,1,43,7,1798,1,10,1,1,1
201606E018935,2,9,0,18,0,8,0,0,0,0,3,1,1,1,43,7,1999,1,8,4,1,4
201606E019000,1,9,0,18,0,1,0,0,0,0,1,1,6,2,40,7,1364,2,10,1,1,1
201606E019047,1,9,0,6,0,0,0,0,0,0,3,1,6,2,30,6,-1,-1,-1,10,1,10
201606E019047,2,3,0,18,0,0,0,0,0,0,1,1,6,1,45,7,-1,-1,-1,7,3,7
201606E019077,1,9,0,7,0,8,0,0,0,0,2,1,6,2,55,8,1339,1,11,6,1,6
201606E019077,2,1,0,18,0,8,0,0,0,0,1,1,6,1,24,5,-1,-1,-1,1,1,1
201606E019091,1,9,0,18,0,8,0,0,0,0,1,1,6,3,-1,-1,-1,-1,-1,-1,-1,-1
201606E019091,2,5,0,5,0,8,0,0,0,0,4,1,1,1,48,8,749,1,14,5,1,5
201606E019227,1,9,0,9,0,8,0,0,0,0,2,1,6,2,29,6,1995,2,5,1,1,1
201606E019227,2,3,0,5,0,8,0,0,0,0,1,1,6,1,23,5,124,1,13,9,1,9
201606E019234,1,10,0,5,0,8,0,0,0,0,1,1,6,1,33,6,2198,2,9,1,1,1
201606E019389,1,9,0,9,0,8,0,0,0,0,1,1,6,2,27,6,1198,1,-1,3,1,3
201606E019389,2,9,0,18,0,8,0,0,0,0,1,1,6,2,48,8,1498,1,-1,-1,-1,-1
201606E019406,1,9,0,9,0,8,0,0,0,0,1,1,2,1,25,5,1390,1,11,4,1,4
201606E019406,2,9,0,18,0,8,0,0,0,0,1,1,6,2,40,7,-1,-1,-1,10,1,10
201606E019434,1,3,0,18,0,8,0,0,0,0,1,1,6,1,21,5,-1,-1,-1,4,1,4
201606E019434,2,9,0,9,0,6,0,0,0,0,3,1,6,1,21,5,1896,2,12,-1,-1,-1
201606E019439,1,9,0,18,0,8,0,0,0,0,1,1,6,1,39,7,2143,2,1,1,1,1
201606E019439,2,9,0,18,0,8,0,0,1,0,1,1,6,2,34,6,1598,2,1,2,1,2
201606E019455,1,5,0,18,0,8,0,0,0,0,1,1,6,1,19,4,798,1,2,1,1,1
201606E019455,2,5,0,9,0,8,0,0,0,0,1,1,2,1,39,7,-1,-1,-1,10,1,10
201606E019478,1,9,0,1,0,8,0,0,0,0,2,1,6,1,29,6,1360,1,10,1,1,1
201606E019478,2,1,0,18,0,8,0,0,0,0,4,1,6,1,15,3,-1,-1,-1,2,1,2
201606E019621,1,9,0,17,0,8,0,0,0,0,1,1,6,1,51,8,1896,2,11,9,2,9
201606E019621,2,1,0,17,0,8,0,0,0,0,1,1,6,1,43,7,-1,-1,-1,1,1,1
201606E019633,1,9,0,7,0,1,0,0,0,0,4,1,1,1,32,6,1198,1,12,1,1,1
201606E019633,2,1,0,18,0,1,0,0,0,0,1,1,1,1,41,7,-1,-1,-1,9,1,9
201606E019708,1,1,0,18,0,8,0,0,0,0,1,1,6,1,15,3,-1,-1,-1,1,1,1
201606E019708,2,9,0,18,0,8,0,0,0,0,1,1,6,2,28,6,1560,2,-1,1,1,1
201606E019717,1,9,0,1,0,1,0,0,0,0,2,1,6,1,30,6,1389,1,17,-1,-1,-1
201606E019720,1,9,0,2,0,0,0,0,0,0,1,1,6,1,21,5,1229,1,10,1,1,1
201606E019720,2,9,0,18,0,0,0,0,0,0,4,1,6,2,37,7,1368,1,9,3,1,3
201606E019738,1,9,0,18,0,8,0,0,0,0,1,1,6,2,44,7,1496,1,1,8,1,8
201606E019738,2,9,0,9,0,8,0,0,0,0,4,1,6,2,62,9,1124,1,14,2,1,2
201606E019818,1,3,0,14,0,8,0,0,0,0,1,1,6,1,21,5,124,1,16,1,1,1
201606E019818,2,9,0,5,0,8,0,0,0,0,3,1,6,1,31,6,1339,1,12,6,1,6
201606E019825,1,9,0,18,0,0,1,0,0,0,1,1,6,2,38,7,1497,8,8,-1,-1,-1
201606E019825,2,11,0,3,0,0,0,0,0,0,2,1,1,1,56,9,4461,2,2,-1,-1,-1
201606E019927,1,9,0,9,0,8,0,0,0,0,3,1,6,1,46,8,1390,1,8,4,1,4
201606E019927,2,9,0,18,0,8,0,0,0,0,1,1,1,1,39,7,1598,2,2,2,1,2
201606E019972,1,9,0,18,0,2,0,0,0,0,1,1,6,2,26,6,1596,1,12,4,1,4
201606E020143,1,9,0,18,0,8,0,0,0,0,1,1,1,1,50,8,1686,2,6,4,1,4
201606E020143,2,8,0,18,0,8,0,0,0,0,3,1,1,1,50,8,1794,1,8,-1,-1,-1
201606E020154,1,9,0,9,0,8,0,0,0,0,1,1,6,3,-1,-1,-1,-1,-1,-1,-1,-1
201606E020157,1,9,0,9,0,8,0,0,0,0,4,1,6,1,32,6,1248,2,4,-1,1,-1
201606E020157,2,9,0,18,0,8,0,0,0,0,1,1,1,1,42,7,1360,1,11,-1,-1,-1
201606E020217,1,19,0,18,0,2,0,0,0,0,1,1,6,1,46,8,1996,2,4,7,1,7
201606E020229,1,9,0,3,0,3,0,0,0,0,2,1,2,2,36,7,1598,1,8,6,1,6
201606E020229,2,9,0,3,0,3,0,0,0,0,1,1,6,2,29,6,1497,8,1,8,1,8
201606E020371,1,9,0,4,0,4,1,0,0,0,1,1,6,2,20,4,1124,1,11,7,1,7
201606E020371,2,9,0,3,0,4,0,0,0,0,2,1,6,2,50,8,1296,1,8,9,1,9
201606E020372,1,9,0,18,0,1,0,0,0,0,1,1,6,1,44,7,998,1,17,4,1,4
201606E020448,1,9,0,18,0,8,0,0,3,0,1,1,6,3,-1,-1,-1,-1,-1,-1,-1,-1
201606E020448,2,1,0,18,0,8,0,0,0,0,1,1,6,1,34,6,-1,-1,-1,1,1,1
201606E020499,1,9,0,14,0,0,0,0,0,0,4,1,6,2,42,7,-1,-1,-1,2,1,2
201606E020503,1,9,0,9,0,8,0,0,0,0,3,1,1,1,20,4,1242,1,-1,2,1,2
201606E020503,2,9,0,18,0,8,0,0,0,0,1,1,1,1,56,9,-1,-1,-1,3,1,3
201606E020507,1,8,0,9,0,8,0,0,0,0,4,1,1,1,39,7,2499,2,10,1,1,1
201606E020507,2,5,0,18,0,8,0,0,0,0,1,1,6,1,51,8,996,1,18,1,1,1
201606E020512,1,9,0,9,0,8,0,0,0,0,1,1,6,1,30,6,-1,-1,-1,-1,-1,-1
201606E020512,2,1,0,18,4,8,0,0,0,0,3,1,2,1,32,6,-1,-1,-1,3,1,3
201606E020603,1,9,0,7,0,2,0,0,0,0,3,1,6,1,30,6,1000,1,3,-1,-1,-1
201606E020603,2,9,0,18,0,1,0,0,0,0,3,1,1,1,43,7,-1,-1,-1,1,1,1
201606E020625,1,9,0,9,0,8,0,0,0,0,1,1,6,1,35,6,1388,1,13,3,1,3
201606E020625,2,1,0,18,0,8,0,0,0,0,1,1,6,1,29,6,-1,-1,-1,4,1,4
201606E020663,1,9,0,9,0,8,0,0,0,0,1,1,6,1,20,4,1229,1,11,-1,-1,-1
201606E020675,1,9,0,9,0,8,0,0,0,0,3,1,6,1,42,7,1598,1,12,1,1,1
201606E020708,1,9,0,18,0,0,0,0,0,0,4,1,6,1,17,4,1769,1,11,1,1,1
201606E020708,2,9,0,2,0,0,0,0,0,0,1,1,3,2,36,7,1390,1,7,1,1,1
201606E020832,1,11,0,18,0,0,0,0,0,0,1,1,1,1,45,7,6700,2,1,2,1,2
201606E020937,1,9,0,18,0,0,0,0,0,0,1,1,2,1,48,8,2494,1,14,3,1,3
201606E020956,1,3,0,16,0,0,0,0,0,0,1,1,6,1,26,6,124,1,4,2,1,2
201606E020956,2,9,0,17,0,0,0,0,0,0,1,1,2,1,44,7,-1,-1,-1,9,1,9
201606E020964,1,9,0,18,0,0,0,4,0,0,4,1,6,1,20,4,1339,1,12,3,1,3
201606E020964,2,9,0,2,0,0,0,4,0,0,4,1,6,1,65,9,1560,2,7,2,1,2
201606E020966,1,9,0,7,0,5,0,0,0,0,4,1,6,1,42,7,-1,-1,-1,4,1,4
201606E020967,1,9,0,18,0,1,0,0,0,0,1,1,6,3,-1,-1,1910,2,10,-1,-1,-1
201606E020967,2,9,0,18,0,1,0,0,0,0,0,1,1,1,45,7,2993,2,1,-1,-1,-1
201606E020967,3,1,0,18,0,1,0,0,0,0,2,1,6,1,16,4,-1,-1,-1,3,1,3
201606E020973,1,10,0,4,0,1,0,0,0,0,1,1,1,1,41,7,-1,-1,-1,1,1,1
201606E020973,2,9,0,4,0,1,0,0,0,0,2,1,6,1,21,5,1968,2,1,10,1,10
201606E021092,1,9,0,7,0,1,0,0,0,0,1,1,1,2,30,6,1596,1,9,4,1,4
201606E021092,2,1,0,18,5,1,0,0,0,0,1,1,6,1,19,4,-1,-1,-1,4,1,4
201606E021152,1,9,0,9,0,2,0,0,0,0,3,1,6,3,-1,-1,-1,-1,-1,-1,-1,-1
201606E021196,1,9,0,18,0,8,0,0,0,0,1,1,6,2,33,6,1598,2,-1,4,1,4
201606E021196,2,9,0,18,0,8,2,0,0,0,4,1,6,2,62,9,998,1,3,4,1,4
201606E021310,1,4,0,18,0,1,0,0,0,0,1,1,6,1,29,6,-1,-1,-1,2,1,2
201606E021310,2,9,0,9,0,5,0,0,0,0,4,1,1,1,34,6,1910,2,11,1,1,1
201606E021417,1,9,0,9,0,8,0,0,0,0,4,1,6,1,45,7,-1,-1,-1,7,1,7
201606E021417,2,9,0,18,0,8,0,0,0,0,1,1,6,2,32,6,1991,1,3,1,1,1
201606E021425,1,10,0,7,0,5,0,0,0,0,4,2,1,1,47,8,-1,-1,-1,-1,-1,-1
201606E021425,2,1,0,18,0,8,0,0,0,0,1,1,1,1,37,7,-1,-1,-1,1,1,1
201606E021485,1,9,0,18,0,0,0,0,0,0,1,1,6,1,35,6,1560,2,10,3,1,3
201606E021485,2,9,0,4,0,0,0,0,0,0,2,1,6,2,25,5,1242,1,1,2,1,2
201606E021512,1,9,0,18,0,0,0,0,0,0,3,1,6,1,24,5,1686,2,3,1,1,1
201606E021557,1,9,0,5,0,2,0,0,0,0,1,1,2,1,22,5,1242,1,4,3,1,3
201606E021630,1,3,0,18,0,0,0,0,0,0,1,1,2,1,34,6,124,1,3,4,1,4
201606E021630,2,8,0,6,0,0,0,0,0,0,3,1,6,1,40,7,1582,2,6,1,1,1
201606E021642,1,9,0,9,0,1,0,0,0,0,2,1,6,1,30,6,2000,1,12,-1,-1,-1
201606E021642,2,1,0,18,0,1,0,0,0,0,2,1,6,1,30,6,-1,-1,-1,-1,-1,-1
201606E021796,1,9,0,9,0,5,0,0,0,0,1,1,6,1,26,6,1998,1,20,5,1,5
201606E021796,2,1,0,18,0,8,0,0,0,0,1,1,6,1,21,5,-1,-1,-1,3,1,3
201606E021805,1,9,0,13,0,8,0,0,1,0,1,1,6,1,30,6,998,1,12,-1,-1,-1
201606E021805,2,9,0,18,0,8,0,0,0,0,1,1,6,1,36,7,2143,2,1,1,1,1
201606E021805,3,9,0,18,0,8,0,0,0,0,0,1,1,1,40,7,1364,2,8,8,1,8
201606E021818,1,9,0,2,0,1,0,0,0,0,3,1,6,1,44,7,1798,1,7,4,1,4
201606E021818,2,1,0,14,0,1,0,0,0,0,1,1,4,1,9,2,-1,-1,-1,1,1,1
201606E022063,1,9,0,9,0,8,0,0,0,0,4,1,6,1,65,9,1796,1,15,1,1,1
201606E022063,2,5,0,18,0,8,1,0,0,0,1,1,2,1,43,7,903,1,5,2,1,2
201606E022191,1,9,0,18,0,0,0,0,0,0,1,1,6,1,20,4,1242,1,10,1,1,1
201606E022191,2,9,0,3,0,0,0,0,0,0,2,1,6,2,61,9,875,1,4,-1,-1,-1
201606E022229,1,9,0,17,0,0,0,0,0,0,3,1,1,1,38,7,1596,1,10,3,1,3
201606E022229,2,5,0,16,0,0,0,0,0,0,1,1,6,1,36,7,988,1,13,1,1,1
201606E022405,1,19,0,9,0,6,0,0,0,0,1,1,6,1,30,6,2198,2,-1,-1,-1,-1
201606E022405,2,5,0,18,0,8,0,0,0,0,1,1,6,1,55,8,656,1,9,2,1,2
201606E022455,1,9,0,9,0,8,0,0,0,0,1,1,1,1,21,5,1242,1,1,5,1,5
201606E022455,2,9,0,18,0,8,0,4,0,0,4,1,6,2,22,5,1242,1,2,1,1,1
201606E022455,3,9,0,2,0,2,0,0,0,0,3,1,6,1,24,5,1596,1,11,5,1,5
201606E022549,1,8,0,18,0,0,0,0,0,0,1,1,6,3,-1,-1,-1,-1,-1,-1,-1,-1
201606E022549,2,1,0,18,0,0,0,0,0,0,1,1,6,1,19,4,-1,-1,-1,4,1,4
201606E022551,1,9,0,18,0,0,2,0,1,10,4,1,6,1,43,7,1299,1,12,-1,-1,-1
201606E022551,2,9,0,2,6,0,0,0,0,0,1,1,6,1,30,6,1598,1,14,2,1,2
201606E022552,1,9,0,15,0,2,0,0,0,0,1,1,6,1,30,6,-1,-1,-1,-1,-1,-1
201606E022552,2,9,0,2,0,2,0,0,0,0,4,1,3,2,25,5,1461,2,6,4,1,4
201606E022557,1,9,0,9,0,8,0,0,0,0,1,1,6,2,21,5,1198,1,5,3,1,3
201606E022557,2,9,0,18,0,8,0,0,0,0,1,1,6,1,36,7,1796,1,10,4,1,4
201606E022560,1,9,0,18,0,8,0,0,0,0,1,1,2,1,43,7,1896,2,7,2,1,2
201606E022560,2,9,0,18,0,8,0,0,0,0,4,1,2,1,45,7,1299,1,14,2,1,2
201606E022566,1,9,0,18,0,1,0,0,1,2,1,1,1,1,18,4,1149,1,11,1,1,1
201606E022618,1,9,0,18,0,8,0,0,0,0,1,1,6,2,30,6,-1,-1,-1,-1,-1,-1
201606E022618,2,9,0,9,0,6,0,0,0,0,3,1,6,1,54,8,1997,2,7,2,1,2
201606E022632,1,9,0,9,0,1,0,0,0,0,3,1,6,1,27,6,1984,1,14,1,1,1
201606E022632,2,1,0,13,0,1,0,0,0,0,1,1,6,1,36,7,-1,-1,-1,2,1,2
201606E022747,1,9,0,7,0,8,0,0,0,0,1,1,6,3,-1,-1,-1,-1,-1,-1,-1,-1
201606E022747,2,1,0,9,0,8,0,0,0,0,0,1,6,2,23,5,-1,-1,-1,4,1,4
201606E022984,1,9,0,18,0,0,0,0,0,0,1,1,6,1,32,6,2099,1,12,-1,-1,-1
201606E022984,2,9,0,2,0,0,0,0,0,0,2,1,6,2,36,7,1896,2,8,5,1,5
201606E022985,1,9,0,18,0,0,0,0,0,0,1,1,6,2,45,7,1248,2,8,3,1,3
201606E022985,2,1,0,9,0,0,0,0,0,0,3,1,6,1,22,5,-1,-1,-1,3,1,3
201606E023040,1,9,0,18,0,0,0,0,0,0,2,1,6,1,30,6,-1,-1,-1,-1,-1,-1
201606E023083,1,9,0,7,0,8,0,0,0,0,1,1,1,1,30,6,1598,2,6,1,1,1
201606E023083,2,1,0,18,0,8,0,0,0,0,4,1,6,1,51,8,-1,-1,-1,4,1,4
201606E023199,1,9,0,7,0,6,0,0,0,0,3,1,2,1,26,6,1388,1,14,7,1,7
201606E023199,2,1,0,18,0,8,0,0,0,0,1,1,2,1,39,7,-1,-1,-1,1,1,1
201606E023200,1,9,0,8,0,4,0,0,0,0,1,1,6,1,50,8,875,1,1,6,1,6
201606E023200,2,9,0,8,0,3,0,0,0,0,3,1,6,2,28,6,1086,1,8,4,1,4
201606E023202,1,9,0,5,8,6,0,0,0,0,1,1,6,1,30,6,2143,2,1,-1,-1,-1
201606E023220,1,9,0,7,0,1,0,0,0,0,1,1,6,3,-1,-1,-1,-1,-1,-1,-1,-1
201606E023220,2,3,0,18,0,1,0,0,0,0,1,1,6,1,20,4,124,1,1,1,1,1
201606E023264,1,9,0,18,0,1,0,0,0,0,1,1,6,1,22,5,1995,1,15,1,1,1
201606E023272,1,11,0,18,0,0,0,0,0,0,1,1,1,1,53,8,4500,2,6,1,1,1
201606E023278,1,9,0,9,0,8,0,0,0,0,1,1,6,1,32,6,1998,2,4,1,1,1
201606E023278,2,1,0,18,0,8,0,0,0,0,2,1,6,2,21,5,-1,-1,-1,3,1,3
201606E023284,1,9,0,18,0,0,0,0,0,0,1,1,6,1,49,8,1896,2,8,1,1,1
201606E023298,1,9,0,7,0,2,0,0,0,0,1,1,6,1,30,6,1198,1,1,-1,-1,-1
201606E023298,2,1,0,5,0,2,0,0,0,0,2,1,1,1,51,8,-1,-1,-1,1,1,1
201606E023299,1,9,0,18,0,0,0,0,0,0,1,1,1,1,32,6,-1,-1,-1,1,1,1
201606E023299,2,9,0,18,0,0,0,0,0,0,1,1,6,2,34,6,1896,2,8,7,1,7
201606E023329,1,9,0,18,0,8,0,0,1,10,1,1,6,3,-1,-1,1968,2,-1,-1,-1,-1
201606E023358,1,9,0,9,0,5,0,0,0,0,4,1,2,2,42,7,1149,1,2,2,1,2
201606E023358,2,1,0,15,0,8,0,0,0,0,1,1,2,1,35,6,-1,-1,-1,2,1,2
201606E023369,1,9,0,18,0,0,0,0,0,0,1,1,6,1,65,9,-1,-1,-1,2,1,2
201606E023369,2,9,0,18,0,0,0,0,0,0,2,1,6,2,40,7,1598,1,11,8,1,8
201606E023369,3,9,0,18,0,0,0,0,0,0,2,1,6,1,37,7,1997,1,14,1,1,1
201606E023435,1,9,0,9,0,8,0,0,0,0,3,1,6,2,31,6,-1,-1,-1,4,1,4
201606E023435,2,3,0,18,0,8,0,0,0,0,1,1,6,1,32,6,124,1,3,4,1,4
201606E023449,1,19,0,9,0,8,0,0,0,0,1,1,6,3,-1,-1,-1,-1,-1,-1,-1,-1
201606E023449,2,1,0,18,4,8,0,0,0,0,2,1,6,2,22,5,-1,-1,-1,3,1,3
201606E023454,1,9,0,18,0,1,0,0,0,0,4,1,6,3,-1,-1,1590,1,13,-1,-1,-1
201606E023490,1,9,0,18,0,6,0,0,0,0,4,1,6,1,24,5,1968,2,5,4,1,4
201606E023490,2,1,0,18,0,8,0,0,0,0,1,1,6,1,46,8,-1,-1,-1,4,1,4
201606E023500,1,9,0,18,0,0,0,0,0,0,1,1,6,1,46,8,1388,1,9,2,1,2
201606E023515,1,9,0,3,0,0,0,0,0,0,2,1,6,2,20,4,1242,1,3,9,1,9
201606E023515,2,9,0,5,0,0,0,0,0,0,1,1,6,3,-1,-1,2497,2,9,-1,-1,-1
201606E023604,1,9,0,18,0,8,0,0,0,0,4,1,2,1,32,6,1995,2,10,7,1,7
201606E023604,2,9,0,7,0,8,0,0,0,0,1,1,6,2,30,6,1242,1,7,5,1,5
201606E023644,1,9,0,18,0,8,0,0,1,0,1,1,6,1,17,4,1396,1,16,6,1,6
201606E023644,2,9,0,18,0,8,0,0,0,0,4,1,6,1,56,9,1242,1,10,1,1,1
201606E023669,1,9,0,1,0,0,0,0,0,0,4,1,3,1,36,7,1995,2,4,4,1,4
201606E023677,1,9,0,4,7,0,0,0,0,0,1,1,1,1,54,8,-1,-1,-1,8,1,8
201606E023681,1,9,0,9,0,1,0,0,0,0,1,1,6,1,30,6,-1,-1,-1,-1,-1,-1
201606E023681,2,8,0,2,0,1,0,0,0,0,3,1,1,1,32,6,2148,2,8,-1,-1,-1
201606E023722,1,9,0,9,0,8,0,7,0,10,4,1,6,1,33,6,1596,1,12,3,1,3
201606E023722,2,9,0,18,0,8,0,0,0,0,1,1,6,1,37,7,1149,1,13,2,1,2
201606E023779,1,9,0,9,0,8,0,0,0,0,3,1,6,1,30,6,1598,1,11,-1,-1,-1
201606E023779,2,3,0,18,0,8,0,0,0,0,1,1,6,1,23,5,125,1,6,3,1,3
201606E023788,1,9,0,18,0,1,0,0,0,0,2,1,6,1,21,5,998,1,13,4,1,4
201606E023788,2,9,0,18,0,1,0,0,0,0,1,1,6,3,-1,-1,2143,2,4,-1,-1,-1
201606E023816,1,9,0,18,0,8,0,0,3,2,1,1,6,2,19,4,1229,1,6,2,1,2
201606E023816,2,9,0,18,0,8,0,0,0,0,3,1,6,2,32,6,1200,1,3,-1,-1,-1
201606E023857,1,9,0,5,0,8,0,0,0,0,3,1,6,1,25,5,1149,1,6,10,1,10
201606E023857,2,2,0,18,4,8,0,0,0,0,4,1,6,1,64,9,49,1,3,1,1,1
201606E023865,1,3,0,18,0,8,0,0,0,0,1,1,6,1,23,5,125,1,2,8,1,8
201606E023868,1,9,0,3,0,6,1,0,1,1,4,1,4,1,19,4,998,1,11,1,1,1
201606E023868,2,9,0,18,0,8,0,0,0,0,1,1,6,1,27,6,-1,-1,-1,4,1,4
201606E023905,1,9,0,9,0,8,0,0,0,0,1,1,3,2,30,6,1997,2,6,-1,-1,-1
201606E023905,2,9,0,7,0,8,0,0,0,0,2,1,6,2,33,6,1390,1,6,1,1,1
201606E023911,1,9,0,5,0,8,0,0,0,0,4,1,6,1,66,10,1997,2,1,-1,-1,-1
201606E023911,2,9,0,18,0,4,0,0,0,0,1,1,6,2,48,8,1560,2,2,9,1,9
201606E023924,1,9,0,3,0,1,0,0,0,0,2,1,1,1,50,8,1586,1,6,2,1,2
201606E023924,2,9,0,18,0,1,0,0,0,0,1,1,6,3,-1,-1,-1,-1,-1,-1,-1,-1
201606E023958,1,9,0,7,0,8,0,0,0,0,4,1,6,1,30,6,1685,2,-1,-1,-1,-1
201606E023958,2,1,0,18,0,8,5,0,1,0,1,1,1,2,24,5,-1,-1,-1,1,1,1
201606E023978,1,8,0,3,0,1,0,0,0,0,2,1,1,1,50,8,1582,2,4,2,1,2
201606E023978,2,9,0,18,0,1,0,0,0,0,1,1,6,2,30,6,2354,1,13,-1,-1,-1
201606E023982,1,9,0,18,0,2,0,0,0,0,1,1,6,1,30,6,-1,-1,-1,-1,-1,-1
201606E023982,2,9,0,7,0,8,0,0,0,0,2,1,6,3,30,6,1686,2,6,-1,-1,-1
201606E024021,1,9,0,9,4,8,0,0,0,0,4,1,6,1,42,7,1461,2,1,4,1,4
201606E024021,2,1,0,18,4,8,0,0,0,0,1,1,6,2,32,6,-1,-1,-1,5,1,5
201606E024043,1,9,0,9,0,8,0,0,0,0,1,1,6,1,30,6,1242,1,10,-1,-1,-1
201606E024043,2,9,0,9,0,5,0,0,0,0,4,1,6,2,22,5,1229,1,-1,2,1,2
201606E024055,1,9,0,18,0,8,0,0,0,0,4,1,6,1,30,6,1798,1,5,1,1,1
201606E024055,2,1,0,18,0,8,0,0,0,0,1,1,6,1,26,6,-1,-1,-1,4,1,4
201606E024117,1,9,0,18,0,1,1,0,7,4,4,1,6,1,38,7,-1,-1,-1,2,1,2
201606E024160,1,9,0,18,0,0,0,0,0,0,1,1,6,2,34,6,1796,1,15,5,1,5
201606E024160,2,9,0,3,0,0,0,0,0,0,2,1,6,1,53,8,1968,2,3,9,1,9
201606E024160,3,90,0,3,0,0,0,0,0,0,2,1,2,1,54,8,-1,-1,-1,2,1,2
201606E024193,1,9,0,13,0,0,0,0,0,0,4,1,1,1,25,5,1781,1,16,-1,-1,-1