Accident_Index,Vehicle_Reference,Vehicle_Type,Towing_and_Articulation,Vehicle_Manoeuvre,Vehicle_Location-Restricted_Lane,Junction_Location,Skidding_and_Overturning,Hit_Object_in_Carriageway,Vehicle_Leaving_Carriageway,Hit_Object_off_Carriageway,1st_Point_of_Impact,Was_Vehicle_Left_Hand_Drive?,Journey_Purpose_of_Driver,Sex_of_Driver,Age_of_Driver,Age_Band_of_Driver,Engine_Capacity_(CC),Propulsion_Code,Age_of_Vehicle,Driver_IMD_Decile,Driver_Home_Area_Type,Vehicle_IMD_Decile
201606E024193,2,9,0,9,0,0,0,0,0,0,3,1,1,1,26,6,1390,1,6,9,1,9
201606E024272,1,9,0,3,0,6,0,0,0,0,1,1,6,2,30,6,1242,1,9,-1,-1,-1
201606E024272,2,9,0,4,0,1,0,0,0,0,2,1,6,1,28,6,1686,2,6,6,1,6
201606E024273,1,9,0,9,0,8,0,0,0,0,1,1,2,2,29,6,2179,2,4,1,1,1
201606E024273,2,1,0,18,0,8,0,0,0,0,1,1,2,1,43,7,-1,-1,-1,-1,-1,-1
201606E024307,1,9,0,18,0,8,0,0,0,0,1,1,6,3,-1,-1,1198,1,14,-1,-1,-1
201606E024326,1,9,0,7,0,8,0,0,0,0,1,2,3,3,-1,-1,1299,1,13,-1,-1,-1
201606E024326,2,1,0,18,0,8,0,0,0,0,4,1,1,1,11,3,-1,-1,-1,2,1,2
201606E024332,1,9,0,4,0,0,0,0,0,0,1,1,6,1,56,9,1390,1,14,2,1,2
201606E024332,2,9,0,3,0,0,0,0,0,0,2,1,6,1,61,9,1998,7,15,3,1,3
201606E024332,3,9,0,3,0,0,0,0,0,0,2,1,6,1,45,7,2993,2,1,-1,-1,-1
201606E024368,1,1,0,18,4,1,1,0,0,0,1,1,6,2,21,5,-1,-1,-1,4,1,4
201606E024368,2,9,0,18,0,1,0,0,0,0,3,1,6,3,-1,-1,-1,-1,-1,-1,-1,-1
201606E024394,1,9,0,5,0,7,0,0,0,0,2,1,6,1,41,7,1339,1,12,3,1,3
201606E024394,2,19,0,18,0,8,0,0,0,0,1,1,6,1,47,8,1461,2,12,6,1,6
201606E024436,1,9,0,16,0,2,0,0,0,0,1,1,6,1,28,6,1598,1,7,1,1,1
201606E024436,2,9,0,17,0,1,0,0,0,0,1,1,6,2,78,11,1497,8,2,5,1,5
201606E024436,3,9,0,2,0,1,0,0,0,0,3,1,6,3,65,9,2401,2,10,7,1,7
201606E024446,1,11,0,18,0,1,0,0,0,0,4,1,6,3,-1,-1,-1,-1,-1,-1,-1,-1
201606E024446,2,1,0,18,0,1,0,0,0,0,3,1,6,1,61,9,-1,-1,-1,4,1,4
201606E024450,1,9,0,9,0,8,0,0,0,0,1,1,6,1,35,6,2993,2,10,4,1,4
201606E024450,2,9,0,18,0,8,0,0,0,0,1,1,6,1,35,6,1596,1,9,1,1,1
201606E024455,1,21,0,18,0,1,0,0,0,0,4,1,1,1,29,6,6693,2,3,6,1,6
201606E024455,2,9,0,18,0,1,0,0,0,0,3,1,6,1,58,9,996,1,7,1,1,1
201606E024513,1,9,0,9,0,6,0,0,0,0,1,1,6,1,30,6,1242,1,12,-1,-1,-1
201606E024513,2,9,0,18,0,8,0,0,0,0,3,1,6,2,66,10,1246,1,9,4,1,4
201606E024572,1,9,0,9,0,8,0,0,0,0,1,1,6,2,21,5,1598,1,12,2,1,2
201606E024572,2,9,0,18,0,8,0,0,0,0,1,1,6,1,45,7,2198,2,1,10,1,10
201606E024628,1,9,0,13,0,8,0,0,0,0,3,1,6,1,30,6,-1,-1,-1,-1,-1,-1
201606E024628,2,1,0,3,4,8,0,0,0,0,4,1,6,1,26,6,-1,-1,-1,6,1,6
201606E024704,1,9,0,9,0,8,0,0,0,0,3,1,1,1,36,7,1968,2,3,1,1,1
201606E024704,2,9,0,18,0,8,0,0,0,0,4,1,6,3,-1,-1,2967,1,17,-1,-1,-1
201606E024747,1,9,0,9,0,8,0,0,0,0,1,1,6,3,-1,-1,-1,-1,-1,-1,-1,-1
201606E024747,2,1,0,18,0,8,0,0,0,0,3,1,6,1,35,6,-1,-1,-1,-1,-1,-1
201606E024792,1,90,0,18,0,1,0,0,0,0,2,1,6,3,-1,-1,-1,-1,-1,-1,-1,-1
201606E024792,2,1,0,7,0,1,0,0,0,0,1,1,2,1,44,7,-1,-1,-1,1,1,1
201606E024841,1,9,0,9,2,8,0,0,0,0,1,1,4,2,37,7,-1,-1,-1,1,1,1
201606E024841,2,1,0,18,4,8,2,0,0,0,1,1,2,1,50,8,-1,-1,-1,3,1,3
201606E024843,1,8,0,2,0,0,0,0,0,0,0,1,1,1,52,8,-1,-1,-1,5,1,5
201606E024843,2,9,0,18,0,0,0,0,0,0,4,1,1,1,51,8,-1,-1,-1,1,1,1
201606E024872,1,9,0,18,0,1,0,0,0,0,1,1,2,2,29,6,998,1,1,10,1,10
201606E024880,1,9,0,15,0,0,0,0,0,0,3,1,6,1,85,11,1299,1,11,4,1,4
201606E024880,2,1,0,18,0,0,0,0,0,0,3,1,6,1,52,8,-1,-1,-1,4,1,4
201606E024894,1,9,0,9,0,8,0,0,0,0,1,1,6,1,30,6,-1,-1,-1,-1,-1,-1
201606E024894,2,1,0,18,0,8,0,0,0,0,0,1,6,1,19,4,-1,-1,-1,1,1,1
201606E024906,1,9,0,18,0,0,0,0,0,0,3,1,6,1,57,9,1910,2,10,2,1,2
201606E024911,1,9,0,9,0,2,0,0,0,0,1,1,6,1,32,6,1197,1,4,1,1,1
201606E024911,2,9,0,18,0,1,0,0,0,0,1,1,6,2,27,6,1398,1,1,8,1,8
201606E025020,1,9,0,18,0,8,0,0,0,0,1,1,6,1,30,6,1598,1,2,-1,-1,-1
201606E025020,2,9,0,18,0,8,0,0,0,0,4,1,6,1,42,7,1598,1,9,1,1,1
201606E025055,1,9,0,9,0,2,0,0,0,0,1,1,2,1,21,5,2143,2,-1,10,1,10
201606E025064,1,1,0,14,0,1,0,0,0,0,3,1,6,1,55,8,-1,-1,-1,9,1,9
201606E025064,2,9,0,2,0,1,0,0,0,0,1,1,6,1,30,6,1995,2,5,-1,-1,-1
201606E025151,1,19,0,18,0,8,0,0,0,0,4,1,1,1,20,4,1995,2,2,8,1,8
201606E025216,1,9,0,11,0,1,0,0,0,0,0,1,6,1,30,6,1796,1,7,-1,-1,-1
201606E025216,2,2,0,18,0,1,2,0,0,0,0,1,6,1,27,6,49,1,6,2,1,2
201606E025296,1,9,0,9,0,6,0,0,0,0,1,1,6,1,53,8,1997,2,7,7,1,7
201606E025296,2,9,0,18,0,8,0,0,0,0,1,1,6,2,36,7,1198,1,2,1,1,1
201606E025317,1,9,0,18,0,1,0,0,0,0,1,1,6,2,22,5,1461,2,1,10,3,10
201606E025491,1,1,0,18,0,8,0,0,0,0,1,1,6,1,33,6,-1,-1,-1,6,1,6
201606E025491,2,9,0,6,0,8,0,0,0,0,1,1,6,1,-1,-1,-1,-1,-1,-1,-1,-1
201606E025799,1,9,0,18,0,8,0,0,0,0,4,1,6,3,-1,-1,1364,1,-1,-1,-1,-1
201606E025799,2,9,0,8,0,8,0,0,0,0,3,1,6,1,61,9,-1,-1,-1,6,1,6
201606E026459,1,9,0,18,0,1,0,0,0,0,1,1,6,1,24,5,1968,2,-1,3,1,3
201606E026459,2,9,0,5,0,1,0,0,0,0,2,1,6,2,19,4,1390,1,15,6,3,6
201606E026676,1,9,0,18,0,1,0,0,0,0,1,1,6,1,71,10,1461,2,1,9,1,9
201606E026676,2,1,0,18,0,1,0,0,0,0,2,1,6,1,49,8,-1,-1,-1,8,1,8
201606E151471,1,11,0,18,0,1,0,0,0,0,1,1,1,1,31,6,4461,2,3,10,2,10
201606EC22950,1,9,0,18,0,8,0,0,0,0,4,1,6,2,28,6,1149,1,6,-1,-1,-1
201606EC22950,2,9,0,18,0,8,0,0,0,0,1,1,2,1,39,7,1596,1,3,4,1,4
201606EF11409,1,9,0,17,0,0,1,0,1,1,4,1,6,1,26,6,2150,1,20,5,1,5
201606EJ24447,1,9,0,18,0,1,0,0,0,0,1,1,6,2,49,8,1598,1,11,3,1,3
201606EJ24447,2,9,0,3,0,1,0,0,0,0,2,1,6,1,34,6,1598,1,16,1,1,1
201606EM18580,1,9,0,2,0,1,0,0,0,0,4,1,6,1,50,8,-1,-1,-1,6,1,6
201606EM18580,2,1,0,18,4,1,0,0,0,0,1,1,6,2,26,6,-1,-1,-1,4,1,4
201606EM20156,1,9,0,9,0,8,0,0,0,0,3,1,6,3,-1,-1,-1,-1,-1,-1,-1,-1
201606EM20156,2,1,0,3,0,8,0,0,0,0,3,1,1,1,41,7,-1,-1,-1,-1,-1,-1
201606EM21502,1,9,0,18,0,2,0,0,0,0,0,1,6,1,61,9,1242,1,17,1,1,1
201606EM21502,2,1,0,18,0,2,0,0,0,0,0,1,2,2,30,6,-1,-1,-1,2,1,2
201606F010546,1,1,0,9,0,6,5,0,0,0,1,1,1,1,21,5,-1,-1,-1,-1,-1,-1
201606F010546,2,9,0,18,0,8,0,0,0,0,3,1,1,1,47,8,1686,2,6,2,1,2
201606F010563,1,9,0,6,0,0,0,0,0,0,3,1,6,2,43,7,998,1,9,1,1,1
201606F010563,2,9,0,18,0,0,0,0,0,0,1,1,6,2,32,6,1995,2,6,3,1,3
201606F010585,1,9,0,4,0,8,0,0,0,0,1,1,6,1,32,6,-1,-1,-1,2,1,2
201606F010585,2,1,0,18,0,8,0,0,0,0,3,1,6,1,13,3,-1,-1,-1,4,1,4
201606F010715,1,19,0,9,9,5,0,0,0,0,1,1,1,1,52,8,1870,2,10,8,1,8
201606F010777,1,9,0,9,0,8,0,0,7,0,2,1,6,2,26,6,1360,1,17,-1,-1,-1
201606F010777,2,9,0,18,0,8,0,0,0,0,1,1,6,1,27,6,2143,2,4,5,1,5
201606F011053,1,3,0,18,0,3,0,0,0,0,1,1,6,1,24,5,124,1,1,3,1,3
201606F011053,2,90,0,4,0,3,0,0,0,0,2,1,1,1,52,8,-1,-1,-1,-1,-1,-1
201606F011064,1,9,0,18,0,2,1,0,0,0,1,1,2,2,43,7,-1,-1,-1,2,1,2
201606F011064,2,9,0,18,0,2,0,0,0,0,2,1,2,2,45,7,1968,2,2,9,1,9
201606F011071,1,9,0,9,0,6,0,0,0,0,4,1,6,1,30,6,1598,1,8,4,1,4
201606F011083,1,9,0,18,0,2,0,0,0,0,1,1,6,2,29,6,1798,1,10,1,1,1
201606F011146,1,90,0,9,0,5,0,0,0,0,3,1,6,1,64,9,-1,-1,-1,5,1,5
201606F011302,1,9,0,9,0,8,0,0,0,0,1,1,2,1,41,7,1870,2,10,1,1,1
201606F011302,2,1,0,18,0,8,0,0,0,0,3,1,2,1,35,6,-1,-1,-1,4,2,4
201606F011302,3,9,0,9,0,8,0,0,0,0,1,1,2,1,24,5,1242,1,11,1,1,1
201606F011361,1,19,0,5,0,6,0,0,0,0,1,1,1,1,39,7,2198,2,2,1,1,1
201606F011361,2,1,0,17,0,8,0,0,0,0,4,1,2,1,47,8,-1,-1,-1,7,1,7
201606F011364,1,9,0,18,0,8,0,0,0,0,4,1,1,1,29,6,-1,-1,-1,5,1,5
201606F011364,2,9,0,9,0,6,0,0,0,0,1,1,6,2,30,6,1149,1,6,3,1,3
201606F011378,1,9,0,18,0,0,0,0,0,0,1,1,6,1,24,5,1497,1,14,8,1,8
201606F011378,2,9,0,3,0,0,0,0,0,0,2,1,6,2,19,4,998,1,1,-1,-1,-1
201606F011378,3,9,0,3,0,0,0,0,0,0,2,1,6,2,40,7,1248,2,3,5,1,5
201606F011404,1,9,0,18,0,5,0,0,0,0,1,1,6,2,27,6,1968,2,8,1,1,1
201606F011404,2,9,0,18,0,8,0,0,0,0,4,1,1,1,38,7,1598,2,5,-1,-1,-1
201606F011419,1,9,0,18,0,8,0,0,0,0,4,1,1,2,20,4,1149,1,7,10,1,10
201606F011419,2,9,0,18,0,8,0,0,0,0,1,1,4,1,31,6,-1,-1,-1,5,1,5
201606F011419,3,20,4,3,0,1,0,0,0,0,1,1,1,1,37,7,-1,-1,-1,1,1,1
201606F011438,1,9,0,18,0,1,0,0,0,0,1,1,6,1,46,8,2143,2,1,-1,-1,-1
201606F011438,2,9,0,18,0,1,0,0,0,0,2,1,1,2,54,8,998,1,14,2,1,2
201606F011451,1,9,0,18,0,0,0,0,0,0,1,1,6,1,48,8,1560,2,4,1,1,1
201606F011494,1,9,0,18,0,0,0,0,0,0,4,1,3,2,27,6,1242,1,12,-1,-1,-1
201606F011533,1,90,0,18,0,8,0,0,0,0,1,1,1,1,47,8,2999,2,6,3,1,3
201606F011533,2,9,0,18,0,8,0,0,1,7,3,1,6,1,50,8,1242,1,4,5,1,5
201606F011573,1,9,0,9,4,8,0,0,0,0,4,1,6,2,30,6,1242,1,1,-1,-1,-1
201606F011573,2,1,0,18,4,8,0,0,0,0,1,1,2,1,43,7,-1,-1,-1,8,1,8
201606F011594,1,9,0,18,0,8,0,0,0,0,1,1,2,2,36,7,1197,1,1,-1,-1,-1
201606F011594,2,1,0,18,0,8,5,0,0,0,4,1,2,1,35,6,-1,-1,-1,2,1,2
201606F011723,1,21,0,18,0,8,0,0,0,0,4,1,1,1,53,8,5880,2,10,5,1,5
201606F011731,1,9,0,10,0,5,0,0,0,0,1,1,2,1,47,8,1999,1,5,1,1,1
201606F011776,1,9,0,9,0,8,0,0,0,0,3,1,1,1,60,9,1596,1,6,2,1,2
201606F011776,2,5,0,9,0,8,0,0,0,0,4,1,1,1,45,7,800,1,14,3,1,3
201606F011860,1,9,0,18,0,1,0,0,0,0,1,1,2,2,56,9,998,1,5,2,1,2
201606F011887,1,9,0,4,0,1,0,0,0,0,1,1,1,1,39,7,1968,2,9,5,1,5
201606F011887,2,9,0,4,0,1,0,0,0,0,2,1,6,1,60,9,1968,2,8,2,1,2
201606F011887,3,9,0,4,0,1,0,0,0,0,2,1,6,1,26,6,-1,-1,-1,1,1,1
201606F011974,1,4,0,8,0,3,0,0,0,0,2,1,2,1,42,7,1000,1,30,1,1,1
201606F011974,2,9,0,4,0,7,0,0,0,0,4,1,2,2,45,7,1242,1,5,9,1,9
201606F012078,1,9,0,18,0,1,0,0,0,0,1,1,6,1,23,5,1396,1,9,2,1,2
201606F012078,2,9,0,3,0,1,0,0,0,0,2,1,6,1,22,5,998,1,15,1,1,1
201606F012117,1,3,0,18,0,8,0,0,0,0,1,1,1,1,33,6,-1,-1,-1,7,1,7
201606F012117,2,9,0,9,0,8,0,0,0,0,1,1,6,1,25,5,1999,2,1,2,1,2
201606F012241,1,9,0,18,0,8,0,0,0,0,1,1,6,3,-1,-1,-1,-1,-1,-1,-1,-1
201606F012241,2,4,0,9,0,8,0,0,0,0,1,1,6,1,24,5,124,1,4,-1,-1,-1
201606F012262,1,9,0,18,0,1,0,0,0,0,4,1,6,1,36,7,-1,-1,-1,9,1,9
201606F012270,1,9,0,18,0,0,0,0,0,0,1,1,6,2,23,5,-1,-1,-1,-1,-1,-1
201606F012270,2,5,0,18,0,0,0,0,0,0,1,1,2,1,54,8,649,1,6,2,1,2
201606F012494,1,9,0,5,0,8,0,0,0,0,1,1,2,2,23,5,1242,1,1,9,1,9
201606F012494,2,9,0,18,0,8,0,0,0,0,1,1,6,1,39,7,-1,-1,-1,2,1,2
201606F012499,1,8,0,3,0,0,0,0,0,0,2,1,1,1,37,7,1686,2,6,-1,-1,-1
201606F012499,2,1,0,14,0,0,0,0,0,0,1,1,2,1,26,6,-1,-1,-1,1,1,1
201606F012533,1,9,0,9,0,8,0,0,0,0,2,1,6,1,36,7,1360,1,13,1,1,1
201606F012533,2,1,0,18,0,1,0,0,0,0,1,1,6,2,25,5,-1,-1,-1,-1,-1,-1
201606F012538,1,9,0,18,0,1,0,0,0,0,1,1,6,1,39,7,2495,2,22,6,1,6
201606F012648,1,9,0,9,0,8,0,0,0,0,1,1,6,2,64,9,1560,2,4,-1,1,-1
201606F012648,2,9,0,18,0,8,0,0,0,0,1,1,6,1,55,8,1599,1,13,1,1,1
201606F012703,1,9,0,18,0,8,0,0,0,0,1,1,2,1,29,6,1364,1,6,-1,-1,-1
201606F012703,2,3,0,9,0,6,0,0,0,0,3,1,2,1,39,7,125,1,1,4,1,4
201606F012728,1,9,0,14,0,1,0,0,0,0,4,1,6,1,40,7,1598,1,12,-1,-1,-1
201606F012728,2,9,0,9,0,6,0,0,0,0,3,1,6,2,43,7,1560,2,3,5,1,5
201606F012744,1,1,0,18,0,5,0,0,0,0,3,1,6,1,57,9,-1,-1,-1,1,1,1
201606F012744,2,9,0,18,0,3,0,0,0,0,1,1,2,1,32,6,1560,2,9,-1,-1,-1
201606F012793,1,9,0,9,0,1,0,0,0,0,1,1,1,2,47,8,-1,-1,-1,7,1,7
201606F012793,2,9,0,9,0,1,0,0,0,0,2,1,6,1,48,8,2143,2,5,4,1,4
201606F012970,1,9,0,18,0,8,0,0,0,0,1,1,6,1,30,6,1560,2,2,-1,-1,-1
201606F012970,2,9,0,9,0,6,0,0,0,0,3,1,6,1,26,6,-1,-1,-1,4,1,4
201606F013182,1,9,0,9,0,5,0,0,0,0,3,1,6,3,-1,-1,2967,1,12,-1,-1,-1
201606F013182,2,9,0,18,0,1,0,0,0,0,3,1,1,1,22,5,1995,2,6,1,1,1
201606F013206,1,9,0,9,0,8,0,0,0,0,1,1,6,1,37,7,1461,2,2,-1,-1,-1
201606F013206,2,9,0,18,0,8,0,0,0,0,4,1,6,1,37,7,1389,1,13,1,1,1
201606F013272,1,9,0,16,0,1,0,0,0,0,1,1,6,2,26,6,1598,1,8,1,1,1
201606F013272,2,9,0,2,0,1,0,0,0,0,2,1,6,3,-1,-1,1753,2,9,-1,-1,-1
201606F013396,1,3,0,18,0,8,0,0,0,0,1,1,6,1,21,5,124,1,2,9,1,9
201606F013396,2,9,0,9,0,6,0,0,0,0,1,1,6,1,43,7,1796,1,14,3,1,3
201606F013422,1,9,0,18,0,0,0,0,0,0,1,1,6,3,-1,-1,-1,-1,-1,-1,-1,-1
201606F013493,1,90,0,7,0,1,0,0,0,0,1,1,1,1,40,7,-1,-1,-1,3,1,3
201606F013493,2,90,0,7,0,1,0,0,0,0,2,1,6,2,67,10,-1,-1,-1,1,1,1
201606F013637,1,9,0,15,0,1,0,0,0,0,1,1,6,1,30,6,1956,2,5,-1,-1,-1
201606F013637,2,9,0,4,0,1,0,0,0,0,3,1,2,2,56,9,-1,-1,-1,-1,-1,-1
201606F013669,1,9,0,9,0,8,0,0,0,0,1,1,6,1,53,8,1596,1,15,1,1,1
201606F013669,2,2,0,18,0,8,0,0,0,0,1,1,6,1,18,4,49,1,2,2,1,2
201606F013706,1,9,0,5,0,8,0,0,0,0,1,1,6,1,40,7,-1,-1,-1,-1,-1,-1
201606F013706,2,9,0,18,0,8,0,0,0,0,4,1,1,1,57,9,1686,2,8,1,1,1
201606F013723,1,9,0,18,0,1,0,0,0,0,1,1,6,1,30,6,-1,-1,-1,-1,-1,-1
201606F013723,2,9,0,8,0,1,0,0,0,0,2,1,6,1,59,9,1598,2,-1,2,1,2
201606F013843,1,9,0,7,0,6,0,0,0,0,2,1,6,2,48,8,1560,2,8,6,1,6
201606F013843,2,3,0,18,0,8,0,0,0,0,1,1,6,1,24,5,124,1,14,1,1,1
201606F013906,1,11,0,3,6,0,0,0,0,0,1,1,1,1,46,8,9360,2,8,2,1,2
201606F013906,2,11,0,3,6,0,0,0,0,0,2,1,1,1,55,8,9360,2,9,7,1,7
201606F013957,1,9,0,18,0,1,0,0,0,0,3,1,6,2,24,5,-1,-1,-1,7,1,7
201606F013957,2,9,0,18,0,1,0,0,0,0,1,1,6,2,54,8,1248,2,5,9,1,9
201606F014014,1,9,0,18,0,0,0,0,0,0,1,1,6,3,-1,-1,-1,-1,-1,-1,-1,-1
201606F014121,1,9,0,9,0,8,0,0,0,0,1,1,6,2,22,5,1149,1,8,-1,-1,-1
201606F014121,2,9,0,18,0,8,0,0,0,0,1,1,6,1,27,6,1598,1,16,1,1,1
201606F014121,3,9,0,3,0,8,0,0,0,0,1,1,6,1,32,6,1781,1,22,1,1,1
201606F014203,1,9,0,9,0,8,0,0,0,0,1,1,6,2,30,6,1242,1,13,4,2,4
201606F014203,2,5,0,18,0,8,0,0,0,0,1,1,6,1,32,6,999,1,-1,6,1,6
201606F014213,1,9,0,18,0,0,0,0,0,0,1,1,6,1,30,6,-1,-1,-1,-1,-1,-1
201606F014213,2,9,0,4,0,0,0,0,0,0,2,1,6,1,33,6,-1,-1,-1,3,1,3
201606F014329,1,5,0,18,0,0,0,0,0,0,1,1,6,1,31,6,599,1,3,2,1,2
201606F014329,2,9,0,18,0,0,0,0,0,0,1,1,1,1,40,7,1797,8,1,4,1,4
201606F014351,1,9,0,9,0,1,0,0,0,0,4,1,6,3,-1,-1,2438,1,18,-1,-1,-1
201606F014393,1,3,0,18,0,0,0,0,0,0,1,1,2,1,18,4,124,1,21,1,1,1
201606F014587,1,3,0,14,0,8,0,0,0,0,1,1,4,1,17,4,124,1,7,2,1,2
201606F014587,2,19,0,5,0,8,0,0,0,0,1,1,1,1,30,6,2402,2,10,6,1,6
201606F014597,1,2,0,18,0,8,0,0,0,0,1,1,6,1,50,8,124,1,9,2,1,2
201606F014597,2,9,0,18,0,8,0,0,0,0,1,1,6,2,40,7,1399,1,5,1,1,1
201606F014638,1,9,0,18,0,4,0,0,0,0,1,1,6,1,69,10,1560,2,3,10,1,10
201606F014638,2,9,0,18,0,4,0,0,0,0,2,1,2,1,18,4,1229,1,3,1,1,1
201606F014646,1,9,0,7,0,8,0,0,0,0,1,1,6,1,30,6,1598,1,4,-1,-1,-1
201606F014646,2,9,0,18,0,8,0,0,0,0,4,1,6,1,64,9,1596,1,13,2,1,2
201606F014658,1,19,0,18,0,0,1,0,1,0,4,1,6,1,25,5,1998,2,13,-1,-1,-1
201606F014675,1,20,1,18,0,8,0,0,0,0,1,1,1,1,26,6,3920,2,11,2,1,2
201606F014675,2,9,0,10,0,5,0,0,0,0,2,1,6,2,35,6,1796,1,9,2,1,2
201606F014821,1,9,0,17,0,0,0,0,0,0,1,1,6,1,26,6,1461,2,2,4,1,4
201606F014823,1,9,0,5,0,1,0,0,0,0,1,1,1,2,41,7,1968,2,4,10,1,10
201606F014823,2,9,0,3,0,1,0,0,0,0,2,1,6,1,41,7,1587,1,11,1,1,1
201606F014847,1,9,0,9,0,6,0,0,0,0,1,1,6,1,37,7,1364,1,11,2,1,2
201606F014866,1,9,0,7,0,8,0,0,0,0,1,1,6,1,30,6,-1,-1,-1,-1,-1,-1
201606F014866,2,1,0,18,0,8,0,0,0,0,1,1,6,1,18,4,-1,-1,-1,3,1,3
201606F014911,1,9,0,7,0,1,0,0,0,0,1,1,3,2,66,10,1598,1,2,4,1,4
201606F014911,2,1,0,7,0,1,0,0,0,0,1,1,1,2,43,7,-1,-1,-1,8,1,8
201606F014969,1,9,0,18,0,2,1,0,0,0,1,1,6,1,69,10,1781,1,14,1,1,1
201606F015048,1,9,0,18,0,0,0,0,0,0,4,1,6,2,41,7,998,1,10,6,1,6
201606F015107,1,9,0,18,0,0,0,0,0,0,2,1,1,1,22,5,1598,2,3,8,1,8
201606F015108,1,9,0,16,0,0,0,0,7,10,1,1,2,1,28,6,1995,2,8,1,1,1
201606F015190,1,9,0,7,0,5,0,0,2,1,4,1,6,1,59,9,1339,1,10,4,2,4
201606F015190,2,11,0,18,0,1,0,0,0,0,1,1,1,1,62,9,5132,2,-1,3,1,3
201606F015252,1,9,0,9,0,6,0,0,0,0,1,1,6,1,34,6,1248,2,12,3,1,3
201606F015318,1,9,0,7,0,8,0,0,0,0,4,1,6,1,36,7,1997,2,13,1,1,1
201606F015318,2,8,0,18,0,8,0,0,1,1,1,1,1,1,57,9,1798,1,11,1,1,1
201606F015430,1,9,0,2,0,1,0,0,0,0,3,1,2,2,45,7,1364,1,-1,1,1,1
201606F015430,2,1,0,15,0,1,0,0,0,0,1,1,2,1,58,9,-1,-1,-1,8,1,8
201606F015430,3,9,0,18,0,1,0,0,0,0,1,1,2,1,75,10,1596,1,6,1,1,1
201606F015438,1,9,0,18,0,1,1,0,0,0,0,1,6,1,20,4,1199,1,13,2,1,2
201606F015438,2,9,0,18,0,1,0,0,0,0,0,1,6,1,36,7,1396,2,2,1,1,1
201606F015478,1,9,0,18,0,0,0,0,0,0,4,1,6,1,38,7,-1,-1,-1,1,1,1
201606F015492,1,9,0,7,0,8,0,0,0,0,0,1,6,3,-1,-1,-1,-1,-1,-1,-1,-1
201606F015492,2,1,0,18,0,8,0,0,0,0,0,1,6,1,49,8,-1,-1,-1,4,1,4
201606F015537,1,1,0,18,0,8,0,0,0,0,1,1,1,1,33,6,-1,-1,-1,2,1,2
201606F015537,2,9,0,7,0,8,0,0,0,0,1,1,1,1,49,8,-1,-1,-1,-1,-1,-1
201606F015539,1,9,0,4,0,0,0,0,0,0,1,1,6,1,39,7,1997,2,10,1,1,1
201606F015550,1,9,0,18,0,0,0,0,0,0,1,1,6,2,18,4,998,1,11,1,1,1
201606F015550,2,9,0,5,0,0,0,0,0,0,2,1,2,2,56,9,1997,2,-1,2,1,2
201606F015550,3,9,0,5,0,0,0,0,0,0,2,1,6,1,52,8,2976,1,13,2,1,2
201606F015950,1,9,0,9,0,8,0,0,0,0,4,1,2,1,25,5,1461,2,6,-1,-1,-1
201606F015950,2,3,0,18,0,8,2,0,0,0,1,1,6,1,24,5,124,1,3,5,1,5
201606F015984,1,9,0,9,0,8,0,0,0,0,0,1,6,1,30,6,-1,-1,-1,-1,-1,-1
201606F015984,2,3,0,18,0,8,1,0,0,0,0,1,6,1,23,5,125,1,6,1,1,1
201606F015987,1,9,0,9,0,6,0,0,0,0,3,1,6,1,38,7,1685,2,1,2,1,2
201606F015987,2,3,0,18,0,8,0,0,0,0,1,1,6,1,17,4,125,1,-1,4,1,4
201606F016055,1,9,0,18,0,0,0,4,1,1,1,1,6,1,17,4,1598,1,6,1,1,1
201606F016055,2,9,0,2,0,0,0,0,1,0,2,1,6,1,53,8,-1,3,34,5,1,5
201606F016135,1,19,0,5,4,4,0,0,0,0,1,1,6,1,46,8,1248,2,2,1,1,1
201606F016135,2,1,0,18,0,4,0,0,0,0,1,1,6,1,39,7,-1,-1,-1,10,1,10
201606F016201,1,9,0,18,0,0,0,0,0,0,1,1,6,2,42,7,998,1,4,6,1,6
201606F016201,2,9,0,1,0,0,0,0,0,0,2,1,6,1,33,6,1995,2,13,6,1,6
201606F016216,1,11,0,18,0,0,0,0,0,0,1,1,1,1,33,6,6700,2,4,8,1,8
201606F016302,1,9,0,18,0,1,0,0,0,0,1,1,6,2,38,7,1968,2,1,2,1,2
201606F016472,1,9,0,18,0,1,0,0,0,0,1,1,6,1,43,7,1461,2,10,2,1,2
201606F016472,2,9,0,18,0,1,0,0,0,0,2,1,6,2,28,6,1598,1,13,1,1,1
201606F016558,1,9,0,9,0,8,0,0,0,0,4,1,6,1,59,9,1364,1,9,2,1,2
201606F016558,2,3,0,18,0,8,5,0,0,0,4,1,1,1,19,4,124,1,8,1,1,1
201606F016607,1,9,0,18,0,8,0,0,0,0,4,1,6,3,-1,-1,-1,-1,-1,-1,-1,-1
201606F016607,2,1,0,18,0,8,0,0,0,0,3,1,6,1,59,9,-1,-1,-1,2,1,2
201606F016689,1,1,0,18,0,0,5,0,0,0,0,1,6,2,25,5,-1,-1,-1,1,1,1
201606F016689,2,8,0,18,0,0,0,0,0,0,0,1,6,1,34,6,1596,1,9,3,1,3
201606F016709,1,9,0,18,0,1,0,0,0,0,1,1,6,1,57,9,1975,2,17,3,1,3
201606F016709,2,9,0,3,0,1,0,0,0,0,2,1,6,1,47,8,2982,2,1,3,1,3
201606F016746,1,9,0,18,0,8,1,10,1,10,1,1,6,1,18,4,1398,1,4,1,1,1