Accident_Index,Vehicle_Reference,Vehicle_Type,Towing_and_Articulation,Vehicle_Manoeuvre,Vehicle_Location-Restricted_Lane,Junction_Location,Skidding_and_Overturning,Hit_Object_in_Carriageway,Vehicle_Leaving_Carriageway,Hit_Object_off_Carriageway,1st_Point_of_Impact,Was_Vehicle_Left_Hand_Drive?,Journey_Purpose_of_Driver,Sex_of_Driver,Age_of_Driver,Age_Band_of_Driver,Engine_Capacity_(CC),Propulsion_Code,Age_of_Vehicle,Driver_IMD_Decile,Driver_Home_Area_Type,Vehicle_IMD_Decile
201606F016843,1,1,0,18,9,8,0,0,0,0,4,1,2,1,42,7,-1,-1,-1,1,1,1
201606F016843,2,9,0,4,0,1,0,0,0,0,1,1,2,1,50,8,1956,2,5,8,1,8
201606F016856,1,3,0,18,2,8,0,0,0,0,3,1,1,1,25,5,-1,-1,-1,1,1,1
201606F016856,2,9,0,9,0,8,0,0,0,0,1,1,1,2,57,9,999,1,1,2,1,2
201606F016856,3,9,0,7,0,6,0,0,0,0,3,1,1,1,45,7,1968,2,2,2,1,2
201606F016934,1,1,0,7,0,6,0,0,0,0,1,1,6,1,14,3,-1,-1,-1,1,1,1
201606F016934,2,9,0,18,0,8,0,0,0,0,1,1,6,2,22,5,999,1,1,2,1,2
201606F016955,1,9,0,9,0,8,0,0,0,0,1,1,1,2,34,6,998,1,16,1,1,1
201606F016955,2,1,0,18,0,8,0,0,0,0,2,1,1,1,50,8,-1,-1,-1,3,1,3
201606F017061,1,9,0,7,0,8,0,0,0,0,1,1,6,2,40,7,1995,1,13,1,1,1
201606F017061,2,20,0,18,0,8,0,0,0,0,4,1,1,1,29,6,2143,2,2,1,1,1
201606F017099,1,9,0,18,0,8,0,0,0,0,1,1,6,1,25,5,2926,2,14,1,1,1
201606F017120,1,9,0,18,0,0,0,0,0,0,1,1,6,3,-1,-1,-1,-1,-1,-1,-1,-1
201606F017120,2,1,0,18,4,0,0,0,0,0,1,1,6,2,51,8,-1,-1,-1,-1,-1,-1
201606F017139,1,19,0,18,0,1,2,0,0,0,1,1,6,1,65,9,2402,2,13,1,1,1
201606F017139,2,9,0,2,0,1,0,0,0,0,0,1,6,1,30,6,1598,2,1,5,1,5
201606F017220,1,9,0,1,0,2,0,0,0,0,2,1,6,1,30,6,1998,8,1,-1,-1,-1
201606F017220,2,9,0,8,0,1,0,0,0,0,4,1,6,2,34,6,1896,2,13,4,1,4
201606F017263,1,9,0,18,0,1,0,0,7,0,1,1,6,1,40,7,1108,1,7,6,1,6
201606F017263,2,9,0,18,0,1,0,0,0,0,2,1,6,2,23,5,1368,1,6,6,1,6
201606F017298,1,9,0,18,0,0,1,0,0,0,1,1,6,2,28,6,1398,1,4,2,1,2
201606F017554,1,9,0,7,0,8,0,0,0,0,1,1,6,2,39,7,1998,2,3,2,1,2
201606F017554,2,9,0,5,0,8,0,0,0,0,4,1,6,1,71,10,1560,2,1,1,1,1
201606F017594,1,9,0,18,0,1,0,0,0,0,1,1,6,2,52,8,1200,1,2,8,1,8
201606F017599,1,9,0,18,0,0,0,0,0,0,3,1,2,1,43,7,2987,2,5,2,1,2
201606F017627,1,9,0,7,0,1,0,0,0,0,1,1,2,2,38,7,1984,1,12,7,1,7
201606F017627,2,9,0,7,0,1,0,0,0,0,2,1,2,2,21,5,1242,1,6,6,1,6
201606F017870,1,9,0,18,0,8,0,0,0,0,3,1,6,2,56,9,1598,1,3,3,1,3
201606F017870,2,9,0,18,0,8,0,0,0,0,1,1,6,2,62,9,1390,1,5,7,1,7
201606F017923,1,9,0,7,2,5,0,0,0,0,0,1,6,3,-1,-1,-1,-1,-1,-1,-1,-1
201606F017923,2,1,0,18,2,1,0,0,0,0,0,1,2,1,59,9,-1,-1,-1,5,1,5
201606F017963,1,9,0,7,0,5,0,0,0,0,2,1,3,2,35,6,2360,1,14,5,1,5
201606F017963,2,1,0,18,0,8,0,0,0,0,4,1,6,1,24,5,-1,-1,-1,1,1,1
201606F018046,1,9,0,9,0,8,0,0,0,0,1,1,6,1,24,5,1796,1,13,5,1,5
201606F018046,2,3,0,18,0,8,0,0,0,0,1,1,6,1,30,6,124,1,4,1,1,1
201606F018055,1,9,0,18,0,4,0,0,0,0,1,1,6,2,43,7,1995,2,1,-1,-1,-1
201606F018055,2,9,0,18,0,4,0,0,0,0,1,1,6,1,25,5,1951,2,15,-1,-1,-1
201606F018104,1,9,0,18,0,8,0,0,0,0,0,1,6,1,30,6,-1,-1,-1,-1,-1,-1
201606F018104,2,9,0,9,0,2,0,0,0,0,2,1,6,2,25,5,1995,2,2,3,1,3
201606F018137,1,9,0,9,0,8,0,0,0,0,3,2,6,1,27,6,-1,-1,-1,-1,-1,-1
201606F018137,2,5,0,18,0,8,0,0,0,0,4,1,2,1,46,8,1043,1,1,4,1,4
201606F018174,1,9,0,18,0,6,0,0,0,0,1,1,6,1,63,9,1197,1,-1,2,1,2
201606F018174,2,9,0,18,0,8,0,0,0,0,4,1,6,2,33,6,1200,1,-1,3,1,3
201606F018177,1,9,0,9,0,8,0,0,0,0,0,1,1,1,33,6,1598,1,9,-1,-1,-1
201606F018177,2,1,0,15,0,8,0,0,0,0,0,1,1,1,35,6,-1,-1,-1,-1,-1,-1
201606F018241,1,1,0,18,0,1,0,0,0,0,3,1,6,1,28,6,-1,-1,-1,-1,-1,-1
201606F018241,2,9,0,18,0,1,0,0,0,0,3,1,6,2,26,6,1686,2,6,6,1,6
201606F018278,1,3,0,13,0,8,0,0,0,0,1,1,2,1,24,5,124,1,26,1,1,1
201606F018278,2,9,0,6,0,8,0,0,0,0,3,1,6,2,29,6,998,1,7,10,2,10
201606F018375,1,9,0,10,0,1,0,0,0,0,2,1,6,1,28,6,1686,2,6,2,1,2
201606F018375,2,9,0,4,0,1,0,0,0,0,1,1,1,1,46,8,1598,1,7,1,1,1
201606F018400,1,9,0,9,0,6,0,0,0,0,1,1,6,1,67,10,1998,2,10,3,1,3
201606F018400,2,9,0,18,0,8,0,0,0,0,4,1,6,1,27,6,1596,1,7,1,1,1
201606F018462,1,9,0,7,0,8,0,0,0,0,0,1,1,1,45,7,1896,2,7,2,1,2
201606F018462,2,9,0,18,0,8,0,0,0,0,1,1,6,1,30,6,1998,2,13,-1,-1,-1
201606F018690,1,9,0,18,0,1,0,0,0,0,1,1,6,1,42,7,1598,1,-1,1,1,1
201606F018690,2,9,0,3,0,1,0,0,0,0,2,1,1,1,32,6,1798,8,-1,1,1,1
201606F018690,3,9,0,3,0,1,0,0,0,0,2,1,6,1,52,8,1910,2,8,9,1,9
201606F018873,1,11,0,18,0,0,0,0,0,0,1,1,1,1,33,6,9360,2,4,8,1,8
201606F019062,1,21,0,18,0,0,0,0,0,0,1,1,1,1,49,8,6693,2,3,2,1,2
201606F019062,2,9,0,18,0,0,0,0,0,0,2,1,6,2,30,6,1968,2,5,1,1,1
201606F019062,3,9,0,18,0,0,0,0,0,0,2,1,6,2,42,7,-1,-1,-1,6,1,6
201606F019065,1,3,0,18,0,8,0,0,0,0,4,1,6,1,19,4,125,1,4,-1,-1,-1
201606F019065,2,19,0,10,0,8,0,0,0,0,3,1,1,1,39,7,1998,2,12,1,1,1
201606F019212,1,9,0,16,0,0,0,4,8,0,1,1,6,1,90,11,1124,1,12,6,1,6
201606F019212,2,9,0,2,0,0,0,0,0,0,2,1,6,1,24,5,1598,1,7,-1,-1,-1
201606F019270,1,1,0,18,0,8,0,0,0,0,1,1,6,1,15,3,-1,-1,-1,1,1,1
201606F019270,2,9,0,9,0,8,0,0,0,0,1,1,1,1,62,9,-1,-1,-1,8,1,8
201606F019342,1,9,0,18,0,8,0,0,0,0,1,1,6,3,-1,-1,1900,2,18,-1,-1,-1
201606F019342,2,9,0,9,0,5,0,0,7,2,1,1,6,1,36,7,1998,1,16,8,1,8
201606F019353,1,9,0,18,0,2,0,0,0,0,1,1,1,1,43,7,1198,1,3,-1,-1,-1
201606F019379,1,9,0,9,0,6,0,0,0,0,1,1,6,2,35,6,1595,2,6,2,1,2
201606F019379,2,1,0,17,0,8,0,0,0,0,1,1,6,1,33,6,-1,-1,-1,8,3,8
201606F019437,1,9,0,18,0,0,5,0,7,0,3,1,6,1,27,6,1951,2,14,2,1,2
201606F019446,1,9,0,17,0,1,0,0,0,0,1,1,6,1,26,6,1598,2,5,1,1,1
201606F019446,2,19,0,18,0,1,0,0,0,0,2,1,6,1,53,8,1686,2,14,4,1,4
201606F019476,1,9,0,18,0,1,0,0,0,0,1,1,6,1,84,11,1598,1,7,2,1,2
201606F019476,2,9,0,18,0,1,0,0,0,0,1,1,6,1,35,6,-1,-1,-1,4,1,4
201606F019476,3,9,0,18,0,1,0,0,0,0,2,1,6,1,46,8,1396,1,3,1,1,1
201606F019477,1,19,0,5,0,1,0,0,0,0,1,1,1,1,49,8,10518,2,5,8,1,8
201606F019530,1,1,0,18,0,8,0,0,0,0,1,1,6,1,15,3,-1,-1,-1,1,1,1
201606F019530,2,9,0,18,0,8,0,0,0,0,3,1,6,1,50,8,1461,2,-1,3,1,3
201606F019646,1,9,0,1,0,0,0,10,0,0,2,1,6,1,57,9,1242,1,7,9,1,9
201606F019646,2,9,0,2,0,0,0,0,0,0,0,1,6,3,-1,-1,-1,-1,-1,-1,-1,-1
201606F019664,1,8,0,9,0,5,0,0,0,0,4,1,1,1,35,6,1598,2,4,1,1,1
201606F019664,2,1,0,18,0,8,0,0,0,0,1,1,6,1,19,4,-1,-1,-1,2,1,2
201606F019757,1,9,0,8,0,1,0,0,0,0,1,1,6,3,30,6,1753,2,8,-1,-1,-1
201606F019757,2,9,0,18,0,1,0,0,0,0,2,1,6,2,71,10,1388,1,6,4,1,4
201606F019872,1,9,0,16,0,1,5,0,1,2,1,1,2,1,19,4,1248,2,9,2,1,2
201606F019905,1,9,0,18,0,4,0,0,0,0,1,1,6,1,36,7,1242,1,11,5,1,5
201606F019905,2,9,0,18,0,4,0,0,0,0,1,1,6,1,37,7,1496,2,-1,6,1,6
201606F020077,1,8,0,9,0,8,0,0,0,0,1,1,1,1,49,8,1598,2,2,4,1,4
201606F020077,2,1,0,18,0,8,0,0,0,0,1,1,6,1,50,8,-1,-1,-1,8,1,8
201606F020145,1,9,0,18,2,0,0,0,0,0,1,1,6,2,29,6,1398,1,1,6,1,6
201606F020188,1,9,0,18,0,0,0,0,0,0,1,1,6,1,27,6,4008,1,17,5,1,5
201606F020359,1,9,0,9,0,8,0,0,0,0,1,1,6,1,30,6,1896,2,7,2,1,2
201606F020359,2,3,0,18,0,8,0,0,0,0,1,1,6,2,23,5,124,1,2,1,1,1
201606F020368,1,9,0,16,0,3,0,0,0,0,2,1,1,1,52,8,-1,-1,-1,9,1,9
201606F020368,2,19,0,16,0,3,0,0,0,0,1,1,1,1,27,6,1995,2,5,6,2,6
201606F020400,1,9,0,9,0,6,0,0,0,0,1,1,2,1,41,7,1598,1,13,2,1,2
201606F020400,2,3,0,18,0,8,5,0,0,0,1,1,2,1,33,6,125,1,1,9,1,9
201606F020439,1,3,0,18,0,8,0,0,0,0,1,1,6,1,30,6,125,1,1,-1,-1,-1
201606F020439,2,9,0,5,0,2,0,0,0,0,3,1,6,2,22,5,1299,1,8,1,1,1
201606F020493,1,9,0,18,0,0,0,0,0,0,1,1,6,1,57,9,-1,-1,-1,5,3,5
201606F020585,1,1,0,18,5,0,0,0,0,0,1,1,6,1,32,6,-1,-1,-1,3,1,3
201606F020585,2,9,0,18,0,0,0,0,0,0,1,1,6,2,20,4,898,1,1,5,3,5
201606F020705,1,3,0,18,0,8,5,0,0,0,1,1,6,1,37,7,125,1,5,1,1,1
201606F020705,2,10,0,18,0,8,0,0,0,0,3,1,6,1,32,6,2402,2,12,1,1,1
201606F021180,1,1,0,18,0,1,0,0,0,0,3,1,2,2,23,5,-1,-1,-1,1,1,1
201606F021180,2,11,0,18,0,1,0,0,0,0,4,1,1,1,45,7,5132,2,-1,5,1,5
201606F021187,1,4,0,12,0,8,2,0,0,0,3,1,2,1,27,6,750,1,7,4,1,4
201606F021187,2,9,0,7,0,8,0,0,0,0,4,1,6,1,59,9,1598,2,1,2,1,2
201606F021278,1,3,0,4,0,0,2,0,0,0,1,1,6,1,19,4,124,1,1,2,1,2
201606F021278,2,9,0,3,0,0,0,0,0,0,2,1,6,1,73,10,1197,1,-1,2,1,2
201606F021392,1,3,0,18,0,8,0,0,0,0,1,1,6,1,17,4,125,1,6,-1,-1,-1
201606F021392,2,8,0,9,0,6,0,0,0,0,3,1,1,1,50,8,4999,1,15,4,1,4
201606F021392,3,5,0,18,0,1,0,0,0,0,0,1,1,1,30,6,1170,1,8,-1,-1,-1
201606F021424,1,9,0,7,0,5,0,0,0,0,0,1,6,1,55,8,-1,-1,-1,9,1,9
201606F021424,2,1,0,18,0,8,0,0,0,0,0,1,6,2,44,7,-1,-1,-1,5,1,5
201606F021465,1,9,0,18,0,8,0,0,0,0,1,1,6,1,30,6,-1,-1,-1,-1,-1,-1
201606F021465,2,1,0,18,0,8,0,0,0,0,1,1,6,1,30,6,-1,-1,-1,1,1,1
201606F021498,1,9,0,18,0,8,0,0,0,0,3,1,6,2,23,5,1149,1,10,6,1,6
201606F021498,2,1,0,18,0,8,0,0,0,0,1,1,6,1,14,3,-1,-1,-1,3,1,3
201606F021530,1,9,0,18,0,0,0,0,0,0,1,1,6,1,18,4,998,1,-1,-1,-1,-1
201606F021530,2,9,0,18,0,0,0,0,0,0,2,1,6,2,27,6,1968,2,1,4,1,4
201606F021624,1,9,0,18,0,4,0,0,0,0,4,1,1,2,41,7,1910,2,6,1,1,1
201606F021624,2,1,0,18,4,1,0,0,0,0,3,1,1,1,26,6,-1,-1,-1,6,1,6
201606F021626,1,9,0,18,0,2,0,0,0,0,1,1,6,1,66,10,-1,-1,-1,5,1,5
201606F021735,1,9,0,18,0,0,0,0,0,0,1,1,6,1,77,11,2184,2,12,3,1,3
201606F021735,2,19,0,18,0,0,0,0,0,0,2,1,6,1,43,7,1461,2,3,1,1,1
201606F021735,3,10,0,18,0,0,0,0,0,0,2,1,6,1,54,8,2463,2,9,1,1,1
201606F021735,4,9,0,18,0,0,0,0,0,0,2,1,6,1,61,9,1769,1,10,2,1,2
201606F021735,5,19,0,18,0,0,0,0,0,0,2,1,1,1,34,6,1968,2,2,2,1,2
201606F021793,1,9,0,7,0,8,0,0,0,0,1,1,3,1,40,7,1461,2,1,1,1,1
201606F021793,2,1,0,18,0,8,5,0,0,0,4,1,2,2,32,6,-1,-1,-1,7,1,7
201606F021801,1,21,1,1,8,8,0,0,0,0,3,1,1,1,39,7,12777,2,8,9,1,9
201606F021801,2,21,1,18,0,8,0,0,0,0,4,1,1,1,36,7,12900,2,5,6,1,6
201606F021823,1,9,0,5,0,8,0,0,7,0,4,1,6,1,48,8,1229,1,1,7,1,7
201606F021823,2,9,0,18,0,8,0,0,0,0,1,1,6,2,23,5,998,1,2,8,1,8
201606F021823,3,9,0,2,9,4,0,0,0,0,4,1,6,3,-1,-1,998,1,-1,2,1,2
201606F021823,4,9,0,2,9,4,0,0,0,0,1,1,6,3,-1,-1,-1,-1,-1,-1,-1,-1
201606F021941,1,19,0,11,0,8,0,0,0,0,4,1,6,1,64,9,1753,2,13,5,1,5
201606F021941,2,1,0,18,0,8,5,0,0,0,1,1,6,1,64,9,-1,-1,-1,9,1,9
201606F022068,1,5,0,18,0,8,5,0,0,0,1,1,6,1,44,7,998,1,9,4,1,4
201606F022068,2,9,0,6,0,8,0,0,0,0,2,1,6,1,36,7,1398,1,5,1,1,1
201606F022068,3,9,0,18,0,1,0,0,0,0,4,1,6,2,40,7,-1,-1,-1,7,1,7
201606F022170,1,9,0,16,0,4,0,0,0,0,1,1,6,3,-1,-1,-1,-1,-1,-1,-1,-1
201606F022170,2,1,0,16,0,4,5,0,0,0,2,1,1,1,35,6,-1,-1,-1,7,1,7
201606F022188,1,9,0,7,0,8,0,0,1,0,4,1,6,3,-1,-1,-1,-1,-1,-1,-1,-1
201606F022188,2,1,0,18,0,8,0,0,0,0,1,1,1,2,23,5,-1,-1,-1,1,1,1
201606F022336,1,9,0,18,0,0,0,0,0,0,1,1,6,3,-1,-1,-1,-1,-1,-1,-1,-1
201606F022430,1,9,0,18,0,0,0,0,0,0,1,1,6,1,82,11,2179,2,3,1,1,1
201606F022507,1,9,0,6,0,0,0,0,0,0,3,1,1,1,35,6,1896,2,8,7,1,7
201606F022507,2,2,0,14,0,0,0,0,0,0,1,1,1,1,23,5,124,1,5,1,1,1
201606F022542,1,9,0,18,0,6,0,0,0,0,1,1,6,1,30,6,1596,1,14,-1,-1,-1
201606F022542,2,9,0,18,0,8,0,0,0,0,1,1,6,2,29,6,1242,1,6,6,1,6
201606F022731,1,9,0,17,0,8,0,0,0,10,1,1,6,2,27,6,-1,-1,-1,8,1,8
201606F022731,2,9,0,18,0,8,0,0,0,0,1,1,6,1,56,9,1997,2,4,1,1,1
201606F022736,1,9,0,18,0,8,0,0,1,7,1,1,6,1,25,5,1998,1,15,1,1,1
201606F022736,2,9,0,18,0,8,0,0,0,0,4,1,1,1,44,7,2993,2,2,-1,-1,-1
201606F022760,1,9,0,7,9,8,0,0,1,10,1,1,6,2,41,7,1360,1,12,1,1,1
201606F022963,1,9,0,18,0,1,0,0,0,0,4,1,2,1,41,7,1200,1,1,9,1,9
201606F022997,1,9,0,18,0,8,0,0,1,2,1,1,6,1,61,9,1598,2,2,3,1,3
201606F022997,2,9,0,18,0,8,0,0,0,0,2,1,6,1,68,10,998,1,9,2,1,2
201606F023072,1,9,0,18,0,0,0,0,0,0,4,1,1,1,35,6,1598,2,5,1,1,1
201606F023138,1,19,0,18,0,8,0,0,0,0,1,1,1,1,30,6,-1,-1,-1,7,1,7
201606F023138,2,9,0,18,0,8,0,4,0,0,4,1,6,2,54,8,1149,1,11,1,1,1
201606F023138,3,8,0,2,0,2,0,0,0,0,2,1,6,3,46,8,2402,2,12,-1,-1,-1
201606F023154,1,90,0,18,0,0,0,0,0,0,3,1,6,1,35,6,-1,-1,-1,1,1,1
201606F023195,1,9,0,18,0,0,0,0,0,0,0,1,6,1,56,9,-1,-1,-1,2,1,2
201606F023257,1,9,0,5,0,8,0,0,0,0,2,1,6,2,30,6,1595,1,8,4,1,4
201606F023257,2,3,0,18,0,8,0,0,0,0,1,1,6,1,18,4,124,1,4,1,1,1
201606F023357,1,9,0,7,0,1,0,0,0,0,1,1,2,1,22,5,1956,2,3,2,1,2
201606F023361,1,9,0,15,9,0,0,0,0,0,1,1,6,1,30,6,1596,1,14,-1,-1,-1
201606F023361,2,90,0,4,0,0,0,0,0,0,1,1,1,2,30,6,-1,-1,-1,-1,-1,-1
201606F023474,1,8,0,18,0,8,0,0,7,0,4,1,1,1,38,7,1794,1,9,1,1,1
201606F023474,2,9,0,18,0,8,0,0,1,2,1,1,6,3,-1,-1,1596,1,12,-1,-1,-1
201606F023488,1,9,0,18,0,0,0,0,0,0,1,1,6,2,85,11,1386,1,11,5,1,5
201606F023488,2,9,0,2,0,0,0,0,0,0,2,1,6,2,29,6,1998,2,9,-1,-1,-1
201606F023488,3,9,0,18,0,0,0,0,0,0,3,1,6,2,52,8,2143,2,-1,3,1,3
201606F023521,1,9,0,18,0,8,0,0,0,0,4,1,6,2,30,6,1242,1,6,6,1,6
201606F023521,2,9,0,9,0,8,0,0,0,0,1,1,6,3,-1,-1,1998,2,14,-1,-1,-1
201606F023607,1,9,0,9,0,6,0,0,0,0,3,1,6,1,51,8,996,1,6,8,1,8
201606F023607,2,1,0,18,0,8,0,0,0,0,1,1,2,1,19,4,-1,-1,-1,9,1,9
201606F023665,1,9,0,18,0,4,0,0,0,0,1,1,1,1,40,7,-1,-1,-1,8,1,8
201606F023665,2,9,0,9,0,3,0,0,0,0,3,1,6,2,51,8,998,1,4,1,1,1
201606F023845,1,9,0,18,0,0,0,0,0,0,1,1,6,1,22,5,1461,2,1,2,1,2
201606F023845,2,11,0,18,0,0,0,0,0,0,1,1,1,1,26,6,5132,2,-1,2,1,2
201606F023845,3,9,0,18,0,0,0,0,0,0,2,1,6,1,34,6,1999,2,-1,3,1,3
201606F023864,1,9,0,18,0,8,0,0,0,0,1,1,6,1,-1,-1,1582,2,1,-1,-1,-1
201606F023864,2,9,0,18,0,8,0,0,2,7,2,1,6,1,52,8,1364,1,7,10,1,10
201606F023864,3,9,0,18,0,8,0,0,0,0,0,1,1,1,-1,-1,2967,2,5,-1,-1,-1
201606F023949,1,9,0,18,0,2,0,0,0,0,1,1,2,1,24,5,1242,1,2,1,1,1
201606F023949,2,9,0,6,0,2,0,0,0,0,1,1,6,1,30,6,1968,2,3,-1,-1,-1
201606F023961,1,19,0,18,0,0,0,0,0,0,1,1,6,1,41,7,2151,2,13,1,1,1
201606F023961,2,19,0,18,0,0,0,0,0,0,2,1,6,1,41,7,-1,-1,-1,1,1,1
201606F023961,3,9,0,18,0,0,0,0,0,0,2,1,6,1,44,7,1598,1,23,1,1,1
201606F024046,1,9,0,18,0,0,0,0,0,0,0,1,2,1,42,7,1994,1,11,6,1,6
201606F024059,1,9,0,18,0,1,0,0,0,0,1,1,6,1,33,6,-1,-1,-1,5,1,5
201606F024059,2,9,0,18,0,1,0,0,0,0,3,1,6,1,48,8,1896,2,13,1,1,1
201606F024059,3,9,0,18,0,2,0,0,0,5,1,1,6,2,36,7,1995,1,8,8,1,8
201606F024059,4,9,0,18,0,2,0,0,0,0,1,1,6,1,24,5,1229,1,7,3,1,3
201606F024071,1,9,0,18,0,1,0,0,0,0,1,1,1,1,40,7,1597,2,3,1,1,1
201606F024071,2,9,0,10,0,1,0,0,0,0,2,1,6,2,30,6,1242,1,12,-1,-1,-1
201606F024071,3,9,0,3,0,1,0,0,0,0,2,1,6,2,27,6,1598,1,12,2,1,2
201606F024095,1,9,0,10,0,8,0,0,0,0,2,1,2,2,32,6,1248,2,7,1,1,1
201606F024095,2,9,0,7,0,8,0,0,0,0,1,1,6,1,30,6,1796,1,13,-1,-1,-1
201606F024119,1,90,0,12,9,0,0,0,1,0,1,1,6,1,30,6,-1,-1,-1,-1,-1,-1
201606F024138,1,21,0,18,0,1,0,0,0,0,1,1,1,1,51,8,12600,2,12,5,1,5
201606F024138,2,9,0,4,0,1,0,0,0,0,2,1,1,1,36,7,1796,1,5,1,1,1
201606F024271,1,10,0,18,0,2,0,0,0,0,1,1,6,1,64,9,-1,-1,-1,9,1,9
201606F024293,1,9,0,18,0,1,0,0,0,0,4,1,1,2,48,8,998,1,-1,9,1,9
201606F024296,1,9,0,9,0,8,0,0,0,0,1,1,6,2,30,6,-1,-1,-1,-1,-1,-1
201606F024296,2,1,0,5,0,8,0,0,0,0,3,1,4,1,16,4,-1,-1,-1,4,2,4
201606F024309,1,9,0,9,0,8,0,0,0,0,1,1,6,1,51,8,1984,1,13,6,1,6
201606F024309,2,1,0,18,4,8,0,0,0,0,1,1,6,1,31,6,-1,-1,-1,-1,-1,-1
201606F024311,1,9,0,18,0,8,0,0,0,0,1,1,1,1,23,5,-1,-1,-1,2,1,2
201606F024311,2,9,0,18,0,4,0,0,0,0,3,1,6,2,70,10,1997,2,-1,1,1,1
201606F024385,1,9,0,4,0,2,0,0,0,0,1,1,6,2,31,6,-1,-1,-1,4,1,4
201606F024397,1,9,0,18,0,2,0,0,0,0,4,1,2,1,32,6,2497,1,11,9,1,9
201606F024448,1,9,0,18,0,8,0,0,0,0,0,1,6,2,45,7,1995,2,14,1,1,1
201606F024448,2,9,0,9,0,8,0,0,0,0,4,1,6,1,60,9,995,1,6,-1,-1,-1
201606F024505,1,9,0,12,0,1,0,0,0,0,4,1,1,1,30,6,1995,2,14,-1,-1,-1
201606F024505,2,9,0,18,0,1,0,0,0,0,3,1,3,2,52,8,1686,2,2,5,1,5
201606F024508,1,9,0,9,0,8,0,0,0,0,1,1,6,1,30,6,1248,2,5,-1,-1,-1
201606F024508,2,9,0,18,0,8,0,0,0,0,3,1,6,2,63,9,998,1,-1,9,1,9
201606F024516,1,9,0,5,0,0,0,0,0,0,1,1,6,2,33,6,1398,1,4,1,1,1
201606F024541,1,9,0,18,0,2,0,0,0,0,1,1,6,1,27,6,2143,2,-1,1,1,1
201606F024557,1,9,0,9,0,8,0,0,0,0,4,1,2,2,23,5,1248,2,8,8,1,8
201606F024574,1,9,0,9,0,5,0,0,0,0,1,1,6,1,36,7,1596,1,9,-1,-1,-1
201606F024590,1,9,0,5,0,1,0,0,0,0,1,1,6,3,-1,-1,1368,1,9,-1,-1,-1
201606F024590,2,9,0,3,0,1,0,0,0,0,2,1,6,1,30,6,1560,2,-1,3,1,3
201606F024606,1,9,0,14,0,0,0,0,0,0,1,1,6,2,47,8,1753,2,14,2,1,2
201606F024606,2,9,0,14,0,0,0,0,0,0,1,1,6,2,36,7,1598,1,11,2,1,2
201606F024616,1,9,0,18,0,8,0,0,7,0,4,1,1,1,60,9,1599,1,11,2,1,2
201606F024616,2,9,0,18,0,8,0,0,0,0,1,1,6,1,19,4,999,1,-1,3,1,3
201606F024665,1,9,0,18,0,2,0,0,0,0,1,1,2,1,25,5,998,1,16,7,1,7
201606F024694,1,9,0,2,9,0,0,0,0,0,3,1,2,1,30,6,1560,2,11,-1,-1,-1
201606F024780,1,9,0,18,0,1,0,0,0,0,1,1,6,3,-1,-1,-1,-1,-1,-1,-1,-1
201606F024842,1,8,0,18,0,1,0,0,0,0,1,1,1,1,62,9,1797,8,7,4,1,4
201606F024864,1,9,0,1,0,0,0,0,0,0,2,1,6,1,30,6,-1,-1,-1,-1,-1,-1
201606F024913,1,9,0,5,0,8,0,0,0,0,4,1,1,1,30,6,-1,-1,-1,-1,-1,-1
201606F024913,2,1,0,13,0,8,0,0,0,0,1,1,1,1,55,8,-1,-1,-1,1,1,1
201606F024953,1,9,0,18,0,0,0,0,0,0,1,1,6,1,27,6,1198,1,12,1,1,1
201606F025062,1,9,0,9,0,8,0,0,0,0,1,1,6,1,32,6,1999,1,14,2,1,2
201606F025062,2,1,0,18,4,8,0,0,0,0,1,1,6,1,62,9,-1,-1,-1,4,1,4
201606F025069,1,9,0,9,0,2,0,0,0,0,3,1,6,1,51,8,1299,1,11,-1,-1,-1
201606F025088,1,9,0,8,0,6,0,0,0,0,1,1,1,1,30,6,1198,1,3,-1,-1,-1
201606F025088,2,9,0,8,0,6,0,0,0,0,2,1,1,1,30,6,1686,2,6,-1,-1,-1
201606F025392,1,9,0,4,0,0,0,0,0,0,1,1,1,2,29,6,1368,1,8,5,1,5
201606F025392,2,9,0,5,0,0,1,0,0,0,2,1,1,1,24,5,1197,1,5,8,1,8
201606F025550,1,9,0,5,0,2,0,0,0,0,3,1,6,2,55,8,1598,1,10,8,1,8
201606F026013,1,9,0,5,0,8,0,0,0,0,1,1,6,2,31,6,999,1,1,4,1,4
201606FA16920,1,3,0,18,0,0,1,0,0,0,4,1,6,1,21,5,125,1,3,-1,-1,-1
201606FA16920,2,5,0,18,0,0,0,0,0,0,0,1,1,1,30,6,1170,1,8,-1,-1,-1
201606FA16920,3,9,0,18,0,0,0,0,0,0,0,1,1,1,30,6,2993,2,4,-1,-1,-1
201606FA17950,1,9,0,18,0,1,0,0,0,0,4,1,6,2,43,7,1984,1,11,3,1,3
201606FA24698,1,9,0,18,0,8,0,0,0,0,1,1,6,3,-1,-1,1596,1,11,-1,-1,-1
201606FA24698,2,9,0,9,0,8,0,0,0,0,1,1,6,2,22,5,1328,1,9,1,1,1
201606FE14246,1,9,0,9,0,5,0,0,0,0,1,1,1,1,52,8,-1,-1,-1,1,1,1
201606FE14246,2,1,0,18,0,8,0,0,0,0,1,1,1,1,25,5,-1,-1,-1,3,1,3
201606G010511,1,9,0,18,0,2,0,0,0,0,4,1,6,1,70,10,998,1,3,2,1,2