Accident_Index,Vehicle_Reference,Vehicle_Type,Towing_and_Articulation,Vehicle_Manoeuvre,Vehicle_Location-Restricted_Lane,Junction_Location,Skidding_and_Overturning,Hit_Object_in_Carriageway,Vehicle_Leaving_Carriageway,Hit_Object_off_Carriageway,1st_Point_of_Impact,Was_Vehicle_Left_Hand_Drive?,Journey_Purpose_of_Driver,Sex_of_Driver,Age_of_Driver,Age_Band_of_Driver,Engine_Capacity_(CC),Propulsion_Code,Age_of_Vehicle,Driver_IMD_Decile,Driver_Home_Area_Type,Vehicle_IMD_Decile
201606G022389,1,9,0,14,0,0,0,0,0,0,4,1,6,1,55,8,-1,-1,-1,6,1,6
201606G022456,1,9,0,18,0,8,0,0,0,0,4,1,6,1,28,6,1390,1,7,9,1,9
201606G022456,2,9,0,18,0,8,0,0,0,0,1,1,6,1,45,7,1686,2,4,9,1,9
201606G022584,1,9,0,18,0,8,0,0,0,0,1,1,6,2,25,5,1349,1,2,1,1,1
201606G022584,2,9,0,18,0,8,0,0,0,0,4,1,6,1,30,6,1896,2,7,2,1,2
201606G022652,1,9,0,16,0,0,5,0,0,0,1,1,2,1,28,6,1590,1,20,6,1,6
201606G022652,2,9,0,4,0,0,0,0,0,0,2,1,2,1,60,9,1461,2,10,1,1,1
201606G022652,3,9,0,4,0,0,0,0,0,0,1,1,3,2,32,6,1591,1,-1,2,1,2
201606G022652,4,9,0,4,0,0,0,0,0,0,2,1,6,1,65,9,1998,2,14,5,1,5
201606G022652,5,9,0,2,0,0,0,0,0,0,1,1,6,1,64,9,-1,-1,-1,5,1,5
201606G022787,1,9,0,15,0,0,1,0,0,0,1,1,6,1,35,6,4398,1,15,4,1,4
201606G022787,2,9,0,18,0,0,0,0,0,0,1,1,6,1,36,7,1598,1,7,7,1,7
201606G023008,1,2,0,18,0,8,0,0,0,0,4,1,1,1,16,4,49,1,11,6,1,6
201606G023008,2,9,0,18,0,8,0,0,0,0,1,1,6,1,70,10,1242,1,3,6,1,6
201606G023056,1,9,0,9,0,5,0,0,0,0,1,1,6,1,57,9,1685,2,1,1,1,1
201606G023074,1,9,0,9,0,2,0,4,0,0,1,1,6,3,-1,-1,1910,2,10,-1,-1,-1
201606G023074,2,9,0,9,0,2,0,0,0,0,0,1,6,1,32,6,2967,2,5,-1,-1,-1
201606G023074,3,9,0,2,0,2,0,0,0,0,3,1,6,2,38,7,1796,1,7,10,1,10
201606G023147,1,9,0,18,0,1,0,0,0,0,1,1,6,1,28,6,1749,1,15,1,1,1
201606G023239,1,9,0,4,0,0,0,0,0,0,1,1,1,2,18,4,-1,-1,-1,3,1,3
201606G023239,2,9,0,4,0,0,0,0,0,0,2,1,6,1,35,6,1596,1,10,3,1,3
201606G023268,1,90,0,18,0,8,0,0,0,0,4,1,1,2,40,7,2987,2,3,-1,-1,-1
201606G023343,1,9,0,4,0,1,0,0,0,0,1,1,2,1,50,8,1686,2,12,4,1,4
201606G023343,2,9,0,18,0,1,0,0,0,0,2,1,2,2,42,7,1598,2,3,8,1,8
201606G023433,1,9,0,9,0,8,0,0,0,0,4,1,2,1,41,7,1086,1,11,1,1,1
201606G023433,2,3,0,18,0,8,0,0,0,0,1,1,2,1,34,6,125,1,-1,1,1,1
201606G023489,1,9,0,18,0,1,0,0,0,0,3,1,6,1,73,10,1586,1,1,4,1,4
201606G023494,1,9,0,7,0,8,0,0,0,0,1,1,6,2,41,7,1364,1,8,1,1,1
201606G023494,2,11,0,18,0,8,0,0,0,0,4,1,1,1,62,9,8300,2,9,4,1,4
201606G023533,1,9,0,5,0,1,0,0,0,0,1,1,6,1,50,8,1896,2,12,5,1,5
201606G023769,1,9,0,4,0,1,0,0,0,0,2,1,6,2,35,6,1998,2,7,3,1,3
201606G023769,2,9,0,4,0,1,0,0,0,0,2,1,1,1,61,9,1753,2,10,5,1,5
201606G023769,3,9,0,11,0,1,0,0,0,0,3,1,6,1,85,11,1591,1,-1,3,1,3
201606G023769,4,9,0,4,0,1,0,0,0,0,3,1,6,1,37,7,-1,-1,-1,2,1,2
201606G023769,5,9,0,4,0,1,0,0,0,0,2,1,6,1,63,9,2198,2,3,5,1,5
201606G023783,1,9,0,9,0,8,0,0,0,0,1,1,6,2,30,6,1360,1,8,-1,-1,-1
201606G023783,2,9,0,18,0,8,0,0,0,0,3,1,6,2,34,6,1968,2,4,5,1,5
201606G023913,1,9,0,18,0,1,0,0,0,0,4,1,6,1,30,6,-1,-1,-1,-1,-1,-1
201606G023996,1,9,0,14,0,8,0,0,0,0,1,1,6,3,-1,-1,1390,1,7,-1,-1,-1
201606G023996,2,9,0,10,0,8,0,0,0,0,2,1,2,2,20,4,-1,-1,-1,10,1,10
201606G024008,1,9,0,9,0,5,0,0,0,0,3,1,6,1,30,6,-1,-1,-1,-1,-1,-1
201606G024008,2,1,0,4,0,8,0,0,0,0,3,1,2,1,47,8,-1,-1,-1,2,1,2
201606G024069,1,9,0,18,0,8,0,0,0,0,3,1,6,2,42,7,1248,1,3,8,1,8
201606G024132,1,1,0,18,0,8,0,0,0,0,1,1,2,1,52,8,-1,-1,-1,2,1,2
201606G024132,2,9,0,9,0,5,0,0,0,0,1,1,6,2,25,5,1197,1,2,2,1,2
201606G024157,1,9,0,18,0,1,0,0,0,0,1,1,6,1,30,6,1910,2,8,1,1,1
201606G024192,1,9,0,4,0,1,0,0,0,0,1,1,6,2,21,5,1198,1,6,1,1,1
201606G024192,2,9,0,3,0,1,0,0,0,0,2,1,6,1,38,7,2967,2,2,1,1,1
201606G024225,1,9,0,18,0,4,0,0,0,0,3,1,6,2,30,6,-1,-1,-1,-1,-1,-1
201606G024225,2,9,0,18,0,4,0,0,0,0,0,1,6,2,19,4,998,1,1,3,1,3
201606G024319,1,9,0,18,0,0,0,0,0,0,3,1,6,3,-1,-1,-1,-1,-1,-1,-1,-1
201606G024338,1,9,0,5,0,0,0,0,0,0,1,1,3,2,34,6,1461,2,9,1,1,1
201606G024383,1,9,0,18,0,0,0,0,0,0,1,1,6,2,49,8,1461,2,-1,6,1,6
201606G024400,1,9,0,18,0,8,0,0,0,0,1,1,6,2,25,5,1149,1,12,-1,-1,-1
201606G024400,2,5,0,18,0,8,0,0,0,0,4,1,6,1,30,6,892,1,16,4,1,4
201606G024402,1,19,0,18,0,1,0,0,0,0,1,1,2,1,45,7,2198,2,2,1,1,1
201606G024493,1,9,0,18,0,0,0,0,0,0,1,1,1,2,43,7,1368,1,1,2,1,2
201606G024512,1,9,0,18,0,8,0,0,0,0,1,1,6,3,-1,-1,1796,1,13,-1,-1,-1
201606G024512,2,9,0,5,0,8,0,0,0,0,1,1,6,1,37,7,1395,1,2,1,1,1
201606G024520,1,9,0,18,0,8,0,0,0,0,1,1,6,1,66,10,-1,-1,-1,7,1,7
201606G024520,2,8,0,18,0,8,0,0,0,0,3,1,6,1,50,8,1242,1,2,2,1,2
201606G024536,1,19,0,9,0,2,0,0,0,0,1,1,1,1,45,7,2298,2,-1,10,1,10
201606G024594,1,9,0,13,0,1,0,0,0,0,4,1,6,1,30,6,2000,2,12,-1,-1,-1
201606G024594,2,9,0,18,0,1,0,0,0,0,0,1,1,1,34,6,1995,2,3,-1,-1,-1
201606G024594,3,9,0,18,0,1,0,0,0,0,3,1,6,2,32,6,-1,-1,-1,1,1,1
201606G024594,4,9,0,18,0,2,0,0,0,0,1,1,6,1,68,10,2143,2,6,7,1,7
201606G024641,1,9,0,9,0,6,0,0,0,0,1,1,6,1,39,7,2967,2,8,3,1,3
201606G024641,2,9,0,18,0,8,0,0,0,0,3,1,6,2,64,9,998,1,7,9,1,9
201606G024699,1,9,0,7,0,6,0,0,0,0,3,1,6,1,26,6,1598,2,2,1,1,1
201606G024699,2,3,0,18,0,8,0,0,7,0,1,1,6,1,21,5,-1,-1,-1,6,1,6
201606G024787,1,2,0,18,9,0,0,0,0,0,1,1,6,1,30,6,-1,-1,-1,-1,-1,-1
201606G024800,1,9,0,2,0,1,0,0,0,0,3,1,6,1,38,7,1299,1,12,1,1,1
201606G024800,2,9,0,7,0,2,0,0,0,0,4,1,2,3,-1,-1,1596,1,2,-1,-1,-1
201606G024838,1,9,0,4,0,1,0,0,0,0,1,1,6,1,30,6,1769,1,11,-1,-1,-1
201606G024838,2,9,0,3,0,1,0,0,0,0,2,1,6,1,48,8,-1,-1,-1,1,1,1
201606G024861,1,9,0,18,0,8,0,0,0,0,1,1,6,1,30,6,2967,1,14,-1,-1,-1
201606G024861,2,9,0,18,0,8,0,0,0,0,3,1,6,2,37,7,1360,1,11,1,1,1
201606G024867,1,19,0,18,0,8,0,0,0,0,1,1,1,1,28,6,-1,-1,-1,2,1,2
201606G024868,1,9,0,18,0,1,0,0,0,0,0,1,3,2,32,6,1198,1,8,3,1,3
201606G024875,1,3,0,14,0,1,2,0,0,0,1,1,6,1,24,5,124,1,1,5,1,5
201606G024875,2,9,0,9,0,6,0,0,0,0,3,1,2,1,26,6,1200,1,-1,2,1,2
201606G024908,1,9,0,17,0,0,0,0,0,0,1,1,6,1,30,6,1398,2,4,-1,-1,-1
201606G024908,2,9,0,16,0,0,0,0,0,0,1,1,6,1,49,8,1560,2,7,2,1,2
201606G024933,1,9,0,18,0,8,0,0,0,0,3,1,6,2,31,6,-1,-1,-1,2,1,2
201606G024936,1,9,0,5,0,8,0,0,0,0,1,1,2,2,54,8,1349,1,6,1,1,1
201606G024936,2,9,0,18,0,8,0,0,0,0,4,1,2,2,38,7,1200,1,-1,1,3,1
201606G024980,1,9,0,18,0,1,0,0,0,0,4,1,6,1,30,6,-1,-1,-1,-1,-1,-1
201606G025013,1,9,0,18,0,8,0,0,0,1,4,1,6,1,25,5,-1,-1,-1,6,1,6
201606G025013,2,8,0,9,0,8,0,0,0,0,1,1,1,1,49,8,2143,2,3,2,1,2
201606G025033,1,9,0,9,0,8,0,0,0,0,4,1,6,2,22,5,1198,1,2,8,1,8
201606G025033,2,3,0,18,0,8,0,0,0,0,1,1,6,1,24,5,125,1,7,2,1,2
201606G025135,1,1,0,18,0,1,0,0,0,0,1,1,1,1,44,7,-1,-1,-1,2,1,2
201606G025224,1,9,0,18,0,0,0,0,0,0,1,1,6,1,50,8,1997,2,12,2,1,2
201606G025224,2,9,0,2,0,0,0,0,0,0,1,1,6,2,30,6,1975,1,11,4,1,4
201606G025224,3,9,0,2,0,0,0,0,0,0,2,1,6,3,-1,-1,-1,-1,-1,8,2,8
201606G025291,1,9,0,4,0,0,0,0,0,0,1,1,6,2,35,6,1360,1,10,5,1,5
201606G025291,2,9,0,3,0,0,0,0,0,0,2,1,6,2,40,7,796,1,8,3,1,3
201606G025291,3,9,0,4,0,0,0,0,0,0,1,1,6,1,25,5,973,1,15,7,1,7
201606G025431,1,9,0,9,0,8,0,0,0,0,2,1,6,1,67,10,1598,1,15,8,1,8
201606G025431,2,11,0,7,0,6,0,0,0,0,1,1,1,1,68,10,-1,-1,-1,6,1,6
201606G025471,1,9,0,18,0,1,1,0,0,0,1,1,6,1,48,8,-1,-1,-1,3,1,3
201606G025471,2,19,0,2,0,1,0,0,0,0,2,1,1,3,-1,-1,1560,2,-1,-1,-1,-1
201606G025497,1,9,0,18,0,8,0,0,0,0,4,1,6,1,19,4,1998,1,12,5,1,5
201606G025497,2,9,0,18,0,8,0,0,0,0,1,1,6,1,55,8,1997,2,-1,-1,-1,-1
201606G025640,1,9,0,18,0,2,0,0,0,0,1,1,6,2,20,4,998,1,13,-1,-1,-1
201606G025807,1,8,0,18,0,1,0,0,0,0,1,1,1,1,50,8,1686,2,6,-1,-1,-1
201606G193607,1,9,0,3,0,2,0,0,0,0,4,1,6,1,48,8,1998,2,5,5,1,5
201606G193607,2,1,0,15,0,2,5,0,1,0,1,1,6,1,71,10,-1,-1,-1,7,3,7
201606GA17846,1,8,0,18,0,1,0,0,0,0,2,1,1,1,31,6,1956,2,7,1,1,1
201606GA17846,2,9,0,10,0,5,0,0,0,0,1,1,6,2,29,6,1229,1,9,1,1,1
201606GA18395,1,9,0,5,0,8,0,0,3,0,3,1,6,2,27,6,1598,1,8,1,1,1
201606GA18395,2,9,0,5,0,8,0,0,7,0,1,1,6,1,34,6,1396,1,12,1,1,1
201606GA25110,1,9,0,9,0,8,0,0,0,0,1,1,6,1,67,10,-1,-1,-1,10,1,10
201606J010379,1,9,0,18,0,3,0,0,0,4,1,1,6,2,30,6,1242,1,10,5,1,5
201606J010527,1,9,0,16,9,0,0,0,8,3,1,1,6,1,28,6,1199,1,15,4,1,4
201606J010699,1,9,0,6,0,0,0,0,0,0,3,1,2,2,23,5,1360,1,8,-1,-1,-1
201606J010699,2,1,0,18,0,0,0,0,0,0,1,1,6,1,30,6,-1,-1,-1,-1,-1,-1
201606J010721,1,9,0,18,0,0,0,0,0,0,1,1,6,1,24,5,2996,1,11,4,1,4
201606J010721,2,9,0,18,0,0,0,0,0,0,2,1,6,1,48,8,1461,2,1,10,1,10
201606J010721,3,9,0,18,0,0,0,0,0,0,4,1,6,2,45,7,1998,2,5,7,1,7
201606J010721,4,9,0,18,0,0,0,0,0,0,1,1,6,1,34,6,1597,2,3,8,1,8
201606J010721,5,9,0,18,0,0,0,0,0,0,1,1,6,1,32,6,998,1,2,4,1,4
201606J010721,6,9,0,2,6,0,0,0,0,0,3,1,6,2,30,6,-1,-1,-1,4,1,4
201606J010721,7,9,0,2,6,0,0,0,0,0,3,1,6,1,30,6,-1,-1,-1,-1,-1,-1
201606J010862,1,9,0,5,0,8,0,0,0,0,3,1,2,1,58,9,-1,-1,-1,10,2,10
201606J010862,2,1,0,18,0,8,0,0,0,0,1,1,6,1,17,4,-1,-1,-1,8,3,8
201606J010950,1,9,0,18,0,8,1,0,0,0,1,1,6,1,25,5,2198,1,15,-1,-1,-1
201606J010950,2,9,0,4,0,8,0,0,0,0,2,1,6,2,66,10,-1,-1,-1,2,1,2
201606J010956,1,9,0,18,0,0,0,0,0,0,1,1,6,2,24,5,1560,2,2,8,1,8
201606J010956,2,9,0,2,0,0,0,0,0,0,2,1,6,1,55,8,1390,1,16,4,1,4
201606J011105,1,8,0,18,0,0,0,0,0,0,1,1,6,1,26,6,1598,2,3,7,1,7
201606J011315,1,9,0,4,0,0,0,0,0,0,2,1,1,1,41,7,2967,2,10,10,1,10
201606J011315,2,1,0,18,0,0,0,0,0,0,1,1,6,1,50,8,-1,-1,-1,2,1,2
201606J011407,1,9,0,18,0,8,0,0,0,0,4,1,6,1,30,6,1596,1,11,-1,-1,-1
201606J011483,1,9,0,18,0,0,0,0,0,0,1,1,6,2,30,6,-1,-1,-1,-1,-1,-1
201606J011483,2,1,0,18,0,0,0,0,0,0,0,1,4,1,12,3,-1,-1,-1,4,1,4
201606J011495,1,9,0,9,0,5,0,0,0,0,1,1,2,1,29,6,-1,-1,-1,1,1,1
201606J011495,2,1,0,18,0,8,0,0,0,0,1,1,6,1,54,8,-1,-1,-1,10,1,10
201606J011526,1,9,0,9,0,5,0,0,7,4,2,1,1,1,42,7,1124,1,14,4,1,4
201606J011529,1,5,0,13,0,8,0,0,0,0,1,1,6,1,66,10,-1,-1,-1,3,1,3
201606J011529,2,8,0,9,0,5,0,0,0,0,3,1,6,2,48,8,1461,2,9,8,1,8
201606J011597,1,9,0,18,0,1,0,0,0,0,1,1,6,2,25,5,1242,1,3,8,1,8
201606J011638,1,9,0,5,0,4,0,0,0,0,3,1,1,2,56,9,1390,1,6,8,1,8
201606J011638,2,9,0,5,0,4,0,0,0,0,1,1,2,1,63,9,1299,1,15,2,1,2
201606J011943,1,19,0,6,0,8,0,0,0,0,2,1,1,1,57,9,-1,-1,-1,7,1,7
201606J011943,2,9,0,18,0,8,0,0,0,0,1,1,6,2,47,8,-1,-1,-1,10,1,10
201606J011957,1,8,0,6,0,2,0,0,0,0,4,1,1,1,36,7,2231,2,8,1,1,1
201606J011957,2,3,0,18,0,2,0,0,0,0,3,1,6,1,26,6,-1,-1,-1,4,3,4
201606J011959,1,9,0,3,0,0,0,0,0,0,2,1,3,2,51,8,1995,2,5,10,1,10
201606J011959,2,9,0,18,0,0,0,0,0,0,1,1,2,2,30,6,1242,1,4,9,1,9
201606J011964,1,9,0,18,0,1,0,0,0,0,4,1,6,1,25,5,-1,-1,-1,8,1,8
201606J011964,2,9,0,3,0,1,0,0,0,0,3,1,6,2,40,7,2204,2,9,9,1,9
201606J012055,1,9,0,18,0,8,0,0,0,0,1,1,2,1,29,6,1198,1,8,5,1,5
201606J012055,2,1,0,18,0,8,0,0,0,0,4,1,4,1,14,3,-1,-1,-1,3,1,3
201606J012099,1,9,0,18,0,0,0,0,5,1,1,1,1,1,49,8,2993,2,3,7,1,7
201606J012099,2,9,0,18,0,0,0,0,0,0,2,1,6,1,35,6,-1,-1,-1,9,1,9
201606J012099,3,19,0,2,0,0,0,0,0,0,3,1,6,3,-1,-1,-1,-1,-1,-1,-1,-1
201606J012165,1,9,0,7,0,7,0,0,0,0,1,1,6,1,55,8,2179,2,4,10,1,10
201606J012223,1,9,0,18,0,4,0,0,0,0,3,1,6,2,70,10,1197,1,2,6,1,6
201606J012223,2,1,0,18,0,8,0,0,0,0,4,1,2,1,57,9,-1,-1,-1,10,1,10
201606J012285,1,9,0,4,0,1,0,0,0,0,1,1,6,2,30,6,1108,1,8,-1,-1,-1
201606J012285,2,9,0,3,0,1,0,0,0,0,2,1,6,1,39,7,1798,1,8,9,1,9
201606J012305,1,9,0,9,0,6,0,0,0,0,3,1,6,2,21,5,2995,1,5,6,1,6
201606J012305,2,9,0,18,0,8,0,0,3,0,1,1,6,1,21,5,1781,1,15,4,1,4
201606J012470,1,9,0,17,0,8,0,0,1,0,1,1,6,1,30,6,2198,1,13,-1,-1,-1
201606J012470,2,9,0,10,0,5,0,0,0,0,1,1,6,2,25,5,1229,1,11,6,1,6
201606J012486,1,9,0,18,0,6,0,0,0,0,1,1,6,1,30,6,1686,2,15,-1,-1,-1
201606J012486,2,9,0,18,0,2,0,0,0,0,4,1,6,1,20,4,998,1,1,4,1,4
201606J012587,1,9,0,18,0,8,0,0,0,0,4,1,6,1,32,6,-1,-1,-1,2,1,2
201606J012587,2,9,0,18,0,8,0,0,0,0,1,1,6,1,28,6,1560,2,2,-1,-1,-1
201606J012876,1,3,0,15,0,8,0,0,0,0,1,1,1,1,20,4,124,1,9,2,1,2
201606J012876,2,9,0,7,0,8,0,0,0,0,4,1,4,2,28,6,1499,2,3,3,1,3
201606J012902,1,9,0,18,0,8,5,0,0,0,1,1,6,1,24,5,1685,2,1,2,1,2
201606J012902,2,9,0,18,0,8,1,0,0,0,3,1,6,1,24,5,1800,2,14,2,1,2
201606J012912,1,9,0,18,0,1,0,4,0,0,4,1,6,2,89,11,998,1,17,9,1,9
201606J012912,2,9,0,2,0,1,0,0,0,0,3,1,6,2,69,10,2148,2,13,8,1,8
201606J012912,3,9,0,2,0,1,0,0,0,0,2,1,6,2,69,10,1968,2,4,8,1,8
201606J013016,1,9,0,9,0,6,0,0,0,0,1,1,6,1,26,6,1596,1,15,1,1,1
201606J013016,2,1,0,10,0,8,0,0,0,0,3,1,6,1,23,5,-1,-1,-1,6,1,6
201606J013060,1,9,0,14,0,1,0,0,0,0,1,1,3,2,51,8,1598,2,2,10,1,10
201606J013060,2,1,0,18,0,8,0,0,0,0,2,1,2,1,23,5,-1,-1,-1,-1,-1,-1
201606J013066,1,9,0,9,0,6,0,0,0,0,1,1,6,1,73,10,1591,1,9,8,1,8
201606J013066,2,9,0,18,0,8,0,0,0,0,3,1,2,1,24,5,1896,2,11,1,1,1
201606J013205,1,9,0,18,0,8,0,0,0,0,1,1,1,1,35,6,-1,-1,-1,1,1,1
201606J013414,1,9,0,1,0,6,0,0,7,10,2,1,6,1,87,11,1596,1,2,7,1,7
201606J013414,2,9,0,2,0,8,0,0,0,0,3,1,6,2,34,6,1560,2,4,7,1,7
201606J013549,1,9,0,16,0,1,1,0,0,0,4,1,6,1,29,6,1998,1,11,1,1,1
201606J013549,2,9,0,17,0,2,0,0,1,10,1,1,6,2,48,8,1242,1,9,3,1,3
201606J013718,1,9,0,9,0,8,0,0,0,0,3,1,6,2,48,8,1910,2,10,8,1,8
201606J013718,2,9,0,18,0,8,1,0,0,0,1,1,6,1,35,6,2792,1,9,-1,-1,-1
201606J013746,1,9,0,18,0,1,0,0,0,0,1,1,1,1,53,8,2099,1,13,-1,-1,-1
201606J013746,2,9,0,18,0,2,0,0,0,0,1,1,1,2,52,8,1984,1,11,5,1,5
201606J013792,1,9,0,18,0,1,0,0,0,0,1,1,6,1,45,7,1968,2,8,4,1,4
201606J013793,1,9,0,18,0,1,0,0,0,0,1,1,2,1,37,7,-1,-1,-1,9,1,9
201606J014093,1,1,0,18,0,6,0,0,0,0,3,1,2,1,37,7,-1,-1,-1,4,1,4
201606J014093,2,9,0,9,0,2,0,0,0,0,1,1,2,1,30,6,-1,-1,-1,1,1,1
201606J014118,1,9,0,6,0,8,0,0,0,0,3,1,6,2,59,9,1596,1,8,4,1,4
201606J014118,2,4,0,18,0,8,0,0,0,0,1,1,6,1,47,8,100,1,15,3,1,3
201606J014126,1,9,0,9,0,8,0,0,0,0,1,1,6,2,55,8,1984,1,8,10,1,10
201606J014126,2,3,0,18,0,8,0,0,0,0,1,1,6,1,39,7,125,1,8,-1,-1,-1
201606J014126,3,9,0,2,0,8,0,0,0,0,1,1,6,2,57,9,1596,1,10,9,1,9
201606J014385,1,9,0,9,0,8,0,0,0,0,1,1,6,2,31,6,-1,-1,-1,10,1,10
201606J014385,2,9,0,18,0,8,0,0,0,0,1,1,6,1,68,10,1560,2,2,10,1,10
201606J014459,1,5,0,13,0,8,0,0,0,0,0,1,6,1,71,10,998,1,-1,6,1,6
201606J014459,2,9,0,9,0,8,0,0,0,0,0,1,6,2,51,8,1595,1,11,10,1,10
201606J014647,1,9,0,18,0,0,0,0,0,0,1,1,6,1,33,6,-1,-1,-1,8,3,8
201606J014647,2,9,0,18,0,0,0,0,0,0,1,1,6,1,78,11,-1,-1,-1,9,1,9
201606J014650,1,9,0,18,0,0,0,0,0,0,1,1,6,1,30,6,-1,-1,-1,-1,-1,-1
201606J014650,2,9,0,18,0,0,0,0,0,0,2,1,6,1,20,4,1242,1,7,7,1,7
201606J014650,3,9,0,2,0,0,0,0,0,0,0,1,6,2,30,6,-1,-1,-1,-1,-1,-1
201606J014759,1,9,0,6,0,0,0,0,0,0,1,1,6,1,49,8,-1,-1,-1,5,1,5
201606J014759,2,5,0,18,0,0,1,0,0,0,1,1,2,1,26,6,599,1,19,7,1,7
201606J014759,3,9,0,2,0,0,0,0,0,0,3,1,6,1,33,6,1995,2,7,-1,-1,-1
201606J014895,1,9,0,5,0,8,0,0,0,0,1,1,2,2,22,5,-1,-1,-1,7,1,7
201606J014895,2,9,0,13,0,8,0,0,0,0,4,1,2,2,35,6,1124,1,14,7,1,7
201606J014917,1,9,0,18,0,0,1,0,7,4,1,1,6,1,26,6,1396,1,10,2,1,2
201606J014917,2,9,0,18,0,0,0,0,0,0,3,1,6,2,48,8,-1,-1,-1,10,1,10
201606J014950,1,4,0,17,0,8,0,0,0,0,1,1,6,1,33,6,1157,1,15,2,1,2
201606J014950,2,9,0,2,6,8,0,0,0,0,3,1,6,1,28,6,1799,1,9,3,1,3
201606J014991,1,9,0,9,0,8,0,0,0,0,0,1,2,1,23,5,1598,1,4,10,1,10
201606J014991,2,1,0,18,0,8,0,0,0,0,0,1,6,1,55,8,-1,-1,-1,4,1,4
201606J015313,1,9,0,6,0,0,0,0,0,0,3,1,6,1,25,5,1598,2,3,10,1,10
201606J015313,2,9,0,18,0,0,0,0,0,0,1,1,6,1,72,10,2143,2,3,9,1,9
201606J015386,1,9,0,9,0,1,0,0,0,0,1,1,2,2,27,6,1984,1,14,2,1,2
201606J015549,1,9,0,18,0,8,0,0,0,0,1,1,6,2,31,6,1968,2,1,8,1,8
201606J015551,1,9,0,4,0,4,0,0,0,0,1,2,6,1,30,6,1389,1,19,-1,-1,-1
201606J015551,2,9,0,3,0,1,0,0,0,0,2,1,6,2,30,6,1968,2,2,3,1,3
201606J015554,1,1,0,18,0,8,0,0,0,0,3,1,6,1,46,8,-1,-1,-1,4,1,4
201606J015554,2,19,0,9,0,5,0,0,0,0,3,1,6,1,42,7,2402,2,12,2,1,2
201606J015630,1,9,0,18,0,0,0,0,0,0,1,1,6,2,23,5,1360,1,10,6,1,6
201606J015640,1,9,0,13,0,0,5,10,2,10,1,1,6,1,49,8,1275,1,21,-1,-1,-1
201606J015640,2,9,0,18,0,0,0,0,0,0,2,1,6,1,39,7,1560,2,5,4,2,4
201606J015641,1,9,0,9,0,3,0,0,0,0,1,1,6,1,40,7,2982,2,9,4,1,4
201606J015641,2,9,0,18,0,3,0,0,0,0,3,1,6,2,26,6,1598,2,2,6,1,6
201606J015649,1,9,0,18,0,8,0,0,0,0,1,1,6,1,23,5,1984,1,17,2,1,2
201606J015649,2,9,0,10,0,5,0,0,0,0,2,1,6,2,34,6,1598,1,13,-1,-1,-1
201606J015649,3,9,0,18,0,8,0,0,0,0,3,1,6,1,68,10,1969,2,1,10,1,10
201606J015759,1,9,0,18,0,8,0,0,0,0,1,1,1,1,43,7,1991,1,-1,10,1,10
201606J015759,2,9,0,18,0,8,0,0,0,0,3,1,6,2,32,6,-1,-1,-1,10,1,10
201606J015814,1,9,0,9,0,8,0,0,0,0,1,1,6,1,74,10,1560,2,6,9,1,9
201606J015814,2,9,0,18,0,8,0,0,0,0,3,1,6,2,38,7,1685,2,1,9,3,9
201606J015817,1,9,0,1,0,1,0,0,0,0,2,1,6,1,52,8,1061,1,11,6,1,6
201606J016220,1,9,0,3,0,1,0,0,0,0,1,1,6,1,72,10,1493,1,14,6,1,6
201606J016254,1,4,0,18,0,0,1,0,0,0,4,1,2,1,33,6,-1,-1,-1,-1,-1,-1
201606J016254,2,9,0,2,0,0,0,0,0,0,3,1,2,1,51,8,1560,2,10,1,1,1
201606J016292,1,9,0,18,0,1,0,0,0,0,1,1,6,1,40,7,1968,2,5,4,1,4
201606J016292,2,9,0,3,0,1,0,0,0,0,2,1,6,1,60,9,1198,1,1,-1,-1,-1
201606J016292,3,9,0,3,0,1,0,0,0,0,2,1,6,1,73,10,1560,2,2,5,1,5
201606J016292,4,9,0,3,0,1,0,0,0,0,2,1,6,2,72,10,1388,1,11,7,1,7
201606J016292,5,9,0,3,0,1,0,0,0,0,2,1,6,2,66,10,1349,1,3,8,1,8
201606J016319,1,9,0,4,0,1,0,0,0,0,1,1,6,1,41,7,1398,1,16,1,1,1
201606J016319,2,9,0,4,0,1,0,0,0,0,2,1,6,2,69,10,-1,-1,-1,10,1,10
201606J016368,1,9,0,18,0,8,0,0,0,0,1,1,2,1,25,5,1149,1,11,2,1,2
201606J016368,2,9,0,18,0,8,0,0,0,0,1,1,1,1,25,5,1242,1,10,4,1,4
201606J016368,3,9,0,18,0,1,0,0,0,0,1,1,1,1,53,8,1200,1,1,8,1,8
201606J016368,4,9,0,18,0,1,0,0,0,0,1,1,1,1,37,7,1968,2,6,9,1,9
201606J016440,1,5,0,18,0,8,1,0,0,0,4,1,6,1,20,4,1200,1,18,8,2,8
201606J016440,2,9,0,9,0,8,0,0,0,0,2,1,6,1,33,6,1360,1,11,2,1,2
201606J016440,3,9,0,18,0,1,0,0,0,0,1,1,6,2,39,7,2967,2,1,3,1,3
201606J016440,4,9,0,18,0,1,0,0,0,0,3,1,6,1,31,6,-1,-1,-1,7,1,7
201606J016452,1,9,0,18,0,2,0,0,1,0,1,1,6,2,79,11,1242,1,4,9,1,9
201606J016452,2,9,0,2,0,2,0,0,0,0,2,1,6,1,30,6,-1,-1,-1,6,1,6