Accident_Index,Vehicle_Reference,Vehicle_Type,Towing_and_Articulation,Vehicle_Manoeuvre,Vehicle_Location-Restricted_Lane,Junction_Location,Skidding_and_Overturning,Hit_Object_in_Carriageway,Vehicle_Leaving_Carriageway,Hit_Object_off_Carriageway,1st_Point_of_Impact,Was_Vehicle_Left_Hand_Drive?,Journey_Purpose_of_Driver,Sex_of_Driver,Age_of_Driver,Age_Band_of_Driver,Engine_Capacity_(CC),Propulsion_Code,Age_of_Vehicle,Driver_IMD_Decile,Driver_Home_Area_Type,Vehicle_IMD_Decile
201606K017226,1,9,0,18,0,8,0,0,0,0,1,1,1,1,27,6,1995,2,10,8,1,8
201606K017226,2,1,0,18,0,8,0,0,0,0,4,1,6,2,53,8,-1,-1,-1,3,1,3
201606K017230,1,9,0,9,0,8,0,0,0,0,4,1,6,2,64,9,1396,1,3,1,1,1
201606K017230,2,5,0,18,0,8,0,0,0,0,1,1,6,1,29,6,689,1,2,2,1,2
201606K017245,1,9,0,9,0,8,0,0,0,0,4,1,6,2,68,10,-1,-1,-1,6,1,6
201606K017245,2,1,0,18,0,8,0,0,0,0,1,1,6,1,44,7,-1,-1,-1,3,1,3
201606K017308,1,9,0,18,0,8,0,0,0,0,1,1,1,2,27,6,1398,1,1,9,1,9
201606K017314,1,8,0,18,0,1,0,0,0,0,1,1,1,1,30,6,2993,2,3,-1,-1,-1
201606K017314,2,9,0,3,0,1,0,0,0,0,2,1,6,1,39,7,1956,2,4,-1,-1,-1
201606K017314,3,9,0,3,0,1,0,0,0,0,2,1,6,2,43,7,1598,1,12,-1,-1,-1
201606K017328,1,9,0,18,0,0,0,0,0,0,1,1,6,1,55,8,2993,2,4,10,1,10
201606K017328,2,9,0,4,0,0,0,0,0,0,2,1,6,1,49,8,1560,2,3,9,1,9
201606K017328,3,9,0,3,0,0,0,0,0,0,2,1,6,2,30,6,-1,-1,-1,10,1,10
201606K017469,1,9,0,9,0,6,0,0,0,0,1,1,3,1,30,6,1668,1,15,-1,-1,-1
201606K017469,2,9,0,18,0,8,0,0,0,0,3,1,3,2,34,6,1364,1,2,4,1,4
201606K017529,1,9,0,5,0,4,0,0,0,0,1,1,6,1,47,8,3000,1,10,5,1,5
201606K017529,2,9,0,5,0,4,0,0,0,0,2,1,1,2,43,7,2993,2,8,1,1,1
201606K017548,1,9,0,18,0,0,0,0,0,0,0,1,6,2,46,8,-1,-1,-1,9,1,9
201606K017548,2,19,0,18,0,0,0,0,0,0,0,1,6,1,24,5,2198,2,3,6,1,6
201606K017548,3,9,0,2,0,0,0,0,0,0,0,1,6,2,49,8,2776,2,11,5,1,5
201606K017563,1,9,0,7,0,4,0,0,0,0,3,1,4,1,30,6,1560,2,3,3,1,3
201606K017563,2,1,0,18,0,8,0,0,0,0,1,1,2,1,30,6,-1,-1,-1,7,1,7
201606K017571,1,9,0,18,0,1,0,0,0,0,1,1,6,3,-1,-1,1364,1,8,-1,-1,-1
201606K017571,2,9,0,18,0,1,0,0,0,0,2,1,2,2,37,7,1995,1,6,1,1,1
201606K017571,3,9,0,18,0,1,0,0,0,0,2,1,2,2,30,6,1598,1,7,1,1,1
201606K017571,4,8,0,18,0,1,0,0,0,0,2,1,1,1,36,7,1497,8,11,3,1,3
201606K017592,1,9,0,7,0,8,0,0,0,0,0,1,6,2,27,6,1991,2,8,1,1,1
201606K017651,1,9,0,4,0,1,0,0,0,0,1,1,6,2,32,6,1398,1,12,3,1,3
201606K017740,1,9,0,4,0,0,0,0,0,0,1,1,2,1,50,8,-1,-1,-1,-1,-1,-1
201606K017740,2,9,0,4,0,0,0,0,0,0,1,1,6,1,25,5,998,1,4,1,1,1
201606K017741,1,9,0,18,0,0,0,0,0,0,4,1,6,1,60,9,1797,8,2,9,1,9
201606K017990,1,9,0,5,0,1,0,0,0,0,1,1,6,1,24,5,1995,2,1,1,1,1
201606K017990,2,8,0,3,0,1,0,0,0,0,2,1,6,1,40,7,1798,1,7,1,1,1
201606K018038,1,9,0,16,0,0,0,0,0,0,4,1,1,2,37,7,1995,2,4,3,1,3
201606K018039,1,9,0,9,0,5,0,0,0,0,4,1,6,1,80,11,998,1,12,9,1,9
201606K018039,2,1,0,18,0,8,0,0,0,0,1,1,6,1,58,9,-1,-1,-1,8,3,8
201606K018132,1,9,0,7,0,1,0,0,0,0,1,1,6,1,22,5,1598,2,2,1,1,1
201606K018132,2,21,0,8,0,1,0,0,0,0,2,1,1,1,51,8,2998,2,1,-1,-1,-1
201606K018179,1,9,0,10,0,8,0,0,0,0,3,1,6,2,30,6,1242,1,10,2,1,2
201606K018179,2,1,0,18,0,8,0,0,0,0,1,1,6,1,30,6,-1,-1,-1,1,1,1
201606K018268,1,9,0,9,0,8,0,0,0,0,4,1,6,1,35,6,1242,1,4,6,1,6
201606K018268,2,1,0,18,4,8,0,0,0,0,1,1,1,1,30,6,-1,-1,-1,6,1,6
201606K018275,1,9,0,7,0,2,0,0,3,4,1,1,1,2,49,8,-1,-1,-1,2,1,2
201606K018342,1,9,0,18,0,8,0,0,0,0,1,1,6,1,48,8,1461,2,1,1,1,1
201606K018342,2,9,0,10,0,8,0,0,0,0,2,1,1,1,29,6,-1,-1,-1,6,1,6
201606K018413,1,9,0,5,0,4,0,0,0,0,4,1,6,1,52,8,-1,-1,-1,1,1,1
201606K018514,1,9,0,13,0,0,0,0,0,0,4,1,1,1,49,8,1598,2,-1,5,1,5
201606K018514,2,5,0,13,0,0,0,0,7,4,1,1,6,1,59,9,1043,1,1,8,1,8
201606K018514,3,9,0,18,0,0,0,0,0,0,0,1,6,1,58,9,-1,-1,-1,9,3,9
201606K018554,1,5,0,18,0,8,0,0,0,0,4,1,6,1,20,4,-1,-1,-1,1,1,1
201606K018554,2,9,0,9,0,8,0,0,0,0,3,1,6,2,39,7,1229,1,8,5,1,5
201606K018576,1,9,0,7,0,5,0,0,1,10,1,1,6,1,45,7,1753,2,12,2,1,2
201606K018693,1,9,0,18,0,1,0,0,0,0,3,1,6,1,65,9,-1,-1,-1,5,1,5
201606K018712,1,9,0,9,0,8,0,0,0,0,1,1,6,1,41,7,1332,1,18,-1,-1,-1
201606K018712,2,9,0,18,0,8,0,0,0,0,3,1,6,2,24,5,1240,1,13,2,1,2
201606K018819,1,8,0,18,0,0,0,0,0,0,3,1,1,1,56,9,1560,2,3,2,1,2
201606K018846,1,9,0,18,0,2,0,0,0,0,0,1,6,1,30,6,-1,-1,-1,-1,-1,-1
201606K019067,1,9,0,18,0,6,0,0,0,0,1,1,6,2,62,9,-1,-1,-1,4,1,4
201606K019067,2,9,0,18,0,8,0,0,0,10,3,1,6,2,62,9,1598,1,12,-1,-1,-1
201606K019069,1,9,0,18,0,0,0,0,0,0,3,1,6,2,43,7,998,1,15,1,1,1
201606K019089,1,8,0,1,0,0,0,0,0,0,2,1,6,1,30,6,1598,1,13,-1,-1,-1
201606K019089,2,9,0,18,0,0,0,0,0,0,3,1,6,1,41,7,1968,2,1,5,1,5
201606K019132,1,9,0,4,0,1,0,0,0,0,1,1,6,1,86,11,1997,2,13,10,1,10
201606K019132,2,9,0,3,0,1,0,0,0,0,2,1,2,1,37,7,-1,-1,-1,-1,-1,-1
201606K019218,1,9,0,4,0,8,0,0,0,0,0,1,6,1,28,6,1198,1,1,1,1,1
201606K019350,1,9,0,18,0,1,0,0,0,0,1,1,6,2,30,6,1587,1,11,6,1,6
201606K019350,2,9,0,10,0,1,0,0,0,0,2,1,6,1,65,9,1461,2,1,-1,-1,-1
201606K019414,1,9,0,18,0,0,5,10,7,10,1,1,6,1,22,5,1242,1,1,6,1,6
201606K019448,1,3,0,17,0,0,0,0,0,0,1,1,6,1,19,4,124,1,4,9,1,9
201606K019448,2,9,0,16,0,0,0,0,0,0,1,1,6,2,20,4,1968,2,1,1,1,1
201606K019521,1,9,0,9,0,6,0,0,0,0,1,1,6,2,40,7,1870,2,11,6,1,6
201606K019521,2,9,0,18,0,8,0,0,0,0,1,1,6,2,67,10,1199,1,13,-1,-1,-1
201606K019523,1,9,0,7,0,1,0,0,0,0,1,1,6,1,26,6,1596,1,14,6,1,6
201606K019576,1,9,0,18,0,8,0,0,0,0,3,1,6,1,30,6,1364,1,1,2,1,2
201606K019576,2,9,0,9,0,8,0,0,0,0,4,1,6,1,19,4,1388,1,12,2,1,2
201606K019618,1,8,0,9,0,8,0,0,0,0,4,1,1,1,30,6,1762,1,16,8,1,8
201606K019618,2,5,0,18,0,8,0,0,0,0,1,1,6,1,53,8,1649,1,4,7,1,7
201606K019666,1,9,0,18,0,8,0,0,0,0,4,1,6,1,35,6,1999,1,9,-1,-1,-1
201606K019666,2,9,0,18,0,8,0,0,0,0,1,1,6,1,30,6,1995,2,14,3,1,3
201606K019714,1,1,0,9,0,8,0,0,0,0,1,1,6,1,10,2,-1,-1,-1,1,1,1
201606K019714,2,9,0,18,0,8,0,0,0,0,1,1,6,1,30,6,-1,-1,-1,-1,-1,-1
201606K019797,1,9,0,9,0,8,0,0,0,0,1,1,6,2,31,6,1896,2,8,2,1,2
201606K019797,2,1,0,18,0,8,0,0,0,0,1,1,6,1,59,9,-1,-1,-1,7,1,7
201606K019974,1,9,0,18,0,0,0,0,0,0,1,1,2,1,36,7,1796,1,16,1,1,1
201606K019974,2,9,0,18,0,0,0,0,0,0,2,1,2,2,26,6,-1,-1,-1,3,1,3
201606K020043,1,9,0,7,0,8,1,0,0,0,1,1,6,1,30,6,1956,2,3,1,1,1
201606K020043,2,9,0,18,0,8,0,0,0,0,3,1,6,1,61,9,1199,1,13,3,1,3
201606K020056,1,9,0,18,0,2,0,0,0,0,3,1,6,3,-1,-1,1984,1,-1,-1,-1,-1
201606K020186,1,9,0,18,0,0,0,4,0,0,1,1,6,1,30,6,1956,2,3,-1,-1,-1
201606K020186,2,90,0,2,0,0,0,0,0,0,1,1,6,1,55,8,-1,-1,-1,1,1,1
201606K020302,1,9,0,18,0,1,0,0,0,0,1,1,6,2,67,10,1397,1,6,10,1,10
201606K020390,1,9,0,9,0,8,0,0,0,0,4,1,6,1,72,10,1997,2,7,6,1,6
201606K020390,2,9,0,18,0,8,0,0,0,0,1,1,6,1,22,5,-1,-1,-1,6,1,6
201606K020427,1,9,0,18,0,5,0,0,7,0,1,1,6,1,30,6,1781,1,16,-1,-1,-1
201606K020427,2,9,0,2,0,2,0,0,0,0,3,1,6,2,54,8,998,1,11,3,1,3
201606K020427,3,9,0,2,0,2,0,0,0,0,2,1,6,1,29,6,2777,2,7,10,1,10
201606K020443,1,9,0,18,0,8,0,0,0,0,4,1,6,3,-1,-1,-1,-1,-1,-1,-1,-1
201606K020443,2,1,0,18,0,8,0,0,0,0,2,1,6,1,11,3,-1,-1,-1,2,1,2
201606K020451,1,19,4,3,0,0,0,0,0,0,1,1,6,1,40,7,-1,-1,-1,-1,-1,-1
201606K020451,2,8,0,3,0,0,0,0,0,0,1,1,6,1,40,7,-1,-1,-1,-1,-1,-1
201606K020451,3,9,0,4,0,0,0,0,0,0,2,1,6,1,25,5,1398,1,1,2,1,2
201606K020514,1,9,0,4,0,8,0,0,0,0,1,1,6,1,26,6,1360,1,12,3,1,3
201606K020514,2,9,0,3,0,8,0,0,0,0,2,1,6,1,34,6,1364,2,9,5,1,5
201606K020515,1,8,0,9,0,8,0,0,0,0,3,1,1,1,46,8,1997,2,15,2,1,2
201606K020567,1,9,0,18,0,8,0,0,0,0,1,1,1,2,41,7,1299,1,12,2,1,2
201606K020567,2,9,0,18,0,8,0,0,1,0,1,1,2,1,28,6,1595,2,6,9,1,9
201606K020599,1,9,0,17,0,1,0,0,0,0,1,1,1,1,28,6,1398,1,13,7,1,7
201606K020619,1,9,0,18,0,2,0,0,0,0,1,1,6,1,27,6,1149,1,2,4,1,4
201606K020632,1,3,0,18,0,2,0,0,0,0,4,1,6,1,24,5,125,1,-1,1,1,1
201606K020632,2,9,0,7,0,2,0,0,0,0,1,1,6,2,45,7,2199,2,8,9,1,9
201606K020637,1,9,0,4,0,1,0,0,0,0,1,1,1,1,60,9,2199,2,3,7,2,7
201606K020686,1,9,0,18,0,5,0,0,0,0,1,1,6,3,-1,-1,-1,-1,-1,-1,-1,-1
201606K020689,1,9,0,9,0,6,0,0,0,0,1,1,6,1,18,4,1242,1,13,9,2,9
201606K020689,2,9,0,18,0,8,0,0,0,0,3,1,6,1,44,7,1997,2,13,3,1,3
201606K020703,1,9,0,9,0,8,0,0,0,0,1,1,6,2,30,6,1587,1,12,8,1,8
201606K020703,2,3,0,18,0,8,0,0,0,0,1,1,2,1,34,6,-1,-1,-1,5,1,5
201606K020746,1,1,0,9,0,8,0,0,0,0,0,1,4,2,16,4,-1,-1,-1,6,1,6
201606K020746,2,9,0,18,0,8,0,0,0,0,2,1,6,2,41,7,1390,1,15,-1,-1,-1
201606K020835,1,9,0,18,0,8,0,0,0,0,1,1,6,1,55,8,998,1,1,3,1,3
201606K020839,1,9,0,9,0,8,0,0,0,0,1,1,6,2,69,10,998,1,8,2,1,2
201606K020839,2,4,0,18,0,8,0,0,0,0,4,1,6,1,61,9,459,1,7,4,1,4
201606K020924,1,9,0,18,0,2,0,0,0,0,1,1,6,1,30,6,-1,-1,-1,-1,-1,-1
201606K021035,1,9,0,1,0,1,0,0,1,0,2,1,1,1,33,6,1896,2,11,2,1,2
201606K021101,1,9,0,5,0,8,0,0,0,0,1,1,2,1,34,6,1968,2,8,2,1,2
201606K021101,2,9,0,4,0,8,0,0,0,0,1,1,2,1,44,7,1242,1,-1,1,1,1
201606K021159,1,19,0,18,0,8,0,0,0,0,3,1,6,1,35,6,2198,2,2,1,1,1
201606K021179,1,9,0,7,0,8,0,0,0,0,1,1,6,2,19,4,999,1,4,-1,-1,-1
201606K021258,1,9,0,18,0,0,5,0,1,10,1,1,6,3,30,6,1497,1,15,-1,-1,-1
201606K021264,1,9,0,18,0,1,0,0,0,0,1,1,6,1,30,6,1461,2,2,-1,-1,-1
201606K021264,2,9,0,3,0,1,0,0,0,0,2,1,6,2,52,8,1781,1,16,1,1,1
201606K021361,1,19,0,6,0,0,0,0,0,0,3,1,1,1,33,6,-1,-1,-1,4,1,4
201606K021361,2,9,0,18,0,0,0,0,0,0,4,1,6,2,28,6,2993,2,10,9,3,9
201606K021387,1,19,0,5,0,8,0,0,0,0,3,1,1,1,50,8,-1,-1,-1,4,1,4
201606K021387,2,11,0,5,0,8,0,0,0,0,3,1,1,1,50,8,9000,2,1,6,1,6
201606K021452,1,9,0,18,0,8,0,0,0,0,1,1,1,1,30,6,1389,1,17,-1,-1,-1
201606K021452,2,9,0,3,0,8,0,0,0,0,2,1,2,2,24,5,999,1,1,1,1,1
201606K021527,1,9,0,7,0,8,0,0,0,0,1,1,6,1,20,4,1248,2,9,1,1,1
201606K021527,2,9,0,9,0,8,0,0,0,0,1,1,6,2,30,6,-1,-1,-1,4,1,4
201606K021536,1,9,0,18,0,8,0,0,0,0,1,1,1,1,52,8,1596,1,3,3,1,3
201606K021536,2,9,0,9,0,8,0,0,0,0,4,1,6,1,36,7,2143,2,5,2,1,2
201606K021541,1,4,0,18,0,8,0,0,1,0,4,1,6,1,26,6,749,1,2,1,1,1
201606K021541,2,9,0,9,0,6,0,0,0,0,2,1,6,1,79,11,1995,1,11,7,1,7
201606K021591,1,9,0,18,0,0,0,0,0,0,1,1,6,3,-1,-1,2993,2,11,-1,-1,-1
201606K021740,1,9,0,18,0,0,0,0,0,0,1,1,6,1,52,8,2926,2,14,2,1,2
201606K021744,1,9,0,9,0,6,0,0,0,0,1,1,1,2,33,6,2993,2,6,9,1,9
201606K021744,2,3,0,18,0,8,0,0,0,0,4,1,1,1,18,4,124,1,26,4,2,4
201606K021766,1,9,0,9,0,6,0,0,0,0,1,1,6,1,63,9,1896,2,14,1,1,1
201606K021766,2,3,0,14,0,8,0,0,0,0,4,1,6,1,24,5,124,1,-1,1,1,1
201606K021829,1,9,0,9,0,5,0,0,0,0,4,1,6,1,30,6,1796,1,15,3,1,3
201606K021829,2,1,0,18,0,8,0,0,0,0,1,1,6,1,55,8,-1,-1,-1,3,1,3
201606K021904,1,9,0,18,0,8,0,0,0,0,1,1,6,1,30,6,1499,2,-1,-1,-1,-1
201606K021904,2,9,0,18,0,8,0,0,0,0,2,1,2,1,53,8,-1,-1,-1,10,1,10
201606K021953,1,9,0,18,0,3,0,0,0,0,1,1,6,1,85,11,1398,1,1,8,1,8
201606K021953,2,9,0,18,0,1,0,0,0,0,1,1,3,1,85,11,1896,2,12,3,1,3
201606K022065,1,9,0,6,0,0,0,0,0,0,3,1,6,1,70,10,1329,1,4,1,1,1
201606K022065,2,3,0,18,0,0,0,0,0,0,1,1,6,1,29,6,124,1,12,-1,-1,-1
201606K022089,1,9,0,9,0,6,0,0,0,0,0,1,6,2,69,10,-1,-1,-1,7,1,7
201606K022089,2,9,0,18,0,8,0,0,0,0,1,1,6,1,55,8,1560,2,4,5,1,5
201606K022089,3,9,0,18,0,8,0,0,0,0,1,1,6,2,73,10,1086,1,11,-1,-1,-1
201606K022092,1,9,0,4,0,0,0,0,0,0,4,1,6,2,31,6,998,1,8,5,1,5
201606K022238,1,9,0,18,0,6,0,0,0,0,1,1,6,1,24,5,-1,-1,-1,3,1,3
201606K022238,2,8,0,18,0,8,0,0,0,0,1,1,1,1,48,8,1995,2,14,2,1,2
201606K022238,3,9,0,18,0,8,0,0,0,0,0,1,1,1,49,8,2993,2,3,4,1,4
201606K022245,1,9,0,9,0,8,0,0,7,0,4,1,6,1,55,8,1796,1,10,1,1,1
201606K022245,2,9,0,18,0,8,0,0,0,0,1,1,6,1,45,7,1798,1,9,4,1,4
201606K022265,1,9,0,18,0,8,1,0,3,10,1,1,6,1,-1,-1,-1,-1,-1,-1,-1,-1
201606K022273,1,9,0,15,0,0,0,0,0,0,1,1,6,1,20,4,1496,2,-1,4,1,4
201606K022273,2,9,0,11,0,0,0,0,0,0,2,1,6,1,30,6,2969,2,10,3,1,3
201606K022491,1,4,0,14,0,0,0,0,0,0,2,1,2,1,52,8,937,1,21,6,1,6
201606K022493,1,9,0,18,0,8,1,0,0,0,1,1,6,1,21,5,1995,2,-1,-1,-1,-1
201606K022493,2,9,0,18,0,8,0,0,0,0,3,1,1,1,47,8,1499,2,-1,2,1,2
201606K022493,3,9,0,18,0,2,0,0,0,0,0,1,6,1,35,6,1984,1,1,-1,-1,-1
201606K022493,4,9,0,18,0,2,0,0,0,0,0,1,6,1,38,7,1984,1,2,-1,-1,-1
201606K022498,1,9,0,9,0,8,0,0,0,0,3,1,6,1,30,6,1124,1,15,-1,-1,-1
201606K022498,2,3,0,18,0,8,1,0,0,0,1,1,6,1,29,6,124,1,5,4,1,4
201606K022590,1,9,0,16,0,1,0,0,3,0,1,1,6,1,22,5,-1,-1,-1,1,1,1
201606K022590,2,9,0,2,9,1,0,0,0,0,0,1,6,3,-1,-1,2496,1,11,1,1,1
201606K022602,1,9,0,16,0,1,1,10,7,2,1,1,1,1,56,9,1396,2,3,9,1,9
201606K022614,1,9,0,2,0,1,0,0,0,0,0,1,6,3,-1,-1,-1,-1,-1,-1,-1,-1
201606K022614,2,9,0,18,0,2,0,0,0,0,0,1,6,3,-1,-1,-1,-1,-1,-1,-1,-1
201606K022636,1,9,0,1,0,6,0,0,0,0,1,1,6,3,-1,-1,-1,-1,-1,-1,-1,-1
201606K022636,2,9,0,18,0,8,0,0,0,0,4,1,6,1,35,6,2148,2,13,1,1,1
201606K022709,1,9,0,5,0,8,0,0,0,0,1,1,2,1,37,7,2204,2,9,6,2,6
201606K022709,2,1,0,18,0,8,0,0,0,0,1,1,6,1,63,9,-1,-1,-1,10,1,10
201606K022723,1,9,0,18,0,4,0,0,0,0,3,1,1,1,86,11,1560,2,1,1,1,1
201606K022723,2,9,0,9,0,4,0,0,0,0,1,1,6,1,25,5,1242,1,6,1,1,1
201606K022725,1,9,0,9,0,2,0,0,0,0,1,1,6,1,33,6,1968,2,5,10,1,10
201606K022729,1,9,0,18,0,8,0,0,0,0,1,1,2,2,22,5,1242,1,1,10,1,10
201606K022729,2,9,0,18,0,8,0,0,0,0,4,1,2,2,35,6,1798,1,10,10,1,10
201606K022732,1,9,0,9,0,5,0,0,0,0,4,1,2,2,30,6,-1,-1,-1,2,1,2
201606K022732,2,1,0,18,4,8,0,0,0,0,1,1,6,1,46,8,-1,-1,-1,10,1,10
201606K022734,1,9,0,18,0,0,0,0,0,0,1,1,6,3,-1,-1,-1,-1,-1,-1,-1,-1
201606K022734,2,1,0,18,0,0,0,0,0,0,2,1,6,2,22,5,-1,-1,-1,-1,-1,-1
201606K022796,1,9,0,9,0,5,0,0,0,0,1,1,2,2,28,6,1596,1,7,2,1,2
201606K022865,1,9,0,5,0,1,0,0,0,0,3,1,3,2,37,7,1498,1,16,3,1,3
201606K022865,2,3,0,18,0,1,5,0,0,0,4,1,2,1,46,8,124,1,2,3,1,3
201606K022930,1,9,0,4,0,1,0,0,0,0,1,1,6,1,30,6,1598,2,2,-1,-1,-1
201606K022930,2,9,0,3,0,1,0,0,0,0,2,1,6,1,43,7,2148,2,13,10,1,10
201606K022964,1,9,0,18,0,0,0,0,0,0,1,1,6,1,32,6,1968,2,9,-1,-1,-1
201606K022964,2,9,0,18,0,0,0,0,0,0,1,1,6,2,24,5,2993,2,5,2,1,2
201606K022964,3,9,0,18,0,0,0,0,0,0,1,1,6,1,34,6,1998,2,11,2,1,2
201606K022970,1,9,0,9,0,1,0,0,0,0,1,1,6,2,69,10,998,1,6,1,1,1
201606K022988,1,9,0,9,0,8,0,0,7,10,3,1,6,1,22,5,-1,-1,-1,3,1,3
201606K022988,2,19,0,18,0,8,0,0,0,0,1,1,6,1,33,6,1461,2,-1,1,1,1
201606K022991,1,9,0,18,0,8,0,0,0,0,4,1,6,2,69,10,1339,1,3,8,3,8
201606K022998,1,9,0,7,0,8,0,0,0,0,2,1,6,1,48,8,1598,1,6,8,1,8
201606K022998,2,1,0,18,0,8,0,0,0,0,1,1,6,1,30,6,-1,-1,-1,-1,-1,-1
201606K023053,1,9,0,9,0,5,0,0,0,0,1,1,6,1,30,6,-1,-1,-1,-1,-1,-1
201606K023062,1,9,0,4,0,6,1,0,0,0,1,1,6,1,28,6,1598,1,15,8,1,8
201606K023062,2,9,0,18,0,8,0,0,0,0,3,1,6,2,44,7,1598,1,9,3,1,3
201606K023071,1,3,0,18,0,8,2,0,0,0,3,1,6,1,17,4,124,1,7,4,1,4
201606K023071,2,9,0,10,0,8,0,0,0,0,3,1,6,1,46,8,1796,1,15,9,3,9
201606K023078,1,9,0,18,0,8,0,0,0,0,1,1,1,1,48,8,-1,-1,-1,2,1,2
201606K023078,2,9,0,8,0,8,0,0,0,0,2,1,6,1,74,10,2231,2,4,5,1,5
201606K023230,1,9,0,18,0,8,0,4,0,0,1,1,6,1,25,5,1997,2,11,1,1,1
201606K023230,2,9,0,2,0,1,0,0,0,0,2,1,6,3,-1,-1,1598,1,11,-1,-1,-1
201606K023230,3,1,0,18,0,8,0,0,0,0,1,1,6,1,25,5,-1,-1,-1,1,1,1
201606K023241,1,9,0,18,0,1,0,0,0,0,4,1,6,1,48,8,3498,1,10,1,1,1
201606K023322,1,9,0,18,0,8,0,0,1,0,1,1,6,1,23,5,1686,2,11,2,1,2
201606K023322,2,8,0,18,0,8,0,0,0,0,3,1,1,1,49,8,1497,8,9,2,1,2
201606K023492,1,9,0,18,0,2,0,10,0,0,1,1,6,1,32,6,2480,1,5,2,1,2
201606K023492,2,9,0,18,0,2,0,0,0,0,0,1,6,1,27,6,-1,-1,-1,3,1,3
201606K023624,1,9,0,9,0,8,0,0,0,0,0,1,6,1,77,11,-1,-1,-1,4,3,4
201606K023666,1,9,0,18,0,8,0,0,0,0,4,1,6,1,50,8,-1,-1,-1,-1,-1,-1
201606K023666,2,5,0,9,0,8,0,0,0,0,3,1,4,1,25,5,-1,-1,-1,4,1,4
201606K023734,1,9,0,18,0,0,0,0,0,0,1,1,2,1,29,6,1596,1,15,6,1,6
201606K023734,2,9,0,10,0,0,0,0,0,0,2,1,1,1,39,7,1794,1,10,3,1,3
201606K023734,3,9,0,10,0,0,0,0,0,0,2,1,2,1,52,8,1299,1,9,5,1,5
201606K023803,1,8,0,18,0,0,0,0,0,0,2,1,3,1,39,7,1461,2,6,1,1,1
201606K023803,2,9,0,18,0,0,0,0,0,0,1,1,6,3,-1,-1,-1,-1,-1,-1,-1,-1
201606K023811,1,9,0,18,0,2,0,0,0,0,1,1,1,1,30,6,1991,1,20,-1,-1,-1
201606K023811,2,9,0,3,0,2,0,0,0,0,2,1,6,1,31,6,1596,1,11,1,1,1
201606K023873,1,9,0,18,0,8,0,0,0,0,1,1,6,1,30,6,1596,1,11,8,1,8
201606K023873,2,9,0,18,0,8,0,0,0,0,2,1,6,2,44,7,-1,-1,-1,4,1,4
201606K023941,1,9,0,3,0,4,0,0,0,0,2,1,1,1,35,6,1299,1,16,3,1,3
201606K023941,2,9,0,18,0,4,0,0,0,0,1,1,6,3,-1,-1,1398,2,5,-1,-1,-1
201606K024011,1,9,0,16,0,0,0,0,0,0,1,1,6,2,42,7,998,1,4,3,1,3
201606K024013,1,9,0,9,0,8,0,0,0,0,1,1,6,2,21,5,1499,2,-1,9,1,9
201606K024013,2,9,0,18,0,8,0,0,0,0,3,1,6,1,70,10,1598,1,1,1,1,1
201606K024040,1,9,0,9,5,6,0,0,0,0,1,1,6,2,40,7,1998,1,12,4,1,4
201606K024040,2,9,0,18,0,8,0,0,0,0,1,1,6,2,44,7,1997,1,2,8,1,8
201606K024040,3,9,0,18,0,8,0,0,0,0,3,1,6,1,40,7,1598,1,6,10,1,10
201606K024049,1,19,0,7,0,8,0,0,0,0,3,1,1,1,56,9,2151,2,13,1,1,1
201606K024049,2,9,0,18,0,8,0,0,0,0,1,1,6,1,29,6,1200,1,-1,4,1,4
201606K024049,3,9,0,2,0,1,0,0,0,0,4,1,6,1,30,6,1493,2,9,-1,-1,-1
201606K024063,1,2,0,5,0,0,0,4,0,0,1,1,6,1,16,4,49,1,4,2,1,2
201606K024063,2,9,0,4,0,0,0,0,0,0,2,1,6,2,47,8,1497,8,9,3,1,3
201606K024092,1,9,0,2,0,8,0,0,0,0,2,1,1,1,30,6,1753,2,9,2,1,2
201606K024092,2,9,0,14,0,1,0,4,0,0,1,1,6,1,30,6,1242,1,14,-1,-1,-1
201606K024096,1,9,0,4,0,0,0,0,0,0,3,1,6,1,63,9,1968,2,10,3,1,3
201606K024143,1,9,0,9,0,5,0,0,0,0,1,1,6,2,49,8,1124,1,14,1,1,1
201606K024143,2,9,0,18,0,8,0,0,0,0,1,1,6,1,77,11,998,1,3,3,1,3
201606K024143,3,9,0,3,0,1,0,0,0,0,0,1,6,3,-1,-1,-1,-1,-1,-1,-1,-1
201606K024194,1,90,0,10,0,8,0,0,0,0,1,1,6,1,30,6,-1,-1,-1,-1,-1,-1
201606K024194,2,9,0,5,0,8,0,0,0,0,2,1,3,2,49,8,1200,1,1,3,1,3
201606K024252,1,9,0,1,0,1,0,0,0,0,2,1,1,1,60,9,1997,2,14,1,1,1
201606K024285,1,9,0,18,0,0,0,0,0,0,4,1,6,1,63,9,-1,-1,-1,1,1,1
201606K024285,2,1,0,2,0,0,0,0,0,0,2,1,6,1,59,9,-1,-1,-1,10,1,10
201606K024291,1,9,0,18,0,8,0,0,0,0,1,1,6,3,-1,-1,1499,2,-1,-1,-1,-1
201606K024291,2,1,0,18,0,8,0,0,0,0,2,1,6,1,55,8,-1,-1,-1,4,2,4
201606K024367,1,9,0,9,0,8,0,0,0,0,3,1,6,2,46,8,998,1,10,1,1,1
201606K024376,1,9,0,18,0,0,0,0,0,0,0,1,1,1,50,8,1497,8,11,-1,-1,-1