Accident_Index,Vehicle_Reference,Vehicle_Type,Towing_and_Articulation,Vehicle_Manoeuvre,Vehicle_Location-Restricted_Lane,Junction_Location,Skidding_and_Overturning,Hit_Object_in_Carriageway,Vehicle_Leaving_Carriageway,Hit_Object_off_Carriageway,1st_Point_of_Impact,Was_Vehicle_Left_Hand_Drive?,Journey_Purpose_of_Driver,Sex_of_Driver,Age_of_Driver,Age_Band_of_Driver,Engine_Capacity_(CC),Propulsion_Code,Age_of_Vehicle,Driver_IMD_Decile,Driver_Home_Area_Type,Vehicle_IMD_Decile
201606K024381,1,9,0,9,0,6,0,0,0,0,3,1,6,1,82,11,1240,1,7,3,1,3
201606K024381,2,9,0,18,0,8,0,0,0,0,1,1,6,2,47,8,1388,1,4,7,1,7
201606K024382,1,9,0,15,0,8,0,0,0,0,3,1,6,1,-1,-1,1968,2,2,-1,-1,-1
201606K024382,2,9,0,18,0,8,0,0,0,0,4,1,6,2,39,7,1995,2,5,1,1,1
201606K024386,1,9,0,5,0,2,0,0,0,0,1,1,2,1,72,10,-1,-1,-1,9,1,9
201606K024396,1,9,0,7,0,8,0,0,0,0,1,1,6,2,54,8,1242,1,2,9,1,9
201606K024396,2,3,0,18,0,8,0,0,0,0,4,1,6,2,18,4,-1,-1,-1,2,1,2
201606K024407,1,9,0,18,0,8,0,0,0,0,1,1,6,1,45,7,-1,-1,-1,-1,-1,-1
201606K024407,2,9,0,18,0,8,0,0,0,0,4,1,6,1,23,5,1997,2,12,1,1,1
201606K024421,1,9,0,5,0,4,0,0,0,0,1,1,2,1,19,4,998,1,10,6,1,6
201606K024421,2,9,0,3,0,4,0,0,0,0,2,1,6,1,52,8,1598,2,2,3,2,3
201606K024466,1,9,0,15,0,1,0,0,0,0,3,1,6,1,30,6,1397,1,15,-1,-1,-1
201606K024466,2,9,0,18,0,1,0,0,0,0,4,1,6,2,25,5,1242,1,6,2,1,2
201606K024467,1,9,0,18,0,0,0,0,0,0,1,1,3,1,46,8,1794,1,13,2,1,2
201606K024482,1,9,0,9,0,2,0,0,0,0,3,1,2,1,38,7,1229,1,5,4,1,4
201606K024500,1,9,0,18,0,8,0,0,0,0,4,1,6,1,40,7,1339,1,9,2,1,2
201606K024500,2,9,0,4,0,8,0,0,0,0,0,1,1,1,30,6,-1,-1,-1,-1,-1,-1
201606K024514,1,9,0,9,0,8,0,0,0,0,1,1,6,2,28,6,1497,8,-1,5,1,5
201606K024514,2,9,0,9,0,8,0,0,0,0,3,1,6,2,56,9,1329,1,3,6,1,6
201606K024519,1,9,0,18,0,8,0,0,0,0,1,1,6,1,38,7,1950,2,-1,9,1,9
201606K024519,2,9,0,18,0,8,0,0,0,0,2,1,6,1,35,6,1910,2,10,2,1,2
201606K024519,3,9,0,18,0,8,0,0,0,0,3,1,6,1,28,6,1598,2,6,2,1,2
201606K024519,4,9,0,18,0,8,0,0,0,0,1,1,6,2,39,7,1896,2,7,9,1,9
201606K024553,1,90,0,6,0,5,0,0,0,0,1,1,1,1,27,6,-1,-1,-1,1,1,1
201606K024553,2,9,0,18,0,8,0,0,0,0,4,1,6,1,69,10,1086,1,9,6,1,6
201606K024554,1,9,0,18,0,8,0,0,0,0,1,1,6,2,87,11,1395,1,1,8,1,8
201606K024581,1,9,0,18,0,0,0,0,0,0,1,1,6,2,30,6,1995,2,7,8,1,8
201606K024591,1,9,0,18,0,0,0,0,0,0,4,1,6,3,-1,-1,-1,-1,-1,-1,-1,-1
201606K024591,2,1,0,18,0,0,0,0,0,0,3,1,6,1,69,10,-1,-1,-1,2,1,2
201606K024617,1,9,0,5,0,8,0,0,0,0,4,1,6,2,45,7,1498,1,1,5,1,5
201606K024617,2,9,0,18,0,8,0,0,0,0,1,1,6,1,31,6,1598,2,5,10,1,10
201606K024621,1,9,0,18,0,0,0,0,0,0,3,1,6,1,50,8,1598,1,9,6,1,6
201606K024621,2,9,0,18,0,0,0,0,0,0,1,1,6,1,43,7,2148,2,8,6,1,6
201606K024695,1,9,0,18,0,1,0,0,0,0,1,1,6,2,47,8,1990,1,12,2,1,2
201606K024695,2,9,0,4,0,1,0,0,0,0,2,1,6,1,30,6,1956,2,2,-1,-1,-1
201606K024702,1,5,0,18,0,4,0,0,0,0,1,1,6,1,42,7,600,1,19,4,2,4
201606K024702,2,9,0,9,0,4,0,0,0,0,1,1,6,1,27,6,1598,2,-1,4,2,4
201606K024709,1,9,0,9,0,8,0,0,0,7,4,1,6,1,28,6,2401,2,9,2,1,2
201606K024709,2,9,0,13,0,8,0,0,0,0,1,1,6,1,36,7,1870,2,11,8,3,8
201606K024710,1,9,0,9,0,8,0,0,0,0,1,1,2,2,54,8,-1,-1,-1,8,1,8
201606K024710,2,9,0,18,0,8,0,0,0,0,4,1,2,2,38,7,1360,1,6,5,1,5
201606K024718,1,9,0,13,0,1,0,0,0,0,4,1,6,3,-1,-1,1990,1,12,-1,-1,-1
201606K024718,2,4,0,18,0,1,0,0,0,0,3,1,6,1,52,8,249,1,13,7,3,7
201606K024719,1,9,0,18,0,2,0,0,0,0,2,1,6,2,30,6,1390,1,4,10,1,10
201606K024719,2,9,0,18,0,2,0,0,0,0,1,1,6,1,77,11,1798,1,15,8,1,8
201606K024721,1,9,0,18,0,8,0,0,0,0,1,1,1,1,37,7,1794,1,11,1,1,1
201606K024721,2,9,0,18,0,8,0,0,0,0,1,1,6,1,45,7,1896,2,14,2,1,2
201606K024751,1,9,0,9,0,8,0,0,0,0,1,1,6,1,62,9,1796,1,9,8,1,8
201606K024751,2,1,0,18,0,8,0,0,0,0,1,1,6,2,40,7,-1,-1,-1,9,1,9
201606K024786,1,9,0,9,0,6,0,0,0,0,3,1,6,1,19,4,1248,2,2,6,1,6
201606K024786,2,9,0,18,0,8,0,0,0,0,1,1,2,1,24,5,1388,1,6,6,1,6
201606K024796,1,9,0,7,0,8,0,0,0,0,3,1,1,1,26,6,1995,2,11,8,3,8
201606K024796,2,9,0,18,0,8,0,0,0,0,3,1,6,1,26,6,1794,1,14,8,3,8
201606K024837,1,9,0,18,0,2,0,0,0,0,1,1,6,2,75,10,1329,1,7,2,1,2
201606K024853,1,9,0,18,0,0,2,0,8,0,4,1,6,1,52,8,1990,1,12,8,1,8
201606K024860,1,9,0,9,0,8,0,0,0,0,1,1,6,2,34,6,2982,2,11,1,1,1
201606K024860,2,5,0,18,0,8,0,0,0,0,1,1,6,1,26,6,649,1,1,-1,-1,-1
201606K024873,1,9,0,16,0,0,0,0,0,0,1,1,6,1,46,8,1686,2,2,2,1,2
201606K024882,1,9,0,18,0,0,1,0,0,0,1,1,6,1,31,6,2204,2,11,3,1,3
201606K025056,1,9,0,9,0,8,0,0,0,0,1,1,6,2,20,4,998,1,9,3,1,3
201606K025056,2,3,0,18,0,8,0,0,1,0,3,1,2,1,24,5,124,1,-1,9,1,9
201606K025056,3,9,0,2,0,2,0,0,0,0,2,1,2,1,30,6,2143,2,6,-1,-1,-1
201606K025068,1,9,0,9,0,5,0,0,0,0,1,1,6,2,28,6,1490,1,10,8,1,8
201606K025068,2,5,0,18,0,8,0,0,0,0,1,1,6,1,25,5,599,1,14,7,1,7
201606K025080,1,19,0,7,0,1,0,0,0,0,4,1,1,1,53,8,2198,2,-1,-1,-1,-1
201606K025091,1,4,0,4,0,2,0,0,0,0,1,1,6,1,40,7,1255,1,9,2,1,2
201606K025142,1,9,0,18,0,8,0,0,0,0,0,1,6,1,30,6,-1,-1,-1,-1,-1,-1
201606K025142,2,19,0,18,0,8,0,0,0,0,2,1,1,1,25,5,1248,2,8,-1,-1,-1
201606K025159,1,9,0,18,0,1,0,0,0,0,1,1,6,2,30,6,1984,1,8,-1,-1,-1
201606K025159,2,9,0,3,0,1,0,0,0,0,2,1,1,1,50,8,-1,-1,-1,1,1,1
201606K025198,1,9,0,14,0,2,0,0,0,0,1,1,6,1,23,5,1405,1,12,2,1,2
201606K025198,2,9,0,2,0,2,0,0,0,0,2,1,6,1,30,6,2987,2,9,1,1,1
201606K025276,1,9,0,14,0,0,0,4,0,0,1,1,6,1,30,6,998,1,11,10,1,10
201606K025276,2,9,0,2,0,0,0,0,0,0,3,1,6,2,43,7,2993,2,2,2,1,2
201606K025281,1,9,0,18,0,8,0,0,0,0,1,1,1,1,30,6,1598,2,-1,-1,-1,-1
201606K025281,2,9,0,18,0,8,0,0,0,0,3,1,6,1,32,6,1797,8,7,8,1,8
201606K025383,1,9,0,15,0,8,0,0,0,0,1,1,6,1,32,6,999,1,9,2,1,2
201606K025383,2,19,0,9,0,8,0,0,0,0,4,1,6,1,24,5,1868,2,11,4,1,4
201606K026150,1,9,0,9,9,2,0,0,1,5,1,1,3,1,35,6,1364,2,5,2,1,2
201606L001757,1,9,0,14,0,1,0,0,0,0,1,1,2,1,55,8,1560,2,6,9,1,9
201606L010447,1,9,0,18,0,8,0,0,0,0,1,1,6,1,42,7,1598,1,7,3,1,3
201606L010447,2,1,0,18,0,8,0,0,0,0,2,1,6,1,12,3,-1,-1,-1,8,1,8
201606L010558,1,9,0,9,0,8,0,0,0,0,1,1,6,1,48,8,1390,1,15,9,2,9
201606L010558,2,9,0,18,0,8,0,0,0,0,1,1,6,2,25,5,-1,-1,-1,1,1,1
201606L010558,3,9,0,2,0,1,0,0,0,0,4,1,6,3,-1,-1,1199,2,4,-1,-1,-1
201606L010558,4,9,0,2,0,1,0,0,0,0,0,1,6,3,-1,-1,-1,-1,-1,-1,-1,-1
201606L010558,5,9,0,2,9,1,0,0,0,0,2,1,6,3,-1,-1,998,1,7,-1,-1,-1
201606L010602,1,9,0,18,0,0,0,0,7,9,0,1,6,2,53,8,995,1,12,6,1,6
201606L010602,2,5,0,18,0,0,0,0,1,4,4,1,6,1,25,5,599,1,18,4,1,4
201606L010610,1,9,0,18,0,0,0,0,0,0,3,1,6,1,30,6,2354,1,12,-1,-1,-1
201606L010644,1,9,0,9,0,8,0,0,0,0,3,1,6,2,30,6,998,1,2,-1,-1,-1
201606L010644,2,5,0,18,0,8,0,0,0,0,1,1,6,2,39,7,656,1,10,4,1,4
201606L010676,1,9,0,3,0,1,0,0,0,0,1,1,6,2,86,11,998,1,6,-1,-1,-1
201606L010710,1,9,0,18,0,0,0,0,0,0,1,1,6,1,52,8,1840,1,14,7,1,7
201606L010856,1,9,0,7,0,1,0,0,0,0,1,1,6,1,30,6,998,1,3,-1,-1,-1
201606L010856,2,9,0,8,0,1,0,0,0,0,2,1,6,2,29,6,-1,-1,-1,1,1,1
201606L010959,1,9,0,18,0,8,1,0,0,0,1,1,3,2,28,6,1198,1,2,4,1,4
201606L010959,2,9,0,9,0,5,1,7,0,10,1,1,2,2,48,8,1461,2,6,3,1,3
201606L011154,1,9,0,18,0,0,0,0,0,0,1,1,6,3,-1,-1,-1,-1,-1,-1,-1,-1
201606L011154,2,2,0,4,0,0,2,0,0,0,2,1,4,1,16,4,49,1,4,8,1,8
201606L011220,1,3,0,3,0,1,2,0,0,0,4,1,6,1,32,6,689,1,1,4,1,4
201606L011220,2,19,0,3,0,4,0,0,0,0,3,1,6,1,40,7,-1,-1,-1,2,1,2
201606L011256,1,9,0,18,0,8,0,0,0,0,4,1,6,1,49,8,1968,2,9,1,1,1
201606L011256,2,9,0,18,0,8,0,0,0,0,1,1,6,2,30,6,1598,1,10,2,2,2
201606L011256,3,9,0,2,0,1,0,0,0,0,1,1,6,2,36,7,-1,-1,-1,-1,-1,-1
201606L011287,1,9,0,18,0,2,0,0,0,0,1,1,6,1,32,6,1242,1,15,1,1,1
201606L011365,1,9,0,18,0,8,0,0,0,0,1,1,6,1,48,8,1951,2,11,1,2,1
201606L011370,1,9,0,18,0,1,0,0,0,0,1,1,6,1,46,8,1242,1,10,2,1,2
201606L011370,2,90,0,18,0,1,0,0,0,0,1,1,6,1,29,6,-1,-1,-1,-1,-1,-1
201606L011405,1,9,0,7,0,2,0,0,0,0,1,1,2,2,59,9,-1,-1,-1,4,1,4
201606L011586,1,9,0,18,0,1,0,0,0,0,1,1,6,1,40,7,1998,2,13,-1,-1,-1
201606L011586,2,9,0,18,0,1,0,0,0,0,2,1,6,2,27,6,1999,1,6,5,1,5
201606L011586,3,9,0,18,0,1,0,0,0,0,2,1,6,2,36,7,1968,2,8,6,1,6
201606L011797,1,9,0,18,0,8,0,0,0,0,4,1,6,2,30,6,-1,-1,-1,-1,-1,-1
201606L011879,1,9,0,18,0,6,0,0,0,0,1,1,6,2,25,5,999,1,3,9,1,9
201606L011879,2,9,0,18,0,1,0,0,0,0,3,1,6,2,47,8,1368,1,11,5,1,5
201606L011961,1,9,0,18,0,1,0,0,0,0,1,1,6,1,34,6,1242,1,12,1,1,1
201606L012063,1,20,0,18,0,0,0,0,0,0,2,1,6,1,30,6,4461,2,8,-1,-1,-1
201606L012063,2,9,0,18,0,0,0,0,4,6,1,1,6,2,34,6,1582,2,1,2,1,2
201606L012082,1,9,0,9,0,8,0,0,0,0,1,1,2,2,19,4,1086,1,12,2,1,2
201606L012082,2,3,0,18,0,8,1,0,0,0,1,1,6,1,35,6,109,1,1,9,1,9
201606L012100,1,9,0,18,0,0,0,0,0,0,3,1,2,1,19,4,-1,-1,-1,6,1,6
201606L012248,1,9,0,18,0,1,0,0,0,0,1,1,6,1,44,7,2000,2,10,1,1,1
201606L012248,2,9,0,18,0,1,0,0,0,0,2,1,6,2,33,6,1596,1,13,2,1,2
201606L012248,3,9,0,18,0,1,0,0,0,0,1,1,6,1,34,6,1386,1,9,2,1,2
201606L012259,1,9,0,18,0,2,0,0,0,0,1,1,6,1,44,7,-1,-1,-1,1,1,1
201606L012317,1,9,0,10,0,8,0,0,0,0,2,1,6,1,69,10,1560,2,1,5,1,5
201606L012317,2,3,0,18,0,1,0,0,0,0,4,1,6,1,44,7,125,1,16,-1,-1,-1
201606L012330,1,9,0,7,0,2,0,10,0,0,4,1,6,1,30,6,-1,-1,-1,-1,-1,-1
201606L012330,2,9,0,18,0,2,0,0,0,0,3,1,6,2,34,6,1991,2,8,5,1,5
201606L012445,1,9,0,18,0,0,0,0,0,0,4,1,6,1,78,11,1242,1,4,8,1,8
201606L012451,1,9,0,18,0,6,0,0,0,0,0,1,6,2,30,6,998,1,19,1,1,1
201606L012451,2,1,0,18,0,8,0,0,0,0,0,1,6,1,46,8,-1,-1,-1,2,1,2
201606L012478,1,9,0,18,0,8,0,11,0,0,1,1,6,2,68,10,1240,1,7,1,1,1
201606L012560,1,9,0,18,0,8,0,0,0,0,3,1,6,1,78,11,1390,1,14,3,1,3
201606L012560,2,9,0,7,0,6,0,0,0,0,1,1,6,1,31,6,1798,1,12,6,1,6
201606L012676,1,9,0,18,0,0,0,0,0,0,1,1,6,1,45,7,1527,2,18,-1,-1,-1
201606L012676,2,90,0,18,0,0,0,0,0,0,1,1,6,1,24,5,-1,-1,-1,-1,-1,-1
201606L012729,1,9,0,18,0,0,0,0,0,0,4,1,6,2,27,6,-1,-1,-1,4,1,4
201606L012777,1,9,0,18,0,0,1,0,0,0,1,1,6,3,20,4,1598,1,11,-1,-1,-1
201606L012777,2,9,0,2,9,0,0,0,0,0,2,1,6,2,68,10,1990,1,18,5,1,5
201606L012866,1,9,0,18,0,1,0,0,0,0,1,1,6,3,-1,-1,-1,-1,-1,-1,-1,-1
201606L012866,2,9,0,3,0,8,0,0,0,0,2,1,6,2,44,7,2000,2,8,1,1,1
201606L012873,1,9,0,18,0,1,0,0,0,0,1,1,6,1,46,8,1360,1,12,1,1,1
201606L012873,2,9,0,3,0,1,0,0,0,0,2,1,6,2,24,5,998,1,3,9,3,9
201606L012967,1,9,0,18,0,8,0,0,0,0,3,1,6,1,30,6,1390,1,13,-1,-1,-1
201606L012967,2,9,0,18,0,8,0,0,0,0,4,1,6,1,65,9,2874,2,12,-1,-1,-1
201606L013000,1,20,0,2,9,0,0,0,0,0,0,1,1,1,21,5,5880,2,8,10,1,10
201606L013000,2,90,0,14,0,0,0,4,0,0,4,1,1,1,55,8,-1,-1,-1,10,1,10
201606L013014,1,2,0,18,0,8,0,0,0,0,1,1,6,1,30,6,49,1,13,-1,-1,-1
201606L013014,2,9,0,10,0,8,0,0,0,0,2,1,2,2,52,8,1596,1,13,2,1,2
201606L013018,1,9,0,13,0,8,0,0,0,0,1,1,6,3,-1,-1,-1,-1,-1,-1,-1,-1
201606L013018,2,1,0,18,0,8,0,0,0,0,2,1,6,1,19,4,-1,-1,-1,1,1,1
201606L013134,1,9,0,18,0,0,0,0,0,0,1,1,1,1,44,7,1582,2,7,9,2,9
201606L013170,1,9,0,9,0,8,0,0,0,0,1,1,6,2,25,5,999,1,1,2,2,2
201606L013170,2,1,0,18,0,8,0,0,0,0,4,1,6,1,46,8,-1,-1,-1,4,1,4
201606L013233,1,9,0,9,0,5,0,10,0,0,1,1,6,3,-1,-1,-1,-1,-1,-1,-1,-1
201606L013237,1,9,0,18,0,8,0,0,0,0,1,1,6,2,30,6,1229,1,10,2,1,2
201606L013344,1,17,4,7,0,5,0,0,0,0,4,1,1,1,30,6,-1,-1,-1,-1,-1,-1
201606L013376,1,9,0,18,0,0,0,0,0,0,1,1,6,1,62,9,-1,-1,-1,3,1,3
201606L013392,1,90,0,16,0,0,0,0,1,10,1,1,2,1,53,8,-1,-1,-1,2,1,2
201606L013398,1,9,0,18,0,2,0,0,0,0,3,1,6,3,-1,-1,-1,-1,-1,-1,-1,-1
201606L013398,2,3,0,18,0,1,0,0,0,0,1,1,6,1,48,8,-1,-1,-1,1,1,1
201606L013442,1,9,0,9,0,6,0,0,0,0,3,1,6,2,32,6,1399,2,10,1,1,1
201606L013442,2,3,0,14,0,8,0,0,0,0,1,1,2,1,16,4,124,1,5,5,1,5
201606L013614,1,9,0,9,0,6,0,0,0,0,1,1,6,2,41,7,1149,1,10,7,3,7
201606L013614,2,1,0,18,0,8,0,0,0,0,1,1,6,1,65,9,-1,-1,-1,3,2,3
201606L013716,1,5,0,7,0,8,1,0,0,0,1,1,6,1,28,6,660,1,11,3,1,3
201606L013716,2,9,0,10,0,8,0,0,0,0,1,1,6,1,35,6,-1,-1,-1,2,1,2
201606L013759,1,9,0,18,0,0,0,0,0,0,1,1,6,1,56,9,-1,-1,-1,8,2,8
201606L013842,1,9,0,18,0,0,0,0,0,0,1,1,6,2,23,5,1242,1,6,8,1,8
201606L013842,2,9,0,18,0,0,0,0,0,0,1,1,6,1,45,7,1598,1,7,8,1,8
201606L013880,1,9,0,18,0,2,0,0,0,0,1,1,6,2,23,5,1461,2,1,5,1,5
201606L013900,1,9,0,9,0,6,0,0,0,0,1,1,6,1,44,7,1149,1,13,1,1,1
201606L013900,2,9,0,18,0,8,0,0,0,3,4,1,6,1,22,5,1199,1,16,4,1,4
201606L013932,1,9,0,18,0,8,0,0,0,0,1,1,1,2,25,5,1461,2,2,6,1,6
201606L013932,2,9,0,9,0,8,0,0,0,0,4,1,1,2,38,7,1598,1,3,10,1,10
201606L013980,1,5,0,18,0,2,0,0,0,0,1,1,6,1,60,9,599,1,15,7,1,7
201606L014244,1,9,0,18,0,1,0,0,0,0,4,1,6,1,30,6,1995,2,2,-1,-1,-1
201606L014244,2,9,0,18,0,2,0,0,0,0,1,1,6,1,48,8,1560,2,2,3,1,3
201606L014245,1,21,1,5,0,8,0,0,0,0,1,2,1,1,47,8,-1,-1,-1,-1,-1,-1
201606L014245,2,9,0,18,0,5,0,0,0,0,2,1,6,1,26,6,1399,2,6,4,1,4
201606L014321,1,9,0,18,0,2,0,0,0,0,1,1,1,1,40,7,1997,2,1,1,1,1
201606L014321,2,9,0,3,0,2,0,0,0,0,2,1,1,2,33,6,1598,1,10,6,1,6
201606L014321,3,9,0,3,0,2,0,0,0,0,2,1,1,1,45,7,2231,2,10,2,1,2
201606L014362,1,19,0,1,0,1,0,4,0,0,1,1,6,1,30,6,1868,2,13,-1,-1,-1
201606L014362,2,9,0,18,0,1,0,0,0,0,2,1,6,2,47,8,998,1,15,1,1,1
201606L014394,1,1,0,18,0,1,1,0,0,0,1,1,1,1,30,6,-1,-1,-1,8,2,8
201606L014394,2,9,0,18,0,1,0,0,0,0,1,1,1,1,52,8,2286,2,33,7,2,7
201606L014448,1,9,0,7,0,8,0,0,0,0,1,1,6,1,45,7,1587,1,9,4,1,4
201606L014448,2,9,0,18,0,8,0,10,1,10,3,1,6,1,67,10,998,1,14,9,1,9
201606L014533,1,9,0,16,0,0,1,4,0,0,3,1,6,1,33,6,1299,1,16,3,1,3
201606L014533,2,9,0,2,0,0,0,0,0,0,2,1,6,3,36,7,1588,1,11,-1,-1,-1
201606L014533,3,9,0,2,0,0,0,0,0,0,2,1,6,3,57,9,1499,2,1,-1,-1,-1
201606L014548,1,9,0,7,0,8,0,0,0,0,3,1,6,2,53,8,1560,2,10,8,3,8
201606L014548,2,3,0,18,0,8,0,0,0,0,1,1,6,1,23,5,124,1,-1,2,1,2
201606L014563,1,9,0,18,0,0,0,0,0,0,1,1,2,1,26,6,1596,1,13,7,1,7
201606L014563,2,9,0,4,0,0,0,0,0,0,1,1,2,1,52,8,1968,2,1,8,1,8
201606L014651,1,9,0,18,0,8,0,0,0,0,0,1,6,1,30,6,1596,1,10,-1,-1,-1
201606L014682,1,9,0,9,0,8,0,0,0,0,1,1,6,1,47,8,996,1,4,3,1,3
201606L014756,1,9,0,18,0,4,0,0,0,0,4,1,1,1,23,5,-1,-1,-1,1,1,1
201606L014756,2,3,0,18,0,4,0,0,0,0,3,1,1,1,45,7,-1,-1,-1,10,1,10
201606L014787,1,20,4,5,0,1,0,0,0,0,3,1,1,1,49,8,-1,-1,-1,8,1,8
201606L014789,1,9,0,1,0,0,0,0,0,0,2,1,6,1,22,5,1995,2,7,7,1,7
201606L014789,2,9,0,18,0,0,1,0,1,0,3,1,6,1,30,6,-1,-1,-1,9,1,9
201606L014892,1,9,0,18,0,8,0,0,0,0,1,1,6,2,24,5,1368,1,3,1,1,1
201606L014900,1,90,0,5,0,4,0,0,0,0,3,1,1,1,24,5,-1,-1,-1,4,1,4
201606L014900,2,5,0,18,0,4,0,0,0,0,1,1,6,1,29,6,649,1,2,2,1,2
201606L014937,1,9,0,14,0,1,0,4,0,0,4,1,6,3,-1,-1,-1,-1,-1,-1,-1,-1
201606L014937,2,9,0,2,0,1,0,0,0,0,3,1,6,1,24,5,-1,-1,-1,1,1,1
201606L014978,1,9,0,4,0,1,0,0,0,0,3,1,2,2,25,5,1229,1,2,-1,-1,-1
201606L014978,2,5,0,4,0,1,0,0,0,0,4,1,2,1,21,5,600,1,5,-1,-1,-1
201606L014990,1,9,0,9,0,6,0,0,0,0,1,1,2,2,37,7,1289,1,17,3,1,3
201606L014990,2,4,0,18,0,1,0,0,0,0,4,1,6,1,58,9,125,1,1,2,1,2
201606L015069,1,9,0,18,0,1,0,0,0,0,4,1,2,2,25,5,1560,2,-1,2,1,2
201606L015109,1,19,0,18,0,2,0,0,0,0,4,1,6,1,27,6,1598,2,1,-1,-1,-1
201606L015109,2,1,0,18,0,2,0,0,0,0,0,1,2,1,27,6,-1,-1,-1,3,1,3
201606L015259,1,4,0,9,0,1,0,0,0,0,1,1,6,1,22,5,649,1,1,3,1,3
201606L015259,2,9,0,18,0,1,0,0,0,0,4,1,6,3,-1,-1,1956,2,3,-1,-1,-1
201606L015431,1,9,0,17,0,8,1,0,1,10,1,1,6,1,19,4,1587,1,14,9,1,9
201606L015436,1,11,0,5,2,8,0,0,0,0,0,1,1,1,46,8,6696,2,1,3,1,3
201606L015480,1,19,0,4,0,0,0,0,0,0,1,1,1,1,49,8,2686,2,11,1,1,1
201606L015480,2,9,0,3,0,0,0,0,0,0,2,1,6,2,51,8,1229,1,10,2,1,2
201606L015480,3,9,0,3,0,0,0,0,0,0,2,1,6,1,41,7,1329,1,7,1,1,1
201606L015483,1,9,0,18,0,0,2,0,8,10,4,1,6,1,19,4,1596,1,12,1,1,1
201606L015483,2,9,0,18,0,0,0,0,0,0,1,1,6,1,49,8,1360,1,6,8,1,8
201606L015483,3,9,0,18,0,0,0,0,0,0,0,1,1,1,30,6,1398,1,4,-1,-1,-1
201606L015486,1,9,0,17,0,2,0,0,1,10,1,1,6,1,28,6,2231,2,11,2,1,2
201606L015546,1,9,0,9,0,8,0,0,0,0,1,1,1,2,22,5,1398,1,5,2,1,2
201606L015546,2,1,0,18,0,8,0,0,0,0,4,1,1,1,30,6,-1,-1,-1,9,1,9
201606L015548,1,9,0,9,0,8,0,0,0,0,3,1,1,2,49,8,-1,-1,-1,8,1,8
201606L015548,2,9,0,18,0,8,0,0,0,0,1,1,1,1,76,11,1229,1,7,8,2,8
201606L015728,1,9,0,18,0,4,0,0,0,0,1,1,6,2,30,6,1242,1,2,-1,-1,-1
201606L015728,2,9,0,18,0,8,0,0,0,0,4,1,6,2,37,7,1997,2,14,9,1,9
201606L015734,1,9,0,18,0,8,0,0,0,0,1,1,6,1,21,5,1199,1,12,2,1,2
201606L015734,2,9,0,18,0,8,0,0,0,0,1,1,2,1,37,7,1242,1,12,4,1,4
201606L015837,1,5,0,18,0,1,0,0,0,0,1,1,6,3,-1,-1,-1,-1,-1,-1,-1,-1
201606L015938,1,9,0,18,0,0,0,0,0,0,0,1,6,3,-1,-1,-1,-1,-1,-1,-1,-1
201606L015938,2,9,0,2,9,0,0,0,0,0,2,1,3,2,35,6,1598,2,2,-1,-1,-1
201606L015938,3,1,0,14,0,0,0,0,0,0,1,1,1,1,45,7,-1,-1,-1,-1,-1,-1
201606L016108,1,9,0,4,0,2,0,0,0,0,4,1,1,1,41,7,-1,-1,-1,3,1,3
201606L016130,1,9,0,5,0,8,0,0,0,0,1,1,6,2,35,6,1388,1,12,-1,-1,-1
201606L016130,2,9,0,18,0,8,5,0,0,0,4,1,1,1,30,6,1560,2,5,-1,-1,-1
201606L016144,1,9,0,18,0,8,0,0,0,0,1,1,6,2,79,11,1388,1,6,9,1,9
201606L016313,1,9,0,18,0,8,0,0,0,0,1,1,1,2,39,7,1598,2,1,3,1,3
201606L016313,2,1,0,18,0,8,0,0,0,0,3,1,6,1,13,3,-1,-1,-1,2,1,2
201606L016630,1,9,0,18,0,8,0,0,0,0,1,1,6,1,61,9,-1,-1,-1,7,3,7
201606L016630,2,9,0,18,0,8,0,0,0,0,1,1,6,1,52,8,1596,1,5,3,2,3
201606L016699,1,9,0,18,0,8,0,0,0,0,1,1,6,2,25,5,1598,1,7,3,1,3
201606L016699,2,1,0,18,0,8,0,0,0,0,4,1,6,1,71,10,-1,-1,-1,1,1,1
201606L016703,1,19,0,18,0,0,0,0,0,0,1,1,1,1,37,7,2198,2,4,5,1,5
201606L016703,2,9,0,18,0,0,0,0,0,0,2,1,1,1,21,5,2495,2,16,7,2,7
201606L016788,1,9,0,9,0,4,0,0,0,0,1,1,2,2,51,8,1360,1,10,5,1,5
201606L016788,2,1,0,18,0,4,0,0,0,0,2,1,2,1,29,6,-1,-1,-1,-1,-1,-1
201606L016824,1,9,0,18,0,2,0,0,0,0,4,1,6,3,-1,-1,-1,-1,-1,-1,-1,-1
201606L016824,2,1,0,18,0,2,0,0,0,0,1,1,6,1,46,8,-1,-1,-1,4,1,4
201606L016861,1,19,0,6,0,0,0,0,0,0,1,1,2,1,50,8,2198,2,6,-1,-1,-1
201606L016861,2,5,0,14,0,0,0,0,0,0,4,1,2,1,43,7,996,1,10,8,2,8
201606L016888,1,9,0,18,0,1,0,0,0,0,1,1,6,2,38,7,-1,-1,-1,-1,-1,-1
201606L016930,1,1,0,18,0,8,0,0,0,0,1,1,6,1,11,3,-1,-1,-1,2,1,2
201606L016930,2,9,0,18,0,8,0,0,0,0,1,1,6,2,49,8,1587,1,12,3,1,3