Accident_Index,Vehicle_Reference,Vehicle_Type,Towing_and_Articulation,Vehicle_Manoeuvre,Vehicle_Location-Restricted_Lane,Junction_Location,Skidding_and_Overturning,Hit_Object_in_Carriageway,Vehicle_Leaving_Carriageway,Hit_Object_off_Carriageway,1st_Point_of_Impact,Was_Vehicle_Left_Hand_Drive?,Journey_Purpose_of_Driver,Sex_of_Driver,Age_of_Driver,Age_Band_of_Driver,Engine_Capacity_(CC),Propulsion_Code,Age_of_Vehicle,Driver_IMD_Decile,Driver_Home_Area_Type,Vehicle_IMD_Decile
201606M011423,1,3,0,18,0,0,0,0,0,0,1,1,1,1,16,4,-1,-1,-1,1,1,1
201606M011426,1,9,0,18,0,8,0,0,0,0,1,1,6,1,31,6,1390,1,10,2,1,2
201606M011426,2,9,0,18,0,8,0,0,0,0,2,1,2,2,26,6,1339,1,10,7,1,7
201606M011508,1,9,0,9,0,5,0,0,0,0,1,1,6,1,46,8,1997,2,6,4,1,4
201606M011629,1,9,0,9,0,1,0,0,0,0,4,1,1,1,48,8,1560,2,4,9,3,9
201606M011720,1,9,0,9,0,8,0,7,0,0,1,1,6,1,17,4,998,1,13,6,1,6
201606M011720,2,9,0,18,0,8,0,0,0,0,1,1,6,1,39,7,1582,2,7,7,1,7
201606M011720,3,1,0,2,0,1,0,0,0,0,2,1,6,1,49,8,-1,-1,-1,5,3,5
201606M011810,1,9,0,14,0,0,0,0,0,0,4,1,2,2,36,7,1242,1,12,6,1,6
201606M012016,1,9,0,18,1,1,0,7,0,3,1,1,6,1,24,5,2987,2,8,1,1,1
201606M012016,2,9,0,4,0,1,2,0,0,0,2,1,6,2,22,5,1598,1,14,10,1,10
201606M012050,1,9,0,18,0,0,1,0,1,4,1,1,6,1,23,5,3490,1,13,10,1,10
201606M012143,1,9,0,4,1,1,0,0,0,1,0,1,6,1,30,6,-1,-1,-1,-1,-1,-1
201606M012206,1,19,0,1,0,1,0,0,0,0,2,1,6,1,30,6,-1,-1,-1,-1,-1,-1
201606M012369,1,9,0,18,0,8,0,0,0,0,3,1,6,2,38,7,1596,1,15,3,1,3
201606M012369,2,9,0,9,0,6,0,0,0,0,4,1,6,2,53,8,1242,1,12,-1,-1,-1
201606M012496,1,9,0,5,0,8,0,0,0,0,1,1,6,1,45,7,1995,2,1,9,2,9
201606M012496,2,9,0,18,0,8,0,0,1,0,4,1,6,1,23,5,1242,1,8,5,1,5
201606M012625,1,21,0,4,0,8,0,0,0,0,1,1,1,1,44,7,3920,2,11,6,1,6
201606M012625,2,9,0,3,0,2,0,0,0,0,2,1,1,2,26,6,-1,-1,-1,-1,-1,-1
201606M012625,3,9,0,3,0,2,0,0,0,0,2,1,1,2,53,8,1388,1,7,-1,-1,-1
201606M012717,1,9,0,9,0,8,0,0,0,0,3,1,1,2,33,6,1968,2,8,4,1,4
201606M012717,2,1,0,4,0,8,0,0,0,0,1,1,6,2,70,10,-1,-1,-1,7,1,7
201606M012770,1,9,0,9,0,1,0,0,0,0,3,1,6,2,74,10,1198,1,7,8,1,8
201606M012770,2,9,0,18,0,1,0,0,0,0,1,1,6,2,37,7,1598,1,9,1,1,1
201606M012779,1,8,0,18,0,8,0,0,0,0,1,1,1,1,41,7,1910,2,6,3,1,3
201606M012779,2,9,0,18,0,8,1,0,0,0,4,1,3,2,40,7,1360,1,10,7,1,7
201606M012886,1,9,0,18,0,0,0,0,0,0,1,1,6,1,84,11,1396,1,15,7,1,7
201606M012886,2,9,0,3,0,0,0,0,0,0,2,1,2,1,50,8,2179,2,1,10,1,10
201606M012886,3,9,0,3,0,0,0,0,0,0,2,1,2,1,36,7,1596,1,14,7,1,7
201606M013031,1,9,0,18,0,1,0,0,8,7,1,1,6,1,24,5,-1,-1,-1,8,1,8
201606M013031,2,9,0,3,0,8,0,0,0,0,2,1,6,2,58,9,1396,2,1,3,1,3
201606M013059,1,5,0,18,0,0,1,0,0,0,2,1,6,1,30,6,599,1,17,-1,-1,-1
201606M013059,2,9,0,18,0,0,0,0,0,0,1,1,2,1,34,6,1796,1,9,5,1,5
201606M013059,3,9,0,2,0,0,0,0,0,0,4,1,6,1,30,6,1799,1,6,4,1,4
201606M013115,1,9,0,9,0,6,0,0,0,0,3,1,6,1,26,6,1598,1,14,9,1,9
201606M013115,2,3,0,18,0,8,0,0,0,0,1,1,2,1,24,5,124,1,1,1,1,1
201606M013131,1,9,0,18,0,1,0,0,0,0,1,1,3,1,62,9,1390,1,14,8,1,8
201606M013176,1,9,0,18,0,0,0,0,0,1,0,1,6,2,22,5,1242,1,7,1,1,1
201606M013176,2,19,0,18,0,0,0,0,0,0,1,1,6,1,48,8,1753,2,12,3,1,3
201606M013475,1,19,0,16,0,0,0,10,1,4,3,1,1,1,23,5,-1,-1,-1,2,1,2
201606M013484,1,8,0,18,0,3,0,0,7,0,4,1,1,1,54,8,2402,2,10,-1,-1,-1
201606M013484,2,9,0,18,0,4,0,0,1,0,1,1,6,1,19,4,1398,1,1,9,1,9
201606M013531,1,8,0,3,0,0,0,0,0,0,4,1,6,1,51,8,-1,-1,-1,-1,-1,-1
201606M013531,2,1,0,18,4,0,0,0,0,0,1,1,1,1,38,7,-1,-1,-1,10,1,10
201606M013589,1,9,0,5,0,8,0,0,0,0,1,1,6,1,37,7,2179,2,2,10,1,10
201606M013721,1,9,0,5,9,8,0,0,0,0,4,1,1,2,39,7,-1,-1,-1,10,1,10
201606M013721,2,1,0,18,9,8,0,0,0,0,1,1,3,1,15,3,-1,-1,-1,10,1,10
201606M013751,1,9,0,18,0,0,0,0,0,0,3,1,6,1,61,9,1968,2,6,7,1,7
201606M013751,2,9,0,18,0,0,0,0,0,0,3,1,6,2,48,8,-1,-1,-1,8,3,8
201606M013822,1,8,0,18,0,0,0,0,0,0,3,1,1,1,30,6,1995,2,9,1,1,1
201606M013844,1,9,0,18,0,8,0,0,0,0,3,1,6,1,73,10,1968,2,3,-1,-1,-1
201606M013844,2,9,0,9,0,8,0,0,0,0,1,1,6,1,57,9,1299,1,15,4,1,4
201606M013859,1,9,0,18,0,8,0,0,0,0,1,1,2,2,58,9,1386,1,8,10,1,10
201606M013859,2,9,0,18,0,8,0,0,0,0,3,1,2,1,33,6,1388,1,10,8,1,8
201606M013884,1,9,0,7,0,2,0,0,0,0,1,1,6,1,22,5,1968,2,11,3,1,3
201606M013884,2,9,0,18,0,1,0,0,0,0,1,1,6,1,31,6,1398,1,6,-1,-1,-1
201606M014031,1,9,0,18,0,8,0,0,0,0,1,1,6,1,67,10,1364,1,1,-1,-1,-1
201606M014031,2,1,0,18,0,8,0,0,0,0,3,1,6,1,55,8,-1,-1,-1,10,1,10
201606M014043,1,5,0,18,0,0,2,0,4,0,0,1,6,1,21,5,-1,-1,-1,1,1,1
201606M014220,1,9,0,18,0,0,0,0,0,0,1,1,6,1,55,8,1242,1,11,4,1,4
201606M014220,2,9,0,3,0,0,0,0,0,0,2,1,6,1,41,7,1339,1,3,10,2,10
201606M014236,1,9,0,18,0,8,1,0,0,0,3,1,6,1,47,8,1794,1,14,2,1,2
201606M014236,2,19,0,18,0,8,0,0,0,0,1,1,1,1,52,8,2402,2,12,3,1,3
201606M014262,1,9,0,6,0,0,0,0,0,0,0,1,6,3,-1,-1,-1,-1,-1,-1,-1,-1
201606M014262,2,9,0,18,0,0,1,0,0,0,4,1,6,1,44,7,1997,2,9,1,1,1
201606M014262,3,9,0,2,0,0,0,0,1,0,2,1,6,1,32,6,-1,-1,-1,6,1,6
201606M014317,1,9,0,18,0,8,0,0,0,0,1,1,6,1,53,8,1598,1,7,5,1,5
201606M014380,1,9,0,18,0,1,0,0,0,0,3,1,6,1,45,7,-1,-1,-1,4,1,4
201606M014380,2,5,0,18,0,1,0,0,0,0,4,1,6,1,28,6,1293,1,1,6,2,6
201606M014490,1,9,0,6,0,0,0,0,0,0,1,1,6,1,60,9,1998,1,12,3,1,3
201606M014490,2,1,0,18,0,0,0,0,0,0,1,1,6,1,19,4,-1,-1,-1,6,1,6
201606M014627,1,1,0,18,9,8,0,0,0,0,1,1,2,1,20,4,-1,-1,-1,3,1,3
201606M014627,2,9,0,5,9,8,0,0,0,0,1,1,1,2,33,6,998,1,11,1,1,1
201606M014632,1,9,0,5,0,0,0,0,0,0,3,1,6,1,29,6,2204,2,9,3,1,3
201606M014632,2,3,0,18,0,0,1,0,0,0,2,1,6,1,25,5,124,1,18,9,1,9
201606M014669,1,9,0,8,0,8,0,0,0,0,1,1,6,1,69,10,1599,1,11,10,1,10
201606M014669,2,9,0,16,0,8,0,0,1,0,3,1,6,1,82,11,998,1,17,8,1,8
201606M014778,1,3,0,18,0,1,1,0,0,0,0,1,6,1,17,4,125,1,8,2,1,2
201606M014778,2,9,0,8,0,1,0,0,0,0,2,1,6,1,22,5,1398,1,4,10,1,10
201606M014850,1,9,0,18,0,1,0,0,0,0,1,1,2,2,61,9,998,1,1,10,1,10
201606M014850,2,9,0,18,0,1,0,0,0,0,2,1,6,2,41,7,1997,2,15,1,1,1
201606M015039,1,9,0,18,0,6,0,0,3,10,1,1,6,1,45,7,1797,8,2,9,1,9
201606M015121,1,9,0,9,0,5,0,0,0,0,1,1,6,1,68,10,1396,1,3,10,1,10
201606M015121,2,9,0,18,0,8,0,0,0,0,1,1,1,2,24,5,-1,-1,-1,2,1,2
201606M015126,1,9,0,18,0,1,0,0,0,0,2,1,2,2,46,8,1398,1,4,-1,-1,-1
201606M015126,2,9,0,18,0,1,0,0,0,0,2,1,2,2,46,8,998,1,1,-1,-1,-1
201606M015126,3,19,0,18,0,1,0,0,0,0,1,1,1,1,37,7,2402,2,7,3,1,3
201606M015172,1,9,0,5,0,0,0,0,0,0,4,1,6,1,34,6,1341,1,11,-1,-1,-1
201606M015804,1,9,0,9,0,8,0,0,0,0,1,1,6,2,36,7,1753,2,8,9,1,9
201606M015804,2,9,0,18,0,8,0,0,0,0,1,1,6,1,24,5,2035,1,11,8,1,8
201606M015965,1,9,0,9,0,8,0,0,0,0,4,1,2,1,38,7,1596,1,9,3,1,3
201606M015965,2,3,0,18,0,8,0,0,0,0,1,1,2,1,25,5,1649,1,4,4,1,4
201606M016071,1,9,0,9,0,5,0,0,0,0,1,1,1,1,34,6,1395,1,-1,7,1,7
201606M016071,2,1,0,18,0,8,0,0,0,0,4,1,1,1,30,6,-1,-1,-1,4,1,4
201606M016117,1,9,0,5,0,0,0,0,7,10,1,1,6,1,41,7,1796,1,9,7,1,7
201606M016207,1,9,0,1,0,8,0,0,0,0,1,1,6,1,30,6,1149,1,10,9,1,9
201606M016207,2,9,0,3,0,8,0,0,0,0,2,1,6,2,45,7,1242,1,1,9,1,9
201606M016217,1,9,0,4,0,4,0,0,0,0,1,1,2,1,49,8,1299,1,13,9,1,9
201606M016217,2,1,0,18,0,8,0,0,0,0,4,1,2,1,34,6,-1,-1,-1,3,1,3
201606M016252,1,9,0,18,9,0,0,0,1,0,1,1,6,3,-1,-1,-1,-1,-1,-1,-1,-1
201606M016305,1,9,0,7,0,8,0,0,0,0,1,1,2,1,37,7,1461,2,1,3,1,3
201606M016305,2,1,0,18,0,8,0,0,0,0,1,1,6,1,15,3,-1,-1,-1,5,1,5
201606M016372,1,3,0,9,0,6,0,0,0,0,4,1,1,1,20,4,124,1,6,4,1,4
201606M016372,2,9,0,18,0,8,0,0,0,0,1,1,2,1,57,9,1998,2,12,5,1,5
201606M016374,1,9,0,7,0,5,0,0,0,0,2,1,6,1,39,7,1332,1,7,6,1,6
201606M016537,1,9,0,18,0,6,0,0,0,0,1,1,6,3,-1,-1,-1,-1,-1,-1,-1,-1
201606M016537,2,9,0,18,0,8,0,0,0,0,3,1,6,1,29,6,-1,-1,-1,2,1,2
201606M016563,1,3,0,18,0,2,0,0,0,0,1,1,6,1,25,5,125,1,-1,-1,-1,-1
201606M016563,2,9,0,10,0,2,0,0,0,0,2,1,6,1,26,6,1968,2,-1,-1,-1,-1
201606M016719,1,5,0,16,0,1,0,10,2,2,1,1,6,1,21,5,656,1,3,9,1,9
201606M016736,1,9,0,17,0,0,0,0,0,0,3,1,6,1,30,6,-1,-1,-1,-1,-1,-1
201606M016736,2,9,0,16,0,0,0,0,0,0,3,1,6,1,43,7,-1,-1,-1,6,2,6
201606M016744,1,9,0,18,0,0,0,0,0,0,3,1,3,2,34,6,999,1,3,4,1,4
201606M016749,1,9,0,18,0,8,0,0,0,0,4,1,1,1,30,6,2993,2,3,-1,-1,-1
201606M016749,2,9,0,18,0,8,0,0,0,0,1,1,1,1,38,7,1497,8,8,5,1,5
201606M016859,1,9,0,3,0,0,0,0,0,0,3,1,6,1,33,6,-1,-1,-1,6,3,6
201606M016859,2,9,0,3,0,0,0,0,0,0,4,1,6,1,81,11,1242,1,12,5,1,5
201606M016891,1,9,0,18,0,0,0,0,0,0,1,1,6,1,30,6,-1,-1,-1,-1,-1,-1
201606M016891,2,1,0,12,0,0,0,0,0,0,2,1,2,1,34,6,-1,-1,-1,1,1,1
201606M016899,1,9,0,7,0,8,0,0,0,0,4,2,6,1,30,6,-1,-1,-1,-1,-1,-1
201606M016899,2,1,0,18,4,8,0,0,0,0,4,1,2,1,28,6,-1,-1,-1,4,1,4
201606M016909,1,9,0,9,0,8,0,0,0,0,3,1,1,2,29,6,998,1,3,4,1,4
201606M016909,2,1,0,18,0,8,5,0,0,0,1,1,6,1,69,10,-1,-1,-1,9,1,9
201606M016910,1,9,0,9,0,8,0,0,0,0,3,1,6,1,28,6,1199,1,17,2,1,2
201606M016910,2,2,0,18,0,8,0,0,0,0,4,1,6,1,18,4,49,1,1,4,1,4
201606M017024,1,9,0,18,0,2,0,0,0,0,4,1,2,1,33,6,1956,2,4,8,1,8
201606M017149,1,9,0,1,9,5,0,0,0,0,2,1,6,2,60,9,1299,1,14,9,1,9
201606M017156,1,9,0,9,0,5,0,0,0,0,1,1,6,1,67,10,2171,1,14,-1,1,-1
201606M017156,2,9,0,18,0,8,0,0,0,0,1,1,6,2,34,6,2993,2,12,1,1,1
201606M017178,1,8,0,7,0,3,0,0,0,0,3,1,6,1,43,7,1956,2,4,2,1,2
201606M017178,2,1,0,18,0,8,0,0,0,0,4,1,6,1,41,7,-1,-1,-1,4,1,4
201606M017198,1,9,0,18,0,0,0,0,0,0,4,1,6,2,50,8,1799,1,8,9,1,9
201606M017252,1,9,0,5,0,8,0,0,0,0,1,1,2,1,34,6,-1,-1,-1,-1,-1,-1
201606M017252,2,5,0,5,0,8,0,0,0,0,4,1,2,1,50,8,1170,1,9,-1,-1,-1
201606M017310,1,9,0,18,0,0,0,4,0,0,1,1,6,1,25,5,1984,1,18,4,1,4
201606M017310,2,9,0,4,0,0,0,0,0,0,1,1,6,1,43,7,1998,1,8,-1,-1,-1
201606M017310,3,9,0,2,0,0,0,0,0,0,1,1,6,2,60,9,1499,2,1,3,1,3
201606M017310,4,9,0,2,0,0,0,0,0,0,1,1,6,1,52,8,-1,-1,-1,3,1,3
201606M017320,1,9,0,9,0,8,0,0,0,0,4,1,2,1,41,7,2993,2,6,8,1,8
201606M017320,2,3,0,18,0,8,0,0,0,0,1,1,2,1,20,4,125,1,-1,2,1,2
201606M017382,1,9,0,14,0,8,0,0,0,0,4,1,6,1,72,10,1360,1,9,8,1,8
201606M017434,1,9,0,7,4,8,0,0,0,0,4,1,3,2,29,6,1360,1,14,2,1,2
201606M017434,2,1,0,18,4,8,0,0,0,0,1,1,2,1,38,7,-1,-1,-1,9,1,9
201606M017762,1,9,0,18,0,8,0,0,0,0,1,1,6,1,63,9,999,1,2,4,1,4
201606M017911,1,9,0,9,0,6,0,0,0,0,1,1,6,1,31,6,1398,1,-1,8,1,8
201606M017911,2,90,0,18,0,8,0,0,0,0,1,1,6,1,66,10,-1,-1,-1,8,1,8
201606M017921,1,9,0,18,0,0,1,10,0,0,1,1,6,1,48,8,1588,1,12,5,1,5
201606M017921,2,9,0,18,0,0,1,10,1,0,3,1,6,2,31,6,1984,1,9,7,1,7
201606M017949,1,9,0,9,0,8,0,0,0,0,1,1,6,1,30,6,-1,-1,-1,-1,-1,-1
201606M017949,2,1,0,18,0,8,0,0,0,0,1,1,6,1,31,6,-1,-1,-1,1,1,1
201606M018022,1,1,0,18,0,8,0,0,0,0,1,1,6,1,30,6,-1,-1,-1,-1,-1,-1
201606M018022,2,9,0,18,0,8,0,0,0,0,4,1,2,1,54,8,1998,2,13,8,1,8
201606M018023,1,9,0,17,0,0,2,0,7,0,4,1,2,2,29,6,1242,1,7,6,1,6
201606M018106,1,9,0,16,0,0,1,0,7,4,1,1,6,2,54,8,1798,1,4,10,1,10
201606M018106,2,9,0,2,0,0,0,0,0,0,3,1,6,2,30,6,2143,2,2,-1,-1,-1
201606M018150,1,9,0,18,0,8,0,0,0,0,1,1,6,2,46,8,1994,2,13,8,1,8
201606M018150,2,8,0,18,0,8,0,0,1,10,3,1,1,1,47,8,1968,2,2,2,1,2
201606M018215,1,8,0,18,0,0,0,0,0,0,1,1,1,1,39,7,1598,2,3,3,1,3
201606M018337,1,9,0,18,0,8,0,0,0,0,4,1,6,3,-1,-1,-1,-1,-1,-1,-1,-1
201606M018337,2,1,0,18,0,8,0,0,0,0,2,1,6,1,37,7,-1,-1,-1,-1,-1,-1
201606M018371,1,9,0,18,0,8,2,0,0,0,1,1,2,1,51,8,1769,1,16,5,1,5
201606M018371,2,9,0,18,0,8,0,0,0,0,1,1,2,1,43,7,1360,1,12,-1,-1,-1
201606M018705,1,9,0,9,0,8,0,0,0,0,1,1,2,2,59,9,1198,1,9,4,1,4
201606M018705,2,1,0,18,0,8,0,0,0,0,3,1,6,1,33,6,-1,-1,-1,10,1,10
201606M018878,1,9,0,18,0,8,0,0,0,0,3,1,6,1,26,6,1329,1,6,4,1,4
201606M018878,2,1,0,18,0,8,0,0,0,0,4,1,6,1,89,11,-1,-1,-1,3,1,3
201606M019073,1,9,0,4,0,1,0,0,0,0,1,1,6,2,30,6,1997,2,1,10,1,10
201606M019073,2,9,0,3,0,1,0,0,0,0,2,1,6,1,41,7,1686,2,13,9,1,9
201606M019083,1,9,0,18,0,1,0,0,0,0,1,1,6,1,26,6,1360,1,12,10,1,10
201606M019083,2,9,0,10,0,1,0,0,0,0,2,1,6,1,31,6,1329,1,3,1,1,1
201606M019338,1,9,0,9,0,8,0,0,0,0,1,1,6,2,22,5,-1,-1,-1,8,1,8
201606M019338,2,9,0,18,0,8,0,0,0,0,1,1,6,2,53,8,2000,2,5,7,1,7
201606M019383,1,9,0,18,0,1,0,0,0,0,1,1,6,1,23,5,1229,1,10,1,1,1
201606M019383,2,9,0,18,0,1,0,0,0,0,2,1,6,1,33,6,2967,1,14,1,1,1
201606M019383,3,9,0,3,0,1,0,0,0,0,2,1,6,1,49,8,1587,1,11,1,1,1
201606M019399,1,9,0,17,0,1,2,0,1,0,1,1,2,2,67,10,1988,1,12,9,1,9
201606M019459,1,9,0,9,0,8,0,0,0,0,1,1,6,2,18,4,1461,2,-1,1,1,1
201606M019459,2,9,0,18,0,8,5,0,0,0,3,1,1,2,27,6,1398,1,1,8,1,8
201606M019622,1,9,0,9,0,8,0,0,0,0,1,1,2,1,53,8,1493,2,11,6,1,6
201606M019622,2,1,0,18,4,8,0,0,0,0,1,1,6,1,43,7,-1,-1,-1,1,1,1
201606M019691,1,9,0,18,0,0,0,0,0,0,1,1,6,2,59,9,-1,-1,-1,8,1,8
201606M019691,2,3,0,18,0,0,0,0,0,0,1,1,6,1,30,6,-1,-1,-1,8,1,8
201606M019696,1,9,0,16,0,0,0,0,0,0,1,1,6,2,24,5,1598,1,8,9,1,9
201606M019696,2,9,0,17,0,0,0,0,0,0,1,1,6,1,52,8,-1,-1,-1,-1,2,-1
201606M019775,1,21,1,18,0,8,0,0,0,0,1,1,1,1,51,8,-1,-1,-1,2,1,2
201606M019775,2,9,0,10,0,8,0,0,0,0,1,1,6,2,40,7,-1,-1,-1,9,1,9
201606M019775,3,9,0,10,0,8,0,0,0,0,1,1,6,2,53,8,1560,2,1,-1,-1,-1
201606M020051,1,9,0,9,0,6,0,0,0,0,1,1,6,1,36,7,1242,1,14,9,1,9
201606M020158,1,90,0,18,0,6,0,0,0,0,3,1,1,1,54,8,-1,3,-1,1,1,1
201606M020158,2,9,0,18,0,8,0,0,0,0,1,1,2,1,30,6,1984,1,9,9,1,9
201606M020225,1,11,0,18,0,8,0,0,0,0,1,1,6,1,30,6,-1,-1,-1,-1,-1,-1
201606M020225,2,1,0,18,0,8,0,0,0,0,1,1,6,1,23,5,-1,-1,-1,3,1,3
201606M020298,1,9,0,18,0,8,0,0,0,0,4,1,6,1,33,6,1395,1,2,2,1,2
201606M020462,1,9,0,18,0,2,0,0,0,0,1,1,2,2,26,6,1349,1,7,7,1,7
201606M020466,1,9,0,9,0,8,0,0,0,0,4,1,2,1,46,8,1398,2,14,1,1,1
201606M020466,2,8,0,18,0,8,0,0,0,0,1,1,1,1,40,7,-1,-1,-1,3,1,3
201606M020511,1,9,0,18,0,8,0,0,0,0,4,1,6,1,32,6,1796,1,11,5,1,5
201606M020511,2,1,0,18,0,8,0,0,0,0,3,1,6,2,34,6,-1,-1,-1,4,1,4
201606M020566,1,9,0,18,0,8,0,0,0,0,1,1,6,2,47,8,1598,1,3,10,1,10
201606M020566,2,1,0,18,0,8,0,0,0,0,1,1,6,1,11,3,-1,-1,-1,-1,-1,-1
201606M020643,1,9,0,3,0,0,0,0,0,0,2,1,1,1,37,7,1364,2,6,-1,-1,-1
201606M020643,2,9,0,4,0,0,0,0,0,0,1,1,6,1,43,7,1598,1,10,-1,-1,-1
201606M020812,1,9,0,9,0,5,0,0,0,0,4,1,2,2,18,4,1360,1,10,2,1,2
201606M020812,2,1,0,18,0,8,0,0,0,0,3,1,1,1,54,8,-1,-1,-1,10,1,10
201606M020903,1,9,0,18,0,8,0,0,0,0,1,1,6,2,30,6,1339,8,10,8,1,8
201606M021221,1,9,0,9,0,6,0,0,0,0,3,1,6,2,44,7,-1,-1,-1,-1,-1,-1
201606M021221,2,5,0,18,0,8,2,0,0,0,1,1,6,1,79,11,883,1,11,9,1,9
201606M021494,1,9,0,18,0,0,0,0,0,0,3,1,1,1,34,6,1560,2,1,2,1,2
201606M021564,1,9,0,18,0,0,0,4,0,0,1,1,6,2,68,10,1398,1,5,10,1,10
201606M021564,2,9,0,2,0,0,0,0,0,0,2,1,6,3,-1,-1,1598,1,6,-1,-1,-1
201606M021593,1,9,0,9,0,8,0,0,0,0,1,1,1,1,42,7,1598,2,5,2,1,2
201606M021593,2,3,0,18,0,8,0,0,0,0,1,1,6,1,20,4,-1,-1,-1,4,1,4
201606M021632,1,9,0,9,0,5,0,0,0,0,4,1,6,2,50,8,1598,1,6,1,1,1
201606M021632,2,1,0,18,0,1,0,0,0,0,1,1,6,1,24,5,-1,-1,-1,4,1,4
201606M021914,1,9,0,9,0,8,0,0,0,0,2,1,6,2,71,10,1796,2,3,10,1,10
201606M022093,1,9,0,18,0,0,0,0,0,0,1,1,6,2,41,7,-1,-1,-1,10,1,10
201606M022093,2,9,0,3,0,0,0,0,0,0,2,1,6,2,23,5,1242,1,4,7,1,7
201606M022386,1,8,0,18,0,8,0,0,0,0,3,1,6,1,30,6,-1,-1,-1,-1,-1,-1
201606M022386,2,1,0,18,0,8,0,0,0,0,1,1,6,1,47,8,-1,-1,-1,-1,-1,-1
201606M022496,1,9,0,17,0,0,0,0,0,0,3,1,6,2,18,4,1397,1,9,8,1,8
201606M022496,2,9,0,16,0,0,0,0,0,0,3,1,1,1,33,6,1198,1,10,4,1,4
201606M022496,3,9,0,16,0,0,0,0,0,0,1,1,6,2,51,8,1229,1,6,7,1,7
201606M022496,4,9,0,16,0,0,0,0,0,0,1,1,6,2,20,4,-1,-1,-1,8,1,8
201606M022548,1,90,0,18,0,0,0,0,0,0,1,1,6,1,50,8,-1,-1,-1,5,1,5
201606M022548,2,1,0,18,0,0,0,0,0,0,1,1,6,1,13,3,-1,-1,-1,5,1,5
201606M022572,1,9,0,18,0,0,1,0,1,2,3,1,6,1,20,4,1995,1,16,1,1,1
201606M022575,1,9,0,7,0,5,0,0,0,0,1,1,6,2,45,7,2143,2,2,8,1,8
201606M022591,1,9,0,3,0,1,0,0,0,0,1,1,6,2,37,7,1149,1,7,8,1,8
201606M022591,2,9,0,18,0,1,0,0,0,0,2,1,6,2,49,8,1995,2,7,5,1,5
201606M022593,1,9,0,18,0,1,0,0,0,0,4,1,6,2,-1,-1,-1,-1,-1,-1,-1,-1
201606M022767,1,9,0,18,0,1,0,0,0,0,1,1,6,1,30,6,-1,-1,-1,-1,-1,-1
201606M022794,1,3,0,18,0,1,0,0,0,0,1,1,1,1,23,5,-1,-1,-1,1,1,1
201606M022794,2,9,0,9,0,2,0,0,0,0,1,1,1,1,41,7,1242,1,1,10,1,10
201606M022874,1,9,0,18,0,8,0,0,0,0,4,1,6,2,29,6,1798,1,3,3,1,3
201606M022874,2,9,0,18,0,8,0,0,0,0,1,1,6,2,37,7,2143,2,3,8,1,8
201606M022879,1,9,0,18,0,8,0,0,0,0,1,1,6,3,-1,-1,1149,1,9,-1,-1,-1
201606M022931,1,9,0,7,0,2,0,0,2,0,1,1,6,1,30,6,998,1,2,-1,-1,-1
201606M022959,1,9,0,9,0,8,0,0,0,0,4,1,6,2,36,7,1596,1,10,8,1,8
201606M022959,2,2,0,18,0,8,0,0,0,0,1,1,6,1,50,8,49,1,11,9,1,9
201606M023076,1,9,0,4,0,1,0,0,0,0,1,1,2,1,60,9,2191,2,1,-1,-1,-1
201606M023121,1,3,0,5,0,0,0,0,0,0,1,1,6,2,29,6,-1,-1,-1,4,1,4
201606M023121,2,8,0,3,0,0,0,0,0,0,4,1,6,1,55,8,1497,8,8,4,1,4
201606M023131,1,9,0,18,0,8,1,0,0,0,1,1,6,2,47,8,998,1,16,9,1,9
201606M023131,2,9,0,9,0,8,0,0,0,0,1,1,6,2,39,7,1995,2,1,10,1,10
201606M023218,1,9,0,7,4,6,0,0,0,0,1,1,6,2,30,6,999,1,-1,1,1,1
201606M023218,2,1,0,18,4,8,0,0,0,0,4,1,6,1,37,7,-1,-1,-1,10,2,10
201606M023224,1,9,0,9,0,8,0,0,0,0,1,1,6,1,32,6,-1,-1,-1,1,1,1
201606M023314,1,9,0,9,0,8,0,0,0,0,1,1,2,1,37,7,1390,1,7,2,1,2
201606M023314,2,9,0,18,0,8,0,0,0,0,1,1,2,1,20,4,1900,2,16,6,1,6
201606M023356,1,9,0,9,0,8,0,0,0,0,1,1,6,2,83,11,-1,-1,-1,2,1,2
201606M023356,2,9,0,18,0,8,0,0,0,0,4,1,6,1,38,7,1560,2,12,9,1,9
201606M023575,1,9,0,18,0,0,1,0,7,4,1,1,6,1,38,7,998,1,6,4,1,4
201606M023601,1,19,0,18,0,0,0,0,0,0,4,1,1,1,41,7,2198,2,-1,4,1,4
201606M023768,1,9,0,9,0,2,0,0,0,0,1,1,6,1,46,8,1685,2,3,10,1,10
201606M023810,1,9,0,18,0,8,0,0,0,0,1,1,1,1,24,5,1598,2,5,-1,-1,-1
201606M023810,2,1,0,9,0,8,0,0,0,0,3,1,4,1,12,3,-1,-1,-1,3,1,3
201606M023828,1,9,0,11,0,8,0,0,0,0,4,1,6,3,-1,-1,1560,2,2,-1,-1,-1
201606M023828,2,9,0,18,0,8,0,0,0,0,3,1,6,1,23,5,1968,2,10,2,1,2
201606M023828,3,9,0,18,0,8,0,0,0,0,1,1,6,2,45,7,1061,1,12,2,1,2
201606M023861,1,9,0,9,0,8,0,0,0,0,1,1,1,1,36,7,1598,2,3,5,1,5