Accident_Index,Vehicle_Reference,Vehicle_Type,Towing_and_Articulation,Vehicle_Manoeuvre,Vehicle_Location-Restricted_Lane,Junction_Location,Skidding_and_Overturning,Hit_Object_in_Carriageway,Vehicle_Leaving_Carriageway,Hit_Object_off_Carriageway,1st_Point_of_Impact,Was_Vehicle_Left_Hand_Drive?,Journey_Purpose_of_Driver,Sex_of_Driver,Age_of_Driver,Age_Band_of_Driver,Engine_Capacity_(CC),Propulsion_Code,Age_of_Vehicle,Driver_IMD_Decile,Driver_Home_Area_Type,Vehicle_IMD_Decile
201606M023861,2,1,0,18,0,8,0,0,0,0,1,1,6,1,13,3,-1,-1,-1,9,1,9
201606M023893,1,9,0,9,0,5,0,0,0,0,1,1,6,2,65,9,998,1,9,3,1,3
201606M023893,2,9,0,18,0,8,0,0,0,0,1,1,6,1,20,4,1995,2,3,7,1,7
201606M023904,1,9,0,9,0,8,0,0,0,0,3,1,6,1,66,10,2143,2,6,2,1,2
201606M023904,2,9,0,18,0,8,0,0,0,0,1,1,6,2,32,6,1396,1,15,1,1,1
201606M023909,1,21,4,18,0,8,0,0,0,0,3,1,1,1,30,6,-1,-1,-1,3,1,3
201606M023909,2,9,0,9,0,8,0,0,0,0,1,1,6,1,39,7,1969,2,1,9,1,9
201606M023933,1,9,0,10,0,8,0,0,0,0,0,1,6,3,-1,-1,-1,-1,-1,-1,-1,-1
201606M023933,2,8,0,18,0,8,0,0,0,0,0,1,1,1,52,8,-1,-1,-1,2,1,2
201606M023963,1,9,0,18,0,0,0,0,0,0,4,1,6,2,30,6,1149,1,10,5,1,5
201606M024009,1,1,0,9,0,8,0,0,0,0,4,1,6,2,41,7,-1,-1,-1,-1,-1,-1
201606M024009,2,1,0,18,0,8,2,0,0,0,1,1,6,2,21,5,-1,-1,-1,-1,-1,-1
201606M024261,1,9,0,5,0,1,0,0,0,0,1,1,2,1,32,6,1149,1,9,3,1,3
201606M024314,1,9,0,18,0,0,0,0,0,0,4,1,6,1,56,9,1461,2,12,8,1,8
201606M024314,2,1,0,18,8,0,0,0,0,0,0,1,6,1,50,8,-1,-1,-1,8,1,8
201606M024626,1,8,0,18,0,1,0,0,0,0,3,2,6,3,-1,-1,2402,2,11,6,1,6
201606M024638,1,9,0,16,9,8,1,0,3,10,1,1,6,1,31,6,1395,1,2,1,1,1
201606M024957,1,90,0,18,0,8,0,0,0,0,1,1,6,1,30,6,-1,-1,-1,-1,-1,-1
201606M024957,2,1,0,18,0,8,0,0,0,0,1,1,6,1,11,3,-1,-1,-1,9,1,9
201606M024962,1,90,0,9,0,6,0,0,0,0,1,1,6,1,30,6,-1,-1,-1,-1,-1,-1
201606M024962,2,9,0,3,0,8,0,0,0,0,1,1,1,1,23,5,1598,1,9,8,1,8
201606M025031,1,9,0,18,0,4,0,0,0,0,1,1,2,1,34,6,1995,2,-1,1,1,1
201606M025031,2,1,0,18,0,4,0,0,0,0,3,1,2,2,24,5,-1,-1,-1,5,1,5
201606M025076,1,9,0,18,0,8,0,0,0,0,1,1,6,1,-1,-1,-1,-1,-1,-1,-1,-1
201606M025076,2,1,0,18,0,8,0,0,0,0,1,1,6,2,61,9,-1,-1,-1,9,1,9
201606M025157,1,9,0,18,0,1,0,0,0,0,1,1,6,1,40,7,1998,8,1,9,1,9
201606M025157,2,9,0,18,0,1,0,0,0,0,2,1,6,1,48,8,1997,2,-1,3,1,3
201606M025157,3,9,0,18,0,1,0,0,0,0,3,1,6,2,42,7,1598,2,2,-1,-1,-1
201606M025157,4,9,0,18,0,1,0,0,0,0,3,1,6,1,70,10,1560,2,4,-1,-1,-1
201606M025288,1,5,0,18,0,8,0,0,0,0,1,1,6,1,34,6,599,1,28,2,1,2
201606M025288,2,9,0,5,0,8,0,0,0,0,1,1,6,1,58,9,-1,-1,-1,10,1,10
201606ME17596,1,9,0,18,0,0,0,0,0,0,1,1,6,2,75,10,1390,2,12,5,1,5
201606ME17596,2,9,0,18,0,0,0,0,0,0,1,1,6,1,42,7,1956,2,3,1,1,1
201606ME24161,1,9,0,16,0,5,1,0,0,0,1,1,1,1,30,6,1390,1,7,10,1,10
201606ME24161,2,9,0,17,0,5,0,0,0,0,1,1,3,2,40,7,1242,1,4,4,1,4
201606ME24161,3,9,0,2,0,2,0,0,0,0,1,1,6,1,30,6,998,1,4,2,1,2
201606ME25205,1,9,0,18,0,2,0,0,0,0,1,1,6,1,67,10,1991,1,1,4,1,4
201606ME25205,2,9,0,18,0,1,0,0,0,0,3,1,6,2,64,9,-1,-1,-1,10,1,10
201606N010398,1,9,0,9,0,6,0,0,0,0,1,1,6,1,44,7,1560,2,3,7,1,7
201606N010398,2,9,0,18,0,8,0,0,0,0,1,1,6,2,74,10,999,1,4,7,1,7
201606N010520,1,9,0,18,0,1,0,0,0,0,1,1,6,3,-1,-1,-1,-1,-1,-1,-1,-1
201606N010520,2,9,0,9,0,1,0,0,0,0,2,1,6,2,32,6,1360,1,9,6,1,6
201606N010586,1,9,0,9,0,2,0,0,0,0,1,1,6,2,42,7,2494,1,22,1,1,1
201606N010755,1,9,0,18,0,0,0,0,0,0,1,1,6,1,19,4,1999,2,13,-1,-1,-1
201606N010852,1,9,0,18,0,8,0,0,0,0,1,1,6,1,30,6,1390,1,15,1,1,1
201606N010852,2,11,0,18,0,8,0,0,0,0,1,1,1,1,52,8,6370,2,16,5,1,5
201606N010852,3,9,0,18,0,8,0,0,0,0,1,1,6,2,30,6,2171,1,15,2,1,2
201606N011193,1,9,0,7,0,6,0,0,0,0,1,1,1,2,31,6,2000,2,10,2,1,2
201606N011193,2,9,0,18,0,8,0,0,0,0,2,1,6,2,21,5,998,1,4,6,1,6
201606N011222,1,9,0,18,0,0,0,4,0,0,1,1,6,1,41,7,1360,1,10,-1,-1,-1
201606N011222,2,9,0,2,0,0,0,0,0,0,1,1,6,2,30,6,1984,1,9,3,1,3
201606N011283,1,9,0,9,0,5,0,0,0,0,1,1,1,1,23,5,-1,-1,-1,1,1,1
201606N011517,1,9,0,5,0,0,0,0,0,0,3,1,6,1,55,8,1368,1,6,4,1,4
201606N011517,2,3,0,5,0,0,0,0,0,0,1,1,1,1,53,8,-1,-1,-1,5,1,5
201606N011613,1,9,0,18,0,0,0,10,1,0,1,1,6,2,59,9,-1,-1,-1,1,1,1
201606N011613,2,9,0,18,0,0,0,10,2,0,1,1,2,2,34,6,1368,1,7,3,1,3
201606N011627,1,4,0,10,0,8,0,0,0,0,1,1,2,1,23,5,600,1,23,4,1,4
201606N011627,2,9,0,10,0,8,0,0,0,0,1,1,6,1,39,7,3436,1,6,8,1,8
201606N012114,1,2,0,4,0,1,1,0,0,0,1,1,6,1,16,4,-1,-1,-1,5,1,5
201606N012114,2,9,0,10,0,1,0,0,0,0,2,1,6,2,62,9,-1,-1,-1,1,1,1
201606N012196,1,9,0,3,0,2,0,0,0,0,1,1,6,1,30,6,-1,-1,-1,-1,-1,-1
201606N012196,2,9,0,3,0,2,0,0,0,0,2,1,1,1,58,9,2198,1,15,5,1,5
201606N012510,1,19,0,18,0,2,0,0,0,0,1,1,6,1,28,6,1998,2,16,-1,-1,-1
201606N012510,2,9,0,18,0,2,0,0,0,0,2,1,6,2,40,7,2980,2,19,7,1,7
201606N012518,1,9,0,18,0,2,0,0,0,0,4,1,6,1,29,6,2979,1,1,6,1,6
201606N012518,2,9,0,9,0,1,0,0,0,0,1,1,6,1,55,8,1896,2,10,2,1,2
201606N012545,1,9,0,18,0,8,0,0,0,0,4,1,6,2,54,8,1560,2,8,2,1,2
201606N012660,1,9,0,9,0,3,0,0,0,0,1,1,6,1,38,7,1798,1,8,2,1,2
201606N012660,2,1,0,18,0,4,0,0,0,0,0,1,6,1,30,6,-1,-1,-1,-1,-1,-1
201606N012780,1,9,0,18,0,8,0,0,0,0,1,1,2,2,54,8,1984,1,6,8,1,8
201606N012780,2,9,0,18,0,8,0,0,0,0,1,1,3,2,39,7,998,1,6,8,1,8
201606N012792,1,9,0,5,0,4,0,0,0,0,3,1,2,2,22,5,1242,1,2,9,1,9
201606N012792,2,20,0,5,0,4,0,0,0,0,1,1,1,1,47,8,4461,2,6,7,2,7
201606N012904,1,9,0,18,0,4,0,0,0,0,4,1,6,1,21,5,1242,1,14,9,1,9
201606N012904,2,2,0,18,0,3,2,0,0,0,4,1,6,1,23,5,49,1,10,1,1,1
201606N012959,1,9,0,2,0,0,0,0,0,0,3,1,6,1,30,6,2435,1,14,-1,-1,-1
201606N012959,2,2,0,18,0,0,0,0,0,0,0,1,6,2,42,7,-1,-1,-1,7,1,7
201606N013191,1,9,0,16,0,2,0,0,0,0,1,1,6,1,30,6,1149,1,15,-1,-1,-1
201606N013191,2,10,0,2,0,1,0,0,0,0,4,1,6,1,47,8,-1,-1,-1,1,1,1
201606N013390,1,9,0,9,0,3,0,0,0,0,1,1,2,1,51,8,1388,1,9,5,1,5
201606N013418,1,9,0,18,0,1,0,0,0,0,1,1,6,1,77,11,998,1,6,2,1,2
201606N013455,1,1,0,7,0,6,0,0,0,0,1,1,6,1,45,7,-1,-1,-1,-1,-1,-1
201606N013455,2,9,0,18,0,8,0,0,0,0,4,1,6,1,24,5,1794,1,12,6,1,6
201606N013668,1,9,0,13,0,0,0,0,0,0,0,1,6,1,30,6,1339,1,9,-1,-1,-1
201606N013668,2,11,0,18,0,0,0,0,0,0,0,1,1,1,47,8,6370,2,16,1,1,1
201606N013700,1,9,0,18,0,1,5,0,8,10,1,1,6,2,20,4,1242,1,6,-1,-1,-1
201606N013787,1,9,0,9,0,5,0,0,0,0,4,1,6,2,49,8,-1,-1,-1,2,1,2
201606N013787,2,3,0,18,0,8,0,0,0,0,1,1,6,1,21,5,-1,-1,-1,1,1,1
201606N013930,1,9,0,17,0,0,0,0,0,0,1,1,6,1,30,6,1968,2,9,8,1,8
201606N013930,2,21,0,2,0,0,0,0,0,0,1,1,1,1,44,7,4461,2,4,3,1,3
201606N013930,3,9,0,2,0,0,0,0,0,0,3,1,6,3,-1,-1,1798,1,8,-1,-1,-1
201606N013930,4,9,0,2,0,0,0,0,0,0,3,1,6,3,-1,-1,1968,2,3,-1,-1,-1
201606N013959,1,1,0,18,0,0,0,10,0,0,1,1,6,1,83,11,-1,-1,-1,9,1,9
201606N014002,1,9,0,9,0,6,0,0,0,0,1,1,6,2,30,6,-1,-1,-1,-1,-1,-1
201606N014002,2,1,0,18,0,8,0,0,0,0,2,1,6,1,15,3,-1,-1,-1,3,1,3
201606N014111,1,9,0,18,0,1,0,0,0,0,1,1,6,2,29,6,1598,1,12,1,1,1
201606N014111,2,9,0,10,0,1,0,0,0,0,2,1,6,2,54,8,1997,1,12,10,1,10
201606N014248,1,9,0,18,0,2,0,0,0,0,1,1,6,2,44,7,1389,1,14,5,1,5
201606N014478,1,9,0,18,0,8,0,0,0,0,1,1,6,1,51,8,1896,2,11,5,2,5
201606N014478,2,9,0,18,0,8,0,0,0,0,3,1,6,2,24,5,998,1,2,-1,-1,-1
201606N014527,1,9,0,5,0,8,0,0,0,0,1,1,6,2,21,5,1199,1,14,3,1,3
201606N014527,2,9,0,18,0,8,0,0,0,0,1,1,6,1,57,9,1997,1,1,4,1,4
201606N014656,1,9,0,18,0,8,0,0,0,0,3,1,6,2,38,7,1364,2,1,2,1,2
201606N014657,1,5,0,14,0,1,1,0,0,0,1,1,6,1,29,6,748,1,12,4,1,4
201606N014657,2,9,0,9,0,2,0,0,0,0,1,1,2,1,29,6,1896,2,11,2,1,2
201606N014660,1,9,0,18,0,0,0,0,8,10,1,1,6,2,18,4,1242,1,4,2,1,2
201606N014788,1,9,0,18,0,2,0,0,0,0,1,1,6,2,60,9,1296,1,8,6,1,6
201606N014788,2,9,0,18,0,2,0,0,0,0,2,1,6,1,60,9,1798,1,12,10,1,10
201606N014829,1,19,0,18,0,0,0,0,0,0,1,1,6,1,31,6,2198,2,3,4,1,4
201606N014829,2,9,0,18,0,0,0,0,0,0,2,1,6,2,53,8,2179,2,2,-1,-1,-1
201606N014829,3,9,0,18,0,0,0,0,0,0,2,1,6,1,40,7,2967,2,1,5,1,5
201606N014934,1,9,0,11,0,1,0,0,0,0,4,1,6,3,-1,-1,-1,-1,-1,-1,-1,-1
201606N014934,2,4,0,18,0,1,0,0,0,0,3,1,6,1,32,6,124,1,5,2,1,2
201606N014993,1,9,0,18,0,0,0,0,0,0,1,1,1,1,39,7,-1,-1,-1,6,1,6
201606N014993,2,21,1,18,0,0,1,0,0,0,1,1,1,1,33,6,10518,2,2,-1,-1,-1
201606N015120,1,9,0,18,0,1,0,0,0,0,4,1,1,1,32,6,1796,1,9,3,1,3
201606N015384,1,9,0,18,0,8,1,0,0,0,1,1,6,1,22,5,2000,2,10,3,1,3
201606N015384,2,9,0,9,0,8,0,0,0,0,1,1,6,1,57,9,1493,2,11,6,1,6
201606N015681,1,9,0,9,0,6,0,0,0,0,1,1,6,2,30,6,-1,-1,-1,-1,-1,-1
201606N015681,2,3,0,18,0,1,5,0,0,0,1,1,6,1,25,5,124,1,12,1,1,1
201606N015769,1,9,0,13,0,0,1,0,0,10,4,1,6,1,27,6,1796,2,4,3,1,3
201606N015769,2,90,0,18,0,0,0,0,0,0,1,1,6,1,49,8,-1,-1,-1,7,1,7
201606N015769,3,9,0,2,0,0,0,0,0,0,3,1,6,3,-1,-1,1870,2,13,-1,-1,-1
201606N015769,4,9,0,2,0,0,0,0,0,0,3,1,6,3,-1,-1,1995,2,1,-1,-1,-1
201606N015791,1,9,0,18,0,1,0,0,0,0,4,1,6,1,43,7,1910,2,11,5,1,5
201606N015800,1,9,0,9,0,8,0,0,0,0,4,1,3,2,31,6,1360,1,14,1,1,1
201606N015800,2,9,0,18,0,8,0,0,0,0,1,1,6,2,43,7,1240,1,9,4,3,4
201606N015849,1,9,0,18,0,0,0,4,0,0,1,1,2,2,19,4,1198,1,8,6,3,6
201606N015849,2,8,0,2,0,0,0,4,0,0,1,1,6,1,31,6,1986,2,7,1,1,1
201606N015849,3,9,0,2,0,0,0,0,0,0,1,1,6,1,49,8,1995,2,2,2,1,2
201606N015942,1,9,0,18,0,0,0,0,0,0,1,1,6,1,22,5,1998,1,13,1,1,1
201606N015942,2,9,0,18,0,0,0,0,0,0,0,1,1,1,30,6,2993,2,2,-1,-1,-1
201606N015942,3,9,0,18,0,0,0,0,0,0,1,1,6,2,36,7,-1,-1,-1,10,1,10
201606N015942,4,9,0,18,0,0,0,0,0,0,1,1,6,2,30,6,998,1,7,3,1,3
201606N016021,1,20,0,9,0,6,0,0,0,0,1,1,1,1,28,6,6374,2,2,-1,-1,-1
201606N016021,2,9,0,3,0,1,0,0,0,0,0,1,6,2,47,8,1997,2,1,9,1,9
201606N016022,1,9,0,16,0,0,0,0,0,0,1,1,6,3,-1,-1,1299,1,15,-1,-1,-1
201606N016022,2,9,0,18,0,0,0,0,0,0,1,1,6,2,21,5,1398,1,-1,3,1,3
201606N016066,1,9,0,18,0,1,1,0,0,0,1,1,1,1,34,6,-1,-1,-1,2,1,2
201606N016066,2,9,0,9,0,6,1,0,0,0,1,1,1,2,26,6,1398,1,2,7,3,7
201606N016157,1,9,0,18,0,0,0,0,0,0,4,1,6,2,62,9,1597,1,6,10,1,10
201606N016170,1,9,0,13,0,0,2,0,0,0,1,1,2,1,39,7,1199,1,13,1,1,1
201606N016170,2,9,0,16,0,0,0,0,0,0,2,1,6,3,-1,-1,-1,-1,-1,-1,-1,-1
201606N016323,1,9,0,8,0,1,0,0,0,0,1,1,6,1,81,11,1496,2,1,7,1,7
201606N016377,1,90,0,7,0,6,0,0,0,0,2,1,6,2,53,8,2461,2,13,2,1,2
201606N016377,2,9,0,18,0,8,0,0,0,0,4,1,6,1,43,7,-1,-1,-1,10,1,10
201606N016640,1,9,0,18,0,2,0,0,0,0,1,1,2,1,30,6,1248,1,3,7,1,7
201606N016640,2,9,0,18,0,2,0,0,0,0,2,1,2,2,49,8,1598,1,9,8,1,8
201606N016640,3,90,0,18,0,2,0,0,0,0,1,1,2,1,30,6,-1,-1,-1,-1,-1,-1
201606N016721,1,9,0,18,0,1,0,0,0,0,1,1,6,1,26,6,1998,1,10,8,1,8
201606N016721,2,9,0,18,0,2,0,0,0,0,1,1,6,2,62,9,1991,2,6,1,1,1
201606N016807,1,9,0,18,0,2,0,4,0,1,0,1,3,1,45,7,1242,1,13,5,1,5
201606N016807,2,9,0,3,0,2,0,0,0,0,2,1,6,1,48,8,1997,2,8,-1,-1,-1
201606N016851,1,9,0,18,0,1,0,0,0,0,3,1,6,2,43,7,-1,-1,-1,1,1,1
201606N016862,1,9,0,9,0,1,0,7,0,1,1,1,6,2,20,4,999,1,2,9,1,9
201606N016870,1,9,0,4,0,0,0,0,0,0,1,1,6,2,53,8,1396,1,4,10,1,10
201606N016969,1,9,0,18,0,0,0,0,0,0,4,1,4,1,22,5,1229,1,8,2,1,2
201606N017171,1,9,0,7,0,8,0,0,0,0,1,1,6,2,29,6,1598,2,5,3,1,3
201606N017171,2,1,0,18,0,8,0,0,0,0,1,1,6,1,41,7,-1,-1,-1,10,1,10
201606N017190,1,9,0,9,0,6,0,0,0,0,1,1,6,2,62,9,1998,1,10,-1,-1,-1
201606N017190,2,9,0,14,0,1,0,0,0,0,1,1,6,1,82,11,1498,1,6,8,1,8
201606N017207,1,9,0,18,0,0,2,0,1,10,1,1,6,1,26,6,1124,1,15,1,1,1
201606N017215,1,9,0,9,0,8,0,0,0,0,4,1,6,2,75,10,1198,1,10,1,1,1
201606N017215,2,1,0,18,0,8,0,0,0,0,1,1,6,1,43,7,-1,-1,-1,8,1,8
201606N017217,1,3,0,18,0,6,0,0,0,0,1,1,6,1,28,6,124,1,16,1,1,1
201606N017217,2,9,0,18,0,8,0,0,0,0,3,1,6,1,45,7,1997,2,12,-1,-1,-1
201606N017388,1,9,0,18,0,4,0,0,0,0,1,1,6,1,53,8,1229,1,3,8,1,8
201606N017473,1,19,0,9,0,5,0,0,0,0,1,1,1,1,48,8,2402,2,13,-1,-1,-1
201606N017473,2,1,0,18,0,8,0,0,0,0,1,1,1,1,51,8,-1,-1,-1,7,1,7
201606N017605,1,9,0,7,0,8,0,0,0,0,2,1,6,3,-1,-1,-1,-1,-1,-1,-1,-1
201606N017605,2,1,0,18,0,8,1,0,0,0,1,1,2,1,54,8,-1,-1,-1,4,1,4
201606N017653,1,9,0,18,0,8,0,0,0,0,1,1,6,3,-1,-1,-1,-1,-1,-1,-1,-1
201606N017653,2,1,0,18,0,8,0,0,0,0,1,1,6,1,56,9,-1,-1,-1,1,1,1
201606N017738,1,9,0,9,0,2,0,0,0,0,1,1,6,1,22,5,1896,2,10,1,1,1
201606N017738,2,9,0,18,0,2,0,0,0,0,4,1,6,2,25,5,1242,1,4,8,1,8
201606N017757,1,8,0,6,0,0,1,0,0,0,1,1,1,1,41,7,1997,2,10,9,1,9
201606N017757,2,8,0,18,0,0,1,0,1,1,1,1,6,1,22,5,1998,1,9,5,1,5
201606N017761,1,9,0,4,0,8,1,0,0,0,2,1,1,1,51,8,-1,-1,-1,2,1,2
201606N017761,2,9,0,4,0,8,1,0,0,0,2,1,2,2,27,6,1598,2,4,4,1,4
201606N017761,3,9,0,4,0,8,0,0,0,0,2,1,6,1,25,5,1242,1,6,2,1,2
201606N017978,1,9,0,4,0,1,0,0,0,0,1,1,6,2,32,6,-1,-1,-1,6,1,6
201606N017978,2,1,0,18,9,1,0,0,0,0,1,1,6,1,16,4,-1,-1,-1,4,1,4
201606N018459,1,9,0,14,0,8,0,0,0,0,1,1,1,1,42,7,1390,1,11,5,1,5
201606N018459,2,9,0,9,0,8,0,10,4,1,1,1,1,1,48,8,1995,2,2,3,1,3
201606N018459,3,8,0,3,0,1,0,0,0,0,1,1,1,1,60,9,1998,2,8,2,1,2
201606N018572,1,9,0,9,0,6,0,0,0,0,1,1,2,1,54,8,2148,2,13,1,1,1
201606N018572,2,9,0,18,0,8,0,0,0,0,3,1,2,2,22,5,1598,1,9,8,1,8
201606N018625,1,3,0,13,0,8,0,0,0,0,1,1,6,1,21,5,124,1,12,4,1,4
201606N018625,2,9,0,9,0,8,0,0,0,0,4,1,6,1,47,8,998,1,11,2,1,2
201606N018625,3,9,0,8,0,1,0,0,0,0,0,1,6,2,41,7,-1,-1,-1,5,1,5
201606N018815,1,9,0,18,0,8,0,0,0,0,1,1,1,1,54,8,1598,1,15,-1,-1,-1
201606N018815,2,1,0,18,0,8,0,0,0,0,2,1,6,1,15,3,-1,-1,-1,-1,-1,-1
201606N019171,1,9,0,9,0,5,0,0,0,0,3,1,6,2,66,10,1390,1,10,6,1,6
201606N019171,2,9,0,5,0,8,0,0,0,0,1,1,6,2,24,5,-1,-1,-1,9,1,9
201606N019340,1,9,0,18,0,8,0,0,0,0,1,1,6,1,36,7,-1,-1,-1,9,1,9
201606N019340,2,1,0,18,0,1,0,0,0,0,4,1,6,1,9,2,-1,-1,-1,4,1,4
201606N019390,1,1,0,18,0,0,0,0,0,0,4,1,6,1,9,2,-1,-1,-1,2,1,2
201606N019390,2,9,0,18,0,0,0,0,0,0,1,1,6,2,42,7,1398,1,2,2,1,2
201606N019409,1,9,0,18,0,0,0,0,0,0,1,1,6,1,65,9,2720,2,11,1,1,1
201606N019436,1,9,0,5,0,6,0,0,0,0,0,1,6,3,-1,-1,-1,-1,-1,-1,-1,-1
201606N019436,2,11,0,4,0,8,0,0,0,0,0,1,1,1,32,6,9000,2,9,5,1,5
201606N019484,1,9,0,5,0,0,0,0,1,10,1,1,6,2,80,11,1497,8,4,8,1,8
201606N019620,1,9,0,13,0,1,0,0,0,0,4,1,6,1,52,8,1587,1,10,5,1,5
201606N019620,2,90,0,4,0,1,0,0,7,10,3,1,6,1,45,7,-1,-1,-1,-1,-1,-1
201606N019627,1,9,0,18,0,1,0,0,0,0,3,1,6,2,50,8,973,1,13,5,1,5
201606N019716,1,9,0,18,0,0,0,0,2,10,1,1,6,1,19,4,-1,-1,-1,5,1,5
201606N019834,1,90,0,9,0,3,0,0,0,0,4,1,1,1,34,6,-1,-1,-1,9,1,9
201606N020059,1,9,0,7,0,8,0,0,0,0,1,1,2,2,30,6,998,1,2,1,1,1
201606N020059,2,1,0,18,0,8,0,0,1,0,2,1,2,1,31,6,-1,-1,-1,8,1,8
201606N020063,1,5,0,18,0,4,0,0,0,0,1,1,6,1,25,5,599,1,9,-1,-1,-1
201606N020063,2,9,0,18,0,8,0,0,0,0,4,1,6,1,78,11,2401,2,9,9,1,9
201606N020160,1,9,0,18,0,0,0,0,0,0,1,1,1,1,56,9,1794,1,12,-1,-1,-1
201606N020160,2,9,0,2,0,0,0,0,0,0,4,1,6,3,49,8,1910,2,8,3,1,3
201606N020160,3,9,0,2,0,0,0,0,0,0,1,1,6,3,-1,-1,1995,1,9,1,1,1
201606N020227,1,9,0,18,0,1,0,0,0,0,1,1,2,1,22,5,2143,2,4,7,1,7
201606N020431,1,9,0,6,0,0,0,0,0,0,1,1,1,1,35,6,1896,2,9,-1,-1,-1
201606N020431,2,1,0,18,0,0,0,0,0,0,1,1,1,1,56,9,-1,-1,-1,7,1,7
201606N020434,1,9,0,5,0,1,0,0,0,0,1,1,6,3,-1,-1,998,1,13,-1,-1,-1
201606N020434,2,8,0,3,0,1,0,0,0,0,2,1,1,2,45,7,1796,1,6,3,1,3
201606N020532,1,9,0,18,0,0,2,0,1,2,1,1,6,1,30,6,1895,1,16,-1,-1,-1
201606N020558,1,9,0,5,0,8,0,0,0,0,1,1,2,1,42,7,1598,1,4,2,1,2
201606N020561,1,9,0,4,0,1,0,0,0,0,4,1,6,1,30,6,-1,-1,-1,-1,-1,-1
201606N020569,1,19,0,16,0,0,0,0,0,0,4,1,2,1,38,7,-1,-1,-1,10,2,10
201606N020569,2,1,0,16,0,0,0,0,0,0,2,1,1,1,50,8,-1,-1,-1,1,1,1
201606N020682,1,9,0,9,0,5,0,0,0,0,4,1,6,1,30,6,1995,2,2,-1,-1,-1
201606N020682,2,3,0,18,0,8,0,0,0,0,1,1,6,1,45,7,125,1,2,10,1,10
201606N020834,1,9,0,18,0,8,0,0,0,0,3,1,6,1,60,9,1956,2,1,-1,-1,-1
201606N020834,2,3,0,18,0,8,0,0,0,0,1,1,6,1,20,4,124,1,10,3,1,3
201606N020842,1,9,0,18,0,1,0,0,0,0,1,1,6,1,60,9,1896,2,15,2,1,2
201606N020842,2,1,0,18,0,2,0,0,0,0,1,1,6,1,35,6,-1,-1,-1,9,1,9
201606N020854,1,9,0,18,0,2,0,0,0,0,1,1,2,2,27,6,1242,1,2,4,1,4
201606N020854,2,9,0,3,0,2,0,0,0,0,1,1,3,1,42,7,-1,-1,-1,1,1,1
201606N020854,3,9,0,3,0,2,0,0,0,0,2,1,2,2,45,7,1396,1,1,8,1,8
201606N021042,1,19,0,9,0,8,0,0,0,0,3,1,1,1,34,6,1968,2,1,2,1,2
201606N021042,2,9,0,18,0,8,0,0,0,0,1,1,2,2,59,9,998,1,2,4,1,4
201606N021062,1,90,0,12,0,0,0,0,0,0,0,1,6,3,-1,-1,-1,-1,-1,-1,-1,-1
201606N021062,2,9,0,18,0,0,0,0,0,0,2,1,6,1,60,9,1968,2,5,9,2,9
201606N021062,3,9,0,18,0,0,0,0,0,0,1,1,6,2,26,6,-1,-1,-1,9,1,9
201606N021244,1,9,0,9,0,2,0,0,0,0,1,1,6,2,23,5,1339,1,3,5,1,5
201606N021514,1,9,0,18,0,0,0,0,0,0,1,1,6,2,33,6,998,1,11,1,1,1
201606N021552,1,9,0,18,0,8,0,0,0,0,1,1,6,1,18,4,1229,1,7,3,1,3
201606N021552,2,9,0,5,0,8,0,0,0,0,3,1,6,1,56,9,1229,1,11,2,1,2
201606N021636,1,9,0,9,0,8,0,0,0,0,1,1,6,1,58,9,1956,2,1,8,1,8
201606N021638,1,9,0,18,0,1,0,0,0,0,1,1,1,1,27,6,1497,8,9,2,1,2
201606N021656,1,9,0,18,0,8,0,0,0,0,1,1,6,1,26,6,999,1,-1,1,1,1
201606N021656,2,9,0,3,0,8,0,0,0,0,2,1,6,2,37,7,1496,2,1,3,1,3
201606N021656,3,9,0,3,0,8,0,0,0,0,2,1,6,2,44,7,1598,1,10,7,1,7
201606N021656,4,9,0,3,0,8,0,0,0,0,2,1,1,1,40,7,1968,2,10,2,1,2
201606N021703,1,9,0,9,0,8,0,0,0,0,4,1,6,1,19,4,1149,1,8,-1,-1,-1
201606N021703,2,9,0,18,0,8,0,0,0,0,1,1,6,1,80,11,1398,2,4,7,1,7
201606N021709,1,9,0,7,0,6,0,0,0,0,4,1,2,1,35,6,1586,1,1,3,1,3
201606N021743,1,9,0,16,0,2,0,0,1,4,1,1,1,1,38,7,1956,2,5,7,1,7
201606N021966,1,9,0,5,0,0,0,0,0,0,1,1,1,1,33,6,-1,-1,-1,3,1,3
201606N022061,1,9,0,5,0,8,0,0,0,0,4,1,1,1,47,8,-1,-1,-1,8,1,8
201606N022127,1,90,0,18,0,1,0,0,0,0,1,1,6,1,93,11,-1,-1,-1,5,1,5
201606N022127,2,90,0,10,0,1,0,0,0,0,2,1,6,1,58,9,-1,-1,-1,7,1,7
201606N022172,1,9,0,18,0,8,0,0,1,0,3,1,6,1,29,6,1197,1,2,4,1,4
201606N022172,2,9,0,18,0,8,0,0,0,0,1,1,6,1,22,5,1997,2,8,9,1,9
201606N022222,1,9,0,17,0,8,0,0,0,0,1,1,6,3,-1,-1,1587,1,11,-1,-1,-1
201606N022222,2,8,0,16,0,8,0,0,0,0,1,1,1,1,50,8,1995,2,9,2,1,2
201606N022761,1,9,0,9,0,6,0,0,0,0,1,1,6,1,23,5,998,1,14,2,1,2
201606N022806,1,9,0,9,0,8,0,0,0,0,4,1,1,1,69,10,1798,1,16,6,1,6