Accident_Index,Vehicle_Reference,Vehicle_Type,Towing_and_Articulation,Vehicle_Manoeuvre,Vehicle_Location-Restricted_Lane,Junction_Location,Skidding_and_Overturning,Hit_Object_in_Carriageway,Vehicle_Leaving_Carriageway,Hit_Object_off_Carriageway,1st_Point_of_Impact,Was_Vehicle_Left_Hand_Drive?,Journey_Purpose_of_Driver,Sex_of_Driver,Age_of_Driver,Age_Band_of_Driver,Engine_Capacity_(CC),Propulsion_Code,Age_of_Vehicle,Driver_IMD_Decile,Driver_Home_Area_Type,Vehicle_IMD_Decile
201606N022806,2,5,0,18,0,8,0,0,0,0,1,1,6,1,49,8,599,1,9,1,1,1
201606N022830,1,9,0,4,0,1,0,0,0,0,2,1,6,2,72,10,1199,1,14,3,1,3
201606N022830,2,9,0,4,0,1,0,0,0,0,2,1,6,2,38,7,1242,1,7,10,1,10
201606N022830,3,9,0,18,0,1,0,0,0,0,0,1,1,1,41,7,2179,2,6,-1,-1,-1
201606N022864,1,9,0,18,0,0,0,0,0,0,1,1,6,1,38,7,1975,1,8,4,1,4
201606N022864,2,9,0,3,0,0,0,0,0,0,2,1,6,1,39,7,2191,2,-1,3,1,3
201606N022990,1,9,0,9,0,6,0,0,0,0,1,1,6,3,-1,-1,-1,-1,-1,-1,-1,-1
201606N022990,2,3,0,18,0,8,0,0,0,0,4,1,6,1,30,6,125,1,3,3,1,3
201606N023152,1,9,0,9,0,8,0,0,0,0,4,1,6,1,35,6,1400,2,11,1,1,1
201606N023152,2,1,0,18,0,8,1,0,0,0,1,1,1,1,59,9,-1,-1,-1,2,1,2
201606N023403,1,9,0,14,0,0,0,0,0,0,1,1,6,1,60,9,-1,-1,-1,3,1,3
201606N023456,1,8,0,18,0,2,0,0,0,0,1,1,2,2,48,8,1198,1,-1,9,1,9
201606N023456,2,9,0,4,0,2,0,0,0,0,2,1,2,1,49,8,1685,2,2,9,1,9
201606N023456,3,9,0,4,0,2,0,0,0,0,2,1,2,2,50,8,1461,2,1,6,1,6
201606N023473,1,9,4,9,0,5,0,0,0,0,1,1,6,1,76,11,3059,2,18,10,1,10
201606N023637,1,19,0,11,0,0,0,0,0,0,4,1,1,1,30,6,12580,2,11,-1,-1,-1
201606N023637,2,9,0,18,0,0,0,0,0,0,3,1,6,2,34,6,1399,2,9,8,1,8
201606N023694,1,9,0,6,0,0,0,0,0,0,3,1,6,1,18,4,1229,1,8,3,1,3
201606N023694,2,3,0,18,0,0,0,0,0,0,1,1,6,1,49,8,124,1,3,2,1,2
201606N023715,1,9,0,4,0,1,0,0,0,0,1,1,2,2,34,6,1597,2,-1,6,1,6
201606N023743,1,9,0,7,0,6,0,0,0,0,0,1,6,2,30,6,1995,2,-1,-1,-1,-1
201606N023743,2,1,0,18,0,8,0,0,0,0,0,1,2,1,36,7,-1,-1,-1,8,1,8
201606N023797,1,9,0,18,0,1,0,0,0,0,1,1,6,2,30,6,998,1,10,-1,-1,-1
201606N023892,1,9,0,18,8,0,0,0,0,0,1,1,6,1,-1,-1,-1,-1,-1,-1,-1,-1
201606N023956,1,9,0,18,0,1,0,0,0,0,4,1,6,1,23,5,1598,1,8,2,1,2
201606N023956,2,90,0,2,0,1,0,0,0,0,3,1,6,1,30,6,-1,-1,-1,-1,-1,-1
201606N023956,3,8,0,2,0,1,0,0,0,0,3,1,1,1,30,6,1798,1,6,-1,-1,-1
201606N023979,1,9,0,18,0,4,0,0,0,0,1,1,6,1,54,8,-1,-1,-1,4,1,4
201606N023979,2,9,0,18,0,4,0,0,0,0,2,1,6,3,-1,-1,1398,1,-1,-1,-1,-1
201606N024036,1,9,0,5,0,8,0,0,0,0,1,1,2,1,49,8,999,1,7,-1,-1,-1
201606N024036,2,9,0,18,0,8,0,0,0,0,1,1,2,2,29,6,1598,1,9,1,1,1
201606N024120,1,9,0,18,0,1,0,0,0,0,1,1,6,2,24,5,1242,1,12,1,1,1
201606N024120,2,9,0,18,0,8,0,0,0,0,2,1,6,3,-1,-1,1124,1,13,-1,-1,-1
201606N024170,1,9,0,18,0,1,0,0,0,0,1,1,6,1,23,5,1398,2,13,10,1,10
201606N024170,2,9,0,10,0,1,0,0,0,0,2,1,6,1,41,7,1124,1,12,6,1,6
201606N024202,1,9,0,5,0,4,0,0,1,4,1,1,6,2,81,11,-1,-1,-1,9,1,9
201606N024202,2,9,0,9,0,3,0,0,0,0,4,1,6,1,55,8,1461,2,3,9,1,9
201606N024318,1,9,0,9,0,8,0,0,0,0,3,1,6,3,-1,-1,1587,1,9,-1,-1,-1
201606N024318,2,9,0,18,0,8,0,0,0,0,1,1,6,2,34,6,-1,-1,-1,8,1,8
201606N024355,1,8,0,7,0,5,0,0,0,0,1,1,1,1,27,6,1598,2,4,2,1,2
201606N024355,2,9,0,18,0,8,0,0,0,0,1,1,6,3,-1,-1,2179,2,9,-1,-1,-1
201606N024419,1,9,0,14,0,4,0,0,0,0,1,1,6,3,-1,-1,-1,-1,-1,-1,-1,-1
201606N024419,2,9,0,5,0,4,0,0,0,0,4,1,6,1,45,7,1396,1,12,4,1,4
201606N024453,1,17,0,4,0,0,0,0,0,0,0,1,1,3,30,6,-1,-1,-1,-1,-1,-1
201606N024453,2,9,0,4,0,0,0,0,0,0,2,1,6,2,61,9,-1,3,1,5,1,5
201606N024453,3,9,0,4,0,0,0,0,0,0,2,1,6,1,31,6,1149,1,6,8,1,8
201606N024453,4,9,0,4,0,0,0,0,0,0,1,1,2,2,40,7,1149,1,9,5,1,5
201606N024549,1,9,0,1,0,1,0,0,0,0,1,1,6,2,30,6,1206,1,3,-1,-1,-1
201606N024549,2,9,0,8,0,1,0,0,0,0,3,1,6,1,51,8,1586,1,12,3,1,3
201606N024711,1,9,0,18,0,6,0,0,0,0,1,1,1,1,49,8,1995,2,4,-1,-1,-1
201606N024711,2,9,0,18,0,8,0,0,0,0,4,1,6,2,54,8,1150,1,8,6,1,6
201606N024740,1,9,0,18,0,7,0,0,0,0,2,1,6,1,39,7,1686,2,12,2,1,2
201606N024740,2,9,0,18,0,7,0,0,0,0,4,1,2,2,37,7,3311,8,8,5,1,5
201606N024749,1,4,0,13,0,8,0,0,0,0,3,1,6,1,23,5,124,1,-1,2,1,2
201606N024749,2,9,0,18,0,8,0,0,0,0,3,1,6,1,71,10,1596,1,10,6,2,6
201606N024753,1,9,0,18,0,0,0,0,0,0,1,1,6,1,77,11,1497,8,2,2,1,2
201606N024790,1,9,0,17,0,2,0,0,0,0,4,1,6,2,33,6,1149,1,-1,9,2,9
201606N024797,1,2,0,13,0,8,0,0,0,0,1,1,2,1,16,4,49,1,4,1,1,1
201606N024797,2,21,1,7,0,8,0,0,0,0,2,1,1,1,45,7,10837,2,3,10,1,10
201606N024797,3,9,0,18,0,1,0,0,0,0,1,1,6,2,26,6,1199,1,13,3,1,3
201606N024847,1,9,0,18,0,0,0,7,0,0,1,1,6,1,73,10,1399,1,10,8,1,8
201606N024878,1,9,0,9,0,8,0,0,0,0,4,1,6,2,30,6,1598,1,7,4,1,4
201606N024878,2,9,0,17,0,8,0,0,0,0,3,1,6,2,53,8,1969,2,1,10,1,10
201606N025011,1,9,0,18,0,8,0,0,0,0,1,1,6,2,30,6,1399,1,8,-1,-1,-1
201606N025011,2,8,0,10,0,8,0,0,0,0,2,1,6,2,46,8,1149,1,13,4,1,4
201606N025129,1,90,0,9,0,8,0,0,0,0,1,1,1,1,24,5,-1,-1,-1,8,1,8
201606N025211,1,20,0,18,0,8,0,0,0,0,1,1,6,1,30,6,-1,-1,-1,-1,-1,-1
201606N025211,2,9,0,18,0,8,0,0,0,0,2,1,6,2,27,6,1598,1,10,4,1,4
201606N025338,1,9,0,9,0,8,0,0,0,0,4,1,6,1,25,5,1956,2,5,1,1,1
201606N025338,2,9,0,18,0,8,0,0,0,0,1,1,6,1,52,8,1686,2,14,2,1,2
201606N027856,1,9,0,18,0,2,0,0,0,1,4,1,6,2,75,10,1242,1,2,6,2,6
201606NF23475,1,11,0,4,0,8,0,0,0,0,4,1,1,1,51,8,7300,2,11,4,1,4
201606NF23475,2,9,0,9,0,6,0,0,0,0,1,1,6,2,59,9,1598,1,1,10,1,10
201606P010561,1,21,0,18,0,0,0,0,0,0,4,1,1,1,40,7,5880,2,12,3,1,3
201606P010599,1,9,0,18,0,2,0,0,0,0,1,1,1,1,63,9,1753,2,11,1,1,1
201606P010631,1,9,0,18,0,8,1,0,0,0,4,1,6,1,19,4,1686,2,6,1,1,1
201606P010631,2,9,0,7,0,8,0,0,0,0,1,1,6,1,42,7,1240,1,12,1,1,1
201606P010729,1,9,0,18,0,1,1,0,0,0,1,1,6,2,23,5,-1,-1,-1,2,1,2
201606P010729,2,9,0,18,0,1,0,0,0,0,2,1,1,1,62,9,1998,1,1,1,1,1
201606P010758,1,9,0,18,0,0,0,0,0,0,4,1,6,3,-1,-1,-1,-1,-1,-1,-1,-1
201606P010838,1,9,0,5,0,1,0,0,0,0,0,1,6,2,71,10,1598,2,6,8,1,8
201606P010991,1,9,0,9,0,8,0,0,0,0,4,1,6,2,24,5,1598,1,11,-1,-1,-1
201606P010991,2,9,0,18,0,8,0,0,0,0,1,1,6,1,34,6,1968,2,5,3,1,3
201606P011018,1,9,0,9,0,6,0,0,0,0,1,1,6,1,21,5,1242,1,9,1,1,1
201606P011018,2,3,0,18,0,8,0,0,0,0,2,1,6,1,19,4,124,1,8,5,1,5
201606P011018,3,9,0,18,0,8,0,0,0,0,1,1,6,1,54,8,1395,1,1,2,1,2
201606P011056,1,9,0,7,0,8,0,0,0,0,1,1,6,1,35,6,1598,1,2,-1,-1,-1
201606P011373,1,9,0,9,0,5,0,0,0,0,1,1,6,2,24,5,1229,1,3,1,1,1
201606P011376,1,9,0,9,0,5,0,0,0,0,4,1,3,1,46,8,998,1,5,4,1,4
201606P011376,2,1,0,18,0,8,0,0,0,0,1,1,2,2,43,7,-1,-1,-1,3,1,3
201606P011442,1,9,0,9,0,8,0,0,0,0,1,1,6,1,23,5,1689,2,12,3,1,3
201606P011470,1,9,0,1,9,1,0,0,0,0,2,1,6,2,39,7,1598,2,4,1,1,1
201606P011640,1,9,0,18,0,0,1,0,8,0,1,1,6,1,26,6,1229,1,4,7,1,7
201606P011640,2,9,0,2,9,0,0,0,0,0,4,1,6,1,30,6,1248,1,3,2,1,2
201606P011678,1,9,0,18,0,2,0,0,0,0,4,1,6,1,66,10,-1,-1,-1,8,1,8
201606P011779,1,9,0,15,0,3,0,0,0,0,1,1,2,2,32,6,998,1,3,6,1,6
201606P011779,2,1,0,11,0,3,0,0,0,0,2,1,2,1,49,8,-1,-1,-1,4,1,4
201606P011837,1,19,0,18,0,1,0,0,0,0,0,1,1,1,43,7,1995,2,4,1,1,1
201606P011837,2,19,0,18,0,8,1,0,8,0,1,1,6,3,-1,-1,-1,-1,-1,-1,-1,-1
201606P011837,3,9,0,9,0,6,0,0,7,0,1,1,6,1,60,9,1995,2,10,4,1,4
201606P012214,1,9,0,18,0,1,1,0,0,0,1,1,6,1,24,5,1968,2,10,1,1,1
201606P012214,2,9,0,4,0,4,0,0,0,0,2,1,1,2,72,10,1560,2,2,3,1,3
201606P012214,3,9,0,3,0,4,0,0,0,0,2,1,3,2,47,8,-1,-1,-1,7,1,7
201606P012238,1,9,0,18,0,1,0,0,0,0,1,1,6,1,25,5,1248,2,9,2,1,2
201606P012242,1,9,0,18,0,8,0,0,0,0,1,1,6,1,17,4,-1,-1,-1,-1,-1,-1
201606P012242,2,9,0,18,0,8,0,0,0,0,1,1,6,1,24,5,1598,1,13,4,1,4
201606P012249,1,9,0,9,0,8,0,0,0,0,1,1,2,1,46,8,1968,2,5,9,1,9
201606P012249,2,9,0,18,0,8,0,0,0,0,4,1,2,2,31,6,1560,2,6,5,1,5
201606P012363,1,9,0,9,0,8,0,0,0,0,1,1,6,2,41,7,1997,1,14,-1,-1,-1
201606P012363,2,9,0,18,0,8,0,0,0,0,1,1,6,2,51,8,1389,1,15,4,1,4
201606P012471,1,9,0,16,0,0,0,0,0,0,1,1,6,2,21,5,1349,1,4,8,1,8
201606P012471,2,9,0,16,0,0,0,0,0,0,2,1,6,1,58,9,1995,2,12,1,1,1
201606P012541,1,9,0,9,0,6,0,0,0,0,3,1,6,1,30,6,-1,-1,-1,-1,-1,-1
201606P012617,1,9,0,1,0,0,0,0,0,0,2,1,6,2,30,6,-1,-1,-1,-1,-1,-1
201606P012652,1,9,0,18,0,8,0,0,0,0,3,1,6,1,34,6,1560,2,12,3,1,3
201606P012652,2,9,0,18,0,8,0,0,0,0,1,1,6,1,39,7,1753,2,6,4,1,4
201606P012726,1,9,0,9,0,5,5,0,0,0,4,1,6,1,69,10,-1,-1,-1,1,1,1
201606P012726,2,9,0,18,0,8,0,0,0,0,1,1,6,1,25,5,998,1,3,3,1,3
201606P012778,1,9,0,9,0,8,0,0,0,0,1,1,6,1,32,6,1461,2,2,2,1,2
201606P012778,2,3,0,18,0,8,0,0,0,0,4,1,6,2,23,5,124,1,1,6,1,6
201606P012811,1,9,0,1,0,2,0,0,0,0,2,1,6,3,-1,-1,-1,-1,-1,-1,-1,-1
201606P012811,2,8,0,18,0,2,0,0,0,0,3,1,1,1,63,9,2664,2,17,4,1,4
201606P012890,1,9,0,9,0,6,0,0,0,0,1,1,1,2,52,8,-1,-1,-1,4,1,4
201606P012890,2,1,0,18,0,8,0,0,0,0,4,1,2,1,49,8,-1,-1,-1,-1,-1,-1
201606P013022,1,9,0,18,0,0,0,0,0,0,2,1,6,1,19,4,2000,2,12,1,1,1
201606P013127,1,9,0,18,0,2,0,0,0,0,1,1,6,1,30,6,1582,2,9,-1,-1,-1
201606P013180,1,19,0,18,0,0,0,0,0,0,1,1,1,1,30,6,2402,2,10,9,1,9
201606P013180,2,19,0,4,0,0,0,0,0,0,1,1,2,1,61,9,2402,2,7,-1,-1,-1
201606P013180,3,9,0,4,0,0,0,0,0,0,2,1,6,1,63,9,1248,2,4,6,1,6
201606P013207,1,19,0,14,0,0,0,4,0,0,3,1,6,1,30,6,2295,7,10,-1,-1,-1
201606P013207,2,9,0,2,0,0,0,0,0,0,3,1,1,1,51,8,1598,2,2,3,1,3
201606P013211,1,9,0,18,0,0,0,4,0,0,4,1,6,1,24,5,-1,-1,-1,1,1,1
201606P013211,2,19,0,2,0,0,0,0,0,0,0,1,1,1,32,6,1995,2,2,9,1,9
201606P013526,1,9,0,18,0,0,0,0,0,0,1,1,6,1,49,8,-1,-1,-1,1,1,1
201606P013536,1,5,0,18,0,8,1,0,0,0,1,1,1,1,23,5,-1,-1,-1,1,1,1
201606P013546,1,5,0,18,0,2,0,0,0,0,1,1,2,1,48,8,599,1,20,2,1,2
201606P013546,2,9,0,18,0,2,0,0,0,0,1,1,2,1,36,7,2179,2,7,8,1,8
201606P013758,1,9,0,18,9,0,0,0,0,0,3,1,3,2,34,6,1242,1,10,1,1,1
201606P013788,1,9,0,9,0,8,0,0,0,0,1,1,2,1,43,7,1794,1,12,1,1,1
201606P013788,2,9,0,18,0,8,0,0,0,0,4,1,2,2,40,7,1398,1,3,9,1,9
201606P013867,1,9,0,9,0,8,0,0,7,4,1,1,6,1,39,7,1229,1,11,1,1,1
201606P013953,1,9,0,9,0,8,0,0,0,0,1,1,6,1,43,7,1999,1,8,-1,-1,-1
201606P013953,2,9,0,18,0,8,0,0,0,0,1,1,6,1,65,9,1240,1,12,1,1,1
201606P014198,1,9,0,18,0,4,0,0,0,0,1,1,6,1,36,7,1997,2,14,1,1,1
201606P014198,2,9,0,18,0,4,0,0,0,0,2,1,6,1,62,9,1329,1,6,3,1,3
201606P014542,1,3,0,18,0,8,0,0,0,0,1,1,6,2,17,4,124,1,1,2,1,2
201606P014542,2,9,0,10,0,8,0,0,0,0,2,1,6,1,49,8,1560,2,3,-1,-1,-1
201606P014674,1,9,0,18,0,8,1,0,6,0,2,1,6,1,28,6,1896,2,8,1,1,1
201606P014674,2,9,0,18,0,6,0,0,0,0,1,1,1,1,36,7,1396,2,2,1,1,1
201606P014689,1,9,0,9,0,8,0,0,0,0,4,1,6,1,31,6,1998,2,13,-1,-1,-1
201606P014689,2,9,0,18,0,8,0,0,0,0,4,1,6,2,49,8,1149,1,12,-1,-1,-1
201606P014705,1,9,0,18,0,0,0,0,0,0,1,1,6,2,24,5,998,1,13,1,1,1
201606P014705,2,9,0,2,0,0,0,0,0,0,2,1,6,1,48,8,1596,1,10,4,1,4
201606P014705,3,9,0,2,0,0,0,0,0,0,2,1,6,2,51,8,-1,-1,-1,1,1,1
201606P014734,1,1,0,9,0,2,0,0,0,0,3,1,1,1,16,4,-1,-1,-1,1,1,1
201606P014734,2,9,0,18,0,1,0,0,0,0,4,1,2,2,27,6,1995,2,9,4,1,4
201606P014746,1,9,0,18,0,2,0,0,7,10,1,1,6,3,-1,-1,1587,1,11,-1,-1,-1
201606P014848,1,8,0,18,0,0,0,0,1,10,1,1,1,1,30,6,1796,1,7,2,1,2
201606P014885,1,9,0,18,0,0,1,10,1,10,1,1,6,1,19,4,1364,1,11,6,1,6
201606P014885,2,9,0,18,0,0,0,0,0,0,2,1,6,1,32,6,1596,1,10,1,1,1
201606P014914,1,9,0,18,0,8,0,0,0,0,3,1,6,2,67,10,1586,1,9,4,3,4
201606P014914,2,9,0,9,0,6,0,0,0,0,1,1,1,1,62,9,-1,-1,-1,4,1,4
201606P015006,1,9,0,9,0,1,0,0,0,0,1,1,1,1,54,8,1596,1,8,9,1,9
201606P015006,2,1,0,5,0,8,0,0,0,0,2,1,1,1,49,8,-1,-1,-1,1,1,1
201606P015086,1,9,0,18,0,8,0,0,0,0,1,1,2,1,26,6,1995,2,8,2,1,2
201606P015086,2,9,0,18,0,8,0,0,0,0,2,1,2,2,52,8,1685,2,3,1,1,1
201606P015086,3,9,0,18,0,8,0,0,0,0,2,1,2,1,21,5,1199,1,13,5,1,5
201606P015086,4,9,0,18,0,8,0,0,0,0,2,1,3,2,27,6,1461,2,-1,3,1,3
201606P015182,1,9,0,18,0,8,0,0,0,0,1,1,6,1,25,5,1364,1,9,1,1,1
201606P015182,2,9,0,18,0,8,0,10,2,0,3,1,2,2,44,7,1968,2,4,1,1,1
201606P015329,1,9,0,18,0,8,0,0,0,0,1,1,6,1,65,9,1560,2,6,-1,-1,-1
201606P015329,2,9,0,9,0,8,0,0,0,0,4,1,6,2,24,5,1240,1,13,-1,-1,-1
201606P015376,1,10,0,9,0,6,0,0,0,0,1,1,1,1,46,8,-1,-1,-1,1,1,1
201606P015376,2,1,0,18,0,1,0,0,0,0,3,1,1,1,21,5,-1,-1,-1,5,3,5
201606P015541,1,9,0,18,0,8,0,0,0,0,1,1,6,2,25,5,-1,-1,-1,1,1,1
201606P015541,2,9,0,3,0,2,0,0,0,0,2,1,6,2,25,5,1598,1,3,1,1,1
201606P015541,3,9,0,3,0,2,0,0,0,0,2,1,6,1,20,4,1149,1,11,3,1,3
201606P015543,1,8,0,9,0,8,0,0,0,0,1,1,1,1,69,10,1794,1,11,1,1,1
201606P015543,2,9,0,17,0,8,0,0,1,1,1,1,6,1,71,10,-1,-1,-1,9,1,9
201606P015628,1,9,0,18,0,0,0,0,0,0,1,1,6,1,24,5,998,1,10,2,1,2
201606P015664,1,9,0,9,0,8,0,0,0,0,1,1,6,2,59,9,1598,1,10,8,1,8
201606P015664,2,90,0,18,0,8,0,7,2,2,4,1,6,1,30,6,2100,1,27,4,3,4
201606P015666,1,9,0,18,0,0,0,0,0,0,3,1,6,1,30,6,-1,-1,-1,-1,-1,-1
201606P015688,1,9,0,9,0,8,0,0,0,0,1,1,6,1,30,6,1299,1,11,-1,-1,-1
201606P015688,2,9,0,15,0,8,0,0,0,0,1,1,1,2,62,9,1560,2,5,4,1,4
201606P015818,1,9,0,18,0,0,0,0,0,0,1,1,6,1,32,6,1798,1,9,2,1,2
201606P015868,1,9,0,5,0,0,0,0,1,0,4,1,2,1,31,6,1497,1,12,1,1,1
201606P015868,2,9,0,18,0,0,0,0,1,0,1,1,6,1,27,6,1995,2,3,1,1,1
201606P015898,1,9,0,16,0,8,0,0,0,0,0,1,2,2,30,6,2400,2,3,2,1,2
201606P015898,2,4,0,16,0,3,0,0,0,0,2,1,2,1,42,7,124,1,3,4,1,4
201606P015909,1,9,0,5,0,8,0,0,7,0,1,1,6,2,25,5,996,1,4,7,1,7
201606P015909,2,9,0,18,0,8,0,0,0,0,1,1,6,1,34,6,1968,2,6,5,1,5
201606P016115,1,4,0,18,0,8,0,0,0,0,1,1,6,1,34,6,999,1,4,-1,-1,-1
201606P016115,2,9,0,9,0,8,0,0,0,0,3,1,6,1,46,8,3950,1,19,7,1,7
201606P016229,1,9,0,1,0,2,0,0,0,0,2,1,6,2,40,7,1364,1,8,8,1,8
201606P016236,1,9,0,18,0,4,0,0,0,0,3,1,6,2,32,6,1781,1,13,6,1,6
201606P016236,2,9,0,18,0,8,0,0,0,0,1,1,4,1,38,7,1598,1,10,2,1,2
201606P016250,1,9,0,14,0,0,0,0,0,0,4,1,3,2,38,7,1339,1,12,1,1,1
201606P016342,1,5,0,13,0,8,0,0,7,0,4,1,2,1,36,7,659,1,9,1,1,1
201606P016342,2,9,0,9,0,8,0,0,0,0,3,1,2,1,24,5,-1,-1,-1,9,1,9
201606P016566,1,9,0,18,0,1,0,0,0,0,1,1,6,2,52,8,998,1,15,1,1,1
201606P016605,1,9,0,4,0,1,0,0,0,0,1,1,6,1,39,7,2521,1,6,3,1,3
201606P016812,1,9,0,18,0,0,0,0,0,0,1,1,6,2,49,8,1298,1,12,1,1,1
201606P016869,1,9,0,4,0,0,1,0,0,0,1,1,1,1,28,6,1995,2,14,1,1,1
201606P016869,2,9,0,3,0,0,0,0,0,0,2,1,6,1,45,7,1968,2,-1,-1,-1,-1
201606P016869,3,9,0,3,0,0,0,0,0,0,2,1,6,1,67,10,1399,1,7,3,1,3
201606P016872,1,9,0,14,0,0,0,0,0,0,1,1,6,2,34,6,1997,2,13,1,1,1
201606P016883,1,9,0,18,0,8,0,0,0,0,1,1,6,1,30,6,1995,2,8,-1,-1,-1
201606P016883,2,9,0,18,0,8,0,0,0,0,1,1,1,2,56,9,1299,1,8,7,1,7
201606P016883,3,9,0,10,0,8,0,0,0,0,2,1,1,2,46,8,-1,-1,-1,3,1,3
201606P016956,1,9,0,7,0,8,1,0,1,10,1,1,6,1,30,6,1968,2,8,-1,-1,-1
201606P016956,2,9,0,18,0,8,0,0,0,0,3,1,6,1,32,6,1461,2,10,5,1,5
201606P017014,1,9,0,16,0,0,0,0,0,0,1,1,6,1,32,6,-1,-1,-1,2,1,2
201606P017014,2,9,0,17,0,0,0,0,0,0,1,1,6,1,30,6,1968,2,-1,2,1,2
201606P017095,1,9,0,18,0,8,0,0,0,0,4,1,6,2,27,6,1998,2,1,1,1,1
201606P017311,1,9,0,4,0,1,0,0,0,0,1,1,6,1,35,6,2982,2,12,2,1,2
201606P017311,2,9,0,4,0,1,0,0,0,0,2,1,6,1,37,7,1997,2,8,1,1,1
201606P017333,1,9,0,16,0,1,0,0,0,0,1,1,2,2,24,5,-1,-1,-1,1,1,1
201606P017333,2,9,0,10,0,1,0,0,0,0,2,1,2,1,26,6,1896,2,14,1,1,1
201606P017335,1,9,0,18,0,1,0,0,0,0,1,1,6,2,19,4,1461,2,3,8,1,8
201606P017335,2,9,0,18,0,1,0,0,0,0,2,1,1,1,30,6,-1,-1,-1,2,1,2
201606P017337,1,11,0,4,6,1,0,10,0,10,1,1,6,1,41,7,7300,2,6,1,1,1
201606P017364,1,9,0,18,0,0,1,0,7,0,4,1,6,1,18,4,1596,1,10,2,1,2
201606P017364,2,21,0,18,0,0,0,0,0,0,1,1,1,1,46,8,12809,2,3,6,3,6
201606P017417,1,19,0,18,0,0,1,0,7,1,0,1,6,1,26,6,-1,-1,-1,2,1,2
201606P017417,2,9,0,18,0,0,0,0,0,0,1,1,6,3,-1,-1,1997,2,12,-1,-1,-1
201606P017435,1,9,0,18,0,0,0,0,0,0,1,1,6,2,91,11,1329,1,6,9,1,9
201606P017435,2,90,0,2,0,0,0,0,0,0,0,1,6,1,30,6,-1,-1,-1,1,1,1
201606P017495,1,2,0,7,0,5,0,0,0,0,1,1,1,1,17,4,-1,-1,-1,3,1,3
201606P017551,1,9,0,9,0,2,0,0,0,0,1,1,6,1,29,6,1560,2,5,6,1,6
201606P017589,1,9,0,4,0,0,0,0,0,0,1,1,6,1,28,6,1598,2,-1,-1,-1,-1
201606P017589,2,9,0,3,0,0,0,0,0,0,2,1,6,2,32,6,1086,1,11,2,1,2
201606P017704,1,9,0,9,0,5,0,0,0,0,1,1,6,1,30,6,-1,-1,-1,-1,-1,-1
201606P017704,2,4,0,5,0,2,0,0,0,0,1,1,6,1,18,4,125,1,2,3,1,3
201606P017770,1,9,0,7,0,6,0,0,0,0,1,1,2,1,61,9,1753,2,8,3,1,3
201606P017770,2,1,0,18,4,2,0,0,0,0,4,1,2,1,49,8,-1,-1,-1,8,1,8
201606P017821,1,8,0,9,0,6,0,0,0,0,1,1,1,1,45,7,-1,-1,-1,1,1,1
201606P017821,2,9,0,18,0,8,1,0,0,0,1,1,6,3,-1,-1,1242,1,18,-1,-1,-1
201606P017915,1,1,0,16,0,0,0,0,0,0,1,1,6,1,47,8,-1,-1,-1,5,1,5
201606P017915,2,9,0,17,0,0,0,0,0,0,1,1,6,1,57,9,1995,2,12,-1,1,-1
201606P017930,1,9,0,18,0,0,0,0,0,0,3,1,2,2,35,6,2685,2,13,1,1,1
201606P017948,1,9,0,5,0,4,0,0,0,0,1,1,6,1,52,8,-1,-1,-1,2,1,2
201606P017948,2,1,0,18,0,8,0,0,0,0,4,1,2,1,27,6,-1,-1,-1,4,1,4
201606P018090,1,20,0,18,0,0,0,0,0,0,1,1,6,1,26,6,-1,-1,-1,1,1,1
201606P018090,2,9,0,18,0,0,0,0,0,0,2,1,6,2,59,9,1388,1,10,4,1,4
201606P018095,1,9,0,18,0,0,0,0,0,0,1,1,6,2,42,7,1587,1,14,2,1,2
201606P018107,1,9,0,18,0,8,0,0,0,0,2,1,6,1,33,6,-1,-1,-1,-1,-1,-1
201606P018107,2,9,0,10,0,5,0,0,0,0,2,1,6,2,27,6,1595,1,18,-1,-1,-1
201606P018107,3,9,0,18,0,8,0,0,0,0,1,1,6,1,29,6,1995,2,8,3,1,3
201606P018238,1,9,0,18,0,1,2,0,7,7,2,1,6,1,19,4,1149,1,12,-1,-1,-1
201606P018358,1,9,0,4,0,1,0,0,0,0,1,1,2,1,28,6,1124,1,16,5,1,5
201606P018358,2,9,0,4,0,1,0,0,0,0,2,1,2,2,47,8,1388,1,10,9,1,9
201606P018358,3,9,0,18,0,1,0,0,0,0,2,1,2,2,52,8,1229,1,2,3,1,3
201606P018499,1,20,0,18,0,0,0,0,0,0,0,1,1,1,46,8,12130,2,15,8,1,8
201606P018623,1,9,0,18,0,1,0,0,0,0,1,1,6,2,36,7,1560,2,3,1,1,1
201606P018673,1,9,0,9,0,1,0,4,0,0,1,1,6,1,26,6,1995,2,5,1,1,1
201606P018673,2,9,0,18,0,1,0,0,0,0,3,1,6,2,33,6,1896,2,8,7,1,7
201606P018673,3,9,0,18,0,1,0,0,0,0,4,1,1,1,29,6,-1,-1,-1,2,1,2
201606P018673,4,9,0,18,0,1,0,0,0,0,2,1,1,1,48,8,-1,-1,-1,-1,-1,-1
201606P018673,5,9,0,18,0,6,0,0,0,0,2,1,1,1,27,6,1497,8,10,2,1,2
201606P018673,6,9,0,18,0,2,0,0,0,0,0,1,1,1,51,8,2993,2,1,-1,-1,-1
201606P018673,7,9,0,18,0,2,0,0,0,0,0,1,1,1,55,8,2993,2,4,-1,-1,-1