Accident_Index,Vehicle_Reference,Vehicle_Type,Towing_and_Articulation,Vehicle_Manoeuvre,Vehicle_Location-Restricted_Lane,Junction_Location,Skidding_and_Overturning,Hit_Object_in_Carriageway,Vehicle_Leaving_Carriageway,Hit_Object_off_Carriageway,1st_Point_of_Impact,Was_Vehicle_Left_Hand_Drive?,Journey_Purpose_of_Driver,Sex_of_Driver,Age_of_Driver,Age_Band_of_Driver,Engine_Capacity_(CC),Propulsion_Code,Age_of_Vehicle,Driver_IMD_Decile,Driver_Home_Area_Type,Vehicle_IMD_Decile
201606P018731,1,9,0,18,0,0,0,0,0,0,1,1,6,2,41,7,999,1,8,3,1,3
201606P018731,2,19,0,18,0,0,0,0,0,0,1,1,6,1,18,4,1968,2,7,3,3,3
201606P018739,1,9,0,18,0,8,0,0,0,0,1,1,6,1,47,8,2993,2,9,4,1,4
201606P018767,1,9,0,18,0,8,0,0,1,0,4,1,6,2,36,7,1364,2,8,3,1,3
201606P018767,2,9,0,18,0,8,0,0,0,0,1,1,1,1,30,6,1560,2,7,2,1,2
201606P018768,1,9,0,18,0,8,0,0,0,0,1,1,2,1,60,9,-1,-1,-1,1,1,1
201606P018768,2,9,0,9,0,8,0,0,0,0,4,1,6,2,28,6,1461,2,1,9,1,9
201606P018817,1,9,0,18,0,1,0,0,0,0,1,1,6,1,68,10,1388,1,10,-1,-1,-1
201606P019006,1,5,0,18,0,1,1,0,0,0,1,1,6,1,44,7,1137,1,18,3,1,3
201606P019006,2,5,0,4,0,1,1,0,0,0,2,1,6,1,46,8,-1,-1,-1,2,1,2
201606P019058,1,9,0,18,0,0,0,0,0,0,1,1,6,3,-1,-1,1586,1,9,-1,-1,-1
201606P019058,2,1,0,18,0,0,0,0,0,0,2,1,6,1,16,4,-1,-1,-1,5,1,5
201606P019076,1,9,0,18,0,8,0,0,0,0,1,1,6,1,25,5,1390,1,12,3,1,3
201606P019076,2,9,0,9,8,6,0,0,0,0,1,1,6,1,30,6,1598,1,2,-1,-1,-1
201606P019094,1,19,0,9,0,4,0,0,0,0,4,1,6,1,58,9,2298,2,1,1,1,1
201606P019094,2,1,0,18,0,4,0,0,0,0,1,1,6,1,53,8,-1,-1,-1,1,1,1
201606P019173,1,8,0,18,0,1,0,0,0,0,1,1,6,1,39,7,1896,2,7,1,1,1
201606P019173,2,9,0,2,0,1,0,0,0,0,2,1,6,3,-1,-1,1598,1,2,-1,-1,-1
201606P019284,1,8,0,5,0,4,0,0,0,0,3,1,6,1,66,10,1762,6,18,1,1,1
201606P019284,2,1,0,18,0,3,0,0,0,0,1,1,6,1,55,8,-1,-1,-1,4,1,4
201606P019407,1,9,0,18,0,1,0,0,0,0,0,1,2,1,37,7,1984,1,-1,7,1,7
201606P019485,1,3,0,18,0,8,0,0,0,0,1,1,1,1,25,5,-1,-1,-1,3,1,3
201606P019485,2,9,0,9,0,8,0,0,0,0,1,1,6,1,47,8,1596,1,15,1,1,1
201606P019490,1,9,0,13,0,1,0,0,0,0,4,1,4,1,30,6,-1,-1,-1,-1,-1,-1
201606P019490,2,9,0,3,0,1,0,0,0,0,3,1,6,2,30,6,1598,2,6,1,1,1
201606P019534,1,9,0,9,0,8,0,0,0,0,1,1,6,1,88,11,1998,1,16,8,1,8
201606P019534,2,9,0,18,0,8,0,0,0,0,1,1,6,1,22,5,1995,2,8,1,1,1
201606P019676,1,9,0,7,0,8,0,0,0,0,1,1,6,1,30,6,998,1,14,1,1,1
201606P019676,2,9,0,16,0,8,0,0,0,0,4,1,6,2,33,6,1582,2,2,2,1,2
201606P019721,1,9,0,18,0,1,0,0,0,0,1,1,6,1,79,11,1388,1,8,3,1,3
201606P019721,2,9,0,4,0,1,0,0,0,0,2,1,6,1,42,7,2776,2,8,4,1,4
201606P019820,1,9,0,18,0,8,0,0,0,0,4,1,6,3,-1,-1,-1,-1,-1,-1,-1,-1
201606P019820,2,1,0,18,0,8,0,0,0,0,3,1,6,1,73,10,-1,-1,-1,4,1,4
201606P019879,1,9,0,9,0,6,0,0,0,0,1,1,6,1,49,8,1997,2,1,5,1,5
201606P019879,2,9,0,18,0,8,0,0,0,0,4,1,6,1,55,8,479,2,11,3,1,3
201606P019882,1,9,0,18,0,0,0,0,0,0,4,1,6,1,30,6,-1,-1,-1,-1,-1,-1
201606P019918,1,9,0,18,0,0,2,0,2,10,3,1,6,1,18,4,1781,1,15,1,1,1
201606P019918,2,9,0,2,0,0,0,0,0,0,4,1,6,3,-1,-1,1896,2,10,-1,-1,-1
201606P020061,1,9,0,18,0,0,0,0,0,0,1,1,6,1,42,7,2198,2,10,4,1,4
201606P020150,1,9,0,18,0,8,0,0,0,0,1,1,6,2,22,5,-1,-1,-1,-1,-1,-1
201606P020150,2,9,0,9,0,8,0,0,0,0,1,1,6,1,30,6,1596,1,14,-1,-1,-1
201606P020150,3,9,0,18,0,1,0,0,0,0,1,1,6,2,30,6,1598,1,10,-1,-1,-1
201606P020321,1,9,0,5,0,6,0,0,0,0,4,1,6,1,25,5,2143,2,1,3,1,3
201606P020321,2,9,0,18,0,8,0,0,0,0,1,1,6,1,30,6,1198,1,11,-1,-1,-1
201606P020321,3,9,0,2,0,2,0,0,0,0,2,1,6,2,30,6,2993,2,8,-1,-1,-1
201606P020560,1,21,0,12,0,1,0,0,0,0,3,1,1,1,52,8,6370,2,4,4,1,4
201606P020560,2,3,0,18,0,1,0,0,0,0,4,1,2,1,23,5,645,1,2,-1,-1,-1
201606P020873,1,9,0,18,0,0,0,0,0,0,4,1,6,1,30,6,-1,-1,-1,-1,-1,-1
201606P020904,1,9,0,16,0,5,1,0,0,0,1,1,6,3,-1,-1,-1,-1,-1,-1,-1,-1
201606P020904,2,9,0,9,0,8,0,0,0,0,1,1,1,1,51,8,2231,2,8,1,1,1
201606P020921,1,9,0,18,0,0,0,0,0,1,0,1,6,2,31,6,-1,-1,-1,8,1,8
201606P020921,2,9,0,4,0,0,0,0,0,0,2,1,6,2,28,6,-1,-1,-1,6,1,6
201606P020921,3,9,0,4,0,0,0,0,0,0,2,1,6,1,54,8,1685,2,1,8,1,8
201606P020930,1,9,0,3,0,4,0,0,0,0,1,1,6,1,35,6,1596,1,7,-1,-1,-1
201606P020930,2,9,0,3,0,4,0,0,0,0,2,1,6,1,61,9,1596,1,14,-1,-1,-1
201606P020944,1,9,0,18,0,1,1,0,8,10,3,1,2,1,30,6,1461,2,11,1,1,1
201606P020954,1,9,0,18,0,8,0,0,1,1,1,1,6,1,33,6,-1,-1,-1,4,1,4
201606P020954,2,9,0,9,0,6,0,0,0,0,2,1,6,1,42,7,998,1,10,5,3,5
201606P020990,1,9,0,18,0,8,0,0,0,0,1,1,6,1,33,6,1360,1,15,1,1,1
201606P021155,1,9,0,18,0,0,0,0,0,0,1,1,6,1,57,9,1796,1,9,9,1,9
201606P021155,2,9,0,2,0,0,0,0,0,0,2,1,6,2,21,5,1995,2,5,4,1,4
201606P021155,3,9,0,2,0,0,0,0,0,0,4,1,6,1,60,9,1997,2,4,9,1,9
201606P021163,1,8,0,18,0,0,0,0,0,0,1,1,6,2,28,6,1598,1,8,-1,-1,-1
201606P021163,2,9,0,3,0,0,0,0,0,0,2,1,6,2,21,5,1388,1,4,7,1,7
201606P021163,3,9,0,3,0,0,0,0,0,0,2,1,1,2,45,7,1461,2,1,-1,-1,-1
201606P021263,1,5,0,18,0,0,0,0,0,0,1,1,6,1,26,6,-1,-1,-1,1,1,1
201606P021263,2,9,0,5,0,0,0,0,0,0,2,1,6,1,49,8,1997,2,11,9,2,9
201606P021367,1,19,0,5,0,0,0,0,0,0,3,1,6,1,30,6,-1,-1,-1,-1,-1,-1
201606P021367,2,1,0,14,0,0,0,0,0,0,4,1,6,2,68,10,-1,-1,-1,1,1,1
201606P021492,1,21,0,18,0,8,0,0,0,0,4,1,1,1,48,8,-1,-1,-1,1,1,1
201606P021492,2,90,0,9,0,8,0,0,0,0,3,1,1,1,43,7,-1,-1,-1,4,1,4
201606P021524,1,5,0,4,0,1,0,0,0,0,1,1,1,1,49,8,781,1,14,3,1,3
201606P021524,2,8,0,4,0,1,0,0,0,0,2,1,1,2,36,7,1198,1,2,2,1,2
201606P021550,1,9,0,18,0,0,0,0,0,0,0,1,2,2,60,9,1956,2,4,8,1,8
201606P021691,1,9,0,6,0,0,0,0,1,10,3,1,6,2,55,8,1364,1,-1,1,1,1
201606P021691,2,9,0,16,0,0,0,0,0,0,4,1,6,1,22,5,-1,-1,-1,3,1,3
201606P021704,1,9,0,7,0,2,0,0,0,0,1,1,6,2,34,6,1240,1,11,1,1,1
201606P021872,1,9,0,18,0,1,0,0,0,0,1,1,6,3,-1,-1,-1,-1,-1,-1,-1,-1
201606P021872,2,8,0,10,0,1,0,0,0,0,1,1,1,1,46,8,-1,-1,-1,1,1,1
201606P021917,1,9,0,18,0,8,0,0,0,0,1,1,6,1,27,6,1240,1,7,-1,-1,-1
201606P021962,1,9,0,18,0,0,0,0,0,0,1,1,6,2,22,5,-1,-1,-1,1,1,1
201606P021962,2,9,0,3,0,0,0,0,0,0,2,1,6,2,22,5,998,1,13,1,1,1
201606P022062,1,9,0,18,0,8,0,0,7,0,0,1,6,1,41,7,2143,2,4,5,1,5
201606P022062,2,9,0,18,0,8,0,0,7,10,1,1,6,1,66,10,1395,1,1,4,1,4
201606P022206,1,9,0,18,0,1,0,0,0,3,4,1,6,1,22,5,1796,1,17,-1,-1,-1
201606P022206,2,9,0,18,0,1,0,0,0,0,0,1,1,1,41,7,1560,2,2,-1,-1,-1
201606P022313,1,9,0,18,0,1,0,0,0,0,1,1,6,3,-1,-1,-1,-1,-1,-1,-1,-1
201606P022461,1,90,0,9,0,5,0,0,0,0,3,1,6,1,43,7,-1,-1,-1,3,1,3
201606P022461,2,8,0,10,0,1,0,0,0,0,0,1,6,1,66,10,1997,2,5,2,1,2
201606P022475,1,9,0,18,0,8,0,0,0,0,1,1,6,1,23,5,998,1,7,7,1,7
201606P022475,2,9,0,18,0,8,0,0,0,0,4,1,6,1,32,6,1995,2,2,1,1,1
201606P022556,1,2,0,18,9,1,2,0,1,0,1,1,6,3,-1,-1,-1,-1,-1,-1,-1,-1
201606P022599,1,9,0,18,0,8,0,0,0,0,1,1,6,1,30,6,1242,1,14,-1,-1,-1
201606P022599,2,9,0,17,0,8,0,0,0,0,4,1,6,1,39,7,1984,1,11,1,1,1
201606P022627,1,9,0,18,0,2,1,0,7,10,4,1,6,1,18,4,1360,1,14,3,1,3
201606P022795,1,5,0,18,6,1,0,0,0,0,1,1,6,1,65,9,-1,-1,-1,-1,-1,-1
201606P022795,2,9,0,4,6,1,0,0,0,0,2,1,6,2,53,8,1299,1,12,1,1,1
201606P023047,1,9,0,9,0,8,0,0,0,0,1,1,2,1,30,6,-1,-1,-1,8,3,8
201606P023047,2,9,0,18,0,5,0,0,0,0,1,1,2,1,26,6,1398,1,13,2,1,2
201606P023049,1,9,0,18,0,2,0,0,0,0,1,1,6,1,47,8,-1,-1,-1,9,1,9
201606P023127,1,9,0,18,0,0,1,0,2,7,4,1,6,1,36,7,1582,2,6,1,1,1
201606P023266,1,9,0,18,0,0,0,0,0,0,1,1,6,2,36,7,1794,1,10,1,1,1
201606P023266,2,9,0,2,0,0,0,0,1,10,2,1,6,2,55,8,1461,2,2,1,1,1
201606P023292,1,9,0,18,0,0,0,0,0,0,1,1,6,2,38,7,1388,1,9,6,1,6
201606P023364,1,9,0,18,0,1,1,0,0,0,1,1,6,2,38,7,1796,1,13,4,1,4
201606P023364,2,9,0,3,0,1,0,0,0,0,2,1,6,1,40,7,1753,2,14,3,1,3
201606P023364,3,9,0,3,0,1,0,0,0,0,2,1,6,2,43,7,1364,1,9,9,1,9
201606P023364,4,9,0,3,0,1,0,0,0,0,2,1,6,1,30,6,1956,2,1,1,1,1
201606P023415,1,9,0,18,0,0,0,10,0,0,0,1,6,1,81,11,-1,-1,-1,10,3,10
201606P023446,1,9,0,18,0,2,0,0,0,0,1,1,6,2,29,6,1986,2,7,1,1,1
201606P023446,2,9,0,3,0,2,0,0,0,0,2,1,6,2,41,7,-1,-1,-1,1,1,1
201606P023505,1,9,0,18,0,0,0,0,0,0,1,1,6,1,60,9,2993,2,4,4,1,4
201606P023505,2,9,0,4,0,0,0,0,0,0,2,1,6,1,64,9,1998,1,10,-1,-1,-1
201606P023587,1,9,0,18,0,0,1,0,0,0,4,1,2,1,28,6,-1,-1,-1,4,1,4
201606P023587,2,9,0,18,0,0,0,0,0,0,1,1,2,1,45,7,1794,1,15,4,1,4
201606P023592,1,9,0,5,0,6,0,0,0,0,1,1,1,1,40,7,1968,2,11,1,1,1
201606P023603,1,9,0,18,0,2,0,0,0,0,4,1,6,1,30,6,1998,1,13,8,1,8
201606P023603,2,1,0,18,0,2,0,0,0,0,3,1,6,1,57,9,-1,-1,-1,2,3,2
201606P023693,1,9,0,18,0,8,0,0,0,0,1,1,6,1,-1,-1,2300,1,17,-1,-1,-1
201606P023693,2,9,0,9,0,8,0,0,0,0,1,1,6,2,43,7,-1,-1,-1,9,1,9
201606P023717,1,9,0,9,0,5,0,0,0,0,4,1,6,2,25,5,1149,1,2,5,1,5
201606P023717,2,9,0,18,0,8,0,0,0,0,1,1,6,1,42,7,2982,2,13,1,1,1
201606P023802,1,9,0,18,0,4,0,0,0,0,1,1,6,2,50,8,1149,1,-1,9,1,9
201606P023802,2,5,0,18,0,8,0,0,0,0,1,1,6,1,50,8,649,1,13,1,1,1
201606P023862,1,9,0,16,0,0,1,0,7,2,1,1,2,1,24,5,1242,1,16,1,1,1
201606P023863,1,9,0,18,0,0,0,0,0,0,1,1,6,1,23,5,1587,1,12,2,1,2
201606P023895,1,9,0,7,0,3,0,0,0,0,3,1,6,1,31,6,-1,-1,-1,3,1,3
201606P024085,1,9,0,17,0,0,1,0,7,4,4,1,6,1,22,5,1422,2,11,1,1,1
201606P024089,1,9,0,18,0,4,1,0,0,0,1,1,1,1,30,6,1242,1,13,-1,-1,-1
201606P024089,2,90,0,18,0,8,1,0,0,0,4,1,6,1,46,8,-1,-1,-1,4,1,4
201606P024118,1,9,0,18,0,2,0,0,0,0,1,1,1,1,72,10,1995,2,14,-1,-1,-1
201606P024153,1,9,0,9,0,8,0,0,0,0,3,1,6,1,73,10,1248,2,2,4,1,4
201606P024153,2,9,0,18,0,8,0,0,0,0,1,1,2,2,30,6,1598,2,2,6,1,6
201606P024235,1,9,0,18,0,0,0,0,0,0,1,1,6,3,-1,-1,1360,1,10,-1,-1,-1
201606P024235,2,9,0,3,0,0,0,0,0,0,2,1,6,1,24,5,1086,1,14,3,1,3
201606P024284,1,90,0,9,0,8,0,0,0,0,3,1,1,1,23,5,-1,-1,-1,2,3,2
201606P024284,2,8,0,18,0,8,0,0,0,0,1,1,2,2,34,6,1329,1,4,3,1,3
201606P024409,1,9,0,18,0,8,0,0,0,0,4,1,1,1,30,6,2143,2,1,-1,-1,-1
201606P024409,2,9,0,18,0,8,0,0,0,0,3,1,6,1,39,7,1461,2,6,1,1,1
201606P024544,1,9,0,9,0,6,0,0,0,0,1,1,6,1,30,6,1398,1,6,3,1,3
201606P024559,1,9,0,5,0,6,0,0,0,0,1,1,1,1,52,8,-1,-1,-1,3,1,3
201606P024564,1,9,0,9,0,6,0,0,0,0,1,1,2,1,25,5,2143,2,-1,4,1,4
201606P024564,2,9,0,18,0,8,0,0,0,0,3,1,6,1,61,9,-1,-1,-1,4,1,4
201606P024564,3,9,0,2,0,1,0,0,0,0,1,1,6,2,50,8,1396,1,3,-1,-1,-1
201606P024564,4,9,0,14,0,1,0,0,0,0,1,1,6,1,62,9,-1,-1,-1,3,1,3
201606P024575,1,9,0,9,0,3,0,0,0,0,4,1,6,1,31,6,1149,1,15,4,1,4
201606P024575,2,9,0,18,0,4,0,0,0,0,1,1,1,1,44,7,1896,2,12,2,1,2
201606P024687,1,9,0,18,0,1,0,0,0,0,1,1,2,1,30,6,-1,-1,-1,-1,-1,-1
201606P024687,2,9,0,9,0,1,0,7,0,0,2,1,3,2,31,6,1149,1,11,2,1,2
201606P024737,1,9,0,2,0,1,0,0,0,0,1,1,6,2,30,6,1364,1,6,1,1,1
201606P024737,2,9,0,18,0,1,0,0,0,0,1,1,6,2,40,7,1242,1,8,2,1,2
201606P024836,1,9,0,18,0,1,0,0,0,0,1,1,6,1,30,6,1598,1,10,-1,-1,-1
201606P024836,2,9,0,10,0,1,0,0,0,0,2,1,6,1,55,8,-1,-1,-1,4,1,4
201606P024849,1,9,0,9,0,8,0,0,0,0,1,1,1,1,56,9,1995,2,12,2,1,2
201606P024849,2,9,0,11,0,8,0,0,1,0,1,1,6,1,50,8,-1,-1,-1,1,1,1
201606P025015,1,9,0,18,0,0,0,0,0,0,1,1,6,3,-1,-1,-1,-1,-1,-1,-1,-1
201606P025075,1,19,0,9,0,5,0,0,0,0,3,1,6,1,52,8,1560,2,7,3,1,3
201606P025130,1,9,0,9,0,6,0,0,0,0,1,1,6,1,34,6,1461,2,-1,8,1,8
201606P025130,2,9,0,18,0,8,0,0,0,0,1,1,6,2,67,10,1686,2,1,8,1,8
201606P025287,1,9,0,18,0,4,0,0,1,0,1,1,6,1,30,6,998,1,15,-1,-1,-1
201606P025287,2,9,0,17,0,8,0,0,0,0,4,1,6,2,28,6,1398,1,1,2,1,2
201606P025290,1,9,0,7,0,8,0,0,0,0,1,1,6,3,-1,-1,1299,1,13,-1,-1,-1
201606P025301,1,9,0,1,0,0,0,0,0,0,1,1,6,3,-1,-1,-1,-1,-1,-1,-1,-1
201606P025402,1,9,0,18,0,8,0,0,0,0,0,1,6,2,-1,-1,-1,-1,-1,-1,-1,-1
201606P025439,1,9,0,18,0,8,0,0,0,0,1,1,6,1,30,6,1900,2,13,-1,-1,-1
201606P025439,2,9,0,10,0,8,0,0,0,0,2,1,6,2,30,6,1364,2,2,1,1,1
201606P025473,1,9,0,18,0,8,0,0,7,0,4,1,6,1,30,6,2926,2,13,-1,-1,-1
201606P025473,2,9,0,9,0,6,0,0,1,0,3,1,6,1,31,6,1998,1,7,-1,-1,-1
201606P025473,3,9,0,18,0,1,0,0,1,0,3,1,1,1,56,9,-1,-1,-1,-1,-1,-1
201606P025473,4,9,0,18,0,1,0,0,0,0,1,1,6,1,40,7,1986,2,9,8,1,8
201606Q010281,1,9,0,1,0,8,0,0,0,0,2,1,6,3,-1,-1,1598,2,2,-1,-1,-1
201606Q010281,2,1,0,18,0,8,0,0,0,0,2,1,6,1,16,4,-1,-1,-1,3,1,3
201606Q010410,1,9,0,13,0,1,0,0,0,0,1,1,6,1,31,6,1968,2,11,3,1,3
201606Q010410,2,9,0,18,0,2,0,0,0,0,1,1,6,2,36,7,1364,1,11,9,1,9
201606Q010410,3,9,0,18,0,1,0,0,0,0,3,1,6,1,32,6,-1,-1,-1,3,1,3
201606Q010536,1,9,0,7,0,6,1,0,0,0,1,1,6,1,30,6,-1,-1,-1,-1,-1,-1
201606Q010536,2,9,0,18,0,8,0,0,0,0,1,1,1,1,40,7,-1,-1,-1,-1,-1,-1
201606Q010543,1,9,0,18,0,1,0,0,0,0,1,1,6,1,34,6,2183,2,6,-1,-1,-1
201606Q010620,1,9,0,18,0,8,0,0,0,0,3,1,6,2,71,10,1329,1,6,2,1,2
201606Q010620,2,9,0,18,0,8,0,0,0,0,1,1,6,2,27,6,1364,1,9,3,1,3
201606Q010620,3,9,0,18,0,8,0,0,0,0,1,1,2,1,33,6,1989,1,16,5,1,5
201606Q010667,1,9,0,6,0,8,0,0,0,0,3,1,6,3,-1,-1,-1,-1,-1,-1,-1,-1
201606Q010667,2,9,0,18,0,8,0,0,0,0,4,1,6,1,56,9,1968,2,7,5,1,5
201606Q010716,1,9,0,18,0,8,0,0,0,0,1,1,6,1,32,6,1984,1,1,5,1,5
201606Q010722,1,9,0,5,0,8,0,0,0,0,2,1,6,2,30,6,-1,-1,-1,1,1,1
201606Q010722,2,3,0,18,0,8,1,0,0,0,1,1,6,1,18,4,125,1,3,3,1,3
201606Q010936,1,9,0,18,0,0,1,0,0,0,4,1,6,1,30,6,-1,-1,-1,1,1,1
201606Q010936,2,9,0,2,0,0,0,0,0,0,3,1,6,1,30,6,1956,2,3,10,1,10
201606Q010957,1,9,0,7,0,8,0,0,0,0,4,1,1,1,48,8,1329,1,7,-1,-1,-1
201606Q010986,1,9,0,9,0,6,0,0,0,1,0,1,2,2,19,4,999,1,2,4,1,4
201606Q011010,1,9,0,18,0,0,0,0,0,0,1,1,6,1,19,4,998,1,6,5,1,5
201606Q011010,2,9,0,4,0,0,0,0,0,0,2,1,6,1,33,6,2204,2,6,-1,-1,-1
201606Q011010,3,9,0,4,0,0,0,0,0,0,1,1,6,2,45,7,1685,2,1,6,1,6
201606Q011011,1,9,0,18,0,8,0,0,0,10,3,1,6,1,55,8,2188,2,10,3,1,3
201606Q011011,2,18,0,18,1,8,0,0,0,0,1,1,1,1,45,7,-1,-1,-1,8,1,8
201606Q011050,1,1,0,18,0,8,0,0,0,0,3,1,6,1,43,7,-1,-1,-1,2,1,2
201606Q011050,2,9,0,18,0,8,0,0,0,0,4,1,6,1,67,10,-1,-1,-1,6,3,6
201606Q011079,1,9,0,18,0,0,0,0,0,0,1,1,6,1,30,6,1596,1,15,-1,-1,-1
201606Q011079,2,9,0,2,0,0,0,0,0,0,2,1,6,1,55,8,-1,-1,-1,3,1,3
201606Q011139,1,19,0,1,0,1,0,0,0,0,2,1,6,3,-1,-1,-1,-1,-1,-1,-1,-1
201606Q011139,2,3,0,3,0,1,0,0,0,0,1,1,6,1,52,8,124,1,10,-1,-1,-1
201606Q011155,1,9,0,3,0,0,0,0,0,0,1,1,2,2,29,6,1229,1,5,5,1,5
201606Q011458,1,9,0,18,0,2,0,0,0,0,3,1,6,3,-1,-1,-1,-1,-1,-1,-1,-1
201606Q011471,1,9,0,18,0,8,0,0,0,0,1,1,6,1,30,6,-1,-1,-1,-1,-1,-1
201606Q011612,1,9,0,2,0,0,0,0,0,0,0,1,6,1,30,6,1368,1,9,-1,-1,-1
201606Q011612,2,1,0,18,0,0,5,0,0,0,0,1,6,1,15,3,-1,-1,-1,-1,-1,-1
201606Q011649,1,9,0,18,0,1,0,0,0,0,1,1,6,2,30,6,-1,-1,-1,-1,-1,-1
201606Q011660,1,9,0,17,0,1,0,0,0,0,1,1,2,2,30,6,1240,1,13,1,1,1
201606Q011660,2,9,0,16,0,2,0,0,0,0,1,1,6,1,20,4,1229,1,11,-1,-1,-1
201606Q011735,1,3,0,18,0,8,0,7,0,10,1,1,6,1,17,4,-1,-1,-1,2,1,2
201606Q011808,1,9,0,18,0,0,0,0,0,0,1,1,6,1,68,10,1596,1,14,1,1,1
201606Q011828,1,9,0,16,0,3,0,0,0,4,1,1,6,1,38,7,1560,2,5,2,1,2
201606Q011864,1,3,0,18,0,8,0,0,0,0,3,1,6,1,52,8,124,1,12,1,1,1
201606Q011864,2,5,0,18,0,8,0,0,0,0,1,1,6,1,39,7,748,1,18,1,1,1
201606Q011933,1,9,0,18,0,8,0,0,0,0,1,1,6,3,-1,-1,-1,-1,-1,-1,-1,-1
201606Q011950,1,9,0,18,0,0,0,0,0,0,1,1,6,1,25,5,1598,1,8,4,1,4
201606Q011953,1,9,0,16,0,2,0,0,0,0,1,1,6,1,30,6,1596,1,15,-1,-1,-1
201606Q011953,2,9,0,17,0,1,0,0,0,0,1,1,6,2,67,10,1598,1,10,-1,-1,-1
201606Q011971,1,9,0,18,0,6,0,0,0,0,3,1,6,1,72,10,1388,1,6,7,1,7
201606Q011971,2,9,0,18,0,8,0,0,0,0,1,1,6,1,24,5,1329,1,1,-1,-1,-1
201606Q012054,1,9,0,18,0,1,0,0,4,4,1,1,6,1,17,4,1910,2,10,5,1,5
201606Q012054,2,9,0,18,0,1,0,0,0,0,2,1,6,1,20,4,2000,1,7,4,1,4
201606Q012103,1,9,0,18,0,0,0,0,0,0,4,1,6,3,-1,-1,-1,-1,-1,-1,-1,-1
201606Q012124,1,9,0,10,0,8,0,0,0,0,3,1,6,1,59,9,-1,-1,-1,3,1,3
201606Q012124,2,9,0,18,0,8,0,0,0,0,1,1,6,2,76,11,1299,1,14,-1,-1,-1
201606Q012132,1,9,0,5,9,6,0,0,0,0,1,1,1,3,-1,-1,-1,3,2,-1,-1,-1
201606Q012252,1,9,0,18,0,0,0,0,0,0,4,1,6,1,78,11,1598,1,13,1,1,1
201606Q012284,1,9,0,5,0,1,0,0,0,0,1,1,6,1,30,6,-1,-1,-1,-1,-1,-1
201606Q012298,1,9,0,14,0,1,0,0,7,0,1,1,2,1,19,4,1968,2,4,1,1,1
201606Q012298,2,9,0,2,0,1,0,0,1,0,2,1,6,1,46,8,-1,-1,-1,1,1,1
201606Q012350,1,9,0,18,0,0,0,0,0,0,1,1,6,2,33,6,1596,1,14,-1,-1,-1
201606Q012441,1,19,0,18,0,0,5,0,1,9,4,1,6,1,43,7,1998,2,11,6,1,6
201606Q012449,1,9,0,14,0,1,0,0,0,0,1,1,6,1,22,5,1390,1,4,2,1,2
201606Q012455,1,9,0,18,0,2,0,0,4,1,1,1,6,1,77,11,1124,1,14,2,1,2
201606Q012519,1,9,0,18,0,8,0,0,0,0,1,1,6,1,22,5,1598,2,1,1,1,1
201606Q012519,2,9,0,18,0,8,0,0,7,0,4,1,6,2,51,8,1149,1,12,6,1,6
201606Q012522,1,9,0,9,0,8,0,0,0,0,3,1,2,1,24,5,1590,1,13,2,1,2
201606Q012522,2,9,0,18,0,8,0,0,0,0,1,1,2,2,42,7,-1,-1,-1,10,1,10
201606Q012530,1,9,0,18,0,8,0,0,0,0,3,1,1,1,54,8,1896,2,8,1,1,1
201606Q012530,2,9,0,9,0,8,0,0,0,0,1,1,6,1,38,7,2000,2,5,-1,-1,-1
201606Q012544,1,9,0,18,0,8,0,0,0,0,1,1,6,1,30,6,1753,2,10,-1,-1,-1
201606Q012544,2,9,0,18,0,8,0,0,0,0,4,1,6,1,63,9,1896,2,10,-1,-1,-1
201606Q012620,1,9,0,18,0,0,0,0,0,0,3,1,6,1,30,6,-1,-1,-1,-1,-1,-1
201606Q012731,1,19,0,18,0,0,0,0,0,0,1,1,6,1,55,8,1997,2,11,2,1,2
201606Q012871,1,9,0,5,0,1,0,0,0,0,2,1,6,1,41,7,1587,1,12,1,1,1
201606Q012871,2,9,0,5,0,1,0,0,0,0,1,1,6,1,34,6,1498,1,-1,2,1,2
201606Q012883,1,9,0,18,0,2,0,0,0,0,1,1,6,1,30,6,-1,-1,-1,-1,-1,-1
201606Q012988,1,9,0,18,0,0,0,0,0,0,3,1,6,2,44,7,-1,-1,-1,1,1,1
201606Q012988,2,9,0,18,0,0,0,0,0,0,3,1,6,2,51,8,1598,1,4,4,1,4
201606Q013129,1,9,0,18,0,8,0,0,0,0,1,1,6,2,74,10,1198,1,9,10,1,10
201606Q013129,2,9,0,18,0,8,0,0,0,0,1,1,6,2,64,9,1364,1,1,2,1,2
201606Q013160,1,9,0,18,0,1,0,0,0,0,1,1,6,2,29,6,999,1,2,2,1,2
201606Q013160,2,9,0,18,0,1,0,0,0,0,2,1,6,2,27,6,1248,2,5,5,1,5
201606Q013160,3,9,0,18,0,1,0,0,0,0,1,1,6,2,21,5,1595,1,11,2,1,2
201606Q013305,1,9,0,3,0,1,0,0,0,0,1,1,6,1,-1,-1,1598,1,13,-1,-1,-1
201606Q013305,2,9,0,3,0,1,0,0,0,0,2,1,6,2,25,5,998,1,9,2,1,2
201606Q013328,1,9,0,18,0,1,0,0,0,0,1,2,6,1,-1,-1,1360,1,8,-1,-1,-1
201606Q013328,2,9,0,18,0,1,0,0,0,0,2,1,1,1,54,8,-1,-1,-1,1,1,1
201606Q013434,1,9,0,9,0,8,0,0,0,0,3,1,6,1,52,8,1968,2,2,2,1,2
201606Q013434,2,3,0,18,0,8,0,0,0,0,1,1,6,1,52,8,-1,-1,-1,2,1,2