Accident_Index,Vehicle_Reference,Vehicle_Type,Towing_and_Articulation,Vehicle_Manoeuvre,Vehicle_Location-Restricted_Lane,Junction_Location,Skidding_and_Overturning,Hit_Object_in_Carriageway,Vehicle_Leaving_Carriageway,Hit_Object_off_Carriageway,1st_Point_of_Impact,Was_Vehicle_Left_Hand_Drive?,Journey_Purpose_of_Driver,Sex_of_Driver,Age_of_Driver,Age_Band_of_Driver,Engine_Capacity_(CC),Propulsion_Code,Age_of_Vehicle,Driver_IMD_Decile,Driver_Home_Area_Type,Vehicle_IMD_Decile
201606X019178,3,9,0,18,0,0,0,10,0,0,1,1,6,1,38,7,1896,2,10,1,1,1
201606X019178,4,9,0,18,0,0,0,10,0,0,1,1,6,1,43,7,1499,2,-1,1,1,1
201606X019229,1,9,0,18,0,0,0,0,0,0,1,1,6,2,45,7,1997,2,11,2,1,2
201606X019229,2,9,0,18,0,0,0,0,0,0,2,1,6,1,50,8,-1,-1,-1,8,1,8
201606X019229,3,9,0,18,0,0,0,0,0,0,2,1,6,1,58,9,1997,2,7,3,1,3
201606X019256,1,9,0,18,0,0,1,0,0,0,1,1,1,1,84,11,4999,1,13,6,1,6
201606X019256,2,9,0,4,0,0,0,0,0,0,2,1,1,1,58,9,2967,2,2,-1,-1,-1
201606X019331,1,9,0,11,0,0,1,0,5,6,1,1,6,1,37,7,1896,2,9,-1,-1,-1
201606X019331,2,9,0,18,0,0,0,0,0,0,2,1,6,2,32,6,1364,1,11,2,1,2
201606X019401,1,9,0,18,0,0,0,0,0,0,1,1,1,1,48,8,998,1,13,-1,1,-1
201606X019401,2,9,0,18,0,0,0,0,0,0,0,1,1,1,23,5,1398,2,3,2,1,2
201606X019401,3,9,0,18,0,0,0,0,0,0,0,1,1,2,25,5,1339,1,2,1,1,1
201606X019511,1,9,0,11,0,0,0,0,0,0,4,1,6,3,-1,-1,-1,-1,-1,-1,-1,-1
201606X019511,2,9,0,18,0,0,0,0,0,0,2,1,1,1,25,5,2792,1,14,6,1,6
201606X019511,3,9,0,18,0,0,0,0,0,0,2,1,2,1,37,7,1686,2,5,-1,-1,-1
201606X019528,1,9,0,18,0,0,0,0,0,0,1,1,2,2,37,7,1197,1,5,1,1,1
201606X019528,2,21,1,18,0,0,0,0,0,0,2,1,1,1,54,8,12900,2,5,-1,-1,-1
201606X019572,1,9,0,18,0,0,0,0,0,0,1,1,1,1,45,7,1968,2,6,8,1,8
201606X019572,2,9,0,18,0,0,0,0,0,0,2,1,1,2,38,7,1240,1,11,1,1,1
201606X019695,1,9,0,18,0,1,1,0,0,0,1,1,6,1,39,7,1124,1,13,1,1,1
201606X019695,2,9,0,4,0,1,0,0,0,0,2,1,6,2,33,6,1598,1,13,4,1,4
201606X019703,1,90,0,11,0,0,0,0,0,0,1,1,2,1,31,6,6693,2,3,5,1,5
201606X019703,2,9,0,18,0,0,0,0,0,0,2,1,6,2,55,8,-1,-1,-1,5,1,5
201606X019722,1,9,0,18,0,0,0,0,0,0,2,1,6,3,-1,-1,-1,-1,-1,-1,-1,-1
201606X019722,2,5,0,18,0,0,0,0,0,0,1,1,6,1,44,7,996,1,9,5,1,5
201606X019760,1,21,0,11,0,0,0,0,0,0,4,1,1,1,55,8,6700,2,-1,1,1,1
201606X019760,2,9,0,18,0,0,0,0,0,0,3,1,6,1,23,5,1229,1,3,4,1,4
201606X019760,3,9,0,18,0,0,0,0,0,0,4,1,6,1,55,8,2993,2,-1,10,1,10
201606X019880,1,9,0,17,0,1,0,0,0,0,0,1,6,3,-1,-1,-1,-1,-1,-1,-1,-1
201606X019880,2,9,0,17,0,1,0,0,0,0,0,1,6,1,42,7,1799,1,4,5,1,5
201606X019880,3,9,0,17,0,1,0,0,0,0,2,1,2,1,48,8,1968,2,9,-1,-1,-1
201606X019880,4,9,0,17,0,1,0,0,0,0,2,1,2,1,38,7,1794,1,16,3,1,3
201606X019902,1,9,0,18,0,0,0,0,0,0,1,1,6,1,26,6,1595,1,3,1,1,1
201606X019902,2,9,0,18,0,0,0,0,0,0,2,1,6,1,59,9,1997,2,8,-1,-1,-1
201606X019902,3,9,0,18,0,0,0,0,0,0,2,1,6,1,35,6,1560,2,4,5,1,5
201606X019959,1,9,0,4,0,0,1,0,0,0,1,1,6,2,27,6,998,1,9,10,1,10
201606X019959,2,9,0,3,0,0,0,0,0,0,2,1,6,1,27,6,2148,2,9,1,1,1
201606X019959,3,9,0,3,0,0,0,0,0,0,2,1,6,2,30,6,1397,1,5,9,1,9
201606X020258,1,5,0,18,0,7,5,0,0,0,1,1,2,1,56,9,999,1,4,8,1,8
201606X020258,2,19,0,4,0,7,0,0,0,0,2,1,1,1,31,6,1753,2,4,1,1,1
201606X020402,1,9,0,18,0,0,0,0,0,0,2,1,6,2,25,5,1461,2,2,1,1,1
201606X020402,2,21,1,18,0,0,0,0,0,0,1,1,1,1,43,7,11967,2,6,4,1,4
201606X020638,1,9,0,18,0,0,0,0,0,0,1,1,6,2,36,7,1000,1,-1,4,1,4
201606X020638,2,9,0,18,0,0,0,0,0,0,2,1,6,1,50,8,-1,-1,-1,6,1,6
201606X020688,1,19,0,18,0,0,0,0,0,0,1,1,2,1,20,4,-1,-1,-1,3,1,3
201606X020688,2,19,0,18,0,0,0,0,0,0,3,1,2,1,51,8,1753,2,8,3,3,3
201606X020688,3,9,0,18,0,0,0,0,0,0,3,1,2,2,47,8,1968,2,8,8,1,8
201606X020688,4,9,0,18,0,0,0,0,0,0,4,1,2,1,29,6,1499,2,-1,7,1,7
201606X020688,5,9,0,18,0,0,0,0,0,0,4,1,2,2,27,6,999,1,1,9,1,9
201606X020688,6,9,0,18,0,0,0,0,0,0,4,1,2,1,43,7,-1,-1,-1,6,1,6
201606X020830,1,9,0,18,0,0,0,0,0,0,2,1,6,2,23,5,998,1,1,8,1,8
201606X020830,2,9,0,18,0,0,0,0,0,0,1,1,6,1,51,8,1956,2,3,8,1,8
201606X020830,3,9,0,18,0,0,0,0,0,0,1,1,6,1,26,6,1995,2,2,4,1,4
201606X020830,4,9,0,11,0,0,0,0,0,0,0,1,6,3,-1,-1,-1,-1,-1,-1,-1,-1
201606X020836,1,9,0,18,0,0,0,0,0,0,1,1,6,2,52,8,2967,2,-1,10,1,10
201606X020836,2,9,0,4,0,0,0,0,0,0,2,1,6,1,26,6,-1,-1,-1,2,1,2
201606X021050,1,9,0,18,0,0,0,0,0,0,1,1,6,3,-1,-1,-1,-1,-1,-1,-1,-1
201606X021050,2,9,0,18,0,0,0,0,0,0,3,1,1,1,41,7,1598,2,6,4,1,4
201606X021146,1,9,0,18,0,0,0,0,0,0,3,1,6,2,40,7,-1,-1,-1,2,1,2
201606X021146,2,19,0,18,0,0,0,0,0,0,4,1,6,1,47,8,1461,2,3,9,1,9
201606X021146,3,9,0,18,0,0,0,0,0,0,2,1,6,1,30,6,1753,2,14,-1,-1,-1
201606X021174,1,9,0,18,0,0,0,0,0,0,1,1,6,3,-1,-1,-1,-1,-1,-1,-1,-1
201606X021174,2,9,0,18,0,0,0,0,0,0,2,1,6,3,-1,-1,-1,-1,-1,-1,-1,-1
201606X021174,3,9,0,18,0,0,0,0,0,0,2,1,6,2,24,5,-1,-1,-1,9,1,9
201606X021174,4,9,0,18,0,0,0,0,0,0,2,1,6,2,20,4,1242,1,3,3,1,3
201606X021174,5,9,0,18,0,0,0,0,0,0,2,1,6,3,-1,-1,-1,-1,-1,-1,-1,-1
201606X021241,1,21,0,11,0,0,0,0,0,0,1,1,1,1,43,7,10837,2,3,6,1,6
201606X021241,2,9,0,18,0,0,0,0,0,6,3,1,2,2,27,6,-1,-1,-1,9,1,9
201606X021241,3,21,1,18,0,0,0,0,0,0,1,1,1,1,45,7,12900,2,6,6,1,6
201606X021277,1,9,0,18,0,1,0,0,0,6,3,1,2,1,40,7,1999,2,-1,1,1,1
201606X021277,2,9,0,18,0,1,0,0,0,0,4,1,6,1,53,8,998,1,16,-1,-1,-1
201606X021277,3,9,0,8,0,1,0,0,0,0,3,1,6,2,46,8,999,1,-1,4,1,4
201606X021368,1,21,1,18,0,0,0,0,0,0,1,1,1,1,24,5,12900,2,6,-1,-1,-1
201606X021368,2,9,0,18,0,0,0,0,0,0,3,1,2,2,32,6,1242,1,1,5,1,5
201606X021461,1,19,0,18,0,0,0,0,0,0,1,1,6,1,76,11,2402,2,14,1,1,1
201606X021461,2,9,0,18,0,0,0,10,0,0,2,1,6,2,31,6,998,1,3,4,1,4
201606X021553,1,9,0,8,0,7,0,0,0,0,2,1,6,1,28,6,1896,2,10,1,1,1
201606X021553,2,90,0,18,0,7,0,10,0,1,1,1,6,1,37,7,-1,-1,-1,-1,-1,-1
201606X021923,1,9,0,18,0,0,0,0,0,0,0,1,1,1,49,8,1896,2,11,1,1,1
201606X021984,1,9,0,18,0,0,1,0,0,0,1,1,2,1,26,6,1364,1,10,7,1,7
201606X021984,2,9,0,3,0,0,0,0,0,0,2,1,2,1,47,8,1968,2,8,-1,-1,-1
201606X022171,1,21,1,11,0,2,0,0,0,0,1,1,1,1,45,7,12777,2,6,6,1,6
201606X022171,2,9,0,18,0,7,1,0,0,0,2,1,6,2,46,8,2400,2,3,5,2,5
201606X022258,1,9,0,18,0,0,0,0,0,0,3,1,6,1,47,8,1598,1,11,2,1,2
201606X022258,2,21,1,18,0,0,0,0,0,0,4,1,1,1,48,8,12777,2,-1,8,1,8
201606X022279,1,9,0,18,0,0,0,0,0,0,1,1,6,1,18,4,1390,1,10,3,1,3
201606X022279,2,9,0,18,0,0,0,0,0,0,2,1,6,1,48,8,-1,-1,-1,-1,-1,-1
201606X022390,1,21,0,18,0,0,0,0,0,0,1,1,1,1,53,8,9290,2,4,2,1,2
201606X022390,2,9,0,4,0,0,0,0,0,0,2,1,1,1,53,8,1995,2,-1,-1,-1,-1
201606X022390,3,9,0,4,0,0,0,0,0,0,2,1,6,2,23,5,1582,2,5,4,1,4
201606X022532,1,9,0,18,0,0,0,0,0,0,0,1,6,3,-1,-1,-1,-1,-1,-1,-1,-1
201606X022532,2,9,0,18,0,0,0,0,0,0,2,1,1,1,50,8,-1,-1,-1,9,1,9
201606X022532,3,5,0,18,0,0,0,0,0,0,1,1,1,1,35,6,750,1,3,3,1,3
201606X022532,4,21,1,18,0,0,0,10,0,0,2,1,1,1,46,8,15607,2,8,3,1,3
201606X022586,1,9,0,18,0,0,0,0,0,0,1,1,6,1,41,7,1398,1,4,5,2,5
201606X022586,2,9,0,18,0,0,0,0,0,0,2,1,6,1,47,8,1240,1,6,-1,-1,-1
201606X022742,1,9,0,18,0,0,0,0,0,0,1,1,2,2,38,7,-1,-1,-1,6,2,6
201606X022742,2,9,0,18,0,0,0,0,0,0,2,1,2,2,52,8,2993,2,2,9,3,9
201606X022742,3,9,0,18,0,0,0,0,0,0,2,1,2,1,46,8,-1,-1,-1,1,1,1
201606X022742,4,9,0,18,0,0,0,0,0,0,2,1,6,1,41,7,1124,1,9,7,1,7
201606X022774,1,9,0,18,0,0,0,0,0,0,1,1,6,2,27,6,1248,1,1,9,3,9
201606X022774,2,9,0,18,0,0,0,0,0,0,2,1,6,2,24,5,1248,1,4,9,3,9
201606X022774,3,9,0,18,0,0,0,0,0,0,3,1,6,1,21,5,1968,2,4,5,1,5
201606X022776,1,21,0,18,0,0,1,0,0,0,1,1,1,1,60,9,12740,2,1,6,1,6
201606X022776,2,21,0,18,0,0,0,0,0,0,1,1,1,1,53,8,4580,2,-1,5,1,5
201606X022776,3,21,0,18,0,0,0,0,0,0,2,1,1,1,50,8,-1,-1,-1,5,1,5
201606X022776,4,21,0,18,0,0,0,0,0,0,2,1,1,1,55,8,12419,2,2,-1,-1,-1
201606X022778,1,19,0,18,0,0,0,0,0,0,1,1,2,1,70,10,2496,2,19,-1,-1,-1
201606X022778,2,19,0,3,0,0,0,0,0,0,2,1,6,1,27,6,1753,2,15,3,1,3
201606X022778,3,9,0,3,0,0,0,0,0,0,2,1,2,2,27,6,2143,2,-1,1,1,1
201606X022797,1,9,0,4,0,0,0,0,0,0,3,1,6,1,48,8,1299,1,12,1,1,1
201606X022797,2,19,0,14,0,0,0,0,0,0,4,1,6,1,33,6,-1,-1,-1,-1,-1,-1
201606X022797,3,19,0,18,0,0,0,0,0,0,4,1,6,2,51,8,-1,-1,-1,6,3,6
201606X022797,4,19,0,18,0,0,0,0,0,0,2,1,6,1,31,6,-1,-1,-1,10,1,10
201606X022992,1,9,0,18,0,0,0,0,0,0,1,1,6,1,31,6,1896,2,9,6,1,6
201606X022992,2,9,0,18,0,0,0,0,0,0,2,1,6,1,35,6,1686,2,12,6,1,6
201606X023004,1,9,0,11,0,0,0,0,0,0,0,1,6,3,-1,-1,-1,-1,-1,-1,-1,-1
201606X023004,2,9,0,18,0,0,1,0,1,0,1,1,6,2,36,7,1086,1,8,1,1,1
201606X023004,3,9,0,18,0,0,1,0,0,0,2,1,6,1,56,9,-1,-1,-1,2,1,2
201606X023015,1,9,0,12,0,0,0,0,0,0,3,1,6,1,53,8,1560,2,-1,3,1,3
201606X023015,2,9,0,18,0,0,0,0,5,6,1,1,6,2,21,5,1242,1,3,8,2,8
201606X023020,1,9,0,4,0,0,0,0,0,0,1,1,6,1,45,7,-1,-1,-1,10,1,10
201606X023020,2,9,0,4,0,0,0,0,0,0,2,1,6,1,67,10,1461,2,2,7,1,7
201606X023020,3,9,0,4,0,0,0,0,0,0,2,1,6,2,30,6,1199,1,13,-1,-1,-1
201606X023124,1,9,0,18,0,0,2,0,0,0,1,1,2,1,26,6,1149,1,13,9,3,9
201606X023124,2,9,0,18,0,0,1,0,0,0,1,1,2,1,39,7,1149,1,3,5,1,5
201606X023125,1,9,0,12,0,1,0,0,0,0,3,1,6,1,44,7,1199,1,13,1,1,1
201606X023125,2,9,0,18,0,1,0,0,0,0,4,1,6,2,22,5,-1,-1,-1,5,1,5
201606X023244,1,19,0,18,0,0,0,0,0,0,1,1,2,1,33,6,2198,2,1,5,1,5
201606X023244,2,19,0,18,0,0,0,0,0,0,2,1,2,1,24,5,1896,2,7,10,1,10
201606X023244,3,9,0,18,0,0,0,0,0,0,2,1,2,1,20,4,1390,1,7,8,1,8
201606X023279,1,9,0,18,0,0,0,0,1,10,2,1,6,1,42,7,1229,1,10,6,1,6
201606X023279,2,9,0,18,0,0,0,0,0,6,2,1,6,1,31,6,1242,1,7,3,1,3
201606X023279,3,9,0,18,0,0,0,0,0,10,1,1,6,1,26,6,1896,2,8,4,1,4
201606X023288,1,9,0,18,0,0,1,0,1,0,1,1,2,1,31,6,2143,2,3,3,1,3
201606X023296,1,9,0,18,0,0,0,0,0,0,1,1,1,1,27,6,1896,2,7,4,1,4
201606X023296,2,9,0,18,0,0,0,0,1,7,1,1,2,1,62,9,1796,1,6,9,1,9
201606X023296,3,9,0,18,0,0,0,0,0,7,0,1,6,1,33,6,1497,8,2,5,1,5
201606X023296,4,9,0,18,0,0,0,0,0,0,1,1,6,2,18,4,1197,1,1,5,1,5
201606X023296,5,9,0,18,0,0,0,0,0,0,1,1,6,1,31,6,1997,2,5,7,1,7
201606X023443,1,9,0,18,0,0,0,0,0,0,1,1,6,2,24,5,1390,1,9,-1,-1,-1
201606X023443,2,9,0,18,0,0,0,0,0,0,2,1,1,1,44,7,2204,2,9,1,1,1
201606X023443,3,9,0,18,0,0,0,0,0,0,2,1,6,1,64,9,1910,2,10,9,2,9
201606X023566,1,9,0,18,0,0,5,0,1,0,1,1,6,1,18,4,1398,1,14,1,1,1
201606X023695,1,9,0,11,0,0,0,0,0,0,4,1,2,2,31,6,1388,1,7,3,1,3
201606X023695,2,5,0,18,0,0,0,0,0,0,3,1,2,1,35,6,1170,1,4,2,1,2
201606X023807,1,9,0,18,0,1,0,0,0,0,1,1,6,1,31,6,1995,2,-1,-1,-1,-1
201606X023807,2,9,0,3,0,1,0,0,0,0,2,1,6,1,28,6,2993,2,10,1,1,1
201606X023824,1,19,0,18,0,0,0,0,0,0,1,1,6,3,-1,-1,2198,2,-1,-1,-1,-1
201606X023824,2,9,0,18,0,0,0,0,0,0,3,1,6,1,56,9,1762,1,16,10,1,10
201606X023871,1,9,0,4,0,0,0,0,0,0,1,1,1,2,36,7,1229,1,10,4,1,4
201606X023871,2,9,0,18,0,0,0,0,0,0,2,1,6,1,36,7,1587,1,14,1,1,1
201606X023871,3,9,0,18,0,0,0,0,0,0,4,1,6,1,46,8,1598,1,5,-1,-1,-1
201606X024289,1,9,0,18,0,1,0,0,0,0,1,1,6,3,-1,-1,-1,-1,-1,-1,-1,-1
201606X024289,2,9,0,4,0,1,0,0,0,0,2,1,6,2,43,7,1242,1,11,7,1,7
201606X024449,1,9,0,16,0,1,0,0,0,0,1,1,6,3,-1,-1,-1,-1,-1,-1,-1,-1
201606X024449,2,9,0,7,0,4,0,0,0,0,2,1,6,2,28,6,1242,1,3,6,1,6
201606X024459,1,9,0,18,0,0,0,0,0,0,1,1,6,2,59,9,1596,1,1,9,1,9
201606X024486,1,90,0,11,0,0,0,0,4,0,4,1,6,1,47,8,-1,-1,-1,1,1,1
201606X024486,2,9,0,11,0,0,0,0,0,0,3,1,6,1,30,6,-1,-1,-1,-1,-1,-1
201606X024547,1,21,1,15,0,0,0,0,0,0,1,2,1,1,43,7,-1,-1,-1,-1,-1,-1
201606X024547,2,9,0,18,0,0,0,0,0,0,4,1,2,2,46,8,1000,1,2,1,1,1
201606X024562,1,9,0,18,0,1,0,0,0,0,1,1,6,1,31,6,-1,-1,-1,-1,-1,-1
201606X024562,2,9,0,3,0,7,0,0,3,1,2,1,2,1,45,7,-1,-1,-1,3,1,3
201606X024562,3,9,0,5,0,7,0,0,0,0,2,1,6,2,31,6,998,1,3,2,1,2
201606X024571,1,11,1,11,0,0,1,0,0,6,1,1,1,1,42,7,91000,2,15,-1,-1,-1
201606X024602,1,9,0,12,0,0,0,0,0,0,1,1,6,1,33,6,1968,2,6,2,1,2
201606X024602,2,9,0,4,0,0,0,0,0,0,2,1,6,2,31,6,1242,1,10,2,1,2
201606X024602,3,9,0,4,0,0,0,0,0,0,3,1,6,1,26,6,1968,2,7,4,1,4
201606X024728,1,9,0,18,0,5,0,7,2,7,1,1,6,2,28,6,-1,-1,-1,1,1,1
201606X024728,2,9,0,18,0,5,0,7,4,6,4,1,6,2,36,7,1399,2,6,3,1,3
201606X025012,1,9,0,18,0,1,0,0,0,0,1,1,6,3,-1,-1,-1,-1,-1,-1,-1,-1
201606X025012,2,9,0,3,0,1,0,0,0,0,2,1,6,1,35,6,1999,1,9,3,1,3
201606X025149,1,9,0,12,0,5,5,0,0,0,1,1,2,2,19,4,1242,1,-1,8,1,8
201606X025149,2,9,0,3,0,5,0,0,0,0,2,1,6,2,25,5,1598,1,6,10,1,10
201606X025155,1,9,0,18,0,0,0,10,0,0,1,1,6,2,26,6,998,1,11,1,1,1
201606X025155,2,9,0,18,0,0,0,0,0,0,1,1,6,1,70,10,1796,1,7,4,1,4
201606X025199,1,9,0,16,0,8,0,0,0,0,1,1,6,1,44,7,2204,2,12,5,1,5
201606X025199,2,9,0,18,0,8,0,0,0,0,4,1,6,1,32,6,1797,8,7,8,1,8
201606X025255,1,9,0,18,0,0,0,0,0,0,1,1,6,1,52,8,2143,2,2,6,3,6
201606X025255,2,9,0,18,0,0,0,0,0,0,2,1,6,1,22,5,1896,2,9,2,1,2
201606X025527,1,9,0,18,0,0,0,0,0,0,1,1,6,1,84,11,-1,-1,-1,7,3,7
201606X025527,2,9,0,4,0,0,0,0,0,0,2,1,6,1,38,7,-1,-1,-1,-1,-1,-1
201606X025968,1,19,0,12,0,0,0,0,0,0,4,1,6,3,-1,-1,-1,-1,-1,-1,-1,-1
201606X025968,2,9,0,18,0,0,0,0,0,0,3,1,6,1,20,4,1242,1,12,1,1,1
201606XB12911,1,9,0,18,0,0,0,0,0,0,1,1,2,1,34,6,2191,2,3,3,1,3
201606XB12911,2,19,0,4,0,0,0,0,0,0,2,1,2,1,31,6,1560,2,3,3,1,3
201606XB12911,3,9,0,4,0,0,0,0,0,0,2,1,2,1,26,6,2143,2,4,4,1,4
201606XB15425,1,9,0,18,0,0,0,0,0,0,1,1,6,1,47,8,-1,-1,-1,-1,-1,-1
201606XB15425,2,9,0,18,0,0,0,0,0,0,2,1,6,1,33,6,1422,2,12,-1,1,-1
201606XB17895,1,21,1,18,0,0,0,0,0,0,4,1,1,1,47,8,12777,2,5,2,1,2
201606XB17895,2,9,0,18,0,0,0,0,4,0,3,1,1,1,30,6,1461,2,6,2,1,2
201606XB19980,1,21,4,18,0,0,0,0,0,0,2,1,1,1,30,6,4580,2,-1,8,2,8
201606XB19980,2,9,0,18,0,0,0,0,0,0,3,1,6,1,29,6,1000,1,16,6,1,6
201606XB19980,3,20,0,18,0,0,0,0,0,0,0,1,1,2,47,8,2143,2,1,3,1,3
201606XB21233,1,21,0,11,0,0,0,0,0,0,4,1,6,3,-1,-1,-1,-1,-1,-1,-1,-1
201606XB21233,2,9,0,18,0,0,0,0,2,7,3,1,2,1,43,7,1968,2,6,1,1,1
201606XB21589,1,9,0,18,0,0,1,0,4,6,1,1,6,2,25,5,1299,1,11,4,1,4
201606XB21589,2,20,0,18,0,0,0,0,0,0,1,1,1,1,28,6,6692,2,5,1,1,1
201606XB21589,3,9,0,18,0,0,0,0,0,0,1,1,1,1,48,8,-1,-1,-1,4,1,4
201606XB24074,1,21,4,11,0,0,0,0,0,0,4,1,1,3,-1,-1,10677,2,2,-1,-1,-1
201606XB24074,2,9,0,18,0,0,0,0,0,7,1,1,6,2,22,5,1461,2,13,2,1,2
201606XC14494,1,21,4,18,0,0,0,0,0,0,4,1,6,3,-1,-1,-1,-1,-1,-1,-1,-1
201606XC15087,1,9,0,18,0,0,1,0,0,6,1,1,6,1,34,6,1590,1,12,9,1,9
201606XC15087,2,9,0,4,0,0,0,0,0,0,0,1,6,2,38,7,2987,2,2,9,1,9
201606XC15087,3,9,0,18,0,0,0,0,0,0,1,1,6,2,30,6,1364,1,9,7,1,7
201606XC15087,4,9,0,14,0,0,0,0,0,0,1,1,6,1,38,7,-1,-1,-1,-1,-1,-1
201606XC15962,1,9,0,11,0,0,0,0,0,0,2,1,1,2,56,9,1997,2,4,9,1,9
201606XC15962,2,5,0,16,0,0,0,0,0,0,1,1,1,1,44,7,-1,-1,-1,4,1,4
201606XJ10775,1,9,0,18,0,0,0,0,0,0,1,1,6,2,68,10,1149,1,3,9,2,9
201606XJ10775,2,9,0,4,0,0,0,0,0,0,2,1,6,1,46,8,1598,2,-1,4,1,4
201606XJ10775,3,9,0,4,0,0,0,0,0,0,2,1,6,2,54,8,2231,2,6,5,1,5
201606XJ21930,1,1,0,7,0,8,0,0,0,0,1,1,2,1,20,4,-1,-1,-1,1,1,1
201606XJ21930,2,9,0,18,0,8,0,0,0,0,4,1,2,2,44,7,1198,1,9,4,1,4
201606XJ24180,1,9,0,18,0,2,0,0,0,0,0,1,6,3,-1,-1,-1,-1,-1,-1,-1,-1
201606XJ24180,2,9,0,18,0,2,0,0,2,7,1,1,6,1,33,6,998,1,14,-1,3,-1
201606XK15434,1,21,0,11,0,0,0,0,0,0,1,1,1,1,48,8,6700,2,-1,1,1,1
201606XK15434,2,9,0,17,0,0,0,0,0,0,2,1,6,2,30,6,1390,1,6,9,3,9
201606XK22391,1,9,0,18,0,1,0,0,0,0,1,1,6,1,35,6,1124,1,17,2,1,2
201606XK22391,2,9,0,3,0,1,0,0,0,0,1,1,6,1,28,6,1998,2,12,-1,-1,-1
201606XK22391,3,19,0,3,0,1,0,0,0,0,2,1,6,1,27,6,-1,-1,-1,6,2,6
201606XL17919,1,9,0,16,0,0,1,0,2,0,1,1,6,2,36,7,1995,1,6,2,1,2
201606XM12895,1,9,0,11,0,0,0,0,0,0,4,1,6,1,21,5,1229,1,7,1,1,1
201606XM12895,2,9,0,18,0,0,0,0,1,7,3,1,6,2,27,6,1299,1,9,10,1,10
201606XM15123,1,9,0,12,0,0,5,0,0,0,1,1,6,1,82,11,1598,1,10,10,1,10
201606XM15123,2,9,0,18,0,0,1,0,1,9,0,1,6,1,42,7,2151,2,16,-1,1,-1
201606XM15123,3,9,0,18,0,0,0,0,0,0,3,1,6,2,52,8,2979,1,9,9,1,9
201606XM15123,4,9,0,18,0,0,0,0,0,0,1,1,6,2,28,6,1197,1,2,10,1,10
201606XM23341,1,90,0,12,8,0,0,0,0,0,2,1,1,1,45,7,5480,2,15,8,1,8
201606XM23341,2,9,0,18,0,0,0,0,0,0,1,1,6,1,31,6,1995,2,12,2,1,2
201606XM24542,1,9,0,18,0,0,1,0,0,0,1,1,6,1,25,5,1598,1,12,1,1,1
201606XM24542,2,9,0,18,0,0,1,0,2,7,3,1,6,1,33,6,2926,2,14,7,1,7
201606XN12390,1,9,0,18,0,2,0,0,0,0,0,1,6,1,54,8,1596,1,8,8,1,8
201606XN12390,2,9,0,18,0,2,0,0,0,0,1,1,6,1,34,6,1560,2,2,1,1,1
201606XN12390,3,9,0,18,0,2,0,0,0,0,4,1,6,2,33,6,1149,1,4,5,1,5
201606XN12390,4,9,0,18,0,2,0,0,0,0,3,1,6,2,47,8,1997,1,14,1,1,1
201606XN12390,5,9,0,18,0,2,0,0,0,0,2,1,1,1,50,8,1896,2,13,6,1,6
201606XN16650,1,9,0,18,0,0,1,0,0,0,1,1,6,1,56,9,1997,1,2,1,1,1
201606XN16650,2,9,0,18,0,0,0,0,4,6,3,1,6,1,19,4,998,1,1,8,1,8
201606XN18754,1,9,0,11,0,0,0,0,0,0,1,1,6,2,32,6,998,1,12,2,1,2
201606XN18754,2,9,0,3,0,0,0,0,0,0,2,1,6,2,42,7,1229,1,6,6,1,6
201606XN20851,1,21,1,18,0,0,0,0,0,0,1,1,1,1,31,6,8970,2,14,3,1,3
201606XN20851,2,9,0,2,0,0,0,0,0,0,3,1,1,2,33,6,-1,-1,-1,1,1,1
201606XN21534,1,9,0,5,0,8,0,0,0,0,1,1,6,2,53,8,1399,2,8,2,1,2
201606XN21534,2,9,0,18,0,8,0,0,0,0,4,1,6,1,53,8,1968,2,2,8,1,8
201606XN22559,1,9,0,18,0,0,0,0,0,0,1,1,6,1,48,8,1997,2,12,2,1,2
201606XN22559,2,9,0,18,0,0,0,0,0,0,2,1,2,2,36,7,-1,-1,-1,5,1,5
201606XN22559,3,9,0,18,0,0,0,0,0,0,2,1,2,2,25,5,-1,-1,-1,8,3,8
201606XP10552,1,9,0,11,0,0,0,0,0,0,0,1,6,3,-1,-1,-1,-1,-1,-1,-1,-1
201606XP10552,2,9,0,11,0,0,0,0,0,0,4,1,1,1,59,9,-1,-1,-1,-1,-1,-1
201606XP10552,3,9,0,18,0,0,0,0,0,7,3,1,6,2,23,5,998,1,4,4,1,4
201606XP16367,1,21,1,18,0,2,0,0,0,0,1,1,1,1,30,6,12419,2,3,8,1,8
201606XP16367,2,9,0,18,0,2,0,0,0,0,2,1,2,1,30,6,1497,8,8,9,1,9
201606XP17547,1,9,0,18,0,0,0,0,8,6,3,1,6,2,30,6,998,1,4,3,1,3
201606XP17547,2,19,0,18,0,0,0,0,0,0,3,1,1,1,34,6,1598,2,1,2,1,2
201606XP20392,1,8,0,5,0,0,0,0,0,0,1,1,1,1,30,6,1797,8,5,-1,-1,-1
201606XP21418,1,9,0,18,0,0,0,0,5,6,1,1,6,2,40,7,-1,-1,-1,9,3,9
201606XP21418,2,9,0,18,0,0,0,0,0,6,1,1,6,1,56,9,1796,1,14,1,1,1
201606XP21418,3,9,0,18,0,0,0,0,5,6,1,1,6,1,56,9,2993,2,7,10,1,10
201606XP22202,1,9,0,7,0,4,0,0,0,0,1,1,6,1,28,6,1390,1,10,9,1,9