Accident_Index,Vehicle_Reference,Vehicle_Type,Towing_and_Articulation,Vehicle_Manoeuvre,Vehicle_Location-Restricted_Lane,Junction_Location,Skidding_and_Overturning,Hit_Object_in_Carriageway,Vehicle_Leaving_Carriageway,Hit_Object_off_Carriageway,1st_Point_of_Impact,Was_Vehicle_Left_Hand_Drive?,Journey_Purpose_of_Driver,Sex_of_Driver,Age_of_Driver,Age_Band_of_Driver,Engine_Capacity_(CC),Propulsion_Code,Age_of_Vehicle,Driver_IMD_Decile,Driver_Home_Area_Type,Vehicle_IMD_Decile
201606XP22202,2,9,0,8,0,4,0,0,0,0,2,1,6,1,43,7,1968,2,2,2,1,2
201606XQ12906,1,9,0,18,0,0,0,0,0,0,1,1,6,2,28,6,1198,1,13,1,1,1
201606XQ12906,2,9,0,18,0,0,0,0,0,0,2,1,6,1,39,7,1910,2,8,6,1,6
201606XQ12906,3,9,0,18,0,0,0,0,0,0,2,1,6,1,45,7,1910,2,10,2,1,2
201606XQ12906,4,9,0,18,0,0,0,0,0,0,1,1,6,2,37,7,2143,2,1,-1,-1,-1
201606XQ17901,1,9,0,18,0,0,1,0,0,0,3,1,6,1,32,6,1968,2,9,1,1,1
2016076000777,1,5,0,18,0,0,1,0,0,0,4,1,6,1,28,6,998,1,8,10,1,10
2016076001047,1,9,0,7,0,1,0,0,0,0,1,1,6,2,46,8,1388,1,12,1,1,1
2016076001047,2,9,0,18,0,8,0,0,1,11,1,1,2,2,52,8,1242,1,4,6,1,6
2016076001170,1,9,0,7,0,2,0,0,7,11,1,1,6,1,27,6,1984,1,7,8,1,8
2016076001507,1,9,0,18,0,0,2,10,7,11,2,1,6,2,24,5,998,1,18,10,1,10
2016076001562,1,9,0,18,0,0,0,0,0,0,1,1,6,1,-1,-1,1968,2,1,-1,-1,-1
2016076001562,2,9,0,4,0,0,0,0,0,0,2,1,6,1,31,6,1995,2,-1,5,1,5
2016076001562,3,9,0,4,0,0,0,0,0,0,2,1,6,1,-1,-1,1796,1,9,4,1,4
2016076001665,1,9,0,17,0,0,0,0,0,0,3,1,6,2,47,8,1398,1,1,1,1,1
2016076001665,2,9,0,16,0,0,0,0,1,0,3,1,6,2,68,10,998,1,17,1,1,1
2016076001858,1,9,0,16,0,4,0,10,7,2,1,1,6,1,24,5,1390,1,15,2,1,2
2016076002304,1,9,0,17,0,0,0,0,8,7,4,1,6,1,43,7,2996,1,10,10,2,10
2016076002354,1,19,0,5,0,7,0,0,0,0,3,1,6,1,44,7,1399,2,6,7,1,7
2016076002354,2,3,0,18,0,8,0,0,0,0,1,1,2,1,32,6,125,1,1,1,1,1
2016076002630,1,9,0,17,0,0,1,0,1,0,4,1,2,2,23,5,1298,1,16,3,1,3
2016076002649,1,9,0,17,0,0,1,0,7,4,1,1,6,2,30,6,1149,1,6,7,1,7
2016076002991,1,9,0,10,0,8,0,0,0,0,1,1,6,2,66,10,1390,1,6,9,1,9
2016076002991,2,9,0,18,0,8,0,0,0,0,4,1,6,1,27,6,2183,2,6,-1,1,-1
2016076003001,1,9,0,9,0,2,0,0,0,0,3,1,6,1,83,11,1329,1,4,10,1,10
2016076003001,2,9,0,18,0,1,0,0,0,0,1,1,6,1,69,10,-1,-1,-1,8,3,8
2016076003019,1,9,0,9,0,6,0,0,0,0,1,1,6,1,23,5,1796,1,4,2,1,2
2016076003019,2,9,0,18,0,8,0,0,0,0,1,1,6,2,20,4,1242,1,1,3,1,3
2016076003137,1,21,1,11,0,8,0,0,0,0,4,1,1,1,35,6,12419,2,3,4,1,4
2016076003137,2,9,0,18,0,8,1,0,4,6,3,1,6,2,27,6,1149,1,14,1,1,1
2016076003230,1,19,0,5,8,0,0,0,0,0,3,1,1,1,42,7,1560,2,2,2,1,2
2016076003230,2,9,0,18,0,0,5,0,0,10,4,1,6,1,48,8,1968,2,3,6,1,6
2016076003400,1,8,0,9,0,8,0,0,0,0,4,1,1,1,44,7,2143,2,5,1,1,1
2016076003401,1,9,0,9,0,0,0,0,0,0,1,1,6,1,44,7,1968,2,11,3,1,3
2016076003401,2,3,0,18,0,0,0,0,0,0,1,1,6,1,21,5,125,1,3,2,1,2
2016076003401,3,9,0,2,0,0,0,0,0,0,1,1,6,3,-1,-1,-1,-1,-1,-1,-1,-1
2016076003729,1,9,0,18,0,0,0,0,0,0,0,1,6,3,-1,-1,-1,-1,-1,-1,-1,-1
2016076003729,2,9,0,18,0,0,2,0,2,4,4,1,6,2,18,4,1686,2,9,8,1,8
2016076003851,1,9,0,18,0,4,0,0,0,0,3,1,1,1,33,6,1685,2,1,5,1,5
2016076003851,2,3,0,18,0,3,0,0,0,0,1,1,1,1,56,9,124,1,2,10,1,10
2016076003874,1,9,0,9,0,1,0,0,0,0,1,1,2,1,53,8,1796,1,15,3,1,3
2016076003874,2,1,0,18,0,1,0,0,0,0,1,1,2,1,45,7,-1,-1,-1,3,1,3
2016076003880,1,9,0,9,0,8,0,0,0,0,1,1,2,1,26,6,1896,2,11,3,1,3
2016076003880,2,1,0,18,0,8,0,0,0,0,2,1,2,2,31,6,-1,-1,-1,3,1,3
2016076003905,1,9,0,18,0,1,1,0,0,0,4,1,1,1,29,6,1399,2,4,2,1,2
2016076004383,1,9,0,9,9,8,0,0,0,0,1,1,6,1,43,7,1796,1,8,1,1,1
2016076004514,1,9,0,18,0,0,0,0,0,0,1,1,6,2,39,7,998,1,7,9,1,9
2016076004622,1,9,0,5,0,3,0,0,0,0,1,1,2,2,23,5,1124,1,12,8,1,8
2016076004622,2,1,0,18,0,8,0,0,0,0,1,1,2,1,49,8,-1,-1,-1,6,1,6
2016076004925,1,19,0,18,0,1,0,0,0,0,1,1,1,1,20,4,1598,2,1,4,1,4
2016076004925,2,9,0,10,0,1,0,0,0,0,2,1,2,2,32,6,1598,1,3,8,1,8
2016076004956,1,21,0,10,0,1,1,0,0,0,1,1,1,1,59,9,12777,2,8,9,1,9
2016076004956,2,9,0,18,0,1,0,0,0,0,2,1,6,2,30,6,1124,1,14,5,2,5
2016076005140,1,9,0,18,0,8,0,0,0,0,4,1,6,1,71,10,1197,1,5,10,1,10
2016076005140,2,9,0,18,0,8,0,0,0,0,1,1,1,1,45,7,-1,-1,-1,8,3,8
2016076005207,1,9,0,4,0,0,0,0,0,0,2,1,6,2,38,7,1497,1,10,9,1,9
2016076005207,2,9,0,18,0,0,0,0,0,0,1,1,6,1,53,8,1997,1,26,3,1,3
2016076005242,1,9,0,18,0,3,1,0,0,0,1,1,6,2,20,4,1248,2,9,2,1,2
2016076005454,1,9,0,3,0,1,0,0,0,0,2,1,2,2,54,8,1360,1,4,6,3,6
2016076005454,2,9,0,5,0,1,0,0,0,0,1,1,6,1,82,11,1242,1,2,5,1,5
2016076005985,1,9,0,18,0,0,1,0,0,0,1,1,6,1,44,7,1685,2,3,6,1,6
2016076005985,2,9,0,4,0,0,0,0,0,0,2,1,6,1,20,4,1596,1,9,8,1,8
2016076005985,3,9,0,4,0,0,0,0,0,0,2,1,6,1,25,5,1753,2,7,9,1,9
2016076006183,1,9,0,18,0,0,0,0,0,0,2,1,1,2,33,6,1598,2,3,-1,1,-1
2016076006183,2,9,0,18,0,0,0,0,0,0,1,1,3,1,50,8,-1,-1,-1,-1,1,-1
2016076006192,1,9,0,7,0,6,0,0,0,0,4,1,3,1,70,10,1991,2,8,4,1,4
2016076006192,2,1,0,4,5,1,0,0,0,0,1,1,4,1,16,4,-1,-1,-1,1,1,1
2016076006303,1,9,0,9,0,5,0,0,0,0,1,1,6,2,82,11,998,1,1,4,1,4
2016076006303,2,9,0,18,0,1,0,0,0,0,3,1,1,1,32,6,1242,1,3,2,1,2
2016076006463,1,19,0,4,9,0,0,0,0,0,1,1,6,1,-1,-1,-1,-1,-1,-1,-1,-1
2016076006890,1,9,0,10,0,2,0,0,0,0,1,1,2,1,38,7,1596,1,13,1,1,1
2016076006913,1,8,0,18,0,8,0,0,0,0,1,1,1,1,57,9,1497,8,10,8,1,8
2016076006913,2,9,0,18,0,8,0,0,0,0,2,1,2,2,39,7,1956,2,5,8,1,8
2016076006913,3,9,0,18,0,8,0,0,0,0,4,1,2,2,42,7,2198,2,11,3,1,3
2016076006965,1,9,0,5,0,4,0,0,0,0,1,1,6,2,56,9,1560,2,11,3,1,3
2016076006965,2,1,0,3,0,4,0,0,0,0,2,1,2,1,41,7,-1,-1,-1,5,1,5
2016076007120,1,9,0,18,0,1,0,0,0,0,1,1,1,1,40,7,-1,-1,-1,4,3,4
2016076007120,2,9,0,18,0,1,0,0,0,0,2,1,6,2,52,8,1997,2,8,2,1,2
2016076007120,3,9,0,9,0,1,0,0,0,0,0,1,6,3,-1,-1,-1,-1,-1,-1,-1,-1
2016076007183,1,4,0,18,0,7,1,0,7,0,4,1,6,1,81,11,385,1,13,2,1,2
2016076007183,2,9,0,7,0,2,0,0,0,0,3,1,1,1,38,7,1598,2,2,5,1,5
2016076007256,1,9,0,1,0,1,0,0,0,0,2,1,6,2,38,7,1560,2,5,5,3,5
2016076007344,1,19,0,7,0,5,0,0,0,0,0,1,1,1,64,9,2198,2,2,-1,1,-1
2016076007344,2,1,0,18,0,1,0,0,0,0,4,1,6,1,64,9,-1,-1,-1,8,1,8
2016076007387,1,9,0,18,0,3,0,0,0,0,3,1,2,1,25,5,1997,1,11,4,1,4
2016076007387,2,9,0,18,0,1,0,0,0,0,1,1,2,2,48,8,1596,1,14,1,1,1
2016076007399,1,19,0,18,0,1,0,0,0,0,1,1,6,1,-1,-1,-1,-1,-1,-1,-1,-1
2016076007399,2,1,0,18,9,1,0,0,0,0,1,1,6,1,25,5,-1,-1,-1,-1,-1,-1
2016076007408,1,9,0,16,0,0,5,0,7,9,1,1,6,1,18,4,1397,1,8,10,1,10
2016076007408,2,9,0,18,0,0,0,0,0,0,1,1,1,2,29,6,1560,2,7,7,3,7
2016076007523,1,9,0,18,0,1,0,0,0,0,1,2,6,3,-1,-1,-1,-1,-1,-1,-1,-1
2016076007523,2,9,0,3,0,1,0,0,0,0,2,2,6,1,35,6,1598,1,14,2,1,2
2016076007597,1,9,0,4,0,1,1,0,0,0,1,1,6,2,22,5,1388,1,14,6,1,6
2016076007597,2,9,0,18,0,8,0,0,0,0,4,1,2,1,56,9,1461,2,3,9,2,9
2016076007988,1,9,0,18,0,8,0,0,0,0,1,1,2,1,24,5,1753,2,14,1,1,1
2016076007988,2,1,0,9,0,8,0,0,0,0,2,1,2,1,23,5,-1,-1,-1,1,1,1
2016076008098,1,19,0,7,0,1,1,0,0,0,1,1,6,1,20,4,1998,2,13,4,1,4
2016076008098,2,9,0,4,0,1,0,0,0,0,1,1,6,1,37,7,4394,1,10,10,1,10
2016076008259,1,9,0,2,0,2,0,0,0,0,2,1,1,1,56,9,1896,2,8,-1,-1,-1
2016076008259,2,9,0,16,0,2,0,0,0,0,2,1,1,1,37,7,1956,2,7,-1,-1,-1
2016076008272,1,9,0,10,0,8,0,0,0,0,1,1,6,2,44,7,2143,2,1,6,1,6
2016076008272,2,9,0,18,0,8,0,0,1,11,4,1,6,2,30,6,1198,1,2,5,1,5
2016076008287,1,9,0,1,0,0,0,0,0,0,0,1,6,2,23,5,1198,1,12,2,1,2
2016076008508,1,9,0,18,0,1,0,0,0,0,4,1,6,1,37,7,1248,1,1,10,3,10
2016076008654,1,9,0,18,0,2,0,0,0,0,3,1,6,2,29,6,1229,1,2,6,1,6
2016076008654,2,3,0,18,0,2,2,0,8,11,4,1,1,1,20,4,124,1,8,4,1,4
2016076008663,1,8,0,9,0,5,0,0,0,0,4,1,1,1,46,8,1995,2,6,8,1,8
2016076008808,1,9,0,18,0,0,1,2,1,0,1,1,6,1,29,6,1560,2,11,5,1,5
2016076008808,2,9,0,18,0,0,0,0,1,4,2,1,6,1,47,8,1598,1,12,3,1,3
2016076009330,1,9,0,11,0,0,0,0,5,6,1,1,6,1,31,6,1896,2,12,1,1,1
2016076009330,2,9,0,18,0,0,0,0,5,6,2,1,6,1,53,8,4172,2,8,10,3,10
2016076009336,1,9,0,13,0,0,0,0,0,0,1,1,6,2,75,10,996,1,7,3,1,3
2016076009336,2,9,0,4,0,0,0,0,0,0,1,1,6,1,51,8,1968,2,8,4,1,4
2016076009828,1,9,0,7,0,8,0,0,0,0,3,1,1,2,60,9,1781,1,16,4,1,4
2016076009828,2,9,0,18,0,8,0,0,0,0,1,1,1,1,55,8,1850,1,17,4,1,4
2016076009830,1,9,0,12,0,0,0,0,0,0,0,1,6,2,25,5,1598,1,7,6,1,6
2016076009830,2,3,0,18,0,0,0,0,0,0,0,1,2,1,27,6,125,1,9,-1,1,-1
2016076009844,1,9,0,4,0,0,0,0,0,0,2,1,2,2,25,5,1086,1,7,-1,-1,-1
2016076009844,2,21,0,4,0,0,1,0,0,0,1,1,1,1,-1,-1,8970,2,14,5,1,5
2016076009860,1,9,0,9,0,8,0,0,1,0,1,1,1,2,22,5,1299,1,8,6,1,6
2016076009860,2,9,0,18,0,8,0,0,7,0,1,1,6,1,75,10,1591,1,4,7,1,7
2016076009877,1,9,0,4,0,0,0,0,0,0,3,1,1,1,59,9,1229,1,1,10,1,10
2016076010600,1,9,0,3,0,0,0,0,0,0,2,1,6,1,25,5,1995,2,11,9,1,9
2016076010600,2,9,0,18,0,0,0,4,0,0,1,1,6,1,41,7,1984,1,7,3,1,3
2016076010872,1,9,0,7,6,2,1,7,0,0,1,1,1,2,39,7,1396,1,15,-1,1,-1
2016076010938,1,9,0,2,0,0,0,0,0,0,0,1,6,3,-1,-1,-1,-1,-1,-1,-1,-1
2016076010938,2,1,0,14,0,0,0,0,0,0,4,1,6,1,53,8,-1,-1,-1,2,1,2
2016076011084,1,9,0,18,0,8,0,0,0,0,1,1,6,2,46,8,1896,2,13,10,1,10
2016076011084,2,19,0,18,0,1,5,0,1,11,4,1,1,1,68,10,2143,2,2,5,1,5
2016076011243,1,3,0,17,0,0,0,0,0,0,0,1,4,1,16,4,-1,-1,-1,5,1,5
2016076011243,2,9,0,16,0,0,0,0,0,0,0,1,2,1,35,6,1968,2,7,8,1,8
2016076011359,1,9,0,18,0,4,0,0,0,0,1,2,6,2,79,11,1124,1,10,9,1,9
2016076011359,2,9,0,18,0,8,0,0,0,0,4,2,6,1,88,11,1240,1,11,6,1,6
2016076011534,1,3,0,18,0,0,0,0,2,10,1,1,2,1,44,7,125,1,5,5,1,5
2016076011632,1,9,0,18,0,0,1,0,1,7,1,1,1,2,28,6,1364,1,8,-1,-1,-1
2016076011683,1,9,0,18,0,0,1,7,0,6,1,1,6,2,20,4,1199,1,15,-1,2,-1
2016076011831,1,3,0,9,0,1,0,0,0,0,0,1,1,1,37,7,125,1,1,9,1,9
2016076011831,2,9,0,18,0,1,0,0,0,0,1,1,1,1,36,7,1968,2,13,6,1,6
2016076011866,1,1,0,18,0,8,0,0,0,0,4,1,1,1,32,6,-1,-1,-1,8,1,8
2016076011866,2,9,0,9,0,8,0,0,0,0,3,1,1,2,56,9,1995,2,5,9,1,9
2016076011881,1,9,0,18,0,0,1,0,0,10,1,1,2,2,53,8,1598,1,8,9,3,9
2016076011885,1,9,0,18,0,0,1,0,0,0,1,1,6,1,57,9,1796,1,14,7,1,7
2016076011897,1,9,0,3,0,0,0,0,0,0,1,1,2,1,49,8,1896,2,13,10,1,10
2016076011897,2,9,0,3,0,0,0,0,0,0,2,1,2,1,53,8,2268,2,2,1,1,1
2016076012009,1,9,0,5,0,8,0,0,0,0,2,1,6,1,28,6,1956,2,4,6,1,6
2016076012009,2,21,0,5,0,8,0,0,0,0,1,1,1,2,73,10,11705,2,8,1,1,1
2016076012084,1,19,0,18,0,0,0,0,0,0,0,1,6,1,-1,-1,-1,-1,-1,-1,-1,-1
2016076012257,1,9,0,4,0,1,0,0,0,0,1,1,6,3,-1,-1,-1,-1,-1,-1,-1,-1
2016076012257,2,2,0,4,0,1,1,0,0,0,2,1,6,2,16,4,50,1,2,6,3,6
2016076012340,1,5,0,17,0,1,1,0,0,0,4,1,6,1,32,6,1199,1,11,3,1,3
2016076012340,2,9,0,16,0,1,0,0,0,0,1,1,6,1,41,7,1587,1,13,9,1,9
2016076012359,1,9,0,4,0,0,0,0,0,0,1,1,2,2,27,6,998,1,10,8,1,8
2016076012437,1,9,0,10,0,6,0,0,0,0,4,1,6,2,59,9,999,1,1,9,2,9
2016076012437,2,3,0,3,0,1,0,0,0,0,1,1,2,1,26,6,125,1,3,1,1,1
2016076012437,3,9,0,10,0,5,0,0,0,0,0,1,2,1,28,6,1984,2,4,9,1,9
2016076012481,1,8,0,6,2,0,0,0,0,0,1,1,1,1,42,7,1497,8,8,1,1,1
2016076012534,1,9,0,7,0,3,0,0,0,0,1,1,6,1,23,5,1995,2,7,10,1,10
2016076012607,1,9,0,18,0,5,0,0,0,0,1,1,1,1,30,6,1582,2,1,3,1,3
2016076012607,2,9,0,9,0,8,0,0,0,0,3,1,6,1,71,10,1124,1,10,3,1,3
2016076012934,1,9,0,18,0,0,0,0,0,0,1,1,2,1,52,8,1997,2,13,7,1,7
2016076012934,2,9,0,4,0,0,0,0,0,0,2,1,1,2,45,7,1997,2,1,10,1,10
2016076013612,1,9,0,9,0,8,0,0,0,0,1,1,6,1,33,6,1995,2,6,1,1,1
2016076013612,2,9,0,18,0,1,0,0,0,0,1,1,6,2,18,4,998,1,13,4,1,4
2016076013633,1,9,0,18,0,0,0,0,0,0,1,1,6,1,71,10,1248,1,6,8,1,8
2016076013633,2,9,0,2,0,0,0,0,0,0,1,1,6,3,-1,-1,-1,-1,-1,-1,-1,-1
2016076013633,3,9,0,2,0,0,0,0,0,0,4,1,6,3,-1,-1,1995,2,3,-1,-1,-1
2016076013650,1,9,0,18,0,0,1,0,1,4,4,1,6,1,31,6,2000,2,16,-1,-1,-1
2016076013684,1,19,0,9,0,2,0,0,0,0,4,1,6,1,-1,-1,-1,-1,-1,-1,-1,-1
2016076013684,2,9,0,9,0,2,0,0,0,0,3,1,6,1,32,6,-1,-1,-1,6,2,6
2016076013692,1,9,0,7,0,1,1,4,0,6,1,1,2,1,36,7,2143,2,3,3,1,3
2016076013692,2,9,0,2,6,1,1,0,1,9,2,1,6,3,-1,-1,1998,1,-1,-1,-1,-1
2016076013699,1,9,0,18,0,8,0,0,8,6,3,1,6,1,86,11,1995,1,6,9,1,9
2016076013699,2,9,0,9,0,6,5,0,0,0,1,1,6,2,57,9,1200,1,3,2,1,2
2016076013908,1,9,0,4,0,0,1,0,1,9,1,1,2,1,51,8,-1,-1,-1,6,1,6
2016076013908,2,9,0,4,0,0,1,1,7,9,1,1,2,1,30,6,1896,2,14,10,1,10
2016076013908,3,9,0,4,0,0,1,1,7,9,1,1,6,2,66,10,1329,1,7,3,1,3
2016076013908,4,9,0,4,0,0,1,1,7,9,1,1,2,2,45,7,1299,1,13,7,1,7
2016076013908,5,9,0,4,0,0,1,1,1,9,1,1,2,2,22,5,1329,1,7,10,1,10
2016076013908,6,9,0,4,0,0,1,1,0,0,1,1,2,1,21,5,1388,1,10,3,1,3
2016076013908,7,9,0,4,0,0,1,0,1,9,1,1,2,1,46,8,1995,2,3,-1,-1,-1
2016076013992,1,9,0,17,0,0,1,0,1,11,4,1,1,2,29,6,1198,1,3,4,1,4
2016076014100,1,9,0,18,0,0,0,0,0,0,1,1,1,2,45,7,2497,2,7,6,1,6
2016076014100,2,17,4,2,0,0,0,0,0,0,2,1,1,1,53,8,-1,2,2,10,3,10
2016076014119,1,19,0,4,9,0,0,0,1,0,1,1,1,1,61,9,2402,2,11,3,1,3
2016076014120,1,9,0,18,0,0,0,0,0,0,1,1,1,2,48,8,1999,2,1,6,1,6
2016076014120,2,9,0,3,0,0,0,0,0,0,2,1,1,1,55,8,1796,1,8,5,1,5
2016076014231,1,8,0,9,0,6,0,0,0,0,1,1,1,1,-1,-1,1956,2,7,-1,-1,-1
2016076014233,1,9,0,9,0,1,0,0,0,0,3,1,6,2,23,5,1598,1,13,10,1,10
2016076014233,2,9,0,18,0,6,0,0,0,0,1,1,6,2,22,5,1598,1,6,3,1,3
2016076014384,1,9,0,18,0,8,0,0,0,0,1,1,6,2,60,9,1299,1,13,7,1,7
2016076014384,2,9,0,18,0,8,0,0,7,0,3,1,6,2,73,10,1242,1,9,4,1,4
2016076014440,1,9,0,5,0,6,0,0,0,0,3,1,2,2,31,6,-1,-1,-1,5,1,5
2016076014440,2,9,0,18,0,8,0,0,0,0,1,1,2,2,22,5,875,1,2,1,1,1
2016076014442,1,9,0,4,0,1,0,0,0,0,1,1,6,1,21,5,1199,1,15,1,1,1
2016076014442,2,9,0,4,0,1,0,0,0,0,2,1,6,2,28,6,1388,1,9,6,1,6
2016076014448,1,9,0,18,0,0,0,0,0,0,3,1,6,2,56,9,1598,1,11,2,1,2
2016076014448,2,9,0,18,0,0,0,0,0,0,3,1,2,1,62,9,1397,1,14,8,1,8
2016076014509,1,9,0,9,0,8,0,0,0,1,1,1,2,2,29,6,1242,1,1,10,1,10
2016076014509,2,9,0,18,0,8,1,0,0,0,1,1,2,1,23,5,1997,2,9,6,1,6
2016076014520,1,9,0,5,0,0,0,0,0,0,4,1,2,1,35,6,2982,2,2,9,1,9
2016076014555,1,9,0,4,0,8,0,0,5,7,2,1,6,2,23,5,1328,1,9,4,1,4
2016076014555,2,9,0,18,0,8,0,0,0,0,1,1,6,1,29,6,2799,1,22,8,1,8
2016076014555,3,9,0,18,0,8,0,0,0,0,1,1,6,1,24,5,1229,1,2,1,1,1
2016076014973,1,9,0,18,0,0,1,0,7,0,4,1,6,2,27,6,1390,1,5,10,1,10
2016076014973,2,9,0,18,0,0,0,0,0,0,1,1,6,2,38,7,1598,1,6,1,1,1
2016076015075,1,9,0,9,0,5,0,0,0,0,1,1,6,3,-1,-1,-1,-1,-1,-1,-1,-1
2016076015075,2,9,0,3,0,1,0,0,0,0,1,1,6,2,32,6,1995,1,14,4,1,4
2016076015137,1,9,0,2,0,0,0,0,0,0,2,1,6,1,33,6,2521,1,9,-1,3,-1
2016076015137,2,9,0,17,0,0,1,0,0,0,1,1,6,2,73,10,1396,2,3,7,3,7
2016076015213,1,9,0,3,0,1,0,0,0,0,1,1,6,2,63,9,1984,1,14,3,1,3
2016076015213,2,9,0,3,0,1,0,0,0,0,2,1,6,2,31,6,1596,1,5,9,1,9
2016076015213,3,9,0,3,0,1,0,0,0,0,2,1,6,2,41,7,-1,-1,-1,4,1,4
2016076015266,1,9,0,9,0,1,0,0,0,0,4,1,2,2,27,6,1149,1,9,9,2,9
2016076015266,2,1,0,18,0,1,0,0,0,0,1,1,6,1,38,7,-1,-1,-1,2,1,2
2016076015350,1,9,0,9,0,8,0,0,0,0,1,1,6,2,51,8,1598,1,8,2,1,2
2016076015350,2,1,0,18,0,8,0,0,0,0,4,1,2,1,55,8,-1,-1,-1,4,1,4
2016076016121,1,9,0,9,0,8,0,0,0,0,4,1,6,1,-1,-1,1995,2,5,-1,-1,-1
2016076016121,2,9,0,18,0,8,0,0,0,0,3,1,6,2,34,6,1248,2,5,-1,-1,-1
2016076016182,1,9,0,5,0,1,0,0,7,11,3,1,6,1,23,5,1400,1,11,10,1,10
2016076016182,2,9,0,18,0,1,0,0,0,0,1,1,6,1,67,10,1997,2,3,5,3,5
2016076016963,1,9,0,9,0,1,0,0,0,0,0,1,6,3,-1,-1,-1,-1,-1,-1,-1,-1
2016076016963,2,11,0,18,0,1,0,0,0,0,0,1,1,1,52,8,3900,2,9,1,1,1
2016076017093,1,9,0,18,0,0,0,0,0,0,1,1,2,1,54,8,1896,2,17,4,1,4
2016076017093,2,9,0,3,0,0,0,0,0,0,2,1,6,1,31,6,1796,1,7,1,1,1
2016076017177,1,9,0,9,0,6,0,0,0,0,3,1,6,1,76,11,1560,2,8,8,2,8
2016076017177,2,9,0,18,0,8,1,0,7,0,1,1,6,2,55,8,1998,2,15,7,1,7
2016076017299,1,9,0,9,0,8,0,0,0,0,3,1,6,2,81,11,1794,1,12,10,1,10
2016076017299,2,9,0,18,0,8,0,0,0,0,1,1,6,2,37,7,1460,1,12,3,1,3
2016076017652,1,9,0,18,0,8,0,0,0,0,1,1,1,1,52,8,1896,2,12,-1,1,-1
2016076017652,2,19,0,18,0,8,0,0,1,1,4,1,1,1,51,8,1461,2,2,7,2,7
2016076017677,1,2,0,7,0,8,1,0,0,0,0,1,1,1,16,4,50,1,3,8,1,8
2016076017682,1,20,0,12,0,0,2,0,0,0,3,2,1,1,65,9,5880,2,9,-1,-1,-1
2016076017682,2,9,0,18,0,0,1,7,0,7,4,1,2,1,32,6,1995,2,2,-1,-1,-1
2016076017748,1,9,0,10,0,1,0,0,0,0,2,1,6,2,48,8,1995,2,1,-1,1,-1
2016076017748,2,11,0,18,0,1,0,0,0,0,1,1,6,1,-1,-1,7300,2,7,-1,1,-1
2016076018298,1,9,0,18,0,1,0,0,0,0,1,1,6,3,-1,-1,-1,-1,-1,-1,-1,-1
2016076018298,2,4,0,3,0,1,0,0,0,0,2,1,6,1,22,5,124,1,1,4,1,4
2016076018350,1,9,0,5,0,3,0,0,0,0,1,1,6,1,20,4,1461,2,6,7,1,7
2016076018642,1,9,0,17,0,8,0,0,0,0,1,1,1,1,29,6,1997,2,3,1,1,1
2016076018642,2,9,0,3,0,8,0,0,0,0,2,1,1,2,39,7,1598,1,9,9,1,9
2016076018655,1,9,0,5,0,4,0,0,0,0,1,1,6,2,47,8,1998,1,1,2,1,2
2016076018655,2,9,0,7,0,8,0,0,0,0,4,1,3,2,26,6,1956,2,2,7,3,7
2016076018746,1,9,0,17,0,0,0,0,0,0,4,1,6,3,-1,-1,-1,-1,-1,-1,-1,-1
2016076018920,1,9,0,18,0,1,0,0,0,0,1,1,6,1,-1,-1,-1,-1,-1,-1,-1,-1
2016076018925,1,9,0,9,0,5,0,0,0,0,1,1,6,1,21,5,2993,2,8,8,1,8
2016076018925,2,1,0,18,0,8,0,0,0,0,3,1,6,1,70,10,-1,-1,-1,8,1,8
2016076019393,1,9,0,18,0,0,0,0,0,0,1,1,6,2,55,8,1299,1,13,7,1,7
2016076019662,1,9,0,9,0,1,0,0,0,0,1,1,2,1,33,6,2401,2,10,8,2,8
2016076019662,2,9,0,9,0,1,0,0,0,0,3,1,2,1,41,7,1968,2,1,8,1,8
2016076019766,1,9,0,9,0,6,0,0,0,0,1,1,6,2,38,7,1586,1,11,4,1,4
2016076019766,2,3,0,18,0,8,0,0,0,0,4,1,6,1,60,9,124,1,17,2,1,2
2016076020117,1,11,0,3,0,1,0,0,0,0,0,1,1,2,54,8,6692,2,4,3,1,3
2016076020222,1,9,0,13,0,0,0,0,0,0,4,1,6,3,-1,-1,-1,-1,-1,-1,-1,-1
2016076020222,2,1,0,18,0,0,0,0,0,0,3,1,1,1,39,7,-1,-1,-1,1,1,1
2016076020247,1,9,0,5,0,4,0,0,0,0,1,1,6,1,34,6,1598,1,9,3,1,3
2016076020247,2,1,0,18,0,3,0,0,0,0,1,1,2,1,43,7,-1,-1,-1,10,1,10
2016076020302,1,9,0,7,0,2,0,0,0,0,1,1,6,3,-1,-1,-1,-1,-1,-1,-1,-1
2016076020352,1,98,0,18,0,5,0,0,0,0,3,1,6,3,-1,-1,-1,-1,-1,-1,-1,-1
2016076020352,2,8,0,7,0,8,0,0,0,0,0,1,6,3,-1,-1,-1,-1,-1,-1,-1,-1
2016076020352,3,1,0,13,0,8,0,0,0,0,3,1,6,1,15,3,-1,-1,-1,2,1,2
2016076020461,1,9,0,18,0,1,0,0,0,0,1,1,6,1,-1,-1,2997,1,12,9,3,9
2016076020461,2,9,0,3,0,1,0,0,0,0,2,1,6,1,25,5,1360,1,9,10,2,10