Accident_Index,Vehicle_Reference,Vehicle_Type,Towing_and_Articulation,Vehicle_Manoeuvre,Vehicle_Location-Restricted_Lane,Junction_Location,Skidding_and_Overturning,Hit_Object_in_Carriageway,Vehicle_Leaving_Carriageway,Hit_Object_off_Carriageway,1st_Point_of_Impact,Was_Vehicle_Left_Hand_Drive?,Journey_Purpose_of_Driver,Sex_of_Driver,Age_of_Driver,Age_Band_of_Driver,Engine_Capacity_(CC),Propulsion_Code,Age_of_Vehicle,Driver_IMD_Decile,Driver_Home_Area_Type,Vehicle_IMD_Decile
2016076095448,2,9,0,18,0,0,1,0,2,7,2,1,2,1,31,6,1995,2,6,3,1,3
2016076095527,1,5,0,18,0,0,2,0,0,0,3,1,6,1,44,7,1052,1,25,4,1,4
2016076095658,1,1,0,7,0,5,0,0,0,0,1,1,6,1,54,8,-1,-1,-1,5,1,5
2016076096072,1,9,0,1,0,0,0,0,0,0,2,1,6,1,-1,-1,-1,3,2,-1,-1,-1
2016076096215,1,8,0,16,0,2,0,0,0,0,1,1,1,1,42,7,1956,2,5,-1,-1,-1
2016076096371,1,9,0,7,0,1,0,0,0,0,3,1,6,2,39,7,1686,2,5,10,1,10
2016076096371,2,1,0,18,0,1,0,0,0,0,1,1,6,1,80,11,-1,-1,-1,2,1,2
2016076096395,1,9,0,4,0,0,0,0,0,0,2,1,6,1,42,7,1560,2,10,1,1,1
2016076096395,2,9,0,18,0,0,0,0,0,0,1,1,6,1,40,7,2179,2,3,5,1,5
2016076096395,3,9,0,4,0,0,0,0,0,0,1,1,6,1,52,8,2143,2,-1,9,1,9
2016076096401,1,9,0,9,0,6,0,0,0,0,1,1,6,1,31,6,1968,2,8,6,3,6
2016076096401,2,9,0,18,0,1,0,0,0,0,3,1,6,2,72,10,1248,1,3,7,3,7
2016076096539,1,1,0,18,0,1,0,0,0,0,0,1,6,1,64,9,-1,-1,-1,8,1,8
2016076096539,2,9,0,7,0,1,0,0,0,0,0,1,2,2,41,7,1229,1,1,4,1,4
2016076096704,1,9,0,18,0,0,1,0,1,0,1,1,6,1,68,10,1796,1,22,4,1,4
2016076096704,2,19,0,3,0,0,0,6,7,0,2,1,1,2,60,9,1868,2,10,5,3,5
2016076097447,1,9,0,5,0,1,0,0,1,0,4,1,6,1,24,5,998,1,4,-1,-1,-1
2016076097447,2,9,0,18,0,1,0,0,0,0,1,1,6,2,65,9,1246,1,11,9,1,9
2016076097447,3,20,1,3,0,1,0,0,0,0,1,1,1,1,48,8,-1,-1,-1,-1,-1,-1
2016076097492,1,9,0,9,0,8,0,0,0,0,0,1,6,1,-1,-1,1368,1,1,-1,-1,-1
2016076097492,2,9,0,9,0,8,0,0,0,0,0,1,1,1,26,6,2993,2,3,9,1,9
2016076097492,3,9,0,9,0,8,1,0,0,0,0,1,6,2,65,9,1560,2,3,7,2,7
2016076097518,1,9,0,5,0,4,0,0,0,0,1,2,6,2,27,6,998,1,3,9,1,9
2016076097518,2,9,0,5,0,4,0,0,0,0,2,2,6,1,48,8,1198,1,8,1,1,1
2016076097900,1,9,0,9,0,6,0,0,0,0,3,1,6,1,25,5,1951,2,15,10,1,10
2016076097900,2,2,0,18,0,8,2,0,0,0,1,1,6,1,31,6,49,1,5,8,1,8
2016076097948,1,21,1,11,0,0,0,0,0,0,4,2,1,1,38,7,-1,-1,-1,-1,-1,-1
2016076097948,2,9,0,18,0,0,0,0,0,0,3,1,6,2,25,5,973,1,13,6,1,6
2016076097955,1,9,0,18,0,1,0,0,0,0,1,1,6,1,-1,-1,1299,1,15,-1,-1,-1
2016076097955,2,19,0,3,0,1,0,0,0,0,2,1,6,1,33,6,1686,2,11,9,1,9
2016076098314,1,9,0,17,0,4,0,0,0,0,2,1,6,3,-1,-1,1986,2,8,7,1,7
2016076098314,2,19,0,18,0,1,0,0,0,0,1,1,1,1,48,8,1968,2,6,1,1,1
2016076098570,1,9,0,5,0,1,0,0,0,0,1,1,6,2,60,9,999,1,-1,3,1,3
2016076098570,2,1,0,18,0,8,0,0,0,0,4,1,2,1,21,5,-1,-1,-1,10,1,10
2016076098782,1,9,0,18,0,0,0,0,0,0,1,1,2,2,57,9,1956,2,7,2,1,2
2016076098782,2,9,0,3,0,0,0,0,0,0,2,1,6,1,25,5,1396,1,1,4,1,4
2016076098934,1,9,0,4,0,0,0,0,0,0,1,1,6,2,25,5,1400,2,11,1,1,1
2016076098934,2,9,0,4,0,0,0,0,0,0,2,1,6,1,35,6,2191,2,4,7,1,7
2016076098934,3,9,0,4,0,0,0,0,0,0,2,1,6,1,35,6,998,1,-1,3,1,3
2016076098934,4,9,0,4,0,0,0,0,0,0,2,1,6,1,37,7,1560,2,7,7,1,7
2016076099071,1,4,0,18,0,1,1,0,0,0,1,1,6,1,23,5,806,1,3,2,1,2
2016076099071,2,9,0,9,0,6,0,0,0,0,3,1,6,1,56,9,999,1,1,3,1,3
2016076099186,1,3,0,18,0,0,1,0,0,0,1,1,6,1,28,6,125,1,1,2,1,2
2016076099186,2,9,0,5,0,0,0,0,0,0,1,1,6,1,21,5,1596,1,9,8,1,8
2016076099403,1,3,0,4,0,1,2,0,0,0,3,1,2,1,30,6,125,1,3,-1,-1,-1
2016076099542,1,9,0,11,0,8,0,0,0,0,4,1,1,1,59,9,-1,-1,-1,5,1,5
2016076099542,2,9,0,18,0,8,0,0,0,0,3,1,1,1,61,9,-1,-1,-1,2,1,2
2016076099554,1,21,1,11,0,0,0,0,0,0,1,1,1,1,60,9,10518,2,5,2,1,2
2016076099554,2,9,0,18,0,0,1,0,2,7,2,1,2,1,30,6,1242,1,11,8,1,8
2016076099583,1,19,0,12,0,0,0,0,0,0,3,1,1,1,-1,-1,2143,2,3,-1,-1,-1
2016076099583,2,9,0,18,0,0,0,0,0,0,4,1,1,1,47,8,1598,2,1,10,1,10
2016076100050,1,21,1,18,0,0,0,0,0,0,4,1,1,1,55,8,12900,2,8,2,1,2
2016076100050,2,9,0,11,0,0,0,0,0,0,3,1,6,1,52,8,1560,2,7,9,1,9
2016076100075,1,9,0,17,0,0,2,0,1,10,4,1,6,1,18,4,1242,1,8,8,1,8
2016076100302,1,9,0,18,0,0,0,0,0,0,4,1,6,1,24,5,1497,1,15,1,1,1
2016076100302,2,9,0,2,0,0,0,0,0,0,3,1,6,3,-1,-1,1997,2,8,1,1,1
2016076100302,3,9,0,2,0,0,0,0,0,0,4,1,6,3,-1,-1,1596,1,3,1,1,1
2016076100715,1,9,0,4,0,0,0,0,0,0,2,1,6,1,28,6,1396,1,13,7,1,7
2016076100715,2,9,0,4,0,0,1,0,0,0,1,1,6,1,55,8,1998,2,9,-1,3,-1
2016076100715,3,9,0,4,0,0,0,0,0,0,3,1,6,1,22,5,1461,2,3,-1,3,-1
2016076100715,4,9,0,4,0,0,1,0,0,0,1,1,6,1,65,9,1499,2,1,-1,3,-1
2016076100725,1,9,0,13,0,1,1,10,2,11,4,1,6,1,19,4,1685,2,3,-1,1,-1
2016076100725,2,9,0,18,0,1,0,0,0,0,0,1,1,1,-1,-1,2993,2,3,10,2,10
2016076100725,3,9,0,18,0,1,0,0,0,0,0,1,1,1,-1,-1,2993,2,-1,10,2,10
2016076100725,4,11,0,5,0,1,0,0,0,0,3,1,1,1,51,8,7300,2,7,-1,1,-1
2016076100725,5,9,0,18,0,2,0,0,0,0,3,1,6,2,22,5,1598,1,11,3,1,3
2016076100725,6,9,0,2,0,2,0,0,0,0,2,1,6,2,43,7,1229,1,8,2,1,2
2016076100811,1,9,0,3,0,0,0,0,0,0,2,1,6,2,63,9,1339,1,1,5,1,5
2016076100811,2,9,0,4,0,0,0,0,0,0,1,1,6,2,25,5,998,1,9,1,1,1
2016076101048,1,9,0,16,0,0,5,0,7,2,1,1,6,1,25,5,1598,2,-1,9,1,9
2016076101048,2,9,0,17,0,0,0,0,0,0,1,1,6,2,54,8,2696,2,10,6,1,6
2016076101052,1,9,0,3,0,0,0,0,0,0,2,1,6,1,34,6,2494,8,1,6,1,6
2016076101052,2,9,0,3,0,0,0,0,0,0,2,1,6,1,37,7,2979,1,11,5,1,5
2016076101052,3,9,0,3,0,0,0,0,0,0,2,1,1,1,26,6,-1,-1,-1,1,1,1
2016076101052,4,9,0,3,0,0,0,0,0,0,2,1,6,1,23,5,1595,1,6,6,1,6
2016076101052,5,19,0,18,0,0,0,0,0,0,1,1,6,1,55,8,-1,-1,-1,6,3,6
2016076101079,1,8,0,2,0,0,0,0,0,0,2,1,6,1,51,8,1997,2,6,6,1,6
2016076101095,1,9,0,16,0,0,0,0,1,10,1,1,6,1,65,9,698,1,10,6,1,6
2016076101095,2,9,0,17,0,0,0,0,0,0,1,1,6,1,47,8,1896,2,7,10,1,10
2016076101145,1,9,0,9,0,5,0,0,0,0,1,1,6,1,50,8,1149,1,7,10,1,10
2016076101145,2,3,0,18,0,1,1,0,0,0,1,1,6,1,26,6,124,1,11,10,1,10
2016076101675,1,9,0,9,0,5,0,0,0,0,4,1,6,1,25,5,-1,-1,-1,3,1,3
2016076101675,2,1,0,18,0,1,0,0,0,0,1,1,6,1,43,7,-1,-1,-1,10,1,10
2016076101764,1,9,0,6,0,1,0,0,0,0,3,1,6,1,27,6,1461,2,1,4,1,4
2016076101764,2,5,0,14,0,1,0,0,0,0,1,1,6,1,42,7,750,1,3,10,1,10
2016076101770,1,9,0,18,0,5,0,0,0,0,4,1,6,1,-1,-1,-1,-1,-1,-1,-1,-1
2016076101770,2,9,0,18,0,5,0,0,0,0,3,1,6,2,24,5,1248,2,6,7,1,7
2016076101828,1,9,0,18,0,0,0,0,0,0,1,1,6,2,-1,-1,1598,1,2,5,1,5
2016076101828,2,9,0,18,0,0,0,0,0,0,2,1,6,2,-1,-1,1461,2,6,6,2,6
2016076101831,1,11,0,1,8,0,0,0,0,0,2,1,1,1,46,8,4500,2,4,2,1,2
2016076101890,1,9,0,9,0,5,0,0,0,0,3,1,6,2,24,5,1299,1,9,-1,-1,-1
2016076102253,1,9,0,18,0,0,5,0,7,0,1,1,6,1,22,5,1149,1,10,6,3,6
2016076102826,1,5,0,16,0,0,5,0,1,0,1,1,6,1,54,8,798,1,-1,10,3,10
2016076102826,2,9,0,17,0,0,0,0,7,0,3,1,6,1,75,10,1560,2,1,7,3,7
2016076102996,1,9,0,18,0,4,1,0,0,0,1,1,6,2,-1,-1,1685,2,2,-1,-1,-1
2016076102996,2,9,0,7,0,3,1,0,8,0,3,1,6,2,-1,-1,1242,1,9,-1,-1,-1
2016076103055,1,3,0,4,0,1,0,0,0,0,1,1,6,1,21,5,125,1,1,8,1,8
2016076103055,2,9,0,4,0,1,0,0,0,0,2,1,6,2,62,9,1229,1,2,9,1,9
2016076103272,1,9,0,5,0,8,0,0,0,0,1,1,6,1,32,6,1368,1,10,8,1,8
2016076103272,2,9,0,7,0,8,0,0,0,0,3,1,6,2,26,6,1149,1,14,3,1,3
2016076104025,1,9,0,18,0,1,0,0,0,0,1,1,6,2,53,8,-1,-1,-1,2,1,2
2016076104025,2,9,0,9,0,7,0,0,0,0,1,1,6,1,75,10,-1,-1,-1,2,1,2
2016076104118,1,9,0,18,0,2,0,0,0,0,1,1,2,2,32,6,1242,1,4,2,1,2
2016076104118,2,9,0,18,0,2,0,0,0,0,2,1,2,2,21,5,1242,1,4,7,1,7
2016076104246,1,9,0,18,0,1,0,0,0,0,4,1,6,1,-1,-1,1956,2,2,9,1,9
2016076104246,2,9,0,18,0,8,0,0,0,0,1,1,6,1,28,6,1956,2,2,2,1,2
2016076104612,1,1,0,18,5,0,5,0,0,0,3,1,4,1,14,3,-1,-1,-1,8,1,8
2016076104612,2,9,0,4,0,0,0,0,0,0,1,1,2,1,43,7,1995,2,4,10,1,10
2016076104742,1,9,0,18,0,8,0,0,0,0,1,1,6,1,50,8,1560,2,2,1,1,1
2016076104742,2,9,0,9,0,8,0,0,0,0,4,1,1,1,-1,-1,3999,1,3,-1,-1,-1
2016076104800,1,9,0,5,0,0,0,0,0,0,3,1,6,1,77,11,1984,2,6,4,1,4
2016076104800,2,9,0,4,0,0,0,0,0,0,1,1,1,2,26,6,995,1,5,5,1,5
2016076105195,1,9,0,13,0,0,0,0,0,0,1,1,6,1,35,6,-1,-1,-1,5,1,5
2016076105195,2,9,0,13,0,0,0,0,0,0,2,1,6,1,29,6,-1,-1,-1,-1,1,-1
2016076105195,3,9,0,2,0,0,0,0,0,0,0,1,6,1,24,5,1398,1,1,-1,1,-1
2016076105616,1,9,0,9,0,1,0,0,0,0,1,1,6,2,-1,-1,-1,-1,-1,-1,-1,-1
2016076105616,2,1,0,7,0,1,0,0,0,0,1,1,2,2,34,6,-1,-1,-1,2,1,2
2016076105628,1,9,0,17,0,0,0,10,1,11,1,1,1,1,55,8,-1,-1,-1,9,2,9
2016076106421,1,19,0,9,0,5,0,0,0,0,4,1,6,1,33,6,1560,2,3,8,1,8
2016076106421,2,9,0,18,0,1,0,0,0,0,1,1,6,2,42,7,1598,2,3,-1,-1,-1
2016076106421,3,9,0,10,0,1,0,0,0,0,4,1,6,2,24,5,998,1,-1,3,1,3
2016076106507,1,9,0,4,0,8,0,0,0,0,1,1,6,2,-1,-1,1798,1,9,6,1,6
2016076106507,2,9,0,4,0,8,0,0,0,0,2,1,6,2,22,5,1229,1,1,6,1,6
2016076106659,1,9,0,16,0,0,0,0,1,10,4,1,6,1,43,7,1753,2,15,8,1,8
2016076106811,1,9,0,5,0,4,0,0,0,0,3,1,6,1,23,5,1975,1,7,9,1,9
2016076106811,2,1,0,18,0,8,0,0,0,0,1,1,6,1,45,7,-1,-1,-1,5,1,5
2016076106842,1,3,0,13,0,0,0,0,0,0,4,1,6,1,18,4,124,1,5,-1,-1,-1
2016076106842,2,9,0,18,0,0,0,0,0,0,3,1,1,2,31,6,1349,1,7,1,1,1
2016076106842,3,3,0,13,0,0,0,0,0,0,4,1,6,1,18,4,124,1,5,-1,-1,-1
2016076106842,4,9,0,18,0,0,0,0,0,0,1,1,1,1,40,7,-1,-1,-1,7,1,7
2016076106959,1,9,0,5,0,0,0,0,0,0,1,1,1,2,-1,-1,1598,2,6,4,1,4
2016076107288,1,19,0,1,9,8,0,0,0,0,2,1,1,1,55,8,2461,2,11,6,1,6
2016076107356,1,9,0,5,0,8,0,0,0,0,3,1,2,2,41,7,2521,1,8,1,1,1
2016076107356,2,5,0,5,0,8,0,0,0,0,4,1,2,1,35,6,599,1,13,5,1,5
2016076107477,1,9,0,18,0,8,1,0,0,0,1,1,6,1,20,4,1242,1,9,3,1,3
2016076107477,2,9,0,18,0,8,5,0,0,0,4,1,6,2,46,8,1461,2,1,7,1,7
2016076107595,1,1,0,18,0,0,0,0,0,0,1,1,6,2,6,2,-1,-1,-1,1,1,1
2016076107595,2,9,0,18,0,0,0,0,0,0,3,1,6,1,17,4,1242,1,1,9,1,9
2016076107713,1,9,0,9,0,8,0,0,0,0,1,1,6,2,20,4,1364,1,11,2,1,2
2016076107713,2,3,0,18,0,8,0,0,0,0,1,1,6,1,24,5,124,1,4,9,1,9
2016076107870,1,9,0,18,0,0,1,0,8,10,1,1,6,1,20,4,1124,1,15,10,3,10
2016076107870,2,9,0,18,0,0,0,0,0,0,0,1,1,1,42,7,2993,2,3,10,2,10
2016076107948,1,9,0,4,0,1,0,0,0,0,1,1,2,2,27,6,1461,2,-1,3,1,3
2016076107948,2,9,0,4,0,1,0,0,0,0,2,1,2,1,44,7,1242,1,10,6,2,6
2016076107986,1,9,0,5,0,6,0,0,0,0,3,1,6,2,36,7,1984,1,10,10,1,10
2016076107986,2,9,0,18,0,8,0,0,0,0,1,1,6,2,31,6,1596,1,5,6,1,6
2016076108088,1,9,0,3,0,4,0,0,0,0,2,1,6,1,48,8,2298,1,18,-1,3,-1
2016076108088,2,9,0,4,0,4,0,0,0,0,1,1,6,2,-1,-1,1498,1,5,3,1,3
2016076108147,1,9,0,8,0,4,0,0,0,0,4,1,1,1,-1,-1,1998,1,15,9,1,9
2016076108147,2,9,0,18,0,4,0,0,0,0,3,1,1,2,21,5,998,1,8,2,1,2
2016076108231,1,9,0,5,0,4,0,0,0,0,1,1,1,1,49,8,-1,-1,-1,-1,-1,-1
2016076108231,2,9,0,3,0,4,0,0,0,0,2,1,2,2,48,8,1596,1,8,5,1,5
2016076108499,1,9,0,5,0,6,0,0,0,0,0,1,6,3,-1,-1,-1,-1,-1,-1,-1,-1
2016076108499,2,5,0,18,0,1,0,0,0,0,1,1,6,1,29,6,-1,-1,-1,1,1,1
2016076108499,3,9,0,2,0,2,0,0,0,0,2,1,2,1,-1,-1,1198,1,4,10,1,10
2016076108609,1,11,0,18,0,0,0,0,0,0,1,1,1,1,52,8,3900,2,10,4,1,4
2016076108609,2,9,0,11,0,0,0,0,0,0,2,1,6,1,54,8,1896,2,10,4,1,4
2016076108609,3,9,0,3,0,0,0,0,0,0,2,1,2,1,31,6,1997,1,12,1,1,1
2016076108609,4,9,0,3,0,0,0,0,0,0,2,1,2,1,48,8,1398,2,1,10,1,10
2016076109179,1,9,0,12,0,0,0,0,5,6,1,1,2,1,33,6,1560,2,7,-1,-1,-1
2016076109543,1,9,0,18,0,0,0,0,0,0,1,1,6,2,-1,-1,1398,2,7,5,1,5
2016076109543,2,9,0,3,0,0,0,0,0,0,2,1,6,2,26,6,1598,1,7,-1,1,-1
2016076109940,1,9,0,18,0,0,0,0,0,0,1,1,6,1,20,4,1896,2,8,3,1,3
2016076109940,2,9,0,18,0,0,0,0,0,0,1,1,6,1,40,7,1390,1,13,9,3,9
2016076110321,1,9,0,9,0,8,0,0,0,0,3,1,6,1,50,8,4367,2,3,7,3,7
2016076110321,2,1,0,18,0,8,0,0,0,0,1,1,6,1,43,7,-1,-1,-1,6,1,6
2016076110411,1,19,0,18,0,0,0,0,0,0,4,1,6,1,26,6,2477,2,9,8,3,8
2016076110411,2,1,0,13,0,0,0,0,0,0,3,1,6,1,46,8,-1,-1,-1,10,2,10
2016076110773,1,9,0,18,0,0,0,0,1,3,1,1,6,1,19,4,1149,1,14,4,1,4
2016076111140,1,9,0,17,0,1,0,0,0,0,3,1,6,2,80,11,1686,2,6,10,1,10
2016076111140,2,9,0,18,0,1,0,0,0,0,3,1,6,2,31,6,1686,2,6,5,1,5
2016076111682,1,19,0,18,0,4,0,0,0,0,1,1,2,1,56,9,1248,2,9,8,1,8
2016076111682,2,9,0,4,0,4,0,0,0,0,2,1,6,2,19,4,1248,2,1,8,1,8
2016076111703,1,9,0,9,0,8,1,0,0,0,3,1,6,1,50,8,1461,2,1,3,1,3
2016076111703,2,9,0,18,0,8,1,0,0,0,1,1,6,1,30,6,1910,2,10,10,1,10
2016076112092,1,9,0,18,0,0,0,4,0,0,1,1,6,1,73,10,1995,2,-1,-1,1,-1
2016076112092,2,9,0,2,0,0,0,0,1,0,2,1,6,1,34,6,1968,2,9,2,1,2
2016076112118,1,9,0,4,0,0,0,0,0,0,2,1,2,1,47,8,1596,1,16,-1,-1,-1
2016076112118,2,19,0,4,0,0,1,0,0,0,1,1,2,1,34,6,2198,2,2,1,1,1
2016076112118,3,9,0,4,0,0,1,0,0,0,2,1,2,2,35,6,1398,1,-1,2,1,2
2016076112118,4,9,0,4,0,0,1,0,0,0,1,1,2,1,50,8,2685,2,12,-1,-1,-1
2016076112160,1,1,0,18,0,0,0,0,0,0,4,1,1,1,38,7,-1,-1,-1,8,1,8
2016076112301,1,9,0,10,0,1,0,0,0,0,2,1,6,1,31,6,-1,-1,-1,9,3,9
2016076112301,2,9,0,18,0,1,0,0,0,0,1,1,6,1,26,6,2967,2,1,9,3,9
2016076112363,1,9,0,4,0,1,0,0,0,0,2,1,1,1,27,6,-1,-1,-1,3,1,3
2016076112363,2,9,0,18,0,1,0,0,0,0,1,1,6,1,61,9,1896,2,7,2,1,2
2016076112516,1,21,1,16,0,3,2,0,0,0,3,1,1,1,24,5,10518,2,3,5,1,5
2016076112669,1,9,0,7,5,0,0,0,0,0,4,1,6,2,-1,-1,-1,-1,-1,-1,-1,-1
2016076112812,1,21,0,3,0,1,0,0,0,0,1,2,1,1,37,7,12419,2,2,2,1,2
2016076112812,2,9,0,4,0,1,0,0,0,0,2,2,6,2,31,6,998,1,5,2,1,2
2016076112879,1,9,0,18,0,0,0,0,0,0,2,2,6,1,18,4,-1,-1,-1,2,1,2
2016076112879,2,9,0,2,0,0,0,0,0,0,0,2,1,1,26,6,1360,1,7,2,1,2
2016076113210,1,9,0,18,0,0,0,0,7,9,1,1,6,2,79,11,998,1,2,3,1,3
2016076113210,2,19,0,18,0,0,0,10,0,2,3,1,2,1,25,5,2402,2,5,3,1,3
2016076113210,3,9,0,18,0,0,0,10,0,0,3,1,2,1,43,7,1598,2,2,7,1,7
2016076113272,1,19,0,9,0,1,0,0,0,0,1,1,1,1,25,5,1968,2,1,5,2,5
2016076113272,2,3,0,18,0,1,0,0,0,0,1,1,1,1,23,5,125,1,2,4,1,4
2016076113272,3,19,0,18,0,1,0,0,0,0,0,1,1,1,46,8,2402,2,11,-1,1,-1
2016076113304,1,19,0,17,0,0,0,0,0,0,3,1,1,1,23,5,2148,2,6,7,1,7
2016076113304,2,19,0,16,0,0,0,10,2,0,3,1,1,1,72,10,2143,2,4,2,1,2
2016076113519,1,9,0,5,0,1,0,0,0,11,1,1,6,1,-1,-1,1598,1,3,-1,-1,-1
2016076113556,1,9,0,18,0,0,0,0,0,0,3,1,6,2,59,9,1329,1,1,10,1,10
2016076113734,1,9,0,9,0,1,0,0,0,0,3,1,3,2,43,7,1796,2,3,9,1,9
2016076113734,2,2,0,13,0,1,0,0,0,0,1,1,6,1,19,4,124,1,1,9,3,9
2016076113912,1,9,0,4,0,0,0,0,0,0,1,1,6,1,-1,-1,-1,-1,-1,2,1,2
2016076113912,2,9,0,4,0,0,0,0,0,0,2,1,2,2,24,5,1242,1,3,-1,1,-1
2016076113912,3,9,0,4,0,0,0,0,0,0,2,1,2,2,-1,-1,1108,1,14,10,1,10
2016076113971,1,9,0,18,0,0,0,0,0,0,4,1,2,2,35,6,998,1,-1,8,1,8
2016076114395,1,21,1,13,0,8,0,0,0,0,4,1,1,1,46,8,12777,2,1,7,1,7
2016076114395,2,1,0,18,0,8,0,0,0,0,3,1,2,1,62,9,-1,-1,-1,5,2,5
2016076115271,1,2,0,7,0,0,0,12,0,0,1,1,2,1,35,6,125,1,3,2,2,2
2016076115691,1,9,0,5,0,1,0,0,0,0,1,1,2,1,51,8,1598,1,11,8,3,8
2016076115734,1,9,0,3,0,1,0,0,0,0,1,1,6,2,-1,-1,1598,1,11,-1,-1,-1
2016076115734,2,9,0,3,0,1,0,0,0,0,2,1,6,2,48,8,1149,1,8,2,1,2
2016076115774,1,2,0,18,0,0,0,0,0,0,1,1,6,1,42,7,108,1,1,7,3,7
2016076115774,2,9,0,4,0,0,0,0,0,0,2,1,1,2,44,7,1598,1,9,2,1,2
2016076115830,1,9,0,18,0,0,0,0,0,0,1,1,6,2,38,7,1781,1,13,9,2,9
2016076115830,2,19,0,18,0,0,0,0,0,0,4,1,1,1,26,6,2299,2,2,-1,-1,-1
2016076115887,1,11,0,5,0,1,0,0,0,0,1,1,1,1,38,7,4250,2,4,10,1,10
2016076116044,1,9,0,18,0,0,0,0,0,0,1,1,6,2,41,7,1560,2,1,5,1,5
2016076116044,2,9,0,4,0,0,0,0,4,6,2,1,6,1,23,5,1968,2,8,9,2,9
2016076116044,3,9,0,4,0,0,0,0,0,0,2,1,6,1,43,7,1560,2,9,1,1,1
2016076116136,1,9,0,5,0,2,0,0,0,0,3,1,6,2,50,8,1390,1,5,7,3,7
2016076116136,2,9,0,18,0,1,0,0,0,0,1,1,6,1,28,6,1798,1,13,5,1,5
2016076116136,3,9,0,10,0,1,0,0,0,0,0,1,6,1,33,6,998,1,3,4,1,4
2016076116243,1,9,0,6,0,0,0,0,0,0,3,1,6,2,49,8,-1,-1,-1,10,3,10
2016076116243,2,5,0,18,0,0,5,0,0,0,1,1,6,1,46,8,781,1,18,3,1,3
2016076116248,1,9,0,18,0,2,0,0,0,0,4,2,6,2,42,7,1368,1,7,9,3,9
2016076116390,1,9,0,18,0,0,1,0,4,6,4,1,6,1,30,6,1896,2,12,10,3,10
2016076116390,2,21,1,18,0,0,0,0,0,0,3,1,6,1,32,6,12740,2,3,2,1,2
2016076116390,3,21,1,18,0,0,0,0,0,0,4,1,6,1,35,6,12777,2,8,-1,-1,-1
2016076116390,4,9,0,18,0,0,0,0,4,6,1,1,6,1,22,5,1999,1,9,-1,1,-1
2016076116480,1,9,0,17,0,0,2,0,7,9,1,1,6,1,27,6,1995,2,8,1,1,1
2016076116598,1,9,0,9,0,8,0,0,0,0,3,1,6,2,-1,-1,1598,1,5,-1,-1,-1
2016076116598,2,3,0,18,0,8,0,0,0,0,4,1,6,1,58,9,125,1,1,2,1,2
2016076116893,1,9,0,18,0,0,1,0,0,0,1,1,6,1,55,8,1461,2,-1,7,1,7
2016076116893,2,9,0,4,0,0,0,0,0,0,2,1,6,1,54,8,1248,1,5,1,1,1
2016076116893,3,9,0,4,0,0,0,0,0,0,1,1,6,2,49,8,1896,2,12,7,1,7
2016076116893,4,9,0,4,0,0,0,0,0,0,2,1,6,1,63,9,1560,2,6,3,1,3
2016076116936,1,9,0,18,0,0,0,0,0,0,1,1,6,1,24,5,1769,1,14,8,1,8
2016076116936,2,9,0,4,0,0,0,0,0,0,2,1,6,1,42,7,1984,1,10,7,1,7
2016076116948,1,9,0,4,0,0,0,0,0,0,1,1,6,2,75,10,1242,1,8,10,2,10
2016076116948,2,9,0,4,0,0,0,0,0,0,2,1,6,1,73,10,2204,2,8,2,1,2
2016076116948,3,9,0,4,0,0,0,0,0,0,0,1,6,2,73,10,1497,1,14,-1,1,-1
2016076117033,1,9,0,3,0,0,0,0,0,0,2,1,6,2,26,6,998,1,4,9,1,9
2016076117033,2,9,0,4,0,0,0,0,0,0,1,1,6,2,39,7,1399,2,4,2,1,2
2016076117089,1,9,0,18,0,0,5,10,2,11,1,1,1,1,56,9,1390,1,9,4,1,4
2016076117412,1,1,0,18,0,0,0,4,0,0,1,1,6,1,45,7,-1,-1,-1,-1,3,-1
2016076117412,2,9,0,2,0,0,0,0,0,0,2,1,6,3,-1,-1,-1,-1,-1,-1,-1,-1
2016076117520,1,9,0,1,0,0,0,0,0,0,2,1,6,3,-1,-1,-1,-1,-1,-1,-1,-1
2016076117989,1,9,0,9,0,8,0,0,0,0,4,1,6,1,-1,-1,-1,-1,-1,10,1,10
2016076117989,2,9,0,18,0,8,0,0,0,0,1,1,6,1,-1,-1,2993,2,4,8,1,8
2016076118112,1,1,0,16,0,1,0,0,0,0,0,1,6,1,48,8,-1,-1,-1,10,2,10
2016076118112,2,9,0,1,0,1,0,0,0,0,0,1,6,1,30,6,-1,-1,-1,-1,-1,-1
2016076118292,1,9,0,17,0,0,0,10,1,9,3,1,6,1,24,5,1598,2,-1,1,1,1
2016076118297,1,9,0,18,0,0,0,0,0,0,4,1,2,1,50,8,998,1,2,-1,-1,-1
2016076118476,1,9,0,18,0,1,0,0,1,0,1,1,6,1,29,6,1587,1,14,7,1,7
2016076118476,2,9,0,10,0,5,0,0,0,0,2,1,6,1,20,4,1248,2,12,1,1,1
2016076118783,1,11,0,15,0,1,0,0,0,0,2,1,1,1,65,9,4249,2,4,5,1,5
2016076118783,2,9,0,15,0,1,0,0,0,0,2,1,2,1,33,6,1753,2,8,1,1,1
2016076118787,1,9,0,3,0,1,0,0,0,0,1,1,6,1,-1,-1,-1,-1,-1,-1,-1,-1
2016076118787,2,9,0,3,0,1,0,0,0,0,2,1,1,1,26,6,1197,1,1,3,1,3