Accident_Index,Vehicle_Reference,Vehicle_Type,Towing_and_Articulation,Vehicle_Manoeuvre,Vehicle_Location-Restricted_Lane,Junction_Location,Skidding_and_Overturning,Hit_Object_in_Carriageway,Vehicle_Leaving_Carriageway,Hit_Object_off_Carriageway,1st_Point_of_Impact,Was_Vehicle_Left_Hand_Drive?,Journey_Purpose_of_Driver,Sex_of_Driver,Age_of_Driver,Age_Band_of_Driver,Engine_Capacity_(CC),Propulsion_Code,Age_of_Vehicle,Driver_IMD_Decile,Driver_Home_Area_Type,Vehicle_IMD_Decile
2016076138155,1,9,0,18,0,0,0,0,0,0,1,1,6,2,-1,-1,1596,1,13,-1,-1,-1
2016076138155,2,10,0,3,0,0,0,0,0,0,2,1,3,1,38,7,1998,2,11,2,1,2
2016076138334,1,9,0,18,0,8,0,0,0,0,4,1,6,3,-1,-1,-1,-1,-1,-1,-1,-1
2016076138605,1,9,0,18,0,0,0,0,7,4,1,1,6,1,43,7,1975,1,13,6,1,6
2016076138605,2,9,0,18,0,0,0,0,7,4,1,1,2,2,43,7,1679,1,16,10,1,10
2016076138877,1,9,0,11,0,1,0,0,0,0,4,1,6,1,-1,-1,1798,1,9,-1,-1,-1
2016076138877,2,4,0,18,0,1,0,0,0,0,3,1,6,1,61,9,350,1,70,8,1,8
2016076139145,1,9,0,9,0,6,0,0,0,0,3,1,6,2,82,11,998,1,1,8,3,8
2016076139145,2,5,0,18,0,1,0,0,0,0,1,1,6,1,60,9,1050,1,5,1,1,1
2016076139341,1,5,0,18,0,1,1,0,0,0,1,1,1,1,53,8,996,1,15,2,1,2
2016076139341,2,9,0,9,0,1,0,0,0,0,1,1,6,1,45,7,1798,1,9,10,1,10
2016076139364,1,9,0,18,0,1,0,0,0,0,1,1,6,1,63,9,1598,1,14,1,1,1
2016076139364,2,9,0,18,0,1,0,0,0,0,2,1,6,1,43,7,1497,8,7,6,2,6
2016076139370,1,1,0,18,0,1,0,0,0,0,1,1,6,1,46,8,-1,-1,-1,1,1,1
2016076139370,2,8,0,18,0,1,0,0,0,0,1,1,1,1,67,10,1598,2,3,1,1,1
2016076139410,1,3,0,18,0,1,0,0,0,0,4,1,6,1,26,6,125,1,1,4,1,4
2016076139410,2,9,0,9,0,6,0,0,0,0,1,1,6,1,79,11,1992,2,8,2,1,2
2016076139415,1,9,0,9,0,4,0,0,0,0,1,1,6,2,70,10,1229,1,3,-1,-1,-1
2016076139415,2,1,0,18,0,4,0,0,0,0,1,1,6,1,-1,-1,-1,-1,-1,-1,-1,-1
2016076139439,1,9,0,17,0,0,0,0,0,0,3,1,6,2,52,8,1910,2,10,10,1,10
2016076139439,2,9,0,16,0,0,0,0,0,0,3,1,6,1,36,7,1968,2,1,6,1,6
2016076139630,1,9,0,18,0,0,2,2,0,0,4,1,6,1,33,6,2143,2,-1,3,1,3
2016076139630,2,9,0,18,0,0,0,0,0,0,2,1,6,2,46,8,998,1,4,8,1,8
2016076139647,1,9,0,1,0,8,1,0,3,10,2,1,6,2,63,9,1591,1,4,10,1,10
2016076139661,1,9,0,18,0,0,0,0,0,0,1,1,6,2,22,5,1229,1,9,7,3,7
2016076139661,2,9,0,18,0,0,0,0,0,0,2,1,6,2,42,7,1598,2,4,8,1,8
2016076139888,1,1,0,18,9,0,0,0,0,0,1,1,6,1,-1,-1,-1,-1,-1,-1,-1,-1
2016076140195,1,9,0,17,0,0,2,0,0,0,1,1,6,2,70,10,1461,2,9,6,1,6
2016076140221,1,9,0,5,0,6,5,0,0,10,3,1,6,2,72,10,1995,2,1,7,3,7
2016076140221,2,9,0,18,0,8,0,0,0,0,1,1,6,2,65,9,1461,2,-1,10,2,10
2016076141086,1,9,0,18,0,1,0,0,0,0,1,1,6,1,20,4,1388,1,11,8,1,8
2016076141086,2,8,0,18,0,1,0,0,0,0,1,1,1,1,33,6,-1,-1,-1,-1,-1,-1
2016076141113,1,9,0,6,0,0,0,0,0,0,3,1,1,1,40,7,2148,2,11,6,1,6
2016076141113,2,5,0,18,0,0,0,0,0,0,1,1,6,1,58,9,1255,1,4,5,3,5
2016076141284,1,9,0,13,0,0,0,0,0,0,1,1,6,1,32,6,2461,2,12,7,1,7
2016076141284,2,9,0,18,0,0,0,0,7,11,1,1,6,1,21,5,1781,1,14,3,1,3
2016076141371,1,9,0,4,0,2,0,0,0,0,2,1,6,1,70,10,1598,1,13,1,1,1
2016076141371,2,9,0,4,0,2,0,0,0,0,1,1,6,1,18,4,998,1,3,2,1,2
2016076141570,1,9,0,18,0,1,0,0,0,0,4,1,6,1,39,7,1997,2,6,5,1,5
2016076141570,2,1,0,4,0,1,0,0,0,0,1,1,6,2,43,7,-1,-1,-1,10,1,10
2016076141572,1,9,0,5,0,0,0,0,0,0,4,1,6,2,29,6,1995,1,7,8,2,8
2016076141572,2,5,0,18,0,0,5,0,0,0,1,1,6,1,45,7,599,1,19,2,1,2
2016076141889,1,9,0,18,0,0,0,0,4,7,3,1,6,1,34,6,1753,2,10,7,1,7
2016076142099,1,21,0,18,0,4,0,0,0,0,3,2,1,1,34,6,6370,2,6,8,1,8
2016076142099,2,5,0,17,0,4,0,0,0,0,1,1,1,1,56,9,1100,1,22,-1,3,-1
2016076142178,1,19,0,18,0,0,0,0,0,0,1,1,6,1,-1,-1,-1,-1,-1,-1,-1,-1
2016076142178,2,9,0,4,0,0,0,0,0,0,2,1,1,2,30,6,1362,1,3,1,1,1
2016076142458,1,9,0,9,0,0,0,0,0,0,4,1,6,2,35,6,1461,2,1,1,1,1
2016076142458,2,1,0,18,0,0,0,0,0,0,1,1,6,1,23,5,-1,-1,-1,1,1,1
2016076142537,1,9,0,9,0,1,0,0,0,0,4,1,6,1,44,7,1390,1,3,8,2,8
2016076142537,2,9,0,18,0,1,0,0,0,0,1,1,1,2,48,8,996,1,6,1,1,1
2016076142823,1,9,0,4,0,4,0,0,0,0,0,1,6,2,53,8,1398,2,1,10,1,10
2016076142823,2,9,0,4,0,4,0,0,0,0,0,1,1,2,46,8,1248,1,2,4,1,4
2016076142823,3,9,0,18,0,4,0,0,0,0,0,1,6,1,29,6,1968,2,-1,10,1,10
2016076143112,1,9,0,18,0,0,0,0,0,0,3,1,6,1,-1,-1,-1,-1,-1,-1,-1,-1
2016076143216,1,3,0,17,0,0,1,0,1,0,1,1,6,1,34,6,125,1,6,3,1,3
2016076143281,1,9,0,1,9,0,0,0,0,0,2,1,6,1,-1,-1,-1,-1,-1,-1,-1,-1
2016076143281,2,1,0,2,9,0,0,0,0,0,1,1,1,2,19,4,-1,-1,-1,8,1,8
2016076143454,1,11,0,5,8,1,0,0,0,0,4,1,1,1,53,8,3900,2,10,2,1,2
2016076143763,1,9,0,18,0,0,0,0,0,0,1,1,2,2,61,9,2231,2,3,2,1,2
2016076143763,2,9,0,4,0,0,0,0,0,0,2,1,2,1,41,7,2191,2,2,6,3,6
2016076143763,3,9,0,3,0,0,0,0,0,0,2,1,2,1,43,7,2143,2,3,9,1,9
2016076143857,1,9,0,18,0,8,1,0,0,0,1,1,6,1,21,5,1896,2,13,7,1,7
2016076143857,2,9,0,18,0,8,0,0,0,0,1,1,2,1,49,8,1896,2,8,7,2,7
2016076143857,3,9,0,10,0,5,0,0,0,0,3,1,2,1,39,7,-1,-1,-1,9,3,9
2016076144063,1,9,0,17,0,0,0,0,0,0,3,2,6,3,-1,-1,-1,-1,-1,-1,-1,-1
2016076144319,1,9,0,12,0,0,0,0,0,0,3,1,2,1,35,6,1242,1,-1,4,1,4
2016076144319,2,9,0,18,0,0,0,0,0,0,3,1,2,1,56,9,1968,2,-1,5,1,5
2016076144741,1,9,0,18,0,0,0,0,0,0,1,1,6,1,25,5,1598,2,6,3,1,3
2016076144821,1,9,0,5,0,1,0,0,0,0,1,1,6,2,-1,-1,1598,1,13,-1,-1,-1
2016076144821,2,9,0,18,0,2,0,0,0,0,3,1,1,2,59,9,1560,2,4,8,1,8
2016076144911,1,1,0,18,0,2,0,0,0,0,4,1,6,1,13,3,-1,-1,-1,3,1,3
2016076144911,2,9,0,5,0,2,0,0,0,0,1,1,6,1,17,4,1388,1,13,7,1,7
2016076146515,1,1,0,18,9,1,1,0,0,0,1,1,3,1,13,3,-1,-1,-1,9,1,9
2016076146515,2,9,0,7,0,1,0,0,0,0,4,1,1,2,41,7,1995,2,5,9,1,9
2016076146536,1,1,0,18,9,8,0,0,0,0,1,1,6,1,41,7,-1,-1,-1,8,1,8
2016076146536,2,9,0,7,0,8,0,0,0,0,4,1,6,2,52,8,1242,1,2,7,1,7
2016076146662,1,9,0,5,0,8,0,0,0,0,1,1,1,2,31,6,1242,1,3,4,1,4
2016076146662,2,9,0,18,0,8,0,0,0,0,4,1,1,1,35,6,1995,2,-1,-1,1,-1
2016076146785,1,19,0,9,0,6,0,0,0,0,0,1,6,1,39,7,1998,2,13,1,1,1
2016076146785,2,9,0,18,0,1,1,0,0,0,0,1,6,2,25,5,1753,2,19,8,1,8
2016076146977,1,21,1,4,0,0,0,0,0,0,2,1,1,1,66,10,10677,2,2,-1,-1,-1
2016076146977,2,9,0,18,0,0,0,0,0,0,1,1,6,2,39,7,1591,1,1,3,1,3
2016076147134,1,9,0,4,0,1,0,0,0,0,1,1,6,1,80,11,1598,1,14,6,1,6
2016076147134,2,9,0,3,0,1,0,0,0,0,2,1,2,2,43,7,1968,2,5,7,3,7
2016076147450,1,9,0,18,0,0,0,0,0,2,4,1,6,1,27,6,1332,1,18,-1,-1,-1
2016076147751,1,9,0,5,0,4,0,0,0,0,1,1,6,2,80,11,1497,1,13,6,2,6
2016076147751,2,1,0,18,0,8,0,0,0,0,4,1,1,1,52,8,-1,-1,-1,4,2,4
2016076148023,1,9,0,1,0,0,0,0,0,0,2,1,6,2,-1,-1,1598,1,2,-1,-1,-1
2016076148056,1,9,0,9,0,0,0,0,0,0,1,1,6,2,28,6,1598,1,10,10,1,10
2016076148056,2,1,0,7,0,0,0,0,0,0,3,1,2,1,54,8,-1,-1,-1,9,1,9
2016076148135,1,9,0,18,0,0,0,10,0,0,1,1,6,1,30,6,1796,1,12,1,1,1
2016076148135,2,9,0,18,0,0,0,0,0,0,1,1,6,2,27,6,1995,2,3,10,1,10
2016076148143,1,5,0,18,0,0,1,10,0,0,1,1,6,1,35,6,599,1,15,2,1,2
2016076148144,1,90,0,18,0,0,0,0,0,0,1,1,6,1,37,7,-1,-1,-1,8,1,8
2016076148144,2,90,0,10,0,0,0,0,0,0,2,1,6,1,44,7,-1,-1,-1,6,1,6
2016076148256,1,9,0,16,0,0,0,0,0,0,1,1,6,1,28,6,1332,1,17,7,3,7
2016076148256,2,9,0,18,0,0,0,0,1,0,1,1,6,1,42,7,1124,1,15,2,1,2
2016076148301,1,9,0,18,0,0,0,0,0,0,1,1,6,1,41,7,2993,2,2,3,1,3
2016076148301,2,9,0,18,0,0,0,0,1,7,2,1,6,1,40,7,1598,2,3,4,1,4
2016076148552,1,9,0,17,0,0,0,0,2,7,1,1,6,2,32,6,1368,1,12,4,1,4
2016076148999,1,9,0,18,0,0,0,0,0,0,4,1,6,3,-1,-1,-1,-1,-1,-1,-1,-1
2016076148999,2,1,0,18,0,0,0,0,0,0,3,1,6,1,65,9,-1,-1,-1,3,1,3
2016076149672,1,9,0,18,0,0,5,7,0,0,1,1,2,1,19,4,1149,1,12,8,2,8
2016076149829,1,1,0,18,0,0,0,0,0,0,2,1,3,2,46,8,-1,-1,-1,2,1,2
2016076149829,2,19,0,5,0,0,0,0,0,0,1,1,1,1,57,9,-1,-1,-1,7,1,7
2016076149878,1,9,0,5,0,0,0,0,0,0,1,1,6,2,72,10,1461,2,13,-1,1,-1
2016076149878,2,9,0,5,0,0,0,0,0,0,2,1,6,2,38,7,998,1,3,-1,2,-1
2016076149983,1,9,0,5,0,8,0,0,0,0,1,1,6,1,-1,-1,1997,2,6,5,3,5
2016076149983,2,9,0,18,0,8,0,0,0,0,3,1,6,2,35,6,1599,1,13,9,3,9
2016076150129,1,9,0,17,0,8,0,0,0,0,1,1,1,1,37,7,1461,2,1,9,1,9
2016076150129,2,9,0,17,0,8,0,0,0,0,2,1,6,1,35,6,1968,2,1,3,1,3
2016076150549,1,21,1,18,0,0,0,0,0,0,1,1,1,1,40,7,-1,-1,-1,-1,-1,-1
2016076150549,2,21,1,18,0,0,0,0,0,0,2,1,1,1,-1,-1,10837,2,3,-1,-1,-1
2016076151179,1,9,4,18,0,0,0,0,0,0,0,1,6,1,39,7,2231,2,4,2,1,2
2016076151179,2,9,0,18,0,0,0,0,0,0,1,1,6,1,43,7,1896,2,8,2,1,2
2016076151501,1,21,0,9,0,4,0,0,0,0,1,1,6,3,-1,-1,-1,-1,-1,-1,-1,-1
2016076151501,2,1,0,18,0,3,0,0,0,0,2,1,2,1,45,7,-1,-1,-1,6,1,6
2016076151646,1,9,0,18,0,2,0,0,0,0,1,1,6,1,34,6,2393,1,18,3,1,3
2016076151646,2,9,0,2,0,2,0,0,0,0,2,1,2,2,25,5,-1,-1,-1,8,1,8
2016076151737,1,5,0,17,0,0,0,0,1,11,3,1,6,1,24,5,750,1,6,8,1,8
2016076152151,1,9,0,5,0,2,0,0,0,0,4,1,1,2,43,7,998,1,1,-1,-1,-1
2016076152151,2,1,0,18,9,1,5,0,0,0,1,1,6,1,35,6,-1,-1,-1,-1,-1,-1
2016076152510,1,21,1,11,0,1,0,0,0,0,4,1,1,1,57,9,12900,2,5,-1,1,-1
2016076152510,2,9,0,18,0,1,1,0,7,6,3,1,6,1,44,7,1497,1,12,3,1,3
2016076152693,1,19,0,17,0,8,0,0,0,0,3,1,1,1,59,9,2198,2,2,7,1,7
2016076152693,2,9,0,17,0,8,0,0,0,0,4,1,1,1,50,8,-1,-1,-1,3,1,3
2016076152716,1,9,0,18,0,0,0,0,0,0,3,1,2,1,21,5,1248,2,4,9,3,9
2016076152716,2,5,0,18,0,0,0,0,0,0,4,1,2,1,59,9,599,1,6,6,2,6
2016076152831,1,9,0,5,0,0,0,0,0,0,2,1,2,1,28,6,2204,2,9,10,1,10
2016076152831,2,9,0,16,0,0,1,0,0,0,1,1,3,1,28,6,1596,1,15,8,2,8
2016076152959,1,9,0,5,0,4,0,0,0,0,1,1,2,2,59,9,1560,2,6,1,1,1
2016076152959,2,1,0,18,0,8,0,0,0,0,4,1,2,2,45,7,-1,-1,-1,8,1,8
2016076152986,1,21,1,18,0,0,0,0,0,0,0,1,1,1,44,7,12809,2,3,6,1,6
2016076152986,2,21,1,18,0,0,3,0,1,6,2,1,1,1,58,9,12777,2,3,4,1,4
2016076152986,3,9,0,18,0,0,1,0,1,6,2,1,1,1,31,6,1991,2,8,8,1,8
2016076152986,4,21,1,18,0,0,1,0,0,0,2,1,1,1,53,8,12740,2,1,2,1,2
2016076153318,1,9,0,16,0,0,2,10,1,10,1,1,2,2,29,6,1584,1,12,9,1,9
2016076153639,1,9,0,18,0,0,0,0,0,0,1,1,6,1,22,5,1390,1,7,8,3,8
2016076153639,2,9,0,4,0,0,0,0,0,0,2,1,6,1,65,9,1998,2,9,9,1,9
2016076153778,1,21,0,18,0,0,0,0,0,0,1,1,1,1,43,7,12900,2,9,1,1,1
2016076153778,2,9,0,3,0,0,0,0,0,0,2,1,2,2,35,6,1968,2,2,4,1,4
2016076153778,3,9,0,3,0,0,0,0,0,0,2,1,2,1,33,6,1364,1,10,2,1,2
2016076153778,4,9,0,3,0,0,0,0,0,0,2,1,2,1,60,9,2000,2,10,1,1,1
2016076153778,5,19,0,3,0,0,0,0,0,0,2,1,1,1,65,9,1560,2,-1,9,1,9
2016076154028,1,90,0,18,0,1,0,0,0,0,0,1,6,1,30,6,-1,-1,-1,1,1,1
2016076154316,1,9,0,6,0,0,0,0,0,0,3,1,2,1,61,9,1339,1,11,10,2,10
2016076154316,2,1,0,14,0,0,0,0,0,0,1,1,2,1,53,8,-1,-1,-1,10,1,10
2016076154616,1,9,0,18,0,2,0,0,0,0,4,1,6,1,-1,-1,1582,2,6,8,1,8
2016076154616,2,9,0,2,6,8,0,0,0,0,3,1,6,1,36,7,1997,2,8,2,1,2
2016076154707,1,9,0,17,0,1,0,0,0,0,3,1,6,1,21,5,996,1,2,5,1,5
2016076154707,2,9,0,16,0,1,0,0,0,0,4,1,6,2,59,9,2143,2,5,7,3,7
2016076154950,1,9,0,18,0,0,0,0,0,0,3,1,6,2,44,7,998,1,1,8,1,8
2016076154998,1,9,0,5,0,7,0,0,0,0,4,1,2,1,-1,-1,2996,1,8,10,1,10
2016076154998,2,9,0,18,0,1,0,0,0,0,3,1,2,1,33,6,1796,1,9,4,1,4
2016076155208,1,9,0,18,0,1,0,0,0,0,1,1,6,1,-1,-1,998,1,17,10,1,10
2016076155208,2,9,0,9,0,1,0,0,0,0,2,1,6,1,40,7,1360,1,16,2,1,2
2016076155284,1,5,0,17,0,8,0,0,7,10,4,1,6,1,55,8,998,1,24,10,2,10
2016076155284,2,9,0,9,0,5,0,0,7,0,3,1,6,1,59,9,1968,2,-1,-1,1,-1
2016076155804,1,5,0,7,0,3,1,0,0,0,4,1,6,1,52,8,1050,1,5,7,1,7
2016076155804,2,9,0,11,0,8,0,0,0,0,3,1,6,2,50,8,1685,2,3,-1,2,-1
2016076155914,1,9,0,18,0,0,0,0,0,0,4,1,6,2,27,6,1124,1,5,2,1,2
2016076155914,2,1,0,2,0,0,0,0,0,0,3,1,6,1,12,3,-1,-1,-1,1,1,1
2016076156055,1,19,0,18,0,0,0,0,0,0,1,1,6,1,55,8,1968,2,1,5,1,5
2016076156055,2,21,1,18,0,0,0,0,1,11,1,1,1,1,48,8,-1,-1,-1,-1,-1,-1
2016076156055,3,9,0,18,0,0,0,0,0,0,0,1,6,1,55,8,1560,2,3,10,1,10
2016076156148,1,9,0,18,0,0,0,0,0,0,4,1,6,2,29,6,1398,1,3,4,1,4
2016076156148,2,9,0,12,0,0,0,0,0,0,1,1,1,1,24,5,-1,-1,-1,9,1,9
2016076156494,1,9,0,18,0,0,0,0,0,0,1,1,6,3,-1,-1,-1,-1,-1,-1,-1,-1
2016076156516,1,9,0,18,0,0,0,0,0,0,3,1,6,1,27,6,998,1,4,6,1,6
2016076156516,2,9,0,18,0,0,0,0,7,0,3,1,6,2,22,5,1368,1,7,7,1,7
2016076156852,1,5,0,14,0,1,0,0,0,0,4,1,6,1,51,8,1043,1,1,-1,-1,-1
2016076156852,2,9,0,9,0,1,0,0,0,0,3,1,6,2,25,5,1995,2,2,-1,-1,-1
2016076156907,1,9,0,4,0,0,1,0,0,0,4,1,6,1,36,7,1753,2,9,2,1,2
2016076156907,2,9,0,18,0,0,0,0,1,0,1,1,6,1,52,8,1796,1,12,1,1,1
2016076156936,1,5,0,18,0,8,1,0,1,11,4,1,6,1,69,10,865,1,1,2,1,2
2016076157072,1,3,0,18,0,0,1,0,0,0,1,1,6,1,18,4,125,1,1,1,1,1
2016076157142,1,9,0,5,9,0,1,0,1,0,1,1,6,1,32,6,6208,1,4,-1,1,-1
2016076157233,1,3,0,17,0,0,1,0,1,7,1,1,6,1,41,7,125,1,2,1,1,1
2016076157951,1,9,0,4,0,0,1,0,0,0,1,1,6,1,27,6,1896,2,15,7,1,7
2016076157951,2,9,0,4,0,0,0,0,0,0,2,1,6,1,30,6,2488,2,7,8,3,8
2016076157999,1,9,0,9,0,1,0,0,0,0,1,1,6,1,31,6,1596,1,9,8,1,8
2016076157999,2,9,0,18,0,1,0,0,0,0,0,1,6,1,41,7,2967,2,4,10,1,10
2016076157999,3,5,0,18,0,1,0,0,0,0,1,1,6,2,25,5,599,1,16,3,1,3
2016076158213,1,9,0,3,0,0,0,0,0,0,2,1,6,2,49,8,1910,2,6,-1,-1,-1
2016076158213,2,9,0,3,0,0,0,0,0,0,2,1,6,1,27,6,1968,2,4,9,1,9
2016076158213,3,9,0,18,0,0,0,0,0,0,1,1,6,2,29,6,1598,2,3,3,1,3
2016076158406,1,90,5,17,0,0,0,0,0,0,0,1,6,3,-1,-1,-1,-1,-1,-1,-1,-1
2016076158406,2,90,1,17,0,0,2,0,1,11,4,1,6,1,21,5,660,1,11,1,1,1
2016076159299,1,9,0,18,0,0,2,0,4,6,2,1,6,2,57,9,2993,2,9,7,1,7
2016076159299,2,20,0,18,0,0,0,0,0,0,1,1,1,1,49,8,6692,2,5,1,1,1
2016076159424,1,9,0,18,0,0,2,0,1,0,4,1,6,1,18,4,1360,1,14,6,1,6
2016076159469,1,19,0,18,0,0,0,0,0,0,0,1,2,1,45,7,-1,-1,-1,2,1,2
2016076159469,2,1,0,18,0,0,0,0,0,0,0,1,6,1,8,2,-1,-1,-1,2,1,2
2016076159597,1,9,0,4,0,0,0,0,0,0,2,1,6,2,29,6,1498,1,1,2,1,2
2016076159597,2,3,0,4,0,0,0,0,0,0,1,1,6,1,20,4,124,1,-1,1,1,1
2016076159626,1,9,0,11,0,2,0,0,0,0,4,1,6,1,68,10,1995,2,5,8,1,8
2016076159626,2,9,0,18,0,2,0,0,1,10,3,1,6,2,23,5,1598,1,13,9,1,9
2016076160004,1,21,1,18,0,0,0,0,0,0,4,1,1,1,51,8,11967,2,7,9,1,9
2016076160004,2,9,0,18,0,0,0,0,0,7,3,1,2,1,48,8,1149,1,9,10,2,10
2016076160004,3,9,0,18,0,0,0,0,0,0,1,1,1,1,55,8,1995,2,2,6,3,6
2016076160112,1,1,0,18,0,8,0,0,0,0,1,1,6,1,40,7,-1,-1,-1,4,1,4
2016076160112,2,9,0,5,0,1,0,0,0,0,1,1,6,1,-1,-1,2987,2,6,-1,-1,-1
2016076160154,1,9,3,18,0,0,0,0,2,7,3,1,6,1,43,7,2902,2,12,-1,1,-1
2016076160154,2,9,0,18,0,0,0,0,0,0,1,1,6,2,36,7,1560,2,6,8,1,8
2016076160154,3,9,0,18,0,0,0,0,0,0,4,1,6,2,45,7,1339,1,6,6,3,6
2016076160269,1,21,1,18,0,0,0,4,0,0,1,1,1,1,-1,-1,12900,2,5,-1,-1,-1
2016076160269,2,9,0,4,0,0,0,4,0,0,2,1,6,1,35,6,1984,1,9,8,1,8
2016076160269,3,9,0,4,0,0,0,4,0,0,2,1,6,2,-1,-1,1896,2,9,-1,-1,-1
2016076160269,4,9,0,4,0,0,0,0,0,0,2,1,6,1,-1,-1,1968,2,10,-1,-1,-1
2016076160302,1,9,0,18,0,1,0,0,0,0,1,1,6,1,47,8,1997,2,1,9,1,9
2016076160353,1,19,4,18,0,0,1,0,0,0,1,1,6,1,31,6,-1,-1,-1,2,1,2
2016076160353,2,11,0,4,0,0,0,0,0,0,0,1,1,1,52,8,10838,2,1,3,1,3
2016076160390,1,9,0,4,0,0,1,0,4,0,1,1,6,1,49,8,1398,1,11,4,1,4
2016076160390,2,9,0,3,0,0,0,0,4,0,2,1,6,1,25,5,1461,2,-1,8,1,8
2016076160390,3,9,0,3,0,0,0,0,0,0,2,1,6,2,40,7,1968,2,1,5,1,5
2016076160390,4,9,0,3,0,0,0,0,0,0,2,1,1,1,39,7,1968,2,2,4,2,4
2016076160466,1,1,0,18,0,0,0,10,1,0,1,1,6,1,41,7,-1,-1,-1,5,1,5
2016076160538,1,9,0,5,0,1,0,0,1,0,1,1,6,2,69,10,1398,1,6,5,1,5
2016076160538,2,19,0,18,0,1,0,0,0,0,1,1,6,2,29,6,1870,2,11,2,1,2
2016076160706,1,10,0,2,0,0,0,4,0,0,2,1,6,1,-1,-1,-1,-1,-1,2,1,2
2016076160706,2,9,0,2,0,0,0,0,0,0,2,1,6,1,-1,-1,1998,1,9,2,1,2
2016076160736,1,9,0,9,0,1,0,0,0,0,2,1,6,1,25,5,1796,1,9,2,1,2
2016076160736,2,3,0,9,0,1,0,0,0,0,1,1,6,1,31,6,124,1,13,4,1,4
2016076160744,1,9,0,18,0,0,0,0,0,0,2,1,6,1,26,6,1398,1,1,-1,-1,-1
2016076160744,2,9,0,18,0,0,0,0,0,0,1,1,2,1,33,6,2143,2,1,2,1,2
2016076160853,1,9,0,18,0,0,0,0,0,0,1,1,6,3,-1,-1,1999,1,11,-1,-1,-1
2016076161116,1,9,0,16,0,0,1,0,2,10,1,1,6,1,18,4,1598,1,13,1,1,1
2016076161190,1,9,0,11,0,0,0,0,0,0,1,1,1,1,44,7,1984,1,1,7,1,7
2016076161190,2,9,0,18,0,0,0,0,0,0,2,1,1,2,49,8,1968,2,2,2,1,2
2016076161546,1,9,0,5,0,8,0,0,0,0,1,1,6,2,-1,-1,1560,2,8,6,2,6
2016076161546,2,9,0,5,0,8,0,0,0,0,4,1,6,2,40,7,1242,1,4,9,2,9
2016076161703,1,9,0,18,0,0,1,0,5,6,1,1,6,2,29,6,1149,1,11,-1,1,-1
2016076161703,2,9,0,18,0,0,0,0,0,0,0,1,6,2,35,6,1998,1,8,1,1,1
2016076161773,1,9,0,18,0,7,0,0,0,0,1,1,1,1,50,8,1969,2,-1,7,3,7
2016076161773,2,9,0,3,0,7,0,0,0,0,2,1,6,2,32,6,1753,2,12,3,1,3
2016076161773,3,9,0,3,0,7,0,0,0,0,2,1,2,2,51,8,1242,1,2,7,1,7
2016076161787,1,9,0,18,0,0,0,0,0,0,4,1,6,1,69,10,1798,1,4,9,1,9
2016076161883,1,9,0,18,0,0,0,0,0,0,1,1,1,2,59,9,1598,1,1,9,1,9
2016076161883,2,9,0,18,0,0,0,0,0,0,1,1,6,2,41,7,1461,2,-1,8,1,8
2016076162541,1,9,0,9,0,6,0,0,0,0,1,1,6,1,58,9,1242,1,1,7,1,7
2016076162569,1,9,0,9,0,1,0,0,0,0,4,1,6,2,60,9,1560,2,8,4,1,4
2016076162569,2,1,0,18,0,1,0,0,0,0,3,1,6,1,35,6,-1,-1,-1,8,1,8
2016076162762,1,5,0,9,0,8,1,0,0,0,3,1,6,1,53,8,1352,1,9,-1,-1,-1
2016076162776,1,9,0,9,0,1,0,0,0,0,2,1,1,2,43,7,-1,-1,-1,3,1,3
2016076162776,2,21,1,15,0,1,0,0,0,0,3,1,1,1,36,7,10308,2,8,2,1,2
2016076162793,1,9,0,2,0,8,0,0,0,0,2,1,6,3,29,6,1242,1,12,3,1,3
2016076162793,2,1,0,18,9,1,0,0,0,0,1,1,2,1,52,8,-1,-1,-1,6,1,6
2016076163019,1,9,0,4,0,1,0,0,0,0,1,1,2,2,23,5,1995,2,-1,3,1,3
2016076163019,2,9,0,4,0,1,0,0,0,0,2,1,2,2,45,7,998,1,10,10,1,10
2016076163042,1,9,0,7,0,6,0,0,0,0,1,1,6,1,18,4,998,1,9,-1,1,-1
2016076163042,2,9,0,18,0,1,0,0,0,0,4,1,6,2,34,6,1248,2,-1,9,1,9
2016076163189,1,8,0,18,0,8,0,0,0,0,1,1,1,1,65,9,1560,2,8,10,2,10
2016076163189,2,1,0,18,0,8,0,0,0,0,3,1,6,2,7,2,-1,-1,-1,4,1,4
2016076163261,1,9,0,6,0,8,0,0,0,0,3,1,6,1,50,8,1956,2,4,8,1,8
2016076163261,2,19,0,18,0,8,0,0,0,0,4,1,6,1,24,5,1968,2,-1,3,2,3
2016076163757,1,9,0,1,6,0,0,0,0,0,2,1,6,1,39,7,2995,1,5,4,1,4
2016076164012,1,9,3,18,0,8,5,0,0,0,0,1,6,1,53,8,1796,1,14,9,1,9
2016076164116,1,9,0,18,0,1,0,0,0,0,0,1,6,2,32,6,1242,1,5,3,1,3
2016076164116,2,11,0,9,0,1,0,0,0,0,0,1,1,1,44,7,12816,5,3,4,1,4
2016076164158,1,9,0,18,0,0,0,0,0,0,2,1,6,2,25,5,-1,-1,-1,-1,3,-1