Accident_Index,Vehicle_Reference,Vehicle_Type,Towing_and_Articulation,Vehicle_Manoeuvre,Vehicle_Location-Restricted_Lane,Junction_Location,Skidding_and_Overturning,Hit_Object_in_Carriageway,Vehicle_Leaving_Carriageway,Hit_Object_off_Carriageway,1st_Point_of_Impact,Was_Vehicle_Left_Hand_Drive?,Journey_Purpose_of_Driver,Sex_of_Driver,Age_of_Driver,Age_Band_of_Driver,Engine_Capacity_(CC),Propulsion_Code,Age_of_Vehicle,Driver_IMD_Decile,Driver_Home_Area_Type,Vehicle_IMD_Decile
2016076164158,2,9,0,18,0,0,0,0,0,0,1,1,6,1,23,5,1390,1,12,-1,3,-1
2016076164444,1,1,0,18,0,0,0,0,0,0,1,1,6,1,57,9,-1,-1,-1,-1,1,-1
2016076164444,2,1,0,18,0,0,0,0,0,0,2,1,6,2,54,8,-1,-1,-1,-1,2,-1
2016076164520,1,9,0,18,0,0,0,4,0,0,3,1,6,1,17,4,1242,1,19,-1,-1,-1
2016076164520,2,9,0,18,0,0,0,0,0,0,3,1,6,1,25,5,1598,2,2,2,1,2
2016076164520,3,9,0,2,0,0,0,0,0,0,4,1,6,2,-1,-1,1198,1,4,2,1,2
2016076164520,4,9,0,18,0,0,0,0,0,0,0,1,1,1,-1,-1,1582,2,2,2,1,2
2016076164520,5,9,0,2,0,0,0,4,0,0,3,1,6,2,-1,-1,1299,1,12,2,1,2
2016076164806,1,9,0,18,0,4,0,0,0,0,3,1,1,2,46,8,1596,1,1,9,1,9
2016076164806,2,5,0,18,0,4,0,0,0,0,1,1,6,1,25,5,749,1,8,-1,-1,-1
2016076164856,1,1,0,17,0,0,0,10,0,0,0,1,6,2,17,4,-1,-1,-1,-1,-1,-1
2016076164913,1,9,0,5,0,8,0,0,0,0,3,1,6,1,79,11,1796,1,17,2,1,2
2016076164913,2,5,0,18,0,1,0,0,0,0,1,1,6,1,54,8,675,1,5,3,1,3
2016076164913,3,5,0,18,0,1,0,0,0,0,1,1,6,1,33,6,689,1,1,1,1,1
2016076165145,1,9,0,9,0,5,0,0,0,0,1,1,6,2,52,8,1149,1,2,9,1,9
2016076165145,2,9,0,18,0,1,1,0,0,0,1,1,6,1,73,10,1896,2,18,6,1,6
2016076165306,1,9,0,18,0,0,0,0,0,0,1,1,6,1,30,6,1560,2,9,1,1,1
2016076165306,2,9,0,4,0,0,0,0,0,0,2,1,6,2,44,7,1248,1,1,10,1,10
2016076165477,1,9,0,16,0,0,0,0,0,0,4,1,6,3,-1,-1,-1,-1,-1,-1,-1,-1
2016076165477,2,1,0,16,0,0,0,0,0,0,3,1,6,1,38,7,-1,-1,-1,5,1,5
2016076165502,1,9,0,18,0,8,0,0,7,7,1,1,6,1,40,7,1956,2,5,1,1,1
2016076165534,1,1,0,18,0,0,0,0,0,2,1,1,6,1,23,5,-1,-1,-1,5,1,5
2016076165654,1,21,4,18,0,0,0,0,0,0,0,1,1,1,42,7,12809,2,1,3,1,3
2016076165654,2,5,0,18,0,0,1,11,1,0,1,1,2,1,23,5,800,1,3,10,1,10
2016076165832,1,9,0,18,0,0,0,0,0,0,1,1,2,2,31,6,1198,1,1,5,1,5
2016076165832,2,9,0,4,0,0,0,0,0,0,2,1,2,2,29,6,1968,2,2,9,1,9
2016076165832,3,9,0,4,0,0,0,0,0,0,2,1,2,2,-1,-1,1390,1,12,-1,2,-1
2016076165832,4,9,0,4,0,0,0,0,0,0,2,1,2,2,23,5,999,1,1,3,1,3
2016076166107,1,9,0,18,0,0,0,0,0,0,1,1,1,1,57,9,2179,2,4,10,1,10
2016076166107,2,9,0,18,0,0,0,0,0,0,2,1,1,2,35,6,1968,2,1,3,2,3
2016076166126,1,9,0,9,0,5,0,0,0,0,0,1,6,2,-1,-1,-1,-1,-1,-1,-1,-1
2016076166126,2,11,0,5,0,1,0,0,0,0,0,1,6,1,-1,-1,-1,-1,-1,-1,-1,-1
2016076166300,1,9,0,18,0,0,0,0,0,0,1,1,2,1,21,5,1998,1,8,2,1,2
2016076166300,2,9,0,3,0,0,0,0,0,0,2,1,6,1,44,7,1598,2,5,10,2,10
2016076166356,1,9,0,18,0,5,0,0,0,0,4,1,2,2,75,10,999,1,2,9,1,9
2016076166502,1,9,0,5,8,0,0,0,0,0,3,1,6,1,45,7,1968,2,3,10,3,10
2016076166502,2,5,0,13,0,0,0,0,0,0,1,1,6,1,54,8,847,1,-1,6,2,6
2016076166629,1,9,0,18,0,0,0,0,1,4,1,1,2,1,49,8,1461,2,2,9,1,9
2016076167378,1,9,0,17,0,0,0,0,0,0,3,1,6,2,64,9,1198,1,7,8,3,8
2016076167378,2,1,0,16,0,0,0,0,0,0,1,1,6,1,57,9,-1,-1,-1,8,1,8
2016076167455,1,5,0,4,0,4,0,0,0,0,0,1,6,1,30,6,885,1,20,9,1,9
2016076167609,1,5,0,18,0,2,1,0,7,11,1,1,6,1,36,7,1000,1,11,6,2,6
2016076167636,1,9,0,18,9,1,0,0,1,0,4,1,6,1,-1,-1,1400,1,10,10,1,10
2016076167701,1,9,0,13,0,0,0,0,0,0,1,1,2,1,41,7,1149,1,10,9,1,9
2016076167701,2,1,0,16,0,0,0,0,0,0,1,1,6,1,46,8,-1,-1,-1,5,2,5
2016076167740,1,9,0,9,0,8,0,0,0,0,1,1,6,1,57,9,999,1,-1,-1,-1,-1
2016076167740,2,9,0,18,0,8,0,0,7,4,1,1,6,1,30,6,-1,-1,-1,7,3,7
2016076167740,3,9,0,18,0,8,0,0,1,11,1,1,6,1,26,6,-1,-1,-1,5,3,5
2016076168220,1,9,0,18,0,1,0,0,0,0,1,1,2,2,42,7,1968,2,6,10,1,10
2016076168244,1,1,0,18,0,8,0,0,0,0,1,1,2,1,27,6,-1,-1,-1,-1,-1,-1
2016076168244,2,9,0,18,0,8,0,0,0,0,2,1,2,2,55,8,1242,1,10,2,1,2
2016076168267,1,21,0,4,0,0,1,0,0,0,1,1,1,1,45,7,-1,-1,-1,2,1,2
2016076168267,2,9,0,2,0,0,0,0,0,0,2,1,2,1,54,8,4282,1,10,8,1,8
2016076168267,3,9,0,2,0,0,0,0,0,0,2,1,2,1,21,5,998,1,8,8,1,8
2016076168975,1,9,0,18,0,0,0,0,0,0,1,1,6,2,32,6,1984,1,12,6,1,6
2016076168975,2,9,0,18,0,0,0,0,0,0,2,1,6,1,35,6,1560,2,4,5,3,5
2016076168975,3,9,0,18,0,0,0,0,0,0,2,1,6,1,58,9,1461,2,-1,4,1,4
2016076168975,4,9,0,18,0,0,0,0,0,0,2,1,6,1,27,6,1753,2,11,7,1,7
2016076169151,1,3,0,17,0,8,0,4,0,0,1,1,6,1,17,4,-1,-1,-1,2,1,2
2016076169151,2,9,0,3,0,1,0,0,0,0,3,1,6,1,45,7,1997,2,11,4,1,4
2016076169151,3,9,0,5,0,1,0,0,0,0,0,1,6,1,-1,-1,1598,2,3,5,1,5
2016076169208,1,9,0,9,0,1,0,0,0,0,1,1,6,1,15,3,1461,2,3,8,1,8
2016076170149,1,11,0,18,0,2,0,0,2,0,3,1,1,1,66,10,4250,2,7,2,1,2
2016076170149,2,20,0,18,0,1,0,0,0,0,3,1,6,2,54,8,5861,2,18,7,3,7
2016076170163,1,9,0,5,0,0,0,0,0,0,0,1,6,1,34,6,1686,2,6,5,1,5
2016076170364,1,9,0,18,0,0,0,0,0,0,4,1,6,1,-1,-1,-1,-1,-1,-1,-1,-1
2016076170601,1,8,0,17,0,0,1,0,7,1,4,1,1,1,35,6,1910,2,8,2,1,2
2016076170777,1,9,0,9,0,1,0,0,0,0,3,1,6,2,67,10,1598,2,5,8,1,8
2016076170777,2,9,0,18,0,1,0,0,0,0,1,1,6,2,43,7,1598,2,3,8,1,8
2016076170794,1,9,0,6,8,6,0,0,7,4,3,1,6,2,34,6,1991,2,11,10,3,10
2016076170794,2,9,0,18,0,1,1,0,0,0,1,1,6,2,48,8,998,1,-1,9,3,9
2016076170834,1,9,0,9,0,5,0,0,0,0,4,1,6,1,17,4,1229,1,7,-1,1,-1
2016076170834,2,9,0,18,0,8,0,0,0,0,1,1,6,2,60,9,1968,2,8,6,2,6
2016076170974,1,9,0,18,0,0,0,0,0,0,1,1,6,2,30,6,1995,2,2,-1,1,-1
2016076170974,2,9,0,18,0,0,0,0,0,0,1,1,6,2,41,7,1997,2,9,9,1,9
2016076170974,3,9,0,18,0,0,0,0,0,0,3,1,2,2,24,5,1388,1,5,8,1,8
2016076171515,1,20,1,11,0,0,0,0,0,0,4,1,1,1,58,9,-1,-1,-1,3,1,3
2016076171515,2,9,0,18,0,0,1,0,0,0,3,1,6,1,31,6,1400,1,9,1,1,1
2016076171631,1,9,0,17,0,0,1,4,7,9,4,1,6,2,-1,-1,1198,1,3,5,3,5
2016076171631,2,9,0,2,8,0,0,4,0,0,1,1,6,1,-1,-1,1956,2,7,10,1,10
2016076171631,3,9,0,2,8,0,0,4,0,0,1,1,6,1,-1,-1,1364,1,2,6,1,6
2016076171631,4,19,0,2,8,0,0,4,0,0,1,1,6,1,-1,-1,2143,2,2,1,1,1
2016076171663,1,9,0,18,0,0,0,0,0,0,0,1,6,3,-1,-1,-1,-1,-1,-1,-1,-1
2016076171663,2,9,0,18,0,0,5,0,0,0,0,1,6,1,24,5,2765,2,25,3,1,3
2016076171705,1,9,0,18,0,3,1,0,1,10,1,1,6,1,26,6,1598,1,13,4,1,4
2016076171822,1,9,0,18,0,0,1,0,0,0,1,1,6,1,24,5,1994,1,11,2,1,2
2016076171822,2,9,0,18,0,0,0,0,1,0,1,1,6,2,49,8,1769,2,24,7,3,7
2016076172294,1,9,0,9,0,8,0,0,0,0,1,1,6,2,84,11,1699,1,11,-1,-1,-1
2016076172294,2,9,0,18,0,8,1,0,1,4,1,1,1,1,36,7,1388,1,13,-1,-1,-1
2016076172348,1,9,0,18,0,4,0,0,0,0,1,1,6,1,27,6,1598,2,3,3,2,3
2016076172348,2,5,0,18,0,3,0,0,0,0,4,1,6,1,65,9,-1,-1,-1,-1,-1,-1
2016076172729,1,9,0,9,0,8,0,0,0,0,1,1,6,1,65,9,1364,2,8,10,1,10
2016076172729,2,9,0,18,0,8,0,0,0,0,4,1,6,1,34,6,2143,2,4,9,1,9
2016076173067,1,9,0,9,0,8,0,0,0,0,4,1,6,2,-1,-1,1388,1,7,10,1,10
2016076173067,2,9,0,18,0,8,0,0,0,0,1,1,1,1,43,7,1398,2,11,-1,-1,-1
2016076173569,1,5,0,18,0,2,1,0,0,0,1,1,6,2,37,7,1050,1,6,6,1,6
2016076173569,2,9,0,3,0,1,0,0,0,0,1,1,6,1,49,8,1968,2,1,9,3,9
2016076173668,1,9,0,9,0,8,0,0,0,0,1,1,6,2,54,8,1368,1,9,5,1,5
2016076173668,2,9,0,18,0,8,0,0,0,0,1,1,6,2,49,8,1299,1,9,6,1,6
2016076173800,1,9,0,18,0,8,0,0,0,0,4,1,6,3,-1,-1,-1,-1,-1,-1,-1,-1
2016076173800,2,1,0,8,0,8,0,0,0,0,2,1,6,1,16,4,-1,-1,-1,10,1,10
2016076174470,1,9,0,9,0,1,0,0,0,0,1,1,3,1,36,7,1360,1,9,7,1,7
2016076174470,2,10,0,17,0,1,0,0,0,0,4,1,2,1,48,8,-1,-1,-1,7,1,7
2016076174470,3,9,0,10,0,1,0,0,0,0,1,1,6,1,28,6,1896,2,9,1,1,1
2016076175005,1,9,0,4,0,1,0,0,0,0,1,1,6,1,-1,-1,-1,-1,-1,-1,-1,-1
2016076175005,2,1,0,18,0,1,0,0,0,0,4,1,6,1,24,5,-1,-1,-1,3,1,3
2016076175075,1,9,0,18,0,1,0,0,0,0,1,1,6,3,-1,-1,-1,-1,-1,-1,-1,-1
2016076175140,1,9,0,18,0,0,0,0,0,0,1,1,2,1,51,8,1997,2,2,10,1,10
2016076175140,2,9,0,18,0,0,0,0,0,0,1,1,2,2,46,8,2401,2,9,10,1,10
2016076175624,1,20,0,11,0,1,0,0,1,1,1,1,1,1,37,7,2287,2,1,-1,-1,-1
2016076175774,1,20,0,4,0,0,0,0,0,0,2,1,6,1,34,6,-1,-1,-1,1,1,1
2016076175774,2,9,0,4,0,0,0,0,0,0,1,1,6,1,36,7,1956,2,5,8,1,8
2016076175892,1,1,0,18,9,8,0,0,0,0,1,1,6,1,-1,-1,-1,-1,-1,-1,-1,-1
2016076176553,1,9,0,7,0,3,2,10,1,0,4,2,6,2,19,4,995,1,11,1,1,1
2016076176826,1,21,1,11,0,0,0,0,0,0,4,1,1,1,60,9,12882,2,7,-1,3,-1
2016076176826,2,9,0,18,0,0,1,0,5,6,3,1,2,2,24,5,1240,1,10,-1,-1,-1
2016076176826,3,9,0,18,0,0,1,0,1,0,3,1,6,1,70,10,1461,2,1,1,1,1
2016076176826,4,9,0,18,0,0,1,0,2,7,3,1,2,2,56,9,1560,2,3,8,1,8
2016076176826,5,21,1,18,0,0,0,0,0,0,1,1,1,1,47,8,10518,2,8,8,3,8
2016076176932,1,9,0,18,0,0,0,0,0,0,2,1,1,1,56,9,-1,-1,-1,9,2,9
2016076176932,2,19,0,18,0,0,0,0,0,0,1,1,6,2,40,7,-1,-1,-1,6,1,6
2016076177143,1,9,0,18,0,0,0,0,0,0,1,1,6,1,61,9,1896,2,12,1,1,1
2016076177143,2,9,0,4,0,0,0,0,4,0,2,1,6,1,45,7,1598,1,4,9,1,9
2016076177143,3,9,0,4,0,0,0,0,0,0,2,1,6,1,57,9,1598,2,1,5,3,5
2016076177143,4,9,0,4,0,0,0,0,0,0,2,1,6,1,45,7,2987,2,-1,8,3,8
2016076177143,5,9,0,4,0,0,0,0,0,0,2,1,6,1,18,4,998,1,11,7,1,7
2016076177143,6,9,0,4,0,0,0,0,4,0,0,1,6,1,38,7,2996,1,8,4,1,4
2016076177143,7,9,0,4,0,0,0,0,0,0,2,1,6,2,26,6,1968,2,5,10,2,10
2016076177143,8,9,0,4,0,0,0,0,0,0,2,1,6,1,23,5,2993,2,3,-1,2,-1
2016076177607,1,9,0,9,0,8,0,0,0,0,1,1,6,2,17,4,1242,1,5,9,1,9
2016076177607,2,9,0,18,0,8,0,0,0,0,3,1,6,2,22,5,1242,1,1,9,2,9
2016076177907,1,9,0,18,0,0,0,0,0,0,2,1,3,2,30,6,1197,1,-1,4,1,4
2016076177907,2,5,0,18,0,0,0,0,0,0,2,1,6,1,48,8,487,1,11,9,1,9
2016076177907,3,4,0,18,0,0,0,0,0,0,1,1,6,1,21,5,847,1,1,9,1,9
2016076178098,1,9,0,12,0,0,0,0,0,0,3,1,1,1,44,7,1984,1,1,10,1,10
2016076178098,2,9,0,18,0,0,0,0,0,0,4,1,6,2,40,7,1560,2,9,4,3,4
2016076178460,1,2,0,18,0,8,1,0,0,0,4,1,6,1,23,5,124,1,12,3,2,3
2016076178533,1,9,0,18,0,0,0,0,0,0,1,1,6,1,83,11,1398,1,10,7,3,7
2016076178533,2,9,0,2,0,0,0,0,0,0,2,1,6,2,47,8,1388,1,12,10,1,10
2016076178533,3,9,0,2,0,0,0,0,0,0,2,1,6,2,40,7,1329,1,-1,5,2,5
2016076178533,4,9,0,18,0,0,0,0,0,0,1,1,6,1,54,8,3982,1,-1,9,3,9
2016076178642,1,9,0,17,0,8,0,0,1,0,2,1,6,1,48,8,1995,2,3,1,1,1
2016076178642,2,9,0,18,0,8,0,0,1,0,1,1,6,1,32,6,1800,1,17,4,2,4
2016076178642,3,9,0,18,0,8,0,0,0,0,3,1,6,1,39,7,3189,1,12,4,2,4
2016076178652,1,1,0,18,0,8,2,10,0,0,1,1,6,1,50,8,-1,-1,-1,9,1,9
2016076179061,1,9,0,9,0,8,0,0,0,0,0,1,1,2,24,5,1242,1,6,9,1,9
2016076179061,2,5,0,18,0,8,2,10,2,10,4,1,1,1,34,6,1199,1,15,-1,1,-1
2016076179159,1,19,0,9,0,8,0,0,0,0,3,1,1,1,52,8,1248,2,5,5,1,5
2016076179159,2,1,0,18,0,8,0,0,0,0,1,1,2,2,45,7,-1,-1,-1,6,1,6
2016076179832,1,9,0,18,0,8,0,0,0,0,1,1,6,1,78,11,1242,1,8,2,1,2
2016076179832,2,9,0,18,0,8,0,0,0,0,3,1,6,1,63,9,1595,1,12,2,1,2
2016076179853,1,9,0,14,0,0,0,0,0,0,1,1,6,1,-1,-1,1596,1,2,-1,-1,-1
2016076179853,2,9,0,18,0,0,0,0,0,0,1,1,6,2,21,5,998,1,12,1,1,1
2016076180037,1,1,0,16,5,8,5,0,0,0,1,1,2,2,39,7,-1,-1,-1,1,1,1
2016076180037,2,1,0,17,5,8,5,0,0,0,1,1,6,1,25,5,-1,-1,-1,-1,-1,-1
2016076180485,1,11,0,9,0,8,0,0,0,0,1,1,1,1,26,6,9360,2,8,9,1,9
2016076180485,2,9,0,18,0,1,0,0,1,0,3,2,6,2,66,10,2435,1,12,3,1,3
2016076180870,1,20,0,7,0,1,0,0,0,0,1,1,1,1,29,6,2287,2,3,7,1,7
2016076180870,2,9,0,3,0,2,0,0,0,0,2,1,3,2,45,7,1560,2,1,6,1,6
2016076180926,1,1,0,18,0,1,0,0,0,0,1,1,6,1,11,3,-1,-1,-1,2,2,2
2016076180926,2,9,0,4,0,1,0,0,0,0,4,1,6,1,69,10,1596,1,2,9,2,9
2016076181808,1,9,0,18,0,1,0,0,0,0,4,1,6,1,30,6,1364,1,9,10,1,10
2016076181808,2,9,0,7,0,1,0,0,0,0,3,1,6,1,58,9,1598,1,10,8,1,8
2016076181996,1,1,0,18,0,0,0,0,0,0,0,1,6,1,62,9,-1,-1,-1,3,1,3
2016076182098,1,9,0,18,0,0,1,0,0,0,1,1,6,2,24,5,1598,1,13,-1,1,-1
2016076182098,2,9,0,4,0,0,0,0,0,0,2,1,6,2,-1,-1,998,1,1,6,1,6
2016076182189,1,9,0,16,0,0,2,0,7,11,1,1,6,1,23,5,1349,1,8,5,3,5
2016076182448,1,9,0,16,0,8,0,0,0,7,1,1,6,1,37,7,1995,2,9,-1,-1,-1
2016076182527,1,9,0,5,0,4,0,0,0,0,1,1,2,1,25,5,1796,1,10,2,1,2
2016076182527,2,1,0,18,0,8,0,0,0,0,1,1,2,1,32,6,-1,-1,-1,9,1,9
2016076182834,1,19,0,3,0,4,0,0,0,0,2,1,2,1,37,7,1995,2,4,2,1,2
2016076182834,2,9,0,18,0,4,1,0,0,0,1,1,1,1,52,8,1461,2,10,-1,-1,-1
2016076182898,1,9,0,3,0,0,0,0,0,0,2,1,6,2,67,10,2987,2,9,9,3,9
2016076182898,2,3,0,18,0,0,2,0,1,0,1,1,6,1,18,4,124,1,1,10,1,10
2016076182940,1,9,0,18,0,1,0,0,0,0,1,1,6,1,42,7,1560,2,9,1,1,1
2016076182940,2,1,0,9,0,1,0,0,0,0,1,1,6,1,25,5,-1,-1,-1,4,1,4
2016076183085,1,9,0,9,0,6,0,0,0,0,3,1,1,2,52,8,-1,-1,-1,-1,-1,-1
2016076183085,2,1,0,18,0,1,0,0,0,0,1,1,6,1,59,9,-1,-1,-1,5,1,5
2016076183214,1,9,0,18,0,0,0,0,0,0,1,1,6,1,80,11,1896,2,15,10,1,10
2016076183229,1,9,0,5,0,4,0,0,0,0,1,1,6,1,-1,-1,-1,-1,-1,-1,-1,-1
2016076183229,2,1,0,5,0,8,0,0,0,0,1,1,6,1,13,3,-1,-1,-1,1,1,1
2016076183355,1,9,0,5,0,1,0,0,0,0,1,1,6,1,44,7,1461,2,10,2,1,2
2016076183355,2,9,0,18,0,1,0,0,0,0,1,1,6,1,78,11,1560,2,7,1,1,1
2016076183364,1,1,0,18,0,6,0,0,0,0,1,1,6,1,20,4,-1,-1,-1,9,1,9
2016076183364,2,9,0,4,0,1,0,0,0,0,4,1,6,2,33,6,1956,2,5,3,1,3
2016076183771,1,9,0,11,0,8,0,0,0,0,4,1,6,1,49,8,1995,2,-1,10,1,10
2016076183771,2,21,1,18,0,8,0,0,0,0,3,1,6,1,66,10,10824,2,12,-1,-1,-1
2016076183771,3,9,0,18,0,8,0,0,0,0,4,1,6,2,23,5,1686,2,2,-1,-1,-1
2016076183956,1,1,0,18,5,1,0,0,0,0,3,1,1,1,34,6,-1,-1,-1,8,1,8
2016076183956,2,9,0,5,5,6,0,0,0,0,1,1,6,1,-1,-1,-1,-1,-1,-1,-1,-1
2016076183988,1,9,0,9,0,1,0,0,0,0,4,1,6,2,30,6,1560,2,11,-1,1,-1
2016076183988,2,4,0,18,0,1,0,0,0,0,1,1,6,1,37,7,125,1,7,3,1,3
2016076184047,1,2,0,18,0,0,0,0,0,0,0,1,6,1,18,4,49,1,6,1,1,1
2016076184228,1,1,0,18,0,8,0,0,0,0,1,1,6,2,9,2,-1,-1,-1,2,1,2
2016076184228,2,9,0,18,0,8,0,0,0,0,1,1,6,2,49,8,1198,1,2,9,1,9
2016076184284,1,9,0,5,0,6,0,0,0,0,3,1,2,1,46,8,1598,1,8,5,1,5
2016076184284,2,1,0,18,0,8,1,0,0,0,1,1,6,2,46,8,-1,-1,-1,9,2,9
2016076184715,1,9,0,18,0,4,0,0,0,0,4,1,6,2,-1,-1,1796,1,5,-1,-1,-1
2016076184715,2,1,0,18,0,3,0,0,0,0,2,1,1,1,64,9,-1,-1,-1,8,1,8
2016076184870,1,1,0,18,0,0,1,0,0,0,3,1,6,1,58,9,-1,-1,-1,4,1,4
2016076185071,1,9,0,18,0,1,0,0,0,0,1,1,6,1,77,11,1499,1,7,8,3,8
2016076185071,2,9,0,10,0,1,0,0,0,0,2,1,1,1,50,8,1600,1,27,10,1,10
2016076185246,1,9,0,17,0,0,0,0,0,0,1,1,6,1,27,6,1910,2,9,3,1,3
2016076185246,2,2,0,16,0,0,5,0,0,0,1,1,6,1,16,4,50,1,6,4,1,4
2016076185689,1,19,0,9,0,8,0,0,0,0,4,1,1,1,-1,-1,2143,2,3,-1,-1,-1
2016076186078,1,21,1,11,0,0,0,0,0,0,4,1,1,1,54,8,12902,2,2,1,1,1
2016076186078,2,9,0,18,0,0,0,0,0,0,3,1,1,2,45,7,1896,2,7,7,1,7
2016076186099,1,19,0,18,0,0,0,0,0,0,4,1,6,3,-1,-1,2198,2,3,-1,-1,-1
2016076186294,1,9,0,18,0,0,1,0,0,0,1,1,6,1,74,10,-1,-1,-1,7,3,7
2016076186720,1,9,0,18,0,0,1,0,0,0,1,1,6,1,26,6,1124,1,13,2,1,2
2016076186720,2,9,0,18,0,0,0,0,0,0,1,1,6,2,43,7,1769,1,16,9,1,9
2016076186891,1,9,0,18,0,1,0,0,0,0,1,1,6,1,54,8,1995,2,4,10,1,10
2016076186891,2,9,0,3,0,2,0,0,0,0,2,1,6,1,21,5,1493,1,17,5,1,5
2016076186986,1,9,0,18,0,1,0,0,0,0,4,1,6,1,59,9,1596,1,9,7,3,7
2016076186986,2,4,0,18,0,1,0,0,0,0,1,1,6,1,67,10,1050,1,6,-1,-1,-1
2016076187174,1,9,0,18,0,8,5,7,2,7,1,1,6,1,35,6,1783,1,15,7,1,7
2016076187499,1,9,0,4,0,1,0,0,0,0,3,1,1,1,42,7,1796,1,11,9,1,9
2016076187499,2,1,0,18,0,8,0,0,0,0,1,1,6,2,26,6,-1,-1,-1,10,1,10
2016076187821,1,9,0,18,0,0,0,0,0,0,1,1,1,2,24,5,999,1,18,1,1,1
2016076187821,2,9,0,18,0,0,0,0,0,0,2,1,6,1,46,8,1968,2,1,-1,3,-1
2016076187921,1,9,0,17,0,0,1,0,1,7,1,1,6,2,33,6,1796,1,9,6,2,6
2016076188013,1,19,4,18,0,8,0,0,1,0,1,1,6,1,67,10,2499,2,13,5,1,5
2016076188013,2,9,0,10,0,1,0,0,0,0,2,1,6,2,31,6,1560,2,6,1,1,1
2016076188271,1,9,0,7,0,1,0,0,0,0,1,1,6,1,44,7,2295,1,18,2,1,2
2016076188271,2,3,0,9,0,1,0,0,0,0,2,1,6,1,26,6,125,1,5,2,1,2
2016076188493,1,9,0,18,0,0,0,0,7,11,1,1,6,1,38,7,2993,2,8,4,1,4
2016076188706,1,9,0,4,0,1,0,0,0,0,3,1,2,1,45,7,1997,2,11,2,1,2
2016076188706,2,9,0,18,0,2,0,0,0,0,3,1,6,2,42,7,1798,1,8,9,2,9
2016076188791,1,21,0,18,0,0,0,0,0,0,1,1,1,1,53,8,12777,2,4,8,1,8
2016076188791,2,9,0,18,0,0,0,0,0,0,2,1,6,1,52,8,1910,2,8,3,1,3
2016076188971,1,9,0,18,0,1,0,0,0,0,1,1,6,2,21,5,1149,1,1,9,1,9
2016076189191,1,9,0,3,0,0,0,0,0,0,2,1,6,2,29,6,998,1,4,-1,-1,-1
2016076189191,2,9,0,18,0,0,0,0,0,0,1,1,6,1,23,5,1997,2,10,-1,-1,-1
2016076189442,1,19,0,18,9,0,0,0,0,0,4,1,6,3,-1,-1,-1,-1,-1,-1,-1,-1
2016076189534,1,90,0,18,0,0,0,0,0,0,4,1,6,3,-1,-1,-1,-1,-1,-1,-1,-1
2016076189534,2,1,0,18,0,0,0,0,0,0,2,1,6,1,17,4,-1,-1,-1,9,1,9
2016076189824,1,9,3,18,0,0,1,0,0,0,4,1,6,2,67,10,1999,1,10,5,1,5
2016076189824,2,21,1,18,0,0,3,0,4,6,3,1,1,1,54,8,10837,2,-1,8,1,8
2016076190198,1,9,0,17,0,0,1,0,0,0,1,1,6,2,18,4,1388,1,5,9,1,9
2016076190198,2,9,0,18,0,0,0,0,0,0,1,1,6,1,52,8,1560,2,3,4,1,4
2016076190737,1,9,0,8,0,1,0,0,0,0,1,1,6,1,41,7,1984,1,7,4,3,4
2016076190737,2,9,0,8,0,1,0,0,0,0,2,1,6,2,81,11,1584,1,12,8,1,8
2016076190807,1,9,0,18,0,2,0,0,0,0,1,1,3,2,33,6,1598,1,9,2,1,2
2016076190807,2,9,0,2,0,2,0,0,0,0,2,1,3,2,40,7,1598,1,12,2,1,2
2016076190997,1,9,0,9,0,8,0,0,0,0,2,1,6,1,50,8,1560,2,4,-1,-1,-1
2016076190997,2,19,0,18,0,8,0,0,0,0,1,1,1,1,-1,-1,5193,2,1,2,1,2
2016076191233,1,9,0,5,0,1,0,0,0,0,1,1,6,1,81,11,1590,1,12,9,1,9
2016076191233,2,4,0,18,0,1,0,0,0,0,1,1,2,1,26,6,124,1,9,4,1,4
2016076191363,1,9,0,18,0,0,2,0,0,0,1,1,6,1,25,5,1783,1,15,8,3,8
2016076191363,2,9,0,18,0,0,0,0,0,0,1,1,6,2,30,6,1229,1,1,8,1,8
2016076191401,1,9,0,18,0,8,0,0,0,0,4,1,6,1,25,5,1398,1,5,1,1,1
2016076191401,2,9,0,18,0,8,0,0,0,0,3,1,6,1,19,4,1229,1,12,2,1,2
2016076191412,1,9,0,18,0,8,0,7,0,10,4,1,1,1,53,8,1968,2,1,7,3,7
2016076191563,1,9,0,18,0,0,0,0,0,0,1,1,6,1,19,4,1149,1,12,9,1,9
2016076191563,2,9,0,4,0,0,0,0,0,0,2,1,2,2,52,8,1396,1,6,8,1,8
2016076192176,1,3,0,9,0,6,1,0,0,0,0,1,6,1,20,4,125,1,1,2,1,2
2016076192356,1,9,0,18,0,0,0,0,0,0,0,1,2,1,59,9,1242,1,2,3,1,3
2016076192381,1,9,0,2,0,0,0,0,0,0,2,1,6,1,79,11,1229,1,9,2,1,2
2016076192381,2,9,0,18,0,0,0,0,0,0,1,1,6,2,60,9,1248,1,2,9,1,9
2016076192381,3,9,0,18,0,0,0,0,0,0,1,1,6,1,63,9,1396,1,3,9,1,9
2016076192381,4,9,0,18,0,0,0,0,0,0,1,1,6,2,49,8,1422,2,7,-1,1,-1