Accident_Index,Vehicle_Reference,Vehicle_Type,Towing_and_Articulation,Vehicle_Manoeuvre,Vehicle_Location-Restricted_Lane,Junction_Location,Skidding_and_Overturning,Hit_Object_in_Carriageway,Vehicle_Leaving_Carriageway,Hit_Object_off_Carriageway,1st_Point_of_Impact,Was_Vehicle_Left_Hand_Drive?,Journey_Purpose_of_Driver,Sex_of_Driver,Age_of_Driver,Age_Band_of_Driver,Engine_Capacity_(CC),Propulsion_Code,Age_of_Vehicle,Driver_IMD_Decile,Driver_Home_Area_Type,Vehicle_IMD_Decile
2016076217269,2,1,0,18,0,8,0,0,0,0,1,1,6,1,52,8,-1,-1,-1,6,1,6
2016076217341,1,21,0,4,0,0,0,0,0,0,1,1,1,1,27,6,9365,2,7,7,2,7
2016076217341,2,21,0,4,0,0,0,0,0,0,2,1,1,1,37,7,6370,2,6,4,1,4
2016076217341,3,21,1,18,0,0,0,0,0,0,2,1,1,1,60,9,12809,2,4,5,1,5
2016076217374,1,9,0,11,0,1,0,0,0,0,4,2,6,1,35,6,1399,1,-1,6,1,6
2016076217374,2,11,0,5,2,1,0,0,0,0,3,2,2,1,38,7,6692,2,4,-1,-1,-1
2016076217821,1,9,0,18,0,8,0,0,0,0,4,1,6,2,54,8,1968,2,-1,7,3,7
2016076217821,2,9,0,18,0,8,0,0,0,0,1,1,6,2,23,5,1149,1,9,-1,1,-1
2016076217821,3,9,0,3,0,1,0,0,0,0,3,1,6,1,30,6,1796,1,9,7,3,7
2016076217875,1,1,0,18,0,1,0,0,0,0,1,1,6,1,12,3,-1,-1,-1,-1,-1,-1
2016076217875,2,9,0,9,0,2,0,0,0,0,4,1,1,1,-1,-1,998,1,-1,-1,-1,-1
2016076217884,1,9,0,18,0,0,0,0,0,0,1,1,6,1,24,5,1461,2,6,3,1,3
2016076217945,1,9,0,18,0,8,0,0,0,0,0,1,1,1,-1,-1,1582,2,3,-1,-1,-1
2016076217945,2,9,0,18,0,8,0,0,0,0,1,1,6,2,43,7,1686,2,3,9,1,9
2016076218093,1,9,0,9,0,6,0,0,0,0,0,1,6,1,-1,-1,-1,-1,-1,-1,-1,-1
2016076218093,2,1,0,17,0,1,5,0,0,0,0,1,6,1,62,9,-1,-1,-1,5,1,5
2016076218731,1,9,0,4,0,1,0,0,0,0,1,1,6,2,-1,-1,1398,1,1,7,1,7
2016076218919,1,9,0,17,0,0,0,0,0,0,3,1,6,3,-1,-1,-1,-1,-1,-1,-1,-1
2016076218919,2,1,0,16,0,0,0,0,0,0,3,1,2,1,58,9,-1,-1,-1,8,3,8
2016076218998,1,9,0,18,0,1,0,0,1,11,1,1,6,2,81,11,1298,1,12,9,1,9
2016076218998,2,9,0,18,0,8,0,0,0,0,1,1,6,2,-1,-1,1339,1,3,9,1,9
2016076218998,3,9,0,2,0,8,0,0,0,0,4,1,6,2,-1,-1,1242,1,9,-1,-1,-1
2016076218998,4,9,0,2,0,8,0,0,0,0,3,1,6,1,-1,-1,1975,1,11,-1,-1,-1
2016076219160,1,9,0,7,0,6,0,0,0,0,3,1,6,1,21,5,1199,1,13,5,1,5
2016076219160,2,1,0,18,0,8,5,0,0,0,4,1,6,1,13,3,-1,-1,-1,3,1,3
2016076219211,1,9,0,17,0,0,0,0,0,0,3,1,6,1,32,6,1968,2,3,-1,-1,-1
2016076219211,2,21,1,16,0,0,2,0,7,9,3,1,1,1,48,8,11946,2,6,1,1,1
2016076219453,1,9,0,5,0,3,0,0,0,0,1,1,6,1,46,8,1229,1,1,9,1,9
2016076219453,2,11,0,2,0,3,0,0,0,0,2,1,1,1,35,6,6696,2,1,-1,-1,-1
2016076219898,1,9,0,16,0,8,0,0,0,0,4,1,2,2,30,6,1596,1,4,3,1,3
2016076219898,2,9,0,11,0,8,0,0,0,0,4,1,1,1,50,8,1968,2,2,10,1,10
2016076219904,1,9,0,3,0,5,0,0,0,0,1,1,6,2,-1,-1,-1,-1,-1,-1,-1,-1
2016076219916,1,9,0,13,0,0,0,0,0,0,1,1,6,3,-1,-1,-1,-1,-1,-1,-1,-1
2016076219916,2,1,0,18,0,0,0,10,0,0,2,1,6,1,18,4,-1,-1,-1,3,1,3
2016076220036,1,19,0,18,0,0,1,0,0,0,1,1,1,1,32,6,2143,2,1,8,1,8
2016076220036,2,9,0,4,0,0,0,0,0,0,2,1,6,2,33,6,1956,2,3,8,1,8
2016076220036,3,9,0,4,0,0,0,0,0,0,2,1,6,1,72,10,1598,2,2,9,1,9
2016076220116,1,21,0,18,0,0,0,0,0,0,1,1,1,1,28,6,-1,-1,-1,-1,-1,-1
2016076220116,2,9,0,18,0,0,0,0,0,0,3,1,6,2,32,6,1349,1,2,7,1,7
2016076220160,1,9,0,4,0,0,0,0,0,0,2,1,6,2,65,9,1600,2,4,10,2,10
2016076220160,2,19,0,18,0,0,0,0,0,0,1,1,1,1,32,6,1461,2,-1,8,1,8
2016076220160,3,21,0,18,0,0,0,0,0,0,2,1,1,1,53,8,7790,2,10,4,1,4
2016076220160,4,9,3,18,0,0,0,0,0,0,1,1,6,2,54,8,2204,2,7,7,2,7
2016076220334,1,9,0,9,0,8,0,0,0,0,1,1,2,1,53,8,1896,2,11,1,1,1
2016076220334,2,9,0,18,0,8,0,0,0,0,1,1,2,1,33,6,-1,-1,-1,9,1,9
2016076220342,1,17,0,7,0,1,0,0,0,0,4,1,6,1,75,10,-1,2,31,9,1,9
2016076220342,2,1,0,18,0,1,0,0,0,0,1,1,6,1,15,3,-1,-1,-1,9,1,9
2016076220585,1,9,0,18,0,0,0,0,0,0,1,1,1,1,39,7,1988,2,12,4,1,4
2016076220585,2,19,0,18,0,0,0,0,0,0,2,1,1,1,66,10,-1,-1,-1,1,1,1
2016076220921,1,9,0,17,0,2,0,0,1,10,1,1,6,1,52,8,2926,2,13,1,1,1
2016076221201,1,9,0,4,4,1,0,0,0,0,2,1,6,1,54,8,1560,2,8,8,1,8
2016076221201,2,9,0,4,4,1,0,0,0,0,1,1,6,1,75,10,1591,1,4,4,1,4
2016076221336,1,9,0,6,0,0,0,0,0,0,0,1,6,1,62,9,1598,1,9,6,1,6
2016076221336,2,17,4,18,0,0,0,0,0,0,1,1,1,1,47,8,-1,2,4,8,3,8
2016076221358,1,9,0,3,0,0,0,0,0,0,3,1,6,2,-1,-1,1560,2,7,6,1,6
2016076221358,2,3,0,13,0,0,0,0,0,0,4,1,2,1,19,4,124,1,5,4,1,4
2016076221440,1,9,0,5,0,2,0,0,0,0,1,1,6,1,27,6,1395,1,1,10,3,10
2016076221463,1,9,0,18,0,1,0,0,0,0,1,1,6,1,-1,-1,1242,1,5,10,1,10
2016076221463,2,9,0,7,0,6,0,0,0,0,3,1,6,2,24,5,1299,1,9,6,1,6
2016076221612,1,9,0,18,0,2,0,0,0,0,1,1,6,2,49,8,1868,2,15,3,1,3
2016076221689,1,5,0,18,0,0,0,0,0,0,0,1,6,1,63,9,1441,1,1,10,1,10
2016076222827,1,9,0,18,0,0,0,0,0,0,1,1,6,1,34,6,1956,2,1,10,2,10
2016076222827,2,9,0,18,0,0,0,0,0,0,1,1,6,2,54,8,1124,1,13,5,1,5
2016076222827,3,9,0,18,0,0,0,0,0,0,2,1,6,2,46,8,-1,-1,-1,-1,-1,-1
2016076222832,1,5,0,17,0,8,2,0,1,10,1,1,6,1,54,8,1130,1,13,6,3,6
2016076223169,1,3,0,18,0,8,0,0,0,0,1,1,6,1,17,4,125,1,-1,6,1,6
2016076223169,2,9,0,1,0,8,0,0,0,0,2,1,6,1,26,6,1364,1,7,6,3,6
2016076223502,1,9,0,12,0,0,0,0,5,0,2,1,1,1,32,6,1332,1,8,3,1,3
2016076223502,2,9,0,18,0,0,0,0,0,0,1,1,6,1,35,6,1598,2,2,6,3,6
2016076223535,1,9,0,9,0,8,0,0,0,0,4,1,6,2,31,6,998,1,3,6,3,6
2016076223535,2,9,0,18,0,8,0,0,0,0,1,1,2,2,49,8,-1,-1,-1,6,1,6
2016076223535,3,19,0,8,0,1,0,0,0,0,1,1,1,1,25,5,2198,2,1,10,1,10
2016076223633,1,10,0,18,0,0,0,0,0,0,4,1,1,1,53,8,2461,2,8,1,1,1
2016076223692,1,1,0,18,0,0,0,0,0,0,1,1,6,1,13,3,-1,-1,-1,9,2,9
2016076223692,2,9,0,2,0,0,0,0,0,0,2,1,6,3,-1,-1,996,1,4,9,2,9
2016076223702,1,9,0,7,0,1,0,0,0,0,0,1,6,1,-1,-1,-1,-1,-1,-1,-1,-1
2016076223702,2,1,0,18,0,1,0,0,0,0,0,1,1,1,49,8,-1,-1,-1,4,1,4
2016076224055,1,3,0,18,0,0,1,0,0,0,1,1,6,1,23,5,125,1,-1,-1,-1,-1
2016076224055,2,9,0,3,0,0,0,0,0,0,2,1,6,1,64,9,-1,-1,-1,10,1,10
2016076224256,1,9,0,5,0,1,0,0,0,0,4,1,6,2,54,8,1582,2,-1,-1,-1,-1
2016076224256,2,1,0,18,0,1,0,0,0,0,1,1,6,1,55,8,-1,-1,-1,9,3,9
2016076224761,1,9,0,4,0,0,0,0,0,0,1,1,6,2,-1,-1,1390,1,5,9,2,9
2016076224761,2,9,0,3,0,0,0,0,0,0,2,1,6,2,32,6,1596,1,15,10,2,10
2016076225243,1,9,0,18,0,0,0,11,0,0,1,1,6,2,26,6,1399,2,6,9,1,9
2016076225488,1,1,0,7,0,0,0,0,0,0,1,1,6,1,22,5,-1,-1,-1,7,1,7
2016076225488,2,9,0,18,0,0,0,0,0,0,1,1,6,1,26,6,1560,2,3,2,1,2
2016076226024,1,9,0,13,0,0,0,0,0,0,0,1,6,3,-1,-1,-1,-1,-1,-1,-1,-1
2016076226024,2,17,0,18,0,0,0,0,0,0,0,1,6,3,-1,-1,-1,-1,-1,-1,-1,-1
2016076226024,3,9,0,18,0,0,1,0,7,10,1,1,6,1,22,5,1299,1,18,8,1,8
2016076226162,1,21,4,18,0,1,0,0,0,0,1,2,1,1,48,8,-1,-1,-1,-1,-1,-1
2016076226162,2,9,0,10,0,5,0,0,7,11,2,1,6,2,77,11,2685,2,12,6,3,6
2016076226196,1,9,0,13,0,0,1,0,0,0,4,1,2,1,48,8,1595,1,11,-1,1,-1
2016076226196,2,9,0,18,0,0,0,0,1,11,4,1,6,1,43,7,1995,2,-1,9,3,9
2016076226234,1,9,0,10,0,1,0,0,0,0,2,1,1,2,32,6,1242,1,6,5,1,5
2016076226234,2,9,0,4,0,1,0,0,0,0,1,1,1,1,53,8,1951,2,14,1,1,1
2016076226335,1,9,0,5,0,6,0,0,0,0,3,1,6,2,19,4,1242,1,9,-1,-1,-1
2016076226335,2,9,0,18,0,8,0,0,0,0,1,1,6,1,52,8,1598,1,9,-1,-1,-1
2016076226432,1,9,0,9,0,8,0,0,0,0,3,1,6,2,40,7,1275,1,16,4,1,4
2016076226432,2,9,0,13,0,1,0,0,0,0,1,1,6,1,84,11,1398,2,5,10,1,10
2016076226498,1,9,0,16,0,1,0,0,0,0,4,1,6,1,74,10,1364,1,1,4,3,4
2016076226498,2,9,0,17,0,1,0,0,0,0,1,1,6,1,54,8,-1,-1,-1,-1,-1,-1
2016076226652,1,9,0,10,0,8,0,0,0,0,1,1,2,1,28,6,4163,1,8,6,1,6
2016076226652,2,3,0,14,0,8,0,0,0,0,4,1,2,1,29,6,125,1,2,6,1,6
2016076226704,1,9,0,16,0,1,0,0,0,0,0,1,6,3,-1,-1,-1,-1,-1,-1,-1,-1
2016076226704,2,1,0,16,0,1,0,0,0,0,0,1,6,1,51,8,-1,-1,-1,6,2,6
2016076226780,1,9,0,6,0,0,0,0,0,0,3,1,6,1,29,6,1461,2,2,2,1,2
2016076226780,2,3,0,18,0,0,0,0,0,0,1,1,6,1,45,7,124,2,27,4,1,4
2016076227262,1,9,0,18,0,1,0,0,0,0,1,1,6,1,34,6,1395,1,1,10,1,10
2016076227262,2,9,0,4,0,1,0,0,0,0,2,1,6,1,58,9,999,1,-1,8,1,8
2016076227262,3,9,0,18,0,1,0,0,0,0,1,1,6,2,59,9,2987,2,2,9,3,9
2016076227593,1,9,0,7,0,1,0,0,0,0,1,1,6,1,-1,-1,-1,-1,-1,-1,-1,-1
2016076227642,1,9,0,18,0,1,0,0,0,0,1,1,6,2,48,8,1590,1,13,10,1,10
2016076227642,2,9,0,18,0,1,0,0,0,0,4,1,6,1,68,10,2435,1,12,8,1,8
2016076227662,1,9,0,12,0,1,0,0,0,0,4,1,6,2,39,7,1997,2,2,1,1,1
2016076227662,2,9,0,17,0,1,0,0,0,0,1,2,1,1,59,9,-1,-1,-1,3,1,3
2016076227908,1,9,0,18,0,1,0,0,0,0,1,1,6,1,-1,-1,1968,2,3,-1,3,-1
2016076227908,2,9,0,9,0,1,0,0,0,0,2,1,6,2,39,7,-1,-1,-1,5,3,5
2016076227908,3,9,0,18,0,1,0,0,0,0,1,1,6,1,62,9,1685,2,1,8,3,8
2016076227963,1,3,0,7,0,0,1,0,0,0,0,1,6,1,26,6,125,1,1,4,1,4
2016076228652,1,3,0,5,0,2,0,0,0,0,4,1,6,2,19,4,125,1,1,3,1,3
2016076228652,2,9,0,5,0,2,0,0,0,0,3,1,6,1,59,9,2987,2,8,-1,1,-1
2016076228663,1,9,0,14,0,1,1,0,0,0,4,1,6,1,35,6,1686,2,6,2,1,2
2016076228663,2,9,0,9,0,6,0,0,0,0,1,1,6,2,20,4,1242,1,3,2,1,2
2016076228690,1,1,0,18,0,0,0,0,0,0,1,1,6,1,8,2,-1,-1,-1,1,1,1
2016076228690,2,9,0,4,0,0,0,0,0,0,4,1,6,2,25,5,-1,-1,-1,1,1,1
2016076228721,1,9,0,1,0,8,0,0,0,0,0,1,6,2,31,6,2902,2,9,7,3,7
2016076228721,2,19,0,16,0,1,0,0,1,3,1,1,1,1,31,6,1461,2,13,4,1,4
2016076229003,1,9,0,16,0,1,0,0,0,0,1,1,6,2,24,5,1229,1,11,7,1,7
2016076229003,2,9,0,7,0,6,0,0,0,0,1,1,6,1,28,6,1560,2,3,9,3,9
2016076229063,1,1,0,18,0,1,5,0,0,0,3,1,2,1,44,7,-1,-1,-1,10,1,10
2016076229063,2,9,0,7,0,1,0,0,0,0,1,1,2,2,49,8,1332,1,5,2,1,2
2016076229185,1,22,0,17,0,0,0,0,0,0,1,1,6,2,78,11,-1,-1,-1,1,1,1
2016076229185,2,9,0,1,0,0,0,0,0,0,2,1,3,2,22,5,1956,2,5,6,1,6
2016076229602,1,9,0,17,0,0,2,0,0,11,1,1,6,1,31,6,1242,1,11,-1,1,-1
2016076229778,1,9,0,14,0,0,0,0,0,0,4,1,6,2,65,9,998,1,2,10,1,10
2016076229880,1,9,0,5,0,0,0,0,0,0,4,1,6,2,-1,-1,-1,-1,-1,-1,-1,-1
2016076229880,2,1,0,15,0,0,0,0,0,0,3,1,6,1,17,4,-1,-1,-1,6,1,6
2016076230234,1,9,0,11,0,8,0,0,0,0,1,1,6,1,18,4,998,1,11,1,1,1
2016076230234,2,9,0,11,0,8,0,0,0,0,1,1,6,1,-1,-1,1798,1,10,-1,-1,-1
2016076230248,1,9,0,9,0,8,0,0,0,0,1,1,6,1,21,5,1390,1,6,1,1,1
2016076230248,2,4,0,18,0,1,0,0,0,0,1,1,6,2,26,6,125,1,3,8,1,8
2016076230254,1,9,0,2,0,1,0,0,0,0,2,1,1,1,33,6,-1,-1,-1,3,1,3
2016076230254,2,3,0,4,0,1,0,0,0,0,1,1,6,1,33,6,124,1,3,1,1,1
2016076230254,3,9,0,9,8,6,0,0,0,0,0,1,6,3,-1,-1,-1,-1,-1,-1,-1,-1
2016076230314,1,9,0,9,0,5,0,0,0,0,3,1,6,1,53,8,1997,2,5,9,3,9
2016076230314,2,9,0,18,0,8,0,0,0,0,3,1,6,2,27,6,-1,-1,-1,6,2,6
2016076230367,1,9,0,17,0,0,5,0,1,0,1,1,6,1,49,8,1994,1,16,5,3,5
2016076230877,1,9,0,18,0,0,0,0,0,0,1,1,6,1,24,5,998,1,10,1,1,1
2016076230877,2,9,0,3,0,0,0,0,0,0,2,1,6,2,17,4,1896,2,11,8,3,8
2016076231163,1,9,0,18,0,0,2,0,0,0,1,1,6,1,42,7,1596,1,10,1,1,1
2016076231331,1,98,0,18,0,0,0,0,0,0,1,1,6,1,26,6,-1,-1,-1,-1,1,-1
2016076231331,2,9,4,18,0,0,0,0,0,0,0,1,2,1,58,9,-1,-1,-1,4,1,4
2016076231350,1,5,0,16,0,0,1,0,7,0,1,1,6,1,43,7,992,1,13,6,1,6
2016076231350,2,5,0,17,0,0,0,0,1,0,1,1,6,1,45,7,988,1,15,2,1,2
2016076231574,1,9,0,16,0,0,2,0,7,0,1,1,6,1,22,5,1461,2,12,3,1,3
2016076231695,1,9,0,6,8,0,0,0,0,0,3,1,2,1,31,6,2000,2,6,3,1,3
2016076231695,2,9,0,18,0,0,0,0,0,0,1,1,2,2,39,7,1596,1,13,6,1,6
2016076231829,1,98,0,1,0,1,0,0,0,0,2,1,6,1,-1,-1,-1,-1,-1,-1,-1,-1
2016076231829,2,9,0,3,0,1,0,0,0,0,1,1,6,2,32,6,1199,1,14,4,1,4
2016076231903,1,9,0,18,0,0,0,0,5,0,3,1,6,2,23,5,1149,1,12,7,1,7
2016076231919,1,9,0,1,0,0,0,0,0,0,2,1,6,1,45,7,1910,2,8,4,1,4
2016076232002,1,9,0,7,0,3,0,0,0,0,1,1,6,2,70,10,1598,1,1,-1,1,-1
2016076232002,2,9,0,7,0,3,0,0,0,0,4,1,6,2,56,9,1388,1,7,7,1,7
2016076232051,1,9,0,18,0,8,0,0,1,1,3,1,6,2,29,6,1328,1,9,3,1,3
2016076232051,2,11,0,18,0,8,0,0,0,0,1,1,1,1,38,7,3900,2,10,4,1,4
2016076232318,1,9,0,1,0,1,0,0,0,0,2,1,6,1,63,9,2179,2,4,6,1,6
2016076232318,2,9,0,2,0,1,0,0,0,0,1,1,6,2,47,8,1796,1,16,6,1,6
2016076232321,1,9,0,5,0,1,0,0,0,0,3,1,6,2,74,10,1797,8,2,6,1,6
2016076232321,2,9,0,18,0,1,0,0,0,0,3,1,1,1,52,8,1968,2,1,5,3,5
2016076232342,1,21,0,16,0,4,0,0,0,0,0,1,1,3,-1,-1,-1,-1,-1,-1,-1,-1
2016076232342,2,5,0,18,0,8,1,9,7,10,0,1,6,1,53,8,1099,1,24,-1,3,-1
2016076232360,1,9,0,18,0,0,0,0,0,0,1,1,6,2,-1,-1,1984,1,14,9,1,9
2016076232360,2,9,0,2,0,0,0,0,0,0,2,1,6,2,30,6,2000,1,8,-1,-1,-1
2016076232438,1,4,0,7,0,3,0,0,0,0,0,1,6,1,17,4,124,1,-1,-1,-1,-1
2016076232822,1,19,0,17,0,0,5,0,0,0,3,1,1,1,20,4,1870,2,9,7,3,7
2016076232891,1,11,0,18,3,8,0,0,0,0,4,1,1,1,58,9,3900,2,13,2,1,2
2016076232891,2,9,0,18,0,1,0,0,0,0,1,1,1,1,42,7,1900,2,11,-1,2,-1
2016076233415,1,9,0,9,0,2,0,0,0,0,3,1,6,2,65,9,1388,1,12,3,1,3
2016076233415,2,1,0,18,0,1,0,0,0,0,1,1,1,1,32,6,-1,-1,-1,3,1,3
2016076233480,1,9,0,1,0,6,0,0,0,0,2,1,6,1,50,8,1598,1,4,10,3,10
2016076233499,1,9,0,2,0,2,0,0,0,0,4,2,6,1,46,8,1989,1,16,2,1,2
2016076233499,2,1,0,18,0,2,0,4,0,0,1,1,1,1,39,7,-1,-1,-1,2,1,2
2016076233611,1,9,0,18,0,8,0,0,0,1,4,1,6,1,37,7,1984,2,4,-1,-1,-1
2016076233611,2,9,0,18,0,8,0,0,0,1,1,1,2,2,41,7,1796,1,8,3,1,3
2016076233956,1,9,0,9,9,2,0,0,0,1,1,1,1,1,22,5,2979,1,14,3,1,3
2016076233983,1,9,0,16,0,6,0,0,0,0,4,1,1,1,56,9,2993,2,6,10,1,10
2016076234175,1,9,0,4,0,2,0,0,0,0,1,1,1,1,53,8,1388,1,12,6,1,6
2016076234175,2,4,0,5,0,2,0,0,0,0,3,1,6,2,56,9,1137,1,17,3,1,3
2016076234219,1,3,0,4,0,1,0,0,0,0,4,1,6,1,19,4,125,1,1,-1,-1,-1
2016076234265,1,5,0,18,0,1,1,0,0,0,3,1,6,1,29,6,1340,1,6,1,1,1
2016076234265,2,9,0,9,0,5,0,0,0,0,0,1,6,2,37,7,2204,2,8,-1,-1,-1
2016076234375,1,1,0,18,0,1,0,0,0,0,4,1,6,1,45,7,-1,-1,-1,3,1,3
2016076234375,2,9,0,5,0,1,0,0,0,0,1,1,6,1,62,9,1398,1,10,3,1,3
2016076234438,1,9,0,18,0,4,0,0,0,0,1,1,6,3,-1,-1,-1,-1,-1,-1,-1,-1
2016076234438,2,1,0,18,0,4,2,0,0,0,2,1,6,2,26,6,-1,-1,-1,4,1,4
2016076234799,1,9,0,9,0,1,0,0,0,0,3,1,6,1,22,5,1560,2,6,2,1,2
2016076234799,2,1,0,18,0,8,0,0,0,0,1,1,6,1,36,7,-1,-1,-1,8,1,8
2016076235093,1,21,1,12,0,0,5,2,0,0,1,1,1,1,65,9,10837,2,3,1,1,1
2016076235331,1,19,0,18,0,0,0,0,0,0,3,1,1,1,-1,-1,2299,2,1,9,1,9
2016076235718,1,9,0,5,0,0,0,0,0,0,4,1,6,2,28,6,1956,2,4,1,1,1
2016076235915,1,9,0,18,0,0,0,0,0,0,1,1,6,1,46,8,1998,2,1,10,3,10
2016076235915,2,9,0,18,0,0,0,0,0,0,2,1,6,1,49,8,1985,1,15,3,2,3
2016076236346,1,9,0,10,0,1,0,0,0,0,1,1,6,1,48,8,1968,2,10,1,1,1
2016076236346,2,9,0,18,0,1,0,0,0,0,1,1,6,1,33,6,2500,2,17,6,1,6
2016076236421,1,9,0,18,0,0,5,0,1,7,1,1,6,1,57,9,1998,2,9,9,1,9
2016076236558,1,19,0,2,0,0,0,4,0,0,2,1,6,2,66,10,-1,-1,-1,-1,-1,-1
2016076236769,1,9,0,4,0,0,0,0,0,0,1,1,6,2,58,9,1984,1,1,-1,1,-1
2016076236769,2,9,0,4,0,0,0,0,0,0,2,1,6,1,50,8,-1,-1,-1,3,1,3
2016076236769,3,9,0,4,0,0,0,0,5,6,2,1,6,1,53,8,-1,-1,-1,-1,-1,-1
2016076236852,1,98,0,18,0,0,0,0,0,0,3,1,6,3,-1,-1,-1,-1,-1,-1,-1,-1
2016076236852,2,9,0,18,0,0,0,0,0,0,3,1,6,1,19,4,1198,1,6,4,1,4
2016076236884,1,9,0,18,0,0,0,0,0,0,1,1,2,1,40,7,1390,1,14,-1,1,-1
2016076236884,2,19,0,18,0,0,0,0,0,0,2,1,2,1,20,4,1968,2,6,10,2,10
2016076236901,1,9,0,16,0,0,0,0,0,0,1,1,6,1,46,8,1597,1,17,4,1,4
2016076236901,2,9,0,17,0,0,0,0,0,0,1,1,6,1,61,9,1995,2,4,9,1,9
2016076236984,1,9,0,18,9,0,0,0,1,3,1,1,2,2,30,6,1798,1,3,-1,-1,-1
2016076237011,1,21,0,11,0,0,0,0,0,0,2,1,1,1,52,8,12777,2,5,2,1,2
2016076237011,2,4,0,18,0,0,5,0,0,0,1,1,6,1,76,11,499,1,21,6,1,6
2016076237073,1,9,0,9,0,0,0,0,7,11,1,1,2,1,61,9,1364,1,9,9,1,9
2016076237073,2,9,0,18,0,0,0,0,0,0,1,1,2,1,51,8,1598,1,17,2,1,2
2016076237112,1,9,0,4,0,0,0,0,1,0,2,1,2,2,30,6,1248,2,8,9,1,9
2016076237112,2,9,0,18,0,0,1,0,0,0,1,1,2,1,37,7,1968,2,-1,6,1,6
2016076237217,1,9,0,5,0,2,0,0,0,0,3,1,2,1,46,8,1951,2,10,3,1,3
2016076237217,2,9,0,11,0,2,0,0,0,0,4,1,6,1,22,5,1900,2,17,3,1,3
2016076237262,1,5,0,18,0,0,0,2,0,0,1,1,6,1,24,5,599,1,7,6,1,6
2016076237611,1,9,0,18,0,0,0,0,0,0,4,1,2,1,61,9,1490,1,8,9,1,9
2016076237716,1,19,0,7,0,5,5,0,1,0,0,1,1,1,38,7,1560,2,2,2,1,2
2016076237716,2,9,0,18,0,1,1,0,0,0,2,1,2,1,23,5,1598,1,14,10,1,10
2016076237775,1,1,0,18,0,0,0,11,0,0,1,1,6,1,57,9,-1,-1,-1,10,1,10
2016076237855,1,9,0,4,0,0,0,0,0,0,1,1,6,1,22,5,1984,1,7,1,1,1
2016076237855,2,9,0,4,0,0,0,0,0,0,1,1,6,1,30,6,2720,2,10,1,1,1
2016076237855,3,9,0,9,0,0,0,0,0,0,2,1,6,1,34,6,1368,1,6,6,1,6
2016076238006,1,19,0,18,0,0,0,0,0,0,1,1,6,1,-1,-1,2198,2,3,-1,-1,-1
2016076238006,2,8,0,18,0,0,0,0,0,0,2,1,6,2,40,7,-1,-1,-1,-1,-1,-1
2016076238164,1,9,0,18,0,4,0,0,0,0,3,1,6,1,28,6,1368,1,5,10,2,10
2016076238164,2,19,0,18,0,8,0,0,0,0,1,1,6,1,45,7,-1,-1,-1,9,1,9
2016076238286,1,9,0,18,0,0,0,0,0,0,1,1,6,3,-1,-1,-1,-1,-1,-1,-1,-1
2016076238286,2,9,0,18,0,0,0,0,0,0,1,1,6,3,-1,-1,-1,-1,-1,-1,-1,-1
2016076238445,1,9,0,18,0,1,0,0,0,0,1,1,6,2,71,10,1329,1,2,-1,1,-1
2016076238445,2,17,0,18,0,2,0,0,0,0,1,1,6,1,16,4,-1,2,8,7,3,7
2016076238492,1,9,0,9,0,8,0,0,0,0,4,1,6,1,26,6,1149,1,15,1,1,1
2016076238492,2,3,0,18,0,8,0,0,0,0,1,1,2,1,19,4,124,1,-1,4,1,4
2016076238826,1,19,0,18,0,0,1,0,2,7,1,1,1,1,59,9,2299,2,3,9,1,9
2016076238901,1,9,0,7,0,7,0,0,0,0,3,1,6,1,55,8,1461,2,4,7,3,7
2016076239044,1,8,0,18,0,0,0,0,0,0,1,1,1,1,31,6,1997,2,8,8,1,8
2016076239044,2,9,0,4,0,0,0,0,0,0,2,1,6,1,34,6,1461,2,1,3,1,3
2016076239044,3,9,0,4,0,0,0,0,0,0,2,1,6,3,-1,-1,1995,2,-1,-1,-1,-1
2016076239057,1,9,0,9,0,6,0,10,0,7,1,1,6,1,24,5,2494,1,19,9,2,9
2016076239343,1,5,0,16,0,0,5,0,7,7,3,1,6,1,31,6,599,1,17,7,3,7
2016076239369,1,5,0,13,0,8,0,0,0,0,1,1,6,1,42,7,1441,1,3,9,1,9
2016076239369,2,9,0,9,0,8,0,0,0,0,3,1,6,1,-1,-1,-1,-1,-1,-1,-1,-1
2016076239369,3,9,0,3,0,8,0,0,0,0,0,1,6,3,30,6,2000,1,11,6,3,6
2016076239386,1,21,1,10,0,1,0,0,0,0,0,2,1,3,-1,-1,-1,-1,-1,-1,-1,-1
2016076239951,1,3,0,9,0,8,1,0,0,0,0,1,6,1,85,11,102,1,1,6,1,6
2016076239954,1,9,0,16,0,0,2,0,0,0,3,1,6,1,20,4,1995,2,7,-1,3,-1
2016076239954,2,9,0,17,0,0,1,0,1,10,3,1,6,1,64,9,2496,1,12,2,1,2
2016076240141,1,9,0,18,9,1,0,0,0,0,4,1,6,3,-1,-1,1388,1,12,-1,-1,-1
2016076240141,2,9,0,18,0,1,0,0,0,0,0,1,1,1,30,6,2993,2,3,8,1,8
2016076240141,3,9,0,18,0,1,0,0,0,0,4,1,1,2,28,6,1229,1,5,2,1,2
2016076240264,1,9,0,17,0,0,2,0,0,0,3,1,2,2,19,4,998,1,7,6,3,6
2016076240264,2,20,0,16,0,0,0,0,0,0,0,1,6,3,-1,-1,-1,-1,-1,-1,-1,-1