Accident_Index,Vehicle_Reference,Vehicle_Type,Towing_and_Articulation,Vehicle_Manoeuvre,Vehicle_Location-Restricted_Lane,Junction_Location,Skidding_and_Overturning,Hit_Object_in_Carriageway,Vehicle_Leaving_Carriageway,Hit_Object_off_Carriageway,1st_Point_of_Impact,Was_Vehicle_Left_Hand_Drive?,Journey_Purpose_of_Driver,Sex_of_Driver,Age_of_Driver,Age_Band_of_Driver,Engine_Capacity_(CC),Propulsion_Code,Age_of_Vehicle,Driver_IMD_Decile,Driver_Home_Area_Type,Vehicle_IMD_Decile
2016076264224,2,9,0,4,0,0,0,0,0,0,2,1,6,1,22,5,1968,2,1,5,1,5
2016076264224,3,9,0,4,0,0,0,0,0,0,2,1,6,1,32,6,1598,2,-1,4,1,4
2016076264224,4,9,0,4,0,0,0,0,0,0,2,1,6,2,35,6,1686,2,12,1,1,1
2016076264297,1,1,0,18,0,0,0,0,0,0,3,1,6,1,47,8,-1,-1,-1,10,2,10
2016076264297,2,9,0,13,0,0,0,0,0,0,4,1,6,1,47,8,1998,1,14,5,1,5
2016076264922,1,20,0,5,0,1,0,0,0,0,1,1,2,1,26,6,-1,-1,-1,2,1,2
2016076264922,2,9,0,3,0,1,0,0,0,0,2,1,1,1,52,8,-1,-1,-1,2,1,2
2016076264975,1,9,0,15,0,1,0,0,0,0,4,1,1,1,61,9,6750,1,13,4,3,4
2016076264975,2,1,0,18,0,1,0,0,0,0,1,1,6,2,36,7,-1,-1,-1,2,1,2
2016076265282,1,9,0,18,0,0,0,0,0,0,1,1,6,1,31,6,1229,1,3,4,1,4
2016076265282,2,9,0,3,0,0,0,0,0,0,2,1,6,2,41,7,1591,1,4,2,1,2
2016076265461,1,9,0,3,0,0,0,0,0,0,1,1,6,1,-1,-1,1242,1,11,-1,1,-1
2016076265461,2,9,0,3,0,0,0,0,0,0,2,1,6,1,54,8,1461,2,6,9,1,9
2016076265563,1,9,0,18,0,0,0,0,0,0,3,1,6,1,26,6,1587,1,15,5,3,5
2016076265563,2,5,0,18,0,0,0,0,0,0,4,1,6,1,59,9,998,1,11,4,1,4
2016076265923,1,9,0,17,0,4,0,0,0,0,3,1,6,2,-1,-1,-1,-1,-1,-1,-1,-1
2016076265923,2,1,0,17,0,8,2,0,0,0,1,1,6,1,29,6,-1,-1,-1,8,1,8
2016076266176,1,9,0,18,0,0,0,0,0,0,4,1,1,2,23,5,1108,1,12,8,1,8
2016076266376,1,9,0,15,0,0,0,10,7,11,4,1,6,1,-1,-1,1398,1,5,-1,-1,-1
2016076266376,2,9,0,18,0,0,0,0,0,0,1,1,1,2,51,8,1998,1,12,8,1,8
2016076266376,3,9,0,18,0,0,0,0,0,0,0,1,1,1,41,7,2993,2,-1,8,1,8
2016076266415,1,9,0,18,0,8,0,0,0,0,1,1,6,1,71,10,1968,2,4,9,2,9
2016076266415,2,19,0,18,0,8,0,0,0,0,1,1,6,1,72,10,-1,-1,-1,-1,-1,-1
2016076266508,1,9,0,11,0,0,0,0,0,0,4,1,6,2,-1,-1,1968,2,5,8,3,8
2016076266508,2,11,0,18,0,0,0,0,0,0,3,1,1,1,34,6,7300,2,10,7,1,7
2016076266615,1,19,0,4,0,1,0,0,0,0,1,1,2,1,48,8,1753,2,14,6,1,6
2016076266615,2,1,0,18,0,1,0,0,0,0,1,1,6,2,31,6,-1,-1,-1,4,1,4
2016076266903,1,9,0,18,0,0,0,0,0,0,3,1,6,3,-1,-1,-1,-1,-1,-1,-1,-1
2016076267214,1,9,0,18,0,0,1,10,0,0,3,1,2,2,29,6,1598,2,4,-1,-1,-1
2016076267214,2,9,0,18,0,0,0,10,0,0,3,1,2,1,-1,-1,2179,2,1,7,1,7
2016076267214,3,9,0,18,0,0,0,0,0,0,1,1,2,2,36,7,1598,1,6,8,1,8
2016076267249,1,9,0,4,0,2,0,0,0,0,2,1,2,2,51,8,998,1,1,1,1,1
2016076267249,2,9,0,18,0,2,0,0,0,0,1,1,2,2,22,5,1149,1,3,1,1,1
2016076267385,1,9,0,4,0,0,0,0,0,0,1,1,6,3,-1,-1,-1,-1,-1,-1,-1,-1
2016076267385,2,9,0,4,0,0,0,0,0,0,2,1,2,2,24,5,-1,-1,-1,6,1,6
2016076267385,3,9,0,4,0,0,0,0,0,0,2,1,6,1,45,7,1968,2,2,6,1,6
2016076268731,1,9,0,5,0,4,0,0,0,0,1,1,6,1,-1,-1,1229,1,2,8,1,8
2016076268731,2,9,0,3,0,4,0,0,0,0,2,1,6,1,-1,-1,1997,2,11,9,1,9
2016076268830,1,9,0,10,0,4,0,0,0,0,1,1,6,1,71,10,1910,2,8,1,1,1
2016076268830,2,9,0,10,0,4,0,0,0,0,2,1,6,1,66,10,-1,-1,-1,5,1,5
2016076269159,1,19,0,4,0,1,0,0,0,0,1,2,1,1,-1,-1,-1,-1,-1,-1,-1,-1
2016076269159,2,9,0,3,0,4,0,0,0,0,2,1,6,2,22,5,-1,-1,-1,2,1,2
2016076269440,1,9,0,16,0,0,0,0,0,0,3,1,2,2,32,6,998,1,8,9,1,9
2016076269440,2,9,0,17,0,0,0,0,1,11,3,1,2,1,45,7,2922,1,12,8,1,8
2016076269481,1,9,0,18,0,0,0,0,0,0,1,1,6,3,-1,-1,-1,-1,-1,-1,-1,-1
2016076269499,1,9,0,1,0,0,0,0,0,0,2,1,1,2,29,6,1582,2,1,2,1,2
2016076269499,2,9,0,3,0,0,0,0,0,0,1,1,1,1,23,5,1686,2,3,1,1,1
2016076269911,1,9,0,18,0,0,0,0,0,0,1,1,6,1,64,9,1796,1,13,-1,-1,-1
2016076269911,2,9,0,18,0,0,0,0,0,0,1,1,6,1,65,9,1796,1,12,-1,-1,-1
2016076269935,1,20,1,16,0,3,2,0,0,0,3,1,1,1,33,6,-1,-1,-1,5,3,5
2016076270049,1,9,0,10,0,0,0,0,0,0,2,1,2,2,60,9,1968,2,-1,-1,3,-1
2016076270049,2,9,0,15,0,0,0,0,0,0,1,1,6,2,71,10,998,1,1,5,1,5
2016076270123,1,19,0,18,0,0,0,0,0,0,1,1,1,1,47,8,2198,2,2,5,1,5
2016076270123,2,9,0,18,0,0,0,0,1,0,1,1,6,1,61,9,1496,1,-1,4,1,4
2016076270396,1,9,0,1,9,0,0,0,0,0,2,2,6,1,36,7,1997,2,12,8,1,8
2016076270722,1,3,0,17,0,0,0,0,1,0,4,1,6,1,20,4,124,1,4,1,1,1
2016076271117,1,9,0,17,0,0,0,0,0,0,3,1,6,1,56,9,2179,2,2,7,3,7
2016076271117,2,1,0,16,0,0,1,0,1,10,3,1,6,1,39,7,-1,-1,-1,-1,-1,-1
2016076271155,1,9,0,18,0,0,0,0,0,0,1,1,6,2,23,5,1397,1,9,10,2,10
2016076271155,2,9,0,18,0,0,0,0,0,0,2,1,6,1,30,6,998,1,4,2,1,2
2016076271155,3,9,0,18,0,0,0,0,0,0,2,1,6,1,53,8,1968,2,-1,10,1,10
2016076271296,1,9,0,14,0,0,0,0,0,0,1,1,2,1,34,6,1596,1,13,3,1,3
2016076271296,2,9,0,4,0,0,0,0,1,0,1,1,6,1,77,11,1951,2,13,8,2,8
2016076271296,3,9,0,4,0,0,0,0,0,0,1,1,6,1,38,7,1461,2,1,9,1,9
2016076271437,1,9,0,18,0,4,0,0,0,0,1,1,6,1,61,9,1796,1,3,-1,-1,-1
2016076271437,2,9,0,18,0,3,0,0,0,0,2,1,6,1,-1,-1,1396,1,16,2,1,2
2016076271459,1,9,0,17,0,0,1,0,7,4,4,1,6,1,34,6,2179,2,3,9,3,9
2016076271460,1,3,0,18,0,4,2,0,0,0,3,1,6,1,49,8,125,1,4,-1,-1,-1
2016076271776,1,9,0,18,0,0,0,0,2,4,1,1,6,2,18,4,-1,-1,-1,9,1,9
2016076271914,1,9,0,18,0,0,0,0,0,0,1,1,6,2,30,6,1248,1,1,3,1,3
2016076272060,1,9,0,9,0,6,0,0,0,0,3,1,6,2,57,9,2143,2,1,-1,3,-1
2016076272060,2,5,0,18,0,8,0,0,0,0,1,1,6,1,72,10,798,1,32,2,1,2
2016076272069,1,1,0,9,0,8,0,0,0,0,4,1,6,1,13,3,-1,-1,-1,1,1,1
2016076272069,2,9,0,9,0,8,0,0,0,0,1,1,6,1,39,7,1560,2,5,6,1,6
2016076272081,1,1,0,18,0,8,5,0,0,0,2,1,6,1,39,7,-1,-1,-1,9,1,9
2016076272081,2,9,4,18,0,8,0,0,0,0,3,1,6,1,47,8,-1,-1,-1,6,3,6
2016076272142,1,9,0,7,0,8,0,0,2,2,1,1,6,2,36,7,1598,1,9,7,1,7
2016076272142,2,19,0,18,0,8,0,0,0,0,4,1,1,1,44,7,1753,2,9,1,1,1
2016076272468,1,19,0,18,0,1,0,0,0,0,1,2,2,1,-1,-1,2151,2,14,6,3,6
2016076272468,2,9,0,3,0,1,0,0,0,0,2,2,6,2,26,6,1598,1,12,4,1,4
2016076272468,3,9,0,3,0,1,0,0,0,0,2,2,6,2,37,7,2993,2,1,10,2,10
2016076272664,1,9,0,18,0,2,0,0,0,0,1,1,6,2,31,6,-1,-1,-1,7,1,7
2016076272664,2,1,0,18,0,2,0,0,0,0,2,1,2,1,48,8,-1,-1,-1,7,1,7
2016076272664,3,9,0,18,0,2,0,0,0,0,1,1,6,2,31,6,1598,2,4,6,1,6
2016076272870,1,9,0,18,0,1,0,0,0,0,1,1,2,1,46,8,1995,2,9,3,1,3
2016076272870,2,9,0,18,0,1,0,0,0,0,2,1,2,1,35,6,1999,2,-1,-1,-1,-1
2016076272870,3,9,0,12,0,7,0,0,0,0,0,1,6,3,-1,-1,-1,-1,-1,-1,-1,-1
2016076273190,1,9,0,7,0,1,0,0,0,0,2,2,6,1,36,7,1995,2,3,9,1,9
2016076273190,2,9,0,7,0,1,0,0,0,0,0,2,6,1,71,10,2199,2,2,5,1,5
2016076273232,1,90,0,9,0,8,0,0,0,0,3,1,6,3,-1,-1,-1,-1,-1,-1,-1,-1
2016076273325,1,21,1,18,0,0,0,0,0,0,1,1,1,1,44,7,-1,-1,-1,-1,-1,-1
2016076273325,2,9,0,4,0,0,0,0,0,0,2,1,6,1,60,9,-1,-1,-1,4,1,4
2016076273533,1,9,0,18,0,0,0,0,0,0,1,1,6,1,65,9,1360,1,8,2,1,2
2016076273768,1,9,0,9,0,1,0,0,0,0,1,1,6,1,44,7,1798,1,6,9,1,9
2016076273768,2,1,0,18,0,1,0,0,0,0,1,1,6,1,40,7,-1,-1,-1,9,1,9
2016076274105,1,8,0,5,9,0,0,0,0,0,1,1,1,1,-1,-1,-1,-1,-1,-1,-1,-1
2016076274105,2,1,0,18,9,0,0,0,0,0,1,1,6,1,27,6,-1,-1,-1,4,1,4
2016076274113,1,1,0,15,0,1,0,0,0,0,1,1,2,1,40,7,-1,-1,-1,2,1,2
2016076274113,2,19,0,7,0,1,0,0,0,0,4,1,3,1,31,6,1998,2,13,1,1,1
2016076274360,1,1,0,18,9,0,0,0,0,0,3,1,6,1,15,3,-1,-1,-1,1,1,1
2016076274360,2,9,0,18,0,0,0,0,0,0,4,1,2,1,44,7,1598,1,8,3,1,3
2016076274368,1,1,0,18,0,0,0,0,0,0,1,1,2,1,45,7,-1,-1,-1,9,3,9
2016076274405,1,19,0,18,0,0,2,0,0,0,0,1,1,1,51,8,2402,2,16,7,1,7
2016076274490,1,1,0,18,0,0,1,0,0,0,1,1,6,1,21,5,-1,-1,-1,8,1,8
2016076274490,2,9,0,18,0,0,0,0,0,0,1,1,6,2,19,4,1368,1,7,9,1,9
2016076274521,1,9,0,18,0,0,0,0,0,0,1,1,6,2,-1,-1,-1,-1,-1,-1,-1,-1
2016076274526,1,3,0,15,0,1,0,0,0,0,1,1,6,1,18,4,-1,-1,-1,6,1,6
2016076274526,2,9,0,5,0,2,0,0,0,0,3,1,6,3,-1,-1,-1,-1,-1,-1,-1,-1
2016076274530,1,9,0,18,0,0,0,0,0,0,1,1,6,3,-1,-1,-1,-1,-1,-1,-1,-1
2016076274558,1,9,0,4,0,0,0,0,0,0,1,1,2,1,19,4,1124,1,11,8,1,8
2016076274558,2,9,0,3,0,0,0,0,0,0,2,1,6,1,29,6,1199,1,12,1,1,1
2016076274566,1,9,0,14,0,0,0,0,0,0,3,1,6,1,85,11,1995,2,6,7,3,7
2016076274566,2,9,0,1,0,0,0,0,0,0,0,1,6,3,-1,-1,-1,-1,-1,-1,-1,-1
2016076274566,3,1,0,18,0,0,0,0,0,0,3,1,6,1,58,9,-1,-1,-1,6,2,6
2016076274566,4,1,0,18,0,0,0,0,0,0,1,1,6,2,51,8,-1,-1,-1,6,2,6
2016076274629,1,9,0,6,0,0,0,0,0,0,1,1,6,2,79,11,1242,1,-1,6,1,6
2016076274629,2,9,0,18,0,0,0,0,0,0,4,1,2,1,65,9,1995,1,13,1,1,1
2016076274671,1,9,0,7,0,1,0,0,0,0,3,1,6,2,28,6,1399,1,-1,1,1,1
2016076274671,2,1,0,16,0,8,0,0,0,0,1,1,6,1,46,8,-1,-1,-1,3,1,3
2016076274718,1,9,0,8,9,0,0,0,0,0,3,1,2,1,57,9,1598,1,11,6,1,6
2016076274718,2,1,0,18,9,0,1,0,0,0,1,1,2,1,19,4,-1,-1,-1,3,1,3
2016076274817,1,9,0,3,0,1,0,0,0,0,2,1,2,2,20,4,1299,1,13,8,3,8
2016076274817,2,9,0,3,0,1,0,0,0,0,1,1,2,1,24,5,2993,2,2,8,1,8
2016076275018,1,11,0,18,0,1,0,0,0,0,1,1,1,1,45,7,9000,2,7,-1,-1,-1
2016076275023,1,9,0,18,0,0,0,0,0,0,1,1,6,2,25,5,1598,1,9,-1,3,-1
2016076275023,2,9,0,3,0,0,0,0,0,0,2,1,2,2,35,6,1598,2,4,8,1,8
2016076275293,1,1,0,9,0,1,0,0,0,0,0,1,1,1,29,6,-1,-1,-1,9,1,9
2016076275487,1,11,0,18,0,8,0,0,0,0,0,1,1,1,-1,-1,-1,-1,-1,-1,-1,-1
2016076275487,2,8,0,11,0,8,0,0,0,0,0,1,1,1,-1,-1,1560,2,2,-1,-1,-1
2016076275760,1,9,0,11,0,0,1,0,0,7,4,1,6,2,50,8,1997,2,12,-1,2,-1
2016076275760,2,21,1,18,0,0,0,0,0,0,3,2,1,1,27,6,-1,-1,-1,-1,-1,-1
2016076275962,1,9,0,6,0,0,0,0,0,0,1,1,2,1,18,4,1390,1,12,2,1,2
2016076275962,2,5,0,13,0,0,0,0,0,0,1,1,2,1,53,8,1200,1,-1,7,3,7
2016076275989,1,9,0,16,0,0,1,0,8,4,1,1,2,1,22,5,1242,1,15,5,1,5
2016076275989,2,9,0,16,0,0,0,0,0,0,1,1,2,1,32,6,1986,2,9,3,1,3
2016076276077,1,9,0,18,0,2,0,0,0,0,4,1,6,2,50,8,1598,1,11,2,1,2
2016076276160,1,5,0,17,0,0,2,0,0,0,3,1,6,1,44,7,998,1,-1,10,1,10
2016076276280,1,2,0,18,0,1,0,0,0,0,1,1,6,1,18,4,125,1,3,2,1,2
2016076276538,1,9,0,4,0,0,0,0,0,0,1,1,3,2,-1,-1,1390,1,13,-1,-1,-1
2016076276538,2,9,0,4,0,0,0,0,0,0,2,1,1,2,21,5,1242,1,8,8,1,8
2016076276549,1,9,0,1,0,0,0,0,0,0,2,1,6,3,-1,-1,-1,-1,-1,-1,-1,-1
2016076276665,1,3,0,18,0,0,1,0,0,0,0,1,6,2,21,5,124,1,6,9,1,9
2016076276685,1,9,0,18,0,1,0,0,0,0,1,1,6,1,-1,-1,954,1,17,7,1,7
2016076276685,2,9,0,10,0,1,0,0,0,0,2,1,6,2,29,6,1753,2,10,7,3,7
2016076276810,1,9,0,18,0,2,0,0,0,0,4,1,6,2,92,11,999,1,15,5,3,5
2016076277005,1,90,0,18,0,0,0,0,0,0,1,1,1,1,38,7,-1,-1,-1,2,1,2
2016076277005,2,20,0,18,0,0,0,0,1,0,1,1,1,1,66,10,12900,2,9,3,1,3
2016076277268,1,9,0,10,0,8,0,0,0,0,4,1,6,1,28,6,1996,1,21,8,1,8
2016076277268,2,1,0,18,0,1,0,0,0,0,1,1,6,1,32,6,-1,-1,-1,-1,-1,-1
2016076277374,1,19,0,9,0,6,0,0,0,0,3,1,6,1,26,6,2198,2,3,3,1,3
2016076277374,2,9,0,18,0,1,0,0,0,0,1,1,2,1,29,6,1388,1,10,8,1,8
2016076277631,1,5,0,15,0,4,0,7,0,10,1,1,2,1,59,9,1084,1,19,4,1,4
2016076277947,1,9,0,18,4,0,0,0,0,0,0,1,6,3,-1,-1,-1,-1,-1,-1,-1,-1
2016076277947,2,1,0,18,4,0,0,0,0,0,0,1,1,1,18,4,-1,-1,-1,-1,-1,-1
2016076278019,1,9,0,18,0,8,0,0,0,0,1,1,6,1,55,8,1461,2,10,6,1,6
2016076278019,2,9,0,9,0,8,0,0,0,0,4,1,6,1,28,6,1896,2,8,9,1,9
2016076278051,1,9,0,9,0,7,0,0,0,0,3,1,6,2,31,6,1596,1,5,3,1,3
2016076278051,2,3,0,18,0,8,5,0,0,0,1,1,6,1,26,6,124,1,14,3,1,3
2016076278080,1,9,0,9,0,6,0,0,0,0,0,1,6,3,-1,-1,-1,-1,-1,-1,-1,-1
2016076278080,2,1,0,18,0,8,0,0,0,0,0,1,6,1,46,8,-1,-1,-1,1,1,1
2016076278080,3,1,0,18,0,8,0,0,0,0,0,1,6,1,51,8,-1,-1,-1,9,1,9
2016076278080,4,1,0,18,0,8,0,0,0,0,0,1,6,1,48,8,-1,-1,-1,8,1,8
2016076278283,1,9,0,5,0,2,0,0,0,0,1,1,1,1,43,7,1598,2,3,-1,-1,-1
2016076278286,1,9,0,18,0,1,0,0,0,0,1,1,6,1,33,6,1560,2,2,4,1,4
2016076278411,1,9,0,18,0,8,0,0,0,0,1,1,6,1,21,5,1242,1,1,1,1,1
2016076278411,2,9,0,3,0,8,0,0,0,0,4,1,2,2,43,7,1242,1,5,3,1,3
2016076278695,1,9,0,18,0,1,0,0,1,0,1,1,6,1,39,7,1995,2,5,4,1,4
2016076278695,2,9,0,3,0,1,0,0,3,1,4,1,6,2,21,5,1229,1,2,9,1,9
2016076278892,1,9,0,18,0,0,1,0,1,9,1,1,6,2,31,6,1229,1,11,5,1,5
2016076279134,1,9,0,4,0,0,0,0,0,0,2,1,1,1,53,8,1461,2,6,2,1,2
2016076279134,2,9,0,4,0,0,0,0,0,0,2,1,1,1,53,8,1461,2,6,2,1,2
2016076279134,3,9,0,18,0,0,0,0,0,0,1,1,6,1,28,6,-1,-1,-1,5,1,5
2016076279144,1,1,0,9,0,5,0,0,0,0,3,1,6,1,14,3,-1,-1,-1,2,1,2
2016076279144,2,9,0,13,0,8,0,0,0,0,4,1,6,1,36,7,1910,2,8,2,1,2
2016076279176,1,11,0,7,0,2,0,0,0,0,1,1,1,1,44,7,4500,2,4,1,1,1
2016076279176,2,9,0,4,0,2,0,0,0,0,2,1,6,2,30,6,-1,-1,-1,1,1,1
2016076279345,1,9,0,18,0,1,1,0,0,0,1,1,6,1,50,8,1997,1,9,2,1,2
2016076279345,2,9,0,3,0,1,0,0,0,0,2,1,6,1,22,5,998,1,3,2,1,2
2016076279396,1,9,0,18,0,2,0,0,0,0,1,1,6,1,29,6,1598,2,3,5,2,5
2016076279469,1,9,0,4,0,1,0,0,0,0,1,1,6,2,40,7,1368,1,9,1,1,1
2016076279469,2,9,0,3,0,1,0,0,0,0,2,1,6,1,35,6,-1,-1,-1,1,1,1
2016076279469,3,9,0,3,0,1,0,0,0,0,2,1,6,2,26,6,1595,1,11,1,1,1
2016076279509,1,1,0,9,0,0,0,0,0,0,3,1,2,1,23,5,-1,-1,-1,2,1,2
2016076279509,2,5,0,18,0,0,0,0,0,0,1,1,6,1,23,5,599,1,1,7,3,7
2016076280204,1,9,0,7,0,6,0,0,0,0,1,1,6,1,54,8,1598,1,2,10,1,10
2016076280204,2,1,0,18,0,8,0,0,0,0,2,1,6,1,46,8,-1,-1,-1,7,3,7
2016076280305,1,9,0,9,0,8,0,0,0,0,4,1,6,2,66,10,1198,1,2,1,1,1
2016076280305,2,9,0,18,0,8,0,0,0,0,3,1,6,2,64,9,1461,2,9,9,3,9
2016076280329,1,9,0,18,0,0,0,0,0,0,1,1,6,2,-1,-1,1198,1,9,-1,-1,-1
2016076280329,2,9,0,18,0,0,0,0,0,0,2,1,6,2,36,7,1390,1,6,10,1,10
2016076280337,1,4,0,4,0,0,0,0,0,0,3,1,6,1,68,10,1520,1,17,9,1,9
2016076280423,1,9,0,18,0,4,0,0,0,0,1,1,6,3,-1,-1,1461,2,4,10,1,10
2016076280423,2,9,0,7,0,4,0,0,0,0,2,1,6,2,55,8,-1,-1,-1,1,1,1
2016076281175,1,9,0,8,0,1,0,0,0,0,3,1,1,2,37,7,996,1,3,5,1,5
2016076281175,2,9,0,13,0,1,0,0,0,0,4,1,6,2,27,6,1399,2,10,4,1,4
2016076281450,1,9,0,4,0,4,0,0,0,0,1,1,6,1,-1,-1,1969,2,1,-1,-1,-1
2016076281450,2,9,0,3,0,4,0,0,0,0,2,1,6,2,39,7,1596,1,11,7,1,7
2016076281638,1,9,0,18,9,0,0,0,0,0,1,1,6,1,-1,-1,-1,-1,-1,-1,-1,-1
2016076281638,2,22,0,18,9,0,5,0,0,0,4,1,6,1,73,10,-1,-1,-1,4,1,4
2016076282378,1,3,0,17,0,0,5,0,0,0,4,1,1,1,34,6,124,1,10,1,1,1
2016076282447,1,9,0,3,0,0,0,0,0,0,2,1,6,1,38,7,-1,-1,-1,3,1,3
2016076282447,2,3,0,18,0,0,0,0,0,0,1,1,6,1,32,6,124,1,1,10,1,10
2016076282789,1,11,0,18,0,0,0,0,0,0,1,1,3,1,42,7,10000,2,18,2,1,2
2016076282805,1,9,0,4,0,1,0,0,0,0,1,1,6,1,38,7,2993,2,-1,10,1,10
2016076282805,2,9,0,3,0,1,0,0,0,0,2,1,6,2,39,7,1560,2,1,5,1,5
2016076282896,1,9,0,9,0,6,0,0,0,0,0,1,6,3,-1,-1,-1,-1,-1,-1,-1,-1
2016076282896,2,9,0,18,0,1,0,0,0,0,0,1,6,2,33,6,1968,2,1,5,3,5
2016076282999,1,19,0,18,0,0,1,0,0,0,1,1,1,1,33,6,2143,2,3,7,1,7
2016076282999,2,9,0,18,0,0,0,0,0,0,2,1,6,1,77,11,1997,2,7,8,1,8
2016076282999,3,9,0,18,0,0,0,0,0,0,2,1,6,2,71,10,1997,1,4,10,1,10
2016076283157,1,9,0,18,0,1,0,0,0,0,1,1,1,1,46,8,2143,2,3,8,1,8
2016076283157,2,9,0,18,0,1,0,0,0,0,2,1,1,1,58,9,1388,1,5,7,2,7
2016076283157,3,9,0,3,0,1,0,0,0,0,2,1,1,2,28,6,1200,1,2,5,1,5
2016076283316,1,1,0,18,0,1,0,0,0,0,2,1,6,1,16,4,-1,-1,-1,9,1,9
2016076283316,2,9,0,18,0,1,0,0,0,0,1,1,6,1,37,7,1968,2,3,9,1,9
2016076283407,1,19,0,18,0,0,5,0,1,9,4,1,6,1,27,6,1686,2,14,8,1,8
2016076283611,1,9,0,7,0,4,0,0,0,0,1,2,1,1,47,8,-1,-1,-1,1,1,1
2016076283611,2,1,0,18,0,8,0,0,0,0,4,1,1,1,30,6,-1,-1,-1,2,1,2
2016076283649,1,21,1,11,0,0,0,0,0,0,1,1,1,1,42,7,10837,2,1,3,1,3
2016076283649,2,9,0,18,0,0,0,0,0,0,2,1,2,1,26,6,1968,2,5,5,1,5
2016076283666,1,9,0,5,0,4,0,0,0,0,3,1,2,1,66,10,2143,2,1,3,1,3
2016076283666,2,1,0,18,0,3,0,0,0,0,1,1,2,1,56,9,-1,-1,-1,9,3,9
2016076284034,1,19,0,9,0,6,0,0,0,0,3,1,6,1,-1,-1,1753,2,9,-1,-1,-1
2016076284034,2,1,0,18,0,1,1,0,0,0,4,1,6,1,58,9,-1,-1,-1,4,1,4
2016076284320,1,9,0,9,0,8,0,0,0,0,1,1,6,1,-1,-1,-1,-1,-1,-1,-1,-1
2016076284320,2,1,0,18,0,2,0,0,0,0,3,1,4,1,13,3,-1,-1,-1,2,1,2
2016076284383,1,9,0,15,0,0,0,0,0,0,3,1,6,3,-1,-1,1242,1,8,-1,-1,-1
2016076284383,2,9,0,18,0,0,0,0,0,0,3,1,6,2,47,8,998,1,2,3,2,3
2016076284435,1,9,0,9,9,0,0,0,0,0,3,1,6,2,-1,-1,1242,1,3,4,1,4
2016076284435,2,1,0,18,9,0,0,0,0,0,1,1,6,1,11,3,-1,-1,-1,4,1,4
2016076284972,1,9,0,18,0,8,0,0,0,0,1,1,6,2,22,5,1527,2,18,2,1,2
2016076284972,2,9,0,7,0,8,0,0,3,1,4,1,6,2,28,6,1398,1,6,3,1,3
2016076285116,1,9,0,3,0,0,0,0,0,0,1,1,6,1,-1,-1,-1,-1,-1,10,2,10
2016076285116,2,9,0,3,0,0,0,0,0,0,2,1,6,1,37,7,-1,-1,-1,1,1,1
2016076285201,1,19,0,18,0,0,0,10,0,0,1,1,2,1,55,8,1248,2,5,2,1,2
2016076285201,2,9,0,18,0,0,1,0,0,0,1,1,6,2,41,7,1149,1,7,2,1,2
2016076285227,1,1,0,18,0,1,0,0,0,0,1,1,6,1,33,6,-1,-1,-1,2,1,2
2016076285227,2,9,0,9,0,1,0,0,0,0,3,1,2,1,44,7,1799,1,7,10,2,10
2016076285479,1,9,0,8,0,1,0,0,0,0,2,1,3,2,43,7,1596,1,11,9,1,9
2016076285479,2,9,0,4,0,1,0,11,3,11,1,1,6,2,85,11,1968,2,12,6,1,6
2016076285479,3,9,0,18,0,1,0,0,1,0,3,1,2,2,54,8,1390,1,7,9,1,9
2016076285760,1,2,0,18,0,8,0,0,0,0,1,1,6,1,16,4,49,1,6,4,1,4
2016076285760,2,19,0,9,0,8,0,0,0,0,4,1,6,1,25,5,1968,2,4,4,1,4
2016076286126,1,1,0,18,0,2,2,0,0,0,2,1,1,1,20,4,-1,-1,-1,6,1,6
2016076286126,2,9,0,7,0,5,0,0,0,0,1,1,6,1,-1,-1,-1,-1,-1,-1,-1,-1
2016076286288,1,9,0,18,0,0,0,0,0,0,1,1,6,1,33,6,1968,2,2,-1,-1,-1
2016076286288,2,19,0,4,0,0,0,0,0,0,2,1,2,1,53,8,1499,2,-1,2,1,2
2016076286288,3,9,0,4,0,0,0,0,0,0,2,1,6,1,20,4,1398,2,3,5,1,5
2016076286309,1,9,0,9,0,8,0,0,0,0,3,1,6,2,75,10,1329,1,7,6,1,6
2016076286309,2,90,0,18,0,8,0,0,0,0,1,1,1,1,32,6,-1,-1,-1,-1,-1,-1
2016076287536,1,9,0,18,0,0,0,0,0,0,1,1,6,2,74,10,1242,1,3,7,1,7
2016076287536,2,9,0,4,0,0,0,0,0,0,2,1,6,1,47,8,1461,2,1,-1,1,-1
2016076287574,1,9,0,5,0,4,0,0,0,0,1,1,6,1,34,6,1388,1,10,6,1,6
2016076287574,2,9,0,7,0,3,0,0,0,0,4,1,6,1,70,10,1968,2,2,6,3,6
2016076287649,1,9,0,18,0,0,0,0,0,0,1,1,6,2,-1,-1,1388,1,9,1,1,1
2016076287649,2,9,0,3,0,0,0,0,0,0,2,1,6,1,-1,-1,1388,1,6,1,1,1
2016076287649,3,9,0,3,0,0,0,0,0,0,2,1,6,1,-1,-1,4163,1,8,-1,-1,-1
2016076287681,1,9,0,18,0,0,0,0,0,0,1,1,6,1,-1,-1,2993,2,2,4,1,4
2016076287681,2,5,0,18,0,0,0,0,0,0,4,1,6,1,66,10,249,1,-1,8,1,8
2016076287826,1,9,0,9,0,5,0,0,0,0,3,1,6,1,85,11,1560,2,6,7,1,7
2016076287826,2,1,0,18,0,1,0,0,0,0,3,1,6,2,43,7,-1,-1,-1,1,1,1
2016076287893,1,9,0,7,0,6,0,0,0,0,1,1,6,1,22,5,1968,2,6,6,1,6