Accident_Index,Vehicle_Reference,Vehicle_Type,Towing_and_Articulation,Vehicle_Manoeuvre,Vehicle_Location-Restricted_Lane,Junction_Location,Skidding_and_Overturning,Hit_Object_in_Carriageway,Vehicle_Leaving_Carriageway,Hit_Object_off_Carriageway,1st_Point_of_Impact,Was_Vehicle_Left_Hand_Drive?,Journey_Purpose_of_Driver,Sex_of_Driver,Age_of_Driver,Age_Band_of_Driver,Engine_Capacity_(CC),Propulsion_Code,Age_of_Vehicle,Driver_IMD_Decile,Driver_Home_Area_Type,Vehicle_IMD_Decile
2016076287893,2,9,0,18,0,1,5,0,0,0,1,1,6,2,52,8,1598,2,6,5,3,5
2016076288070,1,9,0,5,0,6,0,0,0,0,3,1,6,1,57,9,2000,2,33,4,1,4
2016076288070,2,9,0,18,0,8,0,0,0,0,1,1,6,1,18,4,1598,1,1,9,3,9
2016076288329,1,9,0,18,0,0,0,0,1,0,1,1,6,2,68,10,1364,1,1,6,1,6
2016076288329,2,9,0,18,0,0,0,0,2,11,3,1,6,2,37,7,1598,2,2,10,1,10
2016076288336,1,9,0,18,0,0,2,0,0,0,1,1,6,2,35,6,-1,-1,-1,1,1,1
2016076288336,2,9,0,18,0,0,1,0,0,0,2,1,6,2,20,4,1390,1,5,6,3,6
2016076288379,1,9,0,18,0,0,0,0,0,0,1,1,6,3,-1,-1,-1,-1,-1,-1,-1,-1
2016076288705,1,9,0,4,0,0,1,0,0,0,1,1,6,1,31,6,1870,2,8,4,1,4
2016076288705,2,9,0,4,0,0,0,0,0,0,2,1,6,1,53,8,2148,2,9,1,1,1
2016076288777,1,9,0,18,9,0,0,0,1,4,1,1,6,2,66,10,1582,2,2,5,3,5
2016076288835,1,5,0,17,0,1,1,0,1,0,1,1,6,1,49,8,1800,1,8,4,1,4
2016076288896,1,9,0,18,0,1,0,0,0,0,1,1,6,1,75,10,1598,2,3,5,3,5
2016076288896,2,9,0,3,0,1,0,0,0,0,2,1,6,1,45,7,-1,-1,-1,6,3,6
2016076288896,3,9,0,10,0,1,0,0,0,0,2,1,6,1,53,8,1997,2,-1,5,1,5
2016076288912,1,9,0,1,0,0,0,0,0,0,0,1,6,2,-1,-1,-1,-1,-1,-1,-1,-1
2016076288912,2,1,0,18,0,0,0,0,0,0,0,1,6,1,15,3,-1,-1,-1,1,1,1
2016076289100,1,8,0,18,0,0,0,0,0,0,1,1,1,1,41,7,2499,2,8,2,2,2
2016076289208,1,8,0,18,0,1,0,0,0,0,3,1,1,1,38,7,2198,2,8,8,1,8
2016076289208,2,1,0,9,0,2,0,0,0,0,1,1,6,1,12,3,-1,-1,-1,5,1,5
2016076290037,1,9,0,5,0,1,0,0,3,4,1,1,6,1,72,10,2179,2,2,8,3,8
2016076290054,1,9,0,4,0,1,0,0,0,0,0,1,1,1,41,7,1999,2,1,-1,-1,-1
2016076290054,2,9,0,4,0,1,0,0,0,0,2,1,6,2,24,5,1198,1,6,-1,-1,-1
2016076290054,3,9,0,4,0,1,0,0,0,0,1,1,1,1,24,5,1560,2,5,4,1,4
2016076290254,1,21,1,18,0,1,0,0,0,0,1,1,1,1,-1,-1,11946,2,4,-1,-1,-1
2016076290254,2,9,0,9,0,6,0,0,0,0,2,1,2,1,22,5,1900,2,17,2,1,2
2016076290354,1,9,0,4,0,4,0,0,0,0,1,2,6,2,37,7,1997,2,3,7,1,7
2016076290354,2,9,0,3,0,4,0,0,0,0,2,2,6,2,37,7,1242,1,-1,6,1,6
2016076290433,1,9,0,9,0,1,0,0,0,0,1,1,6,1,23,5,1984,1,4,5,3,5
2016076290433,2,9,0,18,0,1,0,0,0,0,3,1,6,1,39,7,1749,1,15,4,1,4
2016076290433,3,8,0,4,0,6,0,0,0,0,1,1,6,1,63,9,1997,2,16,2,1,2
2016076290822,1,9,0,18,0,0,0,0,0,0,1,1,1,2,30,6,-1,-1,-1,6,2,6
2016076290822,2,1,0,18,0,0,0,0,0,0,2,1,6,1,40,7,-1,-1,-1,10,3,10
2016076290870,1,9,0,18,0,1,0,0,0,0,1,1,2,1,31,6,1388,1,14,6,1,6
2016076290917,1,9,0,9,0,2,0,0,0,0,0,1,1,1,37,7,1798,1,7,5,1,5
2016076291020,1,9,0,18,0,0,0,0,0,0,0,1,6,3,-1,-1,2148,2,7,9,1,9
2016076291020,2,19,0,18,0,0,0,0,1,9,0,1,6,1,59,9,-1,-1,-1,10,1,10
2016076291308,1,9,0,18,0,1,1,0,0,0,3,2,6,2,68,10,1198,1,1,9,1,9
2016076291308,2,9,0,18,0,2,0,0,0,0,3,2,6,1,21,5,1995,2,-1,9,1,9
2016076291505,1,9,0,7,0,5,1,0,0,0,1,1,2,1,34,6,1968,2,2,7,1,7
2016076291505,2,9,0,4,0,1,0,0,0,0,1,1,6,2,31,6,1108,1,15,8,1,8
2016076291646,1,9,0,4,0,4,0,0,0,0,1,1,6,3,-1,-1,-1,-1,-1,-1,-1,-1
2016076291646,2,1,0,18,0,3,0,0,0,0,4,1,2,2,26,6,-1,-1,-1,8,1,8
2016076291677,1,9,0,2,0,1,0,0,1,0,2,1,1,2,-1,-1,1796,1,2,2,1,2
2016076291980,1,9,0,18,0,0,0,0,0,0,3,1,6,3,-1,-1,-1,-1,-1,-1,-1,-1
2016076291980,2,9,0,18,0,0,0,0,0,0,3,1,3,2,71,10,1493,2,10,3,1,3
2016076291997,1,9,0,4,0,0,0,0,0,0,1,1,1,2,29,6,1598,1,4,8,1,8
2016076291997,2,19,0,4,0,0,0,0,0,0,2,1,3,1,43,7,2198,2,5,-1,2,-1
2016076291997,3,9,0,4,0,0,0,0,0,0,2,1,1,1,19,4,1560,2,10,-1,1,-1
2016076292179,1,19,0,18,0,1,0,0,0,0,1,1,1,1,27,6,2198,2,3,3,1,3
2016076292179,2,9,0,3,0,1,0,0,0,0,2,1,6,2,30,6,1598,1,12,1,1,1
2016076292610,1,9,0,9,0,1,0,0,0,1,1,1,1,1,39,7,1596,1,15,1,1,1
2016076292610,2,9,0,18,0,1,0,0,0,0,1,1,6,2,60,9,1591,1,8,6,3,6
2016076292853,1,9,0,18,0,8,0,0,0,0,1,1,6,1,48,8,1587,1,9,2,1,2
2016076292853,2,9,0,18,0,8,0,0,0,0,1,1,6,1,62,9,4266,1,15,4,1,4
2016076293042,1,9,0,16,0,0,1,10,8,0,1,1,6,1,29,6,1242,1,9,1,1,1
2016076293154,1,9,0,6,0,0,0,0,0,0,0,1,2,1,52,8,2987,2,6,10,1,10
2016076293154,2,5,0,14,0,0,0,0,0,0,1,1,2,1,28,6,599,1,14,4,1,4
2016076293164,1,9,0,5,0,0,0,0,0,0,1,1,2,2,-1,-1,1596,1,13,4,1,4
2016076293168,1,9,0,13,0,0,0,0,0,0,0,1,6,3,-1,-1,-1,-1,-1,-1,-1,-1
2016076293168,2,1,0,14,0,0,0,0,1,0,0,1,4,2,12,3,-1,-1,-1,10,1,10
2016076293342,1,19,0,18,0,0,0,0,0,0,1,1,6,1,33,6,2198,2,-1,9,3,9
2016076293342,2,9,0,4,0,0,0,0,0,0,2,1,1,1,52,8,-1,-1,-1,3,1,3
2016076293460,1,9,0,18,0,0,1,0,1,0,1,1,6,1,26,6,-1,-1,-1,-1,3,-1
2016076293460,2,9,0,18,0,0,1,0,0,0,2,1,6,2,21,5,1598,1,3,10,1,10
2016076293460,3,9,0,18,0,0,0,0,0,0,3,1,1,1,50,8,1968,2,-1,6,1,6
2016076293460,4,21,1,18,0,0,0,0,0,0,3,1,1,1,-1,-1,10677,2,1,5,1,5
2016076293554,1,9,0,16,0,0,0,0,0,0,1,1,6,2,87,11,1339,1,11,10,1,10
2016076293554,2,9,0,17,0,0,0,0,1,0,1,1,6,1,62,9,1968,2,2,9,1,9
2016076293587,1,9,0,1,0,0,0,4,0,0,2,1,6,2,74,10,1998,1,19,5,1,5
2016076293587,2,9,0,2,0,0,0,0,0,0,2,1,6,1,-1,-1,1598,1,3,5,1,5
2016076293591,1,2,0,16,0,0,0,0,1,0,4,1,4,1,17,4,50,1,-1,7,3,7
2016076293791,1,9,0,18,0,0,0,0,0,0,1,1,6,2,20,4,-1,-1,-1,1,1,1
2016076293940,1,9,0,4,0,0,0,0,0,0,0,1,2,2,38,7,1798,1,9,4,1,4
2016076294288,1,9,0,7,0,8,0,0,0,0,1,1,1,1,28,6,1560,2,2,10,1,10
2016076294288,2,1,0,18,0,8,0,0,0,0,4,1,1,1,35,6,-1,-1,-1,4,1,4
2016076294292,1,3,0,18,0,0,1,0,0,0,1,1,2,1,27,6,124,1,1,2,1,2
2016076294292,2,9,0,18,0,0,0,0,0,0,2,1,6,1,48,8,-1,-1,-1,-1,1,-1
2016076294421,1,9,0,13,0,0,0,0,0,0,1,1,1,1,36,7,1598,2,1,7,1,7
2016076294421,2,9,0,6,0,0,0,0,0,0,3,1,1,1,36,7,-1,-1,-1,6,3,6
2016076294821,1,9,0,16,0,0,0,0,1,10,1,1,6,2,86,11,1242,1,19,-1,1,-1
2016076294994,1,20,0,5,0,3,0,0,1,0,1,1,1,1,54,8,5880,2,15,-1,-1,-1
2016076294994,2,9,0,5,0,3,0,0,1,0,2,1,6,1,33,6,1753,2,10,-1,-1,-1
2016076295858,1,9,0,18,0,1,0,0,0,0,1,1,6,2,22,5,1598,1,4,2,1,2
2016076295858,2,19,0,10,0,1,0,0,0,0,2,1,6,1,52,8,2500,2,11,5,2,5
2016076296244,1,19,0,9,0,8,0,7,0,7,1,1,1,2,54,8,1560,2,6,9,1,9
2016076296244,2,9,0,18,0,8,0,7,0,7,1,1,6,2,39,7,1388,1,13,3,1,3
2016076296532,1,9,0,18,0,0,0,11,0,0,1,1,6,1,31,6,1395,1,-1,3,1,3
2016076296532,2,20,0,18,0,0,0,0,0,0,1,1,1,1,47,8,-1,-1,-1,10,1,10
2016076296689,1,9,0,9,0,6,0,0,7,0,3,1,6,1,33,6,1896,2,13,3,2,3
2016076296689,2,9,0,18,0,1,0,0,0,0,1,1,6,1,72,10,1399,2,8,7,1,7
2016076296711,1,2,0,18,0,1,1,0,0,0,4,1,2,1,18,4,49,1,10,-1,-1,-1
2016076296760,1,9,0,9,0,0,0,0,0,0,2,1,6,1,83,11,1242,1,9,6,2,6
2016076296760,2,1,0,18,0,0,2,0,0,0,1,1,6,1,44,7,-1,-1,-1,8,1,8
2016076296817,1,9,0,18,0,0,0,0,0,0,1,1,6,1,75,10,1108,1,7,8,1,8
2016076296817,2,1,0,18,0,0,0,0,0,0,2,1,6,1,79,11,-1,-1,-1,6,3,6
2016076296826,1,9,0,9,0,5,0,0,0,0,3,1,6,1,24,5,1796,1,11,8,1,8
2016076296826,2,5,0,18,0,1,0,0,0,0,1,1,6,1,53,8,1198,1,-1,9,1,9
2016076297026,1,21,1,18,0,0,0,0,0,0,4,1,6,1,51,8,12740,2,1,3,1,3
2016076297026,2,9,0,18,0,0,0,0,0,0,3,1,1,2,62,9,1339,1,6,6,1,6
2016076297204,1,2,0,18,0,1,0,0,0,0,1,1,6,2,20,4,49,1,4,8,1,8
2016076297648,1,9,0,18,0,1,0,0,0,0,1,1,6,1,32,6,1910,2,10,1,1,1
2016076297648,2,9,0,8,0,1,0,0,0,0,2,1,6,1,38,7,1248,2,6,4,1,4
2016076297697,1,9,0,5,0,2,0,0,0,0,1,1,1,1,47,8,1968,2,-1,9,1,9
2016076297697,2,19,0,5,0,2,0,0,0,0,2,1,1,1,33,6,1753,2,9,-1,-1,-1
2016076298120,1,19,0,6,0,1,0,0,0,0,0,1,6,1,78,11,-1,-1,-1,8,3,8
2016076298120,2,9,0,18,0,8,0,0,0,0,1,1,2,1,72,10,2495,2,12,8,3,8
2016076298120,3,21,0,18,0,8,0,0,0,0,1,1,1,1,45,7,12900,2,6,1,1,1
2016076298208,1,20,1,11,0,0,0,0,0,0,4,1,1,1,28,6,-1,-1,-1,3,2,3
2016076298208,2,9,0,18,0,0,0,0,0,0,3,1,6,2,55,8,1242,1,3,1,1,1
2016076298392,1,9,0,5,0,1,0,0,0,0,1,1,6,1,33,6,1242,1,10,6,2,6
2016076298392,2,1,0,18,0,1,0,0,0,0,1,1,6,2,43,7,-1,-1,-1,9,1,9
2016076298492,1,9,0,4,0,1,1,0,0,0,1,1,6,1,25,5,1124,1,16,3,1,3
2016076298492,2,9,0,4,0,1,0,0,0,0,2,1,6,2,21,5,1349,1,5,8,1,8
2016076298512,1,9,0,9,0,2,0,0,0,0,1,1,6,1,73,10,2143,2,2,5,3,5
2016076298512,2,9,0,18,0,8,0,0,0,0,1,1,6,1,52,8,1248,1,3,-1,3,-1
2016076298668,1,19,0,4,0,0,0,0,0,0,1,1,1,1,26,6,1968,2,2,1,1,1
2016076298668,2,9,0,4,0,0,0,0,0,0,2,1,1,1,60,9,998,1,3,7,1,7
2016076298668,3,9,0,4,0,0,0,0,0,0,2,1,1,1,48,8,-1,3,2,7,1,7
2016076298924,1,19,0,18,0,1,0,0,0,0,1,1,1,1,53,8,1968,2,1,8,3,8
2016076298924,2,21,0,6,0,5,0,0,0,0,2,1,1,1,55,8,10837,2,1,1,1,1
2016076298974,1,9,0,18,0,1,0,0,0,0,1,1,6,1,23,5,1461,2,-1,-1,-1,-1
2016076298974,2,9,0,2,0,1,0,0,0,0,2,1,2,2,42,7,1368,1,6,-1,1,-1
2016076299293,1,9,0,18,0,0,0,4,0,0,1,1,6,2,29,6,-1,-1,-1,6,1,6
2016076299356,1,1,0,18,0,0,2,0,1,4,2,1,6,1,36,7,-1,-1,-1,9,1,9
2016076299415,1,9,0,9,0,1,0,0,0,0,3,1,6,2,27,6,1461,2,5,4,1,4
2016076299415,2,5,0,14,0,1,0,0,7,0,1,1,6,1,36,7,781,1,16,8,1,8
2016076299488,1,9,0,18,0,1,0,0,0,0,1,1,6,2,57,9,1999,2,1,10,1,10
2016076299488,2,9,0,9,0,1,0,7,1,1,4,1,6,2,74,10,1699,1,10,4,1,4
2016076299977,1,98,0,17,0,0,0,0,0,0,3,1,6,3,-1,-1,-1,-1,-1,-1,-1,-1
2016076299977,2,19,0,16,0,0,0,0,0,0,3,1,1,1,39,7,2198,2,2,1,1,1
2016076299978,1,9,0,7,0,2,0,0,0,0,3,1,6,3,-1,-1,1200,1,-1,-1,-1,-1
2016076299978,2,9,0,18,0,1,1,4,1,0,1,1,1,1,29,6,1910,2,14,2,1,2
2016076299978,3,9,0,2,0,1,0,0,1,11,1,1,6,2,-1,-1,1870,2,10,-1,-1,-1
2016076299978,4,19,0,18,0,2,0,0,0,0,1,1,1,1,56,9,2287,2,5,8,2,8
2016076300141,1,9,0,9,0,8,0,0,0,0,1,1,6,1,-1,-1,998,1,1,-1,-1,-1
2016076300141,2,1,0,9,0,8,0,0,0,0,3,1,6,1,14,3,-1,-1,-1,8,1,8
2016076300157,1,9,0,18,0,0,0,0,0,0,0,1,6,3,-1,-1,-1,-1,-1,-1,-1,-1
2016076300157,2,1,0,18,0,0,0,0,1,0,0,1,6,1,54,8,-1,-1,-1,2,1,2
2016076300309,1,9,0,4,0,0,0,0,0,0,1,1,6,2,66,10,1149,1,7,-1,-1,-1
2016076300309,2,9,0,5,0,0,0,0,0,0,1,1,2,1,42,7,1461,2,14,-1,-1,-1
2016076300425,1,21,1,17,0,8,5,0,0,7,4,2,1,1,47,8,12900,2,8,1,1,1
2016076300438,1,19,0,18,0,8,0,0,0,0,1,1,1,1,37,7,2402,2,10,9,1,9
2016076300454,1,9,0,18,0,0,0,0,8,9,3,1,6,2,20,4,1246,1,11,10,1,10
2016076300454,2,9,0,18,0,0,0,0,0,0,3,1,1,2,35,6,1988,1,13,8,1,8
2016076301402,1,9,0,1,0,0,0,0,0,0,2,1,6,1,-1,-1,-1,-1,-1,-1,-1,-1
2016076302251,1,9,0,18,0,0,0,0,0,0,4,1,6,1,-1,-1,-1,-1,-1,-1,-1,-1
2016076302251,2,9,0,2,0,0,0,0,0,0,3,1,6,2,41,7,1229,1,7,2,1,2
2016076302275,1,5,0,4,0,0,1,0,0,0,1,1,6,1,29,6,600,1,15,8,1,8
2016076302275,2,9,0,13,0,0,0,0,0,0,0,1,6,2,26,6,999,1,-1,9,1,9
2016076302688,1,9,0,3,0,1,0,0,0,0,1,1,6,1,50,8,-1,-1,-1,2,1,2
2016076302688,2,19,0,3,0,1,0,0,0,0,2,1,6,1,32,6,2198,2,5,1,1,1
2016076302688,3,9,0,4,0,1,0,0,0,0,2,1,6,2,38,7,1339,1,13,6,2,6
2016076302688,4,9,0,4,0,1,0,0,0,0,1,1,6,2,42,7,2597,1,15,2,1,2
2016076302688,5,9,0,4,0,1,0,0,0,0,1,1,6,2,38,7,1242,1,1,2,1,2
2016076302694,1,9,0,18,0,8,0,0,0,0,2,1,6,1,-1,-1,-1,-1,-1,-1,-1,-1
2016076302694,2,1,0,7,0,8,0,0,0,0,1,1,6,2,42,7,-1,-1,-1,6,1,6
2016076302736,1,5,0,13,0,1,0,0,0,0,3,1,2,1,44,7,649,1,2,10,1,10
2016076302736,2,9,0,18,0,1,0,0,0,0,0,1,2,1,21,5,1956,2,4,4,1,4
2016076302806,1,9,4,18,0,0,1,0,0,0,1,1,6,1,66,10,2402,2,8,7,3,7
2016076302806,2,9,0,18,0,0,0,0,7,9,1,1,6,2,50,8,2494,1,11,8,3,8
2016076302874,1,9,0,5,0,1,0,0,0,0,4,1,6,2,54,8,1598,1,11,10,1,10
2016076302874,2,1,0,18,0,1,0,0,0,0,1,1,6,1,49,8,-1,-1,-1,10,2,10
2016076303471,1,9,0,18,0,0,5,0,0,0,1,1,6,2,20,4,1229,1,4,3,1,3
2016076303471,2,9,0,2,0,0,0,0,0,0,3,1,6,1,44,7,1997,1,14,6,1,6
2016076303582,1,9,0,18,0,1,0,0,0,0,1,1,6,1,-1,-1,-1,-1,-1,-1,-1,-1
2016076303582,2,9,0,3,0,1,0,0,0,0,2,1,6,1,65,9,1242,1,9,1,1,1
2016076303613,1,9,0,18,0,1,0,0,0,0,1,1,6,2,42,7,1395,1,1,10,1,10
2016076303613,2,9,0,9,0,1,0,0,0,0,1,1,6,1,47,8,1390,1,13,4,1,4
2016076303641,1,9,0,18,0,0,0,0,0,0,1,1,6,2,75,10,1149,1,14,4,1,4
2016076303641,2,9,0,18,0,0,0,0,0,0,1,1,1,1,50,8,3518,1,10,10,1,10
2016076303641,3,9,0,18,0,0,0,0,0,0,1,1,6,1,58,9,2500,2,19,10,1,10
2016076303649,1,9,0,18,0,6,0,0,0,0,4,1,6,1,68,10,1997,2,14,3,1,3
2016076303750,1,1,0,5,0,8,0,0,0,0,3,1,6,1,12,3,-1,-1,-1,10,1,10
2016076303750,2,9,0,18,0,8,0,0,0,0,1,1,6,1,-1,-1,-1,-1,-1,-1,-1,-1
2016076303811,1,9,0,4,0,1,0,0,0,0,1,1,6,1,-1,-1,-1,-1,-1,-1,-1,-1
2016076303811,2,9,0,5,0,1,0,0,0,0,2,1,6,1,58,9,1685,2,3,10,3,10
2016076303871,1,9,0,18,0,0,1,0,1,7,1,1,6,2,30,6,1587,1,11,9,2,9
2016076303896,1,19,0,18,0,0,1,0,1,4,1,1,1,1,50,8,1248,2,4,7,1,7
2016076303933,1,9,0,18,0,0,0,0,0,0,1,1,6,2,25,5,1149,1,16,-1,-1,-1
2016076303933,2,9,0,18,0,0,0,0,0,0,1,1,6,1,50,8,1686,2,5,-1,-1,-1
2016076304109,1,9,0,18,0,0,0,4,0,0,1,1,6,1,28,6,1995,1,8,4,1,4
2016076304109,2,9,0,2,0,0,0,0,0,0,2,1,6,1,42,7,1149,1,10,4,1,4
2016076304441,1,9,0,18,0,1,0,0,0,10,1,1,6,2,37,7,1461,2,11,8,1,8
2016076304590,1,9,0,7,0,8,0,0,1,7,1,1,6,2,27,6,1596,1,10,-1,1,-1
2016076304590,2,9,0,7,0,8,0,0,0,0,3,1,2,2,78,11,1984,2,3,-1,1,-1
2016076304661,1,9,0,7,0,1,0,0,0,0,1,1,1,2,44,7,1587,1,14,7,1,7
2016076304661,2,1,0,18,0,1,0,0,0,0,4,1,6,1,38,7,-1,-1,-1,8,1,8
2016076304714,1,9,0,4,0,1,0,0,0,0,2,1,6,1,55,8,2987,2,8,10,1,10
2016076304714,2,9,0,18,0,1,0,0,0,0,1,1,6,1,41,7,-1,-1,-1,1,1,1
2016076304722,1,9,0,4,0,7,0,0,0,0,2,1,6,1,58,9,1364,1,1,9,1,9
2016076304722,2,9,0,18,0,7,0,0,0,0,1,1,6,1,-1,-1,5000,1,2,9,1,9
2016076304760,1,9,0,4,0,0,1,0,0,7,1,1,6,2,27,6,1149,1,16,-1,3,-1
2016076304760,2,9,0,4,0,0,1,0,0,0,1,1,6,1,21,5,1242,1,12,-1,1,-1
2016076304981,1,9,0,4,0,3,0,0,0,0,2,1,6,1,30,6,1598,1,13,9,1,9
2016076304981,2,9,0,4,0,3,0,0,0,0,1,1,6,1,22,5,1390,1,10,1,1,1
2016076305070,1,9,0,9,0,8,0,0,0,0,1,1,6,1,26,6,998,1,-1,2,1,2
2016076305070,2,9,0,18,0,8,0,0,0,0,1,1,6,2,34,6,1248,1,5,1,1,1
2016076305083,1,9,0,9,0,6,0,0,0,0,1,1,6,2,46,8,1598,1,7,10,1,10
2016076305083,2,1,0,18,0,1,0,0,0,0,4,1,6,1,16,4,-1,-1,-1,3,1,3
2016076305218,1,19,0,18,0,0,1,0,0,0,1,1,6,1,31,6,1870,2,12,8,1,8
2016076305831,1,9,0,9,0,1,0,0,0,0,1,1,6,1,79,11,1598,1,11,1,1,1
2016076305831,2,1,0,18,0,1,0,0,0,0,4,1,6,1,70,10,-1,-1,-1,3,1,3
2016076306021,1,20,0,16,0,0,0,0,0,0,2,1,1,1,56,9,5880,2,10,1,1,1
2016076306021,2,19,0,18,0,0,0,0,1,4,1,1,1,2,37,7,1868,2,15,1,1,1
2016076306404,1,9,0,18,9,1,0,0,0,0,0,1,6,3,-1,-1,-1,-1,-1,-1,-1,-1
2016076306644,1,3,0,4,0,1,0,0,0,0,0,1,1,1,23,5,125,1,-1,2,1,2
2016076306759,1,9,0,18,0,0,0,4,0,0,1,1,6,1,87,11,1149,1,4,9,2,9
2016076306759,2,9,0,2,0,0,0,0,0,0,2,1,1,2,30,6,1461,2,1,7,2,7
2016076306962,1,9,0,13,0,0,0,0,0,0,3,1,6,1,27,6,1968,2,2,5,2,5
2016076306962,2,5,0,18,0,0,2,0,2,10,4,1,6,1,57,9,953,1,8,6,1,6
2016076306962,3,21,0,18,0,0,0,0,0,0,0,1,1,1,64,9,-1,-1,-1,9,1,9
2016076307229,1,19,0,18,0,0,0,0,0,0,4,1,1,1,27,6,1248,2,4,7,1,7
2016076307289,1,9,0,15,0,2,0,0,0,0,3,1,2,1,63,9,2993,2,4,10,1,10
2016076307289,2,5,0,15,0,2,0,0,7,10,4,1,6,1,50,8,1261,1,14,2,1,2
2016076307295,1,9,0,18,0,0,0,0,0,0,1,1,6,1,-1,-1,1598,2,6,-1,1,-1
2016076307295,2,9,0,18,0,0,0,0,0,0,3,1,6,1,52,8,998,1,8,4,1,4
2016076307377,1,9,0,9,0,8,0,0,0,0,4,1,6,1,80,11,1398,1,1,9,1,9
2016076307377,2,4,0,18,0,1,0,0,0,0,1,1,6,1,17,4,124,1,7,1,1,1
2016076307383,1,5,0,18,0,0,0,0,0,0,1,1,6,1,26,6,599,1,16,2,1,2
2016076307723,1,3,0,17,0,0,1,11,0,0,1,1,1,1,24,5,102,1,11,10,2,10
2016076308261,1,9,0,18,0,0,0,0,0,0,1,1,6,3,-1,-1,1590,1,11,-1,-1,-1
2016076308261,2,9,0,3,0,0,0,0,0,0,2,1,1,2,36,7,1999,2,-1,7,2,7
2016076308343,1,1,0,18,9,0,0,0,0,0,1,1,6,1,-1,-1,-1,-1,-1,-1,-1,-1
2016076308343,2,1,0,18,9,0,0,0,0,0,1,1,6,1,-1,-1,-1,-1,-1,-1,-1,-1
2016076308343,3,22,0,7,9,0,5,0,0,0,4,1,6,1,78,11,-1,-1,-1,7,1,7
2016076308463,1,9,0,5,0,0,0,2,0,0,1,1,6,1,-1,-1,1995,2,9,9,1,9
2016076308842,1,9,0,4,0,0,0,0,0,0,2,1,1,2,23,5,1422,2,12,1,1,1
2016076308842,2,19,0,4,0,0,0,0,0,0,1,1,1,1,62,9,1560,2,1,-1,-1,-1
2016076308842,3,90,0,14,0,0,0,0,0,0,0,1,6,2,31,6,2143,2,5,7,1,7
2016076308847,1,9,0,18,0,4,0,0,0,0,1,1,6,1,48,8,1598,2,4,8,1,8
2016076308847,2,9,0,18,0,3,0,0,0,0,4,1,2,2,23,5,999,1,1,6,1,6
2016076308869,1,9,0,18,0,1,0,0,0,0,4,1,1,1,40,7,1910,2,8,5,1,5
2016076308869,2,9,0,5,0,1,0,0,0,0,1,1,1,1,29,6,1388,1,14,4,1,4
2016076308869,3,9,0,2,0,2,0,0,0,0,2,1,6,1,44,7,1596,1,11,-1,-1,-1
2016076308929,1,3,0,18,0,0,0,0,0,0,1,1,1,1,19,4,-1,-1,-1,9,1,9
2016076308929,2,19,0,10,0,0,0,0,0,0,1,1,1,2,27,6,-1,-1,-1,-1,-1,-1
2016076308986,1,9,0,18,0,0,0,0,0,0,1,1,1,1,29,6,1248,2,7,3,1,3
2016076308986,2,9,0,18,0,0,0,0,0,0,1,1,6,1,79,11,1149,1,12,6,3,6
2016076308986,3,9,0,18,0,0,0,0,0,0,1,1,6,2,70,10,1591,1,3,6,3,6
2016076309059,1,19,0,18,0,1,0,0,0,0,1,1,2,1,30,6,2402,2,15,2,1,2
2016076309059,2,9,0,9,0,6,0,0,0,0,3,1,6,1,90,11,1197,1,-1,9,2,9
2016076309069,1,9,0,9,0,6,0,0,0,0,3,1,6,1,36,7,1968,2,5,5,1,5
2016076309069,2,9,0,18,0,8,0,0,0,0,4,1,6,1,36,7,2996,1,9,4,1,4
2016076309214,1,21,1,18,0,0,0,0,0,0,1,1,1,1,40,7,12740,2,1,1,1,1
2016076309214,2,21,1,4,0,0,0,0,0,0,2,1,1,1,56,9,12419,2,3,1,1,1
2016076309360,1,9,0,5,0,1,0,0,0,0,1,1,1,2,21,5,998,1,8,4,1,4
2016076309360,2,9,0,18,0,1,0,0,1,0,3,1,6,1,54,8,2993,2,4,10,1,10
2016076309369,1,9,0,9,0,1,0,0,0,0,3,1,6,1,33,6,2977,2,9,5,1,5
2016076309369,2,9,0,18,0,1,0,0,0,0,3,1,6,2,33,6,1108,1,14,2,1,2
2016076309442,1,9,0,9,0,8,0,0,0,0,3,1,3,2,71,10,1199,2,4,1,1,1
2016076309442,2,3,0,16,0,1,0,0,0,0,1,1,6,1,22,5,124,1,1,3,1,3
2016076309496,1,9,0,3,0,4,0,0,0,0,0,1,3,1,51,8,1896,2,17,2,1,2
2016076309496,2,9,0,3,0,4,0,0,0,0,2,1,6,1,-1,-1,1984,1,14,-1,-1,-1
2016076310734,1,9,0,7,0,6,0,0,0,0,1,1,2,2,45,7,2231,2,7,1,1,1
2016076310734,2,1,0,18,0,8,0,0,0,0,4,1,2,1,27,6,-1,-1,-1,2,1,2
2016076310843,1,9,0,7,0,3,0,0,0,0,1,1,2,1,41,7,-1,-1,-1,8,3,8
2016076310861,1,9,0,12,0,0,0,0,0,0,3,1,6,3,-1,-1,-1,-1,-1,-1,-1,-1
2016076310861,2,1,0,17,9,0,0,0,0,0,3,1,4,1,14,3,-1,-1,-1,6,1,6
2016076311460,1,9,0,18,0,6,0,0,0,0,1,1,6,1,43,7,1200,1,4,2,1,2
2016076311460,2,9,0,18,0,1,0,0,0,0,4,1,6,1,49,8,4701,1,14,6,3,6