Accident_Index,Vehicle_Reference,Vehicle_Type,Towing_and_Articulation,Vehicle_Manoeuvre,Vehicle_Location-Restricted_Lane,Junction_Location,Skidding_and_Overturning,Hit_Object_in_Carriageway,Vehicle_Leaving_Carriageway,Hit_Object_off_Carriageway,1st_Point_of_Impact,Was_Vehicle_Left_Hand_Drive?,Journey_Purpose_of_Driver,Sex_of_Driver,Age_of_Driver,Age_Band_of_Driver,Engine_Capacity_(CC),Propulsion_Code,Age_of_Vehicle,Driver_IMD_Decile,Driver_Home_Area_Type,Vehicle_IMD_Decile
2016076336127,1,9,0,4,0,1,0,0,0,0,1,1,6,1,-1,-1,1999,1,12,7,1,7
2016076336127,2,9,0,3,0,1,0,0,0,0,2,1,6,1,71,10,998,1,3,9,1,9
2016076337336,1,9,0,7,0,8,0,0,0,0,1,1,6,3,-1,-1,-1,-1,-1,-1,-1,-1
2016076337453,1,9,0,18,0,0,0,0,0,0,1,1,6,1,-1,-1,-1,-1,-1,-1,-1,-1
2016076337453,2,1,0,18,0,0,0,0,0,0,4,1,6,1,43,7,-1,-1,-1,1,1,1
2016076337481,1,9,0,18,0,4,0,0,0,0,1,1,6,2,-1,-1,1995,2,4,-1,-1,-1
2016076337481,2,9,0,3,0,4,0,0,0,0,2,1,6,1,37,7,1968,2,8,3,1,3
2016076337496,1,9,0,7,0,8,0,0,0,0,1,1,6,1,39,7,1997,2,-1,8,1,8
2016076337496,2,9,0,9,0,8,0,0,0,0,1,1,6,1,21,5,1389,1,12,5,2,5
2016076338014,1,9,0,18,0,0,0,0,0,0,1,1,1,1,47,8,1364,1,11,2,1,2
2016076338014,2,9,0,18,0,0,0,0,0,0,2,1,1,1,45,7,1995,2,10,1,1,1
2016076338014,3,9,0,18,0,0,0,0,0,0,2,1,1,2,19,4,1198,1,2,1,1,1
2016076338077,1,9,0,9,0,2,0,0,0,0,1,1,6,2,71,10,1108,1,16,8,1,8
2016076338077,2,1,0,18,0,8,0,0,0,0,4,1,6,1,47,8,-1,-1,-1,5,1,5
2016076338183,1,9,0,5,0,6,0,11,0,10,1,1,6,1,80,11,1968,2,2,2,1,2
2016076338209,1,9,0,10,0,5,0,0,0,0,2,1,6,2,56,9,1398,1,5,5,1,5
2016076338209,2,9,0,18,0,1,0,0,0,0,2,1,1,1,54,8,1560,2,2,1,1,1
2016076338209,3,19,0,18,0,1,1,0,0,0,1,1,1,1,50,8,2198,2,2,4,1,4
2016076338583,1,9,0,5,8,0,0,0,0,0,3,1,6,1,26,6,1461,2,11,2,1,2
2016076338583,2,3,0,18,0,0,0,0,0,0,1,1,2,1,36,7,1052,1,18,-1,-1,-1
2016076338587,1,9,0,18,0,8,0,0,0,0,0,2,6,3,-1,-1,1995,2,3,-1,-1,-1
2016076338832,1,9,0,9,0,7,0,0,0,0,3,1,2,2,40,7,1995,2,12,2,2,2
2016076338832,2,1,0,18,9,6,0,0,0,0,4,1,2,2,54,8,-1,-1,-1,3,1,3
2016076338880,1,9,0,9,0,8,0,0,0,0,3,1,6,1,21,5,1242,1,6,1,1,1
2016076339046,1,9,0,11,0,8,0,10,0,1,4,1,6,1,-1,-1,1598,2,2,7,1,7
2016076339046,2,21,1,18,0,8,0,0,0,0,1,1,1,1,-1,-1,12419,2,4,-1,1,-1
2016076339529,1,9,0,18,0,2,0,0,0,0,0,1,6,1,-1,-1,-1,-1,-1,-1,-1,-1
2016076339529,2,11,0,18,0,2,0,0,0,0,0,1,1,1,-1,-1,9000,2,7,-1,-1,-1
2016076339645,1,9,0,18,0,0,0,0,0,0,1,1,6,2,-1,-1,-1,-1,-1,1,1,1
2016076339645,2,21,1,4,0,0,0,0,0,0,2,1,1,1,-1,-1,12777,2,5,6,1,6
2016076339817,1,9,0,4,0,1,0,0,0,0,2,1,6,1,69,10,2497,1,14,9,1,9
2016076339817,2,1,0,4,0,1,1,0,0,0,1,1,6,1,7,2,-1,-1,-1,9,1,9
2016076340165,1,9,0,18,0,8,0,0,1,0,4,1,6,1,21,5,2099,1,13,-1,1,-1
2016076340165,2,9,0,18,0,8,1,0,3,1,1,1,6,1,77,11,1399,1,6,8,1,8
2016076340205,1,9,0,18,0,4,0,0,0,0,3,1,6,2,24,5,1388,1,7,10,1,10
2016076340205,2,9,0,9,0,3,0,0,0,0,1,1,6,1,32,6,1799,1,6,3,1,3
2016076340248,1,9,0,18,0,0,0,0,0,0,1,1,6,2,28,6,998,1,-1,8,1,8
2016076340341,1,9,0,16,0,0,0,0,0,0,3,1,6,1,-1,-1,-1,-1,-1,-1,-1,-1
2016076340614,1,9,0,5,0,2,0,0,0,0,3,1,6,1,53,8,1560,2,2,2,1,2
2016076340614,2,9,0,18,0,1,0,0,0,0,4,1,6,2,53,8,1242,1,-1,4,1,4
2016076340630,1,9,0,9,0,6,0,0,0,0,1,1,2,1,19,4,1595,1,9,9,1,9
2016076340630,2,9,0,18,0,1,0,0,0,0,1,1,3,2,35,6,998,1,-1,2,1,2
2016076340665,1,9,0,12,0,0,1,0,0,0,3,1,2,2,40,7,1497,1,14,1,1,1
2016076340665,2,9,0,4,0,0,0,0,0,0,1,1,2,1,30,6,1461,2,3,2,1,2
2016076340665,3,9,0,3,0,0,0,0,0,0,3,1,2,2,37,7,1995,2,11,6,1,6
2016076340775,1,9,0,10,0,1,0,0,0,0,2,1,6,2,54,8,999,1,-1,9,1,9
2016076340775,2,9,0,4,0,1,0,0,0,0,1,1,6,1,-1,-1,1796,1,15,-1,-1,-1
2016076340810,1,9,0,10,0,1,0,0,0,0,1,1,6,1,-1,-1,1398,1,-1,-1,-1,-1
2016076340810,2,9,0,18,0,1,0,0,0,0,2,1,1,2,52,8,1798,1,3,10,1,10
2016076341055,1,9,0,1,9,2,0,0,0,0,2,1,2,2,37,7,2616,1,11,4,1,4
2016076341304,1,9,0,18,0,0,0,0,0,0,1,1,2,1,22,5,1956,2,1,4,1,4
2016076341304,2,9,0,18,0,0,0,0,0,0,2,1,2,1,47,8,-1,-1,-1,3,1,3
2016076341304,3,9,0,18,0,0,0,0,0,0,2,1,6,1,34,6,1769,1,14,2,1,2
2016076341430,1,9,0,18,0,8,0,0,0,0,4,1,6,1,35,6,1149,1,15,1,1,1
2016076341575,1,1,0,4,0,0,0,0,0,0,1,1,6,1,19,4,-1,-1,-1,2,1,2
2016076341575,2,9,0,4,0,0,0,0,0,0,2,1,6,2,19,4,998,1,10,10,2,10
2016076342404,1,9,0,9,0,5,0,0,0,0,1,1,2,1,18,4,998,1,26,8,3,8
2016076342404,2,1,0,18,0,2,0,0,0,0,1,1,2,1,43,7,-1,-1,-1,10,2,10
2016076342470,1,9,0,5,0,2,0,0,0,0,1,1,1,1,28,6,1896,2,15,7,1,7
2016076342483,1,9,0,18,0,4,0,0,0,0,1,1,6,2,41,7,1995,2,3,5,3,5
2016076342483,2,9,0,3,0,4,0,0,0,0,2,1,6,1,29,6,1956,2,5,4,1,4
2016076342516,1,1,0,9,0,8,0,0,0,0,1,1,6,1,17,4,-1,-1,-1,-1,-1,-1
2016076342565,1,9,0,5,0,0,0,0,0,0,0,1,6,3,-1,-1,-1,-1,-1,-1,-1,-1
2016076342565,2,9,0,18,0,0,0,0,0,0,0,1,6,3,-1,-1,-1,-1,-1,-1,-1,-1
2016076342565,3,5,0,18,0,0,2,0,0,0,4,1,6,2,32,6,645,1,16,6,1,6
2016076342571,1,3,0,18,0,0,1,0,0,0,0,1,6,1,23,5,125,1,1,4,1,4
2016076342680,1,9,0,16,0,0,1,10,1,11,1,1,6,1,22,5,-1,-1,-1,8,3,8
2016076342680,2,21,1,4,0,0,0,0,0,0,1,1,1,1,48,8,10837,2,4,2,1,2
2016076342707,1,9,0,16,5,0,1,0,7,4,1,1,2,2,29,6,1339,1,11,7,3,7
2016076342898,1,3,0,18,0,2,1,0,1,0,3,1,2,1,42,7,125,1,1,4,1,4
2016076342898,2,9,0,18,0,7,0,0,0,0,4,1,2,2,43,7,1995,2,5,8,1,8
2016076342908,1,9,0,16,0,0,0,0,0,0,3,1,6,1,62,9,1998,8,1,8,1,8
2016076342908,2,9,0,17,0,0,0,0,0,0,3,1,1,1,34,6,1988,1,14,1,1,1
2016076342909,1,1,0,18,0,1,0,0,0,0,1,1,1,2,51,8,-1,-1,-1,2,1,2
2016076342909,2,9,0,18,0,1,0,0,0,0,4,1,1,2,46,8,2496,1,9,1,1,1
2016076342935,1,5,0,4,0,1,1,11,0,0,1,1,6,1,64,9,649,1,2,10,1,10
2016076342935,2,9,0,3,0,1,0,0,0,0,2,1,2,1,36,7,1968,2,4,7,3,7
2016076342964,1,1,0,14,0,0,0,4,0,0,1,1,6,1,23,5,-1,-1,-1,4,1,4
2016076342964,2,1,0,2,0,0,0,0,0,0,2,1,6,1,29,6,-1,-1,-1,3,1,3
2016076342969,1,9,0,18,0,1,0,0,0,0,1,1,6,3,-1,-1,-1,-1,-1,-1,-1,-1
2016076342969,2,1,0,9,0,1,0,0,0,0,4,1,1,1,40,7,-1,-1,-1,-1,-1,-1
2016076343246,1,9,0,1,9,6,0,0,0,0,2,1,6,1,-1,-1,2967,2,3,6,1,6
2016076343246,2,9,0,18,0,1,0,0,0,0,4,1,1,1,26,6,1364,1,12,1,1,1
2016076343299,1,9,0,4,0,0,0,0,0,0,1,2,6,1,27,6,2179,2,5,2,1,2
2016076343299,2,1,0,4,0,0,0,0,0,0,2,1,6,2,26,6,-1,-1,-1,2,1,2
2016076343565,1,9,0,4,0,0,0,0,0,0,1,2,6,2,77,11,1198,1,12,9,1,9
2016076343565,2,9,0,4,0,0,0,0,0,0,2,2,6,1,30,6,1686,2,11,1,1,1
2016076343661,1,9,0,18,0,1,1,0,0,0,1,1,6,1,65,9,1499,2,-1,1,1,1
2016076343661,2,9,0,18,0,1,0,0,0,0,1,1,6,1,72,10,1560,2,1,5,1,5
2016076343802,1,19,0,4,0,1,0,0,0,0,1,1,6,3,-1,-1,-1,-1,-1,-1,-1,-1
2016076343802,2,9,0,3,0,1,0,0,0,0,2,1,6,2,28,6,1229,1,8,-1,3,-1
2016076343907,1,9,0,9,0,6,0,0,0,0,0,1,6,2,30,6,1560,2,4,6,1,6
2016076343907,2,8,0,18,0,1,0,0,0,0,0,1,6,1,-1,-1,1997,2,4,-1,-1,-1
2016076344280,1,9,0,7,0,1,0,0,0,0,1,1,6,1,-1,-1,1989,1,14,-1,-1,-1
2016076344292,1,9,0,9,0,5,0,0,0,0,2,1,6,2,37,7,1398,1,1,10,1,10
2016076344292,2,3,0,18,0,1,0,0,0,0,1,1,6,1,20,4,124,1,-1,1,1,1
2016076344348,1,9,0,5,0,0,0,0,0,0,1,1,6,2,-1,-1,1998,1,12,-1,-1,-1
2016076344348,2,1,0,5,0,0,0,0,0,0,2,1,6,1,24,5,-1,-1,-1,-1,-1,-1
2016076344356,1,9,0,7,0,3,0,0,0,0,1,1,6,1,45,7,1360,1,8,8,1,8
2016076344361,1,9,0,8,0,4,0,0,0,0,1,1,6,2,-1,-1,-1,-1,-1,-1,-1,-1
2016076344361,2,9,0,3,0,4,0,0,0,0,2,1,6,1,61,9,1388,1,9,9,1,9
2016076344498,1,9,0,3,0,4,0,0,0,0,2,1,6,1,42,7,1596,1,12,7,1,7
2016076344498,2,9,0,5,0,1,0,0,0,0,1,1,6,2,26,6,1598,2,4,5,1,5
2016076344544,1,9,0,5,0,3,0,0,0,0,1,1,6,2,83,11,1364,1,9,7,3,7
2016076344544,2,9,0,3,0,1,0,0,0,0,2,1,6,1,41,7,1598,1,8,4,1,4
2016076344718,1,9,0,9,0,1,0,0,0,0,0,2,6,1,32,6,1598,1,4,2,1,2
2016076345114,1,9,0,18,0,1,0,0,0,11,1,1,6,1,29,6,1596,1,7,-1,-1,-1
2016076345133,1,9,0,18,0,0,1,0,1,11,1,2,6,1,24,5,1299,1,8,4,1,4
2016076345210,1,9,0,18,0,0,0,0,0,0,1,1,6,1,22,5,2926,2,13,2,1,2
2016076345210,2,9,0,2,0,0,0,0,7,11,1,1,1,1,-1,-1,1582,2,4,3,1,3
2016076345473,1,9,0,18,0,0,0,0,0,0,1,1,6,2,66,10,1998,2,6,10,2,10
2016076345473,2,9,0,2,0,0,0,0,0,0,4,1,6,1,-1,-1,1598,2,3,6,1,6
2016076345628,1,9,0,16,0,0,1,0,0,0,3,1,6,1,73,10,1329,1,4,9,1,9
2016076345628,2,9,0,17,0,0,0,0,1,0,3,1,6,1,51,8,2143,2,2,10,1,10
2016076345709,1,8,0,2,0,1,0,0,0,0,0,1,6,2,29,6,1997,2,13,1,1,1
2016076345781,1,3,0,17,0,0,2,0,0,0,0,1,6,2,22,5,124,1,-1,3,1,3
2016076345926,1,9,0,18,0,0,5,0,1,0,0,1,6,1,18,4,998,1,3,-1,-1,-1
2016076345956,1,9,0,9,0,1,0,0,0,0,4,1,6,1,25,5,1598,1,-1,8,1,8
2016076345956,2,9,0,18,0,8,0,0,0,0,1,1,6,1,78,11,1461,2,3,10,1,10
2016076346119,1,21,0,18,0,0,0,0,0,0,1,1,1,1,33,6,5480,2,10,8,1,8
2016076346119,2,19,0,18,0,0,0,0,0,0,1,1,1,1,31,6,1995,2,4,6,3,6
2016076346131,1,9,0,18,0,0,1,0,1,3,1,1,2,1,18,4,1560,2,6,-1,-1,-1
2016076346213,1,8,0,6,0,0,0,0,0,0,1,1,1,1,-1,-1,1910,2,8,-1,-1,-1
2016076346399,1,9,0,18,0,0,0,0,0,0,1,1,2,1,19,4,1124,1,12,6,3,6
2016076346399,2,9,0,3,0,0,0,0,0,0,2,1,2,2,43,7,2480,1,-1,4,1,4
2016076346590,1,9,0,18,0,4,0,0,0,0,1,1,6,2,21,5,1242,1,7,7,2,7
2016076346590,2,9,0,4,0,4,0,0,0,0,2,1,6,1,72,10,1461,2,-1,8,1,8
2016076346878,1,9,0,9,0,8,0,0,0,0,4,1,6,2,63,9,1975,1,13,10,3,10
2016076346878,2,3,0,18,0,8,0,0,0,0,1,1,6,1,20,4,125,1,8,3,1,3
2016076346878,3,9,0,18,0,8,0,0,0,0,1,1,6,2,73,10,1969,2,1,8,2,8
2016076346884,1,11,0,18,0,4,0,0,0,0,4,1,1,1,-1,-1,6700,2,-1,-1,-1,-1
2016076346884,2,9,0,7,0,4,0,0,0,0,3,1,6,2,25,5,1242,1,3,10,1,10
2016076347063,1,2,0,18,0,0,1,0,0,0,4,1,2,1,49,8,125,1,-1,9,1,9
2016076347063,2,1,0,18,0,0,0,0,0,0,1,1,6,2,18,4,-1,-1,-1,3,1,3
2016076347295,1,19,0,18,0,0,0,0,0,0,4,1,6,1,-1,-1,2402,2,5,-1,-1,-1
2016076347367,1,9,0,3,0,8,0,0,0,0,4,1,2,1,33,6,-1,-1,-1,4,1,4
2016076347379,1,9,0,18,0,0,0,0,0,0,4,1,6,2,-1,-1,1242,1,7,-1,-1,-1
2016076347537,1,19,0,18,0,4,0,0,0,0,1,1,6,1,-1,-1,2198,2,1,-1,-1,-1
2016076347537,2,9,0,18,0,4,0,0,0,0,2,1,2,2,44,7,1560,2,5,-1,1,-1
2016076347770,1,9,0,12,0,7,0,0,0,0,1,1,6,2,71,10,1984,1,1,2,1,2
2016076347770,2,19,0,18,0,1,0,0,0,0,1,1,2,1,-1,-1,1598,2,1,5,1,5
2016076347924,1,9,0,4,0,0,0,0,0,0,1,1,6,2,21,5,-1,-1,-1,-1,-1,-1
2016076347948,1,9,0,5,0,1,0,0,0,0,4,1,2,2,29,6,1498,1,-1,2,1,2
2016076347948,2,1,0,18,0,1,0,0,0,0,1,1,2,1,47,8,-1,-1,-1,2,1,2
2016076347962,1,19,0,9,0,0,0,0,0,0,0,1,6,1,-1,-1,2198,2,8,-1,-1,-1
2016076347962,2,3,0,7,0,0,0,0,0,0,0,1,6,1,25,5,124,1,-1,1,1,1
2016076348003,1,1,0,18,0,6,0,0,0,0,1,1,6,1,19,4,-1,-1,-1,3,1,3
2016076348003,2,9,0,18,0,1,0,0,0,0,4,1,6,1,39,7,1796,1,13,9,1,9
2016076348174,1,9,0,4,0,0,0,0,0,0,1,1,6,1,-1,-1,1910,2,8,-1,-1,-1
2016076348174,2,9,0,4,0,0,0,0,0,0,2,1,6,1,52,8,2143,2,5,4,1,4
2016076348196,1,3,0,5,0,8,0,0,0,0,1,1,6,1,37,7,248,1,2,2,1,2
2016076348196,2,9,0,9,0,8,0,0,0,0,4,1,6,1,30,6,1910,2,7,4,1,4
2016076348326,1,9,0,13,0,0,1,0,1,7,1,1,6,1,37,7,1968,2,2,1,1,1
2016076348326,2,9,0,18,0,0,1,0,4,6,2,1,6,1,26,6,998,1,10,1,1,1
2016076348337,1,9,0,18,8,0,2,10,1,11,1,1,2,2,25,5,1599,1,12,1,1,1
2016076348360,1,19,0,5,0,8,0,0,0,0,1,1,2,1,25,5,1870,2,12,1,1,1
2016076348360,2,1,0,18,0,8,0,0,0,0,4,1,2,2,38,7,-1,-1,-1,1,1,1
2016076348400,1,9,0,8,0,2,0,0,0,0,1,1,2,2,47,8,996,1,5,7,1,7
2016076348400,2,1,0,18,5,1,0,0,0,0,2,1,2,1,37,7,-1,-1,-1,1,1,1
2016076348736,1,9,0,1,0,2,0,0,0,0,2,1,6,2,32,6,1388,1,11,2,1,2
2016076348736,2,1,0,18,0,2,0,0,0,0,3,1,6,1,48,8,-1,-1,-1,2,1,2
2016076348882,1,9,0,5,0,0,0,0,0,0,1,1,2,1,61,9,1796,1,15,5,1,5
2016076348882,2,9,0,3,0,0,0,0,0,0,2,1,2,2,21,5,998,1,7,3,1,3
2016076348882,3,9,0,3,0,0,0,0,0,0,2,1,2,1,25,5,1198,1,10,10,2,10
2016076349058,1,9,0,7,0,8,0,0,0,0,1,1,6,1,-1,-1,-1,-1,-1,-1,-1,-1
2016076349058,2,9,0,18,0,8,0,0,0,0,4,1,6,1,23,5,1497,1,11,3,1,3
2016076349322,1,9,0,17,0,2,1,0,1,10,1,1,2,1,38,7,2494,8,-1,3,1,3
2016076349428,1,9,0,9,0,1,0,0,0,0,1,1,2,2,39,7,1598,1,9,7,1,7
2016076349428,2,2,0,18,0,1,0,0,0,0,1,1,2,2,29,6,49,1,12,10,2,10
2016076349537,1,21,1,4,0,0,1,0,0,0,1,1,1,1,43,7,11946,2,3,1,1,1
2016076349537,2,8,0,4,0,0,0,0,0,0,2,1,1,1,48,8,1997,2,8,5,1,5
2016076349537,3,9,0,4,0,0,0,0,0,0,2,1,6,2,40,7,1598,2,-1,9,3,9
2016076349692,1,9,0,18,0,0,1,0,1,4,3,1,6,2,29,6,2298,1,18,4,3,4
2016076349729,1,19,0,5,0,0,0,0,0,0,3,1,1,1,-1,-1,2143,2,3,-1,-1,-1
2016076349729,2,3,0,18,0,0,0,0,0,0,4,1,6,1,18,4,-1,-1,-1,4,1,4
2016076349960,1,9,0,9,0,2,0,0,0,0,2,1,6,2,21,5,1360,1,12,10,2,10
2016076349960,2,1,0,18,0,1,0,0,0,0,1,1,2,1,22,5,-1,-1,-1,1,1,1
2016076349970,1,19,0,18,0,8,0,0,0,0,1,1,6,1,-1,-1,-1,-1,-1,-1,-1,-1
2016076350246,1,1,0,7,0,0,0,0,0,0,1,1,6,1,-1,-1,-1,-1,-1,-1,-1,-1
2016076350251,1,9,0,18,0,1,0,0,0,0,1,1,6,1,35,6,1396,1,13,1,1,1
2016076350251,2,9,0,3,0,1,0,0,0,0,2,1,6,2,36,7,2926,2,14,-1,1,-1
2016076350502,1,3,0,18,0,0,1,0,0,0,4,1,1,1,33,6,124,1,3,8,1,8
2016076350523,1,9,0,18,0,0,1,0,1,4,1,1,2,1,18,4,1198,1,12,10,1,10
2016076350652,1,19,0,5,0,6,0,0,0,0,2,1,1,1,45,7,2143,2,2,8,1,8
2016076350672,1,19,0,18,0,0,0,0,0,0,3,1,1,1,61,9,1753,2,11,5,1,5
2016076350672,2,19,0,4,0,0,0,0,0,0,0,1,1,1,47,8,-1,-1,-1,6,1,6
2016076350672,3,9,0,18,0,0,0,0,0,0,0,1,6,2,20,4,-1,-1,-1,2,1,2
2016076350672,4,9,0,18,0,0,0,0,7,11,4,1,1,1,46,8,-1,-1,-1,5,1,5
2016076350672,5,21,0,18,0,0,1,0,0,0,1,1,1,1,61,9,8710,2,1,5,1,5
2016076350746,1,9,0,16,0,0,1,0,0,0,1,1,6,1,25,5,2000,1,20,2,1,2
2016076350746,2,9,0,3,0,0,0,0,0,0,2,1,6,2,49,8,2204,2,8,10,1,10
2016076350746,3,9,0,3,0,0,0,0,0,0,1,1,6,2,35,6,1596,1,6,7,1,7
2016076351149,1,9,0,18,0,0,0,0,0,0,1,1,6,1,-1,-1,2979,1,14,9,2,9
2016076351149,2,9,0,2,0,0,0,0,0,0,4,1,3,2,41,7,2488,2,10,7,3,7
2016076351201,1,9,0,8,0,6,0,0,0,0,1,1,6,1,61,9,1968,2,5,2,1,2
2016076351201,2,5,0,14,0,1,0,0,0,0,4,1,6,1,43,7,1085,1,20,8,1,8
2016076351278,1,9,0,18,0,1,0,0,0,0,1,1,6,2,-1,-1,1598,2,5,-1,-1,-1
2016076351278,2,9,0,3,0,1,0,0,0,0,2,1,2,1,38,7,1596,1,13,1,1,1
2016076351278,3,9,0,3,0,1,0,0,0,0,2,1,6,1,-1,-1,2295,1,15,-1,-1,-1
2016076351584,1,19,0,12,0,0,0,2,0,6,1,1,6,1,27,6,-1,-1,-1,3,1,3
2016076352222,1,9,0,5,0,0,0,0,0,0,0,1,6,2,-1,-1,1461,2,6,-1,-1,-1
2016076352222,2,4,0,14,0,0,1,0,0,0,0,1,6,1,48,8,278,1,4,-1,-1,-1
2016076352291,1,19,0,6,0,0,0,0,0,0,3,1,6,1,25,5,1753,2,12,6,2,6
2016076352291,2,2,0,13,0,0,5,0,0,0,1,1,6,1,21,5,49,1,4,-1,-1,-1
2016076352358,1,21,1,11,0,0,0,0,0,0,3,1,1,1,57,9,10308,2,3,3,1,3
2016076352358,2,9,0,18,0,0,0,0,0,0,4,1,6,1,49,8,1498,1,2,8,2,8
2016076352503,1,9,0,16,0,0,0,0,0,0,1,1,6,1,30,6,1360,1,7,1,1,1
2016076352503,2,9,0,17,0,0,0,0,0,0,3,1,1,2,23,5,1360,1,7,3,1,3
2016076352735,1,8,0,18,0,1,0,0,0,0,2,1,6,1,36,7,1598,2,5,4,1,4
2016076352735,2,8,0,18,0,1,1,0,0,0,1,1,6,1,34,6,1968,2,2,3,1,3
2016076352824,1,9,0,18,0,8,1,0,1,1,1,1,6,1,-1,-1,-1,-1,-1,-1,-1,-1
2016076352824,2,9,0,18,0,8,0,0,7,1,4,1,2,1,45,7,1598,1,9,2,1,2
2016076352958,1,9,0,4,0,1,0,0,0,0,1,1,6,1,69,10,1299,1,14,4,1,4
2016076352958,2,9,0,3,0,1,0,0,0,0,2,1,6,1,29,6,1149,1,14,4,1,4
2016076352958,3,9,0,3,0,1,0,0,0,0,2,1,6,1,63,9,1686,2,1,8,3,8
2016076353124,1,9,0,16,0,0,1,0,0,11,4,1,1,1,31,6,1798,1,10,3,1,3
2016076353135,1,9,0,13,0,0,0,0,0,0,4,1,6,3,-1,-1,1596,1,13,-1,-1,-1
2016076353135,2,1,0,18,0,0,5,0,0,0,3,1,6,1,23,5,-1,-1,-1,9,1,9
2016076353389,1,9,0,9,0,6,0,0,0,0,2,1,6,1,-1,-1,1461,2,10,8,2,8
2016076353389,2,1,0,18,0,1,2,0,0,0,1,1,6,1,26,6,-1,-1,-1,2,1,2
2016076353825,1,9,0,9,0,1,0,0,0,0,3,1,6,1,49,8,999,1,1,-1,-1,-1
2016076353825,2,9,0,18,0,8,1,0,7,11,1,1,2,2,24,5,998,1,7,2,1,2
2016076354131,1,9,0,7,0,1,0,0,0,0,0,1,1,1,46,8,1999,1,12,7,1,7
2016076354131,2,3,0,4,0,1,0,0,0,0,0,1,1,1,55,8,124,1,6,4,2,4
2016076354134,1,9,0,5,0,2,0,0,0,0,4,1,6,2,42,7,1753,2,11,8,1,8
2016076354134,2,10,0,5,0,1,0,0,0,0,1,1,1,1,57,9,2198,2,7,2,1,2
2016076354326,1,9,0,16,0,0,0,0,0,10,3,1,6,2,82,11,1329,1,2,10,2,10
2016076354326,2,9,0,17,0,0,0,0,0,0,3,1,1,1,31,6,1796,1,3,8,1,8
2016076354362,1,9,0,6,0,0,0,0,0,0,3,1,2,1,63,9,1329,1,3,6,1,6
2016076354362,2,1,0,14,0,0,0,0,0,0,1,1,2,1,50,8,-1,-1,-1,10,1,10
2016076354424,1,9,0,6,0,0,0,0,0,0,3,1,6,1,55,8,2198,2,1,8,1,8
2016076354424,2,9,0,18,0,0,0,0,0,0,1,1,2,2,51,8,1388,1,7,-1,2,-1
2016076354446,1,19,0,18,0,6,0,0,0,0,1,1,1,1,69,10,2198,2,2,-1,2,-1
2016076354446,2,9,0,18,0,8,0,0,0,0,3,1,2,1,38,7,1242,1,10,9,2,9
2016076354838,1,21,1,18,0,2,5,0,2,7,1,1,1,1,64,9,12902,2,2,5,1,5
2016076354918,1,9,0,16,0,0,5,10,4,6,1,1,1,2,32,6,-1,-1,-1,1,1,1
2016076354936,1,3,0,15,0,2,2,0,0,0,1,1,2,1,21,5,124,1,4,6,1,6
2016076354972,1,9,0,4,0,1,0,0,0,0,3,1,3,2,28,6,1896,2,14,3,1,3
2016076354972,2,9,0,5,0,1,0,0,0,0,1,1,1,1,34,6,1984,1,8,6,1,6
2016076355026,1,9,0,4,0,0,0,0,0,0,2,1,6,2,27,6,1461,2,2,2,1,2
2016076355026,2,9,0,18,0,0,0,0,0,0,1,1,6,1,26,6,1598,2,3,3,1,3
2016076355026,3,9,0,18,0,0,0,0,0,0,1,1,6,1,22,5,1248,1,3,7,1,7
2016076355026,4,21,1,18,0,0,0,0,0,0,1,1,1,1,29,6,16400,2,1,-1,-1,-1
2016076355143,1,9,0,15,0,0,0,0,0,0,4,1,6,2,48,8,1598,1,10,9,3,9
2016076355143,2,1,0,18,0,0,0,0,0,0,1,1,1,2,24,5,-1,-1,-1,-1,-1,-1
2016076355238,1,9,0,18,0,1,0,0,0,0,4,1,2,2,22,5,999,1,-1,6,1,6
2016076355238,2,11,0,18,3,1,0,0,0,0,1,1,1,1,59,9,3900,2,10,4,1,4
2016076355238,3,9,0,3,0,1,0,0,0,0,1,1,6,1,49,8,1598,1,11,1,1,1
2016076355283,1,9,0,9,0,0,0,0,0,0,1,1,2,1,31,6,-1,-1,-1,7,2,7
2016076355283,2,9,0,9,0,0,0,0,0,0,3,1,6,2,53,8,1242,1,3,2,1,2
2016076355334,1,9,0,18,0,0,0,0,0,0,3,1,6,1,-1,-1,-1,-1,-1,9,1,9
2016076355334,2,9,0,18,0,0,0,0,0,0,3,1,6,1,63,9,1248,2,7,9,1,9
2016076355370,1,9,0,9,0,1,1,0,0,0,3,1,6,1,77,11,1968,2,2,7,1,7
2016076355370,2,9,0,18,0,6,0,0,0,0,1,1,2,1,39,7,2979,1,13,3,1,3
2016076355376,1,9,0,18,0,1,0,0,0,0,1,1,6,1,-1,-1,-1,-1,-1,8,1,8
2016076355376,2,9,0,9,0,1,0,0,0,0,2,1,6,2,30,6,1242,1,10,4,1,4
2016076355677,1,9,0,9,0,5,0,0,0,0,0,1,2,2,29,6,1591,1,1,4,1,4
2016076355771,1,9,0,17,0,0,2,10,1,0,0,1,6,1,25,5,1598,1,12,9,3,9
2016076355845,1,8,0,5,0,0,0,0,0,0,0,1,6,1,-1,-1,-1,-1,-1,-1,-1,-1
2016076356083,1,19,0,18,0,0,0,0,7,4,1,1,1,1,51,8,1560,2,1,4,1,4
2016076356083,2,9,0,18,0,0,0,0,0,0,0,1,1,2,24,5,-1,-1,-1,8,2,8