Accident_Index,Vehicle_Reference,Vehicle_Type,Towing_and_Articulation,Vehicle_Manoeuvre,Vehicle_Location-Restricted_Lane,Junction_Location,Skidding_and_Overturning,Hit_Object_in_Carriageway,Vehicle_Leaving_Carriageway,Hit_Object_off_Carriageway,1st_Point_of_Impact,Was_Vehicle_Left_Hand_Drive?,Journey_Purpose_of_Driver,Sex_of_Driver,Age_of_Driver,Age_Band_of_Driver,Engine_Capacity_(CC),Propulsion_Code,Age_of_Vehicle,Driver_IMD_Decile,Driver_Home_Area_Type,Vehicle_IMD_Decile
2016100052167,1,-1,0,5,0,0,0,0,0,0,3,1,6,3,-1,-1,-1,-1,-1,-1,-1,-1
2016100052167,2,3,0,5,0,0,0,0,0,0,4,1,6,1,45,7,124,1,7,6,3,6
2016100052167,3,9,0,5,0,0,0,0,0,0,3,1,6,3,-1,-1,-1,-1,-1,-1,-1,-1
2016100052222,1,9,0,4,0,0,0,0,0,0,1,1,6,2,35,6,1995,2,1,-1,-1,-1
2016100052285,1,9,0,5,0,0,0,0,0,0,2,1,5,2,66,10,1341,1,12,3,1,3
2016100052285,2,1,0,18,0,0,0,0,0,0,1,1,5,1,35,6,-1,-1,-1,1,1,1
2016100052316,1,9,0,18,0,0,0,0,0,0,1,1,6,1,51,8,1995,1,9,5,1,5
2016100052401,1,21,1,11,0,0,0,0,0,0,4,2,1,1,61,9,-1,-1,-1,-1,-1,-1
2016100052401,2,9,0,18,0,0,0,7,1,7,3,1,5,2,35,6,998,1,11,-1,-1,-1
2016100052408,1,9,0,4,0,1,0,0,0,0,1,1,2,1,29,6,1242,1,3,9,1,9
2016100052408,2,9,0,3,0,1,0,0,0,0,2,1,5,2,48,8,1248,1,5,10,1,10
2016100052408,3,19,0,3,0,1,0,0,0,0,2,1,1,1,36,7,2198,2,4,8,1,8
2016100052438,1,9,0,18,0,0,5,0,0,0,1,1,5,1,22,5,1598,1,12,7,1,7
2016100052454,1,9,0,9,0,8,0,0,0,0,1,1,5,2,69,10,1240,1,10,-1,-1,-1
2016100052454,2,9,0,18,0,1,0,0,0,0,1,1,5,1,75,10,-1,-1,-1,-1,-1,-1
2016100052487,1,11,0,2,0,0,0,0,0,0,0,1,6,3,-1,-1,-1,-1,-1,-1,-1,-1
2016100052491,1,9,0,17,0,0,0,0,2,11,1,1,5,2,24,5,1998,1,12,2,1,2
2016100052516,1,9,0,5,0,0,0,0,0,0,3,1,6,2,21,5,1242,1,1,10,1,10
2016100052516,2,1,0,18,0,0,0,0,0,0,4,1,6,1,19,4,-1,-1,-1,5,1,5
2016100052612,1,-1,0,7,9,-1,0,0,0,0,4,1,6,3,-1,-1,-1,-1,-1,-1,-1,-1
2016100052616,1,9,0,7,0,6,0,0,0,0,0,1,3,2,41,7,1360,1,13,1,1,1
2016100052616,2,1,0,18,0,8,0,7,0,0,0,1,6,2,44,7,-1,-1,-1,1,1,1
2016100052640,1,11,0,18,0,0,0,0,0,0,0,1,1,1,39,7,4500,2,4,2,1,2
2016100052703,1,9,0,17,0,0,2,0,1,0,0,1,5,1,17,4,1598,1,11,1,1,1
2016100052728,1,9,0,13,0,0,0,0,0,0,3,1,6,2,82,11,1240,1,6,7,1,7
2016100052728,2,1,0,18,0,0,5,0,0,0,0,1,5,1,66,10,-1,-1,-1,4,1,4
2016100052728,3,21,0,13,0,0,0,0,0,0,4,1,1,1,47,8,5880,2,12,-1,-1,-1
2016100052778,1,9,0,18,0,8,0,0,0,0,0,1,6,3,-1,-1,-1,-1,-1,-1,-1,-1
2016100052778,2,3,0,18,0,8,0,0,0,0,4,1,5,1,25,5,125,1,3,2,1,2
2016100052816,1,19,0,1,0,1,0,0,0,0,2,1,6,1,28,6,1753,2,9,-1,-1,-1
2016100052816,2,9,0,2,0,1,0,0,0,0,1,1,6,1,48,8,1995,2,10,1,1,1
2016100052854,1,9,0,1,0,2,0,0,0,0,2,1,6,3,-1,-1,-1,-1,-1,-1,-1,-1
2016100052854,2,9,0,2,0,1,0,0,0,0,1,1,6,2,35,6,1999,1,9,4,1,4
2016100052903,1,9,0,18,0,8,2,9,1,2,3,1,5,1,27,6,1995,2,9,-1,-1,-1
2016100052926,1,9,0,14,0,1,0,0,0,0,3,1,6,1,71,10,1329,1,3,5,1,5
2016100052926,2,9,0,14,0,1,0,0,0,0,3,1,6,2,49,8,1560,2,2,4,1,4
2016100052977,1,9,0,18,0,8,5,0,1,10,4,1,5,1,48,8,1198,1,2,10,1,10
2016100052977,2,9,0,18,0,8,1,0,0,0,1,1,5,1,19,4,1390,1,8,3,1,3
2016100053009,1,9,0,18,0,1,0,0,0,0,1,1,5,2,29,6,1368,1,8,-1,-1,-1
2016100053009,2,9,0,18,0,8,0,0,0,0,2,1,5,2,30,6,1995,2,8,4,1,4
2016100053009,3,9,0,18,0,1,0,0,0,0,2,1,5,1,21,5,1686,2,4,9,1,9
2016100053023,1,9,0,18,0,8,0,0,0,0,1,1,1,1,63,9,1242,1,1,7,2,7
2016100053023,2,19,0,18,0,6,5,0,0,0,4,1,5,1,23,5,1998,2,15,6,2,6
2016100053069,1,9,0,9,0,6,0,0,0,0,4,1,5,1,49,8,1999,1,11,1,1,1
2016100053069,2,9,0,18,0,8,0,0,0,0,2,1,5,1,62,9,1910,2,10,2,1,2
2016100053069,3,9,0,18,0,1,0,0,0,0,3,1,5,1,71,10,1896,2,13,1,1,1
2016100053114,1,9,0,7,0,6,0,0,0,0,1,1,6,1,45,7,1896,2,12,1,1,1
2016100053114,2,3,0,4,0,1,0,0,0,0,1,1,5,1,24,5,124,1,10,-1,-1,-1
2016100053156,1,9,0,18,0,2,0,0,0,0,3,1,6,1,22,5,1998,1,9,5,1,5
2016100053188,1,9,0,18,0,0,0,0,0,0,1,1,2,2,31,6,1242,1,-1,-1,-1,-1
2016100053205,1,9,0,7,0,8,0,0,0,0,1,1,6,1,22,5,1598,2,1,4,1,4
2016100053205,2,9,0,9,0,1,0,0,0,0,1,1,6,1,23,5,1242,1,13,3,1,3
2016100053240,1,9,0,9,0,2,0,0,0,0,1,1,1,2,38,7,1398,2,3,7,1,7
2016100053240,2,9,0,18,0,1,0,10,0,0,4,1,5,2,44,7,1598,1,6,2,1,2
2016100053259,1,9,0,18,0,8,0,0,0,0,4,1,6,2,47,8,1796,1,13,2,1,2
2016100053259,2,19,0,18,0,8,0,0,0,0,3,1,6,1,54,8,1560,2,2,9,1,9
2016100053316,1,9,0,18,0,4,1,0,0,0,1,1,6,3,-1,-1,1199,1,12,-1,-1,-1
2016100053316,2,20,0,18,0,4,0,0,0,0,4,1,1,1,44,7,3900,2,14,9,1,9
2016100053367,1,1,0,18,0,0,0,0,0,0,3,1,6,1,17,4,-1,-1,-1,3,1,3
2016100053367,2,9,0,13,0,0,0,0,0,0,4,1,6,3,-1,-1,1248,2,7,-1,-1,-1
2016100053381,1,19,0,18,0,8,0,0,0,0,1,1,1,1,35,6,1995,2,4,2,1,2
2016100053381,2,9,0,18,0,8,0,0,0,0,4,1,2,2,51,8,1999,1,6,6,1,6
2016100053469,1,9,0,9,0,1,0,0,0,0,1,1,2,2,21,5,998,1,9,-1,-1,-1
2016100053469,2,5,0,18,0,1,0,0,0,0,1,1,5,1,37,7,649,1,7,-1,-1,-1
2016100053491,1,9,0,18,0,0,2,0,1,0,1,1,5,1,24,5,2000,1,12,2,1,2
2016100053499,1,9,0,2,0,0,0,0,0,0,3,1,5,1,48,8,1598,1,15,1,1,1
2016100053499,2,1,0,18,0,0,0,8,0,0,1,1,1,1,39,7,-1,-1,-1,5,1,5
2016100053503,1,9,0,16,0,0,1,0,0,0,4,1,2,1,25,5,1599,1,12,-1,-1,-1
2016100053503,2,9,0,18,0,0,0,0,0,0,4,1,5,2,36,7,1560,2,3,-1,-1,-1
2016100053546,1,9,0,9,0,8,0,0,0,0,1,1,5,1,17,4,998,1,8,5,1,5
2016100053546,2,9,0,18,0,8,0,0,0,0,1,1,5,1,46,8,1248,2,7,2,1,2
2016100053559,1,8,0,4,0,8,0,0,0,0,2,1,1,1,52,8,1896,2,12,5,1,5
2016100053559,2,9,0,18,0,8,0,0,0,0,1,1,5,2,22,5,1149,1,13,-1,-1,-1
2016100053560,1,9,0,9,0,8,0,0,0,0,1,1,6,1,25,5,2987,2,7,-1,-1,-1
2016100053560,2,9,0,18,0,8,0,0,1,1,1,1,5,1,30,6,2000,2,11,2,1,2
2016100053562,1,9,0,9,0,1,0,0,0,0,1,1,5,1,17,4,1598,2,2,4,3,4
2016100053562,2,9,0,18,0,1,0,0,0,0,1,1,5,1,82,11,1587,1,9,5,3,5
2016100053564,1,9,0,14,0,1,0,0,0,0,1,1,5,1,31,6,1998,1,9,3,1,3
2016100053583,1,9,0,9,0,1,0,0,0,0,4,1,5,1,17,4,1242,1,8,3,2,3
2016100053583,2,9,0,18,0,1,0,0,0,0,1,1,5,1,34,6,1896,2,8,4,1,4
2016100053596,1,9,0,18,0,8,0,0,0,0,1,1,6,1,32,6,1497,1,12,-1,-1,-1
2016100053596,2,9,0,9,0,8,0,0,0,0,1,1,6,2,49,8,1386,1,8,3,1,3
2016100053612,1,9,0,18,0,0,0,0,0,0,4,1,1,1,55,8,-1,-1,-1,-1,-1,-1
2016100053616,1,9,0,18,0,8,0,0,3,0,1,1,6,2,42,7,1598,1,8,1,1,1
2016100053616,2,9,0,18,0,8,0,0,0,0,1,1,6,2,35,6,1560,2,8,4,1,4
2016100053641,1,9,0,12,0,0,0,0,0,0,1,1,5,1,-1,-1,1799,1,10,4,1,4
2016100053641,2,98,0,13,0,0,0,0,0,0,4,1,5,1,74,10,-1,-1,-1,3,2,3
2016100053673,1,9,0,4,0,0,0,0,0,0,1,1,6,1,20,4,-1,-1,-1,9,1,9
2016100053673,2,9,0,4,0,0,0,0,0,0,2,1,6,1,58,9,-1,-1,-1,-1,-1,-1
2016100053675,1,11,0,18,0,0,0,0,0,0,0,1,1,1,57,9,6370,2,8,3,1,3
2016100053716,1,9,0,18,0,0,0,0,0,0,1,1,6,1,75,10,1560,2,1,8,2,8
2016100053716,2,19,0,18,0,0,0,0,0,0,1,1,6,2,54,8,-1,-1,-1,3,2,3
2016100053760,1,9,0,16,0,1,0,0,0,0,3,1,5,1,44,7,1598,1,12,5,1,5
2016100053761,1,9,0,18,0,0,0,4,0,0,1,1,6,1,67,10,1798,1,16,8,2,8
2016100053761,2,9,0,2,0,0,0,0,0,0,2,1,6,1,72,10,1329,1,2,4,1,4
2016100053767,1,9,0,1,0,2,0,0,0,0,2,1,5,1,18,4,999,1,1,9,1,9
2016100053767,2,98,0,10,0,1,0,0,0,0,4,1,5,1,45,7,-1,-1,-1,2,2,2
2016100053767,3,9,0,2,0,1,0,0,0,0,4,1,5,2,66,10,996,1,7,-1,-1,-1
2016100053767,4,9,0,2,0,1,0,0,0,0,0,1,5,1,33,6,1910,2,8,2,2,2
2016100053833,1,5,0,18,0,3,1,0,0,0,1,1,1,1,45,7,-1,-1,-1,2,1,2
2016100053833,2,9,0,18,0,3,0,0,0,0,4,1,1,1,-1,-1,2231,2,9,-1,-1,-1
2016100053858,1,9,0,5,9,0,0,0,0,0,1,1,6,1,39,7,1900,2,17,1,2,1
2016100053858,2,2,0,4,0,0,0,0,0,0,4,1,5,1,17,4,50,1,2,2,1,2
2016100053860,1,-1,0,18,0,0,0,0,0,0,4,1,6,3,-1,-1,-1,-1,-1,-1,-1,-1
2016100053908,1,-1,0,18,0,1,0,0,0,0,0,1,6,3,-1,-1,-1,-1,-1,-1,-1,-1
2016100053908,2,9,0,3,0,1,0,0,0,0,2,1,6,2,20,4,1596,1,13,2,1,2
2016100053941,1,19,0,4,0,8,0,0,0,0,1,1,1,1,25,5,1686,2,11,1,1,1
2016100053941,2,9,0,18,0,8,0,0,0,0,1,1,2,2,32,6,1956,2,1,6,1,6
2016100053965,1,98,0,9,0,6,0,0,0,0,4,1,6,3,33,6,-1,-1,-1,-1,-1,-1
2016100053965,2,1,0,18,0,8,0,0,0,0,3,1,5,1,52,8,-1,-1,-1,1,1,1
2016100053986,1,9,0,18,0,0,0,0,0,0,1,1,5,1,22,5,1596,1,6,1,1,1
2016100053986,2,9,0,2,0,0,0,0,0,0,1,1,5,1,25,5,1596,1,15,2,1,2
2016100053986,3,9,0,2,0,0,0,0,0,0,4,1,5,1,33,6,-1,-1,-1,1,1,1
2016100053993,1,3,0,13,0,1,0,0,0,0,1,1,5,1,17,4,125,1,1,1,1,1
2016100053993,2,9,0,9,0,5,0,0,0,0,3,1,5,1,37,7,-1,-1,-1,2,1,2
2016100053993,3,9,0,15,0,1,0,0,0,0,0,1,6,3,-1,-1,-1,-1,-1,-1,-1,-1
2016100054016,1,9,0,18,0,0,0,0,0,0,1,1,6,3,72,10,1599,1,11,3,1,3
2016100054016,2,19,0,18,0,0,0,0,4,1,2,1,1,1,38,7,1998,2,12,6,1,6
2016100054108,1,9,0,18,0,0,0,0,0,0,1,1,1,2,38,7,1968,2,2,-1,-1,-1
2016100054108,2,9,0,3,0,0,0,0,0,0,2,1,5,1,77,11,1461,2,3,7,1,7
2016100054108,3,9,0,3,0,0,0,0,0,0,2,1,5,1,52,8,1598,2,7,2,1,2
2016100054124,1,19,0,18,0,0,1,0,0,0,1,1,2,1,37,7,2198,2,2,2,1,2
2016100054124,2,9,0,3,0,0,0,0,0,0,2,1,2,1,26,6,1587,1,10,5,1,5
2016100054124,3,10,0,3,0,0,0,0,0,0,2,1,1,1,55,8,-1,-1,-1,1,1,1
2016100054216,1,9,0,9,0,8,0,9,0,1,1,1,6,2,69,10,1248,1,4,4,1,4
2016100054217,1,98,0,18,0,0,0,0,0,0,4,1,6,1,57,9,-1,-1,-1,7,2,7
2016100054217,2,16,0,18,0,0,0,0,0,0,3,1,5,2,31,6,-1,-1,-1,4,2,4
2016100054219,1,-1,0,18,0,1,0,0,0,0,1,1,6,3,-1,-1,-1,-1,-1,-1,-1,-1
2016100054219,2,3,0,9,0,6,1,0,0,0,3,1,6,1,38,7,-1,-1,-1,1,1,1
2016100054239,1,-1,0,5,0,8,0,0,0,0,1,1,6,3,-1,-1,-1,-1,-1,-1,-1,-1
2016100054252,1,9,0,18,0,2,1,0,0,0,1,1,6,2,25,5,1686,2,2,2,1,2
2016100054252,2,9,0,4,0,2,0,0,0,0,2,1,6,2,33,6,1896,2,7,3,1,3
2016100054271,1,-1,0,16,0,0,0,0,0,0,3,1,6,3,-1,-1,-1,-1,-1,-1,-1,-1
2016100054306,1,9,0,5,0,4,0,0,0,0,1,1,6,2,-1,-1,1587,1,10,-1,-1,-1
2016100054306,2,1,0,9,0,8,5,0,0,0,4,1,6,1,64,9,-1,-1,-1,-1,-1,-1
2016100054323,1,19,0,18,0,3,0,0,0,0,1,1,6,1,45,7,2143,2,5,10,1,10
2016100054323,2,9,0,18,0,3,0,0,0,0,3,1,6,1,19,4,-1,-1,-1,7,1,7
2016100054388,1,9,0,4,0,1,1,0,0,0,1,1,1,1,35,6,1686,2,11,-1,-1,-1
2016100054440,1,9,0,17,0,0,2,0,7,0,3,1,5,2,20,4,1997,1,17,5,3,5
2016100054516,1,9,0,7,0,6,0,0,0,0,1,1,1,2,35,6,1968,2,2,7,1,7
2016100054548,1,22,0,18,9,0,0,0,0,0,1,1,6,1,-1,-1,-1,-1,-1,-1,-1,-1
2016100054669,1,9,0,13,0,0,1,0,0,0,1,1,6,1,40,7,1685,2,2,-1,-1,-1
2016100054669,2,21,1,18,0,0,0,0,0,0,2,1,1,1,54,8,12740,2,3,-1,-1,-1
2016100054684,1,9,0,9,0,8,0,0,0,0,1,1,5,1,74,10,1149,1,1,5,1,5
2016100054684,2,9,0,17,0,1,0,0,0,0,1,1,5,1,31,6,1968,2,5,3,3,3
2016100054685,1,9,0,5,0,4,0,0,0,0,1,1,2,1,27,6,1395,1,-1,10,1,10
2016100054685,2,3,0,3,0,4,5,0,0,0,2,1,5,1,26,6,124,1,1,-1,-1,-1
2016100054690,1,9,0,17,0,0,5,10,1,1,1,1,6,1,31,6,1753,2,15,6,1,6
2016100054717,1,9,0,4,0,8,0,0,0,0,1,1,6,1,55,8,-1,-1,-1,-1,-1,-1
2016100054717,2,9,0,4,0,8,0,0,0,0,2,1,5,2,34,6,1995,2,9,-1,-1,-1
2016100054834,1,9,0,3,0,4,0,0,0,0,1,1,6,1,-1,-1,-1,-1,-1,-1,-1,-1
2016100054834,2,9,0,3,0,4,0,0,0,0,2,1,6,2,35,6,1796,1,9,4,1,4
2016100054847,1,-1,0,9,0,6,0,0,0,0,0,1,6,3,-1,-1,-1,-1,-1,-1,-1,-1
2016100054847,2,11,0,18,0,8,0,0,0,0,0,1,1,1,61,9,6700,2,8,6,1,6
2016100054884,1,9,0,9,0,6,0,0,0,0,1,1,1,1,30,6,1598,2,2,2,1,2
2016100054884,2,9,0,18,0,8,0,0,0,0,1,1,1,1,36,7,998,1,9,-1,-1,-1
2016100054895,1,9,0,18,0,1,0,0,0,0,1,1,6,1,46,8,1390,1,6,5,2,5
2016100054895,2,9,0,8,0,1,0,0,0,0,2,1,1,1,38,7,1598,2,3,1,1,1
2016100054916,1,9,0,14,0,0,0,0,0,0,2,1,6,3,-1,-1,-1,-1,-1,-1,-1,-1
2016100054916,2,9,0,2,0,0,0,0,0,0,4,1,6,1,41,7,1405,1,10,5,1,5
2016100054950,1,8,0,5,0,0,0,0,0,0,0,1,1,1,47,8,1560,2,4,-1,-1,-1
2016100054953,1,9,0,9,0,8,0,0,1,0,1,1,5,2,52,8,1240,1,11,2,1,2
2016100054953,2,19,0,3,0,7,0,0,0,0,3,1,1,1,47,8,1560,2,4,6,1,6
2016100054964,1,19,0,18,0,0,1,0,0,0,1,1,1,1,32,6,1998,2,11,5,1,5
2016100054964,2,9,0,3,0,0,0,0,0,0,2,1,5,2,51,8,2231,2,7,4,1,4
2016100054964,3,9,0,18,0,0,0,0,0,0,1,1,5,2,62,9,1582,2,1,-1,-1,-1
2016100054966,1,11,0,5,0,0,0,0,0,0,0,1,1,1,62,9,9000,2,9,5,1,5
2016100055009,1,9,0,18,0,3,1,0,1,2,1,1,6,2,43,7,1242,1,12,-1,-1,-1
2016100055039,1,3,0,18,0,8,1,0,0,0,1,1,6,1,32,6,125,1,11,2,1,2
2016100055039,2,9,0,9,0,8,0,0,0,0,1,1,5,1,28,6,1598,1,7,-1,-1,-1
2016100055042,1,9,0,17,0,0,1,0,7,0,3,1,1,1,56,9,1984,1,11,8,3,8
2016100055069,1,-1,0,18,0,0,0,0,0,0,1,1,6,3,-1,-1,-1,-1,-1,-1,-1,-1
2016100055109,1,9,0,9,0,8,0,0,0,0,1,1,6,1,49,8,1968,2,4,10,1,10
2016100055109,2,9,0,18,0,8,0,0,0,0,1,1,6,1,78,11,1242,1,4,10,1,10
2016100055114,1,-1,0,18,0,0,0,0,0,0,0,1,6,3,-1,-1,-1,-1,-1,-1,-1,-1
2016100055114,2,11,0,18,0,0,0,0,0,0,0,1,1,1,44,7,-1,-1,-1,4,1,4
2016100055166,1,9,0,18,0,0,0,0,0,0,1,1,5,1,55,8,1910,2,9,4,1,4
2016100055170,1,1,0,18,0,0,0,0,0,0,3,1,6,1,14,3,-1,-1,-1,-1,-1,-1
2016100055170,2,9,0,18,0,0,0,0,0,0,4,1,6,1,29,6,1598,2,1,2,1,2
2016100055197,1,9,0,4,0,1,0,0,0,0,1,1,6,2,-1,-1,1198,1,1,5,1,5
2016100055197,2,9,0,3,0,1,0,0,0,0,2,1,6,1,41,7,1968,2,2,7,2,7
2016100055286,1,9,0,18,0,0,5,0,1,0,4,1,5,1,17,4,2198,2,1,4,3,4
2016100055295,1,9,0,6,0,1,0,0,0,0,3,1,5,1,38,7,1892,2,18,5,2,5
2016100055295,2,9,0,18,0,2,0,0,0,0,1,1,5,2,59,9,1598,1,9,9,1,9
2016100055316,1,11,0,18,0,8,0,0,0,0,0,1,1,1,46,8,4461,2,3,4,1,4
2016100055352,1,19,0,1,0,8,0,0,0,0,2,1,5,1,40,7,2151,2,15,-1,-1,-1
2016100055399,1,9,0,18,0,0,0,0,0,0,4,1,2,1,29,6,1598,1,1,5,1,5
2016100055416,1,9,0,18,0,0,0,0,0,0,1,1,1,1,54,8,1968,2,3,10,3,10
2016100055416,2,9,0,2,0,0,0,0,0,0,2,1,1,1,35,6,1997,2,8,3,1,3
2016100055420,1,9,0,18,0,8,0,0,0,0,1,1,5,2,27,6,1229,1,1,1,1,1
2016100055420,2,9,0,18,0,8,0,0,0,0,4,1,5,1,52,8,875,1,4,1,1,1
2016100055422,1,9,0,5,0,0,0,0,1,11,4,1,6,2,86,11,1596,1,3,10,1,10
2016100055422,2,9,0,2,0,0,0,0,0,0,0,1,6,2,-1,-1,999,1,1,10,1,10
2016100055449,1,19,0,9,0,6,1,0,0,0,0,1,5,1,28,6,2198,2,10,1,1,1
2016100055449,2,97,0,18,0,1,2,0,0,0,0,1,5,1,60,9,1584,1,9,4,1,4
2016100055479,1,9,0,13,0,0,0,10,0,0,3,1,6,1,22,5,1461,2,2,1,1,1
2016100055479,2,11,0,5,0,0,0,0,0,0,0,1,6,3,-1,-1,4250,2,3,-1,-1,-1
2016100055516,1,9,0,18,0,8,0,0,0,0,1,1,6,1,54,8,-1,-1,-1,5,3,5
2016100055523,1,9,0,18,0,4,0,9,3,0,1,1,6,3,-1,-1,1598,1,12,-1,-1,-1
2016100055530,1,1,0,18,0,6,0,0,0,0,1,1,5,1,15,3,-1,-1,-1,-1,-1,-1
2016100055530,2,1,0,18,0,6,0,0,0,0,1,1,5,1,15,3,-1,-1,-1,-1,-1,-1
2016100055530,3,9,0,18,0,8,0,0,0,0,4,1,5,1,71,10,1390,1,10,7,1,7
2016100055616,1,9,0,1,0,0,0,0,0,0,2,1,6,1,19,4,1590,1,12,2,1,2
2016100055616,2,9,0,3,0,0,0,0,0,0,1,1,6,2,24,5,999,1,10,2,1,2
2016100055676,1,9,0,4,0,0,0,0,0,0,1,1,6,1,65,9,1596,1,12,2,1,2
2016100055676,2,9,0,3,0,0,0,0,0,0,2,1,5,2,37,7,1596,1,2,-1,-1,-1
2016100055677,1,9,0,18,0,0,0,0,0,0,1,1,2,2,24,5,1398,1,3,4,2,4
2016100055677,2,9,0,18,0,0,0,0,0,0,2,1,6,2,24,5,1242,1,12,4,2,4
2016100055677,3,9,0,18,0,0,0,0,0,0,2,1,2,1,25,5,1597,1,11,2,1,2
2016100055677,4,9,0,18,0,0,0,0,0,0,2,1,2,2,25,5,1968,2,4,-1,-1,-1
2016100055712,1,19,0,18,0,0,0,0,0,0,1,1,1,1,23,5,2143,2,2,3,1,3
2016100055712,2,9,0,18,0,0,0,0,0,0,2,1,5,1,30,6,1461,2,-1,8,1,8
2016100055712,3,9,0,18,0,0,0,0,0,0,2,1,5,2,65,9,1586,1,8,10,1,10
2016100055712,4,9,0,18,0,0,0,0,0,0,2,1,5,2,29,6,1461,2,15,2,1,2
2016100055745,1,9,0,14,0,1,0,0,0,0,4,1,6,1,53,8,973,1,15,1,1,1
2016100055777,1,9,0,1,0,0,0,0,0,0,2,1,6,3,-1,-1,1598,1,2,-1,-1,-1
2016100055777,2,9,0,2,0,0,0,0,0,0,2,1,6,1,34,6,1997,2,11,1,1,1
2016100055810,1,9,0,5,0,8,0,0,0,0,4,1,5,1,23,5,1798,1,7,4,1,4
2016100055810,2,3,0,17,0,8,0,0,0,0,1,1,5,1,20,4,124,1,6,7,2,7
2016100055817,1,11,0,5,2,0,0,0,0,0,0,1,6,1,38,7,7300,2,16,2,1,2
2016100055834,1,9,0,7,9,5,0,0,0,0,1,1,1,1,62,9,1896,2,11,2,1,2
2016100055861,1,9,0,2,0,0,0,0,0,0,1,1,6,1,50,8,2495,2,17,-1,-1,-1
2016100055861,2,9,0,2,0,0,0,0,0,0,0,1,6,3,-1,-1,-1,-1,-1,-1,-1,-1
2016100055888,1,9,0,4,0,1,0,0,0,0,1,1,5,1,72,10,1596,1,2,3,1,3
2016100055888,2,9,0,3,0,1,0,0,0,0,2,1,2,1,27,6,1896,2,12,1,1,1
2016100055913,1,9,0,4,0,1,0,0,0,0,1,1,6,1,24,5,1951,2,14,4,1,4
2016100055913,2,9,0,3,0,1,0,0,0,0,2,1,6,1,61,9,2496,2,14,9,1,9
2016100055926,1,9,0,18,0,1,0,0,0,0,4,1,5,1,20,4,1242,1,9,1,1,1
2016100055946,1,9,0,18,0,1,0,0,0,0,1,1,5,2,56,9,1388,1,4,-1,-1,-1
2016100055946,2,9,0,3,0,1,0,0,0,0,2,1,5,2,41,7,-1,-1,-1,-1,-1,-1
2016100055948,1,9,0,7,0,6,0,0,0,0,1,1,6,1,88,11,1198,1,4,9,1,9
2016100055948,2,9,0,18,0,8,0,0,0,0,4,1,6,2,37,7,1560,2,1,6,1,6
2016100055980,1,11,0,4,0,0,0,0,0,0,0,1,1,1,62,9,6700,2,9,2,1,2
2016100056024,1,9,0,18,0,8,0,0,0,0,0,1,6,3,-1,-1,1686,2,3,-1,-1,-1
2016100056024,2,1,0,18,0,8,0,0,0,0,0,1,2,1,48,8,-1,-1,-1,-1,-1,-1
2016100056080,1,9,0,11,0,8,0,0,0,0,4,1,6,2,47,8,1461,2,3,10,1,10
2016100056080,2,17,0,18,0,8,0,0,0,0,1,1,1,1,53,8,-1,-1,-1,-1,-1,-1
2016100056086,1,9,0,18,0,0,0,0,0,0,4,1,5,1,62,9,1582,2,3,-1,-1,-1
2016100056119,1,9,0,10,0,1,0,0,0,0,2,1,6,2,45,7,995,1,6,4,1,4
2016100056119,2,9,0,3,0,8,0,0,0,0,2,1,1,2,45,7,1200,1,3,9,1,9
2016100056119,3,9,0,3,0,8,0,0,0,0,2,1,2,1,23,5,1229,1,9,6,1,6
2016100056119,4,9,0,18,0,8,0,0,0,0,1,1,2,1,60,9,1798,1,7,4,1,4
2016100056163,1,9,0,18,0,0,0,10,1,6,1,1,6,1,60,9,1248,2,12,2,1,2
2016100056216,1,9,0,18,0,8,0,0,0,0,0,1,6,3,-1,-1,1840,1,16,-1,-1,-1
2016100056216,2,9,0,9,0,8,0,0,0,0,2,1,2,1,51,8,-1,-1,-1,3,1,3
2016100056216,3,9,0,18,0,8,0,0,0,0,1,1,2,1,66,10,1560,2,3,5,2,5
2016100056234,1,9,0,9,0,1,0,0,0,0,1,1,5,1,80,11,1896,2,9,-1,-1,-1
2016100056234,2,9,0,18,0,1,0,0,0,0,4,1,6,1,45,7,1956,2,1,3,1,3
2016100056312,1,9,0,9,0,5,0,0,0,0,1,1,5,1,40,7,2460,2,11,4,1,4
2016100056355,1,9,0,18,0,8,0,0,0,0,4,1,6,1,18,4,998,1,1,4,1,4
2016100056355,2,11,0,18,0,8,0,0,0,0,1,1,1,1,65,9,6871,2,12,2,1,2
2016100056356,1,98,0,18,0,1,1,0,0,0,1,1,1,1,57,9,-1,-1,-1,1,1,1
2016100056356,2,9,0,18,0,1,0,0,0,0,2,1,6,1,29,6,1199,1,12,-1,-1,-1
2016100056356,3,9,0,18,0,1,0,0,0,0,2,1,2,1,26,6,1461,2,1,-1,-1,-1
2016100056356,4,9,0,18,0,1,0,0,0,0,2,1,2,1,36,7,1618,1,-1,10,2,10
2016100056356,5,9,0,18,0,1,0,0,0,0,2,1,2,1,60,9,1596,1,12,4,1,4
2016100056356,6,9,0,18,0,1,0,0,0,0,2,1,6,1,31,6,1598,1,7,-1,-1,-1
2016100056356,7,9,0,18,0,1,0,0,0,0,2,1,2,1,35,6,1956,2,7,1,1,1
2016100056402,1,8,0,1,9,0,0,0,0,0,2,1,1,1,41,7,1995,2,5,2,1,2
2016100056416,1,9,0,5,0,0,0,0,0,0,1,1,6,3,-1,-1,-1,-1,-1,-1,-1,-1