Accident_Index,Vehicle_Reference,Vehicle_Type,Towing_and_Articulation,Vehicle_Manoeuvre,Vehicle_Location-Restricted_Lane,Junction_Location,Skidding_and_Overturning,Hit_Object_in_Carriageway,Vehicle_Leaving_Carriageway,Hit_Object_off_Carriageway,1st_Point_of_Impact,Was_Vehicle_Left_Hand_Drive?,Journey_Purpose_of_Driver,Sex_of_Driver,Age_of_Driver,Age_Band_of_Driver,Engine_Capacity_(CC),Propulsion_Code,Age_of_Vehicle,Driver_IMD_Decile,Driver_Home_Area_Type,Vehicle_IMD_Decile
2016100056416,2,1,0,2,0,0,0,0,0,0,1,1,6,1,23,5,-1,-1,-1,-1,-1,-1
2016100056552,1,9,0,18,0,8,0,0,0,0,3,1,2,1,38,7,1560,2,3,-1,-1,-1
2016100056552,2,3,0,18,0,8,0,0,0,0,1,1,2,1,33,6,125,1,3,-1,-1,-1
2016100056569,1,9,0,18,0,4,0,0,0,0,1,1,2,2,39,7,1199,2,3,8,1,8
2016100056569,2,9,0,3,0,1,0,0,0,0,2,1,2,1,55,8,1995,2,2,2,3,2
2016100056571,1,9,0,13,0,0,0,0,7,0,1,1,2,1,50,8,-1,-1,-1,4,1,4
2016100056571,2,9,0,16,0,0,0,0,1,0,1,1,6,1,30,6,1598,1,10,2,1,2
2016100056576,1,9,0,5,0,0,0,0,0,0,3,1,5,2,18,4,998,1,10,9,2,9
2016100056576,2,9,0,18,0,0,0,0,0,0,4,1,5,2,29,6,1197,1,1,1,1,1
2016100056586,1,9,0,14,0,0,1,4,0,0,1,1,5,1,23,5,1388,1,13,9,1,9
2016100056586,2,9,0,2,0,0,0,0,0,0,3,1,5,2,39,7,1598,1,9,4,1,4
2016100056586,3,9,0,14,0,0,0,0,0,0,0,1,6,3,-1,-1,-1,-1,-1,-1,-1,-1
2016100056629,1,2,0,9,0,1,1,0,0,0,0,1,5,1,52,8,49,1,7,-1,-1,-1
2016100056632,1,9,0,18,0,0,0,0,0,0,1,1,5,2,70,10,1248,1,4,8,1,8
2016100056632,2,9,0,18,0,0,0,0,0,0,4,1,5,1,50,8,1685,2,1,3,1,3
2016100056632,3,9,0,18,0,0,0,0,0,0,3,1,5,1,44,7,1995,2,8,7,3,7
2016100056632,4,9,0,11,0,0,0,0,0,0,0,1,6,3,-1,-1,-1,-1,-1,-1,-1,-1
2016100056635,1,9,0,18,0,1,0,0,0,0,1,1,5,1,22,5,1598,2,4,1,1,1
2016100056646,1,9,0,18,9,0,0,0,0,0,4,1,6,1,39,7,1998,1,14,-1,-1,-1
2016100056649,1,9,0,18,0,0,0,0,0,0,1,1,5,1,39,7,1998,1,14,3,1,3
2016100056649,2,9,0,4,0,0,0,0,0,0,2,1,5,1,23,5,1798,1,4,7,1,7
2016100056651,1,1,0,4,0,0,0,0,1,0,0,1,5,1,68,10,-1,-1,-1,-1,-1,-1
2016100056747,1,11,0,18,0,0,0,0,0,0,0,1,6,1,56,9,6871,2,11,8,1,8
2016100056761,1,1,0,18,9,6,0,0,0,0,0,1,5,1,10,2,-1,-1,-1,-1,-1,-1
2016100056761,2,19,0,18,0,1,0,0,0,0,4,1,6,1,58,9,1248,2,7,-1,-1,-1
2016100056798,1,-1,0,7,0,6,0,0,0,0,1,1,6,3,-1,-1,-1,-1,-1,-1,-1,-1
2016100056798,2,11,0,18,0,8,0,0,0,0,4,1,1,1,64,9,6370,2,3,3,1,3
2016100056816,1,9,0,7,0,6,0,0,0,0,1,1,6,1,30,6,1956,2,3,9,1,9
2016100056816,2,9,0,18,0,1,0,0,0,0,1,1,6,2,38,7,1461,2,8,10,1,10
2016100056874,1,9,0,8,0,1,0,0,0,0,1,1,1,1,50,8,1997,2,1,3,1,3
2016100056896,1,9,0,7,0,8,0,0,0,0,4,1,5,1,29,6,1364,2,5,4,2,4
2016100056896,2,1,0,18,0,8,0,0,0,0,3,1,5,2,53,8,-1,-1,-1,9,1,9
2016100057036,2,9,0,18,0,0,0,0,0,0,1,1,5,1,36,7,-1,-1,-1,-1,-1,-1
2016100057037,1,8,0,18,0,2,0,0,0,0,1,1,1,1,63,9,2148,2,10,5,1,5
2016100057037,2,9,0,5,0,2,0,0,0,0,3,1,5,2,51,8,1997,2,8,3,1,3
2016100057038,1,9,0,18,0,4,0,0,0,0,3,1,2,1,42,7,1598,1,14,-1,-1,-1
2016100057038,2,4,0,18,0,8,5,0,0,0,1,1,5,1,54,8,499,1,13,1,1,1
2016100057039,1,9,0,9,0,8,0,0,0,0,4,1,5,1,71,10,1591,1,2,-1,-1,-1
2016100057039,2,3,0,18,0,1,2,0,0,0,1,1,2,1,45,7,125,1,6,-1,-1,-1
2016100057054,1,5,0,12,0,0,2,0,0,0,1,1,5,1,54,8,790,1,12,2,1,2
2016100057054,2,9,0,3,0,0,0,0,0,0,2,1,5,1,55,8,-1,3,1,10,2,10
2016100057115,1,-1,0,18,0,8,0,0,0,0,1,1,6,3,-1,-1,-1,-1,-1,1,1,1
2016100057115,2,9,0,18,0,8,0,0,0,0,4,1,6,1,60,9,1197,1,3,3,1,3
2016100057116,1,9,0,18,0,0,0,0,0,0,4,1,6,2,44,7,1598,1,12,2,1,2
2016100057116,2,1,0,18,0,0,0,0,0,0,2,1,6,1,52,8,-1,-1,-1,1,1,1
2016100057166,1,21,0,9,0,6,0,0,0,0,3,1,1,1,58,9,10837,2,5,9,1,9
2016100057216,1,9,0,4,0,1,0,0,0,0,1,1,6,1,52,8,2720,2,7,10,1,10
2016100057216,2,9,0,3,0,1,0,0,0,0,2,1,6,1,56,9,2198,2,1,8,1,8
2016100057222,1,9,0,5,0,1,0,0,0,0,1,1,5,1,-1,-1,1753,2,8,9,1,9
2016100057222,2,9,0,4,0,1,0,0,0,0,2,1,5,1,40,7,1997,2,6,1,1,1
2016100057285,1,9,0,18,0,1,0,0,0,0,1,1,6,1,68,10,1248,2,12,9,1,9
2016100057286,1,9,0,18,0,4,0,0,0,0,1,1,5,1,-1,-1,3628,2,10,7,1,7
2016100057286,2,1,0,9,0,8,0,0,0,0,4,1,2,1,41,7,-1,-1,-1,10,1,10
2016100057316,1,9,0,9,9,5,0,0,0,0,1,1,6,1,-1,-1,1149,1,14,-1,-1,-1
2016100057436,1,9,0,18,0,1,1,4,0,0,1,1,6,2,35,6,1598,1,11,1,1,1
2016100057436,2,9,0,9,0,1,0,0,0,0,1,1,6,1,44,7,1997,2,2,-1,-1,-1
2016100057436,3,9,0,2,0,1,0,0,0,0,3,1,6,3,-1,-1,-1,-1,-1,-1,-1,-1
2016100057436,4,9,0,2,0,1,0,0,0,0,3,1,6,3,-1,-1,-1,-1,-1,-1,-1,-1
2016100057436,5,9,0,2,0,1,0,0,0,0,1,1,6,3,-1,-1,-1,-1,-1,-1,-1,-1
2016100057436,6,9,0,2,0,1,0,0,0,0,1,1,6,3,-1,-1,-1,-1,-1,-1,-1,-1
2016100057494,1,9,0,18,0,0,0,0,0,0,3,1,5,2,31,6,1364,2,4,-1,-1,-1
2016100057495,1,9,0,18,0,8,0,0,0,0,1,1,6,3,-1,-1,-1,-1,-1,-1,-1,-1
2016100057495,2,1,0,18,0,8,5,0,0,0,1,1,2,1,28,6,-1,-1,-1,8,1,8
2016100057516,1,9,0,18,0,0,5,0,1,11,1,1,6,1,18,4,1368,1,3,-1,3,-1
2016100057516,2,9,0,18,0,0,1,0,1,0,1,1,6,1,25,5,1968,2,6,4,1,4
2016100057528,1,9,0,18,0,1,0,4,0,0,1,1,6,1,21,5,1364,1,11,2,1,2
2016100057528,2,9,0,3,0,1,0,0,0,0,2,1,5,2,59,9,1329,1,1,10,1,10
2016100057528,3,9,0,3,0,1,0,0,0,0,2,1,5,2,26,6,1149,1,6,2,1,2
2016100057543,1,9,0,18,0,1,0,0,0,0,1,1,6,1,18,4,1360,1,12,-1,-1,-1
2016100057543,2,9,0,3,0,1,0,0,0,0,2,1,6,2,68,10,998,1,15,5,3,5
2016100057543,3,9,0,10,0,1,0,0,0,0,2,1,6,1,54,8,1995,2,2,9,1,9
2016100057551,1,-1,0,18,0,0,0,0,0,0,4,1,6,3,-1,-1,-1,-1,-1,-1,-1,-1
2016100057565,1,9,0,4,0,1,0,0,0,0,1,1,6,1,19,4,1364,1,6,7,1,7
2016100057565,2,9,0,4,0,1,0,0,0,0,2,1,5,2,30,6,1398,1,6,9,1,9
2016100057592,1,9,0,18,0,0,0,0,0,0,4,1,6,2,61,9,1598,1,2,8,3,8
2016100057651,1,9,0,18,0,8,0,0,0,0,3,1,6,2,71,10,1198,1,-1,10,1,10
2016100057651,2,9,0,18,0,8,0,0,0,0,1,1,6,1,37,7,1968,2,6,3,1,3
2016100057652,1,19,0,18,0,0,0,0,0,0,1,1,6,1,51,8,2198,2,9,1,1,1
2016100057652,2,9,0,3,0,0,0,0,0,0,2,1,6,2,35,6,996,1,4,1,1,1
2016100057736,1,-1,0,11,0,8,0,0,0,0,4,1,6,3,-1,-1,-1,-1,-1,-1,-1,-1
2016100057736,2,9,0,18,0,8,0,0,0,0,3,1,2,2,53,8,1200,1,-1,10,1,10
2016100057739,1,11,0,9,0,8,0,0,0,0,4,1,6,3,-1,-1,8268,2,12,-1,-1,-1
2016100057898,1,5,0,11,0,4,0,0,1,1,4,1,5,1,52,8,999,1,2,6,1,6
2016100057898,2,9,0,18,0,4,0,0,0,0,4,1,5,1,47,8,1968,2,2,2,1,2
2016100057916,1,-1,0,13,0,0,0,0,0,0,4,1,6,3,-1,-1,-1,-1,-1,-1,-1,-1
2016100057916,2,16,0,18,0,0,0,0,0,0,3,1,6,2,30,6,-1,-1,-1,4,3,4
2016100057925,1,9,0,9,0,6,0,0,0,0,0,1,6,3,-1,-1,1396,1,11,-1,-1,-1
2016100057925,2,9,0,18,0,1,0,0,0,0,0,1,1,1,51,8,1598,2,1,-1,-1,-1
2016100057932,1,9,0,16,0,0,0,0,1,11,1,1,2,2,37,7,1995,2,3,3,1,3
2016100057970,1,9,0,18,0,8,0,0,0,0,1,1,6,2,34,6,1969,2,-1,7,1,7
2016100057970,2,9,0,18,0,8,0,0,0,0,1,1,6,2,45,7,1997,2,6,4,1,4
2016100058036,1,19,0,7,0,5,0,0,0,0,1,1,6,1,-1,-1,1248,2,11,1,1,1
2016100058036,2,19,0,3,0,1,0,0,0,0,1,1,6,1,28,6,1995,2,9,3,1,3
2016100058048,1,11,0,4,0,1,0,0,0,0,0,1,1,1,60,9,-1,2,7,1,1,1
2016100058105,1,9,0,9,0,6,0,0,0,0,1,1,6,1,25,5,2698,2,8,5,1,5
2016100058105,2,9,0,18,0,1,0,0,0,0,1,1,6,1,32,6,1587,1,12,2,1,2
2016100058116,1,21,0,16,0,1,5,0,4,6,3,1,1,1,49,8,10837,2,4,7,3,7
2016100058312,1,3,0,11,0,0,0,0,0,0,4,1,5,1,34,6,125,1,-1,2,1,2
2016100058312,2,21,1,18,0,0,0,0,0,0,3,2,1,1,28,6,-1,-1,-1,-1,-1,-1
2016100058315,1,9,0,18,0,2,5,9,1,11,1,1,5,3,-1,-1,2793,1,17,-1,-1,-1
2016100058349,1,9,0,14,0,0,0,0,0,0,1,1,2,1,24,5,1968,2,9,-1,-1,-1
2016100058349,2,9,0,2,0,0,0,0,0,0,2,1,6,2,34,6,1299,1,8,2,1,2
2016100058377,1,9,0,18,0,1,0,0,0,0,1,1,6,3,-1,-1,-1,-1,-1,-1,-1,-1
2016100058461,1,9,0,18,0,0,0,0,0,0,1,1,6,3,-1,-1,1896,2,12,-1,-1,-1
2016100058461,2,9,0,18,0,0,0,0,0,0,1,1,6,1,28,6,1796,1,13,2,1,2
2016100058479,1,9,0,18,0,0,0,0,0,0,1,1,6,1,22,5,1242,1,6,3,1,3
2016100058479,2,9,0,12,0,0,0,0,0,0,2,1,6,1,53,8,1997,2,11,6,1,6
2016100058502,1,9,0,18,0,0,0,0,0,0,1,1,6,1,44,7,-1,-1,-1,-1,-1,-1
2016100058502,2,1,0,18,0,0,0,0,0,0,2,1,6,1,47,8,-1,-1,-1,4,1,4
2016100058506,1,-1,0,18,0,0,0,0,0,0,1,1,6,3,-1,-1,-1,-1,-1,-1,-1,-1
2016100058506,2,9,0,3,0,0,0,0,0,0,1,1,6,1,23,5,1198,1,6,3,1,3
2016100058510,1,9,0,7,0,3,0,0,0,0,4,1,6,1,69,10,-1,-1,-1,9,2,9
2016100058510,2,1,0,17,0,8,0,0,0,0,3,1,5,1,44,7,-1,-1,-1,10,2,10
2016100058539,1,8,0,1,0,0,0,0,0,0,2,1,1,1,-1,-1,-1,-1,-1,-1,-1,-1
2016100058731,1,9,0,17,0,0,1,0,0,0,3,2,5,1,62,9,-1,-1,-1,-1,-1,-1
2016100058731,2,4,0,16,0,0,0,0,0,0,1,1,5,1,43,7,250,1,7,8,3,8
2016100058799,1,9,0,9,0,5,0,0,0,0,4,1,1,2,77,11,1596,1,7,-1,-1,-1
2016100058799,2,9,0,18,0,1,0,0,0,0,3,1,1,1,21,5,1995,2,6,5,3,5
2016100058799,3,9,0,2,0,1,0,0,0,0,2,1,5,2,63,9,1995,2,11,9,1,9
2016100058816,1,9,0,18,0,1,0,0,0,0,1,1,2,2,51,8,1968,2,2,5,1,5
2016100058880,1,9,0,5,0,4,0,0,0,0,1,1,6,3,-1,-1,-1,-1,-1,-1,-1,-1
2016100058880,2,9,0,9,0,8,0,0,0,0,1,1,6,1,18,4,1390,1,8,3,1,3
2016100058884,1,9,0,18,0,1,0,0,0,0,4,1,5,1,79,11,1598,1,2,10,3,10
2016100058884,2,9,0,18,0,1,0,0,0,0,1,1,5,1,45,7,1896,2,12,7,1,7
2016100058915,1,3,0,13,0,8,2,0,0,0,1,1,2,1,21,5,124,1,9,3,1,3
2016100058915,2,19,0,9,0,5,0,0,0,0,3,1,5,1,50,8,2287,2,4,-1,-1,-1
2016100058924,1,9,0,7,0,3,0,0,0,0,3,1,5,2,27,6,1396,1,1,1,1,1
2016100058924,2,9,0,17,0,8,0,0,0,0,4,1,5,2,33,6,1388,1,4,7,1,7
2016100058924,3,9,0,2,0,1,0,0,0,0,0,1,1,1,36,7,2979,1,2,-1,-1,-1
2016100058938,1,90,0,18,0,4,0,0,0,0,1,1,1,1,45,7,-1,-1,-1,8,2,8
2016100058938,2,9,0,3,0,1,0,0,1,0,3,1,6,1,23,5,1461,2,12,7,2,7
2016100058956,1,11,0,2,0,0,0,0,0,0,0,1,1,1,44,7,9000,5,2,1,1,1
2016100058969,1,9,0,9,0,5,0,0,0,0,4,1,2,1,20,4,1796,1,11,-1,-1,-1
2016100059016,1,9,0,6,0,0,0,0,0,0,3,1,6,1,48,8,1870,2,12,5,1,5
2016100059016,2,9,0,18,0,0,0,0,0,0,1,1,6,2,51,8,1149,1,5,3,1,3
2016100059111,1,9,0,18,0,0,0,0,0,0,1,1,6,2,50,8,2993,2,7,10,2,10
2016100059111,2,9,0,18,0,0,0,0,0,0,1,1,6,2,57,9,1461,2,1,-1,-1,-1
2016100059116,1,9,0,18,0,0,0,4,0,0,3,1,2,1,57,9,1386,1,8,2,1,2
2016100059116,2,9,0,2,0,0,0,0,0,0,4,1,6,1,57,9,-1,-1,-1,1,1,1
2016100059146,1,9,0,18,0,1,0,0,0,0,1,1,6,1,48,8,1956,2,3,2,1,2
2016100059146,2,9,0,8,0,1,0,0,0,0,2,1,5,1,60,9,1968,2,6,-1,-1,-1
2016100059162,1,9,0,4,0,1,0,0,0,0,1,1,6,1,34,6,1499,8,2,10,1,10
2016100059162,2,9,0,3,0,1,0,0,0,0,2,1,2,1,29,6,1229,1,7,3,3,3
2016100059290,1,9,0,18,0,0,0,0,0,0,1,1,6,1,25,5,1598,2,3,4,1,4
2016100059313,1,9,0,7,0,8,0,0,3,0,1,1,6,2,59,9,1968,2,2,9,1,9
2016100059313,2,9,0,18,0,8,0,0,0,0,1,1,6,1,30,6,1124,1,13,2,1,2
2016100059316,1,9,0,17,0,0,1,0,1,11,3,1,6,1,25,5,1596,1,14,2,1,2
2016100059351,1,9,0,5,0,4,1,0,0,0,1,1,5,1,49,8,1998,1,9,9,1,9
2016100059351,2,1,0,18,0,8,2,0,0,0,1,1,2,1,44,7,-1,-1,-1,10,1,10
2016100059416,1,9,0,18,0,0,0,0,0,0,1,1,6,2,41,7,-1,-1,-1,3,1,3
2016100059473,1,9,0,1,0,1,0,0,0,0,2,1,1,1,43,7,1598,2,2,-1,-1,-1
2016100059490,1,9,0,18,0,0,1,0,0,0,1,1,5,1,34,6,1968,2,5,3,1,3
2016100059490,2,9,0,3,0,0,0,0,0,0,2,1,6,1,44,7,1995,2,13,6,1,6
2016100059490,3,9,0,3,0,0,0,0,0,0,2,1,6,1,47,8,1968,2,4,2,1,2
2016100059492,1,9,0,9,0,6,0,0,0,0,3,1,5,1,76,11,1968,2,3,-1,-1,-1
2016100059492,2,5,0,18,0,1,1,0,0,0,1,1,5,1,25,5,599,1,16,6,1,6
2016100059498,1,9,0,12,0,0,1,0,1,0,1,1,2,1,26,6,1968,2,6,9,1,9
2016100059498,2,21,1,18,0,0,0,0,0,0,2,1,1,1,56,9,12419,2,2,1,1,1
2016100059499,1,9,0,5,0,2,0,0,0,0,2,1,6,1,48,8,1461,2,11,1,1,1
2016100059499,2,9,0,18,0,2,5,10,0,0,1,1,2,1,35,6,2000,1,11,2,1,2
2016100059510,1,17,0,16,0,0,5,0,1,0,4,1,1,1,45,7,-1,2,41,5,3,5
2016100059510,2,1,0,18,5,0,5,0,0,0,4,1,5,1,54,8,-1,-1,-1,3,2,3
2016100059510,3,1,0,18,5,0,5,0,0,0,1,1,5,1,53,8,-1,-1,-1,3,2,3
2016100059552,1,9,0,18,0,0,0,0,7,0,1,1,2,1,26,6,1598,1,7,10,1,10
2016100059552,2,9,0,3,0,0,0,0,1,0,2,1,2,1,31,6,1364,1,7,-1,-1,-1
2016100059552,3,9,0,3,0,0,0,0,0,0,2,1,2,1,41,7,1995,2,4,2,1,2
2016100059568,1,9,0,5,0,4,0,0,0,0,3,1,6,2,-1,-1,1598,2,1,8,1,8
2016100059568,2,1,0,17,0,8,0,0,0,0,1,1,6,1,43,7,-1,-1,-1,1,1,1
2016100059592,1,9,0,18,0,0,0,0,0,0,1,1,6,1,25,5,1896,2,6,9,3,9
2016100059678,1,9,0,17,0,0,2,0,1,4,3,1,5,1,18,4,1199,1,15,4,3,4
2016100059796,1,9,0,9,0,5,0,0,0,0,3,1,5,1,41,7,1968,2,-1,6,1,6
2016100059796,2,11,0,4,0,1,0,0,0,0,3,1,1,1,54,8,7300,2,14,4,1,4
2016100059805,1,9,0,18,0,2,0,0,0,0,1,1,6,3,-1,-1,-1,-1,-1,-1,-1,-1
2016100059805,2,9,0,4,0,2,0,0,0,0,2,1,6,2,33,6,1198,1,5,4,1,4
2016100059805,3,9,0,3,0,2,0,0,0,0,2,1,2,2,25,5,1598,1,5,1,1,1
2016100059816,1,9,0,18,0,1,0,0,0,0,2,1,6,3,-1,-1,-1,-1,-1,-1,-1,-1
2016100059816,2,9,0,8,0,1,0,0,0,0,1,1,6,2,41,7,1598,1,14,8,1,8
2016100059841,1,11,0,4,0,0,0,0,0,0,0,1,1,1,58,9,6370,2,3,-1,-1,-1
2016100059898,1,9,0,18,0,0,0,0,0,0,1,1,5,1,22,5,1242,1,13,1,1,1
2016100059898,2,9,0,2,0,0,0,0,0,0,2,1,6,1,33,6,1798,1,12,3,1,3
2016100060016,1,9,0,18,0,4,2,0,0,1,1,1,6,1,21,5,1769,1,14,5,1,5
2016100060016,2,9,0,18,0,1,0,0,0,0,0,1,1,1,-1,-1,2967,2,2,-1,-1,-1
2016100060016,3,9,0,18,0,1,0,0,0,0,0,1,1,1,48,8,2993,2,1,-1,-1,-1
2016100060167,1,19,0,9,0,6,0,0,0,0,1,1,1,1,56,9,1560,2,3,6,1,6
2016100060167,2,11,0,18,0,8,0,0,0,0,3,1,1,1,44,7,9600,2,16,2,1,2
2016100060288,1,9,0,18,0,8,0,0,0,0,3,1,5,1,59,9,2521,1,9,6,1,6
2016100060288,2,9,0,18,0,8,0,0,0,0,4,1,5,1,27,6,1598,2,3,4,1,4
2016100060404,1,9,0,13,0,1,0,0,7,0,1,1,1,1,23,5,999,1,-1,10,1,10
2016100060404,2,9,0,9,0,1,0,0,7,0,3,1,1,1,39,7,1398,2,13,9,1,9
2016100060519,1,9,0,18,0,4,0,0,0,0,3,1,5,1,55,8,1461,2,4,9,1,9
2016100060519,2,9,0,18,0,3,0,0,0,0,1,1,5,1,28,6,1360,1,16,2,1,2
2016100060521,1,9,0,3,0,0,0,0,0,0,3,1,1,2,28,6,1329,1,3,-1,-1,-1
2016100060521,2,9,0,5,0,0,0,0,0,0,4,1,5,1,53,8,1390,1,8,10,3,10
2016100060546,1,9,0,18,0,0,0,4,0,0,1,1,1,1,56,9,1598,2,2,3,1,3
2016100060546,2,9,0,3,0,0,0,0,0,0,2,1,5,1,21,5,998,1,4,3,1,3
2016100060546,3,9,0,3,0,0,0,0,0,0,2,1,5,1,23,5,1984,1,9,2,1,2
2016100060546,4,19,0,3,0,0,0,0,0,0,2,1,1,1,42,7,2143,2,1,9,1,9
2016100060546,5,9,0,2,0,0,0,0,0,0,4,1,5,1,75,10,1560,2,2,10,1,10
2016100060611,1,9,0,18,0,4,0,0,0,0,3,1,5,2,29,6,998,1,4,10,1,10
2016100060611,2,9,0,9,0,8,0,0,0,0,4,1,1,1,30,6,1686,2,2,-1,-1,-1
2016100060619,1,9,0,9,0,5,0,0,0,0,1,1,6,3,-1,-1,-1,-1,-1,-1,-1,-1
2016100060619,2,1,0,18,0,8,0,0,0,0,3,1,2,1,19,4,-1,-1,-1,-1,-1,-1
2016100060637,1,9,0,5,0,4,0,0,0,0,1,1,6,2,21,5,1229,1,4,2,1,2
2016100060637,2,8,0,7,0,3,0,0,0,0,3,1,6,1,43,7,1968,2,6,4,1,4
2016100060639,1,9,0,18,0,1,0,0,0,0,1,1,2,2,38,7,1560,2,10,3,1,3
2016100060709,1,9,0,5,0,1,0,0,0,0,1,1,2,1,23,5,1461,2,1,10,1,10
2016100060709,2,9,0,3,0,1,0,0,0,0,2,1,2,2,21,5,1299,1,9,3,1,3
2016100060736,1,8,0,18,0,0,0,0,0,0,4,1,1,1,55,8,1910,2,9,4,1,4
2016100060743,1,9,0,18,0,0,0,0,0,0,1,1,5,1,17,4,998,1,13,2,1,2
2016100060743,2,9,0,3,0,0,0,0,0,0,1,1,5,2,26,6,1242,1,6,1,1,1
2016100060752,1,9,0,4,0,1,0,0,1,0,1,1,2,2,43,7,1560,2,4,3,1,3
2016100060752,2,9,0,4,0,1,0,0,0,0,2,1,6,1,63,9,1798,1,11,1,1,1
2016100060767,1,9,0,3,0,0,0,0,0,0,3,1,6,2,26,6,1560,2,3,-1,-1,-1
2016100060767,2,5,0,13,0,0,0,0,0,0,4,1,5,1,39,7,750,1,17,-1,-1,-1
2016100060771,1,3,0,18,0,1,0,0,0,0,1,1,5,1,24,5,125,1,1,1,1,1
2016100060771,2,9,0,10,0,1,0,0,0,0,2,1,5,2,76,11,996,1,4,9,1,9
2016100060833,1,9,0,16,0,0,2,0,7,11,1,1,1,1,66,10,1598,2,6,6,3,6
2016100060879,1,9,0,9,0,8,0,0,4,0,1,1,6,1,24,5,1349,1,9,2,1,2
2016100060879,2,19,0,18,0,8,1,0,0,0,1,1,2,1,30,6,1998,2,13,-1,-1,-1
2016100060911,1,5,0,16,0,0,2,0,0,0,1,1,5,1,33,6,998,1,9,8,2,8
2016100060911,2,9,0,18,0,0,0,0,0,0,1,1,5,1,33,6,1896,2,13,6,1,6
2016100060915,1,5,0,17,0,0,5,0,1,11,1,1,5,1,37,7,749,1,21,6,1,6
2016100060919,1,3,0,18,0,0,0,4,8,0,4,1,5,1,22,5,124,1,1,2,1,2
2016100060919,2,9,0,2,0,0,0,0,0,0,3,1,2,1,44,7,1753,2,7,4,2,4
2016100060922,1,3,0,12,0,1,0,0,0,0,3,1,2,1,24,5,124,1,3,6,1,6
2016100060922,2,9,0,18,0,1,0,0,0,0,4,1,2,2,33,6,1995,2,6,3,1,3
2016100060964,1,9,0,1,0,1,0,0,7,11,2,1,6,1,62,9,1596,1,8,5,1,5
2016100060964,2,9,0,18,0,8,0,0,0,0,1,1,5,1,38,7,1997,2,2,4,3,4
2016100060986,1,5,0,16,0,0,5,0,7,11,1,1,5,1,45,7,1085,1,18,2,1,2
2016100060996,1,1,0,18,0,0,0,0,0,0,1,1,5,1,26,6,-1,-1,-1,10,1,10
2016100060999,1,9,0,9,0,6,0,0,0,0,3,1,1,2,37,7,1360,1,5,-1,-1,-1
2016100060999,2,9,0,18,0,8,0,0,0,0,1,1,3,2,29,6,1390,1,7,3,1,3
2016100061016,1,9,0,18,0,8,0,0,0,0,1,1,1,1,50,8,1997,2,8,9,2,9
2016100061016,2,1,0,5,0,8,0,0,0,0,3,1,2,1,20,4,-1,-1,-1,-1,-1,-1
2016100061031,1,9,0,4,0,1,0,0,0,0,1,1,6,1,45,7,2143,2,3,2,1,2
2016100061111,1,9,0,18,0,0,0,0,0,0,1,1,5,2,38,7,1399,1,9,4,1,4
2016100061111,2,9,0,3,0,0,0,0,0,0,2,1,5,1,50,8,-1,-1,-1,3,1,3
2016100061134,1,11,0,4,0,0,0,0,0,0,0,1,1,1,45,7,9000,2,11,2,1,2
2016100061227,1,9,0,15,0,0,0,0,0,0,4,1,2,2,43,7,1586,1,8,2,1,2
2016100061314,1,9,0,5,0,6,0,0,0,0,3,1,1,2,55,8,-1,-1,-1,5,1,5
2016100061314,2,1,0,18,0,1,5,0,0,0,1,1,2,1,52,8,-1,-1,-1,3,1,3
2016100061316,1,9,0,9,0,4,0,0,0,0,1,1,2,2,54,8,2143,2,1,10,2,10
2016100061316,2,9,0,18,0,3,0,0,0,0,4,1,2,2,67,10,1598,1,3,2,1,2
2016100061316,3,9,0,3,0,4,0,0,0,0,3,1,2,1,54,8,2183,2,6,-1,-1,-1
2016100061397,1,11,0,4,0,1,0,0,0,0,0,1,1,1,56,9,9000,2,11,2,1,2
2016100061411,1,9,0,13,0,0,0,0,0,0,4,1,6,2,-1,-1,1689,2,16,-1,-1,-1
2016100061411,2,1,0,18,0,0,0,0,0,0,3,1,6,1,38,7,-1,-1,-1,4,1,4
2016100061416,1,11,0,7,0,6,0,0,0,0,0,1,1,1,31,6,6370,2,8,2,1,2
2016100061444,1,-1,0,18,0,1,0,0,0,0,1,1,6,3,-1,-1,-1,-1,-1,-1,-1,-1
2016100061444,2,9,0,8,0,1,0,0,0,0,2,1,5,2,66,10,1560,2,9,-1,-1,-1
2016100061447,1,9,0,9,0,4,0,0,0,0,3,1,5,2,63,9,1339,1,13,6,1,6
2016100061447,2,5,0,18,0,8,1,0,0,0,1,1,5,1,31,6,999,1,4,1,1,1
2016100061447,3,5,0,18,0,8,1,0,0,0,1,1,5,1,44,7,656,1,7,2,2,2
2016100061523,1,9,0,18,0,0,1,0,0,0,1,1,1,1,40,7,1995,2,3,-1,1,-1
2016100061523,2,9,0,4,0,0,0,0,0,0,2,1,2,2,30,6,1000,1,3,4,1,4
2016100061523,3,9,0,4,0,0,0,0,0,0,2,1,2,1,31,6,1596,1,11,10,1,10
2016100061523,4,9,0,4,0,0,0,0,0,0,2,1,2,2,29,6,1598,2,1,2,2,2
2016100061539,1,9,0,14,0,2,0,0,0,0,1,1,5,1,81,11,998,1,5,10,1,10
2016100061572,1,19,0,18,0,5,0,0,0,0,1,1,1,1,33,6,2200,2,14,3,1,3
2016100061572,2,9,0,18,0,8,0,0,0,0,4,1,3,2,17,4,1242,1,7,-1,-1,-1
2016100061614,1,11,0,3,0,0,0,0,0,0,0,1,1,1,48,8,3900,2,11,6,1,6