Accident_Index,Vehicle_Reference,Vehicle_Type,Towing_and_Articulation,Vehicle_Manoeuvre,Vehicle_Location-Restricted_Lane,Junction_Location,Skidding_and_Overturning,Hit_Object_in_Carriageway,Vehicle_Leaving_Carriageway,Hit_Object_off_Carriageway,1st_Point_of_Impact,Was_Vehicle_Left_Hand_Drive?,Journey_Purpose_of_Driver,Sex_of_Driver,Age_of_Driver,Age_Band_of_Driver,Engine_Capacity_(CC),Propulsion_Code,Age_of_Vehicle,Driver_IMD_Decile,Driver_Home_Area_Type,Vehicle_IMD_Decile
2016100061616,1,9,0,18,0,8,0,0,0,0,1,1,1,1,59,9,2191,2,1,6,1,6
2016100061616,2,9,0,18,0,8,0,0,0,0,1,1,1,2,43,7,1598,1,12,5,1,5
2016100061622,1,11,0,18,0,0,0,0,0,0,0,1,1,1,38,7,6700,2,5,2,1,2
2016100061638,1,11,0,17,0,0,0,0,0,0,0,1,1,3,-1,-1,-1,-1,-1,-1,-1,-1
2016100061638,2,3,0,17,0,0,0,0,0,0,4,1,6,1,20,4,124,1,11,2,1,2
2016100061647,1,9,0,18,0,0,0,0,0,0,1,1,5,2,25,5,1242,1,1,5,1,5
2016100061647,2,9,0,3,0,0,0,0,0,0,2,1,5,1,37,7,1198,1,1,5,1,5
2016100061715,1,9,0,18,0,8,0,0,0,0,1,1,2,1,24,5,1497,8,5,-1,-1,-1
2016100061715,2,9,0,3,0,8,0,0,0,0,2,1,2,2,26,6,1598,1,4,-1,-1,-1
2016100061725,1,98,1,12,0,0,0,0,0,0,3,1,6,3,-1,-1,-1,-1,-1,-1,-1,-1
2016100061725,2,9,0,13,0,0,0,0,0,0,4,1,5,1,55,8,1198,1,2,8,1,8
2016100061726,1,9,0,16,0,0,1,10,7,11,1,1,6,2,41,7,1896,2,11,-1,-1,-1
2016100061769,1,9,0,4,0,1,0,0,0,0,1,1,6,2,20,4,1398,1,-1,2,1,2
2016100061769,2,9,0,3,0,1,0,0,0,0,1,1,6,2,21,5,1461,2,2,3,1,3
2016100061803,1,9,0,4,0,1,0,0,0,0,1,1,5,1,66,10,2902,2,11,2,1,2
2016100061803,2,9,0,3,0,1,0,0,0,0,2,1,5,2,51,8,1998,2,4,7,1,7
2016100061808,1,9,0,17,0,1,1,0,4,1,1,1,6,1,22,5,2995,1,2,4,2,4
2016100061909,1,9,0,14,0,1,0,0,0,0,1,1,6,1,26,6,1998,1,13,7,1,7
2016100061909,2,9,0,9,0,6,0,0,0,0,1,1,6,2,18,4,1229,1,2,-1,-1,-1
2016100061941,1,9,0,10,0,1,0,0,0,0,2,1,5,2,23,5,-1,-1,-1,4,1,4
2016100061941,2,98,0,5,0,1,0,0,0,0,1,1,5,1,33,6,-1,-1,-1,-1,-1,-1
2016100061952,1,-1,0,9,0,1,0,0,0,0,1,1,6,3,-1,-1,-1,-1,-1,-1,-1,-1
2016100061952,2,9,0,9,0,1,0,0,0,0,3,1,6,2,32,6,1984,7,14,3,1,3
2016100062086,1,9,0,18,0,1,0,0,0,0,3,1,6,2,25,5,1395,1,1,-1,-1,-1
2016100062116,1,9,0,18,0,1,0,0,0,0,1,1,6,1,31,6,1248,2,6,6,1,6
2016100062116,2,9,0,3,0,1,0,0,0,0,2,1,6,2,33,6,1240,1,8,3,1,3
2016100062191,1,9,0,5,0,4,0,0,0,0,3,1,6,1,45,7,1686,2,4,-1,-1,-1
2016100062191,2,1,0,18,0,3,2,0,0,0,1,1,6,1,23,5,-1,-1,-1,-1,-1,-1
2016100062195,1,9,0,18,0,1,0,0,0,0,4,1,5,2,72,10,2184,2,11,10,1,10
2016100062195,2,1,0,18,0,1,5,0,0,0,1,1,6,1,21,5,-1,-1,-1,-1,-1,-1
2016100062198,1,9,0,18,0,0,0,0,1,4,1,1,2,1,21,5,-1,-1,-1,-1,-1,-1
2016100062198,2,9,0,18,0,0,0,0,4,6,2,1,6,1,46,8,1686,2,5,1,2,1
2016100062253,1,9,0,18,0,1,0,0,0,0,1,1,6,1,23,5,1199,1,14,2,1,2
2016100062253,2,19,0,3,0,1,0,0,0,0,2,1,5,1,25,5,1598,2,2,2,1,2
2016100062259,1,1,0,18,0,0,0,0,0,0,1,1,6,1,15,3,-1,-1,-1,-1,-1,-1
2016100062259,2,9,0,18,0,0,0,0,0,0,1,1,5,2,71,10,1240,1,13,3,1,3
2016100062298,1,11,0,18,0,0,0,0,0,0,0,1,1,1,62,9,6692,2,4,10,1,10
2016100062300,1,9,0,3,0,4,0,0,0,0,2,1,5,2,44,7,999,1,-1,1,2,1
2016100062300,2,9,0,18,0,4,0,0,0,0,1,1,5,1,24,5,1781,1,14,3,1,3
2016100062319,1,9,0,18,0,2,0,0,0,0,1,1,6,1,23,5,1896,2,15,7,2,7
2016100062319,2,9,0,3,0,2,0,0,0,0,2,1,5,1,71,10,1242,1,4,5,1,5
2016100062329,1,19,0,18,0,0,0,0,0,0,1,1,6,1,34,6,2198,2,1,-1,-1,-1
2016100062329,2,9,0,4,0,0,0,0,0,0,2,1,6,2,23,5,999,1,3,8,1,8
2016100062329,3,9,0,4,0,0,0,0,0,0,2,1,6,1,19,4,1362,1,2,1,1,1
2016100062439,1,9,0,9,0,6,0,0,0,0,3,1,2,1,55,8,2967,2,1,10,2,10
2016100062439,2,9,0,18,0,8,0,0,0,0,1,1,5,1,22,5,2204,2,9,2,1,2
2016100062521,1,9,0,12,0,8,0,0,0,0,1,1,5,2,44,7,1598,1,3,-1,-1,-1
2016100062521,2,19,0,18,0,8,0,0,0,0,4,1,1,1,54,8,2148,2,7,8,1,8
2016100062586,1,9,0,1,0,0,0,0,0,0,2,1,1,1,38,7,-1,-1,-1,3,1,3
2016100062586,2,19,0,2,0,0,0,0,0,0,0,1,1,1,40,7,2998,2,-1,3,1,3
2016100062716,1,9,0,18,0,1,0,0,0,0,1,1,6,2,27,6,1598,1,6,4,3,4
2016100062716,2,9,0,3,0,1,0,0,0,0,2,1,6,2,47,8,1399,2,5,8,2,8
2016100062770,1,9,0,18,0,1,1,0,0,0,1,1,1,2,28,6,1968,2,2,-1,-1,-1
2016100062770,2,9,0,18,0,1,0,0,0,0,2,1,1,2,33,6,1598,1,12,-1,-1,-1
2016100062770,3,9,0,18,0,1,0,0,0,0,2,1,5,2,45,7,1248,2,4,-1,-1,-1
2016100062822,1,9,0,7,0,0,2,0,1,0,4,1,1,1,28,6,1396,1,17,4,3,4
2016100062825,1,9,0,4,0,1,0,0,1,0,1,1,6,2,39,7,1685,2,4,3,3,3
2016100062825,2,9,0,8,0,1,0,0,0,0,2,1,6,2,21,5,1388,1,6,5,1,5
2016100062866,1,9,0,6,0,0,0,0,0,0,4,1,5,2,22,5,1598,2,4,1,1,1
2016100062866,2,5,0,18,0,0,2,4,0,0,1,1,6,1,30,6,599,1,20,1,1,1
2016100062866,3,9,0,2,0,0,0,0,0,0,2,1,6,3,-1,-1,-1,-1,-1,-1,-1,-1
2016100062871,1,9,0,18,0,6,0,0,0,0,1,1,1,1,43,7,-1,-1,-1,5,1,5
2016100062871,2,9,0,18,0,1,0,0,0,0,4,1,1,1,57,9,-1,-1,-1,-1,-1,-1
2016100062873,1,19,0,18,0,0,0,0,0,0,1,1,1,1,45,7,2198,2,3,-1,-1,-1
2016100062905,1,9,0,9,0,8,0,0,0,0,3,1,5,1,66,10,1968,2,3,4,1,4
2016100062905,2,9,0,18,0,1,0,0,0,0,1,1,5,2,24,5,1229,1,1,4,1,4
2016100062921,1,1,0,18,0,6,0,0,0,0,1,1,6,1,51,8,-1,-1,-1,6,1,6
2016100062921,2,9,0,18,0,5,0,0,0,0,4,1,6,2,69,10,1986,2,10,5,1,5
2016100062922,1,9,0,18,0,8,0,7,0,0,1,1,6,1,45,7,998,1,1,2,1,2
2016100062926,1,2,0,18,0,1,0,0,0,0,1,1,6,3,-1,-1,-1,-1,-1,-1,-1,-1
2016100062926,2,9,0,18,0,1,0,0,0,0,4,1,1,1,36,7,1896,2,11,-1,-1,-1
2016100062927,1,9,0,7,0,0,0,0,1,11,1,1,5,1,81,11,2926,2,14,3,1,3
2016100062927,2,9,0,2,0,0,0,0,0,0,1,1,5,1,35,6,1339,1,7,10,1,10
2016100062934,1,19,0,18,0,0,0,0,0,0,1,1,5,1,33,6,2148,2,7,3,1,3
2016100062934,2,9,0,18,0,0,0,0,0,0,2,1,2,2,46,8,1560,2,6,6,3,6
2016100062934,3,9,0,18,0,0,0,0,0,0,2,1,1,2,49,8,1956,2,4,8,1,8
2016100062934,4,9,0,18,0,0,0,0,0,0,2,1,2,2,23,5,1388,1,11,8,1,8
2016100062934,5,19,0,18,0,0,0,0,0,0,2,1,1,1,44,7,1997,2,3,1,1,1
2016100062939,1,9,0,9,0,5,0,0,0,0,1,1,5,1,50,8,-1,-1,-1,3,1,3
2016100062939,2,3,0,18,0,1,0,0,0,0,1,1,5,1,24,5,125,1,6,1,1,1
2016100062952,1,1,0,18,9,1,0,4,0,0,1,1,6,1,27,6,-1,-1,-1,-1,-1,-1
2016100062952,2,90,0,18,0,1,0,0,0,0,4,1,1,1,36,7,-1,-1,-1,-1,-1,-1
2016100062987,1,9,0,4,0,0,0,0,0,0,1,1,5,1,28,6,1399,2,13,1,1,1
2016100062987,2,9,0,4,0,0,0,0,0,0,2,1,1,1,48,8,-1,-1,-1,-1,-1,-1
2016100063026,1,9,0,18,0,0,0,0,0,0,1,1,5,2,26,6,1870,2,12,1,1,1
2016100063097,1,11,0,18,0,1,0,0,0,0,0,1,1,1,52,8,6692,2,4,1,1,1
2016100063116,1,9,0,14,0,2,0,0,1,0,1,1,6,3,-1,-1,2148,2,9,-1,-1,-1
2016100063116,2,9,0,2,0,2,0,0,0,0,0,1,6,3,-1,-1,-1,-1,-1,-1,-1,-1
2016100063222,1,9,0,16,0,0,1,0,7,4,1,1,5,1,41,7,1995,2,8,7,1,7
2016100063222,2,5,0,18,0,0,0,0,0,0,4,1,5,2,53,8,599,1,7,8,2,8
2016100063313,1,8,0,9,0,0,0,0,0,0,4,1,5,1,46,8,1956,2,6,2,1,2
2016100063313,2,5,0,18,0,0,1,0,0,0,1,1,6,1,34,6,999,1,6,-1,-1,-1
2016100063429,1,9,0,12,0,3,0,0,0,0,3,1,6,3,-1,-1,999,1,15,-1,-1,-1
2016100063429,2,9,0,18,0,3,0,0,0,0,4,1,6,1,46,8,1997,2,1,1,1,1
2016100063715,1,9,0,18,0,0,0,0,0,0,1,1,5,2,27,6,1198,1,2,-1,-1,-1
2016100063715,2,9,0,4,0,0,0,0,0,0,2,1,1,2,21,5,1368,1,1,-1,-1,-1
2016100063716,1,9,0,18,0,1,0,0,0,0,1,1,6,2,69,10,1997,2,2,10,1,10
2016100063716,2,9,0,3,0,1,0,0,0,0,2,1,6,1,20,4,1397,1,16,6,1,6
2016100063719,1,1,0,18,0,1,0,0,0,0,1,1,6,2,29,6,-1,-1,-1,1,1,1
2016100063719,2,9,0,4,0,1,0,0,0,0,1,1,6,1,53,8,1398,2,8,1,1,1
2016100063725,1,9,0,18,0,0,0,0,0,0,1,1,5,1,36,7,1995,2,12,-1,-1,-1
2016100063725,2,8,0,18,0,0,0,0,0,0,1,1,1,1,47,8,1968,2,6,6,2,6
2016100063728,1,9,0,16,0,4,1,9,5,2,1,1,5,1,50,8,3246,1,12,-1,-1,-1
2016100063728,2,9,0,9,0,4,0,0,0,0,4,1,5,2,47,8,1598,1,11,-1,-1,-1
2016100063747,1,9,0,18,0,2,0,0,0,0,1,1,5,2,33,6,1329,1,2,9,2,9
2016100063747,2,9,0,18,0,8,0,0,0,0,3,1,5,1,42,7,1598,1,13,3,1,3
2016100063749,1,9,0,18,0,1,0,0,0,0,1,1,6,1,23,5,1598,1,3,-1,-1,-1
2016100063749,2,1,0,18,0,1,0,0,0,0,1,1,5,1,14,3,-1,-1,-1,8,1,8
2016100063752,1,9,0,18,0,2,0,0,0,0,1,1,5,1,65,9,1560,2,4,-1,-1,-1
2016100063752,2,1,0,18,0,2,0,0,0,0,3,1,5,1,21,5,-1,-1,-1,-1,-1,-1
2016100063857,1,-1,0,9,0,1,0,0,0,0,1,1,6,3,-1,-1,-1,-1,-1,-1,-1,-1
2016100063871,1,9,0,13,0,2,0,0,0,0,4,1,6,1,-1,-1,1497,8,9,4,1,4
2016100063871,2,1,0,18,0,2,0,0,0,0,4,1,3,2,31,6,-1,-1,-1,9,1,9
2016100063908,1,9,0,18,0,4,0,0,0,0,4,1,6,3,-1,-1,-1,-1,-1,-1,-1,-1
2016100063908,2,1,0,9,0,8,0,0,0,0,2,1,6,1,23,5,-1,-1,-1,7,1,7
2016100063916,1,9,0,18,0,0,0,0,0,0,3,1,6,1,51,8,1587,1,15,2,1,2
2016100063916,2,8,0,14,0,0,0,0,0,0,4,1,1,1,41,7,1598,2,1,4,1,4
2016100064016,1,8,0,13,0,1,0,0,0,0,1,1,1,1,59,9,-1,-1,-1,-1,-1,-1
2016100064016,2,9,0,4,0,1,0,0,0,0,2,1,2,2,45,7,1560,2,5,-1,-1,-1
2016100064043,1,9,0,18,0,0,0,0,0,0,1,1,5,2,35,6,-1,-1,-1,-1,-1,-1
2016100064043,2,9,0,18,0,0,0,0,0,0,2,1,5,2,60,9,1242,1,14,5,1,5
2016100064091,1,11,0,3,0,0,0,0,0,0,4,1,1,1,58,9,4760,2,4,3,1,3
2016100064095,1,9,0,18,0,1,0,0,0,0,1,1,1,1,46,8,2295,1,16,-1,-1,-1
2016100064095,2,9,0,3,0,1,0,0,0,0,2,1,6,1,60,9,1398,1,3,10,1,10
2016100064095,3,9,0,3,0,1,0,0,0,0,2,1,6,1,57,9,1956,2,7,3,1,3
2016100064105,1,9,0,18,0,1,0,0,0,0,1,1,6,1,74,10,-1,-1,-1,2,1,2
2016100064142,1,1,0,18,0,0,0,0,0,0,4,1,5,2,7,2,-1,-1,-1,-1,-1,-1
2016100064142,2,9,0,16,0,0,0,0,0,0,1,1,5,2,64,9,998,1,1,5,1,5
2016100064145,1,9,0,18,0,0,0,0,0,0,3,1,5,1,30,6,1198,1,2,5,1,5
2016100064179,1,9,0,9,0,5,0,0,0,0,4,1,2,1,60,9,1248,2,7,8,3,8
2016100064179,2,19,0,18,0,8,1,0,0,0,1,1,2,1,28,6,1248,2,5,4,1,4
2016100064216,1,9,0,18,0,0,0,0,0,0,1,1,1,1,25,5,1587,1,11,10,1,10
2016100064216,2,9,0,18,0,0,0,0,0,0,1,1,1,1,37,7,-1,-1,-1,5,1,5
2016100064220,1,9,0,9,0,8,0,0,0,0,1,1,6,1,36,7,-1,-1,-1,9,1,9
2016100064220,2,1,0,18,0,1,0,0,0,0,1,1,6,1,53,8,-1,-1,-1,4,1,4
2016100064237,1,1,0,18,0,4,0,0,0,0,1,1,6,1,41,7,-1,-1,-1,2,1,2
2016100064237,2,9,0,18,0,8,0,0,0,0,4,1,5,1,46,8,1591,1,1,1,1,1
2016100064247,1,9,0,4,0,0,0,0,0,0,1,1,6,1,42,7,-1,-1,-1,1,1,1
2016100064247,2,9,0,3,0,0,0,0,0,0,2,1,6,2,18,4,1197,1,3,6,1,6
2016100064323,1,9,0,18,0,6,0,0,3,0,1,1,5,1,26,6,1988,1,13,1,1,1
2016100064323,2,9,0,18,0,8,0,0,1,0,3,1,5,1,25,5,1461,2,-1,9,1,9
2016100064323,3,10,0,2,9,2,0,0,0,0,4,1,6,1,-1,-1,1968,2,5,7,1,7
2016100064331,1,9,0,18,0,3,0,0,0,0,1,1,6,1,36,7,1910,2,10,1,1,1
2016100064331,2,9,0,3,0,2,0,0,0,0,2,1,6,2,46,8,1197,1,4,5,1,5
2016100064331,3,19,0,3,0,2,0,0,0,0,2,1,6,2,34,6,1870,2,10,-1,-1,-1
2016100064443,1,1,0,4,0,8,0,0,0,0,3,1,2,1,44,7,-1,-1,-1,2,3,2
2016100064443,2,9,0,18,0,8,0,0,0,0,1,1,5,1,72,10,875,1,2,4,2,4
2016100064450,1,9,0,9,0,8,0,0,0,0,3,1,6,1,48,8,1998,2,11,2,1,2
2016100064450,2,9,0,9,0,8,0,0,0,0,3,1,5,1,25,5,898,1,-1,-1,-1,-1
2016100064484,1,21,0,18,0,2,0,0,0,0,4,1,1,1,46,8,-1,2,12,-1,-1,-1
2016100064507,1,9,0,18,0,0,0,0,0,0,1,1,6,1,27,6,1388,1,12,1,1,1
2016100064507,2,9,0,18,0,0,0,0,0,0,2,1,1,1,48,8,2993,2,1,-1,-1,-1
2016100064507,3,9,0,18,0,0,0,0,0,0,4,1,1,1,37,7,2967,2,2,-1,-1,-1
2016100064516,1,11,0,18,0,1,0,0,0,0,0,1,6,1,59,9,9000,2,9,10,1,10
2016100064580,1,9,0,5,0,1,0,0,0,0,1,1,5,2,18,4,999,1,2,-1,-1,-1
2016100064580,2,19,0,3,0,1,0,0,0,0,1,1,6,1,40,7,2143,2,5,2,1,2
2016100064580,3,9,0,5,0,1,0,0,0,0,2,1,6,1,40,7,2143,2,4,-1,-1,-1
2016100064589,1,11,0,18,2,6,0,0,0,0,1,1,1,1,51,8,4760,2,3,4,1,4
2016100064619,1,9,0,18,0,1,0,0,0,0,1,1,5,2,58,9,1242,1,8,4,1,4
2016100064619,2,9,0,18,0,8,0,0,0,0,4,1,5,2,25,5,999,1,9,4,1,4
2016100064651,1,9,0,18,0,1,0,0,0,0,1,1,6,2,25,5,1560,2,4,3,1,3
2016100064651,2,9,0,3,0,1,0,0,0,0,2,1,2,1,55,8,1998,2,8,4,1,4
2016100064659,1,9,0,18,0,0,0,0,0,0,1,1,5,1,36,7,1968,2,11,3,2,3
2016100064682,1,-1,0,1,0,0,0,0,0,0,3,1,6,3,-1,-1,-1,-1,-1,-1,-1,-1
2016100064682,2,1,0,1,0,0,0,0,0,0,3,1,5,1,16,4,-1,-1,-1,9,1,9
2016100064710,1,8,0,18,0,0,0,0,0,0,1,1,6,1,49,8,1896,2,12,-1,-1,-1
2016100064710,2,8,0,2,0,0,0,0,0,0,2,1,5,1,44,7,2143,2,6,2,1,2
2016100064744,1,9,0,18,0,1,0,0,0,0,1,1,6,2,76,11,999,1,4,5,1,5
2016100064779,1,9,0,5,0,8,0,0,0,0,1,1,5,2,32,6,1796,2,3,-1,-1,-1
2016100064779,2,3,0,18,0,8,0,0,1,0,1,1,5,1,17,4,124,1,15,-1,-1,-1
2016100064848,1,9,0,17,0,0,0,0,0,0,1,1,5,2,30,6,1360,1,11,5,1,5
2016100064848,2,9,0,17,0,0,0,0,0,0,3,1,5,1,38,7,1956,2,1,4,1,4
2016100064848,3,9,0,2,0,0,0,0,0,0,2,1,6,1,57,9,-1,3,2,3,1,3
2016100064909,1,11,0,5,0,1,0,0,0,0,0,1,1,1,52,8,6700,2,4,1,1,1
2016100064909,2,9,0,5,0,1,0,0,0,0,0,1,6,3,33,6,-1,-1,-1,-1,-1,-1
2016100064916,1,9,0,5,0,1,0,0,0,0,1,1,6,1,27,6,1240,1,13,1,1,1
2016100064916,2,9,0,3,0,1,0,0,0,0,2,1,6,2,51,8,1240,1,11,9,1,9
2016100065016,1,9,0,18,0,1,0,0,0,0,1,1,6,3,-1,-1,-1,-1,-1,-1,-1,-1
2016100065016,2,9,0,3,0,1,0,0,0,0,2,1,6,2,55,8,-1,-1,-1,2,1,2
2016100065040,1,9,0,18,0,1,0,0,0,0,1,1,6,1,21,5,2143,2,4,7,3,7
2016100065040,2,8,0,10,0,1,0,0,0,0,2,1,1,1,24,5,1968,2,10,1,1,1
2016100065056,1,-1,0,18,0,0,0,0,0,0,1,1,6,3,-1,-1,-1,-1,-1,-1,-1,-1
2016100065056,2,1,0,18,0,0,0,0,0,0,1,1,5,2,9,2,-1,-1,-1,-1,-1,-1
2016100065101,1,97,0,18,0,1,0,0,0,0,1,1,6,3,-1,-1,-1,-1,-1,-1,-1,-1
2016100065101,2,9,0,9,0,8,0,0,0,0,3,1,6,2,34,6,1242,1,5,4,1,4
2016100065121,1,9,0,9,0,8,0,0,0,0,1,1,6,1,26,6,1248,1,6,3,1,3
2016100065121,2,9,0,18,0,8,0,0,0,0,1,1,6,2,31,6,1149,1,13,5,1,5
2016100065216,1,21,0,18,0,3,0,0,0,0,4,1,1,1,-1,-1,6692,2,4,9,1,9
2016100065216,2,9,0,18,0,3,0,0,0,0,3,1,1,1,20,4,1461,2,1,4,1,4
2016100065323,1,11,0,18,0,1,0,0,0,0,0,1,1,1,45,7,9000,5,2,-1,-1,-1
2016100065325,1,9,0,9,0,1,0,0,0,0,3,1,1,2,21,5,1149,1,13,1,1,1
2016100065415,1,9,0,18,0,8,0,0,0,0,1,1,1,1,54,8,1997,2,6,-1,-1,-1
2016100065415,2,9,0,5,0,4,0,0,0,0,1,1,1,1,42,7,-1,-1,-1,-1,-1,-1
2016100065516,1,9,0,1,0,2,0,0,0,0,2,1,6,2,44,7,1997,2,8,7,1,7
2016100065616,1,9,0,18,0,0,0,0,0,0,4,1,6,1,69,10,1598,1,4,-1,-1,-1
2016100065755,1,9,0,18,0,1,0,0,0,0,1,1,5,1,23,5,1896,2,13,-1,-1,-1
2016100065755,2,9,0,3,0,1,0,0,0,0,1,1,5,2,21,5,1149,1,6,2,1,2
2016100065826,1,9,0,5,0,8,0,0,0,0,1,1,5,2,63,9,-1,-1,-1,1,1,1
2016100065826,2,3,0,18,0,8,0,0,0,0,1,1,5,1,19,4,124,1,5,4,1,4
2016100065858,1,97,0,18,0,1,0,0,0,0,1,1,5,1,21,5,-1,-1,-1,6,2,6
2016100065858,2,9,0,4,0,1,0,0,0,0,2,1,1,2,40,7,1242,1,5,8,2,8
2016100065907,1,9,0,3,0,0,0,0,0,0,1,1,6,2,46,8,1999,1,9,4,3,4
2016100065907,2,9,0,3,0,0,0,0,0,0,2,1,5,2,21,5,1197,1,4,6,1,6
2016100065916,1,9,0,7,0,4,0,0,0,0,3,1,6,1,85,11,998,1,5,8,1,8
2016100065916,2,9,0,18,0,8,0,0,0,0,4,1,6,1,35,6,1910,2,9,2,1,2
2016100065971,1,9,0,18,0,1,0,0,0,0,4,1,1,1,40,7,-1,-1,-1,6,2,6
2016100066057,1,9,0,18,0,0,0,0,0,0,1,1,6,1,17,4,1229,1,1,8,1,8
2016100066057,2,9,0,4,0,0,0,0,0,0,2,1,6,1,38,7,1995,2,6,5,1,5
2016100066057,3,9,0,4,0,0,0,0,0,0,2,1,6,2,38,7,1686,2,6,4,1,4
2016100066067,1,5,0,17,0,1,1,0,1,0,3,1,5,1,45,7,599,1,16,-1,-1,-1
2016100066071,1,21,4,5,0,4,0,0,0,0,1,1,1,1,29,6,10308,2,4,-1,-1,-1
2016100066071,2,9,0,3,0,1,0,0,1,0,2,1,2,2,60,9,1461,2,2,-1,-1,-1
2016100066098,1,9,0,14,0,0,0,0,0,0,4,1,6,1,-1,-1,1596,1,10,8,1,8
2016100066098,2,9,0,2,0,0,0,0,0,0,4,1,6,3,-1,-1,-1,-1,-1,-1,-1,-1
2016100066170,1,9,0,18,0,1,0,0,0,0,1,1,6,2,44,7,1598,1,7,9,1,9
2016100066170,2,2,0,3,0,1,0,0,0,0,2,1,2,1,16,4,49,1,-1,7,3,7
2016100066183,1,9,0,7,0,4,0,0,0,0,0,1,6,3,-1,-1,2987,2,6,-1,-1,-1
2016100066183,2,11,0,18,-1,-1,0,0,0,0,0,1,1,1,50,8,6370,2,6,3,1,3
2016100066184,1,9,0,10,0,1,0,0,0,0,2,1,6,2,54,8,1242,1,5,9,1,9
2016100066184,2,9,0,18,0,1,0,0,0,0,1,1,6,3,-1,-1,1900,2,16,-1,-1,-1
2016100066224,1,9,0,9,0,5,0,0,0,0,0,1,5,2,25,5,1968,2,5,1,1,1
2016100066224,2,1,0,18,0,8,0,0,0,0,0,1,5,1,47,8,-1,-1,-1,9,1,9
2016100066279,1,9,0,18,0,4,0,0,0,0,1,1,6,2,72,10,998,1,10,-1,-1,-1
2016100066279,2,9,0,18,0,6,0,0,0,0,4,1,6,2,36,7,998,1,10,-1,-1,-1
2016100066379,1,9,0,5,0,8,0,0,0,0,1,1,5,2,36,7,1386,1,10,2,1,2
2016100066379,2,9,0,18,0,1,1,0,1,0,1,1,6,2,39,7,1560,2,5,4,2,4
2016100066385,1,9,0,5,0,8,0,0,0,0,3,1,5,1,36,7,2179,2,4,-1,-1,-1
2016100066395,1,9,0,18,0,1,0,10,1,0,1,1,5,2,80,11,1198,1,3,8,1,8
2016100066395,2,9,0,10,0,1,0,0,0,0,2,1,1,2,44,7,1197,1,1,-1,-1,-1
2016100066395,3,9,0,18,0,1,0,0,0,0,3,1,5,1,53,8,1896,2,12,4,1,4
2016100066433,1,8,0,3,0,1,0,0,0,0,2,1,5,1,39,7,1896,2,8,3,1,3
2016100066433,2,9,0,18,0,1,0,0,0,0,1,1,5,1,36,7,1598,1,13,-1,-1,-1
2016100066470,1,11,0,18,0,8,0,0,0,0,1,1,1,1,56,9,9360,2,2,1,1,1
2016100066535,1,9,0,4,0,0,0,0,0,0,1,1,1,1,24,5,1686,2,8,10,1,10
2016100066535,2,9,0,4,0,0,0,0,0,0,2,1,1,1,66,10,-1,-1,-1,3,1,3
2016100066606,1,98,0,8,0,5,0,0,0,0,4,1,6,3,-1,-1,-1,-1,-1,-1,-1,-1
2016100066606,2,1,0,2,9,1,0,0,0,0,4,1,6,2,21,5,-1,-1,-1,-1,-1,-1
2016100066620,1,9,0,18,0,1,0,0,0,0,1,1,6,2,-1,-1,998,1,-1,-1,-1,-1
2016100066620,2,1,0,7,0,3,0,0,0,0,2,1,1,1,36,7,-1,-1,-1,6,1,6
2016100066635,1,8,0,5,0,1,0,0,0,0,0,1,1,3,-1,-1,-1,-1,-1,-1,-1,-1
2016100066658,1,9,0,9,0,6,0,0,0,0,3,1,5,1,77,11,1796,1,14,-1,-1,-1
2016100066658,2,9,0,18,0,8,0,0,0,0,1,1,1,1,59,9,2231,2,5,9,3,9
2016100066816,1,9,0,18,0,8,0,0,0,0,1,1,2,1,18,4,973,1,13,2,1,2
2016100066816,2,9,0,18,0,8,0,0,0,0,2,1,2,1,29,6,1995,2,5,2,1,2
2016100066839,1,9,0,16,0,0,0,0,0,0,1,1,6,1,69,10,2099,1,11,6,1,6
2016100066839,2,9,0,3,0,0,0,0,0,0,2,1,6,1,21,5,1590,1,11,1,1,1
2016100066883,1,9,0,18,0,1,0,0,0,0,1,1,6,2,33,6,2993,2,10,4,1,4
2016100066883,2,9,0,3,0,1,0,0,0,0,2,1,6,2,42,7,-1,-1,-1,4,2,4
2016100066911,1,98,0,9,0,5,0,0,0,0,1,1,6,1,49,8,-1,-1,-1,-1,-1,-1
2016100066911,2,5,0,18,0,1,0,0,0,0,1,1,6,1,47,8,600,1,14,2,1,2
2016100066916,1,9,0,9,0,2,0,0,0,0,3,1,6,2,27,6,1388,1,17,2,1,2
2016100066916,2,9,0,17,0,1,0,0,0,1,0,1,6,2,54,8,1149,1,8,8,1,8
2016100066919,1,3,0,18,0,0,0,0,0,0,1,1,2,2,27,6,125,1,2,8,2,8
2016100066919,2,3,0,3,0,0,0,0,0,0,2,1,2,1,19,4,124,1,3,5,1,5
2016100066920,1,9,0,18,0,1,0,0,0,0,4,1,5,1,67,10,1248,1,2,5,1,5
2016100066920,2,9,0,9,0,1,5,0,0,0,3,1,6,1,20,4,-1,-1,-1,2,1,2
2016100066956,1,9,0,2,0,0,0,0,0,0,2,1,6,2,59,9,1998,2,10,6,1,6
2016100066956,2,1,0,18,0,0,0,0,0,0,1,1,6,1,34,6,-1,-1,-1,-1,-1,-1
2016100066961,1,9,0,9,0,5,0,0,0,0,4,1,5,1,41,7,-1,-1,-1,4,1,4
2016100067016,1,9,0,18,0,0,0,0,0,0,4,1,2,1,35,6,1149,1,15,9,1,9