Accident_Index,Vehicle_Reference,Vehicle_Type,Towing_and_Articulation,Vehicle_Manoeuvre,Vehicle_Location-Restricted_Lane,Junction_Location,Skidding_and_Overturning,Hit_Object_in_Carriageway,Vehicle_Leaving_Carriageway,Hit_Object_off_Carriageway,1st_Point_of_Impact,Was_Vehicle_Left_Hand_Drive?,Journey_Purpose_of_Driver,Sex_of_Driver,Age_of_Driver,Age_Band_of_Driver,Engine_Capacity_(CC),Propulsion_Code,Age_of_Vehicle,Driver_IMD_Decile,Driver_Home_Area_Type,Vehicle_IMD_Decile
2016100079016,2,9,0,5,0,1,0,0,0,0,1,1,5,1,19,4,1390,1,7,2,1,2
2016100079019,1,9,0,5,0,4,0,0,0,0,3,1,2,2,47,8,2987,2,9,-1,-1,-1
2016100079019,2,1,0,18,0,8,0,0,0,0,1,1,6,1,49,8,-1,-1,-1,8,1,8
2016100079078,1,19,0,18,0,0,0,0,0,0,1,1,6,1,48,8,2402,2,7,3,1,3
2016100079078,2,9,0,4,0,0,0,0,0,0,2,1,1,1,36,7,-1,-1,-1,1,1,1
2016100079107,1,10,0,18,0,0,0,0,0,0,4,1,6,1,19,4,2198,2,2,1,1,1
2016100079116,1,11,0,9,0,6,0,0,0,0,4,1,1,1,61,9,6370,2,8,4,1,4
2016100079116,2,1,0,18,0,8,0,0,0,0,1,1,6,1,44,7,-1,-1,-1,-1,-1,-1
2016100079177,1,9,0,9,0,1,0,0,0,0,1,1,6,1,41,7,998,1,12,2,1,2
2016100079177,2,9,0,18,0,2,0,0,0,0,1,1,6,1,17,4,1999,1,12,3,1,3
2016100079192,1,19,0,18,0,1,0,0,0,0,1,1,1,1,49,8,2143,2,2,1,3,1
2016100079192,2,9,0,8,0,1,0,0,0,0,2,1,2,2,24,5,999,1,1,7,1,7
2016100079216,1,9,0,18,0,0,0,0,0,0,1,1,6,1,75,10,1995,2,1,6,2,6
2016100079242,1,8,0,5,0,0,0,0,0,0,-1,1,1,3,-1,-1,1997,2,13,-1,-1,-1
2016100079316,1,11,0,5,2,0,0,0,0,0,4,1,1,3,-1,-1,6871,2,13,-1,-1,-1
2016100079434,1,9,0,18,0,0,1,0,0,0,1,1,5,2,56,9,1997,2,11,9,1,9
2016100079434,2,9,0,4,0,0,1,0,0,0,2,1,5,1,17,4,1398,1,2,9,3,9
2016100079434,3,9,0,4,0,0,1,0,0,0,2,1,5,1,66,10,2099,2,9,9,1,9
2016100079481,1,9,0,18,0,0,0,0,0,0,1,1,5,1,60,9,2993,2,2,3,3,3
2016100079481,2,9,0,18,0,0,0,0,0,0,2,1,6,2,61,9,1386,1,8,4,1,4
2016100079481,3,10,0,18,0,0,0,0,0,0,2,1,5,1,58,9,2143,2,4,-1,3,-1
2016100079482,1,9,0,18,0,0,0,0,1,0,1,1,5,1,28,6,1686,2,13,8,3,8
2016100079482,2,19,0,2,6,0,0,0,0,0,3,1,1,1,45,7,1968,2,4,-1,-1,-1
2016100079482,3,9,0,2,6,0,0,0,1,0,3,1,5,1,72,10,1984,1,-1,10,1,10
2016100079484,1,5,0,4,0,0,2,0,0,0,3,1,2,1,50,8,885,1,19,4,1,4
2016100079492,1,21,0,9,0,6,0,0,0,0,1,1,6,1,37,7,-1,-1,-1,-1,-1,-1
2016100079492,2,9,0,18,0,1,1,0,0,0,1,1,6,1,29,6,3222,2,12,6,1,6
2016100079572,1,9,0,5,0,0,0,0,0,0,2,1,5,1,73,10,1997,1,5,9,1,9
2016100079572,2,9,0,18,0,0,5,0,0,0,1,1,2,2,37,7,1388,1,14,7,1,7
2016100079573,1,9,0,9,0,5,0,0,0,0,4,1,5,1,34,6,-1,-1,-1,2,1,2
2016100079573,2,3,0,18,0,8,0,0,0,0,1,1,5,1,23,5,125,1,-1,2,1,2
2016100079593,1,9,0,18,0,0,5,10,1,0,4,1,5,1,45,7,1742,1,-1,-1,-1,-1
2016100079679,1,9,0,18,0,0,0,4,0,0,3,1,6,1,42,7,998,1,14,1,1,1
2016100079679,2,9,0,2,0,0,0,0,0,0,4,1,6,1,33,6,1995,2,2,-1,-1,-1
2016100079691,1,9,0,17,0,0,0,0,0,0,0,1,6,3,-1,-1,-1,-1,-1,-1,-1,-1
2016100079691,2,9,0,16,0,0,0,0,1,3,4,1,6,2,20,4,1229,1,8,-1,-1,-1
2016100079716,1,3,0,16,0,1,5,10,0,0,1,1,6,2,21,5,125,1,5,5,1,5
2016100079749,1,11,0,18,0,1,0,0,0,0,0,1,1,1,32,6,3900,2,11,1,1,1
2016100079824,1,9,0,12,0,0,0,0,0,0,2,1,6,1,56,9,1997,1,1,1,1,1
2016100079824,2,97,0,18,0,0,0,0,0,0,3,1,6,1,26,6,-1,-1,-1,2,1,2
2016100079916,1,11,0,18,0,1,0,0,0,0,0,1,1,1,64,9,4250,2,3,6,1,6
2016100079961,1,9,0,3,0,0,5,2,7,0,2,1,5,1,48,8,1248,1,6,-1,-1,-1
2016100079961,2,21,0,3,0,0,0,0,0,0,0,1,1,1,60,9,6370,2,7,-1,-1,-1
2016100080066,1,9,0,18,0,1,0,0,0,0,1,1,6,2,26,6,1199,1,14,4,2,4
2016100080066,2,9,0,3,0,1,0,0,0,0,2,1,1,1,41,7,1686,2,2,-1,-1,-1
2016100080121,1,9,0,18,0,8,0,0,0,0,1,1,6,2,33,6,3200,1,13,4,2,4
2016100080133,1,9,0,18,0,0,0,0,0,0,1,1,6,2,22,5,1461,2,-1,6,2,6
2016100080133,2,9,0,3,0,0,0,0,0,0,2,1,6,1,50,8,1796,1,9,3,1,3
2016100080133,3,9,0,3,0,0,0,0,0,0,2,1,6,1,35,6,1986,2,7,5,1,5
2016100080230,1,9,0,5,0,6,0,0,0,0,4,1,6,2,62,9,1461,2,3,6,3,6
2016100080230,2,9,0,18,0,8,0,0,0,0,1,1,6,1,68,10,1870,2,7,2,3,2
2016100080416,1,9,0,18,0,1,0,0,0,0,1,1,6,3,-1,-1,-1,-1,-1,-1,-1,-1
2016100080416,2,9,0,10,0,1,0,0,0,0,2,1,6,2,47,8,1229,1,11,4,1,4
2016100080516,1,9,0,18,0,2,1,0,0,0,1,1,6,1,46,8,1390,1,17,9,1,9
2016100080535,1,9,0,18,0,1,0,0,0,0,1,1,2,1,22,5,1598,1,6,5,1,5
2016100080647,1,11,0,18,0,1,0,0,0,0,1,1,1,1,62,9,-1,2,7,6,1,6
2016100080680,1,9,0,18,0,1,0,0,0,0,1,1,6,3,-1,-1,-1,-1,-1,-1,-1,-1
2016100080680,2,1,0,18,0,1,1,0,0,0,2,1,5,1,23,5,-1,-1,-1,7,1,7
2016100080712,1,9,4,18,0,1,0,11,0,0,0,1,5,1,59,9,1997,2,7,5,3,5
2016100080712,2,9,0,18,0,2,2,0,0,0,1,1,5,1,52,8,1399,2,9,3,1,3
2016100080767,1,9,0,5,0,0,0,0,0,0,3,1,5,1,41,7,4163,1,12,6,1,6
2016100080816,1,9,0,9,0,6,0,0,0,0,1,1,1,1,60,9,1598,2,2,2,1,2
2016100080983,1,9,0,18,0,0,0,10,0,0,3,1,1,1,-1,-1,-1,-1,-1,-1,-1,-1
2016100081016,1,9,0,18,0,6,0,0,0,0,1,1,2,1,26,6,1895,1,17,5,2,5
2016100081016,2,9,0,18,0,8,0,0,0,0,3,1,2,1,59,9,1229,1,5,10,1,10
2016100081016,3,21,0,18,0,2,0,0,0,0,4,2,1,1,38,7,-1,-1,-1,-1,-1,-1
2016100081043,1,9,0,1,0,2,0,0,0,0,3,1,1,1,22,5,1596,1,8,4,1,4
2016100081043,2,9,0,2,0,2,0,0,0,0,4,1,5,1,71,10,1560,2,3,7,1,7
2016100081116,1,-1,0,18,0,8,0,0,0,0,0,1,6,2,-1,-1,-1,-1,-1,-1,-1,-1
2016100081116,2,9,0,18,0,8,0,0,0,0,0,1,1,3,-1,-1,-1,-1,-1,-1,-1,-1
2016100081116,3,11,0,5,0,6,0,0,0,0,0,1,1,1,26,6,4760,2,3,2,2,2
2016100081139,1,9,0,5,0,4,0,0,0,0,3,1,6,1,52,8,1368,1,4,1,1,1
2016100081139,2,3,0,9,0,8,0,0,0,0,4,1,6,1,27,6,124,1,2,4,1,4
2016100081161,1,20,1,11,0,0,0,0,0,0,4,1,1,1,58,9,-1,-1,-1,-1,-1,-1
2016100081161,2,9,0,18,0,0,0,0,0,0,3,1,6,1,36,7,1560,2,11,2,1,2
2016100081216,1,9,0,9,0,6,0,0,0,0,4,1,6,1,68,10,2000,1,7,6,2,6
2016100081312,1,9,0,17,9,1,0,10,1,11,1,1,3,2,65,9,1364,1,7,-1,-1,-1
2016100081330,1,9,0,1,0,1,0,4,0,0,2,1,3,1,78,11,1973,1,17,5,1,5
2016100081330,2,9,0,3,0,1,0,0,0,0,4,1,3,2,38,7,1796,1,10,-1,-1,-1
2016100081330,3,9,0,2,9,1,0,0,0,0,2,1,6,3,-1,-1,-1,-1,-1,-1,-1,-1
2016100081342,1,9,0,18,0,1,0,0,0,0,1,1,6,2,20,4,998,1,5,4,1,4
2016100081342,2,9,0,3,0,1,0,0,0,0,2,1,5,2,50,8,1149,1,13,1,2,1
2016100081350,1,9,0,4,0,1,0,0,0,0,1,1,6,1,46,8,998,1,5,9,2,9
2016100081350,2,9,0,4,0,1,0,0,0,0,2,1,6,2,68,10,-1,-1,-1,9,2,9
2016100081370,1,9,0,18,0,1,0,0,0,0,1,1,6,1,72,10,1586,1,2,5,3,5
2016100081370,2,9,0,10,0,1,0,0,0,0,2,1,6,2,36,7,2720,2,8,8,3,8
2016100081416,1,9,0,18,0,0,0,0,1,11,1,1,1,1,52,8,1197,1,2,6,1,6
2016100081431,1,9,0,18,0,0,1,0,0,0,1,1,5,1,39,7,1490,1,11,6,1,6
2016100081431,2,9,0,3,0,0,0,0,0,0,2,1,5,2,24,5,1150,1,10,3,1,3
2016100081431,3,9,0,3,0,0,0,0,0,0,2,1,5,2,52,8,1896,2,6,2,2,2
2016100081431,4,9,0,3,0,0,0,0,0,0,2,1,5,2,20,4,1397,1,8,6,3,6
2016100081483,1,8,0,18,0,0,0,0,0,0,1,1,1,1,49,8,1560,2,3,-1,-1,-1
2016100081492,1,9,0,1,0,1,0,0,0,0,4,1,2,1,60,9,1229,1,3,1,1,1
2016100081492,2,1,0,18,0,6,0,0,0,0,1,1,5,1,6,2,-1,-1,-1,-1,-1,-1
2016100081511,1,9,0,18,0,8,0,0,0,0,2,1,6,1,44,7,1956,2,4,7,1,7
2016100081511,2,3,0,18,0,8,0,0,0,0,1,1,6,1,31,6,124,1,13,7,1,7
2016100081516,1,9,0,9,0,5,0,0,0,0,1,1,2,2,55,8,1198,1,11,10,2,10
2016100081516,2,3,0,18,0,8,0,0,0,0,1,1,6,1,20,4,125,1,4,-1,-1,-1
2016100081542,1,1,0,18,4,8,0,0,0,0,1,1,5,1,12,3,-1,-1,-1,1,1,1
2016100081542,2,9,0,18,4,8,0,0,0,0,1,1,2,1,34,6,899,1,1,4,1,4
2016100081549,1,9,0,4,0,2,0,0,0,0,1,1,5,1,43,7,1598,2,1,3,1,3
2016100081616,1,9,0,12,0,8,0,0,0,0,0,1,6,2,74,10,1240,1,12,4,1,4
2016100081616,2,21,0,18,0,8,0,0,0,0,3,1,1,1,64,9,12809,2,2,5,3,5
2016100081616,3,9,0,18,0,8,0,0,0,0,4,1,1,1,70,10,1997,2,9,8,1,8
2016100081691,1,9,0,5,0,4,0,0,0,0,1,1,5,2,40,7,1499,1,11,-1,-1,-1
2016100081691,2,9,0,9,0,8,0,0,0,0,4,1,5,2,21,5,1248,2,8,3,1,3
2016100081696,1,9,0,17,0,0,0,10,0,0,1,1,5,1,17,4,1498,1,14,2,1,2
2016100081696,2,9,0,17,0,0,0,0,0,0,1,1,5,2,54,8,1149,1,10,-1,-1,-1
2016100081713,1,9,0,18,0,2,0,0,0,0,1,1,5,1,61,9,1242,1,5,-1,-1,-1
2016100081713,2,9,0,18,0,8,1,0,0,0,1,1,6,2,33,6,1560,2,6,-1,-1,-1
2016100081716,1,8,0,18,2,0,0,0,0,0,1,1,1,1,60,9,1598,2,6,-1,-1,-1
2016100081725,1,1,0,9,0,1,0,0,0,0,1,1,2,1,36,7,-1,-1,-1,-1,-1,-1
2016100081725,2,9,0,18,0,1,0,0,0,0,3,1,3,1,22,5,1398,1,4,-1,-1,-1
2016100081730,1,1,0,18,0,0,5,0,0,0,1,1,5,2,56,9,-1,-1,-1,5,1,5
2016100081730,2,9,0,18,0,0,0,0,0,0,4,1,5,1,37,7,1998,2,10,-1,-1,-1
2016100081792,1,9,0,18,0,0,0,0,0,0,1,1,5,1,36,7,1997,1,13,-1,-1,-1
2016100081792,2,9,0,3,0,0,0,0,0,0,2,1,5,1,49,8,1995,2,1,-1,-1,-1
2016100081793,1,9,0,18,0,0,1,0,0,0,1,1,2,1,37,7,-1,-1,-1,-1,-1,-1
2016100081793,2,9,0,18,0,0,0,0,0,0,2,1,1,1,46,8,1968,2,5,-1,-1,-1
2016100081793,3,9,0,18,0,0,0,0,0,0,2,1,2,1,45,7,1461,2,1,2,1,2
2016100081794,1,9,0,16,0,0,0,0,0,0,1,1,5,2,52,8,1968,2,5,-1,-1,-1
2016100081794,2,9,0,17,0,0,0,0,0,0,1,1,5,1,71,10,3498,1,8,9,3,9
2016100081811,1,9,0,9,0,8,0,0,0,0,4,1,5,1,65,9,1870,2,13,8,1,8
2016100081811,2,9,0,18,0,1,1,0,0,0,1,1,2,2,38,7,1242,1,8,4,1,4
2016100081816,1,9,0,18,0,0,0,0,0,0,1,1,2,2,20,4,1242,1,3,5,1,5
2016100081816,2,9,0,4,0,0,0,0,0,0,2,1,2,2,32,6,2191,2,2,-1,-1,-1
2016100081830,1,3,0,16,0,0,0,0,7,0,1,1,5,1,36,7,125,1,1,-1,-1,-1
2016100081831,1,3,0,17,0,0,0,0,1,11,1,1,5,1,23,5,124,1,8,-1,-1,-1
2016100081881,1,9,0,15,0,0,0,0,0,0,3,1,1,1,42,7,-1,-1,-1,3,1,3
2016100081881,2,9,0,3,0,0,0,0,0,0,0,1,5,3,-1,-1,1198,1,7,-1,-1,-1
2016100081913,1,11,0,4,0,0,0,0,0,0,0,1,1,1,40,7,4461,2,1,2,1,2
2016100081916,1,9,0,9,0,5,1,10,0,0,4,1,5,1,18,4,1198,1,10,5,1,5
2016100082016,1,9,0,18,0,0,1,0,1,2,3,1,2,1,42,7,1910,2,11,8,1,8
2016100082018,1,9,0,5,0,8,0,0,0,0,3,1,5,1,55,8,1998,2,12,3,1,3
2016100082018,2,1,0,18,0,8,0,0,0,0,1,1,5,1,42,7,-1,-1,-1,1,1,1
2016100082075,1,9,0,5,0,0,0,0,0,0,1,1,5,1,78,11,1198,1,12,-1,-1,-1
2016100082075,2,9,0,18,0,0,0,0,0,0,1,1,5,2,42,7,1997,2,6,-1,-1,-1
2016100082116,1,9,0,16,0,0,5,0,1,0,4,1,6,2,38,7,1997,2,3,9,3,9
2016100082216,1,9,0,18,0,0,0,0,0,0,1,1,6,1,23,5,1560,2,6,1,1,1
2016100082217,1,97,0,7,0,8,5,0,0,0,1,1,6,1,34,6,-1,-1,-1,-1,-1,-1
2016100082217,2,19,0,18,0,8,0,0,0,0,3,1,5,1,46,8,2198,2,8,-1,-1,-1
2016100082328,1,9,0,18,0,1,0,0,0,0,1,1,1,1,30,6,1598,2,1,9,1,9
2016100082343,1,9,0,18,0,1,0,0,0,0,1,1,6,2,38,7,-1,3,2,2,1,2
2016100082343,2,1,0,18,0,1,0,0,0,0,1,1,6,1,11,3,-1,-1,-1,-1,-1,-1
2016100082459,1,1,0,7,0,6,1,0,0,0,1,1,2,1,56,9,-1,-1,-1,9,1,9
2016100082459,2,9,0,10,0,1,1,1,0,0,3,1,1,1,51,8,1968,2,9,3,1,3
2016100082565,1,9,0,5,0,1,0,0,0,0,1,1,2,1,39,7,998,1,3,-1,-1,-1
2016100082565,2,9,0,3,0,1,0,0,0,0,2,1,2,1,55,8,2687,1,11,6,1,6
2016100082566,1,9,0,9,0,8,0,0,0,0,1,1,5,1,59,9,1339,1,8,-1,-1,-1
2016100082566,2,9,0,18,0,8,0,0,0,0,1,1,5,1,27,6,1242,1,6,-1,-1,-1
2016100082584,1,17,0,1,-1,0,0,0,0,0,2,1,1,1,35,6,1496,2,2,1,1,1
2016100082586,1,9,0,16,0,8,5,10,2,7,1,1,2,1,31,6,1497,1,15,1,1,1
2016100082626,1,9,0,18,0,0,0,0,7,0,1,1,5,2,25,5,1587,1,11,1,1,1
2016100082647,1,9,0,18,0,0,0,0,0,0,1,1,6,1,22,5,1910,2,10,9,1,9
2016100082647,2,9,0,4,0,0,0,0,0,0,2,1,2,2,25,5,1242,1,4,2,1,2
2016100082710,1,9,0,18,0,1,0,0,0,0,1,1,5,1,26,6,1968,2,6,4,2,4
2016100082710,2,9,0,4,0,1,0,0,0,0,2,1,5,2,49,8,1995,2,6,1,1,1
2016100082710,3,9,0,9,0,5,0,0,0,0,0,1,6,3,-1,-1,-1,-1,-1,-1,-1,-1
2016100082710,4,9,0,9,0,6,0,0,0,0,0,1,6,3,-1,-1,-1,-1,-1,-1,-1,-1
2016100082716,1,9,0,18,0,1,0,0,0,0,4,1,6,1,84,11,1349,1,3,10,1,10
2016100082754,1,9,0,18,0,1,0,0,1,0,1,1,5,2,47,8,1598,1,13,8,1,8
2016100082754,2,3,0,3,0,1,0,0,0,0,2,1,5,2,52,8,125,1,8,5,1,5
2016100082797,1,11,0,18,0,1,0,0,0,0,0,1,1,1,34,6,4760,2,4,3,1,3
2016100083053,1,11,0,18,0,4,0,0,0,0,0,1,1,1,56,9,7300,2,11,4,1,4
2016100083061,1,9,0,18,0,8,1,0,1,2,1,1,5,2,21,5,1240,1,12,-1,1,-1
2016100083078,1,9,0,5,0,0,0,0,0,0,4,1,5,1,45,7,1595,1,30,5,1,5
2016100083078,2,1,0,18,0,0,0,0,0,0,1,1,5,1,45,7,-1,-1,-1,1,1,1
2016100083080,1,9,0,18,0,0,5,0,1,4,1,1,6,1,32,6,1753,2,7,2,1,2
2016100083085,1,9,0,18,0,8,0,0,0,0,0,1,1,2,49,8,1240,1,13,-1,-1,-1
2016100083085,2,11,0,9,0,8,0,0,0,0,0,1,1,1,34,6,6370,2,8,-1,-1,-1
2016100083089,1,19,0,-1,-1,-1,0,-1,-1,0,-1,1,6,3,-1,-1,1868,2,12,-1,-1,-1
2016100083089,2,9,0,-1,-1,-1,0,-1,-1,0,-1,1,5,1,37,7,998,1,11,1,1,1
2016100083099,1,9,0,9,0,6,0,0,0,0,1,1,5,1,76,11,1499,2,2,4,1,4
2016100083099,2,3,0,18,0,1,0,0,0,0,1,1,5,1,29,6,125,1,2,3,1,3
2016100083116,1,9,0,18,0,8,0,0,0,0,1,1,6,1,42,7,1686,2,6,2,1,2
2016100083116,2,9,0,18,0,8,0,0,0,0,4,1,6,1,27,6,998,1,15,3,1,3
2016100083316,1,9,0,18,0,0,0,0,8,0,1,1,6,3,-1,-1,2198,1,13,-1,-1,-1
2016100083316,2,9,0,18,0,0,0,0,0,0,1,1,6,2,53,8,998,1,13,9,1,9
2016100083336,1,9,0,18,0,0,0,0,7,11,1,1,5,1,35,6,1199,1,14,3,1,3
2016100083336,2,9,0,2,0,0,0,0,0,0,3,1,6,2,33,6,1968,2,7,1,1,1
2016100083416,1,11,0,4,0,1,0,0,0,0,0,1,1,1,47,8,-1,-1,-1,8,3,8
2016100083418,1,97,0,9,0,6,2,0,0,0,1,1,5,1,26,6,-1,-1,-1,3,2,3
2016100083418,2,9,0,18,0,8,0,0,0,0,4,1,2,2,21,5,1242,1,3,3,2,3
2016100083510,1,3,0,17,0,8,1,0,1,0,1,1,2,1,33,6,124,1,5,4,2,4
2016100083510,2,-1,0,7,0,4,0,0,0,0,2,1,6,3,-1,-1,-1,-1,-1,-1,-1,-1
2016100083528,1,9,0,7,0,6,0,0,0,0,4,1,3,2,43,7,1248,2,1,9,1,9
2016100083616,1,19,0,18,0,8,0,0,0,0,1,1,6,1,34,6,2402,2,5,1,1,1
2016100083616,2,9,0,18,0,8,0,0,0,0,1,1,2,1,21,5,1389,1,12,6,3,6
2016100083633,1,9,0,18,0,8,0,0,0,0,0,1,5,2,21,5,1598,1,6,-1,-1,-1
2016100083650,1,9,0,18,0,0,0,0,0,0,4,1,5,2,55,8,1229,1,5,4,1,4
2016100083650,2,1,0,18,0,0,0,0,0,0,1,1,6,1,12,3,-1,-1,-1,7,1,7
2016100083657,1,9,0,17,9,3,1,10,1,0,4,1,5,1,20,4,1149,1,14,2,1,2
2016100083670,1,9,0,18,0,1,0,0,0,0,1,1,6,1,66,10,1388,1,18,-1,-1,-1
2016100083670,2,9,0,10,0,1,0,0,0,0,2,1,5,1,29,6,2179,2,5,7,3,7
2016100083776,1,9,0,9,0,6,0,0,0,0,3,1,6,2,48,8,1997,2,2,3,1,3
2016100083776,2,9,0,18,0,8,0,0,0,0,1,1,6,2,30,6,1390,1,10,3,1,3
2016100083812,1,-1,0,18,0,1,0,0,0,0,1,1,6,3,-1,-1,-1,-1,-1,-1,-1,-1
2016100083812,2,9,0,18,0,1,0,0,0,0,1,1,5,1,64,9,1956,2,2,-1,-1,-1
2016100083812,3,9,0,9,0,6,0,0,0,0,3,1,6,1,49,8,1997,2,14,-1,-1,-1
2016100083929,1,9,0,7,0,4,0,0,0,0,0,1,6,3,-1,-1,-1,-1,-1,-1,-1,-1
2016100083929,2,9,0,18,0,8,0,0,1,0,0,1,1,1,51,8,-1,-1,-1,6,1,6
2016100083966,1,5,0,18,0,8,0,0,0,0,3,1,5,1,47,8,1043,1,3,4,1,4
2016100083997,1,9,0,18,0,0,2,0,5,0,1,1,5,1,21,5,1242,1,11,-1,-1,-1
2016100083999,1,9,0,16,0,0,1,0,7,0,4,1,5,1,40,7,998,1,-1,4,1,4
2016100084087,1,5,0,18,0,1,0,0,0,0,3,1,5,1,36,7,599,1,19,-1,-1,-1
2016100084087,2,9,0,5,0,2,0,0,0,0,3,1,5,2,71,10,1560,2,2,9,2,9
2016100084120,1,3,0,18,0,8,0,0,0,0,1,1,5,1,16,4,125,1,2,-1,-1,-1
2016100084120,2,9,0,9,0,8,0,0,0,0,4,1,1,2,44,7,1598,2,4,-1,-1,-1
2016100084134,1,9,0,18,0,0,2,10,7,0,4,1,6,1,17,4,1998,2,15,-1,-1,-1
2016100084198,1,11,0,3,0,0,0,0,0,0,0,1,1,1,59,9,-1,-1,-1,4,1,4
2016100084199,1,9,0,18,0,0,0,0,0,0,1,1,6,3,-1,-1,-1,-1,-1,-1,-1,-1
2016100084199,2,9,0,3,0,0,0,0,0,0,2,1,6,2,19,4,998,1,1,5,1,5
2016100084247,1,9,0,9,0,6,0,0,0,0,1,1,6,3,-1,-1,-1,-1,-1,-1,-1,-1
2016100084247,2,5,0,18,0,8,2,0,0,0,3,1,5,1,51,8,1084,1,17,4,1,4
2016100084328,1,9,0,7,0,5,0,0,0,0,1,1,6,3,-1,-1,-1,-1,-1,-1,-1,-1
2016100084365,1,9,0,18,0,1,0,0,0,0,4,1,6,1,24,5,1995,1,6,3,1,3
2016100084365,2,1,0,18,0,6,0,0,0,0,1,1,6,2,6,2,-1,-1,-1,-1,-1,-1
2016100084416,1,9,0,18,0,1,0,0,0,0,1,1,6,1,29,6,998,1,7,8,1,8
2016100084416,2,9,0,3,0,1,0,0,0,0,2,1,6,1,44,7,1968,2,8,-1,-1,-1
2016100084516,1,9,0,6,0,0,0,0,0,0,4,1,1,1,61,9,-1,-1,-1,7,2,7
2016100084516,2,4,0,18,0,0,0,0,0,0,1,1,6,1,22,5,-1,-1,-1,4,1,4
2016100084550,1,21,1,16,0,4,0,9,7,0,1,1,1,1,70,10,12777,2,5,-1,1,-1
2016100084551,1,9,0,18,0,1,0,0,0,0,1,1,2,1,33,6,1995,2,11,5,1,5
2016100084551,2,9,0,18,0,2,0,0,1,0,1,1,2,1,58,9,-1,-1,-1,1,1,1
2016100084555,1,9,0,18,0,0,0,0,0,0,1,1,2,1,31,6,1360,1,13,-1,-1,-1
2016100084555,2,9,0,4,0,0,0,0,0,0,2,1,2,1,45,7,998,1,5,-1,-1,-1
2016100084676,1,9,0,5,0,1,0,0,0,0,1,1,5,2,24,5,1199,1,2,1,1,1
2016100084676,2,9,0,3,0,1,0,0,0,0,2,1,6,1,18,4,1149,1,11,4,2,4
2016100084714,1,9,0,5,0,1,0,0,0,0,1,1,2,1,24,5,1999,1,11,2,1,2
2016100084714,2,9,0,5,0,1,0,0,0,0,2,1,2,2,39,7,1975,1,9,5,2,5
2016100084716,1,9,0,9,0,5,0,0,0,0,3,1,6,3,-1,-1,1798,1,4,1,1,1
2016100084716,2,11,0,18,0,1,0,0,0,0,1,1,1,1,29,6,9000,2,11,3,1,3
2016100084738,1,17,0,18,0,1,0,0,0,0,-1,1,6,3,-1,-1,-1,-1,-1,-1,-1,-1
2016100084803,1,9,0,4,0,1,0,0,0,0,1,1,6,2,31,6,1998,8,1,6,3,6
2016100084803,2,9,0,18,0,8,0,0,0,0,4,1,5,2,38,7,1560,2,3,-1,-1,-1
2016100084830,1,9,0,18,0,1,0,0,0,0,1,1,6,1,26,6,1968,2,6,-1,-1,-1
2016100084830,2,9,0,18,0,1,0,0,0,0,2,1,6,2,49,8,1995,2,6,1,1,1
2016100084830,3,9,0,9,0,6,0,0,0,0,0,1,6,3,-1,-1,-1,-1,-1,-1,-1,-1
2016100084843,1,-1,0,18,0,8,0,0,0,0,3,1,6,3,-1,-1,-1,-1,-1,-1,-1,-1
2016100084843,2,3,0,15,0,8,0,0,0,0,1,1,2,1,30,6,124,1,3,4,1,4
2016100084889,1,9,0,4,0,8,1,0,0,0,1,1,2,2,49,8,1229,1,4,4,1,4
2016100084889,2,98,1,18,0,8,0,0,0,0,4,1,1,1,36,7,-1,-1,-1,5,1,5
2016100084909,1,9,0,18,0,0,0,0,0,0,1,1,6,1,52,8,2143,2,4,1,1,1
2016100084909,2,9,0,3,0,0,0,0,0,0,2,1,6,2,25,5,1587,1,12,1,1,1
2016100084916,1,9,0,18,0,2,0,0,0,0,1,1,6,3,-1,-1,-1,-1,-1,-1,-1,-1
2016100084916,2,1,0,18,0,2,0,0,0,0,2,1,6,2,28,6,-1,-1,-1,2,1,2
2016100084934,1,9,0,5,0,0,0,0,0,0,1,1,6,2,29,6,1197,1,1,-1,-1,-1
2016100084934,2,1,0,18,0,0,0,0,0,0,2,1,4,1,7,2,-1,-1,-1,-1,-1,-1
2016100085178,1,98,0,18,0,1,0,0,0,0,1,1,6,3,-1,-1,-1,-1,-1,-1,-1,-1
2016100085178,2,9,0,3,0,1,0,0,0,0,2,1,2,2,27,6,998,1,12,-1,-1,-1
2016100085238,1,9,0,18,0,6,0,0,0,0,1,1,1,2,63,9,1299,1,10,2,1,2
2016100085238,2,9,0,18,0,8,0,0,0,0,4,1,5,1,30,6,1395,1,1,9,3,9
2016100085260,1,90,0,18,0,8,5,10,2,2,1,1,5,1,52,8,-1,-1,-1,-1,-1,-1
2016100085272,1,9,0,18,0,1,0,0,0,0,1,1,6,1,35,6,-1,-1,-1,-1,-1,-1
2016100085272,2,9,0,3,0,1,0,0,0,0,2,1,6,2,54,8,1398,1,6,5,1,5
2016100085294,1,9,0,9,0,6,0,0,0,0,3,1,5,2,50,8,1229,1,3,9,1,9
2016100085294,2,1,0,18,0,8,0,0,0,0,1,1,5,1,27,6,-1,-1,-1,5,1,5
2016100085321,1,9,0,13,0,1,0,0,7,0,4,1,2,1,36,7,4163,1,4,10,1,10
2016100085321,2,9,0,9,0,5,0,0,7,0,3,1,1,2,27,6,1560,2,9,-1,2,-1
2016100085355,1,9,0,18,0,1,0,0,0,0,1,1,6,1,31,6,998,1,2,4,1,4