Accident_Index,Vehicle_Reference,Vehicle_Type,Towing_and_Articulation,Vehicle_Manoeuvre,Vehicle_Location-Restricted_Lane,Junction_Location,Skidding_and_Overturning,Hit_Object_in_Carriageway,Vehicle_Leaving_Carriageway,Hit_Object_off_Carriageway,1st_Point_of_Impact,Was_Vehicle_Left_Hand_Drive?,Journey_Purpose_of_Driver,Sex_of_Driver,Age_of_Driver,Age_Band_of_Driver,Engine_Capacity_(CC),Propulsion_Code,Age_of_Vehicle,Driver_IMD_Decile,Driver_Home_Area_Type,Vehicle_IMD_Decile
2016100085355,2,1,0,18,0,1,0,0,0,0,1,1,6,2,23,5,-1,-1,-1,4,1,4
2016100085362,1,9,0,18,0,1,0,0,0,0,1,1,6,3,-1,-1,-1,-1,-1,-1,-1,-1
2016100085362,2,9,0,3,0,1,0,0,0,0,2,1,5,2,49,8,1997,2,15,1,1,1
2016100085472,1,9,0,5,0,8,0,0,0,0,4,1,2,2,68,10,1798,1,3,9,2,9
2016100085472,2,9,0,18,0,8,0,0,0,0,1,1,5,1,28,6,1998,1,12,-1,-1,-1
2016100085516,1,19,0,9,0,6,0,0,0,0,3,1,1,1,33,6,2198,2,1,2,1,2
2016100085516,2,9,0,4,0,1,0,0,0,0,1,1,2,2,45,7,1149,1,6,4,1,4
2016100085577,1,9,0,18,0,0,0,0,0,0,1,1,5,2,24,5,1598,1,5,5,1,5
2016100085616,1,9,0,18,0,3,0,0,0,0,4,1,6,3,-1,-1,1339,1,11,-1,-1,-1
2016100085616,2,9,0,18,0,3,0,0,0,0,3,1,6,2,51,8,1587,1,12,3,1,3
2016100085635,1,9,0,18,0,0,0,0,0,0,1,1,6,1,47,8,1364,1,7,2,2,2
2016100085723,1,9,0,18,0,0,0,0,0,0,1,1,5,1,24,5,1600,2,6,3,2,3
2016100085792,1,9,0,13,0,1,0,0,0,0,4,1,6,1,32,6,1398,2,10,10,1,10
2016100085792,2,9,0,9,0,5,0,0,0,0,1,1,6,2,51,8,2204,2,11,2,1,2
2016100085848,1,9,0,7,0,6,0,0,0,0,2,1,6,1,36,7,1956,2,3,5,1,5
2016100085848,2,9,0,9,0,1,0,0,0,0,1,1,6,1,38,7,1240,1,11,1,1,1
2016100086002,1,5,0,16,0,0,0,0,7,0,1,1,5,1,52,8,998,1,8,2,1,2
2016100086049,1,1,0,18,0,8,0,0,0,0,1,1,5,1,32,6,-1,-1,-1,4,1,4
2016100086049,2,9,0,18,0,1,0,0,0,0,4,1,6,2,27,6,1995,2,8,4,1,4
2016100086091,1,9,0,13,0,0,0,0,0,0,1,1,6,1,51,8,1422,2,7,5,1,5
2016100086091,2,9,0,18,0,0,0,0,0,0,1,1,6,2,87,11,1242,1,2,-1,-1,-1
2016100086116,1,9,0,1,0,0,0,0,0,0,2,1,6,2,21,5,1596,1,13,2,1,2
2016100086116,2,9,0,2,0,0,0,0,0,0,2,1,6,1,24,5,1896,2,12,2,1,2
2016100086194,1,9,0,18,0,0,0,0,0,0,1,1,5,1,37,7,-1,-1,-1,2,1,2
2016100086208,1,9,0,18,0,1,0,0,0,0,1,1,5,1,58,9,998,1,11,7,1,7
2016100086208,2,9,0,3,0,1,0,0,0,0,2,1,5,2,52,8,1396,1,5,1,1,1
2016100086216,1,9,0,18,0,0,0,0,0,0,1,1,6,3,-1,-1,-1,-1,-1,-1,-1,-1
2016100086216,2,1,0,18,9,0,0,0,0,0,2,1,6,1,63,9,-1,-1,-1,3,1,3
2016100086237,1,19,0,9,0,6,0,0,0,0,3,1,6,1,42,7,1248,2,2,8,1,8
2016100086237,2,9,0,18,0,1,0,0,0,0,1,1,6,1,60,9,-1,-1,-1,7,1,7
2016100086304,1,5,0,18,0,0,1,0,0,0,1,1,6,1,47,8,999,1,7,3,1,3
2016100086304,2,5,0,18,0,0,1,0,0,0,2,1,6,1,53,8,999,1,1,8,2,8
2016100086318,1,9,0,18,0,8,0,0,0,0,1,1,6,2,23,5,-1,-1,-1,-1,-1,-1
2016100086318,2,9,0,18,0,8,0,0,0,0,1,1,6,2,53,8,2000,2,11,-1,-1,-1
2016100086362,1,9,0,9,0,5,0,0,0,0,4,1,5,2,22,5,1598,1,10,9,1,9
2016100086362,2,1,0,9,0,8,0,0,0,0,1,1,5,1,47,8,-1,-1,-1,-1,-1,-1
2016100086365,1,9,0,9,0,1,0,0,0,0,4,1,6,1,83,11,999,1,1,-1,-1,-1
2016100086365,2,1,0,18,0,1,0,0,0,0,1,1,2,1,27,6,-1,-1,-1,9,2,9
2016100086374,1,9,0,9,0,1,5,10,0,0,4,1,5,1,28,6,1997,2,11,8,1,8
2016100086376,1,9,0,4,0,0,0,4,1,0,1,1,5,1,75,10,-1,-1,-1,8,3,8
2016100086376,2,9,0,4,0,0,0,4,0,0,2,1,6,1,61,9,2993,2,6,-1,-1,-1
2016100086376,3,9,0,3,0,0,0,0,0,0,2,1,6,2,53,8,998,1,2,-1,-1,-1
2016100086395,1,9,0,18,0,0,0,0,7,0,3,1,5,2,51,8,1395,1,3,-1,1,-1
2016100086395,2,19,0,18,0,0,5,0,2,0,3,1,1,1,31,6,2198,2,2,-1,-1,-1
2016100086410,1,5,0,17,0,0,0,0,1,0,1,1,5,1,33,6,998,1,14,2,3,2
2016100086415,1,9,0,18,0,4,0,0,0,0,1,2,6,3,-1,-1,-1,-1,-1,-1,-1,-1
2016100086415,2,2,0,5,0,3,2,0,0,0,4,1,5,1,58,9,49,1,1,-1,-1,-1
2016100086416,1,9,0,9,0,8,0,0,0,0,0,1,6,2,52,8,2184,2,9,8,3,8
2016100086416,2,9,0,18,0,8,0,0,0,0,2,1,6,2,-1,-1,1968,2,3,2,1,2
2016100086416,3,9,0,18,0,8,0,0,0,0,1,1,2,1,43,7,1398,1,2,9,3,9
2016100086538,1,9,0,18,0,1,0,0,0,0,1,1,6,2,-1,-1,1598,1,8,-1,-1,-1
2016100086538,2,9,0,3,0,1,0,0,0,0,2,1,6,1,64,9,1598,2,-1,1,1,1
2016100086621,1,1,0,18,0,6,0,0,0,0,1,1,6,1,12,3,-1,-1,-1,-1,-1,-1
2016100086621,2,9,0,3,0,1,0,0,0,0,1,1,6,1,43,7,1248,2,3,5,1,5
2016100086645,1,9,4,18,0,1,0,0,0,0,1,1,6,1,24,5,1596,1,8,3,1,3
2016100086645,2,9,0,3,0,1,0,0,0,0,2,1,5,2,32,6,1240,1,12,-1,-1,-1
2016100086650,1,9,0,13,0,1,0,0,0,0,4,1,6,2,49,8,1399,2,7,4,1,4
2016100086650,2,1,0,9,0,5,0,0,0,0,-1,1,6,1,33,6,-1,-1,-1,3,1,3
2016100086684,1,19,0,18,0,1,0,0,0,0,1,1,6,1,56,9,1560,2,8,4,1,4
2016100086684,2,9,0,3,0,1,0,0,0,0,2,1,5,1,26,6,2993,2,1,8,1,8
2016100086816,1,9,0,18,0,0,0,0,0,0,1,1,6,2,50,8,1995,2,4,5,1,5
2016100086816,2,9,0,4,0,0,0,0,0,0,2,1,6,1,73,10,1197,1,1,10,1,10
2016100086816,3,9,0,4,0,0,0,0,0,0,2,1,6,2,37,7,1598,2,2,9,1,9
2016100086952,1,9,0,4,0,1,0,0,0,0,1,1,6,1,22,5,1198,1,5,4,1,4
2016100086952,2,19,0,4,0,1,0,0,0,0,2,1,6,1,47,8,2148,2,8,1,1,1
2016100086952,3,9,0,4,0,1,0,0,0,0,1,1,6,2,56,9,1360,1,10,9,1,9
2016100087016,1,9,0,18,0,1,0,0,0,0,1,1,6,1,29,6,1364,1,10,1,1,1
2016100087016,2,9,0,3,0,1,0,0,0,0,2,1,6,1,70,10,1560,2,2,2,1,2
2016100087016,3,9,0,10,0,1,0,0,0,0,2,1,1,2,35,6,998,1,4,-1,-1,-1
2016100087094,1,9,0,5,0,1,0,0,0,0,1,1,5,2,62,9,796,1,10,4,1,4
2016100087094,2,1,0,18,0,6,0,0,0,0,4,1,4,1,14,3,-1,-1,-1,1,1,1
2016100087121,1,-1,0,18,0,1,0,0,0,0,1,1,6,3,-1,-1,-1,-1,-1,-1,-1,-1
2016100087121,2,9,0,7,0,5,0,0,0,0,2,1,1,1,46,8,1598,2,2,7,1,7
2016100087216,1,9,0,4,0,1,1,0,0,0,1,1,6,1,27,6,1299,1,16,2,1,2
2016100087216,2,9,0,4,0,2,0,0,0,0,1,1,6,1,61,9,1248,1,3,2,1,2
2016100087264,1,21,1,11,0,0,0,0,0,0,4,1,1,1,50,8,12419,2,-1,2,1,2
2016100087264,2,9,0,18,0,0,1,0,0,0,3,1,2,2,50,8,1364,1,8,-1,-1,-1
2016100087267,1,9,0,13,0,1,5,0,8,11,1,1,6,1,19,4,1497,1,15,-1,-1,-1
2016100087267,2,17,0,18,0,1,0,0,0,0,2,1,1,1,58,9,3990,2,15,4,3,4
2016100087269,1,9,0,18,0,0,0,0,0,0,1,1,5,2,38,7,1598,2,4,-1,-1,-1
2016100087269,2,9,0,18,0,0,0,0,0,0,1,1,5,1,18,4,998,1,7,8,1,8
2016100087269,3,9,0,18,0,0,0,0,0,0,2,1,5,2,42,7,1242,1,-1,8,2,8
2016100087269,4,9,0,4,0,0,0,0,0,0,0,1,5,1,43,7,1596,1,13,-1,-1,-1
2016100087273,1,9,0,18,0,1,0,7,7,2,1,1,5,1,43,7,1364,1,-1,-1,-1,-1
2016100087273,2,9,0,18,0,1,0,0,0,0,0,1,1,1,20,4,1598,2,2,-1,-1,-1
2016100087469,1,9,0,13,0,1,0,0,0,0,4,1,6,1,60,9,-1,-1,-1,4,3,4
2016100087469,2,9,0,10,0,1,0,0,0,0,3,1,6,2,47,8,1968,2,3,9,1,9
2016100087512,1,9,0,5,0,0,0,0,0,0,3,1,6,1,47,8,1910,2,9,3,1,3
2016100087515,1,9,0,5,0,2,0,0,0,0,1,1,6,1,24,5,-1,-1,-1,-1,-1,-1
2016100087516,1,9,0,7,0,6,0,0,0,0,2,1,6,3,-1,-1,-1,-1,-1,-1,-1,-1
2016100087516,2,9,0,3,0,1,0,0,0,0,1,1,1,1,36,7,1753,2,8,6,1,6
2016100087568,1,9,0,14,0,0,0,0,0,0,3,1,1,1,56,9,1198,1,14,4,2,4
2016100087568,2,3,0,14,0,0,0,0,0,0,4,1,1,1,34,6,124,1,6,4,1,4
2016100087616,1,9,0,9,0,6,0,0,0,0,4,1,6,2,24,5,1229,1,2,5,3,5
2016100087616,2,11,0,18,0,8,0,0,0,0,1,1,1,1,59,9,10837,2,1,4,3,4
2016100087714,1,9,0,3,0,1,0,0,0,0,2,1,2,2,67,10,1461,2,7,-1,-1,-1
2016100087714,2,9,0,18,0,1,0,0,0,0,1,1,6,2,41,7,1560,2,6,7,1,7
2016100087743,1,9,0,9,0,5,0,0,0,0,4,1,5,1,53,8,-1,-1,-1,-1,-1,-1
2016100087743,2,4,0,18,0,8,1,0,0,0,1,1,5,1,65,9,471,1,2,7,2,7
2016100087755,1,90,0,18,0,7,0,0,0,0,1,1,1,1,40,7,1997,2,13,-1,-1,-1
2016100087755,2,9,0,3,0,4,0,0,0,0,2,1,5,1,78,11,1968,2,-1,8,1,8
2016100087916,1,9,0,18,0,1,0,0,0,0,1,1,6,1,-1,-1,1390,1,15,2,1,2
2016100087916,2,9,0,3,0,1,0,0,0,0,2,1,6,1,38,7,1242,1,8,1,1,1
2016100088044,1,1,0,18,0,1,0,0,0,0,-1,1,6,3,-1,-1,-1,-1,-1,-1,-1,-1
2016100088044,2,9,0,9,0,5,0,0,0,0,4,1,6,2,64,9,1299,1,11,3,1,3
2016100088116,1,9,0,9,0,6,0,0,0,0,3,1,6,3,-1,-1,-1,-1,-1,-1,-1,-1
2016100088116,2,9,0,18,0,8,0,0,0,0,1,1,1,1,40,7,1560,2,6,2,1,2
2016100088148,1,-1,0,18,0,8,0,0,0,0,1,1,6,3,-1,-1,-1,-1,-1,-1,-1,-1
2016100088213,1,9,0,5,0,2,0,0,0,0,1,1,5,2,35,6,1991,2,7,-1,-1,-1
2016100088213,2,5,0,14,0,1,0,0,0,0,1,1,5,1,32,6,659,1,9,-1,-1,-1
2016100088280,1,9,0,18,0,0,1,0,0,0,1,1,6,2,57,9,1560,2,1,3,1,3
2016100088280,2,9,0,4,0,0,0,0,0,0,2,1,2,1,55,8,1560,2,2,9,1,9
2016100088283,1,2,0,13,0,0,1,0,0,0,1,1,6,1,21,5,124,1,10,2,1,2
2016100088285,1,9,0,18,0,0,5,0,2,11,1,1,5,2,64,9,1461,2,-1,6,3,6
2016100088416,1,9,0,18,0,8,0,0,0,0,1,1,6,2,21,5,1242,1,6,-1,-1,-1
2016100088496,1,9,0,2,0,0,1,0,5,0,1,1,6,1,24,5,1988,2,12,2,1,2
2016100088496,2,9,0,18,0,0,1,1,0,0,1,1,5,1,24,5,1596,1,2,3,1,3
2016100088496,3,8,0,4,0,0,0,0,0,0,3,1,1,1,31,6,1598,2,3,5,2,5
2016100088496,4,8,0,2,0,0,0,0,0,0,0,1,1,1,43,7,-1,-1,-1,2,1,2
2016100088516,1,9,0,5,0,4,0,0,0,0,1,1,6,1,60,9,3628,2,9,-1,-1,-1
2016100088516,2,9,0,18,0,8,0,0,0,0,4,1,6,2,41,7,1999,2,-1,8,1,8
2016100088592,1,9,0,18,0,0,0,0,0,0,1,1,6,1,74,10,1596,1,8,7,2,7
2016100088608,1,21,1,4,0,0,1,0,0,0,1,1,1,1,64,9,10308,2,7,3,1,3
2016100088608,2,21,0,4,0,0,0,0,0,0,2,1,1,1,64,9,6693,2,2,2,2,2
2016100088608,3,21,1,4,0,0,0,0,0,0,2,1,1,1,53,8,12809,2,3,-1,-1,-1
2016100088609,1,8,0,5,0,0,0,0,0,0,0,1,1,1,40,7,-1,-1,-1,-1,-1,-1
2016100088667,1,8,0,12,0,0,0,0,0,0,2,1,1,1,25,5,1968,2,8,4,1,4
2016100088667,2,8,0,18,0,0,0,0,0,0,1,1,1,1,56,9,1968,2,3,2,1,2
2016100088672,1,9,0,18,0,0,1,0,1,7,3,1,5,1,39,7,1993,1,26,3,2,3
2016100088672,2,9,0,18,0,0,0,0,0,0,0,1,5,1,35,6,2600,1,23,3,1,3
2016100088672,3,9,0,18,0,0,0,0,0,0,2,1,5,1,33,6,-1,-1,-1,9,1,9
2016100088672,4,9,0,18,0,0,0,0,0,0,1,1,5,1,26,6,1998,1,25,-1,-1,-1
2016100088673,1,9,0,18,0,0,0,4,0,0,1,1,5,1,34,6,1461,2,1,-1,-1,-1
2016100088673,2,9,0,2,0,0,0,0,0,0,1,1,6,3,-1,-1,-1,-1,-1,-1,-1,-1
2016100088716,1,19,0,18,0,1,0,0,0,0,1,1,2,1,26,6,-1,-1,-1,1,1,1
2016100088783,1,1,0,18,0,1,0,0,0,0,1,1,6,1,8,2,-1,-1,-1,2,1,2
2016100088783,2,9,0,18,0,1,0,0,0,0,3,1,6,3,-1,-1,-1,-1,-1,-1,-1,-1
2016100088786,1,19,0,5,0,1,0,0,0,0,1,1,6,1,56,9,1248,2,1,7,1,7
2016100088786,2,9,0,5,0,1,0,0,0,0,2,1,6,1,45,7,1598,2,2,-1,-1,-1
2016100088808,1,9,0,7,0,6,0,0,0,0,1,1,3,2,39,7,1598,1,1,4,1,4
2016100088808,2,9,0,4,0,8,0,0,0,0,2,1,5,2,65,9,1240,1,12,3,1,3
2016100088822,1,9,0,18,0,1,0,0,0,0,4,1,6,1,73,10,2183,2,6,10,1,10
2016100088888,1,9,0,9,0,8,0,0,0,0,1,1,6,1,52,8,1598,2,3,2,1,2
2016100088888,2,9,0,18,0,8,0,0,0,0,1,1,6,1,59,9,1798,1,11,2,1,2
2016100088890,1,9,0,5,0,0,0,0,0,0,1,1,6,1,58,9,1870,2,11,2,1,2
2016100088909,1,9,0,1,0,0,0,0,0,0,2,1,6,1,84,11,-1,-1,-1,5,2,5
2016100088909,2,9,0,2,0,0,0,0,0,0,1,1,6,1,27,6,1968,2,10,-1,-1,-1
2016100088929,1,9,0,18,0,0,1,0,0,0,1,1,1,2,22,5,1197,1,2,8,2,8
2016100088929,2,17,4,18,0,0,0,0,0,0,2,1,1,1,21,5,-1,2,8,7,2,7
2016100088965,1,9,0,18,0,0,0,0,0,0,1,1,3,2,34,6,1388,1,10,-1,-1,-1
2016100088965,2,9,0,2,0,0,0,0,0,0,1,1,6,2,22,5,2143,2,5,1,1,1
2016100089000,1,9,0,18,0,0,0,0,0,0,1,1,6,1,30,6,1461,2,6,7,1,7
2016100089000,2,9,0,2,0,0,0,0,0,0,2,1,6,1,18,4,1364,1,6,7,1,7
2016100089030,1,11,0,4,0,0,0,0,0,0,-1,1,1,1,40,7,4461,2,2,10,1,10
2016100089103,1,9,0,18,0,0,0,0,0,0,1,1,2,1,22,5,2000,2,11,1,1,1
2016100089103,2,9,0,3,0,0,0,0,0,0,2,1,2,1,26,6,1896,2,12,8,1,8
2016100089103,3,9,0,3,0,0,0,0,0,0,2,1,5,1,36,7,2400,2,7,1,1,1
2016100089115,1,9,0,13,0,0,0,0,0,0,-1,1,6,3,-1,-1,-1,-1,-1,-1,-1,-1
2016100089115,2,1,0,18,0,0,0,0,0,0,-1,1,6,1,26,6,-1,-1,-1,2,1,2
2016100089146,1,9,0,9,0,5,0,0,0,0,4,1,6,2,54,8,1242,1,7,7,1,7
2016100089146,2,4,0,18,0,1,0,0,0,0,1,1,6,1,58,9,498,1,26,4,2,4
2016100089156,1,19,0,15,0,0,0,0,0,0,4,1,1,1,31,6,1995,2,4,-1,-1,-1
2016100089156,2,19,0,12,0,0,0,0,0,0,1,1,1,1,27,6,2287,2,3,8,2,8
2016100089178,1,19,0,16,0,0,1,0,1,0,1,1,1,1,25,5,2198,2,1,7,3,7
2016100089216,1,9,0,18,0,6,0,0,0,0,1,1,6,3,-1,-1,-1,-1,-1,-1,-1,-1
2016100089261,1,9,0,18,0,8,0,0,1,2,1,1,1,1,44,7,1596,1,5,1,1,1
2016100089261,2,9,0,4,0,1,0,0,0,0,4,1,1,1,44,7,2400,2,1,3,2,3
2016100089261,3,9,0,4,0,1,0,0,0,0,4,1,1,1,53,8,-1,-1,-1,-1,-1,-1
2016100089266,1,9,0,17,0,0,2,0,7,0,1,1,5,1,18,4,1198,1,7,1,1,1
2016100089277,1,9,0,5,0,2,0,0,0,0,2,1,5,2,74,10,1598,1,11,1,1,1
2016100089277,2,9,0,18,0,1,0,10,5,0,1,1,5,1,28,6,1598,1,6,1,1,1
2016100089316,1,19,0,14,0,0,0,0,0,0,1,1,1,1,27,6,2198,2,1,3,2,3
2016100089441,1,9,0,3,0,0,0,0,0,0,2,1,5,1,61,9,1395,1,2,8,1,8
2016100089441,2,9,0,18,0,0,0,0,0,0,1,1,6,2,47,8,1997,2,12,10,1,10
2016100089482,1,22,0,5,0,0,0,0,0,0,1,1,5,1,75,10,-1,-1,-1,2,1,2
2016100089484,1,9,0,18,0,0,0,0,0,0,1,1,6,2,-1,-1,1496,2,1,9,3,9
2016100089484,2,9,0,3,0,0,0,0,0,0,2,1,6,1,20,4,1395,1,1,8,1,8
2016100089593,1,9,0,4,0,1,0,0,0,0,1,1,6,1,70,10,1997,2,12,7,1,7
2016100089593,2,9,0,3,0,1,0,0,0,0,2,1,6,1,70,10,1390,1,15,2,1,2
2016100089712,1,9,0,18,0,0,0,0,0,0,1,1,5,2,57,9,1986,2,9,9,1,9
2016100089712,2,9,0,2,0,0,0,0,0,0,2,1,6,2,76,11,1360,1,13,-1,-1,-1
2016100089728,1,9,0,1,0,0,0,0,0,0,2,1,6,3,-1,-1,-1,-1,-1,-1,-1,-1
2016100089728,2,1,0,18,0,0,0,0,0,0,1,1,4,1,11,3,-1,-1,-1,3,1,3
2016100089737,1,9,0,9,0,8,0,0,0,0,1,1,6,2,32,6,1598,1,4,3,1,3
2016100089737,2,9,0,18,0,1,0,0,0,0,1,1,6,1,20,4,1242,1,10,4,1,4
2016100089836,1,5,0,4,0,0,2,0,1,0,1,1,6,1,26,6,599,1,18,-1,-1,-1
2016100089852,1,11,0,18,0,0,0,0,0,0,-1,1,1,1,46,8,4461,2,1,-1,-1,-1
2016100089916,1,9,0,9,0,5,0,0,0,0,1,1,6,3,-1,-1,-1,-1,-1,-1,-1,-1
2016100089916,2,1,0,18,0,8,0,0,0,0,3,1,2,1,36,7,-1,-1,-1,3,1,3
2016100090010,1,9,0,4,0,8,0,0,0,0,1,1,5,1,26,6,1398,2,13,1,1,1
2016100090010,2,9,0,18,0,8,0,0,0,0,4,1,5,1,19,4,1248,1,5,1,1,1
2016100090023,1,20,0,13,0,0,0,0,0,0,4,1,1,1,31,6,-1,-1,-1,-1,-1,-1
2016100090023,2,9,0,18,0,0,0,0,0,0,3,1,2,1,49,8,1999,1,9,-1,-1,-1
2016100090083,1,19,0,18,0,8,2,0,0,0,4,1,1,1,29,6,2200,2,4,2,1,2
2016100090083,2,98,1,18,0,8,0,0,0,0,3,1,1,1,43,7,-1,-1,-1,-1,-1,-1
2016100090116,1,9,0,18,0,0,0,0,0,0,1,1,6,3,-1,-1,-1,-1,-1,-1,-1,-1
2016100090116,2,9,0,3,0,0,0,0,0,0,2,1,6,2,38,7,-1,-1,-1,1,1,1
2016100090116,3,9,0,3,0,0,0,0,0,0,2,1,6,1,-1,-1,-1,-1,-1,-1,-1,-1
2016100090307,1,97,0,18,0,0,0,0,0,0,3,1,6,1,19,4,-1,-1,-1,8,1,8
2016100090316,1,9,0,18,0,1,0,0,0,0,1,1,6,3,-1,-1,-1,-1,-1,-1,-1,-1
2016100090316,2,9,0,3,0,1,0,0,0,0,2,1,6,2,23,5,1197,1,4,7,1,7
2016100090316,3,9,0,5,0,1,0,0,0,0,2,1,6,2,28,6,1598,1,11,4,1,4
2016100090317,1,9,0,9,0,8,0,0,0,0,1,1,6,1,88,11,1398,1,12,-1,-1,-1
2016100090317,2,5,0,18,0,1,0,0,0,0,4,1,5,1,59,9,998,1,3,-1,-1,-1
2016100090337,1,98,0,9,0,5,0,0,0,0,3,1,1,1,44,7,-1,-1,-1,3,1,3
2016100090337,2,9,0,18,0,8,0,0,0,0,1,1,5,2,38,7,1587,1,15,4,2,4
2016100090377,1,9,0,4,0,1,0,0,0,0,1,1,6,2,43,7,1999,1,7,10,1,10
2016100090377,2,9,0,3,0,1,0,0,0,0,2,1,6,1,68,10,1968,2,1,7,2,7
2016100090377,3,9,0,3,0,1,0,0,0,0,2,1,6,2,47,8,1388,1,4,4,1,4
2016100090444,1,9,0,18,0,0,0,0,0,0,1,1,5,1,70,10,-1,-1,-1,4,1,4
2016100090444,2,9,0,18,0,0,0,0,0,0,2,1,5,1,55,8,1398,2,3,5,1,5
2016100090444,3,9,0,18,0,0,0,0,0,0,2,1,5,1,46,8,1598,1,3,5,1,5
2016100090444,4,9,3,18,0,0,0,0,0,0,2,1,5,1,68,10,-1,-1,-1,4,1,4
2016100090554,1,9,0,5,0,2,0,0,0,0,3,1,5,1,60,9,2191,2,2,7,3,7
2016100090554,2,9,0,18,0,8,0,0,7,11,1,1,5,1,31,6,1995,2,9,-1,-1,-1
2016100090559,1,9,0,7,0,5,2,0,1,2,4,1,6,1,28,6,1596,1,9,-1,-1,-1
2016100090569,1,9,0,18,0,0,0,0,0,0,1,1,5,1,65,9,1242,1,11,-1,-1,-1
2016100090606,1,9,0,4,0,0,0,0,0,0,1,1,6,1,43,7,1968,2,11,-1,-1,-1
2016100090606,2,9,0,4,0,0,0,0,0,0,2,1,5,2,26,6,999,1,2,8,2,8
2016100090608,1,9,0,18,0,8,5,0,0,0,3,1,5,1,20,4,1995,1,12,-1,-1,-1
2016100090693,1,11,0,18,0,0,0,0,0,0,1,1,1,1,52,8,9360,2,4,-1,-1,-1
2016100090693,2,9,0,2,0,0,0,0,0,0,3,1,5,2,34,6,1560,2,5,-1,-1,-1
2016100090727,1,-1,0,18,0,0,0,0,0,0,1,1,6,1,47,8,-1,-1,-1,-1,-1,-1
2016100090727,2,9,0,3,0,0,0,0,0,0,2,1,5,1,74,10,1299,1,9,4,1,4
2016100090882,1,9,0,18,0,0,0,0,0,0,1,1,6,2,73,10,998,1,6,8,1,8
2016100090882,2,9,0,2,0,0,0,0,0,0,3,1,6,1,73,10,1598,1,6,8,1,8
2016100090890,1,-1,0,18,0,2,0,0,0,0,1,1,6,3,-1,-1,-1,-1,-1,-1,-1,-1
2016100091002,1,9,0,1,0,1,0,0,0,0,3,1,6,1,23,5,1896,2,13,3,1,3
2016100091002,2,9,0,9,0,1,0,0,0,0,3,1,6,2,46,8,1686,2,12,7,1,7
2016100091091,1,2,0,14,0,2,0,0,0,0,1,1,5,2,16,4,49,1,1,3,1,3
2016100091091,2,2,0,14,0,2,0,0,0,0,1,1,5,1,16,4,49,1,3,9,1,9
2016100091091,3,9,0,18,0,1,0,0,0,0,0,1,5,2,34,6,1968,2,2,3,1,3
2016100091091,4,9,0,2,0,2,0,0,0,0,1,1,6,1,27,6,1149,1,10,3,1,3
2016100091116,1,8,0,4,0,0,0,0,0,0,4,1,1,1,41,7,1910,2,6,4,1,4
2016100091228,1,9,0,17,0,0,0,0,1,0,1,1,1,1,66,10,2902,2,12,1,1,1
2016100091245,1,5,0,13,0,0,0,0,1,0,1,1,5,1,61,9,996,1,8,-1,-1,-1
2016100091245,2,9,0,18,0,0,0,0,0,0,1,1,5,1,65,9,2494,2,1,-1,-1,-1
2016100091245,3,21,0,18,0,0,0,0,0,0,0,1,1,1,62,9,-1,2,12,-1,-1,-1
2016100091316,1,9,0,18,0,1,0,0,0,0,1,1,6,2,42,7,1124,1,8,5,1,5
2016100091362,1,9,0,9,0,6,0,0,0,0,1,1,6,1,27,6,1229,1,1,-1,-1,-1
2016100091362,2,98,0,18,0,8,0,0,0,0,4,1,1,1,43,7,-1,-1,-1,1,1,1
2016100091475,1,9,0,5,0,1,0,0,0,0,0,1,6,3,-1,-1,1796,1,15,-1,-1,-1
2016100091475,2,9,0,4,0,2,0,0,0,0,2,1,5,1,45,7,1598,1,12,5,1,5
2016100091475,3,9,0,18,0,2,0,0,0,0,1,1,5,1,24,5,2148,2,13,2,1,2
2016100091616,1,9,0,18,0,0,1,0,7,9,1,1,2,2,24,5,1399,1,10,5,1,5
2016100091807,1,9,0,18,0,0,2,0,0,0,4,1,6,1,20,4,1598,1,1,9,1,9
2016100091807,2,9,0,18,0,0,0,0,0,0,0,1,6,1,19,4,973,1,14,3,1,3
2016100091807,3,9,0,18,0,0,2,0,1,4,3,1,6,2,63,9,998,1,1,4,1,4
2016100091816,1,9,0,18,0,1,0,0,0,0,1,1,6,1,68,10,1198,1,7,7,1,7
2016100091846,1,9,0,18,0,1,2,0,7,11,1,1,6,1,28,6,2171,2,13,2,2,2
2016100091851,1,3,0,12,0,7,5,0,0,0,3,1,5,1,40,7,124,1,5,1,1,1
2016100091851,2,19,1,18,0,8,0,0,0,0,4,1,1,1,48,8,2198,2,3,1,1,1
2016100091944,1,9,0,18,0,1,1,0,0,0,1,1,6,2,22,5,1390,1,14,3,1,3
2016100091944,2,9,0,3,0,1,0,0,0,0,2,1,6,1,63,9,1461,2,1,9,1,9
2016100091944,3,9,0,3,0,1,0,0,0,0,2,1,6,2,35,6,1395,1,2,8,1,8
2016100091982,1,9,0,17,0,0,0,0,4,6,3,1,5,1,71,10,1910,2,8,4,1,4
2016100092028,1,1,0,18,0,1,0,0,0,0,0,1,2,1,31,6,-1,-1,-1,6,1,6
2016100092028,2,9,0,4,0,1,0,0,0,0,0,1,2,1,-1,-1,2143,2,-1,7,1,7
2016100092048,1,1,0,18,0,6,0,0,0,0,1,1,2,2,30,6,-1,-1,-1,-1,-1,-1
2016100092048,2,11,0,18,0,8,0,0,0,0,4,1,1,1,32,6,-1,2,7,-1,-1,-1