Accident_Index,Vehicle_Reference,Vehicle_Type,Towing_and_Articulation,Vehicle_Manoeuvre,Vehicle_Location-Restricted_Lane,Junction_Location,Skidding_and_Overturning,Hit_Object_in_Carriageway,Vehicle_Leaving_Carriageway,Hit_Object_off_Carriageway,1st_Point_of_Impact,Was_Vehicle_Left_Hand_Drive?,Journey_Purpose_of_Driver,Sex_of_Driver,Age_of_Driver,Age_Band_of_Driver,Engine_Capacity_(CC),Propulsion_Code,Age_of_Vehicle,Driver_IMD_Decile,Driver_Home_Area_Type,Vehicle_IMD_Decile
2016100092088,1,8,0,1,0,0,0,0,0,0,2,1,1,3,-1,-1,-1,-1,-1,-1,-1,-1
2016100092112,1,19,0,5,0,0,0,0,0,0,3,1,2,1,31,6,1461,2,-1,3,2,3
2016100092112,2,3,0,18,0,0,5,0,0,0,1,1,6,1,22,5,124,1,13,1,1,1
2016100092135,1,9,0,6,0,0,0,0,0,0,1,1,5,1,36,7,1560,2,-1,2,1,2
2016100092135,2,9,0,18,0,0,0,0,0,0,1,1,5,2,25,5,1598,1,11,3,1,3
2016100092136,1,8,0,18,0,1,0,0,0,0,1,1,1,1,51,8,1997,2,9,6,1,6
2016100092136,2,9,0,6,0,1,0,0,0,0,0,1,5,1,32,6,1968,2,8,1,1,1
2016100092136,3,9,0,4,0,1,0,0,0,0,2,1,5,1,34,6,1598,1,1,2,1,2
2016100092180,1,9,0,18,0,0,0,0,0,0,1,1,5,2,24,5,1598,1,5,5,1,5
2016100092210,1,-1,0,18,0,0,0,0,0,0,0,1,6,3,-1,-1,-1,-1,-1,-1,-1,-1
2016100092210,2,9,0,18,0,0,0,0,1,2,4,1,5,1,34,6,1398,2,3,3,1,3
2016100092468,1,9,0,18,0,0,0,0,0,0,1,1,5,2,81,11,1197,1,2,10,2,10
2016100092468,2,9,0,18,0,0,1,0,7,0,2,1,5,1,37,7,1598,1,9,2,1,2
2016100092533,1,9,0,18,0,2,0,0,0,0,1,1,6,3,-1,-1,-1,-1,-1,-1,-1,-1
2016100092533,2,9,0,2,0,2,0,0,0,0,4,1,6,2,45,7,2231,2,8,2,1,2
2016100092590,1,9,0,18,0,1,0,0,0,0,1,1,6,1,19,4,1560,2,7,1,1,1
2016100092590,2,9,0,3,0,1,0,0,0,0,2,1,6,2,34,6,1199,1,13,5,1,5
2016100092676,1,5,0,4,0,0,2,0,1,0,1,1,5,1,51,8,1198,1,5,5,1,5
2016100092696,1,11,0,18,0,0,0,0,0,0,0,1,1,1,62,9,9000,5,2,5,1,5
2016100092801,1,9,0,18,0,0,0,0,0,0,1,1,5,1,18,4,1149,1,10,4,3,4
2016100092801,2,9,0,4,0,0,0,0,0,0,2,1,5,1,50,8,2521,1,8,3,1,3
2016100092801,3,9,0,4,0,0,0,0,0,0,2,1,5,1,47,8,1461,2,6,8,1,8
2016100092804,1,9,0,18,0,8,0,0,0,0,1,1,5,1,31,6,1796,1,8,2,1,2
2016100092804,2,19,0,3,0,8,0,0,0,0,2,1,5,1,59,9,1560,2,7,3,1,3
2016100092804,3,9,0,3,0,8,0,0,0,0,2,1,5,2,20,4,1242,1,3,6,1,6
2016100092804,4,9,0,3,0,8,0,0,0,0,2,1,5,2,44,7,1598,1,2,3,1,3
2016100092829,1,9,0,18,0,1,0,0,0,0,1,1,6,1,23,5,2198,2,10,3,1,3
2016100092829,2,9,0,3,0,1,0,0,0,0,2,1,5,2,59,9,1598,2,1,4,1,4
2016100092829,3,9,0,3,0,1,0,0,0,0,2,1,5,2,27,6,1968,2,9,1,1,1
2016100092851,1,19,0,5,0,4,0,0,0,0,3,1,1,1,54,8,2298,2,1,3,2,3
2016100092851,2,1,0,18,0,8,0,0,0,0,1,1,5,1,41,7,-1,-1,-1,10,1,10
2016100092857,1,9,0,4,0,0,0,0,0,0,1,1,5,1,44,7,1461,2,-1,8,1,8
2016100092857,2,9,0,3,0,0,0,0,0,0,2,1,5,2,70,10,1685,2,-1,3,3,3
2016100092857,3,9,0,3,0,0,0,0,0,0,2,1,5,1,50,8,1999,2,1,2,2,2
2016100092871,1,9,0,4,0,1,0,0,0,0,1,1,6,1,30,6,1199,1,15,-1,-1,-1
2016100092871,2,9,0,4,0,1,0,0,0,0,3,1,1,1,31,6,-1,-1,-1,3,1,3
2016100092877,1,3,0,18,0,1,0,9,0,0,4,1,5,1,24,5,124,1,-1,7,1,7
2016100092878,1,9,0,10,0,1,0,0,0,0,1,1,5,1,58,9,1991,2,11,-1,-1,-1
2016100092878,2,9,0,18,0,1,0,0,0,0,3,1,5,1,47,8,2776,2,10,-1,-1,-1
2016100092886,1,90,0,17,0,1,1,0,0,0,1,1,2,1,25,5,-1,-1,-1,-1,-1,-1
2016100092886,2,9,0,4,0,8,0,0,0,0,2,1,5,1,51,8,1560,2,5,-1,-1,-1
2016100092929,1,9,0,18,0,0,0,0,0,0,1,1,5,1,17,4,1198,1,9,8,1,8
2016100092929,2,8,0,18,0,0,0,0,0,0,1,1,1,1,37,7,1896,2,11,-1,-1,-1
2016100092929,3,8,0,18,0,0,0,0,0,0,1,1,1,1,36,7,1896,2,9,-1,-1,-1
2016100092972,1,97,0,18,0,0,0,0,0,0,1,1,6,3,-1,-1,-1,-1,-1,-1,-1,-1
2016100092981,1,9,0,11,0,4,0,0,0,0,1,1,5,1,-1,-1,-1,-1,-1,-1,-1,-1
2016100092981,2,9,0,17,0,4,0,0,0,0,3,1,5,1,37,7,1248,2,9,3,1,3
2016100093021,1,9,0,18,0,1,0,0,0,0,1,1,6,1,27,6,-1,-1,-1,8,1,8
2016100093021,2,9,0,8,0,1,0,0,0,0,2,1,5,1,31,6,1149,1,12,2,2,2
2016100093026,1,11,0,5,0,1,0,0,0,0,0,1,1,2,57,9,4250,2,8,7,1,7
2016100093102,1,11,0,3,0,1,0,0,0,0,0,1,1,1,52,8,9360,2,3,5,1,5
2016100093240,1,9,0,1,0,2,0,0,1,0,3,1,1,1,69,10,1968,2,4,8,1,8
2016100093251,1,9,0,5,0,4,5,0,0,0,3,1,5,2,71,10,998,1,-1,7,1,7
2016100093251,2,9,0,18,0,8,1,0,0,0,1,1,5,2,40,7,1598,2,1,7,1,7
2016100093258,1,9,0,4,0,8,0,0,0,0,1,1,6,2,50,8,1968,2,3,-1,-1,-1
2016100093258,2,9,0,4,0,8,0,0,0,0,2,1,5,1,17,4,1560,2,3,-1,-1,-1
2016100093279,1,9,0,18,0,1,0,0,0,0,4,1,2,1,28,6,1896,2,10,9,1,9
2016100093280,1,9,0,18,0,0,0,0,0,0,1,1,5,2,25,5,1998,1,13,5,3,5
2016100093280,2,9,0,4,0,0,0,0,0,0,2,1,6,1,30,6,1956,2,3,4,1,4
2016100093283,1,9,0,18,0,1,0,0,1,1,3,1,6,1,35,6,1348,1,15,-1,-1,-1
2016100093283,2,9,0,2,0,1,0,0,0,0,4,1,6,3,-1,-1,-1,-1,-1,-1,-1,-1
2016100093284,1,9,0,18,0,1,0,0,0,0,1,1,6,3,-1,-1,-1,-1,-1,-1,-1,-1
2016100093306,1,19,0,1,0,8,0,0,0,0,2,1,1,1,49,8,2402,2,5,2,1,2
2016100093306,2,3,0,3,0,8,0,0,0,0,1,1,5,2,23,5,125,1,5,7,1,7
2016100093316,1,9,0,7,0,6,1,0,0,11,2,1,6,1,21,5,1560,2,11,2,1,2
2016100093342,1,9,0,13,0,8,0,0,0,0,4,1,1,1,41,7,1968,2,-1,6,3,6
2016100093342,2,9,0,9,0,5,0,0,0,0,3,1,5,2,17,4,1398,1,4,10,2,10
2016100093391,1,19,0,18,0,6,0,0,0,0,4,1,1,1,63,9,1560,2,3,5,1,5
2016100093391,2,19,0,18,0,8,0,0,0,0,1,1,1,1,39,7,2143,2,5,1,1,1
2016100093579,1,9,0,9,0,5,0,0,0,0,1,1,5,2,19,4,998,1,-1,9,1,9
2016100093579,2,9,0,18,0,8,0,0,0,0,1,1,5,1,18,4,1149,1,10,9,1,9
2016100093620,1,9,0,7,0,0,0,0,0,0,1,1,5,1,17,4,1388,1,9,9,1,9
2016100093620,2,9,0,18,0,0,0,0,0,0,1,1,5,1,25,5,1968,2,6,9,1,9
2016100093670,1,9,0,9,0,8,0,0,0,0,1,1,6,1,26,6,-1,-1,-1,-1,-1,-1
2016100093670,2,9,0,18,0,8,0,0,0,0,1,1,5,2,19,4,1197,1,5,3,1,3
2016100093696,1,9,0,18,0,8,0,0,0,0,4,1,1,1,66,10,1595,7,5,2,1,2
2016100093696,2,21,1,7,0,6,0,0,0,0,3,1,1,1,54,8,10308,2,11,1,1,1
2016100093734,1,19,0,4,0,0,0,0,0,0,1,1,2,1,32,6,2198,2,1,2,1,2
2016100093833,1,97,0,18,0,0,0,0,0,0,1,1,6,1,25,5,-1,-1,-1,-1,-1,-1
2016100093833,2,9,0,18,0,0,0,0,0,0,3,1,6,1,27,6,1587,1,14,-1,-1,-1
2016100093878,1,9,0,4,0,1,0,0,0,0,1,1,5,2,27,6,1461,2,1,10,1,10
2016100093878,2,9,0,3,0,1,0,0,0,0,2,1,5,2,27,6,1598,1,5,3,2,3
2016100093967,1,9,0,4,0,0,0,0,0,0,1,1,6,3,-1,-1,1998,2,12,-1,-1,-1
2016100093967,2,19,0,3,0,0,0,0,0,0,2,1,6,2,58,9,1560,2,7,5,1,5
2016100093998,1,9,0,4,0,1,0,1,0,0,1,1,6,1,21,5,999,1,1,2,1,2
2016100093998,2,9,0,3,0,1,0,0,0,0,2,1,6,2,31,6,1798,1,6,4,1,4
2016100094016,1,9,0,13,0,1,0,0,0,0,0,1,6,1,49,8,1560,2,5,2,2,2
2016100094016,2,11,0,18,0,1,0,0,0,0,0,1,1,1,61,9,4250,2,8,1,1,1
2016100094019,1,9,0,18,0,1,0,0,0,0,1,1,6,3,-1,-1,-1,-1,-1,-1,-1,-1
2016100094019,2,1,0,18,0,1,0,0,0,0,1,1,6,1,39,7,-1,-1,-1,7,1,7
2016100094022,1,9,0,11,0,1,0,0,0,0,4,1,1,1,40,7,1896,2,11,1,1,1
2016100094022,2,3,0,18,0,1,0,0,0,0,3,1,2,1,46,8,124,1,-1,3,1,3
2016100094053,1,9,0,18,0,1,0,0,0,0,1,1,6,1,60,9,1598,1,4,5,2,5
2016100094180,1,9,0,18,0,0,0,0,0,0,1,1,5,2,61,9,1599,1,15,4,1,4
2016100094180,2,9,0,4,0,0,0,0,0,0,2,1,1,1,44,7,1956,2,1,10,2,10
2016100094180,3,9,0,4,0,0,0,0,0,0,2,1,5,1,55,8,-1,-1,-1,8,1,8
2016100094181,1,9,0,9,0,8,0,0,0,0,4,1,5,1,17,4,1197,1,2,2,1,2
2016100094181,2,9,0,18,0,8,0,0,0,0,1,1,2,1,22,5,1242,1,13,1,1,1
2016100094184,1,19,0,18,0,1,0,0,0,0,4,1,6,1,53,8,1598,2,-1,-1,-1,-1
2016100094184,2,17,4,4,0,1,1,0,0,0,1,1,1,1,24,5,-1,-1,-1,6,3,6
2016100094186,1,21,0,18,0,0,0,0,0,0,1,1,1,1,59,9,6692,2,5,-1,-1,-1
2016100094186,2,9,0,18,0,0,1,0,7,0,4,1,6,1,43,7,2993,2,4,3,1,3
2016100094216,1,9,0,18,0,8,5,0,0,1,1,1,6,1,19,4,-1,-1,-1,4,1,4
2016100094303,1,9,0,4,0,1,0,0,0,0,1,1,6,1,30,6,2926,2,17,1,1,1
2016100094303,2,9,0,3,0,1,0,0,0,0,2,1,6,1,39,7,1796,1,12,1,1,1
2016100094393,1,-1,0,18,0,1,0,0,0,0,-1,1,6,3,-1,-1,-1,-1,-1,-1,-1,-1
2016100094393,2,9,0,8,0,1,0,0,0,0,2,1,6,2,45,7,1794,1,14,5,1,5
2016100094401,1,9,0,13,0,0,1,10,1,6,2,1,6,1,19,4,1896,2,11,2,1,2
2016100094416,1,9,0,18,0,1,1,0,0,7,3,1,6,1,45,7,1986,2,8,4,1,4
2016100094632,1,9,0,17,0,0,5,0,0,0,1,1,6,1,20,4,1124,1,19,-1,-1,-1
2016100094680,1,9,0,18,0,0,0,0,0,0,4,1,6,2,-1,-1,1560,2,2,-1,-1,-1
2016100094680,2,9,0,2,0,0,0,0,0,0,3,1,6,3,-1,-1,-1,-1,-1,-1,-1,-1
2016100094704,1,9,0,18,0,0,0,0,0,0,1,1,6,2,62,9,1198,1,-1,6,3,6
2016100094704,2,21,0,18,0,0,0,0,0,0,1,1,1,1,48,8,5880,2,10,2,1,2
2016100094707,1,9,0,9,0,6,0,0,0,0,1,1,6,1,69,10,1398,2,2,1,1,1
2016100094707,2,1,0,18,0,1,0,0,0,0,4,1,6,1,61,9,-1,-1,-1,4,1,4
2016100094816,1,9,0,18,0,1,0,0,0,0,1,1,6,1,30,6,1995,2,7,5,1,5
2016100094816,2,9,0,3,0,1,0,0,0,0,2,1,2,1,50,8,1461,2,3,7,2,7
2016100094818,1,11,0,18,0,0,0,0,0,0,1,1,1,3,-1,-1,-1,-1,-1,-1,-1,-1
2016100094853,1,97,0,7,0,6,0,0,0,0,1,1,6,3,-1,-1,-1,-1,-1,-1,-1,-1
2016100094853,2,1,0,4,0,1,0,0,0,0,1,1,5,1,14,3,-1,-1,-1,2,1,2
2016100094883,1,21,1,4,0,2,0,0,0,0,1,1,1,1,55,8,10837,2,5,-1,-1,-1
2016100094883,2,9,0,4,0,2,0,0,0,0,1,1,5,1,57,9,1599,1,10,-1,-1,-1
2016100094883,3,9,0,3,0,2,0,0,0,0,2,1,5,1,45,7,1910,2,9,-1,-1,-1
2016100094883,4,9,0,3,0,2,0,0,0,0,2,1,5,2,53,8,1399,1,10,-1,-1,-1
2016100094884,1,9,0,5,0,4,0,0,0,0,3,1,5,1,53,8,2184,2,10,8,2,8
2016100094884,2,1,0,9,4,8,0,0,0,0,1,1,5,1,60,9,-1,-1,-1,6,1,6
2016100094917,1,9,0,17,0,0,2,0,2,11,0,1,5,1,29,6,1799,1,7,4,3,4
2016100094945,1,9,0,18,0,0,0,0,2,0,1,1,1,1,21,5,1560,2,1,-1,-1,-1
2016100094947,1,9,0,18,0,0,0,0,0,0,1,1,5,2,34,6,-1,-1,-1,-1,-1,-1
2016100094947,2,21,1,18,0,0,0,0,0,0,2,1,1,1,63,9,12902,2,3,-1,-1,-1
2016100094947,3,9,0,18,0,0,0,0,0,0,0,1,6,3,-1,-1,-1,-1,-1,-1,-1,-1
2016100095016,1,9,0,18,0,1,0,0,0,0,1,1,6,2,20,4,998,1,2,1,1,1
2016100095016,2,2,0,10,0,1,0,0,0,0,2,1,6,2,39,7,49,1,6,3,1,3
2016100095020,1,5,0,16,0,0,0,0,0,0,1,1,5,1,56,9,624,1,13,-1,-1,-1
2016100095020,2,9,0,18,0,0,1,0,0,0,1,1,5,1,59,9,1998,2,12,-1,-1,-1
2016100095116,1,9,0,18,0,1,0,0,0,0,1,1,6,2,21,5,1390,1,15,7,1,7
2016100095116,2,9,0,18,0,1,0,0,0,0,2,1,6,2,73,10,1796,1,6,5,1,5
2016100095137,1,9,0,9,0,5,0,0,0,0,1,1,6,2,18,4,1299,1,14,4,1,4
2016100095137,2,1,0,18,0,8,0,0,0,0,3,1,6,1,57,9,-1,-1,-1,10,1,10
2016100095207,1,9,0,7,0,5,0,0,0,0,1,1,6,3,-1,-1,1896,2,8,-1,-1,-1
2016100095216,1,19,0,12,0,1,0,0,0,0,4,1,1,1,57,9,2198,2,4,7,1,7
2016100095228,1,9,0,5,0,4,0,0,0,0,1,1,6,2,44,7,1242,1,6,4,1,4
2016100095228,2,1,0,18,0,8,0,0,0,0,4,1,2,1,33,6,-1,-1,-1,10,1,10
2016100095368,1,9,0,18,0,1,0,0,0,0,1,1,5,2,43,7,1061,1,12,9,1,9
2016100095368,2,9,0,3,0,1,0,0,0,0,2,1,5,2,27,6,1149,1,12,-1,-1,-1
2016100095416,1,9,0,18,0,0,0,12,0,0,1,1,6,1,25,5,1796,1,8,7,1,7
2016100095445,1,9,0,11,0,0,0,0,0,0,4,1,5,1,21,5,1560,2,7,5,1,5
2016100095445,2,11,0,18,0,0,0,0,0,0,3,1,1,1,40,7,6370,2,6,2,1,2
2016100095512,1,3,0,18,0,1,2,0,0,0,1,1,5,1,17,4,124,1,10,4,1,4
2016100095512,2,9,0,6,0,6,0,0,0,0,3,1,5,1,56,9,1388,1,9,4,1,4
2016100095616,1,9,0,18,0,2,0,0,0,0,1,1,1,1,26,6,1461,2,3,4,1,4
2016100095852,1,9,0,16,0,0,1,0,8,0,4,1,1,1,19,4,1242,1,5,6,3,6
2016100095888,1,1,0,12,0,0,0,0,0,0,2,1,6,3,-1,-1,-1,-1,-1,-1,-1,-1
2016100095888,2,11,0,4,0,0,0,0,0,0,1,1,1,1,28,6,-1,2,16,5,1,5
2016100095994,1,11,0,4,0,1,0,0,0,0,0,1,1,1,52,8,4250,2,5,3,1,3
2016100096016,1,9,0,1,0,1,0,0,0,0,2,1,6,3,-1,-1,998,1,10,-1,-1,-1
2016100096016,2,9,0,2,0,1,0,0,0,0,1,1,6,1,32,6,1296,1,8,4,1,4
2016100096040,1,9,0,5,0,1,0,0,0,0,1,1,6,1,57,9,1461,2,2,2,1,2
2016100096040,2,9,0,18,0,8,0,0,0,0,4,1,6,1,24,5,1984,1,1,8,1,8
2016100096044,1,-1,0,18,0,0,0,0,0,0,1,1,6,3,-1,-1,-1,-1,-1,-1,-1,-1
2016100096044,2,9,0,3,0,0,0,0,0,0,2,1,5,1,65,9,1997,2,-1,4,1,4
2016100096060,1,9,0,9,0,6,1,4,3,0,1,1,6,1,25,5,1598,2,-1,1,1,1
2016100096060,2,9,0,2,0,8,0,0,0,0,3,1,5,1,-1,-1,1596,1,12,-1,-1,-1
2016100096084,1,9,0,18,0,1,0,0,0,0,1,1,5,1,35,6,1299,1,16,2,1,2
2016100096084,2,9,0,9,0,5,0,0,0,0,2,1,6,2,32,6,998,1,4,2,1,2
2016100096138,1,1,0,18,0,1,0,0,0,0,1,1,6,1,30,6,-1,-1,-1,4,1,4
2016100096138,2,9,0,9,0,5,0,0,0,0,4,1,6,1,59,9,1197,1,1,4,1,4
2016100096172,1,11,0,5,0,1,0,0,0,0,0,1,6,1,51,8,9360,2,4,2,1,2
2016100096258,1,9,0,18,0,0,0,0,0,0,1,1,6,1,61,9,1560,2,3,6,1,6
2016100096367,1,9,0,18,0,0,0,0,0,0,1,1,2,1,59,9,1796,1,5,-1,-1,-1
2016100096367,2,9,0,3,0,0,0,0,0,0,2,1,6,2,25,5,1197,1,1,3,1,3
2016100096367,3,9,0,3,0,0,0,0,0,0,2,1,6,1,36,7,1598,2,-1,6,1,6
2016100096419,1,9,0,18,0,0,0,10,4,0,3,2,5,1,54,8,2993,2,3,9,1,9
2016100096451,1,9,0,18,2,1,0,0,0,0,1,1,1,1,30,6,1242,1,10,2,1,2
2016100096451,2,9,0,9,0,5,0,0,0,0,4,1,5,1,52,8,1596,1,5,10,1,10
2016100096557,1,9,0,-1,-1,-1,0,-1,-1,0,-1,1,6,3,-1,-1,-1,-1,-1,-1,-1,-1
2016100096582,1,9,0,17,0,1,0,0,0,0,1,1,6,2,25,5,999,1,-1,1,1,1
2016100096582,2,9,0,16,0,1,0,0,0,0,3,1,6,1,31,6,1956,2,2,7,1,7
2016100096680,1,9,0,18,0,0,0,0,0,0,1,1,5,1,45,7,998,1,3,2,1,2
2016100096680,2,9,0,18,0,0,0,0,0,0,2,1,1,1,55,8,1910,2,9,2,1,2
2016100096927,1,3,0,18,0,4,1,10,1,0,3,1,5,1,15,3,124,1,1,2,2,2
2016100097036,1,9,0,18,0,1,0,0,0,0,-1,1,6,3,-1,-1,1596,1,14,-1,-1,-1
2016100097036,2,9,0,8,0,1,0,0,0,0,2,1,6,1,51,8,1560,2,3,3,1,3
2016100097063,1,9,0,5,0,1,0,0,0,0,1,1,6,3,-1,-1,-1,-1,-1,-1,-1,-1
2016100097063,2,9,0,3,0,1,0,0,0,0,2,1,2,2,22,5,1368,1,6,2,1,2
2016100097067,1,5,0,16,0,2,0,0,0,0,1,1,6,1,52,8,748,1,6,4,1,4
2016100097067,2,9,0,17,0,1,0,0,0,0,1,1,6,1,46,8,1956,2,3,10,1,10
2016100097116,1,9,0,15,0,0,0,0,0,0,1,1,6,1,-1,-1,1489,1,21,5,2,5
2016100097116,2,9,0,18,0,0,0,0,0,0,3,1,3,1,69,10,1242,1,13,-1,-1,-1
2016100097127,1,9,0,4,0,1,0,0,0,0,1,1,6,1,19,4,1598,1,14,-1,3,-1
2016100097127,2,19,0,3,0,1,0,0,0,0,2,1,6,1,44,7,2198,2,6,-1,3,-1
2016100097140,1,9,0,5,0,4,0,0,0,0,1,1,5,1,65,9,1598,1,11,-1,-1,-1
2016100097140,2,9,0,18,0,1,0,0,0,0,4,1,5,1,55,8,998,1,3,-1,-1,-1
2016100097140,3,9,0,7,0,1,0,0,0,0,0,1,1,1,62,9,-1,-1,-1,-1,-1,-1
2016100097200,1,9,0,18,0,8,0,0,0,0,1,1,5,1,70,10,1769,1,11,3,1,3
2016100097200,2,9,0,9,0,8,0,0,0,0,1,1,1,1,53,8,-1,-1,-1,7,1,7
2016100097202,1,90,0,18,0,0,2,0,0,0,4,1,1,1,38,7,-1,-1,-1,-1,-1,-1
2016100097202,2,9,0,4,0,0,0,0,0,0,2,1,5,1,82,11,1242,1,2,-1,-1,-1
2016100097235,1,9,0,4,0,0,1,0,0,0,1,2,5,1,24,5,-1,-1,-1,-1,-1,-1
2016100097235,2,9,0,4,0,0,0,0,0,0,2,1,5,1,44,7,1582,2,1,-1,-1,-1
2016100097248,1,9,0,9,0,1,0,0,0,0,4,1,5,2,20,4,1198,1,14,2,1,2
2016100097248,2,1,0,18,0,1,0,0,0,0,1,1,5,1,55,8,-1,-1,-1,-1,-1,-1
2016100097272,1,9,0,14,0,1,1,4,0,0,4,1,5,2,86,11,1598,1,4,10,1,10
2016100097272,2,9,0,2,0,1,0,0,0,0,3,1,5,1,26,6,1600,2,6,-1,-1,-1
2016100097277,1,5,0,16,0,1,0,0,0,0,1,1,6,1,33,6,599,1,13,1,1,1
2016100097277,2,9,0,9,0,8,0,0,0,0,1,1,5,2,27,6,1560,2,1,3,1,3
2016100097277,3,9,0,3,0,2,0,0,0,0,1,1,6,2,22,5,1200,1,3,4,1,4
2016100097280,1,9,0,18,0,0,5,0,7,4,1,1,5,1,40,7,1360,1,13,2,1,2
2016100097286,1,9,0,16,0,0,1,0,7,0,1,1,6,1,27,6,1595,1,18,-1,-1,-1
2016100097286,2,9,0,2,0,0,0,0,0,0,1,1,6,3,-1,-1,-1,-1,-1,-1,-1,-1
2016100097286,3,9,0,2,0,0,0,0,0,0,1,1,6,3,-1,-1,-1,-1,-1,-1,-1,-1
2016100097286,4,9,0,2,0,0,0,0,0,0,1,1,6,3,-1,-1,-1,-1,-1,-1,-1,-1
2016100097286,5,9,0,16,0,0,0,0,0,0,0,1,1,1,40,7,1598,2,2,-1,-1,-1
2016100097289,1,9,0,12,0,0,2,0,1,9,1,1,5,2,39,7,1198,1,8,7,1,7
2016100097289,2,9,0,18,0,0,0,0,0,0,0,1,5,2,26,6,1968,2,1,5,3,5
2016100097291,1,9,0,4,0,8,0,0,0,0,2,1,5,2,55,8,1242,1,14,9,1,9
2016100097291,2,9,0,3,0,8,0,0,0,0,2,1,5,1,62,9,1398,1,3,-1,-1,-1
2016100097291,3,9,0,3,0,8,0,0,0,0,2,1,5,2,67,10,1388,1,5,-1,-1,-1
2016100097291,4,9,0,3,0,8,0,0,0,0,2,1,5,1,42,7,1956,2,6,-1,-1,-1
2016100097293,1,9,0,18,0,0,0,0,1,7,1,1,6,1,38,7,1587,1,10,7,1,7
2016100097293,2,9,0,18,0,0,0,0,0,0,2,1,6,1,53,8,2148,2,11,3,1,3
2016100097302,1,4,0,5,0,6,0,0,0,0,4,1,2,1,19,4,471,1,-1,7,3,7
2016100097302,2,9,0,18,0,8,0,0,0,0,1,1,6,1,75,10,2401,2,9,10,2,10
2016100097302,3,9,0,5,0,8,0,0,0,0,4,1,6,1,66,10,1995,2,-1,-1,1,-1
2016100097315,1,9,0,18,0,1,0,0,0,0,1,1,5,1,49,8,1560,2,7,6,3,6
2016100097316,1,9,0,7,0,6,0,0,0,0,1,1,2,2,25,5,1587,1,11,2,1,2
2016100097316,2,1,0,18,0,8,0,0,0,0,2,1,6,1,26,6,-1,-1,-1,2,1,2
2016100097335,1,9,0,18,0,8,0,0,0,0,4,1,6,3,-1,-1,-1,-1,-1,-1,-1,-1
2016100097416,1,9,0,18,0,1,0,0,0,0,1,1,2,2,46,8,1600,2,7,10,2,10
2016100097416,2,9,0,3,0,1,0,0,0,0,2,1,6,2,66,10,-1,-1,-1,6,2,6
2016100097416,3,9,0,10,0,1,0,0,0,0,2,1,6,1,50,8,2982,2,3,6,2,6
2016100097442,1,97,0,17,0,0,5,0,1,0,1,1,6,1,52,8,-1,-1,-1,5,1,5
2016100097462,1,9,0,18,0,2,0,0,0,0,1,1,6,3,-1,-1,-1,-1,-1,-1,-1,-1
2016100097532,1,11,0,4,0,1,0,0,0,0,0,1,1,1,42,7,9000,5,2,1,1,1
2016100097567,1,21,1,18,0,1,0,0,0,0,1,1,1,1,53,8,7790,2,10,4,2,4
2016100097567,2,9,0,4,0,1,0,0,0,0,2,1,1,2,54,8,1598,1,3,8,2,8
2016100097609,1,9,0,4,0,1,0,0,0,0,1,1,6,2,52,8,1560,2,9,4,1,4
2016100097609,2,9,0,4,0,1,0,0,0,0,2,1,6,2,54,8,1388,1,14,1,1,1
2016100097713,1,90,0,5,0,6,0,0,0,0,3,1,1,1,33,6,-1,-1,-1,3,3,3
2016100097713,2,9,0,18,0,2,0,0,0,0,4,1,6,2,57,9,1951,2,11,-1,-1,-1
2016100097808,1,9,0,13,0,0,0,0,0,0,1,1,6,3,-1,-1,-1,-1,-1,-1,-1,-1
2016100097808,2,9,0,18,0,0,0,0,0,0,2,1,5,1,65,9,1595,1,10,2,1,2
2016100097829,1,9,0,18,0,1,0,0,0,0,4,1,6,2,51,8,1598,1,11,1,1,1
2016100097829,2,9,0,3,0,1,0,0,0,0,3,1,6,1,54,8,875,1,1,8,1,8
2016100097878,1,-1,0,18,0,0,0,0,0,0,4,1,6,3,-1,-1,-1,-1,-1,-1,-1,-1
2016100097902,1,1,0,18,9,2,0,0,0,0,1,1,2,1,-1,-1,-1,-1,-1,-1,-1,-1
2016100097902,2,11,0,3,0,2,0,0,0,0,0,1,1,1,57,9,-1,-1,-1,-1,-1,-1
2016100097941,1,9,0,18,0,1,1,0,2,1,1,1,6,1,37,7,998,1,17,-1,-1,-1
2016100097945,1,5,0,18,0,1,0,0,0,0,1,1,6,1,61,9,690,1,2,9,1,9
2016100097945,2,9,0,4,0,1,0,0,0,0,2,1,6,2,57,9,1242,1,1,5,1,5
2016100097945,3,9,0,12,0,1,0,0,0,0,0,1,6,3,-1,-1,-1,-1,-1,-1,-1,-1
2016100097945,4,9,0,18,0,1,2,0,0,0,0,1,6,3,-1,-1,-1,-1,-1,-1,-1,-1
2016100098016,1,9,0,18,0,1,1,0,7,3,1,1,6,1,56,9,1840,1,14,-1,1,-1
2016100098068,1,10,0,7,0,6,0,0,0,0,4,1,1,1,37,7,2143,2,5,1,1,1
2016100098098,1,9,0,18,0,1,0,0,0,0,1,1,5,1,66,10,1364,1,4,2,1,2
2016100098098,2,9,0,3,0,1,0,0,0,0,2,1,5,2,35,6,1242,1,13,3,2,3
2016100098099,1,9,0,9,0,5,0,0,0,0,1,1,6,2,39,7,2179,2,4,5,1,5
2016100098099,2,1,0,18,0,1,0,0,0,0,1,1,6,1,52,8,-1,-1,-1,-1,-1,-1
2016100098116,1,9,0,9,0,4,0,0,0,0,1,1,2,2,38,7,1461,2,6,-1,-1,-1