Accident_Index,Vehicle_Reference,Vehicle_Type,Towing_and_Articulation,Vehicle_Manoeuvre,Vehicle_Location-Restricted_Lane,Junction_Location,Skidding_and_Overturning,Hit_Object_in_Carriageway,Vehicle_Leaving_Carriageway,Hit_Object_off_Carriageway,1st_Point_of_Impact,Was_Vehicle_Left_Hand_Drive?,Journey_Purpose_of_Driver,Sex_of_Driver,Age_of_Driver,Age_Band_of_Driver,Engine_Capacity_(CC),Propulsion_Code,Age_of_Vehicle,Driver_IMD_Decile,Driver_Home_Area_Type,Vehicle_IMD_Decile
2016100105675,2,9,0,3,0,1,0,0,0,0,2,1,6,1,44,7,1997,2,11,1,1,1
2016100105708,1,9,0,18,0,0,0,0,0,0,1,1,1,1,22,5,1598,2,1,-1,-1,-1
2016100105708,2,9,0,18,0,0,0,0,0,0,2,1,6,2,55,8,2401,2,12,-1,3,-1
2016100105754,1,1,0,5,0,4,0,0,0,0,1,1,6,3,-1,-1,-1,-1,-1,-1,-1,-1
2016100105754,2,-1,0,5,0,4,0,0,0,0,3,1,6,2,46,8,-1,-1,-1,9,1,9
2016100105816,1,9,0,18,0,8,0,0,0,0,4,1,3,1,71,10,1686,2,5,2,1,2
2016100105816,2,1,0,18,0,8,0,0,0,0,1,1,6,1,12,3,-1,-1,-1,2,1,2
2016100105850,1,9,0,18,0,1,0,0,0,0,1,1,6,1,45,7,898,1,2,7,1,7
2016100105979,1,9,0,18,0,1,0,1,0,0,1,1,6,2,27,6,1984,1,7,4,1,4
2016100105979,2,9,0,10,0,1,0,0,0,0,2,1,6,2,26,6,1796,1,14,2,1,2
2016100105994,1,9,0,18,0,0,0,0,0,0,1,1,6,1,51,8,2171,2,13,2,2,2
2016100105994,2,9,0,18,0,0,0,0,0,0,1,1,6,2,54,8,1796,1,11,2,2,2
2016100106177,1,9,0,1,0,1,0,0,0,0,2,1,3,1,33,6,1896,2,14,5,1,5
2016100106192,1,9,0,12,0,0,0,0,0,0,1,1,5,2,23,5,1199,1,16,-1,-1,-1
2016100106192,2,9,0,4,0,0,0,0,0,0,2,1,5,1,49,8,1349,1,5,-1,-1,-1
2016100106192,3,9,0,4,0,0,0,0,0,0,2,1,5,1,57,9,1951,2,10,-1,-1,-1
2016100106192,4,9,0,4,0,0,0,0,0,0,2,1,5,1,55,8,1997,2,4,-1,-1,-1
2016100106194,1,9,0,9,0,6,0,0,0,0,3,1,6,1,33,6,2993,2,8,-1,-1,-1
2016100106194,2,9,0,18,0,1,0,0,0,0,1,1,5,1,45,7,1149,1,6,5,1,5
2016100106251,1,1,0,5,0,1,0,0,0,0,1,1,6,3,-1,-1,-1,-1,-1,-1,-1,-1
2016100106251,2,9,0,18,0,1,0,0,0,0,3,1,6,1,34,6,1461,2,1,1,1,1
2016100106271,1,9,0,18,0,1,0,0,0,0,1,1,6,3,-1,-1,-1,-1,-1,-1,-1,-1
2016100106271,2,9,0,3,0,1,0,0,0,0,2,1,6,1,70,10,2198,1,13,2,1,2
2016100106271,3,9,0,3,0,1,0,0,0,0,2,1,6,2,65,9,1596,1,7,9,1,9
2016100106308,1,9,0,16,0,0,5,0,7,11,1,1,2,1,28,6,1598,1,15,5,3,5
2016100106313,1,9,0,18,0,3,0,0,0,0,4,1,3,2,48,8,1896,2,8,8,1,8
2016100106343,1,98,1,10,0,1,0,0,0,0,4,1,1,1,54,8,-1,-1,-1,5,2,5
2016100106343,2,22,0,18,0,1,0,0,0,0,1,1,5,1,77,11,-1,-1,-1,7,1,7
2016100106359,1,9,0,1,0,1,0,0,0,0,2,1,6,1,42,7,1995,2,11,2,1,2
2016100106416,1,9,0,9,0,5,0,0,0,0,4,1,1,2,37,7,1490,1,8,3,1,3
2016100106416,2,1,0,18,0,8,0,0,0,0,1,1,1,1,41,7,-1,-1,-1,1,1,1
2016100106426,1,9,0,7,0,6,0,0,0,0,2,1,6,1,-1,-1,1560,2,6,3,1,3
2016100106426,2,1,0,18,0,2,0,0,0,0,1,1,5,1,42,7,-1,-1,-1,3,1,3
2016100106516,1,9,0,4,0,1,0,0,0,0,1,1,6,2,31,6,1995,2,1,-1,-1,-1
2016100106564,1,9,0,9,0,6,0,0,0,0,1,1,6,1,17,4,1360,1,9,-1,-1,-1
2016100106564,2,9,0,18,0,8,1,0,0,0,3,1,6,1,46,8,1753,2,8,2,1,2
2016100106616,1,9,0,18,0,0,0,0,0,0,1,1,1,1,21,5,-1,-1,-1,7,1,7
2016100106616,2,9,0,2,0,0,0,0,0,0,2,1,6,1,69,10,1956,2,1,9,1,9
2016100106616,3,19,0,2,0,0,0,0,0,0,2,1,1,1,43,7,2198,2,3,3,2,3
2016100106650,1,9,0,18,0,0,0,0,0,0,1,1,5,1,71,10,1329,1,5,-1,-1,-1
2016100106650,2,9,0,18,0,0,0,0,1,0,2,1,5,2,77,11,999,1,8,-1,-1,-1
2016100106655,1,9,0,18,0,0,0,0,0,0,4,1,5,2,46,8,1149,1,17,3,1,3
2016100106655,2,1,0,18,0,0,0,0,1,0,3,1,5,1,47,8,-1,-1,-1,9,1,9
2016100106665,1,9,0,9,0,2,0,0,0,0,4,1,5,1,18,4,1242,1,7,2,1,2
2016100106685,1,19,0,18,0,1,0,0,0,0,1,1,6,3,-1,-1,2198,2,10,3,1,3
2016100106685,2,9,0,3,0,1,0,0,0,0,2,1,5,1,30,6,1198,1,6,10,1,10
2016100106691,1,9,0,18,0,0,0,0,0,0,4,1,6,2,47,8,1400,2,9,9,1,9
2016100106713,1,9,0,18,0,0,0,0,0,0,3,1,6,3,-1,-1,2198,1,8,-1,-1,-1
2016100106713,2,9,0,3,0,0,0,0,0,0,3,1,6,1,26,6,1596,1,2,2,1,2
2016100106716,1,9,0,12,0,1,0,0,0,0,2,1,6,3,-1,-1,-1,-1,-1,-1,-1,-1
2016100106716,2,5,0,18,0,1,0,0,0,0,3,1,2,1,30,6,650,1,13,8,1,8
2016100106716,3,9,0,18,0,1,0,0,0,0,3,1,6,1,45,7,1794,1,13,5,1,5
2016100106770,1,9,0,18,0,0,1,0,2,2,2,1,5,1,19,4,1461,2,5,4,1,4
2016100106805,1,9,0,13,0,0,0,0,0,0,1,1,1,1,41,7,2199,2,3,6,1,6
2016100106805,2,9,0,18,0,0,0,0,0,0,2,1,2,1,59,9,1968,2,1,7,1,7
2016100106806,1,9,0,17,0,0,2,0,2,4,3,1,1,2,18,4,1397,1,9,5,2,5
2016100106819,1,9,0,18,0,8,0,0,0,0,1,1,6,2,25,5,1390,1,6,3,2,3
2016100106819,2,9,0,18,0,8,0,0,0,0,1,1,6,1,71,10,1364,1,10,1,1,1
2016100106847,1,5,0,16,0,0,0,0,0,0,1,1,5,1,55,8,649,1,4,10,1,10
2016100106847,2,9,0,17,0,0,0,0,0,0,3,1,5,1,53,8,1596,1,1,8,1,8
2016100106854,1,-1,0,5,0,4,0,0,0,0,3,1,6,1,-1,-1,-1,-1,-1,-1,-1,-1
2016100106854,2,1,0,18,0,8,0,0,0,0,1,1,6,1,25,5,-1,-1,-1,-1,-1,-1
2016100106916,1,9,0,3,0,0,0,0,0,0,1,1,6,1,-1,-1,-1,-1,-1,-1,-1,-1
2016100106916,2,4,0,3,0,0,0,0,0,0,2,1,2,1,28,6,330,1,1,4,1,4
2016100107071,1,9,0,17,0,0,1,0,1,4,1,1,5,1,17,4,1242,1,9,-1,-1,-1
2016100107095,1,8,0,9,0,8,0,0,0,0,4,1,2,1,61,9,2148,2,8,1,1,1
2016100107116,1,9,0,3,0,1,0,0,0,0,1,1,6,3,-1,-1,2926,2,14,-1,-1,-1
2016100107116,2,9,0,3,0,1,0,0,0,0,2,1,6,2,34,6,1598,1,6,4,2,4
2016100107133,1,-1,0,13,0,2,0,0,0,0,0,1,6,3,-1,-1,-1,-1,-1,-1,-1,-1
2016100107133,2,11,0,18,0,2,0,0,0,0,0,1,1,1,51,8,9360,2,2,2,1,2
2016100107189,1,9,0,3,0,1,0,0,0,0,4,1,6,2,21,5,998,1,3,-1,-1,-1
2016100107189,2,1,0,18,0,1,0,0,0,0,1,1,6,1,24,5,-1,-1,-1,-1,-1,-1
2016100107216,1,9,0,18,0,0,0,0,0,0,1,1,6,2,30,6,1399,1,9,3,1,3
2016100107216,2,19,0,18,0,0,0,0,0,0,1,1,1,1,25,5,1753,2,10,1,1,1
2016100107233,1,-1,0,14,0,0,0,0,0,0,0,1,6,3,-1,-1,-1,-1,-1,-1,-1,-1
2016100107233,2,11,0,5,0,0,0,0,0,0,0,1,1,1,31,6,9000,2,12,-1,-1,-1
2016100107245,1,11,0,18,0,0,0,0,0,0,1,1,1,1,67,10,-1,-1,-1,9,1,9
2016100107285,1,9,0,18,0,0,0,0,0,0,1,1,5,1,20,4,1461,2,5,4,1,4
2016100107285,2,9,0,3,0,0,0,0,0,0,2,1,6,2,47,8,1796,1,14,5,1,5
2016100107285,3,9,0,3,0,0,0,0,0,0,2,1,6,1,74,10,1598,2,3,5,1,5
2016100107348,1,98,0,9,0,5,0,0,0,0,0,1,5,1,26,6,-1,-1,-1,7,3,7
2016100107415,1,19,0,6,0,8,0,0,0,0,1,1,1,1,42,7,2143,2,1,-1,-1,-1
2016100107416,1,9,0,9,0,6,0,0,0,0,1,1,1,1,55,8,2800,2,23,5,1,5
2016100107416,2,1,0,18,0,8,0,0,0,0,4,1,1,1,40,7,-1,-1,-1,6,1,6
2016100107469,1,9,0,12,0,7,0,0,0,0,3,1,5,2,48,8,2143,2,1,10,2,10
2016100107469,2,9,0,18,0,2,0,0,0,0,1,1,5,2,40,7,1686,2,1,5,1,5
2016100107504,1,19,0,6,0,0,0,0,0,0,2,1,1,1,19,4,2198,2,3,8,1,8
2016100107504,2,9,0,18,0,0,0,0,0,0,1,1,1,1,29,6,1797,8,2,1,1,1
2016100107528,1,9,0,18,0,0,0,0,0,0,1,1,6,1,45,7,1973,1,16,3,1,3
2016100107528,2,9,0,3,0,0,0,0,0,0,2,1,1,1,41,7,1968,2,2,7,1,7
2016100107541,1,9,0,18,0,0,0,0,0,0,1,1,6,1,61,9,1997,2,8,3,1,3
2016100107541,2,9,0,3,0,0,0,0,0,0,2,1,5,2,31,6,1896,2,12,5,1,5
2016100107558,1,9,0,18,0,0,0,0,0,0,1,1,5,1,19,4,1329,1,1,4,1,4
2016100107558,2,9,0,18,0,0,0,0,0,0,2,1,5,1,40,7,1598,1,11,4,2,4
2016100107650,1,-1,0,11,0,5,0,0,0,0,0,1,6,3,-1,-1,-1,-1,-1,-1,-1,-1
2016100107650,2,-1,0,12,0,1,0,0,0,0,3,1,6,3,-1,-1,-1,-1,-1,-1,-1,-1
2016100107650,3,5,0,18,0,1,1,7,0,0,1,1,2,1,31,6,599,1,10,2,1,2
2016100107653,1,9,0,5,0,0,0,0,0,0,1,1,5,1,51,8,1896,2,7,2,1,2
2016100107653,2,9,0,4,0,0,0,0,0,0,2,1,5,2,53,8,1198,1,1,3,1,3
2016100107653,3,9,0,4,0,0,0,0,0,0,2,1,5,1,61,9,2993,2,10,10,1,10
2016100107674,1,98,0,18,0,0,0,0,0,0,3,1,6,3,-1,-1,-1,-1,-1,-1,-1,-1
2016100107674,2,9,0,18,0,0,0,0,0,0,3,1,6,1,19,4,1390,1,4,-1,-1,-1
2016100107716,1,9,0,18,0,0,0,4,0,0,4,1,2,2,41,7,1150,1,9,9,1,9
2016100107716,2,9,0,2,0,0,0,0,0,0,3,1,6,2,57,9,1399,1,10,5,1,5
2016100107716,3,9,0,2,0,0,0,0,0,0,2,1,6,2,30,6,998,1,1,5,1,5
2016100107716,4,9,0,2,0,0,0,0,0,0,2,1,6,1,30,6,1395,1,2,5,1,5
2016100107754,1,9,0,18,0,0,0,0,0,0,1,1,6,1,20,4,999,1,1,-1,-1,-1
2016100107754,2,9,0,3,0,0,0,0,0,0,2,1,6,1,61,9,1798,1,5,2,1,2
2016100107772,1,8,0,18,0,1,0,0,0,0,1,1,6,3,-1,-1,-1,-1,-1,-1,-1,-1
2016100107772,2,9,0,3,0,1,0,0,0,0,2,1,5,2,60,9,1796,1,2,2,1,2
2016100107793,1,9,0,9,0,5,0,0,0,0,3,1,6,1,58,9,1975,1,12,-1,-1,-1
2016100107793,2,1,0,18,0,1,0,0,0,0,1,1,6,1,14,3,-1,-1,-1,-1,-1,-1
2016100107816,1,9,0,4,0,0,0,0,0,0,1,1,6,1,36,7,1396,1,13,-1,-1,-1
2016100107816,2,9,0,4,0,0,0,0,0,0,2,1,6,1,46,8,1984,1,11,3,1,3
2016100107816,3,90,0,18,0,0,0,0,0,0,0,1,1,1,29,6,2143,2,6,-1,-1,-1
2016100107856,1,9,0,16,0,0,0,0,0,0,1,1,5,1,57,9,1596,1,11,4,3,4
2016100107856,2,9,0,17,0,0,0,0,1,0,1,1,5,1,48,8,1329,1,5,4,1,4
2016100107897,1,9,0,11,0,0,0,0,2,4,1,1,2,2,42,7,1997,2,13,5,2,5
2016100107916,1,9,0,16,0,0,1,0,7,11,1,1,2,1,25,5,1242,1,7,-1,-1,-1
2016100107970,1,9,0,18,0,1,0,0,0,0,1,1,6,2,66,10,1248,1,1,8,3,8
2016100107970,2,9,0,8,0,1,0,0,0,0,2,1,6,2,28,6,998,1,4,1,1,1
2016100108005,1,9,0,18,0,0,0,0,0,0,1,1,5,1,75,10,1560,2,-1,-1,-1,-1
2016100108005,2,9,0,18,0,0,0,0,0,0,3,1,5,1,68,10,1968,2,5,7,1,7
2016100108005,3,9,0,18,0,0,0,0,0,0,1,1,5,1,62,9,1242,1,2,2,1,2
2016100108016,1,9,0,18,0,0,0,0,0,0,1,1,1,1,44,7,-1,-1,-1,1,1,1
2016100108016,2,9,0,4,0,0,0,0,0,0,2,1,6,2,34,6,1997,2,15,7,3,7
2016100108016,3,9,0,18,0,0,0,0,0,6,3,1,6,1,29,6,1461,2,12,6,3,6
2016100108152,1,17,0,16,0,0,0,0,0,0,1,1,5,1,44,7,-1,2,-1,-1,-1,-1
2016100108152,2,9,0,17,0,0,0,0,0,0,1,1,6,2,25,5,1997,2,6,6,3,6
2016100108199,1,19,0,9,0,6,0,0,0,0,3,1,6,1,25,5,2198,2,9,1,1,1
2016100108199,2,11,0,18,0,1,0,0,0,0,1,1,1,1,45,7,7300,2,11,9,1,9
2016100108242,1,9,0,5,0,6,0,0,0,0,1,1,5,2,26,6,1598,1,4,3,1,3
2016100108242,2,9,0,18,0,8,0,0,0,0,4,1,5,1,55,8,1560,2,2,4,1,4
2016100108396,1,9,0,18,0,1,0,0,0,0,1,1,6,1,32,6,2967,2,3,8,1,8
2016100108396,2,9,0,4,0,1,0,0,0,0,2,1,1,1,37,7,1896,2,12,1,1,1
2016100108563,1,11,0,18,0,1,0,4,0,0,1,1,1,1,62,9,-1,2,15,-1,-1,-1
2016100108563,2,9,0,10,0,1,0,0,7,0,2,1,2,2,44,7,1242,1,1,-1,-1,-1
2016100108588,1,9,0,7,0,2,0,0,0,0,1,1,5,2,67,10,4293,1,16,4,3,4
2016100108589,1,9,0,18,0,0,5,12,7,11,1,1,5,1,19,4,1242,1,9,-1,-1,-1
2016100108626,1,9,0,9,0,0,0,0,0,0,4,1,1,1,46,8,1560,2,3,3,1,3
2016100108626,2,3,0,18,0,0,0,0,0,0,1,1,2,1,35,6,124,1,5,-1,-1,-1
2016100108674,1,9,0,18,0,0,0,0,0,0,1,1,6,1,36,7,1596,1,11,2,1,2
2016100108674,2,19,0,1,0,0,0,0,0,0,2,1,6,1,52,8,2198,2,2,2,2,2
2016100108718,1,9,0,18,0,1,0,0,0,0,1,1,6,3,-1,-1,1910,2,9,-1,-1,-1
2016100108718,2,9,0,3,0,1,0,0,0,0,0,1,6,1,58,9,1598,1,2,-1,-1,-1
2016100108816,1,9,0,18,0,0,1,0,0,11,1,1,1,2,43,7,2148,2,8,1,1,1
2016100108827,1,9,0,18,0,1,0,0,0,0,1,1,6,1,-1,-1,1796,1,13,-1,-1,-1
2016100108827,2,9,0,3,0,1,0,0,0,0,2,1,5,2,54,8,1560,2,4,9,1,9
2016100108836,1,11,0,4,0,1,0,0,0,0,0,1,1,1,56,9,9360,2,2,9,1,9
2016100108916,1,9,0,13,0,1,0,0,1,4,1,1,6,1,66,10,998,1,2,3,2,3
2016100108916,2,9,0,9,0,5,0,0,0,0,3,1,6,1,51,8,1229,1,3,3,1,3
2016100109008,1,9,0,18,0,1,0,0,0,0,1,1,5,1,27,6,1870,2,9,2,1,2
2016100109008,2,9,0,9,0,1,0,0,0,0,2,1,5,2,26,6,1200,1,1,4,1,4
2016100109022,1,11,0,18,0,0,0,0,0,0,0,1,1,1,60,9,6370,2,8,-1,-1,-1
2016100109080,1,17,5,7,0,0,0,0,0,0,4,1,1,1,46,8,8810,2,13,4,3,4
2016100109080,2,9,0,18,0,0,0,0,0,0,1,1,6,1,35,6,2995,1,5,9,1,9
2016100109116,1,9,0,9,0,6,0,0,0,0,1,1,2,1,62,9,1598,1,3,9,1,9
2016100109116,2,9,0,18,0,8,0,0,0,0,3,1,6,1,28,6,1248,2,10,3,1,3
2016100109516,1,19,0,18,0,0,1,10,1,1,1,1,1,1,36,7,2198,2,2,9,2,9
2016100109516,2,9,0,3,0,0,0,0,7,6,2,1,6,1,45,7,1299,1,14,4,1,4
2016100109516,3,19,0,3,0,0,0,0,0,0,2,1,1,1,41,7,2402,2,11,1,1,1
2016100109516,4,21,0,3,0,0,0,0,0,0,2,1,1,1,61,9,6370,2,6,9,1,9
2016100109534,1,9,0,9,0,8,0,0,0,0,1,1,5,2,76,11,1240,1,11,4,1,4
2016100109534,2,9,0,18,0,8,0,0,0,0,1,1,5,1,27,6,1461,2,-1,-1,-1,-1
2016100109536,1,9,0,9,0,0,1,0,2,0,1,1,5,2,20,4,1198,1,14,4,1,4
2016100109537,1,3,0,18,0,0,5,0,1,2,4,1,2,1,60,9,-1,-1,-1,2,1,2
2016100109568,1,9,0,4,0,4,0,0,0,0,1,1,5,1,57,9,1796,1,12,1,1,1
2016100109568,2,3,0,3,0,4,0,0,0,0,2,1,6,1,21,5,124,1,8,1,1,1
2016100109594,1,11,0,18,0,1,0,0,0,0,0,1,1,3,-1,-1,-1,-1,-1,-1,-1,-1
2016100109629,1,9,0,18,0,2,0,0,0,0,1,1,5,1,71,10,1598,1,3,9,1,9
2016100109649,1,9,0,8,0,1,0,0,0,0,1,1,5,1,25,5,1896,2,17,5,1,5
2016100109649,2,9,0,4,0,1,0,0,0,0,2,1,5,2,42,7,1229,1,10,5,1,5
2016100109692,1,9,0,18,0,0,0,0,1,2,1,1,6,1,40,7,1968,2,5,-1,-1,-1
2016100109716,1,9,0,18,0,1,0,0,0,0,1,1,6,1,51,8,1598,2,1,4,1,4
2016100109716,2,9,0,3,0,1,0,0,0,0,2,1,6,2,63,9,1598,2,2,8,2,8
2016100109723,1,9,0,9,0,5,0,0,0,0,1,1,5,2,62,9,1124,1,12,2,1,2
2016100109723,2,1,0,18,0,8,0,0,0,0,3,1,2,1,49,8,-1,-1,-1,8,1,8
2016100109787,1,9,0,4,0,1,0,0,0,0,1,1,6,1,42,7,1956,2,3,1,1,1
2016100109787,2,9,0,3,0,1,0,0,0,0,2,1,1,1,49,8,-1,-1,-1,7,1,7
2016100109816,1,9,0,9,0,5,1,0,7,0,4,1,6,2,82,11,1398,1,1,6,3,6
2016100109816,2,9,0,18,0,8,0,0,0,0,1,1,6,2,40,7,1997,2,6,6,3,6
2016100109825,1,19,0,9,0,6,0,0,0,0,1,1,1,1,28,6,2198,2,3,9,1,9
2016100110010,1,9,0,18,0,0,0,0,0,0,1,1,5,1,73,10,998,1,9,2,1,2
2016100110010,2,17,4,9,0,0,0,0,0,0,2,1,1,1,35,6,-1,2,12,-1,-1,-1
2016100110087,1,9,0,3,0,8,0,0,0,0,3,1,5,1,57,9,1596,1,7,2,1,2
2016100110087,2,3,0,18,0,8,1,0,0,0,1,1,5,1,17,4,124,1,-1,-1,-1,-1
2016100110107,1,-1,0,7,0,5,0,0,0,0,4,1,6,3,-1,-1,-1,-1,-1,-1,-1,-1
2016100110107,2,1,0,18,0,8,0,0,0,0,3,1,5,1,21,5,-1,-1,-1,-1,-1,-1
2016100110133,1,9,0,18,0,0,5,4,0,0,3,1,6,1,28,6,1998,2,11,4,1,4
2016100110133,2,9,0,2,0,0,0,0,1,10,2,1,5,2,37,7,1240,1,6,4,1,4
2016100110133,3,9,0,2,0,0,0,0,0,0,2,1,5,1,67,10,1197,1,1,4,1,4
2016100110153,1,1,0,18,0,0,0,0,0,0,2,1,5,1,14,3,-1,-1,-1,5,1,5
2016100110153,2,9,0,18,0,0,0,0,0,0,4,1,5,1,18,4,1390,1,10,6,1,6
2016100110153,3,9,0,18,0,0,0,0,0,0,1,1,5,2,63,9,998,1,2,-1,-1,-1
2016100110468,1,9,0,18,0,8,0,7,0,0,1,1,5,1,20,4,1242,1,1,1,1,1
2016100110469,1,9,0,17,0,1,0,0,1,1,4,1,5,2,29,6,1388,1,11,9,3,9
2016100110490,1,9,0,18,0,0,0,0,0,0,1,1,5,1,28,6,1753,2,15,-1,-1,-1
2016100110490,2,9,0,2,0,0,0,0,0,0,2,1,5,2,44,7,1240,1,6,-1,-1,-1
2016100110532,1,9,0,7,0,0,0,0,1,0,4,1,6,1,67,10,2696,2,10,-1,-1,-1
2016100110532,2,21,1,18,0,0,0,0,1,11,1,1,1,1,50,8,10837,2,3,3,1,3
2016100110548,1,5,0,16,0,0,0,0,0,0,1,1,5,1,61,9,-1,-1,-1,3,1,3
2016100110548,2,98,1,17,0,0,0,0,0,0,1,1,1,1,43,7,-1,-1,-1,2,1,2
2016100110561,1,11,0,18,0,1,0,0,0,0,1,1,1,1,54,8,-1,-1,-1,8,1,8
2016100110561,2,11,0,3,0,1,0,0,0,0,2,1,1,1,54,8,-1,-1,-1,4,1,4
2016100110608,1,9,0,13,0,2,0,0,0,0,0,1,6,3,-1,-1,1598,1,14,-1,-1,-1
2016100110608,2,9,0,18,0,2,0,0,0,0,0,1,6,1,66,10,1560,2,-1,5,1,5
2016100110617,1,98,0,7,0,8,0,0,0,0,1,1,6,1,59,9,-1,-1,-1,7,1,7
2016100110617,2,1,0,18,0,8,0,0,0,0,1,1,1,1,35,6,-1,-1,-1,7,1,7
2016100110633,1,9,0,9,0,6,0,0,0,0,1,1,5,1,49,8,2179,2,1,-1,-1,-1
2016100110633,2,9,0,18,0,1,0,0,0,0,1,1,5,1,76,11,1242,1,5,6,1,6
2016100110673,1,9,0,18,0,0,0,0,0,0,1,1,1,2,17,4,1360,1,14,9,1,9
2016100110673,2,1,0,9,0,0,0,0,0,0,1,1,6,2,16,4,-1,-1,-1,6,1,6
2016100110696,1,9,0,5,0,0,0,0,0,0,0,1,6,1,22,5,2401,2,11,-1,-1,-1
2016100110733,1,9,0,18,0,1,0,0,0,0,1,1,6,3,-1,-1,-1,-1,-1,-1,-1,-1
2016100110733,2,9,0,3,0,1,0,0,0,0,2,1,5,2,23,5,1149,1,12,6,2,6
2016100110736,1,9,0,5,0,8,0,0,0,0,1,1,6,1,50,8,1596,1,-1,8,1,8
2016100110736,2,1,0,5,0,4,0,0,0,0,1,1,1,1,31,6,-1,-1,-1,3,1,3
2016100110816,1,9,0,11,0,1,0,0,0,0,0,2,6,3,-1,-1,-1,-1,-1,-1,-1,-1
2016100110816,2,3,0,18,0,1,1,0,0,0,4,1,6,1,26,6,125,1,-1,4,1,4
2016100110817,1,9,0,18,0,1,0,0,0,0,1,1,5,1,47,8,1388,1,14,2,1,2
2016100110817,2,9,0,3,0,1,0,0,0,0,2,1,5,2,30,6,1998,2,12,4,2,4
2016100110963,1,9,0,18,0,0,0,0,0,0,1,1,2,2,46,8,1248,2,6,-1,-1,-1
2016100110963,2,9,0,3,0,0,0,0,0,0,2,1,6,1,45,7,2792,1,13,-1,-1,-1
2016100110964,1,9,0,18,0,2,0,0,0,0,1,1,6,1,23,5,1598,2,2,5,2,5
2016100110964,2,9,0,2,0,2,0,0,1,0,2,1,6,3,-1,-1,-1,-1,-1,-1,-1,-1
2016100110965,1,9,0,18,0,0,0,0,0,0,1,1,5,2,20,4,1598,2,3,2,1,2
2016100110965,2,9,0,3,0,0,0,0,0,0,2,1,6,1,29,6,1242,1,9,8,1,8
2016100110965,3,9,0,3,0,0,0,0,0,0,2,1,6,2,46,8,1242,1,-1,7,1,7
2016100110965,4,9,0,3,0,0,0,0,0,0,2,1,6,1,48,8,2204,2,8,9,1,9
2016100111016,1,9,0,9,0,5,0,0,0,0,3,1,6,1,47,8,-1,-1,-1,1,1,1
2016100111016,2,3,0,18,0,8,0,0,1,0,3,1,6,1,25,5,101,1,16,2,1,2
2016100111073,1,9,0,1,0,0,0,0,0,0,2,1,6,3,-1,-1,1560,2,9,-1,-1,-1
2016100111073,2,9,0,18,0,0,0,0,0,0,1,1,6,2,23,5,1390,1,3,5,1,5
2016100111185,1,9,0,11,0,0,0,0,0,0,4,1,5,2,58,9,1997,2,6,-1,-1,-1
2016100111185,2,5,0,18,0,0,0,0,0,0,1,1,5,1,32,6,600,1,17,-1,-1,-1
2016100111273,1,9,0,14,0,0,0,0,0,0,3,1,6,2,66,10,1242,1,12,-1,-1,-1
2016100111273,2,3,0,16,0,0,0,0,0,0,3,1,5,1,44,7,-1,-1,-1,-1,-1,-1
2016100111283,1,9,0,5,0,8,0,0,0,0,1,1,1,1,58,9,1598,2,3,1,1,1
2016100111283,2,9,0,18,0,8,0,0,0,0,1,1,1,1,35,6,1968,2,5,1,1,1
2016100111376,1,9,0,5,0,4,0,0,0,0,1,1,5,1,23,5,1998,1,16,2,1,2
2016100111376,2,9,0,4,0,4,0,0,0,0,2,1,6,1,63,9,1995,1,11,3,1,3
2016100111376,3,9,0,5,0,4,0,0,0,0,2,1,6,1,45,7,1997,1,-1,3,1,3
2016100111385,1,9,0,16,0,0,1,0,1,0,3,1,5,2,23,5,1149,1,12,5,1,5
2016100111414,1,21,1,17,0,3,5,7,0,0,3,1,1,1,35,6,12809,2,3,-1,-1,-1
2016100111416,1,9,0,7,0,3,2,0,1,2,1,1,6,2,21,5,1386,1,8,2,1,2
2016100111417,1,9,0,16,0,0,0,0,0,0,0,1,1,1,43,7,-1,-1,-1,5,1,5
2016100111417,2,9,0,16,0,0,0,0,0,0,1,1,5,2,38,7,1968,2,3,5,1,5
2016100111421,1,4,0,18,0,0,1,10,5,0,1,1,5,1,22,5,471,1,1,3,1,3
2016100111427,1,9,0,18,0,2,0,4,0,0,3,1,6,1,21,5,2793,1,17,-1,-1,-1
2016100111427,2,9,0,2,0,1,0,0,0,0,3,1,5,1,44,7,1498,1,-1,7,1,7
2016100111427,3,11,0,4,0,1,0,0,0,0,3,1,1,1,37,7,9360,2,4,7,1,7
2016100111430,1,9,0,18,0,4,0,0,0,0,3,1,5,1,42,7,2993,2,-1,10,1,10
2016100111430,2,1,0,17,0,4,0,0,0,0,1,1,5,1,40,7,-1,-1,-1,-1,-1,-1
2016100111435,1,9,0,16,0,0,0,0,0,0,3,1,2,2,37,7,1461,2,2,3,1,3
2016100111435,2,21,1,17,0,0,0,0,0,0,3,1,1,1,54,8,11946,2,5,-1,-1,-1
2016100111435,3,19,0,16,0,0,0,1,0,0,1,1,2,1,29,6,1998,2,12,2,1,2
2016100111435,4,9,0,16,0,0,0,1,0,0,1,1,2,2,45,7,1871,2,13,-1,-1,-1
2016100111435,5,9,0,14,0,0,0,1,0,0,1,1,2,2,59,9,999,1,6,4,2,4
2016100111436,1,11,0,4,0,0,0,0,0,0,1,1,1,1,53,8,4500,2,5,-1,-1,-1
2016100111439,1,3,0,18,0,1,0,0,3,0,1,1,6,1,18,4,125,1,-1,5,2,5