Accident_Index,Vehicle_Reference,Vehicle_Type,Towing_and_Articulation,Vehicle_Manoeuvre,Vehicle_Location-Restricted_Lane,Junction_Location,Skidding_and_Overturning,Hit_Object_in_Carriageway,Vehicle_Leaving_Carriageway,Hit_Object_off_Carriageway,1st_Point_of_Impact,Was_Vehicle_Left_Hand_Drive?,Journey_Purpose_of_Driver,Sex_of_Driver,Age_of_Driver,Age_Band_of_Driver,Engine_Capacity_(CC),Propulsion_Code,Age_of_Vehicle,Driver_IMD_Decile,Driver_Home_Area_Type,Vehicle_IMD_Decile
2016100111444,1,9,0,18,0,0,0,0,0,0,1,1,5,1,44,7,1560,2,3,8,1,8
2016100111444,2,9,0,18,0,0,0,0,0,0,1,1,5,2,32,6,1596,1,6,8,1,8
2016100111444,3,9,0,18,0,0,0,0,0,0,1,1,5,2,38,7,1329,1,4,7,1,7
2016100111444,4,9,0,18,0,0,0,0,0,0,2,1,5,1,66,10,2199,2,6,8,3,8
2016100111445,1,5,0,17,0,0,1,0,1,11,1,1,5,1,32,6,1000,1,14,4,1,4
2016100111501,1,9,0,16,0,0,0,0,0,0,1,1,5,2,18,4,1242,1,6,4,1,4
2016100111501,2,90,3,16,0,0,0,0,0,0,2,1,5,1,49,8,-1,-1,-1,5,1,5
2016100111620,1,1,0,18,9,0,0,0,0,0,1,1,6,3,-1,-1,-1,-1,-1,-1,-1,-1
2016100111620,2,9,0,2,0,0,0,0,0,0,4,1,5,1,29,6,1364,1,7,5,1,5
2016100111666,1,9,0,18,0,0,0,0,0,0,1,1,6,1,44,7,2993,2,-1,9,1,9
2016100111666,2,9,0,5,0,0,0,0,0,0,2,1,6,1,51,8,1896,2,12,3,1,3
2016100111666,3,9,0,5,0,0,0,0,0,0,2,1,6,1,21,5,1149,1,8,5,1,5
2016100111666,4,9,0,5,0,0,0,0,0,0,2,1,6,1,41,7,1753,2,6,8,1,8
2016100111740,1,11,0,18,0,8,0,0,0,0,0,1,1,1,28,6,4500,2,5,2,1,2
2016100111863,1,9,0,12,0,0,1,7,0,0,4,1,6,1,27,6,2987,2,3,4,1,4
2016100111863,2,11,0,12,0,0,0,0,0,0,3,1,1,1,60,9,8268,2,13,1,1,1
2016100111863,3,9,0,18,0,0,1,0,0,0,2,1,6,2,25,5,1461,2,10,1,1,1
2016100111863,4,9,0,18,0,0,1,0,0,0,2,1,6,2,69,10,1364,1,1,2,1,2
2016100111868,1,9,0,18,0,1,0,4,0,0,1,1,5,2,39,7,2179,2,5,-1,-1,-1
2016100111868,2,9,0,3,0,1,0,0,0,0,2,1,5,1,36,7,1598,2,-1,-1,-1,-1
2016100111893,1,9,0,18,0,2,0,0,0,0,1,1,6,2,35,6,1968,2,1,10,1,10
2016100111893,2,9,0,18,0,2,1,0,0,0,1,1,6,1,25,5,1596,1,7,8,1,8
2016100111916,1,9,0,9,0,6,0,0,0,0,1,1,6,3,-1,-1,-1,-1,-1,-1,-1,-1
2016100111916,2,1,0,18,0,8,0,0,0,0,2,1,4,1,20,4,-1,-1,-1,-1,-1,-1
2016100111943,1,11,0,3,0,1,0,0,0,0,0,1,1,1,45,7,3900,2,12,6,1,6
2016100111955,1,9,0,9,0,6,0,0,0,0,1,1,6,1,47,8,1560,2,10,1,1,1
2016100111955,2,9,0,18,0,1,0,0,0,0,1,1,6,1,26,6,1997,2,11,3,1,3
2016100111955,3,9,0,2,0,2,0,0,0,0,1,1,6,3,-1,-1,1968,2,7,1,1,1
2016100111955,4,9,0,2,0,2,0,0,0,0,1,1,6,3,-1,-1,1956,2,4,1,1,1
2016100111955,5,9,0,2,0,2,0,0,0,0,4,1,6,3,-1,-1,1149,1,11,1,1,1
2016100112016,1,9,0,5,0,6,0,0,0,0,3,1,6,3,-1,-1,-1,-1,-1,-1,-1,-1
2016100112016,2,8,0,18,0,8,0,0,0,0,1,1,1,1,27,6,898,1,1,2,1,2
2016100112109,1,9,0,18,0,1,0,0,0,0,1,1,6,1,18,4,1598,1,14,2,1,2
2016100112109,2,9,0,10,0,1,0,0,0,0,2,1,5,1,29,6,-1,-1,-1,2,1,2
2016100112116,1,9,0,18,0,0,0,0,0,0,4,1,6,1,53,8,2926,2,15,2,1,2
2016100112116,2,9,0,2,0,0,0,0,0,3,3,1,6,1,-1,-1,1341,1,13,-1,-1,-1
2016100112117,1,9,0,9,0,8,0,0,0,0,1,1,6,1,23,5,2698,2,8,2,1,2
2016100112117,2,3,0,18,0,1,2,0,0,0,3,1,6,1,42,7,124,1,2,3,1,3
2016100112117,3,-1,0,18,0,1,0,0,0,0,-1,1,6,3,-1,-1,-1,-1,-1,-1,-1,-1
2016100112216,1,9,0,18,0,2,0,0,0,0,0,1,6,3,-1,-1,-1,-1,-1,-1,-1,-1
2016100112216,2,9,0,18,0,1,0,0,1,0,0,1,6,1,26,6,1461,2,8,-1,-1,-1
2016100112243,1,9,0,9,0,4,0,0,0,0,1,1,6,3,-1,-1,1896,2,15,-1,-1,-1
2016100112243,2,9,0,4,0,1,0,0,0,0,3,1,6,1,29,6,1797,8,5,2,1,2
2016100112273,1,9,0,18,0,1,0,0,0,0,1,1,6,1,-1,-1,1686,2,13,5,1,5
2016100112273,2,9,0,3,0,1,0,0,0,0,2,1,6,2,18,4,1086,1,12,4,2,4
2016100112308,1,9,0,4,0,7,0,0,0,0,1,1,5,1,91,11,1386,1,13,3,1,3
2016100112308,2,9,0,4,0,7,0,0,0,0,2,1,5,2,57,9,1560,2,5,4,1,4
2016100112347,1,9,0,3,0,3,0,0,4,0,4,1,5,2,31,6,1995,2,10,-1,-1,-1
2016100112347,2,9,0,18,0,4,0,0,3,0,1,1,5,1,37,7,1995,2,6,-1,-1,-1
2016100112350,1,8,0,18,0,0,0,0,1,11,1,1,6,1,29,6,1242,1,12,5,1,5
2016100112369,1,9,0,18,0,0,0,-1,0,0,-1,1,6,3,-1,-1,-1,-1,-1,-1,-1,-1
2016100112416,1,11,0,4,0,1,0,0,0,0,0,1,1,1,60,9,6370,2,8,6,1,6
2016100112420,1,19,0,4,0,1,0,0,3,11,1,1,5,1,34,6,2148,2,8,1,1,1
2016100112434,1,9,0,3,0,1,0,0,0,0,1,1,6,2,36,7,1753,2,7,-1,-1,-1
2016100112434,2,9,0,4,0,1,0,0,0,0,2,1,6,1,29,6,1997,2,9,5,1,5
2016100112466,1,9,0,18,0,8,0,0,0,0,1,1,6,2,28,6,1199,1,15,2,1,2
2016100112466,2,19,0,18,0,1,0,0,0,0,3,1,6,1,62,9,2148,2,5,2,1,2
2016100112474,1,-1,0,9,0,6,0,0,0,0,1,1,6,3,-1,-1,-1,-1,-1,-1,-1,-1
2016100112474,2,9,0,7,0,5,0,0,0,0,1,1,6,1,63,9,2143,2,2,10,1,10
2016100112512,1,9,0,5,0,2,0,0,0,0,3,1,5,1,57,9,1968,2,2,6,1,6
2016100112512,2,1,0,18,0,6,0,0,0,0,1,1,4,1,14,3,-1,-1,-1,-1,-1,-1
2016100112550,1,9,0,4,0,1,0,0,0,0,1,1,6,1,39,7,1910,2,10,7,1,7
2016100112550,2,1,0,18,0,8,0,0,0,0,2,1,6,1,34,6,-1,-1,-1,7,1,7
2016100112556,1,9,0,18,0,1,0,0,0,0,1,1,6,2,20,4,1560,2,2,-1,-1,-1
2016100112556,2,9,0,4,0,1,0,0,0,0,2,1,5,1,73,10,1368,1,5,8,1,8
2016100112601,1,90,0,13,0,2,0,0,0,0,4,1,1,1,56,9,5880,2,7,2,1,2
2016100112601,2,1,0,18,0,2,0,0,0,0,3,1,6,1,57,9,-1,-1,-1,8,1,8
2016100112642,1,9,0,7,0,6,0,0,0,0,3,1,5,1,43,7,1984,1,2,5,1,5
2016100112642,2,1,0,18,0,8,0,0,0,0,1,1,5,1,52,8,-1,-1,-1,3,1,3
2016100112834,1,9,0,18,0,1,0,0,0,0,1,1,5,1,23,5,1398,1,2,3,1,3
2016100112835,1,9,0,5,0,4,0,0,0,0,1,1,5,1,37,7,1685,2,4,6,1,6
2016100112835,2,1,0,18,0,8,5,0,0,0,1,1,6,1,41,7,-1,-1,-1,7,1,7
2016100112924,1,9,0,18,0,8,0,0,0,0,4,1,6,1,40,7,1896,2,8,1,1,1
2016100112924,2,11,0,18,0,8,0,0,0,0,1,1,6,1,51,8,6700,2,8,-1,-1,-1
2016100113002,1,-1,0,9,0,6,0,0,0,0,-1,1,6,3,-1,-1,-1,-1,-1,-1,-1,-1
2016100113002,2,9,0,18,0,1,0,0,0,0,4,1,6,1,28,6,2496,2,10,6,1,6
2016100113135,1,9,0,18,0,0,0,0,0,0,1,1,5,2,80,11,1388,1,9,10,1,10
2016100113135,2,9,0,3,0,0,0,0,0,0,2,1,1,2,47,8,1598,1,6,-1,-1,-1
2016100113169,1,98,0,1,0,1,0,0,0,0,2,1,6,3,-1,-1,-1,-1,-1,-1,-1,-1
2016100113169,2,9,0,3,0,1,0,0,0,0,2,1,5,2,80,11,1400,2,9,8,1,8
2016100113233,1,9,0,18,0,0,1,0,0,0,1,1,6,1,18,4,2997,1,14,8,2,8
2016100113233,2,9,0,18,0,0,1,0,0,0,2,1,6,1,22,5,1399,2,8,9,1,9
2016100113251,1,9,0,9,0,8,0,0,0,0,4,1,5,1,35,6,1969,2,-1,2,1,2
2016100113251,2,5,0,7,0,4,0,0,0,0,1,1,5,1,34,6,750,1,2,3,1,3
2016100113266,1,11,0,18,0,1,0,0,0,0,0,1,1,1,40,7,6700,2,9,-1,-1,-1
2016100113266,2,9,0,5,0,1,0,0,0,0,0,1,6,1,19,4,998,1,1,9,1,9
2016100113326,1,1,0,9,0,1,1,0,0,0,3,1,6,1,63,9,-1,-1,-1,-1,-1,-1
2016100113350,1,9,0,9,0,2,0,0,0,0,1,1,6,1,18,4,1910,2,9,2,1,2
2016100113389,1,9,0,18,0,1,0,0,0,0,1,1,6,3,-1,-1,-1,-1,-1,-1,-1,-1
2016100113389,2,9,0,3,0,1,0,0,0,0,2,1,2,1,31,6,1686,2,4,4,1,4
2016100113498,1,9,0,9,0,6,0,0,0,0,1,1,5,1,55,8,1560,2,2,-1,-1,-1
2016100113498,2,9,0,18,0,8,0,0,0,0,3,1,6,3,-1,-1,-1,-1,-1,-1,-1,-1
2016100113525,1,5,0,15,0,1,0,0,0,0,1,1,2,1,33,6,645,1,10,9,1,9
2016100113525,2,9,0,10,0,1,0,0,0,0,4,1,5,2,26,6,1596,1,8,1,1,1
2016100113550,1,9,0,5,0,1,0,0,0,0,1,1,5,1,42,7,1591,1,4,1,1,1
2016100113550,2,9,0,8,0,1,0,0,0,0,2,1,2,1,27,6,1296,1,9,3,1,3
2016100113566,1,9,0,9,0,5,0,0,0,0,1,1,5,2,46,8,998,1,1,3,1,3
2016100113566,2,1,0,18,0,8,0,0,0,0,1,1,2,1,35,6,-1,-1,-1,-1,-1,-1
2016100113616,1,9,0,18,0,0,0,0,0,0,1,1,6,2,50,8,1596,1,12,3,1,3
2016100113616,2,9,0,4,0,0,0,0,0,0,2,1,1,1,28,6,999,1,1,2,2,2
2016100113744,1,9,0,9,0,8,0,0,0,0,4,1,2,1,24,5,1598,2,2,5,1,5
2016100113744,2,3,0,18,0,8,0,0,0,0,1,1,6,2,32,6,-1,-1,-1,9,1,9
2016100113845,1,3,0,5,0,8,0,0,0,0,3,1,6,2,22,5,124,1,5,-1,-1,-1
2016100113845,2,9,0,18,0,1,0,0,0,0,1,1,6,2,45,7,1461,2,6,6,3,6
2016100113852,1,9,0,18,0,0,0,10,4,2,1,1,5,1,17,4,1229,1,3,-1,-1,-1
2016100113854,1,9,0,18,0,7,0,0,0,0,1,1,5,1,81,11,1242,1,8,3,1,3
2016100113854,2,9,0,4,0,7,0,0,0,0,2,1,5,1,47,8,1461,2,1,-1,-1,-1
2016100113856,1,9,0,18,0,0,5,11,0,0,3,1,5,1,28,6,1386,1,10,-1,-1,-1
2016100113869,1,9,0,18,0,4,1,0,3,0,1,1,5,1,43,7,2400,2,2,-1,-1,-1
2016100113873,1,9,0,18,0,1,1,0,7,2,1,1,5,1,16,4,1596,1,3,1,1,1
2016100113876,1,9,0,18,0,1,0,0,0,0,4,1,5,1,59,9,1388,1,4,9,1,9
2016100113879,1,8,0,4,0,1,0,0,0,0,1,1,1,1,45,7,1686,2,6,5,1,5
2016100113879,2,9,0,3,0,1,0,0,0,0,2,1,5,1,52,8,1956,2,7,3,1,3
2016100113891,1,3,0,18,0,0,1,0,0,0,3,1,5,1,19,4,124,1,11,-1,-1,-1
2016100113895,1,9,0,18,0,0,1,7,0,0,1,1,5,1,27,6,1799,1,9,8,2,8
2016100113979,1,9,0,11,0,1,0,0,0,0,0,1,6,3,-1,-1,-1,-1,-1,-1,-1,-1
2016100113979,2,11,0,3,0,1,0,0,0,0,0,1,1,1,62,9,6700,2,8,2,2,2
2016100113988,1,9,0,18,0,1,0,0,0,0,1,1,6,1,45,7,1956,2,2,-1,-1,-1
2016100113988,2,9,0,3,0,1,0,0,0,0,2,1,6,2,30,6,1360,1,14,8,1,8
2016100114095,1,9,0,12,0,0,0,0,0,0,1,1,1,1,22,5,1390,1,9,6,3,6
2016100114095,2,1,0,18,0,0,0,0,0,0,1,1,5,1,82,11,-1,-1,-1,6,2,6
2016100114175,1,-1,0,7,0,8,0,0,0,0,1,1,6,3,-1,-1,-1,-1,-1,-1,-1,-1
2016100114175,2,9,0,18,0,8,0,0,0,0,4,1,6,1,43,7,2993,2,7,8,1,8
2016100114275,1,9,0,16,0,0,5,0,2,11,1,1,5,1,29,6,1199,1,15,-1,-1,-1
2016100114342,1,9,0,18,0,2,0,4,0,0,4,1,5,1,91,11,1360,1,9,-1,-1,-1
2016100114342,2,9,0,2,0,2,0,0,0,0,3,1,6,3,-1,-1,-1,-1,-1,-1,-1,-1
2016100114342,3,9,0,2,0,2,0,0,0,0,4,1,6,3,-1,-1,-1,-1,-1,-1,-1,-1
2016100114359,1,9,0,4,0,1,0,0,0,0,1,1,6,3,-1,-1,2993,2,11,-1,-1,-1
2016100114359,2,9,0,4,0,1,0,0,0,0,2,1,5,2,21,5,1397,1,8,1,1,1
2016100114375,1,9,0,4,0,1,0,0,0,0,1,1,6,2,30,6,1240,1,12,1,1,1
2016100114384,1,-1,0,7,0,8,0,0,0,0,1,1,6,3,-1,-1,-1,-1,-1,-1,-1,-1
2016100114429,1,2,0,18,0,1,1,0,0,0,1,1,6,1,16,4,49,1,1,3,1,3
2016100114429,2,9,0,9,0,5,0,0,0,0,2,1,6,2,33,6,1896,2,15,1,1,1
2016100114463,1,98,0,18,0,0,0,0,0,0,1,1,6,3,-1,-1,-1,-1,-1,-1,-1,-1
2016100114516,1,9,0,15,0,0,0,0,0,0,0,1,6,3,-1,-1,1242,1,8,-1,-1,-1
2016100114516,2,9,0,18,0,0,0,0,0,0,0,1,5,1,43,7,1997,2,13,2,1,2
2016100114526,1,9,0,-1,-1,-1,0,-1,-1,0,-1,1,6,1,38,7,1896,2,10,5,1,5
2016100114526,2,9,0,-1,-1,-1,0,-1,-1,0,-1,1,6,1,44,7,1968,2,4,3,1,3
2016100114558,1,9,0,13,0,8,0,0,7,11,4,1,6,2,57,9,1582,2,7,5,3,5
2016100114558,2,9,0,9,0,5,0,0,0,0,3,1,6,1,23,5,1968,2,6,5,3,5
2016100114561,1,9,0,18,0,1,0,0,0,0,4,1,6,1,56,9,1995,2,5,8,1,8
2016100114561,2,1,0,18,0,6,0,0,0,0,1,1,6,1,84,11,-1,-1,-1,-1,-1,-1
2016100114592,1,9,0,18,0,1,1,10,7,2,1,1,6,1,20,4,1984,1,5,3,1,3
2016100114592,2,9,0,18,0,1,0,0,0,0,0,1,1,1,35,6,1248,2,2,-1,-1,-1
2016100114603,1,9,0,18,0,1,0,0,0,0,1,1,6,3,-1,-1,1584,1,11,-1,-1,-1
2016100114603,2,9,0,3,0,1,0,0,0,0,2,1,6,2,30,6,998,1,4,3,1,3
2016100114624,1,9,0,9,0,6,0,0,0,0,3,1,6,1,63,9,1598,1,-1,-1,1,-1
2016100114624,2,9,0,18,0,8,0,0,0,0,1,1,6,2,52,8,1598,1,5,4,1,4
2016100114632,1,9,0,4,0,0,0,0,0,0,3,1,6,1,68,10,1497,8,8,9,1,9
2016100114632,2,9,0,5,0,0,0,0,0,0,1,1,6,2,32,6,1598,1,11,-1,-1,-1
2016100114676,1,9,0,5,0,0,0,0,1,0,1,1,5,1,74,10,1497,1,11,7,1,7
2016100114676,2,9,0,5,0,0,0,0,0,0,1,1,1,2,40,7,-1,-1,-1,4,1,4
2016100114791,1,9,0,18,0,2,0,4,0,0,1,1,6,1,44,7,1229,1,9,3,1,3
2016100114791,2,9,0,2,0,1,0,0,0,0,2,1,5,2,65,9,1242,1,-1,3,1,3
2016100114791,3,9,0,2,0,1,0,0,0,0,2,1,6,2,55,8,1753,2,9,7,1,7
2016100114791,4,9,0,2,0,1,0,0,0,0,4,1,6,2,56,9,-1,-1,-1,1,1,1
2016100114816,1,9,0,4,0,1,0,0,0,0,4,1,1,2,53,8,1242,1,3,2,1,2
2016100114837,1,8,0,5,0,3,0,0,0,0,1,1,1,1,48,8,1598,2,7,8,1,8
2016100114844,1,8,0,18,0,1,0,0,0,0,1,1,5,1,42,7,1968,2,9,6,1,6
2016100114844,2,9,0,3,0,1,0,0,0,0,2,1,6,1,35,6,1798,1,3,-1,-1,-1
2016100114845,1,9,0,5,0,8,0,0,0,0,1,1,5,2,19,4,1461,2,-1,1,1,1
2016100114873,1,9,0,18,0,0,0,0,0,0,1,1,6,3,-1,-1,1968,2,7,-1,-1,-1
2016100114873,2,9,0,3,0,0,0,0,0,0,4,1,6,2,39,7,1598,2,6,8,1,8
2016100114919,1,-1,0,9,0,8,0,0,0,0,1,1,6,3,-1,-1,-1,-1,-1,-1,-1,-1
2016100114919,2,1,0,18,0,8,0,0,0,0,1,1,6,1,30,6,-1,-1,-1,4,1,4
2016100114954,1,9,0,18,0,8,0,0,0,0,4,1,6,3,-1,-1,-1,-1,-1,-1,-1,-1
2016100114954,2,1,0,18,0,1,0,0,0,0,1,1,5,1,28,6,-1,-1,-1,1,1,1
2016100114985,1,9,0,14,0,1,0,0,0,0,4,1,1,1,45,7,1956,2,4,5,1,5
2016100114985,2,1,0,14,0,1,1,0,0,0,3,1,5,1,18,4,-1,-1,-1,2,1,2
2016100115015,1,10,0,14,0,1,0,0,0,0,1,1,6,3,-1,-1,2402,2,8,-1,-1,-1
2016100115015,2,9,0,3,0,1,0,0,0,0,2,1,1,1,39,7,-1,-1,-1,-1,-1,-1
2016100115016,1,3,0,18,0,0,0,0,0,0,1,1,6,1,21,5,125,1,11,6,1,6
2016100115016,2,9,0,3,0,0,0,0,0,0,2,1,6,2,28,6,1560,2,8,9,1,9
2016100115121,1,9,0,18,0,0,0,0,0,0,3,1,5,2,76,11,1200,1,3,9,1,9
2016100115121,2,1,0,18,0,0,0,0,0,0,2,1,5,1,39,7,-1,-1,-1,3,1,3
2016100115163,1,9,0,2,0,0,0,0,0,0,3,1,6,3,-1,-1,1968,2,10,-1,-1,-1
2016100115163,2,1,0,14,0,0,0,0,0,0,4,1,5,2,51,8,-1,-1,-1,-1,-1,-1
2016100115216,1,9,0,18,0,1,0,0,0,1,1,1,6,2,21,5,1349,1,4,2,1,2
2016100115269,1,9,0,9,0,8,0,0,0,0,1,1,2,1,30,6,1598,1,8,2,1,2
2016100115269,2,9,0,18,0,8,0,0,0,0,1,1,5,2,44,7,-1,-1,-1,2,1,2
2016100115337,1,9,0,13,0,0,0,0,0,0,0,1,6,1,18,4,1600,1,11,3,1,3
2016100115337,2,11,0,4,2,0,0,0,0,0,0,1,1,1,-1,-1,9000,2,12,2,1,2
2016100115343,1,9,0,14,0,0,0,0,0,0,1,1,5,1,29,6,1753,2,11,1,1,1
2016100115343,2,9,0,2,0,0,0,0,0,0,2,1,5,1,32,6,1995,2,13,1,1,1
2016100115343,3,9,0,18,0,0,0,0,0,0,0,1,6,3,-1,-1,-1,-1,-1,-1,-1,-1
2016100115344,1,9,0,18,0,1,0,0,0,0,1,1,6,1,25,5,1560,2,1,4,1,4
2016100115344,2,9,0,18,0,1,0,0,0,0,2,1,5,2,57,9,2993,2,11,3,1,3
2016100115463,1,9,0,18,0,3,5,0,2,7,1,1,5,1,56,9,1560,2,2,4,1,4
2016100115464,1,9,0,16,0,6,0,0,0,0,0,1,6,1,19,4,1199,1,14,1,1,1
2016100115464,2,11,0,17,0,8,0,0,0,0,0,1,1,1,24,5,4500,2,7,1,1,1
2016100115587,1,9,0,18,0,8,0,0,0,0,3,1,5,1,60,9,1328,1,14,1,1,1
2016100115587,2,9,0,18,0,8,0,0,0,0,1,1,5,2,49,8,1598,2,4,6,1,6
2016100115592,1,9,0,18,0,1,0,0,0,0,1,1,6,1,50,8,996,1,7,-1,-1,-1
2016100115592,2,9,0,5,0,8,0,0,0,0,3,1,6,2,43,7,1395,1,-1,-1,-1,-1
2016100115600,1,9,0,12,0,0,0,0,0,0,1,1,6,3,-1,-1,-1,-1,-1,-1,-1,-1
2016100115600,2,9,0,2,0,0,0,0,0,0,3,1,5,2,19,4,998,1,8,1,2,1
2016100115716,1,9,0,18,0,1,0,0,0,0,1,1,6,2,37,7,1198,1,1,3,1,3
2016100115716,2,5,0,1,0,1,0,0,0,0,3,1,6,1,35,6,689,1,2,2,1,2
2016100115809,1,9,0,1,0,0,0,0,0,0,2,1,1,2,59,9,-1,-1,-1,-1,-1,-1
2016100115815,1,19,0,16,0,0,1,4,1,11,1,1,6,1,56,9,2800,2,15,-1,-1,-1
2016100115815,2,9,0,3,0,0,0,4,0,0,2,1,3,2,47,8,2143,2,2,-1,-1,-1
2016100115815,3,9,0,3,0,0,0,0,0,0,2,1,6,1,36,7,1560,2,5,-1,-1,-1
2016100115816,1,11,0,18,0,1,0,0,0,0,0,1,1,2,54,8,6692,2,7,4,1,4
2016100116003,1,9,0,4,0,1,0,0,0,0,1,1,5,1,59,9,1997,2,11,10,2,10
2016100116003,2,9,0,3,0,1,0,1,0,0,2,1,5,2,37,7,1796,1,10,3,1,3
2016100116016,1,9,0,18,0,0,0,0,0,0,1,1,6,1,18,4,2494,2,6,5,3,5
2016100116016,2,9,0,3,0,0,0,0,0,0,2,1,6,1,19,4,1968,2,7,4,1,4
2016100116024,1,9,0,18,0,1,0,0,0,0,1,1,6,1,26,6,1968,2,4,3,2,3
2016100116024,2,9,0,10,0,1,0,0,0,0,2,1,5,2,36,7,1997,2,4,4,1,4
2016100116090,1,9,0,9,0,5,0,0,0,0,1,1,5,1,55,8,998,1,14,1,1,1
2016100116090,2,9,0,17,0,8,0,0,0,0,1,1,5,2,57,9,1397,1,9,2,1,2
2016100116197,1,9,0,16,0,0,1,0,0,0,1,1,5,1,22,5,1596,1,13,4,1,4
2016100116197,2,9,0,18,0,0,0,0,0,0,1,1,6,2,18,4,998,1,3,4,2,4
2016100116205,1,9,0,16,0,0,2,0,7,11,1,1,6,2,23,5,1397,1,9,10,3,10
2016100116216,1,9,0,7,0,6,0,0,0,0,4,1,6,3,-1,-1,-1,-1,-1,-1,-1,-1
2016100116269,1,9,0,18,0,0,5,0,1,7,1,1,5,1,40,7,-1,-1,-1,9,1,9
2016100116269,2,9,0,18,0,0,0,0,0,0,2,1,6,2,43,7,1240,1,7,1,1,1
2016100116286,1,9,0,4,0,0,0,0,0,0,3,1,2,1,29,6,1598,1,4,-1,-1,-1
2016100116299,1,9,0,5,0,8,0,0,0,0,0,1,5,1,53,8,1997,2,13,7,1,7
2016100116299,2,5,0,18,0,8,1,0,0,0,0,1,6,1,35,6,649,1,19,-1,-1,-1
2016100116302,1,9,0,18,0,1,0,0,0,0,1,1,2,1,60,9,2967,2,5,7,3,7
2016100116302,2,1,0,18,0,3,0,0,0,0,4,1,5,1,46,8,-1,-1,-1,9,1,9
2016100116314,1,9,0,18,0,4,0,0,0,0,3,1,5,2,53,8,1199,2,4,3,1,3
2016100116314,2,9,0,18,0,8,0,0,0,0,1,1,5,1,26,6,1753,2,10,3,1,3
2016100116316,1,1,0,18,0,1,0,0,0,0,1,1,4,1,12,3,-1,-1,-1,2,1,2
2016100116316,2,9,0,3,0,1,0,0,0,0,1,1,3,2,45,7,1598,2,4,8,1,8
2016100116318,1,9,0,18,0,8,0,0,0,0,1,1,6,2,90,11,-1,-1,-1,-1,-1,-1
2016100116332,1,9,0,5,0,4,0,0,0,0,1,1,5,1,77,11,1398,1,12,10,1,10
2016100116332,2,1,0,18,0,3,0,0,0,0,2,1,5,1,54,8,-1,-1,-1,5,1,5
2016100116374,1,9,0,18,0,4,0,0,0,0,1,1,6,1,17,4,998,1,11,2,1,2
2016100116374,2,9,0,18,0,8,0,0,0,0,3,1,6,1,24,5,1328,1,8,1,1,1
2016100116380,1,9,0,3,0,0,0,0,0,0,4,1,6,3,-1,-1,1198,1,12,-1,-1,-1
2016100116380,2,1,0,18,0,0,0,0,0,0,1,1,1,1,40,7,-1,-1,-1,10,1,10
2016100116394,1,9,0,17,0,0,0,0,0,0,2,1,6,1,37,7,1149,1,12,2,1,2
2016100116394,2,9,0,16,0,0,0,0,0,0,1,1,6,1,57,9,1461,2,1,5,1,5
2016100116447,1,9,0,7,0,1,0,0,0,0,1,1,6,2,47,8,1598,1,8,-1,-1,-1
2016100116447,2,9,0,18,0,1,0,0,0,0,4,1,6,2,51,8,2324,1,14,5,1,5
2016100116478,1,9,0,18,0,1,0,0,0,0,1,1,6,2,66,10,1364,1,1,9,1,9
2016100116478,2,9,0,3,0,1,0,0,0,0,1,1,5,2,41,7,1870,2,10,3,1,3
2016100116716,1,9,0,1,0,0,0,0,0,0,2,1,6,3,-1,-1,-1,-1,-1,-1,-1,-1
2016100116716,2,9,0,2,0,0,0,0,0,0,2,1,6,3,-1,-1,1995,2,1,-1,-1,-1
2016100116755,1,9,0,16,0,0,0,0,0,0,0,1,6,3,-1,-1,1086,1,13,-1,-1,-1
2016100116755,2,3,0,17,0,0,0,0,0,0,0,1,6,1,22,5,125,1,-1,2,1,2
2016100116781,1,21,1,5,0,4,0,0,0,0,1,1,1,1,49,8,12740,2,5,2,1,2
2016100116781,2,9,0,3,0,4,0,0,0,0,2,1,6,2,26,6,1461,2,5,1,1,1
2016100116809,1,9,0,18,0,0,0,0,0,0,1,1,1,2,21,5,1461,2,3,-1,-1,-1
2016100116809,2,9,0,4,0,0,0,0,1,0,2,1,2,1,55,8,1560,2,3,-1,-1,-1
2016100116825,1,9,0,18,0,1,0,0,0,0,1,1,6,1,33,6,1796,1,5,2,1,2
2016100116825,2,3,0,9,0,8,0,0,0,0,1,1,6,1,32,6,125,1,3,5,1,5
2016100116900,1,9,0,18,0,0,0,0,1,0,1,1,6,1,34,6,1896,2,14,2,1,2
2016100116900,2,9,0,18,0,0,0,0,0,0,1,1,6,1,38,7,1560,2,4,9,1,9
2016100116920,1,1,0,18,0,0,0,0,0,0,1,1,6,3,-1,-1,-1,-1,-1,-1,-1,-1
2016100116920,2,9,0,18,0,0,0,0,0,0,3,1,6,1,53,8,2497,1,14,4,3,4
2016100116972,1,9,0,9,0,5,0,0,0,0,1,1,5,1,26,6,998,1,10,2,1,2
2016100117045,1,17,0,15,0,0,0,0,0,0,-1,1,6,1,67,10,-1,-1,-1,-1,1,-1
2016100117045,2,9,0,18,0,0,0,0,0,0,3,1,6,1,31,6,1796,1,13,3,1,3
2016100117061,1,9,0,16,0,0,1,0,7,1,3,1,5,1,19,4,999,1,1,2,1,2
2016100117063,1,9,0,5,0,0,0,4,0,0,1,1,5,1,30,6,1753,2,8,2,2,2
2016100117063,2,9,0,4,0,0,0,0,0,0,3,1,1,1,51,8,-1,-1,-1,9,1,9
2016100117063,3,9,0,2,0,0,0,0,0,0,3,1,6,3,-1,-1,-1,-1,-1,-1,-1,-1
2016100117117,1,-1,0,4,0,0,0,0,0,0,3,1,6,3,-1,-1,-1,-1,-1,-1,-1,-1