Accident_Index,Vehicle_Reference,Vehicle_Type,Towing_and_Articulation,Vehicle_Manoeuvre,Vehicle_Location-Restricted_Lane,Junction_Location,Skidding_and_Overturning,Hit_Object_in_Carriageway,Vehicle_Leaving_Carriageway,Hit_Object_off_Carriageway,1st_Point_of_Impact,Was_Vehicle_Left_Hand_Drive?,Journey_Purpose_of_Driver,Sex_of_Driver,Age_of_Driver,Age_Band_of_Driver,Engine_Capacity_(CC),Propulsion_Code,Age_of_Vehicle,Driver_IMD_Decile,Driver_Home_Area_Type,Vehicle_IMD_Decile
2016100130088,2,9,0,2,6,8,0,0,0,0,2,1,5,1,50,8,3605,1,4,-1,-1,-1
2016100130116,1,9,0,16,4,8,0,0,1,0,1,1,6,2,19,4,1598,1,5,9,1,9
2016100130173,1,9,0,18,0,0,1,0,0,0,1,1,2,1,24,5,1149,1,17,6,3,6
2016100130173,2,9,0,18,0,0,0,0,0,0,2,1,5,2,58,9,2401,2,12,-1,-1,-1
2016100130190,1,9,0,16,0,0,1,0,7,0,1,1,2,2,42,7,2401,2,12,5,3,5
2016100130190,2,9,0,18,0,0,0,0,1,9,1,1,1,1,58,9,2494,2,1,5,3,5
2016100130216,1,9,0,18,0,0,0,0,0,0,1,1,6,3,-1,-1,-1,-1,-1,-1,-1,-1
2016100130274,1,9,0,18,0,0,0,0,0,0,1,1,1,1,46,8,1968,2,5,-1,1,-1
2016100130274,2,9,0,18,0,0,1,0,2,0,2,1,6,2,20,4,1598,1,7,-1,-1,-1
2016100130274,3,17,4,18,0,0,0,0,0,0,2,1,1,1,46,8,6728,2,3,-1,-1,-1
2016100130291,1,19,0,1,0,8,0,0,0,0,2,1,6,3,-1,-1,1868,2,14,-1,-1,-1
2016100130291,2,9,0,2,0,2,0,0,0,0,1,1,6,1,55,8,998,1,16,-1,-1,-1
2016100130297,1,9,0,9,0,6,0,0,0,0,3,1,6,1,74,10,1995,2,12,3,1,3
2016100130297,2,4,0,18,0,1,0,0,0,0,1,1,6,1,22,5,200,1,13,2,1,2
2016100130316,1,9,0,18,0,0,0,0,0,0,3,1,2,2,44,7,1598,1,10,10,1,10
2016100130416,1,5,0,18,0,8,0,0,0,0,1,1,2,1,33,6,-1,-1,-1,1,1,1
2016100130416,2,9,0,18,0,8,0,0,0,0,3,1,6,1,33,6,1995,2,5,1,1,1
2016100130504,1,19,0,9,0,4,0,0,0,0,3,1,1,1,52,8,1248,2,1,10,1,10
2016100130504,2,9,0,18,0,8,0,0,1,1,1,1,2,1,28,6,1598,1,14,3,1,3
2016100130538,1,9,0,9,0,6,0,0,0,0,4,1,6,1,69,10,2720,2,10,6,1,6
2016100130538,2,9,0,18,0,8,0,0,0,0,3,1,6,1,59,9,998,1,5,2,1,2
2016100130562,1,9,0,9,0,5,0,0,0,0,4,1,1,1,49,8,1991,2,6,1,1,1
2016100130562,2,9,0,18,0,8,0,0,0,0,3,1,5,2,43,7,1198,1,11,5,1,5
2016100130594,1,9,0,5,0,8,0,0,0,0,3,1,1,2,54,8,999,1,2,-1,-1,-1
2016100130594,2,2,0,18,0,8,5,0,0,0,1,1,6,1,16,4,49,1,3,2,1,2
2016100130616,1,9,0,18,0,0,0,0,0,0,1,1,6,1,72,10,1596,1,4,10,1,10
2016100130616,2,9,0,18,0,0,0,0,0,0,1,1,1,1,44,7,1956,2,3,5,1,5
2016100130617,1,9,0,18,0,1,0,0,0,0,1,1,2,1,59,9,1896,2,13,6,1,6
2016100130617,2,9,0,4,0,1,0,0,0,0,2,1,2,1,44,7,1797,8,2,-1,-1,-1
2016100130617,3,9,0,4,0,1,0,0,0,0,2,1,6,2,59,9,1686,2,2,8,1,8
2016100130627,1,9,0,18,0,1,0,0,0,0,1,1,6,1,26,6,1598,1,3,1,1,1
2016100130627,2,9,0,3,0,1,0,0,0,0,2,1,6,2,39,7,1242,1,9,-1,-1,-1
2016100130646,1,9,0,16,0,0,0,0,0,0,1,1,6,1,32,6,2967,2,1,-1,-1,-1
2016100130646,2,21,1,16,0,0,0,0,0,0,3,1,1,1,30,6,11705,2,9,-1,-1,-1
2016100130646,3,9,0,16,0,0,0,0,1,7,1,1,5,1,44,7,2993,2,-1,-1,-1,-1
2016100130673,1,9,0,13,0,0,0,0,0,0,1,1,2,1,40,7,973,1,17,-1,-1,-1
2016100130673,2,9,0,18,0,0,0,0,0,0,1,1,5,2,76,11,2198,1,15,-1,-1,-1
2016100130673,3,11,0,18,0,0,0,0,0,0,0,1,1,1,54,8,12902,2,9,-1,-1,-1
2016100130704,1,9,0,9,0,6,0,0,0,0,3,1,6,2,49,8,1968,2,2,8,1,8
2016100130704,2,9,0,18,0,8,0,0,0,0,1,1,5,2,35,6,1598,1,4,8,1,8
2016100130716,1,9,0,18,0,1,0,0,0,0,1,1,6,1,52,8,3199,1,15,6,1,6
2016100130716,2,9,0,5,0,1,0,0,0,0,2,1,6,2,47,8,1461,2,1,4,1,4
2016100130716,3,9,0,5,0,1,0,0,0,0,2,1,6,1,62,9,1248,1,1,6,1,6
2016100130736,1,20,0,4,0,0,1,0,0,0,1,1,1,1,42,7,-1,-1,-1,2,2,2
2016100130736,2,20,0,3,0,0,0,0,0,0,2,1,1,1,27,6,-1,-1,-1,6,1,6
2016100130736,3,9,0,5,0,0,0,0,0,0,2,1,1,1,42,7,1968,2,-1,5,1,5
2016100130736,4,21,0,5,0,0,0,0,0,0,2,1,1,1,44,7,12130,2,12,6,3,6
2016100130737,1,9,0,9,0,8,0,0,0,0,1,1,5,1,31,6,2204,2,9,4,1,4
2016100130737,2,9,0,18,0,8,0,0,0,0,1,1,5,1,45,7,1560,2,5,8,1,8
2016100130737,3,9,0,3,0,1,0,0,0,0,1,1,5,2,20,4,1229,1,1,6,1,6
2016100130767,1,9,0,18,0,0,0,0,0,0,1,1,5,1,51,8,2179,2,1,5,1,5
2016100130767,2,9,0,18,0,0,0,0,0,0,2,1,5,1,37,7,1197,1,2,5,1,5
2016100130767,3,9,0,18,0,0,0,0,0,0,2,1,5,2,30,6,1560,2,4,7,1,7
2016100130793,1,11,0,7,0,2,0,0,0,0,3,1,1,1,29,6,4461,2,1,1,1,1
2016100130835,1,9,0,18,0,0,5,7,0,0,1,1,6,2,24,5,1197,1,-1,3,1,3
2016100130835,2,9,0,2,0,0,0,0,0,0,0,1,6,3,-1,-1,-1,-1,-1,-1,-1,-1
2016100130881,1,98,0,18,0,0,0,0,0,0,-1,1,6,3,-1,-1,-1,-1,-1,-1,-1,-1
2016100130881,2,1,0,18,0,0,0,0,0,0,2,1,1,1,23,5,-1,-1,-1,1,2,1
2016100131101,1,19,0,1,0,0,0,0,0,0,4,1,6,1,28,6,1248,2,6,6,1,6
2016100131101,2,9,0,18,0,0,0,0,0,0,4,1,6,2,21,5,1229,1,4,9,2,9
2016100131147,1,9,0,18,0,0,0,0,0,0,1,1,5,1,64,9,2230,1,10,2,2,2
2016100131147,2,1,0,4,0,0,0,0,0,0,1,1,5,1,17,4,-1,-1,-1,-1,-1,-1
2016100131202,1,1,0,9,0,6,0,0,0,0,1,1,5,1,11,3,-1,-1,-1,3,1,3
2016100131202,2,9,0,18,0,8,0,0,0,0,4,1,5,2,28,6,998,1,5,1,1,1
2016100131416,1,9,0,5,0,1,0,0,0,0,1,1,6,1,57,9,1968,2,6,9,1,9
2016100131416,2,3,0,3,0,1,0,0,0,0,2,1,2,1,53,8,124,1,4,6,1,6
2016100131471,1,9,0,4,0,1,0,0,0,0,1,1,6,1,55,8,1896,2,11,4,1,4
2016100131471,2,9,0,3,0,1,0,0,0,0,2,1,6,2,35,6,1997,2,1,4,2,4
2016100131652,1,19,0,18,0,0,0,0,0,0,1,1,5,1,29,6,2402,2,10,9,1,9
2016100131652,2,9,0,4,0,0,0,0,0,0,2,1,5,1,36,7,1598,2,6,1,1,1
2016100131652,3,9,0,3,0,0,0,0,0,0,0,1,5,2,33,6,1995,1,7,3,1,3
2016100131691,1,9,0,1,0,0,0,0,0,0,2,1,6,3,-1,-1,1390,1,9,-1,-1,-1
2016100131691,2,9,0,2,0,0,0,0,0,0,2,1,6,1,19,4,1598,2,3,7,1,7
2016100131750,1,9,0,1,0,1,0,0,0,0,2,1,5,2,30,6,1598,1,11,-1,-1,-1
2016100131753,1,22,0,18,0,1,0,0,0,0,1,1,6,1,72,10,-1,-1,-1,-1,-1,-1
2016100131753,2,9,0,18,0,1,0,0,0,0,1,1,2,1,58,9,1360,1,15,5,1,5
2016100131753,3,9,0,2,0,1,0,0,0,0,4,1,6,3,-1,-1,-1,-1,-1,-1,-1,-1
2016100131816,1,9,0,18,0,1,0,0,0,0,4,1,3,2,44,7,1390,1,9,-1,-1,-1
2016100131875,1,19,0,18,0,1,1,0,7,0,1,1,1,1,50,8,-1,-1,-1,1,1,1
2016100131875,2,9,0,18,0,1,0,0,0,0,4,1,6,1,32,6,1598,1,10,1,1,1
2016100131875,3,9,0,10,0,1,0,0,0,0,0,1,6,1,55,8,2982,2,-1,-1,-1,-1
2016100131885,1,9,0,9,0,5,0,0,0,0,4,1,3,2,56,9,1498,1,3,6,3,6
2016100131885,2,1,0,18,0,8,0,0,0,0,1,1,4,1,15,3,-1,-1,-1,4,1,4
2016100131886,1,9,0,18,0,1,0,0,0,0,1,1,1,1,24,5,1242,1,12,2,2,2
2016100131886,2,9,0,18,0,1,0,0,0,0,2,1,6,1,57,9,1390,1,15,-1,-1,-1
2016100132050,1,10,0,4,0,1,0,0,0,0,1,1,6,1,63,9,5880,2,5,5,3,5
2016100132050,2,90,0,3,0,1,0,0,0,0,2,1,6,1,55,8,-1,-1,-1,10,1,10
2016100132113,1,9,0,18,0,1,0,0,0,0,1,1,6,2,75,10,1296,1,9,-1,-1,-1
2016100132113,2,9,0,3,0,1,0,0,0,0,2,1,6,1,35,6,1598,2,4,4,1,4
2016100132337,1,9,0,9,0,0,0,0,0,0,1,1,5,1,86,11,1796,1,13,9,1,9
2016100132337,2,3,0,18,0,0,0,0,0,0,4,1,6,1,20,4,124,1,1,1,1,1
2016100132416,1,5,0,18,0,8,0,0,0,0,1,1,6,3,-1,-1,-1,-1,-1,-1,-1,-1
2016100132416,2,9,0,9,0,6,0,0,0,0,1,1,6,1,25,5,1598,1,10,-1,-1,-1
2016100132422,1,9,0,18,0,2,0,0,0,0,1,1,2,1,62,9,1360,1,10,7,1,7
2016100132432,1,9,0,18,0,1,0,0,0,0,1,1,5,2,57,9,1997,2,1,8,2,8
2016100132432,2,10,0,17,0,2,0,0,0,0,1,1,1,1,55,8,-1,-1,-1,7,1,7
2016100132445,1,8,0,18,0,7,0,2,0,0,1,1,6,3,-1,-1,-1,-1,-1,-1,-1,-1
2016100132538,1,11,0,5,0,0,0,0,0,0,0,1,1,1,55,8,6370,2,8,9,1,9
2016100132568,1,9,0,18,0,1,0,0,0,0,1,1,6,1,-1,-1,1753,2,9,-1,-1,-1
2016100132568,2,9,0,3,0,1,0,0,0,0,2,1,5,1,58,9,1560,2,2,3,2,3
2016100132639,1,9,0,18,0,0,1,0,2,7,1,1,6,1,26,6,1995,2,11,-1,-1,-1
2016100132731,1,90,0,18,0,0,0,0,1,0,1,1,1,1,55,8,-1,-1,-1,-1,-1,-1
2016100132816,1,9,0,1,0,0,0,0,0,0,3,1,6,1,36,7,1461,2,1,3,2,3
2016100132899,1,3,0,7,0,1,0,0,0,0,1,1,5,1,21,5,125,1,-1,-1,-1,-1
2016100132899,2,9,0,9,0,1,0,0,0,0,3,1,5,2,43,7,-1,-1,-1,-1,-1,-1
2016100132961,1,9,0,18,0,6,1,0,0,0,1,1,6,3,-1,-1,1199,1,14,-1,-1,-1
2016100132961,2,19,0,18,0,8,0,0,0,0,4,1,1,1,20,4,1248,2,8,-1,-1,-1
2016100133078,1,9,0,9,0,2,0,0,0,0,3,1,2,2,35,6,2184,2,6,5,1,5
2016100133078,2,9,0,18,0,1,0,0,0,0,1,1,2,2,26,6,1296,1,9,4,1,4
2016100133112,1,8,0,18,0,8,0,0,0,0,1,1,6,3,-1,-1,-1,-1,-1,-1,-1,-1
2016100133206,1,9,0,12,0,7,0,0,0,0,3,1,2,1,48,8,1998,1,9,2,1,2
2016100133206,2,21,1,18,0,1,0,0,0,0,1,1,1,1,60,9,12777,2,3,4,2,4
2016100133206,3,21,0,18,0,1,0,0,0,0,1,1,1,1,27,6,10837,2,4,2,1,2
2016100133226,1,9,0,18,0,8,0,0,0,0,3,1,1,1,27,6,-1,-1,-1,2,1,2
2016100133226,2,9,0,18,0,1,0,0,1,0,2,1,5,2,28,6,1242,1,11,8,1,8
2016100133250,1,9,0,7,0,6,0,0,0,0,1,1,1,1,61,9,-1,-1,-1,9,3,9
2016100133250,2,9,0,16,0,1,5,0,0,0,1,1,6,1,84,11,1598,2,-1,3,1,3
2016100133250,3,9,0,18,0,1,0,0,0,0,1,1,5,1,72,10,-1,-1,-1,6,3,6
2016100133255,1,9,0,4,0,0,0,0,0,0,1,1,2,1,54,8,3980,1,20,-1,-1,-1
2016100133255,2,9,0,3,0,0,0,0,0,0,2,1,5,2,62,9,1200,1,3,9,1,9
2016100133256,1,20,0,18,0,1,0,0,0,0,1,1,1,1,63,9,4462,2,3,10,1,10
2016100133256,2,9,0,18,0,1,0,0,0,0,2,1,1,1,48,8,-1,-1,-1,2,1,2
2016100133273,1,9,0,1,0,1,0,0,0,0,-1,1,6,1,53,8,1968,2,-1,-1,-1,-1
2016100133273,2,1,0,18,0,1,0,-1,0,0,1,1,6,2,19,4,-1,-1,-1,9,1,9
2016100133316,1,21,0,2,0,0,0,0,0,0,2,1,1,1,48,8,12900,2,9,-1,-1,-1
2016100133316,2,9,0,18,0,0,5,0,0,6,1,1,6,1,59,9,1461,2,5,7,1,7
2016100133316,3,9,0,18,0,0,0,0,0,0,1,1,2,1,40,7,1560,2,9,7,2,7
2016100133394,1,9,0,18,0,7,1,0,0,0,1,1,5,1,40,7,1328,1,13,1,2,1
2016100133394,2,9,0,18,0,7,0,0,0,0,2,1,5,1,44,7,1968,2,8,8,1,8
2016100133394,3,9,0,18,0,7,0,0,0,0,2,1,5,2,59,9,1328,1,7,2,2,2
2016100133394,4,9,0,18,0,8,0,0,0,0,1,1,5,2,22,5,1397,1,9,10,1,10
2016100133394,5,9,0,18,0,8,0,0,0,0,2,1,5,1,19,4,1598,1,15,10,1,10
2016100133432,1,9,0,18,0,0,0,0,0,0,1,1,5,1,24,5,1796,1,11,5,2,5
2016100133432,2,9,0,18,0,0,0,0,0,0,2,1,5,2,27,6,998,1,3,-1,-1,-1
2016100133433,1,9,0,11,0,8,0,0,0,0,4,1,6,1,47,8,2179,2,5,10,1,10
2016100133433,2,9,0,5,0,8,0,0,0,0,3,1,5,1,28,6,1149,1,11,-1,-1,-1
2016100133438,1,9,0,9,0,8,0,0,0,0,3,1,5,1,83,11,1991,2,6,9,3,9
2016100133438,2,9,0,18,0,8,0,0,0,0,1,1,5,2,35,6,1598,1,5,6,3,6
2016100133459,1,9,0,18,0,8,0,0,0,0,1,1,6,2,-1,-1,1364,1,10,7,3,7
2016100133459,2,1,0,18,0,8,0,0,0,0,3,1,6,1,36,7,-1,-1,-1,10,1,10
2016100133516,1,11,0,5,0,8,0,0,0,0,4,1,1,1,44,7,6700,2,8,1,1,1
2016100133582,1,9,0,18,0,0,1,7,0,0,1,1,2,1,47,8,1598,1,11,3,2,3
2016100133625,1,9,0,17,0,0,1,10,7,2,1,1,5,1,23,5,1896,2,11,4,1,4
2016100133649,1,9,0,1,0,2,0,0,0,0,2,1,1,1,36,7,1197,1,1,4,1,4
2016100133649,2,9,0,9,0,5,0,0,0,0,3,1,6,2,50,8,1598,1,5,4,1,4
2016100133656,1,9,0,5,0,2,0,0,0,0,4,1,5,1,27,6,1299,1,11,1,1,1
2016100133656,2,9,0,18,0,2,0,0,0,0,3,1,5,1,30,6,1796,1,15,3,1,3
2016100133677,1,9,0,18,0,0,0,0,0,0,1,1,5,1,36,7,1598,1,16,-1,-1,-1
2016100133677,2,9,0,3,0,0,0,0,0,0,2,1,1,1,42,7,-1,-1,-1,-1,-1,-1
2016100133816,1,9,0,18,0,8,0,0,0,0,1,1,6,1,53,8,1242,1,1,9,2,9
2016100133816,2,1,0,9,0,6,0,0,0,0,1,1,6,1,26,6,-1,-1,-1,-1,-1,-1
2016100133900,1,9,0,18,0,0,0,0,0,0,1,1,5,1,65,9,998,1,13,7,3,7
2016100133900,2,9,0,3,0,0,0,0,0,0,2,1,2,2,39,7,1598,1,9,10,1,10
2016100133914,1,9,0,1,0,6,0,0,0,0,0,1,6,3,-1,-1,1596,1,13,-1,-1,-1
2016100133914,2,3,0,7,0,8,0,10,0,0,0,1,5,2,55,8,124,1,7,2,1,2
2016100133916,1,9,0,18,0,0,0,0,0,0,1,1,2,1,23,5,1400,1,16,1,1,1
2016100133916,2,9,0,4,0,0,0,0,0,0,2,1,6,1,52,8,1398,1,1,5,1,5
2016100133916,3,9,0,4,0,0,0,0,0,0,2,1,6,2,31,6,1796,7,9,2,1,2
2016100133947,1,19,0,18,0,0,0,0,0,0,4,1,2,1,64,9,2143,2,2,9,2,9
2016100133950,1,9,0,5,0,0,0,0,0,0,1,1,5,2,47,8,1461,2,8,4,1,4
2016100133956,1,-1,0,18,0,0,0,0,0,0,-1,1,6,3,-1,-1,-1,-1,-1,-1,-1,-1
2016100134010,1,11,0,16,0,0,0,0,0,0,4,1,1,1,60,9,6700,2,5,5,1,5
2016100134153,1,-1,0,18,0,0,0,0,0,0,1,1,6,3,-1,-1,-1,-1,-1,-1,-1,-1
2016100134153,2,9,0,2,0,0,0,0,0,0,2,1,1,2,63,9,1598,2,3,-1,-1,-1
2016100134188,1,9,0,9,0,5,0,0,0,0,3,1,6,2,25,5,1229,1,8,5,1,5
2016100134357,1,8,0,5,0,4,0,0,0,0,0,1,6,1,-1,-1,-1,-1,-1,-1,-1,-1
2016100134357,2,9,0,17,0,8,0,0,0,0,2,1,5,2,44,7,1598,1,2,6,1,6
2016100134357,3,9,0,17,0,8,0,0,0,0,1,1,2,2,46,8,1499,1,-1,1,1,1
2016100134416,1,19,0,18,0,2,0,0,0,0,3,1,6,1,-1,-1,2499,2,4,9,3,9
2016100134425,1,9,0,9,0,4,0,0,0,0,3,1,5,1,27,6,1968,2,7,2,1,2
2016100134425,2,1,0,10,0,8,0,0,0,0,1,1,2,1,44,7,-1,-1,-1,8,1,8
2016100134437,1,9,0,13,0,8,0,0,0,0,1,1,6,1,-1,-1,-1,-1,-1,-1,-1,-1
2016100134437,2,9,0,9,0,8,0,0,0,0,3,1,6,2,-1,-1,1360,1,5,-1,-1,-1
2016100134516,1,11,0,18,0,8,0,0,0,0,0,1,1,3,-1,-1,-1,-1,-1,-1,-1,-1
2016100134592,1,9,0,5,0,2,0,0,0,0,3,1,5,2,47,8,1598,1,10,2,1,2
2016100134592,2,9,0,18,0,1,0,0,0,0,1,1,1,1,32,6,1997,2,6,1,1,1
2016100134785,1,9,0,18,0,1,0,0,0,0,1,1,6,1,31,6,-1,-1,-1,1,1,1
2016100134785,2,9,0,3,0,1,0,0,0,0,2,1,6,2,63,9,1398,1,5,-1,-1,-1
2016100134816,1,9,0,1,0,0,0,0,0,0,2,1,6,3,-1,-1,-1,-1,-1,-1,-1,-1
2016100134816,2,9,0,4,0,0,0,0,0,0,1,1,6,2,39,7,1560,2,1,5,1,5
2016100134882,1,11,0,5,0,1,0,0,0,0,4,1,1,1,44,7,6700,2,5,1,1,1
2016100134882,2,2,0,5,0,1,0,0,0,0,4,1,5,1,17,4,49,1,1,7,1,7
2016100134904,1,9,0,18,0,8,0,0,0,0,1,1,5,1,33,6,1685,2,5,7,1,7
2016100134904,2,9,0,18,0,8,0,0,1,1,2,1,5,1,36,7,-1,-1,-1,9,1,9
2016100134904,3,9,0,18,0,8,0,0,0,0,2,1,2,2,45,7,998,1,4,2,1,2
2016100134904,4,9,0,2,0,2,0,0,0,0,2,1,6,1,23,5,1349,1,6,7,1,7
2016100134904,5,9,0,2,0,2,0,0,0,0,2,1,6,2,33,6,1398,1,-1,10,1,10
2016100134904,6,9,0,18,0,3,0,0,0,0,0,1,6,2,50,8,1984,1,6,5,1,5
2016100134929,1,9,0,18,0,8,0,0,0,0,3,1,3,2,42,7,1368,1,4,5,1,5
2016100134929,2,9,0,18,0,8,0,0,0,0,1,1,1,1,24,5,1582,2,1,2,1,2
2016100135044,1,19,0,4,0,1,1,0,0,0,1,1,1,1,22,5,1998,2,12,-1,-1,-1
2016100135094,1,9,0,18,0,0,1,0,0,0,1,1,5,2,38,7,1360,1,6,1,1,1
2016100135094,2,9,0,3,0,0,0,0,0,0,2,1,2,2,51,8,1997,2,7,4,2,4
2016100135116,1,9,0,7,0,3,0,0,0,0,2,1,6,1,48,8,1968,2,6,5,1,5
2016100135116,2,1,0,18,0,4,0,0,0,0,1,1,2,1,32,6,-1,-1,-1,-1,-1,-1
2016100135139,1,9,0,5,0,1,0,0,0,0,4,1,1,1,43,7,1560,2,2,9,1,9
2016100135139,2,1,0,18,0,6,0,0,0,0,1,1,4,1,11,3,-1,-1,-1,1,1,1
2016100135186,1,9,0,18,0,4,0,0,0,0,3,1,5,1,54,8,1781,1,14,4,1,4
2016100135186,2,9,0,18,0,8,0,0,1,1,1,1,5,1,35,6,1461,2,6,-1,-1,-1
2016100135241,1,9,0,18,0,2,0,4,0,0,1,1,6,3,-1,-1,1984,1,15,-1,-1,-1
2016100135241,2,9,0,18,0,1,0,0,0,0,1,1,5,2,38,7,-1,-1,-1,4,1,4
2016100135241,3,9,0,2,0,2,0,0,0,0,1,1,5,1,-1,-1,1329,1,1,-1,-1,-1
2016100135241,4,9,0,2,0,2,0,0,0,0,2,1,6,2,-1,-1,1560,2,10,-1,-1,-1
2016100135290,1,9,0,18,0,0,1,0,0,0,1,1,1,1,31,6,-1,-1,-1,5,1,5
2016100135316,1,9,0,18,0,0,0,0,0,0,1,1,6,2,39,7,1597,2,3,7,2,7
2016100135364,1,3,0,4,0,8,0,0,0,0,1,1,2,1,21,5,124,1,1,-1,-1,-1
2016100135364,2,9,0,4,0,8,0,0,0,0,2,1,2,2,33,6,998,1,10,-1,-1,-1
2016100135389,1,9,0,7,0,0,0,0,0,0,1,1,5,1,57,9,1461,2,8,-1,-1,-1
2016100135389,2,9,0,18,0,0,0,0,0,0,1,1,1,1,39,7,1995,2,1,-1,-1,-1
2016100135512,1,9,0,18,0,1,0,0,0,0,1,1,6,3,-1,-1,1598,1,14,-1,-1,-1
2016100135512,2,9,0,8,0,1,0,0,0,0,2,1,5,1,45,7,1997,2,12,2,1,2
2016100135530,1,9,0,18,0,0,0,0,0,0,1,1,5,1,30,6,-1,-1,-1,3,1,3
2016100135549,1,9,0,18,0,1,0,0,0,0,1,1,1,1,64,9,-1,3,1,1,1,1
2016100135549,2,22,0,18,0,6,0,0,0,0,1,1,5,1,18,4,-1,-1,-1,5,1,5
2016100135587,1,9,0,9,0,5,0,0,0,0,1,1,5,2,-1,-1,1598,1,6,10,1,10
2016100135587,2,1,0,18,0,8,0,0,0,0,1,1,2,2,65,9,-1,-1,-1,10,1,10
2016100135653,1,9,0,18,0,0,5,0,0,0,2,1,2,1,28,6,1870,2,6,-1,-1,-1
2016100135653,2,9,0,18,0,0,0,0,0,0,1,1,6,1,60,9,1461,2,2,3,1,3
2016100135653,3,9,0,3,0,0,0,0,0,0,2,1,5,2,49,8,1398,1,4,10,1,10
2016100135653,4,19,0,3,0,0,0,0,0,0,3,1,1,1,29,6,1560,2,1,-1,-1,-1
2016100135703,1,5,0,18,0,0,1,0,0,0,4,1,5,1,42,7,1450,1,14,-1,-1,-1
2016100135703,2,17,0,18,0,0,0,0,0,0,0,1,1,1,-1,-1,-1,2,14,6,3,6
2016100135804,1,11,0,18,0,0,0,0,0,0,1,1,1,1,52,8,-1,-1,-1,1,1,1
2016100135816,1,9,0,18,0,0,0,0,0,0,1,1,6,2,30,6,973,1,14,2,1,2
2016100135846,1,9,0,18,9,1,0,0,1,0,1,1,5,1,40,7,1896,2,8,-1,-1,-1
2016100135916,1,11,0,9,0,8,0,0,0,0,0,1,6,1,30,6,-1,-1,-1,2,1,2
2016100135944,1,8,0,9,0,1,0,0,0,0,1,1,5,1,30,6,1560,2,1,-1,-1,-1
2016100135944,2,9,0,18,0,1,0,0,0,0,1,1,5,1,48,8,1598,2,-1,-1,-1,-1
2016100135946,1,9,0,16,0,0,1,0,0,0,1,1,5,1,21,5,1332,1,9,2,2,2
2016100135946,2,9,0,18,0,0,0,0,0,0,1,1,5,1,23,5,2199,2,7,-1,-1,-1
2016100135975,1,19,0,3,0,0,0,4,0,0,2,1,6,1,38,7,2143,2,4,-1,-1,-1
2016100135975,2,9,0,3,0,0,0,4,0,0,2,1,6,1,18,4,998,1,7,4,3,4
2016100135975,3,9,0,3,0,0,0,0,0,0,2,1,6,1,54,8,3179,1,10,5,2,5
2016100135975,4,9,0,18,0,0,0,4,0,0,1,1,6,2,48,8,1685,2,-1,-1,1,-1
2016100135981,1,19,0,18,0,0,5,4,0,0,1,1,1,1,51,8,-1,-1,-1,3,1,3
2016100135981,2,9,0,18,0,0,1,0,0,0,2,1,5,1,28,6,1598,1,12,9,1,9
2016100136016,1,11,0,4,0,1,0,0,0,0,0,1,1,1,46,8,-1,-1,-1,4,1,4
2016100136116,1,9,0,5,0,6,0,0,0,0,1,1,6,1,22,5,1781,1,15,2,3,2
2016100136116,2,9,0,18,0,8,0,0,0,0,4,1,6,1,70,10,1086,1,10,-1,-1,-1
2016100136316,1,9,0,2,0,0,0,0,0,0,3,1,6,2,-1,-1,2987,2,10,5,3,5
2016100136316,2,1,0,18,0,0,0,0,0,0,4,1,6,1,32,6,-1,-1,-1,9,1,9
2016100136421,1,5,0,4,0,1,0,0,0,0,1,1,6,1,30,6,1052,1,18,-1,-1,-1
2016100136421,2,9,0,4,0,1,0,0,0,0,2,1,1,1,39,7,1598,2,4,-1,-1,-1
2016100136424,1,19,0,4,0,0,0,0,0,0,1,1,1,1,54,8,2143,2,-1,-1,-1,-1
2016100136424,2,9,0,3,0,0,0,0,0,0,2,1,5,1,63,9,1997,2,1,-1,-1,-1
2016100136424,3,9,0,12,0,0,0,0,4,0,4,1,6,1,36,7,1461,2,-1,-1,-1,-1
2016100136424,4,9,0,3,0,0,0,0,0,0,2,1,6,1,42,7,1995,2,-1,-1,-1,-1
2016100136424,5,9,0,3,0,0,0,0,0,0,2,1,6,1,32,6,1598,2,2,-1,-1,-1
2016100136424,6,9,0,3,0,0,0,0,0,0,2,1,6,2,43,7,2179,2,3,-1,-1,-1
2016100136466,1,19,0,18,0,0,1,0,0,0,1,1,1,1,26,6,2198,2,8,7,1,7
2016100136466,2,19,0,18,0,0,0,0,0,0,2,1,1,1,24,5,1968,2,3,5,1,5
2016100136716,1,19,0,9,0,6,0,0,0,0,1,1,1,1,44,7,2198,2,4,2,2,2
2016100136716,2,9,0,18,0,8,0,0,0,0,4,1,6,2,42,7,1596,1,5,-1,-1,-1
2016100136745,1,10,0,13,0,0,0,0,8,0,1,1,5,1,59,9,-1,-1,-1,7,1,7
2016100136745,2,9,0,18,0,0,2,0,2,0,1,1,2,1,54,8,1896,2,13,5,3,5
2016100136875,1,9,0,5,0,1,0,0,0,0,3,1,2,1,35,6,1997,2,8,2,1,2
2016100136875,2,9,0,18,0,1,0,0,0,0,1,1,3,2,37,7,1396,1,11,1,1,1
2016100136888,1,9,0,18,0,1,0,0,0,0,-1,1,6,1,-1,-1,1910,2,10,-1,-1,-1
2016100136888,2,9,0,2,0,1,0,0,0,0,3,1,6,3,-1,-1,-1,-1,-1,-1,-1,-1
2016100136916,1,11,0,5,0,2,0,0,0,0,0,1,1,1,27,6,6700,2,8,3,2,3