Accident_Index,Vehicle_Reference,Vehicle_Type,Towing_and_Articulation,Vehicle_Manoeuvre,Vehicle_Location-Restricted_Lane,Junction_Location,Skidding_and_Overturning,Hit_Object_in_Carriageway,Vehicle_Leaving_Carriageway,Hit_Object_off_Carriageway,1st_Point_of_Impact,Was_Vehicle_Left_Hand_Drive?,Journey_Purpose_of_Driver,Sex_of_Driver,Age_of_Driver,Age_Band_of_Driver,Engine_Capacity_(CC),Propulsion_Code,Age_of_Vehicle,Driver_IMD_Decile,Driver_Home_Area_Type,Vehicle_IMD_Decile
2016100136957,1,9,0,4,0,0,0,0,0,0,1,1,6,3,-1,-1,999,1,2,-1,-1,-1
2016100136957,2,9,0,3,0,0,0,0,0,0,2,1,6,2,25,5,1242,1,5,2,1,2
2016100137011,1,8,0,18,0,1,0,0,0,0,1,1,6,3,-1,-1,-1,-1,-1,-1,-1,-1
2016100137011,2,3,0,4,0,1,0,0,0,0,2,1,6,1,20,4,125,1,2,-1,-1,-1
2016100137116,1,1,0,18,0,8,0,0,0,0,0,1,6,1,58,9,-1,-1,-1,9,1,9
2016100137116,2,19,0,7,0,5,0,0,0,0,0,1,1,1,43,7,1968,2,-1,7,1,7
2016100137124,1,9,0,18,0,0,0,0,0,0,1,1,6,1,39,7,-1,-1,-1,-1,-1,-1
2016100137124,2,9,0,18,0,0,0,0,0,0,1,1,6,1,37,7,1685,2,5,-1,-1,-1
2016100137124,3,9,0,18,0,0,0,0,0,0,1,1,6,1,52,8,1596,1,14,-1,-1,-1
2016100137124,4,9,0,18,0,0,0,0,0,0,2,1,6,1,25,5,1461,2,-1,-1,-1,-1
2016100137151,1,19,0,4,0,2,0,0,0,0,4,1,6,3,-1,-1,1968,2,5,-1,-1,-1
2016100137151,2,9,0,2,0,2,0,0,0,0,3,1,5,2,18,4,1229,1,3,8,1,8
2016100137162,1,19,0,-1,-1,0,0,-1,-1,0,-1,1,6,3,-1,-1,1753,2,10,-1,-1,-1
2016100137162,2,9,0,-1,-1,0,0,-1,-1,0,-1,1,6,1,59,9,1560,2,3,1,1,1
2016100137186,1,9,0,7,0,6,0,0,0,0,3,1,6,1,22,5,1598,2,1,3,1,3
2016100137186,2,9,0,18,0,8,0,0,0,0,1,1,1,2,47,8,1360,1,9,2,1,2
2016100137216,1,19,0,18,0,5,0,0,0,0,1,1,1,1,22,5,2143,2,2,3,1,3
2016100137216,2,9,0,18,0,8,0,0,0,0,4,1,6,2,76,11,1240,1,13,10,1,10
2016100137224,1,9,0,14,0,1,0,0,0,0,1,1,6,1,-1,-1,1968,2,1,1,1,1
2016100137224,2,9,0,9,0,1,0,0,0,0,3,1,6,1,30,6,1986,2,9,3,1,3
2016100137348,1,9,0,18,0,1,0,0,0,0,1,1,6,1,35,6,1984,1,1,-1,-1,-1
2016100137348,2,1,0,18,0,1,0,0,0,0,1,1,6,1,13,3,-1,-1,-1,1,1,1
2016100137383,1,9,0,18,0,0,0,0,0,0,4,1,1,1,25,5,1598,2,2,-1,-1,-1
2016100137416,1,9,0,18,0,2,0,0,0,0,1,1,6,2,31,6,1968,2,6,2,1,2
2016100137416,2,9,0,18,0,2,0,0,0,0,2,1,6,1,37,7,1796,1,4,10,1,10
2016100137440,1,98,0,1,0,2,0,0,0,0,2,1,6,3,-1,-1,-1,-1,-1,-1,-1,-1
2016100137440,2,9,0,2,0,1,0,0,0,0,2,1,6,1,24,5,1198,1,1,2,1,2
2016100137445,1,9,0,16,0,0,0,0,6,0,1,1,6,1,43,7,1988,1,12,2,1,2
2016100137445,2,9,0,17,0,0,0,0,0,0,1,1,6,2,35,6,1968,2,9,7,1,7
2016100137471,1,9,0,17,0,0,1,0,1,0,1,1,5,1,19,4,1753,2,13,9,3,9
2016100137522,1,1,0,18,0,0,0,0,0,0,1,1,6,1,49,8,-1,-1,-1,3,1,3
2016100137522,2,1,0,18,0,0,0,0,0,0,1,1,5,1,44,7,-1,-1,-1,6,3,6
2016100137522,3,1,0,18,0,0,0,0,0,0,1,1,5,1,78,11,-1,-1,-1,5,1,5
2016100137568,1,8,0,18,0,1,0,0,0,0,4,1,6,1,50,8,-1,-1,-1,-1,-1,-1
2016100137686,1,9,0,9,0,6,0,0,0,0,1,1,6,2,-1,-1,1951,2,13,6,3,6
2016100137686,2,9,0,3,0,8,0,0,0,0,4,1,2,2,56,9,1985,1,19,10,1,10
2016100137716,1,9,0,13,0,2,0,0,0,0,4,1,6,3,-1,-1,-1,-1,-1,-1,-1,-1
2016100137716,2,1,0,18,0,2,0,0,0,0,2,1,6,1,15,3,-1,-1,-1,5,1,5
2016100137789,1,9,0,1,0,0,0,0,0,0,2,1,6,2,22,5,1598,1,4,5,1,5
2016100137789,2,9,0,2,0,0,0,0,0,0,2,1,6,3,-1,-1,-1,-1,-1,-1,-1,-1
2016100137800,1,9,0,18,0,1,0,0,0,0,1,1,5,2,26,6,1398,2,13,4,1,4
2016100137800,2,9,0,18,0,8,0,0,0,0,1,1,5,1,65,9,2231,2,7,10,1,10
2016100137816,1,11,0,3,0,1,0,0,0,0,1,1,1,3,-1,-1,-1,-1,-1,-1,-1,-1
2016100137851,1,9,0,18,0,1,0,0,0,0,1,1,6,2,53,8,1386,1,9,2,1,2
2016100137888,1,1,0,9,0,5,0,0,0,0,1,1,6,1,52,8,-1,-1,-1,8,1,8
2016100137888,2,9,0,9,0,6,0,0,0,0,1,1,6,1,51,8,1995,2,2,8,1,8
2016100137891,1,9,0,18,0,1,0,0,0,0,3,1,6,1,50,8,1598,2,-1,5,2,5
2016100137891,2,9,0,18,0,1,0,0,0,0,1,1,6,1,46,8,1560,2,-1,-1,-1,-1
2016100137958,1,11,0,5,0,1,0,0,0,0,1,1,1,1,70,10,-1,-1,-1,5,1,5
2016100138027,1,9,0,5,0,1,0,0,0,0,3,1,5,2,82,11,1398,2,14,-1,-1,-1
2016100138027,2,5,0,18,0,1,0,0,0,0,1,1,2,1,36,7,660,1,7,-1,-1,-1
2016100138116,1,9,0,11,0,0,0,0,0,0,0,1,6,3,-1,-1,1995,2,11,-1,-1,-1
2016100138116,2,11,0,18,0,0,0,0,0,0,0,1,1,1,68,10,6370,2,3,-1,-1,-1
2016100138188,1,1,0,18,0,1,0,0,0,0,1,1,6,2,36,7,-1,-1,-1,5,1,5
2016100138188,2,9,0,18,0,1,0,0,0,0,1,1,5,1,21,5,1400,1,11,3,1,3
2016100138190,1,9,0,18,0,8,0,0,0,0,1,1,6,1,31,6,1997,2,14,2,1,2
2016100138190,2,9,0,18,0,8,0,0,0,0,4,1,1,1,31,6,1150,1,11,1,1,1
2016100138195,1,9,0,18,0,0,0,0,0,0,1,1,6,2,32,6,1422,2,1,-1,-1,-1
2016100138195,2,9,0,3,0,0,0,0,0,0,2,1,5,1,30,6,1398,1,2,5,1,5
2016100138195,3,9,0,3,0,0,0,0,0,0,2,1,6,1,26,6,1398,1,4,8,1,8
2016100138195,4,9,0,3,0,0,0,0,0,0,2,1,6,1,51,8,1995,2,12,-1,-1,-1
2016100138200,1,9,0,9,0,8,0,0,0,0,3,1,6,2,27,6,898,1,1,-1,-1,-1
2016100138200,2,1,0,18,0,8,0,0,0,0,1,1,5,1,78,11,-1,-1,-1,8,1,8
2016100138203,1,9,0,5,0,8,0,0,3,0,4,1,5,1,67,10,2792,1,18,8,1,8
2016100138203,2,9,0,18,0,8,0,0,0,0,1,1,5,1,43,7,1998,1,12,1,1,1
2016100138213,1,9,0,18,0,0,0,0,0,0,1,1,5,2,26,6,999,1,1,4,1,4
2016100138213,2,9,0,4,0,0,0,0,0,0,2,1,5,2,29,6,1995,2,4,3,3,3
2016100138213,3,9,0,4,0,0,0,0,0,0,2,1,5,2,23,5,1398,1,-1,2,1,2
2016100138213,4,9,0,4,0,0,0,0,0,0,2,1,5,1,30,6,1461,2,1,6,1,6
2016100138214,1,9,0,16,0,0,0,0,0,0,4,1,5,1,67,10,1493,2,9,-1,-1,-1
2016100138216,1,9,0,5,0,1,0,0,0,0,1,1,1,2,25,5,999,1,3,2,1,2
2016100138216,2,3,0,18,0,8,0,0,0,0,3,1,6,1,17,4,125,1,9,2,1,2
2016100138219,1,19,0,12,0,0,0,0,0,0,1,1,5,1,32,6,-1,-1,-1,7,3,7
2016100138219,2,9,0,18,0,0,1,0,2,7,2,1,5,1,68,10,1497,8,-1,1,1,1
2016100138235,1,9,0,18,0,1,0,0,0,0,1,1,5,1,20,4,1124,1,10,2,1,2
2016100138415,1,8,0,5,0,0,0,0,0,0,0,1,1,3,-1,-1,-1,-1,-1,-1,-1,-1
2016100138616,1,9,0,12,0,1,0,0,0,0,4,1,2,2,52,8,-1,-1,-1,2,1,2
2016100138616,2,9,0,10,0,1,0,0,0,0,3,1,2,1,50,8,1968,2,8,2,1,2
2016100138671,1,9,0,18,0,8,0,0,0,0,1,1,5,2,60,9,1598,1,6,-1,-1,-1
2016100138671,2,1,0,5,0,6,5,0,0,0,4,1,5,1,14,3,-1,-1,-1,1,1,1
2016100138673,1,9,0,12,0,0,0,0,0,0,1,1,5,1,33,6,1796,1,1,-1,-1,-1
2016100138673,2,9,0,4,0,0,0,0,0,0,2,1,6,1,45,7,1598,1,8,2,1,2
2016100138673,3,19,0,4,0,0,0,0,0,0,2,1,1,1,64,9,1560,2,4,9,2,9
2016100138674,1,2,0,9,0,8,5,0,0,0,3,1,5,1,17,4,49,1,16,-1,-1,-1
2016100138674,2,9,0,18,0,8,0,0,0,0,1,1,5,1,21,5,999,1,12,9,1,9
2016100138697,1,9,0,15,0,0,0,0,0,0,4,1,6,1,43,7,1997,2,13,2,1,2
2016100138832,1,9,0,18,0,0,0,0,0,0,1,2,2,1,43,7,-1,-1,-1,2,1,2
2016100138832,2,9,0,18,0,0,0,0,1,0,2,1,2,2,23,5,1598,2,5,8,1,8
2016100138832,3,1,0,18,0,0,5,0,0,0,2,1,5,1,49,8,-1,-1,-1,2,1,2
2016100138839,1,21,1,5,0,8,0,0,0,0,3,1,1,1,34,6,12740,2,-1,2,1,2
2016100138839,2,9,0,5,0,8,0,0,0,0,4,1,5,2,31,6,1582,2,2,3,1,3
2016100139016,1,9,0,18,0,8,0,0,0,0,3,1,1,1,44,7,1968,2,5,1,1,1
2016100139016,2,9,0,18,0,8,0,0,0,0,1,1,1,1,53,8,1997,2,6,-1,-1,-1
2016100139108,1,9,0,16,0,8,0,0,0,0,4,1,1,1,47,8,1598,2,2,-1,-1,-1
2016100139112,1,19,4,4,0,0,1,0,5,0,1,1,1,1,57,9,-1,-1,-1,3,1,3
2016100139112,2,9,0,4,0,0,0,0,1,0,2,1,2,2,57,9,998,1,1,4,2,4
2016100139112,3,9,0,4,0,0,0,0,1,0,3,1,2,1,37,7,998,1,2,9,2,9
2016100139472,1,9,0,18,0,1,1,0,0,0,1,1,2,1,35,6,1984,1,14,7,1,7
2016100139472,2,9,0,10,0,1,0,0,0,0,2,1,2,1,60,9,1390,1,10,2,1,2
2016100139472,3,9,0,18,0,1,0,0,0,0,1,1,6,1,61,9,2148,2,9,9,2,9
2016100139480,1,9,0,18,0,2,0,0,0,0,4,1,5,2,34,6,1198,1,-1,-1,-1,-1
2016100139480,2,11,0,3,0,2,0,0,0,0,0,1,1,1,47,8,4500,2,5,-1,-1,-1
2016100139485,1,11,0,4,0,0,0,0,0,0,1,1,1,1,-1,-1,4461,2,2,-1,-1,-1
2016100139485,2,8,0,2,2,0,0,0,0,0,0,1,1,1,42,7,-1,-1,-1,3,1,3
2016100139498,1,9,0,18,0,8,0,0,0,0,1,1,6,3,-1,-1,1390,1,3,-1,-1,-1
2016100139498,2,1,0,9,0,8,0,0,0,0,2,1,2,1,25,5,-1,-1,-1,3,1,3
2016100139526,1,9,0,18,0,1,0,0,0,0,1,1,5,2,20,4,1598,1,10,6,1,6
2016100139573,1,9,0,14,0,0,0,0,0,0,4,1,6,3,-1,-1,5461,1,-1,-1,-1,-1
2016100139573,2,9,0,3,0,0,0,0,0,0,4,1,5,1,41,7,1598,2,-1,2,1,2
2016100139590,1,9,0,1,0,0,0,0,0,0,2,1,5,2,26,6,1364,1,10,1,1,1
2016100139615,1,98,0,18,0,0,1,0,0,0,1,1,1,1,56,9,-1,-1,-1,5,1,5
2016100139615,2,9,0,3,0,0,0,0,0,0,2,1,2,1,49,8,1968,2,3,10,1,10
2016100139615,3,9,0,3,0,0,0,0,0,0,2,1,5,1,45,7,1398,1,4,9,1,9
2016100139684,1,9,0,3,0,2,0,0,0,0,2,1,6,1,46,8,1896,2,10,1,2,1
2016100139684,2,9,0,18,0,2,0,0,0,0,1,1,5,1,19,4,1229,1,8,2,2,2
2016100139695,1,9,0,6,0,0,0,0,0,0,1,1,6,3,-1,-1,-1,-1,-1,-1,-1,-1
2016100139695,2,1,0,18,0,0,0,0,0,0,1,1,5,1,49,8,-1,-1,-1,1,1,1
2016100139716,1,9,0,16,0,1,0,0,7,11,1,1,6,1,20,4,1968,2,5,9,1,9
2016100139732,1,9,0,13,0,0,0,0,0,0,2,1,6,3,-1,-1,-1,-1,-1,-1,-1,-1
2016100139732,2,1,0,18,0,0,0,0,0,0,1,1,5,1,48,8,-1,-1,-1,1,1,1
2016100139779,1,9,0,18,0,1,0,0,0,0,1,1,6,3,-1,-1,-1,-1,-1,-1,-1,-1
2016100139779,2,9,0,4,0,1,0,0,0,0,2,1,5,2,49,8,1229,1,9,3,1,3
2016100139816,1,9,0,18,0,8,0,0,0,0,1,1,6,1,24,5,1896,2,11,3,1,3
2016100139816,2,9,0,18,0,8,0,0,0,0,4,1,1,2,46,8,1461,2,5,5,2,5
2016100139822,1,9,0,5,0,1,0,0,0,0,1,1,6,3,-1,-1,-1,-1,-1,-1,-1,-1
2016100139876,1,5,0,15,0,0,0,0,0,0,1,1,6,1,57,9,1284,1,6,-1,-1,-1
2016100139876,2,9,0,9,0,0,0,0,0,0,3,1,1,1,39,7,1995,2,8,-1,-1,-1
2016100139895,1,9,0,4,0,0,0,0,0,0,1,1,2,1,66,10,1834,1,15,6,2,6
2016100139895,2,9,0,3,0,0,0,0,0,0,2,1,6,1,51,8,1598,1,10,2,1,2
2016100139938,1,9,0,3,0,0,0,0,0,0,4,1,5,2,26,6,1149,1,9,2,1,2
2016100139938,2,11,0,18,0,0,0,0,0,0,3,1,1,3,-1,-1,6700,2,6,-1,-1,-1
2016100139958,1,9,0,18,0,0,0,0,0,0,1,1,6,3,-1,-1,1900,2,11,-1,-1,-1
2016100139958,2,9,0,18,0,0,0,0,0,0,2,1,6,1,28,6,1497,8,1,1,1,1
2016100139992,1,19,0,1,0,2,0,0,0,0,2,1,1,1,33,6,1686,2,6,2,2,2
2016100140010,1,9,0,14,0,0,0,0,0,0,4,1,6,3,-1,-1,1998,2,8,-1,-1,-1
2016100140010,2,90,1,2,0,0,0,0,0,0,0,1,1,1,-1,-1,-1,-1,-1,-1,-1,-1
2016100140016,1,9,0,9,0,6,0,0,0,0,3,1,1,2,30,6,998,1,3,5,1,5
2016100140016,2,3,0,18,0,8,0,0,0,0,1,1,1,1,24,5,-1,-1,-1,3,1,3
2016100140054,1,9,0,4,0,2,0,0,0,0,1,1,1,1,61,9,1560,2,7,7,1,7
2016100140079,1,9,0,10,0,6,0,0,0,0,2,1,6,1,33,6,1997,1,2,-1,-1,-1
2016100140079,2,5,0,18,0,8,0,0,0,0,1,1,5,1,68,10,738,1,26,-1,-1,-1
2016100140216,1,9,0,18,0,0,0,0,0,0,1,1,6,2,38,7,1968,2,5,2,1,2
2016100140216,2,9,0,3,0,0,0,0,0,0,2,1,6,1,30,6,1968,2,7,-1,-1,-1
2016100140221,1,9,0,18,0,0,0,0,1,4,4,1,5,1,38,7,2993,2,8,-1,-1,-1
2016100140221,2,21,0,18,0,0,0,0,0,0,3,1,1,1,20,4,6370,2,5,-1,-1,-1
2016100140228,1,9,0,18,0,8,0,0,0,0,1,1,5,2,50,8,2231,2,9,-1,-1,-1
2016100140228,2,8,0,18,0,8,0,0,0,0,1,1,1,1,54,8,1956,2,4,-1,-1,-1
2016100140242,1,9,0,5,0,6,0,0,0,0,3,1,5,1,64,9,-1,-1,-1,4,3,4
2016100140242,2,9,0,18,0,8,0,0,0,0,1,1,5,1,51,8,-1,-1,-1,-1,-1,-1
2016100140247,1,9,0,5,0,0,0,0,1,0,1,1,5,1,77,11,1197,1,-1,-1,-1,-1
2016100140252,1,9,0,18,0,0,0,0,0,0,2,1,5,1,72,10,1199,1,13,4,1,4
2016100140252,2,5,0,18,0,0,0,0,0,0,1,1,2,1,36,7,636,1,10,4,1,4
2016100140258,1,9,0,4,0,0,0,0,0,0,0,1,6,1,-1,-1,-1,-1,-1,-1,-1,-1
2016100140258,2,5,0,18,0,0,0,0,0,0,0,1,2,1,51,8,599,1,16,-1,-1,-1
2016100140277,1,8,0,18,0,0,0,0,0,0,1,1,1,1,41,7,1797,8,3,-1,-1,-1
2016100140292,1,9,0,9,0,8,0,0,0,0,1,1,5,2,21,5,1248,1,3,10,1,10
2016100140292,2,9,0,18,0,1,0,0,0,0,1,1,5,2,56,9,1198,1,13,5,3,5
2016100140311,1,9,0,18,0,1,0,0,0,0,1,1,5,1,27,6,1248,1,6,3,1,3
2016100140311,2,9,0,18,0,1,0,0,0,0,4,1,5,1,25,5,1368,1,8,9,3,9
2016100140311,3,9,0,18,0,1,0,0,3,1,2,1,5,1,87,11,1248,1,6,4,1,4
2016100140316,1,1,0,18,0,0,0,0,0,0,4,1,6,1,68,10,-1,-1,-1,8,1,8
2016100140316,2,9,0,18,0,0,0,0,0,0,1,1,6,2,21,5,998,1,10,4,1,4
2016100140372,1,9,0,-1,-1,-1,0,0,0,0,2,1,6,1,26,6,1598,2,5,1,1,1
2016100140372,2,9,0,-1,-1,-1,0,0,0,0,1,1,6,1,21,5,1976,1,8,2,1,2
2016100140377,1,9,0,9,0,1,0,0,0,0,1,1,5,2,29,6,1560,2,7,5,1,5
2016100140377,2,9,0,18,0,1,1,0,7,0,4,1,5,2,30,6,1199,1,16,6,1,6
2016100140416,1,9,0,5,0,6,0,0,0,0,1,1,6,1,79,11,1398,1,4,2,1,2
2016100140416,2,9,0,18,0,1,0,0,0,0,1,1,6,1,27,6,1124,1,11,2,1,2
2016100140461,1,9,0,18,0,0,1,0,1,7,1,1,2,2,43,7,1560,2,3,4,2,4
2016100140484,1,9,0,16,0,8,0,0,0,0,1,1,2,2,21,5,1200,1,-1,7,1,7
2016100140484,2,9,0,17,0,8,0,0,0,0,1,1,5,2,56,9,1242,1,7,7,2,7
2016100140541,1,21,0,5,0,1,0,0,0,0,1,1,6,3,-1,-1,12809,2,2,-1,-1,-1
2016100140541,2,9,0,5,0,4,0,0,0,0,3,1,6,1,53,8,1248,2,8,-1,-1,-1
2016100140594,1,9,0,5,0,6,0,0,0,0,4,1,6,1,57,9,1992,2,8,-1,-1,-1
2016100140594,2,9,0,9,0,5,0,0,0,0,3,1,5,1,44,7,1086,1,9,9,2,9
2016100140598,1,9,0,16,0,2,1,4,1,0,2,1,5,1,24,5,1896,2,14,2,1,2
2016100140598,2,9,0,2,0,2,0,0,0,0,2,1,6,3,-1,-1,-1,-1,-1,-1,-1,-1
2016100140605,1,9,0,7,0,0,1,0,1,0,0,1,6,1,25,5,-1,-1,-1,-1,-1,-1
2016100140605,2,9,0,7,0,0,0,0,0,0,1,1,1,1,47,8,2993,2,1,3,1,3
2016100140605,3,19,0,2,0,0,0,0,0,0,3,1,6,3,-1,-1,-1,-1,-1,-1,-1,-1
2016100140689,1,9,0,18,0,8,0,0,0,0,1,1,6,1,45,7,1499,2,-1,3,1,3
2016100140689,2,9,0,18,0,8,0,0,0,0,4,1,6,2,28,6,1461,2,7,4,1,4
2016100140689,3,9,0,2,0,8,0,0,0,0,2,1,6,1,24,5,2143,2,3,8,1,8
2016100140716,1,11,0,3,2,2,0,0,0,0,0,1,1,1,27,6,-1,-1,-1,3,1,3
2016100140752,1,9,0,5,0,0,0,0,0,0,1,1,6,2,18,4,1390,1,3,1,1,1
2016100140752,2,9,0,4,0,0,0,0,0,0,2,1,6,1,50,8,1499,2,1,-1,-1,-1
2016100140752,3,9,0,4,0,0,0,0,0,0,2,1,6,1,37,7,1997,2,13,2,1,2
2016100140817,1,9,0,5,0,4,0,0,0,0,1,1,5,1,69,10,1598,1,15,4,1,4
2016100140876,1,9,0,18,0,1,0,0,0,0,3,1,6,2,-1,-1,1197,1,3,5,1,5
2016100140876,2,1,0,18,0,8,1,0,0,0,1,1,6,1,35,6,-1,-1,-1,2,1,2
2016100140903,1,9,0,7,0,0,1,0,0,0,3,1,5,2,36,7,2993,2,-1,8,3,8
2016100140903,2,11,0,9,0,0,0,0,0,0,3,1,1,1,49,8,3922,2,10,3,2,3
2016100140905,1,19,4,16,0,0,0,0,0,0,0,1,1,1,42,7,2402,2,14,5,3,5
2016100140905,2,9,0,17,0,0,0,11,0,0,3,1,6,2,78,11,1229,1,2,5,2,5
2016100140905,3,4,0,17,0,0,1,11,0,0,1,1,6,1,54,8,499,1,23,5,3,5
2016100140942,1,9,0,18,0,8,0,0,0,0,1,1,6,1,55,8,1910,2,8,4,1,4
2016100140942,2,2,0,4,0,8,0,0,0,0,3,1,6,1,41,7,50,1,-1,7,1,7
2016100140957,1,9,0,18,0,3,0,0,0,0,1,1,6,1,33,6,1339,1,7,2,1,2
2016100140957,2,9,0,18,0,8,0,0,0,0,4,1,2,2,25,5,1598,1,16,2,1,2
2016100140990,1,20,0,4,0,0,0,0,0,0,1,1,6,1,61,9,4462,2,2,2,1,2
2016100140990,2,8,0,4,0,0,0,0,0,0,2,1,6,1,29,6,1896,2,9,6,1,6
2016100140996,1,9,0,18,0,8,0,0,0,0,1,1,6,1,18,4,-1,-1,-1,9,1,9
2016100140996,2,9,0,2,0,8,0,0,0,0,2,1,6,2,33,6,1364,1,10,6,1,6
2016100140996,3,9,0,18,0,8,0,0,0,0,4,1,6,1,29,6,1560,2,12,4,2,4
2016100141052,1,9,0,9,0,5,0,0,0,0,4,1,2,1,48,8,1999,2,1,8,1,8
2016100141052,2,9,0,18,0,8,0,0,0,0,1,1,2,2,46,8,1560,2,4,4,1,4
2016100141130,1,-1,0,18,0,0,0,0,0,0,0,1,6,3,-1,-1,-1,-1,-1,-1,-1,-1
2016100141130,2,11,0,4,2,0,0,0,0,0,0,1,1,1,25,5,9000,5,2,1,1,1
2016100141182,1,9,0,18,0,0,0,0,0,0,1,1,5,1,28,6,1398,1,1,1,1,1
2016100141186,1,9,0,18,0,1,0,0,0,0,1,1,6,1,44,7,1956,2,5,3,1,3
2016100141186,2,9,0,3,0,1,0,0,0,0,2,1,6,2,50,8,1798,1,8,-1,-1,-1
2016100141228,1,9,0,9,0,8,0,0,3,11,1,1,5,1,90,11,1242,1,4,10,1,10
2016100141256,1,9,0,13,0,3,1,0,0,0,4,1,5,1,50,8,1461,2,3,1,1,1
2016100141256,2,9,0,18,0,3,0,0,0,0,1,1,6,2,22,5,1248,2,4,3,1,3
2016100141260,1,9,0,18,0,0,5,0,2,0,1,1,5,1,31,6,1753,2,11,4,1,4
2016100141261,1,9,0,13,0,0,1,0,2,0,1,1,5,1,78,11,1349,1,8,7,1,7
2016100141261,2,9,0,18,0,0,1,0,0,0,1,1,5,2,49,8,1242,1,3,4,2,4
2016100141276,1,21,0,18,0,0,0,0,0,0,4,1,1,1,56,9,10677,2,1,-1,-1,-1
2016100141276,2,1,0,18,0,0,0,0,0,0,3,1,2,1,44,7,-1,-1,-1,-1,-1,-1
2016100141616,1,11,0,2,0,0,0,0,0,0,0,1,1,1,42,7,9600,2,16,2,1,2
2016100141691,1,9,0,18,0,0,0,0,0,0,3,1,6,1,-1,-1,-1,-1,-1,-1,-1,-1
2016100142020,1,9,0,9,0,5,0,0,0,0,1,1,5,1,88,11,1598,2,4,-1,-1,-1
2016100142020,2,5,0,18,0,8,2,0,1,0,1,1,5,1,38,7,1000,1,14,1,1,1
2016100142283,1,1,0,18,0,2,0,0,0,0,-1,1,6,3,-1,-1,-1,-1,-1,-1,-1,-1
2016100142283,2,9,0,5,0,2,0,0,0,0,3,1,6,2,41,7,1796,1,12,-1,-1,-1
2016100142316,1,9,0,18,0,1,0,0,0,0,1,1,6,1,37,7,-1,-1,-1,3,1,3
2016100142316,2,9,0,3,0,1,0,0,0,0,2,1,6,2,26,6,998,1,1,9,1,9
2016100142316,3,9,0,18,0,8,0,0,0,0,0,1,1,2,45,7,1598,2,1,-1,-1,-1
2016100142389,1,9,0,-1,-1,-1,0,-1,-1,0,-1,1,6,3,-1,-1,1398,1,6,9,1,9
2016100142389,2,3,0,-1,-1,-1,0,-1,-1,0,-1,1,6,2,41,7,102,1,-1,9,1,9
2016100142461,1,9,0,9,0,4,0,0,0,0,3,1,1,2,53,8,1896,2,9,4,2,4
2016100142461,2,1,0,9,0,8,0,0,0,0,1,1,4,1,58,9,-1,-1,-1,9,1,9
2016100142492,1,11,0,18,0,1,0,0,0,0,0,1,1,1,52,8,9360,2,2,4,2,4
2016100142516,1,5,0,18,0,0,2,4,2,0,1,1,6,1,18,4,599,1,12,5,1,5
2016100142516,2,9,0,2,0,0,0,0,0,0,3,1,6,1,54,8,1997,2,2,8,1,8
2016100142593,1,9,0,5,0,2,0,0,0,0,1,1,5,1,37,7,1988,1,15,8,1,8
2016100142593,2,5,0,18,0,1,0,0,0,0,1,1,5,1,44,7,599,1,19,8,1,8
2016100142616,1,9,0,9,0,5,0,0,0,0,4,1,5,2,54,8,1242,1,3,2,1,2
2016100142616,2,1,0,18,0,8,0,0,0,0,1,1,5,1,45,7,-1,-1,-1,3,1,3
2016100142666,1,9,0,18,0,0,2,0,2,10,4,1,5,1,30,6,1560,2,12,2,2,2
2016100142666,2,9,0,18,0,0,0,0,0,0,1,1,2,2,48,8,1999,2,-1,10,1,10
2016100142716,1,9,0,18,0,1,0,0,0,0,1,1,6,1,-1,-1,1396,1,12,4,3,4
2016100142716,2,9,0,3,0,1,0,0,0,0,2,1,2,2,29,6,1242,1,1,7,1,7
2016100142892,1,-1,0,18,0,1,0,0,0,0,0,1,6,3,-1,-1,-1,-1,-1,-1,-1,-1
2016100142892,2,22,0,18,0,1,0,10,0,0,-1,1,6,1,49,8,-1,-1,-1,1,1,1
2016100143163,1,9,0,5,0,2,0,0,0,0,1,1,6,1,-1,-1,1968,2,3,8,3,8
2016100143163,2,9,0,18,0,1,0,0,0,0,1,1,6,1,-1,-1,1598,2,1,5,3,5
2016100143163,3,9,0,3,0,1,0,0,0,0,0,1,6,1,-1,-1,1242,1,3,1,2,1
2016100143163,4,9,0,3,0,1,0,0,0,0,0,1,6,1,-1,-1,998,1,7,10,2,10
2016100143216,1,11,0,5,0,0,0,0,0,0,0,1,1,1,54,8,9000,2,12,-1,-1,-1
2016100143234,1,5,0,-1,-1,0,0,-1,-1,0,-1,1,6,1,49,8,1170,1,1,10,1,10
2016100143244,1,9,0,13,0,0,0,0,0,0,4,1,6,3,-1,-1,-1,-1,-1,-1,-1,-1
2016100143244,2,1,0,18,0,0,0,0,0,0,3,1,6,1,54,8,-1,-1,-1,-1,-1,-1
2016100143290,1,9,0,18,0,1,0,0,0,0,4,1,2,1,44,7,1968,2,4,4,3,4
2016100143316,1,21,0,7,0,5,0,0,0,0,0,1,1,1,35,6,-1,-1,-1,-1,1,-1
2016100143339,1,9,0,18,0,4,0,0,0,0,1,1,6,3,-1,-1,-1,-1,-1,-1,-1,-1
2016100143339,2,9,0,9,0,8,0,0,0,0,4,1,5,1,31,6,1587,1,14,3,2,3
2016100143356,1,19,0,14,0,1,0,0,0,0,4,1,6,1,33,6,2143,2,3,5,1,5
2016100143356,2,19,0,3,0,1,0,0,0,0,3,1,6,1,49,8,1896,2,10,-1,-1,-1