Accident_Index,Vehicle_Reference,Vehicle_Type,Towing_and_Articulation,Vehicle_Manoeuvre,Vehicle_Location-Restricted_Lane,Junction_Location,Skidding_and_Overturning,Hit_Object_in_Carriageway,Vehicle_Leaving_Carriageway,Hit_Object_off_Carriageway,1st_Point_of_Impact,Was_Vehicle_Left_Hand_Drive?,Journey_Purpose_of_Driver,Sex_of_Driver,Age_of_Driver,Age_Band_of_Driver,Engine_Capacity_(CC),Propulsion_Code,Age_of_Vehicle,Driver_IMD_Decile,Driver_Home_Area_Type,Vehicle_IMD_Decile
2016100158203,1,9,0,4,0,1,1,9,0,0,3,1,1,1,45,7,1598,2,2,-1,-1,-1
2016100158222,1,9,0,18,0,1,0,0,0,0,3,1,6,1,57,9,1997,2,16,6,1,6
2016100158546,1,19,0,7,0,5,0,0,0,0,4,1,5,1,26,6,2198,2,1,-1,3,-1
2016100158546,2,1,0,15,0,1,0,0,0,0,1,1,5,1,28,6,-1,-1,-1,-1,-1,-1
2016100158653,1,1,0,18,0,8,0,0,0,0,1,1,6,1,56,9,-1,-1,-1,-1,-1,-1
2016100158653,2,9,0,4,0,8,0,0,0,0,1,1,6,1,74,10,1997,2,4,4,1,4
2016100158703,1,9,0,18,0,0,0,0,0,0,4,1,5,1,47,8,1596,1,3,1,1,1
2016100158703,2,5,0,18,0,0,2,0,0,0,3,1,5,1,46,8,599,1,12,2,1,2
2016100158927,1,9,0,18,0,0,0,0,0,0,4,1,6,3,-1,-1,-1,-1,-1,-1,-1,-1
2016100158937,1,1,0,5,0,8,0,0,0,0,1,1,2,1,30,6,-1,-1,-1,5,1,5
2016100158937,2,9,0,5,0,8,0,0,0,0,1,1,5,2,36,7,-1,-1,-1,-1,-1,-1
2016100159002,1,-1,0,-1,-1,-1,0,-1,-1,0,-1,1,6,3,-1,-1,-1,-1,-1,-1,-1,-1
2016100159002,2,9,0,3,0,1,0,0,0,0,2,1,6,2,35,6,1461,2,-1,7,1,7
2016100159005,1,9,0,18,0,0,0,0,1,11,1,1,5,1,39,7,1956,2,3,7,3,7
2016100159005,2,9,0,18,0,0,0,0,1,11,1,1,5,1,73,10,1598,2,3,9,1,9
2016100159030,1,9,0,18,0,1,0,0,0,0,1,1,6,3,-1,-1,-1,-1,-1,-1,-1,-1
2016100159030,2,9,0,3,0,1,0,0,0,0,2,1,6,2,18,4,1368,1,6,5,3,5
2016100159087,1,9,0,4,0,1,0,0,0,0,1,1,6,2,23,5,1364,1,7,3,1,3
2016100159087,2,9,0,3,0,1,0,0,0,0,2,1,6,2,70,10,1968,2,7,7,1,7
2016100159143,1,9,0,18,0,4,0,0,0,0,1,1,6,1,59,9,1686,2,11,1,1,1
2016100159143,2,9,0,5,0,8,0,0,0,0,1,1,6,1,20,4,1995,2,4,6,1,6
2016100159395,1,9,0,18,0,8,0,0,0,0,1,1,6,1,42,7,1497,1,15,1,1,1
2016100159395,2,1,0,18,0,8,0,0,0,0,1,1,1,1,32,6,-1,-1,-1,8,1,8
2016100159422,1,9,0,18,0,8,0,0,0,0,1,1,6,1,45,7,1753,2,8,4,1,4
2016100159422,2,9,0,3,0,8,0,0,0,0,2,1,5,1,72,10,996,1,-1,-1,-1,-1
2016100159440,1,9,0,9,0,5,0,0,0,0,4,1,1,1,23,5,1248,2,5,7,2,7
2016100159440,2,9,0,18,0,8,0,0,0,0,1,1,1,1,25,5,2993,2,4,-1,-1,-1
2016100159499,1,8,0,18,0,1,0,0,0,0,1,1,6,1,42,7,2143,2,1,2,1,2
2016100159563,1,9,0,9,0,6,0,0,0,0,3,1,5,2,37,7,1560,2,2,1,1,1
2016100159563,2,9,0,18,0,8,0,0,0,0,4,1,5,1,24,5,1896,2,14,2,1,2
2016100159870,1,9,0,18,0,1,0,0,0,0,1,1,5,1,27,6,1910,2,9,3,1,3
2016100159870,2,9,0,3,0,1,0,0,0,0,2,1,5,1,56,9,1686,2,4,2,1,2
2016100159902,1,9,0,3,0,0,0,0,0,0,1,1,6,1,18,4,1753,2,8,9,2,9
2016100159902,2,9,0,4,0,0,0,0,0,0,2,1,6,1,36,7,1598,2,4,10,1,10
2016100159908,1,9,0,17,0,8,1,0,7,11,1,1,5,1,21,5,1896,2,10,2,1,2
2016100159947,1,9,0,18,0,1,0,0,0,0,1,1,6,1,40,7,1995,2,8,5,1,5
2016100159962,1,9,0,2,0,0,0,0,0,0,2,1,6,2,60,9,1364,2,1,4,1,4
2016100159962,2,9,0,2,0,0,0,0,0,0,2,1,5,1,63,9,1596,1,6,4,1,4
2016100159962,3,9,0,18,0,0,0,0,7,0,1,1,2,2,48,8,1598,1,4,3,1,3
2016100160337,1,9,0,4,0,0,0,0,0,0,1,1,6,2,21,5,998,1,6,3,1,3
2016100160379,1,9,0,7,0,6,0,0,0,0,3,1,6,3,-1,-1,-1,-1,-1,-1,-1,-1
2016100160379,2,9,0,14,0,8,0,0,0,0,1,1,2,2,46,8,1798,1,9,6,1,6
2016100160387,1,9,0,9,0,6,0,0,0,0,1,1,6,1,23,5,2143,2,1,2,1,2
2016100160387,2,1,0,18,0,1,0,0,0,0,1,1,6,1,33,6,-1,-1,-1,-1,-1,-1
2016100160414,1,9,0,12,0,8,0,0,0,0,1,1,6,1,24,5,1149,1,11,1,1,1
2016100160414,2,9,0,18,0,8,0,0,0,0,4,1,6,2,33,6,1399,2,7,1,1,1
2016100160468,1,1,0,18,0,1,0,0,0,0,1,1,4,1,4,1,-1,-1,-1,-1,-1,-1
2016100160468,2,9,0,4,0,1,0,0,0,0,4,1,3,2,55,8,1560,2,1,-1,-1,-1
2016100160772,1,9,0,9,0,6,0,0,0,0,4,1,2,1,39,7,1596,1,3,2,1,2
2016100160772,2,9,0,18,0,8,0,10,1,0,1,1,6,2,54,8,1149,1,2,7,1,7
2016100160786,1,9,0,18,0,1,0,0,0,0,4,1,6,3,-1,-1,-1,-1,-1,-1,-1,-1
2016100160830,1,98,1,12,0,8,0,0,0,0,4,1,6,3,-1,-1,-1,-1,-1,-1,-1,-1
2016100160830,2,5,0,18,0,8,0,0,0,0,3,1,2,1,33,6,599,1,13,5,1,5
2016100160908,1,9,0,9,0,2,1,0,1,2,1,1,6,1,21,5,-1,-1,-1,6,1,6
2016100160954,1,9,0,18,0,1,0,0,0,0,1,1,6,3,-1,-1,-1,-1,-1,-1,-1,-1
2016100160954,2,98,0,3,0,1,0,0,0,0,2,1,1,2,45,7,-1,-1,-1,5,1,5
2016100160972,1,8,0,4,0,1,1,0,0,0,1,1,1,1,40,7,1896,2,11,1,1,1
2016100161032,1,21,0,18,0,8,0,0,0,0,1,1,6,1,32,6,6871,2,13,2,1,2
2016100161032,2,98,0,9,0,8,0,0,0,0,1,1,6,1,49,8,-1,-1,-1,1,1,1
2016100161234,1,11,0,4,0,1,0,0,0,0,0,1,1,1,62,9,-1,-1,-1,3,1,3
2016100161316,1,-1,0,18,0,0,0,0,0,0,4,1,6,3,-1,-1,-1,-1,-1,-1,-1,-1
2016100161316,2,1,0,18,0,0,0,0,0,0,3,1,5,2,41,7,-1,-1,-1,10,1,10
2016100161322,1,9,0,18,0,1,0,0,0,0,3,1,5,1,33,6,1560,2,6,5,1,5
2016100161402,1,9,0,9,0,5,0,0,0,0,1,1,6,3,-1,-1,1910,2,9,-1,-1,-1
2016100161763,1,9,0,18,0,2,0,0,0,0,1,1,6,3,-1,-1,-1,-1,-1,-1,-1,-1
2016100162192,1,9,0,9,0,6,0,0,0,0,1,1,6,1,34,6,1995,2,12,6,3,6
2016100162192,2,9,0,18,0,8,0,0,0,0,4,1,6,2,51,8,1360,1,13,5,1,5
2016100162330,1,9,0,9,0,5,0,0,0,0,4,1,6,1,25,5,998,1,17,4,1,4
2016100162330,2,1,0,18,0,8,0,0,0,0,1,1,2,1,50,8,-1,-1,-1,-1,-1,-1
2016100162379,1,9,0,18,0,6,0,0,0,0,1,1,5,1,28,6,1390,1,10,1,1,1
2016100162479,1,8,0,7,0,8,0,0,0,0,4,1,6,1,54,8,1968,2,6,-1,-1,-1
2016100162479,2,1,0,18,0,8,0,0,0,0,1,1,6,2,29,6,-1,-1,-1,-1,-1,-1
2016100162557,1,9,0,18,0,1,0,0,0,0,1,1,6,2,-1,-1,-1,-1,-1,4,1,4
2016100162557,2,9,0,3,0,1,0,0,0,0,2,1,5,1,24,5,2967,2,1,3,1,3
2016100162561,1,9,0,18,0,1,0,0,0,0,1,1,5,1,63,9,1686,2,6,5,1,5
2016100162561,2,98,0,2,0,1,0,0,0,0,2,1,1,1,48,8,-1,-1,-1,1,1,1
2016100162632,1,9,0,13,0,0,0,0,0,0,4,1,1,1,23,5,1968,2,8,4,1,4
2016100162632,2,9,0,4,0,0,0,0,0,0,1,1,5,2,20,4,973,1,13,2,1,2
2016100162791,1,11,0,5,0,1,0,0,0,0,4,1,1,1,58,9,6700,2,8,-1,1,-1
2016100162791,2,21,0,3,0,1,0,0,0,0,2,1,1,1,44,7,7698,2,-1,-1,-1,-1
2016100163008,1,9,0,4,0,0,0,0,0,0,4,1,5,1,44,7,1598,1,5,1,1,1
2016100163067,1,9,0,9,0,6,0,0,0,0,1,1,1,2,24,5,1596,1,10,2,1,2
2016100163067,2,9,0,18,0,8,0,0,0,0,1,1,5,1,27,6,1968,2,11,-1,-1,-1
2016100163410,1,9,0,18,0,0,0,0,1,0,1,1,6,1,20,4,1461,2,9,2,1,2
2016100163410,2,9,0,18,0,0,0,0,0,0,0,1,6,3,-1,-1,1598,1,10,-1,-1,-1
2016100163413,1,3,0,14,0,1,0,0,0,0,1,1,5,1,33,6,125,1,-1,-1,-1,-1
2016100163413,2,9,0,10,0,1,0,0,0,0,3,1,5,2,49,8,1360,1,10,-1,-1,-1
2016100163445,1,-1,0,7,0,8,0,0,0,0,4,1,6,3,-1,-1,-1,-1,-1,-1,-1,-1
2016100163473,1,9,0,5,0,4,0,0,0,0,1,1,2,2,33,6,1360,1,6,5,1,5
2016100163473,2,1,0,18,0,8,0,0,0,0,4,1,2,1,48,8,-1,-1,-1,9,2,9
2016100163551,1,98,0,7,0,4,0,0,0,0,1,1,1,1,32,6,-1,-1,-1,5,1,5
2016100163551,2,9,0,18,0,2,0,0,1,0,3,1,5,1,72,10,1229,1,5,2,1,2
2016100163958,1,9,0,11,0,8,0,0,0,0,4,1,6,1,29,6,1910,2,9,-1,-1,-1
2016100163958,2,9,0,18,0,8,0,0,0,0,3,1,5,1,23,5,2993,2,12,1,2,1
2016100164137,1,9,0,4,0,1,0,0,0,0,1,1,6,3,-1,-1,-1,-1,-1,-1,-1,-1
2016100164137,2,2,0,9,0,8,0,0,0,0,3,1,6,1,16,4,49,1,2,2,1,2
2016100164424,1,9,0,1,0,0,0,0,0,0,2,1,5,2,22,5,1398,1,-1,2,1,2
2016100164424,2,9,0,18,0,0,0,0,0,0,1,1,5,1,33,6,1560,2,11,2,1,2
2016100164532,1,-1,0,18,0,0,0,0,0,0,1,1,6,3,-1,-1,-1,-1,-1,-1,-1,-1
2016100164532,2,9,0,2,0,0,0,0,0,0,2,1,6,1,51,8,1560,2,1,-1,-1,-1
2016100164616,1,9,0,18,0,8,0,0,0,0,1,1,6,1,-1,-1,-1,-1,-1,-1,-1,-1
2016100164616,2,9,0,7,0,8,0,0,0,0,1,1,6,1,44,7,899,1,3,-1,-1,-1
2016100165008,1,9,0,3,0,0,0,0,0,0,2,1,2,1,50,8,1685,2,1,8,1,8
2016100165008,2,9,0,3,0,0,0,0,0,0,2,1,5,1,35,6,-1,3,-1,2,1,2
2016100165008,3,9,0,18,0,0,0,0,0,0,1,1,5,2,25,5,998,1,6,10,1,10
2016100165074,1,9,0,4,0,1,1,0,0,0,1,1,5,2,30,6,1598,1,11,10,1,10
2016100165074,2,9,0,18,0,8,0,0,0,0,4,1,5,1,44,7,1198,1,11,9,2,9
2016100165096,1,9,0,9,0,6,0,0,0,0,3,1,6,2,21,5,1242,1,4,5,1,5
2016100165096,2,9,0,18,0,8,0,0,0,0,1,1,6,2,27,6,1364,1,11,-1,-1,-1
2016100165362,1,9,0,11,0,1,0,0,0,0,4,1,6,2,17,4,998,1,6,4,2,4
2016100165362,2,9,0,18,0,1,0,0,0,0,1,1,1,1,31,6,1686,2,2,3,1,3
2016100165390,1,9,0,5,0,1,0,0,0,0,1,1,6,2,18,4,1242,1,7,1,1,1
2016100165829,1,9,0,18,0,0,0,0,0,0,3,1,5,1,73,10,-1,-1,-1,4,1,4
2016100165829,2,9,0,3,0,0,0,0,0,0,3,1,5,1,71,10,2400,2,4,5,3,5
2016100165984,1,-1,0,18,0,1,0,0,0,0,4,1,6,3,-1,-1,-1,-1,-1,-1,-1,-1
2016100165984,2,98,0,2,0,1,0,0,0,0,4,1,6,3,-1,-1,-1,-1,-1,-1,-1,-1
2016100166016,1,9,0,4,0,1,0,0,0,0,1,1,6,1,-1,-1,2143,2,5,5,1,5
2016100166016,2,19,0,3,0,1,0,0,0,0,2,1,1,1,42,7,2198,2,2,9,1,9
2016100166254,1,19,0,18,0,1,1,0,0,0,1,1,6,1,31,6,1998,2,12,4,1,4
2016100166254,2,9,0,3,0,1,0,0,0,0,2,1,5,1,38,7,1997,2,8,3,1,3
2016100166297,1,9,0,16,0,0,0,0,0,0,1,1,3,1,40,7,1560,2,9,1,1,1
2016100166351,1,9,0,18,0,2,0,0,0,0,1,1,5,1,22,5,1398,1,-1,4,1,4
2016100166427,1,9,0,18,0,0,0,0,0,0,1,1,6,3,-1,-1,1896,2,15,-1,-1,-1
2016100166427,2,9,0,3,0,0,0,0,0,0,2,1,5,2,47,8,1598,1,9,2,1,2
2016100166469,1,11,0,18,0,0,0,0,0,0,3,1,6,1,70,10,5900,2,11,-1,-1,-1
2016100166724,1,9,0,5,0,2,0,0,0,0,3,1,6,2,45,7,1995,2,8,4,1,4
2016100166896,1,9,0,18,0,1,0,0,0,0,1,1,5,1,74,10,1998,1,1,4,2,4
2016100166896,2,9,0,8,0,1,0,0,0,0,2,1,3,2,37,7,1598,1,7,6,1,6
2016100167127,1,9,0,4,0,8,0,0,0,0,1,1,6,2,-1,-1,998,1,2,-1,-1,-1
2016100167127,2,9,0,3,0,8,0,0,0,0,2,1,6,1,30,6,1956,2,5,5,1,5
2016100167234,1,9,0,5,0,6,0,0,0,0,4,1,6,2,-1,-1,1242,1,12,3,1,3
2016100167234,2,1,0,3,9,1,0,0,0,0,3,1,5,1,10,2,-1,-1,-1,2,1,2
2016100167323,1,9,0,18,0,4,1,0,0,0,1,1,6,3,-1,-1,1796,1,13,-1,-1,-1
2016100167323,2,9,0,18,0,8,0,0,0,0,4,1,5,1,67,10,905,1,2,2,1,2
2016100167595,1,9,0,16,0,0,0,6,0,0,1,1,5,1,41,7,1149,1,2,4,3,4
2016100167632,1,9,0,18,0,1,1,0,0,0,1,1,5,1,20,4,998,1,14,5,3,5
2016100167632,2,9,0,3,0,1,0,0,0,0,1,1,6,3,-1,-1,1997,2,3,-1,-1,-1
2016100167667,1,9,0,16,0,0,1,0,0,0,1,1,5,1,69,10,2151,2,17,2,1,2
2016100167667,2,9,0,17,0,0,0,0,0,0,1,1,5,1,43,7,1587,1,9,1,1,1
2016100167692,1,9,0,3,0,1,0,0,0,0,1,1,6,2,60,9,1332,1,11,9,1,9
2016100167692,2,9,0,4,0,1,0,0,0,0,2,1,6,2,65,9,1229,1,6,9,1,9
2016100167719,1,9,0,12,0,0,0,0,0,0,2,1,5,1,31,6,1995,2,1,7,1,7
2016100167719,2,9,0,18,0,0,0,0,0,0,1,1,5,1,47,8,1968,2,4,8,2,8
2016100167726,1,9,0,7,0,8,0,0,0,0,1,1,6,2,16,4,1149,1,7,9,2,9
2016100167726,2,9,0,18,0,1,0,0,0,0,1,1,6,2,23,5,1598,2,-1,9,2,9
2016100167953,1,9,0,9,0,8,0,0,0,0,1,1,5,1,26,6,1461,2,1,-1,-1,-1
2016100167962,1,9,0,4,0,1,0,0,0,0,1,1,3,1,35,6,1910,2,8,-1,-1,-1
2016100168061,1,9,0,5,0,0,0,0,0,0,1,1,6,2,63,9,1598,1,7,7,1,7
2016100168187,1,1,0,18,0,8,0,0,0,0,1,1,4,1,16,4,-1,-1,-1,6,1,6
2016100168187,2,9,0,3,0,8,0,0,0,0,4,1,6,3,-1,-1,-1,-1,-1,-1,-1,-1
2016100168515,1,9,0,16,0,1,0,0,0,0,1,1,6,1,28,6,1997,1,12,5,2,5
2016100168515,2,9,0,9,0,6,0,0,0,0,1,1,6,2,36,7,1461,2,2,-1,-1,-1
2016100168515,3,9,0,2,0,2,0,0,0,0,3,1,6,2,-1,-1,1398,1,-1,7,1,7
2016100168883,1,9,0,4,0,0,0,0,0,0,1,1,6,1,21,5,2000,1,11,8,1,8
2016100168883,2,9,0,2,0,0,0,0,0,0,4,1,6,2,38,7,-1,-1,-1,3,1,3
2016100168981,1,1,0,18,0,0,0,0,0,0,0,1,6,3,-1,-1,-1,-1,-1,-1,-1,-1
2016100168981,2,11,0,18,0,0,0,0,0,0,0,1,1,1,53,8,9360,2,3,5,1,5
2016100169131,1,1,0,18,0,8,0,0,0,0,1,1,1,1,39,7,-1,-1,-1,10,1,10
2016100169131,2,9,0,9,0,6,0,0,0,0,4,1,5,1,80,11,1956,2,-1,7,1,7
2016100169415,1,9,0,18,0,8,0,0,0,0,1,1,6,1,-1,-1,1399,2,5,-1,-1,-1
2016100169415,2,9,0,9,0,6,0,0,0,0,3,1,2,1,52,8,2477,2,12,3,1,3
2016100169447,1,11,0,4,0,2,0,0,0,0,0,1,1,1,41,7,6692,2,4,-1,-1,-1
2016100169464,1,9,0,18,0,0,0,0,0,0,1,1,6,3,-1,-1,-1,-1,-1,-1,-1,-1
2016100169875,1,9,0,18,0,0,1,0,0,0,1,1,6,2,28,6,1388,1,10,-1,-1,-1
2016100169919,1,9,0,4,0,1,0,0,0,0,1,1,6,1,21,5,1461,2,-1,-1,-1,-1
2016100169919,2,9,0,3,0,1,0,0,0,0,2,1,6,1,35,6,998,1,14,2,1,2
2016100169986,1,11,0,5,0,0,0,0,0,0,0,1,1,1,63,9,6700,2,5,1,1,1
2016100170011,1,-1,0,11,0,1,0,0,0,0,4,1,6,1,28,6,-1,-1,-1,1,1,1
2016100170011,2,9,0,18,0,1,0,0,0,0,3,1,6,1,40,7,1753,2,10,2,1,2
2016100170177,1,9,0,6,0,0,0,0,0,0,1,1,6,1,62,9,1956,2,5,4,1,4
2016100170177,2,90,0,13,0,0,0,0,0,0,1,1,6,3,-1,-1,-1,-1,-1,-1,-1,-1
2016100170259,1,9,0,18,0,0,0,1,0,0,1,1,6,2,59,9,1560,2,-1,2,2,2
2016100170259,2,9,0,18,0,0,0,0,0,0,1,1,6,1,76,11,2179,2,5,2,3,2
2016100170293,1,9,0,18,0,0,0,0,1,0,1,1,5,1,46,8,1560,2,4,7,3,7
2016100170309,1,-1,0,4,0,1,1,0,0,0,1,1,6,3,-1,-1,-1,-1,-1,-1,-1,-1
2016100170309,2,9,0,3,0,1,0,0,0,0,2,1,5,1,52,8,1497,1,11,1,1,1
2016100170321,1,9,0,18,0,0,0,0,0,0,1,1,6,2,48,8,1596,1,13,3,1,3
2016100170344,1,9,0,18,0,0,0,0,0,0,1,1,5,1,50,8,1840,1,17,10,1,10
2016100170344,2,9,0,4,0,0,0,0,0,0,2,1,5,2,37,7,1368,1,6,3,1,3
2016100170344,3,9,0,4,0,0,0,0,0,0,2,1,5,1,28,6,1956,2,7,5,1,5
2016100170355,1,9,0,4,0,0,0,0,0,0,1,1,6,2,40,7,998,1,1,-1,-1,-1
2016100170355,2,9,0,3,0,0,0,0,0,0,2,1,6,2,38,7,1997,2,5,1,1,1
2016100170910,1,9,0,18,0,1,0,0,0,0,1,1,5,1,17,4,1398,2,4,8,3,8
2016100170943,1,19,0,18,0,1,0,0,0,0,1,1,6,1,47,8,2198,2,3,8,1,8
2016100170943,2,9,0,3,0,1,0,0,0,0,2,1,2,1,22,5,1388,1,12,10,1,10
2016100170943,3,9,0,3,0,1,0,0,0,0,2,1,6,2,36,7,1461,2,-1,-1,-1,-1
2016100170971,1,9,0,18,0,8,0,0,0,0,1,1,1,1,31,6,1796,1,7,1,1,1
2016100170973,1,9,0,14,0,0,0,0,0,0,3,1,6,1,50,8,1560,2,7,4,1,4
2016100170973,2,9,0,18,0,0,0,0,0,0,3,1,6,1,-1,-1,3222,2,13,3,3,3
2016100170978,1,9,0,9,0,8,0,0,0,0,4,1,5,1,58,9,2204,2,11,1,1,1
2016100170978,2,-1,0,18,0,8,0,0,0,0,1,1,6,3,-1,-1,-1,-1,-1,-1,-1,-1
2016100170986,1,9,0,4,0,0,1,0,0,0,1,1,6,2,39,7,1390,1,10,1,1,1
2016100170990,1,9,0,9,0,5,0,0,0,0,1,1,6,1,31,6,1149,1,8,3,1,3
2016100170990,2,8,0,18,0,8,0,0,0,0,1,1,5,1,62,9,1560,2,6,1,1,1
2016100171005,1,9,0,5,0,0,0,0,0,0,2,1,1,1,43,7,1995,2,2,2,1,2
2016100171005,2,9,0,5,0,0,0,0,0,0,2,1,1,2,41,7,1499,2,-1,10,1,10
2016100171005,3,19,0,18,0,0,0,0,0,0,1,1,1,1,34,6,2461,2,14,1,1,1
2016100171007,1,-1,0,18,0,2,0,0,0,0,1,1,6,3,-1,-1,-1,-1,-1,-1,-1,-1
2016100171025,1,9,0,18,0,8,0,0,0,0,1,1,6,1,55,8,2184,2,1,3,1,3
2016100171025,2,1,0,18,0,8,0,0,0,0,4,1,6,1,29,6,-1,-1,-1,-1,-1,-1
2016100171029,1,20,0,4,0,1,0,0,0,0,1,1,1,1,39,7,4250,2,10,2,1,2
2016100171029,2,9,0,4,0,1,0,0,0,0,2,1,1,1,51,8,1248,2,1,-1,-1,-1
2016100171042,1,10,0,9,0,8,0,0,0,0,1,1,6,1,33,6,-1,-1,-1,4,1,4
2016100171042,2,9,0,18,0,1,0,0,0,0,1,1,6,1,79,11,1388,1,8,-1,-1,-1
2016100171048,1,9,0,9,0,6,0,0,0,0,3,1,1,2,23,5,998,1,7,2,1,2
2016100171061,1,9,0,18,0,6,1,0,0,0,4,1,2,1,18,4,1242,1,12,9,2,9
2016100171061,2,9,0,18,0,8,0,0,0,0,1,1,2,1,39,7,1984,1,1,7,2,7
2016100171064,1,9,0,9,0,6,0,0,0,0,1,1,5,2,55,8,2429,1,9,-1,3,-1
2016100171064,2,9,0,18,0,8,0,0,0,0,1,1,5,2,52,8,1796,1,6,6,1,6
2016100171097,1,9,0,18,0,6,0,0,0,0,1,1,5,1,50,8,1997,2,7,3,1,3
2016100171097,2,9,0,5,0,8,0,0,0,0,4,1,5,1,49,8,1364,1,7,4,1,4
2016100171112,1,9,0,5,0,0,0,0,0,0,1,1,1,1,61,9,1968,2,2,8,1,8
2016100171125,1,9,0,18,0,4,0,0,0,0,1,1,6,1,85,11,1398,1,16,10,1,10
2016100171125,2,9,0,4,0,4,0,0,0,0,2,1,6,1,68,10,1396,1,1,6,1,6
2016100171148,1,98,0,7,0,6,0,0,0,0,1,1,1,1,53,8,-1,-1,-1,4,1,4
2016100171148,2,9,0,18,0,8,0,10,1,10,4,1,5,1,74,10,1299,1,12,5,1,5
2016100171151,1,9,0,18,0,1,0,0,0,0,1,1,6,1,45,7,1956,2,1,-1,-1,-1
2016100171151,2,9,0,3,0,1,0,0,0,0,2,1,5,1,76,11,1796,1,12,8,1,8
2016100171168,1,21,0,11,0,0,0,0,0,0,4,1,1,1,35,6,12740,2,3,-1,-1,-1
2016100171168,2,9,0,18,0,0,0,0,0,0,3,1,5,2,22,5,1364,1,7,7,1,7
2016100171172,1,11,0,3,0,1,0,0,0,0,0,1,1,1,47,8,9360,2,1,3,1,3
2016100171210,1,11,0,3,0,0,0,0,0,0,0,1,1,1,42,7,6700,2,4,6,3,6
2016100171322,1,9,0,5,0,1,0,0,0,0,1,1,5,1,20,4,1198,1,9,3,1,3
2016100171322,2,9,0,4,0,1,0,0,0,0,2,1,5,2,29,6,1598,1,9,1,1,1
2016100171326,1,9,0,7,0,6,0,0,0,0,1,1,5,2,71,10,1461,2,2,2,1,2
2016100171329,1,9,0,18,0,0,0,0,0,0,3,1,6,1,30,6,1968,2,7,3,1,3
2016100171329,2,9,0,2,0,0,0,0,0,0,0,1,6,1,48,8,1997,2,1,3,1,3
2016100171334,1,9,0,18,0,6,0,0,0,0,1,1,5,2,35,6,1598,2,3,1,1,1
2016100171334,2,9,0,18,0,8,0,0,0,0,3,1,5,1,48,8,1796,1,9,10,1,10
2016100171339,1,19,0,9,0,6,0,0,0,0,3,1,6,1,22,5,1248,2,-1,9,1,9
2016100171339,2,9,0,18,0,8,0,0,0,0,1,1,6,2,47,8,1995,2,-1,10,1,10
2016100171344,1,9,0,18,0,0,0,0,0,0,4,1,5,1,69,10,1398,1,3,5,1,5
2016100171348,1,9,0,18,0,2,0,0,0,0,4,1,5,1,78,11,1318,1,-1,4,1,4
2016100171354,1,9,0,18,0,0,0,0,0,0,1,1,6,1,23,5,1598,2,4,1,1,1
2016100171357,1,19,0,4,0,0,0,0,0,0,1,1,6,2,26,6,2187,2,15,9,2,9
2016100171357,2,9,0,3,0,0,0,0,0,0,2,1,6,1,41,7,1798,1,-1,-1,-1,-1
2016100171359,1,9,0,2,0,0,0,0,0,0,3,1,5,2,29,6,1299,1,12,-1,-1,-1
2016100171359,2,1,0,14,0,0,0,0,0,0,1,1,5,1,53,8,-1,-1,-1,-1,-1,-1
2016100171364,1,9,0,9,0,4,0,0,0,0,1,1,6,1,78,11,1364,1,5,1,1,1
2016100171364,2,1,0,18,0,8,0,0,0,0,4,1,1,2,37,7,-1,-1,-1,6,1,6
2016100171369,1,9,0,18,0,1,0,0,0,0,1,1,6,3,-1,-1,-1,-1,-1,-1,-1,-1
2016100171369,2,9,0,4,0,1,0,0,0,0,2,1,5,2,26,6,1598,1,10,2,1,2
2016100171374,1,-1,0,18,0,8,0,0,0,0,1,1,6,3,-1,-1,-1,-1,-1,-1,-1,-1
2016100171374,2,9,0,9,0,5,0,0,0,0,4,1,5,2,46,8,998,1,11,6,1,6
2016100171444,1,9,0,5,0,4,0,0,0,0,1,1,6,2,48,8,1596,1,13,2,1,2
2016100171444,2,9,0,18,0,8,0,0,0,0,4,1,6,1,34,6,1598,1,13,2,2,2
2016100171459,1,9,0,4,0,0,0,0,0,0,4,1,6,2,33,6,1598,1,9,3,1,3
2016100171470,1,-1,0,5,0,0,0,0,0,0,1,1,6,3,-1,-1,-1,-1,-1,-1,-1,-1
2016100171470,2,9,0,3,0,0,0,0,0,0,2,1,6,2,51,8,1560,2,8,6,1,6
2016100171520,1,9,0,18,0,0,0,0,0,0,1,1,6,2,61,9,1596,1,9,3,1,3
2016100171533,1,9,0,4,0,1,0,0,0,0,1,1,6,1,29,6,1499,2,-1,7,1,7
2016100171533,2,9,0,3,0,1,0,0,0,0,2,1,6,1,51,8,1951,2,13,9,3,9
2016100171550,1,9,0,18,0,1,0,0,0,0,4,1,1,1,41,7,1797,8,6,1,1,1
2016100171569,1,9,0,18,0,8,0,0,0,0,1,1,6,2,36,7,1240,1,11,4,1,4
2016100171569,2,9,0,18,0,8,0,0,0,0,3,1,6,1,60,9,1461,2,10,1,1,1
2016100171595,1,9,0,9,0,6,0,0,0,0,1,1,6,3,-1,-1,1242,1,3,-1,-1,-1
2016100171605,1,9,0,18,0,1,0,0,0,0,1,1,6,2,37,7,1995,2,-1,4,1,4
2016100171605,2,9,0,2,0,1,0,0,0,0,1,1,6,1,54,8,1149,1,12,1,1,1
2016100171621,1,9,0,1,0,0,0,0,0,0,2,1,1,1,47,8,2993,2,2,9,1,9
2016100171621,2,9,0,18,0,0,0,0,0,0,1,1,5,1,24,5,1598,2,2,4,1,4
2016100171651,1,9,0,18,0,6,0,0,0,0,1,1,5,1,89,11,1198,1,4,5,1,5