Accident_Index,Vehicle_Reference,Vehicle_Type,Towing_and_Articulation,Vehicle_Manoeuvre,Vehicle_Location-Restricted_Lane,Junction_Location,Skidding_and_Overturning,Hit_Object_in_Carriageway,Vehicle_Leaving_Carriageway,Hit_Object_off_Carriageway,1st_Point_of_Impact,Was_Vehicle_Left_Hand_Drive?,Journey_Purpose_of_Driver,Sex_of_Driver,Age_of_Driver,Age_Band_of_Driver,Engine_Capacity_(CC),Propulsion_Code,Age_of_Vehicle,Driver_IMD_Decile,Driver_Home_Area_Type,Vehicle_IMD_Decile
2016100171651,2,9,0,18,0,8,0,0,0,0,3,1,1,1,50,8,1997,2,13,1,1,1
2016100171655,1,9,0,9,0,4,0,0,0,0,3,1,6,2,20,4,1968,2,9,5,1,5
2016100171655,2,9,0,18,0,8,0,0,0,0,1,1,6,1,20,4,1229,1,9,1,1,1
2016100171687,1,11,0,18,0,4,0,0,0,0,0,1,1,1,64,9,9000,2,9,9,1,9
2016100171829,1,9,0,18,0,0,0,0,0,0,3,1,6,2,36,7,1595,1,5,3,1,3
2016100171848,1,3,0,18,0,0,0,0,0,0,1,1,6,1,26,6,125,1,3,1,1,1
2016100171865,1,9,0,5,0,1,0,0,0,0,1,1,6,2,63,9,1497,8,-1,3,1,3
2016100171867,1,9,0,1,9,6,0,0,0,0,4,1,6,1,27,6,1388,1,10,6,1,6
2016100171884,1,9,0,5,0,1,0,0,0,0,1,1,6,1,67,10,2199,2,1,4,1,4
2016100171885,1,11,0,5,0,1,0,0,0,0,1,1,6,1,46,8,8268,2,13,4,1,4
2016100171903,1,90,0,5,0,1,0,0,0,0,1,1,1,1,29,6,7146,2,5,4,2,4
2016100171903,3,19,0,3,0,1,0,0,0,0,2,1,1,1,40,7,2198,2,1,-1,-1,-1
2016100171944,1,9,0,18,0,2,0,0,0,0,1,1,6,2,26,6,1240,1,8,7,1,7
2016100171944,2,9,0,3,0,2,0,0,0,0,2,1,6,2,23,5,1149,1,4,4,2,4
2016100171973,1,9,0,7,0,6,0,0,0,0,1,1,6,1,-1,-1,1956,2,5,3,1,3
2016100171973,2,9,0,18,0,1,0,0,0,0,4,1,6,2,29,6,1198,1,5,7,1,7
2016100172003,1,9,0,9,0,6,0,0,0,0,3,1,1,2,57,9,2494,8,1,9,1,9
2016100172003,2,9,0,18,0,8,1,0,0,0,1,1,5,1,20,4,1364,1,7,1,1,1
2016100172008,1,9,0,9,0,5,0,0,0,0,1,1,6,2,25,5,1124,1,13,1,2,1
2016100172008,2,9,0,18,0,8,0,0,0,0,1,1,6,1,32,6,-1,-1,-1,3,2,3
2016100172031,1,9,0,14,0,1,0,0,0,0,1,1,6,3,-1,-1,1968,2,-1,-1,-1,-1
2016100172031,2,9,0,3,0,1,0,0,0,0,2,1,5,1,30,6,1998,1,17,2,1,2
2016100172049,1,97,0,18,0,1,0,0,0,0,-1,1,6,3,-1,-1,-1,-1,-1,-1,-1,-1
2016100172064,1,9,0,17,0,1,0,0,0,0,1,1,6,3,-1,-1,1910,2,9,-1,-1,-1
2016100172064,2,9,0,10,0,1,0,0,0,0,3,1,5,1,20,4,1798,1,-1,1,1,1
2016100172094,1,9,0,7,0,5,0,0,0,0,3,1,2,1,59,9,1896,2,16,4,1,4
2016100172148,1,9,0,13,0,1,0,0,0,0,4,1,5,3,-1,-1,-1,-1,-1,-1,-1,-1
2016100172148,2,9,0,18,0,1,0,0,0,0,3,1,1,2,39,7,1910,2,11,3,1,3
2016100172315,1,11,0,9,0,5,0,0,0,0,3,1,1,1,62,9,6700,2,8,5,3,5
2016100172375,1,9,0,18,0,1,0,0,0,0,1,1,5,2,69,10,1368,1,-1,7,1,7
2016100172381,1,9,0,18,0,0,0,0,0,0,1,1,6,2,63,9,1598,1,7,7,1,7
2016100172431,1,9,0,18,0,0,0,0,0,0,1,1,5,1,20,4,1368,1,2,1,1,1
2016100172431,2,9,0,2,0,0,0,0,0,0,4,1,5,2,28,6,1461,2,2,2,1,2
2016100172454,1,-1,0,4,0,0,0,0,0,0,2,1,6,1,56,9,-1,-1,-1,9,1,9
2016100172454,2,19,0,4,0,0,0,0,0,0,1,1,6,1,-1,-1,2198,2,9,-1,-1,-1
2016100172474,1,9,0,5,0,4,0,0,0,0,3,1,2,1,46,8,1395,1,2,9,1,9
2016100172474,2,1,0,17,0,8,0,0,0,0,1,1,2,2,38,7,-1,-1,-1,-1,-1,-1
2016100172501,1,9,0,9,0,5,1,0,0,0,1,1,5,2,43,7,1149,1,4,5,1,5
2016100172501,2,9,0,17,0,8,1,0,0,0,1,1,5,1,-1,-1,2143,2,6,10,1,10
2016100172508,1,9,0,4,0,1,0,0,0,0,1,1,6,2,24,5,1242,1,5,10,1,10
2016100172508,2,9,0,3,0,1,0,0,0,0,2,1,6,1,47,8,1968,2,4,4,1,4
2016100172542,1,9,0,3,0,1,0,0,0,0,2,1,6,2,49,8,1248,2,3,1,1,1
2016100172542,2,9,0,5,0,1,0,0,0,0,1,1,6,1,65,9,-1,-1,-1,3,2,3
2016100172577,1,9,0,18,0,1,0,0,0,0,4,1,6,2,66,10,1399,2,4,10,1,10
2016100172591,1,9,0,9,0,6,0,0,0,0,0,1,6,3,-1,-1,-1,-1,-1,-1,-1,-1
2016100172591,2,9,0,18,0,1,1,0,1,10,1,1,5,2,17,4,1124,1,13,3,2,3
2016100172659,1,9,0,1,9,6,0,0,0,0,2,1,6,3,-1,-1,-1,-1,-1,-1,-1,-1
2016100172685,1,9,0,4,0,1,0,0,0,0,1,1,6,2,23,5,1596,1,5,5,1,5
2016100172685,2,9,0,4,0,1,0,0,0,0,2,1,6,1,46,8,1461,2,6,4,1,4
2016100172699,1,9,0,18,0,1,0,0,0,0,1,1,5,2,44,7,1956,2,2,-1,-1,-1
2016100172699,2,-1,0,9,0,6,0,0,0,0,0,1,6,3,-1,-1,-1,-1,-1,-1,-1,-1
2016100172699,3,9,0,7,0,6,0,0,0,0,0,1,5,1,54,8,1597,1,7,2,1,2
2016100172699,4,9,0,4,0,1,0,0,0,0,2,1,5,2,46,8,1388,1,11,2,1,2
2016100172702,1,9,0,18,0,1,0,0,0,0,3,1,6,1,29,6,1560,2,3,1,1,1
2016100172709,1,9,0,9,0,2,0,0,0,0,1,1,6,3,-1,-1,-1,-1,-1,-1,-1,-1
2016100172709,2,11,0,18,0,2,0,0,0,0,3,1,1,3,-1,-1,-1,-1,-1,-1,-1,-1
2016100172714,1,9,0,9,0,5,0,0,0,0,1,1,6,2,54,8,1685,2,1,9,1,9
2016100172714,2,19,0,5,0,8,0,0,0,0,1,1,5,1,60,9,1997,2,2,4,1,4
2016100172715,1,9,0,18,0,1,0,0,0,0,1,1,6,1,86,11,1242,1,3,8,1,8
2016100172731,1,9,0,18,0,8,0,0,0,0,1,1,6,2,25,5,998,1,2,1,1,1
2016100172731,2,19,0,18,0,8,0,0,0,0,3,1,6,1,40,7,1560,2,2,10,1,10
2016100172743,1,8,0,18,0,1,0,0,0,0,1,1,6,1,41,7,1910,2,9,3,1,3
2016100172743,2,9,0,3,0,1,0,0,0,0,2,1,6,2,63,9,1229,1,1,3,1,3
2016100172763,1,9,0,9,0,6,0,0,0,0,1,1,5,2,27,6,1242,1,6,8,1,8
2016100172763,2,9,0,18,0,8,0,0,0,0,4,1,1,2,19,4,1149,1,4,3,1,3
2016100172805,1,11,0,18,0,4,0,0,0,0,1,1,1,1,-1,-1,7300,2,11,-1,-1,-1
2016100172805,2,9,0,18,0,8,0,0,0,0,4,1,6,1,31,6,1560,2,8,2,1,2
2016100172813,1,9,0,9,0,5,0,0,0,0,4,1,6,1,-1,-1,1398,1,12,5,1,5
2016100172813,2,2,0,18,0,8,0,0,0,0,1,1,6,1,21,5,49,1,1,1,1,1
2016100172877,1,9,0,9,0,4,0,0,0,0,0,1,5,2,50,8,998,1,2,10,1,10
2016100172877,2,1,0,9,0,8,0,0,0,0,3,1,5,1,51,8,-1,-1,-1,-1,-1,-1
2016100172881,1,9,0,18,0,5,0,0,8,0,1,1,6,3,-1,-1,-1,-1,-1,-1,-1,-1
2016100172927,1,8,0,5,0,0,0,0,0,0,4,1,6,3,-1,-1,-1,-1,-1,-1,-1,-1
2016100172941,1,9,0,18,0,1,0,0,0,0,1,1,6,2,61,9,1197,1,-1,5,3,5
2016100172941,2,9,0,4,0,1,0,0,0,0,4,1,6,1,62,9,1598,1,19,3,1,3
2016100172945,1,9,0,9,0,5,0,0,0,0,1,1,5,1,24,5,1149,1,7,7,1,7
2016100172945,2,9,0,18,0,8,0,0,0,0,1,1,1,2,47,8,1598,2,2,-1,-1,-1
2016100172980,1,11,0,7,0,6,0,0,0,0,4,1,1,1,46,8,9000,2,9,-1,-1,-1
2016100173008,1,9,0,3,0,1,0,0,0,0,1,1,6,1,28,6,999,1,2,5,1,5
2016100173008,2,9,0,7,0,1,0,0,0,0,2,1,6,2,22,5,1229,1,1,1,1,1
2016100173008,3,-1,0,5,0,6,0,0,0,0,0,1,6,3,-1,-1,-1,-1,-1,-1,-1,-1
2016100173018,1,1,0,17,0,8,0,0,0,0,2,1,2,1,46,8,-1,-1,-1,10,1,10
2016100173018,2,9,0,5,0,4,0,0,0,0,1,1,2,1,37,7,-1,-1,-1,1,1,1
2016100173039,1,98,1,17,0,8,0,0,0,0,4,1,1,1,53,8,-1,-1,-1,-1,-1,-1
2016100173039,2,9,0,18,0,4,1,0,3,2,4,1,5,1,50,8,1896,2,17,10,2,10
2016100173097,1,9,0,4,0,1,1,0,0,0,1,1,5,1,79,11,1560,2,2,5,1,5
2016100173097,2,9,0,3,0,1,0,0,0,0,2,1,5,2,38,7,1364,1,7,5,1,5
2016100173103,1,9,0,9,0,5,0,0,0,0,4,1,5,2,24,5,998,1,13,9,1,9
2016100173103,2,9,0,18,0,8,1,0,0,0,1,1,5,2,26,6,1368,1,7,6,1,6
2016100173104,1,8,0,4,0,1,0,0,0,0,1,1,1,3,-1,-1,-1,-1,-1,-1,-1,-1
2016100173104,2,9,0,3,0,1,0,0,0,0,2,1,6,1,28,6,1388,1,9,3,1,3
2016100173340,1,9,0,16,0,1,0,0,7,2,1,1,6,1,21,5,1598,1,3,-1,-1,-1
2016100173366,1,9,0,18,0,8,0,10,0,0,4,1,1,1,50,8,2401,2,10,1,1,1
2016100173366,2,9,0,9,0,6,0,10,0,0,3,1,1,1,38,7,1596,1,4,2,1,2
2016100173373,1,9,0,18,0,0,0,0,0,0,1,1,6,1,25,5,998,1,13,2,1,2
2016100173385,1,9,0,4,0,0,0,0,0,0,2,1,1,1,21,5,1329,1,1,3,1,3
2016100173385,2,9,0,18,0,0,0,0,0,0,1,1,2,1,45,7,1798,1,4,4,1,4
2016100173385,3,9,0,18,0,0,0,0,0,0,1,1,6,1,52,8,1968,2,8,8,1,8
2016100173385,4,9,0,18,0,0,0,0,0,0,1,1,6,1,34,6,1984,2,7,1,1,1
2016100173398,1,-1,0,18,0,1,0,0,0,0,4,1,6,3,-1,-1,-1,-1,-1,-1,-1,-1
2016100173416,1,9,0,18,0,0,0,0,0,0,4,1,6,1,32,6,1910,2,8,3,1,3
2016100173428,1,9,0,1,0,0,0,0,0,0,2,1,6,3,-1,-1,-1,-1,-1,-1,-1,-1
2016100173449,1,9,0,18,0,0,2,10,1,10,4,1,2,1,28,6,3246,1,14,5,2,5
2016100173449,2,98,0,18,0,0,0,0,0,0,0,1,5,3,-1,-1,-1,-1,-1,-1,-1,-1
2016100173450,1,9,0,9,0,8,0,0,0,0,1,1,5,1,18,4,1229,1,-1,3,1,3
2016100173450,2,9,0,18,0,8,0,0,0,0,1,1,5,1,24,5,1200,1,1,-1,-1,-1
2016100173478,1,9,0,1,0,0,0,0,0,0,2,1,6,1,50,8,1461,2,11,5,3,5
2016100173482,1,11,0,5,0,4,0,0,0,0,-1,1,6,3,-1,-1,-1,-1,-1,-1,-1,-1
2016100173482,2,9,0,5,0,4,0,0,0,0,1,1,6,2,24,5,1149,1,11,10,1,10
2016100173504,1,9,0,1,0,0,0,0,0,0,2,1,5,1,45,7,1240,1,12,5,1,5
2016100173520,1,1,0,18,0,1,0,0,0,0,3,1,6,1,25,5,-1,-1,-1,-1,-1,-1
2016100173520,2,9,0,13,0,1,0,0,0,0,4,1,5,2,66,10,1388,1,9,3,1,3
2016100173525,1,9,0,18,0,8,0,0,0,0,4,1,5,1,18,4,999,1,1,7,3,7
2016100173525,2,9,0,9,0,8,0,0,0,0,1,1,5,2,55,8,998,1,1,10,1,10
2016100173526,1,9,0,4,0,0,0,0,0,0,1,1,6,1,24,5,2993,2,9,3,1,3
2016100173526,2,9,0,4,0,0,0,0,0,0,2,1,6,1,35,6,1984,1,5,9,1,9
2016100173526,3,9,0,4,0,0,0,0,0,0,2,1,6,1,42,7,1598,1,10,6,1,6
2016100173526,4,9,0,4,0,0,0,0,0,0,2,1,6,1,26,6,1560,2,3,5,1,5
2016100173526,5,9,0,4,0,0,0,0,0,0,2,1,6,1,48,8,2993,2,1,10,1,10
2016100173538,1,9,0,9,0,6,0,0,0,0,3,1,5,2,28,6,1984,1,17,1,1,1
2016100173538,2,3,0,10,0,1,0,0,0,0,1,1,5,1,19,4,125,1,-1,1,1,1
2016100173550,1,9,0,9,0,8,0,0,0,0,1,1,6,2,21,5,1242,1,7,3,1,3
2016100173550,2,9,0,18,0,8,0,0,7,0,1,1,5,1,55,8,1997,2,9,9,1,9
2016100173564,1,9,0,2,0,0,0,0,0,0,3,1,1,2,53,8,998,1,1,4,1,4
2016100173564,2,1,0,18,0,0,0,0,0,0,1,1,5,1,44,7,-1,-1,-1,5,1,5
2016100173572,1,9,0,1,0,0,0,0,0,0,4,1,5,1,33,6,1910,2,10,2,1,2
2016100173594,1,-1,0,18,0,1,0,0,1,7,1,1,6,3,-1,-1,-1,-1,-1,-1,-1,-1
2016100173594,2,-1,0,18,0,1,0,0,0,0,4,1,6,1,-1,-1,-1,-1,-1,6,1,6
2016100173594,3,9,0,18,0,1,0,0,0,0,2,1,6,2,-1,-1,1461,2,3,3,2,3
2016100173594,4,9,0,18,0,1,0,0,0,0,2,1,6,1,31,6,1590,1,1,1,1,1
2016100173698,1,9,0,9,0,4,0,0,0,0,1,1,6,2,68,10,1398,2,9,8,1,8
2016100173698,2,9,0,18,0,4,0,0,0,0,2,1,6,1,26,6,-1,-1,-1,3,1,3
2016100173703,1,9,0,18,0,6,0,0,0,0,1,1,5,1,28,6,1149,1,11,5,1,5
2016100173703,2,9,0,18,0,8,0,0,0,0,3,1,5,3,-1,-1,1496,2,-1,-1,-1,-1
2016100173713,1,9,0,18,0,0,1,0,1,0,3,1,5,1,25,5,1968,2,1,3,1,3
2016100173713,2,9,0,11,0,0,1,0,2,4,4,1,5,1,28,6,1248,1,3,-1,-1,-1
2016100173736,1,9,0,9,0,8,0,0,0,0,1,1,6,2,38,7,2179,2,1,5,1,5
2016100173736,2,1,0,18,9,6,0,0,0,0,1,1,6,1,16,4,-1,-1,-1,10,1,10
2016100173753,1,19,0,16,0,0,1,0,7,11,3,1,1,1,22,5,2198,2,1,2,1,2
2016100173754,1,-1,0,18,0,8,0,0,0,0,1,1,6,3,-1,-1,-1,-1,-1,-1,-1,-1
2016100173754,2,1,0,9,0,8,0,0,0,0,2,1,5,1,19,4,-1,-1,-1,2,1,2
2016100173777,1,9,0,13,0,1,1,0,0,0,1,1,6,1,29,6,1995,2,11,2,1,2
2016100173777,2,9,0,18,0,1,0,0,0,0,3,1,6,1,77,11,2979,1,13,6,3,6
2016100173780,1,-1,0,18,0,8,0,0,0,0,1,1,6,3,-1,-1,-1,-1,-1,-1,-1,-1
2016100173780,2,1,0,18,0,8,0,0,0,0,3,1,1,1,23,5,-1,-1,-1,2,1,2
2016100173810,1,9,0,18,0,0,0,0,0,0,1,1,6,3,-1,-1,-1,-1,-1,-1,-1,-1
2016100173819,1,19,0,17,0,0,1,0,1,4,4,1,1,1,40,7,2143,2,1,1,1,1
2016100173831,1,9,0,18,0,8,0,0,0,0,4,1,6,1,18,4,1149,1,14,6,2,6
2016100173831,2,9,0,5,0,6,0,0,0,0,1,1,6,2,-1,-1,2967,2,10,10,1,10
2016100173843,1,11,0,2,0,0,0,0,0,0,0,1,1,1,53,8,9000,2,12,5,1,5
2016100173844,1,9,0,18,0,0,0,0,0,0,4,1,5,1,51,8,1798,8,-1,5,1,5
2016100173872,1,9,0,7,0,0,0,0,0,0,1,1,5,2,78,11,998,1,9,8,2,8
2016100173877,1,9,0,18,0,2,0,0,0,0,4,1,5,1,43,7,1968,2,5,5,1,5
2016100173903,1,98,0,18,0,0,0,0,0,0,1,1,6,1,34,6,-1,-1,-1,-1,-1,-1
2016100173903,2,9,0,4,0,0,0,0,0,0,2,1,5,2,39,7,998,1,3,1,1,1
2016100173928,1,9,0,3,0,0,0,0,0,0,2,1,6,1,42,7,1399,2,5,3,1,3
2016100173928,2,9,0,5,0,0,0,0,0,0,1,1,6,2,22,5,998,1,4,2,1,2
2016100173928,3,9,0,5,0,0,0,0,0,0,1,1,6,2,78,11,1086,1,10,2,1,2
2016100173966,1,9,0,16,0,8,0,0,7,11,4,1,5,1,21,5,-1,-1,-1,4,2,4
2016100173977,1,9,0,18,0,0,0,0,0,0,4,1,6,1,-1,-1,1296,1,8,6,1,6
2016100174009,1,9,0,18,0,0,0,0,0,0,1,1,5,1,74,10,1364,1,7,8,1,8
2016100174009,2,19,0,2,0,0,0,0,0,0,1,1,5,2,55,8,2402,2,10,8,1,8
2016100174042,1,9,0,16,0,1,0,0,0,0,3,1,5,1,72,10,998,1,12,3,1,3
2016100174042,2,9,0,17,0,2,0,0,0,0,3,1,6,1,66,10,998,1,5,1,1,1
2016100174078,1,19,0,17,0,6,0,0,0,0,1,1,5,1,-1,-1,1870,2,13,5,1,5
2016100174078,2,9,0,3,0,2,0,0,0,0,2,1,5,1,35,6,1968,2,6,5,1,5
2016100174105,1,9,0,9,0,8,0,0,0,0,3,1,6,1,48,8,1796,1,9,4,1,4
2016100174105,2,9,0,18,0,8,0,0,0,0,1,1,6,2,50,8,1149,1,9,3,1,3
2016100174736,1,9,0,12,0,6,0,0,0,0,3,1,6,3,-1,-1,-1,-1,-1,-1,-1,-1
2016100174736,2,9,0,18,0,8,0,0,0,0,4,1,6,1,25,5,1390,1,12,4,1,4
2016100175851,1,9,0,17,0,0,0,0,0,0,1,1,2,2,39,7,1596,1,11,4,1,4
2016100175851,2,1,0,16,0,0,0,0,0,0,1,1,2,2,38,7,-1,-1,-1,1,1,1
2016100176283,1,9,0,5,0,2,0,0,0,0,1,1,6,1,-1,-1,-1,-1,-1,3,2,3
2016100176372,1,9,0,9,0,8,0,0,0,0,1,1,6,1,21,5,-1,-1,-1,1,1,1
2016100176372,2,9,0,18,0,8,0,0,0,0,3,1,5,1,28,6,1956,2,5,-1,-1,-1
2016100176583,1,9,0,5,0,0,0,0,0,0,1,1,5,2,25,5,973,1,13,1,1,1
2016100176583,2,9,0,18,0,0,0,0,0,0,4,1,5,1,58,9,1988,1,12,3,1,3
2016100176583,3,9,0,2,0,0,0,0,0,0,2,1,6,2,60,9,998,1,3,3,1,3
2016100177880,1,9,0,9,0,6,0,0,0,0,3,1,6,1,60,9,1560,2,9,3,1,3
2016100177880,2,3,0,18,0,8,0,0,0,0,1,1,5,1,33,6,124,1,2,3,1,3
2016100178326,1,9,0,17,0,4,0,0,0,0,3,1,6,1,44,7,1686,2,15,1,1,1
2016100178326,2,9,0,9,0,8,0,0,0,0,1,1,6,1,54,8,1598,1,15,1,1,1
2016100178376,1,9,0,18,0,1,0,0,0,0,0,1,5,1,69,10,1560,2,1,3,2,3
2016100179039,1,9,0,18,0,0,0,0,0,0,1,1,6,1,51,8,1560,2,2,3,1,3
2016100179039,2,9,0,2,0,0,0,0,0,0,2,1,6,1,26,6,1149,1,10,9,1,9
2016100179039,3,9,0,2,0,0,0,0,0,0,2,1,6,2,53,8,998,1,1,10,1,10
2016100179039,4,9,0,2,0,0,0,0,0,0,2,1,6,2,66,10,1199,1,1,8,1,8
2016100179221,1,9,0,5,0,0,0,0,0,0,1,1,6,1,67,10,1364,1,7,5,1,5
2016100179221,2,1,0,18,0,0,2,0,0,0,1,1,1,1,44,7,-1,-1,-1,-1,-1,-1
2016100179261,1,21,0,18,0,6,0,0,0,0,1,1,1,1,53,8,3920,2,6,2,1,2
2016100179261,2,9,0,18,0,8,0,0,0,0,3,1,1,1,23,5,1997,2,4,1,1,1
2016100179372,1,1,0,18,0,6,0,0,0,0,1,1,4,1,15,3,-1,-1,-1,2,1,2
2016100179372,2,9,0,18,0,8,0,0,0,0,3,1,5,2,29,6,1598,1,10,5,1,5
2016100179767,1,8,0,18,0,0,0,0,0,0,1,1,1,1,44,7,2231,2,5,1,1,1
2016100180362,1,9,0,9,0,6,0,0,0,0,1,1,5,1,42,7,-1,-1,-1,-1,-1,-1
2016100180362,3,9,0,17,0,8,1,0,7,11,4,1,2,2,24,5,996,1,3,2,1,2
2016100180601,1,3,0,18,0,3,0,0,0,0,4,1,6,1,22,5,125,1,2,1,1,1
2016100180968,1,9,0,7,0,6,0,0,0,0,1,1,2,2,32,6,899,1,1,10,1,10
2016100180968,2,1,0,18,0,8,2,0,0,0,1,1,2,1,32,6,-1,-1,-1,1,1,1
2016100183992,1,9,0,18,0,2,0,0,0,0,4,1,6,3,-1,-1,-1,-1,-1,-1,-1,-1
2016100183992,2,22,0,18,0,2,0,0,0,0,3,1,6,1,-1,-1,-1,-1,-1,3,1,3
2016100184869,1,9,0,5,0,4,0,0,0,0,1,1,5,2,56,9,-1,-1,-1,4,1,4
2016100184869,2,9,0,18,0,8,5,0,4,0,4,1,6,1,31,6,1242,1,2,3,1,3
2016100185545,1,-1,0,18,0,1,0,0,0,0,1,1,6,3,-1,-1,-1,-1,-1,-1,-1,-1
2016100185545,2,9,0,3,0,1,0,0,0,0,2,1,6,2,38,7,1499,2,-1,5,1,5
2016100187651,1,9,0,5,0,6,0,0,0,0,1,1,6,2,31,6,1999,2,-1,-1,3,-1
2016100187651,2,9,0,17,0,8,0,0,1,11,1,1,6,1,41,7,1229,1,6,4,1,4
2016100188110,1,9,0,7,0,5,0,0,0,0,1,1,6,1,34,6,1956,2,5,3,1,3
2016100188110,2,9,0,18,0,8,0,0,0,0,1,1,6,2,35,6,1198,1,5,7,1,7
2016100188618,1,9,0,18,0,0,0,0,0,0,1,1,6,3,-1,-1,-1,-1,-1,-1,-1,-1
2016100188618,2,9,0,18,0,0,0,0,0,0,2,1,5,2,19,4,973,1,15,4,2,4
201610P049516,1,9,0,4,0,0,0,0,0,0,1,1,2,2,31,6,-1,-1,-1,9,1,9
201610P049516,2,9,0,3,0,0,0,0,0,0,2,1,5,2,53,8,-1,-1,-1,3,1,3
201610P052816,1,9,0,18,0,2,0,0,0,0,1,1,5,1,18,4,-1,-1,-1,9,3,9
201610P052816,2,9,0,18,0,2,0,0,0,0,2,1,5,1,35,6,-1,-1,-1,2,2,2
201610P079016,1,9,0,9,0,5,0,0,0,0,4,1,5,1,91,11,-1,-1,-1,6,3,6
201610P079016,2,9,0,18,0,8,0,0,0,0,1,1,5,1,33,6,-1,-1,-1,10,1,10
201610P081116,1,9,0,18,0,2,0,0,0,0,1,1,5,2,29,6,-1,-1,-1,1,1,1
201610P081116,2,9,0,3,0,2,0,0,0,0,2,1,1,2,40,7,-1,-1,-1,1,1,1
201610P081716,1,9,0,3,0,0,0,0,0,0,0,1,1,1,48,8,-1,-1,-1,5,3,5
201610P081716,2,9,0,18,0,0,0,0,0,0,1,1,6,1,40,7,-1,-1,-1,4,2,4
201610P081716,3,9,0,18,0,0,0,0,0,0,1,1,6,1,18,4,-1,-1,-1,9,3,9
201610P081916,1,9,0,18,0,0,0,0,0,0,1,1,2,1,27,6,-1,-1,-1,5,2,5
201610P081916,2,9,0,4,0,0,0,0,0,0,2,1,2,1,53,8,-1,-1,-1,8,1,8
2016110049770,1,9,0,9,0,8,0,0,0,0,1,1,6,1,24,5,1896,2,13,1,1,1
2016110049770,2,9,0,18,0,8,0,0,0,0,4,1,6,2,46,8,1598,2,2,7,1,7
2016110050067,1,9,0,18,0,0,2,0,1,0,4,1,5,1,21,5,1349,1,7,4,2,4
2016110050192,1,9,0,18,0,6,0,0,7,2,4,1,5,1,17,4,998,1,4,4,1,4
2016110050192,2,9,0,18,0,8,0,0,0,0,1,1,5,1,34,6,1242,1,14,3,2,3
2016110050258,1,17,0,12,0,0,0,0,0,0,1,1,1,1,-1,-1,3319,2,1,7,2,7
2016110050258,2,9,0,18,0,0,0,0,0,0,1,1,2,2,23,5,1364,1,7,4,2,4
2016110050382,1,9,4,18,0,8,1,0,0,0,4,1,5,1,37,7,2495,2,13,8,3,8
2016110050382,2,9,0,18,0,8,0,0,1,1,3,1,5,1,37,7,998,1,6,4,1,4
2016110050452,1,9,0,18,0,0,0,0,0,0,1,1,5,2,28,6,1598,2,1,7,2,7
2016110050452,2,9,0,4,0,0,0,0,0,0,2,1,5,2,51,8,1968,2,5,9,1,9
2016110050462,1,9,0,5,0,1,0,0,0,0,1,1,2,2,38,7,1461,2,6,5,1,5
2016110050462,2,9,0,3,0,1,0,0,0,0,2,1,2,2,43,7,-1,-1,-1,4,2,4
2016110050462,3,9,0,3,0,1,0,0,0,0,2,1,2,2,39,7,1969,2,1,10,1,10
2016110050511,1,9,0,18,0,8,0,0,1,0,3,1,5,2,57,9,1328,1,7,5,1,5
2016110050511,2,9,0,18,0,8,0,0,0,0,1,1,3,2,39,7,1461,2,6,9,1,9
2016110050722,1,9,0,9,0,8,0,0,0,0,1,1,5,1,56,9,1200,1,3,3,1,3
2016110050722,2,3,0,18,0,8,2,0,0,0,1,1,5,1,19,4,124,1,27,2,1,2
2016110050903,1,9,0,7,0,1,0,0,0,0,1,1,6,2,41,7,1299,1,8,8,1,8
2016110050944,1,9,0,9,0,8,0,0,0,0,0,1,5,1,57,9,1332,1,5,8,1,8
2016110050972,1,9,0,9,0,2,0,0,0,0,1,1,6,3,-1,-1,-1,-1,-1,-1,-1,-1
2016110051041,1,9,0,18,0,1,0,0,4,0,1,1,5,2,30,6,1968,2,3,7,1,7
2016110051079,1,9,0,18,0,1,0,0,0,0,3,1,5,1,83,11,1998,2,9,7,1,7
2016110051079,2,9,0,18,0,1,0,0,0,0,1,1,5,1,23,5,973,1,16,4,1,4
2016110051209,1,9,0,9,0,8,0,0,0,0,1,1,6,2,57,9,1991,2,7,4,2,4
2016110051209,2,1,0,18,0,8,0,0,0,0,3,1,6,1,19,4,-1,-1,-1,5,1,5
2016110051289,1,9,0,18,0,0,2,7,0,0,3,1,1,2,27,6,1349,1,5,4,1,4
2016110051310,1,9,0,18,0,0,2,0,1,0,1,1,5,2,19,4,1229,1,9,2,2,2
2016110051310,2,9,0,18,0,0,0,0,0,0,0,1,5,1,19,4,1360,1,10,7,2,7
2016110051376,1,9,0,18,0,0,0,0,0,0,1,1,6,2,50,8,1590,1,16,1,2,1
2016110051483,1,9,0,18,0,4,0,0,0,0,1,1,6,2,47,8,1248,1,4,9,1,9
2016110051483,2,1,0,18,0,8,0,0,0,0,4,1,6,1,27,6,-1,-1,-1,1,2,1
2016110051537,1,9,0,18,0,1,0,0,0,0,0,1,6,3,-1,-1,-1,-1,-1,-1,-1,-1
2016110051643,1,9,0,18,0,0,1,0,0,0,1,1,5,1,22,5,1461,2,12,5,1,5
2016110051643,2,9,0,18,0,0,0,0,0,0,1,1,5,2,23,5,1198,1,1,6,3,6
2016110051706,1,9,0,18,0,0,1,0,0,0,4,1,5,1,23,5,1995,2,9,2,2,2
2016110051706,2,9,0,18,0,0,1,0,1,2,3,1,5,1,29,6,1896,2,14,2,1,2
2016110051842,1,9,0,13,0,2,1,0,1,0,2,1,1,1,62,9,1560,2,4,3,1,3