Accident_Index,Vehicle_Reference,Vehicle_Type,Towing_and_Articulation,Vehicle_Manoeuvre,Vehicle_Location-Restricted_Lane,Junction_Location,Skidding_and_Overturning,Hit_Object_in_Carriageway,Vehicle_Leaving_Carriageway,Hit_Object_off_Carriageway,1st_Point_of_Impact,Was_Vehicle_Left_Hand_Drive?,Journey_Purpose_of_Driver,Sex_of_Driver,Age_of_Driver,Age_Band_of_Driver,Engine_Capacity_(CC),Propulsion_Code,Age_of_Vehicle,Driver_IMD_Decile,Driver_Home_Area_Type,Vehicle_IMD_Decile
2016110065331,2,97,0,18,0,8,0,0,0,0,3,1,6,1,16,4,49,1,16,4,1,4
2016110065442,1,9,0,18,0,2,0,0,0,0,1,1,1,2,50,8,1360,1,13,3,1,3
2016110065442,2,9,0,4,0,2,0,0,0,0,2,1,1,1,53,8,1560,2,5,3,1,3
2016110065468,1,9,0,4,0,1,0,0,0,0,1,1,6,2,-1,-1,1597,1,1,2,1,2
2016110065468,2,9,0,8,0,1,0,0,0,0,2,1,6,2,27,6,1598,1,11,2,1,2
2016110065570,1,9,0,16,0,0,1,0,2,4,1,1,2,1,31,6,1000,1,16,4,1,4
2016110065620,1,9,0,11,0,0,0,0,0,0,0,1,6,2,23,5,1598,2,3,-1,1,-1
2016110065620,2,11,0,18,2,0,0,0,0,0,0,1,1,1,61,9,4250,2,7,7,3,7
2016110065649,1,9,0,18,0,1,1,0,0,0,1,1,6,3,-1,-1,1994,1,16,-1,-1,-1
2016110065649,2,9,0,10,0,1,0,0,0,0,2,1,5,1,42,7,1956,2,1,4,1,4
2016110065848,1,9,0,9,0,4,0,0,0,0,1,1,5,2,23,5,1599,1,13,2,2,2
2016110065848,2,9,0,18,0,8,0,0,0,0,1,1,5,2,30,6,1198,1,2,1,1,1
2016110065994,1,9,0,18,0,0,0,0,7,4,1,1,5,2,58,9,1910,2,8,2,3,2
2016110066052,1,9,0,9,0,6,0,0,0,0,1,1,6,1,45,7,1582,2,5,2,2,2
2016110066052,2,9,0,18,0,1,0,0,0,0,1,1,6,2,45,7,2967,2,9,9,2,9
2016110066298,1,1,0,18,0,0,0,0,0,0,3,1,5,1,19,4,-1,-1,-1,1,1,1
2016110066298,2,9,0,18,0,0,0,0,0,0,1,1,5,1,35,6,1956,2,4,8,1,8
2016110066660,1,9,0,4,0,0,0,0,0,0,1,1,6,1,27,6,2959,2,9,2,1,2
2016110066660,2,9,0,3,0,0,0,0,0,0,2,1,2,1,47,8,1120,2,2,9,1,9
2016110066681,1,9,0,13,0,0,0,0,0,0,4,1,6,3,-1,-1,1398,2,13,-1,-1,-1
2016110066681,2,11,0,18,0,0,0,0,0,0,1,1,5,1,41,7,6700,2,3,1,1,1
2016110066696,1,9,0,18,0,1,0,0,0,0,1,1,6,1,18,4,1149,1,5,4,1,4
2016110066696,2,9,0,3,0,1,0,0,0,0,2,1,6,2,42,7,1896,2,14,8,1,8
2016110066729,1,9,0,7,0,6,0,0,0,0,1,1,6,2,34,6,1598,1,2,5,1,5
2016110066729,2,9,0,18,0,8,0,0,0,0,1,1,6,1,23,5,1242,1,13,1,1,1
2016110066774,1,19,0,18,0,1,1,0,0,0,1,1,1,2,25,5,1598,2,3,6,3,6
2016110066774,2,9,0,10,0,1,0,0,0,0,2,1,1,1,35,6,1999,2,-1,7,2,7
2016110066930,1,9,0,7,0,2,0,0,0,0,1,1,1,2,57,9,1149,1,13,2,2,2
2016110066930,2,8,0,4,0,1,0,0,0,0,1,1,1,1,55,8,1560,2,6,2,1,2
2016110066999,1,9,0,9,0,5,0,0,0,0,1,1,1,1,32,6,1199,1,12,6,1,6
2016110066999,2,9,0,18,0,1,0,0,0,0,1,1,2,2,33,6,1242,1,3,3,1,3
2016110067116,1,19,0,18,0,1,0,0,0,0,1,1,1,1,-1,-1,2198,2,3,-1,-1,-1
2016110067187,1,9,0,17,0,0,2,0,8,11,1,1,6,1,52,8,-1,-1,-1,5,2,5
2016110067241,1,9,0,18,0,0,0,0,2,11,4,1,6,1,24,5,1240,1,13,1,1,1
2016110067245,1,19,0,18,0,0,0,0,0,0,4,1,6,1,23,5,1560,2,4,3,2,3
2016110067293,1,9,0,12,0,0,0,0,0,0,1,1,2,1,54,8,1560,2,4,2,2,2
2016110067293,2,9,0,18,0,0,0,0,0,0,2,1,5,2,21,5,1598,1,3,1,1,1
2016110067293,3,9,0,18,0,0,0,0,0,0,1,1,5,1,19,4,1995,2,7,10,1,10
2016110067448,1,9,0,10,0,1,0,0,0,0,1,1,1,2,37,7,1997,1,15,5,3,5
2016110067448,2,9,0,18,0,1,0,0,0,0,1,1,1,2,60,9,998,1,6,-1,-1,-1
2016110067694,1,19,0,9,0,1,0,0,0,0,1,1,1,1,56,9,2143,2,3,4,2,4
2016110067694,2,9,0,18,0,1,0,0,0,0,3,1,5,1,54,8,1951,2,12,3,3,3
2016110067926,1,5,0,17,0,0,1,0,1,0,1,1,5,1,59,9,1198,1,3,5,3,5
2016110067987,1,9,0,18,0,0,0,0,0,0,1,1,2,2,30,6,998,1,6,7,2,7
2016110067987,2,9,0,3,0,0,0,0,0,0,2,1,5,2,57,9,2148,2,8,2,3,2
2016110068262,1,9,0,18,0,1,0,0,0,0,4,1,5,2,17,4,999,1,15,8,3,8
2016110068262,2,8,0,18,0,1,0,0,0,0,1,1,1,1,44,7,1560,2,2,4,1,4
2016110068363,1,9,0,18,0,0,0,4,1,4,1,1,5,1,72,10,1796,1,17,7,3,7
2016110068363,2,9,0,2,0,0,0,4,0,0,2,1,5,2,60,9,1198,1,5,9,1,9
2016110068363,3,9,0,2,0,0,0,0,0,0,2,1,5,2,54,8,1598,1,6,9,1,9
2016110068415,1,9,0,9,0,8,0,0,0,0,3,1,5,2,36,7,1360,1,13,7,3,7
2016110068415,2,9,0,18,0,8,0,0,0,0,4,1,5,1,47,8,1598,1,6,3,2,3
2016110068487,1,9,0,18,0,0,1,0,0,0,1,1,5,1,29,6,1591,1,1,2,2,2
2016110068699,1,5,0,5,0,1,0,0,0,0,1,1,5,1,67,10,1298,1,9,2,1,2
2016110068699,2,5,0,3,0,1,0,0,0,0,2,1,5,1,48,8,1195,1,1,-1,-1,-1
2016110068752,1,9,0,18,0,8,0,0,0,0,1,1,5,1,79,11,1896,2,10,9,1,9
2016110068752,2,9,0,18,0,8,0,4,0,0,1,1,5,2,35,6,1998,1,13,2,1,2
2016110068752,3,9,0,2,0,2,0,0,0,0,2,1,6,1,49,8,1368,1,6,10,1,10
2016110068822,1,9,0,6,0,2,0,0,0,0,3,1,6,2,70,10,1149,1,15,9,2,9
2016110068822,2,9,0,18,0,2,0,4,0,0,1,1,2,1,61,9,-1,-1,-1,5,3,5
2016110068822,3,9,0,2,0,2,0,0,0,0,3,1,5,1,45,7,1984,1,15,9,2,9
2016110068884,1,9,0,18,0,0,0,0,7,11,1,1,5,1,21,5,1796,1,12,5,1,5
2016110069220,1,9,0,7,0,6,0,0,0,0,0,1,1,2,48,8,2268,2,1,8,2,8
2016110069220,2,97,0,18,0,8,0,4,0,0,1,1,6,1,18,4,-1,-1,-1,8,2,8
2016110069220,3,9,0,2,0,8,0,0,0,0,3,1,1,1,-1,-1,2993,2,-1,8,2,8
2016110069393,1,9,0,18,0,2,0,4,1,2,1,1,5,1,70,10,998,1,17,3,1,3
2016110069393,2,9,0,2,0,2,0,0,0,0,3,1,5,1,-1,-1,1796,1,7,9,3,9
2016110070240,1,9,0,18,0,0,0,0,0,0,1,1,6,1,31,6,1364,1,8,7,2,7
2016110070240,2,9,0,3,0,0,0,0,0,0,2,1,1,2,47,8,1496,2,-1,7,1,7
2016110070240,3,9,0,3,0,0,0,0,0,0,2,1,6,2,53,8,998,1,6,7,2,7
2016110070292,1,9,0,18,0,0,5,10,8,11,1,1,5,1,33,6,1596,1,10,5,1,5
2016110070429,1,9,0,7,0,2,5,0,3,9,4,1,5,1,18,4,1242,1,-1,6,1,6
2016110070486,1,9,0,18,0,0,0,0,0,0,1,1,6,1,62,9,1560,2,9,2,1,2
2016110070487,1,9,0,18,0,0,0,0,0,0,1,1,6,1,74,10,998,1,5,4,1,4
2016110070487,2,19,0,18,0,0,0,0,0,0,2,1,6,1,45,7,2402,2,15,1,1,1
2016110070487,3,9,0,18,0,0,0,0,0,0,2,1,6,1,40,7,1598,1,2,7,1,7
2016110070590,1,9,0,9,0,8,0,0,2,0,1,1,1,2,40,7,1200,1,1,2,2,2
2016110070590,2,21,1,18,0,8,0,0,0,0,4,1,1,1,64,9,12900,2,8,10,1,10
2016110070590,3,9,0,8,0,1,0,0,0,0,3,1,5,1,73,10,1360,1,11,2,1,2
2016110070727,1,9,0,18,0,0,0,0,0,0,1,1,5,1,37,7,1461,2,12,6,2,6
2016110070727,2,9,0,14,0,0,0,0,0,0,1,1,5,2,55,8,1560,2,4,3,2,3
2016110070727,3,9,0,2,0,0,0,0,0,0,0,1,5,3,-1,-1,996,1,6,-1,-1,-1
2016110070770,1,9,0,18,0,0,0,0,0,0,1,1,6,1,34,6,1149,1,6,2,3,2
2016110070805,1,9,0,9,0,1,0,0,0,0,3,1,2,1,71,10,998,1,2,8,3,8
2016110070805,2,9,0,18,0,1,0,0,0,0,1,1,6,1,45,7,1560,2,7,3,2,3
2016110070865,1,9,0,9,0,1,0,0,0,0,3,1,6,2,21,5,1360,1,9,9,1,9
2016110070865,2,9,0,18,0,1,1,0,0,0,1,1,6,1,19,4,-1,-1,-1,10,1,10
2016110070917,1,9,0,18,0,0,0,0,1,4,1,1,1,1,54,8,1399,2,7,5,2,5
2016110070960,1,9,0,9,0,8,0,0,0,0,1,1,1,1,52,8,1998,2,6,10,1,10
2016110070960,2,9,0,17,0,1,0,0,0,0,4,1,5,1,60,9,1242,1,12,5,2,5
2016110071308,1,9,0,16,0,8,0,0,1,10,1,1,5,1,64,9,1968,2,6,5,2,5
2016110071359,1,9,0,7,0,1,0,0,0,0,1,1,6,1,52,8,-1,-1,-1,10,1,10
2016110071383,1,9,0,18,0,8,0,0,0,0,1,1,5,2,90,11,1299,1,13,6,1,6
2016110071383,2,9,0,2,0,8,0,0,0,0,2,1,5,1,21,5,1991,2,8,6,1,6
2016110071383,3,9,0,2,0,8,0,0,0,0,2,1,5,2,39,7,1390,1,7,5,1,5
2016110071383,4,9,0,2,0,8,0,0,0,0,2,1,5,1,-1,-1,1388,1,10,5,1,5
2016110071383,5,9,0,2,0,8,0,0,0,0,2,1,6,2,44,7,1587,1,12,5,1,5
2016110071478,1,3,0,18,0,0,0,0,0,0,3,1,5,1,21,5,125,1,10,7,1,7
2016110071518,1,9,0,18,0,2,0,0,0,0,1,1,6,1,18,4,1388,1,13,4,1,4
2016110071518,2,9,0,18,0,2,0,0,0,0,2,1,3,2,43,7,1200,1,1,8,1,8
2016110071605,1,19,0,6,0,0,0,0,0,0,1,1,5,1,59,9,1686,2,8,10,1,10
2016110071605,2,3,0,18,0,0,2,0,0,0,1,1,5,1,56,9,125,1,3,4,1,4
2016110071685,1,9,0,18,0,0,0,0,0,0,1,1,5,2,53,8,1242,1,5,3,1,3
2016110071685,2,9,0,18,0,0,0,0,0,0,1,1,1,2,19,4,1248,2,4,2,2,2
2016110071720,1,9,0,9,0,4,0,0,0,0,1,1,1,2,40,7,-1,-1,-1,9,1,9
2016110071720,2,9,0,18,0,8,0,0,0,0,1,1,1,1,19,4,2000,2,12,3,1,3
2016110071720,3,9,0,18,0,1,0,0,0,0,1,1,1,2,41,7,1900,2,11,9,2,9
2016110071796,1,98,0,9,0,4,0,0,0,0,0,1,6,3,-1,-1,-1,-1,-1,-1,-1,-1
2016110071796,2,3,0,9,0,4,5,0,0,0,0,1,5,2,32,6,125,1,1,5,1,5
2016110071835,1,9,0,18,0,1,0,0,0,0,1,1,6,2,19,4,1596,1,11,6,1,6
2016110071835,2,9,0,3,0,1,0,0,0,0,2,1,3,2,17,4,1399,2,7,6,1,6
2016110071967,1,9,0,4,0,1,0,0,0,0,2,1,6,1,46,8,2967,2,3,9,1,9
2016110071967,2,9,0,18,0,1,0,0,0,0,1,1,6,1,27,6,1461,2,6,1,1,1
2016110072016,1,9,0,18,9,0,0,0,0,0,1,1,6,1,20,4,1999,1,8,3,2,3
2016110072053,1,3,0,4,0,0,0,0,0,0,1,1,5,1,17,4,125,1,6,7,2,7
2016110072053,2,9,0,4,0,0,0,0,0,0,2,1,5,1,30,6,1596,1,11,1,1,1
2016110072111,1,9,0,13,0,8,0,0,0,0,4,1,2,1,60,9,-1,-1,-1,-1,-1,-1
2016110072111,2,98,1,9,0,8,0,0,0,0,3,1,1,1,34,6,-1,-1,-1,4,1,4
2016110072151,1,8,0,18,0,0,0,0,0,0,4,1,1,1,52,8,1997,2,7,4,2,4
2016110072189,1,9,0,5,0,4,0,0,0,0,3,1,5,2,27,6,1149,1,1,4,1,4
2016110072189,2,9,0,18,0,8,0,0,0,0,1,1,5,1,19,4,1596,1,10,4,1,4
2016110072242,1,9,0,18,0,0,0,0,0,0,0,1,6,3,-1,-1,-1,-1,-1,-1,-1,-1
2016110072380,1,9,0,18,0,0,0,0,0,0,4,1,5,1,36,7,1910,2,9,2,2,2
2016110072651,1,9,0,18,0,0,0,0,0,0,1,1,5,2,51,8,1390,1,3,4,1,4
2016110073103,1,1,0,18,0,8,0,0,0,0,3,1,5,2,6,2,-1,-1,-1,3,1,3
2016110073103,2,9,0,18,0,8,0,0,0,0,1,1,5,1,39,7,1998,2,9,1,1,1
2016110073106,1,9,0,17,0,8,0,7,3,3,1,1,1,1,43,7,1248,2,2,9,1,9
2016110073152,1,1,0,18,0,4,0,0,0,0,1,1,1,1,35,6,-1,-1,-1,1,1,1
2016110073152,2,9,0,5,0,4,0,0,0,0,4,1,1,2,33,6,998,1,1,1,1,1
2016110073197,1,98,0,9,0,8,0,0,0,0,0,1,6,3,-1,-1,-1,-1,-1,-1,-1,-1
2016110073197,2,11,0,5,0,8,0,0,0,0,0,1,1,1,46,8,12816,5,3,9,1,9
2016110073313,1,9,0,13,0,8,0,0,0,0,1,1,6,2,29,6,1248,2,7,1,1,1
2016110073313,2,9,0,9,0,8,0,0,0,0,3,1,6,2,71,10,1598,1,4,8,2,8
2016110073371,1,1,0,16,0,1,1,4,0,0,1,1,5,1,20,4,-1,-1,-1,1,1,1
2016110073371,2,9,0,2,0,1,0,0,0,0,2,1,5,1,24,5,1598,1,1,2,1,2
2016110073440,1,9,0,18,0,2,0,0,0,0,0,1,6,3,-1,-1,-1,-1,-1,-1,-1,-1
2016110073440,2,9,0,7,0,2,0,0,1,11,4,1,5,2,54,8,1595,2,6,5,3,5
2016110073487,1,9,0,18,0,2,0,0,0,0,1,1,6,2,61,9,1242,1,1,1,1,1
2016110073587,1,97,0,18,0,0,1,0,0,0,1,1,5,1,40,7,-1,-1,-1,3,1,3
2016110073587,2,5,0,4,0,0,0,0,0,0,2,1,5,1,40,7,650,1,13,2,1,2
2016110073691,1,9,0,18,0,4,0,0,0,0,1,1,5,1,57,9,2687,1,11,2,1,2
2016110073691,2,9,0,18,0,3,0,7,0,0,4,1,5,2,45,7,1349,1,3,4,1,4
2016110073936,1,1,0,18,9,0,0,0,0,0,1,1,5,2,6,2,-1,-1,-1,1,1,1
2016110073936,2,9,0,4,0,0,0,0,0,0,3,1,5,1,52,8,1995,2,11,1,1,1
2016110073950,1,9,0,9,0,6,0,0,0,0,3,1,6,1,69,10,1820,1,20,-1,-1,-1
2016110073950,2,98,0,9,0,5,0,0,0,0,4,1,6,1,26,6,-1,-1,-1,5,1,5
2016110074133,1,9,0,9,0,8,0,0,7,11,1,1,6,1,-1,-1,1995,2,11,-1,-1,-1
2016110074133,2,19,0,9,0,8,0,0,7,3,2,1,6,1,40,7,2402,2,12,3,1,3
2016110074136,1,9,0,18,0,8,0,0,0,0,1,1,5,1,74,10,1598,1,3,5,1,5
2016110074379,1,9,0,18,0,0,0,0,0,0,1,1,6,1,21,5,1242,1,1,7,3,7
2016110074413,1,19,0,5,8,8,0,0,0,0,3,1,6,1,72,10,1753,2,10,5,3,5
2016110074413,2,9,0,18,0,8,0,0,0,0,1,1,6,1,59,9,1560,2,2,8,1,8
2016110074551,1,9,0,18,0,1,0,0,0,0,4,1,5,2,31,6,1461,2,3,4,1,4
2016110074599,1,9,0,18,0,0,0,0,0,0,1,1,6,1,56,9,2231,2,3,2,2,2
2016110074599,2,21,1,18,0,0,0,0,0,0,2,1,1,1,48,8,12900,2,7,2,1,2
2016110074603,1,9,0,18,0,0,0,0,0,0,1,1,5,1,21,5,1086,1,13,5,2,5
2016110074603,2,9,0,3,0,0,0,0,0,0,2,1,5,1,67,10,1598,1,6,3,2,3
2016110074752,1,9,0,18,0,1,0,0,0,0,1,1,2,1,29,6,-1,-1,-1,5,1,5
2016110074752,2,9,0,3,0,1,0,0,0,0,2,1,2,2,33,6,998,1,2,2,1,2
2016110074752,3,9,0,3,0,1,0,0,0,0,2,1,2,2,30,6,1997,2,3,2,1,2
2016110074801,1,9,0,9,0,1,0,0,0,0,1,1,5,1,71,10,-1,-1,-1,1,1,1
2016110074801,2,9,0,18,0,1,0,0,0,0,1,1,2,1,30,6,2198,2,11,3,1,3
2016110074845,1,9,0,7,0,1,0,0,0,0,0,1,6,1,21,5,-1,-1,-1,5,3,5
2016110075048,1,9,0,18,0,4,0,0,1,1,3,1,1,2,37,7,1586,1,-1,3,1,3
2016110075048,2,9,0,18,0,8,0,0,0,0,1,1,1,1,22,5,1596,1,1,7,3,7
2016110075063,1,19,0,9,0,6,0,0,0,0,1,1,1,1,29,6,1968,2,1,3,1,3
2016110075063,2,9,0,18,0,1,0,0,0,0,4,1,5,2,65,9,1229,1,-1,4,1,4
2016110075198,1,9,0,13,0,1,1,0,7,0,1,1,6,1,29,6,-1,-1,-1,1,1,1
2016110075198,2,9,0,9,0,1,0,0,7,0,3,1,5,2,59,9,1598,1,9,8,1,8
2016110075260,1,9,0,16,0,0,0,0,1,0,1,1,5,1,46,8,1299,1,14,4,3,4
2016110075260,2,9,0,17,0,0,0,0,1,0,1,1,5,1,23,5,1422,2,12,6,1,6
2016110075300,1,9,0,18,0,0,0,0,0,0,1,1,5,2,50,8,2926,2,13,7,3,7
2016110075300,2,9,0,4,0,0,0,0,0,0,2,1,5,2,71,10,1198,1,3,6,1,6
2016110075358,1,9,0,9,0,8,0,0,0,0,1,1,6,2,70,10,1598,1,3,7,1,7
2016110075358,2,9,0,18,0,8,0,0,0,0,3,1,6,1,31,6,1796,1,11,10,1,10
2016110075400,1,9,0,18,0,0,0,0,7,3,1,1,5,1,18,4,1242,1,11,-1,-1,-1
2016110075400,2,9,0,2,0,0,0,0,0,0,1,1,6,1,-1,-1,1998,1,14,1,1,1
2016110075489,1,9,0,9,0,8,0,0,0,0,1,1,5,2,47,8,1399,1,6,2,1,2
2016110075489,2,9,0,18,0,8,0,0,0,0,3,1,3,1,23,5,1998,2,13,3,2,3
2016110075564,1,11,0,5,0,4,0,0,0,0,1,1,1,3,-1,-1,-1,-1,-1,-1,-1,-1
2016110075676,1,5,0,17,0,8,1,0,1,0,1,1,2,1,43,7,953,1,13,7,2,7
2016110075714,1,9,0,17,0,8,0,0,0,0,1,1,5,1,70,10,1598,1,2,2,2,2
2016110075714,2,9,0,17,0,8,0,0,0,0,2,1,2,2,58,9,1995,2,3,1,1,1
2016110075741,1,9,0,18,0,0,0,0,0,0,0,1,6,3,-1,-1,-1,-1,-1,-1,-1,-1
2016110075741,2,97,0,18,0,0,0,0,1,0,1,1,6,1,24,5,-1,-1,-1,2,3,2
2016110075764,1,9,0,18,0,0,0,0,0,0,1,1,6,1,49,8,1560,2,7,6,1,6
2016110075787,1,9,0,9,0,1,0,0,0,0,4,1,5,2,65,9,1398,2,4,3,1,3
2016110075787,2,9,0,18,0,1,0,0,0,0,1,1,5,1,45,7,1598,1,14,7,3,7
2016110075810,1,11,0,4,0,0,0,0,0,0,0,1,1,1,45,7,-1,-1,-1,4,1,4
2016110075833,1,9,0,18,0,3,0,0,0,0,4,1,6,3,-1,-1,-1,-1,-1,-1,-1,-1
2016110075860,1,9,0,18,0,0,0,0,0,0,1,1,5,2,43,7,2231,2,9,2,1,2
2016110075941,1,9,0,18,0,3,0,0,0,0,1,1,6,3,-1,-1,-1,-1,-1,-1,-1,-1
2016110075941,2,5,0,18,0,4,0,0,0,0,3,1,1,1,50,8,839,1,3,4,3,4
2016110076044,1,9,0,18,0,1,0,7,0,0,1,1,5,2,94,11,1968,2,5,8,1,8
2016110076080,1,97,0,6,0,1,0,0,0,0,3,1,6,1,29,6,-1,-1,-1,5,2,5
2016110076080,2,97,0,18,0,1,0,0,0,0,2,1,6,3,-1,-1,-1,-1,-1,-1,-1,-1
2016110076128,1,9,0,11,0,8,0,0,7,0,1,1,5,1,67,10,1896,2,11,-1,-1,-1
2016110076128,2,9,0,18,0,8,0,0,0,0,3,1,1,1,24,5,875,1,-1,8,1,8
2016110076128,3,9,0,3,0,1,0,0,0,0,1,1,1,1,52,8,-1,-1,-1,4,2,4
2016110076128,4,9,0,3,0,1,0,0,0,0,1,1,6,2,41,7,-1,-1,-1,10,1,10
2016110076325,1,9,0,18,0,1,0,0,0,0,1,1,6,2,36,7,1461,2,3,7,2,7
2016110076325,2,9,0,8,0,1,0,0,0,0,2,1,6,1,29,6,999,1,-1,6,2,6
2016110076385,1,9,0,18,0,0,0,0,7,11,3,1,6,1,31,6,1968,2,9,2,3,2
2016110076385,2,9,0,18,0,0,0,0,0,0,3,1,6,1,20,4,-1,-1,-1,2,1,2
2016110076385,3,9,0,18,0,0,0,0,0,0,0,1,6,1,23,5,1995,2,10,7,1,7
2016110076417,1,9,0,18,0,8,0,0,0,0,0,1,6,3,-1,-1,-1,-1,-1,-1,-1,-1
2016110076417,2,11,0,18,0,8,0,0,0,0,0,1,1,1,33,6,9000,2,11,3,1,3
2016110076516,1,9,0,16,0,2,0,0,7,0,1,1,6,1,24,5,1000,1,16,1,1,1
2016110076516,2,9,0,17,0,1,0,0,0,0,1,1,5,2,54,8,-1,-1,-1,8,2,8
2016110076554,1,19,0,18,0,0,0,0,0,0,1,1,6,1,-1,-1,1753,2,14,6,1,6
2016110076554,2,9,0,10,0,0,0,0,0,0,2,1,5,2,26,6,1461,2,5,4,1,4
2016110076577,1,9,0,18,0,1,0,0,0,0,1,1,5,1,63,9,1796,1,12,9,1,9
2016110076577,2,9,0,3,0,1,0,0,0,0,2,1,1,2,50,8,1598,2,1,9,2,9
2016110076577,3,9,0,3,0,1,0,0,0,0,2,1,5,1,24,5,-1,-1,-1,10,1,10
2016110076657,1,9,0,18,0,0,0,0,0,0,1,1,6,2,44,7,1242,1,2,7,3,7
2016110076657,2,9,0,3,0,0,0,0,0,0,2,1,6,2,18,4,998,1,13,6,3,6
2016110076657,3,9,0,3,0,0,0,0,0,0,2,1,6,2,33,6,2184,2,11,7,2,7
2016110076657,4,9,0,3,0,0,0,0,0,0,0,1,6,3,-1,-1,-1,-1,-1,-1,-1,-1
2016110076698,1,9,0,7,0,6,0,0,0,0,2,1,6,1,82,11,2435,1,14,7,3,7
2016110076698,2,9,0,18,0,1,0,0,0,0,1,1,6,1,21,5,1388,1,9,7,2,7
2016110076726,1,9,0,18,0,0,0,0,7,0,1,1,5,1,67,10,1597,1,14,4,1,4
2016110076726,2,9,0,18,0,0,0,0,0,0,3,1,5,1,55,8,-1,-1,-1,7,3,7
2016110076726,3,9,0,18,0,0,0,0,0,0,3,1,5,2,67,10,1685,2,2,-1,-1,-1
2016110076731,1,9,0,1,0,1,0,0,0,0,2,1,5,1,42,7,1197,1,3,6,1,6
2016110076781,1,9,0,17,0,0,1,0,0,0,4,1,5,1,23,5,1598,2,3,5,1,5
2016110076781,2,9,0,16,0,0,0,0,0,0,1,1,5,2,37,7,1229,1,3,2,1,2
2016110076799,1,9,0,18,0,0,1,7,6,0,1,1,6,1,18,4,1124,1,11,1,1,1
2016110076799,2,9,0,18,0,0,0,0,0,0,1,1,6,2,45,7,1618,1,1,5,1,5
2016110076843,1,9,0,13,0,8,0,0,0,0,4,1,1,1,19,4,1968,2,7,9,1,9
2016110076843,2,9,0,9,0,8,0,0,0,0,1,1,1,2,32,6,1197,1,2,4,1,4
2016110076896,1,9,0,13,0,0,1,0,4,6,4,1,5,2,17,4,1199,1,13,7,3,7
2016110076896,2,98,1,18,0,0,0,0,0,0,3,1,1,1,50,8,-1,-1,-1,-1,-1,-1
2016110076899,1,3,0,18,0,4,2,0,3,0,1,1,2,1,25,5,125,1,7,1,1,1
2016110076959,1,4,0,18,0,0,5,0,1,0,4,1,5,1,65,9,148,1,52,8,1,8
2016110077033,1,9,0,7,0,1,0,0,0,0,1,1,6,3,-1,-1,1798,1,13,-1,-1,-1
2016110077033,2,9,0,9,0,1,0,0,0,0,1,1,2,2,49,8,2706,1,2,5,2,5
2016110077292,1,9,0,18,0,0,1,0,1,10,4,1,5,1,49,8,1229,1,9,4,1,4
2016110077452,1,9,0,16,0,0,1,0,0,0,1,1,5,2,38,7,1298,1,14,9,2,9
2016110077452,2,9,0,17,0,0,1,0,0,0,1,1,6,1,38,7,1910,2,9,4,3,4
2016110077481,1,98,0,18,0,0,0,0,0,0,3,1,6,3,-1,-1,-1,-1,-1,-1,-1,-1
2016110077481,2,90,3,18,0,0,5,0,1,0,3,1,5,1,49,8,-1,-1,-1,2,1,2
2016110077516,1,9,0,18,0,0,0,0,1,4,1,1,6,1,23,5,1197,1,1,4,1,4
2016110077875,1,90,0,17,0,0,0,0,8,0,1,1,5,1,19,4,-1,-1,-1,1,2,1
2016110077875,2,9,0,16,0,0,0,0,0,0,1,1,1,1,50,8,1560,2,10,5,3,5
2016110077875,3,9,0,16,0,0,0,0,0,0,4,1,1,2,32,6,2993,2,2,9,1,9
2016110077912,1,9,0,18,0,4,0,0,0,0,1,1,1,1,55,8,1997,1,13,1,1,1
2016110077912,2,9,0,18,0,4,0,0,0,0,2,1,1,1,25,5,973,1,13,2,1,2
2016110077988,1,9,0,18,0,4,0,0,0,0,1,1,1,1,39,7,1598,1,6,9,1,9
2016110077988,2,9,0,18,0,4,0,0,0,0,2,1,6,2,37,7,-1,-1,-1,2,2,2
2016110077995,1,9,0,5,0,0,0,0,7,0,3,1,5,1,68,10,1587,1,16,2,1,2
2016110077995,2,8,0,18,0,0,0,0,7,0,4,1,1,1,25,5,1560,2,7,4,1,4
2016110078202,1,9,0,16,0,2,2,0,2,4,4,1,5,2,18,4,1997,2,14,-1,-1,-1
2016110078231,1,9,0,9,0,5,0,0,0,0,0,1,6,3,-1,-1,-1,-1,-1,-1,-1,-1
2016110078231,2,11,0,18,0,1,0,0,0,0,0,1,1,1,26,6,4250,2,7,1,1,1
2016110078255,1,19,0,18,0,8,0,0,0,0,1,1,6,1,38,7,1997,2,14,2,1,2
2016110078255,2,9,0,18,0,8,0,0,1,0,3,1,5,1,81,11,1242,1,10,2,1,2
2016110078313,1,9,0,5,9,8,0,0,1,10,1,1,5,1,71,10,1598,1,15,9,2,9
2016110078354,1,9,0,13,0,8,0,0,0,0,1,1,6,3,-1,-1,1796,1,14,-1,-1,-1
2016110078354,2,9,0,9,0,6,0,0,7,0,3,1,5,2,74,10,-1,-1,-1,4,1,4
2016110078435,1,9,0,18,0,0,5,4,7,10,1,1,6,1,25,5,1975,1,15,-1,-1,-1
2016110078435,2,9,0,2,0,0,0,0,0,0,1,1,6,3,-1,-1,2861,1,24,-1,-1,-1
2016110078435,3,9,0,2,0,0,0,0,0,0,4,1,6,3,-1,-1,1198,1,3,-1,-1,-1