Accident_Index,Vehicle_Reference,Vehicle_Type,Towing_and_Articulation,Vehicle_Manoeuvre,Vehicle_Location-Restricted_Lane,Junction_Location,Skidding_and_Overturning,Hit_Object_in_Carriageway,Vehicle_Leaving_Carriageway,Hit_Object_off_Carriageway,1st_Point_of_Impact,Was_Vehicle_Left_Hand_Drive?,Journey_Purpose_of_Driver,Sex_of_Driver,Age_of_Driver,Age_Band_of_Driver,Engine_Capacity_(CC),Propulsion_Code,Age_of_Vehicle,Driver_IMD_Decile,Driver_Home_Area_Type,Vehicle_IMD_Decile
2016110117180,1,-1,0,4,0,0,0,0,0,0,0,1,6,3,-1,-1,-1,-1,-1,-1,-1,-1
2016110117180,2,11,0,4,0,0,0,0,0,0,0,1,6,1,53,8,-1,-1,-1,3,1,3
2016110117223,1,9,0,6,0,0,0,0,0,0,3,1,5,1,66,10,1896,2,14,1,1,1
2016110117223,2,9,0,13,0,0,0,0,0,0,4,1,5,1,34,6,1995,2,7,8,1,8
2016110117245,1,9,0,16,0,0,0,0,0,0,1,1,6,2,30,6,1229,1,9,2,3,2
2016110117245,2,9,0,17,0,0,0,0,1,0,1,1,6,2,39,7,1596,1,15,10,1,10
2016110117360,1,19,0,18,0,1,0,0,0,0,1,1,1,1,49,8,1753,2,8,7,3,7
2016110117360,2,9,0,3,0,1,0,0,0,0,2,1,3,2,46,8,1395,1,1,6,3,6
2016110117367,1,9,0,18,0,8,0,0,0,0,1,1,6,2,23,5,1229,1,2,2,1,2
2016110117367,2,8,0,18,0,8,0,0,0,0,4,1,1,1,55,8,1997,2,4,1,1,1
2016110117404,1,9,0,5,0,8,0,0,0,0,1,1,5,1,64,9,2198,1,12,1,1,1
2016110117404,2,1,0,18,0,8,0,0,0,0,4,1,6,1,64,9,-1,-1,-1,10,1,10
2016110117450,1,9,0,18,0,1,0,0,0,0,1,1,5,1,45,7,1587,1,13,6,1,6
2016110117450,2,9,0,7,0,1,0,0,0,0,4,1,5,1,43,7,-1,-1,-1,3,1,3
2016110117594,1,9,0,7,0,2,0,0,0,0,1,1,5,1,29,6,1997,1,12,1,1,1
2016110117594,2,9,0,10,0,2,0,0,0,0,2,1,2,1,21,5,1395,1,1,4,1,4
2016110117635,1,5,0,18,0,3,0,0,0,0,1,1,1,1,42,7,1215,1,4,4,1,4
2016110117635,2,9,0,18,0,8,0,0,0,0,2,1,5,2,70,10,999,1,3,6,1,6
2016110117657,1,9,0,18,0,0,0,0,0,0,1,1,6,1,60,9,1968,2,1,-1,-1,-1
2016110117657,2,9,0,3,0,0,0,0,0,0,2,1,6,1,67,10,1229,1,10,3,1,3
2016110117657,3,9,0,3,0,0,0,0,0,0,2,1,6,2,34,6,1398,1,-1,5,2,5
2016110117694,1,9,0,18,0,1,5,7,0,0,1,1,1,1,62,9,1753,2,10,6,3,6
2016110117734,1,9,0,7,0,3,0,0,0,0,4,1,2,2,27,6,1598,1,12,2,1,2
2016110117773,1,9,0,18,0,8,0,0,0,0,1,1,1,2,29,6,1968,2,7,1,1,1
2016110117773,2,9,0,9,0,8,0,0,0,0,3,1,1,2,26,6,1198,1,7,4,1,4
2016110117807,1,9,0,7,0,6,0,0,0,0,4,1,6,1,34,6,1248,2,4,1,1,1
2016110117807,2,9,0,2,0,8,0,0,0,0,3,1,6,2,36,7,1149,1,14,2,2,2
2016110117823,1,9,0,9,0,8,0,0,1,0,1,1,5,1,22,5,998,1,1,4,1,4
2016110117823,2,9,0,18,0,8,0,0,7,0,4,1,5,1,42,7,1598,1,9,3,1,3
2016110117906,1,9,0,9,0,1,0,0,0,0,1,1,5,2,19,4,1398,1,3,2,1,2
2016110117906,2,9,0,18,0,1,0,0,0,0,1,1,5,1,80,11,-1,-1,-1,6,1,6
2016110117919,1,11,0,4,0,0,0,0,0,0,0,1,1,1,39,7,4461,2,1,7,1,7
2016110117954,1,9,0,7,4,6,0,0,0,0,3,1,6,1,30,6,1496,1,-1,6,1,6
2016110117954,2,1,0,18,4,1,0,0,0,0,1,1,2,1,28,6,-1,-1,-1,8,3,8
2016110117975,1,9,0,18,0,0,5,4,0,0,1,1,5,1,81,11,-1,-1,-1,6,2,6
2016110117975,2,9,0,2,0,0,0,0,0,0,2,1,5,2,63,9,998,1,1,3,1,3
2016110117975,3,9,0,2,0,0,0,0,0,0,1,1,5,1,65,9,1905,2,17,3,1,3
2016110118059,1,9,0,9,0,8,0,0,0,0,1,1,5,1,64,9,1951,2,10,4,2,4
2016110118059,2,9,0,17,0,8,0,0,0,0,4,1,5,2,45,7,1598,1,5,6,3,6
2016110118158,1,9,0,18,0,2,0,0,0,0,1,1,6,1,63,9,1951,2,10,4,1,4
2016110118248,1,9,0,18,0,1,0,0,0,0,1,1,6,2,21,5,1229,1,2,4,1,4
2016110118248,2,9,0,3,0,1,0,0,0,0,2,1,6,2,21,5,1242,1,1,8,1,8
2016110118293,1,9,0,9,0,6,0,0,0,0,3,1,6,1,57,9,998,1,1,3,1,3
2016110118293,2,9,0,17,0,1,0,0,0,0,1,1,6,2,55,8,-1,-1,-1,4,3,4
2016110118307,1,11,0,18,0,0,0,0,0,0,0,1,1,1,43,7,6370,2,6,3,3,3
2016110118307,2,98,0,4,0,0,0,0,0,0,0,1,6,3,-1,-1,-1,-1,-1,-1,-1,-1
2016110118597,1,19,0,7,0,0,0,0,7,0,1,1,5,1,31,6,1998,2,14,2,1,2
2016110118597,2,9,0,7,0,0,0,0,0,0,0,1,1,1,-1,-1,2993,2,3,-1,-1,-1
2016110118647,1,9,0,18,0,0,0,0,0,0,1,1,1,1,45,7,1796,1,12,3,1,3
2016110118647,2,9,0,3,0,0,0,0,0,0,2,1,1,1,40,7,1596,1,6,5,1,5
2016110118647,3,9,0,3,0,0,0,0,0,0,2,1,1,2,28,6,2993,2,8,9,1,9
2016110118676,1,11,0,2,0,0,0,0,0,0,0,1,1,1,45,7,4250,2,7,10,1,10
2016110118706,1,9,0,18,0,0,0,0,0,0,1,1,6,1,56,9,1997,2,14,1,3,1
2016110118767,1,9,0,13,0,1,5,0,7,0,1,1,1,1,34,6,1497,1,12,6,1,6
2016110118767,2,17,5,9,0,1,0,0,0,0,3,1,1,1,62,9,-1,2,22,4,2,4
2016110118783,1,9,0,18,0,1,0,0,0,0,1,1,6,2,38,7,1560,2,2,4,1,4
2016110118783,2,9,0,3,0,1,0,0,0,0,2,1,6,1,26,6,-1,-1,-1,1,1,1
2016110118801,1,9,0,18,0,0,0,0,0,0,1,1,5,2,88,11,998,1,12,4,1,4
2016110118801,2,9,0,18,0,0,0,0,0,0,2,1,5,1,61,9,-1,-1,-1,2,2,2
2016110118807,1,1,0,18,0,0,0,0,1,0,2,1,2,1,63,9,-1,-1,-1,4,2,4
2016110118807,2,19,0,18,0,0,0,0,0,0,4,1,1,1,46,8,2402,2,12,4,2,4
2016110118857,1,1,0,18,0,1,0,0,0,0,3,1,5,1,-1,-1,-1,-1,-1,7,2,7
2016110118857,2,9,0,5,0,6,0,0,0,0,1,1,5,1,59,9,2496,1,13,6,3,6
2016110118900,1,9,0,18,0,0,0,0,0,0,1,1,5,2,18,4,1240,1,12,1,1,1
2016110118900,2,9,0,3,0,0,0,0,0,0,2,1,5,1,19,4,1299,1,15,7,2,7
2016110119043,1,9,0,9,0,6,0,0,0,0,1,1,1,2,62,9,1242,1,2,1,1,1
2016110119104,1,9,0,7,0,6,0,0,0,0,4,1,2,1,40,7,-1,-1,-1,2,1,2
2016110119141,1,19,0,18,0,1,0,0,0,0,4,1,1,1,51,8,1248,2,-1,1,2,1
2016110119215,1,9,0,18,0,6,0,0,0,0,4,1,6,1,23,5,1956,2,5,4,2,4
2016110119215,2,9,0,18,0,8,0,0,0,0,3,1,6,2,29,6,1149,1,8,3,3,3
2016110119274,1,11,0,4,0,8,0,0,0,0,1,1,1,1,52,8,4250,2,7,7,2,7
2016110119563,1,9,0,9,0,6,0,0,0,0,1,1,5,1,17,4,1341,1,11,6,3,6
2016110119563,2,9,0,18,0,1,0,0,0,0,1,1,5,2,82,11,1398,1,1,5,1,5
2016110119731,1,9,0,18,0,1,0,0,0,0,1,1,1,1,51,8,1686,2,2,1,1,1
2016110119731,2,19,0,18,0,1,0,0,1,0,1,1,1,1,25,5,2461,2,5,4,1,4
2016110119811,1,5,0,14,0,0,0,0,0,0,1,1,2,1,67,10,600,1,16,-1,-1,-1
2016110119811,2,19,4,3,0,0,0,0,0,0,2,1,2,1,-1,-1,2198,2,3,1,2,1
2016110119888,1,9,0,18,0,0,0,0,0,0,1,1,6,1,17,4,1586,1,2,10,1,10
2016110119888,2,9,0,4,0,0,0,0,0,0,2,1,3,2,50,8,1870,2,7,1,1,1
2016110119966,1,9,0,16,0,0,0,0,8,0,1,1,5,2,80,11,1229,1,7,4,1,4
2016110120050,1,9,0,18,0,8,0,0,7,0,1,1,2,1,21,5,1761,1,16,-1,-1,-1
2016110120050,2,9,0,2,9,8,0,0,0,0,1,1,5,1,-1,-1,1149,1,11,1,2,1
2016110120378,1,9,0,7,9,1,0,0,1,0,1,1,5,2,23,5,1086,1,11,5,1,5
2016110120404,1,5,0,17,0,0,0,12,0,0,1,1,5,1,57,9,652,1,17,3,1,3
2016110120444,1,9,0,18,0,1,0,0,0,0,1,1,5,2,29,6,1350,1,7,3,1,3
2016110120531,1,8,0,18,0,1,0,0,0,0,1,1,1,2,60,9,1796,1,8,3,1,3
2016110120531,2,9,0,9,0,1,0,0,0,0,3,1,5,2,32,6,1984,1,16,8,1,8
2016110120560,1,3,0,18,0,0,1,0,1,0,0,1,2,1,22,5,124,1,2,1,1,1
2016110121066,1,5,0,4,0,0,1,0,0,0,1,1,2,1,33,6,865,1,1,5,1,5
2016110121066,2,9,0,3,0,0,0,0,0,0,2,1,2,1,31,6,1968,2,3,1,1,1
2016110121498,1,9,0,18,0,2,0,0,0,0,3,1,3,2,75,10,1388,1,5,5,3,5
2016110121740,1,19,0,16,0,0,1,0,8,4,1,1,1,1,61,9,1753,2,10,7,2,7
2016110121820,1,9,0,11,0,8,0,0,0,0,3,1,6,2,31,6,1399,2,10,3,2,3
2016110121820,2,4,0,18,0,8,0,0,0,0,4,1,6,1,31,6,248,1,3,2,2,2
2016110121922,1,1,0,18,0,8,0,0,0,0,1,1,6,2,23,5,-1,-1,-1,1,1,1
2016110121922,2,9,0,18,0,8,0,0,0,0,1,1,6,2,58,9,1499,1,-1,3,1,3
2016110122040,1,9,0,18,0,1,0,0,0,0,1,1,2,2,28,6,1560,2,1,5,1,5
2016110122040,2,9,0,3,0,4,0,0,0,0,2,1,2,1,25,5,1061,1,13,4,1,4
2016110122163,1,1,0,9,0,8,0,0,0,0,3,1,6,1,14,3,-1,-1,-1,1,2,1
2016110122163,2,9,0,18,0,8,0,0,0,0,1,1,6,1,40,7,1997,2,6,1,2,1
2016110122300,1,11,0,18,0,0,0,0,0,0,0,1,1,1,22,5,-1,-1,-1,1,1,1
2016110122546,1,9,0,18,0,8,0,0,0,0,1,1,5,2,27,6,1598,1,6,4,3,4
2016110122546,2,9,0,18,0,8,0,0,0,0,1,1,5,2,42,7,1461,2,2,1,1,1
2016110122883,1,11,0,5,8,0,0,0,0,0,0,1,1,1,46,8,5132,2,-1,10,1,10
2016110122971,1,9,0,18,0,2,0,0,1,3,4,1,5,2,79,11,1328,1,9,5,3,5
2016110123066,1,9,0,18,0,1,0,0,0,0,1,1,5,1,39,7,1240,1,10,9,1,9
2016110123066,2,9,0,4,0,1,0,0,0,0,2,1,5,1,40,7,1461,2,2,3,1,3
2016110123066,3,8,0,4,0,1,0,0,0,0,2,1,1,1,47,8,1582,2,3,3,1,3
2016110123289,1,9,0,9,0,6,0,0,0,0,3,1,2,1,47,8,1799,1,8,1,2,1
2016110123289,2,3,0,18,0,1,0,0,0,0,1,1,5,1,21,5,120,1,-1,1,2,1
2016110123325,1,9,0,9,0,6,0,0,0,0,1,1,1,1,50,8,1560,2,1,3,2,3
2016110123325,2,9,0,18,0,1,0,0,1,0,4,1,5,1,23,5,1798,1,7,2,2,2
2016110123429,1,9,0,18,0,8,0,0,0,0,1,1,5,1,26,6,2835,2,19,3,1,3
2016110123429,2,9,0,4,0,8,0,0,7,0,2,1,5,2,30,6,1461,2,3,4,2,4
2016110123429,3,9,0,13,0,8,0,0,0,0,3,1,5,1,31,6,1995,2,11,1,1,1
2016110123552,1,9,0,18,0,0,0,0,0,0,1,1,2,2,24,5,1598,1,6,4,1,4
2016110123638,1,9,0,18,0,0,0,0,0,0,1,1,5,2,26,6,1242,1,9,3,1,3
2016110123638,2,9,0,18,0,0,0,0,0,0,2,1,5,2,50,8,1248,2,3,1,2,1
2016110123638,3,9,0,18,0,0,0,0,0,0,2,1,5,2,51,8,1560,2,4,9,1,9
2016110123930,1,9,0,17,0,0,0,0,0,0,1,1,5,1,64,9,998,1,-1,1,1,1
2016110123930,2,9,0,16,0,0,0,0,0,0,1,1,5,2,50,8,1951,2,10,6,1,6
2016110124072,1,9,4,13,0,0,0,0,0,0,2,1,6,1,60,9,2495,2,15,3,1,3
2016110124072,2,1,0,18,0,0,0,0,0,0,3,1,6,1,59,9,-1,-1,-1,8,1,8
2016110124315,1,17,4,4,0,1,0,0,0,0,1,1,1,1,23,5,-1,-1,-1,7,3,7
2016110124315,2,9,0,3,0,1,0,0,0,0,2,1,5,2,52,8,1242,1,2,3,1,3
2016110124315,3,9,0,3,0,1,0,0,0,0,2,1,5,1,50,8,1329,1,1,4,1,4
2016110124358,1,9,0,7,0,3,0,0,7,2,1,1,5,1,32,6,2993,2,1,7,1,7
2016110124436,1,1,0,9,0,6,0,0,0,0,1,1,6,1,11,3,-1,-1,-1,1,1,1
2016110124436,2,9,0,18,0,1,0,0,0,0,1,1,6,1,50,8,-1,-1,-1,8,1,8
2016110124438,1,5,0,18,0,1,1,0,0,0,3,1,6,1,53,8,599,1,17,1,1,1
2016110124438,2,9,0,10,0,1,0,0,0,0,0,1,6,1,39,7,1951,2,12,3,3,3
2016110124523,1,9,0,1,0,1,0,0,0,0,2,1,6,2,53,8,1968,2,8,7,3,7
2016110124523,2,9,0,2,0,1,0,0,0,0,1,1,5,2,42,7,1598,1,11,1,1,1
2016110124548,1,9,0,6,0,8,0,0,0,0,0,1,6,3,-1,-1,-1,-1,-1,-1,-1,-1
2016110124548,2,11,0,18,0,4,0,0,0,0,0,1,1,1,27,6,4250,2,3,4,2,4
2016110124767,1,9,0,7,0,1,0,0,0,0,1,1,2,1,47,8,1968,2,7,3,1,3
2016110124767,2,9,0,8,0,1,0,0,0,0,2,1,2,2,25,5,1422,1,10,5,1,5
2016110124898,1,9,0,18,0,1,0,0,0,0,1,1,6,1,20,4,1229,1,9,3,1,3
2016110124898,2,9,0,4,0,1,0,0,0,0,2,1,6,1,24,5,1560,2,3,7,1,7
2016110124911,1,9,0,18,0,0,0,0,0,0,1,1,5,1,56,9,1796,1,15,4,1,4
2016110124962,1,9,0,18,0,1,0,0,0,0,1,1,6,1,69,10,1396,2,1,3,1,3
2016110124962,2,9,0,10,0,1,0,0,0,0,2,1,6,1,24,5,-1,-1,-1,1,1,1
2016110125054,1,11,0,4,0,1,0,0,0,0,0,1,1,1,58,9,6370,2,8,7,1,7
2016110125826,1,9,0,7,0,3,0,0,0,0,4,1,6,1,55,8,-1,-1,-1,8,2,8
2016110125826,2,9,0,18,0,8,0,0,0,0,3,1,6,1,28,6,-1,-1,-1,1,1,1
2016110125893,1,9,0,9,0,6,0,0,0,0,3,1,5,1,27,6,1796,1,10,2,1,2
2016110125893,2,3,0,18,0,8,0,0,0,0,1,1,5,1,22,5,124,1,2,1,1,1
2016110125909,1,9,0,3,0,1,0,0,0,0,1,1,6,1,42,7,1995,2,11,9,1,9
2016110125909,2,9,0,3,0,1,0,0,0,0,2,1,5,1,60,9,1998,1,11,5,1,5
2016110125950,1,9,0,18,0,1,0,0,0,0,3,1,5,1,52,8,1197,1,1,3,1,3
2016110125950,2,9,0,18,0,1,0,0,0,0,1,1,5,2,26,6,1995,2,6,1,1,1
2016110126505,1,-1,0,18,0,0,0,0,0,0,1,1,6,3,-1,-1,-1,-1,-1,-1,-1,-1
2016110126505,2,9,0,2,0,0,0,0,0,0,2,1,6,2,35,6,1796,1,6,2,2,2
2016110127146,1,11,0,18,0,1,0,0,0,0,4,1,1,3,-1,-1,-1,-1,-1,-1,-1,-1
2016110127297,1,9,0,18,0,0,0,0,0,0,4,1,6,1,36,7,2993,2,6,4,3,4
2016110127297,2,9,0,18,0,0,0,0,0,0,3,1,6,1,22,5,1968,2,6,4,2,4
2016110127338,1,9,0,7,0,1,0,0,0,0,1,1,5,1,30,6,1598,1,9,4,2,4
2016110127338,2,9,0,8,0,1,0,0,0,0,2,1,5,1,37,7,998,1,13,5,1,5
2016110127423,1,9,0,18,0,0,0,0,0,0,0,1,1,1,41,7,-1,-1,-1,9,1,9
2016110127423,2,16,0,3,0,0,0,0,0,0,0,1,5,2,26,6,-1,-1,-1,9,1,9
2016110127573,1,9,0,13,0,8,0,0,0,0,2,1,5,1,47,8,-1,-1,-1,3,1,3
2016110127573,2,1,0,9,0,8,0,0,0,0,1,1,5,2,55,8,-1,-1,-1,3,1,3
2016110127644,1,9,0,18,0,0,0,0,0,0,1,1,5,2,25,5,998,1,11,1,1,1
2016110127683,1,9,0,18,0,0,2,0,7,0,1,1,5,1,57,9,1598,1,15,4,1,4
2016110127880,1,9,0,9,0,2,0,0,0,0,1,1,1,1,39,7,2231,2,2,9,1,9
2016110128511,1,9,0,18,0,1,0,0,0,0,1,1,6,1,24,5,2143,2,3,5,1,5
2016110128687,1,9,0,7,0,8,0,0,1,0,1,1,6,1,65,9,998,1,-1,4,3,4
2016110128687,2,9,0,18,0,8,0,0,0,0,1,1,6,1,52,8,1461,2,12,4,3,4
2016110128722,1,9,0,18,0,8,0,0,0,0,3,1,6,2,43,7,1956,2,5,10,1,10
2016110128722,2,17,0,18,0,8,0,0,0,0,4,1,1,1,48,8,-1,-1,-1,7,2,7
2016110128722,3,9,0,2,0,2,0,0,0,0,0,1,6,3,-1,-1,3222,2,14,-1,-1,-1
2016110128924,1,9,0,18,0,0,2,0,2,11,1,1,2,2,18,4,1199,1,12,9,2,9
2016110128936,1,21,1,18,0,0,0,0,0,0,1,1,1,1,55,8,12900,2,4,9,1,9
2016110128936,2,9,0,18,0,0,0,0,0,0,1,1,5,1,45,7,1560,2,11,6,1,6
2016110128972,1,9,0,18,0,0,1,10,7,4,4,1,5,1,48,8,1229,1,9,3,2,3
2016110129014,1,19,0,18,0,4,0,0,0,0,1,1,1,1,83,11,1686,2,11,8,1,8
2016110129014,2,1,0,18,0,8,0,0,0,0,2,1,5,2,58,9,-1,-1,-1,8,1,8
2016110129057,1,1,0,15,0,1,0,0,0,0,1,1,6,1,51,8,-1,-1,-1,1,1,1
2016110129057,2,9,0,9,0,1,0,0,0,0,4,1,2,1,36,7,1149,1,16,8,1,8
2016110129095,1,8,0,10,0,1,0,0,0,0,0,1,1,3,-1,-1,-1,-1,-1,-1,-1,-1
2016110129095,2,11,0,4,0,1,0,0,0,0,0,1,1,1,56,9,4250,2,8,4,1,4
2016110129148,1,9,0,13,0,2,0,0,0,0,0,1,6,3,-1,-1,-1,-1,-1,-1,-1,-1
2016110129148,2,9,0,18,0,2,0,0,0,0,0,1,1,1,61,9,1991,2,6,3,1,3
2016110129224,1,9,0,9,0,6,0,0,0,0,1,1,5,2,78,11,1598,2,2,7,3,7
2016110129224,2,9,0,18,0,8,0,0,0,0,1,1,5,1,71,10,2143,2,2,6,3,6
2016110129353,1,9,0,7,0,8,0,0,0,0,3,1,1,1,55,8,1582,2,-1,-1,-1,-1
2016110129353,2,9,0,18,0,8,0,0,0,0,1,1,6,1,72,10,1588,1,12,3,1,3
2016110129399,1,9,0,18,0,4,0,0,0,0,1,1,6,1,88,11,1999,2,-1,9,1,9
2016110129399,2,5,0,11,0,8,0,0,0,0,4,1,2,1,49,8,1000,1,10,7,1,7
2016110129561,1,21,1,11,0,0,0,0,0,0,4,1,1,1,35,6,12902,2,3,-1,-1,-1
2016110129561,2,9,0,18,0,0,1,0,0,0,3,1,5,2,35,6,1870,2,11,2,1,2
2016110129652,1,19,0,18,0,2,0,0,0,0,1,1,2,1,36,7,2500,2,11,5,3,5
2016110129652,2,9,0,2,0,2,0,0,0,0,3,1,6,2,-1,-1,1968,2,7,-1,-1,-1
2016110129708,1,9,0,18,0,0,0,0,1,11,1,1,5,1,85,11,698,1,13,3,1,3
2016110129743,1,9,0,18,0,0,0,0,0,0,1,1,6,1,65,9,1149,1,13,4,1,4
2016110129743,2,9,0,3,0,0,0,0,0,0,2,1,2,2,20,4,1299,1,10,9,1,9
2016110129890,1,19,0,18,0,0,0,0,0,0,0,1,5,1,34,6,1686,2,11,-1,-1,-1
2016110129890,2,3,0,18,0,0,0,0,0,0,0,1,5,1,29,6,125,1,4,2,2,2
2016110130015,1,9,0,18,0,1,0,0,0,0,1,1,6,1,25,5,1560,2,5,2,1,2
2016110130073,1,9,0,18,0,2,0,0,0,0,1,1,6,1,43,7,1998,2,13,5,2,5
2016110130196,1,9,0,17,0,0,0,0,0,0,1,1,5,2,47,8,1395,1,-1,-1,-1,-1
2016110130196,2,9,0,16,0,0,0,0,0,0,1,1,5,2,52,8,898,1,-1,8,2,8
2016110130225,1,9,0,18,0,2,0,0,0,0,1,1,5,1,30,6,1560,2,2,1,1,1
2016110130268,1,9,0,18,0,0,0,0,0,0,0,1,6,3,-1,-1,-1,-1,-1,-1,-1,-1
2016110130322,1,9,0,7,0,3,0,0,0,0,4,1,6,3,25,5,-1,-1,-1,-1,-1,-1
2016110130353,1,9,0,11,0,2,0,0,0,0,4,1,6,1,46,8,1490,1,11,1,1,1
2016110130353,2,11,0,18,2,2,0,0,0,0,3,1,1,1,61,9,6700,2,5,1,1,1
2016110130390,1,9,0,18,0,0,0,0,0,0,3,1,6,1,23,5,1560,2,7,1,2,1
2016110130390,2,9,0,13,0,0,0,0,0,0,4,1,5,1,77,11,1386,1,9,4,2,4
2016110130418,1,9,0,18,0,0,0,0,1,4,4,1,6,1,54,8,1586,1,-1,5,3,5
2016110130464,1,9,0,18,0,8,0,0,0,0,1,1,2,2,76,11,1395,1,2,4,3,4
2016110130515,1,9,0,9,0,8,0,0,0,0,1,1,5,2,17,4,1124,1,13,2,1,2
2016110130515,2,9,0,18,0,8,0,0,0,0,1,1,5,2,33,6,1388,1,14,2,1,2
2016110130557,1,9,0,18,0,2,0,0,2,0,1,1,6,1,76,11,-1,-1,-1,9,3,9
2016110130557,2,9,0,18,0,2,0,0,0,0,4,1,6,1,35,6,1197,1,1,2,3,2
2016110130640,1,9,0,18,0,0,0,0,0,0,1,1,2,1,22,5,1242,1,9,10,1,10
2016110130640,2,9,0,18,0,0,0,0,0,0,1,1,2,1,65,9,-1,-1,-1,8,1,8
2016110130640,3,3,0,18,0,0,2,0,0,0,1,1,2,1,20,4,125,1,2,4,1,4
2016110130640,4,9,0,4,0,0,0,0,0,0,2,1,2,1,47,8,1596,1,13,8,1,8
2016110130670,1,9,0,16,0,0,2,0,7,3,1,1,6,1,20,4,1968,2,6,4,2,4
2016110130712,1,9,0,18,0,4,0,0,0,0,1,1,6,2,21,5,1124,1,12,4,1,4
2016110130712,2,9,0,18,0,3,0,0,0,0,4,1,5,1,33,6,1598,2,1,2,2,2
2016110130987,1,9,0,5,0,0,0,0,0,0,1,1,5,2,46,8,1149,1,13,9,1,9
2016110130987,2,5,0,18,0,0,2,0,0,0,1,1,2,2,48,8,998,1,16,8,1,8
2016110131098,1,9,0,7,0,1,0,0,0,0,4,1,5,2,34,6,1598,2,5,4,1,4
2016110131154,1,9,0,18,0,0,0,0,0,0,1,1,2,1,26,6,1995,2,6,3,1,3
2016110131154,2,9,0,18,0,0,0,0,1,4,2,1,2,1,56,9,1587,1,13,3,2,3
2016110131154,3,9,0,18,0,0,0,0,0,0,2,1,2,2,70,10,1242,1,4,6,3,6
2016110131262,1,11,0,18,0,8,0,0,0,0,0,1,1,2,37,7,-1,-1,-1,4,1,4
2016110131375,1,9,0,4,0,1,0,0,0,0,1,1,6,1,20,4,1956,2,4,7,2,7
2016110131375,2,9,0,18,0,1,0,0,0,0,2,1,6,1,49,8,1199,1,12,5,2,5
2016110131375,3,-1,0,9,0,8,0,0,0,0,0,1,6,3,30,6,-1,-1,-1,-1,-1,-1
2016110131446,1,1,0,18,0,8,0,0,0,0,1,1,4,1,13,3,-1,-1,-1,2,1,2
2016110131446,2,9,0,7,0,8,0,0,0,0,4,1,3,1,47,8,1896,2,9,2,1,2
2016110131522,1,9,0,9,0,8,0,0,0,0,1,1,3,1,37,7,1299,1,11,1,1,1
2016110131522,2,9,0,18,0,8,1,0,7,0,1,1,1,2,28,6,1398,2,7,1,1,1
2016110131580,1,9,0,16,0,0,2,0,1,0,1,1,5,2,18,4,1198,1,14,9,1,9
2016110131606,1,1,0,18,0,8,0,0,0,0,1,1,6,1,30,6,-1,-1,-1,-1,-1,-1
2016110131606,2,9,0,10,0,8,0,0,0,0,4,1,6,1,32,6,1968,2,6,2,1,2
2016110131724,1,9,0,3,0,1,0,0,0,0,1,1,6,3,-1,-1,-1,-1,-1,-1,-1,-1
2016110131724,2,9,0,18,0,1,0,0,0,0,2,1,1,1,21,5,1390,1,5,10,1,10
2016110131827,1,9,0,18,0,0,0,0,1,0,1,1,2,1,21,5,1896,2,11,1,1,1
2016110132287,1,9,0,9,0,1,0,0,0,0,3,1,5,1,23,5,1328,1,15,2,1,2
2016110132505,1,9,0,18,0,8,1,0,1,11,1,1,6,3,30,6,1998,2,13,-1,-1,-1
2016110132505,2,8,0,9,0,8,1,0,7,11,2,1,1,1,53,8,1753,2,7,1,1,1
2016110132552,1,8,0,9,0,1,0,0,0,0,3,1,1,1,49,8,1598,2,3,1,1,1
2016110132562,1,3,0,4,0,1,1,0,0,0,4,1,2,1,33,6,124,1,12,3,2,3
2016110132592,1,9,0,4,0,1,0,0,0,0,1,1,3,1,47,8,1995,2,2,10,1,10
2016110132610,1,9,0,18,0,1,0,0,0,0,1,1,6,1,-1,-1,1968,2,7,2,1,2
2016110132610,2,9,0,3,0,1,0,0,0,0,2,1,6,1,30,6,-1,-1,-1,1,1,1
2016110132610,3,9,0,3,0,1,0,0,0,0,2,1,6,2,52,8,1398,2,8,2,1,2
2016110132610,4,9,0,3,0,1,0,0,0,0,2,1,6,3,-1,-1,-1,-1,-1,-1,-1,-1
2016110132711,1,9,0,7,0,8,0,0,0,0,1,1,5,1,59,9,1997,2,11,2,2,2
2016110132842,1,9,0,6,0,0,0,0,0,0,1,1,6,2,19,4,1229,1,-1,2,2,2
2016110132842,2,9,0,18,0,0,0,0,0,0,3,1,6,1,43,7,1995,2,2,8,1,8
2016110132864,1,9,0,9,0,6,0,0,0,0,1,1,6,1,36,7,-1,-1,-1,4,2,4
2016110132923,1,9,0,18,0,2,0,0,0,0,1,1,6,1,36,7,1910,2,12,8,1,8
2016110132923,2,9,0,2,0,2,0,0,0,0,2,1,5,2,47,8,1598,1,9,2,2,2
2016110132958,1,9,0,6,0,1,0,0,0,0,0,1,6,2,52,8,1229,1,2,2,1,2
2016110132958,2,9,0,18,0,1,0,10,0,0,1,1,6,2,37,7,1968,2,3,5,3,5
2016110133007,1,9,0,9,0,6,0,0,0,0,1,1,1,1,39,7,1461,2,4,8,1,8
2016110133007,2,9,0,18,0,1,0,0,0,0,4,1,1,2,57,9,999,1,-1,8,1,8
2016110133041,1,21,0,18,0,1,0,0,0,0,1,1,1,1,37,7,9290,2,6,5,1,5