Accident_Index,Vehicle_Reference,Vehicle_Type,Towing_and_Articulation,Vehicle_Manoeuvre,Vehicle_Location-Restricted_Lane,Junction_Location,Skidding_and_Overturning,Hit_Object_in_Carriageway,Vehicle_Leaving_Carriageway,Hit_Object_off_Carriageway,1st_Point_of_Impact,Was_Vehicle_Left_Hand_Drive?,Journey_Purpose_of_Driver,Sex_of_Driver,Age_of_Driver,Age_Band_of_Driver,Engine_Capacity_(CC),Propulsion_Code,Age_of_Vehicle,Driver_IMD_Decile,Driver_Home_Area_Type,Vehicle_IMD_Decile
2016110133041,2,9,0,10,0,1,0,0,0,0,2,1,6,2,59,9,-1,-1,-1,7,3,7
2016110133085,1,9,0,18,0,8,0,0,0,0,1,1,6,2,42,7,1560,2,8,4,1,4
2016110133601,1,9,0,18,0,8,0,0,7,5,1,1,5,1,26,6,1995,2,4,5,3,5
2016110133601,2,9,0,18,0,8,0,0,1,5,1,1,5,1,50,8,1390,1,9,2,2,2
2016110133601,3,9,0,18,0,1,0,0,0,0,3,1,5,2,32,6,1598,2,4,3,2,3
2016110133673,1,11,0,14,0,2,0,0,0,0,0,1,6,3,-1,-1,-1,-1,-1,-1,-1,-1
2016110133673,2,11,0,18,0,1,0,0,0,0,0,1,1,1,53,8,4250,2,8,2,1,2
2016110133676,1,3,0,18,0,8,0,0,0,0,1,1,6,1,21,5,125,1,-1,1,1,1
2016110133676,2,21,0,7,0,8,0,0,0,0,2,1,1,1,33,6,6693,2,3,4,1,4
2016110133832,1,9,0,18,0,0,0,0,0,0,1,1,6,2,19,4,1198,1,5,7,1,7
2016110133832,2,9,0,4,0,0,0,0,0,0,2,1,6,1,24,5,1968,2,9,1,1,1
2016110133832,3,9,0,4,0,0,0,0,0,0,2,1,6,3,-1,-1,-1,-1,-1,-1,-1,-1
2016110134136,1,9,0,18,0,1,0,0,0,0,1,1,5,2,19,4,1560,2,2,5,1,5
2016110134136,2,9,0,7,0,1,0,0,0,0,2,1,5,1,60,9,2926,2,13,6,1,6
2016110134505,1,9,0,18,0,0,0,0,0,0,1,1,2,2,44,7,1870,2,9,10,1,10
2016110134505,2,9,0,4,0,0,0,0,0,0,2,1,5,2,19,4,999,1,-1,5,3,5
2016110134777,1,9,0,18,0,4,0,0,0,0,3,1,6,1,55,8,1798,1,14,2,2,2
2016110134777,2,3,0,18,0,8,0,0,0,0,1,1,6,1,57,9,124,1,1,2,2,2
2016110134984,1,9,0,18,0,0,5,7,0,0,1,1,5,1,27,6,1968,2,11,3,2,3
2016110134984,2,9,0,18,0,0,0,0,0,0,0,1,1,1,44,7,2993,2,3,9,1,9
2016110135200,1,9,0,4,0,0,0,0,0,0,0,1,6,1,55,8,1499,2,-1,9,2,9
2016110135200,2,11,0,18,0,0,0,0,0,0,0,1,1,2,24,5,4249,2,1,1,2,1
2016110135281,1,21,1,18,0,1,0,0,0,0,1,1,1,1,57,9,12419,2,4,5,1,5
2016110135281,2,9,0,3,0,1,0,0,7,0,2,1,5,1,49,8,2987,2,8,-1,3,-1
2016110135281,3,9,0,18,0,2,0,0,0,0,1,1,5,1,50,8,-1,-1,-1,-1,3,-1
2016110135281,4,19,0,3,0,1,0,0,0,0,2,1,1,1,31,6,1560,2,-1,7,1,7
2016110135281,5,98,1,3,0,1,0,0,0,0,2,1,1,1,50,8,-1,-1,-1,3,1,3
2016110135476,1,9,0,18,0,1,0,0,0,0,1,1,6,3,-1,-1,-1,-1,-1,-1,-1,-1
2016110135476,2,9,0,8,0,1,0,0,0,0,2,1,6,2,31,6,1396,1,6,6,1,6
2016110135617,1,9,0,16,0,0,0,0,7,0,1,1,5,1,23,5,2143,2,-1,3,1,3
2016110135617,2,19,0,17,0,0,0,0,0,0,1,1,5,1,65,9,1560,2,5,5,3,5
2016110135617,3,9,0,17,0,0,0,0,0,0,1,1,5,2,18,4,1461,2,1,9,2,9
2016110135767,1,90,0,2,2,8,0,0,0,0,1,1,1,1,33,6,-1,-1,-1,4,2,4
2016110135767,2,11,0,5,2,8,0,4,0,0,2,1,1,1,46,8,4760,2,4,10,1,10
2016110136016,1,9,0,9,0,2,0,0,7,0,1,1,2,1,51,8,995,1,9,7,3,7
2016110136016,2,9,0,18,0,1,0,0,0,0,4,1,2,2,28,6,1000,1,2,7,2,7
2016110136067,1,9,0,18,0,0,0,0,0,0,1,1,5,1,72,10,-1,-1,-1,5,3,5
2016110136067,2,9,0,4,0,0,0,0,0,0,2,1,5,2,48,8,1560,2,6,7,2,7
2016110136067,3,19,0,4,0,0,0,0,0,0,2,1,5,1,48,8,2402,2,6,8,1,8
2016110136604,1,9,0,9,0,8,0,0,0,0,1,1,5,1,61,9,2000,1,9,8,1,8
2016110136604,2,1,0,18,0,8,0,0,0,0,1,1,5,1,14,3,-1,-1,-1,8,1,8
2016110136930,1,9,0,18,0,1,0,0,0,0,1,1,6,2,42,7,1995,2,4,10,1,10
2016110136930,2,9,0,3,0,1,0,0,0,0,2,1,2,2,28,6,1242,1,11,2,1,2
2016110137218,1,9,0,18,0,4,0,0,0,0,1,1,1,2,40,7,-1,-1,-1,5,2,5
2016110137218,2,9,0,18,0,3,0,0,0,0,4,1,5,2,25,5,1149,1,14,2,1,2
2016110137293,1,9,0,9,0,5,0,0,0,0,4,1,5,2,31,6,1598,1,13,2,1,2
2016110137293,2,9,0,18,0,1,0,0,0,0,1,1,5,1,45,7,-1,-1,-1,4,1,4
2016110137436,1,9,0,18,0,8,0,0,0,0,4,1,1,1,51,8,-1,-1,-1,2,1,2
2016110137760,1,9,0,18,0,1,0,0,0,0,1,1,6,2,58,9,1242,1,15,6,3,6
2016110137760,2,9,0,3,0,1,0,0,0,0,2,1,6,1,51,8,-1,-1,-1,4,1,4
2016110137903,1,9,0,18,0,0,1,0,0,0,1,1,2,1,35,6,1242,1,13,4,1,4
2016110137903,2,9,0,3,0,0,0,0,0,0,2,1,2,1,17,4,998,1,-1,6,2,6
2016110137906,1,9,0,18,0,8,0,0,0,0,1,1,5,2,38,7,1984,1,13,5,3,5
2016110137906,2,1,0,18,0,8,0,0,0,0,1,1,5,1,62,9,-1,-1,-1,6,1,6
2016110137952,1,9,0,18,0,2,0,0,0,0,1,1,2,2,49,8,1598,1,10,10,1,10
2016110138010,1,9,0,18,0,0,0,0,0,0,1,1,5,2,56,9,1398,2,12,5,3,5
2016110138051,1,8,0,18,0,0,0,0,0,0,1,1,1,1,58,9,1686,2,2,2,1,2
2016110138109,1,9,0,9,0,6,0,0,0,0,1,1,5,1,29,6,1910,2,9,3,2,3
2016110138109,2,1,0,18,0,8,0,0,0,0,4,1,2,1,28,6,-1,-1,-1,8,1,8
2016110138148,1,9,0,9,0,8,0,0,0,0,1,1,6,2,60,9,1497,8,-1,4,2,4
2016110138301,1,9,0,9,0,8,0,0,0,0,1,1,1,1,53,8,-1,-1,-1,5,3,5
2016110138828,1,9,0,18,0,8,0,0,0,0,3,1,5,1,19,4,1560,2,4,1,1,1
2016110138828,2,1,0,9,0,8,0,0,0,0,1,1,2,1,48,8,-1,-1,-1,1,1,1
2016110139055,1,9,0,18,0,4,0,0,1,11,1,1,6,2,71,10,1598,1,1,1,1,1
2016110139055,2,9,0,9,0,8,0,0,0,0,2,1,6,1,64,9,-1,-1,-1,2,2,2
2016110139131,1,9,0,18,0,0,0,0,1,4,3,1,2,1,21,5,1149,1,12,7,2,7
2016110139202,1,9,4,18,0,0,0,0,0,0,0,1,6,1,37,7,1997,2,12,-1,3,-1
2016110139202,2,9,0,18,0,0,0,0,0,0,1,1,5,1,33,6,1995,2,12,9,1,9
2016110139266,1,9,0,9,0,8,0,0,0,0,1,1,6,1,18,4,1198,1,6,3,1,3
2016110139266,2,9,0,18,0,8,0,0,7,1,4,1,5,2,27,6,1200,1,1,9,1,9
2016110139293,1,9,0,9,0,8,0,0,0,0,1,1,5,1,82,11,1198,1,1,8,1,8
2016110139311,1,9,0,18,0,2,0,0,0,0,1,1,3,1,51,8,1598,1,2,2,1,2
2016110139354,1,9,0,18,0,0,1,0,0,0,1,1,5,1,94,11,996,1,5,8,1,8
2016110139354,2,9,0,2,0,0,0,0,0,0,2,1,5,1,52,8,1753,2,7,8,1,8
2016110139370,1,9,0,17,0,8,0,0,0,0,1,1,5,1,18,4,999,1,-1,4,1,4
2016110139370,2,9,0,17,0,8,0,0,0,0,2,1,3,1,47,8,1910,2,8,2,2,2
2016110139406,1,9,0,18,0,1,5,0,0,0,1,1,6,1,62,9,1596,1,13,3,1,3
2016110139438,1,9,0,16,0,0,1,0,8,11,1,1,5,1,24,5,1598,1,10,4,2,4
2016110139438,2,9,0,16,0,0,0,0,0,0,0,1,1,1,-1,-1,1248,2,3,9,1,9
2016110139552,1,9,0,18,0,0,0,0,0,0,4,1,6,1,49,8,998,1,13,2,1,2
2016110139607,1,9,0,18,0,1,0,4,0,0,1,1,6,1,35,6,1461,2,3,6,1,6
2016110139607,2,19,0,2,0,1,0,0,1,0,2,1,1,1,71,10,2402,2,15,6,3,6
2016110139829,1,9,0,11,0,3,0,0,0,0,1,1,5,2,57,9,1000,1,16,1,1,1
2016110139829,2,9,0,17,0,3,0,0,0,0,2,1,5,1,31,6,2993,2,5,4,1,4
2016110139975,1,-1,0,11,0,1,0,0,0,0,0,1,6,3,-1,-1,-1,-1,-1,-1,-1,-1
2016110139975,2,11,0,18,2,1,0,0,0,0,0,1,1,1,43,7,6700,2,3,4,1,4
2016110140027,1,-1,0,7,0,8,0,0,0,0,0,1,6,3,-1,-1,-1,-1,-1,-1,-1,-1
2016110140027,2,9,0,18,0,1,5,7,0,0,1,1,2,1,32,6,1968,2,3,1,1,1
2016110140027,3,9,0,18,0,1,0,0,0,0,1,1,2,2,53,8,1968,2,2,8,1,8
2016110140091,1,9,0,18,0,1,0,0,0,0,1,1,6,1,18,4,1388,1,13,6,3,6
2016110140091,2,9,0,3,0,1,0,0,0,0,2,1,6,2,22,5,998,1,1,1,1,1
2016110140384,1,9,0,4,0,0,1,0,0,0,1,1,6,2,53,8,1328,1,8,7,2,7
2016110140384,2,9,0,3,0,0,0,0,0,0,2,1,6,2,44,7,875,1,-1,2,2,2
2016110140532,1,1,0,18,0,2,0,0,0,0,1,1,6,1,21,5,-1,-1,-1,1,2,1
2016110140532,2,9,0,9,0,2,0,0,0,0,1,1,6,2,38,7,999,1,1,5,3,5
2016110140729,1,9,0,18,0,0,1,0,0,0,3,1,5,1,20,4,1995,1,16,1,2,1
2016110140729,2,9,0,18,0,0,0,0,0,0,1,1,5,2,25,5,1995,2,3,4,2,4
2016110140757,1,9,0,18,0,0,0,0,0,0,1,1,5,1,61,9,2982,2,2,2,2,2
2016110141000,1,9,0,18,0,1,0,0,0,0,1,1,6,1,45,7,1686,2,13,2,1,2
2016110141000,2,9,0,10,0,1,0,0,0,0,3,1,6,1,38,7,1685,2,-1,1,1,1
2016110141000,3,9,0,18,0,1,0,0,0,0,1,1,6,1,42,7,2199,1,21,1,1,1
2016110141041,1,9,0,9,0,1,0,0,0,0,1,1,5,1,37,7,2179,2,4,2,1,2
2016110141041,2,9,0,18,0,1,0,0,0,0,3,1,5,1,30,6,1896,2,11,4,2,4
2016110141076,1,9,0,18,0,8,0,0,0,0,1,1,6,2,28,6,1968,2,6,4,1,4
2016110141135,1,9,0,9,0,1,0,0,0,0,1,1,6,1,43,7,1461,2,-1,3,1,3
2016110141135,2,9,0,10,0,1,0,0,0,0,2,1,6,2,32,6,1968,2,4,3,1,3
2016110141658,1,9,0,18,0,0,0,0,0,0,1,1,2,2,28,6,1386,1,8,4,1,4
2016110141879,1,9,0,7,0,4,0,0,0,0,1,1,6,2,36,7,1422,2,8,5,1,5
2016110141879,2,9,0,18,0,3,0,0,0,0,4,1,5,2,45,7,1390,1,2,8,1,8
2016110141982,1,8,0,9,0,8,0,0,0,0,2,1,1,1,36,7,1995,2,5,3,2,3
2016110141982,2,1,0,18,0,8,0,0,0,0,1,1,6,1,58,9,-1,-1,-1,7,1,7
2016110142065,1,9,0,18,0,0,0,0,0,0,1,1,5,2,61,9,1242,1,1,10,1,10
2016110142065,2,9,0,18,0,0,0,0,0,0,3,1,5,2,43,7,1242,1,8,4,2,4
2016110142065,3,9,0,18,0,0,0,0,0,0,3,1,5,2,46,8,1596,1,13,9,1,9
2016110142171,1,11,0,2,0,1,0,0,0,0,0,1,1,1,45,7,6700,2,3,10,1,10
2016110142248,1,9,0,18,0,0,0,0,0,0,1,1,6,1,51,8,1956,2,-1,4,3,4
2016110142248,2,9,0,3,0,0,0,0,0,0,2,1,6,2,47,8,1951,2,11,3,2,3
2016110142248,3,9,0,3,0,0,0,0,0,0,2,1,2,2,58,9,1200,1,-1,8,1,8
2016110142250,1,9,0,18,0,0,0,0,0,0,1,1,6,2,46,8,1461,2,2,10,1,10
2016110142250,2,9,0,4,0,0,0,0,0,0,2,1,6,2,49,8,698,1,11,4,3,4
2016110142278,1,9,0,18,0,0,0,0,0,0,3,1,5,1,62,9,1598,1,9,8,1,8
2016110142298,1,9,0,18,0,1,1,0,0,0,1,1,5,1,22,5,1781,1,10,7,2,7
2016110142298,2,9,0,18,0,3,0,0,0,0,1,1,5,2,27,6,1248,1,6,2,1,2
2016110142360,1,9,0,18,0,3,0,0,0,0,1,1,5,2,39,7,2000,2,11,1,2,1
2016110142455,1,19,0,18,0,8,0,0,0,0,1,1,6,3,30,6,1998,2,12,-1,-1,-1
2016110142455,2,9,0,18,0,8,0,0,0,0,3,1,6,2,33,6,1364,1,12,2,3,2
2016110142511,1,11,0,4,0,1,0,0,0,0,0,1,1,1,49,8,6696,2,1,3,1,3
2016110142562,1,9,0,18,0,0,0,10,0,0,1,1,6,3,-1,-1,1199,1,12,-1,-1,-1
2016110142562,2,9,0,18,0,0,0,0,0,0,4,1,6,2,50,8,1560,2,7,10,1,10
2016110142717,1,19,0,7,0,8,0,0,0,0,4,1,1,1,42,7,1248,2,6,9,1,9
2016110142787,1,9,0,18,0,0,1,0,0,0,1,1,1,1,63,9,1582,2,8,1,1,1
2016110142787,2,9,0,18,0,0,0,0,0,0,1,1,5,1,48,8,1242,1,5,7,1,7
2016110142804,1,9,0,18,0,0,0,4,0,0,4,1,6,3,-1,-1,-1,-1,-1,-1,-1,-1
2016110142804,2,9,0,2,0,0,0,0,0,0,4,1,6,1,40,7,1910,2,11,2,1,2
2016110142891,1,9,0,18,0,0,5,0,1,0,1,1,5,1,20,4,1995,2,4,-1,-1,-1
2016110142928,1,9,0,18,0,8,0,7,0,0,1,1,6,1,20,4,1229,1,5,4,1,4
2016110142928,2,9,0,2,0,8,0,0,0,0,2,1,6,1,-1,-1,-1,-1,-1,6,2,6
2016110142928,3,9,0,2,0,8,0,0,0,0,2,1,6,1,-1,-1,1461,2,7,6,2,6
2016110142928,4,9,0,2,0,8,0,0,0,0,2,1,6,2,-1,-1,1248,2,-1,6,2,6
2016110143671,1,9,0,18,0,1,2,0,1,10,1,1,5,1,20,4,-1,-1,-1,1,1,1
2016110143997,1,9,0,18,0,2,0,0,0,0,4,1,5,1,21,5,1598,2,6,4,1,4
2016110144045,1,11,0,18,0,1,0,0,0,0,0,1,1,1,34,6,4250,2,5,5,1,5
2016110144242,1,9,0,12,0,0,0,0,0,0,3,1,1,2,53,8,1461,2,1,1,1,1
2016110144242,2,9,0,13,0,0,0,0,0,0,4,1,6,1,47,8,1998,2,8,6,2,6
2016110144316,1,19,0,18,0,1,0,0,0,0,1,1,1,1,51,8,2300,2,13,2,1,2
2016110144316,2,9,0,3,0,1,0,0,0,0,2,1,1,2,50,8,1560,2,7,4,1,4
2016110144927,1,9,0,18,0,0,0,0,0,0,4,1,4,1,47,8,1796,1,10,4,1,4
2016110145674,1,3,0,18,0,0,0,0,0,0,3,1,6,1,24,5,-1,-1,-1,2,1,2
2016110145674,2,9,0,5,0,0,0,0,0,0,2,1,6,2,53,8,998,1,6,4,1,4
2016110145682,1,9,0,17,0,0,0,0,1,4,1,1,5,1,17,4,1461,2,10,6,2,6
2016110145749,1,9,0,1,0,2,0,0,0,0,2,1,5,2,51,8,2204,2,6,4,1,4
2016110145812,1,19,0,5,0,0,0,0,0,0,4,1,1,1,50,8,1598,2,-1,3,1,3
2016110145891,1,9,0,12,0,0,0,0,0,0,1,1,5,1,20,4,1360,1,6,9,3,9
2016110145891,2,3,0,18,0,0,0,4,0,0,1,1,5,1,25,5,125,1,8,3,1,3
2016110145891,3,9,0,2,0,0,0,0,0,0,3,1,5,3,-1,-1,1587,1,15,-1,-1,-1
2016110146279,1,9,0,5,0,0,0,0,0,0,2,1,6,1,20,4,1339,1,-1,2,2,2
2016110146279,2,9,0,18,0,0,0,0,0,0,1,1,6,1,28,6,1598,1,10,1,1,1
2016110146283,1,9,0,18,0,0,0,0,0,0,3,1,5,2,47,8,1796,1,10,3,2,3
2016110146367,1,19,0,18,0,0,1,0,0,0,1,1,1,1,38,7,1968,2,3,8,1,8
2016110146367,2,9,0,18,0,0,0,0,0,0,2,1,5,1,60,9,1461,2,6,4,1,4
2016110146367,3,9,0,2,0,0,0,0,0,0,0,1,5,1,58,9,4951,1,-1,5,2,5
2016110146425,1,9,0,9,0,8,0,0,0,0,1,1,5,1,71,10,1248,1,4,2,1,2
2016110146425,2,3,0,18,0,8,0,0,0,0,1,1,2,1,42,7,125,1,1,8,1,8
2016110146478,1,9,0,18,0,0,0,0,0,0,1,1,1,1,61,9,1497,8,8,10,1,10
2016110146517,1,-1,0,16,0,1,0,0,0,0,3,1,5,3,-1,-1,-1,-1,-1,-1,-1,-1
2016110146517,2,9,0,17,0,2,0,0,0,0,3,1,5,2,21,5,998,1,3,5,2,5
2016110146608,1,17,0,9,0,8,0,0,0,0,1,1,1,1,26,6,4525,2,3,5,1,5
2016110146608,2,19,0,18,0,8,0,0,0,0,3,1,5,2,52,8,1686,2,14,4,3,4
2016110146683,1,9,0,18,0,0,0,0,0,0,1,1,2,1,24,5,1390,1,2,2,1,2
2016110146683,2,19,0,10,0,0,0,0,0,0,2,1,5,1,28,6,1753,2,9,3,3,3
2016110146683,3,9,0,18,0,0,0,0,0,0,1,1,3,2,47,8,1329,1,5,9,1,9
2016110146828,1,-1,0,13,0,0,0,0,0,0,0,1,6,3,-1,-1,-1,-1,-1,-1,-1,-1
2016110146828,2,1,0,16,0,0,0,0,1,0,0,1,5,1,14,3,-1,-1,-1,3,1,3
2016110147030,1,9,0,18,0,0,0,0,0,0,1,1,6,3,20,4,1997,2,15,-1,-1,-1
2016110147044,1,8,0,18,0,8,0,0,0,0,1,1,1,1,59,9,1461,2,5,4,1,4
2016110147059,1,19,0,18,0,0,1,0,7,5,1,1,6,1,18,4,1998,2,16,1,1,1
2016110147059,2,9,0,18,0,0,0,0,0,0,1,1,6,1,28,6,1598,2,3,3,1,3
2016110148954,1,9,0,9,0,8,0,0,0,0,1,1,5,1,42,7,1956,2,2,8,3,8
2016110148954,2,11,0,9,0,8,0,0,0,0,3,1,1,1,44,7,12816,5,4,9,1,9
2016110149093,1,9,0,18,0,8,0,0,0,0,4,1,6,2,30,6,1598,1,11,4,1,4
2016110149093,2,9,0,18,0,8,0,0,0,0,1,1,6,1,20,4,1968,2,7,4,1,4
2016110153141,1,9,0,9,0,8,1,0,0,0,1,1,5,1,25,5,1229,1,5,1,1,1
2016110153141,2,9,0,18,0,8,0,0,0,0,3,1,5,2,57,9,1248,1,2,10,1,10
2016110154007,1,9,0,18,0,8,0,0,0,0,1,1,6,1,-1,-1,1343,1,12,-1,-1,-1
2016110154007,2,9,0,3,0,8,0,0,0,0,2,1,5,2,25,5,2000,2,12,3,2,3
2016110154050,1,9,0,13,0,0,0,0,0,0,1,1,6,3,-1,-1,-1,-1,-1,-1,-1,-1
2016110154050,2,22,0,18,0,0,0,0,0,0,3,1,6,2,49,8,-1,-1,-1,2,2,2
2016110158953,1,19,0,9,0,0,0,0,0,0,3,1,1,1,61,9,1461,2,10,10,1,10
2016110158953,2,9,0,13,0,0,0,0,0,0,4,1,5,2,38,7,1998,1,9,9,2,9
2016110162854,1,9,0,18,0,4,0,0,0,0,0,1,6,2,37,7,1598,2,1,4,3,4
2016110162854,2,5,0,18,0,8,2,0,0,0,0,1,6,1,44,7,599,1,9,4,1,4
201611ND00126,1,11,0,18,0,8,0,0,0,0,1,1,1,1,41,7,6696,2,1,4,2,4
201611ND00126,2,9,0,18,0,8,0,0,1,0,4,1,6,1,21,5,1198,1,3,7,3,7
201611ND00456,1,9,0,9,0,1,0,0,0,0,1,1,6,1,29,6,1198,1,11,3,1,3
201611ND00456,2,9,0,18,0,1,0,0,0,0,1,1,6,1,27,6,2179,2,3,10,1,10
201611ND00806,1,17,4,18,0,0,0,0,0,0,1,1,1,1,19,4,-1,2,17,5,2,5
201611ND00806,2,9,0,18,0,0,0,0,0,0,1,1,2,1,49,8,1398,2,14,2,2,2
201611ND00806,3,9,0,2,0,0,0,0,0,0,1,1,6,1,-1,-1,-1,-1,-1,-1,-1,-1
201611ND00806,4,9,0,2,0,0,0,0,0,0,4,1,6,3,-1,-1,1396,1,2,-1,-1,-1
201611ND00806,5,9,0,2,0,0,0,0,0,0,1,1,6,1,-1,-1,1360,1,11,2,2,2
201611ND00956,1,9,0,16,0,0,0,0,0,0,1,1,6,3,-1,-1,1199,1,13,-1,-1,-1
201611ND00956,2,19,0,17,0,0,0,0,0,0,1,1,1,1,60,9,2402,2,15,4,2,4
201611ND01026,1,9,0,18,0,0,0,0,0,0,1,1,6,1,72,10,1968,2,1,9,1,9
201611ND01026,2,9,0,4,0,0,0,0,0,0,2,1,6,1,56,9,1796,1,13,8,1,8
201611ND01206,1,9,0,18,0,2,0,0,0,0,1,1,1,1,34,6,1985,1,33,6,1,6
201611ND01306,1,9,0,18,0,0,0,0,0,0,1,1,6,2,30,6,1390,1,4,2,1,2
201611ND01426,1,9,0,18,0,0,0,0,0,0,1,1,6,2,29,6,1329,1,4,7,1,7
201611ND01426,2,9,0,18,0,0,0,0,0,0,2,1,2,1,37,7,1995,1,9,1,1,1
201611ND01536,1,9,0,18,0,2,0,0,0,0,1,1,6,2,24,5,1198,1,7,7,2,7
201611ND01766,1,9,0,17,0,0,0,0,0,0,4,1,6,1,46,8,996,1,3,2,2,2
201611ND01766,2,19,0,2,0,0,0,0,0,0,2,1,6,1,31,6,-1,-1,-1,3,2,3
201611ND03156,1,19,0,18,0,0,0,0,0,0,0,1,1,1,-1,-1,1598,2,1,-1,-1,-1
201611ND03246,1,9,0,9,0,6,0,0,0,0,1,1,6,2,19,4,1995,2,11,9,1,9
201611ND03246,2,19,0,18,0,1,0,0,0,0,3,1,1,1,-1,-1,1598,2,1,-1,-1,-1
201611ND03596,1,9,0,18,0,1,0,0,0,0,0,1,6,3,-1,-1,-1,-1,-1,-1,-1,-1
201611ND03596,2,16,0,9,0,1,0,0,0,0,0,1,6,2,45,7,-1,-1,-1,8,3,8
201611ND03636,1,9,0,18,0,2,0,0,0,0,1,1,6,1,64,9,1870,2,10,10,1,10
201611ND04256,1,9,0,6,0,0,0,0,1,0,3,1,2,2,21,5,-1,-1,-1,8,3,8
201611ND04256,2,9,0,18,0,0,0,0,0,0,1,1,2,1,41,7,-1,-1,-1,4,1,4
201611ND04366,1,9,0,11,0,0,0,0,0,0,1,1,6,2,19,4,1499,2,-1,3,3,3
201611ND04366,2,9,0,4,0,0,0,0,0,0,2,1,6,2,32,6,1998,1,11,-1,-1,-1
201611ND04626,1,9,0,18,0,0,0,0,0,0,1,1,6,2,51,8,1560,2,4,5,1,5
201611ND04626,2,9,0,3,0,0,0,0,0,0,2,1,1,2,51,8,1242,1,6,2,1,2
201611ND04626,3,9,0,3,0,0,0,0,0,0,2,1,6,2,-1,-1,1200,1,1,5,2,5
201611ND04646,1,9,0,1,0,2,1,0,1,0,1,1,6,1,18,4,1995,1,9,8,1,8
201611ND04646,2,8,0,1,0,2,0,0,2,11,1,1,6,1,53,8,-1,-1,-1,8,1,8
201611ND04666,1,9,0,18,0,0,0,0,0,0,1,1,2,1,32,6,1796,1,16,5,2,5
201611ND04666,2,9,0,1,0,0,0,0,0,0,4,1,2,1,51,8,1396,1,5,5,2,5
201611ND04756,1,9,0,9,0,6,0,0,0,0,1,1,1,2,56,9,1242,1,5,10,1,10
201611ND04756,2,9,0,18,0,8,0,0,0,0,4,1,1,1,25,5,3123,1,10,2,2,2
201611ND04926,1,9,0,18,0,0,0,0,4,2,1,1,6,2,17,4,1124,1,12,4,2,4
201611ND04956,1,9,0,18,0,3,0,0,1,0,1,1,6,1,27,6,1582,2,-1,5,1,5
201611ND04956,2,9,0,18,0,3,0,0,0,0,2,1,6,2,24,5,1461,2,6,4,2,4
201611ND05286,1,9,0,18,0,0,0,7,1,4,1,1,6,2,45,7,1598,1,6,10,1,10
201611ND05596,1,9,0,9,0,8,0,0,1,1,2,1,6,2,37,7,1997,2,8,4,2,4
201611ND05596,2,9,0,18,0,8,0,0,0,0,1,1,6,2,28,6,1896,2,13,2,1,2
201611ND05626,1,98,0,16,0,0,0,0,0,0,0,1,6,3,-1,-1,-1,-1,-1,-1,-1,-1
201611ND05626,2,19,0,17,0,0,0,0,0,0,1,1,1,2,60,9,2198,2,8,5,2,5
201611ND05636,1,9,0,18,0,4,0,0,0,0,1,1,1,1,61,9,2993,2,3,8,1,8
201611ND05636,2,19,0,4,0,4,0,0,0,1,2,1,1,1,-1,-1,2143,2,4,-1,-1,-1
201611ND05726,1,19,0,3,0,1,0,0,0,0,0,1,1,3,-1,-1,-1,-1,-1,-1,-1,-1
201611NE00406,1,9,0,4,0,8,0,0,0,0,1,1,2,1,22,5,1242,1,14,3,1,3
201611NE00476,1,19,0,9,0,1,0,0,0,0,0,1,6,3,-1,-1,-1,-1,-1,-1,-1,-1
201611NE00476,2,9,0,18,0,1,0,0,0,0,0,1,6,1,45,7,1798,1,8,2,2,2
201611NE01156,1,9,0,13,0,1,0,0,0,0,1,1,6,1,19,4,1753,2,13,4,1,4
201611NE01156,2,21,0,7,0,6,0,0,0,0,1,1,6,1,48,8,10837,2,4,1,1,1
201611NE01326,1,9,0,18,0,0,0,0,0,0,4,1,6,2,41,7,1956,2,1,6,2,6
201611NE01736,1,9,0,18,0,1,0,0,0,0,1,1,1,1,30,6,1598,1,11,6,1,6
201611NE01736,2,9,0,18,0,1,0,0,0,0,1,1,1,1,51,8,1595,1,6,8,1,8
201611NE01736,3,9,0,18,0,1,0,0,0,0,1,1,1,2,50,8,1364,1,6,4,1,4
201611NE01736,4,9,0,18,0,1,0,0,0,0,2,1,1,1,57,9,1364,1,11,5,1,5
201611NE01806,1,19,0,7,0,1,0,0,0,0,0,1,6,3,-1,-1,-1,-1,-1,-1,-1,-1
201611NE01806,2,9,0,18,0,1,0,0,0,0,0,1,1,2,37,7,1560,2,10,6,1,6
201611NE02096,1,9,0,7,0,1,0,0,0,0,1,1,6,1,21,5,1995,2,14,1,1,1
201611NE02096,2,9,0,4,0,1,0,0,0,0,2,1,6,1,68,10,1896,2,10,6,1,6
201611NE03356,1,1,0,18,9,1,0,0,0,0,3,1,6,1,14,3,-1,-1,-1,3,1,3
201611NE03356,2,9,0,18,0,1,0,0,0,0,1,1,6,2,47,8,1390,1,17,1,1,1
201611NE03506,1,9,0,18,0,1,0,0,0,0,1,1,6,2,59,9,1560,2,4,1,1,1
201611NE03856,1,9,0,18,0,0,0,0,0,0,1,1,6,1,75,10,1398,2,12,3,2,3
201611NE03856,2,9,0,2,0,0,0,0,0,0,3,1,6,1,-1,-1,1461,2,1,-1,-1,-1
201611NE04236,1,9,0,9,0,8,0,0,0,0,4,1,6,1,65,9,1497,8,3,3,2,3
201611NE04236,2,9,0,18,0,8,0,0,1,9,3,1,2,2,28,6,1896,2,12,7,1,7