Accident_Index,Vehicle_Reference,Vehicle_Type,Towing_and_Articulation,Vehicle_Manoeuvre,Vehicle_Location-Restricted_Lane,Junction_Location,Skidding_and_Overturning,Hit_Object_in_Carriageway,Vehicle_Leaving_Carriageway,Hit_Object_off_Carriageway,1st_Point_of_Impact,Was_Vehicle_Left_Hand_Drive?,Journey_Purpose_of_Driver,Sex_of_Driver,Age_of_Driver,Age_Band_of_Driver,Engine_Capacity_(CC),Propulsion_Code,Age_of_Vehicle,Driver_IMD_Decile,Driver_Home_Area_Type,Vehicle_IMD_Decile
201611NE05216,1,9,0,18,0,4,0,0,0,0,4,1,6,3,-1,-1,1798,1,14,-1,-1,-1
201611NE05216,2,9,0,9,0,8,0,0,0,0,1,1,2,2,55,8,1198,1,7,2,2,2
201611NE05426,1,9,0,18,0,0,0,0,1,7,1,1,6,1,42,7,1998,1,9,2,1,2
201611NF00106,1,3,0,18,0,2,1,4,0,0,1,1,6,1,40,7,124,1,5,3,1,3
201611NF00106,2,9,0,2,0,1,0,0,0,0,3,1,6,1,-1,-1,1910,2,10,2,1,2
201611NF00356,1,11,0,17,0,2,0,0,0,0,0,1,1,1,59,9,6370,2,8,9,1,9
201611NF00356,2,9,0,16,0,2,0,10,1,0,0,1,6,1,30,6,-1,-1,-1,2,2,2
201611NF01046,1,9,0,18,0,1,0,0,0,0,1,1,6,2,41,7,1086,1,13,4,1,4
201611NF01046,2,9,0,4,0,1,0,0,0,0,2,1,6,1,64,9,1499,2,3,9,1,9
201611NF01586,1,9,0,18,0,8,0,0,7,3,1,1,6,1,26,6,1149,1,11,3,2,3
201611NF01716,1,9,0,1,0,0,0,0,0,0,2,1,6,3,-1,-1,1598,1,14,-1,-1,-1
201611NF04836,1,9,0,17,0,0,1,0,0,0,4,1,1,1,21,5,1149,1,10,9,1,9
201611NF04836,2,9,0,16,0,0,0,0,0,0,1,1,6,2,35,6,1299,1,10,3,1,3
201611NG00376,1,9,0,5,0,1,0,0,0,0,1,1,6,1,51,8,2993,2,11,1,2,1
201611NG00376,2,9,0,8,0,1,0,0,0,0,2,1,6,1,48,8,-1,-1,-1,7,1,7
201611NG00876,1,9,0,18,0,8,0,0,0,1,1,1,6,1,54,8,1798,1,9,9,1,9
201611NG00876,2,9,0,18,0,8,0,0,0,0,4,1,6,1,39,7,1796,1,13,8,3,8
201611NG00896,1,9,0,16,0,0,1,0,8,4,1,1,6,3,-1,-1,2457,1,10,-1,-1,-1
201611NG01136,1,9,0,1,0,1,0,0,0,0,2,1,4,1,31,6,1396,1,1,4,2,4
201611NG01136,2,9,0,18,0,1,0,0,0,0,3,1,6,2,27,6,998,1,3,4,3,4
201611NG01246,1,9,0,18,0,1,0,0,0,0,1,1,6,1,26,6,1686,2,16,3,1,3
201611NG01246,2,9,0,9,0,1,0,0,0,0,3,1,2,1,60,9,1997,2,6,5,2,5
201611NG01276,1,9,0,18,0,1,0,0,0,0,1,1,6,1,29,6,1388,1,12,-1,-1,-1
201611NG01276,2,9,0,18,0,1,0,0,0,0,1,1,6,1,77,11,1150,1,12,2,1,2
201611NG01346,1,9,0,18,0,0,0,0,0,0,4,1,2,1,18,4,1229,1,9,2,3,2
201611NG02056,1,9,0,7,0,1,0,0,0,0,0,1,6,1,-1,-1,2268,2,1,-1,-1,-1
201611NG02056,2,9,0,18,0,1,0,0,0,0,0,1,6,2,53,8,2696,2,11,3,1,3
201611NG02176,1,9,0,18,0,0,0,0,0,0,1,1,2,2,57,9,1329,1,6,5,3,5
201611NG02176,2,9,0,3,0,0,0,0,0,0,2,1,2,2,41,7,1998,1,1,9,1,9
201611NG04146,1,9,0,11,0,8,0,0,0,0,4,1,6,1,26,6,1956,2,7,2,2,2
201611NG04146,2,9,0,18,0,8,0,0,0,0,3,1,6,1,33,6,1364,1,7,4,1,4
201611NG04456,1,9,0,18,0,8,0,0,0,0,4,1,6,1,45,7,1587,1,12,5,1,5
201611NG05026,1,9,0,7,0,1,0,0,0,0,1,1,6,1,31,6,1149,1,6,3,1,3
201611NG05026,2,9,0,8,0,1,0,0,0,0,2,1,2,2,35,6,1598,1,5,3,1,3
201611NG05136,1,9,0,9,0,1,0,0,0,0,0,1,6,1,58,9,2685,2,15,9,1,9
201611NG05136,2,1,0,18,0,1,0,0,0,0,0,1,6,1,29,6,-1,-1,-1,2,2,2
201611NG05616,1,11,0,4,0,1,0,0,0,0,0,1,1,2,41,7,-1,2,16,3,1,3
201611NH00036,1,9,0,18,0,2,1,0,0,0,1,1,6,1,33,6,1388,1,14,2,2,2
201611NH00036,2,19,0,18,0,1,0,0,1,0,1,1,6,1,39,7,2198,2,6,9,1,9
201611NH00586,1,9,0,18,0,1,1,0,0,0,1,1,1,2,30,6,1390,1,4,2,1,2
201611NH00586,2,9,0,18,0,1,0,0,0,11,4,1,2,1,28,6,1796,1,10,1,1,1
201611NH04596,1,21,1,9,0,8,0,0,0,0,2,2,1,1,48,8,-1,-1,-1,-1,-1,-1
201611NH04596,2,9,0,18,0,8,0,0,0,0,1,1,1,1,33,6,1461,2,8,7,1,7
201611NH04596,3,21,0,10,0,1,0,0,0,0,1,1,1,1,30,6,12900,2,8,7,1,7
201611NI00276,1,19,0,5,0,0,0,0,0,0,4,1,6,3,-1,-1,-1,-1,-1,-1,-1,-1
201611NI00276,2,11,0,18,0,0,0,0,0,0,1,1,1,2,24,5,4250,2,3,4,2,4
201611NI00366,1,9,0,18,0,8,1,0,0,0,1,1,2,1,18,4,1199,1,13,8,2,8
201611NI00426,1,9,0,7,0,1,0,0,0,0,1,1,6,2,34,6,899,1,2,10,1,10
201611NI00426,2,9,0,8,0,1,0,0,0,0,2,1,1,1,34,6,1229,1,10,3,3,3
201611NI01556,1,9,0,18,0,1,0,0,0,0,3,1,6,1,32,6,1999,1,5,7,2,7
201611NI02876,1,9,0,18,0,0,0,0,0,0,1,1,1,2,31,6,1686,2,3,4,3,4
201611NI03416,1,9,0,18,0,0,0,0,0,0,1,1,6,2,29,6,1595,1,6,2,2,2
201611NI03466,1,19,0,16,0,0,0,0,0,0,1,1,1,1,51,8,1560,2,2,3,1,3
201611NI03466,2,9,0,17,0,0,0,0,0,0,1,1,6,2,26,6,1597,2,1,3,1,3
201611NI03536,1,19,0,18,0,0,0,0,0,0,4,1,1,1,51,8,-1,-1,-1,4,1,4
201611NI03546,1,9,0,18,0,1,0,0,0,0,1,1,6,2,54,8,1398,1,4,5,1,5
201611NI03546,2,9,0,10,0,1,0,0,0,0,2,1,6,1,32,6,1686,2,13,5,1,5
201611NI04016,1,1,0,18,0,0,0,0,0,0,1,1,6,2,11,3,-1,-1,-1,2,2,2
201611NI04016,2,9,0,18,0,0,0,0,0,0,1,1,6,1,51,8,1995,1,11,7,1,7
201611NI04036,1,9,0,9,0,8,0,0,0,0,1,1,2,2,19,4,1086,1,8,5,1,5
201611NI04036,2,5,0,18,0,8,0,0,0,0,1,1,6,1,49,8,992,1,10,10,1,10
201611NI04426,1,9,0,16,0,2,2,0,1,11,1,1,6,1,18,4,1598,1,14,7,2,7
201611NI04546,1,9,0,7,0,4,0,0,0,0,1,1,6,1,21,5,1124,1,11,6,1,6
201611NI04546,2,1,0,7,0,8,0,0,0,0,1,1,1,1,25,5,-1,-1,-1,4,2,4
201611NI04576,1,9,0,13,0,0,0,0,0,0,4,1,6,3,-1,-1,-1,-1,-1,-1,-1,-1
201611NI04576,2,1,0,18,0,0,0,0,0,0,3,1,6,2,33,6,-1,-1,-1,5,3,5
201611NI04656,1,9,0,18,0,0,0,0,0,0,1,1,6,1,77,11,1598,1,2,2,1,2
201611NI04656,2,9,0,2,0,0,0,0,0,0,2,1,6,1,59,9,1360,1,11,5,1,5
201611NI04656,3,9,0,2,0,0,0,0,0,0,2,1,6,1,33,6,1968,2,6,5,1,5
201611NI04706,1,9,0,17,0,0,5,0,2,10,4,1,6,1,32,6,1398,2,14,6,3,6
201611NI05116,1,9,0,2,0,8,0,0,0,0,1,1,6,2,21,5,1199,1,14,3,1,3
201611NI05336,1,9,0,18,0,1,0,0,0,0,1,1,6,1,29,6,1405,1,11,4,2,4
201611NI05336,2,9,0,3,0,1,0,0,0,0,2,1,6,2,43,7,3628,2,9,5,3,5
201611NI05456,1,9,0,9,0,1,0,0,0,0,4,1,6,3,-1,-1,1968,2,-1,-1,-1,-1
201611NI05456,2,9,0,18,0,1,0,0,0,0,3,1,6,1,39,7,1997,1,12,4,2,4
201611SA00346,1,9,0,16,0,0,1,0,0,0,1,1,6,2,18,4,1124,1,15,4,2,4
201611SA00346,2,9,0,18,0,0,0,0,0,0,1,1,6,1,48,8,1596,1,13,7,3,7
201611SA00486,1,9,0,18,0,4,0,0,0,0,3,1,6,1,67,10,1956,2,6,7,2,7
201611SA00486,2,11,0,18,0,8,0,0,0,0,4,1,1,1,42,7,6700,2,3,3,1,3
201611SA00716,1,98,1,18,0,4,0,0,0,0,2,1,1,3,-1,-1,-1,-1,-1,-1,-1,-1
201611SA00716,2,9,0,18,0,4,0,0,0,0,1,2,6,2,21,5,1461,2,13,2,1,2
201611SA00916,1,19,0,9,0,1,0,0,0,0,1,1,6,1,46,8,1995,2,5,3,1,3
201611SA00976,1,9,0,7,0,1,0,0,0,0,3,1,6,2,17,4,1598,2,1,1,2,1
201611SA00976,2,9,0,18,0,1,0,0,0,0,1,1,6,1,45,7,3200,1,8,5,2,5
201611SA00976,3,9,0,18,0,1,0,0,0,0,1,1,6,2,45,7,1995,2,7,2,1,2
201611SA01106,1,11,0,9,0,5,0,0,0,0,1,1,1,1,44,7,4250,2,8,1,2,1
201611SA02856,1,9,0,9,0,1,0,0,0,0,1,1,6,1,90,11,1390,1,6,10,1,10
201611SA03126,1,10,0,16,0,0,0,0,1,0,1,1,3,1,70,10,2402,2,12,7,2,7
201611SA03126,2,9,0,17,0,0,0,0,0,0,1,1,6,1,52,8,3200,2,13,4,1,4
201611SA04106,1,9,0,6,0,0,0,0,7,0,3,1,6,2,20,4,1197,1,3,1,1,1
201611SA04106,2,9,0,18,0,0,5,0,0,0,1,1,2,1,37,7,1753,2,15,1,3,1
201611SA04246,1,9,0,18,0,1,0,0,0,0,1,1,6,1,23,5,1149,1,12,2,1,2
201611SA04246,2,9,0,3,0,1,0,0,0,0,2,1,6,1,34,6,1753,2,13,1,1,1
201611SA04746,1,9,0,7,0,1,0,0,0,0,1,1,6,2,46,8,2494,2,7,4,3,4
201611SA04896,1,9,0,18,0,0,0,0,0,0,1,1,6,2,18,4,1242,1,5,2,2,2
201611SA04896,2,9,0,4,0,0,0,0,0,0,2,1,6,2,18,4,1198,1,4,6,3,6
201611SA04896,3,9,0,18,0,0,0,0,0,0,1,1,6,1,20,4,998,1,7,6,3,6
201611SB00336,1,9,0,7,0,1,0,0,0,0,1,1,6,1,41,7,2286,1,37,1,1,1
201611SB00336,2,9,0,18,0,1,1,0,1,0,4,1,6,2,59,9,1360,1,8,5,2,5
201611SB01006,1,9,0,18,0,0,2,0,1,4,1,1,6,1,59,9,-1,-1,-1,7,2,7
201611SB03666,1,9,0,18,0,0,1,0,1,0,4,2,6,1,19,4,1360,1,9,5,3,5
201611SB04296,1,9,0,18,0,2,0,0,0,0,1,1,6,2,81,11,998,1,1,4,3,4
201611SB04296,2,9,0,18,0,1,0,4,0,0,1,1,2,2,57,9,1497,1,12,4,3,4
201611SB04296,3,9,0,2,0,1,0,0,0,0,2,1,6,1,28,6,1343,1,16,4,2,4
201611SB04446,1,9,0,9,0,8,0,0,0,0,1,1,6,1,17,4,1497,1,13,5,2,5
201611SB04446,2,2,0,18,0,8,0,0,0,0,1,1,6,1,16,4,-1,-1,-1,1,2,1
201611SB04446,3,9,0,3,0,1,0,0,0,0,1,1,6,1,37,7,1242,1,7,4,1,4
201611SB04496,1,9,0,18,9,1,0,0,1,0,1,1,6,2,40,7,1595,1,16,6,3,6
201611SB04496,2,9,0,3,0,1,0,0,0,0,0,1,6,2,45,7,1956,2,5,8,1,8
201611SB05246,1,9,0,17,0,8,0,0,0,0,4,1,3,2,38,7,2179,2,7,4,3,4
201611SB05696,1,9,0,18,0,0,0,0,7,11,1,1,6,1,22,5,2171,2,14,5,2,5
201611SB05756,1,9,0,18,0,1,2,0,1,11,1,1,6,1,46,8,1896,2,13,2,2,2
201611SC01086,1,9,0,18,0,0,0,0,0,0,0,1,6,3,-1,-1,-1,-1,-1,-1,-1,-1
201611SC01086,2,9,0,18,0,0,0,0,8,11,3,1,3,1,40,7,1124,1,9,6,3,6
201611SC03176,1,19,0,14,0,2,0,7,0,0,1,1,6,1,66,10,1968,2,2,9,1,9
201611SC05506,1,9,0,9,0,8,0,0,0,0,3,1,2,2,31,6,999,1,3,5,3,5
201611SC05506,2,1,0,18,0,8,0,0,0,0,1,1,6,1,31,6,-1,-1,-1,5,3,5
201611SC05526,1,10,0,9,0,8,0,0,0,0,1,1,1,2,61,9,2198,2,8,4,3,4
201611SC05526,2,9,0,18,0,8,0,0,0,0,1,1,6,1,68,10,1242,1,14,10,1,10
201611SJ00026,1,9,0,9,0,8,0,0,0,0,1,1,6,2,79,11,1956,2,1,1,1,1
201611SJ00026,2,9,0,18,0,8,0,0,0,0,1,1,1,2,49,8,1997,2,9,7,1,7
201611SJ00156,1,9,0,18,0,0,0,0,1,2,1,1,6,1,64,9,6276,1,-1,4,1,4
201611SJ00196,1,9,0,18,0,8,0,0,0,0,1,1,6,1,19,4,1968,2,10,6,1,6
201611SJ00196,2,9,0,18,0,8,0,0,0,0,4,1,6,2,19,4,998,1,15,6,1,6
201611SJ00396,1,9,0,18,0,1,0,0,1,0,3,1,6,1,35,6,998,1,9,5,1,5
201611SJ00396,2,9,0,18,0,1,0,0,0,0,1,1,6,1,26,6,1328,1,8,1,1,1
201611SJ00436,1,9,0,18,0,0,0,0,4,6,1,1,2,1,35,6,1560,2,4,7,1,7
201611SJ00436,2,19,0,18,0,0,0,0,1,0,2,1,1,1,49,8,2143,2,5,2,1,2
201611SJ00436,3,9,0,18,0,0,0,0,0,0,1,1,2,1,62,9,1396,2,5,6,1,6
201611SJ00436,4,21,1,18,0,0,0,0,0,0,3,1,1,1,39,7,12740,2,6,3,1,3
201611SJ00446,1,19,0,5,0,8,0,0,0,0,1,1,1,1,48,8,1461,2,6,7,3,7
201611SJ00446,2,9,0,18,0,8,0,0,0,0,4,1,6,2,34,6,1796,1,15,1,1,1
201611SJ00466,1,9,0,5,0,8,0,0,0,0,1,1,6,1,31,6,1596,1,15,6,1,6
201611SJ00466,2,9,0,17,0,8,0,0,0,0,1,1,6,2,24,5,1998,2,10,3,1,3
201611SJ00596,1,9,0,9,0,8,0,0,0,0,1,1,6,1,90,11,1242,1,12,10,1,10
201611SJ00596,2,10,0,5,0,8,0,0,0,0,1,1,1,2,20,4,-1,-1,-1,8,2,8
201611SJ00606,1,9,0,9,0,1,0,0,0,0,1,1,6,3,-1,-1,1956,2,4,-1,-1,-1
201611SJ00606,2,1,0,18,0,1,0,0,0,0,4,1,2,1,22,5,-1,-1,-1,6,1,6
201611SJ00746,1,9,0,7,0,6,0,0,0,0,3,1,6,2,86,11,1124,1,4,7,2,7
201611SJ00746,2,9,0,18,0,1,1,0,0,0,4,1,6,1,45,7,1895,1,18,9,3,9
201611SJ00926,1,98,0,18,0,1,0,0,0,0,4,1,6,3,-1,-1,-1,-1,-1,-1,-1,-1
201611SJ01386,1,19,0,4,0,1,0,0,0,0,1,1,1,1,40,7,-1,-1,-1,5,1,5
201611SJ01386,2,9,0,3,0,1,0,0,0,0,2,1,1,2,48,8,1242,1,8,2,1,2
201611SJ01486,1,9,0,1,0,1,0,4,1,0,2,1,6,1,36,7,1896,2,13,7,3,7
201611SJ01486,2,9,0,18,0,8,0,0,0,0,0,1,1,1,-1,-1,1248,2,3,-1,-1,-1
201611SJ01486,3,9,0,2,0,8,0,0,0,0,3,1,6,1,-1,-1,1910,2,11,-1,-1,-1
201611SJ01486,4,9,0,2,0,8,0,0,0,0,3,1,6,2,-1,-1,1242,1,2,-1,-1,-1
201611SJ01486,5,9,0,2,0,8,0,0,0,0,3,1,6,2,-1,-1,1197,1,2,-1,-1,-1
201611SJ01486,6,9,0,2,0,8,0,0,0,0,3,1,6,1,-1,-1,2995,1,11,-1,-1,-1
201611SJ01486,7,9,0,2,0,8,0,0,0,0,3,1,6,2,-1,-1,1198,1,11,-1,-1,-1
201611SJ01486,8,9,0,2,0,8,0,0,0,0,4,1,6,1,-1,-1,1364,1,1,-1,-1,-1
201611SJ01596,1,9,0,18,0,8,0,0,0,0,1,1,6,1,33,6,4806,1,9,8,3,8
201611SJ01596,2,9,0,9,0,8,1,0,0,0,4,1,6,2,28,6,1197,1,5,4,1,4
201611SJ01626,1,9,0,18,0,3,1,0,1,0,1,1,6,2,20,4,1396,1,12,8,3,8
201611SJ01696,1,9,0,18,0,1,0,0,0,0,1,1,6,2,53,8,1399,2,6,5,1,5
201611SJ01696,2,9,0,18,0,1,0,0,0,0,2,1,1,1,65,9,1598,2,5,2,1,2
201611SJ02136,1,11,0,9,0,8,0,0,0,0,0,1,1,1,26,6,-1,2,16,4,1,4
201611SJ02716,1,9,0,18,0,0,0,0,0,0,3,1,6,1,70,10,1560,2,2,4,1,4
201611SJ02716,2,9,0,18,0,0,0,0,1,0,3,1,6,2,19,4,-1,-1,-1,6,3,6
201611SJ02716,3,9,0,18,0,0,0,0,1,0,1,1,6,2,35,6,1390,1,7,5,1,5
201611SJ02846,1,9,0,18,0,1,0,0,0,0,3,1,2,1,35,6,1998,2,10,3,1,3
201611SJ02846,2,9,0,18,0,1,0,0,0,0,1,1,2,1,21,5,1242,1,6,6,1,6
201611SJ02886,1,9,0,18,0,1,0,0,0,0,3,1,6,3,-1,-1,-1,-1,-1,-1,-1,-1
201611SJ03076,1,9,0,18,0,4,0,0,0,0,3,1,6,2,56,9,1242,1,7,2,1,2
201611SJ03076,2,9,0,18,0,8,0,0,0,0,1,1,6,1,25,5,1368,1,7,1,1,1
201611SJ03096,1,9,0,18,0,2,0,0,0,0,1,1,6,3,-1,-1,1198,1,13,-1,-1,-1
201611SJ03096,2,9,0,3,0,2,0,0,0,0,2,1,6,1,17,4,1995,2,4,8,1,8
201611SJ03206,1,8,0,18,0,0,0,0,0,0,1,1,1,1,60,9,-1,-1,-1,9,1,9
201611SJ03206,2,9,0,2,0,0,0,0,0,0,1,1,6,1,32,6,1198,1,1,3,1,3
201611SJ03226,1,9,0,9,0,1,0,0,0,0,1,1,2,1,18,4,1248,2,10,3,2,3
201611SJ03226,2,9,0,10,0,1,0,0,0,0,2,1,2,2,47,8,1598,2,1,10,2,10
201611SJ03316,1,9,0,18,0,4,0,0,0,0,1,1,6,3,-1,-1,2179,2,8,-1,-1,-1
201611SJ03316,2,9,0,3,0,1,0,0,0,0,2,1,1,2,57,9,1596,1,5,4,2,4
201611SJ03376,1,9,0,18,0,4,0,0,0,0,1,1,6,1,28,6,998,1,5,1,1,1
201611SJ03376,2,8,0,18,0,8,0,0,0,0,4,1,6,1,70,10,-1,-1,-1,8,1,8
201611SJ03436,1,21,0,12,0,0,0,0,0,0,3,1,1,1,33,6,-1,2,12,1,1,1
201611SJ03436,2,9,0,18,0,0,0,6,0,6,1,1,6,1,42,7,1997,2,9,1,1,1
201611SJ03726,1,9,0,18,0,0,0,0,0,0,1,1,6,1,39,7,1986,2,11,2,1,2
201611SJ03726,2,9,0,3,0,0,0,7,0,7,2,1,6,2,45,7,1598,2,3,8,2,8
201611SJ03726,3,9,0,3,0,0,0,0,0,0,2,1,6,1,75,10,1896,2,10,5,2,5
201611SJ03766,1,9,4,18,0,2,0,0,0,0,4,1,1,2,70,10,2402,2,6,1,1,1
201611SJ03796,1,9,0,9,0,1,0,0,0,0,4,1,3,2,52,8,1586,1,2,4,1,4
201611SJ03796,2,9,0,18,0,1,0,0,0,0,1,1,6,1,58,9,1598,2,6,3,1,3
201611SJ03796,3,9,0,10,0,1,0,0,0,0,1,1,2,1,32,6,1149,1,5,2,1,2
201611SJ04026,1,9,4,18,0,1,0,0,0,0,4,1,6,1,59,9,-1,-1,-1,5,1,5
201611SJ04046,1,9,0,7,0,6,0,0,0,0,4,1,1,1,30,6,1986,2,9,2,1,2
201611SJ04046,2,9,0,17,0,8,0,0,0,0,1,1,6,1,70,10,848,1,29,4,1,4
201611SJ04196,1,9,0,18,0,1,0,0,0,0,1,1,6,3,-1,-1,-1,-1,-1,-1,-1,-1
201611SJ04266,1,1,0,18,0,1,0,0,0,0,1,1,4,1,17,4,-1,-1,-1,1,1,1
201611SJ04266,2,8,0,4,0,1,0,0,0,0,2,1,6,2,-1,-1,-1,-1,-1,-1,-1,-1
201611SJ04376,1,9,0,18,0,2,0,0,0,0,1,1,6,1,-1,-1,1796,1,11,7,3,7
201611SJ04396,1,9,0,7,0,6,0,0,0,0,1,1,6,1,-1,-1,1390,1,3,3,1,3
201611SJ04396,2,9,0,18,0,8,0,0,0,0,4,1,6,1,25,5,1199,1,13,1,1,1
201611SJ04406,1,9,0,17,0,0,1,0,0,0,1,1,2,1,55,8,1910,2,10,10,1,10
201611SJ04406,2,9,0,16,0,0,0,0,0,0,1,1,2,2,59,9,1596,1,5,8,3,8
201611SJ04586,1,9,0,16,0,0,0,0,0,0,1,1,1,1,45,7,1798,1,10,6,1,6
201611SJ04586,2,20,0,4,0,0,0,0,0,0,2,1,1,1,56,9,12580,2,10,3,1,3
201611SJ04606,1,9,0,18,0,6,0,0,0,0,4,1,6,2,41,7,999,1,3,10,1,10
201611SJ04606,2,9,0,18,0,8,0,0,0,0,3,1,6,2,35,6,1598,2,1,1,1,1
201611SJ04686,1,9,0,18,0,1,0,4,0,0,1,1,6,1,74,10,1299,1,15,2,1,2
201611SJ04686,2,9,0,2,0,1,0,0,0,0,2,1,6,1,-1,-1,1598,1,7,-1,-1,-1
201611SJ04686,3,9,0,2,0,1,0,0,0,0,1,1,6,1,-1,-1,1496,1,-1,-1,-1,-1
201611SJ04806,1,9,0,9,0,8,0,0,0,0,1,1,6,1,46,8,-1,-1,-1,4,1,4
201611SJ04936,1,9,0,18,0,1,1,0,0,0,1,1,6,1,24,5,1896,2,7,6,1,6
201611SJ04936,2,9,0,3,0,1,0,0,0,0,2,1,6,2,31,6,1749,1,15,2,1,2
201611SJ04936,3,9,0,3,0,1,0,0,0,0,2,1,6,2,36,7,1995,2,11,1,1,1
201611SJ04986,1,11,0,18,2,0,0,0,0,0,0,1,1,1,49,8,4250,2,7,10,1,10
201611SJ05056,1,9,0,17,0,0,0,0,7,0,1,1,6,1,33,6,-1,-1,-1,1,1,1
201611SJ05186,1,9,0,18,0,0,0,0,0,0,1,1,2,2,33,6,998,1,12,5,2,5
201611SJ05186,2,9,0,18,0,0,0,0,0,0,1,1,6,1,76,11,1598,1,8,8,1,8
201611SJ05186,3,9,0,18,0,0,0,0,0,0,3,1,6,1,50,8,1598,1,8,4,3,4
201611SJ05346,1,2,0,18,9,0,0,0,0,0,1,1,6,3,-1,-1,-1,-1,-1,-1,-1,-1
201611SJ05406,1,9,0,18,0,0,0,4,0,0,4,1,6,3,-1,-1,1242,1,7,-1,-1,-1
201611SJ05406,2,9,0,2,0,0,0,0,0,0,3,1,3,2,34,6,1461,2,10,4,1,4
201611SJ05556,1,8,0,18,0,1,0,0,0,0,1,1,1,3,-1,-1,-1,-1,-1,-1,-1,-1
201611SJ05606,1,9,0,5,0,6,0,0,0,0,3,1,6,1,41,7,2926,2,15,1,1,1
201611SJ05606,2,3,0,14,0,8,0,0,0,0,1,1,6,1,26,6,-1,-1,-1,1,1,1
201611SJ05646,1,1,0,18,0,8,0,0,0,0,1,1,6,1,13,3,-1,-1,-1,3,1,3
201611SJ05646,2,9,0,18,0,8,0,0,0,0,4,1,6,1,24,5,1197,1,1,3,1,3
201611SK01066,1,9,0,18,0,0,0,0,0,0,0,1,6,3,-1,-1,-1,-1,-1,-1,-1,-1
201611SK01066,2,9,0,18,0,0,1,0,7,9,1,1,1,2,24,5,1461,2,11,2,2,2
201611SK01826,1,9,0,18,0,1,0,0,0,0,1,1,6,2,26,6,1242,1,2,2,2,2
201611SK02796,1,9,0,18,0,1,0,12,0,0,4,1,6,1,25,5,1896,2,14,3,1,3
201611SK02896,1,1,0,18,0,1,0,0,0,0,1,1,2,1,20,4,-1,-1,-1,-1,-1,-1
201611SK02896,2,19,0,3,0,1,0,0,0,0,4,1,2,1,61,9,1996,2,4,4,1,4
201611SK03276,1,19,0,7,0,1,0,0,0,0,1,1,1,1,32,6,2198,2,3,2,1,2
201611SK03276,2,9,0,8,0,1,0,0,0,0,2,1,6,2,25,5,1998,1,1,7,2,7
201611SK03696,1,9,0,9,0,6,0,0,0,0,1,1,6,1,88,11,1149,1,15,4,1,4
201611SK03696,2,9,0,18,0,1,0,0,0,0,1,1,1,2,43,7,1560,2,3,2,2,2
201611SK04356,1,9,0,18,0,0,0,0,0,0,1,1,6,1,23,5,1299,1,17,4,1,4
201611SK04356,2,9,0,3,0,0,0,0,0,0,2,1,6,1,65,9,1910,2,11,-1,-1,-1
201611SK05016,1,9,0,9,0,6,0,0,0,0,3,1,6,2,49,8,1386,1,4,3,1,3
201611SK05016,2,9,0,18,0,1,0,0,0,0,1,1,6,1,35,6,1868,2,14,8,1,8
201611SK05776,1,9,0,9,0,8,0,0,0,0,1,1,6,1,18,4,1388,1,9,1,1,1
201611SK05776,2,1,0,18,0,8,0,0,0,0,2,1,6,1,67,10,-1,-1,-1,6,1,6
201611SL00696,1,19,0,18,0,0,5,10,7,11,1,1,6,1,54,8,2463,2,10,2,2,2
201611SL00826,1,3,0,18,0,1,0,0,0,0,1,1,6,1,33,6,599,1,29,3,1,3
201611SL00826,2,9,0,9,0,1,0,0,0,0,1,1,6,1,47,8,2231,2,6,2,3,2
201611SL02866,1,9,0,9,0,1,0,0,0,1,4,1,1,1,29,6,-1,-1,-1,7,1,7
201611SL02866,2,9,0,18,0,1,1,0,0,0,1,1,6,1,20,4,1199,1,16,2,2,2
201611SL04386,1,9,0,18,0,0,0,0,1,3,1,1,6,1,72,10,995,1,8,1,1,1
201611T116287,1,9,0,9,0,8,0,0,0,0,4,1,6,2,64,9,1998,2,8,9,2,9
201611T116287,2,9,0,18,0,1,2,0,2,10,3,1,6,1,37,7,1796,1,10,1,1,1
2016120000246,1,9,0,18,0,0,0,0,0,0,4,1,6,1,71,10,1998,8,1,7,3,7
2016120000428,1,9,0,9,0,8,0,0,1,11,3,1,6,1,86,11,1242,1,4,10,1,10
2016120000428,2,9,0,18,0,8,1,0,0,0,1,1,6,1,42,7,-1,-1,-1,6,1,6
2016120000543,1,9,0,18,0,0,0,0,0,0,1,1,6,1,69,10,1498,1,6,10,1,10
2016120000727,1,9,0,18,0,8,0,0,0,0,1,1,2,1,52,8,1289,1,16,2,2,2
2016120000917,1,9,0,18,0,0,0,0,7,0,1,1,6,1,85,11,1242,1,3,5,2,5
2016120000917,2,9,0,2,0,0,0,0,0,0,2,1,6,3,29,6,998,1,8,5,2,5
2016120000917,3,9,0,18,0,0,0,0,0,0,1,1,6,2,27,6,1199,1,17,5,2,5
2016120001040,1,9,0,18,0,6,0,0,1,11,1,1,2,2,60,9,1560,2,5,7,3,7
2016120001044,1,9,0,18,0,8,0,0,0,0,4,1,6,2,41,7,1997,1,13,4,2,4
2016120001044,2,9,0,9,0,6,0,0,0,0,1,1,6,1,55,8,1968,2,1,7,2,7
2016120001364,1,9,0,16,0,0,1,0,8,11,1,1,6,2,56,9,1248,2,12,6,3,6
2016120001432,1,9,0,7,0,8,0,0,0,0,0,1,6,1,19,4,1798,1,4,5,1,5
2016120001432,2,2,0,18,0,8,0,0,0,0,0,1,1,1,18,4,-1,-1,-1,5,1,5
2016120001577,1,9,0,18,0,0,1,11,7,4,4,1,2,1,55,8,1388,1,8,9,1,9
2016120001665,1,21,1,18,0,0,0,0,1,10,1,1,1,1,69,10,12902,2,1,7,3,7
2016120001698,1,9,0,18,0,0,1,0,1,0,1,1,2,2,22,5,2993,2,2,6,3,6
2016120001903,1,21,0,18,0,0,0,0,1,7,1,1,1,1,31,6,12740,2,3,8,1,8