Accident_Index,Vehicle_Reference,Vehicle_Type,Towing_and_Articulation,Vehicle_Manoeuvre,Vehicle_Location-Restricted_Lane,Junction_Location,Skidding_and_Overturning,Hit_Object_in_Carriageway,Vehicle_Leaving_Carriageway,Hit_Object_off_Carriageway,1st_Point_of_Impact,Was_Vehicle_Left_Hand_Drive?,Journey_Purpose_of_Driver,Sex_of_Driver,Age_of_Driver,Age_Band_of_Driver,Engine_Capacity_(CC),Propulsion_Code,Age_of_Vehicle,Driver_IMD_Decile,Driver_Home_Area_Type,Vehicle_IMD_Decile
2016120001972,1,1,0,18,0,1,0,0,0,0,1,1,2,2,32,6,-1,-1,-1,2,1,2
2016120001972,2,9,0,7,0,6,0,0,0,0,1,1,6,2,35,6,1461,2,2,10,1,10
2016120001980,1,19,0,18,0,0,0,0,0,0,1,1,6,2,28,6,1598,2,5,9,1,9
2016120001980,2,21,1,4,0,0,0,0,0,0,2,1,1,1,37,7,12777,2,5,6,1,6
2016120002048,1,9,0,18,0,1,0,0,0,0,1,1,6,2,43,7,-1,-1,-1,-1,-1,-1
2016120002048,2,9,0,18,0,1,0,0,0,0,2,1,2,1,47,8,-1,-1,-1,4,1,4
2016120002048,3,9,0,18,0,1,0,0,0,0,2,1,2,2,59,9,1149,1,18,4,1,4
2016120002048,4,9,0,18,0,1,0,0,0,0,2,1,2,1,33,6,1896,2,13,4,1,4
2016120002223,1,9,0,18,0,0,0,0,7,3,1,1,6,1,18,4,1364,1,6,8,3,8
2016120002282,1,9,0,18,0,0,0,0,0,0,1,1,2,1,59,9,998,1,2,9,2,9
2016120002282,2,19,0,4,0,0,0,0,0,0,2,1,2,1,54,8,1598,2,2,3,1,3
2016120002282,3,9,0,4,0,0,0,0,0,0,0,1,2,2,22,5,998,1,3,9,3,9
2016120002346,1,9,0,18,0,0,0,0,7,0,1,1,6,1,24,5,998,1,16,10,1,10
2016120002621,1,9,0,9,0,3,0,0,0,0,4,1,1,2,-1,-1,-1,-1,-1,6,1,6
2016120003071,1,9,0,1,9,1,0,0,0,0,2,1,1,1,32,6,1240,1,9,1,1,1
2016120003093,1,9,0,18,0,0,0,0,0,0,4,1,6,1,87,11,1242,1,1,9,1,9
2016120003223,1,9,0,18,0,0,1,0,1,0,4,1,6,2,19,4,996,1,6,7,2,7
2016120003223,2,9,0,18,0,0,0,0,0,0,1,1,6,2,71,10,1499,2,3,9,3,9
2016120003420,1,9,0,17,0,1,0,0,0,0,0,1,6,3,-1,-1,-1,-1,-1,-1,-1,-1
2016120003420,2,9,0,16,0,1,5,0,1,9,4,1,6,1,17,4,1388,1,12,9,1,9
2016120003581,1,9,0,18,0,0,0,0,0,0,0,1,6,3,-1,-1,-1,-1,-1,-1,-1,-1
2016120003581,2,9,0,18,0,0,1,0,1,4,1,1,2,2,22,5,1390,1,4,6,3,6
2016120003581,3,9,0,18,0,0,1,0,0,0,1,1,2,1,25,5,1598,1,11,6,3,6
2016120003681,1,9,0,18,0,5,0,10,1,10,1,1,6,2,80,11,1360,1,6,10,3,10
2016120003829,1,9,0,15,0,0,0,0,0,0,4,1,6,2,55,8,1368,1,7,9,3,9
2016120003829,2,9,0,18,0,0,0,0,1,9,4,1,6,2,72,10,1995,2,5,9,3,9
2016120003829,3,17,0,2,0,0,0,0,0,0,3,1,1,1,64,9,-1,-1,-1,8,1,8
2016120003837,1,9,0,9,0,1,0,0,0,0,3,1,6,1,22,5,1956,2,3,2,1,2
2016120003837,2,9,0,18,0,1,0,0,0,0,1,1,2,1,37,7,1598,1,11,3,1,3
2016120003943,1,9,0,18,0,1,0,10,1,2,2,1,6,2,17,4,1124,1,10,5,3,5
2016120004061,1,9,0,18,0,8,0,0,0,0,1,1,2,1,22,5,1968,2,8,6,1,6
2016120004061,2,9,0,9,0,8,0,0,0,0,1,1,2,2,26,6,-1,-1,-1,7,1,7
2016120004139,1,9,0,9,0,5,0,0,0,0,4,1,6,2,52,8,1388,1,7,5,1,5
2016120004139,2,1,0,18,0,1,0,0,0,0,1,1,6,1,26,6,-1,-1,-1,9,1,9
2016120004197,1,9,0,4,0,4,0,0,0,0,2,1,6,2,35,6,1560,2,9,6,2,6
2016120004197,2,9,0,18,0,4,0,0,0,0,1,1,6,2,45,7,2179,2,2,9,3,9
2016120004338,1,1,0,9,0,8,0,0,0,0,4,1,1,1,15,3,-1,-1,-1,7,1,7
2016120004338,2,9,0,9,0,8,0,0,0,0,4,1,6,2,65,9,1339,1,9,10,1,10
2016120004563,1,9,0,9,0,6,0,0,0,0,3,1,1,1,27,6,-1,-1,-1,1,1,1
2016120004563,2,1,0,18,0,8,0,0,0,0,1,1,2,1,56,9,-1,-1,-1,6,1,6
2016120004819,1,9,0,5,0,0,0,0,0,0,3,1,1,1,60,9,1248,2,2,2,1,2
2016120004925,1,9,0,18,0,0,0,0,1,10,4,1,6,2,29,6,1598,1,13,1,1,1
2016120004985,1,9,0,9,0,1,1,10,7,11,1,1,6,1,29,6,1596,1,17,10,1,10
2016120004985,2,9,0,18,0,1,0,0,0,0,2,1,6,2,60,9,1995,2,4,9,2,9
2016120005343,1,9,0,18,0,0,0,0,0,0,1,1,2,2,60,9,1248,2,7,10,3,10
2016120005343,2,1,0,18,0,0,0,0,0,0,2,1,6,1,36,7,-1,-1,-1,10,2,10
2016120005615,1,9,0,18,0,0,5,7,2,7,1,1,6,1,32,6,1998,1,15,8,2,8
2016120005615,2,9,0,18,0,0,0,0,0,0,2,1,6,1,21,5,1998,1,12,7,2,7
2016120005731,1,9,0,17,0,0,1,0,7,9,1,1,2,2,46,8,1149,1,9,7,1,7
2016120005741,1,9,0,18,0,1,0,0,0,0,1,1,1,1,33,6,1997,2,13,8,1,8
2016120005741,2,1,0,9,0,1,0,0,0,0,3,1,1,1,25,5,-1,-1,-1,6,1,6
2016120005847,1,9,0,3,0,4,0,0,0,0,1,1,6,1,33,6,999,1,1,1,1,1
2016120005847,2,21,1,18,0,1,0,0,0,0,2,2,2,1,43,7,-1,-1,-1,-1,-1,-1
2016120006059,1,9,0,16,0,0,1,0,0,0,1,1,6,2,20,4,2495,2,13,8,3,8
2016120006059,2,9,0,3,0,0,0,0,0,0,2,1,6,2,24,5,1389,1,15,8,2,8
2016120006075,1,9,0,18,0,1,0,0,0,0,1,1,6,1,45,7,1560,2,6,5,1,5
2016120006075,2,9,0,18,0,3,0,0,0,0,3,1,6,2,33,6,1796,1,10,4,1,4
2016120006081,1,9,0,18,0,4,0,0,0,0,1,1,6,1,24,5,2993,2,7,7,1,7
2016120006081,2,9,0,18,0,8,0,0,7,0,4,1,2,2,46,8,1229,1,3,10,1,10
2016120006139,1,21,0,18,0,0,1,0,0,0,1,1,1,1,44,7,5880,2,10,2,1,2
2016120006139,2,21,0,4,7,0,0,0,1,10,2,1,1,1,29,6,6871,2,9,8,3,8
2016120006139,3,9,0,2,6,0,0,0,0,0,0,1,2,1,26,6,1248,1,5,8,1,8
2016120006240,1,9,0,18,0,1,0,0,2,10,1,1,6,1,21,5,1199,1,12,10,1,10
2016120006240,2,9,0,2,0,1,0,0,0,0,2,1,6,3,-1,-1,1686,2,11,10,1,10
2016120006305,1,9,0,13,0,0,0,0,0,0,1,1,2,1,52,8,1560,2,5,7,3,7
2016120006305,2,9,0,18,0,0,0,0,1,0,1,1,2,1,57,9,2979,1,3,7,3,7
2016120006305,3,21,1,18,0,0,0,0,0,0,0,1,1,1,36,7,-1,-1,-1,3,1,3
2016120006329,1,9,0,18,0,1,1,0,0,0,1,1,1,1,61,9,-1,-1,-1,-1,-1,-1
2016120006329,2,9,0,3,0,1,0,0,0,0,2,1,1,1,63,9,2143,2,2,9,2,9
2016120006417,1,9,0,1,0,1,0,0,0,0,2,1,6,1,83,11,1398,1,2,10,2,10
2016120006418,1,9,0,7,0,6,0,0,0,0,2,1,1,2,25,5,1242,1,3,7,3,7
2016120006418,2,9,0,17,0,1,0,0,0,0,1,1,6,1,31,6,1598,1,9,9,2,9
2016120006462,1,9,0,9,0,6,0,0,0,0,0,1,6,2,50,8,1685,2,1,6,3,6
2016120006462,2,1,0,18,0,8,0,0,0,0,1,1,6,1,67,10,-1,-1,-1,8,2,8
2016120006481,1,9,0,9,0,8,0,0,0,0,1,1,6,1,64,9,1197,1,1,7,3,7
2016120006481,2,9,0,18,0,8,0,0,0,0,1,1,6,1,23,5,1798,1,13,6,3,6
2016120006610,1,9,0,18,0,0,0,0,7,10,1,1,6,1,45,7,-1,-1,-1,8,3,8
2016120006651,1,9,0,16,0,0,0,0,0,0,1,1,1,2,50,8,1896,2,19,5,3,5
2016120006651,2,9,0,17,0,0,0,0,1,9,1,1,6,1,24,5,-1,-1,-1,6,2,6
2016120006659,1,9,0,9,0,5,0,7,7,1,1,1,6,1,76,11,1198,1,12,8,1,8
2016120006659,2,9,0,18,0,8,0,0,0,0,0,1,6,2,51,8,1364,1,10,7,3,7
2016120006662,1,9,0,14,0,2,0,0,0,0,4,1,6,1,68,10,1968,2,5,7,2,7
2016120006980,1,9,0,18,0,0,0,0,0,0,1,1,6,1,31,6,1796,1,12,7,3,7
2016120006980,2,9,0,18,0,0,0,0,0,0,1,1,1,1,23,5,1986,2,11,5,3,5
2016120007076,1,8,0,18,0,0,0,0,0,0,1,1,1,1,29,6,-1,-1,-1,6,2,6
2016120007076,2,21,0,2,0,0,0,0,0,0,2,1,1,1,29,6,-1,-1,-1,2,1,2
2016120007172,1,9,0,17,0,0,5,0,2,10,1,1,6,3,30,6,1242,1,4,4,1,4
2016120007177,1,9,0,13,0,0,0,0,7,9,1,1,6,1,32,6,1896,2,16,6,2,6
2016120007177,2,9,0,18,0,0,0,0,0,0,1,1,6,1,59,9,1997,2,9,9,2,9
2016120007177,3,3,0,18,0,0,0,0,1,0,0,1,6,1,33,6,124,1,21,6,2,6
2016120007183,1,9,0,17,0,1,0,0,0,0,3,1,6,1,72,10,1560,2,5,9,1,9
2016120007245,1,9,0,7,0,8,0,0,0,0,3,1,1,1,52,8,-1,-1,-1,6,3,6
2016120007245,2,1,0,11,0,8,0,0,0,0,4,1,6,1,45,7,-1,-1,-1,3,1,3
2016120007250,1,9,0,18,0,0,0,0,0,0,1,1,6,2,55,8,1242,1,10,8,2,8
2016120007265,1,9,0,18,0,2,0,0,0,0,1,1,6,3,17,4,1198,1,3,7,3,7
2016120007265,2,9,0,18,0,1,0,0,0,0,1,1,1,3,36,7,1968,2,6,4,1,4
2016120007502,1,9,0,5,0,4,0,0,1,4,1,1,2,1,40,7,1968,2,5,9,3,9
2016120007502,2,9,0,18,0,8,0,0,0,0,4,1,3,1,18,4,1560,2,2,9,3,9
2016120007520,1,9,0,4,0,1,0,0,0,0,1,1,6,1,27,6,-1,-1,-1,9,2,9
2016120007520,2,9,0,3,0,1,0,0,0,0,2,1,6,1,37,7,1386,1,5,1,1,1
2016120007520,3,9,0,3,0,1,0,0,0,0,2,1,2,1,28,6,1968,2,8,8,1,8
2016120007520,4,19,0,3,0,1,0,0,0,0,2,1,2,1,29,6,-1,-1,-1,7,1,7
2016120007540,1,9,0,9,0,8,0,0,0,0,1,1,2,1,19,4,998,1,12,10,1,10
2016120007548,1,9,0,9,0,1,0,0,0,0,1,1,6,1,23,5,998,1,6,-1,1,-1
2016120007548,2,9,0,17,0,1,0,0,0,0,3,1,6,1,52,8,1242,1,1,5,3,5
2016120007580,1,9,0,7,0,6,0,0,0,0,4,1,6,3,-1,-1,-1,-1,-1,-1,-1,-1
2016120007739,1,9,0,7,0,2,0,0,7,0,1,1,6,1,-1,-1,1997,2,17,-1,-1,-1
2016120007795,1,20,0,18,0,0,2,10,7,0,3,1,1,1,40,7,2998,2,3,7,1,7
2016120007819,1,9,0,4,0,6,1,0,0,0,1,1,6,1,57,9,-1,-1,-1,4,3,4
2016120007819,2,9,0,18,0,8,0,0,0,0,1,1,6,2,45,7,998,1,14,8,3,8
2016120008037,1,9,0,18,0,0,2,0,1,10,1,1,6,1,64,9,1461,2,10,8,3,8
2016120008061,1,9,0,17,0,0,1,0,1,10,1,1,6,2,36,7,1299,1,11,7,2,7
2016120008062,1,9,0,17,0,0,1,0,1,10,1,1,6,2,25,5,1296,1,8,9,3,9
2016120008130,1,21,0,18,0,0,0,0,0,6,1,1,1,1,47,8,-1,-1,-1,6,2,6
2016120008130,2,21,0,2,6,0,0,0,0,0,2,1,6,1,69,10,10837,2,1,10,2,10
2016120008148,1,9,0,9,0,4,0,0,0,0,1,1,2,2,45,7,999,1,2,8,1,8
2016120008148,2,1,0,18,0,1,0,0,0,0,4,1,2,1,42,7,-1,-1,-1,10,1,10
2016120008269,1,21,0,18,0,1,0,0,0,0,3,1,1,1,50,8,-1,-1,-1,8,1,8
2016120008527,1,5,0,17,0,0,1,0,1,1,1,1,2,1,24,5,999,1,6,10,1,10
2016120008574,1,17,4,9,0,6,0,0,0,0,3,1,1,1,39,7,6728,2,4,8,1,8
2016120008574,2,9,0,18,0,1,1,0,0,0,1,1,2,1,58,9,1910,2,11,6,1,6
2016120008582,1,9,4,18,0,0,0,0,0,0,0,1,1,1,37,7,1896,2,12,7,3,7
2016120008582,2,11,0,5,0,0,0,0,0,0,0,1,1,1,-1,-1,-1,-1,-1,-1,-1,-1
2016120008616,1,9,0,18,0,8,0,0,7,0,1,1,1,2,29,6,1360,1,8,8,1,8
2016120008616,2,9,0,9,0,6,0,0,0,0,1,1,6,1,31,6,1995,2,4,10,1,10
2016120008774,1,9,0,16,0,0,0,0,7,11,1,1,6,2,18,4,1242,1,9,10,1,10
2016120008983,1,8,0,3,0,1,0,0,0,0,2,1,1,1,57,9,1999,1,10,10,1,10
2016120008983,2,9,0,18,0,1,0,0,0,0,1,1,6,1,25,5,1798,1,11,3,1,3
2016120009261,1,9,0,18,0,0,0,0,0,0,1,1,6,3,-1,-1,-1,-1,-1,-1,-1,-1
2016120009261,2,1,0,18,0,0,0,0,1,0,2,1,6,1,30,6,-1,-1,-1,9,1,9
2016120009448,1,9,0,18,0,0,0,0,0,0,1,1,6,2,22,5,1242,1,6,9,2,9
2016120009448,2,11,0,4,0,0,0,0,0,0,2,1,1,1,53,8,12000,2,14,1,1,1
2016120009560,1,9,0,18,0,8,0,0,0,0,1,1,6,3,-1,-1,-1,-1,-1,-1,-1,-1
2016120009560,2,1,0,16,0,1,0,0,0,0,2,1,6,1,32,6,-1,-1,-1,3,1,3
2016120009590,1,9,0,18,0,0,1,0,0,0,1,1,6,1,79,11,1329,1,1,6,1,6
2016120009590,2,9,0,3,0,0,0,0,0,0,1,1,6,1,57,9,2495,2,14,7,3,7
2016120009914,1,11,0,7,0,4,0,0,0,0,1,1,1,1,50,8,4250,2,2,8,3,8
2016120009914,2,1,0,18,0,4,0,0,0,0,2,1,6,2,47,8,-1,-1,-1,9,1,9
2016120010007,1,9,0,16,0,0,1,0,0,0,3,1,6,1,36,7,3199,1,16,4,1,4
2016120010007,2,9,0,18,0,0,0,0,0,0,1,1,1,1,33,6,2982,2,1,-1,-1,-1
2016120010011,1,90,0,18,0,8,0,0,0,0,1,1,1,1,39,7,2987,2,6,8,1,8
2016120010265,1,1,0,9,0,8,0,0,0,0,1,1,2,1,22,5,-1,-1,-1,6,2,6
2016120010265,2,19,0,5,0,4,0,0,0,0,2,1,6,1,32,6,1753,2,3,2,1,2
2016120010291,1,9,0,13,0,0,0,0,7,0,1,1,2,1,19,4,1988,1,12,-1,-1,-1
2016120010291,2,9,0,18,0,0,0,0,0,0,0,1,2,1,45,7,1970,1,9,10,3,10
2016120010291,3,9,0,18,0,0,0,0,0,0,0,1,2,1,34,6,1998,1,1,2,1,2
2016120010291,4,9,0,18,0,0,0,0,0,0,0,1,6,3,-1,-1,-1,-1,-1,-1,-1,-1
2016120010329,1,9,0,3,0,0,0,0,0,0,1,1,6,1,18,4,1400,1,11,9,1,9
2016120010329,2,9,0,3,0,0,0,0,0,0,2,1,6,2,42,7,1796,2,3,9,1,9
2016120010338,1,9,0,18,0,0,2,0,7,4,1,1,6,2,28,6,1900,2,17,6,3,6
2016120010593,1,9,0,9,0,1,0,0,0,0,0,1,6,3,-1,-1,-1,-1,-1,-1,-1,-1
2016120010593,2,11,0,18,0,1,0,0,0,0,0,1,1,1,58,9,-1,-1,-1,9,1,9
2016120010657,1,9,0,5,0,1,0,0,0,0,1,1,6,1,73,10,1197,1,3,3,1,3
2016120010819,1,19,0,9,0,1,0,0,7,9,1,1,6,1,49,8,-1,-1,-1,8,1,8
2016120010819,2,8,0,18,0,1,0,0,0,0,1,1,1,1,44,7,1995,2,6,7,1,7
2016120010832,1,9,0,18,0,4,0,0,0,0,0,1,6,2,55,8,-1,-1,-1,10,1,10
2016120010832,2,9,0,18,0,8,0,0,0,0,0,1,6,2,55,8,-1,-1,-1,10,1,10
2016120010866,1,9,0,4,0,0,0,0,0,0,2,1,6,1,25,5,1995,2,3,-1,-1,-1
2016120010866,2,19,0,4,0,0,0,0,0,0,1,1,1,3,39,7,2500,2,8,-1,-1,-1
2016120011072,1,9,0,18,0,8,0,0,0,0,1,1,2,1,46,8,1956,2,7,8,2,8
2016120011072,2,9,0,10,0,8,0,0,0,0,2,1,2,1,46,8,1098,1,-1,8,2,8
2016120011072,3,9,0,18,0,8,0,0,0,0,1,1,2,2,29,6,-1,-1,-1,9,3,9
2016120011174,1,8,0,9,0,6,0,0,0,0,3,1,1,1,41,7,1968,2,6,2,1,2
2016120011238,1,19,0,9,0,1,0,0,0,0,1,1,1,1,31,6,2198,2,1,3,1,3
2016120011238,2,9,0,18,0,1,0,0,0,0,1,2,1,1,35,6,1560,2,2,10,2,10
2016120011287,1,1,0,18,0,0,1,0,0,0,0,1,6,2,36,7,-1,-1,-1,-1,-1,-1
2016120011391,1,9,0,9,0,6,0,0,0,0,4,1,6,1,67,10,1956,2,5,9,1,9
2016120011391,2,1,0,7,0,1,0,0,0,0,3,1,6,1,59,9,-1,-1,-1,7,1,7
2016120011558,1,1,0,4,0,1,0,0,0,0,3,1,6,1,22,5,-1,-1,-1,7,1,7
2016120011558,2,9,0,18,0,1,0,0,0,0,4,1,6,3,-1,-1,-1,-1,-1,-1,-1,-1
2016120011920,1,9,0,17,0,0,5,0,1,4,1,1,6,1,84,11,1998,1,-1,9,2,9
2016120011978,1,9,0,9,0,1,0,0,7,11,2,1,6,1,64,9,1896,2,8,10,1,10
2016120011978,2,9,0,18,0,1,0,0,0,0,1,1,1,1,45,7,2993,2,1,10,1,10
2016120012025,1,20,4,16,0,0,4,0,1,11,1,1,1,1,45,7,-1,-1,-1,9,1,9
2016120012025,2,9,0,17,0,0,0,0,0,0,3,1,1,1,33,6,-1,-1,-1,10,1,10
2016120012060,1,9,0,18,0,1,0,0,0,0,4,1,6,1,30,6,-1,-1,-1,-1,-1,-1
2016120012268,1,9,0,17,0,0,0,0,0,0,1,1,2,1,51,8,-1,-1,-1,-1,-1,-1
2016120012268,2,9,0,16,0,0,0,0,0,0,1,1,2,1,25,5,998,1,10,7,3,7
2016120012311,1,19,0,7,0,5,0,0,0,0,4,1,1,1,51,8,2299,2,3,4,1,4
2016120012467,1,9,0,9,0,8,0,0,0,0,1,1,6,2,82,11,1396,1,15,6,1,6
2016120012467,2,9,0,18,0,8,0,0,3,0,1,1,1,2,35,6,1796,1,6,10,1,10
2016120012535,1,9,0,18,0,1,0,0,0,0,1,1,6,1,51,8,1461,2,1,8,3,8
2016120012535,2,9,0,10,0,1,0,0,0,0,2,1,6,1,30,6,1329,1,4,3,1,3
2016120012608,1,3,0,9,0,6,0,0,0,0,1,1,2,1,21,5,124,1,2,5,1,5
2016120012608,2,9,0,17,0,1,0,0,0,0,1,1,2,2,47,8,1398,2,9,7,2,7
2016120012608,3,9,0,16,0,1,0,0,0,0,3,1,2,2,48,8,1199,1,14,2,1,2
2016120012625,1,5,0,13,0,0,0,0,0,0,4,1,2,1,50,8,553,1,23,6,3,6
2016120012625,2,9,0,18,0,0,0,0,0,0,3,1,6,1,61,9,1910,2,9,6,2,6
2016120012693,1,9,0,18,0,1,2,0,6,6,4,1,6,1,23,5,1124,1,14,5,1,5
2016120012693,2,9,0,18,0,1,0,11,0,0,1,1,6,2,20,4,1199,2,3,5,1,5
2016120012693,3,9,0,7,0,6,0,0,0,0,0,1,6,3,-1,-1,-1,-1,-1,-1,-1,-1
2016120012975,1,5,0,18,0,0,0,0,1,9,1,1,2,1,27,6,649,1,19,4,1,4
2016120013183,1,19,0,18,0,0,0,0,7,10,1,1,1,1,44,7,2198,2,3,8,1,8
2016120013630,1,9,0,3,0,0,0,0,0,0,2,1,6,1,44,7,2544,1,16,8,2,8
2016120013630,2,19,0,4,0,0,0,0,0,0,1,1,6,1,-1,-1,-1,-1,-1,8,2,8
2016120013734,1,1,0,18,0,0,0,11,0,0,1,1,6,1,52,8,-1,-1,-1,4,2,4
2016120013812,1,9,0,9,0,8,0,0,0,0,1,1,2,2,55,8,1390,1,8,10,1,10
2016120013812,2,1,0,18,0,8,0,0,0,0,4,1,2,1,44,7,-1,-1,-1,7,1,7
2016120013844,1,9,0,16,0,3,0,0,0,7,1,1,6,1,31,6,2830,2,22,6,3,6
2016120013891,1,9,0,13,0,4,0,0,0,0,4,1,6,1,40,7,2402,2,7,-1,-1,-1
2016120013891,2,9,0,4,0,4,0,0,0,0,3,1,6,1,47,8,-1,-1,-1,9,3,9
2016120013909,1,2,0,4,0,1,1,0,0,0,0,1,6,1,43,7,124,1,12,8,1,8
2016120013945,1,9,0,1,0,1,0,0,0,0,2,1,6,2,36,7,2401,2,11,1,1,1
2016120013945,2,19,0,17,0,1,0,0,0,0,1,1,6,1,28,6,1870,2,15,5,1,5
2016120014032,1,9,0,13,0,0,0,0,0,0,4,1,2,2,24,5,1360,1,14,2,1,2
2016120014032,2,21,1,18,0,0,0,0,0,0,3,1,1,1,50,8,10677,2,2,8,1,8
2016120014032,3,21,1,18,0,0,0,0,0,0,0,1,1,3,-1,-1,-1,-1,-1,-1,-1,-1
2016120014033,1,9,0,5,0,0,0,0,0,0,1,1,2,2,34,6,1995,2,9,7,2,7
2016120014033,2,5,0,5,0,0,0,0,0,0,2,1,2,1,39,7,782,1,8,9,2,9
2016120014200,1,1,0,17,0,1,1,0,0,0,0,1,6,1,69,10,-1,-1,-1,6,3,6
2016120014301,1,1,0,14,0,0,0,0,0,0,3,1,6,1,47,8,-1,-1,-1,-1,-1,-1
2016120014301,2,9,0,14,0,0,0,0,0,0,4,1,6,1,30,6,1242,1,15,2,1,2
2016120014385,1,9,0,10,0,8,0,0,0,0,1,1,6,2,31,6,1149,1,9,-1,-1,-1
2016120014385,2,3,0,13,0,1,0,0,0,0,1,1,6,1,42,7,125,1,5,6,1,6
2016120014407,1,9,0,18,0,0,1,0,1,10,1,1,2,2,27,6,1461,2,1,8,2,8
2016120014462,1,9,0,18,0,0,0,0,0,0,1,1,2,1,24,5,1995,2,3,9,1,9
2016120014462,2,9,0,18,0,0,0,0,0,0,2,1,6,2,45,7,1598,1,10,6,1,6
2016120014656,1,9,0,18,0,0,0,0,0,0,1,1,2,2,56,9,1968,2,8,10,1,10
2016120014656,2,9,0,4,0,0,0,0,0,0,2,1,2,2,44,7,1995,2,1,6,3,6
2016120014923,1,9,0,5,0,4,0,0,0,0,1,1,6,1,40,7,-1,-1,-1,9,3,9
2016120014923,2,1,0,5,0,4,0,0,0,0,0,1,6,1,39,7,-1,-1,-1,7,1,7
2016120015280,1,9,0,3,0,2,0,0,0,0,4,1,3,1,46,8,2179,2,7,10,1,10
2016120015280,2,1,0,18,0,1,0,0,0,0,1,1,6,1,24,5,-1,-1,-1,4,1,4
2016120015280,3,1,0,18,0,1,0,0,0,0,1,1,4,2,12,3,-1,-1,-1,7,1,7
2016120015315,1,19,0,18,0,1,0,0,0,0,1,1,1,1,53,8,1968,2,1,-1,2,-1
2016120015325,1,9,0,18,0,1,0,0,0,0,1,1,6,2,-1,-1,-1,-1,-1,-1,-1,-1
2016120015325,2,1,0,3,0,1,0,0,0,0,2,1,6,2,18,4,-1,-1,-1,9,1,9
2016120015403,1,9,0,9,0,6,0,0,0,0,3,1,1,2,28,6,1968,2,2,9,3,9
2016120015403,2,21,0,18,0,1,0,0,0,0,1,1,1,1,45,7,9365,2,8,6,3,6
2016120015416,1,9,0,18,0,0,1,0,5,6,1,1,6,2,20,4,1149,1,10,9,1,9
2016120015533,1,9,0,18,0,0,0,0,1,11,1,1,6,2,58,9,2993,2,4,5,1,5
2016120015648,1,9,0,9,0,6,0,0,0,0,1,1,6,1,-1,-1,-1,-1,-1,-1,-1,-1
2016120015782,1,19,0,6,0,0,0,0,0,0,3,1,1,1,53,8,2402,2,10,2,1,2
2016120015782,2,9,0,13,0,0,0,0,0,0,4,1,6,1,35,6,1995,2,5,5,1,5
2016120015782,3,11,0,2,0,0,0,0,0,0,0,1,1,3,-1,-1,4760,2,5,-1,-1,-1
2016120015952,1,9,0,5,0,4,0,0,0,0,3,1,6,1,18,4,998,1,1,2,1,2
2016120015952,2,9,0,18,0,8,0,0,0,0,1,1,2,2,48,8,1995,1,8,6,3,6
2016120015970,1,19,0,16,0,0,0,0,0,0,0,1,1,1,41,7,1996,2,5,9,1,9
2016120015970,2,9,0,17,0,0,1,0,1,4,1,1,6,2,27,6,1343,1,12,1,1,1
2016120016013,1,9,0,18,0,3,0,0,0,0,3,1,6,1,67,10,1390,1,5,6,3,6
2016120016013,2,21,0,18,0,4,0,0,0,0,1,1,1,1,59,9,-1,-1,-1,7,3,7
2016120016023,1,21,0,7,0,3,0,0,0,0,0,1,1,1,68,10,4461,2,5,6,1,6
2016120016169,1,9,0,18,0,1,0,0,0,0,1,1,6,2,64,9,1997,1,5,1,1,1
2016120016169,2,8,0,3,0,1,0,0,0,0,2,1,1,1,25,5,-1,-1,-1,10,1,10
2016120016169,3,9,0,3,0,1,0,0,0,0,2,1,1,1,64,9,1149,1,8,9,2,9
2016120016193,1,9,0,5,0,6,0,0,0,0,0,1,6,2,25,5,1149,1,12,5,1,5
2016120016193,2,1,0,17,0,8,0,0,0,0,3,1,1,1,14,3,-1,-1,-1,6,1,6
2016120016440,1,9,0,17,0,0,0,0,1,2,1,1,6,1,24,5,1910,2,9,4,1,4
2016120016468,1,9,0,18,0,0,1,0,1,2,1,1,6,2,24,5,1587,1,10,3,1,3
2016120016697,1,1,0,18,4,0,0,0,0,0,1,1,1,2,37,7,-1,-1,-1,-1,-1,-1
2016120016697,2,9,0,12,0,0,0,0,0,0,1,1,6,1,-1,-1,-1,-1,-1,-1,-1,-1
2016120016715,1,20,0,18,0,0,5,0,0,7,2,1,1,1,65,9,2488,2,1,6,1,6
2016120016715,2,19,0,18,0,0,0,0,1,9,1,1,1,1,65,9,2402,2,5,8,3,8
2016120016772,1,9,0,16,0,0,0,0,0,0,1,1,6,1,21,5,-1,-1,-1,9,1,9
2016120016772,2,9,0,18,0,0,0,0,1,0,1,1,2,1,23,5,1968,2,5,9,1,9
2016120016835,1,19,0,18,0,0,0,0,0,0,1,1,1,1,54,8,2198,2,4,6,1,6
2016120016835,2,20,0,18,0,0,0,0,0,0,2,1,1,1,54,8,3920,2,10,1,1,1
2016120016888,1,21,1,18,0,0,0,0,0,0,1,1,1,1,54,8,12777,2,5,-1,2,-1
2016120016888,2,21,0,18,0,0,0,0,0,0,2,1,1,1,46,8,6174,2,11,2,1,2
2016120016888,3,21,1,18,0,0,0,0,0,0,2,1,1,1,40,7,12777,2,6,-1,2,-1
2016120016888,4,5,0,13,0,0,0,0,6,0,3,1,6,1,49,8,1441,1,2,-1,1,-1