Accident_Index,Vehicle_Reference,Vehicle_Type,Towing_and_Articulation,Vehicle_Manoeuvre,Vehicle_Location-Restricted_Lane,Junction_Location,Skidding_and_Overturning,Hit_Object_in_Carriageway,Vehicle_Leaving_Carriageway,Hit_Object_off_Carriageway,1st_Point_of_Impact,Was_Vehicle_Left_Hand_Drive?,Journey_Purpose_of_Driver,Sex_of_Driver,Age_of_Driver,Age_Band_of_Driver,Engine_Capacity_(CC),Propulsion_Code,Age_of_Vehicle,Driver_IMD_Decile,Driver_Home_Area_Type,Vehicle_IMD_Decile
2016120032413,1,9,0,4,0,1,0,0,0,0,1,1,6,2,22,5,1596,1,2,5,1,5
2016120032413,2,9,0,4,0,1,0,0,0,0,2,1,6,1,57,9,-1,-1,-1,5,3,5
2016120032496,1,4,0,17,0,0,0,0,0,0,0,1,6,2,18,4,-1,-1,-1,9,2,9
2016120032686,1,3,0,18,0,1,0,0,0,0,0,1,2,1,24,5,124,1,10,5,3,5
2016120032686,2,8,0,4,0,1,0,0,0,0,0,1,6,3,-1,-1,-1,-1,-1,-1,-1,-1
2016120032929,1,9,0,3,0,1,0,0,0,0,2,1,1,2,20,4,1390,1,3,9,2,9
2016120032929,2,9,0,5,0,1,0,0,0,0,1,1,6,2,64,9,1499,1,1,10,2,10
2016120033050,1,9,0,9,0,8,0,0,0,0,4,1,6,2,39,7,1598,1,4,10,2,10
2016120033050,2,9,0,18,0,8,0,0,0,0,1,1,6,2,47,8,1968,2,9,10,2,10
2016120033050,3,9,0,8,0,1,0,0,0,0,3,1,3,2,37,7,1995,2,10,10,2,10
2016120033218,1,22,0,14,0,0,5,4,0,0,1,1,6,1,56,9,-1,-1,-1,5,2,5
2016120033218,2,9,0,2,0,0,0,0,0,0,2,1,6,1,50,8,1348,1,15,5,2,5
2016120033218,3,19,0,2,0,0,0,0,0,0,3,1,6,1,50,8,-1,-1,-1,5,2,5
2016120033298,1,1,0,18,0,1,0,0,0,0,4,1,1,1,32,6,-1,-1,-1,6,2,6
2016120033298,2,19,0,18,0,1,0,0,0,0,1,1,1,1,45,7,2198,2,3,6,2,6
2016120033299,1,9,0,18,0,4,0,0,0,0,1,1,2,1,47,8,1598,1,5,9,3,9
2016120033299,2,1,0,18,0,8,0,0,0,0,1,1,6,1,65,9,-1,-1,-1,8,2,8
2016120033302,1,9,0,18,0,0,0,0,5,6,2,1,6,1,75,10,1248,2,8,9,1,9
2016120033302,2,9,0,18,0,0,0,0,5,6,1,1,1,1,45,7,2993,2,3,8,2,8
2016120033404,1,19,0,18,0,0,0,0,0,0,1,1,1,1,55,8,2143,2,1,7,1,7
2016120033404,2,19,0,18,0,0,0,0,0,0,2,1,1,1,40,7,1995,2,2,10,1,10
2016120033438,1,9,0,3,0,0,0,0,0,0,2,1,6,1,51,8,2143,2,1,9,1,9
2016120033438,2,9,0,18,0,0,0,0,0,0,1,1,6,2,65,9,1781,1,12,9,1,9
2016120033668,1,9,0,1,0,1,0,0,0,0,2,1,6,2,-1,-1,-1,-1,-1,-1,-1,-1
2016120033671,1,9,0,5,0,0,0,0,0,0,4,1,6,2,70,10,1390,1,6,7,3,7
2016120033671,2,9,0,18,0,0,0,0,0,0,3,1,6,2,30,6,1398,2,12,5,1,5
2016120033905,1,19,0,4,0,0,0,0,0,0,1,1,3,1,30,6,2402,2,11,1,1,1
2016120033905,2,19,0,4,0,0,0,0,0,0,2,1,2,1,50,8,1248,2,5,7,2,7
2016120034040,1,9,0,4,0,0,0,0,0,0,1,1,6,1,91,11,1582,2,2,7,3,7
2016120034040,2,2,0,3,0,0,0,0,0,0,2,1,4,1,17,4,49,1,9,5,3,5
2016120034040,3,9,0,3,0,0,0,0,0,0,2,1,6,2,37,7,998,1,2,1,1,1
2016120034117,1,9,0,18,0,0,0,0,0,0,4,1,6,2,50,8,1198,1,12,9,1,9
2016120034117,2,9,0,1,0,0,0,0,0,0,3,1,6,1,20,4,1595,1,15,3,1,3
2016120034210,1,9,0,18,0,0,0,0,0,0,1,1,4,2,17,4,1124,1,10,8,2,8
2016120034220,1,8,0,18,0,8,0,0,0,0,4,1,6,2,30,6,-1,-1,-1,6,1,6
2016120034220,2,9,0,18,0,8,0,0,0,0,1,1,6,2,51,8,1229,1,2,7,1,7
2016120034252,1,9,0,18,0,0,0,0,0,0,1,1,6,1,65,9,2979,1,13,5,3,5
2016120034252,2,9,0,18,0,0,0,0,0,0,1,1,6,2,35,6,-1,-1,-1,5,1,5
2016120034311,1,11,0,9,0,0,0,0,0,0,0,1,1,1,64,9,9600,2,14,5,1,5
2016120034404,1,1,0,18,0,1,0,0,0,0,0,1,6,1,36,7,-1,-1,-1,10,1,10
2016120034576,1,9,0,16,0,0,1,0,1,4,1,1,2,1,32,6,1896,2,13,8,1,8
2016120034754,1,9,0,18,0,1,1,0,0,0,1,1,6,1,39,7,1596,1,13,1,1,1
2016120034754,2,9,0,4,0,1,0,0,0,0,2,1,6,2,32,6,1596,1,3,1,1,1
2016120035087,1,1,0,18,0,0,0,0,0,0,1,1,6,1,27,6,-1,-1,-1,9,1,9
2016120035087,2,19,0,13,0,0,0,0,0,0,2,1,6,3,-1,-1,-1,-1,-1,-1,-1,-1
2016120035310,1,9,0,9,4,5,0,0,0,0,4,1,6,2,75,10,1388,1,9,2,1,2
2016120035310,2,1,0,18,4,1,0,0,0,0,1,1,6,1,36,7,-1,-1,-1,-1,-1,-1
2016120035413,1,9,0,2,0,2,0,0,0,0,0,1,6,2,57,9,2191,2,2,5,1,5
2016120035413,2,22,0,5,0,1,5,10,0,0,3,1,6,1,77,11,-1,-1,-1,6,3,6
2016120035522,1,9,0,18,0,2,0,0,0,0,1,1,6,1,66,10,1398,2,9,7,1,7
2016120035571,1,9,0,18,0,0,0,0,1,11,1,1,6,1,74,10,1397,1,14,7,2,7
2016120035665,1,9,0,18,0,0,0,4,1,0,4,1,6,1,24,5,1198,1,13,2,1,2
2016120035665,2,9,0,2,0,0,0,0,7,9,3,1,6,2,78,11,1999,1,15,6,3,6
2016120035792,1,9,0,18,0,0,5,0,1,0,1,1,1,1,25,5,1399,2,4,6,1,6
2016120035963,1,9,0,18,0,3,0,0,0,0,2,1,6,2,-1,-1,-1,-1,-1,-1,-1,-1
2016120036044,1,9,0,13,0,0,0,0,0,0,4,1,1,3,25,5,-1,-1,-1,6,3,6
2016120036044,2,1,0,18,0,0,0,0,1,0,2,1,6,1,39,7,-1,-1,-1,10,2,10
2016120036179,1,19,0,18,0,2,1,0,0,0,1,1,1,1,49,8,2499,2,1,7,3,7
2016120036179,2,19,0,18,0,1,2,0,0,0,3,1,1,1,42,7,2402,2,7,-1,-1,-1
2016120036263,1,9,0,9,0,2,0,0,0,0,3,1,1,1,57,9,1995,2,3,10,1,10
2016120036263,2,9,0,18,0,1,0,0,0,0,1,1,2,1,29,6,1560,2,11,6,3,6
2016120036429,1,9,0,18,0,8,0,0,0,0,1,1,3,2,32,6,1398,2,13,3,1,3
2016120036429,2,9,0,18,0,6,0,0,0,0,3,1,3,1,41,7,1360,1,11,9,1,9
2016120036658,1,9,0,18,0,0,0,0,0,0,1,1,6,2,82,11,1242,1,7,10,1,10
2016120036735,1,21,1,17,0,0,0,0,7,0,1,1,1,1,60,9,-1,-1,-1,3,1,3
2016120036735,2,9,0,16,0,0,0,0,1,0,1,1,6,1,33,6,1149,1,9,6,1,6
2016120036861,1,9,0,8,0,1,0,0,0,0,1,1,6,2,36,7,-1,-1,-1,4,2,4
2016120036861,2,9,0,18,0,1,0,0,0,0,4,1,6,1,23,5,1461,2,6,7,2,7
2016120037013,1,9,0,17,0,0,1,0,1,11,1,1,2,1,60,9,1769,1,12,4,1,4
2016120037297,1,20,0,9,0,8,0,0,0,0,1,1,1,1,63,9,6370,2,8,-1,-1,-1
2016120037297,2,9,0,18,0,8,0,0,7,11,4,1,6,1,63,9,1868,2,15,10,1,10
2016120037323,1,9,0,9,0,6,0,0,0,0,3,1,6,2,37,7,1198,1,5,2,1,2
2016120037323,2,9,0,18,0,1,0,0,0,0,1,1,6,1,75,10,1200,1,2,8,1,8
2016120037461,1,9,0,7,0,6,0,0,0,0,4,1,6,1,-1,-1,-1,-1,-1,-1,-1,-1
2016120037466,1,9,0,12,0,2,0,0,0,0,3,1,6,1,81,11,1360,1,11,10,1,10
2016120037466,2,1,0,18,0,1,0,0,0,0,4,1,6,1,45,7,-1,-1,-1,10,1,10
2016120037670,1,19,0,9,0,8,0,0,0,0,1,1,2,1,36,7,-1,-1,-1,9,1,9
2016120037670,2,1,0,18,0,8,0,0,1,0,2,1,6,1,51,8,-1,-1,-1,7,1,7
2016120037670,3,9,0,8,0,1,0,0,0,0,1,1,3,2,32,6,1997,1,6,6,1,6
2016120037675,1,1,0,18,0,0,0,0,0,0,0,1,6,1,40,7,-1,-1,-1,5,1,5
2016120037686,1,2,0,18,0,0,1,0,0,0,3,1,1,2,23,5,49,1,3,5,3,5
2016120037689,1,9,0,18,0,3,0,0,0,0,1,1,2,1,35,6,1956,2,4,-1,-1,-1
2016120037689,2,1,0,18,0,3,0,0,0,0,2,1,2,1,72,10,-1,-1,-1,5,1,5
2016120037691,1,9,0,17,0,0,1,0,1,10,1,1,2,1,37,7,1339,1,12,1,1,1
2016120037696,1,9,0,16,0,0,0,0,7,11,3,1,2,1,22,5,1497,1,15,6,3,6
2016120037722,1,9,0,16,0,0,2,0,7,11,1,1,2,1,63,9,1398,2,7,7,2,7
2016120037733,1,9,0,17,0,0,1,0,7,11,1,1,2,1,19,4,998,1,2,7,1,7
2016120037817,1,9,0,9,0,5,0,0,0,0,4,1,3,2,17,4,1198,1,5,-1,-1,-1
2016120037817,2,1,0,18,0,1,0,0,0,0,1,1,6,2,46,8,-1,-1,-1,5,1,5
2016120038042,1,19,0,9,0,8,0,0,0,0,1,1,2,1,28,6,2143,2,5,7,1,7
2016120038042,2,9,0,18,0,1,0,0,0,0,3,1,3,1,50,8,1198,1,2,10,1,10
2016120038070,1,9,0,18,0,0,0,0,0,0,1,1,6,1,82,11,1995,2,1,10,1,10
2016120038070,2,21,0,18,0,0,0,0,0,0,1,1,1,1,48,8,12900,2,10,5,3,5
2016120038152,1,9,0,18,0,3,0,0,0,0,4,1,2,1,50,8,-1,-1,-1,9,2,9
2016120038152,2,9,0,5,0,4,0,0,0,0,1,1,6,1,79,11,998,1,2,8,1,8
2016120038167,1,9,0,18,0,1,1,0,0,0,1,1,6,1,21,5,-1,-1,-1,5,1,5
2016120038167,2,9,0,3,0,1,0,0,0,0,2,1,6,1,23,5,1598,1,12,5,1,5
2016120038167,3,19,0,3,0,1,0,0,0,0,2,1,6,1,26,6,1868,2,10,7,3,7
2016120038462,1,9,0,18,0,1,0,0,1,11,1,1,6,1,33,6,1896,2,8,8,2,8
2016120038660,1,9,0,18,0,0,0,0,1,7,1,1,6,1,45,7,1560,2,7,8,1,8
2016120038660,2,9,0,18,0,0,0,0,0,0,0,1,6,3,-1,-1,-1,-1,-1,-1,-1,-1
2016120038710,1,9,0,18,0,1,0,0,0,0,1,1,6,2,25,5,1997,2,4,7,1,7
2016120038710,2,9,0,4,0,8,0,0,0,0,2,1,6,2,29,6,1598,1,9,9,2,9
2016120038718,1,8,0,4,0,0,0,0,1,0,1,1,1,2,54,8,1996,2,7,5,1,5
2016120038718,2,9,0,3,0,0,0,0,0,0,2,1,2,1,31,6,-1,-1,-1,10,1,10
2016120038824,1,9,0,15,0,0,0,0,0,0,1,1,1,1,48,8,1999,2,1,9,3,9
2016120038824,2,19,0,16,0,0,0,0,0,0,1,1,6,2,70,10,-1,-1,-1,6,3,6
2016120038934,1,9,0,18,0,0,1,0,1,4,1,1,6,1,19,4,973,1,15,-1,-1,-1
2016120039124,1,21,1,18,0,0,1,0,7,4,3,1,1,1,52,8,9290,2,3,1,1,1
2016120039144,1,19,0,9,0,8,0,0,0,0,1,1,6,1,28,6,2198,2,10,7,2,7
2016120039144,2,19,0,18,0,8,0,0,0,0,4,1,6,1,66,10,1998,2,10,7,2,7
2016120039179,1,9,0,18,0,0,0,0,2,11,4,1,6,2,27,6,1086,1,11,5,2,5
2016120039370,1,9,0,9,0,6,0,0,0,0,1,1,6,1,83,11,1248,2,2,5,3,5
2016120039370,2,9,0,18,0,1,0,0,7,0,1,1,6,1,52,8,1596,1,14,-1,-1,-1
2016120039601,1,9,0,9,0,8,0,0,0,0,1,1,6,2,18,4,1399,1,9,9,1,9
2016120039601,2,9,0,18,0,8,0,0,0,0,1,1,6,1,27,6,1390,1,12,6,1,6
2016120039782,1,9,0,4,0,0,0,0,0,0,1,1,6,1,19,4,-1,-1,-1,9,1,9
2016120039782,2,9,0,4,0,0,0,0,0,0,2,1,6,1,19,4,1242,1,7,3,1,3
2016120039822,1,9,0,18,0,0,0,0,0,0,1,1,6,1,41,7,2959,2,12,2,1,2
2016120039822,2,9,0,18,0,0,1,0,1,7,2,1,6,2,25,5,1910,2,8,9,2,9
2016120040032,1,9,0,18,0,0,0,0,1,9,1,1,6,1,19,4,1968,2,3,7,3,7
2016120040032,2,9,0,9,0,0,0,0,0,0,4,1,1,1,22,5,2286,2,33,6,3,6
2016120040234,1,5,0,18,0,0,0,0,1,0,0,1,1,1,23,5,-1,-1,-1,5,1,5
2016120040285,1,21,0,16,0,0,0,0,0,0,3,1,1,1,23,5,4462,2,3,1,2,1
2016120040285,2,9,0,4,0,0,0,0,0,0,4,1,2,2,52,8,2143,2,6,6,3,6
2016120040319,1,11,0,5,2,0,0,0,0,0,0,1,1,1,58,9,4500,2,9,6,1,6
2016120040494,1,9,0,9,0,5,0,0,0,0,1,1,6,1,95,11,1229,1,9,7,1,7
2016120040494,2,9,0,18,0,1,0,0,0,0,1,1,6,2,72,10,1598,1,13,7,1,7
2016120040628,1,9,0,9,0,8,0,0,0,0,4,1,6,2,34,6,973,1,14,2,1,2
2016120040628,2,9,0,18,0,2,0,0,0,0,1,1,1,2,56,9,1242,1,2,8,1,8
2016120040801,1,9,0,9,0,6,0,0,0,0,1,1,2,1,26,6,2000,1,9,4,1,4
2016120040801,2,1,0,4,0,1,0,0,0,0,4,1,2,1,51,8,-1,-1,-1,4,1,4
2016120040827,1,2,0,9,0,8,1,0,0,0,0,1,6,1,16,4,49,1,13,3,1,3
2016120040985,1,9,0,18,0,0,0,0,2,11,1,1,6,1,75,10,1248,1,7,7,3,7
2016120041135,1,1,0,18,0,0,0,0,1,10,4,1,6,2,41,7,-1,-1,-1,10,3,10
2016120041153,1,1,0,18,0,1,0,0,0,0,3,1,2,1,45,7,-1,-1,-1,9,1,9
2016120041153,2,8,0,5,0,1,0,0,0,0,4,1,1,1,70,10,1999,1,8,5,1,5
2016120041188,1,9,0,18,0,3,0,0,0,0,4,1,6,3,-1,-1,-1,-1,-1,-1,-1,-1
2016120041257,1,19,0,18,0,1,0,0,0,0,1,1,6,1,34,6,-1,-1,-1,10,1,10
2016120041257,2,9,0,4,0,1,0,0,0,0,2,1,6,1,53,8,1560,2,3,4,1,4
2016120041416,1,21,1,12,0,0,0,0,0,0,3,2,1,3,-1,-1,-1,-1,-1,-1,-1,-1
2016120041416,2,9,0,13,0,0,0,0,0,0,4,1,6,1,52,8,1560,2,10,1,1,1
2016120041441,1,19,0,1,0,0,0,0,0,0,2,1,3,1,40,7,-1,-1,-1,6,3,6
2016120041487,1,11,0,5,0,2,0,0,0,0,0,1,1,1,55,8,4500,2,9,7,1,7
2016120041726,1,9,0,18,0,1,0,0,0,0,1,1,6,3,-1,-1,-1,-1,-1,-1,-1,-1
2016120041726,2,1,0,18,0,1,0,0,0,0,3,1,6,1,49,8,-1,-1,-1,9,1,9
2016120041850,1,9,0,7,0,6,5,0,1,0,1,1,6,1,31,6,-1,-1,-1,9,2,9
2016120042006,1,9,0,18,0,0,0,0,1,4,1,1,2,1,51,8,2204,2,9,2,1,2
2016120042099,1,9,0,18,0,6,0,0,0,0,1,1,3,2,50,8,1997,2,6,7,1,7
2016120042099,2,1,0,18,0,1,0,0,0,0,3,1,1,1,40,7,-1,-1,-1,6,1,6
2016120042148,1,9,0,5,0,1,0,0,0,0,3,1,2,1,45,7,1248,1,6,5,1,5
2016120042148,2,1,0,18,0,1,0,0,0,0,1,1,2,2,35,6,-1,-1,-1,6,1,6
2016120042274,1,9,0,18,0,1,0,0,3,11,1,1,6,1,86,11,2198,2,8,7,1,7
2016120042274,2,9,0,8,0,1,0,0,0,0,2,1,1,1,55,8,998,1,3,5,2,5
2016120042274,3,9,0,8,0,1,0,0,0,0,2,1,6,1,59,9,1984,1,4,8,3,8
2016120042274,4,19,0,2,9,2,0,0,0,0,1,1,1,1,59,9,1399,2,6,3,1,3
2016120042274,5,9,0,2,0,2,0,0,0,0,1,1,1,1,61,9,1399,2,13,8,2,8
2016120042327,1,9,0,18,0,0,0,0,0,0,3,1,2,2,39,7,1390,1,12,7,1,7
2016120042352,1,9,0,18,0,3,0,0,0,0,2,1,6,1,49,8,-1,-1,-1,7,3,7
2016120042352,2,1,0,18,4,3,0,0,0,0,0,1,6,1,83,11,-1,-1,-1,8,2,8
2016120042388,1,9,0,1,0,0,0,0,0,0,2,1,6,1,35,6,-1,-1,-1,-1,-1,-1
2016120042443,1,9,0,9,0,8,0,0,0,0,1,1,6,3,40,7,-1,-1,-1,8,1,8
2016120042443,2,1,0,18,0,8,0,0,0,0,3,1,6,1,62,9,-1,-1,-1,1,1,1
2016120042520,1,9,0,18,0,0,0,0,0,0,3,1,6,1,22,5,2495,2,21,6,3,6
2016120042520,2,19,0,2,0,0,0,0,0,0,0,1,6,3,-1,-1,-1,-1,-1,9,2,9
2016120042770,1,9,0,1,0,0,0,0,0,0,2,1,6,1,23,5,-1,-1,-1,4,2,4
2016120042871,1,9,0,5,0,6,0,0,0,0,3,1,6,1,44,7,1596,1,13,8,2,8
2016120042871,2,5,0,18,0,1,0,0,0,0,4,1,6,1,44,7,1340,1,25,8,2,8
2016120042939,1,2,0,4,0,1,0,0,0,0,1,1,2,1,38,7,-1,-1,-1,1,1,1
2016120042939,2,9,0,5,0,1,0,0,0,0,1,1,4,2,17,4,1242,1,13,1,1,1
2016120042952,1,9,0,18,0,6,0,0,0,0,1,1,6,1,20,4,698,1,12,-1,-1,-1
2016120042952,2,9,0,18,0,8,0,0,0,0,1,1,2,2,62,9,1349,1,4,8,1,8
2016120043046,1,9,0,5,0,1,0,0,0,0,3,1,6,1,31,6,1986,2,9,6,1,6
2016120043046,2,4,0,18,0,1,0,0,0,0,4,1,6,1,25,5,124,1,3,7,1,7
2016120043117,1,9,0,9,0,6,0,0,0,0,1,1,4,1,18,4,1229,1,9,10,1,10
2016120043117,2,3,0,18,0,1,0,0,0,0,1,1,6,2,17,4,124,1,5,6,1,6
2016120043181,1,9,0,18,0,0,0,0,0,0,3,1,6,1,48,8,1999,1,5,5,1,5
2016120043181,2,9,0,18,0,0,0,0,0,0,3,1,6,2,53,8,1997,2,3,6,1,6
2016120043218,1,9,0,7,0,2,1,0,7,11,1,1,2,1,23,5,1229,1,7,8,1,8
2016120043462,1,9,0,18,0,0,0,4,0,0,1,1,6,1,75,10,1997,2,1,3,1,3
2016120043462,2,9,0,2,0,0,0,0,0,0,2,1,6,3,-1,-1,1798,1,6,8,3,8
2016120043462,3,9,0,18,0,0,0,0,0,0,1,1,6,1,60,9,1596,1,13,4,1,4
2016120043463,1,5,0,16,0,0,1,0,7,11,1,1,6,2,22,5,660,1,6,5,1,5
2016120043476,1,9,0,18,0,1,0,0,0,0,1,1,6,2,62,9,1598,1,11,5,1,5
2016120043476,2,9,0,5,0,2,0,0,0,0,3,1,6,1,23,5,1242,1,3,9,1,9
2016120043531,1,9,0,4,0,1,0,0,0,0,2,1,1,2,39,7,-1,-1,-1,9,1,9
2016120043531,2,19,0,18,0,1,0,0,0,0,1,1,1,1,30,6,1248,2,9,3,1,3
2016120043734,1,9,0,9,0,2,0,0,0,0,1,1,3,2,26,6,1368,1,8,2,1,2
2016120043734,2,1,0,18,0,1,0,0,0,0,1,1,4,1,15,3,-1,-1,-1,5,1,5
2016120043773,1,9,0,9,0,8,0,0,0,0,1,1,6,2,52,8,1390,1,20,10,3,10
2016120043773,2,9,0,18,0,8,0,0,0,0,1,1,2,1,42,7,1242,1,16,1,1,1
2016120043882,1,19,0,9,0,8,0,0,0,0,4,1,6,1,19,4,-1,-1,-1,9,1,9
2016120043882,2,8,0,18,0,8,0,0,0,0,1,1,1,1,60,9,1997,2,6,10,1,10
2016120043952,1,9,0,18,0,4,0,9,3,11,1,1,6,1,36,7,2993,2,7,8,3,8
2016120044038,1,9,0,4,0,0,1,0,0,0,1,1,1,2,55,8,-1,-1,-1,7,2,7
2016120044038,2,9,0,4,0,0,0,0,0,0,1,1,2,1,47,8,2698,2,7,5,3,5
2016120044166,1,4,0,18,0,0,0,0,0,0,0,1,6,1,51,8,450,1,13,10,1,10
2016120044175,1,3,0,17,0,0,1,0,1,11,1,1,6,1,17,4,124,1,2,2,1,2
2016120044359,1,3,0,17,0,0,0,0,0,0,0,1,2,1,18,4,-1,-1,-1,1,1,1
2016120044544,1,9,0,14,0,0,0,0,0,0,1,1,6,1,53,8,1598,2,1,7,1,7
2016120044574,1,5,0,13,0,1,0,0,7,0,0,1,2,1,51,8,-1,-1,-1,9,1,9
2016120044574,2,9,0,9,0,1,0,0,7,0,0,1,6,2,51,8,-1,-1,-1,8,3,8
2016120044601,1,9,0,18,0,1,5,4,0,0,4,1,2,2,24,5,1896,2,8,3,1,3
2016120044601,2,9,0,2,0,1,0,0,0,0,4,1,3,1,42,7,1997,2,7,5,1,5
2016120044601,3,9,0,18,0,2,0,0,0,0,1,1,6,2,40,7,2696,2,6,6,2,6
2016120044877,1,4,0,18,0,0,0,12,0,0,1,1,6,1,61,9,498,1,15,3,2,3
2016120045245,1,9,0,18,0,0,0,0,0,0,1,1,6,1,24,5,1229,1,8,1,1,1
2016120045245,2,19,0,3,0,0,0,0,0,0,2,1,1,1,31,6,1998,2,10,7,2,7
2016120045250,1,9,0,14,0,0,0,4,0,0,1,1,2,1,22,5,2495,2,10,8,2,8
2016120045250,2,9,0,18,0,0,0,0,1,11,1,1,2,2,50,8,-1,-1,-1,7,3,7
2016120045250,3,9,0,2,0,0,0,0,0,0,2,1,6,3,-1,-1,1968,2,10,8,3,8
2016120045295,1,9,0,16,0,0,0,0,0,0,3,1,6,2,34,6,2401,2,11,4,1,4
2016120045295,2,9,0,17,0,0,0,0,0,0,3,1,6,2,22,5,1398,2,6,6,1,6
2016120045420,1,9,0,9,0,6,0,0,0,0,1,1,1,1,31,6,998,1,3,8,1,8
2016120045420,2,9,0,18,0,1,0,0,0,0,4,1,6,2,27,6,1956,2,2,7,1,7
2016120045420,3,5,0,18,0,1,1,0,0,0,1,1,6,1,56,9,645,1,12,7,3,7
2016120045558,1,9,0,18,0,0,2,0,1,4,1,1,6,2,19,4,1197,1,1,10,1,10
2016120045797,1,9,0,18,0,0,0,0,4,6,1,1,6,2,22,5,1997,2,14,7,3,7
2016120045797,2,9,0,18,0,0,0,1,4,6,1,1,6,1,37,7,1910,2,9,2,1,2
2016120045859,1,9,0,18,0,1,5,0,1,9,1,1,6,1,68,10,1798,1,9,10,1,10
2016120045859,2,9,0,10,0,1,0,0,0,0,2,1,2,1,50,8,1995,2,6,8,2,8
2016120045886,1,9,0,5,8,6,0,0,0,0,1,1,2,2,22,5,1242,1,7,5,1,5
2016120045886,2,9,0,18,0,1,0,0,4,6,1,1,2,1,47,8,1995,2,5,8,2,8
2016120045901,1,1,0,18,0,8,0,0,0,0,3,1,6,2,35,6,-1,-1,-1,10,2,10
2016120045901,2,9,0,18,0,8,0,0,0,0,1,1,2,1,29,6,1242,1,3,2,1,2
2016120045943,1,11,0,18,0,3,1,7,7,1,1,1,1,1,54,8,-1,-1,-1,7,1,7
2016120045943,2,21,0,3,0,4,0,0,0,0,3,1,1,1,30,6,7146,2,6,3,2,3
2016120045944,1,19,0,4,0,1,1,0,0,0,1,1,1,1,26,6,2287,2,8,5,1,5
2016120045944,2,19,0,17,0,2,0,0,1,0,1,1,1,2,31,6,1461,2,2,8,1,8
2016120045944,3,9,0,10,0,8,0,0,0,0,0,1,6,3,-1,-1,-1,-1,-1,-1,-1,-1
2016120045968,1,9,0,18,0,0,0,0,5,6,3,1,6,1,70,10,-1,-1,-1,7,2,7
2016120046017,1,1,0,9,0,1,0,0,0,0,2,1,6,1,23,5,-1,-1,-1,10,1,10
2016120046017,2,2,0,18,0,1,0,0,0,0,1,1,6,1,22,5,49,1,9,10,1,10
2016120046059,1,9,0,18,0,0,1,0,1,0,0,1,6,1,26,6,1994,1,11,5,3,5
2016120046059,2,9,0,13,0,0,0,0,0,0,0,1,6,3,-1,-1,-1,-1,-1,-1,-1,-1
2016120046187,1,5,0,16,0,6,1,0,0,0,0,1,6,1,55,8,1084,1,14,4,1,4
2016120046192,1,9,0,18,0,0,0,0,0,0,1,1,6,1,69,10,2184,2,10,3,1,3
2016120046192,2,17,4,18,0,0,3,0,7,0,1,1,1,1,38,7,-1,2,10,7,3,7
2016120046304,1,9,0,9,0,2,0,0,0,0,0,1,6,2,79,11,1296,1,10,10,1,10
2016120046304,2,1,0,9,0,1,0,0,0,0,0,1,6,1,23,5,-1,-1,-1,8,1,8
2016120046320,1,9,0,18,0,0,0,0,1,0,1,1,6,1,23,5,1995,2,13,7,3,7
2016120046320,2,9,0,18,0,0,0,0,7,0,3,1,6,2,50,8,1560,2,6,8,3,8
2016120046320,3,17,0,18,0,0,0,0,0,0,3,1,6,1,25,5,10600,2,1,3,2,3
2016120046320,4,9,0,18,0,0,0,0,0,0,3,1,6,1,85,11,-1,-1,-1,8,2,8
2016120046724,1,9,0,5,0,0,0,0,0,0,3,1,2,2,39,7,1149,1,9,7,1,7
2016120046724,2,9,0,18,0,0,0,0,0,0,1,1,6,2,61,9,1560,2,2,10,1,10
2016120046724,3,9,0,2,0,0,0,0,0,0,2,1,6,3,-1,-1,1198,1,4,9,3,9
2016120046724,4,9,0,2,0,0,0,0,0,0,2,1,6,3,-1,-1,1598,2,6,7,3,7
2016120046851,1,9,0,18,0,0,0,0,0,0,1,1,6,2,43,7,1598,1,7,9,3,9
2016120047224,1,9,0,4,0,0,0,0,0,0,1,1,6,1,82,11,1997,2,14,7,3,7
2016120047224,2,20,0,18,0,0,0,0,0,0,2,1,1,1,60,9,4580,2,1,8,2,8
2016120047400,1,3,0,5,0,6,1,0,0,0,1,1,4,1,17,4,-1,-1,-1,10,1,10
2016120047667,1,9,0,7,0,5,0,0,0,0,4,1,6,3,-1,-1,-1,-1,-1,-1,-1,-1
2016120047667,2,1,0,18,0,8,0,0,0,0,1,1,6,1,25,5,-1,-1,-1,3,1,3
2016120047733,1,9,0,9,0,6,0,0,0,0,3,1,6,1,41,7,998,1,3,2,2,2
2016120047733,2,9,0,18,0,1,0,0,7,11,4,1,2,1,24,5,1598,1,15,1,1,1
2016120047969,1,1,0,14,0,0,0,0,0,0,1,1,6,1,-1,-1,-1,-1,-1,-1,-1,-1
2016120048044,1,9,0,9,0,1,0,0,0,0,3,1,6,2,30,6,1598,2,2,5,2,5
2016120048044,2,9,0,13,0,1,5,0,1,0,4,1,6,1,69,10,-1,-1,-1,9,1,9
2016120048106,1,9,0,4,0,0,0,0,0,0,3,1,6,1,30,6,1999,1,13,9,2,9
2016120048106,2,5,0,18,0,0,0,0,0,0,1,1,6,1,64,9,781,1,15,6,3,6
2016120048106,3,9,0,18,0,0,0,0,7,11,1,1,6,2,21,5,1198,1,9,4,1,4