Accident_Index,Vehicle_Reference,Vehicle_Type,Towing_and_Articulation,Vehicle_Manoeuvre,Vehicle_Location-Restricted_Lane,Junction_Location,Skidding_and_Overturning,Hit_Object_in_Carriageway,Vehicle_Leaving_Carriageway,Hit_Object_off_Carriageway,1st_Point_of_Impact,Was_Vehicle_Left_Hand_Drive?,Journey_Purpose_of_Driver,Sex_of_Driver,Age_of_Driver,Age_Band_of_Driver,Engine_Capacity_(CC),Propulsion_Code,Age_of_Vehicle,Driver_IMD_Decile,Driver_Home_Area_Type,Vehicle_IMD_Decile
2016120048198,1,9,0,9,0,8,0,0,0,0,1,1,6,2,47,8,1461,2,7,7,1,7
2016120048198,2,9,0,18,0,8,0,0,0,0,3,1,6,1,50,8,1794,1,11,4,1,4
2016120048365,1,9,0,18,0,0,0,0,0,0,1,1,6,1,36,7,1242,1,12,5,2,5
2016120048572,1,19,0,18,0,0,0,0,0,0,3,1,6,1,49,8,1997,2,9,6,1,6
2016120048742,1,9,0,17,0,0,2,0,1,10,1,1,6,2,21,5,1242,1,4,10,1,10
2016120048747,1,5,0,4,0,0,0,0,0,0,2,1,6,2,48,8,1202,1,6,4,1,4
2016120048747,2,9,0,4,0,0,0,0,0,0,1,1,6,1,23,5,1299,1,17,7,1,7
2016120048761,1,1,0,18,0,1,0,0,0,0,3,1,4,1,13,3,-1,-1,-1,9,2,9
2016120048761,2,9,0,13,0,1,0,0,0,0,4,1,6,3,-1,-1,-1,-1,-1,-1,-1,-1
2016120048766,1,90,5,9,0,5,0,0,0,0,1,1,6,1,77,11,2287,2,6,8,1,8
2016120048766,2,9,0,18,0,8,0,0,0,0,3,1,6,1,22,5,995,1,11,8,3,8
2016120048766,3,90,0,10,0,1,0,0,0,0,3,1,6,1,66,10,2287,2,2,4,3,4
2016120048769,1,9,0,18,0,0,1,0,7,11,1,1,6,2,76,11,1339,1,6,6,1,6
2016120048769,2,9,0,18,0,0,0,0,0,0,3,1,6,2,23,5,1397,1,8,10,2,10
2016120048769,3,9,0,18,0,0,1,0,1,11,1,1,6,1,23,5,1399,2,5,1,1,1
2016120049010,1,5,0,18,0,2,1,0,0,0,1,1,6,1,39,7,-1,-1,-1,5,1,5
2016120049365,1,9,0,13,0,1,0,0,7,0,1,1,6,1,29,6,2148,2,7,5,1,5
2016120049365,2,9,0,9,0,8,0,0,7,0,3,1,6,1,24,5,1600,1,18,5,3,5
2016120049401,1,9,0,4,0,1,0,0,0,0,1,1,2,1,57,9,-1,-1,-1,5,2,5
2016120049401,2,9,0,4,0,1,0,0,0,0,2,1,1,1,40,7,1193,1,1,1,1,1
2016120049429,1,9,0,7,0,1,0,0,0,0,4,1,6,1,47,8,1591,1,2,10,1,10
2016120049429,2,1,0,18,0,1,0,0,0,0,3,1,2,1,52,8,-1,-1,-1,10,1,10
2016120049445,1,19,0,18,0,0,0,0,0,0,0,1,6,3,-1,-1,-1,-1,-1,-1,-1,-1
2016120049445,2,5,0,18,0,0,0,0,1,0,3,1,6,1,52,8,999,1,3,7,1,7
2016120049471,1,9,0,18,0,1,0,0,0,0,1,1,6,1,48,8,1399,1,5,1,1,1
2016120049471,2,9,0,3,0,2,0,0,0,0,2,1,6,1,54,8,-1,-1,-1,-1,-1,-1
2016120049471,3,9,0,10,0,2,0,0,0,0,2,1,6,2,36,7,-1,-1,-1,5,2,5
2016120049685,1,8,0,7,0,6,0,0,0,0,3,1,1,1,55,8,1896,2,8,5,1,5
2016120049685,2,1,0,18,4,8,0,0,0,0,1,1,2,2,24,5,-1,-1,-1,10,1,10
2016120049731,1,9,5,16,0,0,3,0,0,0,3,1,1,2,46,8,2495,2,12,6,3,6
2016120049731,2,9,0,17,0,0,0,0,0,0,3,1,6,2,36,7,2000,2,8,6,3,6
2016120049783,1,9,0,9,0,5,0,0,0,0,4,1,6,2,79,11,1198,1,4,5,3,5
2016120049783,2,21,0,18,0,1,0,0,0,0,1,1,1,1,29,6,12740,2,3,1,1,1
2016120049787,1,2,0,18,0,2,0,0,0,0,1,1,2,1,17,4,49,1,4,9,1,9
2016120049787,2,9,0,4,0,2,0,0,0,0,2,1,6,1,59,9,1685,2,1,8,1,8
2016120049877,1,9,0,4,0,1,0,0,0,0,1,1,1,1,46,8,1969,2,-1,10,1,10
2016120049877,2,19,0,1,0,1,0,0,0,0,2,1,6,1,27,6,2198,2,1,1,3,1
2016120050134,1,9,0,18,0,0,0,0,8,11,1,1,6,1,32,6,2000,2,12,7,3,7
2016120050223,1,9,0,16,0,0,0,0,0,0,1,1,6,2,21,5,1242,1,3,7,2,7
2016120050223,2,9,0,17,0,0,0,0,0,0,3,1,6,2,56,9,1560,2,3,-1,-1,-1
2016120051075,1,9,0,17,0,0,1,0,0,0,0,1,6,2,17,4,1198,1,12,6,3,6
2016120051075,2,9,0,18,0,0,0,0,0,0,0,1,6,1,76,11,1997,2,6,8,3,8
2016120051361,1,9,0,18,0,8,0,0,0,0,1,1,6,3,35,6,1870,2,11,2,1,2
2016120051361,2,9,0,18,0,8,5,0,0,0,3,1,6,1,44,7,-1,-1,-1,-1,-1,-1
2016120051453,1,9,0,6,0,0,0,0,0,0,3,1,6,1,24,5,999,1,2,7,1,7
2016120051453,2,4,0,18,0,0,0,0,0,0,1,1,6,1,56,9,499,1,44,5,3,5
2016120051584,1,9,0,16,0,0,0,0,0,0,1,1,2,1,47,8,1969,2,1,9,2,9
2016120051584,2,9,0,17,0,0,0,0,0,0,1,1,2,1,48,8,2204,2,10,10,2,10
2016120051763,1,1,0,18,0,0,0,0,0,0,4,1,6,1,50,8,-1,-1,-1,8,1,8
2016120051763,2,9,0,15,0,0,0,0,0,0,1,1,6,1,68,10,1560,2,1,7,3,7
2016120051821,1,9,0,12,0,0,0,0,0,0,1,1,6,1,19,4,-1,-1,-1,1,1,1
2016120051821,2,9,0,12,0,0,0,0,0,0,2,1,6,1,40,7,2191,2,1,2,3,2
2016120051883,1,19,0,18,0,2,0,0,0,0,1,1,1,1,65,9,1968,2,4,6,3,6
2016120051883,2,9,0,4,0,2,0,0,0,0,2,1,6,1,18,4,1248,2,4,1,1,1
2016120052006,1,9,0,9,0,5,0,0,1,0,1,1,6,2,72,10,1395,1,1,8,1,8
2016120052006,2,9,0,18,0,1,0,0,0,0,1,1,6,1,32,6,1995,2,5,4,1,4
2016120052029,1,9,0,18,0,0,0,0,0,0,1,1,6,1,18,4,1198,1,13,2,1,2
2016120052029,2,9,0,18,0,0,0,0,0,0,2,1,6,2,32,6,1248,2,4,9,3,9
2016120052029,3,9,0,18,0,0,0,0,0,0,2,1,6,2,29,6,2993,2,10,9,1,9
2016120052125,1,5,0,14,0,0,0,0,0,0,4,1,6,1,40,7,600,1,12,8,2,8
2016120052125,2,9,0,9,0,0,0,0,0,0,3,1,6,1,22,5,1998,1,11,4,1,4
2016120052322,1,8,0,18,0,1,0,0,0,0,1,1,1,1,69,10,1999,1,8,5,1,5
2016120052402,1,9,0,18,0,0,2,0,1,3,1,1,6,1,18,4,1124,1,16,7,2,7
2016120052428,1,9,0,4,0,3,0,0,0,0,3,1,6,1,53,8,1685,2,4,7,3,7
2016120052428,2,5,0,13,0,3,0,0,0,0,4,1,6,1,25,5,645,1,17,4,2,4
2016120052536,1,3,0,17,0,1,0,0,0,0,0,1,6,1,17,4,125,1,12,6,3,6
2016120052573,1,9,0,18,0,0,0,0,5,6,1,1,6,2,44,7,1596,1,13,3,1,3
2016120052673,1,9,0,18,0,0,5,0,1,4,3,1,6,1,24,5,-1,-1,-1,7,1,7
2016120052675,1,1,0,16,0,8,1,0,7,0,0,1,6,2,60,9,-1,-1,-1,10,1,10
2016120052810,1,4,0,17,0,0,0,0,1,0,0,1,6,1,50,8,278,1,3,3,1,3
2016120052824,1,8,0,9,0,8,0,0,0,0,4,1,1,1,47,8,1896,2,8,3,1,3
2016120052824,2,9,0,18,0,8,0,0,0,0,1,1,6,1,43,7,1984,1,2,3,1,3
2016120052945,1,9,0,16,0,1,0,0,7,4,1,1,6,1,23,5,1596,1,8,9,1,9
2016120053133,1,19,0,9,0,1,0,0,0,0,0,1,6,2,26,6,2402,2,8,7,1,7
2016120053133,2,1,0,18,2,1,0,0,0,0,0,1,6,1,49,8,-1,-1,-1,8,1,8
2016120053159,1,9,0,16,0,0,0,0,0,0,1,1,6,2,23,5,1798,1,-1,6,3,6
2016120053159,2,9,0,17,0,0,0,0,0,0,1,1,6,1,75,10,2521,1,10,9,3,9
2016120053968,1,9,0,18,0,0,0,0,0,0,1,1,6,3,-1,-1,-1,-1,-1,-1,-1,-1
2016120054043,1,9,0,17,0,0,0,0,1,11,0,1,6,1,49,8,1910,2,9,1,1,1
2016120054682,1,9,0,18,0,0,2,0,1,0,1,1,1,1,19,4,1461,2,13,-1,3,-1
2016120054729,1,9,0,18,0,1,0,0,0,0,1,2,6,2,32,6,3100,1,17,10,1,10
2016120054729,2,9,0,3,0,1,0,0,0,0,2,1,2,2,24,5,1598,2,1,1,1,1
2016120054729,3,9,0,10,0,8,0,0,0,0,2,1,1,1,43,7,-1,-1,-1,5,1,5
2016120054746,1,1,0,7,0,8,0,0,0,0,0,1,6,1,50,8,-1,-1,-1,8,1,8
2016120054824,1,9,0,18,0,0,0,0,7,10,1,1,2,1,34,6,1995,2,12,6,2,6
2016120055003,1,9,0,18,0,4,0,0,0,0,1,1,6,2,80,11,1124,1,10,8,1,8
2016120055003,2,9,0,18,0,6,0,0,0,0,2,1,6,1,26,6,1364,1,6,5,1,5
2016120055109,1,19,0,4,0,2,0,0,0,0,2,1,6,1,28,6,1896,2,8,5,1,5
2016120055109,2,9,0,4,0,2,0,0,0,0,2,1,6,1,41,7,1956,2,4,8,1,8
2016120055109,3,19,0,4,0,2,0,0,0,0,1,1,6,1,25,5,1753,2,9,5,3,5
2016120055109,4,9,0,10,0,2,0,0,0,0,0,1,6,3,-1,-1,-1,-1,-1,-1,-1,-1
2016120055148,1,9,0,18,0,0,0,0,0,0,1,1,6,2,24,5,1364,1,9,10,3,10
2016120055148,2,9,0,3,0,0,0,0,0,0,2,1,2,1,36,7,-1,-1,-1,7,1,7
2016120055148,3,9,0,3,0,0,0,0,0,0,2,1,6,2,61,9,1968,2,4,7,3,7
2016120055148,4,9,0,18,0,0,0,0,0,0,1,1,6,1,67,10,2204,2,8,2,1,2
2016120055310,1,9,0,18,0,6,0,0,3,1,1,1,6,1,21,5,1388,1,11,7,1,7
2016120055570,1,5,0,18,0,4,0,0,0,0,1,1,6,1,71,10,675,1,7,5,1,5
2016120055570,2,19,0,6,0,4,0,0,0,0,4,1,1,1,38,7,2198,2,4,6,1,6
2016120055600,1,9,0,7,0,2,0,0,0,0,1,1,6,1,-1,-1,-1,-1,-1,-1,-1,-1
2016120055600,2,1,0,18,0,1,0,0,0,0,0,1,2,2,19,4,-1,-1,-1,5,1,5
2016120055723,1,4,0,13,0,8,0,0,0,0,4,1,6,1,28,6,-1,-1,-1,9,3,9
2016120055723,2,9,0,9,0,8,0,0,0,0,3,1,6,2,44,7,2401,2,9,10,1,10
2016120055723,3,9,0,2,9,2,0,0,0,0,3,1,6,1,30,6,1560,2,4,-1,-1,-1
2016120055745,1,9,0,6,0,8,0,0,0,0,4,1,1,1,34,6,-1,-1,-1,8,1,8
2016120055745,2,4,0,15,0,8,0,0,0,0,1,1,6,1,36,7,124,1,8,2,1,2
2016120055747,1,3,0,13,0,8,0,0,0,0,4,1,2,1,38,7,-1,-1,-1,8,1,8
2016120055747,2,9,0,9,0,8,0,0,0,0,3,1,6,2,33,6,1986,2,10,8,1,8
2016120055785,1,19,0,5,0,0,0,0,0,0,4,1,6,1,39,7,1461,2,6,7,1,7
2016120055785,2,1,0,12,0,0,0,0,0,0,1,1,6,1,13,3,-1,-1,-1,4,1,4
2016120055935,1,9,0,18,0,0,5,0,1,11,1,1,6,2,21,5,1299,1,11,7,3,7
2016120056337,1,8,0,5,0,1,0,0,0,0,0,1,6,1,-1,-1,-1,-1,-1,-1,-1,-1
2016120056676,1,9,0,9,0,6,0,0,0,0,3,1,6,1,46,8,1798,1,5,9,2,9
2016120056676,2,9,0,18,0,1,0,0,0,0,1,1,6,1,29,6,1398,1,15,6,1,6
2016120056733,1,1,0,17,0,0,1,0,0,0,3,1,6,1,40,7,-1,-1,-1,8,1,8
2016120056745,1,8,0,18,0,0,1,0,0,0,1,1,1,1,53,8,2000,2,5,5,1,5
2016120056745,2,9,0,18,0,0,0,0,0,0,1,1,6,2,53,8,1364,1,1,9,3,9
2016120056805,1,1,0,17,0,8,1,0,0,0,3,1,6,1,49,8,-1,-1,-1,8,1,8
2016120056963,1,9,0,10,0,1,0,0,0,0,2,1,6,1,55,8,-1,-1,-1,2,2,2
2016120056963,2,9,0,4,0,1,0,0,0,0,2,1,6,1,28,6,-1,-1,-1,4,2,4
2016120056963,3,19,0,4,0,1,0,0,0,0,1,1,6,1,32,6,-1,-1,-1,6,2,6
2016120056986,1,9,0,17,0,8,1,0,1,4,1,1,6,2,25,5,1360,1,9,7,1,7
2016120057037,1,9,0,16,0,0,0,0,0,0,3,1,2,2,21,5,998,1,14,7,1,7
2016120057037,2,9,0,17,0,0,0,0,0,0,3,1,6,2,56,9,1242,1,6,7,3,7
2016120057115,1,9,0,18,0,0,0,0,1,9,1,1,6,1,19,4,1390,1,13,9,2,9
2016120057294,1,5,0,17,0,0,1,0,1,4,4,1,6,1,58,9,600,1,19,8,1,8
2016120057311,1,9,0,9,0,5,0,0,0,0,1,1,1,1,32,6,2494,2,5,5,2,5
2016120057311,2,9,0,18,0,8,0,0,1,0,3,1,6,2,57,9,1396,2,6,8,1,8
2016120057357,1,5,0,14,0,1,0,0,0,0,1,1,6,1,49,8,-1,-1,-1,3,1,3
2016120057357,2,9,0,9,0,5,0,0,0,0,4,1,6,1,58,9,-1,-1,-1,4,1,4
2016120057417,1,19,0,4,6,0,5,0,7,11,3,1,6,1,25,5,2198,2,5,6,2,6
2016120057423,1,2,0,6,0,0,0,0,0,0,1,1,6,2,16,4,49,1,1,4,1,4
2016120057423,2,9,0,18,0,0,0,0,0,0,2,1,1,1,50,8,2149,2,9,9,1,9
2016120057439,1,5,0,17,0,0,1,0,2,11,4,1,6,1,37,7,650,1,16,3,1,3
2016120057482,1,9,0,4,0,1,0,0,0,0,1,1,6,1,36,7,1560,2,5,3,1,3
2016120057482,2,9,0,4,0,1,0,0,0,0,2,1,6,2,44,7,999,1,2,4,1,4
2016120057482,3,9,0,4,0,1,0,0,0,0,2,1,6,1,85,11,1360,2,9,8,2,8
2016120057482,4,9,0,9,0,5,0,0,0,0,0,1,6,1,26,6,1685,2,4,9,1,9
2016120057505,1,9,0,18,0,0,0,0,0,0,1,1,6,2,75,10,1242,1,3,7,3,7
2016120057505,2,19,0,18,0,0,0,0,0,0,3,1,6,1,68,10,2460,2,7,6,1,6
2016120057505,3,5,0,18,0,0,1,0,0,0,1,1,6,1,55,8,1170,1,-1,3,1,3
2016120057505,4,9,0,18,0,0,5,0,0,0,1,1,6,1,55,8,1910,2,11,9,2,9
2016120057638,1,9,0,18,0,8,1,9,1,1,1,1,6,2,26,6,1390,1,10,8,2,8
2016120057998,1,9,0,12,0,0,0,0,1,0,3,1,2,1,34,6,1951,2,12,8,1,8
2016120057998,2,9,0,18,0,0,0,0,1,10,3,1,6,2,24,5,1240,1,12,10,1,10
2016120058115,1,9,0,18,0,1,0,0,0,0,1,1,6,2,74,10,1197,1,2,8,2,8
2016120058115,2,9,0,9,0,6,0,0,0,0,1,1,6,2,34,6,1988,1,12,1,1,1
2016120058175,1,11,0,18,0,1,0,0,7,11,1,1,1,1,62,9,5900,2,10,2,1,2
2016120058185,1,9,0,17,0,8,1,0,7,11,1,1,2,1,47,8,2188,2,12,1,1,1
2016120058188,1,9,0,18,0,8,0,0,0,0,1,1,1,1,54,8,-1,-1,-1,6,3,6
2016120058188,2,9,0,18,0,8,1,0,1,11,3,1,6,2,65,9,1560,2,2,6,3,6
2016120058194,1,19,0,18,0,0,0,0,0,0,1,1,1,1,22,5,1461,2,-1,9,1,9
2016120058194,2,9,0,18,0,0,1,0,4,6,2,1,6,2,83,11,1590,1,17,10,2,10
2016120058247,1,19,0,7,0,8,0,0,0,0,4,1,2,1,-1,-1,1910,2,15,2,1,2
2016120058247,2,1,0,18,0,8,0,0,0,0,1,1,6,2,31,6,-1,-1,-1,5,1,5
2016120058589,1,20,0,18,0,0,0,0,0,0,1,1,6,1,53,8,-1,-1,-1,-1,2,-1
2016120058589,2,9,0,18,0,0,0,0,0,0,2,1,6,2,45,7,1598,1,2,8,1,8
2016120058589,3,9,0,18,0,0,0,0,0,0,2,1,6,1,42,7,1968,2,1,2,1,2
2016120058839,1,9,0,18,0,1,0,0,7,0,3,1,6,1,43,7,1560,2,5,7,2,7
2016120058839,2,9,0,18,0,1,0,0,0,0,3,1,6,2,43,7,2996,1,10,6,3,6
2016120058855,1,9,0,18,0,1,0,0,0,0,1,1,6,1,82,11,1198,1,-1,10,1,10
2016120058881,1,9,0,10,0,6,0,0,0,0,0,1,6,1,83,11,1390,1,12,7,1,7
2016120058881,2,9,0,17,0,8,0,0,0,0,0,1,2,1,40,7,-1,-1,-1,9,1,9
2016120058965,1,5,0,18,0,0,0,0,0,0,1,1,6,1,25,5,749,1,9,5,1,5
2016120058965,2,9,0,18,0,0,0,0,0,0,2,1,6,1,60,9,1995,2,2,6,3,6
2016120059088,1,2,0,18,0,0,0,0,0,0,2,1,6,1,21,5,49,1,4,2,1,2
2016120059088,2,9,0,18,0,0,0,0,0,0,1,1,6,3,-1,-1,-1,-1,-1,-1,-1,-1
2016120059176,1,9,0,18,0,1,0,0,0,0,1,1,6,2,24,5,998,1,1,9,3,9
2016120059176,2,9,0,10,0,1,0,0,7,0,2,1,6,1,59,9,1580,1,22,-1,-1,-1
2016120059288,1,21,0,4,0,0,0,0,0,0,1,1,1,1,59,9,12900,2,6,5,3,5
2016120059288,2,19,0,4,0,0,0,0,0,0,2,1,6,2,61,9,1968,2,6,8,3,8
2016120059391,1,9,0,16,0,0,0,0,7,11,1,1,6,1,69,10,1124,1,12,-1,-1,-1
2016120059397,1,9,0,17,0,0,5,7,1,4,3,1,6,2,19,4,1299,1,10,5,1,5
2016120059399,1,21,0,18,0,0,0,0,0,0,0,1,1,1,52,8,10518,2,3,3,2,3
2016120059399,2,9,0,18,0,0,0,0,0,0,0,1,2,2,28,6,1600,1,5,6,3,6
2016120059527,1,9,0,18,0,0,0,0,0,0,1,1,2,1,44,7,1995,2,3,10,3,10
2016120059527,2,9,0,18,0,0,0,0,0,0,2,1,6,2,35,6,1596,1,4,10,2,10
2016120059536,1,9,0,18,0,4,0,0,0,0,1,1,4,1,-1,-1,1968,2,3,6,3,6
2016120059536,2,9,0,18,0,3,0,0,0,0,4,1,6,1,59,9,1796,1,8,6,3,6
2016120059712,1,1,0,18,0,8,0,0,0,0,1,1,1,1,33,6,-1,-1,-1,7,1,7
2016120059712,2,9,0,7,0,8,0,0,0,0,1,1,6,1,37,7,1242,1,9,2,1,2
2016120060002,1,5,0,17,0,0,0,0,0,0,3,1,6,1,62,9,1043,1,4,10,1,10
2016120060551,1,9,0,13,0,0,2,0,0,0,1,1,6,2,23,5,1199,1,13,9,1,9
2016120060551,2,17,0,18,0,0,0,0,0,0,3,1,6,1,50,8,-1,2,9,8,3,8
2016120060764,1,9,0,7,0,6,0,0,0,0,1,1,6,1,42,7,1598,1,7,10,1,10
2016120060764,2,9,0,18,0,8,2,0,0,0,1,1,6,2,76,11,1598,1,12,5,1,5
2016120060812,1,20,0,7,0,5,0,0,0,0,4,1,6,3,-1,-1,-1,-1,-1,-1,-1,-1
2016120060812,2,1,0,18,0,1,0,0,0,0,1,1,6,2,41,7,-1,-1,-1,3,1,3
2016120060941,1,9,0,13,0,1,0,0,0,0,1,1,6,1,26,6,1998,1,13,6,2,6
2016120060941,2,9,0,18,0,1,0,0,0,0,1,1,6,2,41,7,1997,2,5,10,1,10
2016120061286,1,3,0,9,0,6,0,0,0,0,1,1,6,1,60,9,124,1,5,6,1,6
2016120061286,2,9,0,18,0,1,0,0,0,0,1,1,6,1,47,8,2179,2,3,9,3,9
2016120061355,1,9,0,18,0,0,0,0,0,0,1,1,6,1,39,7,1397,1,14,8,1,8
2016120061391,1,9,0,18,0,0,0,0,0,0,1,1,6,1,85,11,1395,1,1,-1,-1,-1
2016120061391,2,9,0,18,0,0,0,0,0,0,1,1,6,1,52,8,2199,2,5,-1,-1,-1
2016120061718,1,9,0,18,0,0,0,0,0,0,1,1,6,1,24,5,1364,2,1,6,1,6
2016120061718,2,9,0,18,0,0,0,0,0,0,1,1,6,2,76,11,1560,2,6,7,2,7
2016120061780,1,1,0,18,0,0,0,0,0,0,0,1,6,2,21,5,-1,-1,-1,7,1,7
2016120061780,2,9,0,18,0,0,0,0,0,0,0,1,6,3,-1,-1,-1,-1,-1,-1,-1,-1
2016120061780,3,9,0,18,0,0,0,0,0,0,0,1,6,3,-1,-1,-1,-1,-1,-1,-1,-1
2016120061786,1,9,0,16,0,0,1,10,1,4,1,1,6,1,33,6,1388,1,10,9,2,9
2016120061878,1,9,0,18,0,8,1,0,1,0,1,1,6,1,30,6,1910,2,11,6,1,6
2016120061878,2,9,0,4,0,1,0,0,0,0,2,1,6,1,49,8,-1,-1,-1,7,2,7
2016120061878,3,9,0,4,0,1,0,0,0,0,0,1,6,1,35,6,-1,-1,-1,9,1,9
2016120061878,4,9,0,18,0,8,1,0,1,0,1,1,6,1,48,8,2143,2,2,8,3,8
2016120061954,1,2,0,18,0,1,0,0,0,0,1,1,6,2,51,8,49,1,1,10,3,10
2016120061954,2,9,0,4,0,5,0,0,0,0,2,1,6,2,74,10,1242,1,6,4,1,4
2016120061962,1,5,0,18,0,0,0,0,0,0,0,1,6,1,54,8,2092,1,6,7,1,7
2016120062008,1,5,0,18,0,8,0,0,0,0,1,1,6,1,30,6,998,1,10,7,1,7
2016120062008,2,9,0,9,0,6,0,0,0,0,3,1,6,2,37,7,2143,2,3,-1,-1,-1
2016120062057,1,4,0,17,0,0,0,0,1,1,1,1,6,1,24,5,998,1,7,2,1,2
2016120062073,1,9,0,18,0,6,0,0,0,0,0,1,6,1,40,7,2360,1,6,7,3,7
2016120062073,2,5,0,18,0,1,0,0,0,0,0,1,6,1,58,9,645,1,6,10,1,10
2016120062335,1,9,0,17,0,0,2,0,7,4,1,1,6,1,21,5,1796,1,16,6,3,6
2016120062399,1,9,0,18,0,1,0,0,0,0,1,1,2,1,47,8,1995,2,3,7,1,7
2016120062399,2,19,0,9,0,1,0,0,0,0,4,1,1,1,54,8,-1,-1,-1,9,3,9
2016120062399,3,19,0,10,0,1,0,0,0,0,1,1,1,1,47,8,2402,2,7,6,1,6
2016120062436,1,9,0,18,0,0,0,0,2,4,1,1,2,2,36,7,1364,1,-1,9,3,9
2016120062541,1,9,0,9,0,0,0,0,1,4,3,1,6,2,26,6,-1,-1,-1,9,1,9
2016120062541,2,5,0,14,0,0,0,0,0,0,1,1,2,1,56,9,-1,-1,-1,7,1,7
2016120062676,1,19,0,18,0,0,0,0,0,0,1,1,6,1,59,9,2402,2,8,5,3,5
2016120062676,2,9,0,3,0,0,0,0,0,0,2,1,6,1,27,6,1910,2,12,-1,1,-1
2016120062676,3,9,0,3,0,0,0,0,0,0,2,1,6,1,28,6,1995,2,13,-1,1,-1
2016120062676,4,9,0,3,0,0,0,0,0,0,2,1,6,1,52,8,1395,1,-1,9,2,9
2016120062701,1,9,0,9,0,1,0,0,0,0,1,1,6,2,39,7,1598,2,-1,-1,-1,-1
2016120062701,2,9,0,18,0,8,0,0,0,0,1,1,6,2,17,4,999,1,4,5,3,5
2016120063153,1,1,0,18,0,0,0,0,1,9,3,1,6,1,55,8,-1,-1,-1,7,3,7
2016120063153,2,9,0,13,0,0,0,0,0,0,4,1,6,3,-1,-1,-1,-1,-1,-1,-1,-1
2016120063153,3,9,0,18,0,0,0,0,0,0,0,1,6,3,-1,-1,-1,-1,-1,4,1,4
2016120063178,1,9,0,16,0,0,0,0,0,0,0,1,6,2,78,11,1994,1,4,10,3,10
2016120063385,1,9,0,9,0,8,0,0,0,0,1,1,6,1,79,11,-1,-1,-1,9,2,9
2016120063385,2,9,0,18,0,1,0,0,0,0,3,1,6,2,53,8,1560,2,2,1,1,1
2016120063560,1,9,0,9,0,6,0,0,0,0,1,1,6,2,23,5,1560,2,9,10,1,10
2016120063560,2,1,0,18,0,1,0,0,0,0,1,1,6,1,19,4,-1,-1,-1,10,2,10
2016120063567,1,9,0,17,0,0,0,0,2,11,4,1,6,1,28,6,-1,-1,-1,2,1,2
2016120063673,1,9,0,4,0,0,0,0,0,0,1,1,2,1,39,7,2993,2,9,7,1,7
2016120063673,2,9,0,3,0,0,0,0,0,0,2,1,2,1,48,8,1360,1,8,-1,-1,-1
2016120063673,3,9,0,3,0,0,0,0,0,0,2,1,2,1,32,6,2720,2,10,2,1,2
2016120063687,1,9,0,5,0,6,0,0,0,0,1,1,3,1,55,8,1560,2,7,-1,-1,-1
2016120063687,2,1,0,17,0,1,0,0,0,0,4,1,6,2,58,9,-1,-1,-1,10,1,10
2016120063772,1,9,0,4,0,4,1,0,0,0,1,1,6,2,36,7,1598,1,12,6,2,6
2016120063772,2,9,0,3,0,4,0,0,0,0,2,1,6,2,30,6,1995,2,1,8,2,8
2016120063869,1,9,0,18,0,0,0,0,0,0,0,1,6,3,-1,-1,-1,-1,-1,-1,-1,-1
2016120064305,1,9,0,18,0,0,0,0,1,11,0,1,4,1,25,5,-1,-1,-1,7,1,7
2016120064334,1,9,0,10,0,4,0,0,0,0,1,1,6,1,88,11,1796,1,12,7,2,7
2016120064334,2,9,0,18,0,4,0,0,0,0,2,1,6,1,24,5,1896,2,14,7,3,7
2016120064346,1,90,0,18,0,0,0,0,0,0,0,1,1,1,27,6,2987,2,6,3,1,3
2016120064346,2,1,0,18,0,0,0,0,1,0,0,1,6,1,30,6,-1,-1,-1,6,2,6
2016120065042,1,9,0,9,0,5,0,0,0,0,3,1,6,1,18,4,1397,1,8,8,1,8
2016120065042,2,3,0,13,0,1,0,0,0,0,4,1,6,1,23,5,124,1,5,-1,-1,-1
2016120065223,1,9,0,18,0,0,0,0,0,0,1,1,6,1,45,7,1948,1,13,8,1,8
2016120065223,2,19,0,4,0,0,0,0,0,0,2,1,1,1,47,8,1461,2,3,2,1,2
2016120065272,1,9,0,18,0,0,0,0,1,0,3,1,6,1,72,10,998,1,3,8,2,8
2016120065272,2,21,0,18,0,0,0,0,7,0,3,1,1,1,52,8,9186,2,3,10,2,10
2016120065404,1,9,0,5,0,4,0,0,0,0,1,1,6,2,41,7,1493,2,11,7,2,7
2016120065404,2,9,0,18,0,4,0,7,0,0,4,1,6,1,33,6,1994,1,17,4,3,4
2016120065551,1,3,0,18,0,4,0,0,0,0,1,1,6,1,25,5,125,1,8,8,1,8
2016120065850,1,9,0,4,0,0,0,0,0,0,1,1,6,2,37,7,1398,1,3,10,3,10
2016120065850,2,9,0,4,0,0,0,0,0,0,2,1,6,2,37,7,1999,1,10,8,1,8
2016120065850,3,9,0,4,0,0,0,0,0,0,2,1,2,2,52,8,1197,1,3,10,1,10
2016120065850,4,9,0,4,0,0,0,0,0,0,2,1,2,1,38,7,1390,1,12,6,1,6
2016120065850,5,9,0,4,0,0,0,0,0,0,2,1,6,1,47,8,1560,2,8,8,1,8
2016120065859,1,9,0,18,0,0,0,0,0,0,4,1,6,1,26,6,1200,1,2,10,1,10