Accident_Index,Vehicle_Reference,Vehicle_Type,Towing_and_Articulation,Vehicle_Manoeuvre,Vehicle_Location-Restricted_Lane,Junction_Location,Skidding_and_Overturning,Hit_Object_in_Carriageway,Vehicle_Leaving_Carriageway,Hit_Object_off_Carriageway,1st_Point_of_Impact,Was_Vehicle_Left_Hand_Drive?,Journey_Purpose_of_Driver,Sex_of_Driver,Age_of_Driver,Age_Band_of_Driver,Engine_Capacity_(CC),Propulsion_Code,Age_of_Vehicle,Driver_IMD_Decile,Driver_Home_Area_Type,Vehicle_IMD_Decile
2016120065898,1,1,0,18,0,8,0,0,0,0,4,1,6,1,21,5,-1,-1,-1,1,1,1
2016120065898,2,9,0,18,0,8,0,0,0,0,1,1,6,1,52,8,1242,1,8,2,1,2
2016120066428,1,9,0,6,0,1,0,0,1,0,3,1,6,1,-1,-1,1995,1,10,-1,-1,-1
2016120066428,2,9,0,18,0,1,0,0,7,9,4,1,6,1,53,8,2400,2,2,9,2,9
2016120066476,1,3,0,18,0,0,1,0,0,0,0,1,6,1,23,5,-1,-1,-1,6,3,6
2016120066569,1,5,0,18,0,2,0,0,0,0,3,1,6,2,41,7,942,1,3,5,1,5
2016120066916,1,9,0,18,0,8,0,0,0,0,3,1,6,1,68,10,1560,2,10,9,1,9
2016120066916,2,1,0,18,0,8,0,0,0,0,1,1,6,2,72,10,-1,-1,-1,10,2,10
2016120067146,1,9,0,9,0,4,0,0,0,0,3,1,6,1,42,7,1956,2,1,10,1,10
2016120067146,2,1,0,7,0,3,0,0,0,0,1,1,6,1,41,7,-1,-1,-1,10,1,10
2016120067209,1,19,0,9,0,2,0,0,0,0,3,1,6,1,30,6,2198,2,3,9,2,9
2016120067209,2,3,0,13,0,1,0,0,0,0,1,1,6,1,63,9,124,1,36,9,1,9
2016120067293,1,1,0,18,0,1,0,0,0,0,1,1,6,1,72,10,-1,-1,-1,3,1,3
2016120067293,2,9,0,7,0,1,0,0,0,0,4,1,6,2,20,4,1968,2,6,6,3,6
2016120067295,1,9,0,7,0,8,0,0,0,0,4,1,6,2,30,6,998,1,1,9,1,9
2016120067295,2,1,0,18,0,1,0,0,0,0,1,1,6,2,27,6,-1,-1,-1,10,1,10
2016120067317,1,9,0,16,0,0,5,0,7,4,1,1,6,2,25,5,1598,1,7,8,1,8
2016120067605,1,90,0,18,0,0,5,0,0,0,3,1,1,1,28,6,7142,2,9,10,1,10
2016120067605,2,9,0,18,0,0,0,0,0,0,3,1,6,1,70,10,1598,2,3,9,1,9
2016120067624,1,9,0,4,0,1,0,0,0,0,2,1,1,2,38,7,-1,-1,-1,4,1,4
2016120067624,2,9,0,18,0,1,0,0,0,0,1,1,1,2,23,5,1596,1,6,8,1,8
2016120067732,1,9,0,5,0,6,0,0,0,0,1,1,6,1,68,10,1398,1,6,3,1,3
2016120067732,2,9,0,18,0,8,0,0,0,0,1,1,6,2,62,9,1360,1,12,9,1,9
2016120067739,1,9,0,5,0,4,0,0,0,0,1,1,6,2,27,6,1198,1,9,10,1,10
2016120067739,2,1,0,18,0,8,0,0,0,0,4,1,6,1,50,8,-1,-1,-1,7,1,7
2016120067856,1,5,0,17,0,0,0,0,1,0,0,1,6,1,39,7,1050,1,11,8,3,8
2016120067876,1,1,0,18,0,0,0,0,0,0,0,1,6,1,44,7,-1,-1,-1,8,2,8
2016120067876,2,1,0,18,0,0,0,0,0,0,0,1,6,1,46,8,-1,-1,-1,8,2,8
2016120068065,1,9,0,13,0,0,5,0,1,0,0,1,6,1,23,5,1390,1,16,4,1,4
2016120068065,2,21,0,18,0,0,0,0,0,0,0,1,1,1,48,8,12809,2,3,8,2,8
2016120068424,1,11,0,18,0,0,0,0,0,0,4,1,1,1,59,9,-1,-1,-1,7,3,7
2016120068470,1,9,0,5,0,1,0,0,0,0,1,1,2,1,45,7,2199,2,-1,10,1,10
2016120068569,1,9,0,18,0,8,0,0,0,0,1,1,1,2,25,5,998,1,14,6,3,6
2016120068569,2,9,0,9,0,8,0,0,0,0,1,1,1,1,21,5,1299,1,15,10,1,10
2016120068762,1,1,0,18,0,8,0,0,0,0,3,1,4,1,11,3,-1,-1,-1,-1,-1,-1
2016120068762,2,9,0,7,0,8,0,0,0,0,1,1,1,1,42,7,1995,2,11,3,1,3
2016120068790,1,4,0,18,0,8,0,0,0,0,1,1,1,1,24,5,124,1,1,1,1,1
2016120068790,2,9,0,18,0,8,0,0,0,0,4,1,1,1,40,7,1560,2,3,4,1,4
2016120068823,1,9,0,16,0,0,0,10,1,11,1,1,1,2,23,5,1560,2,10,5,1,5
2016120068842,1,9,0,1,0,0,0,0,0,0,2,1,6,2,55,8,1299,1,13,8,2,8
2016120069095,1,9,0,17,0,0,0,0,0,0,1,1,6,2,36,7,1587,1,14,3,1,3
2016120069095,2,9,0,16,0,0,0,0,0,0,1,1,6,2,57,9,1422,2,1,9,2,9
2016120069098,1,19,0,18,0,1,0,4,7,5,1,1,1,1,60,9,1995,2,9,8,1,8
2016120069098,2,19,0,2,0,1,0,0,1,4,2,1,1,1,60,9,1248,2,1,2,1,2
2016120069174,1,9,0,18,0,1,0,0,0,0,0,1,6,2,25,5,1596,1,11,4,1,4
2016120069194,1,9,0,18,0,1,0,0,0,0,1,1,2,2,20,4,1149,1,9,6,3,6
2016120069194,2,1,0,9,0,5,0,0,0,0,4,1,2,1,23,5,-1,-1,-1,6,3,6
2016120069237,1,9,0,5,0,1,0,0,0,0,1,1,6,1,22,5,1229,1,7,5,1,5
2016120069237,2,9,0,7,0,1,0,0,0,0,2,1,6,1,57,9,1388,1,8,7,1,7
2016120069237,3,9,0,18,0,1,0,0,0,0,0,1,6,3,-1,-1,-1,-1,-1,-1,-1,-1
2016120069547,1,9,0,18,0,0,0,0,1,1,1,1,6,1,55,8,1998,1,19,3,1,3
2016120069572,1,9,0,13,0,1,0,0,0,0,4,1,6,1,50,8,-1,-1,-1,8,3,8
2016120069572,2,9,0,9,0,5,0,0,1,0,3,1,6,1,75,10,1590,1,14,10,1,10
2016120069645,1,19,0,13,0,0,0,0,0,0,4,1,2,1,35,6,1870,2,10,10,2,10
2016120069645,2,1,0,18,0,0,0,0,0,0,3,1,2,1,48,8,-1,-1,-1,7,1,7
2016120069870,1,9,0,14,0,0,0,0,0,0,1,1,6,2,72,10,-1,-1,-1,3,1,3
2016120069870,2,5,0,2,0,0,0,0,1,0,2,1,6,1,59,9,-1,-1,-1,4,1,4
2016120069935,1,20,0,1,0,2,0,0,0,0,2,1,6,3,-1,-1,-1,-1,-1,-1,-1,-1
2016120070211,1,11,0,4,0,1,0,0,0,0,0,1,1,1,59,9,7300,2,7,3,1,3
2016120070358,1,5,0,17,0,1,1,0,1,0,0,1,6,1,42,7,1050,1,6,6,3,6
2016120070358,2,5,0,17,0,1,1,0,1,0,0,1,6,1,47,8,1299,1,13,10,3,10
2016120070378,1,9,0,17,0,0,1,0,7,2,4,1,6,2,24,5,1124,1,14,4,1,4
2016120070391,1,1,0,18,0,0,0,8,0,0,4,1,2,1,36,7,-1,-1,-1,10,1,10
2016120070391,2,9,0,2,0,0,0,0,0,0,3,1,6,2,-1,-1,-1,-1,-1,-1,-1,-1
2016120070424,1,1,0,9,0,6,0,0,0,0,3,1,6,2,16,4,-1,-1,-1,6,3,6
2016120070424,2,9,0,18,0,1,0,0,7,0,1,1,6,2,35,6,-1,-1,-1,6,3,6
2016120070448,1,9,0,18,0,0,1,0,4,6,1,1,6,2,18,4,1598,1,14,6,1,6
2016120070516,1,9,0,9,0,6,0,0,0,0,1,1,6,2,74,10,1329,1,4,8,3,8
2016120070516,2,5,0,18,0,1,1,0,0,0,1,1,6,1,47,8,749,1,5,6,1,6
2016120070540,1,4,0,18,0,0,0,0,1,11,1,1,6,1,71,10,125,1,2,5,1,5
2016120070581,1,9,0,18,0,0,0,0,0,0,1,1,6,1,25,5,1595,1,8,10,1,10
2016120070581,2,9,0,2,0,0,0,0,0,0,3,1,6,3,-1,-1,1490,1,10,9,1,9
2016120070581,3,9,0,2,0,0,0,0,0,0,2,1,6,3,-1,-1,1598,1,14,-1,-1,-1
2016120070623,1,10,0,2,0,1,0,0,0,0,0,1,1,1,27,6,-1,-1,-1,4,1,4
2016120070623,2,9,0,3,0,1,0,0,0,0,2,1,6,1,17,4,1360,1,13,8,2,8
2016120070623,3,9,0,18,0,1,0,0,0,0,1,1,6,2,62,9,1796,1,3,3,2,3
2016120070623,4,9,0,18,0,1,0,0,0,0,3,1,6,2,80,11,1997,2,13,5,3,5
2016120070990,1,9,0,3,0,8,0,0,0,0,2,1,6,1,56,9,1598,1,1,4,1,4
2016120070990,2,9,0,18,0,8,0,0,0,0,1,1,6,1,37,7,2987,2,8,7,1,7
2016120071073,1,9,0,18,0,0,0,0,5,6,3,1,6,1,65,9,1395,1,2,-1,-1,-1
2016120071950,1,21,0,18,0,1,0,0,0,0,3,2,1,1,25,5,-1,-1,-1,-1,-1,-1
2016120071950,2,9,0,18,0,1,0,0,0,0,3,1,2,2,50,8,1984,1,1,10,1,10
2016120071950,3,9,0,18,0,1,0,0,0,0,3,1,2,1,51,8,1896,2,19,7,2,7
2016120071958,1,9,0,7,0,8,0,0,0,0,3,1,6,1,43,7,1796,1,10,8,1,8
2016120071958,2,1,0,18,0,1,0,0,0,0,1,1,4,1,13,3,-1,-1,-1,4,1,4
2016120072061,1,9,0,17,0,0,1,0,0,0,1,1,6,2,68,10,1753,2,14,8,1,8
2016120072061,2,9,0,16,0,0,0,0,0,0,1,1,6,1,77,11,-1,-1,-1,-1,-1,-1
2016120072218,1,9,0,4,0,1,0,0,0,0,1,1,1,2,44,7,1896,2,12,5,2,5
2016120072218,2,9,0,3,0,1,0,0,0,0,2,1,3,2,26,6,2143,2,3,1,1,1
2016120072218,3,19,0,3,0,1,0,0,0,0,2,1,1,1,51,8,2179,2,11,2,1,2
2016120072248,1,1,0,18,0,6,0,0,0,0,1,1,6,2,13,3,-1,-1,-1,10,3,10
2016120072248,2,9,0,4,0,1,0,0,0,0,1,1,6,1,63,9,1598,2,5,10,1,10
2016120072248,3,9,0,18,0,1,0,0,0,0,1,1,2,1,26,6,1798,1,14,3,1,3
2016120072541,1,9,0,18,0,1,0,0,0,0,1,1,6,1,18,4,1197,1,-1,8,2,8
2016120072541,2,9,0,18,0,1,0,0,0,0,2,1,6,1,18,4,1600,1,12,1,1,1
2016120072573,1,9,0,9,0,8,0,0,0,0,3,1,3,2,40,7,2179,2,9,2,1,2
2016120072573,2,9,0,18,0,1,0,0,0,0,1,1,6,1,41,7,1339,1,8,3,1,3
2016120072654,1,9,0,18,0,0,1,0,7,4,4,1,6,2,31,6,1242,1,12,9,1,9
2016120072710,1,9,0,18,0,8,0,0,0,0,1,1,6,2,70,10,1229,1,10,7,1,7
2016120072710,2,19,0,18,0,8,0,0,0,0,3,1,1,1,52,8,2198,2,7,10,1,10
2016120072795,1,8,0,18,0,0,2,10,2,4,4,1,1,1,46,8,1910,2,8,-1,-1,-1
2016120072797,1,9,0,18,0,0,1,0,1,7,1,1,1,1,37,7,1560,2,2,9,1,9
2016120072797,2,9,0,18,0,0,1,4,0,0,1,1,1,2,47,8,1398,2,4,7,2,7
2016120072936,1,9,0,18,0,0,0,0,0,0,1,1,6,1,68,10,2143,2,2,10,1,10
2016120073306,1,9,0,9,0,6,0,0,0,0,1,1,1,1,49,8,-1,-1,-1,7,2,7
2016120073306,2,1,0,18,0,8,0,0,0,0,3,1,2,2,49,8,-1,-1,-1,9,1,9
2016120073396,1,5,0,16,0,0,0,0,7,9,1,1,6,1,53,8,1137,1,10,1,1,1
2016120073428,1,9,0,18,0,1,0,0,0,0,1,1,6,1,88,11,1998,2,12,9,1,9
2016120073428,2,9,0,2,0,2,0,0,0,0,2,1,6,3,-1,-1,1612,1,3,10,1,10
2016120073428,3,9,0,2,0,2,0,0,0,0,2,1,6,3,-1,-1,1390,1,8,7,1,7
2016120073428,4,9,0,2,0,2,0,0,0,0,2,1,6,3,-1,-1,1599,1,10,10,1,10
2016120073446,1,9,0,18,0,1,0,0,0,0,3,1,6,1,75,10,2179,2,2,8,3,8
2016120073446,2,9,0,18,0,2,0,0,0,0,3,1,1,1,62,9,-1,-1,-1,1,1,1
2016120073485,1,9,0,2,0,1,0,0,0,0,0,1,1,2,31,6,1582,2,2,9,2,9
2016120073485,2,1,0,18,0,1,0,0,0,0,0,1,1,2,45,7,-1,-1,-1,6,1,6
2016120073548,1,9,0,16,0,0,0,0,7,4,1,1,6,1,55,8,1497,8,-1,9,3,9
2016120073551,1,20,0,18,0,2,0,0,0,0,1,1,1,1,22,5,6374,2,2,1,1,1
2016120073551,2,19,0,3,0,2,0,0,0,0,2,1,1,1,61,9,1998,2,10,2,1,2
2016120073551,3,19,0,3,0,2,0,0,0,0,2,1,1,1,31,6,1998,2,14,1,1,1
2016120073554,1,19,0,9,0,6,0,0,0,0,1,1,2,1,59,9,1997,2,10,8,1,8
2016120073554,2,9,0,18,0,1,5,0,0,0,1,1,2,1,54,8,1997,2,10,5,3,5
2016120073798,1,9,0,18,0,4,0,0,0,0,1,1,6,2,45,7,1242,1,13,5,2,5
2016120073798,2,9,0,18,0,4,0,0,0,0,4,1,6,1,29,6,1968,2,3,7,1,7
2016120073862,1,9,0,9,0,5,0,0,0,0,1,1,6,1,27,6,1339,1,9,8,1,8
2016120073934,1,21,1,12,0,0,0,0,0,0,3,2,1,1,38,7,-1,-1,-1,-1,-1,-1
2016120073934,2,9,0,13,0,0,0,0,0,0,4,1,6,2,20,4,-1,-1,-1,3,1,3
2016120074042,1,9,0,18,0,0,0,0,0,0,1,1,6,2,78,11,-1,-1,-1,-1,-1,-1
2016120074147,1,2,0,18,0,1,0,0,0,0,1,1,2,1,16,4,49,1,5,10,1,10
2016120074147,2,9,0,4,0,1,0,0,0,0,2,1,2,1,45,7,1997,2,11,8,1,8
2016120074153,1,9,0,18,0,0,0,0,1,0,0,1,6,2,43,7,998,1,4,6,2,6
2016120074153,2,9,0,18,0,0,0,0,0,0,0,1,6,3,-1,-1,-1,-1,-1,-1,-1,-1
2016120074568,1,9,0,16,0,0,2,0,1,9,1,1,6,1,41,7,1998,1,13,9,3,9
2016120074647,1,9,0,7,0,5,0,0,0,0,4,1,6,2,25,5,1198,1,5,10,2,10
2016120074647,2,1,0,18,4,1,0,0,0,0,1,1,1,1,27,6,-1,-1,-1,10,1,10
2016120074674,1,9,0,1,9,5,0,0,0,0,2,1,6,1,21,5,1956,2,7,6,1,6
2016120074708,1,9,0,18,0,0,1,0,5,6,1,1,6,1,46,8,1497,1,15,7,3,7
2016120075089,1,2,0,18,0,1,0,0,0,0,1,1,6,2,30,6,49,1,4,8,1,8
2016120075089,2,9,0,5,0,6,0,0,0,0,3,1,6,1,52,8,2149,2,8,7,1,7
2016120075194,1,9,0,13,0,1,5,0,1,0,1,1,6,1,19,4,1598,1,12,9,2,9
2016120075194,2,9,0,18,0,1,0,0,0,0,1,1,6,2,54,8,1149,1,9,6,1,6
2016120075291,1,1,0,7,0,8,0,0,0,0,1,1,6,1,18,4,-1,-1,-1,10,1,10
2016120075291,2,9,0,7,0,8,0,0,0,0,3,1,6,1,83,11,1386,1,6,10,1,10
2016120075292,1,17,0,18,0,0,0,0,0,0,0,1,1,1,35,6,6788,2,6,8,3,8
2016120075292,2,1,0,3,0,0,0,0,0,0,0,1,6,1,48,8,-1,-1,-1,8,3,8
2016120075573,1,9,0,17,0,0,0,0,0,0,0,1,6,3,-1,-1,-1,-1,-1,-1,-1,-1
2016120075573,2,3,0,17,0,0,1,0,1,0,0,1,6,1,20,4,124,1,-1,2,1,2
2016120075675,1,9,0,18,0,3,0,0,0,0,2,1,6,1,18,4,1242,1,9,6,1,6
2016120075675,2,9,0,18,0,4,0,0,0,0,1,1,6,1,46,8,2204,2,7,3,1,3
2016120075848,1,9,0,18,0,1,0,0,0,0,1,1,6,1,44,7,1298,1,15,8,1,8
2016120075936,1,1,0,18,0,8,0,0,0,0,1,1,6,1,36,7,-1,-1,-1,1,1,1
2016120075936,2,9,0,7,0,8,0,0,0,0,4,1,6,1,42,7,1998,2,6,9,1,9
2016120075973,1,9,0,18,0,0,0,0,0,0,1,1,6,1,38,7,998,1,16,7,1,7
2016120075973,2,9,0,18,0,0,0,0,0,0,2,1,6,2,38,7,1596,1,8,-1,-1,-1
2016120076257,1,9,0,17,0,0,5,0,7,0,1,1,1,1,22,5,1997,2,13,2,1,2
2016120076282,1,9,0,18,0,0,0,0,0,0,4,1,2,1,32,6,1598,1,8,3,1,3
2016120076282,2,21,0,18,0,0,0,0,0,0,3,1,1,1,45,7,12777,2,1,8,1,8
2016120076282,3,9,0,18,0,0,0,0,0,0,2,1,2,1,28,6,1995,2,6,3,1,3
2016120076416,1,9,0,7,0,5,0,0,0,0,4,1,6,1,26,6,1991,2,10,6,2,6
2016120076521,1,9,0,18,0,0,0,0,0,0,3,1,6,1,81,11,1798,1,2,9,2,9
2016120076521,2,1,0,18,0,0,0,0,0,0,1,1,6,1,67,10,-1,-1,-1,5,1,5
2016120076537,1,9,0,6,0,2,0,0,0,0,1,1,6,1,67,10,1240,1,6,6,2,6
2016120076537,2,9,0,18,0,1,1,0,1,11,4,1,6,1,33,6,1997,2,3,6,2,6
2016120076560,1,5,0,5,0,1,0,0,0,0,3,1,6,1,68,10,348,1,32,4,3,4
2016120076687,1,9,0,5,0,4,0,0,0,0,2,1,2,1,29,6,1364,1,2,4,1,4
2016120076687,2,1,0,18,0,8,0,0,0,0,1,1,2,1,57,9,-1,-1,-1,10,1,10
2016120076719,1,9,0,3,0,0,0,0,0,0,2,1,1,1,51,8,2987,2,9,10,1,10
2016120076719,2,19,0,18,0,0,0,0,0,0,1,1,1,1,40,7,1868,2,10,2,1,2
2016120076921,1,1,0,18,0,0,0,0,0,0,3,1,6,1,13,3,-1,-1,-1,7,1,7
2016120076921,2,9,0,18,0,0,0,0,0,0,4,1,2,2,53,8,1753,2,7,10,2,10
2016120076925,1,1,0,18,0,1,0,0,0,0,1,1,2,1,45,7,-1,-1,-1,10,1,10
2016120076925,2,9,0,7,0,1,0,0,0,0,4,1,1,1,27,6,-1,-1,-1,9,1,9
2016120076987,1,9,0,18,0,1,0,0,0,0,3,1,3,2,59,9,-1,-1,-1,9,1,9
2016120077101,1,19,0,9,0,1,0,0,0,0,4,1,1,1,45,7,1997,2,9,10,1,10
2016120077162,1,9,0,18,0,0,0,0,0,0,2,1,6,2,37,7,1560,2,5,3,1,3
2016120077162,2,2,0,18,0,0,0,0,0,0,1,1,6,1,24,5,49,1,6,9,1,9
2016120077256,1,9,4,13,0,0,0,0,0,0,4,1,1,1,39,7,3200,2,12,7,1,7
2016120077256,2,1,0,18,0,0,0,0,1,0,0,1,6,1,39,7,-1,-1,-1,7,1,7
2016120077639,1,9,0,18,0,4,0,0,0,0,1,1,6,2,27,6,1796,1,4,8,3,8
2016120077639,2,9,0,18,0,8,0,0,0,0,4,1,6,2,71,10,998,1,4,10,2,10
2016120077706,1,9,0,18,0,8,0,0,0,0,4,1,6,1,23,5,1587,1,8,2,2,2
2016120077706,2,9,0,5,0,4,0,0,0,0,1,1,6,1,-1,-1,1493,1,16,5,2,5
2016120077721,1,9,0,18,0,8,0,0,0,0,1,1,6,1,78,11,1395,1,1,8,1,8
2016120077721,2,9,0,18,0,8,0,0,0,0,4,1,6,2,52,8,1995,2,7,4,3,4
2016120077758,1,4,0,4,0,1,0,0,0,0,4,1,6,2,72,10,470,1,3,6,1,6
2016120077799,1,9,0,18,0,0,0,0,0,0,1,1,6,1,79,11,4196,1,10,10,1,10
2016120077799,2,9,0,2,6,0,0,0,1,0,2,1,6,1,34,6,1799,1,8,5,1,5
2016120077886,1,9,0,18,0,0,0,0,8,4,1,1,2,1,41,7,1250,1,10,3,2,3
2016120077982,1,9,0,17,0,0,0,0,1,9,1,1,2,1,56,9,1461,2,9,7,3,7
2016120077994,1,9,0,9,0,1,0,0,7,0,1,1,6,2,44,7,1490,1,9,8,3,8
2016120077994,2,19,0,18,0,1,0,0,8,1,4,1,1,1,23,5,2198,2,1,9,3,9
2016120078026,1,5,0,16,0,0,0,0,1,0,1,1,6,2,52,8,675,1,5,9,1,9
2016120078026,2,9,0,18,0,0,0,0,7,0,1,1,6,1,66,10,1598,1,11,9,1,9
2016120078028,1,9,0,10,0,6,0,0,0,0,1,1,2,2,36,7,1598,1,4,4,2,4
2016120078028,2,1,0,14,0,1,0,0,0,0,4,1,2,1,48,8,-1,-1,-1,4,1,4
2016120078152,1,5,0,16,0,1,1,0,0,0,3,1,6,1,28,6,600,1,17,7,3,7
2016120078152,2,9,0,17,0,1,0,0,0,0,3,1,6,1,83,11,1991,2,10,3,1,3
2016120078152,3,9,0,17,0,1,0,0,0,0,1,1,6,2,24,5,-1,-1,-1,8,3,8
2016120078234,1,9,0,9,0,8,0,0,0,0,1,1,6,2,74,10,2967,2,6,8,3,8
2016120078234,2,9,0,18,0,1,0,0,8,3,1,1,6,1,17,4,1598,1,11,8,1,8
2016120078329,1,9,0,18,0,0,0,0,0,0,1,1,2,1,25,5,1896,2,18,-1,-1,-1
2016120078329,2,9,0,7,0,0,0,0,0,0,2,1,6,1,65,9,1598,2,1,4,3,4
2016120078533,1,1,0,17,0,0,0,0,0,0,0,1,6,1,29,6,-1,-1,-1,-1,-1,-1
2016120078582,1,9,0,9,0,8,0,0,0,0,4,1,6,1,18,4,1598,1,14,6,3,6
2016120078582,2,9,0,18,0,8,0,0,0,0,1,1,6,1,48,8,1461,2,8,8,1,8
2016120078630,1,9,0,3,0,0,0,0,0,0,2,1,6,1,46,8,1598,1,3,7,1,7
2016120078630,2,5,0,3,0,0,0,0,0,0,2,1,2,1,42,7,998,1,12,8,2,8
2016120078630,3,9,0,18,0,0,0,0,0,0,1,1,6,3,-1,-1,-1,-1,-1,-1,-1,-1
2016120078735,1,9,0,18,0,0,0,0,0,0,2,1,2,1,40,7,-1,-1,-1,6,1,6
2016120078735,2,1,0,18,0,0,1,0,1,0,1,1,6,1,63,9,-1,-1,-1,7,3,7
2016120078794,1,9,0,18,0,1,0,0,0,0,2,1,6,1,83,11,2268,2,2,6,1,6
2016120078794,2,9,0,18,0,1,0,0,0,0,1,1,6,1,21,5,1995,1,6,1,1,1
2016120079107,1,9,0,18,0,8,2,0,3,0,1,1,6,1,32,6,1598,1,8,6,3,6
2016120079176,1,1,0,17,0,0,0,0,0,0,0,1,6,2,53,8,-1,-1,-1,8,1,8
2016120079176,2,19,0,17,0,0,0,0,0,0,0,1,6,3,-1,-1,-1,-1,-1,-1,-1,-1
2016120079263,1,5,0,13,0,1,0,0,7,11,4,1,6,2,35,6,750,1,18,7,2,7
2016120079263,2,9,0,9,0,5,0,0,0,0,3,1,6,1,56,9,1984,2,6,9,3,9
2016120079321,1,9,0,16,0,0,5,0,8,11,1,1,6,2,67,10,-1,-1,-1,-1,-1,-1
2016120079384,1,1,0,18,0,8,0,0,0,0,3,1,6,2,20,4,-1,-1,-1,7,1,7
2016120079384,2,9,0,7,0,8,0,0,0,0,1,1,6,3,-1,-1,-1,-1,-1,-1,-1,-1
2016120079434,1,11,0,5,0,0,0,0,0,0,0,1,1,1,53,8,9360,2,7,1,1,1
2016120079618,1,9,0,17,0,0,0,0,8,11,1,1,6,1,35,6,-1,-1,-1,6,1,6
2016120079679,1,9,0,16,0,0,2,0,1,4,0,1,6,1,22,5,2494,2,10,4,1,4
2016120079781,1,9,0,9,0,0,0,0,0,0,0,1,1,1,75,10,1299,1,15,10,1,10
2016120079781,2,9,0,18,0,0,0,0,7,0,0,1,1,1,35,6,-1,-1,-1,6,1,6
2016120079794,1,1,0,18,0,0,0,2,0,0,4,1,6,1,60,9,-1,-1,-1,2,1,2
2016120079872,1,9,0,17,0,0,0,0,1,11,1,1,6,1,31,6,1598,1,6,10,3,10
2016120079916,1,9,0,6,0,0,0,0,0,0,3,1,6,1,37,7,1560,2,2,9,1,9
2016120079916,2,5,0,18,0,0,0,0,0,0,1,1,6,1,25,5,689,1,1,7,3,7
2016120079950,1,9,0,10,0,1,0,0,0,0,2,1,6,1,54,8,1968,2,9,5,3,5
2016120079950,2,9,0,4,0,1,0,0,0,0,2,1,6,1,35,6,998,1,17,8,3,8
2016120079950,3,9,0,18,0,1,0,0,0,0,1,1,6,1,24,5,1896,2,14,8,2,8
2016120079950,4,9,0,18,0,1,0,0,0,0,1,1,6,2,32,6,1390,1,11,7,1,7
2016120080056,1,9,0,3,0,0,0,0,0,0,2,1,6,1,81,11,-1,-1,-1,5,1,5
2016120080056,2,5,0,3,0,0,0,0,0,0,1,1,6,1,62,9,998,1,6,1,1,1
2016120080089,1,1,0,18,0,0,0,0,0,0,1,1,6,1,46,8,-1,-1,-1,2,1,2
2016120080090,1,9,0,9,0,8,0,0,0,0,4,1,6,2,19,4,998,1,8,3,1,3
2016120080090,2,9,0,7,0,8,0,0,0,0,1,1,6,2,54,8,1956,2,6,6,1,6
2016120080134,1,5,0,17,0,0,0,0,1,10,1,1,6,1,54,8,1050,1,4,5,1,5
2016120080164,1,2,0,18,0,8,0,0,0,0,1,1,6,1,16,4,-1,-1,-1,9,1,9
2016120080376,1,9,0,7,0,6,0,0,1,0,3,1,6,2,23,5,1242,1,-1,3,1,3
2016120080376,2,9,0,17,0,8,0,0,1,0,4,1,6,1,49,8,-1,-1,-1,6,3,6
2016120080581,1,9,0,4,0,1,0,0,0,0,1,1,6,2,23,5,1590,1,13,2,1,2
2016120080581,2,9,0,18,0,1,0,0,0,0,2,1,6,2,51,8,-1,-1,-1,7,3,7
2016120080596,1,9,0,18,0,0,0,0,0,0,3,1,6,2,-1,-1,-1,-1,-1,-1,-1,-1
2016120080596,2,9,0,18,0,0,0,0,0,0,3,1,6,1,45,7,1896,2,11,7,2,7
2016120080732,1,9,0,9,0,6,0,0,0,0,2,1,6,2,22,5,1149,1,11,9,2,9
2016120080732,2,5,0,18,0,1,1,0,0,0,1,1,6,1,33,6,955,1,13,5,1,5
2016120080790,1,9,0,18,0,2,0,0,0,0,0,1,6,1,39,7,1598,1,10,8,1,8
2016120080820,1,1,0,18,0,1,0,0,0,0,1,1,4,2,37,7,-1,-1,-1,7,1,7
2016120080820,2,9,0,5,0,6,0,0,0,0,1,1,6,1,25,5,1587,1,9,3,1,3
2016120080841,1,9,0,9,0,8,0,0,0,0,1,1,6,1,58,9,1560,2,3,1,2,1
2016120080841,2,9,0,18,0,8,0,0,0,0,3,1,6,2,35,6,1600,2,7,5,1,5
2016120081204,1,9,0,5,0,8,0,0,0,0,4,1,1,1,52,8,-1,-1,-1,-1,-1,-1
2016120081204,2,1,0,18,4,8,0,0,0,0,1,1,6,1,16,4,-1,-1,-1,7,1,7
2016120081219,1,9,0,13,0,0,0,0,1,0,4,1,6,1,76,11,1591,1,2,8,1,8
2016120081219,2,21,0,18,0,0,0,0,0,0,3,1,1,1,22,5,12740,2,5,3,1,3
2016120081220,1,9,0,17,0,0,2,0,1,9,4,1,6,1,24,5,1968,2,-1,4,1,4
2016120081241,1,19,0,18,0,1,0,0,0,0,1,1,1,1,21,5,2143,2,2,4,1,4
2016120081241,2,9,0,3,0,2,0,0,0,0,2,1,1,1,18,4,1149,1,13,7,3,7
2016120081241,3,9,0,3,0,2,0,0,0,0,2,1,1,2,28,6,1587,1,12,6,3,6
2016120081241,4,9,0,3,0,2,0,0,0,0,2,1,1,2,52,8,-1,-1,-1,10,1,10
2016120081262,1,1,0,18,0,0,0,0,0,0,1,1,6,1,46,8,-1,-1,-1,5,1,5