Accident_Index,Vehicle_Reference,Vehicle_Type,Towing_and_Articulation,Vehicle_Manoeuvre,Vehicle_Location-Restricted_Lane,Junction_Location,Skidding_and_Overturning,Hit_Object_in_Carriageway,Vehicle_Leaving_Carriageway,Hit_Object_off_Carriageway,1st_Point_of_Impact,Was_Vehicle_Left_Hand_Drive?,Journey_Purpose_of_Driver,Sex_of_Driver,Age_of_Driver,Age_Band_of_Driver,Engine_Capacity_(CC),Propulsion_Code,Age_of_Vehicle,Driver_IMD_Decile,Driver_Home_Area_Type,Vehicle_IMD_Decile
2016120081262,2,1,0,18,0,0,0,0,0,0,1,1,6,1,30,6,-1,-1,-1,9,1,9
2016120081358,1,9,0,18,0,1,0,0,0,0,1,1,4,1,18,4,1587,1,11,8,1,8
2016120081358,2,19,0,18,0,1,0,0,0,0,4,1,1,1,27,6,2143,2,6,1,1,1
2016120081471,1,9,0,18,0,0,0,0,0,0,4,1,6,1,80,11,-1,-1,-1,-1,-1,-1
2016120081474,1,19,0,9,0,6,0,0,1,9,3,1,6,1,58,9,-1,-1,-1,-1,-1,-1
2016120081474,2,21,1,18,0,1,0,0,0,0,1,1,1,1,68,10,10837,2,4,7,1,7
2016120081496,1,9,0,2,0,0,0,0,0,0,3,1,6,2,47,8,1388,1,12,4,1,4
2016120081496,2,1,0,14,0,0,0,0,0,0,4,1,2,2,64,9,-1,-1,-1,10,1,10
2016120081513,1,9,0,18,0,0,2,0,1,9,3,1,6,2,18,4,1242,1,12,6,3,6
2016120081549,1,9,0,17,0,0,5,0,1,11,4,1,6,1,18,4,1596,1,12,8,1,8
2016120081651,1,9,0,18,0,1,0,0,3,4,1,1,6,1,24,5,1560,2,11,6,1,6
2016120081705,1,21,1,13,0,0,0,0,0,0,1,1,1,1,47,8,12419,2,5,1,1,1
2016120081705,2,21,1,18,0,0,0,0,0,0,2,1,1,1,51,8,10518,2,9,3,1,3
2016120081733,1,9,0,3,0,0,0,0,0,0,2,1,1,1,53,8,1560,2,4,10,1,10
2016120081733,2,9,0,18,0,0,1,0,0,0,1,1,1,2,23,5,999,1,1,10,3,10
2016120082227,1,21,0,18,0,1,0,0,0,0,1,1,1,1,47,8,12777,2,10,3,1,3
2016120082227,2,19,0,5,0,8,0,0,0,0,2,1,1,1,27,6,2402,2,9,-1,-1,-1
2016120082431,1,9,0,18,0,1,0,0,0,0,1,1,2,1,38,7,2495,2,15,-1,-1,-1
2016120082431,2,9,0,9,0,5,0,0,7,0,3,1,2,1,25,5,2497,1,12,8,2,8
2016120082442,1,5,0,18,0,1,0,0,0,0,4,1,2,1,17,4,125,1,-1,8,2,8
2016120082442,2,9,0,9,0,8,0,0,0,0,3,1,2,2,38,7,1461,2,3,-1,-1,-1
2016120082700,1,3,0,17,0,0,1,0,0,0,0,1,6,1,20,4,125,1,-1,9,2,9
2016120082835,1,9,0,6,8,6,0,0,0,0,1,1,6,1,52,8,1390,1,8,6,1,6
2016120082835,2,9,0,18,0,1,5,0,1,7,1,1,1,2,17,4,1242,1,2,6,3,6
2016120083132,1,9,0,5,0,5,0,0,0,0,0,1,2,1,47,8,-1,-1,-1,8,1,8
2016120083132,2,5,0,18,0,1,1,0,0,0,0,1,6,1,49,8,1157,1,19,8,1,8
2016120083314,1,2,0,18,0,0,0,0,0,0,0,1,6,1,19,4,124,1,4,3,2,3
2016120083327,1,1,0,16,0,1,0,0,0,0,1,1,6,1,-1,-1,-1,-1,-1,-1,-1,-1
2016120083426,1,9,0,9,0,6,0,0,0,0,1,1,6,2,53,8,647,8,1,10,1,10
2016120083426,2,1,0,18,0,1,0,0,0,0,4,1,2,1,30,6,-1,-1,-1,8,1,8
2016120083868,1,9,0,18,0,1,0,0,0,0,1,1,6,1,57,9,1560,2,4,-1,2,-1
2016120083884,1,9,0,9,0,8,0,0,0,0,4,1,6,2,-1,-1,2231,2,10,8,1,8
2016120083884,2,5,0,9,0,8,0,0,0,0,3,1,6,1,53,8,1690,1,2,6,1,6
2016120083913,1,9,0,16,0,8,0,0,0,0,0,1,6,3,-1,-1,-1,-1,-1,-1,-1,-1
2016120083913,2,1,0,16,0,8,0,0,0,0,0,1,6,2,35,6,-1,-1,-1,8,1,8
2016120083966,1,9,0,18,0,0,0,0,0,0,3,1,6,1,36,7,2000,2,9,1,1,1
2016120083966,2,9,0,18,0,0,0,0,0,0,4,1,6,2,50,8,1997,2,12,8,1,8
2016120084052,1,9,0,18,0,4,0,0,7,3,3,1,6,1,79,11,1560,2,3,6,1,6
2016120084052,2,9,0,9,0,4,0,0,0,0,1,1,6,2,57,9,1399,2,5,1,1,1
2016120084229,1,9,0,18,0,1,0,0,0,0,1,1,6,2,41,7,1560,2,5,6,2,6
2016120084609,1,9,0,9,0,5,0,0,0,0,4,1,6,3,38,7,-1,-1,-1,4,3,4
2016120084609,2,9,0,18,0,1,0,0,0,0,1,1,6,3,82,11,-1,-1,-1,6,3,6
2016120084647,1,5,0,16,0,0,1,0,7,11,1,1,6,1,35,6,599,1,12,1,1,1
2016120084672,1,4,0,18,0,0,1,0,0,0,1,1,6,3,-1,-1,124,1,9,-1,-1,-1
2016120084672,2,9,0,3,0,0,0,0,0,0,2,1,6,1,44,7,1600,1,13,9,1,9
2016120084712,1,1,0,18,0,0,0,0,0,0,3,1,4,1,15,3,-1,-1,-1,6,1,6
2016120084712,2,9,0,18,0,0,0,0,0,0,4,1,6,3,-1,-1,-1,-1,-1,-1,-1,-1
2016120085171,1,9,0,6,0,0,0,0,0,0,3,1,6,1,35,6,998,1,6,4,1,4
2016120085171,2,5,0,14,0,0,0,0,0,0,4,1,6,1,53,8,781,1,14,10,1,10
2016120085172,1,5,0,14,0,2,0,0,0,0,1,1,6,1,49,8,996,1,15,7,1,7
2016120085172,2,9,0,12,0,2,0,0,0,0,3,1,6,2,-1,-1,1598,1,9,3,1,3
2016120085494,1,9,0,18,0,0,1,0,0,0,1,1,2,1,34,6,1998,1,-1,9,2,9
2016120085494,2,9,0,3,0,0,0,0,0,0,2,1,1,2,22,5,1968,2,1,7,3,7
2016120085494,3,9,0,3,0,0,0,0,0,0,2,1,2,1,36,7,1560,2,4,10,2,10
2016120085494,4,9,0,3,0,0,0,0,0,0,2,1,2,1,25,5,998,1,-1,9,1,9
2016120085520,1,9,0,18,0,0,5,0,7,10,1,1,2,1,26,6,-1,-1,-1,3,1,3
2016120085739,1,1,0,16,0,1,0,0,0,0,1,1,6,2,77,11,-1,-1,-1,4,1,4
2016120085739,2,20,0,17,0,1,0,0,0,0,2,1,6,3,-1,-1,-1,-1,-1,-1,-1,-1
2016120085941,1,9,0,9,0,8,0,0,0,0,1,1,6,1,78,11,1395,1,-1,-1,-1,-1
2016120085941,2,9,0,18,0,1,0,0,2,7,2,1,6,1,63,9,999,1,1,7,1,7
2016120085999,1,3,0,18,0,0,0,11,1,0,1,1,2,1,23,5,124,1,2,8,1,8
2016120086024,1,11,0,1,0,2,0,0,0,0,2,1,1,2,39,7,6700,2,8,7,1,7
2016120086024,2,9,0,3,0,1,0,0,0,0,1,1,6,2,52,8,1149,1,13,9,1,9
2016120086179,1,9,0,18,0,8,0,0,0,0,1,1,6,3,-1,-1,-1,-1,-1,-1,-1,-1
2016120086179,2,22,0,5,0,8,0,0,0,0,3,1,6,2,80,11,-1,-1,-1,9,1,9
2016120086201,1,9,0,18,0,0,0,0,0,0,1,1,6,1,54,8,-1,-1,-1,8,2,8
2016120086201,2,9,0,2,0,0,0,0,0,0,0,1,6,2,67,10,2179,2,5,5,3,5
2016120086201,3,1,0,2,0,0,0,0,0,0,3,1,6,1,44,7,-1,-1,-1,10,2,10
2016120086406,1,9,0,18,0,0,0,0,0,0,4,1,6,3,-1,-1,-1,-1,-1,-1,-1,-1
2016120086553,1,9,0,18,0,1,0,0,0,0,1,1,6,1,62,9,-1,-1,-1,7,3,7
2016120086553,2,9,0,18,0,2,0,0,0,0,3,1,1,1,51,8,2969,2,9,10,1,10
2016120086553,3,9,0,10,0,8,0,0,0,0,0,1,6,3,-1,-1,-1,-1,-1,-1,-1,-1
2016120086553,4,9,0,3,0,1,0,0,0,0,0,1,6,1,75,10,1399,2,11,5,2,5
2016120086671,1,9,0,18,0,8,0,0,0,0,1,1,6,2,29,6,1242,1,11,2,2,2
2016120086671,2,9,0,2,0,8,0,0,1,0,2,1,6,3,-1,-1,1461,2,1,8,3,8
2016120086697,1,1,0,18,9,8,0,0,0,0,1,1,6,1,11,3,-1,-1,-1,5,3,5
2016120086697,2,9,0,1,9,8,0,0,0,0,1,1,6,1,62,9,1587,1,17,5,3,5
2016120086741,1,1,0,9,0,1,0,0,0,0,1,1,6,1,20,4,-1,-1,-1,5,1,5
2016120086741,2,9,0,1,0,1,0,0,0,0,2,1,6,1,38,7,1598,1,11,6,1,6
2016120086748,1,9,0,18,0,1,0,0,7,0,1,1,6,2,31,6,1598,2,4,9,3,9
2016120086748,2,9,0,18,0,6,0,0,0,0,1,1,6,1,72,10,1390,1,5,6,2,6
2016120087048,1,9,0,7,0,2,0,0,0,0,1,1,2,1,54,8,1229,1,11,7,1,7
2016120087048,2,9,0,18,0,1,0,0,0,0,4,1,2,2,36,7,1685,2,3,5,1,5
2016120087173,1,9,0,4,0,1,0,0,0,0,2,1,6,2,30,6,1598,1,9,8,1,8
2016120087173,2,9,0,4,0,1,0,0,0,0,1,1,6,2,18,4,998,1,8,5,3,5
2016120087194,1,1,0,18,0,2,0,0,1,7,1,1,1,1,32,6,-1,-1,-1,10,1,10
2016120087194,2,9,0,3,0,2,0,0,0,0,4,1,1,2,28,6,1242,1,7,10,1,10
2016120087323,1,2,0,18,0,0,0,0,0,0,3,1,2,2,18,4,49,1,1,5,3,5
2016120087323,2,9,4,18,0,0,0,0,0,0,4,1,6,1,67,10,1990,1,24,5,3,5
2016120087386,1,9,0,16,0,0,0,0,1,11,1,1,6,1,90,11,1400,1,18,8,1,8
2016120087386,2,9,0,2,0,0,0,0,0,0,2,1,6,1,33,6,1349,1,8,7,3,7
2016120087524,1,9,0,9,0,1,0,0,1,0,1,1,6,1,34,6,1598,1,7,9,2,9
2016120087524,2,9,0,18,0,1,0,0,1,0,1,1,6,2,49,8,1598,1,6,1,1,1
2016120087568,1,9,0,18,0,4,0,0,0,0,1,1,6,1,18,4,1598,1,10,10,1,10
2016120087568,2,9,0,18,0,4,0,0,0,0,3,1,6,2,18,4,1242,1,9,5,3,5
2016120087950,1,19,0,18,0,1,0,0,0,0,1,1,1,1,29,6,1968,2,2,6,1,6
2016120087950,2,9,0,4,0,1,0,0,0,0,2,1,1,1,47,8,-1,-1,-1,1,1,1
2016120087950,3,19,0,10,0,1,0,0,0,0,2,1,1,1,34,6,-1,-1,-1,6,3,6
2016120087981,1,9,0,10,0,1,0,0,0,0,2,1,6,2,39,7,1598,1,6,9,3,9
2016120087981,2,9,0,3,0,1,0,0,0,0,2,1,6,1,41,7,2967,2,-1,10,1,10
2016120087981,3,9,0,18,0,1,1,0,0,0,1,1,6,1,23,5,1149,1,6,8,1,8
2016120088162,1,9,0,10,0,1,0,0,0,0,2,1,6,1,20,4,1124,1,14,3,1,3
2016120088162,2,9,0,18,0,1,0,0,0,0,2,1,6,1,27,6,1796,1,12,3,1,3
2016120088162,3,9,0,18,0,1,0,0,0,0,1,1,6,1,54,8,2776,2,12,10,3,10
2016120088162,4,19,0,18,0,1,0,0,0,0,3,1,1,1,35,6,1560,2,6,10,1,10
2016120088297,1,9,0,18,0,1,0,0,0,0,1,1,6,1,45,7,1598,1,14,2,1,2
2016120088297,2,9,0,3,0,1,0,0,0,0,2,1,6,2,28,6,1242,1,13,6,1,6
2016120088530,1,9,0,16,0,0,2,0,2,10,1,1,2,1,17,4,1596,1,7,9,2,9
2016120088743,1,9,0,5,0,6,0,0,0,0,4,1,6,2,70,10,1339,1,12,9,3,9
2016120088743,2,1,0,18,0,8,0,0,0,0,1,1,6,2,47,8,-1,-1,-1,6,3,6
2016120089033,1,9,0,18,0,0,1,0,5,6,1,1,6,1,44,7,2290,1,11,5,1,5
2016120089268,1,5,0,4,0,0,1,0,0,0,0,1,6,1,33,6,599,1,21,-1,-1,-1
2016120089268,2,19,0,2,0,0,0,0,0,0,0,1,6,1,40,7,2198,2,8,4,1,4
2016120089304,1,9,0,6,0,0,0,0,0,0,3,1,6,1,23,5,1422,2,2,6,2,6
2016120089304,2,5,0,14,0,0,0,0,7,0,1,1,6,1,51,8,-1,-1,-1,2,1,2
2016120089355,1,4,0,18,0,0,0,0,0,0,2,1,6,1,31,6,400,1,28,4,1,4
2016120089355,2,5,0,18,0,0,0,0,0,0,1,1,6,1,36,7,1000,1,15,1,1,1
2016120089355,3,19,0,2,0,0,0,0,0,0,0,1,1,1,30,6,1995,2,3,10,1,10
2016120089679,1,9,0,9,0,2,0,0,0,0,4,1,6,1,58,9,1124,1,12,3,1,3
2016120089844,1,9,0,4,0,1,0,0,0,0,1,1,1,1,69,10,-1,-1,-1,8,1,8
2016120089844,2,9,4,4,0,1,0,0,0,0,2,1,1,1,64,9,-1,-1,-1,3,1,3
2016120089844,3,9,0,4,0,1,0,0,0,0,1,1,6,2,54,8,1995,2,5,6,3,6
2016120089844,4,9,0,3,0,1,0,0,0,0,2,1,1,1,23,5,-1,-1,-1,-1,-1,-1
2016120090064,1,9,0,18,0,0,0,0,0,0,1,1,1,1,40,7,4999,1,11,4,1,4
2016120090064,2,9,0,6,0,0,0,0,0,0,4,1,6,1,40,7,1781,1,19,9,1,9
2016120090455,1,9,0,18,0,0,0,0,0,0,1,1,6,2,69,10,1360,1,9,8,1,8
2016120090635,1,20,0,18,0,1,0,0,0,0,1,1,1,1,49,8,-1,-1,-1,3,1,3
2016120090635,2,9,0,9,0,8,0,0,0,0,3,1,6,1,70,10,2494,2,9,6,2,6
2016120090656,1,9,0,18,0,8,0,0,7,0,4,1,1,1,56,9,1598,1,12,2,1,2
2016120090656,2,9,0,18,0,8,0,0,0,0,1,1,6,2,30,6,2191,2,1,9,3,9
2016120090782,1,9,0,18,0,0,0,0,0,0,1,1,6,1,-1,-1,1200,1,3,2,1,2
2016120090864,1,11,0,13,0,0,0,0,0,0,1,1,1,1,35,6,-1,-1,-1,5,1,5
2016120090864,2,1,0,18,0,0,0,0,1,0,2,1,6,1,35,6,-1,-1,-1,5,1,5
2016120090864,3,9,0,18,0,0,0,0,0,0,0,1,6,3,-1,-1,-1,-1,-1,-1,-1,-1
2016120090987,1,9,0,18,0,0,0,0,0,0,1,1,6,2,54,8,1364,1,11,9,1,9
2016120091000,1,9,0,18,0,1,0,0,1,0,1,1,6,1,44,7,1560,2,11,8,2,8
2016120091000,2,9,0,2,9,8,0,0,0,0,2,1,6,3,22,5,1896,2,13,8,2,8
2016120091202,1,19,0,1,0,0,0,0,0,0,0,1,6,3,-1,-1,-1,-1,-1,-1,-1,-1
2016120091202,2,3,0,18,0,0,0,0,0,0,0,1,6,1,21,5,125,1,1,3,1,3
2016120091364,1,90,0,7,0,5,5,0,1,0,4,1,1,1,48,8,2200,2,-1,9,1,9
2016120091438,1,9,0,7,0,1,0,0,0,0,3,1,6,2,58,9,1299,1,15,5,1,5
2016120091438,2,1,0,3,0,1,0,0,0,0,1,1,6,2,33,6,-1,-1,-1,9,1,9
2016120091481,1,9,0,18,0,0,1,0,7,4,4,1,6,1,19,4,1997,2,11,6,3,6
2016120091513,1,21,0,13,0,0,0,0,0,0,0,1,6,3,-1,-1,-1,-1,-1,-1,-1,-1
2016120091513,2,2,0,18,0,0,0,0,0,0,0,1,6,1,17,4,1215,1,4,-1,-1,-1
2016120091560,1,9,0,18,0,8,0,0,7,11,3,1,2,2,28,6,1598,2,3,9,3,9
2016120091560,2,9,0,18,0,8,0,0,0,0,0,1,6,1,77,11,-1,-1,-1,6,3,6
2016120091615,1,9,0,18,0,8,0,0,0,0,3,1,6,1,54,8,1998,1,4,5,1,5
2016120091615,2,2,0,18,0,8,0,0,0,0,4,1,6,1,16,4,49,1,1,9,1,9
2016120091715,1,9,0,7,0,4,0,0,0,0,1,1,6,2,23,5,1598,2,4,8,2,8
2016120091715,2,9,0,13,0,1,0,0,1,9,1,1,6,1,51,8,1796,1,15,8,1,8
2016120091753,1,9,0,7,0,6,0,0,0,0,1,1,6,2,31,6,1796,1,9,3,1,3
2016120091753,2,1,0,18,0,8,0,0,0,0,2,1,2,1,33,6,-1,-1,-1,9,1,9
2016120091754,1,9,0,16,0,0,0,0,8,10,2,1,6,1,45,7,-1,-1,-1,10,1,10
2016120091754,2,9,0,17,0,0,0,0,1,0,4,1,6,1,38,7,1598,1,4,7,3,7
2016120091754,3,9,0,17,0,0,0,0,0,0,1,1,6,1,23,5,-1,-1,-1,4,1,4
2016120091777,1,9,0,4,0,1,1,0,0,0,1,1,6,1,36,7,1686,2,2,5,3,5
2016120091777,2,9,0,4,0,1,0,0,0,0,2,1,6,1,23,5,1910,2,8,7,3,7
2016120091858,1,21,0,18,0,8,0,0,0,0,1,1,1,1,42,7,5880,2,11,1,1,1
2016120091858,2,11,0,9,0,8,0,0,0,0,3,1,1,1,43,7,7300,2,8,6,1,6
2016120091888,1,9,0,17,0,0,5,0,2,4,1,1,6,2,27,6,1388,1,10,10,1,10
2016120091974,1,9,0,18,0,0,0,0,0,0,1,1,1,1,31,6,1398,2,8,5,3,5
2016120091974,2,1,0,12,5,0,0,0,0,0,1,1,2,2,21,5,-1,-1,-1,9,3,9
2016120092458,1,9,0,18,0,0,0,0,1,11,4,1,6,2,31,6,1124,1,15,9,2,9
2016120092508,1,5,0,18,0,0,0,12,0,0,1,1,6,1,58,9,1170,1,11,7,1,7
2016120092601,1,1,0,18,0,8,0,0,1,11,3,1,6,1,55,8,-1,-1,-1,3,1,3
2016120092601,2,11,0,18,0,8,0,0,0,0,1,1,1,1,59,9,9000,2,11,2,1,2
2016120092714,1,9,0,18,0,8,0,7,0,0,1,1,6,1,76,11,1560,2,8,10,1,10
2016120092845,1,9,0,4,0,0,0,0,0,0,2,1,6,1,47,8,1560,2,1,6,2,6
2016120092845,2,9,0,4,0,0,0,0,0,0,2,1,6,1,67,10,1951,2,11,10,1,10
2016120092845,3,9,0,18,0,0,0,0,0,0,1,1,6,1,38,7,998,1,2,6,1,6
2016120092914,1,9,0,9,0,6,0,0,0,0,3,1,6,1,56,9,1560,2,6,7,3,7
2016120092914,2,9,0,18,0,1,0,0,0,0,1,1,6,1,21,5,1995,1,11,-1,-1,-1
2016120093321,1,5,0,17,0,8,1,0,0,0,4,1,6,1,56,9,2294,1,11,8,1,8
2016120093374,1,9,0,5,0,1,0,0,0,0,1,1,6,1,54,8,1197,1,3,5,1,5
2016120093374,2,5,0,8,0,1,0,0,0,0,2,1,6,1,63,9,750,1,17,7,1,7
2016120093515,1,9,0,17,0,0,0,0,7,0,0,1,2,1,23,5,1951,2,10,10,1,10
2016120093610,1,9,0,18,0,0,0,0,0,11,1,1,6,1,55,8,1496,2,2,9,1,9
2016120093745,1,9,0,3,0,4,0,0,0,0,1,1,6,1,24,5,1197,1,2,9,1,9
2016120093745,2,9,0,18,0,4,0,0,0,0,2,1,6,2,35,6,1396,1,18,7,1,7
2016120093987,1,9,0,4,0,1,1,0,0,0,1,1,6,1,28,6,1299,1,12,9,2,9
2016120093987,2,19,0,4,0,1,0,0,0,0,2,1,6,1,26,6,2198,2,5,7,1,7
2016120093996,1,1,0,18,0,2,0,0,0,0,3,1,6,1,44,7,-1,-1,-1,4,2,4
2016120093996,2,17,4,16,0,2,0,0,0,0,4,1,6,1,54,8,-1,-1,-1,9,3,9
2016120094001,1,5,0,16,0,0,0,0,0,0,3,1,6,1,64,9,650,1,56,3,1,3
2016120094001,2,9,0,17,0,0,0,0,1,0,3,2,6,1,38,7,1991,2,9,3,2,3
2016120094042,1,9,0,15,0,0,0,0,0,0,1,1,6,2,70,10,2544,1,-1,6,3,6
2016120094042,2,1,0,18,0,0,0,0,0,0,4,1,6,1,31,6,-1,-1,-1,3,1,3
2016120094069,1,9,0,3,0,1,0,0,0,0,2,1,6,2,38,7,1598,1,1,7,3,7
2016120094069,2,9,0,18,0,1,0,0,0,0,1,1,6,1,50,8,1396,1,13,8,1,8
2016120094085,1,9,0,12,0,0,0,0,0,0,3,1,6,1,49,8,1999,2,-1,9,3,9
2016120094085,2,9,0,13,0,0,0,0,0,0,4,1,6,1,22,5,1991,1,2,10,1,10
2016120094085,3,19,3,18,0,0,0,0,7,10,2,1,1,1,23,5,2402,2,11,4,1,4
2016120094085,4,9,0,18,0,0,0,0,0,0,0,1,6,2,48,8,1339,1,2,10,1,10
2016120094186,1,9,0,18,0,1,0,0,0,0,1,1,6,1,22,5,998,1,3,9,1,9
2016120094186,2,9,0,3,0,1,0,0,0,0,2,1,6,2,57,9,1800,1,17,3,1,3
2016120094186,3,9,0,3,0,1,0,0,0,0,2,1,6,1,25,5,2993,2,8,-1,-1,-1
2016120094186,4,9,0,4,0,1,0,0,0,0,0,1,6,1,50,8,1149,1,8,7,1,7
2016120094316,1,8,0,18,0,0,0,0,0,0,4,1,1,1,65,9,1560,2,4,10,1,10
2016120094377,1,8,0,1,0,0,0,0,0,0,3,1,1,1,26,6,1997,2,9,1,1,1
2016120094723,1,9,0,4,0,0,0,0,0,0,1,1,6,2,43,7,1685,2,2,10,2,10
2016120094723,2,9,0,4,0,0,0,0,0,0,2,1,6,1,30,6,1390,1,19,3,1,3
2016120094723,3,9,0,4,0,0,0,0,0,0,2,1,6,1,-1,-1,1200,1,-1,6,2,6
2016120094761,1,3,0,9,0,8,0,0,0,0,1,1,6,1,60,9,124,1,9,3,1,3
2016120094761,2,9,0,18,0,8,0,0,0,0,4,1,6,1,27,6,1461,2,1,6,1,6
2016120095179,1,9,0,18,0,4,0,0,0,0,3,1,6,2,76,11,1349,1,6,5,3,5
2016120095179,2,9,0,9,0,3,0,0,0,0,1,1,6,1,25,5,1339,1,14,5,1,5
2016120095298,1,9,0,9,0,8,0,0,0,0,1,1,6,2,19,4,1299,1,12,8,3,8
2016120095298,2,9,0,18,0,1,0,0,0,0,1,1,6,1,72,10,1796,1,16,5,1,5
2016120095954,1,9,0,18,0,4,0,0,0,0,0,1,6,2,48,8,1596,1,3,8,1,8
2016120095954,2,3,0,9,0,3,0,0,0,0,0,1,2,1,19,4,125,1,1,5,1,5
2016120095954,3,9,0,18,0,2,0,0,0,0,0,1,1,2,25,5,-1,-1,-1,7,3,7
2016120096101,1,2,0,16,0,0,1,10,0,0,1,1,6,1,16,4,49,1,2,10,2,10
2016120096201,1,9,0,17,0,0,0,0,1,4,1,1,6,1,18,4,1390,1,14,5,1,5
2016120096241,1,9,0,16,0,0,5,0,7,0,0,1,1,1,37,7,1363,2,12,1,1,1
2016120096245,1,9,0,18,0,4,0,0,0,0,1,1,6,2,54,8,2967,2,-1,9,1,9
2016120096245,2,1,0,18,0,3,0,0,0,0,2,1,2,1,48,8,-1,-1,-1,9,1,9
2016120096312,1,9,0,18,0,0,0,0,0,0,3,1,6,2,74,10,1596,1,12,7,1,7
2016120096312,2,1,0,18,0,0,0,0,0,0,4,1,6,2,79,11,-1,-1,-1,10,2,10
2016120096313,1,9,0,18,0,0,1,0,7,4,1,1,2,2,42,7,1461,2,12,9,2,9
2016120096398,1,9,0,18,0,2,0,0,0,0,2,1,6,1,26,6,2521,1,8,8,3,8
2016120096398,2,9,0,18,0,2,0,0,0,0,2,1,6,2,42,7,1400,1,11,4,1,4
2016120096398,3,9,0,18,0,1,0,0,0,0,1,1,1,1,51,8,1997,2,14,4,1,4
2016120096398,4,9,0,10,0,6,0,0,0,0,0,1,6,3,-1,-1,-1,-1,-1,-1,-1,-1
2016120096493,1,21,0,7,0,2,5,0,1,11,3,1,1,1,56,9,2287,2,1,8,2,8
2016120097057,1,9,0,4,0,1,0,0,0,0,1,1,6,2,30,6,1796,1,16,10,1,10
2016120097057,2,9,0,4,0,1,0,0,0,0,2,1,6,1,41,7,2199,2,6,-1,-1,-1
2016120097178,1,19,0,9,0,5,0,0,0,0,1,1,6,2,63,9,-1,-1,-1,1,1,1
2016120097178,2,9,0,18,0,1,0,0,1,0,1,1,6,1,50,8,1598,2,1,5,1,5
2016120097229,1,9,0,18,0,7,0,0,0,0,1,1,2,1,28,6,-1,-1,-1,9,2,9
2016120097229,2,9,0,3,0,7,0,0,0,0,2,1,6,1,39,7,1685,2,4,10,1,10
2016120097229,3,21,1,18,0,8,0,0,0,0,1,1,1,1,63,9,12777,2,4,7,2,7
2016120097250,1,9,0,17,0,0,0,0,1,11,0,1,6,2,78,11,1339,1,2,5,3,5
2016120097382,1,1,0,18,9,8,0,0,0,0,1,1,6,1,30,6,-1,-1,-1,5,1,5
2016120097382,2,9,0,5,0,8,0,0,0,0,1,1,6,3,-1,-1,-1,-1,-1,-1,-1,-1
2016120097631,1,9,0,17,0,0,1,0,2,11,1,1,6,1,18,4,1299,1,15,10,1,10
2016120097777,1,1,0,18,0,0,0,0,0,0,1,1,6,1,54,8,-1,-1,-1,10,1,10
2016120097777,2,19,0,2,0,0,0,0,0,0,2,1,1,1,49,8,-1,-1,-1,10,1,10
2016120097980,1,3,0,18,0,1,0,0,0,0,1,1,6,1,17,4,108,1,1,6,2,6
2016120097980,2,9,0,18,0,6,0,0,0,0,2,1,6,1,49,8,1248,1,4,5,3,5
2016120098328,1,9,0,18,0,0,0,12,0,0,1,1,6,2,33,6,1686,2,5,9,1,9
2016120098345,1,9,0,10,0,5,0,0,0,0,3,1,6,1,31,6,-1,-1,-1,1,2,1
2016120098345,2,4,0,18,0,2,0,0,7,0,1,1,6,1,42,7,-1,-1,-1,9,2,9
2016120098426,1,5,0,18,0,0,0,10,1,0,4,1,6,1,60,9,1140,1,3,8,2,8
2016120098430,1,9,0,13,5,0,0,0,0,0,3,1,6,1,35,6,2000,2,4,7,2,7
2016120098430,2,9,0,18,0,0,0,0,0,0,2,1,6,2,40,7,-1,-1,-1,3,1,3
2016120098430,3,5,0,18,0,0,1,0,1,9,3,1,6,1,50,8,125,1,1,10,3,10
2016120098553,1,9,0,18,0,1,0,0,0,0,1,1,6,1,38,7,1598,2,5,7,1,7
2016120098553,2,9,0,18,0,1,1,0,0,0,2,1,6,2,53,8,2000,1,18,5,1,5
2016120098591,1,9,0,18,0,6,0,0,0,0,1,1,6,2,37,7,1360,1,14,1,1,1
2016120098591,2,5,0,18,0,8,0,0,0,0,2,1,6,1,31,6,599,1,15,3,1,3
2016120098597,1,5,0,18,0,1,0,0,0,0,1,1,6,1,46,8,997,1,21,3,1,3
2016120098597,2,5,0,18,0,1,0,0,0,0,2,1,6,1,44,7,773,1,1,7,1,7
2016120098606,1,9,0,16,0,0,5,0,1,9,1,1,6,1,63,9,1968,2,3,1,1,1
2016120098606,2,9,0,17,0,0,0,0,7,9,1,1,6,1,60,9,-1,-1,-1,1,1,1
2016120098647,1,1,0,18,0,0,0,0,1,10,3,1,6,1,47,8,-1,-1,-1,-1,-1,-1
2016120098647,2,9,0,18,0,0,0,0,0,0,3,1,6,2,-1,-1,-1,-1,-1,-1,-1,-1
2016120098839,1,9,0,9,0,6,0,0,0,0,4,1,6,1,45,7,2967,2,4,6,3,6
2016120098839,2,1,0,9,0,5,0,0,0,0,1,1,1,1,51,8,-1,-1,-1,9,1,9
2016120098888,1,11,0,13,0,0,0,0,0,0,4,1,1,1,55,8,12000,2,8,7,3,7
2016120098888,2,1,0,16,0,0,0,0,0,0,3,1,2,1,55,8,-1,-1,-1,7,3,7