Accident_Index,Vehicle_Reference,Vehicle_Type,Towing_and_Articulation,Vehicle_Manoeuvre,Vehicle_Location-Restricted_Lane,Junction_Location,Skidding_and_Overturning,Hit_Object_in_Carriageway,Vehicle_Leaving_Carriageway,Hit_Object_off_Carriageway,1st_Point_of_Impact,Was_Vehicle_Left_Hand_Drive?,Journey_Purpose_of_Driver,Sex_of_Driver,Age_of_Driver,Age_Band_of_Driver,Engine_Capacity_(CC),Propulsion_Code,Age_of_Vehicle,Driver_IMD_Decile,Driver_Home_Area_Type,Vehicle_IMD_Decile
2016120099170,1,2,0,18,0,0,0,0,0,0,1,1,6,1,20,4,125,1,3,2,1,2
2016120099170,2,1,0,18,0,0,0,0,0,0,1,1,6,2,31,6,-1,-1,-1,9,1,9
2016120099235,1,9,0,18,0,1,0,0,0,0,3,1,6,1,56,9,1368,1,5,2,1,2
2016120099235,2,9,0,18,0,1,0,0,0,0,3,1,6,2,37,7,1796,1,8,9,1,9
2016120099237,1,9,0,18,0,8,0,0,0,0,4,1,6,1,53,8,1969,2,1,9,2,9
2016120099237,2,3,0,7,0,6,0,0,0,0,1,1,6,1,16,4,49,1,6,4,1,4
2016120099278,1,5,0,4,0,8,1,0,0,0,1,1,6,1,31,6,998,1,8,6,1,6
2016120099278,2,9,0,3,0,8,0,0,0,0,2,1,6,1,51,8,1794,1,11,8,3,8
2016120099278,3,21,1,9,0,8,0,0,0,0,0,1,1,1,35,6,12777,2,8,4,1,4
2016120099752,1,4,0,18,0,1,1,0,0,0,1,1,6,1,82,11,400,1,6,9,1,9
2016120099752,2,9,0,10,0,1,0,0,0,0,2,1,6,2,61,9,1149,1,11,5,3,5
2016120099978,1,3,0,17,0,1,0,0,1,0,1,1,6,1,20,4,125,1,1,10,1,10
2016120100284,1,11,0,18,0,0,0,0,0,0,1,1,1,1,50,8,7698,2,1,-1,-1,-1
2016120100318,1,9,0,17,0,0,0,0,0,0,1,1,1,1,42,7,1598,2,2,1,1,1
2016120100318,2,1,0,17,0,0,0,0,1,0,2,1,6,1,71,10,-1,-1,-1,8,3,8
2016120100336,1,9,0,9,0,6,0,0,0,0,1,1,6,1,79,11,1999,1,12,3,3,3
2016120100336,2,9,0,18,0,1,0,0,0,0,1,1,6,1,24,5,1396,1,13,1,1,1
2016120100418,1,5,0,11,0,3,1,0,0,0,3,1,6,1,65,9,805,1,15,-1,2,-1
2016120100456,1,9,0,3,0,8,0,0,0,0,2,1,6,2,17,4,998,1,7,3,1,3
2016120100456,2,9,0,18,0,8,0,0,0,0,1,1,2,2,58,9,1896,2,8,9,3,9
2016120100456,3,9,0,18,0,8,0,0,0,0,1,1,1,1,31,6,-1,-1,-1,-1,-1,-1
2016120100479,1,9,0,8,0,1,0,0,0,0,0,1,6,1,-1,-1,1560,2,3,6,3,6
2016120100479,2,1,0,18,0,1,0,0,0,0,4,1,6,1,13,3,-1,-1,-1,6,3,6
2016120100603,1,9,0,18,0,0,0,0,1,0,1,1,6,1,60,9,-1,-1,-1,10,1,10
2016120100603,2,9,0,2,6,0,0,0,0,0,2,1,6,1,80,11,1984,1,14,9,1,9
2016120100857,1,3,0,13,0,1,0,0,0,0,1,1,6,1,57,9,124,1,8,7,1,7
2016120100857,2,1,0,9,0,1,0,0,0,0,3,1,2,1,50,8,-1,-1,-1,7,1,7
2016120100922,1,9,0,4,0,0,0,0,0,0,1,1,6,1,48,8,1398,2,6,4,3,4
2016120100922,2,9,0,4,0,0,0,0,0,0,2,1,2,2,19,4,1198,1,5,6,3,6
2016120101165,1,9,0,3,0,0,0,0,0,0,4,1,1,1,36,7,1590,1,12,-1,-1,-1
2016120101165,2,5,0,18,0,0,0,0,0,0,1,1,1,1,28,6,-1,-1,-1,8,3,8
2016120101305,1,9,0,9,0,6,0,0,0,0,1,1,6,1,37,7,1598,1,4,4,1,4
2016120101305,2,1,0,18,0,1,0,0,0,0,3,1,2,1,22,5,-1,-1,-1,9,1,9
2016120101333,1,5,0,18,0,0,1,10,1,0,1,1,6,1,40,7,599,1,9,6,1,6
2016120101339,1,1,0,18,0,0,0,0,0,0,1,1,6,2,35,6,-1,-1,-1,7,1,7
2016120101339,2,8,0,3,0,0,0,0,0,0,2,1,1,1,62,9,1997,2,5,10,2,10
2016120101379,1,1,0,18,0,0,0,0,0,0,0,1,6,1,36,7,-1,-1,-1,8,1,8
2016120101382,1,9,0,18,0,1,0,0,1,10,4,1,6,1,-1,-1,1587,1,15,-1,-1,-1
2016120101504,1,1,0,18,0,0,0,0,0,0,1,1,6,1,22,5,-1,-1,-1,6,1,6
2016120101504,2,9,0,13,0,0,0,0,0,0,1,1,1,1,43,7,1998,2,9,7,1,7
2016120101706,1,9,0,17,0,0,0,0,7,10,3,1,2,1,68,10,1242,1,4,-1,-1,-1
2016120101762,1,4,0,18,0,0,0,0,1,0,4,1,6,1,23,5,124,1,9,6,3,6
2016120101965,1,4,0,16,0,0,0,0,2,11,1,1,6,1,64,9,246,1,35,5,1,5
2016120101984,1,9,0,18,0,8,0,0,0,0,3,1,6,2,60,9,998,1,16,10,2,10
2016120101984,2,1,0,9,0,5,0,0,0,0,1,1,6,1,59,9,-1,-1,-1,7,1,7
2016120102138,1,9,0,18,0,1,0,0,0,0,3,1,6,1,29,6,1124,1,12,9,1,9
2016120102282,1,9,0,9,0,2,0,0,0,0,1,1,6,1,45,7,1749,1,15,9,2,9
2016120102282,2,1,0,7,0,2,0,0,0,0,1,1,6,1,51,8,-1,-1,-1,8,3,8
2016120102306,1,8,0,18,0,8,1,0,0,0,1,1,3,1,73,10,-1,-1,-1,4,3,4
2016120102306,2,9,0,3,0,8,0,0,0,0,2,1,6,2,40,7,1560,2,4,3,1,3
2016120102306,3,9,0,9,0,8,0,0,0,0,2,1,6,2,62,9,1497,8,-1,8,1,8
2016120102399,1,9,0,18,0,0,0,0,0,0,1,1,2,2,35,6,-1,-1,-1,8,1,8
2016120102399,2,9,0,4,0,0,0,0,0,0,2,1,6,1,61,9,2204,2,7,5,3,5
2016120102466,1,9,0,9,0,5,0,0,0,0,3,1,6,1,33,6,1328,1,10,2,1,2
2016120102466,2,9,0,18,0,1,0,0,0,0,1,1,6,1,73,10,-1,-1,-1,7,3,7
2016120102584,1,1,0,18,0,8,0,0,0,0,1,1,6,1,30,6,-1,-1,-1,9,1,9
2016120102672,1,11,0,16,0,0,0,0,1,4,1,1,1,1,59,9,9600,2,15,7,2,7
2016120103091,1,1,0,16,0,0,0,0,1,0,3,1,6,1,33,6,-1,-1,-1,6,2,6
2016120103091,2,19,0,13,0,0,1,0,1,0,4,1,2,1,18,4,1998,2,11,7,1,7
2016120103091,3,19,0,17,0,0,0,0,0,0,0,1,6,3,-1,-1,-1,-1,-1,-1,-1,-1
2016120103200,1,9,0,9,0,6,0,0,0,0,1,1,6,1,79,11,1248,1,2,10,1,10
2016120103200,2,5,0,18,0,8,0,0,7,0,4,1,6,1,29,6,599,1,8,10,3,10
2016120103486,1,4,0,9,0,6,0,0,0,0,1,1,6,1,48,8,200,1,1,8,3,8
2016120103486,2,9,0,18,0,8,0,0,0,0,3,1,6,1,74,10,1997,1,1,7,1,7
2016120103646,1,9,0,9,0,5,0,0,7,0,4,1,6,2,66,10,1998,1,17,8,1,8
2016120103646,2,9,0,18,0,1,0,0,0,0,1,1,6,1,75,10,1242,1,1,5,3,5
2016120103657,1,1,0,17,0,1,0,0,0,0,1,1,6,1,52,8,-1,-1,-1,7,1,7
2016120103657,2,9,0,16,0,1,0,0,0,0,1,1,6,1,81,11,1796,1,8,9,3,9
2016120103821,1,9,0,10,0,1,0,0,0,0,2,1,6,1,47,8,1499,1,-1,10,1,10
2016120103821,2,2,0,18,0,1,0,0,0,0,1,1,2,1,17,4,125,1,12,2,1,2
2016120103964,1,9,0,9,0,6,0,0,0,0,3,1,2,1,35,6,1339,1,6,1,1,1
2016120103964,2,9,0,18,0,1,0,0,0,0,1,1,6,1,44,7,1968,2,1,9,3,9
2016120104106,1,21,1,9,0,3,5,0,0,0,4,1,1,1,26,6,-1,-1,-1,-1,-1,-1
2016120104254,1,9,0,4,0,1,0,0,0,0,2,1,6,2,50,8,999,1,4,9,1,9
2016120104254,2,9,0,18,0,1,1,0,0,0,1,1,6,2,32,6,1598,1,9,1,1,1
2016120104258,1,9,0,4,0,1,0,0,0,0,2,1,6,1,56,9,1968,2,2,-1,-1,-1
2016120104258,2,9,0,18,0,1,0,0,0,0,1,1,6,2,20,4,1598,1,11,9,1,9
2016120104269,1,9,0,18,0,0,0,0,0,0,1,1,6,3,-1,-1,-1,-1,-1,-1,-1,-1
2016120104369,1,9,0,13,0,0,0,0,0,0,3,1,6,1,69,10,1499,1,-1,5,1,5
2016120104369,2,9,0,18,0,0,0,0,1,0,3,1,6,1,65,9,1951,2,14,4,3,4
2016120104495,1,9,0,9,0,8,0,0,0,0,1,1,2,1,37,7,1997,2,-1,9,3,9
2016120104495,2,9,0,18,0,8,0,0,0,0,1,1,6,2,53,8,1600,2,4,8,3,8
2016120104848,1,19,0,5,0,6,0,0,0,0,3,1,2,1,33,6,-1,-1,-1,1,1,1
2016120104848,2,9,0,18,0,8,0,0,0,0,1,1,2,1,62,9,2179,2,4,6,1,6
2016120104856,1,9,0,18,0,4,0,0,0,0,1,1,1,1,53,8,-1,-1,-1,8,3,8
2016120104856,2,1,0,18,0,8,0,0,0,0,4,1,6,1,23,5,-1,-1,-1,8,3,8
2016120104958,1,11,0,3,0,4,0,0,0,0,1,1,1,3,47,8,12816,2,10,5,1,5
2016120104958,2,19,0,3,0,4,0,0,0,0,2,1,1,2,23,5,1753,2,11,8,2,8
2016120105075,1,9,0,9,0,1,0,0,0,0,1,1,6,1,48,8,-1,-1,-1,1,1,1
2016120105075,2,9,0,4,0,1,0,0,0,0,3,1,6,2,46,8,1968,2,-1,9,2,9
2016120105079,1,9,0,18,0,1,0,0,0,0,1,1,6,2,84,11,1360,1,6,9,2,9
2016120105079,2,9,0,10,0,2,0,0,0,0,2,1,6,2,59,9,998,1,1,6,1,6
2016120105209,1,1,0,18,0,8,0,0,0,0,4,1,6,1,15,3,-1,-1,-1,-1,-1,-1
2016120105209,2,9,0,4,0,8,0,0,0,0,1,1,6,2,23,5,1197,1,1,2,1,2
2016120105803,1,5,0,16,0,0,0,0,0,0,0,1,6,1,56,9,-1,-1,-1,8,2,8
2016120105881,1,9,0,18,0,0,2,0,8,4,1,1,6,1,27,6,2143,2,2,1,1,1
2016120106067,1,9,0,18,0,0,0,0,0,0,1,1,6,1,49,8,1598,2,2,8,1,8
2016120106081,1,9,0,18,0,0,2,0,7,0,1,1,6,2,18,4,1398,2,9,8,1,8
2016120106337,1,9,0,18,0,0,0,0,0,0,4,1,6,3,-1,-1,-1,-1,-1,-1,-1,-1
2016120106337,2,1,0,18,0,0,0,0,0,0,3,1,6,1,58,9,-1,-1,-1,9,1,9
2016120106586,1,5,0,16,0,0,0,0,0,0,1,1,6,1,35,6,1188,1,27,2,1,2
2016120106586,2,9,0,18,0,0,0,0,1,0,3,1,6,2,27,6,1398,1,3,5,1,5
2016120106599,1,9,0,18,0,0,0,0,0,0,1,1,6,1,61,9,1794,1,12,1,1,1
2016120106599,2,19,0,3,0,0,0,0,0,0,2,1,1,1,62,9,1248,2,9,6,3,6
2016120106599,3,9,0,3,0,0,0,0,0,0,2,1,6,1,36,7,1781,1,14,-1,-1,-1
2016120106599,4,9,0,3,0,0,0,0,0,0,2,1,6,2,39,7,1968,2,1,8,1,8
2016120106599,5,9,0,3,0,0,0,0,0,0,2,1,6,2,38,7,998,1,3,9,3,9
2016120106787,1,9,0,18,0,1,0,0,0,0,1,1,2,2,39,7,1995,2,2,4,1,4
2016120106787,2,4,0,10,0,1,0,0,0,0,0,1,6,2,29,6,399,1,35,4,2,4
2016120106787,3,9,0,3,0,1,0,0,0,0,0,1,6,2,53,8,1995,2,5,8,1,8
2016120106787,4,5,0,4,0,1,1,0,0,0,4,1,6,1,51,8,1340,1,18,5,3,5
2016120106787,5,5,0,4,0,1,1,0,0,0,1,1,6,1,28,6,996,1,13,3,3,3
2016120106787,6,5,0,4,0,1,1,0,0,0,1,1,6,1,30,6,955,1,16,1,2,1
2016120107018,1,9,0,4,0,2,0,0,0,0,3,1,6,1,83,11,1991,2,9,6,3,6
2016120107024,1,9,0,9,0,6,0,0,0,0,0,1,6,1,80,11,-1,-1,-1,6,3,6
2016120107024,2,1,0,18,0,1,0,0,0,0,1,1,6,1,56,9,-1,-1,-1,7,1,7
2016120107024,3,1,0,18,0,1,0,0,0,0,2,1,6,1,46,8,-1,-1,-1,6,1,6
2016120107073,1,9,0,18,0,1,0,0,0,0,1,1,6,1,25,5,1198,1,11,7,1,7
2016120107073,2,9,0,4,0,1,0,0,0,0,2,1,6,2,58,9,2987,2,6,3,1,3
2016120107073,3,9,0,10,0,1,0,0,0,0,0,1,6,3,-1,-1,-1,-1,-1,-1,-1,-1
2016120107755,1,5,0,17,0,0,0,0,1,11,1,1,6,1,42,7,929,1,15,7,1,7
2016120107755,2,9,0,16,0,0,0,0,0,0,1,1,6,1,26,6,2979,1,3,8,3,8
2016120107874,1,9,0,18,0,0,0,0,1,0,1,1,6,1,37,7,2792,1,7,5,3,5
2016120108323,1,19,0,18,0,8,0,0,0,0,1,1,1,1,29,6,2143,2,3,4,1,4
2016120108323,2,17,4,18,0,8,2,0,0,0,2,1,1,1,22,5,4400,2,1,6,3,6
2016120108448,1,1,0,5,0,8,0,0,0,0,1,1,6,2,63,9,-1,-1,-1,6,2,6
2016120108448,2,9,0,18,0,8,0,0,0,0,4,1,6,1,71,10,1124,1,14,6,1,6
2016120108570,1,9,0,18,0,0,2,0,7,4,1,1,6,2,17,4,1229,1,9,4,3,4
2016120108597,1,19,0,9,0,8,0,0,0,0,1,1,6,1,51,8,5000,1,31,4,1,4
2016120108597,2,2,0,18,0,1,0,0,0,0,1,1,6,1,16,4,-1,-1,-1,3,1,3
2016120108846,1,9,0,9,0,4,0,0,0,0,1,1,1,1,21,5,1560,2,2,6,3,6
2016120108846,2,5,0,14,0,8,0,0,7,0,4,1,6,1,52,8,1170,1,3,7,2,7
2016120108907,1,9,0,18,0,1,0,0,7,2,4,1,6,1,64,9,1390,1,15,1,1,1
2016120108907,2,9,0,9,0,1,0,0,0,0,3,1,6,1,21,5,1997,2,14,4,1,4
2016120108907,3,19,0,2,8,7,0,0,0,0,1,1,6,3,50,8,2198,2,7,8,1,8
2016120108913,1,9,0,16,0,8,0,0,0,0,0,1,6,3,-1,-1,-1,-1,-1,-1,-1,-1
2016120108913,2,1,0,16,0,8,0,0,0,11,4,1,6,1,17,4,-1,-1,-1,2,1,2
2016120109105,1,9,0,18,0,0,0,0,0,0,0,1,6,3,-1,-1,-1,-1,-1,-1,-1,-1
2016120109228,1,5,0,17,0,0,1,0,2,4,1,1,6,1,44,7,750,1,4,8,1,8
2016120109375,1,9,0,18,0,0,0,0,1,4,4,1,2,1,45,7,1968,2,3,7,3,7
2016120109501,1,3,0,4,0,1,0,0,7,0,0,1,2,1,22,5,-1,-1,-1,8,2,8
2016120109501,2,9,0,9,0,5,0,0,0,0,0,1,2,2,25,5,1997,2,2,7,3,7
2016120109552,1,9,0,18,0,0,0,0,0,0,3,1,6,1,25,5,1794,1,16,1,1,1
2016120109552,2,5,0,18,0,0,1,0,7,0,1,1,6,1,71,10,781,1,16,-1,-1,-1
2016120109552,3,9,0,18,0,0,0,0,0,0,2,1,6,1,42,7,1686,2,15,-1,-1,-1
2016120109799,1,9,0,18,0,0,0,0,7,2,4,1,6,1,69,10,1560,2,8,10,2,10
2016120110516,1,9,0,9,0,6,0,0,0,0,1,1,6,1,37,7,1248,1,-1,2,1,2
2016120110516,2,1,0,18,0,1,0,0,0,0,1,1,6,2,55,8,-1,-1,-1,7,1,7
2016120111067,1,9,0,6,0,0,0,0,0,0,4,1,1,2,23,5,1598,2,3,3,1,3
2016120111067,2,9,0,18,0,0,0,0,1,0,1,1,6,2,-1,-1,-1,-1,-1,-1,-1,-1
2016120111069,1,90,0,18,0,0,0,0,0,0,3,1,6,3,-1,-1,-1,-1,-1,-1,-1,-1
2016120111129,1,9,0,18,0,0,0,0,0,0,1,1,6,2,78,11,1248,1,4,6,3,6
2016120111129,2,9,0,3,0,0,0,0,0,0,2,1,2,1,25,5,2148,2,10,8,1,8
2016120111152,1,1,0,17,0,0,1,0,0,0,2,1,6,2,53,8,-1,-1,-1,10,1,10
2016120111152,2,9,0,16,0,0,0,0,0,0,2,1,1,1,59,9,-1,-1,-1,8,3,8
2016120111252,1,9,0,18,0,0,0,0,0,0,1,1,6,1,56,9,1598,1,6,7,1,7
2016120111252,2,9,0,3,0,0,0,0,0,0,2,1,6,1,50,8,1395,1,1,9,1,9
2016120111252,3,9,0,3,0,0,0,0,0,0,2,1,6,1,41,7,1598,2,4,10,1,10
2016120111252,4,9,0,3,0,0,0,0,0,0,2,1,6,1,49,8,1596,1,10,7,1,7
2016120111252,5,9,0,3,0,0,0,0,0,0,2,1,6,2,36,7,1497,8,7,9,3,9
2016120111265,1,1,0,18,0,8,0,0,0,0,1,1,6,1,17,4,-1,-1,-1,3,1,3
2016120111265,2,9,0,9,0,8,0,0,0,0,4,1,6,2,35,6,1995,2,11,3,1,3
2016120111284,1,3,0,4,0,8,0,0,0,0,1,1,6,1,29,6,-1,-1,-1,9,3,9
2016120111284,2,17,0,4,0,1,0,0,0,0,1,2,1,1,44,7,6600,2,5,6,3,6
2016120111671,1,9,0,12,0,0,5,0,4,6,1,1,6,1,29,6,-1,-1,-1,1,1,1
2016120111671,2,9,0,18,0,0,0,0,0,0,2,1,6,1,66,10,-1,-1,-1,7,3,7
2016120111829,1,9,0,18,0,0,0,0,0,0,3,1,6,3,-1,-1,-1,-1,-1,-1,-1,-1
2016120111829,2,9,0,18,0,0,0,0,0,0,3,1,6,1,56,9,1796,1,3,3,1,3
2016120111918,1,19,0,18,0,0,0,0,0,0,1,1,6,1,34,6,2198,2,2,3,1,3
2016120111918,2,1,0,18,0,0,0,0,0,0,2,1,6,1,29,6,-1,-1,-1,6,1,6
2016120111918,3,1,0,18,0,0,0,0,0,0,2,1,6,2,31,6,-1,-1,-1,6,1,6
2016120111960,1,9,0,18,0,0,0,0,0,0,1,1,2,1,44,7,2993,2,8,3,1,3
2016120111960,2,1,0,18,0,0,0,0,0,0,4,1,6,2,5,1,-1,-1,-1,4,1,4
2016120111960,3,9,0,2,0,0,0,0,0,0,0,1,6,3,-1,-1,2295,1,13,4,1,4
2016120112407,1,9,0,1,0,6,0,0,0,0,4,1,6,1,22,5,1994,1,11,9,2,9
2016120112407,2,1,0,18,0,1,0,0,0,0,1,1,6,1,58,9,-1,-1,-1,10,1,10
2016120112442,1,1,0,16,0,0,0,0,0,0,1,1,6,1,38,7,-1,-1,-1,5,1,5
2016120112442,2,9,0,17,0,0,0,0,0,0,1,1,6,1,39,7,1598,1,1,-1,-1,-1
2016120112455,1,9,0,18,0,5,0,0,0,0,0,1,6,2,70,10,1591,1,5,6,3,6
2016120112455,2,1,0,18,0,1,0,0,0,0,0,1,6,2,65,9,-1,-1,-1,10,1,10
2016120112498,1,8,0,3,0,0,0,0,0,0,1,1,6,1,23,5,2993,2,10,-1,-1,-1
2016120112498,2,9,0,18,0,0,0,0,0,0,2,1,6,1,76,11,1339,1,3,10,1,10
2016120112922,1,9,0,4,0,0,0,0,0,0,2,1,1,1,26,6,1896,2,9,3,1,3
2016120112922,2,9,0,4,0,0,0,0,0,0,1,1,1,2,49,8,1753,2,16,9,1,9
2016120112922,3,9,0,4,0,0,0,0,0,0,1,1,1,2,22,5,1199,1,14,7,1,7
2016120113047,1,9,0,14,0,0,0,0,0,0,1,1,1,1,58,9,2967,1,13,9,1,9
2016120113136,1,19,0,18,0,0,0,0,4,6,3,1,1,1,58,9,1598,2,3,-1,-1,-1
2016120113220,1,9,0,18,0,0,0,0,0,0,1,1,6,1,43,7,1995,2,-1,-1,1,-1
2016120113220,2,9,0,4,0,0,0,0,0,0,2,1,6,1,39,7,1968,2,7,1,1,1
2016120113220,3,9,0,18,0,0,0,0,5,6,1,1,6,2,19,4,1364,1,8,5,1,5
2016120113220,4,9,0,18,0,0,0,0,0,0,1,1,6,2,26,6,1969,2,-1,-1,-1,-1
2016120113222,1,9,0,18,0,0,0,0,1,4,1,1,6,2,19,4,1199,1,13,9,2,9
2016120113290,1,9,0,18,0,1,0,0,0,0,1,1,6,1,36,7,1395,1,1,-1,-1,-1
2016120113290,2,9,0,18,0,1,0,0,0,0,2,1,6,1,42,7,1840,1,13,5,3,5
2016120113767,1,9,0,18,0,8,0,0,0,0,0,1,6,1,50,8,1360,1,8,4,1,4
2016120113767,2,9,0,5,0,4,0,0,0,0,3,1,6,1,55,8,-1,-1,-1,4,1,4
2016120113810,1,3,0,4,0,1,1,0,0,0,3,1,6,1,23,5,124,1,3,7,2,7
2016120113844,1,21,1,18,0,0,0,0,0,0,1,1,1,1,61,9,12740,2,-1,7,1,7
2016120113844,2,21,1,18,0,0,0,0,0,0,1,1,1,1,40,7,15607,2,3,5,3,5
2016120113844,3,9,0,18,0,0,0,0,0,0,2,1,6,2,22,5,1240,1,11,-1,1,-1
2016120113892,1,9,0,18,0,0,1,0,1,11,1,1,6,1,18,4,2993,2,9,9,3,9
2016120113897,1,9,0,8,0,2,0,0,0,0,1,1,6,1,53,8,1999,1,10,6,2,6
2016120113897,2,3,0,18,0,1,1,0,0,0,1,1,6,1,17,4,125,1,10,2,1,2
2016120113963,1,9,0,9,0,6,0,0,0,0,3,1,2,2,28,6,-1,-1,-1,10,2,10
2016120113963,2,9,0,18,0,8,0,0,0,0,1,1,2,2,52,8,1242,1,2,5,1,5
2016120114158,1,19,0,13,0,0,0,0,0,0,1,1,6,1,32,6,1998,2,13,1,1,1
2016120114158,2,19,5,18,0,0,0,0,0,0,3,1,6,1,47,8,2402,2,5,9,3,9
2016120114158,3,9,0,18,0,0,0,0,0,0,1,1,6,1,41,7,1910,2,8,1,1,1
2016120114158,4,9,0,18,0,0,0,0,0,0,1,1,6,2,53,8,998,1,2,8,2,8
2016120114161,1,1,0,18,0,2,0,0,0,0,1,1,6,1,59,9,-1,-1,-1,6,2,6
2016120114161,2,9,0,10,0,1,0,0,0,0,0,1,3,1,59,9,1242,1,10,6,2,6
2016120114456,1,1,0,7,0,1,0,0,0,0,3,1,6,2,50,8,-1,-1,-1,4,1,4
2016120114456,2,9,0,10,0,1,0,0,0,0,3,1,6,1,43,7,1362,1,3,2,2,2
2016120114568,1,1,0,18,0,0,0,0,0,0,1,1,6,1,37,7,-1,-1,-1,8,2,8
2016120114568,2,9,0,2,0,0,0,0,0,0,2,1,6,2,17,4,1242,1,2,8,2,8
2016120114715,1,21,1,18,0,1,0,0,0,0,2,1,1,1,58,9,10308,2,3,1,1,1
2016120114715,2,9,0,4,0,1,1,0,7,0,0,1,6,1,57,9,1598,1,14,2,1,2
2016120114771,1,19,0,18,0,1,0,0,0,0,1,1,1,1,54,8,1870,2,10,5,3,5
2016120114771,2,9,0,9,0,1,0,0,0,0,2,1,2,2,33,6,1248,2,2,6,2,6
2016120114775,1,19,0,9,0,8,0,0,0,0,4,1,6,1,66,10,-1,-1,-1,8,1,8
2016120114775,2,9,0,18,0,1,0,0,0,0,3,1,6,2,75,10,1198,1,4,10,1,10
2016120114788,1,9,0,13,0,1,0,0,0,0,4,1,6,2,23,5,-1,-1,-1,8,1,8
2016120114788,2,1,0,9,0,1,0,0,0,0,3,1,2,1,54,8,-1,-1,-1,9,1,9
2016120115262,1,9,0,17,0,0,0,0,1,9,1,1,6,1,24,5,-1,-1,-1,3,3,3
2016120115279,1,21,1,5,0,3,0,0,0,0,0,1,1,3,19,4,7698,2,1,4,1,4
2016120115279,2,9,0,4,0,3,0,0,0,0,1,1,6,1,19,4,1686,2,6,8,1,8
2016120115404,1,9,0,18,0,0,0,7,0,0,1,1,6,1,28,6,999,1,-1,7,3,7
2016120115566,1,21,0,5,0,8,0,0,0,0,0,1,1,1,54,8,4462,2,3,-1,-1,-1
2016120115566,2,9,0,18,0,1,0,0,0,0,0,2,6,2,53,8,1248,2,7,6,3,6
2016120115615,1,90,0,14,0,0,0,0,0,0,3,1,1,2,32,6,2987,2,6,10,2,10
2016120115615,2,9,0,4,0,0,0,0,0,0,3,1,1,1,46,8,1968,2,6,9,2,9
2016120115615,3,9,0,13,0,0,0,0,0,0,3,1,6,1,70,10,1242,1,-1,7,3,7
2016120115645,1,1,0,18,4,0,0,0,0,0,3,1,1,1,27,6,-1,-1,-1,9,1,9
2016120115645,2,11,0,18,0,0,0,0,0,0,4,1,1,1,50,8,12000,2,6,5,1,5
2016120115672,1,9,0,16,0,0,0,0,7,2,1,1,6,2,18,4,1124,1,11,9,1,9
2016120115830,1,9,0,14,0,0,0,0,0,0,1,1,1,1,41,7,-1,-1,-1,5,1,5
2016120115830,2,9,0,18,0,0,0,0,0,0,2,1,6,1,17,4,998,1,1,9,3,9
2016120115834,1,9,0,18,0,0,0,0,0,0,1,1,6,2,19,4,973,1,13,8,1,8
2016120115834,2,9,0,3,0,0,0,0,0,0,2,1,2,1,50,8,-1,-1,-1,6,1,6
2016120115834,3,9,0,3,0,0,0,0,0,0,2,1,6,2,24,5,1390,1,12,8,1,8
2016120115834,4,9,0,3,0,0,0,0,0,0,0,1,6,3,-1,-1,-1,-1,-1,-1,-1,-1
2016120115834,5,9,0,18,0,0,0,0,0,0,3,1,6,2,35,6,1242,1,2,6,3,6
2016120115834,6,8,0,18,0,0,0,0,0,0,1,1,1,1,50,8,1995,2,6,7,1,7
2016120116011,1,9,0,15,0,1,0,0,0,0,3,1,6,2,26,6,1968,2,1,2,1,2
2016120116011,2,9,0,11,0,1,0,0,0,0,4,1,2,2,28,6,1396,1,4,9,1,9
2016120116023,1,9,0,13,0,0,1,0,8,10,1,1,2,1,36,7,1595,1,5,10,1,10
2016120116023,2,9,0,18,0,0,0,0,0,0,1,1,6,1,46,8,1956,2,6,5,1,5
2016120116111,1,9,0,18,0,8,1,0,7,10,1,1,6,2,66,10,1975,1,7,8,3,8
2016120116240,1,9,0,16,0,0,5,0,0,0,3,1,6,1,29,6,1598,1,12,9,3,9
2016120116481,1,4,0,5,0,5,1,0,0,0,4,1,6,1,36,7,124,1,5,10,1,10
2016120116499,1,9,0,18,0,1,0,0,0,0,1,1,6,2,29,6,1798,1,18,5,3,5
2016120116499,2,9,0,3,0,1,0,0,0,0,2,1,6,1,57,9,2401,2,11,7,2,7
2016120116733,1,9,0,16,0,0,1,0,0,0,1,1,2,1,39,7,-1,-1,-1,7,3,7
2016120116733,2,9,0,18,0,0,0,0,0,0,1,1,6,1,71,10,2143,2,-1,8,3,8
2016120117120,1,9,0,15,0,0,0,0,0,0,0,2,6,1,60,9,998,1,8,8,1,8
2016120117120,2,1,0,18,0,0,0,0,0,0,0,1,6,1,46,8,-1,-1,-1,-1,-1,-1
2016120117135,1,9,0,9,0,1,0,0,0,0,3,1,6,1,68,10,1598,2,7,6,3,6
2016120117135,2,5,0,18,0,1,0,0,7,0,1,1,6,1,46,8,1584,1,10,9,1,9
2016120117354,1,9,0,18,0,4,0,0,0,0,0,1,6,3,-1,-1,-1,-1,-1,-1,-1,-1
2016120117354,2,1,0,18,0,4,1,0,0,0,0,1,6,1,28,6,-1,-1,-1,3,1,3
2016120117377,1,5,0,18,0,1,0,0,0,0,4,1,6,1,45,7,749,1,2,2,2,2
2016120117377,2,9,0,9,0,6,0,0,0,0,1,1,6,2,28,6,999,1,-1,7,1,7
2016120117425,1,9,0,18,0,0,1,0,2,10,3,1,6,2,53,8,1390,1,15,5,3,5