Accident_Index,Vehicle_Reference,Vehicle_Type,Towing_and_Articulation,Vehicle_Manoeuvre,Vehicle_Location-Restricted_Lane,Junction_Location,Skidding_and_Overturning,Hit_Object_in_Carriageway,Vehicle_Leaving_Carriageway,Hit_Object_off_Carriageway,1st_Point_of_Impact,Was_Vehicle_Left_Hand_Drive?,Journey_Purpose_of_Driver,Sex_of_Driver,Age_of_Driver,Age_Band_of_Driver,Engine_Capacity_(CC),Propulsion_Code,Age_of_Vehicle,Driver_IMD_Decile,Driver_Home_Area_Type,Vehicle_IMD_Decile
2016120147969,1,5,0,16,0,0,1,0,1,0,0,1,6,2,52,8,250,1,-1,2,1,2
2016120148025,1,9,0,18,0,1,0,0,0,0,3,1,6,1,38,7,2993,2,12,1,1,1
2016120148025,2,9,0,18,0,2,0,0,0,0,3,1,6,2,38,7,1596,1,14,4,1,4
2016120148297,1,11,0,5,0,1,0,0,0,0,4,1,1,1,63,9,-1,-1,-1,6,1,6
2016120148297,2,1,0,5,0,1,0,0,0,0,3,1,6,2,18,4,-1,-1,-1,10,1,10
2016120148428,1,9,0,18,0,0,0,0,0,0,1,1,6,2,18,4,999,1,1,8,1,8
2016120148428,2,9,0,4,0,0,0,0,0,0,2,1,6,2,47,8,1560,2,9,1,1,1
2016120148662,1,4,0,5,0,0,0,0,0,0,0,1,6,1,23,5,599,1,12,8,1,8
2016120148682,1,9,0,9,0,6,0,0,0,0,1,1,6,1,38,7,1686,2,13,1,1,1
2016120148764,1,9,0,18,0,1,2,0,7,11,1,1,2,2,19,4,1149,1,9,5,1,5
2016120149018,1,9,0,5,0,2,0,0,0,0,4,1,6,2,79,11,-1,-1,-1,10,1,10
2016120149018,2,1,0,13,0,1,0,0,0,0,3,1,6,2,26,6,-1,-1,-1,7,1,7
2016120149063,1,1,0,18,0,8,0,0,0,0,3,1,6,2,44,7,-1,-1,-1,8,2,8
2016120149063,2,9,0,9,0,8,0,0,0,0,1,1,6,2,28,6,-1,-1,-1,10,3,10
2016120149126,1,9,0,9,0,1,0,0,7,0,1,1,6,2,21,5,973,1,14,7,3,7
2016120149126,2,9,0,18,0,1,0,0,0,0,1,1,6,1,47,8,1461,2,12,4,1,4
2016120149126,3,9,0,18,0,1,0,0,0,0,1,1,6,1,46,8,2720,2,10,8,3,8
2016120149289,1,21,1,11,0,8,0,0,0,0,1,1,1,1,54,8,10837,2,2,1,1,1
2016120149289,2,9,0,15,0,8,0,0,1,1,3,1,6,2,63,9,1598,2,-1,7,1,7
2016120149319,1,9,0,7,0,2,0,0,0,0,1,1,6,1,18,4,998,1,2,9,1,9
2016120149319,2,22,0,18,0,6,5,0,0,0,3,1,6,2,88,11,-1,-1,-1,6,1,6
2016120149410,1,9,0,18,0,1,0,0,0,0,1,1,6,1,-1,-1,-1,-1,-1,-1,-1,-1
2016120149410,2,9,0,3,0,1,0,0,0,0,2,1,2,2,22,5,998,1,1,2,1,2
2016120149444,1,5,0,16,0,0,0,0,7,0,1,1,6,1,46,8,999,1,10,7,1,7
2016120149444,2,9,0,18,0,0,0,0,1,0,1,1,6,1,64,9,2777,2,8,10,1,10
2016120149786,1,11,0,4,7,1,0,0,0,0,4,1,1,1,49,8,11967,2,7,4,1,4
2016120149786,2,1,0,18,4,1,0,0,0,10,3,1,2,2,53,8,-1,-1,-1,8,1,8
2016120149954,1,9,0,18,0,0,0,0,0,0,1,1,6,2,21,5,1598,2,5,9,1,9
2016120149954,2,9,0,18,0,0,0,0,0,0,2,1,6,1,25,5,1969,2,1,7,3,7
2016120150029,1,9,0,17,0,0,1,0,1,3,1,1,2,1,21,5,998,1,5,4,2,4
2016120150093,1,9,0,18,0,8,1,0,1,0,3,1,6,2,19,4,-1,-1,-1,2,1,2
2016120150093,2,8,0,2,0,8,0,0,1,0,3,1,6,1,42,7,1240,1,12,5,1,5
2016120150116,1,9,0,9,0,5,0,0,0,0,4,1,6,1,47,8,1596,1,9,-1,-1,-1
2016120150116,2,2,0,18,0,1,0,0,0,0,1,1,6,1,17,4,49,1,2,5,2,5
2016120150405,1,9,0,18,0,1,0,0,0,0,1,1,6,1,54,8,2521,1,9,1,1,1
2016120150405,2,1,0,12,0,1,0,0,0,0,2,1,6,1,52,8,-1,-1,-1,2,2,2
2016120150482,1,9,0,18,0,0,0,0,1,4,4,1,2,1,48,8,1870,2,10,3,1,3
2016120150499,1,9,0,18,0,1,0,0,0,0,1,2,6,1,19,4,1149,1,8,8,3,8
2016120150499,2,9,0,5,0,2,0,0,0,0,1,1,2,2,52,8,1197,1,1,10,2,10
2016120150499,3,8,0,3,0,1,0,0,0,0,3,1,6,1,23,5,1248,2,8,8,3,8
2016120150499,4,9,0,3,0,1,0,0,0,0,3,1,6,2,24,5,998,1,6,10,2,10
2016120150660,1,1,0,18,0,0,0,12,0,0,1,1,6,1,60,9,-1,-1,-1,-1,-1,-1
2016120150668,1,19,0,16,0,0,0,0,0,0,0,1,6,3,-1,-1,-1,-1,-1,-1,-1,-1
2016120150668,2,1,0,17,0,0,0,0,0,0,0,1,6,2,36,7,-1,-1,-1,7,1,7
2016120150690,1,9,0,18,0,8,0,0,0,0,3,1,6,1,18,4,1200,1,13,4,1,4
2016120150690,2,9,0,9,0,8,0,0,0,0,1,1,6,2,33,6,1596,1,11,10,2,10
2016120150693,1,1,0,18,0,0,0,0,0,0,0,1,6,2,36,7,-1,-1,-1,9,1,9
2016120151317,1,1,0,18,0,0,0,0,0,0,1,1,6,2,49,8,-1,-1,-1,3,1,3
2016120151317,2,9,0,3,0,0,0,0,0,0,4,1,6,1,-1,-1,-1,-1,-1,-1,-1,-1
2016120151421,1,9,0,12,0,1,0,0,0,0,1,1,6,2,44,7,1968,2,7,6,1,6
2016120151421,2,4,0,14,0,1,0,0,0,0,3,1,6,1,57,9,998,1,2,10,1,10
2016120151424,1,9,0,18,0,1,0,0,0,0,1,1,6,1,49,8,1896,2,12,1,1,1
2016120151424,2,9,0,18,0,1,0,0,0,0,2,1,6,1,50,8,2172,2,14,5,2,5
2016120151424,3,9,0,18,0,1,0,0,0,0,2,1,6,1,21,5,1388,1,11,3,1,3
2016120151424,4,9,0,18,0,1,0,0,0,0,2,1,6,1,67,10,1560,2,6,5,1,5
2016120151537,1,9,0,18,0,0,0,0,0,0,1,1,6,3,-1,-1,-1,-1,-1,-1,-1,-1
2016120151537,2,1,0,18,0,0,0,0,0,0,1,1,6,1,33,6,-1,-1,-1,-1,-1,-1
2016120151760,1,9,0,18,0,1,0,0,0,0,1,1,2,1,23,5,1149,1,3,9,1,9
2016120151760,2,9,0,9,0,8,0,0,0,0,4,1,6,1,72,10,1968,2,9,9,1,9
2016120151874,1,9,0,7,0,6,0,0,0,0,3,1,6,2,21,5,1399,2,9,5,3,5
2016120151874,2,9,0,18,0,1,0,0,0,0,1,1,6,2,40,7,1390,1,9,5,2,5
2016120152408,1,9,0,9,0,2,0,0,0,0,3,1,1,2,31,6,998,1,3,3,1,3
2016120152408,2,1,0,15,0,1,0,0,0,0,1,1,2,1,22,5,-1,-1,-1,9,1,9
2016120152456,1,9,0,18,0,8,0,0,0,0,1,1,6,1,61,9,1349,1,6,10,1,10
2016120152456,2,9,0,18,0,8,0,0,1,1,4,1,6,2,71,10,1686,2,5,7,2,7
2016120152474,1,2,0,18,0,0,1,0,0,0,0,1,2,1,19,4,49,1,-1,7,3,7
2016120152474,2,19,0,2,6,0,0,0,0,0,0,1,2,1,33,6,1995,2,6,7,1,7
2016120152544,1,9,0,18,0,0,0,0,0,0,1,1,6,2,19,4,1240,1,8,8,1,8
2016120152643,1,9,0,11,0,0,0,0,0,0,2,1,2,1,47,8,1149,1,15,1,3,1
2016120152643,2,21,1,18,0,0,0,0,0,0,1,1,1,1,58,9,12419,2,-1,-1,-1,-1
2016120152643,3,9,0,18,0,0,0,0,0,0,4,1,6,2,27,6,1242,1,7,-1,-1,-1
2016120152658,1,19,0,18,0,1,1,0,0,0,3,1,1,1,42,7,2198,2,1,7,3,7
2016120152658,2,17,4,7,0,1,1,0,0,0,4,1,1,1,23,5,6788,2,2,2,2,2
2016120152787,1,4,0,17,0,0,0,0,1,11,1,1,6,1,23,5,373,1,-1,1,1,1
2016120153200,1,9,0,4,0,0,0,0,0,0,2,1,6,1,20,4,999,1,5,4,1,4
2016120153200,2,9,0,4,0,0,1,0,0,0,1,2,6,1,39,7,1242,1,-1,6,1,6
2016120153227,1,9,0,9,0,1,0,0,0,0,3,1,6,2,37,7,1598,1,6,9,1,9
2016120153227,2,9,0,18,0,1,0,0,0,0,1,1,6,2,52,8,1199,1,13,4,1,4
2016120153271,1,9,0,18,0,8,0,0,0,0,4,1,6,2,70,10,1798,1,3,10,3,10
2016120153271,2,9,0,18,0,8,0,0,0,0,3,1,6,1,52,8,1685,2,3,3,1,3
2016120154258,1,9,0,18,0,0,0,0,1,0,0,1,6,1,29,6,2792,1,22,-1,-1,-1
2016120154272,1,21,1,18,0,8,0,0,0,0,1,1,1,1,26,6,12900,2,4,6,1,6
2016120154272,2,21,1,18,0,8,0,0,0,0,2,1,1,1,33,6,12740,2,3,2,1,2
2016120154272,3,9,0,12,0,7,0,0,0,0,0,1,6,1,70,10,1397,1,6,-1,2,-1
2016120154403,1,9,0,18,0,0,0,0,7,0,3,1,6,1,36,7,1397,1,4,1,1,1
2016120154403,2,9,0,18,0,0,0,0,0,0,3,1,6,1,39,7,1598,1,7,3,2,3
2016120154436,1,9,0,18,0,0,1,0,2,11,1,1,6,1,30,6,1798,1,9,4,1,4
2016120154472,1,9,0,16,0,0,0,0,7,4,1,1,6,2,26,6,1390,1,9,7,1,7
2016120154528,1,9,0,14,0,0,0,4,0,0,1,1,6,1,78,11,998,1,-1,5,1,5
2016120154528,2,9,0,2,0,0,0,0,0,0,2,1,6,1,56,9,1299,1,8,5,1,5
2016120154598,1,9,0,18,0,1,0,0,0,0,1,1,6,1,36,7,2698,2,8,6,1,6
2016120154598,2,9,0,18,0,1,0,0,0,0,4,1,2,2,29,6,1968,2,4,10,1,10
2016120154703,1,9,0,9,0,8,0,0,0,0,1,1,6,1,56,9,1598,1,10,3,1,3
2016120154703,2,5,0,14,0,8,0,0,0,0,4,1,6,1,26,6,675,1,1,1,1,1
2016120154929,1,9,0,18,0,0,0,0,1,9,1,1,6,2,31,6,1956,2,1,10,3,10
2016120154929,2,9,0,4,0,0,0,0,0,0,2,1,6,1,53,8,1598,1,9,-1,-1,-1
2016120154929,3,9,0,18,0,0,0,0,0,0,3,1,6,2,33,6,1598,1,7,1,1,1
2016120154929,4,9,0,18,0,0,0,0,1,9,3,1,1,1,29,6,1398,1,6,6,1,6
2016120155402,1,9,0,18,0,8,0,0,0,0,1,1,6,1,31,6,1753,2,8,10,1,10
2016120155402,2,9,0,4,7,5,0,0,0,0,2,1,6,2,29,6,1596,1,7,5,1,5
2016120155403,1,9,0,18,0,0,0,0,0,0,4,1,2,1,20,4,1364,1,3,10,1,10
2016120155405,1,9,0,18,0,1,1,0,0,0,1,1,6,1,42,7,1910,2,12,9,1,9
2016120155405,2,9,0,3,0,8,0,0,0,0,2,1,6,1,44,7,1364,1,11,1,1,1
2016120155405,3,9,0,3,0,8,0,0,0,0,2,1,6,1,50,8,1798,8,1,9,1,9
2016120155405,4,21,0,9,0,5,0,0,0,0,0,1,1,1,51,8,-1,2,12,7,1,7
2016120155449,1,9,0,9,0,6,0,0,0,0,1,1,6,1,18,4,998,1,-1,9,2,9
2016120155486,1,17,0,11,0,0,0,0,0,0,4,1,1,1,67,10,-1,-1,-1,6,3,6
2016120155486,2,3,0,18,0,0,0,0,1,0,3,1,6,1,64,9,98,1,52,8,1,8
2016120155685,1,9,0,18,0,0,0,0,8,4,1,1,6,1,25,5,1299,1,10,1,1,1
2016120155744,1,9,0,5,0,4,0,0,0,0,3,1,6,1,21,5,1390,1,5,5,1,5
2016120155744,2,1,0,18,0,8,0,0,0,0,1,1,6,1,34,6,-1,-1,-1,3,1,3
2016120155899,1,9,0,16,0,0,1,0,8,4,4,1,6,1,23,5,1248,2,8,2,1,2
2016120156059,1,9,0,2,0,0,0,0,0,0,1,1,6,1,60,9,1968,2,5,7,2,7
2016120156059,2,9,0,2,0,0,0,0,0,0,2,1,6,3,-1,-1,1399,2,4,7,2,7
2016120156059,3,9,0,2,0,0,0,0,0,0,3,1,6,3,-1,-1,1124,1,9,7,2,7
2016120156227,1,9,0,5,0,4,0,7,0,10,1,1,1,1,36,7,1339,1,4,1,1,1
2016120156227,2,9,0,18,0,3,0,0,0,0,4,1,6,2,22,5,1124,1,14,1,1,1
2016120156502,1,9,0,3,0,0,0,0,0,0,3,1,6,3,48,8,2179,2,2,10,1,10
2016120156502,2,2,0,3,0,0,0,0,0,0,4,1,6,1,16,4,49,1,1,9,1,9
2016120156524,1,1,0,18,5,0,0,0,0,0,1,1,1,1,45,7,-1,-1,-1,9,1,9
2016120156551,1,9,0,9,0,1,0,0,0,0,0,1,6,2,-1,-1,-1,-1,-1,-1,-1,-1
2016120156551,2,9,0,18,0,1,1,0,1,11,1,1,6,1,29,6,1968,2,8,7,3,7
2016120156588,1,5,0,17,0,0,0,0,1,9,0,1,6,1,31,6,749,1,5,9,1,9
2016120156655,1,5,0,17,0,0,1,0,0,0,0,1,6,1,44,7,1402,1,14,3,2,3
2016120156693,1,5,0,18,0,0,0,0,7,0,0,1,6,1,69,10,647,1,17,2,1,2
2016120156759,1,5,0,4,0,0,1,0,0,0,1,1,6,1,51,8,2294,1,7,6,3,6
2016120156759,2,9,0,4,0,0,0,0,0,0,2,1,6,2,41,7,1596,1,2,6,2,6
2016120156961,1,21,1,7,7,5,2,0,7,0,3,1,1,1,57,9,12809,2,2,10,2,10
2016120157016,1,9,0,18,0,2,0,0,0,0,4,1,1,1,35,6,1796,1,11,2,2,2
2016120157130,1,9,0,4,0,0,0,0,0,0,2,1,2,1,25,5,1596,1,8,3,1,3
2016120157130,2,19,0,18,0,0,0,0,0,0,1,1,2,1,48,8,1560,2,7,8,3,8
2016120157210,1,9,0,18,0,0,0,0,0,0,4,1,6,1,43,7,2969,2,8,8,1,8
2016120157210,2,90,0,2,0,0,0,0,0,0,0,1,1,1,-1,-1,7146,2,4,6,1,6
2016120157249,1,21,0,9,0,7,0,0,0,0,3,1,1,1,39,7,7698,2,3,4,1,4
2016120157249,2,9,0,18,0,1,1,0,0,0,1,1,6,1,46,8,1796,1,9,7,1,7
2016120157431,1,9,0,13,0,0,2,0,2,11,4,1,6,1,80,11,-1,-1,-1,4,1,4
2016120157443,1,19,0,14,0,0,0,0,0,0,1,1,1,1,35,6,1686,2,8,8,3,8
2016120157443,2,9,0,18,0,0,0,0,0,0,1,1,2,2,28,6,1999,2,-1,8,3,8
2016120157444,1,19,0,1,9,0,0,0,0,0,2,1,1,3,33,6,2198,2,5,10,1,10
2016120157553,1,9,0,9,0,8,0,0,0,0,0,1,6,1,64,9,2231,2,3,8,1,8
2016120157553,2,9,0,9,0,8,0,0,0,0,0,1,6,1,44,7,1997,2,17,8,2,8
2016120157560,1,9,0,18,0,0,0,0,0,0,1,1,6,2,26,6,1587,1,14,8,1,8
2016120157562,1,9,0,9,0,2,0,0,0,0,1,1,6,1,-1,-1,-1,-1,-1,-1,-1,-1
2016120157672,1,9,0,18,0,0,1,0,7,4,1,1,6,1,21,5,-1,-1,-1,1,1,1
2016120157908,1,9,0,13,0,1,1,0,1,4,1,1,2,1,32,6,1995,2,8,3,1,3
2016120157908,2,9,0,9,0,5,0,0,0,0,3,1,1,1,43,7,1968,2,4,9,2,9
2016120158539,1,9,0,9,0,6,0,0,0,0,1,1,1,2,56,9,1199,1,16,3,1,3
2016120158539,2,9,0,18,0,1,0,0,0,0,4,1,1,2,36,7,1248,2,4,2,1,2
2016120158640,1,9,0,18,0,0,2,0,1,10,1,1,1,1,62,9,1997,2,1,5,1,5
2016120158803,1,9,0,18,0,0,0,0,0,0,1,1,6,2,32,6,998,1,1,7,3,7
2016120158803,2,9,0,3,0,0,0,0,0,0,2,1,6,2,37,7,1798,1,8,9,1,9
2016120158803,3,9,0,3,0,0,0,0,0,0,2,1,6,1,50,8,1968,2,10,7,1,7
2016120158805,1,21,0,17,0,0,0,0,0,0,0,1,1,1,43,7,7790,2,2,5,1,5
2016120158805,2,1,0,16,0,0,0,0,0,0,0,1,6,1,59,9,-1,-1,-1,10,1,10
2016120159089,1,9,0,18,0,0,0,0,0,0,3,1,6,1,70,10,1598,2,2,8,3,8
2016120159089,2,9,4,18,0,0,0,0,0,0,3,1,6,1,27,6,2495,2,15,9,3,9
2016120159089,3,9,0,18,0,0,0,0,1,7,1,1,6,2,19,4,1598,1,6,8,3,8
2016120159089,4,9,0,18,0,0,0,0,0,0,1,1,6,2,37,7,1560,2,2,7,3,7
2016120159209,1,9,0,18,0,0,0,0,0,0,4,1,6,2,65,9,1968,2,1,9,1,9
2016120159209,2,17,0,18,0,0,0,0,0,0,1,1,1,1,57,9,-1,-1,-1,-1,-1,-1
2016120159282,1,9,0,17,0,0,2,0,1,11,4,1,1,2,23,5,1229,1,3,10,2,10
2016120159412,1,5,0,16,0,8,1,11,0,0,4,1,6,1,51,8,649,1,4,1,1,1
2016120159419,1,1,0,18,0,8,0,0,0,0,1,1,6,1,38,7,-1,-1,-1,2,1,2
2016120159419,2,20,0,9,0,6,0,0,0,0,1,1,6,1,53,8,-1,-1,-1,7,1,7
2016120159581,1,11,0,17,0,1,0,0,0,0,0,1,1,1,42,7,5132,2,-1,6,1,6
2016120159647,1,5,0,16,0,0,0,0,0,0,3,1,6,1,52,8,1285,1,-1,6,3,6
2016120159647,2,9,3,17,0,0,0,0,0,0,3,1,6,1,70,10,-1,-1,-1,4,1,4
2016120159682,1,9,0,18,0,0,0,0,0,0,3,1,6,1,44,7,1753,2,7,8,3,8
2016120159682,2,9,0,18,0,0,0,0,0,0,3,1,6,3,-1,-1,1796,1,14,-1,-1,-1
2016120160013,1,17,4,9,0,6,0,0,0,0,1,1,1,1,26,6,-1,2,7,8,3,8
2016120160013,2,3,0,16,0,8,0,0,7,0,1,1,6,1,21,5,125,1,-1,8,2,8
2016120160062,1,9,0,18,0,8,0,0,0,0,1,1,6,2,29,6,1339,1,8,8,1,8
2016120160062,2,1,0,18,0,8,0,0,0,0,2,1,2,1,20,4,-1,-1,-1,9,1,9
2016120160131,1,19,0,18,0,0,0,0,0,0,1,1,1,1,21,5,2402,2,6,4,1,4
2016120160131,2,9,0,2,0,0,0,0,0,0,2,1,6,1,22,5,1396,1,3,-1,3,-1
2016120160158,1,9,0,4,0,6,0,0,0,0,1,1,6,2,19,4,1390,1,12,5,1,5
2016120160158,2,9,0,18,0,8,0,0,7,0,4,1,6,2,53,8,1798,1,-1,8,2,8
2016120160213,1,9,0,18,0,0,0,0,0,0,1,1,6,1,20,4,1149,1,14,6,2,6
2016120160289,1,9,0,5,0,6,0,0,0,0,1,1,6,1,49,8,2982,2,9,5,3,5
2016120160289,2,1,0,18,0,8,0,0,0,0,4,1,6,1,68,10,-1,-1,-1,4,1,4
2016120160303,1,9,0,3,0,0,0,0,0,0,2,1,6,1,51,8,1598,2,3,10,1,10
2016120160303,2,1,0,18,0,0,0,0,0,0,1,1,6,1,30,6,-1,-1,-1,-1,-1,-1
2016120160396,1,9,0,18,0,0,0,4,0,0,1,1,2,1,34,6,1753,2,11,1,1,1
2016120160396,2,9,0,2,0,0,0,0,0,0,1,1,6,2,41,7,2457,1,15,1,1,1
2016120160396,3,9,0,2,0,0,0,0,0,0,2,1,6,1,48,8,1988,1,14,7,1,7
2016120160602,1,9,0,17,0,0,0,0,8,10,1,1,6,1,56,9,1997,1,15,7,1,7
2016120160630,1,9,0,18,0,0,0,0,2,11,3,1,6,2,23,5,1360,1,7,2,1,2
2016120160778,1,9,0,18,0,1,0,0,0,0,1,1,1,1,63,9,1597,1,7,1,1,1
2016120160778,2,9,0,18,0,1,0,0,0,0,2,1,6,1,51,8,-1,-1,-1,6,2,6
2016120160807,1,9,0,13,0,0,0,0,0,0,0,1,6,3,-1,-1,-1,-1,-1,-1,-1,-1
2016120160807,2,1,0,18,0,0,0,0,1,0,0,1,6,1,15,3,-1,-1,-1,9,2,9
2016120160878,1,9,0,9,0,8,0,0,0,0,1,1,6,1,36,7,1598,1,13,9,2,9
2016120160878,2,1,0,18,0,8,0,0,0,0,1,1,6,2,68,10,-1,-1,-1,6,1,6
2016120160963,1,9,0,18,9,2,0,0,7,0,1,1,6,1,49,8,1769,1,12,4,2,4
2016120160963,2,1,0,18,9,2,0,0,7,0,4,1,6,1,16,4,-1,-1,-1,1,1,1
2016120161165,1,9,0,18,0,0,1,0,7,3,1,1,2,1,28,6,1781,1,11,4,1,4
2016120161187,1,9,0,18,0,0,0,0,0,0,1,1,2,1,24,5,-1,-1,-1,4,1,4
2016120161187,2,9,0,18,0,0,0,0,0,0,1,1,1,1,44,7,1598,2,1,7,2,7
2016120161376,1,2,0,18,0,8,0,0,0,0,1,1,6,1,25,5,999,1,9,9,2,9
2016120161376,2,17,4,7,0,6,0,0,0,0,3,1,1,3,24,5,-1,2,4,6,3,6
2016120161462,1,19,0,9,0,8,0,0,0,0,1,1,1,3,20,4,1560,2,2,10,1,10
2016120161462,2,9,0,18,0,8,0,0,0,0,1,1,1,1,25,5,2967,2,1,4,1,4
2016120161535,1,9,0,5,0,0,0,0,0,0,3,1,1,2,44,7,999,1,10,5,1,5
2016120161535,2,11,0,4,0,0,0,0,0,0,4,1,1,1,34,6,-1,-1,-1,5,2,5
2016120161569,1,9,0,4,0,1,0,0,0,0,2,1,6,1,23,5,1396,1,12,10,3,10
2016120161569,2,9,0,18,0,1,0,0,0,0,1,1,6,2,50,8,1242,1,4,10,2,10
2016120161569,3,8,0,9,0,1,0,0,0,0,0,1,6,3,-1,-1,-1,-1,-1,-1,-1,-1
2016120161598,1,1,0,18,0,0,0,0,0,0,1,1,6,1,3,1,-1,-1,-1,-1,-1,-1
2016120161598,2,9,0,17,0,0,0,0,0,0,3,1,6,2,31,6,1197,1,-1,9,1,9
2016120161631,1,9,0,18,0,8,1,0,0,0,1,1,2,2,50,8,1984,1,15,6,1,6
2016120161631,2,20,0,17,0,8,0,0,0,0,4,1,1,1,32,6,-1,-1,-1,3,1,3
2016120161852,1,9,0,18,0,4,0,0,0,0,1,1,6,1,50,8,2143,2,-1,6,1,6
2016120161852,2,3,0,18,0,3,0,0,0,0,1,1,2,1,50,8,124,1,1,6,1,6
2016120161890,1,19,0,12,8,0,0,0,0,0,1,1,1,1,30,6,1995,2,4,8,1,8
2016120161890,2,21,0,18,0,0,0,0,0,0,4,1,1,1,49,8,10837,2,3,3,1,3
2016120162138,1,21,0,7,0,8,0,0,0,0,2,1,1,1,45,7,10518,2,4,5,1,5
2016120162145,1,19,0,18,0,0,0,0,0,0,1,1,3,2,40,7,-1,-1,-1,8,2,8
2016120162145,2,9,0,18,0,0,0,0,0,0,0,1,3,2,39,7,-1,-1,-1,2,2,2
2016120162149,1,1,0,18,0,0,0,0,0,0,1,1,1,1,20,4,-1,-1,-1,5,1,5
2016120162245,1,9,0,18,0,0,0,0,0,0,0,1,6,2,62,9,-1,-1,-1,-1,-1,-1
2016120162245,2,9,0,18,0,0,0,6,0,11,1,1,6,2,41,7,1390,1,4,-1,-1,-1
2016120162278,1,19,0,18,0,8,0,0,0,0,1,1,2,2,45,7,-1,-1,-1,5,3,5
2016120162278,2,9,0,4,0,8,0,0,1,0,2,1,6,1,65,9,1968,2,6,7,1,7
2016120162634,1,9,0,16,0,0,0,0,0,0,1,1,1,1,41,7,-1,-1,-1,1,1,1
2016120162634,2,9,0,17,0,0,0,0,0,0,1,1,1,1,32,6,1997,2,11,6,3,6
2016120162662,1,9,0,18,0,8,0,0,0,0,3,1,1,2,47,8,1896,2,6,9,2,9
2016120162662,2,9,0,18,0,8,0,0,0,0,1,1,2,1,43,7,1229,1,6,2,2,2
2016120162773,1,5,0,16,0,0,0,0,7,1,1,1,6,1,21,5,599,1,10,5,1,5
2016120162970,1,9,0,16,0,0,0,0,7,0,1,1,6,1,-1,-1,-1,-1,-1,-1,-1,-1
2016120163001,1,9,0,16,0,0,0,0,0,0,3,1,6,3,-1,-1,-1,-1,-1,-1,-1,-1
2016120163001,2,1,0,17,0,0,0,0,0,0,3,1,6,1,46,8,-1,-1,-1,5,1,5
2016120163055,1,5,0,18,0,0,0,0,1,0,4,1,6,1,59,9,1215,1,3,5,1,5
2016120163262,1,1,0,7,0,8,1,0,0,0,0,1,6,1,72,10,-1,-1,-1,4,1,4
2016120163332,1,9,0,9,0,8,0,0,0,0,1,1,4,2,17,4,996,1,6,9,3,9
2016120163332,2,9,0,18,0,8,0,0,0,0,1,1,1,1,19,4,-1,-1,-1,5,1,5
2016120163332,3,9,0,8,0,1,0,0,0,0,1,1,3,2,42,7,2179,2,2,9,3,9
2016120163343,1,20,0,18,0,8,0,0,0,0,1,1,1,1,57,9,2402,2,11,9,3,9
2016120163343,2,9,0,18,0,8,0,0,0,0,3,1,6,1,18,4,-1,-1,-1,9,3,9
2016120163640,1,1,0,14,0,0,0,8,0,0,1,1,2,1,42,7,-1,-1,-1,9,2,9
2016120163640,2,9,0,2,0,0,0,0,0,0,3,1,6,2,60,9,1242,1,5,8,3,8
2016120163962,1,9,0,4,0,0,0,0,0,0,2,1,6,2,19,4,1398,1,1,8,1,8
2016120163962,2,9,0,4,0,0,0,0,0,0,1,1,6,1,22,5,-1,-1,-1,-1,-1,-1
2016120164339,1,1,0,18,0,0,0,0,0,0,0,1,6,2,40,7,-1,-1,-1,9,1,9
2016120164885,1,5,0,18,0,0,0,0,0,0,1,1,6,1,54,8,1700,1,3,9,2,9
2016120164885,2,9,0,18,0,0,0,0,0,0,2,1,6,3,37,7,1598,2,4,8,1,8
2016120164924,1,9,0,9,0,8,0,0,0,0,3,1,6,1,84,11,1598,2,-1,-1,-1,-1
2016120164924,2,9,0,18,0,8,0,0,0,0,1,1,6,1,27,6,1968,2,9,8,1,8
2016120164967,1,5,0,13,0,0,0,0,1,11,1,1,6,1,48,8,998,1,9,9,3,9
2016120164967,2,9,0,17,0,0,0,0,0,0,1,1,2,2,34,6,1598,2,4,9,1,9
2016120164967,3,9,0,16,0,0,0,0,0,0,0,1,6,1,46,8,2402,2,9,9,3,9
2016120164983,1,22,0,7,0,6,2,0,0,0,1,1,6,2,32,6,-1,-1,-1,2,1,2
2016120164983,2,11,0,18,0,8,0,0,0,0,4,1,1,1,50,8,11967,2,7,2,1,2
2016120165033,1,9,0,9,0,6,0,0,0,0,1,1,6,2,60,9,1598,1,5,2,1,2
2016120165033,2,5,0,18,0,1,0,0,0,0,1,1,6,1,60,9,124,1,15,7,1,7
2016120165423,1,9,0,13,0,1,0,0,7,0,4,1,6,1,25,5,1299,1,9,1,1,1
2016120165423,2,9,0,9,0,5,0,0,0,0,3,1,1,1,37,7,1242,1,9,9,3,9
2016120165533,1,5,0,18,0,8,0,0,1,0,0,1,6,1,46,8,-1,-1,-1,3,2,3
2016120165550,1,1,0,18,0,4,0,0,0,0,3,1,6,2,47,8,-1,-1,-1,4,1,4
2016120165550,2,9,0,7,0,4,0,0,0,0,4,1,6,1,50,8,-1,-1,-1,-1,2,-1
2016120165568,1,3,0,16,0,1,0,0,1,10,0,1,6,2,52,8,125,1,-1,9,1,9
2016120165686,1,9,0,16,0,1,0,0,0,0,3,1,6,1,43,7,1588,1,14,5,3,5
2016120165686,2,9,0,17,0,1,0,0,0,0,3,1,6,1,83,11,1587,1,12,5,2,5
2016120165719,1,1,0,18,0,1,0,0,0,0,1,1,6,1,24,5,-1,-1,-1,5,2,5