Accident_Index,Vehicle_Reference,Vehicle_Type,Towing_and_Articulation,Vehicle_Manoeuvre,Vehicle_Location-Restricted_Lane,Junction_Location,Skidding_and_Overturning,Hit_Object_in_Carriageway,Vehicle_Leaving_Carriageway,Hit_Object_off_Carriageway,1st_Point_of_Impact,Was_Vehicle_Left_Hand_Drive?,Journey_Purpose_of_Driver,Sex_of_Driver,Age_of_Driver,Age_Band_of_Driver,Engine_Capacity_(CC),Propulsion_Code,Age_of_Vehicle,Driver_IMD_Decile,Driver_Home_Area_Type,Vehicle_IMD_Decile
2016120165719,2,9,0,7,0,5,0,0,0,0,4,1,6,1,26,6,2000,2,12,6,3,6
2016120165778,1,4,0,18,0,4,1,0,0,0,1,1,6,1,23,5,-1,-1,-1,2,1,2
2016120165778,2,9,0,18,0,4,0,0,0,0,3,1,2,2,25,5,1596,1,11,-1,-1,-1
2016120165781,1,9,0,9,0,4,0,0,3,0,4,1,6,1,19,4,1360,1,10,10,2,10
2016120165781,2,5,0,18,0,1,0,0,0,0,1,1,6,1,49,8,847,1,1,2,1,2
2016120166068,1,9,0,18,0,4,0,0,0,0,1,1,6,1,65,9,1968,2,4,7,1,7
2016120166068,2,1,0,18,0,3,0,0,0,0,4,1,2,2,55,8,-1,-1,-1,10,1,10
2016120166169,1,9,0,5,0,4,0,0,0,0,4,1,6,2,36,7,2199,2,1,10,2,10
2016120166169,2,11,0,5,0,4,0,0,0,0,1,1,1,1,51,8,11967,2,7,10,1,10
2016120166354,1,20,0,18,0,0,0,0,1,7,1,1,1,1,44,7,4250,2,4,2,1,2
2016120166387,1,9,0,18,0,8,0,0,0,0,4,1,2,1,43,7,2494,2,7,8,3,8
2016120166387,2,1,0,18,0,8,0,0,0,0,1,1,2,1,24,5,-1,-1,-1,8,3,8
2016120166614,1,9,0,18,0,6,0,0,0,0,1,1,6,1,34,6,-1,-1,-1,9,1,9
2016120166614,2,1,0,18,0,8,0,0,0,0,2,1,6,2,48,8,-1,-1,-1,9,1,9
2016120166806,1,9,0,18,0,0,0,0,0,0,1,1,6,1,21,5,1968,2,4,7,1,7
2016120166806,2,9,0,18,0,0,0,0,0,0,2,1,6,1,62,9,-1,-1,-1,9,1,9
2016120166992,1,9,0,16,0,0,0,0,0,0,3,1,2,1,46,8,1995,2,2,10,1,10
2016120166992,2,9,0,17,0,0,0,0,1,11,3,1,6,2,35,6,1747,1,13,1,1,1
2016120167418,1,9,0,18,0,8,0,0,0,0,1,1,6,1,82,11,996,1,6,-1,2,-1
2016120167418,2,19,0,18,0,8,0,0,0,0,2,1,1,1,30,6,2402,2,15,1,1,1
2016120167418,3,19,0,18,0,8,0,0,0,0,2,1,1,1,49,8,1753,2,12,3,1,3
2016120167418,4,9,0,18,0,8,0,0,0,0,2,1,6,1,69,10,2400,2,7,9,3,9
2016120167520,1,9,0,17,0,0,0,10,1,0,1,1,6,2,59,9,1242,1,6,4,1,4
2016120167568,1,21,0,18,0,1,0,0,0,0,1,1,1,1,49,8,12777,2,6,9,3,9
2016120167568,2,9,0,3,0,1,0,0,0,0,2,1,1,2,52,8,1686,2,5,7,1,7
2016120167568,3,9,0,3,0,1,0,0,0,0,2,1,1,1,37,7,1995,2,2,1,1,1
2016120167682,1,9,0,18,0,0,0,0,0,0,1,1,6,2,23,5,1461,2,-1,9,2,9
2016120167682,2,9,0,3,0,0,0,0,0,0,2,1,6,1,42,7,1685,2,5,9,1,9
2016120167865,1,9,0,13,0,0,0,0,7,0,4,1,6,2,22,5,-1,-1,-1,5,2,5
2016120167865,2,21,0,16,0,0,0,0,0,0,4,1,1,1,46,8,10677,2,2,2,1,2
2016120167865,3,21,0,18,0,0,0,0,0,0,0,1,6,3,-1,-1,-1,-1,-1,-1,-1,-1
2016120167963,1,9,0,18,0,0,0,0,0,0,1,1,6,3,-1,-1,-1,-1,-1,-1,-1,-1
2016120168151,1,1,0,16,0,0,0,0,0,0,0,1,6,1,41,7,-1,-1,-1,9,3,9
2016120168213,1,9,0,18,0,8,0,0,0,0,1,1,6,2,75,10,1398,1,5,5,3,5
2016120168213,2,9,0,9,0,8,0,0,7,0,2,1,6,2,20,4,1598,2,4,4,1,4
2016120168259,1,4,0,18,0,0,0,0,0,0,1,1,6,1,70,10,350,1,20,6,3,6
2016120168259,2,9,0,18,0,0,0,0,0,0,3,1,6,3,62,9,998,1,1,8,3,8
2016120168272,1,19,0,18,0,0,0,0,0,0,1,1,1,3,41,7,1968,2,5,7,1,7
2016120168450,1,1,0,18,0,0,0,0,0,0,1,1,6,1,46,8,-1,-1,-1,-1,-1,-1
2016120168450,2,9,3,14,0,0,0,0,0,0,4,2,6,1,78,11,1991,2,13,6,1,6
2016120168738,1,9,0,10,0,1,0,0,0,0,3,1,6,1,18,4,1248,2,6,6,3,6
2016120168738,2,9,0,9,0,6,0,0,0,0,1,1,6,3,46,8,1368,1,11,8,1,8
2016120168787,1,9,0,18,0,0,1,0,1,0,1,1,1,1,33,6,-1,-1,-1,5,3,5
2016120168787,2,9,0,18,0,0,0,0,0,0,2,1,6,1,50,8,1997,2,10,2,1,2
2016120168854,1,1,0,18,0,0,0,0,0,0,3,1,6,1,19,4,-1,-1,-1,3,1,3
2016120168854,2,9,0,18,0,0,0,0,0,0,4,1,6,3,-1,-1,-1,-1,-1,-1,-1,-1
2016120169069,1,9,0,18,0,1,0,0,0,0,1,1,6,1,30,6,1968,2,3,2,1,2
2016120169069,2,19,0,18,0,1,0,0,0,0,2,1,6,1,37,7,-1,-1,-1,6,3,6
2016120169069,3,9,0,18,0,1,0,0,0,0,2,1,6,1,47,8,2967,2,2,10,2,10
2016120169069,4,9,0,10,0,1,0,0,0,0,2,1,6,1,44,7,1984,1,4,7,1,7
2016120169123,1,9,0,12,0,0,1,0,5,6,1,1,6,2,24,5,1360,1,12,4,1,4
2016120169123,2,9,0,18,0,0,0,0,0,0,1,1,6,2,60,9,-1,-1,-1,8,3,8
2016120169495,1,9,0,10,0,8,0,0,0,0,2,1,6,2,23,5,1798,1,7,4,2,4
2016120169495,2,19,0,18,0,1,0,0,0,0,1,1,6,2,23,5,2477,2,3,4,2,4
2016120169642,1,5,0,18,0,0,0,0,1,0,0,1,6,1,66,10,-1,-1,-1,10,1,10
2016120169657,1,4,0,14,0,0,0,0,0,0,1,1,6,2,18,4,125,1,2,5,3,5
2016120169657,2,9,0,18,0,0,0,0,0,0,1,1,6,2,70,10,1364,1,10,1,1,1
2016120169895,1,5,0,16,0,0,0,0,7,11,1,1,6,1,34,6,599,1,10,5,2,5
2016120170037,1,9,0,7,0,6,0,0,0,0,1,1,6,1,67,10,2179,2,3,10,1,10
2016120170037,2,1,0,18,0,8,0,0,0,0,1,1,6,2,57,9,-1,-1,-1,-1,-1,-1
2016120170106,1,9,0,7,0,6,0,0,0,0,1,1,2,1,59,9,2151,2,14,6,3,6
2016120170106,2,9,0,18,0,8,0,0,0,0,4,1,6,1,30,6,1753,2,13,1,1,1
2016120170128,1,5,0,17,0,0,0,0,1,9,3,1,6,1,62,9,998,1,11,4,1,4
2016120170138,1,4,0,17,0,0,0,10,1,0,1,1,6,1,74,10,649,1,9,8,1,8
2016120170140,1,1,0,18,0,1,0,0,0,0,2,1,1,1,40,7,-1,-1,-1,10,1,10
2016120170140,2,9,0,18,0,1,0,0,0,0,1,1,6,3,-1,-1,-1,-1,-1,-1,-1,-1
2016120170213,1,20,0,18,0,8,0,0,0,0,1,1,6,1,39,7,-1,-1,-1,5,1,5
2016120170213,2,9,0,9,0,1,0,0,0,0,1,1,6,2,52,8,1998,2,9,10,1,10
2016120170245,1,9,0,18,0,0,0,0,0,0,1,1,6,2,70,10,1242,1,7,8,1,8
2016120170272,1,5,0,17,0,8,1,0,1,0,1,1,6,1,47,8,1199,1,14,8,2,8
2016120170303,1,1,0,17,0,0,0,0,0,0,0,1,6,1,46,8,-1,-1,-1,10,1,10
2016120170303,2,1,0,17,0,0,0,0,0,0,0,1,6,1,44,7,-1,-1,-1,3,1,3
2016120170397,1,9,0,16,0,0,0,0,7,11,3,1,6,1,55,8,1995,2,4,9,1,9
2016120170397,2,9,0,17,0,0,0,0,0,0,3,1,6,1,49,8,1798,1,4,6,1,6
2016120170397,3,9,0,16,0,0,0,0,0,0,1,1,6,1,57,9,1956,2,-1,9,2,9
2016120170432,1,4,0,18,0,0,0,0,7,10,3,1,6,1,53,8,286,1,1,6,1,6
2016120170478,1,9,0,18,0,0,0,0,0,0,1,1,6,1,20,4,1995,2,-1,7,1,7
2016120170795,1,9,0,4,0,1,0,0,0,0,1,1,6,1,70,10,1248,1,2,4,1,4
2016120170795,2,9,0,4,0,1,0,0,0,0,2,1,6,2,52,8,1598,1,5,5,3,5
2016120170795,3,9,0,7,0,5,0,0,0,0,0,1,6,3,-1,-1,-1,-1,-1,-1,-1,-1
2016120170915,1,19,0,5,0,1,0,0,0,0,1,1,1,1,45,7,1968,2,-1,4,1,4
2016120171236,1,19,0,13,0,1,0,0,0,0,0,1,6,3,-1,-1,-1,-1,-1,-1,-1,-1
2016120171236,2,1,0,18,0,1,0,0,0,0,0,1,6,1,27,6,-1,-1,-1,5,2,5
2016120171320,1,9,0,9,0,8,0,0,0,0,3,1,6,1,55,8,1598,2,6,5,2,5
2016120171320,2,1,0,18,0,8,0,0,0,0,0,1,6,1,28,6,-1,-1,-1,9,3,9
2016120171407,1,9,0,16,0,8,0,0,0,0,3,1,6,2,19,4,1299,1,13,3,1,3
2016120171407,2,8,0,17,0,8,0,0,0,0,3,1,1,1,49,8,2148,2,6,8,1,8
2016120171444,1,5,0,18,0,1,1,0,0,0,3,1,6,2,37,7,865,1,-1,-1,-1,-1
2016120171560,1,9,0,14,0,1,0,0,0,0,1,1,2,1,39,7,1968,2,-1,6,3,6
2016120171560,2,11,0,2,0,1,0,0,0,0,0,1,3,1,62,9,9600,2,21,9,2,9
2016120171632,1,9,0,16,0,0,0,0,7,9,3,1,6,1,90,11,1997,2,-1,9,1,9
2016120171640,1,9,0,7,0,6,0,0,0,0,1,1,6,2,51,8,1499,1,2,5,1,5
2016120172017,1,19,0,18,0,0,5,0,2,11,4,1,1,1,29,6,1968,2,1,1,1,1
2016120172120,1,1,0,15,0,0,0,0,0,0,3,1,6,1,67,10,-1,-1,-1,10,2,10
2016120172120,2,9,0,18,0,0,0,0,0,0,3,1,6,3,-1,-1,-1,-1,-1,-1,-1,-1
2016120172135,1,9,0,9,0,8,0,0,0,0,1,1,6,1,35,6,1796,1,15,5,1,5
2016120172135,2,8,0,18,0,4,1,0,0,0,3,1,1,1,60,9,1598,2,3,9,1,9
2016120172210,1,9,0,9,0,3,0,0,0,0,3,1,2,1,49,8,1368,1,7,5,1,5
2016120172210,2,1,0,9,0,3,0,0,0,0,4,1,6,1,66,10,-1,-1,-1,5,1,5
2016120172215,1,9,0,18,0,0,1,0,0,0,1,1,6,1,38,7,1149,1,11,9,2,9
2016120172215,2,9,0,18,0,0,0,0,1,10,1,1,6,2,21,5,-1,-1,-1,-1,-1,-1
2016120172215,3,9,0,18,0,0,0,0,0,0,1,1,6,1,65,9,1618,1,2,9,2,9
2016120172223,1,9,0,1,0,8,0,0,0,0,2,1,6,1,69,10,2987,2,5,3,1,3
2016120172313,1,17,0,5,0,6,0,0,0,0,1,1,1,1,25,5,6788,2,2,9,2,9
2016120172313,2,9,0,18,0,1,0,0,1,0,4,1,2,2,38,7,1968,2,8,7,1,7
2016120172384,1,9,0,7,0,6,0,0,0,0,1,1,6,3,-1,-1,-1,-1,-1,-1,-1,-1
2016120172384,2,1,0,18,0,8,1,0,0,0,4,1,6,1,28,6,-1,-1,-1,8,1,8
2016120172786,1,9,0,4,0,0,0,0,0,0,2,1,6,1,59,9,1799,1,7,9,1,9
2016120172786,2,9,0,18,0,0,0,0,0,0,1,1,6,1,53,8,1461,2,1,9,1,9
2016120172836,1,9,0,2,0,0,0,4,0,0,2,1,6,1,69,10,1560,2,2,2,2,2
2016120172836,2,9,0,2,0,0,0,0,0,0,3,1,6,1,49,8,1995,2,-1,7,3,7
2016120172836,3,9,0,2,0,0,0,0,0,0,4,1,6,1,77,11,1595,1,4,1,1,1
2016120173039,1,1,0,18,0,8,0,0,0,0,3,1,2,1,37,7,-1,-1,-1,4,1,4
2016120173039,2,9,0,18,0,8,0,0,0,0,1,1,2,2,28,6,998,1,-1,8,2,8
2016120173262,1,21,1,18,0,0,0,0,0,0,3,2,1,1,51,8,-1,-1,-1,-1,-1,-1
2016120173262,2,9,0,18,0,0,0,0,4,6,4,1,6,2,43,7,1995,2,6,7,3,7
2016120173333,1,3,0,4,6,0,1,0,0,0,4,1,2,2,30,6,124,1,4,4,1,4
2016120173396,1,9,0,18,0,8,0,0,0,0,1,1,6,1,33,6,1896,2,8,6,1,6
2016120173396,2,9,0,18,0,8,0,0,0,0,3,1,6,2,47,8,1348,1,14,8,2,8
2016120173538,1,9,0,13,0,0,0,0,0,0,3,1,6,2,58,9,1997,2,8,7,3,7
2016120173538,2,9,0,13,0,0,0,0,0,0,4,1,6,1,41,7,-1,-1,-1,4,1,4
2016120173538,3,9,0,18,0,0,0,0,0,0,3,1,6,2,52,8,1199,2,3,2,1,2
2016120173648,1,1,0,18,0,0,0,10,0,0,3,1,4,1,14,3,-1,-1,-1,10,1,10
2016120173648,2,19,0,13,0,0,0,0,0,0,4,1,6,1,40,7,2143,2,5,9,1,9
2016120173673,1,5,0,18,0,4,0,0,0,0,4,1,6,1,59,9,1215,1,2,7,1,7
2016120173673,2,9,0,18,0,4,0,0,0,0,1,1,6,1,-1,-1,-1,-1,-1,-1,-1,-1
2016120173756,1,9,0,18,0,3,0,0,0,0,4,1,6,1,27,6,1598,1,8,6,1,6
2016120173844,1,3,0,18,0,6,0,0,0,0,0,1,6,1,18,4,124,1,2,8,3,8
2016120173844,2,5,0,3,0,6,0,10,1,0,2,1,6,1,24,5,599,1,-1,4,1,4
2016120173844,3,9,0,3,0,6,0,0,0,0,2,1,6,1,58,9,1796,1,14,9,3,9
2016120173860,1,9,0,6,0,0,0,0,0,0,1,1,6,1,18,4,1461,2,1,7,1,7
2016120173860,2,2,0,18,0,0,0,0,0,0,3,1,6,2,17,4,49,1,8,7,1,7
2016120174144,1,9,0,5,0,6,0,0,0,0,1,1,6,1,24,5,1956,2,1,-1,-1,-1
2016120174144,2,9,0,18,0,1,0,0,0,0,4,1,6,1,68,10,1242,1,3,6,1,6
2016120174144,3,9,0,18,0,1,5,0,0,6,4,1,6,1,22,5,2184,2,10,-1,-1,-1
2016120174144,4,9,0,18,0,1,0,0,0,0,1,1,6,2,50,8,1242,1,8,7,1,7
2016120174150,1,9,0,18,0,0,0,0,5,6,1,1,6,1,25,5,1968,2,5,2,3,2
2016120174193,1,1,0,4,0,0,0,0,0,0,1,1,6,1,55,8,-1,-1,-1,3,1,3
2016120174193,2,9,0,17,0,0,0,0,0,0,1,1,6,1,55,8,1995,2,2,10,1,10
2016120174414,1,19,0,18,0,1,0,0,0,0,1,1,6,1,60,9,1870,2,15,3,1,3
2016120174416,1,5,0,18,0,8,0,0,0,0,4,1,6,1,29,6,652,1,13,6,3,6
2016120174416,2,9,0,9,0,8,0,0,0,0,1,1,2,1,27,6,1598,1,16,1,1,1
2016120174643,1,9,0,17,0,0,5,0,1,11,1,1,6,2,54,8,-1,-1,-1,6,2,6
2016120174643,2,9,0,16,0,0,0,0,0,0,0,1,6,3,-1,-1,-1,-1,-1,-1,-1,-1
2016120174691,1,9,0,16,0,0,0,0,7,11,1,1,6,1,37,7,1830,1,21,-1,3,-1
2016120174717,1,4,0,16,0,0,0,0,0,0,4,1,6,1,37,7,200,1,15,10,2,10
2016120174820,1,4,0,17,0,0,1,0,1,0,1,1,6,1,20,4,499,1,20,7,3,7
2016120174867,1,9,0,4,0,0,0,0,0,0,0,1,6,1,61,9,1598,2,3,-1,1,-1
2016120174867,2,9,0,18,0,0,0,0,0,0,2,1,6,2,51,8,-1,-1,-1,6,1,6
2016120174867,3,5,0,18,0,0,0,0,0,0,1,1,6,1,71,10,1170,1,4,-1,1,-1
2016120174867,4,9,0,18,0,0,0,0,0,0,1,1,6,1,56,9,1598,1,13,10,3,10
2016120174963,1,5,0,13,0,1,0,0,7,9,1,1,6,1,39,7,599,1,9,3,1,3
2016120174963,2,9,0,18,0,1,0,0,0,0,2,1,6,1,53,8,1799,1,10,1,1,1
2016120174963,3,5,0,18,0,2,0,0,0,0,0,1,6,1,31,6,599,1,7,2,1,2
2016120174963,4,5,0,18,0,2,0,0,0,0,0,1,6,1,44,7,599,1,10,3,1,3
2016120175033,1,9,0,18,0,0,2,10,7,11,1,1,6,1,30,6,1686,2,9,1,1,1
2016120175033,2,9,0,18,0,0,0,0,0,0,0,1,6,3,-1,-1,-1,-1,-1,-1,-1,-1
2016120175076,1,5,0,16,0,0,0,0,0,0,0,1,6,1,55,8,1170,1,1,9,1,9
2016120175076,2,9,0,17,0,0,0,0,0,0,3,1,6,2,54,8,1198,1,7,7,3,7
2016120175147,1,9,0,17,0,0,0,0,8,10,1,1,6,1,42,7,1799,1,18,4,2,4
2016120175152,1,9,0,7,0,6,0,0,3,4,1,1,6,1,41,7,1999,1,8,10,2,10
2016120175167,1,9,0,18,0,8,0,0,1,1,3,1,6,2,19,4,1197,1,2,4,3,4
2016120175167,2,9,0,18,0,8,0,0,0,0,1,1,6,1,27,6,1240,1,10,6,3,6
2016120175277,1,9,0,13,0,1,0,0,0,0,1,1,2,2,54,8,998,1,13,5,1,5
2016120175277,2,9,0,9,0,8,0,0,0,0,1,1,2,1,29,6,1596,1,4,6,1,6
2016120175277,3,21,0,8,0,1,0,0,0,0,0,1,1,1,26,6,-1,-1,-1,7,1,7
2016120175284,1,19,0,18,0,0,0,0,0,0,1,1,6,1,64,9,-1,-1,-1,10,1,10
2016120175576,1,9,0,16,0,0,2,0,8,10,1,1,6,2,21,5,1299,1,13,8,1,8
2016120175762,1,9,0,1,0,0,0,0,0,0,2,1,6,3,79,11,1200,1,1,6,3,6
2016120175822,1,19,0,18,0,0,0,0,4,6,1,2,1,1,38,7,-1,-1,-1,-1,-1,-1
2016120175822,2,20,0,18,0,0,0,0,0,0,1,1,1,1,29,6,6693,2,3,3,1,3
2016120175822,3,9,0,18,0,0,0,0,0,0,1,1,1,1,45,7,1461,2,-1,8,1,8
2016120175873,1,9,0,18,0,0,0,0,0,0,1,1,6,2,73,10,1364,1,3,4,3,4
2016120175873,2,1,0,18,0,0,0,0,0,0,4,1,4,1,12,3,-1,-1,-1,4,1,4
2016120176162,1,9,0,18,0,2,0,0,0,0,4,1,6,2,18,4,1598,1,1,6,1,6
2016120176228,1,9,0,18,0,1,0,0,0,0,1,1,6,1,52,8,1339,1,6,10,1,10
2016120176228,2,9,0,3,0,1,0,0,0,0,2,1,2,1,20,4,1390,1,5,3,1,3
2016120176228,3,9,0,10,0,1,0,0,0,0,2,1,2,1,65,9,1422,2,12,5,1,5
2016120176491,1,19,0,7,0,3,0,0,0,0,1,1,1,1,59,9,-1,-1,-1,10,1,10
2016120176491,2,9,0,18,0,8,0,0,1,1,3,1,1,2,27,6,1242,1,4,9,2,9
2016120176525,1,9,0,18,0,4,0,0,0,0,1,1,2,1,50,8,1896,2,11,3,1,3
2016120176525,2,1,0,9,0,3,0,0,0,0,1,1,2,2,45,7,-1,-1,-1,4,1,4
2016120176692,1,9,0,14,0,0,0,0,0,0,1,1,6,2,32,6,1242,1,9,6,1,6
2016120176692,2,4,0,14,0,0,0,0,4,0,1,1,2,1,18,4,125,1,-1,7,1,7
2016120176853,1,9,0,18,0,0,0,0,0,0,2,1,6,1,45,7,1598,2,4,6,1,6
2016120176853,2,9,0,18,0,0,0,0,0,0,1,1,6,2,30,6,1598,1,9,5,1,5
2016120176923,1,9,0,18,0,0,0,0,0,0,1,1,6,2,25,5,1998,1,12,9,1,9
2016120176923,2,9,0,3,0,0,0,0,0,0,2,1,1,1,58,9,1999,2,-1,10,1,10
2016120176934,1,9,0,18,0,1,0,0,0,0,1,1,6,1,51,8,1896,2,13,10,1,10
2016120176934,2,1,0,18,0,6,0,0,0,0,3,1,6,1,13,3,-1,-1,-1,3,1,3
2016120177015,1,9,0,5,6,0,0,0,0,0,3,1,3,2,39,7,1995,2,2,10,3,10
2016120177015,2,1,0,18,0,0,0,0,0,0,4,1,2,1,39,7,-1,-1,-1,7,1,7
2016120177155,1,9,0,18,0,8,0,0,0,0,1,1,1,1,56,9,-1,-1,-1,9,2,9
2016120177264,1,9,0,5,0,2,0,0,0,0,1,1,1,1,64,9,1986,2,10,7,3,7
2016120177322,1,9,0,3,0,0,0,0,0,0,2,1,6,2,32,6,1242,1,2,6,1,6
2016120177322,2,21,1,18,0,0,0,0,0,0,1,2,1,1,-1,-1,-1,-1,-1,-1,-1,-1
2016120177350,1,9,0,18,0,2,0,0,0,0,1,1,2,2,18,4,998,1,4,9,1,9
2016120177417,1,19,0,9,0,6,0,0,0,0,1,1,1,1,25,5,2198,2,4,7,3,7
2016120177417,2,5,0,18,0,1,0,0,0,0,1,1,6,1,76,11,1170,1,-1,3,3,3
2016120177485,1,9,0,18,0,0,0,0,0,0,1,1,6,1,17,4,2996,1,8,6,3,6
2016120177485,2,9,0,3,0,0,0,0,0,0,2,1,6,2,36,7,1597,1,18,6,3,6
2016120177574,1,9,0,9,0,6,0,0,0,0,1,1,6,2,59,9,1299,1,8,8,3,8
2016120177574,2,3,0,18,0,1,0,0,0,0,4,1,1,1,25,5,-1,-1,-1,5,1,5
2016120177628,1,1,0,18,0,8,0,0,0,0,2,1,6,1,16,4,-1,-1,-1,-1,-1,-1
2016120177628,2,9,0,18,0,8,0,0,0,0,1,1,6,3,20,4,1242,1,9,6,1,6
2016120177774,1,9,0,3,0,1,0,0,0,0,1,1,1,1,22,5,-1,-1,-1,9,1,9
2016120177774,2,2,0,18,0,1,0,0,0,0,2,1,2,1,42,7,125,1,5,8,1,8
2016120177837,1,9,0,18,0,0,0,0,0,0,3,1,2,2,32,6,1910,2,10,3,1,3
2016120177837,2,9,0,18,0,0,0,0,0,0,3,1,6,2,66,10,1149,1,12,10,1,10
2016120177892,1,9,0,4,0,1,0,0,0,0,2,1,2,2,20,4,-1,-1,-1,9,1,9
2016120177892,2,9,0,18,0,1,0,0,0,0,1,1,6,2,30,6,1198,1,7,10,1,10
2016120178001,1,3,0,17,0,0,0,0,0,0,4,1,6,1,24,5,125,1,-1,2,1,2
2016120178100,1,20,0,18,0,0,0,0,0,0,1,1,6,1,57,9,-1,-1,-1,4,1,4
2016120178100,2,9,0,18,0,0,0,0,0,0,1,1,6,2,83,11,1598,2,5,9,3,9
2016120178149,1,17,4,18,0,1,0,0,0,0,2,1,1,1,37,7,-1,2,4,8,3,8
2016120178149,2,9,0,7,0,6,0,0,0,0,1,1,6,2,56,9,1560,2,9,5,1,5
2016120178438,1,9,0,13,0,0,0,0,2,3,4,1,6,1,30,6,1994,1,16,1,1,1
2016120178579,1,9,0,3,0,8,0,0,0,0,2,1,6,2,55,8,1200,1,13,7,2,7
2016120178579,2,9,0,3,0,8,0,0,0,0,2,1,6,2,23,5,-1,-1,-1,3,1,3
2016120178579,3,9,0,18,0,8,0,0,0,0,1,1,6,1,45,7,1596,1,8,6,3,6
2016120178716,1,9,0,9,0,6,0,0,0,0,1,1,6,1,74,10,998,1,3,10,1,10
2016120178716,2,5,0,18,0,1,0,0,0,0,1,1,6,1,22,5,899,1,17,5,1,5
2016120178751,1,5,0,18,0,0,0,0,0,0,4,1,6,1,67,10,1084,1,15,1,1,1
2016120178773,1,9,0,9,0,6,0,0,0,0,3,1,2,2,25,5,1242,1,2,6,1,6
2016120178773,2,2,0,18,0,8,0,0,0,0,1,1,6,2,16,4,-1,-1,-1,3,1,3
2016120179130,1,9,0,16,0,0,5,0,7,0,3,1,6,1,23,5,1984,1,16,3,1,3
2016120179295,1,5,0,13,0,0,0,0,1,9,4,1,6,1,48,8,1037,1,1,1,2,1
2016120179323,1,5,0,18,0,0,0,0,0,0,3,1,6,1,47,8,1050,1,9,10,1,10
2016120179323,2,5,0,18,0,0,0,0,0,0,3,1,6,1,55,8,748,1,20,5,1,5
2016120179326,1,9,0,9,0,5,0,0,0,0,0,1,6,2,42,7,1591,1,2,10,2,10
2016120179326,2,5,0,18,0,1,1,0,0,0,0,1,6,1,47,8,645,1,17,2,1,2
2016120179456,1,9,0,18,0,8,0,0,0,0,1,1,6,2,29,6,1995,2,4,9,3,9
2016120179456,2,9,0,18,0,8,0,0,0,0,4,1,6,1,79,11,1796,1,10,-1,-1,-1
2016120179456,3,9,0,18,0,8,0,0,0,0,4,1,6,1,37,7,1498,1,-1,-1,-1,-1
2016120179740,1,9,0,9,0,1,0,0,0,0,3,1,6,1,34,6,1998,2,11,8,1,8
2016120179740,2,9,0,18,0,1,0,0,7,11,1,1,6,1,20,4,1396,2,-1,3,3,3
2016120179992,1,9,0,9,0,2,0,0,0,0,1,1,6,2,22,5,1197,1,1,9,2,9
2016120179992,2,9,0,18,0,1,0,0,0,0,1,1,1,1,57,9,1560,2,2,9,3,9
2016120180042,1,9,0,18,0,4,0,0,0,0,0,1,6,2,39,7,1999,1,10,8,1,8
2016120180042,2,1,0,9,0,3,0,0,0,0,2,1,6,1,51,8,-1,-1,-1,1,1,1
2016120180084,1,9,0,9,0,8,0,0,0,0,3,1,6,1,82,11,1796,1,16,7,1,7
2016120180084,2,9,0,7,0,8,0,0,0,0,3,1,6,3,40,7,-1,-1,-1,-1,-1,-1
2016120180132,1,9,0,9,0,6,0,0,0,0,0,1,3,1,48,8,1560,2,3,-1,-1,-1
2016120180132,2,9,0,18,0,1,0,0,0,0,0,1,6,3,-1,-1,-1,-1,-1,-1,-1,-1
2016120180137,1,11,0,9,0,6,0,0,0,0,0,1,1,1,66,10,9360,2,7,1,1,1
2016120180315,1,3,0,16,0,3,1,0,0,0,0,1,2,1,26,6,124,1,8,9,3,9
2016120180415,1,9,0,7,0,8,0,0,0,0,3,1,6,2,19,4,1198,1,13,8,1,8
2016120180415,2,9,0,18,0,8,0,0,0,0,1,1,6,1,-1,-1,3192,1,10,-1,-1,-1
2016120180738,1,9,0,18,0,8,0,0,0,0,1,1,6,1,39,7,-1,-1,-1,9,1,9
2016120180738,2,1,0,12,0,6,0,0,0,0,1,1,6,1,19,4,-1,-1,-1,10,1,10
2016120180738,3,9,0,3,0,8,0,0,0,0,2,1,2,2,21,5,1395,1,1,9,2,9
2016120180806,1,3,0,18,0,3,0,0,0,0,0,1,2,1,40,7,124,1,1,10,1,10
2016120180964,1,9,0,17,0,0,1,0,1,4,1,1,6,1,19,4,1896,2,12,10,1,10
2016120180964,2,9,0,18,0,0,0,0,0,0,0,1,1,1,30,6,2993,2,2,9,2,9
2016120180964,3,9,0,18,0,0,0,0,0,0,0,1,1,1,31,6,2993,2,-1,9,2,9
2016120181311,1,9,0,1,0,2,0,0,0,0,2,1,6,1,27,6,2497,1,14,8,3,8
2016120181322,1,9,0,1,0,0,0,0,0,0,2,1,1,2,20,4,1197,1,2,7,1,7
2016120181461,1,9,0,9,0,1,0,0,0,0,3,1,2,2,46,8,1997,2,9,10,2,10
2016120181461,2,9,0,18,0,1,0,0,0,0,1,1,2,1,18,4,998,1,10,9,2,9
2016120181512,1,9,0,5,9,6,0,0,0,0,1,1,6,1,49,8,1995,2,2,8,2,8
2016120181535,1,9,0,9,0,2,0,0,0,0,1,1,6,1,52,8,-1,-1,-1,6,3,6