Accident_Index,Vehicle_Reference,Vehicle_Type,Towing_and_Articulation,Vehicle_Manoeuvre,Vehicle_Location-Restricted_Lane,Junction_Location,Skidding_and_Overturning,Hit_Object_in_Carriageway,Vehicle_Leaving_Carriageway,Hit_Object_off_Carriageway,1st_Point_of_Impact,Was_Vehicle_Left_Hand_Drive?,Journey_Purpose_of_Driver,Sex_of_Driver,Age_of_Driver,Age_Band_of_Driver,Engine_Capacity_(CC),Propulsion_Code,Age_of_Vehicle,Driver_IMD_Decile,Driver_Home_Area_Type,Vehicle_IMD_Decile
2016120214587,1,9,0,18,0,0,0,0,0,0,1,1,6,1,46,8,1398,1,3,6,1,6
2016120214587,2,9,0,4,0,0,0,0,0,0,2,1,6,1,72,10,1753,2,9,4,3,4
2016120214587,3,9,0,4,0,0,0,0,0,0,2,1,6,2,38,7,2179,2,5,1,1,1
2016120214632,1,9,0,10,0,1,0,0,7,0,3,1,1,1,28,6,2480,1,1,7,1,7
2016120214632,2,1,0,5,4,1,0,0,0,0,1,1,1,2,30,6,-1,-1,-1,3,1,3
2016120214633,1,9,0,1,0,0,0,0,0,0,2,1,6,3,50,8,-1,-1,-1,-1,-1,-1
2016120214707,1,9,0,1,0,8,0,0,0,0,1,1,6,1,28,6,1242,1,4,1,1,1
2016120214759,1,9,0,18,0,0,0,0,0,0,1,1,2,1,32,6,1242,1,11,10,2,10
2016120214759,2,3,0,18,0,0,0,0,0,0,2,1,6,1,17,4,-1,-1,-1,5,1,5
2016120214867,1,9,0,18,0,1,0,0,0,0,1,1,1,1,67,10,-1,-1,-1,4,1,4
2016120214867,2,9,0,3,0,1,0,0,0,0,2,1,6,1,68,10,-1,-1,-1,9,2,9
2016120214867,3,21,0,2,0,1,0,0,0,0,2,1,1,1,50,8,6870,2,5,5,1,5
2016120214947,1,9,0,9,0,6,0,0,0,0,1,1,1,2,53,8,1461,2,-1,-1,-1,-1
2016120214947,2,19,0,18,0,8,0,0,0,0,4,1,1,1,45,7,-1,-1,-1,6,3,6
2016120215067,1,9,0,9,0,8,0,0,0,0,4,1,6,1,77,11,1998,1,13,8,1,8
2016120215067,2,1,0,18,0,8,0,0,0,0,1,1,6,1,20,4,-1,-1,-1,6,1,6
2016120215098,1,9,0,12,0,0,0,0,0,0,3,1,6,1,83,11,1339,1,9,1,1,1
2016120215098,2,9,0,18,0,0,0,0,4,7,4,1,6,2,77,11,1968,2,5,7,3,7
2016120215157,1,9,0,18,0,0,0,0,0,0,1,1,6,1,66,10,1298,1,12,8,3,8
2016120215186,1,9,0,10,0,6,0,0,0,0,3,1,6,1,29,6,1596,1,2,8,1,8
2016120215186,2,9,0,18,0,8,0,0,0,0,1,1,6,2,52,8,1997,2,12,6,1,6
2016120215211,1,1,0,7,0,5,1,0,0,0,0,1,6,1,18,4,-1,-1,-1,9,1,9
2016120215299,1,9,0,18,0,0,0,0,0,0,1,1,6,1,40,7,2495,1,15,6,1,6
2016120215299,2,9,0,4,0,0,0,0,0,0,2,1,2,1,32,6,1586,1,-1,-1,-1,-1
2016120215299,3,9,0,4,0,0,0,0,0,0,0,1,6,3,-1,-1,-1,-1,-1,-1,-1,-1
2016120215496,1,9,0,18,0,0,0,7,0,0,1,1,6,1,79,11,-1,-1,-1,4,1,4
2016120215496,2,11,0,2,0,0,0,0,0,0,2,1,1,1,49,8,7300,2,13,10,1,10
2016120215573,1,9,0,18,0,1,0,0,7,9,1,1,6,1,33,6,1995,2,4,7,3,7
2016120215573,2,9,0,9,0,1,0,0,0,0,0,1,6,1,70,10,2179,2,6,8,3,8
2016120215573,3,9,0,18,0,1,0,0,0,0,1,1,6,2,39,7,1390,1,11,6,3,6
2016120215891,1,1,0,18,0,0,1,0,0,0,3,1,6,1,17,4,-1,-1,-1,6,1,6
2016120215891,2,9,0,18,0,0,0,0,0,0,4,1,6,2,63,9,1397,1,7,10,2,10
2016120215940,1,9,0,4,0,0,0,0,0,0,2,1,6,1,58,9,999,1,1,6,3,6
2016120215940,2,19,0,18,0,0,0,0,0,0,1,1,6,1,47,8,1868,2,14,7,1,7
2016120216350,1,19,0,18,0,8,0,0,0,0,1,1,1,1,36,7,1968,2,6,2,1,2
2016120216350,2,19,0,18,0,8,0,0,0,0,4,1,1,1,50,8,-1,-1,-1,8,2,8
2016120216411,1,1,0,18,0,0,0,0,0,0,0,1,2,1,20,4,-1,-1,-1,10,1,10
2016120216423,1,1,0,18,0,0,0,0,0,0,1,1,1,1,58,9,-1,-1,-1,8,2,8
2016120216423,2,9,0,2,0,0,0,0,0,0,3,1,6,2,60,9,1197,1,-1,8,2,8
2016120216501,1,9,0,18,0,0,0,0,0,0,1,1,2,1,33,6,1596,1,7,6,1,6
2016120216501,2,19,0,18,0,0,0,0,1,11,1,1,2,1,60,9,2198,2,9,3,1,3
2016120216503,1,1,0,5,0,8,1,0,0,0,4,1,6,1,33,6,-1,-1,-1,3,1,3
2016120216503,2,9,0,18,0,8,0,0,0,0,1,1,6,1,81,11,1990,1,10,10,2,10
2016120216510,1,9,0,18,0,1,0,0,0,0,1,1,6,1,82,11,1600,1,4,9,1,9
2016120216510,2,9,0,3,0,1,0,0,1,11,2,1,2,2,48,8,1560,2,5,10,1,10
2016120216510,3,9,0,8,0,5,0,0,0,0,2,1,6,1,18,4,1198,1,3,10,3,10
2016120216571,1,9,0,18,0,1,0,0,0,0,1,1,6,2,25,5,1364,2,6,5,1,5
2016120216571,2,9,0,9,0,1,0,0,0,0,1,1,6,1,18,4,1149,1,11,6,3,6
2016120216607,1,9,0,18,0,2,1,0,0,0,1,1,6,1,29,6,1598,2,-1,-1,-1,-1
2016120216780,1,5,0,18,0,0,0,11,0,0,0,1,2,1,28,6,-1,-1,-1,5,3,5
2016120216807,1,9,0,5,0,8,0,0,0,0,1,1,6,1,69,10,1956,2,4,9,1,9
2016120216807,2,1,0,9,0,8,0,0,0,0,4,1,1,1,22,5,-1,-1,-1,9,1,9
2016120216809,1,9,0,9,0,8,0,0,0,0,1,1,6,2,63,9,1399,2,6,6,3,6
2016120216809,2,9,0,18,0,8,0,0,1,0,1,1,6,2,22,5,998,1,17,8,2,8
2016120216953,1,9,0,18,0,0,0,0,0,0,2,1,6,1,36,7,-1,-1,-1,6,1,6
2016120216953,2,9,0,18,0,0,0,0,0,0,1,1,6,3,20,4,-1,-1,-1,-1,-1,-1
2016120217162,1,9,0,18,0,1,0,0,0,0,1,1,6,1,66,10,1999,1,-1,10,1,10
2016120217162,2,9,0,18,0,1,0,0,0,0,2,1,1,1,20,4,1753,2,9,2,1,2
2016120217163,1,9,0,18,0,0,0,0,0,0,1,1,6,1,83,11,1597,1,13,7,3,7
2016120217163,2,9,0,18,0,0,0,0,0,0,1,1,6,1,53,8,1598,1,8,4,1,4
2016120217191,1,9,0,10,0,1,0,0,0,0,2,1,6,1,22,5,1229,1,4,5,3,5
2016120217191,2,1,0,18,0,1,0,0,0,0,1,1,6,1,37,7,-1,-1,-1,5,1,5
2016120217261,1,9,0,18,0,0,0,0,1,4,1,1,6,1,84,11,1248,1,6,6,2,6
2016120217399,1,21,4,7,0,5,0,0,0,0,3,1,1,1,49,8,6374,2,2,4,1,4
2016120217399,2,1,0,18,0,1,0,0,0,0,1,1,6,1,17,4,-1,-1,-1,9,1,9
2016120217495,1,21,1,18,0,0,0,0,0,0,1,2,1,1,60,9,-1,-1,-1,-1,-1,-1
2016120217495,2,9,0,18,0,0,0,0,0,0,2,1,6,1,33,6,1870,2,12,1,1,1
2016120217495,3,9,0,18,0,0,0,0,0,0,2,1,1,2,21,5,1968,2,8,10,1,10
2016120217495,4,19,0,4,0,0,0,0,0,0,0,1,6,3,-1,-1,-1,-1,-1,-1,-1,-1
2016120217695,1,1,0,18,0,1,0,0,0,0,4,1,2,1,51,8,-1,-1,-1,8,3,8
2016120217695,2,9,0,5,0,6,0,0,0,0,1,1,2,1,34,6,1398,2,14,5,1,5
2016120218116,1,9,0,18,0,1,0,0,0,0,1,1,3,1,71,10,998,1,1,6,3,6
2016120218116,2,11,0,5,0,8,0,0,0,0,0,1,6,3,-1,-1,-1,-1,-1,-1,-1,-1
2016120218131,1,9,0,7,0,7,0,0,0,0,0,1,6,1,50,8,-1,-1,-1,-1,-1,-1
2016120218131,2,9,0,18,0,8,0,0,0,0,2,1,6,1,56,9,2199,2,6,8,1,8
2016120218131,3,9,0,18,0,8,0,0,0,0,1,1,6,2,56,9,1395,1,-1,6,1,6
2016120218131,4,9,0,18,0,8,0,0,0,0,1,1,6,2,68,10,1364,1,7,8,1,8
2016120218305,1,19,0,18,0,0,0,0,0,0,1,1,6,1,36,7,1870,2,11,7,2,7
2016120218305,2,9,0,18,0,0,0,0,0,0,2,1,6,1,56,9,1598,1,6,9,3,9
2016120218331,1,9,0,17,0,0,0,0,1,4,3,1,6,1,52,8,-1,-1,-1,5,1,5
2016120218474,1,1,0,18,0,1,0,0,0,0,1,1,6,2,21,5,-1,-1,-1,6,1,6
2016120218474,2,9,0,3,0,1,0,0,0,0,4,1,6,2,22,5,998,1,6,8,1,8
2016120218495,1,9,0,9,0,7,0,0,0,0,3,1,6,1,81,11,1242,1,5,9,3,9
2016120218495,2,4,0,18,0,1,0,0,0,0,1,1,6,1,19,4,249,1,35,7,3,7
2016120218502,1,9,0,18,0,0,0,0,4,0,1,1,6,1,76,11,1364,2,10,10,2,10
2016120218502,2,9,0,18,0,0,0,0,4,0,1,1,6,1,37,7,1461,2,-1,5,1,5
2016120218650,1,9,0,18,0,0,5,4,0,0,4,1,2,1,51,8,1968,2,1,6,1,6
2016120218650,2,9,0,2,0,0,0,0,0,0,0,1,6,3,63,9,1598,2,4,8,2,8
2016120218650,3,9,0,2,0,0,0,0,0,0,0,1,6,3,65,9,1956,2,1,8,2,8
2016120218787,1,5,0,18,0,0,0,0,0,0,1,1,2,2,32,6,599,1,14,9,1,9
2016120218787,2,9,0,6,0,0,0,0,0,0,3,1,6,1,53,8,1998,2,9,9,1,9
2016120218820,1,19,0,1,9,0,0,0,0,0,2,1,1,1,52,8,2198,2,4,8,3,8
2016120218873,1,1,0,18,0,8,0,0,0,0,1,1,1,1,42,7,-1,-1,-1,6,1,6
2016120218873,2,9,0,7,0,5,0,0,0,0,4,1,6,2,-1,-1,1798,1,10,9,1,9
2016120218877,1,9,0,5,0,0,0,0,7,9,1,1,6,2,88,11,998,1,3,9,2,9
2016120218894,1,2,0,18,0,1,1,0,0,0,0,1,2,2,59,9,49,1,4,9,1,9
2016120218933,1,9,0,15,0,0,0,0,4,6,4,1,6,1,50,8,1997,2,2,5,3,5
2016120218933,2,9,0,12,0,0,0,0,4,6,3,1,6,1,36,7,1896,2,11,1,1,1
2016120219016,1,1,0,18,0,8,0,0,0,0,4,1,6,2,20,4,-1,-1,-1,6,1,6
2016120219016,2,19,0,9,0,8,0,0,0,0,1,1,1,1,38,7,2198,2,1,9,1,9
2016120219064,1,9,0,18,0,0,0,0,0,0,3,1,6,2,48,8,1995,2,2,8,1,8
2016120219147,1,9,0,7,0,4,0,0,0,0,3,1,2,1,33,6,1587,1,10,7,1,7
2016120219147,2,1,0,18,0,8,0,0,0,0,1,1,2,1,56,9,-1,-1,-1,10,1,10
2016120219247,1,9,0,14,0,0,0,0,0,0,4,1,6,2,46,8,1388,1,5,10,1,10
2016120219247,2,9,0,2,0,0,0,0,0,0,0,1,3,1,46,8,1587,1,16,10,1,10
2016120219279,1,9,0,18,0,1,0,0,0,0,1,1,2,2,28,6,1596,1,10,6,1,6
2016120219279,2,1,0,9,0,5,0,0,0,0,3,1,6,1,45,7,-1,-1,-1,4,1,4
2016120219432,1,9,0,5,0,6,0,0,7,0,3,1,6,2,37,7,1299,1,9,9,3,9
2016120219432,2,21,1,18,0,8,1,0,0,0,1,1,1,1,63,9,10837,2,-1,7,3,7
2016120219626,1,9,0,4,0,4,1,0,0,0,1,1,6,1,17,4,1149,1,9,8,1,8
2016120219626,2,19,0,4,0,4,0,0,0,0,2,1,1,1,32,6,1248,2,1,7,1,7
2016120219635,1,9,0,4,0,0,0,0,0,0,1,1,6,2,40,7,1198,1,11,8,3,8
2016120219635,2,9,0,18,0,0,0,0,0,0,1,1,2,2,23,5,1461,2,1,9,1,9
2016120219635,3,9,0,4,0,0,1,0,0,0,3,1,2,2,33,6,1398,1,5,4,1,4
2016120219675,1,9,0,18,0,0,1,0,0,0,1,1,6,2,23,5,1149,1,6,10,3,10
2016120219675,2,9,0,18,0,0,0,0,2,10,1,1,6,2,30,6,1390,1,1,10,3,10
2016120219788,1,9,0,3,0,0,0,0,0,0,2,1,6,1,58,9,1796,1,8,8,2,8
2016120219788,2,9,0,18,0,0,0,0,0,0,1,1,6,2,32,6,2231,2,10,9,1,9
2016120219798,1,9,0,7,0,6,0,0,0,0,3,1,6,2,38,7,1248,1,6,9,1,9
2016120219798,2,1,0,18,0,1,0,0,0,0,1,1,1,2,28,6,-1,-1,-1,9,2,9
2016120219892,1,9,0,18,0,2,0,0,0,0,3,1,2,2,51,8,1242,1,3,4,1,4
2016120219949,1,9,0,17,0,0,2,0,7,11,1,1,2,1,31,6,1753,2,10,1,1,1
2016120220293,1,9,0,9,0,4,0,0,0,0,1,1,2,1,28,6,1998,1,10,8,3,8
2016120220293,2,9,0,18,0,1,0,0,0,0,4,1,2,2,24,5,1242,1,13,9,2,9
2016120220368,1,9,0,9,0,6,0,0,0,0,1,1,6,2,73,10,2435,1,17,8,3,8
2016120220368,2,9,0,18,0,1,0,0,0,0,4,1,6,2,31,6,1390,1,10,8,3,8
2016120220444,1,19,0,1,0,5,0,0,0,0,2,1,1,1,22,5,2198,2,-1,2,2,2
2016120220444,2,2,0,15,0,1,0,0,0,0,1,1,6,1,16,4,49,1,10,8,3,8
2016120220566,1,9,0,18,0,0,0,0,4,6,3,1,6,2,36,7,1956,2,1,9,1,9
2016120220610,1,9,0,9,0,5,0,0,0,0,1,1,6,2,69,10,1997,2,4,7,2,7
2016120220701,1,19,0,18,0,0,0,0,0,0,1,1,6,1,28,6,1968,2,-1,1,1,1
2016120220701,2,9,0,3,0,0,0,0,4,0,2,1,2,1,50,8,-1,-1,-1,8,3,8
2016120220748,1,3,0,18,0,0,1,0,0,0,0,1,2,1,36,7,125,1,-1,5,1,5
2016120220748,2,9,0,4,0,0,0,0,0,0,0,1,6,3,30,6,-1,-1,-1,-1,-1,-1
2016120220748,3,90,0,18,0,0,0,0,0,0,0,1,1,1,48,8,2987,2,4,8,2,8
2016120220751,1,9,0,4,0,0,0,0,0,0,1,1,6,1,21,5,1590,1,15,5,1,5
2016120220751,2,9,0,18,0,0,0,0,0,0,1,1,6,1,33,6,1834,1,16,-1,-1,-1
2016120220779,1,1,0,18,0,8,0,0,0,0,1,1,1,1,29,6,-1,-1,-1,7,1,7
2016120220779,2,19,0,9,0,5,0,0,0,0,1,1,6,3,-1,-1,-1,-1,-1,-1,-1,-1
2016120220810,1,11,0,5,0,0,0,0,0,0,4,1,1,1,46,8,-1,3,1,1,1,1
2016120220810,2,1,0,15,0,0,0,0,0,0,1,1,2,1,21,5,-1,-1,-1,6,1,6
2016120221295,1,9,0,5,0,2,0,0,0,0,4,1,6,2,76,11,1197,1,2,9,1,9
2016120221325,1,9,0,18,0,0,5,0,1,4,1,1,6,2,18,4,2495,2,15,5,3,5
2016120221448,1,9,0,3,0,8,0,0,0,0,4,1,6,1,29,6,1995,2,1,-1,-1,-1
2016120221448,2,9,0,18,0,8,0,0,0,0,1,1,6,1,42,7,1397,1,4,10,2,10
2016120221457,1,9,0,16,0,1,0,0,8,4,1,1,6,1,30,6,1798,1,16,3,1,3
2016120221777,1,9,0,2,0,0,0,0,0,0,0,1,6,1,70,10,2993,2,6,8,1,8
2016120221937,1,9,0,3,0,0,0,0,0,0,2,1,6,1,53,8,1229,1,-1,3,1,3
2016120221937,2,9,0,3,0,0,0,0,0,0,2,1,6,2,34,6,-1,-1,-1,2,1,2
2016120221937,3,9,0,18,0,0,0,0,0,0,1,1,6,2,22,5,1229,1,2,6,3,6
2016120221951,1,8,0,5,0,8,0,0,0,0,1,1,1,1,62,9,1896,2,13,8,2,8
2016120221951,2,9,0,9,0,8,0,0,0,0,1,1,6,1,87,11,1198,1,4,6,1,6
2016120221983,1,20,0,18,0,8,0,0,0,0,1,1,1,1,43,7,3920,2,2,5,1,5
2016120221983,2,1,0,18,0,8,1,0,0,0,4,1,2,1,52,8,-1,-1,-1,5,1,5
2016120222027,1,9,0,18,0,1,0,0,0,0,1,1,6,1,41,7,1461,2,1,5,1,5
2016120222040,1,9,0,9,0,8,0,0,0,0,3,1,6,1,24,5,1200,1,-1,5,1,5
2016120222040,2,9,0,18,0,1,0,0,0,0,1,1,6,1,60,9,1968,2,10,7,1,7
2016120222040,3,4,0,18,0,1,0,0,0,0,1,1,6,1,24,5,124,1,33,7,3,7
2016120222058,1,9,0,18,0,8,0,0,0,0,1,1,6,1,35,6,2902,2,9,10,1,10
2016120222058,2,9,0,18,0,8,0,9,0,0,4,1,6,2,41,7,1397,1,5,5,1,5
2016120222121,1,9,0,18,0,0,5,0,0,0,4,1,6,1,33,6,1686,2,5,4,1,4
2016120222121,2,9,0,2,0,0,0,0,0,0,3,1,6,1,36,7,1997,2,7,8,3,8
2016120222205,1,8,0,9,0,8,0,0,0,0,1,1,1,1,30,6,1968,2,4,7,1,7
2016120222205,2,9,0,18,0,8,0,0,0,0,1,1,6,1,19,4,998,1,7,10,1,10
2016120222505,1,9,0,10,0,1,0,0,0,0,1,1,6,1,87,11,998,1,5,8,3,8
2016120222505,2,9,0,18,0,8,0,0,0,0,1,1,6,2,81,11,1339,1,5,8,1,8
2016120222684,1,8,0,17,0,0,5,0,1,10,0,1,1,1,35,6,1598,2,1,7,1,7
2016120223088,1,9,0,7,0,8,0,0,0,0,4,1,6,3,-1,-1,-1,-1,-1,-1,-1,-1
2016120223379,1,1,0,18,0,1,0,0,0,0,3,1,6,2,23,5,-1,-1,-1,5,1,5
2016120223379,2,9,0,5,0,6,0,0,0,0,1,1,1,2,64,9,-1,-1,-1,3,1,3
2016120223519,1,3,0,18,0,8,0,0,0,0,3,1,1,1,17,4,-1,-1,-1,9,3,9
2016120223519,2,19,0,18,0,1,0,0,0,0,3,1,6,3,-1,-1,-1,-1,-1,-1,-1,-1
2016120223541,1,9,0,18,0,0,0,4,0,0,1,1,6,1,58,9,3246,1,14,3,2,3
2016120223541,2,9,0,2,0,0,0,0,0,0,2,1,6,3,-1,-1,1796,1,2,-1,-1,-1
2016120223541,3,9,0,18,0,0,0,11,0,0,1,1,6,1,52,8,1560,2,4,8,3,8
2016120223892,1,9,0,5,0,8,0,0,0,0,1,1,2,1,47,8,1242,1,9,4,1,4
2016120223892,2,1,0,9,0,8,0,0,0,0,4,1,4,1,13,3,-1,-1,-1,4,1,4
2016120223943,1,21,0,18,0,8,0,0,0,0,4,1,1,1,47,8,-1,2,17,6,2,6
2016120223943,2,5,0,17,0,8,1,0,0,0,1,1,6,1,58,9,798,1,25,2,1,2
2016120223943,3,9,0,5,0,8,0,0,0,0,4,1,2,1,50,8,2967,2,4,8,2,8
2016120224119,1,9,0,17,0,0,5,0,1,11,1,1,2,1,38,7,1998,1,8,8,2,8
2016120224138,1,9,0,16,0,0,1,0,0,0,1,1,6,1,61,9,1560,2,2,5,3,5
2016120224138,2,9,0,17,0,0,0,0,0,0,1,1,6,1,66,10,-1,-1,-1,5,3,5
2016120224161,1,9,0,9,0,8,0,0,0,0,4,1,1,2,49,8,2143,2,2,6,3,6
2016120224161,2,9,0,18,0,8,0,0,0,0,1,1,3,2,47,8,1896,2,12,5,3,5
2016120224373,1,2,0,18,0,1,0,0,0,0,1,1,6,1,16,4,49,1,-1,10,2,10
2016120224373,2,9,0,9,0,6,0,0,0,0,3,1,6,1,55,8,1397,1,7,9,1,9
2016120224934,1,9,0,9,0,6,0,0,0,0,0,1,6,1,34,6,2000,2,11,3,1,3
2016120224934,2,9,0,18,0,1,0,4,1,2,1,1,6,2,28,6,1900,2,16,1,1,1
2016120224934,3,9,0,2,0,2,0,0,0,0,2,1,6,1,52,8,1399,1,9,3,1,3
2016120225015,1,9,0,3,0,1,0,0,0,0,0,1,6,1,71,10,1197,1,4,8,1,8
2016120225015,2,1,0,4,0,1,0,0,0,0,0,1,6,2,59,9,-1,-1,-1,3,1,3
2016120225036,1,9,0,2,0,0,0,0,0,0,3,1,3,2,35,6,1995,2,10,10,1,10
2016120225036,2,9,0,18,0,0,0,8,0,0,4,1,6,2,76,11,1396,1,18,5,1,5
2016120225064,1,9,0,9,0,6,0,0,0,0,4,1,6,1,41,7,1997,2,11,6,1,6
2016120225064,2,1,0,18,0,1,0,0,0,0,1,1,6,1,28,6,-1,-1,-1,4,1,4
2016120225461,1,9,0,18,0,6,0,0,0,0,1,1,6,2,32,6,998,1,5,9,1,9
2016120225461,2,9,0,18,0,8,0,0,2,4,4,1,6,2,81,11,1339,1,12,10,3,10
2016120225557,1,9,0,18,0,0,0,0,0,0,2,1,6,1,32,6,1587,1,10,9,2,9
2016120225557,2,9,0,18,0,0,0,0,0,0,1,1,6,2,52,8,1200,1,-1,3,1,3
2016120225558,1,9,0,18,0,5,0,0,0,0,0,1,2,2,38,7,1299,1,13,9,2,9
2016120225589,1,9,0,9,0,6,0,0,0,0,4,1,6,2,54,8,1360,1,12,5,2,5
2016120225589,2,9,0,7,0,6,0,0,0,0,1,1,6,2,58,9,2179,2,4,6,3,6
2016120225609,1,9,0,17,0,0,0,0,1,4,1,1,6,2,88,11,4999,1,8,8,2,8
2016120225638,1,9,0,9,0,1,0,0,0,0,1,1,6,2,42,7,1596,1,10,5,1,5
2016120225638,2,3,0,18,0,1,0,0,0,0,1,1,6,1,23,5,-1,-1,-1,5,1,5
2016120225638,3,9,0,10,0,1,0,0,0,0,1,1,6,1,32,6,-1,-1,-1,5,1,5
2016120225659,1,9,0,16,0,0,1,0,1,11,1,1,6,1,25,5,657,1,22,7,3,7
2016120225811,1,19,0,18,0,2,0,0,0,0,2,1,1,1,30,6,1870,2,10,9,1,9
2016120225811,2,3,0,18,0,2,1,0,0,0,1,1,6,1,19,4,125,1,2,3,1,3
2016120225853,1,5,0,17,0,0,1,0,1,9,1,1,6,1,32,6,-1,-1,-1,6,1,6
2016120225878,1,9,0,9,0,6,0,0,0,0,3,1,6,2,18,4,998,1,3,6,3,6
2016120225878,2,9,0,18,0,8,0,0,0,0,1,1,6,2,27,6,1560,2,6,10,1,10
2016120225967,1,9,0,18,0,0,0,0,0,0,0,1,6,3,-1,-1,-1,-1,-1,-1,-1,-1
2016120226064,1,9,0,18,0,0,0,0,1,2,1,1,6,2,61,9,1242,1,4,8,1,8
2016120226096,1,9,0,18,0,2,0,0,0,0,2,1,6,2,18,4,1242,1,10,8,2,8
2016120226096,2,19,0,18,0,8,0,0,0,0,1,1,6,1,29,6,2198,2,3,8,1,8
2016120226108,1,9,0,9,0,6,0,0,0,0,1,1,6,1,27,6,2616,1,10,5,2,5
2016120226140,1,9,0,18,0,0,0,0,0,0,1,1,6,1,39,7,-1,-1,-1,7,3,7
2016120226140,2,17,0,18,0,0,0,0,0,0,1,1,1,1,51,8,4485,2,2,7,3,7
2016120226466,1,19,0,18,0,0,0,0,1,7,1,1,1,1,57,9,1560,2,-1,-1,-1,-1
2016120226477,1,9,0,18,0,8,0,0,1,2,1,1,6,2,42,7,1598,1,8,3,1,3
2016120226536,1,9,0,8,0,4,0,0,0,0,1,1,6,1,50,8,-1,-1,-1,-1,-1,-1
2016120226536,2,9,0,8,0,4,0,0,0,0,2,1,2,2,47,8,2148,2,11,8,1,8
2016120226616,1,9,0,9,0,8,0,0,0,0,1,1,6,1,-1,-1,-1,-1,-1,-1,-1,-1
2016120226616,2,1,0,18,0,8,0,0,0,0,1,1,6,1,34,6,-1,-1,-1,3,1,3
2016120226642,1,9,0,18,0,0,0,0,0,0,4,1,6,1,46,8,1997,2,6,8,3,8
2016120226642,2,1,0,18,0,0,0,0,0,0,2,1,6,1,47,8,-1,-1,-1,7,3,7
2016120226664,1,9,0,18,0,1,0,0,7,1,1,1,6,2,76,11,1339,1,8,9,1,9
2016120226702,1,8,0,5,0,1,0,0,0,0,4,1,3,1,-1,-1,-1,-1,-1,-1,-1,-1
2016120226791,1,9,0,18,0,0,0,0,7,9,1,1,6,2,65,9,1598,2,5,9,2,9
2016120226822,1,9,0,18,0,1,0,0,0,0,1,1,6,1,72,10,1299,1,14,-1,-1,-1
2016120226822,2,9,0,3,0,1,0,0,0,0,2,1,6,2,27,6,1242,1,9,-1,-1,-1
2016120226822,3,9,0,18,0,8,0,0,0,0,0,1,6,3,30,6,-1,-1,-1,-1,-1,-1
2016120226850,1,9,0,18,0,0,0,0,0,0,2,1,6,1,30,6,1596,1,6,5,2,5
2016120226850,2,9,0,18,0,0,0,0,0,0,1,1,6,1,59,9,1598,2,1,5,1,5
2016120226850,3,9,0,18,0,0,0,0,0,0,1,1,6,2,40,7,1598,1,6,6,3,6
2016120227207,1,9,0,18,0,0,0,0,0,11,4,1,6,1,22,5,1999,1,11,7,3,7
2016120227448,1,9,0,1,0,0,0,0,0,0,0,1,6,1,66,10,1753,2,9,9,2,9
2016120227680,1,19,0,18,0,0,0,7,1,11,1,1,2,1,53,8,2402,2,5,-1,-1,-1
2016120227953,1,9,0,9,0,8,0,0,0,0,1,1,6,2,65,9,1149,1,7,10,2,10
2016120227953,2,90,0,18,0,2,0,0,0,0,0,1,1,1,52,8,5480,2,13,5,3,5
2016120227953,3,9,0,18,0,8,0,0,0,0,1,1,6,2,40,7,-1,-1,-1,7,1,7
2016120228030,1,9,0,18,0,4,0,0,0,0,1,1,6,2,56,9,998,1,3,10,1,10
2016120228030,2,9,0,7,0,3,0,0,0,0,4,1,2,1,50,8,1398,1,3,1,1,1
2016120228426,1,19,0,18,0,0,0,0,0,0,4,1,1,1,56,9,2198,2,5,4,1,4
2016120228432,1,9,0,18,0,0,0,0,0,0,1,1,6,1,18,4,1149,1,16,8,2,8
2016120228432,2,9,0,3,0,0,0,0,0,0,2,1,6,2,48,8,-1,-1,-1,10,1,10
2016120228552,1,9,0,4,0,4,0,0,0,0,1,1,6,1,-1,-1,-1,-1,-1,-1,-1,-1
2016120228552,2,9,0,4,0,4,0,0,0,0,2,1,2,2,40,7,999,1,2,9,1,9
2016120228561,1,9,0,16,0,0,1,0,7,4,1,1,6,1,19,4,1199,1,14,6,3,6
2016120228618,1,9,0,18,0,1,0,0,0,0,1,1,6,1,18,4,1360,1,13,6,3,6
2016120228618,2,9,0,4,0,1,0,0,0,0,2,1,6,1,51,8,2401,2,13,2,1,2
2016120228641,1,9,0,7,0,6,0,0,0,0,2,1,2,1,20,4,1149,1,6,7,3,7
2016120228641,2,3,0,18,0,1,0,0,0,0,1,1,2,1,19,4,49,1,1,5,3,5
2016120228648,1,9,0,16,0,0,1,0,7,10,1,1,6,2,30,6,1149,1,5,6,1,6
2016120228713,1,9,0,18,0,0,0,0,0,0,3,1,6,2,90,11,1597,2,-1,9,2,9
2016120228713,2,21,0,18,0,0,0,0,0,0,0,1,1,3,51,8,7698,2,1,5,1,5
2016120229235,1,9,0,18,0,0,0,0,0,0,2,1,6,1,36,7,1999,1,9,-1,-1,-1
2016120229235,2,9,0,18,0,0,0,0,0,0,1,1,6,1,36,7,1598,1,14,1,1,1
2016120229340,1,19,0,18,0,1,1,0,0,0,2,1,1,1,23,5,2463,2,10,7,1,7
2016120229340,2,9,0,10,0,1,0,7,7,0,0,1,1,2,56,9,998,1,5,8,1,8