Accident_Index,Vehicle_Reference,Vehicle_Type,Towing_and_Articulation,Vehicle_Manoeuvre,Vehicle_Location-Restricted_Lane,Junction_Location,Skidding_and_Overturning,Hit_Object_in_Carriageway,Vehicle_Leaving_Carriageway,Hit_Object_off_Carriageway,1st_Point_of_Impact,Was_Vehicle_Left_Hand_Drive?,Journey_Purpose_of_Driver,Sex_of_Driver,Age_of_Driver,Age_Band_of_Driver,Engine_Capacity_(CC),Propulsion_Code,Age_of_Vehicle,Driver_IMD_Decile,Driver_Home_Area_Type,Vehicle_IMD_Decile
2016133280323,1,8,0,18,0,0,0,0,0,0,1,1,6,3,-1,-1,-1,-1,-1,-1,-1,-1
2016133280497,1,1,0,18,0,8,0,0,0,0,1,1,6,1,29,6,-1,-1,-1,2,1,2
2016133280497,2,9,0,18,0,1,0,0,0,0,3,1,6,1,52,8,2198,1,12,1,1,1
2016133280529,1,9,0,9,0,6,0,0,0,0,4,1,6,1,23,5,1299,1,11,-1,-1,-1
2016133280529,2,9,0,18,0,8,0,0,0,0,1,1,6,1,47,8,1997,1,12,-1,-1,-1
2016133280736,1,9,0,7,2,6,0,0,0,0,3,1,6,1,35,6,-1,-1,-1,4,1,4
2016133280736,2,10,0,18,2,8,0,0,0,0,4,1,1,1,39,7,-1,-1,-1,3,2,3
2016133280742,1,9,0,18,0,6,0,0,0,0,1,1,6,2,75,10,1299,1,9,-1,-1,-1
2016133280742,2,9,0,9,0,8,0,0,0,0,1,1,1,2,46,8,1499,2,1,-1,-1,-1
2016133280794,1,8,0,7,0,6,0,0,0,0,1,1,6,1,33,6,1686,2,3,2,1,2
2016133280794,2,1,0,18,0,1,0,0,0,0,4,1,6,1,55,8,-1,-1,-1,4,1,4
2016133280806,1,9,0,4,0,0,0,0,0,0,2,1,6,1,37,7,1796,1,9,3,1,3
2016133280806,2,19,0,18,0,0,0,0,0,0,1,1,6,1,-1,-1,-1,-1,-1,-1,-1,-1
2016133280979,1,11,0,16,0,0,0,0,0,0,0,1,1,1,40,7,7300,2,8,6,1,6
2016133281144,1,8,0,5,0,6,0,0,0,0,1,1,1,1,36,7,1984,2,7,1,1,1
2016133281144,2,9,0,18,0,1,0,4,0,0,1,1,6,2,22,5,998,1,15,1,1,1
2016133281144,3,9,0,2,0,1,0,0,0,0,1,1,6,3,-1,-1,998,1,9,-1,-1,-1
2016133281175,1,9,0,1,0,1,0,0,0,0,4,1,6,1,-1,-1,-1,-1,-1,-1,-1,-1
2016133281200,1,9,0,9,0,8,0,0,0,0,1,1,2,1,27,6,1997,2,12,2,1,2
2016133281345,1,9,0,18,0,8,0,0,0,0,1,1,6,2,51,8,1598,1,6,2,1,2
2016133281345,2,1,0,18,0,8,5,0,0,0,1,1,6,2,23,5,-1,-1,-1,-1,-1,-1
2016133281614,1,9,0,1,0,0,0,0,0,0,2,1,2,2,29,6,1389,1,18,2,1,2
2016133290020,1,9,0,17,0,0,1,0,2,11,1,1,6,1,24,5,4134,2,5,-1,-1,-1
2016133290135,1,9,0,9,0,6,0,0,0,0,1,1,2,1,58,9,1363,2,14,1,1,1
2016133290135,2,3,0,18,0,1,2,0,0,0,1,1,2,1,27,6,124,1,7,3,1,3
2016133290175,1,9,0,7,0,8,0,0,0,0,3,1,2,1,47,8,1198,1,8,3,1,3
2016133290175,2,3,0,18,0,1,0,0,0,0,1,1,2,1,20,4,124,1,5,2,1,2
2016133290197,1,9,0,6,0,0,0,0,0,0,3,1,2,2,41,7,1364,1,9,7,1,7
2016133290197,2,3,0,18,0,0,0,0,0,0,1,1,2,1,53,8,9999,1,16,5,1,5
2016133290292,1,9,0,18,0,1,0,0,0,0,2,1,6,2,46,8,2148,2,10,3,1,3
2016133290292,2,9,0,18,0,1,0,0,0,0,1,1,6,1,20,4,1199,1,13,1,1,1
2016133290295,1,9,0,18,0,0,0,0,0,0,1,1,2,1,40,7,2184,2,12,2,1,2
2016133290295,2,9,0,3,0,0,0,0,0,0,2,1,1,1,26,6,-1,-1,-1,-1,-1,-1
2016133290295,3,9,0,3,0,0,0,0,0,0,2,1,1,2,40,7,-1,-1,-1,4,1,4
2016133290295,4,9,0,3,0,0,0,0,0,0,2,1,1,2,51,8,-1,-1,-1,4,1,4
2016133290295,5,9,0,3,0,0,0,0,0,0,2,1,1,1,27,6,998,1,1,8,1,8
2016133290358,1,8,0,9,0,5,0,0,0,0,1,1,1,1,50,8,1997,2,6,2,1,2
2016133290404,1,9,0,12,0,3,0,0,0,0,3,1,6,2,20,4,1968,2,1,8,1,8
2016133290404,2,9,0,18,0,3,0,0,0,0,4,1,6,1,74,10,1598,1,2,1,1,1
2016133290649,1,9,0,18,0,0,0,0,0,0,3,1,6,2,80,11,1240,1,13,3,3,3
2016133290655,1,9,0,4,0,0,0,0,0,0,2,1,6,1,67,10,1968,2,6,4,1,4
2016133290655,2,9,0,4,0,0,0,0,0,0,2,1,6,1,49,8,-1,-1,-1,5,1,5
2016133290655,3,9,0,18,0,0,0,0,0,0,1,1,6,1,19,4,1896,2,8,2,1,2
2016133290799,1,3,0,4,0,1,0,0,0,0,2,1,6,1,20,4,125,1,3,3,1,3
2016133290799,2,9,0,4,0,1,0,0,0,0,1,1,6,1,23,5,1199,1,12,2,1,2
2016133290891,1,9,0,18,0,8,0,0,0,0,2,1,6,2,25,5,989,1,13,1,1,1
2016133290891,2,9,0,6,0,8,0,0,0,0,1,1,6,2,-1,-1,1329,1,5,1,1,1
2016133290974,1,19,0,18,0,0,0,0,0,0,1,1,6,1,68,10,-1,-1,-1,10,1,10
2016133290978,1,3,0,7,0,5,1,0,0,0,0,1,2,1,19,4,125,1,7,-1,-1,-1
2016133290991,1,9,0,18,0,1,0,0,0,0,1,1,6,3,-1,-1,1988,1,12,-1,-1,-1
2016133290991,2,9,0,3,0,2,0,0,0,0,2,1,6,2,71,10,1997,2,15,2,1,2
2016133291007,1,9,0,4,0,0,0,0,0,0,1,1,1,1,54,8,1997,2,18,1,1,1
2016133291007,2,9,0,4,0,0,0,0,0,0,2,1,2,2,44,7,1956,2,1,-1,-1,-1
2016133291018,1,9,0,18,0,1,0,0,0,0,1,1,1,1,40,7,2204,2,9,2,1,2
2016133291018,2,1,0,18,0,1,0,0,0,0,3,1,4,2,14,3,-1,-1,-1,1,1,1
2016133291048,1,9,0,4,0,0,0,0,0,0,2,1,6,1,38,7,1598,2,1,10,1,10
2016133291048,2,9,0,4,0,0,0,0,0,0,1,1,6,2,32,6,1497,8,1,-1,-1,-1
2016133291169,1,9,0,18,0,8,0,0,0,0,4,1,6,2,34,6,-1,-1,-1,2,1,2
2016133291169,2,9,0,18,0,8,0,0,0,0,1,1,6,2,-1,-1,999,1,14,-1,-1,-1
2016133291328,1,9,0,4,0,1,0,0,0,0,1,1,6,1,42,7,1598,2,3,1,1,1
2016133291328,2,9,0,4,0,1,0,0,0,0,2,1,6,1,37,7,1998,1,10,7,1,7
2016133291339,1,9,0,9,0,6,0,0,0,0,3,1,6,2,49,8,1390,1,3,8,1,8
2016133291339,2,4,0,18,0,1,1,0,0,0,1,1,6,1,41,7,998,1,16,4,1,4
2016133291371,1,9,0,9,0,8,5,0,0,0,2,1,6,1,54,8,-1,-1,-1,-1,-1,-1
2016133291371,2,3,0,18,0,8,0,0,0,0,1,1,6,1,20,4,-1,-1,-1,-1,-1,-1
2016133291371,3,9,0,18,0,8,0,0,0,0,1,1,6,1,66,10,1798,1,10,-1,-1,-1
20161332A0255,1,9,0,9,0,5,0,0,0,0,1,1,2,1,32,6,1598,2,2,7,1,7
20161332A0287,1,9,0,7,0,8,0,0,0,0,4,1,6,2,44,7,1398,1,4,4,1,4
20161332A0287,2,1,0,18,0,8,5,0,0,0,1,1,6,1,25,5,-1,-1,-1,5,1,5
20161332A0314,1,9,0,14,0,1,0,0,0,0,1,1,6,2,82,11,1242,1,10,7,1,7
20161332A0415,1,9,0,18,0,0,0,0,0,0,3,1,6,2,28,6,1229,1,6,1,1,1
20161332A0415,2,9,0,18,0,0,0,0,0,0,4,1,6,1,54,8,1497,1,13,2,1,2
20161332A0496,1,9,0,18,0,1,0,0,0,0,1,1,6,1,17,4,1197,1,3,8,2,8
20161332A0496,2,9,0,7,0,6,0,0,0,0,3,1,6,1,23,5,1242,1,13,2,1,2
20161332A0586,1,9,0,18,0,1,0,0,0,0,1,1,6,1,-1,-1,-1,-1,-1,-1,-1,-1
20161332A0776,1,9,0,3,0,8,0,0,0,0,1,1,6,2,56,9,1242,1,15,-1,-1,-1
20161332A0786,1,3,0,2,0,0,0,0,0,0,0,1,6,1,40,7,124,1,1,4,1,4
20161332A0786,2,9,0,5,0,0,0,0,0,0,0,1,6,2,26,6,1968,2,8,7,1,7
20161332A1014,1,11,0,5,0,0,0,0,0,0,0,1,1,1,50,8,9360,2,7,2,1,2
20161332A1044,1,9,0,4,0,0,0,0,0,0,1,1,2,1,65,9,2987,2,11,9,3,9
20161332A1044,2,9,0,4,0,0,0,0,0,0,2,1,1,1,61,9,2143,2,5,7,1,7
20161332A1206,1,9,0,18,0,0,0,0,0,0,1,1,6,1,93,11,998,1,5,9,2,9
20161332A1206,2,9,0,4,0,0,0,0,0,0,2,1,6,2,86,11,1968,2,1,9,3,9
20161332A1221,1,9,0,18,0,0,0,0,0,0,1,1,6,1,49,8,1598,1,3,5,1,5
20161332A1221,2,1,0,18,0,0,0,0,0,0,2,1,6,1,43,7,-1,-1,-1,6,1,6
20161332A1238,1,9,0,4,0,0,0,0,0,0,1,1,2,1,28,6,1248,1,5,9,1,9
20161332A1238,2,9,0,4,0,0,0,0,0,0,2,1,6,2,65,9,996,1,1,2,1,2
20161332A1238,3,9,0,4,0,0,0,0,0,0,2,1,3,2,52,8,1197,1,2,10,1,10
20161332A1371,1,8,0,9,0,8,0,0,0,0,3,1,1,1,33,6,1896,2,7,1,1,1
20161332A1438,1,9,0,18,0,8,5,0,0,0,4,1,2,2,30,6,1108,1,11,2,1,2
20161332A1438,2,9,0,18,0,4,0,7,0,0,1,1,6,1,37,7,1896,2,11,-1,-1,-1
20161332A1442,1,9,0,18,0,1,0,0,0,0,1,1,6,1,-1,-1,1229,1,2,-1,-1,-1
20161332A1442,2,9,0,3,0,1,0,0,0,0,2,1,6,1,30,6,2143,2,-1,7,3,7
20161332A1660,1,9,0,9,0,6,0,0,0,0,1,1,6,1,24,5,998,1,12,-1,-1,-1
20161332A1660,2,9,0,18,0,1,0,0,0,0,1,1,6,1,31,6,1896,2,14,1,1,1
20161332A1818,1,9,0,17,0,0,2,0,1,2,1,1,6,1,35,6,1598,2,1,5,1,5
20161332B0169,1,3,0,18,0,0,1,0,0,0,0,1,2,1,26,6,123,1,4,-1,-1,-1
20161332B0182,1,9,0,18,0,0,1,0,1,11,1,1,6,1,21,5,1199,1,14,2,1,2
20161332B0194,1,9,0,18,0,6,0,0,0,0,1,1,6,2,34,6,-1,-1,-1,4,1,4
20161332B0194,2,4,0,18,0,8,2,0,0,0,1,1,6,1,43,7,-1,-1,-1,2,1,2
20161332B0206,1,9,0,17,0,0,2,0,8,10,1,1,2,1,25,5,1198,1,7,9,2,9
20161332B0227,1,9,0,16,0,0,2,0,0,11,3,1,2,2,28,6,1149,1,2,9,2,9
20161332B0228,1,9,0,18,0,1,0,0,0,0,1,1,2,1,20,4,1686,2,12,8,2,8
20161332B0228,2,9,0,10,0,1,0,0,0,0,2,1,2,2,43,7,-1,-1,-1,10,1,10
20161332B0255,1,9,0,18,0,1,0,0,0,0,4,1,6,2,38,7,1598,1,13,2,1,2
20161332B0255,2,9,0,9,0,6,0,0,0,0,1,1,6,1,-1,-1,-1,-1,-1,-1,-1,-1
20161332B0285,1,9,0,9,0,8,0,0,0,0,3,1,1,1,42,7,1461,2,3,4,1,4
20161332B0285,2,9,0,18,0,1,0,0,0,0,4,1,2,2,39,7,1956,2,6,6,2,6
20161332B0328,1,19,0,2,6,0,0,0,0,0,0,1,1,1,23,5,1998,2,15,1,1,1
20161332B0328,2,9,0,18,0,0,0,0,0,0,3,1,2,1,65,9,2987,2,3,6,1,6
20161332B0328,3,9,0,18,0,0,0,0,5,6,4,1,2,2,20,4,1198,1,4,5,1,5
20161332B0415,1,9,0,14,0,0,0,0,0,0,1,1,6,1,32,6,1299,1,14,5,1,5
20161332B0415,2,9,0,18,0,0,0,0,0,0,1,1,6,1,24,5,1998,2,9,2,1,2
20161332B0457,1,9,0,9,0,8,0,0,0,0,3,1,6,1,31,6,1968,2,9,2,1,2
20161332B0457,2,9,0,18,0,1,0,0,0,0,1,1,6,1,20,4,1968,2,9,1,1,1
20161332B0664,1,9,0,18,0,0,0,0,0,0,4,1,1,1,35,6,1248,2,2,-1,-1,-1
20161332B0846,1,9,0,9,0,6,0,0,0,0,1,1,1,1,-1,-1,-1,-1,-1,4,1,4
20161332B0846,2,9,0,17,0,8,0,0,0,0,4,1,2,1,-1,-1,1956,2,7,-1,-1,-1
20161332B0879,1,9,0,7,0,8,0,0,0,0,4,1,6,1,26,6,998,1,2,5,1,5
20161332B0879,2,1,0,18,0,8,0,0,0,0,1,1,6,1,58,9,-1,-1,-1,8,2,8
20161332B1038,1,9,0,7,0,8,0,0,0,0,4,1,6,1,45,7,1753,2,12,1,1,1
20161332B1038,2,1,0,18,4,8,0,0,0,0,1,1,6,1,30,6,-1,-1,-1,10,1,10
20161332B1052,1,9,0,18,0,0,0,0,0,0,1,1,6,2,55,8,1598,1,9,2,1,2
20161332B1052,2,9,0,18,0,0,0,0,1,10,2,1,6,2,35,6,1496,2,2,2,1,2
20161332B1052,3,9,0,18,0,0,0,0,0,0,4,1,6,1,66,10,1995,2,8,8,2,8
20161332B1052,4,9,0,18,0,0,0,0,1,10,3,1,6,1,37,7,2987,2,7,4,1,4
20161332B1146,1,9,0,1,0,0,0,0,0,0,2,1,6,1,25,5,1998,2,8,-1,-1,-1
20161332B1286,1,9,0,18,0,8,0,0,0,0,1,1,6,1,58,9,3960,6,23,2,1,2
20161332B1286,2,9,0,7,0,8,0,0,0,0,2,1,6,1,19,4,1396,1,12,9,2,9
20161332B1360,1,9,0,9,0,1,0,0,0,0,3,1,6,1,29,6,1560,2,3,7,1,7
20161332B1360,2,9,0,18,0,1,0,0,0,0,1,1,6,1,22,5,1956,2,1,2,1,2
20161332B1392,1,9,0,18,0,0,0,0,0,0,1,1,6,1,81,11,996,1,7,3,1,3
20161332B1473,1,9,0,1,0,1,0,0,0,0,2,1,6,1,47,8,1956,2,3,9,2,9
20161332B1473,2,9,0,2,0,1,0,0,0,0,3,1,6,1,69,10,2204,2,7,9,2,9
20161332B1758,1,9,0,9,0,0,0,0,0,0,3,1,6,2,65,9,1461,2,5,5,1,5
20161332B1758,2,3,0,18,0,0,0,0,0,0,4,1,6,1,32,6,124,1,14,-1,-1,-1
20161332C0191,1,21,0,11,0,0,0,0,0,0,4,1,1,1,29,6,-1,-1,-1,6,1,6
20161332C0191,2,9,0,18,0,0,0,0,0,0,3,1,2,1,28,6,1242,1,12,2,1,2
20161332C0225,1,9,0,18,0,0,0,11,0,0,0,1,2,1,23,5,1596,1,13,1,1,1
20161332C0225,2,9,0,18,0,0,0,0,0,0,1,1,2,2,44,7,1995,2,3,1,1,1
20161332C0277,1,9,0,9,0,8,0,0,0,0,1,1,6,1,32,6,1587,1,16,1,1,1
20161332C0277,2,1,0,18,0,8,0,0,0,0,2,1,6,1,22,5,-1,-1,-1,1,2,1
20161332C0609,1,9,0,4,0,0,0,0,0,0,4,1,6,1,44,7,2698,2,10,6,1,6
20161332C0905,1,9,0,9,0,8,0,0,0,0,1,1,2,1,67,10,1399,2,7,-1,-1,-1
20161332C0914,1,9,0,18,0,8,1,0,7,4,4,1,6,2,18,4,1229,1,5,3,3,3
20161332C0924,1,9,0,9,0,6,0,0,0,0,4,1,6,1,52,8,1753,2,12,4,1,4
20161332C0924,2,9,0,18,0,1,0,0,0,0,3,1,6,2,58,9,1150,1,10,9,2,9
20161332C1018,1,9,0,9,0,6,0,0,0,0,3,1,6,2,56,9,1910,2,10,7,1,7
20161332C1018,2,9,0,18,0,1,0,0,0,0,0,1,6,1,46,8,1998,2,11,5,1,5
20161332C1202,1,9,0,7,0,8,0,4,0,0,3,1,6,1,48,8,1896,2,12,1,1,1
20161332C1202,2,9,0,18,0,8,0,0,0,0,1,1,6,3,-1,-1,2664,2,16,-1,-1,-1
20161332C1202,3,9,0,2,0,1,0,4,0,0,1,1,6,3,-1,-1,1598,1,12,-1,-1,-1
20161332C1202,4,9,0,2,0,1,0,0,0,0,1,1,6,3,-1,-1,1968,2,8,-1,-1,-1
20161332C1270,1,9,0,7,0,5,0,0,0,0,1,1,6,1,-1,-1,1596,1,8,-1,-1,-1
20161332C1270,2,9,0,18,0,8,0,0,0,0,1,1,2,2,22,5,1242,1,5,8,1,8
20161332C1316,1,9,0,10,0,6,0,0,0,0,1,1,6,1,32,6,1984,1,1,4,2,4
20161332C1316,2,9,0,18,0,8,0,0,0,0,4,1,6,1,38,7,1149,1,3,2,1,2
20161332C1334,1,9,0,18,0,0,0,0,0,0,1,1,6,2,45,7,1229,1,3,3,1,3
20161332C1344,1,9,0,16,0,0,0,0,0,0,1,1,6,1,67,10,1910,2,8,3,1,3
20161332C1498,1,9,0,16,0,3,1,0,2,11,1,1,6,1,23,5,1968,2,10,4,1,4
20161332C1513,1,5,0,18,0,0,1,10,0,0,1,1,6,1,19,4,583,1,26,-1,-1,-1
20161332C1664,1,9,0,18,0,0,0,0,0,0,1,1,6,1,37,7,2204,2,9,1,1,1
20161332C1685,1,9,0,18,0,0,0,0,0,0,1,1,6,2,19,4,1299,1,10,4,1,4
20161332C1685,2,9,0,3,0,0,0,0,0,0,2,1,6,1,19,4,998,1,4,4,1,4
20161332C1731,1,19,0,18,0,1,0,0,0,0,1,1,6,3,-1,-1,-1,-1,-1,-1,-1,-1
20161332C1731,2,1,0,9,0,1,0,0,0,0,2,1,2,1,51,8,-1,-1,-1,2,1,2
20161332D0064,1,9,0,18,0,0,0,0,0,0,4,1,6,3,-1,-1,-1,-1,-1,-1,-1,-1
20161332D0451,1,9,0,18,0,8,0,0,0,0,1,1,6,2,64,9,1598,1,16,1,1,1
20161332D0451,2,9,0,9,0,8,0,0,0,0,1,1,2,2,51,8,1086,1,8,2,1,2
20161332D0451,3,9,0,9,0,8,0,0,0,0,3,1,6,2,38,7,1984,1,8,4,2,4
20161332D0623,1,8,0,18,0,6,0,0,0,0,1,1,6,1,41,7,1968,2,7,2,1,2
20161332D0623,2,1,0,18,4,8,0,0,0,0,2,1,6,2,26,6,-1,-1,-1,3,1,3
20161332D0826,1,9,0,16,0,0,1,0,2,7,2,1,6,2,24,5,-1,-1,-1,2,1,2
20161332D1006,1,9,0,5,0,1,0,0,0,0,1,1,6,2,22,5,998,1,7,5,1,5
20161332D1006,2,9,0,3,0,1,0,0,0,0,2,1,6,2,40,7,1560,2,10,3,1,3
20161332D1030,1,9,0,3,0,1,0,0,0,0,2,1,6,1,26,6,1461,2,2,9,1,9
20161332D1030,2,19,0,4,0,1,0,0,0,0,1,1,6,1,55,8,2198,2,2,5,1,5
20161332D1152,1,9,0,18,0,0,0,0,0,0,4,1,6,2,58,9,2231,2,9,-1,-1,-1
20161332D1556,1,9,0,18,0,8,0,0,0,0,1,1,6,1,44,7,1341,1,13,6,1,6
20161332D1556,2,9,0,9,0,8,0,0,0,0,1,1,6,1,22,5,1896,2,9,1,1,1
20161332E0291,1,8,0,1,0,2,0,0,0,0,0,1,1,1,64,9,1896,2,7,-1,-1,-1
20161332E0496,1,9,0,9,0,6,0,0,0,0,3,1,6,1,63,9,1197,1,1,-1,-1,-1
20161332E0496,2,1,0,18,0,1,0,0,0,0,1,1,6,1,62,9,-1,-1,-1,-1,-1,-1
20161332E0497,1,9,0,18,0,0,0,0,0,0,1,1,6,1,-1,-1,1242,1,4,7,1,7
20161332E0497,2,9,0,18,0,0,0,0,0,0,2,1,6,1,36,7,1998,2,8,6,1,6
20161332E0552,1,1,0,18,0,1,0,0,0,0,1,1,6,1,39,7,-1,-1,-1,9,1,9
20161332E0552,2,9,0,9,0,6,0,0,0,0,3,1,6,1,44,7,1360,1,11,7,3,7
20161332E0890,1,9,0,18,0,1,0,0,0,0,1,1,6,1,36,7,1968,2,5,6,1,6
20161332E0890,2,1,0,18,0,1,0,0,0,0,3,1,6,1,29,6,-1,-1,-1,2,1,2
20161332E1008,1,9,0,18,0,0,0,0,0,0,1,1,6,3,-1,-1,-1,-1,-1,-1,-1,-1
20161332E1203,1,9,0,5,0,6,0,0,0,0,0,1,6,2,72,10,1248,1,4,4,1,4
20161332E1203,2,5,0,18,0,8,2,0,0,0,0,1,6,1,47,8,1199,1,12,6,1,6
20161332E1212,1,9,0,18,0,8,0,0,0,0,1,1,6,2,-1,-1,-1,-1,-1,-1,-1,-1
20161332E1212,2,1,0,9,0,6,0,0,0,0,3,1,6,1,15,3,-1,-1,-1,3,1,3
20161332F0297,1,2,0,18,0,1,1,0,0,0,4,1,2,2,16,4,49,1,1,2,1,2
20161332F0364,1,19,0,18,0,0,0,0,0,0,1,1,1,1,27,6,2143,2,1,1,1,1
20161332F0364,2,9,0,4,0,0,0,0,0,0,2,1,6,1,74,10,1560,2,1,1,1,1
20161332F0444,1,2,0,18,0,0,1,0,0,0,1,1,6,1,44,7,-1,-1,-1,1,1,1
20161332F0462,1,9,0,18,0,8,0,0,0,0,2,1,6,1,56,9,1997,2,2,-1,-1,-1
20161332F0462,2,9,0,18,0,8,0,0,0,0,2,1,1,1,28,6,-1,-1,-1,4,1,4
20161332F0462,3,9,0,18,0,8,0,0,0,0,1,1,6,1,51,8,2993,2,4,8,3,8
20161332F0596,1,9,0,18,0,0,0,0,0,0,1,1,6,1,67,10,1398,1,1,4,1,4
20161332F0620,1,1,0,18,0,0,5,0,0,0,1,1,6,1,39,7,-1,-1,-1,6,1,6
20161332F0620,2,9,0,2,0,0,0,0,0,0,2,1,6,2,60,9,1461,2,6,10,1,10
20161332F0709,1,9,0,9,0,8,0,0,0,0,3,1,6,2,46,8,2188,2,8,5,1,5
20161332F0862,1,9,0,18,0,0,0,0,0,0,1,1,6,1,26,6,1995,2,3,9,2,9
20161332F0862,2,8,0,3,0,0,0,0,0,0,2,1,1,1,53,8,1598,1,10,1,1,1
20161332F1045,1,19,0,18,0,0,0,0,0,0,1,1,1,1,49,8,2198,2,6,-1,-1,-1
20161332F1045,2,19,0,18,0,0,0,0,0,0,2,1,1,1,24,5,-1,-1,-1,-1,-1,-1
20161332F1106,1,11,0,18,0,0,0,0,0,0,4,1,1,3,-1,-1,-1,-1,-1,-1,-1,-1
20161332F1106,2,1,0,18,0,0,0,0,0,0,3,1,6,1,59,9,-1,-1,-1,10,1,10
20161332F1348,1,9,0,9,0,6,0,0,0,0,1,1,6,2,37,7,1596,1,8,-1,-1,-1
20161332F1348,2,4,0,18,0,8,0,0,0,0,3,1,2,1,33,6,471,1,2,6,1,6
20161332F1408,1,9,0,17,0,0,1,0,1,9,1,1,2,2,22,5,1349,1,7,2,1,2
20161332F1423,1,9,0,18,0,0,0,0,0,0,1,1,2,1,28,6,1364,1,10,3,1,3
20161332F1793,1,9,0,5,0,6,0,0,0,0,0,1,1,1,31,6,1390,1,12,7,1,7
20161332F1793,2,8,0,18,0,1,0,10,7,11,1,1,1,1,67,10,1560,2,5,9,1,9
20161332F1793,3,9,0,2,0,1,0,0,0,0,0,1,1,3,-1,-1,1796,1,17,-1,-1,-1
20161332F1794,1,9,0,16,0,0,1,7,6,10,1,1,6,1,19,4,2000,1,10,1,1,1
20161332F1794,2,9,0,17,0,0,0,0,0,0,1,1,2,1,24,5,1997,2,8,6,2,6
20161332F1848,1,8,0,17,0,0,0,0,0,0,0,1,1,1,44,7,-1,-1,-1,2,1,2
20161332G0261,1,9,0,18,0,0,5,0,0,0,1,1,2,2,25,5,1781,1,11,7,3,7
20161332G0261,2,9,0,2,0,0,0,0,0,0,2,1,6,2,-1,-1,998,1,8,-1,-1,-1
20161332G0261,3,9,0,18,0,0,0,0,0,0,1,1,2,1,64,9,-1,-1,-1,5,2,5
20161332G0319,1,19,0,17,0,0,0,0,0,0,1,1,2,1,74,10,1968,2,7,-1,-1,-1
20161332G0319,2,19,0,2,0,0,0,0,0,0,3,1,6,1,-1,-1,2143,2,5,-1,-1,-1
20161332G0406,1,9,0,18,0,0,0,0,0,0,1,1,6,1,35,6,2967,2,2,-1,-1,-1
20161332G0406,2,9,0,18,0,0,0,0,0,0,2,1,6,2,22,5,-1,-1,-1,-1,-1,-1
20161332G0429,1,9,0,18,0,0,0,4,0,0,1,1,6,2,20,4,2494,1,13,6,1,6
20161332G0429,2,9,0,2,0,0,0,0,0,0,0,1,6,2,25,5,1910,2,9,2,1,2
20161332G0429,3,9,0,18,0,0,0,0,0,0,3,1,6,1,85,11,1997,2,12,2,1,2
20161332G0429,4,9,0,2,0,0,0,0,0,0,3,1,6,1,35,6,1896,2,13,9,3,9
20161332G0429,5,9,0,2,0,0,0,0,0,0,4,1,6,2,36,7,1399,2,13,1,1,1
20161332G0444,1,9,0,18,0,8,0,0,0,0,4,1,6,1,45,7,1390,2,12,7,1,7
20161332G0480,1,9,0,2,0,0,0,0,0,0,2,1,6,1,-1,-1,-1,-1,-1,8,1,8
20161332G0480,2,1,0,18,0,0,0,0,0,0,1,1,2,1,53,8,-1,-1,-1,8,1,8
20161332G0764,1,9,0,6,0,0,0,0,7,0,3,1,6,2,37,7,1398,1,15,5,1,5
20161332G0764,2,19,0,18,0,0,0,0,0,0,1,1,1,1,40,7,2402,2,12,1,1,1
20161332G0926,1,9,0,18,0,0,0,0,0,0,4,1,6,1,44,7,1124,1,13,4,1,4
20161332G0926,2,9,0,18,0,0,0,0,0,0,3,1,6,1,74,10,998,1,8,2,1,2
20161332G0991,1,9,0,1,0,0,0,0,0,0,0,1,6,2,-1,-1,2987,2,7,-1,-1,-1
20161332G0991,2,9,0,18,0,0,0,0,0,0,0,1,6,1,59,9,1798,1,12,1,1,1
20161332G1099,1,9,0,18,0,0,0,0,0,0,1,1,6,3,-1,-1,-1,-1,-1,-1,-1,-1
20161332G1099,2,9,0,4,0,0,0,0,0,0,2,1,1,2,45,7,1248,2,5,4,1,4
20161332G1188,1,9,0,18,0,5,0,0,0,0,1,1,2,2,58,9,1242,1,2,10,1,10
20161332G1188,2,1,0,18,0,5,0,0,0,0,2,1,6,1,43,7,-1,-1,-1,9,1,9
20161332G1518,1,19,0,7,0,6,0,0,0,0,4,1,1,1,43,7,2143,2,3,5,1,5
20161332G1569,1,9,0,9,0,8,0,0,0,0,1,1,1,1,19,4,998,1,6,7,1,7
20161332G1569,2,1,0,18,0,8,0,0,0,0,1,1,2,2,30,6,-1,-1,-1,9,1,9
20161332G1604,1,22,0,18,0,6,5,0,0,0,3,1,6,2,46,8,-1,-1,-1,1,1,1
20161332G1604,2,9,0,18,0,2,1,0,0,0,1,1,1,1,46,8,1560,2,4,2,1,2
20161332G1670,1,9,0,17,0,0,0,10,8,11,1,1,6,1,18,4,1560,2,9,2,1,2
20161332G1701,1,9,0,18,0,0,2,0,0,11,1,1,6,1,26,6,1995,2,4,1,1,1
20161332G1805,1,9,0,18,0,4,0,0,0,0,3,1,6,1,19,4,1198,1,13,4,1,4
20161332G1805,2,9,0,18,0,4,0,0,0,0,4,1,6,3,-1,-1,-1,-1,-1,-1,-1,-1
20161332G1856,1,9,0,18,0,8,0,11,0,11,1,1,2,1,41,7,1598,1,10,1,1,1
20161332H0532,1,9,0,18,0,0,0,0,0,0,1,1,6,2,28,6,998,1,9,7,1,7
20161332H0611,1,9,0,16,0,0,1,0,0,0,3,1,6,1,21,5,1390,1,12,10,2,10
20161332H0611,2,19,0,18,0,0,0,0,0,0,1,1,1,1,65,9,2287,2,4,6,3,6
20161332H0645,1,9,0,18,0,0,0,0,1,0,2,1,6,2,75,10,1198,1,9,8,1,8
20161332H0645,2,9,0,2,0,0,0,0,0,0,2,1,6,1,-1,-1,1582,2,5,-1,-1,-1
20161332H0839,1,8,0,9,0,6,0,0,0,0,1,1,1,1,51,8,1797,8,7,1,1,1