Accident_Index,Vehicle_Reference,Vehicle_Type,Towing_and_Articulation,Vehicle_Manoeuvre,Vehicle_Location-Restricted_Lane,Junction_Location,Skidding_and_Overturning,Hit_Object_in_Carriageway,Vehicle_Leaving_Carriageway,Hit_Object_off_Carriageway,1st_Point_of_Impact,Was_Vehicle_Left_Hand_Drive?,Journey_Purpose_of_Driver,Sex_of_Driver,Age_of_Driver,Age_Band_of_Driver,Engine_Capacity_(CC),Propulsion_Code,Age_of_Vehicle,Driver_IMD_Decile,Driver_Home_Area_Type,Vehicle_IMD_Decile
20161332H0840,1,21,1,9,0,6,0,0,0,0,4,1,1,1,42,7,12809,2,1,8,3,8
20161332H0840,2,9,0,2,0,1,0,0,0,0,4,1,6,1,18,4,1596,1,10,5,1,5
20161332H0843,1,9,0,7,0,6,0,0,0,0,1,1,6,1,-1,-1,-1,-1,-1,-1,-1,-1
20161332H0843,2,9,0,18,0,8,0,0,0,0,1,1,6,1,62,9,1560,2,8,-1,-1,-1
20161332H0843,3,9,0,18,0,8,0,0,0,0,1,1,6,1,33,6,1896,2,9,-1,-1,-1
20161332H0843,4,3,0,18,0,8,5,0,0,0,2,1,6,1,33,6,125,1,1,-1,-1,-1
20161332H0896,1,9,0,5,0,8,0,0,0,0,1,1,6,1,50,8,1396,1,13,1,1,1
20161332H0896,2,1,0,9,0,8,0,0,0,0,2,1,6,1,26,6,-1,-1,-1,1,1,1
20161332H0947,1,20,0,9,0,6,0,0,0,0,1,1,1,1,55,8,4250,2,19,4,1,4
20161332H0947,2,9,0,18,0,1,0,0,0,0,3,1,6,2,90,11,1390,1,12,7,1,7
20161332H1028,1,8,0,4,0,1,0,0,0,0,3,1,6,3,-1,-1,-1,-1,-1,-1,-1,-1
20161332H1090,1,19,0,18,0,0,0,0,0,0,4,1,6,3,-1,-1,-1,-1,-1,-1,-1,-1
20161332H1127,1,9,0,18,0,1,0,0,0,0,2,1,6,2,25,5,1598,1,8,6,3,6
20161332H1127,2,9,0,18,0,1,0,0,0,0,1,1,6,2,29,6,1242,1,1,6,1,6
20161332H1150,1,9,0,5,0,5,0,0,0,0,1,1,6,2,39,7,1328,1,11,2,1,2
20161332H1150,2,9,0,18,0,1,0,0,0,0,3,1,6,2,48,8,1242,1,3,9,2,9
20161332H1254,1,9,0,18,0,0,1,0,7,11,1,1,6,1,18,4,1229,1,11,1,1,1
20161332H1254,2,9,0,18,0,0,0,0,0,0,3,1,6,1,19,4,1497,1,12,5,1,5
20161332H1254,3,9,0,2,0,0,0,0,0,0,1,1,6,1,-1,-1,1229,1,9,4,1,4
20161332H1254,4,9,0,2,0,0,0,0,0,0,2,1,6,1,-1,-1,1390,1,17,4,1,4
20161332H1634,1,9,0,16,0,0,0,0,1,11,4,1,6,1,18,4,1198,1,8,7,3,7
20161332H1691,1,9,0,3,0,1,0,0,0,0,2,1,6,1,27,6,1198,1,5,3,1,3
20161332H1691,2,8,0,18,0,1,0,0,0,0,1,1,1,1,-1,-1,1598,2,5,4,1,4
20161332I0217,1,9,0,18,0,0,1,0,1,0,4,1,6,1,54,8,300,1,-1,9,1,9
20161332I0235,1,9,0,5,0,6,0,0,0,0,1,1,6,2,53,8,1364,1,1,8,1,8
20161332I0235,2,19,0,18,0,8,0,0,8,11,4,1,1,1,39,7,1560,2,1,2,1,2
20161332I0250,1,9,0,2,0,0,0,0,0,0,2,1,6,1,34,6,1388,1,14,3,1,3
20161332I0250,2,9,0,18,0,0,0,0,1,11,1,1,3,2,40,7,1560,2,9,3,1,3
20161332I0250,3,3,0,14,0,0,2,0,0,0,4,1,6,1,28,6,-1,-1,-1,3,1,3
20161332I0253,1,9,0,18,0,0,5,0,2,10,1,1,6,1,35,6,1596,1,10,9,3,9
20161332I0299,1,9,0,9,0,6,0,0,0,0,3,1,3,2,45,7,1242,1,3,10,1,10
20161332I0299,2,19,0,18,0,8,0,0,0,0,0,1,2,1,26,6,2148,2,10,2,1,2
20161332I0353,1,9,0,3,0,1,0,0,0,0,2,1,1,1,39,7,1998,2,8,1,1,1
20161332I0353,2,9,0,18,0,1,0,0,0,0,1,1,6,3,-1,-1,-1,-1,-1,-1,-1,-1
20161332I0414,1,9,0,5,0,6,1,0,1,1,1,1,6,2,34,6,1360,1,10,6,1,6
20161332I0414,2,9,0,18,0,8,1,0,0,11,3,1,6,1,37,7,5439,1,11,5,1,5
20161332I0414,3,9,0,2,8,2,0,0,0,0,1,1,6,1,51,8,2495,2,14,6,3,6
20161332I0414,4,2,0,2,8,2,0,0,0,0,1,1,6,1,28,6,124,1,1,9,1,9
20161332I0414,5,9,0,2,6,2,0,0,0,0,4,1,6,1,32,6,1968,2,6,8,1,8
20161332I0469,1,20,0,18,0,0,1,0,0,0,4,1,1,1,30,6,4461,2,6,1,1,1
20161332I0469,2,9,0,18,0,0,0,7,0,0,3,1,6,1,25,5,1199,1,15,1,1,1
20161332I0593,1,9,0,3,0,1,0,0,0,0,2,1,6,1,45,7,996,1,6,1,1,1
20161332I0593,2,9,0,4,0,1,0,0,0,0,1,1,6,1,18,4,1149,1,11,-1,-1,-1
20161332I0599,1,9,0,18,0,2,0,0,0,0,3,1,6,2,28,6,1229,1,4,6,1,6
20161332I0616,1,9,0,9,0,8,0,0,0,0,4,1,6,1,36,7,2198,1,12,-1,1,-1
20161332I0616,2,1,0,18,0,8,0,0,0,0,1,1,6,1,63,9,-1,-1,-1,7,1,7
20161332I0637,1,9,0,18,0,0,1,0,0,0,1,1,6,1,-1,-1,1199,1,14,-1,-1,-1
20161332I0637,2,9,0,17,0,0,0,0,0,0,1,1,6,1,29,6,1997,2,12,1,1,1
20161332I0887,1,9,0,5,0,4,0,0,0,0,1,1,6,2,58,9,1198,1,2,9,1,9
20161332I0887,2,1,0,9,0,8,0,0,0,0,4,1,6,1,39,7,-1,-1,-1,7,1,7
20161332I0950,1,21,1,18,0,1,0,0,0,0,0,1,6,3,-1,-1,-1,-1,-1,-1,-1,-1
20161332I1004,1,9,0,18,9,2,0,0,1,2,3,1,6,1,20,4,1900,2,11,3,1,3
20161332I1004,2,9,0,13,0,2,0,0,0,0,4,1,1,1,-1,-1,2993,2,1,-1,-1,-1
20161332I1129,1,9,0,5,0,6,0,0,0,0,1,1,6,1,22,5,1248,1,7,4,1,4
20161332I1129,2,9,0,18,0,1,0,0,0,0,1,1,6,1,25,5,3628,2,9,9,1,9
20161332I1145,1,9,0,18,0,8,0,0,0,0,1,1,6,3,-1,-1,-1,-1,-1,-1,-1,-1
20161332I1264,1,9,0,7,0,0,0,0,0,0,4,1,6,2,59,9,1598,2,6,3,1,3
20161332I1264,2,3,0,18,0,0,0,0,0,0,3,1,6,1,19,4,124,1,1,10,1,10
20161332I1269,1,11,0,4,0,0,0,0,0,0,0,1,2,1,56,9,7300,2,10,3,1,3
20161332I1303,1,9,0,9,0,1,0,0,0,0,4,1,6,1,65,9,-1,-1,-1,1,1,1
20161332I1303,2,9,0,18,0,1,0,0,0,0,1,1,6,1,35,6,-1,-1,-1,1,1,1
20161332I1309,1,11,0,18,0,8,0,0,0,0,3,1,1,1,48,8,6700,2,8,3,1,3
20161332I1309,2,9,0,18,0,8,0,0,0,0,1,1,6,1,-1,-1,-1,-1,-1,2,1,2
20161332I1383,1,9,0,18,0,0,0,0,0,0,3,1,6,1,30,6,1968,2,8,1,1,1
20161332I1408,1,9,0,9,0,8,0,0,0,0,3,1,1,2,52,8,1997,1,18,8,1,8
20161332I1408,2,19,0,18,0,3,0,0,0,0,1,1,6,1,47,8,1560,2,2,10,1,10
20161332I1485,1,9,0,18,0,8,0,0,0,0,1,1,6,2,54,8,1956,2,3,-1,-1,-1
20161332I1485,2,8,0,9,0,8,0,0,0,0,3,1,1,1,35,6,1995,2,6,-1,-1,-1
20161332I1532,1,9,0,9,0,8,0,0,0,0,1,1,6,1,23,5,1968,2,8,10,1,10
20161332I1550,1,9,0,15,0,0,1,4,0,0,1,1,6,2,18,4,1198,1,4,5,1,5
20161332I1550,2,21,1,2,0,0,0,0,0,0,2,1,1,1,38,7,12419,2,6,3,1,3
20161332I1679,1,9,0,5,0,6,0,0,0,0,3,1,6,1,19,4,1229,1,5,5,1,5
20161332I1679,2,9,0,18,0,1,0,0,0,0,1,1,6,1,20,4,1896,2,12,9,2,9
20161332I1700,1,9,0,9,0,6,0,0,0,0,3,1,6,1,36,7,1598,1,14,-1,-1,-1
20161332I1700,2,1,0,18,0,8,0,0,0,0,1,1,6,1,38,7,-1,-1,-1,-1,-1,-1
20161332J0055,1,9,0,17,0,0,0,10,2,2,1,1,6,1,18,4,999,1,1,9,1,9
20161332J0258,1,9,0,18,0,0,1,0,1,10,1,1,6,2,53,8,1995,1,13,7,1,7
20161332J0586,1,9,0,18,0,4,0,0,0,0,1,1,6,1,21,5,1242,1,10,3,1,3
20161332J0586,2,9,0,18,0,3,0,0,0,0,4,1,6,2,24,5,973,1,14,6,1,6
20161332J0690,1,9,0,18,0,0,0,0,0,0,1,1,6,1,53,8,1248,2,7,-1,-1,-1
20161332J0690,2,9,0,18,0,0,0,0,0,0,2,1,6,1,53,8,1798,1,5,-1,-1,-1
20161332J0690,3,9,0,18,0,0,0,0,0,0,2,1,6,1,47,8,1998,1,15,-1,-1,-1
20161332J0848,1,21,1,7,0,1,0,0,0,0,2,1,6,3,-1,-1,-1,-1,-1,-1,-1,-1
20161332J0848,2,9,0,9,0,1,0,0,0,0,4,1,6,2,36,7,1896,2,7,1,1,1
20161332J0881,1,11,0,2,0,0,0,0,0,0,2,1,1,1,46,8,9360,2,8,5,1,5
20161332J0881,2,19,0,4,0,0,0,4,0,0,1,1,1,1,43,7,2402,2,10,1,1,1
20161332J1040,1,9,0,18,0,6,0,0,0,0,1,1,2,2,58,9,1598,1,9,1,1,1
20161332J1040,2,9,0,18,0,6,0,0,0,0,2,1,2,2,46,8,1360,1,8,8,1,8
20161332J1060,1,19,0,5,0,6,0,0,0,0,3,1,1,1,45,7,2143,2,1,2,1,2
20161332J1060,2,1,0,18,0,1,5,0,0,0,1,1,6,1,24,5,-1,-1,-1,9,1,9
20161332J1193,1,8,0,18,0,0,0,0,0,0,1,1,6,1,32,6,1997,2,5,3,1,3
20161332J1193,2,9,0,3,0,0,0,0,0,0,2,1,2,1,32,6,1968,2,6,2,1,2
20161332J1193,3,9,0,3,0,0,0,0,0,0,2,1,6,2,43,7,1598,2,2,2,1,2
20161332J1193,4,9,0,3,0,0,0,0,0,0,2,1,2,1,24,5,1398,1,4,6,1,6
20161332J1197,1,9,0,9,0,8,0,0,0,0,1,1,6,1,26,6,1248,2,8,1,1,1
20161332J1238,1,9,0,18,0,0,0,0,0,0,1,1,6,3,-1,-1,1968,2,4,-1,-1,-1
20161332J1238,2,9,0,18,0,0,0,0,0,0,0,1,1,1,35,6,1598,2,1,1,1,1
20161332J1238,3,9,0,18,0,0,0,0,0,0,1,1,6,2,45,7,1198,1,2,3,1,3
20161332J1238,4,9,0,18,0,0,0,0,1,4,3,1,6,2,55,8,1390,1,1,10,3,10
20161332J1438,1,9,0,18,0,8,0,0,0,0,4,1,1,1,33,6,1686,2,5,1,1,1
20161332J1438,2,9,0,18,0,1,0,0,0,0,1,1,2,1,39,7,1596,1,9,-1,-1,-1
20161332J1467,1,4,0,18,0,0,0,0,0,0,1,1,6,1,52,8,149,1,52,5,1,5
20161332J1467,2,9,0,13,0,0,0,0,0,0,1,1,6,1,20,4,1968,1,10,2,1,2
20161332J1536,1,9,0,18,0,0,5,10,3,10,1,1,6,3,18,4,1598,1,14,-1,-1,-1
20161332J1552,1,9,0,5,0,4,0,0,0,0,1,1,6,2,33,6,2204,2,12,7,1,7
20161332J1552,2,9,0,9,0,8,0,0,0,0,4,1,6,1,41,7,2993,2,5,3,1,3
20161332J1632,1,9,0,18,0,0,0,0,0,0,1,1,6,3,-1,-1,-1,-1,-1,-1,-1,-1
20161332J1721,1,9,0,18,0,0,0,0,1,11,4,1,6,1,23,5,1390,1,16,5,2,5
20161332J1798,1,9,0,9,0,8,0,0,0,0,4,1,1,1,46,8,1968,2,5,1,1,1
20161332J1798,2,9,0,18,0,8,0,0,0,0,1,1,1,1,58,9,1998,2,8,7,1,7
20161332J1807,1,9,0,18,0,8,0,0,0,1,1,1,6,1,29,6,-1,-1,-1,5,1,5
20161332J1807,2,9,0,18,0,8,0,0,0,1,4,1,6,1,21,5,1600,1,12,2,1,2
20161332K0254,1,9,0,18,0,0,5,0,1,11,4,1,6,1,41,7,1998,1,15,3,1,3
20161332K0561,1,9,0,18,0,1,0,0,0,0,1,1,6,2,27,6,1242,1,9,3,1,3
20161332K0561,2,9,0,10,0,1,0,0,0,0,2,1,6,2,35,6,1389,1,19,1,1,1
20161332K0925,1,19,0,13,0,0,0,0,0,0,3,1,6,1,30,6,2460,2,12,8,1,8
20161332K0925,2,9,0,18,0,0,0,0,0,0,3,1,6,2,29,6,1753,2,10,10,1,10
20161332K0952,1,9,0,7,0,1,0,0,0,0,1,1,6,1,36,7,1275,1,20,3,1,3
20161332K0974,1,9,0,18,0,8,0,0,0,0,1,1,6,2,56,9,1968,2,-1,6,3,6
20161332K0974,2,9,0,9,0,8,0,0,0,0,1,1,6,2,46,8,1242,1,9,8,1,8
20161332K1018,1,9,0,18,0,0,0,0,0,0,1,1,6,2,62,9,1998,1,14,8,3,8
20161332K1018,2,9,0,4,0,0,0,0,0,0,2,1,6,2,32,6,1399,2,6,7,3,7
20161332K1094,1,9,0,4,0,1,1,0,0,0,1,1,6,1,44,7,1905,2,18,1,1,1
20161332K1094,2,9,0,3,0,1,0,0,0,0,2,1,6,2,-1,-1,1998,1,13,4,1,4
20161332K1094,3,9,0,3,0,1,0,0,0,0,2,1,6,1,-1,-1,1686,2,5,3,1,3
20161332K1253,1,19,0,18,0,6,0,0,0,0,4,1,6,1,40,7,1560,2,8,3,1,3
20161332K1253,2,9,0,18,0,8,0,0,0,0,1,1,6,2,40,7,1242,1,8,-1,-1,-1
20161332K1394,1,8,0,9,0,8,0,0,0,0,4,1,1,1,36,7,1686,2,10,2,1,2
20161332K1394,2,9,0,18,0,8,0,0,0,0,1,1,6,2,19,4,1242,1,4,8,1,8
20161332K1416,1,9,0,6,0,0,0,0,0,0,3,1,6,2,30,6,998,1,4,5,1,5
20161332K1416,2,9,0,18,0,0,0,0,0,0,1,1,6,2,55,8,1598,1,3,7,1,7
20161332K1439,1,9,0,18,0,8,0,0,0,0,1,1,6,1,28,6,2480,1,4,3,1,3
20161332K1439,2,9,0,5,0,6,0,0,1,0,1,1,6,2,26,6,1197,1,1,1,1,1
20161332L0202,1,9,0,18,0,0,0,0,0,0,1,1,6,3,-1,-1,1248,2,7,5,1,5
20161332L0252,1,19,0,18,0,0,0,0,0,0,1,1,6,1,-1,-1,-1,-1,-1,-1,-1,-1
20161332L0252,2,8,0,2,0,0,0,0,0,0,0,1,1,1,38,7,-1,-1,-1,5,1,5
20161332L0367,1,9,0,18,0,8,0,0,0,0,1,1,2,1,25,5,1587,1,9,5,1,5
20161332L0367,2,1,0,18,0,8,5,0,0,0,4,1,6,1,38,7,-1,-1,-1,7,1,7
20161332L0577,1,1,0,18,0,0,0,0,0,0,3,1,1,1,25,5,-1,-1,-1,6,1,6
20161332L0577,2,9,0,18,0,0,0,0,0,0,4,1,6,3,-1,-1,-1,-1,-1,-1,-1,-1
20161332L0653,1,9,0,9,0,8,0,0,0,0,1,1,6,1,26,6,1398,2,5,2,1,2
20161332L0653,2,9,0,18,0,8,0,0,0,0,3,1,6,1,37,7,1685,2,2,1,1,1
20161332L0696,1,9,0,18,0,0,0,0,0,0,1,1,6,1,21,5,1598,1,6,6,3,6
20161332L0696,2,9,0,18,0,0,0,0,0,0,2,1,6,1,53,8,1461,2,1,3,1,3
20161332L0696,3,9,0,18,0,0,0,0,0,0,2,1,6,1,28,6,1986,2,6,3,1,3
20161332L0822,1,9,0,18,0,0,0,0,0,0,1,1,6,2,20,4,1398,2,12,1,1,1
20161332L0822,2,9,0,4,0,0,0,0,0,0,2,1,6,1,55,8,1995,2,11,1,1,1
20161332L0860,1,9,0,18,0,1,0,0,0,0,1,1,6,1,22,5,1461,2,11,4,1,4
20161332L0860,2,9,0,5,0,7,0,0,0,0,1,1,6,1,52,8,1398,1,14,4,1,4
20161332L0860,3,9,0,2,0,1,0,0,0,0,1,1,6,3,-1,-1,1229,1,6,-1,-1,-1
20161332L0865,1,9,0,17,9,0,0,0,1,10,1,1,6,2,26,6,1388,1,12,1,1,1
20161332L0954,1,9,0,17,0,0,0,0,1,1,1,1,6,1,72,10,1596,1,10,6,1,6
20161332L1095,1,19,0,18,0,1,0,0,0,0,4,1,6,1,34,6,-1,-1,-1,2,1,2
20161332L1095,2,9,0,18,0,1,0,0,0,0,1,1,6,2,30,6,1598,1,13,5,1,5
20161332L1359,1,2,0,18,0,1,0,12,0,0,1,1,6,3,-1,-1,-1,-1,-1,-1,-1,-1
20161332M0175,1,9,0,18,0,0,0,0,0,0,1,1,6,1,54,8,2204,2,10,8,1,8
20161332M0175,2,9,0,18,0,0,0,0,0,0,1,1,6,1,41,7,1997,2,15,6,1,6
20161332M0175,3,19,0,4,0,0,0,0,0,0,2,1,1,1,42,7,2298,2,4,2,1,2
20161332M0227,1,9,0,18,0,8,0,0,0,0,1,1,6,1,60,9,1560,2,3,6,3,6
20161332M0227,2,9,0,3,0,8,0,0,0,0,2,1,6,2,35,6,1560,2,2,10,1,10
20161332M0227,3,9,0,3,0,8,0,0,0,0,2,1,6,1,46,8,1360,1,9,6,3,6
20161332M0237,1,19,0,18,0,7,0,0,0,0,2,1,1,1,43,7,2477,2,2,8,1,8
20161332M0237,2,9,0,18,0,7,0,0,0,0,1,1,6,1,-1,-1,2199,2,4,4,1,4
20161332M0294,1,9,0,9,0,0,0,0,0,0,0,1,2,2,69,10,1242,1,8,-1,-1,-1
20161332M0468,1,5,0,18,0,0,0,0,0,0,0,1,6,1,51,8,599,1,17,2,1,2
20161332M0494,1,9,0,18,0,0,0,0,0,0,1,1,6,1,21,5,1598,1,2,-1,-1,-1
20161332M0494,2,9,0,4,0,0,0,0,0,0,2,1,6,1,44,7,1685,2,-1,5,1,5
20161332M1006,1,9,0,9,0,6,0,4,0,0,1,1,6,1,22,5,1995,2,10,8,1,8
20161332M1006,2,9,0,18,0,1,0,4,0,0,1,1,6,1,33,6,1995,2,6,1,1,1
20161332M1006,3,9,0,2,0,8,0,0,0,0,3,1,6,2,31,6,1598,1,9,2,1,2
20161332M1006,4,9,0,2,0,8,0,0,0,0,4,1,6,2,30,6,1198,1,14,7,1,7
20161332M1007,1,5,0,7,0,0,0,0,0,0,1,1,6,1,44,7,598,1,20,3,3,3
20161332M1007,2,9,0,9,0,0,0,0,0,0,3,1,6,2,52,8,1360,1,13,1,2,1
20161332M1007,3,9,0,9,0,0,0,0,0,0,1,1,6,1,28,6,998,1,1,7,1,7
20161332M1163,1,9,0,18,0,0,0,11,0,0,4,1,6,1,47,8,1686,2,12,3,1,3
20161332M1174,1,5,0,18,0,0,1,0,0,0,0,1,6,1,41,7,248,1,27,1,1,1
20161332M1187,1,9,0,18,0,1,0,0,0,0,1,1,6,1,29,6,1896,2,14,3,1,3
20161332M1187,2,9,0,18,0,1,0,0,0,0,3,1,6,1,24,5,1500,1,14,1,1,1
20161332M1187,3,9,0,7,0,1,0,0,0,0,1,1,6,2,38,7,1461,2,1,1,1,1
20161332M1321,1,19,0,18,0,0,0,0,0,0,1,1,6,1,28,6,2143,2,2,2,1,2
20161332M1321,2,8,0,18,0,0,0,0,0,0,2,1,6,1,50,8,1560,2,6,2,1,2
20161332M1321,3,9,0,18,0,0,0,0,0,0,2,1,6,1,-1,-1,1248,2,8,1,1,1
20161332M1436,1,9,0,9,0,6,0,0,0,0,1,1,6,1,23,5,1197,1,2,10,1,10
20161332M1436,2,9,0,18,0,8,0,0,1,11,1,1,6,2,23,5,1364,1,7,1,1,1
20161332M1436,3,9,0,2,0,2,0,0,0,0,2,1,6,1,-1,-1,2198,1,11,-1,-1,-1
20161332M1436,4,9,0,2,0,2,0,0,0,0,2,1,6,1,-1,-1,1590,1,12,-1,-1,-1
20161332M1445,1,9,0,2,0,0,0,0,0,11,1,1,6,3,-1,-1,1995,1,12,-1,-1,-1
20161332M1603,1,9,0,18,0,0,0,0,0,0,4,1,6,2,71,10,1206,1,5,7,1,7
20161332M1697,1,9,0,18,0,2,0,0,0,0,0,1,6,3,-1,-1,-1,-1,-1,-1,-1,-1
20161332M1697,2,9,0,17,0,2,0,0,1,11,1,1,1,1,28,6,1598,2,1,-1,-1,-1
20161332N0241,1,19,0,17,0,0,0,0,0,0,1,1,1,1,37,7,1560,2,5,5,1,5
20161332N0241,2,19,0,2,0,0,0,0,0,0,2,1,6,1,54,8,1998,2,13,1,1,1
20161332N0513,1,9,0,1,0,0,0,0,0,0,2,1,6,1,85,11,1598,1,12,9,1,9
20161332N0519,1,9,0,9,0,8,0,0,0,0,3,1,6,1,83,11,-1,-1,-1,1,1,1
20161332N0519,2,9,0,18,0,1,0,0,0,0,4,1,6,1,30,6,1896,2,8,4,1,4
20161332N0682,1,19,0,18,0,0,5,0,1,1,1,1,6,1,64,9,1870,2,12,6,1,6
20161332N0706,1,21,0,18,0,0,0,0,0,0,4,1,1,1,60,9,11705,2,8,4,1,4
20161332N0764,1,9,0,7,0,5,0,0,0,0,2,1,6,2,44,7,1368,1,5,2,1,2
20161332N0764,2,19,0,18,0,1,0,0,0,0,1,1,1,1,38,7,-1,-1,-1,4,1,4
20161332N0768,1,19,0,14,0,1,0,0,0,0,1,1,1,1,31,6,2198,2,1,5,1,5
20161332N1052,1,9,0,18,0,0,0,0,0,0,3,1,2,2,52,8,1598,1,9,8,1,8
20161332N1055,1,20,0,18,0,7,0,0,0,0,3,1,6,1,-1,-1,11970,2,10,3,1,3
20161332N1055,2,9,0,18,0,7,0,0,7,0,4,1,6,1,43,7,1560,2,3,5,2,5
20161332N1415,1,8,0,4,6,0,0,0,1,10,1,1,1,1,61,9,1598,2,1,9,1,9
20161332N1427,1,9,0,5,0,6,0,0,0,0,3,1,6,1,37,7,998,1,15,3,1,3
20161332N1427,2,9,0,18,0,8,0,0,1,1,0,1,6,1,22,5,1984,1,8,1,1,1
20161332O0215,1,8,0,18,0,1,0,0,0,0,1,1,1,1,30,6,1797,8,6,1,1,1
20161332O0239,1,9,0,17,0,0,0,11,0,0,4,1,3,2,26,6,1998,1,1,2,1,2
20161332O0253,1,9,0,18,0,0,0,0,0,0,1,1,6,2,55,8,996,1,5,8,1,8
20161332O0253,2,1,0,18,0,0,0,0,0,0,2,1,6,1,63,9,-1,-1,-1,9,3,9
20161332O0256,1,9,0,9,0,6,0,0,0,0,1,1,6,2,37,7,2987,2,10,7,1,7
20161332O0256,2,3,0,18,0,8,5,0,7,0,4,1,1,1,21,5,124,1,1,4,1,4
20161332O0462,1,19,0,12,0,0,2,0,4,6,3,1,6,1,50,8,1998,2,15,-1,-1,-1
20161332O0462,2,21,0,18,0,0,0,0,0,0,1,1,1,1,49,8,12900,2,4,1,1,1
20161332O0462,3,9,0,18,0,0,0,0,0,0,3,1,6,1,52,8,1598,1,15,1,1,1
20161332O0511,1,9,0,9,0,1,0,0,0,0,1,1,6,2,54,8,1598,1,8,9,2,9
20161332O0511,2,1,0,18,0,1,0,0,0,0,1,1,6,2,45,7,-1,-1,-1,10,2,10
20161332O0549,1,11,0,18,0,1,0,0,0,0,4,1,1,3,-1,-1,-1,-1,-1,-1,-1,-1
20161332O0579,1,3,0,13,0,8,0,0,0,0,1,1,6,1,26,6,124,1,7,3,1,3
20161332O0579,2,9,0,9,0,5,0,0,0,0,3,1,6,1,75,10,875,1,2,2,1,2
20161332O0588,1,19,0,7,0,0,0,0,0,0,1,1,1,1,42,7,2198,2,1,1,1,1
20161332O0588,2,9,0,18,0,0,0,0,0,0,4,1,6,2,35,6,1560,2,1,-1,-1,-1
20161332O0727,1,9,0,7,0,8,0,0,0,0,1,1,6,1,84,11,1598,1,8,2,1,2
20161332O0727,2,8,0,18,0,8,0,0,0,0,4,1,1,2,39,7,1598,2,3,5,1,5
20161332O0900,1,9,0,7,0,1,0,0,0,0,1,1,6,1,36,7,1390,1,13,3,1,3
20161332O0900,2,9,0,7,0,1,0,0,0,0,2,1,6,1,24,5,1198,1,5,1,1,1
20161332O0939,1,9,0,18,0,0,0,0,0,0,1,1,6,1,39,7,1968,2,3,3,1,3
20161332O0939,2,5,0,5,0,0,0,0,0,0,3,1,6,1,63,9,-1,-1,-1,8,1,8
20161332O1017,1,9,0,9,0,6,0,11,0,0,1,1,6,1,40,7,1800,1,11,8,1,8
20161332O1518,1,9,0,9,0,8,0,0,0,0,1,1,6,1,25,5,2143,2,4,1,1,1
20161332O1518,2,9,0,18,0,8,0,0,0,0,1,1,6,1,24,5,1298,1,14,1,1,1
20161332O1529,1,9,0,18,0,6,0,0,0,0,4,1,6,2,39,7,1896,2,15,4,1,4
20161332P0090,1,9,0,18,0,0,0,0,0,0,0,1,6,1,18,4,1248,2,10,5,1,5
20161332P0195,1,9,0,17,0,0,2,0,1,4,1,1,2,2,22,5,1461,2,7,1,1,1
20161332P0209,1,9,0,18,0,0,0,0,0,0,3,1,2,1,23,5,1368,1,8,10,1,10
20161332P0209,2,21,0,18,0,0,0,0,0,0,4,1,1,1,58,9,6870,2,9,-1,-1,-1
20161332P0209,3,9,0,18,0,0,0,0,0,0,4,1,2,1,45,7,1560,2,3,7,1,7
20161332P0209,4,19,0,4,0,0,0,0,0,0,2,1,2,1,42,7,1598,2,1,7,1,7
20161332P0245,1,19,0,9,0,8,0,0,0,0,4,1,6,1,31,6,2402,2,11,3,1,3
20161332P0245,2,1,0,18,2,8,0,0,0,0,1,1,6,1,47,8,-1,-1,-1,5,3,5
20161332P0293,1,8,0,18,0,0,0,0,0,0,1,1,1,1,35,6,1995,2,9,3,1,3
20161332P0293,2,9,0,3,0,0,0,0,0,0,2,1,2,2,33,6,1390,1,3,6,1,6
20161332P0302,1,9,0,9,0,8,0,0,0,0,4,1,6,1,72,10,1686,2,5,8,1,8
20161332P0302,2,19,0,3,0,1,0,0,0,0,0,1,6,3,-1,-1,-1,-1,-1,-1,-1,-1
20161332P0302,3,9,0,14,0,1,0,0,0,0,3,1,1,1,31,6,2231,2,9,5,1,5
20161332P0331,1,9,0,3,0,8,0,0,0,0,2,1,6,1,23,5,1329,1,3,6,1,6
20161332P0331,2,9,0,18,0,8,0,0,0,0,1,1,6,1,31,6,1598,2,2,7,1,7
20161332P0348,1,9,0,5,0,0,0,0,0,0,1,1,6,1,24,5,1242,1,14,2,1,2
20161332P0348,2,9,0,18,0,0,0,0,0,0,4,1,6,1,22,5,1328,1,11,4,1,4
20161332P0359,1,9,0,18,0,0,0,0,0,0,1,1,1,1,38,7,-1,-1,-1,-1,-1,-1
20161332P0359,2,9,0,18,0,0,0,0,0,0,2,1,6,2,33,6,1796,1,17,-1,-1,-1
20161332P0407,1,9,0,18,0,0,0,0,0,0,1,1,6,1,29,6,1390,1,6,-1,-1,-1
20161332P0407,2,9,0,3,0,0,0,0,0,0,2,1,2,2,37,7,-1,-1,-1,-1,-1,-1
20161332P0412,1,9,0,7,0,5,0,0,0,0,3,1,6,3,-1,-1,1598,1,13,-1,-1,-1
20161332P0412,2,9,0,10,0,1,0,0,0,0,3,1,6,2,26,6,1461,2,1,1,1,1
20161332P0435,1,9,0,9,0,5,0,0,0,0,4,1,6,1,53,8,1398,2,2,8,3,8
20161332P0435,2,1,0,17,0,1,0,0,0,0,1,1,6,2,49,8,-1,-1,-1,10,1,10
20161332P0444,1,9,0,9,0,8,0,0,0,0,1,1,6,2,38,7,1796,1,9,-1,-1,-1
20161332P0444,2,1,0,18,0,8,5,0,0,0,1,1,6,1,43,7,-1,-1,-1,-1,-1,-1
20161332P0482,1,19,0,9,0,6,1,0,0,0,1,1,1,1,50,8,2295,1,15,5,1,5
20161332P0482,2,19,0,18,0,8,1,0,0,0,4,1,1,1,49,8,2198,2,9,-1,-1,-1