Accident_Index,Vehicle_Reference,Vehicle_Type,Towing_and_Articulation,Vehicle_Manoeuvre,Vehicle_Location-Restricted_Lane,Junction_Location,Skidding_and_Overturning,Hit_Object_in_Carriageway,Vehicle_Leaving_Carriageway,Hit_Object_off_Carriageway,1st_Point_of_Impact,Was_Vehicle_Left_Hand_Drive?,Journey_Purpose_of_Driver,Sex_of_Driver,Age_of_Driver,Age_Band_of_Driver,Engine_Capacity_(CC),Propulsion_Code,Age_of_Vehicle,Driver_IMD_Decile,Driver_Home_Area_Type,Vehicle_IMD_Decile
20161333H0962,1,9,0,18,0,0,0,0,0,0,1,1,1,1,51,8,1995,2,9,8,1,8
20161333H0962,2,9,0,18,0,0,0,0,0,0,2,1,1,1,46,8,2995,8,1,6,3,6
20161333H0999,1,4,0,9,0,6,0,0,0,0,3,1,6,1,50,8,598,1,21,-1,-1,-1
20161333H0999,2,9,0,9,0,6,0,0,0,0,1,1,6,1,39,7,3982,1,21,1,1,1
20161333H1024,1,9,0,7,0,1,0,0,0,0,4,1,6,1,59,9,1999,1,1,2,1,2
20161333H1024,2,1,0,18,0,1,5,0,0,0,1,1,6,1,36,7,-1,-1,-1,2,1,2
20161333H1036,1,9,0,18,0,0,1,1,0,0,1,1,6,1,37,7,1968,2,-1,8,1,8
20161333H1036,2,9,0,18,0,0,1,1,4,6,2,1,6,2,40,7,1461,2,2,-1,-1,-1
20161333H1036,3,9,0,18,0,0,1,1,0,0,1,1,6,1,30,6,1968,2,11,4,1,4
20161333H1036,4,9,0,18,0,0,0,0,0,0,2,1,6,1,38,7,1896,2,12,7,1,7
20161333H1138,1,9,0,18,0,1,0,0,0,0,1,1,6,2,26,6,1968,2,7,2,1,2
20161333H1138,2,9,0,7,0,5,0,0,0,0,2,1,6,1,56,9,-1,-1,-1,3,1,3
20161333H1429,1,9,0,18,0,8,0,0,0,0,1,1,6,3,-1,-1,1596,1,14,-1,-1,-1
20161333H1429,2,9,0,18,0,8,0,0,0,0,4,1,6,2,24,5,1248,2,13,10,2,10
20161333H1636,1,9,0,18,0,0,0,0,0,0,1,1,6,2,-1,-1,-1,-1,-1,-1,-1,-1
20161333H1767,1,9,0,18,0,1,0,0,0,0,1,1,6,2,21,5,998,1,11,9,3,9
20161333H1767,2,9,0,18,0,1,0,0,0,0,3,1,6,1,56,9,2835,2,16,8,1,8
20161333I0181,1,19,0,16,0,0,1,0,1,11,1,1,6,3,-1,-1,1248,2,12,-1,-1,-1
20161333I0208,1,9,0,9,0,1,0,0,0,0,0,1,6,1,35,6,1796,1,11,1,1,1
20161333I0208,2,4,0,18,0,1,2,0,0,0,0,1,6,1,42,7,689,1,1,9,1,9
20161333I0377,1,9,0,18,0,0,0,0,0,0,1,1,6,2,21,5,1560,2,4,1,1,1
20161333I0377,2,9,0,12,0,0,0,0,0,0,2,1,6,2,-1,-1,-1,-1,-1,-1,-1,-1
20161333I0420,1,9,0,9,0,8,0,0,0,0,1,1,6,1,73,10,1339,1,2,2,1,2
20161333I0926,1,9,0,18,0,1,0,0,0,0,1,1,6,1,45,7,1499,2,1,6,1,6
20161333I0926,2,9,0,7,0,1,0,0,0,0,2,1,6,2,51,8,1998,2,11,6,3,6
20161333I0967,1,8,0,5,0,0,0,0,0,0,1,1,1,1,58,9,1896,2,9,1,1,1
20161333I0967,2,9,0,3,0,0,0,0,0,0,2,1,6,1,59,9,1686,2,5,1,1,1
20161333I1052,1,3,0,18,0,8,0,0,0,0,1,1,6,1,22,5,124,1,5,2,1,2
20161333I1052,2,9,0,18,0,8,0,0,0,0,4,1,6,1,52,8,1796,1,17,9,1,9
20161333I1282,1,9,0,18,0,8,0,0,0,0,1,1,2,1,19,4,1910,2,8,2,1,2
20161333I1282,2,20,0,18,0,8,0,0,0,0,4,1,2,1,55,8,-1,-1,-1,3,2,3
20161333I1282,3,9,0,18,0,8,0,0,0,0,2,1,2,1,34,6,1968,2,4,10,1,10
20161333I1529,1,5,0,18,0,1,0,0,0,0,1,1,6,3,-1,-1,583,1,16,-1,-1,-1
20161333I1529,2,9,0,9,0,6,0,0,0,0,3,1,2,2,37,7,1598,1,13,1,1,1
20161333I1746,1,9,0,1,0,0,0,0,0,0,2,1,6,3,-1,-1,-1,-1,-1,-1,-1,-1
20161333I1746,2,8,0,2,0,0,0,0,0,0,1,1,1,1,51,8,-1,-1,-1,1,1,1
20161333J0166,1,9,0,9,0,8,0,0,0,0,3,1,6,1,43,7,998,1,12,1,1,1
20161333J0166,2,9,0,18,0,8,0,0,0,0,4,1,6,3,-1,-1,-1,-1,-1,-1,-1,-1
20161333J0282,1,9,0,18,0,0,0,0,0,0,1,1,6,2,22,5,998,1,-1,10,1,10
20161333J0282,2,21,5,18,0,0,0,0,0,0,2,1,2,1,40,7,6374,2,3,10,2,10
20161333J0580,1,9,0,1,0,0,0,0,0,0,2,1,6,1,69,10,1560,2,10,4,1,4
20161333J0593,1,9,0,17,0,8,0,0,0,0,3,1,6,1,23,5,1461,2,-1,1,1,1
20161333J0593,2,9,0,17,0,8,0,0,0,0,4,1,1,1,31,6,1896,2,13,1,1,1
20161333J0659,1,9,0,18,0,4,0,0,0,0,1,1,6,1,27,6,2400,2,6,2,1,2
20161333J0659,2,19,0,6,0,8,0,0,0,0,3,1,1,1,41,7,2143,2,6,3,1,3
20161333J0779,1,9,0,12,0,0,0,0,0,0,0,1,2,2,21,5,1798,8,1,4,1,4
20161333J0779,2,9,0,18,0,0,1,0,2,11,1,1,6,2,34,6,1560,2,2,7,3,7
20161333J0801,1,9,0,18,0,8,0,0,0,0,1,1,6,1,88,11,1360,1,12,5,1,5
20161333J0801,2,9,0,18,0,8,0,0,1,11,3,1,6,1,28,6,1956,2,3,9,3,9
20161333J0824,1,9,0,18,0,0,0,0,0,0,4,1,6,2,29,6,1240,1,10,1,1,1
20161333J0896,1,9,0,18,0,0,5,0,0,0,1,1,6,2,63,9,1995,2,3,9,1,9
20161333J0896,2,9,0,2,0,0,0,0,0,0,3,1,6,2,75,10,1240,1,9,9,1,9
20161333J1051,1,11,0,18,0,0,0,0,0,0,0,1,1,1,36,7,6692,2,4,5,1,5
20161333J1240,1,9,0,7,0,5,5,0,0,0,1,1,6,2,24,5,1388,1,4,-1,-1,-1
20161333J1371,1,9,0,18,0,0,0,0,0,0,1,1,6,1,72,10,1998,2,9,-1,-1,-1
20161333J1371,2,9,0,18,0,0,0,0,0,2,1,1,6,1,21,5,1968,2,8,-1,-1,-1
20161333J1371,3,19,0,2,0,0,0,0,0,0,2,1,6,1,66,10,2198,2,5,-1,-1,-1
20161333J1382,1,9,0,5,0,8,0,0,0,0,1,1,6,2,35,6,1461,2,1,-1,-1,-1
20161333J1691,1,9,0,18,0,1,0,0,0,0,4,1,6,1,22,5,1368,1,7,8,1,8
20161333J1691,2,9,0,18,0,1,0,0,0,0,1,1,1,1,48,8,1598,2,4,5,1,5
20161333K0227,1,9,0,9,0,5,1,0,1,11,1,1,6,1,23,5,1590,1,20,2,1,2
20161333K0386,1,9,0,7,0,4,0,0,0,0,1,1,6,1,45,7,2987,2,4,10,1,10
20161333K0386,2,1,0,18,0,8,0,0,0,0,4,1,6,1,45,7,-1,-1,-1,2,1,2
20161333K0625,1,9,0,9,0,8,0,0,0,0,1,1,6,2,50,8,1596,1,12,4,1,4
20161333K0625,2,9,0,18,0,8,0,0,1,10,1,1,6,1,44,7,1242,1,12,7,1,7
20161333K0810,1,8,0,18,0,8,0,0,0,0,1,1,1,1,35,6,1560,2,7,5,1,5
20161333K0810,2,9,0,4,0,8,0,0,0,0,2,1,6,2,28,6,1386,1,8,-1,-1,-1
20161333K0914,1,9,0,18,0,0,1,0,4,6,1,1,6,1,17,4,1229,1,9,5,2,5
20161333K0934,1,9,0,18,0,8,0,0,0,0,1,1,6,1,19,4,1242,1,1,4,1,4
20161333K0934,2,9,0,5,0,8,0,0,0,0,1,1,6,1,79,11,2199,2,6,7,1,7
20161333K0988,1,5,0,7,0,4,2,0,0,0,4,1,6,1,60,9,998,1,5,-1,-1,-1
20161333K1011,1,9,0,18,0,0,0,0,0,0,1,1,6,1,30,6,1422,2,13,3,1,3
20161333K1011,2,9,0,18,0,0,0,0,0,0,1,1,6,1,49,8,3993,1,1,1,1,1
20161333K1104,1,9,0,18,0,0,0,0,0,0,3,1,6,1,24,5,1596,1,4,-1,-1,-1
20161333K1104,2,9,0,18,0,0,0,0,0,0,3,1,6,2,31,6,1998,2,10,-1,-1,-1
20161333K1104,3,9,0,18,0,0,0,0,0,0,3,1,6,2,43,7,1896,2,12,-1,-1,-1
20161333K1265,1,9,0,13,0,1,0,0,0,0,1,1,6,1,21,5,1991,1,3,6,1,6
20161333K1265,2,9,0,18,0,1,0,0,0,0,1,1,6,2,21,5,998,1,11,3,1,3
20161333K1466,1,9,0,18,0,8,0,0,0,0,3,1,6,1,48,8,1598,1,9,2,1,2
20161333K1466,2,9,0,9,0,8,0,0,0,0,1,1,6,1,22,5,1598,1,6,4,1,4
20161333K1512,1,9,0,9,0,6,0,0,0,0,1,1,6,1,39,7,1968,2,5,7,1,7
20161333K1512,2,3,0,18,0,1,0,0,0,0,1,1,6,1,31,6,125,1,15,2,1,2
20161333L0014,1,9,0,18,0,0,0,0,0,0,3,1,6,1,-1,-1,1560,2,6,-1,-1,-1
20161333L0014,2,9,0,18,0,0,0,0,0,0,4,1,1,1,51,8,2993,2,-1,1,1,1
20161333L0246,1,11,0,18,0,0,0,0,0,0,0,1,1,1,47,8,6692,2,4,3,1,3
20161333L0253,1,9,0,18,0,0,0,0,0,0,1,1,2,1,28,6,1149,1,12,1,1,1
20161333L0253,2,9,0,18,0,0,0,0,0,0,1,1,6,2,64,9,3200,2,10,7,1,7
20161333L0261,1,9,0,14,0,0,0,0,0,0,1,1,3,2,36,7,1398,1,15,-1,-1,-1
20161333L0442,1,11,0,18,0,8,0,0,0,0,0,1,1,1,44,7,9360,2,4,1,1,1
20161333L0636,1,9,0,4,0,6,0,0,0,0,1,1,6,1,25,5,1199,1,15,8,1,8
20161333L0641,1,9,0,18,0,0,0,0,0,0,3,1,6,3,-1,-1,-1,-1,-1,-1,-1,-1
20161333L0830,1,9,0,7,0,5,0,0,0,0,2,1,6,1,19,4,1296,1,8,4,1,4
20161333L0830,2,1,0,18,0,8,2,0,0,0,1,1,6,1,45,7,-1,-1,-1,2,1,2
20161333L1219,1,9,0,5,0,8,0,0,0,0,4,1,6,2,-1,-1,1596,1,4,9,1,9
20161333L1219,2,1,0,17,0,8,5,0,0,0,1,1,6,1,41,7,-1,-1,-1,7,1,7
20161333L1322,1,9,0,9,0,6,0,0,0,0,1,1,6,2,27,6,1364,2,9,-1,-1,-1
20161333L1322,2,9,0,18,0,1,0,0,0,0,4,1,6,2,33,6,2148,2,8,1,1,1
20161333L1336,1,9,0,18,0,0,0,0,0,0,3,1,6,1,63,9,1398,1,14,-1,-1,-1
20161333L1347,1,9,0,3,0,1,0,0,0,0,2,1,6,1,38,7,2000,2,9,1,1,1
20161333L1347,2,9,0,18,0,1,0,0,0,0,1,1,6,1,-1,-1,1596,1,10,5,1,5
20161333L1461,1,9,0,18,0,1,0,0,0,0,1,1,1,3,-1,-1,-1,-1,-1,-1,-1,-1
20161333M0028,1,9,0,17,0,1,1,0,1,11,1,1,6,1,17,4,1975,1,16,1,1,1
20161333M0196,1,9,0,18,0,8,0,0,0,11,3,1,6,2,39,7,1596,1,8,1,1,1
20161333M0196,2,9,0,18,0,8,0,0,0,0,1,1,6,2,31,6,1685,2,1,1,1,1
20161333M0782,1,9,0,3,0,0,0,0,0,0,2,1,6,2,23,5,1598,2,1,1,1,1
20161333M0782,2,9,0,18,0,0,0,0,0,0,1,1,6,1,77,11,1242,1,2,1,1,1
20161333M0876,1,9,0,18,0,0,0,0,0,0,4,1,6,1,65,9,1364,1,1,3,2,3
20161333M1152,1,5,0,13,0,0,1,0,0,0,1,1,2,1,36,7,-1,-1,-1,3,1,3
20161333M1152,2,8,0,18,0,0,0,0,0,0,2,1,2,2,45,7,1490,1,11,6,3,6
20161333M1152,3,8,0,18,0,0,1,0,0,0,1,1,6,1,25,5,-1,-1,-1,-1,-1,-1
20161333M1183,1,9,0,18,0,0,0,0,0,0,1,1,6,2,32,6,998,1,4,9,1,9
20161333M1230,1,9,0,18,0,0,0,0,0,0,1,1,6,2,67,10,1956,2,4,5,2,5
20161333M1230,2,11,0,2,0,0,0,0,0,0,0,1,6,3,32,6,-1,-1,-1,-1,-1,-1
20161333M1230,3,11,0,2,0,0,0,0,0,0,0,1,6,3,29,6,-1,-1,-1,-1,-1,-1
20161333M1252,1,9,0,13,0,0,0,0,0,0,4,1,6,1,30,6,1984,1,6,2,1,2
20161333M1252,2,9,0,18,0,0,0,0,0,0,3,1,6,2,38,7,973,1,14,7,3,7
20161333M1254,1,9,0,18,0,1,0,0,0,0,1,1,6,2,40,7,1997,2,17,3,1,3
20161333M1254,2,9,0,7,0,1,0,0,0,0,1,1,6,1,29,6,1560,2,11,3,1,3
20161333M1474,1,9,0,18,0,0,0,0,0,0,1,1,6,2,20,4,1299,1,14,1,1,1
20161333M1625,1,9,0,18,0,0,0,0,0,0,0,1,6,1,62,9,1769,1,14,1,1,1
20161333N0519,1,9,0,10,0,1,0,0,0,0,1,1,6,2,27,6,1995,2,4,3,2,3
20161333N0519,2,9,0,18,0,1,0,0,7,11,0,1,6,1,37,7,1796,1,9,5,1,5
20161333N0519,3,9,0,8,0,1,0,0,0,0,0,1,6,1,45,7,1198,1,10,-1,-1,-1
20161333N0965,1,5,0,18,0,3,2,0,5,6,1,1,2,1,43,7,1157,1,17,10,1,10
20161333N1069,1,9,0,18,0,0,0,0,0,0,1,1,6,1,79,11,1398,1,13,3,1,3
20161333N1069,2,9,0,6,0,0,0,0,0,0,3,1,6,3,-1,-1,1598,2,1,-1,-1,-1
20161333N1299,1,19,0,18,0,2,0,0,0,0,1,1,1,1,46,8,1560,2,7,10,2,10
20161333N1299,2,22,0,3,9,1,0,0,0,0,3,1,6,1,44,7,-1,-1,-1,8,2,8
20161333N1424,1,9,0,5,0,0,0,0,0,0,1,1,6,2,33,6,1799,1,9,1,1,1
20161333N1424,2,11,0,18,0,0,0,0,0,0,4,1,1,1,51,8,6696,2,2,4,1,4
20161333N1530,1,9,0,18,0,8,0,0,0,0,1,1,6,1,32,6,1598,2,2,4,1,4
20161333N1530,2,9,0,18,0,8,0,0,0,0,4,1,6,1,19,4,1598,1,12,1,1,1
20161333N1530,3,9,0,3,0,1,0,0,0,0,1,1,6,1,43,7,2179,2,12,2,1,2
20161333N1601,1,3,0,18,0,8,0,0,0,0,0,1,6,1,20,4,124,1,6,4,1,4
20161333O0032,1,9,0,2,0,0,0,0,0,0,2,1,6,1,34,6,1560,2,10,1,1,1
20161333O0032,2,9,0,18,0,0,0,0,0,0,1,1,6,3,-1,-1,1900,2,10,-1,-1,-1
20161333O0214,1,9,0,17,0,0,1,0,2,11,1,1,6,2,27,6,1198,1,3,4,1,4
20161333O0387,1,19,0,18,0,0,0,0,0,0,1,1,1,1,25,5,2143,2,5,4,1,4
20161333O0387,2,9,0,3,0,0,0,0,0,0,2,1,6,1,52,8,1868,2,12,7,3,7
20161333O0387,3,9,0,3,0,0,0,0,0,0,2,1,6,1,59,9,1910,2,9,2,1,2
20161333O0587,1,19,0,17,0,0,0,0,0,0,4,1,6,1,69,10,2499,2,1,7,3,7
20161333O0677,1,3,0,18,0,1,5,0,0,0,0,1,6,1,43,7,124,1,-1,8,3,8
20161333O0912,1,9,0,18,0,1,0,0,0,0,1,1,6,1,18,4,1086,1,12,3,1,3
20161333O0912,2,9,0,10,0,1,0,0,0,0,2,1,6,2,78,11,1086,1,11,2,1,2
20161333O0912,3,19,0,18,0,1,0,0,0,0,1,1,1,1,35,6,1998,2,11,7,1,7
20161333O0955,1,9,0,14,0,0,0,0,0,0,4,1,6,2,76,11,-1,-1,-1,6,3,6
20161333O1052,1,9,0,18,0,1,0,0,0,10,1,1,6,1,18,4,1598,2,1,1,1,1
20161333O1052,2,9,0,9,0,8,0,0,0,0,3,1,6,1,44,7,1686,2,10,3,1,3
20161333O1186,1,1,0,18,0,1,0,0,0,0,1,1,6,1,49,8,-1,-1,-1,7,1,7
20161333O1186,2,9,0,18,0,1,0,0,0,0,0,1,6,1,47,8,-1,-1,-1,5,1,5
20161333O1186,3,9,0,10,0,1,0,0,0,0,4,1,6,2,29,6,2993,2,3,4,1,4
20161333O1247,1,9,0,18,0,2,0,0,0,0,0,1,6,2,51,8,1242,1,6,7,1,7
20161333O1266,1,9,0,9,0,6,0,0,0,0,3,1,6,2,66,10,1368,1,4,1,1,1
20161333O1266,2,4,0,14,0,8,0,0,0,0,1,1,6,1,49,8,248,1,3,3,1,3
20161333O1560,1,9,0,10,0,8,0,0,0,0,4,1,6,1,36,7,1422,2,1,-1,-1,-1
20161333O1560,2,1,0,18,0,8,5,0,0,0,1,1,6,1,15,3,-1,-1,-1,6,1,6
20161333P0349,1,9,0,7,0,8,0,0,0,0,1,1,1,1,47,8,-1,-1,-1,7,1,7
20161333P0349,2,1,0,18,0,8,5,0,0,0,4,1,2,1,50,8,-1,-1,-1,3,1,3
20161333P0429,1,9,0,4,0,0,0,0,0,0,2,1,6,1,31,6,1968,2,-1,10,3,10
20161333P0429,2,9,0,4,0,0,0,0,0,0,1,1,6,1,47,8,2204,2,9,5,1,5
20161333P0429,3,9,0,4,0,0,0,0,0,0,1,1,6,2,37,7,1360,1,13,7,1,7
20161333P0429,4,9,0,4,0,0,0,0,0,0,0,1,6,3,20,4,-1,-1,-1,-1,-1,-1
20161333P0449,1,19,0,3,0,0,0,0,0,0,2,1,6,1,66,10,2299,2,1,3,1,3
20161333P0449,2,9,0,3,0,0,0,0,0,0,2,1,6,1,64,9,1560,2,3,6,3,6
20161333P0449,3,19,0,4,0,0,0,0,0,0,1,1,6,1,42,7,2998,2,1,3,1,3
20161333P0657,1,9,0,4,0,0,0,0,0,0,2,1,6,1,27,6,1598,1,9,9,3,9
20161333P0657,2,9,0,4,0,0,0,0,0,0,1,1,6,1,23,5,1497,1,15,1,1,1
20161333P0657,3,9,0,4,0,0,0,0,0,0,1,1,6,1,64,9,1598,1,9,3,1,3
20161333P0657,4,9,0,4,0,0,0,0,4,0,1,1,6,2,34,6,1598,1,5,2,1,2
20161333P0712,1,9,0,18,0,0,0,0,0,0,1,1,6,1,26,6,996,1,4,10,1,10
20161333P0712,2,9,0,18,0,0,0,0,0,0,2,1,6,1,50,8,1390,1,4,5,1,5
20161333P0739,1,9,0,18,0,8,0,0,0,0,1,1,6,2,25,5,1242,1,5,3,2,3
20161333P0739,2,9,0,5,0,6,0,0,0,0,3,1,6,2,22,5,1149,1,9,2,1,2
20161333P0920,1,8,0,18,0,1,0,0,0,0,1,1,6,1,-1,-1,-1,-1,-1,-1,-1,-1
20161333P0920,2,9,0,18,0,1,0,0,0,0,2,1,6,1,28,6,1390,1,7,6,1,6
20161333P0954,1,9,0,17,0,8,0,0,0,0,1,1,6,3,-1,-1,2497,2,11,-1,-1,-1
20161333P0954,2,9,0,17,0,8,0,0,0,0,1,1,6,2,59,9,1329,1,7,8,1,8
20161333P1048,1,5,0,18,0,1,1,0,0,11,1,1,6,1,67,10,1745,1,-1,5,1,5
20161333P1177,1,9,0,18,0,1,0,0,0,0,1,1,6,1,79,11,1149,1,5,1,1,1
20161333P1177,2,9,0,7,0,1,0,0,0,0,1,1,6,3,-1,-1,-1,-1,-1,-1,-1,-1
20161333P1342,1,9,0,18,0,8,0,0,0,0,1,1,6,2,32,6,1796,1,15,1,1,1
20161333P1342,2,9,0,5,0,8,0,0,0,0,3,1,6,2,28,6,1339,1,9,8,1,8
20161333P1628,1,3,0,18,0,0,1,0,1,11,1,1,6,1,23,5,125,1,1,7,1,7
20161333P1628,2,9,0,18,0,0,0,0,0,0,0,1,6,3,-1,-1,-1,-1,-1,-1,-1,-1
20161333P1762,1,8,0,18,0,1,0,0,0,0,1,1,1,1,36,7,1598,2,7,3,1,3
20161333P1762,2,9,0,18,0,1,0,0,0,0,1,1,6,1,20,4,1686,2,9,1,1,1
20161333P1793,1,9,0,4,0,0,0,0,0,0,1,1,6,1,22,5,1968,2,3,4,1,4
20161333P1793,2,9,0,3,0,0,0,0,0,0,2,1,6,2,22,5,1242,1,3,8,2,8
20161333P1793,3,9,0,3,0,0,0,0,0,0,2,1,6,2,37,7,1560,2,5,9,2,9
20161333Q0181,1,9,0,1,0,0,0,0,0,0,2,1,1,1,-1,-1,-1,-1,-1,-1,-1,-1
20161333Q0521,1,5,0,16,0,0,0,0,0,0,0,1,6,1,44,7,1050,1,9,-1,-1,-1
20161333Q0648,1,9,0,14,0,0,0,0,0,0,4,1,6,1,94,11,998,1,15,7,1,7
20161333Q0833,1,9,0,18,0,1,0,0,0,0,1,1,6,2,42,7,1896,2,12,7,1,7
20161333Q0833,2,9,0,18,0,1,0,0,0,0,2,1,6,1,22,5,2979,1,13,-1,-1,-1
20161333Q0914,1,9,0,9,0,8,0,0,0,0,3,1,6,1,83,11,998,1,5,4,2,4
20161333Q0914,2,9,0,18,0,8,0,0,0,0,1,1,6,1,34,6,1896,2,12,2,2,2
20161333Q0971,1,9,0,18,0,2,0,0,0,0,4,1,6,2,53,8,1390,1,12,8,2,8
20161333Q1029,1,9,0,18,0,0,5,6,3,0,1,1,6,1,30,6,998,1,4,-1,-1,-1
20161333Q1071,1,9,0,18,0,1,0,0,0,0,2,1,6,1,29,6,1390,1,11,5,1,5
20161333Q1071,2,9,0,18,0,1,0,0,0,0,1,1,6,1,30,6,1395,1,1,2,1,2
20161333Q1107,1,9,0,18,0,0,0,0,0,0,1,1,6,1,34,6,1598,2,2,6,2,6
20161333Q1189,1,9,0,13,0,8,1,0,1,11,4,1,6,1,25,5,1061,1,12,1,1,1
20161333Q1189,2,9,0,9,0,5,0,0,0,0,3,1,6,1,38,7,1368,1,4,5,1,5
20161333Q1208,1,9,0,18,0,0,0,0,2,7,1,1,6,1,27,6,1560,2,7,5,1,5
20161333Q1220,1,9,0,18,0,0,1,0,1,7,1,1,6,2,33,6,1598,2,2,1,1,1
20161333Q1443,1,9,0,18,0,0,0,0,0,0,0,1,1,2,25,5,1248,2,3,-1,-1,-1
20161333Q1443,2,9,0,18,0,0,0,0,0,0,1,1,6,1,-1,-1,1998,2,12,-1,-1,-1
20161333Q1443,3,9,0,18,0,0,0,0,0,0,1,1,6,1,31,6,1896,2,11,-1,-1,-1
20161333Q1443,4,9,0,2,0,0,0,0,0,0,4,1,6,1,-1,-1,1590,1,15,-1,-1,-1
20161333R0453,1,9,0,5,0,6,0,0,0,0,4,1,6,1,24,5,1229,1,9,1,1,1
20161333R0453,2,9,0,18,0,8,0,0,0,0,0,1,6,1,54,8,1997,2,12,1,1,1
20161333R0504,1,9,0,5,0,5,0,0,0,0,1,1,6,1,32,6,1582,2,5,4,1,4
20161333R0504,2,9,0,18,0,8,0,0,1,1,3,1,6,1,27,6,1794,1,11,3,1,3
20161333R0580,1,9,0,4,0,8,0,0,0,0,1,1,6,1,56,9,1299,1,17,1,1,1
20161333R0683,1,9,0,18,0,0,1,0,2,7,2,1,6,1,36,7,1995,2,1,2,1,2
20161333R0837,1,9,0,9,0,6,0,0,0,0,1,1,6,1,-1,-1,-1,-1,-1,-1,-1,-1
20161333R0837,2,3,0,18,0,1,5,0,0,0,4,1,6,1,30,6,124,1,10,5,1,5
20161333R0873,1,9,0,18,0,0,0,0,0,0,4,1,6,1,60,9,2179,2,4,3,1,3
20161333R0913,1,9,0,3,0,0,0,0,0,0,2,1,6,1,23,5,1896,2,11,6,1,6
20161333R0913,2,9,0,3,0,0,0,0,0,0,2,1,6,2,21,5,1198,1,14,2,1,2
20161333R0913,3,9,0,4,0,0,1,0,0,0,1,1,6,1,21,5,1998,1,1,2,1,2
20161333R1046,1,9,0,18,0,0,1,0,2,11,1,1,6,1,21,5,1560,2,9,2,1,2
20161333R1176,1,9,0,18,0,8,0,0,0,0,1,1,6,1,39,7,1422,2,6,3,1,3
20161333R1176,2,9,0,18,0,8,0,0,0,0,1,1,6,1,31,6,2496,2,20,7,3,7
20161333R1176,3,9,0,5,0,8,0,0,0,0,0,1,6,3,-1,-1,-1,-1,-1,-1,-1,-1
20161333R1442,1,8,0,5,0,0,0,0,0,0,0,1,1,1,31,6,1995,2,4,1,1,1
20161333R1689,1,9,0,5,0,0,0,0,0,0,1,1,6,3,-1,-1,-1,-1,-1,-1,-1,-1
20161333S0302,1,9,0,18,0,4,1,0,1,9,4,1,2,2,41,7,1490,1,11,2,1,2
20161333S0524,1,9,0,16,0,0,1,0,8,4,1,1,6,1,21,5,1686,2,12,4,1,4
20161333S0525,1,9,0,9,0,8,0,0,0,0,1,1,6,2,68,10,1399,2,4,10,1,10
20161333S0525,2,9,0,18,0,8,0,0,0,0,1,1,6,2,28,6,1995,1,8,7,1,7
20161333S0584,1,3,0,18,0,0,0,0,0,0,1,1,6,1,21,5,124,1,11,2,1,2
20161333S0584,2,9,0,10,0,0,0,0,0,0,0,1,6,3,-1,-1,-1,-1,-1,-1,-1,-1
20161333S0588,1,9,0,9,0,6,0,0,0,0,1,1,1,1,22,5,1796,1,8,2,1,2
20161333S0588,2,9,0,18,0,1,0,0,0,0,1,1,6,2,35,6,1910,2,9,3,1,3
20161333S0639,1,9,0,17,0,8,0,0,0,0,3,1,6,2,55,8,1248,1,2,1,1,1
20161333S0639,2,9,0,17,0,8,0,0,0,0,4,1,6,2,28,6,1197,1,4,5,1,5
20161333S1229,1,9,0,16,0,8,1,0,0,0,4,1,6,2,27,6,998,1,14,2,1,2
20161333S1229,2,9,0,18,0,8,0,0,0,0,1,1,6,1,30,6,1197,1,-1,10,1,10
20161333S1476,1,9,0,18,0,1,0,0,7,0,1,1,6,3,-1,-1,1968,2,2,-1,-1,-1
20161333S1476,2,9,0,18,0,1,0,0,0,0,4,1,6,1,34,6,1598,2,3,5,1,5
20161333S1611,1,9,0,18,0,0,0,0,1,0,1,1,1,1,38,7,1975,2,19,2,1,2
20161333S1611,2,9,0,4,0,0,0,0,0,0,2,1,6,1,19,4,998,1,4,4,1,4
20161333S1611,3,9,0,2,6,0,0,0,0,0,2,1,6,1,-1,-1,1595,1,9,-1,-1,-1
20161333T0242,1,9,0,9,0,8,0,0,0,1,4,1,2,2,46,8,1587,1,10,7,1,7
20161333T0242,2,9,0,18,0,8,0,0,0,0,1,1,2,2,43,7,1461,2,2,10,1,10
20161333T0259,1,3,0,18,9,0,2,0,2,1,4,1,2,1,22,5,125,1,12,4,1,4
20161333T0259,2,9,0,18,0,0,0,0,0,0,4,1,2,2,24,5,998,1,2,3,1,3
20161333T0268,1,1,0,9,0,8,5,0,0,0,1,1,2,1,40,7,-1,-1,-1,-1,-1,-1
20161333T0268,2,9,0,18,0,8,0,0,0,0,3,1,2,2,22,5,998,1,7,2,2,2
20161333T0310,1,9,0,18,0,0,0,4,0,0,1,1,2,1,36,7,2204,2,10,5,1,5
20161333T0310,2,9,0,18,0,0,0,0,0,0,1,1,2,1,46,8,1796,1,6,4,1,4
20161333T0310,3,9,0,2,0,0,0,0,0,0,3,1,6,1,-1,-1,2143,2,-1,-1,-1,-1
20161333T0535,1,9,0,5,0,0,0,0,0,0,1,1,6,1,-1,-1,1995,2,10,-1,-1,-1
20161333T0645,1,9,0,9,0,6,0,0,0,0,1,1,6,1,63,9,1798,1,2,7,1,7
20161333T0645,2,9,0,9,0,6,0,0,0,0,2,1,6,2,39,7,1598,1,3,7,1,7
20161333T1050,1,9,0,18,0,6,0,0,0,0,1,1,2,1,57,9,1299,1,13,1,1,1
20161333T1050,2,9,0,17,0,8,0,0,0,0,4,1,2,1,25,5,1200,1,1,2,1,2
20161333T1119,1,3,0,17,0,8,5,0,0,0,1,1,6,1,22,5,125,1,5,1,1,1
20161333T1119,2,9,0,9,0,8,0,0,0,0,4,1,1,1,63,9,1997,2,8,2,1,2
20161333T1119,3,11,0,3,0,1,0,0,0,0,0,1,1,3,-1,-1,-1,-1,-1,-1,-1,-1