Accident_Index,Vehicle_Reference,Vehicle_Type,Towing_and_Articulation,Vehicle_Manoeuvre,Vehicle_Location-Restricted_Lane,Junction_Location,Skidding_and_Overturning,Hit_Object_in_Carriageway,Vehicle_Leaving_Carriageway,Hit_Object_off_Carriageway,1st_Point_of_Impact,Was_Vehicle_Left_Hand_Drive?,Journey_Purpose_of_Driver,Sex_of_Driver,Age_of_Driver,Age_Band_of_Driver,Engine_Capacity_(CC),Propulsion_Code,Age_of_Vehicle,Driver_IMD_Decile,Driver_Home_Area_Type,Vehicle_IMD_Decile
2016133491701,1,9,0,18,0,1,0,0,0,0,1,1,6,3,-1,-1,-1,-1,-1,-1,-1,-1
2016133491701,2,9,0,9,0,8,0,0,0,0,3,1,1,1,30,6,1998,1,18,1,1,1
2016133491701,3,9,0,2,0,8,0,0,0,0,2,1,6,3,-1,-1,973,1,14,-1,-1,-1
2016133491736,1,9,0,18,0,0,0,0,0,0,2,1,6,2,46,8,1598,1,12,1,1,1
2016133491736,2,9,0,4,0,0,0,0,0,0,1,1,6,1,-1,-1,-1,-1,-1,-1,-1,-1
20161334A0112,1,9,0,18,0,1,0,0,0,0,1,1,6,1,-1,-1,1390,1,14,-1,-1,-1
20161334A0112,2,8,0,18,0,1,0,0,0,0,2,1,1,1,31,6,1896,2,9,1,1,1
20161334A0330,1,9,0,18,0,1,0,0,0,0,2,1,6,1,28,6,973,1,14,8,2,8
20161334A0330,2,19,0,18,0,1,0,0,0,0,1,1,6,1,41,7,2198,2,-1,2,1,2
20161334A0353,1,19,0,17,0,8,1,0,1,4,1,1,6,1,21,5,1700,2,17,1,1,1
20161334A0683,1,5,0,9,0,2,0,0,0,0,1,1,6,1,41,7,899,1,11,1,1,1
20161334A0683,2,5,0,9,0,2,0,0,0,0,2,1,6,1,40,7,599,1,18,1,1,1
20161334A0686,1,4,0,13,0,5,0,0,0,0,1,1,6,1,20,4,487,1,24,6,1,6
20161334A0686,2,19,0,9,0,1,0,0,0,0,3,1,6,1,58,9,1868,2,11,4,2,4
20161334A0741,1,9,0,18,0,1,0,0,0,0,1,1,6,1,19,4,1796,1,8,1,1,1
20161334A0741,2,9,0,18,0,1,0,0,0,0,2,1,1,1,40,7,2993,2,3,1,1,1
20161334A0741,3,9,0,18,0,1,0,0,0,0,0,1,6,2,27,6,1968,2,8,1,1,1
20161334A0741,4,19,0,18,0,8,0,0,0,0,2,1,6,1,47,8,2464,2,8,5,1,5
20161334A0860,1,9,0,1,0,0,0,0,0,0,2,1,6,1,29,6,1896,2,14,1,1,1
20161334A0863,1,9,0,18,0,0,0,0,0,0,1,1,6,1,20,4,1390,1,9,4,1,4
20161334A0863,2,9,0,4,0,0,0,0,0,0,2,1,6,1,52,8,1999,2,1,8,1,8
20161334A1160,1,9,0,1,0,0,0,0,0,0,2,1,1,1,18,4,1596,1,-1,3,1,3
20161334A1160,2,22,0,5,0,0,0,0,0,0,2,1,6,2,82,11,-1,-1,-1,-1,-1,-1
20161334A1247,1,9,0,18,0,8,0,0,0,11,1,1,6,1,32,6,1149,1,8,5,1,5
20161334A1247,2,9,0,9,0,8,0,0,0,0,1,1,6,2,37,7,1995,1,8,6,1,6
20161334A1248,1,9,0,18,0,0,0,0,0,0,4,1,6,3,-1,-1,1997,2,8,-1,-1,-1
20161334A1324,1,90,0,13,0,0,0,0,0,0,1,1,6,3,-1,-1,-1,-1,-1,-1,-1,-1
20161334A1324,2,1,0,18,0,0,5,10,0,0,2,1,6,1,15,3,-1,-1,-1,2,1,2
20161334A1342,1,9,0,18,0,4,0,0,0,0,3,1,6,1,45,7,1968,2,5,4,1,4
20161334A1342,2,9,0,18,0,8,0,0,0,0,1,1,2,1,23,5,1995,2,-1,8,1,8
20161334A1523,1,9,0,9,0,5,0,0,0,0,0,1,6,3,-1,-1,-1,-1,-1,-1,-1,-1
20161334A1523,2,11,0,9,0,4,0,0,0,0,0,1,1,1,61,9,6692,2,4,5,1,5
20161334A1546,1,3,0,18,0,0,0,0,0,0,1,1,6,1,19,4,124,1,-1,5,1,5
20161334A1546,2,3,0,18,0,0,0,0,0,0,2,1,6,1,17,4,-1,-1,-1,5,1,5
20161334A1546,3,3,0,18,0,0,0,0,0,0,0,1,6,1,19,4,-1,-1,-1,5,1,5
20161334A1611,1,9,0,18,0,0,0,0,0,0,1,1,6,1,30,6,998,1,4,-1,-1,-1
20161334A1623,1,9,0,16,0,1,0,0,0,0,0,1,1,1,45,7,2993,2,2,-1,-1,-1
20161334A1623,2,9,0,16,0,1,0,0,7,11,3,1,6,1,-1,-1,1461,2,-1,-1,-1,-1
20161334A1623,3,9,0,17,0,1,0,0,0,0,3,1,6,1,32,6,2993,2,11,1,1,1
20161334B0449,1,9,0,9,0,8,0,0,0,0,1,1,6,1,-1,-1,1248,2,12,-1,-1,-1
20161334B0449,2,9,0,18,0,8,0,0,0,0,1,1,6,1,30,6,1248,2,9,4,1,4
20161334B0630,1,9,0,18,0,2,1,0,5,6,1,1,1,1,66,10,1390,1,6,6,1,6
20161334B0661,1,21,1,16,0,0,0,0,0,0,4,1,1,1,56,9,12130,2,13,8,1,8
20161334B0752,1,8,0,6,6,0,0,0,0,0,1,1,1,1,47,8,-1,-1,-1,2,1,2
20161334B0752,2,5,0,14,0,0,2,0,0,0,1,1,6,1,49,8,1200,1,27,3,1,3
20161334B0920,1,9,0,18,0,0,0,0,0,0,1,1,6,2,26,6,-1,-1,-1,8,1,8
20161334B0953,1,9,0,18,0,0,0,0,0,0,4,1,6,2,38,7,1598,1,-1,2,1,2
20161334B1087,1,9,0,18,0,0,0,0,0,0,0,1,6,2,45,7,1242,1,-1,6,1,6
20161334B1446,1,9,0,5,0,0,0,0,0,0,0,1,6,1,17,4,1124,1,15,-1,-1,-1
20161334B1446,2,9,0,18,0,0,0,0,0,0,0,1,6,2,40,7,1753,2,10,-1,-1,-1
20161334B1554,1,9,0,9,0,6,0,0,0,0,1,1,6,1,68,10,1398,1,5,9,1,9
20161334B1554,2,9,0,9,0,5,0,0,0,0,2,1,6,1,36,7,1995,2,4,8,3,8
20161334C0049,1,9,0,17,0,0,2,0,2,0,4,1,6,1,18,4,1242,1,8,-1,-1,-1
20161334C0107,1,8,0,18,0,0,0,0,2,11,4,1,6,1,23,5,1364,2,9,1,1,1
20161334C0214,1,9,0,16,0,8,1,0,0,0,1,1,2,1,34,6,1910,2,10,1,1,1
20161334C0214,2,9,0,3,0,1,0,0,0,0,0,1,2,2,43,7,1329,1,7,6,1,6
20161334C0214,3,9,0,3,0,1,0,0,0,0,0,1,2,1,31,6,1997,2,2,2,1,2
20161334C0214,4,9,0,3,0,1,0,0,0,0,2,1,2,2,56,9,998,1,2,4,1,4
20161334C0290,1,9,0,7,0,1,0,0,0,0,4,1,2,2,25,5,1397,1,8,3,1,3
20161334C0290,2,1,0,18,0,1,0,0,0,0,1,1,2,1,35,6,-1,-1,-1,10,1,10
20161334C0428,1,9,0,18,0,4,0,0,0,0,2,1,6,2,71,10,1396,2,5,10,1,10
20161334C0428,2,19,0,18,0,4,0,0,0,0,1,1,1,1,29,6,2151,2,14,1,1,1
20161334C0541,1,19,0,18,0,1,0,0,0,0,1,1,6,1,-1,-1,-1,-1,-1,-1,-1,-1
20161334C0594,1,9,0,14,0,8,0,0,0,0,1,1,6,1,35,6,1984,1,-1,1,1,1
20161334C0758,1,9,0,7,0,0,0,0,0,0,3,1,1,1,78,11,1968,2,9,6,1,6
20161334C0758,2,9,0,18,0,0,0,0,0,0,1,1,6,1,30,6,1995,2,1,1,1,1
20161334C0815,1,9,0,18,0,8,0,0,0,0,4,1,6,1,40,7,1968,2,5,-1,-1,-1
20161334C0815,2,8,0,18,0,8,0,0,0,0,1,1,1,1,40,7,1598,2,1,3,1,3
20161334C0843,1,9,0,18,0,0,0,0,0,0,1,1,6,1,20,4,998,1,8,-1,-1,-1
20161334C0994,1,9,0,18,0,6,1,0,0,0,1,1,6,2,44,7,1596,1,4,8,1,8
20161334C0994,2,9,0,18,0,8,1,0,0,0,1,1,6,2,23,5,998,1,10,3,1,3
20161334C1090,1,9,0,5,0,8,0,0,0,0,3,1,6,2,25,5,1000,1,3,4,1,4
20161334C1090,2,9,0,18,0,1,0,0,0,0,1,1,6,2,32,6,1587,1,12,4,1,4
20161334C1124,1,9,0,9,0,8,0,0,0,0,1,1,6,2,25,5,1124,1,13,2,1,2
20161334C1124,2,9,0,18,0,4,0,0,0,0,1,1,6,1,48,8,1995,2,7,3,1,3
20161334C1363,1,8,0,18,0,0,0,0,0,0,4,1,1,1,40,7,1598,2,4,1,1,1
20161334C1380,1,9,0,9,0,8,0,0,0,0,1,1,6,1,75,10,1997,1,4,10,1,10
20161334C1380,2,3,0,18,0,8,0,0,0,0,3,1,6,1,53,8,124,1,2,8,3,8
20161334C1515,1,9,0,18,0,8,2,0,2,11,1,1,6,3,-1,-1,1598,1,14,-1,-1,-1
20161334D0190,1,11,0,18,0,0,0,0,0,0,1,1,1,1,21,5,7300,2,7,1,1,1
20161334D0225,1,9,0,3,0,2,0,0,0,0,2,1,6,2,35,6,1968,2,2,6,1,6
20161334D0225,2,2,0,5,0,6,0,0,0,0,1,1,6,1,16,4,49,1,4,5,1,5
20161334D0386,1,9,0,18,0,2,0,7,4,1,4,1,6,2,23,5,1199,1,13,3,1,3
20161334D0386,2,9,0,10,0,7,0,10,0,0,3,1,6,1,76,11,1597,1,9,5,1,5
20161334D0620,1,9,0,9,0,1,0,0,0,0,1,1,6,1,61,9,2268,2,2,2,1,2
20161334D0620,2,9,0,18,0,1,0,0,0,0,1,1,6,2,27,6,1984,1,10,1,1,1
20161334D0848,1,21,1,18,0,0,0,0,0,0,4,1,1,1,30,6,12777,2,5,8,2,8
20161334D0848,2,9,0,18,0,0,0,0,0,0,3,1,6,1,60,9,1598,2,4,6,1,6
20161334D0869,1,8,0,1,0,0,0,0,0,2,2,1,1,1,-1,-1,-1,-1,-1,-1,-1,-1
20161334D1086,1,9,0,9,0,6,0,0,0,0,1,1,6,1,37,7,1398,1,1,2,1,2
20161334D1086,2,9,0,9,0,8,0,0,0,0,3,1,6,2,46,8,2179,2,5,8,3,8
20161334D1127,1,9,0,18,0,1,0,0,0,0,2,1,6,2,50,8,1242,1,6,9,1,9
20161334D1127,2,9,0,4,0,1,0,0,0,0,0,1,6,2,43,7,2184,2,11,4,1,4
20161334D1127,3,9,0,4,0,1,0,0,0,0,0,1,6,1,46,8,1596,1,8,7,1,7
20161334D1232,1,19,0,11,0,0,0,0,0,0,1,1,2,1,55,8,1560,2,1,7,1,7
20161334D1232,2,9,0,3,0,0,0,0,0,0,2,1,2,1,46,8,2993,2,3,4,1,4
20161334D1616,1,5,0,17,0,0,0,10,1,11,1,1,6,1,46,8,598,1,17,1,1,1
20161334E0239,1,9,0,18,0,0,0,0,0,0,1,1,2,2,44,7,1242,1,1,2,3,2
20161334E0239,2,9,0,18,0,0,0,0,0,0,2,1,2,2,40,7,1598,1,7,9,1,9
20161334E0251,1,21,1,18,0,4,0,0,0,0,1,1,1,1,44,7,-1,-1,-1,-1,-1,-1
20161334E0251,2,9,0,18,0,8,0,0,0,0,4,1,2,1,35,6,1587,1,11,6,1,6
20161334E0401,1,9,0,1,0,0,0,0,0,0,2,1,3,2,35,6,1598,1,3,9,3,9
20161334E0509,1,9,0,18,0,0,0,0,0,0,1,1,1,1,41,7,-1,-1,-1,9,1,9
20161334E0509,2,9,0,2,0,0,0,0,0,0,2,1,6,1,51,8,1753,2,13,2,1,2
20161334E0710,1,9,0,9,0,5,0,0,0,0,1,1,6,1,32,6,1595,1,11,1,1,1
20161334E0710,2,1,0,18,0,2,0,0,0,0,1,1,6,1,43,7,-1,-1,-1,3,1,3
20161334E0944,1,9,0,18,0,0,0,0,0,0,1,1,6,1,43,7,998,1,17,8,1,8
20161334E1023,1,9,0,4,0,1,0,0,0,0,1,1,6,1,-1,-1,1998,2,14,-1,-1,-1
20161334E1023,2,9,0,3,0,1,0,0,0,0,2,1,6,2,57,9,1390,1,6,10,1,10
20161334E1141,1,9,0,4,0,8,0,0,0,0,1,1,6,1,43,7,1598,2,5,8,1,8
20161334E1141,2,9,0,4,0,8,0,0,0,0,2,1,6,2,47,8,1149,1,16,1,1,1
20161334E1260,1,9,0,5,0,8,0,0,0,0,1,1,6,1,40,7,1995,2,3,4,1,4
20161334E1260,2,9,0,18,0,8,0,0,0,0,1,1,6,2,25,5,1149,1,17,7,1,7
20161334E1586,1,3,0,17,0,0,0,10,2,11,4,1,6,1,25,5,125,1,4,1,1,1
20161334E1776,1,9,0,1,0,0,0,0,0,0,3,1,6,2,66,10,1390,1,5,7,1,7
20161334F0267,1,9,0,4,0,1,0,0,0,0,0,1,6,1,35,6,1560,2,3,6,1,6
20161334F0267,2,9,0,4,0,1,0,0,0,0,2,1,6,2,41,7,1248,1,3,-1,-1,-1
20161334F0355,1,9,0,4,0,0,0,0,0,0,2,1,1,1,58,9,1206,1,3,-1,-1,-1
20161334F0355,2,9,0,12,0,0,0,0,0,0,1,1,1,1,24,5,1499,2,1,-1,-1,-1
20161334F0355,3,9,0,4,0,0,0,0,0,0,2,1,1,1,63,9,999,1,-1,-1,-1,-1
20161334F0355,4,9,0,4,0,0,0,0,0,0,1,1,1,2,41,7,998,1,9,-1,-1,-1
20161334F0582,1,9,0,9,0,8,0,0,0,0,1,1,6,2,53,8,1000,1,1,-1,-1,-1
20161334F0644,1,9,0,18,0,1,0,0,0,0,3,1,6,1,32,6,1598,1,16,1,1,1
20161334F0644,2,19,0,18,0,1,0,0,0,0,1,1,6,1,33,6,2151,2,11,1,1,1
20161334F0930,1,9,0,18,0,0,0,0,0,0,1,1,6,2,26,6,1198,1,12,6,2,6
20161334F0930,2,90,0,4,0,0,0,0,0,0,2,1,6,1,47,8,2460,2,10,6,1,6
20161334F0956,1,8,0,1,0,5,0,0,0,0,2,1,1,1,44,7,2231,2,9,1,1,1
20161334F0956,2,5,0,18,0,5,2,0,0,0,4,1,6,2,53,8,649,1,8,4,1,4
20161334F1211,1,9,0,4,0,0,0,0,0,0,2,1,6,2,46,8,2976,1,14,-1,-1,-1
20161334F1211,2,9,0,4,0,0,0,0,0,0,1,1,6,1,20,4,1198,1,9,-1,-1,-1
20161334F1454,1,8,0,4,0,0,0,0,0,0,3,1,6,1,24,5,1598,2,4,1,1,1
20161334F1454,2,1,0,18,0,0,0,0,0,0,1,1,2,1,54,8,-1,-1,-1,7,1,7
20161334F1545,1,9,0,18,0,0,0,0,0,0,3,1,6,2,23,5,1229,1,2,2,1,2
20161334F1545,2,9,0,5,0,0,0,0,0,0,4,1,6,1,17,4,1242,1,7,2,1,2
20161334F1569,1,9,0,5,0,0,0,0,0,0,3,1,6,2,28,6,1299,1,12,1,1,1
20161334F1569,2,9,0,16,0,0,0,0,0,0,1,1,1,1,39,7,1896,2,8,1,1,1
20161334F1670,1,9,0,9,0,6,0,0,0,0,1,1,6,1,49,8,1796,1,14,2,1,2
20161334F1670,2,1,0,14,0,1,0,0,0,0,1,1,6,1,50,8,-1,-1,-1,4,1,4
20161334F1821,1,9,0,7,0,6,0,0,0,0,0,1,6,1,30,6,1984,1,2,6,1,6
20161334F1821,2,5,0,18,0,8,1,0,0,0,3,1,6,1,37,7,600,1,16,2,1,2
20161334G0580,1,9,0,6,0,0,0,0,0,0,1,1,6,2,27,6,2993,2,1,7,3,7
20161334G0587,1,3,0,18,0,0,0,0,7,11,3,1,6,1,21,5,123,1,2,-1,-1,-1
20161334G0785,1,9,0,18,0,8,0,0,0,0,4,1,6,1,18,4,1198,1,3,7,1,7
20161334G0785,2,9,0,9,0,6,0,0,0,0,1,1,6,2,37,7,1242,1,2,4,1,4
20161334G0789,1,9,0,5,0,6,0,0,5,1,1,1,6,2,18,4,998,1,7,-1,-1,-1
20161334G0789,2,9,0,18,0,8,0,0,0,0,3,1,6,2,36,7,1995,2,11,8,1,8
20161334G0881,1,9,0,18,0,0,0,0,7,6,1,1,6,1,71,10,1461,2,4,6,1,6
20161334G0896,1,9,0,18,0,8,0,0,0,0,1,1,6,1,-1,-1,1796,1,11,-1,-1,-1
20161334G0896,2,9,0,18,0,8,0,0,0,0,1,1,6,2,55,8,1995,2,1,1,1,1
20161334G0900,1,9,0,5,0,6,0,0,0,0,3,1,6,1,-1,-1,1995,2,8,9,1,9
20161334G0900,2,1,0,18,0,8,0,0,0,0,1,1,6,2,33,6,-1,-1,-1,8,1,8
20161334G1003,1,9,0,5,0,6,0,0,0,0,1,1,6,1,43,7,2143,2,1,7,1,7
20161334G1003,2,5,0,18,0,8,0,0,0,0,4,1,6,1,27,6,645,1,13,1,1,1
20161334G1077,1,9,0,13,0,1,1,0,0,0,3,1,6,1,30,6,1968,2,8,4,1,4
20161334G1077,2,9,0,18,0,1,0,0,0,0,0,1,1,1,29,6,2993,2,3,6,1,6
20161334G1077,3,9,0,18,0,1,0,0,0,0,1,1,6,2,44,7,1318,1,1,10,2,10
20161334G1077,4,9,0,18,0,1,0,0,0,0,1,1,6,1,67,10,1248,2,1,5,1,5
20161334G1373,1,9,0,13,0,0,0,0,0,0,1,1,6,1,33,6,1598,1,13,3,1,3
20161334G1373,2,9,0,18,0,0,0,0,0,0,1,1,6,1,23,5,1896,2,15,9,1,9
20161334G1373,3,9,0,2,0,0,0,0,0,0,3,1,6,3,-1,-1,1198,1,4,-1,-1,-1
20161334G1741,1,8,0,2,0,0,0,0,0,0,1,1,1,1,46,8,1910,2,8,2,1,2
20161334H0680,1,9,0,9,0,8,0,0,0,0,3,1,6,2,83,11,1229,1,11,7,1,7
20161334H0680,2,1,0,18,0,8,5,0,0,0,1,1,6,1,62,9,-1,-1,-1,6,1,6
20161334H0719,1,19,0,4,0,0,0,0,0,0,1,1,6,1,-1,-1,1868,2,12,1,1,1
20161334H0719,2,9,0,3,0,0,0,0,0,0,2,1,6,2,19,4,1349,1,8,8,1,8
20161334H0764,1,9,0,5,0,0,0,0,0,0,1,1,6,1,49,8,1198,1,11,1,1,1
20161334H0764,2,9,0,5,0,0,0,0,0,0,2,1,6,2,39,7,1390,1,15,1,1,1
20161334H0964,1,3,0,17,0,0,0,6,0,0,1,1,6,1,25,5,124,1,4,2,1,2
20161334H1034,1,9,0,17,0,1,0,0,1,2,1,1,6,2,29,6,1399,1,8,1,1,1
20161334H1058,1,5,0,13,0,0,5,0,0,0,1,1,6,1,51,8,955,1,15,1,1,1
20161334H1058,2,9,0,6,0,0,0,0,0,0,3,1,6,2,45,7,1794,1,9,1,1,1
20161334H1134,1,9,0,18,0,0,0,0,0,0,2,1,6,1,22,5,1229,1,1,8,1,8
20161334H1134,2,9,0,15,0,0,0,0,0,0,1,1,6,2,-1,-1,-1,-1,-1,-1,-1,-1
20161334H1353,1,9,0,18,0,2,1,0,1,10,3,1,6,1,27,6,998,1,2,4,1,4
20161334H1353,2,9,0,13,0,2,0,0,0,0,4,1,6,3,-1,-1,-1,-1,-1,-1,-1,-1
20161334H1368,1,9,0,8,0,8,0,10,0,0,1,1,6,1,-1,-1,-1,-1,-1,-1,-1,-1
20161334H1368,2,9,0,18,0,8,0,10,0,0,2,1,6,1,18,4,1242,1,13,-1,-1,-1
20161334H1368,3,9,0,18,0,8,0,0,1,11,3,1,6,1,34,6,998,1,2,-1,-1,-1
20161334I0298,1,9,0,18,0,8,0,0,0,0,1,1,6,2,22,5,1198,1,1,4,1,4
20161334I0298,2,9,0,18,0,8,0,0,0,0,1,1,6,2,18,4,998,1,6,-1,-1,-1
20161334I0302,1,9,0,3,0,0,0,0,0,0,4,1,3,2,47,8,1598,1,6,5,3,5
20161334I0302,2,1,0,15,0,0,5,0,0,0,1,1,2,2,41,7,-1,-1,-1,6,1,6
20161334I0492,1,9,0,7,4,8,0,0,0,0,4,1,6,1,26,6,1896,2,8,-1,-1,-1
20161334I0492,2,1,0,7,4,8,5,0,0,0,3,1,6,1,29,6,-1,-1,-1,-1,-1,-1
20161334I0627,1,19,0,7,0,1,0,0,0,0,0,1,1,1,45,7,2143,2,2,8,1,8
20161334I0627,2,4,0,18,4,1,2,0,8,1,3,1,2,1,58,9,499,1,16,1,1,1
20161334I0675,1,1,0,18,0,8,5,0,0,0,1,1,6,1,43,7,-1,-1,-1,9,1,9
20161334I0675,2,19,0,18,0,8,0,0,0,0,1,1,6,1,-1,-1,1560,2,2,10,1,10
20161334I0700,1,11,0,2,0,0,0,0,0,0,0,1,1,1,44,7,9360,2,7,3,1,3
20161334I0748,1,9,0,5,0,0,0,0,0,0,1,1,6,1,37,7,1598,2,3,1,1,1
20161334I0801,1,9,0,6,0,0,0,0,0,0,1,1,6,1,74,10,998,1,1,8,1,8
20161334I0801,2,3,0,18,0,0,0,0,0,0,4,1,6,1,22,5,-1,-1,-1,1,1,1
20161334I1101,1,9,0,3,0,0,0,0,0,0,2,1,2,1,49,8,2982,2,9,7,1,7
20161334I1101,2,19,0,3,0,0,0,0,0,0,2,1,1,1,23,5,2143,2,5,1,1,1
20161334I1101,3,9,0,18,0,0,0,0,0,0,1,1,6,2,63,9,1398,1,2,9,1,9
20161334I1102,1,9,0,7,0,1,0,0,0,0,4,1,6,1,41,7,998,1,12,3,1,3
20161334I1102,2,11,0,18,2,1,0,0,0,0,1,1,1,1,58,9,7300,2,11,2,1,2
20161334I1102,3,9,0,3,0,1,0,0,0,0,1,1,6,1,21,5,1198,1,3,4,1,4
20161334I1154,1,9,0,18,0,8,1,0,0,0,4,1,6,2,41,7,1398,1,5,1,1,1
20161334I1154,2,9,0,18,0,8,1,0,0,0,1,1,6,2,31,6,1242,1,6,1,1,1
20161334I1182,1,9,0,9,0,6,0,0,0,0,3,1,6,1,51,8,2500,2,21,8,1,8
20161334I1182,2,9,0,18,0,8,0,0,0,0,1,1,6,1,29,6,1968,2,6,5,1,5
20161334I1340,1,9,0,18,0,0,0,0,0,0,1,1,6,1,27,6,1229,1,2,-1,-1,-1
20161334I1340,2,9,0,18,0,0,0,0,0,0,2,1,6,1,46,8,2993,2,10,1,1,1
20161334I1340,3,9,0,2,0,0,0,0,0,0,3,1,6,3,-1,-1,1968,2,5,-1,-1,-1
20161334I1481,1,9,0,18,0,0,0,0,0,0,4,1,6,2,55,8,1586,1,11,3,1,3
20161334I1717,1,9,0,18,0,0,0,0,0,0,4,1,6,1,32,6,1968,2,8,2,1,2
20161334J0222,1,3,0,18,0,8,0,0,0,0,1,1,2,2,21,5,124,1,8,7,2,7
20161334J0222,2,9,0,18,0,6,0,0,0,0,4,1,2,1,39,7,-1,-1,-1,2,1,2
20161334J0500,1,9,0,4,0,0,0,0,0,0,2,1,6,1,63,9,1999,1,12,2,1,2
20161334J0500,2,9,0,4,0,0,0,0,0,0,1,1,6,2,26,6,1149,1,13,4,1,4
20161334J0500,3,9,0,4,0,0,0,0,0,0,1,1,6,2,38,7,1598,2,6,5,1,5
20161334J0500,4,9,0,18,0,0,0,0,0,0,1,1,6,1,-1,-1,1686,2,12,-1,-1,-1
20161334J0530,1,9,0,1,0,1,0,0,0,0,2,1,6,2,77,11,3950,1,14,6,1,6
20161334J0598,1,11,0,5,3,0,0,0,0,0,3,1,1,1,54,8,4250,2,9,1,1,1
20161334J0598,2,9,0,18,3,0,0,0,0,0,4,1,6,1,40,7,1591,1,4,8,1,8
20161334J0620,1,9,0,9,0,8,0,0,0,0,4,1,6,1,17,4,1197,1,1,5,1,5
20161334J0620,2,9,0,18,0,8,0,0,0,0,1,1,6,1,56,9,-1,-1,-1,1,1,1
20161334J0688,1,9,0,18,0,4,5,9,3,10,1,1,6,1,21,5,1896,2,12,10,2,10
20161334J0860,1,3,0,14,0,6,0,0,0,0,1,1,6,1,26,6,124,1,11,3,1,3
20161334J0860,2,9,0,9,0,1,0,0,0,0,4,1,6,1,70,10,1998,2,12,4,1,4
20161334J0903,1,9,0,7,0,8,0,0,0,0,1,1,6,2,48,8,1595,2,6,2,1,2
20161334J0903,2,9,0,18,0,8,0,0,0,0,4,1,6,2,55,8,2993,2,1,7,1,7
20161334J1013,1,9,0,18,0,8,0,0,0,0,3,1,6,2,45,7,1686,2,11,7,1,7
20161334J1013,2,9,0,9,0,8,0,0,0,0,1,1,6,2,42,7,1229,1,10,1,1,1
20161334J1015,1,1,0,18,0,0,0,0,0,0,1,1,2,1,57,9,-1,-1,-1,2,1,2
20161334J1015,2,19,0,18,0,0,0,0,0,0,2,1,2,1,38,7,1560,2,2,2,1,2
20161334J1046,1,21,1,18,0,0,0,0,0,0,3,2,6,3,-1,-1,-1,-1,-1,-1,-1,-1
20161334J1046,2,9,0,18,0,0,0,0,0,0,3,1,2,1,50,8,1796,1,8,2,1,2
20161334J1143,1,9,0,9,0,8,0,0,0,0,3,1,2,2,45,7,1198,1,2,1,1,1
20161334J1143,2,1,0,18,0,8,0,0,0,0,1,1,2,1,40,7,-1,-1,-1,9,3,9
20161334J1178,1,9,0,18,9,0,0,0,0,0,1,1,6,1,-1,-1,-1,-1,-1,-1,-1,-1
20161334J1178,2,1,0,18,9,0,0,0,0,0,2,1,6,1,13,3,-1,-1,-1,3,1,3
20161334J1189,1,9,0,18,0,8,0,0,0,0,1,1,6,2,54,8,1388,1,7,6,1,6
20161334J1189,2,21,1,18,0,8,0,0,0,0,1,1,1,1,-1,-1,-1,-1,-1,-1,-1,-1
20161334J1212,1,21,1,11,0,0,0,0,0,0,4,1,1,1,40,7,12777,2,6,-1,-1,-1
20161334J1212,2,9,0,18,0,0,1,0,0,0,3,1,2,1,48,8,1560,2,3,6,1,6
20161334J1329,1,9,0,3,0,0,0,0,0,0,2,1,6,2,23,5,998,1,11,7,1,7
20161334J1329,2,9,0,3,0,0,0,0,0,0,2,1,6,1,39,7,1995,2,1,9,1,9
20161334J1329,3,9,0,3,0,0,0,0,0,0,2,1,6,1,46,8,1995,2,3,8,3,8
20161334J1329,4,9,0,4,0,0,0,0,0,0,1,1,6,1,49,8,1997,2,1,2,1,2
20161334J1397,1,9,0,17,0,0,1,0,0,0,4,1,6,1,21,5,1299,1,8,5,1,5
20161334J1397,2,9,0,18,0,0,0,0,0,0,1,1,6,1,61,9,1390,1,11,8,1,8
20161334J1448,1,9,0,16,0,0,0,0,0,0,1,1,6,1,19,4,1590,1,13,8,1,8
20161334J1448,2,19,0,17,0,0,0,0,0,0,1,1,6,1,51,8,1560,2,1,4,1,4
20161334J1538,1,8,0,16,0,0,1,10,1,1,1,1,2,1,21,5,1584,1,8,1,1,1
20161334J1538,2,9,0,2,9,0,0,0,0,0,0,1,6,3,-1,-1,3456,8,2,-1,-1,-1
20161334J1685,1,9,0,2,0,0,0,0,0,0,3,1,6,1,59,9,1396,1,16,2,1,2
20161334J1685,2,19,0,15,0,0,0,0,0,0,4,1,6,1,43,7,1995,2,9,1,1,1
20161334J1748,1,9,0,18,0,1,0,0,3,4,4,1,2,1,24,5,1360,1,10,-1,-1,-1
20161334J1808,1,9,0,18,0,8,0,0,0,0,4,1,6,1,37,7,3199,1,17,3,1,3
20161334K0257,1,11,0,18,0,8,0,0,0,0,4,1,6,3,-1,-1,-1,-1,-1,-1,-1,-1
20161334K0258,1,8,0,18,0,0,0,0,0,0,1,1,6,1,-1,-1,-1,-1,-1,-1,-1,-1
20161334K0258,2,1,0,18,0,0,5,0,0,0,4,1,6,1,37,7,-1,-1,-1,3,1,3
20161334K0283,1,9,0,11,0,0,0,0,0,0,1,1,1,1,32,6,-1,-1,-1,1,1,1
20161334K0283,2,9,0,3,0,0,0,0,0,0,2,1,2,2,45,7,1229,1,5,2,2,2
20161334K0283,3,9,0,3,0,0,0,0,0,0,2,1,2,2,51,8,1242,1,10,8,1,8
20161334K0283,4,9,0,3,0,0,0,0,0,0,2,1,2,1,32,6,796,1,9,1,2,1
20161334K0283,5,9,0,3,0,0,0,0,0,0,2,1,2,2,50,8,1598,1,7,8,2,8
20161334K0314,1,9,0,2,0,0,0,0,0,0,3,1,6,2,24,5,1242,1,13,6,3,6
20161334K0314,2,1,0,14,0,0,5,0,0,0,1,1,6,1,50,8,-1,-1,-1,2,1,2
20161334K0322,1,9,0,18,0,8,0,0,0,0,1,1,2,2,51,8,1360,1,11,8,1,8