Accident_Index,Vehicle_Reference,Vehicle_Type,Towing_and_Articulation,Vehicle_Manoeuvre,Vehicle_Location-Restricted_Lane,Junction_Location,Skidding_and_Overturning,Hit_Object_in_Carriageway,Vehicle_Leaving_Carriageway,Hit_Object_off_Carriageway,1st_Point_of_Impact,Was_Vehicle_Left_Hand_Drive?,Journey_Purpose_of_Driver,Sex_of_Driver,Age_of_Driver,Age_Band_of_Driver,Engine_Capacity_(CC),Propulsion_Code,Age_of_Vehicle,Driver_IMD_Decile,Driver_Home_Area_Type,Vehicle_IMD_Decile
2016133581712,1,9,0,2,0,0,0,0,0,0,0,1,1,1,29,6,1582,2,6,1,1,1
2016133590238,1,9,0,18,0,0,0,4,0,0,1,1,6,1,32,6,973,1,18,2,1,2
2016133590238,2,9,0,4,0,0,0,0,0,0,2,1,6,2,39,7,1598,1,10,8,1,8
2016133590238,3,8,0,4,0,0,0,0,0,0,0,1,6,3,-1,-1,1896,2,8,2,1,2
2016133590524,1,9,0,18,0,0,0,0,0,0,3,1,6,1,39,7,1296,1,8,2,1,2
2016133590524,2,9,0,18,0,0,0,0,0,0,1,1,6,1,45,7,2993,2,7,10,1,10
2016133590678,1,9,0,2,0,0,0,0,0,0,3,1,6,2,40,7,1198,1,4,10,1,10
2016133590678,2,9,0,14,0,0,0,0,0,0,1,1,6,2,41,7,1598,1,10,1,1,1
2016133590913,1,9,0,9,0,8,0,0,0,0,4,1,6,2,71,10,1242,1,4,2,1,2
2016133590913,2,1,0,18,0,8,0,0,0,0,1,1,2,2,37,7,-1,-1,-1,5,1,5
2016133591091,1,11,0,18,0,0,0,0,0,0,1,1,1,1,21,5,7300,2,13,3,1,3
2016133591141,1,9,0,18,0,0,0,0,0,0,1,1,6,2,18,4,1328,1,10,-1,1,-1
2016133591204,1,9,0,4,0,8,0,0,0,0,1,1,6,2,67,10,1995,2,6,10,1,10
2016133591204,2,10,0,18,0,8,0,0,0,0,4,1,1,2,37,7,-1,-1,-1,7,1,7
2016133591260,1,9,0,18,0,8,0,0,0,0,4,1,6,1,39,7,898,1,1,5,1,5
2016133591260,2,19,0,18,0,8,0,0,0,0,1,1,6,3,-1,-1,2148,2,8,-1,-1,-1
2016133591338,1,9,0,18,0,1,0,0,0,0,4,1,6,1,28,6,1329,1,6,6,1,6
2016133591352,1,9,0,18,0,0,0,0,0,0,3,1,6,1,35,6,1896,2,7,1,1,1
2016133591361,1,9,0,3,0,0,0,0,0,0,4,1,6,2,21,5,1248,2,11,6,2,6
2016133591361,2,1,0,15,4,0,0,0,0,0,1,1,2,1,32,6,-1,-1,-1,6,1,6
2016133591601,1,9,0,18,0,8,0,0,0,0,1,1,2,2,27,6,1461,2,4,1,1,1
2016133591601,2,9,0,18,0,8,0,0,0,0,4,1,2,1,27,6,1598,2,5,3,1,3
2016133591647,1,3,0,18,0,1,0,0,0,0,1,1,6,1,17,4,123,1,1,7,1,7
2016133591647,2,19,0,7,0,6,0,0,0,0,3,1,6,1,40,7,-1,-1,-1,9,3,9
20161335A0884,1,9,0,9,0,8,0,0,0,0,4,1,6,2,28,6,1339,1,8,1,1,1
20161335A0884,2,1,0,18,0,8,0,0,0,0,1,1,6,1,26,6,-1,-1,-1,1,1,1
20161335A0903,1,3,0,16,0,0,0,0,0,0,0,1,2,2,42,7,125,1,3,1,1,1
20161335A0905,1,9,0,5,0,8,0,0,0,0,1,1,6,2,76,11,1390,1,12,10,1,10
20161335A0905,2,5,0,18,0,8,0,0,0,0,3,1,6,1,63,9,1690,1,-1,9,3,9
20161335A1010,1,9,0,13,0,0,0,0,0,0,4,1,6,3,-1,-1,-1,-1,-1,-1,-1,-1
20161335A1010,2,1,0,18,0,0,0,0,0,0,3,1,6,1,34,6,-1,-1,-1,3,1,3
20161335A1040,1,9,0,18,0,0,0,0,0,0,1,1,6,2,39,7,1956,2,1,2,1,2
20161335A1040,2,8,0,2,0,0,0,0,0,0,2,1,6,1,32,6,1797,8,4,1,1,1
20161335A1065,1,9,0,18,0,0,0,0,0,0,1,1,6,1,22,5,-1,-1,-1,5,1,5
20161335A1065,2,19,0,18,0,0,0,0,0,0,1,1,1,1,47,8,2143,2,3,4,1,4
20161335A1065,3,9,0,18,0,0,0,0,0,0,3,1,6,3,-1,-1,-1,-1,-1,-1,-1,-1
20161335A1145,1,9,0,18,0,0,0,0,0,0,4,1,6,1,27,6,1910,2,11,7,1,7
20161335A1209,1,1,0,18,0,0,0,0,0,0,1,1,6,1,40,7,-1,-1,-1,1,1,1
20161335A1209,2,9,0,2,0,0,0,0,0,0,2,1,6,2,49,8,998,1,-1,8,1,8
20161335A1274,1,3,0,18,0,1,0,0,0,0,1,1,6,1,17,4,125,1,6,9,1,9
20161335A1274,2,9,0,9,0,6,0,0,0,0,3,1,6,2,50,8,1124,1,10,5,1,5
20161335A1309,1,9,0,14,0,0,0,0,0,0,1,1,6,1,27,6,1398,1,4,2,1,2
20161335A1309,2,9,0,2,0,0,0,0,0,0,2,1,6,1,53,8,1988,2,8,3,1,3
20161335A1419,1,5,0,3,0,1,0,0,0,0,1,1,6,1,50,8,600,1,11,6,3,6
20161335A1419,2,9,0,9,0,5,0,0,0,0,3,1,6,1,54,8,1951,2,12,6,3,6
20161335A1518,1,9,0,18,0,0,0,0,0,0,1,1,6,2,46,8,1124,1,14,5,2,5
20161335A1518,2,2,0,5,0,0,0,0,0,0,1,1,6,1,22,5,102,1,9,1,1,1
20161335A1558,1,9,0,18,0,8,0,0,1,0,3,1,6,1,33,6,2143,2,4,1,1,1
20161335A1558,2,9,0,18,0,8,0,0,0,0,1,1,6,1,25,5,2967,2,10,9,1,9
20161335B0229,1,5,0,18,0,8,1,0,0,0,0,1,6,1,47,8,955,1,16,9,1,9
20161335B0303,1,20,0,18,0,1,0,0,0,0,1,1,1,1,39,7,4462,2,2,7,1,7
20161335B0303,2,9,0,10,0,1,0,0,0,0,2,1,6,2,79,11,1368,1,-1,5,1,5
20161335B0303,3,9,0,18,0,1,0,0,0,0,1,1,6,2,73,10,1329,1,3,2,1,2
20161335B0536,1,9,0,18,0,0,5,4,0,0,1,1,6,1,20,4,1390,1,7,3,1,3
20161335B0536,2,9,0,2,0,0,0,0,1,11,2,1,6,3,-1,-1,1242,1,3,-1,-1,-1
20161335B0536,3,9,0,2,0,0,0,0,0,0,2,1,6,3,-1,-1,1248,2,8,-1,-1,-1
20161335B0701,1,9,0,9,0,8,0,0,0,0,4,1,6,1,76,11,2198,2,7,-1,-1,-1
20161335B0701,2,9,0,18,0,8,0,0,0,0,1,1,6,2,48,8,1975,1,11,-1,-1,-1
20161335B0802,1,9,0,9,0,8,0,0,0,0,1,1,6,1,23,5,1900,2,16,2,1,2
20161335B0802,2,9,0,18,0,8,0,0,0,0,1,1,6,2,23,5,1968,2,2,3,1,3
20161335B1507,1,3,0,18,0,0,0,0,0,0,1,1,6,2,17,4,124,1,9,3,1,3
20161335B1507,2,9,0,18,0,0,0,0,0,0,1,1,1,1,37,7,998,1,18,1,1,1
20161335B1560,1,9,0,18,0,0,0,0,0,0,1,1,6,1,75,10,1396,1,16,10,1,10
20161335B1560,2,1,0,18,0,0,5,0,0,0,3,1,6,2,24,5,-1,-1,-1,8,1,8
20161335C0204,1,9,0,18,0,0,5,0,0,0,1,1,6,1,25,5,1896,2,14,1,1,1
20161335C0204,2,9,0,18,0,0,0,0,0,0,1,1,6,2,64,9,-1,-1,-1,6,1,6
20161335C0204,3,9,0,3,0,0,0,0,0,0,2,1,6,2,55,8,1398,1,2,7,1,7
20161335C0204,4,9,0,3,0,0,0,0,0,0,2,1,6,1,39,7,1598,2,1,7,2,7
20161335C0517,1,9,0,17,0,0,0,0,4,6,1,1,6,2,58,9,1246,1,11,6,1,6
20161335C0517,2,21,1,17,0,0,0,0,0,0,1,1,1,1,35,6,-1,-1,-1,-1,-1,-1
20161335C0531,1,20,0,18,0,7,0,0,0,0,1,1,1,1,30,6,-1,-1,-1,-1,-1,-1
20161335C0531,2,9,0,18,0,7,0,0,1,11,2,1,6,2,51,8,1956,2,3,-1,-1,-1
20161335C1000,1,9,0,18,0,1,0,0,0,0,4,1,6,1,24,5,1229,1,-1,2,1,2
20161335C1000,2,9,0,1,0,6,0,0,0,0,2,1,6,1,34,6,2967,2,11,1,1,1
20161335C1440,1,9,0,18,0,0,0,0,0,0,1,1,6,2,27,6,1360,1,16,1,1,1
20161335C1440,2,9,0,2,0,0,0,0,0,0,3,1,6,1,-1,-1,1896,2,7,-1,-1,-1
20161335C1440,3,9,0,18,0,0,0,0,0,0,1,1,6,1,57,9,1461,2,5,2,1,2
20161335C1649,1,9,0,10,0,2,0,0,0,0,3,1,6,1,64,9,1596,1,11,2,1,2
20161335C1649,2,5,0,18,0,1,0,0,0,0,1,1,6,1,51,8,1298,1,-1,2,1,2
20161335C1708,1,8,0,9,0,5,0,0,0,0,1,1,6,1,-1,-1,1797,8,6,1,1,1
20161335C1838,1,9,0,7,0,5,0,0,0,0,1,1,6,1,-1,-1,1910,2,12,-1,-1,-1
20161335C1963,1,8,0,6,0,1,0,0,0,0,1,1,1,1,46,8,1598,1,9,2,1,2
20161335D0486,1,19,0,18,0,8,0,0,7,4,1,1,6,1,80,11,1595,2,29,7,3,7
20161335D0601,1,21,1,18,0,8,0,0,0,0,1,1,1,1,38,7,12130,2,11,7,1,7
20161335D0601,2,9,0,4,0,8,0,0,0,0,2,1,2,1,46,8,1896,2,11,9,1,9
20161335D0601,3,90,0,4,0,8,0,0,0,0,2,1,6,1,71,10,2499,2,16,6,1,6
20161335D0995,1,9,0,18,0,0,0,0,0,0,4,1,6,1,20,4,1598,2,2,1,1,1
20161335D1020,1,9,0,7,0,0,0,0,0,0,4,1,6,3,-1,-1,-1,-1,-1,-1,-1,-1
20161335D1020,2,1,0,18,0,0,5,0,0,0,1,1,6,1,20,4,-1,-1,-1,3,1,3
20161335D1132,1,9,0,9,0,6,0,0,0,0,3,1,6,1,21,5,1198,1,4,1,1,1
20161335D1132,2,9,0,18,0,8,0,0,0,0,1,1,6,1,19,4,973,1,14,1,1,1
20161335D1192,1,9,0,18,0,0,0,0,0,0,4,1,6,1,-1,-1,-1,-1,-1,-1,-1,-1
20161335D1248,1,9,0,4,0,0,0,0,0,0,1,1,6,1,24,5,1984,1,7,4,1,4
20161335D1412,1,9,0,18,0,0,0,0,0,0,1,1,6,3,-1,-1,2979,1,12,-1,-1,-1
20161335D1412,2,9,0,9,0,0,0,0,0,0,3,1,6,1,23,5,1598,1,4,2,1,2
20161335D1460,1,2,0,18,0,0,0,0,0,0,0,1,6,1,19,4,124,1,1,2,1,2
20161335D1528,1,9,0,18,0,0,0,0,0,0,3,1,6,1,-1,-1,1229,1,1,-1,-1,-1
20161335D1603,1,9,0,18,0,0,0,0,0,0,1,1,6,2,31,6,998,1,1,-1,-1,-1
20161335E0120,1,9,0,18,0,0,5,0,7,11,3,1,6,3,-1,-1,1994,1,16,-1,-1,-1
20161335E0456,1,9,0,9,0,8,0,0,0,0,1,1,6,1,77,11,1591,1,5,2,1,2
20161335E0456,2,9,0,18,0,1,0,0,0,0,1,1,6,2,24,5,998,1,14,2,1,2
20161335E0878,1,9,0,7,0,8,0,0,0,0,1,1,6,1,36,7,1990,1,14,1,1,1
20161335E0919,1,9,0,18,0,0,0,0,0,0,1,1,6,1,62,9,1398,1,1,7,1,7
20161335E0945,1,9,0,5,0,4,0,0,0,0,1,1,6,2,24,5,1390,1,6,6,1,6
20161335E0945,2,9,0,18,0,4,0,0,0,0,1,1,6,2,42,7,1910,2,8,7,1,7
20161335E0966,1,9,0,4,0,0,0,0,0,0,1,1,6,1,51,8,-1,-1,-1,3,1,3
20161335E0966,2,9,0,4,0,0,0,0,0,0,2,1,6,1,39,7,1598,2,1,9,3,9
20161335E0966,3,9,0,4,0,0,0,0,0,0,2,1,6,1,28,6,1598,2,4,7,1,7
20161335E0966,4,9,0,4,0,0,0,0,0,0,2,1,6,1,42,7,1587,1,10,1,1,1
20161335E1263,1,9,0,3,0,2,0,0,0,0,2,1,6,1,32,6,1796,1,13,1,1,1
20161335E1263,2,9,0,3,0,2,0,0,0,0,1,1,6,1,32,6,2204,2,10,3,1,3
20161335E1460,1,19,0,18,0,8,0,0,0,0,4,1,6,3,29,6,-1,-1,-1,-1,-1,-1
20161335E1669,1,9,0,7,0,1,0,0,0,0,1,1,6,1,20,4,1149,1,10,3,1,3
20161335E1669,2,9,0,9,0,1,0,0,0,0,3,1,6,1,24,5,1598,1,10,1,1,1
20161335F0129,1,9,0,14,0,0,0,4,0,0,1,1,6,2,19,4,1229,1,9,2,1,2
20161335F0129,2,9,0,2,0,0,0,0,0,0,3,1,6,1,24,5,1995,2,4,1,1,1
20161335F0254,1,9,0,18,0,8,0,0,1,0,1,1,6,3,-1,-1,1781,1,13,-1,-1,-1
20161335F0254,2,9,0,18,0,8,0,0,0,0,3,1,1,2,28,6,1229,1,3,2,1,2
20161335F0474,1,9,0,18,0,1,0,0,7,11,1,1,2,1,48,8,1364,1,9,10,3,10
20161335F0474,2,9,0,18,0,1,0,0,7,11,1,1,6,2,20,4,1896,2,9,1,1,1
20161335F0642,1,9,0,18,0,8,0,0,0,0,4,1,1,2,42,7,1248,2,1,-1,-1,-1
20161335F0642,2,9,0,18,0,8,0,0,0,0,3,1,6,1,32,6,1390,1,13,-1,-1,-1
20161335F0744,1,9,0,4,0,0,0,0,0,0,1,1,6,1,24,5,1595,1,4,1,1,1
20161335F0744,2,9,0,4,0,0,0,0,0,0,2,1,6,1,56,9,2993,2,1,10,1,10
20161335F0768,1,9,0,18,0,0,0,0,0,0,1,1,6,1,39,7,-1,-1,-1,8,1,8
20161335F0768,2,9,0,18,0,0,0,0,0,0,2,1,6,1,27,6,1582,2,6,9,1,9
20161335F0783,1,90,0,18,0,8,0,0,0,0,1,1,6,3,-1,-1,-1,-1,-1,-1,-1,-1
20161335F0783,2,9,0,18,0,8,1,10,1,7,4,1,6,2,25,5,1598,1,11,3,1,3
20161335F0828,1,9,0,9,0,5,0,0,0,0,1,1,6,1,54,8,1896,2,16,1,1,1
20161335F0828,2,9,0,18,0,8,0,0,0,0,1,1,6,1,24,5,1461,2,2,1,1,1
20161335F0883,1,3,0,18,0,6,0,0,0,0,1,1,6,1,14,3,102,1,11,1,1,1
20161335F0883,2,9,0,18,0,8,0,0,0,0,4,1,6,1,38,7,1968,2,1,6,1,6
20161335F1179,1,9,0,18,0,0,0,4,7,10,1,1,6,1,33,6,1968,2,3,1,1,1
20161335F1179,2,9,0,2,9,0,0,4,0,11,2,1,6,3,-1,-1,1995,2,10,-1,-1,-1
20161335F1179,3,9,0,2,9,0,0,4,0,0,2,1,6,3,-1,-1,996,1,5,-1,-1,-1
20161335F1179,4,19,0,2,9,0,0,0,0,0,2,1,6,3,-1,-1,1598,2,1,-1,-1,-1
20161335F1348,1,9,0,18,9,1,0,0,1,0,1,1,6,3,-1,-1,1396,1,3,-1,-1,-1
20161335F1453,1,3,0,18,0,0,1,0,0,0,3,1,6,1,17,4,125,1,10,5,1,5
20161335F1522,1,9,0,18,0,0,1,0,0,0,1,1,6,1,19,4,1910,2,13,-1,-1,-1
20161335F1522,2,9,0,18,0,0,0,0,0,0,1,1,6,1,66,10,1686,2,9,1,1,1
20161335F1821,1,9,0,18,0,1,0,0,8,1,1,1,6,1,-1,-1,1596,1,2,6,1,6
20161335F1821,2,9,0,3,0,2,0,0,1,11,2,1,6,1,-1,-1,1199,1,14,2,1,2
20161335G0357,1,9,0,18,0,1,0,0,0,0,4,1,6,3,-1,-1,-1,-1,-1,-1,-1,-1
20161335G0635,1,9,0,9,0,0,0,0,0,0,2,1,6,1,25,5,1998,2,13,-1,-1,-1
20161335G0635,2,9,0,18,0,0,0,0,0,0,1,1,6,1,41,7,1388,1,10,-1,-1,-1
20161335G0736,1,1,0,18,2,1,0,0,0,0,1,1,6,1,38,7,-1,-1,-1,3,1,3
20161335G0736,2,9,0,9,0,1,0,0,0,0,1,1,6,2,21,5,1149,1,11,7,3,7
20161335G0940,1,8,0,9,0,8,0,0,0,0,3,1,6,1,20,4,1896,2,6,4,1,4
20161335G0940,2,1,0,18,0,8,0,0,0,0,1,1,6,2,23,5,-1,-1,-1,1,1,1
20161335G0940,3,9,0,18,0,8,0,0,0,0,3,1,1,1,33,6,1248,2,5,1,1,1
20161335G1097,1,1,0,18,2,0,0,0,0,0,1,1,2,1,43,7,-1,-1,-1,8,1,8
20161335G1142,1,1,0,18,0,1,0,0,0,0,1,1,6,1,19,4,-1,-1,-1,6,1,6
20161335G1142,2,9,0,10,0,1,0,0,0,0,3,1,6,3,-1,-1,-1,-1,-1,-1,-1,-1
20161335G1178,1,9,0,9,0,8,0,0,0,0,1,1,6,1,42,7,1242,1,-1,2,1,2
20161335G1178,2,5,0,18,0,8,5,0,0,0,1,1,6,1,57,9,500,1,34,7,1,7
20161335G1416,1,9,0,18,0,1,0,0,0,0,1,1,6,1,20,4,1461,2,14,4,1,4
20161335G1496,1,9,0,7,0,5,0,0,0,0,1,1,1,1,36,7,998,1,14,1,1,1
20161335G1496,2,1,0,9,0,8,5,0,0,0,1,1,6,1,13,3,-1,-1,-1,3,1,3
20161335G1640,1,9,0,17,0,0,5,0,1,11,4,1,6,2,25,5,1229,1,10,10,1,10
20161335G1841,1,9,0,9,0,8,0,0,0,0,3,1,6,1,83,11,996,1,2,10,1,10
20161335G1841,2,9,0,18,0,1,0,0,0,0,4,1,6,1,34,6,1896,2,13,2,1,2
20161335H0186,1,19,0,7,0,5,0,0,0,0,4,1,2,1,31,6,1753,2,9,7,1,7
20161335H0186,2,1,0,18,2,1,0,0,0,0,1,1,2,1,26,6,-1,-1,-1,7,1,7
20161335H0201,1,9,0,9,0,5,0,0,0,0,1,1,6,2,39,7,1968,2,8,3,1,3
20161335H0201,2,1,0,18,0,1,0,0,0,0,1,1,6,2,19,4,-1,-1,-1,9,1,9
20161335H0211,1,9,0,18,0,1,0,0,0,0,3,1,6,1,22,5,1598,2,1,1,1,1
20161335H0211,2,1,0,9,0,1,0,0,0,0,1,1,6,1,10,2,-1,-1,-1,8,1,8
20161335H0223,1,9,0,18,0,0,0,0,0,0,1,1,6,2,34,6,1299,1,11,8,1,8
20161335H0242,1,8,0,7,0,8,0,0,0,0,4,1,1,1,61,9,1896,2,9,5,1,5
20161335H0242,2,1,0,18,4,8,0,0,0,0,1,1,2,1,27,6,-1,-1,-1,5,1,5
20161335H0322,1,9,0,5,0,4,0,0,0,0,0,1,6,2,54,8,1560,2,4,8,1,8
20161335H0322,2,9,0,5,0,4,0,0,0,0,1,1,6,2,77,11,998,1,14,2,1,2
20161335H0322,3,9,0,3,0,1,0,0,0,0,3,1,6,1,48,8,1560,2,2,1,1,1
20161335H0322,4,8,0,3,0,1,0,0,0,0,3,1,6,1,59,9,-1,-1,-1,2,1,2
20161335H0338,1,9,0,18,0,0,0,0,0,0,2,1,6,2,58,9,1599,1,11,6,3,6
20161335H0338,2,9,0,18,0,0,0,0,0,0,2,1,6,2,21,5,1398,1,2,9,1,9
20161335H0338,3,9,0,18,0,0,0,0,0,0,1,1,6,2,33,6,998,1,-1,5,3,5
20161335H0395,1,9,0,18,0,0,0,0,0,0,1,1,6,2,30,6,1364,2,11,4,1,4
20161335H0465,1,9,0,1,0,0,0,0,0,0,2,1,6,1,41,7,1598,1,8,3,1,3
20161335H0481,1,9,0,18,0,0,1,0,0,0,1,1,6,1,-1,-1,1598,1,14,-1,-1,-1
20161335H0481,2,9,0,3,0,0,0,0,0,0,2,1,6,2,59,9,1560,2,1,3,1,3
20161335H0484,1,1,0,18,2,0,0,0,0,0,1,1,6,1,51,8,-1,-1,-1,5,1,5
20161335H0484,2,11,0,2,2,0,0,0,0,0,2,1,1,1,32,6,6374,2,6,1,1,1
20161335H0570,1,19,0,16,0,0,0,0,0,0,3,1,3,2,31,6,-1,-1,-1,7,1,7
20161335H0570,2,9,0,17,0,0,0,0,0,0,3,1,1,1,42,7,1124,1,15,6,1,6
20161335H0685,1,19,0,18,0,2,0,0,0,0,4,1,6,1,76,11,1998,2,12,6,3,6
20161335H0788,1,9,0,18,0,8,0,0,0,0,1,1,6,3,-1,-1,-1,-1,-1,-1,-1,-1
20161335H0823,1,9,0,9,0,8,0,0,0,0,1,1,6,1,50,8,1956,2,3,7,1,7
20161335H0823,2,19,0,18,0,8,0,0,0,0,1,1,6,1,28,6,1598,2,3,-1,-1,-1
20161335H0958,1,9,0,18,0,0,0,0,0,0,4,1,6,1,48,8,1598,1,4,3,1,3
20161335H0966,1,1,0,18,0,6,0,0,0,0,1,1,6,1,15,3,-1,-1,-1,-1,-1,-1
20161335H0966,2,8,0,18,0,8,0,0,0,0,3,1,1,1,39,7,1598,2,5,-1,-1,-1
20161335H1004,1,9,0,4,0,1,0,0,0,0,2,1,3,2,48,8,1896,2,10,2,1,2
20161335H1004,2,9,0,18,0,1,0,0,0,0,1,1,3,2,27,6,998,1,13,4,1,4
20161335H1241,1,4,0,4,0,1,1,0,0,0,3,1,6,1,54,8,980,1,28,-1,-1,-1
20161335H1241,2,9,0,4,0,1,0,0,0,0,4,1,6,1,51,8,1998,2,7,-1,-1,-1
20161335H1283,1,1,0,18,0,0,0,0,0,0,1,1,6,1,30,6,-1,-1,-1,3,1,3
20161335H1283,2,9,0,18,0,0,0,0,0,0,3,1,6,3,30,6,-1,-1,-1,-1,-1,-1
20161335H1310,1,9,0,18,0,1,0,0,0,0,1,1,6,2,19,4,1461,2,7,3,1,3
20161335H1310,2,9,0,9,0,7,0,0,0,0,1,1,6,1,-1,-1,1399,2,13,-1,-1,-1
20161335H1310,3,9,0,18,0,1,0,0,0,0,1,1,6,1,61,9,1560,2,2,2,1,2
20161335H1621,1,1,0,18,9,8,5,0,0,0,1,1,4,1,11,3,-1,-1,-1,2,1,2
20161335H1621,2,9,0,1,9,8,0,0,0,0,3,1,6,1,40,7,1560,2,11,2,1,2
20161335H1699,1,9,0,18,0,4,0,0,0,0,3,1,6,2,64,9,1968,2,2,9,1,9
20161335H1699,2,1,0,18,0,8,0,0,0,0,1,1,6,1,53,8,-1,-1,-1,9,1,9
20161335H1777,1,9,0,18,0,0,0,0,0,0,1,1,6,1,83,11,1339,1,9,1,1,1
20161335I0108,1,9,0,18,0,8,0,0,0,0,1,1,6,3,-1,-1,1796,1,11,-1,-1,-1
20161335I0108,2,9,0,18,0,8,0,0,0,0,1,1,1,1,42,7,2993,2,3,1,1,1
20161335I0143,1,19,0,18,0,0,1,0,5,6,1,1,1,1,31,6,2198,2,7,1,1,1
20161335I0206,1,1,0,10,0,1,5,0,0,0,4,1,1,1,34,6,-1,-1,-1,4,1,4
20161335I0206,2,8,0,9,0,5,0,0,0,0,1,1,1,1,47,8,1390,1,10,1,1,1
20161335I0261,1,9,0,16,0,0,1,0,0,0,1,1,2,1,23,5,999,1,17,5,1,5
20161335I0261,2,9,0,18,0,0,0,0,0,0,1,1,2,2,21,5,1598,2,-1,9,2,9
20161335I0353,1,9,0,18,0,4,0,0,0,0,3,1,1,1,27,6,1896,2,12,4,1,4
20161335I0353,2,9,0,18,0,4,0,0,0,0,1,1,1,2,41,7,1598,2,1,5,1,5
20161335I0404,1,9,0,18,0,1,0,0,0,0,1,1,6,1,-1,-1,1968,2,4,-1,-1,-1
20161335I0404,2,9,0,18,0,1,0,0,0,0,2,1,6,2,42,7,1598,1,12,6,1,6
20161335I0507,1,9,0,18,9,1,0,0,0,0,1,1,6,2,30,6,1461,2,2,10,1,10
20161335I0551,1,19,0,18,0,0,0,0,1,4,1,1,1,1,49,8,-1,-1,-1,3,1,3
20161335I0677,1,9,0,1,0,1,0,0,0,0,2,1,6,1,42,7,1398,1,8,3,1,3
20161335I0677,2,9,0,3,0,1,0,0,0,0,1,1,6,1,45,7,1968,2,4,1,1,1
20161335I0719,1,11,0,18,0,0,0,0,0,0,0,1,1,1,33,6,7300,2,7,1,1,1
20161335I0726,1,8,0,5,0,0,0,0,0,0,3,1,1,1,30,6,1598,2,5,-1,-1,-1
20161335I0726,2,1,0,13,0,0,5,0,0,0,0,1,1,1,19,4,-1,-1,-1,-1,-1,-1
20161335I0774,1,9,0,18,0,6,0,0,0,0,1,1,6,1,17,4,1120,2,2,5,2,5
20161335I0774,2,9,0,18,0,8,0,0,0,0,3,1,6,1,26,6,1998,2,9,1,1,1
20161335I0992,1,9,0,3,0,1,0,0,0,0,1,1,6,1,43,7,1995,2,9,1,1,1
20161335I0992,2,10,0,3,0,1,0,0,0,0,2,1,1,1,40,7,2143,2,2,3,1,3
20161335I1110,1,9,0,18,0,0,0,0,0,0,1,1,6,1,56,9,1797,8,2,6,1,6
20161335I1110,2,19,0,4,0,0,0,0,0,0,2,1,6,1,53,8,2143,2,3,8,1,8
20161335I1270,1,9,0,7,0,1,0,0,0,0,4,1,2,1,62,9,1870,2,8,4,1,4
20161335I1270,2,1,0,18,9,1,0,0,0,0,1,1,2,1,33,6,-1,-1,-1,3,1,3
20161335I1338,1,9,0,18,0,1,0,0,0,0,4,1,2,2,60,9,1998,1,9,4,1,4
20161335I1364,1,9,0,18,0,4,0,0,1,0,1,1,6,2,36,7,1390,1,3,7,1,7
20161335I1364,2,9,0,18,0,8,0,0,1,11,1,1,6,2,21,5,1242,1,8,2,1,2
20161335I1429,1,9,0,7,0,5,0,0,0,0,1,1,6,3,-1,-1,1968,2,3,1,1,1
20161335I1429,2,9,0,4,0,1,0,0,0,0,3,1,6,1,32,6,1896,2,13,1,1,1
20161335I1604,1,9,0,18,0,4,0,0,0,0,1,1,6,1,33,6,1388,1,17,1,1,1
20161335I1604,2,9,0,3,0,4,0,0,0,0,2,1,6,2,21,5,998,1,10,7,3,7
20161335I1615,1,1,0,18,0,0,0,0,0,0,1,1,6,1,21,5,-1,-1,-1,-1,-1,-1
20161335I1615,2,9,0,18,0,0,0,0,0,0,2,1,6,1,56,9,1997,2,1,-1,-1,-1
20161335J0112,1,9,0,18,0,0,2,0,7,2,1,1,6,3,-1,-1,1997,2,15,-1,-1,-1
20161335J0306,1,9,0,4,0,0,0,0,0,0,1,1,3,1,44,7,2993,2,3,7,2,7
20161335J0306,2,9,0,4,0,0,0,0,0,0,2,1,3,1,42,7,1149,1,12,9,3,9
20161335J0354,1,9,0,18,0,1,0,0,0,0,4,1,6,1,32,6,1364,1,9,-1,-1,-1
20161335J0354,2,9,0,5,0,6,0,0,0,0,3,1,6,1,64,9,-1,-1,-1,8,1,8
20161335J0631,1,9,0,9,0,8,0,0,0,0,3,1,6,1,25,5,1686,2,12,1,1,1
20161335J0631,2,1,0,13,0,8,0,0,0,0,1,1,2,1,31,6,-1,-1,-1,3,1,3
20161335J0868,1,8,0,18,0,1,0,0,0,0,0,1,1,1,44,7,2183,2,6,2,1,2
20161335J0919,1,9,0,18,0,8,0,0,0,0,1,1,6,1,-1,-1,2987,2,7,2,1,2
20161335J0919,2,9,0,5,0,6,0,0,0,0,3,1,6,1,20,4,1595,1,11,7,1,7
20161335J0966,1,9,0,18,0,1,0,0,0,0,4,1,1,1,57,9,1248,1,7,7,2,7
20161335J0975,1,9,0,9,0,8,0,0,0,0,1,1,6,2,52,8,1900,2,11,6,3,6
20161335J0975,2,9,0,18,0,1,0,0,0,0,1,1,6,1,-1,-1,-1,-1,-1,-1,-1,-1
20161335J0987,1,9,0,5,0,0,0,0,0,0,1,1,3,2,35,6,998,1,13,1,1,1
20161335J0987,2,9,0,18,0,0,0,0,0,0,0,1,6,3,-1,-1,-1,-1,-1,-1,-1,-1
20161335J1142,1,9,0,3,0,0,0,0,0,0,2,1,6,2,49,8,1968,2,6,7,1,7
20161335J1142,2,9,0,3,0,0,0,0,0,0,2,1,2,1,33,6,1900,2,9,6,1,6
20161335J1142,3,8,0,18,0,0,0,0,0,0,1,1,6,1,42,7,1896,2,8,1,1,1
20161335J1271,1,9,0,18,0,0,0,0,0,0,3,1,6,1,55,8,1995,2,5,9,1,9
20161335J1319,1,9,0,13,0,0,0,0,0,0,4,1,6,2,35,6,1461,2,-1,8,1,8
20161335J1319,2,1,0,18,0,0,0,0,0,0,3,1,6,2,35,6,-1,-1,-1,3,1,3