Accident_Index,Vehicle_Reference,Vehicle_Type,Towing_and_Articulation,Vehicle_Manoeuvre,Vehicle_Location-Restricted_Lane,Junction_Location,Skidding_and_Overturning,Hit_Object_in_Carriageway,Vehicle_Leaving_Carriageway,Hit_Object_off_Carriageway,1st_Point_of_Impact,Was_Vehicle_Left_Hand_Drive?,Journey_Purpose_of_Driver,Sex_of_Driver,Age_of_Driver,Age_Band_of_Driver,Engine_Capacity_(CC),Propulsion_Code,Age_of_Vehicle,Driver_IMD_Decile,Driver_Home_Area_Type,Vehicle_IMD_Decile
20161335J1325,1,9,0,18,0,8,0,0,0,0,1,1,6,1,23,5,1984,1,6,4,1,4
20161335J1325,2,9,0,9,0,8,0,0,0,0,3,1,6,1,45,7,1995,2,11,4,1,4
20161335J1335,1,9,0,7,0,5,1,0,0,0,1,1,6,1,18,4,1388,1,11,7,1,7
20161335J1335,2,19,0,18,0,1,0,0,0,0,1,1,6,1,28,6,-1,-1,-1,2,1,2
20161335J1407,1,9,0,4,0,0,0,0,0,0,2,1,6,2,24,5,1149,1,12,-1,-1,-1
20161335J1407,2,19,4,18,0,0,0,0,0,0,1,1,1,1,32,6,2198,2,7,4,1,4
20161335J1483,1,9,0,9,9,3,0,10,7,10,1,1,2,2,35,6,1461,2,1,2,1,2
20161335J1626,1,9,0,18,0,8,0,0,1,11,1,1,6,1,19,4,998,1,6,4,1,4
20161335J1685,1,9,0,9,0,8,0,0,0,0,3,1,6,2,69,10,1595,1,-1,10,1,10
20161335J1685,2,9,0,18,0,1,0,0,0,0,1,1,6,1,32,6,1910,2,10,3,1,3
20161335J1725,1,9,0,18,0,0,0,0,0,0,1,1,6,2,26,6,998,1,2,3,1,3
20161335K0094,1,9,0,18,0,0,0,0,0,0,1,1,6,1,25,5,1753,2,12,-1,-1,-1
20161335K0279,1,9,0,18,0,1,0,0,0,0,1,1,6,2,-1,-1,1400,1,10,9,1,9
20161335K0279,2,9,0,9,0,1,0,0,0,0,3,1,6,2,28,6,1396,1,3,10,1,10
20161335K0370,1,9,0,1,0,8,0,0,0,0,2,1,6,1,62,9,1461,2,2,9,1,9
20161335K0391,1,9,0,18,0,8,0,0,2,2,1,1,6,1,79,11,1329,1,5,7,1,7
20161335K0419,1,9,0,9,0,6,0,0,0,0,3,1,6,1,76,11,1997,2,13,1,1,1
20161335K0419,2,21,1,18,0,8,0,0,0,0,1,1,1,1,49,8,12419,2,4,-1,-1,-1
20161335K0539,1,19,0,11,0,8,0,0,0,0,4,1,1,1,22,5,1598,2,2,5,1,5
20161335K0539,2,9,0,17,0,8,0,0,0,0,1,1,2,2,25,5,1968,2,3,9,1,9
20161335K0598,1,5,0,18,0,0,5,0,0,0,0,1,6,1,78,11,-1,-1,-1,4,1,4
20161335K0616,1,9,0,18,0,0,0,0,0,0,2,1,2,1,41,7,1896,2,13,8,3,8
20161335K0616,2,19,0,18,0,0,0,0,0,0,1,1,1,1,-1,-1,2299,2,2,1,1,1
20161335K0972,1,9,0,18,0,0,0,0,0,0,1,1,6,2,52,8,1596,1,13,1,1,1
20161335K0972,2,1,0,18,0,0,0,0,0,0,3,1,6,1,9,2,-1,-1,-1,1,1,1
20161335K1053,1,9,0,18,0,1,0,4,0,0,1,1,6,2,24,5,1149,1,8,2,1,2
20161335K1053,2,9,0,2,0,2,0,0,0,0,2,1,6,3,-1,-1,1998,1,18,-1,-1,-1
20161335K1053,3,9,0,9,0,1,0,0,0,0,0,1,6,3,-1,-1,-1,-1,-1,-1,-1,-1
20161335K1150,1,9,0,18,0,1,0,0,0,0,1,1,6,1,-1,-1,2148,2,8,-1,-1,-1
20161335K1150,2,9,0,18,0,1,0,0,0,0,1,1,6,1,39,7,1395,1,-1,4,1,4
20161335K1150,3,9,0,18,0,1,0,0,0,0,1,1,6,1,78,11,2179,2,4,10,1,10
20161335K1150,4,9,0,18,0,1,0,0,0,0,1,1,6,1,31,6,1984,1,6,3,1,3
20161335K1150,5,9,0,18,0,1,0,0,0,0,1,1,6,1,30,6,2926,2,15,1,1,1
20161335K1150,6,9,0,18,0,1,0,0,0,0,1,1,6,1,29,6,1596,1,8,8,1,8
20161335K1172,1,9,0,18,0,8,5,0,0,0,4,1,6,2,37,7,1339,1,13,9,1,9
20161335K1172,2,9,0,9,0,8,0,0,0,0,1,1,6,2,48,8,1299,1,13,1,1,1
20161335K1243,1,9,0,18,0,6,0,0,0,0,1,1,6,2,-1,-1,1598,1,9,-1,-1,-1
20161335K1243,2,9,0,18,0,1,0,0,0,0,1,1,6,1,30,6,1999,1,3,2,1,2
20161335K1257,1,9,0,9,0,6,0,0,0,0,1,1,2,2,29,6,1799,1,9,1,1,1
20161335K1257,2,9,0,18,0,8,0,0,0,0,4,1,2,2,52,8,1596,1,4,7,2,7
20161335K1736,1,9,0,18,0,1,0,0,0,0,1,1,6,1,21,5,1388,1,13,1,1,1
20161335K1736,2,19,0,5,0,2,0,0,0,0,1,1,1,1,26,6,1598,2,1,2,1,2
20161335L0210,1,9,0,18,0,4,0,10,3,11,1,1,6,1,20,4,1968,2,2,-1,-1,-1
20161335L0252,1,9,0,3,0,0,0,0,0,0,2,1,6,2,31,6,1969,2,-1,1,1,1
20161335L0252,2,9,0,5,0,0,0,0,0,0,1,1,6,1,68,10,1995,2,10,2,1,2
20161335L0596,1,9,0,1,0,0,0,0,0,0,2,1,6,1,23,5,1560,2,10,3,1,3
20161335L0607,1,9,0,18,0,0,0,0,1,2,1,1,6,1,28,6,3189,1,12,-1,-1,-1
20161335L0614,1,11,0,18,0,0,0,0,0,0,0,1,1,3,-1,-1,7300,2,16,-1,-1,-1
20161335L0757,1,9,0,18,0,4,0,0,0,0,1,1,6,1,28,6,1149,1,8,10,1,10
20161335L0757,2,1,0,18,0,8,5,0,0,0,4,1,6,1,29,6,-1,-1,-1,7,1,7
20161335L0814,1,11,0,18,0,0,0,0,0,0,1,1,1,1,47,8,4461,2,2,4,1,4
20161335L0814,2,9,0,18,0,0,0,0,0,0,1,1,6,1,22,5,1000,1,16,1,1,1
20161335L1029,1,9,0,18,0,1,0,0,0,0,4,1,2,1,79,11,2967,1,12,8,1,8
20161335L1197,1,9,0,1,0,6,0,0,0,0,2,1,6,2,60,9,1368,1,6,3,1,3
20161335L1197,2,8,0,4,0,1,0,0,0,0,1,1,1,1,35,6,1796,1,8,6,1,6
20161335L1226,1,9,0,9,0,8,0,0,0,0,3,1,6,1,24,5,1248,2,13,5,1,5
20161335L1226,2,9,0,18,0,8,5,0,2,2,1,1,6,1,17,4,1229,1,6,4,1,4
20161335L1533,1,9,0,18,0,4,1,0,0,0,1,1,6,1,28,6,2143,2,1,1,1,1
20161335L1533,2,9,0,18,0,4,1,0,0,0,3,1,6,2,40,7,999,1,-1,3,1,3
20161335L1546,1,9,0,4,0,0,0,0,0,0,1,1,6,1,85,11,1124,1,12,2,1,2
20161335L1752,1,9,0,6,0,0,0,0,0,0,1,1,6,1,28,6,1796,2,3,-1,-1,-1
20161335L1752,2,3,0,18,0,0,0,0,0,0,3,1,6,1,21,5,-1,-1,-1,-1,-1,-1
20161335L1807,1,9,0,9,0,8,0,0,0,0,3,1,6,1,56,9,1753,2,11,3,1,3
20161335L1807,2,8,0,18,0,8,0,0,0,0,1,1,1,1,43,7,1896,2,11,3,1,3
20161335L1828,1,9,0,18,0,0,0,0,0,0,1,1,6,1,43,7,1598,1,9,-1,-1,-1
20161335L1828,2,9,0,18,0,0,0,0,0,0,1,1,6,1,-1,-1,2995,1,11,-1,-1,-1
20161335M0146,1,8,0,18,0,1,0,0,0,0,4,1,1,1,51,8,1998,2,6,2,1,2
20161335M0417,1,9,0,7,0,6,0,0,0,0,3,1,6,1,80,11,1364,1,10,-1,-1,-1
20161335M0417,2,1,0,18,0,8,0,0,0,0,1,1,6,1,48,8,-1,-1,-1,-1,-1,-1
20161335M0417,3,1,0,18,0,8,0,0,0,0,1,1,6,1,45,7,-1,-1,-1,-1,-1,-1
20161335M0428,1,9,0,18,0,0,1,4,0,0,3,1,6,1,56,9,1598,1,5,10,1,10
20161335M0428,2,8,0,18,0,0,0,0,0,0,3,1,1,1,30,6,1968,2,5,1,1,1
20161335M0428,3,9,0,2,0,0,0,0,0,0,2,1,6,3,-1,-1,1248,2,7,-1,-1,-1
20161335M0618,1,9,0,18,0,0,0,0,1,0,1,1,6,1,29,6,1968,1,10,4,1,4
20161335M0618,2,9,0,9,0,0,0,0,0,0,1,1,6,1,66,10,2179,2,5,4,1,4
20161335M0645,1,9,0,18,0,8,0,0,0,0,4,1,6,1,63,9,1582,2,-1,3,1,3
20161335M0645,2,9,0,18,0,8,0,0,0,0,1,1,6,1,49,8,1390,1,10,1,1,1
20161335M0656,1,9,0,9,0,6,0,0,0,0,3,1,6,2,78,11,998,1,4,10,2,10
20161335M0656,2,5,0,18,0,1,2,0,0,0,1,1,6,1,29,6,649,1,10,1,1,1
20161335M0866,1,9,0,18,0,0,1,0,0,0,3,1,6,2,39,7,1124,1,10,-1,-1,-1
20161335M0981,1,5,0,18,0,0,5,1,0,0,0,1,6,1,60,9,883,1,29,1,1,1
20161335M0981,2,5,0,18,0,0,5,0,0,0,1,1,6,1,50,8,892,1,21,5,1,5
20161335M1105,1,9,0,9,0,8,0,0,0,0,3,1,6,1,78,11,1360,1,12,3,1,3
20161335M1105,2,9,0,18,0,8,0,0,0,0,1,1,6,2,25,5,1390,1,11,5,1,5
20161335M1191,1,9,0,9,0,6,0,0,0,0,1,1,6,2,54,8,1461,2,12,1,1,1
20161335M1191,2,3,0,18,0,8,0,0,0,0,1,1,6,1,22,5,125,1,7,1,1,1
20161335M1240,1,19,0,18,0,0,0,0,0,0,1,1,6,1,22,5,1995,2,4,2,1,2
20161335M1521,1,9,0,13,0,1,1,0,7,11,4,1,6,1,20,4,1590,1,15,-1,-1,-1
20161335M1521,2,9,0,9,0,5,0,0,0,0,3,1,6,2,20,4,998,1,10,-1,-1,-1
20161335M1636,1,9,0,18,0,0,1,7,6,1,1,1,6,1,18,4,1686,2,9,3,1,3
20161335N0273,1,9,0,9,0,6,0,0,0,0,3,1,6,2,22,5,1686,2,2,6,3,6
20161335N0273,2,19,0,18,0,1,0,0,0,0,1,1,6,1,40,7,2402,2,11,2,3,2
20161335N0289,1,9,0,18,0,8,0,0,0,0,1,1,2,2,29,6,1598,1,10,5,1,5
20161335N0348,1,21,1,18,0,0,0,0,0,0,1,1,1,1,65,9,11946,2,8,5,2,5
20161335N0348,2,9,0,18,0,0,0,0,0,0,2,1,2,2,59,9,1388,1,5,9,2,9
20161335N0564,1,9,0,14,0,0,0,0,0,0,1,1,6,1,75,10,1560,2,6,8,1,8
20161335N0564,2,9,0,2,9,0,0,0,0,0,2,1,6,3,-1,-1,1390,1,7,-1,-1,-1
20161335N0742,1,9,0,7,0,0,0,0,0,0,4,1,6,1,47,8,1796,1,17,1,1,1
20161335N0742,2,8,0,18,0,0,0,0,0,0,3,1,1,1,34,6,1584,1,8,2,1,2
20161335N0865,1,21,1,12,0,0,0,0,0,0,3,1,1,1,72,10,-1,-1,-1,-1,-1,-1
20161335N0865,2,9,0,11,0,0,0,0,2,7,4,1,6,1,37,7,1339,1,2,8,1,8
20161335N1203,1,1,0,18,0,0,0,0,0,0,3,1,6,1,44,7,-1,-1,-1,1,1,1
20161335N1203,2,9,0,18,0,0,0,0,0,0,4,1,6,2,19,4,1968,2,3,6,3,6
20161335N1368,1,9,0,18,0,0,0,0,4,6,1,1,6,1,19,4,1229,1,3,10,1,10
20161335N1534,1,8,0,5,9,0,0,0,0,0,0,1,1,1,41,7,1598,2,4,1,1,1
20161335N1788,1,3,0,13,0,8,0,0,0,0,1,1,2,1,19,4,-1,-1,-1,-1,-1,-1
20161335N1788,2,9,0,9,0,8,0,0,0,0,3,1,6,1,61,9,2143,2,2,10,1,10
20161335O0160,1,9,0,18,0,0,5,7,0,0,1,1,6,1,37,7,1461,2,12,7,1,7
20161335O0228,1,9,0,18,0,0,0,0,0,0,1,1,6,1,31,6,1596,1,14,2,1,2
20161335O0228,2,19,0,18,0,0,0,0,0,0,2,1,6,1,47,8,-1,-1,-1,1,1,1
20161335O0259,1,9,0,5,0,8,0,0,0,0,1,1,2,1,38,7,1560,2,9,7,1,7
20161335O0259,2,1,0,9,0,8,0,0,0,0,4,1,2,1,41,7,-1,-1,-1,7,1,7
20161335O0268,1,9,0,18,0,1,0,0,0,0,1,1,2,1,20,4,1388,1,9,5,1,5
20161335O0268,2,9,0,4,0,4,0,0,0,0,2,1,6,1,58,9,2902,2,7,9,2,9
20161335O0304,1,19,0,18,0,7,0,0,0,0,1,1,1,1,23,5,1598,2,5,-1,1,-1
20161335O0304,2,9,0,18,0,7,0,0,0,0,2,1,2,1,34,6,1896,2,9,8,1,8
20161335O0524,1,5,0,18,0,8,0,0,0,0,1,1,2,1,62,9,899,1,12,9,1,9
20161335O0524,2,9,0,10,0,1,0,0,0,0,1,1,2,1,41,7,1968,2,4,9,1,9
20161335O0576,1,9,0,18,0,8,0,0,0,0,3,1,6,1,38,7,1968,2,8,3,1,3
20161335O0576,2,8,0,18,0,8,0,0,0,0,1,1,1,1,26,6,1598,1,8,1,1,1
20161335O0742,1,9,0,18,0,0,0,0,0,0,1,1,6,2,34,6,1560,2,9,3,1,3
20161335O0832,1,9,0,7,0,8,0,0,0,0,1,1,6,2,48,8,1999,1,9,5,2,5
20161335O0832,2,9,0,18,0,8,0,0,0,0,4,1,6,1,23,5,1390,1,7,1,1,1
20161335O0880,1,9,0,9,0,8,0,0,0,0,3,1,6,2,68,10,1198,1,8,8,2,8
20161335O0880,2,9,0,18,0,8,1,0,0,0,4,1,6,1,46,8,1995,2,13,3,1,3
20161335O0999,1,9,0,18,0,0,0,0,2,11,1,1,2,2,33,6,1364,1,9,2,2,2
20161335O1354,1,9,0,18,0,0,0,0,0,0,1,1,6,2,36,7,1794,1,9,1,1,1
20161335O1489,1,9,0,3,0,1,0,0,0,0,2,1,6,1,45,7,1422,2,9,8,1,8
20161335O1489,2,9,0,18,0,1,0,0,0,0,1,1,6,1,27,6,1197,1,1,1,1,1
20161335O1625,1,9,0,2,0,0,0,0,0,0,3,1,6,1,47,8,2720,2,8,8,1,8
20161335O1625,2,1,0,18,0,0,0,0,0,0,1,1,6,2,65,9,-1,-1,-1,6,3,6
20161335O1785,1,9,0,18,0,0,0,0,7,4,4,1,6,1,24,5,1896,2,11,4,1,4
20161335O1893,1,9,0,18,0,1,5,0,7,0,1,1,6,1,34,6,1199,1,14,1,1,1
20161335O1893,2,9,0,7,0,6,0,0,0,0,0,1,6,3,-1,-1,-1,-1,-1,-1,-1,-1
20161335O1893,3,9,0,18,0,1,0,0,0,0,1,1,6,1,54,8,2993,2,4,8,1,8
20161335O1915,1,1,0,9,0,8,0,0,0,0,3,1,6,1,24,5,-1,-1,-1,1,1,1
20161335O1915,2,9,0,9,0,8,0,0,0,0,1,1,6,1,62,9,1995,2,6,2,1,2
20161335P0329,1,10,0,2,0,0,0,0,0,0,0,1,1,1,51,8,-1,-1,-1,7,1,7
20161335P0329,2,9,0,14,0,0,0,0,7,0,1,1,1,2,53,8,-1,-1,-1,-1,-1,-1
20161335P0484,1,1,0,18,0,1,0,0,0,0,1,1,1,1,39,7,-1,-1,-1,3,1,3
20161335P0484,2,9,0,5,0,1,0,0,0,0,2,1,6,2,-1,-1,-1,-1,-1,-1,-1,-1
20161335P0499,1,9,0,18,0,0,0,0,0,0,3,1,6,1,32,6,2967,2,4,1,1,1
20161335P0516,1,1,0,18,0,0,0,0,0,0,0,1,6,1,17,4,-1,-1,-1,-1,-1,-1
20161335P0516,2,9,0,18,0,0,0,0,0,0,0,1,6,2,21,5,999,1,1,4,1,4
20161335P0556,1,9,0,18,0,0,0,0,0,0,3,1,6,2,37,7,1988,2,12,3,1,3
20161335P0556,2,9,0,18,0,0,0,0,0,0,3,1,6,1,48,8,-1,-1,-1,10,1,10
20161335P0723,1,9,0,18,0,1,0,0,0,0,4,1,6,2,86,11,1198,1,7,8,1,8
20161335P0723,2,9,0,4,0,2,0,0,0,0,3,1,6,1,70,10,1797,8,6,6,1,6
20161335P0723,3,9,0,2,0,2,0,0,0,0,3,1,6,1,25,5,1598,2,2,8,1,8
20161335P0983,1,3,0,15,0,8,0,0,0,0,3,1,6,1,17,4,124,1,-1,-1,-1,-1
20161335P0983,2,8,0,9,0,5,0,0,0,0,4,1,6,1,66,10,2401,2,11,-1,-1,-1
20161335P1160,1,9,0,18,0,0,0,0,0,0,1,1,6,1,-1,-1,-1,-1,-1,-1,-1,-1
20161335P1169,1,9,0,4,0,0,0,0,0,0,2,1,6,1,39,7,1995,2,11,-1,-1,-1
20161335P1169,2,9,0,4,0,0,0,0,0,0,2,1,6,1,50,8,1590,1,13,-1,-1,-1
20161335P1169,3,9,0,4,0,0,0,0,0,0,1,1,6,2,62,9,1390,1,6,9,1,9
20161335P1242,1,9,0,9,0,8,1,0,2,10,1,1,6,2,33,6,1149,1,13,1,1,1
20161335P1249,1,9,0,9,0,0,0,0,1,11,1,1,6,1,18,4,1597,7,7,1,1,1
20161335P1249,2,9,0,18,0,0,0,0,0,0,1,1,6,1,32,6,2497,2,11,5,1,5
20161335P1339,1,9,0,16,0,6,0,0,0,0,0,1,6,1,-1,-1,2979,1,14,-1,-1,-1
20161335P1339,2,9,0,18,0,8,0,0,0,0,0,1,6,1,64,9,1968,2,4,3,1,3
20161335P1345,1,9,0,9,0,5,0,0,0,0,1,1,6,2,26,6,1398,1,14,2,1,2
20161335P1421,1,9,0,6,0,0,0,0,7,10,3,1,6,1,35,6,1995,2,1,6,1,6
20161335P1421,2,9,0,18,0,0,0,0,0,0,1,1,1,1,44,7,2993,2,-1,6,1,6
20161335P1626,1,9,0,9,0,5,0,0,0,0,1,1,6,1,-1,-1,1461,2,6,-1,-1,-1
20161335P1626,2,9,0,18,0,1,0,0,0,0,1,1,6,2,18,4,998,1,8,8,1,8
20161335Q0275,1,9,0,5,0,1,0,0,0,0,1,1,1,1,31,6,1686,2,9,6,1,6
20161335Q0275,2,19,0,18,0,1,0,0,0,0,3,1,2,1,65,9,2287,2,7,4,1,4
20161335Q0275,3,9,0,3,0,1,0,0,0,0,3,1,1,2,36,7,1197,1,2,5,1,5
20161335Q0275,4,19,0,3,0,1,0,0,0,0,1,1,1,1,25,5,2143,2,3,1,1,1
20161335Q0527,1,9,0,18,0,0,0,0,7,0,1,1,6,1,63,9,2143,2,-1,7,3,7
20161335Q0527,2,9,0,18,0,0,0,0,0,0,3,1,6,2,63,9,3498,1,2,-1,-1,-1
20161335Q0527,3,9,0,18,0,0,0,0,0,0,1,1,6,1,43,7,1396,2,6,9,1,9
20161335Q0532,1,8,0,5,0,8,0,0,0,0,3,1,1,1,38,7,1598,1,7,-1,-1,-1
20161335Q0613,1,9,0,1,0,1,0,0,0,0,2,1,6,1,22,5,1598,1,9,1,1,1
20161335Q0613,2,9,0,1,0,1,0,0,0,0,1,1,6,1,35,6,1598,1,10,1,1,1
20161335Q0620,1,19,0,1,0,0,0,0,0,0,2,1,1,3,-1,-1,-1,-1,-1,-1,-1,-1
20161335Q0633,1,9,0,16,0,1,1,0,0,0,1,1,6,1,31,6,1328,1,10,-1,-1,-1
20161335Q0633,2,20,0,10,0,8,0,0,0,0,2,1,6,1,41,7,2982,2,8,-1,-1,-1
20161335Q0633,3,9,0,2,0,1,0,0,0,0,1,1,6,3,-1,-1,1870,2,10,-1,-1,-1
20161335Q0635,1,9,0,18,0,0,0,0,0,0,4,1,6,3,-1,-1,-1,-1,-1,-1,-1,-1
20161335Q0727,1,8,0,6,2,0,0,0,0,0,1,1,1,1,-1,-1,1598,2,2,1,1,1
20161335Q0727,2,1,0,18,2,0,5,0,0,0,4,1,6,1,39,7,-1,-1,-1,2,1,2
20161335Q0743,1,9,0,9,0,8,0,0,0,0,3,1,6,1,65,9,1360,1,11,2,1,2
20161335Q0743,2,9,0,18,0,8,0,0,4,1,4,1,6,1,52,8,1699,2,23,2,1,2
20161335Q0987,1,9,0,18,0,4,0,0,0,0,1,1,6,2,45,7,1997,2,5,6,1,6
20161335Q0987,2,8,0,18,0,3,0,0,0,0,1,1,1,1,31,6,1896,2,9,2,1,2
20161335Q0989,1,9,0,18,0,1,0,0,0,0,1,1,6,1,44,7,1332,1,17,1,1,1
20161335Q0989,2,20,0,3,0,1,0,0,0,0,2,1,1,1,50,8,3920,2,14,1,1,1
20161335Q1029,1,2,0,18,0,0,2,0,0,0,4,1,6,1,20,4,124,1,7,3,1,3
20161335Q1133,1,9,0,3,0,0,0,0,0,0,3,1,6,2,55,8,1396,1,4,4,1,4
20161335Q1237,1,1,0,7,0,4,0,0,0,0,0,1,6,1,40,7,-1,-1,-1,9,1,9
20161335Q1358,1,1,0,18,0,0,0,0,0,0,1,1,6,2,26,6,-1,-1,-1,1,1,1
20161335Q1358,2,9,0,18,0,0,0,0,0,0,3,1,6,1,33,6,1229,1,8,8,1,8
20161335Q1663,1,9,0,18,0,1,0,0,0,0,1,1,6,2,34,6,1596,1,13,1,1,1
20161335Q1683,1,9,0,16,0,0,2,10,0,0,3,1,6,1,19,4,998,1,16,6,1,6
20161335R0203,1,9,0,18,0,8,0,0,0,0,1,1,6,1,45,7,1968,2,11,2,1,2
20161335R0203,2,9,0,9,0,6,0,0,0,0,1,1,6,1,29,6,1798,1,4,3,1,3
20161335R0272,1,9,0,9,0,5,0,0,0,0,4,1,2,2,53,8,1995,2,5,9,2,9
20161335R0272,2,1,0,18,0,8,0,0,0,0,1,1,2,1,28,6,-1,-1,-1,9,1,9
20161335R0404,1,9,0,18,0,1,0,0,0,0,3,1,6,1,68,10,1584,1,10,7,1,7
20161335R0404,2,1,0,18,0,1,0,0,0,0,1,1,2,1,36,7,-1,-1,-1,7,1,7
20161335R0454,1,8,0,18,0,4,0,0,0,0,1,1,6,1,47,8,1797,8,6,3,1,3
20161335R0454,2,1,0,18,0,8,0,0,0,0,2,1,6,1,59,9,-1,-1,-1,8,1,8
20161335R0461,1,9,0,14,0,0,2,0,0,0,4,1,6,1,49,8,2497,2,5,5,1,5
20161335R0461,2,9,0,4,0,0,1,0,0,0,3,1,6,2,45,7,2179,2,4,6,2,6
20161335R0461,3,9,0,2,0,0,0,0,0,0,3,1,6,1,35,6,1968,2,3,7,1,7
20161335R0618,1,9,0,1,0,0,0,0,0,0,3,1,6,2,67,10,1248,1,4,9,1,9
20161335R0654,1,1,0,18,0,8,0,0,0,0,0,1,6,1,38,7,-1,-1,-1,8,1,8
20161335R0654,2,9,0,18,0,8,0,0,0,0,0,1,6,3,-1,-1,-1,-1,-1,-1,-1,-1
20161335R0824,1,3,0,18,0,8,5,0,0,0,1,1,6,1,32,6,124,1,8,-1,-1,-1
20161335R0824,2,19,4,7,0,8,0,0,0,0,2,1,6,1,56,9,2295,7,10,9,2,9
20161335R0971,1,9,0,11,0,0,0,0,0,0,4,1,6,2,29,6,1796,2,4,3,1,3
20161335R0971,2,5,0,18,0,0,0,0,0,0,3,1,6,1,54,8,1188,1,30,3,1,3
20161335R0971,3,5,0,18,0,0,0,0,0,0,3,1,6,1,50,8,1340,1,20,9,1,9
20161335R1052,1,9,0,9,0,8,0,0,0,0,4,1,6,2,31,6,1968,2,7,8,1,8
20161335R1052,2,1,0,18,0,8,0,0,0,0,1,1,6,1,42,7,-1,-1,-1,7,1,7
20161335R1414,1,9,0,18,0,8,0,0,0,0,3,1,6,1,47,8,1364,2,4,-1,-1,-1
20161335R1584,1,9,0,18,0,0,0,0,0,0,1,1,6,2,29,6,1299,1,11,2,1,2
20161335R1604,1,9,0,18,0,0,0,0,0,0,1,1,6,1,21,5,1596,1,12,6,1,6
20161335R1674,1,9,0,18,0,1,0,0,0,0,1,1,6,3,-1,-1,-1,-1,-1,-1,-1,-1
20161335R1674,2,9,0,18,0,8,0,0,0,0,4,1,6,2,40,7,1248,2,6,4,1,4
20161335R1769,1,9,0,4,0,0,0,0,0,0,4,1,6,1,19,4,1388,1,13,1,1,1
20161335S0567,1,19,0,18,0,8,0,0,0,0,1,1,6,1,51,8,2402,2,8,8,1,8
20161335S0567,2,9,0,10,0,8,0,0,0,0,2,1,6,2,35,6,1360,1,6,2,1,2
20161335S0567,3,9,0,18,0,8,0,0,0,0,1,1,6,2,60,9,1596,1,14,2,1,2
20161335S0631,1,19,0,5,0,0,0,0,0,0,1,1,1,1,38,7,1560,2,1,7,2,7
20161335S0631,2,1,0,18,0,0,1,0,0,0,1,1,6,1,46,8,-1,-1,-1,1,1,1
20161335S0631,3,1,0,18,0,0,1,0,0,0,1,1,6,1,26,6,-1,-1,-1,4,1,4
20161335S0810,1,9,0,12,0,0,1,0,1,7,2,1,6,2,32,6,1596,1,13,3,1,3
20161335S0810,2,9,0,18,0,0,0,0,1,0,1,1,6,1,33,6,1461,2,1,10,1,10
20161335S0810,3,9,0,18,0,0,5,0,5,6,4,1,6,1,65,9,1968,2,9,7,1,7
20161335S0810,4,9,0,18,0,0,0,0,0,0,2,1,6,1,31,6,1560,2,-1,4,1,4
20161335S0826,1,9,0,4,0,0,0,0,0,0,3,1,6,2,31,6,2179,2,6,1,1,1
20161335S0849,1,11,0,2,0,2,0,0,0,0,0,1,1,1,52,8,7300,2,11,2,1,2
20161335S0873,1,9,0,5,0,0,0,0,0,0,0,1,6,1,22,5,1956,2,3,1,1,1
20161335S0966,1,19,0,18,0,0,0,0,0,0,1,1,1,1,21,5,1868,2,12,5,2,5
20161335S0966,2,21,1,18,0,0,0,0,0,0,3,1,1,1,71,10,12900,2,8,9,1,9
20161335S0966,3,9,0,18,0,0,0,0,4,6,1,1,6,1,51,8,1248,2,5,4,3,4
20161335S0966,4,9,0,18,0,0,0,0,0,0,2,1,6,1,18,4,1364,1,2,6,1,6
20161335S1184,1,9,0,18,0,8,0,0,0,0,1,1,6,1,54,8,1560,2,5,6,1,6
20161335S1184,2,8,0,9,0,8,0,0,7,7,4,1,1,1,32,6,1686,2,6,1,1,1
20161335S1275,1,1,0,18,0,6,0,0,0,0,1,1,6,1,13,3,-1,-1,-1,8,2,8
20161335S1275,2,9,0,18,0,8,0,0,0,0,3,1,6,1,84,11,1968,2,5,9,2,9
20161335S1292,1,9,0,18,0,8,0,0,0,0,1,1,6,2,49,8,1360,1,14,7,1,7
20161335S1292,2,9,0,18,0,8,0,0,0,0,3,1,6,2,62,9,1229,1,2,10,1,10
20161335S1340,1,9,0,9,0,5,0,0,0,0,4,1,1,1,64,9,2231,2,9,3,1,3
20161335S1340,2,5,0,18,0,8,0,0,0,0,1,1,6,1,28,6,636,1,11,-1,-1,-1
20161335S1402,1,9,0,18,0,0,0,0,0,0,1,1,6,2,-1,-1,-1,-1,-1,-1,-1,-1
20161335S1417,1,9,0,9,0,1,0,0,0,0,1,1,6,1,62,9,1596,1,2,2,2,2
20161335S1417,2,9,0,10,0,1,0,0,0,0,3,1,6,1,81,11,1598,1,7,3,1,3
20161335S1542,1,9,0,18,0,0,0,0,0,0,1,1,6,2,80,11,1149,1,17,10,1,10
20161335S1559,1,9,0,5,0,0,0,0,0,0,3,1,1,1,23,5,998,1,15,-1,-1,-1
20161335S1658,1,9,0,18,0,8,0,0,0,0,1,1,6,2,21,5,1560,2,3,1,1,1
20161335S1658,2,8,0,18,0,8,0,0,0,0,4,1,1,1,33,6,1910,2,8,2,1,2
20161335T0121,1,9,0,18,0,0,0,0,1,2,1,1,6,2,17,4,1364,2,13,2,1,2
20161335T0372,1,9,0,11,0,8,0,0,1,4,1,1,6,1,19,4,973,1,14,2,1,2
20161335T0504,1,9,0,7,0,5,0,0,0,0,4,1,6,1,23,5,1422,2,-1,3,1,3
20161335T0504,2,1,0,18,0,8,0,0,0,0,1,1,6,1,46,8,-1,-1,-1,5,1,5
20161335T0657,1,1,0,18,0,0,1,0,0,0,0,1,6,1,40,7,-1,-1,-1,7,3,7
20161335T0770,1,9,0,5,0,8,0,0,0,0,1,1,6,1,-1,-1,2987,2,6,-1,-1,-1
20161335T0770,2,9,0,5,0,8,0,0,0,0,2,1,1,1,56,9,1998,2,8,3,1,3