Accident_Index,Vehicle_Reference,Vehicle_Type,Towing_and_Articulation,Vehicle_Manoeuvre,Vehicle_Location-Restricted_Lane,Junction_Location,Skidding_and_Overturning,Hit_Object_in_Carriageway,Vehicle_Leaving_Carriageway,Hit_Object_off_Carriageway,1st_Point_of_Impact,Was_Vehicle_Left_Hand_Drive?,Journey_Purpose_of_Driver,Sex_of_Driver,Age_of_Driver,Age_Band_of_Driver,Engine_Capacity_(CC),Propulsion_Code,Age_of_Vehicle,Driver_IMD_Decile,Driver_Home_Area_Type,Vehicle_IMD_Decile
20161335T0941,1,9,0,18,0,0,0,0,0,0,1,1,6,3,-1,-1,-1,-1,-1,-1,-1,-1
20161335T0941,2,1,0,18,0,0,0,0,0,0,2,1,6,1,19,4,-1,-1,-1,4,1,4
20161335T1057,1,9,0,9,0,8,0,0,0,0,3,1,6,2,81,11,1995,2,1,3,1,3
20161335T1057,2,9,0,18,0,8,0,0,0,0,1,1,6,1,57,9,1389,1,15,6,1,6
20161335T1103,1,19,0,11,0,1,0,0,0,0,0,1,6,3,-1,-1,1995,2,2,-1,-1,-1
20161335T1103,2,9,0,18,0,1,0,10,0,0,4,1,6,2,23,5,996,1,5,1,1,1
20161335T1575,1,5,0,18,0,0,0,0,0,0,3,1,6,1,60,9,649,1,8,7,1,7
20161335T1579,1,2,0,9,0,6,0,0,0,0,1,1,6,1,25,5,49,1,14,-1,-1,-1
20161335T1579,2,9,0,18,0,8,0,0,0,0,4,1,6,1,-1,-1,-1,-1,-1,-1,-1,-1
20161335T1676,1,90,0,7,0,6,0,0,0,0,1,1,6,1,27,6,249,1,4,1,1,1
20161335T1676,2,9,0,2,0,2,0,0,0,0,1,1,6,2,43,7,1600,1,12,1,1,1
20161335T1785,1,9,0,9,0,5,0,0,0,0,1,1,1,1,31,6,1497,8,8,1,1,1
20161335T1785,2,9,0,18,0,8,0,0,0,0,1,1,1,1,27,6,1995,2,3,3,1,3
20161335U0695,1,9,0,3,0,1,0,0,0,0,2,1,6,1,29,6,1596,1,6,1,1,1
20161335U0695,2,9,0,18,0,1,0,0,0,0,1,1,6,1,22,5,1242,1,3,4,1,4
20161335U0841,1,9,0,18,0,0,0,0,0,0,4,1,6,2,46,8,-1,-1,-1,4,1,4
20161335U1031,1,9,0,18,0,0,0,0,0,0,0,1,1,1,31,6,1598,2,1,1,1,1
20161335U1031,2,97,0,18,0,0,0,4,0,0,1,1,6,1,26,6,-1,-1,-1,2,1,2
20161335U1031,3,9,0,2,0,0,0,0,0,0,1,1,6,3,-1,-1,1248,1,5,-1,-1,-1
20161335U1042,1,9,0,18,0,0,0,0,0,0,1,1,6,2,49,8,1596,1,10,7,1,7
20161335U1061,1,9,0,7,0,5,0,0,0,0,4,1,6,3,-1,-1,-1,-1,-1,-1,-1,-1
20161335U1123,1,9,0,5,0,8,0,0,0,0,1,1,6,2,55,8,1461,2,1,1,1,1
20161335U1123,2,9,0,18,0,8,0,0,0,0,3,1,6,1,49,8,1968,2,8,6,1,6
20161335U1310,1,9,0,18,0,8,0,0,0,0,1,1,6,1,30,6,2720,2,10,3,1,3
20161335U1310,2,9,0,10,0,8,0,0,0,0,2,1,6,1,45,7,1896,2,14,2,1,2
20161335U1559,1,9,0,16,0,1,0,0,0,0,4,1,6,1,33,6,1968,2,7,1,1,1
20161335U1700,1,9,0,17,0,0,2,7,0,1,1,1,6,1,23,5,1242,1,5,1,1,1
20161335U1779,1,9,0,2,0,0,5,0,0,0,1,1,6,1,49,8,1598,1,8,-1,-1,-1
20161335U1779,2,9,0,18,0,0,0,0,0,0,2,1,6,1,37,7,1995,2,5,-1,-1,-1
20161335V0057,1,9,0,18,0,2,0,0,0,0,4,1,6,1,58,9,1968,2,12,10,2,10
20161335V0080,1,9,0,18,0,0,0,0,0,0,1,1,6,2,21,5,1229,1,9,4,1,4
20161335V0080,2,9,0,18,0,0,0,0,0,0,2,1,6,1,46,8,1998,1,12,2,1,2
20161335V0797,1,19,0,18,0,0,0,0,0,0,4,1,6,1,28,6,2198,2,2,-1,-1,-1
20161335V0815,1,21,1,11,0,0,0,0,0,0,1,1,1,1,31,6,12900,2,6,1,1,1
20161335V0815,2,9,0,18,0,0,0,0,0,0,2,1,6,1,68,10,1560,2,11,-1,-1,-1
20161335V0876,1,9,0,18,0,0,0,0,0,0,4,1,6,1,31,6,1390,1,4,5,1,5
20161335V0923,1,9,0,18,0,0,0,0,0,0,4,1,6,1,56,9,1991,1,1,8,1,8
20161335V0953,1,9,0,9,0,8,5,0,1,1,4,1,6,1,20,4,1598,2,1,2,1,2
20161335V0953,2,19,0,18,0,8,0,0,0,0,1,1,1,1,28,6,1560,2,1,1,1,1
20161335V0953,3,19,0,18,0,8,0,0,0,0,4,1,1,1,35,6,2143,2,5,1,1,1
20161335V1034,1,9,0,18,0,0,1,0,1,0,1,1,6,3,-1,-1,1973,1,15,-1,-1,-1
20161335V1034,2,9,0,2,0,0,0,0,0,0,2,1,6,1,48,8,1598,2,4,3,1,3
20161335V1034,3,9,0,2,0,0,0,0,0,0,2,1,6,1,23,5,1968,2,9,-1,-1,-1
20161335V1090,1,9,0,1,0,0,0,0,0,0,2,1,6,2,27,6,999,1,-1,7,1,7
20161335V1090,2,9,0,2,0,0,0,0,0,0,2,1,6,1,44,7,1910,2,11,8,1,8
20161335V1096,1,9,0,6,0,0,0,0,0,0,4,1,2,1,33,6,1390,1,5,7,1,7
20161335V1096,2,3,0,18,0,0,0,0,0,0,1,1,2,1,22,5,125,1,4,1,1,1
20161335V1096,3,9,0,2,0,0,0,0,0,0,3,1,6,3,-1,-1,1229,1,7,-1,-1,-1
20161335V1096,4,9,0,2,0,0,0,0,0,0,1,1,6,3,-1,-1,1388,1,13,-1,-1,-1
20161335V1162,1,9,0,18,0,0,0,0,0,0,4,1,6,1,53,8,1997,2,10,5,1,5
20161335V1482,1,9,0,8,0,1,1,0,0,0,1,1,6,1,-1,-1,1984,1,1,-1,-1,-1
20161335V1482,2,9,0,18,0,6,0,0,0,0,1,1,6,1,25,5,-1,-1,-1,1,1,1
20161335V1682,1,9,0,18,0,0,0,4,0,0,1,1,6,1,17,4,1896,2,7,7,1,7
20161335V1682,2,9,0,2,0,0,0,0,0,0,3,1,6,2,25,5,1242,1,5,3,1,3
20161335V1690,1,9,0,9,0,8,0,0,0,0,4,1,6,3,-1,-1,-1,-1,-1,-1,-1,-1
20161335V1690,2,5,0,18,0,8,5,0,0,0,1,1,6,1,55,8,1171,1,17,7,3,7
2016133610879,1,9,0,11,0,0,2,0,4,7,4,1,6,1,40,7,1796,1,8,8,1,8
2016133610879,2,9,0,12,0,0,1,0,2,7,4,1,6,1,56,9,1598,1,2,5,1,5
2016133611094,1,9,0,4,0,8,0,0,0,0,1,1,6,1,34,6,2800,1,16,-1,-1,-1
2016133611094,2,9,0,4,0,8,0,0,0,0,2,1,6,1,47,8,1896,2,9,2,1,2
2016133611094,3,9,0,4,0,8,0,0,0,0,2,1,6,1,50,8,1199,1,2,3,1,3
2016133611147,1,9,0,16,0,1,0,0,0,0,1,1,6,1,28,6,1686,2,11,1,1,1
2016133611147,2,9,0,9,0,6,0,0,0,0,3,1,6,1,25,5,1598,2,6,2,1,2
2016133611239,1,8,0,16,0,0,0,0,0,0,3,1,6,1,17,4,1242,1,12,10,2,10
2016133611239,2,1,0,17,0,0,0,0,0,0,3,1,6,1,38,7,-1,-1,-1,10,2,10
2016133620014,1,9,0,18,0,8,0,0,0,0,1,1,6,1,25,5,1332,1,17,1,1,1
2016133620014,2,9,0,9,0,8,0,0,0,0,3,1,6,1,25,5,1598,2,4,7,1,7
2016133620289,1,19,0,18,0,0,5,0,1,11,4,1,1,2,58,9,2198,2,2,2,1,2
2016133620591,1,1,0,18,0,1,0,0,0,0,3,1,6,2,53,8,-1,-1,-1,8,1,8
2016133620591,2,9,0,7,0,1,0,0,0,0,4,1,6,1,37,7,1598,1,11,1,1,1
2016133620624,1,9,0,18,0,0,0,0,0,0,1,1,6,3,-1,-1,-1,-1,-1,-1,-1,-1
2016133620624,2,1,0,5,0,0,0,0,0,0,1,1,6,2,8,2,-1,-1,-1,2,1,2
2016133620734,1,19,0,1,0,0,0,0,0,0,2,1,1,1,27,6,2198,2,4,5,1,5
2016133620935,1,9,0,10,0,8,0,0,0,0,1,1,6,1,50,8,-1,-1,-1,-1,-1,-1
2016133620935,2,9,0,18,0,1,0,0,0,0,4,1,6,1,37,7,1968,2,5,-1,-1,-1
2016133621224,1,9,0,9,0,6,0,0,0,0,3,1,6,2,29,6,1968,2,6,5,1,5
2016133621224,2,9,0,18,0,1,0,0,0,0,1,1,6,1,31,6,1896,2,18,8,1,8
2016133621398,1,1,0,5,0,8,0,0,0,0,2,1,2,1,21,5,-1,-1,-1,9,3,9
2016133621398,2,9,0,18,0,8,0,0,0,0,1,1,6,2,18,4,1587,1,12,8,1,8
2016133621562,1,9,0,7,0,5,0,0,0,0,4,1,6,1,53,8,998,1,18,1,1,1
2016133621562,2,1,0,18,4,8,0,0,0,0,1,1,6,1,56,9,-1,-1,-1,8,1,8
2016133621592,1,9,0,18,0,8,0,0,0,0,1,1,6,1,49,8,1968,2,12,-1,-1,-1
2016133621592,2,19,0,18,0,8,0,0,0,0,1,1,6,1,27,6,2198,2,1,1,1,1
2016133621763,1,9,0,4,0,8,1,0,0,0,4,1,6,1,22,5,2495,2,18,5,1,5
2016133621763,2,9,0,18,0,8,1,0,0,0,1,1,6,1,46,8,1388,1,18,7,3,7
2016133621792,1,9,0,18,0,0,0,0,0,0,4,1,6,2,34,6,1560,2,2,2,1,2
2016133630320,1,9,0,6,0,0,0,0,0,0,3,1,2,1,25,5,1596,1,19,6,1,6
2016133630320,2,9,0,13,0,0,0,0,0,0,1,1,6,2,28,6,1781,1,18,2,3,2
2016133630494,1,9,0,18,0,0,0,0,0,0,1,1,6,1,48,8,1686,2,12,1,1,1
2016133630494,2,9,0,3,0,0,0,0,0,0,2,1,6,1,33,6,2979,1,-1,6,3,6
2016133630494,3,9,0,3,0,0,0,0,0,0,2,1,6,1,52,8,1499,2,3,9,1,9
2016133631271,1,3,0,9,0,8,0,11,0,0,1,1,6,1,47,8,124,1,8,2,1,2
2016133631271,2,9,0,7,0,3,0,0,0,0,1,1,6,1,30,6,998,1,11,-1,-1,-1
2016133631313,1,9,0,18,0,8,0,0,0,0,3,1,6,3,-1,-1,-1,-1,-1,-1,-1,-1
2016133631326,1,11,0,7,0,8,0,0,0,0,0,1,1,1,42,7,6692,2,4,3,1,3
2016133631374,1,3,0,9,0,1,0,0,0,0,1,1,6,1,21,5,125,1,-1,2,1,2
2016133631374,2,9,0,18,0,1,0,0,0,0,0,1,6,2,21,5,1229,1,7,3,1,3
2016133631377,1,1,0,18,0,6,0,0,0,0,1,1,6,1,10,2,-1,-1,-1,8,1,8
2016133631377,2,9,0,18,0,8,0,0,0,0,4,1,6,2,44,7,1349,1,12,6,1,6
2016133631429,1,9,0,10,0,1,0,0,0,0,1,1,6,1,18,4,1242,1,4,4,1,4
2016133631429,2,9,0,14,0,1,0,0,0,0,1,1,6,2,22,5,1968,2,7,2,1,2
2016133631429,3,21,1,2,0,1,0,0,0,0,0,1,1,1,49,8,12740,2,2,2,1,2
2016133631506,1,1,0,18,0,0,0,0,0,0,1,1,6,1,24,5,-1,-1,-1,6,1,6
2016133631506,2,8,0,2,0,0,0,0,0,0,1,1,1,1,59,9,1794,1,10,7,1,7
2016133631532,1,9,0,18,0,0,0,0,0,0,1,1,6,2,20,4,1388,1,7,-1,-1,-1
2016133631532,2,9,0,18,0,0,0,0,0,0,2,1,6,2,30,6,1596,1,1,-1,-1,-1
2016133631535,1,9,0,18,0,0,1,0,8,10,1,1,6,1,22,5,1984,1,9,5,1,5
2016133631784,1,8,0,6,0,0,0,0,0,0,3,1,1,1,33,6,1598,2,4,4,1,4
2016133631784,2,1,0,14,0,0,0,0,0,0,1,1,2,2,21,5,-1,-1,-1,6,1,6
2016133640058,1,9,0,7,0,1,0,0,0,0,3,1,6,1,25,5,1299,1,12,2,1,2
2016133640058,2,9,0,5,0,1,0,0,0,0,3,1,6,1,36,7,1598,1,12,1,1,1
2016133640298,1,8,0,1,9,0,0,0,0,0,2,1,1,1,30,6,1896,2,8,2,1,2
2016133640633,1,9,0,18,0,0,0,0,0,0,2,1,6,2,27,6,1781,1,14,9,1,9
2016133640633,2,9,0,18,0,0,0,0,0,0,1,1,6,2,22,5,1198,1,1,7,1,7
2016133640635,1,9,0,3,0,1,0,0,0,0,2,1,6,2,32,6,1242,1,1,6,2,6
2016133640635,2,9,0,18,0,1,0,0,0,0,1,1,6,1,31,6,1390,1,7,4,1,4
2016133640741,1,9,0,9,0,6,0,0,0,0,1,1,6,1,29,6,1956,2,1,7,1,7
2016133640741,2,9,0,18,0,8,0,0,0,0,1,1,6,1,26,6,1956,2,1,1,1,1
2016133640972,1,9,0,18,0,0,0,0,0,0,4,1,6,2,36,7,1796,1,10,10,1,10
2016133640976,1,1,0,18,0,8,0,0,0,0,4,1,6,1,65,9,-1,-1,-1,1,1,1
2016133640976,2,9,0,9,0,5,0,0,0,0,3,1,6,3,-1,-1,-1,-1,-1,-1,-1,-1
2016133640980,1,9,0,18,0,0,0,0,7,0,1,1,6,2,68,10,1248,1,3,5,1,5
2016133640980,2,9,0,18,0,0,0,0,0,0,1,1,6,2,50,8,1596,1,13,8,1,8
2016133641078,1,9,0,18,0,4,0,0,0,0,1,1,6,1,55,8,998,1,-1,9,1,9
2016133641078,2,1,0,18,0,8,5,0,0,0,1,1,6,2,64,9,-1,-1,-1,7,1,7
2016133641152,1,9,0,18,0,0,0,0,0,0,3,1,6,1,22,5,2183,2,4,9,1,9
2016133641152,2,9,0,9,0,0,0,0,0,0,1,1,6,2,22,5,1242,1,9,8,1,8
2016133641376,1,9,0,18,0,1,0,0,0,0,1,1,6,1,30,6,1499,2,-1,-1,-1,-1
2016133641376,2,9,0,5,0,8,0,0,0,0,3,1,6,2,29,6,1896,2,9,-1,-1,-1
2016133641376,3,19,0,2,0,1,0,0,0,0,4,1,6,3,-1,-1,2402,2,15,-1,-1,-1
2016133641442,1,11,0,9,0,8,0,0,0,0,0,1,1,1,53,8,6692,2,4,3,1,3
2016133641442,2,9,0,18,0,8,0,0,0,0,0,1,6,1,40,7,-1,-1,-1,-1,-1,-1
2016133641448,1,9,0,18,0,0,0,0,0,0,4,1,2,1,38,7,1968,2,2,8,1,8
2016133641466,1,9,0,17,0,0,2,0,1,2,1,1,2,1,19,4,1995,2,10,5,2,5
2016133641662,1,9,0,18,0,0,0,0,0,0,4,1,6,1,-1,-1,-1,-1,-1,-1,-1,-1
2016133650610,1,1,0,4,0,0,0,0,0,0,1,1,6,1,42,7,-1,-1,-1,-1,-1,-1
2016133650610,2,9,0,4,0,0,0,0,0,0,2,1,6,2,26,6,1149,1,6,-1,-1,-1
2016133650845,1,8,0,7,0,8,0,0,0,0,1,1,1,1,39,7,1560,2,3,-1,-1,-1
2016133650846,1,9,0,7,0,8,0,0,0,0,1,1,6,1,48,8,1560,2,4,3,1,3
2016133650846,2,9,0,18,0,8,0,0,0,0,4,1,6,2,44,7,1398,1,7,7,3,7
2016133650851,1,9,0,1,9,0,0,0,0,0,2,1,6,1,-1,-1,-1,-1,-1,-1,-1,-1
2016133650911,1,9,0,4,0,1,0,0,0,0,3,1,6,1,45,7,1796,1,7,1,1,1
2016133650911,2,1,0,5,0,1,0,0,0,0,1,1,6,1,11,3,-1,-1,-1,1,1,1
2016133650949,1,9,0,2,0,0,0,0,0,0,2,1,6,1,37,7,1984,1,1,8,1,8
2016133650949,2,9,0,4,0,0,0,0,0,0,1,1,6,2,75,10,1598,2,5,-1,1,-1
2016133650961,1,9,0,9,0,8,0,0,0,0,1,1,6,1,27,6,1679,1,16,1,1,1
2016133650961,2,9,0,18,0,8,0,0,0,0,1,1,6,2,30,6,1596,1,10,2,1,2
2016133651162,1,9,0,17,0,0,1,0,0,0,3,1,6,1,48,8,1461,2,-1,8,2,8
2016133651162,2,3,0,16,0,0,2,0,0,0,3,1,6,1,36,7,125,1,11,3,1,3
2016133651281,1,9,0,18,0,0,0,0,0,0,1,1,6,1,28,6,1968,2,8,4,1,4
2016133651501,1,9,0,5,0,4,0,0,0,0,3,1,6,1,44,7,-1,-1,-1,10,1,10
2016133651501,2,1,0,18,0,8,0,0,0,0,1,1,6,1,52,8,-1,-1,-1,9,1,9
2016133651596,1,3,0,13,0,0,0,0,0,0,4,1,6,1,20,4,124,1,10,-1,-1,-1
2016133651596,2,8,0,9,0,0,0,0,7,2,3,1,1,1,35,6,1896,2,10,1,1,1
2016133651798,1,9,0,18,0,0,0,0,0,0,4,1,6,1,44,7,1560,2,3,3,1,3
2016133651798,2,9,0,2,0,0,0,0,0,0,0,1,6,1,70,10,1956,2,7,7,2,7
2016133651913,1,9,0,18,0,1,0,7,0,10,1,1,6,1,17,4,1598,1,14,-1,-1,-1
2016133660328,1,9,0,9,0,8,0,0,0,0,1,1,6,1,81,11,1796,1,7,1,1,1
2016133660328,2,9,0,18,0,8,0,0,0,0,3,1,6,2,35,6,-1,-1,-1,1,1,1
2016133660328,3,9,0,18,0,8,0,0,0,0,1,1,6,1,47,8,1598,1,12,1,1,1
2016133660463,1,9,0,4,0,8,0,0,0,0,1,1,1,1,30,6,1388,1,14,7,2,7
2016133660463,2,9,0,4,0,8,0,0,0,0,2,1,1,2,49,8,998,1,8,8,1,8
2016133660652,1,3,0,4,0,0,0,0,1,0,1,1,6,1,71,10,124,1,17,-1,-1,-1
2016133660652,2,9,0,3,0,0,0,0,0,0,4,1,6,1,19,4,1560,2,4,5,3,5
2016133660661,1,21,1,9,0,8,0,0,0,0,1,1,1,1,45,7,-1,-1,-1,-1,-1,-1
2016133660661,2,9,0,18,0,3,0,0,0,0,4,1,2,1,40,7,1598,2,2,1,1,1
2016133660729,1,9,0,18,0,0,0,0,0,0,4,1,6,1,-1,-1,1998,2,8,-1,-1,-1
2016133660730,1,19,0,9,0,6,0,0,0,0,3,1,1,2,47,8,-1,-1,-1,-1,-1,-1
2016133660730,2,9,0,18,0,1,0,0,0,0,1,1,6,2,49,8,-1,-1,-1,3,1,3
2016133660752,1,8,0,2,0,1,0,0,0,0,4,1,6,1,64,9,1686,2,7,1,1,1
2016133660781,1,9,0,18,0,0,0,0,0,0,1,1,6,2,85,11,1364,1,8,4,1,4
2016133660781,2,9,0,9,0,0,0,0,0,0,3,1,6,1,-1,-1,-1,-1,-1,-1,-1,-1
2016133660812,1,9,0,18,0,1,0,0,0,0,1,1,6,2,-1,-1,1198,1,2,9,1,9
2016133660812,2,9,0,3,0,1,0,0,0,0,2,1,6,1,35,6,2494,1,14,5,1,5
2016133660845,1,9,0,18,0,0,0,0,0,0,3,1,6,1,30,6,1984,1,8,1,1,1
2016133660845,2,9,0,18,0,0,0,0,0,0,3,1,6,2,74,10,1198,1,12,3,1,3
2016133660885,1,1,0,18,0,0,0,0,0,0,0,1,2,1,60,9,-1,-1,-1,3,1,3
2016133660885,2,3,0,18,0,0,0,0,0,0,0,1,2,1,25,5,125,1,10,3,2,3
2016133660894,1,9,0,9,0,6,0,0,0,0,4,1,6,1,30,6,1999,1,15,4,1,4
2016133660894,2,9,0,18,0,8,0,0,0,0,1,1,6,1,25,5,2993,2,10,2,1,2
2016133660894,3,9,0,2,0,2,0,0,0,0,4,1,6,3,-1,-1,1595,1,10,-1,-1,-1
2016133661146,1,3,0,14,0,1,0,0,0,0,1,1,6,1,17,4,124,1,4,-1,-1,-1
2016133661146,2,9,0,9,0,6,0,0,0,0,3,1,6,2,48,8,1197,1,2,9,1,9
2016133661155,1,9,0,6,0,0,0,0,0,0,3,1,3,1,39,7,1686,2,12,4,1,4
2016133661155,2,1,0,18,0,0,0,0,0,0,1,1,2,1,49,8,-1,-1,-1,3,1,3
2016133661208,1,9,0,8,0,1,0,0,0,0,3,1,6,1,62,9,1956,2,1,2,1,2
2016133661208,2,9,0,7,0,8,0,0,0,0,3,1,6,3,-1,-1,1388,1,15,-1,-1,-1
2016133661209,1,9,0,18,0,0,0,0,0,0,1,1,2,2,25,5,1197,1,1,-1,-1,-1
2016133661209,2,9,0,4,0,0,0,0,0,0,2,1,2,1,36,7,1587,1,12,-1,-1,-1
2016133661209,3,9,0,4,0,0,0,0,0,0,2,1,2,1,38,7,1229,1,-1,-1,-1,-1
2016133661238,1,19,0,9,0,1,0,0,0,0,0,1,2,1,37,7,2143,2,6,5,1,5
2016133661238,2,1,0,18,0,1,0,0,0,0,4,1,2,2,52,8,-1,-1,-1,9,1,9
2016133661364,1,8,0,18,0,1,0,0,0,0,0,1,1,1,40,7,1896,2,7,2,1,2
2016133661364,2,2,0,9,0,1,0,0,0,0,3,1,6,1,13,3,-1,-1,-1,1,1,1
2016133661419,1,19,0,18,0,0,0,0,0,0,1,1,6,1,40,7,1686,2,14,8,1,8
2016133661487,1,4,0,18,0,0,2,0,0,0,3,1,6,1,55,8,400,1,8,5,1,5
2016133661594,1,9,0,18,0,0,0,4,0,0,4,1,6,2,38,7,1598,2,-1,2,3,2
2016133661594,2,9,0,2,0,0,0,0,0,0,3,1,6,3,-1,-1,1999,1,12,-1,-1,-1
2016133661706,1,5,0,18,0,4,0,11,0,0,1,1,6,2,50,8,660,1,4,7,1,7
2016133670393,1,9,0,9,0,8,0,0,0,0,1,1,6,1,-1,-1,1364,1,11,1,1,1
2016133670393,2,1,0,18,0,8,0,0,0,0,1,1,6,1,35,6,-1,-1,-1,8,1,8
2016133670408,1,3,0,17,0,8,2,10,2,11,4,1,2,1,17,4,125,1,-1,3,1,3
2016133670789,1,9,0,18,0,0,1,7,0,0,3,1,2,2,37,7,1299,1,8,4,1,4
2016133670789,2,21,1,11,0,0,0,0,0,0,4,1,1,1,27,6,12900,2,7,4,1,4
2016133670864,1,9,0,7,0,5,0,0,0,0,3,1,6,1,25,5,1598,2,4,1,1,1
2016133670864,2,9,0,18,0,1,0,0,0,0,3,1,6,2,40,7,1968,2,5,1,1,1
2016133670904,1,9,0,14,0,8,0,0,0,0,4,1,6,1,46,8,-1,-1,-1,2,1,2
2016133671218,1,9,0,18,0,1,0,0,0,0,1,1,6,1,-1,-1,2143,2,1,-1,-1,-1
2016133671218,2,9,0,18,0,8,0,0,0,0,0,1,1,1,52,8,2993,2,4,-1,-1,-1
2016133671218,3,9,0,18,0,6,0,0,0,0,4,1,6,2,49,8,1686,2,3,2,1,2
2016133671218,4,9,0,18,0,6,0,0,0,0,1,1,6,1,45,7,1997,2,5,6,1,6
2016133671218,5,9,0,18,0,3,0,0,0,0,1,1,6,1,50,8,2231,2,9,3,1,3
2016133671218,6,9,0,18,0,3,0,0,0,0,0,1,6,2,31,6,1229,1,10,3,1,3
2016133671230,1,9,0,9,0,6,0,0,0,0,1,1,2,2,54,8,998,1,3,9,2,9
2016133671230,2,5,0,18,0,8,2,0,7,0,1,1,2,1,39,7,1250,1,8,10,1,10
2016133671233,1,1,0,18,0,0,0,0,0,0,0,1,6,1,25,5,-1,-1,-1,6,1,6
2016133671233,2,9,0,7,0,0,0,0,0,0,0,1,6,1,26,6,1368,1,7,6,1,6
2016133671249,1,1,0,18,9,8,0,0,0,0,1,1,2,1,35,6,-1,-1,-1,3,1,3
2016133671249,2,9,0,5,0,1,0,0,0,0,4,1,2,2,31,6,1598,2,5,7,1,7
2016133671272,1,1,0,18,0,0,0,0,0,0,1,1,6,1,41,7,-1,-1,-1,7,1,7
2016133671272,2,9,0,2,0,0,0,0,0,0,2,1,6,2,70,10,1329,1,2,9,2,9
2016133671363,1,9,0,5,0,6,0,0,0,0,1,1,6,1,-1,-1,1598,1,13,-1,-1,-1
2016133671363,2,5,0,18,0,8,0,0,0,0,1,1,6,1,47,8,649,1,7,-1,-1,-1
2016133671571,1,9,0,18,0,4,0,0,0,0,0,1,6,1,45,7,1969,2,1,4,1,4
2016133671571,2,3,0,18,0,1,0,0,0,0,0,1,6,1,23,5,125,1,4,1,1,1
2016133671586,1,8,0,18,0,0,0,0,0,0,0,1,6,3,-1,-1,-1,-1,-1,-1,-1,-1
2016133671586,2,9,0,18,0,0,0,0,0,0,3,1,6,2,24,5,1200,1,3,5,1,5
2016133671586,3,9,0,18,0,0,1,4,0,0,3,1,6,2,37,7,1364,1,2,3,1,3
2016133671586,4,9,0,2,0,0,0,0,0,0,3,1,6,3,-1,-1,1587,1,10,-1,-1,-1
2016133671656,1,9,0,18,0,1,0,0,0,0,1,1,6,1,26,6,998,1,15,1,1,1
2016133671656,2,8,0,5,0,1,0,0,0,0,2,1,1,1,47,8,1998,2,7,-1,-1,-1
2016133671693,1,9,0,18,0,8,0,0,0,11,1,1,6,1,54,8,1956,2,2,1,1,1
2016133671693,2,9,0,18,0,6,0,0,1,0,1,1,6,1,44,7,1398,1,1,7,1,7
2016133671693,3,9,0,2,9,1,0,0,0,0,1,1,6,3,-1,-1,-1,-1,-1,3,1,3
2016133671741,1,9,0,18,0,0,0,0,0,0,1,1,6,3,-1,-1,-1,-1,-1,-1,-1,-1
2016133671741,2,1,0,18,0,0,0,0,0,0,2,1,6,1,16,4,-1,-1,-1,10,1,10
2016133680367,1,9,0,16,0,0,0,0,0,0,4,1,6,1,62,9,2179,2,9,5,1,5
2016133680367,2,9,0,5,0,0,0,0,0,0,1,1,6,1,-1,-1,1984,1,8,-1,-1,-1
2016133680403,1,19,0,9,0,6,0,0,0,0,3,1,1,1,52,8,2198,2,-1,4,1,4
2016133680488,1,5,0,3,0,1,0,0,0,0,1,1,6,1,63,9,-1,-1,-1,8,2,8
2016133680488,2,9,0,18,0,1,0,0,0,0,2,1,6,1,43,7,-1,-1,-1,6,1,6
2016133680494,1,3,0,18,0,0,0,0,0,0,4,1,6,1,55,8,1255,1,9,8,1,8
2016133680575,1,9,0,9,0,5,0,0,0,0,3,1,6,2,22,5,1968,2,3,7,2,7
2016133680575,2,9,0,9,0,6,0,0,0,0,1,1,6,2,29,6,1599,1,11,5,3,5
2016133680598,1,9,0,14,0,0,0,0,0,0,3,1,6,1,24,5,1910,2,8,2,1,2
2016133680598,2,21,0,18,0,0,0,0,0,0,3,1,1,1,35,6,10837,2,2,1,1,1
2016133680598,3,9,0,2,0,0,0,0,0,0,4,1,6,3,-1,-1,1753,2,11,-1,-1,-1
2016133680645,1,9,0,18,0,0,0,0,0,0,1,1,6,1,38,7,1198,1,3,3,1,3
2016133680645,2,21,1,18,0,0,0,0,0,0,3,1,1,1,61,9,10837,2,1,1,1,1
2016133680800,1,5,0,16,0,8,2,0,0,0,4,1,6,1,38,7,599,1,14,1,1,1
2016133680835,1,9,0,18,0,0,0,0,0,0,1,1,6,2,-1,-1,1229,1,4,-1,-1,-1
2016133680835,2,9,0,2,0,0,0,0,0,0,2,1,6,1,-1,-1,1197,1,-1,-1,-1,-1
2016133681286,1,9,0,9,0,6,0,0,0,0,3,1,2,1,22,5,973,1,14,4,1,4
2016133681286,2,9,0,18,0,8,0,0,0,0,1,1,6,1,71,10,1995,2,12,2,1,2
2016133681429,1,9,0,18,0,0,0,0,0,0,4,1,2,1,62,9,1596,1,15,7,1,7
2016133681547,1,9,0,7,0,1,0,0,0,0,3,1,6,2,33,6,999,1,-1,5,1,5
2016133681547,2,19,0,5,0,1,0,0,0,0,3,1,6,1,62,9,2488,2,-1,7,1,7
2016133681811,1,9,0,1,0,0,0,0,0,0,2,1,6,1,54,8,1799,1,8,6,1,6
2016133690081,1,9,0,9,0,0,0,0,0,0,1,1,6,3,-1,-1,1896,2,13,-1,-1,-1
2016133690081,2,9,0,9,0,0,0,0,0,0,3,1,2,1,58,9,1461,2,9,2,1,2
2016133690383,1,19,0,18,0,1,0,0,0,0,1,1,1,1,29,6,1598,2,5,3,1,3