Accident_Index,Vehicle_Reference,Vehicle_Type,Towing_and_Articulation,Vehicle_Manoeuvre,Vehicle_Location-Restricted_Lane,Junction_Location,Skidding_and_Overturning,Hit_Object_in_Carriageway,Vehicle_Leaving_Carriageway,Hit_Object_off_Carriageway,1st_Point_of_Impact,Was_Vehicle_Left_Hand_Drive?,Journey_Purpose_of_Driver,Sex_of_Driver,Age_of_Driver,Age_Band_of_Driver,Engine_Capacity_(CC),Propulsion_Code,Age_of_Vehicle,Driver_IMD_Decile,Driver_Home_Area_Type,Vehicle_IMD_Decile
2016133731431,2,22,0,18,0,8,0,0,0,0,1,1,6,1,37,7,-1,-1,-1,-1,-1,-1
2016133731625,1,9,0,18,0,0,0,0,0,0,0,1,6,1,34,6,1598,2,1,4,1,4
2016133731707,1,9,0,18,0,0,0,0,0,0,1,1,6,1,21,5,973,1,15,4,1,4
2016133731813,1,9,0,18,0,2,0,0,0,0,1,1,6,2,32,6,1598,1,6,2,1,2
2016133740214,1,1,0,18,4,0,0,0,0,0,3,1,6,1,28,6,-1,-1,-1,-1,-1,-1
2016133740214,2,9,0,18,0,0,0,0,0,0,4,1,1,1,-1,-1,-1,-1,-1,-1,-1,-1
2016133740288,1,9,0,18,0,1,0,0,0,0,1,1,6,2,53,8,-1,-1,-1,10,1,10
2016133740288,2,9,0,4,0,1,0,0,0,0,2,1,6,1,47,8,1998,1,3,10,2,10
2016133740288,3,21,1,9,0,8,0,0,0,0,0,1,1,1,54,8,12900,2,5,7,1,7
2016133740493,1,9,0,5,0,0,0,0,0,0,3,1,6,2,39,7,-1,-1,-1,8,1,8
2016133740493,2,21,1,18,0,0,0,0,0,0,1,1,1,1,45,7,12902,2,2,6,2,6
2016133740606,1,9,0,9,0,5,0,0,0,0,1,1,6,1,22,5,1968,2,9,6,2,6
2016133740606,2,9,0,18,0,8,0,0,0,0,1,1,6,2,33,6,1397,1,14,1,1,1
2016133740733,1,3,0,18,0,0,0,0,0,0,1,1,1,1,21,5,125,1,6,7,1,7
2016133740855,1,9,0,1,0,0,0,0,0,0,2,1,6,1,65,9,1242,1,7,5,2,5
2016133741075,1,9,0,6,0,8,0,0,0,0,3,1,6,1,18,4,1124,1,10,2,1,2
2016133741075,2,9,0,18,0,1,0,0,0,0,1,1,6,2,36,7,998,1,9,5,1,5
2016133741226,1,8,0,9,0,5,0,0,0,0,1,1,6,1,30,6,1497,8,7,1,1,1
2016133741226,2,9,0,18,0,8,0,0,0,0,1,1,6,2,50,8,1969,1,-1,9,1,9
2016133741261,1,9,0,18,0,0,0,0,0,0,1,1,6,1,-1,-1,-1,-1,-1,-1,-1,-1
2016133741261,2,1,0,18,0,0,5,0,0,0,4,1,4,1,12,3,-1,-1,-1,1,1,1
2016133741304,1,9,0,18,0,8,0,0,0,0,1,1,6,1,39,7,1910,2,9,6,1,6
2016133741304,2,9,0,18,0,8,0,0,0,0,3,1,6,2,41,7,1896,2,13,4,1,4
2016133741674,1,9,0,18,0,0,0,0,0,0,1,1,6,1,-1,-1,-1,-1,-1,-1,-1,-1
2016133741918,1,9,0,2,0,1,0,0,0,0,0,1,6,3,-1,-1,-1,-1,-1,-1,-1,-1
2016133741918,2,9,0,18,0,1,0,0,0,0,1,1,6,1,78,11,1398,2,6,3,1,3
2016133741918,3,9,0,18,0,1,0,0,0,0,0,1,6,3,-1,-1,-1,-1,-1,-1,-1,-1
2016133750192,1,9,0,9,0,6,0,0,0,0,3,1,6,1,25,5,1598,2,3,-1,-1,-1
2016133750192,2,9,0,18,0,1,0,0,0,0,1,1,6,1,30,6,998,1,17,2,1,2
2016133750259,1,9,0,18,0,0,1,0,0,0,1,1,6,3,-1,-1,1598,1,13,-1,-1,-1
2016133750259,2,9,0,4,0,0,0,0,0,0,2,1,6,2,51,8,1197,1,4,4,3,4
2016133750327,1,9,0,18,0,0,0,0,0,0,1,1,2,2,20,4,1229,1,11,5,2,5
2016133750327,2,9,0,4,0,0,0,0,0,0,2,1,6,1,69,10,1560,2,-1,5,2,5
2016133750349,1,19,0,1,9,0,0,0,0,0,2,1,1,1,24,5,2143,2,1,1,1,1
2016133750871,1,9,0,4,0,0,0,0,0,0,1,1,1,1,43,7,1596,1,3,5,1,5
2016133750871,2,9,0,4,0,0,0,0,0,0,2,1,6,2,39,7,1400,2,10,5,1,5
2016133750945,1,9,0,9,0,6,0,0,0,0,1,1,6,1,85,11,1390,1,15,6,1,6
2016133750949,1,8,0,18,0,1,0,0,0,0,1,1,1,1,64,9,-1,-1,-1,1,1,1
2016133750949,2,19,0,18,0,1,0,0,0,0,1,1,1,1,43,7,2402,2,13,1,1,1
2016133750949,3,9,0,11,0,6,0,0,0,0,1,1,6,2,25,5,973,1,15,1,1,1
2016133750969,1,1,0,18,4,8,2,0,0,0,1,1,6,1,38,7,-1,-1,-1,1,1,1
2016133750969,2,20,0,7,0,8,0,0,0,0,4,1,1,1,35,6,-1,-1,-1,4,1,4
2016133751037,1,9,0,9,0,5,0,0,0,0,1,1,6,1,45,7,1968,2,2,2,1,2
2016133751037,2,1,0,18,0,8,0,0,0,0,1,1,6,1,43,7,-1,-1,-1,9,1,9
2016133751089,1,9,0,7,0,8,0,0,0,0,3,1,6,1,39,7,2926,2,16,4,1,4
2016133751089,2,9,0,18,0,8,0,0,0,0,4,1,6,1,23,5,1968,2,-1,2,1,2
2016133751140,1,9,0,18,0,0,0,0,0,0,4,1,6,2,44,7,1896,2,11,5,1,5
2016133751214,1,9,0,9,0,6,0,0,0,0,1,1,6,3,-1,-1,1390,1,15,-1,-1,-1
2016133751214,2,9,0,18,0,8,0,0,0,0,3,1,6,1,26,6,2967,2,1,7,1,7
2016133751329,1,2,0,7,0,5,0,0,0,0,0,1,6,1,30,6,125,1,3,4,1,4
2016133751329,2,11,0,18,0,8,0,0,0,0,0,1,1,1,36,7,6692,2,4,5,1,5
2016133751639,1,9,0,18,0,1,0,0,0,0,1,1,6,1,-1,-1,-1,-1,-1,-1,-1,-1
2016133751639,2,9,0,10,0,1,0,0,0,0,2,1,6,2,28,6,1242,1,12,3,1,3
2016133751714,1,9,0,18,0,0,0,0,1,11,1,1,6,1,35,6,1984,1,10,2,1,2
2016133751714,2,9,0,18,0,0,0,0,0,0,0,1,6,3,-1,-1,-1,-1,-1,-1,-1,-1
2016133760211,1,21,1,17,0,8,5,0,0,2,4,1,1,1,34,6,11946,2,5,4,1,4
2016133761246,1,9,0,18,0,1,0,0,0,0,3,1,6,2,32,6,1461,2,6,7,1,7
2016133761383,1,9,0,18,0,0,5,0,0,0,1,1,6,1,65,9,1242,1,3,-1,-1,-1
2016133761383,2,9,0,4,0,0,0,0,0,0,2,1,6,2,33,6,1396,2,-1,-1,-1,-1
2016133761556,1,9,0,10,0,5,0,0,0,0,2,1,6,2,51,8,998,1,4,2,1,2
2016133761556,2,9,0,18,0,8,0,0,0,0,1,1,6,1,24,5,998,1,15,-1,-1,-1
2016133761691,1,8,0,5,0,0,0,0,0,0,0,1,1,1,-1,-1,1598,2,4,-1,-1,-1
2016133762024,1,9,0,18,0,8,1,0,0,0,1,1,6,2,26,6,999,1,6,10,1,10
2016133762024,2,9,0,9,0,8,1,0,0,0,1,1,6,1,19,4,998,1,-1,-1,-1,-1
2016133762340,1,9,0,16,0,0,1,0,7,3,2,1,6,1,23,5,999,1,-1,4,1,4
2016133770136,1,9,0,7,0,8,0,0,4,11,1,1,6,1,45,7,2967,2,3,3,1,3
2016133770315,1,9,0,9,0,6,0,0,0,0,3,1,3,2,42,7,1968,2,4,6,1,6
2016133770315,2,1,0,18,0,1,0,0,0,0,1,1,2,1,31,6,-1,-1,-1,7,1,7
2016133770326,1,9,0,7,4,8,0,0,0,0,4,1,2,1,25,5,-1,-1,-1,2,1,2
2016133770326,2,1,0,18,4,8,0,0,0,0,1,1,2,1,42,7,-1,-1,-1,10,1,10
2016133770431,1,9,0,2,0,0,0,0,0,0,2,1,6,1,35,6,1389,1,12,1,1,1
2016133770431,2,9,0,4,0,0,0,0,0,0,1,1,6,1,-1,-1,1896,2,9,7,1,7
2016133770458,1,9,0,9,0,5,0,0,0,0,1,1,6,1,80,11,1598,1,15,4,1,4
2016133770458,2,9,0,18,0,1,0,0,1,11,1,1,6,1,56,9,1999,1,10,4,1,4
2016133770535,1,9,0,9,0,5,0,0,0,0,1,1,6,1,61,9,1242,1,7,8,1,8
2016133770535,2,1,0,18,0,1,0,0,0,0,1,1,6,1,37,7,-1,-1,-1,7,1,7
2016133770535,3,1,0,18,0,1,0,0,0,0,1,1,6,1,64,9,-1,-1,-1,7,1,7
2016133770746,1,9,0,9,0,6,0,0,0,0,4,1,6,1,58,9,1956,2,3,-1,-1,-1
2016133770746,2,3,0,14,0,8,0,0,0,0,1,1,6,1,19,4,124,1,-1,-1,-1,-1
2016133770954,1,9,0,18,0,0,0,0,0,0,1,1,1,1,47,8,-1,-1,-1,-1,-1,-1
2016133770954,2,9,0,18,0,0,0,0,0,0,2,1,6,1,40,7,1796,1,8,-1,-1,-1
2016133770954,3,9,0,18,0,0,0,0,0,0,2,1,6,1,52,8,1591,1,8,-1,-1,-1
2016133771168,1,9,0,9,0,8,0,0,0,0,4,1,6,1,42,7,3200,1,12,6,1,6
2016133771168,2,19,0,18,0,1,0,0,0,0,1,1,6,1,42,7,1870,2,10,6,1,6
2016133771189,1,19,0,5,0,0,0,0,0,0,1,1,6,1,50,8,2151,2,12,3,1,3
2016133771189,2,9,4,3,0,0,0,0,0,0,2,1,6,2,60,9,1560,2,1,9,3,9
2016133771189,3,9,0,3,0,0,0,0,0,0,2,1,6,2,21,5,1968,2,9,1,1,1
2016133771267,1,9,0,4,0,1,0,0,0,0,3,1,6,1,28,6,1598,1,2,6,1,6
2016133771267,2,9,0,4,0,1,0,0,0,0,3,1,6,2,45,7,1229,1,2,7,1,7
2016133771267,3,9,0,4,0,1,0,0,0,0,2,1,6,2,55,8,1388,1,8,10,1,10
2016133771470,1,9,0,9,0,8,0,0,0,0,1,1,6,1,24,5,1199,1,13,1,1,1
2016133771470,2,9,0,18,0,8,0,0,0,0,3,1,6,2,23,5,1248,2,7,3,1,3
2016133771483,1,9,0,18,9,8,0,0,1,0,1,1,6,3,-1,-1,-1,-1,-1,-1,-1,-1
2016133771483,2,1,0,18,9,8,0,0,0,0,2,1,6,2,14,3,-1,-1,-1,3,1,3
2016133771640,1,9,0,4,0,8,0,4,0,0,1,1,6,1,27,6,973,1,14,1,1,1
2016133771640,2,8,0,2,0,8,0,0,0,0,2,1,1,1,28,6,1332,1,8,1,1,1
2016133771640,3,9,0,18,0,1,0,0,0,0,0,1,1,1,41,7,2993,2,2,1,1,1
2016133771716,1,9,0,18,0,0,0,0,0,0,1,1,6,2,24,5,1597,1,10,3,1,3
2016133771716,2,1,0,18,0,0,5,0,0,0,4,1,6,1,14,3,-1,-1,-1,1,1,1
2016133780179,1,19,0,16,0,8,0,0,7,10,1,1,6,1,26,6,1248,2,3,2,1,2
2016133780240,1,9,0,18,0,1,1,0,0,0,0,1,2,2,25,5,-1,-1,-1,2,2,2
2016133780274,1,9,0,18,0,1,0,0,0,0,1,1,6,2,27,6,1390,1,5,7,1,7
2016133780274,2,9,0,18,0,1,0,0,0,0,1,1,6,1,47,8,-1,-1,-1,5,1,5
2016133780361,1,9,0,1,0,0,0,0,0,0,2,1,3,1,43,7,1242,1,10,2,1,2
2016133780403,1,9,0,18,0,1,0,0,0,0,2,1,6,2,36,7,1896,2,9,5,1,5
2016133780403,2,19,0,18,0,1,0,0,0,0,1,1,1,1,48,8,4250,2,12,4,1,4
2016133780583,1,3,0,17,0,0,5,0,1,11,1,1,6,1,21,5,125,1,-1,6,3,6
2016133780975,1,9,0,9,0,5,0,0,0,0,1,1,6,2,25,5,1598,1,11,3,1,3
2016133780975,2,1,0,18,0,1,0,0,0,0,1,1,6,2,36,7,-1,-1,-1,1,1,1
2016133781093,1,3,0,18,0,1,0,0,0,0,4,1,6,1,17,4,-1,-1,-1,2,1,2
2016133781093,2,9,0,7,0,8,0,0,0,0,1,1,6,1,36,7,1995,2,13,2,1,2
2016133781148,1,9,0,18,0,0,0,0,0,0,2,1,6,1,29,6,998,1,10,8,1,8
2016133781148,2,9,0,18,0,0,0,0,0,0,2,1,6,1,45,7,-1,-1,-1,2,1,2
2016133781148,3,9,0,18,0,0,0,0,0,0,1,1,6,2,35,6,1956,2,5,8,1,8
2016133781157,1,9,0,18,0,0,0,0,0,0,4,1,6,1,67,10,1896,2,13,7,1,7
2016133781218,1,9,0,18,0,0,0,0,0,0,3,1,6,1,21,5,-1,-1,-1,7,1,7
2016133781327,1,9,0,18,0,0,0,4,1,11,1,1,6,1,23,5,1896,2,12,3,1,3
2016133781327,2,9,0,18,0,0,0,0,0,0,2,1,6,1,61,9,1910,2,10,5,1,5
2016133781327,3,9,0,18,0,0,0,0,1,11,2,1,6,1,45,7,999,1,1,4,1,4
2016133781327,4,9,0,2,0,0,0,0,0,0,2,1,6,1,53,8,1995,2,13,8,1,8
2016133781378,1,19,0,18,0,0,0,0,0,0,1,1,1,1,-1,-1,2198,2,3,-1,-1,-1
2016133781378,2,9,0,4,0,0,0,0,0,0,2,1,6,2,25,5,1242,1,6,8,1,8
2016133781557,1,9,0,3,0,1,0,0,0,0,2,1,6,1,26,6,1998,1,6,5,1,5
2016133781557,2,9,0,18,0,1,0,0,0,0,1,1,6,2,28,6,1598,1,4,10,1,10
2016133781660,1,2,0,16,0,1,0,0,0,0,1,1,6,1,14,3,49,1,14,-1,-1,-1
2016133781660,2,9,0,17,0,1,0,0,0,0,3,1,6,1,40,7,1896,2,12,-1,-1,-1
2016133781978,1,9,0,18,0,4,0,0,0,0,2,1,6,1,33,6,1396,1,19,2,1,2
2016133781978,2,9,0,18,0,4,0,0,0,0,1,1,6,1,31,6,1598,1,11,1,1,1
2016133790558,1,1,0,18,0,1,0,0,0,0,1,1,6,1,44,7,-1,-1,-1,9,3,9
2016133790558,2,9,0,9,0,8,0,0,0,0,1,1,6,1,19,4,998,1,16,9,2,9
2016133790660,1,9,0,9,0,6,0,0,0,0,1,1,6,1,67,10,1998,1,9,1,1,1
2016133790660,2,9,0,18,0,1,0,0,0,0,1,1,6,2,40,7,1685,2,2,8,1,8
2016133790716,1,9,0,18,0,8,0,0,0,0,0,1,6,1,37,7,2199,2,8,5,1,5
2016133790716,2,9,0,18,0,8,0,0,0,0,1,1,6,1,79,11,1560,2,5,7,1,7
2016133790716,3,9,0,18,0,8,0,0,0,0,0,1,1,1,35,6,2993,2,-1,-1,-1,-1
2016133790739,1,9,0,18,0,1,0,0,0,0,1,1,6,1,71,10,1461,2,1,4,1,4
2016133790739,2,9,0,7,0,1,0,0,0,0,2,1,6,2,30,6,1229,1,10,6,2,6
2016133791032,1,9,0,5,0,0,0,0,0,0,3,1,6,3,-1,-1,2199,2,2,-1,-1,-1
2016133791032,2,9,0,18,0,0,0,0,0,0,4,1,6,2,43,7,1685,2,5,2,1,2
2016133791061,1,9,0,18,0,0,1,0,0,0,1,1,6,1,33,6,2402,2,7,4,3,4
2016133791061,2,9,0,18,0,0,0,0,0,0,2,1,6,2,25,5,1598,1,8,6,1,6
2016133791171,1,9,0,13,0,0,0,0,8,5,1,1,2,1,21,5,1398,1,-1,3,1,3
2016133791237,1,11,0,4,0,0,0,0,0,0,0,1,1,2,-1,-1,-1,-1,-1,-1,-1,-1
2016133791716,1,9,4,18,0,0,0,0,0,0,3,1,6,2,47,8,2993,2,5,8,1,8
2016133791808,1,8,0,18,0,0,0,10,0,0,4,1,1,1,35,6,-1,-1,-1,9,1,9
2016133791948,1,3,0,18,0,0,2,10,8,0,1,1,6,1,39,7,125,1,1,1,1,1
20161337A0412,1,9,0,17,0,0,0,0,2,11,1,1,6,1,20,4,1149,1,6,8,1,8
20161337A0412,2,19,0,18,0,0,0,0,0,0,1,1,1,1,40,7,2198,2,3,1,1,1
20161337A0480,1,9,0,18,0,1,0,0,2,0,4,1,1,2,25,5,998,1,4,6,2,6
20161337A0567,1,9,0,4,0,0,0,0,0,0,2,1,6,2,52,8,875,1,4,9,1,9
20161337A0567,2,1,0,18,0,0,2,0,0,0,1,1,6,1,75,10,-1,-1,-1,1,1,1
20161337A0567,3,1,0,18,0,0,2,0,0,0,1,1,6,1,68,10,-1,-1,-1,7,1,7
20161337A0567,4,1,0,18,0,0,2,0,0,0,1,1,6,1,74,10,-1,-1,-1,2,1,2
20161337A0666,1,1,0,18,0,8,5,0,0,0,1,1,6,1,28,6,-1,-1,-1,10,2,10
20161337A0666,2,9,0,5,0,8,0,0,0,0,3,1,6,2,68,10,1388,1,6,4,1,4
20161337A0763,1,9,0,4,0,0,1,0,0,0,1,1,6,1,31,6,1997,2,13,-1,-1,-1
20161337A0763,2,9,0,4,0,0,0,0,0,0,2,1,6,1,56,9,1242,1,9,-1,-1,-1
20161337A0763,3,9,0,4,0,0,0,0,0,0,2,1,6,1,33,6,1870,2,11,-1,-1,-1
20161337A0836,1,9,0,9,0,6,0,0,0,0,1,1,6,2,56,9,1991,2,9,6,3,6
20161337A0836,2,9,0,18,0,8,0,0,0,0,4,1,6,1,41,7,1598,2,1,8,1,8
20161337A0941,1,9,0,18,0,0,0,10,1,10,1,1,6,1,22,5,1998,1,20,-1,-1,-1
20161337A1094,1,9,0,4,0,0,0,0,0,0,1,1,6,2,27,6,1229,1,9,1,1,1
20161337A1094,2,3,0,17,0,0,0,0,0,0,1,1,6,1,23,5,123,1,32,1,1,1
20161337A1134,1,9,0,18,0,8,1,0,0,0,1,1,6,3,-1,-1,-1,-1,-1,-1,-1,-1
20161337A1134,2,9,0,18,0,8,0,0,0,0,3,1,6,2,42,7,1896,2,12,6,3,6
20161337A1134,3,9,0,18,0,8,0,0,0,0,0,1,1,1,37,7,1598,2,1,1,1,1
20161337A1233,1,3,0,18,0,0,0,0,0,0,1,1,6,1,19,4,125,1,1,2,1,2
20161337A1233,2,9,0,18,0,0,0,0,0,0,2,1,6,2,26,6,1242,1,14,1,1,1
20161337A1250,1,9,0,18,0,8,0,0,0,0,1,1,6,1,27,6,2335,2,19,1,1,1
20161337A1250,2,9,0,18,0,8,0,0,0,0,2,1,1,1,36,7,2993,2,1,1,1,1
20161337A1250,3,9,0,18,0,8,0,0,0,0,4,1,1,1,45,7,2993,2,3,1,1,1
20161337A1250,4,9,0,18,0,8,0,0,0,0,3,1,6,1,46,8,1686,2,11,2,1,2
20161337A1282,1,9,0,18,0,8,0,0,0,0,1,1,6,2,21,5,-1,3,1,9,3,9
20161337A1282,2,19,0,18,0,8,0,0,0,0,3,1,1,1,31,6,1753,2,10,5,1,5
20161337A1312,1,9,0,18,0,0,0,0,0,0,1,1,6,2,35,6,1461,2,5,7,1,7
20161337A1312,2,9,0,2,0,0,0,0,0,0,4,1,6,1,-1,-1,-1,-1,-1,1,1,1
20161337A1312,3,9,0,18,0,0,0,0,0,0,1,1,6,3,-1,-1,-1,-1,-1,-1,-1,-1
20161337A1312,4,9,0,2,0,0,0,0,0,0,4,1,6,1,-1,-1,1998,2,8,2,1,2
20161337A1349,1,9,0,18,0,0,0,0,0,0,1,1,6,1,68,10,1781,1,13,10,1,10
20161337A1349,2,9,0,18,0,0,0,0,0,0,2,1,6,2,36,7,1797,8,1,1,1,1
20161337A1370,1,9,0,18,0,0,0,0,0,0,1,1,6,2,47,8,1870,2,13,4,1,4
20161337A1370,2,9,0,18,0,0,0,0,0,0,1,1,6,1,27,6,1984,1,10,7,1,7
20161337A1580,1,9,0,18,0,0,0,0,0,0,3,1,6,1,30,6,1240,1,12,1,1,1
20161337A1580,2,9,0,18,0,0,0,0,4,6,4,1,6,2,25,5,1388,1,11,1,1,1
20161337A1809,1,3,0,9,0,8,0,0,0,0,4,1,6,3,-1,-1,-1,-1,-1,-1,-1,-1
20161337A1859,1,9,0,5,0,8,0,0,0,0,1,1,6,1,54,8,1686,2,4,4,1,4
20161337A1859,2,9,0,5,0,6,0,0,0,0,2,1,6,1,40,7,2204,2,8,2,1,2
20161337B0834,1,9,0,18,0,0,0,0,0,0,3,1,6,3,-1,-1,-1,-1,-1,-1,-1,-1
20161337B0842,1,9,0,18,0,0,2,4,2,11,1,1,6,1,84,11,1242,1,1,9,1,9
20161337B0842,2,9,0,2,0,0,0,0,0,11,3,1,1,3,41,7,1968,2,7,6,2,6
20161337B1054,1,3,0,18,9,0,0,0,0,0,1,1,6,3,-1,-1,-1,-1,-1,-1,-1,-1
20161337B1100,1,9,0,1,0,0,0,0,0,0,2,1,6,1,71,10,1461,2,5,8,1,8
20161337B1100,2,10,0,2,0,0,0,0,0,0,0,1,6,1,-1,-1,-1,-1,-1,-1,-1,-1
20161337B1107,1,9,0,9,0,6,0,0,0,0,1,1,2,1,59,9,1969,2,-1,6,2,6
20161337B1107,2,4,0,14,0,8,0,0,0,0,1,1,6,1,75,10,299,1,2,8,3,8
20161337B1179,1,9,0,18,0,0,0,0,0,0,1,1,6,2,20,4,1596,1,16,-1,-1,-1
20161337B1179,2,9,0,18,0,0,0,0,0,0,2,1,6,1,28,6,1560,2,1,10,1,10
20161337B1301,1,9,0,18,0,0,0,0,0,0,1,1,6,1,38,7,1396,1,15,2,1,2
20161337B1301,2,1,0,18,0,0,0,0,0,0,1,1,6,1,10,2,-1,-1,-1,3,1,3
20161337B1764,1,1,0,18,9,1,0,0,0,0,1,1,4,2,11,3,-1,-1,-1,8,1,8
20161337B1764,2,9,0,3,0,1,0,0,0,0,4,1,3,2,65,9,1198,1,2,9,1,9
20161337C0306,1,9,0,18,0,0,0,0,0,0,1,1,3,2,64,9,1461,2,1,4,1,4
20161337C0389,1,9,0,18,9,0,0,0,2,11,1,1,6,1,-1,-1,3200,1,9,-1,-1,-1
20161337C0389,2,9,0,1,9,0,0,0,0,0,3,1,6,2,35,6,1998,2,1,7,1,7
20161337C0398,1,9,0,18,0,1,1,0,0,7,4,1,6,3,-1,-1,1341,1,12,-1,-1,-1
20161337C0398,2,9,0,4,0,1,0,0,0,0,2,1,6,1,76,11,1328,1,11,2,1,2
20161337C0398,3,9,0,4,0,1,0,0,0,0,2,1,6,1,47,8,2685,2,13,1,1,1
20161337C0398,4,9,0,4,0,1,0,0,0,0,2,1,6,1,61,9,998,1,3,4,1,4
20161337C0460,1,9,0,18,0,0,0,0,1,9,4,1,6,2,51,8,1997,1,9,1,1,1
20161337C0928,1,9,0,9,0,6,0,0,0,0,3,1,1,1,55,8,1997,2,6,8,1,8
20161337C0928,2,3,0,18,0,1,0,0,0,0,1,1,6,1,17,4,124,1,1,1,1,1
20161337C1037,1,5,0,13,0,0,0,0,0,0,4,1,6,1,57,9,800,1,1,1,1,1
20161337C1037,2,8,0,18,0,0,0,0,0,0,3,1,6,1,24,5,1968,2,4,3,1,3
20161337C1112,1,9,0,7,0,6,0,0,0,0,4,1,2,2,35,6,1299,1,11,6,1,6
20161337C1112,2,3,0,7,0,6,2,0,0,0,3,1,2,1,40,7,125,1,5,1,1,1
20161337C1130,1,9,0,7,0,8,1,0,0,0,4,1,6,1,-1,-1,1796,1,10,-1,-1,-1
20161337C1130,2,9,0,18,0,8,0,0,0,0,0,1,1,1,45,7,2993,2,-1,-1,-1,-1
20161337C1130,3,9,0,10,0,8,0,0,0,0,3,1,6,1,52,8,1995,2,2,-1,-1,-1
20161337C1154,1,9,0,9,0,8,0,0,0,0,1,1,6,2,30,6,1198,1,9,1,1,1
20161337C1154,2,9,0,18,0,8,0,0,0,0,1,1,6,2,51,8,1560,2,5,3,1,3
20161337C1249,1,9,0,18,0,6,0,0,0,0,1,1,6,1,33,6,2979,1,5,-1,-1,-1
20161337C1249,2,1,0,18,0,1,0,0,0,0,1,1,2,1,44,7,-1,-1,-1,-1,-1,-1
20161337C1458,1,8,0,18,0,0,0,0,0,0,0,1,6,3,-1,-1,1997,2,8,-1,-1,-1
20161337C1503,1,9,0,18,0,1,0,0,0,0,2,1,6,2,53,8,1995,2,1,2,1,2
20161337C1503,2,9,0,18,0,1,0,0,0,0,1,1,6,2,18,4,1229,1,8,1,1,1
20161337C1511,1,9,0,7,0,5,0,0,0,0,1,1,6,1,22,5,1968,2,6,2,1,2
20161337C1511,2,9,0,4,0,6,0,0,0,0,1,1,6,2,21,5,1598,1,10,3,1,3
20161337D0249,1,3,0,7,0,5,0,0,0,0,1,1,6,3,-1,-1,-1,-1,-1,-1,-1,-1
20161337D0249,2,1,0,18,0,8,0,0,0,0,3,1,6,1,34,6,-1,-1,-1,-1,-1,-1
20161337D0257,1,9,0,18,0,8,0,0,0,0,1,1,2,1,37,7,998,1,3,5,1,5
20161337D0257,2,1,0,9,0,6,0,0,0,0,3,1,2,2,26,6,-1,-1,-1,5,1,5
20161337D0303,1,21,1,18,0,1,0,0,0,0,1,1,1,1,70,10,12902,2,2,-1,-1,-1
20161337D0303,2,9,0,18,0,1,0,0,0,0,2,1,2,1,59,9,1248,2,5,8,1,8
20161337D0321,1,9,0,18,0,8,0,0,7,0,4,1,6,2,35,6,998,1,14,2,1,2
20161337D0321,2,9,0,9,0,6,0,0,0,0,1,1,3,2,36,7,1597,1,10,2,1,2
20161337D0414,1,9,0,18,0,0,0,0,1,11,1,1,2,1,18,4,1896,2,9,5,1,5
20161337D0416,1,9,0,18,0,0,0,0,0,0,3,1,6,2,52,8,1197,1,1,8,1,8
20161337D0416,2,1,0,18,0,0,0,0,0,0,1,1,4,1,13,3,-1,-1,-1,8,1,8
20161337D0580,1,8,0,18,0,8,0,0,0,0,1,1,6,1,48,8,1896,2,8,-1,-1,-1
20161337D0580,2,9,0,18,0,8,0,0,0,0,1,1,6,1,35,6,-1,-1,-1,-1,-1,-1
20161337D0738,1,21,1,18,0,0,0,0,0,0,1,1,1,1,68,10,7698,2,2,9,1,9
20161337D0738,2,9,0,4,0,0,0,0,0,0,2,1,6,1,42,7,1587,1,14,2,1,2
20161337D0926,1,11,0,7,0,3,0,0,0,0,4,1,1,1,41,7,-1,-1,-1,-1,-1,-1
20161337D1096,1,9,0,18,0,1,0,0,0,0,4,1,6,2,20,4,1199,1,13,2,1,2
20161337D1154,1,9,0,18,0,0,0,0,0,0,1,1,1,1,48,8,1997,2,8,9,2,9
20161337D1154,2,9,0,4,0,0,0,0,0,6,2,1,1,1,62,9,1199,2,2,9,2,9
20161337D1294,1,9,0,8,0,1,0,0,0,0,3,1,6,2,56,9,1997,2,2,9,1,9
20161337D1294,2,9,0,7,0,3,0,0,0,0,4,1,6,1,16,4,1598,1,2,2,1,2
20161337D1428,1,9,0,7,0,5,0,0,0,0,1,1,6,1,-1,-1,1796,1,12,6,1,6
20161337D1428,2,5,0,3,0,8,0,0,0,0,4,1,6,2,57,9,675,1,1,5,1,5
20161337D1634,1,9,0,18,0,0,0,0,1,1,1,1,6,1,74,10,1198,1,7,8,1,8
20161337D1676,1,9,0,18,0,0,0,0,0,0,3,1,6,1,26,6,1598,1,13,7,1,7
20161337D1676,2,9,0,12,0,0,0,0,0,0,1,1,6,2,31,6,1995,1,12,1,1,1
20161337D1716,1,9,0,18,0,0,0,0,0,0,3,1,6,1,26,6,1984,1,2,-1,-1,-1
20161337D1716,2,5,0,18,0,0,0,0,0,0,3,1,6,1,39,7,599,1,18,-1,-1,-1
20161337D1854,1,9,0,3,0,0,0,0,0,0,0,1,6,1,20,4,998,1,1,8,1,8
20161337D1854,2,9,0,18,0,0,0,0,0,0,1,1,6,1,45,7,999,1,1,-1,-1,-1
20161337E0280,1,5,0,18,0,8,5,0,0,0,1,1,2,1,39,7,689,1,1,9,1,9
20161337E0280,2,9,0,9,0,5,0,0,0,0,3,1,6,1,53,8,1587,1,10,1,1,1
20161337E0303,1,8,0,9,0,5,0,0,0,0,3,1,1,1,34,6,1582,2,4,-1,-1,-1
20161337E0303,2,3,0,13,0,8,2,0,0,0,1,1,2,2,45,7,124,1,6,-1,-1,-1