Accident_Index,Vehicle_Reference,Vehicle_Type,Towing_and_Articulation,Vehicle_Manoeuvre,Vehicle_Location-Restricted_Lane,Junction_Location,Skidding_and_Overturning,Hit_Object_in_Carriageway,Vehicle_Leaving_Carriageway,Hit_Object_off_Carriageway,1st_Point_of_Impact,Was_Vehicle_Left_Hand_Drive?,Journey_Purpose_of_Driver,Sex_of_Driver,Age_of_Driver,Age_Band_of_Driver,Engine_Capacity_(CC),Propulsion_Code,Age_of_Vehicle,Driver_IMD_Decile,Driver_Home_Area_Type,Vehicle_IMD_Decile
20161337E0310,1,9,0,18,0,0,0,0,0,0,1,1,2,1,21,5,1198,1,14,6,1,6
20161337E0310,2,8,0,4,0,0,0,0,1,0,2,1,1,1,31,6,1364,2,1,1,1,1
20161337E0392,1,9,0,1,0,8,0,0,0,0,2,1,1,1,45,7,2993,2,2,5,3,5
20161337E0430,1,9,0,17,0,5,1,0,1,11,1,1,6,2,85,11,1596,1,11,9,1,9
20161337E0436,1,9,0,18,0,1,0,0,0,0,1,1,6,2,65,9,996,1,2,2,1,2
20161337E0589,1,9,0,18,0,1,0,0,0,0,3,1,6,1,25,5,1242,1,9,5,2,5
20161337E0791,1,9,0,18,0,0,0,0,0,0,1,1,6,2,67,10,1968,2,-1,7,2,7
20161337E0791,2,3,0,5,0,0,2,0,0,0,3,1,2,1,51,8,124,1,4,1,1,1
20161337E0870,1,9,0,5,0,0,0,0,0,0,1,1,6,2,25,5,998,1,4,-1,-1,-1
20161337E0872,1,9,0,7,0,1,0,0,0,0,1,1,6,2,29,6,2204,2,9,2,1,2
20161337E0872,2,1,0,18,0,1,0,0,0,0,1,1,6,1,16,4,-1,-1,-1,4,1,4
20161337E1286,1,19,0,18,0,0,0,0,0,0,3,1,6,1,-1,-1,-1,-1,-1,-1,-1,-1
20161337E1286,2,1,0,4,0,0,5,0,0,0,4,1,6,1,29,6,-1,-1,-1,1,1,1
20161337E1314,1,9,0,4,0,0,0,0,0,0,1,1,6,1,24,5,1995,2,14,1,1,1
20161337E1314,2,9,0,4,0,0,0,0,0,0,2,1,6,2,23,5,1390,1,4,2,1,2
20161337E1371,1,9,0,9,0,1,0,0,0,0,1,1,6,1,41,7,1497,1,7,3,1,3
20161337E1371,2,1,0,18,0,1,0,0,0,0,4,1,6,1,48,8,-1,-1,-1,5,1,5
20161337E1487,1,4,0,18,0,8,0,0,0,0,1,1,2,1,17,4,125,1,-1,2,1,2
20161337E1487,2,9,0,18,0,8,0,0,0,0,1,1,6,2,43,7,1968,2,3,8,3,8
20161337E1501,1,9,0,6,0,0,0,0,0,0,4,1,6,2,25,5,1968,2,8,2,1,2
20161337E1501,2,2,0,18,0,0,0,0,0,0,1,1,6,1,28,6,125,1,6,4,1,4
20161337E1540,1,9,0,18,0,0,0,0,0,0,4,1,6,1,36,7,1560,2,9,1,1,1
20161337E1718,1,9,0,18,0,0,0,0,0,0,1,1,6,3,-1,-1,1896,2,12,-1,-1,-1
20161337F0253,1,1,0,18,9,0,5,0,0,0,1,1,4,1,11,3,-1,-1,-1,-1,-1,-1
20161337F0253,2,19,0,3,0,0,0,0,0,0,3,1,1,1,27,6,1598,2,2,-1,-1,-1
20161337F0305,1,9,0,10,9,6,0,0,0,0,1,1,3,1,84,11,1086,1,9,-1,-1,-1
20161337F0307,1,9,0,5,9,0,0,0,0,0,3,1,3,2,44,7,1598,1,3,8,1,8
20161337F0372,1,9,0,5,0,6,0,0,0,0,1,1,6,1,35,6,1968,2,4,8,1,8
20161337F0372,2,9,0,18,0,8,0,0,7,0,4,1,6,2,95,11,1200,1,12,9,1,9
20161337F0643,1,9,0,18,0,1,0,7,0,0,1,1,6,1,74,10,1496,2,-1,2,1,2
20161337F0785,1,9,0,18,0,8,0,0,0,0,1,1,1,1,53,8,1968,2,5,-1,-1,-1
20161337F0785,2,8,0,18,0,8,0,0,0,0,4,1,1,1,53,8,1995,2,5,-1,-1,-1
20161337F0919,1,9,0,18,0,1,0,0,0,0,2,1,6,1,27,6,2993,2,6,3,1,3
20161337F0919,2,9,0,18,0,1,0,0,0,0,1,1,6,2,21,5,1242,1,5,6,1,6
20161337F0972,1,9,0,18,0,8,0,0,0,0,4,1,6,1,28,6,2324,1,15,7,2,7
20161337F0972,2,9,0,5,0,6,0,0,0,0,0,1,6,2,37,7,1998,1,9,8,1,8
20161337F0985,1,9,0,18,0,0,0,0,8,0,1,1,1,1,54,8,999,1,2,7,3,7
20161337F0985,2,9,0,18,0,0,0,0,0,0,1,1,6,1,56,9,2099,1,12,5,1,5
20161337F1028,1,9,0,18,0,1,0,0,0,0,1,1,6,1,54,8,2204,2,11,8,1,8
20161337F1210,1,1,0,18,9,0,0,0,0,0,1,1,6,1,13,3,-1,-1,-1,3,1,3
20161337F1210,2,9,0,3,0,0,0,0,0,0,3,1,6,1,39,7,1248,1,3,7,1,7
20161337F1265,1,9,0,18,0,0,0,0,0,0,3,1,6,1,57,9,1998,1,15,3,1,3
20161337F1378,1,9,0,18,0,1,0,0,0,0,1,1,6,3,-1,-1,2993,2,3,-1,-1,-1
20161337F1378,2,9,0,3,0,1,0,0,0,0,2,1,6,1,17,4,999,1,2,7,1,7
20161337F1378,3,9,0,3,0,1,0,0,0,0,2,1,6,3,-1,-1,-1,-1,-1,-1,-1,-1
20161337F1404,1,9,0,16,0,0,1,0,0,0,1,1,6,3,-1,-1,1339,1,13,-1,-1,-1
20161337F1404,2,9,0,18,0,0,0,0,0,0,1,1,6,1,33,6,1995,2,11,3,1,3
20161337F1996,1,8,0,18,0,0,0,0,0,0,1,1,1,1,59,9,1896,2,7,10,1,10
20161337G0113,1,9,0,18,0,0,0,0,0,0,1,1,6,3,-1,-1,-1,-1,-1,-1,-1,-1
20161337G0113,2,8,0,2,0,0,0,0,0,0,2,1,1,1,59,9,1995,2,6,1,1,1
20161337G0207,1,21,1,18,0,0,0,0,0,0,2,1,1,1,51,8,12777,2,2,1,1,1
20161337G0207,2,11,0,18,0,0,0,0,0,0,1,1,1,1,35,6,9360,2,5,2,1,2
20161337G0543,1,9,0,18,0,0,0,0,0,0,4,1,6,2,27,6,1598,1,9,9,1,9
20161337G0543,2,9,0,5,0,0,0,0,0,0,3,1,6,1,-1,-1,1598,2,-1,3,2,3
20161337G0720,1,9,0,18,0,0,0,0,0,0,1,1,6,1,45,7,1242,1,9,8,1,8
20161337G0757,1,19,0,18,0,8,0,0,0,0,4,1,6,1,23,5,1598,2,1,3,1,3
20161337G0757,2,19,0,12,0,8,0,2,0,0,3,1,6,3,-1,-1,2198,2,4,-1,-1,-1
20161337G0863,1,9,0,11,0,0,0,0,0,0,4,1,6,1,18,4,998,1,1,4,1,4
20161337G0863,2,11,0,18,0,0,0,0,0,0,3,1,1,1,38,7,7300,2,11,7,1,7
20161337G0944,1,19,0,3,0,0,0,0,0,0,2,1,6,1,22,5,2287,2,1,10,1,10
20161337G0944,2,9,0,18,0,0,0,0,0,0,1,1,6,1,47,8,1968,2,8,7,1,7
20161337G0968,1,9,0,9,0,1,0,0,0,0,3,1,6,1,19,4,1968,2,3,4,1,4
20161337G0968,2,9,0,18,0,1,0,0,0,0,1,1,6,2,27,6,1198,1,11,3,1,3
20161337G1104,1,9,0,18,0,0,0,0,0,0,1,1,6,1,27,6,1598,1,12,3,1,3
20161337G1104,2,1,0,18,0,0,0,0,0,0,1,1,6,1,14,3,-1,-1,-1,1,1,1
20161337G1149,1,9,0,18,0,0,0,0,0,0,4,1,6,1,54,8,1995,2,3,3,1,3
20161337G1206,1,9,0,9,0,8,0,0,0,0,4,1,6,2,27,6,1149,1,3,2,1,2
20161337G1206,2,9,0,18,0,8,0,0,0,0,1,1,6,2,46,8,2179,2,6,9,3,9
20161337G1431,1,9,0,18,0,0,0,0,0,0,4,1,6,1,49,8,1997,2,-1,-1,-1,-1
20161337G1440,1,9,0,9,0,5,0,0,0,0,3,1,6,1,19,4,1995,2,2,6,1,6
20161337G1576,1,9,0,7,0,8,0,0,0,0,1,1,6,1,29,6,1975,1,10,3,1,3
20161337G1576,2,9,0,18,0,1,0,0,0,0,4,1,6,2,80,11,999,1,-1,7,1,7
20161337G1576,3,9,0,3,0,2,0,0,0,0,3,1,6,1,38,7,1968,2,3,1,1,1
20161337G1826,1,9,0,18,0,0,0,0,8,2,3,1,6,1,43,7,1598,1,6,-1,-1,-1
20161337G1826,2,9,0,2,0,0,0,0,0,0,2,1,6,3,-1,-1,1598,1,3,-1,-1,-1
20161337G1826,3,9,0,2,0,0,0,0,0,0,2,1,6,3,-1,-1,1598,2,3,-1,-1,-1
20161337G1905,1,9,0,2,0,0,0,0,0,0,3,1,6,1,32,6,2231,2,4,4,1,4
20161337G1905,2,9,0,18,0,0,0,0,0,0,0,1,6,3,-1,-1,1994,1,13,-1,-1,-1
20161337G1905,3,9,0,18,0,0,0,0,0,0,3,1,6,3,-1,-1,2800,1,16,-1,-1,-1
20161337H0582,1,9,0,18,0,0,0,0,0,0,1,1,6,1,40,7,1796,1,10,3,1,3
20161337H0648,1,9,0,18,0,0,0,0,0,0,1,1,6,1,23,5,1598,1,7,2,1,2
20161337H0648,2,9,0,4,0,0,0,0,0,0,2,1,6,2,19,4,998,1,2,7,1,7
20161337H0740,1,5,0,16,0,0,2,10,0,10,3,1,6,1,30,6,649,1,6,10,1,10
20161337H0789,1,1,0,18,0,1,0,0,0,0,1,1,6,1,27,6,-1,-1,-1,1,1,1
20161337H0789,2,9,0,18,0,1,0,0,0,0,4,1,6,1,68,10,1560,2,7,4,1,4
20161337H0870,1,9,0,3,0,0,0,0,0,0,2,1,6,2,36,7,1200,1,1,6,1,6
20161337H0870,2,9,0,4,0,0,0,0,0,0,2,1,6,1,45,7,1984,1,13,7,2,7
20161337H0870,3,9,0,18,0,0,0,0,0,0,1,1,6,1,21,5,1896,2,9,4,1,4
20161337H0889,1,1,0,16,0,0,0,0,8,7,1,1,6,1,32,6,-1,-1,-1,1,1,1
20161337H0889,2,9,0,17,0,0,0,0,0,0,1,1,6,1,69,10,1598,1,11,6,2,6
20161337H0892,1,1,0,16,0,0,0,0,0,0,1,1,6,1,61,9,-1,-1,-1,2,1,2
20161337H0892,2,9,0,3,0,0,0,0,0,0,2,1,1,1,53,8,-1,-1,-1,7,3,7
20161337H0999,1,9,0,9,0,8,0,0,0,0,1,1,6,2,79,11,998,1,11,-1,-1,-1
20161337H0999,2,1,0,18,0,8,5,0,0,0,4,1,6,1,49,8,-1,-1,-1,1,1,1
20161337H1008,1,8,0,6,0,0,0,0,0,0,3,1,1,1,62,9,1956,2,6,1,1,1
20161337H1008,2,9,0,14,0,0,0,0,0,0,4,1,1,2,46,8,1968,2,3,10,1,10
20161337H1010,1,9,0,7,0,8,0,0,0,0,1,1,6,1,33,6,1995,2,9,1,1,1
20161337H1010,2,1,0,18,0,8,0,0,0,0,1,1,6,2,27,6,-1,-1,-1,1,1,1
20161337H1138,1,9,0,18,0,1,0,0,0,0,1,1,1,1,48,8,-1,-1,-1,3,1,3
20161337H1138,2,9,0,3,0,1,0,0,0,0,2,1,6,2,50,8,1596,1,3,4,1,4
20161337H1153,1,9,0,4,0,0,0,0,0,0,1,1,6,1,-1,-1,-1,-1,-1,-1,-1,-1
20161337H1153,2,9,0,3,0,0,0,0,0,0,2,1,6,2,39,7,2191,2,1,7,1,7
20161337H1476,1,9,0,18,0,0,1,0,0,0,1,1,6,1,44,7,1910,2,10,3,1,3
20161337H1476,2,9,0,18,0,0,1,0,1,11,3,1,6,1,35,6,2204,2,12,4,1,4
20161337H1718,1,90,0,14,0,0,0,0,0,0,4,1,6,1,50,8,-1,-1,-1,3,1,3
20161337H1718,2,9,0,2,0,0,0,0,0,0,3,1,6,1,-1,-1,1497,1,12,-1,-1,-1
20161337H1956,1,3,0,18,0,0,2,0,1,1,1,1,6,1,17,4,125,1,6,3,1,3
20161337H2053,1,9,0,18,0,0,0,0,0,0,3,1,6,3,-1,-1,-1,-1,-1,-1,-1,-1
20161337I0293,1,9,0,3,0,1,0,0,0,0,0,1,6,2,30,6,1461,2,5,5,1,5
20161337I0293,2,9,0,18,0,1,0,0,0,0,1,1,2,1,18,4,1229,1,11,9,2,9
20161337I0341,1,9,0,9,0,8,0,0,0,0,1,1,6,2,55,8,1968,2,8,8,1,8
20161337I0341,2,1,0,10,0,8,0,0,0,0,1,1,2,2,30,6,-1,-1,-1,3,1,3
20161337I0541,1,9,0,4,0,0,0,0,0,0,1,1,6,1,88,11,1390,1,5,5,1,5
20161337I0619,1,9,0,18,0,0,0,0,6,0,3,1,6,1,36,7,2953,2,10,1,1,1
20161337I0619,2,9,0,12,0,0,0,0,0,0,0,1,6,3,-1,-1,1968,2,3,-1,-1,-1
20161337I0619,3,9,0,18,0,0,0,0,0,0,3,1,6,2,44,7,1124,1,13,1,1,1
20161337I0717,1,9,0,18,0,8,0,0,0,0,1,1,6,1,30,6,1582,2,7,8,1,8
20161337I0717,2,9,0,9,0,8,0,0,0,0,3,1,6,2,26,6,1998,1,8,7,3,7
20161337I0734,1,11,0,1,3,0,0,0,0,0,0,1,1,1,65,9,9360,2,4,7,1,7
20161337I0750,1,9,0,13,0,0,1,0,0,0,4,1,6,1,20,4,1398,2,13,2,1,2
20161337I0750,2,21,0,12,0,0,0,0,0,0,3,1,1,1,56,9,6370,2,17,1,1,1
20161337I0790,1,11,0,5,0,0,0,0,0,0,0,1,1,1,62,9,6692,2,4,3,1,3
20161337I0812,1,9,0,5,0,0,0,0,0,0,1,1,6,1,-1,-1,1997,2,12,-1,-1,-1
20161337I0812,2,9,0,18,0,0,0,0,0,0,4,1,6,1,19,4,1149,1,9,1,1,1
20161337I1078,1,9,0,18,0,1,0,0,0,0,1,1,6,2,-1,-1,1995,2,5,-1,-1,-1
20161337I1078,2,1,0,18,0,1,0,0,0,0,2,1,6,1,51,8,-1,-1,-1,3,3,3
20161337I1115,1,21,1,18,0,0,0,0,0,0,1,1,1,1,52,8,12809,2,-1,6,2,6
20161337I1115,2,9,0,18,0,0,1,0,1,7,2,1,2,1,31,6,1398,1,5,4,1,4
20161337I1154,1,9,0,18,0,6,0,0,0,0,4,1,1,1,49,8,1364,2,6,2,1,2
20161337I1154,2,5,0,18,0,8,5,0,0,0,1,1,6,2,20,4,1157,1,11,1,1,1
20161337I1225,1,5,0,18,0,0,0,0,0,0,1,1,6,1,50,8,892,1,15,8,1,8
20161337I1225,2,1,0,18,0,0,0,0,0,0,3,1,6,2,19,4,-1,-1,-1,2,1,2
20161337I1268,1,9,0,9,0,8,0,0,0,0,3,1,6,1,47,8,1598,1,2,9,1,9
20161337I1268,2,1,0,18,0,8,0,0,0,0,1,1,6,1,12,3,-1,-1,-1,8,1,8
20161337I1278,1,1,0,18,0,0,0,0,0,0,1,1,6,1,9,2,-1,-1,-1,4,1,4
20161337I1278,2,9,0,18,0,0,0,0,0,0,4,1,6,2,46,8,1995,2,5,-1,-1,-1
20161337I1307,1,9,0,18,0,8,0,0,0,0,4,1,6,2,52,8,1197,1,2,8,1,8
20161337I1307,2,1,0,7,0,6,0,0,0,0,1,1,6,1,8,2,-1,-1,-1,3,1,3
20161337I1355,1,9,0,18,0,0,0,0,0,0,1,1,6,1,46,8,1461,2,3,7,1,7
20161337I1449,1,21,1,18,0,0,0,0,0,0,1,1,1,1,46,8,-1,-1,-1,-1,-1,-1
20161337I1449,2,9,0,18,0,0,1,0,0,0,2,1,1,2,38,7,1968,2,-1,4,1,4
20161337I1719,1,4,0,18,6,0,2,0,1,0,1,1,6,1,28,6,625,1,10,3,1,3
20161337I1719,2,9,0,2,6,0,0,0,0,0,2,1,6,2,-1,-1,1598,1,9,-1,-1,-1
20161337I1744,1,9,0,4,0,1,0,0,0,0,1,1,6,2,24,5,1200,1,1,5,1,5
20161337I1744,2,9,0,3,0,1,0,0,0,0,2,1,6,1,47,8,1560,2,-1,7,2,7
20161337I1756,1,9,0,5,0,8,0,0,0,0,1,1,6,1,19,4,1600,2,7,7,1,7
20161337I1756,2,9,0,5,0,8,0,0,0,0,2,1,6,1,30,6,1798,1,11,2,1,2
20161337J0148,1,9,0,17,0,0,1,0,2,11,1,1,6,1,22,5,1242,1,13,5,1,5
20161337J0148,2,9,0,17,0,0,0,0,0,0,0,1,1,1,30,6,1248,2,2,-1,-1,-1
20161337J0263,1,9,0,18,0,1,0,0,0,0,1,1,6,1,51,8,1242,1,2,2,1,2
20161337J0263,2,9,0,9,0,6,0,0,0,0,3,1,6,2,30,6,1390,1,3,7,1,7
20161337J0320,1,11,0,18,0,8,0,0,0,0,1,1,1,1,47,8,9600,2,16,6,1,6
20161337J0320,2,9,0,9,0,8,0,0,0,0,4,1,2,1,25,5,1686,2,13,3,1,3
20161337J0363,1,9,0,2,0,0,0,0,0,0,2,1,6,2,-1,-1,1149,1,6,2,1,2
20161337J0363,2,9,0,18,0,0,0,0,0,0,1,1,6,2,22,5,1240,1,12,1,1,1
20161337J0373,1,11,0,18,2,0,0,0,0,0,0,1,1,1,51,8,-1,-1,-1,1,1,1
20161337J0373,2,19,0,7,0,0,0,0,0,0,0,1,1,1,57,9,2143,2,2,-1,1,-1
20161337J0445,1,9,0,18,0,1,0,0,0,0,1,1,6,1,39,7,1686,2,12,5,1,5
20161337J0445,2,8,0,3,0,1,0,0,0,0,2,1,1,1,36,7,1797,8,5,1,1,1
20161337J0445,3,9,0,3,0,1,0,0,0,0,2,1,1,1,28,6,1598,1,13,2,1,2
20161337J0552,1,11,0,18,0,0,0,0,0,0,4,1,1,3,-1,-1,-1,-1,-1,-1,-1,-1
20161337J0755,1,1,0,18,9,0,0,0,0,0,1,1,6,1,10,2,-1,-1,-1,1,1,1
20161337J0755,2,9,0,2,0,0,0,0,0,0,1,1,6,2,55,8,1956,2,2,1,1,1
20161337J0850,1,9,0,2,0,0,0,0,0,0,2,1,6,1,42,7,1798,8,1,8,1,8
20161337J0850,2,9,0,18,0,0,0,0,0,0,1,1,6,3,-1,-1,1896,2,12,-1,-1,-1
20161337J1021,1,1,0,18,0,0,0,0,0,0,1,1,6,1,51,8,-1,-1,-1,9,1,9
20161337J1021,2,10,0,2,0,0,0,0,0,0,2,1,1,1,55,8,2494,2,9,3,1,3
20161337J1220,1,9,0,16,0,0,0,0,0,0,3,1,6,1,25,5,1596,1,12,2,1,2
20161337J1220,2,9,0,17,0,0,0,0,0,0,3,1,2,2,47,8,1839,1,13,2,3,2
20161337J1454,1,19,0,18,0,0,0,0,0,0,1,1,1,1,60,9,2496,2,19,7,1,7
20161337J1454,2,11,0,2,0,0,0,0,0,0,2,1,1,1,20,4,9600,2,16,-1,-1,-1
20161337J1469,1,9,0,9,0,8,0,0,0,0,1,1,6,1,81,11,2494,8,1,9,3,9
20161337J1469,2,1,0,18,0,1,0,0,0,0,1,1,6,1,49,8,-1,-1,-1,9,1,9
20161337J1504,1,9,0,4,0,1,0,0,0,0,3,1,6,2,52,8,1598,1,1,10,1,10
20161337J1504,2,9,0,7,0,3,0,0,0,0,3,1,6,1,-1,-1,1686,2,6,-1,-1,-1
20161337J1550,1,9,0,3,0,1,0,0,0,0,1,1,6,1,-1,-1,1796,1,13,-1,-1,-1
20161337J1550,2,9,0,3,0,1,0,0,0,0,2,1,6,2,22,5,1242,1,10,1,1,1
20161337J1550,3,9,0,4,0,1,0,0,0,0,2,1,6,1,21,5,1242,1,2,2,1,2
20161337J1743,1,9,0,18,0,0,1,0,0,0,1,1,6,1,22,5,2171,2,13,4,1,4
20161337J1743,2,9,0,18,0,0,0,0,0,0,0,1,1,1,-1,-1,2993,2,3,1,1,1
20161337J1743,3,1,0,18,0,0,0,0,1,0,1,1,6,1,55,8,-1,-1,-1,6,1,6
20161337J1764,1,11,0,18,0,0,0,0,0,0,0,1,1,1,50,8,6692,2,4,2,1,2
20161337J1936,1,9,0,18,0,1,1,0,0,0,1,1,6,1,25,5,1956,2,6,2,1,2
20161337J1936,2,8,0,18,0,1,0,0,0,0,1,1,1,1,21,5,2204,2,9,1,1,1
20161337J1974,1,8,0,1,0,1,0,0,0,0,2,1,6,1,44,7,1968,2,7,5,1,5
20161337J2035,1,9,0,4,0,1,0,0,0,0,2,1,6,1,32,6,1986,2,7,8,1,8
20161337J2035,2,3,0,18,0,1,0,0,0,0,1,1,6,1,21,5,124,1,1,1,1,1
20161337J2096,1,8,0,18,0,8,0,0,0,0,1,1,1,1,34,6,1956,2,6,1,1,1
20161337J2096,2,9,0,12,0,7,0,0,0,0,2,1,6,2,22,5,1398,1,-1,1,1,1
20161337J2237,1,9,0,18,0,0,0,0,0,0,0,1,6,3,-1,-1,-1,-1,-1,-1,-1,-1
20161337K0261,1,9,0,16,0,0,1,0,0,0,1,1,6,2,-1,-1,2179,2,9,-1,-1,-1
20161337K0261,2,9,0,17,0,0,1,0,0,0,1,1,6,1,58,9,1461,2,3,9,1,9
20161337K0351,1,9,0,18,0,8,5,0,0,0,4,1,3,1,42,7,1390,1,11,5,1,5
20161337K0351,2,9,0,18,0,8,0,0,0,0,1,1,2,2,30,6,1598,2,2,1,1,1
20161337K0356,1,9,0,9,0,0,0,0,0,0,0,1,6,2,23,5,1242,1,1,7,1,7
20161337K0356,2,1,0,18,0,0,0,0,0,0,2,1,6,1,37,7,-1,-1,-1,9,1,9
20161337K0371,1,8,0,9,0,1,0,0,0,0,1,1,6,1,36,7,1997,2,10,3,1,3
20161337K0371,2,1,0,18,4,1,0,0,0,0,1,1,6,1,25,5,-1,-1,-1,5,1,5
20161337K0402,1,19,0,18,0,0,1,0,0,0,4,1,1,1,66,10,1997,2,14,3,1,3
20161337K0447,1,9,0,7,0,5,0,0,0,0,4,1,2,1,51,8,1686,2,13,-1,-1,-1
20161337K0447,2,1,0,15,0,1,0,0,0,0,1,1,2,1,25,5,-1,-1,-1,-1,-1,-1
20161337K0451,1,9,0,18,0,1,0,0,0,11,1,1,6,3,-1,-1,2616,1,12,-1,-1,-1
20161337K0846,1,9,0,4,0,1,0,0,0,0,2,1,6,2,59,9,1396,1,16,8,2,8
20161337K0846,2,11,0,4,0,1,0,0,0,0,1,1,1,1,26,6,5900,2,10,2,1,2
20161337K0858,1,9,0,2,0,0,0,0,0,0,2,1,6,1,36,7,1598,1,10,2,1,2
20161337K0858,2,9,0,18,0,0,0,0,0,0,1,1,6,2,38,7,1461,2,3,-1,-1,-1
20161337K1091,1,9,0,7,0,5,0,0,0,0,1,1,6,1,41,7,1560,2,7,6,1,6
20161337K1091,2,1,0,18,0,8,0,0,0,0,4,1,6,1,14,3,-1,-1,-1,6,1,6
20161337K1113,1,9,0,2,0,0,0,0,0,0,2,1,6,2,38,7,1598,1,6,-1,-1,-1
20161337K1113,2,9,0,4,0,0,0,0,0,0,1,1,6,1,22,5,1197,1,6,-1,-1,-1
20161337K1204,1,9,0,4,0,1,0,0,0,0,2,1,6,1,29,6,1968,2,1,1,1,1
20161337K1204,2,3,0,18,0,1,0,0,0,0,1,1,6,1,25,5,124,1,12,1,1,1
20161337K1300,1,9,0,9,0,1,0,0,0,1,1,1,6,1,23,5,1796,1,14,4,1,4
20161337K1531,1,9,0,18,0,8,0,0,0,0,1,1,6,1,-1,-1,1596,1,15,6,1,6
20161337K1531,2,9,0,18,0,8,0,0,0,0,3,1,6,1,24,5,1991,1,2,1,1,1
20161337K1536,1,3,0,9,0,2,0,0,0,0,1,1,6,1,17,4,124,1,5,3,1,3
20161337K1536,2,9,0,17,0,1,0,0,0,0,1,1,6,1,37,7,1910,2,10,4,1,4
20161337K1574,1,1,0,18,0,0,0,0,0,0,1,1,6,1,6,2,-1,-1,-1,1,1,1
20161337K1574,2,9,0,18,0,0,0,0,0,0,4,1,6,1,36,7,1896,2,7,1,1,1
20161337K1616,1,11,0,4,0,1,0,0,0,0,0,1,6,3,33,6,-1,-1,-1,-1,-1,-1
20161337K1649,1,9,0,18,0,0,0,0,0,0,1,1,6,2,24,5,1229,1,2,4,1,4
20161337K1727,1,9,0,4,0,0,0,0,0,0,1,1,6,2,21,5,1398,1,-1,2,1,2
20161337K1727,2,9,0,4,0,0,0,0,0,0,1,1,6,1,41,7,1596,1,12,2,1,2
20161337K1820,1,9,0,18,0,0,5,0,0,10,1,1,2,2,21,5,1108,1,9,7,3,7
20161337K1891,1,9,0,9,0,8,0,0,0,0,3,1,6,2,48,8,1968,2,10,3,1,3
20161337K1891,2,9,0,18,0,8,0,0,0,0,4,1,6,2,45,7,1896,2,12,4,1,4
20161337K1966,1,21,4,16,0,0,0,0,0,0,1,1,1,1,35,6,12419,2,1,1,1,1
20161337K1966,2,9,0,16,0,0,0,0,0,0,2,1,6,1,27,6,1798,1,-1,10,1,10
20161337L0094,1,9,0,18,0,0,0,0,1,0,4,1,6,1,24,5,1199,1,14,-1,-1,-1
20161337L0094,2,9,0,2,9,0,0,0,0,0,3,1,6,1,21,5,-1,-1,-1,-1,-1,-1
20161337L0246,1,9,0,18,0,0,0,0,1,3,1,1,2,1,19,4,1598,2,3,7,1,7
20161337L0324,1,9,0,7,0,6,0,0,0,0,3,1,2,2,18,4,1149,1,12,7,1,7
20161337L0324,2,3,0,18,0,8,0,0,0,0,1,1,2,1,22,5,125,1,11,7,1,7
20161337L0346,1,9,0,18,0,0,0,0,0,0,2,1,6,2,33,6,1229,1,7,-1,-1,-1
20161337L0346,2,9,0,2,0,0,0,0,0,0,0,1,6,2,19,4,1086,1,12,-1,-1,-1
20161337L0467,1,9,0,3,0,1,0,0,0,0,2,1,6,2,52,8,1329,1,1,8,1,8
20161337L0467,2,19,0,3,0,1,0,0,0,0,1,1,2,1,45,7,2198,2,4,-1,-1,-1
20161337L0562,1,9,0,1,0,0,0,0,0,0,2,1,1,1,27,6,999,1,1,5,2,5
20161337L0571,1,9,0,5,0,1,0,0,0,0,1,1,6,2,57,9,1560,2,2,3,3,3
20161337L0747,1,9,0,17,0,0,2,11,2,2,1,1,2,2,29,6,1388,1,7,-1,-1,-1
20161337L0904,1,9,0,18,0,0,0,0,7,11,1,1,6,2,37,7,1968,2,1,-1,-1,-1
20161337L0956,1,9,0,18,0,0,0,0,0,0,1,1,6,1,-1,-1,1998,1,12,-1,-1,-1
20161337L0956,2,9,0,18,0,0,0,0,0,0,1,1,6,1,19,4,1364,1,7,8,2,8
20161337L1042,1,19,0,9,0,6,0,0,0,0,1,1,6,1,34,6,2198,2,1,-1,-1,-1
20161337L1042,2,9,0,18,0,1,0,0,0,0,1,1,6,2,31,6,998,1,10,-1,-1,-1
20161337L1135,1,9,0,18,0,1,0,0,0,0,4,1,6,1,61,9,1395,1,3,-1,-1,-1
20161337L1229,1,1,0,9,0,8,0,0,0,0,1,1,6,2,54,8,-1,-1,-1,7,1,7
20161337L1229,2,9,0,18,0,8,0,0,0,0,1,1,6,1,-1,-1,-1,-1,-1,-1,-1,-1
20161337L1425,1,9,0,15,0,0,0,0,0,0,1,1,6,1,18,4,1796,1,12,1,1,1
20161337L1553,1,9,0,9,0,8,0,0,0,0,4,1,6,1,27,6,1598,2,-1,10,1,10
20161337L1553,2,9,0,3,0,1,0,0,0,0,0,1,6,1,29,6,1339,1,10,7,1,7
20161337L1553,3,1,0,18,4,8,1,0,0,0,1,1,6,2,21,5,-1,-1,-1,-1,-1,-1
20161337L1614,1,9,0,18,0,5,0,0,3,10,1,1,6,1,72,10,1200,1,-1,8,1,8
20161337L1626,1,9,0,18,0,0,0,0,0,0,4,1,2,1,20,4,2000,1,18,3,1,3
20161337L1626,2,9,0,18,0,0,0,0,0,0,3,1,2,1,37,7,1242,1,14,3,1,3
20161337L1705,1,9,0,13,0,0,0,0,0,0,4,1,6,1,29,6,1794,1,10,6,1,6
20161337M0362,1,9,0,9,0,5,0,0,0,0,4,1,6,2,59,9,1390,1,14,8,1,8
20161337M0362,2,1,0,18,0,8,0,0,0,0,1,1,2,1,49,8,-1,-1,-1,10,1,10
20161337M0539,1,9,0,18,0,0,0,0,0,11,3,1,6,3,-1,-1,-1,-1,-1,-1,-1,-1
20161337M0539,2,9,0,18,0,0,0,0,0,0,3,1,6,1,41,7,-1,-1,-1,1,1,1
20161337M0573,1,19,0,9,0,8,0,0,0,0,1,1,2,1,61,9,1686,2,14,6,3,6