Accident_Index,Vehicle_Reference,Vehicle_Type,Towing_and_Articulation,Vehicle_Manoeuvre,Vehicle_Location-Restricted_Lane,Junction_Location,Skidding_and_Overturning,Hit_Object_in_Carriageway,Vehicle_Leaving_Carriageway,Hit_Object_off_Carriageway,1st_Point_of_Impact,Was_Vehicle_Left_Hand_Drive?,Journey_Purpose_of_Driver,Sex_of_Driver,Age_of_Driver,Age_Band_of_Driver,Engine_Capacity_(CC),Propulsion_Code,Age_of_Vehicle,Driver_IMD_Decile,Driver_Home_Area_Type,Vehicle_IMD_Decile
20161338E0702,1,9,0,9,0,1,0,0,0,0,1,1,6,1,83,11,1587,1,12,3,2,3
20161338E0702,2,9,0,18,0,1,0,0,0,0,4,1,6,1,46,8,1242,1,10,3,1,3
20161338E0762,1,3,0,13,0,8,0,0,0,0,1,1,6,1,23,5,124,1,-1,-1,-1,-1
20161338E0762,2,9,0,9,0,5,0,0,0,0,3,1,6,1,46,8,1598,2,5,4,1,4
20161338E0771,1,9,0,18,0,0,2,10,7,6,1,1,6,1,26,6,3200,1,10,3,1,3
20161338E0771,2,9,0,18,0,0,0,0,0,0,2,1,6,1,40,7,998,1,17,4,1,4
20161338E0771,3,9,0,4,0,0,0,0,0,0,1,1,6,2,32,6,1596,1,5,1,1,1
20161338E0771,4,9,0,4,0,0,0,0,0,0,1,1,6,2,46,8,1560,2,2,8,1,8
20161338E0771,5,9,0,4,0,0,0,0,0,0,1,1,6,2,34,6,1390,1,13,7,1,7
20161338E0964,1,9,0,18,0,1,0,0,0,0,2,1,6,1,38,7,1242,1,1,6,1,6
20161338E0964,2,21,1,18,0,1,0,0,0,0,1,1,1,1,40,7,12777,2,4,1,1,1
20161338E0999,1,19,0,18,0,8,1,0,0,11,1,1,6,2,19,4,-1,-1,-1,6,3,6
20161338E0999,2,9,0,18,0,8,0,0,0,11,4,1,6,1,52,8,-1,-1,-1,1,1,1
20161338E1157,1,9,0,9,0,0,0,0,0,0,0,1,1,1,28,6,1896,2,6,2,1,2
20161338E1157,2,1,0,18,0,0,5,0,0,0,4,1,2,1,51,8,-1,-1,-1,1,1,1
20161338E1164,1,9,0,18,0,8,0,0,0,0,1,1,6,1,43,7,1796,1,14,1,1,1
20161338E1164,2,9,0,9,0,8,0,0,0,0,3,1,6,1,40,7,1560,2,3,3,1,3
20161338E1844,1,9,0,18,0,8,2,0,0,0,1,1,6,1,40,7,1149,1,15,3,1,3
20161338E1844,2,19,0,2,0,8,0,0,0,0,3,1,6,3,-1,-1,1870,2,12,-1,-1,-1
20161338E1844,3,9,0,2,0,8,0,0,0,0,1,1,6,3,-1,-1,2099,1,13,-1,-1,-1
20161338F0286,1,9,0,9,0,5,0,0,0,0,1,1,6,1,74,10,1339,1,3,9,2,9
20161338F0286,2,1,0,3,0,6,0,0,0,0,1,1,2,1,29,6,-1,-1,-1,9,2,9
20161338F0312,1,1,0,18,0,0,0,0,0,0,1,1,2,1,25,5,-1,-1,-1,6,1,6
20161338F0312,2,9,0,2,0,0,0,0,0,0,2,1,6,3,-1,-1,1587,1,12,-1,-1,-1
20161338F0928,1,9,0,2,0,0,0,0,0,0,3,1,6,2,37,7,1686,2,8,4,1,4
20161338F0928,2,9,0,18,0,0,0,0,0,0,4,1,6,2,36,7,1910,2,12,1,1,1
20161338F0928,3,9,0,18,0,0,0,0,0,0,0,1,6,3,-1,-1,-1,-1,-1,-1,-1,-1
20161338F0981,1,9,0,5,0,0,0,4,0,0,3,1,6,1,43,7,1598,1,15,1,1,1
20161338F0981,2,9,0,2,0,0,0,0,0,0,4,1,6,1,40,7,1896,2,11,3,1,3
20161338F0985,1,9,0,12,0,0,1,0,0,6,3,1,2,1,52,8,1598,1,10,1,1,1
20161338F0985,2,21,1,18,0,0,0,0,0,0,4,1,1,1,28,6,-1,-1,-1,6,1,6
20161338F1198,1,22,0,18,9,0,0,0,0,0,1,1,6,2,-1,-1,-1,-1,-1,4,1,4
20161338F1203,1,1,0,18,0,0,0,0,0,0,3,1,6,1,35,6,-1,-1,-1,6,1,6
20161338F1203,2,11,0,18,0,0,0,0,0,0,4,1,1,1,53,8,-1,-1,-1,1,1,1
20161338F1203,3,19,0,13,0,0,0,0,0,0,0,1,6,3,-1,-1,-1,-1,-1,-1,-1,-1
20161338F1229,1,9,0,9,0,8,0,0,0,0,1,1,6,1,22,5,1896,2,13,6,1,6
20161338F1229,2,1,0,9,0,8,0,0,0,0,1,1,6,1,35,6,-1,-1,-1,10,1,10
20161338F1597,1,9,0,9,0,6,0,0,0,0,3,1,6,2,19,4,1422,2,2,3,1,3
20161338F1597,2,9,0,18,0,8,0,0,0,0,1,1,6,1,45,7,998,1,9,3,1,3
20161338F1671,1,9,0,18,0,8,0,0,0,0,0,1,6,3,43,7,-1,-1,-1,-1,-1,-1
20161338F1671,2,11,0,18,0,8,0,0,0,0,0,1,1,1,40,7,5132,2,-1,-1,-1,-1
20161338F1731,1,9,0,18,0,4,0,0,0,0,1,1,6,3,-1,-1,-1,-1,-1,-1,-1,-1
20161338F1731,2,5,0,18,0,4,0,0,0,0,4,1,6,2,35,6,645,1,15,9,2,9
20161338G0359,1,9,0,16,0,4,0,0,0,0,2,1,2,1,59,9,1998,1,9,3,1,3
20161338G0359,2,9,0,16,0,4,0,0,0,0,1,1,1,2,29,6,2993,2,11,-1,1,-1
20161338G0415,1,1,0,18,0,0,0,0,0,0,0,1,6,1,18,4,-1,-1,-1,-1,-1,-1
20161338G0415,2,19,0,1,0,0,0,0,0,0,2,1,6,3,-1,-1,-1,-1,-1,-1,-1,-1
20161338G0700,1,9,0,2,0,0,0,0,0,0,2,1,1,1,51,8,2179,2,3,7,1,7
20161338G0700,2,9,0,4,0,0,0,0,0,0,1,1,6,1,63,9,996,1,7,1,1,1
20161338G1061,1,9,0,7,0,1,0,0,0,0,4,1,6,1,31,6,1596,1,7,4,1,4
20161338G1231,1,11,0,4,0,0,0,0,0,0,2,1,1,1,33,6,7300,2,11,-1,-1,-1
20161338G1231,2,21,0,14,0,0,0,0,0,0,1,1,1,1,37,7,7800,5,4,-1,-1,-1
20161338G1249,1,9,0,9,0,8,0,0,0,0,1,1,2,1,21,5,1199,1,15,6,1,6
20161338G1249,2,1,0,18,0,8,0,0,0,0,3,1,2,1,41,7,-1,-1,-1,8,1,8
20161338G1292,1,9,0,18,0,8,0,0,0,0,1,1,6,1,61,9,1968,2,8,2,1,2
20161338G1292,2,9,0,18,0,8,0,10,1,0,3,1,1,1,32,6,1560,2,-1,7,1,7
20161338G1320,1,5,0,18,0,0,0,0,0,0,4,1,6,1,36,7,782,1,4,5,1,5
20161338G1320,2,9,0,18,0,0,0,0,0,0,3,1,6,2,-1,-1,-1,-1,-1,-1,-1,-1
20161338G1427,1,9,0,18,0,8,0,0,7,0,2,1,6,2,54,8,1769,1,12,3,1,3
20161338G1427,2,9,0,5,0,8,0,0,0,0,1,1,6,2,71,10,1598,1,10,7,1,7
20161338G1724,1,5,0,16,0,0,1,0,7,7,1,1,6,2,34,6,649,1,5,-1,-1,-1
20161338G1774,1,9,0,18,0,8,0,0,0,0,1,1,6,1,32,6,1582,2,-1,4,1,4
20161338G1774,2,9,0,9,0,8,0,0,0,0,4,1,6,1,37,7,1796,2,3,5,1,5
20161338G1863,1,9,0,9,0,1,0,0,0,0,3,1,6,1,20,4,1242,1,1,6,1,6
20161338G1863,2,1,0,18,0,1,0,0,0,0,1,1,2,1,38,7,-1,-1,-1,1,1,1
20161338G1890,1,1,0,18,0,0,5,0,0,0,3,1,6,2,30,6,-1,-1,-1,3,1,3
20161338G1890,2,9,0,18,0,0,0,0,0,0,4,1,6,3,-1,-1,-1,-1,-1,-1,-1,-1
20161338H0339,1,1,0,18,0,8,0,0,0,0,1,1,6,2,22,5,-1,-1,-1,1,1,1
20161338H0339,2,9,0,18,0,8,0,0,0,0,3,1,6,1,37,7,1364,1,10,1,1,1
20161338H0555,1,9,0,17,0,0,0,0,0,0,3,1,6,1,66,10,1560,2,1,1,1,1
20161338H0555,2,9,0,16,0,0,0,0,7,7,1,1,6,1,50,8,1587,1,10,2,1,2
20161338H0589,1,9,0,2,0,0,0,0,0,0,3,1,6,1,60,9,2835,2,20,2,1,2
20161338H0589,2,11,0,18,0,0,0,0,0,0,4,1,1,1,-1,-1,-1,-1,-1,-1,-1,-1
20161338H0623,1,4,0,18,0,0,0,0,7,11,1,1,6,2,31,6,125,1,2,10,1,10
20161338H0642,1,19,0,12,0,0,0,0,0,0,2,1,1,1,25,5,2148,2,9,5,3,5
20161338H0642,2,21,0,18,0,0,0,0,0,0,1,1,1,1,33,6,10837,2,1,10,1,10
20161338H0642,3,9,0,4,0,0,0,0,0,0,2,1,6,1,65,9,1995,2,7,1,1,1
20161338H0642,4,9,3,4,0,0,0,0,0,0,2,1,6,1,79,11,1956,2,3,9,3,9
20161338H1175,1,9,0,7,0,1,0,0,0,0,2,1,6,1,34,6,1582,2,2,1,1,1
20161338H1175,2,9,0,18,0,1,0,0,0,0,1,1,6,1,-1,-1,-1,-1,-1,-1,-1,-1
20161338H1201,1,9,0,14,0,8,0,0,0,0,2,1,6,1,55,8,1598,1,6,9,1,9
20161338H1201,2,1,0,14,0,8,0,0,0,0,1,1,6,1,35,6,-1,-1,-1,8,1,8
20161338H1210,1,1,0,7,0,1,0,0,0,0,1,1,6,1,54,8,-1,-1,-1,6,1,6
20161338H1210,2,9,0,7,0,1,0,0,0,0,0,1,6,2,18,4,1242,1,1,9,3,9
20161338H1421,1,5,0,17,0,0,2,0,1,0,4,1,6,1,23,5,599,1,9,3,3,3
20161338H1511,1,9,0,18,0,0,0,0,1,11,1,1,6,1,44,7,1598,1,5,4,1,4
20161338H1567,1,9,0,18,0,0,0,0,0,0,4,1,6,1,21,5,998,1,8,3,1,3
20161338H1635,1,9,0,18,0,0,0,0,0,0,1,1,6,2,45,7,998,1,10,2,1,2
20161338H1635,2,1,0,18,0,0,0,0,0,0,3,1,6,1,10,2,-1,-1,-1,6,1,6
20161338H1647,1,1,0,18,0,8,5,0,0,0,1,1,6,1,18,4,-1,-1,-1,3,1,3
20161338H1647,2,9,0,9,0,8,0,0,0,0,3,1,6,2,61,9,1870,2,9,10,1,10
20161338H1736,1,9,0,4,9,0,0,0,0,0,0,1,6,1,46,8,1968,2,1,3,1,3
20161338H1736,2,1,0,18,9,0,0,0,0,0,0,1,6,2,44,7,-1,-1,-1,5,1,5
20161338H1868,1,2,0,18,0,8,0,0,0,0,4,1,6,1,20,4,49,1,3,9,1,9
20161338H1868,2,11,0,9,0,8,0,0,0,0,1,1,1,1,44,7,9360,2,7,1,1,1
20161338I0273,1,3,0,18,0,8,0,0,0,0,3,1,2,1,51,8,125,1,2,4,1,4
20161338I0273,2,19,0,18,0,8,0,0,0,0,1,1,1,1,58,9,2198,2,10,4,1,4
20161338I0484,1,9,0,2,0,0,0,0,0,0,1,1,6,2,23,5,1240,1,13,1,1,1
20161338I0484,2,9,0,1,0,0,0,0,0,0,2,1,6,1,-1,-1,-1,-1,-1,-1,-1,-1
20161338I0565,1,9,0,1,0,8,0,0,0,0,2,1,6,2,78,11,1339,1,8,9,1,9
20161338I0568,1,9,0,18,0,1,0,0,0,0,1,1,6,2,21,5,1598,1,4,8,1,8
20161338I0568,2,9,0,18,0,1,0,0,0,0,2,1,6,2,45,7,2494,8,1,8,1,8
20161338I0911,1,21,1,12,0,0,0,0,0,0,3,1,1,1,36,7,-1,-1,-1,-1,-1,-1
20161338I0911,2,9,0,18,0,0,0,0,7,0,4,1,6,1,72,10,1798,1,10,-1,-1,-1
20161338I1057,1,1,0,18,0,3,0,0,0,0,1,1,1,1,40,7,-1,-1,-1,-1,-1,-1
20161338I1057,2,9,0,18,0,4,0,0,0,0,1,1,1,1,58,9,1798,1,9,9,1,9
20161338I1074,1,9,0,18,0,0,0,0,0,0,2,1,6,1,54,8,2143,2,1,9,1,9
20161338I1074,2,19,0,18,0,0,0,0,0,0,1,1,1,1,33,6,2299,2,2,1,1,1
20161338I1076,1,5,0,7,0,5,0,0,0,0,3,1,6,1,31,6,892,1,17,1,1,1
20161338I1076,2,9,0,18,0,8,1,0,0,0,3,1,6,1,45,7,2993,2,3,2,1,2
20161338I1076,3,9,0,2,0,2,0,0,0,0,2,1,6,3,-1,-1,998,1,1,-1,-1,-1
20161338I1175,1,1,0,6,0,0,5,0,0,0,4,1,6,2,2,1,-1,-1,-1,-1,-1,-1
20161338I1175,2,9,0,18,0,0,0,0,0,0,1,1,6,1,37,7,1229,1,9,-1,-1,-1
20161338I1239,1,9,0,9,0,6,0,0,0,0,3,1,6,2,63,9,898,1,1,10,1,10
20161338I1239,2,3,0,18,0,1,0,0,0,0,1,1,6,1,42,7,102,1,11,2,1,2
20161338I1263,1,11,0,4,0,0,0,0,0,0,0,1,6,1,41,7,7300,2,11,-1,-1,-1
20161338I1294,1,9,0,3,0,0,0,0,0,0,2,1,6,1,61,9,1995,2,2,8,1,8
20161338I1294,2,9,0,18,0,0,0,0,0,0,1,1,6,1,52,8,2996,1,5,4,1,4
20161338I1294,3,9,0,3,0,0,0,0,0,0,2,1,6,1,42,7,2199,2,4,10,1,10
20161338I1361,1,9,0,18,0,0,0,0,0,0,3,1,6,1,56,9,1596,1,9,1,1,1
20161338I1520,1,19,0,16,0,0,2,10,1,6,3,1,1,1,32,6,1248,2,3,1,1,1
20161338I1586,1,9,0,18,0,0,0,0,0,0,2,1,6,2,42,7,1349,1,2,2,1,2
20161338I1586,2,9,0,18,0,0,0,0,0,0,1,1,6,2,21,5,1149,1,5,4,1,4
20161338J0248,1,1,0,7,0,1,0,0,0,0,0,1,2,1,22,5,-1,-1,-1,1,1,1
20161338J0494,1,9,0,18,0,0,0,4,0,0,1,1,6,2,36,7,1248,1,3,-1,-1,-1
20161338J0494,2,9,0,2,0,0,0,0,1,0,2,1,6,2,22,5,1461,2,5,-1,-1,-1
20161338J0589,1,9,0,4,0,0,0,0,0,0,2,1,6,2,27,6,1598,1,6,2,1,2
20161338J0589,2,9,0,18,0,0,0,0,0,0,1,1,6,1,29,6,-1,-1,-1,6,2,6
20161338J0654,1,9,0,18,0,1,0,0,0,0,1,1,6,1,39,7,1896,2,6,4,1,4
20161338J0654,2,9,0,18,0,1,0,0,0,0,4,1,6,2,26,6,1968,2,2,1,1,1
20161338J0713,1,3,0,4,0,1,2,0,0,0,1,1,6,1,22,5,108,1,7,7,3,7
20161338J0742,1,9,0,18,0,0,0,0,0,0,4,1,6,1,66,10,998,1,3,5,1,5
20161338J0750,1,9,0,15,0,0,0,0,0,0,4,1,6,1,42,7,1396,1,16,1,1,1
20161338J0757,1,9,0,7,0,5,1,10,0,0,4,1,6,2,48,8,1149,1,12,1,1,1
20161338J0917,1,21,0,11,0,0,0,0,0,0,4,1,1,1,33,6,12580,2,11,1,1,1
20161338J0917,2,9,0,18,0,0,2,0,5,6,3,1,6,1,48,8,1598,1,4,1,1,1
20161338J0917,3,9,0,18,0,0,0,0,0,0,1,1,6,1,53,8,1560,2,2,3,1,3
20161338J0967,1,9,0,18,0,0,5,0,0,11,1,1,6,2,20,4,1240,1,12,8,1,8
20161338J1266,1,9,0,18,0,8,0,4,0,0,1,1,6,2,80,11,973,1,14,7,1,7
20161338J1266,2,9,0,2,0,8,0,0,0,0,2,1,6,1,-1,-1,1796,1,10,-1,-1,-1
20161338J1267,1,9,0,18,0,0,0,0,0,0,1,1,2,1,45,7,1968,2,1,10,2,10
20161338J1267,2,9,0,18,0,0,0,0,0,0,2,1,2,2,35,6,1968,2,6,7,1,7
20161338J1267,3,9,0,18,0,0,0,0,0,0,2,1,2,2,30,6,1560,2,-1,8,2,8
20161338J1279,1,9,0,18,0,1,0,0,0,0,1,1,6,1,32,6,1560,2,10,6,2,6
20161338J1279,2,9,0,9,0,6,0,0,0,0,4,1,6,1,33,6,1329,1,7,1,1,1
20161338J1400,1,9,0,18,0,0,1,0,0,0,1,1,6,3,-1,-1,-1,-1,-1,-1,-1,-1
20161338J1400,2,9,0,18,0,0,0,0,0,0,2,1,6,1,23,5,1242,1,9,3,1,3
20161338J1400,3,9,0,18,0,0,0,0,0,0,2,1,6,1,39,7,1598,2,-1,-1,-1,-1
20161338J1400,4,9,0,18,0,0,0,0,0,0,2,1,6,2,20,4,1149,1,11,1,1,1
20161338J1544,1,9,0,18,0,8,1,0,0,0,1,1,6,1,18,4,2979,1,10,3,1,3
20161338J1544,2,9,0,3,0,8,0,0,0,0,1,1,6,1,46,8,1598,1,12,4,1,4
20161338J1622,1,9,0,17,0,0,5,0,8,0,1,1,2,2,25,5,1400,2,16,1,1,1
20161338J1879,1,9,0,18,0,0,0,0,0,0,1,1,6,1,20,4,1598,1,19,8,1,8
20161338J1879,2,9,0,18,0,0,0,0,0,0,1,1,6,1,25,5,4163,1,8,-1,-1,-1
20161338J1904,1,9,0,7,0,5,0,0,0,0,1,1,6,2,35,6,1896,2,14,1,1,1
20161338K0551,1,3,0,9,0,8,0,0,0,0,0,1,6,1,23,5,124,1,5,1,1,1
20161338K0553,1,1,0,18,0,8,5,0,0,0,3,1,2,1,18,4,-1,-1,-1,8,1,8
20161338K0553,2,9,0,7,0,5,0,0,0,0,1,1,6,2,-1,-1,-1,-1,-1,-1,-1,-1
20161338K0577,1,9,0,18,0,0,0,0,0,0,1,1,1,1,23,5,2967,2,-1,-1,-1,-1
20161338K0577,2,9,0,6,0,0,0,0,0,0,3,1,6,2,34,6,1598,2,2,-1,-1,-1
20161338K0801,1,20,0,5,0,6,0,0,0,0,1,1,6,3,-1,-1,-1,-1,-1,-1,-1,-1
20161338K0801,2,9,0,18,0,1,0,0,0,0,4,1,6,1,63,9,1995,2,16,2,2,2
20161338K0839,1,9,0,9,0,8,0,0,0,0,3,1,1,2,31,6,998,1,14,-1,-1,-1
20161338K0839,2,9,0,18,0,1,0,0,0,0,1,1,6,1,20,4,1598,2,3,-1,-1,-1
20161338K0858,1,8,0,1,0,0,0,0,0,0,2,1,1,1,34,6,1956,2,6,1,1,1
20161338K1167,1,5,0,18,0,8,0,0,0,0,4,1,6,1,50,8,600,1,14,9,1,9
20161338K1167,2,9,0,9,0,8,0,0,0,0,3,1,6,2,29,6,1685,2,1,8,1,8
20161338K1444,1,19,0,18,0,0,0,0,0,0,1,1,6,1,45,7,2287,2,9,8,1,8
20161338K1444,2,9,0,4,0,0,0,0,0,0,2,1,6,2,47,8,-1,-1,-1,9,1,9
20161338K1444,3,9,0,4,0,0,0,0,0,0,2,1,6,2,45,7,1242,1,8,8,1,8
20161338K1672,1,9,0,18,0,0,0,0,0,0,1,1,6,1,27,6,1968,2,4,1,1,1
20161338K1672,2,9,0,18,0,0,0,0,0,0,2,1,6,1,22,5,1997,2,11,3,1,3
20161338K1694,1,9,0,18,0,0,1,7,5,6,1,1,6,1,34,6,2000,1,12,-1,-1,-1
20161338K1694,2,9,0,18,0,0,1,0,0,0,1,1,6,2,47,8,1598,1,4,7,1,7
20161338K1694,3,9,0,18,0,0,0,0,0,0,3,1,6,3,-1,-1,-1,-1,-1,-1,-1,-1
20161338K1771,1,5,0,18,0,0,0,0,0,0,1,1,6,1,26,6,599,1,9,4,1,4
20161338K1771,2,9,0,6,0,0,0,0,0,0,3,1,6,1,76,11,1586,1,9,7,1,7
20161338K1771,3,9,0,2,0,0,0,0,0,0,1,1,6,3,-1,-1,1598,1,7,2,1,2
20161338K1847,1,9,0,16,0,1,0,12,0,0,1,1,6,2,64,9,1461,2,10,9,1,9
20161338L0450,1,9,0,18,0,0,0,10,0,0,1,1,6,1,41,7,1900,2,10,1,1,1
20161338L0450,2,9,0,18,0,0,0,10,0,11,1,1,6,1,26,6,1360,1,13,5,1,5
20161338L0497,1,11,0,18,3,0,0,0,0,0,4,1,1,2,42,7,4760,2,5,3,1,3
20161338L0834,1,9,0,11,0,5,1,0,0,0,1,1,6,1,29,6,2000,2,12,2,1,2
20161338L0834,2,9,0,18,0,5,0,0,0,0,2,1,6,1,50,8,2967,2,3,7,1,7
20161338L0936,1,9,0,3,0,0,0,0,0,0,2,1,6,1,63,9,1798,1,14,1,1,1
20161338L0936,2,9,0,3,0,0,0,0,0,0,2,1,6,2,58,9,1242,1,7,6,1,6
20161338L0936,3,9,0,18,0,0,1,0,0,0,1,1,6,2,58,9,1149,1,14,1,1,1
20161338L0939,1,9,0,18,0,0,0,0,0,0,1,1,6,2,26,6,1199,1,16,3,1,3
20161338L1236,1,9,0,18,0,0,0,0,0,0,0,1,6,2,42,7,1560,2,6,-1,-1,-1
20161338L1236,2,9,0,18,0,0,0,0,0,0,2,1,6,1,44,7,1595,1,16,-1,-1,-1
20161338L1283,1,8,0,18,0,0,0,0,0,0,1,1,1,1,38,7,1896,2,6,-1,-1,-1
20161338L1283,2,2,0,9,0,0,0,0,0,0,3,1,6,1,12,3,-1,-1,-1,-1,-1,-1
20161338L1283,3,2,0,9,0,0,0,0,0,0,3,1,6,1,13,3,-1,-1,-1,-1,-1,-1
20161338L1657,1,1,0,18,0,6,5,0,0,0,1,1,6,1,18,4,-1,-1,-1,1,1,1
20161338L1657,2,19,0,4,0,1,0,0,0,0,4,1,6,1,29,6,1998,2,10,1,1,1
20161338M0064,1,9,0,18,0,0,0,0,0,0,1,1,6,1,34,6,1999,1,11,8,1,8
20161338M0064,2,9,0,18,0,0,0,0,0,0,1,1,6,3,-1,-1,1796,1,15,-1,-1,-1
20161338M0236,1,9,0,18,0,0,0,0,0,0,1,1,2,1,25,5,1560,2,2,7,3,7
20161338M0236,2,9,0,18,0,0,0,0,0,0,2,1,2,1,50,8,1995,2,1,10,2,10
20161338M0236,3,21,1,18,0,0,0,0,0,0,1,1,1,1,50,8,10308,2,5,8,1,8
20161338M0298,1,9,0,12,0,0,0,0,0,0,3,1,6,2,47,8,1229,1,9,3,1,3
20161338M0298,2,9,0,18,0,0,0,0,0,0,4,1,6,2,24,5,-1,-1,-1,4,1,4
20161338M0334,1,9,0,18,0,0,0,0,0,0,1,1,6,1,58,9,1199,1,15,8,2,8
20161338M0334,2,19,0,18,0,0,0,0,0,0,1,1,1,1,25,5,2198,2,1,5,1,5
20161338M0360,1,9,0,18,0,1,0,0,0,0,4,1,1,1,49,8,1910,2,9,1,1,1
20161338M0731,1,9,0,16,0,0,1,0,0,0,3,1,6,3,-1,-1,-1,-1,-1,-1,-1,-1
20161338M0731,2,9,0,17,0,0,0,0,0,0,3,1,2,1,34,6,1870,2,10,4,1,4
20161338M0844,1,11,0,4,0,0,0,0,0,0,0,1,6,1,43,7,7300,2,8,-1,-1,-1
20161338M0844,2,9,0,18,0,0,0,0,0,0,0,1,6,3,-1,-1,1988,1,13,-1,-1,-1
20161338M1130,1,9,0,18,0,0,0,0,0,0,1,1,6,1,38,7,998,1,-1,-1,-1,-1
20161338M1404,1,9,0,18,0,0,0,0,0,0,1,1,6,1,18,4,1896,2,11,8,1,8
20161338M1404,2,1,0,15,0,0,0,0,0,0,2,1,6,1,47,8,-1,-1,-1,10,1,10
20161338M1431,1,3,0,18,0,1,0,0,0,0,1,1,6,1,48,8,598,1,26,-1,-1,-1
20161338M1431,2,9,0,9,0,6,0,0,0,0,0,1,6,1,41,7,2148,2,9,-1,-1,-1
20161338M1450,1,9,0,18,0,7,0,0,0,0,2,1,6,1,39,7,1968,2,7,3,1,3
20161338M1450,2,9,0,18,0,7,0,0,0,0,1,1,6,2,36,7,1896,2,12,-1,-1,-1
20161338M1450,3,9,0,18,0,7,0,0,0,0,1,1,6,1,58,9,1242,1,4,9,1,9
20161338M1570,1,19,0,9,0,8,0,0,0,0,4,1,6,2,52,8,1248,2,7,6,1,6
20161338M1570,2,1,0,18,0,8,5,0,0,0,1,1,6,2,41,7,-1,-1,-1,1,1,1
20161338N0310,1,21,0,18,0,1,0,0,0,0,1,1,1,1,41,7,12777,2,5,-1,-1,-1
20161338N0310,2,9,0,9,0,6,1,0,0,0,1,1,6,2,26,6,1560,2,3,7,1,7
20161338N0383,1,9,0,2,0,0,0,0,1,11,2,1,6,2,36,7,999,1,2,10,1,10
20161338N0471,1,19,0,18,0,8,0,0,0,0,4,1,6,3,-1,-1,-1,-1,-1,-1,-1,-1
20161338N0471,2,9,0,18,0,8,0,0,0,0,3,1,6,2,43,7,998,1,1,2,1,2
20161338N0471,3,9,0,18,0,8,0,0,0,0,2,1,6,1,33,6,2494,2,6,5,1,5
20161338N0482,1,1,0,18,0,0,0,0,0,0,1,1,6,1,19,4,-1,-1,-1,9,1,9
20161338N0482,2,19,0,18,0,0,0,0,0,0,1,1,6,1,60,9,2198,2,5,7,2,7
20161338N0947,1,9,0,18,0,0,0,0,0,0,1,1,6,3,-1,-1,-1,-1,-1,-1,-1,-1
20161338N0947,2,9,0,4,0,0,0,0,0,0,2,1,6,2,22,5,998,1,-1,2,1,2
20161338N1007,1,9,0,6,0,0,0,0,1,0,4,1,6,1,29,6,1896,2,10,-1,-1,-1
20161338N1007,2,9,0,18,0,0,0,0,1,0,1,1,6,1,27,6,999,1,-1,9,1,9
20161338N1217,1,8,0,18,0,0,0,0,0,0,1,1,1,1,27,6,2231,2,8,3,1,3
20161338N1217,2,9,0,18,0,0,0,0,0,0,2,1,6,2,32,6,1398,1,14,1,1,1
20161338N1437,1,9,0,18,0,8,0,0,0,0,1,1,6,1,30,6,1968,2,8,1,1,1
20161338N1437,2,9,0,9,0,5,0,0,0,0,3,1,6,2,31,6,1248,1,1,6,1,6
20161338N1780,1,9,0,16,0,8,1,0,0,0,1,1,6,1,26,6,1984,1,1,3,1,3
20161338N1780,2,9,0,16,0,1,0,0,0,0,0,1,6,1,21,5,2993,2,7,3,1,3
20161338N1780,3,9,0,17,0,8,0,0,2,11,1,1,6,2,54,8,998,1,-1,6,2,6
20161338N1801,1,9,0,18,0,0,0,0,0,0,1,1,6,1,33,6,1248,1,1,9,2,9
20161338N1801,2,8,0,18,0,0,0,0,0,0,1,1,6,1,-1,-1,-1,-1,-1,-1,-1,-1
20161338N2060,1,90,0,1,6,0,0,0,0,0,0,1,1,1,46,8,-1,-1,-1,1,1,1
20161338N2063,1,9,0,1,0,2,0,0,0,0,2,1,6,3,-1,-1,1242,1,5,-1,-1,-1
20161338N2063,2,9,0,9,0,5,0,0,0,0,1,1,6,1,40,7,1390,1,10,1,1,1
20161338O0184,1,8,0,18,0,8,0,0,0,0,3,1,1,1,38,7,1797,8,5,2,1,2
20161338O0350,1,9,0,5,0,0,0,0,0,0,1,1,1,2,37,7,1242,1,9,7,1,7
20161338O0350,2,1,0,18,0,0,0,0,0,0,1,1,1,1,27,6,-1,-1,-1,2,1,2
20161338O0386,1,9,0,18,0,0,0,0,0,0,1,1,6,1,24,5,1398,2,5,1,1,1
20161338O0386,2,9,0,18,0,0,0,0,0,0,2,1,6,1,66,10,998,1,4,10,1,10
20161338O0386,3,9,0,18,0,0,0,0,0,0,2,1,6,2,32,6,1598,2,4,5,1,5
20161338O0388,1,9,0,6,0,8,0,0,0,0,3,1,6,2,39,7,1598,1,16,-1,-1,-1
20161338O0388,2,3,0,14,0,8,5,0,0,0,4,1,6,2,35,6,125,1,8,1,1,1
20161338O0395,1,9,0,5,0,4,0,0,0,0,0,1,6,2,60,9,1596,1,5,4,1,4
20161338O0395,2,1,0,5,0,4,0,0,0,0,3,1,1,1,43,7,-1,-1,-1,8,1,8
20161338O0406,1,19,0,9,0,0,0,0,0,0,1,1,1,1,45,7,2298,2,3,8,2,8
20161338O0406,2,9,0,18,0,0,0,0,0,0,1,1,1,1,21,5,1560,2,4,7,2,7
20161338O0459,1,1,0,18,9,1,0,0,0,0,3,1,2,1,17,4,-1,-1,-1,1,1,1
20161338O0459,2,9,0,10,0,6,0,0,0,0,1,1,6,1,39,7,1998,2,12,6,3,6
20161338O0501,1,9,0,5,0,0,0,0,0,0,1,1,6,2,40,7,1461,2,1,1,1,1
20161338O0501,2,19,0,2,0,0,0,0,0,0,2,1,1,1,35,6,2198,2,3,5,1,5
20161338O0570,1,9,0,1,0,0,0,0,0,0,2,1,6,2,34,6,2457,1,10,8,3,8
20161338O0570,2,9,0,18,0,0,0,0,0,0,1,1,6,2,35,6,1560,2,3,8,1,8