Accident_Index,Vehicle_Reference,Vehicle_Type,Towing_and_Articulation,Vehicle_Manoeuvre,Vehicle_Location-Restricted_Lane,Junction_Location,Skidding_and_Overturning,Hit_Object_in_Carriageway,Vehicle_Leaving_Carriageway,Hit_Object_off_Carriageway,1st_Point_of_Impact,Was_Vehicle_Left_Hand_Drive?,Journey_Purpose_of_Driver,Sex_of_Driver,Age_of_Driver,Age_Band_of_Driver,Engine_Capacity_(CC),Propulsion_Code,Age_of_Vehicle,Driver_IMD_Decile,Driver_Home_Area_Type,Vehicle_IMD_Decile
20161338O0647,1,19,0,18,0,1,0,0,0,0,1,1,6,1,21,5,1968,2,6,9,2,9
20161338O0647,2,9,0,4,0,1,0,0,0,0,2,1,6,2,52,8,1598,1,3,9,2,9
20161338O1170,1,9,0,18,0,8,0,0,0,0,4,1,6,2,30,6,1896,2,8,1,1,1
20161338O1170,2,1,0,18,0,8,5,0,0,0,1,1,6,1,16,4,-1,-1,-1,1,1,1
20161338O1281,1,9,0,11,0,5,1,0,2,7,1,1,6,2,26,6,1799,1,10,1,1,1
20161338O1305,1,9,0,9,0,8,0,0,0,0,3,1,6,1,31,6,1991,1,1,8,1,8
20161338O1305,2,1,0,18,0,8,5,0,0,0,1,1,6,1,12,3,-1,-1,-1,-1,-1,-1
20161338O1409,1,9,0,3,0,1,0,0,0,0,3,1,6,2,65,9,998,1,4,7,1,7
20161338O1409,2,9,0,7,0,6,0,0,0,0,4,1,6,1,24,5,1896,2,13,2,1,2
20161338O1506,1,9,0,11,0,0,0,0,0,0,2,1,6,1,-1,-1,1198,1,13,-1,-1,-1
20161338O1506,2,9,0,18,0,0,0,0,0,0,1,1,6,1,38,7,2198,1,10,1,1,1
20161338O1671,1,9,0,18,0,1,0,0,0,0,1,1,6,3,-1,-1,-1,-1,-1,-1,-1,-1
20161338O1671,2,9,0,18,0,1,0,0,0,0,1,1,2,1,42,7,999,1,3,1,1,1
20161338O1810,1,9,0,13,0,0,0,0,0,0,4,1,6,1,-1,-1,-1,-1,-1,-1,-1,-1
20161338O1810,2,1,0,18,0,0,0,0,0,0,3,1,6,1,35,6,-1,-1,-1,2,1,2
20161338O1845,1,3,0,18,0,0,0,0,0,0,1,1,6,1,22,5,124,1,3,2,1,2
20161338O1845,2,9,0,9,0,0,0,0,0,0,1,1,6,1,45,7,-1,-1,-1,7,1,7
20161338O1935,1,9,0,18,0,0,0,0,0,0,1,1,6,1,27,6,1395,1,1,1,1,1
20161338O1935,2,9,0,2,0,0,0,0,0,0,4,1,6,2,-1,-1,1329,1,2,-1,-1,-1
20161338O2020,1,9,0,15,0,8,0,0,0,0,3,1,6,1,46,8,1560,2,4,1,1,1
20161338O2020,2,19,0,7,0,5,0,0,0,0,4,1,6,1,-1,-1,1998,2,12,-1,-1,-1
20161338P0244,1,21,1,18,0,0,3,0,0,0,3,1,1,1,49,8,11120,2,-1,4,2,4
20161338P0244,2,9,0,18,0,0,0,0,0,0,1,1,6,1,56,9,1951,2,11,8,1,8
20161338P0262,1,9,0,18,0,8,0,0,0,0,1,1,1,1,34,6,-1,-1,-1,7,1,7
20161338P0262,2,19,0,18,0,8,0,0,0,0,1,1,1,1,30,6,-1,-1,-1,1,1,1
20161338P0284,1,9,0,10,0,1,0,0,0,0,1,1,2,1,43,7,1900,2,11,6,2,6
20161338P0284,2,9,0,18,0,1,0,0,0,0,2,1,2,2,31,6,1796,2,4,6,2,6
20161338P0301,1,11,0,5,0,0,0,0,0,0,0,1,1,1,51,8,-1,-1,-1,3,1,3
20161338P0651,1,21,0,10,0,1,0,0,0,0,2,1,6,1,43,7,7146,2,4,3,1,3
20161338P0651,2,9,0,18,0,1,0,0,7,1,1,1,6,1,80,11,1229,1,2,3,1,3
20161338P0821,1,9,0,3,0,8,0,0,0,0,2,1,6,2,42,7,1995,2,4,8,3,8
20161338P0821,2,9,0,18,0,8,0,0,0,0,1,1,6,3,-1,-1,-1,-1,-1,-1,-1,-1
20161338P0872,1,9,0,13,0,4,0,0,0,0,1,1,6,1,29,6,1331,1,22,2,1,2
20161338P0872,2,9,0,7,0,4,0,0,0,0,3,1,6,1,56,9,1896,2,12,4,1,4
20161338P0901,1,19,0,18,0,0,0,0,0,0,4,1,6,1,68,10,2402,2,6,1,1,1
20161338P0955,1,1,0,18,2,1,5,0,0,0,1,1,6,1,21,5,-1,-1,-1,10,2,10
20161338P0955,2,9,0,9,0,5,0,0,0,0,4,1,6,1,30,6,1984,1,8,4,1,4
20161338P1011,1,9,0,9,0,6,0,0,0,0,1,1,6,2,25,5,1399,2,8,9,1,9
20161338P1020,1,9,0,7,0,2,0,0,0,0,1,1,6,1,23,5,1332,1,18,1,1,1
20161338P1020,2,9,0,18,0,1,0,0,0,0,1,1,6,1,24,5,1242,1,15,1,1,1
20161338P1031,1,9,0,18,0,0,0,0,0,0,1,1,6,1,44,7,1896,2,13,4,1,4
20161338P1031,2,9,0,18,0,0,0,0,0,0,2,1,6,1,52,8,1598,2,3,3,1,3
20161338P1031,3,11,0,2,0,0,0,0,0,0,2,1,1,1,36,7,7300,2,10,2,1,2
20161338P1257,1,19,0,18,0,0,0,0,0,0,1,1,2,1,38,7,1753,2,9,-1,-1,-1
20161338P1294,1,9,0,18,0,0,0,0,0,0,4,1,6,3,-1,-1,-1,-1,-1,-1,-1,-1
20161338P1414,1,8,0,18,0,0,0,0,0,0,3,1,1,1,68,10,1997,2,6,7,1,7
20161338P1548,1,1,0,18,0,0,0,0,0,0,3,1,6,1,15,3,-1,-1,-1,-1,-1,-1
20161338P1548,2,3,0,18,0,0,0,0,0,0,4,1,6,3,-1,-1,-1,-1,-1,-1,-1,-1
20161338P1614,1,9,0,18,0,0,1,0,4,0,3,1,2,2,33,6,1242,1,8,1,1,1
20161338P1614,2,9,0,18,0,0,1,0,1,0,1,1,6,1,58,9,1598,2,1,3,1,3
20161338Q0123,1,9,0,17,0,0,0,10,1,2,4,1,6,2,59,9,2231,2,9,9,1,9
20161338Q0262,1,9,0,9,0,5,0,0,0,0,1,1,6,2,61,9,1242,1,13,2,2,2
20161338Q0262,2,9,0,18,0,8,0,0,0,0,1,1,6,1,20,4,1360,1,15,5,2,5
20161338Q0262,3,9,0,18,0,8,0,0,0,0,1,1,6,1,43,7,1968,2,3,1,2,1
20161338Q0372,1,9,0,18,0,8,0,0,0,0,3,1,6,1,45,7,1968,2,9,1,1,1
20161338Q0372,2,9,0,18,0,8,0,0,0,0,4,1,6,2,72,10,1242,1,5,8,1,8
20161338Q0477,1,9,0,14,0,0,0,0,0,0,1,1,6,2,20,4,1242,1,10,6,3,6
20161338Q0477,2,9,0,2,0,0,0,0,0,0,2,1,6,2,36,7,1395,1,1,2,1,2
20161338Q0509,1,9,0,8,0,1,0,0,0,0,1,1,6,1,48,8,2000,2,8,1,1,1
20161338Q0509,2,9,0,7,0,1,0,0,0,0,1,1,6,1,53,8,-1,-1,-1,3,1,3
20161338Q0585,1,9,0,1,0,0,0,0,0,0,2,1,6,2,48,8,1995,2,3,5,1,5
20161338Q0698,1,9,0,18,0,1,0,0,0,0,1,1,6,2,32,6,1360,1,10,2,1,2
20161338Q0698,2,9,0,18,0,1,0,0,0,0,2,1,6,2,19,4,1598,1,4,-1,-1,-1
20161338Q0698,3,9,0,10,0,1,0,0,0,0,2,1,6,1,30,6,1149,1,15,-1,-1,-1
20161338Q0817,1,9,0,9,0,8,0,0,0,0,4,1,6,1,38,7,1598,1,11,3,1,3
20161338Q0817,2,3,0,18,0,8,5,0,0,0,1,1,6,1,26,6,125,1,5,5,1,5
20161338Q0879,1,1,0,18,9,0,5,0,0,0,1,1,6,1,39,7,-1,-1,-1,1,1,1
20161338Q0879,2,9,0,5,0,0,0,0,0,0,3,1,6,3,-1,-1,1984,1,13,-1,-1,-1
20161338Q0909,1,5,0,13,0,8,2,0,0,0,4,1,6,1,55,8,599,1,17,7,1,7
20161338Q0909,2,9,0,18,0,8,0,0,0,0,3,1,6,1,51,8,1596,1,12,6,2,6
20161338Q1093,1,8,0,9,0,1,0,0,0,0,1,1,6,3,-1,-1,-1,-1,-1,-1,-1,-1
20161338Q1093,2,1,0,18,0,1,0,0,0,0,1,1,6,1,38,7,-1,-1,-1,1,1,1
20161338Q1104,1,9,0,9,0,8,0,0,0,0,1,1,2,2,37,7,998,1,4,6,1,6
20161338Q1104,2,9,0,18,0,8,0,0,0,0,1,1,6,1,77,11,1339,1,13,5,1,5
20161338Q1121,1,9,0,16,0,0,0,0,7,4,1,1,6,1,26,6,1994,1,13,1,1,1
20161338Q1183,1,9,0,18,0,0,0,0,0,0,3,1,6,1,48,8,1398,1,5,1,1,1
20161338Q1187,1,5,0,17,0,0,1,0,1,0,4,1,6,1,47,8,998,1,9,1,1,1
20161338Q1239,1,9,0,5,0,8,0,0,0,0,1,1,6,1,87,11,1560,2,5,2,1,2
20161338Q1239,2,9,0,18,0,8,0,0,0,0,2,1,6,1,81,11,1198,1,3,-1,-1,-1
20161338Q1258,1,9,0,18,0,0,0,0,0,0,0,1,6,3,-1,-1,-1,-1,-1,-1,-1,-1
20161338Q1258,2,9,0,18,0,0,0,0,0,0,2,1,6,1,33,6,1560,2,12,1,1,1
20161338Q1258,3,9,0,18,0,0,0,0,0,0,1,1,6,2,25,5,1753,2,9,1,1,1
20161338Q1294,1,9,0,9,0,6,0,0,0,0,3,1,6,2,32,6,1229,1,9,-1,-1,-1
20161338Q1294,2,9,0,18,0,8,0,0,0,0,1,1,6,1,42,7,2698,2,8,3,1,3
20161338Q1319,1,9,0,5,0,8,0,0,0,0,1,1,6,2,32,6,1461,2,6,3,1,3
20161338Q1319,2,5,0,18,0,8,0,0,0,0,1,1,6,1,25,5,656,1,9,2,1,2
20161338Q1331,1,19,0,3,0,1,0,0,0,0,2,1,6,1,-1,-1,1560,2,6,-1,-1,-1
20161338Q1331,2,9,0,3,0,1,0,0,0,0,1,1,6,1,31,6,998,1,2,3,1,3
20161338Q1557,1,9,0,18,0,0,0,0,0,0,1,1,6,1,24,5,1598,2,3,1,1,1
20161338Q1557,2,9,0,18,0,0,0,0,0,0,2,1,6,1,37,7,1598,1,9,7,1,7
20161338Q1557,3,9,0,18,0,0,0,0,0,0,2,1,6,3,-1,-1,-1,-1,-1,-1,-1,-1
20161338Q1557,4,9,0,18,0,0,0,0,0,0,2,1,6,3,-1,-1,-1,-1,-1,-1,-1,-1
20161338Q1665,1,9,0,6,0,0,0,0,0,0,3,1,6,2,35,6,2143,2,2,-1,-1,-1
20161338Q1665,2,5,0,18,0,0,2,0,0,0,1,1,2,1,35,6,599,1,20,-1,-1,-1
20161338Q2110,1,8,0,18,0,0,0,7,7,0,1,1,2,1,55,8,1560,2,5,4,1,4
20161338R0191,1,9,0,18,0,0,0,10,0,0,1,1,6,1,-1,-1,1956,2,4,2,1,2
20161338R0191,2,9,0,18,0,0,0,0,0,0,1,1,1,1,-1,-1,1686,2,4,-1,-1,-1
20161338R0191,3,9,0,2,0,0,0,0,0,0,2,1,2,1,52,8,1998,2,8,7,2,7
20161338R0828,1,5,0,13,0,1,0,0,0,0,1,1,6,1,49,8,999,1,29,1,1,1
20161338R0828,2,9,0,9,0,1,0,0,0,0,3,1,6,2,31,6,1596,1,16,3,1,3
20161338R0830,1,9,0,7,0,1,0,0,0,0,1,1,6,2,50,8,1686,2,3,7,1,7
20161338R0830,2,9,0,18,0,1,0,0,0,0,2,1,6,2,60,9,1753,2,9,3,1,3
20161338R0836,1,9,0,18,0,0,1,0,0,0,1,1,6,1,27,6,-1,-1,-1,1,1,1
20161338R0836,2,9,0,4,0,0,0,0,0,0,2,1,6,1,27,6,1398,1,1,7,1,7
20161338R0836,3,9,0,9,0,0,0,0,0,0,2,1,6,1,42,7,1968,2,-1,7,3,7
20161338R1027,1,5,0,18,0,0,0,0,0,0,1,1,6,1,23,5,-1,-1,-1,1,1,1
20161338R1027,2,9,0,2,0,0,0,0,0,0,2,1,6,1,37,7,1968,2,10,1,1,1
20161338R1038,1,9,0,16,0,8,1,0,1,4,1,1,6,1,28,6,1686,2,13,9,1,9
20161338R1065,1,9,0,18,0,4,0,0,0,0,3,1,6,2,24,5,999,1,-1,3,1,3
20161338R1065,2,21,0,18,0,4,0,0,0,0,4,1,1,1,50,8,6370,2,5,6,2,6
20161338R1402,1,19,0,1,0,0,0,0,0,0,2,1,6,1,21,5,2198,2,3,3,1,3
20161338R2158,1,9,0,18,0,6,0,0,7,0,3,1,1,1,30,6,1896,2,6,-1,-1,-1
20161338R2158,2,20,0,18,0,1,0,0,0,0,1,1,1,1,32,6,-1,-1,-1,-1,-1,-1
20161338S0061,1,9,0,9,0,5,0,0,0,0,1,1,6,1,-1,-1,-1,-1,-1,-1,-1,-1
20161338S0331,1,9,0,18,0,0,0,0,0,0,2,1,6,1,41,7,1339,1,10,-1,-1,-1
20161338S0331,2,9,0,18,0,0,0,0,0,0,1,1,6,1,26,6,1995,2,9,-1,-1,-1
20161338S0547,1,11,0,18,0,0,0,0,0,0,4,1,1,1,50,8,7300,2,13,7,1,7
20161338S0582,1,8,0,18,0,6,0,0,0,0,1,1,6,3,-1,-1,-1,-1,-1,-1,-1,-1
20161338S0615,1,5,0,5,0,0,5,0,0,0,4,1,6,1,55,8,1200,1,14,-1,-1,-1
20161338S0691,1,9,0,9,0,8,0,0,0,0,4,1,6,1,22,5,1896,2,12,5,1,5
20161338S0691,2,9,0,18,0,1,0,0,0,0,1,1,6,1,37,7,1984,1,2,-1,-1,-1
20161338S0736,1,9,0,18,0,0,0,0,2,7,1,1,6,2,24,5,1968,2,3,4,1,4
20161338S0739,1,9,0,9,0,6,0,0,0,11,1,1,6,1,49,8,1839,1,12,4,1,4
20161338S0739,2,9,0,18,0,6,0,0,0,0,0,1,1,1,34,6,1598,2,1,-1,-1,-1
20161338S0739,3,9,0,18,0,8,0,0,0,0,1,1,6,2,58,9,1997,2,-1,5,1,5
20161338S1196,1,9,0,18,0,0,0,0,0,0,2,1,6,1,35,6,1896,2,15,1,1,1
20161338S1196,2,3,0,18,0,0,2,0,0,0,1,1,6,1,26,6,125,1,2,1,1,1
20161338S1244,1,9,0,16,0,0,5,0,2,11,1,1,6,2,67,10,1997,2,3,8,1,8
20161338S1482,1,9,0,9,0,1,0,0,0,0,1,1,6,2,24,5,1199,1,14,1,1,1
20161338S1482,2,9,0,18,0,1,0,0,0,0,2,1,6,2,-1,-1,-1,-1,-1,-1,-1,-1
20161338S1854,1,9,0,18,0,1,0,0,1,0,1,1,1,2,60,9,-1,-1,-1,4,1,4
20161338S1854,2,9,0,18,0,7,0,0,0,0,4,1,1,2,18,4,1242,1,7,7,1,7
20161338T0435,1,9,0,18,0,0,0,0,1,4,1,1,1,1,20,4,1598,1,11,3,1,3
20161338T0628,1,9,0,18,0,0,0,0,0,0,1,1,6,2,18,4,1398,1,5,5,3,5
20161338T0628,2,9,0,4,0,0,0,0,0,0,2,1,6,1,29,6,1598,2,1,2,1,2
20161338T0628,3,9,0,4,0,0,0,0,0,0,2,1,6,1,48,8,1896,2,12,6,1,6
20161338T0637,1,9,0,18,0,0,0,0,0,0,1,1,6,1,76,11,1086,1,7,-1,-1,-1
20161338T0637,2,9,0,9,0,0,0,0,0,0,2,1,6,2,23,5,999,1,1,-1,-1,-1
20161338T0726,1,9,0,3,0,4,0,0,0,0,2,1,6,1,33,6,1598,1,10,1,1,1
20161338T0726,2,8,0,18,0,4,0,0,0,0,1,1,1,1,37,7,1968,2,4,3,1,3
20161338T0897,1,9,0,9,0,8,0,0,0,0,1,1,6,1,42,7,1596,1,15,-1,-1,-1
20161338T0994,1,9,0,18,0,1,0,0,0,0,4,1,6,1,38,7,1968,2,7,1,1,1
20161338T1011,1,9,0,18,0,6,0,0,0,0,1,1,6,1,43,7,1968,2,10,4,1,4
20161338T1011,2,9,0,18,0,6,0,0,0,0,2,1,6,1,41,7,1896,2,9,1,1,1
20161338T1146,1,9,0,9,0,5,0,0,0,0,1,1,6,2,45,7,1498,1,7,8,2,8
20161338T1146,2,1,0,18,0,1,0,0,0,0,1,1,6,1,19,4,-1,-1,-1,7,2,7
20161338T1191,1,9,0,18,0,0,5,10,0,0,1,1,6,2,65,9,1596,1,2,2,1,2
20161338T1435,1,9,0,9,0,8,0,0,0,0,1,1,6,3,-1,-1,1994,2,13,-1,-1,-1
20161338T1435,2,9,0,18,0,8,0,0,0,0,4,1,6,1,46,8,1590,1,13,3,1,3
20161338T1435,3,8,0,2,0,1,0,0,0,0,3,1,6,3,36,7,1998,2,7,-1,-1,-1
20161338T1569,1,1,0,18,0,8,2,0,0,0,1,1,6,2,44,7,-1,-1,-1,7,1,7
20161338T1569,2,9,0,9,0,6,0,0,0,0,3,1,6,1,26,6,1229,1,11,4,1,4
20161338T1594,1,9,0,18,0,1,0,0,0,0,1,1,6,1,45,7,1686,2,4,1,1,1
20161338T1594,2,9,0,9,0,8,0,0,0,0,4,1,6,1,20,4,1242,1,5,9,1,9
20161338T1944,1,9,0,9,0,8,0,0,0,0,1,1,6,2,59,9,1598,1,13,1,1,1
20161338T1944,2,9,0,18,0,8,0,0,0,0,1,1,6,1,24,5,1870,2,11,1,1,1
20161338U0285,1,9,0,18,0,0,0,0,0,0,1,1,6,3,-1,-1,-1,-1,-1,-1,-1,-1
20161338U0330,1,19,0,7,4,5,0,0,0,0,0,1,6,3,-1,-1,-1,-1,-1,-1,-1,-1
20161338U0330,2,1,0,18,4,8,5,0,0,0,0,1,2,1,35,6,-1,-1,-1,8,1,8
20161338U0443,1,9,0,9,0,8,0,0,0,0,1,1,6,1,88,11,1240,1,6,10,1,10
20161338U0443,2,1,0,18,0,8,0,0,0,0,3,1,6,1,52,8,-1,-1,-1,9,1,9
20161338U0473,1,17,0,18,0,0,0,0,0,0,0,1,1,1,28,6,-1,-1,-1,4,1,4
20161338U0512,1,4,0,18,0,0,2,0,0,0,1,1,6,1,50,8,250,1,6,6,1,6
20161338U0512,2,9,0,18,0,0,0,0,0,0,1,1,6,1,71,10,1197,1,1,8,1,8
20161338U0747,1,9,0,18,0,0,0,0,0,0,3,1,6,2,34,6,1598,1,6,2,1,2
20161338U0747,2,9,0,18,0,0,0,0,0,0,3,1,6,1,24,5,1900,2,12,1,2,1
20161338U1015,1,9,0,18,0,8,2,7,0,0,4,1,6,1,62,9,1896,2,11,6,1,6
20161338U1015,2,9,0,18,0,8,1,0,0,0,3,1,6,1,28,6,1495,1,9,7,1,7
20161338U1015,3,9,0,3,0,8,0,0,0,0,3,1,6,2,28,6,998,1,3,4,1,4
20161338U1070,1,9,0,7,0,6,0,0,0,0,1,1,6,2,26,6,1461,2,11,8,1,8
20161338U1070,2,1,0,7,0,6,0,0,0,0,2,1,6,1,71,10,-1,-1,-1,8,1,8
20161338U1172,1,9,0,4,0,0,0,0,0,0,1,1,6,1,24,5,1598,2,2,4,1,4
20161338U1172,2,9,0,4,0,0,0,0,0,0,2,1,6,1,63,9,2400,2,5,1,1,1
20161338U1180,1,9,0,18,0,2,0,0,0,0,3,1,6,2,37,7,1360,1,11,1,1,1
20161338U1210,1,1,0,18,0,0,0,0,0,0,1,1,6,1,8,2,-1,-1,-1,1,1,1
20161338U1210,2,9,0,18,0,0,0,0,0,0,1,1,6,3,-1,-1,-1,-1,-1,-1,-1,-1
20161338U1355,1,9,0,7,0,5,0,0,0,0,4,1,6,2,54,8,1596,1,7,2,1,2
20161338U1355,2,1,0,18,0,8,0,0,0,0,3,1,6,1,14,3,-1,-1,-1,4,1,4
20161338U1418,1,11,0,18,0,0,0,0,0,0,0,1,1,1,49,8,9360,2,7,1,1,1
20161338V0289,1,3,0,18,0,0,5,0,0,0,1,1,6,1,18,4,124,1,15,5,1,5
20161338V0289,2,9,0,5,0,0,0,0,0,0,3,1,6,1,27,6,1753,2,7,3,1,3
20161338V0296,1,9,0,9,0,6,0,0,0,0,3,1,6,1,37,7,2493,8,2,-1,-1,-1
20161338V0296,2,9,0,16,0,1,0,0,0,0,1,1,6,2,54,8,1461,2,1,-1,-1,-1
20161338V0314,1,9,0,4,0,7,0,0,0,0,2,1,2,1,23,5,1229,1,1,5,1,5
20161338V0314,2,9,0,4,0,7,0,0,0,0,1,1,2,1,30,6,1149,1,14,3,1,3
20161338V0697,1,9,0,18,0,8,0,0,0,0,4,1,6,2,27,6,1590,1,12,3,1,3
20161338V0697,2,9,0,9,0,4,0,0,0,0,1,1,6,3,-1,-1,1910,2,9,-1,-1,-1
20161338V1144,1,9,0,8,0,6,0,0,0,0,0,1,6,2,28,6,1969,1,-1,-1,-1,-1
20161338V1283,1,9,0,18,0,0,0,0,0,0,1,1,6,2,25,5,998,1,2,3,1,3
20161338V1283,2,9,0,18,0,0,0,0,0,0,2,1,6,1,30,6,1364,1,-1,4,1,4
20161338V1336,1,9,0,18,0,8,0,0,0,0,1,1,1,2,25,5,998,1,3,-1,-1,-1
20161338V1336,2,1,0,18,0,8,0,0,0,0,1,1,6,1,39,7,-1,-1,-1,-1,-1,-1
20161338V1509,1,9,0,18,0,1,0,0,0,0,1,1,6,1,25,5,1968,2,5,3,1,3
20161338V1900,1,9,0,12,0,0,0,0,0,0,1,1,6,1,20,4,1956,2,4,3,1,3
20161338V1900,2,9,0,18,0,0,0,0,0,0,2,1,6,2,56,9,998,1,16,2,1,2
20161338V1900,3,9,0,12,0,0,0,0,0,0,0,1,6,3,-1,-1,-1,-1,-1,-1,-1,-1
2016133910228,1,9,0,3,0,2,0,0,0,0,2,1,6,2,38,7,1968,2,3,7,3,7
2016133910228,2,9,0,18,0,1,0,0,0,0,1,1,6,1,43,7,1956,2,5,-1,-1,-1
2016133910363,1,1,0,9,0,0,0,0,0,0,1,1,2,1,32,6,-1,-1,-1,-1,-1,-1
2016133910363,2,19,0,18,0,0,0,0,0,0,4,1,1,1,35,6,1598,2,-1,-1,-1,-1
2016133910399,1,4,0,18,0,8,0,0,0,0,1,1,6,2,31,6,749,1,34,-1,-1,-1
2016133910399,2,9,0,9,0,5,0,0,0,0,4,1,1,1,53,8,1598,2,2,6,1,6
2016133910464,1,9,0,18,0,0,0,0,0,0,1,1,6,1,17,4,1390,1,12,9,1,9
2016133910464,2,19,0,18,0,0,0,0,0,0,1,1,6,1,39,7,2151,2,13,2,1,2
2016133910481,1,9,0,4,0,0,0,0,0,0,1,1,6,1,43,7,1560,2,9,4,1,4
2016133910481,2,19,0,4,0,0,0,0,0,0,2,1,1,2,57,9,1461,2,4,4,1,4
2016133910481,3,9,0,4,0,0,0,0,0,0,2,1,6,1,24,5,1995,2,1,10,3,10
2016133910481,4,9,0,4,0,0,0,0,0,0,2,1,6,3,28,6,1595,1,3,3,1,3
2016133910754,1,9,0,7,0,6,0,0,0,0,1,1,6,2,78,11,1198,1,4,7,3,7
2016133910754,2,9,0,18,0,1,0,0,0,0,1,1,6,1,67,10,2268,2,1,9,1,9
2016133911101,1,5,0,13,0,8,0,0,0,0,1,1,6,1,55,8,893,1,21,3,1,3
2016133911101,2,9,0,9,0,8,0,0,0,0,3,1,6,2,80,11,1398,1,2,3,1,3
2016133911134,1,9,0,7,0,1,0,0,0,0,4,1,2,2,62,9,999,1,1,2,1,2
2016133911134,2,1,0,18,4,1,0,0,0,0,1,1,6,1,59,9,-1,-1,-1,1,1,1
2016133911223,1,3,0,18,0,8,0,0,0,0,1,1,6,1,21,5,49,1,10,1,1,1
2016133911223,2,9,0,4,0,8,0,0,0,0,2,1,6,1,26,6,1248,2,8,1,1,1
2016133911419,1,9,0,18,0,0,1,0,7,0,1,1,6,3,-1,-1,2993,2,8,-1,-1,-1
2016133911419,2,9,0,18,0,0,0,0,1,0,1,1,2,2,46,8,1560,2,4,8,1,8
2016133911419,3,9,0,18,0,0,5,0,0,0,3,1,2,1,51,8,1560,2,5,2,1,2
2016133911419,4,9,0,2,0,0,0,0,0,0,2,1,6,3,-1,-1,1898,1,14,-1,-1,-1
2016133911896,1,9,0,3,0,0,0,0,0,0,2,1,6,2,50,8,1242,1,6,9,3,9
2016133911896,2,9,0,18,0,0,0,0,0,0,1,1,6,1,33,6,1199,2,5,7,1,7
2016133920666,1,9,0,5,0,6,0,0,0,0,3,1,6,1,86,11,1149,1,2,3,1,3
2016133920666,2,9,0,18,0,8,0,0,0,0,4,1,6,1,67,10,2967,2,6,8,1,8
2016133920679,1,1,0,18,0,0,0,11,0,0,1,1,6,1,22,5,-1,-1,-1,1,1,1
2016133920679,2,8,0,2,0,0,0,0,0,0,3,1,1,1,50,8,1598,2,3,4,1,4
2016133920772,1,1,0,18,0,0,0,0,0,0,1,1,6,1,31,6,-1,-1,-1,3,1,3
2016133920772,2,9,0,18,0,0,0,0,0,0,2,1,6,2,67,10,1124,1,11,10,1,10
2016133921031,1,3,0,18,0,8,0,0,0,0,1,1,6,1,30,6,125,1,1,-1,-1,-1
2016133921031,2,9,0,9,0,5,0,0,0,0,2,1,6,1,28,6,2495,2,14,-1,-1,-1
2016133921129,1,9,0,18,0,0,0,0,7,11,3,1,6,1,38,7,1398,1,4,3,1,3
2016133921129,2,19,0,18,0,0,0,0,1,11,4,1,1,1,52,8,2198,2,3,9,1,9
2016133921129,3,9,0,18,0,0,0,0,0,0,3,1,6,2,79,11,1598,1,12,9,1,9
2016133921140,1,9,0,18,0,8,0,0,0,0,1,1,6,2,90,11,1339,1,7,10,1,10
2016133921140,2,9,0,18,0,8,0,0,0,0,4,1,6,1,86,11,1600,1,15,9,1,9
2016133921204,1,9,0,18,0,0,0,0,0,0,1,1,1,2,27,6,1398,1,3,10,1,10
2016133921204,2,9,0,18,0,0,0,0,0,0,2,1,6,3,-1,-1,-1,-1,-1,-1,-1,-1
2016133921228,1,9,0,7,0,1,0,0,0,0,1,1,2,2,23,5,998,1,-1,1,1,1
2016133921228,2,1,0,18,0,8,5,0,0,0,4,1,6,2,11,3,-1,-1,-1,1,1,1
2016133921235,1,9,0,18,0,8,0,0,1,1,3,1,6,2,23,5,1995,2,10,1,1,1
2016133921235,2,9,0,6,0,8,0,0,0,0,4,1,6,1,32,6,1390,1,10,10,1,10
2016133921278,1,9,0,18,0,0,0,0,0,0,1,1,6,1,82,11,1149,1,8,4,1,4
2016133921278,2,9,0,18,0,0,0,0,0,0,1,1,6,2,48,8,1685,2,2,8,1,8
2016133921283,1,9,0,9,0,8,0,0,0,0,1,1,6,2,36,7,1995,1,5,10,1,10
2016133921283,2,9,0,18,0,8,0,0,0,0,1,1,6,1,65,9,998,1,3,1,1,1
2016133921395,1,9,0,4,0,0,0,0,0,0,2,1,6,2,40,7,1587,1,9,2,1,2
2016133921395,2,9,0,18,0,0,0,0,0,0,1,1,6,3,-1,-1,1997,1,15,-1,-1,-1
2016133921449,1,9,0,18,0,8,0,0,0,0,3,1,6,2,26,6,2000,2,11,1,1,1
2016133921449,2,2,0,18,0,6,0,0,0,0,1,1,6,1,15,3,-1,-1,-1,1,1,1
2016133921751,1,9,0,18,0,0,1,0,1,9,2,1,6,1,19,4,1149,1,11,4,2,4
2016133921834,1,19,0,18,0,0,0,0,0,0,4,1,2,1,62,9,1910,2,11,6,1,6
2016133930215,1,9,0,18,0,0,5,0,0,0,1,1,6,2,22,5,998,1,9,-1,-1,-1
2016133930215,2,9,0,2,0,0,0,0,0,0,1,1,6,1,44,7,1998,2,13,-1,-1,-1
2016133930441,1,5,0,17,0,0,0,0,0,0,0,1,6,1,26,6,599,1,11,5,2,5
2016133930732,1,9,0,18,0,0,1,0,0,0,4,1,6,1,32,6,1246,1,11,-1,-1,-1
2016133930732,2,19,0,18,0,0,0,0,0,0,1,1,6,1,33,6,2198,2,4,-1,-1,-1
2016133930839,1,9,0,18,0,0,0,0,0,0,1,1,6,1,64,9,1197,1,3,6,1,6
2016133930839,2,9,0,2,0,0,0,0,0,0,2,1,6,2,51,8,998,1,8,7,1,7
2016133930839,3,9,0,18,0,0,0,0,0,0,1,1,6,2,68,10,1248,1,3,3,1,3
2016133930957,1,9,0,5,0,6,0,0,0,0,4,1,6,1,53,8,1248,2,9,5,2,5
2016133930957,2,9,0,18,0,8,1,0,0,0,1,1,6,1,25,5,1998,1,18,1,1,1