Accident_Index,Vehicle_Reference,Vehicle_Type,Towing_and_Articulation,Vehicle_Manoeuvre,Vehicle_Location-Restricted_Lane,Junction_Location,Skidding_and_Overturning,Hit_Object_in_Carriageway,Vehicle_Leaving_Carriageway,Hit_Object_off_Carriageway,1st_Point_of_Impact,Was_Vehicle_Left_Hand_Drive?,Journey_Purpose_of_Driver,Sex_of_Driver,Age_of_Driver,Age_Band_of_Driver,Engine_Capacity_(CC),Propulsion_Code,Age_of_Vehicle,Driver_IMD_Decile,Driver_Home_Area_Type,Vehicle_IMD_Decile
20161339G1303,1,9,0,18,0,0,0,0,0,0,1,1,1,1,-1,-1,1797,8,7,3,1,3
20161339G1331,1,9,0,18,0,0,0,0,0,0,1,1,6,1,-1,-1,-1,-1,-1,-1,-1,-1
20161339G1445,1,9,0,16,0,0,0,0,0,0,1,1,6,1,27,6,1330,1,23,2,1,2
20161339G1445,2,11,0,17,0,0,0,0,0,0,1,1,1,1,57,9,7300,2,10,8,1,8
20161339G1452,1,9,0,18,0,8,0,0,0,0,1,1,6,2,54,8,1240,1,13,2,1,2
20161339G1452,2,9,0,5,0,6,0,0,0,0,3,1,6,2,22,5,1198,1,1,1,1,1
20161339G1621,1,9,0,18,0,1,0,0,1,6,3,1,2,2,32,6,1560,2,5,6,1,6
20161339G1621,2,9,0,11,0,1,0,0,0,0,4,1,6,1,24,5,2967,2,3,3,1,3
20161339G1786,1,9,0,18,0,8,0,0,0,0,1,1,6,3,-1,-1,1995,2,6,-1,-1,-1
20161339G1786,2,9,0,18,0,8,0,0,0,0,3,1,6,1,65,9,2179,2,4,10,1,10
20161339H0171,1,9,0,18,0,0,0,0,7,4,3,1,6,1,19,4,1781,1,18,-1,-1,-1
20161339H0171,2,9,0,18,0,0,0,0,0,0,0,1,1,1,30,6,1560,2,-1,-1,-1,-1
20161339H0449,1,1,0,18,9,1,0,0,0,0,1,1,2,1,26,6,-1,-1,-1,2,1,2
20161339H0449,2,9,0,7,0,6,0,0,0,0,1,1,1,1,53,8,-1,-1,-1,1,1,1
20161339H0884,1,9,0,4,0,0,0,0,0,0,1,1,2,2,18,4,1198,1,12,4,1,4
20161339H0884,2,9,0,4,0,0,0,0,0,0,2,1,6,1,36,7,1969,2,1,3,2,3
20161339H0884,3,9,0,4,0,0,0,0,0,0,2,1,6,2,65,9,998,1,11,9,1,9
20161339H0887,1,9,0,18,0,0,0,0,0,0,4,1,6,3,-1,-1,-1,-1,-1,-1,-1,-1
20161339H0967,1,9,0,18,0,4,0,0,0,0,1,1,6,2,41,7,1910,2,9,9,1,9
20161339H0967,2,1,0,18,0,8,0,0,0,0,4,1,6,1,33,6,-1,-1,-1,1,1,1
20161339H1182,1,9,0,18,0,1,0,0,0,0,1,1,6,2,82,11,1398,1,11,5,1,5
20161339H1182,2,9,0,9,0,8,0,0,0,0,1,1,6,1,20,4,998,1,1,7,1,7
20161339H1391,1,9,0,18,0,1,0,0,0,0,1,1,6,1,67,10,1399,2,8,1,1,1
20161339H1391,2,9,0,3,0,1,0,0,0,0,2,1,6,2,45,7,1388,1,7,3,1,3
20161339H1444,1,9,0,9,0,6,0,0,0,0,3,1,6,1,55,8,1596,1,5,3,1,3
20161339H1444,2,3,0,18,0,8,2,0,0,0,1,1,6,1,28,6,124,1,-1,2,1,2
20161339H1629,1,4,0,18,0,0,5,0,1,7,0,1,6,1,59,9,1462,1,5,3,1,3
20161339H1629,2,9,0,18,0,0,0,0,0,0,0,1,6,3,-1,-1,-1,-1,-1,-1,-1,-1
20161339H1871,1,19,0,9,0,1,0,0,0,0,3,1,6,1,50,8,-1,-1,-1,-1,-1,-1
20161339H1871,2,9,0,18,0,1,0,0,0,0,1,1,6,1,19,4,1398,1,1,-1,-1,-1
20161339H1871,3,9,0,18,0,1,0,0,0,0,3,1,6,2,46,8,-1,-1,-1,-1,-1,-1
20161339I0174,1,9,0,18,0,0,2,0,0,0,1,1,6,1,25,5,1968,2,8,7,1,7
20161339I0174,2,9,0,2,0,0,0,0,0,0,2,1,6,2,61,9,1598,1,9,8,1,8
20161339I0174,3,9,0,2,0,0,0,0,0,0,2,1,6,2,24,5,998,1,9,4,1,4
20161339I0261,1,20,0,18,6,0,2,0,7,0,3,1,1,1,26,6,-1,-1,-1,-1,-1,-1
20161339I0261,2,9,0,18,0,0,0,0,0,0,4,1,1,1,56,9,1598,2,5,-1,-1,-1
20161339I0584,1,9,0,7,0,6,0,0,0,0,4,1,6,1,52,8,1948,1,12,5,1,5
20161339I0584,2,9,0,18,0,8,0,0,0,0,3,1,6,1,27,6,-1,-1,-1,3,1,3
20161339I0718,1,3,0,14,0,8,0,4,0,0,1,1,6,1,60,9,125,1,2,8,1,8
20161339I0718,2,9,0,9,0,8,0,0,0,0,0,1,6,2,32,6,1968,2,3,3,1,3
20161339I0718,3,11,0,8,0,8,0,0,0,0,0,1,6,1,33,6,7300,2,3,2,1,2
20161339I0718,4,19,0,2,0,8,0,0,0,0,3,1,6,3,-1,-1,2198,2,1,-1,-1,-1
20161339I0844,1,3,0,18,0,8,5,0,0,0,3,1,6,1,47,8,125,1,12,1,1,1
20161339I1394,1,8,0,3,0,4,0,0,0,0,2,1,1,1,37,7,1598,1,2,1,1,1
20161339I1394,2,9,0,4,0,4,0,0,0,0,1,1,6,2,-1,-1,1560,2,9,9,1,9
20161339I1421,1,9,0,18,0,1,0,0,0,0,1,1,6,2,49,8,1685,2,3,2,1,2
20161339I1421,2,9,0,18,0,1,0,0,0,0,1,1,6,2,20,4,1124,1,11,6,1,6
20161339I1802,1,9,0,1,0,0,0,0,0,0,2,1,6,1,-1,-1,1988,1,12,-1,-1,-1
20161339I1802,2,9,0,1,0,0,0,0,0,0,2,1,6,1,22,5,1598,2,-1,7,1,7
20161339J0168,1,9,0,4,0,8,1,0,0,0,1,1,6,2,18,4,1149,1,11,8,1,8
20161339J0168,2,8,0,18,0,8,0,0,0,0,1,1,1,1,61,9,1598,2,5,2,1,2
20161339J0176,1,9,0,9,0,8,0,0,0,0,1,1,6,1,31,6,1598,2,4,1,1,1
20161339J0176,2,1,0,18,0,4,0,0,0,0,1,1,6,1,47,8,-1,-1,-1,1,1,1
20161339J0226,1,9,0,9,0,8,0,0,0,0,4,1,2,2,25,5,973,1,16,1,1,1
20161339J0226,2,8,0,18,0,8,0,0,0,0,1,1,1,1,26,6,1998,2,8,3,1,3
20161339J0232,1,9,0,7,0,5,0,0,0,0,4,1,2,2,34,6,1956,2,1,-1,-1,-1
20161339J0232,2,1,0,18,0,1,0,0,0,0,1,1,2,1,26,6,-1,-1,-1,-1,-1,-1
20161339J0237,1,3,0,4,0,1,2,0,0,0,0,1,6,1,24,5,123,1,-1,3,1,3
20161339J0248,1,5,0,18,0,0,1,0,0,0,3,1,1,1,46,8,660,1,7,8,1,8
20161339J0263,1,5,0,13,0,0,1,0,0,0,0,1,2,1,32,6,600,1,11,8,1,8
20161339J0298,1,19,0,18,0,0,0,0,0,0,1,1,1,1,50,8,2198,2,5,3,1,3
20161339J0486,1,9,0,18,0,8,0,0,0,0,4,1,6,2,43,7,1198,1,1,1,1,1
20161339J0486,2,9,0,18,0,8,0,0,0,0,3,1,6,2,57,9,1587,1,9,7,1,7
20161339J0525,1,9,0,1,0,0,0,0,0,0,2,1,6,2,34,6,1598,1,11,5,1,5
20161339J0530,1,9,0,9,0,6,0,0,0,0,3,1,6,1,63,9,1461,2,2,9,1,9
20161339J0530,2,19,0,18,0,1,0,0,0,0,1,1,6,1,53,8,1996,2,5,2,1,2
20161339J0616,1,9,0,9,0,5,0,10,7,11,1,1,6,1,17,4,973,1,13,-1,-1,-1
20161339J0616,2,9,0,2,0,2,0,0,0,0,2,1,6,1,-1,-1,1248,1,-1,-1,-1,-1
20161339J0896,1,9,0,18,0,0,0,0,0,0,1,1,6,1,26,6,1910,2,10,5,1,5
20161339J0896,2,9,0,2,0,0,0,0,0,0,3,1,6,2,-1,-1,1896,2,8,-1,-1,-1
20161339J0896,3,9,0,2,0,0,0,0,0,0,1,1,6,2,-1,-1,1398,1,1,-1,-1,-1
20161339J0917,1,11,0,2,0,0,0,0,0,0,0,1,1,2,54,8,5900,2,12,1,1,1
20161339J1187,1,1,0,9,0,5,5,0,0,0,0,1,6,1,55,8,-1,-1,-1,4,1,4
20161339J1233,1,9,0,18,0,0,0,0,0,0,3,1,6,1,61,9,1248,2,6,5,1,5
20161339J1326,1,9,0,9,0,8,0,0,0,0,1,1,2,2,53,8,1896,2,13,3,1,3
20161339J1326,2,9,0,18,0,8,0,0,2,1,1,1,6,1,21,5,1390,1,2,5,1,5
20161339J1574,1,9,0,18,0,0,0,0,0,0,1,1,6,3,-1,-1,-1,-1,-1,-1,-1,-1
20161339J1630,1,9,0,7,0,0,0,0,0,0,1,1,6,1,27,6,1896,2,10,1,1,1
20161339J1630,2,1,0,18,0,0,0,0,0,0,1,1,6,1,28,6,-1,-1,-1,1,1,1
20161339K0046,1,9,0,18,0,1,0,0,0,0,3,1,6,1,22,5,1598,2,2,4,1,4
20161339K0046,2,9,0,7,0,1,0,0,0,0,1,1,6,1,-1,-1,1984,1,1,-1,-1,-1
20161339K0255,1,3,0,14,0,0,0,0,0,0,4,1,2,1,51,8,124,1,6,1,1,1
20161339K0255,2,19,0,6,0,0,0,0,0,0,1,1,2,1,23,5,1560,2,4,5,1,5
20161339K0582,1,5,0,18,0,1,0,0,0,0,1,1,6,1,51,8,1471,1,14,2,1,2
20161339K0582,2,9,0,9,0,1,0,0,0,0,3,1,1,1,58,9,1598,2,-1,6,1,6
20161339K0596,1,9,0,13,0,0,0,10,7,2,1,1,6,1,43,7,-1,-1,-1,3,1,3
20161339K0596,2,19,4,16,0,0,0,0,0,0,0,1,1,1,48,8,2402,2,7,-1,-1,-1
20161339K1053,1,9,0,18,0,0,0,0,0,0,1,1,2,2,43,7,1956,2,6,2,1,2
20161339K1189,1,1,0,18,4,1,0,0,0,0,1,1,6,2,35,6,-1,-1,-1,8,1,8
20161339K1189,2,9,0,9,0,8,0,0,0,0,4,1,6,2,51,8,1360,1,10,1,1,1
20161339K1199,1,9,0,9,0,8,0,0,0,0,3,1,6,1,63,9,-1,-1,-1,3,1,3
20161339K1199,2,9,0,18,0,8,0,0,0,0,1,1,6,1,49,8,-1,-1,-1,5,1,5
20161339K1337,1,9,0,18,0,0,0,0,0,0,4,1,6,3,-1,-1,1343,1,15,-1,-1,-1
20161339K1337,2,1,0,18,0,0,0,0,0,0,3,1,6,1,52,8,-1,-1,-1,10,1,10
20161339K1397,1,9,0,9,0,8,0,0,0,0,3,1,6,1,24,5,1968,2,5,2,1,2
20161339K1397,2,1,0,18,0,8,0,0,0,0,1,1,6,1,48,8,-1,-1,-1,4,1,4
20161339K1553,1,9,0,9,0,5,0,0,0,0,4,1,6,1,41,7,1461,2,-1,7,1,7
20161339K1553,2,1,0,9,0,1,0,0,0,0,1,1,2,1,44,7,-1,-1,-1,7,1,7
20161339K1759,1,8,0,1,0,8,0,0,0,0,2,1,1,1,32,6,1896,2,8,2,1,2
20161339K1763,1,9,0,18,0,0,0,0,0,0,1,1,6,1,36,7,1781,1,12,1,1,1
20161339K1936,1,9,0,18,0,8,0,0,0,0,4,1,6,2,52,8,1248,1,-1,-1,-1,-1
20161339K1936,2,9,0,18,0,1,0,0,0,0,1,1,6,1,31,6,1995,2,13,-1,-1,-1
20161339L0295,1,2,0,18,0,0,1,0,0,0,1,1,2,2,16,4,49,1,3,3,1,3
20161339L0295,2,9,0,3,0,0,0,0,0,0,2,1,2,1,43,7,2204,2,7,9,2,9
20161339L0307,1,9,0,18,0,0,0,0,0,0,4,1,2,2,35,6,1396,1,18,4,1,4
20161339L0307,2,11,0,18,0,0,0,0,0,0,3,1,1,1,57,9,7300,2,11,-1,-1,-1
20161339L0440,1,9,0,18,0,0,0,0,7,2,1,1,6,1,39,7,1896,2,11,8,1,8
20161339L0583,1,9,0,7,0,8,0,0,0,0,1,1,6,1,-1,-1,2993,2,3,-1,-1,-1
20161339L0650,1,9,0,5,0,0,0,0,0,0,1,1,6,2,80,11,998,1,14,7,1,7
20161339L0650,2,9,0,17,0,0,0,0,0,0,1,1,6,1,23,5,2000,2,11,1,1,1
20161339L1121,1,8,0,7,0,6,0,0,0,0,1,1,1,1,40,7,1997,2,9,7,1,7
20161339L1121,2,1,0,18,0,8,0,0,0,0,2,1,1,1,22,5,-1,-1,-1,9,3,9
20161339L1192,1,19,0,1,9,0,0,0,0,0,2,1,1,1,55,8,2198,2,-1,3,2,3
20161339L1262,1,8,0,14,0,0,0,0,0,0,4,1,1,1,40,7,2354,1,8,-1,-1,-1
20161339L1271,1,11,0,18,0,0,0,0,0,0,4,1,1,1,46,8,6692,2,4,2,1,2
20161339L1283,1,9,0,18,0,8,0,0,0,0,1,1,6,2,44,7,1229,1,-1,-1,-1,-1
20161339L1283,2,9,0,18,0,6,0,0,0,0,4,1,6,1,27,6,1781,1,14,-1,-1,-1
20161339L1297,1,19,0,4,0,1,0,0,0,0,1,1,6,1,26,6,2143,2,1,1,1,1
20161339L1297,2,9,0,4,0,1,0,0,0,0,2,1,6,1,34,6,1686,2,7,3,1,3
20161339L1361,1,9,0,18,0,0,0,0,0,0,4,1,6,2,58,9,1560,2,3,2,1,2
20161339L1546,1,9,0,18,0,1,0,0,0,0,1,1,6,2,46,8,-1,-1,-1,-1,-1,-1
20161339L1546,2,1,0,18,0,1,0,0,0,0,4,1,6,1,40,7,-1,-1,-1,-1,-1,-1
20161339L1694,1,9,0,14,0,0,0,0,0,0,3,1,6,1,35,6,-1,-1,-1,-1,-1,-1
20161339L1709,1,9,0,18,0,0,1,0,0,0,4,1,6,1,19,4,1364,1,12,-1,-1,-1
20161339L1719,1,9,0,3,0,1,0,0,0,0,2,1,6,2,29,6,1229,1,9,1,1,1
20161339L1719,2,9,0,18,0,1,0,0,0,0,1,1,6,3,-1,-1,-1,-1,-1,-1,-1,-1
20161339L1808,1,9,0,18,0,0,0,0,0,0,2,1,6,2,32,6,1461,2,7,8,1,8
20161339L1808,2,1,0,18,0,0,5,0,0,0,1,1,6,2,33,6,-1,-1,-1,-1,-1,-1
20161339L1956,1,9,0,18,0,8,0,0,0,0,3,1,6,2,39,7,1598,1,5,9,1,9
20161339L1956,2,9,0,11,0,8,0,0,0,0,4,1,2,2,23,5,1968,2,6,2,1,2
20161339M0077,1,9,0,18,0,8,0,0,0,0,1,1,6,1,45,7,1797,8,6,1,1,1
20161339M0077,2,9,0,9,0,6,1,0,0,0,4,1,6,2,36,7,998,1,6,3,1,3
20161339M0211,1,9,0,18,0,0,0,4,0,0,1,1,2,1,19,4,1199,1,13,7,1,7
20161339M0211,2,9,0,2,0,0,0,0,0,0,2,1,6,3,-1,-1,1560,2,4,-1,-1,-1
20161339M0217,1,9,0,9,0,8,0,0,0,0,3,1,6,1,46,8,1086,1,12,8,1,8
20161339M0304,1,9,0,18,0,0,0,0,0,0,4,1,6,2,38,7,1686,2,4,6,3,6
20161339M0509,1,19,0,9,0,8,0,0,0,0,1,1,1,1,19,4,1968,2,3,7,1,7
20161339M0509,2,19,0,18,0,8,0,0,0,0,4,1,1,1,55,8,2287,2,9,8,1,8
20161339M0601,1,9,0,4,0,1,0,0,0,0,1,1,1,2,31,6,1560,2,-1,1,1,1
20161339M0601,2,8,0,3,0,1,0,0,0,0,2,1,6,1,39,7,1797,8,3,1,1,1
20161339M1007,1,10,0,18,0,0,1,0,0,0,1,1,1,1,66,10,2500,2,8,-1,-1,-1
20161339M1037,1,9,0,18,0,0,0,0,0,0,4,1,2,1,55,8,1598,1,12,6,1,6
20161339M1129,1,9,0,18,0,0,0,0,0,0,1,1,6,1,42,7,1968,2,-1,-1,-1,-1
20161339M1162,1,1,0,18,0,8,0,0,0,0,3,1,6,1,12,3,-1,-1,-1,9,1,9
20161339M1162,2,9,0,18,0,8,0,0,0,0,1,1,6,3,-1,-1,-1,-1,-1,-1,-1,-1
20161339M1265,1,9,0,3,0,1,0,0,0,0,4,1,6,1,44,7,1598,1,7,2,1,2
20161339M1265,2,1,0,18,0,1,0,0,0,0,1,1,6,1,26,6,-1,-1,-1,1,1,1
20161339M1302,1,9,0,5,0,0,0,0,0,0,1,1,6,2,31,6,1000,1,25,10,2,10
20161339M1302,2,3,0,18,0,0,0,0,0,0,4,1,6,1,24,5,125,1,4,2,1,2
20161339N0215,1,9,0,18,0,4,0,0,0,0,1,1,2,1,50,8,1997,2,6,1,1,1
20161339N0215,2,1,0,18,0,8,0,0,0,0,4,1,2,2,29,6,-1,-1,-1,10,1,10
20161339N0257,1,9,0,5,0,8,0,0,0,0,3,1,6,1,23,5,1398,1,12,2,1,2
20161339N0257,2,1,0,18,0,8,0,0,0,0,1,1,6,1,33,6,-1,-1,-1,10,3,10
20161339N0313,1,9,0,18,0,8,0,0,0,0,1,1,6,1,-1,-1,-1,-1,-1,-1,-1,-1
20161339N0313,2,1,0,18,0,8,0,0,0,0,4,1,6,2,21,5,-1,-1,-1,-1,-1,-1
20161339N0356,1,9,0,7,0,0,0,0,0,0,4,1,6,1,51,8,2143,2,3,2,1,2
20161339N0356,2,1,0,18,2,0,0,0,0,0,1,1,2,1,48,8,-1,-1,-1,9,1,9
20161339N0381,1,9,0,18,0,0,0,0,0,0,1,1,6,1,-1,-1,1339,1,7,-1,-1,-1
20161339N0381,2,9,0,3,0,0,0,0,0,0,2,1,6,1,23,5,1968,2,5,-1,-1,-1
20161339N0462,1,19,0,18,0,6,0,0,0,0,1,1,1,1,64,9,2198,2,1,1,1,1
20161339N0462,2,9,0,18,0,6,0,0,0,0,2,1,1,1,49,8,1584,1,9,1,1,1
20161339N0472,1,9,0,18,0,0,0,0,0,0,1,1,6,1,30,6,1896,2,8,1,1,1
20161339N0472,2,9,0,3,0,0,0,0,0,0,2,1,6,2,47,8,1397,1,8,1,1,1
20161339N0583,1,9,0,18,0,0,0,0,0,0,1,1,6,2,29,6,1560,2,2,8,1,8
20161339N0583,2,9,0,4,0,0,0,0,0,0,2,1,6,2,56,9,1968,2,8,2,1,2
20161339N0724,1,9,0,5,0,6,0,0,0,0,3,1,1,1,36,7,2198,1,8,2,2,2
20161339N0724,2,1,0,18,9,1,0,0,0,0,1,1,6,1,19,4,-1,-1,-1,3,2,3
20161339N0754,1,19,0,18,0,0,0,0,0,0,1,1,6,2,44,7,1868,2,16,-1,-1,-1
20161339N0868,1,9,0,18,0,0,0,0,0,0,3,1,6,2,43,7,1997,2,4,8,1,8
20161339N0869,1,9,0,18,0,0,0,0,0,0,1,1,6,1,22,5,1598,2,3,2,1,2
20161339N0869,2,9,0,4,0,0,0,0,0,0,2,1,6,2,60,9,1596,1,5,4,1,4
20161339N0874,1,9,0,18,0,0,0,0,0,0,1,1,6,2,27,6,998,1,6,2,1,2
20161339N1193,1,11,0,18,0,8,0,0,0,0,0,1,1,1,36,7,9360,2,7,3,1,3
20161339N1212,1,9,0,14,0,0,0,0,0,0,1,1,1,2,43,7,2231,2,8,9,1,9
20161339N1390,1,1,0,18,0,0,0,0,0,0,4,1,6,1,9,2,-1,-1,-1,1,1,1
20161339N1390,2,9,0,18,0,0,0,0,0,0,1,1,6,1,49,8,998,1,13,3,1,3
20161339N1408,1,8,0,18,0,0,0,0,0,0,3,1,1,1,27,6,1598,2,2,1,1,1
20161339N1416,1,19,0,18,0,1,0,0,0,0,1,1,6,1,28,6,1399,2,6,5,1,5
20161339N1562,1,8,0,5,0,6,0,0,0,0,4,1,6,1,46,8,1910,2,7,2,1,2
20161339N1562,2,4,0,18,0,1,0,0,0,0,1,1,6,1,24,5,-1,-1,-1,-1,-1,-1
20161339N1617,1,9,0,9,0,8,0,0,0,0,1,1,6,1,19,4,1582,2,9,1,1,1
20161339N1617,2,8,0,18,0,8,0,0,0,0,4,1,1,1,33,6,1968,2,7,1,1,1
20161339N1700,1,9,0,4,0,0,0,0,0,0,1,1,6,1,-1,-1,1995,2,2,-1,-1,-1
20161339N1700,2,9,0,4,0,0,0,0,0,0,2,1,6,3,56,9,1598,1,3,4,1,4
20161339N1700,3,9,0,4,0,0,0,0,0,0,2,1,6,3,-1,-1,-1,-1,-1,-1,-1,-1
20161339O0095,1,8,0,5,0,0,0,0,0,0,3,1,1,1,52,8,1582,2,4,2,1,2
20161339O0210,1,9,0,18,0,8,5,0,1,7,1,1,6,1,25,5,-1,-1,-1,7,1,7
20161339O0646,1,9,0,18,0,0,0,0,0,0,4,1,6,3,-1,-1,-1,-1,-1,-1,-1,-1
20161339O0789,1,9,0,9,0,6,0,0,0,0,1,1,6,2,68,10,998,1,8,2,1,2
20161339O0789,2,9,0,18,0,8,0,0,0,0,4,1,6,1,60,9,1461,2,4,7,1,7
20161339O1111,1,9,0,18,0,0,0,0,0,0,1,1,6,1,30,6,3246,1,14,2,1,2
20161339O1111,2,1,0,5,0,0,0,0,0,0,1,1,6,1,11,3,-1,-1,-1,-1,-1,-1
20161339O1133,1,9,0,9,0,6,0,0,0,0,2,1,6,2,40,7,1461,2,7,7,1,7
20161339O1214,1,9,0,18,0,0,5,0,2,10,1,1,6,2,43,7,1796,1,9,2,1,2
20161339O1270,1,11,0,18,0,8,0,0,0,0,1,1,1,1,37,7,7300,2,7,3,1,3
20161339O1630,1,9,0,7,0,6,0,0,0,0,1,1,6,2,28,6,1896,2,13,1,1,1
20161339O1630,2,9,0,18,0,8,0,0,0,0,4,1,6,2,22,5,1198,1,4,4,1,4
20161339O1643,1,9,0,18,0,0,0,0,0,0,1,1,6,1,24,5,1834,1,15,6,1,6
20161339O1643,2,9,0,18,0,0,0,0,0,0,2,1,6,2,19,4,1199,1,15,8,1,8
20161339O1901,1,9,0,18,0,8,0,0,0,0,4,1,6,2,20,4,1242,1,-1,-1,-1,-1
20161339O1901,2,9,0,18,0,8,0,0,0,0,3,1,6,1,21,5,1399,2,5,5,2,5
20161339O1970,1,9,0,18,0,0,0,0,0,0,1,1,6,1,35,6,1598,2,4,1,1,1
20161339O1970,2,9,0,3,0,0,0,0,0,0,2,1,6,2,20,4,998,1,10,-1,-1,-1
20161339O1970,3,9,0,3,0,0,0,0,0,0,2,1,6,2,30,6,1997,1,12,2,1,2
20161339O1970,4,9,0,3,0,0,0,0,0,0,2,1,6,1,26,6,1364,1,12,2,1,2
20161339P0054,1,9,0,18,0,0,0,0,0,0,1,1,6,1,34,6,1332,1,16,2,1,2
20161339P0142,1,8,0,18,0,6,0,0,0,0,1,1,1,1,41,7,1968,2,6,-1,-1,-1
20161339P0464,1,9,0,9,0,0,0,0,0,0,3,1,6,1,46,8,-1,-1,-1,7,1,7
20161339P0464,2,19,0,13,0,0,1,0,0,0,1,1,1,1,47,8,-1,-1,-1,6,1,6
20161339P0607,1,9,0,18,0,0,0,0,0,0,4,1,6,1,41,7,-1,-1,-1,-1,-1,-1
20161339P0959,1,9,0,1,0,0,0,0,0,0,2,1,6,1,35,6,1587,1,24,3,1,3
20161339P1036,1,9,0,18,0,6,0,0,1,0,1,1,6,1,-1,-1,1198,1,7,10,1,10
20161339P1036,2,9,0,18,0,8,0,0,1,0,3,1,6,1,23,5,2143,2,1,4,1,4
20161339P1036,3,9,0,18,0,1,0,0,0,0,0,1,1,1,-1,-1,-1,-1,-1,1,1,1
20161339P1090,1,9,0,9,0,6,0,0,0,0,4,1,6,1,26,6,1896,2,14,-1,-1,-1
20161339P1090,2,1,0,18,0,8,0,0,0,0,1,1,6,1,51,8,-1,-1,-1,-1,-1,-1
20161339P1110,1,9,0,18,0,1,0,0,0,0,1,1,6,1,24,5,2993,2,5,-1,-1,-1
20161339P1110,2,9,0,9,0,6,0,0,0,0,3,1,6,2,34,6,1598,1,9,-1,-1,-1
20161339P1178,1,9,0,5,0,0,0,0,0,0,0,1,6,1,54,8,1598,1,5,8,2,8
20161339P1178,2,1,0,18,0,0,5,0,0,0,0,1,6,2,49,8,-1,-1,-1,10,1,10
20161339P1313,1,8,0,18,0,0,0,0,0,0,1,1,1,1,44,7,1584,1,9,1,1,1
20161339P1324,1,9,0,9,0,8,0,0,0,0,1,1,6,2,19,4,998,1,10,7,1,7
20161339P1324,2,90,0,18,0,8,0,0,0,0,1,1,1,1,40,7,2987,2,1,-1,-1,-1
20161339P1621,1,9,0,14,0,0,0,0,0,0,1,1,6,3,-1,-1,1910,2,9,-1,-1,-1
20161339P1621,2,9,0,2,0,0,0,0,0,0,2,1,6,3,-1,-1,1229,1,7,-1,-1,-1
20161339P1700,1,9,0,9,0,8,0,0,1,11,3,1,6,1,33,6,1900,2,15,-1,-1,-1
20161339P1700,2,9,0,18,0,1,0,0,0,0,3,1,6,2,33,6,2993,2,2,-1,-1,-1
20161339P1700,3,9,0,18,0,1,0,0,0,0,1,1,6,1,45,7,1896,2,9,-1,-1,-1
20161339P1841,1,9,0,9,0,8,1,0,0,0,1,1,6,1,30,6,1995,2,10,7,1,7
20161339P1841,2,9,0,18,0,8,0,0,0,0,1,1,6,1,82,11,1242,1,2,5,1,5
20161339Q0144,1,9,0,18,0,0,0,10,0,0,1,1,6,1,81,11,1796,1,14,10,1,10
20161339Q0216,1,9,0,9,0,1,0,0,0,0,1,1,1,2,55,8,1200,1,4,8,1,8
20161339Q0216,2,9,0,18,0,1,0,0,0,0,4,1,6,2,43,7,1368,1,1,2,1,2
20161339Q0233,1,9,0,1,0,0,0,0,0,0,2,1,6,2,31,6,898,1,-1,1,1,1
20161339Q0233,2,5,0,18,0,0,5,0,0,0,3,1,6,1,51,8,1127,1,24,1,1,1
20161339Q0568,1,9,0,5,0,6,0,0,0,0,2,1,6,1,60,9,-1,-1,-1,7,3,7
20161339Q0568,2,1,0,18,0,8,5,0,0,0,1,1,6,2,19,4,-1,-1,-1,3,1,3
20161339Q0654,1,9,0,18,0,0,0,0,0,0,4,1,6,3,-1,-1,1799,1,6,-1,-1,-1
20161339Q0654,2,1,0,18,0,0,5,0,1,9,3,1,6,1,47,8,-1,-1,-1,3,3,3
20161339Q0921,1,9,0,18,0,1,1,0,0,0,1,1,6,1,-1,-1,1984,1,11,-1,-1,-1
20161339Q0921,2,9,0,3,0,1,0,0,0,0,2,1,6,1,54,8,1560,2,-1,3,1,3
20161339Q0921,3,10,0,3,0,1,0,0,0,0,2,1,1,1,66,10,-1,-1,-1,2,1,2
20161339Q1003,1,2,0,18,0,0,1,0,0,0,1,1,6,1,16,4,49,1,-1,9,1,9
20161339Q1003,2,9,0,2,0,0,0,0,0,0,2,1,6,3,-1,-1,1395,1,-1,-1,-1,-1
20161339Q1013,1,9,0,18,0,0,0,0,0,0,1,1,6,1,43,7,2671,1,15,-1,-1,-1
20161339Q1013,2,9,0,18,0,0,0,0,0,0,1,1,1,1,40,7,1582,2,7,3,1,3
20161339Q1211,1,9,0,18,0,1,1,0,0,0,1,1,6,1,22,5,1390,1,11,3,1,3
20161339Q1211,2,9,0,9,0,6,1,0,0,0,3,1,6,1,76,11,1329,1,4,1,1,1
20161339Q1236,1,9,0,9,0,1,0,0,0,0,1,1,6,2,19,4,1248,2,2,1,1,1
20161339Q1236,2,1,0,18,0,1,0,0,0,0,1,1,6,1,28,6,-1,-1,-1,1,1,1
20161339Q1288,1,9,0,18,0,8,0,0,0,0,3,1,6,1,57,9,1390,1,16,1,1,1
20161339Q1288,2,19,0,18,0,8,0,0,0,0,1,1,6,1,21,5,2402,2,11,6,1,6
20161339Q1326,1,9,0,5,0,6,0,0,0,0,1,1,2,1,26,6,1461,2,-1,5,1,5
20161339Q1326,2,9,0,18,0,8,0,0,0,0,4,1,6,2,32,6,1598,1,11,6,1,6
20161339Q1330,1,9,0,18,0,0,0,0,0,0,1,1,6,1,64,9,1199,1,17,-1,-1,-1
20161339Q1330,2,9,0,2,0,0,0,0,0,0,2,1,6,3,-1,-1,1299,1,12,-1,-1,-1
20161339Q1330,3,9,0,2,0,0,0,0,0,0,2,1,6,3,-1,-1,1493,2,8,-1,-1,-1
20161339Q1333,1,9,0,18,0,0,0,0,0,10,1,1,6,1,25,5,1596,1,12,4,1,4
20161339Q1420,1,9,0,16,0,1,1,0,0,0,1,1,6,3,-1,-1,-1,-1,-1,-1,-1,-1
20161339Q1420,2,9,0,7,0,8,0,0,0,0,1,1,6,2,48,8,1422,2,8,8,1,8
20161339Q1705,1,9,0,18,0,6,0,0,1,11,1,1,6,2,67,10,-1,-1,-1,5,3,5