Accident_Index,Vehicle_Reference,Vehicle_Type,Towing_and_Articulation,Vehicle_Manoeuvre,Vehicle_Location-Restricted_Lane,Junction_Location,Skidding_and_Overturning,Hit_Object_in_Carriageway,Vehicle_Leaving_Carriageway,Hit_Object_off_Carriageway,1st_Point_of_Impact,Was_Vehicle_Left_Hand_Drive?,Journey_Purpose_of_Driver,Sex_of_Driver,Age_of_Driver,Age_Band_of_Driver,Engine_Capacity_(CC),Propulsion_Code,Age_of_Vehicle,Driver_IMD_Decile,Driver_Home_Area_Type,Vehicle_IMD_Decile
20161339Q1705,2,20,0,18,0,8,0,0,7,4,4,1,6,1,60,9,-1,-1,-1,2,1,2
20161339Q1735,1,9,0,2,0,0,0,0,0,0,3,1,6,1,61,9,1984,1,2,2,1,2
20161339Q1735,2,1,0,18,0,0,0,0,0,0,1,1,6,1,37,7,-1,-1,-1,4,1,4
20161339R0014,1,9,0,18,0,0,2,0,7,6,1,1,6,1,18,4,1595,1,10,3,1,3
20161339R0299,1,9,0,18,0,1,0,0,0,0,4,1,6,1,28,6,1910,2,8,8,1,8
20161339R0494,1,9,0,7,0,8,0,0,0,0,4,1,6,1,56,9,1461,2,2,8,1,8
20161339R0937,1,9,0,18,0,1,0,0,0,0,1,1,6,1,37,7,1997,2,9,1,1,1
20161339R0937,2,9,0,4,0,2,0,0,0,0,2,1,6,2,36,7,1896,2,11,1,1,1
20161339R1124,1,9,0,18,0,0,0,0,0,0,1,1,6,1,-1,-1,1995,2,5,-1,-1,-1
20161339R1124,2,19,0,3,0,0,0,0,0,0,2,1,1,1,35,6,1598,2,1,4,1,4
20161339R1205,1,9,0,18,0,0,0,0,0,0,4,1,6,2,60,9,1586,1,4,1,1,1
20161339R1257,1,9,0,18,0,4,0,0,0,0,1,1,6,3,-1,-1,-1,-1,-1,-1,-1,-1
20161339R1257,2,1,0,18,0,4,0,0,0,0,3,1,6,1,53,8,-1,-1,-1,6,1,6
20161339R1295,1,9,0,18,0,2,0,0,0,0,1,1,6,3,-1,-1,1598,1,12,-1,-1,-1
20161339R1295,2,9,0,7,0,2,0,0,0,0,2,1,6,1,22,5,1968,2,-1,6,1,6
20161339R1453,1,9,0,18,0,0,0,0,0,0,1,1,6,1,40,7,998,1,15,3,1,3
20161339R1453,2,9,0,18,0,0,0,0,0,0,2,1,6,1,33,6,1995,2,6,3,1,3
20161339R1476,1,10,0,9,0,6,0,0,0,0,3,1,6,1,42,7,2148,2,8,2,1,2
20161339R1493,1,9,0,18,0,6,0,0,0,0,1,1,6,3,-1,-1,1598,2,6,-1,-1,-1
20161339R1493,2,9,0,18,0,8,0,0,0,0,1,1,6,1,43,7,1499,2,-1,7,1,7
20161339S0259,1,9,0,9,0,1,0,0,0,0,1,1,1,2,58,9,1242,1,7,5,1,5
20161339S0259,2,9,0,18,0,1,0,0,0,0,4,1,1,2,55,8,1124,1,11,1,1,1
20161339S0267,1,9,0,3,0,1,0,0,0,0,2,1,1,1,17,4,1560,2,-1,-1,-1,-1
20161339S0267,2,9,0,4,0,1,0,0,0,0,1,1,6,1,32,6,1968,2,1,7,1,7
20161339S0355,1,19,0,5,0,8,0,0,0,0,1,1,6,1,37,7,1598,2,1,4,1,4
20161339S0355,2,1,0,18,0,8,5,0,0,0,4,1,1,2,40,7,-1,-1,-1,-1,-1,-1
20161339S0408,1,9,0,18,0,8,0,0,0,0,1,1,6,1,-1,-1,-1,-1,-1,-1,-1,-1
20161339S0408,2,1,0,5,0,8,5,0,0,0,3,1,6,1,15,3,-1,-1,-1,1,1,1
20161339S0648,1,9,0,9,0,6,0,0,0,0,1,1,6,2,23,5,998,1,13,1,1,1
20161339S0648,2,9,0,18,0,1,0,0,0,0,4,1,6,2,32,6,1390,1,7,3,1,3
20161339S0902,1,8,0,18,0,1,0,0,0,0,1,1,1,1,64,9,1584,1,8,1,1,1
20161339S0902,2,9,0,9,0,2,0,0,0,0,1,1,6,1,22,5,1390,1,12,1,1,1
20161339S1030,1,9,0,18,0,8,0,0,0,0,1,1,3,2,70,10,1596,1,5,3,1,3
20161339S1030,2,3,0,4,0,8,0,0,0,0,2,1,6,1,23,5,125,1,11,2,1,2
20161339S1096,1,8,0,9,0,5,0,0,0,0,1,1,1,1,48,8,1584,1,8,4,1,4
20161339S1096,2,1,0,18,4,1,0,0,0,0,1,1,6,1,18,4,-1,-1,-1,-1,-1,-1
20161339S1304,1,9,0,2,0,1,0,0,0,0,3,1,6,2,47,8,1598,1,15,1,1,1
20161339S1304,2,9,0,18,0,1,0,0,0,0,4,1,6,2,33,6,1910,2,10,1,1,1
20161339S1313,1,9,0,10,0,2,0,0,0,0,3,1,2,1,21,5,2143,2,-1,-1,-1,-1
20161339S1313,2,1,0,18,2,1,0,0,0,0,1,1,2,1,52,8,-1,-1,-1,3,1,3
20161339S1667,1,9,0,9,0,5,0,0,0,0,1,1,6,1,22,5,1997,1,16,-1,-1,-1
20161339S1667,2,1,0,18,0,8,2,0,0,0,1,1,6,1,37,7,-1,-1,-1,4,1,4
20161339S1750,1,8,0,9,0,8,0,0,0,0,1,1,1,1,39,7,1497,8,8,1,1,1
20161339S1750,2,1,0,18,0,8,0,0,0,0,1,1,6,1,24,5,-1,-1,-1,6,1,6
20161339S1947,1,9,0,18,0,8,0,0,0,0,1,1,6,1,21,5,-1,-1,-1,1,1,1
20161339S1947,2,8,0,9,0,8,0,0,0,0,3,1,1,1,33,6,1797,8,5,1,1,1
20161339T0211,1,9,0,18,0,0,1,0,0,0,1,1,1,1,31,6,2400,2,4,-1,-1,-1
20161339T0211,2,9,0,18,0,0,0,0,0,0,1,1,6,1,48,8,2000,2,10,-1,-1,-1
20161339T0230,1,9,0,9,0,8,0,0,0,0,4,1,6,2,32,6,1397,1,16,4,1,4
20161339T0230,2,9,0,18,0,8,0,0,0,0,1,1,6,1,26,6,1997,2,1,-1,-1,-1
20161339T0267,1,9,0,18,0,8,0,0,7,11,1,1,2,2,31,6,1598,1,10,2,1,2
20161339T0267,2,21,0,9,0,8,0,0,0,0,0,1,1,1,46,8,12777,2,3,6,1,6
20161339T0572,1,3,0,4,0,0,1,0,0,0,1,1,6,1,17,4,125,1,4,7,1,7
20161339T0572,2,9,0,4,0,0,0,0,0,0,1,1,6,1,80,11,2496,1,13,8,1,8
20161339T0578,1,9,0,18,0,1,0,0,0,0,1,1,6,2,48,8,2457,1,7,2,2,2
20161339T0578,2,9,0,3,0,1,0,0,0,0,2,1,6,2,42,7,1560,2,5,2,2,2
20161339T0599,1,19,0,18,0,2,0,0,0,0,4,1,1,1,35,6,1461,2,-1,6,1,6
20161339T0767,1,9,0,9,0,6,0,0,0,0,3,1,6,1,-1,-1,1461,2,7,-1,-1,-1
20161339T0767,2,9,0,18,0,8,0,0,0,0,1,1,6,1,44,7,1388,1,14,1,1,1
20161339T0862,1,11,0,18,0,0,0,0,0,0,0,1,1,1,59,9,4461,2,2,2,1,2
20161339T1031,1,4,0,16,0,0,1,0,0,0,1,1,6,1,21,5,-1,-1,-1,3,1,3
20161339T1031,2,8,0,17,0,0,0,0,0,0,1,1,1,1,65,9,2231,2,9,4,1,4
20161339T1107,1,9,0,18,0,0,0,0,0,0,1,1,6,1,27,6,1968,2,4,8,1,8
20161339T1107,2,9,0,4,0,0,1,0,0,0,2,1,6,2,58,9,1598,1,8,8,3,8
20161339T1107,3,9,0,4,0,0,1,0,0,0,2,1,6,1,46,8,1968,2,3,9,3,9
20161339T1130,1,9,0,18,0,1,0,0,0,0,1,1,6,2,45,7,1246,1,11,5,1,5
20161339T1130,2,9,0,7,0,6,0,0,0,0,4,1,6,2,31,6,1968,2,1,8,1,8
20161339T1208,1,9,0,9,0,1,0,0,0,0,1,1,2,1,21,5,1968,2,4,1,1,1
20161339T1208,2,9,0,7,0,2,0,0,0,0,3,1,2,2,45,7,1587,1,8,7,1,7
20161339T1208,3,1,0,18,0,1,0,0,0,0,3,1,2,2,42,7,-1,-1,-1,9,1,9
20161339T1212,1,9,0,18,0,8,0,0,0,0,1,1,6,2,31,6,1398,1,1,9,1,9
20161339T1212,2,9,0,9,0,8,0,0,0,0,2,1,6,1,42,7,1242,1,9,1,1,1
20161339T1279,1,9,0,18,0,0,0,0,0,0,1,1,6,1,66,10,1329,1,7,1,1,1
20161339T1279,2,19,0,2,0,0,0,0,0,0,2,1,6,3,-1,-1,2402,2,5,-1,-1,-1
20161339T1415,1,9,0,18,0,0,0,0,0,0,1,1,6,2,35,6,1598,2,-1,7,1,7
20161339T1415,2,9,0,18,0,0,0,0,0,0,2,1,6,1,28,6,1246,1,9,1,1,1
20161339T1415,3,9,0,18,0,0,0,0,0,0,2,1,6,2,37,7,1995,2,5,4,1,4
20161339T1465,1,8,0,9,0,6,0,0,0,0,3,1,1,1,64,9,1598,2,3,5,1,5
20161339T1525,1,9,0,18,0,2,0,0,0,0,1,1,6,1,23,5,1198,1,4,5,1,5
20161339T1525,2,9,0,18,0,2,0,0,0,0,2,1,6,1,25,5,1800,1,9,5,1,5
20161339T1609,1,9,0,18,0,0,0,0,0,0,1,1,6,1,30,6,1299,1,8,8,1,8
20161339T1609,2,9,0,2,0,0,0,0,0,0,2,1,6,1,22,5,2143,2,-1,2,1,2
20161339T1609,3,9,0,2,0,0,0,0,0,0,2,1,6,1,53,8,1598,1,14,7,2,7
20161339T1680,1,3,0,18,0,0,0,0,7,0,4,1,6,1,24,5,125,1,3,7,2,7
20161339T1680,2,9,0,18,0,0,0,0,0,0,3,1,6,1,45,7,-1,-1,-1,10,1,10
20161339T1815,1,9,0,18,0,1,1,0,2,11,2,1,6,1,18,4,1149,1,9,8,3,8
20161339T1815,2,9,0,9,0,5,0,0,0,0,0,1,6,1,72,10,1685,2,1,6,3,6
20161339T1829,1,9,0,7,0,3,0,0,0,0,4,1,6,1,28,6,1198,1,10,4,1,4
20161339T1829,2,9,0,18,0,8,0,0,0,0,1,1,6,2,48,8,1781,1,14,1,1,1
20161339T1918,1,9,0,18,0,0,0,0,0,0,4,1,6,1,-1,-1,-1,-1,-1,-1,-1,-1
20161339U0240,1,3,0,18,0,0,0,0,0,0,1,1,6,1,17,4,124,1,-1,7,1,7
20161339U0240,2,9,0,18,0,0,0,0,0,0,2,1,6,1,27,6,1799,1,11,6,1,6
20161339U0272,1,21,1,18,0,0,0,0,0,0,1,1,1,1,46,8,10837,2,-1,1,1,1
20161339U0272,2,9,0,18,0,0,0,0,0,0,2,1,6,1,18,4,1596,1,10,4,2,4
20161339U0272,3,9,0,18,0,0,0,0,0,0,2,1,6,1,36,7,1598,1,9,7,1,7
20161339U0272,4,9,0,18,0,0,0,0,0,0,2,1,6,2,42,7,1951,2,11,7,3,7
20161339U0272,5,11,0,3,2,0,0,0,0,0,0,1,1,1,62,9,9200,2,14,8,2,8
20161339U0287,1,9,0,9,0,1,0,0,0,0,4,1,6,2,35,6,1240,1,13,2,1,2
20161339U0287,2,9,0,18,0,1,0,0,0,0,1,1,6,2,39,7,1587,1,12,5,1,5
20161339U0344,1,9,0,18,0,1,0,0,0,0,1,1,6,2,31,6,1968,2,8,5,2,5
20161339U0344,2,9,0,4,0,1,0,0,0,0,2,1,6,2,52,8,1968,2,1,6,1,6
20161339U0345,1,9,0,17,0,0,0,0,0,0,4,1,3,1,44,7,1968,2,1,8,3,8
20161339U0644,1,3,0,17,0,0,0,0,0,0,1,1,6,1,17,4,125,1,3,6,1,6
20161339U0725,1,9,0,9,0,6,0,0,0,0,1,1,6,1,43,7,2902,2,12,5,1,5
20161339U0725,2,5,0,18,0,1,5,0,0,0,1,1,6,1,48,8,670,1,3,7,1,7
20161339U0725,3,19,0,4,0,1,0,0,0,0,1,1,6,1,35,6,1868,2,15,4,1,4
20161339U0829,1,9,0,18,0,0,0,0,0,0,1,1,6,1,56,9,-1,-1,-1,2,1,2
20161339U0829,2,9,0,4,0,0,0,0,0,0,2,1,6,1,38,7,1686,2,14,5,1,5
20161339U0836,1,9,0,18,0,1,0,0,0,0,1,1,6,2,57,9,998,1,9,2,1,2
20161339U0836,2,9,0,18,0,8,0,0,0,0,3,1,6,1,80,11,1999,2,-1,8,1,8
20161339U0962,1,9,0,18,0,0,0,10,8,2,1,1,6,1,23,5,1461,2,4,9,1,9
20161339U0971,1,9,0,18,0,0,0,0,0,0,3,1,2,1,27,6,1086,1,9,2,1,2
20161339U1015,1,9,0,18,0,1,0,0,0,0,0,1,6,2,27,6,998,1,4,7,1,7
20161339U1089,1,9,0,18,0,1,0,0,0,0,1,1,6,1,30,6,1968,2,3,4,1,4
20161339U1089,2,9,0,9,0,1,0,0,0,0,1,1,6,2,47,8,998,1,9,4,1,4
20161339U1128,1,9,0,18,0,1,1,0,0,0,0,1,6,2,34,6,1896,2,13,9,1,9
20161339U1177,1,21,1,18,0,0,0,0,0,0,4,1,1,1,35,6,12419,2,4,6,1,6
20161339U1177,2,9,0,18,0,0,1,0,0,0,3,1,1,1,41,7,1686,2,12,1,1,1
20161339U1180,1,9,0,18,0,0,0,0,0,0,1,1,6,1,64,9,998,1,3,3,1,3
20161339U1307,1,9,0,18,0,0,0,0,0,0,4,1,6,3,-1,-1,-1,-1,-1,-1,-1,-1
20161339U1307,2,1,0,18,0,0,0,0,0,0,3,1,6,2,48,8,-1,-1,-1,2,2,2
20161339U1332,1,19,0,18,9,1,0,0,8,0,3,1,6,3,-1,-1,-1,-1,-1,-1,-1,-1
20161339U1363,1,9,0,9,0,8,0,0,0,0,4,1,6,1,31,6,1995,2,5,2,1,2
20161339U1363,2,1,0,18,4,8,2,0,0,0,1,1,6,2,31,6,-1,-1,-1,-1,-1,-1
20161339U1668,1,9,0,18,0,0,0,0,0,0,4,1,6,3,-1,-1,-1,-1,-1,-1,-1,-1
20161339U1766,1,9,0,18,0,8,1,0,1,11,1,1,6,1,28,6,2199,2,4,7,2,7
20161339U1766,2,9,0,9,0,8,1,0,0,0,1,1,6,1,27,6,1461,2,2,8,1,8
2016133A10157,1,9,0,18,0,4,2,9,3,10,3,1,6,1,29,6,5998,1,12,4,1,4
2016133A10435,1,19,0,1,0,0,0,0,0,0,2,1,1,1,47,8,2198,2,-1,4,1,4
2016133A10734,1,9,0,17,0,0,0,0,1,7,4,1,6,1,19,4,1390,1,18,3,1,3
2016133A10917,1,11,0,1,0,0,0,0,0,0,0,1,1,1,58,9,9200,2,14,7,1,7
2016133A10928,1,9,0,10,0,1,0,0,0,0,1,1,6,1,64,9,1798,8,2,9,1,9
2016133A10928,2,9,0,18,0,8,0,0,2,3,3,1,6,1,26,6,2979,1,2,2,1,2
2016133A11033,1,19,0,1,0,0,0,0,0,0,2,1,1,1,41,7,2402,2,9,5,1,5
2016133A11033,2,19,0,3,0,0,0,0,0,0,1,1,1,1,45,7,1753,2,12,3,1,3
2016133A11081,1,9,0,18,0,0,0,0,0,0,1,1,6,1,-1,-1,-1,-1,-1,-1,-1,-1
2016133A11231,1,9,0,9,0,8,0,0,0,0,1,1,6,1,79,11,1587,1,14,9,2,9
2016133A11231,2,9,0,18,0,8,0,0,0,0,1,1,6,1,24,5,1834,1,16,7,1,7
2016133A11498,1,9,0,18,0,0,0,0,0,0,1,1,6,2,43,7,2494,8,2,8,2,8
2016133A11517,1,9,0,17,0,0,2,0,7,0,1,1,6,2,48,8,1598,1,8,5,1,5
2016133A11558,1,9,0,18,0,0,0,0,0,0,1,1,6,1,72,10,1399,2,6,5,1,5
2016133A11738,1,9,0,9,0,6,0,0,0,0,1,1,6,1,33,6,1995,2,8,2,1,2
2016133A11738,2,3,0,18,0,1,5,0,0,0,1,1,6,1,17,4,124,1,12,6,1,6
2016133A11738,3,3,0,18,0,1,5,0,0,0,1,1,6,1,34,6,125,1,2,7,1,7
2016133A11871,1,9,0,18,0,0,0,0,1,11,1,1,6,1,20,4,1149,1,9,9,1,9
2016133A11891,1,9,0,6,0,0,0,0,0,0,2,1,6,2,18,4,-1,-1,-1,6,1,6
2016133A11891,2,9,0,18,0,0,1,0,0,0,1,1,6,1,18,4,-1,-1,-1,-1,-1,-1
2016133A20130,1,9,0,18,0,8,0,0,0,0,1,1,6,1,32,6,1753,2,19,3,1,3
2016133A20130,2,9,0,9,0,8,0,0,3,0,3,1,2,1,25,5,1124,1,13,3,1,3
2016133A20421,1,9,0,18,0,0,0,0,0,0,1,1,6,1,-1,-1,2496,1,14,-1,-1,-1
2016133A20421,2,9,0,18,0,0,0,0,0,0,2,1,6,1,52,8,1997,2,12,4,3,4
2016133A20453,1,5,0,18,0,0,0,0,0,0,2,1,6,1,50,8,-1,-1,-1,9,2,9
2016133A20556,1,9,0,18,0,4,0,0,0,0,3,1,6,2,38,7,1248,2,8,1,1,1
2016133A20556,2,1,0,17,0,8,0,0,0,0,1,1,6,1,31,6,-1,-1,-1,3,3,3
2016133A20597,1,9,0,5,0,4,0,0,0,0,1,1,6,1,86,11,1968,2,7,9,1,9
2016133A20597,2,9,0,18,0,3,1,0,0,0,4,1,6,2,21,5,1242,1,3,8,1,8
2016133A20693,1,9,0,9,0,8,0,0,0,0,1,1,6,1,76,11,1339,1,11,8,1,8
2016133A20693,2,1,0,18,0,8,0,0,0,0,1,1,6,1,34,6,-1,-1,-1,10,1,10
2016133A20745,1,9,0,9,0,8,0,0,0,0,3,1,6,2,22,5,998,1,13,2,1,2
2016133A20745,2,9,0,18,0,1,0,0,0,2,1,1,6,1,26,6,1598,2,5,3,1,3
2016133A20789,1,1,0,18,0,0,0,0,0,0,3,1,6,1,16,4,-1,-1,-1,4,1,4
2016133A20789,2,9,0,13,0,0,0,0,0,0,4,1,6,3,-1,-1,-1,-1,-1,-1,-1,-1
2016133A21014,1,9,0,18,0,0,0,0,0,0,3,1,6,2,21,5,1422,2,14,8,1,8
2016133A21014,2,9,0,18,0,0,0,0,0,0,3,1,6,1,19,4,1199,2,4,5,1,5
2016133A21054,1,9,0,18,0,0,0,0,0,0,4,1,6,1,63,9,1783,1,12,6,1,6
2016133A21084,1,9,0,18,0,0,0,0,0,0,1,1,6,1,28,6,-1,-1,-1,9,1,9
2016133A21084,2,9,0,18,0,0,0,0,0,0,2,1,6,2,34,6,1368,1,9,4,1,4
2016133A21273,1,9,0,18,0,0,1,0,7,11,4,1,6,3,-1,-1,2496,1,15,-1,-1,-1
2016133A21273,2,9,0,10,0,0,0,0,0,0,1,1,6,2,48,8,1796,1,9,1,1,1
2016133A21342,1,9,0,18,0,8,0,0,0,0,3,1,6,2,60,9,1360,1,12,8,1,8
2016133A21342,2,9,0,10,0,1,0,0,0,0,1,1,6,1,26,6,-1,-1,-1,-1,-1,-1
2016133A21653,1,9,0,18,0,0,1,12,1,0,1,1,6,1,37,7,1560,2,5,9,1,9
2016133A21725,1,5,0,18,0,0,1,0,0,0,3,1,6,1,24,5,599,1,14,-1,-1,-1
2016133A21725,2,9,0,18,0,0,0,0,0,0,0,1,6,1,29,6,2143,2,3,2,1,2
2016133A21928,1,9,0,18,0,1,0,0,0,0,1,1,6,1,33,6,1198,1,4,1,1,1
2016133A21928,2,8,0,3,0,1,0,0,0,0,2,1,2,1,39,7,1598,2,5,1,1,1
2016133A30201,1,9,0,18,0,0,0,0,0,0,1,1,6,2,46,8,1461,2,-1,4,3,4
2016133A30201,2,9,0,4,0,0,0,0,0,0,2,1,6,2,28,6,1753,2,10,4,3,4
2016133A30237,1,9,0,18,0,8,0,0,0,0,3,1,6,2,19,4,1422,2,1,10,2,10
2016133A30237,2,9,0,18,0,1,0,0,0,0,1,1,6,1,72,10,1796,1,13,2,1,2
2016133A30274,1,9,0,18,0,0,0,0,0,0,1,1,6,1,-1,-1,-1,-1,-1,-1,-1,-1
2016133A30396,1,9,0,18,0,5,0,0,0,0,4,1,6,2,62,9,1461,2,1,2,1,2
2016133A30723,1,9,0,2,0,0,0,0,0,0,2,1,6,1,21,5,1395,1,3,-1,-1,-1
2016133A30723,2,9,0,17,0,0,0,4,0,0,1,1,6,1,58,9,-1,-1,-1,7,3,7
2016133A30732,1,9,0,18,0,0,0,0,0,0,4,1,6,1,67,10,1560,2,3,-1,-1,-1
2016133A30995,1,8,0,18,0,0,0,0,0,0,4,1,1,1,35,6,1598,2,4,1,1,1
2016133A31109,1,9,0,18,0,0,0,0,0,0,4,1,6,1,76,11,1598,2,-1,3,1,3
2016133A31109,2,9,0,18,0,0,0,0,0,0,1,1,6,3,-1,-1,1596,1,14,-1,-1,-1
2016133A31141,1,9,0,10,0,1,0,0,0,0,4,1,2,1,25,5,-1,-1,-1,3,1,3
2016133A31141,2,1,0,18,0,1,0,0,0,0,1,1,6,1,26,6,-1,-1,-1,2,1,2
2016133A31142,1,21,0,18,0,0,0,0,0,0,1,1,1,1,29,6,12740,2,4,8,1,8
2016133A31142,2,5,0,18,0,0,0,0,0,0,2,1,6,2,57,9,398,1,24,3,1,3
2016133A31185,1,9,0,18,0,0,0,0,0,0,4,1,6,2,34,6,1598,1,12,1,1,1
2016133A31311,1,8,0,18,0,4,0,0,0,0,1,1,6,1,41,7,1798,1,6,4,1,4
2016133A31311,2,9,0,9,0,8,0,0,0,0,1,1,6,2,25,5,1229,1,3,4,1,4
2016133A31406,1,9,0,18,0,1,0,0,0,0,1,1,6,1,53,8,6208,1,8,7,3,7
2016133A31406,2,9,0,5,0,6,0,0,0,0,3,1,6,1,28,6,-1,-1,-1,1,1,1
2016133A31453,1,9,0,9,0,5,0,0,0,0,1,1,6,3,-1,-1,1587,1,15,-1,-1,-1
2016133A31453,2,1,0,18,0,8,0,0,0,0,2,1,2,1,38,7,-1,-1,-1,6,1,6
2016133A31485,1,9,0,7,0,8,0,0,0,0,4,1,6,1,-1,-1,-1,-1,-1,-1,1,-1
2016133A31485,2,1,0,18,0,8,0,0,0,0,1,1,6,2,36,7,-1,-1,-1,7,1,7
2016133A31556,1,90,0,18,0,8,0,0,0,0,1,1,6,1,14,3,-1,-1,-1,4,1,4
2016133A31556,2,9,0,9,0,8,0,0,0,0,4,1,2,2,59,9,1339,1,4,10,1,10
2016133A31845,1,3,0,7,0,8,2,0,3,10,1,1,2,1,20,4,124,1,9,5,2,5
2016133A40142,1,19,0,13,0,0,0,0,4,6,1,1,1,1,35,6,2198,2,3,5,2,5
2016133A40142,2,21,1,18,0,0,0,0,0,0,2,1,1,1,55,8,12777,2,8,1,2,1
2016133A40167,1,9,0,9,0,8,0,0,0,0,1,1,6,1,39,7,1560,2,3,4,1,4
2016133A40172,1,9,0,8,0,0,0,0,0,0,1,1,1,1,23,5,998,1,16,5,1,5
2016133A40172,2,1,0,9,0,0,0,0,0,0,1,1,1,1,51,8,-1,-1,-1,-1,-1,-1
2016133A40203,1,1,0,18,0,0,2,0,1,10,2,1,6,1,25,5,-1,-1,-1,-1,-1,-1
2016133A40203,2,11,0,18,0,0,0,0,0,0,1,1,1,1,47,8,5900,2,10,3,2,3
2016133A40219,1,9,0,5,0,4,0,0,0,0,1,1,1,1,49,8,-1,-1,-1,7,1,7
2016133A40219,2,9,0,11,0,8,0,0,0,0,4,1,6,1,29,6,1390,1,19,8,1,8
2016133A40304,1,9,0,7,0,6,0,0,0,0,1,1,6,2,36,7,1794,1,9,1,1,1
2016133A40304,2,9,0,18,0,8,0,0,0,0,3,1,6,2,48,8,1598,1,2,2,1,2
2016133A40325,1,9,0,11,0,8,0,0,0,0,1,1,6,1,51,8,1560,2,1,8,1,8
2016133A40325,2,9,0,18,0,8,0,0,0,0,3,1,6,1,30,6,2946,1,14,8,1,8
2016133A40367,1,9,0,9,0,2,0,0,0,0,3,1,6,2,31,6,1198,1,9,-1,-1,-1
2016133A40367,2,1,0,18,0,1,0,0,0,0,1,1,2,1,54,8,-1,-1,-1,7,1,7
2016133A40735,1,3,0,18,0,0,0,0,0,0,0,1,6,1,-1,-1,-1,-1,-1,-1,-1,-1
2016133A40917,1,9,0,18,0,4,0,0,0,0,1,1,6,2,30,6,1598,1,-1,7,1,7
2016133A40917,2,1,0,18,0,8,0,0,0,0,4,1,6,1,64,9,-1,-1,-1,-1,-1,-1
2016133A41034,1,9,0,18,0,8,0,0,0,0,1,1,6,1,49,8,1991,8,-1,-1,-1,-1
2016133A41034,2,9,0,18,0,8,0,0,0,0,1,1,6,1,60,9,1329,1,6,-1,-1,-1
2016133A41034,3,9,0,18,0,8,0,0,0,0,1,1,6,2,48,8,1398,2,6,-1,-1,-1
2016133A41236,1,9,0,9,0,1,0,0,0,0,1,1,6,1,69,10,1242,1,3,4,1,4
2016133A41236,2,9,0,18,0,2,0,0,0,0,3,1,6,1,25,5,1422,2,14,5,1,5
2016133A41307,1,3,0,14,0,8,0,0,0,0,1,1,6,1,17,4,124,1,31,-1,-1,-1
2016133A41307,2,9,0,9,0,5,0,0,0,0,3,1,6,2,48,8,1197,1,2,-1,-1,-1
2016133A41340,1,4,0,18,0,8,0,0,0,0,0,1,6,3,-1,-1,-1,-1,-1,-1,-1,-1
2016133A41811,1,8,0,5,0,6,0,0,0,0,1,1,6,1,-1,-1,-1,-1,-1,-1,-1,-1
2016133A50180,1,9,0,6,0,0,0,0,0,0,0,1,6,2,36,7,1598,1,13,4,1,4
2016133A50180,2,1,0,18,0,0,5,0,0,0,0,1,6,1,66,10,-1,-1,-1,2,1,2
2016133A50232,1,9,0,18,0,8,0,0,1,4,1,1,6,2,46,8,1339,1,6,-1,-1,-1
2016133A50232,2,9,0,18,0,8,0,0,0,0,4,1,6,1,49,8,2497,2,10,-1,-1,-1
2016133A50248,1,9,0,7,0,5,0,0,0,0,1,1,2,1,41,7,1124,1,13,2,1,2
2016133A50248,2,1,0,18,4,1,0,0,0,0,4,1,2,1,42,7,-1,-1,-1,5,1,5
2016133A50264,1,9,0,18,0,0,0,0,0,0,4,1,6,1,-1,-1,-1,-1,-1,-1,-1,-1
2016133A50290,1,3,0,18,0,1,0,0,0,0,1,1,2,1,21,5,124,1,-1,9,1,9
2016133A50290,2,9,0,3,0,6,0,0,0,0,2,1,2,2,38,7,998,1,-1,6,1,6
2016133A50527,1,11,0,18,0,1,0,0,0,0,1,1,1,1,56,9,4500,2,7,1,1,1
2016133A50527,2,2,0,9,0,1,0,0,0,0,1,1,6,1,22,5,-1,-1,-1,2,1,2
2016133A50563,1,9,0,9,0,8,0,0,0,0,1,1,6,1,23,5,1496,2,1,-1,-1,-1
2016133A50563,2,9,0,18,0,8,0,0,1,0,1,1,6,1,39,7,1896,2,10,-1,-1,-1
2016133A50563,3,9,0,2,0,8,0,0,0,0,1,1,6,3,-1,-1,1986,2,9,-1,-1,-1
2016133A50621,1,9,0,18,0,0,5,0,0,0,1,1,6,1,35,6,998,1,15,1,1,1
2016133A50621,2,9,0,2,0,0,0,0,0,0,1,1,6,3,-1,-1,1242,1,3,-1,-1,-1
2016133A50635,1,21,1,7,0,8,0,0,0,0,2,1,1,1,60,9,11705,2,8,-1,-1,-1
2016133A50635,2,9,0,18,0,8,0,0,0,0,1,1,6,2,30,6,1995,2,2,6,1,6
2016133A50900,1,9,0,10,0,1,0,0,0,0,0,1,6,2,66,10,1398,1,5,5,1,5
2016133A50903,1,11,0,9,0,1,0,0,0,0,3,1,1,1,51,8,7300,2,11,5,1,5
2016133A50965,1,9,0,18,0,8,0,0,7,2,1,1,6,1,87,11,1318,1,1,-1,-1,-1
2016133A50965,2,9,0,18,0,8,0,0,0,0,1,1,6,1,42,7,1390,1,7,-1,-1,-1
2016133A50971,1,9,0,18,0,5,1,0,0,0,1,1,2,2,31,6,1398,2,13,-1,-1,-1
2016133A50971,2,9,0,18,0,8,1,0,0,0,1,1,2,1,27,6,-1,-1,-1,5,1,5
2016133A51005,1,9,0,18,0,0,0,0,0,0,1,1,6,3,-1,-1,-1,-1,-1,-1,-1,-1
2016133A51005,2,9,0,4,0,0,0,0,0,0,2,1,6,1,23,5,1998,1,1,4,1,4
2016133A51017,1,9,0,17,0,0,0,0,0,0,1,1,6,1,55,8,1242,1,8,7,1,7
2016133A51017,2,17,4,2,0,0,0,0,0,0,2,1,1,1,54,8,-1,2,14,7,1,7
2016133A51032,1,11,0,4,0,0,0,0,0,0,0,1,1,1,58,9,7300,2,8,7,1,7
2016133A51116,1,1,0,18,0,8,5,0,0,0,2,1,6,2,56,9,-1,-1,-1,8,1,8