Accident_Index,Vehicle_Reference,Vehicle_Type,Towing_and_Articulation,Vehicle_Manoeuvre,Vehicle_Location-Restricted_Lane,Junction_Location,Skidding_and_Overturning,Hit_Object_in_Carriageway,Vehicle_Leaving_Carriageway,Hit_Object_off_Carriageway,1st_Point_of_Impact,Was_Vehicle_Left_Hand_Drive?,Journey_Purpose_of_Driver,Sex_of_Driver,Age_of_Driver,Age_Band_of_Driver,Engine_Capacity_(CC),Propulsion_Code,Age_of_Vehicle,Driver_IMD_Decile,Driver_Home_Area_Type,Vehicle_IMD_Decile
2016133AG0599,1,9,0,18,0,1,0,0,7,7,1,1,6,1,31,6,1995,2,6,3,1,3
2016133AG0599,2,9,0,18,0,1,0,0,0,0,1,1,6,2,51,8,1364,1,7,5,1,5
2016133AG0986,1,9,0,5,0,8,0,0,0,0,1,1,6,2,75,10,1086,1,6,3,1,3
2016133AG0986,2,9,0,18,0,8,1,0,7,0,4,1,6,1,29,6,1968,2,4,8,1,8
2016133AG0986,3,9,0,18,0,1,0,0,1,0,1,1,6,1,37,7,1560,2,1,10,1,10
2016133AG1065,1,9,0,18,0,0,0,0,0,0,2,1,6,2,33,6,1598,1,6,6,2,6
2016133AG1065,2,9,0,18,0,0,0,0,0,0,2,1,6,1,26,6,1149,1,15,4,1,4
2016133AG1065,3,9,0,18,0,0,0,0,0,0,1,1,6,1,30,6,1398,1,-1,3,1,3
2016133AG1065,4,9,0,18,0,0,0,0,0,0,1,1,6,1,25,5,1560,2,9,3,1,3
2016133AG1123,1,9,0,18,0,0,0,0,0,0,1,1,6,1,46,8,1246,1,11,3,1,3
2016133AG1151,1,9,0,18,0,0,0,0,0,0,4,1,6,1,-1,-1,1390,1,15,-1,-1,-1
2016133AG1151,2,9,0,18,0,0,0,0,0,0,0,1,1,1,46,8,2993,2,2,1,1,1
2016133AG1151,3,9,0,18,0,0,0,0,0,0,1,1,6,1,54,8,1339,1,10,1,1,1
2016133AG1278,1,11,0,2,0,0,0,0,0,0,2,1,1,1,55,8,4760,2,3,5,2,5
2016133AG1278,2,9,0,18,0,0,0,0,0,0,1,1,6,2,54,8,1598,1,13,-1,-1,-1
2016133AG1321,1,9,0,18,0,1,0,0,0,0,1,1,6,1,24,5,2616,1,10,-1,-1,-1
2016133AG1321,2,1,0,9,0,1,0,0,0,0,1,1,6,1,49,8,-1,-1,-1,-1,-1,-1
2016133AG1426,1,9,0,18,0,3,0,0,0,0,3,1,6,1,65,9,1686,2,12,1,1,1
2016133AG1426,2,9,0,18,0,3,0,0,0,0,4,1,6,2,22,5,1461,2,2,2,1,2
2016133AG1585,1,9,0,4,0,8,0,0,0,0,1,1,6,2,32,6,-1,-1,-1,4,1,4
2016133AG1585,2,9,0,4,0,8,0,0,0,0,1,1,6,1,-1,-1,1896,2,11,-1,-1,-1
2016133AH0238,1,9,0,4,0,0,0,0,0,0,1,1,6,2,-1,-1,1968,2,-1,1,1,1
2016133AH0238,2,9,0,3,0,0,0,0,0,0,2,1,6,2,33,6,1149,1,11,3,1,3
2016133AH0238,3,9,0,3,0,0,0,0,0,0,2,1,6,3,-1,-1,1598,1,11,-1,-1,-1
2016133AH0304,1,9,0,18,0,0,0,0,0,0,4,1,6,1,70,10,1598,1,13,10,2,10
2016133AH0304,2,9,0,2,6,0,0,0,0,0,4,1,6,2,33,6,1496,2,1,8,1,8
2016133AH0368,1,9,0,18,0,8,0,0,0,0,3,1,6,1,49,8,1396,1,16,3,1,3
2016133AH0471,1,19,0,18,0,1,0,0,1,4,1,1,1,1,25,5,2143,2,1,3,1,3
2016133AH0471,2,9,0,18,0,1,0,0,0,0,4,1,6,2,48,8,1339,1,6,7,3,7
2016133AH0641,1,11,0,18,0,0,0,0,0,0,0,1,1,2,42,7,6692,2,4,-1,-1,-1
2016133AH0763,1,9,0,18,0,0,0,0,0,0,1,1,6,1,27,6,1998,1,10,-1,-1,-1
2016133AH0763,2,9,0,18,0,0,0,0,0,0,1,1,6,2,37,7,1997,2,9,2,1,2
2016133AH1012,1,11,0,18,0,0,1,0,0,0,1,1,1,1,57,9,-1,-1,-1,5,1,5
2016133AH1111,1,9,0,9,0,6,0,0,0,0,1,1,2,2,29,6,1595,1,2,1,1,1
2016133AH1111,2,9,0,14,0,8,2,0,0,0,4,1,2,1,21,5,1198,1,7,5,1,5
2016133AH1151,1,9,0,18,0,0,0,0,0,0,4,1,6,1,36,7,-1,-1,-1,1,1,1
2016133AH1151,2,1,0,18,0,0,0,0,0,0,3,1,6,1,32,6,-1,-1,-1,5,1,5
2016133AH1395,1,8,0,18,0,8,0,0,0,0,1,1,1,1,35,6,1998,2,7,3,1,3
2016133AH1395,2,9,0,18,0,8,0,0,0,0,3,1,6,1,-1,-1,1242,1,10,-1,-1,-1
2016133AI0215,1,11,0,18,0,8,1,0,0,0,1,1,1,1,36,7,6871,2,8,4,1,4
2016133AI0215,2,9,0,7,0,6,0,0,7,10,3,1,6,1,23,5,1299,1,11,1,2,1
2016133AI0303,1,9,0,7,0,8,0,0,0,0,1,1,2,2,51,8,1781,1,14,6,2,6
2016133AI0333,1,9,0,18,0,8,0,0,0,0,1,1,6,1,68,10,2184,2,7,-1,-1,-1
2016133AI0333,2,9,0,18,0,1,0,0,7,0,4,1,6,2,60,9,1124,1,12,-1,-1,-1
2016133AI0424,1,9,0,18,0,2,0,0,0,0,1,1,6,1,64,9,1360,1,8,-1,-1,-1
2016133AI0512,1,1,0,18,0,0,0,0,0,0,4,1,6,1,17,4,-1,-1,-1,2,1,2
2016133AI0512,2,19,0,18,0,0,0,0,0,0,0,1,6,1,52,8,2143,2,3,-1,-1,-1
2016133AI0689,1,9,0,18,0,2,0,0,0,0,1,1,2,1,43,7,1968,2,6,9,1,9
2016133AI0731,1,9,0,18,0,1,0,0,0,0,1,1,6,1,86,11,1798,1,13,9,2,9
2016133AI0731,2,19,0,2,0,1,0,0,0,0,2,1,6,3,-1,-1,1598,2,1,6,1,6
2016133AI0838,1,9,0,18,0,6,0,10,1,0,1,1,6,1,58,9,1968,2,1,-1,-1,-1
2016133AI0838,2,9,0,18,0,1,0,0,0,0,1,1,6,1,48,8,2993,2,7,-1,-1,-1
2016133AI0999,1,19,0,18,0,1,1,0,0,0,1,1,1,1,30,6,1560,2,-1,-1,1,-1
2016133AI0999,2,9,0,18,0,1,0,0,0,0,2,1,2,1,25,5,1598,1,9,6,1,6
2016133AI1063,1,9,0,4,0,0,0,0,0,0,1,1,6,3,-1,-1,-1,-1,-1,-1,-1,-1
2016133AI1063,2,9,0,4,0,0,0,0,0,0,2,1,6,1,22,5,-1,-1,-1,1,1,1
2016133AI1063,3,9,0,4,0,0,0,0,0,0,2,1,6,1,42,7,-1,-1,-1,6,2,6
2016133AI1166,1,9,0,18,0,0,0,0,4,7,2,1,6,1,48,8,2000,2,7,2,1,2
2016133AI1166,2,9,0,18,0,0,0,0,1,7,1,1,6,1,21,5,1299,1,15,2,1,2
2016133AI1210,1,19,0,4,0,0,0,0,0,0,2,1,6,1,30,6,2198,2,8,3,1,3
2016133AI1210,2,9,0,18,0,0,0,0,0,0,1,1,6,1,-1,-1,1968,2,1,-1,-1,-1
2016133AI1246,1,9,0,18,0,0,0,0,1,4,1,1,2,1,33,6,1896,2,10,7,1,7
2016133AI1280,1,3,0,18,0,8,2,0,0,0,1,1,6,1,23,5,125,1,5,6,2,6
2016133AI1280,2,9,0,9,0,6,0,0,0,0,1,1,6,1,71,10,-1,-1,-1,1,1,1
2016133AI1356,1,9,0,10,0,1,0,0,0,0,3,1,6,1,37,7,1910,2,10,-1,-1,-1
2016133AI1356,2,9,0,18,0,1,0,0,0,0,1,1,6,1,38,7,1796,1,13,-1,-1,-1
2016133AI1647,1,9,0,18,0,0,0,0,0,0,0,1,6,1,-1,-1,-1,-1,-1,-1,-1,-1
2016133AI1647,2,1,0,18,0,0,0,0,0,0,0,1,6,1,10,2,-1,-1,-1,8,1,8
2016133AJ0401,1,9,0,18,0,8,0,0,1,11,4,1,6,1,69,10,1461,2,2,9,1,9
2016133AJ0401,2,9,0,8,0,2,0,0,0,0,3,1,6,1,52,8,1796,1,11,6,3,6
2016133AJ0450,1,9,0,18,0,4,0,0,0,0,1,1,6,1,-1,-1,1997,1,14,-1,-1,-1
2016133AJ0450,2,9,0,5,0,4,0,0,0,0,2,1,6,2,24,5,1397,1,8,-1,-1,-1
2016133AJ0508,1,20,0,18,0,0,0,0,1,0,2,1,1,1,49,8,3920,2,10,1,1,1
2016133AJ0508,2,9,0,9,0,0,0,0,7,0,0,1,1,2,34,6,1422,2,7,9,2,9
2016133AJ0621,1,1,0,18,0,8,2,0,0,0,1,1,2,1,42,7,-1,-1,-1,7,1,7
2016133AJ0621,2,9,0,9,0,6,0,0,0,0,3,1,6,1,44,7,2664,2,15,3,3,3
2016133AJ0641,1,9,0,6,0,6,0,0,0,0,3,1,6,1,-1,-1,1598,1,14,-1,-1,-1
2016133AJ0641,2,9,0,18,0,8,0,0,7,11,4,1,6,2,29,6,1229,1,11,2,1,2
2016133AJ0646,1,9,0,18,0,4,0,0,0,0,3,1,6,1,27,6,1149,1,14,1,1,1
2016133AJ0646,2,9,0,18,0,4,0,0,0,0,1,1,6,1,55,8,1998,1,11,1,1,1
2016133AJ0659,1,9,0,4,0,1,0,0,0,0,4,1,6,2,29,6,1598,1,6,1,1,1
2016133AJ0659,2,9,0,4,0,1,0,0,0,0,3,1,6,1,51,8,2967,2,1,-1,-1,-1
2016133AJ0937,1,9,0,9,0,2,0,0,0,0,1,1,6,1,78,11,1388,1,12,9,3,9
2016133AJ0937,2,1,0,18,0,1,0,0,0,0,1,1,6,1,63,9,-1,-1,-1,8,1,8
2016133AJ0950,1,9,0,18,0,0,0,0,0,0,3,1,6,1,56,9,1461,2,2,1,1,1
2016133AJ0978,1,9,0,4,0,1,0,0,0,0,0,1,6,3,70,10,-1,-1,-1,-1,-1,-1
2016133AJ0978,2,8,0,18,0,1,0,0,0,0,2,1,1,1,47,8,1995,2,4,3,1,3
2016133AJ0978,3,9,0,18,0,1,0,0,0,0,1,1,2,1,38,7,1560,2,4,5,1,5
2016133AJ0978,4,9,0,18,0,1,0,0,0,0,1,1,2,2,35,6,1686,2,2,5,1,5
2016133AJ1214,1,9,0,6,0,0,0,0,0,0,3,1,6,2,41,7,1999,2,1,8,1,8
2016133AJ1214,2,3,0,14,0,0,5,0,0,0,1,1,6,1,25,5,125,1,1,6,1,6
2016133AJ1293,1,9,0,18,0,0,0,0,0,0,1,1,6,1,17,4,998,1,-1,7,1,7
2016133AJ1293,2,9,0,2,0,0,0,0,1,2,2,1,6,3,-1,-1,1598,1,1,-1,-1,-1
2016133AJ1321,1,9,0,9,0,0,0,0,0,0,4,1,6,2,47,8,1388,1,4,5,2,5
2016133AJ1321,2,4,0,18,0,0,0,0,0,0,1,1,2,1,37,7,487,1,24,5,2,5
2016133AJ1322,1,1,0,18,0,8,2,0,0,0,1,1,2,1,25,5,-1,-1,-1,8,1,8
2016133AJ1322,2,9,0,18,0,8,0,0,0,0,1,1,6,3,-1,-1,-1,-1,-1,-1,-1,-1
2016133AJ1358,1,8,0,9,0,6,0,0,0,0,3,1,1,1,44,7,1796,1,10,1,1,1
2016133AJ1358,2,9,0,18,0,1,0,0,0,0,1,1,6,1,46,8,2996,1,5,6,1,6
2016133AJ1419,1,9,0,18,0,0,0,0,0,0,4,1,6,2,38,7,1124,1,11,1,1,1
2016133AJ1442,1,9,0,7,0,3,0,0,0,0,1,1,6,1,36,7,1299,1,11,2,1,2
2016133AJ1442,2,1,0,7,0,3,0,0,0,0,2,1,1,1,44,7,-1,-1,-1,1,1,1
2016133AK0298,1,19,0,18,0,8,1,11,1,2,1,1,1,1,26,6,2198,2,8,6,1,6
2016133AK0298,2,9,0,9,0,8,1,0,0,0,1,1,6,2,27,6,1995,2,4,9,1,9
2016133AK0502,1,9,0,7,0,1,0,0,0,0,1,1,1,2,-1,-1,-1,-1,-1,-1,-1,-1
2016133AK0616,1,9,0,18,0,4,0,0,0,0,1,1,6,1,54,8,1229,1,11,4,1,4
2016133AK0616,2,1,0,9,0,8,0,0,0,0,3,1,6,1,24,5,-1,-1,-1,1,1,1
2016133AK0721,1,19,0,14,0,0,0,0,0,0,1,1,2,1,44,7,2198,2,9,7,1,7
2016133AK0721,2,9,0,18,0,0,0,0,1,0,3,1,6,1,57,9,1995,2,2,7,1,7
2016133AK0754,1,9,0,18,0,0,0,0,0,0,1,1,6,2,22,5,1200,1,-1,2,1,2
2016133AK0883,1,9,0,14,0,0,0,0,0,0,1,1,2,1,26,6,1199,1,16,10,1,10
2016133AK0883,2,21,1,2,0,0,0,0,0,0,2,1,1,1,51,8,12900,2,6,3,1,3
2016133AK0900,1,11,0,18,0,0,0,0,0,0,0,1,1,1,45,7,5132,2,-1,1,1,1
2016133AK1005,1,3,0,18,0,0,5,0,1,0,0,1,6,1,24,5,125,1,7,10,1,10
2016133AK1008,1,9,0,9,0,1,0,0,0,0,3,1,6,2,53,8,1560,2,8,9,1,9
2016133AK1008,2,1,0,18,0,1,5,0,0,0,1,1,6,1,33,6,-1,-1,-1,8,1,8
2016133AK1016,1,9,0,18,0,6,0,0,0,0,3,1,6,2,26,6,1229,1,8,3,1,3
2016133AK1016,2,9,0,18,0,8,0,0,0,0,1,1,6,2,30,6,998,1,-1,5,1,5
2016133AK1051,1,9,0,4,0,0,0,0,0,0,1,1,6,2,30,6,1968,2,1,-1,-1,-1
2016133AK1051,2,9,0,4,0,0,0,0,0,0,2,1,6,2,31,6,999,1,-1,-1,-1,-1
2016133AK1051,3,9,0,4,0,0,0,0,0,0,2,1,6,2,36,7,1398,1,3,-1,-1,-1
2016133AK1157,1,9,0,18,0,0,1,0,0,0,1,1,6,1,50,8,1499,2,-1,9,2,9
2016133AK1380,1,2,0,18,0,1,1,0,0,0,1,1,2,2,30,6,125,1,1,-1,-1,-1
2016133AK1380,2,9,0,8,0,1,0,0,0,0,2,1,6,1,24,5,1560,2,6,-1,-1,-1
2016133AK1525,1,8,0,9,0,8,0,0,0,0,1,1,1,1,28,6,1910,2,8,1,1,1
2016133AK1525,2,3,0,18,0,8,2,0,0,0,1,1,6,1,25,5,124,1,8,1,1,1
2016133AK1641,1,9,0,2,4,0,0,0,0,0,4,1,6,1,21,5,1798,1,7,1,1,1
2016133AK1641,2,1,0,15,4,0,2,0,0,0,1,1,6,1,37,7,-1,-1,-1,1,1,1
2016133AK1723,1,9,0,5,0,0,0,0,0,0,3,1,6,1,39,7,1997,2,7,1,1,1
2016133AK1723,2,9,0,18,0,0,0,0,0,0,1,1,6,1,62,9,-1,-1,-1,3,1,3
2016133AK1802,1,9,0,4,0,6,0,0,0,0,0,1,6,2,30,6,1248,2,3,9,3,9
2016133AK1802,2,9,0,18,0,6,0,0,0,0,0,1,6,1,-1,-1,1248,2,5,1,1,1
2016133AL0193,1,9,0,7,0,6,0,0,0,0,3,1,2,1,28,6,2494,2,9,3,1,3
2016133AL0193,2,9,0,18,0,8,0,0,0,0,1,1,2,1,59,9,1199,1,17,2,1,2
2016133AL0206,1,9,0,5,0,7,0,0,0,0,2,1,6,1,30,6,1299,1,13,1,1,1
2016133AL0206,2,9,0,5,0,7,0,0,0,0,1,1,6,1,-1,-1,1199,2,3,10,3,10
2016133AL0251,1,9,0,11,0,0,0,0,0,0,4,1,6,3,-1,-1,-1,-1,-1,-1,-1,-1
2016133AL0251,2,5,0,18,0,0,0,0,0,0,3,1,6,1,35,6,1000,1,16,8,1,8
2016133AL0433,1,20,0,7,0,1,0,0,0,0,1,1,1,1,39,7,3920,2,4,2,1,2
2016133AL0433,2,9,0,7,0,1,0,0,0,0,2,1,6,1,92,11,1240,1,6,8,3,8
2016133AL0581,1,20,0,11,0,0,0,0,0,0,4,1,1,1,26,6,7146,2,8,2,1,2
2016133AL0581,2,9,0,18,0,0,0,0,0,0,3,1,6,1,72,10,1198,1,3,2,1,2
2016133AL0691,1,9,0,7,3,6,0,0,0,0,0,1,2,1,-1,-1,1339,1,13,6,3,6
2016133AL0691,2,11,0,18,3,8,0,0,0,0,0,1,1,1,40,7,6696,2,2,3,1,3
2016133AL0861,1,9,0,4,0,0,0,0,0,0,2,1,6,1,51,8,1995,2,9,6,1,6
2016133AL0861,2,9,0,18,0,0,0,0,0,0,1,1,6,1,43,7,1560,2,7,1,1,1
2016133AL0861,3,9,0,18,0,0,0,0,0,0,1,1,6,1,26,6,1598,1,13,1,1,1
2016133AL1104,1,9,0,3,0,0,0,0,0,0,2,1,6,2,38,7,-1,-1,-1,9,1,9
2016133AL1104,2,9,0,18,0,0,0,0,0,0,1,1,6,3,-1,-1,1242,1,4,-1,-1,-1
2016133AL1264,1,8,0,9,0,8,0,0,0,0,1,1,1,1,25,5,1339,1,4,1,1,1
2016133AL1397,1,3,0,9,0,8,0,0,0,0,1,1,6,1,34,6,-1,-1,-1,1,1,1
2016133AL1397,2,9,0,18,0,5,0,0,0,0,1,1,2,1,28,6,-1,-1,-1,2,1,2
2016133AL1416,1,9,0,4,0,0,0,0,0,0,3,1,6,1,36,7,1986,2,8,4,1,4
2016133AL1416,2,9,0,13,0,0,0,0,0,0,1,1,6,3,-1,-1,-1,-1,-1,-1,-1,-1
2016133AL1503,1,9,0,4,0,1,0,0,0,0,3,1,6,2,32,6,1796,1,9,1,1,1
2016133AL1503,2,9,0,13,0,1,0,0,7,11,4,1,6,1,39,7,1910,2,10,-1,-1,-1
2016133AL1893,1,9,0,18,0,1,0,9,0,1,1,1,6,1,37,7,2993,2,8,3,1,3
2016133AM0309,1,9,0,18,0,0,0,0,0,0,1,1,6,1,35,6,1560,2,2,4,1,4
2016133AM0309,2,9,0,18,0,0,0,0,0,0,2,1,6,1,63,9,1368,1,8,9,3,9
2016133AM0373,1,8,0,1,0,0,0,0,0,0,2,1,6,1,51,8,1997,1,7,7,1,7
2016133AM0373,2,9,0,2,0,0,0,0,0,0,1,1,6,1,46,8,1360,1,9,1,1,1
2016133AM0495,1,9,0,18,0,8,0,0,0,0,1,1,6,2,29,6,1781,1,12,-1,-1,-1
2016133AM0495,2,11,0,18,0,8,0,0,0,0,4,1,1,1,59,9,6692,2,4,-1,-1,-1
2016133AM0524,1,9,0,18,0,0,0,7,0,0,1,1,6,2,78,11,1329,1,4,-1,-1,-1
2016133AM0599,1,1,0,18,0,0,0,0,0,0,1,1,6,1,20,4,-1,-1,-1,5,1,5
2016133AM0740,1,9,0,4,0,0,0,0,0,0,2,1,6,1,60,9,1968,2,1,6,1,6
2016133AM0740,2,9,0,4,0,0,1,0,0,0,1,1,1,1,28,6,2987,2,10,3,1,3
2016133AM0792,1,9,0,18,0,0,1,0,0,0,1,1,6,3,-1,-1,1997,2,15,-1,-1,-1
2016133AM0792,2,9,0,4,0,0,0,0,0,0,2,1,6,2,49,8,1000,1,2,2,1,2
2016133AM1126,1,9,0,4,0,1,0,0,0,0,1,1,6,2,21,5,1197,1,4,-1,-1,-1
2016133AM1126,2,9,0,18,0,1,0,0,0,0,2,1,6,2,35,6,1968,2,4,-1,-1,-1
2016133AM1209,1,9,0,2,0,0,0,4,0,0,2,1,6,2,47,8,1999,2,-1,8,2,8
2016133AM1209,2,19,0,18,0,0,0,0,0,0,1,1,1,1,25,5,1560,2,3,-1,-1,-1
2016133AM1263,1,9,0,18,0,0,0,0,0,0,3,1,6,1,45,7,1498,1,-1,2,1,2
2016133AM1263,2,9,0,18,0,0,0,0,0,0,4,1,6,1,27,6,1242,1,14,2,1,2
2016133AM1267,1,8,0,18,0,0,1,0,0,0,3,1,1,1,49,8,-1,-1,-1,1,1,1
2016133AM1359,1,9,0,18,0,8,0,0,0,0,1,1,6,2,63,9,1318,1,-1,5,1,5
2016133AM1372,1,9,0,9,0,8,0,0,0,0,1,1,6,1,23,5,1679,1,14,7,1,7
2016133AM1372,2,9,0,18,0,8,0,0,0,0,3,1,6,1,34,6,1997,2,14,3,1,3
2016133AM1544,1,9,0,9,0,8,0,0,0,0,1,1,6,1,33,6,2204,2,7,2,1,2
2016133AM1544,2,8,0,18,0,8,0,0,0,0,3,1,1,1,32,6,1598,2,5,8,1,8
2016133AM1609,1,9,0,18,0,8,0,0,0,0,1,1,6,3,-1,-1,-1,-1,-1,-1,-1,-1
2016133AM1609,2,9,0,18,0,8,0,0,0,0,3,1,6,2,28,6,1956,2,5,1,1,1
2016133AN0071,1,9,0,18,9,1,0,0,0,0,3,1,6,2,21,5,1422,2,9,1,1,1
2016133AN0181,1,9,0,18,0,1,0,0,3,11,1,1,6,1,18,4,-1,-1,-1,3,1,3
2016133AN0290,1,9,0,17,0,0,0,0,0,0,1,1,6,3,-1,-1,2979,1,1,-1,-1,-1
2016133AN0290,2,9,0,16,0,0,0,0,0,0,1,1,6,2,33,6,1796,1,5,5,1,5
2016133AN0290,3,9,0,16,0,0,0,0,0,0,1,1,6,1,43,7,2231,2,8,1,1,1
2016133AN0678,1,9,0,5,0,8,0,0,0,0,1,1,6,2,88,11,1339,1,3,10,1,10
2016133AN0678,2,1,0,18,0,8,0,0,0,0,1,1,6,2,39,7,-1,-1,-1,-1,-1,-1
2016133AN0822,1,9,0,17,0,0,0,0,0,0,1,1,6,1,-1,-1,1984,1,10,-1,-1,-1
2016133AN0822,2,9,0,18,0,0,0,0,0,0,1,1,6,1,79,11,1798,1,10,7,1,7
2016133AN0899,1,4,0,17,0,0,0,0,0,0,3,1,6,1,52,8,1255,1,6,-1,-1,-1
2016133AN1017,1,9,0,18,0,0,0,0,0,0,2,1,6,2,71,10,1796,1,5,5,1,5
2016133AN1017,2,9,0,3,0,0,0,0,0,0,1,1,6,1,54,8,2231,2,1,8,1,8
2016133AN1032,1,9,0,9,0,8,0,0,0,0,1,1,6,2,39,7,1896,2,15,1,1,1
2016133AN1032,2,9,0,18,0,8,0,0,1,1,1,1,6,2,36,7,1968,2,9,4,1,4
2016133AN1034,1,9,0,18,0,0,0,0,0,0,1,1,6,1,25,5,1798,1,-1,6,1,6
2016133AN1034,2,9,0,4,0,0,0,0,0,0,2,1,6,2,66,10,1896,2,13,6,1,6
2016133AN1034,3,9,0,4,0,0,0,0,0,0,2,1,6,2,38,7,998,1,3,7,1,7
2016133AN1034,4,9,0,4,0,0,0,0,0,0,2,1,6,2,58,9,1598,1,3,-1,-1,-1
2016133AN1036,1,9,0,18,0,0,0,0,0,0,1,1,6,2,53,8,1461,2,2,4,3,4
2016133AN1036,2,9,0,18,0,0,0,0,0,0,1,1,6,2,20,4,1781,1,27,-1,-1,-1
2016133AN1358,1,9,0,18,0,8,0,0,0,0,3,1,6,2,38,7,1995,2,12,1,1,1
2016133AN1358,2,9,0,9,0,8,0,0,0,0,1,1,6,3,-1,-1,-1,-1,-1,-1,-1,-1
2016133AN1449,1,9,0,18,0,8,1,0,1,2,3,1,6,1,21,5,3200,1,10,1,1,1
2016133AN1449,2,9,0,9,0,8,0,0,0,0,1,1,6,2,42,7,1368,1,1,1,1,1
2016133AN1763,1,19,0,18,0,0,0,0,0,0,1,1,6,1,33,6,2446,2,16,2,1,2
2016133AO0227,1,9,0,9,0,8,0,0,0,0,3,1,6,2,46,8,1200,1,1,2,1,2
2016133AO0227,2,9,0,13,0,1,0,0,0,0,4,1,6,2,31,6,1598,2,1,2,1,2
2016133AO0327,1,9,0,18,0,5,0,0,0,0,1,1,6,1,19,4,1198,1,4,2,1,2
2016133AO0327,2,1,0,18,0,8,0,0,0,0,1,1,6,1,26,6,-1,-1,-1,1,1,1
2016133AO0549,1,11,0,4,0,0,0,0,0,0,0,1,1,1,51,8,9000,2,17,3,1,3
2016133AO0750,1,9,0,18,0,1,0,0,0,0,0,1,6,2,26,6,3993,1,1,10,3,10
2016133AO0750,2,8,0,18,0,1,0,0,0,0,0,1,1,1,39,7,1896,2,6,1,1,1
2016133AO0993,1,19,0,18,0,0,0,0,0,0,1,1,6,1,62,9,1598,2,4,-1,-1,-1
2016133AO0993,2,9,0,18,0,0,0,0,0,0,1,1,6,1,30,6,1910,2,8,1,1,1
2016133AO1002,1,9,0,11,0,1,0,0,0,0,4,1,6,1,-1,-1,-1,-1,-1,-1,-1,-1
2016133AO1002,2,9,0,4,0,1,0,0,0,0,3,1,6,2,29,6,1242,1,-1,2,1,2
2016133AO1097,1,4,0,18,9,0,0,0,0,0,1,1,6,1,-1,-1,-1,-1,-1,-1,-1,-1
2016133AO1188,1,9,0,9,0,5,0,0,0,0,3,1,6,2,23,5,1461,2,1,-1,-1,-1
2016133AO1188,2,9,0,9,0,6,0,0,0,0,1,1,6,3,-1,-1,1995,2,9,-1,-1,-1
2016133AO1221,1,9,0,9,0,6,0,0,0,0,4,1,6,1,19,4,1598,2,4,-1,-1,-1
2016133AO1221,2,9,0,18,0,8,0,0,0,0,1,1,6,2,30,6,1910,2,9,1,1,1
2016133AO1832,1,9,0,18,0,0,5,10,0,0,4,1,6,1,25,5,2967,2,2,-1,-1,-1
2016133AP0108,1,9,0,18,0,1,0,11,1,11,3,1,6,1,20,4,2969,2,10,-1,-1,-1
2016133AP0108,2,21,0,7,0,5,0,0,0,0,4,1,1,1,49,8,7146,2,3,6,1,6
2016133AP0255,1,9,0,5,0,4,0,0,0,0,1,1,6,1,62,9,1895,1,17,-1,-1,-1
2016133AP0255,2,1,0,9,0,8,0,0,0,0,1,1,6,1,37,7,-1,-1,-1,-1,-1,-1
2016133AP0288,1,9,0,18,0,8,0,0,0,0,4,1,1,1,47,8,1598,2,1,1,1,1
2016133AP0288,2,1,0,18,0,1,0,0,0,0,1,1,2,1,34,6,-1,-1,-1,7,1,7
2016133AP0768,1,4,0,14,0,0,2,0,0,0,3,1,1,1,45,7,250,1,2,5,1,5
2016133AP0995,1,9,0,5,4,1,0,0,0,0,1,1,6,1,20,4,1618,1,2,9,1,9
2016133AP0995,2,1,0,18,4,8,5,0,0,0,2,1,6,2,51,8,-1,-1,-1,3,1,3
2016133AP1139,1,9,0,5,0,6,0,0,0,0,1,1,6,1,60,9,1197,1,-1,-1,-1,-1
2016133AP1139,2,9,0,18,0,8,0,0,0,0,4,1,6,1,24,5,1998,1,11,-1,-1,-1
2016133AP1139,3,9,0,18,0,8,0,0,0,0,1,1,6,1,27,6,1499,2,1,-1,-1,-1
2016133AP1308,1,9,0,18,0,8,0,0,0,0,4,1,6,1,31,6,1910,2,11,1,1,1
2016133AP1308,2,1,0,12,0,7,0,0,0,0,1,1,6,1,32,6,-1,-1,-1,1,1,1
2016133AP1417,1,19,0,7,9,5,0,0,0,0,4,1,6,3,-1,-1,2151,2,16,-1,-1,-1
2016133AQ0263,1,1,0,18,0,8,0,0,0,0,3,1,2,1,46,8,-1,-1,-1,8,1,8
2016133AQ0263,2,19,0,9,0,8,0,0,0,0,4,1,1,1,44,7,2198,2,-1,2,1,2
2016133AQ0302,1,9,0,9,0,8,0,0,0,0,4,1,6,2,57,9,1596,1,11,2,1,2
2016133AQ0302,2,1,0,18,4,1,0,0,0,0,1,1,2,1,34,6,-1,-1,-1,9,1,9
2016133AQ0400,1,9,0,18,0,0,0,7,0,0,1,1,6,2,79,11,1124,1,15,8,1,8
2016133AQ0489,1,11,0,18,0,0,0,0,0,0,0,1,1,1,21,5,7300,2,12,6,1,6
2016133AQ0500,1,9,0,3,0,0,0,11,2,11,1,1,6,2,49,8,1956,2,3,8,1,8
2016133AQ0522,1,5,0,18,0,0,2,0,0,0,4,1,6,1,69,10,865,1,-1,8,1,8
2016133AQ0538,1,9,0,13,0,0,1,0,0,0,1,1,6,1,53,8,1969,2,-1,10,1,10
2016133AQ0538,2,19,0,13,0,0,1,0,0,0,1,1,2,1,43,7,1968,2,1,3,2,3
2016133AQ0538,3,9,0,13,0,0,0,0,0,0,2,1,6,1,46,8,1388,1,12,4,1,4
2016133AQ0538,4,9,0,13,0,0,0,0,0,0,2,1,6,1,51,8,1997,2,-1,-1,-1,-1
2016133AQ0538,5,9,0,13,0,0,0,0,0,0,2,1,2,1,35,6,1984,2,3,9,1,9
2016133AQ0622,1,9,0,18,0,2,0,0,0,0,3,1,6,1,32,6,1242,1,6,1,1,1
2016133AQ0622,2,9,0,18,0,1,0,0,0,0,3,1,6,1,31,6,1994,1,18,1,1,1
2016133AQ0649,1,9,0,18,0,0,0,0,0,0,4,1,6,3,-1,-1,-1,-1,-1,-1,-1,-1
2016133AQ0675,1,9,0,9,0,0,0,0,0,0,0,1,6,2,26,6,-1,-1,-1,-1,-1,-1
2016133AQ0675,2,9,0,18,0,0,0,0,0,0,0,1,6,1,52,8,1242,1,6,-1,-1,-1
2016133AQ0775,1,9,0,9,0,6,0,0,0,0,3,1,6,1,54,8,1596,1,11,8,1,8
2016133AQ0775,2,9,0,18,0,1,0,0,0,0,1,1,6,2,27,6,1997,1,11,-1,-1,-1