Accident_Index,Vehicle_Reference,Vehicle_Type,Towing_and_Articulation,Vehicle_Manoeuvre,Vehicle_Location-Restricted_Lane,Junction_Location,Skidding_and_Overturning,Hit_Object_in_Carriageway,Vehicle_Leaving_Carriageway,Hit_Object_off_Carriageway,1st_Point_of_Impact,Was_Vehicle_Left_Hand_Drive?,Journey_Purpose_of_Driver,Sex_of_Driver,Age_of_Driver,Age_Band_of_Driver,Engine_Capacity_(CC),Propulsion_Code,Age_of_Vehicle,Driver_IMD_Decile,Driver_Home_Area_Type,Vehicle_IMD_Decile
2016133AQ0785,1,9,0,9,0,6,0,0,0,0,1,1,1,1,38,7,1956,2,7,1,1,1
2016133AQ0785,2,9,0,18,0,8,0,0,0,0,4,1,6,2,42,7,2982,2,9,1,1,1
2016133AQ0794,1,9,0,18,0,0,0,0,0,0,1,1,6,2,43,7,1398,1,2,3,1,3
2016133AQ0794,2,21,0,18,0,0,1,0,0,0,1,1,1,1,37,7,10837,2,1,3,1,3
2016133AQ0911,1,21,1,18,0,0,1,0,0,0,1,1,1,1,39,7,-1,-1,-1,2,1,2
2016133AQ0911,2,9,0,18,0,0,0,0,0,0,2,1,6,2,34,6,1242,1,10,3,1,3
2016133AQ0911,3,21,0,18,0,0,0,0,0,0,2,1,1,1,48,8,12740,2,5,1,1,1
2016133AQ1020,1,9,0,1,0,0,0,0,0,0,2,1,6,1,48,8,1995,2,12,-1,-1,-1
2016133AQ1141,1,4,0,7,0,5,0,0,0,0,2,1,1,1,33,6,125,1,3,6,2,6
2016133AQ1141,2,19,0,7,0,6,0,0,0,0,1,1,1,1,32,6,2402,2,11,9,1,9
2016133AQ1178,1,8,0,2,0,0,0,0,0,0,3,1,1,1,38,7,1598,2,5,-1,-1,-1
2016133AQ1413,1,9,0,18,0,0,0,0,1,5,1,1,6,2,29,6,1364,2,13,1,1,1
2016133AQ1464,1,9,0,18,0,0,0,0,0,0,0,1,6,3,-1,-1,-1,-1,-1,-1,-1,-1
2016133AQ1464,2,11,0,18,0,0,0,0,0,0,0,1,1,1,63,9,7300,2,12,1,1,1
2016133AQ1580,1,9,0,3,0,0,0,0,0,0,0,1,6,1,20,4,-1,-1,-1,-1,-1,-1
2016133AQ1580,2,9,0,3,0,0,0,0,0,0,1,1,6,2,40,7,1598,1,1,-1,-1,-1
2016133AQ1847,1,9,0,8,0,1,0,0,0,0,2,1,6,2,41,7,998,1,13,4,1,4
2016133AQ1847,2,9,0,18,0,1,0,0,0,0,1,1,6,2,19,4,2204,2,9,3,1,3
2016133AR0397,1,9,0,7,0,1,0,0,0,0,1,1,6,3,-1,-1,1390,1,13,-1,-1,-1
2016133AR0397,2,9,0,18,0,1,0,0,0,0,3,1,6,1,39,7,1968,2,8,1,1,1
2016133AR0484,1,20,0,9,0,6,0,0,0,0,1,1,1,1,55,8,4500,2,9,2,1,2
2016133AR0484,2,21,0,18,0,1,0,0,0,0,1,1,1,1,28,6,10518,2,4,5,2,5
2016133AR0627,1,9,0,18,0,0,0,0,0,0,1,1,6,1,28,6,1596,1,10,-1,-1,-1
2016133AR0627,2,9,0,18,0,0,0,0,0,0,1,1,6,1,26,6,1497,8,3,-1,-1,-1
2016133AR0627,3,9,0,18,0,0,0,0,0,0,2,1,6,1,31,6,1998,8,-1,7,1,7
2016133AR0792,1,19,0,4,0,0,0,0,0,0,0,1,1,1,58,9,6174,2,10,4,1,4
2016133AR0792,2,11,0,18,0,0,0,0,0,0,0,1,1,1,30,6,7300,2,14,1,1,1
2016133AR1030,1,9,0,18,0,0,0,0,0,0,3,1,6,1,30,6,2402,2,9,-1,-1,-1
2016133AR1030,2,9,0,18,0,0,0,0,0,0,1,1,1,1,33,6,1598,2,1,-1,-1,-1
2016133AR1030,3,9,0,18,0,0,0,0,0,0,3,1,6,2,71,10,1560,2,4,7,1,7
2016133AR1122,1,9,0,9,0,5,0,0,0,0,1,1,2,2,24,5,1240,1,11,4,1,4
2016133AR1122,2,1,0,18,0,8,0,0,0,0,1,1,6,1,53,8,-1,-1,-1,1,1,1
2016133AR1138,1,9,0,18,0,0,0,0,0,0,2,1,1,1,42,7,2143,2,2,10,1,10
2016133AR1138,2,9,0,18,0,0,0,0,0,0,1,1,1,1,30,6,1587,1,9,4,1,4
2016133AR1138,3,9,0,18,0,0,0,0,0,0,1,1,6,2,20,4,998,1,-1,7,3,7
2016133AR1138,4,9,0,18,0,0,0,0,0,0,1,1,6,1,37,7,1998,1,12,3,1,3
2016133AR1179,1,9,0,1,0,0,0,0,0,0,2,1,6,2,-1,-1,1896,2,10,-1,-1,-1
2016133AR1181,1,9,0,9,0,5,0,0,0,0,3,1,6,1,56,9,2967,2,10,4,1,4
2016133AR1181,2,5,0,13,0,8,0,0,0,0,4,1,6,1,52,8,1170,1,5,1,1,1
2016133AR1229,1,9,0,18,0,0,0,0,0,0,2,1,6,1,61,9,1399,2,14,7,1,7
2016133AR1229,2,21,1,18,0,0,0,0,0,0,1,1,1,1,38,7,-1,-1,-1,-1,-1,-1
2016133AR1603,1,9,0,4,0,0,0,0,0,0,2,1,6,1,36,7,1598,1,10,2,1,2
2016133AR1603,2,9,0,4,0,0,0,0,0,0,1,1,6,1,29,6,1124,1,13,1,2,1
2016133AR1652,1,11,0,7,0,8,0,0,0,0,4,1,6,3,-1,-1,-1,-1,-1,-1,-1,-1
2016133AR1652,2,1,0,18,0,1,0,0,0,0,1,1,6,1,60,9,-1,-1,-1,10,1,10
2016133AR1696,1,9,0,1,0,0,0,0,0,0,2,1,6,1,22,5,1968,2,5,5,1,5
2016133AR1956,1,9,0,9,0,5,0,0,0,0,1,1,6,2,22,5,1364,2,9,4,1,4
2016133AR1956,2,9,0,18,0,8,0,0,0,0,1,1,1,1,38,7,1956,2,3,1,1,1
2016133AS0267,1,1,0,18,0,6,0,0,0,0,0,1,6,1,20,4,-1,-1,-1,-1,-1,-1
2016133AS0267,2,9,0,18,0,6,0,0,0,0,0,1,6,1,61,9,1997,2,1,10,1,10
2016133AS0285,1,19,0,18,0,6,0,0,0,0,1,1,6,1,44,7,2143,2,3,6,1,6
2016133AS0285,2,9,0,18,0,8,0,0,0,0,4,1,6,2,25,5,1598,2,-1,7,1,7
2016133AS0296,1,1,0,9,0,8,5,0,0,0,1,1,6,1,59,9,-1,-1,-1,-1,-1,-1
2016133AS0296,2,9,0,18,0,8,0,0,0,0,3,1,6,1,-1,-1,1796,1,11,-1,-1,-1
2016133AS0488,1,19,0,18,0,1,0,0,0,0,3,1,1,1,61,9,1598,2,1,1,1,1
2016133AS0532,1,9,0,3,0,0,0,0,0,0,2,1,6,1,39,7,1422,2,14,1,1,1
2016133AS0532,2,9,0,4,0,0,0,0,0,0,1,1,6,1,-1,-1,1896,2,11,-1,-1,-1
2016133AS0590,1,9,0,18,0,0,0,0,0,0,1,1,6,2,69,10,1400,2,9,9,3,9
2016133AS0590,2,9,0,18,0,0,0,0,0,0,1,1,6,2,32,6,1149,1,7,1,1,1
2016133AS0619,1,8,0,18,0,0,0,0,0,0,1,1,1,1,-1,-1,1497,8,8,2,1,2
2016133AS0619,2,9,0,18,0,0,0,0,0,0,1,1,6,2,-1,-1,1896,2,14,1,1,1
2016133AS0626,1,9,0,9,0,1,0,0,0,0,3,1,6,1,62,9,2987,2,7,6,1,6
2016133AS0626,2,9,0,18,0,1,0,0,0,0,1,1,6,1,32,6,1796,1,7,1,1,1
2016133AS0735,1,9,0,6,0,0,0,0,0,0,3,1,6,1,79,11,2148,2,13,4,1,4
2016133AS0735,2,3,0,18,0,0,0,0,0,0,1,1,6,1,27,6,124,1,13,5,1,5
2016133AS0829,1,9,0,7,0,8,0,0,0,0,0,1,6,3,-1,-1,-1,-1,-1,-1,-1,-1
2016133AS0829,2,1,0,18,0,6,0,0,0,0,0,1,6,1,7,2,-1,-1,-1,-1,-1,-1
2016133AS1083,1,9,0,18,0,8,0,0,0,0,1,1,6,3,-1,-1,2000,1,7,-1,-1,-1
2016133AS1083,2,19,0,9,0,6,0,0,0,0,4,1,6,1,25,5,2198,2,7,-1,-1,-1
2016133AS1083,3,9,0,2,0,2,0,0,0,0,2,1,6,3,-1,-1,1198,1,7,-1,-1,-1
2016133AS1083,4,9,0,2,0,2,0,0,0,0,2,1,6,3,-1,-1,1560,2,2,-1,-1,-1
2016133AS1114,1,9,0,18,0,4,0,0,0,0,1,1,6,1,56,9,1388,1,3,1,1,1
2016133AS1114,2,9,0,3,0,4,0,0,0,0,2,1,6,2,79,11,1329,1,5,10,1,10
2016133AS1139,1,11,0,2,0,0,0,0,0,0,0,1,1,2,35,6,7300,2,14,6,3,6
2016133AS1158,1,9,0,7,0,8,0,0,0,0,1,1,6,1,29,6,1149,1,12,1,2,1
2016133AS1158,2,1,0,18,0,8,0,0,0,0,1,1,6,1,12,3,-1,-1,-1,4,1,4
2016133AS1370,1,19,0,8,0,2,0,0,0,0,1,1,1,1,39,7,1248,2,8,5,1,5
2016133AT0190,1,4,0,17,0,0,2,0,2,2,4,1,6,1,29,6,124,1,3,4,1,4
2016133AT0428,1,9,0,18,0,0,0,0,0,0,1,1,6,1,-1,-1,-1,-1,-1,-1,-1,-1
2016133AT0549,1,9,0,9,0,8,0,0,3,10,1,1,6,1,76,11,1199,2,4,8,2,8
2016133AT0612,1,21,0,18,0,0,0,0,0,0,1,1,1,1,63,9,12580,2,10,3,1,3
2016133AT0735,1,8,0,5,0,0,0,0,0,0,0,1,1,1,43,7,1797,8,3,-1,-1,-1
2016133AT0784,1,9,0,18,0,8,0,0,0,0,4,1,6,2,44,7,1796,1,15,6,2,6
2016133AT0784,2,9,0,18,0,8,0,0,0,0,1,1,6,1,54,8,1560,2,5,3,1,3
2016133AT0857,1,9,0,18,0,0,0,0,0,0,1,1,6,1,41,7,1999,1,9,10,1,10
2016133AT0857,2,9,0,2,0,0,0,0,0,0,2,1,6,2,-1,-1,1995,2,11,9,2,9
2016133AT0857,3,9,0,2,0,0,0,0,0,0,2,1,6,2,-1,-1,1390,1,6,3,1,3
2016133AT0945,1,9,0,18,0,8,0,0,0,0,3,1,6,1,32,6,1560,2,8,4,1,4
2016133AT1230,1,8,0,4,4,2,0,0,0,0,0,1,6,3,-1,-1,-1,-1,-1,-1,-1,-1
2016133AT1230,2,1,0,18,4,2,0,0,0,0,0,1,6,1,15,3,-1,-1,-1,6,1,6
2016133AT1477,1,10,0,9,0,5,0,0,0,0,1,1,1,1,32,6,-1,-1,-1,-1,-1,-1
2016133AT1607,1,9,0,6,0,0,0,0,0,0,3,1,6,1,45,7,1596,1,7,1,1,1
2016133AT1607,2,9,0,18,0,0,0,0,0,0,1,1,6,1,20,4,1198,1,13,1,1,1
2016133AT1878,1,9,0,18,0,6,0,0,0,0,4,1,6,3,-1,-1,-1,-1,-1,-1,-1,-1
2016133AT1878,2,9,0,9,0,8,0,0,0,0,3,1,6,2,46,8,1360,1,13,5,1,5
2016133AU0297,1,8,0,18,0,8,0,0,0,0,4,1,1,1,33,6,1364,2,2,1,1,1
2016133AU0297,2,8,0,18,0,8,0,0,0,0,1,1,1,1,39,7,1896,2,9,1,1,1
2016133AU0575,1,9,0,18,0,0,5,4,0,0,1,1,6,1,31,6,1364,1,2,9,2,9
2016133AU0575,2,9,0,2,0,0,0,4,0,0,3,1,6,3,-1,-1,1560,2,1,-1,-1,-1
2016133AU0575,3,9,0,2,0,0,0,4,0,0,2,1,6,3,-1,-1,1598,1,3,-1,-1,-1
2016133AU0575,4,9,0,2,0,0,0,0,0,0,2,1,6,3,-1,-1,1388,1,14,-1,-1,-1
2016133AU0624,1,4,0,18,0,0,1,0,0,0,4,1,6,1,53,8,-1,-1,-1,-1,-1,-1
2016133AU0629,1,9,0,5,0,6,0,0,0,0,2,1,6,3,-1,-1,-1,-1,-1,-1,-1,-1
2016133AU0629,2,9,0,18,0,1,0,0,1,0,1,1,6,1,23,5,1242,1,13,1,1,1
2016133AU1390,1,9,0,5,0,6,0,0,0,0,1,1,6,1,73,10,1390,1,6,9,1,9
2016133AU1390,2,9,0,18,0,1,0,0,0,0,3,1,6,1,76,11,1598,2,2,5,1,5
2016133AU1525,1,9,0,9,0,6,0,0,0,0,3,1,6,1,28,6,1200,1,-1,8,1,8
2016133AU1525,2,2,0,18,0,8,0,0,0,0,1,1,6,1,23,5,49,1,6,5,1,5
2016133AU1758,1,9,0,18,0,8,0,0,0,0,1,1,6,3,-1,-1,-1,-1,-1,-1,-1,-1
2016133AU1758,2,1,0,18,0,8,5,0,0,0,2,1,6,1,14,3,-1,-1,-1,6,1,6
2016133AU1758,3,1,0,18,0,8,5,0,0,0,2,1,6,1,14,3,-1,-1,-1,6,1,6
2016133AU1851,1,9,0,18,0,1,0,0,0,0,1,1,6,2,22,5,1360,1,11,3,1,3
2016133AU1851,2,9,0,18,0,1,0,0,0,0,2,1,6,2,35,6,1797,8,5,3,1,3
2016133AU1928,1,5,0,18,0,0,1,0,0,0,4,1,6,2,55,8,600,1,15,8,1,8
2016133AU1928,2,9,0,5,8,0,0,0,0,0,0,1,6,2,51,8,1360,1,10,6,2,6
2016133AV0192,1,9,0,18,0,0,0,0,0,0,1,1,2,1,29,6,1198,1,7,9,1,9
2016133AV0192,2,9,0,2,0,0,0,0,0,0,2,1,6,3,-1,-1,2967,1,13,-1,-1,-1
2016133AV0355,1,9,0,18,0,1,1,0,0,0,1,1,6,2,70,10,1598,1,10,1,1,1
2016133AV0355,2,9,0,8,0,1,0,0,0,0,3,1,6,1,63,9,5000,1,4,4,1,4
2016133AV0355,3,9,0,8,0,1,0,0,0,0,4,1,6,1,45,7,1386,1,12,1,1,1
2016133AV0355,4,9,0,8,0,1,0,0,0,0,2,1,6,2,42,7,1339,1,5,2,1,2
2016133AV0355,5,9,0,3,0,2,0,0,0,0,2,1,6,1,53,8,1968,1,10,9,2,9
2016133AV0355,6,9,0,3,0,2,0,0,0,0,2,1,6,2,45,7,1329,1,7,-1,-1,-1
2016133AV0382,1,8,0,18,0,0,0,0,0,0,1,1,6,3,-1,-1,-1,-1,-1,-1,-1,-1
2016133AV0391,1,22,0,18,9,0,5,0,0,0,0,1,6,1,76,11,-1,-1,-1,8,1,8
2016133AV0391,2,9,0,2,9,0,0,0,0,0,0,1,6,3,-1,-1,1461,2,13,-1,-1,-1
2016133AV0413,1,9,0,1,0,0,0,0,0,0,2,1,2,1,51,8,1956,2,-1,5,1,5
2016133AV0413,2,9,0,2,0,0,0,0,0,0,1,1,3,2,36,7,1360,1,13,7,1,7
2016133AV0551,1,9,0,18,0,8,0,0,0,0,1,1,6,1,24,5,1124,1,12,8,1,8
2016133AV0551,2,9,0,9,0,6,0,0,0,0,3,1,6,2,29,6,1598,1,12,2,1,2
2016133AV0697,1,9,4,13,0,0,0,0,0,0,4,1,6,1,50,8,2487,2,17,6,3,6
2016133AV0697,2,1,0,13,4,0,5,0,0,0,3,1,6,1,48,8,-1,-1,-1,10,1,10
2016133AV0732,1,9,0,18,0,5,1,0,0,0,1,1,6,2,29,6,1242,1,6,5,2,5
2016133AV0732,2,9,0,4,0,5,0,0,0,0,2,1,6,1,42,7,1896,2,12,-1,-1,-1
2016133AV1325,1,11,0,16,0,0,0,0,0,0,3,1,1,1,42,7,4580,2,6,2,1,2
2016133AV1325,2,9,0,17,0,0,0,0,0,0,4,1,6,2,31,6,1598,1,9,5,3,5
2016133AV1395,1,9,0,18,0,0,0,0,0,0,1,1,6,1,29,6,-1,-1,-1,-1,-1,-1
2016133AV1403,1,9,0,18,0,0,0,0,0,0,1,1,6,1,28,6,1582,2,4,-1,-1,-1
2016133AV1506,1,9,0,18,0,0,0,0,0,0,4,1,6,2,27,6,1598,1,3,-1,-1,-1
2016133AV1602,1,9,0,18,0,0,0,0,1,1,1,1,6,2,23,5,996,1,3,7,2,7
2016133AV2152,1,9,0,4,0,0,0,0,0,0,1,1,6,1,19,4,998,1,4,8,1,8
2016133AV2152,2,9,0,5,0,0,0,0,0,0,2,1,6,2,20,4,1229,1,6,7,1,7
2016133B10331,1,9,0,18,0,0,0,0,0,0,4,1,2,2,48,8,1461,2,3,8,2,8
2016133B10350,1,1,0,15,0,8,0,0,0,0,1,1,6,1,24,5,-1,-1,-1,7,1,7
2016133B10350,2,9,0,18,0,5,0,0,0,0,4,1,1,1,49,8,-1,-1,-1,2,1,2
2016133B10352,1,19,0,18,0,0,0,0,1,0,4,1,6,3,-1,-1,-1,-1,-1,-1,-1,-1
2016133B10454,1,9,0,9,0,8,0,0,0,0,1,1,6,1,35,6,1400,1,10,1,1,1
2016133B10454,2,1,0,18,0,8,5,0,0,0,3,1,6,1,23,5,-1,-1,-1,5,1,5
2016133B10945,1,2,0,18,0,8,5,0,0,0,3,1,2,1,17,4,49,1,6,2,2,2
2016133B10945,2,9,0,13,0,8,0,0,0,0,4,1,6,1,24,5,1560,2,-1,6,1,6
2016133B11068,1,9,0,9,0,0,0,0,0,0,1,1,6,3,-1,-1,-1,-1,-1,-1,-1,-1
2016133B11347,1,8,0,4,0,0,0,0,0,0,2,1,6,1,27,6,1598,2,5,-1,-1,-1
2016133B11347,2,9,0,18,0,0,0,0,0,0,1,1,6,1,24,5,1956,2,3,3,1,3
2016133B11358,1,9,0,18,0,0,0,0,0,0,1,1,6,1,27,6,1598,2,2,3,1,3
2016133B11358,2,19,0,4,0,0,0,0,0,0,2,1,1,1,46,8,-1,-1,-1,7,1,7
2016133B20189,1,9,0,18,0,0,0,0,0,0,3,1,6,2,62,9,1390,1,13,1,1,1
2016133B20189,2,19,0,5,0,0,0,0,0,0,1,1,6,1,-1,-1,2198,2,9,-1,-1,-1
2016133B20275,1,4,0,18,0,8,0,0,0,0,4,1,6,1,53,8,675,1,1,-1,-1,-1
2016133B20275,2,9,0,18,0,8,0,0,0,0,3,1,6,1,34,6,1229,1,3,3,1,3
2016133B20286,1,9,0,9,0,5,0,0,0,0,4,1,6,2,30,6,1246,1,10,2,1,2
2016133B20286,2,3,0,18,0,1,0,0,0,0,1,1,6,1,17,4,124,1,2,2,1,2
2016133B20487,1,9,0,18,0,4,0,0,1,2,1,1,6,2,46,8,2179,2,3,-1,-1,-1
2016133B20858,1,9,0,18,0,8,0,0,0,0,3,1,6,1,22,5,1149,1,15,4,1,4
2016133B20858,2,9,0,18,0,8,0,0,0,0,4,1,6,2,26,6,-1,-1,-1,-1,-1,-1
2016133B21094,1,19,0,4,0,0,0,0,0,0,1,1,1,2,38,7,1461,2,-1,3,1,3
2016133B21094,2,19,0,2,0,0,0,0,0,0,2,1,6,3,-1,-1,2198,2,7,-1,-1,-1
2016133B21115,1,9,0,6,0,0,0,0,0,0,3,1,2,1,23,5,1956,2,5,2,1,2
2016133B21115,2,9,0,18,0,0,0,0,0,0,1,1,2,2,50,8,1998,2,8,8,1,8
2016133B21169,1,21,1,18,0,0,1,0,0,0,1,1,1,1,56,9,12740,2,2,-1,-1,-1
2016133B21169,2,9,0,3,0,0,0,0,0,0,2,1,1,1,31,6,1598,2,-1,7,1,7
2016133B21169,3,9,0,3,0,0,0,0,0,0,2,1,6,2,36,7,1753,2,14,8,1,8
2016133B21169,4,9,0,3,0,0,0,0,0,0,2,1,6,2,30,6,1400,2,11,1,1,1
2016133B21169,5,9,0,3,0,0,0,0,0,0,2,1,1,1,28,6,1395,1,-1,-1,-1,-1
2016133B21254,1,9,0,18,0,0,0,0,0,0,1,1,2,1,58,9,1995,2,-1,9,1,9
2016133B21254,2,9,0,18,0,0,0,0,0,0,2,1,2,1,23,5,1339,1,8,7,1,7
2016133B21254,3,9,0,18,0,0,0,0,0,0,2,1,2,2,49,8,2993,2,6,-1,3,-1
2016133B21483,1,9,0,9,0,6,0,0,0,0,4,1,6,1,49,8,1598,1,6,6,1,6
2016133B21483,2,1,0,18,0,8,5,0,0,0,2,1,6,1,39,7,-1,-1,-1,1,1,1
2016133B21866,1,9,0,6,0,1,0,0,0,0,3,1,6,1,33,6,998,1,9,1,1,1
2016133B21866,2,9,0,18,0,1,0,0,0,0,1,1,6,1,22,5,1968,2,3,4,1,4
2016133B21866,3,9,0,2,0,1,0,0,0,0,1,1,6,3,-1,-1,1560,2,3,-1,-1,-1
2016133B21902,1,9,0,18,0,1,0,0,0,0,1,1,6,2,61,9,1461,2,-1,3,1,3
2016133B21902,2,9,0,9,0,8,0,0,0,0,3,1,6,1,-1,-1,-1,-1,-1,-1,-1,-1
2016133B30173,1,9,0,3,0,7,0,0,0,0,2,1,2,2,22,5,2993,2,10,-1,-1,-1
2016133B30173,2,9,0,18,0,7,0,0,0,0,1,1,6,2,54,8,1991,2,5,9,2,9
2016133B30173,3,9,0,18,0,7,0,0,0,0,1,1,6,1,55,8,1396,1,3,3,1,3
2016133B30173,4,9,0,18,0,7,0,0,0,0,1,1,6,1,38,7,1395,8,-1,2,1,2
2016133B30197,1,3,0,14,0,0,1,0,0,0,1,1,2,1,21,5,124,1,3,4,2,4
2016133B30197,2,9,0,6,0,0,0,0,0,0,3,1,6,1,23,5,1198,1,6,2,1,2
2016133B30341,1,1,0,18,0,8,0,0,0,0,1,1,6,1,52,8,-1,-1,-1,-1,-1,-1
2016133B30346,1,20,0,1,0,0,0,0,0,0,2,1,1,1,26,6,4250,2,11,4,1,4
2016133B30346,2,9,0,4,0,0,0,0,0,0,1,1,6,1,53,8,1586,1,7,1,1,1
2016133B30352,1,19,0,3,0,2,0,0,0,0,2,1,6,1,51,8,4462,2,3,3,1,3
2016133B30352,2,9,0,18,0,2,0,0,0,0,1,1,6,2,33,6,1997,2,3,1,1,1
2016133B30392,1,19,0,6,0,1,0,0,0,0,3,1,1,1,22,5,2198,2,4,-1,-1,-1
2016133B30392,2,9,0,18,0,1,0,0,0,0,1,1,6,1,81,11,999,1,7,-1,-1,-1
2016133B30451,1,9,0,7,0,6,0,0,0,0,2,1,6,2,36,7,1998,1,15,1,1,1
2016133B30451,2,9,0,7,0,1,0,0,0,0,1,1,6,1,-1,-1,-1,-1,-1,-1,-1,-1
2016133B30883,1,1,0,18,0,0,2,0,0,0,1,1,6,1,36,7,-1,-1,-1,2,1,2
2016133B30883,2,9,0,7,0,0,0,0,0,0,2,1,6,1,61,9,-1,-1,-1,1,1,1
2016133B30992,1,9,0,18,0,0,0,0,0,0,3,1,6,1,48,8,1984,1,9,7,3,7
2016133B31024,1,9,0,6,0,8,0,4,0,0,3,1,6,2,26,6,1998,1,12,-1,-1,-1
2016133B31024,2,9,0,18,0,2,0,0,0,0,1,1,6,2,46,8,1798,1,6,-1,-1,-1
2016133B31024,3,9,0,2,0,1,0,0,0,0,3,1,6,2,46,8,1360,1,9,-1,-1,-1
2016133B31024,4,9,0,18,0,1,0,0,0,0,1,1,6,1,62,9,1995,2,2,-1,3,-1
2016133B31108,1,9,0,1,0,0,0,0,0,0,2,1,3,1,-1,-1,1598,1,9,1,1,1
2016133B31234,1,9,0,18,0,8,0,0,0,0,2,1,6,2,44,7,1685,2,2,6,1,6
2016133B31234,2,9,0,18,0,8,0,0,0,0,1,1,6,1,38,7,1461,2,9,5,1,5
2016133B31258,1,9,0,5,0,8,0,0,0,0,1,1,2,1,22,5,1798,1,1,7,1,7
2016133B31258,2,3,0,18,0,8,0,0,0,0,3,1,2,1,33,6,125,1,1,10,1,10
2016133B31302,1,9,0,14,0,0,0,0,0,0,3,1,6,1,40,7,1388,1,10,10,1,10
2016133B31302,2,9,0,14,0,0,0,0,0,0,4,1,6,1,39,7,1598,1,8,2,1,2
2016133B31371,1,9,0,18,0,8,0,0,0,0,3,1,6,1,32,6,1248,2,10,6,2,6
2016133B31371,2,9,0,9,0,8,0,0,0,0,1,1,6,1,29,6,1390,1,13,2,1,2
2016133B31727,1,9,0,18,0,0,0,0,1,11,3,1,6,1,21,5,2993,2,9,-1,-1,-1
2016133B31727,2,9,0,18,0,0,0,0,0,0,4,1,6,1,72,10,1598,1,16,-1,-1,-1
2016133B31727,3,9,0,18,0,0,0,0,0,0,1,1,6,1,24,5,1896,2,7,-1,-1,-1
2016133B31727,4,9,0,2,0,0,0,0,0,0,1,1,6,3,-1,-1,1596,1,8,-1,-1,-1
2016133B31788,1,9,0,18,0,0,0,0,7,2,1,1,6,2,41,7,1598,1,11,1,1,1
2016133B40406,1,9,0,9,0,8,0,0,1,11,4,1,6,2,41,7,1296,1,8,1,1,1
2016133B40406,2,9,0,9,0,4,0,0,0,0,1,1,1,2,59,9,1229,1,3,7,1,7
2016133B40563,1,9,0,9,0,0,0,0,0,0,1,1,6,2,65,9,1339,1,5,8,1,8
2016133B40570,1,9,0,18,0,0,0,0,0,0,1,1,6,2,27,6,1299,1,13,-1,-1,-1
2016133B40570,2,9,0,18,0,0,0,0,0,0,2,1,6,1,28,6,2401,2,13,7,3,7
2016133B40796,1,9,0,18,0,0,0,0,0,0,1,1,1,1,44,7,-1,-1,-1,1,2,1
2016133B40796,2,9,0,18,0,0,0,0,0,0,2,1,6,3,-1,-1,-1,-1,-1,-1,-1,-1
2016133B41016,1,3,0,18,0,8,2,0,0,0,3,1,6,1,18,4,-1,-1,-1,1,1,1
2016133B41069,1,1,0,18,0,1,2,0,0,0,0,1,6,1,21,5,-1,-1,-1,3,1,3
2016133B41069,2,9,0,18,0,1,0,0,0,0,0,1,6,1,20,4,1984,1,11,4,1,4
2016133B41240,1,9,0,3,0,8,0,0,3,11,1,1,6,2,87,11,1299,1,9,9,1,9
2016133B41326,1,9,0,1,0,0,0,0,0,0,0,1,6,1,52,8,2429,1,11,4,1,4
2016133B41653,1,21,0,18,0,2,0,0,0,0,4,1,1,1,65,9,4461,2,8,9,3,9
2016133B41784,1,9,0,9,0,8,0,0,0,0,1,1,6,2,58,9,1968,2,-1,4,1,4
2016133B41788,1,9,0,18,0,0,0,0,0,0,1,1,6,1,25,5,998,1,5,7,1,7
2016133B41788,2,9,0,2,0,0,0,0,0,0,2,1,6,2,24,5,1229,1,3,1,1,1
2016133B42162,1,9,0,18,0,1,1,0,3,11,1,1,6,1,23,5,1587,1,16,3,1,3
2016133B42162,2,9,0,18,0,1,0,0,0,0,3,1,1,1,40,7,1896,2,9,1,1,1
2016133B42296,1,9,0,18,0,0,2,10,7,9,4,1,6,1,31,6,1595,1,11,-1,-1,-1
2016133B42296,2,9,0,18,0,0,0,0,0,0,1,1,6,1,39,7,2204,2,9,1,1,1
2016133B42296,3,9,0,18,0,0,0,0,0,0,1,1,6,2,25,5,999,1,-1,6,1,6
2016133B50077,1,9,0,18,0,0,0,4,0,0,1,1,6,1,-1,-1,1388,1,14,-1,-1,-1
2016133B50077,2,9,0,18,0,0,0,0,0,0,0,1,1,1,33,6,2993,2,1,6,1,6
2016133B50077,3,9,0,18,0,0,0,0,0,0,1,1,6,1,-1,-1,1598,2,2,-1,-1,-1
2016133B50077,4,9,0,2,0,0,0,4,0,0,1,1,6,1,-1,-1,-1,-1,-1,-1,-1,-1
2016133B50077,5,9,0,2,0,0,0,0,0,0,1,1,6,3,-1,-1,2489,1,3,-1,-1,-1
2016133B50364,1,3,0,18,0,8,5,0,0,11,3,1,6,1,22,5,124,1,1,1,1,1
2016133B50364,2,9,0,12,0,7,0,0,0,0,0,1,6,2,49,8,1229,1,10,2,1,2
2016133B50485,1,11,0,18,0,8,0,0,0,0,1,1,1,1,55,8,9360,2,8,7,2,7
2016133B50485,2,9,0,9,0,8,0,0,0,0,4,1,2,2,41,7,1596,1,13,1,1,1
2016133B50526,1,9,0,7,0,8,0,0,0,0,3,1,6,2,38,7,999,1,3,3,1,3
2016133B50731,1,9,0,18,0,0,0,0,0,0,1,1,6,2,36,7,1149,1,1,1,1,1
2016133B50731,2,9,0,18,0,0,0,0,0,0,1,1,6,2,37,7,1997,2,1,10,2,10
2016133B50951,1,9,0,7,0,2,0,0,0,0,4,1,6,1,42,7,1799,1,7,9,1,9
2016133B51014,1,1,0,18,0,1,5,0,0,0,2,1,6,1,71,10,-1,-1,-1,8,1,8
2016133B51014,2,9,0,18,0,1,0,0,0,0,1,1,6,2,38,7,1248,1,6,9,1,9
2016133B51148,1,9,0,18,0,8,0,0,0,0,1,1,6,1,23,5,1598,1,17,3,1,3
2016133B51225,1,9,0,5,0,6,0,0,0,0,4,1,6,2,35,6,1995,2,10,1,1,1
2016133B51225,2,9,0,18,0,8,0,0,0,0,1,1,6,2,48,8,1098,1,52,3,1,3
2016133B51263,1,3,0,18,0,1,1,0,0,0,1,1,6,1,27,6,125,1,-1,-1,-1,-1
2016133B51263,2,9,0,10,0,1,0,0,0,0,0,1,6,1,27,6,1896,2,13,-1,-1,-1