Accident_Index,Vehicle_Reference,Vehicle_Type,Towing_and_Articulation,Vehicle_Manoeuvre,Vehicle_Location-Restricted_Lane,Junction_Location,Skidding_and_Overturning,Hit_Object_in_Carriageway,Vehicle_Leaving_Carriageway,Hit_Object_off_Carriageway,1st_Point_of_Impact,Was_Vehicle_Left_Hand_Drive?,Journey_Purpose_of_Driver,Sex_of_Driver,Age_of_Driver,Age_Band_of_Driver,Engine_Capacity_(CC),Propulsion_Code,Age_of_Vehicle,Driver_IMD_Decile,Driver_Home_Area_Type,Vehicle_IMD_Decile
2016133B51456,1,9,0,18,0,0,0,0,0,0,4,1,6,1,32,6,-1,-1,-1,-1,-1,-1
2016133B51465,1,9,0,17,0,1,1,0,1,11,1,1,6,1,21,5,1395,1,-1,9,1,9
2016133B60634,1,9,0,2,0,0,0,0,0,0,0,1,1,1,31,6,1598,2,5,3,1,3
2016133B60634,2,1,0,18,0,0,0,8,0,0,1,1,6,1,21,5,-1,-1,-1,8,3,8
2016133B60653,1,2,0,18,0,0,0,0,0,0,4,1,6,1,17,4,49,1,5,7,1,7
2016133B60653,2,9,0,6,0,0,0,0,0,0,3,1,6,1,49,8,1753,2,10,4,1,4
2016133B60786,1,9,0,18,0,3,0,0,0,0,1,1,6,1,70,10,2496,1,13,7,2,7
2016133B60786,2,1,0,18,0,4,0,0,0,0,1,1,6,1,42,7,-1,-1,-1,1,1,1
2016133B60852,1,9,0,18,0,0,0,0,0,0,4,1,6,1,35,6,1598,1,11,6,1,6
2016133B60860,1,9,0,7,0,6,0,0,0,0,4,1,6,2,86,11,1242,1,10,4,1,4
2016133B60925,1,9,0,18,0,0,0,0,0,0,1,1,6,1,51,8,1910,2,10,2,1,2
2016133B60952,1,9,0,18,0,8,0,11,0,0,1,1,6,1,82,11,1598,1,16,6,3,6
2016133B60952,2,9,0,9,0,8,0,0,0,0,1,1,6,1,37,7,1364,1,2,5,1,5
2016133B61293,1,9,0,18,0,0,0,0,0,0,1,1,6,3,-1,-1,-1,-1,-1,-1,-1,-1
2016133B61293,2,9,0,18,0,0,0,0,0,0,3,1,6,1,26,6,1595,2,6,3,1,3
2016133B61565,1,9,0,9,0,6,0,0,0,0,3,1,6,1,81,11,2967,1,12,6,1,6
2016133B61565,2,1,0,18,0,8,0,0,0,0,1,1,6,1,25,5,-1,-1,-1,8,1,8
2016133B61607,1,9,0,4,0,1,0,0,0,0,2,1,1,1,39,7,1796,1,4,1,1,1
2016133B61607,2,9,0,4,0,1,0,0,0,0,1,1,6,3,-1,-1,-1,-1,-1,-1,-1,-1
2016133B70167,1,19,0,9,0,8,0,0,0,0,3,1,1,1,33,6,2143,2,1,-1,-1,-1
2016133B70167,2,9,0,18,0,1,0,0,0,0,1,1,2,2,48,8,1586,1,14,-1,-1,-1
2016133B70220,1,8,0,18,0,8,0,0,0,0,4,1,1,1,35,6,1598,2,5,1,1,1
2016133B70376,1,9,0,18,0,8,0,0,0,0,1,1,6,2,42,7,-1,-1,-1,1,1,1
2016133B70376,2,9,0,18,0,8,0,0,0,0,1,1,6,1,46,8,1598,1,12,8,1,8
2016133B70768,1,9,0,1,6,0,0,0,0,0,2,1,6,1,-1,-1,1560,2,5,-1,-1,-1
2016133B70768,2,9,0,2,6,0,0,0,0,0,1,1,1,1,40,7,2993,2,2,-1,-1,-1
2016133B70768,3,9,0,18,0,0,0,10,1,0,0,1,6,2,45,7,1968,2,-1,-1,-1,-1
2016133B70794,1,9,0,1,0,6,0,0,0,0,2,1,6,2,26,6,1590,1,12,4,1,4
2016133B71201,1,9,0,7,0,6,0,0,0,0,1,1,6,3,-1,-1,-1,-1,-1,-1,-1,-1
2016133B71201,2,9,0,10,0,1,0,0,0,0,2,1,6,2,48,8,1248,1,5,8,1,8
2016133B71247,1,9,0,3,0,0,0,0,0,0,4,1,6,1,24,5,1595,1,11,7,1,7
2016133B71247,2,9,0,1,0,0,0,0,0,0,1,1,6,2,20,4,1422,2,6,7,1,7
2016133B71304,1,9,0,4,0,1,0,0,0,0,0,1,6,3,-1,-1,-1,-1,-1,-1,-1,-1
2016133B71304,2,11,0,18,0,1,0,0,0,0,0,1,1,1,40,7,5132,2,-1,1,1,1
2016133B71540,1,9,0,5,0,0,0,0,0,0,1,1,6,1,42,7,1399,2,9,4,3,4
2016133B71540,2,9,0,18,0,0,0,0,0,0,1,1,6,3,-1,-1,1596,1,9,-1,-1,-1
2016133B71577,1,9,0,4,0,1,0,0,0,0,1,1,6,1,37,7,1598,1,10,1,1,1
2016133B71650,1,9,0,18,0,7,0,0,0,0,4,1,6,3,-1,-1,-1,-1,-1,-1,-1,-1
2016133B71650,2,11,0,18,2,7,0,0,0,0,3,1,1,1,21,5,7300,2,7,3,1,3
2016133B71650,3,9,0,18,0,7,0,0,0,0,0,1,1,1,48,8,2993,2,3,1,1,1
2016133B80261,1,9,0,18,0,1,0,0,0,0,4,1,1,2,45,7,1910,2,6,1,1,1
2016133B80300,1,9,0,18,0,6,0,0,0,0,1,1,1,1,28,6,1598,2,5,2,1,2
2016133B80300,2,9,0,4,0,6,0,0,0,0,2,1,1,2,59,9,999,1,1,2,1,2
2016133B80400,1,9,0,9,0,5,0,0,0,0,4,1,6,1,45,7,1390,1,9,-1,-1,-1
2016133B80400,2,1,0,18,0,1,0,0,0,0,1,1,6,1,23,5,-1,-1,-1,-1,-1,-1
2016133B80793,1,11,0,18,0,0,0,0,0,0,0,1,1,1,40,7,6692,2,4,3,1,3
2016133B80793,2,21,0,18,0,0,0,0,0,0,0,1,6,3,-1,-1,-1,-1,-1,-1,-1,-1
2016133B80908,1,9,0,5,0,0,0,0,1,3,1,1,6,1,32,6,1796,1,12,3,1,3
2016133B81121,1,9,0,18,0,8,0,0,0,0,1,1,6,1,43,7,996,1,7,9,3,9
2016133B81168,1,9,0,18,0,8,0,0,0,0,3,1,6,2,48,8,1560,2,8,1,1,1
2016133B81331,1,8,0,9,0,5,0,0,0,0,1,1,1,1,36,7,1995,2,6,1,1,1
2016133B81331,2,1,0,18,0,1,2,0,0,0,1,1,6,1,42,7,-1,-1,-1,6,1,6
2016133B81408,1,19,0,18,0,4,0,0,0,0,1,1,6,3,-1,-1,-1,-1,-1,-1,-1,-1
2016133B81408,2,8,0,18,0,8,0,0,0,0,4,1,1,1,32,6,1794,1,9,1,1,1
2016133B81471,1,9,0,7,0,6,0,0,0,0,0,1,6,1,37,7,1995,2,10,1,1,1
2016133B81471,2,1,0,18,4,1,2,0,0,0,0,1,6,1,44,7,-1,-1,-1,9,1,9
2016133B81553,1,9,0,18,0,6,0,0,0,0,3,1,6,1,49,8,2327,1,16,3,1,3
2016133B81553,2,9,0,18,0,1,0,0,0,0,1,1,6,1,18,4,2993,2,10,-1,-1,-1
2016133B81694,1,19,0,9,0,5,0,0,0,0,1,1,6,1,84,11,1998,2,11,1,1,1
2016133B81694,2,1,0,18,0,1,0,0,0,0,2,1,6,1,29,6,-1,-1,-1,3,1,3
2016133B90127,1,11,0,2,0,0,0,0,0,0,0,1,1,1,43,7,7300,2,3,1,1,1
2016133B90137,1,8,0,13,0,0,1,0,0,0,1,1,2,1,58,9,-1,-1,-1,10,1,10
2016133B90137,2,21,1,18,0,0,0,0,0,0,3,1,1,1,31,6,10518,2,8,-1,-1,-1
2016133B90137,3,21,1,18,0,0,0,0,0,0,1,1,1,1,37,7,12740,2,-1,1,1,1
2016133B90195,1,9,0,9,0,6,1,0,0,0,1,1,2,2,23,5,998,1,3,9,1,9
2016133B90195,2,9,0,2,0,1,0,0,0,0,2,1,2,1,18,4,1086,1,8,8,1,8
2016133B90197,1,8,0,18,0,0,2,0,0,0,1,1,1,1,33,6,1896,2,8,2,1,2
2016133B90343,1,9,0,18,0,4,0,0,0,0,1,1,6,1,61,9,1200,1,-1,1,1,1
2016133B90343,2,9,0,18,0,3,0,0,0,0,1,1,6,1,54,8,1598,2,-1,3,1,3
2016133B90420,1,9,0,18,0,1,0,0,0,0,1,1,6,1,40,7,1798,1,6,5,1,5
2016133B90420,2,9,0,18,0,1,0,0,0,0,1,1,6,2,79,11,1299,1,11,4,1,4
2016133B90648,1,9,0,18,0,0,0,0,0,0,1,1,6,3,-1,-1,-1,-1,-1,-1,-1,-1
2016133B90648,2,9,0,4,0,0,0,0,0,0,2,1,6,2,55,8,1968,2,2,10,1,10
2016133B90682,1,21,1,18,0,0,1,0,7,4,4,1,1,1,61,9,12419,2,2,8,1,8
2016133B90682,2,21,1,18,0,0,1,0,0,0,4,1,1,1,54,8,15607,2,10,8,2,8
2016133B90735,1,9,0,1,0,0,0,0,0,0,2,1,6,1,-1,-1,-1,-1,-1,-1,-1,-1
2016133B90760,1,3,0,18,0,1,2,0,0,0,0,1,6,1,24,5,124,1,2,2,1,2
2016133B90760,2,19,0,9,0,6,0,0,0,0,0,1,6,3,-1,-1,-1,-1,-1,-1,-1,-1
2016133B90887,1,9,0,13,0,1,0,0,0,0,1,1,6,3,-1,-1,-1,-1,-1,-1,-1,-1
2016133B90887,2,1,0,18,2,1,2,0,0,0,2,1,6,1,25,5,-1,-1,-1,1,1,1
2016133B90994,1,9,0,18,0,0,1,10,0,0,1,1,6,1,14,3,998,1,3,-1,-1,-1
2016133B90994,2,11,0,18,0,0,0,0,0,0,3,1,1,1,34,6,4250,2,13,-1,-1,-1
2016133B91785,1,9,0,2,0,1,0,0,0,0,2,1,6,1,21,5,998,1,-1,7,1,7
2016133B91785,2,19,0,18,0,1,1,0,0,0,1,1,6,1,-1,-1,-1,-1,-1,-1,-1,-1
2016133BA0125,1,9,0,9,0,8,0,0,0,0,1,1,2,2,34,6,996,1,7,3,1,3
2016133BA0125,2,3,0,18,0,8,0,0,0,0,1,1,2,1,19,4,124,1,14,1,1,1
2016133BA0141,1,9,0,18,0,0,2,7,1,4,1,1,6,1,27,6,1968,2,6,6,1,6
2016133BA0141,2,9,0,18,0,0,2,7,6,2,1,1,6,2,56,9,1461,2,1,10,2,10
2016133BA0302,1,9,0,18,0,0,0,0,0,0,1,1,1,1,76,11,1968,2,8,9,2,9
2016133BA0302,2,9,0,4,0,0,0,0,0,0,2,1,1,2,32,6,1499,2,-1,10,1,10
2016133BA0302,3,9,0,4,0,0,0,0,0,0,2,1,1,2,31,6,1198,1,-1,1,1,1
2016133BA0302,4,19,0,4,0,0,0,0,0,0,2,1,1,1,30,6,1598,2,1,6,1,6
2016133BA0631,1,19,0,9,0,0,0,0,0,0,1,1,6,1,40,7,2143,2,-1,2,1,2
2016133BA0631,2,9,0,18,0,0,0,0,0,0,4,1,6,2,51,8,1598,1,12,8,1,8
2016133BA0731,1,9,0,18,0,0,0,0,0,0,4,1,6,3,-1,-1,-1,-1,-1,-1,-1,-1
2016133BA0890,1,9,0,7,0,5,0,0,0,0,1,1,6,1,20,4,1398,2,13,1,1,1
2016133BA0890,2,9,0,2,0,1,0,0,0,0,4,1,6,3,-1,-1,1896,2,16,-1,-1,-1
2016133BA1001,1,9,0,18,0,0,0,0,0,0,3,1,6,2,20,4,1200,1,-1,7,1,7
2016133BA1001,2,9,0,18,0,0,0,0,0,0,1,1,6,1,60,9,2198,2,11,1,1,1
2016133BA1031,1,9,0,2,0,0,0,0,0,0,3,1,3,2,36,7,1582,2,6,7,1,7
2016133BA1031,2,9,0,18,0,0,0,0,0,0,4,1,6,1,78,11,1796,1,8,7,1,7
2016133BA1221,1,9,0,18,0,0,0,0,0,0,1,1,2,2,49,8,1242,1,11,10,1,10
2016133BA1417,1,2,0,18,0,8,5,0,0,0,1,1,6,1,25,5,-1,-1,-1,-1,-1,-1
2016133BA1417,2,8,0,18,0,8,0,0,0,0,4,1,6,1,-1,-1,-1,-1,-1,-1,-1,-1
2016133BA1511,1,9,0,18,0,0,0,0,0,0,1,1,6,2,61,9,1242,1,1,4,1,4
2016133BA1511,2,9,0,4,0,0,0,0,0,0,2,1,6,2,83,11,1198,1,9,10,1,10
2016133BB0181,1,9,0,5,0,0,0,0,0,0,1,1,1,1,34,6,1968,2,1,2,1,2
2016133BB0181,2,9,0,5,0,0,0,0,0,0,2,1,1,1,62,9,1461,2,2,3,1,3
2016133BB0187,1,9,0,9,0,8,0,0,0,0,3,1,6,1,68,10,1988,2,9,7,1,7
2016133BB0187,2,9,0,18,0,8,0,0,0,0,1,1,6,1,22,5,1229,1,3,1,1,1
2016133BB0438,1,9,0,18,0,0,1,0,0,4,1,1,1,1,18,4,1248,2,5,10,1,10
2016133BB0447,1,19,0,9,0,6,0,0,0,0,3,1,1,1,26,6,2198,2,5,3,1,3
2016133BB0447,2,9,0,18,0,8,0,0,0,0,4,1,6,1,26,6,1997,2,6,1,1,1
2016133BB0613,1,9,0,18,0,1,0,0,0,0,3,1,6,1,68,10,1198,1,2,4,2,4
2016133BB0613,2,9,0,9,0,8,0,0,0,0,3,1,6,1,75,10,1896,2,15,3,1,3
2016133BB0675,1,9,0,5,0,6,0,0,0,0,4,1,6,1,66,10,-1,-1,-1,3,1,3
2016133BB0675,2,2,0,18,0,8,0,0,0,0,1,1,6,2,32,6,49,1,-1,4,1,4
2016133BB0789,1,9,0,18,0,8,0,0,0,0,3,1,6,2,28,6,2143,2,1,1,1,1
2016133BB0789,2,9,0,18,0,8,0,0,0,0,1,1,6,1,23,5,1596,1,14,4,1,4
2016133BB0901,1,5,0,18,0,0,1,0,0,0,1,1,6,1,32,6,645,1,16,7,3,7
2016133BB0901,2,9,0,18,0,0,0,0,0,0,3,1,6,1,69,10,2967,1,12,9,2,9
2016133BB1024,1,9,0,4,0,0,0,0,0,0,4,1,6,2,53,8,1364,1,12,1,1,1
2016133BB1024,2,1,0,18,0,0,0,0,0,0,3,1,6,1,47,8,-1,-1,-1,2,1,2
2016133BB1171,1,9,0,18,0,0,0,0,0,0,1,1,6,1,50,8,1679,1,16,3,1,3
2016133BB1171,2,9,0,18,0,0,0,0,0,0,1,1,6,2,25,5,1796,1,2,5,1,5
2016133BB1224,1,8,0,3,0,0,0,0,0,0,2,1,1,1,33,6,1560,2,1,1,1,1
2016133BB1224,2,9,0,3,0,0,0,0,0,0,2,1,6,1,47,8,1968,2,10,1,1,1
2016133BB1224,3,9,0,18,0,0,0,0,0,0,1,1,6,3,-1,-1,1498,1,-1,-1,-1,-1
2016133BB1280,1,9,0,16,0,3,0,0,0,0,3,1,2,2,32,6,1995,2,1,4,1,4
2016133BB1280,2,1,0,16,0,3,0,0,0,0,4,1,2,1,48,8,-1,-1,-1,10,1,10
2016133BB1305,1,9,0,18,0,8,0,0,0,0,1,1,6,2,21,5,998,1,1,1,1,1
2016133BB1305,2,21,1,9,0,4,0,0,0,0,2,1,1,1,33,6,12902,2,3,6,1,6
2016133BB1354,1,1,0,9,0,8,0,0,0,0,1,1,6,1,14,3,-1,-1,-1,1,1,1
2016133BB1354,2,19,0,18,0,8,0,0,0,0,1,1,1,1,50,8,2287,2,6,2,1,2
2016133BB1460,1,9,0,10,0,1,0,0,0,0,2,1,6,1,40,7,1596,1,6,2,1,2
2016133BB1460,2,9,0,18,0,1,0,0,0,0,1,1,6,1,23,5,1299,1,11,7,1,7
2016133BB1532,1,9,0,2,0,1,0,0,0,0,2,1,6,1,27,6,1229,1,9,1,1,1
2016133BB1532,2,9,0,18,0,1,0,0,0,0,1,1,6,2,-1,-1,-1,-1,-1,-1,-1,-1
2016133BB1648,1,21,1,18,0,0,0,0,0,0,1,1,1,1,46,8,-1,-1,-1,-1,-1,-1
2016133BB1648,2,9,0,18,0,0,0,0,0,0,3,1,6,1,50,8,1685,2,-1,7,1,7
2016133BB1783,1,8,0,9,0,7,0,7,0,0,3,1,1,1,57,9,2143,2,3,3,1,3
2016133BB1783,2,8,0,18,0,1,0,0,0,0,1,1,6,1,32,6,1582,2,4,1,1,1
2016133BC0124,1,9,0,5,0,8,0,0,0,0,4,1,6,2,23,5,1598,1,7,8,3,8
2016133BC0124,2,9,0,5,0,8,0,0,0,0,3,1,6,1,-1,-1,1396,2,-1,2,1,2
2016133BC0373,1,9,0,18,0,1,0,0,8,4,4,1,6,1,30,6,1984,1,8,3,1,3
2016133BC0373,2,9,0,9,0,1,0,0,0,0,1,1,6,2,50,8,1797,8,6,5,1,5
2016133BC0373,3,8,0,18,0,1,0,0,0,0,1,1,6,1,38,7,1560,2,4,1,1,1
2016133BC0497,1,9,0,18,0,0,2,0,8,9,1,1,6,1,18,4,1198,1,9,2,1,2
2016133BC0727,1,9,0,17,0,0,0,0,8,7,1,1,6,2,38,7,1796,1,10,10,1,10
2016133BC0794,1,3,0,18,0,0,2,0,0,0,0,1,6,2,47,8,125,1,14,1,1,1
2016133BC0971,1,11,0,18,0,8,0,0,0,0,1,1,1,1,36,7,9360,2,4,9,1,9
2016133BC1317,1,9,0,18,0,6,0,0,0,0,1,1,6,1,-1,-1,1360,1,13,-1,-1,-1
2016133BC1317,2,9,0,18,0,1,0,0,0,0,4,1,6,2,78,11,1598,1,9,9,1,9
2016133BC1523,1,9,0,18,0,0,1,4,1,11,1,1,6,1,-1,-1,1598,1,11,-1,-1,-1
2016133BC1523,2,9,0,2,0,0,0,0,0,0,3,1,6,3,-1,-1,1398,1,1,-1,-1,-1
2016133BC1844,1,9,0,9,0,8,0,0,0,0,1,1,6,1,50,8,1149,1,9,7,1,7
2016133BC1844,2,9,0,18,0,8,0,0,0,11,1,1,6,2,19,4,1149,1,13,8,1,8
2016133BD0024,1,9,0,13,0,0,0,0,5,6,1,1,6,2,40,7,1397,1,6,5,1,5
2016133BD0024,2,21,0,18,0,0,0,0,0,0,3,1,1,1,43,7,6370,2,5,7,1,7
2016133BD0722,1,9,0,18,0,8,0,0,0,0,1,1,6,2,29,6,1968,2,-1,8,3,8
2016133BD0722,2,5,0,18,0,8,0,0,0,0,1,1,6,1,56,9,1250,1,16,9,3,9
2016133BD0726,1,9,0,15,0,0,0,0,0,0,4,1,6,1,24,5,2143,2,2,2,1,2
2016133BD0726,2,9,0,18,0,0,0,0,0,0,3,1,6,2,24,5,1149,1,14,7,1,7
2016133BD0892,1,9,0,6,0,0,0,0,0,0,3,1,6,2,21,5,1149,1,1,4,1,4
2016133BD0892,2,9,0,18,0,0,0,0,0,0,1,1,6,2,49,8,2143,2,-1,9,1,9
2016133BD1198,1,19,0,18,0,0,0,0,0,0,1,1,6,3,-1,-1,2500,2,11,-1,-1,-1
2016133BD1198,2,9,0,18,0,0,0,0,0,0,1,1,1,1,58,9,1797,8,6,-1,-1,-1
2016133BD1355,1,9,0,18,0,0,0,0,0,0,4,1,6,2,31,6,1598,1,-1,1,1,1
2016133BD1411,1,9,0,9,0,6,0,0,1,0,1,1,2,1,47,8,1240,1,10,1,1,1
2016133BD1411,2,9,0,18,0,8,0,0,0,0,1,1,6,1,45,7,1956,2,2,7,2,7
2016133BD1436,1,9,0,6,0,0,0,0,4,0,3,1,6,2,31,6,1461,2,-1,1,1,1
2016133BD1436,2,9,0,18,0,0,0,0,4,0,4,1,6,1,32,6,1984,1,1,4,1,4
2016133BE0122,1,9,0,13,0,1,0,0,0,0,1,1,1,1,-1,-1,2993,2,-1,6,1,6
2016133BE0122,2,9,0,9,0,1,0,0,7,2,3,1,6,1,29,6,1598,2,4,1,1,1
2016133BE0269,1,9,0,18,0,0,0,0,0,0,4,1,6,1,24,5,1240,1,9,1,1,1
2016133BE0290,1,1,0,18,0,8,5,0,0,0,1,1,6,2,42,7,-1,-1,-1,3,1,3
2016133BE0290,2,9,0,9,0,8,0,0,0,0,4,1,6,2,43,7,1461,2,-1,7,1,7
2016133BE0874,1,9,0,9,0,6,0,0,0,0,1,1,6,2,20,4,1598,2,5,7,1,7
2016133BE0874,2,9,0,18,0,1,0,0,0,0,4,1,6,1,44,7,1995,1,5,-1,-1,-1
2016133BE0900,1,9,0,4,0,4,1,0,0,0,1,1,6,1,-1,-1,-1,-1,-1,-1,-1,-1
2016133BE0900,2,9,0,4,0,4,0,0,0,0,2,1,2,1,35,6,1796,1,8,8,1,8
2016133BE1098,1,9,0,14,0,0,0,0,0,0,4,1,6,3,-1,-1,-1,-1,-1,-1,-1,-1
2016133BE1121,1,19,0,9,0,6,0,0,0,0,1,1,1,1,54,8,1461,2,3,1,1,1
2016133BE1121,2,1,0,18,0,8,0,0,0,0,4,1,2,1,58,9,-1,-1,-1,4,1,4
2016133BE1188,1,1,0,18,0,0,5,0,0,0,3,1,2,1,54,8,-1,-1,-1,-1,-1,-1
2016133BE1188,2,9,0,14,0,0,0,0,0,0,4,1,6,1,69,10,1461,2,2,-1,-1,-1
2016133BE1203,1,9,0,6,9,8,0,0,0,0,1,1,6,3,-1,-1,-1,-1,-1,-1,-1,-1
2016133BE1239,1,9,0,18,0,0,0,0,0,0,1,1,6,2,28,6,1299,1,11,5,1,5
2016133BE1357,1,3,0,18,0,0,1,0,0,0,3,1,6,1,29,6,124,1,7,-1,-1,-1
2016133BE1382,1,9,0,18,0,8,0,0,0,0,1,1,2,1,50,8,1598,1,13,-1,-1,-1
2016133BE1382,2,9,0,9,0,8,0,0,0,0,1,1,6,2,22,5,1596,1,3,-1,-1,-1
2016133BE1843,1,9,0,18,0,1,5,0,1,11,1,1,6,1,22,5,1896,2,13,-1,-1,-1
2016133BE1843,2,1,0,9,0,8,5,0,0,0,1,1,6,1,33,6,-1,-1,-1,-1,-1,-1
2016133BE1843,3,9,0,18,0,1,0,0,0,0,0,1,6,1,-1,-1,1896,2,12,-1,-1,-1
2016133BF0214,1,9,0,9,0,4,0,0,0,0,4,1,1,1,19,4,1242,1,13,1,1,1
2016133BF0214,2,3,0,18,0,4,0,0,0,0,4,1,1,1,31,6,124,1,7,3,1,3
2016133BF0231,1,9,0,18,0,1,0,0,0,0,1,1,1,1,31,6,1896,2,8,6,1,6
2016133BF0240,1,1,0,18,0,1,0,0,0,0,1,1,2,2,26,6,-1,-1,-1,8,1,8
2016133BF0240,2,9,0,9,0,8,0,0,0,0,1,1,2,2,25,5,1995,2,3,2,1,2
2016133BF0359,1,9,0,18,0,0,0,0,0,0,1,1,1,2,46,8,1769,1,13,6,1,6
2016133BF0864,1,9,0,5,0,8,0,0,0,0,3,1,6,2,31,6,1753,2,9,1,1,1
2016133BF0864,2,1,0,18,0,8,5,0,0,0,1,1,6,1,44,7,-1,-1,-1,1,1,1
2016133BF1083,1,9,0,18,0,1,0,0,7,11,4,1,6,2,79,11,1390,1,7,3,1,3
2016133BF1083,2,9,0,3,0,1,0,0,0,0,1,1,6,1,55,8,998,1,9,2,1,2
2016133BF1139,1,9,0,18,0,0,0,0,0,0,0,1,6,2,25,5,1364,1,7,2,1,2
2016133BF1171,1,9,0,18,0,0,0,0,7,11,3,1,6,2,61,9,1206,1,6,4,1,4
2016133BF1171,2,9,0,2,0,0,0,0,0,0,4,1,6,3,-1,-1,1997,2,12,-1,-1,-1
2016133BG0121,1,9,0,7,0,5,1,0,0,4,1,1,6,1,28,6,1364,1,7,1,1,1
2016133BG0121,2,9,0,18,0,1,0,0,0,0,0,1,1,1,37,7,2993,2,3,1,1,1
2016133BG0496,1,9,0,9,0,8,0,0,0,0,4,1,1,1,47,8,1598,2,3,1,1,1
2016133BG0496,2,9,0,18,0,8,0,0,0,0,1,1,6,1,79,11,1598,1,3,10,1,10
2016133BG0601,1,9,0,8,5,1,0,0,0,0,1,1,6,1,40,7,2993,2,2,4,1,4
2016133BG0601,2,1,0,18,5,1,0,0,0,0,1,1,2,1,24,5,-1,-1,-1,4,1,4
2016133BG0883,1,9,0,7,0,8,0,0,0,0,1,1,6,1,29,6,1796,1,7,2,1,2
2016133BG1281,1,9,0,18,0,0,1,0,0,0,1,1,6,1,18,4,1999,1,14,2,1,2
2016133BG1281,2,9,0,18,0,0,1,7,0,6,1,1,2,2,34,6,1395,1,1,10,1,10
2016133BG1281,3,9,0,18,0,0,1,0,0,0,2,1,2,1,62,9,1968,2,1,9,2,9
2016133BG1281,4,9,0,18,0,0,1,0,0,0,2,1,2,2,25,5,1229,1,8,9,1,9
2016133BG1293,1,19,0,4,0,2,0,0,0,0,2,1,6,1,28,6,1248,2,12,2,1,2
2016133BG1293,2,9,0,18,0,2,0,0,0,0,1,1,6,2,18,4,1390,1,4,2,1,2
2016133BG1629,1,9,0,9,0,6,0,0,0,0,3,1,6,3,-1,-1,-1,-1,-1,-1,-1,-1
2016133BG1629,2,3,0,18,0,8,0,0,0,0,1,1,2,1,44,7,124,1,1,5,1,5
2016133BG1650,1,9,0,9,0,6,0,0,0,0,1,1,6,1,41,7,1364,2,9,1,1,1
2016133BG1650,2,9,0,18,0,1,0,0,0,0,4,1,6,1,44,7,1598,2,1,-1,-1,-1
2016133BG1650,3,9,0,2,0,1,0,0,0,0,3,1,6,1,54,8,1997,2,11,-1,-1,-1
2016133BG1712,1,9,0,18,0,1,0,0,0,0,1,1,1,1,49,8,1275,1,18,1,1,1
2016133BG1777,1,9,0,17,0,1,2,0,0,0,3,1,6,1,22,5,1560,2,11,3,1,3
2016133BG1777,2,9,0,17,0,1,0,0,0,0,0,1,6,1,23,5,1968,2,7,2,1,2
2016133BG1777,3,9,0,18,0,1,0,0,0,0,1,1,6,1,30,6,1968,2,9,1,1,1
2016133BG1777,4,9,0,2,0,1,0,0,0,0,4,1,6,1,31,6,1896,2,12,1,1,1
2016133BH0150,1,9,0,7,0,6,0,0,0,0,1,1,2,1,37,7,2497,2,11,-1,-1,-1
2016133BH0150,2,1,0,18,0,8,0,0,0,0,4,1,2,1,39,7,-1,-1,-1,-1,-1,-1
2016133BH0189,1,9,0,4,0,0,0,0,0,0,1,1,6,2,28,6,1242,1,3,5,2,5
2016133BH0189,2,9,0,4,0,0,0,0,0,0,1,1,6,1,48,8,-1,-1,-1,2,1,2
2016133BH0189,3,9,0,4,0,0,0,7,4,6,1,1,6,1,19,4,1461,2,3,10,1,10
2016133BH0189,4,9,0,4,0,0,0,0,0,0,1,1,6,1,23,5,1975,1,10,6,1,6
2016133BH0189,5,9,0,4,0,0,0,0,0,0,1,1,6,1,43,7,1995,2,3,6,3,6
2016133BH0189,6,9,0,4,0,0,0,0,0,0,1,1,6,1,53,8,998,1,1,9,1,9
2016133BH0189,7,9,0,4,0,0,0,0,0,0,1,1,6,2,32,6,1997,2,2,7,1,7
2016133BH0189,8,9,0,4,0,0,0,0,0,0,1,1,6,1,44,7,2400,2,6,8,2,8
2016133BH0189,9,9,0,4,0,0,0,0,0,0,1,1,6,1,26,6,1910,2,9,8,2,8
2016133BH0189,10,9,0,4,0,0,0,0,0,0,2,1,6,1,35,6,1461,2,1,10,3,10
2016133BH0260,1,9,0,18,0,0,0,0,0,0,1,1,2,2,61,9,1149,1,5,-1,-1,-1
2016133BH0260,2,1,0,18,0,0,0,0,0,0,3,1,4,1,14,3,-1,-1,-1,-1,-1,-1
2016133BH0287,1,9,0,18,0,0,0,0,0,0,2,1,2,2,54,8,1586,1,-1,5,1,5
2016133BH0287,2,19,0,18,0,0,0,0,0,0,1,1,1,1,37,7,1753,2,9,1,1,1
2016133BH0905,1,9,0,7,0,8,0,0,0,0,0,1,6,2,35,6,1364,2,2,-1,-1,-1
2016133BH0905,2,3,0,18,0,1,1,0,1,0,3,1,1,1,32,6,125,1,1,-1,-1,-1
2016133BH0905,3,21,0,18,0,1,0,0,0,0,1,1,6,1,50,8,3920,2,4,-1,-1,-1
2016133BH1121,1,9,0,18,0,1,0,0,0,0,1,1,1,2,23,5,1149,1,9,4,1,4
2016133BH1137,1,9,0,9,0,1,0,0,0,0,1,1,2,1,54,8,1796,1,10,5,1,5
2016133BH1137,2,1,0,18,0,1,0,0,0,0,1,1,2,1,45,7,-1,-1,-1,3,1,3
2016133BH1171,1,9,0,18,0,0,0,0,0,0,1,1,6,1,46,8,1395,1,1,8,1,8
2016133BH1175,1,9,0,7,0,5,0,0,0,0,1,1,6,1,74,10,1399,2,11,6,1,6
2016133BH1227,1,9,0,18,0,0,0,0,0,0,4,1,6,1,58,9,1560,2,11,1,1,1
2016133BH1242,1,11,0,4,0,0,0,0,0,0,0,1,1,1,56,9,-1,-1,-1,2,1,2
2016133BH1272,1,9,0,18,0,1,0,0,1,0,1,1,6,2,23,5,1242,1,3,7,3,7
2016133BH1313,1,9,0,9,0,6,0,0,0,0,1,1,6,2,24,5,1124,1,14,3,2,3
2016133BH1313,2,1,0,18,4,8,0,0,0,0,4,1,6,1,28,6,-1,-1,-1,9,1,9
2016133BH1317,1,9,0,18,0,0,0,0,0,0,3,1,6,3,-1,-1,-1,-1,-1,-1,-1,-1
2016133BH1399,1,9,0,3,0,5,0,0,0,0,2,1,6,2,57,9,1598,2,2,5,1,5