Accident_Index,Vehicle_Reference,Vehicle_Type,Towing_and_Articulation,Vehicle_Manoeuvre,Vehicle_Location-Restricted_Lane,Junction_Location,Skidding_and_Overturning,Hit_Object_in_Carriageway,Vehicle_Leaving_Carriageway,Hit_Object_off_Carriageway,1st_Point_of_Impact,Was_Vehicle_Left_Hand_Drive?,Journey_Purpose_of_Driver,Sex_of_Driver,Age_of_Driver,Age_Band_of_Driver,Engine_Capacity_(CC),Propulsion_Code,Age_of_Vehicle,Driver_IMD_Decile,Driver_Home_Area_Type,Vehicle_IMD_Decile
2016133BH1399,2,9,0,4,0,8,0,0,0,0,1,1,6,3,-1,-1,-1,-1,-1,-1,-1,-1
2016133BH1427,1,9,0,16,0,4,1,9,0,10,1,1,6,1,20,4,1988,2,12,4,1,4
2016133BH1427,2,9,0,18,0,1,0,0,0,0,0,1,6,1,38,7,2993,2,4,6,1,6
2016133BH1520,1,9,0,18,0,8,0,0,0,0,1,1,6,2,46,8,1229,1,-1,5,1,5
2016133BH1520,2,9,0,5,0,4,0,0,0,0,1,1,6,1,81,11,1388,1,7,5,1,5
2016133BI0086,1,9,0,5,0,0,0,0,0,0,1,1,6,3,-1,-1,1587,1,13,-1,-1,-1
2016133BI0167,1,9,0,11,0,1,2,0,1,0,3,1,2,1,40,7,1242,1,3,4,1,4
2016133BI0168,1,9,0,5,0,6,0,0,0,0,1,1,2,2,39,7,1618,1,2,10,1,10
2016133BI0168,2,1,0,18,0,8,0,0,0,0,4,1,2,1,37,7,-1,-1,-1,3,1,3
2016133BI0417,1,9,0,18,0,0,1,0,0,0,1,1,6,2,30,6,1149,1,5,6,1,6
2016133BI0417,2,9,0,5,0,0,0,0,0,0,1,1,6,2,26,6,1397,1,16,8,1,8
2016133BI0482,1,9,0,9,0,8,0,0,0,0,1,1,6,1,55,8,1910,2,11,9,1,9
2016133BI0482,2,9,0,9,0,8,0,0,0,0,1,1,6,2,31,6,1997,2,8,1,1,1
2016133BI0582,1,9,0,18,0,4,0,0,0,0,1,1,6,2,50,8,1499,2,1,-1,-1,-1
2016133BI0582,2,11,0,9,0,8,0,0,0,0,1,1,1,1,56,9,9360,2,7,-1,-1,-1
2016133BI0697,1,8,0,18,0,8,0,0,0,0,3,1,1,1,-1,-1,1560,2,2,1,1,1
2016133BI0715,1,9,0,9,0,5,0,0,0,0,1,1,6,1,29,6,2969,2,12,1,1,1
2016133BI0715,2,9,0,18,0,8,0,0,0,0,1,1,6,2,35,6,1149,1,4,3,1,3
2016133BI0852,1,20,0,18,0,2,0,0,0,0,4,1,1,1,60,9,4116,2,13,5,1,5
2016133BI0872,1,9,0,9,0,8,0,0,0,0,3,1,6,2,24,5,1598,1,5,5,2,5
2016133BI0872,2,1,0,18,0,8,0,0,0,0,1,1,6,1,47,8,-1,-1,-1,8,3,8
2016133BI0879,1,9,0,18,0,3,0,0,0,0,1,1,6,1,36,7,1896,2,13,-1,-1,-1
2016133BI0879,2,9,0,2,0,4,0,0,0,0,1,1,6,1,20,4,1598,2,1,-1,-1,-1
2016133BI1032,1,9,0,6,0,0,0,0,0,0,3,1,6,2,37,7,1997,1,12,1,1,1
2016133BI1032,2,3,0,15,0,0,0,0,0,0,1,1,6,1,24,5,124,1,8,-1,-1,-1
2016133BI1116,1,9,0,18,0,0,0,0,0,0,1,1,6,3,-1,-1,-1,-1,-1,-1,-1,-1
2016133BI1135,1,9,0,9,0,0,0,0,0,0,3,1,6,1,19,4,1242,1,2,7,1,7
2016133BI1135,2,1,0,18,0,0,0,0,0,0,1,1,6,1,60,9,-1,-1,-1,-1,-1,-1
2016133BI1211,1,9,0,18,0,0,1,0,0,0,1,1,2,2,49,8,1461,2,6,2,1,2
2016133BI1211,2,9,0,18,0,0,0,0,0,0,2,1,2,2,45,7,1390,1,14,6,3,6
2016133BI1211,3,9,0,18,0,0,0,0,0,0,2,1,2,1,49,8,1395,1,-1,3,1,3
2016133BI1211,4,9,0,18,0,0,0,0,0,0,2,1,2,2,46,8,998,1,6,3,1,3
2016133BI1232,1,9,0,4,0,1,0,0,0,0,2,1,6,2,49,8,1390,1,10,1,1,1
2016133BI1232,2,9,0,18,0,1,0,0,0,0,1,1,6,3,-1,-1,-1,-1,-1,-1,-1,-1
2016133BI1257,1,9,0,7,0,5,0,0,0,0,1,1,6,3,-1,-1,-1,-1,-1,-1,-1,-1
2016133BI1344,1,9,0,18,0,2,0,0,0,0,3,1,6,1,33,6,1968,2,1,1,1,1
2016133BI1495,1,19,0,18,0,0,0,0,7,0,1,1,2,1,32,6,1686,2,12,3,1,3
2016133BI1495,2,9,0,18,0,0,0,0,1,11,2,1,6,1,46,8,2982,2,20,1,2,1
2016133BJ0002,1,8,0,6,0,0,0,0,0,0,0,1,1,1,45,7,-1,-1,-1,2,1,2
2016133BJ0002,2,90,0,18,0,0,0,0,0,0,0,1,1,1,44,7,-1,-1,-1,-1,-1,-1
2016133BJ0258,1,9,0,9,0,1,1,0,0,11,1,1,2,2,50,8,1373,1,-1,7,1,7
2016133BJ0421,1,8,0,4,0,4,0,0,0,0,2,1,1,1,58,9,1896,2,7,1,1,1
2016133BJ0421,2,9,0,4,0,4,0,0,0,0,1,1,6,1,66,10,1598,1,10,-1,-1,-1
2016133BJ0486,1,9,0,5,0,0,0,0,0,0,1,1,6,2,41,7,1496,2,-1,8,1,8
2016133BJ0486,2,19,0,2,0,0,0,0,0,0,2,1,1,1,56,9,2143,2,3,1,1,1
2016133BJ0486,3,9,0,2,0,0,0,0,0,0,2,1,1,1,59,9,1995,2,1,3,1,3
2016133BJ0491,1,9,0,18,0,0,0,0,0,0,1,1,6,1,69,10,1248,2,11,3,1,3
2016133BJ0594,1,9,0,4,0,0,0,0,0,0,2,1,6,2,42,7,1386,1,5,8,1,8
2016133BJ0594,2,9,0,18,0,0,0,0,0,0,1,1,6,1,28,6,2204,2,7,3,1,3
2016133BJ0594,3,90,0,18,0,0,0,0,0,0,1,1,6,1,38,7,-1,-1,-1,6,1,6
2016133BJ0661,1,9,0,18,0,0,0,0,0,0,1,1,6,1,-1,-1,1124,1,15,-1,-1,-1
2016133BJ0661,2,9,0,18,0,0,0,0,0,0,2,1,6,1,40,7,1560,2,1,3,1,3
2016133BJ0741,1,9,0,9,0,6,0,0,0,0,3,1,6,2,44,7,1668,1,10,10,1,10
2016133BJ0741,2,9,0,18,0,8,0,0,0,0,1,1,6,1,90,11,1390,1,8,10,3,10
2016133BJ0893,1,11,0,18,0,0,0,0,0,0,1,1,1,1,59,9,9360,2,7,-1,-1,-1
2016133BJ1190,1,9,0,7,2,5,0,0,0,0,0,1,6,3,-1,-1,1200,1,2,-1,-1,-1
2016133BJ1190,2,11,0,18,2,8,0,0,0,0,0,1,1,1,41,7,-1,-1,-1,3,1,3
2016133BJ1420,1,9,0,9,0,8,0,0,0,0,1,1,6,1,49,8,2198,1,10,1,1,1
2016133BJ1702,1,9,0,18,9,0,1,0,1,1,1,1,6,1,26,6,1998,1,12,3,1,3
2016133BK0383,1,9,0,18,0,4,0,0,7,11,1,1,6,1,26,6,998,1,15,4,1,4
2016133BK0591,1,9,0,18,0,0,0,0,0,0,1,1,6,1,29,6,1956,2,4,4,1,4
2016133BK0591,2,9,0,4,0,0,0,0,0,0,2,1,6,1,35,6,1997,1,4,10,2,10
2016133BK0718,1,3,0,18,0,6,5,0,0,0,1,1,6,1,27,6,124,1,1,1,1,1
2016133BK0718,2,9,0,18,0,8,0,0,0,0,3,1,6,1,39,7,1910,2,12,3,1,3
2016133BK0798,1,9,0,18,0,1,0,0,0,0,2,2,6,1,35,6,998,1,3,1,1,1
2016133BK0798,2,9,0,18,0,1,0,0,0,0,1,2,6,1,68,10,1997,2,13,4,1,4
2016133BK0866,1,1,0,18,0,8,0,0,0,0,1,1,2,2,31,6,-1,-1,-1,5,1,5
2016133BK0866,2,9,0,5,0,5,0,0,0,0,3,1,1,2,35,6,1329,1,-1,5,1,5
2016133BK0930,1,9,0,18,0,0,0,0,0,0,3,1,6,2,55,8,1999,1,9,2,1,2
2016133BK0942,1,9,0,18,0,1,1,0,1,11,2,1,6,1,20,4,1560,2,2,4,1,4
2016133BK0957,1,9,0,18,0,0,0,0,0,0,1,1,6,1,25,5,1995,2,11,1,1,1
2016133BK0957,2,9,0,3,0,0,0,0,0,0,2,1,6,1,48,8,1968,2,4,4,1,4
2016133BK1542,1,9,0,18,0,0,0,0,0,0,1,1,6,1,56,9,1797,8,6,1,1,1
2016133BK1699,1,9,0,18,0,0,0,0,0,0,1,1,6,3,-1,-1,1598,1,13,-1,-1,-1
2016133BK1699,2,9,0,3,0,0,0,0,0,0,2,1,6,1,42,7,1598,2,1,3,1,3
2016133BL0085,1,19,0,7,0,8,0,0,0,0,1,1,1,1,33,6,2198,2,1,9,1,9
2016133BL0085,2,19,0,15,0,8,0,0,0,0,3,1,6,3,-1,-1,-1,-1,-1,-1,-1,-1
2016133BL0189,1,9,0,9,0,6,0,0,0,0,1,1,2,1,23,5,1390,1,9,1,1,1
2016133BL0189,2,3,0,18,0,1,0,0,0,0,4,1,2,1,26,6,124,1,5,1,1,1
2016133BL0217,1,21,1,4,0,0,1,0,0,0,1,1,1,1,43,7,11967,2,6,2,1,2
2016133BL0217,2,9,0,4,0,0,0,0,0,0,2,1,6,2,42,7,1248,1,1,1,1,1
2016133BL0635,1,9,0,18,0,5,0,0,0,0,4,1,6,2,28,6,1596,1,9,1,1,1
2016133BL0635,2,9,0,5,0,6,0,0,0,0,1,1,6,2,75,10,1200,1,1,9,1,9
2016133BL0744,1,19,0,4,0,0,0,0,0,0,1,1,6,1,-1,-1,1461,2,9,-1,-1,-1
2016133BL0744,2,9,0,4,0,0,0,0,0,0,2,1,6,1,39,7,1339,1,12,1,1,1
2016133BL0850,1,9,0,9,0,6,0,0,0,0,3,1,6,2,39,7,1598,1,10,1,1,1
2016133BL0850,2,1,0,18,0,8,0,0,0,0,1,1,6,1,27,6,-1,-1,-1,1,1,1
2016133BL1023,1,9,0,18,0,0,0,0,0,0,1,1,6,3,80,11,1298,1,14,4,1,4
2016133BL1064,1,9,0,18,0,2,0,0,0,0,1,1,6,1,28,6,1896,2,13,1,1,1
2016133BL1090,1,9,0,3,0,1,0,0,0,0,2,1,6,2,39,7,1968,2,3,2,1,2
2016133BL1090,2,9,0,18,0,1,0,0,0,0,1,1,6,1,44,7,2179,2,1,5,1,5
2016133BL1103,1,9,0,18,0,0,0,7,0,10,1,1,6,1,81,11,1596,1,8,8,2,8
2016133BL1106,1,9,0,14,0,0,0,0,0,0,4,1,1,1,26,6,1968,2,-1,4,1,4
2016133BL1111,1,9,0,9,0,5,0,0,0,0,1,1,6,1,-1,-1,-1,-1,-1,-1,-1,-1
2016133BL1113,1,19,0,9,0,1,0,0,0,0,1,1,6,1,27,6,1248,2,11,4,1,4
2016133BL1247,1,9,0,18,0,0,0,0,0,0,1,1,6,1,54,8,1198,1,12,7,1,7
2016133BL1320,1,8,0,18,0,0,0,0,0,0,1,1,1,1,58,9,1997,2,5,3,1,3
2016133BL1406,1,9,0,18,0,0,0,0,0,0,3,1,6,1,23,5,1248,2,6,10,1,10
2016133BL1455,1,9,0,18,0,1,0,0,0,0,4,1,6,2,47,8,1991,2,9,3,1,3
2016133BL1455,2,9,0,7,0,6,0,0,0,0,1,1,6,3,-1,-1,-1,-1,-1,-1,-1,-1
2016133BM0042,1,9,0,18,0,0,1,0,1,10,1,1,6,1,18,4,1390,1,4,8,1,8
2016133BM0216,1,21,1,18,0,4,0,0,0,0,3,1,1,1,-1,-1,12740,2,1,2,1,2
2016133BM0216,2,9,0,18,0,3,0,0,0,0,3,1,6,2,47,8,1598,2,3,10,2,10
2016133BM0223,1,19,0,18,0,8,0,0,0,0,1,1,1,1,20,4,2198,2,-1,4,1,4
2016133BM0223,2,8,0,6,0,8,0,0,0,0,3,1,1,1,58,9,1598,2,3,2,1,2
2016133BM0325,1,9,0,5,0,4,0,0,0,0,1,1,6,2,18,4,1242,1,2,8,1,8
2016133BM0572,1,9,0,18,0,0,0,0,0,0,1,1,6,1,-1,-1,-1,-1,-1,-1,-1,-1
2016133BM0624,1,9,0,9,0,1,0,0,0,0,1,1,6,1,-1,-1,-1,-1,-1,-1,-1,-1
2016133BM0681,1,9,0,5,0,1,0,0,0,0,1,1,6,2,-1,-1,-1,-1,-1,-1,-1,-1
2016133BM0681,2,22,0,18,0,1,0,0,0,0,4,1,6,1,48,8,-1,-1,-1,1,1,1
2016133BM0759,1,9,0,5,0,0,0,0,0,0,1,1,6,1,31,6,1598,1,10,2,1,2
2016133BM0826,1,9,0,9,0,8,0,0,0,0,1,1,6,3,-1,-1,-1,-1,-1,-1,-1,-1
2016133BM0872,1,9,0,18,0,0,0,0,0,0,3,1,6,1,18,4,1995,2,8,2,1,2
2016133BM0872,2,9,0,18,0,0,0,0,0,0,3,1,6,2,74,10,998,1,5,7,1,7
2016133BM0872,3,9,0,2,0,0,0,0,1,11,2,1,6,2,73,10,1461,2,1,-1,-1,-1
2016133BM0985,1,9,0,5,9,6,0,0,0,0,1,1,6,1,50,8,1997,2,2,9,1,9
2016133BM1064,1,9,0,9,0,5,0,0,0,0,1,1,6,2,59,9,1299,1,11,3,1,3
2016133BM1134,1,9,0,10,0,8,0,0,0,0,1,1,6,2,36,7,1360,1,10,7,1,7
2016133BM1134,2,9,0,18,0,8,0,0,0,0,2,1,6,2,50,8,1248,2,5,10,1,10
2016133BM1134,3,9,0,18,0,8,0,0,0,0,2,1,6,3,-1,-1,-1,-1,-1,-1,-1,-1
2016133BM1138,1,9,0,18,0,6,0,0,0,0,1,1,6,1,32,6,1596,1,10,10,1,10
2016133BM1243,1,9,0,16,0,0,5,0,1,11,1,1,2,1,63,9,1360,1,13,1,1,1
2016133BM1255,1,9,0,18,0,8,0,0,0,0,1,1,6,1,19,4,-1,-1,-1,4,1,4
2016133BM1255,2,9,0,4,0,8,0,0,0,0,2,1,6,1,31,6,1496,2,-1,8,1,8
2016133BM1321,1,9,0,9,0,8,0,0,0,0,4,1,6,1,30,6,1984,1,1,3,1,3
2016133BM1321,2,3,0,18,0,8,0,0,0,0,1,1,6,1,21,5,125,1,4,1,1,1
2016133BM1335,1,8,0,9,0,5,0,0,0,0,3,1,1,1,33,6,1598,2,4,1,1,1
2016133BM1335,2,5,0,14,0,8,0,0,0,0,1,1,2,1,39,7,599,1,18,6,1,6
2016133BM1428,1,9,0,18,0,8,0,0,0,0,1,1,6,1,21,5,1598,1,11,1,1,1
2016133BM1428,2,9,0,7,0,8,0,0,0,0,3,1,6,1,67,10,1246,1,10,9,1,9
2016133BM1725,1,9,0,9,0,8,0,0,0,0,1,1,1,1,27,6,998,1,8,5,1,5
2016133BM1737,1,19,0,18,0,1,0,0,0,0,1,1,1,2,28,6,2198,2,-1,3,1,3
2016133BM1737,2,9,0,9,0,1,0,0,0,0,1,1,6,2,61,9,1596,1,14,6,3,6
2016133BN0738,1,11,0,2,0,0,0,0,0,0,0,1,1,1,42,7,7300,2,14,2,1,2
2016133BN0799,1,9,0,9,0,5,0,0,0,0,3,1,6,2,49,8,1461,2,1,8,1,8
2016133BN0799,2,3,0,13,0,1,2,0,0,0,1,1,6,1,20,4,125,1,-1,10,1,10
2016133BN0822,1,9,0,18,0,2,0,0,0,0,4,1,6,1,36,7,2183,2,4,2,1,2
2016133BN0954,1,9,0,18,0,2,0,0,7,10,1,1,6,1,30,6,1496,2,-1,-1,-1,-1
2016133BN0954,2,9,0,18,0,2,0,0,0,0,3,1,6,1,65,9,1598,2,-1,-1,-1,-1
2016133BN0954,3,9,0,3,0,2,0,0,0,0,2,1,6,1,65,9,2231,2,6,-1,-1,-1
2016133BN0954,4,9,0,3,0,2,0,0,0,0,2,1,6,2,52,8,1461,2,3,-1,-1,-1
2016133BN0954,5,19,0,3,0,2,0,0,0,0,2,1,1,1,48,8,1995,2,2,-1,-1,-1
2016133BN1087,1,9,0,18,0,1,0,0,0,0,1,1,6,1,41,7,1794,1,9,2,1,2
2016133BN1087,2,9,0,18,0,6,0,0,0,0,4,1,6,1,30,6,2143,2,1,2,1,2
2016133BN1139,1,19,0,12,0,0,0,0,0,0,3,1,1,1,22,5,1248,2,-1,-1,-1,-1
2016133BN1139,2,9,0,18,0,0,0,0,1,11,3,1,6,2,45,7,1596,1,5,7,1,7
2016133BN1149,1,19,0,18,0,6,0,0,0,0,1,1,6,1,35,6,1560,2,1,-1,-1,-1
2016133BN1149,2,9,0,18,0,8,0,0,0,0,4,1,6,1,48,8,1968,2,4,5,1,5
2016133BN1227,1,9,0,18,0,1,0,0,0,0,1,1,6,1,33,6,1968,2,8,4,1,4
2016133BN1227,2,9,0,18,0,1,0,0,0,0,1,1,6,1,-1,-1,1799,1,18,-1,-1,-1
2016133BN1494,1,9,0,18,0,1,0,0,0,0,1,1,6,1,20,4,1197,1,1,8,2,8
2016133BN1494,2,9,0,3,0,1,0,0,0,0,2,1,6,2,28,6,1598,1,12,9,1,9
2016133BN1725,1,3,0,17,0,8,2,0,0,0,1,1,1,1,18,4,-1,-1,-1,1,1,1
2016133BN1725,2,9,0,16,0,8,0,0,0,0,1,1,1,1,41,7,1968,2,9,1,1,1
2016133BO0511,1,9,0,5,0,6,0,0,0,0,1,1,6,2,43,7,1997,1,12,-1,-1,-1
2016133BO0511,2,9,0,18,0,8,0,0,0,0,4,1,6,2,82,11,1799,1,9,-1,-1,-1
2016133BO0541,1,21,1,18,0,0,0,0,0,0,1,1,1,1,28,6,9200,2,15,6,3,6
2016133BO0541,2,9,0,4,0,0,0,0,0,0,2,1,6,2,30,6,1598,1,4,1,1,1
2016133BO0541,3,21,0,3,0,0,0,0,0,0,2,1,1,1,55,8,12777,2,5,2,1,2
2016133BO0619,1,9,3,18,0,0,4,0,1,10,3,1,6,2,69,10,2497,2,7,9,1,9
2016133BO0666,1,19,0,11,0,0,0,0,0,0,3,1,1,1,58,9,-1,-1,-1,5,1,5
2016133BO0666,2,9,0,18,0,0,0,0,0,6,4,1,1,2,29,6,1598,2,2,7,1,7
2016133BO0666,3,4,0,18,0,0,0,0,0,0,1,1,6,1,59,9,929,1,14,1,1,1
2016133BO0755,1,9,0,5,0,4,0,0,0,0,1,1,6,2,27,6,1598,2,2,2,1,2
2016133BO0755,2,9,0,4,0,4,0,0,0,0,2,1,6,2,46,8,999,1,-1,8,1,8
2016133BO1181,1,9,0,4,0,0,0,0,0,0,2,1,6,1,57,9,2993,2,5,7,1,7
2016133BO1181,2,9,0,4,0,0,0,0,0,0,2,1,1,1,60,9,1968,2,1,9,1,9
2016133BO1181,3,9,0,4,0,0,0,0,0,0,2,1,6,2,52,8,3456,8,6,10,1,10
2016133BO1181,4,19,0,4,0,0,1,0,0,0,1,1,1,1,24,5,2198,2,2,8,1,8
2016133BO1226,1,9,0,18,0,0,0,0,0,0,1,1,6,2,38,7,1598,1,10,1,1,1
2016133BO1297,1,9,0,9,0,6,0,0,0,0,1,1,6,2,40,7,1339,1,-1,-1,-1,-1
2016133BO1297,2,2,0,18,0,8,0,0,0,0,4,1,6,1,16,4,49,1,13,-1,-1,-1
2016133BO1351,1,9,0,9,0,5,0,0,0,0,1,1,6,2,34,6,1339,1,8,2,1,2
2016133BO1351,2,5,0,18,0,8,0,0,0,0,1,1,6,1,40,7,999,1,-1,7,2,7
2016133BO1399,1,19,0,9,0,0,0,0,0,0,4,1,6,1,58,9,2198,2,-1,5,2,5
2016133BO1399,2,4,0,18,0,0,0,0,0,0,1,1,6,1,19,4,124,1,8,5,1,5
2016133BP0227,1,9,0,13,0,0,0,0,0,0,1,1,1,1,50,8,1598,2,1,5,1,5
2016133BP0227,2,9,0,18,0,0,0,0,0,0,1,1,1,2,36,7,1229,1,9,1,1,1
2016133BP0293,1,2,0,17,0,0,1,4,0,0,1,1,2,1,19,4,595,1,12,6,2,6
2016133BP0293,2,9,0,2,0,0,0,0,0,0,1,1,6,3,-1,-1,998,1,14,-1,-1,-1
2016133BP0330,1,9,0,18,0,0,0,0,0,11,1,1,6,1,45,7,1461,2,2,3,1,3
2016133BP0330,2,19,0,5,0,0,0,0,0,0,0,1,6,1,-1,-1,2299,2,1,-1,-1,-1
2016133BP0335,1,9,0,10,0,6,0,0,0,0,0,1,6,2,30,6,1781,1,14,-1,-1,-1
2016133BP0335,2,4,0,18,0,1,0,0,0,0,3,1,2,1,47,8,200,1,7,-1,-1,-1
2016133BP0861,1,9,0,18,0,0,0,4,0,0,1,1,6,2,53,8,1975,1,11,1,1,1
2016133BP0861,2,9,0,2,0,0,0,0,0,0,3,1,6,1,-1,-1,998,1,14,-1,-1,-1
2016133BP0924,1,8,0,18,0,0,0,4,0,0,1,1,3,1,36,7,1995,2,4,4,1,4
2016133BP0924,2,9,0,2,0,0,0,0,0,0,2,1,6,1,37,7,1686,2,10,5,2,5
2016133BP0924,3,9,0,2,0,0,0,0,0,0,2,1,6,1,77,11,1242,1,6,5,3,5
2016133BP0938,1,9,0,18,0,0,0,0,0,0,3,1,6,1,44,7,2967,2,3,7,3,7
2016133BP0954,1,9,0,5,0,0,0,0,0,0,4,1,3,1,30,6,1398,1,11,1,1,1
2016133BP1040,1,9,0,9,0,8,0,0,0,0,1,1,6,2,45,7,2179,2,3,9,3,9
2016133BP1040,2,9,0,17,0,8,0,0,0,0,1,1,6,1,43,7,2982,2,5,-1,-1,-1
2016133BP1128,1,9,0,9,0,8,5,0,0,0,1,1,6,2,76,11,998,1,1,8,1,8
2016133BP1128,2,9,0,18,0,8,0,0,1,1,3,1,6,1,23,5,1968,2,10,3,1,3
2016133BP1244,1,9,0,9,0,8,0,0,0,0,1,1,6,2,35,6,1995,2,12,3,1,3
2016133BP1280,1,8,0,9,0,6,0,0,0,0,3,1,6,1,38,7,1896,2,7,4,1,4
2016133BP1354,1,9,0,18,0,1,0,0,0,0,1,1,6,2,34,6,1197,1,-1,6,1,6
2016133BP1354,2,9,0,10,0,1,0,0,7,0,2,1,6,1,50,8,-1,-1,-1,2,1,2
2016133BP1369,1,9,0,18,0,0,0,0,0,0,1,1,6,2,34,6,1781,1,14,2,1,2
2016133BP1408,1,9,0,3,0,0,1,0,1,0,3,1,6,2,22,5,1242,1,3,10,1,10
2016133BP1408,2,9,0,18,0,0,0,0,0,0,4,1,6,1,-1,-1,-1,-1,-1,-1,-1,-1
2016133BP1437,1,9,0,5,0,6,0,10,3,11,1,1,6,2,78,11,1390,1,14,5,1,5
2016133BP1437,2,9,0,2,0,1,0,0,0,0,4,1,6,3,-1,-1,1339,1,8,-1,-1,-1
2016133BP1437,3,9,0,2,0,1,0,0,0,0,3,1,6,3,-1,-1,998,1,5,-1,-1,-1
2016133BP1437,4,19,0,2,0,2,0,0,0,0,4,1,6,3,-1,-1,1686,2,7,-1,-1,-1
2016133BP1855,1,8,0,18,0,4,0,0,0,0,1,1,1,1,41,7,1968,2,4,1,1,1
2016133BP1855,2,1,0,18,0,4,0,0,0,0,4,1,6,1,23,5,-1,-1,-1,4,1,4
2016133BP1980,1,9,0,18,0,0,0,4,0,0,1,1,2,2,21,5,1461,2,7,4,1,4
2016133BP1980,2,9,0,2,0,0,0,0,0,0,2,1,1,1,35,6,1910,2,8,1,1,1
2016133BP1980,3,9,0,2,0,0,0,0,0,0,3,1,6,1,51,8,1461,2,7,8,1,8
2016133BP1980,4,9,0,2,0,0,0,0,0,0,2,1,6,1,37,7,1950,2,-1,1,1,1
2016133BQ0194,1,8,0,18,0,1,0,0,0,0,1,1,6,1,31,6,-1,-1,-1,-1,-1,-1
2016133BQ0750,1,9,0,1,0,0,0,0,0,0,2,1,6,1,55,8,1398,1,2,1,1,1
2016133BQ0874,1,9,0,18,0,0,0,0,0,0,1,1,6,1,25,5,1198,1,4,5,1,5
2016133BQ0874,2,1,0,18,0,0,0,0,0,0,2,1,6,1,50,8,-1,-1,-1,5,1,5
2016133BQ0961,1,9,0,18,0,0,0,0,0,0,4,1,6,1,49,8,2250,2,48,2,1,2
2016133BQ1071,1,9,0,18,0,0,0,0,0,0,1,1,6,2,27,6,1995,2,9,3,1,3
2016133BQ1071,2,9,0,4,0,0,0,0,0,0,2,1,6,2,49,8,1598,1,5,6,1,6
2016133BQ1295,1,9,0,18,0,0,0,0,1,0,1,1,6,1,-1,-1,-1,-1,-1,-1,-1,-1
2016133BQ1300,1,9,0,18,0,0,0,0,0,0,3,1,6,2,49,8,1363,2,12,7,1,7
2016133BQ1488,1,9,0,4,0,0,0,0,0,0,2,1,6,1,47,8,2967,2,3,7,1,7
2016133BQ1488,2,9,0,18,0,0,0,0,0,0,1,1,6,2,23,5,1360,1,12,2,1,2
2016133BQ1559,1,9,0,9,0,1,0,0,0,0,1,1,6,1,18,4,1798,1,4,2,1,2
2016133BQ1559,2,9,0,18,0,8,0,0,0,0,1,1,6,1,33,6,999,1,2,1,1,1
2016133BQ1709,1,9,0,18,0,8,0,0,0,0,1,1,6,1,26,6,1968,2,6,2,1,2
2016133BQ1709,2,9,0,9,0,8,0,0,2,3,2,1,6,1,30,6,1999,1,9,1,1,1
2016133BQ1921,1,9,0,13,0,8,2,0,0,0,3,1,6,1,34,6,1968,2,-1,4,1,4
2016133BQ1921,2,9,0,18,0,8,1,0,0,0,3,1,6,1,30,6,1229,1,5,1,1,1
2016133BQ1977,1,9,0,18,0,8,0,0,0,0,1,1,6,3,-1,-1,-1,-1,-1,-1,-1,-1
2016133BR0195,1,9,0,18,0,1,0,0,1,2,1,1,6,1,18,4,1149,1,13,1,1,1
2016133BR0195,2,9,0,18,0,1,0,0,0,0,0,1,1,1,37,7,2993,2,1,1,1,1
2016133BR0684,1,9,0,18,0,0,0,0,0,0,1,1,1,1,27,6,1598,1,11,-1,-1,-1
2016133BR0684,2,9,0,18,0,0,0,0,0,0,2,1,1,2,40,7,1896,2,11,-1,-1,-1
2016133BR0698,1,9,0,9,0,6,0,10,3,11,3,1,6,2,20,4,1596,1,14,-1,-1,-1
2016133BR0698,2,11,0,18,0,1,0,0,0,0,1,1,1,1,62,9,9360,2,7,-1,-1,-1
2016133BR0892,1,9,0,11,0,0,0,0,0,0,4,1,6,2,23,5,1248,2,9,5,1,5
2016133BR0892,2,9,0,12,0,0,5,0,1,7,3,1,6,1,29,6,1396,1,6,10,2,10
2016133BR1015,1,9,0,5,0,8,0,0,0,0,1,1,6,1,33,6,1597,1,26,3,1,3
2016133BR1015,2,9,0,18,0,1,0,0,0,0,1,1,6,1,27,6,2198,2,3,8,2,8
2016133BR1467,1,9,0,10,0,8,0,0,0,11,2,1,6,1,22,5,1950,2,-1,1,1,1
2016133BS0240,1,9,0,18,0,0,0,0,0,0,4,1,6,1,-1,-1,-1,-1,-1,-1,-1,-1
2016133BS0556,1,9,0,18,0,0,0,0,0,0,1,1,1,1,22,5,-1,-1,-1,-1,-1,-1
2016133BS0556,2,9,0,4,0,0,0,0,0,0,2,1,6,1,32,6,1600,2,7,-1,-1,-1
2016133BS0556,3,9,0,3,0,0,0,0,0,0,2,1,6,1,92,11,1242,1,3,-1,-1,-1
2016133BS0556,4,19,0,3,0,0,0,0,0,0,2,1,1,1,30,6,1560,2,1,-1,-1,-1
2016133BS0594,1,11,0,18,0,0,0,0,0,0,1,1,1,1,39,7,7300,2,12,1,1,1
2016133BS0604,1,9,0,18,0,0,0,0,0,0,0,1,6,3,-1,-1,-1,-1,-1,-1,-1,-1
2016133BS0640,1,9,0,9,0,5,0,0,0,0,1,1,6,1,-1,-1,-1,-1,-1,-1,-1,-1
2016133BS0640,2,1,0,18,0,1,0,0,0,0,3,1,6,1,41,7,-1,-1,-1,2,1,2
2016133BS0839,1,19,0,18,0,0,0,0,0,2,4,1,1,1,59,9,2287,2,2,2,1,2
2016133BS0839,2,5,0,3,0,0,0,0,0,0,3,1,6,1,61,9,647,1,18,2,1,2
2016133BS0839,3,11,0,3,0,0,0,0,0,0,3,1,1,1,37,7,5132,2,1,2,1,2
2016133BS0991,1,9,0,18,0,0,0,0,0,0,2,1,6,2,81,11,1328,1,7,6,3,6
2016133BS0991,2,9,0,18,0,0,0,0,0,0,1,1,6,1,40,7,998,1,16,4,1,4
2016133BS1179,1,8,0,18,0,8,0,0,0,0,4,1,1,1,49,8,1968,2,5,1,1,1
2016133BS1390,1,9,0,9,0,8,1,0,0,0,3,1,6,1,24,5,998,1,5,5,1,5
2016133BS1390,2,9,0,18,0,1,1,0,0,0,1,1,6,2,26,6,1200,1,-1,9,1,9
2016133BS1530,1,8,0,9,0,5,0,0,0,0,1,1,6,2,62,9,1598,1,9,8,1,8
2016133BS1530,2,5,0,18,0,2,0,0,0,0,1,1,6,1,24,5,998,1,15,5,2,5