Accident_Index,Vehicle_Reference,Vehicle_Type,Towing_and_Articulation,Vehicle_Manoeuvre,Vehicle_Location-Restricted_Lane,Junction_Location,Skidding_and_Overturning,Hit_Object_in_Carriageway,Vehicle_Leaving_Carriageway,Hit_Object_off_Carriageway,1st_Point_of_Impact,Was_Vehicle_Left_Hand_Drive?,Journey_Purpose_of_Driver,Sex_of_Driver,Age_of_Driver,Age_Band_of_Driver,Engine_Capacity_(CC),Propulsion_Code,Age_of_Vehicle,Driver_IMD_Decile,Driver_Home_Area_Type,Vehicle_IMD_Decile
2016133BT0022,1,9,0,15,0,1,0,0,0,0,4,1,6,1,33,6,999,1,16,1,1,1
2016133BT0022,2,9,0,9,0,1,0,0,0,0,3,1,6,1,52,8,1299,1,13,1,1,1
2016133BT0170,1,21,0,7,0,6,0,0,0,0,1,1,1,1,59,9,4500,2,-1,2,1,2
2016133BT0205,1,9,0,14,0,2,0,0,0,0,4,1,6,1,58,9,1229,1,2,1,1,1
2016133BT0210,1,9,0,18,0,1,0,0,0,0,2,1,6,2,31,6,1596,1,14,-1,-1,-1
2016133BT0210,2,9,0,6,8,8,0,0,0,0,0,1,6,3,-1,-1,-1,-1,-1,-1,-1,-1
2016133BT0210,3,9,0,18,0,1,0,0,0,0,1,1,6,1,-1,-1,1999,1,-1,1,1,1
2016133BT0231,1,9,0,13,0,0,0,0,0,0,4,1,2,2,40,7,1398,1,4,5,1,5
2016133BT0231,2,1,0,18,0,0,5,0,0,0,3,1,6,1,54,8,-1,-1,-1,1,1,1
2016133BT0269,1,9,0,13,0,0,0,0,0,0,4,1,1,1,37,7,2494,2,5,4,1,4
2016133BT0269,2,1,0,18,0,0,2,0,0,0,3,1,6,1,48,8,-1,-1,-1,9,1,9
2016133BT0289,1,17,0,2,0,0,0,0,0,0,2,1,1,1,52,8,-1,-1,-1,5,2,5
2016133BT0289,2,9,0,18,0,0,0,0,0,0,1,1,6,1,56,9,1596,1,15,6,1,6
2016133BT0343,1,8,0,18,0,5,0,0,0,0,1,1,2,1,32,6,1998,2,8,4,1,4
2016133BT0417,1,9,0,18,0,0,1,0,0,0,1,1,6,2,22,5,1686,2,6,8,3,8
2016133BT0563,1,9,0,18,0,8,0,0,0,0,4,1,1,2,41,7,1242,1,1,1,1,1
2016133BT0563,2,9,0,18,0,1,0,0,0,0,1,1,6,1,59,9,1796,1,12,1,1,1
2016133BT0603,1,9,0,18,0,0,0,0,0,0,2,1,6,1,46,8,998,1,4,1,1,1
2016133BT0603,2,9,0,18,0,0,0,0,0,0,1,1,6,1,18,4,1896,2,7,2,1,2
2016133BT0753,1,9,0,18,0,8,1,0,0,0,1,1,1,1,56,9,1995,2,13,-1,1,-1
2016133BT0753,2,19,0,18,0,6,2,0,0,0,4,1,6,1,48,8,2143,2,1,1,1,1
2016133BT0779,1,9,0,18,0,0,5,7,0,0,1,1,6,1,87,11,1299,1,15,9,3,9
2016133BT0853,1,90,0,18,0,0,0,0,0,0,4,1,6,1,57,9,1968,2,5,6,3,6
2016133BT0964,1,9,0,18,0,0,0,0,0,0,1,1,6,1,81,11,1997,1,2,8,1,8
2016133BT0964,2,9,0,4,0,0,0,0,0,0,2,1,1,1,38,7,1968,2,2,6,1,6
2016133BT0968,1,9,0,18,0,2,0,0,0,0,1,1,6,1,23,5,1781,1,12,3,1,3
2016133BT0968,2,19,0,18,0,2,0,0,0,0,2,1,6,1,48,8,2298,2,1,5,1,5
2016133BT0968,3,19,0,18,0,2,0,0,0,0,2,1,6,1,40,7,1995,2,3,7,1,7
2016133BT0971,1,9,0,7,0,6,0,0,0,0,0,1,1,2,32,6,1998,2,11,4,1,4
2016133BT0971,2,9,0,18,0,1,0,0,0,0,0,1,1,1,-1,-1,1968,2,5,-1,-1,-1
2016133BT1030,1,9,0,18,0,1,0,0,0,0,1,1,6,2,39,7,1598,2,1,7,1,7
2016133BT1030,2,9,0,3,0,1,0,0,0,0,2,1,6,1,42,7,1596,1,11,3,1,3
2016133BT1093,1,9,0,18,0,0,0,0,0,0,1,1,6,2,24,5,1086,1,12,5,1,5
2016133BT1240,1,9,0,18,0,4,0,0,0,0,1,1,6,1,22,5,2198,2,10,5,1,5
2016133BT1240,2,9,0,9,0,4,0,0,0,0,3,1,6,2,38,7,1997,2,-1,6,2,6
2016133BT1288,1,9,0,18,0,0,0,0,0,0,1,1,6,2,45,7,999,1,-1,-1,-1,-1
2016133BT1288,2,3,0,18,0,0,0,0,0,0,4,1,6,1,25,5,124,1,1,-1,-1,-1
2016133BT1353,1,9,0,4,0,0,0,0,0,0,2,1,6,2,45,7,1461,2,5,3,1,3
2016133BT1353,2,9,0,4,0,0,0,0,0,0,1,1,6,2,31,6,1910,2,10,1,1,1
2016133BT1354,1,9,0,1,0,0,0,0,0,0,2,1,6,1,24,5,1984,1,8,6,2,6
2016133BT1430,1,9,0,18,0,1,2,7,7,0,1,1,6,1,26,6,2616,1,12,-1,-1,-1
2016133BT1535,1,9,0,18,0,6,0,0,0,0,1,1,6,3,-1,-1,-1,-1,-1,-1,-1,-1
2016133BT1535,2,9,0,18,0,8,0,0,0,0,4,1,6,1,22,5,1598,1,11,2,1,2
2016133BT1567,1,4,0,18,0,1,1,0,0,0,1,1,6,1,18,4,-1,-1,-1,5,2,5
2016133BU0182,1,9,0,9,0,8,0,0,0,0,4,1,2,2,36,7,1951,2,11,1,1,1
2016133BU0182,2,2,0,18,0,1,0,0,0,0,1,1,2,1,20,4,49,1,14,1,1,1
2016133BU0186,1,8,0,18,0,5,0,0,0,0,4,1,1,1,38,7,1560,2,7,1,1,1
2016133BU0462,1,9,0,18,0,1,0,0,0,0,3,1,6,2,36,7,1390,1,14,1,1,1
2016133BU0462,2,4,0,9,0,1,0,0,0,0,1,1,6,2,32,6,124,1,9,2,1,2
2016133BU0555,1,9,0,18,0,0,0,0,0,0,1,1,6,2,62,9,996,1,2,4,2,4
2016133BU0564,1,9,0,18,0,0,0,0,0,0,0,1,6,3,-1,-1,-1,-1,-1,-1,-1,-1
2016133BU0602,1,9,0,18,0,0,0,0,0,0,2,1,6,2,26,6,1896,2,9,1,1,1
2016133BU0602,2,9,0,18,0,0,0,0,0,0,1,1,6,2,63,9,1360,1,14,1,1,1
2016133BU0602,3,9,0,18,0,0,0,0,0,0,1,1,6,1,24,5,1968,2,9,1,1,1
2016133BU0733,1,21,0,18,0,0,1,0,0,0,1,1,1,1,30,6,12740,2,1,2,1,2
2016133BU0733,2,19,0,18,0,0,0,0,7,0,2,1,6,1,66,10,-1,-1,-1,7,3,7
2016133BU1088,1,9,0,18,0,0,0,0,0,0,1,1,1,1,45,7,1997,2,5,7,1,7
2016133BU1088,2,19,0,4,0,0,0,0,0,0,2,1,1,1,39,7,1968,2,2,2,1,2
2016133BU1088,3,9,0,4,0,0,0,0,0,0,2,1,6,2,66,10,1397,1,8,5,1,5
2016133BU1231,1,9,0,18,0,0,1,0,0,0,1,1,2,1,32,6,1968,2,7,8,1,8
2016133BU1231,2,9,0,18,0,0,0,0,0,0,2,1,6,2,60,9,1499,2,-1,1,1,1
2016133BU1231,3,9,0,18,0,0,0,0,0,0,2,1,2,1,47,8,1496,2,1,9,1,9
2016133BU1267,1,9,0,18,0,0,0,0,0,0,1,1,6,2,30,6,1781,1,23,-1,-1,-1
2016133BU1372,1,9,0,3,0,1,0,0,0,0,2,1,6,1,49,8,1896,2,8,8,1,8
2016133BU1372,2,9,0,18,0,1,0,0,0,0,1,1,6,2,32,6,1242,1,10,8,1,8
2016133BU1379,1,20,5,18,0,0,1,2,0,7,4,1,1,1,46,8,2800,2,13,2,1,2
2016133BU1379,2,9,0,18,0,0,0,0,0,0,1,1,6,2,32,6,1900,2,11,6,3,6
2016133BU1398,1,21,1,7,0,8,1,0,0,0,3,1,1,1,26,6,12777,2,7,4,1,4
2016133BU1398,2,9,0,3,0,8,0,0,0,0,2,1,6,1,51,8,1596,1,8,3,1,3
2016133BU1398,3,9,0,3,0,8,0,0,0,0,2,1,6,1,-1,-1,1499,2,3,-1,-1,-1
2016133BU1531,1,9,0,4,0,0,0,0,0,0,1,1,6,1,36,7,1242,1,14,4,1,4
2016133BU1531,2,9,0,4,0,0,0,0,0,0,1,1,6,2,28,6,1560,2,2,8,3,8
2016133BU1531,3,19,0,4,0,0,0,0,0,0,2,1,6,1,26,6,1998,2,15,1,3,1
2016133C10121,1,9,0,18,0,0,1,0,8,6,1,1,2,2,53,8,1999,1,13,1,1,1
2016133C10207,1,9,0,18,0,0,0,0,0,0,1,1,1,1,19,4,-1,-1,-1,10,1,10
2016133C10207,2,9,0,4,0,0,0,0,0,0,2,1,6,3,-1,-1,-1,-1,-1,-1,-1,-1
2016133C10264,1,9,0,18,0,0,0,0,0,0,1,1,6,1,77,11,1398,1,1,1,1,1
2016133C10264,2,9,0,18,0,0,0,0,0,0,1,1,6,1,33,6,1396,1,12,2,1,2
2016133C10336,1,9,0,4,0,0,0,0,0,0,1,1,6,1,58,9,1896,2,13,4,1,4
2016133C10336,2,9,0,3,0,0,0,0,0,0,2,1,6,1,57,9,1794,1,15,-1,-1,-1
2016133C10459,1,8,0,18,0,0,1,0,7,11,1,1,6,2,57,9,1598,2,1,8,1,8
2016133C10461,1,11,0,18,0,0,0,0,1,0,4,1,1,1,55,8,4461,2,2,4,1,4
2016133C10567,1,9,0,9,0,8,0,0,0,0,1,1,1,1,38,7,1248,2,4,1,1,1
2016133C10567,2,9,0,18,0,8,0,0,0,0,1,1,6,1,39,7,1910,2,8,7,1,7
2016133C10571,1,9,0,14,0,0,0,0,7,0,1,1,6,2,88,11,1229,1,4,7,1,7
2016133C10571,2,9,0,2,0,0,0,0,0,0,2,1,6,2,43,7,1198,1,9,7,1,7
2016133C10716,1,9,0,10,0,1,0,0,0,0,2,1,6,2,50,8,1242,1,1,1,1,1
2016133C10716,2,9,0,18,0,1,0,0,0,0,2,1,6,1,55,8,1461,2,-1,-1,-1,-1
2016133C10716,3,9,0,18,0,1,0,0,0,0,1,1,6,2,60,9,1598,1,2,2,1,2
2016133C10734,1,9,0,9,0,8,0,0,0,0,3,1,6,1,58,9,-1,-1,-1,8,3,8
2016133C10734,2,1,0,18,0,1,0,0,0,0,1,1,6,1,36,7,-1,-1,-1,2,1,2
2016133C10826,1,8,0,18,0,0,0,0,0,0,1,1,1,1,49,8,1995,2,4,-1,-1,-1
2016133C10826,2,11,0,3,0,0,0,0,0,0,0,1,1,1,-1,-1,-1,-1,-1,-1,-1,-1
2016133C11000,1,19,0,18,0,3,0,0,0,0,4,1,6,1,60,9,1499,2,-1,10,1,10
2016133C11000,2,9,0,18,0,3,0,0,0,0,4,1,6,2,22,5,999,1,10,1,1,1
2016133C11058,1,9,0,4,0,8,0,0,0,0,2,1,6,2,36,7,1590,1,15,1,1,1
2016133C11058,2,9,0,18,0,8,0,0,0,0,1,1,6,2,23,5,1984,1,11,1,1,1
2016133C11127,1,9,0,18,0,8,0,0,0,0,1,1,6,1,39,7,1984,1,1,5,1,5
2016133C11127,2,9,0,9,0,8,0,0,0,0,4,1,6,1,29,6,1686,2,13,5,1,5
2016133C11158,1,9,0,18,0,0,0,0,0,0,1,1,6,1,88,11,998,1,1,8,1,8
2016133C11158,2,9,0,3,0,0,0,0,0,0,2,1,6,1,23,5,1596,1,12,3,1,3
2016133C11158,3,9,0,3,0,0,0,0,0,0,2,1,6,1,53,8,1560,2,3,6,1,6
2016133C11158,4,19,0,3,0,0,0,0,0,0,3,1,1,1,42,7,2464,2,8,-1,-1,-1
2016133C11170,1,1,0,18,0,8,0,0,0,1,1,1,6,1,14,3,-1,-1,-1,3,1,3
2016133C11269,1,9,0,18,0,0,0,0,0,0,1,1,6,2,70,10,1299,1,9,10,1,10
2016133C11269,2,9,0,2,0,0,0,0,0,0,1,1,6,3,-1,-1,1598,2,5,-1,-1,-1
2016133C11303,1,8,0,18,0,0,0,0,0,0,1,1,1,1,37,7,1995,2,4,1,1,1
2016133C11303,2,20,0,2,0,0,0,0,0,0,2,1,1,1,58,9,6700,2,1,1,1,1
2016133C11311,1,9,0,1,0,0,0,0,0,0,2,1,6,2,32,6,1968,2,5,3,3,3
2016133C11443,1,9,0,18,0,1,0,0,0,0,4,1,6,1,36,7,1984,2,3,6,3,6
2016133C11780,1,9,0,18,0,0,0,0,0,0,2,1,6,3,-1,-1,2198,2,1,-1,-1,-1
2016133C11780,2,9,0,4,0,0,0,0,0,0,1,1,6,1,24,5,1229,1,7,10,1,10
2016133C20081,1,21,0,12,0,0,0,0,0,0,3,1,1,1,-1,-1,2953,2,12,-1,-1,-1
2016133C20081,2,9,0,18,0,0,0,0,4,7,4,1,6,1,37,7,1400,1,11,5,2,5
2016133C20271,1,9,0,18,0,0,0,0,0,0,1,1,2,1,49,8,1587,1,8,6,1,6
2016133C20271,2,9,0,5,0,0,1,0,2,0,1,1,6,1,20,4,1490,1,12,5,1,5
2016133C20419,1,9,0,1,0,8,0,0,0,0,2,1,6,1,68,10,1248,2,5,-1,-1,-1
2016133C20483,1,19,0,5,0,8,0,0,0,0,1,1,1,1,41,7,1598,2,1,6,1,6
2016133C20483,2,9,0,18,0,8,0,10,0,0,1,1,6,1,29,6,1339,1,11,6,1,6
2016133C20550,1,9,0,1,0,0,0,0,0,0,2,1,6,1,45,7,1896,2,11,5,1,5
2016133C20550,2,1,0,18,0,0,0,0,0,0,1,1,6,1,34,6,-1,-1,-1,10,1,10
2016133C20633,1,9,0,18,0,0,0,0,0,0,4,1,6,2,36,7,1998,1,14,3,1,3
2016133C20650,1,9,0,1,0,0,0,0,0,0,2,1,6,2,29,6,1497,8,8,1,1,1
2016133C20650,2,9,0,2,0,0,0,0,0,0,2,1,6,3,-1,-1,1596,1,10,1,1,1
2016133C20650,3,9,0,2,0,0,0,0,0,0,2,1,6,3,-1,-1,1461,2,-1,1,1,1
2016133C20863,1,9,0,18,0,0,0,0,0,0,1,1,6,3,-1,-1,2993,2,3,-1,-1,-1
2016133C20873,1,11,0,2,6,0,0,0,0,0,0,1,1,1,35,6,2143,2,1,1,1,1
2016133C20895,1,9,0,18,0,0,0,0,0,0,4,1,6,3,-1,-1,-1,-1,-1,-1,-1,-1
2016133C21001,1,9,0,18,0,0,0,0,0,0,2,1,6,1,43,7,1598,1,15,-1,-1,-1
2016133C21001,2,10,0,18,0,0,0,0,0,0,1,1,1,1,63,9,-1,-1,-1,-1,-1,-1
2016133C21124,1,9,0,10,0,4,0,0,0,0,4,1,6,1,56,9,1596,1,5,9,2,9
2016133C21124,2,4,0,18,0,4,0,0,0,0,3,1,6,1,41,7,124,1,10,2,1,2
2016133C21495,1,11,0,18,8,0,0,0,0,0,0,1,1,1,53,8,-1,-1,-1,1,1,1
2016133C21500,1,9,0,9,0,2,0,0,0,0,3,1,6,1,24,5,2497,1,14,4,2,4
2016133C21500,2,3,0,18,0,1,0,0,0,0,1,1,6,1,17,4,124,1,9,5,1,5
2016133C21671,1,5,0,4,0,4,1,0,0,0,3,1,2,1,49,8,645,1,3,6,1,6
2016133C21728,1,9,0,18,0,8,0,0,0,0,1,1,1,1,35,6,1896,2,12,-1,-1,-1
2016133C30010,1,9,0,18,0,8,0,0,0,0,1,1,6,1,21,5,1796,1,10,1,1,1
2016133C30041,1,9,0,18,0,0,0,2,5,6,1,1,6,1,30,6,1229,1,7,2,1,2
2016133C30041,2,9,0,13,0,0,0,2,5,6,2,1,6,1,21,5,973,1,13,1,1,1
2016133C30405,1,4,0,18,0,1,5,0,0,0,1,1,1,1,48,8,800,1,21,2,1,2
2016133C30405,2,9,0,9,0,6,0,0,0,0,3,1,6,1,70,10,1753,2,13,1,1,1
2016133C30458,1,8,0,17,0,0,2,0,7,9,1,1,1,1,38,7,1598,2,4,2,1,2
2016133C31059,1,9,0,9,0,0,0,0,0,0,0,1,6,3,-1,-1,1360,1,4,-1,-1,-1
2016133C31059,2,1,0,18,0,0,0,0,1,10,1,1,6,1,42,7,-1,-1,-1,7,1,7
2016133C31119,1,9,0,9,0,4,0,0,0,0,1,1,6,2,34,6,1349,1,4,6,1,6
2016133C31119,2,9,0,18,0,8,0,0,0,0,4,1,6,2,58,9,1360,1,15,6,3,6
2016133C31119,3,9,0,18,0,8,0,0,0,0,3,1,6,1,29,6,1998,2,11,9,1,9
2016133C31145,1,9,0,10,0,0,0,0,0,0,2,1,6,1,32,6,1362,1,3,6,1,6
2016133C31145,2,9,0,18,0,0,0,0,0,0,1,1,6,1,87,11,1299,1,14,9,1,9
2016133C31350,1,9,0,9,0,1,0,0,0,0,1,1,6,1,49,8,1596,1,11,2,1,2
2016133C31547,1,9,0,18,0,0,0,0,0,0,1,1,1,2,23,5,1299,1,11,9,1,9
2016133C31547,2,9,0,18,0,0,0,0,0,0,4,1,6,1,31,6,1968,2,6,2,1,2
2016133C31547,3,9,0,18,0,0,0,0,0,0,2,1,6,2,21,5,2268,2,2,1,1,1
2016133C31547,4,19,0,2,0,0,0,0,0,0,3,1,1,1,51,8,1968,2,1,-1,-1,-1
2016133C31947,1,8,0,5,0,0,0,0,0,0,1,1,1,1,47,8,1968,2,4,7,1,7
2016133C40351,1,9,0,18,0,0,1,0,0,0,1,1,6,3,-1,-1,1984,7,13,-1,-1,-1
2016133C40351,2,8,0,18,0,0,0,0,0,0,1,1,1,1,41,7,1686,2,7,10,1,10
2016133C40351,3,9,0,18,0,0,0,0,0,0,1,1,6,1,27,6,998,1,17,2,1,2
2016133C40351,4,90,0,18,0,0,0,0,0,0,0,1,6,1,-1,-1,-1,-1,-1,-1,-1,-1
2016133C40479,1,9,0,18,0,0,0,0,7,11,1,1,6,1,-1,-1,1395,1,1,-1,-1,-1
2016133C40479,2,9,0,10,0,0,0,0,0,0,2,1,2,1,55,8,1061,1,11,6,1,6
2016133C40576,1,11,0,18,0,8,0,0,0,0,1,1,1,1,48,8,2198,2,5,8,1,8
2016133C40576,2,9,0,18,0,8,0,0,0,0,1,1,6,1,51,8,1598,1,12,2,2,2
2016133C40670,1,9,0,9,0,8,0,0,7,11,4,1,6,1,34,6,2000,2,7,7,1,7
2016133C40670,2,9,0,18,0,8,0,0,0,0,1,1,6,1,31,6,2204,2,6,3,1,3
2016133C40691,1,9,0,18,0,0,1,10,0,0,4,1,6,1,26,6,1999,1,9,6,1,6
2016133C40691,2,19,0,2,0,0,0,0,0,0,0,1,6,3,-1,-1,2402,2,9,-1,-1,-1
2016133C40794,1,9,0,18,0,4,0,0,0,0,1,1,6,1,62,9,1332,1,11,1,1,1
2016133C40794,2,9,0,18,0,4,0,0,0,0,4,1,6,2,51,8,1596,1,14,3,1,3
2016133C40801,1,9,0,18,0,0,0,0,1,0,1,1,6,2,23,5,1395,1,-1,8,1,8
2016133C40801,2,9,0,18,0,0,0,0,1,0,1,1,6,2,50,8,2664,2,17,8,1,8
2016133C40860,1,9,0,17,0,0,0,0,1,3,1,1,6,1,80,11,1339,1,7,5,1,5
2016133C40865,1,9,0,18,0,1,0,0,0,0,1,1,6,1,34,6,1895,1,15,1,1,1
2016133C40865,2,9,0,9,0,5,0,0,0,0,2,1,6,1,47,8,1896,2,11,1,1,1
2016133C40941,1,9,0,18,0,0,0,0,0,0,1,1,6,1,40,7,2179,2,5,1,1,1
2016133C41053,1,19,0,7,0,1,0,0,0,0,1,1,6,1,28,6,2402,2,12,1,1,1
2016133C41053,2,9,0,10,0,1,0,0,0,0,2,1,6,2,25,5,1999,1,9,1,1,1
2016133C41203,1,9,0,7,0,6,0,0,0,0,1,1,6,1,24,5,1000,1,3,9,1,9
2016133C41203,2,9,0,18,0,8,0,0,1,11,4,1,6,2,25,5,1560,2,6,10,1,10
2016133C41220,1,9,0,7,0,3,0,0,0,0,3,1,6,2,30,6,1799,1,10,7,1,7
2016133C41220,2,9,0,7,0,8,0,0,0,0,4,1,6,2,57,9,1398,2,4,-1,-1,-1
2016133C41292,1,9,0,18,0,8,0,0,0,0,1,1,6,3,-1,-1,-1,-1,-1,-1,-1,-1
2016133C41498,1,9,0,18,0,0,1,0,1,4,1,1,6,1,22,5,998,1,6,9,1,9
2016133C50012,1,19,0,18,0,0,0,0,1,11,1,1,6,1,36,7,1700,2,16,1,1,1
2016133C50539,1,9,0,18,0,0,0,0,0,0,1,1,1,1,39,7,-1,-1,-1,1,1,1
2016133C50539,2,9,0,6,0,0,0,0,0,0,1,1,1,1,38,7,1497,8,-1,10,1,10
2016133C50563,1,9,0,18,0,8,0,0,0,0,4,1,6,2,57,9,-1,-1,-1,4,2,4
2016133C50563,2,9,0,18,0,8,0,0,0,0,1,1,6,1,-1,-1,1968,2,7,-1,-1,-1
2016133C50679,1,9,0,14,0,1,0,0,0,0,3,1,6,2,30,6,1968,2,7,1,1,1
2016133C50679,2,19,0,16,0,3,0,0,0,0,3,1,1,1,49,8,1968,2,2,2,1,2
2016133C50864,1,9,4,18,0,0,0,0,0,0,2,1,6,3,-1,-1,-1,-1,-1,-1,-1,-1
2016133C50864,2,2,0,18,0,0,5,0,0,0,1,1,6,1,18,4,125,1,8,3,1,3
2016133C50993,1,21,1,9,0,5,0,0,0,0,2,1,6,3,-1,-1,-1,-1,-1,-1,-1,-1
2016133C50993,2,11,0,18,0,8,0,0,0,0,3,1,1,1,69,10,7300,2,10,7,1,7
2016133C51045,1,21,0,11,0,0,0,0,0,0,4,1,1,1,52,8,7284,2,16,-1,-1,-1
2016133C51045,2,9,0,18,0,0,0,0,0,0,3,1,6,2,53,8,1360,1,12,9,2,9
2016133C51057,1,9,0,18,0,8,0,0,0,0,1,1,6,1,53,8,1598,1,11,3,1,3
2016133C51057,2,9,0,9,0,8,0,0,0,0,4,1,6,1,21,5,-1,-1,-1,1,1,1
2016133C51066,1,9,0,9,0,2,0,0,0,0,3,1,2,2,59,9,1198,1,3,9,1,9
2016133C51066,2,1,0,18,0,1,0,0,0,0,1,1,2,1,46,8,-1,-1,-1,10,1,10
2016133C60203,1,1,0,18,0,0,0,0,0,0,1,1,2,1,29,6,-1,-1,-1,9,1,9
2016133C60203,2,9,0,2,0,0,0,0,0,0,2,1,6,3,-1,-1,1598,2,-1,-1,-1,-1
2016133C60227,1,9,0,18,0,0,0,0,0,0,1,1,2,2,24,5,1598,2,1,3,1,3
2016133C60227,2,9,0,4,0,0,0,0,0,0,2,1,6,2,50,8,1600,2,7,9,1,9
2016133C60453,1,5,0,7,0,8,0,0,0,0,1,1,6,2,63,9,645,1,7,9,1,9
2016133C60453,2,20,0,8,0,1,0,0,0,0,4,1,1,1,26,6,5880,2,13,3,1,3
2016133C60525,1,3,0,16,0,0,5,7,0,0,3,1,2,1,30,6,125,1,6,1,1,1
2016133C60631,1,3,0,18,0,1,1,0,0,0,4,1,6,1,17,4,125,1,-1,8,2,8
2016133C60720,1,1,0,18,0,0,0,0,0,0,1,1,6,1,46,8,-1,-1,-1,8,1,8
2016133C60720,2,9,0,18,0,0,0,0,0,0,1,1,6,1,-1,-1,-1,-1,-1,-1,-1,-1
2016133C60720,3,8,0,18,0,0,0,0,0,0,0,1,6,3,-1,-1,-1,-1,-1,-1,-1,-1
2016133C60758,1,9,0,14,0,0,0,0,0,0,4,1,6,1,43,7,-1,-1,-1,5,1,5
2016133C60820,1,9,0,4,0,0,0,0,0,0,1,1,6,2,-1,-1,-1,-1,-1,-1,-1,-1
2016133C60844,1,20,0,18,0,0,0,0,0,0,4,1,1,1,51,8,2402,2,10,9,1,9
2016133C60890,1,9,0,14,0,0,0,0,0,0,4,1,6,1,76,11,2298,1,19,1,1,1
2016133C60890,2,9,0,2,0,0,0,0,0,0,3,1,6,2,61,9,1560,2,3,2,1,2
2016133C61005,1,9,0,18,0,1,0,0,0,0,2,1,6,1,38,7,2204,2,9,9,1,9
2016133C61005,2,3,0,18,0,1,5,0,0,0,1,1,6,1,25,5,124,1,5,4,1,4
2016133C61154,1,9,0,10,0,8,0,0,0,0,3,1,2,2,29,6,998,1,3,10,1,10
2016133C61154,2,3,0,18,0,8,0,0,0,0,1,1,2,1,33,6,125,1,-1,3,1,3
2016133C70200,1,9,0,18,0,0,0,0,0,0,1,1,6,1,56,9,1796,1,11,2,1,2
2016133C70212,1,9,0,18,0,6,0,0,0,0,1,1,6,1,55,8,1598,1,8,8,1,8
2016133C70212,2,3,0,18,0,8,0,0,0,0,4,1,2,1,41,7,124,1,10,1,1,1
2016133C70241,1,19,0,18,0,4,0,0,0,0,1,1,2,2,-1,-1,1248,2,9,-1,-1,-1
2016133C70241,2,9,0,18,0,8,0,10,1,0,4,1,2,2,42,7,1584,1,10,1,1,1
2016133C70262,1,9,0,9,0,5,0,0,0,0,3,1,2,1,50,8,1364,1,2,-1,-1,-1
2016133C70299,1,9,0,4,0,1,0,0,0,0,2,1,6,2,51,8,2198,1,9,6,3,6
2016133C70299,2,9,0,4,0,1,0,0,0,0,1,1,6,2,67,10,1300,2,9,1,1,1
2016133C70300,1,8,0,18,0,2,0,0,0,0,1,1,1,1,53,8,1998,2,7,5,1,5
2016133C70300,2,9,0,18,0,2,0,0,0,0,2,1,6,2,25,5,1341,1,11,5,1,5
2016133C70383,1,9,0,7,0,5,0,0,0,0,4,1,6,1,-1,-1,-1,-1,-1,-1,-1,-1
2016133C70383,2,1,0,18,5,6,0,0,0,0,3,1,4,1,7,2,-1,-1,-1,-1,-1,-1
2016133C70422,1,1,0,9,0,0,0,0,0,0,3,1,2,1,17,4,-1,-1,-1,-1,-1,-1
2016133C70422,2,9,0,18,0,0,0,0,0,0,1,1,2,1,40,7,1686,2,6,-1,-1,-1
2016133C70566,1,21,1,12,0,0,0,0,0,0,0,1,1,1,60,9,10837,2,1,9,2,9
2016133C70566,2,9,0,12,0,0,0,0,4,6,3,1,6,2,28,6,1560,2,5,2,1,2
2016133C70566,3,9,0,18,0,0,1,0,4,6,4,1,6,1,19,4,1242,1,6,9,1,9
2016133C70713,1,9,0,5,0,0,0,0,0,0,1,1,6,2,48,8,1389,1,19,7,1,7
2016133C70713,2,9,0,18,0,0,0,0,0,0,1,1,1,1,42,7,1968,2,6,4,1,4
2016133C70733,1,9,0,9,0,6,0,0,1,7,1,1,6,1,84,11,1399,1,5,10,2,10
2016133C70742,1,21,0,18,0,1,1,0,0,0,1,1,1,1,44,7,-1,-1,-1,-1,-1,-1
2016133C70742,2,8,0,18,0,1,0,0,0,0,2,1,1,1,60,9,1896,2,6,-1,-1,-1
2016133C70742,3,9,0,18,0,1,1,10,4,6,4,1,6,1,55,8,1686,2,13,-1,-1,-1
2016133C70742,4,19,0,3,0,7,0,0,0,0,0,1,1,1,28,6,2143,2,6,-1,-1,-1
2016133C70883,1,9,0,1,0,0,0,0,0,0,2,1,6,1,21,5,1229,1,8,5,1,5
2016133C70927,1,9,0,14,0,1,0,0,0,0,4,1,6,1,70,10,1991,2,13,3,3,3
2016133C71022,1,9,0,18,0,0,0,0,0,0,1,1,6,1,57,9,1461,2,-1,9,1,9
2016133C71022,2,11,0,2,0,0,0,0,0,0,0,1,6,1,33,6,9360,2,7,6,2,6
2016133C71157,1,9,0,9,0,8,0,0,0,0,1,1,6,1,25,5,1242,1,13,7,1,7
2016133C71157,2,9,0,18,0,8,0,0,0,0,1,1,6,2,47,8,1461,2,3,3,1,3
2016133C71162,1,9,0,17,0,1,0,0,0,0,1,1,2,1,48,8,1368,1,1,5,1,5
2016133C71177,1,9,0,5,0,6,0,0,0,0,4,1,6,2,30,6,1796,1,11,10,1,10
2016133C71177,2,1,0,18,0,1,2,0,0,0,1,1,6,1,60,9,-1,-1,-1,-1,-1,-1
2016133C71215,1,9,0,2,0,0,0,0,0,0,3,1,6,2,36,7,2435,7,13,-1,-1,-1
2016133C71215,2,9,0,14,0,0,0,0,0,0,4,1,6,1,66,10,2982,2,11,1,1,1
2016133C71224,1,9,0,2,0,0,0,0,0,0,2,1,6,1,-1,-1,1328,1,14,-1,-1,-1
2016133C71224,2,19,0,1,0,0,0,0,0,0,2,1,1,1,49,8,1968,2,1,2,2,2
2016133C71349,1,9,0,18,9,0,0,0,0,0,1,1,6,3,-1,-1,1395,1,-1,-1,-1,-1
2016133C71349,2,9,0,5,0,0,0,0,0,0,4,1,6,2,38,7,999,1,-1,10,1,10
2016133C71536,1,9,0,1,0,1,0,0,0,0,2,1,6,1,44,7,1598,1,10,9,1,9