Accident_Index,Vehicle_Reference,Vehicle_Type,Towing_and_Articulation,Vehicle_Manoeuvre,Vehicle_Location-Restricted_Lane,Junction_Location,Skidding_and_Overturning,Hit_Object_in_Carriageway,Vehicle_Leaving_Carriageway,Hit_Object_off_Carriageway,1st_Point_of_Impact,Was_Vehicle_Left_Hand_Drive?,Journey_Purpose_of_Driver,Sex_of_Driver,Age_of_Driver,Age_Band_of_Driver,Engine_Capacity_(CC),Propulsion_Code,Age_of_Vehicle,Driver_IMD_Decile,Driver_Home_Area_Type,Vehicle_IMD_Decile
2016133C71715,1,9,0,13,0,0,2,0,1,11,2,1,6,2,32,6,1149,1,7,6,1,6
2016133C71715,2,9,0,18,0,0,0,0,0,0,1,1,6,1,26,6,1388,1,7,5,1,5
2016133C71734,1,9,0,15,0,0,0,0,0,0,4,1,6,3,-1,-1,-1,-1,-1,-1,-1,-1
2016133C71734,2,1,0,15,0,0,0,0,0,0,3,1,6,1,18,4,-1,-1,-1,1,1,1
2016133C71820,1,9,0,16,0,0,0,0,0,0,1,1,6,1,63,9,2143,2,1,-1,-1,-1
2016133C71820,2,9,0,17,0,0,0,0,1,1,1,1,6,2,23,5,1242,1,-1,-1,-1,-1
2016133C80009,1,9,0,18,0,3,0,0,0,0,2,1,6,1,55,8,2149,2,9,8,1,8
2016133C80009,2,9,0,18,0,4,0,0,0,0,1,1,6,1,53,8,1998,1,8,4,1,4
2016133C80192,1,9,0,18,0,8,0,0,0,0,4,1,6,2,20,4,1086,1,12,6,3,6
2016133C80192,2,1,0,18,0,8,0,0,0,0,3,1,6,1,29,6,-1,-1,-1,8,1,8
2016133C80255,1,21,0,18,0,0,5,5,1,11,1,1,1,1,41,7,6700,2,-1,-1,-1,-1
2016133C80361,1,9,0,1,9,6,0,0,0,0,0,1,3,1,52,8,1753,2,12,3,1,3
2016133C80492,1,1,0,18,0,8,0,0,0,0,3,1,6,2,36,7,-1,-1,-1,2,1,2
2016133C80492,2,9,0,7,0,3,0,0,0,0,4,1,6,1,52,8,1598,2,3,9,2,9
2016133C80618,1,9,0,9,0,8,0,0,0,0,0,1,6,2,38,7,1796,1,9,2,1,2
2016133C80618,2,1,0,18,0,8,0,0,0,0,0,1,6,1,50,8,-1,-1,-1,1,1,1
2016133C80632,1,21,1,11,0,1,0,0,0,0,4,1,1,1,29,6,12419,2,3,1,1,1
2016133C80632,2,9,0,18,0,1,0,0,0,0,3,1,6,1,82,11,1242,1,1,2,1,2
2016133C80883,1,1,0,7,0,3,5,0,0,0,2,1,1,1,17,4,-1,-1,-1,-1,-1,-1
2016133C80883,2,9,0,18,0,8,0,0,0,0,1,1,1,2,48,8,996,1,5,-1,-1,-1
2016133C81134,1,9,0,18,0,0,0,0,0,0,1,1,6,1,25,5,1229,1,11,3,1,3
2016133C81134,2,9,0,4,0,0,0,0,0,0,2,1,6,1,28,6,973,1,13,2,1,2
2016133C81246,1,9,0,5,9,6,0,0,0,0,0,1,6,1,74,10,1598,2,6,7,2,7
2016133C81246,2,9,0,5,9,6,0,0,0,0,0,2,6,1,-1,-1,-1,-1,-1,-1,-1,-1
2016133C81300,1,9,0,9,0,5,0,0,0,0,1,1,6,1,64,9,1560,2,1,3,1,3
2016133C81366,1,11,0,5,0,0,0,0,0,0,0,1,1,1,40,7,9360,2,7,3,1,3
2016133C81369,1,9,0,9,0,8,0,0,0,0,4,1,6,1,19,4,-1,-1,-1,8,2,8
2016133C81369,2,19,0,18,0,8,0,0,0,0,1,1,6,1,42,7,1870,2,13,1,1,1
2016133C81411,1,9,0,18,0,0,0,0,0,0,1,1,6,2,50,8,2835,2,19,3,1,3
2016133C81510,1,9,0,4,0,1,0,0,0,0,2,1,6,2,35,6,1596,1,15,5,1,5
2016133C81510,2,9,0,4,0,1,0,0,0,0,1,1,6,2,23,5,1149,1,9,7,1,7
2016133C81665,1,9,0,18,0,0,0,0,0,0,1,1,6,3,-1,-1,1560,2,10,-1,-1,-1
2016133C81665,2,9,0,18,0,0,0,0,0,0,1,1,6,2,37,7,1388,1,13,3,1,3
2016133C81737,1,9,0,18,0,1,0,0,0,0,1,1,6,2,35,6,1870,2,10,4,1,4
2016133C81737,2,9,0,9,0,5,0,0,0,0,4,1,6,1,17,4,999,1,1,8,3,8
2016133C90267,1,19,0,4,0,0,1,0,0,0,1,1,2,1,33,6,2402,2,13,7,1,7
2016133C90267,2,9,0,4,0,0,0,0,0,0,2,1,6,2,44,7,1390,1,13,7,1,7
2016133C90318,1,5,0,18,0,8,2,0,0,0,1,1,1,1,35,6,583,1,24,6,1,6
2016133C90318,2,9,0,7,0,6,0,0,0,0,0,1,6,1,60,9,2979,1,13,10,1,10
2016133C90318,3,20,0,18,0,8,0,0,0,0,1,1,1,1,53,8,4500,2,-1,8,1,8
2016133C90474,1,9,0,9,0,6,1,0,0,0,1,1,6,1,33,6,1796,1,13,2,1,2
2016133C90474,2,9,0,18,0,1,1,0,0,0,1,1,6,2,41,7,1242,1,7,8,1,8
2016133C90476,1,9,0,4,0,0,0,0,0,0,2,1,6,2,28,6,1398,1,4,10,1,10
2016133C90476,2,9,0,18,0,0,0,0,0,0,1,1,6,1,46,8,1329,1,4,9,1,9
2016133C90826,1,19,0,18,0,8,0,0,0,0,1,1,6,1,27,6,-1,-1,-1,-1,-1,-1
2016133C90826,2,9,0,5,8,7,0,0,0,0,3,1,6,1,72,10,1339,8,6,10,1,10
2016133C90871,1,8,0,6,0,0,0,0,0,0,3,1,1,1,51,8,1896,2,7,1,1,1
2016133C90871,2,3,0,18,0,0,2,0,0,0,4,1,6,1,22,5,125,1,11,3,1,3
2016133C91046,1,9,0,18,0,0,0,0,0,0,4,1,6,2,28,6,1461,2,4,3,1,3
2016133C91094,1,19,0,9,0,6,0,0,0,0,1,1,6,2,19,4,2198,2,8,8,1,8
2016133C91094,2,19,0,18,0,8,1,0,0,0,4,1,6,2,19,4,-1,-1,-1,8,1,8
2016133C91106,1,9,0,18,0,8,0,0,1,11,1,1,6,1,63,9,1497,1,11,1,1,1
2016133C91106,2,9,0,4,0,6,0,0,0,0,1,1,6,2,18,4,-1,-1,-1,3,1,3
2016133C91156,1,9,0,18,0,1,0,0,0,0,1,1,6,1,32,6,2993,2,10,1,1,1
2016133C91156,2,9,0,2,6,1,0,0,1,0,2,1,6,2,31,6,1364,2,1,-1,-1,-1
2016133C91361,1,9,0,9,0,5,0,0,0,0,1,1,6,1,50,8,1364,1,11,1,1,1
2016133C91361,2,9,0,18,0,1,0,0,0,0,1,1,6,1,50,8,1248,1,7,10,1,10
2016133C91606,1,9,0,17,0,0,2,0,1,1,1,1,6,1,43,7,1461,2,12,6,3,6
2016133C91764,1,9,0,9,0,8,0,0,0,0,1,1,6,2,-1,-1,-1,-1,-1,-1,-1,-1
2016133C91944,1,9,0,18,0,8,0,0,0,0,4,1,6,1,31,6,1560,2,5,2,1,2
2016133C91944,2,9,0,9,0,6,0,0,0,0,3,1,6,1,22,5,1396,1,13,5,1,5
2016133CA0123,1,9,0,18,0,0,0,0,0,0,1,1,6,1,18,4,1299,1,12,1,1,1
2016133CA0123,2,9,0,2,0,0,0,0,0,0,2,1,6,3,56,9,3630,1,7,-1,-1,-1
2016133CA0309,1,9,0,18,0,0,1,0,0,0,1,1,6,1,20,4,1242,1,11,5,1,5
2016133CA0309,2,8,0,18,0,0,0,0,0,0,1,1,2,1,41,7,1968,2,5,4,1,4
2016133CA0780,1,11,0,1,8,0,0,0,0,0,0,1,1,1,43,7,9360,2,7,1,1,1
2016133CA1185,1,9,0,9,0,8,0,0,0,0,1,1,6,2,64,9,1896,2,12,3,1,3
2016133CA1185,2,5,0,18,0,8,5,0,0,0,1,1,6,1,21,5,599,1,19,5,1,5
2016133CA1194,1,9,0,1,0,0,0,0,0,0,2,1,6,1,29,6,1900,2,10,9,1,9
2016133CA1278,1,9,0,18,0,8,0,0,0,0,1,1,6,1,37,7,999,1,-1,3,1,3
2016133CA1311,1,9,0,18,0,1,1,0,7,0,1,1,6,1,21,5,1984,1,1,1,1,1
2016133CA1311,2,19,0,7,0,6,1,0,1,11,2,1,6,1,60,9,2496,2,16,2,1,2
2016133CA1432,1,9,0,18,0,0,0,0,0,0,1,1,6,1,26,6,998,1,13,2,1,2
2016133CA1529,1,3,0,13,0,1,0,10,7,0,1,1,6,1,24,5,125,1,1,-1,-1,-1
2016133CA1529,2,9,0,5,0,6,0,0,0,0,4,1,1,1,55,8,1598,2,4,-1,-1,-1
2016133CB0163,1,9,0,18,0,8,0,0,0,0,1,1,6,1,24,5,1124,1,8,2,1,2
2016133CB0349,1,9,0,17,0,0,0,0,0,0,3,1,6,1,25,5,-1,-1,-1,-1,-1,-1
2016133CB0349,2,9,0,17,0,0,0,0,1,4,1,1,6,1,45,7,2993,2,2,-1,-1,-1
2016133CB0349,3,19,0,2,0,0,0,0,0,0,3,1,6,3,-1,-1,1598,2,-1,-1,-1,-1
2016133CB0611,1,9,0,18,0,0,2,10,1,0,1,1,6,1,21,5,1995,2,1,5,1,5
2016133CB0798,1,9,0,9,0,5,0,0,0,0,1,1,6,1,85,11,1968,2,8,8,1,8
2016133CB0798,2,1,0,18,0,8,5,0,0,0,1,1,6,1,44,7,-1,-1,-1,5,2,5
2016133CB0924,1,9,0,18,0,1,0,0,0,0,1,1,6,1,58,9,1242,1,7,4,1,4
2016133CB0924,2,9,0,9,0,1,0,0,0,0,1,1,6,2,20,4,1388,1,13,3,1,3
2016133CB1196,1,9,0,9,0,8,0,0,0,0,3,1,6,1,54,8,1596,1,5,2,1,2
2016133CB1196,2,1,0,18,0,8,5,0,0,0,1,1,6,1,20,4,-1,-1,-1,3,1,3
2016133CB1279,1,3,0,13,0,0,2,0,0,0,0,1,6,1,22,5,125,1,4,1,1,1
2016133CB1279,2,9,0,18,0,0,0,0,0,0,0,1,6,1,45,7,1598,1,12,1,1,1
2016133CB1349,1,9,0,18,0,6,0,0,0,0,4,1,6,2,59,9,1200,1,2,1,1,1
2016133CB1349,2,9,0,18,0,8,1,0,0,0,1,1,6,2,27,6,1753,2,14,8,1,8
2016133CB1452,1,19,0,18,0,8,0,0,0,0,1,1,1,2,25,5,1598,2,1,1,1,1
2016133CB1452,2,9,0,18,0,8,1,0,0,0,3,1,6,2,51,8,1248,2,6,1,1,1
2016133CB1665,1,9,0,1,0,0,0,0,0,0,2,1,6,1,85,11,1242,1,8,1,1,1
2016133CC0249,1,9,0,9,0,5,0,0,0,0,1,1,1,2,51,8,1198,1,13,9,1,9
2016133CC0249,2,1,0,18,0,8,0,0,0,0,1,1,1,1,58,9,-1,-1,-1,9,1,9
2016133CC0264,1,19,0,18,0,0,0,0,0,0,4,1,1,2,39,7,1248,2,-1,-1,-1,-1
2016133CC0264,2,9,0,2,0,0,0,0,0,0,3,1,6,1,-1,-1,2793,1,16,-1,-1,-1
2016133CC0303,1,19,0,18,0,8,0,0,0,0,3,1,1,1,26,6,1998,2,12,-1,-1,-1
2016133CC0303,2,1,0,9,0,1,5,0,0,0,1,1,6,2,34,6,-1,-1,-1,-1,-1,-1
2016133CC0327,1,9,0,18,0,0,0,0,0,0,1,1,6,2,41,7,1910,2,8,-1,-1,-1
2016133CC0353,1,21,1,7,0,8,0,0,0,0,3,1,1,1,49,8,6700,2,2,6,1,6
2016133CC0353,2,1,0,18,0,8,0,0,0,0,4,1,6,1,41,7,-1,-1,-1,1,1,1
2016133CC0814,1,9,0,3,0,0,0,0,0,0,1,1,6,1,21,5,1124,1,11,-1,-1,-1
2016133CC0814,2,9,0,18,0,0,0,0,0,0,2,1,6,2,48,8,996,1,6,-1,-1,-1
2016133CC0857,1,9,0,3,0,0,0,0,0,0,2,1,6,2,38,7,1248,2,7,1,1,1
2016133CC0857,2,9,0,18,0,0,0,0,0,0,1,1,6,3,-1,-1,-1,-1,-1,-1,-1,-1
2016133CC0920,1,9,0,18,0,1,0,0,7,0,0,1,6,3,-1,-1,1242,1,10,-1,-1,-1
2016133CC1092,1,9,0,3,0,1,0,0,0,0,2,1,6,2,51,8,1896,2,13,-1,-1,-1
2016133CC1092,2,9,0,4,0,1,0,0,0,0,1,1,6,3,-1,-1,-1,-1,-1,-1,-1,-1
2016133CC1220,1,9,0,18,0,8,0,0,0,0,4,1,6,1,43,7,2143,2,2,7,1,7
2016133CC1220,2,9,0,5,0,6,0,0,0,0,1,1,6,2,55,8,3960,1,21,1,1,1
2016133CC1251,1,9,0,9,0,5,0,0,0,0,1,1,2,1,29,6,-1,-1,-1,3,1,3
2016133CC1251,2,2,0,18,0,8,2,4,0,0,3,1,2,1,41,7,-1,-1,-1,7,1,7
2016133CC1251,3,19,0,2,0,2,0,0,0,0,2,1,6,3,-1,-1,-1,-1,-1,-1,-1,-1
2016133CC1279,1,19,0,18,0,4,0,0,0,0,1,1,6,1,31,6,2198,2,1,2,1,2
2016133CC1279,2,1,0,18,0,4,5,0,0,0,1,1,6,1,52,8,-1,-1,-1,6,1,6
2016133CC1318,1,9,0,17,0,1,0,0,0,0,3,1,6,2,48,8,1910,2,7,6,1,6
2016133CC1368,1,9,0,18,0,2,0,0,0,0,2,1,6,2,35,6,1991,2,11,2,1,2
2016133CC1368,2,9,0,18,0,2,0,0,0,0,1,1,6,2,-1,-1,998,1,15,1,1,1
2016133CC1451,1,9,0,9,0,8,0,0,0,0,1,1,6,1,82,11,1591,1,8,5,1,5
2016133CC1451,2,9,0,9,0,8,0,0,0,0,3,1,6,2,43,7,1590,1,11,2,2,2
2016133CC1466,1,19,0,18,0,1,1,0,1,10,4,1,6,1,22,5,2198,2,1,6,1,6
2016133CC1466,2,9,0,5,0,6,1,0,0,0,1,1,6,3,-1,-1,-1,-1,-1,-1,-1,-1
2016133CD0206,1,9,0,18,0,1,0,0,0,0,2,1,1,2,44,7,999,1,1,1,1,1
2016133CD0206,2,9,0,18,0,1,0,0,0,0,1,1,6,1,40,7,1984,1,15,2,1,2
2016133CD0350,1,9,0,18,0,6,0,0,0,0,2,1,6,2,61,9,1995,2,6,9,1,9
2016133CD0350,2,9,0,18,0,6,0,0,0,0,1,1,6,1,-1,-1,1248,2,5,-1,-1,-1
2016133CD0365,1,9,0,5,0,0,0,0,0,0,1,1,6,3,21,5,-1,-1,-1,-1,-1,-1
2016133CD0400,1,19,0,9,0,6,0,0,0,0,1,1,1,1,47,8,2800,2,14,1,1,1
2016133CD0400,2,8,0,18,0,8,0,0,0,0,4,1,1,1,41,7,1995,2,5,4,1,4
2016133CD0426,1,9,0,18,0,8,0,0,0,0,4,1,6,1,30,6,1994,2,14,1,1,1
2016133CD0426,2,9,0,18,0,8,0,0,0,0,1,1,1,1,56,9,1968,2,8,5,1,5
2016133CD0639,1,9,0,18,0,8,1,0,0,0,1,1,6,1,28,6,1998,1,20,6,1,6
2016133CD0639,2,21,0,7,0,5,0,0,0,0,4,1,1,1,33,6,-1,-1,-1,1,1,1
2016133CD0746,1,9,0,7,0,5,0,0,0,0,0,1,1,2,30,6,1240,1,11,7,1,7
2016133CD0775,1,9,0,18,0,1,0,0,0,0,1,1,6,1,27,6,1968,2,6,-1,-1,-1
2016133CD0775,2,9,0,18,0,1,0,0,0,0,1,1,6,1,26,6,1363,2,12,-1,-1,-1
2016133CD0900,1,21,1,11,0,0,0,0,0,0,4,1,1,1,53,8,12580,2,11,5,1,5
2016133CD0900,2,9,0,18,0,0,0,7,0,0,3,1,6,1,41,7,1968,2,4,6,1,6
2016133CD0932,1,8,0,7,0,1,0,0,0,0,1,1,1,1,46,8,2720,2,9,2,1,2
2016133CD1089,1,9,0,3,0,1,0,0,0,0,2,1,2,1,46,8,1461,2,-1,9,1,9
2016133CD1089,2,9,0,3,0,1,0,0,0,0,2,1,2,1,61,9,2987,2,-1,9,1,9
2016133CD1089,3,9,0,18,0,1,0,0,0,0,1,1,2,1,47,8,2143,2,5,9,3,9
2016133CD1133,1,9,0,18,0,0,0,0,0,0,1,1,6,1,38,7,1197,1,-1,-1,-1,-1
2016133CD1134,1,9,0,9,0,8,0,0,0,0,1,1,6,1,55,8,1586,1,4,-1,-1,-1
2016133CD1134,2,9,0,3,0,8,0,0,0,0,2,1,6,1,-1,-1,1956,2,4,-1,-1,-1
2016133CD1134,3,9,0,18,0,8,0,0,0,0,1,1,6,3,-1,-1,-1,-1,-1,-1,-1,-1
2016133CD1178,1,9,0,4,0,1,0,0,0,0,2,1,1,1,41,7,1910,2,9,4,1,4
2016133CD1178,2,4,0,18,0,1,0,0,0,0,1,1,6,1,31,6,125,1,2,6,1,6
2016133CD1195,1,9,0,9,0,8,0,0,0,0,4,1,6,1,39,7,998,1,2,6,1,6
2016133CD1195,2,1,0,18,0,8,0,0,0,0,1,1,6,1,59,9,-1,-1,-1,4,1,4
2016133CD1232,1,9,0,9,0,8,0,0,0,0,1,1,6,2,24,5,1390,1,10,6,1,6
2016133CD1232,2,9,0,18,0,8,0,0,0,0,3,1,6,2,52,8,1341,1,12,4,1,4
2016133CD1234,1,9,0,9,0,5,0,0,0,0,3,1,6,2,63,9,1389,1,19,1,1,1
2016133CD1234,2,11,0,9,0,2,0,0,0,0,3,1,6,1,59,9,-1,-1,-1,5,1,5
2016133CD1267,1,11,0,18,0,8,0,0,0,0,1,1,1,1,34,6,7300,2,8,-1,-1,-1
2016133CD1267,2,9,0,18,0,8,0,0,0,0,1,1,6,1,50,8,1363,2,11,-1,-1,-1
2016133CD1333,1,9,0,18,0,0,0,0,0,0,1,1,6,2,43,7,1596,1,10,5,1,5
2016133CD1333,2,9,0,4,0,0,0,0,0,0,2,1,6,1,40,7,2685,2,12,1,1,1
2016133CD1395,1,9,0,16,0,8,1,0,1,11,4,1,6,2,24,5,1598,1,3,3,1,3
2016133CD1405,1,9,0,4,0,1,0,0,0,0,1,1,6,1,-1,-1,2143,2,4,5,1,5
2016133CD1405,2,9,0,4,0,4,0,0,0,0,2,1,6,1,48,8,1584,1,10,3,1,3
2016133CD1462,1,9,0,16,0,0,0,0,7,11,3,1,6,1,24,5,1995,2,2,-1,-1,-1
2016133CD1462,2,9,0,18,0,0,0,0,0,0,3,1,6,1,51,8,1995,2,13,-1,-1,-1
2016133CD1588,1,9,0,9,0,1,0,0,0,0,2,1,6,1,22,5,998,1,12,4,1,4
2016133CD1588,2,9,0,18,0,1,0,0,0,0,1,1,6,3,-1,-1,1598,1,-1,-1,-1,-1
2016133CD1608,1,9,0,7,0,1,0,0,0,0,4,1,6,1,24,5,1896,2,11,-1,-1,-1
2016133CD1608,2,1,0,18,5,1,0,0,0,0,1,1,6,1,39,7,-1,-1,-1,10,1,10
2016133CE0068,1,9,0,18,0,0,0,6,0,0,1,1,2,2,28,6,998,1,10,7,1,7
2016133CE0396,1,21,1,12,0,0,0,0,0,0,1,1,1,1,57,9,-1,-1,-1,-1,-1,-1
2016133CE0396,2,9,0,18,0,0,0,0,0,0,2,2,6,1,40,7,1910,2,9,6,1,6
2016133CE1094,1,9,0,9,0,6,0,0,0,0,3,1,6,1,60,9,-1,-1,-1,1,1,1
2016133CE1094,2,5,0,18,0,8,0,0,0,0,1,1,6,1,19,4,649,1,5,5,1,5
2016133CE1165,1,9,0,18,0,0,0,7,0,0,1,1,6,1,84,11,1396,1,14,1,1,1
2016133CE1263,1,9,0,10,0,8,0,0,0,0,1,1,6,1,89,11,999,1,1,8,1,8
2016133CE1263,2,9,0,18,0,8,0,0,0,0,3,1,6,2,36,7,1461,2,2,4,1,4
2016133CE1533,1,9,0,18,0,0,0,0,1,2,4,1,2,2,45,7,1318,1,-1,5,1,5
2016133CE1533,2,9,0,18,0,0,0,0,0,0,3,1,6,1,46,8,1968,2,5,7,1,7
2016133CE1657,1,9,0,18,0,8,0,0,3,10,1,1,6,1,29,6,1198,1,12,3,1,3
2016133CE1657,2,9,0,4,0,1,0,0,0,0,0,1,1,1,50,8,2993,2,-1,6,1,6
2016133CE1657,3,11,0,18,0,1,0,0,0,0,4,1,1,1,39,7,7300,2,3,3,1,3
2016133CE1692,1,9,0,18,0,0,0,0,0,0,1,1,6,3,-1,-1,1679,1,17,-1,-1,-1
2016133CE1692,2,9,0,18,0,0,0,0,0,0,1,1,6,1,36,7,1086,1,8,-1,-1,-1
2016133CE1789,1,9,0,18,0,8,0,0,0,0,4,1,6,2,24,5,1600,1,5,10,1,10
2016133CE1789,2,9,0,18,0,1,0,0,0,0,1,1,6,1,54,8,1997,2,-1,7,1,7
2016133CF0250,1,9,0,18,0,8,0,0,1,0,3,1,6,1,35,6,2494,8,-1,7,1,7
2016133CF0250,2,9,0,18,0,8,0,0,0,0,1,1,6,1,41,7,1956,2,6,9,2,9
2016133CF0258,1,3,0,18,0,8,0,0,0,0,3,1,2,1,17,4,124,1,29,4,1,4
2016133CF0258,2,9,0,5,9,8,0,0,0,0,0,1,6,1,27,6,2495,2,20,3,1,3
2016133CF0311,1,21,1,9,0,8,0,0,0,0,1,1,1,1,40,7,10837,2,3,1,1,1
2016133CF0311,2,9,0,18,0,8,0,0,0,0,4,1,2,1,59,9,1560,2,12,2,1,2
2016133CF0431,1,90,0,14,0,0,0,4,0,0,3,1,1,1,57,9,12913,2,6,3,1,3
2016133CF0431,2,9,0,2,0,0,0,0,0,0,0,1,3,2,30,6,1995,2,11,4,1,4
2016133CF0801,1,9,0,18,0,8,0,0,0,0,4,1,6,3,-1,-1,1124,1,9,-1,-1,-1
2016133CF0801,2,9,0,18,0,8,0,0,0,0,1,1,6,2,46,8,1560,2,6,1,1,1
2016133CF0887,1,9,0,18,0,0,0,0,0,0,1,1,1,1,49,8,998,1,15,9,1,9
2016133CF0983,1,9,0,18,0,0,0,0,0,0,1,1,1,1,53,8,1598,1,16,7,1,7
2016133CF0983,2,19,0,18,0,0,0,0,0,0,2,1,1,1,27,6,2143,2,1,8,1,8
2016133CF0983,3,9,0,18,0,0,0,0,0,0,2,1,1,1,37,7,1950,2,-1,2,1,2
2016133CF1055,1,8,0,9,0,6,0,0,0,0,4,1,1,1,55,8,1995,2,8,5,1,5
2016133CF1055,2,3,0,18,0,8,0,0,0,0,1,1,6,1,22,5,124,1,7,9,1,9
2016133CF1233,1,9,0,7,0,1,0,0,0,0,1,1,1,1,29,6,-1,-1,-1,5,1,5
2016133CF1233,2,9,0,18,0,1,0,0,0,0,2,1,1,2,53,8,1198,1,10,-1,-1,-1
2016133CF1536,1,9,0,2,0,0,0,0,0,0,4,1,6,2,30,6,2993,2,-1,6,1,6
2016133CF1536,2,9,0,18,0,0,0,0,0,0,3,1,6,2,30,6,1997,2,9,1,1,1
2016133CF1638,1,9,0,18,0,0,0,0,0,0,2,1,6,2,21,5,1461,2,2,4,1,4
2016133CF1638,2,9,0,18,0,0,0,0,0,0,1,1,6,2,48,8,1200,1,-1,8,1,8
2016133CF1687,1,19,0,17,0,0,0,0,0,4,1,1,6,1,37,7,1753,2,11,1,1,1
2016133CG0196,1,9,0,9,0,1,0,0,0,0,4,1,2,1,22,5,1390,1,6,10,1,10
2016133CG0196,2,9,0,18,0,1,0,0,0,0,1,1,2,2,31,6,1086,1,13,1,1,1
2016133CG0238,1,8,0,18,0,1,0,0,0,0,2,1,1,1,34,6,1598,2,6,2,1,2
2016133CG0238,2,9,0,18,0,1,0,0,0,0,1,1,6,1,37,7,1910,2,7,1,1,1
2016133CG0261,1,9,0,18,0,0,0,0,0,0,4,1,2,2,28,6,1349,1,3,7,1,7
2016133CG0261,2,9,0,18,0,0,1,0,8,6,3,1,2,2,30,6,1246,1,10,2,1,2
2016133CG0318,1,19,0,18,0,1,0,0,1,11,1,1,6,1,34,6,1995,2,9,4,1,4
2016133CG0429,1,9,0,18,0,0,0,0,0,0,4,1,6,1,61,9,1968,2,1,2,1,2
2016133CG0549,1,9,0,18,0,4,0,0,3,1,1,1,6,1,49,8,1598,2,4,1,1,1
2016133CG0598,1,4,0,18,0,8,0,0,0,0,1,1,6,1,21,5,471,1,3,9,1,9
2016133CG0598,2,9,0,18,0,8,0,0,0,0,2,1,6,1,35,6,2143,2,7,3,1,3
2016133CG0728,1,9,0,18,0,0,0,0,0,0,1,1,6,1,60,9,2494,2,2,-1,-1,-1
2016133CG0758,1,9,0,9,0,8,0,0,0,0,1,1,6,2,55,8,1995,2,1,7,1,7
2016133CG0758,2,9,0,18,0,8,0,0,0,0,1,1,6,1,23,5,1900,2,9,5,1,5
2016133CG0866,1,9,0,18,0,1,0,0,0,0,4,1,6,2,85,11,1197,1,3,7,1,7
2016133CG0869,1,9,0,4,0,5,0,0,0,0,1,1,6,3,-1,-1,-1,-1,-1,-1,-1,-1
2016133CG0923,1,9,0,18,0,1,1,0,0,0,1,1,1,1,28,6,-1,-1,-1,6,1,6
2016133CG0923,2,9,0,4,0,1,0,0,4,7,2,1,6,2,47,8,1364,2,7,8,1,8
2016133CG0923,3,9,0,4,0,1,0,0,0,0,2,1,6,1,35,6,1242,1,9,1,1,1
2016133CG0923,4,9,0,4,0,1,0,0,0,0,3,1,6,1,64,9,898,1,-1,4,1,4
2016133CG1091,1,9,0,9,0,8,0,0,0,0,1,1,6,2,61,9,1396,1,11,3,1,3
2016133CG1099,1,8,0,6,0,0,0,0,0,0,4,1,1,1,34,6,1598,2,4,2,1,2
2016133CG1099,2,1,0,18,9,0,0,0,0,0,3,1,2,1,38,7,-1,-1,-1,1,1,1
2016133CG1145,1,9,0,18,0,7,1,0,0,0,3,1,1,2,26,6,1399,1,10,4,1,4
2016133CG1145,2,9,0,18,0,7,0,0,0,0,4,1,6,3,-1,-1,-1,-1,-1,-1,-1,-1
2016133CG1149,1,9,0,8,0,7,0,0,0,0,1,1,6,1,34,6,1968,2,2,6,1,6
2016133CG1149,2,9,0,8,0,7,0,0,0,0,2,1,6,2,46,8,1296,1,8,3,1,3
2016133CG1170,1,9,0,9,0,6,0,0,0,0,4,1,6,1,26,6,1398,1,6,1,1,1
2016133CG1170,2,19,4,18,0,1,0,0,0,0,1,1,6,1,59,9,-1,-1,-1,1,1,1
2016133CG1263,1,9,0,4,0,1,0,0,0,0,1,1,6,2,23,5,1390,1,3,9,3,9
2016133CG1263,2,9,0,4,0,1,0,0,0,0,2,1,1,1,31,6,1968,2,2,-1,1,-1
2016133CG1273,1,9,0,18,0,3,0,0,0,0,1,1,6,2,51,8,1991,8,1,10,1,10
2016133CG1273,2,9,0,8,0,8,0,0,0,0,3,1,6,2,37,7,999,1,-1,3,1,3
2016133CG1273,3,9,0,4,0,3,0,0,0,0,2,1,6,2,57,9,1328,1,12,10,1,10
2016133CG1308,1,9,0,5,0,0,0,0,0,0,1,1,6,1,36,7,1197,1,-1,5,1,5
2016133CG1452,1,9,0,18,0,0,0,0,0,0,4,1,6,3,-1,-1,-1,-1,-1,-1,-1,-1
2016133CG1544,1,9,0,9,0,5,0,0,0,0,4,1,6,2,65,9,1360,1,9,2,3,2
2016133CG1544,2,5,0,18,0,1,0,0,0,0,1,1,6,1,50,8,798,1,2,8,3,8
2016133CG1628,1,9,0,18,0,0,0,0,0,0,4,1,6,1,-1,-1,-1,-1,-1,-1,-1,-1
2016133CG1838,1,9,0,18,0,0,0,0,0,0,1,1,6,1,65,9,1686,2,7,-1,-1,-1
2016133CG1977,1,9,0,18,0,0,0,0,0,0,4,1,6,1,47,8,1896,2,9,2,1,2
2016133CG1977,2,9,0,18,0,0,0,0,0,0,3,1,6,1,30,6,6208,1,6,1,1,1
2016133CH0085,1,9,0,18,0,8,1,0,1,5,1,1,6,1,30,6,1910,2,8,8,1,8
2016133CH0146,1,9,0,18,0,8,0,0,0,0,1,1,6,2,27,6,1598,1,6,10,1,10
2016133CH0146,2,9,0,7,0,6,0,0,0,0,2,1,6,1,24,5,2993,2,6,10,1,10
2016133CH0305,1,9,0,7,9,5,0,0,3,11,1,1,6,1,21,5,1242,1,11,4,1,4
2016133CH0608,1,9,0,7,0,5,0,0,0,0,1,1,6,1,44,7,1229,1,6,-1,-1,-1
2016133CH0677,1,9,0,5,0,4,0,0,0,0,1,1,6,1,71,10,1339,8,8,10,1,10
2016133CH0677,2,9,0,9,0,8,0,0,0,0,4,1,6,2,60,9,1242,1,10,7,1,7
2016133CH0767,1,9,0,9,0,8,0,0,0,0,1,1,6,2,52,8,1560,2,10,6,1,6
2016133CH0767,2,8,0,18,0,1,0,0,1,0,1,1,1,1,27,6,1598,2,3,1,1,1
2016133CH0827,1,9,0,18,0,0,0,0,0,0,3,1,6,1,85,11,1596,1,13,8,1,8
2016133CH0869,1,9,0,18,0,0,0,0,7,11,1,1,6,1,42,7,1587,1,25,1,1,1