Accident_Index,Vehicle_Reference,Vehicle_Type,Towing_and_Articulation,Vehicle_Manoeuvre,Vehicle_Location-Restricted_Lane,Junction_Location,Skidding_and_Overturning,Hit_Object_in_Carriageway,Vehicle_Leaving_Carriageway,Hit_Object_off_Carriageway,1st_Point_of_Impact,Was_Vehicle_Left_Hand_Drive?,Journey_Purpose_of_Driver,Sex_of_Driver,Age_of_Driver,Age_Band_of_Driver,Engine_Capacity_(CC),Propulsion_Code,Age_of_Vehicle,Driver_IMD_Decile,Driver_Home_Area_Type,Vehicle_IMD_Decile
2016133CV1330,2,9,0,9,0,6,0,0,0,0,1,1,6,2,49,8,1339,1,6,6,1,6
2016133CV1330,3,9,0,2,0,2,0,0,0,0,3,1,6,3,-1,-1,1999,1,20,-1,-1,-1
2016133CV1330,4,9,0,2,0,2,0,0,0,0,3,1,6,3,-1,-1,-1,-1,-1,-1,-1,-1
2016133CV1330,5,9,0,2,0,2,0,0,0,0,3,1,6,3,-1,-1,1796,1,15,-1,-1,-1
2016133CV1423,1,9,0,18,0,1,0,0,0,0,1,1,6,1,49,8,3123,1,11,3,1,3
2016133CV1423,2,9,0,18,0,6,1,0,1,11,3,1,6,2,30,6,1493,2,10,2,1,2
2016133CV1477,1,8,0,18,0,0,0,0,0,0,4,1,1,1,39,7,1998,2,4,4,1,4
2016133CV1626,1,9,0,16,0,0,0,0,0,0,1,1,6,1,27,6,1900,2,13,-1,-1,-1
2016133CV1626,2,9,0,2,0,0,0,0,0,0,1,1,6,3,-1,-1,1998,2,14,-1,-1,-1
2016133CV1626,3,9,0,2,0,0,0,0,0,0,3,1,6,3,-1,-1,799,2,8,-1,-1,-1
2016133CV1626,4,9,0,2,0,0,0,0,0,0,4,1,6,3,-1,-1,-1,-1,-1,-1,-1,-1
2016134130983,1,9,0,18,0,0,0,0,0,0,4,1,6,3,-1,-1,-1,-1,-1,-1,-1,-1
2016134160976,1,9,0,18,0,1,0,0,8,1,1,1,6,2,47,8,1598,1,4,9,1,9
2016134160976,2,9,0,3,0,1,0,0,0,0,1,1,6,1,57,9,2995,8,2,10,1,10
20161341F0446,1,90,0,18,0,0,0,0,0,0,1,1,6,3,-1,-1,-1,-1,-1,-1,-1,-1
2016140037390,1,9,0,18,0,0,0,0,0,0,1,1,6,1,22,5,1124,1,12,4,1,4
2016140037390,2,98,0,18,0,0,0,0,0,0,1,1,1,2,62,9,-1,-1,-1,3,1,3
2016140037420,1,9,0,18,0,0,0,4,0,0,1,1,2,1,34,6,-1,3,1,7,2,7
2016140037420,2,8,0,2,0,0,0,0,0,0,2,1,1,1,32,6,2664,2,9,5,1,5
2016140037421,1,9,0,18,0,0,0,0,0,0,3,1,6,1,20,4,1598,2,6,10,1,10
2016140037429,1,9,0,17,0,0,0,0,0,0,1,1,6,1,36,7,1229,1,6,10,2,10
2016140037429,2,9,0,18,0,0,0,0,0,0,1,1,6,2,45,7,1998,2,10,9,3,9
2016140037429,3,9,0,18,0,0,5,0,1,0,1,1,6,2,50,8,998,1,9,1,1,1
2016140037456,1,9,0,18,0,0,1,11,7,0,3,1,6,1,23,5,1995,2,6,2,1,2
2016140037473,1,20,1,9,0,8,0,0,0,0,4,1,1,1,54,8,-1,-1,-1,4,1,4
2016140037473,2,9,0,18,0,1,0,0,0,0,1,1,1,1,31,6,-1,-1,-1,2,1,2
2016140037508,1,8,0,4,0,0,0,0,0,0,1,1,2,1,64,9,2499,2,6,4,1,4
2016140037515,1,9,0,7,0,2,0,0,0,0,2,1,6,2,31,6,1560,2,11,4,1,4
2016140037515,2,9,0,9,0,2,0,0,0,0,1,1,6,3,-1,-1,1490,1,8,-1,-1,-1
2016140037517,1,9,0,4,0,0,0,0,0,0,2,1,6,2,40,7,-1,-1,-1,2,1,2
2016140037517,2,9,0,18,0,0,0,0,0,0,1,1,6,1,34,6,1910,2,11,2,1,2
2016140037520,1,9,0,4,0,1,0,0,0,0,2,1,6,1,59,9,1997,2,9,6,1,6
2016140037520,2,9,0,18,0,1,0,0,0,0,1,1,6,1,31,6,1968,2,5,1,1,1
2016140037560,1,19,0,9,0,5,0,0,0,0,1,1,1,1,49,8,2148,2,9,2,1,2
2016140037560,2,3,0,14,0,8,0,0,7,0,1,1,6,1,21,5,124,1,3,5,1,5
2016140037570,1,9,0,13,0,0,0,4,0,0,1,1,6,1,21,5,1995,1,6,1,1,1
2016140037570,2,9,0,18,0,0,0,0,0,0,3,1,1,1,29,6,1248,2,2,-1,-1,-1
2016140037570,3,9,0,18,0,0,0,0,0,0,3,1,6,1,28,6,-1,-1,-1,1,1,1
2016140037570,4,9,0,18,0,0,0,0,0,0,2,1,6,2,49,8,1399,1,10,1,1,1
2016140037570,5,9,0,18,0,0,0,0,0,0,1,1,6,2,31,6,1598,1,5,1,1,1
2016140037570,6,9,0,2,0,0,0,0,0,0,1,1,6,1,70,10,-1,-1,-1,1,1,1
2016140037570,7,9,0,2,0,0,0,0,0,0,1,1,6,1,70,10,1997,2,2,1,1,1
2016140037586,1,9,0,18,0,0,1,0,3,0,1,1,6,1,31,6,1596,1,12,1,1,1
2016140037587,1,8,0,18,0,8,0,0,0,0,1,1,1,1,37,7,-1,-1,-1,1,1,1
2016140037587,2,9,0,7,0,8,0,0,0,0,1,1,6,2,24,5,1796,1,9,1,1,1
2016140037595,1,9,0,7,0,1,1,0,3,11,1,1,6,2,42,7,1242,1,10,2,1,2
2016140037597,1,9,0,9,0,8,0,0,0,0,4,1,6,2,18,4,1242,1,10,6,1,6
2016140037597,2,19,0,18,0,8,0,0,0,0,1,1,6,1,31,6,2496,2,19,6,1,6
2016140037605,1,9,0,16,0,0,1,0,1,1,1,1,6,1,19,4,1794,1,13,8,2,8
2016140037640,1,9,0,4,0,1,0,0,0,0,1,1,6,1,83,11,1240,1,6,1,1,1
2016140037683,1,9,0,3,0,1,0,0,0,0,1,1,6,1,55,8,1995,2,11,1,1,1
2016140037683,2,8,0,18,0,8,0,0,0,0,1,1,1,1,-1,-1,989,1,17,1,1,1
2016140037684,1,9,0,18,0,0,0,0,0,0,3,1,6,2,18,4,1242,1,2,1,2,1
2016140037684,2,9,0,17,0,0,0,0,0,0,3,1,6,2,25,5,998,1,12,3,1,3
2016140037720,1,9,0,18,0,0,1,11,1,4,1,1,6,2,32,6,1390,1,2,4,1,4
2016140037753,1,9,0,16,0,0,1,0,1,0,4,1,6,1,31,6,1242,1,10,9,3,9
2016140037753,2,9,0,17,0,0,0,0,0,0,3,1,6,1,67,10,1560,2,5,9,1,9
2016140037785,1,9,0,6,0,8,0,0,0,0,4,1,6,1,22,5,999,1,13,8,1,8
2016140037785,2,9,0,18,0,8,0,0,0,0,1,1,6,1,-1,-1,998,1,18,-1,-1,-1
2016140037797,1,9,0,5,0,6,0,0,0,0,4,1,2,1,59,9,1124,1,12,6,1,6
2016140037797,2,4,0,18,0,1,0,0,0,0,1,1,2,1,41,7,498,1,34,9,1,9
2016140038043,1,9,0,18,0,8,0,0,0,0,1,1,6,3,-1,-1,-1,-1,-1,-1,-1,-1
2016140038043,2,9,0,10,0,8,0,0,0,0,2,1,6,1,61,9,1560,2,1,2,1,2
2016140038043,3,9,0,10,0,1,0,0,0,0,2,1,6,1,32,6,1910,2,8,5,1,5
2016140038043,4,9,0,18,0,1,0,0,0,0,4,1,4,1,39,7,1973,1,16,2,1,2
2016140038096,1,9,0,5,0,6,0,0,0,0,1,1,6,2,-1,-1,1390,1,12,5,3,5
2016140038096,2,1,0,18,0,1,0,0,0,0,1,1,6,1,39,7,-1,-1,-1,9,1,9
2016140038136,1,9,0,18,0,0,1,0,0,0,1,1,6,1,20,4,1199,1,13,4,1,4
2016140038136,2,9,0,4,0,0,0,0,0,0,2,1,6,1,50,8,2435,1,13,5,2,5
2016140038168,1,9,0,18,0,0,0,4,0,0,1,1,2,1,27,6,1197,1,1,-1,-1,-1
2016140038168,2,9,0,2,0,0,0,0,0,0,1,1,6,2,26,6,1399,2,7,7,1,7
2016140038272,1,11,0,4,2,1,0,0,0,0,1,1,1,1,51,8,4461,2,2,-1,-1,-1
2016140038277,1,9,0,9,0,6,0,0,0,0,1,1,1,2,58,9,1968,2,7,4,1,4
2016140038277,2,3,0,18,0,1,0,0,0,0,1,1,1,1,28,6,125,1,4,-1,-1,-1
2016140038280,1,9,0,18,0,1,0,0,0,0,1,1,6,1,23,5,1242,1,16,3,1,3
2016140038280,2,9,0,9,0,6,0,0,0,0,3,1,6,1,25,5,1685,2,1,1,1,1
2016140038296,1,9,0,18,0,8,0,0,0,0,3,1,2,1,33,6,1794,1,11,4,1,4
2016140038296,2,1,0,18,0,8,0,0,0,0,4,1,6,1,50,8,-1,-1,-1,8,1,8
2016140038300,1,9,0,17,0,1,0,0,0,0,1,1,6,1,70,10,1596,1,26,8,1,8
2016140038332,1,9,0,5,1,8,0,0,0,0,1,1,6,1,63,9,1398,1,2,1,1,1
2016140038332,2,1,0,18,1,8,0,0,0,0,4,1,6,1,51,8,-1,-1,-1,1,1,1
2016140038375,1,9,0,5,0,1,0,0,0,0,4,1,6,3,-1,-1,-1,-1,-1,-1,-1,-1
2016140038378,1,3,0,7,0,8,0,0,0,0,2,1,2,1,20,4,124,1,34,4,1,4
2016140038378,2,9,0,18,0,8,0,0,0,0,1,1,6,2,49,8,1197,1,1,3,1,3
2016140038385,1,9,0,5,0,8,0,0,0,0,1,1,2,1,34,6,1000,1,2,10,1,10
2016140038422,1,9,0,7,0,3,0,0,0,0,2,1,6,1,27,6,1997,2,8,-1,-1,-1
2016140038422,2,9,0,7,0,3,0,0,0,0,1,1,6,1,25,5,-1,-1,-1,7,1,7
2016140038454,1,9,0,18,0,1,0,0,0,0,1,1,1,1,35,6,1596,1,7,5,1,5
2016140038464,1,9,0,17,0,0,0,0,7,2,4,1,6,2,30,6,1598,1,12,1,1,1
2016140038487,1,9,0,18,0,0,0,0,0,0,1,1,6,1,27,6,1994,1,11,8,1,8
2016140038487,2,9,0,5,0,0,0,0,0,0,1,1,6,1,19,4,998,1,13,-1,-1,-1
2016140038531,1,21,1,11,0,5,0,0,0,0,4,1,1,1,35,6,12777,2,8,6,3,6
2016140038531,2,9,0,18,0,8,1,0,0,0,3,1,2,1,47,8,1896,2,7,3,1,3
2016140038564,1,9,0,9,0,5,0,0,0,0,3,1,6,1,54,8,1994,2,13,9,1,9
2016140038564,2,1,0,10,0,1,0,0,0,0,1,1,6,1,52,8,-1,-1,-1,7,3,7
2016140038565,1,9,0,18,0,0,0,0,0,0,4,1,6,1,30,6,-1,-1,-1,2,1,2
2016140038587,1,9,0,18,0,1,0,0,0,0,3,1,2,1,32,6,1124,1,14,2,1,2
2016140038587,2,9,0,18,0,6,0,0,0,0,3,1,2,2,35,6,1598,1,12,1,1,1
2016140038614,1,9,0,18,0,0,0,0,0,0,4,1,1,1,79,11,1388,1,13,5,1,5
2016140038636,1,11,0,5,0,1,0,0,0,0,4,1,1,1,58,9,4500,2,5,9,1,9
2016140038680,1,9,0,18,0,0,0,0,0,0,3,1,6,1,29,6,1910,2,11,1,1,1
2016140038680,2,19,0,7,0,0,0,0,0,0,1,1,6,1,-1,-1,1998,2,13,1,1,1
2016140038698,1,9,0,18,0,0,0,4,0,0,4,1,6,2,82,11,1896,2,10,4,1,4
2016140038698,2,9,0,2,0,0,0,0,0,0,3,1,6,2,50,8,1956,2,5,8,2,8
2016140038709,1,9,0,9,0,5,0,0,0,0,1,1,1,1,47,8,1995,2,9,3,1,3
2016140038744,1,98,0,7,0,1,0,0,0,0,0,1,6,1,24,5,-1,-1,-1,1,1,1
2016140038744,2,9,0,4,0,1,0,0,0,0,0,1,6,1,39,7,1560,2,9,3,1,3
2016140038744,3,4,0,12,0,1,1,0,0,0,2,1,6,1,49,8,487,1,13,4,1,4
2016140038797,1,9,0,18,0,6,0,0,0,0,4,1,6,1,40,7,1240,1,13,8,1,8
2016140038797,2,9,0,18,0,1,0,0,0,0,1,1,6,1,37,7,1598,1,12,1,1,1
2016140038819,1,9,0,17,9,0,5,0,1,2,1,1,6,1,17,4,1149,1,13,2,1,2
2016140038826,1,9,0,18,0,1,1,7,0,0,0,1,2,1,31,6,1299,1,14,2,1,2
2016140038826,2,8,0,16,0,8,0,0,0,0,4,1,6,1,33,6,2499,2,6,1,1,1
2016140038836,1,9,0,18,0,3,0,0,0,0,1,1,6,1,21,5,1686,2,8,6,1,6
2016140038836,2,9,0,18,0,3,0,0,0,0,2,1,6,2,-1,-1,2143,2,2,-1,-1,-1
2016140038849,1,9,0,18,0,1,0,0,0,0,3,1,6,2,47,8,1968,2,8,1,1,1
2016140038849,2,9,0,5,0,8,0,0,0,0,1,1,6,2,42,7,999,1,3,-1,-1,-1
2016140038936,1,9,0,18,0,4,0,11,0,0,2,1,2,2,45,7,998,1,10,5,1,5
2016140038936,2,9,0,18,0,4,0,11,0,0,1,1,6,3,-1,-1,-1,-1,-1,-1,-1,-1
2016140038949,1,9,0,18,0,8,1,0,0,0,4,1,2,1,46,8,2993,2,9,5,1,5
2016140038949,2,9,0,5,0,6,0,0,0,0,1,1,6,1,43,7,1896,2,10,-1,-1,-1
2016140038954,1,19,0,3,0,1,0,0,0,0,2,1,6,1,29,6,2402,2,16,2,1,2
2016140038954,2,9,0,4,0,1,0,0,0,0,1,1,6,1,31,6,1997,2,8,-1,-1,-1
2016140038958,1,9,0,4,0,0,0,0,0,0,2,1,2,1,36,7,2987,2,8,1,1,1
2016140038958,2,9,0,4,0,0,0,0,0,0,1,1,6,1,19,4,1461,2,13,1,1,1
2016140038996,1,3,0,5,0,8,2,0,0,0,3,1,2,1,22,5,124,1,15,-1,-1,-1
2016140038996,2,9,0,18,0,4,0,0,0,0,0,1,6,3,-1,-1,1587,1,10,-1,-1,-1
2016140039009,1,9,0,9,0,4,0,0,0,0,4,1,6,1,21,5,1598,1,3,9,1,9
2016140039009,2,98,1,9,0,4,0,0,0,0,3,1,6,3,-1,-1,-1,-1,-1,-1,-1,-1
2016140039072,1,9,0,9,0,6,0,0,0,0,3,1,1,1,38,7,973,1,17,3,1,3
2016140039072,2,9,0,18,0,1,0,0,0,0,1,1,1,1,69,10,2401,2,9,3,1,3
2016140039096,1,9,0,18,0,0,0,0,0,0,1,1,6,1,25,5,-1,-1,-1,6,1,6
2016140039096,2,9,0,2,0,0,0,0,0,0,2,1,6,2,-1,-1,2204,2,11,6,1,6
2016140039101,1,9,0,9,0,8,0,0,0,0,1,1,1,1,25,5,1896,2,14,-1,-1,-1
2016140039101,2,8,0,18,0,1,0,0,0,0,1,1,6,1,57,9,1997,2,3,-1,-1,-1
2016140039138,1,8,0,18,0,8,0,0,0,0,3,1,1,1,45,7,1560,2,5,6,1,6
2016140039138,2,9,0,5,0,2,0,0,0,0,1,1,6,2,-1,-1,-1,-1,-1,8,1,8
2016140039169,1,9,0,18,0,1,0,0,0,0,1,1,6,1,44,7,2231,2,7,5,1,5
2016140039363,1,97,0,5,0,4,0,0,0,0,2,1,6,1,16,4,50,1,10,2,1,2
2016140039363,2,9,0,5,0,4,0,0,0,0,1,1,6,2,26,6,1598,1,11,4,1,4
2016140039413,1,3,0,18,0,0,0,0,0,0,1,1,6,1,20,4,125,1,1,2,2,2
2016140039413,2,9,0,4,0,0,0,0,0,0,1,1,6,1,72,10,1598,1,9,2,2,2
2016140039436,1,9,0,7,0,5,0,0,0,0,4,1,6,2,29,6,1896,2,10,5,1,5
2016140039436,2,1,0,18,0,8,0,0,0,0,1,1,6,1,24,5,-1,-1,-1,5,1,5
2016140039449,1,9,0,18,0,2,0,0,0,0,1,1,6,1,29,6,1242,1,12,1,1,1
2016140039499,1,9,0,18,0,0,0,0,4,6,1,1,6,1,49,8,1968,2,10,9,2,9
2016140039499,2,9,0,18,0,0,0,0,0,0,1,1,6,2,31,6,1242,1,1,9,1,9
2016140039501,1,9,0,18,0,1,0,0,0,0,1,1,6,2,23,5,1598,1,11,2,1,2
2016140039510,1,5,0,18,0,1,0,0,0,0,1,1,6,1,57,9,600,1,19,9,1,9
2016140039510,2,9,0,18,0,1,0,0,0,0,1,1,6,1,20,4,1229,1,2,6,1,6
2016140039541,1,1,0,9,0,6,0,0,0,0,3,1,6,1,16,4,-1,-1,-1,-1,-1,-1
2016140039541,2,9,0,9,0,2,0,0,0,0,1,1,6,1,33,6,1242,1,6,1,1,1
2016140039546,1,9,0,18,0,0,0,0,0,0,0,1,6,2,-1,-1,1686,2,6,1,1,1
2016140039585,1,9,0,18,0,8,0,0,0,0,3,1,6,1,44,7,1997,2,7,9,1,9
2016140039585,2,9,0,9,0,8,0,0,0,0,4,1,6,3,-1,-1,-1,-1,-1,-1,-1,-1
2016140039670,1,9,0,4,0,1,0,0,0,0,2,1,2,2,56,9,1560,2,10,6,1,6
2016140039670,2,9,0,4,0,1,0,0,0,0,1,1,2,2,22,5,999,1,2,3,2,3
2016140039673,1,9,0,3,0,0,0,0,0,0,3,1,1,1,57,9,1968,2,3,5,3,5
2016140039673,2,9,0,4,0,0,0,0,0,0,2,1,6,1,35,6,1896,2,7,3,1,3
2016140039673,3,9,0,4,0,0,1,0,0,0,1,1,6,1,21,5,1299,1,18,5,3,5
2016140039747,1,9,0,18,0,0,1,7,1,7,1,1,6,2,72,10,1149,1,5,10,1,10
2016140039753,1,9,0,3,0,1,0,0,0,0,0,1,6,2,26,6,1598,2,3,9,1,9
2016140039753,2,9,0,18,0,1,0,0,0,0,1,1,6,1,40,7,1896,2,18,3,1,3
2016140039753,3,9,0,3,0,1,0,0,0,0,2,1,6,2,26,6,1396,1,17,3,1,3
2016140039790,1,8,0,18,2,0,0,0,0,0,1,1,6,1,-1,-1,-1,-1,-1,-1,-1,-1
2016140039803,1,9,0,18,0,3,0,0,0,0,1,1,6,1,24,5,1686,2,11,1,1,1
2016140039830,1,9,0,18,0,1,0,0,0,0,3,1,1,2,25,5,1299,1,8,9,1,9
2016140039830,2,2,0,18,0,1,0,0,0,0,1,1,6,1,17,4,49,1,1,1,1,1
2016140039833,1,9,0,18,0,1,1,11,7,0,1,1,6,1,36,7,1998,1,15,2,1,2
2016140039844,1,22,0,18,9,1,5,0,0,0,0,1,6,2,66,10,-1,-1,-1,1,1,1
2016140039872,1,19,0,18,0,1,0,0,0,0,1,1,1,1,51,8,2402,2,6,4,1,4
2016140039872,2,9,0,5,0,2,0,0,0,0,3,1,3,2,37,7,998,1,2,9,2,9
2016140039890,1,9,0,18,0,0,0,0,0,0,4,1,6,2,84,11,998,1,16,-1,-1,-1
2016140039890,2,9,0,18,0,0,0,0,0,0,3,1,4,2,38,7,1995,2,5,6,3,6
2016140039891,1,9,0,5,0,1,0,0,0,0,1,1,6,1,64,9,1229,1,10,3,1,3
2016140039891,2,9,0,5,0,2,0,0,0,0,3,1,6,1,45,7,1560,2,4,4,1,4
2016140039897,1,9,0,18,0,0,1,0,0,0,1,1,2,1,28,6,5000,1,3,4,1,4
2016140039897,2,9,0,18,0,0,1,0,0,0,2,1,2,2,28,6,1461,2,1,-1,-1,-1
2016140039907,1,9,0,16,0,3,0,0,1,7,1,1,1,1,45,7,1598,1,11,1,1,1
2016140039907,2,9,0,9,0,8,0,0,0,0,1,1,6,3,-1,-1,-1,-1,-1,-1,-1,-1
2016140039916,1,9,0,5,0,1,0,0,0,0,1,1,6,1,49,8,1598,1,9,5,1,5
2016140039916,2,9,0,3,0,1,0,0,0,0,2,1,6,1,-1,-1,-1,-1,-1,1,1,1
2016140039917,1,9,0,11,0,0,1,0,0,0,4,1,6,2,33,6,1198,1,7,8,1,8
2016140039917,2,21,0,18,0,0,0,0,0,0,3,1,1,1,28,6,6700,2,2,3,1,3
2016140039917,3,9,0,18,0,0,2,0,2,7,0,1,6,2,55,8,1242,1,4,8,1,8
2016140039919,1,19,0,18,0,0,0,0,1,7,2,1,6,1,70,10,1998,2,12,2,1,2
2016140039919,2,9,0,18,0,0,0,0,0,0,1,1,6,1,18,4,-1,-1,-1,8,3,8
2016140039972,1,9,0,9,0,2,0,0,0,0,4,1,6,1,78,11,-1,-1,-1,1,1,1
2016140039972,2,5,0,4,0,1,0,0,0,0,3,1,2,1,55,8,599,1,10,3,1,3
2016140040016,1,9,0,17,0,0,1,0,1,9,4,1,2,2,44,7,1598,1,9,7,1,7
2016140040022,1,9,0,18,0,0,0,0,0,0,1,1,6,1,24,5,1598,1,7,1,1,1
2016140040022,2,9,0,18,0,0,0,0,0,0,0,1,6,3,-1,-1,-1,-1,-1,-1,-1,-1
2016140040048,1,9,0,18,0,8,0,0,0,0,1,1,6,1,60,9,1560,2,8,1,1,1
2016140040048,2,9,0,18,0,4,0,0,0,0,1,1,6,1,49,8,-1,-1,-1,2,1,2
2016140040052,1,9,0,18,0,0,0,0,0,0,2,1,6,1,60,9,1969,2,1,4,2,4
2016140040052,2,19,0,18,0,0,1,0,0,0,2,1,2,1,63,9,2402,2,15,1,1,1
2016140040052,3,21,1,18,0,0,0,0,0,0,1,1,1,1,57,9,12900,2,5,3,1,3
2016140040064,1,9,0,4,0,0,0,0,0,0,2,1,6,1,47,8,1986,2,8,9,2,9
2016140040064,2,19,0,4,0,0,0,0,0,0,2,1,1,1,33,6,2143,2,2,9,1,9
2016140040064,3,20,0,18,0,0,0,0,0,0,1,1,1,1,45,7,4580,2,1,7,1,7
2016140040151,1,9,0,4,0,0,0,0,0,0,3,1,1,1,51,8,-1,-1,-1,3,2,3
2016140040151,2,-1,0,18,0,0,0,0,0,0,1,1,6,3,-1,-1,-1,-1,-1,-1,-1,-1
2016140040189,1,9,0,17,0,0,1,0,1,0,1,1,6,1,27,6,1396,1,18,2,1,2
2016140040195,1,9,0,16,0,0,1,0,1,2,1,1,6,2,35,6,1998,1,13,1,1,1
2016140040200,1,5,0,18,0,4,1,0,0,0,0,1,6,1,22,5,600,1,17,7,1,7
2016140040203,1,9,0,18,0,0,1,0,7,11,1,1,6,1,20,4,2494,1,14,1,1,1
2016140040203,2,9,0,18,0,0,0,0,0,0,0,1,6,1,34,6,1598,2,3,5,1,5
2016140040203,3,9,0,2,9,0,0,0,0,0,0,1,6,2,32,6,1368,1,10,8,1,8
2016140040226,1,9,0,10,2,1,0,0,0,0,4,1,6,1,27,6,1560,2,1,2,1,2
2016140040226,2,1,0,15,2,1,0,0,0,0,1,1,1,1,39,7,-1,-1,-1,8,1,8
2016140040238,1,8,0,9,0,1,0,0,0,0,2,1,1,1,33,6,1995,2,9,1,1,1
2016140040238,2,9,0,18,0,1,1,0,0,0,1,1,6,3,-1,-1,1998,2,10,-1,-1,-1
2016140040320,1,9,0,18,0,8,0,0,0,0,1,1,2,2,21,5,1598,2,3,8,1,8
2016140040320,2,8,0,5,0,8,0,0,0,0,3,1,1,1,65,9,1896,2,11,2,1,2
2016140040329,1,9,0,18,0,1,0,0,0,0,1,1,1,2,71,10,1248,1,1,8,1,8
2016140040348,1,2,0,18,0,8,0,0,0,0,1,1,6,1,16,4,49,1,29,1,1,1
2016140040348,2,9,0,2,0,8,0,0,0,0,1,1,6,2,52,8,1198,1,12,9,1,9
2016140040352,1,9,0,18,1,0,1,10,0,0,1,1,1,1,28,6,1997,2,11,2,1,2
2016140040364,1,9,0,18,0,0,0,0,0,0,1,1,6,2,61,9,989,1,12,6,1,6
2016140040414,1,9,0,3,0,1,0,0,0,0,3,1,2,2,56,9,1197,1,5,9,2,9
2016140040414,2,9,0,9,0,5,0,0,0,0,1,1,6,1,-1,-1,2183,2,6,-1,-1,-1
2016140040414,3,9,0,9,0,8,0,0,0,0,1,1,6,3,-1,-1,-1,-1,-1,-1,-1,-1
2016140040491,1,9,0,18,1,1,0,0,0,0,4,1,6,1,21,5,1598,2,3,1,1,1
2016140040500,1,11,0,18,0,1,0,0,0,0,1,1,1,1,55,8,3900,2,10,2,1,2
2016140040500,2,9,0,4,0,1,0,0,0,0,2,1,6,1,39,7,1598,1,10,2,1,2
2016140040511,1,9,0,1,0,0,0,0,0,0,2,1,6,3,-1,-1,-1,-1,-1,-1,-1,-1
2016140040514,1,9,0,17,0,0,0,0,0,0,1,1,2,2,42,7,2179,2,2,2,1,2
2016140040514,2,9,0,16,0,0,0,0,0,0,3,1,2,1,28,6,1587,1,13,2,1,2
2016140040517,1,1,0,8,0,2,0,0,0,0,1,1,6,2,39,7,-1,-1,-1,3,1,3
2016140040517,2,9,0,18,0,1,0,0,0,0,1,1,6,1,24,5,1399,2,7,2,1,2
2016140040529,1,19,0,18,0,8,0,0,0,0,4,1,2,1,33,6,2198,2,2,1,1,1
2016140040529,2,9,0,12,0,7,1,0,0,0,3,1,2,2,21,5,1229,1,1,2,1,2
2016140040566,1,9,0,5,0,6,0,0,0,0,1,1,6,1,55,8,1796,1,7,3,1,3
2016140040566,2,1,0,17,0,8,0,0,0,0,4,1,6,1,54,8,-1,-1,-1,-1,-1,-1
2016140040661,1,9,0,18,0,1,0,0,0,0,4,1,6,1,80,11,1560,2,7,9,2,9
2016140040721,1,9,0,18,0,6,0,0,0,0,1,1,6,2,35,6,1598,1,10,6,1,6
2016140040721,2,21,1,18,0,1,0,0,0,0,3,1,1,1,33,6,12419,2,1,3,1,3
2016140040728,1,1,0,18,0,0,0,0,0,0,3,1,2,1,50,8,-1,-1,-1,10,1,10
2016140040728,2,11,0,13,0,0,0,0,0,0,4,1,1,3,-1,-1,-1,-1,-1,-1,-1,-1
2016140040753,1,9,0,3,0,1,0,0,0,0,2,1,6,2,46,8,1968,2,1,9,1,9
2016140040753,2,9,0,18,0,1,0,0,0,0,1,1,6,2,-1,-1,-1,-1,-1,6,1,6
2016140040753,3,9,0,1,0,8,0,0,0,0,0,1,6,2,-1,-1,2179,2,2,8,1,8
2016140040779,1,9,0,18,0,0,0,0,0,0,4,1,2,2,24,5,998,1,6,5,2,5
2016140040779,2,9,0,18,0,0,0,0,0,0,1,1,1,1,26,6,-1,-1,-1,1,1,1
2016140040798,1,3,0,18,0,0,0,0,0,0,2,1,1,1,50,8,125,1,2,8,1,8
2016140040798,2,9,0,18,0,0,0,0,0,0,4,1,6,3,-1,-1,1796,1,10,-1,-1,-1
2016140040801,1,9,0,9,0,6,0,0,0,0,1,1,6,1,75,10,2993,2,2,9,2,9
2016140040801,2,3,0,18,0,1,5,0,7,0,1,1,6,1,19,4,125,1,12,5,2,5
2016140040897,1,9,0,2,0,0,0,0,0,0,3,1,6,1,20,4,1896,2,14,2,1,2
2016140040897,2,9,0,18,0,0,0,0,0,0,4,1,6,1,35,6,1956,2,4,7,1,7
2016140040927,1,9,0,9,0,6,0,0,0,0,1,1,6,1,60,9,1299,1,15,1,1,1
2016140040927,2,3,0,18,0,1,0,0,0,0,1,1,6,1,49,8,85,1,21,1,1,1
2016140040977,1,9,0,5,0,1,0,0,0,0,2,1,6,2,51,8,1984,1,10,4,1,4
2016140040977,2,9,0,5,0,1,0,0,0,0,1,1,6,2,44,7,1560,2,2,3,1,3
2016140041042,1,9,0,9,0,6,0,0,0,0,1,1,2,1,42,7,1896,2,6,5,1,5
2016140041042,2,9,0,14,0,8,0,0,0,0,4,1,2,2,33,6,1360,1,14,1,1,1
2016140041048,1,9,0,9,0,8,0,0,0,0,1,1,6,2,63,9,1086,1,6,8,1,8
2016140041069,1,9,0,4,0,0,0,0,0,0,2,1,6,2,36,7,2488,2,10,7,3,7
2016140041069,2,9,0,18,0,0,0,0,0,0,1,1,6,3,-1,-1,-1,-1,-1,-1,-1,-1
2016140041171,1,9,0,18,0,0,0,0,0,0,1,1,6,3,-1,-1,2495,2,19,-1,-1,-1
2016140041171,2,9,0,14,0,0,0,0,0,0,4,1,1,1,31,6,1248,2,4,-1,-1,-1
2016140041192,1,9,0,4,0,1,0,0,0,0,1,1,2,1,27,6,1896,2,9,1,1,1