Accident_Index,Vehicle_Reference,Vehicle_Type,Towing_and_Articulation,Vehicle_Manoeuvre,Vehicle_Location-Restricted_Lane,Junction_Location,Skidding_and_Overturning,Hit_Object_in_Carriageway,Vehicle_Leaving_Carriageway,Hit_Object_off_Carriageway,1st_Point_of_Impact,Was_Vehicle_Left_Hand_Drive?,Journey_Purpose_of_Driver,Sex_of_Driver,Age_of_Driver,Age_Band_of_Driver,Engine_Capacity_(CC),Propulsion_Code,Age_of_Vehicle,Driver_IMD_Decile,Driver_Home_Area_Type,Vehicle_IMD_Decile
2016140045376,2,9,0,18,0,1,0,0,0,0,4,1,6,2,55,8,1329,1,5,6,3,6
2016140045376,3,9,0,7,0,5,0,0,0,0,3,1,6,1,52,8,1798,1,8,9,2,9
2016140045397,1,9,0,18,0,1,0,0,0,0,1,1,6,3,-1,-1,998,1,14,-1,-1,-1
2016140045414,1,9,0,18,0,0,0,0,0,0,4,1,6,1,66,10,1896,2,12,-1,-1,-1
2016140045424,1,9,0,16,0,2,1,0,7,0,1,1,6,2,-1,-1,989,1,12,8,1,8
2016140045433,1,9,0,18,0,8,0,0,0,0,1,1,2,2,26,6,1395,1,-1,2,1,2
2016140045433,2,9,0,18,0,8,0,0,0,0,4,1,6,2,52,8,1598,1,8,3,1,3
2016140045456,1,20,0,18,0,1,0,0,0,0,1,1,1,1,45,7,4462,2,3,8,1,8
2016140045456,2,9,0,4,0,1,0,0,0,0,2,1,2,2,64,9,1364,2,9,6,1,6
2016140045458,1,9,0,18,0,0,0,0,0,0,1,1,6,1,40,7,1984,1,12,3,1,3
2016140045462,1,9,0,1,0,6,0,0,0,0,2,1,6,1,28,6,1753,2,9,2,1,2
2016140045468,1,9,0,18,0,1,0,0,0,0,1,1,6,1,18,4,1299,1,17,1,1,1
2016140045468,2,9,0,18,0,1,0,0,0,0,4,1,6,1,31,6,1598,1,8,4,1,4
2016140045483,1,9,0,18,0,0,0,0,0,0,2,1,6,2,22,5,1461,2,2,1,1,1
2016140045483,2,9,0,18,0,0,0,0,0,0,0,1,6,3,-1,-1,-1,-1,-1,-1,-1,-1
2016140045483,3,9,0,18,0,0,0,0,0,0,2,1,6,1,-1,-1,1582,2,4,-1,-1,-1
2016140045494,1,19,0,17,0,0,0,0,0,0,3,1,2,1,63,9,1998,2,11,9,2,9
2016140045494,2,9,0,16,0,0,1,0,8,4,4,1,2,2,23,5,1598,1,11,-1,-1,-1
2016140045507,1,9,0,5,0,1,0,0,0,0,1,1,6,2,69,10,1896,2,23,-1,-1,-1
2016140045507,2,9,0,5,0,1,0,0,0,0,2,1,6,2,-1,-1,1248,2,8,-1,-1,-1
2016140045507,3,9,0,5,0,1,0,0,0,0,2,1,6,2,-1,-1,1968,2,9,8,1,8
2016140045522,1,9,0,18,0,8,1,0,0,0,1,1,1,2,40,7,1348,1,14,6,1,6
2016140045522,2,9,0,7,0,6,0,0,0,0,4,1,6,2,35,6,1248,1,3,5,1,5
2016140045541,1,9,0,18,0,0,0,0,0,0,1,1,1,1,55,8,3000,2,18,1,1,1
2016140045541,2,9,0,18,0,0,0,0,0,0,2,1,1,1,47,8,1896,2,11,3,1,3
2016140045587,1,9,0,18,0,0,2,0,7,0,1,1,6,1,85,11,1686,2,12,4,1,4
2016140045587,2,9,0,18,0,0,0,0,0,0,1,1,6,2,56,9,1242,1,1,4,1,4
2016140045602,1,9,0,5,0,8,0,0,0,0,3,1,6,1,58,9,1984,1,13,6,1,6
2016140045602,2,9,0,18,0,8,0,0,0,0,1,1,1,1,16,4,1598,2,5,8,1,8
2016140045608,1,9,0,9,0,2,0,0,0,0,1,1,6,1,47,8,1596,1,11,3,1,3
2016140045608,2,9,0,18,0,8,0,0,0,0,4,1,6,1,43,7,-1,-1,-1,4,1,4
2016140045615,1,9,0,5,0,1,0,0,0,0,3,1,6,1,43,7,1910,2,13,6,2,6
2016140045615,2,9,0,9,0,6,0,0,0,0,1,1,6,1,53,8,-1,-1,-1,9,3,9
2016140045638,1,9,0,2,0,0,0,0,0,0,2,1,6,2,30,6,1397,1,5,2,1,2
2016140045638,2,9,0,18,0,0,0,4,0,0,1,1,6,1,53,8,1590,1,2,-1,-1,-1
2016140045646,1,9,0,18,0,0,1,4,0,0,4,1,6,1,18,4,1598,1,17,1,1,1
2016140045646,2,9,0,2,0,0,0,0,0,0,2,1,6,1,-1,-1,1587,1,11,1,1,1
2016140045646,3,9,0,18,0,0,0,0,0,0,1,1,6,1,23,5,1560,2,3,2,1,2
2016140045666,1,9,0,18,0,0,1,0,1,7,1,1,6,2,30,6,1399,2,11,5,1,5
2016140045883,1,9,0,16,0,0,1,0,1,4,2,1,6,1,55,8,4293,1,11,4,1,4
2016140046039,1,9,0,16,0,8,0,0,0,0,4,1,6,2,24,5,999,1,2,-1,-1,-1
2016140046039,2,21,0,12,0,8,0,0,0,0,3,1,6,3,-1,-1,12419,2,1,-1,-1,-1
2016140046065,1,9,0,18,0,1,0,0,0,0,1,1,6,2,76,11,1598,2,3,7,1,7
2016140046086,1,9,0,4,0,0,0,0,0,0,2,1,1,2,62,9,1242,1,1,7,3,7
2016140046086,2,9,0,18,0,0,0,0,0,0,1,1,1,2,53,8,1560,2,9,7,2,7
2016140046158,1,9,0,3,0,1,0,0,0,0,2,1,6,2,50,8,1800,1,17,6,1,6
2016140046158,2,9,0,16,0,1,0,0,0,0,1,1,6,3,-1,-1,1598,1,1,-1,-1,-1
2016140046186,1,9,0,18,0,0,2,11,0,0,1,1,2,1,25,5,1296,1,9,3,1,3
2016140046220,1,11,0,18,0,1,0,0,0,0,0,1,1,1,60,9,4500,2,5,3,1,3
2016140046244,1,9,0,18,0,0,0,0,1,0,1,1,2,2,27,6,1686,2,7,3,3,3
2016140046244,2,9,0,18,0,0,0,0,0,0,1,1,6,1,18,4,998,1,8,3,1,3
2016140046244,3,21,1,18,0,0,0,0,0,0,1,1,1,1,21,5,12900,2,8,-1,-1,-1
2016140046244,4,9,0,13,0,0,0,0,0,0,1,1,6,3,-1,-1,-1,-1,-1,-1,-1,-1
2016140046261,1,9,0,18,0,0,0,10,1,2,1,1,2,1,50,8,1796,1,18,2,3,2
2016140046261,2,9,0,18,0,0,0,0,0,0,2,1,2,2,34,6,1242,1,6,6,1,6
2016140046271,1,9,0,10,0,8,0,0,0,0,0,1,1,1,35,6,1598,2,1,-1,-1,-1
2016140046271,2,9,0,4,0,6,0,0,0,0,2,1,6,1,47,8,1149,1,14,1,2,1
2016140046271,3,9,0,5,0,6,0,0,0,0,1,1,6,1,64,9,2496,2,11,6,3,6
2016140046275,1,9,0,18,0,2,0,0,0,0,1,1,6,1,55,8,1951,2,14,2,1,2
2016140046276,1,9,0,3,0,1,0,0,0,0,2,1,6,2,22,5,1956,2,2,-1,-1,-1
2016140046276,2,9,0,4,0,1,0,0,0,0,1,1,2,1,28,6,1598,1,9,1,1,1
2016140046281,1,9,0,18,0,1,0,0,0,0,4,1,6,3,-1,-1,-1,-1,-1,-1,-1,-1
2016140046283,1,9,0,18,0,0,0,0,0,0,1,1,6,1,28,6,1398,1,1,1,1,1
2016140046283,2,9,0,18,0,0,0,0,0,0,2,1,6,1,54,8,-1,-1,-1,-1,-1,-1
2016140046283,3,21,1,18,0,0,0,0,0,0,4,1,1,1,29,6,12777,2,10,7,1,7
2016140046347,1,-1,0,18,0,1,0,0,0,0,1,1,6,3,-1,-1,-1,-1,-1,-1,-1,-1
2016140046377,1,9,0,4,0,0,0,0,0,0,2,1,6,2,23,5,1242,1,3,9,3,9
2016140046377,2,9,0,18,0,0,0,0,0,0,1,1,6,1,-1,-1,-1,-1,-1,-1,-1,-1
2016140046389,1,9,0,18,0,1,0,0,0,0,3,1,6,1,23,5,1364,1,9,2,1,2
2016140046389,2,9,0,18,0,1,0,0,0,0,4,1,6,3,22,5,1951,2,11,9,1,9
2016140046423,1,9,0,18,0,2,0,0,0,0,4,1,6,1,56,9,1781,1,11,1,1,1
2016140046455,1,2,0,18,0,8,0,0,0,0,1,1,6,1,16,4,-1,-1,-1,2,1,2
2016140046455,2,9,0,6,0,6,0,0,0,0,3,1,6,3,-1,-1,-1,-1,-1,-1,-1,-1
2016140046519,1,9,0,18,0,0,0,0,0,0,1,1,6,2,25,5,1598,2,6,1,1,1
2016140046519,2,9,0,18,0,0,0,0,0,0,1,1,6,3,-1,-1,1598,1,16,-1,-1,-1
2016140046530,1,9,0,9,0,6,0,0,0,0,3,1,6,2,33,6,998,1,9,8,1,8
2016140046530,2,1,0,18,0,8,0,0,0,0,3,1,6,1,19,4,-1,-1,-1,7,1,7
2016140046693,1,9,0,18,0,0,0,0,0,0,1,1,2,1,24,5,1596,1,4,5,1,5
2016140046693,2,9,0,18,0,0,0,0,1,0,1,1,2,1,48,8,-1,-1,-1,5,2,5
2016140046693,3,9,0,18,0,0,0,0,1,0,1,1,2,1,34,6,-1,-1,-1,1,1,1
2016140046693,4,9,0,18,0,0,0,0,0,0,1,1,2,1,59,9,1968,2,1,-1,-1,-1
2016140046787,1,9,0,18,0,0,0,0,0,0,4,1,2,1,38,7,2993,2,3,3,1,3
2016140046909,1,9,0,18,0,0,2,0,0,0,3,1,6,1,24,5,1364,1,11,6,1,6
2016140046909,2,19,0,1,0,0,0,0,0,0,0,1,1,1,68,10,2143,2,2,8,1,8
2016140046946,1,9,0,16,0,0,1,10,0,0,1,1,6,2,51,8,1560,2,3,6,1,6
2016140046946,2,9,0,17,0,0,0,0,0,0,3,1,6,1,59,9,1984,1,1,8,1,8
2016140046946,3,9,0,17,0,0,0,0,0,0,1,1,6,1,78,11,1598,2,3,9,2,9
2016140046949,1,9,0,18,0,2,1,0,0,0,1,1,6,1,20,4,1781,1,15,3,1,3
2016140046949,2,9,0,18,0,2,0,0,0,0,0,1,6,2,29,6,1896,2,14,2,1,2
2016140046955,1,9,0,16,0,0,1,0,7,9,1,1,6,1,19,4,1390,1,13,2,1,2
2016140046957,1,9,0,18,0,4,0,0,0,0,1,1,6,1,38,7,1364,1,11,1,1,1
2016140046957,2,3,0,18,0,4,0,0,0,0,4,1,6,1,54,8,124,1,3,1,1,1
2016140046960,1,9,0,18,0,1,0,0,0,0,1,1,6,1,51,8,2470,2,24,4,1,4
2016140046960,2,9,0,7,0,6,0,0,0,0,3,1,6,1,64,9,1910,2,9,4,1,4
2016140046966,1,21,1,18,0,1,0,0,0,0,4,1,1,1,55,8,12740,2,3,7,1,7
2016140046968,1,9,0,18,0,1,0,0,0,0,1,1,6,1,26,6,998,1,14,5,2,5
2016140046968,2,9,0,8,0,6,0,0,0,0,2,1,6,1,48,8,1995,1,13,1,1,1
2016140046974,1,9,0,18,0,0,0,0,0,0,1,1,6,1,49,8,1968,2,4,4,1,4
2016140046974,2,9,0,3,0,0,0,0,0,0,2,1,2,1,38,7,1995,2,9,3,1,3
2016140046974,3,9,0,3,0,0,0,0,0,0,2,1,6,2,60,9,1197,1,-1,3,1,3
2016140047028,1,8,0,3,0,1,0,0,0,0,2,1,1,1,40,7,-1,-1,-1,-1,-1,-1
2016140047028,2,9,0,18,0,1,0,0,0,0,1,1,6,1,28,6,1998,1,11,2,1,2
2016140047048,1,9,0,5,0,6,0,0,0,0,1,1,6,1,83,11,1242,1,9,4,1,4
2016140047048,2,9,0,18,0,1,0,0,0,0,1,1,6,2,48,8,1968,2,9,2,1,2
2016140047068,1,9,0,18,0,0,0,0,0,0,1,1,2,1,22,5,999,1,15,4,1,4
2016140047068,2,19,0,18,0,0,0,0,1,0,1,1,1,1,27,6,2198,2,2,1,1,1
2016140047083,1,9,0,17,0,1,0,0,0,0,1,1,6,1,70,10,1591,1,6,-1,-1,-1
2016140047083,2,9,0,16,0,8,2,0,0,0,1,1,6,1,26,6,1896,2,15,6,1,6
2016140047083,3,9,0,17,0,1,0,0,0,0,1,1,6,1,44,7,1794,1,16,-1,-1,-1
2016140047094,1,9,0,18,0,0,0,0,0,0,3,1,6,1,33,6,1896,2,14,9,2,9
2016140047094,2,9,0,6,8,0,0,0,1,0,3,1,6,2,35,6,-1,-1,-1,9,1,9
2016140047095,1,9,0,3,0,1,0,0,0,0,2,1,6,1,58,9,1197,1,2,6,1,6
2016140047095,2,9,0,18,0,1,0,0,0,0,1,1,6,2,55,8,1497,1,15,1,1,1
2016140047147,1,9,0,18,1,8,1,0,0,0,1,1,1,1,30,6,998,1,16,1,1,1
2016140047147,2,9,0,18,1,6,0,0,0,0,4,1,6,2,26,6,1753,2,10,1,1,1
2016140047211,1,9,0,17,0,0,1,0,1,0,1,1,6,1,61,9,1997,2,4,1,1,1
2016140047223,1,9,0,13,0,2,1,0,0,0,4,1,6,1,30,6,1796,1,13,1,1,1
2016140047223,2,9,0,18,0,2,0,0,0,0,3,1,6,1,50,8,-1,-1,-1,10,1,10
2016140047223,3,19,0,18,0,1,0,0,0,0,4,1,6,1,23,5,1686,2,11,-1,-1,-1
2016140047230,1,9,0,9,0,6,1,0,0,0,3,1,6,1,80,11,1582,2,5,8,2,8
2016140047230,2,9,0,18,0,8,1,0,7,0,1,1,6,1,24,5,1560,2,7,7,3,7
2016140047233,1,19,0,6,0,0,0,0,0,0,4,1,6,1,21,5,2198,2,6,5,3,5
2016140047233,2,1,0,18,0,0,0,0,0,0,2,1,6,1,45,7,-1,-1,-1,7,1,7
2016140047244,1,9,0,18,0,1,0,0,0,0,1,1,6,1,23,5,1198,1,5,9,1,9
2016140047256,1,9,0,18,0,0,0,0,0,0,2,1,2,2,50,8,1086,1,11,-1,-1,-1
2016140047256,2,9,0,18,0,0,0,0,0,0,1,1,6,3,-1,-1,-1,-1,-1,-1,-1,-1
2016140047325,1,9,0,18,0,8,0,0,0,0,1,1,6,1,18,4,1995,2,6,2,1,2
2016140047325,2,9,0,18,0,8,5,0,0,0,4,1,6,1,18,4,1229,1,3,2,1,2
2016140047376,1,9,0,18,0,0,0,0,0,0,2,1,6,1,41,7,1600,1,18,9,1,9
2016140047377,1,9,0,4,0,8,1,0,0,0,1,1,1,1,57,9,1399,1,6,1,1,1
2016140047377,2,9,0,3,0,8,0,0,0,0,2,1,6,2,-1,-1,1796,1,6,-1,-1,-1
2016140047377,3,9,0,3,0,8,0,0,0,0,2,1,6,1,-1,-1,-1,-1,-1,-1,-1,-1
2016140047500,1,9,0,9,0,2,0,0,0,0,4,1,1,2,31,6,1360,1,9,3,3,3
2016140047500,2,19,0,9,0,5,0,0,0,0,0,1,1,1,34,6,1598,2,5,-1,-1,-1
2016140047500,3,9,0,18,0,5,0,0,0,0,4,1,1,2,52,8,1328,1,6,10,1,10
2016140047500,4,9,0,18,0,5,0,0,0,0,1,1,1,1,43,7,1968,2,11,6,1,6
2016140047538,1,9,0,9,0,5,0,0,0,0,4,1,6,1,78,11,1767,1,14,3,1,3
2016140047538,2,9,0,18,0,1,0,0,0,0,1,1,6,2,31,6,1686,2,4,-1,-1,-1
2016140047691,1,9,0,9,0,6,0,0,0,0,1,1,3,2,41,7,1910,2,9,-1,-1,-1
2016140047691,2,5,0,14,0,1,0,0,0,0,4,1,1,1,29,6,600,1,12,4,1,4
2016140047757,1,9,0,16,0,8,0,0,0,0,1,1,2,2,26,6,1582,2,6,3,1,3
2016140047784,1,11,0,4,2,8,0,0,0,0,0,1,6,1,47,8,6871,2,9,1,1,1
2016140047828,1,9,0,4,0,0,0,0,0,0,1,1,6,1,63,9,1461,2,5,10,1,10
2016140047828,2,9,0,3,0,0,0,0,0,0,2,1,1,1,34,6,1598,1,6,7,1,7
2016140047828,3,9,0,3,0,0,0,0,0,0,2,1,1,1,57,9,1998,1,-1,7,3,7
2016140047828,4,19,0,3,0,0,0,0,0,0,2,1,1,1,35,6,2143,2,5,-1,3,-1
2016140047850,1,9,0,17,0,3,1,10,1,0,1,1,6,1,43,7,1598,1,7,5,2,5
2016140047857,1,9,0,18,0,1,0,0,0,0,1,1,6,3,-1,-1,2295,1,17,-1,-1,-1
2016140047857,2,9,0,18,0,1,0,0,0,0,2,1,6,2,21,5,1386,1,9,1,1,1
2016140047858,1,9,0,3,0,0,0,0,0,0,2,1,2,2,31,6,1240,1,11,-1,-1,-1
2016140047858,2,9,0,3,0,0,0,0,0,0,2,1,2,1,34,6,-1,-1,-1,1,1,1
2016140047858,3,9,0,3,0,0,0,0,0,0,2,1,2,1,38,7,1560,2,10,2,1,2
2016140047858,4,9,0,4,0,0,0,0,0,0,1,1,2,2,-1,-1,1199,1,15,3,3,3
2016140047871,1,9,0,18,0,0,0,0,4,6,2,1,1,1,32,6,1499,2,1,7,1,7
2016140047871,2,9,0,18,0,0,0,0,0,0,1,1,6,1,50,8,2976,1,11,6,1,6
2016140047877,1,9,0,18,0,0,0,0,0,0,4,1,6,2,30,6,1968,2,6,7,2,7
2016140047884,1,9,0,9,0,6,0,0,0,0,3,1,6,1,18,4,1198,1,12,1,1,1
2016140047884,2,9,0,18,0,8,0,0,0,0,1,1,6,1,34,6,1968,2,4,1,1,1
2016140047895,1,9,0,18,0,1,0,0,0,0,1,1,1,1,32,6,1598,2,2,6,1,6
2016140047895,2,9,0,10,0,5,0,0,0,0,1,1,6,1,75,10,954,1,20,3,1,3
2016140047899,1,9,0,9,0,8,0,0,0,0,4,1,6,1,25,5,1598,1,13,2,1,2
2016140047899,2,9,0,18,0,8,0,0,0,0,1,1,6,1,50,8,-1,-1,-1,4,1,4
2016140047901,1,8,0,18,0,1,0,0,0,0,1,1,6,1,45,7,1686,2,6,8,1,8
2016140047901,2,9,0,9,0,6,0,0,0,0,2,1,6,1,17,4,999,1,15,9,1,9
2016140047904,1,21,1,4,0,0,3,0,0,0,1,1,1,1,59,9,10308,2,2,10,1,10
2016140047904,2,9,0,4,0,0,1,0,1,0,2,1,6,2,45,7,4134,2,-1,6,3,6
2016140047904,3,9,0,4,0,0,1,0,0,0,2,1,6,1,57,9,1995,2,3,4,3,4
2016140047905,1,9,0,18,0,0,5,7,0,0,1,1,6,1,46,8,1596,1,8,5,1,5
2016140047906,1,9,0,10,0,8,0,0,0,0,2,1,2,1,34,6,1896,2,16,1,1,1
2016140047906,2,9,0,18,0,1,0,0,0,0,1,1,2,2,28,6,1390,1,9,8,3,8
2016140047977,1,9,0,4,0,8,0,0,0,0,2,1,6,2,36,7,2488,2,9,8,1,8
2016140047977,2,9,0,4,0,8,0,0,0,0,1,1,6,2,46,8,1397,1,8,7,1,7
2016140048084,1,9,0,18,0,0,0,0,0,0,4,1,2,2,69,10,1597,1,17,-1,-1,-1
2016140048159,1,9,0,13,0,1,1,0,0,0,1,1,6,1,18,4,1198,1,7,3,1,3
2016140048159,2,9,0,9,0,6,0,0,0,0,1,1,6,1,52,8,-1,-1,-1,4,1,4
2016140048159,3,9,0,4,0,1,0,0,0,0,2,1,6,2,25,5,1198,1,1,5,1,5
2016140048290,1,9,0,3,0,1,0,0,0,0,2,1,6,1,44,7,1598,1,8,7,2,7
2016140048290,2,9,0,18,0,1,0,0,0,0,1,1,6,3,-1,-1,1461,2,7,-1,-1,-1
2016140048311,1,20,0,9,0,6,0,0,0,0,1,2,1,1,65,9,-1,-1,-1,-1,-1,-1
2016140048311,2,19,0,18,0,1,0,0,0,0,4,1,2,1,23,5,2198,2,9,6,1,6
2016140048382,1,9,0,4,0,1,1,0,1,11,1,1,3,2,40,7,1598,1,14,1,1,1
2016140048448,1,9,0,3,0,4,0,0,0,0,2,1,6,2,55,8,998,1,8,2,1,2
2016140048448,2,9,0,18,0,4,0,0,0,0,1,1,6,3,-1,-1,-1,-1,-1,-1,-1,-1
2016140048455,1,9,0,18,0,0,0,0,0,0,1,1,6,1,37,7,1242,1,15,2,1,2
2016140048490,1,9,0,18,0,2,0,0,0,0,3,1,1,1,54,8,1560,2,6,1,1,1
2016140048491,1,9,0,18,0,0,2,4,0,0,1,1,6,1,71,10,1396,1,1,2,1,2
2016140048491,2,9,0,2,9,0,0,0,1,0,1,1,6,1,34,6,1360,1,12,2,1,2
2016140048507,1,9,0,18,0,0,0,0,0,0,1,1,6,1,21,5,1360,1,4,2,1,2
2016140048513,1,9,0,18,0,0,0,0,0,0,1,1,6,1,27,6,1995,2,4,-1,-1,-1
2016140048513,2,9,0,4,0,0,0,0,0,0,2,1,6,2,67,10,998,1,-1,9,3,9
2016140048513,3,9,0,4,0,0,0,0,0,0,2,1,6,1,20,4,1229,1,4,-1,-1,-1
2016140048513,4,9,0,4,0,0,0,0,0,0,2,1,6,1,66,10,1995,2,4,7,1,7
2016140048514,1,9,0,18,0,2,0,0,0,0,3,1,6,1,44,7,1328,1,12,10,1,10
2016140048514,2,8,0,4,0,2,0,0,0,0,0,1,1,1,-1,-1,1998,2,8,-1,-1,-1
2016140048514,3,9,0,18,0,2,0,0,0,0,1,1,6,2,61,9,1242,1,12,6,1,6
2016140048517,1,9,0,17,0,0,0,0,0,0,3,1,1,1,37,7,1797,8,6,1,1,1
2016140048517,2,9,0,16,0,0,0,0,0,0,3,1,6,3,-1,-1,1598,2,2,-1,-1,-1
2016140048524,1,9,0,4,0,8,0,0,0,0,2,1,1,1,35,6,1598,2,6,1,1,1
2016140048524,2,9,0,4,0,8,0,0,0,0,1,1,6,2,24,5,1242,1,6,4,1,4
2016140048528,1,9,0,18,0,6,0,0,0,0,3,1,1,1,53,8,1198,1,9,5,1,5
2016140048528,2,9,0,18,0,1,0,0,0,0,1,1,6,1,23,5,1598,1,11,1,1,1
2016140048560,1,9,0,5,0,6,0,0,0,0,3,1,1,1,54,8,1686,2,13,1,1,1
2016140048560,2,2,0,17,0,1,0,0,0,0,1,1,6,1,16,4,49,1,8,-1,-1,-1
2016140048591,1,9,0,18,0,1,0,0,0,0,1,1,6,2,35,6,-1,-1,-1,-1,-1,-1
2016140048591,2,9,0,18,0,2,1,0,0,0,1,1,1,1,47,8,1896,2,13,5,1,5
2016140048617,1,9,0,16,0,0,0,0,7,0,3,1,6,1,31,6,1984,1,10,1,1,1
2016140048617,2,9,0,17,0,0,0,0,7,0,3,1,6,1,41,7,1398,1,6,2,1,2
2016140048617,3,9,0,17,0,0,0,0,7,0,1,1,6,1,72,10,1332,1,19,6,1,6
2016140048657,1,9,0,7,0,2,0,0,0,0,4,1,6,2,20,4,1198,1,9,7,1,7
2016140048680,1,9,0,9,0,8,0,0,0,0,1,1,1,1,21,5,1199,1,13,3,1,3
2016140048680,2,9,0,18,0,1,0,0,0,0,1,1,3,1,40,7,1686,2,11,1,1,1
2016140048695,1,21,0,18,0,0,0,0,0,0,4,1,1,1,49,8,12740,2,5,4,3,4
2016140048742,1,8,0,18,0,0,0,7,0,0,1,1,2,1,49,8,-1,-1,-1,9,1,9
2016140048749,1,9,0,10,0,6,0,0,0,0,1,1,1,2,62,9,1968,2,2,9,1,9
2016140048749,2,1,0,18,9,1,0,0,0,0,1,1,6,1,28,6,-1,-1,-1,1,1,1
2016140048759,1,9,0,11,0,0,0,0,0,0,4,1,2,1,37,7,1753,2,6,1,1,1
2016140048759,2,9,0,15,0,0,0,0,0,0,3,1,2,1,34,6,-1,-1,-1,7,1,7
2016140048770,1,21,0,3,0,1,0,0,0,0,2,1,1,1,43,7,12777,2,3,4,3,4
2016140048770,2,9,0,4,0,1,0,0,0,0,1,1,6,1,75,10,2495,2,22,1,1,1
2016140048771,1,9,0,9,0,5,1,10,0,0,3,1,6,1,17,4,1299,1,13,3,1,3
2016140048771,2,9,0,3,0,1,0,0,0,0,3,1,1,1,65,9,1598,1,8,10,1,10
2016140048773,1,9,0,18,0,0,0,0,0,0,2,1,6,1,28,6,1951,2,15,9,3,9
2016140048773,2,9,0,18,0,0,0,0,0,0,2,1,6,1,51,8,1968,2,3,-1,-1,-1
2016140048773,3,9,0,18,0,0,0,0,4,0,2,1,6,1,55,8,-1,-1,-1,8,1,8
2016140048773,4,9,0,18,0,0,0,0,0,0,1,1,6,1,47,8,-1,-1,-1,5,1,5
2016140048779,1,9,0,18,0,1,0,0,0,0,1,1,6,3,-1,-1,-1,-1,-1,-1,-1,-1
2016140048803,1,9,0,7,0,5,0,0,7,10,1,1,6,2,19,4,1968,2,7,-1,-1,-1
2016140048804,1,9,0,18,0,0,0,0,0,0,2,1,6,1,54,8,6750,1,14,3,1,3
2016140048804,2,19,0,18,0,0,0,0,0,0,1,1,1,1,46,8,1995,2,2,1,1,1
2016140048806,1,9,0,18,0,0,0,0,0,0,1,1,3,1,30,6,1598,2,2,4,2,4
2016140048815,1,11,0,2,3,0,0,0,0,0,0,1,6,1,45,7,4500,2,5,3,1,3
2016140048818,1,11,0,4,0,0,0,0,0,0,0,1,1,1,47,8,4461,2,3,6,1,6
2016140048909,1,9,0,12,0,3,1,0,5,2,1,1,6,1,20,4,1390,1,2,3,1,3
2016140048940,1,11,0,4,0,0,0,0,0,0,0,1,1,1,44,7,-1,-1,-1,4,1,4
2016140048991,1,-1,0,18,0,1,0,0,0,0,1,1,6,3,-1,-1,-1,-1,-1,-1,-1,-1
2016140049040,1,9,0,18,0,1,0,0,1,0,1,1,2,1,22,5,1390,1,5,1,1,1
2016140049040,2,98,0,9,0,5,0,0,0,0,0,1,6,3,-1,-1,-1,-1,-1,-1,-1,-1
2016140049068,1,9,0,18,0,0,0,0,0,0,0,1,6,3,-1,-1,-1,-1,-1,-1,-1,-1
2016140049068,2,9,0,2,9,0,0,0,0,0,3,1,6,1,62,9,2148,2,9,1,1,1
2016140049082,1,9,0,5,0,8,0,0,0,0,4,1,6,2,41,7,1497,8,2,1,1,1
2016140049082,2,9,0,18,0,8,0,0,0,0,1,1,6,2,-1,-1,-1,-1,-1,5,2,5
2016140049276,1,11,0,3,0,0,0,0,0,0,0,1,1,1,57,9,7300,2,14,3,1,3
2016140049319,1,9,0,5,0,6,0,0,0,0,3,1,6,1,86,11,1794,1,13,7,1,7
2016140049319,2,9,0,18,0,1,0,0,0,0,1,1,6,1,53,8,1598,2,4,7,2,7
2016140049320,1,9,0,18,0,8,0,0,0,0,1,1,6,2,53,8,1061,1,10,4,1,4
2016140049320,2,9,0,18,0,8,0,0,0,0,2,1,2,2,40,7,3628,2,7,5,1,5
2016140049320,3,9,0,18,0,8,0,0,0,0,2,1,6,1,42,7,1998,2,11,4,1,4
2016140049389,1,9,0,18,0,0,0,0,7,11,1,1,6,1,25,5,1596,1,15,1,1,1
2016140049420,1,9,0,10,0,1,0,0,0,0,2,1,6,1,54,8,899,1,2,-1,-1,-1
2016140049420,2,9,0,10,0,1,0,0,0,0,1,1,1,1,45,7,1753,2,5,-1,-1,-1
2016140049480,1,9,0,3,0,1,0,0,0,0,2,1,6,1,43,7,1328,1,8,3,1,3
2016140049480,2,9,0,18,0,1,0,0,0,0,1,1,6,1,35,6,1896,2,12,1,1,1
2016140049486,1,9,0,18,0,1,1,0,0,0,1,1,6,1,26,6,1796,1,16,1,1,1
2016140049486,2,98,0,3,0,1,0,0,0,0,2,1,1,1,36,7,-1,-1,-1,2,1,2
2016140049486,3,9,0,10,0,1,0,0,0,0,2,1,6,1,22,5,1200,1,1,1,1,1
2016140049488,1,9,0,3,0,1,0,0,0,0,2,1,6,2,20,4,1242,1,14,2,1,2
2016140049488,2,9,0,3,0,1,0,0,0,0,1,1,6,1,48,8,998,1,1,-1,-1,-1
2016140049488,3,9,0,4,0,1,0,0,0,0,1,1,6,2,47,8,1997,2,5,-1,-1,-1
2016140049488,4,9,0,4,0,1,0,0,0,0,1,1,6,2,28,6,1248,2,5,5,2,5
2016140049499,1,1,0,15,2,8,0,0,0,0,3,1,2,2,46,8,-1,-1,-1,9,2,9
2016140049499,2,9,0,9,0,8,0,0,0,0,1,1,2,2,54,8,1498,1,15,1,1,1