Accident_Index,Vehicle_Reference,Vehicle_Type,Towing_and_Articulation,Vehicle_Manoeuvre,Vehicle_Location-Restricted_Lane,Junction_Location,Skidding_and_Overturning,Hit_Object_in_Carriageway,Vehicle_Leaving_Carriageway,Hit_Object_off_Carriageway,1st_Point_of_Impact,Was_Vehicle_Left_Hand_Drive?,Journey_Purpose_of_Driver,Sex_of_Driver,Age_of_Driver,Age_Band_of_Driver,Engine_Capacity_(CC),Propulsion_Code,Age_of_Vehicle,Driver_IMD_Decile,Driver_Home_Area_Type,Vehicle_IMD_Decile
2016140054586,2,9,0,18,0,8,0,0,0,0,1,1,6,1,35,6,1956,2,2,8,1,8
2016140054586,3,9,0,7,0,6,0,0,0,0,0,1,6,3,-1,-1,-1,-1,-1,-1,-1,-1
2016140054600,1,9,0,18,0,8,0,0,0,0,4,1,6,1,68,10,1968,2,6,6,1,6
2016140054600,2,1,0,18,0,6,1,0,0,0,1,1,6,1,-1,-1,-1,-1,-1,-1,-1,-1
2016140054613,1,9,0,18,0,1,0,0,0,0,1,1,1,1,32,6,-1,-1,-1,2,1,2
2016140054613,2,9,0,3,0,1,0,0,0,0,2,1,6,1,-1,-1,-1,-1,-1,-1,-1,-1
2016140054733,1,9,0,18,0,0,0,4,0,0,1,1,6,1,29,6,1398,1,4,2,1,2
2016140054733,2,9,0,2,0,0,0,0,0,0,2,1,6,2,44,7,1198,1,5,1,1,1
2016140054733,3,9,0,2,0,0,0,0,0,0,3,1,6,1,51,8,1590,1,17,1,1,1
2016140054764,1,9,0,18,0,0,2,0,1,9,1,1,6,1,18,4,1199,2,4,5,2,5
2016140054783,1,19,0,1,0,2,0,0,0,0,2,1,1,1,27,6,1995,2,8,8,1,8
2016140054786,1,19,0,18,0,4,0,0,0,0,1,1,6,1,38,7,2874,2,18,6,3,6
2016140054786,2,9,0,9,0,3,0,0,0,0,3,1,6,2,29,6,-1,-1,-1,1,1,1
2016140054802,1,2,0,18,0,1,0,0,0,0,4,1,6,1,16,4,49,1,5,6,1,6
2016140054802,2,9,0,10,0,2,0,0,0,0,1,1,6,1,20,4,1968,2,1,7,1,7
2016140054842,1,9,0,4,0,0,0,0,0,0,1,1,6,2,72,10,1242,1,10,2,1,2
2016140054842,2,9,0,3,0,0,0,0,0,0,2,1,6,1,25,5,1995,2,7,5,3,5
2016140054842,3,9,0,3,0,0,0,0,0,0,2,1,6,1,49,8,2143,2,1,8,1,8
2016140054873,1,9,0,18,0,2,0,0,0,0,1,1,6,1,60,9,-1,-1,-1,10,1,10
2016140054939,1,19,0,18,0,0,0,0,0,0,1,1,1,1,68,10,1997,2,6,7,1,7
2016140054959,1,9,0,16,0,0,2,0,1,0,4,1,6,1,18,4,1149,1,12,1,1,1
2016140054969,1,9,0,9,0,6,0,0,0,0,1,1,6,2,59,9,1086,1,10,7,1,7
2016140054969,2,9,0,18,0,8,0,0,0,0,4,1,6,2,29,6,1398,1,5,2,1,2
2016140055011,1,9,0,5,0,4,0,0,0,0,3,1,1,1,42,7,1910,2,7,1,1,1
2016140055011,2,1,0,18,0,8,0,0,0,0,1,1,2,1,29,6,-1,-1,-1,2,1,2
2016140055016,1,9,0,4,0,0,0,0,0,0,2,1,1,1,40,7,-1,-1,-1,2,1,2
2016140055016,2,9,0,4,0,0,0,0,0,0,2,1,1,2,46,8,1328,1,8,3,1,3
2016140055016,3,9,0,4,0,0,1,0,0,0,1,1,6,2,44,7,1997,2,13,8,1,8
2016140055028,1,9,0,18,0,0,0,0,0,0,4,1,1,2,57,9,3199,1,13,7,3,7
2016140055034,1,9,0,7,0,2,0,0,0,0,4,1,6,1,43,7,1870,2,13,1,1,1
2016140055034,2,1,0,18,0,6,0,0,0,0,1,1,6,1,16,4,-1,-1,-1,3,1,3
2016140055035,1,9,0,18,0,0,0,0,1,0,4,1,6,2,18,4,1198,1,9,-1,-1,-1
2016140055038,1,9,0,18,0,0,0,0,0,0,4,1,6,1,60,9,1299,1,10,-1,-1,-1
2016140055038,2,9,0,12,8,0,0,0,0,0,3,1,6,1,-1,-1,1686,2,12,-1,-1,-1
2016140055071,1,9,0,18,0,1,0,0,0,0,4,1,6,3,-1,-1,-1,-1,-1,-1,-1,-1
2016140055089,1,9,0,3,0,0,0,0,0,0,2,1,2,2,28,6,1598,1,13,2,1,2
2016140055089,2,9,0,18,0,0,0,0,0,0,1,1,3,1,29,6,1328,1,12,1,1,1
2016140055098,1,9,0,18,0,1,0,0,0,0,1,1,2,2,31,6,1461,2,6,4,1,4
2016140055098,2,9,0,9,0,5,0,0,0,0,1,1,6,1,79,11,1124,1,14,9,1,9
2016140055112,1,9,0,18,0,0,0,0,0,0,1,1,3,2,41,7,1242,1,5,8,1,8
2016140055149,1,5,0,18,0,0,0,0,0,0,0,1,6,1,44,7,599,1,17,-1,-1,-1
2016140055149,2,9,0,3,0,0,0,0,0,0,1,1,6,1,43,7,1798,1,9,10,1,10
2016140055245,1,9,0,18,0,1,0,0,0,0,1,1,6,2,40,7,1600,1,17,1,1,1
2016140055271,1,21,0,18,0,0,1,0,0,0,1,1,1,1,62,9,12740,2,6,-1,-1,-1
2016140055317,1,9,0,18,0,8,0,0,0,0,1,1,2,1,53,8,1997,2,12,10,2,10
2016140055317,2,9,0,18,0,8,0,0,0,0,3,1,6,1,34,6,-1,-1,-1,6,3,6
2016140055334,1,9,0,18,0,8,0,0,0,0,1,1,1,1,53,8,1686,2,3,8,1,8
2016140055334,2,9,0,18,0,8,0,0,1,0,3,1,6,2,72,10,1368,1,2,9,3,9
2016140055347,1,5,0,5,0,3,0,0,0,0,1,1,2,2,26,6,645,1,6,1,1,1
2016140055364,1,9,0,18,0,6,0,0,0,0,1,1,6,1,30,6,2179,2,5,6,3,6
2016140055364,2,11,0,18,0,1,0,0,0,0,1,1,1,1,39,7,-1,-1,-1,2,1,2
2016140055366,1,9,0,17,0,0,5,0,2,10,3,1,6,2,18,4,1242,1,6,7,2,7
2016140055368,1,9,0,18,0,0,0,0,0,0,4,1,6,2,20,4,1461,2,10,2,1,2
2016140055377,1,9,0,18,0,8,0,0,0,0,3,1,6,1,25,5,1956,2,5,1,1,1
2016140055377,2,9,0,18,0,6,0,0,0,0,1,1,6,1,22,5,1956,2,2,-1,-1,-1
2016140055379,1,9,0,1,0,0,0,4,0,0,4,1,1,1,22,5,-1,-1,-1,10,1,10
2016140055379,2,9,0,2,0,0,0,0,0,0,4,1,6,1,67,10,1364,1,10,3,1,3
2016140055795,1,9,0,18,0,1,0,0,0,0,4,1,6,3,-1,-1,-1,-1,-1,-1,-1,-1
2016140055839,1,11,0,4,0,1,1,0,0,0,1,1,6,1,34,6,7300,2,14,2,1,2
2016140055839,2,9,0,4,0,1,0,0,0,0,2,1,1,2,44,7,1596,1,15,6,1,6
2016140055839,3,9,0,4,0,1,0,0,0,0,2,1,2,2,19,4,1229,1,3,6,2,6
2016140055850,1,9,0,9,0,6,0,0,0,0,3,1,6,1,45,7,998,1,2,1,1,1
2016140055850,2,9,0,17,0,1,0,0,0,0,1,1,6,1,43,7,1870,2,11,6,1,6
2016140055914,1,9,0,5,9,1,0,0,0,0,3,1,6,1,-1,-1,-1,-1,-1,1,2,1
2016140056002,1,1,0,18,0,8,0,0,0,0,4,1,6,1,50,8,-1,-1,-1,6,1,6
2016140056002,2,9,0,5,0,4,0,0,0,0,1,1,2,1,73,10,2993,2,6,5,1,5
2016140056031,1,5,0,16,0,8,5,0,0,0,3,1,6,3,-1,-1,600,1,16,-1,-1,-1
2016140056031,2,9,0,17,0,8,0,0,0,0,1,1,6,1,39,7,-1,-1,-1,2,1,2
2016140056031,3,9,0,17,0,8,0,0,0,0,4,1,6,1,56,9,1124,1,13,7,1,7
2016140056072,1,9,5,17,0,0,0,0,0,0,3,1,6,1,60,9,-1,-1,-1,1,1,1
2016140056072,2,5,0,16,0,0,0,0,0,0,1,1,6,1,68,10,865,1,2,4,1,4
2016140056126,1,9,0,18,0,1,0,0,0,0,1,1,6,1,43,7,1360,1,9,3,1,3
2016140056126,2,9,0,9,0,5,0,0,0,0,2,1,6,2,50,8,1242,1,4,3,1,3
2016140056135,1,9,0,9,0,6,0,0,0,0,3,1,1,1,66,10,-1,-1,-1,9,3,9
2016140056135,2,5,0,16,0,1,0,0,0,0,1,1,6,1,52,8,998,1,6,1,1,1
2016140056136,1,9,0,18,0,0,0,0,0,0,1,1,6,1,43,7,1984,1,6,9,1,9
2016140056136,2,9,0,18,0,0,0,0,0,0,2,1,6,2,24,5,1086,1,10,6,1,6
2016140056148,1,9,0,18,0,0,2,0,7,0,1,1,6,1,25,5,-1,3,2,-1,-1,-1
2016140056148,2,9,0,2,0,0,0,0,0,0,1,1,6,1,29,6,1798,1,9,1,1,1
2016140056148,3,9,0,2,0,0,0,0,0,0,2,1,6,1,29,6,1086,1,12,1,1,1
2016140056151,1,9,0,7,0,6,0,0,3,11,1,1,6,2,87,11,1197,1,-1,10,1,10
2016140056151,2,9,0,18,0,8,0,0,7,11,1,1,6,1,38,7,1999,2,1,10,1,10
2016140056171,1,9,0,18,0,1,1,0,0,0,1,1,6,1,44,7,1753,2,10,6,3,6
2016140056171,2,9,0,4,0,1,0,0,0,0,2,1,6,2,34,6,1587,1,14,4,1,4
2016140056171,3,9,0,4,0,1,0,0,0,0,2,1,6,1,81,11,1560,2,10,10,1,10
2016140056171,4,9,0,18,0,1,0,0,0,0,1,1,6,1,20,4,1229,1,2,6,1,6
2016140056182,1,9,0,4,0,1,0,0,0,0,1,1,2,2,32,6,-1,-1,-1,9,2,9
2016140056182,2,8,0,3,0,1,0,0,0,0,2,2,3,1,42,7,1560,2,5,3,1,3
2016140056203,1,9,0,18,0,8,1,0,0,0,1,1,6,2,45,7,2000,2,12,7,1,7
2016140056203,2,9,0,7,0,6,0,0,0,0,3,1,6,2,29,6,1242,1,9,4,1,4
2016140056239,1,9,0,9,0,8,0,0,7,0,4,1,6,1,23,5,1896,2,16,2,1,2
2016140056239,2,9,0,16,0,8,0,0,0,0,1,1,6,2,31,6,1686,2,5,3,1,3
2016140056275,1,-1,0,18,0,1,0,0,0,0,1,1,6,3,-1,-1,-1,-1,-1,-1,-1,-1
2016140056325,1,9,0,15,0,3,1,0,8,1,1,1,6,1,17,4,1197,1,2,5,1,5
2016140056325,2,9,0,11,0,3,0,0,0,0,1,1,6,1,18,4,1900,2,10,1,1,1
2016140056349,1,11,0,18,1,8,0,0,0,0,0,1,1,2,51,8,4461,2,3,1,1,1
2016140056350,1,3,0,5,0,1,0,0,0,0,1,1,2,1,25,5,124,1,1,7,1,7
2016140056350,2,9,0,18,0,6,0,0,0,0,1,1,2,2,24,5,1984,1,5,5,1,5
2016140056372,1,9,0,9,0,6,0,0,0,0,3,1,6,1,81,11,1360,1,14,10,1,10
2016140056372,2,1,0,18,0,1,0,0,0,0,1,1,6,1,25,5,-1,-1,-1,5,1,5
2016140056408,1,9,0,18,0,0,0,0,0,0,1,1,6,2,55,8,998,1,7,-1,-1,-1
2016140056412,1,9,0,5,0,8,0,0,8,11,1,1,6,1,20,4,1197,1,-1,8,1,8
2016140056412,2,9,0,18,0,8,0,0,0,0,1,1,6,3,-1,-1,1998,1,12,-1,-1,-1
2016140056431,1,9,0,18,0,0,0,0,0,0,2,1,6,1,24,5,2993,2,2,4,1,4
2016140056431,2,9,0,18,0,0,0,0,0,0,1,1,6,2,21,5,-1,-1,-1,2,1,2
2016140056448,1,17,4,18,0,0,0,0,0,0,3,1,1,1,21,5,6728,2,5,7,3,7
2016140056448,2,9,0,13,0,0,0,0,0,0,4,1,6,2,57,9,1685,2,-1,6,1,6
2016140056501,1,9,0,14,0,0,0,0,0,0,4,1,6,2,26,6,1596,1,9,1,1,1
2016140056501,2,9,0,4,0,0,0,0,0,0,1,1,6,1,22,5,-1,-1,-1,2,1,2
2016140056503,1,9,0,18,0,1,0,0,0,0,1,1,6,1,30,6,1499,2,1,5,1,5
2016140056503,2,9,0,7,0,8,0,0,0,0,4,1,6,1,32,6,1896,2,8,2,1,2
2016140056520,1,9,0,10,0,8,0,0,0,0,2,1,6,1,47,8,1499,2,1,5,1,5
2016140056520,2,9,0,18,0,8,0,0,0,0,1,1,6,1,50,8,-1,-1,-1,2,1,2
2016140056536,1,4,0,18,0,0,0,0,0,0,1,1,6,1,24,5,471,1,3,-1,-1,-1
2016140056536,2,9,0,18,0,0,0,0,0,0,2,1,6,1,47,8,1596,1,13,3,1,3
2016140056545,1,9,0,18,0,0,0,0,0,0,3,1,6,3,-1,-1,-1,-1,-1,-1,-1,-1
2016140056577,1,9,0,18,0,8,1,0,1,0,3,1,2,1,19,4,1390,1,4,9,1,9
2016140056577,2,9,0,18,0,8,1,0,1,0,4,1,6,1,18,4,1399,2,4,10,1,10
2016140056580,1,5,0,3,0,1,0,0,0,0,2,1,6,2,30,6,649,1,1,7,1,7
2016140056580,2,9,0,5,0,1,0,0,0,0,1,1,6,2,57,9,1995,2,7,9,1,9
2016140056593,1,9,0,18,1,8,0,0,7,0,4,1,6,1,25,5,3628,2,8,7,1,7
2016140056593,2,9,0,9,1,6,0,0,0,0,3,1,6,1,76,11,1560,2,2,6,1,6
2016140056604,1,9,0,17,0,1,0,0,1,0,1,1,6,1,66,10,2996,1,-1,5,3,5
2016140056604,2,9,0,2,0,1,0,0,0,0,3,1,6,1,59,9,1910,2,9,9,2,9
2016140056612,1,9,0,18,0,1,0,0,0,0,2,1,6,1,51,8,2143,2,4,10,3,10
2016140056612,2,98,1,18,0,1,0,0,0,0,1,1,1,1,55,8,-1,-1,-1,-1,-1,-1
2016140056783,1,9,0,5,0,6,0,0,0,0,1,1,6,2,40,7,1229,1,5,-1,-1,-1
2016140056783,2,22,0,3,9,1,0,0,0,0,3,1,6,1,88,11,-1,-1,-1,-1,-1,-1
2016140056810,1,9,0,18,0,0,0,0,0,0,4,1,6,2,46,8,1995,1,15,2,1,2
2016140056859,1,9,0,18,0,0,5,0,7,11,1,1,6,3,-1,-1,1461,2,12,-1,-1,-1
2016140056897,1,9,0,17,0,0,1,0,7,11,2,1,6,2,20,4,1461,2,10,3,2,3
2016140056898,1,9,0,18,0,8,0,0,0,0,4,1,6,1,26,6,1590,1,23,4,1,4
2016140056898,2,9,0,12,0,8,0,0,0,0,3,1,6,3,-1,-1,1781,1,20,-1,-1,-1
2016140056935,1,9,0,18,0,1,1,4,0,0,1,1,6,2,26,6,1390,1,2,2,1,2
2016140056935,2,9,0,18,0,8,0,0,0,0,1,1,6,3,-1,-1,1796,1,17,-1,-1,-1
2016140056935,3,9,0,2,0,1,0,0,0,0,4,1,6,1,-1,-1,1998,1,9,-1,-1,-1
2016140056959,1,9,0,3,0,1,0,0,0,0,2,1,6,2,30,6,-1,-1,-1,7,2,7
2016140056959,2,9,0,3,0,1,0,0,0,0,1,1,6,1,68,10,996,1,6,-1,-1,-1
2016140056978,1,5,0,17,0,1,2,10,1,4,1,1,6,1,24,5,899,1,12,6,1,6
2016140056991,1,9,0,3,0,1,0,0,0,0,2,1,6,1,50,8,1560,2,4,7,1,7
2016140056991,2,9,0,18,0,1,0,0,0,0,1,1,6,1,36,7,998,1,15,4,1,4
2016140056996,1,9,0,9,0,5,0,0,0,0,1,1,6,2,46,8,1896,2,10,2,1,2
2016140056996,2,9,0,14,0,8,0,0,7,11,1,1,6,2,30,6,1997,1,13,2,1,2
2016140057012,1,9,0,18,0,0,0,7,0,0,1,1,1,2,61,9,1199,1,15,1,1,1
2016140057019,1,9,0,18,0,0,0,0,7,11,1,1,6,1,55,8,1388,1,13,2,1,2
2016140057019,2,9,0,18,0,0,0,0,7,9,1,1,6,1,33,6,1988,2,11,4,1,4
2016140057030,1,9,0,18,0,0,2,0,1,7,1,1,6,1,39,7,2184,2,13,-1,-1,-1
2016140057032,1,9,0,18,0,0,5,6,1,2,4,1,2,1,22,5,1388,1,9,1,1,1
2016140057033,1,9,0,1,0,8,0,0,0,0,2,1,6,3,-1,-1,-1,-1,-1,-1,-1,-1
2016140057067,1,9,0,18,0,3,0,0,1,0,3,1,6,1,22,5,1461,2,9,4,1,4
2016140057067,2,10,0,11,0,3,0,0,0,0,4,1,6,1,55,8,-1,-1,-1,7,1,7
2016140057118,1,9,0,18,0,0,0,0,0,0,1,1,2,2,37,7,998,1,2,5,1,5
2016140057151,1,97,0,18,0,0,2,10,0,0,0,1,6,1,24,5,-1,-1,-1,3,2,3
2016140057260,1,9,0,3,0,0,0,0,0,0,2,1,6,1,32,6,1896,2,15,4,1,4
2016140057260,2,9,0,18,0,0,0,0,0,0,1,1,6,3,-1,-1,1900,2,16,-1,-1,-1
2016140057288,1,9,0,9,0,5,0,0,0,0,1,1,1,1,37,7,1968,2,1,3,1,3
2016140057288,2,9,0,14,0,1,0,0,1,11,1,1,6,1,21,5,1399,2,12,2,1,2
2016140057292,1,9,0,9,0,5,0,0,0,0,4,1,6,1,25,5,1685,2,1,1,1,1
2016140057292,2,9,0,15,0,8,0,0,0,0,1,1,2,1,36,7,1461,2,2,8,1,8
2016140057292,3,-1,0,3,0,8,0,0,0,0,0,1,6,3,-1,-1,-1,-1,-1,-1,-1,-1
2016140057347,1,9,0,17,0,8,0,0,0,0,1,1,6,2,72,10,1560,2,2,1,1,1
2016140057347,2,9,0,18,0,1,0,0,0,0,1,1,6,1,28,6,1399,1,-1,1,1,1
2016140057366,1,21,1,16,0,0,5,0,0,0,0,1,1,1,47,8,12000,2,9,6,1,6
2016140057389,1,9,0,3,0,0,0,0,0,0,2,1,6,2,30,6,-1,-1,-1,4,2,4
2016140057389,2,9,0,18,0,0,0,0,0,0,1,1,6,1,67,10,2179,2,3,10,3,10
2016140057401,1,19,0,3,0,1,0,0,0,0,2,1,1,1,61,9,1560,2,2,2,1,2
2016140057401,2,9,0,18,0,1,0,0,0,0,1,1,6,2,-1,-1,2179,2,3,6,3,6
2016140057434,1,9,0,5,0,8,0,0,0,0,3,1,1,2,21,5,1598,1,4,3,2,3
2016140057434,2,9,0,11,0,8,0,0,0,0,4,1,6,1,-1,-1,1598,2,4,-1,-1,-1
2016140057450,1,9,0,10,0,5,0,0,0,0,2,1,6,1,46,8,1396,2,5,-1,-1,-1
2016140057450,2,19,0,18,0,5,0,0,0,0,1,1,2,1,52,8,1753,2,13,-1,-1,-1
2016140057452,1,9,0,3,0,4,0,0,0,0,2,1,6,2,22,5,1596,1,2,1,1,1
2016140057452,2,9,0,4,0,4,0,0,0,0,2,1,6,3,-1,-1,-1,-1,-1,-1,-1,-1
2016140057458,1,9,0,18,0,0,0,0,0,0,1,1,6,1,55,8,1498,1,8,6,1,6
2016140057458,2,9,0,18,0,0,0,0,0,0,1,1,1,1,62,9,-1,-1,-1,-1,-1,-1
2016140057458,3,9,0,18,0,0,0,0,0,0,1,1,6,1,28,6,1968,2,5,5,3,5
2016140057463,1,9,0,10,0,6,0,0,0,0,1,1,2,1,65,9,1149,1,2,4,1,4
2016140057463,2,3,0,18,0,8,0,0,0,0,4,1,2,1,36,7,124,1,7,2,1,2
2016140057471,1,9,0,18,0,0,0,0,0,0,4,1,6,1,79,11,1998,1,7,3,1,3
2016140057572,1,9,0,18,0,0,0,0,0,0,4,1,6,2,49,8,1995,2,1,6,3,6
2016140057803,1,98,1,17,0,8,0,0,0,0,1,2,1,1,41,7,-1,-1,-1,-1,-1,-1
2016140057803,2,9,0,16,0,3,0,0,2,7,4,1,6,1,47,8,1896,2,15,7,2,7
2016140057861,1,11,0,3,0,1,0,0,0,0,0,1,1,1,52,8,9360,2,8,8,1,8
2016140057871,1,9,0,10,0,1,0,0,0,0,2,1,6,1,37,7,2231,2,3,4,1,4
2016140057871,2,9,0,3,0,2,0,0,0,0,2,1,6,1,44,7,1242,1,1,2,1,2
2016140057871,3,9,0,18,0,1,0,0,0,0,1,1,6,2,28,6,-1,-1,-1,4,2,4
2016140057879,1,9,0,2,0,0,0,0,0,0,0,1,6,1,44,7,1968,2,7,4,1,4
2016140057879,2,9,0,18,0,0,0,0,0,0,4,1,6,3,-1,-1,1598,2,-1,-1,-1,-1
2016140057943,1,9,0,7,0,3,1,10,2,4,1,1,1,1,22,5,1598,1,9,3,1,3
2016140057944,1,9,0,18,0,4,0,9,0,0,1,1,1,1,54,8,1248,2,3,1,1,1
2016140057990,1,9,0,9,0,6,0,0,0,0,3,1,6,1,55,8,1995,2,1,10,1,10
2016140057990,2,9,0,18,0,1,0,0,0,0,1,1,6,2,22,5,1299,1,14,3,1,3
2016140058072,1,9,0,18,0,0,5,4,0,0,1,1,6,2,75,10,1242,1,2,3,2,3
2016140058072,2,9,0,2,0,0,0,0,0,0,2,1,6,2,57,9,1360,1,9,-1,-1,-1
2016140058097,1,9,0,4,0,8,0,0,0,0,3,1,6,1,21,5,1598,2,1,4,1,4
2016140058097,2,9,0,14,0,1,0,0,7,10,1,1,6,3,-1,-1,1600,2,7,-1,-1,-1
2016140058099,1,20,1,18,0,0,0,0,0,0,1,1,1,1,57,9,-1,-1,-1,-1,-1,-1
2016140058099,2,9,0,4,0,0,0,0,0,0,2,1,6,1,20,4,1229,1,5,6,3,6
2016140058099,3,9,0,4,0,0,0,0,0,0,2,1,6,2,28,6,996,1,3,5,2,5
2016140058099,4,9,0,4,0,0,0,0,0,0,2,1,6,1,47,8,1296,1,9,9,2,9
2016140058136,1,-1,0,3,0,0,0,0,0,0,1,1,6,3,-1,-1,-1,-1,-1,-1,-1,-1
2016140058136,2,1,0,3,0,0,0,0,0,0,2,1,1,1,31,6,-1,-1,-1,-1,-1,-1
2016140058158,1,9,0,18,0,0,0,4,1,0,1,1,6,1,19,4,1896,2,13,4,2,4
2016140058158,2,9,0,2,0,0,0,0,0,0,1,1,6,1,41,7,2993,2,3,1,1,1
2016140058158,3,9,0,2,0,0,0,0,0,0,1,1,6,1,38,7,1149,1,15,2,1,2
2016140058158,4,9,0,2,0,0,0,0,0,0,1,1,6,1,58,9,1598,2,2,2,1,2
2016140058158,5,9,0,2,0,0,0,0,0,0,1,1,6,2,29,6,1398,1,1,2,1,2
2016140058158,6,9,0,2,0,0,0,0,0,0,2,1,6,1,49,8,-1,-1,-1,2,1,2
2016140058170,1,9,0,4,0,1,0,0,0,0,1,1,2,2,50,8,1242,1,8,-1,-1,-1
2016140058170,2,9,0,9,0,6,0,0,0,0,1,1,6,2,20,4,998,1,9,-1,-1,-1
2016140058193,1,9,0,3,0,0,0,0,0,0,2,1,6,1,25,5,1360,1,16,2,1,2
2016140058193,2,9,0,18,0,0,0,0,0,0,1,1,6,3,-1,-1,-1,-1,-1,-1,-1,-1
2016140058205,1,9,0,5,0,4,1,0,0,0,1,1,6,1,38,7,1956,2,1,2,1,2
2016140058205,2,9,0,18,0,8,2,0,1,2,2,1,6,2,46,8,1461,2,7,9,3,9
2016140058208,1,11,0,3,0,1,0,0,0,0,2,1,1,1,58,9,4461,2,3,9,1,9
2016140058208,2,9,0,3,0,1,0,0,0,0,1,1,6,1,20,4,1896,2,12,2,1,2
2016140058208,3,9,0,18,0,1,0,0,0,0,2,1,6,3,-1,-1,1956,2,5,-1,-1,-1
2016140058226,1,9,0,18,0,1,0,0,0,0,4,1,6,2,55,8,1596,1,6,6,1,6
2016140058234,1,9,0,18,0,8,1,0,3,0,1,1,6,1,23,5,1360,1,14,1,1,1
2016140058239,1,9,0,18,0,8,0,0,0,0,1,1,6,1,42,7,1991,2,7,-1,-1,-1
2016140058239,2,11,0,18,0,8,0,0,0,0,3,1,1,1,32,6,7300,2,14,1,1,1
2016140058239,3,9,0,18,0,1,0,0,0,0,0,1,1,1,43,7,2967,2,2,1,1,1
2016140058257,1,19,0,2,0,2,0,0,0,0,4,1,6,1,-1,-1,1998,2,14,3,1,3
2016140058257,2,98,0,18,0,2,0,0,0,0,3,1,1,1,47,8,-1,-1,-1,6,1,6
2016140058276,1,1,0,18,0,1,0,0,0,0,3,1,2,1,29,6,-1,-1,-1,1,1,1
2016140058276,2,9,0,18,0,6,0,0,0,0,1,1,2,1,44,7,1781,1,16,3,1,3
2016140058285,1,9,0,18,0,0,0,0,0,0,2,1,6,2,20,4,998,1,6,2,1,2
2016140058285,2,9,0,18,0,0,0,0,0,0,2,1,6,1,29,6,-1,-1,-1,4,1,4
2016140058285,3,9,0,18,0,0,0,0,0,0,2,1,6,2,36,7,3226,2,16,6,1,6
2016140058285,4,98,1,18,0,0,1,0,0,0,1,1,1,1,57,9,-1,-1,-1,6,1,6
2016140058297,1,9,0,9,0,5,0,0,0,0,4,1,6,1,26,6,1598,1,11,5,1,5
2016140058297,2,9,0,18,0,1,0,0,1,10,4,1,6,1,44,7,1198,1,10,8,2,8
2016140058305,1,9,0,4,0,0,0,0,0,0,2,1,6,2,41,7,1896,2,14,6,1,6
2016140058305,2,9,0,18,0,0,0,0,0,0,1,1,6,1,36,7,1896,2,12,1,1,1
2016140058323,1,9,0,5,0,0,0,0,0,0,1,1,6,1,21,5,1229,1,2,1,1,1
2016140058323,2,9,0,3,0,0,0,0,0,0,2,1,6,1,39,7,1390,1,4,6,1,6
2016140058346,1,9,0,18,0,8,0,0,0,0,1,1,1,1,41,7,1686,2,9,-1,-1,-1
2016140058346,2,9,0,8,0,8,0,0,0,0,2,1,6,3,-1,-1,1598,1,13,-1,-1,-1
2016140058374,1,1,0,17,0,8,0,0,0,0,1,1,6,1,70,10,-1,-1,-1,6,1,6
2016140058374,2,9,0,9,0,6,0,0,0,0,4,1,6,2,20,4,-1,-1,-1,3,1,3
2016140058390,1,9,0,18,0,1,0,0,0,0,1,1,1,1,26,6,1968,2,5,1,1,1
2016140058390,2,9,0,18,0,1,0,0,0,0,2,1,6,1,31,6,1968,2,7,1,1,1
2016140058416,1,9,0,18,0,3,1,0,0,0,4,1,6,2,21,5,1149,1,13,7,1,7
2016140058416,2,19,0,18,0,3,0,0,0,0,3,1,6,1,47,8,1868,2,10,2,1,2
2016140058444,1,9,0,9,0,1,0,0,0,0,4,1,2,1,39,7,998,1,2,3,1,3
2016140058495,1,9,0,18,0,0,0,0,0,0,2,1,6,2,51,8,1598,2,4,7,3,7
2016140058495,2,21,1,18,0,0,0,0,0,0,1,1,1,1,38,7,12777,2,5,6,3,6
2016140058522,1,9,0,16,0,0,1,0,7,11,1,1,1,1,36,7,1997,2,4,6,2,6
2016140058531,1,9,0,18,0,1,0,0,0,0,1,1,6,2,40,7,1599,1,11,3,1,3
2016140058531,2,9,0,10,0,1,0,0,0,0,2,1,6,3,-1,-1,-1,-1,-1,-1,-1,-1
2016140058553,1,19,0,17,0,1,0,10,1,1,1,1,1,1,17,4,1560,2,5,6,1,6
2016140058568,1,9,0,18,0,2,0,0,0,0,1,1,6,1,25,5,1360,1,7,2,1,2
2016140058594,1,19,0,18,0,0,1,0,4,6,3,1,1,1,32,6,1399,2,9,5,2,5
2016140058594,2,21,1,11,0,0,0,0,0,0,1,1,1,1,-1,-1,11946,2,7,-1,-1,-1
2016140058610,1,9,0,18,0,2,0,0,0,0,3,1,3,1,40,7,-1,-1,-1,5,1,5
2016140058619,1,9,0,3,0,2,0,0,0,0,2,1,6,2,28,6,1968,2,5,2,1,2
2016140058619,2,9,0,18,0,2,0,0,0,0,1,1,6,3,-1,-1,1299,1,15,-1,-1,-1
2016140058626,1,1,0,18,1,8,0,0,0,0,0,1,6,1,25,5,-1,-1,-1,3,1,3
2016140058626,2,98,0,5,8,2,0,0,0,0,0,1,6,3,-1,-1,-1,-1,-1,-1,-1,-1
2016140058640,1,9,0,18,0,4,0,0,0,0,1,1,6,3,-1,-1,1896,2,12,-1,-1,-1
2016140058640,2,1,0,18,0,8,0,0,0,0,4,1,2,1,57,9,-1,-1,-1,10,1,10