Accident_Index,Vehicle_Reference,Vehicle_Type,Towing_and_Articulation,Vehicle_Manoeuvre,Vehicle_Location-Restricted_Lane,Junction_Location,Skidding_and_Overturning,Hit_Object_in_Carriageway,Vehicle_Leaving_Carriageway,Hit_Object_off_Carriageway,1st_Point_of_Impact,Was_Vehicle_Left_Hand_Drive?,Journey_Purpose_of_Driver,Sex_of_Driver,Age_of_Driver,Age_Band_of_Driver,Engine_Capacity_(CC),Propulsion_Code,Age_of_Vehicle,Driver_IMD_Decile,Driver_Home_Area_Type,Vehicle_IMD_Decile
2016140058658,1,9,0,18,0,4,0,0,0,0,1,1,6,1,33,6,1998,2,8,8,1,8
2016140058658,2,9,0,18,0,8,0,9,0,0,4,1,6,1,27,6,1461,2,5,-1,-1,-1
2016140058686,1,9,0,1,0,0,0,0,0,0,2,1,6,1,20,4,1560,2,5,7,1,7
2016140058690,1,9,0,18,0,0,0,0,0,0,1,1,2,1,31,6,1896,2,15,-1,-1,-1
2016140058690,2,1,0,18,0,0,0,0,1,0,2,1,2,1,42,7,-1,-1,-1,10,1,10
2016140058691,1,11,0,4,0,1,0,0,0,0,0,1,6,1,42,7,4461,2,3,2,1,2
2016140058693,1,9,0,10,0,8,0,0,0,0,2,1,1,1,28,6,1968,2,4,9,1,9
2016140058693,2,5,0,18,0,1,0,0,0,0,1,1,6,1,52,8,779,1,2,4,1,4
2016140058701,1,19,0,4,0,0,1,0,0,0,3,1,6,1,22,5,1998,2,11,5,3,5
2016140058702,1,9,0,17,0,0,0,0,0,0,1,1,6,1,18,4,1242,1,9,7,1,7
2016140058702,2,9,0,16,0,0,0,0,1,0,3,1,6,1,47,8,1896,2,9,3,1,3
2016140058702,3,9,0,16,0,0,0,0,1,0,1,1,6,1,43,7,2777,2,7,1,1,1
2016140058702,4,9,0,17,0,0,0,0,0,0,0,1,1,1,32,6,1598,2,1,1,1,1
2016140058714,1,9,0,5,0,1,0,0,0,0,1,1,6,1,72,10,1364,1,-1,4,1,4
2016140058717,1,9,0,6,0,8,0,0,0,0,4,1,6,1,46,8,1995,2,11,-1,-1,-1
2016140058717,2,9,0,18,0,1,1,0,0,0,1,1,6,2,21,5,1388,1,16,1,1,1
2016140058718,1,9,0,18,0,4,0,0,0,0,1,1,6,2,21,5,1248,1,2,5,1,5
2016140058718,2,1,0,18,0,4,0,0,0,0,2,1,6,2,49,8,-1,-1,-1,5,1,5
2016140058720,1,9,0,16,0,0,2,0,0,0,0,1,2,1,18,4,1686,2,6,2,2,2
2016140058792,1,9,0,3,0,0,0,0,0,0,2,1,6,2,26,6,1398,1,3,2,1,2
2016140058792,2,9,0,3,0,0,0,0,0,0,1,1,6,1,30,6,-1,-1,-1,2,1,2
2016140058792,3,9,0,18,0,0,0,0,0,0,1,1,6,2,59,9,1600,2,5,7,1,7
2016140058815,1,9,0,18,0,0,1,0,0,0,1,1,2,1,32,6,1596,1,10,8,1,8
2016140058815,2,21,1,18,0,0,0,0,0,0,3,1,1,1,32,6,12777,2,2,4,1,4
2016140058821,1,9,0,5,0,8,0,0,0,0,4,1,2,1,20,4,1398,1,1,1,1,1
2016140058821,2,9,0,18,0,1,0,0,0,0,1,1,2,1,28,6,1910,2,8,-1,-1,-1
2016140058834,1,9,0,18,0,0,1,0,0,0,1,1,2,1,56,9,1956,2,5,6,1,6
2016140058834,2,21,1,18,0,0,0,0,0,0,3,1,1,3,-1,-1,12809,2,3,-1,-1,-1
2016140058897,1,9,0,18,0,8,0,0,0,0,4,1,6,1,52,8,1685,2,3,2,1,2
2016140058897,2,9,0,9,0,6,0,0,0,0,1,1,6,1,80,11,1598,2,1,2,1,2
2016140058905,1,98,1,18,0,0,3,0,0,0,3,1,6,1,30,6,-1,-1,-1,2,1,2
2016140058905,2,20,1,18,0,0,0,0,0,0,1,1,1,1,39,7,-1,-1,-1,-1,-1,-1
2016140058905,3,9,0,18,0,0,0,0,0,0,4,1,6,2,56,9,2000,2,9,10,2,10
2016140058918,1,9,0,18,0,0,0,11,1,2,1,1,6,1,37,7,1998,1,11,1,1,1
2016140058965,1,9,0,4,0,1,0,0,0,0,3,1,1,1,55,8,1598,1,11,5,1,5
2016140058965,2,3,0,13,0,1,0,0,0,0,1,1,1,1,29,6,124,1,5,3,1,3
2016140058988,1,9,0,4,0,0,0,0,0,0,2,1,6,2,39,7,2776,2,10,5,1,5
2016140058988,2,9,0,4,0,0,0,0,0,0,1,1,6,2,38,7,1984,1,10,10,3,10
2016140059031,1,9,0,18,0,8,0,0,0,0,1,1,6,1,37,7,1896,2,12,8,1,8
2016140059031,2,9,0,5,0,8,0,4,0,0,3,1,6,2,35,6,1596,1,9,7,2,7
2016140059031,3,9,0,2,0,8,0,0,0,0,2,1,6,2,50,8,1490,1,6,2,1,2
2016140059051,1,9,0,18,0,0,2,0,1,9,4,1,6,1,54,8,996,1,5,7,1,7
2016140059051,2,9,0,18,0,0,0,0,0,0,3,1,6,1,53,8,1560,2,4,-1,-1,-1
2016140059068,1,9,0,7,0,5,0,0,0,0,1,1,6,2,29,6,1242,1,1,5,1,5
2016140059069,1,9,0,18,0,3,0,0,0,0,2,1,6,1,24,5,1360,1,9,5,1,5
2016140059069,2,20,0,17,0,8,0,0,0,0,1,1,1,1,25,5,-1,-1,-1,1,1,1
2016140059076,1,9,0,18,0,8,0,0,0,0,3,1,6,2,26,6,1242,1,15,1,1,1
2016140059076,2,9,0,9,0,8,0,0,0,0,3,1,6,1,52,8,-1,-1,-1,1,1,1
2016140059082,1,9,0,18,0,2,0,0,0,0,1,1,6,1,77,11,1149,1,12,3,1,3
2016140059097,1,9,0,18,0,1,0,0,0,0,1,1,6,3,-1,-1,-1,-1,-1,-1,-1,-1
2016140059097,2,9,0,3,0,1,0,0,0,0,2,1,2,2,50,8,1910,2,14,2,1,2
2016140059097,3,9,0,3,0,1,0,0,0,0,2,1,6,2,50,8,1560,2,1,2,1,2
2016140059105,1,9,0,3,0,1,0,0,0,0,2,1,6,2,34,6,1598,1,13,2,1,2
2016140059105,2,9,0,5,0,1,0,0,0,0,1,1,6,2,-1,-1,1242,1,7,-1,-1,-1
2016140059108,1,9,0,18,0,0,0,0,1,0,3,1,6,2,50,8,1995,2,2,4,1,4
2016140059108,2,9,0,18,0,0,0,0,0,0,3,1,6,1,22,5,1968,2,9,-1,-1,-1
2016140059110,1,9,0,18,0,8,0,0,0,0,1,1,2,1,47,8,1390,1,11,2,1,2
2016140059110,2,9,0,7,0,6,0,0,0,0,3,1,6,3,-1,-1,-1,-1,-1,-1,-1,-1
2016140059156,1,9,0,18,0,0,1,0,1,11,1,1,1,2,19,4,1149,1,13,3,1,3
2016140059175,1,9,0,18,0,0,0,0,5,6,1,1,6,1,22,5,1598,1,10,1,2,1
2016140059176,1,9,0,2,0,1,0,0,0,0,0,1,6,1,37,7,2171,1,14,1,1,1
2016140059176,2,9,0,14,0,1,0,0,0,0,0,1,1,1,-1,-1,-1,-1,-1,1,1,1
2016140059207,1,20,0,4,0,0,1,0,0,0,1,1,1,1,58,9,3920,2,3,2,1,2
2016140059207,2,9,0,4,0,0,0,0,0,0,2,1,1,1,37,7,-1,-1,-1,-1,-1,-1
2016140059207,3,9,0,4,0,0,0,0,0,0,2,1,1,1,45,7,1995,2,9,6,1,6
2016140059207,4,9,0,4,0,0,0,0,0,0,2,1,1,2,46,8,1399,2,4,8,1,8
2016140059207,5,9,0,4,0,0,0,0,0,0,1,1,6,2,46,8,3628,2,9,-1,-1,-1
2016140059273,1,9,0,10,0,8,0,0,0,0,2,1,6,2,20,4,1086,1,6,1,1,1
2016140059273,2,21,1,4,0,1,0,0,0,0,1,1,1,1,59,9,-1,2,1,3,1,3
2016140059299,1,9,0,9,0,8,0,0,0,0,4,1,6,2,52,8,1198,1,6,-1,-1,-1
2016140059299,2,3,0,15,2,1,1,0,0,0,1,1,6,1,25,5,124,1,7,3,1,3
2016140059334,1,9,0,2,0,1,0,0,0,0,3,1,6,1,21,5,1910,2,9,1,1,1
2016140059334,2,9,0,9,0,1,1,4,0,0,3,1,6,1,21,5,998,1,9,-1,-1,-1
2016140059352,1,1,0,18,2,8,1,0,0,0,1,1,6,1,22,5,-1,-1,-1,4,1,4
2016140059352,2,9,0,9,0,8,0,0,0,0,4,1,6,2,-1,-1,1598,2,1,10,1,10
2016140059579,1,9,0,3,0,0,0,0,0,0,2,1,6,1,76,11,1994,2,16,3,2,3
2016140059579,2,9,0,3,0,0,0,0,0,0,2,1,6,1,20,4,1124,1,13,1,1,1
2016140059579,3,9,0,18,0,0,0,0,0,0,1,1,6,2,22,5,1422,2,8,3,1,3
2016140059694,1,9,0,4,0,0,0,0,0,0,2,1,6,1,27,6,2720,2,10,8,1,8
2016140059694,2,9,0,4,0,0,0,0,0,0,2,1,6,1,25,5,1598,1,7,5,1,5
2016140059694,3,9,0,4,0,0,0,0,0,0,2,1,6,1,24,5,1399,2,4,10,1,10
2016140059694,4,9,0,4,0,0,0,0,0,0,1,1,6,1,36,7,2143,2,1,8,3,8
2016140059700,1,3,0,12,0,0,0,0,0,0,1,1,6,1,24,5,125,1,5,1,1,1
2016140059700,2,98,0,18,0,0,0,0,0,0,1,1,6,1,23,5,-1,-1,-1,2,1,2
2016140059734,1,9,0,18,0,1,0,4,0,0,1,1,6,1,26,6,1299,1,11,2,1,2
2016140059734,2,9,0,2,0,1,0,0,0,0,1,1,6,2,68,10,1560,2,3,2,1,2
2016140059734,3,9,0,2,0,1,0,0,0,0,2,1,6,2,48,8,1388,1,6,2,1,2
2016140059877,1,9,0,4,0,1,0,0,0,0,2,1,1,2,30,6,1499,2,-1,4,1,4
2016140059877,2,9,0,18,0,1,0,0,0,0,1,1,6,1,48,8,1598,2,1,2,1,2
2016140059877,3,9,0,3,0,8,0,0,0,0,0,1,6,3,-1,-1,1398,1,3,-1,-1,-1
2016140059938,1,9,0,7,0,5,0,0,0,0,4,1,2,1,58,9,698,1,11,7,1,7
2016140059938,2,1,0,18,9,1,0,0,0,0,1,1,2,1,30,6,-1,-1,-1,3,1,3
2016140059951,1,9,0,5,0,1,0,0,0,0,1,1,6,2,36,7,1796,1,9,2,1,2
2016140059979,1,9,0,18,0,0,0,0,0,0,1,1,6,2,22,5,999,1,16,1,1,1
2016140059988,1,9,0,18,0,0,5,0,2,7,1,1,6,1,43,7,1753,2,14,1,1,1
2016140060064,1,9,0,4,0,1,0,0,0,0,1,1,6,2,24,5,1242,1,2,4,1,4
2016140060087,1,9,0,14,0,2,0,0,0,0,2,1,2,2,26,6,1199,1,15,3,1,3
2016140060087,2,9,0,18,0,2,0,0,0,0,1,1,6,3,-1,-1,1796,1,12,-1,-1,-1
2016140060087,3,19,0,10,0,1,0,0,0,0,3,1,6,1,39,7,1995,2,8,-1,-1,-1
2016140060135,1,9,0,1,0,0,0,0,0,0,2,1,6,1,-1,-1,1769,1,13,1,1,1
2016140060194,1,9,0,5,0,0,0,0,0,0,4,1,6,1,54,8,1998,2,5,7,2,7
2016140060194,2,9,0,18,0,0,0,0,0,0,3,1,3,2,33,6,998,1,7,1,1,1
2016140060197,1,9,0,9,0,8,0,0,7,0,1,1,6,2,54,8,1997,1,15,7,1,7
2016140060197,2,3,0,13,0,8,0,0,7,0,4,1,6,1,20,4,124,1,1,6,1,6
2016140060206,1,9,0,18,0,0,0,0,0,0,3,1,6,2,48,8,1870,2,11,2,1,2
2016140060209,1,9,0,16,0,0,0,0,0,0,1,1,6,2,31,6,1598,2,5,6,1,6
2016140060209,2,9,0,17,0,0,1,0,0,0,1,1,6,2,24,5,-1,-1,-1,10,1,10
2016140060236,1,9,0,15,0,0,0,0,0,0,2,1,6,1,41,7,-1,-1,-1,3,1,3
2016140060236,2,9,0,18,0,0,0,0,0,0,1,1,6,3,-1,-1,-1,-1,-1,-1,-1,-1
2016140060289,1,9,0,18,0,1,0,0,0,0,2,1,6,1,40,7,1149,1,12,4,1,4
2016140060289,2,9,0,18,0,1,0,0,0,0,1,1,6,3,-1,-1,1390,1,11,-1,-1,-1
2016140060311,1,9,0,16,0,1,1,10,0,0,1,1,6,1,22,5,1896,2,12,8,1,8
2016140060334,1,9,0,18,0,0,0,0,0,0,4,1,1,1,30,6,2980,2,22,1,1,1
2016140060420,1,9,0,18,0,1,0,0,0,0,1,1,6,2,49,8,1560,2,4,5,1,5
2016140060457,1,9,0,4,0,1,0,0,0,0,1,1,6,1,80,11,1968,2,1,4,1,4
2016140060457,2,9,0,14,0,2,0,0,0,0,2,1,6,2,40,7,1598,1,10,1,1,1
2016140060457,3,9,0,2,0,1,0,0,0,0,2,1,6,1,62,9,1995,2,3,1,1,1
2016140060458,1,9,0,18,0,0,0,0,0,0,2,1,6,1,29,6,2171,2,13,4,1,4
2016140060458,2,19,0,12,0,0,0,0,0,0,1,1,1,1,56,9,2198,2,7,2,1,2
2016140060465,1,9,0,4,0,2,0,0,0,0,0,1,6,1,39,7,1998,2,8,-1,-1,-1
2016140060481,1,9,0,18,0,3,0,0,0,0,4,1,2,1,35,6,1560,2,3,8,2,8
2016140060481,2,97,0,5,0,4,1,0,0,0,1,1,2,1,54,8,-1,-1,-1,5,1,5
2016140060505,1,9,0,3,0,0,0,0,0,0,2,1,6,1,19,4,1368,1,5,1,1,1
2016140060505,2,9,0,18,0,0,0,0,1,0,1,1,6,2,-1,-1,1598,1,15,-1,-1,-1
2016140060514,1,9,0,18,0,0,0,11,0,0,3,1,6,3,-1,-1,1598,1,16,-1,-1,-1
2016140060562,1,19,0,4,0,1,0,0,0,0,2,1,2,1,48,8,1598,2,2,3,1,3
2016140060562,2,9,0,18,0,1,1,0,0,0,1,1,2,1,19,4,1242,1,13,2,1,2
2016140060590,1,9,0,7,0,5,0,0,0,0,1,1,6,3,-1,-1,-1,-1,-1,-1,-1,-1
2016140060782,1,9,0,13,0,1,0,0,0,0,4,1,6,1,-1,-1,1339,1,1,2,1,2
2016140060782,2,3,0,18,0,1,0,0,0,0,3,1,1,1,36,7,124,1,3,5,1,5
2016140060790,1,9,0,18,0,2,0,0,0,0,1,1,6,2,39,7,1461,2,6,-1,-1,-1
2016140060806,1,9,0,10,0,6,0,0,0,0,3,1,6,2,20,4,1598,2,5,4,1,4
2016140060806,2,9,0,4,0,1,0,0,0,0,1,1,6,1,60,9,1997,2,3,1,1,1
2016140060838,1,9,0,11,0,3,0,0,0,0,4,1,1,1,58,9,1598,2,4,3,1,3
2016140060838,2,1,0,18,0,3,0,0,0,0,3,1,6,1,77,11,-1,-1,-1,2,1,2
2016140060850,1,9,0,18,0,0,1,0,0,0,1,1,6,2,54,8,1591,1,4,-1,-1,-1
2016140060850,2,11,0,18,0,0,0,0,0,0,1,1,1,1,62,9,4500,2,6,4,1,4
2016140060850,3,9,0,18,0,0,0,0,0,0,1,1,6,1,44,7,-1,-1,-1,1,1,1
2016140060867,1,9,0,17,0,0,5,10,1,10,4,1,6,1,40,7,1685,2,3,5,2,5
2016140060976,1,-1,0,14,0,0,0,0,0,0,1,1,6,3,-1,-1,-1,-1,-1,-1,-1,-1
2016140061003,1,9,0,18,0,8,0,0,0,0,4,1,1,2,57,9,1229,1,2,5,1,5
2016140061003,2,1,0,18,0,8,0,0,0,0,3,1,6,2,7,2,-1,-1,-1,1,1,1
2016140061026,1,9,0,18,0,1,0,0,0,0,1,1,6,1,57,9,1896,2,10,2,1,2
2016140061026,2,9,0,5,0,6,0,0,0,0,4,1,6,1,57,9,2497,2,11,7,1,7
2016140061028,1,9,0,16,0,1,0,0,7,2,1,1,2,1,49,8,1198,1,7,1,1,1
2016140061098,1,9,0,18,0,2,0,0,0,0,1,1,6,1,67,10,1390,1,13,3,2,3
2016140061158,1,2,0,2,0,0,0,0,0,0,3,1,6,1,22,5,49,1,10,-1,-1,-1
2016140061158,2,2,0,2,0,0,0,0,0,0,4,1,6,1,20,4,49,1,10,2,1,2
2016140061158,3,97,0,18,0,0,1,4,0,0,1,1,6,1,20,4,-1,-1,-1,4,1,4
2016140061186,1,9,0,9,0,2,0,0,0,0,4,1,6,3,-1,-1,-1,-1,-1,-1,-1,-1
2016140061186,2,3,0,18,0,8,1,0,0,0,1,1,6,1,19,4,-1,-1,-1,1,1,1
2016140061207,1,9,0,18,0,0,1,0,8,4,1,1,6,2,31,6,1242,1,10,2,1,2
2016140061211,1,9,0,9,0,5,0,0,0,0,1,1,6,1,44,7,1360,1,14,3,1,3
2016140061211,2,9,0,7,0,1,0,0,0,0,1,1,6,2,53,8,1598,1,8,3,1,3
2016140061220,1,-1,0,18,0,0,0,0,0,0,4,1,6,3,-1,-1,-1,-1,-1,-1,-1,-1
2016140061229,1,9,0,18,0,0,5,0,1,0,4,1,6,3,-1,-1,1753,2,13,-1,-1,-1
2016140061229,2,9,0,18,0,0,0,0,0,0,2,1,6,1,71,10,1329,1,2,6,1,6
2016140061247,1,9,0,18,0,2,0,0,0,0,1,1,2,2,45,7,1560,2,2,8,1,8
2016140061323,1,9,0,9,0,8,0,0,0,0,3,1,6,2,39,7,1994,1,12,4,1,4
2016140061323,2,97,0,13,0,8,0,0,0,0,1,1,6,1,36,7,-1,-1,-1,5,1,5
2016140061401,1,9,0,9,0,8,0,0,0,0,3,1,6,1,51,8,1968,2,4,1,1,1
2016140061401,2,9,0,18,0,1,1,0,0,0,1,1,6,3,-1,-1,1598,1,7,-1,-1,-1
2016140061401,3,9,0,2,0,1,0,0,0,0,3,1,6,1,31,6,1968,2,7,1,1,1
2016140061471,1,9,0,2,0,1,0,0,0,0,0,1,6,2,64,9,998,1,16,1,1,1
2016140061471,2,9,0,14,0,1,0,0,0,0,1,1,6,1,43,7,1995,2,5,5,1,5
2016140061537,1,9,0,18,0,2,2,11,0,0,3,1,3,2,42,7,1596,1,1,5,1,5
2016140061537,2,9,0,2,0,1,0,4,0,0,4,1,6,1,53,8,1796,1,13,5,1,5
2016140061537,3,9,0,2,0,1,0,4,0,0,4,1,6,1,53,8,-1,-1,-1,5,1,5
2016140061552,1,9,0,18,0,8,0,0,0,0,4,1,1,1,31,6,-1,-1,-1,-1,-1,-1
2016140061552,2,9,0,9,0,6,0,0,0,0,1,1,6,1,26,6,1968,2,11,2,1,2
2016140061605,1,9,0,18,0,1,0,0,0,0,1,1,6,2,29,6,1461,2,7,1,1,1
2016140061605,2,9,0,5,0,6,0,0,0,0,4,1,6,2,57,9,1242,1,7,7,1,7
2016140061616,1,9,0,7,0,2,0,0,0,0,1,1,6,1,19,4,1242,1,10,4,1,4
2016140061616,2,9,0,4,0,1,0,0,0,0,1,1,6,2,54,8,1997,2,1,1,1,1
2016140061652,1,21,1,3,0,0,0,0,0,0,1,1,1,1,44,7,12130,2,11,2,1,2
2016140061652,2,9,0,14,0,0,0,4,0,0,1,1,1,2,22,5,998,1,3,9,1,9
2016140061656,1,9,0,16,0,1,0,0,0,0,1,1,6,1,42,7,1598,2,1,1,1,1
2016140061656,2,98,0,16,0,2,0,0,0,0,1,1,6,3,-1,-1,-1,-1,-1,-1,-1,-1
2016140061673,1,9,0,17,0,2,1,4,0,0,1,1,6,1,27,6,999,1,7,7,2,7
2016140061673,2,98,0,2,0,2,0,0,0,0,2,1,1,1,55,8,-1,-1,-1,7,3,7
2016140061694,1,9,0,18,0,1,0,0,0,0,1,1,6,2,24,5,1397,1,7,7,1,7
2016140061694,2,9,0,5,0,6,0,0,0,0,3,1,6,2,27,6,1598,1,9,1,1,1
2016140061770,1,9,0,9,0,8,0,0,0,0,3,1,1,1,39,7,1997,2,8,5,1,5
2016140061770,2,9,0,14,0,8,0,0,0,0,4,1,1,1,-1,-1,2993,2,3,-1,-1,-1
2016140061824,1,9,0,5,0,8,0,0,7,0,3,1,6,1,77,11,1798,8,4,8,1,8
2016140061824,2,21,0,18,0,8,0,0,7,0,1,1,1,1,38,7,12900,2,8,2,1,2
2016140061922,1,9,0,1,0,8,0,8,0,0,4,1,6,3,-1,-1,1995,2,11,-1,-1,-1
2016140061922,2,9,0,2,0,1,0,0,0,0,3,1,6,1,41,7,1686,2,3,5,1,5
2016140061923,1,9,0,9,0,8,0,0,0,0,3,1,6,1,21,5,1149,1,1,7,2,7
2016140061923,2,1,0,18,0,1,0,0,0,0,3,1,6,1,41,7,-1,-1,-1,3,1,3
2016140061991,1,9,0,18,0,0,0,0,0,0,4,1,6,2,46,8,1229,1,2,1,1,1
2016140061991,2,9,0,2,9,0,0,0,0,0,3,1,6,1,-1,-1,-1,-1,-1,4,1,4
2016140062034,1,21,0,7,0,0,0,0,0,0,4,1,1,1,25,5,12777,2,5,7,1,7
2016140062034,2,9,0,15,0,0,0,0,0,0,3,1,2,2,36,7,1910,2,12,4,1,4
2016140062113,1,9,0,18,0,0,0,0,0,0,1,1,3,2,45,7,1598,2,1,7,1,7
2016140062121,1,9,0,8,0,1,0,0,0,0,2,1,6,1,35,6,1124,1,12,2,2,2
2016140062247,1,9,0,18,0,0,0,0,0,0,4,1,6,2,44,7,1242,1,10,1,1,1
2016140062273,1,9,0,17,0,8,0,0,1,11,3,1,1,1,26,6,1360,1,12,1,1,1
2016140062273,2,9,0,17,0,8,0,10,0,0,1,1,6,1,27,6,1999,1,4,8,1,8
2016140062306,1,9,0,4,0,8,0,0,0,0,2,1,6,2,46,8,1332,1,17,1,1,1
2016140062306,2,9,0,18,0,1,0,0,0,0,1,1,1,1,34,6,1968,2,4,1,1,1
2016140062310,1,9,0,4,0,1,0,0,0,0,1,1,6,1,62,9,1956,2,3,4,2,4
2016140062310,2,9,0,2,0,1,0,0,0,0,2,1,6,2,69,10,2198,2,7,1,1,1
2016140062312,1,9,0,3,0,1,0,0,0,0,2,1,1,1,29,6,1995,1,10,1,1,1
2016140062312,2,9,0,18,0,1,0,0,0,0,1,1,6,3,-1,-1,-1,-1,-1,-1,-1,-1
2016140062342,1,8,0,3,0,1,0,0,0,0,2,1,1,1,24,5,1896,2,7,2,1,2
2016140062342,2,11,0,18,0,1,0,0,0,0,1,1,1,1,36,7,4461,2,3,1,1,1
2016140062350,1,9,0,3,0,0,0,0,0,0,1,1,6,1,38,7,1360,1,13,1,1,1
2016140062350,2,98,0,1,0,0,0,0,0,0,2,1,1,1,34,6,-1,-1,-1,1,1,1
2016140062382,1,9,0,18,0,4,0,0,0,0,1,1,6,1,43,7,1968,2,6,7,1,7
2016140062382,2,8,0,18,0,8,0,0,0,0,4,1,1,1,50,8,1997,2,9,5,1,5
2016140062401,1,9,0,18,0,3,1,0,0,0,2,1,6,1,23,5,1896,2,9,2,1,2
2016140062401,2,9,0,18,0,3,0,0,0,0,1,1,6,1,25,5,1910,2,9,-1,-1,-1
2016140062411,1,9,0,18,0,1,0,0,0,0,2,1,6,2,61,9,-1,-1,-1,2,1,2
2016140062411,2,9,0,18,0,1,0,0,0,0,1,1,6,1,21,5,1349,1,4,5,3,5
2016140062418,1,8,0,4,0,0,0,0,0,0,1,1,1,1,28,6,2499,2,7,3,1,3
2016140062424,1,1,0,15,0,1,0,0,0,0,1,1,6,1,29,6,-1,-1,-1,5,1,5
2016140062424,2,9,0,9,0,6,0,0,0,0,3,1,6,1,54,8,-1,-1,-1,4,1,4
2016140062453,1,9,0,2,0,0,0,0,0,0,4,1,6,1,24,5,1956,2,-1,1,1,1
2016140062453,2,9,0,18,0,0,0,4,0,0,4,1,6,1,-1,-1,1968,2,7,3,1,3
2016140062467,1,9,0,9,0,1,0,0,0,0,1,1,6,1,53,8,973,1,16,2,1,2
2016140062467,2,9,0,10,0,1,0,0,0,0,2,1,6,2,20,4,-1,-1,-1,1,2,1
2016140062513,1,9,0,4,0,0,0,0,0,0,1,1,6,1,54,8,1998,2,9,7,1,7
2016140062513,2,9,0,3,0,0,0,0,0,0,2,1,6,2,23,5,1587,1,16,1,1,1
2016140062519,1,9,0,2,0,1,0,0,0,0,4,1,6,1,20,4,998,1,12,2,1,2
2016140062519,2,9,0,18,0,1,0,0,0,0,1,1,6,3,-1,-1,-1,-1,-1,-1,-1,-1
2016140062543,1,9,0,9,0,1,0,0,0,0,3,1,6,1,24,5,1595,1,13,2,1,2
2016140062543,2,9,0,13,0,1,0,0,0,0,1,1,6,1,29,6,1798,1,8,4,1,4
2016140062562,1,9,0,3,0,4,0,0,0,0,2,1,6,2,55,8,1598,1,3,3,1,3
2016140062562,2,9,0,3,0,4,0,0,0,0,1,1,6,3,-1,-1,-1,-1,-1,-1,-1,-1
2016140062624,1,9,0,18,0,0,0,0,0,0,3,1,2,1,30,6,1999,1,7,5,1,5
2016140062624,2,9,0,15,0,0,1,0,0,0,4,1,6,1,51,8,1956,2,5,7,3,7
2016140062624,3,9,0,18,0,0,0,0,0,0,3,1,6,2,50,8,1998,2,5,3,1,3
2016140062630,1,9,0,18,0,0,0,0,0,0,1,1,2,1,31,6,1796,1,12,6,1,6
2016140062630,2,9,0,12,0,0,0,0,0,0,2,1,6,2,23,5,1299,1,13,-1,-1,-1
2016140062646,1,1,0,18,0,8,0,0,0,0,2,1,1,2,-1,-1,-1,-1,-1,-1,-1,-1
2016140062646,2,8,0,18,0,6,0,0,0,0,1,1,6,1,27,6,2685,2,14,2,1,2
2016140062670,1,9,0,18,0,0,0,0,0,0,4,1,6,3,-1,-1,-1,-1,-1,-1,-1,-1
2016140062682,1,98,1,9,0,8,0,0,0,0,3,1,1,1,26,6,-1,-1,-1,-1,-1,-1
2016140062682,2,19,0,18,0,3,0,0,0,0,4,1,1,1,47,8,2460,2,9,10,1,10
2016140062688,1,19,0,18,0,1,0,4,0,0,1,1,6,1,42,7,1560,2,3,1,1,1
2016140062688,2,9,0,10,0,1,0,0,0,0,2,1,6,1,32,6,2987,2,6,-1,-1,-1
2016140062706,1,9,0,10,0,5,0,0,0,0,2,1,6,1,55,8,1598,1,8,4,1,4
2016140062706,2,9,0,3,0,8,0,0,0,0,1,1,2,2,19,4,1124,1,13,2,3,2
2016140062739,1,9,0,16,0,1,1,0,8,11,1,1,2,2,33,6,998,1,11,1,1,1
2016140062775,1,5,0,14,0,1,5,0,0,0,1,1,6,1,23,5,598,1,24,-1,-1,-1
2016140062775,2,9,0,5,0,6,0,0,0,0,1,1,6,2,50,8,-1,-1,-1,8,1,8
2016140062826,1,9,0,7,0,7,0,0,0,0,1,1,6,1,24,5,3000,1,15,1,1,1
2016140062826,2,9,0,18,0,1,0,0,0,0,1,1,6,1,-1,-1,-1,-1,-1,1,1,1
2016140063004,1,11,0,4,0,0,0,0,0,0,0,1,1,1,56,9,4500,2,4,1,1,1
2016140063094,1,9,0,18,0,1,0,10,0,0,4,1,6,1,30,6,1998,1,9,2,1,2
2016140063094,2,9,0,12,0,1,0,0,0,0,3,1,6,3,-1,-1,1596,1,9,-1,-1,-1
2016140063218,1,9,0,6,0,0,0,0,0,0,3,1,1,2,30,6,998,1,9,5,3,5
2016140063218,2,1,0,18,0,0,0,0,0,0,1,1,6,1,34,6,-1,-1,-1,9,2,9
2016140063221,1,9,0,9,0,1,0,0,0,0,1,1,6,2,37,7,1560,2,2,5,3,5
2016140063221,2,9,0,18,0,8,0,0,0,0,1,1,6,2,27,6,2987,2,10,3,1,3
2016140063231,1,9,0,17,0,0,5,0,1,0,3,1,6,1,42,7,-1,-1,-1,6,3,6
2016140063231,2,9,0,16,0,0,0,0,0,0,3,1,6,1,70,10,1598,1,3,10,1,10
2016140063255,1,9,0,5,0,6,0,0,3,0,1,1,6,2,21,5,1248,2,6,9,1,9
2016140063255,2,9,0,18,0,8,0,0,1,1,3,1,6,1,34,6,2967,2,4,9,2,9
2016140063267,1,9,0,18,0,1,0,0,0,0,1,1,6,1,46,8,1796,1,6,2,1,2
2016140063284,1,9,0,17,0,1,0,0,0,0,3,1,1,2,45,7,1598,2,1,7,1,7