Accident_Index,Vehicle_Reference,Vehicle_Type,Towing_and_Articulation,Vehicle_Manoeuvre,Vehicle_Location-Restricted_Lane,Junction_Location,Skidding_and_Overturning,Hit_Object_in_Carriageway,Vehicle_Leaving_Carriageway,Hit_Object_off_Carriageway,1st_Point_of_Impact,Was_Vehicle_Left_Hand_Drive?,Journey_Purpose_of_Driver,Sex_of_Driver,Age_of_Driver,Age_Band_of_Driver,Engine_Capacity_(CC),Propulsion_Code,Age_of_Vehicle,Driver_IMD_Decile,Driver_Home_Area_Type,Vehicle_IMD_Decile
2016140063284,2,9,0,16,0,2,0,0,0,0,3,1,6,1,17,4,-1,-1,-1,1,1,1
2016140063360,1,9,0,18,0,2,0,0,0,0,1,1,6,1,-1,-1,1997,2,6,2,1,2
2016140063360,2,1,0,18,4,2,0,0,0,0,2,1,6,1,20,4,-1,-1,-1,1,1,1
2016140063425,1,1,0,18,0,8,0,0,0,0,1,1,6,1,48,8,-1,-1,-1,1,1,1
2016140063425,2,9,0,5,0,6,0,0,0,0,1,1,6,3,-1,-1,1149,1,14,-1,-1,-1
2016140063469,1,9,0,3,0,1,0,0,0,0,2,1,6,1,42,7,1997,2,13,5,1,5
2016140063469,2,9,0,18,0,1,0,0,0,0,1,1,6,3,-1,-1,-1,-1,-1,-1,-1,-1
2016140063699,1,9,0,18,0,0,0,0,0,0,2,1,2,2,45,7,1595,1,5,1,1,1
2016140063699,2,9,0,18,0,0,0,0,0,0,1,1,6,2,25,5,1197,1,1,3,1,3
2016140063721,1,9,0,18,0,0,0,0,0,0,2,1,6,1,22,5,2179,2,9,1,1,1
2016140063721,2,9,0,18,0,0,0,0,0,0,1,1,6,3,-1,-1,-1,-1,-1,-1,-1,-1
2016140064183,1,9,0,18,0,0,0,0,7,0,3,1,6,2,41,7,1997,2,6,7,1,7
2016140064183,2,9,0,18,0,0,0,0,7,0,3,1,6,1,22,5,1896,2,15,1,2,1
2016140064302,1,9,0,18,0,8,0,0,0,0,4,1,6,2,24,5,1242,1,16,1,1,1
2016140064302,2,19,0,5,0,6,0,0,0,0,1,1,6,1,26,6,1998,2,11,9,1,9
2016140064390,1,9,0,16,0,0,1,10,2,11,1,1,6,1,22,5,2835,2,18,1,2,1
2016140064390,2,9,0,18,0,0,0,0,1,11,1,1,6,1,56,9,1398,1,5,7,1,7
2016140064397,1,8,0,18,0,2,0,0,0,0,1,1,1,1,33,6,1956,2,6,1,1,1
2016140064401,1,9,0,18,0,0,0,0,0,0,1,1,6,1,23,5,1108,1,10,10,1,10
2016140064401,2,9,0,3,0,0,0,0,0,0,2,1,1,1,38,7,-1,-1,-1,-1,-1,-1
2016140064401,3,9,0,3,0,0,0,0,0,0,2,1,6,2,34,6,1598,1,11,3,1,3
2016140064421,1,9,0,18,0,1,0,0,0,0,1,1,6,1,39,7,998,1,11,3,1,3
2016140064421,2,9,0,9,0,5,0,0,0,0,4,1,6,1,84,11,999,1,1,2,2,2
2016140064426,1,9,0,4,0,6,0,0,0,0,3,1,1,2,40,7,1461,2,5,3,1,3
2016140064426,2,9,0,18,0,1,0,0,0,0,1,1,1,1,30,6,1248,2,4,3,1,3
2016140064581,1,9,0,5,0,6,0,0,0,0,3,1,6,2,70,10,998,1,4,7,1,7
2016140064581,2,9,0,18,0,1,0,0,0,0,1,1,6,1,25,5,1199,1,14,2,1,2
2016140064628,1,9,0,9,0,6,0,0,0,0,1,1,6,2,36,7,1910,2,11,9,1,9
2016140064628,2,9,0,18,0,1,0,0,0,0,1,1,6,1,30,6,1999,2,-1,10,2,10
2016140064714,1,9,0,17,0,0,5,0,0,0,0,1,6,1,34,6,1296,1,16,3,1,3
2016140064714,2,9,0,17,0,0,0,0,0,0,0,1,1,1,46,8,1956,2,4,3,1,3
2016140064733,1,9,0,18,0,1,0,0,0,0,4,1,2,2,28,6,1199,1,13,7,3,7
2016140064733,2,9,0,5,0,6,0,0,0,0,3,1,6,1,55,8,1796,1,8,1,1,1
2016140064750,1,3,0,4,0,1,0,0,0,0,1,1,6,1,22,5,125,1,6,7,1,7
2016140064750,2,9,0,9,0,8,0,0,0,0,1,1,6,2,38,7,1398,1,5,5,1,5
2016140064756,1,9,0,16,0,8,0,0,0,0,1,1,6,2,37,7,2198,1,10,7,1,7
2016140064763,1,9,0,3,0,2,0,0,0,0,2,1,2,2,23,5,998,1,9,5,1,5
2016140064763,2,9,0,18,0,2,0,0,0,0,1,1,2,1,26,6,1388,1,11,1,1,1
2016140064773,1,5,0,11,0,0,1,0,0,0,4,1,1,1,44,7,1050,1,7,1,1,1
2016140064773,2,9,0,18,0,0,0,0,0,0,3,1,1,1,42,7,1968,2,7,8,1,8
2016140064897,1,9,0,18,0,3,0,0,0,0,1,1,2,2,49,8,1798,1,13,8,1,8
2016140064897,2,9,0,3,0,3,0,0,0,0,2,1,2,1,54,8,2987,2,7,6,1,6
2016140064937,1,10,0,4,0,0,0,0,0,0,1,1,1,1,69,10,2148,2,9,1,1,1
2016140064937,2,9,0,4,0,0,0,0,0,0,1,1,6,1,32,6,1598,2,5,5,1,5
2016140064937,3,9,0,4,0,0,0,0,0,0,2,1,6,2,38,7,1998,2,12,3,1,3
2016140065027,1,9,0,10,0,1,0,0,0,0,2,1,6,2,29,6,1896,2,9,2,1,2
2016140065027,2,9,0,18,0,1,0,0,0,0,1,1,6,2,62,9,1997,2,5,7,1,7
2016140065167,1,9,0,18,0,0,0,0,5,6,4,1,6,1,32,6,1560,2,10,1,1,1
2016140065167,2,9,0,18,0,0,0,0,0,0,3,1,6,3,-1,-1,1985,1,13,-1,-1,-1
2016140065228,1,8,0,18,0,8,0,0,0,0,3,1,1,1,39,7,1997,2,13,1,1,1
2016140065228,2,9,0,10,0,6,0,0,0,0,3,1,6,3,-1,-1,-1,-1,-1,-1,-1,-1
2016140065358,1,9,0,18,0,0,0,0,0,0,1,1,6,2,27,6,1061,1,12,4,1,4
2016140065358,2,9,0,18,0,0,0,0,0,0,1,1,6,1,21,5,1794,1,11,5,1,5
2016140065363,1,98,0,18,0,0,0,0,0,0,4,1,6,3,-1,-1,-1,-1,-1,-1,-1,-1
2016140065363,2,9,0,18,0,0,0,0,0,0,3,1,6,2,46,8,1598,1,6,-1,-1,-1
2016140065414,1,9,0,16,0,3,0,0,0,0,3,1,6,1,78,11,1587,1,11,-1,-1,-1
2016140065414,2,1,0,18,0,4,0,0,0,0,1,1,6,2,40,7,-1,-1,-1,1,1,1
2016140065437,1,9,0,9,0,5,0,0,0,0,3,1,6,1,34,6,1997,2,6,6,1,6
2016140065437,2,3,0,18,0,1,0,0,0,0,1,1,6,1,33,6,124,1,14,2,1,2
2016140065476,1,9,0,7,9,5,0,0,0,0,4,1,6,2,50,8,1587,1,11,6,3,6
2016140065476,2,1,0,18,9,1,0,0,0,0,1,1,6,1,15,3,-1,-1,-1,1,1,1
2016140065546,1,9,0,18,0,1,0,0,0,0,1,1,6,3,-1,-1,-1,-1,-1,-1,-1,-1
2016140065546,2,9,0,4,0,1,0,0,0,0,2,1,6,1,32,6,-1,-1,-1,7,1,7
2016140065553,1,9,0,16,0,0,2,0,7,2,1,1,6,2,40,7,1797,8,5,-1,-1,-1
2016140065627,1,9,0,15,0,1,1,4,0,0,1,1,6,1,26,6,1984,1,9,-1,2,-1
2016140065627,2,9,0,5,0,2,0,4,0,0,3,1,6,2,24,5,1229,1,10,1,1,1
2016140065627,3,9,0,2,0,2,0,0,0,0,3,1,6,1,60,9,1956,2,3,2,1,2
2016140065627,4,9,0,2,0,2,0,0,0,0,2,1,6,1,-1,-1,1686,2,9,1,1,1
2016140065639,1,9,0,18,0,8,0,0,0,0,1,1,6,3,-1,-1,-1,-1,-1,-1,-1,-1
2016140065639,2,9,0,18,0,8,0,0,0,0,2,1,6,1,47,8,1968,2,3,6,3,6
2016140065665,1,9,0,18,0,1,0,0,0,0,2,1,6,2,64,9,1199,1,18,6,1,6
2016140065665,2,9,0,18,0,1,0,0,1,0,1,1,6,1,27,6,-1,-1,-1,1,1,1
2016140065668,1,9,0,18,0,2,0,0,0,0,1,1,6,1,44,7,1197,1,1,6,1,6
2016140065698,1,9,0,9,0,8,0,0,0,0,1,1,6,2,22,5,2993,2,9,7,1,7
2016140065698,2,1,0,18,0,1,0,0,0,0,1,1,6,1,30,6,-1,-1,-1,9,1,9
2016140065717,1,9,0,7,0,6,0,0,0,0,1,1,6,1,23,5,2494,1,27,1,1,1
2016140065717,2,9,0,18,0,8,0,0,0,0,4,1,6,2,38,7,1596,1,14,7,1,7
2016140065824,1,9,0,18,0,6,0,4,7,3,1,1,6,1,91,11,1240,1,13,1,1,1
2016140065824,2,9,0,2,0,1,0,0,0,0,1,1,6,1,66,10,-1,-1,-1,4,1,4
2016140065874,1,9,0,5,0,8,0,0,0,0,1,1,6,2,53,8,1364,1,1,5,1,5
2016140065874,2,8,0,5,0,2,5,0,0,0,4,1,1,1,26,6,2499,2,5,2,1,2
2016140065937,1,9,0,18,0,0,0,0,0,0,1,1,6,3,-1,-1,-1,-1,-1,-1,-1,-1
2016140065959,1,9,0,18,0,0,0,0,0,0,1,1,6,3,-1,-1,1988,1,15,-1,-1,-1
2016140065959,2,9,0,18,0,0,0,0,0,0,1,1,6,1,29,6,1199,1,12,3,1,3
2016140065959,3,9,0,2,0,0,0,0,0,0,4,1,6,1,36,7,1910,2,11,5,1,5
2016140065985,1,9,0,9,0,5,0,0,0,0,3,1,2,1,17,4,1360,1,13,6,1,6
2016140065985,2,1,0,13,0,1,0,0,0,0,1,1,6,1,29,6,-1,-1,-1,1,1,1
2016140066045,1,9,0,16,0,1,0,0,7,4,1,1,6,1,39,7,1686,2,11,9,3,9
2016140066048,1,9,0,18,0,8,0,0,0,0,4,1,6,2,30,6,2261,1,7,10,2,10
2016140066048,2,9,0,18,0,8,0,0,0,0,3,1,6,1,53,8,2191,2,1,10,1,10
2016140066050,1,9,0,9,0,5,0,0,0,0,1,1,6,2,59,9,1299,1,13,1,1,1
2016140066050,2,1,0,18,0,8,0,0,0,0,1,1,2,1,41,7,-1,-1,-1,3,1,3
2016140066106,1,9,0,14,0,0,0,0,0,0,0,1,1,2,23,5,-1,-1,-1,9,1,9
2016140066106,2,9,0,4,0,0,0,0,0,0,2,1,6,1,43,7,1686,2,6,4,1,4
2016140066106,3,9,0,4,0,0,0,0,0,0,2,1,6,1,55,8,1598,1,9,5,1,5
2016140066106,4,8,0,4,0,0,0,0,0,0,1,1,1,1,47,8,2499,2,8,5,1,5
2016140066216,1,9,0,18,0,1,0,0,0,0,1,2,6,1,64,9,1360,1,16,1,1,1
2016140066312,1,9,0,3,0,1,0,0,0,0,1,1,3,2,38,7,2967,2,10,3,1,3
2016140066312,2,98,0,1,0,1,0,0,0,0,2,1,6,3,-1,-1,-1,-1,-1,-1,-1,-1
2016140066348,1,9,0,9,0,8,0,0,0,0,4,1,6,2,28,6,1596,1,12,1,1,1
2016140066348,2,9,0,5,0,8,0,0,0,0,1,1,6,2,36,7,1150,1,12,9,1,9
2016140066553,1,9,0,18,0,0,0,11,0,0,1,1,6,2,24,5,1596,1,14,3,1,3
2016140066553,2,21,1,18,0,0,0,0,0,0,1,1,1,1,44,7,12740,2,1,1,1,1
2016140066553,3,9,0,18,0,0,0,0,0,0,1,1,1,1,35,6,-1,-1,-1,4,1,4
2016140066638,1,9,0,18,0,3,0,0,0,0,3,1,1,1,37,7,1248,2,3,1,1,1
2016140066638,2,9,0,11,0,3,0,0,0,0,1,1,6,1,32,6,3500,7,13,6,1,6
2016140066793,1,9,0,18,0,1,0,0,0,0,1,1,6,1,44,7,-1,-1,-1,7,1,7
2016140066908,1,9,0,18,0,1,0,0,0,0,1,1,6,1,48,8,1794,1,12,-1,-1,-1
2016140066908,2,9,0,2,9,1,0,0,0,0,1,1,6,1,-1,-1,1796,1,15,-1,-1,-1
2016140066908,3,9,0,2,9,1,0,0,0,0,1,1,6,2,-1,-1,1596,1,14,-1,-1,-1
2016140067009,1,9,0,9,0,8,0,0,1,10,1,1,1,2,32,6,1248,2,3,-1,-1,-1
2016140067080,1,1,0,18,9,1,0,0,0,0,1,1,6,1,19,4,-1,-1,-1,1,2,1
2016140067080,2,9,0,18,0,6,0,0,0,0,3,1,6,2,46,8,1588,1,12,1,1,1
2016140067361,1,9,0,7,0,1,0,0,0,0,1,1,6,1,80,11,2148,2,7,10,1,10
2016140067361,2,1,0,18,0,1,0,0,0,0,1,1,6,1,18,4,-1,-1,-1,-1,-1,-1
2016140067422,1,9,0,18,0,1,0,0,0,0,1,1,2,1,39,7,1796,1,12,1,1,1
2016140067422,2,2,0,3,0,1,0,0,0,0,2,1,2,1,17,4,50,1,1,2,1,2
2016140067686,1,9,0,18,0,1,0,0,1,0,4,1,6,1,30,6,1798,1,7,8,3,8
2016140067686,2,98,0,12,0,1,0,0,0,0,3,1,6,3,-1,-1,-1,-1,-1,-1,-1,-1
2016140067689,1,9,0,18,0,0,0,0,2,2,1,1,1,1,26,6,1108,1,15,6,3,6
2016140067716,1,9,0,17,0,8,0,0,0,0,1,1,6,2,51,8,-1,-1,-1,2,1,2
2016140067716,2,9,0,9,0,6,0,0,0,0,3,1,6,2,31,6,1587,1,15,2,1,2
2016140067728,1,9,0,18,0,1,0,0,0,0,1,1,6,1,56,9,2231,2,8,4,1,4
2016140067728,2,9,0,9,0,6,0,0,0,0,3,1,6,1,38,7,1360,1,6,4,1,4
2016140067734,1,9,0,18,0,8,0,4,0,0,4,1,6,1,16,4,-1,-1,-1,1,1,1
2016140067734,2,9,0,18,0,1,0,0,1,0,3,1,6,1,45,7,1968,2,11,8,1,8
2016140067734,3,9,0,2,6,2,0,0,0,0,1,1,6,3,-1,-1,-1,-1,-1,-1,-1,-1
2016140067824,1,9,0,4,0,0,0,0,0,0,2,1,6,1,45,7,2231,2,9,6,1,6
2016140067824,2,9,0,18,0,0,0,0,0,0,1,1,6,2,36,7,1596,1,13,1,1,1
2016140067824,3,9,0,18,0,0,0,0,0,0,0,1,1,1,28,6,1560,2,5,-1,-1,-1
2016140067876,1,8,0,5,0,0,0,0,0,0,4,1,1,1,45,7,2148,2,7,2,1,2
2016140067979,1,9,0,4,0,1,0,0,0,0,1,1,6,1,60,9,1149,1,6,1,1,1
2016140067979,2,1,0,18,0,6,0,0,0,0,3,1,6,2,9,2,-1,-1,-1,1,1,1
2016140068018,1,9,0,18,0,0,0,0,0,0,1,1,6,1,34,6,-1,-1,-1,2,1,2
2016140068038,1,9,0,7,0,4,0,0,0,0,1,1,6,2,25,5,1598,1,5,7,1,7
2016140068038,2,1,0,7,0,4,0,0,0,0,2,1,6,1,36,7,-1,-1,-1,4,1,4
2016140068040,1,9,0,3,0,1,0,0,0,0,1,1,6,1,53,8,1997,2,1,9,2,9
2016140068040,2,3,0,16,0,1,0,0,0,0,1,1,6,1,26,6,125,1,2,-1,-1,-1
2016140068075,1,9,0,18,0,1,0,0,0,0,1,1,6,1,51,8,1391,1,16,9,1,9
2016140068075,2,9,0,9,0,5,0,0,0,0,1,1,6,2,32,6,1999,1,3,3,2,3
2016140068094,1,9,0,18,0,8,0,0,0,0,4,1,6,2,26,6,1461,2,12,1,1,1
2016140068094,2,20,1,6,0,8,0,0,0,0,3,1,1,1,53,8,5193,2,1,4,1,4
2016140068138,1,19,0,18,0,0,1,0,0,0,4,1,2,1,26,6,1598,2,2,5,1,5
2016140068138,2,9,0,5,0,0,1,4,0,0,1,1,6,1,24,5,1995,2,6,-1,-1,-1
2016140068138,3,9,0,2,0,0,0,0,0,0,2,1,6,2,49,8,1896,2,11,7,1,7
2016140068166,1,9,0,4,9,0,0,0,0,0,4,1,6,1,77,11,1461,2,1,-1,-1,-1
2016140068183,1,9,0,3,0,4,0,0,0,0,2,1,2,2,34,6,1242,1,9,-1,-1,-1
2016140068183,2,9,0,3,0,4,0,0,0,0,1,1,2,2,-1,-1,-1,-1,-1,-1,-1,-1
2016140068191,1,11,0,18,0,0,0,0,0,0,1,1,1,1,47,8,6871,2,8,1,1,1
2016140068191,2,9,0,18,0,0,0,0,0,0,1,1,6,2,-1,-1,1991,2,8,10,1,10
2016140068200,1,98,0,18,0,0,0,0,0,0,4,1,6,3,-1,-1,-1,-1,-1,-1,-1,-1
2016140068201,1,9,0,7,0,6,0,0,0,0,1,1,6,2,29,6,1796,1,9,1,1,1
2016140068201,2,9,0,18,0,1,0,0,0,0,4,1,6,2,23,5,1197,1,-1,4,1,4
2016140068204,1,9,0,7,0,5,0,0,0,0,4,1,6,1,54,8,2354,1,13,2,1,2
2016140068204,2,3,0,4,2,1,1,0,1,1,3,1,1,1,30,6,-1,-1,-1,2,1,2
2016140068210,1,9,0,3,0,4,0,0,0,0,2,1,3,2,36,7,1991,2,9,1,1,1
2016140068210,2,9,0,5,0,4,0,0,0,0,1,1,2,1,19,4,1595,1,13,1,1,1
2016140068309,1,9,0,18,0,8,0,0,0,0,2,1,6,1,25,5,1461,2,11,1,1,1
2016140068309,2,9,0,18,0,8,0,0,0,0,1,1,6,2,32,6,3311,8,11,9,1,9
2016140068463,1,9,0,18,0,1,0,0,0,0,1,1,6,2,35,6,-1,-1,-1,1,1,1
2016140068463,2,9,0,9,0,6,0,0,0,0,3,1,6,3,-1,-1,1388,1,17,-1,-1,-1
2016140068555,1,9,0,18,0,1,0,0,0,0,1,1,6,1,60,9,2967,2,5,-1,-1,-1
2016140068694,1,9,0,18,0,2,0,0,0,0,1,1,3,2,70,10,1229,1,8,8,1,8
2016140068740,1,9,0,7,0,3,1,0,1,2,4,1,6,2,84,11,1398,1,13,10,1,10
2016140068796,1,20,1,16,0,3,2,0,1,7,4,1,1,1,24,5,-1,-1,-1,6,1,6
2016140068862,1,9,0,3,0,1,0,0,0,0,2,1,6,1,17,4,1388,1,12,6,1,6
2016140068862,2,9,0,18,0,1,0,0,0,0,1,1,6,1,17,4,1396,1,18,5,1,5
2016140068981,1,21,1,9,0,8,0,0,0,0,1,1,1,1,22,5,12900,2,4,6,1,6
2016140068981,2,5,0,18,0,8,1,0,0,0,3,1,2,1,45,7,998,1,13,-1,-1,-1
2016140069019,1,9,0,7,0,1,0,0,0,0,1,1,2,1,44,7,-1,-1,-1,3,1,3
2016140069019,2,9,0,9,0,5,0,0,0,0,1,1,2,2,34,6,1461,2,1,7,1,7
2016140069082,1,11,0,18,0,2,0,0,0,0,4,1,1,1,38,7,9000,2,2,3,1,3
2016140069106,1,9,0,5,0,0,0,0,0,0,0,1,1,1,53,8,1896,2,12,1,1,1
2016140069113,1,9,0,18,0,0,0,0,0,0,2,1,6,1,55,8,1968,2,-1,8,1,8
2016140069113,2,9,0,18,0,0,0,0,0,0,1,1,6,1,42,7,2979,1,12,1,1,1
2016140069145,1,9,0,18,0,0,0,0,0,0,0,1,1,2,24,5,1299,1,16,2,1,2
2016140069151,1,9,0,9,0,5,0,0,1,0,2,1,6,2,18,4,1242,1,9,1,1,1
2016140069151,2,9,0,18,0,1,0,0,0,0,1,1,6,3,-1,-1,-1,-1,-1,-1,-1,-1
2016140069243,1,9,0,18,0,1,0,10,1,0,1,1,2,2,61,9,1686,2,17,-1,-1,-1
2016140069243,2,98,0,18,0,8,1,10,7,0,4,1,2,1,37,7,-1,-1,-1,1,1,1
2016140069243,3,9,0,2,9,1,0,0,0,0,4,1,6,1,34,6,1198,1,1,2,1,2
2016140069325,1,9,0,18,0,1,0,0,0,0,1,1,6,2,64,9,1388,1,11,6,1,6
2016140069325,2,9,0,5,0,6,0,0,0,0,1,1,6,3,-1,-1,1998,2,14,-1,-1,-1
2016140069343,1,9,0,18,0,0,0,0,1,11,1,1,1,1,30,6,1299,1,8,6,1,6
2016140069343,2,9,0,18,0,0,0,0,7,11,1,1,1,1,31,6,1796,1,12,1,1,1
2016140069500,1,9,0,6,0,2,0,0,0,0,3,1,6,1,65,9,-1,-1,-1,7,1,7
2016140069500,2,9,0,18,0,2,1,0,4,0,1,1,1,1,23,5,-1,-1,-1,8,1,8
2016140069577,1,9,0,9,0,6,0,0,0,0,1,1,1,1,30,6,1968,2,2,3,1,3
2016140069577,2,9,0,18,0,1,0,0,0,0,1,1,2,2,53,8,1363,2,11,10,1,10
2016140069648,1,9,0,18,0,0,0,0,0,0,3,1,2,1,36,7,2143,2,-1,6,1,6
2016140069648,2,9,0,18,0,0,0,0,0,0,3,1,6,3,-1,-1,-1,-1,-1,-1,-1,-1
2016140069672,1,9,0,3,0,0,0,0,0,0,4,1,6,2,26,6,1995,2,10,9,2,9
2016140069672,2,1,0,18,9,0,0,0,0,0,3,1,4,1,-1,-1,-1,-1,-1,2,1,2
2016140069761,1,8,0,18,0,2,0,0,0,0,0,1,6,3,-1,-1,-1,-1,-1,-1,-1,-1
2016140069793,1,9,0,18,0,0,1,0,7,0,1,1,6,1,23,5,1910,2,12,3,2,3
2016140069823,1,9,0,10,0,8,0,0,0,0,1,1,6,2,29,6,998,1,1,6,1,6
2016140069823,2,1,0,18,0,8,0,0,0,0,1,1,6,1,23,5,-1,-1,-1,10,1,10
2016140069827,1,9,0,3,0,1,0,0,0,0,2,1,6,2,59,9,1240,1,11,5,1,5
2016140069827,2,9,0,18,0,1,0,0,0,0,1,1,6,1,-1,-1,1199,1,13,4,1,4
2016140069958,1,9,0,10,0,6,0,0,0,0,3,1,2,1,31,6,1598,1,9,1,1,1
2016140069958,2,9,0,18,0,8,0,0,0,0,1,1,2,2,59,9,1242,1,3,2,1,2
2016140069977,1,9,0,18,0,0,0,0,0,0,4,1,6,2,37,7,998,1,2,1,1,1
2016140069977,2,9,0,12,0,0,0,0,0,0,3,1,6,1,-1,-1,1461,2,2,7,3,7
2016140070015,1,9,0,4,0,0,0,0,0,0,2,1,2,2,50,8,1995,1,9,6,1,6
2016140070015,2,9,0,4,0,0,0,0,0,0,1,1,1,1,25,5,-1,-1,-1,10,1,10
2016140070029,1,9,0,12,0,2,0,0,0,0,0,1,6,1,69,10,2993,2,5,9,3,9
2016140070029,2,9,0,18,0,2,0,0,5,6,1,1,2,1,22,5,1124,1,12,5,1,5
2016140070029,3,98,0,18,0,2,0,0,5,6,1,1,2,1,48,8,-1,-1,-1,2,1,2
2016140070041,1,9,0,10,0,1,0,0,0,0,2,1,1,1,20,4,1595,1,10,10,1,10
2016140070041,2,9,0,3,0,1,0,0,0,0,1,1,6,1,-1,-1,1598,1,16,-1,-1,-1
2016140070057,1,9,0,18,0,6,0,0,0,0,1,1,6,1,29,6,1781,1,14,-1,-1,-1
2016140070057,2,9,0,18,0,1,1,0,1,11,1,1,6,1,35,6,-1,-1,-1,1,1,1
2016140070110,1,9,0,18,0,0,0,0,0,0,1,1,6,2,25,5,1242,1,1,6,1,6
2016140070110,2,9,0,18,0,0,0,0,0,0,1,1,1,1,69,10,998,1,5,4,1,4
2016140070110,3,9,0,14,0,0,0,0,0,0,1,1,6,1,66,10,1398,1,1,6,3,6
2016140070110,4,9,0,18,0,0,0,0,0,0,1,1,1,1,27,6,1149,1,14,7,2,7
2016140070167,1,9,0,18,0,1,0,0,0,0,3,1,6,2,46,8,-1,-1,-1,6,3,6
2016140070167,2,9,0,18,0,1,0,0,0,0,4,1,6,1,30,6,1388,1,15,3,2,3
2016140070195,1,9,0,18,0,8,0,0,0,0,3,1,6,1,41,7,1560,2,10,1,1,1
2016140070195,2,9,0,9,0,6,0,0,1,0,1,1,6,1,29,6,1560,2,11,-1,-1,-1
2016140070248,1,19,0,4,0,0,0,0,0,0,2,1,6,1,55,8,2198,2,4,1,1,1
2016140070248,2,9,0,4,0,0,0,0,0,0,2,1,6,1,53,8,998,1,1,6,1,6
2016140070248,3,9,0,18,0,0,0,0,0,0,1,1,1,2,79,11,969,1,14,8,1,8
2016140070259,1,8,0,4,0,1,0,0,0,0,0,1,6,3,-1,-1,-1,-1,-1,-1,-1,-1
2016140070270,1,9,0,4,0,0,0,0,0,0,2,1,2,1,28,6,1497,1,13,1,1,1
2016140070270,2,9,0,4,0,0,0,0,0,0,2,1,2,1,41,7,1910,2,9,6,1,6
2016140070270,3,9,0,4,0,0,0,0,0,0,1,1,2,2,36,7,1248,1,4,8,1,8
2016140070287,1,9,0,16,0,0,1,7,6,0,1,1,6,2,18,4,1984,1,5,1,1,1
2016140070287,2,9,0,18,0,0,0,0,1,0,1,1,6,1,23,5,1995,2,2,8,1,8
2016140070287,3,9,0,16,0,0,0,0,0,0,0,1,6,3,-1,-1,1984,1,9,-1,-1,-1
2016140070294,1,9,0,4,0,0,0,0,0,0,1,1,6,1,28,6,1796,1,14,1,1,1
2016140070294,2,9,0,18,0,0,0,0,0,0,1,1,6,2,43,7,1599,1,13,1,1,1
2016140070310,1,9,0,18,0,0,0,10,7,11,3,1,6,2,31,6,2148,2,13,4,1,4
2016140070581,1,9,0,18,0,1,0,0,0,0,3,1,6,1,54,8,1461,2,10,3,1,3
2016140070581,2,9,0,8,0,2,0,0,0,0,3,1,1,2,45,7,1242,1,14,3,1,3
2016140070755,1,9,0,18,0,1,0,0,0,0,3,1,6,3,-1,-1,-1,-1,-1,-1,-1,-1
2016140070837,1,8,0,18,0,1,0,0,0,0,1,1,1,1,39,7,1995,2,9,1,1,1
2016140070837,2,9,0,9,0,1,0,0,0,0,4,1,6,2,48,8,1299,1,14,1,1,1
2016140070952,1,9,0,18,0,8,0,0,0,0,1,1,6,1,23,5,-1,-1,-1,2,1,2
2016140070952,2,9,0,10,0,8,0,0,0,0,1,1,1,1,51,8,1997,2,11,1,1,1
2016140071171,1,9,0,17,0,8,0,0,1,11,1,1,6,3,-1,-1,1984,1,11,-1,-1,-1
2016140071171,2,9,0,17,0,1,0,0,0,0,1,1,6,1,-1,-1,-1,-1,-1,-1,-1,-1
2016140071267,1,9,0,18,0,8,0,0,1,5,1,1,6,1,27,6,-1,-1,-1,-1,-1,-1
2016140071281,1,9,0,9,0,5,0,0,0,0,1,1,2,2,69,10,-1,-1,-1,2,1,2
2016140071281,2,9,0,18,0,1,0,0,0,0,1,1,6,3,-1,-1,1871,2,11,-1,-1,-1
2016140071281,3,9,0,9,0,6,0,0,0,0,4,1,2,2,36,7,1598,1,13,8,3,8
2016140071385,1,9,0,17,0,0,0,0,1,0,1,1,2,1,45,7,2993,2,12,8,1,8
2016140071385,2,9,0,17,0,0,0,0,0,0,1,1,2,1,41,7,1598,2,2,8,3,8
2016140071385,3,21,1,16,0,0,1,0,0,0,2,1,1,1,43,7,10518,2,7,-1,-1,-1
2016140071410,1,9,0,18,0,0,0,0,0,0,3,1,1,2,35,6,1560,2,3,1,1,1
2016140071410,2,9,0,18,0,0,0,0,0,0,4,1,6,1,48,8,1149,1,13,1,1,1
2016140071410,3,9,0,2,8,0,0,0,0,0,1,1,6,1,46,8,1896,2,13,1,1,1
2016140071485,1,9,0,18,0,0,1,0,0,0,1,1,6,1,22,5,1299,1,18,-1,-1,-1
2016140071527,1,9,0,9,0,6,0,0,0,0,4,1,6,1,36,7,2967,2,2,1,1,1
2016140071527,2,9,0,18,0,1,0,0,0,0,1,1,6,2,40,7,1753,2,9,4,1,4
2016140071543,1,9,0,9,0,5,0,0,0,0,4,1,6,3,-1,-1,-1,-1,-1,-1,-1,-1
2016140071543,2,1,0,5,0,8,0,0,0,0,4,1,6,1,28,6,-1,-1,-1,-1,-1,-1
2016140071559,1,3,0,18,0,0,0,0,0,0,2,1,6,1,18,4,123,1,-1,3,1,3
2016140071559,2,9,0,18,0,0,0,0,0,0,1,1,6,3,-1,-1,-1,-1,-1,-1,-1,-1
2016140071587,1,9,0,18,0,0,0,4,1,11,1,1,6,1,87,11,1396,1,15,4,2,4