Accident_Index,Vehicle_Reference,Vehicle_Type,Towing_and_Articulation,Vehicle_Manoeuvre,Vehicle_Location-Restricted_Lane,Junction_Location,Skidding_and_Overturning,Hit_Object_in_Carriageway,Vehicle_Leaving_Carriageway,Hit_Object_off_Carriageway,1st_Point_of_Impact,Was_Vehicle_Left_Hand_Drive?,Journey_Purpose_of_Driver,Sex_of_Driver,Age_of_Driver,Age_Band_of_Driver,Engine_Capacity_(CC),Propulsion_Code,Age_of_Vehicle,Driver_IMD_Decile,Driver_Home_Area_Type,Vehicle_IMD_Decile
2016140071587,2,9,0,2,0,0,0,0,0,0,2,1,6,1,64,9,1560,2,6,8,1,8
2016140071592,1,9,0,16,0,0,0,0,0,0,3,1,6,2,17,4,1197,1,3,6,1,6
2016140071592,2,9,0,13,0,0,0,0,0,0,1,1,6,3,-1,-1,1975,1,11,-1,-1,-1
2016140071730,1,9,0,18,0,8,0,0,0,0,3,1,6,1,29,6,1199,1,16,1,1,1
2016140071730,2,9,0,18,0,6,0,0,0,0,1,1,6,2,37,7,1248,2,7,1,1,1
2016140071872,1,9,0,10,0,1,0,0,0,0,2,1,1,1,29,6,-1,-1,-1,1,1,1
2016140071872,2,9,0,18,0,8,0,0,0,0,1,1,1,1,24,5,-1,-1,-1,4,2,4
2016140072142,1,9,0,18,0,0,0,0,0,0,1,1,3,2,45,7,1910,2,8,9,2,9
2016140072494,1,9,0,14,0,0,0,0,1,2,1,1,6,1,41,7,1332,1,21,6,1,6
2016140072494,2,9,0,18,0,0,0,0,0,0,3,1,2,2,21,5,1229,1,10,3,1,3
2016140072569,1,9,0,12,0,0,5,0,1,0,2,1,1,2,34,6,1242,1,1,6,1,6
2016140072569,2,9,0,18,0,0,0,7,5,6,1,1,6,1,82,11,1910,2,7,5,2,5
2016140072603,1,9,0,18,0,0,0,0,0,0,0,1,6,3,-1,-1,-1,-1,-1,-1,-1,-1
2016140072605,1,9,0,7,0,6,0,0,0,0,1,1,6,1,41,7,1360,1,18,6,1,6
2016140072605,2,97,0,18,0,1,0,0,0,0,4,1,6,1,16,4,-1,-1,-1,2,1,2
2016140072628,1,9,0,5,0,1,0,0,0,0,1,1,2,2,35,6,1975,1,13,4,1,4
2016140072628,2,3,0,3,0,1,0,0,0,0,2,1,2,1,23,5,125,1,2,1,1,1
2016140072632,1,9,0,18,0,8,1,0,1,0,3,1,6,1,25,5,-1,-1,-1,1,1,1
2016140072632,2,98,0,9,0,5,0,0,0,0,1,1,6,1,27,6,-1,-1,-1,4,1,4
2016140072667,1,9,0,4,0,0,0,0,0,0,2,1,1,1,30,6,1956,2,3,1,1,1
2016140072667,2,9,0,18,0,0,0,0,0,0,1,1,6,1,29,6,1368,1,8,1,1,1
2016140072667,3,9,0,18,0,0,0,0,0,0,1,1,2,1,32,6,-1,-1,-1,4,1,4
2016140072741,1,97,0,18,0,2,0,0,0,0,3,1,2,1,45,7,49,1,12,3,1,3
2016140072759,1,9,0,4,0,0,0,0,0,0,1,1,6,2,54,8,1086,1,9,3,3,3
2016140072759,2,9,0,17,0,0,1,0,0,0,1,1,6,3,-1,-1,-1,-1,-1,-1,-1,-1
2016140072846,1,9,0,18,0,1,0,0,0,0,4,1,2,1,23,5,1360,1,11,-1,-1,-1
2016140073013,1,21,1,12,0,0,0,0,0,0,3,1,1,1,45,7,12777,2,9,7,1,7
2016140073013,2,9,0,18,0,0,0,0,0,0,4,1,2,2,40,7,1995,2,14,9,1,9
2016140073013,3,9,0,18,0,0,0,0,0,0,2,1,2,2,25,5,1242,1,2,5,1,5
2016140073028,1,5,0,18,0,8,0,0,0,0,1,1,6,1,21,5,645,1,10,-1,-1,-1
2016140073028,2,9,0,9,0,8,0,0,0,0,1,1,6,2,20,4,1248,2,5,1,1,1
2016140073028,3,9,0,18,0,1,0,0,0,0,1,1,6,1,25,5,1753,2,8,1,1,1
2016140073054,1,19,0,9,0,5,0,0,0,0,1,1,2,1,55,8,2402,2,15,2,1,2
2016140073054,2,9,0,18,0,8,0,0,0,0,3,1,2,1,29,6,1596,1,9,1,1,1
2016140073070,1,9,0,17,0,1,0,0,0,0,1,1,1,1,36,7,1364,1,7,2,1,2
2016140073070,2,8,0,18,0,1,0,0,0,0,3,1,6,1,47,8,2198,2,9,2,1,2
2016140073111,1,9,0,16,0,0,1,0,7,0,2,1,6,1,19,4,1199,1,12,1,1,1
2016140073111,2,9,0,4,0,0,0,0,0,0,2,1,6,1,30,6,1997,2,6,5,1,5
2016140073111,3,9,0,4,0,0,0,0,0,0,1,1,6,1,27,6,2993,2,8,9,1,9
2016140073124,1,11,0,2,0,0,0,0,0,0,0,1,1,1,48,8,9000,2,4,5,1,5
2016140073177,1,21,1,4,0,0,0,0,0,0,2,1,1,1,42,7,12902,2,1,-1,-1,-1
2016140073177,2,9,0,4,0,0,0,0,0,0,1,1,6,1,55,8,2987,2,1,5,1,5
2016140073177,3,21,1,4,0,0,0,0,0,0,1,1,1,1,31,6,12777,2,7,3,1,3
2016140073177,4,21,0,4,0,0,0,0,0,0,1,1,1,1,22,5,12740,2,-1,8,2,8
2016140073184,1,98,0,1,0,0,0,0,0,0,2,1,2,1,30,6,-1,-1,-1,2,1,2
2016140073184,2,1,0,18,9,0,0,0,0,0,1,1,6,1,8,2,-1,-1,-1,1,1,1
2016140073332,1,9,0,18,0,4,0,0,0,0,3,1,6,2,50,8,1991,2,5,8,1,8
2016140073332,2,9,0,18,0,8,0,0,0,0,1,1,6,3,-1,-1,1598,1,1,-1,-1,-1
2016140073338,1,9,0,9,0,8,0,0,0,0,1,1,6,1,59,9,1199,1,12,2,1,2
2016140073338,2,9,0,18,0,8,0,0,0,0,1,1,6,1,25,5,1390,1,17,6,2,6
2016140073361,1,1,0,18,0,1,1,0,0,0,3,1,1,1,38,7,-1,-1,-1,9,2,9
2016140073361,2,9,0,9,0,5,0,0,0,0,4,1,6,1,40,7,1948,1,15,2,1,2
2016140073378,1,9,0,3,0,0,0,0,0,0,2,1,6,1,-1,-1,1242,1,4,7,1,7
2016140073378,2,9,0,3,0,0,0,0,0,0,2,1,6,2,-1,-1,1299,1,16,1,1,1
2016140073378,3,9,0,18,0,0,0,0,0,0,1,1,1,1,-1,-1,1995,2,12,3,1,3
2016140073380,1,9,0,18,0,1,0,0,0,0,1,1,6,2,22,5,1242,1,8,8,3,8
2016140073380,2,9,0,4,0,6,0,0,0,0,1,1,6,2,41,7,1198,1,7,4,3,4
2016140073426,1,2,0,18,0,1,0,0,0,0,0,1,1,1,20,4,-1,-1,-1,3,1,3
2016140073426,2,10,0,18,0,6,0,0,0,0,0,1,3,3,-1,-1,-1,-1,-1,-1,-1,-1
2016140073438,1,8,0,5,9,1,0,0,0,0,3,1,1,1,40,7,1598,2,5,2,1,2
2016140073438,2,1,0,18,9,1,0,0,0,0,1,1,6,1,12,3,-1,-1,-1,1,1,1
2016140073460,1,9,0,18,9,1,0,0,7,10,1,1,3,2,31,6,1998,1,10,6,1,6
2016140073484,1,9,0,10,0,6,0,0,0,0,3,1,6,1,23,5,1199,1,14,-1,-1,-1
2016140073484,2,9,0,18,0,1,0,0,0,0,1,1,6,1,24,5,1956,2,5,5,1,5
2016140073565,1,9,0,18,0,8,0,0,0,0,1,1,6,1,20,4,1984,1,8,5,1,5
2016140073565,2,9,0,18,0,8,0,0,0,0,1,1,6,1,58,9,1997,2,7,10,1,10
2016140073568,1,9,0,3,0,1,0,0,0,0,2,1,1,1,-1,-1,1248,2,3,-1,-1,-1
2016140073568,2,9,0,4,0,1,0,0,0,0,1,1,6,1,28,6,1686,2,4,5,1,5
2016140073622,1,9,0,3,0,1,0,0,0,0,2,1,6,2,20,4,1329,1,4,8,1,8
2016140073622,2,9,0,5,0,1,0,0,0,0,1,1,6,1,66,10,2183,2,4,4,1,4
2016140073647,1,9,0,18,0,1,0,0,0,0,1,1,6,2,38,7,1149,1,8,2,1,2
2016140073647,2,9,0,7,0,6,0,0,0,0,1,1,6,3,-1,-1,1389,1,21,-1,-1,-1
2016140073648,1,21,1,11,0,3,0,0,0,0,4,1,1,1,45,7,12777,2,8,5,1,5
2016140073648,2,9,0,7,0,3,0,0,0,0,3,1,6,1,66,10,1998,8,1,-1,-1,-1
2016140073661,1,9,0,18,0,5,0,0,0,0,1,1,6,1,27,6,1364,1,8,6,1,6
2016140073661,2,3,0,3,0,2,0,0,0,0,2,1,6,1,29,6,125,1,1,-1,-1,-1
2016140073662,1,9,0,18,0,2,0,0,0,0,1,1,6,1,20,4,1396,1,5,8,1,8
2016140073662,2,9,0,18,0,1,0,0,0,0,1,1,6,1,21,5,1587,1,11,5,2,5
2016140073678,1,9,0,1,0,1,0,0,0,0,2,1,6,1,49,8,-1,-1,-1,5,1,5
2016140073712,1,9,0,9,0,8,0,0,0,0,4,1,6,2,67,10,1198,1,13,3,1,3
2016140073712,2,9,0,8,0,1,0,0,0,0,1,1,6,2,45,7,2700,2,22,2,2,2
2016140073712,3,9,0,18,0,8,0,0,0,0,1,1,6,2,58,9,-1,-1,-1,-1,-1,-1
2016140073766,1,9,0,1,0,6,0,0,0,0,0,1,1,1,47,8,1956,2,4,1,1,1
2016140073766,2,9,0,18,0,1,0,0,0,0,2,1,3,2,37,7,1986,2,10,6,1,6
2016140073766,3,9,0,18,0,1,0,0,0,0,1,1,2,2,49,8,1399,1,7,6,1,6
2016140073802,1,9,0,5,0,1,0,0,0,0,2,1,6,2,19,4,1242,1,1,2,1,2
2016140073802,2,9,0,3,0,1,0,0,0,0,2,1,6,2,-1,-1,1590,1,11,9,2,9
2016140073802,3,9,0,4,0,1,0,0,0,0,1,1,6,1,-1,-1,1870,2,10,3,1,3
2016140073862,1,9,0,8,0,1,0,0,0,0,2,1,6,1,39,7,1591,1,3,8,1,8
2016140073862,2,9,0,7,0,1,0,0,0,0,1,1,6,1,-1,-1,2183,2,5,6,1,6
2016140073905,1,19,0,18,0,8,0,0,0,0,1,1,2,1,18,4,1248,2,1,3,1,3
2016140073905,2,9,0,7,0,8,0,0,0,0,1,1,6,1,31,6,1753,2,11,4,1,4
2016140073918,1,9,0,7,0,8,1,10,1,0,1,1,6,2,22,5,1796,1,8,9,1,9
2016140073922,1,9,0,18,0,2,0,0,0,0,1,1,6,3,-1,-1,-1,-1,-1,-1,-1,-1
2016140073960,1,9,0,4,0,0,0,0,0,0,2,1,6,2,55,8,2143,2,-1,7,3,7
2016140073960,2,9,0,4,0,0,0,0,0,0,2,1,6,1,48,8,1999,1,12,9,1,9
2016140073960,3,9,0,18,0,0,0,0,0,0,1,1,6,2,24,5,2496,2,12,10,2,10
2016140074093,1,9,0,3,0,0,0,0,0,0,2,1,6,2,48,8,1587,1,10,2,1,2
2016140074093,2,9,0,3,0,0,0,0,0,0,2,1,6,2,32,6,1149,1,11,9,1,9
2016140074093,3,9,0,4,0,0,0,0,0,0,1,1,2,1,24,5,1896,2,11,3,1,3
2016140074093,4,9,0,4,0,0,0,0,0,0,1,1,6,1,76,11,1298,1,13,3,1,3
2016140074117,1,9,0,4,0,0,0,0,0,0,1,1,6,1,56,9,1999,1,14,1,1,1
2016140074117,2,1,0,18,0,0,0,0,0,0,2,1,6,2,10,2,-1,-1,-1,1,1,1
2016140074126,1,8,0,18,0,1,0,0,0,0,3,1,1,1,36,7,1896,2,13,1,1,1
2016140074126,2,9,0,11,0,1,0,0,0,0,4,1,1,1,39,7,-1,-1,-1,2,1,2
2016140074131,1,9,0,9,0,8,0,0,0,0,1,1,6,1,33,6,1997,2,8,-1,-1,-1
2016140074131,2,8,0,18,0,1,0,0,0,0,1,1,1,1,59,9,2685,2,12,-1,-1,-1
2016140074146,1,9,0,8,0,1,0,0,0,0,1,1,6,2,21,5,1198,1,1,1,1,1
2016140074146,2,9,0,18,0,1,0,0,0,0,2,1,6,1,-1,-1,1398,1,6,-1,-1,-1
2016140074155,1,3,0,18,2,8,1,0,0,0,1,1,6,1,27,6,124,1,4,3,1,3
2016140074155,2,9,0,18,0,8,0,0,0,0,4,1,6,2,21,5,1229,1,1,1,1,1
2016140074170,1,9,0,17,0,0,1,0,0,0,3,1,6,1,26,6,1910,2,8,3,1,3
2016140074170,2,9,0,16,0,0,2,0,0,0,3,1,6,2,18,4,1199,1,14,5,3,5
2016140074180,1,9,0,18,0,0,0,4,1,0,1,1,6,1,87,11,-1,-1,-1,10,1,10
2016140074180,2,9,0,2,0,0,0,0,0,0,2,1,6,2,38,7,1587,1,14,8,1,8
2016140074201,1,9,0,18,0,0,0,0,1,0,3,1,6,1,40,7,1590,1,11,6,1,6
2016140074201,2,9,0,18,0,0,0,0,0,0,3,1,6,1,22,5,1348,1,15,10,1,10
2016140074203,1,-1,0,18,0,0,0,0,0,0,1,1,6,3,-1,-1,-1,-1,-1,-1,-1,-1
2016140074203,2,9,0,18,0,0,0,0,0,0,2,1,6,1,70,10,-1,-1,-1,5,1,5
2016140074207,1,9,0,9,0,5,0,0,0,0,0,1,6,3,-1,-1,-1,-1,-1,-1,-1,-1
2016140074306,1,3,0,16,0,2,5,0,1,11,2,1,6,1,17,4,124,1,1,6,1,6
2016140074306,2,9,0,14,0,1,0,0,0,0,1,1,6,2,45,7,1560,2,9,3,1,3
2016140074306,3,9,0,2,0,1,0,0,0,0,0,1,6,3,-1,-1,-1,-1,-1,2,1,2
2016140074317,1,9,0,18,0,1,0,0,0,0,1,1,6,3,-1,-1,-1,-1,-1,-1,-1,-1
2016140074317,2,9,0,8,0,1,0,0,0,0,2,1,2,2,41,7,1490,1,9,8,1,8
2016140074333,1,3,0,18,0,1,0,0,0,0,3,1,2,1,36,7,124,1,11,3,1,3
2016140074333,2,9,0,9,0,5,0,0,0,0,3,1,1,1,71,10,1398,2,6,9,3,9
2016140074357,1,9,0,7,0,8,0,10,0,0,1,1,6,3,-1,-1,2993,2,3,-1,-1,-1
2016140074364,1,9,0,14,0,1,0,0,1,0,4,1,6,2,39,7,1995,2,5,5,1,5
2016140074364,2,9,0,9,0,5,0,0,0,0,3,1,6,3,-1,-1,-1,-1,-1,-1,-1,-1
2016140074381,1,9,0,18,0,2,0,0,0,0,1,1,6,3,-1,-1,-1,-1,-1,-1,-1,-1
2016140074399,1,9,0,4,0,0,0,0,0,0,4,1,6,1,34,6,1299,1,15,1,1,1
2016140074424,1,9,0,18,0,8,0,7,0,0,1,1,3,2,40,7,1229,1,4,5,1,5
2016140074424,2,9,0,9,0,5,5,0,0,0,4,1,6,1,38,7,1598,1,16,5,1,5
2016140074442,1,9,0,4,0,1,0,0,0,0,1,1,6,2,38,7,1598,1,12,1,1,1
2016140074442,2,9,0,4,0,1,0,0,0,0,3,1,6,3,-1,-1,-1,-1,-1,-1,-1,-1
2016140074483,1,9,0,18,0,8,0,0,0,0,1,1,6,2,61,9,1390,1,4,4,1,4
2016140074483,2,9,0,18,0,6,0,0,0,0,1,1,6,1,20,4,1329,1,4,-1,-1,-1
2016140074483,3,9,0,18,0,6,0,0,0,0,3,1,6,1,59,9,1560,2,3,8,1,8
2016140074498,1,4,0,18,0,2,0,10,7,3,3,1,6,1,22,5,-1,-1,-1,1,1,1
2016140074516,1,8,0,4,0,0,0,0,0,0,0,1,1,1,45,7,1968,2,5,2,1,2
2016140074526,1,9,0,18,0,0,0,0,0,0,1,1,6,1,28,6,1910,2,10,3,2,3
2016140074531,1,9,0,10,0,1,0,0,0,0,2,1,6,2,45,7,1248,1,7,2,1,2
2016140074531,2,9,0,18,0,1,0,0,0,0,1,1,6,2,-1,-1,2835,2,21,-1,-1,-1
2016140074543,1,9,0,5,0,6,0,0,0,0,4,1,6,1,43,7,1956,2,1,-1,-1,-1
2016140074543,2,1,0,18,0,1,0,0,0,0,1,1,6,1,62,9,-1,-1,-1,-1,-1,-1
2016140074552,1,9,0,3,0,0,0,0,0,0,1,1,2,1,46,8,1527,2,19,7,2,7
2016140074552,2,9,0,18,0,0,0,0,0,0,1,1,6,2,-1,-1,1968,2,9,-1,-1,-1
2016140074563,1,11,0,5,3,1,0,0,0,0,0,1,1,1,48,8,-1,-1,-1,2,1,2
2016140074563,2,-1,0,7,0,1,0,0,0,0,0,1,6,3,-1,-1,-1,-1,-1,-1,-1,-1
2016140074584,1,9,0,7,0,6,0,4,0,0,3,1,6,1,32,6,1796,1,11,8,1,8
2016140074584,2,9,0,18,0,8,1,0,0,0,1,1,6,1,22,5,1242,1,14,-1,-1,-1
2016140074584,3,9,0,2,0,8,0,0,0,0,3,1,6,2,42,7,1248,2,7,1,1,1
2016140074590,1,9,0,7,0,5,1,7,0,0,1,1,6,1,32,6,1796,1,16,1,1,1
2016140074590,2,9,0,8,0,1,0,0,0,0,3,1,6,2,33,6,1399,2,14,2,1,2
2016140074591,1,9,0,2,0,0,0,0,0,0,2,1,6,2,82,11,2495,2,14,-1,-1,-1
2016140074591,2,9,0,18,0,0,0,4,0,0,1,1,6,2,22,5,-1,-1,-1,-1,-1,-1
2016140074596,1,9,0,18,0,8,0,0,0,0,3,1,6,1,29,6,1497,8,1,3,2,3
2016140074596,2,9,0,9,0,6,0,0,0,0,1,1,6,1,50,8,2720,2,11,10,1,10
2016140074746,1,9,0,4,0,1,0,0,0,0,3,1,6,1,58,9,1997,2,8,3,1,3
2016140074746,2,9,0,16,0,2,0,0,0,0,1,1,6,1,19,4,-1,-1,-1,2,1,2
2016140074782,1,9,0,8,0,4,0,0,0,0,2,1,2,2,43,7,1995,2,2,6,1,6
2016140074782,2,19,0,4,0,1,0,0,0,0,1,1,1,1,49,8,2198,2,3,6,1,6
2016140074825,1,9,0,3,0,1,0,0,0,0,2,1,6,1,77,11,1329,1,2,6,1,6
2016140074825,2,19,0,18,0,1,0,0,0,0,1,1,1,1,61,9,2198,2,1,5,1,5
2016140074949,1,21,1,18,0,0,1,0,1,4,1,1,1,1,32,6,11705,2,6,1,1,1
2016140074949,2,9,0,3,0,0,0,0,0,0,2,1,6,1,62,9,1968,2,5,7,3,7
2016140074949,3,9,0,3,0,0,0,0,0,0,2,1,6,1,25,5,1598,2,3,2,1,2
2016140074949,4,9,0,3,0,0,0,0,0,0,2,1,6,1,38,7,1461,2,3,8,2,8
2016140075004,1,19,0,7,0,5,0,0,0,0,4,1,1,1,38,7,2402,2,10,9,2,9
2016140075004,2,1,0,18,0,8,0,0,0,0,3,1,6,1,-1,-1,-1,-1,-1,-1,-1,-1
2016140075015,1,9,0,18,0,1,0,10,0,0,4,1,6,2,48,8,3199,1,13,2,1,2
2016140075015,2,9,0,18,0,6,0,0,0,0,1,1,6,1,-1,-1,1199,1,15,-1,-1,-1
2016140075021,1,98,0,18,0,0,0,0,0,0,2,1,1,1,25,5,-1,-1,-1,4,1,4
2016140075021,2,9,0,18,0,0,0,0,0,0,1,1,6,3,-1,-1,-1,-1,-1,-1,-1,-1
2016140075042,1,19,0,18,0,2,0,0,0,0,4,1,1,1,40,7,2287,2,4,3,1,3
2016140075050,1,19,0,5,0,0,0,0,0,0,1,1,1,1,42,7,2287,2,3,1,1,1
2016140075080,1,9,0,18,0,0,0,0,0,0,4,1,6,2,22,5,1229,1,1,5,2,5
2016140075080,2,21,5,12,0,0,0,0,0,0,3,1,1,1,23,5,12777,2,9,3,1,3
2016140075100,1,9,0,17,0,1,0,0,0,0,3,1,6,1,40,7,-1,-1,-1,1,1,1
2016140075100,2,9,0,5,0,5,0,0,0,0,1,1,6,1,82,11,2987,2,11,8,1,8
2016140075106,1,9,0,18,2,0,0,4,0,0,3,1,6,1,38,7,1956,2,5,1,1,1
2016140075106,2,9,0,11,0,0,0,0,0,0,4,1,1,1,25,5,-1,-1,-1,1,1,1
2016140075106,3,9,0,2,8,0,0,0,0,0,3,1,6,1,37,7,1599,1,12,1,1,1
2016140075108,1,9,0,5,0,6,0,0,0,0,1,1,6,2,53,8,1198,1,11,2,1,2
2016140075108,2,9,0,18,0,8,0,0,0,0,3,1,6,2,42,7,1994,2,12,-1,-1,-1
2016140075113,1,9,0,18,0,0,0,0,0,0,2,1,6,2,46,8,2143,2,-1,3,1,3
2016140075113,2,9,0,18,0,0,0,0,0,0,1,1,6,1,53,8,1598,1,13,3,1,3
2016140075113,3,90,0,18,0,0,0,0,0,0,2,1,1,1,21,5,-1,-1,-1,7,3,7
2016140075113,4,9,0,18,0,0,0,0,0,0,1,1,1,1,31,6,-1,-1,-1,7,3,7
2016140075165,1,9,0,5,0,0,0,0,0,0,4,1,3,2,49,8,2993,2,9,8,1,8
2016140075188,1,98,0,18,0,1,0,0,0,0,1,1,1,1,21,5,-1,-1,-1,6,1,6
2016140075188,2,98,0,4,0,1,0,0,0,0,2,1,1,1,30,6,-1,-1,-1,8,1,8
2016140075191,1,11,0,18,0,1,0,0,0,0,1,1,1,2,43,7,7300,2,13,10,1,10
2016140075191,2,9,0,7,0,6,0,0,0,0,1,1,6,1,81,11,1242,1,2,1,1,1
2016140075313,1,9,0,4,0,1,0,0,1,0,2,1,6,1,21,5,989,1,15,-1,-1,-1
2016140075313,2,9,0,18,0,1,0,0,0,0,1,1,6,2,45,7,1395,1,1,10,3,10
2016140075389,1,9,0,18,0,0,0,0,0,0,1,1,2,2,34,6,1388,1,10,4,1,4
2016140075395,1,9,0,9,0,6,0,0,0,0,1,1,6,1,20,4,-1,-1,-1,6,1,6
2016140075395,2,9,0,18,0,1,0,0,0,0,1,1,6,1,37,7,1560,2,1,7,2,7
2016140075465,1,9,0,18,0,6,0,0,0,0,1,1,6,3,-1,-1,1587,1,13,-1,-1,-1
2016140075465,2,9,0,18,0,1,0,0,0,0,1,1,6,2,40,7,1598,1,6,-1,-1,-1
2016140075465,3,9,0,7,0,1,0,0,0,0,3,1,6,1,46,8,1998,2,11,1,1,1
2016140075505,1,9,0,18,0,1,0,0,0,0,1,1,6,1,46,8,1968,2,3,-1,-1,-1
2016140075505,2,9,0,18,0,8,1,0,7,0,4,1,6,2,51,8,-1,-1,-1,10,2,10
2016140075508,1,8,0,18,0,1,0,0,0,0,4,1,1,1,46,8,1997,2,10,2,1,2
2016140075518,1,9,0,18,0,0,0,0,0,0,1,1,6,1,29,6,1997,2,12,1,1,1
2016140075518,2,9,0,3,0,0,0,0,0,0,2,1,6,1,29,6,1997,2,11,-1,-1,-1
2016140075561,1,9,0,4,0,1,0,0,0,0,1,1,6,1,23,5,1995,1,5,10,1,10
2016140075561,2,9,0,4,0,1,0,0,0,0,2,1,6,1,36,7,1397,1,15,1,1,1
2016140075561,3,9,0,4,0,1,0,0,0,0,2,1,6,1,18,4,1388,1,7,5,2,5
2016140075570,1,9,0,18,0,1,5,0,7,0,4,1,6,1,26,6,1329,1,7,7,1,7
2016140075570,2,9,0,7,0,6,0,0,0,0,3,1,6,1,32,6,2143,2,1,2,1,2
2016140075576,1,9,0,18,0,0,0,0,0,0,1,1,2,2,32,6,1360,1,14,6,3,6
2016140075601,1,9,0,4,0,1,0,0,2,10,1,1,6,1,71,10,2099,1,13,8,1,8
2016140075601,2,9,0,3,0,1,0,0,7,0,2,1,6,2,23,5,1149,1,9,9,1,9
2016140075601,3,9,0,3,0,1,0,0,0,0,3,1,6,2,25,5,1596,1,5,1,1,1
2016140075601,4,9,0,3,0,1,0,0,0,0,2,1,6,1,78,11,1149,1,10,4,1,4
2016140075601,5,21,0,18,0,8,0,0,0,0,4,1,1,1,63,9,9290,2,1,4,1,4
2016140075626,1,9,0,4,0,0,0,0,0,0,2,1,6,1,36,7,1991,1,3,5,1,5
2016140075626,2,9,0,15,0,0,0,0,0,0,0,1,6,3,-1,-1,-1,-1,-1,-1,-1,-1
2016140075626,3,1,0,18,0,0,0,0,0,0,1,1,6,1,31,6,-1,-1,-1,-1,-1,-1
2016140075629,1,9,0,2,0,0,0,4,0,0,1,1,6,1,45,7,2993,2,2,5,1,5
2016140075629,2,9,0,5,0,0,0,4,0,0,1,1,6,3,-1,-1,1598,1,12,-1,-1,-1
2016140075637,1,9,0,18,0,0,0,0,0,0,1,1,6,2,29,6,1461,2,10,-1,-1,-1
2016140075637,2,9,0,18,0,0,0,0,0,0,2,1,6,1,69,10,1896,2,13,10,1,10
2016140075650,1,9,0,12,7,0,0,0,0,0,3,1,6,1,48,8,-1,-1,-1,1,1,1
2016140075650,2,9,0,13,0,0,0,0,0,0,1,1,6,3,-1,-1,-1,-1,-1,-1,-1,-1
2016140075840,1,9,0,5,0,8,0,0,0,0,0,1,6,2,32,6,1390,1,17,4,1,4
2016140075840,2,97,0,16,0,1,0,10,0,0,0,1,6,1,34,6,-1,-1,-1,2,1,2
2016140075853,1,9,0,18,0,0,0,0,0,0,4,1,6,1,16,4,1781,1,15,5,1,5
2016140075853,2,9,0,3,0,0,0,0,0,0,3,1,6,2,51,8,1870,2,6,10,1,10
2016140075853,3,9,0,3,0,0,0,0,0,0,3,1,1,1,49,8,-1,-1,-1,6,1,6
2016140075853,4,9,0,3,0,0,0,0,0,0,3,1,1,1,36,7,-1,-1,-1,3,2,3
2016140075903,1,9,0,14,0,0,0,4,0,0,1,1,1,2,25,5,-1,-1,-1,4,1,4
2016140075903,2,9,0,2,0,0,0,0,0,0,2,1,2,1,50,8,1124,1,16,1,1,1
2016140075927,1,9,0,7,0,6,0,0,0,0,0,1,6,3,-1,-1,-1,-1,-1,-1,-1,-1
2016140075970,1,9,0,9,0,1,0,0,0,0,1,1,6,2,30,6,1598,1,4,1,1,1
2016140075970,2,9,0,18,9,1,0,0,0,0,1,1,6,1,-1,-1,-1,-1,-1,-1,-1,-1
2016140075978,1,97,0,18,9,0,0,0,0,0,0,1,6,3,-1,-1,-1,-1,-1,-1,-1,-1
2016140076007,1,9,0,18,0,0,0,0,0,0,1,1,6,2,25,5,1329,1,6,8,2,8
2016140076016,1,9,0,18,0,0,0,0,0,0,2,1,6,1,53,8,-1,-1,-1,3,1,3
2016140076016,2,9,0,18,0,0,0,0,0,0,1,1,6,2,33,6,1560,2,5,3,1,3
2016140076032,1,9,0,18,0,1,0,0,0,0,1,1,6,3,-1,-1,-1,-1,-1,-1,-1,-1
2016140076032,2,1,0,9,0,2,0,0,0,0,3,1,6,1,20,4,-1,-1,-1,1,1,1
2016140076051,1,9,0,9,0,5,0,0,0,0,1,1,6,1,49,8,1956,2,1,5,1,5
2016140076054,1,9,0,18,0,8,0,0,0,0,4,1,1,1,48,8,1397,1,7,7,1,7
2016140076074,1,9,0,5,0,8,0,0,0,0,4,1,6,2,18,4,998,1,9,-1,-1,-1
2016140076074,2,9,0,9,0,8,0,0,0,0,1,1,6,1,32,6,1242,1,10,5,2,5
2016140076216,1,9,0,4,0,0,0,0,0,0,2,1,6,1,30,6,2987,2,4,4,1,4
2016140076216,2,5,0,18,0,0,0,0,0,0,1,1,6,1,36,7,1250,1,14,6,1,6
2016140076245,1,9,0,18,0,2,0,0,0,0,3,1,6,2,69,10,1596,1,2,5,1,5
2016140076245,2,1,0,18,0,1,0,0,0,0,1,1,6,1,6,2,-1,-1,-1,5,1,5
2016140076297,1,9,0,3,0,1,0,0,0,0,2,1,6,2,22,5,998,1,5,2,1,2
2016140076297,2,9,0,18,0,1,0,0,0,0,1,1,6,3,-1,-1,-1,-1,-1,-1,-1,-1
2016140076306,1,9,0,18,0,0,0,0,0,0,4,1,6,3,-1,-1,-1,-1,-1,-1,-1,-1
2016140076311,1,9,0,7,0,5,0,0,0,0,4,1,6,2,43,7,1796,1,9,1,1,1
2016140076311,2,1,0,18,0,8,0,0,0,0,1,1,1,2,23,5,-1,-1,-1,8,1,8
2016140076333,1,19,4,18,0,2,1,0,0,0,1,1,6,1,47,8,2151,2,12,5,2,5
2016140076333,2,9,0,3,0,2,0,0,0,0,2,1,6,2,49,8,1296,1,9,9,1,9
2016140076333,3,9,0,3,0,2,0,0,0,0,2,1,6,1,33,6,1560,2,4,1,1,1
2016140076333,4,9,0,3,0,2,0,0,0,0,2,1,6,1,37,7,2143,2,2,3,1,3