Accident_Index,Vehicle_Reference,Vehicle_Type,Towing_and_Articulation,Vehicle_Manoeuvre,Vehicle_Location-Restricted_Lane,Junction_Location,Skidding_and_Overturning,Hit_Object_in_Carriageway,Vehicle_Leaving_Carriageway,Hit_Object_off_Carriageway,1st_Point_of_Impact,Was_Vehicle_Left_Hand_Drive?,Journey_Purpose_of_Driver,Sex_of_Driver,Age_of_Driver,Age_Band_of_Driver,Engine_Capacity_(CC),Propulsion_Code,Age_of_Vehicle,Driver_IMD_Decile,Driver_Home_Area_Type,Vehicle_IMD_Decile
2016140076333,5,9,0,3,0,2,0,0,0,0,2,1,6,1,60,9,1956,2,5,-1,-1,-1
2016140076376,1,9,0,4,0,0,0,0,0,0,2,1,6,1,46,8,1995,2,12,-1,-1,-1
2016140076376,2,9,0,4,0,0,0,0,0,0,1,1,6,1,36,7,-1,-1,-1,5,1,5
2016140076406,1,9,0,16,0,1,0,0,0,0,1,1,2,2,35,6,1994,2,9,1,2,1
2016140076406,2,9,0,9,0,5,0,0,0,0,1,1,6,3,-1,-1,2324,1,13,-1,-1,-1
2016140076423,1,19,0,9,0,6,0,0,0,0,3,1,6,1,51,8,2496,2,19,1,1,1
2016140076423,2,9,0,18,0,1,0,0,0,0,1,1,6,2,54,8,1229,1,1,7,1,7
2016140076450,1,9,0,4,8,0,0,0,0,0,1,1,6,1,71,10,1587,1,12,6,1,6
2016140076471,1,9,0,4,0,6,0,0,0,0,1,1,6,2,-1,-1,-1,-1,-1,-1,-1,-1
2016140076512,1,9,0,8,0,1,0,0,0,0,2,1,6,2,47,8,1149,1,10,6,1,6
2016140076512,2,9,0,7,0,1,0,0,0,0,1,1,6,2,20,4,1560,2,3,3,1,3
2016140076527,1,3,0,18,0,1,0,0,0,0,0,1,6,1,40,7,124,1,1,1,1,1
2016140076527,2,9,0,9,0,6,0,0,0,0,0,1,6,1,62,9,1896,2,12,1,1,1
2016140076530,1,9,0,4,0,0,0,0,0,0,2,1,2,2,37,7,1986,2,8,5,1,5
2016140076530,2,9,0,18,0,0,0,0,0,0,1,1,2,2,31,6,1349,1,2,4,1,4
2016140076596,1,9,0,18,0,0,0,4,0,0,1,1,6,1,39,7,1794,1,13,10,1,10
2016140076596,2,9,0,2,0,0,0,0,0,0,2,1,6,1,39,7,1994,2,8,4,1,4
2016140076596,3,9,0,2,0,0,0,0,0,0,1,1,6,1,51,8,1991,2,8,2,1,2
2016140076604,1,98,0,12,0,8,0,0,0,0,1,1,1,1,20,4,-1,-1,-1,-1,-1,-1
2016140076604,2,9,0,18,0,3,1,0,1,2,4,1,6,2,36,7,1999,1,10,9,1,9
2016140076636,1,9,0,18,0,4,0,0,0,0,1,1,6,1,48,8,2099,1,13,4,1,4
2016140076636,2,1,0,18,0,8,0,0,0,0,1,1,6,1,49,8,-1,-1,-1,8,1,8
2016140076639,1,9,0,18,0,0,0,0,0,0,1,1,6,1,29,6,999,1,-1,2,1,2
2016140076639,2,9,0,18,0,0,0,0,0,0,3,1,6,2,44,7,1896,2,10,8,1,8
2016140076639,3,9,0,18,0,0,0,0,0,0,0,1,1,1,31,6,1997,2,-1,-1,-1,-1
2016140076653,1,9,0,18,0,0,0,0,0,0,1,1,2,1,27,6,-1,-1,-1,6,3,6
2016140076713,1,9,0,3,0,1,0,0,0,0,1,1,6,1,22,5,1968,2,10,1,1,1
2016140076713,2,9,0,3,0,1,0,0,0,0,3,1,1,1,-1,-1,2967,2,1,-1,-1,-1
2016140076713,3,9,0,5,0,1,0,0,0,0,4,1,6,1,52,8,1796,1,14,6,1,6
2016140076727,1,9,0,18,0,1,0,0,0,0,1,1,6,1,39,7,1796,1,16,1,1,1
2016140076727,2,9,0,9,0,5,0,0,0,0,1,1,6,2,72,10,1242,1,2,7,1,7
2016140076772,1,9,0,14,0,8,0,0,8,5,1,1,6,2,69,10,1896,2,12,2,1,2
2016140076772,2,9,0,9,0,6,0,0,8,5,3,1,6,2,26,6,1390,1,7,2,1,2
2016140076778,1,9,0,1,0,8,0,0,0,0,2,1,6,1,24,5,1896,2,13,-1,-1,-1
2016140076827,1,9,0,18,0,0,0,0,0,0,3,1,6,1,48,8,1796,1,14,4,1,4
2016140076827,2,9,0,18,0,0,0,0,0,0,3,1,6,3,-1,-1,1560,2,2,-1,-1,-1
2016140076841,1,3,0,18,0,1,0,0,0,0,3,1,2,1,25,5,124,1,9,2,1,2
2016140076861,1,9,0,17,0,0,5,4,0,0,1,1,6,2,20,4,998,1,-1,3,1,3
2016140076861,2,9,0,2,0,0,0,0,0,0,1,1,6,1,28,6,1364,2,3,7,1,7
2016140076865,1,9,0,9,0,6,0,0,0,0,1,1,6,1,69,10,1598,2,-1,6,1,6
2016140076865,2,9,0,18,0,8,0,0,0,0,1,1,6,2,21,5,1598,1,14,7,1,7
2016140076875,1,9,0,17,0,0,5,0,1,11,1,1,6,1,17,4,1149,1,9,-1,-1,-1
2016140076901,1,8,0,1,0,0,0,0,0,0,2,1,1,1,60,9,1598,2,2,6,1,6
2016140076919,1,9,0,18,0,1,0,0,0,0,1,1,6,3,-1,-1,-1,-1,-1,-1,-1,-1
2016140076919,2,9,0,3,0,1,0,0,0,0,1,1,2,2,17,4,1242,1,3,3,2,3
2016140076919,3,9,0,3,0,1,0,0,0,0,2,1,2,3,-1,-1,-1,-1,-1,-1,-1,-1
2016140076925,1,9,0,7,0,2,0,0,0,0,4,1,6,2,39,7,1329,1,7,10,1,10
2016140076970,1,19,0,9,0,5,0,0,0,0,1,1,6,1,36,7,2402,2,14,3,2,3
2016140076970,2,9,0,13,0,1,0,0,0,0,1,1,6,1,61,9,999,1,3,3,1,3
2016140076974,1,4,0,18,0,0,0,0,0,0,3,1,2,1,49,8,-1,-1,-1,4,2,4
2016140076974,2,9,0,18,0,0,0,0,0,0,3,1,6,2,18,4,-1,-1,-1,-1,-1,-1
2016140076989,1,9,0,9,0,0,0,0,0,0,3,1,6,1,18,4,1360,1,13,1,1,1
2016140076989,2,5,0,14,0,0,0,0,0,0,4,1,6,1,62,9,659,1,11,9,1,9
2016140077007,1,9,0,17,0,0,0,0,0,0,0,1,6,1,19,4,1149,1,14,7,1,7
2016140077036,1,9,0,1,0,2,0,0,0,0,2,1,6,1,63,9,1896,2,13,2,1,2
2016140077041,1,9,0,18,0,0,0,0,0,0,4,1,6,3,-1,-1,-1,-1,-1,-1,-1,-1
2016140077041,2,1,0,18,0,0,0,0,0,0,1,1,4,1,13,3,-1,-1,-1,1,1,1
2016140077057,1,9,0,7,0,1,0,0,0,0,2,1,6,1,26,6,1995,2,9,-1,-1,-1
2016140077057,2,9,0,18,0,1,0,0,0,0,1,1,6,1,22,5,1598,2,1,2,1,2
2016140077059,1,9,0,18,0,8,0,0,0,0,1,1,2,2,23,5,1229,1,8,1,1,1
2016140077059,2,3,0,15,4,8,0,0,0,0,3,1,2,1,46,8,124,1,9,8,1,8
2016140077061,1,9,0,18,0,0,1,0,0,0,1,1,6,1,20,4,1753,2,10,1,1,1
2016140077061,2,9,0,18,0,0,1,0,0,0,1,1,6,1,38,7,-1,-1,-1,2,1,2
2016140077069,1,9,0,18,0,8,0,0,0,0,4,1,2,1,46,8,1798,1,7,3,1,3
2016140077069,2,1,0,18,0,1,0,0,0,0,3,1,6,1,-1,-1,-1,-1,-1,-1,-1,-1
2016140077256,1,9,0,3,0,0,0,0,0,0,2,1,6,2,58,9,1587,1,9,-1,-1,-1
2016140077256,2,9,0,5,0,0,0,0,0,0,1,1,6,1,-1,-1,1422,2,8,-1,-1,-1
2016140077273,1,9,0,18,0,1,0,0,0,0,1,1,6,2,76,11,1598,1,12,-1,-1,-1
2016140077273,2,9,0,3,0,1,0,0,0,0,2,1,6,1,56,9,1399,2,7,4,1,4
2016140077296,1,9,0,3,0,1,0,0,0,0,1,1,6,1,41,7,1896,2,14,1,1,1
2016140077296,2,9,0,3,0,1,0,0,0,0,2,1,6,2,-1,-1,1398,1,3,-1,-1,-1
2016140077442,1,9,0,18,0,1,0,0,0,0,0,1,6,1,24,5,-1,-1,-1,5,1,5
2016140077497,1,19,0,18,0,5,0,0,0,0,1,1,6,3,-1,-1,1998,2,12,-1,-1,-1
2016140077522,1,9,0,3,0,0,0,0,0,0,2,1,6,2,23,5,1390,1,2,8,1,8
2016140077522,2,9,0,18,0,0,0,0,0,0,1,1,2,1,-1,-1,1781,1,13,8,1,8
2016140077523,1,9,0,18,0,0,0,7,8,11,1,1,1,1,50,8,1368,1,1,-1,-1,-1
2016140077535,1,9,0,18,0,0,0,0,0,0,4,1,6,2,46,8,2993,2,8,4,1,4
2016140077535,2,1,0,18,0,0,0,0,0,0,1,1,6,2,4,1,-1,-1,-1,4,1,4
2016140077564,1,19,0,18,0,0,0,0,0,0,4,1,6,1,23,5,2198,2,8,3,1,3
2016140077564,2,1,0,12,0,0,0,0,0,0,3,1,6,1,16,4,-1,-1,-1,2,1,2
2016140077565,1,5,0,13,0,1,1,4,0,0,1,1,6,1,-1,-1,998,1,18,-1,-1,-1
2016140077565,2,9,0,9,0,1,0,0,0,0,2,1,6,2,36,7,1753,2,7,3,1,3
2016140077565,3,9,0,2,0,1,0,0,0,0,1,1,6,2,-1,-1,1995,2,3,8,1,8
2016140077586,1,9,0,4,0,2,0,0,0,0,1,1,6,1,47,8,1587,1,9,3,1,3
2016140077612,1,19,0,18,0,0,0,0,0,0,2,1,6,1,45,7,2198,2,4,3,1,3
2016140077612,2,9,0,18,0,0,1,0,0,0,1,1,6,3,-1,-1,1781,1,19,-1,-1,-1
2016140077625,1,97,0,16,0,0,2,0,6,4,4,1,6,1,32,6,-1,-1,-1,1,1,1
2016140077701,1,9,0,3,0,1,0,0,0,0,2,1,2,2,44,7,1598,1,9,7,3,7
2016140077701,2,9,0,4,0,1,0,0,0,0,1,1,6,1,38,7,-1,-1,-1,3,3,3
2016140077762,1,9,0,9,0,5,0,0,0,0,1,1,6,1,66,10,-1,-1,-1,5,1,5
2016140077762,2,97,0,18,0,8,0,0,0,0,3,1,6,1,50,8,1340,1,19,6,3,6
2016140077788,1,5,0,18,0,8,0,0,0,0,1,1,6,1,26,6,599,1,14,-1,-1,-1
2016140077788,2,9,0,18,0,8,0,0,0,0,4,1,6,2,39,7,2457,1,10,3,1,3
2016140077839,1,3,0,18,2,8,1,0,0,0,4,1,6,1,23,5,124,1,2,-1,-1,-1
2016140077839,2,9,0,4,0,8,0,0,0,0,1,1,2,2,52,8,1560,2,10,4,1,4
2016140077884,1,9,0,3,0,0,0,0,0,0,2,1,6,2,36,7,1595,1,2,5,1,5
2016140077884,2,19,0,18,0,0,0,0,0,0,1,1,6,3,-1,-1,1560,2,3,-1,-1,-1
2016140077907,1,3,0,18,0,8,0,0,0,0,1,1,6,1,37,7,124,1,6,3,1,3
2016140077907,2,9,0,9,0,5,0,0,0,0,4,1,6,1,79,11,1497,1,10,-1,-1,-1
2016140077947,1,9,0,18,0,1,0,0,0,0,3,1,6,1,49,8,-1,-1,-1,3,1,3
2016140077947,2,19,0,9,0,8,0,0,0,0,1,1,6,1,34,6,1998,2,12,-1,-1,-1
2016140077961,1,9,0,4,0,1,0,0,0,0,2,1,6,1,58,9,2231,2,3,4,1,4
2016140077961,2,9,0,18,0,1,1,0,0,0,1,1,6,1,30,6,1991,1,16,8,2,8
2016140077980,1,97,0,18,5,1,0,0,0,0,3,1,6,3,-1,-1,-1,-1,-1,-1,-1,-1
2016140078028,1,9,0,18,0,8,0,0,0,0,1,1,6,1,80,11,1364,1,10,8,1,8
2016140078028,2,9,0,18,0,8,1,0,0,0,4,1,1,1,23,5,2000,2,15,5,1,5
2016140078035,1,9,0,4,0,0,1,0,0,0,4,1,6,2,21,5,1596,1,12,2,1,2
2016140078035,2,9,0,18,0,0,5,0,1,0,1,1,6,1,18,4,1149,1,11,5,2,5
2016140078164,1,9,0,18,0,1,0,0,0,0,1,1,6,1,31,6,2204,2,9,2,1,2
2016140078164,2,9,0,3,0,1,0,0,0,0,2,1,6,2,51,8,1598,2,-1,5,1,5
2016140078164,3,8,0,3,0,1,0,0,0,0,2,1,1,1,43,7,2664,2,10,2,1,2
2016140078206,1,9,0,17,0,8,0,0,0,0,3,1,1,1,30,6,2496,2,13,5,1,5
2016140078206,2,9,0,9,0,5,0,0,0,0,1,1,6,1,18,4,1388,1,9,2,1,2
2016140078207,1,9,0,1,0,6,0,0,0,0,3,1,6,1,42,7,1995,2,4,2,1,2
2016140078207,2,3,0,18,0,8,1,0,0,0,3,1,6,1,18,4,124,1,1,3,1,3
2016140078256,1,9,0,18,0,1,0,0,7,2,1,1,2,1,21,5,1995,2,9,7,2,7
2016140078281,1,9,0,18,0,0,0,0,0,0,1,1,6,1,27,6,1461,2,11,10,1,10
2016140078281,2,8,0,18,0,0,0,0,0,0,1,1,1,1,32,6,1968,2,4,2,1,2
2016140078305,1,9,0,11,0,1,0,0,0,0,1,1,6,1,62,9,1390,1,4,8,1,8
2016140078305,2,9,0,15,2,1,0,0,1,0,2,1,6,1,45,7,2204,2,11,8,1,8
2016140078358,1,9,0,10,0,5,0,0,0,0,3,1,6,1,29,6,1397,1,16,1,1,1
2016140078358,2,9,0,14,0,1,0,0,0,0,1,1,2,1,29,6,1984,1,17,1,1,1
2016140078370,1,9,0,16,0,0,1,0,1,11,1,1,2,1,25,5,1560,2,5,3,1,3
2016140078411,1,9,0,4,0,8,0,0,0,0,2,1,6,1,57,9,1560,2,8,9,1,9
2016140078411,2,9,0,4,0,8,0,0,0,0,2,1,6,1,56,9,1598,1,11,10,1,10
2016140078411,3,9,0,4,0,8,0,0,0,0,2,1,6,1,58,9,1598,1,2,1,1,1
2016140078411,4,9,0,4,0,8,0,0,0,0,2,1,6,1,40,7,1997,2,9,3,1,3
2016140078411,5,9,0,18,0,8,0,0,0,0,1,1,6,1,77,11,1896,2,9,5,1,5
2016140078411,6,9,0,18,0,8,0,0,1,0,0,1,6,1,39,7,999,1,-1,9,1,9
2016140078431,1,9,0,17,0,0,0,0,1,4,1,1,3,2,35,6,1388,1,14,5,1,5
2016140078438,1,9,0,9,0,8,2,0,7,0,4,1,2,1,21,5,1497,8,1,1,1,1
2016140078438,2,9,0,18,0,8,1,0,0,0,1,1,6,1,56,9,1422,2,12,6,1,6
2016140078491,1,1,0,18,0,8,0,0,0,0,3,1,2,2,60,9,-1,-1,-1,8,1,8
2016140078491,2,9,0,9,0,5,0,0,0,0,1,1,1,1,-1,-1,1995,2,8,3,1,3
2016140078496,1,9,0,3,0,1,0,0,0,0,2,1,6,1,24,5,1968,2,4,1,1,1
2016140078496,2,9,0,18,0,1,0,0,0,0,1,1,6,1,24,5,1896,2,16,5,1,5
2016140078519,1,9,0,18,0,0,1,0,1,4,1,1,6,1,36,7,-1,-1,-1,1,1,1
2016140078530,1,9,0,9,0,6,0,0,0,0,3,1,6,1,52,8,-1,-1,-1,1,1,1
2016140078530,2,11,0,18,0,1,0,0,0,0,1,1,1,2,51,8,6871,2,8,-1,-1,-1
2016140078573,1,9,0,9,0,6,0,0,0,0,1,1,6,1,79,11,1995,2,7,1,1,1
2016140078573,2,9,0,18,0,1,1,0,0,0,4,1,1,1,32,6,-1,-1,-1,2,1,2
2016140078590,1,9,0,5,0,6,0,0,0,0,3,1,6,2,25,5,1598,1,6,1,1,1
2016140078590,2,5,0,18,0,1,0,0,0,0,1,1,6,1,62,9,892,1,14,1,1,1
2016140078604,1,9,0,18,0,1,0,0,0,0,1,1,6,2,21,5,1242,1,4,6,1,6
2016140078604,2,9,0,9,0,5,0,0,0,0,1,1,6,1,81,11,1598,1,11,2,1,2
2016140078619,1,9,0,9,0,6,0,0,0,0,1,1,2,1,46,8,1596,1,11,7,1,7
2016140078619,2,2,0,18,0,8,0,0,0,0,4,1,2,1,18,4,49,1,2,10,1,10
2016140078637,1,9,0,18,0,8,0,0,0,0,1,1,6,1,75,10,1905,2,21,1,1,1
2016140078637,2,9,0,9,0,6,0,0,0,0,3,1,6,1,76,11,2401,2,14,-1,-1,-1
2016140078646,1,9,0,5,0,1,0,0,0,0,1,1,6,1,50,8,1598,1,11,1,1,1
2016140078646,2,9,0,3,0,1,0,0,0,0,2,1,6,2,39,7,1598,1,12,4,1,4
2016140078678,1,11,0,9,0,5,0,0,0,0,1,1,1,1,54,8,-1,2,17,8,1,8
2016140078678,2,5,0,13,0,1,0,0,0,0,1,1,2,1,46,8,650,1,16,1,1,1
2016140078688,1,9,0,9,0,5,0,0,0,0,2,1,6,1,63,9,1968,2,8,9,1,9
2016140078688,2,9,0,18,0,1,0,0,0,0,1,1,6,1,33,6,1796,1,16,-1,-1,-1
2016140078722,1,9,0,3,0,8,0,0,0,0,2,1,6,2,31,6,1560,2,2,-1,-1,-1
2016140078722,2,19,0,18,0,8,1,0,0,0,1,1,1,1,22,5,2198,2,3,1,1,1
2016140078726,1,9,0,18,0,2,0,0,0,0,1,1,1,1,20,4,3000,1,5,1,1,1
2016140078732,1,9,0,3,0,2,0,0,0,0,2,1,6,1,45,7,1997,2,16,4,1,4
2016140078732,2,9,0,18,0,2,0,0,0,0,1,1,6,1,33,6,2776,2,9,8,1,8
2016140078764,1,9,0,18,0,8,0,0,0,0,1,1,6,1,51,8,1910,2,10,-1,-1,-1
2016140078764,2,9,0,9,0,8,0,0,0,0,1,1,2,1,28,6,1598,1,14,2,1,2
2016140078764,3,9,0,18,0,8,0,0,0,0,1,1,6,1,64,9,1998,2,10,-1,-1,-1
2016140078802,1,9,0,18,0,1,1,0,3,11,1,1,6,1,22,5,1124,1,21,1,2,1
2016140078826,1,9,0,18,0,1,1,0,0,0,1,1,6,2,52,8,-1,-1,-1,6,3,6
2016140078826,2,9,0,10,0,8,0,0,0,0,2,1,6,1,37,7,1968,2,1,3,1,3
2016140078898,1,9,0,18,9,6,0,0,0,0,1,1,6,1,-1,-1,1600,1,12,3,1,3
2016140078930,1,1,0,18,0,0,0,4,0,0,1,1,6,1,20,4,-1,-1,-1,-1,-1,-1
2016140078930,2,19,0,2,0,0,0,0,0,0,2,1,6,1,-1,-1,2287,2,6,4,1,4
2016140078945,1,9,0,18,0,8,0,0,0,0,1,1,6,1,35,6,1995,2,5,6,1,6
2016140078945,2,9,0,9,0,1,0,0,0,0,1,1,6,1,65,9,1596,1,13,1,1,1
2016140078949,1,9,0,18,0,1,0,0,0,0,3,1,2,2,28,6,1197,1,1,2,1,2
2016140078949,2,9,0,12,0,6,0,0,0,0,1,1,6,3,-1,-1,1590,1,13,-1,-1,-1
2016140078964,1,9,0,18,0,1,0,0,0,0,0,1,6,3,-1,-1,1991,2,8,-1,-1,-1
2016140079058,1,9,0,3,0,0,0,0,0,0,2,1,6,2,42,7,1598,2,2,2,1,2
2016140079058,2,9,0,4,0,0,0,0,0,0,1,1,6,3,-1,-1,-1,-1,-1,-1,-1,-1
2016140079125,1,9,0,4,0,1,0,0,5,2,1,1,6,1,83,11,1560,2,1,4,1,4
2016140079125,2,11,0,10,0,1,0,0,0,0,3,1,1,1,42,7,7300,2,13,5,1,5
2016140079150,1,9,0,18,0,8,0,0,0,0,1,1,6,1,20,4,1598,1,12,5,1,5
2016140079150,2,9,0,18,0,8,0,0,0,0,1,1,6,2,51,8,1595,1,12,7,1,7
2016140079170,1,9,0,12,0,8,0,0,0,0,1,1,6,1,31,6,1968,2,3,4,1,4
2016140079170,2,9,0,18,0,8,0,0,0,0,2,1,6,1,20,4,1595,1,10,3,1,3
2016140079209,1,9,0,7,0,6,0,10,1,0,4,1,6,1,67,10,1299,1,13,2,1,2
2016140079211,1,9,0,9,0,5,0,0,0,0,1,1,6,1,27,6,1596,1,8,2,1,2
2016140079211,2,9,0,18,0,1,0,0,0,0,1,1,6,1,51,8,1794,1,15,3,1,3
2016140079216,1,9,0,10,0,1,0,0,0,0,3,1,6,1,32,6,1598,1,13,3,1,3
2016140079216,2,9,0,10,0,6,0,0,0,0,3,1,2,1,46,8,1596,1,10,-1,-1,-1
2016140079216,3,9,0,18,0,1,1,0,0,0,1,1,6,3,-1,-1,1596,1,15,-1,-1,-1
2016140079263,1,9,0,1,0,0,0,0,0,0,2,1,6,2,33,6,1995,2,10,-1,-1,-1
2016140079268,1,9,0,18,0,2,0,0,0,0,1,2,6,2,31,6,1595,1,11,1,1,1
2016140079268,2,1,0,18,0,2,0,0,0,0,1,1,6,1,12,3,-1,-1,-1,-1,-1,-1
2016140079286,1,9,0,18,0,6,0,0,0,0,1,1,6,2,24,5,1995,2,12,5,1,5
2016140079286,2,9,0,18,0,8,0,0,0,0,1,1,6,1,36,7,1560,2,10,5,1,5
2016140079291,1,9,0,4,0,0,0,0,0,0,1,1,2,1,27,6,1560,2,2,7,2,7
2016140079291,2,3,0,4,0,0,0,0,0,0,2,1,6,2,24,5,125,1,4,-1,-1,-1
2016140079291,3,9,0,4,0,0,0,0,0,0,2,1,6,1,31,6,-1,-1,-1,4,1,4
2016140079346,1,9,0,7,0,6,0,0,0,0,1,1,6,1,27,6,1299,1,7,-1,-1,-1
2016140079346,2,9,0,18,0,1,0,0,0,0,1,1,6,1,28,6,1560,2,5,10,1,10
2016140079383,1,9,0,18,0,0,1,0,0,0,1,1,6,2,18,4,1242,1,12,9,1,9
2016140079383,2,9,0,3,0,0,0,0,0,0,2,1,1,1,53,8,1968,2,4,9,3,9
2016140079384,1,9,0,18,0,8,0,0,0,0,3,1,6,1,79,11,1339,1,11,-1,-1,-1
2016140079384,2,3,0,18,0,1,0,0,0,0,1,1,6,1,19,4,124,1,4,1,1,1
2016140079387,1,9,0,3,0,8,0,0,0,0,2,1,6,1,24,5,1995,2,3,7,1,7
2016140079387,2,9,0,4,0,1,0,0,0,0,1,1,2,1,34,6,1360,1,13,2,1,2
2016140079399,1,9,0,14,0,0,0,0,0,0,1,1,6,2,28,6,1991,2,14,3,2,3
2016140079399,2,97,0,6,0,0,0,0,0,0,3,1,6,1,-1,-1,-1,-1,-1,-1,-1,-1
2016140079400,1,9,0,7,0,1,0,0,0,0,1,1,6,1,67,10,1386,1,13,5,1,5
2016140079400,2,9,0,18,0,1,0,4,0,0,3,1,6,1,20,4,1995,2,9,4,2,4
2016140079400,3,9,0,2,0,1,0,0,0,0,2,1,6,1,58,9,1686,2,5,2,2,2
2016140079423,1,9,0,5,0,8,0,0,0,0,1,1,6,1,72,10,2979,1,14,7,1,7
2016140079423,2,9,0,9,0,5,0,0,0,0,4,1,1,1,48,8,1968,2,3,1,1,1
2016140079614,1,9,0,18,0,0,0,0,0,0,1,1,6,1,31,6,1461,2,2,7,1,7
2016140079628,1,9,0,5,0,4,0,0,0,0,3,1,6,1,72,10,1996,2,12,-1,-1,-1
2016140079628,2,1,0,5,0,8,0,0,0,0,4,1,6,1,70,10,-1,-1,-1,6,1,6
2016140079675,1,1,0,18,0,0,0,0,0,0,2,1,6,1,38,7,-1,-1,-1,1,1,1
2016140079675,2,9,0,18,0,0,0,0,0,0,1,1,6,3,-1,-1,-1,-1,-1,-1,-1,-1
2016140079685,1,9,0,18,0,0,2,0,2,11,4,1,6,2,58,9,1242,1,3,5,1,5
2016140079704,1,5,0,9,0,8,0,0,0,0,4,1,6,1,59,9,1170,1,7,3,2,3
2016140079704,2,9,0,18,0,4,0,0,0,0,1,1,6,2,41,7,1398,1,4,2,3,2
2016140079706,1,9,0,18,0,1,0,0,0,0,1,1,6,1,19,4,1395,1,3,1,1,1
2016140079706,2,9,0,9,0,5,0,0,0,0,4,1,6,3,-1,-1,-1,-1,-1,-1,-1,-1
2016140079710,1,9,0,18,0,0,1,10,2,5,1,1,6,1,34,6,1796,1,15,2,1,2
2016140079761,1,9,0,18,0,1,1,0,7,0,1,1,6,1,74,10,1997,2,12,3,1,3
2016140079761,2,9,0,7,0,6,1,0,0,0,3,1,6,2,28,6,1587,1,11,2,1,2
2016140079787,1,8,0,9,0,5,0,0,0,0,1,1,1,1,37,7,2664,2,15,2,1,2
2016140079815,1,9,0,3,0,1,0,0,0,0,2,1,6,1,83,11,1560,2,3,1,1,1
2016140079815,2,9,0,3,0,1,0,0,0,0,1,1,6,2,-1,-1,1560,2,2,7,1,7
2016140079864,1,9,0,16,0,0,1,0,7,11,4,1,6,1,22,5,1229,1,9,2,1,2
2016140079866,1,9,3,18,0,8,0,4,0,0,1,1,6,1,61,9,1349,1,3,5,1,5
2016140079866,2,9,0,6,0,8,0,0,0,0,0,1,6,2,58,9,1461,2,2,9,3,9
2016140079866,3,19,0,2,0,1,0,0,0,0,2,1,6,1,42,7,2198,2,3,2,1,2
2016140079892,1,9,0,13,0,0,0,0,0,0,4,1,6,3,-1,-1,-1,-1,-1,-1,-1,-1
2016140079892,2,1,0,18,0,0,0,0,0,0,3,1,6,1,40,7,-1,-1,-1,5,1,5
2016140079939,1,9,0,5,5,6,0,0,0,0,4,1,2,2,24,5,2987,2,9,9,2,9
2016140079939,2,1,0,18,5,1,0,0,0,0,1,1,6,2,28,6,-1,-1,-1,1,1,1
2016140079942,1,9,0,18,0,8,0,0,0,0,1,1,6,2,38,7,-1,-1,-1,3,1,3
2016140079942,2,1,0,18,0,8,0,0,0,0,1,1,6,1,15,3,-1,-1,-1,3,1,3
2016140079943,1,9,0,18,0,1,0,0,0,0,1,1,6,1,35,6,2993,2,6,1,1,1
2016140079943,2,9,0,18,0,1,0,0,0,0,4,1,1,1,37,7,-1,-1,-1,1,1,1
2016140079992,1,9,0,3,0,1,0,0,0,0,2,1,2,1,24,5,1900,2,17,5,1,5
2016140079992,2,9,0,18,0,1,0,0,0,0,1,1,6,3,-1,-1,1598,1,13,-1,-1,-1
2016140080004,1,9,0,18,0,0,0,0,1,7,4,1,2,1,22,5,1149,1,10,1,1,1
2016140080021,1,9,0,16,0,3,0,0,0,0,4,1,1,1,27,6,1896,2,12,8,1,8
2016140080021,2,5,0,18,0,3,1,0,1,0,3,1,1,1,22,5,599,1,16,10,1,10
2016140080022,1,21,0,11,0,8,0,0,0,0,1,1,1,1,49,8,12740,2,-1,6,3,6
2016140080022,2,9,0,12,0,8,0,0,0,0,3,1,6,2,38,7,1461,2,9,2,1,2
2016140080041,1,9,0,3,0,1,0,0,0,0,2,1,6,1,-1,-1,1598,2,-1,-1,-1,-1
2016140080041,2,9,0,3,0,1,0,0,0,0,2,1,6,1,38,7,1769,1,10,1,1,1
2016140080041,3,9,0,3,0,1,0,0,0,0,2,1,6,2,51,8,-1,-1,-1,2,1,2
2016140080041,4,9,0,4,0,1,0,0,0,0,2,1,6,1,49,8,2435,1,15,2,1,2
2016140080041,5,9,0,4,0,1,0,0,0,0,1,1,6,1,74,10,1753,2,9,3,1,3
2016140080207,1,9,0,7,0,5,0,0,0,0,2,1,6,2,54,8,1242,1,12,1,1,1
2016140080207,2,19,0,7,0,1,0,0,0,0,1,1,1,1,25,5,2198,2,1,8,3,8
2016140080217,1,9,0,7,0,5,0,0,0,0,1,1,6,3,-1,-1,1997,2,13,-1,-1,-1
2016140080277,1,9,0,17,0,0,0,0,0,0,3,1,6,1,59,9,999,1,1,7,2,7
2016140080277,2,1,0,15,0,0,0,0,0,0,4,1,6,1,23,5,-1,-1,-1,-1,-1,-1
2016140080338,1,9,0,18,0,0,1,0,4,6,3,1,6,1,44,7,1598,1,7,-1,-1,-1
2016140080338,2,21,1,18,0,0,0,0,0,0,4,1,1,1,61,9,12902,2,1,3,1,3
2016140080340,1,9,0,18,0,8,0,0,0,0,1,1,6,2,24,5,1598,1,7,1,1,1
2016140080340,2,9,0,9,0,6,0,0,0,0,3,1,6,1,75,10,1995,2,8,-1,-1,-1
2016140080359,1,9,0,7,0,6,0,0,0,0,1,1,6,2,41,7,1560,2,5,10,1,10