Accident_Index,Vehicle_Reference,Vehicle_Type,Towing_and_Articulation,Vehicle_Manoeuvre,Vehicle_Location-Restricted_Lane,Junction_Location,Skidding_and_Overturning,Hit_Object_in_Carriageway,Vehicle_Leaving_Carriageway,Hit_Object_off_Carriageway,1st_Point_of_Impact,Was_Vehicle_Left_Hand_Drive?,Journey_Purpose_of_Driver,Sex_of_Driver,Age_of_Driver,Age_Band_of_Driver,Engine_Capacity_(CC),Propulsion_Code,Age_of_Vehicle,Driver_IMD_Decile,Driver_Home_Area_Type,Vehicle_IMD_Decile
2016140080359,2,9,0,18,0,8,0,0,0,0,4,1,1,1,44,7,1998,2,7,8,1,8
2016140080371,1,9,0,18,0,0,0,0,0,0,1,1,6,1,56,9,1587,1,10,4,2,4
2016140080376,1,9,0,18,0,3,0,0,0,0,4,1,6,2,65,9,1591,1,-1,4,1,4
2016140080376,2,21,0,18,0,4,1,0,0,0,1,1,1,1,59,9,12130,2,11,4,1,4
2016140080472,1,9,0,10,0,8,0,0,0,0,3,1,6,1,54,8,1598,1,16,6,1,6
2016140080472,2,9,0,9,0,6,0,0,0,0,1,1,6,1,56,9,1796,1,12,2,1,2
2016140080491,1,9,0,5,0,6,0,0,0,0,1,1,1,1,36,7,1499,2,-1,-1,-1,-1
2016140080491,2,1,0,4,9,1,0,0,0,0,1,1,2,1,50,8,-1,-1,-1,6,1,6
2016140080577,1,9,0,3,0,1,0,0,0,0,2,1,6,2,28,6,1560,2,7,1,1,1
2016140080577,2,9,0,18,0,1,0,0,0,0,1,1,6,3,-1,-1,1896,2,16,-1,-1,-1
2016140080685,1,9,0,9,0,8,0,0,0,0,1,1,6,2,49,8,2497,2,18,2,1,2
2016140080685,2,9,0,18,0,8,0,0,0,0,1,1,6,2,78,11,-1,-1,-1,8,1,8
2016140080759,1,2,0,15,0,1,0,0,0,0,1,1,6,3,-1,-1,-1,-1,-1,-1,-1,-1
2016140080759,2,1,0,5,0,1,0,0,0,0,1,1,6,2,10,2,-1,-1,-1,1,1,1
2016140080809,1,9,0,9,0,5,0,0,0,0,1,1,1,1,62,9,5000,1,4,7,1,7
2016140080845,1,9,0,18,0,0,0,0,0,0,1,1,6,2,41,7,1798,1,16,1,1,1
2016140080845,2,9,0,6,0,0,0,0,0,0,1,1,6,2,23,5,1560,2,9,8,1,8
2016140080903,1,90,0,9,0,5,0,0,0,0,3,1,1,1,44,7,4400,2,-1,-1,-1,-1
2016140080903,2,5,0,13,0,1,0,0,0,0,4,1,2,1,38,7,865,1,7,8,3,8
2016140080909,1,9,0,9,0,4,1,0,1,3,1,1,6,1,19,4,998,1,1,1,1,1
2016140080927,1,9,0,4,0,0,0,0,0,0,1,1,6,1,57,9,1229,1,4,8,1,8
2016140080927,2,1,0,18,0,0,0,0,0,0,1,1,6,1,16,4,-1,-1,-1,4,3,4
2016140080934,1,9,0,18,1,1,0,0,0,0,4,1,6,1,-1,-1,2979,1,11,2,1,2
2016140080987,1,9,0,7,0,6,0,0,0,0,1,1,1,1,51,8,1318,1,-1,4,1,4
2016140080987,2,1,0,18,0,8,0,0,0,0,4,1,6,1,57,9,-1,-1,-1,-1,-1,-1
2016140081029,1,9,0,18,0,0,0,0,0,0,4,1,6,1,34,6,4395,1,3,1,1,1
2016140081032,1,11,0,4,0,4,0,0,0,0,1,1,1,1,52,8,4461,2,2,2,1,2
2016140081032,2,9,0,3,0,8,0,0,0,0,2,1,6,2,41,7,1991,2,6,-1,-1,-1
2016140081051,1,9,0,17,0,8,0,0,0,0,1,1,6,2,22,5,1248,2,9,2,1,2
2016140081051,2,9,0,17,0,8,0,0,0,0,2,1,6,1,37,7,2199,2,7,4,1,4
2016140081057,1,9,0,18,0,0,0,4,7,11,1,1,6,1,48,8,1275,1,25,-1,-1,-1
2016140081057,2,9,0,2,0,0,0,0,0,0,2,1,6,1,58,9,1596,1,12,1,1,1
2016140081062,1,9,0,16,0,0,2,0,1,10,4,1,6,1,23,5,2987,2,1,8,1,8
2016140081082,1,9,0,7,0,6,0,0,0,0,1,1,6,1,-1,-1,1386,1,4,-1,-1,-1
2016140081110,1,9,0,13,0,1,0,0,0,0,1,1,6,3,-1,-1,-1,-1,-1,-1,-1,-1
2016140081110,2,1,0,18,0,1,0,0,1,0,3,1,6,1,13,3,-1,-1,-1,2,1,2
2016140081129,1,8,0,4,0,6,1,0,0,0,3,1,1,1,36,7,1598,2,6,2,1,2
2016140081129,2,9,0,18,0,8,1,0,0,0,4,1,6,1,20,4,-1,-1,-1,-1,-1,-1
2016140081135,1,9,0,9,0,8,0,0,0,0,1,1,6,2,27,6,998,1,14,4,2,4
2016140081135,2,9,0,18,0,4,0,0,0,0,1,1,6,1,47,8,1997,2,-1,4,2,4
2016140081138,1,19,0,18,0,1,0,0,0,0,2,1,1,1,30,6,2198,2,1,1,1,1
2016140081138,2,9,0,18,0,1,0,4,0,0,1,1,2,2,22,5,1360,1,14,3,1,3
2016140081160,1,1,0,14,0,0,0,8,0,0,3,1,1,1,37,7,-1,-1,-1,3,1,3
2016140081160,2,9,0,2,0,0,0,0,0,0,0,1,6,1,23,5,1242,1,11,1,1,1
2016140081175,1,1,0,18,4,2,0,0,0,0,1,1,6,1,61,9,-1,-1,-1,4,1,4
2016140081192,1,9,0,3,0,1,0,0,0,0,2,1,1,1,31,6,1968,2,4,5,1,5
2016140081192,2,9,0,18,0,1,0,0,0,0,1,1,6,1,-1,-1,-1,-1,-1,1,1,1
2016140081194,1,8,0,9,0,5,0,0,0,0,3,1,1,1,47,8,1968,2,4,1,1,1
2016140081194,2,3,0,18,0,8,0,0,0,0,1,1,6,1,23,5,-1,-1,-1,4,2,4
2016140081249,1,9,0,9,0,8,0,0,0,0,3,1,6,2,32,6,1582,2,7,8,1,8
2016140081249,2,5,0,13,0,8,0,0,0,0,4,1,6,1,52,8,1157,1,18,6,3,6
2016140081254,1,9,0,18,0,8,0,0,4,0,4,1,6,1,57,9,2393,1,11,1,1,1
2016140081254,2,19,0,18,0,6,0,0,0,0,1,1,6,2,30,6,2198,2,10,5,1,5
2016140081274,1,9,0,18,0,0,0,0,0,0,1,1,6,1,38,7,1490,1,10,4,1,4
2016140081274,2,9,0,3,0,0,0,0,0,0,2,1,6,1,42,7,-1,-1,-1,-1,-1,-1
2016140081283,1,9,0,6,0,0,0,0,0,0,1,1,6,3,-1,-1,-1,-1,-1,-1,-1,-1
2016140081285,1,9,0,7,0,6,0,0,0,0,1,1,6,1,33,6,2685,2,11,2,2,2
2016140081285,2,1,0,18,0,8,0,0,0,0,4,1,6,1,58,9,-1,-1,-1,1,1,1
2016140081287,1,9,0,18,0,0,0,0,0,0,1,1,6,1,40,7,1968,2,-1,6,3,6
2016140081292,1,9,0,9,0,8,0,0,0,0,3,1,6,1,29,6,1968,2,-1,6,1,6
2016140081292,2,9,0,18,0,8,0,0,0,0,1,1,6,1,46,8,1595,1,7,9,1,9
2016140081296,1,9,0,9,2,6,0,0,0,0,1,1,6,1,20,4,1248,2,4,2,1,2
2016140081296,2,9,0,18,0,8,0,0,0,0,4,1,6,2,21,5,1229,1,-1,-1,-1,-1
2016140081321,1,11,0,4,0,0,0,0,0,0,0,1,1,3,-1,-1,-1,-1,-1,-1,-1,-1
2016140081326,1,9,0,4,0,1,0,0,0,0,2,1,6,2,39,7,2982,2,13,1,1,1
2016140081326,2,11,0,5,0,1,0,0,0,0,1,1,1,1,35,6,9000,2,6,3,1,3
2016140081326,3,9,0,9,0,5,0,0,0,0,0,1,6,1,31,6,1598,2,3,7,1,7
2016140081328,1,9,0,5,0,1,0,0,0,0,1,1,3,2,36,7,1586,1,13,8,1,8
2016140081328,2,9,0,18,0,2,0,0,0,0,1,1,2,1,56,9,1968,2,6,9,3,9
2016140081329,1,9,0,9,0,6,0,0,7,0,4,1,1,2,32,6,1968,2,4,9,1,9
2016140081329,2,9,0,13,0,1,1,0,0,0,1,1,6,3,-1,-1,2099,1,13,-1,-1,-1
2016140081411,1,9,0,18,0,8,0,0,0,0,3,1,6,2,46,8,1397,1,13,7,2,7
2016140081411,2,9,0,18,0,8,0,0,0,0,1,1,6,1,-1,-1,1598,1,6,-1,-1,-1
2016140081417,1,9,0,18,0,8,1,10,2,2,1,1,6,1,-1,-1,1896,2,19,-1,-1,-1
2016140081446,1,19,0,18,0,0,0,0,0,0,2,1,1,1,33,6,1248,2,10,2,1,2
2016140081446,2,9,0,18,0,0,0,0,0,0,2,1,6,1,70,10,1497,8,4,5,2,5
2016140081446,3,9,0,11,0,0,0,0,0,0,1,1,2,1,59,9,2191,2,1,9,1,9
2016140081446,4,9,0,18,0,0,0,0,0,0,4,1,2,2,39,7,1896,2,7,6,1,6
2016140081464,1,9,0,18,0,1,0,0,0,0,1,1,6,1,51,8,1753,2,6,6,1,6
2016140081464,2,9,0,18,0,6,0,0,0,0,1,1,6,1,20,4,1598,1,13,1,1,1
2016140081484,1,19,0,5,0,6,0,0,0,0,1,1,1,1,53,8,2143,2,1,-1,-1,-1
2016140081484,2,9,0,18,0,1,1,0,0,0,1,1,6,1,26,6,1968,2,5,7,1,7
2016140081493,1,9,0,16,0,8,2,0,2,1,4,1,6,1,28,6,1396,1,13,2,1,2
2016140081493,2,9,0,17,0,8,0,0,0,0,0,1,6,3,-1,-1,-1,-1,-1,-1,-1,-1
2016140081508,1,9,0,9,0,1,0,0,0,0,3,1,6,1,23,5,1598,1,1,6,1,6
2016140081508,2,5,0,14,0,1,1,0,7,0,1,1,6,1,58,9,1250,1,12,6,1,6
2016140081512,1,9,0,18,0,8,0,0,0,0,1,1,1,1,19,4,973,1,13,1,1,1
2016140081512,2,9,0,9,0,6,0,0,0,0,1,1,6,2,45,7,1597,2,-1,3,1,3
2016140081582,1,9,0,17,0,0,1,0,6,0,1,1,2,1,39,7,1995,2,6,1,1,1
2016140081582,2,9,0,3,0,0,0,0,0,0,1,1,2,2,45,7,1242,1,5,3,2,3
2016140081624,1,9,0,8,0,6,0,0,0,0,1,1,1,2,20,4,1299,1,18,1,1,1
2016140081624,2,9,0,18,0,8,0,0,0,0,4,1,6,1,67,10,1896,2,14,2,1,2
2016140081628,1,8,0,18,0,8,0,0,0,0,1,1,6,1,38,7,2199,2,7,2,1,2
2016140081628,2,9,0,7,0,6,0,0,0,0,1,1,1,2,30,6,-1,-1,-1,2,1,2
2016140081665,1,9,0,18,0,0,0,0,0,0,3,1,6,2,27,6,-1,-1,-1,3,1,3
2016140081665,2,9,0,18,0,0,0,0,0,0,4,1,6,1,43,7,1995,2,8,2,1,2
2016140081675,1,9,0,18,0,1,0,0,0,0,0,1,6,2,30,6,1798,1,10,5,1,5
2016140081675,2,9,0,7,0,5,0,0,0,0,0,1,6,1,23,5,-1,-1,-1,6,1,6
2016140081694,1,9,0,18,0,0,1,10,0,0,3,1,6,1,18,4,1360,1,11,4,1,4
2016140081871,1,18,0,18,1,0,0,0,0,0,1,1,1,1,43,7,-1,-1,-1,5,2,5
2016140081893,1,9,0,18,0,0,0,0,0,0,1,1,6,1,60,9,1998,8,-1,4,1,4
2016140081923,1,8,0,16,0,1,0,0,0,0,2,1,1,1,32,6,-1,-1,-1,2,1,2
2016140081923,2,1,0,16,0,1,0,0,0,0,1,1,6,1,37,7,-1,-1,-1,5,1,5
2016140081978,1,9,0,9,0,8,0,0,0,0,3,1,6,1,33,6,995,1,3,1,1,1
2016140081978,2,9,0,18,0,8,0,0,0,0,4,1,6,2,48,8,1997,2,14,6,1,6
2016140082020,1,9,0,17,0,1,0,0,0,0,1,1,6,2,22,5,1368,1,10,7,2,7
2016140082020,2,9,0,18,0,6,0,0,0,0,1,1,6,1,32,6,1596,1,15,1,1,1
2016140082041,1,9,0,4,0,0,1,0,0,0,1,1,1,1,46,8,1997,2,12,-1,-1,-1
2016140082041,2,9,0,3,0,0,0,0,0,0,2,1,6,1,25,5,1781,1,13,4,3,4
2016140082041,3,9,0,3,0,0,0,0,0,0,2,1,6,1,45,7,1910,2,11,8,1,8
2016140082174,1,9,0,5,0,8,0,0,0,0,4,1,3,1,60,9,-1,-1,-1,2,1,2
2016140082174,2,9,0,18,0,1,0,0,1,10,1,1,6,1,29,6,1275,1,17,3,1,3
2016140082174,3,9,0,18,0,1,0,0,0,0,1,1,6,1,30,6,1988,1,16,1,1,1
2016140082255,1,9,0,4,0,0,0,0,0,0,2,1,6,2,36,7,1598,1,14,2,1,2
2016140082255,2,19,0,18,0,0,0,0,0,0,1,1,6,3,-1,-1,1560,2,1,-1,-1,-1
2016140082260,1,19,0,18,0,0,0,0,0,0,1,1,1,1,27,6,2198,2,1,8,2,8
2016140082260,2,9,0,4,0,0,0,0,0,0,2,1,6,1,69,10,2967,2,-1,9,2,9
2016140082284,1,9,0,3,0,8,0,0,0,0,1,1,6,1,60,9,5000,1,6,10,1,10
2016140082284,2,1,0,9,0,8,0,0,0,0,1,1,6,1,-1,-1,-1,-1,-1,-1,-1,-1
2016140082303,1,-1,0,5,9,0,0,0,0,0,4,1,6,3,-1,-1,-1,-1,-1,-1,-1,-1
2016140082348,1,9,0,18,0,8,0,0,0,0,1,1,1,2,50,8,1360,1,13,4,1,4
2016140082348,2,90,0,9,0,6,1,0,0,0,3,1,6,3,-1,-1,-1,-1,-1,-1,-1,-1
2016140082597,1,9,0,5,0,4,0,0,0,0,3,1,6,1,36,7,1198,1,14,2,1,2
2016140082597,2,9,0,18,0,3,0,0,0,0,1,1,6,1,56,9,1796,1,12,3,1,3
2016140082604,1,9,0,18,0,8,0,0,0,0,2,1,3,2,41,7,1198,1,3,5,1,5
2016140082604,2,9,0,18,0,8,0,0,0,0,1,1,6,1,20,4,1199,1,12,2,1,2
2016140082723,1,9,0,5,0,6,0,0,0,0,1,1,6,1,51,8,1797,8,7,3,1,3
2016140082774,1,9,0,17,0,0,1,0,0,0,1,1,1,2,35,6,1686,2,2,2,1,2
2016140082774,2,9,0,16,0,0,0,0,0,0,1,1,1,1,19,4,1242,1,8,1,1,1
2016140082834,1,9,0,1,0,0,0,0,1,2,2,1,6,1,40,7,1582,2,5,2,1,2
2016140082899,1,9,0,10,0,3,0,0,0,0,2,1,6,1,77,11,998,1,18,4,1,4
2016140082899,2,98,0,18,0,3,0,0,0,0,1,1,6,3,-1,-1,-1,-1,-1,-1,-1,-1
2016140082945,1,9,0,18,0,0,0,0,0,0,2,1,6,1,26,6,1596,1,12,8,1,8
2016140082945,2,98,0,11,0,0,0,0,0,0,1,1,6,1,62,9,-1,-1,-1,1,1,1
2016140082959,1,9,0,3,0,1,0,0,0,0,2,1,6,1,57,9,1388,1,11,1,1,1
2016140082959,2,9,0,3,0,1,0,0,0,0,1,1,6,1,35,6,1997,2,11,2,1,2
2016140082980,1,5,0,4,0,0,0,0,0,0,2,1,6,1,34,6,805,1,11,3,1,3
2016140082980,2,9,0,4,0,0,1,0,0,0,1,1,6,1,30,6,1995,2,14,3,1,3
2016140083015,1,9,0,3,0,0,0,0,0,0,2,1,6,1,46,8,1197,1,2,4,1,4
2016140083015,2,9,0,3,0,0,0,0,0,0,1,1,6,3,-1,-1,-1,-1,-1,-1,-1,-1
2016140083015,3,9,0,3,0,0,0,0,0,0,1,1,6,2,33,6,1685,2,4,4,3,4
2016140083027,1,9,0,16,0,0,1,0,7,11,1,1,6,1,24,5,1229,1,11,2,1,2
2016140083042,1,9,0,18,0,0,0,0,0,0,4,1,6,2,21,5,-1,-1,-1,1,1,1
2016140083211,1,9,0,9,0,6,0,0,0,0,3,1,6,2,80,11,999,1,10,7,2,7
2016140083211,2,3,0,18,0,1,0,0,0,0,1,1,2,1,18,4,124,1,-1,5,2,5
2016140083262,1,19,0,18,0,1,0,0,1,3,1,1,6,1,46,8,2198,2,8,4,1,4
2016140083262,2,9,0,9,0,6,0,0,0,0,0,1,6,3,-1,-1,-1,-1,-1,-1,-1,-1
2016140083277,1,9,0,17,0,1,0,0,0,0,1,1,6,2,63,9,1497,8,1,5,1,5
2016140083277,2,9,0,18,0,2,0,0,7,0,3,1,6,3,-1,-1,1686,2,8,-1,-1,-1
2016140083339,1,9,0,18,0,3,0,0,0,0,1,1,6,2,24,5,1198,1,5,2,1,2
2016140083339,2,19,0,18,0,3,0,0,0,0,1,1,6,1,-1,-1,-1,-1,-1,-1,-1,-1
2016140083361,1,9,0,18,0,1,0,0,0,0,1,1,2,1,29,6,1598,1,7,1,1,1
2016140083361,2,9,0,18,0,6,0,0,0,0,3,1,6,1,37,7,1499,2,-1,1,1,1
2016140083380,1,9,0,18,0,1,0,0,0,0,1,1,6,2,58,9,1984,1,13,9,2,9
2016140083380,2,2,0,10,0,1,0,0,0,0,2,1,6,1,21,5,49,1,19,9,1,9
2016140083389,1,9,0,18,0,0,0,0,0,0,1,1,6,1,21,5,1398,1,1,1,1,1
2016140083389,2,3,0,18,0,0,1,0,0,0,1,1,6,1,17,4,100,1,13,1,1,1
2016140083411,1,9,0,18,0,8,0,0,1,0,1,1,6,1,44,7,1796,1,12,2,1,2
2016140083411,2,9,0,7,0,8,0,0,0,0,1,1,6,1,25,5,1798,1,9,1,1,1
2016140083419,1,9,0,1,9,6,0,0,0,0,0,1,3,2,43,7,-1,-1,-1,-1,-1,-1
2016140083419,2,1,0,4,9,1,0,0,0,0,0,1,6,1,57,9,-1,-1,-1,7,1,7
2016140083474,1,9,0,9,0,8,0,0,0,0,1,1,1,1,27,6,1598,2,2,2,1,2
2016140083474,2,1,0,16,0,8,0,0,1,0,1,1,1,1,-1,-1,-1,-1,-1,1,1,1
2016140083485,1,9,0,10,0,8,0,0,0,0,2,1,6,1,70,10,2499,2,18,9,1,9
2016140083485,2,20,0,18,0,1,0,0,0,0,1,1,1,1,-1,-1,5880,2,18,-1,-1,-1
2016140083502,1,9,0,3,0,1,0,0,0,0,2,1,6,1,17,4,1496,2,-1,1,1,1
2016140083502,2,8,0,18,0,1,0,0,0,0,1,1,6,3,-1,-1,-1,-1,-1,-1,-1,-1
2016140083522,1,9,0,10,0,2,0,0,0,0,3,1,6,1,-1,-1,-1,-1,-1,7,1,7
2016140083522,2,9,0,18,0,6,0,0,0,0,1,1,6,1,-1,-1,1997,2,6,4,1,4
2016140083526,1,9,0,9,0,4,0,0,0,0,3,1,6,2,67,10,1997,2,3,7,1,7
2016140083526,2,9,0,3,0,4,0,0,0,0,3,1,6,1,41,7,1968,2,2,1,1,1
2016140083526,3,9,0,18,0,3,0,0,0,0,4,1,6,3,-1,-1,-1,-1,-1,-1,-1,-1
2016140083546,1,9,0,18,0,1,0,0,0,0,1,1,2,1,43,7,1390,1,11,1,1,1
2016140083552,1,8,0,18,0,0,1,0,5,6,2,1,1,1,39,7,1598,2,3,1,1,1
2016140083552,2,9,0,18,0,0,0,0,0,0,1,1,6,1,37,7,1998,1,6,4,1,4
2016140083558,1,9,0,9,0,8,0,0,0,0,1,1,6,1,18,4,1229,1,8,8,1,8
2016140083558,2,9,0,18,0,8,0,0,1,1,1,1,2,1,58,9,1598,2,2,10,1,10
2016140083606,1,9,0,5,0,0,0,0,0,0,4,1,6,1,36,7,2000,2,12,-1,-1,-1
2016140083607,1,9,0,18,0,0,0,0,0,0,1,1,6,1,57,9,1956,2,3,4,2,4
2016140083607,2,9,0,18,0,0,0,0,0,0,1,1,6,1,40,7,1686,2,6,1,1,1
2016140083628,1,9,0,18,0,2,0,0,1,0,1,1,6,1,19,4,-1,-1,-1,1,1,1
2016140083652,1,9,0,18,0,0,0,0,0,0,1,1,6,1,19,4,1388,1,12,-1,-1,-1
2016140083684,1,5,0,18,0,8,1,0,1,0,1,1,6,1,68,10,1200,1,31,8,1,8
2016140083684,2,9,0,18,0,8,1,0,0,0,1,1,2,1,18,4,-1,-1,-1,8,2,8
2016140083745,1,11,0,4,0,0,0,0,0,0,0,1,1,1,50,8,9360,2,8,8,2,8
2016140083745,2,9,0,18,0,0,0,0,0,0,0,1,6,1,-1,-1,2435,1,16,1,1,1
2016140083779,1,9,0,18,0,2,2,4,7,0,1,1,6,2,24,5,-1,-1,-1,3,1,3
2016140083779,2,9,0,2,0,2,0,0,0,0,2,1,6,2,47,8,1783,1,13,2,1,2
2016140083934,1,9,0,18,0,8,0,0,0,0,3,1,2,1,49,8,2198,1,9,1,1,1
2016140083934,2,9,0,9,0,6,0,0,0,0,1,1,2,1,39,7,1686,2,4,1,1,1
2016140083952,1,9,0,16,0,2,0,0,0,0,4,1,6,1,26,6,1896,2,11,1,1,1
2016140083967,1,9,0,3,0,0,0,0,0,0,1,1,2,2,55,8,1968,2,-1,4,1,4
2016140083967,2,21,0,3,0,0,0,0,0,0,1,1,2,1,57,9,12580,2,11,3,1,3
2016140083967,3,9,0,5,0,0,1,0,0,0,1,1,2,1,28,6,1781,1,15,6,3,6
2016140084193,1,1,0,18,0,1,0,0,0,0,1,1,6,1,37,7,-1,-1,-1,7,1,7
2016140084193,2,9,0,9,0,6,0,0,0,0,1,1,6,1,-1,-1,998,1,10,2,1,2
2016140084224,1,9,0,17,0,0,0,0,0,0,3,1,6,1,25,5,1781,1,13,6,3,6
2016140084224,2,9,0,16,0,0,0,0,0,0,3,1,6,3,-1,-1,-1,-1,-1,-1,-1,-1
2016140084257,1,9,0,4,0,0,0,0,0,0,1,1,1,1,34,6,1598,2,1,1,1,1
2016140084257,2,-1,0,3,0,0,0,0,0,0,2,1,3,3,-1,-1,-1,-1,-1,-1,-1,-1
2016140084523,1,9,0,3,0,0,0,0,0,0,2,1,6,2,49,8,1798,8,1,10,2,10
2016140084523,2,9,0,18,0,0,0,0,0,0,1,1,6,2,72,10,1598,1,6,3,2,3
2016140084523,3,9,0,3,0,0,0,0,0,0,2,1,6,1,48,8,-1,-1,-1,7,2,7
2016140084524,1,9,0,9,0,5,0,0,0,0,4,1,6,1,17,4,1341,1,11,6,1,6
2016140084524,2,1,0,18,0,1,0,0,0,0,1,1,6,1,46,8,-1,-1,-1,10,1,10
2016140084614,1,9,0,3,0,1,0,0,0,0,2,1,6,2,40,7,998,1,3,8,1,8
2016140084614,2,9,0,18,0,1,0,0,0,0,1,1,6,2,19,4,1242,1,5,3,1,3
2016140084649,1,9,0,18,0,0,0,0,0,0,4,1,2,2,24,5,1910,2,10,1,1,1
2016140084704,1,5,0,4,0,0,1,0,0,0,3,1,2,1,59,9,1170,1,5,9,1,9
2016140084808,1,3,0,13,0,0,0,0,0,0,1,1,6,1,25,5,125,1,10,1,1,1
2016140084808,2,9,0,18,0,0,0,0,0,0,2,1,6,2,37,7,1968,2,6,6,1,6
2016140084839,1,9,0,18,0,0,1,0,0,0,1,1,2,2,24,5,1600,1,5,6,1,6
2016140084839,2,9,0,18,0,0,0,0,0,0,2,1,2,1,56,9,1870,2,11,1,1,1
2016140084839,3,9,0,18,0,0,0,0,0,0,2,1,1,1,33,6,1999,2,-1,10,2,10
2016140084859,1,9,0,4,0,0,0,0,0,0,2,1,2,2,41,7,2143,2,2,8,1,8
2016140084859,2,9,0,4,0,0,1,0,0,0,1,1,6,1,55,8,1598,2,-1,6,2,6
2016140084922,1,9,0,18,0,0,0,0,0,0,1,1,2,2,69,10,998,1,2,9,1,9
2016140084922,2,9,0,18,0,0,0,0,0,0,1,1,6,1,33,6,1461,2,-1,5,1,5
2016140084930,1,9,0,18,0,0,1,0,2,7,4,1,6,1,46,8,1242,1,9,-1,-1,-1
2016140084930,2,21,1,18,0,0,0,0,0,0,1,1,1,1,53,8,11120,2,1,1,1,1
2016140085006,1,9,0,18,0,1,0,0,0,0,3,1,6,1,38,7,1995,2,5,1,1,1
2016140085006,2,9,0,7,0,6,0,0,0,0,1,1,6,1,-1,-1,1968,2,3,1,1,1
2016140085120,1,9,0,3,0,1,0,0,0,0,2,1,6,1,42,7,2967,2,5,8,1,8
2016140085120,2,9,0,3,0,1,0,0,0,0,2,1,6,2,48,8,1598,1,11,7,2,7
2016140085120,3,9,0,3,0,1,0,0,0,0,2,1,6,2,28,6,1399,2,5,6,1,6
2016140085120,4,9,0,3,0,1,0,0,0,0,2,1,6,1,61,9,1995,2,4,7,2,7
2016140085120,5,9,0,3,0,1,0,0,0,0,2,1,6,1,37,7,1968,2,1,3,1,3
2016140085120,6,9,0,3,0,1,0,0,0,0,2,1,6,1,74,10,1560,2,2,5,3,5
2016140085120,7,19,0,18,0,1,0,0,0,0,1,1,1,1,59,9,2198,2,1,5,1,5
2016140085190,1,8,0,18,0,1,0,0,0,0,0,1,1,1,33,6,1997,2,9,2,1,2
2016140085222,1,3,0,18,0,3,0,0,0,0,1,1,2,1,26,6,124,1,2,1,1,1
2016140085222,2,9,0,18,0,1,0,0,0,0,3,1,2,2,44,7,-1,-1,-1,9,1,9
2016140085249,1,9,0,18,0,0,0,0,0,0,1,1,2,2,21,5,1242,1,3,5,2,5
2016140085279,1,9,0,16,0,0,0,0,0,0,2,1,2,2,29,6,898,1,2,3,3,3
2016140085279,2,19,0,16,0,0,0,0,0,0,1,1,1,1,29,6,1753,2,10,1,1,1
2016140085303,1,9,0,7,0,5,0,4,0,0,1,1,6,2,78,11,1299,1,14,6,1,6
2016140085303,2,9,0,2,0,1,0,0,0,0,4,1,6,1,-1,-1,2477,2,12,3,1,3
2016140085303,3,9,0,2,0,1,0,0,0,0,4,1,6,1,-1,-1,1329,1,8,5,1,5
2016140085343,1,9,0,3,0,0,0,0,0,0,1,1,2,1,63,9,1595,1,9,8,1,8
2016140085343,2,19,0,1,0,0,0,0,0,0,2,1,2,3,-1,-1,1686,2,13,-1,-1,-1
2016140085361,1,1,0,18,4,2,1,0,0,0,1,1,2,1,41,7,-1,-1,-1,10,1,10
2016140085373,1,9,0,4,0,0,0,0,0,0,2,1,6,1,52,8,1560,2,3,3,2,3
2016140085373,2,19,0,11,0,0,1,0,1,0,1,1,1,1,40,7,2402,2,5,9,3,9
2016140085399,1,9,0,18,0,4,0,0,0,0,1,1,6,1,26,6,1598,1,8,1,2,1
2016140085399,2,1,0,18,0,3,0,0,0,0,3,1,1,2,49,8,-1,-1,-1,-1,-1,-1
2016140085410,1,21,1,18,0,0,0,0,2,7,3,1,1,1,60,9,10677,2,1,8,2,8
2016140085410,2,21,1,18,0,0,0,0,0,0,4,1,6,1,63,9,12740,2,3,7,1,7
2016140085413,1,4,0,18,2,1,1,0,0,0,1,1,2,1,19,4,487,1,8,9,1,9
2016140085427,1,9,0,4,0,4,1,0,3,1,1,1,6,1,39,7,-1,-1,-1,1,1,1
2016140085431,1,9,0,16,0,0,1,0,7,11,1,1,1,1,24,5,2995,1,6,5,1,5
2016140085431,2,9,0,17,0,0,0,0,1,0,1,1,6,1,57,9,1998,1,3,7,2,7
2016140085431,3,11,0,17,0,0,0,0,0,0,1,1,1,1,65,9,4500,2,5,1,1,1
2016140085447,1,9,0,16,0,8,1,10,1,0,1,1,6,1,35,6,1598,1,11,3,1,3
2016140085447,2,9,0,5,0,8,0,0,0,0,2,1,6,1,68,10,2400,2,3,10,1,10
2016140085447,3,9,0,5,0,8,0,0,0,0,2,1,1,2,44,7,1229,1,6,1,1,1
2016140085452,1,9,0,3,0,0,0,0,0,0,2,1,1,2,59,9,1560,2,2,4,1,4
2016140085452,2,19,0,18,0,0,0,0,0,0,1,1,6,1,-1,-1,2463,2,13,-1,-1,-1
2016140085594,1,9,0,18,0,8,0,0,7,1,3,1,2,1,66,10,-1,-1,-1,2,1,2
2016140085594,2,9,0,18,0,8,0,0,0,0,1,2,2,1,46,8,-1,-1,-1,3,1,3
2016140085624,1,9,0,8,0,1,0,0,0,0,2,1,6,1,42,7,2497,2,10,8,1,8
2016140085624,2,9,0,3,0,1,0,0,0,0,1,1,6,3,-1,-1,1497,8,1,-1,-1,-1