Accident_Index,Vehicle_Reference,Vehicle_Type,Towing_and_Articulation,Vehicle_Manoeuvre,Vehicle_Location-Restricted_Lane,Junction_Location,Skidding_and_Overturning,Hit_Object_in_Carriageway,Vehicle_Leaving_Carriageway,Hit_Object_off_Carriageway,1st_Point_of_Impact,Was_Vehicle_Left_Hand_Drive?,Journey_Purpose_of_Driver,Sex_of_Driver,Age_of_Driver,Age_Band_of_Driver,Engine_Capacity_(CC),Propulsion_Code,Age_of_Vehicle,Driver_IMD_Decile,Driver_Home_Area_Type,Vehicle_IMD_Decile
2016140085651,1,8,0,18,1,1,0,0,0,0,1,1,1,1,34,6,1968,2,6,5,1,5
2016140085772,1,2,0,13,0,1,1,0,0,0,2,1,6,1,16,4,50,1,6,6,1,6
2016140085772,2,9,0,9,0,1,0,0,0,0,3,1,6,1,-1,-1,1753,2,12,-1,-1,-1
2016140085935,1,9,0,18,0,0,0,0,0,0,1,1,6,1,26,6,1997,2,-1,6,3,6
2016140085935,2,1,0,18,0,0,0,0,0,0,2,1,6,1,32,6,-1,-1,-1,1,1,1
2016140085935,3,1,0,18,0,0,0,0,0,0,2,1,6,1,27,6,-1,-1,-1,1,1,1
2016140085944,1,9,0,3,0,0,0,0,0,0,3,1,6,3,-1,-1,-1,-1,-1,-1,-1,-1
2016140085967,1,9,0,9,0,8,1,7,7,2,1,1,6,1,46,8,1896,2,8,2,1,2
2016140086112,1,9,0,18,0,1,0,0,0,0,1,1,6,1,66,10,1984,1,2,2,2,2
2016140086112,2,9,0,5,0,6,0,0,0,0,1,1,6,1,30,6,2494,7,15,6,1,6
2016140086312,1,9,0,10,0,8,0,0,0,0,1,1,6,1,54,8,1242,1,2,2,1,2
2016140086312,2,9,0,18,0,8,1,0,0,0,1,1,6,1,34,6,1248,2,7,9,1,9
2016140086328,1,9,0,2,0,0,0,0,0,0,1,1,6,2,21,5,1198,1,3,6,2,6
2016140086333,1,9,0,18,0,8,0,0,0,0,1,1,6,1,26,6,2295,1,17,6,1,6
2016140086333,2,9,0,9,0,8,0,0,0,0,4,1,6,2,71,10,1686,2,1,3,2,3
2016140086345,1,9,0,18,0,1,0,10,0,0,1,1,6,2,43,7,1198,1,11,3,1,3
2016140086345,2,9,0,9,0,8,0,0,0,0,1,1,6,1,65,9,1348,1,15,1,1,1
2016140086458,1,9,0,18,0,1,0,0,0,0,1,1,1,1,31,6,-1,-1,-1,5,1,5
2016140086458,2,9,0,9,0,6,0,0,0,0,1,1,6,3,-1,-1,1997,2,14,-1,-1,-1
2016140086484,1,9,0,2,0,0,0,0,0,0,2,1,1,1,29,6,-1,-1,-1,5,1,5
2016140086484,2,9,0,1,0,0,0,0,0,0,2,1,6,2,37,7,-1,-1,-1,5,1,5
2016140086516,1,97,0,15,0,8,0,0,0,0,4,1,1,1,28,6,-1,-1,-1,2,1,2
2016140086516,2,9,0,9,0,6,0,0,0,0,1,1,2,2,51,8,1197,1,3,9,1,9
2016140086619,1,9,0,18,0,6,0,0,0,0,1,1,2,2,61,9,4196,1,10,10,1,10
2016140086619,2,1,0,15,0,8,0,0,0,0,4,1,2,1,27,6,-1,-1,-1,7,1,7
2016140086630,1,9,0,18,0,0,0,0,0,0,1,1,6,1,-1,-1,1598,2,3,9,1,9
2016140086630,2,9,0,3,0,0,0,0,0,0,2,1,6,1,23,5,1796,1,15,8,2,8
2016140086702,1,9,0,4,0,1,0,0,0,0,2,1,1,1,38,7,1910,2,8,1,1,1
2016140086702,2,9,0,13,0,1,0,0,0,0,1,1,6,3,-1,-1,-1,-1,-1,-1,-1,-1
2016140086748,1,9,0,18,0,0,0,0,0,0,1,1,2,2,52,8,1900,2,11,1,1,1
2016140086805,1,9,0,18,0,0,0,10,0,0,1,1,6,1,74,10,-1,-1,-1,6,3,6
2016140086805,2,9,0,4,0,0,0,10,0,0,4,1,6,2,40,7,998,1,-1,6,1,6
2016140086805,3,9,0,4,0,0,0,10,0,0,2,1,6,2,29,6,1349,1,8,8,2,8
2016140086805,4,9,0,4,0,0,0,10,0,0,2,1,6,1,47,8,1968,2,13,5,1,5
2016140086805,5,9,0,4,0,0,0,10,0,0,0,1,6,2,56,9,1242,1,2,7,3,7
2016140086860,1,9,0,5,0,2,0,0,0,0,1,1,6,2,52,8,1248,1,1,9,1,9
2016140086860,2,97,0,18,0,1,0,4,0,0,1,1,6,3,-1,-1,-1,-1,-1,-1,-1,-1
2016140086901,1,9,0,10,0,8,0,0,0,0,1,1,2,1,57,9,2143,2,4,5,3,5
2016140086901,2,9,0,17,0,1,0,0,0,0,1,1,6,1,23,5,1248,2,9,1,1,1
2016140087009,1,9,0,2,0,1,0,0,0,0,2,1,1,1,33,6,1598,2,3,1,1,1
2016140087009,2,9,0,7,0,5,0,0,0,0,1,1,6,3,-1,-1,-1,-1,-1,-1,-1,-1
2016140087009,3,9,0,18,0,1,0,0,0,0,0,1,6,1,36,7,1560,2,-1,-1,-1,-1
2016140087019,1,1,0,18,0,0,0,0,0,0,2,1,1,1,51,8,-1,-1,-1,10,1,10
2016140087019,2,8,0,13,0,0,0,0,0,0,1,1,6,1,43,7,1997,2,10,3,1,3
2016140087055,1,9,0,18,0,8,0,0,0,0,3,1,6,2,18,4,1598,1,8,2,1,2
2016140087055,2,9,0,9,0,6,0,0,0,0,1,1,6,2,58,9,1560,2,3,-1,-1,-1
2016140087104,1,9,0,18,0,6,0,0,0,0,1,1,6,1,61,9,1390,1,2,5,2,5
2016140087104,2,9,0,18,0,8,0,0,0,0,2,1,6,2,42,7,1968,2,4,8,1,8
2016140087191,1,9,0,8,0,1,0,0,0,0,2,1,6,2,24,5,998,1,15,8,1,8
2016140087191,2,9,0,18,0,1,0,0,0,0,1,1,6,1,-1,-1,1242,1,15,-1,-1,-1
2016140087228,1,9,0,2,0,0,0,0,0,0,1,1,6,2,27,6,1798,1,6,2,2,2
2016140087228,2,3,0,18,0,0,0,4,0,0,1,1,6,1,18,4,124,1,-1,3,2,3
2016140087230,1,9,0,3,0,2,0,0,0,0,2,1,6,2,40,7,1360,1,5,5,1,5
2016140087230,2,9,0,18,0,2,0,0,0,0,1,1,6,3,-1,-1,-1,-1,-1,-1,-1,-1
2016140087241,1,9,0,7,0,3,0,0,0,0,4,1,6,2,55,8,1499,1,1,9,1,9
2016140087241,2,1,0,18,0,8,0,0,0,0,3,1,2,1,33,6,-1,-1,-1,4,1,4
2016140087249,1,9,0,18,0,8,0,0,0,0,3,1,6,2,46,8,1997,2,9,5,3,5
2016140087249,2,9,0,9,0,5,0,0,0,0,1,1,6,1,63,9,1999,1,11,6,1,6
2016140087314,1,9,0,18,0,3,0,0,0,0,1,1,6,2,46,8,1598,2,-1,5,2,5
2016140087314,2,5,0,18,0,4,0,0,0,0,3,1,6,3,-1,-1,599,1,17,-1,-1,-1
2016140087340,1,1,0,18,0,8,0,0,0,0,1,1,2,1,15,3,-1,-1,-1,2,1,2
2016140087340,2,9,0,7,0,6,0,0,0,0,1,1,6,2,25,5,1149,1,-1,4,1,4
2016140087347,1,9,0,18,0,8,0,0,0,0,3,1,6,1,32,6,-1,-1,-1,-1,-1,-1
2016140087347,2,-1,0,9,0,6,0,0,0,0,1,1,6,3,-1,-1,-1,-1,-1,-1,-1,-1
2016140087416,1,9,0,18,0,2,0,0,0,0,3,1,1,1,31,6,1753,2,8,-1,-1,-1
2016140087446,1,19,0,6,0,5,0,0,7,11,1,1,6,1,35,6,1998,2,14,3,2,3
2016140087456,1,9,0,18,0,4,0,0,0,0,2,1,6,2,82,11,1248,1,5,6,3,6
2016140087456,2,9,0,18,0,4,0,0,0,0,1,1,6,3,-1,-1,-1,-1,-1,-1,-1,-1
2016140087544,1,9,0,5,0,6,0,0,0,0,1,1,1,1,48,8,1461,2,2,1,1,1
2016140087544,2,1,0,18,0,8,0,0,0,0,1,1,6,2,9,2,-1,-1,-1,8,1,8
2016140087601,1,9,0,18,0,0,1,0,0,0,1,1,1,2,36,7,-1,-1,-1,4,1,4
2016140087601,2,9,0,18,0,0,0,0,0,0,2,1,6,1,71,10,1364,1,2,9,1,9
2016140087629,1,9,0,9,0,5,0,0,0,0,1,1,6,2,72,10,1596,1,10,1,1,1
2016140087629,2,1,0,18,0,1,0,0,0,0,1,1,6,3,55,8,-1,-1,-1,3,1,3
2016140087649,1,9,0,18,0,0,0,0,0,0,1,1,6,1,39,7,1834,1,18,-1,-1,-1
2016140087649,2,3,0,18,0,0,0,0,0,0,2,1,6,1,40,7,124,1,18,-1,-1,-1
2016140087674,1,11,0,5,0,0,0,0,0,0,0,1,1,1,39,7,6700,2,7,-1,-1,-1
2016140087694,1,9,0,18,0,0,0,4,0,0,1,1,1,1,54,8,1686,2,12,4,1,4
2016140087694,2,90,0,2,0,0,0,0,0,0,1,1,6,3,-1,-1,-1,-1,-1,-1,-1,-1
2016140087710,1,11,0,4,2,2,0,0,0,0,0,1,1,1,33,6,6871,2,9,2,1,2
2016140087731,1,9,0,9,0,5,0,0,0,0,4,1,6,2,25,5,1296,1,9,1,1,1
2016140087731,2,9,0,18,0,8,0,0,0,0,1,1,6,1,37,7,-1,-1,-1,5,1,5
2016140087737,1,9,0,9,0,5,0,0,0,0,4,1,6,3,-1,-1,-1,-1,-1,-1,-1,-1
2016140087737,2,4,0,18,0,1,0,0,0,0,1,1,6,1,52,8,498,1,21,-1,-1,-1
2016140087752,1,9,0,18,0,4,0,0,0,0,3,1,6,2,19,4,1242,1,8,2,1,2
2016140087752,2,9,0,5,0,8,0,0,0,0,1,1,6,1,36,7,2000,1,16,1,1,1
2016140087759,1,9,0,6,0,8,0,0,0,0,1,1,6,1,41,7,1995,2,10,2,1,2
2016140087759,2,9,0,18,0,1,0,0,0,0,1,1,6,1,36,7,1910,2,11,1,1,1
2016140087933,1,9,0,9,1,6,0,0,0,0,1,1,6,1,64,9,1328,1,6,4,1,4
2016140087951,1,9,0,18,0,1,0,0,0,0,1,1,6,2,76,11,1598,1,7,4,1,4
2016140088041,1,9,0,9,0,6,0,0,0,0,1,1,6,2,70,10,2143,2,2,8,1,8
2016140088041,2,9,0,18,0,8,0,0,0,0,1,1,6,1,30,6,1598,2,1,8,1,8
2016140088113,1,21,1,11,0,0,0,0,0,0,1,1,1,1,34,6,11120,2,1,3,2,3
2016140088113,2,9,0,18,0,0,1,0,0,0,3,1,6,2,36,7,1498,1,6,7,1,7
2016140088119,1,9,0,9,0,5,0,0,0,0,1,1,6,1,41,7,1968,2,5,10,1,10
2016140088119,2,1,0,18,0,8,0,0,0,0,3,1,6,1,42,7,-1,-1,-1,8,1,8
2016140088129,1,9,0,9,0,8,0,0,0,0,1,1,6,2,64,9,1998,1,14,5,1,5
2016140088135,1,9,0,4,0,8,1,0,0,0,1,1,2,1,24,5,1995,2,12,7,1,7
2016140088135,2,9,0,18,0,8,0,0,0,0,2,1,1,1,23,5,1968,2,7,3,1,3
2016140088168,1,9,0,18,0,3,0,0,0,0,1,1,6,3,-1,-1,-1,-1,-1,-1,-1,-1
2016140088194,1,11,0,9,0,8,0,0,7,1,1,1,3,1,31,6,10000,2,25,1,1,1
2016140088217,1,9,0,1,0,1,0,0,0,0,2,1,6,2,37,7,1364,2,3,-1,-1,-1
2016140088220,1,9,0,18,0,0,0,0,1,0,4,1,6,2,39,7,1399,2,5,4,1,4
2016140088220,2,9,3,11,0,0,0,0,0,0,0,1,6,1,70,10,2179,2,9,5,1,5
2016140088226,1,9,0,9,0,8,0,0,0,0,1,1,6,1,22,5,1598,2,5,3,1,3
2016140088226,2,9,0,18,0,1,0,0,0,0,1,1,6,2,29,6,1700,2,14,1,1,1
2016140088230,1,9,0,17,0,0,1,10,2,2,1,1,6,1,26,6,1994,1,15,1,2,1
2016140088249,1,9,0,18,0,0,0,0,4,0,2,1,6,2,24,5,1198,1,6,7,1,7
2016140088249,2,9,0,18,0,0,0,0,0,0,1,1,6,3,-1,-1,-1,-1,-1,-1,-1,-1
2016140088258,1,9,0,4,0,2,0,0,0,0,2,1,1,2,18,4,1499,2,2,2,1,2
2016140088258,2,9,0,4,0,2,0,0,0,0,1,1,6,3,-1,-1,-1,-1,-1,-1,-1,-1
2016140088324,1,3,0,9,0,6,0,0,0,0,1,1,1,1,32,6,124,1,2,1,1,1
2016140088324,2,19,0,17,0,1,0,0,0,0,4,1,1,1,48,8,2198,2,1,1,1,1
2016140088362,1,9,0,3,0,1,0,0,0,0,2,1,6,2,50,8,998,1,6,8,1,8
2016140088362,2,9,0,18,0,1,0,0,0,0,1,1,6,2,36,7,1396,1,15,5,1,5
2016140088421,1,9,0,7,0,6,0,0,0,0,1,1,6,1,53,8,1560,2,10,2,2,2
2016140088421,2,1,0,18,0,1,0,0,0,0,3,1,2,1,31,6,-1,-1,-1,4,1,4
2016140088481,1,9,0,18,0,0,0,0,0,0,1,1,6,1,59,9,1598,1,14,1,1,1
2016140088482,1,1,0,5,0,1,0,0,0,0,3,1,6,1,26,6,-1,-1,-1,2,1,2
2016140088482,2,9,0,18,0,1,0,0,0,0,1,1,1,2,-1,-1,1198,1,6,10,1,10
2016140088490,1,22,0,18,9,0,0,0,0,0,1,1,6,3,-1,-1,-1,-1,-1,-1,-1,-1
2016140088497,1,9,0,3,0,1,0,0,0,0,1,1,2,2,20,4,1242,1,1,6,1,6
2016140088497,2,9,0,3,0,1,0,0,1,1,3,1,6,1,22,5,1360,1,10,2,1,2
2016140088497,3,9,0,7,0,2,0,0,0,0,1,1,6,2,23,5,998,1,9,6,1,6
2016140088538,1,9,0,18,0,8,0,0,0,0,3,1,6,1,60,9,1331,1,22,8,1,8
2016140088538,2,9,0,18,0,8,0,0,0,0,4,1,6,1,28,6,2191,2,1,7,1,7
2016140088564,1,9,0,18,0,8,0,0,0,0,1,1,6,1,58,9,1198,1,2,4,1,4
2016140088564,2,9,0,9,0,5,0,0,0,0,3,1,6,2,35,6,1796,1,15,-1,-1,-1
2016140088576,1,9,0,6,0,0,1,0,0,0,1,1,6,2,63,9,1242,1,18,4,1,4
2016140088576,2,3,0,18,0,0,1,0,0,0,1,1,2,1,37,7,124,1,1,3,1,3
2016140088801,1,9,0,3,0,2,0,0,0,0,2,1,6,2,34,6,1968,2,4,2,1,2
2016140088801,2,9,0,3,0,8,0,0,0,0,4,1,6,1,20,4,1390,1,6,6,2,6
2016140088801,3,11,0,17,0,8,0,0,0,0,1,1,1,1,31,6,9360,2,8,3,1,3
2016140088852,1,9,0,18,0,1,0,0,0,0,1,1,6,2,48,8,998,1,2,4,1,4
2016140088852,2,9,0,10,0,6,0,0,0,0,2,1,6,3,-1,-1,-1,-1,-1,-1,-1,-1
2016140088872,1,9,0,18,0,0,0,0,0,0,4,1,6,1,36,7,1896,2,10,3,1,3
2016140088872,2,-1,0,18,0,0,0,0,0,0,3,1,6,3,-1,-1,-1,-1,-1,-1,-1,-1
2016140088962,1,9,0,18,0,8,0,0,0,0,3,1,6,2,21,5,1398,1,5,7,1,7
2016140088962,2,9,0,18,0,8,0,0,0,0,1,1,6,1,19,4,999,1,2,8,1,8
2016140088996,1,9,0,18,0,0,1,4,7,0,1,1,6,1,19,4,1149,1,11,-1,-1,-1
2016140088996,2,9,0,2,0,0,0,0,0,0,1,1,6,2,20,4,1461,2,11,8,3,8
2016140088996,3,9,0,2,0,0,0,0,0,0,3,1,6,1,57,9,1388,1,13,1,1,1
2016140088999,1,9,0,9,0,1,0,0,0,0,1,1,6,2,19,4,998,1,1,6,1,6
2016140088999,2,9,0,10,0,1,0,0,0,0,2,1,6,3,-1,-1,1686,2,15,-1,-1,-1
2016140089095,1,9,0,17,0,0,0,0,2,2,1,1,6,1,49,8,-1,-1,-1,-1,-1,-1
2016140089095,2,8,0,16,0,0,0,0,0,0,1,1,1,1,43,7,1997,2,9,1,1,1
2016140089216,1,9,0,18,0,1,0,6,0,0,1,1,1,1,22,5,1390,1,6,3,1,3
2016140089269,1,9,0,9,0,8,0,0,0,0,1,1,6,2,48,8,1240,1,12,3,1,3
2016140089269,2,9,0,18,0,8,0,0,0,0,3,1,6,1,25,5,1997,2,5,4,1,4
2016140089303,1,9,0,16,0,1,0,0,0,0,1,1,6,1,67,10,1596,1,11,6,1,6
2016140089317,1,9,0,9,0,6,0,0,0,0,4,1,6,2,52,8,1200,1,3,2,2,2
2016140089317,2,9,0,9,0,6,0,0,0,0,1,1,6,1,42,7,1124,1,15,1,2,1
2016140089325,1,1,0,18,0,0,0,0,0,0,1,1,6,1,27,6,-1,-1,-1,1,1,1
2016140089326,1,98,0,18,0,1,0,4,0,0,1,1,6,1,26,6,-1,-1,-1,-1,-1,-1
2016140089326,2,19,0,2,0,1,0,4,0,0,1,1,6,1,21,5,1248,2,9,8,1,8
2016140089326,3,9,0,2,0,1,0,0,0,0,2,1,6,1,69,10,1499,1,2,5,1,5
2016140089328,1,9,0,18,0,0,0,0,0,0,1,1,6,2,32,6,1997,2,14,2,1,2
2016140089328,2,9,0,18,0,0,5,0,7,0,1,1,6,2,63,9,1590,1,11,7,2,7
2016140089395,1,9,0,18,0,8,5,9,3,1,1,1,6,1,81,11,1360,1,13,9,1,9
2016140089395,2,9,0,3,0,4,0,0,0,0,2,1,6,2,-1,-1,1595,1,6,9,1,9
2016140089395,3,9,0,5,0,4,0,0,0,0,3,1,6,2,49,8,1910,2,10,8,1,8
2016140089475,1,9,0,18,0,1,0,0,0,0,1,1,6,3,-1,-1,1590,1,21,-1,-1,-1
2016140089475,2,9,0,3,0,1,0,0,0,0,2,1,6,1,20,4,1587,1,9,9,1,9
2016140089475,3,9,0,10,0,1,0,0,0,0,2,1,6,1,35,6,1870,2,6,1,1,1
2016140089514,1,9,0,5,0,8,0,0,0,0,3,1,1,1,35,6,1242,1,8,5,1,5
2016140089514,2,3,0,14,0,8,0,0,0,0,4,1,1,2,20,4,124,1,5,6,1,6
2016140089548,1,20,0,18,0,0,0,0,0,0,1,1,1,1,51,8,3920,2,13,1,1,1
2016140089548,2,9,0,3,0,0,0,0,0,0,2,1,6,2,25,5,1998,2,8,2,1,2
2016140089548,3,9,0,3,0,0,0,0,0,0,2,1,1,1,47,8,1461,2,2,8,2,8
2016140089578,1,9,0,1,0,0,0,0,0,0,2,1,2,1,40,7,1349,1,7,4,1,4
2016140089588,1,9,0,18,0,0,0,0,0,0,1,1,6,1,28,6,1951,2,14,7,1,7
2016140089590,1,9,0,13,0,0,0,0,0,0,1,1,6,2,30,6,1390,1,6,8,1,8
2016140089590,2,19,0,6,0,0,0,0,4,0,3,1,1,1,49,8,1598,2,1,5,1,5
2016140089597,1,11,0,14,0,2,0,0,0,0,1,1,1,1,59,9,4461,2,3,7,2,7
2016140089600,1,98,1,18,0,1,0,0,0,0,0,1,6,3,-1,-1,-1,-1,-1,-1,-1,-1
2016140089600,2,1,0,18,0,1,0,0,1,0,0,1,6,1,46,8,-1,-1,-1,9,1,9
2016140089602,1,9,0,9,0,5,0,0,0,0,3,1,6,1,24,5,1149,1,12,8,3,8
2016140089602,2,9,0,13,0,1,0,0,0,0,1,1,6,1,33,6,420,1,6,3,1,3
2016140089616,1,9,0,16,0,4,1,9,3,0,1,1,6,1,26,6,2993,2,12,7,1,7
2016140089621,1,9,0,5,0,4,0,0,0,0,2,1,1,1,40,7,1995,2,15,1,1,1
2016140089621,2,8,0,18,0,1,0,0,0,0,1,1,6,3,-1,-1,-1,-1,-1,-1,-1,-1
2016140089627,1,9,0,18,0,1,0,0,0,0,1,1,2,2,63,9,1329,1,7,1,1,1
2016140089814,1,9,0,4,0,1,0,0,0,0,2,1,6,2,40,7,1328,1,13,5,1,5
2016140089814,2,9,0,4,0,1,0,0,0,0,1,1,6,2,27,6,1968,2,8,4,3,4
2016140089814,3,9,0,18,0,1,0,0,0,0,1,1,6,2,49,8,1598,2,4,2,1,2
2016140089890,1,9,0,5,0,0,0,0,0,0,1,1,2,2,30,6,1587,1,9,3,1,3
2016140089890,2,9,0,4,0,0,0,0,0,0,2,1,2,2,34,6,1199,2,4,6,1,6
2016140089932,1,9,0,1,0,1,0,0,0,0,1,1,6,2,46,8,1560,2,1,1,1,1
2016140089932,2,9,0,7,0,2,0,0,0,0,1,1,6,1,23,5,1364,1,9,3,1,3
2016140089961,1,11,0,5,0,2,0,0,0,0,0,1,6,1,50,8,6871,2,9,2,1,2
2016140089963,1,9,0,18,0,1,0,0,0,0,1,1,6,2,64,9,1329,1,5,6,1,6
2016140090171,1,9,0,3,0,1,0,0,0,0,2,1,6,1,71,10,2316,1,18,-1,-1,-1
2016140090171,2,9,0,3,0,1,0,0,0,0,1,1,6,3,-1,-1,1598,1,1,-1,-1,-1
2016140090394,1,90,0,18,0,2,0,4,3,0,1,1,1,1,40,7,2461,2,8,10,1,10
2016140090394,2,9,0,2,0,2,0,0,0,0,2,1,6,1,56,9,-1,-1,-1,7,1,7
2016140090438,1,9,0,5,0,2,0,0,0,0,1,1,6,1,33,6,1910,2,11,5,1,5
2016140090438,2,1,0,18,0,2,0,0,0,0,1,1,6,2,19,4,-1,-1,-1,1,1,1
2016140090447,1,9,0,18,0,2,0,0,0,0,4,1,1,1,33,6,2148,2,13,1,1,1
2016140090447,2,1,0,13,0,2,0,0,0,0,3,1,6,2,36,7,-1,-1,-1,-1,-1,-1
2016140090622,1,9,0,3,0,1,0,0,0,0,2,1,6,1,37,7,2720,2,11,3,1,3
2016140090622,2,19,0,18,0,1,0,0,0,0,1,1,6,1,39,7,1753,2,10,4,1,4
2016140090639,1,9,0,9,0,5,0,0,0,0,1,1,6,1,67,10,998,1,15,7,1,7
2016140090639,2,1,0,18,0,8,0,0,0,0,1,1,6,1,38,7,-1,-1,-1,6,3,6
2016140090656,1,11,0,4,1,0,0,0,0,0,0,1,1,1,60,9,7300,2,14,4,1,4
2016140090662,1,9,0,4,0,1,0,0,0,0,1,1,6,1,18,4,1149,1,7,3,1,3
2016140090662,2,9,0,7,0,5,0,0,0,0,1,1,6,3,-1,-1,1391,1,15,-1,-1,-1
2016140090718,1,9,0,18,0,0,0,0,0,0,1,1,6,2,51,8,-1,-1,-1,4,1,4
2016140090814,1,9,0,9,0,1,0,0,0,0,2,1,6,1,57,9,1200,1,-1,4,1,4
2016140090814,2,9,0,18,0,1,0,0,0,0,1,1,6,3,-1,-1,-1,-1,-1,-1,-1,-1
2016140090825,1,9,0,18,1,0,0,0,0,0,4,1,6,1,84,11,1197,1,5,-1,-1,-1
2016140090838,1,9,0,10,0,6,0,0,0,0,3,1,6,2,24,5,1997,2,4,7,1,7
2016140090838,2,9,0,18,0,8,0,0,0,0,1,1,6,1,24,5,1796,1,16,3,1,3
2016140090880,1,9,0,18,0,0,0,0,0,0,3,1,6,3,-1,-1,-1,-1,-1,-1,-1,-1
2016140090923,1,5,0,4,0,4,1,10,3,1,1,1,6,1,24,5,599,1,6,-1,-1,-1
2016140090944,1,9,0,18,0,2,0,0,0,0,3,1,2,1,63,9,1798,1,9,5,1,5
2016140090944,2,9,0,18,0,1,0,0,0,0,3,1,2,1,36,7,1910,2,8,1,1,1
2016140090997,1,9,0,9,0,6,0,0,0,0,3,1,2,2,45,7,1242,1,1,2,1,2
2016140090997,2,2,0,18,0,1,0,0,0,0,1,1,2,1,29,6,49,1,4,2,2,2
2016140091054,1,9,0,18,0,1,0,0,0,0,3,1,6,2,22,5,-1,-1,-1,-1,-1,-1
2016140091054,2,22,0,18,0,2,0,0,0,0,3,1,6,1,88,11,-1,-1,-1,-1,-1,-1
2016140091094,1,9,0,18,0,2,1,0,1,10,1,1,6,2,22,5,1598,1,8,8,1,8
2016140091125,1,9,0,4,0,1,0,0,0,0,1,1,1,1,29,6,1248,2,2,-1,-1,-1
2016140091125,2,9,0,9,0,8,0,0,0,0,3,1,6,1,33,6,1598,1,6,3,1,3
2016140091204,2,9,0,18,0,1,0,4,0,0,1,1,6,1,26,6,-1,-1,-1,2,1,2
2016140091204,3,9,0,2,0,1,0,0,0,0,2,1,6,2,29,6,1896,2,13,-1,-1,-1
2016140091204,4,9,0,2,0,1,0,0,0,0,2,1,6,2,74,10,1329,1,6,-1,-1,-1
2016140091246,1,9,0,3,0,0,0,0,0,0,2,1,6,2,25,5,1995,2,10,4,1,4
2016140091246,2,9,0,18,0,0,0,0,0,0,1,1,6,1,52,8,2993,2,6,2,1,2
2016140091246,3,9,0,18,0,0,0,0,0,0,1,1,2,2,44,7,2204,2,8,5,2,5
2016140091246,4,9,0,3,0,0,0,0,0,0,1,1,6,1,45,7,1800,1,18,7,3,7
2016140091246,5,9,0,3,0,0,0,0,0,0,2,1,6,2,55,8,998,1,1,8,2,8
2016140091285,1,1,0,18,0,1,1,0,0,0,1,1,2,1,53,8,-1,-1,-1,-1,-1,-1
2016140091285,2,9,0,7,0,6,0,0,0,0,1,1,6,3,-1,-1,-1,-1,-1,-1,-1,-1
2016140091288,1,9,0,18,0,2,1,0,1,11,1,1,6,1,19,4,1989,1,16,4,1,4
2016140091288,2,9,0,2,0,2,0,0,0,0,2,1,6,2,19,4,1364,1,7,8,1,8
2016140091328,1,9,0,18,0,0,0,0,0,0,1,1,6,1,69,10,2148,2,11,1,1,1
2016140091382,1,3,0,18,0,0,0,0,0,0,1,1,2,1,35,6,125,1,11,2,1,2
2016140091382,2,9,0,4,0,0,0,0,0,0,2,1,6,2,25,5,1995,2,10,1,1,1
2016140091480,1,9,0,16,0,0,0,0,0,0,4,1,2,1,46,8,-1,-1,-1,3,1,3
2016140091558,1,9,0,18,0,1,0,0,1,11,4,1,3,1,44,7,1595,1,18,10,1,10
2016140091558,2,9,0,10,0,5,0,0,0,0,1,1,6,1,37,7,2179,2,2,4,1,4
2016140091673,1,9,0,18,0,0,5,0,1,10,1,1,6,1,23,5,-1,-1,-1,7,1,7
2016140091708,1,9,0,4,0,6,0,0,0,0,4,1,1,2,24,5,1398,1,1,1,2,1
2016140091708,2,4,0,18,0,1,0,0,0,0,1,1,6,1,43,7,249,1,20,1,1,1
2016140091785,1,9,0,5,0,4,0,0,0,0,3,1,6,1,32,6,1149,1,15,-1,-1,-1
2016140091785,2,1,0,18,0,8,0,0,0,0,1,1,6,1,32,6,-1,-1,-1,-1,-1,-1
2016140091787,1,9,0,3,0,1,0,0,0,0,2,1,1,1,37,7,1968,2,2,10,2,10
2016140091787,2,9,0,4,0,1,0,0,0,0,1,1,1,1,31,6,2982,2,1,8,1,8
2016140091821,1,9,0,18,0,1,0,0,0,0,1,1,2,2,26,6,1686,2,9,6,1,6
2016140091840,1,9,0,4,0,0,0,0,0,0,2,1,1,1,27,6,1999,1,1,9,1,9
2016140091840,2,9,0,4,0,0,0,0,0,0,2,1,6,2,53,8,1999,2,1,-1,-1,-1
2016140091840,3,9,0,4,0,0,0,0,0,0,1,1,6,1,31,6,1598,1,16,1,1,1
2016140092185,1,9,0,4,0,2,0,0,0,0,2,1,6,1,62,9,1242,1,10,9,2,9
2016140092185,2,2,0,18,0,2,0,0,0,0,1,1,6,1,18,4,49,1,2,-1,-1,-1
2016140092305,1,9,0,18,0,2,2,0,0,0,1,1,6,3,-1,-1,1910,2,11,-1,-1,-1
2016140092346,1,9,0,18,0,0,5,0,2,4,1,1,1,1,23,5,1968,2,6,8,1,8
2016140092351,1,9,0,14,0,1,0,0,0,0,4,1,6,2,83,11,998,1,16,2,2,2
2016140092351,2,11,0,10,0,1,0,0,0,0,3,1,1,1,31,6,9600,2,15,2,1,2
2016140092399,1,9,0,10,0,8,0,0,0,0,2,1,6,2,48,8,2148,2,6,5,1,5
2016140092399,2,9,0,18,0,1,0,0,0,0,1,1,6,2,26,6,1360,1,11,3,1,3
2016140092505,1,9,0,18,0,2,0,0,0,0,1,1,6,1,20,4,1598,2,1,1,2,1
2016140092524,1,2,0,9,0,6,0,0,0,0,1,1,6,1,16,4,49,1,-1,8,1,8