Accident_Index,Vehicle_Reference,Vehicle_Type,Towing_and_Articulation,Vehicle_Manoeuvre,Vehicle_Location-Restricted_Lane,Junction_Location,Skidding_and_Overturning,Hit_Object_in_Carriageway,Vehicle_Leaving_Carriageway,Hit_Object_off_Carriageway,1st_Point_of_Impact,Was_Vehicle_Left_Hand_Drive?,Journey_Purpose_of_Driver,Sex_of_Driver,Age_of_Driver,Age_Band_of_Driver,Engine_Capacity_(CC),Propulsion_Code,Age_of_Vehicle,Driver_IMD_Decile,Driver_Home_Area_Type,Vehicle_IMD_Decile
2016140098972,2,9,0,18,0,8,0,0,0,0,3,1,6,1,-1,-1,1968,2,4,-1,-1,-1
2016140099005,1,1,0,18,0,0,0,0,0,0,2,1,6,1,51,8,-1,-1,-1,1,1,1
2016140099005,2,9,0,18,0,0,0,0,0,0,3,1,6,1,-1,-1,1870,2,13,1,1,1
2016140099009,1,9,0,18,0,0,0,0,0,0,2,1,6,1,63,9,1895,1,15,7,1,7
2016140099009,2,20,1,12,0,0,0,0,0,0,1,1,1,1,46,8,-1,-1,-1,-1,-1,-1
2016140099028,1,9,0,18,0,8,1,0,0,0,1,1,6,2,45,7,1985,1,13,2,1,2
2016140099028,2,9,0,18,0,8,0,0,0,0,2,1,6,1,-1,-1,-1,-1,-1,-1,-1,-1
2016140099038,1,9,0,3,0,0,0,0,0,0,2,1,6,2,39,7,1968,2,-1,3,1,3
2016140099038,2,9,0,18,0,0,0,0,0,0,1,1,6,2,-1,-1,-1,-1,-1,-1,-1,-1
2016140099042,1,19,0,9,0,6,0,0,0,0,3,1,1,1,32,6,1598,2,-1,2,1,2
2016140099042,2,19,0,18,0,1,0,0,0,0,1,1,1,1,27,6,1868,2,15,2,1,2
2016140099065,1,9,0,18,0,0,0,0,0,0,3,1,6,1,41,7,1598,1,15,-1,-1,-1
2016140099108,1,4,0,18,0,1,0,0,0,0,1,1,6,1,53,8,498,1,18,1,1,1
2016140099108,2,9,0,9,0,8,0,0,0,0,3,1,6,1,44,7,1968,2,12,3,1,3
2016140099111,1,98,0,4,0,0,0,0,0,0,4,1,1,1,38,7,-1,-1,-1,-1,-1,-1
2016140099111,2,9,0,6,0,0,0,0,0,0,1,1,6,3,-1,-1,1870,2,4,-1,-1,-1
2016140099111,3,9,0,2,0,0,0,0,0,0,1,1,6,2,-1,-1,-1,-1,-1,3,1,3
2016140099121,1,9,0,18,0,1,0,4,0,0,1,1,6,2,26,6,1582,2,-1,1,1,1
2016140099121,2,9,0,2,0,1,0,0,0,0,2,1,6,1,40,7,-1,-1,-1,1,1,1
2016140099121,3,8,0,9,0,5,0,0,0,0,0,1,6,3,-1,-1,-1,-1,-1,-1,-1,-1
2016140099154,1,9,0,1,0,0,0,0,0,0,2,1,6,1,-1,-1,1242,1,-1,2,1,2
2016140099179,1,9,0,3,0,0,0,0,0,0,2,1,6,2,38,7,1896,2,14,6,1,6
2016140099179,2,9,0,18,0,0,0,0,0,0,1,1,6,3,-1,-1,1598,1,11,-1,-1,-1
2016140099197,1,9,0,18,0,8,0,0,0,0,1,1,6,2,31,6,1422,2,13,2,1,2
2016140099197,2,9,0,10,0,8,0,0,0,0,2,1,6,1,22,5,-1,-1,-1,7,1,7
2016140099212,1,9,0,5,0,6,0,0,0,0,4,1,6,1,47,8,1686,2,3,7,1,7
2016140099212,2,9,0,18,0,1,1,0,0,0,1,1,1,1,43,7,-1,-1,-1,-1,-1,-1
2016140099212,3,9,0,3,0,1,0,0,0,0,1,1,6,1,61,9,1598,2,4,7,3,7
2016140099222,1,9,0,18,0,2,0,0,0,0,1,1,6,1,29,6,1349,1,11,1,1,1
2016140099222,2,22,0,18,0,2,0,0,0,0,4,1,6,1,67,10,-1,-1,-1,1,1,1
2016140099237,1,3,0,18,0,8,0,0,0,0,1,1,6,1,34,6,124,1,2,10,1,10
2016140099237,2,9,0,9,0,6,0,0,0,0,3,1,6,2,39,7,1298,1,14,1,1,1
2016140099253,1,9,0,4,0,0,0,0,0,0,2,1,6,1,40,7,2199,2,1,2,1,2
2016140099253,2,21,1,18,0,0,0,0,0,0,1,1,1,1,46,8,11967,2,3,-1,-1,-1
2016140099266,1,11,0,18,0,1,0,0,0,0,0,1,1,1,45,7,4461,2,3,1,1,1
2016140099267,1,9,0,18,0,1,0,0,0,0,1,1,6,3,-1,-1,1686,2,15,-1,-1,-1
2016140099267,2,8,0,3,0,1,0,0,0,0,2,1,1,1,-1,-1,1968,2,4,3,1,3
2016140099267,3,9,0,3,0,1,0,0,0,0,2,1,6,3,-1,-1,1796,1,13,-1,-1,-1
2016140099269,1,9,0,9,0,8,0,0,0,0,3,1,6,2,71,10,998,1,11,3,1,3
2016140099269,2,9,0,13,0,1,1,0,7,0,4,1,6,2,21,5,1968,2,7,4,1,4
2016140099274,1,9,0,5,0,6,0,0,0,0,1,1,6,1,49,8,1896,2,13,3,2,3
2016140099274,2,1,0,18,0,8,0,0,0,0,3,1,6,1,-1,-1,-1,-1,-1,8,1,8
2016140099350,1,9,0,3,0,2,0,0,0,0,2,1,6,1,45,7,1968,2,-1,4,1,4
2016140099350,2,9,0,18,0,2,0,0,0,0,1,1,6,1,25,5,1197,1,-1,4,1,4
2016140099387,1,9,0,7,0,7,0,0,1,7,1,1,6,1,56,9,1998,1,20,4,1,4
2016140099399,1,9,0,13,0,2,1,0,0,0,1,1,6,1,26,6,1686,2,11,-1,-1,-1
2016140099399,2,9,0,18,0,1,0,0,0,0,1,1,6,2,49,8,-1,-1,-1,2,1,2
2016140099399,3,9,0,18,0,2,0,0,0,0,2,1,6,1,37,7,1332,1,17,5,1,5
2016140099399,4,9,0,18,0,1,0,0,0,0,1,1,6,1,37,7,1560,2,7,3,1,3
2016140099399,5,9,0,2,0,1,0,0,0,0,3,1,6,1,-1,-1,-1,-1,-1,1,1,1
2016140099440,1,9,0,16,0,2,0,0,0,0,2,1,6,1,18,4,1390,1,14,9,1,9
2016140099440,2,9,0,18,0,1,0,0,0,0,1,1,6,2,37,7,1399,2,7,7,1,7
2016140099460,1,9,0,18,0,0,5,0,1,0,1,1,6,1,20,4,1598,1,10,-1,-1,-1
2016140099463,1,9,0,18,0,8,0,0,0,0,4,1,1,1,41,7,1995,2,3,1,1,1
2016140099463,2,9,0,15,0,8,0,0,0,0,1,1,6,1,24,5,1995,2,4,10,1,10
2016140099466,1,9,0,9,0,5,0,0,1,0,3,1,6,1,54,8,1596,1,5,6,1,6
2016140099466,2,9,0,13,0,8,0,0,0,0,1,1,6,3,-1,-1,1997,2,14,-1,-1,-1
2016140099504,1,9,0,9,0,5,0,0,0,0,1,1,6,2,31,6,1590,1,14,2,1,2
2016140099504,2,1,0,18,0,1,0,0,0,0,1,1,6,1,31,6,-1,-1,-1,1,1,1
2016140099528,1,9,0,9,0,5,0,0,0,0,3,1,6,1,51,8,1798,1,11,1,1,1
2016140099528,2,3,0,13,0,1,0,0,0,0,1,1,6,1,20,4,124,1,8,5,1,5
2016140099548,1,9,0,9,0,6,0,0,0,0,4,1,6,1,19,4,1598,1,10,1,1,1
2016140099548,2,9,0,18,0,1,0,4,0,0,3,1,6,2,42,7,1997,2,11,2,1,2
2016140099548,3,9,0,2,6,2,0,0,0,0,3,1,6,1,36,7,1798,1,-1,2,1,2
2016140099570,1,9,0,16,0,0,0,0,0,0,1,1,6,2,18,4,999,1,5,3,1,3
2016140099570,2,9,0,17,0,0,0,0,0,0,3,1,6,2,48,8,1198,1,9,-1,-1,-1
2016140099578,1,8,0,1,0,0,0,0,0,0,2,1,2,1,37,7,-1,-1,-1,2,1,2
2016140099593,1,9,0,18,0,1,0,0,0,0,1,1,6,1,26,6,1968,2,8,1,1,1
2016140099593,2,9,0,3,0,1,0,0,0,0,2,1,2,2,63,9,998,1,8,5,1,5
2016140099598,1,9,0,18,0,1,0,0,0,0,4,1,6,2,-1,-1,1999,1,10,2,1,2
2016140099599,1,19,0,14,0,0,0,0,0,0,4,1,6,1,22,5,1896,2,7,3,1,3
2016140099599,2,98,0,3,0,0,0,0,0,0,3,1,6,3,-1,-1,-1,-1,-1,-1,-1,-1
2016140099621,1,9,0,10,0,1,0,0,0,0,3,1,6,1,41,7,1995,2,11,1,1,1
2016140099621,2,2,0,14,0,1,0,0,0,0,4,1,6,1,41,7,49,1,4,-1,-1,-1
2016140099623,1,9,0,18,0,1,0,0,0,0,1,1,6,2,37,7,1896,2,12,4,1,4
2016140099635,1,9,0,16,0,0,5,0,1,11,1,1,6,1,18,4,1598,2,6,1,1,1
2016140099641,1,9,0,18,0,2,0,0,1,1,1,1,6,2,48,8,1360,1,12,1,1,1
2016140099646,1,9,0,3,0,6,0,0,0,0,4,1,1,1,55,8,1600,1,-1,8,1,8
2016140099646,2,1,0,18,9,1,0,0,0,0,1,1,2,1,-1,-1,-1,-1,-1,-1,-1,-1
2016140099662,1,9,0,9,0,5,0,0,0,0,1,1,6,2,20,4,998,1,2,6,3,6
2016140099662,2,9,0,7,0,1,0,0,0,0,1,1,6,1,29,6,-1,-1,-1,-1,-1,-1
2016140099749,1,9,0,18,0,1,1,0,0,0,1,1,6,1,63,9,1200,1,1,1,1,1
2016140099749,2,9,0,18,0,6,0,0,0,0,1,1,6,1,25,5,1596,1,15,-1,-1,-1
2016140099877,1,21,0,4,0,0,0,0,0,0,2,1,1,1,55,8,-1,-1,-1,2,1,2
2016140099877,2,21,0,4,0,0,1,0,0,0,1,1,1,1,26,6,-1,-1,-1,5,1,5
2016140099902,1,9,0,16,0,0,1,0,0,0,1,1,6,1,24,5,2993,2,10,3,1,3
2016140099985,1,9,0,3,0,0,0,0,0,0,2,1,2,1,41,7,1910,2,10,-1,-1,-1
2016140099985,2,9,0,3,0,0,0,0,0,0,1,1,6,1,23,5,1997,2,13,-1,-1,-1
2016140100027,1,11,0,5,0,0,0,0,0,0,0,1,1,1,26,6,6700,2,-1,1,1,1
2016140100027,2,9,0,13,0,0,0,0,0,0,0,1,6,1,27,6,1248,2,11,-1,-1,-1
2016140100099,1,9,0,18,0,8,0,0,0,0,1,1,1,1,52,8,-1,-1,-1,2,1,2
2016140100099,2,9,0,9,0,6,0,0,0,0,3,1,1,2,36,7,1598,2,5,1,1,1
2016140100101,1,9,0,4,0,0,0,0,0,0,1,1,1,1,62,9,1995,2,10,1,1,1
2016140100101,2,9,0,3,0,0,0,0,0,0,2,1,6,1,68,10,1560,2,1,6,1,6
2016140100101,3,9,0,3,0,0,0,0,0,0,2,1,2,2,62,9,1988,2,10,4,3,4
2016140100128,1,9,0,18,0,0,0,0,0,0,1,1,2,1,35,6,1956,2,4,4,1,4
2016140100128,2,9,0,18,0,0,0,0,0,0,1,1,6,2,59,9,2400,2,6,6,2,6
2016140100128,3,9,0,18,0,0,0,0,0,0,0,1,6,1,44,7,1995,2,6,2,1,2
2016140100149,1,9,0,12,0,6,0,0,0,0,2,1,6,1,80,11,1388,1,5,7,1,7
2016140100149,2,9,0,18,0,1,0,0,0,0,2,1,6,1,18,4,1390,1,13,6,1,6
2016140100163,1,9,0,14,0,0,0,4,0,0,0,1,6,2,57,9,1560,2,8,6,3,6
2016140100163,2,19,0,2,0,0,0,0,0,0,0,1,6,1,44,7,2198,2,1,9,1,9
2016140100178,1,21,0,11,0,0,0,0,0,0,4,1,1,1,59,9,12809,2,1,-1,-1,-1
2016140100178,2,9,0,15,0,0,0,0,4,6,3,1,6,1,40,7,2099,1,12,2,2,2
2016140100264,1,9,0,18,0,0,0,0,0,0,1,1,6,1,-1,-1,-1,-1,-1,-1,-1,-1
2016140100289,1,5,0,15,0,0,0,0,0,0,4,1,2,1,25,5,690,1,-1,9,1,9
2016140100289,2,9,0,6,0,0,0,0,0,0,3,1,6,1,43,7,-1,-1,-1,2,1,2
2016140100353,1,9,0,3,0,1,0,0,0,0,2,1,2,1,43,7,1360,1,4,-1,-1,-1
2016140100353,2,9,0,3,0,1,0,0,0,0,1,1,6,2,22,5,1398,1,6,3,1,3
2016140100373,1,9,0,3,0,8,0,0,0,0,4,1,6,1,44,7,1988,1,12,3,1,3
2016140100426,1,3,0,13,0,2,0,0,0,0,4,1,6,1,30,6,124,1,2,3,1,3
2016140100426,2,9,0,6,0,2,0,0,0,0,1,1,6,1,28,6,1598,1,9,3,1,3
2016140100431,1,11,0,2,0,0,0,0,0,0,0,1,1,1,38,7,9000,2,6,1,1,1
2016140100475,1,9,0,18,9,2,0,0,1,0,4,1,6,3,-1,-1,-1,-1,-1,-1,-1,-1
2016140100589,1,9,0,10,0,1,0,0,0,0,2,1,6,2,54,8,1598,1,15,5,1,5
2016140100589,2,9,0,15,0,1,1,0,0,0,1,1,6,2,25,5,1596,1,17,-1,-1,-1
2016140100623,1,90,0,9,0,8,0,0,0,0,3,1,1,2,21,5,2461,2,8,-1,-1,-1
2016140100623,2,9,0,18,0,8,0,0,0,0,1,1,6,1,85,11,1299,1,16,3,1,3
2016140100859,1,9,0,18,0,2,0,0,0,0,1,1,2,1,45,7,1598,1,6,5,1,5
2016140100859,2,9,0,9,0,1,0,0,0,0,1,1,6,2,31,6,1360,1,14,2,1,2
2016140100881,1,1,0,18,0,1,1,0,0,0,0,1,6,1,69,10,-1,-1,-1,5,1,5
2016140100881,2,9,0,18,0,1,1,0,1,3,1,1,6,2,51,8,998,1,6,3,2,3
2016140100909,1,9,0,18,0,0,0,0,0,0,2,1,6,1,36,7,1388,1,6,2,1,2
2016140100909,2,9,0,18,0,0,0,0,0,0,1,1,6,1,29,6,1388,1,13,4,1,4
2016140100909,3,9,0,18,0,0,0,0,0,0,1,1,6,2,23,5,1390,1,3,2,1,2
2016140100909,4,9,0,18,0,0,0,0,0,0,1,1,6,1,21,5,1596,1,2,-1,-1,-1
2016140100909,5,-1,0,12,0,0,0,0,0,0,0,1,6,3,-1,-1,-1,-1,-1,-1,-1,-1
2016140100978,1,9,0,8,0,1,0,0,0,0,2,1,6,2,44,7,1461,2,4,1,1,1
2016140100978,2,9,0,4,0,1,0,0,0,0,1,1,6,1,-1,-1,1598,1,8,1,1,1
2016140101026,1,9,0,14,0,8,0,0,0,0,3,1,6,1,27,6,1598,1,15,1,1,1
2016140101026,2,9,0,18,0,8,0,0,0,0,1,1,6,1,25,5,-1,-1,-1,-1,-1,-1
2016140101026,3,5,0,18,0,8,0,0,0,0,1,1,6,1,-1,-1,999,1,1,2,1,2
2016140101029,1,9,0,18,0,0,0,0,0,0,4,1,6,2,21,5,1968,2,10,2,1,2
2016140101035,1,9,0,16,0,0,2,4,0,0,1,1,6,1,69,10,1242,1,7,4,1,4
2016140101035,2,9,0,2,6,0,0,0,0,0,1,1,6,1,40,7,1248,2,11,6,1,6
2016140101133,1,9,0,3,0,0,0,0,0,0,2,1,6,1,52,8,1798,1,5,5,1,5
2016140101133,2,9,0,18,0,0,0,0,0,0,1,1,6,2,21,5,1986,2,10,8,1,8
2016140101373,1,9,0,18,0,0,2,0,2,11,1,1,6,2,20,4,1248,2,12,6,1,6
2016140101673,1,9,0,3,0,1,0,0,0,0,2,1,6,1,76,11,1870,2,14,5,1,5
2016140101673,2,9,0,18,0,1,0,0,0,0,1,1,2,1,47,8,1364,1,11,1,1,1
2016140101673,3,9,0,18,0,1,0,0,0,0,2,1,2,1,34,6,1796,1,12,6,1,6
2016140101673,4,9,0,18,0,1,0,0,0,0,1,1,6,1,40,7,1329,1,3,3,1,3
2016140101729,1,9,0,5,0,8,0,0,0,0,4,1,6,1,72,10,2000,2,11,-1,-1,-1
2016140101729,2,1,0,18,0,8,0,0,0,0,1,1,6,1,21,5,-1,-1,-1,-1,-1,-1
2016140101781,1,19,0,18,0,1,0,0,0,0,0,1,1,1,61,9,2402,2,15,6,3,6
2016140101781,2,5,0,9,0,8,0,0,0,0,0,1,2,1,43,7,999,1,8,10,1,10
2016140101784,1,9,0,18,0,0,1,0,2,4,1,1,6,1,23,5,1598,1,13,1,1,1
2016140101784,2,9,0,18,0,0,0,0,0,0,1,1,6,1,46,8,1998,1,3,6,3,6
2016140101809,1,9,0,18,0,0,0,10,0,0,1,2,6,1,24,5,-1,-1,-1,9,1,9
2016140101809,2,9,0,18,0,0,0,0,1,0,1,1,6,1,53,8,-1,-1,-1,-1,-1,-1
2016140101809,3,9,0,18,0,0,0,0,0,0,1,1,6,1,56,9,1199,1,17,-1,1,-1
2016140101822,1,9,0,7,0,5,1,0,0,0,1,1,6,1,28,6,1997,2,-1,1,1,1
2016140101822,2,9,0,4,0,6,0,0,0,0,1,1,1,2,33,6,1248,1,3,4,2,4
2016140101945,1,9,0,17,0,1,0,0,1,11,1,1,6,1,78,11,1956,2,3,1,1,1
2016140101945,2,9,0,5,0,6,0,0,0,0,1,1,6,1,80,11,1997,2,15,3,1,3
2016140101971,1,9,0,18,0,4,0,0,0,0,1,1,6,1,66,10,1598,1,10,4,1,4
2016140101971,2,3,0,18,0,8,0,0,0,0,4,1,6,1,24,5,124,1,4,-1,-1,-1
2016140101976,1,9,0,18,0,3,2,0,0,0,1,1,1,1,18,4,1200,1,-1,9,3,9
2016140101976,2,9,0,9,0,8,0,0,0,0,1,1,1,1,53,8,1596,1,11,-1,-1,-1
2016140101999,1,9,0,18,0,6,0,0,0,0,1,1,6,1,32,6,999,1,2,1,1,1
2016140101999,2,9,0,18,0,7,0,0,5,0,1,1,6,1,21,5,2000,2,11,1,1,1
2016140102018,1,8,0,1,0,0,0,0,0,0,2,1,6,3,-1,-1,-1,-1,-1,-1,-1,-1
2016140102024,1,9,0,18,0,0,0,0,0,0,1,1,6,2,-1,-1,-1,-1,-1,-1,-1,-1
2016140102047,1,9,0,18,0,8,0,0,0,0,1,1,6,1,21,5,1984,1,1,1,1,1
2016140102047,2,9,0,18,0,8,0,0,0,0,1,1,1,1,42,7,1896,2,8,1,1,1
2016140102140,1,9,0,10,0,8,0,0,0,0,1,1,6,1,80,11,998,1,3,3,1,3
2016140102140,2,4,0,18,0,8,0,0,0,0,1,1,6,1,26,6,348,1,22,1,1,1
2016140102177,1,9,0,7,9,5,0,0,1,0,1,1,6,3,-1,-1,-1,-1,-1,-1,-1,-1
2016140102203,1,9,0,17,0,1,0,0,0,0,3,1,6,1,28,6,1242,1,14,1,1,1
2016140102203,2,9,0,16,0,2,0,0,0,0,3,1,1,1,42,7,1896,2,11,1,1,1
2016140102231,1,9,0,1,0,0,0,0,0,0,2,1,6,1,20,4,1896,2,10,3,1,3
2016140102246,1,9,0,4,0,0,0,0,0,0,2,1,6,2,69,10,2402,2,6,3,1,3
2016140102246,2,19,0,3,0,0,0,0,0,0,1,1,6,1,32,6,2402,2,12,1,1,1
2016140102269,1,9,0,18,0,8,0,0,0,0,1,1,1,1,23,5,-1,-1,-1,2,1,2
2016140102269,2,9,0,18,0,8,0,0,0,0,2,1,1,2,46,8,1560,2,1,10,1,10
2016140102288,1,9,0,17,0,0,0,0,0,0,3,1,6,3,-1,-1,-1,-1,-1,-1,-1,-1
2016140102320,1,9,0,4,0,0,0,0,0,0,2,1,1,1,25,5,2993,2,8,10,2,10
2016140102320,2,9,0,4,0,0,1,0,0,0,1,1,6,1,45,7,1582,2,7,-1,-1,-1
2016140102337,1,21,0,17,0,0,2,0,0,0,1,1,1,1,53,8,12777,2,3,4,1,4
2016140102365,1,9,0,18,0,0,0,0,1,4,1,1,6,1,19,4,1199,1,13,9,2,9
2016140102434,1,9,0,4,0,1,0,0,0,0,2,1,6,2,52,8,1386,1,12,3,1,3
2016140102434,2,9,0,4,0,1,0,0,0,0,1,1,6,2,57,9,1905,2,18,1,1,1
2016140102491,1,9,0,4,0,0,0,0,0,0,2,1,6,2,39,7,2969,2,8,7,3,7
2016140102491,2,9,0,4,0,0,0,0,0,0,2,1,6,2,27,6,1598,2,4,3,1,3
2016140102491,3,9,0,4,0,0,0,0,0,0,1,1,6,1,36,7,1339,8,4,1,1,1
2016140102504,1,9,0,7,0,6,1,0,0,0,1,1,6,1,32,6,1796,7,9,5,1,5
2016140102504,2,1,0,9,0,6,0,0,0,0,1,1,6,2,48,8,-1,-1,-1,6,1,6
2016140102524,1,9,0,4,0,1,0,0,0,0,2,1,1,2,57,9,1598,1,5,9,2,9
2016140102524,2,9,0,18,0,1,0,0,0,0,1,1,6,1,28,6,1995,2,12,1,1,1
2016140102546,1,9,0,3,0,1,0,0,0,0,2,1,6,1,34,6,1995,2,3,4,1,4
2016140102546,2,9,0,18,0,1,0,0,0,0,1,1,2,1,34,6,1390,1,5,9,1,9
2016140102558,1,9,0,5,0,6,1,0,0,0,1,1,6,1,72,10,1598,1,1,3,1,3
2016140102558,2,3,0,17,0,8,0,0,0,0,1,1,6,1,19,4,124,1,12,1,1,1
2016140102568,1,9,0,9,0,6,0,0,0,0,1,1,6,1,79,11,1598,1,1,4,1,4
2016140102568,2,9,0,10,0,8,0,0,0,0,3,1,6,2,56,9,1499,2,1,2,1,2
2016140102618,1,9,0,17,9,0,1,0,1,11,1,1,2,1,61,9,1560,2,8,7,1,7
2016140102718,1,9,0,18,0,8,0,0,0,0,1,1,6,1,56,9,2993,2,7,4,1,4
2016140102718,2,9,0,9,0,8,0,0,0,0,1,1,6,2,26,6,1242,1,9,1,1,1
2016140102720,1,9,0,9,0,6,0,0,0,0,1,1,6,1,47,8,1461,2,3,2,1,2
2016140102720,2,9,0,18,0,1,0,0,0,0,1,1,6,2,45,7,1995,2,6,1,1,1
2016140102804,1,9,0,2,0,0,0,0,0,0,2,1,6,2,28,6,1998,1,10,1,2,1
2016140102804,2,9,0,3,0,0,0,0,0,0,2,1,6,1,66,10,1685,2,-1,2,2,2
2016140102804,3,9,0,18,0,0,0,0,0,0,1,1,6,1,42,7,1896,2,10,2,2,2
2016140102813,1,9,0,4,0,3,0,0,0,0,2,1,6,2,59,9,1600,2,5,7,1,7
2016140102813,2,5,0,18,0,3,0,0,0,0,1,1,6,1,40,7,599,1,20,2,1,2
2016140102830,1,9,0,18,9,0,0,0,1,0,1,1,2,1,23,5,1896,2,12,-1,-1,-1
2016140102836,1,9,0,6,0,0,0,0,0,0,4,1,2,1,36,7,1796,1,9,3,1,3
2016140102836,2,1,0,18,0,0,1,0,0,0,1,1,2,1,28,6,-1,-1,-1,8,1,8
2016140102861,1,9,0,10,0,1,0,0,0,0,2,1,6,2,31,6,1560,2,1,1,1,1
2016140102861,2,98,1,7,0,6,0,0,0,0,3,1,1,3,-1,-1,-1,-1,-1,-1,-1,-1
2016140102877,1,11,0,4,0,0,0,0,0,0,0,1,1,1,49,8,4461,2,3,1,1,1
2016140102952,1,9,0,18,0,8,1,0,5,6,1,1,6,2,20,4,1242,1,6,1,1,1
2016140102956,1,9,0,16,0,2,0,0,0,0,1,1,2,2,54,8,1587,1,11,4,2,4
2016140102956,2,9,0,17,0,1,0,0,0,0,1,1,6,1,68,10,1794,1,15,3,1,3
2016140103033,1,9,0,18,0,1,0,0,0,0,1,1,6,3,-1,-1,-1,-1,-1,-1,-1,-1
2016140103044,1,19,0,3,0,2,0,0,0,0,2,1,2,1,41,7,1968,2,7,9,3,9
2016140103044,2,9,0,18,0,2,0,0,0,0,1,1,6,2,54,8,1998,1,12,2,1,2
2016140103046,1,19,0,18,0,8,0,0,0,0,1,1,6,1,-1,-1,1560,2,4,6,1,6
2016140103046,2,1,0,10,0,8,0,0,0,0,1,1,1,1,57,9,-1,-1,-1,5,1,5
2016140103048,1,9,0,2,0,0,0,0,0,0,2,1,1,1,37,7,-1,-1,-1,6,1,6
2016140103048,2,9,0,1,0,0,0,0,0,0,2,1,6,3,-1,-1,1229,1,11,-1,-1,-1
2016140103080,1,9,0,17,0,1,0,0,0,0,1,1,6,1,18,4,998,1,12,5,1,5
2016140103080,2,8,0,18,0,6,0,0,0,0,3,1,1,1,30,6,-1,-1,-1,5,1,5
2016140103100,1,9,0,10,0,8,0,0,0,0,2,1,6,1,36,7,1910,2,8,3,1,3
2016140103100,2,9,0,3,0,1,0,0,0,0,2,1,6,1,57,9,1398,1,-1,5,1,5
2016140103100,3,19,0,18,0,1,0,0,0,0,1,1,6,3,-1,-1,1998,2,15,-1,-1,-1
2016140103106,1,9,0,9,0,5,0,0,0,0,4,1,2,1,26,6,1248,1,4,8,1,8
2016140103106,2,1,0,18,4,1,0,0,1,0,1,1,2,1,51,8,-1,-1,-1,8,1,8
2016140103131,1,21,0,3,0,1,0,0,0,0,2,1,1,1,53,8,12777,2,1,1,1,1
2016140103131,2,19,1,18,0,1,1,0,0,0,1,1,2,1,32,6,2402,2,11,2,1,2
2016140103155,1,9,0,7,0,8,0,0,0,0,1,1,6,2,26,6,1242,1,5,1,1,1
2016140103155,2,9,0,18,0,8,0,0,0,0,1,1,6,1,65,9,1596,1,5,5,1,5
2016140103170,1,9,0,9,0,5,0,0,0,0,1,1,1,1,39,7,1997,2,13,1,1,1
2016140103170,2,1,0,18,0,8,0,0,0,0,1,1,6,1,48,8,-1,-1,-1,5,1,5
2016140103261,1,3,0,17,0,0,0,0,1,11,1,1,6,2,34,6,125,1,4,6,1,6
2016140103273,1,9,0,4,0,0,0,0,0,0,2,1,6,1,30,6,1398,1,-1,10,1,10
2016140103273,2,9,0,18,0,0,0,0,0,0,1,1,2,2,23,5,1598,2,3,5,1,5
2016140103273,3,9,0,18,0,0,0,0,0,0,1,1,6,1,18,4,1686,2,5,2,1,2
2016140103312,1,11,0,5,2,0,0,0,0,0,0,1,1,1,-1,-1,9360,2,8,1,1,1
2016140103342,1,9,0,9,0,1,0,0,0,0,2,1,6,2,41,7,1995,2,12,1,1,1
2016140103342,2,5,0,13,0,1,0,0,0,0,1,1,6,1,30,6,865,1,9,2,1,2
2016140103360,1,21,1,12,0,1,0,0,0,0,3,1,1,1,38,7,-1,-1,-1,-1,-1,-1
2016140103360,2,9,0,18,0,1,0,0,2,10,4,1,6,2,67,10,999,1,15,1,1,1
2016140103385,1,9,0,12,0,0,1,0,0,0,3,1,2,1,56,9,1299,1,14,1,1,1
2016140103385,2,21,1,11,0,0,0,0,0,0,4,1,1,1,50,8,12902,2,2,6,1,6
2016140103385,3,19,0,18,0,0,0,0,0,0,1,1,1,1,63,9,2198,2,1,1,1,1
2016140103385,4,9,0,18,0,0,0,0,0,0,2,1,1,1,37,7,1968,2,2,9,1,9
2016140103410,1,9,0,9,0,8,0,0,0,0,0,1,6,1,25,5,1598,1,1,1,1,1
2016140103410,2,3,0,9,0,8,2,0,0,0,4,1,6,1,19,4,125,1,-1,1,1,1
2016140103455,1,9,0,18,0,0,0,0,0,0,2,1,6,2,37,7,1999,1,14,8,1,8
2016140103455,2,98,0,18,0,0,0,0,0,0,1,1,6,1,34,6,-1,-1,-1,-1,-1,-1
2016140103473,1,97,0,3,0,1,0,0,0,0,1,1,6,1,17,4,-1,-1,-1,-1,-1,-1
2016140103473,2,9,0,4,0,1,0,0,0,0,1,1,6,2,39,7,1995,2,5,1,1,1
2016140103473,3,9,0,7,0,1,0,0,0,0,3,1,6,2,32,6,1587,1,11,1,1,1
2016140103480,1,9,0,18,0,1,0,0,0,0,4,1,6,3,-1,-1,-1,-1,-1,-1,-1,-1
2016140103514,1,9,0,4,0,5,0,0,0,0,3,1,2,1,26,6,1598,2,-1,2,1,2
2016140103514,2,9,0,13,0,1,0,0,0,0,4,1,2,1,34,6,1896,2,12,-1,-1,-1
2016140103531,1,11,0,18,0,8,0,0,0,0,0,1,1,1,24,5,-1,-1,-1,4,1,4
2016140103531,2,9,0,6,0,8,0,0,0,0,0,1,6,3,-1,-1,-1,-1,-1,-1,-1,-1
2016140103542,1,9,0,13,0,0,5,0,0,0,1,1,6,3,-1,-1,1781,1,13,-1,-1,-1
2016140103542,2,9,0,4,0,0,5,0,0,0,2,1,6,1,50,8,1598,1,13,10,1,10