Accident_Index,Vehicle_Reference,Vehicle_Type,Towing_and_Articulation,Vehicle_Manoeuvre,Vehicle_Location-Restricted_Lane,Junction_Location,Skidding_and_Overturning,Hit_Object_in_Carriageway,Vehicle_Leaving_Carriageway,Hit_Object_off_Carriageway,1st_Point_of_Impact,Was_Vehicle_Left_Hand_Drive?,Journey_Purpose_of_Driver,Sex_of_Driver,Age_of_Driver,Age_Band_of_Driver,Engine_Capacity_(CC),Propulsion_Code,Age_of_Vehicle,Driver_IMD_Decile,Driver_Home_Area_Type,Vehicle_IMD_Decile
2016140112231,2,3,0,18,0,1,0,0,0,0,1,1,2,1,60,9,125,1,12,6,1,6
2016140112233,1,1,0,18,0,6,0,0,0,0,1,1,6,1,9,2,-1,-1,-1,2,1,2
2016140112233,2,9,0,18,0,1,0,0,0,0,1,1,6,3,-1,-1,1086,1,12,3,1,3
2016140112244,1,9,0,18,0,3,0,0,0,0,3,1,2,2,24,5,1995,2,12,-1,-1,-1
2016140112244,2,9,0,4,0,1,0,0,0,0,4,1,2,2,57,9,1968,2,4,6,2,6
2016140112258,1,1,0,18,2,8,0,0,0,0,4,1,2,1,-1,-1,-1,-1,-1,-1,-1,-1
2016140112258,2,9,0,9,0,6,0,0,0,0,1,1,2,1,22,5,1368,1,5,9,1,9
2016140112279,1,90,0,14,0,1,0,4,0,0,3,1,6,1,42,7,420,1,5,-1,-1,-1
2016140112279,2,9,0,14,0,1,0,0,0,0,4,1,6,3,-1,-1,-1,-1,-1,-1,-1,-1
2016140112279,3,9,0,2,0,1,0,0,0,0,4,1,6,1,23,5,1198,1,8,1,1,1
2016140112279,4,9,0,2,0,1,0,0,0,0,4,1,6,1,21,5,1753,2,8,1,1,1
2016140112302,1,19,0,9,0,5,0,0,0,0,1,1,1,1,32,6,2402,2,10,1,1,1
2016140112302,2,1,0,18,0,1,0,0,0,0,1,1,6,1,67,10,-1,-1,-1,-1,-1,-1
2016140112332,1,8,0,18,0,8,0,0,0,0,1,1,1,1,37,7,1968,2,3,2,1,2
2016140112332,2,9,0,18,0,8,5,0,0,0,4,1,6,2,27,6,1999,2,-1,3,3,3
2016140112343,1,9,0,5,0,4,0,0,0,0,1,1,2,2,42,7,-1,-1,-1,4,1,4
2016140112343,2,1,0,18,0,8,0,0,0,0,1,1,2,1,47,8,-1,-1,-1,7,1,7
2016140112482,1,9,0,10,0,1,0,0,0,0,4,1,6,1,34,6,1910,2,8,2,1,2
2016140112482,2,19,0,12,0,1,0,0,0,0,3,1,6,3,-1,-1,1868,2,10,-1,-1,-1
2016140112483,1,9,0,18,0,0,0,0,0,0,4,1,2,1,52,8,2204,2,9,8,1,8
2016140112483,2,1,0,18,0,0,0,0,0,0,3,1,2,2,30,6,-1,-1,-1,-1,-1,-1
2016140112485,1,9,0,9,0,5,0,0,0,0,1,1,6,1,24,5,1686,2,15,1,2,1
2016140112485,2,97,0,13,0,1,0,0,7,0,1,1,6,1,15,3,-1,-1,-1,-1,-1,-1
2016140112530,1,20,1,18,0,1,0,0,0,0,4,1,1,1,57,9,-1,-1,-1,8,2,8
2016140112530,2,9,0,18,0,1,0,0,0,0,3,1,6,1,68,10,998,1,2,5,1,5
2016140112530,3,9,0,18,0,1,0,0,0,0,1,1,1,1,46,8,-1,-1,-1,1,2,1
2016140112530,4,9,0,18,0,1,0,0,0,0,1,1,6,2,50,8,1560,2,11,8,1,8
2016140112537,1,9,0,4,0,0,0,0,0,0,2,1,6,1,77,11,1997,2,1,2,1,2
2016140112537,2,9,0,18,0,0,0,0,0,0,1,1,2,2,27,6,1197,1,2,1,1,1
2016140112545,1,9,0,1,0,6,0,0,0,0,2,1,1,1,45,7,1796,1,11,6,1,6
2016140112545,2,1,0,18,0,8,0,0,0,0,1,1,6,2,49,8,-1,-1,-1,4,1,4
2016140112586,1,3,0,9,0,5,0,0,7,9,1,1,6,1,24,5,124,1,7,-1,-1,-1
2016140112586,2,9,0,18,0,1,0,0,7,9,1,1,6,2,20,4,1242,1,4,4,1,4
2016140112626,1,9,0,3,0,1,0,0,0,0,2,1,6,1,-1,-1,1956,2,6,-1,-1,-1
2016140112626,2,9,0,3,0,1,0,0,0,0,2,1,6,1,50,8,1997,2,6,3,1,3
2016140112626,3,9,0,18,0,1,0,0,0,0,1,1,6,1,19,4,1398,1,-1,1,1,1
2016140112637,1,9,0,18,0,0,0,0,0,0,3,1,6,1,33,6,1461,2,5,9,1,9
2016140112637,2,9,0,13,0,0,0,0,0,0,4,1,6,3,-1,-1,-1,-1,-1,-1,-1,-1
2016140112655,1,9,0,10,0,1,0,0,0,0,4,1,6,2,45,7,1560,2,3,6,1,6
2016140112655,2,1,0,18,0,1,0,0,0,0,1,1,6,1,18,4,-1,-1,-1,4,1,4
2016140112703,1,9,0,18,0,2,0,0,0,0,1,1,6,3,-1,-1,-1,-1,-1,-1,-1,-1
2016140112713,1,3,0,5,0,1,1,0,0,0,1,1,6,1,58,9,125,1,8,3,1,3
2016140112716,1,9,0,5,0,0,0,0,0,0,2,1,2,1,45,7,1395,8,1,7,1,7
2016140112716,2,9,0,18,0,0,0,0,0,0,1,1,6,2,-1,-1,1596,1,12,4,1,4
2016140112722,1,1,0,18,0,8,1,0,0,0,3,1,6,1,64,9,-1,-1,-1,4,1,4
2016140112722,2,9,0,9,0,6,0,0,0,0,3,1,6,3,-1,-1,-1,-1,-1,-1,-1,-1
2016140112793,1,9,0,13,0,4,0,0,0,0,1,1,6,3,25,5,2401,2,13,-1,-1,-1
2016140112793,2,9,0,18,0,4,0,0,0,0,1,1,6,1,34,6,1396,1,11,1,1,1
2016140112804,1,9,0,18,0,1,1,0,0,0,1,1,6,3,-1,-1,1399,2,10,-1,-1,-1
2016140112804,2,9,0,3,0,1,0,0,0,0,1,1,6,1,29,6,1988,1,15,1,1,1
2016140112804,3,9,0,18,0,1,0,0,0,0,1,1,6,3,-1,-1,1299,1,17,-1,-1,-1
2016140112830,1,9,0,18,0,8,1,0,0,0,1,1,2,1,24,5,1242,1,6,3,1,3
2016140112830,2,9,0,7,0,5,0,0,0,0,4,1,2,2,35,6,1390,1,14,4,1,4
2016140112832,1,22,0,7,0,8,0,4,0,0,1,1,6,1,81,11,-1,-1,-1,10,1,10
2016140112832,2,9,0,2,0,1,0,0,0,0,4,1,6,1,60,9,2149,2,9,9,1,9
2016140112901,1,9,0,3,0,2,0,0,0,0,2,1,1,2,42,7,1248,1,1,6,1,6
2016140112901,2,2,0,4,0,2,1,0,0,0,1,1,6,2,16,4,49,1,-1,3,1,3
2016140112944,1,9,0,18,0,0,0,0,0,0,1,1,4,1,37,7,1598,1,9,3,1,3
2016140112944,2,9,0,11,0,0,0,0,0,0,1,1,4,2,22,5,1598,1,6,1,1,1
2016140112944,3,9,0,18,0,0,0,0,0,0,1,1,4,1,63,9,2720,2,10,1,1,1
2016140112962,1,1,0,18,0,0,0,4,0,0,1,1,6,1,16,4,-1,-1,-1,1,1,1
2016140112962,2,9,0,18,0,0,0,0,0,0,1,1,6,2,34,6,2490,1,16,-1,-1,-1
2016140112962,3,9,0,2,0,0,0,0,0,0,1,1,6,1,25,5,1397,1,8,10,3,10
2016140113004,1,9,0,1,9,5,0,0,0,0,2,1,6,1,39,7,1242,1,14,7,1,7
2016140113008,1,9,0,18,0,0,0,0,0,0,2,1,6,2,50,8,1229,1,5,3,1,3
2016140113008,2,-1,0,18,0,0,0,0,0,0,2,1,6,1,20,4,-1,-1,-1,1,1,1
2016140113020,1,5,0,13,0,8,0,0,0,0,4,1,6,1,49,8,1284,1,12,1,1,1
2016140113020,2,9,0,9,0,5,0,0,0,0,1,1,6,1,40,7,1910,2,10,2,2,2
2016140113045,1,9,0,16,0,3,5,10,6,0,1,1,6,1,19,4,1499,1,1,5,1,5
2016140113050,1,9,0,3,0,1,0,0,0,0,1,1,6,2,68,10,1298,1,8,-1,-1,-1
2016140113050,2,9,0,9,0,1,0,0,0,0,1,1,6,2,18,4,1596,1,14,3,1,3
2016140113063,1,9,0,7,0,7,0,0,0,0,3,1,6,1,30,6,1398,2,13,4,1,4
2016140113063,2,9,0,11,0,7,0,0,0,0,4,1,6,2,-1,-1,1596,1,14,-1,-1,-1
2016140113078,1,9,0,3,0,8,0,0,0,0,2,1,6,2,48,8,1598,1,1,2,1,2
2016140113078,2,9,0,18,0,8,0,0,0,0,1,1,6,1,18,4,1197,1,-1,4,1,4
2016140113105,1,9,0,9,0,2,0,0,0,0,2,1,6,1,19,4,1598,2,4,7,1,7
2016140113105,2,9,0,18,0,2,0,0,0,0,1,1,6,1,20,4,1197,1,3,-1,-1,-1
2016140113114,1,9,0,5,0,6,0,0,0,0,3,1,2,1,37,7,1968,2,13,1,1,1
2016140113114,2,1,0,18,0,1,0,0,0,0,4,1,6,1,57,9,-1,-1,-1,1,1,1
2016140113117,1,9,0,3,0,0,0,0,0,0,2,1,6,2,49,8,1248,1,4,9,1,9
2016140113117,2,19,0,12,0,0,0,0,0,0,3,1,1,1,39,7,2148,2,7,2,1,2
2016140113117,3,98,0,18,0,0,0,0,0,0,4,1,1,1,52,8,-1,-1,-1,10,1,10
2016140113158,1,9,0,14,0,0,0,0,0,0,3,1,6,2,44,7,1360,1,16,4,1,4
2016140113168,1,9,0,4,0,1,0,0,0,0,1,1,6,2,29,6,1461,2,5,5,1,5
2016140113168,2,9,0,3,0,1,0,0,0,0,2,1,6,1,63,9,1598,1,9,1,1,1
2016140113171,1,9,0,18,0,6,0,0,0,0,3,1,6,2,35,6,1594,1,14,1,1,1
2016140113171,2,9,0,18,0,1,0,0,0,0,1,1,1,1,51,8,1968,2,4,6,1,6
2016140113171,3,9,0,18,0,1,0,0,0,0,3,1,6,2,22,5,1396,1,13,7,1,7
2016140113198,1,9,0,3,0,0,0,0,0,0,2,1,1,1,76,11,3222,2,11,9,2,9
2016140113198,2,9,0,3,0,0,0,0,0,0,2,1,1,1,28,6,1968,2,-1,7,1,7
2016140113198,3,9,0,3,0,0,0,0,0,0,2,1,1,2,45,7,1360,1,9,9,2,9
2016140113198,4,21,1,4,0,0,0,0,0,0,4,1,1,1,57,9,12902,2,-1,5,2,5
2016140113198,5,9,0,18,0,0,0,0,0,0,1,1,1,1,44,7,1598,1,8,7,1,7
2016140113232,1,9,0,18,0,0,0,0,2,3,1,2,6,1,30,6,5000,1,5,1,1,1
2016140113255,1,9,0,7,0,6,0,0,0,0,1,1,6,1,59,9,1598,1,6,6,1,6
2016140113255,2,9,0,18,0,8,0,0,0,0,4,1,2,2,54,8,1995,2,5,6,1,6
2016140113267,1,98,0,18,0,0,0,0,0,0,2,1,6,3,-1,-1,-1,-1,-1,-1,-1,-1
2016140113323,1,21,0,18,0,0,0,0,0,0,3,1,1,1,33,6,12777,2,1,3,1,3
2016140113323,2,9,0,11,0,0,1,0,2,7,4,1,2,2,20,4,1422,2,13,5,1,5
2016140113332,1,97,0,18,0,8,0,0,0,0,3,1,6,1,56,9,-1,-1,-1,1,1,1
2016140113332,2,9,0,11,0,3,0,0,0,0,4,1,2,2,42,7,1796,1,8,8,1,8
2016140113343,1,3,0,4,0,3,0,0,0,0,1,1,6,1,19,4,124,1,2,1,1,1
2016140113396,1,90,0,18,0,0,0,0,0,0,1,1,1,1,57,9,2970,2,1,5,1,5
2016140113478,1,8,0,18,2,0,0,0,0,0,4,1,1,1,47,8,2499,2,7,2,1,2
2016140113522,1,9,0,3,0,0,0,0,0,0,2,1,2,1,24,5,1197,1,5,8,1,8
2016140113522,2,9,0,18,0,0,0,0,0,0,1,1,6,2,31,6,2967,2,-1,3,1,3
2016140113526,1,9,0,18,0,0,0,0,8,11,1,1,6,2,19,4,1242,1,2,4,1,4
2016140113538,1,9,0,18,0,0,0,0,7,4,1,1,1,1,21,5,1596,1,8,3,1,3
2016140113555,1,9,0,18,0,0,0,0,0,0,1,1,1,2,31,6,1596,1,4,5,1,5
2016140113555,2,9,0,18,0,0,0,0,0,0,1,1,6,1,73,10,1399,2,9,-1,-1,-1
2016140113555,3,9,0,18,0,0,0,0,0,0,3,1,6,2,31,6,1686,2,10,1,2,1
2016140113555,4,90,5,18,0,0,0,0,0,0,0,1,6,3,-1,-1,-1,-1,-1,-1,-1,-1
2016140113615,1,9,0,9,0,5,0,0,0,0,4,1,2,2,27,6,1242,1,7,1,2,1
2016140113615,2,1,0,18,0,1,0,0,0,0,1,1,6,1,-1,-1,-1,-1,-1,4,1,4
2016140113669,1,9,0,18,0,8,0,0,0,0,1,1,2,1,55,8,1969,2,-1,10,1,10
2016140113669,2,19,0,18,0,6,0,0,0,0,3,1,2,1,34,6,1998,2,15,4,1,4
2016140113678,1,9,0,4,0,1,0,0,0,0,1,1,6,2,20,4,996,1,3,2,1,2
2016140113686,1,9,0,4,0,0,0,0,0,0,2,1,1,1,46,8,2143,2,-1,9,3,9
2016140113686,2,9,0,18,0,0,0,0,0,0,1,1,1,1,32,6,1995,2,2,2,1,2
2016140113699,1,9,0,2,0,0,0,0,0,0,1,1,6,1,-1,-1,1910,2,12,1,1,1
2016140113699,2,9,0,4,0,0,0,4,0,0,1,1,6,3,-1,-1,1998,2,16,-1,-1,-1
2016140113699,3,9,0,4,0,0,0,0,0,0,0,1,1,1,40,7,1560,2,-1,-1,-1,-1
2016140113700,1,9,0,17,0,0,1,0,2,11,1,1,6,1,18,4,1368,1,7,7,1,7
2016140113707,1,9,0,3,0,0,0,0,0,0,2,1,6,1,37,7,1461,2,2,7,1,7
2016140113707,2,9,0,18,0,0,0,0,0,0,1,1,6,1,30,6,1598,1,10,8,1,8
2016140113959,1,9,0,5,9,5,0,0,0,0,3,1,6,1,87,11,1598,1,10,9,1,9
2016140113991,1,9,0,6,0,2,0,0,0,0,3,1,6,2,19,4,996,1,6,3,1,3
2016140113991,2,9,0,13,0,2,0,0,7,0,4,1,6,1,21,5,2000,2,12,1,1,1
2016140114176,1,9,0,9,0,6,0,0,0,0,3,1,2,1,33,6,998,1,15,1,1,1
2016140114176,2,5,0,18,0,8,0,0,0,0,1,1,6,1,53,8,659,1,5,1,1,1
2016140114233,1,9,0,17,0,0,1,0,0,0,1,1,6,1,20,4,1896,2,10,3,1,3
2016140114233,2,9,0,16,0,0,0,0,0,0,1,1,6,1,43,7,1399,2,13,1,1,1
2016140114497,1,9,0,18,0,1,0,0,0,0,1,1,6,1,21,5,1398,1,-1,5,1,5
2016140114497,2,9,0,18,0,6,0,0,0,0,4,1,1,1,57,9,1560,2,4,3,1,3
2016140114544,1,9,0,9,0,6,0,0,0,0,1,1,6,1,20,4,1598,2,3,2,1,2
2016140114544,2,9,0,18,0,1,0,0,0,0,1,1,6,1,41,7,1560,2,8,9,1,9
2016140114581,1,9,0,18,0,3,0,0,0,0,1,1,1,1,40,7,1149,1,10,3,1,3
2016140114581,2,-1,0,18,0,4,0,0,0,0,1,1,6,3,-1,-1,-1,-1,-1,-1,-1,-1
2016140114674,1,9,0,18,0,0,1,0,5,6,3,1,6,1,39,7,1995,2,2,8,1,8
2016140114706,1,11,0,3,0,0,0,0,0,0,3,1,1,1,61,9,5883,2,15,3,1,3
2016140114706,2,9,0,14,0,0,0,0,0,0,4,1,1,2,18,4,999,1,10,7,1,7
2016140114758,1,9,0,1,9,6,0,0,0,0,2,1,6,2,34,6,1991,2,9,6,2,6
2016140114758,2,1,0,18,9,8,0,0,0,0,1,1,6,1,11,3,-1,-1,-1,6,2,6
2016140114774,1,9,0,7,0,6,0,0,0,0,1,1,6,1,22,5,1198,1,14,1,1,1
2016140114892,1,9,0,13,0,2,0,0,0,0,1,1,6,2,29,6,1229,1,4,7,1,7
2016140114892,2,9,0,2,0,2,0,0,0,0,2,1,6,2,41,7,1461,2,6,7,1,7
2016140114928,1,9,0,4,0,0,0,7,0,0,1,1,6,1,20,4,1598,1,11,1,1,1
2016140114928,2,9,0,4,0,0,0,0,0,0,0,1,1,1,36,7,2993,2,-1,-1,-1,-1
2016140114928,3,9,0,4,0,0,0,0,0,0,1,1,1,1,36,7,1248,2,4,-1,-1,-1
2016140114932,1,9,0,18,6,0,0,0,7,0,1,1,1,1,52,8,1969,2,-1,7,1,7
2016140114932,2,9,0,18,6,0,0,0,1,0,1,1,2,2,43,7,1299,1,13,4,1,4
2016140114968,1,5,0,18,0,8,0,0,0,0,1,1,6,1,20,4,600,1,16,2,1,2
2016140114968,2,9,0,9,0,6,0,0,0,0,4,1,1,1,43,7,1968,2,5,1,1,1
2016140114988,1,9,0,18,0,6,1,0,1,0,3,1,6,1,31,6,1598,1,2,-1,-1,-1
2016140114988,2,9,0,18,0,8,0,0,1,0,4,1,6,2,56,9,1796,1,13,-1,-1,-1
2016140114992,1,9,0,5,0,5,0,0,0,0,1,1,6,2,23,5,1360,1,8,1,1,1
2016140114992,2,9,0,18,0,8,0,0,0,0,3,1,1,1,34,6,1910,2,8,1,1,1
2016140115000,1,9,0,18,0,0,0,0,7,11,1,1,6,1,23,5,2000,2,17,4,1,4
2016140115020,1,9,0,4,0,8,0,0,0,0,1,1,1,1,30,6,1560,2,12,1,1,1
2016140115020,2,98,0,4,0,8,0,0,0,0,2,1,1,1,22,5,-1,-1,-1,8,1,8
2016140115022,1,9,0,8,0,1,0,0,0,0,2,1,6,1,77,11,1798,8,1,5,1,5
2016140115022,2,19,0,5,0,1,0,0,0,0,1,1,1,1,29,6,2198,2,1,1,1,1
2016140115034,1,9,0,18,0,0,0,0,0,0,1,1,6,1,49,8,1598,1,6,1,1,1
2016140115054,1,9,0,4,0,1,1,7,4,2,1,1,2,1,34,6,1753,2,16,1,1,1
2016140115088,1,9,0,5,0,0,0,0,0,0,1,1,6,1,55,8,1910,2,11,4,1,4
2016140115088,2,3,0,18,0,0,0,0,0,0,1,1,6,1,41,7,124,1,11,4,1,4
2016140115109,1,9,0,5,0,6,0,0,0,0,1,1,6,1,37,7,998,1,16,5,1,5
2016140115109,2,1,0,18,4,8,0,0,0,0,1,1,6,1,29,6,-1,-1,-1,9,1,9
2016140115123,1,9,0,9,0,5,0,0,0,0,3,1,6,1,27,6,1956,2,6,1,1,1
2016140115123,2,9,0,18,0,8,1,0,7,0,4,1,6,1,46,8,2926,2,13,4,1,4
2016140115170,1,9,0,18,0,0,0,0,0,0,1,1,6,1,31,6,1590,1,14,1,1,1
2016140115170,2,9,5,18,0,0,0,0,0,0,3,1,6,1,55,8,1896,2,14,1,1,1
2016140115175,1,9,0,4,9,0,0,10,0,0,2,1,3,2,28,6,1390,1,13,1,1,1
2016140115194,1,9,0,16,0,0,1,0,7,2,1,1,6,1,43,7,2495,2,17,2,1,2
2016140115204,1,9,0,18,0,6,0,0,0,0,1,1,6,2,19,4,1198,1,13,1,1,1
2016140115204,2,9,0,18,0,8,0,0,0,0,4,1,2,1,31,6,1995,1,5,2,1,2
2016140115243,1,9,0,9,0,8,0,0,0,0,4,1,6,2,68,10,1999,1,10,5,1,5
2016140115243,2,21,1,18,0,8,0,0,0,0,1,1,1,2,35,6,10837,2,5,2,1,2
2016140115257,1,9,0,4,0,1,0,0,0,0,4,1,6,2,69,10,1390,1,10,4,1,4
2016140115257,2,9,0,12,0,1,0,0,0,0,3,1,6,3,-1,-1,-1,-1,-1,-1,-1,-1
2016140115292,1,9,0,3,0,4,0,0,0,0,2,1,6,2,36,7,999,1,1,-1,-1,-1
2016140115292,2,9,0,4,0,4,0,0,0,0,1,1,6,2,18,4,1229,1,9,2,1,2
2016140115321,1,9,0,5,0,0,0,0,0,0,2,1,6,1,17,4,1560,2,-1,9,1,9
2016140115321,2,9,0,5,0,0,0,0,0,0,1,1,6,2,-1,-1,1368,1,7,1,1,1
2016140115333,1,9,0,4,0,0,0,0,0,0,2,1,4,1,23,5,1560,2,4,7,3,7
2016140115333,2,9,0,18,0,0,0,0,0,0,1,1,4,1,-1,-1,-1,-1,-1,-1,-1,-1
2016140115340,1,19,0,1,0,0,0,0,0,0,2,1,1,1,56,9,2198,2,1,4,1,4
2016140115351,1,9,0,9,0,2,0,0,1,2,1,1,6,2,81,11,989,1,17,5,1,5
2016140115351,2,9,0,4,0,1,0,0,0,0,1,1,1,1,21,5,-1,-1,-1,6,1,6
2016140115413,1,9,0,18,0,0,0,0,0,0,1,1,6,2,45,7,1598,2,-1,6,1,6
2016140115413,2,19,0,18,0,0,0,0,0,0,1,1,6,3,-1,-1,2198,2,8,-1,-1,-1
2016140115439,1,1,0,18,0,0,0,0,0,0,3,1,4,1,14,3,-1,-1,-1,1,1,1
2016140115439,2,-1,0,18,0,0,0,0,0,0,1,1,6,3,-1,-1,-1,-1,-1,-1,-1,-1
2016140115482,1,9,0,7,0,6,0,0,0,0,1,1,6,1,45,7,2179,2,2,6,1,6
2016140115482,2,9,0,3,0,1,0,0,0,0,2,1,6,1,41,7,-1,-1,-1,2,1,2
2016140115505,1,9,0,9,0,5,0,0,0,0,3,1,6,1,50,8,1461,2,1,3,3,3
2016140115505,2,9,0,14,0,1,0,0,7,0,4,1,6,3,-1,-1,1994,1,15,-1,-1,-1
2016140115508,1,9,0,3,0,1,0,0,0,0,2,1,3,2,29,6,1968,2,8,1,1,1
2016140115508,2,9,0,18,0,1,0,0,0,0,1,1,6,2,28,6,1910,2,15,1,1,1
2016140115529,1,9,0,16,0,0,0,0,0,0,3,1,6,2,23,5,1560,2,4,8,1,8
2016140115529,2,98,0,17,0,0,0,0,0,0,3,1,6,3,-1,-1,-1,-1,-1,-1,-1,-1
2016140115552,1,9,0,18,0,5,0,0,0,0,1,1,6,1,39,7,1968,2,8,2,1,2
2016140115552,2,2,0,18,0,5,0,0,0,0,1,1,6,1,16,4,-1,-1,-1,3,1,3
2016140115560,1,9,0,18,0,4,0,0,0,0,1,1,1,1,64,9,2143,2,2,-1,3,-1
2016140115560,2,21,1,18,0,8,0,0,0,0,4,1,1,1,59,9,12777,2,7,9,1,9
2016140115625,1,9,0,9,0,3,1,0,7,0,1,1,6,1,25,5,1968,2,5,1,1,1
2016140115625,2,9,0,18,0,4,1,0,1,11,1,1,6,2,30,6,1396,1,15,7,1,7
2016140115625,3,9,0,18,0,3,0,0,0,0,3,1,6,1,51,8,2993,2,7,3,1,3
2016140115625,4,-1,0,9,0,3,0,0,0,0,0,1,6,3,-1,-1,-1,-1,-1,-1,-1,-1
2016140115631,1,9,0,18,0,1,0,0,0,0,3,1,6,2,21,5,1398,2,14,8,1,8
2016140115631,2,9,0,18,0,1,0,0,0,0,4,1,6,1,25,5,1995,2,6,4,2,4
2016140115634,1,1,0,18,0,0,0,0,0,0,3,1,6,1,36,7,-1,-1,-1,1,1,1
2016140115634,2,-1,0,13,0,0,0,0,0,0,4,1,6,3,-1,-1,-1,-1,-1,-1,-1,-1
2016140115661,1,9,0,18,0,0,0,0,0,0,1,1,6,2,24,5,1390,1,12,1,1,1
2016140115661,2,1,0,18,0,0,0,0,0,0,1,1,6,1,5,1,-1,-1,-1,-1,-1,-1
2016140115688,1,9,0,3,0,0,0,0,0,0,2,1,6,2,35,6,1956,2,1,7,1,7
2016140115688,2,3,0,18,0,0,1,0,0,0,1,1,6,1,19,4,124,1,9,4,1,4
2016140115688,3,9,0,9,0,0,0,0,0,0,0,1,6,2,66,10,2997,1,17,10,1,10
2016140115754,1,9,0,17,0,0,0,0,5,11,1,1,6,1,29,6,1988,1,14,2,1,2
2016140115770,1,9,0,9,0,8,0,0,0,0,1,1,6,1,-1,-1,1527,2,20,4,1,4
2016140115770,2,9,0,18,0,8,0,0,0,0,1,1,6,2,31,6,1364,2,10,5,1,5
2016140115773,1,9,0,1,0,0,0,0,0,0,2,1,1,1,25,5,-1,-1,-1,7,2,7
2016140115780,1,9,0,3,0,4,0,0,0,0,1,1,6,1,26,6,1229,1,4,6,1,6
2016140115780,2,9,0,16,0,4,0,0,0,0,2,1,6,1,67,10,1975,1,11,2,1,2
2016140115914,1,9,0,5,0,4,0,0,0,0,1,1,3,1,56,9,1598,1,11,3,1,3
2016140115914,2,1,0,7,0,3,0,0,0,0,2,1,2,1,53,8,-1,-1,-1,2,1,2
2016140115951,1,9,0,18,0,0,0,0,0,0,1,1,6,1,35,6,2477,2,14,2,1,2
2016140115951,2,22,0,18,0,0,2,0,0,0,3,1,6,1,69,10,-1,-1,-1,-1,-1,-1
2016140115975,1,3,0,15,0,0,0,0,0,0,3,1,6,1,18,4,98,1,27,5,1,5
2016140115975,2,1,0,18,0,0,0,0,0,0,1,1,6,1,17,4,-1,-1,-1,1,1,1
2016140115986,1,9,0,17,0,0,0,0,0,0,3,1,1,1,32,6,-1,-1,-1,1,1,1
2016140115986,2,9,0,16,0,0,0,0,0,0,3,1,1,1,57,9,-1,-1,-1,-1,-1,-1
2016140116021,1,9,0,9,0,8,0,0,0,0,3,1,2,2,30,6,1198,1,6,10,1,10
2016140116021,2,19,0,18,0,8,0,0,0,0,1,1,1,1,22,5,2148,2,11,3,1,3
2016140116039,1,9,0,5,0,6,0,0,0,0,3,1,6,2,63,9,2143,2,2,6,1,6
2016140116039,2,9,0,18,0,1,0,0,0,0,1,1,6,2,49,8,998,1,12,8,1,8
2016140116053,1,9,0,18,0,0,0,0,0,0,3,1,6,2,21,5,1198,1,12,2,1,2
2016140116065,1,9,0,18,0,0,1,0,1,1,1,1,2,1,19,4,1461,2,-1,1,1,1
2016140116066,1,9,0,18,0,0,0,0,1,0,4,1,6,1,17,4,1198,1,11,6,1,6
2016140116066,2,90,0,18,0,0,0,0,0,0,3,1,1,1,48,8,-1,-1,-1,-1,-1,-1
2016140116093,1,9,0,18,0,1,0,0,0,0,1,1,6,3,-1,-1,-1,-1,-1,-1,-1,-1
2016140116106,1,9,0,3,0,1,0,0,0,0,2,1,6,1,65,9,1968,2,7,5,2,5
2016140116106,2,9,0,5,0,1,0,0,0,0,1,1,6,1,43,7,1956,2,6,6,1,6
2016140116122,1,9,0,18,0,1,0,0,0,0,1,1,2,2,34,6,998,1,17,4,1,4
2016140116124,1,9,0,14,0,0,0,0,0,0,4,1,6,1,20,4,1968,2,9,1,1,1
2016140116124,2,9,0,18,0,0,0,0,0,0,3,1,6,1,57,9,1998,2,14,1,2,1
2016140116136,1,9,0,18,0,1,0,0,0,0,1,1,6,1,-1,-1,-1,-1,-1,-1,-1,-1
2016140116145,1,5,0,16,0,0,1,0,0,0,1,1,2,1,25,5,1298,1,16,9,2,9
2016140116145,2,98,0,17,0,0,0,0,0,0,1,1,1,1,49,8,-1,-1,-1,4,3,4
2016140116166,1,9,0,9,0,8,0,0,0,0,1,1,1,1,31,6,-1,-1,-1,-1,-1,-1
2016140116166,2,9,0,18,0,1,0,0,0,0,4,1,6,1,20,4,998,1,10,7,1,7
2016140116181,1,9,0,3,0,1,0,0,0,0,2,1,1,2,18,4,1108,1,11,6,1,6
2016140116181,2,9,0,3,0,1,0,0,0,0,2,1,6,1,69,10,999,1,-1,7,1,7
2016140116181,3,9,0,14,0,1,0,0,0,0,1,1,6,2,36,7,1560,2,6,7,1,7
2016140116310,1,9,0,18,0,0,1,0,1,0,3,2,1,1,40,7,1995,2,12,1,1,1
2016140116421,1,9,0,18,0,0,0,0,0,0,1,1,6,2,43,7,1390,1,4,2,1,2
2016140116490,1,9,0,18,0,0,0,0,0,0,2,1,6,2,49,8,1596,1,1,5,1,5
2016140116490,2,9,0,18,0,0,1,0,0,0,1,1,1,2,42,7,1248,2,2,5,1,5
2016140116543,1,9,0,5,0,1,0,0,0,0,4,1,6,1,40,7,1686,2,5,4,1,4
2016140116543,2,2,0,18,0,1,0,0,0,0,1,1,6,1,16,4,49,1,7,1,1,1
2016140116571,1,9,0,18,0,8,0,0,0,0,1,1,6,2,18,4,1149,1,14,-1,-1,-1
2016140116571,2,9,0,9,0,6,0,0,0,0,1,1,6,1,19,4,1149,1,10,3,1,3