Accident_Index,Vehicle_Reference,Vehicle_Type,Towing_and_Articulation,Vehicle_Manoeuvre,Vehicle_Location-Restricted_Lane,Junction_Location,Skidding_and_Overturning,Hit_Object_in_Carriageway,Vehicle_Leaving_Carriageway,Hit_Object_off_Carriageway,1st_Point_of_Impact,Was_Vehicle_Left_Hand_Drive?,Journey_Purpose_of_Driver,Sex_of_Driver,Age_of_Driver,Age_Band_of_Driver,Engine_Capacity_(CC),Propulsion_Code,Age_of_Vehicle,Driver_IMD_Decile,Driver_Home_Area_Type,Vehicle_IMD_Decile
2016140116663,1,9,0,18,0,1,0,0,0,0,1,1,2,1,55,8,1496,1,1,9,1,9
2016140116672,1,9,0,9,0,6,0,0,0,0,1,1,2,2,19,4,1390,1,12,1,1,1
2016140116672,2,19,0,18,0,8,0,0,0,0,4,1,2,1,65,9,1560,2,3,7,1,7
2016140116718,1,9,0,18,0,6,0,0,0,0,1,1,6,2,29,6,1364,1,9,4,1,4
2016140116718,2,9,0,18,0,8,0,0,7,10,4,1,6,1,21,5,1998,1,3,7,1,7
2016140116727,1,-1,0,18,0,0,0,0,0,0,1,1,6,3,-1,-1,-1,-1,-1,-1,-1,-1
2016140116767,1,9,0,17,0,0,1,0,0,0,1,1,6,1,18,4,1796,1,13,-1,-1,-1
2016140116767,2,9,0,18,0,0,1,0,1,0,1,1,6,2,32,6,1329,1,6,2,1,2
2016140116767,3,9,0,18,0,0,0,0,0,0,3,1,6,2,32,6,1364,1,3,8,1,8
2016140116938,1,9,0,9,0,5,0,0,0,0,4,1,6,1,27,6,1560,2,4,1,1,1
2016140116938,2,3,0,18,0,8,0,0,0,0,1,1,6,1,38,7,124,1,8,2,1,2
2016140117032,1,9,0,5,0,0,0,0,0,0,3,1,6,1,42,7,-1,-1,-1,8,2,8
2016140117032,2,9,0,18,0,0,0,0,0,0,1,1,1,2,49,8,1796,1,10,2,1,2
2016140117040,1,8,0,5,0,0,0,0,0,0,1,1,6,3,-1,-1,-1,-1,-1,-1,-1,-1
2016140117105,1,2,0,18,0,0,1,10,0,0,1,1,4,1,16,4,49,1,5,7,2,7
2016140117105,2,9,0,18,0,0,0,0,0,0,2,1,1,1,53,8,1753,2,8,3,2,3
2016140117144,1,9,0,16,0,0,0,0,0,0,1,1,2,2,22,5,1248,2,8,7,1,7
2016140117144,2,9,0,17,0,0,0,0,0,0,1,1,2,2,61,9,1975,1,8,3,1,3
2016140117164,1,8,0,18,0,1,0,0,0,0,1,1,6,1,41,7,1560,2,6,1,1,1
2016140117164,2,9,0,18,0,6,0,0,0,0,4,1,6,1,43,7,1686,2,12,4,1,4
2016140117174,1,9,0,3,0,0,0,0,0,0,2,1,6,2,20,4,1598,1,8,6,1,6
2016140117174,2,9,0,15,2,0,0,0,0,0,1,1,6,1,69,10,1248,1,6,1,1,1
2016140117205,1,9,0,4,0,0,0,0,0,0,2,1,6,2,32,6,998,1,18,2,1,2
2016140117205,2,19,0,4,0,0,0,0,0,0,1,1,1,1,18,4,1686,2,6,7,1,7
2016140117217,1,9,0,18,0,8,0,0,0,0,3,1,6,1,46,8,1796,1,8,9,1,9
2016140117217,2,9,0,9,0,6,0,0,0,0,3,1,6,2,46,8,-1,-1,-1,5,3,5
2016140117237,1,9,0,4,0,1,0,0,0,0,2,1,1,2,22,5,1149,1,15,2,1,2
2016140117237,2,9,0,4,0,1,0,0,0,0,1,1,6,3,-1,-1,-1,-1,-1,-1,-1,-1
2016140117255,1,11,0,18,0,2,0,0,0,0,0,1,6,1,40,7,4461,2,3,1,1,1
2016140117260,1,9,0,9,0,6,0,0,0,0,1,1,1,1,47,8,1598,2,5,3,1,3
2016140117260,2,19,0,17,0,8,0,0,1,0,1,1,6,1,30,6,1560,2,5,9,1,9
2016140117293,1,3,0,18,0,8,0,0,0,0,1,1,6,1,24,5,124,1,2,2,1,2
2016140117293,2,9,0,10,0,8,0,0,0,0,1,1,6,2,54,8,1560,2,3,9,1,9
2016140117294,1,9,0,5,0,6,0,0,0,0,4,1,6,2,83,11,1229,1,9,10,1,10
2016140117294,2,9,0,18,0,1,1,0,0,0,1,1,6,1,38,7,1560,2,10,3,1,3
2016140117294,3,9,0,3,0,1,0,0,0,0,1,1,6,1,32,6,1598,1,8,-1,-1,-1
2016140117318,1,19,0,2,0,0,0,0,0,0,2,1,6,3,-1,-1,2198,2,8,-1,-1,-1
2016140117318,2,9,0,16,0,0,0,4,0,0,1,1,6,1,22,5,1968,2,5,4,1,4
2016140117329,1,9,0,18,0,0,0,0,0,0,0,1,2,2,48,8,999,1,2,5,1,5
2016140117329,2,19,0,11,0,0,2,0,5,6,2,1,2,2,53,8,1995,2,9,-1,-1,-1
2016140117349,1,9,0,18,0,8,0,0,0,0,1,1,6,2,29,6,1968,2,9,2,1,2
2016140117349,2,9,0,18,0,6,0,0,0,0,4,1,1,1,42,7,-1,-1,-1,1,1,1
2016140117409,1,9,0,12,0,8,1,0,0,0,1,1,6,1,33,6,1998,1,11,-1,-1,-1
2016140117409,2,9,0,6,0,8,0,0,0,0,1,1,6,2,52,8,1598,1,9,-1,-1,-1
2016140117409,3,9,0,3,0,2,0,0,0,0,2,1,6,1,-1,-1,1753,2,14,3,1,3
2016140117409,4,9,0,3,0,2,0,0,0,0,3,1,6,1,51,8,2902,2,12,-1,-1,-1
2016140117409,5,9,0,2,0,2,0,0,0,0,3,1,6,1,-1,-1,1753,2,6,-1,-1,-1
2016140117419,1,21,1,12,0,0,0,0,0,0,1,1,1,1,45,7,12130,2,16,7,3,7
2016140117419,2,9,0,3,0,0,0,0,0,0,2,1,6,1,44,7,1197,1,2,2,1,2
2016140117419,3,9,0,3,0,0,0,0,0,0,2,1,6,1,37,7,1968,2,6,10,1,10
2016140117419,4,9,0,3,0,0,0,0,0,0,2,1,6,1,61,9,1598,2,-1,4,1,4
2016140117449,1,9,0,9,0,5,0,0,0,0,1,1,6,2,57,9,1598,1,15,1,1,1
2016140117449,2,1,0,18,2,1,0,0,0,0,1,1,2,2,26,6,-1,-1,-1,-1,-1,-1
2016140117474,1,9,0,18,0,8,0,0,0,0,2,1,1,1,34,6,2000,2,10,6,1,6
2016140117474,2,9,0,18,0,1,0,0,0,0,1,1,6,3,-1,-1,2495,2,14,-1,-1,-1
2016140117479,1,9,0,3,0,0,0,0,0,0,2,1,2,1,33,6,2460,2,11,4,1,4
2016140117479,2,9,0,4,0,0,0,0,0,0,1,1,6,1,-1,-1,-1,-1,-1,1,1,1
2016140117496,1,9,0,17,0,8,0,0,0,0,1,1,6,2,23,5,1461,2,10,7,3,7
2016140117496,2,9,0,16,0,8,1,0,0,0,2,1,6,2,49,8,1328,1,14,2,1,2
2016140117512,1,9,0,3,0,0,0,0,0,0,4,1,2,1,45,7,4999,1,6,10,1,10
2016140117512,2,1,0,18,0,0,0,8,0,0,1,1,3,1,39,7,-1,-1,-1,10,1,10
2016140117513,1,9,0,18,0,0,0,0,0,0,4,1,6,1,75,10,1364,2,7,1,1,1
2016140117563,1,3,0,18,0,1,1,0,0,0,4,1,1,1,47,8,123,1,-1,1,1,1
2016140117563,2,9,0,9,0,6,0,0,0,0,3,1,6,2,25,5,1499,2,1,6,1,6
2016140117661,1,9,0,18,0,0,0,0,0,0,1,1,6,2,61,9,1995,2,10,7,2,7
2016140117661,2,9,0,18,0,0,0,0,0,0,2,1,6,1,44,7,1461,2,4,2,1,2
2016140117731,1,9,0,18,0,0,0,4,0,0,1,1,6,1,21,5,1390,1,3,4,1,4
2016140117731,2,9,0,2,0,0,0,0,0,0,1,1,6,2,39,7,1400,2,10,7,1,7
2016140117750,1,9,0,3,0,8,0,0,0,0,2,1,1,1,62,9,1582,2,4,2,1,2
2016140117750,2,9,0,3,0,8,0,0,0,0,1,1,6,1,22,5,1388,1,13,7,1,7
2016140117786,1,9,0,18,0,8,0,0,0,0,3,1,6,1,30,6,1598,2,3,5,2,5
2016140117786,2,9,0,9,0,8,0,0,0,0,1,1,6,3,-1,-1,1360,1,10,-1,-1,-1
2016140117798,1,9,0,12,0,0,0,0,0,0,1,1,2,1,30,6,-1,-1,-1,1,1,1
2016140117798,2,9,0,3,0,0,0,0,0,0,2,1,6,1,27,6,1560,2,6,7,1,7
2016140117808,1,9,0,1,6,0,0,0,0,0,2,1,6,1,18,4,1229,1,3,1,1,1
2016140117856,1,8,0,4,0,0,0,0,0,0,3,1,6,1,-1,-1,-1,-1,-1,-1,-1,-1
2016140117856,2,1,0,14,0,0,0,0,0,0,1,1,2,1,38,7,-1,-1,-1,2,1,2
2016140117860,1,9,0,18,0,0,1,0,0,0,1,1,1,1,25,5,1598,2,1,3,1,3
2016140117860,2,9,0,2,0,0,0,0,0,0,1,1,6,2,50,8,1229,1,3,4,1,4
2016140117869,1,9,0,3,0,0,0,0,0,0,2,1,6,2,44,7,1799,1,8,1,1,1
2016140117869,2,9,0,11,0,0,0,0,0,0,1,1,6,2,28,6,1339,1,4,6,1,6
2016140117872,1,9,0,18,0,8,0,0,0,0,1,1,6,1,26,6,1598,1,3,5,1,5
2016140117872,2,9,0,9,0,8,0,0,0,0,2,1,6,2,20,4,1198,1,11,3,1,3
2016140117879,1,9,0,9,0,1,0,0,0,0,3,1,1,2,44,7,998,1,5,3,1,3
2016140117879,2,9,0,14,0,1,0,0,0,0,1,1,6,2,60,9,2495,2,11,8,3,8
2016140117911,1,98,0,5,0,1,1,0,0,0,1,1,1,1,29,6,-1,-1,-1,8,1,8
2016140117911,2,5,0,5,0,1,0,0,0,0,2,1,1,1,56,9,1157,1,15,6,1,6
2016140117930,1,9,0,7,0,6,0,0,0,0,1,1,1,2,20,4,1360,1,13,7,2,7
2016140117930,2,3,0,18,0,8,0,0,0,0,3,1,1,1,22,5,125,1,3,3,2,3
2016140117941,1,9,0,7,0,5,0,0,7,0,1,1,6,1,14,3,1595,1,16,1,1,1
2016140117943,1,9,0,7,0,6,0,0,0,0,1,1,6,2,21,5,1390,1,9,1,1,1
2016140117943,2,1,0,18,0,1,0,0,0,0,1,1,6,1,21,5,-1,-1,-1,2,1,2
2016140117952,1,9,0,10,0,8,0,0,0,0,2,1,1,2,61,9,1198,1,4,9,1,9
2016140117952,2,9,0,3,0,1,0,0,0,0,2,1,2,2,-1,-1,1956,2,1,6,1,6
2016140117952,3,98,4,18,0,1,1,0,0,0,1,1,1,1,23,5,-1,-1,-1,6,3,6
2016140117961,1,9,0,3,0,1,0,0,0,0,2,1,6,1,46,8,1997,2,15,4,1,4
2016140117961,2,9,0,3,0,1,0,0,0,0,1,1,6,1,70,10,999,1,1,8,1,8
2016140117965,1,9,0,3,0,4,0,0,0,0,2,1,6,2,23,5,-1,-1,-1,3,1,3
2016140117965,2,9,0,4,0,1,0,0,0,0,1,1,6,1,49,8,1498,1,1,10,1,10
2016140117983,1,9,0,3,0,1,0,0,0,0,2,1,6,2,29,6,1242,1,4,9,2,9
2016140117983,2,9,0,18,0,1,0,0,0,0,1,1,6,2,54,8,1388,1,11,7,1,7
2016140117990,1,1,0,18,0,8,0,0,0,0,1,1,6,1,35,6,-1,-1,-1,7,1,7
2016140117990,2,9,0,4,0,6,0,0,0,0,1,1,1,2,50,8,1597,1,13,6,3,6
2016140118091,1,4,0,17,0,0,0,0,0,0,1,1,6,1,25,5,-1,-1,-1,1,1,1
2016140118091,2,9,0,16,0,0,0,0,0,0,1,1,6,2,48,8,1753,2,10,1,1,1
2016140118091,3,9,0,2,0,0,0,0,0,0,1,1,2,2,39,7,1799,1,7,7,2,7
2016140118125,1,9,0,9,0,1,0,0,0,0,1,1,6,2,52,8,1584,1,10,1,1,1
2016140118125,2,9,0,13,0,1,0,0,0,0,1,1,6,1,23,5,1753,2,10,1,2,1
2016140118177,1,9,0,9,0,4,0,0,0,0,1,1,6,1,51,8,1910,2,9,1,1,1
2016140118177,2,1,0,9,0,3,0,0,0,0,4,1,6,2,43,7,-1,-1,-1,10,1,10
2016140118204,1,9,3,11,0,0,0,0,0,0,4,1,6,1,48,8,2688,2,14,-1,-1,-1
2016140118204,2,9,0,18,0,0,0,0,0,0,3,1,6,1,70,10,1970,1,13,1,1,1
2016140118245,1,4,0,18,0,0,1,0,0,0,3,1,2,1,51,8,-1,-1,-1,8,1,8
2016140118245,2,9,0,18,0,0,0,0,0,0,1,1,6,1,-1,-1,1598,1,2,-1,-1,-1
2016140118287,1,5,0,16,0,0,0,0,0,0,1,1,6,2,56,9,649,1,2,-1,-1,-1
2016140118287,2,90,1,18,0,0,3,0,0,0,1,1,6,1,46,8,-1,-1,-1,2,1,2
2016140118290,1,9,0,18,0,0,0,0,0,0,2,1,6,1,49,8,-1,-1,-1,9,1,9
2016140118290,2,19,0,18,0,0,0,0,0,0,1,1,6,1,47,8,1686,2,9,3,1,3
2016140118395,1,9,0,18,0,1,0,0,0,0,1,1,2,2,42,7,999,1,1,8,1,8
2016140118395,2,9,0,7,0,8,0,0,0,0,1,1,6,3,20,4,1850,1,17,-1,-1,-1
2016140118409,1,9,0,18,0,8,0,0,0,0,3,1,2,2,27,6,1108,1,15,7,1,7
2016140118409,2,9,0,18,0,8,0,0,0,0,4,1,6,1,26,6,-1,-1,-1,9,1,9
2016140118588,1,9,0,5,0,0,0,0,0,0,1,1,6,2,34,6,1242,1,7,2,1,2
2016140118723,1,9,0,18,0,0,0,10,0,0,1,1,6,1,46,8,-1,-1,-1,2,1,2
2016140118723,2,9,0,2,0,0,0,4,0,0,2,1,6,2,60,9,1388,1,13,2,1,2
2016140118723,3,9,0,2,0,0,0,4,0,0,2,1,6,2,66,10,1242,1,3,-1,-1,-1
2016140118758,1,97,0,18,9,0,0,0,0,0,1,1,6,1,18,4,-1,-1,-1,5,1,5
2016140118784,1,9,0,9,0,8,0,0,0,0,3,1,6,1,30,6,1798,1,10,-1,-1,-1
2016140118784,2,1,0,18,0,8,1,0,0,0,1,1,6,1,33,6,-1,-1,-1,2,1,2
2016140118844,1,9,0,18,0,2,0,0,0,0,3,1,2,1,52,8,2498,1,16,1,1,1
2016140119086,1,9,0,4,0,0,0,0,0,0,2,1,6,1,27,6,-1,-1,-1,-1,-1,-1
2016140119086,2,9,0,18,0,0,0,0,0,0,1,1,6,2,30,6,1995,2,-1,-1,-1,-1
2016140119157,1,9,0,9,0,1,0,0,1,0,3,1,6,2,64,9,995,1,9,1,1,1
2016140119157,2,97,0,13,0,1,0,0,0,0,1,1,6,1,-1,-1,-1,-1,-1,-1,-1,-1
2016140119233,1,9,0,18,0,1,0,10,0,0,1,1,6,3,-1,-1,1995,1,14,-1,-1,-1
2016140119233,2,9,0,3,0,1,0,0,0,0,2,1,2,1,50,8,-1,-1,-1,8,1,8
2016140119233,3,9,0,3,0,1,0,0,0,0,2,1,6,1,47,8,2495,2,21,8,3,8
2016140119266,1,19,0,4,0,0,0,0,0,0,2,1,1,1,34,6,2143,2,2,2,1,2
2016140119266,2,10,0,4,0,0,0,0,0,0,2,1,1,2,44,7,2198,2,3,3,1,3
2016140119266,3,21,0,4,0,0,0,0,0,0,1,1,1,1,28,6,10837,2,5,2,1,2
2016140119349,1,9,0,4,0,1,0,0,0,0,1,1,6,1,18,4,973,1,16,8,1,8
2016140119349,2,9,0,3,0,1,0,0,0,0,2,1,6,2,29,6,1149,1,13,7,1,7
2016140119352,1,3,0,18,0,1,0,0,0,0,1,1,2,1,20,4,125,1,3,5,3,5
2016140119352,2,9,0,9,0,6,0,0,0,0,1,1,1,1,60,9,-1,-1,-1,-1,-1,-1
2016140119353,1,9,0,9,0,5,0,0,0,0,1,1,2,2,38,7,1783,1,14,1,1,1
2016140119353,2,5,0,18,0,1,0,0,0,0,1,1,2,1,48,8,1250,1,11,1,1,1
2016140119684,1,9,0,17,0,8,0,0,0,0,3,1,6,1,19,4,1242,1,1,-1,-1,-1
2016140119684,2,9,0,5,0,6,0,0,0,0,3,1,6,1,20,4,1796,1,11,7,1,7
2016140119719,1,9,0,3,0,1,0,0,0,0,2,1,6,2,51,8,1598,1,5,2,3,2
2016140119719,2,9,0,18,0,1,0,0,0,0,2,1,6,1,35,6,1796,1,10,5,2,5
2016140119719,3,9,0,18,0,1,1,0,0,0,1,1,6,2,32,6,1997,2,2,4,1,4
2016140119737,1,-1,0,5,9,0,0,0,0,0,4,1,6,3,-1,-1,-1,-1,-1,-1,-1,-1
2016140119737,2,1,0,18,9,0,0,0,0,0,0,1,6,1,14,3,-1,-1,-1,5,1,5
2016140119787,1,9,0,4,0,0,0,0,0,0,1,1,6,1,45,7,1997,2,11,1,1,1
2016140120139,1,21,1,16,0,0,1,0,0,0,1,1,1,1,34,6,12777,2,1,2,1,2
2016140120139,2,19,0,17,0,0,1,0,0,0,1,1,6,1,37,7,2179,2,13,2,1,2
2016140120412,1,9,0,3,0,0,0,0,0,0,0,1,6,2,29,6,1598,1,2,-1,-1,-1
2016140120412,2,9,0,18,0,0,0,0,0,0,1,1,6,3,-1,-1,1396,1,12,-1,-1,-1
2016140120488,1,9,0,17,0,0,2,0,1,0,1,1,6,1,18,4,1364,1,7,-1,-1,-1
2016140120532,1,9,0,17,0,1,0,0,0,0,1,1,1,1,44,7,1596,1,7,-1,-1,-1
2016140120532,2,9,0,16,0,2,0,0,0,0,1,1,1,2,32,6,1390,1,8,-1,-1,-1
2016140120576,1,9,0,18,0,0,0,0,1,0,1,1,1,1,20,4,1753,2,14,3,1,3
2016140120576,2,9,0,4,0,0,0,0,0,0,3,1,1,1,30,6,1986,2,10,7,3,7
2016140120576,3,9,0,14,0,0,0,0,7,0,1,1,1,1,21,5,-1,-1,-1,-1,-1,-1
2016140120591,1,9,0,18,0,8,0,0,0,0,4,1,6,1,20,4,1995,2,5,4,1,4
2016140120591,2,9,0,3,0,4,0,0,0,0,1,1,6,1,56,9,1124,1,15,4,1,4
2016140120596,1,9,0,3,0,1,0,0,0,0,2,1,6,1,34,6,1900,2,12,1,1,1
2016140120596,2,9,0,3,0,1,0,0,0,0,2,1,6,2,22,5,1598,1,9,2,1,2
2016140120596,3,9,0,4,0,1,1,0,0,0,1,1,6,1,31,6,2148,2,14,4,1,4
2016140120597,1,9,0,18,0,8,0,0,0,0,4,1,6,1,80,11,1124,1,14,1,1,1
2016140120831,1,9,0,18,0,0,0,0,0,0,3,1,6,2,33,6,1596,1,9,10,1,10
2016140120843,1,9,0,9,0,5,0,0,0,0,4,1,2,2,25,5,-1,-1,-1,4,2,4
2016140120843,2,1,0,18,0,8,0,0,0,0,1,1,2,1,22,5,-1,-1,-1,9,1,9
2016140120866,1,9,0,16,0,0,1,10,1,11,4,1,2,2,32,6,1149,1,12,3,1,3
2016140120931,1,9,0,10,0,8,0,0,0,0,2,1,2,2,27,6,1149,1,8,3,1,3
2016140120931,2,9,0,18,0,1,0,0,0,0,1,1,1,2,32,6,2720,2,10,3,1,3
2016140120945,1,9,0,4,0,8,0,0,0,0,1,1,6,2,44,7,1997,1,13,4,1,4
2016140120945,2,9,0,17,0,8,0,0,0,0,3,1,6,2,39,7,998,1,3,6,3,6
2016140120980,1,9,0,18,0,1,1,0,0,0,4,1,2,2,24,5,1390,1,12,5,1,5
2016140120980,2,9,0,9,0,6,0,0,0,0,1,1,2,2,32,6,1242,1,6,5,1,5
2016140120991,1,9,0,7,0,6,0,0,0,0,3,1,6,1,44,7,1951,2,11,3,1,3
2016140120991,2,1,0,18,0,8,0,0,0,0,4,1,1,2,51,8,-1,-1,-1,6,1,6
2016140121087,1,9,0,16,0,0,0,0,0,0,1,1,6,2,17,4,1199,2,5,5,2,5
2016140121115,1,9,0,10,0,6,0,0,0,0,1,1,2,1,43,7,1968,2,4,-1,-1,-1
2016140121115,2,1,0,18,0,8,0,0,0,0,1,1,6,1,26,6,-1,-1,-1,1,1,1
2016140121160,1,9,0,4,9,0,0,0,0,0,4,1,6,1,39,7,1968,2,4,-1,-1,-1
2016140121169,1,9,0,4,0,8,0,0,0,0,2,1,1,2,33,6,1339,8,4,8,1,8
2016140121169,2,21,1,18,0,8,0,0,0,0,1,1,1,1,50,8,16400,2,2,-1,-1,-1
2016140121394,1,9,0,18,0,2,0,0,0,0,1,1,6,2,32,6,2993,2,7,6,1,6
2016140121394,2,9,0,18,0,1,0,0,0,0,4,1,6,3,-1,-1,1499,2,2,-1,-1,-1
2016140121450,1,9,0,9,0,8,0,0,0,0,4,1,6,2,50,8,1997,1,4,2,2,2
2016140121456,1,9,0,7,0,8,0,0,0,0,1,1,1,1,25,5,1975,1,10,4,1,4
2016140121500,1,9,0,18,0,1,0,0,0,0,4,1,6,1,65,9,1560,2,1,1,1,1
2016140121500,2,19,0,5,0,6,0,0,0,0,1,1,6,1,26,6,1560,2,1,3,1,3
2016140121547,1,9,0,9,0,5,1,0,0,0,1,1,6,2,51,8,1124,1,13,6,1,6
2016140121547,2,9,0,18,0,1,1,6,0,0,1,1,6,1,35,6,-1,3,3,6,1,6
2016140121622,1,19,0,9,0,4,0,0,0,0,1,1,1,1,56,9,1248,2,11,6,1,6
2016140121622,2,1,0,18,0,3,0,0,0,0,4,1,2,1,35,6,-1,-1,-1,3,1,3
2016140121636,1,9,0,18,0,8,0,0,0,0,3,1,6,1,74,10,1560,2,1,5,1,5
2016140121636,2,9,0,9,0,8,0,0,0,0,4,1,6,1,24,5,1968,2,11,3,1,3
2016140121663,1,-1,0,7,0,1,0,0,0,0,4,1,6,3,-1,-1,-1,-1,-1,-1,-1,-1
2016140121680,1,9,0,18,0,1,0,0,0,0,1,1,6,2,50,8,1598,1,5,8,2,8
2016140121680,2,9,0,3,0,1,0,0,0,0,2,1,6,1,41,7,1956,2,6,8,1,8
2016140121680,3,9,0,3,0,1,0,0,0,0,2,1,6,1,53,8,1997,2,8,2,1,2
2016140121683,1,19,0,18,0,1,0,0,1,0,1,1,6,1,48,8,2143,2,2,7,1,7
2016140121683,2,9,0,9,0,1,0,0,0,0,1,1,6,2,24,5,996,1,3,6,1,6
2016140121683,3,9,0,18,0,2,0,0,0,0,1,1,6,1,30,6,1968,2,3,4,1,4
2016140121686,1,9,0,18,0,2,1,0,0,0,1,1,2,1,57,9,1242,1,1,1,1,1
2016140121686,2,9,0,18,0,1,1,0,0,0,1,1,6,1,51,8,1587,1,11,10,1,10
2016140121807,1,8,0,18,0,2,0,0,0,0,1,1,1,1,39,7,1995,2,5,2,1,2
2016140121839,1,9,0,17,0,1,0,0,1,4,1,1,6,1,17,4,1390,1,10,10,1,10
2016140121894,1,9,0,16,0,0,1,0,1,11,4,1,6,1,19,4,1991,1,16,10,1,10
2016140121898,1,11,0,4,0,0,0,0,0,0,0,1,1,2,49,8,6700,2,-1,1,1,1
2016140121975,1,1,0,17,0,8,0,0,7,0,2,1,1,1,20,4,-1,-1,-1,4,1,4
2016140121975,2,9,0,7,0,6,0,0,0,0,1,1,6,3,-1,-1,-1,-1,-1,-1,-1,-1
2016140121998,1,9,0,3,0,0,0,0,0,0,2,1,6,2,38,7,1896,2,10,6,1,6
2016140121998,2,9,0,4,0,0,0,0,0,0,1,1,6,2,56,9,1349,1,6,7,1,7
2016140122025,1,9,0,18,0,6,0,0,0,0,3,1,6,1,-1,-1,-1,-1,-1,-1,-1,-1
2016140122078,1,21,1,11,0,0,0,0,0,0,1,1,1,1,61,9,12900,2,6,6,3,6
2016140122078,2,9,0,18,0,0,1,0,0,0,3,1,6,1,27,6,1686,2,9,2,1,2
2016140122084,1,9,0,1,9,5,0,0,0,0,4,1,6,1,66,10,1248,1,7,1,1,1
2016140122084,2,90,0,5,9,0,0,0,0,0,4,1,4,1,14,3,-1,-1,-1,3,1,3
2016140122085,1,9,0,18,0,1,0,0,0,0,1,1,6,1,32,6,2170,2,11,4,1,4
2016140122085,2,9,0,3,0,1,0,0,0,0,2,1,6,2,33,6,1461,2,7,7,1,7
2016140122088,1,9,0,7,0,8,0,0,0,0,1,1,2,1,38,7,1896,2,8,5,1,5
2016140122088,2,1,0,9,0,8,0,0,0,0,1,1,6,1,21,5,-1,-1,-1,8,1,8
2016140122100,1,8,0,18,0,1,0,0,0,0,1,1,1,1,26,6,-1,-1,-1,2,1,2
2016140122100,2,9,0,5,0,6,2,0,7,0,1,1,6,1,27,6,2000,1,12,1,1,1
2016140122105,1,9,0,2,0,0,0,0,0,0,1,1,6,2,26,6,1364,1,8,1,1,1
2016140122105,2,19,0,1,0,0,0,0,0,0,2,1,6,1,-1,-1,2402,2,4,-1,-1,-1
2016140122168,1,11,0,17,0,8,0,0,0,0,1,1,1,1,38,7,10000,2,25,4,1,4
2016140122176,1,9,0,18,0,1,0,0,0,0,1,1,2,1,27,6,1798,1,6,4,1,4
2016140122195,1,9,0,3,0,1,0,0,0,0,2,1,6,1,50,8,1769,1,13,9,1,9
2016140122195,2,9,0,18,0,1,0,0,0,0,1,1,6,1,-1,-1,1149,1,14,-1,-1,-1
2016140122205,1,11,0,5,0,0,0,0,0,0,1,1,1,1,43,7,6696,2,2,3,1,3
2016140122207,1,9,0,18,0,1,0,0,1,0,1,1,1,1,26,6,1248,2,3,5,1,5
2016140122207,2,9,0,18,0,2,0,0,1,0,2,1,1,1,63,9,1598,2,2,5,1,5
2016140122208,1,9,0,17,0,0,0,0,0,0,1,1,6,2,20,4,1198,1,3,5,1,5
2016140122208,2,10,0,16,0,0,0,0,0,0,1,1,1,1,33,6,-1,-1,-1,2,1,2
2016140122210,1,9,0,18,0,8,0,0,0,0,3,1,6,2,37,7,1584,1,12,1,1,1
2016140122210,2,1,0,15,0,8,0,0,0,0,1,1,1,1,-1,-1,-1,-1,-1,-1,-1,-1
2016140122290,1,20,0,18,0,4,0,0,0,0,1,1,2,1,49,8,3920,2,2,8,3,8
2016140122290,2,9,0,9,0,3,0,0,0,0,2,1,2,2,24,5,1587,1,14,1,2,1
2016140122314,1,9,0,14,0,1,0,0,0,0,1,1,6,2,36,7,1598,2,3,6,1,6
2016140122314,2,9,0,18,0,2,0,0,0,0,1,1,6,1,49,8,1995,2,3,-1,-1,-1
2016140122328,1,9,0,7,0,1,0,0,0,0,1,1,6,2,29,6,2179,2,11,1,1,1
2016140122328,2,9,0,18,0,1,0,0,0,0,1,1,6,2,20,4,1299,1,14,4,1,4
2016140122344,1,9,0,10,0,1,0,0,0,0,2,1,6,2,52,8,1598,1,2,10,1,10
2016140122344,2,9,0,18,0,1,0,0,0,0,1,1,6,1,-1,-1,1995,2,3,9,3,9
2016140122346,1,9,0,9,0,6,0,0,0,0,3,1,6,1,85,11,2191,2,3,7,2,7
2016140122346,2,9,0,18,0,1,0,0,0,0,1,1,2,2,56,9,1461,2,-1,7,3,7
2016140122352,1,9,0,18,0,1,0,0,0,0,4,1,6,2,66,10,2143,2,2,6,1,6
2016140122458,1,11,0,5,0,0,0,0,0,0,0,1,1,1,61,9,9360,2,9,7,1,7
2016140122503,1,21,5,5,0,0,5,0,0,0,4,1,6,1,45,7,12580,2,10,5,1,5
2016140122525,1,9,0,7,9,6,0,0,0,0,3,1,6,1,-1,-1,-1,-1,-1,-1,-1,-1
2016140122535,1,9,0,12,0,0,0,0,0,0,3,1,2,1,27,6,1229,1,10,2,1,2
2016140122535,2,9,0,14,0,0,0,0,0,0,4,1,1,1,21,5,1149,1,12,7,1,7
2016140122548,1,9,0,3,0,8,0,0,0,0,2,1,6,2,34,6,2148,2,8,3,1,3
2016140122548,2,9,0,3,0,8,0,0,0,0,1,1,6,2,32,6,1997,2,7,3,2,3
2016140122561,1,9,0,4,0,0,0,0,0,0,2,1,6,1,48,8,1461,2,3,5,1,5
2016140122561,2,9,0,18,0,0,0,0,0,0,1,1,2,1,29,6,1596,1,7,3,1,3