Accident_Index,Vehicle_Reference,Vehicle_Type,Towing_and_Articulation,Vehicle_Manoeuvre,Vehicle_Location-Restricted_Lane,Junction_Location,Skidding_and_Overturning,Hit_Object_in_Carriageway,Vehicle_Leaving_Carriageway,Hit_Object_off_Carriageway,1st_Point_of_Impact,Was_Vehicle_Left_Hand_Drive?,Journey_Purpose_of_Driver,Sex_of_Driver,Age_of_Driver,Age_Band_of_Driver,Engine_Capacity_(CC),Propulsion_Code,Age_of_Vehicle,Driver_IMD_Decile,Driver_Home_Area_Type,Vehicle_IMD_Decile
2016140122561,3,90,0,18,0,0,0,0,0,0,0,1,6,3,-1,-1,-1,-1,-1,-1,-1,-1
2016140122576,1,3,0,18,0,0,0,0,0,0,1,1,6,1,23,5,125,1,-1,2,1,2
2016140122576,2,9,0,6,0,0,0,0,0,0,3,1,6,1,49,8,1686,2,15,1,1,1
2016140122593,1,9,0,18,0,2,0,0,0,0,1,1,6,1,-1,-1,1242,1,17,4,1,4
2016140122596,1,9,0,18,0,8,0,0,0,0,4,1,6,1,24,5,1997,2,13,4,3,4
2016140122597,1,9,0,13,0,0,0,0,0,0,1,1,2,1,28,6,1998,1,14,1,1,1
2016140122597,2,9,0,18,0,0,0,0,0,0,1,1,6,2,21,5,1149,1,10,4,1,4
2016140122609,1,9,0,18,0,8,1,0,0,0,1,1,2,1,56,9,1360,1,9,1,1,1
2016140122609,2,9,0,18,0,8,5,0,1,0,3,1,6,1,35,6,1598,1,5,1,1,1
2016140122625,1,9,0,18,0,1,0,0,0,0,1,1,6,1,19,4,1364,1,8,3,1,3
2016140122630,1,9,0,13,0,0,0,0,0,0,4,1,6,1,58,9,1598,1,15,8,1,8
2016140122664,1,9,0,16,0,0,0,0,0,0,1,1,6,3,-1,-1,1910,2,11,-1,-1,-1
2016140122677,1,17,5,18,0,0,1,0,0,0,3,1,1,1,21,5,-1,-1,-1,9,3,9
2016140122677,2,1,0,18,0,0,0,0,0,0,3,1,6,2,66,10,-1,-1,-1,7,3,7
2016140122699,1,9,0,7,0,5,1,0,0,0,2,1,6,1,39,7,1299,1,15,1,1,1
2016140122699,2,9,0,18,0,1,0,0,0,0,1,1,6,2,29,6,1796,1,9,2,1,2
2016140122859,1,9,0,18,0,8,0,0,0,0,3,1,6,1,29,6,1560,2,4,1,1,1
2016140122859,2,9,0,10,0,8,0,0,0,0,1,1,1,2,19,4,998,1,10,1,1,1
2016140122907,1,9,0,18,0,1,0,0,0,0,1,1,6,1,74,10,1560,2,11,6,1,6
2016140122926,1,98,0,2,0,0,0,0,0,0,4,1,6,3,-1,-1,-1,-1,-1,-1,-1,-1
2016140122926,2,19,0,2,0,0,0,0,0,0,3,1,6,1,27,6,2143,2,4,1,1,1
2016140122973,1,9,0,2,0,0,0,0,0,0,1,1,6,1,30,6,1998,2,12,7,1,7
2016140123010,1,9,0,9,0,5,0,0,0,0,3,1,1,2,61,9,1242,1,6,1,1,1
2016140123023,1,5,0,5,0,8,0,0,0,0,1,1,6,1,64,9,798,1,-1,4,1,4
2016140123023,2,9,0,4,0,8,0,0,0,0,2,1,6,2,-1,-1,1796,1,7,3,1,3
2016140123023,3,9,0,18,0,8,0,0,0,0,0,1,6,1,-1,-1,1200,1,4,1,1,1
2016140123032,1,1,0,4,1,2,0,0,0,0,3,1,2,1,51,8,-1,-1,-1,10,1,10
2016140123032,2,9,0,13,1,2,0,0,0,0,4,1,2,1,20,4,1199,2,3,2,1,2
2016140123039,1,1,0,15,4,1,0,0,0,0,3,1,2,1,24,5,-1,-1,-1,1,1,1
2016140123039,2,9,0,4,0,1,0,0,0,0,4,1,6,3,-1,-1,1596,1,12,-1,-1,-1
2016140123073,1,9,0,18,0,8,0,0,7,0,3,1,1,2,59,9,1968,2,5,8,1,8
2016140123073,2,11,0,18,2,8,0,0,0,0,1,1,1,1,41,7,3900,2,10,2,1,2
2016140123080,1,98,0,18,0,2,0,0,0,0,4,1,6,1,49,8,-1,-1,-1,6,1,6
2016140123223,1,9,0,18,0,1,0,0,0,0,1,1,1,1,49,8,2982,2,1,7,1,7
2016140123302,1,3,0,18,0,8,0,0,0,0,1,1,6,1,20,4,96,1,5,10,1,10
2016140123302,2,9,0,18,0,8,0,0,0,0,1,1,6,3,-1,-1,1968,2,3,-1,-1,-1
2016140123339,1,9,0,18,0,0,0,0,0,0,3,1,6,3,-1,-1,-1,-1,-1,-1,-1,-1
2016140123423,1,9,0,18,0,1,0,0,0,0,1,1,6,2,18,4,1390,1,12,2,1,2
2016140123556,1,9,0,4,0,2,0,0,0,0,3,1,6,2,27,6,1242,1,6,1,1,1
2016140123556,2,90,0,18,0,2,0,0,0,0,1,1,6,1,11,3,-1,-1,-1,1,1,1
2016140123631,1,9,0,4,0,0,0,0,0,0,2,1,2,1,42,7,698,1,11,1,1,1
2016140123631,2,9,0,18,0,0,0,0,0,0,1,1,3,1,33,6,1686,2,4,5,1,5
2016140123670,1,9,0,18,0,1,0,0,0,0,1,1,6,1,44,7,1910,2,9,4,1,4
2016140123670,2,9,0,9,0,6,0,0,0,0,1,1,6,1,49,8,1997,2,8,9,2,9
2016140123738,1,-1,0,15,0,0,0,0,0,0,1,1,6,3,-1,-1,-1,-1,-1,-1,-1,-1
2016140123738,2,9,0,6,0,0,0,0,0,0,2,1,6,1,53,8,1560,2,7,1,1,1
2016140123995,1,9,0,5,0,0,0,0,0,0,0,1,6,2,36,7,1799,1,9,1,1,1
2016140124001,1,9,0,18,0,0,0,0,0,0,4,1,6,2,42,7,1598,1,10,4,1,4
2016140124069,1,9,0,18,0,1,0,7,0,0,1,1,6,1,25,5,4701,1,17,2,1,2
2016140124069,2,9,0,18,0,1,0,0,0,0,0,1,1,1,36,7,2993,2,4,1,1,1
2016140124069,3,9,0,18,0,8,0,0,0,0,1,1,1,1,45,7,1995,2,1,4,1,4
2016140124087,1,9,0,4,0,0,0,0,0,0,2,1,6,2,42,7,1686,2,3,-1,-1,-1
2016140124087,2,19,0,18,0,0,0,0,0,0,1,1,2,1,45,7,2982,2,6,4,2,4
2016140124113,1,2,0,18,1,0,1,0,1,0,1,1,6,1,68,10,49,1,2,4,1,4
2016140124119,1,9,0,4,0,0,0,0,0,0,1,1,6,2,21,5,1598,1,10,9,1,9
2016140124119,2,9,0,4,0,0,0,0,0,0,2,1,6,2,47,8,875,1,-1,10,1,10
2016140124119,3,9,0,3,0,0,0,0,0,0,2,1,6,1,42,7,1969,2,1,-1,-1,-1
2016140124207,1,9,0,18,0,3,0,0,0,0,1,1,1,2,55,8,1296,1,8,4,1,4
2016140124207,2,20,0,11,0,3,0,0,0,0,1,1,1,1,44,7,-1,-1,-1,1,1,1
2016140124239,1,9,0,18,0,0,0,0,0,0,1,1,6,2,20,4,1598,2,3,2,1,2
2016140124239,2,9,0,12,0,0,0,0,0,0,1,1,6,3,-1,-1,1995,2,10,-1,-1,-1
2016140124263,1,9,0,5,0,0,0,0,0,0,1,1,2,2,57,9,998,1,10,4,1,4
2016140124263,2,9,0,3,0,0,0,0,0,0,2,1,6,2,24,5,1364,1,12,4,1,4
2016140124283,1,9,0,18,0,0,0,0,0,0,4,1,6,1,30,6,2231,2,10,5,1,5
2016140124312,1,9,0,17,0,0,2,0,1,0,1,1,6,1,-1,-1,1242,1,13,9,3,9
2016140124502,1,9,0,18,0,0,0,0,1,0,1,1,6,1,63,9,1998,8,1,4,1,4
2016140124502,2,9,0,18,0,0,1,10,0,0,1,1,6,2,19,4,1896,2,10,2,1,2
2016140124595,1,9,0,9,0,5,0,0,0,0,1,1,6,2,21,5,1299,1,12,3,1,3
2016140124595,2,8,0,13,0,8,0,0,0,0,4,1,1,1,38,7,1997,2,12,1,1,1
2016140124604,1,9,0,18,0,8,0,0,0,0,3,1,6,1,20,4,1199,1,12,4,1,4
2016140124604,2,9,0,18,0,8,0,0,0,0,1,1,6,3,-1,-1,1598,1,13,-1,-1,-1
2016140124613,1,9,0,18,0,0,0,0,1,0,3,1,2,2,26,6,1968,2,9,2,1,2
2016140124613,2,9,0,3,0,0,0,0,0,0,3,1,2,1,57,9,1686,2,5,5,3,5
2016140124623,1,1,0,18,9,0,0,0,0,0,0,1,6,1,50,8,-1,-1,-1,1,1,1
2016140124625,1,9,0,18,0,1,0,0,0,0,3,1,1,1,40,7,1896,2,8,3,1,3
2016140124625,2,9,0,18,0,6,0,0,0,0,1,1,6,1,42,7,1995,2,14,2,1,2
2016140124652,1,9,0,18,0,0,0,0,0,0,3,1,6,2,34,6,1598,2,2,10,2,10
2016140124652,2,21,0,11,0,0,0,0,0,0,4,1,1,1,25,5,9200,2,11,1,1,1
2016140124652,3,19,0,18,0,0,0,0,0,0,1,1,1,1,43,7,2402,2,6,5,1,5
2016140124661,1,11,0,3,0,1,0,0,0,0,2,1,1,1,50,8,9000,2,6,2,1,2
2016140124661,2,11,0,18,0,1,0,0,0,0,1,1,1,1,45,7,4461,2,2,8,1,8
2016140124663,1,3,0,18,0,0,0,0,0,0,1,1,6,1,25,5,124,1,-1,3,1,3
2016140124663,2,9,0,2,0,0,0,0,0,0,1,1,6,1,28,6,2494,1,14,2,1,2
2016140124663,3,9,0,2,0,0,0,0,0,0,1,1,6,1,37,7,2351,1,14,3,1,3
2016140124664,1,9,0,18,0,1,0,0,0,0,1,1,1,2,23,5,1390,1,17,9,1,9
2016140124664,2,9,0,18,0,6,0,0,0,0,3,1,1,2,36,7,1596,1,4,10,1,10
2016140124745,1,3,0,18,0,2,0,0,0,0,4,1,6,1,18,4,124,1,13,2,1,2
2016140124745,2,9,0,2,0,2,0,0,0,0,3,1,6,1,60,9,2188,2,10,5,1,5
2016140124774,1,9,0,9,0,2,0,0,0,0,1,1,6,2,28,6,1998,1,12,5,3,5
2016140124774,2,9,0,7,0,2,0,0,0,0,3,1,6,1,25,5,3189,1,12,6,3,6
2016140124796,1,21,0,5,0,0,0,0,0,0,1,1,1,1,50,8,12740,2,4,9,1,9
2016140124796,2,19,0,4,0,0,0,0,0,0,2,1,1,1,24,5,2402,2,5,4,1,4
2016140124833,1,9,0,9,0,6,0,0,0,0,1,1,1,1,25,5,1323,1,16,7,3,7
2016140124833,2,9,0,18,0,8,0,0,0,0,1,1,1,1,46,8,-1,-1,-1,5,1,5
2016140124836,1,9,0,2,0,1,0,0,0,0,1,1,2,1,30,6,1968,2,8,3,1,3
2016140124836,2,9,0,18,0,1,0,0,0,0,1,1,6,2,86,11,996,1,4,7,1,7
2016140124880,1,9,0,18,0,0,0,0,0,0,1,1,6,1,75,10,1596,1,13,2,1,2
2016140124886,1,9,0,18,0,8,0,0,0,0,4,1,6,2,20,4,1560,2,4,1,1,1
2016140124886,2,1,0,16,0,8,0,0,0,0,1,1,6,1,24,5,-1,-1,-1,3,1,3
2016140124902,1,9,0,18,0,1,0,0,0,0,1,1,6,2,45,7,1390,1,10,1,1,1
2016140124902,2,9,0,9,0,6,0,0,0,0,4,1,6,1,27,6,1968,2,12,7,1,7
2016140124916,1,9,0,9,0,5,0,0,0,0,1,1,6,2,21,5,1242,1,2,7,1,7
2016140124916,2,9,0,18,0,1,0,0,0,0,3,1,6,3,-1,-1,-1,-1,-1,-1,-1,-1
2016140124917,1,9,0,1,0,0,0,0,0,0,2,1,6,1,-1,-1,1998,2,11,-1,-1,-1
2016140124917,2,9,0,18,0,0,0,0,0,0,1,1,1,1,50,8,2993,2,3,1,1,1
2016140124931,1,9,0,18,0,8,0,0,0,0,4,1,6,1,63,9,1242,1,2,10,1,10
2016140124954,1,9,0,16,0,0,0,0,0,0,1,1,6,1,37,7,2993,2,1,5,1,5
2016140124954,2,9,0,17,0,0,0,0,0,0,1,1,6,1,25,5,2495,2,16,8,1,8
2016140124998,1,9,0,18,0,8,0,10,0,0,0,1,6,2,31,6,1360,1,6,3,1,3
2016140125007,1,9,0,16,0,0,0,0,0,0,1,1,6,1,40,7,1998,2,2,1,1,1
2016140125007,2,9,0,17,0,0,1,0,7,0,1,1,6,1,31,6,1360,1,14,2,2,2
2016140125021,1,9,0,13,0,0,0,0,0,0,0,1,2,1,23,5,1560,2,3,8,2,8
2016140125021,2,9,0,18,0,0,0,0,0,0,2,1,2,1,50,8,2982,2,7,9,2,9
2016140125021,3,9,0,18,0,0,0,0,0,0,1,1,2,1,49,8,-1,-1,-1,1,1,1
2016140125031,1,9,0,18,0,6,0,0,0,0,1,1,6,2,56,9,998,1,6,7,2,7
2016140125031,2,9,0,18,0,8,1,0,1,9,3,1,6,1,33,6,1968,2,1,5,2,5
2016140125041,1,9,0,18,0,8,0,0,1,2,1,1,6,1,20,4,1390,1,14,9,1,9
2016140125051,1,9,0,18,0,0,0,0,0,0,1,1,6,3,-1,-1,-1,-1,-1,-1,-1,-1
2016140125063,1,9,0,9,0,6,0,0,0,0,1,1,6,1,58,9,1997,2,-1,6,1,6
2016140125063,2,9,0,18,0,1,0,0,0,0,1,1,6,1,66,10,1299,1,13,5,1,5
2016140125078,1,8,0,6,0,0,0,0,0,0,4,1,1,1,61,9,2499,2,6,2,1,2
2016140125078,2,1,0,18,0,0,0,0,0,0,1,1,2,1,34,6,-1,-1,-1,9,3,9
2016140125108,1,9,0,18,0,2,0,0,0,0,1,1,6,2,23,5,1968,2,-1,2,1,2
2016140125113,1,11,0,18,0,1,0,0,0,0,1,1,1,1,56,9,4461,2,3,2,1,2
2016140125120,1,8,0,4,0,8,0,0,0,0,2,1,1,1,59,9,1896,2,12,1,1,1
2016140125120,2,9,0,4,0,8,0,0,0,0,1,1,6,1,57,9,-1,-1,-1,-1,-1,-1
2016140125155,1,9,0,7,0,6,0,0,0,0,3,1,1,1,-1,-1,-1,-1,-1,-1,-1,-1
2016140125155,2,9,0,18,0,2,0,0,0,0,4,1,6,2,71,10,-1,-1,-1,9,1,9
2016140125156,1,9,0,16,0,0,0,0,7,2,1,1,6,1,25,5,1870,2,13,5,1,5
2016140125158,1,9,0,18,0,2,0,0,0,0,4,1,2,2,32,6,1896,2,9,4,1,4
2016140125252,1,8,0,18,0,0,0,0,0,0,1,1,6,1,35,6,1797,8,3,6,1,6
2016140125252,2,1,0,18,0,0,0,0,0,0,1,1,6,1,26,6,-1,-1,-1,1,1,1
2016140125283,1,9,0,15,0,0,0,0,0,0,4,1,6,1,69,10,1598,1,3,7,1,7
2016140125298,1,1,0,18,0,1,0,0,0,0,1,1,6,1,22,5,-1,-1,-1,2,1,2
2016140125298,2,9,0,9,0,5,0,0,0,0,3,1,6,1,80,11,1598,1,3,9,1,9
2016140125298,3,9,0,10,0,1,0,0,0,0,1,1,6,2,49,8,1798,1,10,3,1,3
2016140125324,1,9,0,18,0,1,0,0,0,0,1,1,6,2,41,7,1997,2,6,1,1,1
2016140125324,2,9,0,1,0,6,0,0,0,0,4,1,6,1,23,5,1968,2,11,-1,1,-1
2016140125340,1,9,0,3,0,0,0,0,0,0,2,1,2,1,43,7,1968,2,2,7,2,7
2016140125340,2,9,0,4,0,0,0,0,0,0,1,1,2,1,43,7,1753,2,7,-1,-1,-1
2016140125357,1,9,0,7,0,5,0,0,0,0,4,1,2,1,27,6,1149,1,8,2,1,2
2016140125357,2,1,0,17,0,8,0,0,0,0,3,1,2,1,58,9,-1,-1,-1,-1,-1,-1
2016140125373,1,9,0,3,0,1,0,0,0,0,1,1,6,1,63,9,2792,1,8,-1,-1,-1
2016140125373,2,5,0,18,0,1,0,0,0,0,4,1,6,1,48,8,781,1,17,10,1,10
2016140125375,1,1,0,18,0,8,0,0,0,0,3,1,6,1,18,4,-1,-1,-1,9,1,9
2016140125375,2,98,4,7,0,8,0,0,0,0,4,1,6,3,-1,-1,-1,-1,-1,-1,-1,-1
2016140125434,1,4,0,3,0,2,0,0,0,0,2,1,2,1,49,8,175,1,-1,6,1,6
2016140125434,2,8,0,18,0,2,0,0,0,0,1,1,1,1,41,7,1896,2,8,10,1,10
2016140125479,1,9,0,18,0,0,0,0,0,0,1,1,6,3,-1,-1,-1,-1,-1,-1,-1,-1
2016140125479,2,9,0,3,0,0,0,0,0,0,2,1,6,1,38,7,1984,1,7,7,1,7
2016140125479,3,9,0,3,0,0,0,0,0,0,2,1,6,2,64,9,1242,1,1,4,2,4
2016140125479,4,9,0,3,0,0,0,0,0,0,2,1,6,1,35,6,1910,2,8,1,1,1
2016140125512,1,9,0,7,0,5,0,0,1,0,4,1,6,1,21,5,998,1,5,5,1,5
2016140125512,2,9,0,15,0,8,0,0,0,0,3,1,6,1,21,5,-1,-1,-1,5,1,5
2016140125514,1,9,0,18,0,0,5,10,0,0,1,1,2,1,21,5,1956,2,5,2,1,2
2016140125514,2,9,0,18,0,0,0,0,0,0,1,1,2,1,42,7,1598,1,11,1,1,1
2016140125520,1,21,1,18,0,0,0,0,0,0,4,1,1,1,40,7,12900,2,4,4,1,4
2016140125520,2,9,0,18,0,0,0,0,0,0,3,1,6,1,26,6,1590,1,14,3,1,3
2016140125539,1,9,0,5,0,4,0,0,0,0,1,1,6,1,32,6,1798,1,11,-1,-1,-1
2016140125539,2,21,0,18,0,8,0,0,0,0,1,1,6,1,49,8,12900,2,6,2,1,2
2016140125539,3,9,0,6,0,1,0,0,0,0,0,1,1,2,-1,-1,1598,2,1,-1,-1,-1
2016140125544,1,9,0,9,9,5,0,0,0,0,1,1,6,1,38,7,1968,2,-1,1,1,1
2016140125544,2,1,0,18,9,8,0,0,0,0,3,1,6,1,24,5,-1,-1,-1,5,1,5
2016140125546,1,9,0,18,0,0,0,0,0,0,1,1,6,1,37,7,1910,2,11,1,1,1
2016140125648,1,3,0,18,1,1,1,4,0,0,1,1,6,1,49,8,125,1,-1,-1,-1,-1
2016140125648,2,9,0,3,1,1,0,0,0,0,3,1,6,1,32,6,1490,1,8,-1,-1,-1
2016140125677,1,9,0,7,0,5,0,0,0,0,4,1,6,1,35,6,2460,2,11,1,1,1
2016140125677,2,1,0,18,0,1,0,0,0,0,3,1,2,2,32,6,-1,-1,-1,-1,-1,-1
2016140125789,1,11,0,18,0,8,0,0,0,0,0,1,1,1,70,10,-1,-1,-1,6,1,6
2016140125789,2,9,0,9,0,8,0,0,0,0,0,1,6,1,-1,-1,2521,1,7,1,1,1
2016140125956,1,9,0,5,0,0,0,0,0,0,1,1,3,2,19,4,1390,1,10,7,1,7
2016140125956,2,1,0,18,0,0,0,0,0,0,2,1,6,1,6,2,-1,-1,-1,1,1,1
2016140126036,1,9,0,3,0,1,0,0,0,0,2,1,6,2,31,6,1895,1,16,8,3,8
2016140126036,2,9,0,5,0,1,0,0,0,0,1,1,6,1,36,7,1149,1,14,3,1,3
2016140126139,1,90,0,18,0,0,0,10,0,0,1,1,6,1,53,8,349,1,3,3,1,3
2016140126139,2,9,0,2,0,0,0,0,0,0,0,1,6,1,-1,-1,1753,2,10,2,1,2
2016140126139,3,9,0,2,0,0,0,0,0,0,0,1,6,1,-1,-1,1399,2,8,2,1,2
2016140126198,1,19,0,2,0,0,0,0,0,0,1,1,6,1,43,7,2148,2,7,5,1,5
2016140126198,2,9,0,18,0,0,0,0,0,0,1,1,6,1,51,8,1587,1,14,1,2,1
2016140126198,3,9,0,18,0,0,1,0,0,0,3,1,6,3,-1,-1,-1,-1,-1,-1,-1,-1
2016140126228,1,9,0,18,0,3,0,0,0,0,1,1,2,2,40,7,1794,1,10,4,1,4
2016140126228,2,1,0,18,0,3,0,0,0,0,1,1,6,1,45,7,-1,-1,-1,4,1,4
2016140126229,1,19,0,6,0,8,0,0,0,0,3,1,2,1,43,7,2198,2,-1,7,1,7
2016140126229,2,9,0,14,0,8,0,0,0,0,4,1,6,2,24,5,1229,1,2,8,3,8
2016140126230,1,9,0,9,0,6,0,0,0,0,1,1,6,1,29,6,998,1,11,4,1,4
2016140126230,2,3,0,18,0,1,0,0,0,0,1,1,6,1,26,6,124,1,1,3,1,3
2016140126423,1,9,0,5,0,0,0,0,0,0,1,1,6,1,75,10,2231,2,10,4,1,4
2016140126428,1,9,0,16,0,0,0,0,7,2,0,1,6,2,18,4,998,1,8,2,1,2
2016140126461,1,9,0,5,0,0,0,0,0,0,2,1,6,1,33,6,3199,1,14,-1,-1,-1
2016140126461,2,9,0,18,0,0,0,0,0,0,1,1,2,2,32,6,1390,1,14,6,1,6
2016140126506,1,1,0,18,0,8,0,0,0,0,3,1,2,1,25,5,-1,-1,-1,3,1,3
2016140126506,2,9,0,7,0,5,0,0,0,0,4,1,6,1,-1,-1,1560,2,7,-1,-1,-1
2016140126601,1,9,0,18,0,3,0,0,1,2,1,1,2,2,22,5,1388,1,7,2,1,2
2016140126628,1,8,0,18,0,0,0,0,0,0,1,1,6,3,-1,-1,-1,-1,-1,-1,-1,-1
2016140126724,1,9,0,1,9,0,0,0,0,0,2,1,1,1,46,8,-1,-1,-1,2,1,2
2016140126732,1,3,0,18,0,4,1,0,0,0,0,1,2,1,26,6,124,1,-1,5,3,5
2016140126732,2,8,0,18,0,4,0,0,0,0,0,1,6,3,-1,-1,-1,-1,-1,-1,-1,-1
2016140126744,1,9,0,4,0,0,0,0,0,0,2,1,6,1,50,8,1497,8,2,3,1,3
2016140126744,2,9,0,18,0,0,0,0,0,0,1,1,6,1,41,7,-1,-1,-1,8,1,8
2016140126744,3,9,0,18,0,0,0,0,0,0,1,1,6,2,34,6,1598,2,2,5,2,5
2016140126744,4,9,0,18,0,0,0,0,0,0,1,1,6,2,57,9,1197,1,1,3,1,3
2016140126758,1,9,0,3,0,0,0,0,0,0,2,1,6,1,67,10,1988,1,17,1,1,1
2016140126758,2,9,0,3,0,0,0,0,0,0,2,1,6,2,69,10,1149,1,10,7,3,7
2016140126758,3,9,0,3,0,0,0,0,0,0,2,1,6,2,41,7,1984,1,5,9,2,9
2016140126758,4,9,0,3,0,0,0,0,0,0,2,1,6,1,63,9,1240,1,7,7,1,7
2016140126758,5,9,0,3,0,0,0,0,0,0,2,1,6,1,70,10,1596,1,-1,5,1,5
2016140126758,6,19,0,18,0,0,1,0,0,0,1,1,1,1,26,6,2143,2,3,1,1,1
2016140126767,1,9,0,18,0,2,5,4,0,0,4,1,6,1,49,8,1686,2,10,1,1,1
2016140126767,2,9,0,2,0,2,0,0,0,0,1,1,6,2,28,6,1596,1,9,7,1,7
2016140126767,3,9,0,2,0,2,0,0,0,0,2,1,6,2,45,7,1124,1,11,-1,-1,-1
2016140126767,4,9,0,2,0,2,0,0,0,0,3,1,6,3,-1,-1,-1,-1,-1,-1,-1,-1
2016140126910,1,11,0,5,0,1,0,0,0,0,1,1,1,1,42,7,4461,2,3,1,1,1
2016140126910,2,9,0,4,0,1,0,0,0,0,2,1,6,1,22,5,1560,2,6,1,1,1
2016140126925,1,9,0,18,0,0,0,0,0,0,1,1,6,2,63,9,1360,1,13,6,1,6
2016140127109,1,9,0,9,0,8,0,0,0,0,2,1,2,2,43,7,1968,2,3,8,3,8
2016140127109,2,4,0,13,0,8,0,0,0,0,1,1,2,1,42,7,249,1,-1,7,1,7
2016140127114,1,9,0,16,0,0,1,0,4,1,4,1,6,1,36,7,2000,1,16,1,1,1
2016140127129,1,9,0,9,0,5,0,0,7,0,1,1,1,2,44,7,1339,1,6,8,1,8
2016140127129,2,9,0,14,0,1,0,0,0,0,3,1,1,1,53,8,-1,-1,-1,1,1,1
2016140127145,1,23,0,18,0,2,1,10,4,0,4,1,6,1,32,6,124,1,-1,1,1,1
2016140127145,2,9,0,12,0,2,0,0,0,0,1,1,6,3,18,4,-1,-1,-1,-1,-1,-1
2016140127260,1,9,0,16,0,1,0,0,0,0,1,1,6,2,55,8,1956,2,4,1,2,1
2016140127260,2,9,0,9,0,6,0,0,0,0,1,1,6,3,-1,-1,1598,1,10,-1,-1,-1
2016140127331,1,9,0,17,0,0,0,4,0,0,1,1,2,1,19,4,1242,1,15,2,1,2
2016140127331,2,9,0,2,0,0,0,0,0,0,3,1,6,1,24,5,1798,1,10,10,1,10
2016140127331,3,9,0,2,0,0,0,0,0,0,2,1,6,2,54,8,1997,1,3,10,1,10
2016140127447,1,21,1,17,0,0,0,0,0,0,3,1,1,1,41,7,12900,2,7,1,1,1
2016140127447,2,9,0,16,0,0,1,0,1,0,1,1,6,2,24,5,1229,1,11,9,1,9
2016140127491,1,9,0,3,0,1,0,0,0,0,2,1,6,2,25,5,1248,2,7,3,1,3
2016140127491,2,21,1,18,0,1,0,0,0,0,1,1,1,1,55,8,11967,2,4,2,1,2
2016140127513,1,9,0,18,1,8,0,0,0,0,1,1,6,1,68,10,2199,2,3,9,1,9
2016140127542,1,9,0,9,0,6,0,0,0,0,3,1,6,1,64,9,1598,1,11,1,1,1
2016140127550,1,9,0,18,0,0,0,0,0,0,1,1,2,1,23,5,1596,1,13,1,1,1
2016140127553,1,9,0,18,0,0,1,0,7,11,2,1,6,2,27,6,2148,2,14,-1,-1,-1
2016140127553,2,9,0,18,0,0,0,0,0,0,1,1,6,3,-1,-1,1968,2,6,-1,-1,-1
2016140127582,1,9,0,18,0,0,0,0,0,0,4,1,6,1,32,6,1386,1,9,3,1,3
2016140127606,1,9,0,18,0,2,0,0,5,6,2,1,1,2,21,5,1368,1,10,2,1,2
2016140127606,2,9,0,10,0,6,0,0,0,0,1,1,1,1,56,9,1999,2,1,10,1,10
2016140127629,1,9,0,18,0,1,0,0,0,0,1,1,6,2,37,7,1461,2,3,-1,-1,-1
2016140127629,2,9,0,6,0,2,0,0,0,0,4,1,6,3,-1,-1,1197,1,-1,-1,-1,-1
2016140127652,1,9,0,17,0,0,0,0,0,0,1,1,6,1,42,7,2198,2,11,3,2,3
2016140127652,2,9,0,16,0,0,0,0,0,0,1,1,6,3,-1,-1,1240,1,11,-1,-1,-1
2016140127663,1,21,1,12,0,0,0,0,0,0,3,1,1,3,-1,-1,10518,2,4,-1,-1,-1
2016140127663,2,9,0,13,0,0,1,0,0,0,4,1,1,1,58,9,1299,1,11,3,1,3
2016140127670,1,97,0,18,0,1,0,0,0,0,1,1,6,1,16,4,-1,-1,-1,3,1,3
2016140127670,2,9,0,4,0,1,0,0,0,0,2,1,6,2,36,7,1560,2,2,9,1,9
2016140127696,1,9,0,6,8,0,1,0,0,0,3,1,6,1,18,4,1390,1,13,1,1,1
2016140127696,2,9,0,18,0,0,1,0,0,0,1,1,6,2,46,8,999,1,2,10,2,10
2016140127713,1,9,0,3,0,0,0,0,0,0,3,1,6,1,47,8,1396,1,12,1,1,1
2016140127713,2,9,0,5,0,0,0,0,0,0,4,1,6,1,20,4,1598,1,9,8,1,8
2016140127995,1,9,0,2,0,2,0,0,0,0,0,1,1,1,51,8,-1,-1,-1,4,1,4
2016140127995,2,8,0,14,0,2,0,0,0,0,4,1,1,1,30,6,1910,2,8,2,1,2
2016140128014,1,9,0,18,0,1,0,0,0,0,3,1,6,1,28,6,1362,1,4,1,1,1
2016140128087,1,9,0,18,0,6,0,0,0,0,0,1,1,1,40,7,2687,1,9,6,1,6
2016140128087,2,1,0,18,0,1,0,0,0,0,0,1,6,1,28,6,-1,-1,-1,6,1,6
2016140128332,1,9,0,18,0,1,0,0,0,0,1,1,6,1,28,6,2982,2,2,-1,-1,-1
2016140128332,2,9,0,18,0,1,0,0,0,0,1,1,6,1,32,6,1596,1,8,-1,-1,-1
2016140128332,3,9,0,18,0,1,0,0,0,0,1,1,6,2,30,6,1598,1,8,6,1,6
2016140128332,4,9,0,18,0,1,0,0,0,0,1,1,6,1,24,5,1968,2,8,1,1,1
2016140128332,5,9,0,18,0,1,0,0,0,0,1,1,6,1,29,6,-1,-1,-1,6,3,6
2016140128332,6,9,0,18,0,1,0,0,0,0,1,1,6,1,46,8,1968,2,2,2,1,2
2016140128332,7,9,0,18,0,1,0,0,0,0,1,1,1,1,37,7,2967,2,1,-1,-1,-1