Accident_Index,Vehicle_Reference,Vehicle_Type,Towing_and_Articulation,Vehicle_Manoeuvre,Vehicle_Location-Restricted_Lane,Junction_Location,Skidding_and_Overturning,Hit_Object_in_Carriageway,Vehicle_Leaving_Carriageway,Hit_Object_off_Carriageway,1st_Point_of_Impact,Was_Vehicle_Left_Hand_Drive?,Journey_Purpose_of_Driver,Sex_of_Driver,Age_of_Driver,Age_Band_of_Driver,Engine_Capacity_(CC),Propulsion_Code,Age_of_Vehicle,Driver_IMD_Decile,Driver_Home_Area_Type,Vehicle_IMD_Decile
2016160043728,1,9,0,18,0,8,0,0,0,0,1,1,5,2,40,7,999,1,16,2,1,2
2016160043728,2,9,0,5,0,6,0,0,0,0,1,1,5,1,25,5,1896,2,9,-1,-1,-1
2016160043751,1,9,0,9,0,6,0,0,1,0,1,1,6,1,78,11,1797,8,3,7,3,7
2016160043751,2,21,4,18,0,8,2,0,1,0,1,1,1,1,57,9,12777,2,3,6,1,6
2016160043774,1,9,0,9,0,2,0,0,0,0,1,1,3,2,28,6,1360,1,14,1,1,1
2016160043806,1,8,0,4,0,2,0,0,0,0,0,1,1,1,39,7,1997,2,8,2,1,2
2016160043828,1,9,0,9,0,6,0,0,0,0,1,1,5,1,36,7,1587,1,11,1,1,1
2016160043865,1,9,0,18,0,1,0,0,0,0,2,1,5,2,20,4,1149,1,6,3,1,3
2016160043865,2,9,0,18,0,1,0,0,0,0,1,1,6,3,-1,-1,1364,1,6,-1,-1,-1
2016160043866,1,9,0,18,0,8,0,0,0,0,1,1,6,1,60,9,1396,1,11,1,1,1
2016160043866,2,17,0,18,0,6,0,0,0,0,4,1,1,1,41,7,-1,-1,-1,5,1,5
2016160043894,1,5,0,9,0,6,2,0,1,10,1,1,1,1,44,7,999,1,5,5,1,5
2016160043899,1,9,0,7,0,6,0,0,0,0,2,1,1,1,49,8,1896,2,9,-1,-1,-1
2016160043899,2,97,0,18,0,8,0,0,0,0,1,1,6,1,24,5,-1,-1,-1,8,1,8
2016160043966,1,9,0,18,0,0,0,0,0,0,1,1,5,2,30,6,2993,2,2,-1,-1,-1
2016160043966,2,9,0,2,0,0,0,0,0,0,2,1,6,3,-1,-1,1796,1,13,-1,-1,-1
2016160043975,1,9,0,18,0,0,0,0,0,0,3,1,5,2,49,8,1199,1,13,7,3,7
2016160043975,2,17,4,18,0,0,0,0,0,0,4,1,1,1,23,5,-1,2,4,5,3,5
2016160043997,1,19,0,7,0,2,0,0,0,0,4,1,1,1,58,9,2198,2,4,9,1,9
2016160044016,1,9,0,18,0,2,1,0,0,0,3,1,2,1,67,10,875,1,1,1,1,1
2016160044016,2,9,0,18,0,1,1,0,0,0,3,1,2,1,48,8,1956,2,2,8,1,8
2016160044022,1,9,0,7,0,5,0,0,0,0,4,1,6,1,30,6,2685,2,13,1,1,1
2016160044022,2,1,0,18,0,8,0,0,0,0,1,1,2,1,44,7,-1,-1,-1,1,1,1
2016160044044,1,9,0,18,0,0,0,0,0,0,0,1,6,3,-1,-1,-1,-1,-1,-1,-1,-1
2016160044044,2,9,0,18,0,0,0,0,1,4,4,1,5,2,20,4,1229,1,3,9,3,9
2016160044046,1,3,0,18,0,0,1,11,0,0,1,1,2,2,25,5,124,1,12,1,1,1
2016160044046,2,9,0,18,0,0,0,0,0,0,2,1,2,1,60,9,2295,1,14,10,1,10
2016160044091,1,1,0,18,0,1,0,0,0,0,1,1,1,1,58,9,-1,-1,-1,4,1,4
2016160044091,2,9,0,17,0,1,0,0,0,0,4,1,6,3,-1,-1,-1,-1,-1,-1,-1,-1
2016160044115,1,3,0,16,0,0,0,0,1,2,1,1,5,1,23,5,125,1,1,6,1,6
2016160044117,1,1,0,18,5,0,0,11,0,0,1,1,2,1,42,7,-1,-1,-1,10,1,10
2016160044130,1,9,0,7,0,6,0,0,0,0,2,1,6,2,26,6,1124,1,11,4,2,4
2016160044130,2,9,0,7,0,6,0,0,0,0,1,1,6,1,63,9,1951,2,12,4,2,4
2016160044135,1,9,0,18,0,8,0,0,0,0,1,1,6,1,28,6,1998,2,10,1,1,1
2016160044135,2,9,0,9,0,8,0,0,0,0,4,1,6,1,30,6,998,1,13,1,1,1
2016160044155,1,9,0,9,0,5,0,0,0,0,2,1,1,1,65,9,-1,-1,-1,7,3,7
2016160044155,2,9,0,18,0,8,0,0,0,0,1,1,5,2,66,10,1896,2,10,6,2,6
2016160044164,1,9,0,18,0,8,0,10,1,10,1,1,5,1,18,4,1390,1,7,8,1,8
2016160044164,2,9,0,18,0,8,0,0,0,0,0,1,6,3,-1,-1,-1,-1,-1,-1,-1,-1
2016160044168,1,3,0,4,0,0,1,4,0,0,1,1,6,2,17,4,125,1,1,5,1,5
2016160044168,2,9,0,3,0,0,0,0,0,0,2,1,1,1,45,7,-1,-1,-1,6,1,6
2016160044185,1,19,4,9,0,5,0,0,0,0,2,1,5,1,59,9,2402,2,11,5,3,5
2016160044185,2,9,0,18,0,1,1,0,1,0,1,1,5,1,53,8,1329,1,6,8,1,8
2016160044219,1,9,0,17,0,0,0,10,1,4,1,1,6,1,21,5,1149,1,16,1,1,1
2016160044263,1,1,0,18,0,0,0,0,0,0,1,1,6,1,16,4,-1,-1,-1,1,1,1
2016160044263,2,9,0,7,0,0,0,0,0,0,1,1,6,3,-1,-1,-1,-1,-1,-1,-1,-1
2016160044311,1,19,0,5,0,1,0,0,0,0,1,1,1,1,44,7,2198,2,6,8,3,8
2016160044311,2,9,0,4,0,6,0,0,0,0,2,1,6,2,54,8,1390,1,3,8,3,8
2016160044358,1,9,0,9,0,2,0,0,0,0,1,1,5,1,55,8,1896,2,16,-1,-1,-1
2016160044386,1,1,0,18,0,8,0,0,0,0,3,1,2,1,46,8,-1,-1,-1,10,2,10
2016160044386,2,21,0,13,0,8,0,0,0,0,4,1,1,1,67,10,12600,2,15,3,1,3
2016160044406,1,9,0,9,0,6,0,0,0,0,1,1,6,1,30,6,1910,2,8,5,1,5
2016160044406,2,9,0,18,0,8,0,0,0,0,4,1,6,2,31,6,1587,1,11,4,1,4
2016160044425,1,9,0,18,0,0,0,0,0,0,1,1,6,3,-1,-1,-1,-1,-1,-1,-1,-1
2016160044425,2,1,0,18,0,0,0,0,0,0,3,1,6,1,21,5,-1,-1,-1,7,1,7
2016160044449,1,5,0,16,0,0,5,0,0,0,1,1,6,1,63,9,600,1,10,6,1,6
2016160044449,2,9,0,17,0,0,0,0,0,0,1,1,6,2,54,8,1339,8,3,9,2,9
2016160044485,1,9,0,18,0,4,0,0,0,0,1,1,6,2,63,9,1598,1,3,2,1,2
2016160044485,2,9,0,18,0,8,0,0,0,0,4,1,6,1,33,6,1149,1,13,3,1,3
2016160044489,1,9,0,9,0,6,0,0,0,0,3,1,1,1,30,6,1753,2,15,1,1,1
2016160044489,2,3,0,18,0,8,1,0,0,0,1,1,6,1,34,6,125,1,4,3,2,3
2016160044489,3,3,0,18,0,1,1,0,0,0,1,1,6,1,33,6,124,1,4,3,2,3
2016160044490,1,9,0,18,0,1,0,0,0,0,1,1,1,2,25,5,1296,1,9,4,1,4
2016160044492,1,9,0,9,0,8,0,0,0,0,4,1,5,1,27,6,1995,1,7,3,1,3
2016160044492,2,9,0,5,0,4,0,0,0,0,1,1,6,2,62,9,1198,1,4,9,2,9
2016160044494,1,1,0,4,0,0,0,0,0,0,1,1,4,2,11,3,-1,-1,-1,2,1,2
2016160044494,2,9,0,3,0,0,0,0,0,0,2,1,5,2,55,8,-1,-1,-1,-1,-1,-1
2016160044495,1,9,0,2,0,0,0,0,0,0,3,1,6,1,42,7,1896,2,16,1,1,1
2016160044495,2,1,0,14,0,0,0,0,0,0,1,1,2,2,30,6,-1,-1,-1,5,1,5
2016160044497,1,9,0,9,0,5,0,0,0,0,4,1,5,1,24,5,1596,1,4,1,1,1
2016160044497,2,1,0,18,0,1,0,0,0,0,1,1,5,1,28,6,-1,-1,-1,4,1,4
2016160044655,1,9,0,3,0,1,0,0,0,0,3,1,3,2,40,7,2171,1,12,6,1,6
2016160044655,2,21,4,5,0,4,0,0,0,0,4,1,1,1,52,8,12777,2,5,1,1,1
2016160044697,1,21,1,18,0,0,0,0,0,0,1,1,1,1,34,6,12900,2,8,4,1,4
2016160044697,2,19,0,18,0,0,0,0,1,10,3,1,2,1,31,6,1598,2,5,9,2,9
2016160044697,3,19,0,18,0,0,0,0,0,0,3,1,2,1,28,6,1995,2,7,5,3,5
2016160044697,4,9,0,18,0,0,0,0,0,0,3,1,2,1,44,7,1999,1,13,1,1,1
2016160044697,5,9,0,18,0,0,0,0,0,0,2,1,1,1,44,7,1598,2,1,5,2,5
2016160044732,1,1,0,9,0,6,0,0,0,0,1,1,1,1,13,3,-1,-1,-1,8,2,8
2016160044732,2,9,0,18,0,8,0,0,0,0,1,1,5,1,64,9,999,1,2,8,2,8
2016160044757,1,19,0,18,0,0,0,0,0,0,1,1,1,1,57,9,2198,2,4,6,1,6
2016160044757,2,9,0,18,0,0,0,0,0,0,1,1,1,1,48,8,2179,2,4,10,1,10
2016160044760,1,9,0,18,0,0,0,12,7,10,1,1,2,1,51,8,1998,2,11,4,1,4
2016160044789,1,9,0,18,0,0,0,0,0,0,1,1,5,2,29,6,973,1,13,1,1,1
2016160044789,2,1,0,5,0,0,0,0,0,0,3,1,5,2,45,7,-1,-1,-1,1,1,1
2016160044790,1,9,0,5,0,4,0,0,0,0,4,1,6,3,-1,-1,-1,-1,-1,-1,-1,-1
2016160044790,2,1,0,18,0,8,0,0,0,0,1,1,2,1,34,6,-1,-1,-1,1,1,1
2016160044813,1,9,0,5,0,6,0,0,0,0,1,1,6,2,37,7,1560,2,2,6,3,6
2016160044813,2,9,0,18,0,8,0,0,0,0,1,1,6,1,34,6,-1,-1,-1,8,3,8
2016160044863,1,9,0,9,0,6,0,0,0,0,2,1,5,1,26,6,1461,2,13,1,1,1
2016160044863,2,5,0,18,0,8,0,0,0,0,1,1,5,1,28,6,645,1,16,1,1,1
2016160044863,3,9,0,18,0,1,0,0,0,0,1,1,5,2,38,7,1596,1,11,5,1,5
2016160044918,1,9,0,16,0,0,1,0,1,10,3,1,2,1,30,6,1199,1,12,5,1,5
2016160044918,2,90,0,17,0,0,0,0,0,0,1,1,1,1,47,8,17180,2,6,3,1,3
2016160044942,1,98,0,18,0,0,0,0,0,0,4,1,6,3,54,8,-1,-1,-1,-1,-1,-1
2016160044967,1,3,0,18,0,1,1,0,0,0,4,1,5,2,54,8,125,1,1,6,1,6
2016160044991,1,9,0,1,7,1,0,0,0,0,2,1,5,2,42,7,1388,1,4,8,1,8
2016160045029,1,9,0,9,0,6,0,0,0,0,1,1,2,1,43,7,2231,2,5,4,1,4
2016160045029,2,9,0,18,0,8,1,0,0,0,1,1,2,1,42,7,-1,-1,-1,5,1,5
2016160045158,1,9,0,18,0,0,0,0,0,0,3,1,6,2,26,6,1968,2,2,3,1,3
2016160045211,1,9,0,5,0,0,0,0,0,0,1,1,5,2,24,5,1686,2,11,5,2,5
2016160045211,2,9,0,3,0,0,0,0,0,0,2,1,5,2,39,7,1598,1,12,9,1,9
2016160045211,3,9,0,3,0,0,0,0,0,0,2,1,5,1,42,7,1794,1,12,2,1,2
2016160045259,1,9,0,18,0,0,1,10,5,6,2,1,2,2,49,8,2996,1,11,8,2,8
2016160045298,1,9,0,16,0,8,0,0,0,0,1,1,5,1,44,7,1685,2,4,4,1,4
2016160045298,2,9,0,17,0,8,0,0,0,0,1,1,5,2,63,9,1992,2,10,7,2,7
2016160045668,1,9,0,18,0,6,0,0,3,10,4,1,5,1,28,6,1229,1,2,10,1,10
2016160045668,2,9,0,18,0,8,0,0,1,10,1,1,5,2,74,10,1968,2,-1,5,3,5
2016160045775,1,9,0,17,0,0,2,0,7,10,1,1,2,2,53,8,1149,1,13,8,1,8
2016160045811,1,9,0,18,0,0,1,0,0,0,1,1,6,1,34,6,1599,1,15,7,1,7
2016160045811,2,9,0,18,0,0,1,4,0,0,2,1,6,2,18,4,1198,1,14,5,1,5
2016160045811,3,9,0,2,0,0,0,0,0,0,2,1,5,1,44,7,1997,2,12,6,1,6
2016160045811,4,19,0,2,0,0,0,0,0,0,1,1,5,1,44,7,2402,2,10,6,1,6
2016160045929,1,9,0,5,0,6,0,0,0,0,3,1,5,2,80,11,1200,1,2,9,1,9
2016160045929,2,1,0,18,0,8,0,0,0,0,1,1,1,2,47,8,-1,-1,-1,5,1,5
2016160045946,1,9,0,18,0,8,0,0,0,0,1,1,5,2,63,9,1242,1,10,3,2,3
2016160045946,2,9,0,9,0,6,0,0,0,0,1,1,5,1,73,10,1910,2,8,8,2,8
2016160046023,1,9,0,7,0,6,0,0,0,0,3,1,5,2,66,10,1242,1,3,10,2,10
2016160046023,2,3,0,18,0,8,0,0,0,0,1,1,2,1,24,5,124,1,4,7,1,7
2016160046068,1,19,0,7,0,7,1,0,7,10,0,1,1,1,34,6,2494,2,11,1,1,1
2016160046106,1,9,0,9,0,6,0,0,0,0,1,1,5,1,18,4,1199,1,12,9,1,9
2016160046106,2,8,0,18,0,8,0,0,0,0,1,1,1,1,35,6,1598,2,4,2,1,2
2016160046146,1,1,0,18,0,2,0,0,0,0,2,1,5,1,9,2,-1,-1,-1,3,1,3
2016160046146,2,97,0,18,0,2,0,0,0,0,1,1,6,3,-1,-1,-1,-1,-1,-1,-1,-1
2016160046187,1,9,0,17,0,0,2,0,7,10,1,1,6,2,22,5,1299,1,10,5,3,5
2016160046219,1,9,0,18,0,0,0,0,0,0,1,1,5,1,18,4,1229,1,6,6,1,6
2016160046299,1,9,0,4,0,1,0,0,0,0,4,1,6,3,28,6,-1,-1,-1,-1,-1,-1
2016160046299,2,1,0,4,0,1,0,0,0,0,3,1,2,1,17,4,-1,-1,-1,1,1,1
2016160046307,1,9,0,5,0,1,0,0,0,0,1,1,5,2,35,6,1997,2,3,1,1,1
2016160046311,1,19,0,18,0,0,0,0,0,0,1,1,6,1,30,6,2198,2,1,3,1,3
2016160046311,2,9,0,3,0,0,0,0,0,0,2,1,1,3,-1,-1,-1,-1,-1,-1,-1,-1
2016160046327,1,9,0,18,0,0,0,0,0,0,1,1,5,1,48,8,1798,1,6,8,2,8
2016160046368,1,9,0,17,0,0,1,0,0,0,1,1,5,2,34,6,1242,1,17,1,1,1
2016160046444,1,9,0,18,0,0,0,0,0,0,4,1,5,1,26,6,1769,1,14,6,1,6
2016160046444,2,1,0,18,0,0,0,0,0,0,1,1,5,1,31,6,-1,-1,-1,1,1,1
2016160046464,1,3,0,7,0,4,1,10,0,0,3,1,5,1,30,6,125,1,1,5,3,5
2016160046496,1,9,0,1,9,6,0,0,0,0,2,1,3,1,62,9,1560,2,3,1,1,1
2016160046517,1,21,0,18,0,8,0,0,0,0,3,1,1,1,28,6,11116,2,11,3,3,3
2016160046517,2,9,0,18,0,8,0,0,0,0,4,1,2,1,58,9,998,1,1,10,1,10
2016160046612,1,9,0,9,0,8,0,0,0,0,4,1,5,2,21,5,1242,1,1,6,1,6
2016160046612,2,9,0,18,0,8,0,0,0,0,1,1,5,1,20,4,-1,-1,-1,3,3,3
2016160046647,1,9,0,13,0,1,0,0,0,0,4,1,6,1,29,6,1596,1,14,8,1,8
2016160046647,2,1,0,9,0,8,0,0,0,0,2,1,6,1,22,5,-1,-1,-1,2,1,2
2016160046711,1,9,0,18,0,0,5,0,1,4,1,1,6,2,41,7,1242,1,11,6,3,6
2016160046769,1,9,0,9,0,6,0,0,0,0,1,1,2,1,43,7,1968,2,1,7,1,7
2016160046769,2,9,0,18,0,8,0,0,7,4,4,1,2,1,36,7,1968,2,2,7,3,7
2016160046825,1,9,0,9,0,8,1,0,1,1,1,1,2,2,26,6,1388,1,9,1,1,1
2016160046884,1,9,0,18,0,0,1,0,1,0,1,1,2,2,24,5,1397,1,8,-1,-1,-1
2016160046931,1,9,0,9,0,6,0,0,0,0,1,1,1,2,25,5,1995,2,12,6,1,6
2016160046931,2,9,0,18,0,8,0,0,0,0,4,1,1,1,43,7,1598,1,9,6,1,6
2016160046981,1,9,0,18,0,8,0,0,0,0,4,1,5,1,35,6,1598,1,15,1,1,1
2016160046981,2,21,0,18,0,8,0,0,0,0,1,1,1,1,56,9,4250,2,11,7,3,7
2016160046998,1,9,0,16,0,0,0,0,0,0,1,1,1,2,47,8,1686,2,14,8,2,8
2016160046998,2,21,0,17,0,0,0,0,0,0,1,1,1,1,30,6,12777,2,9,1,1,1
2016160047031,1,9,0,7,0,6,0,0,0,0,1,1,6,1,37,7,1997,2,14,1,1,1
2016160047031,2,9,0,7,0,6,0,0,0,0,2,1,6,1,30,6,1997,2,9,5,1,5
2016160047084,1,9,0,18,0,0,0,0,0,0,1,1,5,1,46,8,2231,2,9,6,1,6
2016160047084,2,9,0,4,0,0,0,0,0,0,2,1,5,1,30,6,1398,1,1,1,1,1
2016160047129,1,9,0,17,0,8,1,0,0,0,1,1,5,1,17,4,998,1,17,5,2,5
2016160047161,1,9,0,18,0,8,0,0,0,0,1,1,5,2,25,5,1388,1,13,1,1,1
2016160047161,2,9,0,4,0,8,0,0,0,0,1,1,5,1,71,10,1461,2,6,9,1,9
2016160047161,3,19,0,4,0,8,0,0,0,0,1,1,1,2,56,9,1868,2,12,7,1,7
2016160047161,4,20,0,4,0,8,0,0,0,0,2,1,1,3,-1,-1,2402,2,8,1,1,1
2016160047189,1,19,0,18,0,0,0,0,0,0,1,1,2,1,32,6,2402,2,13,1,1,1
2016160047197,1,3,0,18,0,0,0,0,0,0,0,1,2,1,29,6,125,1,-1,1,1,1
2016160047197,2,9,0,18,0,0,0,0,0,0,0,1,6,3,35,6,-1,-1,-1,-1,-1,-1
2016160047214,1,19,0,1,9,0,0,0,0,0,2,1,6,3,56,9,1753,2,10,-1,-1,-1
2016160047225,1,9,0,4,0,0,0,0,0,0,1,1,6,1,46,8,1587,1,10,3,1,3
2016160047225,2,9,0,4,0,0,0,0,0,0,2,1,6,2,61,9,1587,1,13,1,1,1
2016160047225,3,9,0,4,0,0,0,0,0,0,2,1,6,2,61,9,1598,2,2,10,2,10
2016160047228,1,1,0,18,0,0,0,0,0,0,3,1,2,1,37,7,-1,-1,-1,-1,-1,-1
2016160047228,2,9,0,13,0,0,0,0,0,0,4,1,6,1,49,8,-1,-1,-1,-1,-1,-1
2016160047241,1,9,0,18,0,0,0,0,0,0,1,1,6,1,34,6,1968,2,8,-1,-1,-1
2016160047241,2,9,0,18,0,0,0,0,0,0,2,1,6,2,32,6,1248,2,9,1,1,1
2016160047318,1,9,0,10,0,5,0,0,0,0,1,1,6,2,77,11,1329,1,1,7,3,7
2016160047318,2,98,1,17,0,8,0,0,0,0,3,1,1,1,61,9,-1,-1,-1,3,2,3
2016160047319,1,9,0,13,0,1,0,0,0,0,1,1,6,1,43,7,-1,-1,-1,6,1,6
2016160047319,2,1,0,18,0,1,0,0,0,0,2,1,6,1,36,7,-1,-1,-1,7,1,7
2016160047359,1,9,0,9,0,6,0,0,0,0,1,1,6,1,63,9,1461,2,1,1,1,1
2016160047359,2,1,0,9,0,5,0,0,0,0,1,1,6,1,24,5,-1,-1,-1,7,1,7
2016160047390,1,9,0,18,0,0,0,0,0,0,1,1,6,1,42,7,1595,1,6,3,1,3
2016160047390,2,9,0,18,0,0,0,0,0,0,2,1,6,1,42,7,1368,1,1,1,1,1
2016160047390,3,9,0,18,0,0,0,0,0,0,2,1,6,2,24,5,-1,-1,-1,10,2,10
2016160047468,1,9,0,13,0,0,2,0,1,0,1,1,5,1,20,4,1994,1,11,8,2,8
2016160047495,1,3,0,18,0,8,0,0,0,0,1,1,5,1,19,4,124,1,3,1,1,1
2016160047495,2,9,0,9,0,5,0,0,0,0,3,1,5,2,34,6,1598,1,13,2,1,2
2016160047515,1,1,0,18,0,2,0,0,0,0,3,1,5,1,14,3,-1,-1,-1,1,1,1
2016160047515,2,9,0,9,0,2,0,0,0,0,1,1,5,1,67,10,1298,1,13,1,1,1
2016160047520,1,9,0,18,0,0,0,0,0,0,2,1,6,1,23,5,1900,2,18,-1,-1,-1
2016160047520,2,9,0,18,0,0,0,0,0,0,1,1,6,1,28,6,1248,2,-1,6,3,6
2016160047539,1,1,0,4,0,1,0,0,0,0,2,1,2,1,18,4,-1,-1,-1,5,1,5
2016160047539,2,9,0,13,0,1,0,0,0,0,4,1,6,2,26,6,998,1,4,7,3,7
2016160047558,1,9,0,18,0,8,1,4,0,0,3,1,5,2,41,7,1998,2,10,1,1,1
2016160047558,2,9,0,18,0,8,1,0,0,0,1,1,5,2,18,4,1360,1,9,1,1,1
2016160047558,3,9,0,2,0,2,0,4,0,0,3,1,5,3,48,8,1998,1,13,-1,-1,-1
2016160047558,4,9,0,2,0,2,0,0,0,0,2,1,5,3,34,6,1997,2,15,1,1,1
2016160047638,1,9,0,18,0,1,0,0,0,0,2,1,6,2,25,5,898,1,1,9,2,9
2016160047638,2,9,0,18,0,1,0,0,0,0,1,1,6,1,40,7,1968,2,1,3,1,3
2016160047668,1,9,0,14,0,0,0,0,0,0,4,1,6,3,-1,-1,-1,-1,-1,-1,-1,-1
2016160047668,2,1,0,18,0,0,0,0,0,0,3,1,6,1,44,7,-1,-1,-1,4,1,4
2016160047840,1,9,0,18,0,0,0,0,0,0,4,1,3,2,40,7,1598,1,4,3,1,3
2016160047840,2,9,0,5,0,0,0,0,0,0,3,1,3,1,35,6,1596,1,5,2,3,2
2016160047913,1,9,0,17,0,0,5,0,1,9,4,1,2,1,55,8,1560,2,10,5,3,5
2016160047913,2,9,0,16,0,0,0,0,0,0,0,1,6,3,-1,-1,-1,-1,-1,-1,-1,-1
2016160047915,1,9,0,8,0,4,0,0,0,0,1,1,1,1,26,6,1598,2,1,9,3,9
2016160047915,2,9,0,7,0,4,0,0,0,0,2,1,5,2,61,9,1598,1,7,7,1,7
2016160047928,1,5,0,13,0,0,0,0,7,11,1,1,6,1,58,9,839,1,7,5,3,5
2016160047928,2,9,0,13,0,0,0,0,0,0,3,1,6,1,54,8,1560,2,5,5,3,5
2016160047952,1,2,0,18,0,0,1,10,1,0,1,1,5,2,70,10,49,1,1,4,1,4
2016160047981,1,9,0,18,0,0,0,0,0,0,1,1,5,2,24,5,1896,2,13,1,1,1
2016160047981,2,9,0,18,0,0,0,0,0,0,1,1,3,2,33,6,1595,1,7,1,1,1
2016160048031,1,9,0,18,0,0,0,0,0,0,1,1,1,1,58,9,1896,2,9,1,1,1
2016160048061,1,21,1,18,0,0,2,0,1,0,4,1,1,1,43,7,12809,2,3,5,1,5
2016160048078,1,9,0,10,0,1,0,0,0,0,2,1,5,1,59,9,-1,-1,-1,9,2,9
2016160048078,2,98,0,18,0,1,0,0,0,0,1,1,5,2,25,5,-1,-1,-1,4,3,4
2016160048103,1,3,0,18,0,0,0,0,0,0,1,1,6,1,23,5,125,1,5,3,3,3
2016160048103,2,9,0,2,0,0,0,0,0,0,2,1,6,1,42,7,1896,2,11,3,1,3
2016160048167,1,1,0,18,0,1,0,0,0,0,1,1,6,2,23,5,-1,-1,-1,-1,-1,-1
2016160048167,2,9,0,18,0,6,0,0,0,0,1,1,6,1,50,8,-1,-1,-1,7,1,7
2016160048184,1,1,0,18,0,0,0,0,0,0,1,1,2,2,22,5,-1,-1,-1,9,2,9
2016160048184,2,9,0,13,0,0,0,0,0,0,2,1,6,3,-1,-1,-1,-1,-1,-1,-1,-1
2016160048385,1,9,0,18,0,3,0,0,0,0,1,1,2,2,37,7,1349,1,6,8,1,8
2016160048412,1,5,0,17,0,0,1,0,7,0,1,1,5,1,21,5,689,1,1,1,1,1
2016160048438,1,9,0,5,0,4,0,0,0,0,1,1,6,2,34,6,1995,2,8,7,2,7
2016160048438,2,9,0,18,0,4,0,0,0,0,1,1,6,1,84,11,1391,1,19,10,1,10
2016160048467,1,9,0,18,0,1,0,4,0,0,1,1,6,2,70,10,1197,1,1,6,1,6
2016160048467,2,9,0,2,0,2,0,0,0,0,2,1,6,3,-1,-1,1598,1,3,2,1,2
2016160048499,1,9,0,7,0,5,0,0,0,0,3,1,6,1,32,6,2148,2,9,1,1,1
2016160048499,2,1,0,18,0,6,0,0,0,0,1,1,6,1,17,4,-1,-1,-1,1,1,1
2016160048512,1,9,0,9,0,5,0,0,0,0,2,1,5,1,19,4,-1,-1,-1,6,3,6
2016160048512,2,9,0,18,0,8,0,0,0,0,1,1,5,2,18,4,1198,1,12,10,3,10
2016160048606,1,9,0,12,0,0,0,0,0,0,3,1,6,1,27,6,1199,1,15,4,1,4
2016160048606,2,2,0,11,0,0,0,0,0,0,4,1,6,1,32,6,-1,-1,-1,5,1,5
2016160048715,1,9,0,18,0,1,0,0,0,0,2,1,6,1,18,4,1598,2,3,7,1,7
2016160048715,2,9,0,18,0,1,0,0,0,0,1,1,6,1,71,10,2184,2,12,7,3,7
2016160048745,1,9,0,18,0,1,0,0,0,0,1,1,5,1,47,8,1587,1,12,4,1,4
2016160048745,2,1,0,18,0,6,0,0,0,0,3,1,5,1,28,6,-1,-1,-1,1,1,1
2016160048774,1,9,0,16,0,0,2,0,7,10,1,1,2,2,28,6,1149,1,12,5,1,5
2016160048791,1,9,0,9,0,6,0,0,0,0,3,1,2,2,50,8,998,1,6,8,1,8
2016160048791,2,9,0,18,0,8,0,0,0,0,1,1,2,2,25,5,1998,2,14,4,1,4
2016160048845,1,9,0,18,0,1,0,7,0,0,1,1,5,1,76,11,1997,2,11,1,1,1
2016160048855,1,9,0,9,0,8,0,0,0,0,1,1,6,2,39,7,1242,1,8,5,1,5
2016160048855,2,9,0,18,0,8,0,0,0,0,3,1,6,1,67,10,1598,1,11,5,1,5
2016160048903,1,9,0,18,0,2,0,0,0,0,1,1,2,1,44,7,1995,2,13,6,1,6
2016160048948,1,9,0,18,0,8,0,0,0,0,4,1,6,1,51,8,998,1,4,4,2,4
2016160048948,2,9,0,5,0,8,0,0,0,0,1,1,6,2,56,9,1997,1,11,5,1,5
2016160048950,1,1,0,18,9,8,0,0,0,0,1,1,4,1,18,4,-1,-1,-1,9,1,9
2016160048950,2,9,0,7,9,5,0,0,0,0,4,1,3,2,28,6,1995,1,8,7,2,7
2016160048988,1,9,0,18,0,1,1,0,0,0,1,1,2,2,27,6,1391,1,14,2,1,2
2016160048988,2,21,0,7,0,5,0,0,0,0,3,1,1,1,57,9,12740,2,3,6,1,6
2016160049057,1,3,0,4,0,0,0,0,0,0,2,1,6,1,19,4,-1,-1,-1,5,3,5
2016160049057,2,9,0,18,0,0,0,0,0,0,1,1,6,1,43,7,998,1,4,5,2,5
2016160049110,1,2,0,14,0,0,0,0,0,0,2,1,6,1,28,6,49,1,1,3,1,3
2016160049110,2,98,0,2,0,0,0,0,0,0,0,1,6,3,54,8,-1,-1,-1,-1,-1,-1
2016160049229,1,9,0,7,2,5,0,0,0,0,0,1,2,1,32,6,1390,1,7,-1,-1,-1
2016160049229,2,9,0,18,2,1,0,0,0,0,0,1,1,1,51,8,-1,-1,-1,-1,-1,-1
2016160049237,1,9,0,3,0,0,0,0,0,0,2,1,5,1,28,6,1596,1,14,1,1,1
2016160049237,2,9,0,18,0,0,0,0,0,0,1,1,5,2,38,7,1598,1,2,1,1,1
2016160049249,1,9,0,9,0,5,0,0,0,0,1,1,6,1,79,11,1497,8,3,9,1,9
2016160049249,2,1,0,18,0,8,0,0,0,0,3,1,6,1,45,7,-1,-1,-1,9,1,9
2016160049264,1,3,0,18,0,0,0,4,0,0,1,1,6,1,24,5,124,1,6,4,3,4
2016160049264,2,9,0,12,0,0,0,0,0,0,0,1,6,1,56,9,1587,1,14,7,3,7