Accident_Index,Vehicle_Reference,Vehicle_Type,Towing_and_Articulation,Vehicle_Manoeuvre,Vehicle_Location-Restricted_Lane,Junction_Location,Skidding_and_Overturning,Hit_Object_in_Carriageway,Vehicle_Leaving_Carriageway,Hit_Object_off_Carriageway,1st_Point_of_Impact,Was_Vehicle_Left_Hand_Drive?,Journey_Purpose_of_Driver,Sex_of_Driver,Age_of_Driver,Age_Band_of_Driver,Engine_Capacity_(CC),Propulsion_Code,Age_of_Vehicle,Driver_IMD_Decile,Driver_Home_Area_Type,Vehicle_IMD_Decile
2016160049264,3,9,0,2,0,0,0,0,0,0,2,1,5,1,47,8,1360,1,11,4,3,4
2016160049270,1,9,0,18,0,8,0,0,0,0,1,1,5,1,38,7,1364,1,7,5,3,5
2016160049270,2,8,0,7,0,6,0,0,0,0,1,1,1,1,31,6,-1,-1,-1,1,1,1
2016160049301,1,9,0,18,0,0,0,0,0,0,3,1,6,1,77,11,1997,2,7,3,2,3
2016160049301,2,9,0,18,0,0,0,0,0,0,4,1,2,2,50,8,1398,1,6,3,2,3
2016160049301,3,9,0,18,0,0,0,0,0,0,4,1,6,1,57,9,1389,1,18,7,1,7
2016160049311,1,11,0,3,0,0,0,0,0,0,2,1,1,1,31,6,4500,2,9,-1,-1,-1
2016160049311,2,9,0,3,0,0,0,0,0,0,2,1,6,3,25,5,-1,-1,-1,-1,-1,-1
2016160049311,3,10,0,3,0,0,0,0,0,0,2,1,1,1,56,9,2198,2,4,-1,-1,-1
2016160049311,4,19,0,4,0,0,1,0,0,0,1,1,6,3,45,7,2198,2,-1,-1,-1,-1
2016160049312,1,9,0,17,0,0,0,0,1,9,1,1,5,2,80,11,1296,1,9,3,3,3
2016160049342,1,9,0,18,0,1,0,0,0,0,1,1,5,1,82,11,1995,2,4,6,2,6
2016160049342,2,9,0,10,0,1,0,0,0,0,2,1,2,1,56,9,1951,2,15,2,1,2
2016160049362,1,9,0,18,0,0,0,0,0,0,0,1,6,1,76,11,2000,2,8,6,2,6
2016160049362,2,9,0,18,0,0,0,0,1,11,3,1,6,1,20,4,1242,1,8,8,2,8
2016160049370,1,11,0,5,0,1,0,0,0,0,0,1,1,2,44,7,8268,2,11,3,1,3
2016160049397,1,9,0,7,0,8,0,0,0,0,4,1,6,3,-1,-1,-1,-1,-1,-1,-1,-1
2016160049397,2,1,0,18,4,8,0,0,0,0,3,1,6,1,50,8,-1,-1,-1,7,3,7
2016160049402,1,9,0,9,0,8,0,0,0,0,1,1,5,1,18,4,973,1,15,5,3,5
2016160049402,2,9,0,18,0,8,0,0,0,0,1,1,5,1,79,11,-1,-1,-1,3,1,3
2016160049423,1,19,0,18,0,0,0,0,0,0,2,1,6,1,52,8,1896,2,22,1,1,1
2016160049423,2,9,0,18,0,0,1,0,0,0,1,1,6,1,51,8,1124,1,13,3,1,3
2016160049443,1,21,1,1,0,0,0,0,0,0,2,1,1,1,25,5,10837,2,5,7,3,7
2016160049443,2,9,0,3,0,0,0,0,0,0,1,1,6,1,51,8,2987,2,8,10,1,10
2016160049455,1,1,0,18,0,8,0,0,0,0,4,1,6,1,23,5,-1,-1,-1,5,1,5
2016160049455,2,9,0,7,0,6,0,0,0,0,1,1,6,1,64,9,1753,2,13,1,1,1
2016160049472,1,9,0,5,0,2,0,0,0,0,1,1,6,1,31,6,1956,2,5,3,3,3
2016160049472,2,2,0,18,0,2,0,0,0,0,1,1,6,1,16,4,49,1,9,1,1,1
2016160049548,1,11,0,4,0,1,0,0,0,0,0,1,1,1,53,8,-1,-1,-1,7,1,7
2016160049596,1,9,0,4,0,0,0,0,0,0,2,1,6,2,45,7,998,1,1,7,3,7
2016160049596,2,9,0,18,0,0,0,0,0,0,1,1,6,1,50,8,1968,2,5,6,3,6
2016160049600,1,9,0,9,0,6,0,0,0,0,2,1,6,2,39,7,1598,1,9,5,1,5
2016160049600,2,9,0,9,0,6,0,0,0,0,1,1,6,1,40,7,1988,2,11,5,1,5
2016160049619,1,9,0,9,0,4,0,0,0,0,1,1,6,2,32,6,1598,1,13,5,1,5
2016160049619,2,1,0,9,0,8,0,0,0,0,1,1,6,1,33,6,-1,-1,-1,1,1,1
2016160049641,1,21,0,18,0,0,0,0,0,0,1,1,1,1,44,7,8970,2,10,1,1,1
2016160049667,1,9,0,7,0,6,0,0,0,0,1,1,6,2,40,7,1242,1,6,4,1,4
2016160049667,2,2,0,18,0,1,0,0,0,0,2,1,6,2,16,4,49,1,7,8,1,8
2016160049688,1,8,0,18,0,0,0,0,0,0,1,1,1,1,41,7,1997,2,8,-1,-1,-1
2016160049688,2,9,0,4,0,0,0,0,0,0,2,1,3,2,34,6,1796,1,5,8,1,8
2016160049719,1,9,0,9,0,8,0,0,0,0,1,1,6,3,27,6,1242,1,14,-1,-1,-1
2016160049719,2,1,0,3,0,8,0,0,0,0,1,1,6,1,10,2,-1,-1,-1,1,1,1
2016160049754,1,1,0,18,5,8,0,0,0,0,1,1,6,2,57,9,-1,-1,-1,2,1,2
2016160049754,2,9,0,18,0,6,0,0,0,0,4,1,6,1,50,8,2495,2,27,9,1,9
2016160049798,1,21,1,9,0,5,0,0,0,0,3,1,1,1,47,8,12740,2,4,7,3,7
2016160049798,2,9,0,4,0,1,0,0,0,0,1,1,1,2,28,6,2496,2,13,8,1,8
2016160049837,1,1,0,18,0,0,0,0,0,0,1,1,1,1,39,7,-1,-1,-1,4,1,4
2016160049837,2,98,0,2,0,0,0,0,0,0,2,1,1,1,-1,-1,-1,-1,-1,-1,-1,-1
2016160049976,1,9,0,5,0,8,0,0,0,0,4,1,6,2,77,11,1598,1,10,6,3,6
2016160049976,2,9,0,18,0,6,0,0,0,0,1,1,6,1,79,11,1975,2,19,9,1,9
2016160049976,3,9,0,3,0,1,0,0,0,0,1,1,6,1,56,9,2835,2,21,3,1,3
2016160050083,1,9,0,2,0,0,0,0,0,0,1,1,6,3,-1,-1,1598,1,3,-1,-1,-1
2016160050083,2,9,0,1,0,0,0,0,0,0,2,1,3,2,30,6,1397,1,8,1,1,1
2016160050385,1,9,0,14,0,0,0,4,0,0,4,1,6,2,37,7,2477,2,12,5,1,5
2016160050385,2,9,0,2,0,0,0,0,0,0,3,1,6,1,35,6,1390,1,5,4,1,4
2016160050422,1,19,0,9,0,3,0,0,0,0,1,1,6,1,54,8,1399,2,7,3,1,3
2016160050475,1,1,0,18,0,0,0,0,0,0,3,1,6,2,51,8,-1,-1,-1,3,1,3
2016160050475,2,9,0,13,0,0,0,0,0,0,4,1,6,3,-1,-1,-1,-1,-1,-1,-1,-1
2016160050518,1,9,0,18,0,0,0,0,0,0,3,1,6,2,55,8,1364,1,8,4,1,4
2016160050518,2,9,0,18,0,0,0,0,0,0,1,1,6,2,39,7,1364,1,10,3,1,3
2016160050735,1,9,0,5,0,0,0,0,0,0,3,1,5,2,21,5,973,1,13,1,1,1
2016160050735,2,2,0,13,0,0,0,0,0,0,4,1,2,2,44,7,49,1,4,1,1,1
2016160050769,1,9,0,9,0,6,0,0,0,0,1,1,3,2,29,6,2148,2,13,3,2,3
2016160050769,2,9,0,18,0,8,0,0,0,0,4,1,5,2,57,9,1984,1,10,8,3,8
2016160050775,1,1,0,18,9,0,0,0,0,0,1,1,6,2,28,6,-1,-1,-1,-1,-1,-1
2016160050786,1,21,1,5,0,1,0,0,0,0,1,1,1,1,32,6,10308,2,3,1,1,1
2016160050786,2,9,0,3,0,1,0,0,0,0,2,1,5,1,67,10,1598,1,13,1,1,1
2016160050786,3,9,0,3,0,1,0,0,0,0,2,1,5,2,53,8,1598,1,12,4,1,4
2016160050804,1,9,0,7,0,6,0,0,0,0,1,1,6,3,-1,-1,-1,-1,-1,-1,-1,-1
2016160050804,2,1,0,18,0,1,0,0,0,0,1,1,6,1,17,4,-1,-1,-1,5,1,5
2016160050806,1,9,0,13,0,0,0,0,0,0,1,1,6,1,54,8,1496,2,2,-1,-1,-1
2016160050806,2,5,0,18,0,0,0,0,0,0,2,1,6,1,33,6,600,1,16,7,3,7
2016160050860,1,11,0,7,0,5,0,0,0,0,0,1,1,1,48,8,-1,-1,-1,-1,-1,-1
2016160050861,1,9,0,18,0,1,0,0,0,0,4,1,1,1,25,5,1997,2,8,2,1,2
2016160050863,1,9,0,10,0,2,0,0,0,0,2,1,6,2,32,6,1398,2,5,9,3,9
2016160050863,2,9,0,4,0,1,0,0,0,0,2,1,6,2,38,7,1910,2,10,5,3,5
2016160050863,3,9,0,18,0,1,0,0,0,0,1,1,6,1,49,8,1796,1,4,7,1,7
2016160050874,1,9,0,9,0,0,0,0,0,0,0,1,6,3,-1,-1,-1,-1,-1,-1,-1,-1
2016160050874,2,1,0,18,0,0,0,0,0,0,0,1,6,2,50,8,-1,-1,-1,3,1,3
2016160050888,1,5,0,18,2,8,0,0,0,0,1,1,2,1,23,5,599,1,14,10,3,10
2016160050888,2,9,0,9,2,5,0,0,0,0,1,1,6,1,37,7,1896,2,17,3,1,3
2016160050900,1,9,0,18,0,0,0,0,0,0,2,1,6,1,28,6,3189,1,10,5,2,5
2016160050900,2,9,0,18,0,0,0,0,0,0,1,1,6,1,51,8,1997,2,1,1,1,1
2016160050941,1,9,0,9,0,6,0,0,0,0,3,1,5,1,70,10,1329,1,5,6,2,6
2016160050941,2,9,0,18,0,8,0,0,0,0,1,1,6,2,53,8,1598,2,4,9,2,9
2016160050971,1,9,0,13,0,0,0,0,0,0,1,1,5,2,34,6,1461,2,5,7,3,7
2016160050971,2,9,0,9,0,0,0,0,0,0,3,1,5,2,37,7,1997,2,16,7,1,7
2016160051055,1,9,0,7,0,3,0,0,0,0,4,1,5,2,29,6,1399,2,7,1,1,1
2016160051075,1,9,0,18,0,0,0,0,0,0,1,1,1,2,45,7,1686,2,5,7,3,7
2016160051075,2,9,0,7,0,0,0,0,0,0,2,1,5,1,50,8,2835,2,21,3,1,3
2016160051113,1,9,0,18,0,1,0,0,0,0,1,1,5,2,48,8,1798,1,10,7,1,7
2016160051141,1,9,0,9,0,6,0,0,0,0,3,1,6,2,57,9,1242,1,5,9,2,9
2016160051141,2,9,0,18,0,8,0,0,0,0,1,1,6,1,52,8,1794,1,14,10,1,10
2016160051232,1,9,0,1,0,0,0,0,0,0,2,1,6,3,-1,-1,1496,2,1,8,1,8
2016160051249,1,9,0,13,0,0,0,0,0,0,1,1,6,3,-1,-1,-1,-1,-1,-1,-1,-1
2016160051249,2,1,0,18,0,0,0,0,0,0,3,1,6,1,14,3,-1,-1,-1,7,1,7
2016160051283,1,1,0,9,0,3,0,0,0,0,2,1,1,1,28,6,-1,-1,-1,3,2,3
2016160051283,2,9,0,9,0,3,0,0,0,0,1,1,6,3,-1,-1,-1,-1,-1,-1,-1,-1
2016160051306,1,9,0,16,0,0,1,0,0,0,1,1,1,1,31,6,1598,2,2,10,1,10
2016160051306,2,9,0,17,0,0,1,0,0,0,1,1,5,1,60,9,1582,2,5,9,3,9
2016160051331,1,9,0,18,0,0,0,0,0,0,1,1,6,3,-1,-1,-1,-1,-1,-1,-1,-1
2016160051331,2,9,0,18,0,0,0,0,0,0,2,1,6,2,27,6,998,1,8,3,1,3
2016160051365,1,9,0,18,0,0,0,0,0,0,1,1,6,1,20,4,1149,1,12,10,2,10
2016160051365,2,9,0,9,0,0,0,0,0,0,2,1,6,2,27,6,1598,1,8,1,1,1
2016160051393,1,5,0,18,0,0,0,0,0,0,4,1,6,1,32,6,49,1,1,4,3,4
2016160051400,1,9,0,18,0,0,0,0,0,0,1,1,5,2,53,8,2993,2,10,3,1,3
2016160051447,1,5,0,18,0,0,1,0,0,0,3,1,2,1,33,6,749,1,20,10,1,10
2016160051512,1,9,0,9,0,8,0,0,0,0,1,1,6,2,35,6,1910,2,8,4,2,4
2016160051512,2,9,0,18,0,8,0,0,0,0,1,1,6,1,62,9,1896,2,13,6,1,6
2016160051580,1,9,0,16,0,0,5,0,0,0,1,1,6,1,68,10,1968,2,5,7,2,7
2016160051617,1,9,0,7,0,6,0,0,0,0,1,1,6,1,53,8,1997,2,12,1,1,1
2016160051617,2,1,0,18,0,8,0,0,0,0,1,1,6,2,55,8,-1,-1,-1,5,1,5
2016160051633,1,9,0,18,0,8,0,0,0,0,3,1,5,2,26,6,1242,1,5,4,1,4
2016160051633,2,9,0,7,0,5,0,0,0,0,4,1,6,2,45,7,1796,1,17,-1,-1,-1
2016160051718,1,9,0,18,0,0,0,4,0,0,1,1,5,1,82,11,1596,1,10,5,1,5
2016160051718,2,9,0,2,0,0,0,0,0,0,1,1,6,3,-1,-1,1598,1,6,-1,-1,-1
2016160051718,3,9,0,2,0,0,0,0,0,0,2,1,6,3,-1,-1,1968,2,6,-1,-1,-1
2016160051718,4,9,0,2,0,0,0,0,0,0,2,1,6,3,-1,-1,1968,2,3,-1,-1,-1
2016160051767,1,9,0,18,0,0,0,0,0,0,2,1,1,1,43,7,1956,2,5,6,1,6
2016160051767,2,9,0,18,0,0,0,0,0,0,1,1,6,2,76,11,1360,1,13,6,1,6
2016160051825,1,9,0,4,0,0,0,0,0,0,4,1,5,1,38,7,2499,2,14,7,3,7
2016160051864,1,9,0,18,0,1,0,0,0,0,2,1,5,2,43,7,1390,1,14,1,1,1
2016160051864,2,9,0,18,0,1,1,0,0,0,1,1,5,1,48,8,1398,2,14,9,1,9
2016160051867,1,9,0,18,0,1,0,0,0,0,1,1,5,1,50,8,1781,1,11,6,1,6
2016160051904,1,9,0,16,0,0,1,0,7,4,1,1,2,1,32,6,1499,2,1,6,2,6
2016160051917,1,9,0,18,0,0,0,0,0,0,1,1,5,1,73,10,1149,1,10,6,1,6
2016160051971,1,9,0,18,0,0,0,0,0,0,3,1,2,1,35,6,1598,1,12,7,1,7
2016160051971,2,1,0,5,0,0,0,0,0,0,1,1,4,1,14,3,-1,-1,-1,-1,-1,-1
2016160051994,1,1,0,7,0,5,0,0,0,0,4,1,2,1,26,6,-1,-1,-1,9,1,9
2016160051994,2,3,0,18,0,8,0,0,0,0,1,1,2,1,21,5,124,1,-1,5,1,5
2016160052012,1,21,0,18,0,0,0,7,6,6,1,1,1,1,54,8,6693,2,3,1,1,1
2016160052248,1,9,0,9,0,5,0,0,0,0,2,1,5,2,53,8,1195,1,19,3,1,3
2016160052248,2,3,0,18,0,1,0,0,0,0,1,1,5,1,33,6,124,1,5,1,1,1
2016160052275,1,9,0,18,0,8,0,0,0,0,1,1,5,1,22,5,1149,1,14,1,1,1
2016160052275,2,9,0,9,0,6,0,0,0,0,1,1,2,1,37,7,1956,2,4,9,1,9
2016160052306,1,9,0,18,0,2,0,0,0,0,3,1,6,1,25,5,1999,1,9,1,1,1
2016160052306,2,9,0,18,0,2,0,0,0,0,4,1,6,1,22,5,-1,-1,-1,1,1,1
2016160052318,1,9,0,5,8,0,0,0,0,0,1,1,5,1,43,7,1753,2,13,1,1,1
2016160052318,2,1,0,18,0,0,0,0,0,0,2,1,5,1,53,8,-1,-1,-1,1,1,1
2016160052429,1,9,0,18,7,0,0,12,0,0,1,1,6,1,28,6,1910,2,11,4,2,4
2016160052429,2,98,0,2,6,0,0,12,0,0,2,1,6,3,-1,-1,-1,-1,-1,-1,-1,-1
2016160052432,1,9,0,18,0,0,0,0,0,0,3,1,6,2,25,5,1968,2,6,-1,-1,-1
2016160052432,2,9,0,18,0,0,0,0,0,0,3,1,6,2,60,9,998,1,8,4,3,4
2016160052501,1,9,0,9,0,6,0,0,0,0,2,1,6,2,56,9,1560,2,3,8,1,8
2016160052501,2,9,0,9,0,6,0,0,0,0,1,1,6,3,-1,-1,-1,-1,-1,-1,-1,-1
2016160052603,1,1,0,18,0,0,0,0,0,0,1,1,6,1,12,3,-1,-1,-1,5,1,5
2016160052603,2,9,0,18,0,0,0,0,0,0,1,1,5,2,70,10,1995,2,-1,-1,-1,-1
2016160052650,1,11,0,18,0,0,0,0,0,0,0,1,1,1,51,8,6871,2,6,1,1,1
2016160052714,1,1,0,18,0,8,0,0,0,0,1,1,6,1,14,3,-1,-1,-1,1,1,1
2016160052714,2,9,0,18,0,1,0,0,0,0,1,1,6,3,-1,-1,-1,-1,-1,-1,-1,-1
2016160052720,1,9,0,18,0,0,0,0,0,0,4,1,6,1,43,7,1956,2,2,4,1,4
2016160052720,2,9,0,5,0,0,0,0,0,0,3,1,6,2,38,7,1397,1,15,10,2,10
2016160052760,1,10,0,1,0,0,0,0,0,0,2,1,1,3,38,7,-1,-1,-1,-1,-1,-1
2016160052760,2,8,0,5,0,0,0,0,0,0,1,1,1,1,31,6,1997,2,5,1,1,1
2016160052806,1,1,0,18,0,8,0,4,0,0,1,1,6,2,26,6,-1,-1,-1,1,1,1
2016160052806,2,9,0,9,0,6,0,0,0,0,0,1,6,3,52,8,2295,1,14,3,1,3
2016160052866,1,9,0,14,0,0,0,0,0,0,1,1,1,2,26,6,1796,1,13,1,1,1
2016160053104,1,9,0,4,0,2,0,0,0,0,3,1,5,1,67,10,1560,2,3,3,1,3
2016160053175,1,9,0,7,0,6,0,0,0,0,1,1,2,1,54,8,1598,1,13,3,1,3
2016160053223,1,9,0,18,0,0,5,0,1,0,1,1,5,2,62,9,3200,2,11,6,3,6
2016160053294,1,21,1,18,0,1,0,0,0,0,1,1,5,1,38,7,12900,2,5,5,2,5
2016160053294,2,9,0,18,0,1,0,0,0,0,2,1,5,1,60,9,1149,1,10,5,3,5
2016160053311,1,9,0,18,0,5,0,0,0,0,1,1,1,2,41,7,1343,1,12,1,1,1
2016160053340,1,90,0,18,0,0,0,0,0,0,1,1,5,1,31,6,-1,-1,-1,2,1,2
2016160053427,1,9,0,18,0,2,0,0,1,2,1,1,5,2,42,7,1798,1,6,5,1,5
2016160053568,1,3,0,18,0,1,0,0,0,0,1,1,6,1,27,6,125,1,-1,1,1,1
2016160053569,1,8,0,18,0,8,0,0,0,0,1,1,1,1,60,9,1798,8,1,1,1,1
2016160053570,1,9,0,4,0,1,0,0,0,0,1,1,2,2,28,6,1349,1,3,9,2,9
2016160053589,1,19,0,18,0,0,0,0,0,0,2,1,6,1,51,8,1968,2,1,3,1,3
2016160053589,2,19,0,18,0,0,0,0,0,0,1,1,6,1,51,8,2402,2,11,-1,-1,-1
2016160053592,1,9,0,18,0,0,0,0,0,0,2,1,5,2,35,6,1753,2,12,5,1,5
2016160053592,2,9,0,18,0,0,0,0,0,0,1,1,5,1,35,6,1995,2,12,3,1,3
2016160053618,1,9,0,18,0,8,0,0,0,0,4,1,5,2,30,6,1364,1,11,5,1,5
2016160053618,2,9,0,7,0,6,0,0,0,0,1,1,5,1,21,5,973,1,14,7,1,7
2016160053696,1,3,0,18,0,0,0,0,0,0,1,1,5,1,24,5,85,1,29,1,1,1
2016160053793,1,1,0,18,0,8,0,0,4,0,2,1,2,1,29,6,-1,-1,-1,5,1,5
2016160053793,2,9,0,7,0,6,0,0,4,0,1,1,2,1,24,5,-1,-1,-1,1,1,1
2016160053974,1,9,0,18,0,0,1,0,0,0,3,1,5,1,22,5,1598,1,6,7,1,7
2016160053974,2,21,1,18,0,0,0,0,0,0,1,1,1,1,37,7,12419,2,2,7,3,7
2016160054018,1,9,0,16,0,0,1,0,0,0,1,1,6,1,18,4,1360,1,9,3,3,3
2016160054018,2,9,0,17,0,0,0,0,0,0,1,1,1,1,52,8,3200,2,1,-1,-1,-1
2016160054042,1,9,0,18,0,8,0,0,0,0,1,1,6,3,-1,-1,-1,-1,-1,-1,-1,-1
2016160054055,1,9,0,11,0,0,0,0,0,0,0,1,1,1,57,9,1584,1,8,2,1,2
2016160054055,2,9,0,18,0,0,0,0,0,0,0,1,5,1,26,6,1598,1,12,1,1,1
2016160054099,1,3,0,18,0,0,1,0,0,0,1,1,6,1,20,4,124,1,4,-1,-1,-1
2016160054099,2,9,0,5,0,0,0,0,0,0,3,1,6,1,73,10,1587,1,13,1,1,1
2016160054115,1,9,0,2,0,2,0,0,0,0,2,1,5,3,-1,-1,1896,2,9,-1,-1,-1
2016160054115,2,1,0,18,0,2,0,0,0,0,1,1,4,1,12,3,-1,-1,-1,7,1,7
2016160054121,1,9,0,9,0,5,0,0,0,0,4,1,6,1,71,10,1364,1,8,1,1,1
2016160054121,2,1,0,18,0,8,0,0,0,0,1,1,6,1,29,6,-1,-1,-1,2,1,2
2016160054122,1,11,0,18,0,0,0,0,0,0,0,1,1,1,47,8,4461,2,1,10,2,10
2016160054139,1,1,0,18,0,1,0,10,1,0,1,1,2,1,36,7,-1,-1,-1,7,2,7
2016160054156,1,9,0,18,0,0,0,0,1,0,1,1,5,3,-1,-1,1796,1,17,-1,-1,-1
2016160054182,1,9,0,18,0,0,0,0,0,0,1,1,6,1,48,8,1995,2,7,9,1,9
2016160054182,2,9,0,2,0,0,0,0,0,0,2,1,5,3,-1,-1,2967,2,8,-1,-1,-1
2016160054193,1,9,0,7,0,6,0,0,0,0,1,1,5,2,23,5,1753,2,9,1,1,1
2016160054193,2,1,0,18,0,8,0,0,0,0,4,1,5,2,23,5,-1,-1,-1,4,1,4
2016160054208,1,9,0,18,0,8,0,0,0,0,1,1,5,1,35,6,1299,1,16,3,1,3
2016160054208,2,9,0,18,0,6,0,0,0,0,4,1,6,3,-1,-1,1582,2,1,-1,-1,-1
2016160054226,1,9,0,18,0,8,0,0,0,0,1,1,5,1,86,11,1399,1,8,7,3,7
2016160054251,1,9,0,11,0,5,2,0,1,9,1,1,5,1,21,5,1242,1,10,7,1,7
2016160054284,1,9,0,18,0,1,1,0,1,0,2,1,5,1,22,5,2400,2,5,6,1,6
2016160054284,2,9,0,18,0,1,1,0,0,0,1,1,5,2,56,9,2967,2,6,3,3,3
2016160054290,1,9,0,9,0,5,0,0,0,0,2,1,2,1,20,4,1598,1,6,7,1,7
2016160054290,2,5,0,4,0,1,0,0,0,0,1,1,2,1,41,7,599,1,6,1,1,1
2016160054319,1,9,0,18,0,1,0,0,0,0,3,1,5,1,39,7,-1,-1,-1,1,1,1
2016160054319,2,9,0,2,0,2,0,0,0,0,3,1,2,2,43,7,1685,2,3,2,1,2
2016160054328,1,19,0,7,0,6,0,0,0,0,1,1,6,1,29,6,1598,2,5,4,1,4
2016160054328,2,1,0,18,0,8,0,0,0,0,4,1,6,1,40,7,-1,-1,-1,1,1,1
2016160054330,1,9,0,16,0,0,1,0,7,2,1,1,6,1,21,5,1388,1,14,1,1,1
2016160054336,1,9,0,9,0,5,0,0,0,0,1,1,6,2,26,6,1198,1,10,1,1,1
2016160054336,2,1,0,18,0,8,0,0,0,0,1,1,6,1,29,6,-1,-1,-1,9,1,9
2016160054345,1,9,0,17,0,0,0,4,0,0,1,1,5,1,94,11,1242,1,7,1,1,1
2016160054345,2,9,0,2,0,0,0,4,0,0,1,1,6,3,-1,-1,1560,2,7,-1,-1,-1
2016160054345,3,9,0,2,0,0,0,0,0,0,0,1,6,3,-1,-1,998,1,13,-1,-1,-1
2016160054573,1,2,0,18,0,0,1,0,0,0,3,1,6,2,16,4,49,1,8,2,1,2
2016160054583,1,9,0,9,0,5,0,0,0,0,4,1,1,1,25,5,-1,-1,-1,9,1,9
2016160054583,2,3,0,18,0,8,0,0,0,0,1,1,2,1,18,4,124,1,7,4,1,4
2016160054607,1,9,0,3,0,1,0,0,0,0,1,1,2,2,47,8,1598,2,2,5,2,5
2016160054607,2,9,0,5,0,1,0,0,0,0,2,1,5,1,30,6,1910,2,9,8,2,8
2016160054768,1,11,0,12,0,0,0,0,0,0,1,1,1,1,62,9,8268,2,10,6,1,6
2016160054768,2,9,0,18,0,0,0,0,0,0,4,1,6,2,62,9,1242,1,6,6,1,6
2016160054833,1,9,0,18,0,0,0,0,0,0,1,1,6,3,-1,-1,1149,1,13,-1,-1,-1
2016160054833,2,9,0,2,0,0,0,0,0,0,2,1,6,2,41,7,1497,1,13,4,1,4
2016160054862,1,9,0,18,0,0,0,0,0,0,1,1,6,2,22,5,998,1,2,-1,-1,-1
2016160054862,2,9,0,18,0,0,0,0,0,0,2,1,6,1,47,8,1598,1,13,9,1,9
2016160054917,1,1,0,7,0,5,1,10,0,0,4,1,6,1,43,7,-1,-1,-1,6,1,6
2016160054924,1,9,0,18,0,1,0,0,0,0,1,1,6,1,30,6,998,1,15,4,1,4
2016160054924,2,9,0,18,0,1,0,0,0,0,2,1,6,1,30,6,1364,1,10,1,1,1
2016160054935,1,9,0,7,0,6,0,0,0,0,1,1,6,2,-1,-1,-1,-1,-1,-1,-1,-1
2016160054935,2,1,0,18,0,8,0,0,0,0,4,1,6,1,37,7,-1,-1,-1,6,3,6
2016160054989,1,9,0,18,0,0,0,0,0,0,1,1,6,2,20,4,1199,1,13,6,2,6
2016160054989,2,9,0,18,0,0,0,0,0,0,2,1,6,2,39,7,1587,1,12,3,1,3
2016160055059,1,9,0,18,0,2,0,0,0,0,1,1,5,1,43,7,1796,1,10,7,3,7
2016160055059,2,9,0,4,0,2,0,0,0,0,2,1,5,2,27,6,1997,2,8,3,1,3
2016160055059,3,9,0,4,0,2,0,0,0,0,2,1,5,2,31,6,1229,1,2,10,3,10
2016160055068,1,9,0,9,0,0,0,0,0,0,1,1,5,1,49,8,1997,2,10,3,2,3
2016160055101,1,9,0,18,0,0,0,0,0,0,2,1,6,1,23,5,973,1,17,2,1,2
2016160055101,2,9,0,18,0,0,0,0,0,0,1,1,6,1,20,4,1896,2,15,4,1,4
2016160055106,1,9,0,8,0,1,0,0,0,0,2,1,2,2,39,7,1596,1,11,6,2,6
2016160055106,2,11,0,5,0,1,0,0,0,0,1,1,1,1,47,8,10000,2,31,1,1,1
2016160055151,1,9,0,18,0,0,1,10,7,10,1,1,5,2,17,4,1229,1,6,8,2,8
2016160055168,1,3,0,18,0,0,5,10,1,1,4,1,6,1,35,6,125,1,-1,6,2,6
2016160055173,1,9,0,16,0,0,0,0,0,0,1,1,5,3,-1,-1,-1,-1,-1,-1,-1,-1
2016160055173,2,3,0,17,0,0,0,0,0,0,3,1,5,2,19,4,124,1,2,7,2,7
2016160055211,1,9,0,9,0,5,0,0,0,0,1,1,1,2,19,4,1199,1,13,1,1,1
2016160055230,1,9,0,9,0,6,0,0,0,0,1,1,5,1,41,7,1995,2,13,2,1,2
2016160055230,2,9,0,18,0,8,0,0,0,0,4,1,5,2,24,5,1968,2,4,2,1,2
2016160055257,1,9,0,18,0,8,0,0,0,0,3,1,5,2,26,6,1598,1,9,8,1,8
2016160055257,2,9,0,9,0,8,0,0,0,0,1,1,5,2,36,7,1496,1,1,1,1,1
2016160055260,1,9,0,18,0,1,0,0,3,0,1,1,6,1,47,8,2400,2,8,5,2,5
2016160055277,1,9,0,18,0,2,0,0,0,0,1,1,6,2,40,7,1360,1,7,1,1,1
2016160055293,1,9,0,18,0,8,2,0,1,11,3,1,5,1,21,5,1984,1,20,6,1,6
2016160055304,1,9,0,9,0,6,0,0,0,0,1,1,6,1,65,9,-1,-1,-1,10,1,10
2016160055304,2,1,0,18,0,8,0,0,0,0,4,1,6,1,64,9,-1,-1,-1,10,1,10
2016160055319,1,9,0,9,0,8,0,0,0,0,1,1,5,1,47,8,1998,2,13,5,1,5
2016160055319,2,9,0,18,0,8,0,0,0,0,4,1,5,2,41,7,1364,1,2,1,1,1
2016160055333,1,98,0,15,0,1,0,0,0,0,3,1,1,1,41,7,-1,-1,-1,9,2,9
2016160055333,2,98,0,9,0,5,0,0,0,0,4,1,1,1,58,9,-1,-1,-1,1,1,1
2016160055424,1,9,0,18,0,6,0,0,0,0,4,1,5,2,49,8,1596,1,8,9,1,9
2016160055424,2,1,0,18,0,8,0,0,0,0,1,1,5,1,43,7,-1,-1,-1,-1,-1,-1
2016160055424,3,9,0,3,0,1,0,0,0,0,3,1,5,2,52,8,1999,1,3,4,3,4