Accident_Index,Vehicle_Reference,Vehicle_Type,Towing_and_Articulation,Vehicle_Manoeuvre,Vehicle_Location-Restricted_Lane,Junction_Location,Skidding_and_Overturning,Hit_Object_in_Carriageway,Vehicle_Leaving_Carriageway,Hit_Object_off_Carriageway,1st_Point_of_Impact,Was_Vehicle_Left_Hand_Drive?,Journey_Purpose_of_Driver,Sex_of_Driver,Age_of_Driver,Age_Band_of_Driver,Engine_Capacity_(CC),Propulsion_Code,Age_of_Vehicle,Driver_IMD_Decile,Driver_Home_Area_Type,Vehicle_IMD_Decile
2016160055429,1,9,0,18,0,6,0,0,0,0,1,1,2,1,45,7,1598,1,13,10,1,10
2016160055429,2,8,0,18,0,8,0,0,0,0,4,1,1,1,25,5,-1,-1,-1,5,1,5
2016160055455,1,5,0,18,0,8,1,0,0,0,1,1,2,2,51,8,649,1,18,1,1,1
2016160055455,2,9,0,9,0,6,0,0,0,0,3,1,1,1,38,7,1685,2,1,3,1,3
2016160055469,1,9,0,18,0,1,0,10,7,2,1,1,5,1,68,10,1199,1,13,1,1,1
2016160055511,1,5,0,4,0,0,1,0,0,0,1,1,5,1,39,7,999,1,9,9,1,9
2016160055511,2,5,0,4,0,0,0,0,0,0,3,1,5,1,43,7,-1,-1,-1,9,1,9
2016160055511,3,9,0,18,0,0,0,0,0,0,3,1,5,1,60,9,2987,2,9,7,2,7
2016160055547,1,9,0,18,0,0,0,0,1,7,1,1,5,2,25,5,1360,1,9,5,2,5
2016160055555,1,9,0,18,0,2,0,0,0,0,1,1,5,2,53,8,-1,3,2,7,3,7
2016160055569,1,1,0,18,0,3,0,0,0,0,3,1,5,2,55,8,-1,-1,-1,1,1,1
2016160055569,2,19,0,9,0,4,0,7,2,7,4,1,5,1,26,6,1998,2,13,1,1,1
2016160055590,1,9,0,9,0,8,0,0,0,0,3,1,1,1,-1,-1,1248,1,3,2,1,2
2016160055608,1,8,0,11,0,0,0,0,0,0,4,1,1,1,50,8,1560,2,9,3,1,3
2016160055608,2,21,1,18,0,0,0,0,0,0,1,1,1,1,45,7,12419,2,1,-1,-1,-1
2016160055636,1,9,5,18,0,0,0,0,0,0,0,1,5,1,40,7,1968,2,4,6,1,6
2016160055636,2,9,5,18,0,0,0,0,0,0,1,1,5,1,32,6,1896,2,14,8,3,8
2016160055636,3,9,0,18,0,0,0,0,0,0,1,1,1,1,48,8,2993,2,-1,9,1,9
2016160055636,4,9,0,2,0,0,0,0,0,0,2,1,6,3,-1,-1,1910,2,11,-1,-1,-1
2016160055647,1,9,0,4,0,1,0,0,0,0,1,1,2,1,56,9,2179,2,6,10,1,10
2016160055647,2,9,0,4,0,1,0,0,0,0,2,1,2,1,30,6,1242,1,10,10,1,10
2016160055647,3,9,0,4,0,1,0,0,0,0,2,1,2,1,30,6,1995,2,6,1,1,1
2016160055679,1,9,0,18,0,0,0,0,0,0,1,1,6,1,-1,-1,1896,2,15,-1,-1,-1
2016160055679,2,9,0,3,0,0,0,0,0,0,2,1,6,1,19,4,998,1,1,5,1,5
2016160055691,1,9,0,7,0,4,0,0,0,0,0,1,6,3,-1,-1,-1,-1,-1,-1,-1,-1
2016160055691,2,1,0,18,0,8,0,0,0,0,0,1,5,1,46,8,-1,-1,-1,1,1,1
2016160055754,1,2,0,9,0,8,0,0,0,0,1,1,5,1,18,4,49,1,3,8,2,8
2016160055754,2,9,0,18,0,8,0,0,0,0,4,1,2,2,52,8,1248,1,6,1,1,1
2016160055798,1,98,0,18,0,0,0,0,0,0,1,1,5,3,-1,-1,-1,-1,-1,-1,-1,-1
2016160055798,2,9,0,18,0,0,0,0,0,0,2,1,5,2,23,5,1399,2,9,7,2,7
2016160055828,1,5,0,18,4,0,0,0,0,0,1,1,2,1,43,7,748,1,26,3,1,3
2016160055848,1,11,0,18,0,2,0,0,0,0,4,1,1,1,49,8,6696,2,3,1,1,1
2016160055856,1,9,0,18,0,0,0,0,0,0,1,1,6,2,21,5,1299,1,11,8,1,8
2016160055856,2,9,0,4,0,0,0,0,0,0,2,1,6,1,31,6,2993,2,2,4,2,4
2016160055859,1,9,0,18,0,0,0,0,0,0,1,1,5,2,17,4,1149,1,7,1,1,1
2016160055859,2,9,0,4,0,0,0,0,0,0,2,1,6,3,-1,-1,-1,-1,-1,-1,-1,-1
2016160055874,1,1,0,7,0,6,0,0,0,0,3,1,6,1,17,4,-1,-1,-1,3,1,3
2016160055874,2,11,0,18,0,8,0,0,0,0,4,1,1,1,31,6,7300,2,14,1,1,1
2016160055911,1,1,0,18,4,4,0,0,0,0,2,1,6,1,20,4,-1,-1,-1,1,1,1
2016160055911,2,9,0,7,0,4,0,0,0,0,1,1,6,3,-1,-1,1596,1,12,7,1,7
2016160055973,1,9,0,18,0,0,0,0,0,0,4,1,6,2,41,7,1364,1,11,-1,-1,-1
2016160056003,1,9,0,3,0,0,0,0,0,0,2,1,2,2,31,6,1968,2,5,4,1,4
2016160056003,2,1,0,18,0,0,0,0,0,0,1,1,6,2,32,6,-1,-1,-1,-1,-1,-1
2016160056047,1,9,0,3,0,1,0,0,0,0,2,1,6,1,30,6,1198,1,11,1,1,1
2016160056047,2,9,0,18,0,1,0,0,0,0,1,1,6,1,42,7,1560,2,1,8,1,8
2016160056073,1,5,0,9,0,8,0,0,0,0,1,1,5,2,51,8,652,1,10,10,1,10
2016160056095,1,9,0,18,0,8,0,0,0,0,1,1,5,3,-1,-1,2494,2,3,-1,-1,-1
2016160056095,2,9,0,18,0,8,0,0,0,0,1,1,5,2,40,7,1390,1,2,9,1,9
2016160056095,3,9,0,2,0,1,0,0,0,0,1,1,5,3,-1,-1,1997,1,10,-1,-1,-1
2016160056097,1,9,0,17,0,0,1,0,7,10,1,1,5,2,19,4,1149,1,8,4,1,4
2016160056150,1,9,0,10,0,1,0,0,0,0,2,1,5,1,22,5,1896,2,12,3,1,3
2016160056150,2,9,0,7,0,6,0,0,0,0,1,1,6,3,-1,-1,-1,-1,-1,-1,-1,-1
2016160056150,3,20,0,18,0,1,0,0,0,0,0,1,1,2,45,7,2148,2,7,2,1,2
2016160056438,1,19,0,18,0,0,0,0,0,0,1,1,5,1,26,6,1870,2,10,5,1,5
2016160056438,2,5,0,18,0,0,1,4,0,0,1,1,2,1,54,8,675,1,4,1,1,1
2016160056438,3,9,0,18,0,0,0,0,0,0,0,1,5,2,28,6,1396,1,13,1,1,1
2016160056438,4,9,0,2,0,0,0,0,0,0,4,1,5,3,-1,-1,1242,1,3,-1,-1,-1
2016160056463,1,9,0,10,0,1,0,0,0,0,3,1,5,2,24,5,1242,1,4,5,1,5
2016160056463,2,9,0,7,0,8,0,0,0,0,1,1,5,1,32,6,1895,1,15,1,1,1
2016160056484,1,9,0,18,0,0,0,0,0,0,0,1,5,2,39,7,1229,1,2,6,1,6
2016160056484,2,98,0,18,0,0,0,0,0,0,3,1,6,3,-1,-1,-1,-1,-1,-1,-1,-1
2016160056538,1,9,0,18,0,0,5,10,7,2,1,1,5,1,27,6,1984,1,5,1,1,1
2016160056538,2,9,0,10,0,0,0,0,0,0,2,1,5,1,31,6,1753,2,8,5,1,5
2016160056538,3,9,0,18,0,0,0,0,0,0,1,1,5,1,84,11,1197,1,1,4,1,4
2016160056538,4,19,0,18,0,0,0,0,0,0,3,1,5,1,39,7,2151,2,13,5,3,5
2016160056696,1,9,0,18,0,0,0,0,0,0,1,1,6,3,46,8,1895,1,17,-1,-1,-1
2016160056696,2,9,0,18,0,0,0,0,0,0,2,1,6,2,18,4,999,1,14,-1,-1,-1
2016160056733,1,9,0,18,0,6,0,0,0,0,4,1,6,1,69,10,1598,1,3,5,1,5
2016160056733,2,1,0,18,0,8,0,0,0,0,0,1,6,1,15,3,-1,-1,-1,7,1,7
2016160056748,1,1,0,18,0,0,0,0,0,0,1,1,6,1,19,4,-1,-1,-1,2,1,2
2016160056748,2,9,0,18,0,0,0,0,0,0,1,1,6,3,-1,-1,-1,-1,-1,-1,-1,-1
2016160056772,1,5,0,18,0,0,0,0,0,0,1,1,6,1,31,6,1043,1,2,-1,-1,-1
2016160056822,1,9,0,18,0,0,0,0,0,0,2,1,6,2,31,6,1796,1,16,2,1,2
2016160056822,2,9,0,18,0,0,0,0,0,0,1,1,6,1,55,8,1998,2,13,9,1,9
2016160056877,1,9,0,5,0,0,0,0,0,0,3,1,6,2,30,6,1968,2,2,5,1,5
2016160056877,2,3,0,18,0,0,0,0,0,0,1,1,6,1,22,5,124,1,6,1,1,1
2016160056882,1,9,0,7,0,8,0,0,0,0,1,1,5,2,26,6,1598,1,7,6,1,6
2016160056882,2,4,0,18,0,1,0,0,0,0,4,1,5,1,73,10,248,1,3,10,2,10
2016160056915,1,19,0,18,0,0,0,0,0,0,1,1,2,1,37,7,2148,2,6,5,1,5
2016160056915,2,9,0,18,0,0,0,10,1,0,3,1,2,1,23,5,1000,1,1,-1,-1,-1
2016160056963,1,9,0,18,0,0,0,0,0,0,1,1,6,2,27,6,1968,2,6,6,1,6
2016160056963,2,9,0,2,0,0,0,0,0,0,2,1,6,3,-1,-1,1995,2,5,-1,-1,-1
2016160057004,1,9,0,18,0,0,0,10,0,0,1,1,6,2,41,7,1598,1,15,-1,-1,-1
2016160057091,1,19,0,18,0,1,0,0,0,0,3,1,6,1,64,9,2198,2,9,6,1,6
2016160057148,1,9,0,5,0,4,1,0,0,0,3,1,2,1,31,6,-1,-1,-1,1,1,1
2016160057148,2,9,0,18,0,8,0,0,0,0,4,1,1,1,54,8,1968,2,2,7,2,7
2016160057263,1,9,0,18,0,1,0,0,0,0,1,1,6,1,43,7,1769,1,10,-1,-1,-1
2016160057263,2,9,0,10,0,8,0,0,0,0,2,1,1,2,55,8,1598,2,3,9,2,9
2016160057306,1,9,0,13,0,3,0,0,0,0,4,1,5,2,42,7,1596,1,11,6,2,6
2016160057306,2,1,0,18,0,3,0,0,0,0,3,1,6,2,47,8,-1,-1,-1,1,1,1
2016160057346,1,9,0,13,0,0,0,0,1,10,1,1,6,1,47,8,1679,1,16,8,2,8
2016160057346,2,20,0,18,0,0,0,0,7,7,1,1,1,1,49,8,3920,2,13,1,1,1
2016160057346,3,9,0,18,0,0,0,0,1,10,3,1,6,1,69,10,1061,1,11,1,1,1
2016160057346,4,9,0,18,0,0,0,0,0,0,4,1,6,1,52,8,1997,2,14,4,1,4
2016160057403,1,8,0,7,0,4,0,0,0,0,1,1,1,1,39,7,1910,2,10,1,1,1
2016160057403,2,1,0,18,4,8,0,0,0,0,4,1,2,1,40,7,-1,-1,-1,4,1,4
2016160057444,1,9,0,9,0,6,0,0,0,0,3,1,6,2,18,4,1248,2,2,6,3,6
2016160057444,2,19,0,18,0,8,0,0,0,0,1,1,1,1,69,10,1996,2,2,7,2,7
2016160057649,1,98,0,18,0,0,0,0,0,0,1,1,1,3,51,8,-1,-1,-1,-1,-1,-1
2016160057649,2,9,0,18,0,0,0,0,0,0,2,1,6,2,26,6,-1,-1,-1,-1,-1,-1
2016160057673,1,9,0,18,0,8,0,0,0,0,3,1,6,1,-1,-1,-1,-1,-1,-1,-1,-1
2016160057673,2,9,0,18,0,8,0,0,0,0,4,1,6,1,37,7,1995,2,6,7,1,7
2016160057732,1,9,0,18,0,0,0,0,0,0,1,1,6,2,28,6,1679,1,15,9,1,9
2016160057732,2,9,0,4,0,0,0,0,0,0,3,1,6,1,39,7,1461,2,1,2,1,2
2016160057732,3,9,0,4,0,0,0,0,0,0,2,1,6,2,56,9,1388,1,14,9,1,9
2016160057770,1,9,0,9,0,5,0,0,0,0,1,1,6,1,73,10,1242,1,1,10,1,10
2016160057770,2,5,0,18,0,8,0,0,0,0,1,1,6,1,50,8,999,1,-1,6,3,6
2016160057811,1,9,0,18,0,1,0,0,0,0,1,1,6,1,29,6,1798,1,14,3,1,3
2016160057811,2,9,0,3,0,1,0,0,0,0,2,1,6,2,45,7,1248,1,5,2,1,2
2016160057811,3,9,0,10,0,8,0,0,0,0,2,1,6,1,44,7,1968,2,9,4,3,4
2016160057859,1,9,0,1,0,0,0,0,0,0,3,1,6,1,27,6,2656,1,15,4,1,4
2016160057859,2,9,0,2,0,0,0,0,0,0,3,1,6,3,-1,-1,-1,-1,-1,-1,-1,-1
2016160057952,1,9,0,18,0,8,0,0,0,0,4,1,5,2,23,5,1598,1,4,1,1,1
2016160057952,2,9,0,7,0,6,0,0,0,0,1,1,6,3,-1,-1,-1,-1,-1,-1,-1,-1
2016160057981,1,9,0,9,0,6,0,0,0,0,1,1,5,1,80,11,1364,1,8,1,1,1
2016160057981,2,9,0,18,0,8,0,0,0,0,1,1,5,2,44,7,1400,1,10,7,2,7
2016160058052,1,9,0,18,0,0,0,10,7,0,3,1,6,1,21,5,1868,2,14,4,3,4
2016160058080,1,1,0,18,0,0,0,0,0,0,3,1,6,1,37,7,-1,-1,-1,4,1,4
2016160058080,2,9,0,13,0,0,0,0,0,0,4,1,6,2,37,7,1560,2,11,1,1,1
2016160058124,1,9,0,18,0,0,0,6,0,0,1,1,6,1,33,6,1796,1,9,6,3,6
2016160058152,1,19,0,18,0,0,0,0,0,0,1,1,5,1,28,6,2198,2,1,7,2,7
2016160058152,2,9,0,3,0,0,0,0,0,0,2,1,2,1,20,4,1496,2,2,7,3,7
2016160058219,1,9,0,9,0,6,0,0,0,0,1,1,2,2,45,7,1596,1,12,7,1,7
2016160058219,2,19,0,18,0,8,0,0,0,0,1,1,2,1,32,6,2497,2,6,4,1,4
2016160058350,1,9,0,18,0,4,0,0,0,0,1,1,1,2,70,10,998,1,11,7,1,7
2016160058350,2,9,0,18,0,8,0,0,0,0,1,1,1,1,59,9,1360,1,6,2,1,2
2016160058376,1,21,1,7,0,0,0,0,0,0,0,1,1,1,50,8,15607,2,2,-1,3,-1
2016160058376,2,9,0,13,0,0,1,0,7,10,1,1,6,2,35,6,1364,1,9,6,1,6
2016160058376,3,98,0,18,0,0,1,0,1,10,1,1,1,1,44,7,-1,-1,-1,7,1,7
2016160058379,1,9,0,3,0,1,0,0,0,0,3,1,5,2,26,6,1199,1,14,2,1,2
2016160058379,2,21,0,5,0,1,0,0,0,0,2,1,1,3,-1,-1,15607,2,13,-1,-1,-1
2016160058433,1,9,0,18,0,2,0,0,0,0,1,1,2,2,47,8,1240,1,6,2,1,2
2016160058433,2,9,0,18,0,1,0,0,0,0,1,1,6,3,-1,-1,1997,2,15,-1,-1,-1
2016160058451,1,5,0,18,0,1,0,0,0,0,3,1,5,1,74,10,885,1,17,4,1,4
2016160058492,1,9,0,2,0,0,0,0,0,0,3,1,5,3,-1,-1,-1,3,2,-1,-1,-1
2016160058492,2,9,0,18,0,0,0,0,0,0,1,1,6,1,51,8,1796,1,12,1,1,1
2016160058526,1,9,0,18,0,0,0,0,0,0,1,1,6,2,32,6,1596,1,11,2,1,2
2016160058533,1,90,1,1,0,0,0,0,0,0,2,1,5,1,48,8,-1,-1,-1,8,1,8
2016160058577,1,9,0,9,0,5,0,0,0,0,4,1,6,2,54,8,1686,2,3,1,1,1
2016160058577,2,1,0,18,0,8,0,0,0,0,1,1,6,2,53,8,-1,-1,-1,1,1,1
2016160058601,1,9,0,8,0,6,0,0,0,0,1,1,6,1,25,5,1390,1,13,1,1,1
2016160058601,2,1,0,18,4,8,0,0,0,0,1,1,6,2,44,7,-1,-1,-1,-1,-1,-1
2016160058621,1,9,0,13,0,1,0,0,0,0,4,1,6,2,81,11,1389,1,19,1,1,1
2016160058621,2,1,0,18,0,1,0,10,0,0,1,1,1,1,25,5,-1,-1,-1,6,1,6
2016160058645,1,1,0,9,0,6,0,0,0,0,1,1,5,1,48,8,-1,-1,-1,5,1,5
2016160058645,2,9,0,18,0,8,0,0,0,0,1,1,6,3,-1,-1,-1,-1,-1,-1,-1,-1
2016160058791,1,9,0,18,0,2,0,0,0,0,1,1,6,3,-1,-1,-1,-1,-1,-1,-1,-1
2016160058791,2,1,0,18,0,1,0,0,0,0,1,1,6,1,21,5,-1,-1,-1,5,1,5
2016160058835,1,9,0,7,0,3,0,0,0,0,4,1,6,3,-1,-1,-1,-1,-1,-1,-1,-1
2016160058835,2,1,0,9,0,8,0,0,0,0,3,1,6,1,24,5,-1,-1,-1,3,1,3
2016160058900,1,9,0,18,0,0,0,0,0,0,4,1,6,3,-1,-1,-1,-1,-1,-1,-1,-1
2016160058929,1,9,0,18,0,0,0,0,0,0,3,1,6,2,-1,-1,1598,1,10,-1,-1,-1
2016160058985,1,9,0,3,0,1,0,0,0,0,2,1,6,1,51,8,1796,1,15,3,3,3
2016160058985,2,9,0,4,0,1,0,0,0,0,1,1,6,1,27,6,1198,1,5,1,1,1
2016160059030,1,11,0,3,0,0,0,0,0,0,0,1,1,1,34,6,-1,-1,-1,7,1,7
2016160059072,1,9,0,6,0,0,0,0,0,0,1,1,6,3,38,7,-1,-1,-1,-1,-1,-1
2016160059072,2,9,0,18,0,0,0,0,0,0,3,1,6,1,52,8,-1,-1,-1,4,3,4
2016160059267,1,9,0,5,0,0,0,0,0,0,4,1,6,1,37,7,1896,2,12,9,3,9
2016160059267,2,1,0,18,5,0,0,0,0,0,1,1,6,1,34,6,-1,-1,-1,7,3,7
2016160059303,1,9,0,18,0,0,0,0,0,0,1,1,6,1,60,9,1956,2,5,2,1,2
2016160059350,1,9,0,18,0,0,0,0,0,0,3,1,6,3,-1,-1,-1,-1,-1,-1,-1,-1
2016160059350,2,9,0,18,0,0,5,0,0,0,4,1,6,2,47,8,1598,1,10,3,2,3
2016160059407,1,9,0,18,0,0,0,0,0,0,1,1,6,1,-1,-1,1396,1,13,1,1,1
2016160059407,2,1,0,18,0,0,0,0,0,0,2,1,6,1,27,6,-1,-1,-1,8,1,8
2016160059570,1,9,0,16,0,0,2,0,1,4,1,1,6,1,20,4,2946,1,16,3,1,3
2016160059574,1,9,0,9,0,5,0,0,0,0,3,1,6,1,29,6,1956,2,1,1,1,1
2016160059574,2,9,0,3,0,8,0,0,0,0,2,1,6,1,36,7,1910,2,9,8,1,8
2016160059605,1,9,0,9,0,5,0,0,0,0,4,1,6,2,50,8,1499,1,2,8,2,8
2016160059605,2,9,0,18,0,8,1,0,0,0,1,1,6,1,43,7,1299,1,8,5,1,5
2016160059662,1,9,0,18,0,0,1,0,1,4,1,1,6,1,38,7,1968,2,3,8,1,8
2016160059664,1,9,0,18,0,8,0,0,0,0,1,1,5,1,24,5,-1,-1,-1,2,1,2
2016160059664,2,8,0,9,0,8,0,0,0,0,2,1,1,1,49,8,1560,2,5,1,1,1
2016160059712,1,5,0,18,0,1,0,0,0,0,4,1,5,1,61,9,1202,1,6,7,1,7
2016160059712,2,9,0,5,0,1,0,0,0,0,1,1,5,2,37,7,1368,1,6,1,1,1
2016160059757,1,9,0,9,0,5,0,0,0,0,1,1,1,1,23,5,-1,-1,-1,1,1,1
2016160059757,2,1,0,10,0,1,0,0,0,0,1,1,6,2,26,6,-1,-1,-1,2,1,2
2016160059798,1,9,0,18,0,0,0,0,0,0,1,1,5,1,28,6,2993,2,11,10,2,10
2016160059798,2,9,0,4,0,0,0,0,0,0,2,1,5,2,25,5,1360,1,15,7,1,7
2016160059798,3,9,0,4,0,0,0,0,0,0,2,1,5,2,44,7,1560,2,3,7,1,7
2016160059835,1,3,0,18,0,8,0,0,0,0,1,1,6,1,22,5,599,1,3,7,3,7
2016160059835,2,9,0,9,0,5,0,0,0,0,1,1,1,2,38,7,1242,1,4,10,1,10
2016160059863,1,9,0,18,0,0,0,0,0,0,4,1,6,1,17,4,-1,-1,-1,1,1,1
2016160059863,2,1,0,18,0,0,0,0,0,0,2,1,6,1,49,8,-1,-1,-1,3,1,3
2016160059863,3,9,0,18,0,0,0,0,0,0,3,1,6,2,56,9,1229,1,3,4,2,4
2016160059997,1,19,0,13,0,8,0,0,0,0,4,1,5,1,33,6,2402,2,13,5,1,5
2016160059997,2,1,0,9,0,5,0,0,0,0,3,1,5,1,28,6,-1,-1,-1,5,1,5
2016160060027,1,9,0,18,0,1,0,0,0,0,3,1,6,2,17,4,-1,-1,-1,7,3,7
2016160060032,1,19,0,9,0,6,0,0,0,0,1,1,1,1,46,8,2143,2,6,1,1,1
2016160060032,2,1,0,18,0,8,0,0,0,0,1,1,6,2,48,8,-1,-1,-1,1,1,1
2016160060274,1,9,0,18,0,0,0,0,0,0,1,1,6,3,-1,-1,-1,-1,-1,-1,-1,-1
2016160060274,2,22,0,18,0,0,0,0,0,0,2,1,6,2,49,8,-1,-1,-1,1,1,1
2016160060331,1,9,0,18,0,0,0,0,0,0,3,1,6,2,28,6,999,1,2,3,1,3
2016160060331,2,9,0,5,0,0,0,0,0,0,1,1,6,2,39,7,1598,1,10,9,1,9
2016160060412,1,1,0,18,0,0,0,0,0,0,3,1,5,1,7,2,-1,-1,-1,1,1,1
2016160060412,2,9,0,18,0,0,0,0,0,0,3,1,5,2,46,8,2902,2,9,1,1,1
2016160060492,1,1,0,18,0,2,0,0,0,0,3,1,6,2,57,9,-1,-1,-1,1,1,1
2016160060492,2,19,0,18,0,2,0,0,0,0,4,1,6,1,46,8,2198,2,2,1,1,1
2016160060515,1,9,0,9,0,5,0,0,0,0,1,1,6,2,22,5,1951,2,12,1,1,1
2016160060515,2,9,0,18,0,8,0,0,0,0,1,1,6,1,54,8,1461,2,2,3,1,3
2016160060535,1,9,0,9,0,6,0,0,0,0,3,1,5,2,73,10,1598,1,2,4,3,4
2016160060535,2,9,0,18,0,8,0,0,0,0,1,1,5,2,67,10,1998,1,10,4,3,4
2016160060543,1,9,0,18,0,0,5,0,7,10,1,1,5,1,33,6,1497,1,14,5,1,5
2016160060717,1,19,0,18,0,1,0,0,0,0,1,1,6,1,42,7,1598,2,1,-1,-1,-1
2016160060717,2,9,0,3,0,1,0,0,0,0,2,1,6,1,35,6,1988,1,14,1,1,1
2016160060745,1,98,0,5,0,6,0,0,0,0,0,1,6,3,-1,-1,-1,-1,-1,-1,-1,-1
2016160060745,2,1,0,18,0,8,0,0,0,0,0,1,6,1,26,6,-1,-1,-1,3,1,3
2016160060967,1,11,0,18,0,0,0,0,0,0,0,1,1,1,40,7,-1,-1,-1,1,1,1
2016160060972,1,9,0,13,0,0,0,0,1,4,1,1,5,1,30,6,1587,1,9,1,1,1
2016160060972,2,9,0,4,0,0,0,0,0,0,2,1,5,2,58,9,1794,1,16,8,1,8
2016160060972,3,9,0,18,0,0,0,0,0,0,0,1,1,1,38,7,2993,2,3,10,3,10
2016160060992,1,9,0,18,0,0,0,0,0,0,1,1,6,1,59,9,2231,2,9,2,1,2
2016160060992,2,1,0,18,0,0,0,0,0,0,2,1,2,1,42,7,-1,-1,-1,4,1,4
2016160061014,1,1,0,18,0,0,0,4,0,0,1,1,6,1,47,8,-1,-1,-1,3,1,3
2016160061014,2,9,0,2,0,0,0,0,0,0,2,1,5,3,-1,-1,1248,1,6,-1,-1,-1
2016160061022,1,9,0,4,0,0,0,0,0,0,2,1,5,1,42,7,-1,-1,-1,9,1,9
2016160061022,2,9,0,18,0,0,0,0,0,0,1,1,5,2,49,8,1596,1,9,2,1,2
2016160061022,3,9,0,18,0,0,0,0,0,0,1,1,5,2,41,7,1390,1,13,9,1,9
2016160061100,1,9,0,7,0,5,0,0,0,0,2,1,1,1,46,8,1598,2,2,-1,-1,-1
2016160061100,2,9,0,18,0,1,0,0,0,0,1,1,5,2,30,6,-1,-1,-1,2,1,2
2016160061110,1,9,0,6,0,0,0,0,0,0,4,1,6,1,24,5,2198,1,13,5,1,5
2016160061110,2,9,0,18,0,0,0,0,0,0,1,1,6,1,31,6,1998,1,14,1,1,1
2016160061145,1,9,0,3,0,0,0,0,0,0,0,1,2,1,35,6,1968,2,1,3,1,3
2016160061145,2,9,0,4,0,0,0,0,0,0,2,1,6,2,44,7,1868,2,14,6,1,6
2016160061145,3,9,0,4,0,0,0,0,0,0,1,1,2,1,18,4,999,1,-1,3,1,3
2016160061175,1,9,0,4,0,0,0,0,0,0,1,1,6,2,40,7,1461,2,11,9,3,9
2016160061175,2,9,0,4,0,0,0,0,0,0,2,1,6,1,55,8,-1,-1,-1,5,3,5
2016160061194,1,5,0,18,0,0,0,0,0,0,4,1,6,1,56,9,988,1,13,4,1,4
2016160061216,1,9,0,14,0,0,0,0,0,0,1,1,5,2,20,4,1686,2,11,-1,-1,-1
2016160061257,1,9,0,18,0,0,5,12,1,10,1,1,6,2,17,4,1242,1,12,5,3,5
2016160061335,1,1,0,18,0,8,0,0,0,0,1,1,5,1,20,4,-1,-1,-1,1,1,1
2016160061335,2,9,0,18,0,8,0,0,0,0,1,1,5,1,28,6,1896,2,12,3,1,3
2016160061363,1,3,0,16,0,0,2,0,7,10,4,1,5,1,25,5,-1,-1,-1,4,2,4
2016160061364,1,9,0,18,0,0,0,0,0,0,1,1,6,1,19,4,1499,2,2,1,1,1
2016160061364,2,9,0,18,0,0,0,0,0,0,1,1,6,2,55,8,1598,1,6,7,1,7
2016160061407,1,9,0,9,0,5,0,0,0,0,1,1,6,2,47,8,1242,1,15,7,2,7
2016160061407,2,8,0,18,0,8,0,0,0,0,1,1,1,1,44,7,1998,2,9,2,1,2
2016160061434,1,9,0,3,0,0,0,0,0,0,2,1,6,1,26,6,1242,1,9,1,1,1
2016160061434,2,9,0,18,0,0,0,0,0,0,1,1,6,1,40,7,1560,2,6,1,1,1
2016160061476,1,9,0,3,0,1,0,0,0,0,2,1,6,2,40,7,998,1,3,6,2,6
2016160061476,2,9,0,3,0,1,0,0,0,0,1,1,6,2,53,8,1995,2,10,7,1,7
2016160061767,1,9,0,18,0,0,5,0,1,9,1,1,1,1,45,7,1398,2,4,3,1,3
2016160061791,1,9,0,18,0,0,0,0,1,4,1,1,6,1,30,6,1149,1,17,10,2,10
2016160061919,1,9,0,17,0,0,2,0,1,4,3,1,6,1,20,4,1388,1,12,8,1,8
2016160062169,1,9,0,18,0,1,0,0,0,0,1,1,1,1,19,4,1360,1,9,7,1,7
2016160062207,1,21,1,18,0,0,0,2,0,0,1,1,1,1,38,7,10837,2,2,-1,-1,-1
2016160062225,1,9,0,18,0,8,0,0,0,0,4,1,2,1,19,4,1596,1,10,5,1,5
2016160062225,2,98,1,5,0,4,0,0,0,0,1,1,1,1,47,8,-1,-1,-1,4,2,4
2016160062332,1,1,0,18,0,0,0,0,1,0,3,1,6,2,43,7,-1,-1,-1,1,1,1
2016160062332,2,9,0,13,0,0,0,0,0,0,4,1,6,3,-1,-1,-1,-1,-1,-1,-1,-1
2016160062433,1,9,0,9,0,6,0,0,0,0,1,1,6,1,24,5,1248,2,6,8,1,8
2016160062433,2,1,0,18,0,1,0,0,0,0,3,1,6,2,36,7,-1,-1,-1,1,1,1
2016160062512,1,9,0,7,0,6,0,0,0,0,2,1,6,3,-1,-1,2982,2,7,-1,-1,-1
2016160062512,2,11,0,18,0,8,0,0,0,0,1,1,6,1,31,6,-1,-1,-1,9,3,9
2016160062558,1,9,0,18,0,0,0,0,0,0,1,1,6,1,68,10,1298,1,14,9,1,9
2016160062558,2,9,0,18,0,0,0,0,0,0,1,1,6,2,47,8,1600,1,18,4,3,4
2016160062636,1,9,0,18,0,0,0,0,0,0,2,1,6,1,35,6,-1,-1,-1,4,1,4
2016160062636,2,9,0,18,0,0,0,0,0,0,1,1,6,3,27,6,1910,2,11,-1,-1,-1
2016160062674,1,19,0,18,0,1,0,0,0,0,1,1,6,3,-1,-1,2198,2,5,-1,-1,-1
2016160062674,2,9,0,3,0,1,0,0,0,0,2,1,6,2,56,9,1896,2,12,10,3,10
2016160062685,1,9,0,18,0,8,0,0,0,0,3,1,6,1,30,6,-1,-1,-1,10,1,10
2016160062685,2,9,0,18,0,4,0,0,0,0,1,1,6,2,25,5,1398,1,3,10,1,10