Accident_Index,Vehicle_Reference,Vehicle_Type,Towing_and_Articulation,Vehicle_Manoeuvre,Vehicle_Location-Restricted_Lane,Junction_Location,Skidding_and_Overturning,Hit_Object_in_Carriageway,Vehicle_Leaving_Carriageway,Hit_Object_off_Carriageway,1st_Point_of_Impact,Was_Vehicle_Left_Hand_Drive?,Journey_Purpose_of_Driver,Sex_of_Driver,Age_of_Driver,Age_Band_of_Driver,Engine_Capacity_(CC),Propulsion_Code,Age_of_Vehicle,Driver_IMD_Decile,Driver_Home_Area_Type,Vehicle_IMD_Decile
2016160062728,1,9,0,18,0,1,0,0,0,0,1,1,6,1,-1,-1,1986,2,10,8,2,8
2016160062728,2,9,0,3,0,1,0,0,0,0,2,1,6,1,21,5,1199,1,13,4,2,4
2016160062754,1,9,0,18,0,1,0,0,0,0,2,1,6,1,32,6,1997,2,13,3,1,3
2016160062754,2,9,0,18,0,1,0,0,0,0,1,1,6,3,31,6,-1,-1,-1,-1,-1,-1
2016160062779,1,9,0,17,0,0,0,0,0,0,0,1,6,1,51,8,1390,1,6,9,3,9
2016160062779,2,1,0,16,0,0,0,0,0,0,3,1,6,2,47,8,-1,-1,-1,4,1,4
2016160062779,3,1,0,16,0,0,0,0,0,0,4,1,6,1,40,7,-1,-1,-1,5,1,5
2016160062811,1,1,0,18,0,0,0,0,0,0,1,1,6,1,39,7,-1,-1,-1,10,2,10
2016160062811,2,9,0,2,0,0,0,0,0,0,2,1,6,3,-1,-1,1242,1,9,-1,-1,-1
2016160062975,1,9,0,18,0,0,0,0,0,0,2,1,6,2,31,6,1997,2,10,1,1,1
2016160062975,2,9,0,18,0,0,0,0,0,0,1,1,6,1,23,5,1242,1,4,6,1,6
2016160063002,1,9,0,18,0,0,0,0,0,0,1,1,6,3,27,6,-1,-1,-1,-1,-1,-1
2016160063002,2,9,0,18,0,0,0,0,0,0,2,1,6,1,37,7,-1,-1,-1,1,1,1
2016160063003,1,9,0,18,0,8,0,0,0,0,3,1,2,2,25,5,995,1,8,7,1,7
2016160063003,2,19,0,9,0,8,0,0,0,0,4,1,6,1,42,7,1398,2,13,1,1,1
2016160063024,1,9,0,9,0,5,0,0,0,0,1,1,6,3,-1,-1,-1,-1,-1,-1,-1,-1
2016160063024,2,1,0,18,0,8,0,0,0,0,2,1,6,2,55,8,-1,-1,-1,1,1,1
2016160063031,1,9,0,4,0,0,0,0,0,0,1,1,5,1,50,8,1360,1,13,1,1,1
2016160063031,2,9,0,3,0,0,0,0,0,0,2,1,5,2,21,5,1229,1,5,4,1,4
2016160063035,1,9,0,18,0,0,0,0,0,0,2,1,6,1,23,5,1596,1,10,2,1,2
2016160063035,2,9,0,18,0,0,0,0,0,0,1,1,6,1,27,6,1998,1,14,6,1,6
2016160063060,1,98,0,18,0,2,0,0,0,0,4,1,1,3,-1,-1,-1,-1,-1,-1,-1,-1
2016160063067,1,9,0,9,0,5,0,0,0,0,1,1,1,2,51,8,1598,1,14,4,1,4
2016160063067,2,1,0,18,0,8,0,0,0,0,1,1,5,1,20,4,-1,-1,-1,10,3,10
2016160063107,1,9,0,18,0,1,0,0,0,0,1,1,2,2,29,6,1242,1,2,1,1,1
2016160063110,1,9,0,7,0,5,0,0,0,0,4,1,5,2,44,7,1995,2,5,1,1,1
2016160063110,2,4,0,15,0,8,0,0,0,0,3,1,5,2,18,4,133,1,3,1,1,1
2016160063111,1,9,0,4,0,1,0,0,0,0,1,1,6,1,32,6,1995,2,4,1,1,1
2016160063111,2,3,0,3,0,1,0,0,0,0,2,1,6,1,17,4,125,1,2,1,1,1
2016160063139,1,9,0,17,0,0,0,0,0,0,1,1,6,1,25,5,-1,-1,-1,10,1,10
2016160063139,2,9,0,16,0,0,0,0,1,10,1,1,6,2,34,6,1598,2,3,8,2,8
2016160063157,1,9,0,3,0,4,0,0,0,0,2,1,2,2,39,7,1242,1,6,3,2,3
2016160063157,2,9,0,3,0,4,0,0,0,0,1,1,2,2,51,8,1364,2,7,4,2,4
2016160063197,1,9,0,17,0,8,0,0,0,0,1,1,5,2,52,8,1686,2,4,-1,-1,-1
2016160063197,2,3,0,10,0,8,0,0,0,0,1,1,5,1,34,6,124,1,13,3,1,3
2016160063227,1,19,0,18,0,0,0,0,0,0,2,1,6,3,-1,-1,1753,2,6,4,1,4
2016160063227,2,9,0,18,0,0,0,0,0,0,1,1,1,2,42,7,1896,2,12,9,2,9
2016160063228,1,9,0,18,0,4,0,0,0,0,1,1,6,3,-1,-1,-1,-1,-1,-1,-1,-1
2016160063228,2,1,0,9,0,4,0,0,0,0,2,1,2,1,16,4,-1,-1,-1,1,1,1
2016160063242,1,9,0,18,0,0,1,0,1,0,3,1,5,1,20,4,1229,1,11,10,1,10
2016160063242,2,9,0,18,0,0,0,0,1,0,3,1,5,1,73,10,1248,1,6,10,2,10
2016160063242,3,9,0,18,0,0,0,0,1,0,1,1,5,2,42,7,1896,2,14,9,3,9
2016160063265,1,9,0,18,0,0,1,0,1,9,1,1,5,2,21,5,1229,1,2,10,1,10
2016160063286,1,9,0,17,0,2,1,0,0,0,1,1,6,2,56,9,1998,2,12,1,2,1
2016160063286,2,21,1,16,0,1,1,0,0,0,1,1,1,1,52,8,12900,2,4,9,2,9
2016160063358,1,19,0,18,0,1,0,0,0,0,1,1,5,1,41,7,2188,2,13,1,1,1
2016160063358,2,9,0,18,0,1,0,0,1,1,1,1,2,2,59,9,1242,1,3,3,3,3
2016160063358,3,9,0,18,0,1,0,0,0,0,2,1,5,1,65,9,1598,1,9,10,1,10
2016160063418,1,5,0,18,0,0,1,0,0,0,3,1,5,1,28,6,748,1,19,7,3,7
2016160063495,1,9,0,13,0,0,1,0,0,0,3,1,5,2,19,4,1360,1,8,7,1,7
2016160063495,2,9,0,18,0,0,1,0,0,0,4,1,5,1,57,9,2987,2,6,4,2,4
2016160063495,3,9,0,18,0,0,1,0,0,0,3,1,5,1,65,9,2496,1,12,4,1,4
2016160063501,1,1,0,18,9,0,0,0,0,0,1,1,6,3,-1,-1,-1,-1,-1,-1,-1,-1
2016160063527,1,9,0,1,0,0,0,4,0,0,2,1,6,3,-1,-1,-1,-1,-1,-1,-1,-1
2016160063527,2,9,0,2,0,0,0,0,0,0,1,1,6,1,30,6,1905,2,18,1,1,1
2016160063561,1,1,0,18,0,0,0,4,0,0,1,1,6,1,12,3,-1,-1,-1,6,1,6
2016160063561,2,9,0,2,0,0,0,0,0,0,2,1,5,3,-1,-1,-1,-1,-1,-1,-1,-1
2016160063598,1,2,0,18,0,0,0,0,0,0,3,1,5,2,67,10,49,1,19,6,3,6
2016160063601,1,22,0,18,0,1,0,0,0,0,1,1,6,2,82,11,-1,-1,-1,6,1,6
2016160063601,2,9,0,18,0,1,0,0,0,0,4,1,6,1,71,10,1598,2,1,7,1,7
2016160063622,1,9,0,3,0,0,0,0,0,0,2,1,5,1,52,8,1997,2,15,1,1,1
2016160063622,2,9,0,18,0,0,0,0,0,0,1,1,6,3,-1,-1,-1,-1,-1,-1,-1,-1
2016160063641,1,9,0,18,0,3,2,10,7,9,1,1,5,2,37,7,1396,1,13,5,2,5
2016160063645,1,9,0,18,0,0,0,0,0,0,1,1,5,1,34,6,2198,1,12,6,1,6
2016160063682,1,98,0,7,0,1,0,0,0,0,1,1,1,1,55,8,-1,-1,-1,3,1,3
2016160063779,1,9,0,18,0,2,1,4,0,0,1,1,5,1,26,6,1596,1,14,1,1,1
2016160063779,2,9,0,3,0,2,0,0,0,0,2,1,5,1,46,8,1242,1,8,1,1,1
2016160063779,3,9,0,2,0,2,0,0,0,0,2,1,5,3,-1,-1,1968,2,9,-1,-1,-1
2016160063815,1,9,0,18,0,0,1,0,4,6,1,1,5,2,25,5,1598,1,8,7,3,7
2016160063819,1,1,0,18,0,1,0,4,0,0,1,1,2,1,33,6,-1,-1,-1,5,1,5
2016160063819,2,9,0,2,0,1,0,0,0,0,2,1,5,3,-1,-1,2697,2,11,-1,-1,-1
2016160063849,1,9,0,10,0,1,0,0,0,0,2,1,5,2,22,5,1598,1,14,-1,-1,-1
2016160063849,2,9,0,18,0,1,0,0,0,0,1,1,2,1,32,6,1896,2,13,3,1,3
2016160063855,1,9,0,17,0,0,2,0,1,9,1,1,2,2,29,6,1149,1,14,10,3,10
2016160063895,1,9,0,18,0,0,0,0,0,0,1,1,6,2,51,8,1199,2,5,8,1,8
2016160063895,2,9,0,18,0,0,0,0,0,0,2,1,6,1,33,6,1968,2,6,8,1,8
2016160063949,1,9,0,17,0,0,0,10,1,4,1,1,6,1,30,6,1995,1,6,8,1,8
2016160063991,1,9,0,18,0,0,1,0,0,0,1,1,6,1,58,9,2099,1,14,6,1,6
2016160063991,2,9,0,18,0,0,0,0,0,0,1,1,6,1,65,9,1997,2,5,5,1,5
2016160064016,1,9,0,18,0,0,1,10,0,0,1,1,5,2,36,7,1998,1,14,5,2,5
2016160064016,2,9,0,18,0,0,0,0,0,0,1,1,5,1,20,4,1242,1,7,7,1,7
2016160064044,1,1,0,18,9,0,0,0,0,0,1,1,5,1,11,3,-1,-1,-1,7,2,7
2016160064173,1,9,0,3,0,0,0,0,0,0,2,1,6,1,38,7,1969,2,-1,6,1,6
2016160064173,2,9,0,18,0,0,0,0,0,0,1,1,6,1,28,6,1998,1,21,1,1,1
2016160064314,1,9,0,18,0,0,0,0,0,0,0,1,2,2,43,7,2967,2,1,7,3,7
2016160064314,2,9,0,1,0,0,0,0,0,0,0,1,6,2,34,6,-1,-1,-1,7,3,7
2016160064363,1,19,0,18,0,0,0,0,0,0,3,1,6,3,-1,-1,2143,2,3,-1,-1,-1
2016160064398,1,9,0,18,0,2,0,0,0,0,1,1,6,3,35,6,-1,-1,-1,-1,-1,-1
2016160064398,2,1,0,18,0,8,0,0,0,0,2,1,6,1,15,3,-1,-1,-1,1,1,1
2016160064427,1,9,0,18,0,0,0,0,0,0,2,1,6,2,20,4,1248,2,8,8,3,8
2016160064427,2,9,0,18,0,0,0,0,0,0,1,1,6,1,18,4,1499,2,3,10,2,10
2016160064524,1,9,0,7,0,6,0,0,0,0,1,1,6,2,68,10,-1,-1,-1,6,1,6
2016160064524,2,9,0,18,0,8,0,0,0,0,4,1,6,1,64,9,1149,1,17,1,1,1
2016160064533,1,9,0,18,0,1,0,0,0,0,1,1,6,1,89,11,1783,1,14,4,1,4
2016160064593,1,9,0,18,0,0,0,0,0,0,4,1,6,2,22,5,1398,1,1,7,3,7
2016160064593,2,9,0,5,0,0,0,0,0,0,3,1,6,1,40,7,1390,1,19,1,1,1
2016160064696,1,9,0,9,0,6,0,0,2,0,1,1,5,1,81,11,-1,-1,-1,7,1,7
2016160064696,2,9,0,18,0,1,1,0,2,0,1,1,1,2,22,5,-1,-1,-1,3,2,3
2016160064855,1,9,0,18,0,4,0,0,0,0,1,1,5,1,29,6,973,1,14,6,1,6
2016160064855,2,8,0,9,0,8,0,0,0,0,4,1,1,1,66,10,-1,-1,-1,8,1,8
2016160064900,1,3,0,17,0,0,1,10,1,11,4,1,2,1,20,4,124,1,4,3,1,3
2016160065020,1,11,0,18,2,0,0,0,0,0,0,1,1,1,42,7,7300,2,15,3,1,3
2016160065020,2,1,0,18,0,0,0,0,0,0,0,1,6,3,-1,-1,-1,-1,-1,-1,-1,-1
2016160065087,1,2,0,9,0,6,0,0,0,0,3,1,6,1,16,4,49,1,4,7,3,7
2016160065087,2,9,0,18,0,1,0,0,0,0,1,1,2,2,59,9,998,1,13,6,2,6
2016160065104,1,9,0,2,0,0,0,0,0,0,3,1,5,1,41,7,1997,2,8,7,1,7
2016160065104,2,1,0,14,0,0,0,0,0,0,1,1,2,1,31,6,-1,-1,-1,1,1,1
2016160065126,1,9,0,5,0,5,0,0,0,0,4,1,5,2,62,9,1560,2,1,9,1,9
2016160065126,2,9,0,18,0,8,0,0,0,0,1,1,2,2,44,7,1598,1,5,3,1,3
2016160065126,3,9,0,3,0,1,0,0,0,0,3,1,6,1,78,11,1298,1,6,10,1,10
2016160065130,1,19,0,9,0,6,0,0,0,0,4,1,5,1,34,6,2198,2,6,8,1,8
2016160065130,2,5,0,13,0,8,0,0,0,0,1,1,2,1,22,5,599,1,19,1,1,1
2016160065130,3,19,0,18,0,2,0,0,0,0,3,1,2,1,54,8,2198,2,2,1,1,1
2016160065135,1,9,0,4,0,1,0,0,0,0,0,1,1,1,47,8,1870,2,10,9,1,9
2016160065135,2,1,0,9,0,1,0,0,0,0,0,1,6,1,23,5,-1,-1,-1,1,1,1
2016160065142,1,98,0,13,0,1,0,0,0,0,2,1,6,3,-1,-1,-1,-1,-1,-1,-1,-1
2016160065142,2,1,0,18,0,1,0,0,0,0,1,1,6,2,55,8,-1,-1,-1,5,1,5
2016160065162,1,9,0,18,0,0,0,0,0,0,1,1,6,1,31,6,2401,2,12,1,1,1
2016160065162,2,9,0,3,0,0,0,0,0,0,2,1,6,1,25,5,1390,1,8,3,1,3
2016160065162,3,9,0,3,0,0,0,0,0,0,2,1,6,2,29,6,1398,1,2,7,1,7
2016160065168,1,9,0,18,0,0,0,4,0,0,1,1,5,1,43,7,-1,2,-1,9,3,9
2016160065168,2,9,0,2,0,0,0,0,0,0,1,1,6,3,-1,-1,1995,2,3,-1,-1,-1
2016160065172,1,9,0,9,0,5,0,0,0,0,1,1,2,2,67,10,1490,1,9,1,1,1
2016160065172,2,9,0,18,0,8,0,0,0,0,1,1,2,2,43,7,1242,1,2,8,2,8
2016160065182,1,9,0,7,0,2,0,4,0,0,1,1,5,1,62,9,1061,1,10,2,1,2
2016160065182,2,9,0,2,0,2,0,0,0,0,3,1,6,3,-1,-1,-1,-1,-1,-1,-1,-1
2016160065195,1,9,0,5,0,0,0,0,0,0,1,1,5,1,35,6,1781,1,14,7,2,7
2016160065195,2,9,0,3,0,0,0,0,0,0,2,1,5,2,24,5,1229,1,8,3,1,3
2016160065195,3,9,0,3,0,0,0,0,0,0,2,1,5,2,33,6,1560,2,3,4,1,4
2016160065251,1,9,0,18,0,1,0,0,0,0,3,1,6,1,36,7,1596,1,15,4,3,4
2016160065251,2,97,0,7,0,6,0,0,0,0,1,1,6,1,19,4,-1,-1,-1,-1,-1,-1
2016160065251,3,9,0,13,0,1,0,0,0,0,0,1,6,3,34,6,-1,-1,-1,-1,-1,-1
2016160065311,1,19,0,7,0,6,0,0,0,0,3,1,2,1,42,7,2460,2,11,2,1,2
2016160065311,2,3,0,18,0,1,0,0,0,0,1,1,2,1,19,4,-1,-1,-1,2,1,2
2016160065393,1,9,0,16,0,0,0,0,7,9,3,1,6,1,23,5,1995,2,3,7,2,7
2016160065408,1,1,0,9,0,6,0,0,0,0,0,1,2,2,60,9,-1,-1,-1,1,1,1
2016160065408,2,9,0,18,0,1,0,0,0,0,0,1,6,3,-1,-1,-1,-1,-1,-1,-1,-1
2016160065454,1,9,0,18,0,1,0,4,0,0,4,1,6,1,61,9,1590,1,2,2,1,2
2016160065454,2,9,0,2,0,2,0,0,0,0,4,1,6,3,-1,-1,1762,1,19,-1,-1,-1
2016160065454,3,9,0,18,0,1,0,0,0,0,1,1,6,1,39,7,2987,2,7,1,1,1
2016160065602,1,9,0,18,0,0,0,0,0,0,1,1,6,3,-1,-1,-1,-1,-1,-1,-1,-1
2016160065602,2,1,0,18,0,0,0,0,0,0,3,1,4,1,13,3,-1,-1,-1,1,1,1
2016160065644,1,11,0,5,0,0,0,0,0,0,0,1,1,1,30,6,6871,2,6,7,1,7
2016160065667,1,9,0,9,0,6,0,0,0,0,3,1,6,1,17,4,1198,1,11,6,1,6
2016160065667,2,9,0,18,0,8,0,10,7,11,1,1,6,2,28,6,1598,1,15,7,3,7
2016160065703,1,9,0,18,0,1,0,0,0,0,1,1,5,2,30,6,1461,2,14,3,1,3
2016160065703,2,9,0,4,0,1,0,0,0,0,2,1,5,1,79,11,1995,2,4,8,1,8
2016160065726,1,9,0,9,0,5,0,0,0,0,1,1,6,2,63,9,1242,1,15,1,1,1
2016160065726,2,9,0,18,0,1,0,0,0,0,1,1,6,2,55,8,1360,1,16,1,1,1
2016160065961,1,9,0,18,0,0,0,0,0,0,1,1,6,1,72,10,1985,1,14,5,3,5
2016160065961,2,1,0,18,0,0,0,0,0,0,2,1,6,1,35,6,-1,-1,-1,2,2,2
2016160066108,1,1,0,18,0,0,0,0,0,0,4,1,6,2,25,5,-1,-1,-1,4,1,4
2016160066108,2,9,0,18,0,0,0,0,0,0,1,1,6,3,-1,-1,-1,-1,-1,-1,-1,-1
2016160066115,1,9,0,18,0,0,0,0,7,10,1,1,6,1,56,9,1400,1,17,9,1,9
2016160066155,1,9,0,7,0,6,0,0,0,0,1,1,1,2,51,8,1686,2,8,1,1,1
2016160066155,2,1,0,18,0,8,0,0,0,0,4,1,6,1,52,8,-1,-1,-1,2,1,2
2016160066167,1,98,0,4,0,1,0,0,0,0,1,1,6,3,-1,-1,-1,-1,-1,-1,-1,-1
2016160066167,2,9,0,3,0,1,0,0,0,0,2,1,6,2,27,6,1560,2,4,2,1,2
2016160066290,1,9,0,18,0,8,0,0,0,0,1,1,6,1,33,6,1389,1,15,9,1,9
2016160066290,2,9,0,9,0,5,0,0,0,0,4,1,6,2,43,7,1796,1,7,1,1,1
2016160066293,1,9,0,16,0,0,0,0,0,0,1,1,6,1,25,5,1242,1,15,3,1,3
2016160066293,2,9,0,17,0,0,0,0,0,0,1,1,6,2,58,9,1997,2,11,1,1,1
2016160066323,1,21,4,18,0,0,0,0,0,0,1,2,1,1,50,8,-1,-1,-1,3,1,3
2016160066323,2,19,0,18,0,0,0,0,0,0,2,1,1,1,61,9,2143,2,2,9,1,9
2016160066334,1,9,0,18,0,2,0,0,0,0,1,1,6,2,32,6,1796,1,10,5,1,5
2016160066353,1,9,0,18,0,0,0,0,0,0,1,1,6,2,40,7,1956,2,4,9,2,9
2016160066353,2,1,0,18,9,0,0,0,0,0,1,1,6,2,38,7,-1,-1,-1,9,2,9
2016160066587,1,4,0,18,0,4,0,0,0,0,2,1,6,1,44,7,408,1,40,5,1,5
2016160066587,2,9,0,18,0,4,0,0,0,0,1,1,6,1,86,11,1769,1,11,5,1,5
2016160066629,1,9,0,18,0,8,0,0,0,0,1,1,6,1,-1,-1,-1,-1,-1,-1,-1,-1
2016160066647,1,9,0,18,0,8,0,0,0,0,1,1,6,1,72,10,1388,1,7,8,3,8
2016160066647,2,9,0,18,0,8,0,0,0,0,3,1,6,2,72,10,1390,1,9,6,2,6
2016160066695,1,9,0,18,0,8,0,0,0,0,4,1,5,1,21,5,1229,1,9,3,1,3
2016160066695,2,9,0,18,0,8,0,0,0,0,1,1,5,1,25,5,1499,2,1,1,1,1
2016160066703,1,9,0,18,0,0,0,0,0,0,1,1,6,1,47,8,1796,1,9,6,1,6
2016160066703,2,1,0,12,0,0,0,0,0,0,2,1,6,1,34,6,-1,-1,-1,1,1,1
2016160066728,1,9,0,16,0,0,0,0,0,0,1,1,5,2,40,7,1870,2,12,9,2,9
2016160066728,2,9,0,16,0,0,0,0,0,0,2,1,2,1,45,7,-1,-1,-1,-1,-1,-1
2016160066732,1,9,0,18,0,1,0,0,0,0,1,1,6,2,38,7,1390,1,4,1,1,1
2016160066764,1,9,0,18,0,0,0,0,0,0,4,1,5,2,18,4,1242,1,2,10,1,10
2016160066764,2,9,0,2,0,0,0,0,0,0,3,1,5,3,-1,-1,1242,1,8,-1,-1,-1
2016160066764,3,9,0,2,0,0,0,0,0,0,2,1,5,3,-1,-1,-1,-1,-1,-1,-1,-1
2016160066773,1,9,0,9,0,6,0,0,7,0,3,1,5,2,86,11,1587,1,15,9,3,9
2016160066773,2,9,0,18,0,8,0,0,0,0,1,1,5,2,47,8,1997,2,6,7,2,7
2016160066852,1,9,0,18,0,0,0,12,1,10,1,1,5,1,19,4,1398,2,14,2,1,2
2016160067075,1,9,0,15,0,0,0,0,0,0,2,1,2,1,37,7,-1,-1,-1,1,1,1
2016160067075,2,9,0,18,0,0,0,0,0,0,1,1,2,1,31,6,1910,2,11,1,1,1
2016160067127,1,9,0,18,0,0,0,0,0,0,1,1,5,1,51,8,1582,2,2,1,1,1
2016160067140,1,9,0,16,0,0,0,0,7,9,3,1,5,2,62,9,1199,1,15,9,2,9
2016160067177,1,9,0,16,0,0,0,0,7,4,1,1,5,2,80,11,998,1,2,7,3,7
2016160067617,1,98,0,7,0,6,0,0,0,0,3,1,6,3,27,6,-1,-1,-1,-1,-1,-1
2016160067664,1,2,0,18,0,8,0,0,0,0,1,1,6,1,46,8,49,1,13,1,1,1
2016160067664,2,9,0,9,0,5,0,0,0,0,2,1,6,3,37,7,-1,-1,-1,-1,-1,-1
2016160067787,1,1,0,18,0,1,0,0,0,0,4,1,6,1,18,4,-1,-1,-1,1,1,1
2016160067787,2,9,0,7,0,6,0,0,0,0,1,1,6,3,-1,-1,-1,-1,-1,-1,-1,-1
2016160067817,1,9,0,13,0,0,0,0,0,0,1,1,6,1,47,8,998,1,8,5,1,5
2016160067817,2,1,0,18,0,0,0,0,0,0,2,1,6,2,29,6,-1,-1,-1,5,1,5
2016160067856,1,9,0,18,0,0,0,0,0,0,1,1,6,2,51,8,1200,1,2,6,2,6
2016160067856,2,1,0,18,0,0,0,0,0,0,2,1,6,1,15,3,-1,-1,-1,1,1,1
2016160067927,1,11,0,4,0,0,0,0,0,0,0,1,1,1,46,8,-1,-1,-1,1,1,1
2016160068299,1,9,0,7,0,6,0,0,0,0,1,2,6,1,52,8,-1,-1,-1,4,1,4
2016160068299,2,9,0,18,0,8,0,4,0,0,4,1,5,2,36,7,1296,1,8,4,1,4
2016160068299,3,9,0,2,0,2,0,0,0,0,2,1,5,3,-1,-1,1468,1,15,-1,-1,-1
2016160068299,4,9,0,2,0,2,0,0,0,0,2,1,5,3,-1,-1,1998,2,12,-1,-1,-1
2016160068419,1,11,0,2,0,0,0,0,0,0,4,1,1,1,30,6,8871,2,14,2,1,2
2016160068477,1,9,0,18,0,8,0,0,0,0,1,1,6,1,45,7,2987,2,5,8,1,8
2016160068477,2,19,0,1,0,6,0,0,0,0,4,1,6,3,-1,-1,2198,2,5,-1,-1,-1
2016160068670,1,9,0,5,0,6,0,0,0,0,1,1,2,1,42,7,1995,2,4,7,1,7
2016160068710,1,9,0,18,0,0,0,0,0,0,3,1,6,1,26,6,1896,2,15,1,1,1
2016160068710,2,9,0,12,0,0,0,0,0,0,3,1,6,1,20,4,2999,2,14,2,2,2
2016160068716,1,9,0,1,9,0,0,0,0,0,0,1,5,2,75,10,1560,2,3,8,3,8
2016160068804,1,9,0,9,0,5,0,0,0,0,1,1,5,1,27,6,2204,2,9,10,1,10
2016160068804,2,1,0,18,0,1,0,0,0,0,1,1,5,1,19,4,-1,-1,-1,10,1,10
2016160068819,1,9,0,4,0,0,0,0,0,0,1,1,5,2,58,9,1956,2,2,1,1,1
2016160068819,2,1,0,18,0,0,0,0,0,0,1,1,5,2,46,8,-1,-1,-1,1,1,1
2016160068834,1,9,0,6,0,0,2,10,7,10,3,1,5,1,29,6,1587,1,14,2,1,2
2016160068871,1,9,0,16,0,0,1,0,1,9,1,1,5,2,65,9,1598,1,13,6,3,6
2016160068895,1,9,0,18,0,2,0,0,1,4,1,1,6,1,34,6,1390,1,16,1,1,1
2016160068909,1,9,0,18,0,1,0,0,0,0,2,1,2,2,38,7,998,1,2,10,2,10
2016160068909,2,9,0,18,0,1,0,0,0,0,1,1,2,1,34,6,1968,2,6,10,2,10
2016160068909,3,9,0,9,0,8,0,0,0,0,0,1,6,3,-1,-1,-1,-1,-1,-1,-1,-1
2016160068915,1,11,0,3,0,0,0,0,0,0,0,1,1,1,48,8,3900,2,12,1,1,1
2016160068931,1,9,0,16,0,5,0,0,3,1,1,1,5,1,22,5,1199,2,4,4,1,4
2016160068934,1,11,0,18,0,0,0,0,0,0,0,1,1,1,48,8,3900,2,12,1,1,1
2016160068964,1,11,0,18,0,1,0,0,0,0,1,1,1,1,57,9,8268,2,14,5,1,5
2016160068970,1,9,0,4,0,0,0,0,0,0,1,1,6,1,19,4,1200,1,-1,1,1,1
2016160068970,2,9,0,4,0,0,0,0,0,0,2,1,6,1,24,5,1587,1,9,1,1,1
2016160069121,1,1,0,18,0,0,0,0,0,0,4,1,6,1,30,6,-1,-1,-1,1,1,1
2016160069121,2,19,0,18,0,0,0,0,0,0,1,1,6,1,49,8,1753,2,10,3,1,3
2016160069188,1,9,0,18,0,0,0,0,8,3,1,1,5,1,33,6,1598,1,4,6,3,6
2016160069257,1,9,0,18,0,4,5,10,3,1,1,1,2,2,26,6,1596,1,11,9,2,9
2016160069288,1,9,0,9,0,2,0,0,0,0,1,1,5,1,25,5,1968,2,4,5,1,5
2016160069303,1,9,0,16,0,0,0,0,7,10,1,1,5,1,55,8,1490,1,9,5,2,5
2016160069313,1,9,0,7,0,6,0,0,0,0,3,1,5,1,37,7,1968,2,8,7,2,7
2016160069313,2,3,0,18,0,8,0,0,0,0,1,1,5,1,50,8,198,1,16,3,1,3
2016160069314,1,9,0,18,0,4,0,0,0,0,1,1,5,2,46,8,1587,1,14,1,1,1
2016160069314,2,1,0,18,0,8,0,0,0,0,4,1,5,2,24,5,-1,-1,-1,1,1,1
2016160069330,1,9,0,16,0,0,2,0,1,9,4,1,6,1,18,4,1124,1,12,8,2,8
2016160069342,1,9,0,18,0,4,0,0,0,0,1,1,2,1,42,7,1596,1,16,2,1,2
2016160069342,2,9,0,18,0,8,0,0,0,0,3,1,1,1,55,8,1560,2,8,3,1,3
2016160069380,1,9,0,18,0,8,0,0,0,0,1,1,6,1,26,6,1560,2,6,4,1,4
2016160069380,2,9,0,9,0,6,0,0,0,0,3,1,6,1,37,7,1796,1,12,1,1,1
2016160069380,3,98,0,9,0,5,0,0,0,0,0,1,6,3,-1,-1,-1,-1,-1,-1,-1,-1
2016160069411,1,9,0,4,0,1,0,0,0,0,2,1,6,1,40,7,2993,2,8,1,1,1
2016160069411,2,9,0,18,0,1,0,0,0,0,1,1,6,1,-1,-1,1995,2,12,5,1,5
2016160069464,1,5,0,16,0,8,0,0,0,0,1,1,6,1,49,8,398,1,15,7,1,7
2016160069464,2,9,0,9,0,5,0,0,0,0,3,1,6,1,25,5,1598,1,5,5,2,5
2016160069572,1,9,0,18,0,1,0,0,0,0,2,1,6,1,36,7,1390,1,13,7,1,7
2016160069572,2,9,0,18,0,1,0,0,0,0,1,1,6,1,47,8,-1,-1,-1,-1,-1,-1
2016160069714,1,1,0,18,0,0,0,0,0,0,1,1,6,1,16,4,-1,-1,-1,1,1,1
2016160069760,1,9,0,18,0,0,0,0,0,0,3,1,2,1,27,6,1596,1,1,7,3,7
2016160069760,2,4,0,18,0,0,0,0,0,0,4,1,2,1,53,8,471,1,3,6,3,6
2016160070005,1,11,0,18,0,1,0,0,0,0,0,1,1,1,35,6,7300,2,11,4,1,4
2016160070005,2,9,0,10,0,1,0,0,0,0,0,1,1,1,45,7,1560,2,6,7,1,7
2016160070076,1,5,0,18,0,4,0,0,0,0,0,1,6,1,43,7,998,1,12,10,2,10
2016160070076,2,19,0,18,0,8,0,0,0,0,0,1,6,1,28,6,1461,2,1,10,1,10
2016160070076,3,9,0,18,0,4,0,0,0,0,0,1,6,3,-1,-1,-1,-1,-1,-1,-1,-1
2016160070104,1,9,0,3,0,1,0,0,0,0,2,1,6,2,21,5,2967,2,4,1,1,1
2016160070104,2,9,0,3,0,1,0,0,0,0,1,1,6,2,25,5,1598,1,11,7,1,7
2016160070145,1,9,0,17,0,0,0,0,0,0,3,1,6,2,51,8,1461,2,8,5,2,5
2016160070145,2,9,0,16,0,0,0,0,0,0,3,1,6,2,34,6,1198,1,12,-1,-1,-1