Accident_Index,Vehicle_Reference,Vehicle_Type,Towing_and_Articulation,Vehicle_Manoeuvre,Vehicle_Location-Restricted_Lane,Junction_Location,Skidding_and_Overturning,Hit_Object_in_Carriageway,Vehicle_Leaving_Carriageway,Hit_Object_off_Carriageway,1st_Point_of_Impact,Was_Vehicle_Left_Hand_Drive?,Journey_Purpose_of_Driver,Sex_of_Driver,Age_of_Driver,Age_Band_of_Driver,Engine_Capacity_(CC),Propulsion_Code,Age_of_Vehicle,Driver_IMD_Decile,Driver_Home_Area_Type,Vehicle_IMD_Decile
2016160084011,1,9,0,18,0,1,0,0,0,0,4,1,5,1,49,8,1968,2,3,5,1,5
2016160084011,2,9,0,4,0,1,0,0,0,0,3,1,5,2,24,5,1198,1,3,1,1,1
2016160084019,1,21,0,17,0,0,1,0,0,0,1,1,1,1,36,7,12809,2,1,2,1,2
2016160084019,2,9,0,16,0,0,0,0,1,10,1,1,2,1,40,7,1896,2,13,5,2,5
2016160084028,1,9,0,5,0,0,0,0,0,0,4,1,5,1,51,8,-1,-1,-1,2,1,2
2016160084034,1,19,0,18,0,0,0,0,0,0,1,1,6,1,62,9,1248,2,9,3,3,3
2016160084034,2,9,0,18,0,0,0,0,0,0,1,1,6,1,66,10,1498,1,-1,8,1,8
2016160084034,3,9,0,18,0,0,0,0,0,0,3,1,6,2,72,10,1339,1,1,6,1,6
2016160084045,1,9,0,13,0,1,0,0,0,0,1,1,1,1,18,4,1242,1,10,9,1,9
2016160084045,2,1,0,18,0,1,0,0,0,0,2,1,6,1,48,8,-1,-1,-1,7,2,7
2016160084059,1,19,0,18,0,0,0,0,0,0,1,1,1,1,58,9,2143,2,2,8,1,8
2016160084070,1,9,0,14,0,0,0,0,0,0,1,1,6,2,42,7,1560,2,3,5,2,5
2016160084073,1,9,0,18,0,0,0,0,0,0,3,1,6,2,23,5,1242,1,9,3,1,3
2016160084073,2,1,0,18,0,0,0,0,0,0,4,1,6,1,41,7,-1,-1,-1,5,1,5
2016160084079,1,9,0,11,0,0,0,0,0,0,0,1,6,1,-1,-1,1997,1,3,1,1,1
2016160084079,2,9,0,18,0,0,0,10,1,0,0,1,6,1,46,8,998,1,13,5,1,5
2016160084232,1,19,0,1,0,1,0,0,0,0,2,1,1,1,58,9,2500,2,10,6,2,6
2016160084232,2,3,0,3,0,1,0,0,0,0,0,1,1,1,24,5,125,1,7,1,1,1
2016160084237,1,9,0,18,0,0,0,0,0,0,1,1,6,3,-1,-1,-1,-1,-1,-1,-1,-1
2016160084237,2,9,0,18,0,0,0,0,0,0,3,1,6,2,27,6,998,1,17,4,2,4
2016160084272,1,9,0,7,0,4,0,0,0,0,1,1,6,1,62,9,1461,2,2,4,1,4
2016160084272,2,9,0,9,0,8,0,0,0,0,4,1,6,1,20,4,1598,1,10,7,1,7
2016160084289,1,9,0,18,0,0,0,0,2,1,1,1,6,1,27,6,3999,1,5,6,1,6
2016160084308,1,9,0,2,0,0,0,0,0,0,2,1,6,2,-1,-1,1248,2,8,7,3,7
2016160084308,2,1,0,18,0,0,0,0,0,0,0,1,6,1,45,7,-1,-1,-1,7,3,7
2016160084320,1,9,0,18,0,0,0,0,0,0,1,1,6,1,39,7,1395,1,1,10,1,10
2016160084320,2,9,0,3,0,0,0,0,0,0,2,1,6,2,45,7,-1,-1,-1,2,1,2
2016160084320,3,9,0,3,0,0,0,0,0,0,2,1,6,1,20,4,-1,-1,-1,3,1,3
2016160084325,1,9,0,18,0,0,0,0,0,0,3,1,6,2,44,7,2231,2,10,9,2,9
2016160084371,1,9,0,4,0,1,0,0,0,0,1,1,2,2,47,8,1753,2,11,7,3,7
2016160084371,2,1,0,5,0,1,0,0,0,0,1,1,4,1,13,3,-1,-1,-1,1,1,1
2016160084393,1,9,0,8,0,1,0,0,0,0,2,1,6,2,50,8,1598,1,5,7,1,7
2016160084393,2,2,0,8,0,1,0,0,0,0,1,1,6,1,23,5,49,1,6,2,1,2
2016160084404,1,19,4,18,0,0,2,10,1,4,4,1,6,1,18,4,2198,2,6,8,3,8
2016160084417,1,9,0,9,0,1,0,10,1,10,1,1,6,2,77,11,1339,1,8,8,1,8
2016160084423,1,9,0,1,0,6,0,0,0,0,2,1,6,1,22,5,1248,2,5,2,1,2
2016160084423,2,1,0,18,0,1,0,0,0,0,1,1,6,2,21,5,-1,-1,-1,8,1,8
2016160084433,1,3,0,18,0,3,1,0,0,0,0,1,6,1,29,6,-1,-1,-1,7,1,7
2016160084450,1,9,0,9,0,6,0,0,0,0,4,1,5,1,76,11,999,1,1,3,1,3
2016160084450,2,1,0,9,0,5,0,0,0,0,1,1,5,1,81,11,-1,-1,-1,7,1,7
2016160084478,1,90,0,18,0,8,0,0,0,0,3,1,6,2,47,8,-1,-1,-1,4,1,4
2016160084478,2,1,0,9,0,6,0,0,0,0,1,1,6,1,24,5,-1,-1,-1,1,1,1
2016160084562,1,9,0,18,0,0,0,0,0,0,1,1,6,1,85,11,996,1,3,4,1,4
2016160084562,2,9,0,3,0,0,0,0,0,0,3,1,6,1,31,6,1197,1,1,6,1,6
2016160084577,1,9,0,9,0,6,0,0,3,11,1,1,2,2,58,9,1368,1,-1,5,2,5
2016160084577,2,9,0,18,0,8,1,0,0,0,4,1,5,2,25,5,1753,2,7,5,3,5
2016160084666,1,3,0,18,0,0,0,0,0,0,1,1,1,1,31,6,125,1,4,1,1,1
2016160084666,2,9,0,3,0,0,0,0,0,0,2,1,1,1,29,6,1364,1,7,5,1,5
2016160084721,1,9,0,5,0,4,0,0,0,0,1,1,5,2,20,4,1461,2,3,1,1,1
2016160084721,2,9,0,3,0,4,0,0,0,0,2,1,5,1,48,8,1796,1,17,5,1,5
2016160084754,1,19,0,1,0,6,0,0,0,0,4,1,1,1,27,6,2198,2,2,1,1,1
2016160084754,2,1,0,18,0,1,0,0,0,0,1,1,1,2,49,8,-1,-1,-1,9,2,9
2016160084805,1,9,0,18,0,8,0,0,0,0,1,1,5,1,21,5,1149,1,16,6,3,6
2016160084805,2,9,0,9,0,5,0,0,0,0,1,1,5,1,23,5,1248,2,11,1,1,1
2016160084848,1,9,0,16,0,0,2,0,1,9,1,1,5,2,21,5,1242,1,9,3,2,3
2016160084875,1,9,0,18,0,0,0,0,1,0,1,1,6,1,20,4,1595,1,21,8,2,8
2016160084879,1,9,0,18,0,1,0,0,0,0,2,1,5,1,49,8,-1,-1,-1,3,1,3
2016160084879,2,9,0,18,0,1,0,0,0,0,1,1,6,3,35,6,-1,-1,-1,-1,-1,-1
2016160084893,1,9,0,18,0,8,0,0,0,0,1,1,5,2,28,6,2179,2,3,3,1,3
2016160084905,1,9,0,18,0,0,1,6,0,0,1,1,6,2,25,5,1242,1,16,1,1,1
2016160084921,1,9,0,18,0,0,0,0,0,0,1,1,6,1,46,8,2000,2,5,6,1,6
2016160084921,2,1,0,18,9,0,0,0,0,0,3,1,6,1,12,3,-1,-1,-1,-1,-1,-1
2016160085116,1,19,0,5,0,6,0,0,0,0,4,1,1,1,33,6,2148,2,7,5,1,5
2016160085116,2,1,0,18,9,6,0,0,0,0,1,1,6,1,23,5,-1,-1,-1,-1,-1,-1
2016160085149,1,11,0,9,0,5,0,0,0,0,1,1,1,1,47,8,4461,2,2,2,1,2
2016160085149,2,9,0,18,0,8,0,0,0,0,1,1,2,2,54,8,3189,1,8,9,1,9
2016160085166,1,2,0,14,0,1,0,7,0,0,1,1,6,1,22,5,-1,-1,-1,1,1,1
2016160085184,1,9,0,18,0,0,0,0,7,10,1,1,5,2,74,10,1997,2,2,4,3,4
2016160085199,1,21,0,18,0,0,5,0,1,6,3,1,1,1,62,9,3920,2,10,8,2,8
2016160085208,1,9,0,12,0,2,0,0,0,0,2,1,6,2,45,7,998,1,13,1,1,1
2016160085208,2,9,0,18,0,2,0,0,0,0,1,1,6,1,30,6,1598,2,1,6,2,6
2016160085220,1,98,0,18,0,0,5,10,2,7,3,1,1,1,62,9,-1,-1,-1,8,2,8
2016160085246,1,3,0,18,0,2,1,0,0,0,0,1,5,2,21,5,125,1,4,6,3,6
2016160085254,1,9,0,4,0,5,1,0,0,0,1,1,6,1,64,9,1991,2,6,3,3,3
2016160085254,2,9,0,10,0,5,0,0,0,0,2,1,6,2,56,9,1598,1,8,8,1,8
2016160085287,1,9,0,18,0,0,0,4,0,0,1,1,6,1,31,6,1995,2,8,2,1,2
2016160085287,2,9,0,2,0,0,0,0,0,0,2,1,5,3,-1,-1,1560,2,9,-1,-1,-1
2016160085287,3,9,0,2,0,0,0,0,0,0,1,1,5,3,-1,-1,1598,1,13,-1,-1,-1
2016160085302,1,9,0,17,0,0,2,0,7,9,3,1,5,1,56,9,1998,2,7,-1,-1,-1
2016160085330,1,9,0,7,0,6,0,0,0,0,1,1,2,1,72,10,1329,1,7,1,1,1
2016160085330,2,1,0,18,0,8,0,0,0,0,4,1,2,1,23,5,-1,-1,-1,1,1,1
2016160085528,1,9,0,3,0,1,0,0,0,0,2,1,2,2,47,8,1968,2,1,1,1,1
2016160085528,2,19,0,3,0,1,0,0,1,9,2,1,1,1,46,8,1686,2,12,1,1,1
2016160085528,3,9,0,18,0,1,0,0,0,0,1,1,1,1,34,6,-1,-1,-1,7,1,7
2016160085531,1,9,0,18,0,0,0,0,0,0,0,1,6,3,-1,-1,-1,-1,-1,-1,-1,-1
2016160085531,2,5,0,18,0,0,0,0,1,10,1,1,6,1,38,7,636,1,1,6,1,6
2016160085538,1,9,0,18,0,0,0,0,0,0,2,1,6,2,21,5,1299,1,12,3,1,3
2016160085538,2,9,0,12,0,0,0,0,0,0,1,1,6,1,35,6,1783,1,14,1,1,1
2016160085587,1,9,0,1,0,0,0,0,0,0,2,1,6,3,-1,-1,-1,-1,-1,-1,-1,-1
2016160085590,1,3,0,7,0,8,0,0,0,0,1,1,6,1,44,7,124,1,6,8,1,8
2016160085641,1,1,0,7,0,2,0,0,0,0,0,1,6,1,44,7,-1,-1,-1,7,1,7
2016160085641,2,9,0,9,0,2,0,0,0,0,0,1,6,3,-1,-1,-1,-1,-1,-1,-1,-1
2016160085644,1,11,0,4,0,0,0,0,0,0,4,1,1,1,40,7,4500,2,5,1,1,1
2016160085725,1,1,0,9,0,1,0,0,0,0,1,1,6,1,36,7,-1,-1,-1,2,1,2
2016160085725,2,9,0,9,0,1,0,0,0,0,1,1,6,2,27,6,1364,1,7,5,3,5
2016160085852,1,9,0,9,0,5,0,0,0,0,2,1,6,1,34,6,1896,2,16,9,3,9
2016160085852,2,9,0,18,0,1,0,0,0,0,1,1,6,1,32,6,2400,2,4,10,2,10
2016160085993,1,9,0,18,0,0,0,0,1,9,0,1,6,2,69,10,1997,2,13,6,3,6
2016160085993,2,9,0,18,0,0,0,0,0,0,0,1,6,3,-1,-1,-1,-1,-1,-1,-1,-1
2016160085998,1,9,0,7,0,6,0,0,0,0,3,1,1,1,23,5,1390,1,11,1,1,1
2016160085998,2,9,0,18,0,1,0,0,0,0,3,1,5,1,32,6,1149,1,5,6,1,6
2016160086089,1,21,1,18,7,0,0,4,0,0,1,1,1,1,61,9,12740,2,3,7,1,7
2016160086089,2,9,0,2,6,0,0,0,1,10,2,1,5,1,30,6,1896,2,13,-1,2,-1
2016160086114,1,9,0,18,0,0,0,0,0,0,1,1,6,1,27,6,1999,1,13,8,2,8
2016160086114,2,9,0,1,0,0,0,0,0,0,2,1,6,3,32,6,-1,-1,-1,-1,-1,-1
2016160086157,1,9,0,18,0,0,0,0,1,2,1,1,6,2,18,4,1386,1,9,3,1,3
2016160086211,1,9,0,3,0,1,0,0,0,0,2,1,6,2,27,6,995,1,8,3,1,3
2016160086211,2,9,0,5,0,1,0,0,0,0,1,1,6,1,41,7,1956,2,1,2,1,2
2016160086228,1,9,0,7,0,5,0,0,0,0,3,1,6,2,22,5,1995,2,5,4,1,4
2016160086228,2,3,0,13,0,8,0,0,0,0,4,1,6,1,17,4,125,1,-1,10,2,10
2016160086442,1,9,0,5,0,0,0,0,0,0,3,1,6,3,-1,-1,2494,8,-1,-1,-1,-1
2016160086442,2,1,0,18,0,0,0,0,0,0,4,1,6,1,15,3,-1,-1,-1,-1,-1,-1
2016160086451,1,9,0,3,0,0,0,0,0,0,2,1,6,2,19,4,1149,1,12,9,1,9
2016160086451,2,9,0,18,0,0,0,0,0,0,1,1,6,1,30,6,1229,1,7,6,1,6
2016160086469,1,9,0,5,0,6,0,0,0,0,1,1,6,3,-1,-1,-1,-1,-1,-1,-1,-1
2016160086469,2,1,0,18,0,8,0,0,0,0,1,1,6,1,38,7,-1,-1,-1,3,1,3
2016160086477,1,9,0,2,0,0,0,0,0,0,3,1,6,2,-1,-1,1598,2,-1,10,1,10
2016160086477,2,1,0,18,0,0,0,0,0,0,4,1,6,1,17,4,-1,-1,-1,1,1,1
2016160086512,1,9,0,7,0,6,0,0,0,0,3,1,6,2,50,8,1248,2,5,1,1,1
2016160086512,2,1,0,18,0,8,0,0,0,0,1,1,6,2,36,7,-1,-1,-1,1,1,1
2016160086564,1,9,0,18,0,1,0,0,0,0,3,1,5,1,30,6,1598,1,13,1,1,1
2016160086564,2,9,0,18,0,2,0,0,0,0,3,1,5,1,43,7,1242,1,6,2,1,2
2016160086610,1,9,0,3,0,1,0,0,0,0,2,1,5,1,64,9,998,1,7,-1,-1,-1
2016160086610,2,9,0,3,0,1,0,0,0,0,1,1,5,2,42,7,1229,1,9,3,1,3
2016160086647,1,9,0,18,0,0,0,4,0,0,1,1,6,1,-1,-1,1956,2,6,-1,-1,-1
2016160086647,2,9,0,18,0,0,0,0,0,0,3,1,6,2,54,8,1596,1,9,9,1,9
2016160086647,3,9,0,2,0,0,0,0,0,0,3,1,6,3,-1,-1,1968,2,3,-1,-1,-1
2016160086647,4,9,0,2,0,0,0,0,0,0,3,1,6,3,-1,-1,1149,1,8,-1,-1,-1
2016160086647,5,9,0,2,0,0,0,0,0,0,3,1,6,3,-1,-1,1596,1,12,-1,-1,-1
2016160086647,6,9,0,2,0,0,0,0,0,0,3,1,6,3,-1,-1,1360,1,15,-1,-1,-1
2016160086647,7,9,0,2,0,0,0,0,0,0,3,1,6,3,-1,-1,1229,1,2,-1,-1,-1
2016160086647,8,9,0,2,0,0,0,0,0,0,3,1,6,3,-1,-1,1368,1,8,-1,-1,-1
2016160086679,1,9,0,4,0,4,0,0,0,0,1,1,2,1,19,4,1686,2,14,-1,-1,-1
2016160086679,2,9,0,5,0,4,0,0,0,0,2,1,5,2,36,7,1968,2,7,7,1,7
2016160086688,1,9,0,18,0,8,0,0,0,0,4,1,5,1,46,8,1368,1,7,2,1,2
2016160086688,2,9,0,18,0,8,0,0,0,0,1,1,5,2,41,7,1242,1,14,1,1,1
2016160086709,1,5,0,16,0,0,0,0,7,10,1,1,6,2,64,9,749,1,24,1,1,1
2016160086709,2,9,0,17,0,0,0,0,0,0,1,1,6,1,52,8,1390,1,2,7,2,7
2016160086724,1,3,0,13,0,0,1,0,0,0,1,1,2,1,17,4,124,1,8,7,3,7
2016160086724,2,20,0,3,0,0,0,0,0,0,2,1,1,1,50,8,4485,2,2,8,1,8
2016160086736,1,9,0,18,0,8,0,0,0,0,1,1,5,1,20,4,1299,1,14,1,1,1
2016160086736,2,9,0,18,0,8,0,0,0,0,3,1,5,1,51,8,1910,2,8,1,1,1
2016160086762,1,8,0,18,0,8,0,0,0,0,1,1,1,1,27,6,1598,2,4,1,1,1
2016160086762,2,1,0,9,0,6,0,0,0,0,1,1,6,2,26,6,-1,-1,-1,1,1,1
2016160086762,3,9,0,2,0,2,0,0,0,0,2,1,5,3,-1,-1,1596,1,11,-1,-1,-1
2016160086838,1,9,0,2,0,0,0,0,0,0,3,1,6,2,44,7,1870,2,11,1,1,1
2016160086838,2,1,0,14,0,0,0,4,0,0,1,1,6,1,30,6,-1,-1,-1,-1,-1,-1
2016160086850,1,9,0,5,0,0,0,0,0,0,1,1,6,1,38,7,999,1,-1,3,1,3
2016160086850,2,9,0,5,0,0,0,0,0,0,0,1,6,2,39,7,-1,-1,-1,1,1,1
2016160086899,1,9,0,5,0,0,0,0,0,0,1,1,6,1,52,8,-1,-1,-1,-1,-1,-1
2016160086899,2,1,0,5,0,0,0,0,0,0,2,1,6,1,17,4,-1,-1,-1,1,1,1
2016160086929,1,9,0,18,0,1,0,0,0,0,1,1,6,1,92,11,1995,2,13,10,2,10
2016160086929,2,9,0,3,0,1,0,0,0,0,2,1,5,2,74,10,1560,2,2,4,3,4
2016160086929,3,19,0,3,0,1,0,0,0,0,2,1,1,1,38,7,2198,2,-1,1,1,1
2016160086971,1,5,0,5,0,0,0,0,0,0,4,1,2,1,48,8,998,1,6,1,1,1
2016160087006,1,9,0,18,0,1,0,0,0,0,4,1,5,1,65,9,1968,2,2,7,1,7
2016160087030,1,9,0,9,0,5,0,0,0,0,4,1,1,2,20,4,1499,1,10,7,1,7
2016160087030,2,9,0,18,0,8,0,0,0,0,1,1,5,2,40,7,1598,1,12,4,2,4
2016160087077,1,9,0,5,0,1,0,0,0,0,1,1,2,1,22,5,1968,2,8,7,2,7
2016160087077,2,1,0,18,0,5,0,0,0,0,3,1,2,1,34,6,-1,-1,-1,1,1,1
2016160087105,1,9,0,7,0,5,0,0,0,0,4,1,5,1,41,7,1197,1,3,6,1,6
2016160087105,2,3,0,18,0,1,0,0,0,0,3,1,2,1,23,5,124,1,-1,3,1,3
2016160087141,1,9,0,10,0,1,0,0,0,0,2,1,2,2,30,6,1364,1,12,1,1,1
2016160087141,2,9,0,5,0,1,0,0,0,0,1,1,6,1,34,6,1598,1,14,3,1,3
2016160087202,1,9,0,9,0,6,0,0,0,0,1,1,6,2,22,5,1198,1,1,-1,-1,-1
2016160087202,2,90,0,18,0,8,0,0,0,0,1,1,1,1,20,4,2987,2,6,9,2,9
2016160087341,1,11,0,18,0,0,0,0,0,0,1,1,1,1,53,8,-1,-1,-1,1,1,1
2016160087383,1,9,0,9,0,4,0,0,0,0,3,1,2,1,59,9,1296,1,9,1,1,1
2016160087383,2,1,0,18,0,8,0,0,0,0,2,1,6,1,24,5,-1,-1,-1,6,1,6
2016160087450,1,9,0,17,0,1,0,0,0,0,1,1,5,2,23,5,1368,1,6,3,1,3
2016160087450,2,1,0,16,0,2,0,0,0,0,1,1,5,1,42,7,-1,-1,-1,1,1,1
2016160087453,1,9,0,5,0,0,0,0,0,0,1,1,6,3,-1,-1,-1,-1,-1,-1,-1,-1
2016160087499,1,9,0,12,0,3,0,0,0,0,3,1,6,1,31,6,1997,2,12,1,1,1
2016160087499,2,9,0,13,0,3,0,0,0,0,4,1,6,1,29,6,1910,2,10,7,2,7
2016160087579,1,9,0,18,0,2,1,0,1,11,1,1,1,1,19,4,1242,1,12,7,3,7
2016160087589,1,9,0,5,0,6,0,0,0,0,1,1,6,1,56,9,1850,1,16,5,1,5
2016160087589,2,1,0,18,0,8,0,0,0,0,4,1,6,1,46,8,-1,-1,-1,9,1,9
2016160087620,1,19,0,18,0,1,0,0,0,0,1,1,5,1,40,7,2198,2,1,8,1,8
2016160087620,2,9,0,10,0,1,0,0,0,0,2,1,1,1,42,7,1783,2,10,3,1,3
2016160087809,1,9,4,18,0,0,1,0,0,0,1,1,5,2,42,7,1968,2,1,6,3,6
2016160087809,2,9,0,3,0,0,0,0,0,0,2,1,5,2,58,9,1461,2,-1,7,3,7
2016160087809,3,9,0,3,0,0,0,0,0,0,2,1,5,1,56,9,1968,2,7,4,2,4
2016160087934,1,9,0,11,2,2,0,0,0,0,4,1,6,1,29,6,1590,1,12,5,1,5
2016160087934,2,5,0,18,2,2,0,0,0,0,3,1,6,1,68,10,998,1,4,1,1,1
2016160088035,1,9,0,9,0,8,0,0,0,0,1,1,5,1,75,10,1998,2,12,-1,-1,-1
2016160088035,2,9,0,18,0,8,0,0,0,0,1,1,6,2,43,7,1951,2,12,7,1,7
2016160088057,1,9,0,16,0,0,1,0,0,0,4,1,6,2,24,5,1360,1,9,7,1,7
2016160088057,2,9,0,17,0,0,0,0,0,0,1,1,6,1,68,10,2401,2,9,4,2,4
2016160088080,1,9,0,18,0,0,0,0,0,0,1,1,6,3,-1,-1,1396,1,15,-1,-1,-1
2016160088080,2,9,0,18,0,0,0,0,0,0,2,1,5,2,32,6,1396,1,15,1,1,1
2016160088080,3,9,0,18,0,0,0,0,0,0,2,1,1,2,51,8,1596,1,14,5,1,5
2016160088104,1,9,0,9,0,1,0,0,0,0,1,1,6,2,48,8,1587,1,17,1,1,1
2016160088104,2,9,0,18,0,1,0,0,0,0,1,1,6,1,23,5,1796,1,14,9,3,9
2016160088144,1,98,0,7,0,2,0,0,0,0,4,1,1,1,44,7,-1,-1,-1,1,1,1
2016160088144,2,1,0,18,0,1,0,0,0,0,1,1,2,2,41,7,-1,-1,-1,1,1,1
2016160088292,1,9,0,18,0,1,0,0,0,0,1,1,6,2,17,4,1198,1,11,8,2,8
2016160088292,2,9,0,3,0,1,0,0,0,0,2,1,6,1,54,8,2204,2,8,8,1,8
2016160088298,1,3,0,7,0,6,0,0,0,0,1,1,6,1,17,4,125,1,2,5,1,5
2016160088298,2,9,0,6,0,2,0,0,0,0,2,1,6,3,37,7,-1,-1,-1,-1,-1,-1
2016160088307,1,9,0,10,0,1,0,0,0,0,2,1,6,2,25,5,999,1,1,8,1,8
2016160088307,2,9,0,18,0,1,0,0,0,0,1,1,6,1,47,8,-1,-1,-1,-1,-1,-1
2016160088310,1,9,0,18,0,0,2,0,1,0,4,1,6,2,18,4,1299,1,13,1,1,1
2016160088311,1,9,0,1,0,1,0,0,0,0,3,1,5,2,44,7,1242,1,2,2,1,2
2016160088311,2,9,0,18,0,1,0,0,0,0,4,1,5,2,22,5,998,1,6,5,1,5
2016160088337,1,9,0,16,0,0,1,0,1,0,1,1,5,1,30,6,1388,1,6,-1,-1,-1
2016160088337,2,21,0,17,0,0,1,0,7,10,1,1,1,1,27,6,10677,2,1,7,1,7
2016160088378,1,9,0,9,0,6,0,0,0,0,1,1,6,3,-1,-1,2295,1,15,-1,-1,-1
2016160088378,2,9,0,18,0,8,0,0,0,0,3,1,6,2,29,6,1598,1,6,1,1,1
2016160088403,1,9,0,18,0,6,0,0,0,0,4,1,5,1,40,7,1198,1,2,10,1,10
2016160088403,2,9,0,18,0,8,1,0,0,0,1,1,5,2,36,7,1598,1,8,3,1,3
2016160088426,1,9,0,9,0,6,0,0,0,0,1,1,5,1,81,11,1997,2,1,-1,-1,-1
2016160088426,2,19,0,18,0,8,5,0,0,0,1,1,1,1,21,5,1248,2,4,7,2,7
2016160088571,1,9,0,18,0,3,0,10,1,11,1,1,6,1,22,5,973,1,13,3,1,3
2016160088586,1,9,0,16,0,2,0,10,1,4,1,1,6,1,18,4,998,1,15,4,1,4
2016160088595,1,9,0,18,0,0,0,4,1,11,1,1,6,1,24,5,1598,1,11,7,2,7
2016160088595,2,9,0,2,0,0,0,4,0,0,2,1,6,1,50,8,1598,2,4,8,2,8
2016160088595,3,9,0,2,0,0,0,4,0,0,2,1,6,1,58,9,1686,2,12,3,3,3
2016160088598,1,9,4,13,0,1,0,0,0,0,2,1,6,1,31,6,3200,2,13,2,1,2
2016160088598,2,1,0,18,0,1,0,0,0,0,1,1,6,1,49,8,-1,-1,-1,6,1,6
2016160088702,1,9,0,18,0,0,2,10,7,4,3,1,6,1,24,5,1248,2,8,-1,-1,-1
2016160088719,1,9,0,18,0,1,0,0,0,0,4,1,6,1,71,10,1796,1,12,3,1,3
2016160088732,1,9,0,18,0,0,1,0,0,0,1,1,6,1,48,8,1582,2,9,5,2,5
2016160088732,2,9,0,18,0,0,5,10,1,9,2,1,6,1,74,10,2231,2,7,8,2,8
2016160088748,1,9,0,3,0,1,0,0,0,0,2,1,6,2,27,6,-1,-1,-1,1,1,1
2016160088748,2,9,0,3,0,1,0,0,0,0,2,1,6,2,47,8,1242,1,2,7,1,7
2016160088748,3,9,0,18,0,1,0,0,0,0,1,1,6,1,77,11,1997,1,10,-1,-1,-1
2016160088821,1,98,0,3,0,1,0,0,0,0,4,1,1,1,22,5,-1,-1,-1,5,1,5
2016160088821,2,1,0,4,0,1,0,0,0,0,1,1,6,1,21,5,-1,-1,-1,2,1,2
2016160088840,1,9,0,18,0,1,0,0,0,0,1,1,6,2,34,6,1242,1,3,10,2,10
2016160088840,2,9,0,9,0,5,0,0,0,0,2,1,6,2,-1,-1,-1,-1,-1,-1,-1,-1
2016160088848,1,21,1,18,0,0,2,0,1,0,1,1,6,1,52,8,12419,2,5,10,2,10
2016160088848,2,9,0,18,0,0,0,10,0,0,2,1,6,1,61,9,-1,-1,-1,2,1,2
2016160088862,1,9,0,18,0,8,0,0,0,0,1,1,6,3,-1,-1,-1,-1,-1,-1,-1,-1
2016160088862,2,9,0,18,0,8,0,0,0,0,3,1,6,1,49,8,2143,2,2,3,1,3
2016160088875,1,19,0,4,0,1,1,0,0,0,1,1,1,1,19,4,2402,2,15,2,1,2
2016160088875,2,9,0,3,0,1,0,0,0,0,2,1,1,1,45,7,1781,1,14,7,1,7
2016160088878,1,9,0,18,0,1,0,0,0,0,1,1,6,3,-1,-1,-1,-1,-1,-1,-1,-1
2016160088878,2,9,0,9,0,8,0,0,0,0,1,1,6,2,26,6,1199,1,13,2,1,2
2016160088894,1,3,0,18,0,0,0,0,0,0,1,1,6,1,55,8,124,1,17,7,1,7
2016160088894,2,1,0,12,5,0,0,0,0,0,1,1,6,1,22,5,-1,-1,-1,5,1,5
2016160088907,1,19,0,18,0,0,0,10,1,4,4,1,2,1,24,5,1248,2,9,10,2,10
2016160088950,1,9,0,4,0,1,0,0,0,0,1,1,6,1,51,8,1800,1,16,6,1,6
2016160088950,2,9,0,3,0,1,0,0,0,0,2,1,6,2,38,7,1968,2,8,9,1,9
2016160088959,1,9,0,18,0,0,0,0,0,0,1,1,6,1,25,5,1968,2,9,3,1,3
2016160088969,1,9,0,18,0,0,0,0,0,0,1,1,1,1,69,10,1968,2,-1,6,1,6
2016160088969,2,9,0,11,0,0,0,0,4,6,2,1,5,1,24,5,1390,1,12,3,1,3
2016160088983,1,9,0,7,0,4,0,0,0,0,0,1,6,2,64,9,1149,1,-1,4,3,4
2016160088983,2,1,0,18,0,3,0,0,0,0,0,1,6,1,32,6,-1,-1,-1,1,1,1
2016160089013,1,9,0,2,0,0,0,0,0,0,3,1,6,1,39,7,1396,1,12,1,1,1
2016160089013,2,1,0,18,0,0,0,0,0,0,1,1,6,1,30,6,-1,-1,-1,-1,-1,-1
2016160089028,1,9,0,18,0,0,0,0,0,0,1,1,5,1,23,5,1198,1,9,10,3,10
2016160089028,2,9,0,2,0,0,0,0,0,0,2,1,5,1,26,6,1968,2,4,2,1,2
2016160089048,1,9,0,16,0,0,0,0,1,10,4,1,6,1,61,9,1390,1,23,6,3,6
2016160089048,2,9,0,17,0,0,0,0,0,0,0,1,6,2,51,8,1596,1,6,10,3,10
2016160089064,1,9,0,5,0,6,0,0,0,0,1,1,5,1,21,5,2000,1,22,5,3,5
2016160089064,2,9,0,18,0,8,0,0,0,0,3,1,5,2,18,4,1598,2,3,10,2,10
2016160089083,1,9,0,18,0,0,0,0,0,0,2,1,6,1,27,6,1229,1,9,1,1,1
2016160089083,2,9,0,18,0,0,0,0,0,0,1,1,6,2,26,6,1390,1,10,2,1,2
2016160089106,1,9,0,18,0,0,0,0,0,0,1,1,6,1,28,6,1248,2,11,9,2,9
2016160089106,2,9,0,18,0,0,0,0,0,0,2,1,6,1,30,6,1995,2,11,8,2,8
2016160089117,1,5,0,14,0,0,0,0,0,0,1,1,2,1,54,8,1284,1,12,6,1,6
2016160089117,2,98,0,3,0,0,0,0,0,0,0,1,1,1,49,8,-1,-1,-1,6,2,6