Accident_Index,Vehicle_Reference,Vehicle_Type,Towing_and_Articulation,Vehicle_Manoeuvre,Vehicle_Location-Restricted_Lane,Junction_Location,Skidding_and_Overturning,Hit_Object_in_Carriageway,Vehicle_Leaving_Carriageway,Hit_Object_off_Carriageway,1st_Point_of_Impact,Was_Vehicle_Left_Hand_Drive?,Journey_Purpose_of_Driver,Sex_of_Driver,Age_of_Driver,Age_Band_of_Driver,Engine_Capacity_(CC),Propulsion_Code,Age_of_Vehicle,Driver_IMD_Decile,Driver_Home_Area_Type,Vehicle_IMD_Decile
2016160089130,1,9,0,9,0,8,0,0,0,0,4,1,6,1,54,8,1968,2,5,6,1,6
2016160089130,2,1,0,18,0,4,0,0,0,0,1,1,6,1,32,6,-1,-1,-1,10,1,10
2016160089153,1,9,0,4,0,0,0,0,0,0,2,1,2,1,35,6,1896,2,14,8,2,8
2016160089153,2,9,0,18,0,0,0,0,0,0,1,1,2,1,19,4,1242,1,10,7,2,7
2016160089173,1,22,0,18,9,0,5,0,7,10,3,1,6,2,85,11,-1,-1,-1,10,1,10
2016160089205,1,9,0,17,0,0,1,0,1,10,1,1,5,2,82,11,1910,2,11,3,3,3
2016160089205,2,17,4,16,0,0,0,0,0,0,2,1,1,1,21,5,6788,2,2,7,2,7
2016160089205,3,17,4,16,0,0,0,0,0,0,1,1,1,1,18,4,-1,2,19,5,3,5
2016160089214,1,3,0,18,0,4,0,0,0,0,0,1,2,1,49,8,125,1,-1,4,1,4
2016160089214,2,9,0,9,0,4,0,0,0,0,0,1,6,3,-1,-1,-1,-1,-1,-1,-1,-1
2016160089218,1,9,0,18,0,8,0,0,0,0,1,1,6,1,25,5,1995,2,8,1,1,1
2016160089218,2,9,0,9,0,5,0,10,1,10,4,1,6,1,57,9,1910,2,8,7,3,7
2016160089218,3,9,0,2,9,2,0,0,0,0,2,1,6,3,-1,-1,-1,-1,-1,-1,-1,-1
2016160089239,1,9,0,16,0,0,0,0,0,0,4,1,5,1,66,10,998,1,-1,10,2,10
2016160089239,2,1,0,17,0,0,1,0,0,0,1,1,5,1,8,2,-1,-1,-1,10,2,10
2016160089265,1,3,0,16,0,0,0,0,0,0,4,1,2,1,19,4,125,1,1,4,1,4
2016160089295,1,5,0,17,0,0,0,0,1,10,1,1,5,1,56,9,996,1,9,1,1,1
2016160089324,1,2,0,18,0,8,0,10,1,1,3,1,5,1,16,4,49,1,3,1,1,1
2016160089324,2,9,0,18,0,8,0,0,0,0,1,1,6,3,-1,-1,-1,-1,-1,-1,-1,-1
2016160089541,1,11,0,2,0,1,0,0,0,0,4,1,1,1,63,9,7300,2,11,1,1,1
2016160089557,1,98,0,18,5,0,0,0,0,0,1,1,6,3,-1,-1,-1,-1,-1,-1,-1,-1
2016160089557,2,1,0,18,5,0,0,0,0,0,3,1,5,1,15,3,-1,-1,-1,1,1,1
2016160089570,1,9,0,3,0,1,0,0,0,0,2,1,6,2,20,4,1560,2,-1,3,1,3
2016160089570,2,8,0,5,0,1,0,0,0,0,1,1,6,1,-1,-1,-1,-1,-1,-1,-1,-1
2016160089591,1,9,0,6,0,0,0,0,1,10,3,1,5,2,39,7,1242,1,7,1,1,1
2016160089591,2,9,0,18,0,0,1,0,1,10,1,1,1,1,53,8,-1,-1,-1,9,2,9
2016160089664,1,9,0,17,0,1,1,9,3,7,4,1,5,1,23,5,1975,1,12,5,1,5
2016160089717,1,9,0,18,0,0,0,0,0,0,1,1,2,1,40,7,1240,1,13,7,1,7
2016160089717,2,9,0,18,0,0,0,0,0,0,2,1,2,1,36,7,1896,2,16,4,1,4
2016160089717,3,9,0,18,0,0,0,0,0,0,2,1,2,2,57,9,1242,1,-1,8,1,8
2016160089718,1,9,0,3,0,1,0,0,0,0,2,1,6,2,53,8,1870,2,12,8,1,8
2016160089718,2,9,0,18,0,1,0,0,0,0,1,1,6,2,46,8,1242,1,3,4,1,4
2016160089738,1,5,0,17,0,1,1,10,1,7,1,1,6,1,52,8,999,1,8,-1,-1,-1
2016160089759,1,9,0,4,0,8,0,0,1,2,1,1,5,2,22,5,1398,2,12,5,1,5
2016160089768,1,9,0,18,0,1,0,0,0,0,1,1,6,1,28,6,1560,2,4,6,1,6
2016160089768,2,9,0,3,0,1,0,0,0,0,2,1,6,1,70,10,1242,1,3,3,1,3
2016160089768,3,9,0,3,0,1,0,0,0,0,2,1,6,2,32,6,-1,-1,-1,5,1,5
2016160089795,1,9,0,6,0,0,0,0,0,0,1,1,6,3,-1,-1,1951,2,14,-1,-1,-1
2016160089795,2,9,0,18,0,0,0,0,0,0,3,1,5,2,57,9,1598,1,14,4,1,4
2016160089800,1,9,0,7,0,1,0,0,0,0,4,1,6,1,86,11,1498,1,1,9,2,9
2016160089800,2,9,0,18,0,1,0,0,0,0,1,1,6,1,63,9,1598,2,-1,7,3,7
2016160089815,1,21,1,17,0,0,0,0,0,0,1,1,1,1,38,7,12130,2,10,8,3,8
2016160089815,2,9,0,16,0,0,0,0,1,0,3,1,6,1,28,6,1368,1,-1,3,1,3
2016160089818,1,9,0,18,0,1,0,0,0,0,1,1,6,2,19,4,1242,1,-1,5,1,5
2016160089818,2,9,0,3,0,8,0,0,0,0,2,1,5,1,52,8,1598,2,-1,-1,-1,-1
2016160089818,3,9,0,3,0,2,0,0,0,0,2,1,6,1,57,9,2184,2,7,7,1,7
2016160089831,1,9,0,9,0,5,0,0,0,0,1,1,6,1,26,6,1242,1,6,2,1,2
2016160089831,2,9,0,5,0,1,0,0,0,0,1,1,6,1,32,6,1910,2,8,5,1,5
2016160089842,1,9,0,4,0,1,0,0,0,0,4,1,5,1,48,8,2143,2,1,8,1,8
2016160089842,2,9,0,18,0,1,0,0,0,0,3,1,6,1,25,5,1956,2,3,1,1,1
2016160089849,1,9,0,18,0,0,1,10,1,10,1,1,6,1,20,4,1398,1,4,8,1,8
2016160089861,1,3,0,4,0,1,1,0,0,0,0,1,6,1,18,4,125,1,2,6,1,6
2016160089868,1,9,0,18,0,8,0,0,0,0,3,1,1,2,42,7,1242,1,-1,6,1,6
2016160089868,2,1,0,18,0,8,0,0,0,0,1,1,4,1,14,3,-1,-1,-1,1,1,1
2016160089880,1,9,0,18,0,0,0,0,0,0,1,1,6,1,27,6,1598,1,12,2,1,2
2016160089880,2,9,0,2,0,0,0,0,0,0,2,1,6,1,28,6,1799,1,5,3,1,3
2016160089880,3,9,0,2,0,0,0,0,0,0,2,1,6,1,40,7,1870,2,11,-1,-1,-1
2016160089885,1,19,0,18,0,0,0,0,0,0,1,1,1,1,48,8,2198,2,1,-1,-1,-1
2016160089885,2,9,0,4,0,0,0,0,0,0,2,1,1,1,20,4,998,1,-1,3,3,3
2016160089892,1,9,0,18,0,1,0,0,0,0,3,1,6,3,21,5,1999,1,10,-1,-1,-1
2016160089892,2,9,0,5,0,1,0,0,0,0,1,1,1,2,48,8,1242,1,13,3,1,3
2016160089905,1,9,0,18,0,6,0,0,0,0,1,1,6,1,83,11,999,1,15,2,1,2
2016160089905,2,20,0,18,0,1,0,0,0,0,3,1,1,2,55,8,-1,-1,-1,4,1,4
2016160089915,1,11,0,2,0,0,0,0,0,0,0,1,1,2,39,7,7300,2,2,1,1,1
2016160089922,1,9,0,3,0,1,0,0,0,0,2,1,6,1,25,5,1341,1,12,7,3,7
2016160089922,2,9,0,4,0,1,0,0,0,0,1,1,6,2,35,6,1587,1,15,1,1,1
2016160089925,1,9,0,18,0,1,0,0,0,0,1,1,6,1,48,8,-1,-1,-1,1,1,1
2016160089925,2,9,0,6,0,1,0,0,0,0,4,1,6,2,28,6,1242,1,2,5,1,5
2016160089951,1,1,0,18,0,1,0,0,0,0,1,1,6,1,15,3,-1,-1,-1,6,1,6
2016160089951,2,9,0,18,0,6,0,0,0,0,3,1,5,2,37,7,1560,2,5,4,1,4
2016160089975,1,1,0,18,0,0,0,0,0,0,3,1,6,1,18,4,-1,-1,-1,1,1,1
2016160089975,2,20,0,11,0,0,0,0,0,0,4,1,6,3,-1,-1,-1,-1,-1,-1,-1,-1
2016160089990,1,9,0,9,0,3,0,0,0,0,1,1,6,1,52,8,1461,2,4,10,2,10
2016160089990,2,1,0,9,0,3,0,0,0,0,2,1,6,1,36,7,-1,-1,-1,-1,-1,-1
2016160090037,1,9,0,3,0,2,0,0,0,0,2,1,5,2,35,6,1596,1,10,1,1,1
2016160090037,2,3,0,3,0,2,0,0,0,0,2,1,5,1,29,6,125,1,7,1,1,1
2016160090037,3,9,0,18,0,2,0,0,1,4,1,1,5,1,66,10,1560,2,7,1,1,1
2016160090069,1,9,0,18,0,0,0,0,0,0,4,1,6,2,67,10,998,1,2,9,2,9
2016160090105,1,9,0,7,0,5,0,0,0,0,4,1,6,1,18,4,1598,1,13,6,2,6
2016160090105,2,9,0,18,0,1,0,0,0,0,0,1,6,1,33,6,-1,-1,-1,3,1,3
2016160090106,1,9,0,18,0,0,0,0,0,0,4,1,6,2,42,7,1299,1,14,1,1,1
2016160090106,2,9,0,12,0,0,0,0,0,0,1,1,6,1,54,8,1968,2,1,8,3,8
2016160090127,1,1,0,18,0,0,1,0,0,0,1,1,6,1,26,6,-1,-1,-1,4,1,4
2016160090139,1,9,0,7,0,6,0,0,0,0,1,1,1,1,46,8,1910,2,11,3,1,3
2016160090139,2,1,0,18,0,1,0,0,0,0,1,1,6,1,48,8,-1,-1,-1,6,1,6
2016160090142,1,2,0,18,0,8,1,0,0,0,4,1,6,2,22,5,-1,-1,-1,4,1,4
2016160090174,1,9,0,18,0,4,0,0,0,0,3,1,6,1,34,6,1968,2,9,-1,-1,-1
2016160090174,2,5,0,18,0,3,0,0,0,0,4,1,6,1,56,9,953,1,13,1,1,1
2016160090190,1,5,0,18,0,0,1,0,0,0,1,1,6,1,28,6,598,1,23,1,1,1
2016160090314,1,9,0,18,0,0,0,0,0,0,4,1,6,1,77,11,2720,2,9,9,1,9
2016160090332,1,5,0,17,0,0,1,0,0,0,4,1,6,1,27,6,998,1,12,1,1,1
2016160090335,1,9,0,1,4,0,0,0,0,0,2,1,6,1,23,5,1598,1,11,9,2,9
2016160090335,2,1,0,18,4,0,0,0,0,0,1,1,6,1,41,7,-1,-1,-1,8,3,8
2016160090350,1,5,0,4,0,0,1,0,0,0,3,1,6,1,57,9,-1,-1,-1,9,1,9
2016160090372,1,9,0,18,0,0,1,7,0,0,1,1,6,1,37,7,2198,1,9,10,1,10
2016160090392,1,9,0,17,0,0,0,4,7,2,1,1,6,2,61,9,1598,1,7,3,3,3
2016160090392,2,9,0,2,0,0,0,0,0,0,2,1,6,3,-1,-1,2204,2,10,-1,-1,-1
2016160090392,3,9,0,2,0,0,0,0,0,0,1,1,6,3,-1,-1,1242,1,2,-1,-1,-1
2016160090398,1,9,0,7,0,1,0,0,0,0,2,1,5,1,55,8,2400,2,9,8,2,8
2016160090398,2,9,0,18,0,1,1,0,0,0,1,1,5,1,50,8,1596,1,14,1,1,1
2016160090602,1,9,0,18,0,0,0,0,0,0,2,1,6,1,27,6,1560,2,3,4,2,4
2016160090602,2,9,0,18,0,0,0,0,0,0,1,1,6,1,25,5,1598,1,14,1,1,1
2016160090649,1,9,0,4,0,1,0,0,0,0,2,1,6,2,23,5,1368,1,8,3,1,3
2016160090649,2,9,0,4,0,1,0,0,0,0,2,1,6,1,56,9,1560,2,8,5,3,5
2016160090649,3,9,0,18,0,1,0,0,0,0,1,1,6,1,62,9,1753,2,17,7,1,7
2016160090675,1,9,0,14,0,1,0,0,0,0,4,1,6,2,51,8,1248,1,2,3,3,3
2016160090675,2,3,0,9,0,1,0,0,0,0,3,1,6,1,32,6,124,1,-1,1,1,1
2016160090702,1,9,0,18,0,0,0,0,0,0,2,1,6,2,23,5,1364,1,1,-1,-1,-1
2016160090702,2,9,0,18,0,0,0,0,0,0,1,1,6,3,28,6,2171,2,13,-1,-1,-1
2016160090707,1,5,0,18,0,0,0,11,0,0,1,1,6,2,65,9,599,1,8,9,2,9
2016160090707,2,5,0,18,0,0,0,0,0,0,1,1,6,1,66,10,656,1,1,9,2,9
2016160090725,1,3,0,4,0,1,1,0,0,0,1,1,5,1,20,4,124,1,-1,8,1,8
2016160090725,2,9,0,3,0,1,0,0,0,0,2,1,5,1,69,10,1299,1,8,2,1,2
2016160090739,1,1,0,18,0,0,0,0,0,0,0,1,6,1,10,2,-1,-1,-1,10,3,10
2016160090757,1,9,0,9,0,6,0,0,0,0,1,1,6,2,58,9,1598,1,13,5,2,5
2016160090757,2,5,0,18,0,8,1,0,0,0,1,1,6,1,45,7,1043,1,1,8,2,8
2016160090767,1,9,0,9,0,6,0,0,0,0,4,1,5,1,35,6,-1,-1,-1,7,3,7
2016160090767,2,1,0,18,0,1,0,0,1,0,1,1,5,1,44,7,-1,-1,-1,10,1,10
2016160090781,1,9,0,17,0,0,2,10,1,0,0,1,6,2,36,7,1149,1,14,8,2,8
2016160090859,1,9,0,18,0,1,0,0,0,0,1,1,6,1,24,5,-1,-1,-1,3,1,3
2016160090859,2,9,0,4,0,1,0,0,0,0,2,1,6,1,38,7,1299,1,17,2,1,2
2016160090865,1,9,0,5,0,4,0,0,0,0,1,1,1,2,23,5,1248,2,5,8,1,8
2016160090865,2,1,0,18,0,3,0,0,0,0,1,1,2,2,42,7,-1,-1,-1,8,1,8
2016160090893,1,1,0,18,0,0,0,0,0,0,1,1,6,1,9,2,-1,-1,-1,7,2,7
2016160090893,2,9,0,18,0,0,0,0,0,0,1,1,6,1,70,10,1999,1,5,-1,-1,-1
2016160090947,1,9,0,14,0,0,0,0,0,0,2,1,5,1,67,10,1199,1,13,1,1,1
2016160090947,2,1,0,18,0,0,0,0,0,0,3,1,5,2,16,4,-1,-1,-1,1,1,1
2016160091012,1,9,0,3,0,0,0,0,0,0,1,1,6,1,48,8,1995,2,8,9,1,9
2016160091012,2,9,0,18,0,0,0,0,0,0,2,1,6,1,37,7,1560,2,10,8,1,8
2016160091012,3,9,0,18,0,0,0,0,0,0,2,1,6,2,49,8,1600,1,12,4,3,4
2016160091110,1,9,0,18,0,0,0,0,0,0,1,1,6,2,83,11,1197,1,5,9,1,9
2016160091110,2,9,0,18,0,0,0,0,0,0,1,1,5,2,37,7,2993,2,4,10,1,10
2016160091243,1,9,0,10,0,8,0,0,0,0,4,1,6,2,33,6,1248,1,2,3,1,3
2016160091243,2,9,0,18,0,1,0,0,0,0,1,1,6,1,31,6,1968,2,2,2,1,2
2016160091275,1,5,0,16,0,0,1,0,0,0,1,1,6,1,53,8,988,1,13,-1,-1,-1
2016160091275,2,9,0,17,0,0,0,0,0,0,1,1,6,1,68,10,1956,2,3,6,3,6
2016160091290,1,9,0,1,0,0,0,0,0,0,2,1,6,1,10,2,1360,1,10,1,1,1
2016160091290,2,9,0,2,0,0,0,0,0,0,2,1,6,1,48,8,1422,2,14,5,1,5
2016160091290,3,9,0,2,0,0,0,0,0,0,1,1,6,2,46,8,1956,2,1,1,1,1
2016160091291,1,5,0,18,0,1,1,0,0,0,0,1,6,1,56,9,805,1,17,3,1,3
2016160091293,1,9,0,7,0,2,5,4,1,0,1,1,6,1,23,5,1242,1,3,5,1,5
2016160091293,2,9,0,2,0,6,0,4,0,0,3,1,6,1,-1,-1,-1,-1,-1,4,1,4
2016160091293,3,9,0,2,0,6,0,4,0,0,3,1,6,2,-1,-1,1242,1,6,4,1,4
2016160091301,1,9,0,16,0,0,5,10,1,9,0,1,6,1,24,5,-1,-1,-1,3,1,3
2016160091305,1,3,0,18,0,2,0,0,0,0,1,1,6,1,46,8,125,1,-1,4,1,4
2016160091305,2,9,0,6,0,2,0,0,0,0,3,1,2,2,20,4,1229,1,-1,2,1,2
2016160091323,1,9,0,18,0,4,0,0,0,0,1,1,6,1,31,6,1149,1,10,3,1,3
2016160091323,2,9,0,18,0,8,5,0,0,0,4,1,6,2,43,7,1328,1,12,6,1,6
2016160091333,1,9,0,18,0,1,0,0,0,0,4,1,6,1,43,7,1834,1,15,1,1,1
2016160091363,1,9,0,17,0,0,1,10,7,0,3,1,6,1,23,5,1229,1,7,-1,-1,-1
2016160091409,1,1,0,18,0,4,0,0,0,0,1,1,6,2,51,8,-1,-1,-1,4,1,4
2016160091409,2,9,0,9,0,4,0,0,0,0,1,1,6,1,39,7,1599,1,13,1,1,1
2016160091540,1,5,0,17,0,8,1,10,1,10,1,1,5,1,57,9,883,1,13,8,2,8
2016160091546,1,9,0,18,0,8,0,10,1,11,1,1,1,2,36,7,1329,1,3,3,1,3
2016160091546,2,9,0,18,0,8,1,0,0,0,1,1,5,2,44,7,1248,2,6,2,2,2
2016160091606,1,9,0,18,0,2,0,0,0,0,1,1,6,3,42,7,-1,-1,-1,-1,-1,-1
2016160091609,1,5,0,16,0,0,0,0,7,1,1,1,6,1,27,6,988,1,13,4,1,4
2016160091615,1,9,0,16,0,0,0,0,1,4,1,1,6,1,23,5,1149,1,12,7,3,7
2016160091697,1,20,0,5,0,6,0,0,0,0,1,1,1,1,47,8,3920,2,3,-1,-1,-1
2016160091697,2,9,0,18,0,1,0,0,0,0,4,1,6,1,43,7,1149,1,12,9,1,9
2016160091702,1,9,0,18,0,1,0,0,0,0,1,1,5,1,37,7,1997,2,11,1,1,1
2016160091702,2,8,0,3,0,1,0,0,0,0,2,1,2,1,42,7,1800,8,7,3,1,3
2016160091702,3,8,0,3,0,1,0,0,0,0,2,1,2,1,47,8,1968,2,8,1,1,1
2016160091798,1,9,0,9,0,2,0,0,0,0,1,1,6,2,40,7,1461,2,12,6,1,6
2016160091798,2,9,0,18,0,1,0,0,0,0,1,1,6,3,-1,-1,1596,1,15,-1,-1,-1
2016160091868,1,19,0,18,0,0,0,0,0,0,1,1,1,1,28,6,1995,2,4,9,1,9
2016160091868,2,9,0,4,0,0,0,10,1,9,2,1,6,2,19,4,998,1,10,9,1,9
2016160091868,3,9,0,4,0,0,0,0,4,6,2,1,6,2,30,6,1596,1,3,3,1,3
2016160091918,1,9,0,18,0,1,0,10,1,10,1,1,5,1,51,8,1396,1,13,7,1,7
2016160091924,1,9,0,5,0,6,0,0,0,0,3,1,6,1,39,7,-1,-1,-1,1,1,1
2016160091924,2,1,0,18,0,8,0,0,0,0,1,1,6,2,39,7,-1,-1,-1,2,1,2
2016160091961,1,9,0,18,0,1,0,0,0,0,1,1,5,1,66,10,1242,1,10,9,1,9
2016160091997,1,1,0,18,0,0,0,4,0,0,1,1,6,1,24,5,-1,-1,-1,-1,-1,-1
2016160091997,2,98,1,2,0,0,0,0,0,0,2,1,6,3,-1,-1,-1,-1,-1,-1,-1,-1
2016160092012,1,98,0,18,0,8,0,0,0,0,1,1,6,3,-1,-1,-1,-1,-1,-1,-1,-1
2016160092012,2,1,0,18,0,6,0,0,0,0,1,1,6,1,21,5,-1,-1,-1,1,1,1
2016160092027,1,9,0,1,0,2,0,0,0,0,2,1,6,1,18,4,998,1,10,6,1,6
2016160092079,1,9,0,18,0,1,0,0,0,0,1,1,6,1,61,9,1969,2,2,2,1,2
2016160092079,2,1,0,18,0,1,0,0,0,0,1,1,6,2,13,3,-1,-1,-1,2,1,2
2016160092113,1,1,0,14,0,0,0,8,0,0,1,1,6,2,47,8,-1,-1,-1,-1,-1,-1
2016160092113,2,8,0,4,0,0,0,0,0,0,3,1,1,1,51,8,1896,2,16,2,1,2
2016160092119,1,9,0,9,9,0,0,10,7,10,1,1,2,1,39,7,3497,1,18,4,1,4
2016160092159,1,9,0,18,0,4,0,0,0,0,3,1,5,1,36,7,1997,2,12,1,1,1
2016160092159,2,5,0,18,0,3,0,0,0,0,1,1,5,1,32,6,-1,-1,-1,1,1,1
2016160092164,1,9,0,9,0,5,0,0,0,0,1,1,5,1,68,10,1686,2,13,8,2,8
2016160092164,2,1,0,18,0,8,0,0,0,0,1,1,5,1,47,8,-1,-1,-1,3,1,3
2016160092212,1,9,0,7,0,0,0,0,0,0,4,1,6,3,-1,-1,1242,1,15,-1,-1,-1
2016160092212,2,2,0,18,0,0,0,0,0,0,1,1,6,2,20,4,49,1,-1,1,1,1
2016160092212,3,9,0,7,0,0,0,0,0,0,0,1,1,1,33,6,2993,2,3,10,3,10
2016160092246,1,9,0,18,0,0,1,10,1,9,1,1,5,1,60,9,1998,2,7,3,2,3
2016160092246,2,21,1,18,0,0,0,0,0,0,2,1,5,1,47,8,16400,2,1,3,1,3
2016160092293,1,9,0,17,0,0,1,0,7,4,4,1,2,2,28,6,1242,1,13,8,1,8
2016160092345,1,9,0,18,0,0,1,10,5,6,1,1,5,1,71,10,1596,1,14,6,1,6
2016160092345,2,9,0,18,0,0,0,0,0,0,2,1,6,2,57,9,1499,1,1,5,2,5
2016160092345,3,21,1,18,0,0,1,0,0,0,1,1,1,1,70,10,10518,2,8,8,1,8
2016160092531,1,9,0,18,0,0,0,0,0,0,1,1,1,1,46,8,2231,2,5,10,3,10
2016160092563,1,9,0,4,0,0,0,0,0,0,2,1,6,1,18,4,1149,1,13,3,1,3
2016160092563,2,9,0,4,0,0,0,0,0,0,2,1,6,1,27,6,1796,1,15,1,1,1
2016160092563,3,9,0,18,0,0,0,0,0,0,0,1,6,1,-1,-1,1753,2,16,-1,-1,-1
2016160092586,1,19,0,18,0,0,0,10,1,9,1,1,6,2,20,4,1868,2,11,9,3,9
2016160092588,1,5,0,9,0,6,0,0,0,0,4,1,5,2,50,8,583,1,16,5,3,5
2016160092588,2,9,0,18,0,8,0,0,0,0,4,1,5,1,40,7,1596,1,4,4,2,4
2016160092619,1,5,0,18,0,1,0,0,0,0,1,1,6,1,37,7,599,1,16,1,1,1
2016160092619,2,21,0,9,0,1,0,0,0,0,1,1,6,1,45,7,7146,2,4,4,1,4
2016160092663,1,9,0,4,0,7,0,0,0,0,2,1,6,2,54,8,998,1,-1,10,2,10
2016160092663,2,9,0,18,0,1,0,0,0,0,1,1,6,2,23,5,1390,1,6,6,1,6
2016160092688,1,19,0,17,0,0,0,0,0,0,1,1,6,1,-1,-1,2402,2,11,-1,-1,-1
2016160092688,2,1,0,17,0,0,0,0,0,0,1,1,6,1,50,8,-1,-1,-1,10,1,10
2016160092705,1,3,0,18,0,8,0,0,0,0,4,1,5,1,62,9,124,1,5,1,1,1
2016160092705,2,9,0,5,0,6,0,0,0,0,1,1,5,1,26,6,1910,2,11,5,3,5
2016160092751,1,9,0,18,0,0,0,0,0,0,1,1,6,3,-1,-1,-1,-1,-1,-1,-1,-1
2016160092774,1,9,0,16,0,0,2,0,7,10,1,1,6,1,30,6,3200,2,9,5,3,5
2016160092774,2,9,0,17,0,0,2,0,1,10,1,1,6,2,53,8,1242,1,6,4,1,4
2016160092786,1,9,0,18,0,0,0,0,0,0,1,1,6,3,-1,-1,-1,-1,-1,-1,-1,-1
2016160092936,1,9,0,18,0,1,0,0,0,0,4,1,6,2,34,6,1499,2,2,7,1,7
2016160092936,2,19,0,9,0,1,0,0,0,0,3,1,1,1,24,5,2198,2,2,4,3,4
2016160092944,1,21,0,18,0,0,0,0,0,0,3,1,1,1,54,8,9365,2,8,8,1,8
2016160092944,2,98,0,18,0,0,0,0,0,0,3,1,1,3,-1,-1,-1,-1,-1,-1,-1,-1
2016160092953,1,21,1,18,0,0,1,0,0,0,2,1,1,1,35,6,12809,2,-1,1,1,1
2016160092953,2,21,1,18,0,0,1,0,0,0,1,1,1,1,25,5,12777,2,7,1,1,1
2016160092962,1,9,0,18,0,8,0,0,0,0,1,1,6,1,45,7,2143,2,2,3,1,3
2016160092962,2,9,0,18,0,6,0,10,3,4,1,1,6,1,28,6,1968,2,5,6,1,6
2016160092975,1,9,0,18,0,1,0,0,0,0,1,1,6,2,44,7,2204,2,9,1,1,1
2016160092996,1,9,0,18,0,1,0,0,0,0,1,1,6,2,31,6,1124,1,14,2,1,2
2016160092996,2,9,0,18,0,1,0,0,0,0,1,1,6,1,65,9,1686,2,5,9,2,9
2016160092998,1,9,0,18,0,0,0,0,0,0,2,1,6,2,75,10,1242,1,1,5,1,5
2016160092998,2,9,0,18,0,0,0,0,0,0,1,1,6,1,55,8,1398,1,-1,6,1,6
2016160092999,1,9,0,8,0,1,0,0,0,0,2,1,5,2,21,5,1240,1,10,9,2,9
2016160092999,2,9,0,18,0,1,0,0,0,0,1,1,5,2,35,6,1364,1,11,5,1,5
2016160093013,1,9,0,9,0,1,0,0,0,0,3,1,6,1,32,6,1999,1,11,6,1,6
2016160093013,2,5,0,18,0,1,0,0,0,0,4,1,6,1,50,8,1197,1,5,10,1,10
2016160093016,1,3,0,18,0,0,1,0,0,0,0,1,6,1,21,5,125,1,-1,1,1,1
2016160093042,1,9,0,10,0,5,0,0,0,0,2,1,6,1,30,6,1910,2,10,6,1,6
2016160093042,2,9,0,18,0,1,0,0,0,0,1,1,6,1,18,4,1229,1,9,7,3,7
2016160093044,1,9,0,13,0,0,5,10,1,2,3,1,6,1,39,7,-1,-1,-1,9,3,9
2016160093044,2,9,0,18,0,0,0,0,0,0,4,1,6,1,76,11,1582,2,4,-1,-1,-1
2016160093050,1,9,0,18,0,0,0,0,0,0,1,1,1,2,26,6,1242,1,5,6,3,6
2016160093050,2,1,0,18,0,0,0,0,0,0,2,1,5,2,16,4,-1,-1,-1,2,1,2
2016160093087,1,9,0,18,0,0,0,0,0,0,1,1,5,2,23,5,1598,1,11,2,1,2
2016160093087,2,9,0,18,0,0,0,0,0,0,2,1,5,1,72,10,1596,1,6,7,3,7
2016160093106,1,9,0,18,0,0,0,0,0,0,1,1,5,2,69,10,998,1,-1,4,1,4
2016160093106,2,9,0,18,0,0,1,0,7,9,1,1,5,1,71,10,1560,2,7,7,1,7
2016160093134,1,9,0,2,0,0,0,0,0,0,3,1,6,2,72,10,1086,1,10,1,1,1
2016160093134,2,1,0,14,0,0,0,0,0,0,1,1,6,2,33,6,-1,-1,-1,3,1,3
2016160093376,1,9,0,9,0,2,0,0,0,0,3,1,1,1,46,8,1968,2,2,3,1,3
2016160093376,2,5,0,14,0,2,0,0,0,0,1,1,6,1,47,8,1157,1,14,1,1,1
2016160093410,1,9,0,7,0,1,0,0,0,0,4,1,5,1,24,5,1199,1,13,2,1,2
2016160093410,2,1,0,18,4,1,0,0,0,0,1,1,5,1,33,6,-1,-1,-1,7,1,7
2016160093448,1,9,0,18,0,0,0,0,0,0,1,1,6,1,34,6,1988,2,13,1,1,1
2016160093448,2,9,0,18,0,0,0,10,7,0,1,1,6,2,48,8,1498,1,8,5,1,5
2016160093448,3,9,0,2,0,0,0,0,0,0,3,1,6,1,44,7,1396,1,-1,9,1,9
2016160093487,1,9,0,18,0,0,1,10,1,0,1,1,6,1,23,5,1364,1,11,10,1,10
2016160093487,2,9,0,18,0,0,0,0,0,0,2,1,6,2,66,10,2179,2,7,5,3,5
2016160093487,3,21,1,18,0,0,0,0,0,0,2,1,1,1,46,8,5900,2,10,1,1,1
2016160093534,1,9,0,18,0,1,0,0,0,0,4,1,6,2,83,11,1598,1,17,1,1,1
2016160093534,2,5,0,7,0,1,0,0,0,0,1,1,6,1,34,6,600,1,15,4,1,4
2016160093597,1,9,0,18,0,1,0,0,0,0,3,1,6,1,36,7,1596,1,15,4,3,4
2016160093597,2,9,0,13,0,1,0,0,0,0,4,1,6,1,18,4,1399,2,9,10,2,10
2016160093689,1,9,0,18,0,0,2,10,1,6,2,1,6,1,30,6,1149,1,12,9,1,9
2016160093804,1,3,0,18,0,1,0,0,0,0,0,1,6,1,19,4,125,1,2,5,3,5
2016160093804,2,9,0,7,0,6,0,0,0,0,0,1,6,3,-1,-1,-1,-1,-1,-1,-1,-1