Accident_Index,Vehicle_Reference,Vehicle_Type,Towing_and_Articulation,Vehicle_Manoeuvre,Vehicle_Location-Restricted_Lane,Junction_Location,Skidding_and_Overturning,Hit_Object_in_Carriageway,Vehicle_Leaving_Carriageway,Hit_Object_off_Carriageway,1st_Point_of_Impact,Was_Vehicle_Left_Hand_Drive?,Journey_Purpose_of_Driver,Sex_of_Driver,Age_of_Driver,Age_Band_of_Driver,Engine_Capacity_(CC),Propulsion_Code,Age_of_Vehicle,Driver_IMD_Decile,Driver_Home_Area_Type,Vehicle_IMD_Decile
2016160093844,1,9,0,6,0,0,0,0,0,0,4,1,6,1,34,6,1968,2,12,5,1,5
2016160093844,2,9,0,18,0,0,5,10,1,2,3,1,6,2,30,6,1248,2,5,4,3,4
2016160093904,1,3,0,18,0,0,0,0,0,0,4,1,6,1,32,6,124,1,4,1,1,1
2016160093905,1,9,0,18,0,8,0,10,7,0,1,1,5,1,23,5,1799,1,9,7,1,7
2016160093905,2,9,0,18,0,8,0,10,1,1,3,1,5,1,18,4,1396,1,10,6,3,6
2016160093905,3,9,0,10,0,1,0,0,0,0,3,1,1,2,67,10,1956,2,5,3,1,3
2016160093956,1,9,0,18,0,8,0,0,0,0,3,1,5,1,38,7,1968,2,11,7,1,7
2016160093956,2,1,0,7,0,6,0,0,0,0,4,1,5,2,50,8,-1,-1,-1,8,1,8
2016160094203,1,9,0,18,0,1,0,0,0,0,4,1,6,2,27,6,1248,2,11,2,1,2
2016160094219,1,2,0,4,0,0,0,10,0,0,0,1,5,2,30,6,49,1,1,4,1,4
2016160094237,1,9,0,1,0,1,0,0,0,0,2,1,5,2,52,8,1396,2,3,1,1,1
2016160094237,2,2,0,18,0,1,0,0,0,0,4,1,5,1,47,8,49,1,15,1,1,1
2016160094264,1,9,0,18,0,1,0,0,0,0,1,1,6,1,42,7,1598,2,7,5,1,5
2016160094287,1,8,0,18,0,1,0,0,0,0,0,1,1,3,-1,-1,-1,-1,-1,-1,-1,-1
2016160094287,2,9,0,9,0,5,0,0,0,0,0,1,6,3,-1,-1,-1,-1,-1,-1,-1,-1
2016160094316,1,9,0,18,0,8,0,0,0,0,4,1,5,2,32,6,1997,2,10,10,2,10
2016160094326,1,9,0,16,0,0,5,10,2,0,1,1,6,2,62,9,1396,1,15,7,2,7
2016160094333,1,9,0,13,0,0,0,0,0,0,3,1,5,1,62,9,2351,1,14,3,2,3
2016160094333,2,3,0,13,0,0,0,0,0,0,4,1,2,1,33,6,124,1,1,6,1,6
2016160094333,3,19,0,18,0,0,0,0,0,0,0,1,5,2,37,7,2463,2,10,10,3,10
2016160094355,1,3,0,18,0,0,1,0,0,0,0,1,6,1,47,8,124,1,14,1,1,1
2016160094355,2,3,0,18,0,0,5,0,0,0,2,1,6,1,50,8,125,1,1,1,1,1
2016160094355,3,3,0,18,0,0,5,0,0,0,1,1,6,1,17,4,125,1,-1,3,1,3
2016160094359,1,9,0,18,0,8,0,0,0,0,1,1,6,1,48,8,1390,1,6,1,1,1
2016160094359,2,9,0,9,0,6,0,0,0,0,1,1,5,2,20,4,1229,1,11,5,1,5
2016160094376,1,9,0,1,0,1,0,0,0,0,2,1,6,1,69,10,1229,1,9,3,1,3
2016160094384,1,9,0,18,9,2,0,10,1,0,4,1,6,3,-1,-1,-1,-1,-1,-1,-1,-1
2016160094384,2,1,0,18,9,2,0,0,0,0,3,1,6,1,40,7,-1,-1,-1,1,1,1
2016160094408,1,9,0,13,0,0,0,0,0,0,4,1,6,1,50,8,-1,-1,-1,3,1,3
2016160094408,2,1,0,18,0,0,0,0,0,0,3,1,6,1,52,8,-1,-1,-1,-1,-1,-1
2016160094412,1,19,0,13,0,0,0,0,5,6,1,1,1,1,29,6,1997,2,10,1,1,1
2016160094412,2,21,0,18,0,0,0,0,0,0,2,1,1,1,54,8,12740,2,1,3,1,3
2016160094425,1,9,0,18,0,1,0,0,0,0,1,1,6,1,-1,-1,1360,1,10,-1,-1,-1
2016160094425,2,9,0,3,0,1,0,0,0,0,2,1,6,1,27,6,1598,2,1,6,1,6
2016160094451,1,8,0,5,0,0,0,0,0,0,0,1,1,3,-1,-1,1998,2,9,-1,-1,-1
2016160094628,1,9,0,14,0,0,0,0,0,0,0,1,6,1,29,6,1796,1,14,5,2,5
2016160094628,2,1,0,18,0,0,0,0,0,0,0,1,6,2,50,8,-1,-1,-1,4,1,4
2016160094630,1,9,0,18,0,1,0,0,0,0,1,1,6,2,78,11,1198,1,4,10,3,10
2016160094630,2,19,0,8,0,1,0,0,0,0,2,1,1,1,42,7,1598,2,1,4,1,4
2016160094670,1,9,0,18,0,0,0,0,0,0,1,1,5,1,21,5,1595,1,13,7,3,7
2016160094670,2,1,0,18,0,0,0,0,0,0,2,1,5,1,69,10,-1,-1,-1,3,3,3
2016160094670,3,1,0,18,0,0,0,0,0,0,2,1,5,1,42,7,-1,-1,-1,5,3,5
2016160094689,1,9,0,7,0,8,0,0,0,0,4,1,6,3,38,7,-1,-1,-1,-1,-1,-1
2016160094689,2,1,0,9,0,8,0,0,0,0,3,1,6,1,56,9,-1,-1,-1,-1,-1,-1
2016160094698,1,9,0,17,0,0,0,0,0,0,1,1,5,1,28,6,1198,1,7,6,1,6
2016160094698,2,9,0,16,0,0,1,0,0,0,1,1,5,1,37,7,1149,1,16,2,1,2
2016160094722,1,9,0,18,0,0,1,10,7,4,1,1,6,2,18,4,998,1,4,8,3,8
2016160094746,1,9,0,18,0,1,0,0,0,0,1,1,2,1,39,7,2967,2,4,10,2,10
2016160094746,2,9,0,3,0,1,0,0,0,0,2,1,2,1,20,4,1968,2,3,-1,-1,-1
2016160094746,3,9,0,3,0,1,0,0,0,0,2,1,2,2,28,6,1598,1,1,10,3,10
2016160094746,4,9,0,3,0,1,0,0,0,0,2,1,2,1,52,8,1560,2,2,10,3,10
2016160094749,1,9,0,18,0,0,1,10,1,4,4,1,6,1,21,5,1968,2,9,1,1,1
2016160094756,1,3,0,18,0,0,0,0,0,0,1,1,6,1,35,6,125,1,5,2,1,2
2016160094756,2,9,0,18,0,0,0,0,0,0,1,1,6,3,-1,-1,1598,2,1,-1,-1,-1
2016160094783,1,9,0,12,0,1,0,0,0,0,1,1,6,3,-1,-1,1242,1,12,-1,-1,-1
2016160094783,2,9,0,18,0,1,0,0,0,0,2,1,6,1,23,5,999,1,11,8,3,8
2016160094792,1,9,0,18,0,1,0,0,0,0,1,1,6,1,72,10,1339,1,11,6,1,6
2016160094792,2,1,0,18,0,1,0,0,0,0,1,1,6,1,15,3,-1,-1,-1,-1,-1,-1
2016160094801,1,9,0,3,0,0,0,0,0,0,1,1,6,1,25,5,1560,2,8,3,1,3
2016160094801,2,3,0,9,0,0,0,0,0,0,1,1,6,1,26,6,124,1,11,3,1,3
2016160094836,1,9,0,18,0,1,0,4,0,0,1,1,5,2,46,8,1896,2,12,1,1,1
2016160094836,2,9,0,2,0,1,0,0,0,0,2,1,5,1,42,7,-1,-1,-1,4,1,4
2016160094837,1,9,0,4,0,1,0,0,0,0,1,1,5,2,27,6,1124,1,13,9,1,9
2016160094837,2,9,0,3,0,1,0,0,0,0,2,1,5,1,49,8,1198,1,12,1,1,1
2016160095045,1,9,0,17,0,0,0,0,0,0,4,1,2,1,65,9,3246,1,9,6,3,6
2016160095056,1,9,0,13,0,0,0,0,0,0,4,1,6,3,31,6,-1,-1,-1,-1,-1,-1
2016160095056,2,1,0,18,0,0,0,0,0,0,3,1,6,2,22,5,-1,-1,-1,1,1,1
2016160095069,1,9,0,18,0,0,0,10,7,9,1,1,6,1,81,11,1388,1,2,2,1,2
2016160095080,1,9,0,4,0,0,5,10,0,0,3,1,5,2,32,6,-1,-1,-1,1,1,1
2016160095091,1,9,0,1,0,0,0,7,0,0,2,1,6,1,61,9,1590,1,12,1,1,1
2016160095112,1,9,0,9,0,8,0,0,0,0,1,1,6,1,65,9,1396,1,12,5,1,5
2016160095112,2,3,0,18,0,8,0,0,0,0,1,1,6,1,32,6,125,1,4,1,1,1
2016160095128,1,9,0,13,0,0,0,0,0,0,4,2,6,1,56,9,-1,-1,-1,-1,-1,-1
2016160095128,2,1,0,18,0,0,0,0,0,0,3,1,6,2,53,8,-1,-1,-1,10,2,10
2016160095147,1,9,0,18,0,2,1,10,1,0,4,1,6,3,-1,-1,1995,1,13,-1,-1,-1
2016160095196,1,9,0,18,0,0,1,10,1,0,1,1,6,2,18,4,998,1,3,7,2,7
2016160095241,1,9,0,5,0,0,0,0,0,0,3,1,6,3,-1,-1,1598,1,14,-1,-1,-1
2016160095241,2,9,0,18,0,0,0,0,0,0,4,1,1,1,49,8,1686,2,5,8,1,8
2016160095251,1,9,0,1,0,1,0,0,0,0,2,1,6,1,33,6,1999,1,11,1,1,1
2016160095251,2,9,0,3,0,1,0,0,0,0,1,1,6,1,34,6,1399,2,4,1,1,1
2016160095299,1,9,0,18,0,0,1,0,1,0,4,1,6,1,20,4,1973,1,17,4,3,4
2016160095414,1,3,0,18,0,1,5,0,0,0,1,1,6,1,34,6,113,1,1,3,3,3
2016160095414,2,9,0,18,0,1,0,0,0,0,1,1,1,1,44,7,1798,1,8,1,1,1
2016160095432,1,9,0,13,0,0,0,0,0,0,4,1,6,3,-1,-1,2993,2,9,-1,-1,-1
2016160095432,2,1,0,18,0,0,0,0,0,0,3,1,6,1,26,6,-1,-1,-1,9,1,9
2016160095435,1,9,0,18,0,0,5,10,1,0,4,1,2,1,41,7,1149,1,13,3,1,3
2016160095474,1,5,0,18,0,1,0,0,0,0,3,1,6,1,50,8,599,1,28,3,1,3
2016160095474,2,9,0,13,0,1,0,0,0,0,4,1,6,3,-1,-1,-1,-1,-1,-1,-1,-1
2016160095486,1,9,0,18,0,0,1,4,7,0,1,1,6,1,18,4,1229,1,11,8,2,8
2016160095486,2,9,0,2,0,0,0,0,0,0,2,1,6,1,54,8,1388,1,13,6,3,6
2016160095505,1,9,0,5,0,6,0,0,0,0,1,1,6,3,-1,-1,-1,-1,-1,-1,-1,-1
2016160095505,2,1,0,18,0,8,0,0,0,0,4,1,6,1,42,7,-1,-1,-1,4,2,4
2016160095505,3,1,0,18,0,8,0,0,0,0,4,1,6,2,4,1,-1,-1,-1,4,2,4
2016160095533,1,9,0,18,0,1,0,0,0,0,2,1,6,2,28,6,1398,1,2,4,1,4
2016160095533,2,9,0,18,0,1,0,0,0,0,1,1,6,2,46,8,1398,1,4,4,1,4
2016160095563,1,9,0,3,0,1,0,0,0,0,2,1,6,2,22,5,1598,2,3,8,3,8
2016160095563,2,9,0,18,0,1,0,0,0,0,1,1,6,1,28,6,-1,-1,-1,-1,-1,-1
2016160095587,1,9,0,13,0,0,0,0,0,0,4,1,6,1,48,8,1968,2,4,5,1,5
2016160095587,2,1,0,18,0,0,0,0,0,0,3,1,6,2,31,6,-1,-1,-1,6,1,6
2016160095590,1,9,0,13,0,0,0,0,0,0,4,1,6,3,-1,-1,-1,-1,-1,-1,-1,-1
2016160095590,2,1,0,18,0,0,0,0,0,0,3,1,6,1,46,8,-1,-1,-1,1,1,1
2016160095619,1,9,0,18,0,0,0,0,0,0,1,1,6,1,-1,-1,1390,1,11,-1,-1,-1
2016160095619,2,9,0,18,0,0,0,0,0,0,2,1,6,1,47,8,1197,1,-1,1,1,1
2016160095644,1,9,0,7,0,6,0,0,0,0,1,1,6,1,-1,-1,1995,2,1,9,1,9
2016160095644,2,1,0,18,0,8,0,0,0,0,4,1,6,2,49,8,-1,-1,-1,4,1,4
2016160095654,1,9,0,7,0,1,0,0,0,0,3,1,6,1,77,11,998,1,-1,9,1,9
2016160095654,2,1,0,18,0,1,0,0,0,0,1,1,6,1,14,3,-1,-1,-1,1,1,1
2016160095856,1,9,0,16,0,0,1,0,7,10,2,1,6,1,57,9,1598,1,12,4,1,4
2016160095869,1,9,0,4,0,0,0,0,0,0,2,1,6,2,18,4,998,1,3,3,1,3
2016160095869,2,19,0,18,0,0,0,0,0,0,1,1,1,1,27,6,-1,-1,-1,3,1,3
2016160095907,1,9,0,4,0,0,0,0,0,0,1,1,6,2,30,6,1991,2,10,1,1,1
2016160095907,2,19,0,4,0,0,0,0,0,0,1,1,6,1,55,8,1598,2,1,1,1,1
2016160095907,3,98,0,12,0,0,0,0,0,0,2,1,6,1,59,9,-1,-1,-1,7,1,7
2016160095907,4,9,0,12,0,0,0,0,0,0,2,1,6,2,28,6,1995,2,8,5,3,5
2016160096008,1,9,0,7,0,6,0,0,0,0,0,1,6,3,-1,-1,-1,-1,-1,-1,-1,-1
2016160096008,2,11,0,18,0,8,0,0,0,0,0,1,1,1,31,6,6700,2,4,2,1,2
2016160096049,1,9,0,18,0,1,0,0,7,11,1,1,6,1,20,4,1968,2,3,9,3,9
2016160096049,2,9,0,18,0,2,0,0,0,0,2,1,5,1,32,6,1368,1,2,6,3,6
2016160096126,1,9,0,18,0,0,0,0,0,0,1,1,5,1,62,9,1998,2,11,1,1,1
2016160096176,1,9,0,18,0,0,0,6,7,0,1,1,6,1,37,7,1796,1,10,1,3,1
2016160096229,1,9,0,18,0,0,1,10,1,0,4,1,6,1,28,6,1997,2,7,8,2,8
2016160096248,1,9,0,16,0,0,1,10,7,9,1,1,6,1,23,5,1242,1,13,5,1,5
2016160096260,1,3,0,18,0,0,0,0,0,0,0,1,6,1,17,4,125,1,3,4,1,4
2016160096271,1,9,0,18,0,0,1,10,0,0,3,1,6,1,63,9,1596,1,4,1,1,1
2016160096283,1,9,0,18,0,2,0,0,0,0,4,1,6,2,23,5,1248,2,5,6,1,6
2016160096283,2,1,0,18,0,2,0,0,0,0,1,1,6,1,-1,-1,-1,-1,-1,-1,-1,-1
2016160096295,1,9,0,18,0,0,2,10,1,4,4,1,6,1,47,8,1797,1,24,7,3,7
2016160096312,1,90,0,18,0,1,0,0,0,0,0,1,1,3,52,8,2987,2,6,-1,-1,-1
2016160096312,2,9,0,7,0,1,0,0,0,0,0,1,6,3,36,7,-1,-1,-1,-1,-1,-1
2016160096380,1,11,0,7,0,1,0,0,0,0,4,1,1,1,53,8,7300,2,14,10,2,10
2016160096380,2,22,0,18,0,1,0,0,0,0,1,1,6,2,72,10,-1,-1,-1,4,1,4
2016160096387,1,19,0,18,0,0,0,0,0,0,2,1,1,1,29,6,2143,2,1,4,2,4
2016160096387,2,90,0,18,0,0,0,0,0,0,1,1,1,1,44,7,-1,-1,-1,6,2,6
2016160096400,1,9,0,18,0,1,0,0,0,0,1,1,6,2,28,6,1587,1,12,1,1,1
2016160096400,2,9,0,9,0,1,0,0,0,0,1,1,6,3,-1,-1,1199,1,14,-1,-1,-1
2016160096470,1,9,0,18,0,4,0,0,0,0,1,1,6,2,79,11,1198,1,11,-1,-1,-1
2016160096470,2,1,0,18,0,3,0,0,0,0,4,1,6,1,35,6,-1,-1,-1,1,1,1
2016160096516,1,9,0,9,0,1,0,0,0,0,2,1,6,2,25,5,998,1,2,8,2,8
2016160096516,2,9,0,18,0,1,0,0,0,0,1,1,6,2,26,6,1200,1,2,3,1,3
2016160096516,3,19,0,18,0,1,0,0,0,0,1,1,6,1,26,6,1870,2,12,3,1,3
2016160096598,1,9,0,18,0,1,0,0,0,0,3,1,6,1,48,8,1997,2,14,-1,-1,-1
2016160096598,2,9,0,11,0,1,0,0,0,0,4,1,6,1,31,6,1783,1,15,-1,-1,-1
2016160096630,1,1,0,18,0,0,1,0,0,0,0,1,2,1,50,8,-1,-1,-1,-1,-1,-1
2016160096659,1,9,0,18,0,0,2,10,7,9,3,1,6,1,41,7,1086,1,13,7,1,7
2016160096704,1,1,0,18,0,0,0,0,0,0,0,1,6,1,49,8,-1,-1,-1,4,1,4
2016160096740,1,9,0,13,0,0,0,6,0,0,1,1,6,2,45,7,1598,1,16,8,2,8
2016160096770,1,9,0,13,0,0,0,0,0,0,0,1,6,2,68,10,1392,1,19,9,1,9
2016160096770,2,1,0,18,0,0,0,0,0,0,0,1,6,2,62,9,-1,-1,-1,8,1,8
2016160096886,1,21,1,18,0,0,0,0,0,0,1,1,1,1,49,8,10518,2,5,-1,1,-1
2016160096886,2,9,0,4,0,0,0,0,0,0,2,1,6,2,20,4,1242,1,5,3,3,3
2016160096886,3,9,0,4,0,0,0,0,0,0,2,1,6,1,47,8,2497,7,9,1,2,1
2016160096887,1,1,0,18,9,1,0,0,0,0,1,1,6,2,31,6,-1,-1,-1,2,1,2
2016160096887,2,9,0,7,9,6,0,0,0,0,4,1,6,1,33,6,1995,2,13,1,1,1
2016160096888,1,19,0,9,0,1,0,0,0,0,3,1,1,1,47,8,1998,2,11,1,1,1
2016160096888,2,3,0,18,0,1,0,0,0,0,4,1,6,1,36,7,125,1,1,2,1,2
2016160096889,1,98,1,18,0,0,0,4,0,0,1,1,1,1,54,8,-1,-1,-1,2,1,2
2016160096889,2,21,0,2,0,0,0,0,0,0,2,1,1,1,54,8,6870,2,9,8,2,8
2016160096894,1,9,0,18,0,0,0,4,0,0,1,1,6,2,40,7,1968,2,6,8,2,8
2016160096894,2,9,0,2,0,0,0,0,0,0,2,1,6,3,-1,-1,-1,-1,-1,-1,-1,-1
2016160096895,1,5,0,16,0,0,1,0,1,9,1,1,5,1,67,10,996,1,8,4,2,4
2016160096895,2,17,4,17,0,0,1,0,0,0,1,1,1,1,23,5,6728,2,1,7,2,7
2016160097125,1,1,0,18,0,1,0,0,0,0,1,1,6,1,33,6,-1,-1,-1,1,1,1
2016160097125,2,9,0,18,0,1,0,0,0,0,1,1,6,1,43,7,-1,-1,-1,-1,-1,-1
2016160097321,1,9,0,18,0,8,0,0,0,0,4,1,6,1,28,6,999,1,1,3,1,3
2016160097321,2,9,0,7,0,4,0,0,0,0,1,1,6,1,28,6,1998,1,-1,-1,-1,-1
2016160097324,1,9,0,18,0,0,0,0,1,9,1,1,6,1,73,10,1582,2,2,9,2,9
2016160097324,2,17,0,18,0,0,0,0,0,0,1,1,6,3,-1,-1,-1,2,3,-1,-1,-1
2016160097333,1,9,0,5,0,3,1,0,2,2,1,1,5,2,25,5,1598,1,15,5,1,5
2016160097460,1,1,0,18,0,0,0,0,0,0,1,1,6,1,16,4,-1,-1,-1,1,1,1
2016160097460,2,9,0,2,0,0,0,0,0,0,2,1,6,3,-1,-1,-1,-1,-1,-1,-1,-1
2016160097505,1,5,0,9,0,5,0,0,0,0,1,1,6,1,37,7,1803,1,7,6,1,6
2016160097562,1,2,0,18,0,1,0,0,0,0,0,1,6,3,-1,-1,49,1,16,-1,-1,-1
2016160097621,1,9,0,17,0,0,0,0,0,0,3,1,5,1,18,4,973,1,14,8,2,8
2016160097621,2,9,0,16,0,0,0,0,0,0,3,1,5,2,48,8,1560,2,6,6,2,6
2016160097621,3,5,0,16,0,0,0,0,0,0,3,1,5,1,45,7,1284,1,11,6,1,6
2016160097655,1,9,0,18,0,6,0,0,0,0,3,1,5,1,63,9,1386,1,3,3,2,3
2016160097655,2,9,0,18,0,8,0,0,0,0,1,1,5,2,21,5,1299,1,11,1,1,1
2016160097690,1,9,0,3,0,1,0,0,0,0,1,1,6,2,30,6,1995,2,12,1,1,1
2016160097690,2,9,0,1,0,1,0,0,0,0,2,1,6,3,-1,-1,-1,-1,-1,-1,-1,-1
2016160097705,1,9,0,18,0,8,0,0,0,0,1,1,6,3,-1,-1,-1,-1,-1,-1,-1,-1
2016160097705,2,9,0,18,0,8,0,0,0,0,1,1,6,1,52,8,1149,1,2,1,1,1
2016160097743,1,9,0,18,0,1,0,0,0,0,1,1,6,2,-1,-1,973,1,14,1,1,1
2016160097743,2,9,0,18,0,1,0,0,0,0,2,1,6,2,44,7,1896,2,8,8,2,8
2016160098131,1,9,0,18,0,0,0,0,0,0,2,1,6,1,35,6,1910,2,8,3,1,3
2016160098131,2,3,0,18,0,0,0,0,0,0,1,1,6,1,54,8,124,1,10,1,1,1
2016160098260,1,9,0,18,0,1,0,0,0,0,1,1,5,1,34,6,1229,1,12,5,1,5
2016160098260,2,3,0,3,0,1,0,0,0,0,2,1,5,1,61,9,124,1,14,-1,-1,-1
2016160098331,1,9,0,18,0,8,0,0,0,0,3,1,6,1,71,10,1229,1,4,2,1,2
2016160098331,2,1,0,18,0,8,0,0,0,0,4,1,6,1,24,5,-1,-1,-1,7,1,7
2016160098473,1,1,0,18,0,0,0,0,0,0,3,1,5,2,59,9,-1,-1,-1,4,1,4
2016160098507,1,3,0,9,0,5,5,0,0,0,2,1,2,1,20,4,124,1,1,1,1,1
2016160098507,2,97,0,18,0,1,5,0,0,0,1,1,6,3,-1,-1,-1,-1,-1,-1,-1,-1
2016160098557,1,9,0,17,0,0,2,0,1,10,1,1,5,2,22,5,1596,1,14,2,1,2
2016160098606,1,9,0,10,0,1,0,0,0,0,2,1,5,2,28,6,1910,2,10,3,1,3
2016160098606,2,9,0,5,0,1,1,0,0,0,1,1,5,1,36,7,1499,1,21,1,1,1
2016160098691,1,9,0,12,0,7,1,10,5,6,3,1,5,1,24,5,1995,2,2,9,2,9
2016160098691,2,9,0,18,0,8,2,10,5,6,4,1,5,2,59,9,1968,2,4,4,3,4
2016160098699,1,1,0,18,0,2,0,0,0,0,4,1,6,1,46,8,-1,-1,-1,3,1,3
2016160098699,2,9,0,2,0,2,0,0,0,0,3,1,6,2,25,5,2777,2,9,8,1,8
2016160098888,1,9,0,18,0,2,0,0,0,0,3,1,2,1,25,5,1999,1,12,1,1,1
2016160098895,1,8,0,18,0,0,0,0,1,9,1,1,1,1,60,9,1910,2,11,4,3,4
2016160098961,1,1,0,18,0,5,0,0,0,0,3,1,6,1,24,5,-1,-1,-1,1,1,1
2016160098961,2,11,0,18,0,1,0,0,0,0,1,1,1,1,32,6,8268,2,13,1,1,1
2016160099022,1,19,0,12,0,0,0,0,0,0,3,1,1,1,42,7,1686,2,10,1,1,1
2016160099022,2,3,0,13,0,0,1,0,0,0,1,1,1,1,28,6,124,1,-1,5,1,5
2016160099149,1,9,0,18,0,2,0,0,0,0,2,1,6,2,46,8,1388,1,14,2,1,2
2016160099149,2,9,0,18,0,2,0,0,0,0,1,1,6,1,34,6,1399,2,4,1,1,1
2016160099288,1,9,0,7,0,5,0,0,0,0,4,1,2,1,34,6,1686,2,12,1,1,1
2016160099288,2,1,0,18,0,8,0,0,0,0,3,1,2,2,42,7,-1,-1,-1,-1,-1,-1
2016160099290,1,9,0,4,0,6,0,0,0,0,1,1,5,1,59,9,1149,1,12,5,1,5
2016160099290,2,20,0,18,0,8,0,0,0,0,4,1,1,1,46,8,3920,2,3,6,1,6
2016160099361,1,19,0,3,0,0,0,0,0,0,2,1,5,1,36,7,1998,2,12,1,1,1
2016160099361,2,9,0,4,0,0,0,0,0,0,1,1,5,2,43,7,999,1,2,1,2,1
2016160099371,1,9,0,3,0,1,0,0,0,0,2,1,5,1,50,8,1587,1,10,1,1,1
2016160099371,2,9,0,18,0,1,0,0,0,0,1,1,5,3,-1,-1,-1,-1,-1,-1,-1,-1
2016160099474,1,9,0,18,0,0,0,0,1,10,1,1,5,1,48,8,2926,2,14,-1,-1,-1
2016160099497,1,9,0,18,0,0,0,0,0,0,1,1,5,2,40,7,998,1,3,10,1,10
2016160099497,2,9,0,4,0,0,0,0,0,0,2,1,5,1,54,8,1794,1,9,4,1,4
2016160099497,3,9,0,4,0,0,0,0,0,0,2,1,5,1,56,9,1798,8,3,3,2,3
2016160099514,1,5,0,18,0,1,2,0,0,0,1,1,6,1,48,8,599,1,13,9,1,9
2016160099514,2,9,0,18,0,1,0,0,0,0,2,1,6,2,40,7,-1,-1,-1,7,1,7
2016160099540,1,2,0,18,0,0,0,0,0,0,4,1,6,1,17,4,49,1,1,3,1,3
2016160099562,1,9,0,13,0,0,0,0,0,0,4,1,6,2,27,6,1149,1,15,7,3,7
2016160099562,2,1,0,18,0,0,0,0,0,0,3,1,6,1,43,7,-1,-1,-1,9,1,9
2016160099563,1,9,0,3,0,1,0,0,0,0,2,1,5,1,27,6,1388,1,3,1,1,1
2016160099563,2,9,0,18,0,1,0,0,0,0,1,1,6,1,30,6,1995,2,7,5,1,5
2016160099597,1,5,0,17,0,0,0,0,8,10,1,1,5,1,52,8,998,1,11,6,1,6
2016160099633,1,9,0,18,0,0,1,0,0,0,1,1,6,1,43,7,1390,1,11,5,1,5
2016160099633,2,9,0,2,0,0,0,0,0,0,2,1,6,2,34,6,1198,1,8,10,1,10
2016160099666,1,1,0,18,0,1,0,0,0,0,3,1,6,1,55,8,-1,-1,-1,3,1,3
2016160099666,2,9,0,18,0,1,0,0,0,0,4,1,6,2,21,5,-1,-1,-1,7,1,7
2016160099670,1,9,0,5,0,0,0,0,0,0,4,1,6,1,25,5,1900,2,12,1,1,1
2016160099807,1,9,0,18,0,0,0,0,0,0,4,1,6,2,-1,-1,-1,-1,-1,-1,-1,-1
2016160099807,2,1,0,18,0,0,0,0,0,0,3,1,1,1,17,4,-1,-1,-1,7,1,7
2016160099808,1,9,0,7,0,5,0,0,0,0,2,1,6,3,39,7,1108,1,15,4,1,4
2016160099808,2,1,0,18,0,8,0,0,0,0,1,1,5,2,69,10,-1,-1,-1,3,1,3
2016160099811,1,9,0,9,0,5,0,0,0,0,4,1,5,1,57,9,1560,2,3,5,1,5
2016160099811,2,5,0,18,0,8,0,0,0,0,1,1,5,1,29,6,625,1,11,8,2,8
2016160099827,1,98,0,18,0,0,0,0,0,0,1,1,6,3,-1,-1,-1,-1,-1,-1,-1,-1
2016160099827,2,1,0,18,0,0,0,0,0,0,2,1,6,1,22,5,-1,-1,-1,1,1,1
2016160099901,1,9,0,18,0,0,0,0,0,0,4,1,6,3,-1,-1,-1,-1,-1,-1,-1,-1
2016160099949,1,9,0,18,0,2,0,0,0,0,1,1,6,2,-1,-1,-1,-1,-1,-1,-1,-1
2016160100051,1,9,0,7,0,5,0,0,0,0,4,1,6,1,34,6,1998,2,10,8,1,8
2016160100051,2,1,0,18,0,8,0,0,0,0,1,1,6,1,50,8,-1,-1,-1,6,1,6
2016160100063,1,9,0,9,0,2,0,0,0,0,1,1,6,3,-1,-1,-1,-1,-1,-1,-1,-1
2016160100107,1,9,0,18,0,2,0,0,0,0,1,1,6,2,31,6,1200,1,-1,1,1,1
2016160100122,1,9,0,9,0,8,0,0,0,0,4,1,1,1,54,8,1388,1,3,5,1,5
2016160100122,2,1,0,18,0,1,0,0,0,0,1,1,1,1,50,8,-1,-1,-1,8,1,8
2016160100140,1,19,0,11,0,0,0,0,0,0,4,1,6,2,-1,-1,1560,2,-1,-1,-1,-1
2016160100140,2,9,0,18,0,0,0,0,0,0,3,1,6,2,29,6,1360,1,10,7,1,7
2016160100150,1,9,0,5,0,1,0,0,0,0,4,1,6,1,39,7,1686,2,8,-1,-1,-1
2016160100190,1,19,0,17,0,0,2,0,1,10,1,1,6,1,29,6,1996,2,4,-1,-1,-1
2016160100201,1,9,0,18,0,6,1,0,0,0,3,1,5,2,37,7,1149,1,12,4,2,4
2016160100201,2,9,0,18,0,8,0,0,0,0,1,1,5,2,51,8,1560,2,2,2,1,2
2016160100235,1,9,0,16,0,0,2,0,7,0,4,1,2,2,18,4,1198,1,14,10,2,10
2016160100284,1,9,0,13,0,8,0,0,7,4,4,1,5,1,91,11,1390,1,13,9,1,9
2016160100284,2,19,0,9,0,5,0,0,0,0,3,1,1,2,54,8,2198,2,-1,7,2,7
2016160100335,1,9,0,16,0,0,1,0,0,0,1,1,5,2,23,5,1149,1,15,7,2,7
2016160100494,1,9,0,18,0,0,0,0,0,0,1,1,6,1,25,5,1149,1,11,5,1,5
2016160100494,2,1,0,18,0,0,0,0,0,0,1,1,6,1,32,6,-1,-1,-1,1,1,1