Accident_Index,Vehicle_Reference,Vehicle_Type,Towing_and_Articulation,Vehicle_Manoeuvre,Vehicle_Location-Restricted_Lane,Junction_Location,Skidding_and_Overturning,Hit_Object_in_Carriageway,Vehicle_Leaving_Carriageway,Hit_Object_off_Carriageway,1st_Point_of_Impact,Was_Vehicle_Left_Hand_Drive?,Journey_Purpose_of_Driver,Sex_of_Driver,Age_of_Driver,Age_Band_of_Driver,Engine_Capacity_(CC),Propulsion_Code,Age_of_Vehicle,Driver_IMD_Decile,Driver_Home_Area_Type,Vehicle_IMD_Decile
2016160100562,1,9,0,16,0,0,0,0,0,0,3,1,6,1,22,5,1124,1,14,1,1,1
2016160100562,2,9,0,17,0,0,0,0,0,0,3,1,6,2,59,9,999,1,7,7,1,7
2016160100601,1,9,0,17,0,8,0,0,0,0,1,1,6,2,30,6,1388,1,11,1,1,1
2016160100601,2,1,0,9,0,6,0,0,0,0,3,1,6,1,39,7,-1,-1,-1,6,1,6
2016160100703,1,9,0,9,0,2,1,10,1,2,1,1,6,1,25,5,1796,1,8,-1,-1,-1
2016160100703,2,9,0,9,0,2,1,10,0,0,0,1,6,3,-1,-1,-1,-1,-1,-1,-1,-1
2016160100703,3,1,0,18,9,2,0,0,0,0,1,1,5,1,15,3,-1,-1,-1,1,1,1
2016160100713,1,21,0,9,0,6,0,0,0,0,3,1,1,1,42,7,12740,2,2,1,1,1
2016160100713,2,9,0,17,0,8,0,0,0,0,1,1,5,2,48,8,1198,1,1,9,3,9
2016160100750,1,9,0,18,0,0,0,0,0,0,1,1,6,1,24,5,1390,1,7,7,2,7
2016160100750,2,9,0,3,0,0,0,0,0,0,2,1,6,1,51,8,1242,1,4,5,3,5
2016160100750,3,9,0,3,0,0,0,0,0,0,2,1,6,2,56,9,1229,1,5,7,1,7
2016160100848,1,1,0,18,0,0,0,0,0,0,4,1,6,1,18,4,-1,-1,-1,1,1,1
2016160100848,2,9,0,2,0,0,0,0,0,0,3,1,6,1,35,6,1497,8,15,1,1,1
2016160100915,1,9,0,11,0,0,0,0,0,0,3,1,6,2,22,5,1242,1,-1,5,2,5
2016160100915,2,19,0,18,0,0,0,0,0,0,4,1,6,3,-1,-1,2188,2,14,-1,-1,-1
2016160100924,1,9,0,18,0,0,0,0,0,0,1,1,6,3,-1,-1,1968,2,5,-1,-1,-1
2016160100924,2,1,0,18,0,0,0,0,0,0,2,1,6,1,12,3,-1,-1,-1,-1,-1,-1
2016160101002,1,9,0,18,0,0,2,4,0,0,1,1,5,2,72,10,1248,1,3,7,3,7
2016160101002,2,9,0,2,0,0,0,0,0,0,2,1,6,3,-1,-1,1968,2,5,-1,-1,-1
2016160101002,3,5,0,18,0,0,1,10,4,0,1,1,5,1,37,7,599,1,11,7,1,7
2016160101059,1,9,0,7,0,3,0,10,4,1,1,1,6,2,40,7,973,1,13,1,1,1
2016160101059,2,9,0,7,0,3,0,0,0,0,2,1,5,2,31,6,-1,-1,-1,4,1,4
2016160101104,1,9,0,18,0,0,0,0,0,0,1,1,6,3,-1,-1,-1,-1,-1,-1,-1,-1
2016160101104,2,9,0,1,0,0,0,0,0,0,2,1,6,2,58,9,1598,1,6,1,1,1
2016160101240,1,19,0,9,0,0,0,0,0,0,1,1,6,1,50,8,1560,2,6,3,3,3
2016160101240,2,2,0,15,0,0,0,0,0,0,4,1,6,1,17,4,49,1,9,1,1,1
2016160101278,1,3,0,18,0,2,0,0,0,0,3,1,5,1,22,5,-1,-1,-1,1,1,1
2016160101278,2,9,0,18,0,1,0,0,0,0,1,1,5,2,18,4,1364,1,9,2,1,2
2016160101802,1,9,0,14,0,0,0,10,7,0,1,1,5,1,73,10,1956,2,2,8,1,8
2016160101802,2,8,0,2,0,0,0,0,0,0,3,1,1,1,63,9,1560,2,10,1,1,1
2016160101831,1,1,0,18,0,6,0,0,0,0,3,1,5,1,24,5,-1,-1,-1,3,1,3
2016160101831,2,9,0,18,0,1,0,0,0,0,1,1,5,1,37,7,998,1,16,1,1,1
2016160101864,1,9,0,3,0,1,0,0,0,0,2,1,6,2,48,8,1956,2,3,6,3,6
2016160101864,2,9,0,18,0,1,0,0,0,0,1,1,6,3,-1,-1,-1,-1,-1,-1,-1,-1
2016160101914,1,19,0,13,0,8,0,0,0,0,4,1,6,3,-1,-1,2148,2,10,-1,-1,-1
2016160101914,2,1,0,18,0,8,0,0,0,0,3,1,6,1,52,8,-1,-1,-1,1,1,1
2016160101934,1,4,0,18,0,8,0,0,0,0,3,1,6,1,45,7,400,1,41,3,1,3
2016160101934,2,9,0,13,0,8,0,0,0,0,4,1,6,1,-1,-1,1870,2,11,1,1,1
2016160101957,1,1,0,9,0,0,0,0,0,0,3,1,5,1,13,3,-1,-1,-1,1,1,1
2016160101957,2,9,0,13,0,0,0,0,0,0,1,1,1,2,35,6,1910,2,10,8,2,8
2016160102518,1,3,0,18,0,0,0,0,0,0,1,1,6,1,-1,-1,124,1,18,-1,-1,-1
2016160102788,1,9,0,9,0,8,0,7,1,11,4,1,5,1,29,6,1598,1,14,1,1,1
2016160102788,2,9,0,18,0,8,0,0,0,0,1,1,5,1,75,10,1968,2,-1,10,1,10
2016160102834,1,9,0,18,0,0,0,0,0,0,0,1,6,3,-1,-1,-1,-1,-1,-1,-1,-1
2016160102876,1,19,0,4,0,0,0,0,0,0,1,1,1,1,40,7,1996,2,5,4,1,4
2016160102876,2,9,0,3,0,0,0,0,0,0,2,1,5,1,24,5,1796,1,14,6,1,6
2016160102876,3,9,0,3,0,0,0,0,0,0,2,1,1,2,51,8,2400,2,2,9,1,9
2016160102967,1,9,0,8,0,1,0,0,0,0,4,1,6,2,30,6,1560,2,6,1,1,1
2016160102967,2,1,0,18,0,6,0,0,0,0,1,1,6,2,11,3,-1,-1,-1,-1,-1,-1
2016160103158,1,21,0,13,0,1,0,0,0,0,4,1,6,1,49,8,11967,2,2,4,2,4
2016160103158,2,1,0,18,0,1,0,0,0,0,3,1,6,1,65,9,-1,-1,-1,2,1,2
2016160103202,1,9,0,18,0,4,0,0,0,0,1,1,5,2,51,8,1364,1,1,10,1,10
2016160103202,2,1,0,18,0,8,0,0,0,0,1,1,5,1,70,10,-1,-1,-1,6,1,6
2016160103213,1,19,0,18,0,0,0,0,0,0,1,1,6,3,-1,-1,2198,2,2,-1,-1,-1
2016160103213,2,9,0,3,0,0,0,0,0,0,2,1,6,2,23,5,1149,1,13,10,1,10
2016160103221,1,5,0,13,0,2,0,0,0,0,4,1,6,1,38,7,1085,1,18,1,1,1
2016160103221,2,9,0,18,0,2,0,0,0,0,1,1,6,1,48,8,1956,2,5,2,1,2
2016160103283,1,9,0,18,0,0,0,0,0,0,1,1,6,1,20,4,2179,2,6,4,1,4
2016160103283,2,9,0,4,0,0,0,0,0,0,2,1,6,1,44,7,1248,2,5,3,1,3
2016160103283,3,9,0,3,0,0,0,0,0,0,2,1,6,1,66,10,1596,1,11,4,1,4
2016160103358,1,9,0,18,0,0,0,0,0,0,1,1,6,3,-1,-1,1339,1,11,-1,-1,-1
2016160103358,2,9,0,2,0,0,0,0,0,0,3,1,6,3,-1,-1,-1,-1,-1,-1,-1,-1
2016160103443,1,9,0,18,0,0,0,0,0,0,1,1,6,1,32,6,1870,2,10,1,1,1
2016160103443,2,9,0,4,0,0,0,0,0,0,2,1,6,2,31,6,1496,1,1,5,1,5
2016160103443,3,9,0,3,0,0,0,0,0,0,2,1,6,2,68,10,1397,1,6,4,1,4
2016160103496,1,2,0,18,0,8,0,10,1,0,4,1,2,1,16,4,49,1,10,4,1,4
2016160103496,2,9,0,7,0,6,0,0,0,0,3,1,5,1,80,11,1560,2,5,9,1,9
2016160103545,1,9,0,18,0,0,0,0,0,0,1,1,6,2,52,8,1149,1,11,4,1,4
2016160103594,1,9,0,3,0,0,0,0,0,0,2,1,6,2,26,6,1598,2,2,5,1,5
2016160103594,2,9,0,18,0,0,0,0,0,0,1,1,6,1,-1,-1,-1,-1,-1,-1,-1,-1
2016160103638,1,11,0,5,0,0,0,0,0,0,0,1,1,1,48,8,7300,2,2,1,1,1
2016160103781,1,9,0,3,0,1,0,0,0,0,2,1,6,2,32,6,1984,1,16,3,3,3
2016160103781,2,9,0,18,0,1,0,0,0,0,1,1,6,1,18,4,1390,1,2,3,1,3
2016160103825,1,9,0,18,0,0,0,0,0,0,3,1,6,1,42,7,1124,1,16,7,1,7
2016160103825,2,9,0,14,0,0,0,0,0,0,3,1,6,2,31,6,1360,1,12,8,1,8
2016160103916,1,9,0,18,0,0,0,0,0,0,3,1,6,3,39,7,-1,-1,-1,-1,-1,-1
2016160103942,1,9,0,9,0,6,0,0,0,0,1,1,6,2,60,9,-1,-1,-1,-1,-1,-1
2016160103942,2,1,0,9,0,5,0,0,0,0,1,1,6,2,22,5,-1,-1,-1,9,1,9
2016160103951,1,9,0,2,0,1,0,0,0,0,2,1,6,2,64,9,1229,1,7,10,1,10
2016160103951,2,1,0,18,0,1,0,4,0,0,1,1,6,1,38,7,-1,-1,-1,2,1,2
2016160103961,1,9,0,18,0,4,0,0,0,0,1,1,6,1,30,6,1596,1,7,10,1,10
2016160103961,2,1,0,9,0,3,0,0,0,0,1,1,6,2,49,8,-1,-1,-1,6,1,6
2016160104084,1,9,0,9,0,1,0,0,0,0,1,1,6,2,42,7,1968,2,1,8,1,8
2016160104084,2,9,0,18,0,1,0,0,0,0,1,1,6,1,43,7,1199,1,15,1,1,1
2016160104086,1,9,0,7,0,1,0,0,0,0,4,1,2,2,44,7,1798,1,3,6,1,6
2016160104086,2,1,0,18,9,1,0,0,0,0,1,1,4,1,13,3,-1,-1,-1,4,3,4
2016160104088,1,9,0,18,0,1,1,0,0,0,4,1,5,1,17,4,1229,1,6,6,1,6
2016160104088,2,9,0,18,0,1,0,0,0,0,1,1,5,1,57,9,1798,1,12,2,1,2
2016160104092,1,9,0,18,0,4,0,0,0,0,3,1,6,1,22,5,1598,1,10,1,1,1
2016160104092,2,4,0,18,0,3,0,0,0,0,4,1,6,2,50,8,249,1,36,4,1,4
2016160104098,1,9,0,18,0,0,0,0,0,0,1,1,6,1,68,10,1968,2,6,9,2,9
2016160104098,2,9,0,3,0,0,0,0,1,0,2,1,6,2,30,6,1149,1,16,1,1,1
2016160104109,1,97,0,4,0,2,0,0,0,0,2,1,6,1,45,7,-1,-1,-1,-1,-1,-1
2016160104109,2,97,0,18,0,2,0,0,0,0,1,1,6,1,46,8,-1,-1,-1,-1,-1,-1
2016160104115,1,9,0,7,0,0,0,0,0,0,3,1,6,1,33,6,1598,1,5,2,1,2
2016160104115,2,3,0,18,0,0,0,0,0,0,1,1,6,1,24,5,125,1,1,1,1,1
2016160104122,1,9,0,4,0,2,0,0,0,0,1,1,6,1,65,9,2477,2,13,1,1,1
2016160104122,2,1,0,18,0,2,0,0,0,0,4,1,6,2,12,3,-1,-1,-1,1,1,1
2016160104131,1,9,0,17,0,2,0,4,0,0,1,1,6,1,74,10,1498,1,-1,8,3,8
2016160104131,2,9,0,2,0,2,0,0,0,0,2,1,5,1,56,9,1997,2,16,1,1,1
2016160104131,3,9,0,2,0,2,0,0,0,0,2,1,5,1,25,5,1995,1,8,5,3,5
2016160104249,1,9,0,1,0,1,0,0,0,0,2,1,6,2,45,7,1198,1,7,3,1,3
2016160104268,1,9,0,18,0,0,2,10,7,9,4,1,6,2,30,6,1328,1,12,9,2,9
2016160104268,2,9,0,18,0,0,0,0,0,0,3,1,6,1,82,11,1061,1,12,5,2,5
2016160104286,1,1,0,18,4,8,0,0,0,0,1,1,6,2,21,5,-1,-1,-1,1,1,1
2016160104286,2,9,0,9,0,5,0,0,0,0,4,1,6,2,55,8,1363,2,13,8,1,8
2016160104298,1,9,0,7,0,2,0,10,7,2,3,1,6,2,85,11,1242,1,11,7,2,7
2016160104339,1,5,0,18,0,8,0,0,0,0,0,1,6,1,44,7,998,1,12,10,2,10
2016160104339,2,19,0,18,0,3,0,0,0,0,0,1,6,1,28,6,1461,2,1,10,1,10
2016160104339,3,9,0,18,0,4,0,0,0,0,0,1,6,3,-1,-1,-1,-1,-1,-1,-1,-1
2016160104397,1,9,0,18,0,0,0,0,0,0,1,1,5,3,-1,-1,-1,-1,-1,-1,-1,-1
2016160104400,1,1,0,14,0,0,0,0,0,0,1,1,6,1,15,3,-1,-1,-1,2,1,2
2016160104400,2,9,0,2,0,0,0,0,0,0,3,1,6,3,-1,-1,1998,1,17,-1,-1,-1
2016160104408,1,19,0,18,0,4,0,0,0,0,1,1,6,1,46,8,2402,2,15,1,1,1
2016160104408,2,5,0,9,0,3,0,0,0,0,4,1,6,1,49,8,998,1,5,10,2,10
2016160104469,1,1,0,18,0,8,0,0,0,0,1,1,5,1,24,5,-1,-1,-1,1,1,1
2016160104469,2,9,0,18,0,4,0,0,0,0,1,1,5,1,64,9,1248,1,-1,1,1,1
2016160104512,1,9,0,18,0,0,0,0,0,0,1,1,6,2,43,7,1560,2,10,2,1,2
2016160104512,2,20,0,2,0,0,0,0,0,0,2,1,5,3,-1,-1,5958,2,22,-1,-1,-1
2016160104556,1,9,0,18,0,1,0,0,0,0,1,1,6,3,42,7,-1,-1,-1,-1,-1,-1
2016160104556,2,1,0,18,0,1,0,0,0,0,1,1,6,1,12,3,-1,-1,-1,1,1,1
2016160104581,1,9,0,18,0,3,0,0,0,0,4,1,6,1,41,7,-1,-1,-1,8,1,8
2016160104581,2,21,1,10,0,8,0,0,0,0,1,1,1,1,61,9,-1,-1,-1,-1,-1,-1
2016160104601,1,3,0,18,0,4,0,0,0,0,1,1,6,1,22,5,89,1,31,1,1,1
2016160104601,2,9,0,7,0,3,0,0,0,0,3,1,6,1,63,9,1198,1,2,3,1,3
2016160104706,1,9,0,9,0,6,0,0,0,0,1,1,6,3,-1,-1,-1,-1,-1,-1,-1,-1
2016160104706,2,1,0,18,0,1,0,0,0,0,1,1,6,2,57,9,-1,-1,-1,2,1,2
2016160104716,1,9,0,10,0,1,0,0,0,0,2,1,6,2,50,8,1596,1,11,4,1,4
2016160104716,2,9,0,18,0,1,0,0,0,0,1,1,6,1,30,6,2495,2,24,5,1,5
2016160104736,1,9,0,18,0,0,0,0,0,0,1,1,2,2,31,6,1598,1,2,4,1,4
2016160104761,1,9,0,2,0,0,0,0,0,0,2,1,6,2,52,8,1206,1,7,6,1,6
2016160104761,2,1,0,18,0,0,0,4,0,0,1,1,6,1,58,9,-1,-1,-1,5,1,5
2016160104765,1,9,0,18,0,8,0,0,0,0,1,1,6,1,26,6,1197,1,-1,6,1,6
2016160104765,2,9,0,9,0,5,0,0,0,0,4,1,6,2,28,6,1598,1,9,7,1,7
2016160104820,1,9,0,18,0,8,0,0,0,0,3,1,6,1,22,5,1199,1,14,2,1,2
2016160104820,2,9,0,9,0,5,0,0,0,0,1,1,6,1,55,8,1995,2,3,7,3,7
2016160104906,1,9,4,18,0,0,3,0,5,6,3,1,6,1,25,5,2179,2,8,4,3,4
2016160104912,1,9,0,18,0,0,0,0,0,0,1,1,6,3,-1,-1,1781,1,15,-1,-1,-1
2016160104912,2,9,0,18,0,0,0,0,0,0,1,1,6,1,36,7,1596,1,15,1,1,1
2016160104942,1,9,0,4,0,8,0,0,0,0,1,1,5,2,27,6,1798,2,4,7,3,7
2016160104942,2,9,0,10,0,8,0,0,0,0,2,1,5,1,48,8,1596,1,13,1,1,1
2016160104976,1,9,0,18,0,2,0,10,1,0,4,1,6,2,81,11,1896,2,12,10,2,10
2016160104982,1,9,0,18,0,3,0,0,0,0,3,1,1,2,56,9,1998,1,11,1,1,1
2016160104982,2,1,0,9,0,3,0,0,0,0,4,1,6,1,18,4,-1,-1,-1,3,1,3
2016160105009,1,5,0,18,0,0,0,0,7,9,1,1,2,1,52,8,1052,1,16,6,3,6
2016160105029,1,9,0,17,0,0,1,0,7,4,1,1,2,1,36,7,1242,1,11,2,1,2
2016160105052,1,9,0,5,0,8,0,0,0,0,1,1,6,2,46,8,1493,2,11,3,1,3
2016160105052,2,1,0,18,0,8,0,0,0,0,2,1,6,1,11,3,-1,-1,-1,8,3,8
2016160105067,1,9,0,16,0,0,1,0,8,3,3,1,6,1,25,5,1984,1,15,4,2,4
2016160105104,1,9,0,2,0,0,0,0,0,0,1,1,6,1,35,6,1590,1,13,2,1,2
2016160105104,2,9,0,1,0,0,0,0,0,0,2,1,6,3,-1,-1,1686,2,10,-1,-1,-1
2016160105109,1,9,0,17,0,0,0,10,1,0,1,1,6,1,23,5,1598,1,12,7,3,7
2016160105125,1,9,0,5,0,1,0,0,0,0,2,1,6,1,36,7,1398,1,5,1,1,1
2016160105125,2,9,0,5,0,1,0,0,0,0,1,1,6,2,30,6,1461,2,3,7,2,7
2016160105183,1,1,0,18,9,0,0,0,0,0,1,1,2,2,29,6,-1,-1,-1,3,1,3
2016160105183,2,1,0,18,9,0,0,0,0,0,1,1,6,3,-1,-1,-1,-1,-1,-1,-1,-1
2016160105206,1,9,0,9,0,1,1,10,1,0,4,1,6,2,20,4,1753,2,16,7,3,7
2016160105206,2,9,0,13,0,1,0,0,0,0,1,1,6,1,73,10,1969,2,1,6,3,6
2016160105219,1,9,0,9,0,6,0,0,0,0,1,1,6,2,22,5,1390,1,2,3,1,3
2016160105219,2,9,0,18,0,8,0,0,0,0,4,1,6,2,43,7,1242,1,9,2,1,2
2016160105226,1,9,0,18,0,1,0,0,0,0,1,1,6,3,-1,-1,-1,-1,-1,-1,-1,-1
2016160105226,2,9,0,7,0,5,0,0,0,0,2,1,6,1,41,7,2000,2,6,7,3,7
2016160105319,1,11,0,4,0,0,0,0,0,0,1,1,1,3,-1,-1,-1,-1,-1,-1,-1,-1
2016160105354,1,9,0,5,0,2,0,0,0,0,1,1,5,2,30,6,1598,2,-1,7,1,7
2016160105366,1,9,0,13,0,1,0,0,0,0,1,1,6,2,82,11,1318,1,-1,7,3,7
2016160105366,2,3,0,9,0,1,0,0,0,0,2,1,6,1,24,5,-1,-1,-1,7,3,7
2016160105370,1,3,0,18,0,0,0,0,0,0,1,1,5,2,19,4,125,1,1,8,1,8
2016160105370,2,9,0,2,0,0,0,0,0,0,2,1,6,3,-1,-1,2204,2,8,-1,-1,-1
2016160105424,1,3,0,18,0,0,1,0,0,0,1,1,5,1,21,5,124,1,11,1,1,1
2016160105424,2,9,0,5,0,0,0,0,0,0,1,1,5,1,46,8,1910,2,8,1,1,1
2016160105437,1,9,0,18,0,0,0,0,0,0,1,1,6,2,41,7,2435,1,15,3,1,3
2016160105437,2,9,0,18,0,0,0,0,0,0,1,1,6,2,54,8,999,1,-1,8,1,8
2016160105437,3,9,0,4,0,0,0,0,0,0,2,1,6,2,31,6,1560,2,3,8,3,8
2016160105484,1,19,0,17,0,2,0,0,0,0,3,1,1,1,25,5,2198,2,1,1,1,1
2016160105484,2,9,0,18,0,2,0,0,0,0,3,1,6,2,86,11,996,1,3,5,1,5
2016160105495,1,9,0,18,0,0,0,0,0,0,1,1,6,1,35,6,1796,1,12,8,2,8
2016160105495,2,9,0,18,0,0,0,0,0,0,1,1,5,2,22,5,1298,1,15,6,1,6
2016160105745,1,3,0,18,0,0,0,0,0,0,1,1,6,1,18,4,124,1,7,5,2,5
2016160105745,2,9,0,11,0,0,0,0,0,0,4,1,6,1,20,4,1198,1,1,7,2,7
2016160105745,3,9,0,18,0,0,0,0,0,0,2,1,6,1,25,5,1798,1,10,9,2,9
2016160105785,1,9,0,5,0,2,0,0,0,0,1,1,5,2,23,5,1598,1,6,2,1,2
2016160105785,2,1,0,18,0,2,0,0,0,0,2,1,2,2,27,6,-1,-1,-1,1,1,1
2016160105870,1,8,0,6,0,0,0,0,0,0,1,1,1,1,40,7,1910,2,11,1,1,1
2016160105870,2,1,0,18,0,0,0,0,0,0,1,1,6,1,12,3,-1,-1,-1,-1,-1,-1
2016160105929,1,9,0,18,0,0,2,0,1,4,4,1,5,2,29,6,1596,1,9,4,1,4
2016160106247,1,16,0,18,0,1,0,0,0,0,1,1,6,2,15,3,-1,-1,-1,5,3,5
2016160106247,2,9,0,5,0,6,0,0,0,0,1,1,6,1,43,7,1596,1,15,9,2,9
2016160106341,1,98,0,18,0,0,0,0,0,0,4,1,6,3,-1,-1,-1,-1,-1,-1,-1,-1
2016160106352,1,1,0,18,0,0,0,0,0,0,4,1,6,2,45,7,-1,-1,-1,2,1,2
2016160106352,2,9,0,2,0,0,0,0,0,0,3,1,6,1,55,8,1586,1,-1,1,1,1
2016160106376,1,9,0,11,0,0,1,0,5,6,4,1,2,1,26,6,1598,1,11,7,1,7
2016160106376,2,21,0,18,0,0,0,0,0,0,3,1,1,1,54,8,4461,2,5,6,2,6
2016160106420,1,9,0,9,0,5,1,0,7,1,4,1,2,1,55,8,1997,1,11,7,2,7
2016160106420,2,9,0,18,0,8,0,0,0,0,1,1,2,1,45,7,-1,-1,-1,4,1,4
2016160106459,1,97,0,18,0,1,0,0,0,0,1,1,6,3,-1,-1,-1,-1,-1,-1,-1,-1
2016160106692,1,11,0,13,0,0,0,0,0,0,4,1,1,1,50,8,7300,2,10,1,1,1
2016160106692,2,1,0,18,0,0,0,0,0,0,3,1,6,1,23,5,-1,-1,-1,1,1,1
2016160106716,1,19,0,9,0,0,0,0,0,0,4,1,1,1,54,8,2464,2,8,1,1,1
2016160106716,2,9,0,18,0,0,0,7,1,0,3,1,6,1,22,5,973,1,15,4,1,4
2016160106767,1,11,0,4,0,6,0,0,0,0,1,1,1,1,45,7,-1,2,17,-1,-1,-1
2016160106767,2,9,0,4,0,6,0,0,0,0,2,1,6,2,46,8,1969,2,1,8,1,8
2016160106829,1,17,5,9,0,6,0,0,0,0,3,1,1,1,52,8,-1,2,22,7,3,7
2016160106829,2,9,0,18,0,8,0,0,0,0,1,1,1,2,55,8,1461,2,-1,7,3,7
2016160106897,1,9,0,18,0,1,0,0,0,0,1,1,6,1,59,9,1796,1,10,4,1,4
2016160106920,1,9,0,7,0,1,0,0,0,0,1,1,6,1,39,7,1998,2,10,9,1,9
2016160106934,1,9,0,18,0,0,0,0,0,0,1,1,6,1,50,8,1360,1,11,4,2,4
2016160107150,1,9,0,13,0,0,2,0,1,4,1,1,6,2,49,8,1398,2,14,2,1,2
2016160107231,1,9,0,9,0,5,0,0,0,0,1,1,6,3,-1,-1,-1,-1,-1,-1,-1,-1
2016160107231,2,8,0,18,0,8,0,0,0,0,3,1,1,3,-1,-1,1582,2,1,-1,-1,-1
2016160107252,1,1,0,9,0,4,0,0,0,0,1,1,6,2,31,6,-1,-1,-1,8,1,8
2016160107252,2,9,0,18,0,3,0,0,0,0,3,1,6,2,34,6,1598,2,-1,7,1,7
2016160107269,1,3,0,18,0,0,2,0,0,0,3,1,6,2,18,4,125,1,6,7,1,7
2016160107302,1,9,0,18,0,1,0,0,0,0,1,1,6,2,34,6,1598,1,10,3,1,3
2016160107302,2,9,0,18,0,1,5,0,0,0,3,1,6,1,29,6,1242,1,11,3,2,3
2016160107302,3,9,0,18,0,1,0,0,0,0,1,1,6,1,42,7,1388,1,13,6,1,6
2016160108080,1,11,0,18,0,0,0,0,0,0,0,1,1,1,51,8,-1,-1,-1,1,1,1
2016160108080,2,9,0,12,0,0,0,0,0,0,0,1,6,3,-1,-1,-1,-1,-1,-1,-1,-1
2016160108091,1,19,0,18,0,0,1,0,0,0,1,1,1,1,42,7,1686,2,6,6,1,6
2016160108091,2,1,0,9,0,0,0,0,0,0,2,1,5,2,11,3,-1,-1,-1,2,1,2
2016160108119,1,19,0,18,0,0,0,0,1,0,1,1,1,1,32,6,2198,2,6,4,1,4
2016160108119,2,9,0,18,0,0,0,0,1,0,1,1,5,2,47,8,2143,2,-1,10,1,10
2016160108171,1,3,0,18,0,8,0,0,0,0,4,1,6,1,17,4,124,1,1,5,3,5
2016160108171,2,9,0,5,0,6,0,0,0,0,1,1,6,1,-1,-1,1686,2,8,4,1,4
2016160108221,1,9,0,18,0,0,1,4,0,0,1,1,5,2,58,9,998,1,17,1,1,1
2016160108221,2,9,0,2,0,0,0,0,0,0,2,1,5,3,-1,-1,1242,1,6,-1,-1,-1
2016160108243,1,9,0,18,0,0,0,0,0,0,1,1,6,3,-1,-1,-1,-1,-1,-1,-1,-1
2016160108243,2,1,0,18,0,0,0,0,0,0,1,1,6,1,13,3,-1,-1,-1,8,1,8
2016160108316,1,2,0,18,0,0,0,0,0,0,4,1,6,1,16,4,49,1,4,8,1,8
2016160108316,2,19,0,5,0,0,0,0,0,0,1,1,6,1,20,4,1588,2,24,-1,-1,-1
2016160108327,1,9,0,7,0,6,0,0,0,0,1,1,6,1,55,8,1598,1,8,1,1,1
2016160108327,2,22,0,18,0,8,0,0,0,0,1,1,6,1,82,11,-1,-1,-1,5,1,5
2016160108364,1,5,0,15,0,8,0,0,0,0,1,1,2,1,19,4,689,1,-1,5,3,5
2016160108364,2,19,0,9,0,6,0,0,0,0,1,1,1,1,47,8,2198,2,9,10,3,10
2016160108393,1,9,0,7,0,1,0,0,0,0,1,1,6,3,-1,-1,-1,-1,-1,-1,-1,-1
2016160108393,2,1,0,7,0,6,0,0,0,0,2,1,6,2,68,10,-1,-1,-1,3,1,3
2016160108446,1,19,0,17,0,2,1,10,1,5,3,1,5,1,27,6,1686,2,15,4,2,4
2016160108519,1,3,0,18,0,2,0,10,8,2,1,1,5,1,25,5,124,1,1,5,1,5
2016160108592,1,2,0,9,0,8,0,0,0,0,0,1,6,2,54,8,49,1,14,5,1,5
2016160108594,1,9,0,5,0,0,0,0,0,0,4,1,2,1,32,6,1596,1,15,4,1,4
2016160108594,2,1,0,18,0,0,0,0,0,0,3,1,6,1,58,9,-1,-1,-1,-1,-1,-1
2016160108601,1,9,0,3,0,0,0,0,0,0,2,1,5,2,18,4,1587,1,9,10,1,10
2016160108601,2,9,0,16,0,0,0,0,0,0,1,1,5,1,43,7,1968,2,1,6,3,6
2016160108664,1,98,0,13,0,0,0,0,0,0,4,1,1,1,49,8,-1,-1,-1,8,1,8
2016160108664,2,9,0,13,0,0,0,0,0,0,3,1,1,1,43,7,1995,2,4,8,1,8
2016160108667,1,9,0,18,0,2,0,0,0,0,3,1,5,1,45,7,2143,2,2,6,1,6
2016160108776,1,9,0,6,0,6,0,0,0,0,3,1,1,1,46,8,1560,2,1,4,1,4
2016160108776,2,9,0,18,0,8,0,0,0,0,1,1,5,1,19,4,1248,2,8,4,1,4
2016160108817,1,9,0,7,0,6,0,0,0,0,1,1,6,3,-1,-1,-1,-1,-1,-1,-1,-1
2016160108817,2,1,0,18,0,8,0,0,0,0,4,1,6,2,29,6,-1,-1,-1,1,1,1
2016160109271,1,21,0,18,0,0,0,0,0,0,3,1,1,1,24,5,11967,2,4,7,2,7
2016160109271,2,17,4,18,0,0,0,0,0,0,3,1,1,1,64,9,-1,2,8,8,2,8
2016160109271,3,9,0,18,0,0,0,0,0,0,3,1,2,2,29,6,998,1,-1,8,2,8
2016160109295,1,1,0,18,0,0,0,0,0,0,4,1,6,2,40,7,-1,-1,-1,1,1,1
2016160109295,2,11,0,13,0,0,0,0,0,0,0,1,1,3,56,9,-1,-1,-1,-1,-1,-1
2016160109317,1,9,0,16,0,1,0,0,0,0,1,1,6,2,62,9,1299,1,12,1,1,1
2016160109317,2,1,0,10,0,1,0,0,0,0,1,1,6,1,24,5,-1,-1,-1,-1,-1,-1
2016160109344,1,9,0,18,0,0,0,0,0,0,1,1,6,3,37,7,-1,-1,-1,-1,-1,-1
2016160109344,2,9,0,18,0,0,0,0,0,0,2,1,1,1,27,6,1560,2,8,-1,-1,-1
2016160109355,1,3,0,7,0,8,0,0,0,0,1,1,6,1,18,4,124,1,10,1,1,1
2016160109355,2,8,0,9,0,8,0,0,0,0,1,1,1,3,-1,-1,-1,-1,-1,-1,-1,-1
2016160109359,1,11,0,18,0,0,0,0,0,0,0,1,1,1,52,8,6871,2,14,1,1,1