Accident_Index,Vehicle_Reference,Vehicle_Type,Towing_and_Articulation,Vehicle_Manoeuvre,Vehicle_Location-Restricted_Lane,Junction_Location,Skidding_and_Overturning,Hit_Object_in_Carriageway,Vehicle_Leaving_Carriageway,Hit_Object_off_Carriageway,1st_Point_of_Impact,Was_Vehicle_Left_Hand_Drive?,Journey_Purpose_of_Driver,Sex_of_Driver,Age_of_Driver,Age_Band_of_Driver,Engine_Capacity_(CC),Propulsion_Code,Age_of_Vehicle,Driver_IMD_Decile,Driver_Home_Area_Type,Vehicle_IMD_Decile
2016160109379,1,1,0,18,0,0,0,0,0,0,4,1,6,1,46,8,-1,-1,-1,1,1,1
2016160109379,2,9,0,2,0,0,0,0,0,0,3,1,6,2,40,7,1968,2,6,4,1,4
2016160109425,1,2,0,18,0,2,0,0,0,0,3,1,6,1,17,4,49,1,1,9,2,9
2016160109425,2,8,0,18,0,2,0,0,0,0,4,1,6,1,45,7,-1,-1,-1,9,2,9
2016160109442,1,9,0,18,0,8,0,0,0,0,3,1,5,1,30,6,1199,1,13,3,1,3
2016160109442,2,9,0,18,0,8,0,0,0,0,1,1,6,3,-1,-1,-1,-1,-1,-1,-1,-1
2016160109578,1,9,0,18,0,1,0,0,0,0,1,1,6,2,70,10,2967,1,12,6,3,6
2016160109578,2,9,0,4,0,1,0,0,0,0,2,1,6,1,75,10,1598,2,2,1,1,1
2016160109578,3,9,0,4,0,1,0,0,0,0,2,1,6,1,64,9,1968,2,5,2,1,2
2016160109587,1,9,0,18,0,8,1,0,0,0,1,1,5,1,80,11,800,1,-1,9,1,9
2016160109615,1,9,0,1,0,6,0,0,0,0,2,1,5,2,44,7,1994,1,11,7,1,7
2016160109615,2,1,0,18,0,8,0,0,0,0,1,1,5,1,84,11,-1,-1,-1,10,1,10
2016160109661,1,9,0,18,0,1,0,0,0,0,1,1,6,1,52,8,1199,1,1,4,1,4
2016160109702,1,1,0,18,4,0,0,0,0,0,3,1,6,1,13,3,-1,-1,-1,1,1,1
2016160109702,2,9,0,18,0,0,0,0,0,0,4,1,6,3,38,7,-1,-1,-1,-1,-1,-1
2016160109795,1,9,0,5,0,3,0,0,0,0,1,1,6,2,39,7,1198,1,11,6,1,6
2016160109795,2,3,0,5,0,3,0,0,0,0,2,1,6,1,23,5,-1,-1,-1,6,1,6
2016160110208,1,9,0,18,0,0,0,0,0,0,4,1,6,1,26,6,1590,1,15,1,1,1
2016160110208,2,1,0,18,0,0,0,0,0,0,1,1,6,1,10,2,-1,-1,-1,5,1,5
2016160110232,1,21,1,18,0,1,0,0,0,0,1,1,1,1,35,6,10837,2,3,1,1,1
2016160110232,2,9,0,10,0,1,0,0,0,0,2,1,6,2,81,11,1461,2,6,1,1,1
2016160110276,1,9,0,13,0,0,0,0,0,0,4,1,6,3,58,9,-1,-1,-1,-1,-1,-1
2016160110276,2,1,0,18,0,0,0,0,0,0,3,1,2,1,25,5,-1,-1,-1,-1,-1,-1
2016160110334,1,9,0,18,0,1,0,0,0,0,1,1,6,1,52,8,1968,2,6,6,3,6
2016160110334,2,9,0,10,0,1,0,0,0,0,2,1,6,1,40,7,2967,2,8,7,3,7
2016160110363,1,9,0,3,0,1,0,0,0,0,2,1,6,2,47,8,1560,2,-1,5,1,5
2016160110363,2,9,0,18,0,1,0,0,0,0,1,1,6,1,28,6,1598,1,12,2,1,2
2016160110374,1,9,0,18,0,1,0,0,0,0,3,1,6,2,87,11,1299,1,8,8,2,8
2016160110374,2,9,0,18,0,1,0,0,0,0,1,1,6,1,77,11,1997,2,12,8,3,8
2016160110454,1,9,0,18,0,1,0,0,0,0,1,1,6,2,39,7,1995,2,6,-1,-1,-1
2016160110454,2,9,0,18,0,1,0,0,0,0,1,1,6,2,34,6,1995,2,6,9,3,9
2016160110456,1,9,0,18,0,7,0,0,0,0,1,1,6,1,52,8,2488,1,8,10,2,10
2016160110456,2,9,0,3,0,7,0,0,0,0,2,1,6,2,62,9,1796,1,18,10,2,10
2016160110473,1,19,0,18,0,0,5,10,1,9,4,1,1,1,23,5,1598,2,9,4,1,4
2016160110475,1,9,0,3,0,1,0,0,0,0,2,1,6,1,27,6,1968,2,7,8,1,8
2016160110475,2,19,0,4,0,1,0,0,0,0,1,1,1,1,31,6,1968,2,4,-1,-1,-1
2016160110482,1,5,0,17,0,0,5,0,1,0,4,1,6,1,22,5,645,1,17,3,3,3
2016160110559,1,1,0,18,0,8,0,0,0,0,1,1,6,2,34,6,-1,-1,-1,8,1,8
2016160110559,2,9,0,9,0,6,0,0,0,0,4,1,6,2,-1,-1,-1,-1,-1,-1,-1,-1
2016160110589,1,5,0,18,0,0,0,0,1,9,1,1,6,1,43,7,745,1,1,10,2,10
2016160110626,1,9,0,7,0,5,0,0,0,0,4,1,2,2,37,7,1197,1,-1,5,3,5
2016160110626,2,1,0,18,0,1,0,0,0,0,1,1,2,2,48,8,-1,-1,-1,5,1,5
2016160110641,1,4,0,17,0,0,2,0,0,0,4,1,6,1,59,9,471,1,2,10,2,10
2016160110655,1,1,0,9,0,1,0,0,0,0,0,1,6,3,41,7,-1,-1,-1,-1,-1,-1
2016160110655,2,11,0,18,0,1,0,0,0,0,0,1,1,1,45,7,6871,2,7,2,1,2
2016160110663,1,9,0,7,9,5,0,0,0,0,4,1,6,1,57,9,1753,2,9,10,1,10
2016160110663,2,22,0,18,9,8,0,0,0,0,1,1,6,1,88,11,-1,-1,-1,10,1,10
2016160110694,1,9,0,18,0,0,0,0,0,0,1,1,5,1,27,6,-1,-1,-1,1,1,1
2016160110694,2,9,0,3,0,0,0,0,0,0,2,1,5,2,25,5,1560,2,3,4,2,4
2016160110694,3,9,0,3,0,0,0,0,0,0,2,1,5,2,33,6,1796,1,15,2,1,2
2016160110694,4,9,0,3,0,0,0,0,0,0,2,1,5,2,35,6,1997,2,12,3,2,3
2016160110748,1,9,0,18,0,1,0,0,0,0,1,1,6,1,72,10,1998,1,1,10,1,10
2016160110748,2,9,0,10,0,1,0,0,0,0,2,1,6,2,19,4,998,1,1,5,3,5
2016160110775,1,9,0,7,0,6,0,0,0,0,1,1,6,3,24,5,-1,-1,-1,-1,-1,-1
2016160110796,1,9,0,9,0,6,0,0,0,0,3,1,6,2,64,9,1197,1,5,10,3,10
2016160110796,2,9,0,17,0,1,0,0,0,0,1,1,6,1,64,9,1396,1,1,10,1,10
2016160110827,1,9,0,9,0,6,0,0,0,0,4,1,6,2,45,7,1248,1,2,5,3,5
2016160110827,2,9,0,18,0,1,0,0,0,0,1,1,6,2,34,6,1390,1,11,4,1,4
2016160110991,1,9,0,7,0,6,0,0,0,0,0,1,6,1,42,7,1968,2,6,7,3,7
2016160110991,2,11,0,18,0,8,0,0,0,0,0,1,1,1,59,9,7300,2,7,1,1,1
2016160111041,1,1,0,7,0,6,0,0,0,0,1,1,6,2,21,5,-1,-1,-1,1,1,1
2016160111041,2,9,0,18,0,8,0,0,0,0,1,1,6,3,-1,-1,-1,-1,-1,-1,-1,-1
2016160111062,1,9,0,3,0,1,0,0,0,0,2,1,6,1,35,6,2151,2,14,3,1,3
2016160111062,2,19,0,18,0,1,0,0,0,0,1,1,6,1,47,8,1598,2,1,1,1,1
2016160111078,1,9,0,18,0,1,0,0,0,0,3,1,6,2,51,8,1242,1,10,5,1,5
2016160111078,2,19,0,18,0,1,0,0,0,0,4,1,6,1,-1,-1,2442,2,-1,-1,-1,-1
2016160111102,1,9,0,18,0,1,0,0,0,0,3,1,6,3,34,6,-1,-1,-1,-1,-1,-1
2016160111330,1,9,0,18,0,2,0,0,0,0,3,1,6,1,23,5,2198,2,10,1,1,1
2016160111339,1,9,0,13,0,0,0,0,0,0,4,1,6,2,51,8,1197,1,5,8,1,8
2016160111339,2,1,0,18,0,0,0,0,0,0,3,1,6,2,65,9,-1,-1,-1,-1,-1,-1
2016160111355,1,9,0,4,0,1,0,0,0,0,0,1,6,2,52,8,1398,1,4,8,1,8
2016160111355,2,5,0,18,0,1,1,0,0,0,0,1,6,1,31,6,-1,-1,-1,3,1,3
2016160111358,1,9,0,18,0,0,0,0,0,0,4,1,6,1,43,7,1398,1,16,7,1,7
2016160111360,1,9,0,13,0,0,0,0,0,0,4,1,6,3,57,9,-1,-1,-1,-1,-1,-1
2016160111360,2,1,0,18,0,0,0,0,0,0,3,1,6,1,20,4,-1,-1,-1,10,1,10
2016160111362,1,9,0,18,0,2,0,0,0,0,1,1,6,1,46,8,1390,1,3,7,2,7
2016160111362,2,1,0,18,0,2,0,0,0,0,2,1,6,1,12,3,-1,-1,-1,-1,-1,-1
2016160111440,1,1,0,18,0,0,0,0,0,0,2,1,6,1,18,4,-1,-1,-1,-1,-1,-1
2016160111440,2,9,0,18,0,0,0,0,0,0,1,1,6,3,27,6,-1,-1,-1,-1,-1,-1
2016160111442,1,19,0,18,0,0,0,0,0,0,1,1,6,1,32,6,1968,2,2,6,1,6
2016160111442,2,9,0,18,0,0,0,0,0,0,2,1,6,1,84,11,1995,1,6,10,1,10
2016160111442,3,9,0,18,0,0,0,0,0,0,2,2,6,1,54,8,1797,8,6,8,1,8
2016160111442,4,98,0,18,0,0,0,0,0,0,2,1,6,1,40,7,-1,-1,-1,3,1,3
2016160111446,1,9,0,16,0,0,0,0,0,0,2,1,6,2,36,7,1910,2,7,2,2,2
2016160111446,2,9,0,16,0,0,0,0,0,0,1,1,6,2,67,10,1390,1,13,7,2,7
2016160111465,1,9,0,7,0,2,0,0,1,0,4,1,6,3,19,4,-1,-1,-1,-1,-1,-1
2016160111477,1,9,0,7,0,1,0,0,0,0,3,1,6,1,18,4,1461,2,-1,5,3,5
2016160111477,2,1,0,18,0,1,0,0,0,0,1,1,6,1,11,3,-1,-1,-1,10,2,10
2016160111503,1,9,0,13,0,1,0,10,7,9,1,1,6,1,34,6,1399,2,10,8,3,8
2016160111503,2,9,0,9,0,1,0,10,7,9,3,1,6,2,56,9,1598,1,9,7,3,7
2016160111724,1,9,0,18,0,1,0,0,0,0,1,1,6,1,31,6,2148,2,13,1,1,1
2016160111724,2,9,0,3,0,1,0,0,0,0,2,1,6,2,52,8,1560,2,4,7,2,7
2016160111743,1,9,0,18,0,2,0,0,0,0,1,1,6,1,29,6,1910,2,8,1,1,1
2016160111743,2,1,0,18,0,2,0,0,0,0,2,1,6,1,42,7,-1,-1,-1,7,1,7
2016160111767,1,8,0,1,0,2,0,4,0,0,2,1,6,1,32,6,1398,1,5,4,1,4
2016160111767,2,9,0,2,0,2,0,0,0,0,2,1,6,1,34,6,1956,2,7,1,1,1
2016160111798,1,9,0,9,0,1,0,0,0,0,1,1,6,1,37,7,1149,1,13,4,1,4
2016160111798,2,9,0,7,0,2,0,0,0,0,1,1,6,1,24,5,-1,-1,-1,-1,-1,-1
2016160111827,1,9,0,5,0,0,0,0,0,0,1,1,6,2,18,4,1598,1,11,8,1,8
2016160111827,2,9,0,14,0,0,0,0,0,0,2,1,6,1,80,11,1597,1,9,9,1,9
2016160111875,1,1,0,9,0,3,0,0,0,0,3,1,6,1,37,7,-1,-1,-1,1,1,1
2016160111875,2,9,0,9,0,3,0,0,0,0,4,1,6,2,36,7,1397,1,15,1,1,1
2016160111882,1,9,0,9,0,1,0,0,0,0,4,1,6,2,40,7,1868,2,15,-1,-1,-1
2016160111882,2,9,0,18,0,1,0,0,0,0,1,1,6,1,41,7,1910,2,9,2,1,2
2016160111934,1,98,0,7,0,1,0,0,0,0,4,1,6,1,46,8,-1,-1,-1,3,1,3
2016160111934,2,97,0,15,0,1,0,0,0,0,3,1,6,1,20,4,-1,-1,-1,-1,-1,-1
2016160111965,1,9,0,18,0,0,0,0,0,0,1,1,6,1,56,9,1991,2,9,7,2,7
2016160111965,2,9,0,13,0,0,0,0,0,0,2,1,6,1,45,7,2400,2,1,10,1,10
2016160112092,1,9,0,9,0,6,0,0,0,0,4,1,6,2,40,7,1560,2,10,5,1,5
2016160112137,1,9,0,18,0,0,0,0,0,0,1,1,6,1,37,7,1598,1,7,2,1,2
2016160112137,2,9,0,18,0,0,0,0,0,0,2,1,6,2,53,8,1339,1,13,6,1,6
2016160112221,1,11,0,18,0,1,0,0,0,0,4,1,1,1,31,6,4461,2,-1,3,1,3
2016160112221,2,9,0,9,0,6,0,0,0,0,3,1,6,2,25,5,1995,2,11,6,1,6
2016160112254,1,9,0,9,0,1,0,0,0,0,1,1,6,2,57,9,1798,1,1,7,3,7
2016160112254,2,9,0,18,0,1,0,0,0,0,2,1,6,1,55,8,2700,1,14,7,1,7
2016160112254,3,9,0,18,0,1,0,0,7,5,1,1,6,1,83,11,1598,1,11,10,2,10
2016160112476,1,9,0,18,0,1,0,0,0,0,3,1,6,1,37,7,898,1,1,9,1,9
2016160112476,2,19,0,9,0,6,0,0,0,0,1,1,1,1,29,6,2198,2,1,10,3,10
2016160112571,1,9,0,18,0,1,0,0,0,0,2,1,6,1,60,9,998,1,1,10,1,10
2016160112571,2,9,0,18,0,1,0,0,0,0,1,1,6,1,51,8,2188,2,8,-1,-1,-1
2016160112624,1,9,0,18,0,4,0,0,0,0,1,1,1,1,40,7,-1,-1,-1,6,1,6
2016160112624,2,9,0,18,0,4,0,0,0,0,3,1,6,1,56,9,1598,1,12,7,3,7
2016160112664,1,9,0,18,0,7,0,0,0,0,1,1,6,1,28,6,1596,1,11,3,1,3
2016160112664,2,3,0,18,0,7,0,0,0,0,2,1,6,1,34,6,124,1,5,7,3,7
2016160112714,1,9,0,9,0,6,0,0,0,0,1,1,6,2,48,8,1997,2,5,8,3,8
2016160112714,2,9,0,18,0,1,0,0,0,0,4,1,6,1,83,11,-1,-1,-1,9,2,9
2016160112742,1,23,0,18,0,1,0,4,0,0,1,1,6,1,19,4,-1,-1,-1,1,1,1
2016160112742,2,9,0,2,0,1,0,0,0,0,2,1,6,1,70,10,-1,-1,-1,1,1,1
2016160112765,1,9,0,18,0,1,0,0,0,0,2,1,6,1,33,6,-1,-1,-1,2,1,2
2016160112765,2,1,0,18,0,1,0,0,0,0,1,1,6,2,12,3,-1,-1,-1,2,1,2
2016160113355,1,9,0,13,0,0,0,0,0,0,4,1,6,1,51,8,1229,1,6,1,1,1
2016160113355,2,1,0,18,0,0,0,0,0,0,3,1,6,2,63,9,-1,-1,-1,3,3,3
2016160113357,1,9,0,3,0,1,0,0,0,0,2,1,6,1,63,9,-1,-1,-1,1,1,1
2016160113357,2,9,0,18,0,1,0,0,0,0,1,1,6,1,33,6,1398,1,5,5,1,5
2016160113364,1,9,0,13,0,0,0,0,0,0,4,1,6,1,46,8,1995,2,7,5,3,5
2016160113364,2,1,0,18,0,0,0,0,0,0,3,1,6,1,44,7,-1,-1,-1,10,2,10
2016160113374,1,9,0,7,0,6,0,0,0,0,4,1,6,3,29,6,-1,-1,-1,-1,-1,-1
2016160113374,2,1,0,18,0,2,0,0,0,0,4,1,6,1,15,3,-1,-1,-1,1,1,1
2016160113424,1,9,0,13,0,0,0,0,0,0,2,1,6,1,38,7,-1,-1,-1,-1,-1,-1
2016160113424,2,1,0,18,0,0,0,0,0,0,1,1,2,1,54,8,-1,-1,-1,6,1,6
2016160113426,1,9,0,13,0,0,0,0,0,0,1,1,6,3,41,7,-1,-1,-1,-1,-1,-1
2016160113426,2,1,0,18,0,0,0,0,0,0,2,1,6,1,12,3,-1,-1,-1,1,1,1
2016160113483,1,11,0,18,0,1,0,0,0,0,1,1,1,1,56,9,7698,2,1,1,1,1
2016160113483,2,1,0,3,0,1,0,0,0,0,2,1,6,2,42,7,-1,-1,-1,9,1,9
2016160113508,1,9,0,3,0,7,0,0,0,0,2,1,6,2,31,6,1598,1,10,7,2,7
2016160113508,2,9,0,18,0,7,0,0,0,0,1,1,6,2,24,5,1781,1,13,10,2,10
2016160113541,1,9,0,7,0,6,0,0,0,0,1,1,6,2,54,8,1341,1,12,1,1,1
2016160113541,2,1,0,18,0,2,0,0,0,0,2,1,6,1,42,7,-1,-1,-1,-1,-1,-1
2016160113557,1,9,0,3,0,1,0,0,0,0,2,1,6,2,35,6,1397,1,7,10,2,10
2016160113557,2,9,0,18,0,1,0,0,0,0,1,1,6,1,68,10,1560,2,6,2,1,2
2016160113575,1,9,0,11,0,0,0,0,0,0,1,1,6,1,30,6,1896,2,14,4,2,4
2016160113575,2,9,0,18,0,0,0,0,0,0,2,1,6,2,47,8,-1,-1,-1,9,1,9
2016160113591,1,9,0,18,0,0,0,0,0,0,1,1,6,1,43,7,1686,2,9,1,1,1
2016160113591,2,9,0,3,0,0,0,0,0,0,2,1,6,2,49,8,1686,2,6,3,1,3
2016160113617,1,9,0,18,0,1,0,0,0,0,1,1,6,1,89,11,1587,1,24,10,2,10
2016160113617,2,9,0,9,0,5,0,0,0,0,2,1,6,2,67,10,2171,1,15,5,3,5
2016160113890,1,9,0,14,0,0,0,0,0,0,4,1,6,1,38,7,2495,2,19,3,1,3
2016160113890,2,1,0,18,0,0,0,0,0,0,3,1,6,2,49,8,-1,-1,-1,10,1,10
2016160113898,1,9,0,18,0,0,0,0,0,0,1,1,6,3,63,9,3222,2,12,-1,-1,-1
2016160113898,2,1,0,18,0,0,0,0,0,0,2,1,2,1,16,4,-1,-1,-1,10,2,10
2016160113908,1,9,0,5,0,1,0,0,0,0,1,1,6,1,41,7,1995,2,1,7,1,7
2016160113908,2,1,0,7,0,1,0,0,0,0,4,1,6,2,16,4,-1,-1,-1,3,1,3
2016160114050,1,9,0,3,0,1,0,0,0,0,2,1,6,1,55,8,1753,2,9,2,1,2
2016160114050,2,1,0,18,0,1,0,0,0,0,1,1,6,1,16,4,-1,-1,-1,9,1,9
2016160114344,1,9,0,2,0,0,0,0,0,0,2,1,6,1,51,8,1597,2,1,6,1,6
2016160114344,2,1,0,18,0,0,0,0,0,0,0,1,6,2,61,9,-1,-1,-1,1,1,1
2016160114346,1,97,0,18,0,1,0,10,0,0,4,1,6,2,16,4,-1,-1,-1,-1,-1,-1
2016160114347,1,1,0,18,0,0,0,2,0,0,1,1,6,1,53,8,-1,-1,-1,-1,-1,-1
2016160114348,1,1,0,18,0,0,0,0,0,0,2,1,6,1,31,6,-1,-1,-1,3,1,3
2016160114348,2,9,0,18,0,0,0,0,0,0,1,1,6,2,39,7,-1,-1,-1,-1,-1,-1
2016160114350,1,1,0,18,0,1,0,0,0,0,3,1,6,1,22,5,-1,-1,-1,2,1,2
2016160114350,2,9,0,7,0,5,0,0,0,0,4,1,6,1,62,9,1596,1,12,1,1,1
2016160114358,1,8,0,18,0,0,0,0,0,0,4,1,1,3,37,7,-1,-1,-1,-1,-1,-1
2016160114361,1,9,0,3,0,1,0,0,0,0,2,1,6,1,43,7,1997,2,12,1,1,1
2016160114361,2,9,0,18,0,1,0,0,0,0,1,1,6,2,28,6,1794,1,11,4,1,4
2016160114372,1,1,0,18,0,8,0,0,0,0,3,1,6,1,39,7,-1,-1,-1,1,1,1
2016160114372,2,9,0,7,0,3,0,0,0,0,4,1,6,3,-1,-1,-1,-1,-1,-1,-1,-1
2016160114409,1,19,0,13,0,0,0,0,0,0,0,1,6,1,55,8,2488,2,12,6,3,6
2016160114409,2,1,0,18,0,0,0,0,0,0,0,1,6,1,49,8,-1,-1,-1,6,2,6
2016160114454,1,9,0,18,0,8,0,0,0,0,1,1,6,1,62,9,1796,1,16,1,1,1
2016160114454,2,1,0,18,0,4,0,0,0,0,4,1,6,1,14,3,-1,-1,-1,-1,-1,-1
2016160114528,1,19,0,5,0,0,0,0,0,0,1,1,6,1,51,8,2143,2,-1,5,1,5
2016160114528,2,9,0,3,0,0,0,0,0,0,2,1,6,2,22,5,1360,1,13,4,1,4
2016160114557,1,9,0,18,0,0,0,0,0,0,1,1,6,2,22,5,1242,1,9,6,1,6
2016160114557,2,9,0,3,0,0,0,0,0,0,2,1,6,2,-1,-1,-1,-1,-1,-1,-1,-1
2016160114686,1,9,0,18,0,4,0,0,0,0,1,1,6,1,57,9,2184,2,5,4,1,4
2016160114686,2,1,0,18,0,8,0,0,0,0,4,1,6,1,32,6,-1,-1,-1,5,1,5
2016160114795,1,9,0,2,0,0,0,0,0,0,3,1,6,3,-1,-1,1229,1,10,-1,-1,-1
2016160114795,2,1,0,14,0,0,0,0,0,0,1,1,6,1,33,6,-1,-1,-1,2,1,2
2016160114819,1,97,0,18,0,0,0,0,0,0,1,1,6,1,36,7,-1,-1,-1,-1,-1,-1
2016160114846,1,97,0,18,0,0,0,0,0,0,0,1,6,1,25,5,-1,-1,-1,-1,-1,-1
2016160114847,1,9,0,9,0,4,0,0,0,0,3,1,6,2,19,4,-1,-1,-1,2,1,2
2016160114847,2,9,0,18,0,3,0,0,0,0,1,1,6,1,47,8,2499,1,8,7,2,7
2016160114883,1,9,0,9,0,5,0,0,0,0,4,1,6,1,69,10,1596,1,9,1,1,1
2016160114883,2,3,0,18,0,1,1,0,0,0,1,1,6,1,21,5,124,1,26,1,1,1
2016160114883,3,9,0,18,0,1,0,0,0,0,1,1,6,2,31,6,1999,2,-1,4,1,4
2016160114929,1,9,0,9,0,5,0,0,0,0,3,1,6,2,61,9,1398,1,2,-1,-1,-1
2016160114929,2,9,0,15,0,8,0,0,0,0,1,1,6,2,37,7,1796,1,8,1,1,1
2016160115046,1,9,0,5,0,8,0,0,0,0,1,1,5,2,38,7,1229,1,2,2,1,2
2016160115046,2,9,0,3,0,8,0,0,0,0,2,1,5,1,47,8,1364,1,2,1,1,1
2016160115372,1,9,0,3,0,1,0,0,0,0,2,1,6,1,34,6,1560,2,8,-1,-1,-1
2016160115372,2,9,0,18,0,1,0,0,0,0,1,1,6,2,52,8,1328,1,11,1,1,1
2016160115373,1,9,0,18,0,4,0,0,0,0,1,1,6,1,45,7,1560,2,10,1,1,1
2016160115373,2,1,0,18,0,3,0,0,0,0,4,1,6,1,46,8,-1,-1,-1,7,1,7
2016160115377,1,9,0,9,0,5,0,0,0,0,1,1,2,1,41,7,1598,1,10,9,1,9
2016160115398,1,9,0,9,0,6,0,0,0,0,1,1,6,1,45,7,1596,1,9,7,2,7
2016160115398,2,9,0,17,0,1,0,0,0,0,4,1,6,2,17,4,999,1,10,4,3,4
2016160115435,1,9,0,11,0,3,0,0,0,0,1,1,6,1,18,4,1422,2,13,6,3,6
2016160115435,2,9,0,18,0,3,5,7,0,0,1,1,6,1,47,8,1997,2,1,1,1,1
2016160115437,1,9,0,17,0,0,1,0,0,0,4,1,5,1,75,10,1461,2,9,8,1,8
2016160115437,2,9,0,16,0,0,0,0,1,10,1,1,1,1,41,7,2982,2,4,9,2,9
2016160115495,1,19,0,9,0,6,0,0,0,0,1,1,1,1,59,9,1968,2,2,5,1,5
2016160115495,2,9,0,18,0,8,5,0,0,0,4,1,2,1,50,8,1997,2,7,6,2,6
2016160115496,1,9,0,18,0,4,0,0,0,0,3,1,6,2,35,6,1461,2,4,5,1,5
2016160115496,2,3,0,18,0,3,1,0,0,0,1,1,6,1,20,4,124,1,2,1,1,1
2016160115539,1,9,0,18,0,1,0,0,0,0,1,1,6,1,77,11,1396,1,7,9,1,9
2016160115539,2,9,0,18,0,1,0,0,0,0,1,1,6,2,71,10,1197,1,3,5,1,5
2016160115546,1,9,0,9,0,8,0,0,0,0,4,1,6,2,30,6,1910,2,9,1,1,1
2016160115546,2,9,0,18,0,8,0,0,0,0,1,1,6,1,28,6,1895,1,18,2,1,2
2016160115601,1,9,0,18,0,0,0,0,0,0,1,1,6,3,47,8,1390,1,12,-1,-1,-1
2016160115601,2,9,0,18,0,0,0,0,0,0,2,1,6,1,38,7,1242,1,11,1,1,1
2016160115616,1,19,0,18,0,0,0,0,0,0,1,1,6,1,73,10,1753,2,12,5,3,5
2016160115650,1,9,0,16,0,0,0,0,0,0,1,1,5,1,55,8,1197,1,2,1,1,1
2016160115650,2,9,0,16,0,0,0,0,0,0,2,1,5,2,58,9,1329,1,1,8,3,8
2016160115670,1,9,0,13,0,0,0,0,0,0,3,1,6,2,34,6,1400,2,10,6,1,6
2016160115670,2,5,0,13,0,0,0,10,7,9,4,1,5,1,46,8,599,1,22,8,2,8
2016160115687,1,9,0,9,0,5,0,0,0,0,3,1,1,2,53,8,1198,1,1,4,1,4
2016160115687,2,9,0,18,0,1,0,0,0,0,1,1,6,1,23,5,1998,1,11,4,1,4
2016160115690,1,19,0,4,0,0,0,0,0,0,2,1,6,1,48,8,1248,2,5,5,2,5
2016160115690,2,3,0,18,0,0,0,0,0,0,1,1,6,1,24,5,125,1,3,8,2,8
2016160115697,1,11,0,18,0,0,0,0,0,0,0,1,1,1,41,7,6871,2,11,1,1,1
2016160115697,2,9,0,11,0,0,0,0,0,0,0,1,6,2,29,6,1596,1,12,1,1,1
2016160115736,1,9,0,3,0,1,0,0,0,0,2,1,6,1,25,5,1968,2,7,4,3,4
2016160115736,2,9,0,18,0,1,0,0,0,0,1,1,6,1,31,6,2398,1,18,-1,-1,-1
2016160115755,1,3,0,7,0,5,0,0,0,0,1,1,6,1,46,8,125,1,46,6,2,6
2016160115755,2,3,0,7,0,5,0,0,0,0,4,1,6,1,53,8,125,1,54,-1,-1,-1
2016160115756,1,3,0,18,0,0,1,0,0,0,3,1,6,1,19,4,124,1,2,2,1,2
2016160115847,1,9,0,18,0,1,0,0,0,0,4,1,6,3,-1,-1,-1,-1,-1,-1,-1,-1
2016160115847,2,1,0,18,4,1,0,10,0,0,3,1,6,1,49,8,-1,-1,-1,10,2,10
2016160115930,1,9,0,15,0,0,0,0,0,0,1,1,2,1,30,6,2000,1,16,8,2,8
2016160115930,2,9,0,2,0,0,0,0,0,0,2,1,1,1,70,10,1560,2,9,2,1,2
2016160115930,3,9,0,12,0,0,0,0,0,0,0,1,6,3,-1,-1,-1,-1,-1,-1,-1,-1
2016160115970,1,9,0,18,0,0,0,0,0,0,1,1,6,3,-1,-1,1968,2,10,-1,-1,-1
2016160115970,2,9,0,2,0,0,0,0,0,0,2,1,6,2,34,6,1149,1,5,4,1,4
2016160115990,1,9,0,18,0,2,0,0,0,0,1,1,6,3,-1,-1,-1,-1,-1,-1,-1,-1
2016160115990,2,1,0,14,0,2,0,0,0,0,2,1,6,1,16,4,-1,-1,-1,7,1,7
2016160116030,1,9,0,18,0,8,0,0,0,0,1,1,6,1,-1,-1,-1,-1,-1,-1,-1,-1
2016160116030,2,9,0,5,0,4,0,0,0,0,3,1,6,2,53,8,1598,1,10,2,1,2
2016160116067,1,11,0,18,0,0,0,0,0,0,3,1,1,3,-1,-1,-1,-1,-1,-1,-1,-1
2016160116067,2,9,0,18,0,0,0,0,0,0,4,1,6,2,24,5,1149,1,9,1,1,1
2016160116244,1,9,0,9,0,6,0,0,0,0,1,1,6,1,23,5,1968,2,6,6,1,6
2016160116244,2,9,0,18,0,1,0,0,0,0,1,1,6,1,67,10,1560,2,2,1,1,1
2016160116265,1,9,0,18,0,0,0,0,0,0,1,1,6,1,19,4,1229,1,9,1,1,1
2016160116265,2,9,0,4,0,0,0,0,0,0,2,1,6,2,21,5,1461,2,8,2,1,2
2016160116273,1,9,0,18,0,1,1,0,0,0,1,1,1,1,33,6,1499,2,1,-1,-1,-1
2016160116273,2,9,0,3,0,1,0,0,0,0,2,1,1,2,49,8,2204,2,6,-1,-1,-1
2016160116273,3,9,0,3,0,1,0,0,0,0,2,1,1,2,47,8,1968,2,7,8,3,8
2016160116351,1,9,0,13,0,0,0,0,0,0,4,1,6,3,28,6,-1,-1,-1,-1,-1,-1
2016160116351,2,1,0,18,0,0,0,0,0,0,3,1,5,1,16,4,-1,-1,-1,8,1,8
2016160116352,1,9,0,18,0,0,0,0,0,0,1,1,6,2,36,7,-1,-1,-1,-1,-1,-1
2016160116354,1,5,0,3,0,1,0,0,0,0,4,1,6,1,55,8,1170,1,5,-1,-1,-1