Accident_Index,Vehicle_Reference,Vehicle_Type,Towing_and_Articulation,Vehicle_Manoeuvre,Vehicle_Location-Restricted_Lane,Junction_Location,Skidding_and_Overturning,Hit_Object_in_Carriageway,Vehicle_Leaving_Carriageway,Hit_Object_off_Carriageway,1st_Point_of_Impact,Was_Vehicle_Left_Hand_Drive?,Journey_Purpose_of_Driver,Sex_of_Driver,Age_of_Driver,Age_Band_of_Driver,Engine_Capacity_(CC),Propulsion_Code,Age_of_Vehicle,Driver_IMD_Decile,Driver_Home_Area_Type,Vehicle_IMD_Decile
2016160116357,1,11,0,18,0,1,0,0,0,0,0,1,1,2,49,8,6871,2,14,5,1,5
2016160116357,2,9,0,9,0,1,0,0,0,0,0,1,6,3,44,7,-1,-1,-1,-1,-1,-1
2016160116368,1,9,0,18,0,1,1,7,0,0,1,1,6,2,30,6,1360,1,11,10,2,10
2016160116393,1,1,0,9,0,4,0,0,0,0,1,1,6,1,17,4,-1,-1,-1,4,1,4
2016160116393,2,9,0,18,0,4,0,0,0,0,1,1,6,3,37,7,-1,-1,-1,-1,-1,-1
2016160116403,1,1,0,18,0,1,0,0,0,0,1,1,2,1,24,5,-1,-1,-1,1,1,1
2016160116403,2,9,0,7,0,1,0,0,0,0,4,1,6,3,27,6,-1,-1,-1,-1,-1,-1
2016160116422,1,9,0,3,0,1,0,0,0,0,2,1,6,2,28,6,-1,-1,-1,10,1,10
2016160116422,2,9,0,18,0,1,0,0,0,0,1,1,6,2,42,7,-1,-1,-1,-1,-1,-1
2016160116465,1,9,0,18,0,3,0,0,0,0,4,1,6,1,20,4,1600,1,15,8,2,8
2016160116465,2,9,0,7,0,4,0,0,0,0,1,1,6,1,57,9,1988,1,16,4,1,4
2016160117075,1,9,0,18,0,0,0,0,0,0,1,1,6,1,-1,-1,-1,-1,-1,-1,-1,-1
2016160117102,1,19,0,18,0,0,0,0,0,0,2,1,6,1,59,9,2198,2,1,2,1,2
2016160117102,2,3,0,18,0,0,0,0,0,0,0,1,6,1,21,5,124,1,1,6,1,6
2016160117132,1,8,0,13,0,0,0,0,0,0,4,1,6,3,51,8,-1,-1,-1,-1,-1,-1
2016160117132,2,1,0,18,0,0,0,0,0,0,3,1,6,1,16,4,-1,-1,-1,1,1,1
2016160117169,1,9,0,18,0,1,0,0,0,0,4,1,6,1,20,4,1896,2,14,9,2,9
2016160117210,1,9,0,9,0,6,0,0,0,0,0,1,5,1,20,4,1995,2,2,6,1,6
2016160117210,2,9,0,18,0,8,0,10,0,0,4,1,5,1,44,7,1968,2,5,10,2,10
2016160117250,1,9,0,18,0,1,0,0,0,0,1,1,6,1,56,9,1796,1,16,4,1,4
2016160117285,1,3,0,16,0,0,1,0,0,0,3,1,1,1,21,5,125,1,2,10,1,10
2016160117301,1,9,0,18,0,0,0,0,0,0,4,1,6,2,40,7,1360,1,13,1,1,1
2016160117301,2,19,0,5,0,0,0,0,0,0,3,1,6,2,-1,-1,2143,2,1,-1,-1,-1
2016160117348,1,1,0,18,0,0,0,0,0,0,1,1,6,1,25,5,-1,-1,-1,1,1,1
2016160117348,2,19,0,18,0,0,0,0,0,0,1,1,6,1,35,6,1870,2,13,5,2,5
2016160117366,1,20,0,18,0,2,0,0,0,0,3,1,6,2,56,9,3900,2,13,5,3,5
2016160117366,2,17,4,18,0,1,0,0,0,0,3,1,1,1,54,8,-1,-1,-1,8,3,8
2016160117386,1,9,0,9,0,5,0,0,0,0,4,1,6,2,24,5,1499,1,1,-1,-1,-1
2016160117386,2,9,0,18,0,1,0,0,0,0,1,1,6,1,38,7,-1,-1,-1,7,1,7
2016160117452,1,9,0,18,0,0,1,0,0,0,1,1,5,1,25,5,1197,1,2,6,3,6
2016160117452,2,21,0,4,0,0,0,0,0,0,2,1,5,1,45,7,11705,2,8,6,2,6
2016160117477,1,5,0,18,0,8,0,0,0,0,1,1,2,1,22,5,1002,1,26,3,2,3
2016160117477,2,9,0,9,0,5,0,0,0,0,4,1,6,2,49,8,1386,1,13,1,1,1
2016160117484,1,8,0,10,0,1,0,0,0,0,2,1,1,1,63,9,1997,2,2,4,1,4
2016160117484,2,9,0,4,0,1,0,0,0,0,2,1,6,1,48,8,1598,1,11,2,1,2
2016160117484,3,9,0,18,0,1,0,0,0,0,1,1,6,1,42,7,1598,1,3,1,1,1
2016160117511,1,9,0,5,0,6,0,0,0,0,3,1,6,2,22,5,1398,1,2,8,1,8
2016160117511,2,9,0,18,0,8,0,0,0,0,1,1,6,2,26,6,1461,2,3,1,1,1
2016160117517,1,9,0,18,0,8,0,0,0,0,1,1,6,2,24,5,1560,2,6,6,1,6
2016160117517,2,9,0,18,0,6,0,0,0,0,1,1,6,2,42,7,1796,1,12,-1,-1,-1
2016160117523,1,9,0,18,0,0,0,0,0,0,1,1,1,1,26,6,1896,2,12,5,1,5
2016160117523,2,1,0,5,0,0,0,0,0,0,1,1,5,1,5,1,-1,-1,-1,2,1,2
2016160117524,1,9,0,4,0,0,0,0,0,0,4,1,2,2,21,5,1198,1,-1,8,1,8
2016160117524,2,9,0,2,0,0,0,0,0,0,3,1,6,3,-1,-1,1896,2,11,-1,-1,-1
2016160117526,1,9,0,13,0,0,0,0,0,0,3,1,5,3,-1,-1,-1,-1,-1,-1,-1,-1
2016160117526,2,1,0,18,0,0,0,0,0,0,3,1,5,1,36,7,-1,-1,-1,1,1,1
2016160117536,1,9,0,3,0,1,0,0,0,0,2,1,6,2,24,5,1149,1,10,7,1,7
2016160117536,2,8,0,18,0,1,0,0,0,0,1,1,1,1,39,7,-1,-1,-1,-1,-1,-1
2016160117538,1,9,0,18,0,1,0,0,0,0,4,1,6,1,51,8,1199,2,4,7,2,7
2016160117538,2,1,0,18,0,1,0,0,0,0,3,1,4,1,13,3,-1,-1,-1,8,2,8
2016160117547,1,1,0,9,0,6,0,0,0,0,3,1,4,1,14,3,-1,-1,-1,-1,-1,-1
2016160117547,2,9,0,18,0,1,0,0,0,0,1,1,6,2,36,7,-1,-1,-1,-1,-1,-1
2016160117557,1,9,0,7,0,6,0,0,0,0,3,1,6,1,27,6,1798,1,10,1,1,1
2016160117557,2,9,0,18,0,1,0,0,0,0,4,1,6,2,22,5,1799,1,10,5,1,5
2016160117591,1,9,0,7,0,6,0,0,0,0,3,1,6,2,59,9,1398,1,2,3,1,3
2016160117591,2,1,0,18,0,1,0,0,0,0,1,1,6,1,23,5,-1,-1,-1,-1,-1,-1
2016160117640,1,5,0,18,0,0,0,0,0,0,1,1,6,1,56,9,1171,1,11,-1,-1,-1
2016160117673,1,9,0,9,0,6,0,0,0,0,1,1,6,1,82,11,1242,1,5,10,2,10
2016160117673,2,9,0,18,0,1,0,0,0,0,1,1,6,2,37,7,1560,2,8,10,3,10
2016160117695,1,9,0,18,0,1,0,0,0,0,1,1,5,1,86,11,1199,1,14,8,2,8
2016160117744,1,9,0,18,0,0,0,0,0,0,3,1,5,1,70,10,1560,2,1,3,1,3
2016160117756,1,5,0,13,0,0,0,0,0,0,3,1,6,1,59,9,1130,1,15,3,1,3
2016160117756,2,9,0,18,0,0,0,0,0,0,4,1,6,1,44,7,1896,2,14,10,2,10
2016160117756,3,21,0,18,0,0,0,0,0,0,3,1,1,1,62,9,10837,2,5,8,1,8
2016160117782,1,9,0,9,0,8,0,0,0,0,1,1,5,1,17,4,1242,1,15,3,3,3
2016160117782,2,9,0,9,0,3,0,0,1,2,4,1,5,1,29,6,1124,1,12,5,2,5
2016160117818,1,9,0,4,0,1,0,0,0,0,2,1,6,2,25,5,1995,1,6,9,2,9
2016160117818,2,5,0,18,0,1,0,0,0,0,1,1,6,1,32,6,689,1,2,1,1,1
2016160117832,1,9,0,5,0,0,0,0,0,0,1,1,6,3,28,6,-1,-1,-1,-1,-1,-1
2016160117852,1,9,0,18,0,1,0,0,0,0,1,1,1,1,54,8,1796,1,9,1,1,1
2016160117852,2,22,0,9,0,1,0,0,0,0,2,1,5,1,77,11,-1,-1,-1,3,1,3
2016160117853,1,9,0,7,0,4,0,0,0,0,3,1,6,2,49,8,1995,2,14,1,1,1
2016160117853,2,1,0,18,0,3,0,0,0,0,1,1,6,2,83,11,-1,-1,-1,1,1,1
2016160117873,1,9,0,16,0,0,1,10,7,0,3,1,6,1,66,10,2204,2,10,4,3,4
2016160117876,1,2,0,18,0,2,0,0,0,0,1,1,2,1,17,4,49,1,1,7,1,7
2016160117888,1,9,0,18,0,1,0,0,0,0,1,1,6,1,47,8,1596,1,10,5,1,5
2016160117888,2,9,0,9,0,6,0,6,0,0,1,1,6,1,58,9,1686,2,5,6,1,6
2016160117888,3,9,0,18,0,2,0,0,0,0,2,1,6,1,48,8,1997,2,9,5,1,5
2016160117888,4,9,0,18,0,1,0,0,0,0,1,1,6,2,39,7,-1,-1,-1,8,1,8
2016160117924,1,9,0,18,0,0,0,0,0,0,3,1,1,1,45,7,1796,1,5,2,1,2
2016160117924,2,1,0,18,0,0,0,0,0,0,1,1,6,1,59,9,-1,-1,-1,1,1,1
2016160117947,1,9,0,18,0,0,0,0,0,0,1,1,6,1,21,5,1598,2,2,5,2,5
2016160117947,2,9,0,3,0,0,0,0,0,0,2,1,6,2,56,9,1791,8,5,5,3,5
2016160117947,3,9,0,3,0,0,0,0,0,0,2,1,6,1,62,9,1995,1,9,5,3,5
2016160117973,1,9,0,18,0,4,1,10,1,2,1,1,6,1,32,6,1991,2,12,1,1,1
2016160117979,1,9,0,7,0,2,0,0,0,0,1,1,5,1,52,8,1753,2,8,7,2,7
2016160117979,2,9,0,3,0,2,0,0,0,0,2,1,5,1,70,10,2987,2,7,10,2,10
2016160117979,3,9,0,14,0,1,0,0,0,0,1,1,5,1,62,9,1461,2,6,10,2,10
2016160118185,1,9,0,9,0,1,0,0,0,0,3,1,6,2,56,9,1200,1,2,7,1,7
2016160118185,2,98,0,13,0,1,0,0,0,0,4,1,6,2,30,6,-1,-1,-1,5,2,5
2016160118264,1,9,0,3,0,0,0,0,0,0,2,1,6,2,27,6,1200,1,3,9,1,9
2016160118264,2,9,0,18,0,0,0,0,0,0,1,1,6,1,44,7,1999,2,1,9,3,9
2016160118302,1,9,0,3,0,0,0,0,0,0,2,1,6,1,44,7,1598,1,3,8,1,8
2016160118302,2,9,0,18,0,0,0,0,0,0,1,1,6,2,41,7,1388,1,13,7,1,7
2016160118316,1,11,0,18,0,2,0,0,0,0,0,1,1,3,47,8,-1,-1,-1,-1,-1,-1
2016160118343,1,9,0,18,0,0,0,0,0,0,4,1,6,1,36,7,1248,2,1,7,1,7
2016160118366,1,1,0,14,0,1,0,8,0,0,1,1,6,1,36,7,-1,-1,-1,1,1,1
2016160118366,2,9,0,2,0,1,0,0,0,0,3,1,6,1,28,6,-1,-1,-1,-1,-1,-1
2016160118377,1,3,0,17,0,1,1,10,1,9,4,1,6,1,19,4,125,1,9,1,1,1
2016160118378,1,19,0,18,0,0,0,0,0,0,1,1,6,3,-1,-1,2198,2,-1,-1,-1,-1
2016160118378,2,9,0,18,0,0,0,0,0,0,2,1,6,1,20,4,1229,1,6,2,1,2
2016160118493,1,1,0,3,0,0,0,0,0,0,2,1,2,2,17,4,-1,-1,-1,6,1,6
2016160118493,2,9,0,18,0,0,0,0,0,0,1,1,6,3,29,6,-1,-1,-1,-1,-1,-1
2016160118494,1,9,0,4,0,1,0,0,0,0,2,1,6,1,64,9,1749,1,15,6,1,6
2016160118494,2,9,0,18,0,1,0,0,0,0,1,1,6,2,63,9,1598,2,2,9,1,9
2016160118496,1,9,0,18,0,0,0,0,0,0,4,1,6,1,22,5,1388,1,4,1,1,1
2016160118496,2,9,0,15,0,0,0,0,0,0,3,1,6,3,27,6,-1,-1,-1,-1,-1,-1
2016160118501,1,9,0,18,0,0,0,0,0,0,4,1,6,3,34,6,-1,-1,-1,-1,-1,-1
2016160118504,1,9,0,18,0,0,0,0,0,0,1,1,6,1,33,6,1995,2,11,1,1,1
2016160118504,2,1,0,18,0,0,0,0,0,0,1,1,6,1,15,3,-1,-1,-1,3,1,3
2016160118510,1,11,0,5,0,0,0,0,0,0,0,1,1,2,46,8,4461,2,2,1,1,1
2016160118518,1,9,0,13,0,0,0,0,0,0,0,1,6,3,-1,-1,-1,-1,-1,-1,-1,-1
2016160118518,2,9,0,18,0,0,0,0,0,0,2,1,6,1,19,4,1598,1,3,6,3,6
2016160118518,3,9,0,18,0,0,0,0,0,0,1,1,6,1,41,7,1093,1,37,7,3,7
2016160118525,1,9,0,9,0,1,0,0,0,0,2,1,6,2,18,4,998,1,-1,9,2,9
2016160118525,2,9,0,18,0,1,1,0,0,0,1,1,6,1,31,6,1388,1,14,3,1,3
2016160118546,1,9,0,18,0,0,0,0,0,0,1,1,6,3,-1,-1,1598,1,11,-1,-1,-1
2016160118548,1,9,0,17,0,1,2,10,1,9,0,1,6,1,68,10,1997,2,10,10,2,10
2016160118583,1,9,0,18,0,8,0,0,0,0,1,1,6,3,-1,-1,-1,-1,-1,-1,-1,-1
2016160118583,2,1,0,18,0,6,0,0,0,0,1,1,6,1,43,7,-1,-1,-1,3,1,3
2016160118589,1,3,0,18,0,1,0,10,4,0,1,1,6,1,17,4,125,1,2,5,3,5
2016160118589,2,9,0,9,0,1,0,0,0,0,2,1,6,2,54,8,1396,1,18,5,1,5
2016160118615,1,9,0,13,0,0,0,0,0,0,0,1,6,3,-1,-1,-1,-1,-1,-1,-1,-1
2016160118615,2,9,0,18,0,0,0,0,5,6,1,1,6,1,29,6,1199,1,13,8,1,8
2016160118616,1,9,0,9,0,6,0,0,0,0,3,1,6,2,23,5,1461,2,6,6,1,6
2016160118616,2,1,0,18,0,1,0,0,0,0,1,1,6,1,56,9,-1,-1,-1,8,1,8
2016160118642,1,9,0,18,0,1,0,10,0,0,2,1,6,1,50,8,1360,1,16,2,1,2
2016160118642,2,9,0,18,0,1,0,0,0,0,1,1,6,1,32,6,1596,1,11,1,1,1
2016160118655,1,9,0,9,0,1,0,0,0,0,0,1,6,3,-1,-1,-1,-1,-1,-1,-1,-1
2016160118655,2,9,0,18,0,2,0,0,0,0,1,1,6,1,36,7,1595,1,8,9,1,9
2016160118655,3,9,0,4,0,2,0,0,0,0,2,1,6,2,46,8,1598,1,6,1,1,1
2016160118704,1,3,0,4,0,1,2,0,0,0,3,1,2,1,51,8,124,1,6,1,1,1
2016160118725,1,9,0,18,0,1,0,0,0,0,1,1,6,2,78,11,2149,2,9,5,3,5
2016160118725,2,3,0,9,0,1,0,0,0,0,1,1,6,1,22,5,124,1,1,2,1,2
2016160118725,3,19,0,2,0,1,0,0,0,0,0,1,6,1,46,8,2198,2,-1,8,3,8
2016160118746,1,8,0,7,0,6,0,0,0,0,0,1,1,1,42,7,1582,2,6,1,1,1
2016160118746,2,11,0,18,0,1,0,0,0,0,0,1,1,1,35,6,7698,2,-1,7,1,7
2016160118746,3,9,0,18,0,8,0,10,1,1,3,1,5,1,21,5,-1,-1,-1,7,3,7
2016160118746,4,9,0,18,0,8,5,10,1,1,4,1,5,2,42,7,1598,1,11,7,2,7
2016160118771,1,5,0,14,0,1,0,0,0,0,4,1,6,1,22,5,599,1,19,1,1,1
2016160118771,2,9,0,6,0,1,0,0,0,0,3,1,6,1,22,5,1753,2,9,6,1,6
2016160118794,1,9,0,17,0,1,0,10,1,9,1,1,6,1,29,6,1399,2,13,6,2,6
2016160118796,1,3,0,18,4,8,0,0,0,0,1,1,2,1,20,4,124,1,13,2,1,2
2016160118796,2,9,0,7,0,5,0,0,0,0,4,1,2,2,26,6,1400,1,16,5,1,5
2016160118804,1,9,0,5,0,0,0,0,0,0,4,1,6,1,55,8,-1,-1,-1,7,1,7
2016160118809,1,19,0,5,0,1,0,0,0,0,1,1,1,1,25,5,2198,2,-1,3,1,3
2016160118809,2,9,0,8,0,1,0,0,0,0,2,1,2,2,20,4,1200,1,1,7,1,7
2016160118816,1,9,0,3,0,1,0,0,0,0,2,1,2,2,52,8,1598,2,3,10,2,10
2016160118816,2,19,0,18,0,1,0,0,0,0,1,1,6,1,35,6,3198,2,-1,-1,-1,-1
2016160118833,1,9,0,18,0,0,0,0,0,0,1,1,6,1,29,6,1248,1,2,3,1,3
2016160118833,2,17,4,18,0,0,0,0,0,0,2,1,1,1,68,10,-1,-1,-1,7,3,7
2016160118839,1,9,0,5,0,4,0,0,0,0,1,1,2,1,23,5,1229,1,3,5,1,5
2016160118839,2,1,0,7,0,8,0,0,0,0,2,1,2,2,22,5,-1,-1,-1,3,1,3
2016160118886,1,4,0,13,0,0,0,0,0,0,1,1,5,1,32,6,498,1,17,2,1,2
2016160118921,1,9,0,16,0,0,1,0,7,11,4,1,2,1,19,4,1400,1,11,10,2,10
2016160118938,1,9,0,9,0,2,0,0,0,0,1,1,5,2,82,11,1997,2,15,1,1,1
2016160118942,1,9,0,18,0,1,0,0,0,0,1,1,6,3,31,6,-1,-1,-1,-1,-1,-1
2016160118942,2,9,0,4,0,1,0,0,0,0,2,1,6,2,18,4,1199,1,15,3,1,3
2016160119864,1,9,0,18,0,0,0,0,0,0,1,1,5,1,79,11,1598,1,3,9,1,9
2016160119864,2,9,0,3,0,0,0,0,0,0,2,1,5,2,28,6,1560,2,2,1,1,1
2016160119930,1,9,0,18,0,4,0,9,3,3,1,1,6,3,-1,-1,2979,1,7,-1,-1,-1
2016160120014,1,9,5,7,0,0,0,0,0,0,4,1,6,2,30,6,999,1,1,4,1,4
2016160120014,2,1,0,18,0,0,0,0,0,0,1,1,6,1,49,8,-1,-1,-1,2,1,2
2016160120089,1,9,0,17,0,0,1,0,2,11,1,1,6,2,29,6,1461,2,11,5,2,5
2016160120089,2,9,0,17,0,0,1,0,0,0,1,1,2,1,22,5,1595,1,3,9,1,9
2016160120149,1,9,0,18,0,0,0,0,0,0,1,1,6,2,43,7,1587,1,14,7,3,7
2016160120149,2,9,0,4,0,0,0,0,0,0,2,1,6,1,43,7,2993,2,-1,7,3,7
2016160120177,1,9,0,5,0,4,0,0,0,0,1,1,5,2,39,7,1332,1,7,8,2,8
2016160120177,2,1,0,18,0,8,0,0,0,0,2,1,2,1,57,9,-1,-1,-1,1,1,1
2016160120211,1,21,0,7,0,6,0,0,0,0,3,1,1,1,38,7,12777,2,5,9,2,9
2016160120211,2,9,0,18,0,8,0,0,0,0,1,1,2,1,58,9,998,1,4,3,1,3
2016160120223,1,9,0,13,0,0,1,0,8,10,1,1,5,2,17,4,1242,1,11,4,2,4
2016160120223,2,9,0,18,0,0,0,0,0,0,4,1,5,1,91,11,1995,1,10,8,2,8
2016160120226,1,8,0,18,5,0,0,0,0,0,0,1,5,1,49,8,1560,2,6,2,1,2
2016160120226,2,1,0,18,5,0,0,0,0,0,1,1,6,1,56,9,-1,-1,-1,1,1,1
2016160120228,1,5,0,18,0,0,0,0,0,0,4,1,6,1,62,9,749,1,30,1,1,1
2016160120370,1,9,0,18,0,2,0,0,0,0,1,1,6,1,61,9,2496,1,14,8,3,8
2016160120370,2,9,0,3,0,2,0,0,0,0,2,1,6,2,33,6,1388,1,11,5,1,5
2016160120370,3,9,0,3,0,2,0,0,0,0,2,1,6,1,56,9,1596,1,11,-1,-1,-1
2016160120370,4,19,0,3,0,2,0,0,0,0,2,1,6,1,36,7,1910,2,12,-1,-1,-1
2016160120411,1,9,0,5,0,0,0,0,0,0,1,1,6,2,46,8,1956,2,-1,7,3,7
2016160120411,2,9,0,18,0,0,0,0,0,0,4,1,6,2,20,4,1329,1,6,7,3,7
2016160120583,1,9,0,16,0,0,1,10,7,1,1,1,5,1,27,6,998,1,18,1,1,1
2016160120592,1,97,0,18,0,8,0,0,0,0,1,1,5,1,12,3,-1,-1,-1,1,1,1
2016160120592,2,9,0,18,0,8,0,0,0,0,4,1,5,1,58,9,1749,1,15,2,1,2
2016160120714,1,9,0,5,0,6,0,0,0,0,1,1,6,2,36,7,2494,8,2,10,1,10
2016160120714,2,1,0,18,0,8,0,0,0,0,1,1,6,2,21,5,-1,-1,-1,2,1,2
2016160120731,1,98,0,5,0,0,0,0,0,0,0,1,6,3,-1,-1,-1,-1,-1,-1,-1,-1
2016160120731,2,1,0,13,0,0,0,0,0,0,0,1,6,1,59,9,-1,-1,-1,5,1,5
2016160120738,1,9,0,18,0,0,0,0,1,0,1,1,6,1,31,6,-1,-1,-1,4,1,4
2016160120738,2,9,0,18,0,0,0,0,1,0,2,1,6,1,48,8,1149,1,11,1,1,1
2016160120766,1,9,0,18,0,0,0,0,0,0,1,1,6,1,-1,-1,-1,-1,-1,-1,-1,-1
2016160120766,2,9,0,3,0,0,0,0,0,0,2,1,6,1,-1,-1,998,1,12,-1,-1,-1
2016160120766,3,9,0,3,0,0,0,0,0,0,2,1,6,2,21,5,1398,2,3,4,1,4
2016160120818,1,9,0,17,0,0,0,0,0,0,0,1,1,1,41,7,-1,-1,-1,5,1,5
2016160120818,2,9,0,13,0,0,0,0,0,0,0,1,6,1,44,7,1969,2,-1,3,1,3
2016160120910,1,5,0,9,0,2,0,0,1,10,1,1,6,1,30,6,750,1,20,7,2,7
2016160120978,1,9,0,18,0,0,0,0,0,0,3,1,5,1,29,6,1086,1,6,-1,-1,-1
2016160120978,2,9,0,18,0,0,0,0,0,0,3,1,6,1,24,5,1984,1,13,-1,-1,-1
2016160121011,1,5,0,13,0,0,0,0,7,9,1,1,5,1,48,8,781,1,18,4,1,4
2016160121011,2,19,0,9,0,0,0,0,0,0,3,1,1,1,37,7,2198,2,2,4,1,4
2016160121065,1,9,0,18,0,1,0,0,0,0,1,1,6,1,19,4,1242,1,6,1,1,1
2016160121111,1,21,1,9,0,5,0,0,0,0,4,1,1,1,47,8,12130,2,14,7,2,7
2016160121111,2,9,0,18,0,8,0,0,0,0,1,1,5,1,22,5,1910,2,7,9,2,9
2016160121164,1,9,0,16,0,0,0,10,1,11,1,1,1,1,58,9,1586,1,7,6,3,6
2016160121176,1,17,4,18,0,8,0,0,0,0,3,1,1,3,-1,-1,-1,-1,-1,-1,-1,-1
2016160121176,2,21,0,18,0,8,0,0,0,0,3,1,1,1,22,5,12777,2,7,7,2,7
2016160121511,1,9,0,12,0,2,0,0,0,0,3,1,6,1,27,6,1248,2,10,8,2,8
2016160121511,2,9,0,18,0,2,0,0,0,0,4,1,6,1,23,5,1398,1,-1,2,1,2
2016160121535,1,9,0,18,0,0,0,0,0,0,1,1,6,1,47,8,1390,1,14,8,1,8
2016160121535,2,1,0,18,0,0,0,0,0,0,4,1,6,2,13,3,-1,-1,-1,-1,-1,-1
2016160121552,1,9,0,3,0,1,0,0,0,0,2,1,6,1,53,8,1973,1,15,3,1,3
2016160121552,2,9,0,3,0,1,0,0,0,0,1,1,6,1,39,7,1388,1,12,7,1,7
2016160121620,1,9,0,18,0,1,0,0,0,0,2,1,6,1,44,7,1995,1,10,-1,-1,-1
2016160121620,2,9,0,18,0,1,0,0,0,0,1,1,6,1,54,8,1560,2,9,-1,-1,-1
2016160121798,1,9,0,18,0,1,0,0,0,0,1,1,6,1,26,6,1242,1,1,3,1,3
2016160122075,1,9,0,11,0,0,0,0,0,0,4,1,6,1,26,6,1800,1,17,2,2,2
2016160122075,2,9,0,18,0,0,0,7,0,0,1,1,6,1,22,5,1496,2,1,8,1,8
2016160122103,1,9,0,7,0,4,0,0,0,0,1,1,6,1,85,11,2316,1,26,6,1,6
2016160122103,2,9,0,18,0,3,0,0,0,0,4,1,6,1,65,9,1124,1,8,1,1,1
2016160122157,1,9,0,18,0,3,0,0,0,0,3,1,6,1,38,7,2720,2,9,1,1,1
2016160122157,2,9,0,18,0,3,0,10,1,0,4,1,6,2,82,11,1299,1,16,8,1,8
2016160122227,1,5,0,13,0,1,1,10,7,9,0,1,6,1,28,6,649,1,9,6,3,6
2016160122227,2,17,0,9,0,1,0,0,0,0,0,1,1,1,64,9,6788,2,2,9,2,9
2016160122237,1,8,0,18,0,0,0,0,0,0,1,1,1,1,39,7,1870,2,10,5,1,5
2016160122237,2,9,0,18,0,0,1,0,0,0,1,1,6,1,19,4,1998,1,11,-1,-1,-1
2016160122305,1,9,0,7,0,6,0,0,0,0,4,1,6,1,77,11,2793,1,15,10,1,10
2016160122305,2,1,0,18,0,2,0,0,0,0,1,1,6,1,57,9,-1,-1,-1,7,1,7
2016160122410,1,9,0,3,0,0,0,0,0,0,2,1,6,2,39,7,1686,2,8,1,1,1
2016160122410,2,1,0,18,0,0,0,0,0,0,1,1,6,1,47,8,-1,-1,-1,-1,-1,-1
2016160122543,1,9,0,9,0,5,0,0,0,0,1,1,6,1,31,6,1339,1,13,1,1,1
2016160122543,2,9,0,9,0,6,0,0,0,0,1,1,1,1,21,5,1900,2,9,-1,-1,-1
2016160122613,1,9,0,18,0,4,0,0,0,0,4,1,6,2,27,6,1398,1,-1,6,3,6
2016160122613,2,21,0,18,0,4,0,0,0,0,3,1,6,1,-1,-1,-1,2,7,-1,-1,-1
2016160122728,1,9,0,18,0,1,0,0,0,0,4,1,6,2,29,6,1364,1,6,6,1,6
2016160122728,2,9,0,7,0,6,0,0,0,0,3,1,6,3,38,7,-1,-1,-1,-1,-1,-1
2016160122741,1,9,0,18,0,0,0,4,0,0,1,1,6,1,24,5,1396,1,13,4,2,4
2016160122741,2,9,0,2,0,0,0,0,0,0,2,1,6,2,42,7,1587,1,10,-1,-1,-1
2016160122741,3,9,0,2,0,0,0,0,0,0,2,1,6,1,47,8,1986,2,10,-1,-1,-1
2016160122765,1,9,0,18,0,0,0,0,0,0,4,1,6,2,25,5,1398,1,4,8,1,8
2016160122821,1,9,0,17,0,1,0,10,1,4,1,1,6,1,21,5,1968,2,7,2,1,2
2016160122827,1,9,0,12,0,0,0,0,0,0,3,1,6,3,-1,-1,1596,1,9,-1,-1,-1
2016160122827,2,9,0,13,0,0,0,0,0,0,4,1,6,1,21,5,1599,1,10,9,2,9
2016160122849,1,98,1,18,0,2,0,0,7,2,1,1,1,1,29,6,-1,-1,-1,-1,-1,-1
2016160122849,2,9,0,18,0,2,0,7,0,0,4,1,6,1,32,6,1998,2,4,1,1,1
2016160122854,1,9,0,7,0,6,0,0,0,0,1,1,6,3,-1,-1,-1,-1,-1,-1,-1,-1
2016160122854,2,1,0,18,0,8,0,0,0,0,4,1,6,1,19,4,-1,-1,-1,1,1,1
2016160122893,1,9,0,6,0,0,0,0,0,0,3,1,6,2,29,6,1229,1,6,3,1,3
2016160122893,2,3,0,18,0,0,0,0,0,0,4,1,6,1,29,6,124,1,14,4,1,4
2016160122900,1,9,0,5,0,1,0,0,0,0,1,1,1,2,21,5,-1,-1,-1,4,1,4
2016160122900,2,5,0,5,0,1,0,0,0,0,2,1,6,1,32,6,599,1,19,1,1,1
2016160122915,1,9,0,4,0,1,0,0,0,0,2,1,6,2,45,7,1399,2,4,8,1,8
2016160122915,2,9,0,5,0,1,0,0,0,0,1,1,6,1,-1,-1,-1,-1,-1,-1,-1,-1
2016160122916,1,9,0,18,0,1,0,0,0,0,3,1,6,1,41,7,1598,1,3,2,1,2
2016160122916,2,9,0,9,0,1,0,0,0,0,4,1,6,3,-1,-1,-1,-1,-1,-1,-1,-1
2016160122962,1,9,0,17,0,0,1,0,1,10,4,1,2,1,40,7,1598,2,4,5,1,5
2016160122978,1,9,0,18,0,1,0,0,0,0,1,1,6,3,29,6,-1,-1,-1,-1,-1,-1
2016160122978,2,1,0,4,0,1,0,0,0,0,2,1,6,1,23,5,-1,-1,-1,1,1,1
2016160122993,1,9,0,6,0,0,0,0,0,0,1,1,6,1,66,10,2231,2,2,8,2,8
2016160122993,2,5,0,14,0,0,0,0,0,0,4,1,6,1,50,8,598,1,17,1,1,1