Accident_Index,Vehicle_Reference,Vehicle_Type,Towing_and_Articulation,Vehicle_Manoeuvre,Vehicle_Location-Restricted_Lane,Junction_Location,Skidding_and_Overturning,Hit_Object_in_Carriageway,Vehicle_Leaving_Carriageway,Hit_Object_off_Carriageway,1st_Point_of_Impact,Was_Vehicle_Left_Hand_Drive?,Journey_Purpose_of_Driver,Sex_of_Driver,Age_of_Driver,Age_Band_of_Driver,Engine_Capacity_(CC),Propulsion_Code,Age_of_Vehicle,Driver_IMD_Decile,Driver_Home_Area_Type,Vehicle_IMD_Decile
2016160123011,1,9,0,9,0,0,0,0,0,0,1,1,5,2,54,8,1299,1,12,3,1,3
2016160123012,1,9,0,9,0,1,0,0,0,0,4,1,6,2,39,7,1590,1,11,7,1,7
2016160123012,2,2,0,18,0,1,0,0,0,0,1,1,6,1,17,4,-1,-1,-1,-1,-1,-1
2016160123024,1,9,0,18,0,0,0,0,0,0,1,1,6,1,45,7,1341,1,11,4,1,4
2016160123024,2,9,0,12,0,0,0,0,0,0,1,1,6,1,36,7,1248,1,4,5,1,5
2016160123053,1,9,0,11,0,1,0,0,0,0,0,1,6,1,-1,-1,1984,1,13,3,1,3
2016160123053,2,11,0,18,2,1,0,0,0,0,0,1,1,1,22,5,7300,2,11,1,1,1
2016160123057,1,5,0,17,0,0,0,0,0,0,4,1,6,1,32,6,649,1,1,6,3,6
2016160123093,1,3,0,5,0,1,0,0,0,0,1,1,5,1,17,4,124,1,6,2,1,2
2016160123093,2,9,0,5,0,1,0,0,0,0,2,1,5,1,78,11,1390,1,12,1,1,1
2016160123225,1,8,0,18,0,0,0,0,0,0,1,1,6,3,38,7,-1,-1,-1,-1,-1,-1
2016160123226,1,1,0,18,4,0,0,0,0,0,3,1,4,1,17,4,-1,-1,-1,2,1,2
2016160123226,2,9,0,13,0,0,0,0,0,0,4,1,6,3,-1,-1,-1,-1,-1,-1,-1,-1
2016160123230,1,1,0,18,0,0,0,0,0,0,3,1,4,1,16,4,-1,-1,-1,9,1,9
2016160123230,2,9,0,13,0,0,0,0,0,0,4,1,6,2,31,6,-1,-1,-1,-1,-1,-1
2016160123232,1,1,0,18,0,0,0,0,0,0,3,1,6,1,18,4,-1,-1,-1,7,3,7
2016160123232,2,9,0,14,0,0,0,0,0,0,4,1,6,3,47,8,-1,-1,-1,-1,-1,-1
2016160123242,1,9,0,18,0,0,1,10,1,9,4,1,6,2,17,4,1397,1,7,4,2,4
2016160123253,1,9,0,18,0,0,0,0,0,0,1,1,3,3,37,7,-1,-1,-1,-1,-1,-1
2016160123272,1,9,0,7,0,1,0,0,0,0,4,1,6,1,43,7,2143,2,1,6,1,6
2016160123272,2,3,0,4,0,1,0,0,0,0,3,1,6,1,16,4,-1,-1,-1,6,1,6
2016160123282,1,19,0,18,0,0,0,0,0,0,1,1,6,1,28,6,1998,2,15,1,1,1
2016160123282,2,9,0,18,0,0,0,0,0,0,1,1,6,2,45,7,1229,1,9,3,1,3
2016160123282,3,9,0,2,0,0,0,0,0,0,0,1,6,2,-1,-1,1560,2,8,-1,-1,-1
2016160123282,4,9,0,2,0,0,0,0,0,0,0,1,6,2,41,7,2188,2,11,-1,-1,-1
2016160123298,1,11,0,7,0,4,0,0,0,0,0,1,6,1,48,8,-1,-1,-1,3,1,3
2016160123298,2,5,0,18,0,8,0,0,0,0,0,1,6,1,23,5,996,1,10,1,1,1
2016160123328,1,9,0,18,0,0,0,4,1,10,1,1,6,1,89,11,1396,1,19,10,2,10
2016160123328,2,9,0,2,0,0,0,0,0,0,2,1,6,1,51,8,1086,1,10,10,2,10
2016160123343,1,9,0,18,0,8,0,0,0,0,1,1,6,2,46,8,1598,1,17,1,1,1
2016160123343,2,9,0,18,0,4,0,0,0,0,3,1,6,2,34,6,1598,1,9,9,1,9
2016160123376,1,97,0,18,0,0,0,0,0,0,1,1,6,3,-1,-1,-1,-1,-1,-1,-1,-1
2016160123386,1,9,0,18,0,0,0,0,0,0,1,1,6,1,33,6,1598,1,12,1,1,1
2016160123413,1,9,0,18,0,3,0,0,0,0,1,1,6,1,46,8,1999,2,-1,10,1,10
2016160123413,2,9,0,18,0,1,0,0,0,0,1,1,6,1,58,9,1496,2,1,3,1,3
2016160123438,1,9,0,18,0,0,5,4,0,0,1,1,6,2,76,11,-1,-1,-1,9,1,9
2016160123438,2,9,0,2,0,0,0,0,0,0,2,1,6,1,29,6,1560,2,10,4,1,4
2016160123476,1,9,0,18,0,2,0,0,0,0,1,1,6,2,35,6,1339,1,5,1,1,1
2016160123476,2,9,0,9,0,6,0,0,0,0,1,1,6,2,30,6,1968,2,9,1,1,1
2016160123512,1,19,0,16,0,1,0,0,0,0,1,1,6,1,22,5,2143,2,-1,2,1,2
2016160123512,2,19,0,17,0,1,0,0,0,0,1,1,6,1,65,9,-1,-1,-1,7,3,7
2016160123539,1,9,0,3,0,1,0,0,0,0,2,1,6,1,28,6,1598,1,12,1,1,1
2016160123539,2,9,0,18,0,1,0,0,0,0,1,1,6,3,-1,-1,-1,-1,-1,-1,-1,-1
2016160123563,1,1,0,18,0,1,0,0,0,0,1,1,6,1,35,6,-1,-1,-1,1,1,1
2016160123563,2,9,0,9,0,6,0,0,0,0,3,1,6,1,35,6,2143,2,4,2,1,2
2016160123590,1,17,4,14,0,1,3,10,7,0,2,1,1,1,22,5,-1,2,4,5,2,5
2016160123610,1,9,0,4,0,2,0,0,0,0,2,1,1,2,25,5,1686,2,6,2,1,2
2016160123610,2,9,0,4,0,2,0,0,0,0,2,1,2,2,36,7,1390,1,15,8,1,8
2016160123610,3,9,0,18,0,2,0,0,0,0,1,1,2,1,45,7,2993,2,2,7,3,7
2016160123646,1,9,0,18,0,0,0,0,0,0,1,1,5,1,46,8,2967,2,4,10,3,10
2016160123646,2,9,0,18,0,0,0,0,0,0,2,1,5,1,53,8,2993,12,1,10,1,10
2016160123646,3,9,0,18,0,0,0,0,0,0,2,1,5,1,26,6,1199,1,12,2,1,2
2016160123646,4,9,0,4,0,0,0,0,0,0,2,1,5,1,32,6,1896,2,11,3,1,3
2016160123665,1,9,0,18,0,0,0,0,0,0,1,1,6,1,77,11,1149,1,15,4,2,4
2016160123665,2,9,0,18,0,0,0,0,1,10,1,1,6,1,43,7,1560,2,3,6,1,6
2016160123671,1,9,0,7,0,6,0,0,0,0,3,1,6,1,25,5,1396,1,13,1,1,1
2016160123671,2,1,0,18,0,8,0,0,0,0,1,1,6,2,71,10,-1,-1,-1,1,1,1
2016160123674,1,9,0,18,0,0,1,0,0,0,1,1,2,1,34,6,1497,8,8,3,1,3
2016160123674,2,9,0,4,0,0,0,0,0,0,2,1,2,1,57,9,1686,2,5,7,1,7
2016160123674,3,9,0,4,0,0,0,0,0,0,2,1,2,2,31,6,1997,2,9,10,2,10
2016160123699,1,1,0,18,0,6,0,0,0,0,1,1,5,1,13,3,-1,-1,-1,10,1,10
2016160123699,2,9,0,17,0,8,0,0,0,0,4,1,5,1,61,9,4969,8,6,6,3,6
2016160123754,1,9,0,2,0,0,0,0,0,0,1,1,6,1,45,7,1229,1,11,6,1,6
2016160123754,2,1,0,18,0,0,0,0,0,0,3,1,6,1,43,7,-1,-1,-1,4,1,4
2016160123807,1,9,0,4,0,1,0,0,0,0,4,1,6,3,-1,-1,1596,1,12,-1,-1,-1
2016160123807,2,1,0,3,0,1,0,0,0,0,3,1,6,2,25,5,-1,-1,-1,6,1,6
2016160123833,1,9,0,9,0,4,0,0,0,0,2,1,6,1,26,6,-1,-1,-1,4,1,4
2016160123833,2,9,0,18,0,4,0,0,0,0,1,1,6,1,30,6,1910,2,10,2,1,2
2016160123839,1,9,0,2,0,0,0,0,0,0,3,1,6,3,-1,-1,-1,-1,-1,-1,-1,-1
2016160123839,2,1,0,18,4,0,0,0,0,0,4,1,6,1,52,8,-1,-1,-1,2,1,2
2016160123881,1,1,0,18,0,8,0,0,0,0,1,1,6,1,37,7,-1,-1,-1,1,1,1
2016160123881,2,9,0,9,0,6,0,0,0,0,3,1,5,2,41,7,1598,1,6,8,1,8
2016160123970,1,19,0,7,0,5,0,0,0,0,4,1,1,1,42,7,2287,2,1,1,1,1
2016160123970,2,1,0,18,4,8,0,0,0,0,1,1,6,1,61,9,-1,-1,-1,5,1,5
2016160123973,1,9,0,18,0,0,0,0,0,0,1,1,6,2,54,8,996,1,4,7,2,7
2016160123973,2,9,0,18,0,0,0,0,0,0,1,1,6,1,44,7,-1,-1,-1,6,3,6
2016160123988,1,98,0,18,0,4,0,0,0,0,1,1,6,3,-1,-1,-1,-1,-1,-1,-1,-1
2016160123988,2,9,0,18,0,3,0,0,0,0,1,1,6,1,47,8,1206,1,6,6,3,6
2016160124002,1,9,0,18,0,8,0,0,0,0,1,1,2,2,27,6,1686,2,4,5,2,5
2016160124002,2,9,0,9,0,6,0,0,0,0,3,1,6,2,85,11,1197,1,1,1,1,1
2016160124004,1,19,0,18,0,1,0,0,0,0,1,1,1,1,28,6,1248,2,3,8,1,8
2016160124004,2,1,0,3,0,1,0,0,0,0,2,1,6,1,30,6,-1,-1,-1,1,1,1
2016160124025,1,5,0,16,0,0,2,0,7,9,0,1,6,1,44,7,749,1,11,5,1,5
2016160124028,1,9,0,18,0,0,0,0,0,0,1,1,5,1,41,7,1388,1,12,7,3,7
2016160124028,2,9,0,18,0,0,0,10,1,0,1,1,5,2,68,10,1328,1,1,3,2,3
2016160124035,1,2,0,9,0,1,0,0,0,0,1,1,6,1,24,5,49,1,2,7,1,7
2016160124035,2,9,0,18,0,1,0,0,0,0,3,1,6,1,57,9,1910,2,13,5,1,5
2016160124050,1,9,0,18,0,3,0,10,2,0,1,1,6,1,34,6,1360,1,10,1,1,1
2016160124050,2,9,0,3,0,1,0,0,0,0,1,1,6,1,46,8,1598,1,12,5,1,5
2016160124061,1,9,0,18,0,8,0,0,0,0,3,1,5,1,50,8,1598,1,9,4,3,4
2016160124061,2,9,0,9,0,8,0,0,0,0,1,1,5,2,51,8,999,1,10,4,1,4
2016160124121,1,98,0,18,0,0,0,0,0,0,3,1,1,3,-1,-1,-1,-1,-1,-1,-1,-1
2016160124121,2,9,0,18,0,0,0,0,0,0,3,1,6,2,24,5,2496,2,13,2,1,2
2016160124134,1,19,0,18,0,0,0,0,0,0,1,1,1,1,43,7,1997,2,8,6,1,6
2016160124134,2,9,0,9,0,0,0,0,0,0,2,1,6,2,62,9,1598,1,13,3,3,3
2016160124156,1,9,0,18,0,1,0,0,0,0,1,1,6,2,39,7,1997,2,16,-1,-1,-1
2016160124156,2,9,0,18,0,4,0,0,0,0,2,1,6,1,48,8,1339,1,9,5,1,5
2016160124215,1,11,0,4,0,1,0,0,0,0,2,1,1,3,-1,-1,6370,2,8,-1,-1,-1
2016160124215,2,9,0,18,0,1,0,0,0,0,1,1,6,1,78,11,1968,2,2,6,1,6
2016160124285,1,9,0,7,0,6,0,0,0,0,1,1,6,1,-1,-1,-1,-1,-1,-1,-1,-1
2016160124285,2,1,0,18,0,8,0,0,0,0,1,1,2,1,58,9,-1,-1,-1,1,1,1
2016160124325,1,9,0,5,0,6,0,0,0,0,1,1,6,1,45,7,1896,2,6,5,1,5
2016160124325,2,3,0,18,0,8,0,0,0,0,1,1,6,1,17,4,85,1,27,-1,-1,-1
2016160124430,1,9,0,18,0,0,0,0,0,0,1,1,6,3,-1,-1,1910,2,9,-1,-1,-1
2016160124430,2,9,0,18,0,0,0,0,0,0,2,1,6,1,-1,-1,1598,1,14,1,1,1
2016160124430,3,9,0,18,0,0,0,0,0,0,2,1,6,3,-1,-1,2993,2,10,-1,-1,-1
2016160124464,1,9,0,18,0,8,0,7,1,10,1,1,6,1,26,6,1956,2,1,2,1,2
2016160124464,2,9,0,18,0,6,0,0,0,0,4,1,6,1,40,7,1596,1,13,1,1,1
2016160124464,3,9,0,2,0,2,0,0,0,0,3,1,6,3,-1,-1,2993,2,9,-1,-1,-1
2016160124576,1,9,0,13,0,1,0,0,0,0,4,1,6,3,-1,-1,-1,-1,-1,-1,-1,-1
2016160124576,2,1,0,18,0,1,0,0,0,0,3,1,6,1,58,9,-1,-1,-1,1,1,1
2016160124826,1,9,0,9,0,8,0,0,0,0,4,1,6,3,-1,-1,1364,1,-1,-1,-1,-1
2016160124826,2,9,0,5,0,8,0,0,0,0,1,1,6,2,45,7,1461,2,6,8,3,8
2016160124905,1,9,0,2,0,0,0,0,0,0,3,1,6,3,-1,-1,-1,-1,-1,-1,-1,-1
2016160124905,2,1,0,14,0,0,0,0,0,0,1,1,6,1,65,9,-1,-1,-1,1,1,1
2016160124940,1,97,0,16,0,0,0,0,0,0,1,1,5,1,16,4,-1,-1,-1,7,1,7
2016160125135,1,9,0,4,0,1,0,0,0,0,1,1,5,2,28,6,1910,2,10,1,1,1
2016160125135,2,9,0,3,0,1,0,0,0,0,2,1,5,2,59,9,1598,1,3,1,1,1
2016160125284,1,9,0,7,0,6,0,0,0,0,3,1,6,2,18,4,1229,1,2,5,1,5
2016160125284,2,9,0,18,0,8,0,0,0,0,1,1,6,1,29,6,1400,1,14,1,1,1
2016160125284,3,9,0,2,0,1,0,0,0,0,1,1,6,3,-1,-1,1796,1,16,-1,-1,-1
2016160125284,4,9,0,2,0,1,0,0,0,0,1,1,6,3,-1,-1,1248,1,5,-1,-1,-1
2016160125419,1,9,0,6,0,0,0,0,0,0,3,1,6,2,79,11,1198,1,3,4,1,4
2016160125419,2,9,0,18,0,0,0,0,0,0,1,1,6,1,42,7,2495,2,19,9,1,9
2016160125455,1,9,0,9,0,6,0,0,0,0,1,1,5,2,69,10,1968,2,4,-1,-1,-1
2016160125455,2,9,0,18,0,8,0,0,0,0,1,1,2,2,40,7,998,1,2,10,3,10
2016160125482,1,9,0,18,0,0,5,0,4,6,3,1,6,1,32,6,998,1,11,1,1,1
2016160125508,1,9,0,18,0,0,0,0,0,0,1,1,1,1,21,5,1598,2,2,5,2,5
2016160125508,2,9,0,3,0,0,0,0,0,0,2,1,5,2,56,9,1791,8,5,5,3,5
2016160125508,3,9,0,3,0,0,0,0,0,0,2,1,2,1,62,9,1995,1,9,5,3,5
2016160125543,1,9,0,18,0,0,0,0,0,0,1,1,6,1,-1,-1,1910,2,10,-1,-1,-1
2016160125543,2,9,0,3,0,0,0,0,0,0,2,1,6,1,27,6,1197,1,-1,5,1,5
2016160125747,1,9,0,18,0,1,0,0,0,0,4,1,6,3,47,8,-1,-1,-1,-1,-1,-1
2016160125755,1,9,0,1,0,6,0,0,0,0,4,1,6,2,32,6,1299,1,15,6,3,6
2016160125777,1,9,0,7,0,5,0,7,0,0,4,1,6,1,17,4,1968,2,8,3,1,3
2016160125829,1,9,0,18,0,1,0,0,0,0,4,1,6,1,39,7,2179,2,6,1,1,1
2016160125833,1,9,0,5,0,6,0,0,0,0,1,1,6,1,-1,-1,1799,1,7,6,1,6
2016160125833,2,9,0,18,0,8,0,0,0,0,4,1,6,1,20,4,1229,1,10,6,3,6
2016160125869,1,8,0,5,0,0,0,0,0,0,4,1,1,3,-1,-1,-1,-1,-1,-1,-1,-1
2016160126086,1,1,0,9,0,0,0,0,0,0,4,1,6,1,49,8,-1,-1,-1,1,1,1
2016160126154,1,19,0,1,0,0,0,0,0,0,2,1,6,3,-1,-1,2198,2,-1,-1,-1,-1
2016160126154,2,1,0,3,0,0,0,0,0,0,1,1,6,1,27,6,-1,-1,-1,1,1,1
2016160126220,1,20,0,18,0,0,0,0,0,0,3,1,6,1,59,9,2998,2,-1,6,3,6
2016160126220,2,19,0,11,0,0,0,0,0,0,4,1,6,1,45,7,2198,2,-1,-1,-1,-1
2016160126288,1,9,0,18,0,0,0,0,0,0,1,1,6,2,48,8,1910,2,8,5,1,5
2016160126337,1,9,0,18,0,0,0,0,0,0,1,1,6,1,86,11,-1,-1,-1,-1,-1,-1
2016160126337,2,9,0,18,0,0,0,0,0,0,2,1,6,3,37,7,-1,-1,-1,-1,-1,-1
2016160126337,3,9,0,18,0,0,0,0,0,0,2,1,6,3,43,7,-1,-1,-1,-1,-1,-1
2016160126349,1,9,0,18,0,8,0,0,0,0,1,1,6,3,-1,-1,-1,-1,-1,-1,-1,-1
2016160126349,2,1,0,18,0,4,0,0,0,0,1,1,6,1,13,3,-1,-1,-1,5,1,5
2016160126442,1,9,0,18,0,0,0,0,0,0,1,1,6,3,-1,-1,-1,-1,-1,-1,-1,-1
2016160126549,1,9,0,18,0,1,2,10,2,1,4,1,1,1,50,8,998,1,15,1,1,1
2016160126570,1,9,0,4,0,0,0,0,0,0,2,1,6,1,21,5,1896,2,14,6,3,6
2016160126570,2,9,0,18,0,0,0,0,0,0,1,1,2,2,40,7,1390,1,9,6,1,6
2016160126573,1,9,0,17,0,0,2,0,1,10,1,1,6,1,61,9,1769,1,11,5,3,5
2016160126590,1,9,0,7,0,2,0,0,0,0,1,1,6,2,22,5,1229,1,8,6,1,6
2016160126590,2,9,0,18,0,1,0,0,0,0,1,1,6,1,28,6,-1,-1,-1,-1,-1,-1
2016160126599,1,9,0,2,0,0,0,0,0,0,3,1,6,1,-1,-1,1796,1,8,-1,-1,-1
2016160126599,2,1,0,14,0,0,0,0,0,0,1,1,6,2,26,6,-1,-1,-1,3,1,3
2016160126607,1,9,0,18,0,1,0,0,0,0,1,1,6,1,36,7,-1,-1,-1,-1,-1,-1
2016160126637,1,9,0,5,0,0,0,0,0,0,3,1,2,1,21,5,1388,1,7,3,1,3
2016160126637,2,9,0,18,0,0,0,0,0,0,4,1,6,1,84,11,1493,2,11,-1,-1,-1
2016160126653,1,98,0,1,0,0,0,0,0,0,2,1,6,3,-1,-1,-1,-1,-1,-1,-1,-1
2016160126653,2,9,0,3,0,0,0,0,0,0,4,1,6,2,45,7,-1,-1,-1,10,2,10
2016160126696,1,9,0,7,0,1,0,0,0,0,1,1,6,3,-1,-1,-1,-1,-1,-1,-1,-1
2016160126696,2,19,0,10,0,1,0,0,0,0,2,1,6,1,21,5,1598,2,1,1,1,1
2016160126735,1,9,0,7,0,6,0,0,0,0,4,1,6,2,26,6,998,1,9,7,1,7
2016160126735,2,1,0,18,0,8,0,0,0,0,1,1,6,1,45,7,-1,-1,-1,-1,-1,-1
2016160126818,1,9,0,2,0,2,0,0,0,0,3,1,1,2,41,7,2777,2,9,8,1,8
2016160126818,2,1,0,14,0,2,0,8,0,0,1,1,6,1,46,8,-1,-1,-1,3,1,3
2016160126850,1,9,0,4,0,0,0,0,0,0,2,1,6,2,32,6,1910,2,10,3,1,3
2016160126850,2,9,0,18,0,0,1,0,0,0,1,1,6,1,36,7,1499,1,21,1,1,1
2016160127184,1,9,0,14,0,2,0,0,0,0,4,1,6,2,40,7,1560,2,5,-1,-1,-1
2016160127232,1,9,0,1,0,0,0,0,0,0,2,1,6,1,17,4,1997,2,9,7,1,7
2016160127235,1,9,0,13,0,1,0,10,7,9,4,1,6,2,52,8,-1,-1,-1,4,3,4
2016160127235,2,17,0,9,0,5,0,0,0,0,3,1,1,1,57,9,-1,2,-1,6,3,6
2016160127238,1,9,0,18,0,1,0,0,0,0,1,1,6,1,36,7,1998,1,9,1,1,1
2016160127246,1,9,0,9,0,5,0,0,0,0,1,1,6,2,30,6,1796,1,17,1,1,1
2016160127246,2,9,0,18,0,1,0,0,0,0,1,1,6,1,68,10,973,1,15,1,1,1
2016160127254,1,9,0,9,0,4,0,0,0,0,1,1,6,2,52,8,1560,2,6,7,1,7
2016160127254,2,9,0,18,0,4,0,0,0,0,1,1,6,2,52,8,1299,1,15,8,1,8
2016160127268,1,9,0,13,0,1,0,0,0,0,1,1,6,1,45,7,1895,1,16,3,1,3
2016160127268,2,98,0,9,0,5,0,0,0,0,1,1,6,2,65,9,-1,-1,-1,10,2,10
2016160127307,1,5,0,17,0,0,0,10,1,0,0,1,6,1,71,10,-1,-1,-1,4,3,4
2016160127346,1,9,0,9,0,6,0,0,0,0,1,1,6,1,71,10,1197,1,-1,4,1,4
2016160127346,2,20,0,18,0,1,0,0,0,0,1,1,1,1,46,8,5193,2,2,4,1,4
2016160127372,1,9,0,3,0,6,0,0,0,0,2,1,6,1,46,8,1769,1,16,4,1,4
2016160127372,2,9,0,4,0,6,0,0,0,0,1,1,6,2,26,6,1598,1,10,1,1,1
2016160127417,1,9,0,10,0,1,0,0,0,0,2,1,1,2,55,8,1560,2,5,5,2,5
2016160127417,2,1,0,18,0,1,0,0,0,0,1,1,6,2,48,8,-1,-1,-1,2,1,2
2016160127443,1,9,0,18,0,0,0,0,0,0,4,1,6,2,19,4,1199,1,13,3,1,3
2016160127464,1,9,0,16,0,8,0,0,0,0,3,1,2,1,59,9,2993,2,4,8,1,8
2016160127488,1,3,0,18,0,0,1,0,0,0,1,1,2,1,21,5,125,1,2,6,2,6
2016160127488,2,9,0,7,0,0,0,0,0,0,2,1,2,2,31,6,1461,2,1,6,1,6
2016160127512,1,9,0,9,0,5,0,0,0,0,1,1,6,1,44,7,2000,1,8,2,1,2
2016160127526,1,9,0,18,0,0,0,0,0,0,1,1,6,1,33,6,1986,2,9,5,2,5
2016160127526,2,9,0,3,0,0,0,0,0,0,2,1,6,2,29,6,2143,2,1,9,2,9
2016160127554,1,9,0,18,0,1,0,10,7,0,3,1,6,1,48,8,2143,2,7,9,2,9
2016160127554,2,9,0,9,0,1,0,0,0,0,1,1,6,1,49,8,998,1,13,9,1,9
2016160127584,1,9,0,9,0,1,0,10,1,0,3,1,6,2,53,8,995,1,8,9,3,9
2016160127584,2,9,0,18,0,1,0,0,0,0,1,1,6,2,18,4,1200,1,-1,10,2,10
2016160127584,3,9,0,10,0,1,0,0,0,0,3,1,6,1,75,10,1796,1,14,8,1,8
2016160127601,1,9,0,18,0,2,0,0,0,0,4,1,6,2,30,6,1242,1,2,3,1,3
2016160127615,1,9,0,17,0,0,5,10,1,0,0,1,6,2,23,5,1242,1,1,3,1,3
2016160127625,1,2,0,7,0,6,1,0,0,0,4,1,6,2,20,4,50,1,-1,1,1,1
2016160127679,1,1,0,16,9,1,0,0,0,0,1,1,6,2,18,4,-1,-1,-1,4,1,4
2016160127679,2,1,0,17,9,1,0,0,0,0,1,1,6,1,35,6,-1,-1,-1,1,1,1
2016160127876,1,9,0,18,0,1,0,0,0,0,4,1,6,3,24,5,-1,-1,-1,-1,-1,-1
2016160127890,1,9,0,7,0,6,0,0,0,0,1,1,6,1,48,8,1753,2,14,1,1,1
2016160127890,2,1,0,18,0,1,0,0,0,0,2,1,6,1,43,7,-1,-1,-1,1,1,1
2016160127925,1,9,0,18,0,1,0,0,0,0,1,1,5,1,79,11,-1,-1,-1,-1,-1,-1
2016160127925,2,9,0,9,0,1,0,0,0,0,1,1,5,1,62,9,2184,2,13,1,1,1
2016160127942,1,9,0,3,0,0,0,0,0,0,4,1,1,1,48,8,1595,1,9,9,1,9
2016160127942,2,1,0,15,0,0,0,0,0,0,3,1,6,1,34,6,-1,-1,-1,1,1,1
2016160127954,1,9,0,18,0,0,1,10,1,0,0,1,6,1,24,5,899,1,15,8,1,8
2016160127966,1,9,0,18,0,2,0,10,1,5,4,1,6,1,60,9,1598,1,9,4,1,4
2016160128006,1,9,0,3,0,0,0,0,0,0,2,1,6,1,47,8,2179,2,8,4,1,4
2016160128006,2,9,0,18,0,0,0,0,0,0,1,1,6,1,25,5,1896,2,13,7,1,7
2016160128035,1,20,1,18,0,1,0,0,0,0,1,1,1,1,56,9,4580,2,6,8,3,8
2016160128035,2,9,0,18,0,1,0,10,1,1,2,1,6,2,24,5,1124,1,8,6,3,6
2016160128054,1,9,0,5,0,0,0,0,0,0,1,1,6,3,28,6,-1,-1,-1,-1,-1,-1
2016160128066,1,3,0,18,0,1,0,0,0,0,4,1,6,1,29,6,125,1,2,4,3,4
2016160128080,1,98,1,18,0,0,0,0,0,0,4,1,6,1,50,8,-1,-1,-1,7,2,7
2016160128080,2,9,0,12,0,0,0,0,0,0,3,1,6,1,69,10,-1,-1,-1,5,1,5
2016160128345,1,1,0,18,4,0,0,0,0,0,3,1,6,1,23,5,-1,-1,-1,7,1,7
2016160128345,2,9,0,18,0,0,0,0,0,0,4,1,6,3,-1,-1,-1,-1,-1,-1,-1,-1
2016160128456,1,9,0,2,0,0,0,0,0,0,3,1,6,3,-1,-1,-1,-1,-1,-1,-1,-1
2016160128456,2,9,0,18,0,0,0,8,0,0,4,1,6,2,39,7,1240,1,6,-1,-1,-1
2016160128532,1,9,0,10,0,1,0,0,0,0,2,1,6,2,41,7,1999,2,-1,8,3,8
2016160128532,2,9,0,18,0,1,0,0,0,0,1,1,6,2,24,5,1242,1,13,3,3,3
2016160128558,1,97,0,18,0,0,0,0,0,0,4,1,6,3,24,5,-1,-1,-1,-1,-1,-1
2016160128574,1,9,0,18,0,1,0,0,0,0,1,1,6,1,77,11,-1,-1,-1,8,1,8
2016160128574,2,1,0,7,0,6,0,0,0,0,3,1,6,1,17,4,-1,-1,-1,10,3,10
2016160128627,1,3,0,18,0,0,1,0,0,0,4,1,6,1,47,8,125,1,1,6,3,6
2016160128822,1,9,0,5,0,1,0,0,0,0,4,1,1,1,53,8,2488,1,8,1,1,1
2016160128860,1,9,0,13,0,0,0,0,0,0,4,1,6,2,32,6,1299,1,12,5,1,5
2016160128860,2,1,0,18,0,0,0,0,0,0,3,1,6,2,38,7,-1,-1,-1,-1,-1,-1
2016160128893,1,9,0,18,0,0,0,0,0,0,1,1,6,1,36,7,1598,2,-1,5,1,5
2016160128893,2,9,0,4,0,0,0,0,0,0,2,1,6,1,67,10,998,1,14,5,2,5
2016160128915,1,9,0,18,0,0,0,0,0,0,1,1,6,2,54,8,998,1,7,7,1,7
2016160128948,1,9,0,18,0,1,0,0,0,0,1,1,6,1,69,10,1968,2,2,3,1,3
2016160128948,2,9,0,18,0,1,0,0,0,0,1,1,6,1,19,4,1242,1,9,1,1,1
2016160128956,1,9,0,18,0,0,0,0,0,0,1,1,6,1,35,6,1396,1,16,1,1,1
2016160128976,1,9,0,18,0,4,0,0,0,0,4,1,6,3,28,6,-1,-1,-1,-1,-1,-1
2016160128976,2,1,0,18,0,4,0,0,0,0,3,1,6,1,17,4,-1,-1,-1,5,1,5
2016160128988,1,3,0,9,0,5,0,0,0,0,1,1,2,1,23,5,125,1,1,3,2,3
2016160128988,2,21,0,18,0,8,0,0,0,0,1,1,1,1,57,9,12130,2,11,5,1,5
2016160129051,1,8,0,9,0,5,0,10,7,11,1,1,5,1,31,6,1998,2,8,1,1,1
2016160129051,2,9,0,18,0,8,0,10,1,11,1,1,5,1,32,6,1390,1,11,6,1,6
2016160129076,1,9,0,5,0,1,0,0,0,0,1,1,6,2,81,11,1248,1,3,2,1,2
2016160129076,2,9,0,9,0,5,0,0,0,0,1,1,6,1,63,9,1910,2,10,8,1,8
2016160129087,1,9,0,5,0,6,0,10,7,11,3,1,1,1,34,6,1229,1,5,1,1,1
2016160129087,2,9,0,18,0,8,0,0,0,0,1,1,2,1,49,8,1461,2,10,2,1,2
2016160129104,1,19,0,9,0,5,0,0,0,0,3,1,1,1,32,6,2198,2,-1,-1,-1,-1
2016160129104,2,9,0,18,0,1,0,0,0,0,1,1,6,2,58,9,1397,1,13,-1,-1,-1
2016160129126,1,9,0,18,0,0,0,0,0,0,1,1,6,2,39,7,1995,2,6,10,2,10
2016160129126,2,9,0,3,0,0,0,0,0,0,2,1,6,2,56,9,1686,2,11,10,1,10
2016160129155,1,3,0,18,0,0,0,0,0,0,3,1,2,1,20,4,125,1,1,9,1,9
2016160129155,2,9,0,13,0,0,1,0,0,0,4,1,6,1,19,4,1242,1,12,3,1,3
2016160129195,1,9,0,18,0,0,0,0,0,0,1,1,6,1,54,8,1998,1,11,9,1,9
2016160129232,1,9,0,9,0,8,0,0,3,1,1,1,6,2,20,4,1395,1,-1,5,1,5