Accident_Index,Vehicle_Reference,Vehicle_Type,Towing_and_Articulation,Vehicle_Manoeuvre,Vehicle_Location-Restricted_Lane,Junction_Location,Skidding_and_Overturning,Hit_Object_in_Carriageway,Vehicle_Leaving_Carriageway,Hit_Object_off_Carriageway,1st_Point_of_Impact,Was_Vehicle_Left_Hand_Drive?,Journey_Purpose_of_Driver,Sex_of_Driver,Age_of_Driver,Age_Band_of_Driver,Engine_Capacity_(CC),Propulsion_Code,Age_of_Vehicle,Driver_IMD_Decile,Driver_Home_Area_Type,Vehicle_IMD_Decile
2016160129232,2,10,0,18,0,8,0,0,2,7,3,1,1,1,41,7,2198,2,4,2,1,2
2016160129355,1,5,0,18,0,1,1,0,0,0,0,1,6,1,19,4,660,1,9,7,1,7
2016160129355,2,9,0,9,0,1,0,0,0,0,0,1,6,2,44,7,1368,1,7,2,1,2
2016160129415,1,9,0,9,0,1,0,0,0,0,4,1,6,1,42,7,1995,2,3,7,1,7
2016160129415,2,19,0,15,0,1,0,0,0,0,3,1,6,1,29,6,1248,2,1,3,1,3
2016160129456,1,9,0,9,0,5,0,0,0,0,4,1,6,1,75,10,1242,1,7,7,1,7
2016160129456,2,3,0,18,0,1,0,0,0,0,1,1,6,1,23,5,125,1,11,7,2,7
2016160129510,1,9,0,18,0,1,0,4,7,2,4,1,6,2,55,8,1995,2,12,3,1,3
2016160129510,2,9,0,18,0,1,0,0,0,0,1,1,6,2,74,10,2987,2,5,10,1,10
2016160129510,3,9,0,2,0,2,0,0,0,0,4,1,6,2,35,6,1197,1,-1,-1,-1,-1
2016160129510,4,90,0,2,0,2,0,0,0,0,0,1,6,3,47,8,2461,2,14,-1,-1,-1
2016160129534,1,9,0,9,0,6,0,0,0,0,4,1,6,2,46,8,1582,2,5,1,1,1
2016160129534,2,9,0,18,0,8,0,0,0,0,1,1,6,2,42,7,1399,2,12,8,1,8
2016160129587,1,9,0,5,0,6,0,0,0,0,1,1,2,2,48,8,1984,1,8,8,1,8
2016160129587,2,1,0,17,0,8,0,0,0,0,4,1,6,1,30,6,-1,-1,-1,5,1,5
2016160129610,1,9,0,2,0,0,0,0,0,0,3,1,6,3,29,6,-1,-1,-1,-1,-1,-1
2016160129610,2,1,0,14,0,0,0,8,0,0,4,1,6,2,36,7,-1,-1,-1,1,1,1
2016160129627,1,9,0,5,0,1,0,0,0,0,3,1,5,1,54,8,1995,2,2,1,1,1
2016160129627,2,9,0,18,0,1,0,0,0,0,4,1,1,2,30,6,1560,2,4,2,1,2
2016160129638,1,19,0,18,0,1,2,0,7,10,1,1,1,2,19,4,1560,2,1,8,3,8
2016160129638,2,9,0,3,0,1,0,0,0,0,2,1,5,2,53,8,1560,2,-1,6,3,6
2016160129638,3,9,0,3,0,1,0,0,0,0,2,1,5,2,61,9,1598,1,6,4,3,4
2016160129638,4,9,0,10,0,8,0,0,0,0,0,1,5,1,62,9,2143,2,2,10,1,10
2016160129666,1,9,0,9,0,5,0,0,0,0,3,1,6,1,72,10,1198,1,5,5,1,5
2016160129678,1,1,0,18,9,1,0,0,0,0,1,1,6,1,27,6,-1,-1,-1,3,1,3
2016160129678,2,9,0,10,0,6,0,0,0,0,4,1,6,2,50,8,1229,1,3,5,1,5
2016160129726,1,9,0,18,0,0,0,0,0,0,1,1,6,1,79,11,1360,1,8,5,1,5
2016160129726,2,9,0,18,0,0,0,0,0,0,1,1,6,1,35,6,1560,2,9,6,1,6
2016160129782,1,9,0,4,0,0,0,0,0,0,2,1,2,1,32,6,1998,2,11,1,1,1
2016160129782,2,9,0,18,0,0,0,0,0,0,1,1,2,1,-1,-1,1368,1,10,8,1,8
2016160129803,1,9,0,18,0,2,0,0,1,7,1,1,2,1,38,7,1998,1,16,7,1,7
2016160129834,1,9,0,18,0,8,0,0,0,0,4,1,6,2,60,9,995,1,10,1,1,1
2016160129834,2,9,0,9,0,5,0,0,0,0,4,1,6,1,19,4,1198,1,9,10,2,10
2016160129838,1,8,0,18,0,0,0,0,0,0,1,1,1,2,40,7,1686,2,5,7,1,7
2016160129866,1,9,0,18,0,0,0,0,0,0,1,1,5,1,73,10,505,1,11,6,1,6
2016160129866,2,9,0,2,0,0,0,0,0,0,2,1,1,2,36,7,2993,2,1,10,3,10
2016160129975,1,9,0,18,0,1,0,0,0,0,1,1,5,2,67,10,1199,1,12,8,1,8
2016160129975,2,1,0,10,0,8,0,0,0,0,2,1,5,1,32,6,-1,-1,-1,1,1,1
2016160129975,3,9,0,18,0,1,0,0,0,0,1,1,5,2,52,8,1560,2,6,6,1,6
2016160130084,1,9,0,4,0,0,0,0,0,0,1,1,2,1,45,7,2204,2,9,10,3,10
2016160130084,2,9,0,3,0,0,0,0,0,0,2,1,2,1,41,7,1560,2,4,10,3,10
2016160130313,1,10,0,14,0,0,0,0,0,0,1,1,1,1,59,9,-1,-1,-1,7,3,7
2016160130313,2,1,0,12,0,0,0,0,0,0,3,1,6,1,44,7,-1,-1,-1,3,1,3
2016160130327,1,98,0,13,0,0,0,0,0,0,4,1,1,1,34,6,-1,-1,-1,-1,-1,-1
2016160130327,2,1,0,18,0,0,0,0,0,0,3,1,6,1,53,8,-1,-1,-1,1,1,1
2016160130350,1,11,0,4,0,0,0,0,0,0,4,1,1,1,50,8,-1,-1,-1,7,1,7
2016160130355,1,9,0,18,0,4,0,0,0,0,3,1,5,2,31,6,1598,1,11,1,1,1
2016160130355,2,1,0,18,0,8,0,0,0,0,1,1,2,1,49,8,-1,-1,-1,1,1,1
2016160130370,1,9,0,1,0,0,0,0,0,0,2,1,6,1,33,6,1598,1,10,3,1,3
2016160130370,2,1,0,18,0,0,0,0,0,0,1,1,6,2,45,7,-1,-1,-1,4,2,4
2016160130395,1,9,0,2,0,0,0,0,0,0,3,1,6,2,33,6,1896,2,7,2,1,2
2016160130395,2,1,0,14,0,0,0,0,0,0,1,1,6,2,18,4,-1,-1,-1,2,1,2
2016160130405,1,9,0,9,0,1,0,0,0,0,3,1,6,1,63,9,1968,2,7,4,1,4
2016160130405,2,2,0,13,0,1,0,0,0,0,4,1,6,1,22,5,49,1,7,2,1,2
2016160130425,1,9,0,9,0,3,0,0,0,0,4,1,6,1,60,9,1499,2,-1,3,1,3
2016160130425,2,1,0,18,0,8,0,0,0,0,1,1,6,1,21,5,-1,-1,-1,-1,-1,-1
2016160130445,1,9,0,18,0,4,0,0,0,0,1,1,6,1,38,7,1399,2,6,-1,-1,-1
2016160130445,2,1,0,18,0,3,0,0,0,0,4,1,6,1,61,9,-1,-1,-1,1,1,1
2016160130466,1,9,0,13,0,0,0,0,0,0,4,1,6,1,-1,-1,-1,-1,-1,-1,-1,-1
2016160130466,2,1,0,18,0,0,0,0,0,0,3,1,6,1,27,6,-1,-1,-1,7,1,7
2016160130502,1,9,0,9,0,6,0,0,0,0,3,1,6,1,69,10,1580,8,-1,9,1,9
2016160130502,2,1,0,17,4,8,0,0,0,0,1,1,6,1,45,7,-1,-1,-1,8,1,8
2016160130531,1,19,0,5,0,0,0,0,0,0,1,1,5,1,29,6,1870,2,10,4,3,4
2016160130542,1,9,0,3,0,1,0,0,0,0,2,1,6,1,37,7,1587,1,11,4,3,4
2016160130542,2,9,0,18,0,1,0,0,0,0,1,1,1,2,44,7,2497,2,1,8,1,8
2016160130566,1,1,0,9,0,5,0,0,7,7,3,1,6,1,14,3,-1,-1,-1,1,1,1
2016160130572,1,3,0,18,0,8,0,0,0,0,1,1,6,1,18,4,123,1,-1,2,1,2
2016160130572,2,9,0,9,0,5,0,0,0,0,1,1,6,2,35,6,1753,2,9,7,1,7
2016160130579,1,9,0,9,0,6,0,0,0,0,3,1,6,1,45,7,-1,-1,-1,1,1,1
2016160130579,2,1,0,12,0,6,0,0,0,0,1,1,6,1,6,2,-1,-1,-1,1,1,1
2016160130600,1,19,0,4,0,0,0,0,0,0,1,1,1,1,33,6,1968,2,1,5,1,5
2016160130600,2,21,1,3,0,0,0,0,0,0,2,1,1,1,62,9,12809,2,3,6,1,6
2016160130628,1,9,0,18,0,1,0,0,0,0,1,1,6,1,31,6,2521,1,10,6,3,6
2016160130628,2,9,0,3,0,1,0,0,0,0,2,1,6,1,83,11,1598,1,11,6,1,6
2016160130645,1,9,0,18,0,0,0,4,0,0,1,1,6,1,55,8,1229,1,2,8,1,8
2016160130645,2,9,0,2,0,0,0,0,0,0,2,1,6,2,40,7,1390,1,17,9,3,9
2016160130645,3,9,0,18,0,0,0,0,0,0,4,1,6,2,29,6,1364,1,8,1,1,1
2016160130725,1,9,0,18,0,1,0,0,0,0,1,1,6,2,19,4,1299,1,10,8,3,8
2016160130725,2,9,0,4,0,1,0,0,0,0,2,1,6,2,29,6,1206,1,7,5,3,5
2016160130730,1,9,0,3,0,1,0,0,0,0,2,1,6,1,26,6,1968,2,9,8,1,8
2016160130730,2,19,0,18,0,1,0,0,0,0,1,1,6,1,61,9,2500,2,8,1,1,1
2016160130979,1,9,0,18,0,0,0,0,0,0,1,1,6,3,-1,-1,998,1,15,-1,-1,-1
2016160130979,2,9,0,3,0,0,0,0,0,0,2,1,6,2,69,10,1596,1,14,3,3,3
2016160131039,1,9,0,18,0,1,0,0,0,0,1,1,6,1,-1,-1,1997,2,16,10,2,10
2016160131039,2,9,0,3,0,1,0,0,0,0,2,1,6,2,38,7,1242,1,-1,10,3,10
2016160131053,1,9,0,18,0,0,0,4,0,0,1,1,6,2,34,6,1997,2,11,3,1,3
2016160131053,2,9,0,2,0,0,0,4,0,0,2,1,6,1,50,8,1461,2,6,1,1,1
2016160131053,3,9,0,2,0,0,0,0,0,0,2,1,6,1,-1,-1,1198,1,5,-1,-1,-1
2016160131086,1,9,0,5,0,6,0,0,3,2,3,1,6,1,45,7,1560,2,2,7,2,7
2016160131086,2,9,0,18,0,8,0,0,1,1,1,1,6,1,35,6,1396,2,1,7,3,7
2016160131146,1,9,0,18,0,0,0,0,0,0,1,1,6,1,29,6,1753,2,13,-1,-1,-1
2016160131146,2,9,0,4,0,0,0,0,0,0,2,1,6,2,32,6,1596,1,10,4,1,4
2016160131163,1,9,0,17,0,0,1,10,1,9,4,1,6,1,35,6,2143,2,6,-1,-1,-1
2016160131174,1,9,0,5,0,1,0,0,0,0,1,1,6,1,-1,-1,1229,1,11,1,1,1
2016160131174,2,9,0,4,0,1,0,0,0,0,2,1,6,1,30,6,1461,2,7,6,1,6
2016160131185,1,19,0,3,0,1,0,0,0,0,2,1,6,1,73,10,1753,2,11,6,1,6
2016160131185,2,9,0,18,0,1,0,0,0,0,1,1,6,3,38,7,1998,1,11,-1,-1,-1
2016160131207,1,9,0,18,0,4,0,0,0,0,1,1,2,1,43,7,1360,1,9,5,1,5
2016160131207,2,9,0,18,0,4,0,0,0,0,2,1,2,1,31,6,2993,2,10,2,1,2
2016160131207,3,9,0,18,0,4,0,0,0,0,2,1,2,2,61,9,998,1,7,8,2,8
2016160131207,4,9,0,11,0,4,0,0,0,0,0,1,2,2,29,6,1984,2,4,2,1,2
2016160131211,1,9,0,5,0,6,0,0,0,0,1,1,6,1,23,5,1248,2,8,1,1,1
2016160131211,2,1,0,17,0,8,0,0,0,0,4,1,2,1,39,7,-1,-1,-1,6,1,6
2016160131233,1,9,0,18,0,0,1,0,1,4,2,1,6,1,22,5,1587,1,15,1,1,1
2016160131238,1,9,0,9,0,6,0,0,0,0,3,1,1,1,36,7,2993,2,10,7,1,7
2016160131238,2,9,0,18,0,1,0,0,0,0,1,1,1,1,23,5,1199,1,16,3,1,3
2016160131287,1,9,0,18,0,0,0,0,0,0,1,1,6,3,-1,-1,-1,-1,-1,-1,-1,-1
2016160131312,1,1,0,18,0,0,0,0,1,10,2,1,6,1,55,8,-1,-1,-1,10,1,10
2016160131312,2,20,0,18,0,0,0,0,0,0,1,1,1,1,29,6,4485,2,2,7,1,7
2016160131473,1,98,0,4,0,0,0,0,0,0,3,1,1,3,-1,-1,-1,-1,-1,-1,-1,-1
2016160131473,2,9,0,13,0,0,0,0,0,0,1,1,6,2,73,10,1124,1,19,7,2,7
2016160131500,1,9,0,18,0,0,0,4,0,0,1,1,6,3,17,4,1781,1,15,-1,-1,-1
2016160131500,2,9,0,18,0,0,0,0,0,0,1,1,1,1,34,6,2993,2,1,2,1,2
2016160131500,3,9,0,2,0,0,0,0,0,0,2,1,6,3,35,6,1368,1,10,-1,-1,-1
2016160131551,1,9,0,18,0,0,0,0,0,0,3,1,6,1,21,5,995,1,6,5,1,5
2016160131551,2,1,0,18,0,0,0,0,0,0,3,1,6,2,19,4,-1,-1,-1,5,1,5
2016160131642,1,9,0,2,0,0,0,0,0,0,3,1,6,1,53,8,-1,-1,-1,7,3,7
2016160131642,2,1,0,14,0,0,0,8,0,0,4,1,6,1,47,8,-1,-1,-1,8,1,8
2016160131679,1,3,0,18,0,0,0,0,0,0,3,1,6,1,17,4,124,1,6,10,1,10
2016160131679,2,9,0,18,0,0,0,0,0,0,4,1,6,1,48,8,1896,2,14,5,3,5
2016160131696,1,9,0,18,0,0,0,0,0,0,1,1,6,2,19,4,1242,1,2,3,1,3
2016160131729,1,9,0,18,0,0,0,4,0,0,1,1,6,2,45,7,1598,1,10,2,2,2
2016160131729,2,9,0,2,0,0,0,0,0,0,2,1,6,1,45,7,1998,2,13,-1,-1,-1
2016160131830,1,9,0,16,0,2,5,10,3,9,1,1,6,1,27,6,1364,1,6,2,1,2
2016160131846,1,3,0,11,0,0,0,0,0,0,1,1,6,1,25,5,-1,-1,-1,4,1,4
2016160131846,2,9,0,18,0,0,0,0,0,0,2,1,6,2,50,8,-1,-1,-1,1,1,1
2016160131862,1,9,0,3,0,1,0,0,0,0,4,1,6,2,34,6,1398,1,1,4,1,4
2016160131862,2,9,0,3,0,1,0,0,0,0,4,1,6,1,23,5,1364,1,6,2,1,2
2016160131862,3,9,0,18,0,1,0,0,0,0,1,1,6,1,25,5,2979,1,7,1,1,1
2016160131862,4,9,0,3,0,1,0,0,0,0,4,1,6,2,26,6,1229,1,4,7,1,7
2016160131862,5,9,0,3,0,1,0,0,0,0,4,1,6,1,37,7,1986,2,10,1,1,1
2016160131862,6,9,0,3,0,1,0,0,0,0,4,1,6,2,27,6,1200,1,1,5,1,5
2016160131862,7,9,0,9,0,1,0,0,0,0,2,1,6,1,27,6,1994,1,13,9,3,9
2016160131902,1,1,0,11,0,2,0,10,0,0,1,1,6,2,25,5,-1,-1,-1,1,1,1
2016160131902,2,9,0,18,0,2,0,0,0,0,0,1,6,2,44,7,1995,2,3,5,3,5
2016160131933,1,9,0,18,0,0,0,0,0,0,1,1,6,2,32,6,1598,1,14,1,1,1
2016160131933,2,9,0,1,0,0,0,0,0,0,2,1,6,2,75,10,1197,1,3,7,1,7
2016160132461,1,21,1,2,0,2,0,0,0,0,3,1,1,1,55,8,6728,2,-1,10,1,10
2016160132461,2,1,0,14,0,2,0,8,0,0,1,1,6,1,28,6,-1,-1,-1,1,1,1
2016160132495,1,5,0,18,0,0,1,10,1,11,3,1,6,2,24,5,750,1,-1,2,1,2
2016160132495,2,9,0,4,0,0,0,0,0,0,4,1,6,1,42,7,1582,2,7,6,1,6
2016160132606,1,9,0,18,0,1,0,0,0,0,1,1,6,3,30,6,1679,1,15,-1,-1,-1
2016160132658,1,1,0,18,0,2,0,0,0,0,3,1,5,1,21,5,-1,-1,-1,5,1,5
2016160132658,2,9,0,7,0,6,0,0,0,0,1,1,6,3,55,8,-1,-1,-1,-1,-1,-1
2016160132751,1,9,0,18,0,2,0,0,0,0,4,1,6,2,61,9,1968,2,1,1,1,1
2016160132819,1,9,0,18,0,0,0,0,0,0,1,1,5,1,50,8,1598,1,3,1,1,1
2016160132819,2,8,0,3,0,0,0,0,0,0,2,1,1,1,64,9,1753,2,6,-1,-1,-1
2016160132917,1,17,5,9,0,6,0,0,0,0,3,1,1,1,52,8,-1,2,22,7,3,7
2016160132917,2,9,0,18,0,1,0,0,0,0,1,1,1,2,55,8,1461,2,-1,7,3,7
2016160133014,1,9,0,18,0,1,2,10,7,0,1,1,6,1,23,5,995,1,13,4,2,4
2016160133080,1,1,0,5,4,0,0,0,0,0,3,1,6,1,23,5,-1,-1,-1,1,1,1
2016160133080,2,9,0,18,0,0,0,0,0,0,1,1,6,2,28,6,1364,1,8,3,1,3
2016160133144,1,9,0,18,0,8,0,0,0,0,1,1,5,1,37,7,1969,1,-1,4,1,4
2016160133144,2,9,0,9,0,8,0,0,0,0,1,1,5,2,23,5,1598,1,14,1,1,1
2016160133155,1,9,0,18,0,0,0,4,0,0,1,1,6,1,27,6,898,1,2,4,1,4
2016160133155,2,9,0,2,0,0,0,0,0,0,2,1,6,2,53,8,1910,2,8,-1,-1,-1
2016160133479,1,9,0,5,0,8,0,0,0,0,1,1,5,2,25,5,1299,1,13,1,1,1
2016160133479,2,1,0,12,0,8,0,0,0,0,4,1,5,1,18,4,-1,-1,-1,1,1,1
2016160133556,1,9,0,9,0,5,0,0,0,0,0,1,6,1,52,8,1560,2,5,-1,-1,-1
2016160133620,1,9,0,18,0,2,0,0,0,0,4,1,2,2,48,8,1461,2,-1,4,1,4
2016160133620,2,3,0,14,4,1,0,0,0,0,1,1,2,1,23,5,124,1,4,1,1,1
2016160133695,1,9,0,18,0,0,1,0,0,0,4,1,1,2,37,7,1242,1,7,6,3,6
2016160133738,1,2,0,9,0,0,0,0,0,0,3,1,6,1,16,4,49,1,3,6,1,6
2016160133738,2,9,0,18,0,0,0,0,0,0,1,1,6,2,31,6,1364,1,6,5,1,5
2016160133790,1,19,0,18,0,1,0,0,0,0,1,1,1,1,26,6,2298,2,1,7,1,7
2016160133790,2,98,0,9,0,6,0,0,0,0,3,1,5,2,50,8,-1,-1,-1,7,2,7
2016160133839,1,9,0,4,0,1,0,0,0,0,1,1,2,1,62,9,1598,2,2,9,2,9
2016160133839,2,2,0,3,0,1,0,0,0,0,2,1,2,1,54,8,1170,1,1,7,2,7
2016160133839,3,9,0,3,0,1,0,0,0,0,2,1,2,1,44,7,1995,2,-1,-1,-1,-1
2016160133984,1,9,0,18,0,1,0,0,0,0,1,1,5,1,25,5,1229,1,9,3,1,3
2016160133984,2,9,0,7,0,8,0,0,0,0,1,1,5,1,51,8,4398,1,20,3,1,3
2016160134095,1,9,0,18,0,8,0,0,0,0,4,1,5,1,20,4,1242,1,13,2,1,2
2016160134095,2,9,0,18,0,8,0,0,0,0,1,1,5,1,38,7,1994,1,13,7,1,7
2016160134095,3,9,0,7,0,1,0,0,0,0,3,1,5,1,55,8,1560,2,3,7,1,7
2016160134115,1,9,0,18,0,0,0,0,0,0,1,1,5,1,37,7,1560,2,5,7,1,7
2016160134115,2,1,0,18,0,0,0,0,0,0,2,1,6,1,23,5,-1,-1,-1,7,1,7
2016160134161,1,98,0,5,0,1,0,0,0,0,1,1,6,1,45,7,-1,-1,-1,5,1,5
2016160134191,1,9,0,18,0,4,0,0,0,0,1,1,6,3,-1,-1,-1,-1,-1,-1,-1,-1
2016160134191,2,1,0,9,0,8,0,0,0,0,4,1,6,1,21,5,-1,-1,-1,5,1,5
2016160134194,1,9,0,9,0,1,0,0,0,0,1,1,2,1,30,6,1360,1,11,9,2,9
2016160134194,2,1,0,18,0,8,0,0,0,0,4,1,2,1,44,7,-1,-1,-1,2,1,2
2016160134301,1,9,0,18,0,0,1,11,1,0,1,1,6,2,47,8,-1,-1,-1,7,3,7
2016160134325,1,9,0,1,0,0,0,0,0,0,2,1,6,2,-1,-1,1995,2,10,-1,-1,-1
2016160134342,1,9,0,4,0,0,0,0,0,0,1,1,2,1,47,8,2231,2,9,7,1,7
2016160134342,2,9,0,4,0,0,0,0,0,0,1,1,2,2,22,5,1242,1,14,1,1,1
2016160134342,3,9,0,4,0,0,0,0,0,0,1,1,2,1,19,4,1499,2,-1,3,1,3
2016160134342,4,9,0,4,0,0,0,0,0,0,2,1,2,1,38,7,1596,1,13,1,1,1
2016160134383,1,9,0,18,0,1,0,0,0,0,1,1,6,3,-1,-1,-1,-1,-1,-1,-1,-1
2016160134383,2,9,0,4,0,1,0,0,0,0,2,1,6,1,59,9,1396,2,1,1,1,1
2016160134474,1,9,0,5,0,8,0,0,0,0,3,1,5,2,45,7,1364,1,-1,-1,-1,-1
2016160134474,2,19,0,9,0,3,0,0,0,0,1,1,1,1,39,7,2298,2,5,-1,-1,-1
2016160134561,1,11,0,5,0,0,0,0,0,0,0,1,1,3,-1,-1,-1,-1,-1,-1,-1,-1
2016160134580,1,98,0,14,0,0,0,0,0,0,1,1,1,3,-1,-1,-1,-1,-1,-1,-1,-1
2016160134607,1,11,0,4,0,0,0,0,0,0,0,1,1,3,41,7,-1,-1,-1,-1,-1,-1
2016160134632,1,9,0,9,0,6,0,0,0,0,1,1,6,2,47,8,1242,1,13,9,2,9
2016160134632,2,9,0,18,0,8,0,0,7,0,1,1,6,1,37,7,1242,1,1,10,1,10
2016160134664,1,9,0,5,0,8,0,0,0,0,4,1,5,1,62,9,1242,1,6,7,1,7
2016160134664,2,9,0,5,0,8,0,0,0,0,1,1,5,2,30,6,2199,2,-1,1,1,1
2016160134673,1,9,0,9,0,4,0,0,0,0,1,1,2,1,23,5,1242,1,15,4,1,4
2016160134673,2,9,0,18,0,8,0,0,1,0,1,1,6,2,38,7,1364,1,10,8,3,8
2016160134677,1,9,0,4,0,0,0,0,0,0,2,1,6,2,29,6,1686,2,5,5,1,5
2016160134677,2,9,0,4,0,0,0,0,0,0,2,1,6,1,42,7,2179,2,2,8,1,8
2016160134677,3,19,0,18,0,0,1,0,0,0,1,1,1,1,39,7,2198,2,4,9,1,9
2016160134711,1,9,0,2,0,2,0,0,0,0,3,1,6,3,-1,-1,-1,-1,-1,-1,-1,-1
2016160134711,2,9,0,14,0,1,0,0,0,0,1,1,6,2,35,6,1240,1,11,6,1,6
2016160134713,1,9,0,18,0,0,1,10,1,0,1,1,6,2,50,8,1461,2,4,8,2,8
2016160134725,1,20,0,18,0,0,0,10,1,0,1,1,1,1,46,8,2998,2,1,-1,-1,-1
2016160134732,1,9,0,9,0,0,0,0,0,0,1,1,5,1,74,10,1149,1,7,10,1,10
2016160134732,2,9,0,18,0,0,0,0,0,0,1,1,5,1,20,4,1390,1,1,4,1,4
2016160134757,1,9,0,15,0,0,0,0,0,0,3,1,6,3,-1,-1,1796,1,10,-1,-1,-1
2016160134757,2,19,0,18,0,0,0,0,0,0,4,1,6,1,49,8,1870,2,12,9,1,9
2016160134799,1,9,0,18,0,0,0,0,0,0,2,1,5,1,69,10,3950,1,16,1,2,1
2016160134799,2,9,0,18,0,0,0,0,0,0,1,1,5,2,50,8,1910,2,7,6,1,6
2016160134828,1,9,0,5,0,0,0,0,0,0,1,1,6,3,-1,-1,-1,-1,-1,-1,-1,-1
2016160134828,2,9,0,3,0,0,0,0,0,0,2,1,6,2,38,7,1497,1,12,1,1,1
2016160134871,1,9,0,9,0,5,0,0,0,0,3,1,6,2,23,5,1242,1,3,6,1,6
2016160134871,2,1,0,18,0,6,0,0,0,0,1,1,6,2,24,5,-1,-1,-1,-1,-1,-1
2016160134955,1,9,0,18,0,0,0,10,7,0,1,1,2,1,27,6,1598,1,13,3,1,3
2016160135004,1,4,0,18,0,0,0,0,0,0,4,1,5,1,49,8,174,1,57,5,2,5
2016160135035,1,9,0,18,0,1,0,0,0,0,1,1,6,2,45,7,1968,2,7,7,1,7
2016160135035,2,9,0,4,0,1,0,0,0,0,2,1,6,2,48,8,1997,1,12,8,1,8
2016160135169,1,9,0,18,0,0,0,0,0,0,4,1,6,3,-1,-1,-1,-1,-1,-1,-1,-1
2016160135178,1,9,0,18,0,0,2,10,2,0,4,1,6,1,19,4,1956,2,4,9,2,9
2016160135185,1,9,0,9,0,8,0,10,3,0,3,1,6,1,76,11,2987,2,9,-1,-1,-1
2016160135185,2,9,0,18,0,8,0,0,0,0,1,1,6,2,34,6,1896,2,10,-1,-1,-1
2016160135204,1,9,0,18,0,1,1,0,1,10,1,1,6,1,53,8,-1,-1,-1,9,2,9
2016160135216,1,9,0,18,0,0,5,10,1,0,2,1,2,2,29,6,1560,2,8,1,1,1
2016160135223,1,9,0,18,0,0,0,0,0,0,4,1,6,1,31,6,2149,2,9,1,1,1
2016160135252,1,9,0,4,0,0,0,0,0,0,2,1,6,3,-1,-1,998,1,9,-1,-1,-1
2016160135252,2,1,0,18,0,0,0,0,0,0,1,1,6,1,45,7,-1,-1,-1,2,1,2
2016160135289,1,2,0,18,0,8,0,0,0,0,3,1,6,1,17,4,49,1,1,5,1,5
2016160135289,2,9,0,9,0,5,0,0,0,0,1,1,6,2,-1,-1,1598,1,3,1,1,1
2016160135369,1,9,0,9,0,5,0,0,0,0,4,1,6,2,35,6,1956,2,7,5,1,5
2016160135369,2,9,0,18,0,8,0,0,0,0,1,1,6,1,78,11,1596,1,11,1,1,1
2016160135382,1,9,0,18,0,4,0,0,0,0,1,1,6,1,46,8,1910,2,8,1,1,1
2016160135382,2,1,0,18,0,8,0,0,0,0,4,1,6,1,22,5,-1,-1,-1,4,1,4
2016160135384,1,19,0,17,0,0,1,0,1,1,4,1,5,1,27,6,1870,2,12,6,3,6
2016160135390,1,2,0,18,0,0,1,10,1,10,3,1,5,1,16,4,49,1,-1,5,3,5
2016160135397,1,9,0,9,0,6,0,0,0,0,3,1,6,1,68,10,1984,1,8,10,2,10
2016160135397,2,9,0,18,0,1,0,0,0,0,1,1,6,1,23,5,2979,1,11,8,2,8
2016160135488,1,19,0,18,0,8,0,0,0,0,3,1,2,1,41,7,1248,2,1,7,1,7
2016160135488,2,3,0,18,0,8,0,0,0,0,1,1,2,1,23,5,124,1,12,2,1,2
2016160135585,1,9,0,16,0,0,0,0,0,0,1,1,6,2,36,7,998,1,3,-1,-1,-1
2016160135585,2,9,0,17,0,0,0,0,0,0,1,1,6,1,41,7,-1,-1,-1,5,3,5
2016160135600,1,9,0,7,0,6,1,10,3,4,1,1,2,1,47,8,1560,2,6,4,3,4
2016160135607,1,9,0,18,0,2,0,0,0,0,1,1,6,1,54,8,-1,-1,-1,9,1,9
2016160135607,2,22,0,18,0,2,0,0,0,0,3,1,6,2,52,8,-1,-1,-1,4,1,4
2016160135625,1,9,0,16,0,0,0,0,0,0,1,1,6,2,50,8,-1,-1,-1,10,2,10
2016160135625,2,9,0,17,0,0,0,0,0,0,1,1,6,2,19,4,-1,-1,-1,6,3,6
2016160135628,1,9,0,5,0,6,0,0,0,0,3,1,6,2,54,8,1783,1,13,1,1,1
2016160135628,2,1,0,18,4,8,0,0,0,0,1,1,6,1,45,7,-1,-1,-1,2,1,2
2016160135637,1,90,0,18,0,2,0,0,7,11,1,1,5,1,12,3,-1,-1,-1,1,1,1
2016160135690,1,9,0,18,0,1,0,0,1,0,1,1,1,1,45,7,1396,2,-1,1,1,1
2016160135690,2,9,0,18,0,1,0,0,0,0,2,1,5,1,57,9,1997,2,10,1,1,1
2016160135705,1,9,0,1,0,0,0,0,0,0,3,1,5,1,-1,-1,1968,2,2,8,1,8
2016160135705,2,9,0,18,0,0,5,0,0,0,1,1,5,2,19,4,1397,1,12,7,1,7
2016160135713,1,9,0,18,0,1,5,10,0,0,1,1,6,1,51,8,-1,-1,-1,1,1,1
2016160135713,2,9,0,9,0,1,0,0,0,0,4,1,6,2,35,6,998,1,14,1,1,1
2016160135742,1,9,0,18,0,6,0,0,0,0,3,1,5,1,17,4,1328,1,8,6,2,6
2016160135742,2,9,0,18,0,8,0,0,7,4,1,1,5,1,53,8,2179,2,1,5,3,5
2016160135765,1,9,0,18,0,0,0,0,0,0,4,1,6,1,42,7,1242,1,14,1,1,1
2016160135765,2,9,0,18,0,0,0,0,0,0,3,1,6,1,39,7,998,1,17,9,2,9