Accident_Index,Vehicle_Reference,Vehicle_Type,Towing_and_Articulation,Vehicle_Manoeuvre,Vehicle_Location-Restricted_Lane,Junction_Location,Skidding_and_Overturning,Hit_Object_in_Carriageway,Vehicle_Leaving_Carriageway,Hit_Object_off_Carriageway,1st_Point_of_Impact,Was_Vehicle_Left_Hand_Drive?,Journey_Purpose_of_Driver,Sex_of_Driver,Age_of_Driver,Age_Band_of_Driver,Engine_Capacity_(CC),Propulsion_Code,Age_of_Vehicle,Driver_IMD_Decile,Driver_Home_Area_Type,Vehicle_IMD_Decile
2016160135771,1,9,0,7,0,6,0,0,0,0,3,1,6,2,33,6,-1,-1,-1,3,1,3
2016160135771,2,1,0,18,0,1,0,0,0,0,1,1,6,1,44,7,-1,-1,-1,3,1,3
2016160135805,1,9,0,3,0,2,0,0,0,0,3,1,5,1,36,7,1984,2,7,1,1,1
2016160135805,2,9,0,5,0,1,0,0,0,0,3,1,5,1,30,6,1560,2,2,1,1,1
2016160135805,3,9,0,18,0,1,0,0,0,0,4,1,2,1,42,7,1149,1,4,1,1,1
2016160135817,1,9,0,7,0,1,0,0,0,0,4,1,6,1,31,6,1968,2,3,7,1,7
2016160135817,2,5,0,18,2,1,0,0,0,0,3,1,6,1,39,7,553,1,24,1,1,1
2016160135820,1,97,0,18,0,1,0,0,0,0,1,1,6,1,24,5,49,1,16,1,1,1
2016160135820,2,9,0,6,0,1,0,0,0,0,1,1,6,3,-1,-1,2993,2,12,-1,-1,-1
2016160135823,1,9,0,13,0,0,0,0,0,0,2,1,6,1,28,6,-1,-1,-1,1,1,1
2016160135823,2,1,0,18,0,0,0,0,0,0,1,1,6,1,17,4,-1,-1,-1,7,2,7
2016160135824,1,19,0,9,0,5,0,0,0,0,2,1,2,1,49,8,1870,2,12,9,1,9
2016160135824,2,9,0,13,0,8,0,0,0,0,4,1,6,3,-1,-1,1796,1,10,-1,-1,-1
2016160135825,1,2,0,18,0,1,1,0,0,0,4,1,6,1,16,4,49,1,-1,5,1,5
2016160135828,1,1,0,12,0,1,0,0,0,0,3,1,5,1,20,4,-1,-1,-1,2,1,2
2016160135828,2,9,0,18,0,1,0,0,0,0,4,1,5,1,25,5,1968,2,8,6,1,6
2016160135829,1,11,0,18,0,0,0,0,0,0,3,1,1,1,42,7,9360,2,7,6,1,6
2016160135829,2,5,0,13,0,0,0,0,0,0,4,1,5,1,54,8,1170,1,10,8,3,8
2016160135829,3,21,0,18,0,0,0,0,0,0,0,1,1,1,57,9,12902,2,1,8,1,8
2016160135832,1,9,0,18,0,0,0,0,0,0,1,1,6,1,53,8,1598,1,9,1,1,1
2016160135832,2,9,0,2,0,0,0,0,0,0,2,1,6,1,26,6,1199,1,13,1,1,1
2016160135997,1,9,0,9,0,5,0,0,0,0,3,1,6,2,61,9,998,1,9,8,2,8
2016160135997,2,9,0,4,0,1,0,0,0,0,3,1,6,2,17,4,1248,2,2,8,2,8
2016160136004,1,9,0,9,0,6,0,0,0,0,3,1,6,1,89,11,1390,1,6,10,1,10
2016160136004,2,9,0,18,0,8,0,0,0,0,1,1,6,1,65,9,1989,1,16,10,2,10
2016160136031,1,9,0,18,0,1,0,0,0,0,1,1,6,2,27,6,1956,2,1,2,1,2
2016160136031,2,9,0,18,0,1,0,0,0,0,2,1,6,1,31,6,1598,1,5,3,1,3
2016160136031,3,9,0,4,0,1,0,0,0,0,2,1,6,1,60,9,1796,1,8,2,1,2
2016160136046,1,9,0,3,0,0,0,0,0,0,1,1,6,2,20,4,1242,1,12,1,1,1
2016160136046,2,9,0,1,0,0,0,0,0,0,2,1,6,1,53,8,1598,1,9,1,1,1
2016160136079,1,9,0,9,0,5,0,0,0,0,2,1,6,2,47,8,2979,1,13,6,3,6
2016160136079,2,9,0,9,0,5,0,0,0,0,1,1,6,1,51,8,2143,2,7,10,1,10
2016160136079,3,9,0,9,0,5,0,0,0,0,1,1,6,1,23,5,1199,1,14,1,1,1
2016160136095,1,9,0,5,0,4,0,0,0,0,1,1,6,1,43,7,1956,2,5,-1,-1,-1
2016160136095,2,9,0,3,0,4,0,0,0,0,2,1,6,1,53,8,1398,1,12,2,1,2
2016160136101,1,9,0,5,0,6,0,0,0,0,1,1,6,1,23,5,2521,1,9,7,3,7
2016160136101,2,1,0,18,0,8,0,0,0,0,4,1,6,1,45,7,-1,-1,-1,6,1,6
2016160136106,1,9,0,18,0,0,0,0,0,0,1,1,6,1,53,8,1595,1,4,6,1,6
2016160136139,1,9,0,5,0,6,0,0,0,0,1,1,6,2,-1,-1,1598,1,7,-1,-1,-1
2016160136139,2,1,0,18,0,8,0,0,0,0,4,1,6,2,17,4,-1,-1,-1,9,1,9
2016160136146,1,9,0,18,0,0,0,0,0,0,1,1,6,2,41,7,1598,1,6,7,3,7
2016160136146,2,9,0,4,0,0,0,0,0,0,2,1,6,2,30,6,1299,1,12,10,2,10
2016160136146,3,9,0,4,0,0,0,0,0,0,2,1,6,2,26,6,1499,2,-1,7,1,7
2016160136151,1,9,0,18,0,0,0,0,0,0,4,1,6,3,35,6,-1,-1,-1,-1,-1,-1
2016160136151,2,9,0,18,0,0,0,0,0,0,3,1,6,2,53,8,1198,1,7,6,1,6
2016160136172,1,9,0,18,0,0,0,0,0,0,1,1,6,1,68,10,-1,-1,-1,6,1,6
2016160136172,2,22,0,18,0,0,0,0,0,0,1,1,6,1,96,11,-1,-1,-1,6,1,6
2016160136181,1,9,0,18,0,4,0,0,0,0,1,1,1,2,54,8,1995,2,-1,9,1,9
2016160136181,2,1,0,9,0,3,0,0,0,0,1,1,6,1,18,4,-1,-1,-1,3,1,3
2016160136217,1,9,0,18,0,1,5,4,0,0,1,1,5,2,31,6,1200,1,-1,3,1,3
2016160136217,2,9,0,2,0,1,0,4,0,0,1,1,6,2,55,8,1242,1,-1,10,1,10
2016160136217,3,9,0,2,0,2,0,0,0,0,4,1,5,2,52,8,1999,1,9,4,1,4
2016160136218,1,11,0,10,0,1,0,0,0,0,1,1,1,1,57,9,8268,2,14,1,1,1
2016160136218,2,9,0,16,0,1,1,0,0,0,1,1,6,1,23,5,1399,2,14,1,1,1
2016160136240,1,9,0,9,0,5,0,10,1,4,1,1,6,2,17,4,1197,1,2,6,3,6
2016160136247,1,9,0,3,0,0,0,0,0,0,2,1,6,1,73,10,1598,1,6,10,1,10
2016160136247,2,1,0,18,0,0,0,0,0,0,1,1,6,1,12,3,-1,-1,-1,-1,-1,-1
2016160136253,1,9,0,17,0,0,1,0,0,0,0,1,4,2,17,4,-1,-1,-1,10,2,10
2016160136295,1,9,0,18,0,0,0,0,0,0,1,1,6,1,34,6,1390,1,12,8,1,8
2016160136295,2,9,0,4,0,0,0,0,0,0,2,1,6,1,63,9,1598,2,1,3,1,3
2016160136295,3,9,0,4,0,0,0,0,0,0,2,1,6,2,70,10,2231,2,3,10,3,10
2016160136326,1,22,0,18,0,6,0,0,0,0,1,1,5,2,37,7,-1,-1,-1,2,1,2
2016160136326,2,9,0,18,0,3,0,0,0,0,1,1,5,1,46,8,1229,1,8,4,1,4
2016160136353,1,2,0,13,0,0,0,0,0,0,1,1,6,2,22,5,-1,-1,-1,3,1,3
2016160136353,2,9,0,18,0,0,0,0,0,0,1,1,6,2,54,8,1149,1,8,8,1,8
2016160136353,3,9,0,18,0,0,0,0,0,0,2,1,6,3,-1,-1,-1,-1,-1,-1,-1,-1
2016160136382,1,9,0,9,0,8,0,0,0,0,4,1,5,2,63,9,998,1,5,3,1,3
2016160136382,2,9,0,18,0,8,0,0,0,0,1,1,5,1,21,5,1905,2,19,3,3,3
2016160136396,1,9,0,18,0,0,0,0,0,0,4,1,6,3,-1,-1,1956,2,2,-1,-1,-1
2016160136396,2,9,0,18,0,0,0,0,0,0,3,1,6,1,31,6,1798,1,9,1,1,1
2016160136404,1,9,0,17,0,8,0,0,0,0,1,1,6,1,-1,-1,1896,2,15,-1,-1,-1
2016160136404,2,9,0,16,0,8,0,0,0,0,1,1,6,1,59,9,998,1,7,9,2,9
2016160136408,1,9,0,18,0,0,0,0,0,0,1,1,6,1,-1,-1,1590,1,12,5,1,5
2016160136408,2,9,0,18,0,0,0,0,0,0,2,1,6,2,52,8,1242,1,7,2,1,2
2016160136409,1,98,0,13,0,0,0,0,0,0,0,1,6,3,-1,-1,-1,-1,-1,-1,-1,-1
2016160136409,2,11,0,18,0,0,0,0,0,0,0,1,1,1,57,9,4461,2,2,1,1,1
2016160136529,1,9,0,18,0,8,0,4,0,0,1,1,6,1,42,7,1598,1,8,8,2,8
2016160136529,2,9,0,2,0,8,0,0,0,0,2,1,6,3,-1,-1,1968,2,-1,-1,-1,-1
2016160136625,1,19,0,18,0,4,0,0,0,0,2,1,1,1,46,8,1248,2,10,3,1,3
2016160136625,2,19,0,18,0,4,0,0,0,0,1,1,1,2,35,6,1868,2,11,-1,-1,-1
2016160136638,1,9,0,18,0,0,0,0,0,0,1,1,5,1,19,4,1198,1,13,1,1,1
2016160136638,2,9,0,4,0,0,0,0,0,0,2,1,5,1,55,8,1560,2,12,3,1,3
2016160136638,3,19,0,4,0,0,0,0,0,0,2,1,5,1,27,6,1995,2,3,4,1,4
2016160136638,4,9,0,4,0,0,0,0,0,0,2,1,5,2,36,7,1997,2,11,9,2,9
2016160136638,5,19,0,4,0,0,0,0,0,0,2,1,5,1,44,7,2198,2,1,4,1,4
2016160136638,6,9,0,4,0,0,0,0,0,0,2,1,5,2,40,7,1582,2,7,6,2,6
2016160136760,1,9,0,18,0,6,0,0,0,0,1,1,6,2,69,10,1596,1,7,-1,-1,-1
2016160136760,2,9,0,18,0,8,5,0,1,10,3,1,6,1,60,9,1995,2,3,5,2,5
2016160136969,1,9,0,4,0,0,0,0,0,0,2,1,2,1,23,5,998,1,12,1,1,1
2016160136969,2,3,0,4,0,0,0,0,0,0,1,1,1,1,27,6,125,1,-1,1,1,1
2016160137059,1,90,0,1,0,0,0,0,0,0,3,1,1,1,43,7,6370,2,8,5,1,5
2016160137059,2,19,0,2,0,0,0,0,0,0,4,1,1,1,42,7,2148,2,7,7,3,7
2016160137207,1,9,0,18,0,3,1,0,0,0,1,1,2,1,18,4,1845,1,20,4,3,4
2016160137207,2,9,0,3,0,4,0,0,0,0,1,1,6,2,38,7,1868,2,14,4,2,4
2016160137291,1,9,0,9,0,6,0,0,0,0,1,1,5,2,27,6,1995,2,9,2,1,2
2016160137291,2,3,0,18,0,8,0,0,0,0,1,1,5,1,19,4,124,1,14,4,1,4
2016160137545,1,9,0,3,0,1,0,0,0,0,2,1,5,1,37,7,898,1,3,-1,-1,-1
2016160137545,2,9,0,18,0,1,0,0,0,0,1,1,6,3,25,5,1781,1,15,-1,-1,-1
2016160137641,1,9,0,18,0,1,0,0,0,0,4,1,5,1,77,11,2157,2,-1,1,2,1
2016160137803,1,9,0,4,0,0,0,0,0,0,1,1,3,2,36,7,1360,1,8,7,1,7
2016160137806,1,1,0,18,0,4,0,0,0,0,2,1,2,1,31,6,-1,-1,-1,1,1,1
2016160137806,2,9,0,18,0,4,0,0,0,0,1,1,6,3,47,8,-1,-1,-1,-1,-1,-1
2016160137829,1,9,0,9,0,4,0,0,0,0,3,1,6,1,32,6,1968,2,8,10,1,10
2016160137829,2,1,0,18,0,1,0,0,0,0,1,1,6,1,39,7,-1,-1,-1,-1,-1,-1
2016160137847,1,9,0,9,0,5,1,10,1,1,1,1,5,1,19,4,1598,1,12,1,1,1
2016160137865,1,1,0,14,0,0,0,0,0,0,1,1,6,1,41,7,-1,-1,-1,-1,-1,-1
2016160137865,2,19,0,2,0,0,0,0,0,0,3,1,6,1,38,7,1910,2,9,10,1,10
2016160138322,1,9,0,17,0,0,0,0,0,0,1,1,5,1,27,6,2401,2,10,9,2,9
2016160138322,2,9,0,16,0,0,0,0,0,0,1,1,5,1,17,4,1598,1,14,6,3,6
2016160138328,1,9,0,7,0,5,0,0,0,0,4,1,6,3,-1,-1,-1,-1,-1,-1,-1,-1
2016160138328,2,1,0,18,0,1,0,0,0,0,3,1,6,1,20,4,-1,-1,-1,1,1,1
2016160138381,1,9,0,18,0,0,0,0,0,0,1,1,6,1,30,6,1896,2,11,7,1,7
2016160138381,2,9,0,4,0,0,0,0,0,0,2,1,2,2,22,5,1398,1,1,7,1,7
2016160138396,1,1,0,18,0,2,0,0,0,0,1,1,6,1,45,7,-1,-1,-1,8,2,8
2016160138443,1,98,0,1,0,0,0,0,0,0,4,1,6,3,-1,-1,-1,-1,-1,-1,-1,-1
2016160138467,1,9,0,10,0,1,0,0,0,0,2,1,5,1,71,10,1995,2,5,9,2,9
2016160138467,2,9,0,18,0,1,0,0,0,0,1,1,5,2,78,11,998,1,4,9,2,9
2016160138492,1,9,0,17,0,0,0,0,1,4,1,1,6,2,24,5,1360,1,16,5,3,5
2016160138519,1,19,0,18,0,0,0,0,0,0,0,1,1,1,40,7,1868,2,10,6,1,6
2016160138534,1,8,0,18,0,0,0,0,0,0,1,1,6,3,-1,-1,-1,-1,-1,-1,-1,-1
2016160138554,1,9,0,7,0,6,0,10,1,11,3,1,3,1,72,10,1686,2,3,5,1,5
2016160138554,2,9,0,18,0,8,5,10,7,9,4,1,2,1,39,7,2231,2,10,8,2,8
2016160138584,1,9,0,7,0,0,0,0,0,0,1,1,6,2,40,7,998,1,5,1,1,1
2016160138584,2,2,0,18,0,0,0,0,0,0,1,1,6,2,34,6,49,1,4,1,1,1
2016160138619,1,8,0,7,0,6,0,0,0,0,3,1,1,1,49,8,1686,2,5,8,1,8
2016160138619,2,1,0,18,0,1,0,0,0,0,0,1,6,2,45,7,-1,-1,-1,-1,-1,-1
2016160138698,1,9,0,18,0,1,0,0,0,0,1,1,5,2,19,4,1242,1,1,-1,-1,-1
2016160138698,2,9,0,9,0,5,0,0,0,0,2,1,1,1,38,7,1997,2,8,9,1,9
2016160138800,1,9,0,18,0,1,0,0,0,0,1,1,5,1,28,6,2962,2,13,6,3,6
2016160138800,2,9,0,3,0,1,0,0,0,0,2,1,2,1,23,5,1390,1,9,6,3,6
2016160138800,3,9,0,3,0,1,0,0,0,0,2,1,2,1,48,8,1956,2,3,8,2,8
2016160138876,1,9,0,18,0,0,0,10,1,4,1,1,6,2,18,4,1198,1,10,9,2,9
2016160138877,1,9,0,9,0,6,0,0,0,0,3,1,6,2,33,6,999,1,-1,7,3,7
2016160138877,2,9,0,18,0,1,1,0,0,0,1,1,6,1,40,7,1598,2,4,4,2,4
2016160138971,1,9,0,18,0,1,0,0,0,0,1,1,5,1,71,10,1896,2,8,10,1,10
2016160138971,2,9,0,9,0,8,0,0,0,0,1,1,1,1,42,7,1560,2,8,1,1,1
2016160139015,1,9,0,18,0,0,5,10,7,1,1,1,6,1,21,5,1149,1,15,-1,-1,-1
2016160139049,1,9,0,16,0,0,0,0,0,0,1,1,6,2,69,10,1339,1,4,5,3,5
2016160139049,2,9,0,17,0,0,0,0,0,0,1,1,6,1,20,4,998,1,12,5,2,5
2016160139085,1,2,0,18,2,0,0,0,0,0,0,1,5,1,16,4,49,1,1,1,1,1
2016160139125,1,9,0,18,0,1,0,0,0,0,1,1,6,3,25,5,-1,-1,-1,-1,-1,-1
2016160139174,1,9,0,10,0,1,0,0,0,0,2,1,6,2,33,6,1600,1,4,-1,-1,-1
2016160139174,2,9,0,18,0,1,0,0,0,0,1,1,6,2,21,5,1995,2,7,4,1,4
2016160139208,1,5,0,13,0,0,0,10,1,0,1,1,5,1,24,5,1299,1,9,7,1,7
2016160139208,2,9,0,13,0,0,0,0,0,0,3,1,5,1,34,6,1968,2,6,3,1,3
2016160139209,1,3,0,18,0,0,0,0,0,0,1,1,6,1,22,5,124,1,5,1,1,1
2016160139209,2,9,0,18,0,0,0,0,0,0,4,1,6,1,32,6,2148,2,8,1,1,1
2016160139265,1,9,0,9,0,6,0,0,0,0,3,1,6,2,46,8,1984,1,9,8,1,8
2016160139265,2,9,0,18,0,8,0,0,0,0,4,1,6,2,47,8,-1,-1,-1,2,1,2
2016160139294,1,17,0,10,0,0,0,0,0,0,1,1,1,1,28,6,-1,2,2,3,3,3
2016160139294,2,9,0,17,0,0,0,0,0,0,1,1,5,1,85,11,1422,2,8,5,3,5
2016160139307,1,8,0,18,0,0,1,10,1,0,4,1,1,1,41,7,-1,-1,-1,-1,-1,-1
2016160139321,1,9,0,18,0,0,0,4,0,0,1,1,5,2,40,7,1199,1,15,1,1,1
2016160139321,2,19,0,2,0,0,0,0,0,0,2,1,5,1,29,6,2198,2,-1,4,1,4
2016160139359,1,1,0,18,0,0,0,0,0,0,0,1,5,1,27,6,-1,-1,-1,5,1,5
2016160139511,1,9,0,16,0,0,0,0,7,1,1,1,5,1,87,11,1796,1,10,4,1,4
2016160139518,1,19,0,1,0,0,0,0,0,0,2,1,5,1,27,6,2402,2,13,2,1,2
2016160139578,1,9,0,9,0,6,0,0,0,0,1,1,2,1,32,6,-1,-1,-1,3,1,3
2016160139578,2,20,0,18,0,1,0,10,7,11,1,1,1,1,48,8,4500,2,-1,4,1,4
2016160139669,1,98,0,18,0,0,0,0,0,0,1,1,2,1,23,5,-1,-1,-1,1,1,1
2016160139669,2,9,0,18,0,0,0,0,0,0,2,1,2,2,38,7,1398,1,5,-1,-1,-1
2016160139783,1,9,0,18,0,0,0,0,0,0,1,1,4,1,17,4,2099,1,14,-1,-1,-1
2016160139788,1,9,0,7,0,0,0,0,0,0,4,1,1,1,49,8,1969,2,1,8,1,8
2016160139788,2,1,0,15,0,0,0,0,0,0,1,1,2,1,39,7,-1,-1,-1,9,1,9
2016160139852,1,9,0,4,0,1,0,0,0,0,2,1,6,1,30,6,1984,1,15,1,1,1
2016160139852,2,9,0,4,0,1,0,0,0,0,2,1,6,1,31,6,1598,1,14,1,1,1
2016160139852,3,9,0,18,0,1,0,0,0,0,1,1,6,1,27,6,1108,1,17,1,1,1
2016160139872,1,21,0,18,0,0,2,10,8,6,1,1,1,1,73,10,5480,2,24,8,2,8
2016160139872,2,9,0,3,0,0,0,0,0,0,2,1,6,1,50,8,1598,2,-1,7,3,7
2016160139914,1,9,0,9,0,0,0,0,0,0,3,1,5,1,41,7,1900,2,11,1,1,1
2016160139914,2,9,0,18,0,0,0,0,0,0,3,1,5,1,65,9,1299,1,10,5,3,5
2016160140050,1,9,0,18,0,2,0,0,0,0,1,1,2,1,45,7,1969,2,1,7,1,7
2016160140099,1,9,0,18,0,0,0,0,0,0,1,1,6,2,47,8,998,1,3,4,1,4
2016160140129,1,9,0,18,0,1,0,0,0,0,1,1,6,3,29,6,-1,-1,-1,-1,-1,-1
2016160140129,2,1,0,18,0,1,0,0,0,0,3,1,6,1,24,5,-1,-1,-1,-1,-1,-1
2016160140139,1,9,0,3,0,1,0,0,0,0,2,1,6,2,38,7,2000,1,11,1,1,1
2016160140139,2,9,0,18,0,1,0,0,0,0,1,1,6,1,18,4,-1,-1,-1,-1,-1,-1
2016160140144,1,9,0,18,0,0,0,0,0,0,1,1,6,2,20,4,1390,1,7,2,1,2
2016160140187,1,9,0,2,0,0,0,0,0,0,3,1,6,3,28,6,-1,-1,-1,-1,-1,-1
2016160140187,2,1,0,14,0,0,0,8,0,0,4,1,2,1,26,6,-1,-1,-1,1,1,1
2016160140195,1,9,0,18,0,1,0,0,0,0,4,1,6,1,32,6,1995,2,7,3,1,3
2016160140296,1,9,0,18,0,1,0,10,1,11,2,1,6,1,33,6,1995,2,9,1,1,1
2016160140296,2,9,0,18,0,1,0,0,0,0,1,1,6,3,28,6,-1,-1,-1,-1,-1,-1
2016160140299,1,9,0,16,0,0,0,10,1,9,4,1,6,1,26,6,1198,1,7,1,1,1
2016160140301,1,9,0,9,0,1,0,0,0,0,1,1,6,2,39,7,2967,2,-1,8,2,8
2016160140302,1,9,0,5,0,0,0,0,0,0,0,1,6,1,41,7,1598,1,9,4,1,4
2016160140302,2,98,0,2,0,0,0,0,0,0,0,1,1,1,31,6,-1,-1,-1,-1,-1,-1
2016160140324,1,9,0,18,0,0,0,0,0,0,1,1,1,2,53,8,1198,1,7,10,1,10
2016160140328,1,9,0,16,0,0,0,0,0,0,3,1,6,2,54,8,1242,1,11,1,1,1
2016160140328,2,9,0,17,0,0,0,0,0,0,3,1,6,1,37,7,1910,2,9,3,1,3
2016160140347,1,1,0,10,0,0,0,0,0,0,2,1,6,2,28,6,-1,-1,-1,-1,-1,-1
2016160140347,2,9,0,16,0,0,0,0,0,0,1,1,6,1,43,7,1598,1,15,8,2,8
2016160140393,1,9,0,4,0,4,0,0,0,0,1,1,2,2,38,7,1798,1,-1,6,1,6
2016160140393,2,9,0,3,0,4,0,0,0,0,2,1,5,2,44,7,1896,2,10,10,2,10
2016160140414,1,9,0,18,0,0,0,0,0,0,0,1,6,1,66,10,1598,1,8,-1,-1,-1
2016160140416,1,1,0,3,0,1,0,0,0,0,3,1,6,2,29,6,-1,-1,-1,1,1,1
2016160140416,2,9,0,7,0,5,0,0,0,0,3,1,6,3,27,6,-1,-1,-1,-1,-1,-1
2016160140431,1,9,0,18,0,1,0,0,0,0,1,1,6,1,58,9,1998,2,12,-1,-1,-1
2016160140431,2,1,0,18,0,1,0,0,0,0,2,1,6,2,56,9,-1,-1,-1,-1,-1,-1
2016160140456,1,9,0,6,0,0,0,0,0,0,3,1,1,2,59,9,998,1,8,4,2,4
2016160140456,2,9,0,18,0,0,1,0,0,0,1,1,1,1,34,6,1364,1,9,4,3,4
2016160140463,1,19,0,18,0,0,0,0,0,0,1,1,5,1,21,5,1499,2,-1,8,1,8
2016160140463,2,9,0,18,0,0,0,0,0,0,2,1,1,1,61,9,2495,2,14,5,3,5
2016160140504,1,9,0,18,0,0,0,0,0,0,1,1,2,2,35,6,1686,2,11,10,1,10
2016160140504,2,9,0,18,0,0,0,0,0,0,1,1,2,1,67,10,2400,2,5,10,1,10
2016160140510,1,9,0,17,0,0,1,10,7,10,1,1,6,1,52,8,2995,1,1,5,3,5
2016160140535,1,4,0,18,0,8,0,0,0,0,3,1,6,1,45,7,249,1,4,9,1,9
2016160140535,2,9,0,9,0,6,0,0,0,0,4,1,6,1,20,4,1248,2,6,7,3,7
2016160140559,1,9,0,9,0,2,0,0,0,0,1,1,2,1,44,7,1560,2,8,6,1,6
2016160140561,1,19,0,9,0,5,0,0,0,0,4,1,6,1,58,9,2198,2,5,2,1,2
2016160140561,2,1,0,18,0,1,0,0,0,0,1,1,6,1,19,4,-1,-1,-1,3,1,3
2016160140619,1,9,0,4,0,0,0,0,0,0,1,1,3,2,32,6,1560,2,5,1,1,1
2016160140619,2,9,0,4,0,0,0,0,0,0,2,1,3,2,49,8,1910,2,10,1,1,1
2016160140633,1,5,0,18,0,0,1,10,1,9,1,1,5,1,56,9,1462,1,18,5,1,5
2016160140675,1,9,0,18,0,0,2,10,7,3,3,1,6,1,17,4,1061,1,10,8,1,8
2016160140704,1,9,0,9,0,6,1,10,1,9,1,1,5,1,26,6,1796,1,10,10,2,10
2016160140704,2,9,0,18,0,1,1,0,0,0,3,1,5,2,33,6,2184,2,12,6,3,6
2016160140928,1,9,0,18,0,1,0,0,0,0,1,1,6,1,31,6,1796,1,12,8,2,8
2016160141012,1,9,0,18,0,0,1,10,1,9,4,1,6,1,35,6,1975,1,9,8,2,8
2016160141139,1,9,0,7,0,6,0,0,0,0,1,1,6,3,27,6,-1,-1,-1,-1,-1,-1
2016160141145,1,9,0,18,0,0,0,0,0,0,1,1,6,2,46,8,1598,2,-1,1,1,1
2016160141152,1,9,0,18,0,0,0,0,0,0,2,1,6,1,24,5,-1,-1,-1,1,1,1
2016160141152,2,9,0,18,0,0,0,0,0,0,1,1,6,2,31,6,1796,1,15,-1,-1,-1
2016160141166,1,9,0,6,0,0,0,0,0,0,0,1,6,1,47,8,1560,2,3,6,2,6
2016160141169,1,9,0,18,0,6,0,0,0,0,3,1,6,1,62,9,1560,2,6,1,1,1
2016160141169,2,1,0,18,0,1,0,0,0,0,1,1,6,1,27,6,-1,-1,-1,1,1,1
2016160141170,1,9,0,9,0,5,0,0,0,0,1,1,5,2,28,6,1598,2,1,7,2,7
2016160141170,2,9,0,18,0,1,0,0,0,0,1,1,5,2,36,7,-1,-1,-1,9,1,9
2016160141173,1,9,0,9,0,5,0,0,0,0,1,1,6,1,61,9,1999,2,-1,8,2,8
2016160141173,2,9,0,18,0,1,0,0,0,0,1,1,6,1,62,9,1968,2,2,8,2,8
2016160141173,3,21,1,3,0,1,0,0,0,0,3,1,1,1,33,6,12740,2,1,6,3,6
2016160141178,1,19,0,13,0,0,0,10,1,0,2,1,1,1,33,6,1968,2,1,4,2,4
2016160141178,2,9,0,18,0,0,0,0,0,0,1,1,6,2,24,5,1240,1,9,5,1,5
2016160141178,3,21,1,18,0,0,0,10,1,0,1,1,1,1,53,8,4500,2,9,-1,-1,-1
2016160141179,1,9,0,18,0,4,0,0,0,0,1,1,5,1,28,6,1598,2,2,5,1,5
2016160141179,2,3,0,9,0,8,0,0,0,0,4,1,5,1,47,8,125,1,3,7,1,7
2016160141180,1,9,0,3,0,0,0,0,0,0,2,1,6,2,47,8,1197,1,1,5,1,5
2016160141180,2,9,0,18,0,0,0,0,0,0,1,1,6,1,19,4,2300,1,16,-1,-1,-1
2016160141181,1,9,0,18,0,1,0,0,0,0,1,1,6,1,43,7,1896,2,9,5,1,5
2016160141183,1,9,0,9,0,6,0,0,0,0,1,1,6,2,20,4,1686,2,10,6,1,6
2016160141183,2,9,0,18,0,1,0,0,0,0,4,1,6,1,61,9,1198,1,4,4,3,4
2016160141184,1,9,0,11,7,0,0,4,0,0,1,1,6,1,39,7,-1,-1,-1,1,1,1
2016160141184,2,98,1,2,6,0,0,0,0,0,2,1,1,1,34,6,-1,-1,-1,-1,-1,-1
2016160141188,1,9,0,18,0,3,0,0,0,0,3,1,6,1,71,10,1991,2,11,10,1,10
2016160141188,2,9,0,9,0,4,0,0,0,0,1,1,6,2,49,8,1496,1,1,5,1,5
2016160141190,1,3,0,18,0,2,1,0,0,0,3,1,6,2,52,8,-1,-1,-1,5,1,5
2016160141194,1,19,0,9,0,6,0,0,0,0,0,1,1,1,31,6,1995,2,-1,10,1,10
2016160141194,2,9,0,18,0,1,0,4,7,0,1,1,6,1,74,10,1587,1,9,8,2,8
2016160141194,3,9,0,2,0,1,0,0,0,0,2,1,6,3,32,6,1199,1,15,-1,-1,-1
2016160141213,1,9,0,3,0,1,0,0,0,0,2,1,1,1,48,8,-1,-1,-1,-1,-1,-1
2016160141213,2,9,0,18,0,1,0,0,0,0,1,1,6,3,31,6,-1,-1,-1,-1,-1,-1
2016160141319,1,9,0,1,9,0,0,0,0,0,2,1,5,2,70,10,2179,2,2,-1,-1,-1
2016160141319,2,22,0,18,9,0,0,0,0,0,3,1,5,1,88,11,-1,-1,-1,10,1,10
2016160141362,1,97,0,18,0,0,1,0,0,0,0,1,6,1,19,4,-1,-1,-1,7,2,7
2016160141404,1,9,0,11,0,0,2,10,1,9,1,1,5,1,38,7,1895,1,15,3,1,3
2016160141412,1,9,0,5,0,2,0,0,0,0,4,1,6,2,32,6,1598,1,10,2,1,2
2016160141412,2,1,0,5,0,2,0,0,0,0,1,1,6,1,38,7,-1,-1,-1,1,1,1
2016160141474,1,9,5,18,0,0,0,0,0,0,4,1,6,1,35,6,-1,-1,-1,-1,-1,-1
2016160141474,2,9,0,2,0,0,0,0,0,0,4,1,6,1,36,7,1560,2,7,7,2,7
2016160141480,1,9,0,13,0,0,0,0,0,0,4,1,6,2,52,8,-1,-1,-1,7,3,7
2016160141480,2,1,0,18,0,0,0,0,0,0,3,1,6,1,39,7,-1,-1,-1,10,2,10