Accident_Index,Vehicle_Reference,Vehicle_Type,Towing_and_Articulation,Vehicle_Manoeuvre,Vehicle_Location-Restricted_Lane,Junction_Location,Skidding_and_Overturning,Hit_Object_in_Carriageway,Vehicle_Leaving_Carriageway,Hit_Object_off_Carriageway,1st_Point_of_Impact,Was_Vehicle_Left_Hand_Drive?,Journey_Purpose_of_Driver,Sex_of_Driver,Age_of_Driver,Age_Band_of_Driver,Engine_Capacity_(CC),Propulsion_Code,Age_of_Vehicle,Driver_IMD_Decile,Driver_Home_Area_Type,Vehicle_IMD_Decile
2016160141537,1,5,0,18,0,0,1,10,1,0,4,1,6,1,24,5,675,1,2,6,3,6
2016160141555,1,19,0,18,0,0,1,0,0,0,3,1,2,1,21,5,1560,2,6,1,1,1
2016160141555,2,9,0,18,0,0,0,0,0,0,1,1,5,2,70,10,1229,1,3,10,3,10
2016160141564,1,9,0,18,0,1,0,4,0,0,1,1,6,1,82,11,1242,1,3,10,1,10
2016160141564,2,17,4,8,0,6,0,0,0,0,3,1,1,1,25,5,6788,2,4,6,3,6
2016160141588,1,9,0,18,0,0,0,0,0,0,1,1,6,3,28,6,-1,-1,-1,-1,-1,-1
2016160141594,1,11,0,9,0,5,0,0,0,0,0,1,1,1,62,9,8300,2,10,3,2,3
2016160141602,1,5,0,18,0,1,0,0,0,0,1,1,6,1,47,8,1052,1,20,10,1,10
2016160141654,1,19,0,18,0,0,0,0,0,0,0,1,6,1,41,7,1598,2,1,1,1,1
2016160141689,1,9,0,13,0,0,2,0,1,9,4,1,5,1,54,8,1956,2,1,9,1,9
2016160141689,2,9,0,18,0,0,0,0,0,0,1,1,5,1,24,5,1968,2,7,5,1,5
2016160141693,1,9,0,17,0,0,5,10,7,0,0,1,5,1,50,8,1997,2,12,1,1,1
2016160141693,2,9,0,16,0,0,0,0,0,0,0,1,6,3,35,6,-1,-1,-1,-1,-1,-1
2016160141751,1,9,0,5,0,4,0,0,0,0,1,1,6,2,57,9,1598,1,9,-1,-1,-1
2016160141974,1,9,0,9,0,1,0,0,0,0,4,1,6,1,27,6,1229,1,3,2,1,2
2016160141974,2,9,0,18,0,1,0,0,0,0,1,1,6,2,49,8,4134,2,2,6,1,6
2016160142022,1,9,0,3,0,1,0,0,0,0,2,1,6,2,27,6,1360,1,6,2,1,2
2016160142022,2,9,0,18,0,1,0,0,0,0,1,1,6,3,31,6,-1,-1,-1,-1,-1,-1
2016160142040,1,9,0,9,0,1,0,0,0,0,4,1,6,1,18,4,1248,1,4,1,1,1
2016160142040,2,4,0,18,0,1,0,0,0,0,1,1,6,1,20,4,498,1,18,9,1,9
2016160142345,1,9,0,18,0,0,1,0,0,0,3,1,5,1,21,5,1599,1,10,9,2,9
2016160142345,2,9,0,18,0,0,0,0,0,0,1,1,5,2,24,5,1360,1,13,6,2,6
2016160142391,1,9,0,18,0,2,0,0,0,0,1,1,6,1,19,4,1390,1,8,3,1,3
2016160142391,2,9,0,9,0,2,0,10,7,0,2,1,6,2,32,6,999,1,1,5,1,5
2016160142420,1,9,0,2,0,0,0,0,0,0,0,1,6,1,40,7,-1,-1,-1,2,1,2
2016160142420,2,9,0,18,0,0,0,0,0,0,1,1,6,1,33,6,2685,2,11,3,1,3
2016160142454,1,9,0,18,0,0,0,0,0,0,1,1,6,1,49,8,1598,1,11,4,1,4
2016160142474,1,5,0,18,0,3,1,0,0,0,4,1,6,1,41,7,1402,1,12,2,2,2
2016160142501,1,9,0,18,0,1,0,0,0,0,1,1,6,1,28,6,1968,2,6,3,1,3
2016160142501,2,9,0,16,0,1,0,0,0,0,1,1,6,2,41,7,1796,1,14,7,1,7
2016160142508,1,9,0,17,0,0,1,0,1,9,3,1,2,1,43,7,1389,1,14,7,2,7
2016160142528,1,3,0,9,0,3,1,0,0,0,3,1,6,1,26,6,125,1,-1,2,1,2
2016160142534,1,1,0,18,0,6,0,0,0,0,1,1,6,1,13,3,-1,-1,-1,6,1,6
2016160142534,2,9,0,9,0,6,0,0,0,0,1,1,6,2,55,8,1796,1,17,9,2,9
2016160142570,1,9,0,18,0,1,0,10,1,10,3,1,2,2,29,6,1242,1,2,3,1,3
2016160142570,2,8,0,5,0,1,0,0,0,0,1,1,6,2,52,8,1998,1,8,1,1,1
2016160142589,1,9,0,5,0,6,0,0,0,0,1,1,1,1,43,7,1149,1,14,1,1,1
2016160142589,2,9,0,18,0,8,0,0,0,0,3,1,5,2,38,7,1388,1,10,1,1,1
2016160142614,1,9,0,4,0,0,0,0,0,0,0,1,2,2,24,5,1197,1,-1,3,1,3
2016160142614,2,19,0,4,0,0,0,0,0,0,2,1,5,1,53,8,1968,2,3,6,1,6
2016160142614,3,19,0,4,0,0,0,0,0,0,1,1,1,3,59,9,2143,2,1,3,1,3
2016160142636,1,9,0,16,0,0,1,0,7,10,1,1,2,1,41,7,1390,1,9,6,1,6
2016160142636,2,9,0,17,0,0,0,0,1,10,1,1,2,1,37,7,1332,1,18,1,2,1
2016160142696,1,9,0,18,0,1,0,0,0,0,4,1,6,2,20,4,1399,2,4,1,1,1
2016160142705,1,9,0,14,0,1,0,0,0,0,1,1,6,1,22,5,998,1,-1,7,3,7
2016160142705,2,9,0,9,0,1,0,0,0,0,3,1,6,1,50,8,2143,2,1,9,1,9
2016160142708,1,9,0,18,0,0,1,10,1,9,4,1,2,2,29,6,1124,1,15,3,3,3
2016160142713,1,9,0,18,0,0,0,0,0,0,4,1,6,1,82,11,1998,2,4,3,3,3
2016160142713,2,1,0,18,0,0,0,0,0,0,3,1,6,1,44,7,-1,-1,-1,7,2,7
2016160142728,1,90,0,18,0,4,0,0,0,0,1,1,5,1,17,4,-1,-1,-1,5,1,5
2016160142728,2,9,0,18,0,8,0,0,0,0,4,1,6,1,30,6,1296,1,10,-1,-1,-1
2016160142737,1,9,0,9,0,5,0,0,0,0,4,1,6,1,24,5,1197,1,6,1,1,1
2016160142737,2,9,0,18,0,8,0,0,0,0,1,1,6,2,58,9,998,1,2,10,3,10
2016160142737,3,19,0,18,0,8,1,0,0,0,1,1,6,1,25,5,1996,2,5,7,2,7
2016160142738,1,9,0,18,0,1,0,0,0,0,3,1,1,1,57,9,1997,2,9,7,1,7
2016160142738,2,9,0,18,0,1,0,0,0,0,1,1,6,1,17,4,1360,1,14,4,3,4
2016160142781,1,9,0,18,0,8,0,0,0,0,3,1,6,1,50,8,1388,1,9,-1,-1,-1
2016160142781,2,19,0,18,0,8,0,0,0,0,1,1,1,1,52,8,2496,2,19,1,1,1
2016160142785,1,9,0,17,0,0,2,0,1,4,1,1,1,1,20,4,1124,1,11,4,3,4
2016160142790,1,9,0,18,0,0,1,10,7,0,1,1,2,2,24,5,1598,1,13,7,1,7
2016160142856,1,9,0,9,0,6,0,0,0,0,3,1,5,1,28,6,1560,2,7,3,1,3
2016160142856,2,5,0,18,0,8,5,0,0,0,1,1,5,2,48,8,247,1,-1,1,1,1
2016160142899,1,9,0,18,0,4,0,0,3,4,1,1,5,1,79,11,1499,2,1,-1,-1,-1
2016160142915,1,9,0,3,0,3,0,0,0,0,2,1,2,1,25,5,1997,2,11,-1,-1,-1
2016160142915,2,21,2,3,0,3,0,0,0,0,1,1,1,1,72,10,12777,2,9,2,1,2
2016160142923,1,9,0,18,0,3,0,0,0,0,2,1,6,1,58,9,1596,1,10,4,1,4
2016160142923,2,9,0,18,0,3,0,0,0,0,2,1,6,1,62,9,1798,8,-1,7,2,7
2016160142923,3,9,0,18,0,3,0,0,0,0,1,1,1,1,32,6,-1,-1,-1,4,1,4
2016160142943,1,9,0,18,0,0,0,0,0,0,1,1,1,2,55,8,-1,-1,-1,1,1,1
2016160142943,2,9,0,2,0,0,0,0,0,0,3,1,6,2,48,8,-1,-1,-1,1,1,1
2016160142947,1,9,0,18,0,0,5,0,0,0,1,1,5,2,42,7,1991,2,8,3,1,3
2016160142947,2,9,0,2,0,0,0,0,7,0,1,1,6,3,34,6,1349,1,8,-1,-1,-1
2016160142949,1,9,0,18,0,0,0,0,0,0,3,1,5,1,29,6,1598,2,4,5,1,5
2016160142960,1,9,0,16,0,0,2,0,7,9,1,1,5,2,48,8,1397,1,9,6,3,6
2016160142986,1,9,0,18,0,8,0,0,0,0,1,1,6,2,18,4,1240,1,10,10,1,10
2016160142986,2,9,0,18,0,1,0,10,7,0,1,1,6,1,89,11,1248,1,3,4,3,4
2016160142990,1,9,0,2,0,0,0,0,0,0,1,1,1,1,34,6,2993,2,3,10,3,10
2016160142990,2,9,0,1,0,0,0,0,0,0,2,1,6,1,42,7,1896,2,17,4,3,4
2016160142995,1,9,0,9,0,0,0,0,0,0,4,1,6,1,43,7,1968,2,1,6,1,6
2016160142995,2,9,0,18,0,0,0,0,0,0,1,1,6,1,23,5,998,1,3,1,1,1
2016160142995,3,9,0,18,0,0,0,0,0,0,1,1,6,3,-1,-1,-1,-1,-1,-1,-1,-1
2016160143006,1,9,0,18,0,1,0,0,0,0,3,1,6,2,40,7,1598,1,11,3,1,3
2016160143006,2,9,0,10,0,1,0,0,0,0,1,1,6,3,28,6,1587,1,15,-1,-1,-1
2016160143009,1,9,0,17,0,0,1,10,1,3,1,1,2,2,21,5,1598,1,13,8,1,8
2016160143148,1,9,0,18,0,1,0,0,1,1,1,1,1,1,18,4,1598,1,8,6,1,6
2016160143148,2,9,0,4,0,1,0,0,0,0,0,1,6,1,53,8,1968,2,1,1,1,1
2016160143245,1,9,0,9,0,1,0,0,0,0,1,1,6,1,33,6,1995,2,12,7,2,7
2016160143245,2,9,0,18,0,1,0,0,0,0,3,1,6,2,25,5,1910,2,8,-1,-1,-1
2016160143303,1,3,0,18,0,8,0,0,0,0,1,1,1,1,22,5,124,1,15,1,1,1
2016160143303,2,9,0,9,0,8,0,0,0,0,4,1,1,1,57,9,1598,1,14,1,1,1
2016160143363,1,9,0,4,0,0,0,0,0,0,2,1,6,2,30,6,1242,1,7,10,2,10
2016160143363,2,9,0,4,0,0,0,0,0,0,1,1,1,2,30,6,1956,2,5,10,2,10
2016160143560,1,9,0,18,0,0,0,0,0,0,1,1,6,2,49,8,2400,2,2,8,1,8
2016160143560,2,9,0,18,0,0,0,0,0,0,1,1,6,2,66,10,2179,2,3,4,1,4
2016160143652,1,19,0,18,0,0,0,0,0,0,1,1,6,1,63,9,1896,2,14,8,3,8
2016160143652,2,9,0,2,0,0,0,0,0,0,2,1,6,3,-1,-1,1997,2,11,-1,-1,-1
2016160143898,1,9,0,18,0,2,0,0,0,0,1,1,5,1,37,7,1242,1,4,2,1,2
2016160143995,1,9,0,2,0,0,0,0,0,0,3,1,6,1,50,8,1999,2,1,8,1,8
2016160143995,2,3,0,18,0,0,0,0,0,0,1,1,6,1,20,4,125,1,1,5,1,5
2016160144053,1,1,0,9,0,4,1,0,0,0,0,1,5,1,25,5,-1,-1,-1,7,1,7
2016160144149,1,9,0,18,9,5,5,0,7,4,1,1,5,1,59,9,2926,2,14,5,2,5
2016160144926,1,9,0,16,0,0,1,0,7,9,1,1,6,2,22,5,1598,1,12,7,1,7
2016160145104,1,9,0,18,0,1,0,0,0,0,4,1,5,1,51,8,2435,1,19,8,1,8
2016160145104,2,1,0,9,0,1,0,0,0,0,3,1,2,1,57,9,-1,-1,-1,1,1,1
2016160145171,1,9,0,9,0,2,0,0,0,0,3,1,5,2,58,9,1686,2,12,1,1,1
2016160145171,2,9,0,18,0,8,0,0,0,0,1,1,5,1,51,8,1685,2,6,4,1,4
2016160145613,1,9,0,18,0,2,0,7,0,0,1,1,5,1,34,6,1968,2,6,4,1,4
2016160145613,2,9,0,18,0,1,0,0,0,0,1,1,5,1,53,8,1296,1,9,4,1,4
2016160145670,1,9,0,18,0,8,0,0,0,0,1,1,2,2,46,8,1968,2,7,7,1,7
2016160147714,1,9,0,9,0,2,0,10,1,0,1,1,6,1,27,6,1679,1,15,1,1,1
2016160147714,2,9,0,18,0,1,0,0,0,0,1,1,5,2,25,5,1360,1,13,4,1,4
2016160147786,1,9,0,5,0,0,0,0,0,0,0,1,5,1,27,6,1796,1,23,-1,-1,-1
2016160147895,1,9,0,10,0,0,0,0,0,0,2,1,1,1,45,7,999,1,-1,7,1,7
2016160147895,2,5,0,3,0,0,0,0,0,0,1,1,2,1,57,9,1783,1,1,1,1,1
2016160147925,1,9,0,18,0,0,0,0,0,0,1,1,6,2,33,6,2926,2,10,7,2,7
2016160147925,2,9,0,18,0,0,0,0,0,0,2,1,6,2,33,6,-1,-1,-1,7,2,7
2016160147951,1,98,1,17,0,3,5,0,0,0,4,1,1,1,22,5,-1,-1,-1,1,1,1
2016160148134,1,9,0,9,0,5,0,0,0,0,1,1,5,1,24,5,1998,1,14,2,2,2
2016160148134,2,3,0,18,0,1,0,0,0,0,1,1,5,1,57,9,85,1,19,5,1,5
2016160148179,1,9,0,4,0,3,0,0,0,0,4,1,5,2,31,6,1461,2,8,1,1,1
2016160148234,1,19,0,11,0,1,0,0,0,0,4,1,1,1,20,4,2148,2,7,1,1,1
2016160148234,2,9,0,16,0,1,1,10,1,0,3,1,2,1,27,6,2188,2,12,3,1,3
2016160148372,1,9,0,9,0,8,0,0,0,0,1,1,1,1,35,6,1390,1,13,10,1,10
2016160148372,2,3,0,18,0,1,0,10,7,11,4,1,1,1,20,4,125,1,1,10,3,10
2016160148459,1,9,0,16,0,0,1,10,7,11,1,1,5,1,18,4,1781,1,15,3,1,3
2016160148459,2,9,0,2,9,0,0,0,0,0,2,1,6,3,-1,-1,-1,-1,-1,-1,-1,-1
2016160148474,1,9,0,18,0,0,1,0,2,10,1,1,2,1,26,6,1998,2,11,3,1,3
2016160148474,2,9,0,18,0,0,0,0,1,10,1,1,2,1,66,10,1986,2,10,3,3,3
2016160148517,1,9,0,18,0,1,0,0,0,0,4,1,2,1,59,9,1910,2,10,6,1,6
2016160148517,2,1,0,9,0,6,0,0,0,0,1,1,2,2,38,7,-1,-1,-1,3,1,3
2016160148571,1,9,0,5,0,1,0,0,0,0,1,1,1,1,23,5,1248,2,2,1,1,1
2016160148571,2,1,0,18,0,1,0,0,0,0,4,1,1,1,70,10,-1,-1,-1,1,1,1
2016160149042,1,90,0,18,0,0,0,0,0,0,0,1,6,1,31,6,-1,-1,-1,-1,-1,-1
2016160149149,1,9,0,18,0,8,0,0,0,0,1,1,5,1,47,8,2967,2,3,5,1,5
2016160149149,2,9,0,2,0,2,0,0,0,0,2,1,5,3,39,7,2494,8,-1,-1,-1,-1
2016160149149,3,9,0,2,0,2,0,0,0,0,2,1,5,3,32,6,2324,1,14,-1,-1,-1
2016160149149,4,9,0,2,0,2,0,0,0,0,2,1,5,3,45,7,1499,1,-1,-1,-1,-1
2016160149263,1,11,0,3,0,1,1,0,0,0,0,1,1,1,54,8,7698,2,1,2,1,2
2016160149263,2,9,0,4,0,1,0,0,0,0,0,1,6,3,50,8,-1,-1,-1,-1,-1,-1
2016160149388,1,9,0,18,0,0,0,0,0,0,1,1,5,1,57,9,1956,2,2,1,1,1
2016160149388,2,9,0,4,0,0,0,0,0,0,2,1,5,1,19,4,1896,2,8,1,1,1
2016160149437,1,9,0,18,0,4,0,0,0,0,3,1,5,1,35,6,2792,1,7,8,3,8
2016160149437,2,3,0,18,0,8,5,0,0,0,1,1,2,1,24,5,125,1,-1,1,1,1
2016160150765,1,98,0,18,0,0,0,0,0,0,4,1,1,1,38,7,-1,-1,-1,-1,-1,-1
2016160153195,1,2,0,18,0,3,5,10,1,0,3,1,5,2,16,4,49,1,16,9,1,9
2016160153195,2,10,0,9,0,4,0,0,0,0,4,1,1,1,39,7,2402,2,9,2,2,2
2016160153298,1,9,0,5,0,2,0,0,0,0,1,1,1,1,26,6,1595,1,5,4,1,4
2016160153298,2,9,0,18,0,1,0,0,0,0,4,1,5,1,61,9,1910,2,12,1,1,1
2016160153716,1,9,0,4,0,0,1,4,0,0,1,1,1,2,60,9,1968,2,10,6,3,6
2016160153716,2,9,0,4,0,0,1,0,0,0,2,1,5,2,66,10,1499,2,2,3,1,3
2016160153817,1,9,0,4,0,0,0,0,0,0,2,1,5,1,24,5,1997,2,7,4,1,4
2016160153817,2,21,1,18,0,0,1,0,0,0,1,1,5,1,38,7,10837,2,1,1,1,1
2016160153862,1,3,0,17,0,1,0,0,0,0,3,1,5,1,78,11,125,1,4,6,2,6
2016160153910,1,9,0,7,0,6,0,0,0,0,3,1,6,1,43,7,1598,2,2,5,1,5
2016160153910,2,1,0,18,0,8,0,0,0,0,1,1,6,1,49,8,-1,-1,-1,1,1,1
2016160153938,1,9,0,18,0,1,0,0,0,0,1,1,5,1,54,8,1560,2,2,1,1,1
2016160153938,2,9,0,3,0,1,0,0,0,0,2,1,5,2,18,4,1360,1,9,2,1,2
2016160154083,1,9,0,9,0,5,0,0,0,0,4,1,3,1,38,7,2488,2,10,8,1,8
2016160154083,2,1,0,18,0,8,0,0,0,0,1,1,4,1,16,4,-1,-1,-1,10,2,10
2016160154094,1,9,0,18,0,8,0,0,0,0,1,1,6,1,30,6,2793,1,18,5,1,5
2016160154094,2,9,0,18,0,8,0,0,0,0,1,1,1,1,31,6,1753,2,8,1,1,1
2016160154138,1,9,0,17,0,0,0,0,1,4,1,1,6,2,72,10,1198,1,5,5,1,5
2016160154172,1,9,0,17,0,0,1,0,2,9,1,1,6,1,22,5,1796,1,12,6,3,6
2016160154203,1,19,0,4,0,0,0,0,0,0,2,1,1,1,52,8,2198,2,2,7,1,7
2016160154203,2,9,0,18,0,0,0,0,0,0,1,1,6,1,88,11,1976,1,6,10,2,10
2016160154507,1,19,0,18,0,0,0,0,0,0,4,1,5,1,51,8,2143,2,5,7,1,7
2016160154507,2,1,0,18,4,0,0,0,0,0,3,1,6,1,69,10,-1,-1,-1,1,1,1
2016160155366,1,9,0,17,0,0,2,10,7,4,4,1,5,2,26,6,1364,1,10,3,1,3
2016160156540,1,9,0,9,0,0,0,0,0,0,1,1,6,1,23,5,1599,1,12,7,1,7
2016160156540,2,3,0,18,0,0,0,0,0,0,1,1,6,1,21,5,124,1,2,1,1,1
2016160157012,1,9,0,9,0,6,0,0,0,0,3,1,1,1,47,8,1560,2,4,1,1,1
2016160157012,2,1,0,18,0,8,0,0,0,0,1,1,6,1,47,8,-1,-1,-1,1,1,1
2016160157083,1,9,0,6,0,0,0,0,0,0,3,1,6,1,58,9,1560,2,1,2,1,2
2016160157083,2,1,0,18,0,0,0,0,0,0,4,1,6,1,18,4,-1,-1,-1,1,1,1
2016160157136,1,90,0,18,0,0,0,0,0,0,1,1,5,1,66,10,3972,2,29,1,1,1
2016160157136,2,20,0,2,0,0,0,0,7,0,2,1,5,1,37,7,3908,2,15,7,2,7
2016160157145,1,9,0,18,0,4,0,0,0,0,3,1,6,2,67,10,1496,2,1,-1,-1,-1
2016160157145,2,1,0,7,0,8,0,0,0,0,2,1,6,2,50,8,-1,-1,-1,3,1,3
2016160157185,1,9,0,9,9,6,0,0,0,0,1,1,5,1,23,5,1490,1,8,5,2,5
2016160157185,2,9,0,18,0,8,0,0,0,0,1,1,5,2,32,6,1360,1,11,6,2,6
2016160157281,1,9,0,7,0,8,0,0,0,0,1,1,6,3,-1,-1,-1,-1,-1,-1,-1,-1
2016160157281,2,1,0,18,0,8,0,0,0,0,2,1,2,1,28,6,-1,-1,-1,2,1,2
2016160157398,1,9,0,6,0,2,0,0,0,0,1,1,6,1,20,4,1199,1,3,3,1,3
2016160157398,2,3,0,18,0,8,0,0,0,0,1,1,6,1,33,6,124,1,16,1,1,1
2016160157451,1,9,0,5,8,0,0,0,0,0,1,1,6,1,50,8,1896,2,10,3,1,3
2016160157451,2,1,0,18,0,0,1,0,0,0,1,1,2,1,19,4,-1,-1,-1,1,1,1
2016160157544,1,9,0,17,0,0,2,10,1,9,1,1,6,1,26,6,1910,2,11,9,2,9
2016160157919,1,9,0,16,0,0,1,10,1,0,0,1,6,2,29,6,1339,1,11,4,3,4
2016160157919,2,9,0,18,0,0,0,10,1,0,0,1,6,1,33,6,1896,2,10,7,1,7
2016160158093,1,9,0,9,0,0,0,0,0,0,3,1,6,1,24,5,1796,1,8,-1,-1,-1
2016160158093,2,5,0,14,0,0,0,0,0,0,4,1,6,1,46,8,998,1,6,-1,-1,-1
2016160158516,1,97,0,5,9,0,0,0,0,0,1,1,6,1,20,4,-1,-1,-1,7,1,7
2016160159421,1,9,0,18,0,0,0,0,0,0,1,1,4,1,18,4,999,1,1,1,1,1
2016160159421,2,9,0,18,0,0,0,0,0,0,2,1,1,1,43,7,1339,1,6,6,1,6
2016160159421,3,9,0,3,0,0,0,0,0,0,2,1,5,1,52,8,1390,1,1,8,1,8
2016160160265,1,9,0,9,0,5,0,0,0,0,1,1,6,1,31,6,1390,1,14,3,1,3
2016160160265,2,8,0,18,0,8,0,0,0,0,1,1,1,1,57,9,1998,2,9,7,1,7
2016160160654,1,9,0,18,0,2,0,0,0,0,1,1,1,1,69,10,1598,2,5,8,2,8
2016160160984,1,9,0,18,0,1,0,0,0,0,1,1,5,1,28,6,1391,1,15,6,1,6
2016160160984,2,3,0,4,0,1,5,0,0,0,2,1,5,1,23,5,124,1,2,1,1,1
2016160160984,3,9,0,4,0,1,0,0,0,0,2,1,5,1,38,7,1968,2,3,-1,-1,-1
2016160161047,1,9,0,18,0,4,0,0,0,0,0,1,2,1,58,9,1956,2,6,4,1,4
2016160161047,2,1,0,9,0,3,0,0,0,0,2,1,4,2,18,4,-1,-1,-1,-1,-1,-1
2016160162105,1,9,0,5,0,0,0,0,0,0,0,1,5,1,49,8,1997,2,12,4,1,4
2016160162139,1,5,0,4,0,1,0,10,3,11,1,1,6,1,27,6,599,1,21,2,1,2
2016160162257,1,1,0,18,9,0,0,0,0,0,1,1,5,1,18,4,-1,-1,-1,2,1,2
2016160162257,2,9,0,5,0,0,0,0,0,0,3,1,1,1,40,7,-1,-1,-1,-1,-1,-1
2016160162357,1,9,0,7,0,8,1,0,7,0,1,1,5,1,26,6,-1,-1,-1,8,1,8
2016160162711,1,9,0,14,0,2,0,0,0,0,4,1,6,1,18,4,1596,1,12,6,1,6
2016160162711,2,9,0,5,0,2,0,0,0,0,3,1,6,1,25,5,1398,2,14,-1,-1,-1
2016160162848,1,9,0,7,0,5,0,0,0,0,4,1,6,1,40,7,-1,-1,-1,-1,-1,-1
2016160163309,1,8,0,9,0,8,0,0,0,0,1,1,2,1,56,9,1995,2,4,3,1,3
2016160163309,2,5,0,18,0,8,0,0,0,0,3,1,2,1,29,6,750,1,17,1,1,1
2016160163526,1,9,0,18,0,0,5,7,0,0,3,1,5,1,85,11,1999,1,13,9,2,9
2016160164905,1,21,0,18,0,1,0,0,0,0,1,1,1,1,60,9,10677,2,1,4,1,4
2016160165269,1,9,0,7,0,5,0,0,0,0,4,1,2,1,37,7,2958,2,12,1,1,1
2016160165269,2,1,0,18,2,8,0,0,0,0,1,1,2,1,19,4,-1,-1,-1,1,1,1
2016160165292,1,9,0,18,0,0,0,0,0,0,1,1,5,2,53,8,1149,1,5,7,3,7
2016160165292,2,9,0,3,0,0,0,0,0,0,2,1,5,1,46,8,1598,1,8,10,1,10
2016160165292,3,9,0,3,0,0,0,0,0,0,2,1,5,1,20,4,1199,1,13,8,3,8
2016160165292,4,9,0,3,0,0,0,0,0,0,2,1,5,1,47,8,-1,-1,-1,-1,-1,-1
2016160165292,5,9,0,3,0,0,0,0,0,0,2,1,5,1,70,10,1998,2,10,10,2,10
2016160165323,1,8,0,16,0,0,0,0,0,0,1,1,1,1,45,7,1797,8,2,4,1,4
2016160165453,1,5,0,13,0,0,0,0,0,0,4,1,5,1,20,4,535,1,19,3,1,3
2016160165453,2,9,0,9,0,0,0,0,0,0,3,1,5,1,22,5,1149,1,16,6,1,6
2016160165500,1,9,0,18,0,8,0,0,0,0,4,1,6,2,68,10,1397,1,6,2,1,2
2016160165500,2,9,0,5,0,6,0,0,0,0,1,1,6,2,52,8,1596,1,6,10,3,10
2016160167589,1,9,0,18,0,0,0,0,0,0,1,1,4,1,17,4,2099,1,14,1,1,1
2016160168047,1,9,0,4,0,1,0,0,0,0,3,1,5,2,21,5,1149,1,10,8,2,8
2016160168047,2,9,0,4,0,1,0,0,0,0,1,1,5,2,59,9,-1,-1,-1,1,1,1
2016160172572,1,9,0,9,0,6,0,0,0,0,0,1,5,1,19,4,1229,1,9,9,2,9
2016160172572,2,9,0,18,0,1,0,10,1,11,3,1,5,1,18,4,1229,1,7,9,2,9
2016160173741,1,9,0,9,0,1,0,0,0,0,1,1,5,1,23,5,1124,1,6,1,1,1
2016160173741,2,9,0,18,0,1,0,0,2,0,3,1,1,1,51,8,1997,2,8,3,1,3
2016170H10016,1,9,0,9,0,8,0,0,0,0,1,1,6,2,22,5,998,1,7,1,1,1
2016170H10016,2,9,0,3,0,1,0,0,0,0,3,1,1,1,30,6,1685,2,1,9,1,9
2016170H10026,1,9,0,9,0,8,0,0,0,0,1,1,1,2,54,8,2400,2,8,10,3,10
2016170H10026,2,9,0,18,0,8,0,0,0,0,3,1,6,1,55,8,1197,1,-1,1,1,1
2016170H10036,1,9,0,9,0,8,0,0,0,0,1,1,6,2,74,10,1461,2,10,9,1,9
2016170H10036,2,9,0,18,0,8,0,0,0,0,4,1,6,2,58,9,1360,1,14,4,1,4
2016170H10046,1,9,0,18,0,1,0,0,0,0,1,1,6,1,-1,-1,-1,-1,-1,-1,-1,-1
2016170H10056,1,9,0,18,0,0,0,0,0,0,1,1,6,2,40,7,-1,-1,-1,9,1,9
2016170H10056,2,9,0,18,0,0,0,0,0,0,2,1,6,1,31,6,1560,2,11,7,1,7
2016170H10066,1,9,0,18,0,0,0,0,0,0,1,1,6,1,30,6,1956,2,7,7,1,7
2016170H10076,1,9,0,9,0,8,0,0,0,0,1,1,6,1,71,10,1397,1,16,1,1,1
2016170H10076,2,4,0,10,0,1,0,0,0,0,1,1,1,1,50,8,-1,-1,-1,1,1,1
2016170H10086,1,9,0,4,0,0,5,0,0,0,1,1,6,2,92,11,1389,1,12,6,1,6
2016170H10086,2,9,0,2,0,0,0,0,0,0,4,1,6,1,61,9,1598,1,1,6,1,6
2016170H10086,3,9,0,2,0,0,0,0,0,0,3,1,6,2,43,7,1598,1,14,-1,-1,-1
2016170H10096,1,1,0,18,0,0,0,0,0,0,2,1,6,1,27,6,-1,-1,-1,-1,-1,-1
2016170H10096,2,9,0,18,0,0,0,0,0,0,1,1,6,3,-1,-1,-1,-1,-1,-1,-1,-1
2016170H10106,1,9,0,3,0,0,0,0,0,0,2,1,6,1,55,8,1598,1,6,2,1,2
2016170H10106,2,9,0,3,0,0,0,0,0,0,2,1,6,2,45,7,1461,2,2,3,1,3
2016170H10106,3,8,0,18,0,0,0,0,0,0,1,1,1,1,37,7,1896,2,9,1,1,1
2016170H10116,1,9,0,6,0,0,0,0,0,0,2,1,6,2,57,9,1390,1,12,3,1,3
2016170H10116,2,19,0,18,0,0,0,0,0,0,1,1,1,2,28,6,1995,2,3,3,1,3
2016170H10116,3,19,0,18,0,0,0,0,0,0,1,1,1,2,22,5,2198,2,4,7,1,7
2016170H10116,4,9,0,18,0,0,0,0,1,1,1,1,1,1,50,8,1870,2,13,1,1,1
2016170H10126,1,9,0,18,0,8,0,0,0,0,1,1,6,1,19,4,1124,1,13,1,1,1
2016170H10126,2,9,0,18,0,8,0,0,0,0,1,1,6,1,72,10,1596,1,11,5,1,5
2016170H10136,1,9,0,18,0,1,0,0,1,2,1,1,6,1,21,5,1299,1,15,1,1,1
2016170H10146,1,9,0,18,0,8,0,0,0,0,1,1,4,2,50,8,1229,1,5,1,1,1