Accident_Index,Vehicle_Reference,Vehicle_Type,Towing_and_Articulation,Vehicle_Manoeuvre,Vehicle_Location-Restricted_Lane,Junction_Location,Skidding_and_Overturning,Hit_Object_in_Carriageway,Vehicle_Leaving_Carriageway,Hit_Object_off_Carriageway,1st_Point_of_Impact,Was_Vehicle_Left_Hand_Drive?,Journey_Purpose_of_Driver,Sex_of_Driver,Age_of_Driver,Age_Band_of_Driver,Engine_Capacity_(CC),Propulsion_Code,Age_of_Vehicle,Driver_IMD_Decile,Driver_Home_Area_Type,Vehicle_IMD_Decile
2016170H10146,2,9,0,9,0,8,0,0,0,0,1,1,6,1,32,6,1999,1,11,1,1,1
2016170H10156,1,9,0,10,0,8,0,0,0,0,0,1,6,1,62,9,1796,1,15,1,1,1
2016170H10156,2,2,0,18,0,1,1,0,0,0,4,1,6,1,18,4,49,1,7,1,1,1
2016170H10166,1,8,0,5,0,0,0,0,0,0,0,1,1,1,49,8,2143,2,5,1,1,1
2016170H10176,1,11,0,2,0,0,0,0,0,0,0,1,1,1,54,8,6871,2,8,1,1,1
2016170H10186,1,9,0,18,0,2,0,0,0,0,1,1,6,1,36,7,1997,1,12,5,1,5
2016170H10186,2,9,0,18,0,2,0,0,0,0,2,1,6,2,57,9,1995,2,3,5,1,5
2016170H10196,1,9,0,4,0,1,0,0,0,0,2,1,6,1,49,8,1596,1,11,1,1,1
2016170H10196,2,9,0,18,0,1,0,0,0,0,1,1,6,1,32,6,1910,2,9,2,1,2
2016170H10206,1,19,0,11,0,0,0,0,0,0,3,1,1,1,23,5,2143,2,3,1,1,1
2016170H10206,2,9,0,11,0,0,0,0,0,0,4,1,2,1,60,9,2400,2,1,9,1,9
2016170H10216,1,9,0,18,0,0,0,0,0,0,4,1,6,1,29,6,1242,1,11,7,1,7
2016170H10226,1,9,0,3,0,1,0,0,0,0,2,1,6,1,24,5,1242,1,11,1,1,1
2016170H10226,2,9,0,18,0,1,0,0,0,0,1,1,6,1,29,6,1398,2,4,2,1,2
2016170H10236,1,9,0,18,0,0,0,0,0,0,1,1,6,1,36,7,1124,1,12,4,1,4
2016170H10236,2,1,0,18,0,0,0,0,0,0,2,1,6,1,51,8,-1,-1,-1,9,1,9
2016170H10246,1,9,0,2,0,0,0,0,0,0,3,1,6,1,-1,-1,1560,2,11,-1,-1,-1
2016170H10246,2,9,0,18,0,0,0,0,0,0,1,1,6,2,33,6,1997,2,8,-1,-1,-1
2016170H10256,1,9,0,9,0,8,0,0,0,0,4,1,6,1,28,6,1968,2,7,1,1,1
2016170H10256,2,2,0,18,0,8,0,0,0,0,1,1,6,1,16,4,-1,-1,-1,1,1,1
2016170H10266,1,11,0,4,0,0,0,0,0,0,0,1,1,1,43,7,-1,-1,-1,1,1,1
2016170H10276,1,9,0,18,0,8,0,0,0,0,1,1,6,2,54,8,1149,1,1,3,1,3
2016170H10276,2,9,0,9,0,8,0,0,0,0,1,1,6,1,32,6,1120,2,3,10,1,10
2016170H10286,1,9,0,18,0,4,0,0,0,0,1,1,6,1,74,10,1364,1,1,8,1,8
2016170H10286,2,1,0,18,0,8,0,0,0,0,4,1,6,1,66,10,-1,-1,-1,1,1,1
2016170H10296,1,9,0,7,0,2,0,0,0,0,1,1,6,1,35,6,1997,2,14,1,1,1
2016170H10296,2,9,0,2,0,2,0,0,0,0,4,1,6,1,-1,-1,1388,1,13,-1,-1,-1
2016170H10296,3,9,0,2,0,2,0,0,0,0,3,1,6,1,-1,-1,3246,1,13,-1,-1,-1
2016170H10296,4,9,0,2,0,2,0,0,0,0,4,1,6,1,-1,-1,1560,2,7,-1,-1,-1
2016170H10326,1,9,0,4,0,2,1,0,0,0,1,1,6,2,66,10,1388,1,10,6,1,6
2016170H10326,2,9,0,3,0,2,0,0,0,0,2,1,6,1,42,7,2656,1,14,4,1,4
2016170H10336,1,9,0,9,0,8,0,0,0,0,3,1,6,1,44,7,1999,1,5,3,1,3
2016170H10336,2,19,0,18,0,8,0,0,0,0,1,1,1,1,33,6,1995,2,5,-1,-1,-1
2016170H10346,1,9,0,18,0,0,0,0,0,0,1,1,6,2,21,5,1248,2,8,2,2,2
2016170H10346,2,9,0,4,0,0,0,0,0,0,2,1,6,2,36,7,1398,2,9,3,1,3
2016170H10346,3,19,0,12,0,0,0,0,0,0,0,1,6,3,-1,-1,-1,-1,-1,-1,-1,-1
2016170H10356,1,9,0,18,0,0,0,0,1,9,3,1,6,1,56,9,1198,1,3,-1,-1,-1
2016170H10356,2,9,0,18,0,0,0,0,0,0,3,1,6,2,45,7,1796,1,11,2,2,2
2016170H10366,1,9,0,2,0,0,0,0,0,0,1,1,6,1,28,6,1956,2,6,5,1,5
2016170H10366,2,9,0,18,0,0,0,0,0,0,1,1,6,3,-1,-1,-1,-1,-1,-1,-1,-1
2016170H10376,1,9,0,9,0,8,0,0,0,0,1,1,6,2,77,11,1796,1,16,4,1,4
2016170H10376,2,9,0,18,0,8,0,0,0,0,1,1,6,2,29,6,1910,2,10,3,1,3
2016170H10386,1,9,0,18,0,1,0,0,0,0,1,1,6,1,-1,-1,1598,1,14,3,1,3
2016170H10386,2,9,0,4,0,1,0,0,0,0,2,1,6,2,56,9,-1,-1,-1,8,1,8
2016170H10396,1,9,0,18,0,1,0,0,0,0,1,1,6,1,-1,-1,-1,-1,-1,1,1,1
2016170H10406,1,9,0,18,0,0,0,0,0,0,3,1,6,1,57,9,1590,1,14,3,1,3
2016170H10416,1,9,0,18,0,0,0,0,0,0,1,1,6,1,20,4,-1,-1,-1,6,1,6
2016170H10416,2,9,0,2,0,0,0,0,0,0,2,1,6,1,50,8,1388,1,8,6,1,6
2016170H10416,3,9,0,2,0,0,0,0,0,0,2,1,6,2,57,9,2000,2,10,6,1,6
2016170H10416,4,9,0,2,0,0,0,0,0,0,2,1,6,2,53,8,1360,1,7,6,1,6
2016170H10426,1,9,0,18,0,0,0,0,1,4,1,1,2,1,43,7,-1,-1,-1,9,1,9
2016170H10436,1,9,0,9,0,8,0,0,0,0,1,1,6,1,26,6,1560,2,11,1,1,1
2016170H10436,2,9,0,18,0,8,0,0,0,0,1,1,6,1,80,11,1461,2,8,3,1,3
2016170H10446,1,9,0,7,0,3,0,0,0,0,4,1,6,2,56,9,2184,2,12,2,1,2
2016170H10446,2,1,0,18,0,8,0,0,0,0,1,1,6,2,47,8,-1,-1,-1,-1,-1,-1
2016170H10456,1,9,0,18,0,8,0,0,0,0,1,1,3,2,42,7,1497,1,11,3,1,3
2016170H10456,2,9,0,9,0,8,0,0,0,0,3,1,3,2,70,10,1796,1,8,2,1,2
2016170H10466,1,9,0,18,0,0,0,10,7,4,1,1,2,1,22,5,1200,1,-1,9,1,9
2016170H10476,1,97,0,9,0,2,0,10,1,2,1,1,6,1,20,4,-1,-1,-1,7,1,7
2016170H10496,1,9,0,9,0,8,0,0,0,0,1,1,6,1,23,5,1149,1,12,3,1,3
2016170H10496,2,8,0,18,0,8,0,0,0,0,1,1,1,1,61,9,1560,2,5,7,1,7
2016170H10496,3,9,0,2,0,1,0,0,0,0,1,1,6,1,-1,-1,1397,1,4,-1,-1,-1
2016170H10506,1,9,0,18,0,8,0,0,0,0,1,1,6,2,26,6,1390,1,16,1,1,1
2016170H10506,2,3,0,18,0,8,0,0,0,0,1,1,6,1,22,5,125,1,4,1,3,1
2016170H10516,1,9,0,4,0,0,0,0,0,0,2,1,2,2,58,9,1498,1,10,8,1,8
2016170H10516,2,9,0,18,0,0,0,0,0,0,1,1,6,1,19,4,1753,2,14,6,1,6
2016170H10526,1,5,0,18,0,0,0,0,0,0,1,1,6,1,57,9,790,1,13,1,1,1
2016170H10546,1,9,0,18,0,8,0,0,0,0,1,1,2,1,58,9,1796,1,12,3,1,3
2016170H10546,2,1,0,9,0,8,0,0,0,0,3,1,6,1,59,9,-1,-1,-1,9,1,9
2016170H10556,1,9,0,18,0,0,0,0,0,0,4,1,6,1,77,11,998,1,4,1,1,1
2016170H10566,1,9,0,18,0,0,0,0,1,2,1,1,6,2,33,6,1997,2,6,-1,-1,-1
2016170H10566,2,9,0,13,0,0,0,0,0,0,0,1,6,3,-1,-1,-1,-1,-1,-1,-1,-1
2016170H10576,1,9,0,18,0,0,0,0,0,0,1,1,6,1,26,6,1796,1,18,-1,-1,-1
2016170H10576,2,9,0,4,0,0,0,0,0,0,2,1,6,2,27,6,998,1,4,1,1,1
2016170H10576,3,9,0,3,0,0,0,0,0,0,2,1,6,2,26,6,1242,1,5,2,1,2
2016170H10586,1,9,0,9,0,2,0,0,0,0,4,1,6,1,73,10,1390,1,15,1,1,1
2016170H10596,1,9,0,18,0,0,0,0,0,0,1,1,6,1,84,11,999,1,4,7,1,7
2016170H10596,2,9,0,4,0,0,0,0,0,0,2,1,6,1,24,5,1560,2,8,-1,-1,-1
2016170H10616,1,97,0,18,0,1,0,0,0,0,1,1,6,3,-1,-1,-1,-1,-1,-1,-1,-1
2016170H10616,2,1,0,9,0,2,0,0,0,0,1,1,6,1,58,9,-1,-1,-1,9,1,9
2016170H10626,1,9,0,11,0,0,0,0,0,0,4,1,6,1,33,6,1388,1,11,9,1,9
2016170H10626,2,19,0,12,0,0,0,0,0,0,3,1,2,1,42,7,2402,2,8,9,1,9
2016170H10636,1,19,0,18,0,0,0,0,0,0,1,1,1,1,43,7,1598,2,2,1,1,1
2016170H10636,2,9,0,2,0,0,0,0,0,0,2,1,6,2,28,6,1598,1,13,1,1,1
2016170H10646,1,1,0,18,0,8,0,0,0,0,4,1,6,1,40,7,-1,-1,-1,8,1,8
2016170H10646,2,9,0,7,0,8,0,0,0,0,1,1,6,1,48,8,1997,2,14,1,1,1
2016170H10656,1,2,0,14,0,0,0,0,0,0,1,1,6,1,16,4,-1,-1,-1,1,1,1
2016170H10656,2,9,0,2,0,0,0,0,0,0,4,1,6,2,55,8,1895,1,17,1,1,1
2016170H10656,3,9,0,18,0,0,0,0,0,0,1,1,6,1,54,8,2148,2,8,3,1,3
2016170H10666,1,11,0,16,0,2,0,0,0,0,0,1,1,1,49,8,6871,2,8,1,1,1
2016170H10696,1,9,0,2,0,0,0,0,0,0,2,1,6,2,44,7,-1,-1,-1,9,3,9
2016170H10696,2,1,0,18,0,0,0,0,0,0,1,1,6,1,51,8,-1,-1,-1,1,1,1
2016170H10706,1,21,1,4,0,1,0,0,1,0,3,2,1,1,27,6,-1,-1,-1,-1,-1,-1
2016170H10706,2,19,0,4,0,1,0,0,0,0,4,1,1,1,29,6,2198,2,4,6,1,6
2016170H10706,3,19,0,7,0,6,0,0,1,7,2,1,1,1,21,5,2402,2,7,3,1,3
2016170H10716,1,1,0,18,0,0,0,0,0,0,1,1,6,1,13,3,-1,-1,-1,9,1,9
2016170H10716,2,9,0,18,0,0,0,0,0,0,1,1,6,2,54,8,1560,2,12,4,2,4
2016170H10726,1,9,0,9,0,8,0,0,0,0,1,1,6,2,33,6,1753,2,10,2,1,2
2016170H10726,2,5,0,18,0,8,0,0,0,0,1,1,6,1,62,9,865,1,1,5,1,5
2016170H10736,1,9,0,5,0,4,0,0,0,0,2,1,6,2,44,7,1499,2,1,3,1,3
2016170H10736,2,9,0,18,0,4,0,0,0,0,1,1,6,3,-1,-1,-1,-1,-1,-1,-1,-1
2016170H10746,1,9,0,1,0,0,0,0,0,0,2,1,6,1,48,8,1149,1,12,2,2,2
2016170H10756,1,9,0,18,0,8,0,0,0,0,3,1,2,1,49,8,-1,-1,-1,6,1,6
2016170H10756,2,1,0,18,0,8,0,0,0,0,1,1,6,1,23,5,-1,-1,-1,1,1,1
2016170H10766,1,9,0,18,0,1,0,0,0,0,1,1,6,1,25,5,1995,2,3,9,1,9
2016170H10766,2,9,0,4,0,1,0,0,0,0,2,1,6,1,58,9,1796,1,13,-1,-1,-1
2016170H10776,1,9,0,18,0,1,0,0,0,0,1,1,6,2,24,5,1389,1,13,1,1,1
2016170H10786,1,2,0,18,0,4,0,0,0,0,3,1,6,1,25,5,-1,-1,-1,1,1,1
2016170H10786,2,9,0,18,0,8,0,0,0,0,1,1,6,1,61,9,1956,2,2,1,1,1
2016170H10796,1,9,0,18,0,8,0,0,0,0,1,1,6,2,18,4,998,1,13,1,1,1
2016170H10806,1,9,0,4,0,1,0,0,0,0,2,1,6,1,48,8,1896,2,12,2,1,2
2016170H10806,2,20,0,18,0,1,0,0,0,0,1,1,1,1,49,8,4500,2,1,3,1,3
2016170H10816,1,9,0,10,0,1,0,0,0,0,2,1,6,1,64,9,1598,1,9,9,1,9
2016170H10816,2,9,0,18,0,1,0,0,0,0,1,1,6,3,-1,-1,-1,-1,-1,-1,-1,-1
2016170H10826,1,19,0,7,0,2,0,0,0,0,1,1,6,3,-1,-1,-1,-1,-1,-1,-1,-1
2016170H10826,2,1,0,18,0,1,0,0,0,0,1,1,6,1,41,7,-1,-1,-1,1,1,1
2016170H10866,1,9,0,18,0,8,0,0,0,0,1,1,6,2,32,6,1596,1,2,3,1,3
2016170H10866,2,1,0,18,0,8,0,0,0,0,1,1,6,1,11,3,-1,-1,-1,5,1,5
2016170H10876,1,8,0,1,0,0,0,0,0,0,2,1,1,1,49,8,1896,2,6,1,1,1
2016170H10886,1,3,0,13,0,0,0,0,7,0,1,1,6,1,27,6,125,1,-1,1,2,1
2016170H10886,2,9,0,18,0,0,0,0,0,0,0,1,6,1,-1,-1,-1,-1,-1,-1,-1,-1
2016170H10896,1,9,0,18,0,0,0,0,0,0,1,1,6,3,-1,-1,-1,-1,-1,-1,-1,-1
2016170H10906,1,19,0,18,0,8,0,0,0,0,1,1,1,1,36,7,1998,2,12,1,1,1
2016170H10906,2,9,0,9,0,8,0,0,0,0,1,1,6,2,46,8,1499,2,1,8,1,8
2016170H10916,1,9,0,9,0,8,0,0,0,0,1,1,6,1,50,8,1248,1,2,1,1,1
2016170H10916,2,9,0,18,0,8,0,0,0,0,1,1,6,1,43,7,1390,1,9,3,1,3
2016170H10926,1,9,0,18,0,8,0,0,3,11,1,1,6,1,-1,-1,1598,1,15,-1,-1,-1
2016170H10936,1,11,0,18,0,8,0,0,0,0,0,1,1,1,51,8,-1,2,7,-1,-1,-1
2016170H10946,1,9,0,18,0,1,0,0,0,0,1,1,6,1,18,4,1598,1,8,1,1,1
2016170H10956,1,9,0,9,0,8,0,0,0,0,1,1,6,1,52,8,1229,1,10,3,1,3
2016170H10966,1,9,0,18,0,0,0,0,0,0,1,1,6,1,56,9,-1,-1,-1,1,1,1
2016170H10966,2,2,0,4,0,0,0,0,0,0,2,1,6,1,22,5,-1,-1,-1,1,1,1
2016170H10976,1,11,0,5,0,1,0,0,0,0,0,1,1,1,61,9,6871,2,8,8,1,8
2016170H10986,1,5,0,18,0,1,0,0,0,0,1,1,6,1,17,4,520,1,15,-1,-1,-1
2016170H10986,2,9,0,7,0,1,0,0,0,0,2,1,6,1,21,5,1360,1,13,-1,-1,-1
2016170H10996,1,9,0,18,0,8,0,0,0,0,1,1,2,1,60,9,998,1,9,1,3,1
2016170H10996,2,19,0,18,0,8,0,0,0,0,1,1,1,1,53,8,1560,2,4,3,1,3
2016170H11006,1,9,0,18,0,1,5,0,0,0,4,1,6,1,23,5,1364,1,7,6,1,6
2016170H11006,2,9,0,9,0,1,0,0,4,6,3,1,6,1,84,11,1598,1,5,2,1,2
2016170H11016,1,9,0,18,0,0,0,0,0,0,3,1,6,3,-1,-1,-1,-1,-1,-1,-1,-1
2016170H11026,1,9,0,18,0,8,0,0,0,0,4,1,6,1,74,10,1199,1,12,5,1,5
2016170H11026,2,9,0,9,0,8,0,0,0,0,1,1,6,1,23,5,1598,1,12,-1,-1,-1
2016170H11036,1,9,0,18,0,3,0,0,0,0,1,1,6,2,22,5,1198,1,12,2,2,2
2016170H11046,1,9,0,9,0,8,0,0,0,0,4,1,6,2,35,6,2720,2,9,9,1,9
2016170H11046,2,2,0,18,0,8,0,0,0,0,1,1,6,1,29,6,49,1,2,1,1,1
2016170H11056,1,9,0,3,0,0,0,0,0,0,2,1,2,1,53,8,1395,1,2,2,1,2
2016170H11056,2,9,0,18,0,0,0,0,0,0,1,1,2,2,19,4,1242,1,6,2,1,2
2016170H11066,1,9,0,18,0,0,0,0,0,0,1,1,6,2,66,10,1388,1,1,8,1,8
2016170H11076,1,20,0,18,0,0,5,0,5,2,1,1,1,1,48,8,-1,-1,-1,3,1,3
2016170H11086,1,9,0,18,0,0,0,0,0,0,1,1,2,2,44,7,1461,2,1,10,1,10
2016170H11096,1,9,0,18,0,0,1,0,1,11,1,1,6,1,53,8,1399,2,14,1,1,1
2016170H11106,1,9,0,3,0,2,0,0,0,0,4,1,6,1,29,6,1560,2,4,9,1,9
2016170H11106,2,9,0,5,0,2,0,0,0,0,3,1,6,1,59,9,1686,2,7,1,1,1
2016170H11116,1,9,0,4,0,0,0,0,0,0,2,1,6,1,26,6,1461,2,-1,2,1,2
2016170H11116,2,8,0,18,0,0,0,0,0,0,1,1,6,1,-1,-1,1896,2,9,1,1,1
2016170H11126,1,9,0,9,0,2,0,0,0,0,3,1,6,1,32,6,1600,2,6,9,1,9
2016170H11136,1,3,0,4,0,4,0,0,0,0,2,1,2,1,27,6,124,1,8,4,1,4
2016170H11136,2,9,0,5,0,4,0,0,0,0,1,1,6,1,49,8,-1,-1,-1,2,1,2
2016170H11146,1,19,0,9,0,8,0,0,0,0,1,1,1,1,33,6,2198,2,1,9,1,9
2016170H11146,2,9,0,18,0,8,0,0,0,0,1,1,1,1,44,7,1598,2,4,3,1,3
2016170H11156,1,9,0,18,0,0,0,0,0,0,3,1,2,1,43,7,1560,2,2,2,1,2
2016170H11156,2,5,0,13,0,0,0,10,4,2,4,1,1,1,56,9,680,1,4,3,1,3
2016170H11176,1,9,0,18,0,0,0,0,0,0,1,1,6,1,18,4,1390,1,13,7,1,7
2016170H11186,1,9,0,7,0,8,0,0,0,0,1,1,6,1,77,11,1199,1,12,5,1,5
2016170H11186,2,9,0,18,0,8,0,0,0,0,1,1,6,2,49,8,-1,-1,-1,-1,-1,-1
2016170H11196,1,9,0,18,0,1,0,0,0,0,1,1,6,2,43,7,1598,1,8,-1,-1,-1
2016170H11196,2,9,0,10,0,1,0,0,0,0,2,1,6,2,40,7,1598,1,5,10,1,10
2016170H11206,1,9,0,9,0,2,0,0,0,0,4,1,6,2,33,6,1598,1,12,1,1,1
2016170H11206,2,1,0,18,0,2,0,0,0,0,3,1,6,2,23,5,-1,-1,-1,-1,-1,-1
2016170H11216,1,9,0,18,0,0,0,0,1,1,1,1,6,1,83,11,1198,1,11,-1,-1,-1
2016170H11236,1,9,0,13,0,8,0,0,0,0,1,1,6,3,-1,-1,1910,2,11,-1,-1,-1
2016170H11236,2,9,0,9,0,8,0,0,0,0,3,1,6,1,38,7,2996,1,10,1,1,1
2016170H11236,3,9,0,2,0,2,0,0,0,0,1,1,6,1,47,8,1998,1,7,1,1,1
2016170H11246,1,9,0,9,0,8,0,0,0,0,1,1,6,1,50,8,1994,2,15,3,1,3
2016170H11246,2,9,0,9,0,8,0,0,0,0,1,1,6,1,62,9,1997,2,4,-1,-1,-1
2016170H11256,1,9,0,9,0,8,0,0,1,10,2,1,6,1,32,6,1598,1,10,9,1,9
2016170H11256,2,9,0,18,0,4,0,0,0,0,1,1,6,1,-1,-1,-1,-1,-1,-1,-1,-1
2016170H11266,1,3,0,18,0,0,1,0,0,0,4,1,6,1,25,5,124,1,2,1,1,1
2016170H11276,1,9,0,18,0,0,0,0,1,7,1,1,6,2,58,9,1364,1,-1,9,1,9
2016170H11286,1,19,0,15,0,8,0,0,1,0,1,1,6,3,-1,-1,-1,-1,-1,-1,-1,-1
2016170H11296,1,8,0,5,0,0,0,0,0,0,4,1,1,1,61,9,1997,2,3,1,1,1
2016170H11306,1,9,0,4,0,0,0,0,0,0,2,1,6,2,48,8,1686,2,8,1,1,1
2016170H11306,2,5,0,4,0,0,0,0,0,0,1,1,6,1,26,6,1255,1,9,7,1,7
2016170H11316,1,9,0,4,0,1,0,0,0,0,2,1,6,2,25,5,1388,1,8,5,1,5
2016170H11316,2,9,0,18,0,1,0,0,0,0,1,1,6,1,50,8,1582,2,4,-1,-1,-1
2016170H11316,3,9,0,9,0,8,0,0,0,0,0,1,6,3,-1,-1,-1,-1,-1,-1,-1,-1
2016170H11326,1,9,0,17,0,8,0,0,0,0,1,1,2,2,41,7,1999,1,12,2,1,2
2016170H11326,2,1,0,18,0,6,0,0,0,0,1,1,6,1,73,10,-1,-1,-1,-1,-1,-1
2016170L10026,1,20,0,18,0,1,0,0,0,0,1,1,1,1,25,5,2998,2,6,9,1,9
2016170L10066,1,9,0,4,0,0,0,0,0,0,2,1,6,2,21,5,1368,1,6,2,2,2
2016170L10066,2,9,0,18,0,0,0,0,0,0,1,1,6,1,-1,-1,-1,-1,-1,-1,-1,-1
2016170L10076,1,9,0,3,0,1,0,0,0,0,2,1,6,1,40,7,1753,2,9,10,1,10
2016170L10076,2,9,0,18,0,1,0,0,0,0,1,1,6,1,42,7,1896,2,13,10,1,10
2016170L10206,1,9,0,11,0,0,0,0,1,4,1,1,6,1,35,6,2000,1,11,6,1,6
2016170L10206,2,9,0,18,0,0,0,0,0,0,0,1,6,1,49,8,1968,2,4,4,1,4
2016170L10246,1,9,0,16,0,0,1,0,4,6,1,1,2,2,23,5,998,1,3,3,1,3
2016170L10256,1,9,0,18,0,0,5,0,1,11,1,1,6,2,19,4,1360,1,9,2,2,2
2016170L10266,1,9,0,18,0,0,1,0,0,0,1,1,6,2,59,9,1461,2,4,3,2,3
2016170L10266,2,9,0,18,0,0,0,0,0,0,1,1,6,1,68,10,1586,1,6,2,3,2
2016170L10346,1,5,0,18,0,0,0,0,0,0,1,1,2,1,45,7,1043,1,4,2,2,2
2016170L10346,2,9,0,2,0,0,0,0,0,0,2,1,6,1,65,9,1560,2,3,2,2,2
2016170L10356,1,19,0,1,0,1,0,0,0,0,2,1,1,1,39,7,1753,2,12,10,1,10
2016170L10406,1,9,0,16,0,0,1,0,1,4,3,1,6,2,37,7,1248,2,9,1,1,1
2016170L10406,2,9,0,16,0,0,1,0,1,4,4,1,6,1,46,8,1124,1,13,3,1,3
2016170L10476,1,19,0,9,0,8,0,0,0,0,1,1,1,1,33,6,1598,2,1,9,1,9
2016170L10476,2,9,0,9,0,8,0,0,0,0,1,1,6,1,39,7,1968,2,4,1,3,1
2016170L10556,1,9,0,9,0,6,0,0,1,11,3,1,6,1,70,10,1248,2,2,6,1,6
2016170L10556,2,9,0,18,0,8,0,0,0,0,1,1,6,1,28,6,-1,-1,-1,3,2,3
2016170L10566,1,9,0,18,0,0,0,0,0,0,1,1,6,1,60,9,2143,2,1,3,1,3
2016170L10566,2,9,0,6,0,0,0,0,0,0,3,1,6,1,41,7,1199,1,14,1,1,1
2016170L10626,1,1,0,18,0,8,0,0,0,0,4,1,6,1,43,7,-1,-1,-1,8,2,8
2016170L10626,2,9,0,9,0,4,0,0,0,0,1,1,6,1,67,10,1586,1,8,10,1,10
2016170L10646,1,9,0,18,0,8,0,0,0,0,1,1,6,2,81,11,1995,1,10,1,2,1
2016170L10646,2,9,0,18,0,8,0,0,0,0,1,1,6,3,-1,-1,1910,2,13,-1,-1,-1
2016170L10696,1,9,0,4,0,0,0,0,0,0,2,1,6,2,21,5,998,1,1,9,2,9
2016170L10696,2,9,0,18,0,0,0,0,0,0,1,1,6,2,29,6,1398,1,5,1,2,1
2016170L10696,3,9,0,2,0,0,0,0,0,0,0,1,6,2,26,6,1229,1,9,4,2,4
2016170L10706,1,9,0,18,0,0,0,0,0,0,1,1,6,1,58,9,1248,1,4,1,1,1
2016170L10706,2,9,0,18,0,0,0,0,0,0,1,1,6,1,66,10,1560,2,2,1,1,1
2016170L10706,3,9,0,18,0,0,0,10,1,9,1,1,6,2,48,8,1951,2,13,3,3,3
2016170L10776,1,9,0,4,0,0,0,0,0,0,2,1,6,1,38,7,1595,2,6,5,3,5
2016170L10776,2,9,0,18,0,0,0,0,0,0,1,1,6,1,72,10,1197,1,5,6,1,6
2016170L10826,1,9,0,18,0,0,0,0,1,4,1,1,6,1,18,4,1229,1,11,10,1,10
2016170L10846,1,9,0,18,0,0,0,0,1,9,1,1,6,1,29,6,1341,1,12,-1,-1,-1
2016170L11006,1,3,0,17,0,0,0,0,0,0,4,1,6,1,57,9,1140,1,38,8,3,8
2016170L11006,2,97,0,16,0,0,0,0,0,0,0,1,6,3,-1,-1,-1,-1,-1,-1,-1,-1
2016170L11036,1,9,0,18,0,0,5,0,2,11,1,1,6,1,21,5,2495,2,13,9,3,9
2016170L11046,1,9,0,9,0,8,0,0,0,0,3,1,6,1,39,7,1598,2,1,1,1,1
2016170L11046,2,9,0,18,0,8,0,0,0,0,1,1,6,2,26,6,1248,1,3,-1,-1,-1
2016170L11056,1,9,0,5,0,2,0,0,0,0,1,1,6,2,80,11,1339,1,1,7,1,7
2016170L11086,1,9,0,18,0,4,0,0,0,0,1,1,6,1,54,8,1461,2,6,8,2,8
2016170L11086,2,9,0,18,0,4,0,0,0,0,1,1,6,2,51,8,1560,2,7,6,1,6
2016170L11096,1,5,0,16,0,0,1,0,0,0,1,1,6,1,18,4,499,1,21,1,1,1
2016170L11096,2,9,0,17,0,0,0,0,0,0,1,1,6,1,34,6,1798,1,15,-1,-1,-1
2016170L11106,1,9,0,18,0,8,0,0,0,0,1,1,6,2,36,7,1461,2,3,6,1,6
2016170L11106,2,9,0,9,0,8,0,0,0,0,1,1,6,2,75,10,1248,1,5,9,1,9
2016170L11116,1,9,0,17,0,0,1,0,5,6,3,1,6,2,73,10,998,1,2,5,2,5
2016170L11146,1,9,0,18,0,1,0,0,0,0,1,1,6,1,31,6,1781,1,16,8,2,8
2016170L11146,2,9,0,10,0,1,0,0,0,0,2,1,6,1,69,10,1598,1,1,7,1,7
2016170L11156,1,9,0,9,0,6,0,0,0,0,3,1,1,1,61,9,1956,2,3,5,1,5
2016170L11156,2,5,0,18,0,8,0,0,0,0,1,1,6,1,40,7,847,1,-1,10,1,10
2016170L11176,1,9,0,18,0,8,0,0,0,0,1,1,6,2,83,11,1229,1,3,1,1,1
2016170L11176,2,9,0,18,0,8,0,0,7,10,1,1,6,1,59,9,1997,2,5,5,2,5
2016170L11246,1,9,0,2,0,0,0,0,1,9,2,1,6,1,36,7,1896,2,8,4,1,4
2016170L11246,2,9,0,18,0,0,5,0,0,0,1,1,6,2,79,11,1360,1,15,10,1,10
2016170L11256,1,5,0,9,0,2,2,0,0,0,3,1,6,1,39,7,689,1,1,10,1,10
2016170L11276,1,9,0,9,0,8,0,0,0,0,3,1,6,1,-1,-1,-1,-1,-1,6,3,6
2016170L11276,2,9,0,18,0,8,0,0,0,0,1,1,6,1,26,6,-1,-1,-1,9,1,9
2016170L11286,1,8,0,9,0,6,0,0,0,0,3,1,1,1,45,7,1956,2,3,8,1,8
2016170L11286,2,9,0,18,0,8,0,0,0,0,1,1,6,1,54,8,-1,-1,-1,10,1,10
2016170L11326,1,9,0,17,0,0,5,0,7,0,1,1,6,1,19,4,1248,2,11,2,2,2
2016170L11336,1,9,0,18,0,0,1,0,0,0,1,1,6,1,70,10,1896,2,9,2,2,2
2016170L11336,2,9,0,18,0,0,0,0,0,0,1,1,6,1,36,7,1242,1,8,5,1,5
2016170L11336,3,9,0,18,0,0,0,0,0,0,1,1,6,1,29,6,1870,2,13,2,1,2
2016170L11336,4,9,0,18,0,0,0,0,0,0,1,1,6,1,19,4,1248,2,7,4,2,4
2016170L11366,1,9,0,18,0,3,1,0,1,1,1,1,6,1,62,9,918,1,13,-1,-1,-1
2016170L11406,1,9,0,9,0,8,0,0,0,0,1,1,6,1,24,5,1560,2,10,3,1,3
2016170L11406,2,9,0,18,0,8,0,0,0,0,1,1,6,2,57,9,2993,2,5,10,1,10
2016170L11556,1,11,0,4,0,0,0,0,1,5,4,1,1,1,61,9,9600,2,20,8,2,8
2016170L11596,1,9,0,18,0,2,0,0,0,0,1,1,2,1,24,5,2997,1,15,1,2,1
2016170L11596,2,9,0,9,0,2,0,0,0,0,2,1,2,2,21,5,1242,1,2,3,2,3