Accident_Index,Vehicle_Reference,Vehicle_Type,Towing_and_Articulation,Vehicle_Manoeuvre,Vehicle_Location-Restricted_Lane,Junction_Location,Skidding_and_Overturning,Hit_Object_in_Carriageway,Vehicle_Leaving_Carriageway,Hit_Object_off_Carriageway,1st_Point_of_Impact,Was_Vehicle_Left_Hand_Drive?,Journey_Purpose_of_Driver,Sex_of_Driver,Age_of_Driver,Age_Band_of_Driver,Engine_Capacity_(CC),Propulsion_Code,Age_of_Vehicle,Driver_IMD_Decile,Driver_Home_Area_Type,Vehicle_IMD_Decile
2016170L11616,1,9,0,3,0,0,0,0,0,0,2,1,6,2,35,6,-1,-1,-1,10,1,10
2016170L11616,2,9,0,3,0,0,0,0,0,0,2,1,6,1,69,10,1339,1,4,7,1,7
2016170L11616,3,9,0,17,0,0,0,0,0,0,1,1,6,1,78,11,998,1,1,4,1,4
2016170L11636,1,11,0,18,0,1,0,0,0,0,0,1,1,1,61,9,2461,2,6,-1,-1,-1
2016170L20016,1,9,0,16,0,2,0,0,0,0,4,1,1,1,63,9,-1,-1,-1,5,1,5
2016170L20046,1,9,0,18,0,0,0,0,0,0,1,1,6,2,28,6,1595,1,8,2,1,2
2016170L20096,1,9,0,3,0,1,0,0,0,0,2,1,6,2,26,6,2148,2,11,2,1,2
2016170L20096,2,9,0,5,0,1,0,0,0,0,1,1,1,2,37,7,1587,1,11,4,1,4
2016170L20106,1,9,0,18,0,0,0,0,0,0,2,1,3,2,29,6,1560,2,1,1,1,1
2016170L20106,2,9,0,18,0,0,0,0,0,0,1,1,6,1,17,4,1388,1,12,1,1,1
2016170L20116,1,1,0,18,0,6,0,0,0,0,1,1,2,1,46,8,-1,-1,-1,1,1,1
2016170L20116,2,9,0,18,0,3,0,0,0,0,1,1,2,1,52,8,2993,2,10,1,1,1
2016170L20126,1,1,0,18,0,0,0,0,0,0,3,1,2,1,29,6,-1,-1,-1,4,1,4
2016170L20126,2,9,0,13,0,0,0,0,0,0,4,1,6,3,-1,-1,-1,-1,-1,-1,-1,-1
2016170L20136,1,9,0,10,0,1,0,0,0,0,2,1,6,1,33,6,1968,2,1,3,1,3
2016170L20136,2,9,0,3,0,1,0,0,0,0,2,1,6,2,47,8,1199,1,15,1,1,1
2016170L20136,3,9,0,18,0,1,0,0,0,0,1,1,6,2,44,7,1997,2,13,6,1,6
2016170L20166,1,9,0,9,0,8,0,0,0,0,1,1,6,2,24,5,1198,1,5,4,1,4
2016170L20166,2,9,0,18,0,8,0,0,0,0,1,1,2,1,19,4,1390,1,6,6,1,6
2016170L20166,3,9,0,18,0,1,0,0,0,0,1,1,6,1,49,8,-1,-1,-1,4,1,4
2016170L20186,1,9,0,18,0,0,0,0,0,0,3,1,6,2,55,8,1242,1,5,6,1,6
2016170L20216,1,9,0,18,0,1,0,0,0,0,1,1,6,2,-1,-1,1124,1,10,-1,-1,-1
2016170L20216,2,9,0,3,0,1,0,0,0,0,2,1,6,2,34,6,1390,1,5,1,1,1
2016170L20236,1,10,0,18,0,8,0,0,0,0,1,1,6,1,-1,-1,2198,2,6,-1,-1,-1
2016170L20236,2,9,0,18,0,8,0,0,0,0,1,1,6,2,25,5,1242,1,5,8,1,8
2016170L20286,1,9,0,10,0,1,0,0,0,0,2,1,6,1,30,6,1948,1,16,6,1,6
2016170L20286,2,9,0,18,0,1,5,0,7,10,1,1,6,1,39,7,1896,2,15,4,1,4
2016170L20296,1,9,0,18,0,0,0,0,0,0,1,1,6,2,83,11,1390,1,11,8,1,8
2016170L20296,2,9,0,18,0,0,0,0,0,0,2,1,2,1,48,8,1587,1,13,9,1,9
2016170L20296,3,9,0,18,0,0,0,0,0,0,2,1,6,2,36,7,1598,1,9,1,1,1
2016170L20306,1,9,0,3,0,1,0,0,0,0,2,1,6,2,29,6,1598,2,3,2,1,2
2016170L20306,2,9,0,18,0,1,0,0,0,0,1,1,6,1,28,6,1995,1,10,5,1,5
2016170L20366,1,10,0,18,0,0,0,0,0,0,3,1,1,1,30,6,-1,-1,-1,1,1,1
2016170L20376,1,9,0,18,0,0,0,0,0,0,1,1,6,2,37,7,1398,1,1,7,1,7
2016170L20396,1,9,0,18,0,0,0,0,0,0,4,1,6,2,63,9,1198,1,4,7,1,7
2016170L20416,1,9,0,18,0,2,0,0,0,0,1,1,6,2,50,8,1984,1,8,8,1,8
2016170L20446,1,9,0,18,0,0,0,10,4,0,1,1,6,1,35,6,1242,1,9,1,1,1
2016170L20446,2,9,0,18,0,0,0,0,0,0,2,1,6,1,34,6,1596,1,10,1,1,1
2016170L20466,1,9,0,9,0,8,0,0,0,0,4,1,1,1,17,4,1149,1,10,9,1,9
2016170L20466,2,9,0,18,0,8,0,0,0,0,1,1,2,2,40,7,1968,2,8,1,1,1
2016170L20466,3,9,0,10,0,1,0,0,0,0,1,1,6,2,68,10,1587,1,15,10,1,10
2016170L20496,1,19,0,3,0,8,0,0,0,0,2,1,1,1,21,5,1560,2,4,7,1,7
2016170L20496,2,9,0,18,0,8,0,0,0,0,1,1,6,1,-1,-1,-1,-1,-1,-1,-1,-1
2016170L20506,1,9,0,3,0,4,0,0,0,0,2,1,6,1,85,11,1360,1,13,4,1,4
2016170L20506,2,9,0,3,0,1,0,0,0,0,2,1,6,1,28,6,1242,1,5,1,1,1
2016170L20506,3,9,0,18,0,1,0,0,0,0,1,1,6,1,35,6,1560,2,11,9,2,9
2016170L20516,1,9,0,16,0,0,0,0,0,0,1,1,6,1,25,5,1590,1,16,-1,-1,-1
2016170L20516,2,9,0,17,0,0,0,0,0,0,1,1,6,2,58,9,1390,1,14,5,1,5
2016170L20546,1,9,0,4,0,0,0,0,0,0,2,1,6,2,31,6,1598,2,4,2,1,2
2016170L20546,2,9,0,18,0,0,0,0,0,0,1,1,6,2,30,6,1598,1,11,1,1,1
2016170L20576,1,9,0,5,0,1,0,0,0,0,2,1,6,1,46,8,1598,1,7,4,1,4
2016170L20576,2,9,0,18,0,1,0,0,0,0,1,1,6,1,26,6,999,1,-1,8,1,8
2016170L20586,1,21,0,18,0,1,0,0,0,0,1,1,1,1,61,9,12777,2,5,-1,1,-1
2016170L20586,2,9,0,4,0,1,0,0,0,0,2,1,2,2,24,5,1798,1,3,1,1,1
2016170L20636,1,9,0,7,0,8,0,0,0,0,3,1,6,1,25,5,1199,2,3,1,1,1
2016170L20636,2,1,0,18,0,6,0,0,0,0,1,1,6,1,14,3,-1,-1,-1,1,1,1
2016170L20676,1,9,0,9,0,8,0,0,0,0,1,1,6,1,29,6,1796,1,11,7,1,7
2016170L20676,2,9,0,18,0,8,0,0,0,0,1,1,6,2,24,5,-1,-1,-1,1,1,1
2016170L20716,1,9,0,7,0,2,0,0,0,0,1,1,6,1,19,4,1598,2,5,1,1,1
2016170L20726,1,9,0,18,0,8,2,10,3,7,1,1,6,1,20,4,-1,-1,-1,7,1,7
2016170L20736,1,9,0,14,0,1,0,0,0,0,1,1,6,2,51,8,1598,1,3,6,1,6
2016170L20766,1,9,0,18,0,1,0,0,0,0,1,1,6,2,51,8,1339,1,11,4,1,4
2016170L20766,2,9,0,4,0,1,0,0,0,0,2,1,6,1,31,6,1686,2,6,1,1,1
2016170L20806,1,9,0,9,9,5,0,0,0,0,1,1,6,1,28,6,-1,-1,-1,5,1,5
2016170L20836,1,9,0,18,0,8,0,0,0,0,3,1,6,1,39,7,1796,1,8,5,1,5
2016170L20836,2,9,0,1,0,6,0,0,0,0,2,1,6,1,30,6,1390,1,7,5,1,5
2016170L20856,1,9,0,9,0,8,0,0,0,0,1,1,6,2,26,6,1753,2,12,2,1,2
2016170L20856,2,1,0,18,0,8,0,0,0,0,1,1,2,2,36,7,-1,-1,-1,9,1,9
2016170L20886,1,9,0,3,0,1,0,0,0,0,2,1,6,2,48,8,1240,1,14,8,1,8
2016170L20886,2,9,0,18,0,1,0,0,0,0,1,1,6,1,-1,-1,1753,2,9,-1,-1,-1
2016170L20906,1,9,0,7,0,2,0,0,4,6,1,1,6,1,24,5,1995,2,1,6,1,6
2016170L20936,1,3,0,18,0,1,0,0,0,0,1,1,2,1,20,4,-1,-1,-1,1,1,1
2016170L20936,2,9,0,10,0,1,0,0,0,0,2,1,6,2,21,5,998,1,4,8,1,8
2016170L20946,1,9,0,14,0,0,0,0,0,0,1,1,6,2,77,11,1240,1,6,5,1,5
2016170L20946,2,9,0,16,0,0,0,0,0,0,1,1,6,1,60,9,1991,2,11,2,1,2
2016170L20966,1,9,0,9,0,2,0,0,1,4,1,1,6,2,49,8,1086,1,6,1,1,1
2016170L20976,1,9,0,18,0,0,0,0,0,0,1,1,6,1,18,4,1248,2,13,8,1,8
2016170L20976,2,9,0,4,0,0,0,0,0,0,2,1,6,2,28,6,1560,2,5,1,1,1
2016170L21076,1,9,0,9,0,8,0,0,0,0,3,1,6,2,18,4,1242,1,5,1,1,1
2016170L21076,2,4,0,13,0,8,0,0,7,2,1,1,6,1,18,4,-1,-1,-1,2,1,2
2016170L21196,1,9,0,18,0,8,0,0,0,0,1,1,6,1,27,6,1360,1,7,5,1,5
2016170L21196,2,8,0,18,0,8,0,0,0,0,4,1,1,1,44,7,1598,2,3,1,1,1
2016170L21296,1,9,0,4,0,0,0,0,0,0,0,1,6,3,-1,-1,-1,-1,-1,-1,-1,-1
2016170L21296,2,9,0,4,0,0,0,0,0,0,2,1,6,1,60,9,1995,2,1,-1,-1,-1
2016170L21296,3,19,0,4,0,0,0,0,0,0,1,1,1,1,70,10,2151,2,11,-1,-1,-1
2016170L21316,1,9,0,9,0,1,0,0,0,0,2,1,6,1,30,6,1388,1,12,1,1,1
2016170L21316,2,8,0,18,0,1,0,0,0,0,1,1,1,1,61,9,1560,2,3,2,1,2
2016170L21386,1,9,0,11,4,0,0,0,0,0,4,1,6,1,-1,-1,-1,-1,-1,-1,-1,-1
2016170L21386,2,1,0,18,4,0,0,0,0,0,3,1,2,1,64,9,-1,-1,-1,1,1,1
2016170L21436,1,9,0,18,0,0,0,0,0,0,1,1,6,2,25,5,1199,1,16,4,1,4
2016170L21446,1,9,0,18,0,0,0,0,0,0,1,1,2,1,23,5,1798,1,1,9,1,9
2016170L21446,2,9,0,3,0,0,0,0,0,0,2,1,2,2,47,8,1798,1,9,8,1,8
2016170L21446,3,20,0,3,0,0,0,0,0,0,4,1,2,1,57,9,2198,2,4,6,1,6
2016170L21456,1,9,0,18,0,4,0,0,0,0,1,1,2,1,40,7,1242,1,8,1,1,1
2016170L21456,2,1,0,18,0,8,0,0,0,0,4,1,2,1,65,9,-1,-1,-1,2,1,2
2016170L21486,1,9,0,14,0,1,0,0,0,0,1,1,6,2,53,8,1968,2,3,8,3,8
2016170L21506,1,9,0,18,0,0,0,0,0,0,1,1,6,2,57,9,1598,1,9,7,1,7
2016170L21546,1,9,0,18,0,0,0,0,0,0,4,1,6,1,25,5,-1,-1,-1,9,1,9
2016170L21566,1,9,0,18,0,1,0,0,0,0,4,1,6,3,-1,-1,-1,-1,-1,-1,-1,-1
2016170L21576,1,8,0,9,0,8,0,0,0,0,1,1,1,1,64,9,1896,2,6,1,1,1
2016170L21576,2,9,0,18,0,8,0,0,1,10,1,1,6,1,36,7,1396,1,15,1,1,1
2016170L30036,1,9,0,18,0,1,0,0,0,0,1,1,6,3,-1,-1,-1,-1,-1,-1,-1,-1
2016170L30056,1,9,0,18,0,0,0,0,0,0,3,1,2,1,53,8,1753,2,6,7,1,7
2016170L30056,2,9,0,18,0,0,0,0,0,0,1,1,2,1,60,9,1968,2,8,7,3,7
2016170L30056,3,9,0,18,0,0,0,0,0,0,3,1,2,2,33,6,1598,2,2,3,1,3
2016170L30156,1,9,0,2,0,1,0,0,0,0,4,1,6,2,24,5,996,1,2,2,1,2
2016170L30156,2,9,0,1,0,6,0,0,0,0,2,1,6,1,66,10,1597,2,2,5,1,5
2016170L30196,1,9,0,16,0,8,0,0,0,0,1,1,6,1,81,11,1390,1,18,2,1,2
2016170L30196,2,9,0,17,0,8,0,0,0,0,1,1,6,1,40,7,1968,2,8,3,1,3
2016170L30276,1,9,0,18,0,1,0,0,0,0,1,1,2,2,30,6,1598,1,4,5,1,5
2016170L30276,2,9,0,3,0,1,0,0,0,0,2,1,3,1,38,7,1461,2,7,2,1,2
2016170L30316,1,9,0,7,0,8,0,0,0,0,3,1,2,2,31,6,1598,1,10,4,1,4
2016170L30316,2,1,0,18,0,8,0,0,0,0,1,1,6,2,66,10,-1,-1,-1,9,1,9
2016170L30456,1,9,0,17,0,2,0,0,0,0,4,1,6,1,38,7,1598,1,15,5,2,5
2016170L30456,2,1,0,18,0,6,0,0,0,0,1,1,6,1,17,4,-1,-1,-1,4,1,4
2016170L30526,1,9,0,18,0,0,0,0,0,0,1,1,6,1,20,4,1364,1,8,1,1,1
2016170L30536,1,8,0,18,0,0,5,7,0,0,1,1,1,1,63,9,1896,2,8,1,1,1
2016170L30596,1,9,0,1,0,6,0,0,0,0,3,1,6,1,39,7,1998,2,11,4,1,4
2016170L30596,2,19,0,18,0,8,0,0,0,0,1,1,1,1,41,7,1248,2,6,5,1,5
2016170L30606,1,9,0,18,0,2,0,0,0,0,3,1,6,2,49,8,2000,2,7,5,1,5
2016170L30606,2,1,0,18,0,2,0,0,0,0,1,1,6,1,41,7,-1,-1,-1,1,1,1
2016170L30616,1,19,0,2,0,0,0,0,0,0,3,1,6,1,44,7,1910,2,8,9,1,9
2016170L30616,2,1,0,14,0,0,0,0,0,0,1,1,6,1,33,6,-1,-1,-1,8,2,8
2016170L30686,1,11,0,4,0,1,0,0,0,0,0,1,1,1,44,7,6700,2,6,3,3,3
2016170L30756,1,9,0,18,0,8,0,0,0,0,1,1,6,2,22,5,1339,1,11,6,1,6
2016170L30756,2,9,0,9,0,8,0,0,0,0,1,1,6,1,18,4,1000,1,-1,9,2,9
2016170L30786,1,1,0,18,0,4,0,0,0,0,3,1,6,2,34,6,-1,-1,-1,5,1,5
2016170L30786,2,9,0,18,0,4,0,0,0,0,4,1,6,3,-1,-1,-1,-1,-1,-1,-1,-1
2016170L30816,1,9,0,9,0,8,0,0,0,0,3,1,6,1,29,6,-1,-1,-1,6,1,6
2016170L30816,2,9,0,14,0,8,0,0,0,0,1,1,6,1,54,8,1798,1,4,2,1,2
2016170L30876,1,9,0,9,0,8,0,0,0,0,1,1,6,1,47,8,1390,1,10,1,1,1
2016170L30876,2,1,0,18,0,8,0,0,0,0,4,1,2,2,47,8,-1,-1,-1,4,1,4
2016170L30896,1,9,0,3,0,0,0,0,0,0,2,1,6,1,65,9,1349,1,5,2,1,2
2016170L30896,2,9,0,3,0,0,0,0,0,0,2,1,6,1,-1,-1,1995,2,10,-1,-1,-1
2016170L30896,3,9,0,3,0,0,0,0,0,0,2,1,6,1,52,8,1598,1,12,1,1,1
2016170L30896,4,9,0,3,0,0,0,0,0,0,2,1,6,1,51,8,1998,1,9,4,2,4
2016170L30896,5,9,0,18,0,0,0,0,0,0,1,1,6,2,66,10,1796,1,18,7,1,7
2016170L30956,1,9,0,4,0,0,0,0,0,0,2,1,2,2,56,9,1398,2,1,8,1,8
2016170L30956,2,9,0,18,0,0,0,0,0,0,1,1,6,1,-1,-1,1298,1,17,-1,-1,-1
2016170L30986,1,19,0,18,0,1,0,0,0,0,1,1,1,1,52,8,2402,2,6,1,1,1
2016170L30996,1,9,0,13,0,0,0,0,0,0,1,1,6,2,86,11,1598,1,3,1,1,1
2016170L30996,2,9,0,18,0,0,0,0,0,0,1,1,6,1,69,10,1951,2,13,7,1,7
2016170L30996,3,9,0,18,0,0,0,0,0,0,1,1,6,2,55,8,1461,2,1,2,1,2
2016170L31026,1,9,0,18,0,8,0,0,0,0,1,1,6,3,-1,-1,1997,2,12,-1,-1,-1
2016170L31026,2,9,0,18,0,8,0,0,0,0,4,1,6,1,24,5,1968,2,7,5,2,5
2016170L31066,1,9,0,9,0,8,0,0,0,0,1,1,6,2,37,7,1910,2,8,4,2,4
2016170L31066,2,1,0,18,0,8,0,0,0,0,1,1,6,1,80,11,-1,-1,-1,-1,-1,-1
2016170L31126,1,9,0,3,0,1,0,0,0,0,2,1,6,2,27,6,1198,1,11,1,1,1
2016170L31126,2,9,0,3,0,1,0,0,0,0,2,1,6,2,48,8,1598,1,2,5,1,5
2016170L31126,3,9,0,18,0,1,0,0,0,0,1,1,6,1,31,6,1995,2,1,6,1,6
2016170L31136,1,9,0,7,0,8,0,0,0,0,1,1,2,1,31,6,1604,1,8,1,1,1
2016170L31136,2,1,0,18,0,8,0,0,0,0,4,1,2,1,44,7,-1,-1,-1,1,1,1
2016170L31166,1,9,0,18,0,0,0,0,7,4,1,1,6,2,51,8,1461,2,-1,1,1,1
2016170L31266,1,9,0,2,9,0,0,0,0,0,0,1,6,1,44,7,2495,2,19,5,1,5
2016170L31266,2,1,0,18,9,0,0,0,0,0,1,1,6,1,13,3,-1,-1,-1,6,1,6
2016170L31306,1,9,0,18,0,0,1,0,1,2,1,1,6,1,17,4,1198,1,12,9,1,9
2016170L31416,1,9,0,9,0,1,0,0,0,0,2,1,6,2,54,8,1399,2,9,7,1,7
2016170L31416,2,9,0,18,0,1,0,0,0,0,1,1,6,2,33,6,1199,1,13,6,1,6
2016170L31426,1,9,0,18,0,0,0,0,0,0,1,1,6,2,37,7,1598,2,1,9,1,9
2016170L31426,2,1,0,18,0,0,0,0,0,0,2,1,6,1,10,2,-1,-1,-1,1,1,1
2016170L31426,3,1,0,18,0,0,0,0,0,0,2,1,6,1,10,2,-1,-1,-1,1,1,1
2016170L31476,1,9,0,18,0,4,0,0,0,0,1,1,2,2,40,7,2494,1,17,4,2,4
2016170L31476,2,3,0,9,0,8,0,0,0,0,4,1,6,1,52,8,123,1,-1,2,1,2
2016170L31496,1,9,0,1,0,6,0,0,0,0,0,1,6,1,36,7,2496,2,14,1,1,1
2016170L31516,1,9,0,18,0,0,0,0,0,0,3,1,6,1,25,5,-1,-1,-1,1,1,1
2016170L31516,2,9,0,13,0,0,0,0,0,0,4,1,6,1,43,7,1995,2,9,1,1,1
2016170L31516,3,9,0,1,0,0,0,0,0,0,1,1,6,1,66,10,1598,1,1,1,1,1
2016170L31516,4,9,0,18,0,0,0,0,0,0,1,1,6,2,39,7,1461,2,-1,9,1,9
2016170L31526,1,9,0,18,0,2,0,0,0,0,1,1,6,2,23,5,1242,1,7,7,1,7
2016170L31526,2,1,0,18,0,2,0,0,0,0,1,1,6,1,10,2,-1,-1,-1,-1,-1,-1
2016170L31536,1,1,0,12,0,0,0,0,0,0,1,1,6,1,35,6,-1,-1,-1,5,1,5
2016170L31536,2,9,0,18,0,0,0,0,0,0,4,1,6,2,46,8,1598,1,9,7,1,7
2016170L31586,1,9,0,1,0,0,0,0,0,0,2,1,6,1,48,8,1299,1,16,2,1,2
2016170L31586,2,9,0,3,0,0,0,0,0,0,4,1,6,1,44,7,1598,1,15,1,1,1
2016170L40086,1,9,0,17,0,8,0,0,0,0,1,1,6,1,59,9,-1,-1,-1,8,2,8
2016170L40086,2,9,0,18,0,8,0,0,0,0,1,1,6,1,74,10,998,1,3,6,1,6
2016170L40146,1,9,0,18,0,4,0,0,0,0,3,1,6,1,62,9,2494,8,1,-1,-1,-1
2016170L40146,2,1,0,18,0,8,0,0,0,0,1,1,2,1,29,6,-1,-1,-1,5,2,5
2016170L40426,1,9,0,18,0,8,0,0,0,0,1,1,6,2,26,6,1242,1,12,5,2,5
2016170L40426,2,9,0,9,0,8,0,0,0,0,1,1,6,2,54,8,1598,1,14,8,2,8
2016170L40436,1,9,0,9,0,8,0,0,0,0,1,1,6,1,56,9,1997,2,15,9,2,9
2016170L40436,2,9,0,18,0,8,0,0,0,0,1,1,6,2,30,6,1560,2,12,9,2,9
2016170L40656,1,9,0,9,0,8,0,0,0,0,1,1,6,2,52,8,1896,2,17,5,3,5
2016170L40656,2,9,0,18,0,8,0,0,0,0,1,1,6,1,54,8,1995,2,1,9,1,9
2016170L40656,3,9,0,10,0,1,0,0,0,0,1,1,6,1,60,9,2179,2,6,9,2,9
2016170L40916,1,9,0,9,9,6,0,0,0,0,3,1,3,2,39,7,1998,2,4,9,2,9
2016170L40916,2,1,0,18,9,8,0,0,0,0,1,1,6,1,17,4,-1,-1,-1,8,2,8
2016170L41016,1,9,0,18,0,0,0,0,0,0,1,1,6,1,17,4,1242,1,13,8,2,8
2016170L41016,2,1,0,4,0,0,0,0,0,0,2,1,6,1,15,3,-1,-1,-1,9,1,9
2016170L41236,1,9,0,18,0,0,0,0,0,0,1,1,6,1,44,7,1896,2,6,4,1,4
2016170L41376,1,9,0,9,0,4,0,0,0,0,1,1,6,1,20,4,1461,2,14,5,2,5
2016170L41376,2,1,0,18,0,8,0,0,0,0,1,1,6,1,17,4,-1,-1,-1,1,2,1
2016170L41606,1,20,0,2,0,0,0,0,0,0,2,1,1,1,-1,-1,2998,2,-1,-1,-1,-1
2016170L41606,2,9,0,16,0,0,0,0,0,0,1,1,6,1,74,10,-1,-1,-1,-1,-1,-1
2016170L41606,3,9,0,16,0,0,0,0,0,0,1,1,6,2,83,11,999,1,-1,-1,-1,-1
2016170L50326,1,9,0,9,0,8,0,0,0,0,1,1,6,1,40,7,1896,2,13,6,2,6
2016170L50326,2,9,0,18,0,8,0,0,0,0,1,1,6,2,44,7,1598,1,6,5,2,5
2016170L50796,1,9,0,18,0,1,0,0,0,0,1,1,6,2,45,7,1560,2,3,2,3,2
2016170L50796,2,9,0,10,0,1,0,0,0,0,2,1,1,1,34,6,1388,1,10,1,2,1
2016170L50926,1,2,0,18,0,0,0,0,0,0,0,1,2,1,52,8,49,1,3,2,1,2
2016170L50926,2,19,0,13,0,0,0,0,0,0,0,1,6,3,-1,-1,-1,-1,-1,-1,-1,-1
2016170L51206,1,9,0,9,0,8,0,0,0,0,4,1,6,2,50,8,1199,1,14,1,3,1
2016170L51206,2,5,0,18,0,8,0,0,0,0,1,1,6,1,34,6,999,1,5,1,1,1
2016170L51216,1,9,0,18,0,1,0,0,0,0,3,1,6,1,59,9,-1,-1,-1,2,3,2
2016170L51216,2,1,0,18,0,6,0,0,0,0,1,1,6,1,11,3,-1,-1,-1,1,2,1
2016170L51346,1,11,0,2,0,2,0,0,0,0,0,1,1,1,50,8,4461,2,2,8,2,8
2016170L51356,1,9,0,18,0,8,0,0,0,0,1,1,6,2,30,6,1560,2,10,1,2,1
2016170L51356,2,9,0,9,0,8,0,0,0,0,1,1,6,1,20,4,1686,2,4,1,1,1
2016170M10016,1,9,0,18,0,0,0,0,0,0,1,1,6,2,20,4,1242,1,15,3,1,3
2016170M10016,2,9,0,7,0,0,0,0,0,0,2,1,6,2,23,5,3179,1,11,2,1,2
2016170M10026,1,9,0,18,0,4,0,0,0,0,1,1,6,2,26,6,1248,2,2,7,1,7
2016170M10026,2,1,0,18,0,8,0,0,0,0,4,1,2,1,39,7,-1,-1,-1,2,1,2
2016170M10046,1,1,0,18,0,8,0,0,0,0,1,1,6,1,43,7,-1,-1,-1,1,1,1
2016170M10046,2,9,0,18,0,1,0,0,0,0,1,1,6,1,44,7,998,1,3,8,1,8
2016170M10076,1,11,0,18,0,8,0,0,0,0,1,1,1,1,47,8,6871,2,7,1,1,1
2016170M10076,2,9,0,9,0,8,0,0,0,0,1,1,6,1,25,5,1998,1,8,1,1,1
2016170M10106,1,9,0,4,0,0,0,0,0,0,2,1,6,1,65,9,1560,2,4,1,1,1
2016170M10106,2,9,0,18,0,0,0,0,0,0,1,1,6,1,56,9,-1,-1,-1,1,1,1
2016170M10116,1,9,0,18,0,8,0,0,0,0,1,1,6,2,31,6,1242,1,10,4,1,4
2016170M10116,2,9,0,18,0,8,0,0,0,0,1,1,6,2,49,8,1560,2,9,-1,-1,-1
2016170M10116,3,9,0,8,0,1,0,0,0,0,1,1,6,1,23,5,1360,1,12,8,3,8
2016170M10126,1,1,0,18,0,8,0,0,0,0,1,1,6,1,30,6,-1,-1,-1,-1,-1,-1
2016170M10126,2,9,0,18,0,8,0,0,0,0,1,1,6,2,28,6,1388,1,10,10,1,10
2016170M10136,1,9,0,3,0,0,0,0,0,0,2,1,6,2,43,7,2000,1,10,2,1,2
2016170M10136,2,9,0,18,0,0,0,0,0,0,1,1,6,2,37,7,1341,1,12,9,2,9
2016170M10156,1,9,0,9,0,8,0,0,0,0,1,1,6,2,44,7,1995,2,12,-1,-1,-1
2016170M10156,2,9,0,18,0,8,0,0,0,0,1,1,6,1,37,7,1399,2,9,1,1,1
2016170M10156,3,8,0,10,0,1,0,0,0,0,1,1,1,1,54,8,1896,2,6,-1,-1,-1
2016170M10176,1,9,0,18,0,1,0,0,0,0,1,1,6,1,33,6,1560,2,9,1,1,1
2016170M10196,1,9,0,7,0,8,0,0,1,10,1,1,6,1,18,4,1968,2,6,1,1,1
2016170M10196,2,9,0,7,0,8,0,0,0,0,1,1,1,1,38,7,-1,-1,-1,9,3,9
2016170M10216,1,1,0,18,0,8,0,0,0,0,3,1,6,1,26,6,-1,-1,-1,4,1,4
2016170M10216,2,9,0,7,0,8,0,0,0,0,1,1,6,3,-1,-1,-1,-1,-1,-1,-1,-1
2016170M10236,1,19,0,18,0,0,0,0,0,0,1,1,1,1,35,6,1870,2,10,-1,-1,-1
2016170M10236,2,9,0,3,0,0,0,0,0,0,2,1,6,2,65,9,1396,1,13,-1,-1,-1
2016170M10236,3,9,0,3,0,0,0,0,0,0,2,1,6,1,32,6,1896,2,17,-1,-1,-1
2016170M10236,4,9,0,3,0,0,0,0,0,0,2,1,6,1,40,7,2401,2,9,4,3,4
2016170M10246,1,9,0,18,0,0,0,0,0,0,1,1,6,2,-1,-1,-1,-1,-1,-1,-1,-1
2016170M10246,2,1,0,18,0,0,0,0,0,0,2,1,6,1,27,6,-1,-1,-1,1,1,1
2016170M10276,1,11,0,2,0,0,0,0,0,0,0,1,1,1,47,8,6696,2,2,-1,-1,-1
2016170M10286,1,9,0,18,0,0,0,0,0,0,1,1,6,3,-1,-1,6208,1,4,-1,-1,-1
2016170M10286,2,9,0,18,0,0,0,0,4,6,2,1,2,1,32,6,1596,1,12,1,1,1
2016170M10326,1,9,0,9,0,8,0,0,0,0,3,1,6,1,22,5,-1,-1,-1,1,1,1
2016170M10326,2,9,0,18,0,8,0,0,0,0,1,1,6,1,67,10,1198,1,6,8,2,8
2016170M10336,1,3,0,18,0,8,0,0,0,0,1,1,6,1,24,5,124,1,15,1,1,1
2016170M10336,2,9,0,9,0,8,0,0,0,0,4,1,6,2,23,5,1422,2,9,7,1,7
2016170M10346,1,5,0,18,0,0,0,0,0,0,1,1,2,1,31,6,899,1,18,1,1,1
2016170M10346,2,9,0,2,0,0,0,0,0,0,3,1,6,1,-1,-1,1796,1,15,-1,-1,-1
2016170M10416,1,8,0,5,0,0,0,0,0,0,4,1,1,1,-1,-1,1896,2,8,-1,-1,-1
2016170M10476,1,9,0,3,0,2,0,0,0,0,2,1,6,1,29,6,1956,2,2,1,1,1
2016170M10476,2,9,0,18,0,2,0,0,0,0,1,1,6,1,37,7,2184,2,12,1,1,1
2016170M10486,1,9,0,9,0,8,0,0,0,0,3,1,6,2,27,6,1242,1,2,5,1,5
2016170M10486,2,9,0,14,0,8,0,0,0,0,1,1,6,1,34,6,1956,2,3,8,1,8
2016170M10496,1,19,0,9,0,2,0,0,0,0,1,1,6,3,-1,-1,-1,-1,-1,-1,-1,-1
2016170M10506,1,9,0,9,0,8,0,0,0,0,4,1,6,2,18,4,1398,1,4,3,1,3
2016170M10506,2,1,0,18,0,6,0,0,0,0,1,1,6,1,44,7,-1,-1,-1,8,1,8
2016170M10526,1,8,0,18,0,8,0,0,0,0,1,1,6,3,-1,-1,-1,-1,-1,-1,-1,-1
2016170M10526,2,1,0,18,0,8,0,0,0,0,4,1,6,1,30,6,-1,-1,-1,1,1,1
2016170M10536,1,9,0,10,0,1,0,0,0,0,2,1,6,1,32,6,2143,2,4,1,1,1
2016170M10536,2,9,0,18,0,1,0,0,0,0,1,1,6,2,25,5,1461,2,10,1,1,1
2016170M10536,3,9,0,18,0,1,0,0,0,0,1,1,6,2,35,6,998,1,9,1,1,1
2016170M10546,1,8,0,18,0,0,0,10,4,6,3,1,1,1,42,7,1968,2,5,1,1,1
2016170M10546,2,21,0,11,0,0,0,0,0,0,4,1,1,1,52,8,12740,2,2,-1,-1,-1