Accident_Index,Vehicle_Reference,Vehicle_Type,Towing_and_Articulation,Vehicle_Manoeuvre,Vehicle_Location-Restricted_Lane,Junction_Location,Skidding_and_Overturning,Hit_Object_in_Carriageway,Vehicle_Leaving_Carriageway,Hit_Object_off_Carriageway,1st_Point_of_Impact,Was_Vehicle_Left_Hand_Drive?,Journey_Purpose_of_Driver,Sex_of_Driver,Age_of_Driver,Age_Band_of_Driver,Engine_Capacity_(CC),Propulsion_Code,Age_of_Vehicle,Driver_IMD_Decile,Driver_Home_Area_Type,Vehicle_IMD_Decile
2016170S11026,2,9,0,4,0,0,0,0,0,0,2,1,2,2,25,5,998,1,13,10,2,10
2016170S11036,1,9,0,9,0,8,0,0,0,0,1,1,6,1,21,5,1596,1,13,3,3,3
2016170S11036,2,9,0,18,0,8,0,0,0,0,3,1,6,1,39,7,1896,2,10,6,1,6
2016170S11066,1,9,0,18,0,2,0,0,0,0,1,1,6,3,-1,-1,-1,-1,-1,-1,-1,-1
2016170S11076,1,9,0,18,0,1,0,0,0,0,1,1,6,2,22,5,998,1,-1,5,1,5
2016170S11076,2,1,0,18,0,2,0,0,0,0,1,1,6,1,14,3,-1,-1,-1,3,1,3
2016170S11116,1,9,0,18,0,0,0,0,0,0,1,1,6,1,19,4,1242,1,11,3,1,3
2016170S11116,2,5,0,4,0,0,0,0,0,0,2,1,6,1,44,7,955,1,15,-1,-1,-1
2016170S11116,3,9,0,4,0,0,0,0,0,0,2,1,6,1,55,8,1339,1,6,10,1,10
2016170S11126,1,9,0,4,0,0,0,0,0,0,2,1,2,2,27,6,1242,1,4,7,1,7
2016170S11126,2,9,0,18,0,0,0,0,0,0,1,1,2,2,29,6,2204,2,9,2,1,2
2016170S11156,1,8,0,18,0,2,0,0,0,0,1,1,1,1,38,7,1910,2,8,2,1,2
2016170S11166,1,9,0,3,0,0,0,0,0,0,2,1,6,2,70,10,1242,1,1,8,1,8
2016170S11166,2,9,0,3,0,0,0,0,0,0,2,1,6,2,19,4,1360,1,12,6,1,6
2016170S11166,3,9,0,3,0,0,0,0,0,0,2,1,6,1,24,5,1149,1,11,5,2,5
2016170S11166,4,9,0,18,0,0,0,0,0,0,1,1,6,1,38,7,1999,1,9,8,1,8
2016170S11186,1,21,1,1,0,0,0,0,0,0,0,1,1,1,46,8,11705,2,9,2,1,2
2016170S11186,2,9,0,14,0,0,0,0,0,0,1,1,6,1,-1,-1,2179,2,6,7,2,7
2016170S11226,1,9,0,18,0,0,0,0,0,0,4,1,2,2,47,8,1229,1,3,9,1,9
2016170S11236,1,5,0,18,0,0,0,0,0,0,1,1,6,3,-1,-1,599,1,16,-1,-1,-1
2016170S11286,1,9,0,18,0,2,0,0,0,0,1,1,6,2,20,4,1242,1,4,5,1,5
2016170S11306,1,11,0,18,0,0,0,0,0,0,0,1,1,1,-1,-1,-1,-1,-1,4,2,4
2016170S11316,1,9,0,17,0,8,0,0,0,0,1,1,6,2,28,6,1560,2,10,9,1,9
2016170S11316,2,9,0,9,0,8,0,0,0,0,1,1,6,2,23,5,1328,1,7,7,1,7
2016170S11366,1,9,0,18,0,0,5,10,2,4,1,1,2,2,44,7,1796,1,15,6,1,6
2016170S11376,1,9,0,17,0,0,0,0,7,0,1,1,6,1,19,4,1242,1,4,7,3,7
2016170S11376,2,9,0,16,0,0,0,0,0,0,1,1,6,1,24,5,1896,2,11,-1,-1,-1
2016170S11376,3,9,0,16,0,0,0,0,0,0,1,1,6,1,58,9,1753,2,8,3,1,3
2016170S11396,1,9,0,18,0,1,0,0,1,1,1,1,6,2,17,4,995,1,6,3,1,3
2016170S11426,1,19,0,18,0,8,0,0,1,10,1,1,1,1,46,8,1598,2,1,-1,-1,-1
2016170S11426,2,9,0,9,0,8,0,0,0,0,1,1,6,1,73,10,1596,1,7,4,1,4
2016170S11456,1,9,0,18,0,1,0,0,0,0,4,1,6,2,37,7,1794,1,12,8,1,8
2016170S11456,2,9,0,1,0,1,0,0,0,0,2,1,6,1,25,5,1968,2,9,-1,-1,-1
2016170S11476,1,9,0,17,0,8,0,0,0,0,1,1,6,1,29,6,-1,-1,-1,-1,-1,-1
2016170S11476,2,17,4,9,0,6,0,0,0,0,1,1,1,1,47,8,-1,2,10,-1,-1,-1
2016170S11486,1,9,4,3,0,1,0,0,0,0,2,1,6,1,51,8,1560,2,10,1,1,1
2016170S11486,2,9,0,18,0,1,0,0,0,0,1,1,6,2,23,5,1596,1,4,2,1,2
2016170S11516,1,9,0,4,0,2,0,0,0,0,2,1,1,1,54,8,-1,-1,-1,1,1,1
2016170S11516,2,9,0,18,0,2,0,0,0,0,1,1,6,3,-1,-1,1686,2,12,-1,-1,-1
2016170S11536,1,5,0,16,0,0,0,0,7,2,1,1,6,1,29,6,599,1,15,9,1,9
2016170S11546,1,1,0,18,0,8,0,0,0,0,1,1,6,1,53,8,-1,-1,-1,5,1,5
2016170S11546,2,9,0,9,0,8,0,0,0,0,1,1,6,2,29,6,1598,1,13,1,1,1
2016170S11566,1,9,0,18,0,0,0,0,0,0,1,1,6,1,24,5,2324,1,14,-1,-1,-1
2016170S11566,2,9,0,6,0,0,0,0,0,0,3,1,6,1,24,5,1197,1,1,-1,-1,-1
2016170S11596,1,97,0,18,0,0,0,0,0,0,1,1,6,3,-1,-1,-1,-1,-1,-1,-1,-1
2016170S11626,1,8,0,9,0,8,0,0,0,0,4,1,1,1,25,5,-1,-1,-1,-1,-1,-1
2016170S11626,2,1,0,18,0,6,0,0,0,0,1,1,6,1,52,8,-1,-1,-1,-1,-1,-1
2016170S11636,1,9,0,18,0,2,0,0,0,0,3,1,6,2,52,8,1560,2,2,3,1,3
2016170S11636,2,9,0,11,0,2,0,0,0,0,4,1,6,1,71,10,1582,2,8,9,1,9
2016170S11646,1,8,0,17,0,0,0,0,0,0,3,1,1,1,35,6,1686,2,6,7,1,7
2016170S11646,2,9,0,16,0,0,0,0,0,0,1,1,6,3,-1,-1,-1,-1,-1,-1,-1,-1
2016170S11656,1,19,0,12,0,0,0,0,0,0,3,1,1,1,28,6,1598,2,3,5,1,5
2016170S11656,2,9,0,18,0,0,0,0,0,0,4,1,6,2,77,11,1242,1,3,5,1,5
2016170S11666,1,9,0,18,0,0,0,0,2,11,1,1,6,2,68,10,996,1,3,6,1,6
2016170S11666,2,9,0,2,0,0,0,0,0,0,4,1,6,2,-1,-1,-1,-1,-1,8,1,8
2016170S11666,3,9,0,2,0,0,0,0,0,0,3,1,6,2,-1,-1,1598,1,12,7,3,7
2016170S11666,4,9,0,18,0,0,0,0,0,0,3,1,6,1,34,6,1499,2,1,9,1,9
2016170S11676,1,9,0,18,0,0,0,0,0,0,1,1,6,1,28,6,1596,1,11,2,1,2
2016170S11676,2,9,0,3,0,0,0,0,0,0,2,1,6,1,40,7,2616,1,12,1,1,1
2016170S11676,3,9,0,3,0,0,0,0,0,0,2,1,6,2,33,6,1248,2,6,2,1,2
2016170S11676,4,9,0,3,0,0,0,0,0,0,2,1,6,2,65,9,1339,1,5,8,1,8
2016170S11736,1,2,0,9,0,2,0,11,0,0,1,1,6,1,16,4,49,1,10,2,1,2
2016170S11796,1,9,0,18,0,0,0,0,0,0,1,1,6,1,22,5,-1,-1,-1,9,1,9
2016170S11796,2,9,0,4,0,0,0,0,0,0,2,1,6,1,22,5,1968,2,4,9,1,9
2016170S11796,3,9,0,4,0,0,0,0,0,0,2,1,6,1,-1,-1,1956,2,6,9,1,9
2016170S11796,4,9,0,4,0,0,0,0,0,0,2,1,6,1,-1,-1,1686,2,1,4,1,4
2016170S11816,1,9,0,18,0,0,5,0,0,0,1,1,6,3,-1,-1,1679,1,14,-1,-1,-1
2016170S11816,2,9,0,18,0,0,0,0,0,0,1,1,6,2,24,5,1753,2,7,1,1,1
2016170S11816,3,19,0,2,0,0,0,0,0,0,2,1,6,1,-1,-1,2198,2,4,-1,-1,-1
2016170S11836,1,11,0,5,0,0,0,0,0,0,4,1,1,1,48,8,6700,2,5,1,1,1
2016170S11856,1,9,0,18,0,0,0,0,0,0,1,1,6,1,30,6,1995,1,9,1,1,1
2016170S11876,1,9,0,10,0,1,0,0,0,0,3,1,6,1,38,7,1997,2,8,8,1,8
2016170S11876,2,1,0,18,0,6,0,0,0,0,1,1,6,1,23,5,-1,-1,-1,-1,-1,-1
2016170S11916,1,9,0,16,0,8,0,0,0,0,1,1,6,1,19,4,1242,1,8,-1,-1,-1
2016170S11916,2,9,0,17,0,8,0,0,0,0,3,1,6,1,50,8,1984,1,6,9,1,9
2016170S11916,3,9,0,2,0,2,0,0,0,0,3,1,6,2,-1,-1,1339,1,11,9,1,9
2016170S11926,1,9,0,18,0,0,0,0,0,0,2,1,6,2,42,7,1685,2,1,1,1,1
2016170S11926,2,5,0,18,0,0,0,0,0,0,1,1,6,3,-1,-1,583,1,16,-1,-1,-1
2016170S11946,1,9,0,18,0,0,0,0,0,0,4,1,6,2,28,6,1598,1,11,9,1,9
2016170S11956,1,19,0,18,0,1,0,0,0,0,1,1,6,3,-1,-1,-1,-1,-1,-1,-1,-1
2016170S11956,2,8,0,8,0,1,0,0,0,0,2,1,1,1,29,6,1461,2,3,1,1,1
2016170S12006,1,9,0,18,0,8,0,0,0,0,1,1,6,1,54,8,1242,1,12,3,1,3
2016170S12006,2,9,0,18,0,8,0,0,0,0,3,1,6,1,76,11,1968,2,9,8,1,8
2016170S12036,1,9,0,4,0,8,0,0,0,0,2,1,2,1,20,4,1398,1,4,3,1,3
2016170S12036,2,9,0,4,0,8,0,0,0,0,1,1,2,2,57,9,999,1,14,4,1,4
2016170S12036,3,9,0,4,0,8,0,0,0,0,1,1,6,1,22,5,1299,1,11,1,1,1
2016170S12056,1,11,0,18,0,0,0,0,0,0,3,1,1,1,28,6,6696,2,2,1,1,1
2016170S12056,2,1,0,18,0,0,0,0,0,0,1,1,6,1,53,8,-1,-1,-1,1,1,1
2016170S12066,1,11,0,2,0,0,0,0,0,0,0,1,1,1,48,8,6871,2,7,2,1,2
2016170S12086,1,9,0,18,0,8,0,0,0,0,3,1,6,1,56,9,1598,1,13,1,1,1
2016170S12086,2,9,0,7,0,8,0,0,0,0,1,1,6,1,23,5,-1,-1,-1,9,1,9
2016170S12096,1,9,0,9,0,6,0,0,0,0,1,1,1,2,44,7,1598,2,2,6,1,6
2016170S12096,2,11,0,18,0,8,0,0,0,0,1,1,1,1,56,9,6696,2,2,5,1,5
2016170S12106,1,9,0,18,0,8,0,0,0,0,1,1,6,2,34,6,1248,2,7,3,1,3
2016170S12106,2,1,0,18,0,8,0,0,0,0,1,1,6,2,41,7,-1,-1,-1,1,1,1
2016170S12116,1,9,0,18,0,0,0,0,0,0,4,1,1,1,48,8,1798,2,6,1,1,1
2016170S12186,1,9,0,18,0,0,0,0,0,0,4,1,2,2,40,7,2188,2,9,5,3,5
2016170S12196,1,9,0,18,0,1,0,0,0,0,1,1,6,2,63,9,1242,1,2,5,1,5
2016170S12196,2,1,0,18,0,6,0,0,0,0,1,1,6,1,39,7,-1,-1,-1,8,1,8
2016170S12206,1,3,0,18,0,0,0,0,0,0,1,1,6,1,21,5,125,1,1,5,1,5
2016170S12206,2,9,0,4,0,0,0,0,0,0,2,1,2,2,30,6,1968,2,-1,9,2,9
2016170S12216,1,9,0,18,0,8,0,0,0,0,1,1,6,2,52,8,1598,1,6,5,1,5
2016170S12216,2,9,0,9,0,8,0,0,0,0,1,1,6,1,42,7,998,1,10,5,1,5
2016170S12276,1,11,0,18,0,1,0,0,0,0,3,1,1,1,49,8,6700,2,5,6,1,6
2016170S12276,2,19,0,11,0,1,0,0,0,0,4,1,1,1,38,7,2143,2,1,1,2,1
2016170S12286,1,9,0,18,0,0,0,0,1,11,1,1,6,1,23,5,1896,2,9,1,1,1
2016170S12306,1,9,0,8,0,1,0,0,0,0,2,1,6,2,56,9,1461,2,9,4,1,4
2016170S12306,2,9,0,18,0,1,0,0,0,0,1,1,6,1,45,7,1598,1,12,-1,-1,-1
2016170S12316,1,9,0,8,0,1,0,0,0,0,2,1,6,2,28,6,1499,2,1,1,1,1
2016170S12316,2,9,0,7,0,1,0,0,0,0,1,1,6,1,34,6,1499,2,1,-1,-1,-1
2016170S12366,1,9,0,6,0,7,0,0,0,0,4,1,6,1,40,7,1598,1,1,1,1,1
2016170S12366,2,3,0,18,0,8,0,0,0,0,1,1,6,1,22,5,124,1,15,6,1,6
2016170S12386,1,9,0,3,0,1,0,0,0,0,3,1,6,1,39,7,998,1,2,1,1,1
2016170S12386,2,9,0,7,0,2,0,0,0,0,1,1,6,3,-1,-1,-1,-1,-1,-1,-1,-1
2016170S12406,1,9,0,12,0,0,0,0,0,0,3,1,2,1,37,7,1595,1,8,5,1,5
2016170S12406,2,9,0,18,0,0,0,0,0,0,4,1,2,1,53,8,1242,1,10,5,1,5
2016170S12406,3,9,0,2,0,0,0,0,0,0,2,1,6,1,-1,-1,-1,-1,-1,-1,-1,-1
2016170S12406,4,9,0,18,0,0,0,0,0,0,1,1,2,1,19,4,1229,1,3,5,1,5
2016170S12416,1,9,0,13,0,0,0,0,0,0,4,1,6,3,-1,-1,-1,-1,-1,-1,-1,-1
2016170S12416,2,1,0,18,0,0,0,0,0,0,3,1,2,1,28,6,-1,-1,-1,1,1,1
2016170S12426,1,8,0,1,0,1,0,0,0,0,2,1,1,1,-1,-1,-1,-1,-1,-1,-1,-1
2016170S12446,1,9,0,3,0,0,0,0,0,0,2,1,2,1,22,5,1596,1,3,1,1,1
2016170S12446,2,9,0,18,0,0,0,0,0,0,1,1,6,1,-1,-1,1560,2,5,8,1,8
2016170S12456,1,1,0,18,0,8,0,0,0,0,1,1,6,1,37,7,-1,-1,-1,4,1,4
2016170S12456,2,3,0,18,0,8,0,0,0,0,1,1,6,3,-1,-1,-1,-1,-1,-1,-1,-1
2016170S12476,1,8,0,18,0,8,0,0,0,0,3,1,1,1,50,8,1781,7,11,1,1,1
2016170S12476,2,9,0,18,0,8,0,0,0,0,1,1,6,3,-1,-1,-1,-1,-1,-1,-1,-1
2016170S12506,1,9,0,18,0,8,0,0,0,0,4,1,6,1,25,5,-1,-1,-1,1,1,1
2016170S12506,2,9,0,18,0,8,0,0,0,0,3,1,6,1,43,7,-1,-1,-1,1,1,1
2016170S12516,1,9,0,18,0,0,0,0,1,7,1,1,6,1,56,9,1598,2,-1,8,1,8
2016170S12536,1,9,0,18,0,0,0,0,0,0,1,1,6,2,66,10,1591,1,4,8,1,8
2016170S12566,1,9,0,18,0,8,0,0,0,0,1,1,6,1,57,9,1240,1,10,6,1,6
2016170S12586,1,9,0,10,0,1,0,0,0,0,2,1,6,1,46,8,998,1,1,2,1,2
2016170S12586,2,9,0,16,0,1,0,0,0,0,1,1,6,1,-1,-1,-1,-1,-1,-1,-1,-1
2016170S12616,1,9,0,18,0,1,0,0,0,0,4,1,2,2,35,6,1206,1,3,1,1,1
2016170S12636,1,9,0,9,0,8,0,0,0,0,1,1,6,1,32,6,1364,1,7,7,1,7
2016170S12636,2,8,0,18,0,8,0,0,0,0,1,1,1,1,39,7,1896,2,8,1,1,1
2016170S12656,1,8,0,9,0,8,0,0,0,0,4,1,1,1,41,7,1896,2,10,1,1,1
2016170S12656,2,8,0,18,0,4,0,0,0,0,1,1,1,1,51,8,1896,2,7,1,1,1
2016170S12666,1,9,0,3,0,0,0,0,0,0,2,1,6,2,41,7,1229,1,9,1,1,1
2016170S12666,2,9,0,18,0,0,0,0,0,0,1,1,6,1,18,4,1596,1,6,-1,-1,-1
2016170S12706,1,9,0,5,0,0,0,0,0,0,3,1,6,1,37,7,1968,2,9,3,1,3
2016170S12706,2,1,0,18,0,0,0,0,0,0,1,1,6,1,60,9,-1,-1,-1,1,1,1
2016170S12716,1,9,0,9,0,8,0,0,0,0,1,1,6,1,19,4,1388,1,12,-1,3,-1
2016170S12716,2,8,0,18,0,8,0,0,0,0,1,1,1,1,42,7,1896,2,6,9,1,9
2016170S12776,1,1,0,18,0,0,0,0,0,0,1,1,6,1,53,8,-1,-1,-1,9,1,9
2016170S12776,2,9,0,18,0,0,0,0,0,0,2,1,6,1,46,8,1796,1,18,10,1,10
2016170S12786,1,9,0,9,0,8,0,0,0,0,3,1,6,2,63,9,1149,1,4,1,1,1
2016170S12786,2,9,0,18,0,8,0,0,0,0,1,1,6,2,38,7,3982,1,-1,4,1,4
2016170S12806,1,9,0,7,0,4,0,0,0,0,1,1,6,2,46,8,1753,2,8,7,1,7
2016170S12806,2,1,0,18,0,8,0,0,0,0,4,1,6,1,53,8,-1,-1,-1,1,1,1
2016170S12826,1,9,0,10,0,1,0,0,0,0,2,1,6,2,50,8,-1,-1,-1,1,1,1
2016170S12826,2,9,0,18,0,1,0,0,0,0,1,1,6,1,21,5,1598,2,6,3,1,3
2016170S12846,1,9,0,18,0,1,0,0,1,10,3,1,6,1,25,5,1461,2,2,-1,-1,-1
2016170S12846,2,8,0,9,0,2,0,0,0,0,3,1,1,1,28,6,1598,2,3,1,1,1
2016170S12866,1,8,0,9,0,2,0,0,0,0,1,1,1,1,50,8,1753,2,10,1,1,1
2016170S12886,1,9,0,3,0,0,0,0,0,0,2,1,6,1,57,9,1242,1,-1,9,1,9
2016170S12886,2,9,0,3,0,0,0,0,0,0,2,1,6,2,69,10,1149,1,5,6,1,6
2016170S12886,3,9,0,3,0,0,0,0,0,0,2,1,6,2,21,5,998,1,5,1,1,1
2016170S12886,4,9,0,18,0,0,0,0,0,0,1,1,6,1,20,4,998,1,11,1,1,1
2016170S12896,1,8,0,10,0,8,0,0,0,0,2,1,1,1,37,7,1956,2,5,3,1,3
2016170S12896,2,19,0,9,0,8,0,0,0,0,1,1,6,1,32,6,1870,2,11,1,1,1
2016170S20036,1,9,0,17,9,0,0,0,0,0,4,1,6,1,78,11,1086,1,6,6,1,6
2016170S20066,1,9,0,7,0,3,0,0,0,0,2,1,6,1,21,5,2143,2,4,6,1,6
2016170S20066,2,9,0,18,0,1,0,0,0,0,1,1,6,2,69,10,995,1,10,4,1,4
2016170S20206,1,9,0,18,0,0,0,0,0,0,1,1,6,2,27,6,1995,2,3,9,1,9
2016170S20206,2,9,0,2,0,0,0,0,0,0,2,1,6,1,45,7,1596,1,14,9,1,9
2016170S20236,1,19,0,6,0,0,0,0,0,0,3,1,1,1,29,6,1998,2,13,1,1,1
2016170S20236,2,9,0,18,0,0,0,0,0,0,1,1,2,2,40,7,2199,2,5,8,1,8
2016170S20606,1,9,0,7,0,8,0,0,0,0,4,1,6,1,43,7,2099,1,14,4,1,4
2016170S20606,2,1,0,18,0,6,0,0,0,0,1,1,6,1,14,3,-1,-1,-1,4,1,4
2016170S20666,1,8,0,5,0,0,0,0,0,0,0,1,1,3,-1,-1,-1,-1,-1,-1,-1,-1
2016170S20726,1,20,0,13,0,0,0,0,0,0,4,1,1,1,29,6,2198,2,2,3,1,3
2016170S20726,2,1,0,18,0,0,0,0,0,0,3,1,2,1,42,7,-1,-1,-1,9,1,9
2016170S20756,1,9,0,18,0,1,0,0,0,0,3,1,6,2,43,7,1686,2,11,3,1,3
2016170S20786,1,9,0,18,0,4,0,0,0,0,1,1,6,1,77,11,1242,1,5,5,1,5
2016170S20786,2,1,0,18,0,8,0,0,0,0,4,1,6,1,42,7,-1,-1,-1,1,1,1
2016170S20816,1,9,0,2,0,2,0,0,0,0,3,1,6,2,49,8,1998,1,8,9,1,9
2016170S20816,2,1,0,14,0,2,0,0,0,0,1,1,2,1,49,8,-1,-1,-1,3,1,3
2016170S20826,1,9,0,9,0,8,0,0,0,0,1,1,6,1,36,7,2967,1,16,9,1,9
2016170S20826,2,9,0,18,0,8,0,0,0,0,1,1,6,2,60,9,1398,2,4,9,1,9
2016170S20836,1,9,0,18,0,1,0,0,0,0,1,1,6,1,-1,-1,1242,1,14,-1,-1,-1
2016170S20836,2,9,0,3,0,1,0,0,0,0,2,1,6,1,43,7,1998,2,9,6,1,6
2016170S20866,1,11,0,4,0,0,0,0,0,0,0,1,1,1,36,7,6696,2,1,9,1,9
2016170S20916,1,9,0,18,0,4,0,0,0,0,1,1,2,1,34,6,998,1,4,8,1,8
2016170S20916,2,1,0,18,0,8,0,0,0,0,2,1,2,1,46,8,-1,-1,-1,8,1,8
2016170S21056,1,9,0,18,0,1,0,0,0,0,1,1,6,3,-1,-1,-1,-1,-1,-1,-1,-1
2016170S21056,2,9,0,3,0,1,0,0,0,0,2,1,6,2,40,7,1329,1,4,8,3,8
2016170S21196,1,8,0,18,0,0,0,0,0,0,4,1,1,1,49,8,1598,2,6,9,1,9
2016170S21266,1,9,0,9,0,8,0,0,0,0,1,1,6,1,23,5,1796,1,1,6,1,6
2016170S21266,2,5,0,18,0,3,0,0,0,0,1,1,2,1,49,8,1043,1,-1,6,1,6
2016170S21296,1,9,0,3,0,0,0,0,0,0,2,1,1,1,42,7,1956,2,5,9,1,9
2016170S21296,2,9,0,3,0,0,0,0,0,0,2,1,6,1,48,8,1799,1,5,9,1,9
2016170S21296,3,9,0,18,0,0,0,0,0,0,1,1,6,1,18,4,1398,2,14,2,1,2
2016170S21336,1,9,0,9,0,8,0,0,0,0,4,1,6,1,45,7,1798,1,7,1,1,1
2016170S21336,2,9,0,18,0,8,0,0,0,0,1,1,6,2,17,4,998,1,4,9,1,9
2016170S21356,1,9,0,8,0,1,0,0,0,0,2,1,2,1,22,5,1329,1,2,4,1,4
2016170S21356,2,9,0,5,0,1,0,0,0,0,1,1,2,1,28,6,1995,2,1,1,1,1
2016170S21416,1,9,0,12,0,0,0,0,0,0,3,1,4,2,69,10,1596,1,11,6,1,6
2016170S21416,2,9,0,18,0,0,0,0,0,0,4,1,3,2,57,9,1991,2,8,3,1,3
2016170S21506,1,9,0,7,0,8,0,0,0,0,3,1,6,1,52,8,1596,1,14,1,1,1
2016170S21506,2,20,0,18,0,8,0,0,0,0,1,1,1,1,35,6,-1,-1,-1,4,1,4
2016170S21526,1,3,0,13,0,8,0,0,0,0,1,1,6,1,23,5,124,1,6,-1,-1,-1
2016170S21526,2,9,0,9,0,8,0,0,0,0,3,1,2,2,50,8,1389,1,15,-1,-1,-1
2016170S21616,1,9,0,18,0,0,0,0,0,0,1,1,2,2,20,4,998,1,5,9,1,9
2016170S21616,2,9,0,3,0,0,0,0,0,0,2,1,6,2,28,6,1900,2,16,3,1,3
2016170S21616,3,9,0,3,0,0,0,0,0,0,1,1,6,1,35,6,2183,2,6,2,1,2
2016170S21686,1,9,0,18,0,3,0,0,1,4,3,1,6,2,25,5,1499,1,-1,1,1,1
2016170S21686,2,9,0,18,0,3,0,0,1,1,4,1,6,1,36,7,1968,2,5,1,1,1
2016170S21716,1,9,0,18,0,0,0,12,0,0,1,1,6,2,21,5,1248,1,5,1,1,1
2016170S21786,1,9,0,18,0,0,5,0,0,0,3,1,6,1,47,8,1598,1,11,1,1,1
2016170S21826,1,9,0,18,0,0,0,0,1,4,1,1,6,2,34,6,1389,1,15,1,1,1
2016170S21846,1,4,0,18,0,8,0,0,0,0,4,1,2,1,53,8,865,1,7,9,1,9
2016170S21846,2,9,0,6,0,8,0,0,0,0,3,1,2,1,21,5,1968,2,4,5,2,5
2016170S21866,1,9,0,18,0,8,0,0,0,0,1,1,6,1,-1,-1,1598,1,13,-1,-1,-1
2016170S21866,2,9,0,7,0,8,0,0,0,0,2,1,6,1,28,6,1796,1,12,2,1,2
2016170S21936,1,9,0,18,0,0,0,0,0,0,4,1,6,1,41,7,1999,2,-1,9,3,9
2016170S21966,1,9,0,9,0,8,0,0,0,0,1,1,6,1,29,6,1968,2,5,1,1,1
2016170S21966,2,9,0,18,0,8,5,0,0,0,3,1,6,2,32,6,-1,-1,-1,-1,-1,-1
2016170S21976,1,9,0,1,0,6,0,0,0,0,2,1,6,2,47,8,1461,2,12,-1,-1,-1
2016170S22016,1,1,0,18,0,6,0,0,0,0,1,1,6,1,12,3,-1,-1,-1,-1,-1,-1
2016170S22016,2,9,0,8,0,1,0,0,0,0,4,1,6,1,29,6,1997,2,7,9,1,9
2016170S22026,1,9,0,18,0,0,0,0,0,0,1,1,6,1,18,4,-1,-1,-1,6,1,6
2016170S22046,1,1,0,18,0,0,0,0,0,0,1,1,6,1,15,3,-1,-1,-1,1,1,1
2016170S22046,2,9,0,18,0,0,0,0,0,0,1,1,6,2,51,8,1349,1,8,8,1,8
2016170S22136,1,9,0,18,0,0,0,0,0,0,1,1,6,2,29,6,1242,1,12,2,1,2
2016170S22226,1,9,0,8,0,1,0,0,0,0,2,1,6,2,17,4,1240,1,11,7,1,7
2016170S22226,2,9,0,7,0,1,0,0,0,0,1,1,2,1,46,8,1560,2,2,3,1,3
2016170S22256,1,9,0,1,0,0,0,0,0,0,2,1,6,2,30,6,1242,1,10,1,1,1
2016170S22256,2,1,0,18,0,0,0,0,0,0,1,1,6,1,64,9,-1,-1,-1,1,1,1
2016170S22296,1,19,0,18,0,1,0,0,0,0,1,1,1,1,65,9,-1,-1,-1,4,1,4
2016170S22296,2,9,0,8,0,1,0,0,0,0,2,1,6,2,24,5,1242,1,3,1,1,1
2016170S22326,1,21,1,9,0,8,5,0,0,0,4,1,1,1,60,9,12900,2,5,3,1,3
2016170S22336,1,9,0,4,0,0,0,0,0,0,2,1,2,2,23,5,1956,2,4,1,1,1
2016170S22336,2,9,0,18,0,0,0,0,0,0,1,1,2,2,23,5,1299,1,11,1,1,1
2016170S22346,1,9,0,18,0,0,0,0,0,0,1,1,6,1,-1,-1,1796,1,8,1,1,1
2016170S22346,2,9,0,3,0,0,0,0,0,0,2,1,2,1,44,7,-1,-1,-1,1,1,1
2016170S22376,1,9,0,18,0,0,5,7,0,0,1,1,6,2,25,5,1229,1,11,1,1,1
2016170S22436,1,9,0,18,0,3,2,0,1,4,1,1,6,2,52,8,1149,1,16,2,1,2
2016170S22596,1,9,0,18,0,1,0,0,0,0,1,1,2,1,22,5,2000,2,12,5,1,5
2016170S22596,2,9,0,3,0,1,0,0,0,0,2,1,2,1,48,8,1328,1,8,4,3,4
2016170S22756,1,9,0,18,0,4,5,9,3,1,1,1,6,1,66,10,1242,1,3,7,3,7
2016170S22766,1,9,0,9,0,8,0,0,0,0,3,1,6,2,37,7,1461,2,11,2,1,2
2016170S22766,2,3,0,18,0,8,0,0,0,0,1,1,6,1,29,6,123,1,4,3,1,3
2016170S30026,1,9,0,18,0,8,0,0,0,0,3,1,6,1,83,11,-1,-1,-1,4,1,4
2016170S30026,2,9,0,18,0,8,0,0,0,0,1,1,6,1,35,6,2993,2,5,9,1,9
2016170S30046,1,9,0,18,0,8,0,0,0,0,3,1,6,2,21,5,698,1,10,6,1,6
2016170S30046,2,9,0,9,0,8,0,0,0,0,4,1,6,2,39,7,973,1,14,4,1,4
2016170S30096,1,11,0,4,0,0,0,0,0,0,0,1,1,1,51,8,-1,2,16,8,1,8
2016170S30136,1,1,0,17,0,0,0,0,0,0,1,1,6,1,36,7,-1,-1,-1,1,1,1
2016170S30136,2,9,0,16,0,0,0,0,7,4,1,1,6,2,22,5,1686,2,14,1,1,1
2016170S30176,1,9,0,7,9,2,0,0,0,0,1,1,6,3,-1,-1,-1,-1,-1,-1,-1,-1
2016170S30176,2,1,0,18,9,1,0,0,0,0,1,1,6,1,51,8,-1,-1,-1,4,1,4
2016170S30196,1,9,0,18,0,1,0,0,0,0,1,1,6,3,-1,-1,1749,1,14,-1,-1,-1
2016170S30196,2,22,0,18,0,1,0,0,0,0,2,1,6,1,24,5,-1,-1,-1,4,1,4
2016170S30196,3,9,0,2,0,2,0,0,0,0,1,1,6,2,-1,-1,1124,1,10,2,1,2
2016170S30286,1,9,0,18,0,0,0,0,0,0,1,1,3,2,35,6,1598,1,4,9,1,9
2016170S30376,1,9,0,9,0,5,0,0,0,0,4,1,6,1,23,5,2143,2,5,4,1,4
2016170S30376,2,5,0,18,0,8,0,0,0,0,1,1,6,1,50,8,680,1,6,9,1,9
2016170S30376,3,4,0,18,0,8,0,0,0,0,4,1,6,1,21,5,249,1,5,9,1,9
2016170S30446,1,9,0,3,0,1,0,0,0,0,2,1,6,2,25,5,1998,1,11,2,1,2
2016170S30446,2,9,0,5,0,1,0,0,0,0,1,1,6,2,41,7,1596,1,14,3,2,3