Accident_Index,Vehicle_Reference,Vehicle_Type,Towing_and_Articulation,Vehicle_Manoeuvre,Vehicle_Location-Restricted_Lane,Junction_Location,Skidding_and_Overturning,Hit_Object_in_Carriageway,Vehicle_Leaving_Carriageway,Hit_Object_off_Carriageway,1st_Point_of_Impact,Was_Vehicle_Left_Hand_Drive?,Journey_Purpose_of_Driver,Sex_of_Driver,Age_of_Driver,Age_Band_of_Driver,Engine_Capacity_(CC),Propulsion_Code,Age_of_Vehicle,Driver_IMD_Decile,Driver_Home_Area_Type,Vehicle_IMD_Decile
2016170S30486,1,9,0,18,0,8,0,0,4,0,1,1,6,1,61,9,1400,1,11,8,1,8
2016170S30486,2,9,0,9,0,8,0,0,0,0,1,1,6,2,73,10,1246,1,10,9,1,9
2016170S30506,1,9,0,4,0,8,0,0,0,0,0,1,6,2,51,8,1242,1,4,10,1,10
2016170S30506,2,19,0,18,0,8,0,0,0,0,0,1,6,1,-1,-1,1995,2,3,-1,-1,-1
2016170S30676,1,9,0,18,0,8,0,0,0,0,4,1,6,1,24,5,1198,1,13,2,1,2
2016170S30676,2,9,0,9,0,8,0,0,0,0,1,1,6,1,-1,-1,1896,2,11,-1,-1,-1
2016170S30736,1,9,0,7,0,8,0,0,0,0,1,1,6,2,53,8,1461,2,7,1,1,1
2016170S30736,2,1,0,17,0,8,0,0,0,0,2,1,6,2,36,7,-1,-1,-1,6,1,6
2016170S30926,1,9,0,18,0,0,0,0,0,0,1,1,3,1,32,6,973,1,13,-1,-1,-1
2016170S31086,1,21,0,7,0,2,0,0,0,0,3,1,1,1,33,6,5480,2,12,3,1,3
2016170S31086,2,9,0,18,0,1,0,0,0,0,3,1,6,2,55,8,1596,1,13,1,1,1
2016170S31176,1,9,0,4,0,0,0,0,0,0,1,1,2,2,51,8,1360,1,14,1,1,1
2016170S31176,2,9,0,18,0,0,0,0,0,0,1,1,6,1,29,6,1388,1,10,2,1,2
2016170S31216,1,9,0,18,0,8,0,0,0,0,1,1,6,1,46,8,1753,2,8,9,1,9
2016170S31216,2,9,0,9,0,8,0,0,0,0,1,1,6,2,49,8,1560,2,9,10,1,10
2016170S31386,1,9,0,18,0,0,2,0,0,0,1,1,6,2,20,4,1198,1,10,1,1,1
2016170S31386,2,9,0,2,0,0,0,0,0,0,3,1,6,2,30,6,1995,2,7,-1,-1,-1
2016170S31406,1,9,0,9,0,8,0,0,0,0,1,1,6,2,64,9,1199,1,2,9,1,9
2016170S31406,2,5,0,18,0,8,0,0,0,0,1,1,6,1,56,9,1043,1,1,1,1,1
2016170S31556,1,19,5,18,0,0,0,0,0,0,4,1,1,1,28,6,2287,2,6,4,1,4
2016170S31576,1,9,0,18,0,8,0,0,0,0,3,1,1,1,28,6,-1,-1,-1,3,1,3
2016170S31576,2,9,0,9,0,8,0,0,0,0,1,1,6,3,-1,-1,1994,2,13,-1,-1,-1
2016170S31586,1,8,0,4,0,1,0,0,0,0,2,1,1,1,61,9,-1,-1,-1,8,1,8
2016170S31586,2,9,0,18,0,1,0,0,0,0,1,1,6,3,-1,-1,-1,-1,-1,-1,-1,-1
2016170S31776,1,9,0,18,0,8,0,0,0,0,3,1,6,1,21,5,1229,1,1,9,1,9
2016170S31776,2,9,0,18,0,8,0,0,0,0,4,1,6,1,20,4,1390,1,5,9,1,9
2016170S31906,1,11,0,3,0,8,0,0,0,0,4,1,1,1,64,9,6700,2,5,-1,-1,-1
2016170S31906,2,1,0,15,0,8,0,0,0,0,1,1,6,1,30,6,-1,-1,-1,1,1,1
2016170S31996,1,11,0,18,0,8,0,0,0,0,1,1,1,2,47,8,6700,2,6,1,1,1
2016170S31996,2,5,0,9,0,6,0,0,0,0,4,1,6,1,50,8,1170,1,3,3,2,3
2016170S32166,1,9,0,18,0,0,1,0,2,2,1,1,6,1,30,6,2497,2,9,9,1,9
2016170S32236,1,9,0,18,0,3,0,0,0,0,1,1,6,1,-1,-1,-1,-1,-1,-1,-1,-1
2016170S32236,2,1,0,18,0,3,0,0,0,0,2,1,2,1,31,6,-1,-1,-1,2,1,2
2016170S32356,1,9,0,18,0,8,0,0,3,1,1,1,1,1,43,7,1910,2,6,6,1,6
2016170S32396,1,9,0,18,0,8,0,9,0,0,1,1,6,2,22,5,998,1,3,1,1,1
2016170S32396,2,9,0,11,0,8,0,0,0,0,0,1,6,3,-1,-1,-1,-1,-1,-1,-1,-1
2016170S32466,1,8,0,1,0,0,0,0,0,0,2,1,1,1,63,9,1910,2,6,9,1,9
2016170S32486,1,9,0,18,0,1,0,0,0,0,4,1,6,2,38,7,1598,1,5,9,1,9
2016170S32526,1,1,0,18,0,2,0,0,0,0,2,1,6,1,13,3,-1,-1,-1,10,1,10
2016170S32526,2,9,0,18,0,2,0,0,0,0,1,1,6,3,-1,-1,-1,-1,-1,-1,-1,-1
2016170S32576,1,9,0,18,0,1,0,0,0,0,1,1,6,1,59,9,1968,2,3,10,1,10
2016170S32576,2,9,0,9,0,2,0,0,0,0,1,1,6,2,29,6,1598,1,4,-1,-1,-1
2016170S32856,1,9,0,18,0,0,0,0,0,0,2,1,6,2,36,7,-1,-1,-1,1,1,1
2016170S32916,1,9,0,18,0,8,0,0,0,0,3,1,6,1,68,10,1242,1,4,4,1,4
2016170S32916,2,9,0,7,0,8,0,0,0,0,1,1,6,3,-1,-1,1956,2,3,-1,-1,-1
2016170S40296,1,9,0,7,0,6,0,0,0,0,3,1,6,1,50,8,999,1,3,7,1,7
2016170S40296,2,1,0,14,0,8,0,0,0,0,1,1,6,1,30,6,-1,-1,-1,9,2,9
2016170S40346,1,19,4,18,0,0,0,0,0,0,3,1,1,1,34,6,-1,-1,-1,6,3,6
2016170S40346,2,9,0,18,0,0,0,0,0,0,1,1,1,2,50,8,998,1,5,4,1,4
2016170S40626,1,9,0,18,0,0,0,0,0,0,1,1,6,1,24,5,1753,2,10,1,1,1
2016170S40626,2,1,0,18,0,0,0,0,0,0,1,1,6,1,12,3,-1,-1,-1,5,1,5
2016170S40656,1,9,0,4,0,0,0,0,0,0,2,1,6,1,52,8,2993,2,-1,3,1,3
2016170S40656,2,9,0,18,0,0,0,0,0,0,1,1,6,2,45,7,1968,2,4,3,1,3
2016170S40796,1,9,0,18,0,0,0,0,5,6,1,1,6,2,20,4,1242,1,3,7,1,7
2016170S40956,1,1,0,18,0,0,0,0,0,0,3,1,6,1,17,4,-1,-1,-1,5,1,5
2016170S40956,2,9,0,18,0,0,0,0,0,0,1,1,6,2,30,6,998,1,1,9,1,9
2016170S40956,3,9,0,3,0,0,0,0,0,0,3,1,6,2,37,7,1968,2,4,9,1,9
2016170S41046,1,16,0,18,0,0,0,0,0,0,0,1,6,2,22,5,-1,-1,-1,-1,-1,-1
2016170S41046,2,9,0,13,0,0,0,0,0,0,0,1,6,3,-1,-1,-1,-1,-1,-1,-1,-1
2016170S41046,3,9,0,18,0,0,5,0,2,0,4,1,6,1,29,6,1896,2,16,2,1,2
2016170S41106,1,9,0,18,0,0,0,0,7,4,1,1,6,1,76,11,1685,2,-1,9,1,9
2016170S41136,1,9,0,5,0,1,0,0,0,0,4,1,6,2,-1,-1,-1,-1,-1,-1,-1,-1
2016170S41136,2,1,0,18,0,1,0,0,0,0,3,1,6,1,66,10,-1,-1,-1,9,1,9
2016170S41206,1,9,0,10,0,1,0,0,0,0,2,1,3,1,49,8,1998,1,11,8,1,8
2016170S41206,2,9,0,3,0,1,0,0,0,0,2,1,2,2,20,4,1149,1,12,10,1,10
2016170S41206,3,8,0,18,0,1,0,0,0,0,1,1,1,1,52,8,1598,2,7,1,1,1
2016170S41246,1,9,0,18,0,8,0,0,0,0,1,1,6,2,68,10,1497,8,4,10,1,10
2016170S41246,2,9,0,18,0,8,0,0,0,0,1,1,6,1,30,6,1368,1,7,3,1,3
2016170S41326,1,1,0,15,0,0,0,0,0,0,1,1,6,1,26,6,-1,-1,-1,-1,-1,-1
2016170S41326,2,9,0,7,0,0,0,0,0,0,4,1,6,2,-1,-1,-1,-1,-1,-1,-1,-1
2016170S41346,1,9,0,10,0,1,0,0,0,0,2,1,6,2,41,7,1149,1,6,2,1,2
2016170S41346,2,9,0,18,0,1,0,0,0,0,1,1,6,2,19,4,1364,1,8,7,3,7
2016170S41436,1,9,0,9,0,8,0,0,0,0,1,1,6,1,51,8,2967,2,3,10,1,10
2016170S41436,2,5,0,17,0,8,0,0,0,0,1,1,6,1,48,8,599,1,16,10,1,10
2016170S41466,1,9,0,9,0,2,0,0,0,0,1,1,6,1,19,4,-1,-1,-1,9,1,9
2016170S41726,1,19,4,15,0,1,0,0,0,0,3,1,1,1,59,9,2500,2,12,8,3,8
2016170S41726,2,1,0,10,0,1,0,0,0,0,4,1,6,2,43,7,-1,-1,-1,8,1,8
2016170S41726,3,1,0,10,0,1,0,0,0,0,4,1,6,2,47,8,-1,-1,-1,-1,-1,-1
2016170S41756,1,9,0,3,0,0,0,0,0,0,3,1,6,1,53,8,1896,2,10,-1,-1,-1
2016170S41756,2,17,0,18,0,0,0,0,0,0,3,1,6,3,-1,-1,-1,-1,-1,-1,-1,-1
2016170S41766,1,9,0,18,0,2,0,0,0,0,1,1,6,1,27,6,1997,2,4,7,1,7
2016170S42076,1,9,0,9,0,4,0,0,0,0,1,1,2,1,51,8,1686,2,3,9,1,9
2016170S42076,2,1,0,18,0,8,0,0,0,0,2,1,6,1,44,7,-1,-1,-1,4,1,4
2016170S42156,1,9,0,18,0,0,0,0,0,0,1,1,1,1,42,7,1995,2,1,1,1,1
2016170S42156,2,9,0,4,0,0,0,0,0,0,2,1,6,1,-1,-1,2143,2,3,-1,-1,-1
2016170S42176,1,9,0,18,0,0,0,0,0,0,1,1,6,1,-1,-1,-1,-1,-1,-1,-1,-1
2016170S42176,2,1,0,18,0,0,0,0,0,0,1,1,6,1,46,8,-1,-1,-1,9,1,9
2016170S42246,1,19,0,18,0,0,1,0,1,4,2,1,1,1,19,4,-1,-1,-1,2,2,2
2016170S42496,1,8,0,9,0,8,0,0,0,0,3,1,6,1,54,8,1598,2,1,1,1,1
2016170S42496,2,5,0,13,0,8,0,0,0,0,1,1,6,1,50,8,1050,1,3,9,2,9
2016170S42546,1,9,4,2,0,0,0,0,0,0,2,1,6,2,45,7,-1,-1,-1,9,1,9
2016170S42546,2,9,0,18,0,0,0,0,0,0,1,1,6,1,26,6,-1,-1,-1,7,3,7
2016170S42646,1,9,0,18,0,1,0,0,0,0,1,1,2,2,17,4,1242,1,5,10,1,10
2016170S42646,2,9,0,3,0,1,0,0,0,0,2,1,2,2,43,7,1396,1,6,9,3,9
2016170S42646,3,9,0,9,0,8,0,0,0,0,1,1,6,2,78,11,1956,2,-1,10,1,10
2016170S42676,1,9,0,7,0,8,0,0,0,0,1,1,6,2,64,9,1590,1,17,7,1,7
2016170S42676,2,1,0,18,0,8,0,0,0,0,4,1,6,1,38,7,-1,-1,-1,4,1,4
2016170S42736,1,9,0,13,0,0,0,0,0,0,4,1,6,1,61,9,2993,2,6,10,1,10
2016170S42736,2,1,0,18,0,0,0,0,0,0,3,1,6,1,64,9,-1,-1,-1,8,2,8
2016170S42746,1,9,0,9,0,8,0,0,0,0,1,1,6,2,82,11,1598,1,5,5,2,5
2016170S42746,2,9,0,18,0,8,0,0,0,0,1,1,6,1,70,10,2179,2,8,7,3,7
2016170S42796,1,9,0,2,0,0,0,0,0,0,0,1,6,1,31,6,1598,2,-1,1,1,1
2016170S42796,2,9,0,14,0,0,0,0,0,0,4,1,6,1,-1,-1,-1,-1,-1,-1,-1,-1
2016200037466,1,9,0,18,-1,1,0,0,2,0,1,1,6,1,31,6,2480,1,5,2,1,2
2016200038317,1,9,0,17,0,0,0,0,0,0,3,1,6,1,-1,-1,1598,1,5,5,1,5
2016200038317,2,3,0,18,0,0,0,0,0,0,1,1,6,1,32,6,124,1,8,3,1,3
2016200038386,1,9,0,18,0,8,0,0,0,0,1,1,6,1,-1,-1,-1,-1,-1,7,1,7
2016200038386,2,9,0,7,0,5,0,0,0,0,2,1,6,2,57,9,1242,1,7,4,1,4
2016200038437,1,9,0,18,0,1,0,0,8,0,1,1,6,1,37,7,-1,-1,-1,4,1,4
2016200038480,1,9,0,9,0,8,0,0,0,0,1,1,6,2,50,8,1951,2,13,1,1,1
2016200038480,2,9,0,18,0,8,0,0,0,0,1,1,6,2,32,6,1390,1,12,7,1,7
2016200038547,1,9,0,18,0,0,0,0,0,0,1,1,6,3,-1,-1,-1,-1,-1,-1,-1,-1
2016200038572,1,9,0,18,0,0,0,0,0,0,4,1,6,3,-1,-1,-1,-1,-1,-1,-1,-1
2016200038572,2,1,0,18,0,0,0,0,0,0,3,1,6,1,18,4,-1,-1,-1,5,1,5
2016200038601,1,9,0,18,0,0,0,4,0,0,1,1,6,1,25,5,1997,1,8,-1,-1,-1
2016200038601,2,9,0,18,0,0,0,4,0,0,3,1,6,1,46,8,1461,2,13,1,1,1
2016200038601,3,9,0,2,0,0,0,0,0,0,3,1,6,3,-1,-1,-1,-1,-1,-1,-1,-1
2016200038601,4,9,0,2,0,0,0,0,0,0,3,1,6,3,-1,-1,-1,-1,-1,-1,-1,-1
2016200038657,1,9,0,5,0,1,0,0,0,0,1,1,6,3,-1,-1,1796,1,16,-1,-1,-1
2016200038657,2,9,0,18,0,1,0,0,0,0,3,1,6,2,46,8,1598,2,4,6,1,6
2016200038746,1,9,0,9,0,0,1,0,0,0,4,1,6,1,18,4,1199,1,12,1,1,1
2016200038746,2,90,1,18,0,0,1,0,0,0,1,1,1,1,38,7,-1,-1,-1,2,1,2
2016200038746,3,9,0,2,0,0,0,0,0,0,3,1,6,2,46,8,1596,1,7,1,1,1
2016200038759,1,19,0,18,0,0,0,0,0,0,1,1,6,1,48,8,2402,2,11,3,1,3
2016200038759,2,9,0,9,0,0,0,0,0,0,4,1,6,1,55,8,1339,1,13,4,1,4
2016200038787,1,9,0,7,0,6,0,0,0,0,1,1,6,1,18,4,1598,2,4,8,1,8
2016200038787,2,1,0,18,0,1,0,0,0,0,4,1,6,1,49,8,-1,-1,-1,6,1,6
2016200038827,1,9,0,4,0,0,0,0,0,0,1,1,1,1,54,8,1560,2,3,2,1,2
2016200038835,1,9,0,5,6,3,0,0,0,0,0,1,1,1,33,6,1796,7,8,2,1,2
2016200038835,2,1,0,11,6,4,0,0,0,0,2,1,6,1,36,7,-1,-1,-1,2,1,2
2016200038844,1,9,0,18,0,8,0,0,0,0,1,1,6,3,-1,-1,1229,1,8,-1,-1,-1
2016200038844,2,9,0,3,0,8,0,0,0,0,2,1,6,1,74,10,1560,2,1,6,1,6
2016200038955,1,9,0,9,0,4,0,0,0,0,1,1,2,1,60,9,1998,8,1,9,2,9
2016200038955,2,1,0,18,0,8,0,0,0,0,1,1,6,1,50,8,-1,-1,-1,2,1,2
2016200038969,1,9,0,18,0,0,0,0,0,0,0,1,6,3,-1,-1,-1,-1,-1,-1,-1,-1
2016200038981,1,9,0,4,0,1,0,0,0,0,1,1,2,2,61,9,1598,2,6,3,1,3
2016200038981,2,3,0,3,0,1,0,0,0,0,2,1,6,1,25,5,125,1,2,6,1,6
2016200038989,1,9,0,18,0,2,0,0,0,0,1,1,6,3,-1,-1,-1,-1,-1,-1,-1,-1
2016200038989,2,1,0,18,0,2,0,0,0,0,2,1,1,1,46,8,-1,-1,-1,5,1,5
2016200038990,1,9,0,7,0,0,0,0,0,0,4,1,1,1,30,6,1896,2,15,8,1,8
2016200039001,1,9,0,14,0,2,0,11,0,0,1,1,6,3,-1,-1,1398,2,12,-1,-1,-1
2016200039001,2,9,0,3,0,2,0,0,0,0,2,1,6,2,19,4,-1,-1,-1,9,3,9
2016200039027,1,9,0,2,0,1,0,0,0,0,4,1,6,1,40,7,1968,2,11,5,1,5
2016200039027,2,9,0,18,0,8,0,0,0,0,4,1,6,3,-1,-1,-1,-1,-1,-1,-1,-1
2016200039078,1,9,0,10,0,1,0,0,0,0,2,1,1,1,49,8,1896,2,10,1,1,1
2016200039078,2,9,0,18,0,1,0,0,0,0,4,1,6,3,-1,-1,-1,-1,-1,-1,-1,-1
2016200039130,1,9,0,3,0,0,0,0,0,0,2,1,6,2,52,8,1596,1,15,8,1,8
2016200039130,2,9,0,18,0,0,0,0,0,0,1,1,6,3,-1,-1,-1,-1,-1,-1,-1,-1
2016200039204,1,9,0,4,0,3,0,0,0,0,1,1,6,1,80,11,1796,1,13,1,1,1
2016200039265,1,9,0,18,0,0,0,0,0,0,3,1,6,3,-1,-1,1596,1,14,-1,-1,-1
2016200039265,2,9,0,18,0,0,0,0,0,0,1,1,6,1,27,6,1998,1,1,2,1,2
2016200039292,1,9,0,18,0,1,0,0,0,0,1,1,6,1,24,5,1582,2,3,1,1,1
2016200039292,2,9,0,4,0,1,0,0,0,0,2,1,2,1,60,9,1398,1,1,2,1,2
2016200039292,3,9,0,1,0,6,0,0,0,0,0,1,6,3,-1,-1,-1,-1,-1,-1,-1,-1
2016200039364,1,19,0,9,0,2,0,0,0,0,0,1,2,1,25,5,-1,3,1,3,1,3
2016200039364,2,1,0,18,0,8,0,0,0,0,1,1,2,1,45,7,-1,-1,-1,5,1,5
2016200039434,1,9,0,18,0,1,0,0,0,0,4,1,6,1,26,6,2143,2,1,3,1,3
2016200039434,2,9,0,12,0,1,0,0,0,0,1,1,6,3,-1,-1,1896,2,11,-1,-1,-1
2016200039526,1,9,0,3,0,1,0,0,0,0,2,1,6,2,25,5,1240,1,9,6,1,6
2016200039526,2,9,0,18,0,1,0,0,0,0,1,1,6,3,-1,-1,-1,-1,-1,-1,-1,-1
2016200039583,1,9,0,5,0,0,0,0,0,0,0,1,1,1,-1,-1,1991,2,9,1,1,1
2016200039599,1,9,0,18,0,0,0,0,0,0,1,1,6,2,24,5,1600,2,5,10,1,10
2016200039615,1,9,0,9,0,5,0,0,0,0,1,1,6,1,54,8,1368,1,8,2,1,2
2016200039659,1,9,0,18,0,7,0,0,0,0,3,1,1,2,48,8,1497,8,2,7,1,7
2016200039703,1,9,0,18,0,0,1,0,0,0,1,1,6,3,-1,-1,-1,-1,-1,-1,-1,-1
2016200039703,2,9,0,4,0,0,0,0,0,0,1,1,1,1,50,8,1956,2,2,-1,-1,-1
2016200039718,1,9,0,7,0,6,0,0,0,0,1,1,6,2,30,6,1242,1,2,10,1,10
2016200039718,2,9,0,5,0,8,0,0,0,0,4,1,6,2,24,5,1598,1,2,-1,-1,-1
2016200039730,1,5,0,18,0,3,0,0,0,0,4,1,6,1,24,5,599,1,6,8,1,8
2016200039737,1,9,0,2,0,0,0,0,0,0,3,1,6,1,42,7,2926,2,15,5,1,5
2016200039737,2,9,0,18,0,0,0,0,0,0,1,1,6,3,-1,-1,-1,-1,-1,-1,-1,-1
2016200039743,1,9,0,18,0,0,0,0,0,0,2,1,6,3,-1,-1,1797,8,5,-1,-1,-1
2016200039743,2,9,0,18,0,0,0,0,0,0,1,1,6,2,26,6,998,1,1,1,1,1
2016200039755,1,9,0,18,0,1,0,0,0,0,1,1,6,1,33,6,-1,-1,-1,2,1,2
2016200039755,2,9,0,18,0,1,0,0,0,0,2,1,1,1,49,8,1896,2,10,1,1,1
2016200039764,1,9,0,18,0,8,1,0,0,0,4,1,6,2,25,5,1598,2,3,8,1,8
2016200039764,2,9,0,18,0,8,1,0,0,0,1,1,6,1,34,6,1396,1,16,1,1,1
2016200039767,1,9,0,18,0,1,0,4,0,0,1,1,6,3,-1,-1,1560,2,9,-1,-1,-1
2016200039767,2,9,0,3,0,1,0,0,0,0,2,1,2,2,26,6,1600,2,5,8,1,8
2016200039798,1,9,0,6,0,0,0,0,0,0,3,1,3,2,32,6,1998,1,12,1,1,1
2016200039798,2,9,0,18,0,0,0,0,0,0,3,1,6,1,81,11,2000,2,12,5,1,5
2016200039810,1,9,0,5,0,4,0,0,0,0,1,1,2,2,-1,-1,1598,2,1,2,1,2
2016200039810,2,8,0,18,0,3,0,0,0,0,3,1,1,1,56,9,1794,1,9,1,1,1
2016200039826,1,9,0,18,0,4,0,10,3,0,1,1,1,1,70,10,505,1,14,5,1,5
2016200039826,2,9,0,18,0,4,0,10,3,0,1,1,1,2,35,6,1995,2,8,2,1,2
2016200039835,1,9,0,9,0,2,0,0,0,0,3,1,6,1,-1,-1,1368,1,1,-1,-1,-1
2016200039835,2,1,0,18,0,1,0,0,0,0,4,1,2,2,21,5,-1,-1,-1,1,1,1
2016200039843,1,98,0,18,0,1,0,0,0,0,1,1,6,1,-1,-1,-1,-1,-1,-1,-1,-1
2016200039843,2,9,0,10,0,1,0,0,0,0,2,1,6,2,53,8,1598,1,10,9,1,9
2016200039847,1,9,0,18,0,4,0,0,0,0,1,1,6,1,-1,-1,1560,2,8,2,1,2
2016200039847,2,1,0,18,0,3,0,0,0,0,1,1,1,1,25,5,-1,-1,-1,2,1,2
2016200039864,1,9,0,18,0,1,0,0,0,0,1,1,1,1,45,7,1560,2,1,7,2,7
2016200039864,2,1,0,11,0,1,0,0,0,0,3,1,2,1,20,4,-1,-1,-1,1,1,1
2016200039889,1,9,0,12,0,1,0,0,0,0,1,1,6,1,22,5,2171,1,11,1,1,1
2016200039889,2,9,0,3,0,1,0,0,0,0,2,1,6,1,28,6,1240,1,12,3,1,3
2016200039909,1,9,0,7,0,6,0,0,0,0,0,1,1,1,25,5,2148,2,7,3,1,3
2016200039909,2,1,0,18,0,8,0,0,0,0,0,1,6,1,38,7,-1,-1,-1,-1,-1,-1
2016200039990,1,9,0,1,6,1,0,0,0,0,2,1,6,1,26,6,-1,-1,-1,2,1,2
2016200039990,2,1,0,18,6,1,0,0,0,0,4,1,6,1,37,7,-1,-1,-1,1,1,1
2016200039992,1,9,0,18,0,0,0,11,0,0,1,1,6,1,34,6,1997,1,9,2,1,2
2016200039992,2,9,0,18,0,0,0,11,0,0,3,1,6,2,43,7,2987,2,-1,9,3,9
2016200039996,1,9,0,18,0,8,0,0,0,0,4,1,5,2,47,8,1339,1,10,1,1,1
2016200039998,1,9,0,18,0,2,0,0,0,0,4,1,6,1,36,7,1587,1,10,1,1,1
2016200040000,1,9,0,5,0,0,0,0,0,0,2,1,6,2,38,7,1587,1,13,2,1,2
2016200040002,1,3,0,18,0,1,1,0,0,0,0,1,2,1,18,4,124,1,1,8,1,8
2016200040002,2,9,0,9,0,8,0,0,0,0,0,1,2,2,26,6,1596,1,11,5,1,5
2016200040003,1,9,0,9,0,5,0,0,0,0,4,1,6,3,-1,-1,-1,-1,-1,-1,-1,-1
2016200040014,1,9,0,7,0,8,0,0,0,0,0,1,6,2,42,7,1956,2,4,1,1,1
2016200040014,2,1,0,18,4,1,0,0,0,0,4,1,6,1,76,11,-1,-1,-1,1,1,1
2016200040017,1,9,0,7,0,0,0,0,0,0,3,1,1,2,49,8,1200,1,2,9,2,9
2016200040017,2,9,0,18,0,0,0,0,0,0,1,1,1,2,36,7,2231,2,10,4,1,4
2016200040027,1,9,0,18,0,8,0,0,0,0,1,1,6,1,-1,-1,2616,1,13,5,1,5
2016200040027,2,9,0,18,0,8,0,0,0,0,4,1,6,1,23,5,1149,1,9,1,1,1
2016200040029,1,10,0,9,0,0,0,0,0,0,0,1,1,1,-1,-1,2198,2,9,-1,-1,-1
2016200040029,2,3,0,18,0,0,2,0,0,0,0,1,1,1,59,9,124,1,12,9,1,9
2016200040030,1,9,0,18,0,0,0,0,0,0,1,1,6,2,48,8,1596,1,16,1,1,1
2016200040040,1,9,0,18,0,1,0,0,0,0,1,1,6,2,33,6,1968,2,5,5,1,5
2016200040040,2,9,0,9,0,6,0,0,0,0,1,1,6,1,21,5,1796,1,12,2,1,2
2016200040041,1,9,0,17,0,0,0,0,0,0,2,1,6,1,36,7,1968,2,8,2,1,2
2016200040041,2,9,0,18,0,0,0,0,0,0,0,1,6,3,-1,-1,-1,-1,-1,-1,-1,-1
2016200040059,1,9,0,18,0,0,1,10,1,1,1,1,6,1,21,5,1968,2,10,2,1,2
2016200040059,2,9,0,3,0,0,0,0,0,0,2,1,6,2,30,6,1598,2,3,1,1,1
2016200040059,3,9,0,9,0,0,0,0,0,0,3,1,6,1,24,5,1390,1,9,-1,-1,-1
2016200040068,1,5,0,18,0,8,0,0,0,0,1,1,6,1,21,5,645,1,1,1,1,1
2016200040068,2,9,0,18,0,8,0,0,0,0,1,1,6,1,40,7,1398,2,13,5,1,5
2016200040068,3,9,0,18,0,8,0,0,0,0,1,1,6,1,39,7,1560,2,3,6,1,6
2016200040073,1,9,0,15,0,0,0,0,0,0,1,1,1,2,34,6,1360,1,4,1,1,1
2016200040075,1,9,0,18,0,0,0,0,0,0,1,1,6,2,51,8,1598,2,3,5,2,5
2016200040077,1,9,0,7,0,7,0,0,0,0,4,1,6,1,40,7,1200,1,-1,9,1,9
2016200040077,2,9,0,18,0,1,0,0,0,0,1,1,6,2,29,6,998,1,3,2,1,2
2016200040077,3,9,0,9,0,1,0,0,0,0,1,1,6,1,38,7,1560,2,2,5,1,5
2016200040081,1,9,0,18,0,0,0,0,0,0,3,1,2,2,33,6,1995,2,11,1,1,1
2016200040081,2,9,0,18,0,0,0,4,0,0,3,1,6,1,-1,-1,-1,-1,-1,-1,-1,-1
2016200040086,1,9,0,17,0,0,5,10,1,10,1,1,3,1,17,4,899,1,2,3,1,3
2016200040091,1,9,0,18,0,0,0,0,0,0,1,1,6,3,-1,-1,1461,2,6,-1,-1,-1
2016200040096,1,9,0,4,7,1,0,0,0,0,1,1,6,2,53,8,2967,2,10,5,1,5
2016200040101,1,9,0,7,0,4,0,0,0,0,3,1,6,1,-1,-1,1390,1,12,1,1,1
2016200040101,2,9,0,18,0,3,0,0,0,0,1,1,6,1,39,7,1997,2,6,1,1,1
2016200040111,1,9,0,18,0,8,0,0,0,0,1,1,2,1,32,6,1753,2,8,1,1,1
2016200040111,2,1,0,18,0,6,0,0,0,0,3,1,2,1,23,5,-1,-1,-1,5,1,5
2016200040121,1,9,0,18,0,1,1,0,0,0,1,1,6,1,20,4,1149,1,13,2,1,2
2016200040121,2,9,0,9,0,2,1,0,0,0,4,1,6,2,69,10,1560,2,6,3,1,3
2016200040132,1,9,0,9,0,6,0,0,0,0,3,1,6,1,87,11,1240,1,6,2,1,2
2016200040132,2,3,0,18,0,1,0,0,0,0,1,1,6,1,32,6,125,1,4,-1,-1,-1
2016200040148,1,9,0,18,0,0,0,0,0,0,1,1,6,1,-1,-1,1229,1,10,-1,-1,-1
2016200040148,2,9,0,3,0,0,0,0,0,0,2,1,6,2,68,10,1386,1,12,2,1,2
2016200040187,1,9,0,9,0,8,0,0,0,0,1,1,2,2,23,5,1598,1,12,3,1,3
2016200040187,2,9,0,18,0,8,5,0,0,0,3,1,2,1,24,5,1461,2,1,6,1,6
2016200040196,1,9,0,18,0,8,1,0,1,2,3,1,6,2,30,6,1984,1,9,1,1,1
2016200040196,2,9,0,18,0,8,0,0,0,0,1,1,6,2,54,8,1388,1,12,2,1,2
2016200040218,1,9,0,5,0,8,0,0,0,0,1,1,6,1,36,7,1595,1,10,5,1,5
2016200040218,2,3,0,9,0,8,0,0,0,0,3,1,6,1,22,5,-1,-1,-1,4,1,4
2016200040220,1,11,0,14,0,0,0,0,0,0,4,1,6,1,25,5,6700,2,7,4,1,4
2016200040220,2,11,0,2,0,0,0,0,0,0,3,1,6,1,53,8,6696,2,2,2,1,2
2016200040240,1,9,0,18,0,1,0,0,0,0,1,1,6,1,26,6,1896,2,11,10,1,10
2016200040240,2,9,0,3,0,1,0,0,0,0,2,1,6,1,43,7,1896,2,9,1,1,1
2016200040314,1,9,0,3,0,0,0,0,0,0,2,1,6,1,59,9,1348,1,15,8,1,8
2016200040314,2,9,0,18,0,0,0,0,0,0,1,1,6,1,21,5,1995,2,1,1,1,1
2016200040317,1,8,0,18,0,8,0,0,0,0,4,1,1,3,-1,-1,1598,2,5,-1,-1,-1
2016200040317,2,9,0,7,0,6,0,0,0,0,1,1,6,3,-1,-1,1596,1,13,-1,-1,-1
2016200040326,1,9,0,18,0,0,0,0,2,2,1,1,6,3,-1,-1,1390,1,14,-1,-1,-1