Accident_Index,Vehicle_Reference,Vehicle_Type,Towing_and_Articulation,Vehicle_Manoeuvre,Vehicle_Location-Restricted_Lane,Junction_Location,Skidding_and_Overturning,Hit_Object_in_Carriageway,Vehicle_Leaving_Carriageway,Hit_Object_off_Carriageway,1st_Point_of_Impact,Was_Vehicle_Left_Hand_Drive?,Journey_Purpose_of_Driver,Sex_of_Driver,Age_of_Driver,Age_Band_of_Driver,Engine_Capacity_(CC),Propulsion_Code,Age_of_Vehicle,Driver_IMD_Decile,Driver_Home_Area_Type,Vehicle_IMD_Decile
2016200044653,1,9,0,14,0,0,0,0,0,0,1,1,1,1,24,5,-1,-1,-1,1,1,1
2016200044670,1,9,0,9,0,6,0,0,0,0,1,1,6,3,-1,-1,1299,1,14,6,1,6
2016200044670,2,8,0,18,0,8,0,0,0,0,4,1,1,1,44,7,2499,2,7,5,1,5
2016200044673,1,9,0,18,0,0,0,4,0,0,1,1,6,1,79,11,2597,1,14,8,2,8
2016200044673,2,9,0,2,0,0,0,0,0,0,2,1,6,3,-1,-1,1896,2,15,-1,-1,-1
2016200044673,3,9,0,2,0,0,0,0,0,0,1,1,6,3,-1,-1,1598,1,12,-1,-1,-1
2016200044675,1,9,0,9,0,5,0,0,0,0,1,1,6,2,31,6,1598,1,11,2,1,2
2016200044675,2,9,0,18,0,8,0,0,0,0,3,1,6,2,40,7,1360,1,8,9,1,9
2016200044687,1,9,0,18,0,1,0,0,0,0,1,1,6,1,26,6,1587,1,18,1,1,1
2016200044687,2,9,0,18,0,1,0,0,0,0,2,1,6,1,34,6,1398,2,10,1,1,1
2016200044688,1,9,0,9,0,6,0,0,0,0,0,1,6,1,46,8,1461,2,1,5,2,5
2016200044688,2,9,0,18,0,8,0,0,4,4,1,1,6,1,20,4,1198,1,12,4,1,4
2016200044689,1,9,0,18,0,8,0,0,0,0,1,1,6,1,-1,-1,1596,1,16,-1,-1,-1
2016200044689,2,9,0,18,0,8,0,10,0,0,4,1,6,2,36,7,998,1,6,5,1,5
2016200044699,1,9,0,3,0,0,0,0,0,0,2,1,6,2,33,6,1769,1,11,2,1,2
2016200044699,2,9,0,18,0,0,0,0,0,0,1,1,6,3,-1,-1,2149,2,9,8,1,8
2016200044715,1,9,0,18,0,0,0,0,0,0,1,1,6,3,-1,-1,1493,1,19,-1,-1,-1
2016200044715,2,9,0,18,0,0,0,0,0,0,2,1,6,1,32,6,1995,2,5,5,1,5
2016200044725,1,9,0,9,0,5,0,0,0,0,1,1,6,2,47,8,1686,2,11,3,1,3
2016200044725,2,9,0,18,0,8,0,0,0,0,1,1,6,1,40,7,1794,1,10,2,1,2
2016200044727,1,9,0,18,0,0,0,0,0,0,1,1,6,1,44,7,1364,1,9,2,1,2
2016200044727,2,8,0,18,0,0,0,0,0,0,1,1,1,1,39,7,1997,2,14,4,1,4
2016200044727,3,9,0,18,0,0,0,0,0,0,1,1,6,2,78,11,1598,1,2,10,1,10
2016200044739,1,9,0,18,0,8,0,0,0,0,1,1,6,1,32,6,1968,2,7,1,1,1
2016200044739,2,9,0,9,0,6,0,0,0,0,3,1,6,2,33,6,1598,2,5,9,1,9
2016200044741,1,9,0,18,0,1,0,0,0,0,1,1,6,1,-1,-1,-1,-1,-1,-1,-1,-1
2016200044741,2,9,0,10,0,1,0,0,0,0,2,1,2,2,25,5,998,1,4,1,1,1
2016200044753,1,9,0,18,0,2,0,0,0,0,1,1,6,2,-1,-1,-1,-1,-1,-1,-1,-1
2016200044758,1,9,0,18,0,8,0,0,0,0,1,1,6,1,22,5,1339,1,10,6,1,6
2016200044758,2,19,0,18,0,8,0,0,0,0,3,1,1,1,59,9,1995,2,3,1,1,1
2016200044758,3,9,0,18,0,1,0,0,0,0,1,1,6,1,71,10,2435,1,19,1,1,1
2016200044762,1,9,0,1,0,0,0,0,0,0,2,1,6,3,-1,-1,-1,-1,-1,-1,-1,-1
2016200044766,1,-1,0,18,0,0,0,0,0,0,1,1,6,3,-1,-1,-1,-1,-1,-1,-1,-1
2016200044769,1,9,0,9,0,6,0,0,0,0,1,1,6,2,50,8,1587,1,9,9,1,9
2016200044769,2,9,0,18,0,8,0,0,0,0,1,1,6,1,46,8,2290,1,14,5,1,5
2016200044784,1,9,0,18,0,6,0,0,0,0,3,1,6,1,47,8,2198,2,11,1,1,1
2016200044784,2,9,0,4,0,8,0,0,0,0,3,1,6,1,19,4,1769,1,11,-1,-1,-1
2016200044785,1,9,0,11,0,1,0,0,0,0,1,1,6,1,70,10,899,1,2,3,1,3
2016200044785,2,9,0,10,0,1,0,0,0,0,2,1,6,2,34,6,1598,2,-1,3,1,3
2016200044788,1,9,0,9,0,8,0,0,0,0,1,1,6,3,-1,-1,1461,2,1,-1,-1,-1
2016200044788,2,9,0,18,0,2,1,10,1,0,4,1,6,1,24,5,1896,2,14,2,1,2
2016200044801,1,9,0,2,0,1,0,0,0,0,1,1,6,1,48,8,1360,1,11,6,1,6
2016200044801,2,9,0,9,0,5,0,4,0,0,4,1,6,1,30,6,2143,2,7,2,1,2
2016200044801,3,9,0,13,0,8,0,0,0,0,3,1,6,1,19,4,1896,2,10,3,1,3
2016200044802,1,9,0,18,0,0,0,0,0,0,1,1,6,1,86,11,1299,1,11,10,1,10
2016200044806,1,8,0,18,0,2,0,0,0,0,1,1,6,1,-1,-1,-1,-1,-1,-1,-1,-1
2016200044806,2,9,0,18,0,1,0,0,0,0,3,1,6,2,35,6,1686,2,4,4,1,4
2016200044929,1,9,0,9,0,5,0,0,1,0,1,1,6,2,56,9,1995,2,11,7,1,7
2016200044929,2,1,0,16,0,8,0,0,0,0,1,1,6,2,56,9,-1,-1,-1,6,1,6
2016200044955,1,21,0,9,0,5,0,0,0,0,1,1,1,1,44,7,-1,-1,-1,-1,-1,-1
2016200044955,2,3,0,18,0,8,0,0,0,0,1,1,2,1,48,8,124,1,-1,3,1,3
2016200044963,1,3,0,13,0,0,0,0,0,0,1,1,6,1,24,5,125,1,13,3,1,3
2016200045009,1,9,0,18,0,0,0,0,0,0,1,1,1,1,22,5,1896,2,9,1,1,1
2016200045078,1,9,0,18,0,1,0,0,0,0,1,1,2,1,54,8,1390,1,11,2,1,2
2016200045078,2,9,0,4,0,1,0,0,0,0,0,1,1,1,53,8,1870,2,9,1,1,1
2016200045088,1,1,0,18,0,0,0,0,0,0,1,1,6,1,11,3,-1,-1,-1,2,1,2
2016200045088,2,9,0,18,0,0,0,0,0,0,4,1,6,3,-1,-1,-1,-1,-1,-1,-1,-1
2016200045092,1,9,0,5,0,0,0,0,0,0,0,1,6,2,55,8,1560,2,7,3,1,3
2016200045092,2,9,0,3,0,0,0,0,0,0,2,1,6,2,50,8,1998,1,12,1,1,1
2016200045098,1,9,0,9,0,5,0,0,0,0,4,1,6,1,28,6,998,1,15,3,1,3
2016200045124,1,9,0,4,0,2,1,0,0,0,1,1,1,1,35,6,-1,3,3,2,1,2
2016200045124,2,9,0,3,0,2,0,0,0,0,2,1,6,2,76,11,1896,2,12,1,1,1
2016200045127,1,9,0,9,0,6,0,0,0,0,1,1,6,1,63,9,995,1,9,8,1,8
2016200045127,2,1,0,18,0,8,0,0,0,0,1,1,6,2,17,4,-1,-1,-1,2,1,2
2016200045128,1,9,0,18,0,8,0,0,0,0,1,1,6,2,82,11,1587,1,17,7,1,7
2016200045128,2,3,0,18,0,8,0,0,0,0,1,1,6,1,26,6,125,1,11,3,1,3
2016200045128,3,9,0,3,0,1,0,0,0,0,0,1,1,2,41,7,1242,1,1,-1,-1,-1
2016200045141,1,9,0,18,0,0,0,0,0,0,4,1,1,2,39,7,998,1,3,6,1,6
2016200045148,1,9,0,18,0,3,0,4,0,0,1,1,6,2,25,5,1299,1,9,1,1,1
2016200045148,2,11,0,2,0,2,0,0,0,0,0,1,1,1,49,8,9600,2,16,2,1,2
2016200045153,1,9,0,18,0,2,0,0,0,0,1,1,6,3,-1,-1,2184,2,13,3,1,3
2016200045153,2,9,0,1,0,1,0,0,0,0,2,1,6,1,29,6,1248,2,9,6,2,6
2016200045154,1,9,0,1,0,0,0,0,0,0,2,1,6,3,-1,-1,2979,1,3,-1,-1,-1
2016200045154,2,9,0,2,0,0,0,0,0,0,1,1,6,1,21,5,1399,2,13,8,1,8
2016200045159,1,9,0,4,0,2,1,0,0,0,2,1,6,1,26,6,1995,2,4,5,1,5
2016200045159,2,9,0,18,0,2,0,0,0,0,1,1,6,3,-1,-1,-1,-1,-1,-1,-1,-1
2016200045162,1,3,0,18,0,1,0,0,0,0,1,1,6,1,24,5,124,1,1,1,1,1
2016200045162,2,9,0,5,0,1,0,0,0,0,2,1,1,1,34,6,1686,2,11,5,1,5
2016200045165,1,9,0,7,0,1,0,0,0,0,0,1,6,1,-1,-1,2143,2,7,-1,-1,-1
2016200045168,1,9,0,18,0,2,0,0,0,0,3,1,6,2,25,5,1388,1,13,2,1,2
2016200045169,1,9,0,9,0,6,0,0,0,0,3,1,6,2,25,5,1149,1,12,4,1,4
2016200045169,2,9,0,18,0,1,0,0,0,0,4,1,6,1,45,7,1368,1,6,1,1,1
2016200045179,1,9,0,18,0,1,0,0,0,0,0,1,6,1,-1,-1,-1,-1,-1,-1,-1,-1
2016200045179,2,9,0,9,0,6,1,0,0,0,2,1,3,2,57,9,1686,2,13,1,1,1
2016200045179,3,9,0,9,0,6,0,0,0,0,1,1,6,1,-1,-1,1995,2,9,-1,-1,-1
2016200045180,1,9,0,9,0,1,0,0,0,0,1,1,2,1,19,4,998,1,1,5,1,5
2016200045180,2,9,0,18,0,1,0,0,1,0,3,1,6,1,23,5,1968,2,9,3,1,3
2016200045186,1,9,0,16,0,0,1,10,7,10,1,1,6,1,23,5,2979,1,15,2,1,2
2016200045187,1,1,0,5,0,3,0,0,0,0,1,1,1,2,26,6,-1,-1,-1,4,1,4
2016200045187,2,9,0,18,0,4,0,0,0,0,4,1,1,2,-1,-1,1390,1,11,4,1,4
2016200045192,1,9,0,18,0,8,0,0,0,0,1,1,6,3,-1,-1,1598,1,4,-1,-1,-1
2016200045192,2,9,0,10,0,8,0,0,0,0,2,1,6,2,37,7,1910,2,10,1,1,1
2016200045199,1,9,0,18,0,0,0,0,0,0,4,1,1,1,-1,-1,2496,2,14,-1,-1,-1
2016200045199,2,9,0,18,0,0,0,0,1,0,3,1,1,1,29,6,1493,1,20,3,1,3
2016200045203,1,9,0,9,0,5,0,0,0,0,3,1,6,1,28,6,1995,2,1,1,1,1
2016200045208,1,9,0,4,0,8,1,0,0,0,1,1,6,1,54,8,996,1,7,8,1,8
2016200045208,2,9,0,18,0,8,0,0,0,0,3,1,6,1,37,7,1998,2,2,7,1,7
2016200045213,1,9,0,18,0,0,0,0,0,0,4,1,6,3,-1,-1,-1,-1,-1,-1,-1,-1
2016200045219,1,9,0,3,0,0,0,0,0,0,1,1,6,3,-1,-1,1896,2,15,1,1,1
2016200045219,2,9,0,3,0,0,0,0,0,0,2,1,6,2,30,6,1997,2,2,1,1,1
2016200045221,1,19,0,9,0,6,0,0,0,0,1,1,1,1,36,7,1995,2,2,8,1,8
2016200045227,1,9,0,18,0,8,0,0,1,10,1,1,6,1,27,6,1348,1,15,3,1,3
2016200045227,2,9,0,9,0,8,0,0,1,10,3,1,6,3,-1,-1,-1,-1,-1,-1,-1,-1
2016200045233,1,8,0,9,0,5,0,0,0,0,1,1,6,3,-1,-1,-1,-1,-1,-1,-1,-1
2016200045233,2,2,0,9,0,5,0,0,0,0,3,1,6,1,23,5,49,1,4,7,1,7
2016200045241,1,9,0,18,0,0,0,0,4,0,1,1,6,3,30,6,1997,1,14,-1,-1,-1
2016200045241,2,9,0,18,0,0,0,4,0,0,2,1,5,1,65,9,1686,2,11,1,1,1
2016200045241,3,9,0,2,0,0,0,0,0,0,3,1,6,3,-1,-1,-1,-1,-1,-1,-1,-1
2016200045241,4,9,0,2,0,0,0,0,0,0,3,1,6,3,-1,-1,-1,-1,-1,-1,-1,-1
2016200045245,1,19,0,18,0,8,0,0,0,0,1,1,6,1,48,8,2150,2,14,2,1,2
2016200045245,2,9,0,3,0,8,0,4,0,0,3,1,6,2,32,6,1796,1,9,2,1,2
2016200045245,3,9,0,9,0,8,0,0,0,0,2,1,6,1,41,7,1968,2,-1,3,1,3
2016200045246,1,9,0,16,0,3,0,0,0,0,2,1,6,2,35,6,1598,1,11,1,1,1
2016200045246,2,9,0,3,0,3,0,0,0,0,2,1,6,2,45,7,1598,1,17,10,1,10
2016200045246,3,9,0,3,0,3,0,0,0,0,2,1,6,2,32,6,1587,1,12,7,1,7
2016200045246,4,19,0,3,0,3,0,0,0,0,2,1,6,1,34,6,2151,2,15,3,1,3
2016200045267,1,9,0,18,0,8,0,0,0,0,1,1,6,3,-1,-1,1396,1,14,-1,-1,-1
2016200045267,2,9,0,18,0,8,2,4,0,0,2,1,6,1,29,6,-1,-1,-1,2,1,2
2016200045267,3,9,0,2,0,1,0,0,0,0,1,1,6,3,-1,-1,1997,2,13,2,1,2
2016200045270,1,19,0,11,0,8,0,0,0,0,4,1,6,3,-1,-1,1248,2,2,-1,-1,-1
2016200045270,2,9,0,18,0,8,0,0,0,0,3,1,6,1,22,5,1200,1,4,1,1,1
2016200045270,3,9,0,18,0,8,0,0,0,0,4,1,6,1,64,9,1596,1,10,1,1,1
2016200045271,1,21,1,18,0,0,0,0,0,0,1,1,1,1,59,9,12902,2,2,2,1,2
2016200045271,2,9,0,2,0,0,0,0,0,0,2,1,2,1,46,8,1999,1,9,5,1,5
2016200045271,3,9,0,2,0,0,0,0,0,0,2,1,2,1,34,6,-1,-1,-1,8,1,8
2016200045272,1,8,0,18,0,2,0,0,0,0,1,1,1,1,55,8,1686,2,12,2,1,2
2016200045272,2,9,0,4,0,2,0,0,0,0,2,1,6,2,47,8,1598,1,7,8,1,8
2016200045272,3,9,0,4,0,2,0,0,0,0,2,1,6,2,61,9,1199,1,2,8,1,8
2016200045272,4,9,0,18,0,2,0,0,0,0,1,1,6,1,60,9,1968,2,3,8,1,8
2016200045274,1,8,0,18,0,8,0,0,0,0,1,1,6,1,-1,-1,-1,-1,-1,-1,-1,-1
2016200045274,2,9,0,18,0,8,0,0,0,0,0,1,6,1,28,6,1900,2,12,8,1,8
2016200045281,1,9,0,5,0,1,0,0,0,0,4,1,1,1,80,11,1389,1,21,3,1,3
2016200045281,2,9,0,3,0,1,0,0,0,0,3,1,2,1,42,7,1149,1,13,1,1,1
2016200045294,1,19,0,18,0,4,0,0,0,0,1,1,1,1,-1,-1,2143,2,3,2,1,2
2016200045294,2,9,0,18,0,3,0,0,0,0,2,1,6,1,47,8,2987,2,10,1,1,1
2016200045296,1,9,0,18,0,1,0,0,0,0,1,1,6,3,-1,-1,1497,1,13,1,1,1
2016200045296,2,9,0,4,0,1,0,0,0,0,2,1,6,1,59,9,2967,1,14,1,1,1
2016200045297,1,9,0,18,0,8,0,0,0,0,1,1,6,1,34,6,1998,1,11,1,1,1
2016200045297,2,9,0,5,0,8,0,0,4,0,3,1,6,2,69,10,1598,1,10,6,1,6
2016200045297,3,9,0,5,0,8,0,0,0,0,1,1,1,1,68,10,2696,2,12,2,1,2
2016200045299,1,9,0,18,0,0,0,0,0,0,4,1,6,2,73,10,1086,1,12,5,1,5
2016200045299,2,9,0,2,0,0,0,0,0,0,3,1,6,2,59,9,1998,1,7,3,1,3
2016200045304,1,9,0,18,0,8,0,0,0,0,1,1,2,2,32,6,1598,1,4,2,1,2
2016200045304,2,9,0,3,0,8,0,0,0,0,2,1,1,1,47,8,1896,2,7,1,1,1
2016200045322,1,9,0,18,0,0,0,0,0,0,1,1,6,3,-1,-1,1596,1,8,-1,-1,-1
2016200045322,2,9,0,3,0,0,0,0,0,0,2,1,6,1,31,6,1590,1,14,3,1,3
2016200045330,1,9,0,13,0,0,0,0,0,0,1,1,6,1,83,11,1229,1,9,2,1,2
2016200045330,2,9,0,5,0,0,0,0,0,0,3,1,1,1,24,5,-1,-1,-1,-1,-1,-1
2016200045330,3,9,0,2,0,0,0,0,0,0,3,1,6,3,-1,-1,-1,-1,-1,-1,-1,-1
2016200045336,1,9,0,18,0,8,0,0,0,0,1,1,6,1,22,5,1968,2,5,6,3,6
2016200045336,2,9,0,18,0,8,0,0,0,0,2,1,6,1,30,6,1995,2,3,1,1,1
2016200045352,1,9,0,18,0,8,0,0,0,0,1,1,6,1,47,8,1598,1,5,2,1,2
2016200045352,2,9,0,4,0,8,0,0,0,0,2,1,1,1,45,7,-1,-1,-1,3,1,3
2016200045363,1,9,0,18,0,0,0,0,0,0,4,1,3,2,33,6,1368,1,6,2,1,2
2016200045546,1,9,0,18,0,0,0,0,0,0,1,1,6,1,47,8,1995,1,14,1,1,1
2016200045546,2,9,0,18,0,0,0,0,0,0,2,1,6,2,76,11,1339,1,11,8,1,8
2016200045559,1,9,0,18,0,0,0,0,0,0,1,1,6,1,54,8,1968,2,2,9,1,9
2016200045594,1,9,0,18,0,0,0,0,0,0,3,1,6,2,52,8,1150,1,12,1,1,1
2016200045594,2,9,0,18,0,0,0,0,0,0,2,1,6,2,23,5,1995,1,6,2,1,2
2016200045618,1,9,0,18,0,0,0,0,0,0,0,1,6,2,32,6,1968,2,3,-1,-1,-1
2016200045618,2,9,0,18,0,0,0,0,0,0,1,1,6,2,22,5,1198,1,11,1,1,1
2016200045647,1,9,0,4,0,0,0,0,0,0,1,1,6,1,61,9,1796,1,17,2,1,2
2016200045647,2,9,0,4,0,0,0,0,0,0,2,1,6,2,29,6,1360,1,6,7,1,7
2016200045655,1,-1,0,3,0,0,0,0,0,0,1,1,6,3,-1,-1,-1,-1,-1,-1,-1,-1
2016200045655,2,9,0,4,0,0,0,0,0,0,2,1,6,2,24,5,1598,1,6,2,1,2
2016200045661,1,9,0,11,0,0,0,0,0,0,1,1,6,1,33,6,-1,-1,-1,2,1,2
2016200045661,2,9,0,11,0,0,0,0,0,0,3,1,6,2,25,5,1149,1,13,-1,-1,-1
2016200045698,1,9,0,18,0,0,0,0,0,0,4,1,6,3,-1,-1,2993,2,7,-1,-1,-1
2016200045699,1,9,0,18,0,0,0,0,0,0,1,1,6,3,-1,-1,-1,-1,-1,-1,-1,-1
2016200045699,2,9,0,4,0,0,0,0,0,0,2,1,2,1,51,8,2521,1,8,9,1,9
2016200045708,1,9,0,18,0,0,0,0,0,0,4,1,6,3,-1,-1,1999,2,1,-1,-1,-1
2016200045708,2,1,0,18,0,0,0,0,0,0,4,1,6,1,23,5,-1,-1,-1,1,1,1
2016200045713,1,9,0,18,0,3,0,0,0,0,4,1,3,1,41,7,1753,2,14,-1,-1,-1
2016200045713,2,9,0,18,0,4,1,0,0,0,1,1,6,1,26,6,3982,1,1,4,1,4
2016200045714,1,19,0,5,0,6,0,0,0,0,1,1,1,1,41,7,2148,2,10,9,1,9
2016200045714,2,9,0,18,0,8,0,0,0,0,3,1,6,2,25,5,1242,1,9,1,1,1
2016200045715,1,9,0,9,0,5,0,0,0,0,3,1,6,1,30,6,1560,2,2,5,1,5
2016200045715,2,9,0,18,0,1,0,0,0,0,1,1,6,2,36,7,1587,1,17,1,1,1
2016200045716,1,19,0,18,0,3,0,0,0,0,1,1,6,1,29,6,1753,2,10,4,1,4
2016200045724,1,9,0,18,0,1,0,0,1,0,0,1,1,2,19,4,1199,2,4,1,1,1
2016200045724,2,1,0,18,0,1,0,0,0,0,2,1,1,1,53,8,-1,-1,-1,3,1,3
2016200045731,1,9,0,18,0,1,0,0,0,0,4,1,5,1,54,8,1560,2,2,2,1,2
2016200045731,2,9,0,5,0,6,0,0,0,0,1,1,5,1,66,10,1560,2,1,1,1,1
2016200045735,1,9,0,9,0,8,0,0,0,0,2,1,6,2,25,5,1388,1,12,6,1,6
2016200045735,2,9,0,18,0,8,0,0,0,0,1,1,6,1,28,6,-1,-1,-1,2,1,2
2016200045736,1,9,0,10,0,1,0,0,0,0,2,1,6,2,24,5,1396,1,15,6,1,6
2016200045736,2,9,0,15,0,1,0,0,0,0,1,1,6,3,-1,-1,1796,1,11,-1,-1,-1
2016200045738,1,9,0,18,0,6,0,0,0,0,4,1,6,3,-1,-1,1997,1,11,1,1,1
2016200045738,2,9,0,18,0,8,0,0,0,0,1,1,6,2,50,8,-1,-1,-1,4,1,4
2016200045744,1,9,0,5,0,6,0,0,0,0,1,1,6,1,52,8,1596,1,13,6,2,6
2016200045744,2,9,0,18,0,8,0,0,0,0,4,1,6,2,67,10,1240,1,12,-1,-1,-1
2016200045756,1,9,0,14,0,0,0,4,0,0,1,1,3,2,34,6,1242,1,3,6,1,6
2016200045756,2,9,0,2,0,0,0,0,0,0,2,1,3,2,28,6,1870,2,11,2,1,2
2016200045759,1,9,0,16,0,0,0,0,0,0,1,1,6,1,36,7,1998,2,12,2,1,2
2016200045764,1,9,0,18,0,0,0,0,0,0,1,1,6,1,50,8,1596,1,17,1,1,1
2016200045774,1,9,0,9,0,8,0,0,0,0,1,1,1,1,34,6,1956,2,1,2,1,2
2016200045774,2,9,0,18,0,8,0,0,0,0,3,1,6,1,56,9,1796,1,5,3,1,3
2016200045776,1,11,0,4,2,0,0,0,0,0,0,1,1,1,48,8,7300,2,12,2,1,2
2016200045780,1,9,0,18,0,0,0,0,0,0,1,1,2,2,31,6,1198,1,9,6,1,6
2016200045784,1,17,0,18,0,0,1,0,0,0,1,1,6,1,23,5,-1,-1,-1,1,1,1
2016200045784,2,9,0,18,0,0,0,0,0,0,1,1,6,1,38,7,-1,-1,-1,1,1,1
2016200045791,1,9,0,3,0,2,0,0,0,0,3,1,6,1,40,7,1396,1,16,4,1,4
2016200045791,2,19,0,13,0,2,0,0,0,0,1,1,6,1,-1,-1,2198,2,5,-1,-1,-1
2016200045798,1,9,0,18,0,0,0,0,0,0,1,1,6,2,-1,-1,1586,1,5,8,1,8
2016200045803,1,9,0,11,0,1,0,0,0,0,1,1,6,1,57,9,1496,2,1,6,1,6
2016200045803,2,9,0,18,0,1,0,0,0,0,3,1,6,1,30,6,1341,1,17,2,1,2
2016200045808,1,9,0,18,0,8,0,0,0,0,1,1,6,1,17,4,1149,1,13,1,1,1
2016200045808,2,9,0,3,0,8,0,0,0,0,2,1,6,1,50,8,1968,2,1,9,1,9
2016200045812,1,3,0,18,0,8,0,0,0,0,1,1,6,1,20,4,124,1,22,8,1,8
2016200045812,2,9,0,9,0,8,0,0,0,0,1,1,6,1,22,5,1896,2,9,6,1,6
2016200045813,1,9,0,12,0,0,0,0,0,0,0,1,6,1,23,5,-1,-1,-1,-1,-1,-1
2016200045813,2,9,0,10,0,0,0,0,0,0,3,1,6,2,34,6,1396,1,12,1,1,1
2016200045816,1,9,0,9,0,8,0,0,0,0,1,1,2,1,34,6,1598,1,15,4,1,4
2016200045816,2,2,0,18,0,8,2,0,0,0,4,1,2,1,16,4,49,1,3,10,1,10
2016200045817,1,9,0,11,0,0,0,0,0,0,1,1,6,3,30,6,-1,-1,-1,-1,-1,-1
2016200045817,2,5,0,4,0,0,0,0,0,0,1,1,2,1,39,7,996,1,12,1,1,1
2016200045820,1,9,0,18,0,0,0,0,0,0,1,1,1,1,22,5,1390,1,13,6,1,6
2016200045820,2,90,1,3,0,0,0,0,0,0,4,1,6,1,43,7,-1,-1,-1,3,2,3
2016200045820,3,9,0,2,0,0,0,0,0,0,2,1,6,1,29,6,1968,2,5,7,1,7
2016200045820,4,9,0,2,0,0,0,0,0,0,1,1,6,1,28,6,1332,1,18,5,1,5
2016200045833,1,9,0,9,0,6,0,0,0,0,1,1,6,1,27,6,1598,1,14,-1,-1,-1
2016200045833,2,3,0,18,0,8,1,0,0,0,1,1,6,1,39,7,124,1,2,1,1,1
2016200045833,3,9,0,3,0,1,0,0,0,0,1,1,6,1,32,6,1197,1,3,4,1,4
2016200045839,1,9,0,18,0,0,0,0,0,0,1,1,6,1,26,6,1388,1,13,5,1,5
2016200045840,1,9,0,2,0,0,0,0,0,0,1,1,6,1,25,5,2204,2,9,1,1,1
2016200045840,2,9,0,18,0,0,0,0,0,0,1,1,6,3,-1,-1,1896,2,8,-1,-1,-1
2016200045851,1,9,0,12,0,0,0,0,0,0,3,1,5,2,28,6,1242,1,9,1,1,1
2016200045851,2,9,0,18,0,0,0,0,0,0,4,1,5,1,34,6,1968,2,5,3,1,3
2016200045860,1,9,0,12,0,1,0,0,0,0,3,1,6,1,31,6,-1,-1,-1,2,1,2
2016200045860,2,9,0,13,0,1,0,0,0,0,4,1,6,1,-1,-1,-1,-1,-1,5,1,5
2016200045860,3,9,0,18,0,2,0,0,0,0,3,1,6,1,68,10,1596,1,5,10,1,10
2016200045861,1,9,0,5,0,2,0,0,0,0,4,1,6,2,22,5,-1,-1,-1,1,1,1
2016200045864,1,9,0,9,0,5,0,0,0,0,3,1,5,2,45,7,1968,2,7,4,1,4
2016200045867,1,19,0,18,0,4,0,0,0,0,1,1,6,1,44,7,2143,2,3,9,1,9
2016200045867,2,3,0,18,0,3,0,0,0,0,4,1,1,1,18,4,125,1,1,1,1,1
2016200045872,1,9,0,3,6,0,0,0,0,0,2,1,6,1,21,5,1242,1,4,1,1,1
2016200045872,2,9,0,3,6,0,0,0,0,0,-1,1,6,1,-1,-1,1910,2,10,-1,-1,-1
2016200045881,1,21,1,11,0,0,0,0,0,0,1,1,1,1,32,6,10518,2,5,3,1,3
2016200045881,2,9,0,15,0,0,0,0,4,0,3,1,6,1,40,7,-1,-1,-1,6,1,6
2016200045891,1,9,0,18,0,0,0,0,0,0,4,1,5,3,30,6,1794,1,10,-1,-1,-1
2016200045891,2,9,0,3,0,0,0,0,0,0,4,1,5,1,24,5,1360,1,9,1,1,1
2016200045896,1,9,0,4,0,0,0,0,0,0,1,1,6,1,23,5,1397,1,14,1,1,1
2016200045896,2,9,0,3,0,0,0,0,1,0,2,1,6,1,33,6,1598,1,10,3,1,3
2016200045907,1,9,0,5,0,0,0,0,0,0,1,1,2,1,55,8,1995,2,3,10,1,10
2016200045910,1,9,0,18,0,0,1,0,0,0,1,1,6,1,24,5,-1,-1,-1,-1,-1,-1
2016200045910,2,9,0,18,0,0,0,0,0,0,2,1,6,2,53,8,1242,1,2,5,1,5
2016200045917,1,9,0,18,0,1,0,0,0,0,1,1,6,1,33,6,3175,1,13,9,1,9
2016200045920,1,9,0,9,0,5,0,0,0,0,1,1,5,1,18,4,1124,1,12,2,1,2
2016200045920,2,9,0,18,0,8,0,0,0,0,4,1,5,1,25,5,1199,1,13,5,1,5
2016200045923,1,9,0,5,0,4,0,0,0,0,1,1,6,2,51,8,1124,1,16,8,1,8
2016200045942,1,9,0,18,0,0,0,0,0,0,2,1,6,1,-1,-1,-1,-1,-1,-1,-1,-1
2016200045942,2,9,0,18,0,0,1,0,0,0,2,1,6,1,21,5,1799,1,9,10,1,10
2016200045953,1,9,0,18,0,1,0,0,0,0,1,1,6,2,73,10,1242,1,2,1,1,1
2016200045953,2,9,0,18,0,2,0,0,0,0,1,1,6,1,41,7,1896,2,10,7,1,7
2016200045953,3,9,0,2,0,2,0,0,0,0,3,1,6,1,39,7,1995,2,10,3,1,3
2016200046018,1,9,0,7,0,6,0,0,0,0,1,1,6,3,-1,-1,1998,1,13,-1,-1,-1
2016200046018,2,9,0,18,0,8,0,0,0,0,3,1,6,2,25,5,1242,1,2,3,1,3
2016200046022,1,9,0,9,0,5,0,0,0,0,1,1,6,3,-1,-1,1896,2,13,1,1,1
2016200046022,2,8,0,18,0,8,0,0,0,0,3,1,1,1,36,7,-1,-1,-1,4,1,4
2016200046038,1,11,0,9,0,1,0,0,0,0,4,1,1,1,53,8,7300,2,7,2,1,2
2016200046046,1,9,0,18,0,1,0,0,0,0,1,1,6,2,-1,-1,-1,-1,-1,-1,-1,-1