Accident_Index,Vehicle_Reference,Vehicle_Type,Towing_and_Articulation,Vehicle_Manoeuvre,Vehicle_Location-Restricted_Lane,Junction_Location,Skidding_and_Overturning,Hit_Object_in_Carriageway,Vehicle_Leaving_Carriageway,Hit_Object_off_Carriageway,1st_Point_of_Impact,Was_Vehicle_Left_Hand_Drive?,Journey_Purpose_of_Driver,Sex_of_Driver,Age_of_Driver,Age_Band_of_Driver,Engine_Capacity_(CC),Propulsion_Code,Age_of_Vehicle,Driver_IMD_Decile,Driver_Home_Area_Type,Vehicle_IMD_Decile
2016200046046,2,9,0,9,0,1,0,0,0,0,2,1,2,2,48,8,1229,1,3,6,1,6
2016200046048,1,9,0,18,0,1,0,0,0,0,1,1,6,1,47,8,1998,2,11,2,1,2
2016200046048,2,9,0,4,0,1,0,0,0,0,2,1,6,1,31,6,1461,2,12,1,1,1
2016200046048,3,9,0,2,9,1,0,0,0,0,2,1,6,3,-1,-1,1685,2,1,-1,-1,-1
2016200046048,4,9,0,2,9,2,0,0,0,0,2,1,6,3,-1,-1,1229,1,7,-1,-1,-1
2016200046051,1,9,0,13,0,3,0,0,0,0,2,1,1,1,29,6,1398,1,14,2,1,2
2016200046051,2,98,0,18,0,3,0,0,0,0,2,1,1,1,49,8,-1,-1,-1,-1,-1,-1
2016200046073,1,9,0,18,0,0,1,10,7,10,1,1,6,2,42,7,1398,2,15,2,1,2
2016200046077,1,9,0,18,0,1,0,0,0,0,1,1,6,3,-1,-1,-1,-1,-1,-1,-1,-1
2016200046078,1,9,0,9,0,6,0,0,0,0,3,1,6,1,-1,-1,1242,1,16,-1,-1,-1
2016200046078,2,8,0,16,0,8,0,0,0,0,4,1,1,1,51,8,2499,2,6,6,1,6
2016200046091,1,9,0,18,0,1,0,0,0,0,1,1,6,2,-1,-1,1992,2,11,10,1,10
2016200046091,2,3,0,3,0,1,0,0,0,0,2,1,2,1,-1,-1,1237,1,2,10,1,10
2016200046099,1,11,0,9,0,2,0,0,0,0,1,1,1,1,50,8,6374,2,9,3,1,3
2016200046102,1,3,0,18,0,3,0,0,0,0,2,1,2,2,41,7,102,1,10,1,1,1
2016200046102,2,9,0,18,0,3,0,0,0,0,1,1,6,3,-1,-1,-1,-1,-1,-1,-1,-1
2016200046107,1,9,0,9,0,8,0,0,0,0,3,1,6,1,84,11,1248,1,3,3,1,3
2016200046107,2,3,0,5,0,8,0,0,0,0,1,1,6,1,20,4,124,1,6,10,3,10
2016200046114,1,20,0,18,0,0,0,0,0,0,1,1,1,1,41,7,-1,-1,-1,10,1,10
2016200046114,2,9,0,18,0,0,0,0,0,0,2,1,1,2,32,6,1956,2,4,-1,-1,-1
2016200046116,1,9,0,5,0,0,0,0,0,0,1,1,1,1,38,7,998,1,4,10,1,10
2016200046120,1,98,0,12,0,0,0,0,0,0,-1,2,6,1,22,5,-1,-1,-1,-1,-1,-1
2016200046120,2,9,0,18,0,0,0,0,0,0,-1,1,6,1,39,7,1997,2,11,2,1,2
2016200046137,1,9,0,18,0,1,0,0,0,0,0,1,6,1,52,8,1799,1,8,1,1,1
2016200046144,1,9,0,9,0,8,0,0,0,0,1,1,3,2,36,7,1296,1,8,10,1,10
2016200046144,2,9,0,18,0,8,0,0,0,0,1,1,5,1,43,7,1198,1,2,8,1,8
2016200046157,1,9,0,10,0,8,0,0,0,0,2,1,6,2,23,5,1398,1,2,5,1,5
2016200046157,2,90,1,18,0,8,0,0,0,0,1,1,1,1,55,8,9290,2,5,4,1,4
2016200046166,1,9,0,9,0,6,0,0,0,0,1,1,6,1,40,7,1896,2,10,2,1,2
2016200046166,2,9,0,18,0,8,0,0,0,0,3,1,6,1,36,7,1753,2,16,1,1,1
2016200046177,1,9,0,18,0,1,0,0,0,0,2,1,6,1,53,8,1339,1,12,1,1,1
2016200046177,2,9,0,18,0,1,0,0,0,0,1,1,1,2,39,7,1299,1,9,1,1,1
2016200046189,1,19,0,9,0,6,0,0,0,0,0,1,6,1,-1,-1,2299,2,5,1,1,1
2016200046189,2,3,0,18,0,8,2,0,0,0,0,1,6,1,25,5,124,1,13,4,1,4
2016200046198,1,20,4,18,0,0,0,0,0,0,4,1,1,1,41,7,2999,2,1,5,1,5
2016200046206,1,9,0,17,0,0,0,7,3,0,1,1,5,2,20,4,1124,1,12,2,1,2
2016200046206,2,9,0,17,0,0,0,0,0,0,2,1,5,1,21,5,1685,2,1,3,1,3
2016200046215,1,1,0,4,2,4,1,0,0,0,0,1,5,1,26,6,-1,-1,-1,3,1,3
2016200046215,2,9,0,4,0,4,0,0,0,0,0,1,5,1,57,9,1796,1,14,8,1,8
2016200046225,1,9,0,18,0,0,0,0,0,0,1,1,2,2,46,8,1398,1,2,1,1,1
2016200046225,2,9,0,18,0,0,1,0,0,0,2,1,5,1,33,6,1596,1,12,3,1,3
2016200046230,1,9,0,18,0,0,0,0,0,0,1,1,6,3,-1,-1,-1,-1,-1,-1,-1,-1
2016200046230,2,1,0,5,0,0,0,0,0,0,1,1,6,1,12,3,-1,-1,-1,1,1,1
2016200046238,1,9,0,5,0,1,0,0,0,0,4,1,6,1,48,8,2231,2,8,1,1,1
2016200046239,1,9,0,3,0,0,0,0,0,0,2,1,6,2,41,7,1149,1,12,2,1,2
2016200046239,2,9,0,18,0,0,0,0,0,0,1,1,6,1,-1,-1,1597,1,7,-1,-1,-1
2016200046257,1,9,0,18,0,6,0,0,0,0,1,1,6,1,-1,-1,2148,2,15,1,1,1
2016200046257,2,9,0,18,0,8,0,0,0,0,4,1,6,1,46,8,1364,1,1,1,1,1
2016200046262,1,9,0,18,0,0,0,0,0,0,1,1,6,2,37,7,1360,1,16,6,1,6
2016200046324,1,9,0,18,0,2,0,0,0,0,4,1,6,2,50,8,1397,1,6,3,1,3
2016200046355,1,9,0,18,0,0,1,0,0,0,1,1,6,1,41,7,1229,1,8,1,1,1
2016200046355,2,9,0,2,9,0,0,0,0,0,4,1,6,3,-1,-1,-1,-1,-1,-1,-1,-1
2016200046355,3,9,0,2,0,0,0,0,0,0,1,1,6,3,-1,-1,-1,-1,-1,-1,-1,-1
2016200046369,1,3,0,18,0,0,0,0,0,0,1,1,6,1,30,6,124,1,5,4,1,4
2016200046369,2,1,0,9,0,0,0,0,0,0,2,1,6,1,23,5,-1,-1,-1,5,1,5
2016200046379,1,9,0,18,0,0,0,7,1,0,1,1,6,1,23,5,1396,1,13,-1,-1,-1
2016200046379,2,9,0,18,0,0,0,0,0,0,0,1,1,1,-1,-1,2993,2,1,-1,-1,-1
2016200046381,1,9,0,6,0,2,0,0,0,0,2,1,6,2,40,7,1598,1,9,2,1,2
2016200046381,2,9,0,18,0,1,0,0,0,0,1,1,6,3,-1,-1,2000,1,21,-1,-1,-1
2016200046398,1,9,0,9,0,5,1,0,0,0,1,1,2,1,35,6,1389,1,11,2,1,2
2016200046398,2,19,0,18,0,8,2,0,1,0,3,1,1,1,34,6,1248,2,5,-1,-1,-1
2016200046416,1,9,0,18,0,1,0,0,0,0,1,1,6,1,32,6,-1,-1,-1,2,1,2
2016200046416,2,9,0,3,0,1,0,0,0,0,3,1,6,1,40,7,2000,2,7,2,1,2
2016200046421,1,9,0,9,0,6,0,0,0,0,4,1,2,2,33,6,796,1,14,1,1,1
2016200046421,2,9,0,18,0,8,1,0,0,0,3,1,1,1,23,5,-1,-1,-1,3,1,3
2016200046448,1,9,0,18,0,0,5,0,0,0,2,1,6,2,34,6,995,1,8,4,1,4
2016200046448,2,9,0,18,0,0,0,0,0,0,1,1,6,2,21,5,1599,1,13,-1,-1,-1
2016200046452,1,9,0,18,0,0,0,0,0,0,1,1,6,3,-1,-1,-1,-1,-1,-1,-1,-1
2016200046480,1,9,0,18,0,0,0,0,0,0,4,1,6,1,76,11,1199,2,3,1,1,1
2016200046481,1,5,0,14,0,1,1,0,0,0,4,1,6,1,50,8,749,1,20,2,1,2
2016200046481,2,9,0,10,0,1,0,0,0,0,3,1,6,1,46,8,1968,2,6,5,1,5
2016200046493,1,8,0,6,0,2,0,0,0,0,3,1,1,1,36,7,2402,2,13,1,1,1
2016200046493,2,3,0,18,0,2,2,0,0,0,4,1,2,1,31,6,124,1,1,1,1,1
2016200046509,1,5,0,18,0,0,2,0,0,0,1,1,1,1,27,6,1250,1,8,3,1,3
2016200046509,2,9,0,11,0,0,0,0,0,0,0,1,6,2,45,7,1248,2,6,10,1,10
2016200046521,1,9,0,18,0,8,0,10,1,0,1,1,5,2,30,6,1686,2,6,2,1,2
2016200046521,2,9,0,18,0,8,1,0,0,0,4,1,5,2,38,7,1296,1,9,2,1,2
2016200046521,3,9,0,9,0,6,0,0,0,0,1,1,5,3,-1,-1,-1,-1,-1,-1,-1,-1
2016200046560,1,9,0,18,0,2,0,0,1,0,1,1,6,1,46,8,1997,2,2,5,1,5
2016200046573,1,9,0,9,0,5,0,0,0,0,1,1,6,2,38,7,1596,1,7,4,1,4
2016200046573,2,9,0,18,0,8,0,0,0,0,1,1,1,1,46,8,1968,2,8,1,1,1
2016200046574,1,9,0,18,0,1,0,0,0,0,1,1,6,2,54,8,1795,1,16,3,1,3
2016200046583,1,9,0,4,0,1,0,0,0,0,1,1,2,2,26,6,1600,2,5,6,1,6
2016200046583,2,9,0,4,0,1,0,0,0,0,2,1,6,1,27,6,1997,2,11,1,1,1
2016200046589,1,97,0,18,0,8,1,0,0,0,1,1,6,1,14,3,-1,-1,-1,1,1,1
2016200046589,2,9,0,9,0,6,0,0,0,0,1,1,6,2,39,7,1896,2,7,5,1,5
2016200046592,1,9,0,9,0,6,0,0,0,0,1,1,6,2,42,7,1896,2,10,9,1,9
2016200046592,2,3,0,18,0,8,0,0,0,0,4,1,6,1,34,6,125,1,2,6,1,6
2016200046637,1,8,0,1,0,0,0,0,0,0,0,1,6,3,-1,-1,-1,-1,-1,-1,-1,-1
2016200046637,2,1,0,18,0,0,0,0,0,0,0,1,6,2,32,6,-1,-1,-1,2,1,2
2016200046640,1,9,0,18,0,0,0,0,0,0,1,1,6,2,22,5,1598,1,14,5,1,5
2016200046640,2,9,0,18,0,0,0,0,0,0,1,1,6,3,-1,-1,-1,-1,-1,-1,-1,-1
2016200046640,3,19,0,2,9,0,0,0,0,0,1,1,6,3,-1,-1,1968,2,2,8,1,8
2016200046641,1,9,0,16,0,0,1,10,1,10,1,1,6,1,20,4,1368,1,10,2,1,2
2016200046675,1,9,0,18,0,1,0,0,0,0,1,1,6,2,33,6,1242,1,3,9,1,9
2016200046675,2,9,0,18,0,2,0,0,0,0,3,1,6,2,67,10,1753,2,13,1,1,1
2016200046678,1,9,0,18,0,0,0,4,0,0,1,1,6,1,66,10,1998,1,9,1,1,1
2016200046678,2,9,0,2,0,0,0,0,0,0,1,1,6,1,51,8,2497,2,13,6,1,6
2016200046678,3,9,0,2,0,0,0,0,0,0,2,1,6,1,-1,-1,1388,1,9,3,1,3
2016200046678,4,9,0,2,0,0,0,0,0,0,3,1,6,1,45,7,-1,-1,-1,5,1,5
2016200046678,5,9,0,2,0,0,0,0,0,0,1,1,6,2,30,6,1995,2,4,9,1,9
2016200046680,1,9,0,7,0,8,0,0,3,1,1,1,6,1,20,4,1968,2,12,2,1,2
2016200046680,2,9,0,18,0,1,0,0,0,0,0,1,6,1,-1,-1,2993,2,2,-1,-1,-1
2016200046683,1,19,0,18,0,8,0,0,0,0,1,1,6,1,77,11,1998,2,10,4,1,4
2016200046683,2,9,0,18,0,8,0,0,0,0,4,1,6,2,44,7,2148,2,7,5,1,5
2016200046684,1,19,0,18,0,0,0,0,0,0,1,1,1,1,24,5,1560,2,4,10,1,10
2016200046684,2,1,0,18,0,0,0,0,0,0,3,1,4,1,14,3,-1,-1,-1,4,1,4
2016200046692,1,9,0,18,0,0,1,0,1,9,1,1,6,1,38,7,1870,2,8,2,1,2
2016200046694,1,9,0,18,0,0,2,10,7,0,4,1,6,1,54,8,3596,1,13,8,1,8
2016200046696,1,9,0,9,0,8,0,0,0,0,3,1,6,2,34,6,1997,2,9,1,1,1
2016200046696,2,9,0,18,0,8,0,0,0,0,1,1,6,2,33,6,1461,2,1,1,1,1
2016200046699,1,9,0,9,0,5,0,0,0,0,4,1,6,1,48,8,1896,2,6,2,1,2
2016200046699,2,1,0,18,0,8,0,0,0,0,1,1,6,1,41,7,-1,-1,-1,1,1,1
2016200046707,1,-1,0,5,6,6,0,0,0,0,1,1,6,1,-1,-1,-1,-1,-1,-1,-1,-1
2016200046716,1,9,0,6,0,0,0,0,0,0,3,1,2,2,37,7,1599,1,11,2,1,2
2016200046716,2,3,0,14,0,0,0,0,0,0,1,1,2,1,20,4,125,1,1,8,1,8
2016200046768,1,9,0,7,0,2,0,0,0,0,1,1,5,1,57,9,1998,1,1,3,1,3
2016200046768,2,22,0,5,0,2,5,0,0,0,2,1,5,2,51,8,-1,-1,-1,1,1,1
2016200046785,1,9,0,2,0,0,0,0,0,0,3,1,6,1,-1,-1,-1,-1,-1,1,1,1
2016200046785,2,1,0,14,0,0,0,8,0,0,1,1,2,1,26,6,-1,-1,-1,1,1,1
2016200046789,1,9,0,5,0,8,0,0,0,0,1,1,6,2,35,6,1587,1,9,1,1,1
2016200046789,2,9,0,18,0,8,0,0,0,0,4,1,6,2,25,5,1598,1,14,3,1,3
2016200046798,1,9,0,9,0,8,0,0,0,0,1,1,6,1,42,7,1598,2,3,1,1,1
2016200046798,2,9,0,18,0,8,0,0,0,0,1,1,6,1,23,5,1968,2,8,4,1,4
2016200046806,1,9,0,18,0,5,0,0,0,0,1,1,6,2,47,8,1248,2,11,2,1,2
2016200046807,1,20,0,18,0,8,0,0,0,0,1,1,1,1,52,8,3920,2,4,1,1,1
2016200046807,2,9,0,9,0,8,0,0,0,0,3,1,5,1,68,10,1596,1,2,2,1,2
2016200046826,1,9,0,7,0,2,1,10,7,10,1,1,6,1,20,4,2993,2,10,1,1,1
2016200046826,2,9,0,18,0,2,0,0,0,0,0,1,1,1,34,6,2993,2,2,1,1,1
2016200046829,1,9,0,18,0,8,0,0,0,0,1,1,6,2,-1,-1,1497,8,14,2,1,2
2016200046829,2,9,0,3,0,8,0,0,0,0,2,1,6,2,44,7,1995,2,5,5,1,5
2016200046833,1,9,0,18,0,1,0,0,0,0,3,1,6,1,25,5,1390,1,11,1,1,1
2016200046833,2,9,0,18,0,2,0,0,0,0,3,1,6,2,28,6,1248,2,7,1,1,1
2016200046839,1,9,0,5,0,8,0,0,0,0,4,1,6,3,-1,-1,1794,1,9,-1,-1,-1
2016200046839,2,9,0,18,0,8,0,0,0,0,1,1,6,2,23,5,1229,1,5,2,1,2
2016200046866,1,9,0,7,0,1,0,0,0,0,4,1,6,1,-1,-1,1896,2,8,-1,-1,-1
2016200046876,1,98,4,7,0,6,0,0,0,0,1,1,6,3,-1,-1,-1,-1,-1,-1,-1,-1
2016200046882,1,9,0,18,0,4,0,0,0,0,1,1,6,3,-1,-1,1997,2,10,-1,-1,-1
2016200046882,2,9,0,18,0,8,0,0,0,0,4,1,3,2,34,6,1995,2,4,4,1,4
2016200046890,1,9,0,9,0,8,0,0,0,0,4,1,6,1,58,9,999,1,1,3,1,3
2016200046890,2,9,0,18,0,8,0,0,0,0,1,1,6,3,-1,-1,1600,1,12,4,1,4
2016200046900,1,9,0,18,0,8,0,0,0,0,1,1,2,1,23,5,973,1,15,7,1,7
2016200046900,2,9,0,9,0,8,0,0,0,0,4,1,2,2,22,5,998,1,10,4,1,4
2016200046907,1,9,0,18,0,2,0,0,1,0,1,1,6,1,46,8,1598,1,11,7,1,7
2016200046914,1,9,0,18,0,8,0,0,0,0,4,1,1,1,46,8,1995,2,1,2,1,2
2016200046914,2,20,0,18,0,8,0,0,0,0,1,1,1,1,37,7,4461,2,7,2,1,2
2016200046917,1,9,0,18,0,8,0,0,0,0,3,1,6,1,50,8,1200,1,3,10,1,10
2016200046918,1,-1,0,4,0,1,0,0,0,0,1,1,6,3,-1,-1,-1,-1,-1,-1,-1,-1
2016200046918,2,9,0,8,0,1,0,0,0,0,2,1,6,2,28,6,1997,2,6,7,1,7
2016200046920,1,9,0,18,0,1,0,0,0,0,1,1,6,1,-1,-1,-1,-1,-1,-1,-1,-1
2016200046920,2,9,0,3,0,1,0,0,0,0,2,1,6,2,48,8,1560,2,2,1,1,1
2016200046938,1,9,0,16,0,0,0,0,0,0,1,1,2,3,-1,-1,-1,-1,-1,-1,-1,-1
2016200046939,1,9,0,9,0,6,0,0,0,0,1,1,6,3,-1,-1,-1,-1,-1,-1,-1,-1
2016200046940,1,8,0,14,0,0,0,0,0,0,0,1,6,1,-1,-1,2664,2,17,2,1,2
2016200046940,2,1,0,18,0,0,0,0,0,0,0,1,6,1,43,7,-1,-1,-1,1,1,1
2016200046942,1,9,0,18,0,4,0,0,0,0,1,1,6,2,46,8,1598,1,10,3,1,3
2016200046942,2,1,0,9,0,3,0,0,0,0,3,1,6,1,20,4,-1,-1,-1,5,1,5
2016200046943,1,9,0,4,0,1,0,0,0,0,1,1,6,3,-1,-1,-1,-1,-1,-1,-1,-1
2016200046943,2,8,0,3,0,1,0,0,0,0,2,1,1,1,34,6,2402,2,12,1,1,1
2016200046991,1,9,0,5,0,6,0,0,0,0,1,1,6,2,30,6,1598,1,7,1,1,1
2016200046991,2,9,0,17,0,8,0,0,0,0,1,1,1,1,48,8,1461,2,1,9,1,9
2016200047005,1,9,0,18,0,8,0,0,0,0,1,1,6,1,51,8,1968,2,12,4,1,4
2016200047005,2,9,0,9,0,5,0,7,8,1,4,1,6,1,75,10,998,1,1,1,1,1
2016200047134,1,9,0,18,0,0,0,0,0,0,1,1,6,1,42,7,1386,1,11,2,1,2
2016200047134,2,9,0,18,0,0,0,0,0,0,1,1,1,1,25,5,1598,1,11,3,1,3
2016200047186,1,9,0,5,0,0,0,0,0,0,1,1,6,1,19,4,1349,1,4,3,1,3
2016200047186,2,9,0,18,0,0,0,0,0,0,1,1,6,3,-1,-1,1587,1,13,-1,-1,-1
2016200047202,1,9,0,4,0,2,0,0,0,0,1,1,2,1,36,7,1679,1,16,5,1,5
2016200047285,1,9,0,9,0,6,0,0,0,0,1,1,6,3,-1,-1,1461,2,2,-1,-1,-1
2016200047287,1,9,0,2,0,0,0,0,0,0,3,1,5,1,28,6,1988,1,14,4,1,4
2016200047287,2,1,0,18,0,0,0,8,0,0,1,1,6,1,71,10,-1,-1,-1,3,1,3
2016200047288,1,9,0,18,0,1,0,0,0,0,4,1,6,3,-1,-1,-1,-1,-1,-1,-1,-1
2016200047290,1,9,0,18,0,0,0,4,0,0,1,1,6,1,-1,-1,1896,2,12,3,1,3
2016200047290,2,9,0,2,0,0,0,0,0,0,0,1,3,1,32,6,1799,1,5,9,1,9
2016200047294,1,9,0,5,0,0,0,0,0,0,1,1,6,1,35,6,1399,1,11,2,1,2
2016200047302,1,9,0,12,0,0,0,7,0,0,1,1,6,1,84,11,1240,1,12,4,1,4
2016200047317,1,9,0,18,0,0,0,0,0,0,1,1,2,2,50,8,1596,1,5,8,1,8
2016200047323,1,19,0,18,0,0,0,0,0,0,4,1,6,1,48,8,2198,2,2,1,1,1
2016200047333,1,9,0,18,0,1,0,0,0,0,1,1,2,1,52,8,1396,1,14,7,1,7
2016200047344,1,9,0,18,0,8,0,0,0,0,1,1,6,1,27,6,1598,1,12,8,1,8
2016200047344,2,9,0,18,0,8,0,0,7,10,1,1,6,1,25,5,998,1,11,2,1,2
2016200047352,1,9,0,18,0,0,0,0,0,0,1,1,6,3,-1,-1,-1,-1,-1,-1,-1,-1
2016200047352,2,9,0,4,0,0,0,0,0,0,2,1,1,1,57,9,1364,1,11,2,1,2
2016200047369,1,9,0,9,0,8,0,0,0,0,1,1,6,2,27,6,1995,2,10,1,1,1
2016200047369,2,9,0,18,0,8,0,0,0,0,3,1,6,1,56,9,1242,1,19,1,1,1
2016200047384,1,11,0,18,2,1,0,0,0,0,0,1,6,1,44,7,9000,2,6,1,1,1
2016200047384,2,9,0,7,0,1,0,0,0,0,0,1,6,3,-1,-1,1397,1,15,-1,-1,-1
2016200047392,1,9,0,18,0,8,0,0,0,0,1,1,6,3,-1,-1,-1,-1,-1,-1,-1,-1
2016200047392,2,1,0,18,0,8,0,0,0,0,4,1,1,1,62,9,-1,-1,-1,1,1,1
2016200047411,1,11,0,7,0,1,0,0,0,0,0,1,1,3,-1,-1,-1,-1,-1,-1,-1,-1
2016200047431,1,9,0,5,0,6,0,0,0,0,1,1,6,2,81,11,1598,1,6,6,1,6
2016200047431,2,9,0,16,0,1,0,0,0,0,1,1,6,2,49,8,1598,1,5,1,1,1
2016200047431,3,20,0,17,0,1,0,10,7,10,1,1,1,1,61,9,-1,-1,-1,4,1,4
2016200047434,1,9,0,18,0,0,0,0,0,0,3,1,1,1,28,6,-1,-1,-1,10,1,10
2016200047450,1,9,0,18,0,1,1,0,0,0,1,1,6,3,-1,-1,-1,-1,-1,-1,-1,-1
2016200047450,2,9,0,10,0,1,0,0,0,0,2,1,6,1,27,6,1796,1,13,5,1,5
2016200047453,1,8,0,11,0,2,0,0,0,0,4,1,1,1,34,6,1900,2,9,2,1,2
2016200047453,2,9,0,7,0,6,0,0,0,0,3,1,6,2,53,8,1560,2,-1,5,1,5
2016200047459,1,9,0,1,0,1,0,0,0,0,1,1,6,1,71,10,1200,1,-1,2,1,2
2016200047459,2,9,0,3,0,2,0,0,0,0,1,1,1,1,36,7,1956,2,1,-1,-1,-1
2016200047464,1,9,0,18,0,1,0,0,0,0,1,1,6,2,58,9,1956,2,5,3,1,3
2016200047464,2,9,0,3,0,1,0,0,0,0,2,1,6,2,55,8,1560,2,8,3,1,3
2016200047467,1,9,0,7,0,6,0,0,0,0,1,1,6,1,-1,-1,2143,2,1,7,1,7
2016200047467,2,8,0,18,0,8,0,7,0,0,4,1,1,1,57,9,2148,2,9,4,1,4
2016200047473,1,9,0,18,0,0,0,0,0,0,1,1,6,1,77,11,1329,1,3,2,1,2
2016200047473,2,1,0,18,0,0,0,0,0,0,1,1,6,1,22,5,-1,-1,-1,-1,-1,-1
2016200047479,1,9,0,11,0,0,0,0,0,0,1,1,6,1,20,4,998,1,6,3,1,3
2016200047479,2,9,0,18,0,0,1,0,0,0,1,1,6,2,-1,-1,1560,2,3,5,1,5
2016200047481,1,9,0,18,0,0,0,0,0,0,1,1,6,1,-1,-1,1398,1,2,10,3,10
2016200047481,2,9,0,18,0,0,0,0,0,0,2,1,2,2,27,6,998,1,-1,3,1,3
2016200047486,1,19,0,9,0,6,0,0,0,0,3,1,6,2,-1,-1,2148,2,7,-1,-1,-1
2016200047486,2,9,0,18,0,8,0,0,0,0,1,1,6,1,36,7,998,1,15,4,1,4
2016200047490,1,9,0,18,0,0,0,0,0,0,1,1,1,2,21,5,1198,1,4,2,1,2
2016200047490,2,9,0,3,0,0,0,0,0,0,2,1,2,2,34,6,1399,2,7,2,1,2
2016200047506,1,8,0,3,0,1,0,0,0,0,2,1,1,1,66,10,2664,2,16,1,1,1
2016200047506,2,9,0,3,0,1,0,0,0,0,1,1,6,1,31,6,2231,2,7,1,1,1
2016200047506,3,9,0,18,0,1,0,0,0,0,1,1,6,1,-1,-1,-1,-1,-1,2,1,2
2016200047516,1,9,0,18,0,8,0,0,0,0,1,1,6,2,21,5,1360,1,9,5,1,5
2016200047516,2,9,0,18,0,8,0,0,0,0,3,1,6,2,38,7,1596,1,12,4,1,4
2016200047519,1,9,0,9,0,5,0,0,0,0,1,1,6,1,67,10,1598,1,9,3,1,3
2016200047519,2,9,0,18,0,8,0,0,0,0,1,1,6,2,31,6,1686,2,11,1,1,1
2016200047521,1,9,0,18,0,0,0,0,0,0,1,1,6,3,-1,-1,2204,2,10,7,1,7
2016200047521,2,9,0,18,0,0,0,0,0,0,1,1,6,1,20,4,1149,1,13,2,1,2
2016200047521,3,9,0,18,0,0,0,0,0,0,1,1,6,2,-1,-1,1461,2,2,10,1,10
2016200047524,1,9,0,18,0,1,0,0,0,0,1,1,6,3,-1,-1,1896,2,19,-1,-1,-1
2016200047524,2,9,0,3,0,1,0,0,0,0,2,1,6,2,26,6,998,1,11,5,1,5
2016200047540,1,9,0,18,0,0,1,0,1,0,1,1,6,2,68,10,1598,1,8,-1,-1,-1
2016200047541,1,9,0,18,0,1,0,10,1,3,4,1,2,2,21,5,1242,1,6,1,1,1
2016200047544,1,9,0,13,0,8,0,0,0,0,1,1,6,1,34,6,1679,1,15,1,1,1
2016200047544,2,9,0,9,0,6,0,0,0,0,3,1,6,2,29,6,1499,1,9,5,1,5
2016200047546,1,1,0,18,0,0,0,0,0,0,4,1,6,2,30,6,-1,-1,-1,5,1,5
2016200047546,2,9,0,5,0,0,0,0,0,0,3,1,6,3,-1,-1,-1,-1,-1,-1,-1,-1
2016200047555,1,9,0,18,0,1,0,0,0,0,1,1,6,3,-1,-1,-1,-1,-1,-1,-1,-1
2016200047642,1,9,0,3,0,0,0,0,0,0,1,1,6,2,20,4,1242,1,7,7,1,7
2016200047642,2,9,0,3,0,0,0,0,0,0,2,1,6,2,27,6,1598,1,12,2,1,2
2016200047643,1,9,0,16,0,6,0,0,0,0,1,1,1,1,23,5,1395,1,1,9,1,9
2016200047643,2,9,0,18,0,8,0,0,0,0,3,1,1,1,26,6,1364,1,1,1,1,1
2016200047654,1,9,0,9,0,6,0,0,0,0,3,1,1,1,52,8,1200,1,1,10,1,10
2016200047654,2,9,0,18,0,8,0,0,0,0,1,1,1,1,39,7,2231,2,9,2,1,2
2016200047655,1,9,0,1,0,0,0,4,0,0,2,1,5,1,29,6,1988,1,22,1,1,1
2016200047655,2,9,0,1,9,0,0,0,0,0,4,1,6,1,47,8,1968,2,6,1,1,1
2016200047661,1,9,0,18,0,8,0,0,0,0,1,1,6,2,36,7,-1,-1,-1,3,1,3
2016200047661,2,9,0,9,0,6,0,0,0,0,4,1,6,2,51,8,-1,-1,-1,2,1,2
2016200047679,1,9,0,7,0,6,0,0,0,0,3,1,5,1,20,4,998,1,10,5,1,5
2016200047679,2,9,0,18,0,8,0,0,0,0,1,1,5,1,62,9,1396,1,3,8,1,8
2016200047680,1,9,0,7,0,6,1,0,0,0,1,1,2,1,35,6,1499,2,1,5,1,5
2016200047680,2,9,0,18,0,8,1,0,0,0,3,1,2,1,20,4,1364,1,10,2,1,2
2016200047693,1,9,0,18,0,0,0,0,0,0,1,1,6,2,49,8,1197,1,2,8,3,8
2016200047695,1,9,0,7,0,6,0,0,0,0,1,1,1,1,24,5,-1,-1,-1,3,1,3
2016200047695,2,98,0,18,0,8,0,0,8,0,3,1,5,1,33,6,-1,-1,-1,8,1,8
2016200047705,1,9,0,16,0,3,0,0,0,0,1,1,6,1,31,6,1910,2,14,8,1,8
2016200047705,2,19,0,4,0,1,0,0,0,0,4,1,1,1,62,9,2198,2,2,7,1,7
2016200047712,1,9,0,18,0,8,0,0,0,0,3,1,6,2,26,6,1398,1,2,6,1,6
2016200047715,1,9,0,18,0,2,0,0,0,0,1,1,6,2,55,8,1995,2,13,3,1,3
2016200047715,2,8,0,3,0,2,0,0,0,0,2,1,1,1,39,7,2204,2,9,1,1,1
2016200047729,1,9,0,18,0,4,0,0,0,0,1,1,6,1,39,7,2976,1,14,-1,-1,-1
2016200047729,2,9,0,9,0,8,0,0,0,0,1,1,6,1,41,7,2993,2,11,2,1,2
2016200047737,1,9,0,18,0,2,0,0,0,0,1,1,2,2,18,4,998,1,7,4,1,4
2016200047741,1,9,0,18,0,1,0,0,0,0,1,1,6,3,-1,-1,-1,-1,-1,-1,-1,-1
2016200047741,2,9,0,10,0,1,0,0,0,0,2,1,6,1,58,9,1951,2,15,3,1,3
2016200047751,1,9,0,18,0,8,0,0,0,0,3,1,6,1,34,6,1995,2,11,7,1,7