Accident_Index,Vehicle_Reference,Vehicle_Type,Towing_and_Articulation,Vehicle_Manoeuvre,Vehicle_Location-Restricted_Lane,Junction_Location,Skidding_and_Overturning,Hit_Object_in_Carriageway,Vehicle_Leaving_Carriageway,Hit_Object_off_Carriageway,1st_Point_of_Impact,Was_Vehicle_Left_Hand_Drive?,Journey_Purpose_of_Driver,Sex_of_Driver,Age_of_Driver,Age_Band_of_Driver,Engine_Capacity_(CC),Propulsion_Code,Age_of_Vehicle,Driver_IMD_Decile,Driver_Home_Area_Type,Vehicle_IMD_Decile
2016200047751,2,9,0,9,0,8,0,0,0,0,1,1,6,2,50,8,1598,1,5,-1,-1,-1
2016200047752,1,9,0,18,0,8,0,0,0,0,1,1,2,1,50,8,1968,2,4,7,1,7
2016200047752,2,9,0,18,0,8,0,0,0,0,2,1,2,2,42,7,1560,2,9,1,1,1
2016200047752,3,9,0,18,0,8,0,0,0,0,2,1,2,1,25,5,2231,2,10,3,1,3
2016200047765,1,9,0,18,0,0,0,0,0,0,1,1,6,2,28,6,1242,1,4,7,1,7
2016200047765,2,9,0,4,0,0,0,0,0,0,3,1,6,1,40,7,-1,-1,-1,2,1,2
2016200047769,1,20,0,18,0,0,0,0,0,0,4,1,6,1,-1,-1,6692,2,5,-1,-1,-1
2016200047769,2,9,0,18,0,0,0,0,0,0,4,1,6,2,29,6,1968,2,7,2,1,2
2016200047775,1,9,0,18,0,0,0,0,0,0,1,1,6,1,55,8,-1,-1,-1,-1,-1,-1
2016200047782,1,9,0,18,0,1,0,0,0,0,2,1,1,1,26,6,1364,1,6,10,2,10
2016200047782,2,9,0,12,0,1,0,0,0,0,1,1,6,1,-1,-1,1149,1,9,2,1,2
2016200047789,1,9,0,4,0,1,1,0,0,0,1,1,5,1,22,5,1598,1,13,5,1,5
2016200047789,2,9,0,4,0,1,0,0,0,0,2,1,5,1,30,6,-1,-1,-1,4,1,4
2016200047795,1,9,0,9,0,6,0,0,0,0,1,1,6,3,-1,-1,-1,-1,-1,-1,-1,-1
2016200047795,2,9,0,18,0,8,0,0,0,0,4,1,6,2,33,6,998,1,5,2,1,2
2016200047799,1,9,0,9,0,5,0,0,0,0,4,1,6,1,79,11,1422,2,2,1,1,1
2016200047799,2,1,0,18,0,8,0,0,0,0,1,1,2,1,19,4,-1,-1,-1,7,1,7
2016200047807,1,9,0,2,0,2,0,0,0,0,2,1,6,1,30,6,1598,1,2,3,1,3
2016200047807,2,9,0,7,0,6,0,0,0,0,4,1,6,3,-1,-1,1364,1,9,9,1,9
2016200047808,1,9,0,9,0,5,0,0,0,0,1,1,6,1,17,4,1364,1,11,7,1,7
2016200047808,2,9,0,18,0,8,0,0,0,0,3,1,6,1,44,7,1896,2,7,1,1,1
2016200047818,1,9,0,18,0,8,0,0,0,0,1,1,6,2,21,5,1598,1,1,1,1,1
2016200047818,2,9,0,7,0,6,0,0,0,0,2,1,3,2,37,7,1390,1,14,1,1,1
2016200047826,1,9,0,18,0,0,0,0,0,0,4,1,5,1,51,8,1598,2,6,5,1,5
2016200047826,2,1,0,15,0,0,0,0,0,0,1,1,5,1,33,6,-1,-1,-1,1,1,1
2016200047827,1,9,0,9,0,3,0,0,0,0,2,1,6,2,38,7,1598,1,11,2,1,2
2016200047827,2,10,0,18,0,4,0,0,0,0,4,1,6,1,58,9,2464,2,6,6,1,6
2016200047831,1,9,0,9,0,8,0,0,0,0,1,1,6,3,-1,-1,-1,-1,-1,-1,-1,-1
2016200047831,2,3,0,18,0,8,0,0,0,0,1,1,2,1,45,7,124,1,3,1,1,1
2016200047835,1,9,0,18,0,0,0,0,0,0,1,1,6,3,-1,-1,-1,-1,-1,-1,-1,-1
2016200047842,1,9,0,18,0,8,1,0,0,0,4,1,1,2,27,6,1956,2,2,-1,-1,-1
2016200047842,2,9,0,18,0,8,0,0,0,0,1,1,1,1,43,7,1995,2,9,6,1,6
2016200047843,1,9,0,14,0,0,0,0,0,0,4,1,1,2,53,8,1149,1,10,1,1,1
2016200047849,1,1,0,18,0,8,0,0,0,0,1,1,6,1,65,9,-1,-1,-1,5,1,5
2016200047849,2,9,0,7,0,5,0,0,0,0,1,1,6,1,50,8,1998,2,10,6,1,6
2016200047851,1,9,0,18,0,4,0,0,0,0,4,1,6,3,-1,-1,1896,2,17,1,1,1
2016200047851,2,9,0,18,0,8,0,0,0,0,4,1,6,1,18,4,1390,1,4,6,1,6
2016200047859,1,9,0,9,0,5,0,0,0,0,1,1,6,1,57,9,1299,1,17,2,1,2
2016200047859,2,9,0,18,0,8,0,0,0,0,1,1,6,2,26,6,1390,1,9,2,1,2
2016200047860,1,1,0,18,0,8,0,0,0,0,1,1,3,1,-1,-1,-1,-1,-1,-1,-1,-1
2016200047867,1,9,0,9,0,6,0,10,7,10,1,1,5,2,56,9,2179,2,1,8,2,8
2016200047872,1,9,0,18,0,1,0,0,0,0,1,1,6,2,18,4,1242,1,9,9,1,9
2016200047872,2,9,0,3,0,1,0,0,0,0,2,1,6,2,20,4,1242,1,5,8,2,8
2016200047872,3,9,0,3,0,1,0,0,0,0,1,1,6,2,42,7,2179,2,6,10,1,10
2016200047894,1,9,0,9,0,8,0,0,0,0,1,1,6,1,33,6,1896,2,11,1,1,1
2016200047894,2,9,0,18,0,8,0,0,0,0,1,1,6,1,20,4,998,1,23,2,1,2
2016200047900,1,19,0,18,0,0,0,0,0,0,1,1,1,1,41,7,2198,2,1,9,2,9
2016200047900,2,9,0,18,0,0,0,0,0,0,1,1,6,2,63,9,2993,2,7,9,1,9
2016200047900,3,9,0,18,0,0,0,0,0,0,1,1,1,1,46,8,2979,1,12,7,1,7
2016200047902,1,9,0,18,0,5,0,0,0,0,2,1,6,1,39,7,1995,2,13,1,1,1
2016200047902,2,9,0,18,0,5,0,0,0,0,1,1,6,2,64,9,1108,1,7,2,1,2
2016200047949,1,9,0,18,0,0,0,0,0,0,1,1,6,1,34,6,1995,2,2,1,1,1
2016200047949,2,9,0,4,0,0,0,4,0,0,2,1,6,2,22,5,-1,-1,-1,7,1,7
2016200047949,3,9,0,3,-1,0,0,-1,-1,0,0,1,6,2,25,5,1364,1,7,5,1,5
2016200048185,1,11,0,18,0,0,0,0,0,0,0,1,1,1,28,6,7300,2,4,2,1,2
2016200048186,1,9,0,11,0,0,0,0,0,0,0,1,6,1,-1,-1,1598,1,12,2,1,2
2016200048186,2,9,0,4,0,0,0,0,0,0,0,1,6,1,57,9,1240,1,8,2,1,2
2016200048188,1,9,0,4,0,4,0,0,0,0,2,1,1,1,31,6,1870,2,12,-1,1,-1
2016200048188,2,9,0,5,0,4,0,0,0,0,1,1,1,2,47,8,1560,2,6,3,1,3
2016200048192,1,9,0,18,0,0,0,0,0,0,1,1,6,2,57,9,796,1,14,2,1,2
2016200048192,2,9,0,3,0,0,0,0,0,0,2,1,6,3,30,6,1968,2,1,-1,-1,-1
2016200048194,1,1,0,18,0,0,0,0,0,0,1,1,6,1,15,3,-1,-1,-1,1,1,1
2016200048194,2,9,0,16,0,0,0,0,0,0,4,1,6,2,-1,-1,1598,1,11,2,1,2
2016200048195,1,9,0,7,0,1,0,0,0,0,1,1,6,3,-1,-1,-1,-1,-1,-1,-1,-1
2016200048195,2,1,0,18,0,1,0,0,0,0,4,1,1,2,34,6,-1,-1,-1,5,1,5
2016200048199,1,9,0,16,0,0,1,0,0,0,4,1,6,2,48,8,1299,1,15,6,1,6
2016200048199,2,9,0,16,0,0,2,10,7,0,3,1,6,2,35,6,1397,1,7,6,1,6
2016200048213,1,9,0,3,0,0,0,0,0,0,0,1,6,2,47,8,998,1,2,5,1,5
2016200048213,2,9,4,5,0,0,0,0,0,0,2,1,6,3,-1,-1,-1,-1,-1,8,1,8
2016200048214,1,9,0,18,9,8,0,0,0,0,1,1,2,1,23,5,1995,2,12,-1,-1,-1
2016200048216,1,9,0,18,0,0,0,10,1,0,1,1,6,1,22,5,1596,1,4,1,1,1
2016200048228,1,9,0,18,0,2,0,0,0,0,1,1,6,3,-1,-1,-1,-1,-1,-1,-1,-1
2016200048228,2,9,0,3,0,2,0,0,0,0,2,1,6,1,27,6,1197,1,2,4,2,4
2016200048236,1,9,0,18,0,7,1,0,4,0,4,1,1,1,38,7,1997,2,12,9,1,9
2016200048236,2,9,0,5,0,7,0,0,0,0,3,1,5,1,74,10,1560,2,2,5,1,5
2016200048237,1,19,0,4,0,2,0,0,0,0,4,1,1,1,40,7,2198,2,2,1,1,1
2016200048267,1,9,0,18,0,1,0,0,0,0,1,1,6,1,-1,-1,4172,1,13,1,1,1
2016200048267,2,9,0,5,0,1,0,0,0,0,2,1,6,1,52,8,1598,1,8,1,1,1
2016200048275,1,9,0,18,0,8,0,0,0,0,1,1,1,1,28,6,1242,1,3,9,1,9
2016200048275,2,9,0,9,0,8,0,0,0,0,4,1,6,2,42,7,1598,1,7,1,1,1
2016200048278,1,19,0,7,0,2,0,0,0,0,1,1,2,1,32,6,2143,2,1,2,1,2
2016200048278,2,9,0,18,0,1,0,0,0,0,1,1,2,2,31,6,1242,1,9,8,1,8
2016200048284,1,9,0,1,0,0,0,0,0,0,2,1,6,2,-1,-1,-1,-1,-1,-1,-1,-1
2016200048297,1,9,0,11,0,0,0,0,0,0,4,1,2,2,24,5,1299,1,11,9,1,9
2016200048297,2,98,0,12,0,0,0,0,0,0,3,1,2,1,56,9,-1,-1,-1,7,1,7
2016200048299,1,1,0,18,0,8,0,0,0,0,1,1,1,2,47,8,-1,-1,-1,1,1,1
2016200048299,2,19,0,9,0,3,0,0,0,0,2,1,1,1,26,6,2198,2,5,4,1,4
2016200048302,1,9,0,18,0,8,0,0,0,0,1,1,6,1,42,7,1598,1,8,4,1,4
2016200048302,2,9,0,5,0,8,0,10,4,0,2,1,6,2,75,10,1997,2,5,3,1,3
2016200048306,1,11,0,18,0,2,0,0,0,0,1,1,1,1,64,9,6700,2,4,2,1,2
2016200048315,1,9,0,18,0,8,1,7,2,10,1,1,6,1,21,5,1968,2,6,1,1,1
2016200048318,1,9,0,18,0,7,0,0,0,0,1,1,6,1,37,7,1753,2,8,7,1,7
2016200048318,2,9,0,3,0,7,0,0,0,0,2,1,6,2,60,9,1598,1,12,1,1,1
2016200048330,1,21,0,5,0,4,0,0,0,0,2,1,1,1,57,9,12740,2,3,-1,-1,-1
2016200048330,2,9,0,5,0,4,0,0,0,0,3,1,6,1,24,5,2993,2,1,1,1,1
2016200048348,1,9,0,18,0,0,1,0,0,0,1,1,5,1,21,5,1229,1,5,4,1,4
2016200048348,2,9,0,18,0,0,0,0,0,0,2,1,6,1,30,6,1986,2,10,-1,-1,-1
2016200048354,1,11,0,18,0,1,0,0,0,0,1,1,1,1,49,8,4760,2,4,3,1,3
2016200048354,2,9,0,3,0,1,0,0,0,0,2,1,6,2,43,7,1339,1,14,1,1,1
2016200048354,3,9,0,3,0,1,0,0,0,0,2,1,6,2,27,6,1124,1,15,5,1,5
2016200048366,1,9,0,18,0,0,0,0,0,0,4,1,6,1,28,6,1998,1,5,2,1,2
2016200048366,2,9,0,18,0,0,0,0,0,0,1,1,6,1,57,9,1968,2,1,8,1,8
2016200048397,1,9,0,16,0,0,0,0,0,0,1,1,6,1,19,4,1124,1,12,8,2,8
2016200048397,2,9,0,17,0,0,0,0,0,0,2,1,6,1,-1,-1,1968,2,1,-1,-1,-1
2016200048399,1,19,0,18,0,0,0,0,0,0,3,1,6,1,33,6,1998,2,15,3,1,3
2016200048399,2,5,0,18,0,0,5,0,4,0,4,1,6,1,-1,-1,656,1,6,2,1,2
2016200048420,1,9,0,18,0,1,0,0,0,0,4,1,2,1,30,6,1956,2,3,3,1,3
2016200048420,2,9,0,12,0,1,0,0,0,0,3,1,6,3,30,6,-1,-1,-1,-1,-1,-1
2016200048423,1,1,0,18,0,1,0,0,0,0,1,1,6,1,24,5,-1,-1,-1,2,1,2
2016200048423,2,9,0,4,0,1,0,0,0,0,4,1,6,2,57,9,1229,1,3,1,1,1
2016200048427,1,9,0,9,0,5,0,0,0,0,1,1,6,1,25,5,998,1,9,1,1,1
2016200048427,2,11,0,5,0,8,0,0,0,0,1,1,1,1,39,7,8268,2,14,1,1,1
2016200048428,1,9,0,18,0,0,0,0,0,0,1,1,6,3,-1,-1,-1,-1,-1,-1,-1,-1
2016200048428,2,1,0,3,0,0,5,0,0,0,1,1,6,2,27,6,-1,-1,-1,1,1,1
2016200048437,1,9,0,18,0,1,0,0,0,0,1,1,6,2,30,6,1596,1,1,3,1,3
2016200048437,2,1,0,18,0,1,0,0,0,0,1,1,6,1,66,10,-1,-1,-1,4,1,4
2016200048439,1,9,0,18,0,8,0,0,0,0,3,1,6,1,-1,-1,1991,1,1,5,1,5
2016200048439,2,9,0,3,0,1,0,0,0,0,4,1,6,2,48,8,1985,1,17,5,1,5
2016200048439,3,9,0,3,0,1,0,0,0,0,1,1,6,2,-1,-1,1796,1,12,3,1,3
2016200048442,1,9,0,18,0,8,1,10,3,0,4,1,6,1,21,5,1991,1,1,2,1,2
2016200048449,1,9,0,9,0,8,0,0,0,0,1,1,6,1,25,5,1596,1,14,1,1,1
2016200048449,2,9,0,18,0,8,0,0,0,0,3,1,6,1,41,7,1229,1,5,1,1,1
2016200048454,1,9,0,18,0,8,0,0,0,0,1,1,6,2,55,8,1598,1,12,3,1,3
2016200048454,2,1,0,7,0,6,0,0,0,0,1,1,6,1,13,3,-1,-1,-1,3,1,3
2016200048457,1,9,0,5,0,5,0,4,0,0,1,1,1,2,27,6,1364,1,8,3,1,3
2016200048457,2,9,0,2,0,2,0,0,0,0,2,1,5,2,32,6,1598,1,18,3,1,3
2016200048457,3,9,0,2,0,2,0,0,0,0,2,1,5,2,32,6,1364,1,7,3,1,3
2016200048457,4,9,0,2,0,2,0,0,0,0,2,1,5,2,-1,-1,1910,2,12,3,1,3
2016200048459,1,9,0,18,0,0,0,0,0,0,4,1,6,1,41,7,1896,2,7,5,1,5
2016200048459,2,9,0,5,0,0,0,0,0,0,1,1,6,1,48,8,1896,2,14,1,1,1
2016200048466,1,3,0,18,0,4,0,0,0,0,1,1,6,1,44,7,-1,-1,-1,1,1,1
2016200048466,2,9,0,5,0,3,0,0,0,0,3,1,6,1,-1,-1,2000,1,11,6,1,6
2016200048484,1,9,0,15,0,8,5,0,0,0,4,1,6,2,23,5,1398,1,11,2,1,2
2016200048484,2,9,0,10,0,5,0,0,0,0,3,1,6,1,46,8,1598,1,16,2,1,2
2016200048486,1,9,0,18,0,0,0,0,0,0,1,1,6,1,42,7,1598,1,11,5,1,5
2016200048487,1,9,0,18,0,8,0,0,0,0,4,1,5,1,42,7,2497,2,10,5,1,5
2016200048487,2,9,0,18,0,7,0,0,0,0,1,1,5,1,56,9,1686,2,5,6,1,6
2016200048489,1,9,0,18,0,8,0,0,0,0,1,1,6,1,20,4,1242,1,11,1,1,1
2016200048489,2,9,0,18,0,8,0,0,0,0,1,1,6,1,34,6,1560,2,10,1,1,1
2016200048501,1,9,0,18,0,4,0,0,3,0,1,1,6,1,24,5,1124,1,12,3,1,3
2016200048506,1,-1,0,6,0,2,0,0,0,0,1,1,6,3,-1,-1,-1,-1,-1,-1,-1,-1
2016200048555,1,9,0,18,0,8,0,0,0,0,3,1,2,1,26,6,-1,-1,-1,2,1,2
2016200048555,2,9,0,9,0,5,0,0,0,0,1,1,6,3,-1,-1,-1,-1,-1,-1,-1,-1
2016200048589,1,9,0,7,0,2,0,0,0,0,1,1,6,1,68,10,1598,1,3,1,1,1
2016200048700,1,9,0,18,0,2,0,0,0,0,2,1,6,3,-1,-1,-1,-1,-1,-1,-1,-1
2016200048700,2,1,0,18,0,2,0,0,0,0,3,1,2,1,32,6,-1,-1,-1,1,1,1
2016200048719,1,9,0,5,0,0,0,0,0,0,1,1,6,3,-1,-1,1496,2,1,1,1,1
2016200048720,1,19,0,9,0,6,0,0,0,0,1,1,1,1,55,8,1399,2,6,1,1,1
2016200048720,2,1,0,18,0,8,0,0,0,0,1,1,1,1,49,8,-1,-1,-1,2,1,2
2016200048721,1,9,0,12,0,3,0,0,0,0,3,1,6,2,-1,-1,1896,2,11,2,1,2
2016200048721,2,3,0,18,0,3,0,0,0,0,2,1,6,1,28,6,125,1,-1,3,1,3
2016200048728,1,3,0,18,0,1,1,0,0,0,1,1,6,1,37,7,-1,-1,-1,1,1,1
2016200048728,2,9,0,10,0,1,0,0,0,0,2,1,6,2,34,6,1364,1,2,6,1,6
2016200048729,1,9,0,18,0,0,0,0,0,0,1,1,1,1,30,6,1560,2,8,1,1,1
2016200048752,1,9,0,18,0,1,0,10,1,4,1,1,6,2,29,6,1997,1,12,1,1,1
2016200048753,1,9,0,7,0,6,0,0,0,0,3,1,6,1,30,6,1988,1,14,1,1,1
2016200048753,2,1,0,18,0,8,0,0,0,0,4,1,1,1,51,8,-1,-1,-1,7,1,7
2016200048754,1,9,0,2,0,0,0,0,0,0,2,1,6,2,-1,-1,1587,1,9,2,1,2
2016200048754,2,9,0,2,0,0,0,0,0,0,1,1,6,2,-1,-1,-1,-1,-1,1,1,1
2016200048754,3,9,0,18,0,0,0,0,0,0,0,1,6,1,-1,-1,-1,-1,-1,1,1,1
2016200048767,1,9,0,7,0,6,0,0,0,0,1,1,6,3,-1,-1,2231,2,3,10,1,10
2016200048767,2,1,0,4,0,8,0,0,0,0,3,1,6,1,36,7,-1,-1,-1,1,1,1
2016200048778,1,9,0,5,0,1,0,0,0,0,4,1,5,1,31,6,1299,1,14,2,1,2
2016200048782,1,21,0,4,0,8,0,0,0,0,1,1,1,1,38,7,10518,2,3,4,1,4
2016200048782,2,9,0,9,0,8,1,0,0,0,3,1,1,1,55,8,-1,-1,-1,2,1,2
2016200048785,1,9,0,14,0,0,0,0,0,0,1,1,6,1,46,8,2792,1,10,2,1,2
2016200048785,2,3,0,18,0,0,0,0,0,0,1,1,6,1,45,7,125,1,1,-1,-1,-1
2016200048809,1,9,0,14,0,0,0,0,0,0,4,1,6,1,34,6,1396,1,14,3,1,3
2016200048836,1,11,0,18,3,2,0,0,0,0,1,1,1,1,52,8,5850,2,14,1,1,1
2016200048841,1,9,0,9,0,8,0,0,0,0,1,1,6,3,-1,-1,1910,2,10,-1,-1,-1
2016200048841,2,9,0,3,0,2,0,0,0,0,2,1,6,2,47,8,-1,-1,-1,5,1,5
2016200048844,1,9,0,9,0,6,0,0,0,0,3,1,6,2,22,5,1339,1,3,7,1,7
2016200048844,2,1,0,18,0,8,0,0,0,0,1,1,6,1,23,5,-1,-1,-1,1,1,1
2016200048848,1,19,0,17,0,4,0,0,0,0,1,1,1,1,25,5,2143,2,2,2,1,2
2016200048848,2,9,0,4,0,4,0,0,0,0,2,1,6,1,26,6,1997,2,12,-1,-1,-1
2016200048865,1,9,0,7,0,1,0,0,0,0,3,1,1,1,-1,-1,2204,2,9,-1,-1,-1
2016200048865,2,9,0,3,0,1,0,0,0,0,4,1,1,2,42,7,2987,2,8,-1,-1,-1
2016200048892,1,9,0,18,0,4,0,0,0,0,2,1,6,3,-1,-1,-1,-1,-1,-1,-1,-1
2016200048892,2,9,0,17,0,8,0,0,0,0,1,1,1,1,29,6,1598,1,7,1,1,1
2016200048898,1,9,0,18,0,1,0,0,0,0,1,1,6,2,20,4,-1,-1,-1,2,1,2
2016200048900,1,9,0,18,0,1,0,0,0,0,1,1,6,3,-1,-1,5513,1,13,-1,-1,-1
2016200048900,2,9,0,8,0,1,0,0,0,0,2,1,6,2,43,7,1363,2,12,2,1,2
2016200048902,1,9,0,18,0,2,0,0,0,0,4,1,1,1,34,6,2143,2,3,9,1,9
2016200048906,1,9,0,18,0,0,0,0,0,0,2,1,6,1,82,11,1598,2,3,9,1,9
2016200048906,2,9,0,16,0,0,0,0,0,0,0,1,6,2,36,7,1229,1,1,-1,-1,-1
2016200048906,3,9,0,2,0,0,0,0,0,0,2,1,5,2,66,10,1242,1,3,6,3,6
2016200048906,4,9,0,2,0,0,0,0,0,0,4,1,6,2,29,6,1360,1,13,4,1,4
2016200048911,1,9,0,18,0,0,1,10,7,10,1,1,6,1,18,4,1910,2,11,2,1,2
2016200048912,1,19,0,18,0,8,0,0,0,0,4,1,1,1,37,7,1248,2,5,8,2,8
2016200048912,2,9,0,18,0,8,0,0,0,0,1,1,6,1,19,4,1124,1,12,1,1,1
2016200048927,1,98,0,13,0,0,0,0,0,0,2,1,5,3,-1,-1,-1,-1,-1,-1,-1,-1
2016200048927,2,9,0,18,0,0,0,0,0,0,3,1,2,1,24,5,1390,1,13,1,1,1
2016200048935,1,9,0,9,0,8,0,0,0,0,1,1,2,1,45,7,1956,2,1,5,1,5
2016200048935,2,9,0,18,0,8,0,0,0,0,4,1,2,2,30,6,1200,1,3,3,1,3
2016200048946,1,9,0,18,0,4,0,0,0,0,1,1,6,3,-1,-1,-1,-1,-1,-1,-1,-1
2016200048946,2,1,0,18,0,3,0,0,0,0,4,1,1,1,30,6,-1,-1,-1,1,1,1
2016200048953,1,9,0,3,0,8,1,0,0,0,1,1,6,3,-1,-1,-1,-1,-1,-1,-1,-1
2016200048953,2,9,0,18,0,8,1,0,0,0,1,1,6,1,24,5,1596,1,7,5,1,5
2016200048953,3,9,0,10,0,8,0,0,0,0,2,1,6,2,24,5,1870,2,11,2,1,2
2016200048977,1,11,0,5,0,1,0,0,0,0,4,1,1,1,31,6,9000,2,9,4,1,4
2016200048977,2,9,0,8,0,1,0,0,0,0,3,1,5,2,27,6,1968,2,7,8,1,8
2016200048981,1,5,0,17,0,0,1,4,0,0,1,1,6,1,30,6,1052,1,21,1,1,1
2016200048981,2,9,0,2,0,0,0,0,0,0,0,1,6,1,-1,-1,2231,2,9,9,1,9
2016200048981,3,9,0,2,0,0,0,0,0,0,0,1,6,1,57,9,-1,-1,-1,3,1,3
2016200048983,1,9,0,18,0,8,0,0,0,0,1,1,6,3,-1,-1,1242,1,13,-1,-1,-1
2016200048983,2,1,0,18,0,8,0,0,0,0,3,1,6,1,37,7,-1,-1,-1,1,1,1
2016200048992,1,19,0,9,0,6,0,0,0,0,2,1,6,1,43,7,1995,2,3,3,1,3
2016200048992,2,9,0,18,0,2,0,0,0,0,1,1,6,3,-1,-1,-1,-1,-1,-1,-1,-1
2016200049003,1,9,0,18,0,0,0,0,0,0,1,1,6,1,29,6,1598,1,11,1,1,1
2016200049003,2,9,0,3,0,0,0,0,0,0,2,1,6,1,28,6,1796,1,15,4,1,4
2016200049003,3,9,0,3,0,0,0,0,0,0,2,1,6,1,32,6,1896,2,10,7,1,7
2016200049019,1,9,0,15,0,1,0,0,0,0,3,1,6,3,30,6,-1,-1,-1,-1,-1,-1
2016200049019,2,9,0,18,0,1,0,0,0,0,4,1,1,2,31,6,1242,1,4,4,1,4
2016200049024,1,9,0,17,0,4,0,0,0,0,3,1,6,3,-1,-1,1497,1,14,-1,-1,-1
2016200049024,2,9,0,17,0,8,0,9,0,0,4,1,6,2,37,7,1596,1,11,1,1,1
2016200049030,1,9,0,9,0,5,0,0,0,0,1,1,6,3,-1,-1,-1,-1,-1,-1,-1,-1
2016200049037,1,9,0,18,0,0,0,0,0,0,1,1,1,1,48,8,-1,-1,-1,1,1,1
2016200049037,2,9,0,3,0,0,0,0,0,0,2,1,6,2,47,8,1595,1,10,4,3,4
2016200049051,1,9,0,18,0,0,0,0,0,0,1,1,6,1,41,7,1997,1,8,5,1,5
2016200049051,2,9,0,3,0,0,0,0,0,0,2,1,1,1,28,6,-1,-1,-1,9,1,9
2016200049054,1,9,0,18,0,0,0,0,0,0,1,1,6,1,26,6,1910,2,11,-1,-1,-1
2016200049054,2,9,0,18,0,0,0,0,0,0,2,1,6,1,42,7,-1,-1,-1,5,1,5
2016200049059,1,9,0,18,0,1,0,0,0,0,4,1,5,1,38,7,1198,1,4,3,1,3
2016200049059,2,9,0,18,0,1,0,0,0,0,3,1,6,3,30,6,1910,2,11,-1,-1,-1
2016200049061,1,9,0,9,0,5,0,0,0,0,1,1,6,2,55,8,1598,1,9,7,1,7
2016200049061,2,9,0,18,0,8,0,0,0,0,1,1,6,2,45,7,1360,1,5,4,1,4
2016200049072,1,9,0,12,0,1,0,0,0,0,1,1,6,3,-1,-1,-1,-1,-1,-1,-1,-1
2016200049072,2,9,0,3,0,1,0,0,0,0,2,1,6,2,35,6,1968,2,4,9,1,9
2016200049077,1,9,0,1,9,0,0,0,0,0,4,1,5,1,37,7,1968,2,4,1,1,1
2016200049089,1,9,0,18,0,1,0,0,0,0,3,1,6,2,56,9,1596,1,10,3,1,3
2016200049089,2,9,0,3,0,1,0,0,0,0,4,1,2,3,-1,-1,-1,-1,-1,-1,-1,-1
2016200049106,1,9,0,3,0,0,0,0,0,0,1,1,6,3,-1,-1,1761,1,16,-1,-1,-1
2016200049106,2,9,0,3,0,0,0,0,0,0,2,1,2,1,36,7,998,1,16,2,1,2
2016200049106,3,8,0,3,0,0,0,0,0,0,3,1,1,1,36,7,2402,2,11,3,1,3
2016200049231,1,9,0,18,0,8,0,0,0,0,0,1,6,1,46,8,1398,1,18,5,1,5
2016200049231,2,9,0,7,0,6,0,0,0,0,0,1,6,2,61,9,1598,1,8,3,1,3
2016200049242,1,9,0,4,0,0,0,0,0,0,1,1,6,2,20,4,1598,2,3,2,1,2
2016200049242,2,9,0,3,0,0,0,0,0,0,2,1,6,1,52,8,1896,2,15,4,1,4
2016200049254,1,9,0,18,0,1,0,0,0,0,1,1,6,1,34,6,1995,2,8,2,1,2
2016200049254,2,9,0,3,0,1,0,0,0,0,2,1,6,2,52,8,1461,2,7,7,2,7
2016200049254,3,9,0,3,0,1,0,0,0,0,2,1,6,2,61,9,1999,1,7,9,1,9
2016200049261,1,9,0,10,0,1,0,0,0,0,2,1,6,2,53,8,1242,1,17,1,1,1
2016200049261,2,9,0,10,0,1,0,0,0,0,1,1,6,3,-1,-1,1798,1,7,1,1,1
2016200049262,1,9,0,18,0,0,0,0,0,0,1,1,1,1,23,5,-1,-1,-1,1,1,1
2016200049262,2,9,0,3,0,0,0,0,0,0,2,1,5,2,23,5,1240,1,10,1,1,1
2016200049266,1,9,0,11,0,0,1,0,8,0,3,1,5,1,17,4,1364,1,10,5,1,5
2016200049275,1,9,0,18,0,0,0,0,0,0,1,1,6,1,27,6,1299,1,11,2,1,2
2016200049282,1,5,0,4,0,8,0,0,0,0,4,1,2,1,46,8,750,1,3,2,1,2
2016200049282,2,9,0,7,0,6,0,0,0,0,1,1,6,2,17,4,1560,2,4,4,1,4
2016200049295,1,9,0,18,0,0,0,0,0,0,1,1,6,1,34,6,1596,1,11,3,1,3
2016200049295,2,9,0,18,0,0,0,0,0,0,2,1,6,1,26,6,1896,2,11,1,1,1
2016200049307,1,9,0,18,0,0,0,0,0,0,1,1,6,3,-1,-1,1299,1,12,2,1,2
2016200049307,2,9,0,18,0,0,0,0,0,0,1,1,6,1,43,7,2493,8,2,-1,1,-1
2016200049315,1,9,0,5,0,0,0,0,0,0,1,1,6,1,-1,-1,1796,1,13,-1,-1,-1
2016200049321,1,3,0,18,0,0,0,0,0,0,1,1,6,1,25,5,-1,-1,-1,-1,-1,-1
2016200049329,1,9,0,16,0,0,0,0,7,0,1,1,5,2,57,9,1199,1,3,7,1,7
2016200049329,2,9,0,17,0,0,0,0,0,0,3,1,5,1,26,6,1560,2,2,5,1,5
2016200049335,1,9,0,18,0,1,0,0,0,0,1,1,6,3,-1,-1,973,1,15,-1,-1,-1
2016200049335,2,9,0,3,0,1,0,0,0,0,2,1,6,1,67,10,1388,1,13,-1,-1,-1
2016200049336,1,9,0,9,0,8,0,0,0,0,1,1,2,1,42,7,1582,2,1,-1,-1,-1
2016200049336,2,9,0,18,0,8,0,0,0,0,1,1,6,2,20,4,1499,1,-1,-1,-1,-1