Accident_Index,Vehicle_Reference,Vehicle_Type,Towing_and_Articulation,Vehicle_Manoeuvre,Vehicle_Location-Restricted_Lane,Junction_Location,Skidding_and_Overturning,Hit_Object_in_Carriageway,Vehicle_Leaving_Carriageway,Hit_Object_off_Carriageway,1st_Point_of_Impact,Was_Vehicle_Left_Hand_Drive?,Journey_Purpose_of_Driver,Sex_of_Driver,Age_of_Driver,Age_Band_of_Driver,Engine_Capacity_(CC),Propulsion_Code,Age_of_Vehicle,Driver_IMD_Decile,Driver_Home_Area_Type,Vehicle_IMD_Decile
2016200049337,1,9,0,17,0,0,0,4,0,0,1,1,6,3,-1,-1,1988,1,15,1,1,1
2016200049337,2,8,0,2,0,0,0,0,0,0,2,1,1,1,52,8,2402,2,10,1,1,1
2016200049355,1,9,0,7,0,5,0,0,0,0,1,1,6,3,-1,-1,-1,-1,-1,-1,-1,-1
2016200049363,1,9,0,3,0,1,0,0,0,0,1,1,6,2,22,5,1242,1,1,2,1,2
2016200049366,1,90,0,9,0,1,0,0,0,0,3,1,6,2,17,4,-1,-1,-1,2,1,2
2016200049366,2,9,0,18,0,1,0,0,0,0,4,1,6,3,-1,-1,-1,-1,-1,-1,-1,-1
2016200049367,1,9,0,18,0,0,1,0,0,0,1,1,6,2,18,4,1360,1,11,-1,-1,-1
2016200049367,2,9,0,3,0,0,0,0,0,0,2,1,6,2,31,6,1596,1,10,-1,-1,-1
2016200049372,1,9,0,18,0,0,0,0,0,0,1,1,6,3,30,6,-1,-1,-1,-1,-1,-1
2016200049373,1,9,0,9,0,1,0,0,0,0,2,1,6,1,40,7,1998,1,14,1,1,1
2016200049373,2,9,0,18,0,1,0,0,0,0,1,1,6,1,-1,-1,-1,-1,-1,-1,-1,-1
2016200049376,1,9,0,18,0,0,1,0,0,0,1,1,6,1,-1,-1,1560,2,6,-1,-1,-1
2016200049376,2,9,0,3,0,0,0,0,0,0,2,1,1,1,26,6,1896,2,9,2,1,2
2016200049391,1,1,0,15,0,4,0,0,0,0,4,1,6,1,29,6,-1,-1,-1,1,1,1
2016200049391,2,9,0,18,0,3,0,0,0,0,1,1,6,1,31,6,2231,2,9,1,1,1
2016200049407,1,9,0,18,0,8,0,0,0,0,1,1,5,2,32,6,1390,1,15,4,1,4
2016200049407,2,9,0,10,0,5,0,0,0,0,2,1,5,1,32,6,-1,-1,-1,1,1,1
2016200049408,1,9,0,16,0,0,0,0,0,0,1,1,6,2,40,7,1596,1,11,1,1,1
2016200049408,2,9,0,3,0,0,0,0,0,0,2,1,6,1,65,9,875,1,3,2,1,2
2016200049427,1,9,0,7,0,6,0,4,2,0,1,1,1,2,32,6,1998,1,9,1,1,1
2016200049427,2,19,0,2,0,1,0,0,0,0,1,1,6,3,-1,-1,2402,2,13,-1,-1,-1
2016200049433,1,9,0,9,0,8,0,0,0,0,3,1,6,2,60,9,1995,2,4,7,1,7
2016200049433,2,19,0,18,0,8,0,0,0,0,1,1,6,1,51,8,2463,2,11,1,1,1
2016200049444,1,9,0,9,0,6,0,0,0,0,1,1,6,2,41,7,-1,-1,-1,9,1,9
2016200049444,2,9,0,3,0,8,0,0,0,0,1,1,6,2,51,8,998,1,1,2,1,2
2016200049448,1,9,0,9,0,5,0,0,0,0,3,1,1,1,47,8,1896,2,7,1,1,1
2016200049448,2,9,0,18,0,8,0,0,0,0,4,1,6,1,34,6,1598,1,8,-1,-1,-1
2016200049453,1,9,0,6,0,8,0,0,0,0,3,1,6,1,34,6,1461,2,2,5,1,5
2016200049453,2,9,0,18,0,8,0,0,0,0,1,1,6,3,-1,-1,2995,1,2,-1,-1,-1
2016200049460,1,9,0,18,0,0,0,0,0,0,1,1,6,2,23,5,1461,2,4,2,1,2
2016200049464,1,2,0,18,0,4,0,0,0,0,1,1,6,1,18,4,49,1,1,2,1,2
2016200049464,2,9,0,7,0,4,0,0,0,0,3,1,6,1,23,5,1149,1,12,2,1,2
2016200049470,1,97,0,18,0,8,5,0,0,0,1,1,6,3,-1,-1,-1,-1,-1,-1,-1,-1
2016200049470,2,9,0,5,0,8,0,0,0,0,3,1,6,1,33,6,1598,1,7,2,1,2
2016200049471,1,9,0,3,0,1,0,0,0,0,2,1,6,2,43,7,1753,2,7,-1,-1,-1
2016200049471,2,-1,0,4,0,1,0,0,0,0,1,1,6,3,-1,-1,-1,-1,-1,-1,-1,-1
2016200049491,1,9,0,18,0,1,0,0,0,0,1,1,1,1,32,6,1299,1,15,1,1,1
2016200049491,2,9,0,4,0,1,0,0,0,0,2,1,1,1,44,7,1951,2,13,6,1,6
2016200049498,1,9,0,3,0,1,0,0,0,0,2,1,6,2,33,6,999,1,15,1,1,1
2016200049498,2,9,0,18,0,1,0,0,0,0,1,1,6,1,-1,-1,1388,1,7,1,1,1
2016200049517,1,9,0,9,0,6,0,0,0,0,1,1,6,1,38,7,3189,1,12,-1,-1,-1
2016200049517,2,1,0,18,0,8,0,0,0,0,1,1,6,2,48,8,-1,-1,-1,5,1,5
2016200049519,1,9,0,12,0,1,0,0,4,0,1,1,6,1,63,9,1598,1,6,3,1,3
2016200049522,1,9,0,4,0,1,0,0,0,0,2,1,6,1,29,6,4966,1,11,8,1,8
2016200049522,2,9,0,3,0,1,0,0,0,0,1,1,6,1,35,6,1242,1,1,3,1,3
2016200049529,1,9,0,18,0,0,0,0,0,0,4,1,6,3,-1,-1,1968,2,6,2,1,2
2016200049529,2,9,0,18,0,0,0,0,0,0,3,1,6,1,19,4,1364,1,10,5,1,5
2016200049550,1,9,0,2,0,0,0,0,0,0,3,1,2,2,50,8,1242,1,3,3,1,3
2016200049550,2,1,0,18,0,0,0,4,0,0,1,1,2,2,47,8,-1,-1,-1,10,1,10
2016200049552,1,9,0,5,0,6,0,0,0,0,3,1,6,1,45,7,1868,2,16,1,1,1
2016200049552,2,9,0,18,0,8,0,0,0,0,1,1,6,1,68,10,-1,-1,-1,4,1,4
2016200049557,1,9,0,18,0,0,0,0,0,0,1,1,6,2,34,6,1968,2,2,10,1,10
2016200049557,2,9,0,18,0,0,0,0,0,0,2,1,1,2,38,7,2400,2,5,6,1,6
2016200049565,1,9,0,4,0,1,0,0,0,0,2,1,5,1,26,6,1198,1,11,6,1,6
2016200049565,2,9,0,18,0,1,0,0,0,0,1,1,5,1,32,6,1395,1,2,2,1,2
2016200049565,3,9,0,18,0,1,0,0,0,0,1,1,5,1,38,7,2143,2,2,-1,-1,-1
2016200049565,4,9,0,18,0,1,0,0,0,0,1,1,5,1,28,6,1995,1,9,3,1,3
2016200049575,1,98,1,12,0,0,0,0,0,0,1,1,6,1,22,5,-1,-1,-1,-1,-1,-1
2016200049575,2,9,0,18,0,0,1,0,2,0,4,1,6,1,64,9,1398,1,2,-1,-1,-1
2016200049575,3,9,0,18,0,0,0,0,0,0,1,1,6,2,42,7,1997,2,1,5,1,5
2016200049736,1,9,0,18,0,0,0,0,0,0,2,1,6,2,41,7,1248,2,2,-1,-1,-1
2016200049736,2,9,0,18,0,0,0,0,0,0,1,1,6,2,25,5,1598,2,1,8,3,8
2016200049736,3,9,0,18,0,0,0,0,0,0,4,1,6,2,26,6,1197,1,1,2,1,2
2016200049736,4,9,0,18,0,0,0,0,0,0,2,1,6,2,24,5,1388,1,14,2,1,2
2016200049736,5,9,0,18,0,0,0,0,0,0,2,1,6,2,50,8,1364,2,7,1,1,1
2016200049775,1,9,0,9,0,2,0,0,0,0,1,1,2,1,61,9,1598,1,13,3,1,3
2016200049775,2,1,0,18,0,2,0,0,0,0,1,1,6,1,19,4,-1,-1,-1,1,1,1
2016200049783,1,9,0,18,0,0,0,0,0,0,1,1,2,2,30,6,1390,1,6,2,1,2
2016200049805,1,9,0,18,0,8,1,0,0,0,1,1,6,1,31,6,1910,2,9,6,1,6
2016200049805,2,9,0,10,0,8,0,0,0,0,2,1,6,1,19,4,998,1,4,6,1,6
2016200049805,3,9,0,18,0,1,0,0,0,0,4,1,6,1,47,8,1560,2,5,6,1,6
2016200049816,1,9,0,7,0,1,1,0,7,4,1,1,6,2,21,5,1199,1,13,-1,-1,-1
2016200049819,1,9,0,18,0,8,0,0,0,0,1,1,6,1,65,9,1796,1,8,1,1,1
2016200049819,2,9,0,18,0,8,0,0,0,0,3,1,6,1,21,5,1783,1,13,-1,-1,-1
2016200049833,1,9,0,18,0,0,0,0,0,0,3,1,6,1,61,9,-1,-1,-1,6,1,6
2016200049833,2,5,0,18,0,0,0,0,0,0,3,1,6,1,47,8,598,1,23,1,1,1
2016200049885,1,9,0,18,0,0,0,0,0,0,0,1,5,1,23,5,1995,2,2,8,1,8
2016200049888,1,9,0,18,0,1,0,4,0,0,1,1,6,1,18,4,1299,1,14,3,1,3
2016200049888,2,9,0,18,0,8,0,0,0,0,1,1,2,1,24,5,1968,2,1,5,1,5
2016200049888,3,9,0,2,0,2,0,0,0,0,2,1,6,3,-1,-1,-1,-1,-1,-1,-1,-1
2016200049891,1,98,0,9,0,5,0,0,0,0,3,1,6,1,-1,-1,-1,-1,-1,-1,-1,-1
2016200049895,1,9,0,18,0,1,0,0,0,0,1,1,5,2,22,5,1149,1,13,1,1,1
2016200049895,2,9,0,8,0,1,0,0,0,0,2,1,5,1,57,9,1956,2,4,5,1,5
2016200049898,1,9,0,18,0,8,0,0,0,0,1,1,6,2,23,5,1461,2,2,4,1,4
2016200049898,2,9,0,18,0,3,5,10,5,1,4,1,6,1,32,6,1997,2,2,1,1,1
2016200049900,1,9,0,3,0,1,0,0,0,0,1,1,1,2,22,5,1149,1,3,1,1,1
2016200049900,2,9,0,3,0,1,0,0,0,0,2,1,1,1,30,6,1248,2,6,1,1,1
2016200049901,1,9,0,18,0,8,0,10,0,0,1,1,6,1,19,4,1497,1,11,9,1,9
2016200049901,2,9,0,18,0,8,0,0,0,0,1,1,6,1,39,7,1796,1,12,3,1,3
2016200049901,3,9,0,3,0,1,0,0,0,0,1,1,6,3,23,5,999,1,1,3,1,3
2016200049917,1,11,0,9,0,6,0,0,0,0,0,1,1,1,33,6,4250,2,13,2,1,2
2016200049917,2,-1,0,18,0,8,0,0,0,0,0,1,6,3,-1,-1,-1,-1,-1,-1,-1,-1
2016200049918,1,9,0,9,0,5,0,0,0,0,1,1,1,2,25,5,1364,1,9,5,1,5
2016200049918,2,3,0,5,0,8,0,0,0,0,3,1,1,1,24,5,-1,-1,-1,1,1,1
2016200049932,1,9,0,18,0,0,0,0,0,0,1,1,2,1,25,5,1248,1,5,5,2,5
2016200049936,1,9,0,1,0,0,0,4,0,0,2,1,6,3,-1,-1,1598,1,7,4,1,4
2016200049936,2,9,0,2,0,0,0,0,0,0,1,1,6,2,44,7,1360,1,12,8,2,8
2016200049947,1,9,0,6,0,0,0,0,0,0,1,1,1,1,57,9,1197,1,1,2,1,2
2016200049964,1,9,0,3,0,8,0,0,0,0,1,1,5,1,30,6,999,1,6,1,1,1
2016200049964,2,9,0,9,0,6,0,0,0,0,1,1,6,3,30,6,1199,1,14,-1,-1,-1
2016200049972,1,9,0,10,0,1,0,0,0,0,2,1,1,1,48,8,1229,1,8,1,1,1
2016200049972,2,9,0,3,0,1,0,0,0,0,1,1,6,2,-1,-1,1299,1,11,-1,-1,-1
2016200049995,1,9,0,1,0,1,0,0,0,0,2,1,6,3,-1,-1,-1,-1,-1,1,1,1
2016200050005,1,3,0,9,0,1,0,0,0,0,0,1,6,1,24,5,125,1,2,2,1,2
2016200050005,2,9,0,18,0,1,1,0,0,0,0,1,6,3,30,6,-1,-1,-1,-1,-1,-1
2016200050008,1,9,0,18,0,0,0,0,0,0,4,1,6,1,26,6,1781,1,12,2,1,2
2016200050021,1,19,0,11,0,2,0,0,0,0,1,1,1,1,55,8,2143,2,5,4,1,4
2016200050021,2,11,0,18,2,2,0,0,0,0,4,1,1,1,30,6,6700,2,1,1,1,1
2016200050035,1,9,0,18,0,0,0,0,0,0,4,1,5,2,24,5,1242,1,12,1,1,1
2016200050038,1,9,0,14,0,0,5,4,0,0,1,1,6,1,53,8,1598,1,12,1,1,1
2016200050038,2,9,0,4,0,0,0,0,0,0,3,1,1,1,17,4,1229,1,11,3,1,3
2016200050038,3,9,0,2,9,0,0,0,0,0,1,1,6,1,42,7,2254,1,17,1,1,1
2016200050038,4,9,0,3,0,0,0,0,0,0,0,1,6,1,56,9,1598,1,12,1,1,1
2016200050051,1,9,0,18,0,8,0,0,0,0,1,1,6,1,36,7,2494,8,-1,-1,-1,-1
2016200050051,2,9,0,18,0,8,0,0,0,0,1,1,6,2,29,6,1598,2,2,2,1,2
2016200050059,1,9,0,9,0,6,0,0,0,0,1,1,6,1,25,5,1598,2,4,8,1,8
2016200050059,2,3,0,18,0,1,2,0,0,0,1,1,6,1,18,4,124,1,5,1,1,1
2016200050061,1,9,0,18,0,1,0,0,0,0,2,1,1,1,61,9,1388,1,1,5,1,5
2016200050061,2,9,0,10,0,1,0,0,0,0,0,1,1,1,43,7,1588,1,14,10,1,10
2016200050064,1,9,0,4,0,2,0,0,0,0,1,1,6,3,-1,-1,1968,2,6,-1,-1,-1
2016200050064,2,9,0,3,0,2,0,0,0,0,2,1,6,1,20,4,1496,2,1,5,1,5
2016200050069,1,9,0,4,0,8,0,0,0,0,1,1,6,1,65,9,1560,2,6,2,1,2
2016200050069,2,9,0,17,0,8,0,0,0,0,2,1,1,1,32,6,1910,2,9,2,1,2
2016200050082,1,1,0,18,0,8,2,0,0,0,3,1,6,1,-1,-1,-1,-1,-1,-1,-1,-1
2016200050082,2,9,0,9,0,5,0,0,0,0,3,1,6,1,36,7,1984,2,5,2,1,2
2016200050084,1,9,0,18,0,1,0,0,0,0,1,1,6,1,87,11,1560,2,7,7,1,7
2016200050084,2,9,0,18,0,1,0,2,0,0,2,1,6,1,40,7,1390,1,12,-1,-1,-1
2016200050085,1,9,0,5,0,1,0,0,0,0,1,1,6,1,60,9,998,1,4,1,1,1
2016200050089,1,9,0,9,0,5,0,0,0,0,1,1,6,1,31,6,1248,2,7,2,1,2
2016200050089,2,3,0,18,0,8,1,0,0,0,1,1,6,1,25,5,125,1,8,2,1,2
2016200050096,1,9,0,13,0,8,0,0,0,0,1,1,2,1,31,6,1329,1,5,1,1,1
2016200050096,2,9,0,5,0,8,0,0,0,0,1,1,6,1,31,6,-1,-1,-1,3,1,3
2016200050096,3,9,0,4,0,1,0,0,0,0,0,1,6,2,20,4,999,1,14,2,1,2
2016200050103,1,11,0,5,0,0,0,0,0,0,3,1,1,1,58,9,5900,2,11,6,1,6
2016200050112,1,9,0,18,0,0,0,0,0,0,1,1,6,2,28,6,1968,2,9,2,1,2
2016200050118,1,9,0,3,0,1,0,0,0,0,1,1,6,3,-1,-1,1988,1,13,-1,-1,-1
2016200050118,2,9,0,18,0,1,0,0,0,0,2,1,6,2,37,7,1498,1,4,2,1,2
2016200050125,1,3,0,18,0,6,0,0,0,0,1,1,6,2,45,7,124,1,1,3,1,3
2016200050125,2,98,0,18,0,8,0,0,0,0,1,1,6,3,-1,-1,-1,-1,-1,-1,-1,-1
2016200050132,1,9,0,18,0,0,2,10,7,0,1,1,2,1,24,5,999,1,1,1,1,1
2016200050132,2,9,0,18,0,0,0,0,0,0,1,1,5,1,85,11,1360,1,16,1,1,1
2016200050134,1,9,0,18,0,4,0,0,0,0,0,1,6,1,40,7,1995,2,6,1,1,1
2016200050134,2,1,0,18,0,8,0,0,0,0,0,1,1,1,26,6,-1,-1,-1,4,1,4
2016200050137,1,9,0,5,0,8,0,0,0,0,4,1,6,1,28,6,1596,1,11,-1,-1,-1
2016200050137,2,9,0,18,0,8,0,0,0,0,1,1,6,1,28,6,1599,1,8,7,3,7
2016200050143,1,9,0,3,0,1,0,0,0,0,2,1,1,1,31,6,1061,1,12,5,1,5
2016200050143,2,19,0,18,0,1,0,0,0,0,1,1,6,1,-1,-1,1998,2,13,-1,-1,-1
2016200050149,1,9,0,9,0,5,0,0,0,0,3,1,1,2,53,8,1388,1,13,8,1,8
2016200050149,2,19,0,18,0,8,0,0,0,0,1,1,6,1,34,6,1598,2,2,2,1,2
2016200050153,1,9,0,18,0,3,0,0,0,0,1,1,6,3,-1,-1,1598,1,15,-1,-1,-1
2016200050153,2,9,0,18,0,3,0,0,0,0,1,1,2,1,29,6,-1,-1,-1,2,1,2
2016200050154,1,5,0,18,0,0,1,4,0,0,2,1,1,1,20,4,883,1,13,8,3,8
2016200050154,2,11,0,2,0,0,0,0,0,0,0,1,1,1,47,8,-1,-1,-1,3,1,3
2016200050161,1,90,0,18,0,0,0,0,0,0,2,1,6,1,60,9,-1,-1,-1,2,1,2
2016200050161,2,9,0,17,0,0,0,0,0,0,1,1,6,1,31,6,-1,-1,-1,2,1,2
2016200050161,3,9,0,2,0,0,0,0,0,0,1,1,6,1,37,7,2143,2,6,2,1,2
2016200050164,1,9,0,18,0,0,0,0,0,0,1,1,1,3,-1,-1,-1,-1,-1,-1,-1,-1
2016200050176,1,9,0,1,6,0,0,0,0,0,2,1,6,2,-1,-1,1299,1,14,-1,-1,-1
2016200050179,1,9,0,5,0,0,0,0,0,0,1,1,6,1,-1,-1,1896,2,14,-1,-1,-1
2016200050186,1,9,0,18,0,1,0,0,0,0,1,1,6,2,24,5,1199,2,4,3,1,3
2016200050186,2,9,0,10,0,1,0,0,0,0,2,1,1,2,25,5,1395,1,1,5,1,5
2016200050363,1,9,0,9,0,5,0,0,0,0,1,1,1,1,46,8,1685,2,3,4,1,4
2016200050363,2,9,0,18,0,8,0,0,0,0,1,1,6,1,35,6,2204,2,10,1,1,1
2016200050421,1,9,0,9,0,5,0,0,0,0,1,1,1,1,30,6,-1,-1,-1,1,1,1
2016200050443,1,9,0,18,0,6,0,0,0,0,1,1,6,3,-1,-1,1398,1,2,-1,-1,-1
2016200050443,2,9,0,18,0,8,0,0,0,0,4,1,6,1,29,6,2926,2,15,3,1,3
2016200050538,1,19,0,9,0,8,0,0,0,0,1,1,6,1,48,8,1995,2,8,1,1,1
2016200050538,2,9,0,7,0,8,0,0,0,0,1,1,6,1,62,9,2496,1,15,-1,-1,-1
2016200050540,1,9,0,18,0,0,0,4,1,0,4,1,6,2,86,11,1229,1,11,8,2,8
2016200050540,2,9,0,2,0,0,0,0,0,0,3,1,6,2,-1,-1,1242,1,10,9,1,9
2016200050540,3,9,0,2,0,0,0,0,0,0,1,1,6,2,23,5,1199,1,15,3,1,3
2016200050540,4,9,0,2,0,0,0,0,0,0,1,1,6,1,24,5,973,1,13,10,1,10
2016200050541,1,1,0,18,4,8,0,0,0,0,1,1,2,1,37,7,-1,-1,-1,7,1,7
2016200050541,2,9,0,9,0,5,0,0,0,0,4,1,6,1,45,7,1396,1,16,2,1,2
2016200050557,1,9,0,18,0,0,0,0,0,0,1,1,6,2,-1,-1,-1,-1,-1,-1,-1,-1
2016200050565,1,9,0,5,0,0,0,0,0,0,3,1,6,2,44,7,1799,1,9,5,1,5
2016200050565,2,5,0,18,0,0,0,0,0,0,1,1,6,1,27,6,675,1,7,2,1,2
2016200050592,1,9,0,5,0,6,0,0,0,0,3,1,6,1,30,6,1905,2,18,-1,-1,-1
2016200050592,2,9,0,18,0,8,0,0,0,0,4,1,1,1,35,6,1398,1,11,1,1,1
2016200050599,1,9,0,18,0,0,0,4,0,0,4,1,6,1,49,8,1596,1,15,2,1,2
2016200050599,2,9,0,2,0,0,0,0,0,0,3,1,5,1,29,6,1197,1,1,2,1,2
2016200050613,1,9,0,5,0,4,0,0,0,0,1,1,1,1,49,8,2231,2,8,1,1,1
2016200050613,2,1,0,18,0,8,0,0,0,0,2,1,2,1,53,8,-1,-1,-1,1,1,1
2016200050622,1,9,0,18,0,0,0,0,0,0,1,1,6,1,-1,-1,1896,2,13,-1,-1,-1
2016200050622,2,9,0,4,0,0,0,0,0,0,2,1,6,2,41,7,1560,2,4,8,2,8
2016200050652,1,9,0,17,0,0,0,0,0,0,1,1,6,1,41,7,1995,1,13,1,1,1
2016200050652,2,9,0,16,0,0,0,0,0,0,1,1,6,1,18,4,1199,1,12,2,1,2
2016200050658,1,9,0,7,0,6,0,0,0,0,1,1,6,1,45,7,2148,2,14,2,1,2
2016200050658,2,9,0,14,0,1,0,4,0,0,3,1,6,1,24,5,1956,2,2,3,1,3
2016200050658,3,9,0,2,0,1,0,0,0,0,3,1,6,1,59,9,1560,2,4,1,1,1
2016200050660,1,9,0,18,0,0,0,0,0,0,1,1,6,1,28,6,1984,2,7,3,1,3
2016200050660,2,9,0,18,0,0,0,0,0,0,3,1,6,1,72,10,1461,2,5,1,1,1
2016200050670,1,9,0,16,0,2,0,0,0,0,1,1,6,1,32,6,1598,1,11,-1,-1,-1
2016200050670,2,9,0,18,0,1,0,0,0,0,1,1,6,2,27,6,-1,-1,-1,6,1,6
2016200050673,1,20,0,18,0,8,0,0,0,0,0,1,1,3,40,7,3920,2,10,9,1,9
2016200050673,2,9,0,18,0,8,0,0,0,0,1,1,1,2,45,7,1995,2,2,7,1,7
2016200050674,1,9,0,9,0,6,0,0,0,0,1,1,6,3,-1,-1,-1,-1,-1,-1,-1,-1
2016200050674,2,9,0,18,0,8,0,0,0,0,1,1,6,2,30,6,1299,1,8,7,1,7
2016200050687,1,9,0,4,0,0,0,0,0,0,4,1,2,2,43,7,2480,1,1,5,1,5
2016200050695,1,9,0,11,0,0,0,0,0,0,2,1,6,2,18,4,1229,1,9,4,1,4
2016200050695,2,21,1,18,0,0,0,0,0,0,1,1,6,1,-1,-1,12419,2,3,-1,-1,-1
2016200050703,1,9,0,1,9,0,0,0,0,0,2,1,6,3,-1,-1,-1,-1,-1,-1,-1,-1
2016200050705,1,9,0,6,0,0,0,0,0,0,3,1,2,1,24,5,1396,1,11,3,1,3
2016200050705,2,9,0,13,0,0,0,0,0,0,4,1,2,1,23,5,996,1,2,2,1,2
2016200050711,1,9,0,7,0,5,0,0,0,0,2,1,6,1,-1,-1,1956,2,7,6,1,6
2016200050711,2,3,0,18,0,1,1,0,0,0,1,1,2,1,33,6,124,1,2,2,1,2
2016200050713,1,9,0,14,0,0,0,0,0,0,1,1,6,2,48,8,998,1,4,9,3,9
2016200050714,1,9,0,4,0,1,0,0,0,0,2,1,3,2,44,7,1242,1,9,5,1,5
2016200050714,2,9,0,14,0,1,0,0,0,0,1,1,6,3,-1,-1,1598,1,2,-1,-1,-1
2016200050723,1,17,4,18,0,0,0,0,0,0,3,1,1,1,-1,-1,8292,2,5,-1,-1,-1
2016200050723,2,5,0,3,0,0,5,0,0,0,3,1,6,1,41,7,988,1,14,7,1,7
2016200050725,1,8,0,9,0,6,0,0,0,0,1,1,1,1,30,6,1896,2,6,-1,-1,-1
2016200050725,2,9,0,18,0,8,0,10,2,0,4,1,6,3,30,6,-1,-1,-1,-1,-1,-1
2016200050727,1,9,0,18,0,0,0,0,0,0,0,1,6,3,-1,-1,2191,2,2,-1,-1,-1
2016200050727,2,9,0,18,0,0,0,0,0,0,2,1,6,1,23,5,1398,2,3,3,1,3
2016200050731,1,19,0,18,0,0,0,0,0,0,2,1,1,1,31,6,2198,2,2,3,1,3
2016200050731,2,98,0,18,0,0,0,0,0,0,1,1,6,3,-1,-1,-1,-1,-1,-1,-1,-1
2016200050740,1,9,0,7,0,8,0,0,0,0,2,1,6,1,33,6,1198,1,7,2,1,2
2016200050740,2,5,0,18,0,8,0,0,0,0,4,1,6,1,29,6,738,1,12,3,1,3
2016200050743,1,9,0,7,0,6,0,0,0,0,4,1,6,1,-1,-1,1360,1,16,-1,-1,-1
2016200050743,2,1,0,18,0,8,0,0,0,0,1,1,6,1,52,8,-1,-1,-1,1,1,1
2016200050748,1,9,0,18,0,1,0,0,0,0,1,1,6,3,-1,-1,-1,-1,-1,-1,-1,-1
2016200050748,2,9,0,3,0,1,0,0,0,0,2,1,2,2,24,5,1397,1,14,2,1,2
2016200050748,3,9,0,3,0,1,0,0,0,0,2,1,6,3,-1,-1,-1,-1,-1,-1,-1,-1
2016200050751,1,9,0,5,0,3,0,0,0,0,2,1,5,2,65,9,1910,2,10,7,1,7
2016200050751,2,9,0,18,0,3,0,0,0,0,2,1,6,1,20,4,-1,-1,-1,-1,-1,-1
2016200050764,1,9,0,1,0,0,0,0,0,0,0,1,6,3,-1,-1,1798,1,12,-1,-1,-1
2016200050767,1,9,0,5,0,1,0,0,0,0,1,1,2,1,33,6,1461,2,8,5,1,5
2016200050767,2,9,0,10,0,1,0,0,0,0,2,1,6,1,22,5,1597,1,7,2,1,2
2016200050779,1,9,0,18,9,0,0,10,1,0,1,1,6,3,-1,-1,-1,-1,-1,-1,-1,-1
2016200050790,1,9,0,18,0,1,0,0,0,0,1,1,6,3,-1,-1,998,1,17,1,1,1
2016200050790,2,9,0,9,0,1,0,7,1,0,3,1,6,1,42,7,1870,2,13,2,1,2
2016200050803,1,19,0,18,0,8,0,0,0,0,1,1,6,3,-1,-1,2494,2,14,5,1,5
2016200050803,2,9,0,9,0,8,0,0,0,0,2,1,6,1,26,6,1582,2,6,1,1,1
2016200050805,1,9,0,4,0,0,0,0,0,0,1,1,2,2,19,4,1390,1,10,5,1,5
2016200050805,2,9,0,3,0,0,0,0,0,0,2,1,2,2,21,5,1461,2,3,-1,-1,-1
2016200050805,3,9,0,3,0,0,0,0,0,0,2,1,2,1,48,8,1997,2,1,7,1,7
2016200050807,1,11,0,16,0,5,0,0,0,0,3,1,1,1,49,8,-1,2,19,4,1,4
2016200050809,1,9,0,18,0,0,0,0,0,0,1,1,5,2,24,5,1796,1,9,1,1,1
2016200050811,1,9,0,18,0,0,0,0,0,0,1,1,6,3,-1,-1,1596,1,10,-1,-1,-1
2016200050811,2,9,0,18,0,0,0,0,0,0,3,1,6,1,27,6,2967,2,7,1,1,1
2016200050815,1,9,0,5,0,8,0,0,0,0,0,1,6,2,30,6,1395,1,1,8,1,8
2016200050815,2,9,0,18,0,8,0,0,0,0,0,1,6,1,22,5,999,1,-1,7,1,7
2016200050836,1,9,0,8,0,1,0,0,0,0,1,1,6,2,-1,-1,1242,1,5,8,1,8
2016200050836,2,9,0,8,0,1,0,0,0,0,2,1,2,2,36,7,998,1,1,10,1,10
2016200050842,1,5,0,16,6,0,0,4,0,0,1,1,6,1,66,10,-1,-1,-1,8,1,8
2016200050842,2,9,0,2,6,0,0,0,0,0,2,1,6,2,-1,-1,1582,2,3,6,1,6
2016200050843,1,9,0,9,0,8,0,0,0,0,3,1,6,1,20,4,1900,2,9,2,1,2
2016200050843,2,9,0,18,0,8,0,0,0,0,1,1,2,1,30,6,-1,-1,-1,4,1,4
2016200050844,1,9,0,18,0,4,0,0,0,0,4,1,6,1,-1,-1,1794,1,12,-1,-1,-1
2016200050844,2,9,0,5,0,3,0,0,0,0,3,1,6,1,20,4,1229,1,2,1,1,1
2016200050846,1,9,0,1,0,0,0,4,7,10,1,1,6,2,47,8,1598,1,9,1,1,1
2016200050846,2,8,0,2,0,0,0,0,0,0,3,1,6,1,39,7,2664,2,16,1,1,1
2016200050846,3,9,0,2,0,0,0,0,0,0,3,1,6,1,40,7,1198,1,12,1,1,1
2016200050848,1,9,0,18,0,8,0,0,0,0,1,1,6,2,39,7,1329,1,5,1,1,1
2016200050848,2,9,0,18,0,8,0,0,0,0,3,1,6,1,47,8,4367,2,-1,1,1,1
2016200050866,1,9,0,18,0,0,0,0,0,0,1,1,5,2,31,6,1242,1,6,5,1,5
2016200050870,1,9,0,5,0,6,0,0,0,0,3,1,1,1,37,7,1968,2,6,10,1,10
2016200050870,2,1,0,18,0,8,0,0,0,0,1,1,6,1,56,9,-1,-1,-1,-1,-1,-1
2016200050872,1,9,0,18,0,0,0,0,0,0,3,1,5,1,34,6,1910,2,8,5,1,5
2016200050872,2,9,0,18,0,0,0,0,0,0,4,1,1,1,33,6,-1,-1,-1,-1,-1,-1