Accident_Index,Vehicle_Reference,Vehicle_Type,Towing_and_Articulation,Vehicle_Manoeuvre,Vehicle_Location-Restricted_Lane,Junction_Location,Skidding_and_Overturning,Hit_Object_in_Carriageway,Vehicle_Leaving_Carriageway,Hit_Object_off_Carriageway,1st_Point_of_Impact,Was_Vehicle_Left_Hand_Drive?,Journey_Purpose_of_Driver,Sex_of_Driver,Age_of_Driver,Age_Band_of_Driver,Engine_Capacity_(CC),Propulsion_Code,Age_of_Vehicle,Driver_IMD_Decile,Driver_Home_Area_Type,Vehicle_IMD_Decile
2016200050872,3,9,0,18,0,0,0,0,0,0,2,1,1,1,35,6,2993,2,4,-1,-1,-1
2016200050876,1,9,0,9,0,0,0,0,0,0,1,1,6,1,29,6,-1,-1,-1,2,1,2
2016200050876,2,5,0,18,0,0,0,0,0,0,3,1,6,1,52,8,680,1,9,4,1,4
2016200050880,1,9,0,9,0,5,0,0,0,0,2,1,6,3,30,6,-1,-1,-1,-1,-1,-1
2016200050880,2,3,0,18,0,1,0,0,0,0,1,1,1,1,28,6,125,1,1,3,1,3
2016200050883,1,9,0,18,0,8,0,0,0,0,1,1,6,2,44,7,1995,2,10,2,1,2
2016200050883,2,9,0,18,0,8,0,0,0,0,4,1,6,1,22,5,1995,2,11,-1,-1,-1
2016200050884,1,9,0,9,0,1,0,0,0,0,1,1,6,1,60,9,1560,2,3,-1,-1,-1
2016200050884,2,9,0,10,0,1,0,0,0,0,2,1,6,2,28,6,1995,2,11,5,1,5
2016200050898,1,9,0,18,0,8,0,0,0,0,1,1,6,1,-1,-1,1797,8,7,1,1,1
2016200050898,2,9,0,18,0,8,0,0,0,0,3,1,6,2,55,8,1968,2,1,8,1,8
2016200050910,1,9,0,18,0,2,0,4,0,0,3,1,6,1,27,6,2521,1,10,5,1,5
2016200050910,2,9,0,18,0,1,0,0,0,0,1,1,1,1,50,8,1560,2,11,8,1,8
2016200050910,3,9,0,2,0,2,0,0,0,0,2,1,5,1,-1,-1,1587,1,10,6,1,6
2016200050910,4,9,0,2,0,2,0,0,0,0,2,1,5,1,33,6,1781,1,16,6,1,6
2016200050910,5,9,0,2,0,2,0,0,0,0,2,1,6,1,59,9,1560,2,3,6,1,6
2016200050915,1,9,0,4,0,1,0,0,0,0,1,1,6,1,50,8,1229,1,9,1,1,1
2016200050922,1,9,0,5,0,8,0,0,0,0,4,1,6,1,33,6,1590,1,16,1,1,1
2016200050922,2,9,0,18,0,8,0,0,0,0,1,1,6,1,27,6,1796,1,9,4,1,4
2016200050925,1,21,1,18,0,0,0,0,0,0,3,1,6,1,47,8,12777,2,1,7,2,7
2016200050925,2,9,0,18,0,0,1,0,0,0,4,1,6,2,57,9,1388,1,9,6,1,6
2016200050928,1,9,0,5,0,0,0,0,0,0,3,1,1,1,22,5,2231,2,10,6,1,6
2016200050928,2,9,0,13,0,0,0,0,7,0,4,1,2,1,36,7,1896,2,10,1,1,1
2016200050945,1,9,0,17,0,8,0,0,0,0,1,1,6,1,-1,-1,1686,2,6,2,1,2
2016200050945,2,4,0,18,0,8,0,0,0,0,4,1,6,1,24,5,125,1,3,1,1,1
2016200050967,1,9,0,7,9,6,0,0,0,0,1,1,6,3,-1,-1,1598,1,15,3,1,3
2016200050984,1,9,0,18,0,1,0,0,0,0,4,1,5,1,59,9,1560,2,2,3,1,3
2016200051020,1,9,0,18,0,4,0,0,0,0,1,1,6,1,31,6,1968,2,1,5,1,5
2016200051020,2,5,0,18,0,8,0,0,0,0,1,1,6,1,21,5,749,1,23,5,1,5
2016200051028,1,9,0,9,0,8,0,0,0,0,1,1,5,1,43,7,1999,1,10,1,1,1
2016200051028,2,9,0,18,0,8,1,0,0,0,3,1,5,1,50,8,2685,2,14,6,1,6
2016200051031,1,9,0,18,0,0,0,0,0,0,1,1,6,3,-1,-1,-1,-1,-1,-1,-1,-1
2016200051031,2,1,0,18,0,0,0,0,0,0,2,1,4,1,12,3,-1,-1,-1,1,1,1
2016200051032,1,9,0,18,0,0,0,0,0,0,1,1,1,1,42,7,-1,-1,-1,9,1,9
2016200051045,1,9,0,9,0,6,0,0,0,0,1,1,6,3,-1,-1,-1,-1,-1,-1,-1,-1
2016200051045,2,9,0,18,0,8,0,0,0,0,1,1,6,1,35,6,1390,1,11,5,1,5
2016200051069,1,3,0,13,0,0,0,7,7,0,-1,1,6,1,22,5,125,1,13,1,1,1
2016200051069,2,9,0,18,0,0,0,0,0,0,-1,1,6,2,35,6,1598,1,9,3,1,3
2016200051076,1,9,0,18,0,0,0,0,0,0,1,1,6,3,-1,-1,-1,-1,-1,-1,-1,-1
2016200051100,1,9,0,5,0,0,0,0,0,0,4,1,6,1,49,8,1796,1,10,2,1,2
2016200051100,2,9,0,18,0,0,0,0,0,0,1,1,6,1,30,6,2204,2,11,4,1,4
2016200051120,1,9,0,18,0,8,1,0,0,0,1,1,6,2,38,7,1398,1,12,1,1,1
2016200051120,2,9,0,18,0,8,1,0,0,0,3,1,6,1,37,7,2362,7,14,2,1,2
2016200051145,1,2,0,13,0,0,0,0,0,0,1,1,6,1,21,5,49,1,2,7,1,7
2016200051145,2,9,0,4,0,0,0,0,0,0,3,1,6,1,80,11,998,1,20,8,1,8
2016200051145,3,9,0,2,0,0,0,0,0,0,1,1,6,2,-1,-1,1968,2,5,-1,-1,-1
2016200051160,1,9,0,-1,-1,1,0,-1,-1,0,-1,1,6,1,37,7,-1,-1,-1,2,1,2
2016200051160,2,9,0,18,8,1,0,0,0,0,1,1,6,1,-1,-1,1396,1,11,-1,-1,-1
2016200051160,3,9,0,3,8,4,0,0,0,0,2,1,1,1,37,7,1596,1,10,2,1,2
2016200051218,1,9,0,4,0,0,0,0,0,0,1,1,6,2,66,10,1329,1,7,-1,-1,-1
2016200051218,2,9,0,4,0,0,0,0,0,0,2,1,6,2,20,4,1197,1,4,5,2,5
2016200051218,3,9,0,4,0,0,0,0,0,0,2,1,6,1,35,6,-1,-1,-1,-1,-1,-1
2016200051221,1,21,0,18,0,0,0,0,0,0,4,1,1,1,40,7,5880,2,10,4,1,4
2016200051245,1,9,0,18,0,8,0,0,0,0,4,1,2,1,43,7,1798,1,13,1,1,1
2016200051245,2,9,0,18,0,8,0,0,0,0,0,1,6,3,-1,-1,-1,-1,-1,-1,-1,-1
2016200051271,1,9,0,4,0,1,0,0,0,0,1,1,6,1,54,8,1956,2,5,7,1,7
2016200051271,2,9,0,9,0,5,0,0,0,0,1,1,6,1,-1,-1,1198,1,3,1,1,1
2016200051297,1,9,0,18,0,1,1,0,0,0,3,1,2,1,31,6,1399,2,7,4,1,4
2016200051297,2,9,0,9,0,1,0,0,0,0,4,1,2,2,30,6,998,1,11,2,1,2
2016200051318,1,9,0,18,0,8,0,0,1,0,1,1,1,1,46,8,1598,2,1,2,1,2
2016200051318,2,9,0,18,0,8,0,0,0,0,1,1,1,1,48,8,1910,2,9,4,1,4
2016200051450,1,9,0,9,0,6,0,0,0,0,1,1,6,1,43,7,1997,2,6,2,1,2
2016200051450,2,9,0,9,0,6,0,0,0,0,2,1,6,2,27,6,2720,2,10,5,1,5
2016200051455,1,9,0,2,0,0,0,0,0,0,3,1,1,1,56,9,-1,-1,-1,4,1,4
2016200051455,2,9,0,13,0,0,0,0,0,0,4,1,1,1,30,6,1598,2,5,2,1,2
2016200051455,3,9,0,18,0,0,0,0,0,0,1,1,1,1,58,9,1398,1,16,1,1,1
2016200051455,4,9,0,18,0,0,0,0,0,0,2,1,6,3,30,6,-1,-1,-1,-1,-1,-1
2016200051456,1,19,0,4,0,0,0,0,0,0,1,1,6,1,34,6,1995,2,3,4,1,4
2016200051456,2,9,0,4,0,0,0,0,0,0,2,1,6,1,27,6,1984,2,4,-1,-1,-1
2016200051464,1,19,0,8,0,1,0,0,0,0,2,1,1,3,-1,-1,2500,2,7,-1,-1,-1
2016200051464,2,9,0,8,0,1,0,0,0,0,1,1,6,2,32,6,1591,1,3,6,1,6
2016200051466,1,9,0,18,0,0,0,0,0,0,4,1,6,3,-1,-1,1598,2,1,-1,-1,-1
2016200051479,1,9,0,4,0,1,0,0,0,0,1,1,6,3,-1,-1,1242,1,13,-1,-1,-1
2016200051479,2,9,0,10,0,1,0,0,0,0,2,1,6,2,23,5,1229,1,5,3,1,3
2016200051491,1,9,0,5,0,2,0,0,1,3,3,1,6,1,19,4,1598,1,15,10,1,10
2016200051491,2,9,0,5,0,2,0,0,0,0,3,1,6,1,21,5,1596,1,1,8,1,8
2016200051497,1,9,0,18,0,0,0,0,0,0,1,1,6,1,20,4,1229,1,11,10,1,10
2016200051497,2,9,0,3,0,0,0,0,0,0,2,1,6,2,28,6,1086,1,10,3,1,3
2016200051500,1,9,0,4,0,0,0,0,0,0,4,1,6,1,45,7,1995,2,14,1,1,1
2016200051518,1,9,0,3,0,1,0,0,0,0,4,1,1,1,33,6,-1,-1,-1,1,1,1
2016200051523,1,9,0,18,0,1,0,0,0,0,4,1,6,2,46,8,1968,2,4,5,1,5
2016200051534,1,9,0,18,0,8,0,0,0,0,0,1,6,3,-1,-1,-1,-1,-1,-1,-1,-1
2016200051534,2,9,0,17,0,8,0,0,0,0,1,1,6,2,56,9,1242,1,7,10,1,10
2016200051546,1,9,0,18,0,2,0,0,0,0,3,1,6,1,44,7,1991,1,16,4,1,4
2016200051553,1,9,0,3,0,0,0,0,0,0,2,1,1,2,45,7,1248,2,2,4,1,4
2016200051553,2,19,0,3,0,0,0,0,0,0,1,1,6,3,-1,-1,1686,2,14,-1,-1,-1
2016200051562,1,9,0,9,0,8,0,0,0,0,3,1,6,1,24,5,1299,1,14,4,1,4
2016200051562,2,4,0,18,0,8,0,0,0,0,1,1,6,2,23,5,487,1,17,2,1,2
2016200051564,1,9,0,18,0,0,0,0,0,0,1,1,1,1,37,7,-1,-1,-1,8,1,8
2016200051564,2,9,0,5,0,0,0,0,0,0,3,1,6,3,30,6,1229,1,9,-1,-1,-1
2016200051569,1,9,0,18,0,3,0,0,0,0,3,1,2,2,43,7,1596,1,7,1,1,1
2016200051569,2,21,4,18,0,3,0,0,0,0,4,1,1,1,63,9,12777,2,3,-1,-1,-1
2016200051574,1,9,0,7,0,1,0,0,0,0,1,1,6,3,-1,-1,1968,2,12,-1,-1,-1
2016200051574,2,9,0,8,0,1,0,0,0,0,2,1,1,1,31,6,1686,2,7,3,1,3
2016200051577,1,90,0,1,0,0,0,0,0,0,0,1,1,1,66,10,-1,-1,-1,-1,-1,-1
2016200051579,1,9,0,7,0,5,0,0,0,0,1,1,6,3,-1,-1,-1,-1,-1,-1,-1,-1
2016200051605,1,9,0,18,0,1,0,0,0,0,1,1,6,3,-1,-1,2204,2,10,5,1,5
2016200051605,2,9,0,3,0,1,0,0,0,0,2,1,6,2,49,8,1360,1,6,6,1,6
2016200051619,1,1,0,18,0,0,0,4,0,0,1,1,6,1,61,9,-1,-1,-1,1,1,1
2016200051619,2,21,0,2,0,0,0,0,0,0,0,1,6,1,59,9,12419,2,6,1,1,1
2016200051625,1,9,0,9,0,8,0,0,0,0,3,1,6,1,33,6,1895,1,15,1,1,1
2016200051625,2,9,0,18,0,8,0,0,0,0,3,1,6,2,49,8,1783,1,13,1,1,1
2016200051630,1,9,0,18,0,8,0,4,1,0,1,1,6,1,32,6,1995,2,4,5,1,5
2016200051630,2,9,0,9,0,6,0,0,0,0,0,1,6,1,53,8,2993,2,1,6,1,6
2016200051630,3,9,0,2,0,2,0,0,0,0,2,1,6,2,55,8,1461,2,4,6,1,6
2016200051636,1,9,0,9,0,4,0,0,0,0,0,1,6,3,-1,-1,-1,-1,-1,-1,-1,-1
2016200051636,2,9,0,9,0,4,1,0,0,0,2,1,6,1,-1,-1,1497,8,8,7,1,7
2016200051636,3,9,0,9,0,4,1,0,0,0,1,1,6,2,21,5,1968,2,7,10,1,10
2016200051653,1,9,0,4,0,1,0,0,0,0,2,1,1,1,57,9,1560,2,-1,8,3,8
2016200051653,2,9,0,5,0,1,0,0,0,0,1,1,6,1,30,6,1995,2,3,10,2,10
2016200051658,1,9,0,16,0,8,0,0,0,0,4,1,6,2,45,7,1896,2,16,9,1,9
2016200051658,2,9,0,9,0,6,0,0,0,0,1,1,6,2,20,4,1198,1,11,2,1,2
2016200051664,1,9,0,5,0,1,0,0,0,0,1,1,6,1,31,6,1398,2,5,9,1,9
2016200051664,2,1,0,18,0,7,0,0,0,0,0,1,6,2,36,7,-1,-1,-1,1,1,1
2016200051669,1,9,0,18,0,8,0,10,7,0,1,1,6,2,61,9,3222,2,13,1,1,1
2016200051669,2,9,0,18,0,8,0,10,1,0,1,1,6,2,28,6,1995,2,4,5,1,5
2016200051676,1,9,0,18,0,4,0,0,0,0,1,1,1,1,27,6,1248,2,8,2,1,2
2016200051676,2,19,0,18,0,4,0,0,0,0,1,1,6,1,30,6,2464,2,8,3,1,3
2016200051680,1,90,0,13,0,8,0,0,0,0,4,1,1,1,32,6,8300,2,9,7,1,7
2016200051680,2,9,0,9,0,5,0,0,0,0,1,1,6,1,85,11,1598,1,10,3,1,3
2016200051697,1,9,0,4,0,0,0,0,0,0,1,1,6,2,22,5,1995,2,7,4,2,4
2016200051697,2,9,0,3,0,0,0,0,0,0,2,1,6,1,45,7,1956,2,5,4,1,4
2016200051714,1,9,0,18,0,2,0,0,0,0,1,1,4,2,-1,-1,2993,2,6,3,1,3
2016200051716,1,9,0,9,0,6,0,0,0,0,1,1,6,1,58,9,1398,1,4,2,1,2
2016200051721,1,9,0,3,0,4,0,0,0,0,1,1,2,1,63,9,1686,2,4,7,1,7
2016200051721,2,1,0,18,0,8,0,0,0,0,4,1,6,1,67,10,-1,-1,-1,8,1,8
2016200051724,1,9,0,3,0,0,0,0,0,0,3,1,6,2,30,6,1910,2,12,2,1,2
2016200051724,2,11,0,18,0,0,0,0,0,0,1,1,1,3,-1,-1,4250,2,14,-1,-1,-1
2016200051736,1,1,0,18,0,2,0,0,0,0,1,1,6,1,-1,-1,-1,-1,-1,2,1,2
2016200051736,2,9,0,9,0,2,0,0,0,0,1,1,1,1,40,7,1968,2,5,2,1,2
2016200051740,1,9,0,5,0,5,0,0,0,0,0,1,3,1,48,8,1598,2,3,8,1,8
2016200051748,1,9,0,16,0,0,0,4,1,0,4,1,5,1,34,6,1595,1,16,1,1,1
2016200051748,2,9,0,2,0,0,0,0,0,0,3,1,6,3,-1,-1,-1,-1,-1,-1,-1,-1
2016200051748,3,9,0,2,9,0,0,0,0,0,1,1,6,3,-1,-1,-1,-1,-1,-1,-1,-1
2016200051761,1,9,0,3,0,0,0,0,0,0,4,1,6,2,20,4,1149,1,13,7,1,7
2016200051761,2,9,0,18,2,0,0,0,0,0,4,1,6,1,62,9,2967,2,8,7,1,7
2016200051764,1,9,0,18,0,1,0,0,0,0,1,1,6,3,-1,-1,-1,-1,-1,-1,-1,-1
2016200051764,2,9,0,3,0,1,0,0,0,0,2,1,6,2,55,8,1360,1,11,7,3,7
2016200051765,1,19,0,9,0,8,0,0,0,0,1,1,6,1,28,6,1598,2,4,3,1,3
2016200051765,2,9,0,18,0,8,0,0,0,0,4,1,6,2,32,6,1390,1,14,8,1,8
2016200051817,1,9,0,1,0,0,0,0,0,0,3,1,3,2,67,10,996,1,7,5,1,5
2016200051822,1,9,0,18,0,0,0,0,0,0,3,1,6,3,-1,-1,-1,-1,-1,-1,-1,-1
2016200051822,2,9,0,18,0,0,0,0,0,0,4,1,6,1,30,6,995,1,3,1,1,1
2016200051866,1,9,0,4,0,1,0,0,0,0,1,1,1,1,26,6,-1,-1,-1,3,1,3
2016200051866,2,9,0,4,0,1,0,0,0,0,2,1,6,2,52,8,1598,1,10,2,1,2
2016200051866,3,9,0,4,0,1,0,0,0,0,2,1,6,1,36,7,973,1,14,10,1,10
2016200051984,1,9,0,18,0,8,0,0,0,0,1,1,6,1,18,4,1598,1,8,7,1,7
2016200051984,2,9,0,10,0,8,0,0,0,0,2,1,1,1,31,6,2231,2,8,1,1,1
2016200052039,1,9,0,18,0,2,1,0,0,0,1,1,6,1,22,5,-1,-1,-1,4,1,4
2016200052039,2,9,0,3,0,2,0,0,0,0,1,1,6,1,52,8,1797,8,6,5,1,5
2016200052039,3,9,0,3,0,2,0,0,0,0,1,1,2,1,24,5,1975,2,17,5,1,5
2016200052039,4,9,0,3,0,2,0,0,0,0,2,1,6,1,40,7,1796,1,10,3,1,3
2016200052114,1,9,0,3,0,1,0,0,0,0,2,1,6,2,40,7,1968,2,1,3,1,3
2016200052114,2,9,0,3,0,1,0,0,0,0,1,1,6,1,27,6,1598,1,11,1,1,1
2016200052115,1,9,0,9,0,1,0,0,0,0,1,1,2,1,50,8,1781,1,14,3,1,3
2016200052115,2,9,0,9,0,1,0,0,0,0,3,1,6,2,20,4,1595,1,3,10,1,10
2016200052119,1,9,0,9,0,6,0,0,0,0,1,1,6,1,35,6,1995,2,12,1,1,1
2016200052119,2,1,0,18,0,8,0,0,0,0,1,1,6,1,57,9,-1,-1,-1,7,1,7
2016200052121,1,9,0,12,0,0,5,10,0,0,3,1,5,1,19,4,1149,1,13,2,1,2
2016200052137,1,9,0,18,0,0,0,0,0,0,0,1,5,1,37,7,1995,2,11,3,1,3
2016200052139,1,9,0,17,0,0,0,0,0,0,1,1,6,3,-1,-1,1398,1,16,-1,-1,-1
2016200052139,2,9,0,16,0,0,0,0,0,0,1,1,6,2,44,7,2000,2,12,2,1,2
2016200052142,1,9,0,14,0,2,0,0,0,0,1,1,6,1,77,11,1596,1,11,3,1,3
2016200052142,2,9,0,10,0,1,0,0,0,0,1,1,6,2,44,7,2171,1,15,4,1,4
2016200052143,1,9,0,9,0,6,0,0,0,0,1,1,2,1,38,7,1995,2,10,1,1,1
2016200052143,2,9,0,18,0,8,0,0,0,0,4,1,2,1,30,6,2179,2,1,4,1,4
2016200052152,1,9,0,18,0,0,0,0,7,0,4,1,6,1,19,4,1229,1,7,5,1,5
2016200052152,2,9,0,18,0,0,0,0,0,0,1,1,6,1,31,6,-1,-1,-1,2,1,2
2016200052157,1,9,0,18,0,8,0,0,0,0,1,1,6,1,40,7,1598,2,3,1,1,1
2016200052157,2,9,0,7,0,8,0,0,0,0,4,1,1,1,-1,-1,1248,2,6,-1,-1,-1
2016200052164,1,9,0,2,0,0,0,0,0,0,1,1,6,1,55,8,1896,2,9,2,1,2
2016200052164,2,9,0,18,0,0,0,0,0,0,1,1,6,1,-1,-1,-1,-1,-1,-1,-1,-1
2016200052169,1,9,0,18,0,2,5,0,2,2,1,1,1,2,25,5,995,1,8,8,1,8
2016200052177,1,9,0,9,0,6,0,0,0,0,0,1,6,1,43,7,1998,1,13,1,1,1
2016200052177,2,3,0,18,0,1,0,0,0,0,3,1,5,1,17,4,124,1,8,8,1,8
2016200052180,1,9,0,18,0,0,0,0,0,0,1,1,1,1,43,7,1796,1,11,3,1,3
2016200052192,1,9,0,18,0,1,0,0,0,0,1,1,6,1,-1,-1,-1,-1,-1,-1,-1,-1
2016200052192,2,9,0,9,0,1,0,0,0,0,2,1,6,2,34,6,1149,1,12,2,1,2
2016200052196,1,9,0,18,0,0,0,0,0,0,1,1,6,1,60,9,1997,2,13,2,1,2
2016200052196,2,9,0,3,0,0,0,0,0,0,2,1,1,2,33,6,1598,2,5,3,1,3
2016200052200,1,-1,0,7,0,8,0,0,0,0,1,1,6,3,-1,-1,-1,-1,-1,-1,-1,-1
2016200052200,2,8,0,18,0,8,0,0,0,0,1,1,6,1,-1,-1,2402,2,11,3,1,3
2016200052204,1,9,0,18,0,8,0,0,0,0,1,1,6,3,-1,-1,-1,-1,-1,-1,-1,-1
2016200052204,2,9,0,9,0,1,0,0,0,0,2,1,6,2,33,6,998,1,15,2,1,2
2016200052206,1,9,0,16,0,0,0,0,0,0,1,1,6,1,22,5,2000,2,9,1,1,1
2016200052206,2,98,0,17,0,0,0,0,0,0,1,1,3,1,35,6,-1,-1,-1,1,1,1
2016200052215,1,9,0,11,0,1,0,0,0,0,4,1,6,1,64,9,1896,2,10,10,1,10
2016200052215,2,1,0,18,0,1,0,0,0,0,1,1,6,1,25,5,-1,-1,-1,10,1,10
2016200052225,1,9,0,18,0,0,0,0,0,0,1,1,6,1,50,8,1896,2,15,-1,-1,-1
2016200052228,1,9,0,5,9,8,0,0,0,0,4,1,6,3,-1,-1,-1,-1,-1,-1,-1,-1
2016200052233,1,9,0,18,0,4,0,0,0,0,1,1,6,2,33,6,1242,1,6,8,1,8
2016200052233,2,9,0,18,0,3,0,0,0,0,4,1,6,1,41,7,1995,2,8,1,1,1
2016200052244,1,9,0,18,0,8,0,0,0,0,2,1,2,1,34,6,1998,2,8,1,1,1
2016200052244,2,9,0,18,0,8,0,0,0,0,1,1,2,1,55,8,1242,1,1,9,1,9
2016200052244,3,9,0,18,0,8,0,0,0,0,1,1,2,1,32,6,1796,2,3,3,1,3
2016200052247,1,9,0,9,0,8,0,0,0,0,3,1,1,2,50,8,1598,1,2,5,1,5
2016200052247,2,1,0,18,0,8,0,0,0,0,1,1,1,1,27,6,-1,-1,-1,2,1,2
2016200052260,1,9,0,18,0,0,1,0,0,0,2,1,1,1,46,8,1590,1,15,1,1,1
2016200052260,2,9,0,18,0,0,0,0,0,0,4,1,1,1,42,7,1596,1,13,1,1,1
2016200052265,1,19,0,1,0,2,0,0,0,0,2,1,2,1,31,6,1560,2,2,3,1,3
2016200052268,1,9,0,9,0,6,0,10,1,0,4,1,6,2,35,6,1686,2,11,1,1,1
2016200052268,2,9,0,18,0,8,0,0,7,0,1,1,6,2,-1,-1,1997,2,13,-1,-1,-1
2016200052272,1,9,0,5,0,8,0,0,0,0,4,1,5,1,27,6,1794,1,16,3,1,3
2016200052272,2,9,0,18,0,8,0,0,0,0,3,1,5,1,30,6,1596,1,8,5,1,5
2016200052294,1,9,0,4,0,1,0,0,0,0,1,1,1,2,-1,-1,1686,2,2,7,1,7
2016200052294,2,9,0,4,0,1,0,0,0,0,2,1,1,2,35,6,1596,1,9,5,1,5
2016200052317,1,9,0,9,0,1,0,0,0,0,3,1,2,1,45,7,1686,2,11,3,1,3
2016200052317,2,5,0,13,0,1,2,10,0,0,1,1,6,1,23,5,600,1,16,5,1,5
2016200052330,1,9,0,18,0,8,0,0,0,0,1,1,6,1,25,5,1968,2,9,1,1,1
2016200052331,1,9,0,10,0,1,0,0,0,0,1,1,6,3,-1,-1,1198,1,5,-1,-1,-1
2016200052331,2,9,0,10,0,1,0,0,0,0,2,1,6,1,36,7,1995,2,12,1,1,1
2016200052336,1,9,0,16,0,0,0,0,0,0,1,1,6,1,22,5,1769,1,13,1,1,1
2016200052336,2,9,0,17,0,0,0,0,0,0,1,1,6,1,22,5,-1,-1,-1,2,1,2
2016200052347,1,9,0,4,9,2,0,10,7,0,3,1,6,2,-1,-1,1968,2,4,7,1,7
2016200052359,1,9,0,1,0,2,0,0,0,0,2,1,1,1,40,7,1896,2,7,1,1,1
2016200052365,1,9,0,11,0,3,0,0,0,0,4,1,6,3,-1,-1,1242,1,12,-1,-1,-1
2016200052365,2,1,0,18,0,3,0,0,0,0,3,1,2,1,-1,-1,-1,-1,-1,5,1,5
2016200052366,1,9,0,9,0,6,0,0,0,0,1,1,6,3,-1,-1,-1,-1,-1,-1,-1,-1
2016200052366,2,9,0,18,0,8,0,0,0,0,3,1,1,1,28,6,-1,-1,-1,1,1,1
2016200052369,1,9,0,18,0,1,0,0,0,0,1,1,6,3,-1,-1,1587,1,9,5,1,5
2016200052369,2,9,0,10,0,1,0,0,0,0,2,1,6,2,29,6,1598,1,8,1,1,1
2016200052371,1,19,0,1,0,6,0,0,0,0,2,1,6,1,-1,-1,1900,2,14,1,1,1
2016200052371,2,9,0,3,0,8,0,0,0,0,3,1,6,1,21,5,1398,1,13,3,1,3
2016200052373,1,9,0,18,0,0,0,0,0,0,4,1,6,1,32,6,1598,2,2,-1,-1,-1
2016200052373,2,1,0,18,0,0,0,10,1,9,1,1,1,1,18,4,-1,-1,-1,10,1,10
2016200052376,1,9,0,4,0,0,0,0,0,0,1,1,1,1,32,6,1600,1,12,6,1,6
2016200052376,2,9,0,3,0,0,0,0,0,0,2,1,6,2,27,6,1587,1,13,4,1,4
2016200052376,3,9,0,3,0,0,0,0,0,0,2,1,6,1,66,10,-1,-1,-1,2,1,2
2016200052384,1,9,0,4,0,1,0,0,0,0,1,1,6,2,24,5,1198,1,5,1,1,1
2016200052384,2,9,0,4,0,1,0,0,0,0,2,1,5,1,44,7,5439,1,13,2,1,2
2016200052384,3,9,0,3,0,1,0,0,0,0,1,1,6,1,21,5,1968,2,5,1,1,1
2016200052384,4,9,0,18,0,2,0,0,0,0,1,1,6,1,55,8,-1,-1,-1,4,1,4
2016200052424,1,98,0,9,0,5,0,0,0,0,0,1,1,3,-1,-1,-1,-1,-1,-1,-1,-1
2016200052424,2,9,0,18,0,8,0,0,0,0,2,1,6,1,43,7,1229,1,10,3,1,3
2016200052424,3,9,0,18,0,8,0,0,0,0,1,1,6,2,31,6,1461,2,8,1,1,1
2016200052426,1,19,0,9,0,8,0,0,0,0,3,1,6,3,-1,-1,1995,2,9,-1,-1,-1
2016200052426,2,9,0,18,0,8,0,0,0,0,1,1,6,1,24,5,1995,2,10,2,1,2
2016200052430,1,9,0,5,0,1,0,0,0,0,1,1,1,1,44,7,1598,1,12,5,1,5
2016200052437,1,9,0,18,0,0,0,0,0,0,1,1,6,3,-1,-1,1796,1,9,2,1,2
2016200052463,1,9,0,18,0,8,0,0,0,0,1,1,6,1,39,7,-1,-1,-1,7,2,7
2016200052463,2,9,0,5,0,8,0,0,0,0,3,1,6,2,84,11,1198,1,2,5,1,5
2016200052463,3,9,0,5,0,8,0,10,0,0,3,1,6,2,24,5,1360,1,9,5,1,5
2016200052467,1,9,0,14,0,1,0,0,7,0,1,1,1,1,50,8,1796,1,15,-1,-1,-1
2016200052467,2,9,0,9,0,6,0,0,0,0,1,1,6,1,50,8,1686,2,5,2,1,2
2016200052479,1,9,0,18,0,0,0,0,0,0,1,1,6,1,47,8,1968,2,2,4,1,4
2016200052479,2,9,0,3,0,0,0,0,0,0,2,1,6,2,51,8,1596,1,5,3,1,3
2016200052479,3,9,0,3,0,0,0,0,0,0,2,1,6,1,59,9,2497,1,9,6,1,6
2016200052479,4,9,0,3,0,0,0,0,0,0,2,1,6,2,51,8,1769,1,10,5,1,5
2016200052493,1,9,0,9,0,8,0,0,0,0,4,1,6,1,25,5,1360,1,9,2,1,2
2016200052493,2,21,0,18,0,8,0,0,0,0,3,1,1,1,56,9,10518,2,7,3,1,3
2016200052496,1,9,0,18,9,2,1,10,1,0,1,1,6,3,-1,-1,1360,1,14,-1,-1,-1
2016200052497,1,9,0,5,0,8,0,0,0,0,0,1,6,2,-1,-1,1061,1,12,-1,-1,-1
2016200052499,1,9,0,3,0,7,0,0,0,0,2,1,6,1,21,5,1910,2,9,1,1,1
2016200052499,2,9,0,5,0,7,0,0,0,0,1,1,6,3,-1,-1,1198,1,10,-1,-1,-1
2016200052503,1,9,0,16,0,0,0,4,0,0,4,1,6,2,29,6,1796,1,14,2,1,2
2016200052503,2,9,0,2,0,0,0,0,0,0,4,1,6,3,-1,-1,1995,2,12,1,1,1
2016200052504,1,9,0,18,0,0,0,0,0,0,1,1,6,2,-1,-1,1149,1,11,-1,-1,-1
2016200052518,1,9,0,3,0,0,0,0,0,0,2,1,6,2,29,6,1598,1,7,4,1,4
2016200052518,2,9,0,18,0,0,0,0,0,0,1,1,6,1,-1,-1,2148,2,9,-1,-1,-1
2016200052538,1,9,0,18,0,0,0,0,0,0,1,1,2,1,25,5,1590,1,13,2,1,2
2016200052545,1,9,0,7,0,8,0,0,0,0,1,1,6,3,-1,-1,-1,-1,-1,-1,-1,-1
2016200052545,2,3,0,18,0,8,0,0,0,0,4,1,6,1,18,4,124,1,11,2,1,2