Accident_Index,Vehicle_Reference,Vehicle_Type,Towing_and_Articulation,Vehicle_Manoeuvre,Vehicle_Location-Restricted_Lane,Junction_Location,Skidding_and_Overturning,Hit_Object_in_Carriageway,Vehicle_Leaving_Carriageway,Hit_Object_off_Carriageway,1st_Point_of_Impact,Was_Vehicle_Left_Hand_Drive?,Journey_Purpose_of_Driver,Sex_of_Driver,Age_of_Driver,Age_Band_of_Driver,Engine_Capacity_(CC),Propulsion_Code,Age_of_Vehicle,Driver_IMD_Decile,Driver_Home_Area_Type,Vehicle_IMD_Decile
2016200052558,1,19,0,1,0,1,0,0,0,0,2,1,6,1,-1,-1,2198,2,8,9,1,9
2016200052558,2,9,0,3,0,2,0,0,0,0,3,1,6,1,51,8,1997,1,9,2,1,2
2016200052586,1,9,0,14,0,2,0,0,0,0,4,1,1,1,24,5,1248,2,9,3,1,3
2016200052586,2,9,0,3,0,2,0,0,0,0,0,1,6,3,-1,-1,-1,-1,-1,-1,-1,-1
2016200052635,1,9,0,18,0,1,0,0,0,0,1,1,6,2,-1,-1,1870,2,14,2,1,2
2016200052635,2,9,0,8,0,1,0,0,0,0,2,1,6,1,61,9,1796,1,12,5,1,5
2016200052698,1,8,0,18,0,1,0,4,0,0,1,1,6,3,-1,-1,-1,-1,-1,-1,-1,-1
2016200052698,2,-1,0,2,0,1,0,0,0,0,3,1,6,3,-1,-1,-1,-1,-1,-1,-1,-1
2016200052707,1,5,0,18,0,2,0,0,0,0,1,1,6,1,21,5,645,1,5,1,1,1
2016200052707,2,9,0,2,0,2,0,0,0,0,2,1,6,3,-1,-1,1995,1,8,-1,-1,-1
2016200052707,3,9,0,9,0,5,0,0,0,0,0,1,6,2,-1,-1,1229,1,8,-1,-1,-1
2016200052830,1,9,0,18,0,0,0,0,0,0,2,1,6,1,57,9,1461,2,6,10,1,10
2016200052830,2,9,0,18,0,0,0,0,0,0,1,1,6,2,36,7,1124,1,22,-1,1,-1
2016200052830,3,9,0,18,0,0,0,0,0,0,2,1,6,1,65,9,1984,2,6,10,1,10
2016200052830,4,9,0,18,0,0,0,0,0,0,1,1,6,1,28,6,1968,2,8,7,3,7
2016200052864,1,9,0,9,0,8,0,0,0,0,4,1,6,1,27,6,2926,2,16,3,1,3
2016200052864,2,9,0,18,0,8,0,0,0,0,1,1,6,1,25,5,-1,-1,-1,5,1,5
2016200052878,1,9,0,18,0,0,0,0,0,0,2,1,6,3,-1,-1,1587,1,11,-1,-1,-1
2016200052878,2,9,0,18,0,0,1,0,0,0,1,1,3,2,28,6,998,1,3,1,1,1
2016200052881,1,9,0,5,0,8,0,0,0,0,3,1,6,1,21,5,1461,2,2,6,1,6
2016200052881,2,1,0,5,0,8,0,0,0,0,1,1,1,1,26,6,-1,-1,-1,-1,-1,-1
2016200052899,1,11,0,9,0,5,0,0,0,0,1,1,1,3,-1,-1,-1,-1,-1,-1,-1,-1
2016200052904,1,90,0,13,0,1,0,10,7,0,1,1,1,1,31,6,2999,2,3,-1,-1,-1
2016200052904,2,9,0,9,0,1,0,0,0,0,3,1,6,2,20,4,1390,1,10,5,1,5
2016200052915,1,9,0,18,0,1,0,0,0,0,1,1,2,2,-1,-1,875,1,1,5,1,5
2016200052915,2,9,0,3,0,1,0,0,0,0,2,1,2,2,37,7,1248,1,2,3,1,3
2016200052924,1,9,0,18,0,2,0,0,0,0,1,1,6,1,21,5,1900,2,16,3,1,3
2016200052924,2,5,0,18,0,1,1,10,1,0,1,1,6,1,26,6,749,1,10,5,1,5
2016200052929,1,9,0,4,0,8,0,0,0,0,0,1,6,2,-1,-1,1596,1,6,6,1,6
2016200052929,2,1,0,7,0,8,0,0,0,0,3,1,6,1,31,6,-1,-1,-1,4,1,4
2016200052952,1,9,0,3,0,0,0,0,0,0,4,1,2,2,44,7,-1,-1,-1,9,1,9
2016200052965,1,9,0,12,0,1,0,0,0,0,4,1,6,3,-1,-1,-1,-1,-1,-1,-1,-1
2016200052965,2,9,0,9,0,1,0,4,0,0,3,1,6,1,23,5,1362,1,4,1,1,1
2016200052965,3,9,0,2,0,2,0,0,0,0,3,1,6,2,32,6,1995,2,2,4,1,4
2016200052971,1,9,0,4,0,1,0,0,0,0,1,1,6,3,-1,-1,2283,2,19,-1,-1,-1
2016200052971,2,9,0,10,0,1,0,0,0,0,2,1,6,2,34,6,-1,-1,-1,-1,-1,-1
2016200052980,1,9,0,18,0,8,0,0,0,0,3,1,2,2,38,7,1390,1,12,1,1,1
2016200052980,2,1,0,18,0,6,0,0,0,0,1,1,6,1,12,3,-1,-1,-1,1,1,1
2016200052982,1,9,0,7,0,1,0,0,0,0,1,1,6,1,-1,-1,1998,1,11,-1,-1,-1
2016200052982,2,9,0,8,0,1,0,0,0,0,2,1,1,1,26,6,-1,-1,-1,4,1,4
2016200052996,1,9,0,18,0,1,0,0,0,0,1,1,6,3,-1,-1,1299,1,11,1,1,1
2016200052996,2,9,0,4,0,1,0,0,0,0,2,1,6,1,51,8,1794,1,11,1,1,1
2016200053001,1,-1,0,5,9,0,0,0,0,0,1,1,6,1,-1,-1,-1,-1,-1,-1,-1,-1
2016200053014,1,9,0,18,0,8,0,0,0,0,3,1,6,2,31,6,3200,1,8,7,1,7
2016200053014,2,9,0,18,0,8,0,7,0,0,4,1,6,1,66,10,1998,1,13,7,1,7
2016200053015,1,8,0,12,0,0,1,7,4,0,2,1,1,1,51,8,1910,2,10,2,1,2
2016200053015,2,9,0,18,0,0,1,7,1,0,1,1,6,1,-1,-1,1995,2,11,-1,-1,-1
2016200053019,1,9,0,18,0,1,0,0,0,0,1,1,6,3,-1,-1,1598,1,8,-1,-1,-1
2016200053022,1,9,0,18,0,8,0,0,0,0,1,1,6,1,38,7,1588,1,18,2,1,2
2016200053022,2,9,0,9,0,6,0,0,0,0,3,1,6,3,-1,-1,1396,1,16,-1,-1,-1
2016200053032,1,9,0,4,0,0,0,0,0,0,1,1,2,2,34,6,1685,2,-1,8,1,8
2016200053050,1,9,0,11,2,8,0,0,0,0,4,1,6,1,40,7,1248,2,10,1,1,1
2016200053050,2,3,0,18,2,8,0,0,0,0,1,1,6,1,18,4,125,1,-1,2,1,2
2016200053056,1,9,0,18,0,8,0,0,0,0,0,1,3,1,29,6,1968,2,10,5,1,5
2016200053060,1,9,0,18,0,1,1,0,0,0,1,1,6,1,36,7,1490,1,10,6,1,6
2016200053060,2,9,0,4,0,1,0,0,0,0,2,1,6,2,53,8,1796,1,4,10,1,10
2016200053062,1,9,0,18,0,0,0,0,0,0,1,1,6,1,-1,-1,1991,1,18,1,1,1
2016200053062,2,9,0,3,0,0,0,0,0,0,2,1,2,1,18,4,998,1,10,1,1,1
2016200053072,1,9,0,18,0,0,1,0,0,0,1,1,6,2,47,8,1587,1,13,3,1,3
2016200053073,1,4,0,9,0,6,0,0,0,0,1,1,6,1,31,6,398,1,-1,2,1,2
2016200053073,2,9,0,18,0,8,0,0,0,0,1,1,6,1,35,6,1986,2,9,7,1,7
2016200053083,1,9,0,18,0,1,0,0,0,0,1,1,2,1,39,7,1686,2,3,4,1,4
2016200053083,2,9,0,9,0,1,0,10,7,0,1,1,2,2,52,8,1598,2,1,9,3,9
2016200053086,1,9,0,16,0,3,0,0,0,0,4,1,6,1,29,6,1910,2,8,2,1,2
2016200053086,2,9,0,5,0,4,0,7,0,0,1,1,2,2,-1,-1,1199,1,13,1,1,1
2016200053089,1,9,0,18,0,0,0,0,0,0,3,1,6,1,36,7,1796,1,15,7,1,7
2016200053106,1,98,0,18,0,1,0,0,0,0,1,1,6,2,-1,-1,-1,-1,-1,-1,-1,-1
2016200053109,1,9,0,18,0,2,0,0,1,10,1,1,6,1,63,9,998,1,3,4,1,4
2016200053109,2,9,0,10,0,1,0,0,0,0,3,1,6,2,41,7,1560,2,3,1,1,1
2016200053128,1,9,0,18,0,0,0,0,0,0,1,1,6,2,44,7,1200,1,4,2,1,2
2016200053128,2,9,0,18,0,0,0,0,0,0,2,1,6,1,39,7,-1,-1,-1,-1,-1,-1
2016200053130,1,9,0,18,0,0,0,0,0,0,1,1,6,3,-1,-1,-1,-1,-1,-1,-1,-1
2016200053130,2,1,0,5,0,0,0,0,0,0,1,1,6,1,54,8,-1,-1,-1,6,1,6
2016200053135,1,9,0,4,0,0,0,0,0,0,1,1,6,1,37,7,1560,2,10,8,1,8
2016200053135,2,9,0,3,0,0,0,0,0,0,2,1,2,1,45,7,1798,1,4,-1,-1,-1
2016200053164,1,9,0,18,0,8,0,0,0,0,1,1,6,1,46,8,1598,1,8,3,1,3
2016200053164,2,9,0,9,0,8,0,0,0,0,1,1,6,2,22,5,1896,2,15,2,1,2
2016200053167,1,9,0,18,0,1,0,0,0,0,1,1,6,3,-1,-1,1598,1,10,7,2,7
2016200053167,2,19,0,8,0,1,0,0,0,0,2,1,6,1,23,5,2402,2,5,6,1,6
2016200053170,1,9,0,18,0,8,0,0,0,0,1,1,3,2,-1,-1,1598,1,14,1,1,1
2016200053170,2,9,0,18,0,8,0,0,0,0,1,1,3,2,28,6,1598,1,13,1,1,1
2016200053184,1,9,0,3,0,1,0,0,0,0,1,1,2,1,36,7,1206,1,5,-1,-1,-1
2016200053186,1,9,0,18,0,0,0,4,0,0,1,1,6,3,-1,-1,2770,2,10,2,1,2
2016200053186,2,9,0,2,0,0,0,0,0,0,4,1,6,2,46,8,1992,2,11,1,1,1
2016200053195,1,1,0,18,0,8,0,0,0,0,1,1,6,1,53,8,-1,-1,-1,6,1,6
2016200053195,2,9,0,5,0,8,0,0,0,0,1,1,6,1,-1,-1,-1,-1,-1,1,1,1
2016200053204,1,9,0,11,0,1,0,0,0,0,2,1,6,2,51,8,1598,1,11,2,1,2
2016200053204,2,9,0,18,0,1,0,0,0,0,1,1,6,1,28,6,1368,1,9,1,1,1
2016200053221,1,9,0,18,0,8,0,0,8,0,1,1,6,2,-1,-1,1061,1,11,7,3,7
2016200053221,2,9,0,18,0,8,1,10,1,0,3,1,6,1,33,6,1986,2,9,3,1,3
2016200053222,1,9,0,18,0,0,0,0,0,0,1,1,6,3,-1,-1,-1,-1,-1,-1,-1,-1
2016200053225,1,9,0,18,9,0,5,0,0,0,1,1,6,3,-1,-1,-1,-1,-1,-1,-1,-1
2016200053239,1,19,0,18,0,1,0,0,0,0,1,1,6,1,63,9,1998,2,13,4,1,4
2016200053239,2,9,0,18,0,1,0,0,0,0,0,1,2,1,41,7,1798,1,3,1,1,1
2016200053243,1,21,0,5,0,3,0,0,0,0,0,1,1,1,60,9,4580,2,2,4,1,4
2016200053273,1,1,0,18,0,2,0,0,0,0,0,1,1,1,30,6,-1,-1,-1,1,1,1
2016200053273,2,97,0,18,0,2,0,0,0,0,2,1,6,3,-1,-1,-1,-1,-1,-1,-1,-1
2016200053305,1,90,0,18,0,8,0,0,0,0,1,1,6,3,-1,-1,448,1,9,-1,-1,-1
2016200053305,2,9,0,18,0,8,0,0,0,0,1,1,6,1,67,10,1685,2,1,2,1,2
2016200053342,1,9,0,4,0,8,0,0,0,0,1,1,6,1,52,8,1598,1,10,2,1,2
2016200053342,2,9,0,5,0,8,0,0,0,0,1,1,6,2,68,10,999,1,2,5,1,5
2016200053380,1,9,0,14,0,8,0,0,0,0,1,1,2,1,55,8,2148,2,7,9,1,9
2016200053380,2,9,0,3,0,8,0,0,0,0,3,1,6,1,20,4,1398,1,1,1,1,1
2016200053413,1,9,0,4,0,0,0,0,0,0,1,1,6,1,30,6,998,1,16,5,1,5
2016200053413,2,9,0,4,0,0,0,0,0,0,2,1,6,2,31,6,1598,1,12,5,1,5
2016200053440,1,9,0,18,9,0,0,4,1,0,1,1,6,1,23,5,1997,1,15,3,1,3
2016200053440,2,9,0,18,0,0,0,0,0,0,0,1,1,1,24,5,1997,2,1,-1,-1,-1
2016200053494,1,19,0,4,0,4,0,0,0,0,0,1,6,3,-1,-1,2198,2,9,-1,-1,-1
2016200053494,2,9,0,4,0,4,0,0,0,0,0,1,2,2,21,5,1248,2,7,5,1,5
2016200053495,1,9,0,7,0,6,0,0,0,0,1,1,6,1,-1,-1,1364,1,9,2,1,2
2016200053495,2,9,0,18,0,8,0,0,0,0,4,1,2,2,36,7,1799,1,7,5,1,5
2016200053496,1,9,0,18,0,8,0,0,0,0,1,1,6,3,-1,-1,-1,-1,-1,-1,-1,-1
2016200053496,2,19,0,18,0,6,0,0,0,0,2,1,1,1,54,8,2402,2,7,2,1,2
2016200053500,1,9,0,11,2,2,0,0,0,0,3,1,2,1,20,4,2996,1,6,2,1,2
2016200053740,1,9,0,18,0,0,0,4,0,0,1,1,6,1,30,6,1398,2,14,3,1,3
2016200053740,2,9,0,18,0,0,0,0,0,0,0,1,1,1,-1,-1,1956,2,4,2,1,2
2016200053740,3,9,0,2,0,0,0,10,1,0,3,1,6,1,-1,-1,1796,1,14,1,1,1
2016200053740,4,9,0,2,0,0,0,0,0,0,1,1,6,1,28,6,1686,2,12,1,1,1
2016200053813,1,9,0,15,0,0,0,0,0,0,1,1,6,3,30,6,1991,1,23,-1,-1,-1
2016200053816,1,90,0,9,0,5,0,0,0,0,3,1,6,1,-1,-1,-1,2,27,-1,-1,-1
2016200053816,2,3,0,14,0,1,0,0,0,0,1,1,2,1,24,5,-1,-1,-1,1,1,1
2016200053817,1,9,0,18,0,0,0,0,0,0,1,1,6,3,-1,-1,1998,2,12,2,1,2
2016200053817,2,9,0,18,0,0,0,0,0,0,1,1,6,1,35,6,1598,2,-1,3,1,3
2016200053821,1,9,0,10,0,1,0,0,0,0,2,1,1,2,26,6,1360,1,10,5,1,5
2016200053821,2,9,0,9,0,5,0,0,0,0,1,1,6,3,-1,-1,1749,1,13,5,1,5
2016200053826,1,9,0,18,0,8,0,10,7,0,4,1,6,2,57,9,1896,2,11,8,1,8
2016200053826,2,9,0,18,0,8,0,0,0,0,1,1,6,1,47,8,1997,2,7,8,1,8
2016200053829,1,9,0,18,0,1,0,0,0,0,1,1,5,1,25,5,1984,1,1,5,1,5
2016200053829,2,9,0,4,0,1,0,0,0,0,1,1,5,1,64,9,1299,1,10,10,1,10
2016200053829,3,5,0,4,0,1,0,0,0,0,2,1,5,1,42,7,645,1,15,7,3,7
2016200053834,1,9,0,18,0,8,0,0,0,0,3,1,1,1,37,7,1998,2,6,1,1,1
2016200053834,2,9,0,7,0,6,0,0,0,0,1,1,6,3,-1,-1,1149,1,13,-1,-1,-1
2016200053836,1,90,0,18,0,1,0,0,0,0,1,1,6,3,-1,-1,-1,-1,-1,-1,-1,-1
2016200053839,1,9,0,4,0,1,0,0,0,0,1,1,2,1,17,4,1968,2,1,-1,-1,-1
2016200053839,2,9,0,4,0,1,0,0,0,0,2,1,2,1,57,9,-1,-1,-1,9,3,9
2016200053846,1,9,0,5,0,6,0,0,0,0,1,1,6,1,-1,-1,1299,1,9,9,3,9
2016200053851,1,9,0,18,0,0,0,0,0,0,1,1,5,1,83,11,1299,1,14,6,1,6
2016200053876,1,9,0,18,0,2,0,0,0,0,1,1,6,2,68,10,1399,2,9,1,1,1
2016200053876,2,9,0,9,0,6,0,0,0,0,1,1,6,1,56,9,1995,2,5,7,1,7
2016200053886,1,8,0,18,0,8,0,0,0,0,0,1,6,1,49,8,1997,2,3,2,1,2
2016200053887,1,9,0,3,0,0,0,0,0,0,1,1,6,3,30,6,-1,-1,-1,-1,-1,-1
2016200053889,1,9,0,15,0,1,0,0,0,0,4,1,1,2,49,8,1248,2,2,2,1,2
2016200053889,2,9,0,18,0,1,0,0,0,0,3,1,6,1,25,5,1995,2,5,2,1,2
2016200053889,3,97,0,7,0,6,0,0,0,0,0,1,6,1,-1,-1,-1,-1,-1,-1,-1,-1
2016200053905,1,90,0,18,0,1,0,0,0,0,1,1,6,3,-1,-1,-1,-1,-1,-1,-1,-1
2016200053905,2,9,0,3,0,1,0,0,0,0,2,1,6,1,67,10,1493,2,8,1,1,1
2016200053909,1,9,0,18,0,0,0,0,0,0,1,1,6,2,-1,-1,1398,1,4,2,1,2
2016200053909,2,1,0,18,0,0,0,0,0,0,1,1,1,2,20,4,-1,-1,-1,1,1,1
2016200053912,1,9,0,12,0,8,0,0,0,0,4,1,6,3,-1,-1,-1,-1,-1,-1,-1,-1
2016200053912,2,9,0,18,0,8,0,7,0,0,1,1,6,1,23,5,1461,2,11,6,1,6
2016200053917,1,3,0,4,0,0,0,0,0,0,1,1,6,1,34,6,125,1,-1,1,1,1
2016200053938,1,9,0,18,0,0,0,0,0,0,1,1,6,2,38,7,1198,1,2,4,1,4
2016200053948,1,9,0,14,0,0,0,0,0,0,1,1,6,1,-1,-1,1388,1,14,2,1,2
2016200053949,1,9,0,4,0,1,0,0,0,0,1,1,6,3,-1,-1,-1,-1,-1,-1,-1,-1
2016200053949,2,9,0,3,0,1,0,0,0,0,2,1,5,1,21,5,-1,-1,-1,2,1,2
2016200053967,1,9,0,18,0,0,0,0,0,0,1,1,6,1,46,8,3724,1,13,1,1,1
2016200053967,2,9,0,18,0,0,0,0,0,0,2,1,6,1,23,5,1490,1,10,1,1,1
2016200053972,1,9,0,18,0,8,0,0,0,0,1,1,6,2,24,5,1598,2,4,1,1,1
2016200053972,2,9,0,9,0,5,0,0,0,0,4,1,6,2,34,6,1240,1,11,1,1,1
2016200053973,1,9,0,18,0,1,5,4,8,0,1,1,1,3,-1,-1,1390,1,5,-1,-1,-1
2016200053973,2,9,0,10,0,1,0,0,0,0,4,1,1,1,45,7,-1,-1,-1,2,1,2
2016200053973,3,9,0,2,0,2,0,0,0,0,2,1,1,3,-1,-1,-1,-1,-1,-1,-1,-1
2016200053990,1,9,0,9,0,1,0,0,0,0,4,1,6,3,-1,-1,1242,1,3,-1,-1,-1
2016200053990,2,1,0,18,0,1,0,0,0,0,3,1,6,1,32,6,-1,-1,-1,1,1,1
2016200053998,1,9,0,18,0,0,0,0,0,0,1,1,1,1,22,5,1999,1,9,1,1,1
2016200053998,2,9,0,18,0,0,0,0,0,0,2,1,1,1,25,5,1598,2,2,1,1,1
2016200054015,1,9,0,7,0,8,0,0,0,0,1,1,5,1,19,4,1229,1,9,10,1,10
2016200054015,2,1,0,18,0,8,0,0,0,0,2,1,5,1,56,9,-1,-1,-1,4,1,4
2016200054022,1,9,0,18,0,0,0,0,0,0,1,1,6,1,30,6,1360,1,17,1,1,1
2016200054022,2,9,0,18,0,0,0,0,0,0,1,1,1,1,37,7,1206,1,7,1,1,1
2016200054022,3,9,0,18,0,0,0,0,0,0,1,1,2,1,27,6,1999,1,9,4,1,4
2016200054022,4,9,0,2,0,0,0,0,0,0,2,1,5,1,-1,-1,-1,-1,-1,-1,-1,-1
2016200054022,5,9,0,2,0,0,0,0,0,0,0,1,5,2,-1,-1,1995,2,8,-1,-1,-1
2016200054028,1,19,0,18,0,0,0,10,1,0,4,1,6,3,-1,-1,2402,2,10,-1,-1,-1
2016200054028,2,9,0,3,0,0,0,0,0,0,4,1,1,2,42,7,-1,-1,-1,-1,-1,-1
2016200054039,1,9,0,18,0,6,0,0,0,0,1,1,6,1,82,11,2171,1,15,9,1,9
2016200054039,2,9,0,18,0,8,0,0,0,0,4,1,6,2,22,5,1679,1,16,4,1,4
2016200054046,1,9,0,18,0,1,0,0,0,0,1,1,6,3,30,6,-1,-1,-1,-1,-1,-1
2016200054051,1,9,0,4,0,0,0,0,0,0,2,1,3,2,33,6,1598,1,13,1,1,1
2016200054051,2,9,0,18,0,0,0,0,0,0,1,1,2,1,-1,-1,1984,1,9,-1,-1,-1
2016200054056,1,9,0,3,0,1,0,0,0,0,1,1,6,1,30,6,2231,2,9,8,1,8
2016200054056,2,9,0,3,0,1,0,0,0,0,2,1,5,1,48,8,1998,2,10,1,1,1
2016200054062,1,9,0,8,0,1,0,0,0,0,1,1,6,2,40,7,1198,1,9,-1,-1,-1
2016200054062,2,9,0,18,0,8,0,10,0,0,1,1,6,3,-1,-1,998,1,10,-1,-1,-1
2016200054065,1,5,0,10,0,1,0,0,0,0,2,1,6,1,27,6,636,1,2,9,1,9
2016200054065,2,9,0,4,0,1,0,0,0,0,1,1,6,1,49,8,1368,1,1,3,1,3
2016200054077,1,21,1,7,0,3,0,0,0,0,1,1,1,1,59,9,12902,2,1,4,1,4
2016200054077,2,9,0,7,0,3,0,0,1,0,2,1,2,2,20,4,1598,1,4,5,1,5
2016200054086,1,9,0,18,0,2,0,0,0,0,1,1,6,3,-1,-1,-1,-1,-1,-1,-1,-1
2016200054088,1,9,0,5,0,2,0,0,0,0,3,1,6,3,-1,-1,-1,-1,-1,-1,-1,-1
2016200054088,2,9,0,14,0,1,0,0,0,0,4,1,1,1,18,4,1242,1,13,1,1,1
2016200054098,1,1,0,18,0,8,0,0,0,0,1,1,6,1,52,8,-1,-1,-1,1,1,1
2016200054098,2,9,0,7,0,6,0,0,0,0,1,1,6,1,73,10,-1,-1,-1,6,1,6
2016200054264,1,3,0,9,0,8,0,0,0,0,4,1,6,2,46,8,125,1,1,1,1,1
2016200054264,2,9,0,18,0,8,0,0,0,0,1,1,6,1,22,5,1242,1,1,2,1,2
2016200054393,1,9,0,18,0,6,0,0,0,0,1,1,6,3,-1,-1,1596,1,6,-1,-1,-1
2016200054393,2,3,0,18,0,8,0,0,0,0,3,1,1,1,34,6,124,1,10,3,1,3
2016200054396,1,9,0,17,0,0,2,7,4,1,4,1,6,1,24,5,1994,2,13,2,1,2
2016200054398,1,9,0,18,0,0,0,8,0,0,4,1,1,1,29,6,-1,-1,-1,8,1,8
2016200054398,2,9,0,2,9,0,0,0,0,0,3,1,6,3,-1,-1,-1,-1,-1,-1,-1,-1
2016200054401,1,9,0,18,0,8,0,0,0,0,1,1,6,1,19,4,1598,1,10,2,1,2
2016200054401,2,9,0,9,0,8,0,0,0,0,1,1,6,1,72,10,1598,1,27,4,1,4
2016200054410,1,19,0,15,0,0,0,4,0,0,4,1,5,1,32,6,2198,2,7,1,1,1
2016200054410,2,9,0,2,0,0,0,0,0,0,3,1,5,1,-1,-1,1969,2,1,7,1,7
2016200054416,1,9,0,18,0,0,0,0,0,0,1,1,3,2,46,8,1229,1,5,3,1,3
2016200054416,2,9,0,18,0,0,0,0,0,0,3,1,2,2,41,7,1598,2,1,3,1,3
2016200054424,1,9,0,6,0,0,0,0,0,0,3,1,6,1,26,6,1396,1,13,3,1,3
2016200054424,2,3,0,13,0,0,0,0,0,0,1,1,6,1,24,5,124,1,-1,1,1,1
2016200054425,1,9,0,9,0,8,0,0,0,0,4,1,6,1,28,6,1560,2,9,2,1,2
2016200054425,2,3,0,18,0,8,2,0,0,0,1,1,6,2,25,5,125,1,11,2,1,2
2016200054426,1,9,0,18,0,2,0,0,0,0,2,1,6,1,43,7,1598,1,14,1,1,1
2016200054426,2,9,0,18,0,2,0,0,0,0,1,1,6,2,31,6,1242,1,9,1,1,1
2016200054431,1,9,0,9,0,2,0,0,0,0,3,1,6,2,78,11,-1,3,3,4,1,4
2016200054431,2,9,0,18,0,1,0,0,0,0,1,1,5,1,63,9,1461,2,2,4,1,4
2016200054446,1,9,0,18,0,8,0,0,0,0,1,1,6,1,31,6,1590,1,13,1,1,1
2016200054446,2,9,0,18,0,8,0,0,0,0,3,1,6,1,25,5,1364,1,11,5,1,5
2016200054455,1,9,0,3,0,1,0,0,0,0,2,1,6,1,53,8,1896,2,9,1,1,1
2016200054455,2,9,0,18,0,1,0,0,0,0,1,1,6,3,-1,-1,1390,1,12,4,1,4
2016200054455,3,9,0,18,0,1,0,0,0,0,3,1,6,1,28,6,2148,2,7,10,1,10
2016200054465,1,9,0,7,0,2,0,0,0,0,4,1,2,1,46,8,1388,1,9,3,1,3
2016200054468,1,9,0,18,0,0,0,0,0,0,4,1,2,2,41,7,1598,1,8,5,1,5
2016200054468,2,9,0,18,0,0,0,0,0,0,3,1,6,3,-1,-1,-1,-1,-1,-1,-1,-1
2016200054479,1,8,0,6,0,2,0,0,0,0,1,1,1,1,57,9,1896,2,10,1,1,1
2016200054487,1,9,0,18,0,8,0,0,0,0,1,1,6,1,33,6,1499,1,1,4,1,4
2016200054496,1,9,0,18,0,0,0,0,0,0,1,1,6,3,-1,-1,1596,1,14,1,1,1
2016200054496,2,9,0,3,0,0,0,0,0,0,2,1,6,1,18,4,1248,2,7,7,1,7
2016200054502,1,9,0,18,0,8,5,0,0,0,1,1,6,1,87,11,1248,1,2,9,1,9
2016200054510,1,9,0,18,0,1,1,0,0,0,1,1,6,2,31,6,1896,2,13,1,1,1
2016200054510,2,9,0,7,0,1,0,0,0,0,2,1,6,1,19,4,1197,1,-1,1,1,1
2016200054523,1,9,0,9,0,3,5,10,1,7,4,1,6,1,42,7,998,1,9,4,1,4
2016200054524,1,9,0,4,0,1,0,0,0,0,4,1,6,2,37,7,1461,2,9,3,1,3
2016200054531,1,9,0,18,0,0,1,10,7,0,1,1,6,3,-1,-1,1360,1,16,-1,-1,-1
2016200054531,2,9,0,18,0,0,0,0,0,0,1,1,1,2,43,7,1587,1,12,1,1,1
2016200054542,1,9,0,9,0,5,0,0,0,0,1,1,1,2,43,7,1248,2,4,3,1,3
2016200054542,2,3,0,18,2,8,2,0,0,0,3,1,2,1,44,7,124,1,2,1,1,1
2016200054544,1,9,0,18,0,1,0,4,0,0,1,1,2,1,42,7,1149,1,12,6,1,6
2016200054544,2,9,0,2,0,1,0,0,0,0,2,1,6,1,48,8,1229,1,11,1,1,1
2016200054544,3,9,0,2,0,1,0,0,0,0,2,1,6,3,-1,-1,1995,2,11,1,1,1
2016200054551,1,9,0,5,0,8,0,0,0,0,1,1,6,1,44,7,1598,2,5,2,1,2
2016200054551,2,1,0,18,0,8,0,0,0,0,4,1,6,1,29,6,-1,-1,-1,-1,-1,-1
2016200054556,1,9,0,9,0,6,0,0,0,0,1,1,6,2,-1,-1,1242,1,4,8,1,8
2016200054556,2,1,0,18,0,8,0,0,0,0,1,1,6,1,30,6,-1,-1,-1,2,1,2
2016200054564,1,9,0,9,0,8,0,10,4,0,2,1,1,1,32,6,-1,-1,-1,1,1,1
2016200054564,2,9,0,18,0,8,0,0,0,0,1,1,6,1,50,8,1598,1,14,1,1,1
2016200054567,1,9,0,9,0,6,0,0,0,0,3,1,6,1,38,7,1388,1,12,1,1,1
2016200054567,2,3,0,18,0,8,0,0,0,0,1,1,6,1,57,9,125,1,1,3,1,3
2016200054584,1,9,0,7,0,4,0,0,0,0,4,1,6,1,26,6,1686,2,11,1,1,1
2016200054584,2,9,0,18,0,3,0,0,0,0,2,1,5,2,37,7,1598,1,9,5,1,5
2016200054588,1,9,0,18,0,0,1,10,8,0,4,1,1,1,-1,-1,2993,2,3,-1,-1,-1
2016200054588,2,9,0,6,0,0,0,0,0,0,1,1,6,1,26,6,1396,2,1,1,1,1
2016200054592,1,9,0,9,0,6,0,0,0,0,3,1,6,2,25,5,1598,1,13,7,1,7
2016200054592,2,9,0,14,0,8,0,0,0,0,3,1,6,2,45,7,2993,2,2,8,1,8
2016200054593,1,9,0,6,0,0,0,0,0,0,2,1,1,1,25,5,1995,2,3,-1,-1,-1
2016200054593,2,3,0,13,0,0,0,0,0,0,1,1,1,1,28,6,124,1,9,4,1,4
2016200054594,1,9,0,7,0,2,0,0,0,0,3,1,6,1,18,4,1198,1,8,6,1,6
2016200054594,2,9,0,18,0,1,0,0,0,0,3,1,6,2,47,8,1388,1,9,1,1,1
2016200054616,1,9,0,18,0,2,0,0,0,0,0,1,6,3,-1,-1,-1,-1,-1,-1,-1,-1
2016200054616,2,20,0,18,0,2,0,0,0,0,3,1,1,1,64,9,5880,2,11,8,3,8
2016200054616,3,21,0,13,0,2,0,7,4,0,4,1,1,1,42,7,12900,2,8,10,1,10
2016200054636,1,9,0,5,0,0,0,0,0,0,1,1,6,1,-1,-1,-1,-1,-1,-1,-1,-1