Accident_Index,Vehicle_Reference,Vehicle_Type,Towing_and_Articulation,Vehicle_Manoeuvre,Vehicle_Location-Restricted_Lane,Junction_Location,Skidding_and_Overturning,Hit_Object_in_Carriageway,Vehicle_Leaving_Carriageway,Hit_Object_off_Carriageway,1st_Point_of_Impact,Was_Vehicle_Left_Hand_Drive?,Journey_Purpose_of_Driver,Sex_of_Driver,Age_of_Driver,Age_Band_of_Driver,Engine_Capacity_(CC),Propulsion_Code,Age_of_Vehicle,Driver_IMD_Decile,Driver_Home_Area_Type,Vehicle_IMD_Decile
2016200054636,2,9,0,5,0,0,0,0,0,0,2,1,6,2,23,5,1461,2,1,1,1,1
2016200054637,1,9,0,18,0,0,0,0,0,0,1,1,6,1,84,11,1951,2,15,9,2,9
2016200054646,1,9,0,18,0,0,0,0,0,0,1,1,6,3,-1,-1,-1,-1,-1,-1,-1,-1
2016200054646,2,1,0,18,0,0,0,0,0,0,2,1,6,1,16,4,-1,-1,-1,1,1,1
2016200054647,1,9,0,12,0,0,0,0,0,0,1,1,6,1,43,7,2179,2,1,6,1,6
2016200054647,2,9,0,4,0,0,0,0,0,0,2,1,6,1,20,4,998,1,1,9,1,9
2016200054651,1,9,0,7,0,2,0,0,0,0,3,1,6,2,38,7,1590,1,14,1,1,1
2016200054726,1,9,0,5,0,1,0,0,0,0,1,1,6,2,39,7,1598,1,5,5,1,5
2016200054726,2,1,0,5,0,1,0,0,0,0,4,1,6,1,44,7,-1,-1,-1,1,1,1
2016200054731,1,9,0,7,0,6,0,0,0,0,1,1,1,2,22,5,-1,-1,-1,4,1,4
2016200054731,2,1,0,18,0,8,0,0,0,0,1,1,5,1,65,9,-1,-1,-1,1,1,1
2016200054737,1,9,0,18,0,1,0,0,0,0,2,1,6,1,-1,-1,1397,1,15,-1,-1,-1
2016200054737,2,9,0,7,0,1,0,0,0,0,0,1,6,1,-1,-1,1198,1,5,4,1,4
2016200054740,1,9,0,18,0,2,0,0,0,0,1,1,6,1,18,4,1363,2,13,4,1,4
2016200054756,1,9,0,18,0,0,0,0,4,0,1,1,6,1,35,6,1798,2,2,4,1,4
2016200054756,2,9,0,18,0,0,0,0,0,0,3,1,6,1,43,7,1995,1,12,4,1,4
2016200054757,1,98,0,18,0,0,0,0,0,0,0,1,6,3,-1,-1,-1,-1,-1,-1,-1,-1
2016200054757,2,9,0,18,0,0,0,0,0,0,2,1,6,1,52,8,1956,2,3,1,1,1
2016200054774,1,9,0,14,0,0,0,8,0,0,1,1,6,3,-1,-1,1390,1,14,-1,-1,-1
2016200054774,2,9,0,2,0,0,0,0,0,0,3,1,6,1,19,4,-1,-1,-1,10,1,10
2016200054817,1,9,0,18,0,1,0,0,0,0,1,1,6,2,-1,-1,-1,-1,-1,-1,-1,-1
2016200054817,2,9,0,3,0,1,0,0,0,0,2,1,6,2,38,7,1997,2,13,5,1,5
2016200054821,1,9,0,18,0,0,0,0,0,0,1,1,6,1,21,5,2295,1,14,1,1,1
2016200054821,2,1,0,18,9,0,0,0,0,0,2,1,6,1,11,3,-1,-1,-1,1,1,1
2016200054837,1,9,0,3,0,1,0,0,0,0,2,1,6,3,-1,-1,1995,2,4,-1,-1,-1
2016200054837,2,9,0,18,0,1,1,0,0,0,1,1,1,2,36,7,799,2,2,1,1,1
2016200054845,1,9,0,18,0,1,0,0,0,0,1,1,5,2,20,4,1242,1,8,7,1,7
2016200054845,2,9,0,10,0,1,0,0,0,0,2,1,5,1,37,7,1598,1,8,4,1,4
2016200054880,1,9,0,9,0,6,0,0,0,0,0,1,6,3,30,6,1388,1,14,-1,-1,-1
2016200054880,2,9,0,18,0,8,0,7,1,7,3,1,5,1,23,5,1149,1,4,3,1,3
2016200054885,1,9,0,18,0,0,1,4,0,0,2,1,6,3,-1,-1,1850,1,15,-1,-1,-1
2016200054885,2,9,0,2,0,0,0,4,0,0,1,1,6,2,31,6,1390,1,10,1,1,1
2016200054885,3,9,0,2,0,0,0,4,0,0,1,1,6,1,-1,-1,1598,1,15,1,1,1
2016200054902,1,9,0,14,0,1,0,0,0,0,1,1,6,1,-1,-1,1360,1,15,1,1,1
2016200054902,2,9,0,4,0,1,0,0,0,0,3,1,6,2,44,7,1364,1,2,8,1,8
2016200054902,3,9,0,3,0,1,0,0,0,0,3,1,6,1,40,7,1686,2,6,2,1,2
2016200054902,4,9,0,3,0,1,0,0,0,0,3,1,6,1,35,6,1798,1,6,6,1,6
2016200054916,1,9,0,1,9,2,0,0,0,0,1,1,6,3,-1,-1,-1,-1,-1,-1,-1,-1
2016200054929,1,9,0,18,0,8,0,0,0,0,1,1,1,2,36,7,1870,2,13,7,1,7
2016200054929,2,9,0,4,0,8,0,0,0,0,2,1,5,1,40,7,1910,2,8,1,1,1
2016200054929,3,9,0,3,0,8,0,0,0,0,2,1,5,2,57,9,2982,2,6,6,1,6
2016200054931,1,9,0,18,0,8,0,0,0,0,1,1,6,1,65,9,1998,1,9,6,1,6
2016200054931,2,9,0,18,0,8,0,0,0,0,2,1,6,2,39,7,-1,-1,-1,9,1,9
2016200054941,1,9,0,18,0,1,0,0,0,0,1,1,6,1,21,5,1896,2,10,3,1,3
2016200054941,2,9,0,10,0,1,0,10,7,0,1,1,6,2,59,9,998,1,1,8,1,8
2016200054948,1,3,0,11,0,0,0,0,0,0,1,1,6,1,40,7,124,1,1,4,1,4
2016200054948,2,9,0,4,0,0,0,0,0,0,2,1,6,1,-1,-1,899,1,3,5,1,5
2016200054970,1,9,0,5,0,0,0,0,0,0,1,1,6,2,43,7,1000,1,1,2,1,2
2016200054992,1,9,0,18,0,3,0,0,0,0,3,1,6,3,-1,-1,-1,-1,-1,-1,-1,-1
2016200054992,2,9,0,9,0,3,0,0,0,0,1,1,6,2,59,9,1968,2,8,3,1,3
2016200054994,1,20,0,18,0,0,0,0,0,0,3,1,6,3,-1,-1,2402,2,9,-1,-1,-1
2016200054994,2,9,0,18,0,0,0,0,0,0,4,1,6,1,26,6,1598,1,10,2,1,2
2016200055005,1,9,0,18,0,1,0,0,0,0,1,1,6,3,-1,-1,-1,-1,-1,-1,-1,-1
2016200055005,2,9,0,18,0,1,0,0,0,0,2,1,6,2,32,6,1197,1,1,1,1,1
2016200055093,1,90,1,7,0,8,0,0,0,0,1,1,1,1,50,8,-1,-1,-1,3,1,3
2016200055093,2,1,0,18,4,8,0,0,0,0,1,1,6,1,23,5,-1,-1,-1,7,1,7
2016200055140,1,9,0,5,0,0,0,0,0,0,3,1,1,1,43,7,1997,2,13,3,1,3
2016200055212,1,9,0,18,0,6,0,0,0,0,3,1,2,1,56,9,1970,1,14,2,1,2
2016200055212,2,3,0,18,0,8,0,0,0,0,3,1,2,1,20,4,125,1,5,8,2,8
2016200055297,1,9,0,18,0,0,0,10,7,2,1,1,6,1,-1,-1,1796,1,17,6,1,6
2016200055297,2,9,0,18,0,0,0,0,0,0,0,1,6,3,-1,-1,-1,-1,-1,-1,-1,-1
2016200055387,1,9,0,13,0,2,0,0,0,0,1,1,1,1,50,8,1998,1,1,3,1,3
2016200055389,1,9,0,4,0,1,0,0,0,0,1,1,4,1,35,6,1587,1,15,2,1,2
2016200055396,1,9,0,2,0,0,0,0,0,0,3,1,5,2,29,6,995,1,8,6,1,6
2016200055396,2,1,0,18,0,0,0,8,0,0,1,1,5,1,23,5,-1,-1,-1,4,1,4
2016200055397,1,3,0,5,0,8,0,0,0,0,1,1,6,1,26,6,124,1,4,2,1,2
2016200055397,2,8,0,9,0,8,0,0,0,0,1,1,6,1,35,6,1360,1,4,5,1,5
2016200055408,1,9,0,18,0,1,0,0,0,0,1,1,6,3,-1,-1,1762,1,17,-1,-1,-1
2016200055408,2,9,0,3,0,1,0,0,0,0,2,1,6,2,49,8,1598,1,10,3,1,3
2016200055409,1,8,0,18,0,4,0,0,0,0,3,1,1,1,60,9,1998,2,7,-1,-1,-1
2016200055409,2,9,0,9,0,8,0,0,0,0,0,1,6,3,-1,-1,-1,-1,-1,-1,-1,-1
2016200055423,1,9,0,18,0,1,0,0,0,0,1,1,6,2,36,7,1248,1,5,2,1,2
2016200055423,2,19,0,3,0,1,0,0,0,0,2,1,1,2,36,7,1248,2,3,7,1,7
2016200055431,1,9,0,9,0,6,0,0,0,0,1,1,6,1,60,9,1398,1,2,-1,-1,-1
2016200055431,2,9,0,18,0,8,1,0,1,0,4,1,6,2,21,5,999,1,8,-1,-1,-1
2016200055438,1,9,0,18,0,0,0,0,0,0,1,1,6,3,30,6,-1,-1,-1,-1,-1,-1
2016200055441,1,9,0,18,0,8,0,0,0,0,1,1,6,1,28,6,1910,2,12,2,1,2
2016200055441,2,9,0,9,0,8,0,0,0,0,3,1,6,2,26,6,1242,1,4,1,1,1
2016200055441,3,9,0,18,0,8,0,0,0,0,1,1,6,1,28,6,2204,2,10,-1,-1,-1
2016200055451,1,19,0,18,0,0,0,10,7,0,0,1,6,1,50,8,1968,2,4,5,1,5
2016200055451,2,21,0,2,0,0,0,0,0,0,0,1,1,1,47,8,-1,-1,-1,1,1,1
2016200055456,1,9,0,18,0,8,0,0,0,0,1,1,6,3,25,5,2987,2,10,1,1,1
2016200055456,2,9,0,18,0,8,0,0,0,0,4,1,6,1,47,8,1799,1,8,10,1,10
2016200055456,3,9,0,3,0,1,0,0,0,0,1,1,6,1,42,7,1686,2,13,1,1,1
2016200055456,4,9,0,3,0,1,0,0,0,0,1,1,6,2,55,8,1598,1,8,1,1,1
2016200055459,1,98,0,14,0,1,0,0,0,0,3,1,6,3,-1,-1,-1,-1,-1,-1,-1,-1
2016200055459,2,9,0,9,0,1,0,0,0,0,0,1,6,2,32,6,1149,1,8,-1,-1,-1
2016200055460,1,9,0,3,0,0,0,0,0,0,1,1,1,1,34,6,1995,2,3,1,1,1
2016200055460,2,9,0,5,0,0,0,0,7,0,1,1,1,1,24,5,1399,2,5,7,1,7
2016200055460,3,9,0,5,0,0,0,0,0,0,1,1,6,3,-1,-1,-1,-1,-1,-1,-1,-1
2016200055461,1,9,0,9,0,6,0,0,0,0,3,1,5,2,18,4,1388,1,10,1,1,1
2016200055461,2,9,0,18,0,8,1,0,0,0,1,1,5,1,19,4,1995,2,8,1,1,1
2016200055475,1,9,0,-1,-1,0,0,-1,-1,0,-1,1,6,1,-1,-1,1896,2,11,-1,-1,-1
2016200055475,2,9,0,-1,-1,0,0,-1,-1,0,-1,1,6,1,-1,-1,1248,2,1,2,1,2
2016200055477,1,3,0,18,0,8,0,9,3,0,1,1,6,1,40,7,124,1,1,2,1,2
2016200055492,1,9,0,9,0,2,0,0,0,0,1,1,6,2,36,7,1362,1,3,5,1,5
2016200055513,1,1,0,5,0,1,0,0,0,0,3,1,2,1,51,8,-1,-1,-1,8,1,8
2016200055513,2,9,0,7,0,1,0,0,0,0,4,1,6,3,-1,-1,-1,-1,-1,-1,-1,-1
2016200055518,1,19,0,18,0,1,0,0,0,0,1,1,6,1,34,6,2402,2,10,5,1,5
2016200055518,2,9,0,10,0,1,0,0,0,0,2,1,6,1,54,8,1399,2,11,5,1,5
2016200055531,1,9,0,9,0,6,0,0,0,0,1,1,1,1,28,6,1997,2,12,5,1,5
2016200055531,2,5,0,18,0,8,0,0,0,0,1,1,1,1,27,6,903,1,4,1,1,1
2016200055539,1,19,0,18,0,8,0,0,0,0,1,1,6,1,-1,-1,1598,2,3,1,1,1
2016200055539,2,9,0,18,0,8,0,0,0,0,2,1,6,1,49,8,1753,2,7,6,1,6
2016200055539,3,9,0,18,0,8,0,0,0,0,0,1,6,3,-1,-1,-1,-1,-1,-1,-1,-1
2016200055540,1,9,0,18,0,8,0,0,3,10,1,1,6,1,23,5,3199,1,17,2,1,2
2016200055540,2,8,0,18,0,8,0,0,0,0,4,1,1,1,-1,-1,2499,2,5,1,1,1
2016200055540,3,9,0,4,0,1,0,0,0,0,0,1,1,1,45,7,1956,2,2,-1,-1,-1
2016200055548,1,9,0,18,0,0,0,0,0,0,1,1,2,2,29,6,1364,1,8,-1,-1,-1
2016200055554,1,9,0,9,0,4,0,0,0,0,4,1,6,1,23,5,1596,1,11,1,1,1
2016200055554,2,9,0,18,0,4,0,0,0,0,1,1,6,1,34,6,1686,2,4,1,1,1
2016200055567,1,9,0,1,0,0,0,0,0,0,3,1,6,1,45,7,-1,-1,-1,-1,-1,-1
2016200055571,1,19,0,18,0,0,0,0,0,0,3,1,1,1,63,9,1753,2,10,7,1,7
2016200055571,2,9,0,2,0,0,0,0,0,0,0,1,6,2,54,8,998,1,11,5,1,5
2016200055592,1,9,0,18,0,0,0,0,0,0,2,1,6,3,-1,-1,-1,-1,-1,-1,-1,-1
2016200055592,2,9,0,18,0,0,0,0,0,0,3,1,6,1,-1,-1,1497,1,13,1,1,1
2016200055605,1,9,0,18,0,1,0,0,0,0,1,1,1,2,36,7,1360,1,6,3,1,3
2016200055618,1,9,0,1,0,0,0,0,0,0,2,1,1,1,28,6,-1,-1,-1,1,1,1
2016200055618,2,9,0,18,0,0,0,0,0,0,1,1,6,2,23,5,1296,1,8,10,2,10
2016200055619,1,9,0,18,0,0,0,0,0,0,1,1,6,1,38,7,1596,1,9,6,1,6
2016200055619,2,9,0,6,0,0,0,0,0,0,2,1,6,2,52,8,1796,1,9,2,1,2
2016200055631,1,9,0,18,0,0,0,0,0,0,4,1,6,1,31,6,1242,1,15,-1,-1,-1
2016200055643,1,9,0,1,0,0,0,0,0,0,2,1,6,2,-1,-1,973,1,17,1,1,1
2016200055660,1,8,0,5,0,2,0,0,0,0,1,1,6,3,-1,-1,1686,2,9,5,1,5
2016200055662,1,9,0,9,0,5,0,0,0,0,4,1,6,1,23,5,1997,2,16,4,1,4
2016200055662,2,5,0,18,0,8,5,0,0,0,1,1,6,1,46,8,1584,1,5,-1,-1,-1
2016200055671,1,9,0,18,0,1,0,0,0,0,1,1,6,3,-1,-1,-1,-1,-1,-1,-1,-1
2016200055689,1,9,0,16,0,2,2,7,7,4,3,1,6,2,19,4,1242,1,6,4,1,4
2016200055718,1,9,0,1,0,8,0,0,0,0,2,1,6,1,-1,-1,1910,2,7,7,1,7
2016200055731,1,9,0,18,0,2,0,0,0,0,3,1,2,2,30,6,1388,1,11,2,1,2
2016200055731,2,21,0,3,0,1,0,0,0,0,1,1,6,3,-1,-1,6870,2,8,-1,-1,-1
2016200055751,1,9,0,5,9,6,0,0,0,0,1,1,6,3,-1,-1,1995,2,4,-1,-1,-1
2016200055757,1,9,0,3,0,1,0,0,0,0,2,1,6,2,24,5,1686,2,8,1,1,1
2016200055757,2,19,0,18,0,1,0,0,0,0,1,1,1,1,51,8,2148,2,7,1,1,1
2016200055769,1,98,0,18,0,8,0,0,0,0,0,1,6,3,-1,-1,-1,-1,-1,-1,-1,-1
2016200055770,1,97,0,7,0,2,1,0,0,0,4,1,6,1,19,4,-1,-1,-1,1,1,1
2016200055770,2,9,0,18,0,2,0,0,0,0,0,1,6,2,19,4,1242,1,1,1,1,1
2016200055771,1,9,0,9,0,8,0,0,0,0,1,1,6,1,48,8,1968,2,8,1,1,1
2016200055771,2,9,0,18,0,8,0,0,0,0,3,1,6,1,25,5,2231,2,10,1,1,1
2016200055779,1,9,0,5,0,6,0,0,0,0,1,1,1,2,41,7,1397,1,6,10,1,10
2016200055779,2,9,0,18,0,8,0,0,0,0,4,1,6,1,47,8,1299,1,8,2,1,2
2016200055788,1,3,0,18,0,2,0,0,0,0,1,1,1,1,18,4,125,1,9,6,3,6
2016200055788,2,19,0,18,0,1,0,0,0,0,1,1,6,1,52,8,2198,2,3,4,1,4
2016200055800,1,9,0,14,0,2,0,0,0,0,4,1,2,2,42,7,2204,2,9,2,1,2
2016200055811,1,9,0,18,0,4,0,0,0,0,1,1,1,1,39,7,1995,2,12,3,1,3
2016200055811,2,1,0,18,0,8,0,0,0,0,1,1,6,1,71,10,-1,-1,-1,6,1,6
2016200055832,1,19,0,3,0,1,0,0,0,0,1,1,1,2,52,8,1598,2,1,5,1,5
2016200055832,2,9,0,5,0,1,0,0,0,0,4,1,1,1,42,7,1896,2,14,10,2,10
2016200055949,1,9,0,5,0,0,0,0,0,0,2,1,6,1,65,9,1332,1,11,2,1,2
2016200055949,2,9,0,2,0,0,0,0,0,0,1,1,6,1,49,8,2792,1,15,5,1,5
2016200055983,1,9,0,18,0,8,0,9,3,11,1,1,6,1,24,5,1599,1,7,3,1,3
2016200056012,1,9,0,5,0,4,0,0,0,0,1,1,2,1,47,8,1598,1,3,4,1,4
2016200056012,2,3,0,18,0,8,2,0,0,0,4,1,2,1,27,6,124,1,3,2,1,2
2016200056035,1,3,0,18,9,0,0,10,1,0,1,1,6,3,-1,-1,-1,-1,-1,-1,-1,-1
2016200056056,1,9,0,7,0,3,0,0,0,0,3,1,6,3,-1,-1,1598,1,11,-1,-1,-1
2016200056056,2,9,0,18,0,1,0,0,0,0,3,1,6,2,25,5,1242,1,2,2,1,2
2016200056056,3,19,0,2,0,1,0,0,0,0,1,1,6,3,-1,-1,1998,2,11,-1,-1,-1
2016200056093,1,9,0,9,0,6,0,0,0,0,1,1,6,1,23,5,2143,2,2,7,1,7
2016200056093,2,11,0,18,0,8,0,0,0,0,1,1,1,1,25,5,9000,2,8,-1,-1,-1
2016200056122,1,9,0,9,0,5,0,0,0,0,4,1,2,2,18,4,1124,1,13,9,1,9
2016200056122,2,9,0,18,0,8,0,0,0,0,1,1,2,2,29,6,1461,2,9,6,1,6
2016200056236,1,9,0,18,0,1,0,0,0,0,4,1,6,2,49,8,1242,1,12,2,1,2
2016200056243,1,9,0,1,0,0,0,0,7,0,1,1,5,2,71,10,1461,2,9,2,1,2
2016200056248,1,11,0,18,0,0,0,0,0,0,0,1,1,1,59,9,4250,2,14,3,1,3
2016200056248,2,9,0,1,0,0,0,0,0,0,0,1,1,1,56,9,1796,1,10,1,1,1
2016200056258,1,9,0,3,0,0,0,0,0,0,2,1,6,2,34,6,1753,2,14,1,1,1
2016200056258,2,9,0,18,0,0,0,0,0,0,1,1,6,2,50,8,1984,1,8,8,1,8
2016200056259,1,9,0,18,0,2,0,0,0,0,1,1,6,1,26,6,1598,1,17,1,1,1
2016200056259,2,9,0,3,0,2,0,0,0,0,2,1,6,1,27,6,1242,1,14,2,1,2
2016200056261,1,9,0,18,0,8,0,0,0,0,1,1,5,3,-1,-1,1618,1,3,1,1,1
2016200056261,2,1,0,18,0,8,1,0,1,0,2,1,6,1,15,3,-1,-1,-1,6,1,6
2016200056264,1,9,0,9,0,5,0,0,0,0,3,1,1,2,45,7,1596,1,7,2,1,2
2016200056264,2,1,0,18,0,8,0,10,1,9,4,1,6,1,41,7,-1,-1,-1,1,1,1
2016200056274,1,9,0,5,0,6,0,0,0,0,1,1,2,1,30,6,1248,2,4,1,1,1
2016200056274,2,9,0,18,0,8,0,0,1,10,3,1,5,2,39,7,1900,2,11,2,1,2
2016200056277,1,9,0,18,0,0,5,0,8,3,1,1,6,1,33,6,3696,1,6,5,2,5
2016200056277,2,9,0,18,0,0,0,0,0,0,1,1,6,1,44,7,1969,2,1,5,2,5
2016200056280,1,9,0,18,0,0,0,0,0,0,1,1,6,3,-1,-1,3200,2,11,-1,-1,-1
2016200056280,2,9,0,18,0,0,0,0,0,0,3,1,6,1,52,8,1363,2,12,1,1,1
2016200056283,1,9,0,18,0,8,0,0,0,0,4,1,6,2,47,8,1240,1,11,1,1,1
2016200056283,2,9,0,7,0,6,0,0,0,0,1,1,5,3,-1,-1,1997,2,14,6,1,6
2016200056288,1,5,0,18,0,0,0,0,0,0,4,1,2,1,43,7,1050,1,1,7,1,7
2016200056308,1,9,0,18,0,0,1,10,0,0,1,1,6,1,23,5,1364,2,10,1,1,1
2016200056308,2,9,0,18,0,0,0,0,0,0,0,1,6,1,26,6,1461,2,10,4,1,4
2016200056310,1,9,0,18,0,1,0,0,0,0,1,1,6,3,-1,-1,-1,-1,-1,-1,-1,-1
2016200056310,2,9,0,3,0,1,0,0,0,0,0,1,6,1,47,8,1124,1,12,1,1,1
2016200056321,1,9,0,12,0,0,0,0,0,0,0,1,6,3,30,6,-1,-1,-1,-1,-1,-1
2016200056321,2,9,0,18,0,0,0,0,0,0,2,1,5,2,49,8,1199,1,14,5,1,5
2016200056321,3,9,0,18,0,0,0,0,0,0,1,1,6,3,30,6,-1,-1,-1,-1,-1,-1
2016200056330,1,9,0,18,0,0,0,0,0,0,1,1,6,2,24,5,1390,1,9,2,1,2
2016200056330,2,9,0,4,0,0,0,0,0,0,2,1,6,1,35,6,1997,1,3,2,1,2
2016200056333,1,9,0,18,0,0,2,10,1,10,1,1,6,1,24,5,1587,1,15,3,1,3
2016200056333,2,9,0,2,9,0,0,0,0,0,4,1,6,2,-1,-1,1900,2,10,3,1,3
2016200056377,1,9,0,18,0,0,0,0,0,0,4,1,6,3,-1,-1,-1,-1,-1,-1,-1,-1
2016200056377,2,1,0,18,9,0,0,0,0,0,3,1,1,1,13,3,-1,-1,-1,1,1,1
2016200056384,1,9,0,17,0,0,0,0,0,0,1,1,6,2,-1,-1,1229,1,9,-1,-1,-1
2016200056384,2,9,0,17,0,0,0,0,0,0,2,1,6,2,52,8,1560,2,3,1,1,1
2016200056398,1,9,0,7,0,8,0,0,0,0,3,1,6,1,49,8,1975,1,8,4,1,4
2016200056398,2,9,0,18,0,8,0,0,0,0,1,1,1,1,40,7,-1,-1,-1,1,1,1
2016200056404,1,9,0,18,0,0,0,0,0,0,1,1,6,2,26,6,998,1,6,1,1,1
2016200056404,2,9,0,13,0,0,0,0,0,0,3,1,6,3,-1,-1,1200,1,4,-1,-1,-1
2016200056404,3,9,0,18,0,0,0,0,0,0,1,1,6,3,-1,-1,-1,-1,-1,-1,-1,-1
2016200056406,1,9,0,18,0,6,0,0,0,0,1,1,6,3,-1,-1,1998,1,-1,7,3,7
2016200056406,2,9,0,5,0,8,0,0,0,0,4,1,6,1,81,11,1968,2,6,10,1,10
2016200056407,1,9,0,13,0,2,0,7,4,4,1,1,6,1,23,5,1395,1,2,4,1,4
2016200056407,2,9,0,18,0,8,0,0,0,0,0,1,1,1,30,6,-1,-1,-1,-1,-1,-1
2016200056418,1,9,0,18,0,8,0,0,0,0,1,1,2,1,42,7,1896,2,12,4,1,4
2016200056434,1,9,0,3,0,8,0,0,0,0,2,1,6,2,57,9,2143,2,2,9,1,9
2016200056434,2,9,0,18,0,8,0,0,0,0,1,1,6,3,-1,-1,-1,-1,-1,-1,-1,-1
2016200056439,1,9,0,7,0,5,0,0,0,0,3,1,6,3,-1,-1,1995,2,5,-1,-1,-1
2016200056439,2,9,0,18,0,8,0,0,0,0,1,1,6,2,25,5,1124,1,11,6,1,6
2016200056470,1,9,0,9,0,5,0,0,0,0,1,1,6,2,38,7,1248,2,8,1,1,1
2016200056470,2,9,0,18,0,8,0,0,0,0,1,1,6,1,51,8,2967,2,3,8,1,8
2016200056473,1,5,0,4,0,0,0,0,0,0,1,1,5,1,20,4,690,1,1,4,1,4
2016200056473,2,9,0,4,0,0,0,0,0,0,2,1,1,1,47,8,-1,-1,-1,5,1,5
2016200056488,1,9,0,4,0,0,0,0,0,0,1,1,6,3,-1,-1,1686,2,12,-1,-1,-1
2016200056488,2,9,0,3,0,0,0,0,0,0,2,1,6,1,25,5,1896,2,9,4,1,4
2016200056494,1,9,0,18,0,0,0,0,0,0,1,1,1,2,46,8,1398,1,1,2,1,2
2016200056494,2,20,0,3,0,0,0,0,0,0,2,1,1,1,69,10,4500,2,1,4,1,4
2016200056502,1,9,0,18,0,0,1,4,0,0,1,1,5,1,34,6,2494,1,16,4,1,4
2016200056502,2,9,0,2,0,0,0,0,0,0,4,1,6,3,-1,-1,-1,-1,-1,-1,-1,-1
2016200056502,3,9,0,2,0,0,0,0,0,0,1,1,6,3,-1,-1,-1,-1,-1,-1,-1,-1
2016200056512,1,9,0,18,0,0,0,4,0,0,1,1,1,1,30,6,-1,-1,-1,-1,-1,-1
2016200056512,2,9,0,2,9,0,0,0,0,0,1,1,6,3,-1,-1,1598,2,4,-1,-1,-1
2016200056512,3,19,0,2,9,0,0,0,0,0,1,1,6,3,-1,-1,1998,2,11,-1,-1,-1
2016200056514,1,9,0,18,0,8,0,0,0,0,3,1,6,2,51,8,1781,1,13,1,1,1
2016200056514,2,9,0,7,0,6,0,0,0,0,3,1,6,1,-1,-1,1149,1,14,2,1,2
2016200056525,1,9,0,18,0,1,1,0,0,0,2,1,6,2,27,6,999,1,-1,4,1,4
2016200056525,2,9,0,3,0,1,0,0,0,0,1,1,6,2,22,5,-1,-1,-1,10,1,10
2016200056530,1,9,0,4,0,1,0,0,0,0,1,1,6,1,32,6,2979,1,1,3,1,3
2016200056530,2,5,0,3,0,1,0,0,0,0,2,1,6,1,43,7,998,1,8,2,1,2
2016200056544,1,9,0,18,0,4,0,0,0,0,1,1,6,2,44,7,1198,1,13,1,1,1
2016200056544,2,9,0,18,0,8,0,0,0,0,4,1,6,1,34,6,1461,2,1,2,1,2
2016200056661,1,9,0,18,0,1,0,0,0,0,1,1,1,2,49,8,1398,1,5,7,1,7
2016200056661,2,9,0,10,0,1,0,0,0,0,2,1,1,2,29,6,999,1,1,2,1,2
2016200056661,3,9,0,18,0,2,0,0,0,0,1,1,1,2,50,8,2987,2,1,8,1,8
2016200056664,1,9,0,18,0,0,0,4,0,0,1,1,6,1,51,8,1956,2,2,-1,-1,-1
2016200056664,2,9,0,2,0,0,0,4,0,0,3,1,6,3,-1,-1,-1,-1,-1,-1,-1,-1
2016200056664,3,9,0,2,0,0,0,0,0,0,4,1,6,3,-1,-1,-1,-1,-1,-1,-1,-1
2016200056666,1,9,0,9,0,8,0,0,0,0,4,1,6,1,23,5,1598,1,11,2,1,2
2016200056666,2,1,0,18,0,8,0,0,0,0,1,1,1,1,38,7,-1,-1,-1,1,1,1
2016200056678,1,9,0,5,0,8,0,0,0,0,1,1,6,2,29,6,1997,2,13,7,2,7
2016200056678,2,9,0,3,0,8,0,0,0,0,0,1,6,1,-1,-1,1599,1,12,-1,-1,-1
2016200056682,1,9,0,18,0,0,1,0,1,0,-1,1,6,1,35,6,4163,1,11,1,1,1
2016200056682,2,9,0,9,0,0,1,11,0,0,-1,1,6,1,85,11,1339,1,8,6,1,6
2016200056695,1,9,0,9,0,6,0,0,0,0,1,1,6,1,30,6,-1,-1,-1,-1,-1,-1
2016200056708,1,9,0,18,0,0,0,0,0,0,1,1,1,1,22,5,1124,1,14,4,1,4
2016200056715,1,9,0,9,0,2,0,0,0,0,4,1,6,1,30,6,1364,1,9,1,1,1
2016200056760,1,9,0,18,0,6,0,0,0,0,1,1,6,3,-1,-1,1149,1,11,2,1,2
2016200056760,2,9,0,18,0,8,0,0,0,0,1,1,6,1,55,8,1587,1,9,1,1,1
2016200056768,1,9,0,18,0,1,0,0,0,0,4,1,5,2,49,8,2143,2,3,3,1,3
2016200056788,1,9,0,18,0,0,0,10,1,0,1,1,6,3,-1,-1,-1,-1,-1,-1,-1,-1
2016200056788,2,9,0,2,9,0,0,0,0,0,3,1,5,3,-1,-1,1396,1,13,-1,-1,-1
2016200056815,1,9,0,18,0,1,0,4,0,0,1,1,6,2,39,7,1796,1,13,1,1,1
2016200056815,2,9,0,2,0,1,0,0,0,0,2,1,6,3,-1,-1,-1,-1,-1,-1,-1,-1
2016200056832,1,9,0,9,0,6,0,0,0,0,1,1,6,1,21,5,2143,2,4,10,1,10
2016200056832,2,9,0,9,0,6,0,0,0,0,1,1,1,1,51,8,2231,2,8,2,1,2
2016200056842,1,9,0,9,0,8,0,0,0,0,2,1,6,3,-1,-1,-1,-1,-1,-1,-1,-1
2016200056842,2,9,0,18,0,8,0,0,0,0,1,1,6,1,32,6,-1,-1,-1,1,1,1
2016200056879,1,9,0,18,0,2,0,0,0,0,4,1,2,2,42,7,-1,-1,-1,8,1,8
2016200056881,1,9,0,5,0,6,0,0,0,0,1,1,6,3,-1,-1,1986,2,9,-1,-1,-1