Accident_Index,Vehicle_Reference,Vehicle_Type,Towing_and_Articulation,Vehicle_Manoeuvre,Vehicle_Location-Restricted_Lane,Junction_Location,Skidding_and_Overturning,Hit_Object_in_Carriageway,Vehicle_Leaving_Carriageway,Hit_Object_off_Carriageway,1st_Point_of_Impact,Was_Vehicle_Left_Hand_Drive?,Journey_Purpose_of_Driver,Sex_of_Driver,Age_of_Driver,Age_Band_of_Driver,Engine_Capacity_(CC),Propulsion_Code,Age_of_Vehicle,Driver_IMD_Decile,Driver_Home_Area_Type,Vehicle_IMD_Decile
2016200056881,2,9,0,18,0,8,0,10,0,0,4,1,6,2,64,9,1299,1,15,2,1,2
2016200056901,1,9,0,14,0,8,0,0,0,0,1,1,5,1,26,6,2765,2,20,2,1,2
2016200056901,2,9,0,7,0,6,0,0,0,0,1,1,5,1,24,5,1242,1,18,1,1,1
2016200056903,1,8,0,18,0,1,0,0,0,0,1,1,6,3,-1,-1,2231,2,8,-1,-1,-1
2016200056903,2,9,0,3,0,1,0,0,0,0,2,1,6,3,-1,-1,-1,-1,-1,-1,-1,-1
2016200056920,1,9,0,11,0,2,0,0,0,0,4,1,6,1,87,11,1299,1,14,4,1,4
2016200056920,2,3,0,18,0,2,0,0,0,0,1,1,6,1,36,7,124,1,3,4,1,4
2016200056922,1,9,0,9,0,4,0,0,0,0,4,1,6,3,30,6,1395,1,-1,-1,-1,-1
2016200056922,2,9,0,18,0,4,0,0,0,0,3,1,5,1,47,8,1896,2,9,4,1,4
2016200056929,1,9,0,18,0,8,0,0,0,0,2,1,6,1,26,6,2231,2,10,2,1,2
2016200056929,2,9,0,18,0,8,0,0,0,0,1,1,6,1,38,7,1596,1,1,1,1,1
2016200056929,3,9,0,12,0,8,0,0,0,0,0,1,6,3,-1,-1,-1,-1,-1,-1,-1,-1
2016200056934,1,9,0,4,0,8,0,0,0,0,1,1,6,1,26,6,1910,2,11,-1,-1,-1
2016200056940,1,9,0,18,0,8,0,0,0,0,0,1,6,3,-1,-1,-1,-1,-1,-1,-1,-1
2016200056954,1,9,0,18,0,0,0,0,0,0,1,1,6,3,-1,-1,2967,2,12,1,1,1
2016200056954,2,9,0,3,0,0,0,0,0,0,2,1,6,2,45,7,1991,2,11,8,1,8
2016200056968,1,9,0,17,0,1,0,0,0,0,0,1,6,3,30,6,-1,-1,-1,-1,-1,-1
2016200056968,2,9,0,16,0,2,1,0,7,9,3,1,5,1,35,6,1598,1,5,5,1,5
2016200056994,1,9,0,9,0,8,0,0,0,0,1,1,1,2,29,6,1388,1,17,1,1,1
2016200056994,2,1,0,18,0,8,0,0,0,0,3,1,1,1,26,6,-1,-1,-1,2,1,2
2016200057005,1,9,0,4,0,0,0,0,0,0,2,1,2,2,57,9,1197,1,3,5,1,5
2016200057005,2,9,0,18,0,0,0,0,0,0,1,1,2,1,40,7,1968,2,10,2,1,2
2016200057060,1,9,0,18,0,1,0,0,0,0,1,1,6,3,-1,-1,2295,1,18,6,1,6
2016200057077,1,9,0,9,0,6,0,0,0,0,3,1,1,2,49,8,1598,1,8,10,1,10
2016200057077,2,3,0,14,0,8,1,0,0,0,3,1,6,1,28,6,125,1,15,3,1,3
2016200057102,1,9,0,18,0,0,0,0,0,0,1,1,6,1,32,6,1868,2,15,4,1,4
2016200057119,1,3,0,12,0,0,0,0,0,0,2,1,6,1,49,8,125,1,47,-1,-1,-1
2016200057119,2,9,0,18,0,0,0,0,0,0,1,1,1,1,46,8,-1,-1,-1,5,1,5
2016200057149,1,9,0,18,0,0,0,0,0,0,1,1,6,1,66,10,1870,2,13,10,1,10
2016200057165,1,9,0,17,0,1,0,0,0,0,1,1,6,2,58,9,1339,1,1,10,1,10
2016200057165,2,9,0,16,0,2,0,0,0,0,1,1,6,1,60,9,1124,1,10,5,1,5
2016200057456,1,9,0,-1,-1,0,0,-1,-1,0,-1,1,6,2,41,7,1197,1,1,2,1,2
2016200057456,2,19,0,-1,-1,0,0,-1,-1,0,-1,1,6,1,66,10,6208,1,3,-1,-1,-1
2016200057488,1,9,0,3,0,1,0,0,0,0,2,1,6,2,33,6,1242,1,7,2,1,2
2016200057488,2,9,0,18,0,1,1,0,0,0,1,1,6,1,32,6,2148,2,8,4,1,4
2016200057493,1,9,0,18,0,2,0,0,4,0,1,1,6,2,83,11,1798,8,2,8,1,8
2016200057493,2,9,0,18,0,2,0,0,0,0,1,1,6,1,56,9,2199,2,4,6,1,6
2016200057497,1,21,0,1,0,6,0,0,0,0,2,1,6,3,-1,-1,-1,-1,-1,-1,-1,-1
2016200057500,1,9,0,18,0,6,0,0,0,0,1,1,6,3,30,6,-1,-1,-1,-1,-1,-1
2016200057500,2,9,0,18,0,8,0,0,0,0,4,1,2,2,49,8,1360,1,13,1,1,1
2016200057525,1,9,0,18,0,0,0,0,0,0,3,1,6,3,30,6,-1,-1,-1,-1,-1,-1
2016200057525,2,9,0,3,0,0,0,0,0,0,3,1,5,1,35,6,1587,1,13,5,1,5
2016200057527,1,9,0,18,0,8,5,0,0,0,4,1,6,2,54,8,1598,1,5,5,1,5
2016200057527,2,9,0,18,0,8,0,0,0,0,1,1,2,1,70,10,-1,-1,-1,9,1,9
2016200057527,3,9,0,3,0,1,0,0,0,0,3,1,6,1,45,7,1968,2,7,2,1,2
2016200057531,1,9,0,14,0,1,0,0,0,0,1,1,6,1,19,4,1229,1,6,6,1,6
2016200057531,2,9,0,8,0,1,0,0,0,0,2,1,2,1,52,8,-1,-1,-1,9,2,9
2016200057534,1,9,0,17,0,2,0,4,0,0,1,1,6,2,45,7,1499,2,1,1,1,1
2016200057534,2,9,0,2,0,1,0,0,0,0,0,1,6,1,36,7,-1,-1,-1,1,1,1
2016200057534,3,19,0,2,0,2,0,0,0,0,2,1,6,1,54,8,2178,2,10,6,1,6
2016200057545,1,9,0,5,0,1,0,0,0,0,1,1,6,3,-1,-1,-1,-1,-1,-1,-1,-1
2016200057545,2,1,0,3,9,8,0,0,0,0,3,1,6,1,55,8,-1,-1,-1,1,1,1
2016200057570,1,5,0,18,0,8,1,0,0,0,1,1,6,1,33,6,599,1,17,2,1,2
2016200057570,2,9,0,9,0,6,0,0,0,0,2,1,6,1,41,7,2494,1,15,1,1,1
2016200057590,1,9,0,4,0,0,0,0,0,0,1,1,6,2,46,8,1997,2,13,4,1,4
2016200057590,2,1,0,18,0,0,0,0,0,0,1,1,6,1,13,3,-1,-1,-1,1,1,1
2016200057595,1,9,0,18,0,0,0,0,0,0,4,1,6,3,-1,-1,4511,1,12,-1,-1,-1
2016200057595,2,3,0,18,0,0,0,0,0,0,3,1,2,1,23,5,124,1,33,4,1,4
2016200057607,1,9,0,18,0,8,1,0,0,0,1,1,6,3,-1,-1,-1,-1,-1,-1,-1,-1
2016200057607,2,9,0,18,0,8,1,0,0,0,3,1,6,1,26,6,1398,1,12,5,1,5
2016200057609,1,9,0,18,0,8,0,0,0,0,2,1,6,2,25,5,1398,1,5,7,1,7
2016200057609,2,21,0,6,0,8,0,0,0,0,4,1,6,2,35,6,-1,-1,-1,4,1,4
2016200057610,1,9,0,18,0,3,0,0,0,0,2,1,5,1,22,5,1968,2,2,9,1,9
2016200057610,2,9,0,18,0,3,0,0,0,0,1,1,5,1,35,6,1598,2,5,3,1,3
2016200057627,1,9,0,1,0,2,0,0,0,0,2,1,6,3,-1,-1,1995,2,5,-1,-1,-1
2016200057627,2,9,0,18,0,1,0,0,0,0,1,1,2,1,35,6,1598,2,3,1,1,1
2016200057639,1,9,0,1,0,1,0,0,0,0,2,1,6,3,-1,-1,1796,1,9,-1,-1,-1
2016200057655,1,9,0,18,0,0,0,0,0,0,1,1,6,2,32,6,1997,2,12,2,1,2
2016200057657,1,9,0,9,0,6,0,0,3,0,3,1,6,1,15,3,1149,1,11,4,1,4
2016200057657,2,9,0,18,0,8,0,0,0,0,1,1,6,2,35,6,1582,2,3,2,1,2
2016200057657,3,9,0,18,0,1,0,0,0,0,0,1,1,1,-1,-1,2993,2,2,5,1,5
2016200057663,1,9,0,8,0,1,0,0,0,0,2,1,1,1,24,5,1968,2,3,5,1,5
2016200057663,2,21,0,4,0,1,0,0,0,0,1,1,1,1,-1,-1,-1,-1,-1,3,1,3
2016200057685,1,11,0,18,0,4,0,0,0,0,1,1,6,1,74,10,7300,2,8,-1,-1,-1
2016200057685,2,1,0,18,0,3,0,0,0,0,4,1,6,1,60,9,-1,-1,-1,2,1,2
2016200057693,1,9,0,9,0,5,0,0,0,0,1,1,6,2,18,4,1124,1,12,4,1,4
2016200057693,2,9,0,18,0,8,0,0,0,0,1,1,6,1,22,5,1896,2,13,2,1,2
2016200057713,1,9,0,18,0,1,0,0,0,0,1,1,6,2,-1,-1,1240,1,13,-1,-1,-1
2016200057713,2,9,0,3,0,1,0,0,0,0,2,1,6,1,25,5,2987,2,5,10,1,10
2016200057713,3,9,0,18,0,8,0,0,0,0,0,1,6,2,52,8,-1,-1,-1,1,1,1
2016200057716,1,9,0,5,0,0,0,0,0,0,1,1,6,2,42,7,1997,1,10,3,1,3
2016200057730,1,98,0,18,0,1,0,0,0,0,2,1,6,3,-1,-1,-1,-1,-1,-1,-1,-1
2016200057730,2,11,0,5,0,1,0,0,0,0,1,1,1,1,52,8,8268,2,15,1,1,1
2016200057734,1,9,0,5,9,0,0,0,0,0,1,1,6,1,30,6,1968,2,7,-1,-1,-1
2016200057737,1,9,0,18,0,8,0,0,0,0,1,1,1,1,40,7,-1,-1,-1,5,1,5
2016200057737,2,9,0,5,0,8,0,0,0,0,1,1,6,3,-1,-1,2494,1,14,-1,-1,-1
2016200057755,1,9,0,18,0,1,0,0,0,0,1,1,6,1,32,6,1896,2,13,3,1,3
2016200057755,2,9,0,18,0,1,0,0,0,0,4,1,6,2,46,8,1398,1,5,2,1,2
2016200057756,1,9,0,18,0,8,0,0,0,0,1,1,6,3,-1,-1,1995,2,17,-1,-1,-1
2016200057756,2,9,0,18,0,8,0,0,0,0,3,1,6,2,31,6,1242,1,7,5,1,5
2016200057784,1,9,0,18,0,8,0,0,0,0,0,1,6,2,38,7,1240,1,11,2,1,2
2016200057784,2,4,0,18,0,8,1,0,0,0,4,1,6,1,42,7,1462,1,6,1,1,1
2016200057796,1,9,0,18,0,8,0,0,0,0,4,1,5,2,35,6,-1,-1,-1,2,1,2
2016200057796,2,9,0,18,0,8,0,0,0,0,1,1,6,3,30,6,1598,2,2,-1,-1,-1
2016200057797,1,9,0,18,0,8,0,0,0,0,1,1,6,1,19,4,-1,-1,-1,1,1,1
2016200057797,2,9,0,9,0,8,0,0,0,0,4,1,6,1,57,9,1753,2,16,4,1,4
2016200057798,1,9,0,9,0,8,0,0,0,0,1,1,1,1,47,8,2231,2,3,2,1,2
2016200057798,2,1,0,18,0,8,0,0,0,0,1,1,6,1,54,8,-1,-1,-1,8,1,8
2016200057799,1,9,0,3,0,1,0,0,0,0,2,1,6,2,20,4,1560,2,5,1,1,1
2016200057799,2,9,0,4,0,1,0,0,0,0,1,1,6,3,-1,-1,1198,1,6,-1,-1,-1
2016200057807,1,3,0,18,0,1,0,0,0,0,1,1,6,1,29,6,124,1,1,1,1,1
2016200057807,2,9,0,7,0,1,0,0,0,0,2,1,6,1,55,8,1598,1,12,2,1,2
2016200057813,1,9,0,18,0,8,0,2,0,0,3,1,6,2,34,6,1796,1,16,2,1,2
2016200057813,2,9,0,18,0,8,0,2,0,0,4,1,6,1,49,8,1560,2,9,1,1,1
2016200057817,1,9,0,18,0,2,0,0,0,0,1,1,1,1,43,7,-1,-1,-1,-1,-1,-1
2016200057825,1,9,0,18,0,8,0,0,0,0,1,1,5,2,25,5,1388,1,12,2,1,2
2016200057825,2,9,0,9,0,6,0,0,0,0,1,1,5,1,22,5,1598,1,13,5,1,5
2016200057826,1,9,0,5,0,8,1,0,0,0,1,1,6,1,57,9,1386,1,11,1,1,1
2016200057826,2,9,0,18,0,8,1,0,0,0,1,1,6,2,28,6,1590,1,19,1,1,1
2016200057831,1,9,0,18,0,0,2,4,0,0,1,1,6,2,55,8,1591,1,2,3,1,3
2016200057831,2,9,0,2,0,0,0,0,0,0,4,1,6,3,-1,-1,1360,1,11,-1,-1,-1
2016200057831,3,9,0,2,0,0,0,0,0,0,4,1,6,3,-1,-1,3996,1,15,-1,-1,-1
2016200057857,1,9,0,3,0,1,0,0,0,0,0,1,6,2,27,6,1360,1,8,3,1,3
2016200057857,2,9,0,13,0,1,0,0,0,0,2,1,6,3,-1,-1,-1,-1,-1,-1,-1,-1
2016200057866,1,9,0,7,0,6,0,0,0,0,3,1,6,3,-1,-1,-1,-1,-1,-1,-1,-1
2016200057866,2,11,0,18,0,1,0,0,0,0,3,1,6,1,54,8,6700,2,5,6,1,6
2016200057869,1,9,0,18,0,0,0,10,0,0,1,1,6,2,27,6,2268,2,5,1,1,1
2016200057869,2,19,0,2,0,0,0,0,0,0,2,1,6,1,38,7,2148,2,9,-1,-1,-1
2016200057875,1,11,0,18,0,2,0,0,0,0,1,1,6,3,-1,-1,-1,-1,-1,-1,-1,-1
2016200057883,1,9,0,3,0,0,0,0,0,0,0,1,2,2,54,8,1598,2,4,6,1,6
2016200057883,2,9,0,3,0,0,0,0,0,0,2,1,6,1,-1,-1,1461,2,7,8,1,8
2016200057883,3,9,0,18,0,0,0,0,0,0,1,1,6,2,-1,-1,1197,1,1,2,1,2
2016200058058,1,9,0,18,0,1,5,10,1,10,1,1,6,1,83,11,1560,2,1,1,1,1
2016200058058,2,9,0,3,0,1,0,0,0,0,1,1,6,1,57,9,1360,1,7,1,1,1
2016200058058,3,21,0,3,0,1,0,0,0,0,1,1,6,1,56,9,-1,-1,-1,1,1,1
2016200058058,4,9,0,3,0,1,0,0,0,0,1,1,6,1,-1,-1,1968,2,5,6,1,6
2016200058058,5,9,0,3,0,1,0,0,0,0,1,1,6,2,21,5,1360,1,13,2,1,2
2016200058316,1,9,0,3,0,1,0,0,0,0,2,1,2,2,58,9,998,1,4,3,1,3
2016200058316,2,9,0,18,0,1,0,0,0,0,1,1,6,1,43,7,998,1,16,7,1,7
2016200058318,1,21,0,9,0,6,0,0,0,0,1,1,2,1,26,6,-1,-1,-1,1,1,1
2016200058318,2,21,0,18,0,8,0,0,0,0,4,1,2,1,61,9,11705,2,8,4,2,4
2016200058319,1,9,0,18,0,0,0,0,0,0,1,1,6,1,38,7,998,1,10,2,1,2
2016200058325,1,9,0,9,0,6,0,0,0,0,4,1,6,1,30,6,1968,2,6,-1,-1,-1
2016200058325,2,9,0,18,0,8,0,0,0,0,1,1,1,1,27,6,998,1,10,8,1,8
2016200058337,1,9,0,13,0,0,0,10,1,0,4,1,6,1,23,5,2616,1,7,5,1,5
2016200058337,2,8,0,12,0,0,0,10,1,0,3,1,1,1,38,7,1984,2,8,-1,-1,-1
2016200058341,1,9,0,18,0,0,0,0,0,0,1,1,6,3,-1,-1,-1,-1,-1,-1,-1,-1
2016200058341,2,9,0,18,0,0,0,0,0,0,1,1,6,1,63,9,1493,1,19,1,1,1
2016200058380,1,9,0,7,0,1,0,0,0,0,1,1,6,1,25,5,1398,2,2,8,1,8
2016200058380,2,9,0,7,0,1,0,0,0,0,2,1,6,1,29,6,1598,1,14,2,1,2
2016200058380,3,9,0,7,0,1,0,0,0,0,0,1,6,2,71,10,1248,2,8,2,1,2
2016200058388,1,9,0,18,0,8,1,10,0,0,1,1,6,1,29,6,1998,1,11,3,1,3
2016200058422,1,9,0,17,0,0,1,0,0,0,4,1,6,1,20,4,1124,1,12,9,1,9
2016200058425,1,9,0,18,0,3,0,0,0,0,2,1,6,2,18,4,1242,1,13,9,1,9
2016200058425,2,9,0,5,0,4,0,0,0,0,4,1,6,1,-1,-1,1685,2,2,4,1,4
2016200058459,1,9,0,4,0,1,0,0,0,0,0,1,6,1,49,8,1349,1,11,1,1,1
2016200058459,2,9,0,4,0,1,1,0,0,0,1,1,6,1,33,6,1598,1,15,1,1,1
2016200058497,1,9,0,9,0,4,0,0,0,0,0,1,6,1,38,7,1995,2,7,9,1,9
2016200058497,2,9,0,18,0,8,0,0,0,0,1,1,6,3,-1,-1,1995,2,12,-1,-1,-1
2016200058499,1,9,0,5,0,8,0,0,0,0,1,1,6,1,27,6,1229,1,10,1,1,1
2016200058499,2,9,0,5,0,8,0,0,0,0,4,1,6,1,32,6,1598,1,12,1,1,1
2016200058519,1,9,0,18,0,4,0,10,7,10,4,1,1,1,31,6,1896,2,10,2,1,2
2016200058519,2,9,0,18,0,8,0,0,0,0,1,1,6,3,-1,-1,-1,-1,-1,-1,-1,-1
2016200058549,1,9,0,18,0,0,0,10,0,0,0,1,6,1,36,7,1598,1,9,6,1,6
2016200058549,2,9,0,16,0,0,1,0,0,0,2,1,6,1,20,4,1998,1,10,2,1,2
2016200058557,1,9,0,18,0,1,0,0,0,0,1,1,6,1,-1,-1,1998,1,12,1,1,1
2016200058557,2,1,0,18,0,1,0,0,0,0,4,1,2,1,31,6,-1,-1,-1,7,1,7
2016200058566,1,9,0,18,0,0,0,0,0,0,1,1,6,1,25,5,1984,1,9,1,1,1
2016200058566,2,9,0,3,0,0,0,0,0,0,2,1,6,2,51,8,1984,1,8,4,1,4
2016200058566,3,9,0,3,0,0,0,0,0,0,2,1,6,1,36,7,-1,-1,-1,1,1,1
2016200058584,1,9,0,18,0,1,0,0,0,0,1,1,6,2,19,4,1388,1,12,2,1,2
2016200058584,2,9,0,3,0,1,0,0,0,0,2,1,6,1,27,6,996,1,7,3,1,3
2016200058588,1,9,0,7,0,5,0,0,0,0,0,1,6,2,48,8,1246,1,11,4,1,4
2016200058603,1,9,0,17,9,0,0,10,1,0,1,1,6,3,-1,-1,973,1,16,-1,-1,-1
2016200058634,1,9,0,9,0,1,0,0,0,0,1,1,6,3,-1,-1,-1,-1,-1,-1,-1,-1
2016200058635,1,1,0,18,0,0,0,0,0,0,1,1,6,1,-1,-1,-1,-1,-1,-1,-1,-1
2016200058635,2,9,0,4,0,0,0,0,0,0,3,1,1,2,40,7,1896,2,7,6,1,6
2016200058646,1,9,0,4,0,0,0,0,0,0,1,1,6,2,-1,-1,1596,1,11,3,1,3
2016200058646,2,1,0,5,0,0,0,0,0,0,3,1,6,1,12,3,-1,-1,-1,1,1,1
2016200058663,1,9,0,4,0,0,0,0,0,0,1,1,6,2,42,7,1598,1,9,2,1,2
2016200058770,1,9,0,18,0,2,0,0,0,0,1,1,6,2,45,7,998,1,7,3,1,3
2016200058770,2,9,0,18,0,2,0,0,0,0,2,1,6,2,28,6,1242,1,14,6,1,6
2016200058776,1,90,0,18,0,0,0,0,0,0,0,1,6,3,-1,-1,-1,-1,-1,-1,-1,-1
2016200058776,2,97,0,18,0,0,0,0,0,0,0,1,6,3,-1,-1,-1,-1,-1,-1,-1,-1
2016200058776,3,9,0,18,0,0,0,7,0,0,1,1,6,1,25,5,1870,2,13,1,1,1
2016200058783,1,9,0,18,0,3,1,0,1,11,4,1,6,1,32,6,1984,1,2,2,1,2
2016200058783,2,98,0,18,0,3,0,0,0,0,3,1,1,1,42,7,-1,-1,-1,-1,-1,-1
2016200058783,3,9,0,2,9,2,0,0,0,0,1,1,6,2,50,8,1390,1,6,10,1,10
2016200058797,1,9,0,16,0,0,0,0,0,0,1,1,1,1,38,7,-1,-1,-1,10,1,10
2016200058839,1,5,0,18,0,0,1,0,0,0,1,1,6,1,32,6,599,1,6,-1,-1,-1
2016200058839,2,9,0,9,0,0,0,0,0,0,4,1,6,1,-1,-1,1998,2,8,-1,-1,-1
2016200058931,1,9,0,18,0,3,0,0,0,0,1,1,6,3,-1,-1,-1,-1,-1,-1,-1,-1
2016200058931,2,9,0,18,0,1,0,0,0,0,0,1,1,1,-1,-1,1598,2,1,2,1,2
2016200058931,3,9,0,18,0,1,0,0,0,0,1,1,6,2,44,7,1598,1,9,3,1,3
2016200058931,4,9,0,18,0,1,0,0,0,0,1,1,6,1,31,6,1395,1,2,8,1,8
2016200058945,1,9,0,18,0,0,1,0,7,0,1,1,6,1,31,6,1332,1,17,3,1,3
2016200058945,2,9,0,18,0,0,1,0,1,0,3,1,6,1,31,6,1461,2,6,1,1,1
2016200058955,1,9,0,5,0,8,0,0,0,0,1,1,1,1,23,5,1995,2,6,3,1,3
2016200058955,2,9,0,18,0,8,0,0,0,0,1,1,3,2,43,7,1242,1,2,7,1,7
2016200058989,1,9,0,18,0,1,0,0,0,0,1,1,6,1,37,7,3456,8,9,6,1,6
2016200058989,2,9,0,8,0,1,0,0,0,0,2,1,1,1,32,6,1560,2,3,1,1,1
2016200059002,1,9,0,9,0,6,0,0,0,0,0,1,6,3,-1,-1,1997,2,1,-1,-1,-1
2016200059002,2,9,0,18,0,8,0,10,0,0,3,1,6,2,37,7,1390,1,1,7,1,7
2016200059019,1,9,0,7,0,6,0,0,0,0,1,1,6,3,-1,-1,1341,1,11,-1,-1,-1
2016200059029,1,9,0,18,0,0,1,0,5,0,1,1,6,1,35,6,5204,1,1,4,1,4
2016200059029,2,9,0,18,0,0,0,0,0,0,-1,1,6,1,33,6,1896,2,6,4,1,4
2016200059041,1,9,0,9,0,6,0,0,0,0,1,1,6,1,28,6,1686,2,7,1,1,1
2016200059041,2,9,0,18,0,8,0,0,0,0,1,1,6,1,24,5,1896,2,17,4,1,4
2016200059116,1,23,0,18,0,0,0,0,0,0,1,1,5,1,25,5,998,1,15,4,1,4
2016200059116,2,9,0,3,0,0,0,0,0,0,3,1,5,1,-1,-1,2143,2,3,8,2,8
2016200059116,3,9,0,4,0,0,0,0,0,0,4,1,5,1,31,6,1781,1,16,2,1,2
2016200059116,4,9,0,4,0,0,0,0,0,0,2,1,5,1,47,8,1799,1,6,10,1,10
2016200059161,1,9,0,9,0,6,0,0,0,0,1,1,6,2,25,5,1499,2,-1,3,1,3
2016200059161,2,9,0,18,0,8,0,0,0,0,4,1,6,2,37,7,1985,1,15,5,1,5
2016200059222,1,9,0,18,0,0,0,0,0,0,1,1,1,1,25,5,1590,1,18,1,1,1
2016200059222,2,9,0,3,0,0,0,0,0,0,2,1,2,2,60,9,1796,1,11,9,1,9
2016200059222,3,9,0,3,0,0,0,0,0,0,2,1,2,2,20,4,1242,1,2,1,1,1
2016200059260,1,9,0,17,0,3,0,0,0,0,1,1,6,2,30,6,1956,2,5,3,1,3
2016200059260,2,9,0,16,0,1,0,10,0,0,4,1,6,2,19,4,-1,-1,-1,2,1,2
2016200059316,1,5,0,18,0,1,0,0,0,0,1,1,5,1,21,5,600,1,16,7,1,7
2016200059316,2,9,0,10,0,1,0,0,0,0,2,1,5,2,35,6,1198,1,10,7,1,7
2016200059371,1,23,0,16,0,0,0,0,0,0,1,1,6,1,25,5,124,1,2,-1,-1,-1
2016200059371,2,9,0,2,0,0,0,0,0,0,2,1,6,3,-1,-1,-1,-1,-1,-1,-1,-1
2016200059413,1,9,0,18,0,0,2,0,7,0,4,1,6,1,23,5,1596,1,15,2,1,2
2016200059413,2,9,0,18,0,0,0,0,0,0,0,1,6,1,24,5,1390,1,14,2,1,2
2016200059528,1,1,0,18,0,8,0,0,0,0,1,1,5,1,16,4,-1,-1,-1,1,1,1
2016200059528,2,9,0,18,0,8,0,0,0,0,4,1,5,1,79,11,998,1,14,1,1,1
2016200059534,1,4,0,13,0,1,2,0,7,0,1,1,6,1,22,5,449,1,2,10,1,10
2016200059534,2,9,0,13,0,1,0,0,0,0,3,1,6,2,23,5,998,1,4,9,1,9
2016200059539,1,9,0,17,0,0,1,6,1,11,4,1,6,1,31,6,1995,1,9,1,1,1
2016200059558,1,9,0,9,0,8,0,0,0,0,3,1,6,2,68,10,2179,2,1,5,1,5
2016200059558,2,5,0,18,0,8,0,0,0,0,1,1,6,1,39,7,1050,1,6,2,1,2
2016200059566,1,19,0,18,0,8,0,0,0,0,1,1,1,1,51,8,2300,2,12,8,1,8
2016200059566,2,9,0,18,0,8,0,0,0,0,2,1,2,1,45,7,1598,2,1,9,1,9
2016200059566,3,9,0,7,0,8,0,0,0,0,0,1,6,1,35,6,1598,2,1,-1,-1,-1
2016200059621,1,9,0,18,0,2,0,0,0,0,4,1,6,1,25,5,-1,-1,-1,1,1,1
2016200059660,1,9,0,1,0,6,0,0,0,0,0,1,6,2,62,9,1796,1,15,6,1,6
2016200059660,2,1,0,18,0,8,0,0,0,0,0,1,6,1,49,8,-1,-1,-1,8,1,8
2016200059680,1,3,0,18,0,8,1,0,0,0,0,1,6,1,23,5,124,1,2,3,1,3
2016200059680,2,9,0,9,0,5,0,0,0,0,0,1,6,1,44,7,1596,1,14,2,1,2
2016200059695,1,9,0,18,0,8,0,0,0,0,2,1,6,1,30,6,-1,-1,-1,1,1,1
2016200059695,2,9,0,18,0,8,0,0,0,0,1,1,6,1,37,7,2494,1,15,1,1,1
2016200059711,1,9,0,7,0,1,0,0,0,0,1,1,6,1,-1,-1,1968,2,10,8,1,8
2016200059711,2,9,0,7,0,1,0,0,0,0,2,1,6,2,62,9,1299,1,12,1,1,1
2016200059716,1,98,4,11,0,0,0,0,0,0,4,1,6,3,30,6,-1,-1,-1,-1,-1,-1
2016200059716,2,9,0,18,0,0,1,0,0,0,3,1,5,1,23,5,1242,1,12,6,1,6
2016200059728,1,3,0,15,0,1,0,0,0,0,1,1,1,1,-1,-1,125,1,1,1,1,1
2016200059750,1,9,0,18,0,0,0,0,0,0,1,1,6,1,-1,-1,-1,-1,-1,-1,-1,-1
2016200059770,1,9,0,18,0,1,0,0,0,0,1,1,5,1,17,4,1149,1,12,5,1,5
2016200059770,2,9,0,4,0,1,0,0,0,0,2,1,2,1,53,8,1956,2,4,8,1,8
2016200059794,1,9,0,18,0,0,0,10,1,0,1,1,6,3,-1,-1,1998,2,10,-1,1,-1
2016200059794,2,9,0,18,0,0,0,0,0,0,0,1,1,1,-1,-1,2993,2,3,-1,-1,-1
2016200059848,1,9,0,7,0,1,0,0,0,0,3,1,6,2,39,7,-1,-1,-1,1,1,1
2016200059848,2,1,0,18,0,1,0,0,0,0,0,1,6,1,49,8,-1,-1,-1,1,1,1
2016200059875,1,9,0,18,0,4,0,0,0,0,1,1,2,2,50,8,1984,1,1,3,1,3
2016200059875,2,9,0,18,0,4,0,0,0,0,1,1,1,1,48,8,1896,2,15,2,1,2
2016200059878,1,9,0,17,0,1,0,10,1,2,1,1,2,1,42,7,999,1,1,3,1,3
2016200059886,1,9,0,18,0,4,0,0,0,0,1,1,2,2,-1,-1,1198,1,5,1,1,1
2016200059886,2,9,0,9,0,3,1,10,0,0,4,1,6,2,22,5,1995,2,10,8,2,8
2016200059890,1,9,0,18,0,1,0,0,0,0,1,1,5,1,45,7,1753,2,9,4,1,4
2016200059890,2,9,0,3,0,1,0,0,0,0,2,1,1,1,33,6,1968,2,10,2,1,2
2016200059903,1,1,0,18,0,0,0,0,0,0,1,1,6,1,14,3,-1,-1,-1,2,1,2
2016200059903,2,9,0,18,0,0,0,0,0,0,4,1,6,1,58,9,1997,2,2,6,1,6
2016200059906,1,9,0,18,0,8,0,0,0,0,4,1,6,1,60,9,2148,2,12,1,1,1
2016200059926,1,3,0,13,0,8,0,0,0,0,0,1,2,1,22,5,125,1,-1,2,1,2
2016200059926,2,9,0,9,0,6,0,0,0,0,3,1,2,1,23,5,1968,2,6,1,1,1
2016200059930,1,9,0,9,0,6,0,0,0,0,4,1,2,2,18,4,1896,2,7,2,1,2
2016200059930,2,3,0,18,0,8,0,0,0,0,1,1,5,1,28,6,125,1,6,2,1,2
2016200059974,1,9,0,18,0,0,0,0,0,0,1,1,6,1,33,6,1598,1,10,1,1,1
2016200059980,1,9,0,9,0,5,0,0,0,0,1,1,2,1,61,9,1388,1,14,2,1,2