Accident_Index,Vehicle_Reference,Vehicle_Type,Towing_and_Articulation,Vehicle_Manoeuvre,Vehicle_Location-Restricted_Lane,Junction_Location,Skidding_and_Overturning,Hit_Object_in_Carriageway,Vehicle_Leaving_Carriageway,Hit_Object_off_Carriageway,1st_Point_of_Impact,Was_Vehicle_Left_Hand_Drive?,Journey_Purpose_of_Driver,Sex_of_Driver,Age_of_Driver,Age_Band_of_Driver,Engine_Capacity_(CC),Propulsion_Code,Age_of_Vehicle,Driver_IMD_Decile,Driver_Home_Area_Type,Vehicle_IMD_Decile
2016200065200,1,9,0,18,0,0,1,0,0,0,4,1,6,1,35,6,2231,2,10,-1,-1,-1
2016200065200,2,9,0,18,0,0,1,7,0,0,3,1,6,2,73,10,1896,2,7,7,1,7
2016200065244,1,90,0,4,0,0,0,0,0,0,2,1,6,1,19,4,602,1,37,9,1,9
2016200065244,2,5,0,18,0,0,0,0,0,0,1,1,6,1,19,4,660,1,8,8,1,8
2016200065249,1,9,0,18,0,0,0,0,0,0,3,1,6,1,58,9,1364,1,7,3,1,3
2016200065249,2,9,0,18,0,0,0,0,0,0,3,1,6,1,33,6,1910,2,10,3,1,3
2016200065255,1,9,0,5,0,6,0,0,0,0,1,1,1,1,27,6,1796,1,14,1,1,1
2016200065255,2,9,0,18,0,8,0,0,0,0,0,1,5,2,51,8,1248,1,1,5,1,5
2016200065259,1,9,0,5,0,6,0,0,0,0,1,1,6,1,21,5,-1,-1,-1,2,1,2
2016200065259,2,19,0,18,0,8,0,0,0,0,3,1,5,1,55,8,2151,2,13,6,1,6
2016200065271,1,2,0,17,0,8,0,0,0,0,1,1,1,1,16,4,49,1,1,5,1,5
2016200065271,2,9,0,5,0,4,0,0,0,0,1,1,6,1,62,9,1197,1,1,1,1,1
2016200065272,1,9,0,17,0,0,0,0,0,0,1,1,6,1,21,5,1896,2,13,5,1,5
2016200065277,1,9,0,18,0,1,1,9,3,0,1,1,6,1,68,10,1995,2,13,8,1,8
2016200065277,2,19,0,18,0,3,1,0,0,0,4,1,1,1,29,6,2287,2,6,-1,-1,-1
2016200065278,1,9,0,18,0,0,0,0,0,0,1,1,1,1,19,4,1984,1,9,1,1,1
2016200065278,2,9,0,3,0,0,0,0,0,0,2,1,6,2,51,8,1984,1,8,4,1,4
2016200065278,3,9,0,3,0,0,0,0,0,0,2,1,1,1,36,7,-1,-1,-1,1,1,1
2016200065328,1,9,0,18,0,1,0,0,0,0,1,1,6,2,36,7,1896,2,9,7,1,7
2016200065330,1,9,0,13,0,0,0,0,0,0,1,1,5,1,34,6,1781,1,8,2,1,2
2016200065330,2,9,0,17,0,0,0,0,0,0,1,1,5,1,29,6,1390,1,6,3,1,3
2016200065335,1,5,0,14,0,0,0,0,0,0,3,1,6,1,23,5,600,1,17,2,1,2
2016200065335,2,9,0,3,0,0,0,0,0,0,4,1,6,1,38,7,1596,1,11,2,1,2
2016200065336,1,9,0,7,0,5,0,0,0,0,2,1,6,3,-1,-1,-1,-1,-1,-1,-1,-1
2016200065346,1,98,0,18,0,1,0,0,0,0,1,1,6,3,-1,-1,-1,-1,-1,-1,-1,-1
2016200065348,1,9,0,9,0,2,0,0,0,0,1,1,6,2,53,8,1197,1,4,9,1,9
2016200065348,2,1,0,18,0,2,0,0,0,0,1,1,6,1,21,5,-1,-1,-1,4,1,4
2016200065350,1,19,0,18,0,0,0,0,0,0,1,1,6,3,-1,-1,1753,2,6,-1,-1,-1
2016200065350,2,19,0,3,9,0,0,0,0,0,3,1,5,1,48,8,2496,2,17,4,1,4
2016200065350,3,9,0,18,0,0,0,0,0,0,1,1,1,2,47,8,1995,2,8,4,1,4
2016200065370,1,19,0,4,0,0,0,0,0,0,1,1,6,1,31,6,2184,2,14,2,1,2
2016200065370,2,19,0,4,0,0,0,0,0,0,2,1,6,1,40,7,1248,2,8,1,1,1
2016200065370,3,9,0,4,0,0,0,0,0,0,2,1,6,1,68,10,1395,1,1,4,1,4
2016200065370,4,9,0,4,0,0,0,0,0,0,2,1,6,2,31,6,1242,1,20,9,2,9
2016200065371,1,9,0,9,0,5,0,0,0,0,1,1,6,1,25,5,1796,1,14,1,1,1
2016200065371,2,1,0,18,0,8,0,0,0,0,1,1,6,1,50,8,-1,-1,-1,2,1,2
2016200065379,1,9,0,4,0,0,0,0,0,0,1,1,6,1,20,4,1229,1,5,-1,1,-1
2016200065379,2,9,0,4,0,0,0,0,0,0,1,1,6,2,38,7,2401,2,11,3,1,3
2016200065379,3,9,0,3,0,0,0,0,0,0,2,1,6,2,32,6,1598,1,3,6,1,6
2016200065385,1,11,0,4,0,3,0,4,0,0,0,1,1,1,43,7,9000,2,8,1,1,1
2016200065385,2,9,0,2,0,2,0,0,0,0,0,1,1,2,32,6,1995,2,3,-1,-1,-1
2016200065394,1,9,0,18,0,1,0,0,0,0,1,1,6,2,18,4,998,1,15,5,1,5
2016200065394,2,9,0,10,0,1,0,0,0,0,2,1,6,1,56,9,1798,1,13,2,1,2
2016200065398,1,9,0,18,0,1,0,0,0,0,1,1,6,3,30,6,1995,2,11,-1,-1,-1
2016200065398,2,9,0,3,0,1,0,0,0,0,2,1,6,2,43,7,1086,1,11,2,1,2
2016200065421,1,9,0,9,0,8,0,0,0,0,1,1,6,2,30,6,1986,2,11,2,1,2
2016200065421,2,9,0,18,0,8,0,0,0,0,1,1,5,1,47,8,1199,1,13,1,1,1
2016200065423,1,9,0,4,0,0,0,0,0,0,1,1,6,3,-1,-1,3199,1,16,-1,-1,-1
2016200065432,1,9,0,2,0,0,0,0,0,0,3,1,6,3,-1,-1,998,1,16,-1,-1,-1
2016200065432,2,9,0,18,0,0,0,8,0,0,1,1,6,1,24,5,1686,2,12,7,1,7
2016200065436,1,9,0,11,0,0,0,0,0,0,4,1,6,3,-1,-1,-1,-1,-1,-1,-1,-1
2016200065436,2,1,0,15,0,0,0,0,0,0,1,1,6,1,16,4,-1,-1,-1,2,1,2
2016200065465,1,9,0,9,0,8,0,0,0,0,1,1,6,1,18,4,2494,1,17,6,1,6
2016200065465,2,9,0,9,0,8,0,0,0,0,1,1,6,1,37,7,1796,7,8,3,1,3
2016200065470,1,3,0,17,0,2,0,0,0,0,1,1,2,1,28,6,125,1,1,1,1,1
2016200065470,2,9,0,7,0,1,0,0,0,0,1,1,6,2,20,4,1598,1,13,2,1,2
2016200065471,1,9,0,18,0,3,0,0,0,0,1,1,6,1,21,5,1900,2,10,2,1,2
2016200065473,1,1,0,18,0,8,0,0,0,0,0,1,2,1,24,5,-1,-1,-1,1,1,1
2016200065473,2,9,0,9,0,5,0,0,0,0,2,1,6,3,-1,-1,1598,2,2,-1,-1,-1
2016200065478,1,9,0,3,0,1,0,0,0,0,1,1,6,3,-1,-1,2143,2,4,-1,-1,-1
2016200065478,2,9,0,8,0,1,0,0,0,0,2,1,5,1,20,4,1560,2,7,5,1,5
2016200065480,1,9,0,15,0,2,0,0,0,0,1,1,6,3,-1,-1,-1,-1,-1,-1,-1,-1
2016200065497,1,9,0,5,0,4,0,0,0,0,1,1,5,1,38,7,1956,2,1,6,1,6
2016200065497,2,1,0,17,0,3,0,0,0,0,2,1,5,1,19,4,-1,-1,-1,1,1,1
2016200065506,1,9,0,18,0,3,0,0,0,0,1,1,2,2,36,7,1598,2,4,8,1,8
2016200065506,2,9,0,18,0,3,0,0,0,0,1,1,2,1,30,6,1242,1,13,2,1,2
2016200065506,3,9,0,18,0,3,0,0,0,0,2,1,6,3,-1,-1,-1,-1,-1,-1,-1,-1
2016200065513,1,9,0,16,0,4,0,9,3,1,1,1,6,1,21,5,2204,2,8,3,1,3
2016200065530,1,19,0,18,0,0,0,0,0,0,1,1,1,1,-1,-1,1598,2,2,8,1,8
2016200065530,2,9,0,3,0,0,0,0,0,0,2,1,1,1,27,6,1388,1,4,1,1,1
2016200065543,1,9,0,18,0,0,0,0,0,0,1,1,1,1,53,8,-1,-1,-1,1,1,1
2016200065547,1,9,0,9,0,1,0,0,0,0,2,1,6,2,26,6,1242,1,1,9,1,9
2016200065547,2,3,0,13,0,1,1,0,0,0,1,1,6,1,24,5,125,1,4,1,1,1
2016200065548,1,9,0,18,0,8,0,0,0,0,1,1,6,1,32,6,1769,1,14,1,1,1
2016200065548,2,9,0,18,0,8,0,0,0,0,3,1,6,1,47,8,1598,2,2,1,1,1
2016200065562,1,9,0,18,0,0,0,4,0,0,1,1,6,3,-1,-1,2996,1,9,-1,-1,-1
2016200065562,2,9,0,18,0,0,0,0,0,0,1,1,6,1,52,8,1199,1,16,2,1,2
2016200065562,3,9,0,2,0,0,0,0,0,0,2,1,6,3,-1,-1,-1,-1,-1,-1,-1,-1
2016200065562,4,9,0,2,0,0,0,0,0,0,2,1,6,1,30,6,-1,-1,-1,1,1,1
2016200065562,5,9,0,2,0,0,0,0,0,0,1,1,6,3,-1,-1,-1,-1,-1,-1,-1,-1
2016200065565,1,9,0,4,0,0,0,0,0,0,0,1,6,1,32,6,1995,2,9,1,1,1
2016200065565,2,9,0,18,0,0,0,0,0,0,1,1,6,3,-1,-1,-1,-1,-1,-1,-1,-1
2016200065569,1,1,0,18,0,8,0,0,0,0,2,1,6,1,13,3,-1,-1,-1,1,1,1
2016200065569,2,9,0,18,0,7,0,0,0,0,1,1,6,1,30,6,1499,2,1,3,1,3
2016200065598,1,9,0,18,0,0,0,7,1,0,1,1,6,1,31,6,1596,1,12,2,1,2
2016200065598,2,9,0,2,0,0,0,0,0,0,1,1,5,3,-1,-1,1364,1,9,-1,-1,-1
2016200065598,3,9,0,2,0,0,0,0,0,0,2,1,5,3,-1,-1,1596,1,10,-1,-1,-1
2016200065605,1,9,0,13,0,8,0,10,7,3,1,1,6,1,20,4,1086,1,10,4,1,4
2016200065605,2,9,0,9,0,5,0,0,0,0,3,1,6,1,38,7,1248,1,6,6,1,6
2016200065608,1,9,0,18,0,1,0,10,8,2,3,1,5,1,68,10,1200,1,2,5,1,5
2016200065608,2,9,0,18,0,2,0,0,0,0,1,1,5,1,35,6,1956,2,2,2,1,2
2016200065613,1,9,0,7,0,3,0,0,0,0,1,1,6,1,20,4,1598,2,4,4,1,4
2016200065613,2,1,0,18,0,2,0,0,0,0,1,1,6,1,16,4,-1,-1,-1,2,1,2
2016200065624,1,9,0,18,0,1,0,0,0,0,1,1,4,1,19,4,1199,1,12,6,1,6
2016200065624,2,9,0,18,0,1,0,0,0,0,1,1,2,1,43,7,1364,1,1,5,1,5
2016200065641,1,19,0,18,0,0,0,0,0,0,1,1,6,3,-1,-1,2198,2,5,-1,-1,-1
2016200065641,2,9,0,18,0,0,0,0,0,0,1,1,1,2,26,6,1197,1,2,10,1,10
2016200065641,3,9,0,4,0,0,0,0,0,0,2,1,1,1,25,5,2967,2,3,8,1,8
2016200065643,1,9,0,18,0,1,0,0,0,0,1,1,6,3,-1,-1,1679,1,16,1,1,1
2016200065643,2,9,0,3,0,1,0,0,0,0,2,1,6,1,55,8,1986,1,24,6,1,6
2016200065643,3,9,0,9,0,5,0,0,0,0,2,1,6,1,-1,-1,1590,1,15,5,1,5
2016200065648,1,9,0,14,0,8,0,0,0,0,1,1,6,1,19,4,1248,2,8,3,1,3
2016200065648,2,9,0,9,0,6,0,0,0,0,4,1,6,2,24,5,-1,-1,-1,8,1,8
2016200065650,1,9,0,9,0,1,0,0,0,0,4,1,2,1,71,10,1984,1,9,9,1,9
2016200065650,2,1,0,18,0,1,0,0,0,0,2,1,6,1,16,4,-1,-1,-1,1,1,1
2016200065652,1,9,0,9,0,6,0,0,0,0,3,1,2,1,47,8,1422,2,7,7,1,7
2016200065652,2,9,0,17,0,8,0,0,0,0,1,1,2,2,19,4,998,1,15,4,1,4
2016200065660,1,9,0,9,0,8,0,0,0,0,1,1,6,2,71,10,1296,1,8,5,1,5
2016200065660,2,9,0,18,0,8,0,0,0,0,1,1,6,1,30,6,1998,2,10,1,1,1
2016200065662,1,9,0,3,0,2,0,0,0,0,2,1,5,2,38,7,1598,2,1,1,1,1
2016200065662,2,9,0,4,0,2,0,0,0,0,1,1,5,2,26,6,1229,1,10,5,1,5
2016200065662,3,9,0,4,0,3,0,0,0,0,1,1,5,1,58,9,1997,1,12,8,1,8
2016200065682,1,9,0,9,0,5,0,0,0,0,4,1,2,2,60,9,1242,1,1,10,1,10
2016200065691,1,3,0,18,0,8,0,0,0,0,1,1,6,1,20,4,124,1,3,1,1,1
2016200065691,2,9,0,6,0,6,0,0,0,0,3,1,1,3,-1,-1,1798,1,9,-1,-1,-1
2016200065696,1,9,0,17,0,8,1,0,0,0,1,1,6,3,-1,-1,1124,1,16,-1,-1,-1
2016200065696,2,9,0,9,0,8,0,10,7,1,4,1,6,1,76,11,1242,1,2,2,1,2
2016200065706,1,11,0,18,0,1,0,0,0,0,0,1,1,1,28,6,9000,2,9,1,1,1
2016200065706,2,9,0,3,0,1,0,0,0,0,0,1,3,1,29,6,1248,2,10,1,1,1
2016200065710,1,9,0,9,0,5,0,0,0,0,1,1,1,2,48,8,1596,1,9,3,1,3
2016200065715,1,9,0,18,0,0,0,0,0,0,1,1,6,1,-1,-1,-1,-1,-1,-1,-1,-1
2016200065725,1,9,0,18,0,2,0,0,0,0,1,1,2,1,25,5,998,1,3,8,1,8
2016200065725,2,9,0,18,0,1,0,0,0,0,1,1,1,1,37,7,2231,2,10,2,1,2
2016200065735,1,9,0,7,0,2,0,10,1,0,1,1,6,3,-1,-1,-1,-1,-1,-1,-1,-1
2016200065735,2,5,0,7,0,5,0,10,1,0,2,1,1,1,36,7,675,1,7,3,1,3
2016200065739,1,21,0,2,0,1,0,0,0,0,3,1,6,1,51,8,12902,2,1,4,1,4
2016200065739,2,9,0,17,0,1,0,4,0,0,1,1,6,1,64,9,998,1,9,2,1,2
2016200065757,1,9,0,14,0,1,0,0,0,0,1,1,6,3,-1,-1,1896,2,7,-1,-1,-1
2016200065757,2,9,0,14,0,2,0,0,0,0,1,1,6,2,56,9,-1,-1,-1,1,1,1
2016200065806,1,9,0,18,0,1,0,0,0,0,1,1,6,1,26,6,1497,1,13,1,1,1
2016200065810,1,9,0,18,0,2,0,4,0,0,1,1,6,1,72,10,1560,2,7,8,1,8
2016200065810,2,9,0,2,0,2,0,0,0,0,2,1,6,3,-1,-1,-1,-1,-1,-1,-1,-1
2016200065810,3,9,0,2,0,2,0,0,0,0,2,1,6,3,-1,-1,-1,-1,-1,-1,-1,-1
2016200065810,4,9,0,2,0,2,0,0,0,0,2,1,6,3,-1,-1,-1,-1,-1,-1,-1,-1
2016200065810,5,9,0,2,0,2,0,0,0,0,2,1,6,3,-1,-1,-1,-1,-1,-1,-1,-1
2016200065821,1,3,0,12,0,8,0,0,0,0,1,1,6,1,20,4,125,1,1,1,1,1
2016200065821,2,9,0,18,0,8,0,0,0,0,4,1,6,2,48,8,1598,2,-1,1,1,1
2016200065830,1,9,0,18,0,0,0,0,0,0,1,1,6,3,-1,-1,1248,2,8,-1,-1,-1
2016200065830,2,19,0,18,0,0,0,4,0,0,1,1,1,1,45,7,2198,2,6,4,1,4
2016200065830,3,9,0,2,6,0,0,0,0,0,3,1,6,1,-1,-1,1968,2,10,-1,-1,-1
2016200065873,1,9,0,18,0,3,1,9,1,4,3,1,6,1,18,4,1493,1,16,1,1,1
2016200065886,1,9,0,18,0,0,0,0,0,0,0,1,6,1,56,9,1499,2,2,-1,-1,-1
2016200065886,2,9,0,3,0,0,0,0,0,0,0,1,6,1,20,4,-1,-1,-1,9,1,9
2016200065894,1,19,0,18,0,0,0,0,0,0,1,1,6,1,60,9,2446,2,17,1,1,1
2016200065894,2,9,0,4,0,0,0,0,0,0,2,1,6,2,37,7,1560,2,1,1,1,1
2016200065898,1,9,0,18,0,1,1,0,0,0,1,1,6,3,-1,-1,-1,-1,-1,-1,-1,-1
2016200065900,1,9,0,9,0,6,0,0,0,0,3,1,6,3,-1,-1,1995,2,11,-1,-1,-1
2016200065900,2,9,0,18,0,8,0,0,0,0,1,1,6,1,42,7,1598,1,8,1,1,1
2016200065962,1,9,0,18,0,0,0,0,0,0,1,1,6,3,-1,-1,-1,-1,-1,-1,-1,-1
2016200065962,2,9,0,18,0,0,0,0,0,0,2,1,6,1,31,6,1995,2,4,1,1,1
2016200065984,1,9,0,9,0,5,0,0,0,0,3,1,6,2,27,6,999,1,-1,2,1,2
2016200065984,2,9,0,13,0,8,0,0,0,0,1,1,6,1,-1,-1,1598,1,13,7,1,7
2016200065993,1,2,0,18,0,0,0,0,0,0,1,1,6,1,26,6,-1,-1,-1,2,1,2
2016200065993,2,9,0,2,9,0,0,0,0,0,1,1,6,1,-1,-1,1796,1,14,3,1,3
2016200066010,1,19,0,9,0,1,0,0,7,7,4,1,1,1,64,9,1968,2,11,1,1,1
2016200066010,2,9,0,18,0,2,0,0,7,7,1,1,6,3,-1,-1,1995,2,12,-1,-1,-1
2016200066158,1,9,0,18,0,1,2,10,7,11,1,1,6,1,31,6,1242,1,11,-1,-1,-1
2016200066158,2,9,0,18,0,1,0,0,0,0,0,1,1,1,-1,-1,1956,2,3,-1,-1,-1
2016200066230,1,9,0,4,0,0,0,0,0,0,0,1,6,1,20,4,1995,2,4,4,1,4
2016200066265,1,5,0,18,0,8,0,0,0,0,1,1,6,1,56,9,955,1,14,5,1,5
2016200066265,2,9,0,9,0,5,0,0,0,0,2,1,6,1,26,6,1360,1,15,1,1,1
2016200066288,1,9,0,18,0,1,0,0,0,0,3,1,6,1,28,6,-1,-1,-1,1,1,1
2016200066288,2,9,0,7,0,5,1,0,0,0,1,1,6,3,-1,-1,-1,-1,-1,-1,-1,-1
2016200066309,1,3,0,18,0,0,1,0,0,0,1,1,1,1,30,6,125,1,11,1,1,1
2016200066309,2,9,0,6,0,0,0,0,0,0,3,1,1,1,29,6,1299,1,13,1,1,1
2016200066458,1,9,0,18,0,4,1,0,0,0,1,1,6,1,19,4,1896,2,12,2,1,2
2016200066458,2,11,0,18,0,8,0,0,0,0,4,1,1,1,53,8,8268,2,12,2,1,2
2016200066505,1,9,0,18,0,0,1,10,1,0,3,1,6,1,27,6,1686,2,6,2,1,2
2016200066548,1,9,0,18,0,0,0,0,0,0,1,1,6,2,27,6,1395,1,-1,2,1,2
2016200066712,1,9,0,4,0,0,0,0,0,0,-1,1,6,1,46,8,1248,2,7,2,1,2
2016200066712,2,9,0,4,0,0,0,0,0,0,-1,1,6,2,24,5,998,1,4,10,1,10
2016200066712,3,9,0,4,0,0,0,0,0,0,1,1,6,2,25,5,1598,1,5,9,1,9
2016200066712,4,9,0,4,0,0,0,0,0,0,2,1,6,1,57,9,2967,1,6,3,1,3
2016200066791,1,9,0,18,0,1,0,4,0,0,1,1,6,2,53,8,1198,1,8,1,1,1
2016200066791,2,9,0,18,0,2,0,0,0,0,1,1,6,1,-1,-1,2204,2,10,-1,-1,-1
2016200066791,3,9,0,2,0,1,0,0,0,0,1,1,6,1,21,5,1560,2,10,8,1,8
2016200066889,1,9,0,18,0,0,0,4,0,0,1,1,6,1,-1,-1,2179,2,6,-1,-1,-1
2016200066889,2,9,0,2,0,0,0,0,0,0,1,1,6,3,-1,-1,1896,2,13,-1,-1,-1
2016200066899,1,9,0,18,0,0,0,0,0,0,1,1,6,1,72,10,1796,7,14,-1,-1,-1
2016200066899,2,1,0,18,0,0,0,0,0,0,3,1,6,1,33,6,-1,-1,-1,-1,-1,-1
2016200066922,1,9,0,18,0,8,0,0,0,0,1,1,2,1,34,6,2993,2,9,2,1,2
2016200066922,2,9,0,9,0,5,0,7,1,6,4,1,2,2,25,5,2148,2,11,8,1,8
2016200067028,1,9,0,17,0,0,1,10,2,0,-1,1,6,1,25,5,-1,-1,-1,1,1,1
2016200067028,2,9,0,17,0,0,0,0,0,0,0,1,6,1,-1,-1,1968,2,3,5,1,5
2016200067028,3,9,0,18,0,0,0,0,0,0,-1,1,6,2,24,5,1587,1,13,1,1,1
2016200067028,4,9,0,18,0,0,0,0,0,0,1,1,6,1,48,8,1149,1,12,-1,-1,-1
2016200067028,5,9,0,18,0,0,0,0,0,0,2,1,6,1,-1,-1,-1,-1,-1,1,1,1
2016200067060,1,9,0,18,0,2,0,10,1,3,1,1,6,1,40,7,1598,1,5,8,1,8
2016200067060,2,9,0,9,0,5,0,0,0,0,0,1,6,1,23,5,1587,1,11,1,1,1
2016200067062,1,9,0,18,0,0,0,4,0,0,1,1,6,1,31,6,1997,1,6,5,1,5
2016200067062,2,9,0,2,0,0,0,4,1,0,2,1,6,2,46,8,1587,1,12,2,1,2
2016200067062,3,9,0,2,0,0,0,4,0,0,2,1,6,2,38,7,-1,-1,-1,2,1,2
2016200067062,4,9,0,2,0,0,0,0,0,0,2,1,6,1,54,8,1796,1,15,2,1,2
2016200067111,1,9,0,5,0,1,0,0,0,0,4,1,2,2,45,7,1797,8,5,10,2,10
2016200067111,2,1,0,5,0,1,0,0,0,0,3,1,2,1,44,7,-1,-1,-1,2,1,2
2016200067119,1,5,0,7,0,3,0,0,0,0,4,1,6,1,23,5,1854,1,7,3,1,3
2016200067119,2,9,0,9,0,8,0,0,0,0,1,1,6,1,19,4,1598,1,2,2,1,2
2016200067221,1,9,0,2,0,8,0,0,0,0,0,1,6,1,27,6,1870,2,11,1,1,1
2016200067221,2,9,0,18,0,8,0,0,0,0,0,1,6,2,-1,-1,1397,1,13,2,1,2
2016200067227,1,9,0,9,0,6,0,0,0,0,3,1,6,1,-1,-1,2143,2,6,6,2,6
2016200067227,2,9,0,9,0,8,0,0,0,0,1,1,6,2,22,5,1398,1,6,3,1,3
2016200067232,1,9,0,17,0,4,0,0,0,0,3,1,6,3,-1,-1,-1,-1,-1,-1,-1,-1
2016200067232,2,9,0,7,0,3,0,0,0,0,4,1,6,2,47,8,2656,1,11,1,1,1
2016200067238,1,9,0,18,0,0,0,0,0,0,4,1,6,2,30,6,1124,1,16,2,1,2
2016200067238,2,1,0,18,0,0,0,0,0,0,3,1,2,1,30,6,-1,-1,-1,3,1,3
2016200067243,1,9,0,14,0,1,0,0,0,0,1,1,6,1,23,5,1984,1,5,3,1,3
2016200067263,1,9,0,9,0,6,0,0,0,0,0,1,6,1,30,6,1124,1,12,3,1,3
2016200067263,2,3,0,18,0,8,1,0,0,0,0,1,5,1,40,7,125,1,11,1,1,1
2016200067282,1,9,0,18,0,2,0,0,0,0,1,1,2,2,45,7,1368,1,5,8,1,8
2016200067296,1,9,0,5,0,0,0,0,0,0,4,1,6,1,21,5,1598,1,16,1,1,1
2016200067296,2,9,0,18,0,0,0,0,0,0,3,1,6,2,37,7,1598,1,7,1,1,1
2016200067298,1,9,0,9,0,5,0,0,0,0,1,1,6,1,46,8,998,1,12,1,1,1
2016200067298,2,9,0,9,0,8,0,0,0,0,1,1,6,1,34,6,-1,-1,-1,2,1,2
2016200067329,1,9,0,1,9,6,0,0,0,0,2,1,6,1,30,6,1896,2,11,-1,-1,-1
2016200067344,1,9,0,18,0,0,0,0,0,0,3,1,6,3,-1,-1,2698,2,10,-1,-1,-1
2016200067344,2,11,0,18,0,0,0,0,0,0,3,1,1,1,49,8,4461,2,4,1,1,1
2016200067382,1,9,0,18,0,6,0,0,0,0,1,1,6,2,21,5,-1,-1,-1,4,1,4
2016200067382,2,9,0,18,0,8,0,4,0,0,1,1,1,1,32,6,2148,2,11,1,1,1
2016200067382,3,9,0,2,0,2,0,0,0,0,1,1,6,3,-1,-1,1794,1,13,-1,-1,-1
2016200067385,1,9,0,18,0,1,0,0,0,0,4,1,5,1,65,9,2993,2,1,8,1,8
2016200067403,1,1,0,18,0,8,0,0,0,0,4,1,6,1,11,3,-1,-1,-1,5,1,5
2016200067403,2,9,0,18,0,8,0,0,0,0,1,1,6,2,30,6,1997,2,15,5,1,5
2016200067410,1,9,0,5,0,2,0,0,0,0,1,1,1,1,22,5,1598,1,11,9,1,9
2016200067410,2,9,0,18,0,2,0,0,0,0,2,1,6,2,26,6,1596,1,1,4,1,4
2016200067410,3,9,0,18,0,2,0,0,0,0,2,1,6,2,66,10,2143,2,2,5,3,5
2016200067421,1,9,0,9,0,6,0,0,0,0,1,1,1,2,61,9,1108,1,7,3,1,3
2016200067421,2,9,0,18,0,1,0,10,7,11,1,1,5,1,23,5,1598,1,9,3,1,3
2016200067460,1,9,0,1,0,0,0,4,0,0,2,1,6,3,-1,-1,998,1,2,-1,-1,-1
2016200067460,2,8,0,2,0,0,0,0,0,0,1,1,2,1,51,8,2664,2,15,5,1,5
2016200067469,1,8,0,4,0,0,0,0,0,0,1,1,1,3,-1,-1,1995,2,10,-1,-1,-1
2016200067469,2,8,0,3,0,0,0,0,0,0,2,1,6,3,-1,-1,-1,-1,-1,-1,-1,-1
2016200067500,1,9,0,9,0,8,0,0,0,0,3,1,2,1,49,8,1796,1,5,1,1,1
2016200067500,2,3,0,18,0,8,0,0,0,0,3,1,2,1,31,6,124,1,-1,1,1,1
2016200067510,1,9,0,5,0,8,0,0,0,0,3,1,6,2,37,7,1968,2,11,-1,-1,-1
2016200067510,2,9,0,5,0,8,0,0,0,0,0,1,6,2,46,8,2268,2,2,10,1,10
2016200067517,1,1,0,3,9,8,0,0,0,0,4,1,1,1,39,7,-1,-1,-1,1,1,1
2016200067517,2,9,0,18,9,8,0,0,0,0,1,1,1,1,55,8,1951,2,15,5,1,5
2016200067531,1,9,0,18,0,0,0,0,0,0,1,1,6,1,-1,-1,998,1,15,-1,-1,-1
2016200067572,1,11,0,9,0,3,0,0,0,0,1,1,1,1,39,7,8268,2,15,1,1,1
2016200067572,2,1,0,18,0,3,1,0,0,0,4,1,6,1,26,6,-1,-1,-1,2,1,2
2016200067578,1,9,0,18,0,1,0,0,0,0,1,1,6,1,-1,-1,2148,2,10,1,1,1
2016200067578,2,8,0,10,0,1,0,0,0,0,2,1,1,1,-1,-1,1596,1,8,2,1,2
2016200067613,1,9,0,5,0,0,0,0,0,0,0,1,6,1,49,8,2362,1,16,1,1,1
2016200067613,2,9,0,18,0,0,0,0,0,0,2,1,1,3,-1,-1,-1,-1,-1,-1,-1,-1
2016200067614,1,9,0,14,0,0,0,0,0,0,4,1,6,3,-1,-1,-1,-1,-1,-1,-1,-1
2016200067626,1,9,0,9,0,6,1,4,0,0,1,1,6,2,20,4,1197,1,2,10,1,10
2016200067626,2,9,0,2,0,8,0,4,0,0,4,1,6,3,-1,-1,1149,1,13,-1,-1,-1
2016200067626,3,9,0,2,0,8,0,0,0,0,4,1,6,3,-1,-1,1595,1,10,-1,-1,-1
2016200067629,1,9,0,15,0,0,0,0,0,0,1,1,6,3,-1,-1,1997,2,13,-1,-1,-1
2016200067629,2,9,0,18,0,0,0,0,0,0,2,1,6,2,63,9,1796,2,3,4,1,4
2016200067629,3,9,0,18,0,0,0,0,0,0,2,1,6,1,51,8,-1,-1,-1,-1,-1,-1
2016200067663,1,9,0,13,0,0,0,0,0,0,1,1,5,1,30,6,1388,1,2,1,1,1
2016200067663,2,9,0,18,0,0,0,0,0,0,2,1,5,1,56,9,3628,2,7,4,1,4
2016200067670,1,9,0,18,0,0,0,0,0,0,2,1,6,1,57,9,-1,-1,-1,7,1,7
2016200067670,2,9,0,18,0,0,2,0,0,0,3,1,6,1,49,8,-1,-1,-1,-1,-1,-1
2016200067670,3,9,0,18,0,0,0,0,0,0,1,1,6,1,32,6,-1,-1,-1,7,1,7
2016200067670,4,9,0,18,0,0,0,0,0,0,-1,1,6,3,-1,-1,-1,-1,-1,-1,-1,-1
2016200067682,1,9,0,9,0,5,0,0,0,0,1,1,6,2,-1,-1,2993,2,3,3,1,3
2016200067682,2,9,0,18,0,8,0,0,0,0,1,1,6,1,33,6,1798,1,1,1,1,1
2016200067683,1,9,0,3,0,1,0,0,0,0,2,1,6,2,56,9,998,1,6,1,1,1
2016200067683,2,9,0,4,0,1,0,0,0,0,2,1,6,1,-1,-1,-1,-1,-1,-1,-1,-1