Accident_Index,Vehicle_Reference,Vehicle_Type,Towing_and_Articulation,Vehicle_Manoeuvre,Vehicle_Location-Restricted_Lane,Junction_Location,Skidding_and_Overturning,Hit_Object_in_Carriageway,Vehicle_Leaving_Carriageway,Hit_Object_off_Carriageway,1st_Point_of_Impact,Was_Vehicle_Left_Hand_Drive?,Journey_Purpose_of_Driver,Sex_of_Driver,Age_of_Driver,Age_Band_of_Driver,Engine_Capacity_(CC),Propulsion_Code,Age_of_Vehicle,Driver_IMD_Decile,Driver_Home_Area_Type,Vehicle_IMD_Decile
2016200067684,1,21,0,18,0,8,0,0,0,0,4,1,1,1,42,7,5900,2,9,1,1,1
2016200067684,2,9,0,18,0,8,0,0,0,0,1,1,1,1,57,9,-1,-1,-1,1,1,1
2016200067703,1,9,0,9,0,5,0,0,0,0,1,1,6,3,-1,-1,1596,1,11,-1,-1,-1
2016200067703,2,9,0,4,0,1,0,0,0,0,1,1,2,2,23,5,1229,1,2,1,1,1
2016200067753,1,9,0,18,0,0,0,0,0,0,1,1,6,2,35,6,1968,2,4,1,1,1
2016200067755,1,9,0,18,0,0,0,0,0,0,1,1,6,2,40,7,1349,1,4,5,1,5
2016200067761,1,8,0,18,0,0,0,0,0,0,3,1,1,1,51,8,1997,2,6,1,1,1
2016200067762,1,5,0,13,0,8,2,0,1,0,2,1,2,1,47,8,1052,1,17,3,1,3
2016200067762,2,9,0,9,0,5,0,0,0,0,1,1,2,1,45,7,1796,1,13,3,1,3
2016200067762,3,9,0,1,0,6,0,0,0,0,1,1,6,2,33,6,1995,2,6,6,1,6
2016200067766,1,9,0,15,0,1,1,10,2,0,1,1,6,3,-1,-1,1324,1,17,-1,-1,-1
2016200067768,1,9,0,18,0,1,0,0,0,0,0,1,6,3,30,6,1968,2,7,-1,-1,-1
2016200067768,2,3,0,7,0,2,1,0,0,0,0,1,1,1,34,6,124,1,4,3,1,3
2016200067772,1,9,0,16,0,0,0,0,0,0,1,1,6,3,-1,-1,-1,-1,-1,-1,-1,-1
2016200067772,2,1,0,18,0,0,5,0,0,0,2,1,6,1,11,3,-1,-1,-1,1,1,1
2016200067783,1,8,0,9,0,6,0,0,0,0,1,1,1,1,39,7,2997,1,13,5,1,5
2016200067783,2,9,0,18,0,8,0,0,0,0,1,1,6,1,-1,-1,1995,2,5,5,1,5
2016200067785,1,3,0,5,8,0,0,0,1,10,4,1,6,1,19,4,124,1,3,7,1,7
2016200067814,1,9,0,18,0,0,0,0,0,0,1,1,5,1,30,6,1598,1,15,1,1,1
2016200067838,1,9,0,18,0,0,0,0,0,0,4,1,6,1,63,9,2967,2,1,3,1,3
2016200067847,1,9,0,5,0,0,1,10,1,11,1,1,6,1,22,5,1997,1,16,2,1,2
2016200067850,1,9,0,11,0,0,0,0,1,0,1,1,6,3,-1,-1,1896,2,12,-1,-1,-1
2016200067850,2,9,0,11,0,0,0,0,0,0,2,1,6,1,19,4,1968,2,1,2,1,2
2016200067860,1,9,0,9,0,2,0,0,0,0,1,1,6,1,23,5,1753,2,13,1,1,1
2016200067860,2,9,0,9,0,2,0,0,0,0,2,1,6,1,69,10,1390,1,11,9,1,9
2016200067860,3,9,0,3,0,2,0,0,0,0,2,1,6,1,50,8,1229,1,10,1,1,1
2016200067865,1,9,0,18,0,1,0,10,1,0,3,1,6,1,78,11,-1,-1,-1,6,1,6
2016200067865,2,9,0,18,0,1,0,0,0,0,2,1,6,1,36,7,1598,1,3,3,1,3
2016200067885,1,9,0,9,0,6,1,0,0,0,3,1,6,3,-1,-1,-1,-1,-1,-1,-1,-1
2016200067885,2,9,0,18,0,8,0,0,0,0,3,1,6,2,35,6,1591,1,8,1,1,1
2016200067898,1,3,0,18,0,8,1,0,0,0,0,1,6,1,25,5,124,1,1,2,1,2
2016200067898,2,9,0,9,0,6,0,0,0,0,0,1,6,1,-1,-1,995,1,11,2,1,2
2016200067901,1,9,0,11,0,1,0,10,1,0,1,1,6,3,-1,-1,1590,1,11,-1,-1,-1
2016200067901,2,1,0,15,0,1,0,0,1,0,3,1,1,1,24,5,-1,-1,-1,2,1,2
2016200067928,1,9,0,18,0,4,0,0,0,0,3,1,6,1,21,5,1896,2,10,1,1,1
2016200067928,2,3,0,18,0,3,0,0,0,0,1,1,2,1,33,6,124,1,8,1,1,1
2016200067941,1,19,0,9,0,6,0,0,0,0,3,1,1,1,63,9,1560,2,1,9,1,9
2016200067942,1,9,0,7,0,2,0,0,0,0,1,1,6,3,-1,-1,-1,-1,-1,-1,-1,-1
2016200067942,2,1,0,18,0,1,0,0,0,0,1,1,6,1,34,6,-1,-1,-1,1,1,1
2016200067950,1,9,0,5,0,6,0,10,3,7,1,1,6,2,20,4,1560,2,1,1,1,1
2016200067958,1,3,0,9,0,5,0,0,0,0,3,1,6,1,25,5,124,1,3,2,1,2
2016200067958,2,9,0,13,0,8,0,0,0,0,4,1,6,1,-1,-1,1686,2,11,6,1,6
2016200067966,1,9,0,12,0,0,0,0,0,0,1,1,6,1,22,5,2204,2,10,1,1,1
2016200067966,2,9,0,18,0,0,0,0,0,0,4,1,2,1,49,8,1798,1,4,1,1,1
2016200067971,1,9,0,5,0,6,0,0,0,0,1,1,6,1,33,6,1560,2,4,5,1,5
2016200067971,2,3,0,14,0,8,0,0,0,0,1,1,6,1,30,6,124,1,3,1,1,1
2016200067985,1,9,0,7,0,5,0,0,0,0,1,1,6,2,44,7,1598,1,17,2,1,2
2016200067989,1,9,0,18,0,3,0,7,6,0,1,1,5,2,57,9,1149,1,7,6,1,6
2016200067989,2,9,0,4,0,1,0,0,0,0,1,1,2,1,55,8,2199,2,3,5,1,5
2016200067991,1,9,0,17,0,0,2,0,1,0,1,1,6,1,47,8,1783,1,15,-1,1,-1
2016200067991,2,98,1,13,0,0,0,0,0,0,4,1,6,1,43,7,-1,-1,-1,-1,-1,-1
2016200067994,1,3,0,3,0,0,0,0,0,0,1,1,6,1,18,4,124,1,8,1,1,1
2016200067994,2,19,0,1,0,0,0,0,0,0,2,1,6,3,-1,-1,2496,2,17,-1,-1,-1
2016200068013,1,9,0,5,0,0,0,0,0,0,2,1,6,2,36,7,1796,1,5,3,1,3
2016200068016,1,9,0,5,0,1,0,0,0,0,2,1,6,1,31,6,1968,2,6,1,1,1
2016200068016,2,9,0,18,0,1,0,0,0,0,1,1,6,1,-1,-1,1896,2,15,1,1,1
2016200068023,1,9,0,12,0,0,0,0,0,0,3,1,6,1,-1,-1,1198,1,10,1,1,1
2016200068023,2,9,0,18,0,0,0,0,0,0,4,1,1,2,24,5,1598,2,4,1,1,1
2016200068028,1,9,0,18,0,6,0,0,0,0,1,1,6,3,-1,-1,1984,1,8,-1,-1,-1
2016200068028,2,9,0,18,0,8,5,0,0,0,3,1,6,2,47,8,1995,2,13,7,2,7
2016200068028,3,9,0,3,0,8,0,0,0,0,4,1,6,1,23,5,2979,1,2,1,1,1
2016200068044,1,9,0,4,0,0,0,0,0,0,1,1,1,2,56,9,1349,1,7,2,1,2
2016200068044,2,19,0,4,0,0,0,0,0,0,2,1,1,1,37,7,2198,2,2,4,1,4
2016200068047,1,9,0,14,0,2,0,0,0,0,4,1,6,2,18,4,1229,1,1,1,1,1
2016200068047,2,1,0,18,0,2,0,0,0,0,1,1,6,2,10,2,-1,-1,-1,2,1,2
2016200068055,1,9,0,18,0,1,0,0,0,0,0,1,1,1,-1,-1,-1,-1,-1,-1,-1,-1
2016200068065,1,9,0,18,0,0,0,0,0,0,1,1,6,3,-1,-1,-1,-1,-1,-1,-1,-1
2016200068083,1,9,0,18,0,4,0,0,0,0,1,1,6,2,49,8,1198,1,1,1,1,1
2016200068083,2,1,0,18,0,4,0,0,0,0,1,1,6,1,55,8,-1,-1,-1,9,1,9
2016200068090,1,9,0,1,0,6,0,0,0,0,2,1,6,1,-1,-1,1762,1,19,2,1,2
2016200068090,2,9,0,18,0,8,0,0,0,0,4,1,2,2,58,9,1997,2,5,-1,-1,-1
2016200068091,1,9,0,18,0,0,0,0,0,0,0,1,2,2,24,5,1242,1,1,5,1,5
2016200068091,2,9,0,18,0,0,0,0,0,0,2,1,6,3,-1,-1,-1,-1,-1,-1,-1,-1
2016200068104,1,3,0,4,0,0,0,0,0,0,1,1,2,1,48,8,125,1,1,3,1,3
2016200068104,2,9,0,3,0,0,0,0,0,0,2,1,2,2,45,7,1388,1,11,9,1,9
2016200068114,1,9,0,9,0,8,0,0,0,0,4,1,6,1,58,9,1870,2,9,3,1,3
2016200068114,2,23,0,18,0,8,0,0,0,0,1,1,6,1,45,7,125,1,1,2,1,2
2016200068118,1,11,0,18,0,8,0,0,0,0,0,1,6,3,-1,-1,9000,2,9,-1,-1,-1
2016200068118,2,9,0,9,0,6,0,0,0,0,0,1,6,3,-1,-1,1461,2,4,-1,-1,-1
2016200068121,1,9,0,7,0,6,0,0,0,0,1,1,5,1,20,4,1799,1,11,2,1,2
2016200068121,2,9,0,18,0,8,0,10,4,0,4,1,5,2,22,5,1995,2,4,6,1,6
2016200068123,1,9,0,18,0,4,0,0,3,11,1,1,6,1,77,11,2143,2,4,6,3,6
2016200068159,1,9,0,18,0,1,0,0,0,0,1,1,6,1,26,6,2720,2,8,5,1,5
2016200068159,2,9,0,8,0,1,0,0,0,0,2,1,6,2,22,5,1364,2,1,3,1,3
2016200068233,1,9,0,1,0,0,0,0,0,0,2,1,6,3,-1,-1,1598,1,11,-1,-1,-1
2016200068233,2,1,0,18,0,0,0,0,0,0,1,1,4,1,15,3,-1,-1,-1,2,1,2
2016200068245,1,9,0,14,0,0,0,0,0,0,1,1,6,1,67,10,1368,1,9,1,1,1
2016200068268,1,5,0,13,0,8,0,0,0,0,1,1,6,1,34,6,749,1,8,2,1,2
2016200068268,2,9,0,9,0,5,0,0,0,0,3,1,6,1,21,5,1596,1,9,6,1,6
2016200068375,1,9,0,11,0,0,0,0,0,0,2,1,6,2,29,6,1149,1,13,8,1,8
2016200068375,2,9,0,11,0,0,0,0,0,0,1,1,6,1,39,7,-1,-1,-1,-1,-1,-1
2016200068375,3,9,0,11,0,0,0,0,0,0,1,1,6,1,56,9,1598,2,1,10,1,10
2016200068486,1,9,0,18,0,8,0,4,0,0,1,1,2,1,25,5,1984,1,9,1,1,1
2016200068486,2,9,0,9,0,6,0,0,0,0,1,1,3,2,39,7,1596,1,13,1,1,1
2016200068486,3,9,0,2,0,2,0,0,0,0,4,1,6,1,28,6,1598,1,8,5,1,5
2016200068507,1,11,0,4,0,0,0,0,0,0,3,1,1,1,-1,-1,3900,2,13,2,1,2
2016200068507,2,9,0,14,0,0,0,0,0,0,4,1,1,1,32,6,-1,-1,-1,3,1,3
2016200068507,3,9,0,18,0,0,0,0,0,0,1,1,6,2,22,5,1229,1,8,1,1,1
2016200068515,1,9,0,18,0,0,0,0,1,0,1,1,6,1,38,7,-1,-1,-1,4,1,4
2016200068538,1,9,0,18,0,0,5,4,0,0,1,1,6,1,78,11,1332,1,18,8,1,8
2016200068538,2,9,0,2,0,0,0,4,0,0,2,1,6,2,-1,-1,1299,1,18,1,1,1
2016200068538,3,9,0,2,0,0,0,0,0,0,2,1,6,1,-1,-1,1597,1,20,1,1,1
2016200068568,1,9,0,5,0,2,0,0,0,0,3,1,6,3,-1,-1,1686,2,11,-1,-1,-1
2016200068568,2,23,0,7,0,1,0,0,0,0,3,1,2,1,48,8,-1,-1,-1,2,1,2
2016200068692,1,9,0,17,0,1,0,10,1,4,4,1,6,1,28,6,1199,1,12,1,1,1
2016200068715,1,9,0,9,0,0,0,10,0,0,4,1,6,1,29,6,2720,2,10,8,1,8
2016200068715,2,98,1,18,0,0,3,10,1,0,1,1,6,1,43,7,-1,-1,-1,-1,-1,-1
2016200068723,1,9,0,9,0,6,0,0,0,0,3,1,6,2,32,6,-1,-1,-1,2,1,2
2016200068723,2,3,0,18,0,8,0,0,0,0,1,1,2,1,36,7,125,1,-1,-1,-1,-1
2016200068777,1,3,0,13,0,1,0,0,7,0,4,1,6,1,18,4,124,1,-1,1,1,1
2016200068777,2,9,0,9,0,6,0,0,0,0,1,1,6,2,80,11,1499,1,-1,9,1,9
2016200068789,1,9,0,18,0,8,0,0,0,0,1,1,6,1,35,6,2979,1,14,-1,-1,-1
2016200068789,2,9,0,9,0,6,0,0,0,0,1,1,6,1,44,7,1598,1,6,6,1,6
2016200068860,1,9,0,18,0,6,0,0,7,10,3,1,6,1,20,4,1364,1,2,1,1,1
2016200068860,2,9,0,18,0,8,0,0,0,0,1,1,6,2,30,6,1364,1,12,1,1,1
2016200069043,1,9,0,18,0,8,1,0,0,0,1,1,6,1,21,5,1984,1,7,9,2,9
2016200069043,2,9,0,18,0,8,1,10,1,4,1,1,6,1,20,4,1995,2,-1,6,1,6
2016200069115,1,9,0,5,0,1,0,0,0,0,1,1,6,3,-1,-1,-1,-1,-1,-1,-1,-1
2016200069176,1,9,0,18,0,0,5,10,2,10,4,1,6,2,32,6,1496,2,-1,9,3,9
2016200069176,2,9,0,18,0,0,0,0,0,0,0,1,6,3,-1,-1,-1,-1,-1,-1,-1,-1
2016200069235,1,9,0,18,0,0,0,0,0,0,1,1,1,1,55,8,1461,2,4,10,1,10
2016200069235,2,5,0,18,0,0,0,0,0,0,2,1,6,1,30,6,599,1,7,1,1,1
2016200069235,3,9,0,18,0,0,0,0,0,0,0,1,1,1,-1,-1,1461,2,1,-1,-1,-1
2016200069235,4,9,0,18,0,0,0,0,0,0,0,1,6,3,-1,-1,-1,-1,-1,-1,-1,-1
2016200069335,1,9,0,3,0,0,0,0,0,0,2,1,6,2,26,6,1390,1,2,8,1,8
2016200069335,2,9,0,18,0,0,0,0,0,0,1,1,6,3,-1,-1,1799,1,8,-1,-1,-1
2016200069448,1,9,0,18,0,0,0,10,7,11,3,1,6,2,23,5,1197,1,1,5,1,5
2016200069449,1,9,0,5,0,6,0,0,0,0,4,1,5,2,67,10,1242,1,4,6,1,6
2016200069449,2,9,0,18,0,8,0,0,1,0,1,1,1,2,43,7,-1,-1,-1,1,1,1
2016200069458,1,9,0,9,0,6,0,0,0,0,3,1,2,2,26,6,-1,-1,-1,3,1,3
2016200069458,2,9,0,18,0,8,0,0,0,0,1,1,6,1,73,10,1997,2,12,5,1,5
2016200069478,1,9,0,18,0,8,0,0,0,0,1,1,6,3,-1,-1,1797,1,18,-1,-1,-1
2016200069478,2,9,0,18,0,8,0,0,0,0,3,1,6,1,25,5,2204,2,10,6,1,6
2016200069478,3,9,0,18,0,1,0,0,0,0,0,1,1,1,-1,-1,2993,2,2,1,1,1
2016200069490,1,9,0,18,0,2,0,0,0,0,1,1,6,1,-1,-1,-1,-1,-1,-1,-1,-1
2016200069490,2,1,0,18,0,2,0,0,0,0,1,1,6,1,32,6,-1,-1,-1,1,1,1
2016200069517,1,9,0,9,0,6,0,0,7,11,1,1,6,3,-1,-1,2499,2,14,-1,-1,-1
2016200069528,1,19,0,1,0,2,0,0,0,0,2,1,6,1,-1,-1,1248,2,10,-1,-1,-1
2016200069558,1,9,0,18,0,3,0,0,0,0,1,1,6,3,-1,-1,1968,2,8,-1,-1,-1
2016200069558,2,9,0,3,0,1,0,0,0,0,1,1,6,2,55,8,2926,2,17,6,1,6
2016200069573,1,19,0,18,0,1,0,0,0,0,1,1,6,2,37,7,2198,2,3,9,1,9
2016200069573,2,9,0,7,0,1,0,0,0,0,2,1,6,1,45,7,1998,1,5,5,1,5
2016200069576,1,9,0,16,0,4,0,0,0,0,1,1,6,3,-1,-1,-1,-1,-1,-1,-1,-1
2016200069576,2,9,0,7,0,3,0,0,0,0,4,1,6,2,31,6,1299,1,13,3,1,3
2016200069593,1,9,0,18,0,1,0,0,0,0,1,1,5,2,45,7,2993,2,8,2,2,2
2016200069593,2,9,0,9,0,1,0,0,0,0,2,1,5,1,64,9,1124,1,14,1,1,1
2016200069612,1,9,0,5,0,1,0,0,0,0,1,1,6,3,-1,-1,-1,-1,-1,-1,-1,-1
2016200069612,2,9,0,3,0,1,0,0,0,0,2,1,6,2,33,6,1796,1,9,1,1,1
2016200069621,1,9,0,9,0,6,0,0,1,11,1,1,6,1,22,5,1000,1,16,4,1,4
2016200069621,2,9,0,9,0,6,0,0,0,0,0,1,1,1,47,8,1968,2,4,1,1,1
2016200069645,1,9,0,9,0,2,0,0,0,0,3,1,1,1,46,8,1997,2,7,2,1,2
2016200069649,1,9,0,18,0,4,0,0,0,0,1,1,6,1,44,7,1339,1,10,2,1,2
2016200069649,2,9,0,18,0,8,0,0,0,0,3,1,6,1,54,8,1796,1,12,1,1,1
2016200069682,1,9,0,4,0,1,0,0,0,0,1,1,2,1,56,9,1364,2,9,10,1,10
2016200069686,1,9,0,18,0,8,0,0,1,0,1,1,6,2,32,6,1389,1,13,3,1,3
2016200069686,2,9,0,9,0,8,0,0,0,0,1,1,6,1,33,6,1560,2,2,-1,3,-1
2016200069698,1,9,0,18,0,0,0,0,0,0,1,1,6,1,54,8,1796,1,2,7,1,7
2016200069716,1,9,0,2,9,0,0,0,0,0,3,1,1,1,53,8,-1,-1,-1,4,1,4
2016200069716,2,1,0,18,9,0,0,8,0,0,1,1,2,1,20,4,-1,-1,-1,4,1,4
2016200069728,1,19,0,18,0,6,5,0,0,0,2,1,1,1,36,7,1598,2,1,-1,-1,-1
2016200069728,2,9,0,18,0,8,1,0,0,0,1,1,1,2,58,9,1198,1,13,10,2,10
2016200069738,1,9,0,18,0,0,0,0,0,0,3,1,6,2,38,7,1596,1,10,1,1,1
2016200069741,1,1,0,5,0,4,0,0,0,0,1,1,5,1,50,8,-1,-1,-1,3,1,3
2016200069741,2,9,0,5,0,8,0,0,1,0,1,1,5,1,42,7,1399,2,10,1,1,1
2016200069746,1,9,0,5,0,4,0,0,0,0,1,1,6,1,60,9,1364,1,-1,8,1,8
2016200069746,2,1,0,18,0,3,0,0,0,0,4,1,2,1,64,9,-1,-1,-1,3,1,3
2016200069779,1,19,0,18,0,1,0,0,0,0,1,1,1,1,26,6,2152,2,15,2,1,2
2016200069779,2,9,0,4,0,1,0,0,0,0,2,1,6,2,59,9,1910,2,11,4,3,4
2016200069785,1,9,0,18,0,8,0,0,0,0,1,1,5,1,26,6,1596,1,7,8,1,8
2016200069785,2,9,0,18,0,8,0,0,0,0,3,1,5,1,19,4,1368,1,5,2,1,2
2016200069815,1,9,0,18,0,1,0,0,0,0,4,1,1,1,47,8,2148,2,7,1,1,1
2016200069819,1,9,0,9,0,1,0,0,0,0,2,1,6,1,47,8,1895,1,18,1,1,1
2016200069819,2,9,0,18,0,1,0,0,0,0,1,1,6,1,51,8,1339,1,14,1,1,1
2016200069822,1,9,0,13,0,0,0,0,7,10,1,1,6,1,28,6,2000,2,12,1,1,1
2016200069822,2,9,0,13,0,0,0,0,0,0,0,1,6,3,-1,-1,-1,-1,-1,-1,-1,-1
2016200069822,3,9,0,18,0,0,0,0,0,0,1,1,6,2,46,8,1598,1,11,1,1,1
2016200069822,4,9,0,18,0,0,0,7,1,7,1,1,6,1,28,6,1398,1,15,1,1,1
2016200069841,1,9,0,5,0,4,0,0,0,0,1,1,6,2,50,8,-1,-1,-1,-1,-1,-1
2016200069841,2,5,0,18,0,8,0,0,0,0,1,1,6,1,35,6,600,1,18,2,1,2
2016200069847,1,9,0,18,0,8,0,0,0,0,0,1,1,2,27,6,1390,1,13,2,1,2
2016200069847,2,9,0,18,0,6,0,0,0,0,4,1,6,2,48,8,2500,2,17,6,1,6
2016200069852,1,9,0,11,0,0,1,0,0,0,1,1,6,3,-1,-1,1598,1,11,-1,-1,-1
2016200069852,2,9,0,18,0,0,0,4,0,0,2,1,6,1,36,7,1199,1,15,-1,-1,-1
2016200069852,3,11,0,3,0,0,0,0,0,0,2,1,1,1,58,9,4500,2,5,5,1,5
2016200069857,1,9,0,18,0,0,0,4,7,11,1,1,2,2,50,8,1596,1,11,1,1,1
2016200069857,2,9,0,2,0,0,0,10,0,0,4,1,6,1,38,7,1598,1,11,1,1,1
2016200069881,1,9,0,9,0,5,0,0,0,0,4,1,6,2,39,7,1596,1,10,3,1,3
2016200069881,2,1,0,18,0,8,0,0,0,0,1,1,6,1,48,8,-1,-1,-1,-1,-1,-1
2016200069899,1,9,0,18,0,8,0,0,0,0,3,1,1,1,31,6,2993,2,7,1,1,1
2016200069899,2,9,0,9,0,5,0,0,0,0,1,1,1,3,-1,-1,1242,1,7,-1,-1,-1
2016200069905,1,9,0,13,0,8,0,0,0,0,1,1,6,1,-1,-1,1956,2,5,1,1,1
2016200069905,2,9,0,6,0,8,0,0,0,0,3,1,6,1,25,5,1995,2,1,1,1,1
2016200069910,1,9,0,18,0,0,0,0,0,0,1,1,6,3,-1,-1,-1,-1,-1,-1,-1,-1
2016200069910,2,9,0,3,0,0,0,0,0,0,1,1,6,2,48,8,1229,1,2,2,1,2
2016200069924,1,9,0,9,0,5,0,0,0,0,1,1,6,1,46,8,1360,1,12,5,1,5
2016200069924,2,9,0,18,0,2,0,0,0,0,1,1,6,1,33,6,1598,1,10,2,1,2
2016200069932,1,9,0,18,0,0,0,0,0,0,1,1,6,2,30,6,-1,-1,-1,-1,-1,-1
2016200069951,1,9,0,18,0,0,0,4,0,0,1,1,6,1,43,7,1995,2,10,5,1,5
2016200069951,2,9,0,2,0,0,0,0,0,0,2,1,6,2,79,11,1229,1,9,2,1,2
2016200069953,1,9,0,6,0,8,0,0,0,0,2,1,6,1,29,6,1560,2,3,3,1,3
2016200069953,2,9,0,9,0,8,0,0,7,0,1,1,6,1,17,4,998,1,-1,5,1,5
2016200069963,1,9,0,4,0,0,0,0,0,0,3,1,6,2,32,6,2204,2,11,3,1,3
2016200069963,2,9,0,18,0,0,0,0,0,0,3,1,6,2,35,6,1587,1,11,1,1,1
2016200069970,1,9,0,18,0,1,0,0,0,0,3,1,5,1,93,11,998,1,12,7,1,7
2016200069996,1,9,0,18,0,1,0,0,0,0,1,1,6,3,-1,-1,-1,-1,-1,-1,-1,-1
2016200070024,1,9,0,18,0,1,0,0,0,0,1,1,1,1,31,6,1598,1,1,4,1,4
2016200070042,1,9,0,18,0,2,0,0,0,0,1,1,6,2,22,5,1560,2,2,-1,-1,-1
2016200070068,1,9,0,9,0,6,0,0,0,0,1,1,6,2,35,6,1910,2,10,1,1,1
2016200070070,1,9,0,18,0,8,0,0,0,0,3,1,1,1,22,5,1398,1,6,4,2,4
2016200070070,2,5,0,5,0,4,1,0,0,0,1,1,5,1,49,8,865,1,2,1,1,1
2016200070078,1,9,0,4,0,1,0,0,0,0,1,1,6,1,33,6,1400,1,15,2,1,2
2016200070078,2,9,0,4,0,1,0,0,0,0,2,1,1,2,19,4,1400,1,15,2,1,2
2016200070078,3,9,0,4,0,1,0,0,0,0,2,1,6,2,57,9,1781,1,12,3,1,3
2016200070097,1,9,0,18,0,8,0,0,0,0,1,1,6,3,-1,-1,998,1,13,-1,-1,-1
2016200070097,2,9,0,9,0,8,0,0,0,0,1,1,6,1,41,7,-1,-1,-1,1,1,1
2016200070123,1,3,0,18,0,1,1,10,0,0,4,1,6,1,20,4,124,1,4,3,1,3
2016200070123,2,9,0,10,0,1,0,0,0,0,3,1,6,1,25,5,1368,1,6,3,1,3
2016200070138,1,9,0,9,0,6,0,0,0,0,1,1,6,2,38,7,1910,2,8,3,1,3
2016200070138,2,9,0,4,0,8,0,0,0,0,1,1,6,1,57,9,1396,1,13,1,1,1
2016200070138,3,9,0,18,0,1,0,0,0,0,2,1,6,1,37,7,1598,1,12,1,1,1
2016200070158,1,90,0,5,0,2,0,0,0,0,0,1,6,3,-1,-1,-1,-1,-1,-1,-1,-1
2016200070179,1,3,0,18,0,0,0,0,0,0,1,1,1,1,18,4,124,1,4,9,1,9
2016200070179,2,9,0,18,0,0,0,0,0,0,2,1,6,3,-1,-1,-1,-1,-1,-1,-1,-1
2016200070181,1,19,0,18,0,8,1,0,0,0,1,1,6,1,22,5,2198,2,7,-1,3,-1
2016200070181,2,19,0,9,0,6,0,0,0,0,4,1,6,1,46,8,-1,-1,-1,2,1,2
2016200070200,1,11,0,11,0,1,0,0,0,0,1,1,1,1,36,7,3900,2,9,7,1,7
2016200070200,2,9,0,3,0,1,0,0,0,0,2,1,1,1,41,7,2231,2,5,10,1,10
2016200070200,3,9,0,3,0,1,0,0,0,0,2,1,1,2,22,5,1995,2,6,4,1,4
2016200070200,4,9,0,3,0,1,0,0,0,0,2,1,1,1,35,6,2000,1,13,2,1,2
2016200070200,5,9,0,3,0,1,0,0,0,0,2,1,1,1,25,5,-1,-1,-1,8,1,8
2016200070239,1,9,0,18,0,1,0,0,0,0,1,1,6,1,85,11,1598,1,9,8,1,8
2016200070239,2,9,0,3,0,1,0,0,0,0,2,1,2,2,20,4,1200,1,1,6,1,6
2016200070243,1,9,0,18,0,1,0,0,0,0,1,1,5,2,86,11,1461,2,2,5,1,5
2016200070243,2,9,0,3,0,1,0,10,7,10,2,1,2,1,37,7,998,1,2,5,1,5
2016200070243,3,9,0,3,0,1,0,0,0,0,2,1,5,1,53,8,1461,2,6,9,1,9
2016200070243,4,9,0,3,0,1,0,0,0,0,2,1,5,1,65,9,1229,1,9,1,1,1
2016200070243,5,9,0,3,0,1,0,0,0,0,2,1,5,2,19,4,1364,2,-1,2,1,2
2016200070243,6,9,0,18,0,2,0,0,0,0,4,1,5,2,31,6,1242,1,5,9,2,9
2016200070251,1,9,0,16,0,2,0,0,0,0,1,1,6,1,-1,-1,998,1,12,2,1,2
2016200070251,2,1,0,18,0,1,0,0,0,0,1,1,6,1,57,9,-1,-1,-1,4,1,4
2016200070281,1,9,0,18,0,0,0,7,0,0,1,1,1,2,56,9,1798,1,9,7,2,7
2016200070319,1,9,0,9,0,5,0,0,0,0,2,1,6,2,30,6,1997,2,10,1,1,1
2016200070319,2,9,0,18,0,8,0,0,0,0,1,1,2,1,27,6,1242,1,9,1,1,1
2016200070347,1,9,0,18,0,0,0,0,0,0,1,1,6,3,-1,-1,1149,1,8,-1,-1,-1
2016200070347,2,9,0,2,0,0,0,0,0,0,2,1,6,2,37,7,1124,1,6,1,1,1
2016200070390,1,9,0,13,0,8,0,0,7,11,1,1,6,1,24,5,1896,2,10,1,1,1
2016200070390,2,9,0,9,0,5,0,0,0,0,2,1,6,1,52,8,1598,1,14,5,1,5
2016200070449,1,9,0,16,0,0,0,0,1,3,1,1,2,1,27,6,1896,2,8,2,1,2
2016200070449,2,9,0,17,0,0,0,0,0,0,4,1,2,2,48,8,998,1,5,2,1,2
2016200070489,1,9,0,4,0,0,1,0,0,0,2,1,1,1,-1,-1,1794,1,8,1,1,1
2016200070489,2,9,0,18,0,0,0,0,0,0,1,1,6,2,-1,-1,1200,1,2,4,1,4
2016200070501,1,9,0,18,0,3,0,0,0,0,0,1,6,3,-1,-1,-1,-1,-1,-1,-1,-1
2016200070501,2,9,0,12,0,3,0,0,0,0,0,1,6,3,-1,-1,-1,-1,-1,-1,-1,-1
2016200070501,3,9,0,18,0,3,0,0,0,0,2,1,2,1,39,7,1240,1,8,5,1,5
2016200070512,1,9,0,9,0,8,0,0,0,0,3,1,2,1,27,6,1598,2,4,9,1,9
2016200070512,2,1,0,18,0,8,0,0,0,0,1,1,2,1,43,7,-1,-1,-1,4,1,4
2016200070543,1,9,0,5,0,8,0,0,0,0,1,1,6,2,71,10,1598,1,11,10,1,10
2016200070543,2,1,0,18,0,8,0,0,0,0,1,1,2,2,55,8,-1,-1,-1,10,1,10
2016200070548,1,9,0,18,0,0,0,0,0,0,1,1,2,1,44,7,1598,1,11,9,1,9
2016200070548,2,9,0,3,0,0,0,0,0,0,2,1,6,1,51,8,1360,1,12,2,1,2
2016200070548,3,9,0,3,0,0,0,0,0,0,2,1,2,2,57,9,1598,1,4,8,3,8