Accident_Index,Vehicle_Reference,Vehicle_Type,Towing_and_Articulation,Vehicle_Manoeuvre,Vehicle_Location-Restricted_Lane,Junction_Location,Skidding_and_Overturning,Hit_Object_in_Carriageway,Vehicle_Leaving_Carriageway,Hit_Object_off_Carriageway,1st_Point_of_Impact,Was_Vehicle_Left_Hand_Drive?,Journey_Purpose_of_Driver,Sex_of_Driver,Age_of_Driver,Age_Band_of_Driver,Engine_Capacity_(CC),Propulsion_Code,Age_of_Vehicle,Driver_IMD_Decile,Driver_Home_Area_Type,Vehicle_IMD_Decile
2016200070561,1,9,0,17,0,3,0,0,0,0,1,1,6,1,29,6,998,1,10,2,1,2
2016200070561,2,21,0,4,0,3,0,0,0,0,2,1,1,1,54,8,2198,2,1,-1,-1,-1
2016200070604,1,9,0,7,0,5,0,0,0,0,1,1,6,2,40,7,1995,2,1,2,1,2
2016200070698,1,9,0,18,0,4,0,0,0,0,1,1,6,1,20,4,2720,2,11,4,1,4
2016200070698,2,1,0,18,0,8,0,0,0,0,1,1,6,1,32,6,-1,-1,-1,1,1,1
2016200070718,1,9,0,5,0,0,0,0,0,0,1,1,1,1,36,7,-1,-1,-1,-1,-1,-1
2016200070718,2,9,0,18,0,0,0,0,0,0,3,1,6,1,38,7,1995,2,12,1,1,1
2016200070758,1,9,0,9,0,2,0,0,0,0,1,1,6,1,24,5,1242,1,9,8,1,8
2016200070774,1,9,0,9,0,5,0,0,0,0,1,1,6,1,33,6,998,1,9,2,1,2
2016200070774,2,9,0,18,0,8,0,0,0,0,1,1,6,1,75,10,1461,2,7,2,1,2
2016200070790,1,9,0,17,0,0,0,0,7,11,1,1,6,2,34,6,1796,1,16,8,1,8
2016200070803,1,9,0,18,0,1,0,0,0,0,3,1,6,1,41,7,1995,2,3,4,1,4
2016200070842,1,9,0,18,0,0,0,0,0,0,1,1,3,1,50,8,2231,2,10,4,1,4
2016200070842,2,9,0,2,0,0,0,4,0,0,1,1,6,2,-1,-1,1799,1,9,4,1,4
2016200070842,3,9,0,2,0,0,0,4,0,0,2,1,6,3,-1,-1,-1,-1,-1,-1,-1,-1
2016200070842,4,9,0,2,0,0,0,4,0,0,4,1,6,1,23,5,1590,1,13,4,1,4
2016200070842,5,9,0,2,0,0,0,0,0,0,4,1,6,2,23,5,1364,1,8,7,1,7
2016200070850,1,9,0,13,0,1,0,0,0,0,1,1,6,3,-1,-1,-1,-1,-1,-1,-1,-1
2016200070850,2,1,0,18,0,8,0,0,0,0,1,1,6,1,30,6,-1,-1,-1,1,1,1
2016200070925,1,9,0,9,0,8,0,0,0,0,1,1,2,2,24,5,1397,1,8,1,1,1
2016200070925,2,9,0,18,0,8,0,0,0,0,3,1,6,1,68,10,998,1,13,1,1,1
2016200070934,1,9,0,18,0,8,0,0,0,0,1,1,6,1,65,9,1995,2,12,1,1,1
2016200070934,2,9,0,18,0,8,5,0,7,10,4,1,6,1,40,7,1229,1,6,1,1,1
2016200070969,1,9,0,9,0,5,0,0,0,0,1,1,6,1,21,5,1598,1,14,2,1,2
2016200070969,2,9,0,18,0,8,0,0,0,0,4,1,6,2,41,7,1197,1,1,5,1,5
2016200071027,1,9,0,6,0,6,0,10,1,4,2,1,6,1,27,6,1910,2,10,6,2,6
2016200071027,2,9,0,18,0,1,0,0,0,0,1,1,6,1,28,6,1968,2,-1,2,1,2
2016200071028,1,9,0,18,0,1,0,0,0,0,1,1,6,2,20,4,-1,-1,-1,3,1,3
2016200071036,1,9,0,18,0,0,0,0,0,0,1,1,6,1,19,4,1598,2,2,2,1,2
2016200071036,2,1,0,5,0,0,0,0,0,0,3,1,6,2,8,2,-1,-1,-1,3,1,3
2016200071039,1,9,0,18,0,0,0,0,0,0,3,1,6,2,32,6,1595,1,13,9,1,9
2016200071039,2,1,0,18,0,0,0,0,0,0,1,1,2,1,16,4,-1,-1,-1,1,1,1
2016200071052,1,9,0,18,0,2,0,0,0,0,1,1,6,1,24,5,1753,2,11,8,1,8
2016200071098,1,9,0,5,0,1,0,0,0,0,0,1,3,3,-1,-1,2993,2,12,-1,-1,-1
2016200071101,1,9,0,18,0,4,0,0,0,0,4,1,6,1,43,7,1968,2,6,1,1,1
2016200071101,2,1,0,18,0,8,0,0,0,0,3,1,6,1,57,9,-1,-1,-1,-1,-1,-1
2016200071127,1,9,0,18,0,0,0,0,0,0,1,1,6,2,54,8,1588,1,16,1,1,1
2016200071149,1,9,0,7,0,6,0,0,0,0,1,1,1,2,46,8,1461,2,1,2,1,2
2016200071149,2,9,0,18,0,1,1,0,0,0,1,1,6,2,37,7,1299,1,16,2,1,2
2016200071157,1,9,0,18,0,8,0,0,0,0,1,1,3,2,33,6,1769,1,13,1,1,1
2016200071169,1,9,0,13,0,0,2,0,1,0,1,1,6,1,37,7,2198,2,10,1,1,1
2016200071169,2,9,0,12,0,0,0,0,0,0,2,1,6,1,66,10,1198,1,2,8,1,8
2016200071178,1,9,0,7,0,6,0,0,0,0,0,1,6,1,25,5,1796,1,14,1,1,1
2016200071180,1,9,0,18,0,1,0,0,0,0,1,1,6,2,36,7,1598,1,14,4,2,4
2016200071180,2,9,0,3,0,1,0,0,0,0,2,1,1,1,33,6,1956,2,3,1,1,1
2016200071221,1,9,0,9,0,5,0,0,0,0,0,1,6,3,-1,-1,-1,-1,-1,-1,-1,-1
2016200071221,2,2,0,18,0,8,1,0,0,0,0,1,1,1,54,8,48,1,5,6,1,6
2016200071238,1,19,0,17,0,0,0,4,0,0,1,1,6,1,58,9,1995,2,8,2,1,2
2016200071238,2,90,0,2,0,0,0,0,0,0,4,1,6,1,-1,-1,1896,2,21,-1,-1,-1
2016200071238,3,20,0,2,0,0,0,0,0,0,4,1,6,1,-1,-1,2496,2,18,-1,-1,-1
2016200071272,1,9,0,9,0,8,0,0,0,0,1,1,1,2,32,6,1240,1,6,4,1,4
2016200071272,2,9,0,16,0,8,0,0,0,0,1,1,1,2,-1,-1,1242,1,6,1,1,1
2016200071273,1,9,0,18,0,4,0,0,0,0,1,1,5,2,30,6,1598,1,10,1,1,1
2016200071273,2,1,0,9,0,8,0,0,0,0,2,1,6,2,48,8,-1,-1,-1,5,1,5
2016200071307,1,9,0,18,0,0,1,0,1,11,4,1,6,1,18,4,998,1,11,2,1,2
2016200071323,1,9,0,9,0,6,0,0,0,0,1,1,6,2,20,4,1598,1,1,3,1,3
2016200071323,2,9,0,18,0,8,0,0,0,0,1,1,6,1,22,5,1299,1,15,3,1,3
2016200071346,1,9,0,9,0,3,0,0,0,0,1,1,1,2,26,6,1783,1,14,1,1,1
2016200071349,1,90,0,4,0,1,0,0,0,0,2,1,6,2,25,5,-1,-1,-1,3,1,3
2016200071349,2,9,0,4,0,1,0,0,0,0,1,1,6,1,30,6,-1,-1,-1,9,1,9
2016200071360,1,9,0,5,0,6,0,0,0,0,1,1,6,2,36,7,1598,1,6,-1,-1,-1
2016200071360,2,1,0,18,0,8,0,0,0,0,1,1,6,1,30,6,-1,-1,-1,4,1,4
2016200071362,1,9,0,7,0,5,0,0,0,0,4,1,2,2,45,7,2143,2,2,6,1,6
2016200071362,2,9,0,18,0,8,0,0,0,0,1,1,2,1,34,6,1598,1,10,2,1,2
2016200071381,1,3,0,11,0,0,0,0,0,0,3,1,1,2,19,4,124,1,14,2,1,2
2016200071381,2,9,0,18,0,0,0,0,0,0,4,1,1,1,25,5,1995,2,9,3,1,3
2016200071388,1,9,0,18,0,4,0,0,0,0,1,1,6,3,-1,-1,1560,2,9,-1,-1,-1
2016200071388,2,1,0,5,0,8,0,0,0,0,2,1,1,1,27,6,-1,-1,-1,4,1,4
2016200071408,1,9,0,16,0,2,0,0,0,0,4,1,3,2,51,8,1598,1,9,3,1,3
2016200071408,2,1,0,18,0,2,0,0,0,0,1,1,6,1,11,3,-1,-1,-1,2,1,2
2016200071431,1,9,0,9,0,8,0,0,0,0,1,1,6,3,-1,-1,998,1,4,-1,-1,-1
2016200071431,2,9,0,5,0,8,0,0,0,0,1,1,6,2,72,10,998,1,2,1,1,1
2016200071459,1,9,0,9,0,6,0,0,0,0,1,1,6,1,26,6,1461,2,1,1,1,1
2016200071459,2,9,0,18,0,8,0,0,0,0,4,1,6,1,74,10,1998,1,8,2,1,2
2016200071460,1,9,0,18,0,3,5,7,4,1,1,1,6,2,54,8,1124,1,14,2,1,2
2016200071465,1,9,0,5,0,0,0,0,0,0,1,1,2,1,49,8,1149,1,6,2,1,2
2016200071472,1,8,0,18,0,8,0,0,0,0,1,1,1,1,31,6,2354,1,10,2,1,2
2016200071472,2,9,0,10,0,8,0,0,0,0,2,1,6,2,25,5,1686,2,13,2,1,2
2016200071473,1,9,0,18,0,1,0,0,0,0,1,1,6,3,-1,-1,998,1,16,-1,-1,-1
2016200071473,2,9,0,3,0,1,0,0,0,0,2,1,1,2,18,4,1242,1,6,6,1,6
2016200071474,1,9,0,9,0,6,0,0,0,0,1,1,1,1,50,8,1248,2,2,-1,-1,-1
2016200071474,2,5,0,3,0,8,0,0,0,0,1,1,2,1,51,8,650,1,9,7,1,7
2016200071475,1,21,0,1,0,0,0,0,0,0,2,1,6,1,56,9,-1,-1,-1,-1,-1,-1
2016200071476,1,9,0,13,0,1,0,0,0,0,1,1,6,1,24,5,1390,1,10,1,1,1
2016200071476,2,9,0,18,0,1,0,0,0,0,2,1,6,1,35,6,2179,2,8,9,1,9
2016200071504,1,9,0,18,0,1,5,0,0,0,3,1,6,1,27,6,1360,1,14,1,1,1
2016200071504,2,9,0,8,0,1,0,0,0,0,4,1,6,2,25,5,998,1,7,3,1,3
2016200071505,1,9,0,18,0,1,1,0,0,0,1,1,5,2,25,5,999,1,1,1,1,1
2016200071505,2,9,0,18,0,1,0,0,0,0,2,1,6,3,30,6,1200,1,2,-1,-1,-1
2016200071525,1,11,0,2,0,0,0,0,0,0,0,1,2,1,62,9,-1,-1,-1,2,1,2
2016200071526,1,9,0,5,0,8,0,0,0,0,3,1,6,2,23,5,1299,1,14,7,2,7
2016200071526,2,9,0,13,0,8,0,0,0,0,4,1,6,1,51,8,1995,2,14,10,1,10
2016200071532,1,9,0,9,0,6,0,0,0,0,1,1,6,1,78,11,1796,1,9,2,1,2
2016200071553,1,9,0,14,0,1,0,0,0,0,4,1,1,1,31,6,1587,1,9,1,1,1
2016200071584,1,9,0,18,0,1,5,10,1,11,1,1,6,1,24,5,1997,2,14,1,1,1
2016200071606,1,1,0,18,0,8,0,0,0,0,1,1,6,1,49,8,-1,-1,-1,1,1,1
2016200071606,2,9,0,1,0,6,0,0,0,0,2,1,6,2,23,5,1560,2,6,5,1,5
2016200071614,1,9,0,9,0,6,0,0,0,0,3,1,2,2,47,8,1248,2,10,1,1,1
2016200071614,2,9,0,18,0,8,0,0,0,0,1,1,2,1,28,6,1753,2,9,5,1,5
2016200071636,1,9,0,18,0,0,0,0,0,0,1,1,6,1,30,6,1389,1,19,6,1,6
2016200071636,2,9,0,18,0,0,0,0,0,0,4,1,6,1,20,4,1390,1,13,2,1,2
2016200071649,1,9,0,13,0,2,0,0,0,0,1,1,6,1,38,7,-1,3,-1,9,1,9
2016200071657,1,98,0,18,0,0,0,0,0,0,4,1,6,2,-1,-1,-1,-1,-1,-1,-1,-1
2016200071659,1,9,0,9,0,5,0,0,0,0,1,1,6,2,28,6,998,1,7,4,1,4
2016200071659,2,9,0,18,0,8,0,0,0,0,1,1,6,1,46,8,1598,1,10,-1,-1,-1
2016200071692,1,11,0,18,0,8,0,0,0,0,4,1,1,1,57,9,9600,2,16,6,1,6
2016200071692,2,1,0,18,0,6,0,0,0,0,0,1,4,1,14,3,-1,-1,-1,1,1,1
2016200071702,1,9,0,18,0,1,0,0,0,0,3,1,5,1,23,5,1896,2,6,1,1,1
2016200071702,2,3,0,11,0,1,0,0,0,0,4,1,5,1,18,4,125,1,6,2,1,2
2016200071746,1,9,0,18,0,0,0,0,0,0,0,1,6,1,-1,-1,1956,2,1,2,1,2
2016200071753,1,9,0,7,0,1,0,0,0,0,2,1,6,1,25,5,1560,2,6,10,1,10
2016200071753,2,19,0,18,0,1,1,0,0,0,1,1,6,1,57,9,2148,2,9,8,3,8
2016200071777,1,9,0,9,0,5,0,0,0,0,4,1,6,2,47,8,2993,2,5,10,1,10
2016200071777,2,1,0,18,0,8,0,0,0,0,4,1,1,2,57,9,-1,-1,-1,10,1,10
2016200071784,1,9,0,18,0,8,0,0,0,0,3,1,6,3,30,6,1587,1,15,-1,-1,-1
2016200071784,2,9,0,9,0,6,0,0,0,0,1,1,5,2,20,4,1397,1,9,8,1,8
2016200071788,1,9,0,7,0,6,0,0,0,0,0,1,6,1,25,5,1242,1,6,-1,-1,-1
2016200071788,2,9,0,18,0,8,1,4,8,10,1,1,6,1,43,7,1896,2,16,2,1,2
2016200071788,3,9,0,2,0,1,0,0,0,0,1,1,6,3,-1,-1,1298,1,13,-1,-1,-1
2016200071790,1,9,0,9,0,2,0,0,0,0,3,1,6,1,80,11,1360,1,14,2,1,2
2016200071820,1,2,0,18,0,0,1,0,0,0,0,1,5,1,30,6,49,1,2,5,1,5
2016200071820,2,9,0,6,0,0,0,0,0,0,0,1,6,2,30,6,-1,-1,-1,-1,-1,-1
2016200071826,1,9,0,18,0,0,0,4,0,0,1,1,6,1,70,10,1339,1,4,1,1,1
2016200071826,2,9,0,2,9,0,0,0,0,0,4,1,6,2,55,8,1197,1,1,1,1,1
2016200071832,1,9,0,9,0,6,0,0,0,0,1,1,6,1,56,9,1997,2,2,2,1,2
2016200071832,2,9,0,18,0,8,0,0,0,0,1,1,6,2,31,6,1896,2,8,2,1,2
2016200071869,1,9,0,18,0,0,0,0,0,0,4,1,6,2,46,8,1299,1,8,3,1,3
2016200071894,1,9,0,18,0,2,0,4,0,0,1,1,5,2,21,5,1598,2,4,4,1,4
2016200071894,2,9,0,2,0,2,0,4,0,0,1,1,5,1,28,6,2000,2,11,4,1,4
2016200071894,3,9,0,2,0,2,0,4,0,0,1,1,5,1,22,5,-1,-1,-1,3,1,3
2016200071894,4,9,0,2,0,2,0,4,0,0,1,1,5,3,-1,-1,1896,2,9,-1,-1,-1
2016200071894,5,9,0,2,0,2,0,4,0,0,1,1,6,1,-1,-1,1360,1,13,-1,-1,-1
2016200071894,6,9,0,2,0,2,0,0,0,0,1,1,6,1,-1,-1,1997,2,12,-1,-1,-1
2016200071901,1,9,0,5,0,2,0,0,0,0,1,1,6,2,25,5,1598,2,4,1,1,1
2016200071901,2,9,0,4,0,2,0,0,0,0,2,1,6,1,44,7,973,1,14,9,1,9
2016200071936,1,5,0,5,0,5,0,0,0,0,1,1,1,1,58,9,1340,1,1,5,1,5
2016200071936,2,9,0,18,0,8,0,0,0,0,0,1,6,3,-1,-1,-1,-1,-1,-1,-1,-1
2016200071947,1,9,0,18,0,8,0,7,1,11,1,1,2,2,28,6,1984,1,14,2,1,2
2016200071958,1,9,0,18,0,5,1,4,0,0,1,1,6,1,23,5,1149,1,4,2,1,2
2016200071958,2,9,0,18,9,2,0,0,1,11,4,1,6,1,38,7,1598,2,3,1,1,1
2016200071982,1,9,0,5,9,6,0,0,0,0,1,1,6,1,48,8,2198,1,15,6,1,6
2016200071982,2,9,0,5,9,6,0,0,0,0,1,1,6,1,-1,-1,-1,-1,-1,-1,-1,-1
2016200072104,1,9,0,16,0,1,0,0,0,0,1,1,6,1,21,5,1396,1,13,1,1,1
2016200072104,2,9,0,18,0,1,0,0,0,0,0,1,1,1,44,7,2993,2,2,2,1,2
2016200072104,3,9,0,16,0,1,0,0,0,0,3,1,2,1,71,10,1248,1,6,7,1,7
2016200072104,4,9,0,2,0,1,0,0,0,0,4,1,2,1,73,10,-1,-1,-1,5,1,5
2016200072191,1,9,0,7,0,2,0,0,0,0,1,1,1,1,26,6,-1,-1,-1,1,1,1
2016200072191,2,9,0,4,0,1,1,0,0,0,1,1,6,2,41,7,1796,1,2,3,1,3
2016200072341,1,98,0,18,0,0,0,0,0,0,0,1,6,3,-1,-1,-1,-1,-1,-1,-1,-1
2016200072371,1,19,0,9,0,6,0,0,0,0,1,1,1,1,31,6,2148,2,10,1,1,1
2016200072371,2,11,0,18,0,8,0,0,0,0,4,1,1,1,59,9,9000,2,9,1,1,1
2016200072392,1,9,0,18,0,0,0,0,0,0,1,1,6,2,-1,-1,1560,2,3,8,1,8
2016200072392,2,9,0,18,0,0,0,0,0,0,2,1,6,1,23,5,1360,1,11,5,2,5
2016200072428,1,9,0,4,0,8,0,0,0,0,1,1,4,2,25,5,1598,2,2,1,1,1
2016200072428,2,9,0,9,0,6,0,0,0,0,1,1,4,2,-1,-1,2180,2,21,1,1,1
2016200072454,1,9,0,18,0,1,0,0,0,0,3,1,2,2,33,6,1598,1,14,1,1,1
2016200072467,1,9,0,3,0,8,0,0,0,0,1,1,6,1,45,7,1998,2,16,-1,-1,-1
2016200072467,2,9,0,3,0,8,0,0,0,0,2,1,6,1,66,10,-1,-1,-1,9,1,9
2016200072501,1,5,0,13,0,8,0,0,0,0,1,1,6,1,47,8,1352,1,9,2,1,2
2016200072501,2,9,0,9,0,8,0,10,0,0,0,1,6,2,23,5,1360,1,10,1,1,1
2016200072512,1,9,0,9,0,6,0,0,0,0,3,1,6,2,75,10,1198,1,8,2,1,2
2016200072512,2,9,0,18,0,8,0,0,0,0,1,1,6,2,58,9,1299,1,14,8,1,8
2016200072541,1,9,0,6,0,1,0,0,0,0,4,1,1,1,36,7,1896,2,8,1,1,1
2016200072541,2,5,0,18,0,2,0,0,0,0,1,1,2,1,41,7,599,1,16,1,1,1
2016200072592,1,9,0,9,0,6,0,0,0,0,4,1,6,1,22,5,1248,2,5,2,1,2
2016200072592,2,9,0,18,0,8,0,0,0,0,1,1,6,2,65,9,1061,1,11,6,3,6
2016200072594,1,9,0,18,0,4,0,0,0,0,1,1,1,1,48,8,1364,1,7,8,1,8
2016200072594,2,5,0,18,0,4,0,0,0,0,1,1,2,1,28,6,1199,1,14,1,1,1
2016200072613,1,21,0,1,0,8,0,0,0,0,2,1,6,3,-1,-1,-1,-1,-1,-1,-1,-1
2016200072624,1,5,0,18,9,0,0,4,7,0,1,1,6,1,25,5,1052,1,23,2,1,2
2016200072624,2,9,0,18,9,0,0,4,7,0,1,1,6,1,37,7,1560,2,2,2,1,2
2016200072709,1,9,0,18,0,0,0,0,0,0,2,1,6,2,50,8,-1,-1,-1,1,1,1
2016200072709,2,9,0,18,0,0,0,0,0,0,1,1,6,3,-1,-1,1388,1,14,-1,-1,-1
2016200072723,1,9,0,5,9,0,0,0,0,0,4,1,6,1,30,6,1390,1,13,-1,-1,-1
2016200072723,2,9,0,2,0,0,0,0,0,0,0,1,1,1,30,6,1956,2,4,1,1,1
2016200072725,11,9,0,18,0,1,0,0,0,0,1,1,6,1,54,8,1795,1,18,5,1,5
2016200072729,1,9,0,18,0,8,0,0,0,0,1,1,6,1,50,8,1895,1,17,-1,-1,-1
2016200072729,2,9,0,10,0,8,0,0,0,0,2,1,6,1,33,6,1984,1,2,3,1,3
2016200072729,3,9,0,18,0,8,0,0,0,0,3,1,6,2,34,6,2000,2,11,8,1,8
2016200072735,1,9,0,9,0,5,0,0,0,0,1,1,6,1,56,9,1598,2,1,10,1,10
2016200072735,2,2,0,18,0,8,0,0,0,0,1,1,6,1,25,5,50,1,10,3,1,3
2016200072743,1,9,0,18,0,1,0,0,0,0,1,1,6,2,35,6,998,1,12,5,1,5
2016200072780,1,9,0,5,0,0,0,0,0,0,4,1,6,1,21,5,1686,2,9,6,1,6
2016200072786,1,9,0,4,0,0,0,0,0,0,1,1,6,1,44,7,1997,2,1,4,1,4
2016200072786,2,9,0,4,0,0,0,0,0,0,2,1,6,1,46,8,1995,2,10,7,2,7
2016200072786,3,9,0,4,0,0,0,0,0,0,2,1,6,1,68,10,1598,2,1,10,1,10
2016200072786,4,9,0,4,0,0,0,0,0,0,2,1,6,1,53,8,1995,2,1,9,2,9
2016200072796,1,9,0,7,0,1,0,0,0,0,1,1,2,2,24,5,1242,1,5,3,1,3
2016200072796,2,9,0,18,0,1,0,0,0,0,2,1,6,3,-1,-1,-1,-1,-1,-1,-1,-1
2016200072802,1,5,0,18,0,0,1,4,1,10,1,1,6,1,24,5,998,1,8,7,1,7
2016200072802,2,9,0,2,0,0,0,0,0,0,0,1,6,1,21,5,1968,2,9,-1,-1,-1
2016200072813,1,5,0,18,0,0,0,0,0,0,3,1,2,1,53,8,950,1,3,-1,-1,-1
2016200072813,2,9,0,6,0,0,0,0,0,0,3,1,6,2,55,8,1199,1,13,6,1,6
2016200072870,1,9,0,18,0,4,0,0,0,0,1,1,6,1,37,7,1896,2,7,1,1,1
2016200072870,2,9,0,9,0,4,0,0,0,0,3,1,6,2,39,7,1587,1,9,1,1,1
2016200072877,1,9,0,16,0,0,1,0,0,0,1,1,6,3,-1,-1,1968,2,9,-1,-1,-1
2016200072877,2,9,0,13,0,0,0,0,0,0,1,1,6,2,39,7,998,1,2,7,1,7
2016200072933,1,9,0,9,0,6,1,4,1,0,4,1,6,1,16,4,1998,2,12,2,1,2
2016200072933,2,9,0,2,0,2,0,0,0,0,2,1,6,2,36,7,998,1,14,1,1,1
2016200072933,3,9,0,2,0,2,0,0,0,0,2,1,6,2,33,6,1598,1,9,1,1,1
2016200073012,1,9,0,18,0,0,0,0,0,0,3,1,6,2,27,6,1398,1,5,5,1,5
2016200073012,2,9,0,18,0,0,0,0,0,0,3,1,6,1,-1,-1,1248,2,1,-1,-1,-1
2016200073099,1,9,0,9,0,5,0,0,0,0,1,1,6,1,30,6,-1,-1,-1,2,1,2
2016200073099,2,23,0,18,0,8,1,0,1,10,3,1,6,1,-1,-1,124,1,5,4,1,4
2016200073105,1,9,0,1,0,6,0,0,0,0,2,1,6,2,39,7,1461,2,2,10,1,10
2016200073105,2,3,0,18,0,8,5,0,0,0,4,1,6,1,55,8,-1,-1,-1,10,1,10
2016200073116,1,9,0,18,0,1,0,0,0,0,1,1,6,1,-1,-1,1868,2,12,8,1,8
2016200073116,2,9,0,3,0,1,0,0,0,0,2,1,6,1,58,9,1587,1,15,1,1,1
2016200073154,1,9,0,16,0,0,0,10,2,4,1,1,6,1,36,7,1997,2,11,1,1,1
2016200073154,2,9,0,17,0,0,0,0,0,0,1,1,6,2,56,9,1332,1,9,3,1,3
2016200073198,1,2,0,18,0,0,1,0,0,0,3,1,6,1,17,4,321,1,1,1,1,1
2016200073198,2,9,0,2,-1,0,0,-1,-1,0,1,1,6,3,-1,-1,-1,-1,-1,-1,-1,-1
2016200073237,1,9,0,9,0,6,0,0,0,0,1,1,1,2,48,8,1461,2,1,5,1,5
2016200073237,2,4,0,18,0,8,0,0,0,0,4,1,1,1,40,7,999,1,19,3,1,3
2016200073240,1,9,0,5,0,1,0,0,0,0,2,1,6,2,33,6,2967,2,4,10,1,10
2016200073240,2,9,0,5,0,1,0,0,0,0,1,1,6,1,27,6,2993,2,10,1,1,1
2016200073249,1,9,0,9,0,6,0,0,0,0,0,1,6,3,-1,-1,-1,-1,-1,-1,-1,-1
2016200073249,2,9,0,18,0,1,0,0,0,0,2,1,6,2,48,8,1896,2,12,7,1,7
2016200073249,3,9,0,18,0,1,1,0,0,0,1,1,6,2,30,6,1364,1,9,10,1,10
2016200073249,4,9,0,18,0,1,1,0,0,0,1,1,6,2,19,4,1299,1,15,5,1,5
2016200073251,1,9,0,16,0,0,0,10,1,11,1,1,6,2,34,6,1329,1,6,1,1,1
2016200073251,2,9,0,2,9,0,0,0,0,0,2,1,6,1,38,7,-1,-1,-1,-1,-1,-1
2016200073254,1,9,0,4,0,0,0,0,0,0,1,1,5,1,73,10,848,1,28,1,1,1
2016200073254,2,1,0,18,0,0,0,0,0,0,1,1,6,1,13,3,-1,-1,-1,2,1,2
2016200073256,1,9,0,18,0,1,0,0,0,0,1,1,6,2,19,4,1242,1,1,-1,2,-1
2016200073265,1,9,0,5,0,1,0,0,0,0,1,1,1,2,26,6,1596,1,10,5,1,5
2016200073265,2,5,0,8,0,1,0,0,0,0,2,1,1,1,50,8,1000,1,34,1,1,1
2016200073270,1,9,0,18,0,2,0,0,0,0,4,1,6,2,21,5,1398,1,2,6,1,6
2016200073284,1,9,0,5,0,8,0,0,0,0,1,1,5,2,31,6,1560,2,2,1,1,1
2016200073284,2,9,0,4,0,8,0,0,0,0,2,1,5,2,28,6,-1,-1,-1,5,1,5
2016200073285,1,21,0,4,9,0,0,0,7,0,0,1,6,3,-1,-1,-1,-1,-1,-1,-1,-1
2016200073293,1,9,0,18,0,8,0,10,1,1,4,1,6,2,30,6,1242,1,1,8,1,8
2016200073293,2,9,0,9,0,8,0,0,0,0,3,1,6,2,22,5,1398,1,5,1,1,1
2016200073294,1,19,0,11,0,3,0,0,0,0,4,1,5,3,-1,-1,2151,2,15,1,1,1
2016200073294,2,9,0,5,0,3,0,0,0,0,3,1,5,1,20,4,1199,1,13,2,1,2
2016200073300,1,9,0,7,0,5,0,0,0,0,1,1,6,2,-1,-1,-1,-1,-1,-1,-1,-1
2016200073314,1,9,0,11,0,0,0,0,0,0,3,1,6,3,-1,-1,-1,-1,-1,-1,-1,-1
2016200073314,2,9,0,18,0,0,0,0,0,0,3,1,6,1,45,7,1497,1,13,3,1,3
2016200073316,1,9,0,18,0,8,0,0,0,0,1,1,6,1,25,5,1590,1,11,9,1,9
2016200073316,2,9,0,4,0,8,0,0,0,0,2,1,6,2,51,8,1360,1,7,1,1,1
2016200073329,1,9,0,5,0,6,0,0,0,0,1,1,6,2,29,6,998,1,14,1,1,1
2016200073329,2,9,0,18,0,8,1,4,0,0,3,1,6,2,27,6,1296,1,10,1,1,1
2016200073329,3,9,0,2,0,2,0,4,0,0,1,1,6,3,-1,-1,1587,1,13,-1,-1,-1
2016200073329,4,9,0,2,0,2,0,0,0,0,1,1,6,3,-1,-1,1997,1,14,-1,-1,-1
2016200073354,1,9,0,5,0,0,0,0,0,0,1,1,6,1,45,7,-1,-1,-1,-1,-1,-1
2016200073363,1,9,0,18,0,8,0,0,0,0,1,1,3,1,31,6,1339,1,8,-1,-1,-1
2016200073363,2,9,0,18,0,8,0,0,0,0,1,1,6,2,-1,-1,1149,1,14,-1,-1,-1
2016200073385,1,9,0,9,0,2,0,10,1,11,1,1,6,1,45,7,1995,2,3,7,3,7
2016200073388,1,9,0,18,0,0,0,0,0,0,4,1,6,1,74,10,1598,1,10,6,1,6
2016200073444,1,9,0,18,0,1,0,10,2,0,3,1,6,3,30,6,1781,1,17,-1,-1,-1
2016200073444,2,9,0,9,0,6,0,0,0,0,3,1,6,1,33,6,-1,-1,-1,1,1,1
2016200073478,1,9,0,18,0,3,0,0,0,0,0,1,6,3,-1,-1,-1,-1,-1,-1,-1,-1
2016200073507,1,9,0,18,0,8,0,0,0,0,4,1,6,2,47,8,1461,2,2,1,1,1
2016200073507,2,9,0,9,0,6,0,10,0,0,1,1,6,1,38,7,998,1,21,1,1,1
2016200073520,1,9,0,18,0,1,0,0,0,0,1,1,6,3,-1,-1,-1,-1,-1,-1,-1,-1
2016200073520,2,3,0,7,0,5,0,0,0,0,1,1,2,1,37,7,125,1,3,3,1,3
2016200073535,1,9,0,18,0,4,1,9,3,1,1,1,5,1,26,6,1997,2,1,3,1,3
2016200073535,2,9,0,18,0,4,0,0,0,0,0,1,1,1,46,8,2993,2,2,-1,-1,-1
2016200073544,1,9,0,4,0,0,0,0,0,0,1,1,6,3,-1,-1,1896,2,12,1,1,1
2016200073544,2,9,0,4,0,0,0,0,0,0,2,1,6,2,35,6,2993,2,5,1,1,1
2016200073553,1,9,0,4,2,1,1,0,0,0,3,1,6,1,26,6,-1,-1,-1,1,1,1
2016200073553,2,9,0,4,0,1,0,0,0,0,4,1,6,3,-1,-1,-1,-1,-1,-1,-1,-1