Accident_Index,Vehicle_Reference,Vehicle_Type,Towing_and_Articulation,Vehicle_Manoeuvre,Vehicle_Location-Restricted_Lane,Junction_Location,Skidding_and_Overturning,Hit_Object_in_Carriageway,Vehicle_Leaving_Carriageway,Hit_Object_off_Carriageway,1st_Point_of_Impact,Was_Vehicle_Left_Hand_Drive?,Journey_Purpose_of_Driver,Sex_of_Driver,Age_of_Driver,Age_Band_of_Driver,Engine_Capacity_(CC),Propulsion_Code,Age_of_Vehicle,Driver_IMD_Decile,Driver_Home_Area_Type,Vehicle_IMD_Decile
2016200075393,1,9,0,9,0,5,0,0,0,0,1,1,6,2,78,11,1229,1,4,6,1,6
2016200075393,2,9,0,18,0,8,0,0,0,0,1,1,6,2,42,7,1686,2,6,2,1,2
2016200075497,1,21,1,12,0,0,0,0,0,0,1,1,2,1,41,7,-1,-1,-1,-1,-1,-1
2016200075497,2,9,0,18,0,0,0,0,0,0,2,1,1,2,60,9,1341,1,16,3,1,3
2016200075497,3,98,0,18,0,0,0,0,0,0,2,1,2,1,48,8,-1,-1,-1,7,1,7
2016200075507,1,9,0,7,0,6,0,0,0,0,3,1,2,2,57,9,1198,1,2,5,1,5
2016200075507,2,9,0,18,0,2,0,0,0,0,4,1,2,2,24,5,2148,2,8,7,1,7
2016200075542,1,9,0,5,0,0,0,0,0,0,1,1,6,2,71,10,1242,1,5,8,1,8
2016200075542,2,1,0,18,0,0,0,0,0,0,4,1,6,1,77,11,-1,-1,-1,10,1,10
2016200075547,1,9,0,9,0,8,0,0,0,0,2,1,6,1,29,6,1329,1,1,2,1,2
2016200075547,2,5,0,13,0,8,0,0,0,0,1,1,6,1,62,9,650,1,-1,2,1,2
2016200075572,1,21,0,18,0,0,0,0,0,0,4,1,6,1,32,6,12900,2,5,-1,-1,-1
2016200075572,2,9,0,18,0,0,0,0,0,0,3,1,6,1,23,5,1796,1,11,-1,-1,-1
2016200075674,1,9,0,18,0,1,0,0,0,0,1,1,6,1,56,9,1956,2,6,1,1,1
2016200075674,2,9,0,3,0,1,0,0,0,0,2,1,6,2,35,6,1598,1,8,3,1,3
2016200075678,1,98,0,18,0,0,0,0,0,0,1,1,6,3,-1,-1,-1,-1,-1,-1,-1,-1
2016200075682,1,9,0,9,0,5,0,0,0,0,3,1,6,3,30,6,-1,-1,-1,-1,-1,-1
2016200075682,2,1,0,14,0,1,0,0,0,0,1,1,2,1,56,9,-1,-1,-1,10,1,10
2016200075683,1,9,0,9,0,6,0,0,0,0,4,1,6,2,27,6,1149,1,14,1,1,1
2016200075683,2,11,0,18,0,8,0,0,0,0,1,1,1,1,53,8,6700,2,9,5,1,5
2016200075704,1,9,0,18,0,0,0,0,0,0,2,1,6,1,19,4,1388,1,19,1,1,1
2016200075704,2,9,0,18,0,0,0,0,0,0,0,1,6,1,52,8,1596,1,16,1,1,1
2016200075704,3,9,0,18,0,0,0,0,0,0,0,1,6,2,47,8,1968,2,1,1,1,1
2016200075718,1,9,0,18,0,6,0,0,0,0,1,1,6,1,41,7,1910,2,10,2,1,2
2016200075718,2,9,0,18,0,8,0,0,0,0,4,1,6,2,44,7,1995,2,7,2,1,2
2016200075719,1,9,0,9,0,6,0,0,0,0,1,1,5,1,29,6,1984,2,7,8,1,8
2016200075719,2,9,0,18,0,8,0,0,0,0,1,1,1,1,24,5,1598,1,2,1,1,1
2016200075729,1,9,0,18,2,2,0,0,0,0,3,1,2,1,61,9,1397,1,5,2,1,2
2016200075730,1,9,0,4,9,0,0,10,1,0,1,1,6,2,36,7,1461,2,1,10,1,10
2016200075752,1,9,0,14,0,0,0,0,0,0,3,1,6,3,-1,-1,-1,-1,-1,-1,-1,-1
2016200075760,1,9,0,18,0,0,0,4,1,0,3,1,6,3,30,6,1596,1,10,-1,-1,-1
2016200075760,2,9,0,2,0,0,0,0,0,0,2,1,5,2,31,6,2143,2,-1,1,1,1
2016200075768,1,9,0,18,0,1,0,10,1,11,1,1,6,1,24,5,1149,1,12,3,1,3
2016200075768,2,98,0,9,0,6,0,0,0,0,0,1,6,3,-1,-1,-1,-1,-1,-1,-1,-1
2016200075786,1,9,0,18,0,0,0,0,0,0,2,1,6,1,50,8,1560,2,9,3,1,3
2016200075786,2,3,0,3,0,0,0,0,0,0,1,1,6,1,25,5,124,1,3,4,1,4
2016200075796,1,9,0,7,0,1,0,0,0,0,4,1,6,1,63,9,1956,2,1,5,1,5
2016200075796,2,1,0,7,0,1,0,0,0,0,3,1,6,1,28,6,-1,-1,-1,1,1,1
2016200075806,1,9,0,9,0,6,0,0,0,0,1,1,6,1,48,8,1997,2,7,1,1,1
2016200075816,1,9,0,18,0,0,0,0,0,0,1,1,2,2,32,6,1198,1,9,6,1,6
2016200075816,2,10,0,4,0,0,0,0,0,0,2,1,1,3,-1,-1,2464,2,7,-1,-1,-1
2016200075834,1,3,0,13,0,1,5,0,0,0,1,1,6,2,28,6,125,1,14,3,1,3
2016200075834,2,9,0,18,0,1,0,0,0,0,3,1,5,1,55,8,2350,1,18,1,1,1
2016200075855,1,9,0,5,0,1,0,0,0,0,1,1,1,1,28,6,1797,8,4,2,1,2
2016200075855,2,9,0,5,0,1,0,0,0,0,2,1,3,2,39,7,1995,2,7,2,1,2
2016200075857,1,9,0,9,0,5,0,0,0,0,1,1,6,3,52,8,1598,1,1,10,1,10
2016200075857,2,5,0,18,0,8,0,0,0,0,1,1,6,1,20,4,645,1,16,5,1,5
2016200075862,1,9,0,18,0,4,1,10,0,0,3,1,5,3,-1,-1,1991,1,-1,-1,-1,-1
2016200075865,1,9,0,9,0,6,0,0,0,0,4,1,6,1,24,5,1390,1,4,7,1,7
2016200075865,2,1,0,18,0,8,0,0,0,0,1,1,6,1,45,7,-1,-1,-1,7,1,7
2016200075873,1,9,0,18,0,6,0,0,0,0,4,1,6,1,43,7,1339,1,12,1,1,1
2016200075873,2,1,0,15,0,8,5,0,0,0,1,1,6,1,49,8,-1,-1,-1,1,1,1
2016200075901,1,9,0,18,0,0,0,0,0,0,4,1,6,1,-1,-1,2143,2,2,-1,-1,-1
2016200075901,2,9,0,12,0,0,0,0,0,0,3,1,6,1,24,5,1390,1,1,2,1,2
2016200075902,1,9,0,9,0,6,0,0,0,0,1,1,1,1,40,7,-1,-1,-1,1,1,1
2016200075902,2,1,0,18,0,8,0,0,0,0,1,1,6,2,62,9,-1,-1,-1,5,1,5
2016200075911,1,9,0,18,0,8,0,0,0,0,4,1,6,1,41,7,2993,2,8,4,1,4
2016200075911,2,9,0,18,0,8,0,0,0,0,1,1,6,1,72,10,1896,2,7,4,1,4
2016200075928,1,9,0,18,0,8,0,0,0,0,1,1,6,2,-1,-1,-1,-1,-1,-1,-1,-1
2016200075928,2,1,0,18,0,8,0,0,0,0,1,1,6,1,9,2,-1,-1,-1,3,1,3
2016200075946,1,9,0,18,0,0,0,0,0,0,1,1,6,1,32,6,1229,1,1,2,1,2
2016200075946,2,9,0,18,0,0,0,0,1,10,2,1,6,2,22,5,1149,1,3,3,1,3
2016200075952,1,9,0,14,0,0,0,0,0,0,4,1,6,2,21,5,1398,2,13,1,1,1
2016200075965,1,9,0,18,0,1,0,0,0,0,1,1,6,3,-1,-1,-1,-1,-1,-1,-1,-1
2016200075965,2,9,0,3,0,1,0,0,0,0,2,1,6,1,51,8,1598,1,1,4,1,4
2016200075979,1,9,0,4,0,0,0,0,0,0,1,1,6,2,29,6,995,1,4,2,1,2
2016200075979,2,9,0,3,0,0,0,0,0,0,1,1,6,1,27,6,1299,1,13,1,1,1
2016200075979,3,9,0,3,0,0,0,0,0,0,2,1,6,2,54,8,1998,1,14,2,1,2
2016200076008,1,3,0,18,0,8,5,10,1,4,1,1,6,1,38,7,125,1,12,2,1,2
2016200076035,1,9,0,10,0,8,0,0,0,0,1,1,6,1,69,10,998,1,4,4,1,4
2016200076035,2,11,0,18,0,8,0,0,0,0,1,1,1,1,30,6,6871,2,10,5,1,5
2016200076052,1,9,0,9,0,5,0,0,0,0,3,1,6,1,28,6,1349,1,3,1,1,1
2016200076052,2,9,0,18,0,8,1,0,0,0,1,1,6,1,25,5,-1,-1,-1,1,1,1
2016200076057,1,9,0,6,0,6,0,10,7,0,3,1,5,1,46,8,1560,2,10,3,1,3
2016200076057,2,9,0,18,0,8,0,4,7,2,1,1,5,2,23,5,1598,1,7,2,1,2
2016200076058,1,9,0,18,0,3,0,0,0,0,2,1,6,2,20,4,998,1,8,7,1,7
2016200076058,2,9,0,18,0,3,0,0,0,0,1,1,6,3,-1,-1,1968,2,5,-1,-1,-1
2016200076071,1,9,0,18,0,4,0,0,0,0,1,1,5,1,70,10,1398,1,3,1,1,1
2016200076071,2,9,0,18,0,3,0,0,0,0,4,1,1,1,46,8,-1,-1,-1,1,1,1
2016200076076,1,9,0,6,0,0,0,0,0,0,3,1,6,1,29,6,1968,2,7,4,2,4
2016200076076,2,9,0,18,0,0,0,0,0,0,1,1,6,1,51,8,1242,1,12,2,1,2
2016200076084,1,1,0,18,9,1,0,0,0,0,4,1,6,1,-1,-1,-1,-1,-1,2,1,2
2016200076084,2,9,0,18,0,1,0,0,0,0,1,1,6,3,-1,-1,1560,2,-1,-1,-1,-1
2016200076088,1,9,0,18,0,8,0,0,0,0,1,1,6,1,20,4,1364,1,8,1,1,1
2016200076088,2,9,0,6,0,8,0,0,0,0,4,1,6,1,65,9,-1,-1,-1,2,1,2
2016200076099,1,9,0,18,0,0,0,0,0,0,1,1,2,2,45,7,1598,1,12,8,1,8
2016200076099,2,9,0,4,0,0,0,0,0,0,2,1,2,1,46,8,1984,1,8,5,1,5
2016200076099,3,9,0,4,0,0,0,0,0,0,2,1,2,2,39,7,1339,1,7,8,1,8
2016200076108,1,9,0,7,0,1,0,0,0,0,1,1,6,2,31,6,998,1,13,1,1,1
2016200076115,1,9,0,18,0,0,0,0,0,0,1,1,6,3,-1,-1,1984,1,10,-1,-1,-1
2016200076115,2,8,0,3,0,0,0,0,0,0,2,1,1,1,49,8,2231,2,10,1,1,1
2016200076144,1,9,0,9,0,6,0,0,0,0,3,1,2,1,25,5,1364,1,7,2,1,2
2016200076144,2,9,0,14,0,8,0,0,0,0,1,1,1,1,46,8,1686,2,11,3,1,3
2016200076178,1,9,0,7,0,6,0,0,0,0,1,1,6,3,-1,-1,1988,1,14,-1,-1,-1
2016200076178,2,9,0,18,0,8,0,0,0,0,1,1,6,1,22,5,1199,2,5,5,1,5
2016200076178,3,9,0,18,0,1,0,0,0,0,1,1,6,1,58,9,1298,1,18,3,1,3
2016200076179,1,9,0,7,0,6,0,0,0,0,1,1,6,1,31,6,1242,1,10,1,1,1
2016200076179,2,9,0,18,0,8,0,4,0,0,4,1,1,2,54,8,1910,2,7,3,1,3
2016200076179,3,9,0,2,0,1,0,0,0,0,3,1,5,2,-1,-1,998,1,10,3,1,3
2016200076179,4,9,0,2,0,1,0,0,0,0,1,1,5,1,-1,-1,1589,1,19,3,1,3
2016200076185,1,9,0,18,0,0,0,0,0,0,0,1,6,2,61,9,1248,1,6,6,1,6
2016200076192,1,9,0,9,0,5,0,0,0,0,3,1,5,1,69,10,1798,1,8,4,1,4
2016200076192,2,1,0,18,0,8,0,0,0,0,1,1,5,1,48,8,-1,-1,-1,1,1,1
2016200076193,1,9,0,18,0,0,1,4,1,0,1,1,5,1,42,7,1998,1,9,1,1,1
2016200076193,2,9,0,18,0,0,0,0,0,0,1,1,6,2,25,5,1598,1,8,2,1,2
2016200076193,3,9,0,2,0,0,0,0,0,0,4,1,5,3,-1,-1,1595,1,7,2,1,2
2016200076193,4,90,0,2,0,0,0,0,0,0,3,1,5,1,46,8,-1,-1,-1,2,1,2
2016200076195,1,9,0,18,0,1,0,0,0,0,1,1,6,1,33,6,1769,1,13,3,1,3
2016200076195,2,9,0,3,0,1,0,0,0,0,2,1,6,1,22,5,1390,1,13,4,3,4
2016200076196,1,9,0,1,9,8,0,0,0,0,2,1,6,1,76,11,1560,2,2,2,1,2
2016200076196,2,1,0,18,9,8,0,0,0,0,1,1,6,1,18,4,-1,-1,-1,-1,-1,-1
2016200076207,1,9,0,1,0,5,0,0,0,0,0,1,6,2,27,6,1461,2,-1,-1,-1,-1
2016200076222,1,9,0,9,0,5,0,0,0,0,4,1,5,2,47,8,1242,1,1,2,1,2
2016200076222,2,1,0,15,0,8,0,0,0,0,1,1,5,1,40,7,-1,-1,-1,1,1,1
2016200076223,1,19,0,18,0,8,0,0,0,0,1,1,2,1,27,6,2198,2,10,2,1,2
2016200076223,2,9,0,9,0,5,0,0,0,0,4,1,2,2,23,5,998,1,11,9,1,9
2016200076231,1,8,0,18,0,1,1,0,0,0,1,1,6,3,-1,-1,-1,-1,-1,-1,-1,-1
2016200076231,2,9,0,9,0,1,0,0,0,0,2,1,6,3,-1,-1,-1,-1,-1,-1,-1,-1
2016200076248,1,9,0,1,0,0,0,0,0,0,0,1,6,2,58,9,-1,-1,-1,10,1,10
2016200076261,1,9,0,12,0,3,0,0,0,0,3,1,6,2,45,7,1422,2,8,2,1,2
2016200076261,2,9,0,18,0,8,0,0,0,0,4,1,6,2,52,8,1198,1,2,3,1,3
2016200076262,1,9,0,9,0,5,0,0,0,0,1,1,6,2,34,6,1598,1,8,1,1,1
2016200076262,2,1,0,4,0,8,0,0,0,0,0,1,6,2,43,7,-1,-1,-1,1,1,1
2016200076343,1,9,0,11,0,0,0,0,0,0,1,1,6,3,-1,-1,4163,1,10,-1,-1,-1
2016200076343,2,9,0,18,0,0,0,0,0,0,2,1,6,1,88,11,1318,1,-1,3,1,3
2016200076361,1,9,0,17,0,0,1,4,7,2,1,1,5,1,25,5,1600,1,12,1,1,1
2016200076361,2,9,0,2,0,0,0,0,0,0,3,1,5,2,30,6,-1,-1,-1,2,1,2
2016200076381,1,9,0,11,0,3,0,0,0,0,4,1,5,1,27,6,1988,1,12,4,1,4
2016200076381,2,9,0,12,0,8,0,0,0,0,4,1,5,1,-1,-1,1762,1,18,-1,-1,-1
2016200076386,1,9,0,18,0,1,0,0,0,0,1,1,6,2,49,8,1997,1,10,1,1,1
2016200076386,2,9,0,3,0,1,0,0,0,0,2,1,6,1,37,7,1299,1,17,9,1,9
2016200076412,1,9,0,18,0,1,0,0,0,0,2,1,6,2,22,5,1560,2,-1,2,1,2
2016200076412,2,9,0,8,0,1,0,0,0,0,1,1,6,1,50,8,1995,2,9,1,1,1
2016200076415,1,9,0,18,0,0,0,4,1,0,1,1,6,1,29,6,1991,1,3,1,1,1
2016200076415,2,9,0,2,9,0,0,4,0,0,1,1,6,3,-1,-1,-1,-1,-1,-1,-1,-1
2016200076415,3,9,0,2,9,0,0,0,0,0,2,1,6,3,-1,-1,1242,1,10,-1,-1,-1
2016200076426,1,9,0,18,0,8,0,0,0,0,1,1,5,2,31,6,1398,2,2,1,1,1
2016200076426,2,9,0,18,0,8,0,0,0,0,2,1,1,1,30,6,1950,2,-1,1,1,1
2016200076437,1,9,0,4,0,8,0,0,0,0,1,1,6,1,-1,-1,1199,1,17,-1,-1,-1
2016200076437,2,1,0,18,0,8,0,0,0,0,1,1,1,1,43,7,-1,-1,-1,3,1,3
2016200076447,1,9,0,5,0,4,0,0,0,0,3,1,1,2,43,7,2143,2,-1,-1,-1,-1
2016200076447,2,1,0,18,0,8,0,0,0,0,1,1,6,1,20,4,-1,-1,-1,9,3,9
2016200076459,1,9,0,12,0,0,0,0,0,0,3,1,6,1,-1,-1,1598,1,1,1,1,1
2016200076459,2,98,0,18,0,0,0,0,0,0,3,1,6,3,-1,-1,-1,-1,-1,-1,-1,-1
2016200076477,1,9,0,9,0,5,0,0,0,0,1,1,6,1,28,6,-1,-1,-1,1,1,1
2016200076477,2,9,0,18,0,8,0,0,0,0,1,1,6,1,22,5,1968,2,8,3,1,3
2016200076491,1,9,0,18,0,4,0,0,0,0,2,1,1,3,-1,-1,-1,-1,-1,-1,-1,-1
2016200076491,2,1,0,18,0,3,0,0,0,0,2,1,1,2,33,6,-1,-1,-1,5,1,5
2016200076506,1,9,0,7,0,5,0,0,0,0,4,1,6,2,25,5,1390,1,3,4,2,4
2016200076506,2,1,0,18,0,2,0,0,0,0,1,1,6,1,46,8,-1,-1,-1,1,1,1
2016200076507,1,9,0,18,0,0,0,0,0,0,0,1,6,1,40,7,1598,1,8,7,1,7
2016200076507,2,9,0,18,0,0,0,0,0,0,0,1,6,3,-1,-1,1968,2,5,-1,-1,-1
2016200076539,1,9,0,18,0,0,0,0,0,0,1,1,1,1,36,7,1900,2,11,1,1,1
2016200076548,1,9,0,18,0,0,0,0,0,0,3,1,6,1,-1,-1,1896,2,6,2,1,2
2016200076561,1,9,0,18,0,4,0,0,0,0,2,1,1,1,57,9,1686,2,6,2,1,2
2016200076561,2,9,0,18,0,4,0,0,0,0,1,1,6,1,17,4,1229,1,9,1,1,1
2016200076562,1,9,0,9,0,6,5,0,0,0,4,1,6,1,84,11,1386,1,6,3,1,3
2016200076562,2,9,0,18,0,8,1,0,0,0,1,1,6,1,38,7,1994,2,19,3,1,3
2016200076569,1,9,0,5,0,0,0,0,0,0,3,1,6,1,-1,-1,1900,2,10,-1,-1,-1
2016200076569,2,1,0,14,0,0,0,0,0,0,4,1,2,1,29,6,-1,-1,-1,2,1,2
2016200076593,1,9,0,4,0,0,0,0,0,0,1,1,6,1,-1,-1,1796,1,18,-1,-1,-1
2016200076593,2,9,0,3,0,0,0,0,0,0,2,1,6,2,22,5,1242,1,2,6,1,6
2016200076602,1,9,0,18,0,4,0,0,0,0,1,1,6,3,-1,-1,-1,-1,-1,-1,-1,-1
2016200076602,2,9,0,4,0,4,0,0,0,0,1,1,1,1,34,6,1999,1,9,1,1,1
2016200076625,1,3,0,9,0,5,0,0,0,0,3,1,1,1,25,5,125,1,3,1,1,1
2016200076625,2,9,0,13,0,8,0,0,0,0,1,1,6,3,-1,-1,1360,1,12,-1,-1,-1
2016200076629,1,9,0,17,0,2,0,0,0,0,4,1,6,3,-1,-1,-1,-1,-1,-1,-1,-1
2016200076629,2,9,0,4,0,1,0,0,0,0,3,1,6,1,23,5,1198,1,10,7,1,7
2016200076677,1,9,0,12,0,8,0,0,0,0,1,1,6,1,31,6,1968,2,11,1,1,1
2016200076677,2,3,0,16,0,3,0,0,0,0,4,1,6,1,25,5,124,1,4,1,1,1
2016200076680,1,9,0,7,0,5,0,0,0,0,1,1,6,2,26,6,1596,1,12,2,1,2
2016200076680,2,9,0,13,0,2,0,0,0,0,4,1,6,3,-1,-1,1969,2,-1,3,1,3
2016200076681,1,9,0,18,0,0,0,0,0,0,1,1,6,1,58,9,-1,-1,-1,2,1,2
2016200076684,1,9,0,3,0,1,0,0,0,0,2,1,6,1,26,6,1799,1,9,3,1,3
2016200076684,2,9,0,18,0,1,0,0,0,0,1,1,6,2,-1,-1,1596,1,6,-1,-1,-1
2016200076684,3,9,0,3,0,1,0,0,0,0,2,1,6,1,38,7,1995,1,5,4,1,4
2016200076686,1,3,0,4,0,0,1,0,0,0,1,1,6,1,28,6,124,1,1,4,1,4
2016200076686,2,9,0,4,0,0,0,0,0,0,0,1,6,1,34,6,2179,2,9,8,1,8
2016200076686,3,20,0,18,0,0,0,0,0,0,1,1,1,1,-1,-1,2998,2,8,2,1,2
2016200076691,1,9,0,5,0,1,0,0,0,0,1,1,6,3,-1,-1,1796,1,8,-1,-1,-1
2016200076691,2,1,0,18,0,1,0,0,0,0,1,1,6,1,15,3,-1,-1,-1,7,1,7
2016200076694,1,9,0,18,0,1,0,0,0,0,1,1,6,3,-1,-1,-1,-1,-1,-1,-1,-1
2016200076706,1,9,0,5,0,6,0,0,0,0,1,1,6,1,-1,-1,1997,1,3,9,1,9
2016200076706,2,9,0,18,0,8,0,10,7,4,4,1,6,1,73,10,1769,1,13,3,1,3
2016200076711,1,97,0,18,0,0,0,0,0,0,1,1,6,3,-1,-1,-1,-1,-1,-1,-1,-1
2016200076717,1,9,0,17,0,0,5,4,0,0,1,1,5,1,22,5,1461,2,12,1,1,1
2016200076717,2,9,0,2,0,0,0,0,0,0,3,1,6,3,-1,-1,-1,-1,-1,-1,-1,-1
2016200076728,1,9,0,7,0,1,0,10,7,2,1,1,1,1,29,6,1896,2,9,5,1,5
2016200076792,1,9,0,5,0,6,0,0,0,0,1,1,6,3,-1,-1,-1,-1,-1,-1,-1,-1
2016200076833,1,11,0,18,0,0,0,0,0,0,2,1,6,3,-1,-1,9360,2,5,-1,-1,-1
2016200076833,2,9,0,18,0,0,0,0,0,0,2,1,6,3,45,7,1598,1,11,4,1,4
2016200076855,1,9,0,7,0,4,0,0,0,0,3,1,6,2,25,5,1197,1,6,1,1,1
2016200076855,2,9,0,18,0,8,0,0,0,0,1,1,6,1,50,8,2354,1,9,2,1,2
2016200076870,1,9,0,5,0,6,0,0,0,0,0,1,6,1,34,6,1997,7,13,1,1,1
2016200076870,2,9,0,18,0,8,0,0,0,0,4,1,6,1,24,5,2148,2,8,1,1,1
2016200076968,1,9,0,9,0,8,0,0,0,0,4,1,6,1,31,6,1753,2,7,4,1,4
2016200076968,2,9,0,18,0,8,0,0,0,0,1,1,6,1,22,5,1995,2,3,8,1,8
2016200076983,1,9,0,7,0,4,0,0,0,0,1,1,6,2,27,6,1461,2,9,3,1,3
2016200076983,2,9,0,18,0,8,0,0,0,0,1,1,6,3,-1,-1,1587,1,14,-1,-1,-1
2016200076992,1,19,0,4,0,0,0,0,0,0,1,1,1,1,49,8,1968,2,-1,4,1,4
2016200076992,2,98,0,4,0,0,0,0,0,0,2,1,3,1,52,8,-1,-1,-1,2,1,2
2016200076992,3,9,0,4,0,0,0,0,0,0,2,1,1,2,44,7,1686,2,5,8,1,8
2016200077013,1,9,0,9,0,5,0,0,0,0,4,1,6,2,50,8,-1,-1,-1,1,1,1
2016200077013,2,9,0,18,0,8,0,0,0,0,1,1,1,1,48,8,2360,1,9,1,1,1
2016200077054,1,9,0,4,0,0,0,0,0,0,1,1,6,3,-1,-1,-1,-1,-1,-1,-1,-1
2016200077054,2,97,0,4,0,0,0,0,0,0,2,1,1,1,34,6,-1,-1,-1,3,1,3
2016200077119,1,9,0,18,0,8,0,0,0,0,1,1,6,2,48,8,1364,1,1,2,1,2
2016200077119,2,9,0,18,0,8,0,0,0,0,4,1,6,1,62,9,2143,2,1,8,1,8
2016200077131,1,9,0,18,0,0,0,0,0,0,4,1,6,1,51,8,2926,2,14,2,1,2
2016200077131,2,1,0,18,0,0,0,0,0,0,1,1,6,1,8,2,-1,-1,-1,1,1,1
2016200077144,1,11,0,2,3,0,0,0,0,0,1,1,1,1,-1,-1,-1,-1,-1,-1,-1,-1
2016200077149,1,1,0,9,0,6,0,0,0,0,3,1,6,1,94,11,-1,-1,-1,2,1,2
2016200077149,2,90,0,18,0,8,0,0,0,0,1,1,1,1,54,8,-1,-1,-1,-1,-1,-1
2016200077155,1,9,0,12,0,0,0,0,0,0,3,1,6,2,29,6,1968,2,11,2,1,2
2016200077155,2,9,0,18,0,0,0,0,0,0,1,1,6,2,19,4,1796,1,11,1,1,1
2016200077160,1,-1,0,18,0,4,0,0,0,0,1,1,6,3,-1,-1,-1,-1,-1,-1,-1,-1
2016200077160,2,1,0,8,0,3,5,0,0,0,2,1,6,1,54,8,-1,-1,-1,1,1,1
2016200077237,1,9,0,9,0,5,0,0,0,0,4,1,6,1,40,7,2231,2,8,1,1,1
2016200077237,2,9,0,9,0,6,0,0,0,0,1,1,6,3,-1,-1,2982,2,13,-1,-1,-1
2016200077238,1,9,0,7,0,6,0,0,0,0,4,1,6,1,48,8,1598,2,-1,1,1,1
2016200077238,2,1,0,18,9,8,0,0,0,0,1,1,6,1,12,3,-1,-1,-1,4,1,4
2016200077242,1,98,0,5,0,0,0,0,0,0,4,1,6,3,-1,-1,-1,-1,-1,-1,-1,-1
2016200077247,1,9,0,18,9,2,0,10,7,0,1,1,6,1,62,9,1596,1,1,7,1,7
2016200077272,1,11,0,14,0,0,0,0,0,0,0,1,1,1,34,6,7300,2,4,-1,-1,-1
2016200077316,1,21,0,11,0,3,0,0,0,0,1,1,1,1,24,5,10308,2,6,9,1,9
2016200077316,2,9,0,18,0,8,0,0,0,0,3,1,6,1,55,8,998,1,3,7,1,7
2016200077317,1,9,0,7,0,1,0,0,0,0,2,1,1,1,77,11,1596,1,6,9,1,9
2016200077317,2,5,0,18,0,1,0,0,0,0,1,1,1,1,24,5,750,1,23,2,1,2
2016200077357,1,9,0,7,0,1,0,0,0,0,4,1,6,3,-1,-1,1968,2,1,-1,-1,-1
2016200077357,2,1,0,15,0,1,0,0,0,0,1,1,6,1,41,7,-1,-1,-1,1,1,1
2016200077386,1,9,0,18,0,6,0,0,0,0,1,1,6,1,49,8,1590,1,12,1,1,1
2016200077386,2,9,0,18,0,8,0,0,0,0,3,1,6,1,28,6,1995,2,6,1,1,1
2016200077404,1,9,0,4,0,0,0,0,0,0,2,1,2,1,49,8,1461,2,-1,-1,-1,-1
2016200077404,2,9,0,4,0,0,0,0,0,0,1,1,2,1,34,6,1560,2,1,1,1,1
2016200077404,3,9,0,4,0,0,0,0,0,0,2,1,2,1,34,6,1995,2,9,-1,-1,-1
2016200077404,4,9,0,4,0,0,0,0,0,0,1,1,2,2,27,6,-1,-1,-1,-1,-1,-1
2016200077404,5,9,0,4,0,0,0,0,0,0,1,1,6,1,39,7,1753,2,15,2,1,2
2016200077418,1,9,0,5,0,1,0,0,0,0,1,1,6,1,-1,-1,1596,1,15,3,1,3
2016200077418,2,9,0,3,0,1,0,0,0,0,0,1,6,1,52,8,1248,2,10,1,1,1
2016200077418,3,9,0,3,0,1,0,0,0,0,0,1,6,1,21,5,1197,1,3,3,1,3
2016200077479,1,9,0,1,0,0,0,0,0,0,1,1,1,3,-1,-1,1198,1,4,-1,-1,-1
2016200077479,2,5,0,4,0,0,0,0,0,0,2,1,1,1,47,8,847,1,2,2,1,2
2016200077501,1,9,0,9,0,8,1,0,0,0,4,1,6,1,46,8,1339,1,12,1,1,1
2016200077501,2,8,0,18,0,8,0,0,0,0,1,1,6,1,48,8,2496,2,17,1,1,1
2016200077514,1,9,0,1,0,1,0,0,0,0,2,1,6,3,-1,-1,1995,2,2,-1,-1,-1
2016200077515,1,9,0,18,0,3,0,0,0,0,1,1,6,1,33,6,1197,1,3,-1,-1,-1
2016200077525,1,9,0,17,0,8,0,0,0,0,4,1,1,1,22,5,1896,2,11,1,1,1
2016200077525,2,9,0,18,0,4,0,0,0,0,1,1,6,3,-1,-1,-1,-1,-1,-1,-1,-1
2016200077555,1,9,0,18,0,0,0,0,0,0,1,1,6,1,-1,-1,1896,1,16,3,1,3
2016200077563,1,9,0,9,0,6,0,0,0,0,2,1,6,1,32,6,1997,2,11,2,1,2
2016200077563,2,9,0,5,0,8,0,0,0,0,1,1,6,1,34,6,2993,2,-1,9,1,9
2016200077608,1,9,0,18,0,6,0,0,0,0,1,1,5,1,29,6,1590,1,12,3,1,3
2016200077608,2,9,0,18,0,8,0,0,0,0,1,1,5,1,38,7,1995,2,4,6,1,6
2016200077646,1,11,0,5,0,8,0,0,0,0,0,1,1,1,58,9,-1,-1,-1,3,1,3
2016200077646,2,9,0,7,0,5,0,0,0,0,0,1,6,3,-1,-1,-1,-1,-1,-1,-1,-1
2016200077652,1,9,0,3,0,1,0,0,0,0,0,1,6,2,33,6,-1,-1,-1,2,1,2
2016200077652,2,9,0,18,0,1,1,0,0,0,4,1,6,3,-1,-1,1198,1,5,-1,-1,-1
2016200077690,1,97,0,9,0,6,0,0,0,0,3,1,6,1,14,3,-1,-1,-1,4,1,4
2016200077690,2,9,0,18,0,8,0,0,0,0,1,1,2,1,42,7,1598,1,10,5,1,5
2016200077691,1,9,0,18,0,0,0,0,4,0,-1,1,6,1,53,8,1910,2,11,4,1,4
2016200077704,1,9,0,18,0,1,0,10,1,10,1,1,6,1,21,5,1229,1,10,2,1,2