Accident_Index,Vehicle_Reference,Vehicle_Type,Towing_and_Articulation,Vehicle_Manoeuvre,Vehicle_Location-Restricted_Lane,Junction_Location,Skidding_and_Overturning,Hit_Object_in_Carriageway,Vehicle_Leaving_Carriageway,Hit_Object_off_Carriageway,1st_Point_of_Impact,Was_Vehicle_Left_Hand_Drive?,Journey_Purpose_of_Driver,Sex_of_Driver,Age_of_Driver,Age_Band_of_Driver,Engine_Capacity_(CC),Propulsion_Code,Age_of_Vehicle,Driver_IMD_Decile,Driver_Home_Area_Type,Vehicle_IMD_Decile
2016200080025,1,9,0,18,0,1,0,0,0,0,1,1,6,1,-1,-1,1364,1,10,-1,-1,-1
2016200080025,2,9,0,3,0,1,0,0,0,0,2,1,6,2,42,7,1598,1,4,5,1,5
2016200080027,1,9,0,18,0,0,0,0,0,0,3,1,1,1,36,7,-1,-1,-1,1,1,1
2016200080042,1,9,0,18,0,2,0,0,0,0,4,1,2,1,59,9,1999,1,17,2,1,2
2016200080050,1,9,0,18,0,2,0,0,0,0,1,1,2,2,37,7,1598,2,3,4,2,4
2016200080073,1,9,0,-1,0,0,0,0,0,0,-1,1,6,2,22,5,1242,1,4,1,1,1
2016200080082,1,9,0,4,0,0,0,0,0,0,4,1,1,1,68,10,698,1,11,4,1,4
2016200080095,1,9,0,14,0,1,0,0,0,0,1,1,6,1,21,5,1968,2,6,7,1,7
2016200080095,2,9,0,18,0,2,0,0,0,0,1,1,6,2,54,8,1598,1,-1,4,1,4
2016200080099,1,9,0,7,0,5,0,0,0,0,4,1,6,2,55,8,1598,2,4,8,1,8
2016200080099,2,23,0,18,0,8,0,0,0,0,1,1,6,1,53,8,125,1,18,6,1,6
2016200080142,1,9,0,9,0,8,0,0,0,0,1,1,6,2,18,4,998,1,6,7,2,7
2016200080142,2,5,0,18,0,8,0,0,0,0,3,1,6,1,51,8,1250,1,9,8,1,8
2016200080146,1,9,0,3,0,1,0,0,0,0,2,1,6,2,38,7,-1,-1,-1,1,1,1
2016200080146,2,9,0,18,0,1,0,0,0,0,1,1,6,3,-1,-1,998,1,22,-1,-1,-1
2016200080148,1,9,0,18,0,1,0,0,0,0,3,1,5,1,-1,-1,-1,-1,-1,4,1,4
2016200080148,2,9,0,18,0,1,0,0,0,0,4,1,5,1,52,8,1598,1,10,3,1,3
2016200080214,1,9,0,9,0,8,0,0,0,0,1,1,6,1,26,6,1910,2,11,2,1,2
2016200080214,2,9,0,17,0,8,0,0,0,0,4,1,6,1,34,6,1997,2,5,1,1,1
2016200080227,1,9,0,18,0,1,0,0,0,0,4,1,6,2,58,9,1200,1,2,-1,-1,-1
2016200080250,1,9,0,14,0,0,0,0,0,0,0,1,5,1,62,9,1587,1,14,3,1,3
2016200080278,1,9,0,18,0,2,0,0,0,0,1,1,6,1,42,7,1910,2,7,1,1,1
2016200080290,1,9,0,15,0,0,0,10,1,2,3,1,1,1,24,5,2993,2,9,2,1,2
2016200080304,1,9,0,11,0,0,0,0,0,0,0,1,1,1,28,6,-1,-1,-1,5,1,5
2016200080304,2,1,0,18,0,0,0,0,0,0,1,1,1,1,50,8,-1,-1,-1,4,1,4
2016200080333,1,9,0,1,0,0,0,0,0,0,0,1,6,3,-1,-1,1587,1,11,-1,-1,-1
2016200080341,1,9,0,18,0,0,0,0,0,0,1,1,5,1,29,6,1985,1,13,5,1,5
2016200080355,1,9,0,18,0,1,0,0,0,0,1,1,1,1,20,4,1997,2,10,1,1,1
2016200080355,2,9,0,3,0,1,0,0,0,0,2,1,6,1,55,8,1994,2,11,9,3,9
2016200080358,1,9,0,-1,-1,0,0,-1,-1,0,2,1,6,2,26,6,1108,1,9,7,1,7
2016200080358,2,9,0,-1,-1,0,0,-1,-1,0,-1,1,6,1,59,9,1956,2,3,7,1,7
2016200080358,3,9,0,-1,-1,0,0,-1,-1,0,-1,1,6,1,-1,-1,1984,1,14,2,1,2
2016200080375,1,9,0,18,0,1,1,0,0,0,1,1,6,1,38,7,1299,1,14,9,1,9
2016200080375,2,5,0,3,0,1,0,0,0,0,2,1,6,1,40,7,955,1,15,6,1,6
2016200080375,3,9,0,3,0,1,0,0,0,0,2,1,6,2,-1,-1,1248,2,4,7,1,7
2016200080391,1,9,0,18,0,3,0,0,0,0,1,1,6,1,-1,-1,1995,2,6,9,1,9
2016200080391,2,9,0,18,0,3,0,0,0,0,2,1,1,2,-1,-1,1242,1,1,9,1,9
2016200080412,1,9,0,4,0,0,0,0,0,0,1,1,6,1,53,8,2148,2,11,5,1,5
2016200080412,2,9,0,3,0,0,0,0,0,0,2,1,6,1,30,6,1598,1,11,1,1,1
2016200080413,1,9,0,14,0,0,0,0,0,0,1,1,6,2,72,10,1242,1,3,1,1,1
2016200080421,1,9,0,2,0,2,0,0,0,0,3,1,6,1,31,6,1896,2,11,3,1,3
2016200080421,2,9,0,9,0,5,0,8,0,0,4,1,1,1,35,6,1956,2,2,-1,-1,-1
2016200080427,1,9,0,7,0,5,0,0,0,0,1,1,6,3,30,6,1995,2,6,-1,-1,-1
2016200080447,1,9,0,9,0,5,0,0,0,0,4,1,6,1,23,5,1560,2,1,5,1,5
2016200080447,2,1,0,18,0,8,0,0,0,0,1,1,2,1,49,8,-1,-1,-1,3,1,3
2016200080448,1,9,0,18,0,0,0,0,0,0,1,1,6,3,-1,-1,-1,-1,-1,-1,-1,-1
2016200080448,2,1,0,18,0,0,0,0,0,0,1,1,6,1,21,5,-1,-1,-1,1,1,1
2016200080455,1,9,0,18,0,0,0,0,0,0,1,1,5,1,32,6,3199,1,15,2,1,2
2016200080483,1,9,0,18,0,8,0,0,0,0,1,1,6,2,36,7,1998,2,5,1,1,1
2016200080483,2,9,0,9,0,8,0,0,0,0,1,1,1,1,55,8,2231,2,8,1,1,1
2016200080497,1,9,0,4,0,0,0,0,0,0,2,1,6,1,51,8,1753,2,7,5,1,5
2016200080497,2,9,0,18,0,0,0,0,0,0,1,1,6,1,-1,-1,2099,1,13,7,1,7
2016200080507,1,9,0,18,0,1,0,0,0,0,1,1,1,3,39,7,1598,1,13,1,1,1
2016200080508,1,9,0,18,0,0,0,0,0,0,1,1,6,3,-1,-1,2982,2,19,3,1,3
2016200080511,1,11,0,18,0,0,0,0,0,0,3,1,1,1,-1,-1,4462,2,9,-1,-1,-1
2016200080511,2,9,0,13,0,0,0,0,0,0,4,1,6,3,-1,-1,-1,-1,-1,-1,-1,-1
2016200080561,1,9,0,18,0,8,0,0,1,0,1,1,6,1,31,6,1753,2,9,4,1,4
2016200080561,2,9,0,9,0,5,0,0,0,0,1,1,6,1,27,6,1984,1,6,4,1,4
2016200080569,1,9,0,5,0,8,1,0,0,0,3,1,6,1,27,6,1399,2,4,2,1,2
2016200080569,2,9,0,5,0,8,0,0,0,0,4,1,2,1,27,6,1598,1,12,1,1,1
2016200080571,1,9,0,16,0,0,1,10,0,0,1,1,6,2,36,7,1997,2,13,6,1,6
2016200080571,2,8,0,4,0,0,0,0,0,0,2,1,1,1,59,9,2499,2,4,2,1,2
2016200080571,3,9,0,4,0,0,0,0,0,0,1,1,6,3,-1,-1,1996,1,15,-1,-1,-1
2016200080571,4,9,0,4,0,0,0,0,0,0,1,1,6,1,49,8,1796,1,14,8,1,8
2016200080571,5,9,0,4,0,0,0,0,0,0,2,1,6,1,47,8,1242,1,1,3,1,3
2016200080571,6,9,0,4,0,0,0,0,0,0,1,1,6,1,44,7,-1,-1,-1,2,1,2
2016200080574,1,19,0,4,0,0,0,0,0,0,1,1,1,1,46,8,-1,-1,-1,1,1,1
2016200080574,2,9,0,4,0,0,0,0,0,0,2,1,6,2,24,5,1362,1,4,4,1,4
2016200080574,3,9,0,4,0,0,0,0,0,0,2,1,6,2,20,4,1242,1,1,3,1,3
2016200080592,1,9,0,18,0,2,0,0,0,0,4,1,5,1,21,5,1390,1,9,4,1,4
2016200080592,2,9,0,7,0,6,0,0,0,0,3,1,5,3,-1,-1,1598,1,7,-1,-1,-1
2016200080595,1,9,0,18,0,1,0,0,0,0,1,1,5,3,-1,-1,4163,1,9,-1,-1,-1
2016200080595,2,9,0,8,0,1,0,0,0,0,2,1,5,1,79,11,1296,1,8,1,1,1
2016200080652,1,9,0,1,0,0,0,0,0,0,2,1,6,1,-1,-1,-1,-1,-1,1,1,1
2016200080652,2,1,0,18,0,0,5,0,0,0,0,1,6,2,12,3,-1,-1,-1,1,1,1
2016200080735,1,9,0,18,0,1,0,0,0,0,1,1,6,2,30,6,1595,1,3,6,3,6
2016200080735,2,9,0,10,0,1,0,0,0,0,2,1,5,1,44,7,1968,2,7,3,1,3
2016200080741,1,9,0,18,0,8,1,9,0,0,1,1,6,1,22,5,1896,2,11,2,1,2
2016200080765,1,9,0,2,0,0,0,0,0,0,2,1,6,2,26,6,1086,1,12,2,1,2
2016200080765,2,9,0,1,0,0,0,4,0,0,1,1,6,1,50,8,1299,1,9,4,1,4
2016200080785,1,9,0,16,0,0,5,0,1,0,1,1,6,1,20,4,1781,1,13,7,1,7
2016200080796,1,9,0,18,0,1,0,0,0,0,1,1,6,3,30,6,1596,1,12,-1,-1,-1
2016200080796,2,9,0,5,0,1,0,0,0,0,2,1,6,1,32,6,1388,1,12,1,1,1
2016200080800,1,9,0,9,0,6,0,0,0,0,3,1,1,1,40,7,1968,2,5,9,1,9
2016200080800,2,9,0,18,0,8,0,0,0,0,1,1,1,1,29,6,1968,2,8,3,1,3
2016200080819,1,9,0,17,0,4,0,0,0,0,1,1,1,2,58,9,1998,1,1,10,1,10
2016200080819,2,1,0,16,0,8,0,0,0,0,4,1,1,2,57,9,-1,-1,-1,10,1,10
2016200080823,1,9,0,13,0,0,0,0,0,0,1,1,6,2,20,4,1199,2,3,1,1,1
2016200080823,2,9,0,17,0,0,0,0,0,0,1,1,6,2,33,6,1560,2,4,2,1,2
2016200080850,1,9,0,1,0,6,0,4,0,0,2,1,5,1,36,7,1896,2,13,2,1,2
2016200080850,2,9,0,18,0,8,0,4,0,0,1,1,5,1,35,6,2148,2,11,2,1,2
2016200080850,3,9,0,2,0,1,0,0,0,0,0,1,5,1,28,6,1598,2,5,2,1,2
2016200080850,4,9,0,2,0,8,0,0,0,0,0,1,5,1,31,6,1998,1,12,2,1,2
2016200080878,1,9,0,18,0,8,0,0,0,0,4,1,6,1,68,10,2993,2,10,6,1,6
2016200080878,2,5,0,18,0,8,0,0,0,0,1,1,6,1,54,8,1352,1,3,7,1,7
2016200080883,1,90,0,18,0,0,1,10,7,0,1,1,6,1,20,4,700,1,8,5,1,5
2016200080883,2,9,0,2,9,0,0,0,0,0,2,1,6,1,51,8,-1,-1,-1,6,1,6
2016200080906,1,9,0,7,0,8,2,0,0,0,3,1,6,2,44,7,1968,2,9,7,1,7
2016200080906,2,2,0,9,0,8,0,0,0,0,0,1,6,1,19,4,49,1,2,1,1,1
2016200080915,1,9,0,5,0,6,0,0,0,0,1,1,6,3,30,6,-1,-1,-1,-1,-1,-1
2016200080915,2,1,0,18,9,8,0,0,0,0,1,1,6,1,29,6,-1,-1,-1,2,1,2
2016200080945,1,9,0,13,0,0,0,0,0,0,3,1,6,3,-1,-1,-1,-1,-1,-1,-1,-1
2016200080945,2,9,0,14,0,0,0,4,0,0,3,1,6,1,46,8,1396,1,15,8,1,8
2016200080945,3,11,0,2,0,0,0,0,0,0,0,1,1,1,59,9,8268,2,12,6,1,6
2016200080954,1,9,0,2,0,1,0,0,0,0,0,1,2,1,22,5,1389,1,15,4,1,4
2016200080954,2,5,0,14,0,1,0,8,0,0,1,1,2,1,49,8,599,1,19,2,1,2
2016200080973,1,1,0,16,0,4,0,0,0,0,3,1,5,2,40,7,-1,-1,-1,1,1,1
2016200080973,2,9,0,17,0,8,0,0,0,0,1,1,6,3,30,6,-1,-1,-1,-1,-1,-1
2016200080974,1,9,0,18,0,0,0,0,0,0,1,1,6,1,18,4,2179,2,7,1,1,1
2016200080974,2,9,0,4,0,0,0,0,0,0,2,1,6,1,41,7,1198,1,11,1,1,1
2016200080982,1,9,0,14,0,0,0,0,0,0,1,1,2,1,22,5,1598,1,7,8,1,8
2016200081010,1,9,0,18,0,8,0,0,0,0,1,1,6,2,74,10,1598,2,1,1,1,1
2016200081010,2,9,0,18,0,8,0,0,0,0,4,1,6,1,21,5,1596,1,12,10,1,10
2016200081013,1,97,0,18,0,0,0,0,0,0,1,1,6,3,-1,-1,-1,-1,-1,-1,-1,-1
2016200081013,2,9,0,3,0,0,0,0,0,0,2,1,6,2,53,8,1388,1,10,1,1,1
2016200081018,1,9,0,3,0,0,0,0,0,0,1,1,6,1,56,9,1598,1,11,1,1,1
2016200081018,2,9,0,18,0,0,0,0,0,0,0,1,6,3,-1,-1,1587,1,15,-1,-1,-1
2016200081025,1,9,0,18,0,0,0,-1,0,0,4,1,6,1,25,5,1995,2,4,1,1,1
2016200081035,1,9,0,9,0,5,0,0,0,0,4,1,6,1,62,9,1999,1,6,10,1,10
2016200081035,2,1,0,18,0,8,0,0,0,0,4,1,6,1,41,7,-1,-1,-1,6,1,6
2016200081071,1,9,0,3,0,0,0,0,0,0,0,1,2,2,44,7,1995,1,9,2,1,2
2016200081071,2,9,0,18,0,0,0,0,0,0,1,1,6,3,-1,-1,1390,1,4,-1,-1,-1
2016200081099,1,9,0,14,0,0,0,0,0,0,1,1,6,3,-1,-1,1598,1,10,-1,-1,-1
2016200081099,2,9,0,3,0,0,0,0,0,0,1,1,6,2,46,8,1299,1,15,2,1,2
2016200081172,1,9,0,5,0,4,0,0,0,0,1,1,5,1,34,6,1995,2,12,1,1,1
2016200081172,2,2,0,18,0,8,5,0,0,0,4,1,5,1,17,4,49,1,3,1,1,1
2016200081184,1,9,0,18,0,4,0,0,0,0,1,1,1,2,60,9,1397,1,7,2,1,2
2016200081184,2,1,0,18,0,8,0,0,0,0,1,1,1,1,49,8,-1,-1,-1,5,1,5
2016200081216,1,9,0,18,0,0,0,0,0,0,1,1,5,1,31,6,1587,1,8,9,1,9
2016200081216,2,9,0,6,0,0,0,0,1,11,2,1,5,1,29,6,1461,2,-1,1,1,1
2016200081246,1,9,0,7,0,8,0,0,0,0,1,1,3,1,41,7,1461,2,6,2,1,2
2016200081269,1,9,0,5,0,1,0,0,0,0,2,1,6,1,-1,-1,1598,1,15,1,1,1
2016200081269,2,9,0,3,0,1,0,0,0,0,2,1,6,1,57,9,2261,1,7,3,1,3
2016200081278,1,9,0,18,0,0,0,0,0,0,1,1,6,1,18,4,1995,2,8,1,1,1
2016200081316,1,9,0,3,0,1,0,0,0,0,1,1,5,1,63,9,1951,2,12,6,1,6
2016200081316,2,98,0,1,0,2,0,0,0,0,2,1,5,3,-1,-1,-1,-1,-1,-1,-1,-1
2016200081340,1,9,0,5,0,1,0,0,0,0,1,1,6,3,-1,-1,-1,-1,-1,-1,-1,-1
2016200081340,2,9,0,3,0,1,0,0,0,0,2,1,2,1,25,5,1496,2,1,4,1,4
2016200081353,1,9,0,4,0,8,0,0,0,0,1,1,6,3,-1,-1,-1,-1,-1,-1,-1,-1
2016200081353,2,1,0,9,0,6,0,0,0,0,1,1,6,1,50,8,-1,-1,-1,1,1,1
2016200081355,1,9,0,18,0,1,0,0,0,0,1,1,6,3,-1,-1,-1,-1,-1,-1,-1,-1
2016200081355,2,9,0,10,0,1,0,0,0,0,2,1,3,2,28,6,1800,1,17,5,1,5
2016200081359,1,9,0,18,0,8,0,0,0,0,1,1,5,2,22,5,1199,1,13,3,1,3
2016200081359,2,1,0,18,0,6,0,0,0,0,1,1,6,1,59,9,-1,-1,-1,2,1,2
2016200081382,1,9,0,6,0,8,0,0,0,0,4,1,6,1,19,4,1390,1,7,1,1,1
2016200081382,2,3,0,18,0,8,0,0,0,0,1,1,6,1,24,5,125,1,11,1,1,1
2016200081382,3,9,0,8,0,1,0,0,0,0,0,1,6,1,61,9,1240,1,8,4,1,4
2016200081384,1,9,0,4,0,8,0,0,0,0,3,1,6,1,39,7,1598,1,10,6,1,6
2016200081384,2,19,0,1,0,6,0,0,0,0,2,1,6,3,-1,-1,2198,2,1,-1,-1,-1
2016200081395,1,9,0,18,0,1,0,0,0,0,3,1,6,1,30,6,-1,-1,-1,-1,-1,-1
2016200081474,1,9,0,18,0,6,0,0,1,11,1,1,5,3,-1,-1,1299,1,17,-1,-1,-1
2016200081474,2,9,0,18,0,8,0,0,0,0,1,1,5,2,33,6,1997,1,12,3,1,3
2016200081605,1,9,0,9,0,6,0,0,0,0,1,1,6,1,48,8,1590,1,12,1,1,1
2016200081605,2,4,0,18,0,8,0,0,0,0,1,1,6,1,36,7,849,1,6,1,1,1
2016200081758,1,9,0,18,0,0,0,0,0,0,4,1,6,1,66,10,3724,1,12,8,1,8
2016200081763,1,9,0,18,0,8,0,0,0,0,1,1,6,3,-1,-1,-1,-1,-1,-1,-1,-1
2016200081763,2,9,0,18,0,8,0,7,8,10,3,1,6,1,-1,-1,1560,2,3,2,1,2
2016200081841,1,9,0,18,0,2,0,0,0,0,1,1,6,3,-1,-1,1596,1,1,-1,-1,-1
2016200081841,2,9,0,3,0,2,0,0,0,0,3,1,6,2,-1,-1,1390,1,13,-1,-1,-1
2016200081843,1,9,0,18,0,6,0,0,0,0,1,1,2,1,28,6,-1,-1,-1,6,1,6
2016200081843,2,9,0,18,0,8,5,0,7,10,4,1,2,1,37,7,1560,2,1,1,1,1
2016200081849,1,9,0,18,0,0,1,10,1,11,1,1,6,3,30,6,1968,2,10,-1,-1,-1
2016200081849,2,9,0,3,0,0,0,0,0,0,0,1,2,1,48,8,1749,1,15,1,1,1
2016200081849,3,9,0,3,0,0,0,0,0,0,1,1,2,2,25,5,1596,1,14,5,1,5
2016200081849,4,9,0,3,0,0,0,0,0,0,0,1,2,1,23,5,1242,1,10,3,1,3
2016200081855,1,3,0,18,0,1,0,0,0,0,3,1,6,1,30,6,125,1,2,3,1,3
2016200081855,2,9,0,3,0,2,0,0,0,0,4,1,6,1,28,6,1598,2,4,1,1,1
2016200081855,3,19,0,3,0,1,0,0,0,0,0,1,6,1,45,7,2198,2,-1,6,1,6
2016200081862,1,9,0,18,0,7,0,0,0,0,3,1,6,2,33,6,1753,2,9,1,1,1
2016200081862,2,1,0,11,0,8,0,0,0,0,4,1,6,1,35,6,-1,-1,-1,1,1,1
2016200081863,1,9,0,4,0,0,0,0,0,0,1,1,6,1,38,7,2656,1,14,4,1,4
2016200081863,2,9,0,4,0,0,0,0,0,0,2,1,1,1,33,6,1896,2,10,2,1,2
2016200081863,3,9,0,4,0,0,0,0,0,0,2,1,2,1,37,7,1968,2,5,9,1,9
2016200081884,1,9,0,5,0,4,0,0,0,0,1,1,1,1,44,7,1910,2,9,2,1,2
2016200081884,2,9,0,18,0,8,0,0,0,0,4,1,2,1,36,7,1995,2,4,6,1,6
2016200081887,1,9,0,7,0,8,0,0,0,0,3,1,2,2,24,5,1596,1,13,2,1,2
2016200081887,2,1,0,7,4,8,0,0,0,0,4,1,6,1,38,7,-1,-1,-1,1,1,1
2016200081897,1,9,0,18,0,8,0,0,0,0,1,1,6,1,24,5,1229,1,4,8,1,8
2016200081897,2,9,0,18,0,8,1,0,0,0,1,1,6,2,66,10,2179,2,4,6,1,6
2016200081901,1,9,0,18,2,8,0,4,0,0,3,1,1,1,30,6,998,1,6,2,1,2
2016200081901,2,9,0,9,0,5,0,0,0,0,1,1,1,2,42,7,1598,1,13,2,1,2
2016200081901,3,9,0,7,0,6,0,0,0,0,4,1,2,1,29,6,-1,-1,-1,1,1,1
2016200081901,4,9,0,2,0,2,0,0,0,0,1,1,6,1,27,6,1986,2,11,1,1,1
2016200081914,1,9,0,18,0,6,0,0,0,0,4,1,2,1,55,8,1995,2,4,7,3,7
2016200081914,2,9,0,18,0,8,0,0,0,0,1,1,6,2,18,4,1242,1,15,3,1,3
2016200081949,1,9,0,18,0,0,1,0,0,0,1,1,6,2,27,6,1396,1,12,5,1,5
2016200081949,2,9,0,18,0,0,0,0,0,0,2,1,6,1,42,7,2993,2,2,1,1,1
2016200081957,1,9,0,18,0,3,0,0,0,0,2,1,6,2,18,4,998,1,2,3,1,3
2016200081957,2,9,0,18,0,8,0,0,0,0,1,1,6,3,-1,-1,-1,-1,-1,-1,-1,-1
2016200081972,1,9,0,9,0,6,0,0,0,0,3,1,5,1,46,8,1997,2,13,7,2,7
2016200081972,2,3,0,18,0,8,0,0,0,0,1,1,5,1,24,5,124,1,33,1,1,1
2016200081973,1,9,0,18,0,1,0,0,0,0,1,1,6,3,-1,-1,1229,1,8,2,1,2
2016200081973,2,9,0,3,0,1,0,0,0,0,2,1,6,1,42,7,1299,1,12,1,1,1
2016200082005,1,9,0,18,0,0,0,0,0,0,1,1,6,1,-1,-1,1998,2,10,8,1,8
2016200082005,2,9,0,3,0,0,0,0,0,0,2,1,6,2,25,5,998,1,11,5,1,5
2016200082035,1,9,0,17,0,1,0,10,1,0,1,1,6,2,-1,-1,1364,1,10,-1,-1,-1
2016200082047,1,9,0,18,0,0,0,0,0,0,4,1,2,2,23,5,1229,1,5,1,1,1
2016200082092,1,9,5,18,0,1,0,0,0,0,1,1,6,3,-1,-1,-1,-1,-1,-1,-1,-1
2016200082116,1,21,0,4,0,1,0,0,0,0,1,1,1,1,-1,-1,-1,-1,-1,3,1,3
2016200082116,2,9,0,4,0,1,0,0,0,0,2,1,6,2,52,8,1398,1,2,3,1,3
2016200082126,1,98,0,1,0,6,0,10,1,0,2,1,6,3,-1,-1,-1,-1,-1,-1,-1,-1
2016200082142,1,9,0,9,0,6,0,0,0,0,1,1,2,2,26,6,1399,2,7,2,1,2
2016200082142,2,5,0,14,0,8,0,0,0,0,1,1,2,1,59,9,865,1,2,8,1,8
2016200082172,1,9,0,1,9,6,0,0,0,0,2,1,6,3,-1,-1,2967,2,6,-1,-1,-1
2016200082172,2,22,0,18,9,8,0,0,0,0,3,1,6,2,63,9,-1,-1,-1,5,1,5
2016200082202,1,9,0,18,0,0,0,0,0,0,1,1,6,3,-1,-1,-1,-1,-1,-1,-1,-1
2016200082208,1,9,0,5,0,2,0,0,0,0,1,1,6,2,41,7,2171,1,13,1,1,1
2016200082208,2,9,0,18,0,1,0,0,0,0,4,1,6,2,56,9,1389,1,20,1,1,1
2016200082211,1,5,0,18,0,2,5,10,1,0,1,1,6,1,46,8,599,1,19,1,1,1
2016200082211,2,9,0,18,0,1,0,0,0,0,1,1,6,1,28,6,1560,2,11,2,1,2
2016200082211,3,9,0,18,0,1,0,10,1,0,3,1,6,3,-1,-1,-1,-1,-1,-1,-1,-1
2016200082214,1,9,0,18,0,8,1,0,1,1,1,1,6,1,21,5,1390,1,13,1,1,1
2016200082214,2,9,0,18,0,8,1,0,0,0,4,1,6,2,34,6,1995,2,5,1,1,1
2016200082229,1,9,0,9,0,5,0,0,0,0,1,1,6,1,33,6,1596,1,12,1,1,1
2016200082229,2,9,0,18,0,8,0,0,0,0,3,1,6,1,26,6,1796,1,10,1,1,1
2016200082234,1,9,0,18,0,0,0,0,0,0,1,1,6,3,-1,-1,1388,1,6,-1,-1,-1
2016200082235,1,9,0,13,0,8,0,0,0,0,1,1,3,2,35,6,1348,1,16,2,1,2
2016200082235,2,9,0,7,0,6,0,0,0,0,1,1,6,1,33,6,796,1,9,6,1,6
2016200082247,1,5,0,18,0,8,1,0,0,0,1,1,6,1,18,4,599,1,18,4,1,4
2016200082247,2,9,0,5,0,8,1,0,0,0,3,1,6,1,56,9,2184,2,10,5,1,5
2016200082247,3,9,0,4,0,1,0,0,0,0,0,1,1,3,-1,-1,2993,2,2,5,1,5
2016200082251,1,9,0,5,0,6,0,0,0,0,4,1,6,1,44,7,973,1,13,2,1,2
2016200082251,2,9,0,18,0,8,0,0,0,0,4,1,6,1,39,7,1999,1,9,4,1,4
2016200082256,1,9,0,18,0,8,0,0,0,0,1,1,2,1,30,6,1995,1,7,2,1,2
2016200082256,2,9,0,9,0,6,0,0,0,0,1,1,6,2,21,5,1197,1,1,5,1,5
2016200082273,1,9,0,5,0,6,0,0,0,0,1,1,6,3,-1,-1,1896,2,12,-1,-1,-1
2016200082273,2,1,0,18,0,8,0,0,0,0,1,1,2,2,38,7,-1,-1,-1,6,1,6
2016200082315,1,3,0,18,0,0,1,0,0,0,3,1,6,1,32,6,124,1,2,1,1,1
2016200082315,2,9,0,5,0,0,0,0,0,0,3,1,6,1,21,5,1388,1,13,2,1,2
2016200082324,1,9,0,5,0,6,0,0,0,0,1,1,6,1,-1,-1,995,1,11,1,1,1
2016200082324,2,5,0,18,0,8,0,0,0,0,3,1,2,1,49,8,748,1,5,2,1,2
2016200082376,1,9,0,6,0,0,0,0,0,0,0,1,1,1,47,8,1796,1,7,2,1,2
2016200082376,2,9,0,18,0,0,0,0,0,0,3,1,6,1,21,5,1390,1,8,3,1,3
2016200082422,1,9,0,18,0,0,0,0,0,0,1,1,6,1,28,6,1390,1,11,3,1,3
2016200082422,2,9,0,18,0,0,0,0,0,0,2,1,6,1,27,6,-1,-1,-1,7,1,7
2016200082422,3,9,0,18,0,0,0,0,0,0,2,1,6,2,30,6,1149,1,11,5,1,5
2016200082465,1,9,0,9,0,5,0,0,0,0,1,1,6,1,83,11,1461,2,9,1,1,1
2016200082465,2,11,0,4,0,8,0,0,0,0,1,1,1,1,48,8,9000,2,9,8,1,8
2016200082465,3,9,0,4,0,1,0,0,0,0,1,1,6,1,51,8,1995,1,15,2,1,2
2016200082491,1,9,0,-1,-1,0,0,-1,-1,0,2,1,6,1,58,9,-1,-1,-1,2,1,2
2016200082550,1,9,0,18,0,1,0,0,0,0,2,1,5,3,-1,-1,1242,1,15,-1,-1,-1
2016200082550,2,9,0,4,0,1,0,0,0,0,0,1,1,2,48,8,1242,1,1,2,1,2
2016200082602,1,9,0,9,0,5,0,0,0,0,1,1,5,3,-1,-1,1596,1,14,-1,-1,-1
2016200082627,1,9,0,18,0,0,0,10,7,10,1,1,2,2,37,7,1686,2,10,2,1,2
2016200082640,1,9,0,4,0,0,0,0,0,0,2,1,6,1,54,8,1595,1,8,2,1,2
2016200082640,2,9,0,18,0,0,1,0,0,0,1,1,6,2,23,5,1390,1,9,1,1,1
2016200082643,1,9,0,7,0,6,0,0,0,0,3,1,6,2,47,8,1390,1,7,9,1,9
2016200082643,2,20,0,18,0,8,0,0,0,0,1,1,5,1,43,7,2402,2,16,2,1,2
2016200082644,1,9,0,18,0,1,0,0,0,0,1,1,6,3,-1,-1,998,1,14,-1,-1,-1
2016200082644,2,9,0,10,0,1,0,0,0,0,2,1,6,1,30,6,1896,2,8,1,1,1
2016200082644,3,9,0,4,0,1,0,0,0,0,0,1,1,1,-1,-1,1968,2,2,-1,-1,-1
2016200082645,1,9,0,4,0,0,0,0,0,0,1,1,3,2,25,5,1360,1,9,1,1,1
2016200082645,2,9,0,3,0,0,0,0,0,0,2,1,6,2,32,6,1396,1,13,1,1,1
2016200082649,1,9,0,4,0,0,0,0,0,0,1,1,1,1,68,10,1997,2,3,1,1,1
2016200082649,2,9,0,3,0,0,0,0,0,0,2,1,2,2,33,6,2148,2,10,7,1,7
2016200082649,3,9,0,3,0,0,0,0,0,0,2,1,2,2,33,6,1995,2,2,3,1,3
2016200082650,1,19,0,10,0,8,0,0,0,0,2,1,1,1,62,9,1995,2,6,6,1,6
2016200082650,2,9,0,18,0,8,0,0,0,0,1,1,6,1,24,5,1499,1,7,3,1,3
2016200082654,1,9,0,18,0,2,0,0,0,0,4,1,6,1,52,8,1398,2,12,1,1,1
2016200082659,1,1,0,18,0,2,0,8,0,0,1,1,6,1,27,6,-1,-1,-1,6,1,6
2016200082659,2,9,0,2,9,2,0,0,0,0,3,1,6,1,-1,-1,2148,2,13,5,1,5
2016200082671,1,9,0,11,0,3,0,0,0,0,4,1,6,3,-1,-1,-1,-1,-1,-1,-1,-1