Accident_Index,Vehicle_Reference,Vehicle_Type,Towing_and_Articulation,Vehicle_Manoeuvre,Vehicle_Location-Restricted_Lane,Junction_Location,Skidding_and_Overturning,Hit_Object_in_Carriageway,Vehicle_Leaving_Carriageway,Hit_Object_off_Carriageway,1st_Point_of_Impact,Was_Vehicle_Left_Hand_Drive?,Journey_Purpose_of_Driver,Sex_of_Driver,Age_of_Driver,Age_Band_of_Driver,Engine_Capacity_(CC),Propulsion_Code,Age_of_Vehicle,Driver_IMD_Decile,Driver_Home_Area_Type,Vehicle_IMD_Decile
2016200088001,1,9,0,18,0,1,0,0,0,0,1,1,5,2,30,6,1360,1,6,5,1,5
2016200088020,1,9,0,9,0,8,0,0,0,0,4,1,1,2,39,7,1396,1,19,2,1,2
2016200088020,2,9,0,18,0,8,0,0,0,0,1,1,6,3,30,6,-1,-1,-1,-1,-1,-1
2016200088030,1,9,0,7,0,5,0,0,0,0,4,1,2,2,39,7,1560,2,4,4,1,4
2016200088030,2,1,0,18,0,8,0,0,0,0,2,1,2,1,64,9,-1,-1,-1,4,1,4
2016200088058,1,9,0,5,0,6,0,0,0,0,1,1,5,1,53,8,999,1,1,3,1,3
2016200088062,1,9,0,18,0,1,0,0,0,0,0,1,6,1,67,10,1596,1,12,4,1,4
2016200088064,1,9,0,18,0,0,1,0,0,0,1,1,6,1,30,6,2000,1,11,1,1,1
2016200088064,2,9,0,4,0,0,0,4,0,0,1,1,1,1,60,9,1598,1,9,1,1,1
2016200088064,3,9,0,2,0,0,0,0,0,0,2,1,6,2,-1,-1,998,1,2,-1,-1,-1
2016200088077,1,9,0,18,0,1,0,0,0,0,1,1,5,2,31,6,1598,1,8,3,1,3
2016200088087,1,9,0,9,0,6,0,0,0,0,0,1,6,3,-1,-1,-1,-1,-1,-1,-1,-1
2016200088087,2,1,0,18,0,8,0,0,0,0,0,1,4,1,12,3,-1,-1,-1,8,1,8
2016200088089,1,9,0,5,0,6,0,0,0,0,1,1,6,2,25,5,1229,1,7,-1,-1,-1
2016200088089,2,9,0,18,0,8,0,0,0,0,3,1,1,2,21,5,-1,-1,-1,-1,-1,-1
2016200088098,1,9,0,18,0,1,0,0,0,0,1,1,6,3,-1,-1,1198,1,2,10,1,10
2016200088098,2,9,0,3,0,1,0,0,0,0,1,1,6,2,62,9,-1,-1,-1,6,3,6
2016200088101,1,9,0,9,0,6,0,0,0,0,1,1,6,2,24,5,1242,1,9,-1,-1,-1
2016200088101,2,9,0,18,0,8,0,0,0,0,1,1,1,2,62,9,1590,1,11,8,1,8
2016200088130,1,9,0,18,0,1,0,4,0,0,1,1,6,1,34,6,1398,2,5,2,1,2
2016200088130,2,5,0,3,0,1,0,0,0,0,2,1,6,1,38,7,800,1,14,8,1,8
2016200088130,3,9,0,3,0,1,0,0,0,0,2,1,6,2,20,4,1242,1,5,6,1,6
2016200088134,1,9,0,5,0,6,1,10,1,0,1,1,6,2,29,6,1240,1,13,1,1,1
2016200088134,2,9,0,18,0,8,0,0,0,0,1,1,6,1,38,7,1461,2,6,5,1,5
2016200088156,1,9,0,18,0,8,0,0,0,0,1,1,6,2,50,8,1997,2,-1,9,1,9
2016200088156,2,9,0,18,0,8,0,0,0,0,4,1,6,2,18,4,1124,1,7,4,1,4
2016200088156,3,9,0,18,0,8,0,0,0,0,4,1,6,1,29,6,2179,2,4,5,1,5
2016200088204,1,9,0,18,0,0,0,0,0,0,1,1,2,2,49,8,1240,1,11,7,1,7
2016200090029,1,9,0,18,0,0,0,12,0,0,1,1,6,1,79,11,1248,2,9,1,1,1
2016200090032,1,9,0,9,0,5,0,0,0,0,3,1,6,2,75,10,1997,1,16,7,3,7
2016200090032,2,5,0,18,0,8,0,0,0,0,1,1,6,1,53,8,1250,1,7,10,1,10
2016200090041,1,9,0,5,0,6,0,0,1,11,1,1,5,2,51,8,995,1,10,6,1,6
2016200090041,2,3,0,18,0,8,2,0,1,10,1,1,5,1,19,4,124,1,3,1,1,1
2016200090043,1,9,0,9,0,6,0,0,0,0,2,1,6,2,23,5,1242,1,5,5,1,5
2016200090043,2,9,0,18,0,8,2,7,1,2,1,1,6,1,21,5,1390,2,15,4,1,4
2016200090044,1,9,0,18,0,0,5,4,0,0,1,1,6,1,24,5,1595,1,11,4,1,4
2016200090044,2,9,0,2,0,0,0,0,0,0,2,1,6,1,-1,-1,1999,1,12,1,1,1
2016200090044,3,9,0,2,0,0,0,0,0,0,1,1,6,2,-1,-1,1248,2,4,1,1,1
2016200090044,4,9,0,2,0,0,0,0,0,0,2,1,6,1,29,6,1396,1,17,1,1,1
2016200090047,1,9,0,5,0,1,0,0,0,0,4,1,6,2,24,5,1598,1,11,1,1,1
2016200090050,1,9,0,9,0,8,0,0,0,0,4,1,6,2,47,8,1998,1,11,1,1,1
2016200090050,2,3,0,18,0,8,0,0,0,0,1,1,6,1,49,8,123,1,32,6,1,6
2016200090051,1,9,0,9,0,6,0,0,0,0,1,1,1,1,71,10,2497,2,11,4,1,4
2016200090051,2,5,0,18,0,8,0,0,0,0,1,1,1,1,38,7,649,1,7,1,1,1
2016200090053,1,9,0,9,0,1,0,0,0,0,3,1,2,1,38,7,1794,1,16,2,1,2
2016200090053,2,3,0,13,0,1,0,0,7,10,4,1,2,1,22,5,124,1,2,-1,-1,-1
2016200090057,1,97,0,5,0,6,0,0,0,0,0,1,6,3,30,6,-1,-1,-1,-1,-1,-1
2016200090057,2,9,0,18,0,2,0,0,7,5,1,1,5,2,43,7,1200,1,4,3,1,3
2016200090081,1,9,0,9,0,6,0,0,0,0,3,1,6,2,57,9,1598,1,8,4,1,4
2016200090081,2,9,0,18,0,8,0,0,0,0,1,1,6,2,22,5,1246,1,9,9,1,9
2016200090091,1,9,0,18,0,2,0,4,0,0,4,1,6,1,74,10,1364,1,-1,4,1,4
2016200090091,2,9,0,2,0,2,0,0,0,0,3,1,6,2,-1,-1,1896,2,8,-1,-1,-1
2016200090093,1,9,0,18,0,0,0,0,0,0,1,1,6,2,75,10,1242,1,5,6,3,6
2016200090093,2,9,0,18,0,0,0,0,0,0,1,1,6,1,59,9,1398,1,16,8,1,8
2016200090095,1,9,0,4,0,0,0,0,0,0,1,1,1,2,29,6,1299,1,15,3,1,3
2016200090095,2,9,0,4,0,0,0,0,0,0,2,1,6,2,36,7,1598,1,2,1,1,1
2016200090100,1,97,0,18,0,0,0,0,0,0,0,1,6,3,30,6,-1,-1,-1,-1,-1,-1
2016200090100,2,97,0,18,0,0,0,0,0,0,0,1,6,3,30,6,-1,-1,-1,-1,-1,-1
2016200090100,3,9,0,18,0,0,0,0,0,0,1,1,5,1,47,8,1587,1,13,1,1,1
2016200090104,1,9,0,1,0,0,0,0,0,0,3,1,3,2,77,11,1364,1,12,10,1,10
2016200090109,1,9,0,18,0,1,0,0,0,0,0,1,1,1,-1,-1,1598,2,1,-1,-1,-1
2016200090109,2,2,0,7,0,5,5,11,0,0,0,1,6,1,21,5,49,1,6,1,1,1
2016200090144,1,9,0,18,0,1,0,0,0,0,1,1,6,3,-1,-1,1998,1,16,-1,-1,-1
2016200090144,2,9,0,3,0,1,0,0,0,0,2,1,6,2,32,6,1995,2,2,1,1,1
2016200090150,1,9,0,5,0,6,0,0,0,0,0,1,6,1,23,5,1686,2,2,7,1,7
2016200090150,2,5,0,18,0,8,0,0,0,0,0,1,6,1,68,10,745,1,15,1,1,1
2016200090152,1,9,0,8,0,1,0,0,0,0,2,1,6,2,32,6,1197,1,1,5,1,5
2016200090152,2,9,0,5,0,1,0,0,0,0,1,1,6,3,-1,-1,-1,-1,-1,-1,-1,-1
2016200090159,1,9,0,18,0,2,0,0,0,0,1,1,6,3,-1,-1,1896,2,11,-1,-1,-1
2016200090159,2,9,0,18,0,2,0,0,0,0,2,1,6,1,22,5,1242,1,-1,5,1,5
2016200090178,1,9,0,5,0,6,0,0,0,0,3,1,6,2,79,11,1599,1,10,1,1,1
2016200090178,2,9,0,18,0,8,0,0,0,0,4,1,6,1,85,11,1248,1,4,1,1,1
2016200090179,1,1,0,17,0,8,0,0,0,0,1,1,6,1,19,4,-1,-1,-1,1,1,1
2016200090179,2,9,0,10,0,1,0,0,0,0,3,1,6,1,37,7,1968,2,-1,1,1,1
2016200090201,1,9,0,9,0,1,0,0,0,0,1,1,6,2,33,6,1597,2,2,1,1,1
2016200090201,2,9,0,7,0,1,0,0,0,0,2,1,6,1,20,4,-1,-1,-1,1,1,1
2016200090223,1,9,0,3,0,1,0,0,0,0,0,1,6,2,28,6,1198,1,10,3,1,3
2016200090223,2,9,0,18,0,1,0,0,0,0,0,1,6,3,-1,-1,1461,2,-1,1,1,1
2016200090234,1,9,0,18,0,8,0,0,0,0,3,1,1,1,35,6,1896,2,9,1,1,1
2016200090234,2,9,0,7,0,5,0,0,0,0,1,1,6,2,30,6,1461,2,5,1,1,1
2016200090273,1,9,0,6,0,0,0,0,0,0,1,1,6,1,42,7,-1,-1,-1,2,1,2
2016200090273,2,19,0,18,0,0,0,4,0,0,1,1,6,1,43,7,1753,2,10,4,1,4
2016200090273,3,9,0,2,0,0,0,0,0,0,3,1,6,1,-1,-1,998,1,17,-1,-1,-1
2016200090289,1,9,0,18,0,8,0,0,0,0,1,1,5,1,72,10,1968,2,2,6,1,6
2016200090289,2,9,0,9,0,8,0,0,0,0,4,1,2,1,45,7,1997,2,4,7,1,7
2016200090302,1,9,0,9,0,6,0,0,0,0,1,1,6,1,46,8,2148,2,12,4,1,4
2016200090302,2,9,0,18,0,8,0,0,0,0,1,1,6,1,64,9,1229,1,5,1,1,1
2016200090305,1,21,0,9,0,5,0,0,0,0,1,1,1,1,36,7,-1,-1,-1,1,1,1
2016200090305,2,1,0,18,0,8,0,0,0,0,1,1,1,1,34,6,-1,-1,-1,2,1,2
2016200090330,1,9,0,5,0,1,0,0,0,0,1,1,6,2,25,5,1686,2,10,-1,-1,-1
2016200090330,2,9,0,3,0,1,0,0,0,0,2,1,6,2,40,7,2143,2,3,6,1,6
2016200090378,1,5,0,18,0,3,0,0,0,0,1,1,6,2,29,6,745,1,2,1,1,1
2016200090380,1,9,0,18,0,2,0,0,0,0,1,1,6,3,-1,-1,1986,2,9,-1,-1,-1
2016200090380,2,9,0,3,0,2,0,0,0,0,2,1,6,1,37,7,1995,2,7,5,1,5
2016200090382,1,9,0,4,0,0,0,0,0,0,1,1,1,2,41,7,1910,2,9,2,1,2
2016200090382,2,1,0,5,0,0,0,0,0,0,1,1,6,1,30,6,-1,-1,-1,-1,-1,-1
2016200090389,1,1,0,18,9,8,0,0,0,0,1,1,6,3,16,4,-1,-1,-1,-1,-1,-1
2016200090389,2,9,0,5,9,8,0,0,0,0,1,1,6,3,-1,-1,-1,-1,-1,-1,-1,-1
2016200090396,1,9,0,16,0,0,1,0,8,11,1,1,6,1,21,5,-1,-1,-1,3,1,3
2016200090396,2,9,0,17,0,0,0,0,0,0,1,1,6,1,25,5,2354,1,12,5,1,5
2016200090399,1,11,0,4,2,0,0,0,0,0,0,1,1,1,-1,-1,-1,-1,-1,-1,-1,-1
2016200090400,1,9,0,18,0,0,0,0,0,0,2,1,6,2,34,6,1896,2,8,5,1,5
2016200090400,2,9,0,3,0,0,0,0,0,0,0,1,6,2,33,6,1598,1,10,3,1,3
2016200090408,1,9,0,5,0,0,0,0,0,0,1,1,6,1,30,6,1242,1,16,1,1,1
2016200090408,2,9,0,18,0,0,0,10,4,0,4,1,6,1,37,7,1984,1,8,2,1,2
2016200090409,1,9,0,9,0,0,0,0,0,0,1,1,1,2,47,8,1896,2,11,2,1,2
2016200090409,2,3,0,18,0,0,0,0,0,0,1,1,1,1,29,6,124,1,1,4,1,4
2016200090411,1,8,0,4,0,0,0,0,0,0,0,1,6,3,-1,-1,-1,-1,-1,-1,-1,-1
2016200090412,1,9,0,18,0,0,0,0,0,0,1,1,6,1,45,7,1595,1,10,3,1,3
2016200090412,2,9,0,4,0,0,0,0,0,0,2,1,6,2,54,8,1998,2,1,8,1,8
2016200090432,1,9,0,9,0,8,0,0,0,0,2,1,6,3,-1,-1,1587,1,15,-1,-1,-1
2016200090432,2,9,0,5,0,8,0,0,0,0,1,1,6,1,19,4,1399,2,8,3,1,3
2016200090434,1,9,0,18,0,1,0,0,0,0,3,1,6,1,75,10,1984,1,14,1,1,1
2016200090434,2,1,0,9,0,1,0,0,0,0,1,1,6,2,59,9,-1,-1,-1,1,1,1
2016200090437,1,9,0,18,0,6,0,0,0,0,1,1,6,1,43,7,-1,-1,-1,5,1,5
2016200090437,2,9,0,18,0,8,0,0,0,0,1,1,6,1,44,7,1995,2,7,1,1,1
2016200090469,1,9,0,1,0,0,0,0,0,0,2,1,6,3,-1,-1,1360,1,15,-1,-1,-1
2016200090469,2,9,0,3,0,0,0,0,0,0,1,1,6,2,24,5,1598,2,-1,5,1,5
2016200090483,1,19,0,5,0,4,0,0,0,0,1,1,6,1,47,8,2198,2,2,3,1,3
2016200090483,2,9,0,18,0,8,0,0,0,0,4,1,6,1,18,4,-1,-1,-1,4,1,4
2016200090491,1,9,0,16,0,2,0,0,0,0,1,1,6,1,29,6,-1,-1,-1,-1,-1,-1
2016200090491,2,22,0,5,0,2,0,0,0,0,1,1,6,2,65,9,-1,-1,-1,4,1,4
2016200090494,1,9,0,18,0,0,0,0,0,0,1,1,6,1,27,6,1598,7,7,2,1,2
2016200090494,2,9,0,3,0,0,0,0,0,0,2,1,6,2,34,6,1398,1,6,3,1,3
2016200090497,1,9,0,17,0,8,0,10,1,0,4,1,6,3,-1,-1,2179,2,5,-1,-1,-1
2016200090501,1,19,0,9,0,6,0,0,0,0,4,1,6,1,54,8,2198,2,3,7,1,7
2016200090501,2,3,0,18,0,8,0,0,0,0,1,1,6,1,20,4,125,1,1,3,1,3
2016200090507,1,9,0,9,0,5,0,0,0,0,4,1,2,2,46,8,-1,-1,-1,-1,-1,-1
2016200090571,1,9,0,5,0,0,0,0,0,0,1,1,6,1,21,5,1299,1,15,2,1,2
2016200090571,2,21,0,18,0,0,0,0,0,0,1,1,1,2,46,8,-1,-1,-1,2,1,2
2016200090577,1,9,0,4,0,0,0,0,0,0,2,1,6,2,68,10,1198,1,1,2,1,2
2016200090577,2,9,0,18,0,0,0,0,0,0,1,1,6,3,30,6,1242,1,12,9,1,9
2016200090580,1,9,0,18,0,1,0,0,0,0,3,1,6,2,57,9,1896,2,9,5,1,5
2016200090580,2,9,0,9,0,6,0,0,0,0,4,1,6,3,-1,-1,2993,2,5,-1,-1,-1
2016200090587,1,21,0,18,0,8,0,0,0,0,3,1,6,1,39,7,-1,-1,-1,-1,-1,-1
2016200090587,2,9,0,18,0,8,0,0,0,0,3,1,2,2,63,9,1560,2,10,10,1,10
2016200090589,1,9,0,18,0,8,0,0,0,0,3,1,6,3,-1,-1,1396,1,14,-1,-1,-1
2016200090589,2,9,0,9,0,8,0,0,0,0,4,1,2,2,22,5,1984,1,16,3,1,3
2016200090590,1,9,0,18,0,1,0,0,0,0,1,1,1,2,63,9,1248,1,4,4,3,4
2016200090590,2,9,0,10,0,1,0,0,0,0,2,1,6,2,24,5,1390,1,4,5,1,5
2016200090597,1,9,0,18,0,4,0,0,0,0,1,1,6,1,30,6,-1,-1,-1,-1,-1,-1
2016200090597,2,1,0,18,0,8,0,0,0,0,2,1,1,1,17,4,-1,-1,-1,6,1,6
2016200090603,1,9,0,18,0,2,0,0,0,0,1,1,6,1,50,8,1229,1,8,9,1,9
2016200090607,1,9,0,5,0,1,0,0,0,0,1,1,6,1,45,7,1995,2,2,10,1,10
2016200090610,1,19,0,18,0,1,0,0,0,0,2,1,5,3,-1,-1,2143,2,-1,8,1,8
2016200090610,2,9,0,3,0,2,0,0,0,0,4,1,5,2,53,8,1598,1,8,2,1,2
2016200090618,1,9,0,9,0,5,0,0,0,0,1,1,6,1,31,6,1229,1,8,3,1,3
2016200090618,2,9,0,9,0,1,0,0,0,0,1,1,6,1,53,8,-1,-1,-1,6,1,6
2016200090619,1,9,0,3,0,0,0,0,0,0,1,1,6,2,39,7,1339,1,14,1,1,1
2016200090619,2,9,0,1,0,0,0,0,0,0,2,1,6,3,-1,-1,2148,2,10,-1,-1,-1
2016200090623,1,9,0,18,0,1,0,0,0,0,1,1,6,2,24,5,998,1,13,-1,-1,-1
2016200090623,2,1,0,18,0,1,0,0,0,0,0,1,6,1,10,2,-1,-1,-1,1,1,1
2016200090629,1,1,0,18,0,1,0,0,0,0,1,1,6,1,18,4,-1,-1,-1,3,1,3
2016200090629,2,90,0,5,0,1,0,0,0,0,4,1,6,2,45,7,2999,2,1,1,1,1
2016200090632,1,9,0,18,0,6,0,0,0,0,1,1,6,3,-1,-1,1590,1,16,8,1,8
2016200090632,2,9,0,4,0,8,0,0,0,0,4,1,1,2,29,6,1242,1,1,9,1,9
2016200090650,1,98,0,16,0,2,0,0,0,0,4,1,6,3,-1,-1,-1,-1,-1,-1,-1,-1
2016200090653,1,9,0,18,0,1,0,0,0,0,3,1,5,1,88,11,-1,-1,-1,5,1,5
2016200090657,1,9,0,9,0,6,0,0,0,0,3,1,6,1,27,6,1995,2,12,4,1,4
2016200090657,2,9,0,18,0,8,0,0,0,0,1,1,6,1,73,10,1796,1,12,9,1,9
2016200090670,1,9,0,18,0,0,0,0,0,0,2,1,1,1,-1,-1,2231,2,8,-1,-1,-1
2016200090670,2,9,0,18,0,0,0,0,0,0,1,1,6,1,45,7,1997,2,13,1,1,1
2016200090673,1,9,0,9,0,6,0,0,0,0,1,1,3,2,28,6,1299,1,14,1,1,1
2016200090673,2,9,0,17,0,8,0,0,0,0,1,1,3,1,45,7,2494,1,17,1,1,1
2016200090689,1,9,0,14,0,0,0,0,0,0,4,1,6,3,81,11,1198,1,7,6,1,6
2016200090689,2,9,0,2,0,0,0,0,0,0,3,1,6,2,-1,-1,1248,1,4,-1,-1,-1
2016200090700,1,9,0,13,0,1,0,0,7,11,4,1,5,1,31,6,1968,2,5,9,1,9
2016200090700,2,9,0,9,0,1,0,0,0,0,3,1,5,1,47,8,3222,2,11,1,1,1
2016200090703,1,9,0,18,0,1,1,0,0,0,1,1,2,1,-1,-1,1956,2,1,10,3,10
2016200090703,2,8,0,3,0,1,0,0,0,0,2,1,2,2,-1,-1,-1,-1,-1,10,1,10
2016200090716,1,9,0,17,0,8,0,0,0,0,1,1,2,2,29,6,1499,1,7,8,1,8
2016200090720,1,19,0,1,0,2,0,4,0,0,1,1,6,3,-1,-1,1968,2,-1,-1,-1,-1
2016200090720,2,9,0,2,0,2,0,0,0,0,2,1,6,3,-1,-1,1395,1,-1,-1,-1,-1
2016200090722,1,9,0,3,0,0,0,0,0,0,1,1,5,2,25,5,1242,1,16,2,1,2
2016200090722,2,9,0,1,0,0,0,0,0,0,2,1,6,3,30,6,-1,-1,-1,-1,-1,-1
2016200090732,1,9,0,18,0,0,0,0,0,0,1,1,6,1,40,7,1997,2,9,-1,1,-1
2016200090732,2,9,0,18,0,0,0,0,0,0,2,1,6,1,45,7,1248,2,3,5,1,5
2016200090744,1,9,0,18,0,1,0,0,0,0,3,1,6,3,-1,-1,-1,-1,-1,-1,-1,-1
2016200090759,1,9,0,14,0,8,0,0,0,0,3,1,6,1,28,6,2143,2,2,1,1,1
2016200090759,2,5,0,13,0,8,0,0,0,0,4,1,6,1,25,5,645,1,-1,2,1,2
2016200090763,1,9,0,15,0,4,0,0,0,0,3,1,6,1,23,5,1596,1,9,-1,-1,-1
2016200090763,2,9,4,18,0,4,0,0,0,0,4,1,6,1,48,8,-1,-1,-1,9,3,9
2016200090772,1,9,0,4,0,1,0,0,0,0,1,1,5,3,-1,-1,1396,1,15,-1,-1,-1
2016200090772,2,9,0,8,0,1,0,0,0,0,2,1,5,2,45,7,1388,1,12,1,1,1
2016200090788,1,9,0,9,0,5,0,0,0,0,1,1,6,3,-1,-1,1360,1,18,-1,-1,-1
2016200090788,2,9,0,3,0,2,0,0,0,0,2,1,6,1,58,9,1242,1,18,6,1,6
2016200090791,1,9,0,18,0,1,0,0,0,0,4,1,6,2,43,7,1360,1,10,-1,-1,-1
2016200090791,2,1,0,18,0,1,0,0,0,0,1,1,6,1,70,10,-1,-1,-1,1,1,1
2016200090813,1,9,0,1,0,8,0,0,0,0,2,1,6,2,31,6,998,1,9,3,1,3
2016200090827,1,5,0,18,0,0,0,0,0,0,1,1,6,1,30,6,599,1,12,1,1,1
2016200090827,2,9,0,3,0,0,0,0,0,0,2,1,6,1,43,7,5461,1,2,9,1,9
2016200090850,1,9,0,9,0,8,0,0,0,0,1,1,6,1,38,7,2204,2,11,1,1,1
2016200090850,2,9,0,18,0,8,0,0,0,0,1,1,6,1,46,8,1598,1,7,9,1,9
2016200090857,1,9,0,5,0,0,0,0,0,0,1,1,5,1,-1,-1,1596,1,14,5,1,5
2016200090857,2,3,0,14,0,0,0,0,0,0,1,1,5,1,33,6,124,1,5,2,1,2
2016200090866,1,9,0,13,0,8,0,0,0,0,1,1,6,1,-1,-1,1397,1,14,-1,-1,-1
2016200090866,2,9,0,9,0,5,0,0,0,0,3,1,6,1,34,6,1799,1,10,1,1,1
2016200090877,1,9,0,18,0,8,0,0,0,0,3,1,5,1,37,7,1968,2,10,1,1,1
2016200090877,2,9,0,7,0,6,0,0,0,0,3,1,5,1,19,4,1461,2,12,2,1,2
2016200090889,1,3,0,18,0,0,0,0,0,0,1,1,2,1,21,5,125,1,-1,3,1,3
2016200090895,1,9,0,9,0,8,0,0,0,0,1,1,6,2,35,6,2231,2,10,3,1,3
2016200090895,2,9,0,18,0,8,0,7,0,0,1,1,5,2,23,5,1900,2,12,1,1,1
2016200090900,1,1,0,18,0,8,0,0,0,0,1,1,2,1,50,8,-1,-1,-1,4,1,4
2016200090900,2,9,0,18,0,8,0,0,0,0,3,1,6,3,-1,-1,-1,-1,-1,-1,-1,-1
2016200090902,1,21,0,2,0,8,0,0,0,0,1,1,1,1,41,7,2998,2,4,7,1,7
2016200090902,2,9,0,1,0,8,0,0,0,0,2,1,6,1,-1,-1,1998,8,1,7,1,7
2016200090909,1,9,0,18,0,1,0,0,0,0,1,1,6,3,-1,-1,1360,1,9,-1,-1,-1
2016200090909,2,9,0,3,0,1,0,0,0,0,2,1,6,1,41,7,1398,1,11,1,1,1
2016200090927,1,9,0,12,0,0,0,0,5,0,3,1,6,1,20,4,1493,1,13,8,1,8
2016200090927,2,9,0,18,0,0,0,0,5,0,1,1,1,1,42,7,2495,2,14,2,1,2
2016200090936,1,9,0,18,0,0,0,0,0,0,3,1,2,1,33,6,1998,1,3,1,1,1
2016200090939,1,9,0,16,0,2,0,4,0,0,1,1,5,1,50,8,2099,1,14,2,1,2
2016200090939,2,9,0,4,0,1,0,0,0,0,1,1,5,2,29,6,1149,1,11,2,1,2
2016200090939,3,9,0,2,0,2,0,0,0,0,2,1,5,1,-1,-1,2400,2,1,5,3,5
2016200090956,1,3,0,5,0,6,0,0,0,0,1,1,6,1,27,6,-1,-1,-1,2,1,2
2016200090956,2,9,0,18,0,8,0,0,0,0,3,1,6,2,43,7,998,1,3,3,1,3
2016200090963,1,9,0,18,0,0,0,0,0,0,0,1,6,2,-1,-1,-1,-1,-1,-1,-1,-1
2016200090976,1,9,0,18,0,1,0,0,0,0,1,1,6,3,-1,-1,1364,1,11,1,1,1
2016200090976,2,1,0,3,0,1,0,0,0,0,2,1,2,1,29,6,-1,-1,-1,2,1,2
2016200091010,1,9,0,18,0,2,0,0,0,0,1,1,6,3,-1,-1,-1,-1,-1,-1,-1,-1
2016200091010,2,9,0,11,0,2,0,0,2,7,2,1,2,1,42,7,1598,1,14,1,1,1
2016200091017,1,9,0,18,0,0,0,0,0,0,3,1,3,1,68,10,1749,1,15,3,1,3
2016200091017,2,1,0,18,0,0,0,0,0,0,1,1,6,1,13,3,-1,-1,-1,2,1,2
2016200091018,1,9,0,18,0,4,0,0,0,0,1,1,6,3,-1,-1,2993,2,-1,-1,-1,-1
2016200091018,2,9,0,18,0,3,0,0,0,0,3,1,6,1,39,7,1461,2,2,8,1,8
2016200091018,3,19,0,18,0,3,0,0,0,0,1,1,1,1,40,7,1968,2,6,9,3,9
2016200091027,1,9,0,18,0,6,0,0,0,0,1,1,6,1,30,6,1910,2,12,1,1,1
2016200091027,2,9,0,18,0,8,0,0,1,0,3,1,5,2,35,6,998,1,15,1,1,1
2016200091030,1,9,0,2,0,0,0,0,0,0,0,1,5,1,-1,-1,1248,2,2,3,1,3
2016200091030,2,97,0,5,0,0,0,4,0,0,3,1,6,3,-1,-1,-1,-1,-1,-1,-1,-1
2016200091044,1,9,0,9,0,5,0,0,0,0,1,1,6,2,22,5,1248,2,11,1,1,1
2016200091046,1,9,0,18,0,0,0,0,0,0,4,1,2,1,54,8,1397,1,14,5,1,5
2016200091049,1,9,0,16,0,2,0,0,0,0,1,1,6,1,18,4,1364,1,8,1,1,1
2016200091049,2,9,0,17,0,1,0,0,1,0,3,1,6,2,41,7,1497,1,12,4,1,4
2016200091052,1,9,0,18,0,0,0,0,0,0,4,1,2,2,28,6,1368,1,9,2,1,2
2016200091062,1,9,0,15,0,0,0,4,0,0,1,1,6,1,37,7,1999,1,14,1,1,1
2016200091062,2,9,0,2,0,0,0,4,0,0,3,1,6,1,56,9,1998,1,11,1,1,1
2016200091062,3,9,0,2,0,0,0,0,0,0,1,1,6,1,54,8,1388,1,11,1,1,1
2016200091083,1,8,0,9,0,6,0,0,0,0,1,1,1,1,26,6,1956,2,6,2,1,2
2016200091083,2,9,0,18,0,8,0,0,0,0,1,1,6,1,37,7,1896,2,9,2,1,2
2016200091086,1,9,0,18,0,0,0,10,7,4,1,1,6,1,23,5,3301,1,15,5,1,5
2016200091233,1,9,0,9,0,5,0,0,0,0,4,1,2,2,52,8,1995,2,12,10,1,10
2016200091233,2,9,0,15,0,8,0,0,0,0,1,1,6,1,45,7,-1,-1,-1,1,1,1
2016200091303,1,21,1,4,0,1,0,0,0,0,1,1,1,1,52,8,11967,2,4,4,1,4
2016200091303,2,9,0,3,0,1,0,0,0,0,2,1,2,2,-1,-1,1598,1,4,2,1,2
2016200091303,3,8,0,3,0,1,0,0,0,0,2,1,2,1,35,6,2664,2,15,2,1,2
2016200091303,4,9,0,3,0,1,0,0,0,0,2,1,2,1,44,7,2979,1,10,1,1,1
2016200091303,5,9,0,3,0,1,0,0,0,0,2,1,2,2,50,8,1390,1,9,2,1,2
2016200091303,6,9,0,3,0,1,0,0,0,0,2,1,2,1,53,8,1896,2,9,7,1,7
2016200091312,1,9,0,9,0,5,0,0,0,0,1,1,6,2,34,6,1498,1,10,4,1,4
2016200091312,2,1,0,18,0,8,0,0,0,0,1,1,6,1,34,6,-1,-1,-1,2,1,2
2016200091365,1,9,0,3,0,0,0,0,0,0,0,1,2,1,40,7,1299,1,16,8,1,8
2016200091365,2,9,0,18,0,0,0,0,0,0,2,1,6,1,21,5,1229,1,10,1,1,1
2016200091367,1,90,1,18,0,4,0,0,0,0,1,1,6,3,-1,-1,-1,-1,-1,1,1,1
2016200091367,2,9,0,3,0,4,0,0,0,0,0,1,5,1,24,5,2000,2,7,1,1,1
2016200091369,1,11,0,9,0,8,0,0,0,0,1,1,1,3,30,6,4500,2,5,1,1,1
2016200091369,2,9,0,18,0,8,0,0,0,0,1,1,6,2,63,9,1390,1,15,9,1,9
2016200091410,1,9,0,18,0,0,0,0,0,0,1,1,5,1,27,6,998,1,2,5,1,5
2016200091446,1,9,0,18,0,1,0,0,0,0,1,1,6,1,-1,-1,1896,2,13,-1,-1,-1
2016200091446,2,9,0,3,0,1,0,0,0,0,2,1,1,1,37,7,1896,2,9,8,3,8
2016200091457,1,11,0,18,0,3,0,0,0,0,0,1,1,3,-1,-1,4250,2,13,4,1,4