Accident_Index,Vehicle_Reference,Vehicle_Type,Towing_and_Articulation,Vehicle_Manoeuvre,Vehicle_Location-Restricted_Lane,Junction_Location,Skidding_and_Overturning,Hit_Object_in_Carriageway,Vehicle_Leaving_Carriageway,Hit_Object_off_Carriageway,1st_Point_of_Impact,Was_Vehicle_Left_Hand_Drive?,Journey_Purpose_of_Driver,Sex_of_Driver,Age_of_Driver,Age_Band_of_Driver,Engine_Capacity_(CC),Propulsion_Code,Age_of_Vehicle,Driver_IMD_Decile,Driver_Home_Area_Type,Vehicle_IMD_Decile
2016200093884,1,9,0,18,0,1,1,0,0,0,1,1,6,1,23,5,1595,1,10,1,1,1
2016200093884,2,9,0,3,0,1,0,0,0,0,2,1,6,1,26,6,1796,1,7,2,1,2
2016200093884,3,9,0,3,0,1,0,0,0,0,2,1,6,1,75,10,999,1,2,3,1,3
2016200093928,1,9,0,14,0,1,0,0,0,0,1,1,6,3,-1,-1,-1,-1,-1,-1,-1,-1
2016200093928,2,9,0,3,0,1,0,0,0,0,1,1,6,3,-1,-1,-1,-1,-1,-1,-1,-1
2016200093939,1,9,0,18,0,2,0,0,0,0,1,1,6,1,24,5,4398,1,12,2,1,2
2016200093939,2,9,0,3,0,2,0,0,0,0,4,1,6,2,24,5,1198,1,8,3,1,3
2016200093942,1,98,0,18,0,0,0,0,0,0,4,1,6,3,-1,-1,-1,-1,-1,-1,-1,-1
2016200093942,2,1,0,15,0,0,0,0,0,0,3,1,6,1,15,3,-1,-1,-1,3,1,3
2016200093960,1,19,0,11,0,0,0,0,0,0,4,1,6,1,-1,-1,2300,2,10,5,1,5
2016200093960,2,9,0,18,0,0,1,0,1,7,3,1,6,1,25,5,1598,1,8,7,1,7
2016200093968,1,9,0,10,0,1,0,0,0,0,1,1,6,2,52,8,1364,1,8,1,1,1
2016200093968,2,9,0,18,0,2,1,0,0,0,1,1,6,3,-1,-1,1596,1,14,-1,-1,-1
2016200093971,1,9,0,18,0,0,0,4,7,0,1,1,6,1,24,5,-1,-1,-1,1,1,1
2016200093971,2,9,0,2,0,0,0,0,0,0,2,1,6,3,-1,-1,2362,1,12,2,1,2
2016200093981,1,2,0,13,0,1,0,0,0,0,1,1,2,1,16,4,50,1,-1,6,3,6
2016200093981,2,9,0,9,0,5,0,0,0,0,3,1,6,1,25,5,1598,2,4,7,1,7
2016200093994,1,9,0,5,0,6,0,0,0,0,2,1,6,1,-1,-1,1997,2,6,8,1,8
2016200093994,2,9,0,12,0,8,0,0,0,0,1,1,6,1,58,9,1685,2,1,4,1,4
2016200094013,1,9,0,5,0,6,0,0,0,0,1,1,6,2,37,7,1968,2,9,1,1,1
2016200094013,2,3,0,18,0,8,0,10,1,0,3,1,6,1,21,5,125,1,-1,3,1,3
2016200094025,1,9,0,18,0,0,1,10,1,2,1,1,6,1,40,7,-1,-1,-1,1,1,1
2016200094026,1,19,0,1,0,1,0,4,0,0,1,1,6,3,-1,-1,2198,2,4,-1,-1,-1
2016200094026,2,9,0,2,0,1,0,0,0,0,4,1,6,1,31,6,1956,2,6,1,1,1
2016200094043,1,9,0,18,0,3,0,0,0,0,3,1,6,2,39,7,1582,2,3,2,1,2
2016200094043,2,8,0,5,0,4,1,0,0,0,1,1,1,1,39,7,1997,2,15,2,1,2
2016200094056,1,5,0,17,0,0,0,0,1,9,1,1,6,1,22,5,750,1,7,6,1,6
2016200094056,2,9,0,16,0,0,0,0,0,0,0,1,6,1,-1,-1,1461,2,5,10,1,10
2016200094068,1,9,0,18,0,3,0,0,0,0,0,1,6,3,-1,-1,-1,-1,-1,-1,-1,-1
2016200094068,2,9,0,18,0,3,0,0,0,0,0,1,6,3,-1,-1,1796,1,14,-1,-1,-1
2016200094068,3,9,0,18,0,3,0,0,0,0,0,1,6,1,28,6,1896,2,11,6,3,6
2016200094076,1,9,0,18,0,0,5,10,2,0,1,1,6,2,23,5,998,1,2,3,1,3
2016200094076,2,9,0,2,9,0,0,0,0,0,3,1,6,3,-1,-1,1339,1,8,-1,-1,-1
2016200094079,1,9,0,18,0,8,0,0,0,0,1,1,5,2,50,8,1599,1,10,1,1,1
2016200094079,2,9,0,18,0,8,0,0,0,0,1,1,5,1,37,7,1910,2,10,6,1,6
2016200094081,1,9,0,18,0,4,0,10,7,10,1,1,6,1,26,6,1968,2,3,2,1,2
2016200094081,2,9,0,7,0,4,0,0,0,0,1,1,6,1,26,6,-1,-1,-1,1,1,1
2016200094108,1,9,0,10,0,8,0,0,0,0,2,1,6,1,34,6,1999,1,12,3,1,3
2016200094108,2,9,0,5,0,6,0,0,0,0,1,1,6,3,-1,-1,1997,2,8,3,1,3
2016200094119,1,9,0,18,0,0,0,0,0,0,3,1,1,1,60,9,1339,1,7,8,1,8
2016200094119,2,9,0,18,0,0,0,0,0,0,3,1,1,2,46,8,2460,2,10,1,1,1
2016200094128,1,9,0,18,0,4,0,0,0,0,3,1,1,1,56,9,1910,2,10,1,1,1
2016200094128,2,1,0,18,0,3,0,0,0,0,3,1,6,1,66,10,-1,-1,-1,-1,-1,-1
2016200094129,1,8,0,18,0,4,0,0,0,0,3,1,1,1,51,8,1997,2,7,2,1,2
2016200094129,2,1,0,18,0,8,0,0,0,0,1,1,6,2,-1,-1,-1,-1,-1,1,1,1
2016200094136,1,9,0,7,0,6,0,0,0,0,1,1,5,1,28,6,1686,2,6,1,1,1
2016200094136,2,9,0,4,0,1,0,0,0,0,1,1,1,1,43,7,2996,1,1,10,1,10
2016200094141,1,9,0,18,0,0,0,0,0,0,1,1,6,1,39,7,1968,2,8,1,1,1
2016200094141,2,9,0,3,0,0,0,0,0,0,2,1,6,2,35,6,1598,1,14,2,1,2
2016200094146,1,11,0,7,0,5,0,0,0,0,1,1,1,1,51,8,-1,-1,-1,3,1,3
2016200094165,1,9,0,18,0,1,0,0,0,0,1,1,6,3,-1,-1,1299,1,13,-1,-1,-1
2016200094190,1,9,0,18,0,0,0,0,0,0,2,1,6,3,-1,-1,-1,-1,-1,-1,-1,-1
2016200094190,2,5,0,4,0,0,0,0,0,0,1,1,1,1,25,5,803,1,11,-1,-1,-1
2016200094194,1,9,0,18,0,2,0,0,0,0,1,1,6,1,44,7,1275,1,21,3,1,3
2016200094194,2,9,0,18,0,2,0,0,0,0,2,1,6,3,-1,-1,-1,-1,-1,-1,-1,-1
2016200094195,1,9,0,3,0,0,0,0,0,0,0,1,6,1,21,5,1229,1,6,6,1,6
2016200094195,2,9,0,18,0,0,1,0,0,0,1,1,6,1,35,6,2521,1,9,-1,-1,-1
2016200094205,1,9,0,9,0,6,0,0,0,0,4,1,6,2,36,7,1242,1,1,1,1,1
2016200094205,2,5,0,18,0,8,0,0,0,0,1,1,6,1,32,6,918,1,19,1,1,1
2016200094210,1,9,0,18,0,1,0,0,0,0,1,1,6,3,-1,-1,1149,1,13,-1,-1,-1
2016200094210,2,9,0,3,0,1,0,0,0,0,2,1,6,2,47,8,1796,1,9,8,1,8
2016200094213,1,9,0,7,0,5,0,0,0,0,3,1,6,3,-1,-1,1461,2,7,-1,-1,-1
2016200094213,2,9,0,4,0,1,0,0,0,0,3,1,6,1,46,8,1896,2,12,4,1,4
2016200094214,1,9,0,18,0,3,1,0,0,0,3,1,5,3,-1,-1,1968,2,10,-1,-1,-1
2016200094214,2,9,0,3,0,2,0,0,0,0,0,1,1,1,45,7,2400,2,8,5,1,5
2016200094214,3,9,0,18,0,3,0,0,0,0,0,1,5,3,-1,-1,1596,1,10,-1,-1,-1
2016200094214,4,1,0,18,0,3,0,0,0,0,0,1,5,3,-1,-1,-1,-1,-1,-1,-1,-1
2016200094227,1,9,0,11,0,1,0,0,0,0,4,1,6,1,21,5,998,1,6,2,1,2
2016200094227,2,11,0,18,0,1,0,0,0,0,1,1,1,1,63,9,3900,2,14,4,1,4
2016200094236,1,9,0,18,0,8,0,0,0,0,1,1,6,2,48,8,1242,1,1,1,1,1
2016200094236,2,11,0,18,0,8,0,0,0,0,1,1,1,3,-1,-1,6700,2,5,-1,-1,-1
2016200094242,1,9,0,18,0,1,0,0,0,0,0,1,6,1,35,6,-1,-1,-1,10,3,10
2016200094242,2,1,0,18,0,1,0,10,1,0,0,1,6,1,54,8,-1,-1,-1,8,1,8
2016200094247,1,9,0,18,0,0,0,10,8,4,1,1,6,1,22,5,998,1,-1,3,1,3
2016200094256,1,9,0,16,0,2,0,0,0,0,1,1,6,1,38,7,1596,1,14,2,1,2
2016200094256,2,1,0,18,0,1,0,0,0,0,1,1,6,1,15,3,-1,-1,-1,2,1,2
2016200094274,1,9,0,18,0,8,0,0,0,0,4,1,6,2,22,5,998,1,1,4,1,4
2016200094274,2,9,0,7,0,6,0,0,0,0,3,1,6,2,27,6,2967,2,1,1,1,1
2016200094279,1,3,0,13,0,1,1,0,0,0,3,1,6,1,24,5,125,1,2,1,1,1
2016200094279,2,9,0,18,0,2,0,0,0,0,3,1,1,1,32,6,1598,2,6,1,1,1
2016200094290,1,9,0,17,0,0,0,0,0,0,1,1,1,1,26,6,1596,1,4,1,1,1
2016200094290,2,9,0,16,0,0,0,0,0,0,4,1,1,1,57,9,1560,2,10,1,1,1
2016200094290,3,19,0,16,0,0,0,0,0,0,1,1,1,1,51,8,1753,2,11,-1,-1,-1
2016200094298,1,9,0,5,0,6,0,0,0,0,1,1,6,1,67,10,998,1,-1,1,1,1
2016200094298,2,9,0,18,0,8,0,0,0,0,1,1,6,1,-1,-1,998,1,15,7,1,7
2016200094300,1,9,0,18,0,1,0,0,0,0,1,1,2,2,48,8,1598,1,16,1,1,1
2016200094308,1,3,0,4,0,1,0,0,0,0,0,1,6,1,26,6,125,1,4,1,1,1
2016200094308,2,9,0,18,0,1,0,0,0,0,2,1,6,1,56,9,1388,1,15,2,1,2
2016200094334,1,9,0,1,0,1,0,0,0,0,2,1,6,1,25,5,1900,2,17,-1,-1,-1
2016200094334,2,9,0,9,0,2,0,0,0,0,1,1,6,1,-1,-1,1956,2,4,-1,-1,-1
2016200094337,1,9,0,18,0,0,0,0,0,0,4,1,1,2,50,8,1242,1,8,3,1,3
2016200094364,1,9,0,18,0,0,0,2,0,0,1,1,5,3,-1,-1,1984,1,2,-1,-1,-1
2016200094364,2,9,0,18,0,0,0,0,0,0,1,1,5,1,80,11,1248,1,5,2,1,2
2016200094365,1,9,0,13,0,0,0,0,0,0,4,1,1,1,34,6,1956,2,2,-1,-1,-1
2016200094379,1,11,0,7,0,5,0,0,0,0,0,1,1,3,-1,-1,6696,2,3,-1,-1,-1
2016200094405,1,9,0,18,0,0,0,0,0,0,1,1,1,2,19,4,1390,1,13,1,1,1
2016200094405,2,9,0,8,0,0,0,0,0,0,2,1,1,1,27,6,2000,1,16,2,1,2
2016200094413,1,9,0,12,0,0,1,10,4,3,3,1,6,1,19,4,1753,2,14,1,1,1
2016200094436,1,9,0,5,0,4,0,0,0,0,1,1,6,1,26,6,1590,1,13,1,1,1
2016200094436,2,9,0,18,0,8,0,0,0,0,4,1,6,1,27,6,1997,1,4,2,1,2
2016200094439,1,9,0,18,0,1,0,0,0,0,1,1,6,3,44,7,1896,2,11,5,1,5
2016200094468,1,9,0,18,0,1,0,0,0,0,1,1,6,2,26,6,1598,1,9,8,1,8
2016200094468,2,9,0,18,0,1,0,0,0,0,2,1,6,2,26,6,1596,1,11,1,1,1
2016200094493,1,9,0,1,0,1,0,4,0,0,2,1,5,3,-1,-1,-1,-1,-1,-1,-1,-1
2016200094493,2,9,0,2,0,2,0,0,0,0,1,1,5,1,23,5,1198,1,1,2,1,2
2016200094525,1,9,0,5,0,6,0,0,0,0,4,1,1,1,49,8,1598,2,5,10,2,10
2016200094525,2,9,0,18,0,8,0,0,0,0,1,1,2,2,30,6,1596,1,4,8,2,8
2016200094530,1,9,0,18,0,0,0,0,0,0,1,1,1,3,-1,-1,-1,-1,-1,-1,-1,-1
2016200094533,1,9,0,5,0,0,0,0,0,0,4,1,5,2,34,6,4293,1,11,10,1,10
2016200094533,2,1,0,18,0,0,1,0,0,0,1,1,5,1,27,6,-1,-1,-1,9,1,9
2016200094578,1,9,0,3,0,0,0,0,0,0,2,1,6,1,33,6,6208,1,7,3,1,3
2016200094578,2,9,0,4,0,0,0,0,0,0,2,1,6,1,22,5,1299,1,11,-1,-1,-1
2016200094578,3,9,0,18,0,0,0,0,0,0,1,1,2,1,25,5,-1,-1,-1,5,1,5
2016200094631,1,9,0,7,0,8,0,0,0,0,1,1,6,3,-1,-1,2993,2,11,-1,-1,-1
2016200094631,2,9,0,18,0,8,0,10,7,11,4,1,1,1,57,9,1896,2,8,1,1,1
2016200094634,1,9,0,18,0,0,0,0,0,0,1,1,2,2,29,6,1968,2,9,6,1,6
2016200094634,2,9,0,3,0,0,0,0,0,0,2,1,2,1,26,6,1995,2,1,1,1,1
2016200094634,3,9,0,3,0,0,0,0,0,0,2,1,2,1,-1,-1,2143,2,1,-1,-1,-1
2016200094639,1,9,0,18,0,0,0,0,7,0,1,1,6,1,29,6,1998,2,10,1,1,1
2016200094639,2,9,0,18,0,0,0,0,0,0,0,1,1,1,-1,-1,2993,2,2,2,1,2
2016200094640,1,9,0,18,0,8,1,0,0,0,1,1,6,2,33,6,1598,1,10,1,1,1
2016200094640,2,9,0,18,0,8,0,0,0,0,2,1,6,1,82,11,1339,1,10,6,1,6
2016200094664,1,9,0,4,0,3,0,0,0,0,0,1,6,1,50,8,2720,2,11,9,1,9
2016200094744,1,9,0,7,0,6,0,0,0,0,3,1,6,1,20,4,1390,1,17,6,1,6
2016200094744,2,9,0,18,0,8,1,0,0,0,1,1,2,1,26,6,1229,1,3,8,1,8
2016200094744,3,9,0,9,0,5,0,7,4,0,1,1,6,2,72,10,999,1,14,5,1,5
2016200094790,1,11,0,4,2,0,0,0,0,0,0,1,1,1,62,9,6700,2,1,1,1,1
2016200094797,1,9,0,9,0,8,0,0,0,0,1,1,6,2,41,7,1598,1,10,2,1,2
2016200094797,2,8,0,18,0,8,0,0,0,0,4,1,1,1,60,9,1560,2,5,6,1,6
2016200094827,1,9,0,16,0,4,5,9,7,2,1,1,6,1,30,6,2972,1,19,-1,-1,-1
2016200094855,1,5,0,17,0,0,1,11,1,0,1,1,6,1,44,7,998,1,10,-1,-1,-1
2016200094885,1,1,0,18,9,0,0,0,0,0,1,1,6,3,-1,-1,-1,-1,-1,-1,-1,-1
2016200094921,1,9,0,18,0,1,0,0,0,0,1,1,6,1,81,11,898,1,3,-1,-1,-1
2016200094921,2,9,0,3,0,1,0,0,0,0,2,1,6,1,67,10,1198,1,5,-1,-1,-1
2016200094921,3,9,0,10,0,8,0,0,0,0,2,1,6,1,18,4,1560,2,9,-1,-1,-1
2016200094925,1,9,0,3,0,0,0,0,0,0,1,1,6,1,81,11,898,1,3,1,1,1
2016200094925,2,9,0,12,0,0,0,0,0,0,1,1,6,1,67,10,1198,1,5,5,1,5
2016200094925,3,9,0,10,0,0,0,0,0,0,2,1,6,1,18,4,-1,-1,-1,2,1,2
2016200095032,1,9,0,18,0,1,0,0,0,0,1,1,6,2,24,5,1995,2,3,3,1,3
2016200095032,2,1,0,18,0,1,0,0,0,0,4,1,6,1,-1,-1,-1,-1,-1,-1,-1,-1
2016200095051,1,9,0,3,0,1,0,0,0,0,2,1,6,2,38,7,1598,1,10,1,1,1
2016200095051,2,9,0,18,0,1,0,0,0,0,1,1,6,3,-1,-1,1586,1,10,-1,-1,-1
2016200095052,1,9,0,18,0,3,0,0,0,0,0,1,6,3,-1,-1,1398,1,13,-1,-1,-1
2016200095052,2,1,0,18,0,3,0,0,0,0,1,1,1,1,30,6,-1,-1,-1,4,1,4
2016200095059,1,9,0,18,0,0,0,0,0,0,1,1,6,1,22,5,1598,1,4,8,1,8
2016200095081,1,9,0,2,0,0,0,0,0,0,3,1,6,1,-1,-1,1598,1,11,2,1,2
2016200095081,2,1,0,14,0,0,0,8,0,0,1,1,6,2,43,7,-1,-1,-1,2,1,2
2016200095095,1,9,0,18,0,1,0,0,0,0,1,1,6,3,-1,-1,2171,2,12,-1,-1,-1
2016200095095,2,9,0,8,0,1,0,0,0,0,2,1,6,1,26,6,1598,1,13,2,1,2
2016200095122,1,9,0,18,0,1,0,0,0,0,1,1,5,3,-1,-1,999,1,16,-1,-1,-1
2016200095122,2,9,0,7,0,1,0,0,0,0,2,1,5,1,44,7,1395,1,-1,1,1,1
2016200095131,1,9,0,18,0,1,0,0,0,0,2,1,6,3,-1,-1,-1,-1,-1,-1,-1,-1
2016200095131,2,1,0,18,0,1,0,0,0,0,2,1,6,1,19,4,-1,-1,-1,1,1,1
2016200095155,1,9,0,9,0,5,0,0,0,0,0,1,6,1,48,8,1596,1,16,6,1,6
2016200095155,2,5,0,18,0,8,0,10,1,11,0,1,6,1,29,6,899,1,21,2,1,2
2016200095171,1,19,0,18,0,6,0,0,0,0,3,1,1,1,45,7,1753,2,10,2,1,2
2016200095171,2,9,0,9,0,8,0,0,0,0,4,1,6,2,62,9,1388,1,1,1,1,1
2016200095175,1,9,0,9,0,5,0,0,0,0,3,1,2,1,35,6,-1,-1,-1,6,1,6
2016200095175,2,9,0,13,0,8,0,0,0,0,1,1,1,1,34,6,1956,2,1,1,1,1
2016200095183,1,97,0,18,0,1,0,0,0,0,1,1,6,3,-1,-1,-1,-1,-1,-1,-1,-1
2016200095183,2,9,0,9,0,1,0,0,0,0,2,1,6,1,34,6,1197,1,1,2,1,2
2016200095194,1,9,0,18,0,4,0,0,0,0,1,1,6,1,22,5,1398,1,12,1,1,1
2016200095194,2,9,0,3,0,8,0,0,0,0,4,1,6,1,32,6,1995,2,5,4,1,4
2016200095203,1,21,0,18,0,3,0,0,0,0,1,1,6,1,54,8,11705,2,9,3,2,3
2016200095203,2,9,0,18,0,3,0,0,0,0,2,1,6,2,36,7,1968,2,5,-1,-1,-1
2016200095229,1,8,0,9,0,5,0,4,7,0,1,1,6,1,33,6,1800,1,16,-1,-1,-1
2016200095229,2,9,0,18,0,8,0,0,0,0,1,1,6,2,24,5,1388,1,11,-1,-1,-1
2016200095229,3,9,0,18,0,8,0,0,0,0,3,1,6,1,-1,-1,-1,-1,-1,1,1,1
2016200095229,4,9,0,2,9,1,0,0,0,0,3,1,6,3,-1,-1,-1,-1,-1,-1,-1,-1
2016200095233,1,9,0,18,0,0,0,4,0,0,1,1,6,1,24,5,1242,1,14,1,1,1
2016200095233,2,9,0,2,0,0,0,0,0,0,2,1,6,2,52,8,998,1,7,2,1,2
2016200095233,3,9,0,18,0,0,0,0,0,0,0,1,1,1,-1,-1,2993,2,2,-1,-1,-1
2016200095276,1,9,0,4,0,1,0,0,0,0,1,1,2,1,53,8,1299,1,15,2,1,2
2016200095276,2,17,0,3,0,1,0,0,0,0,2,1,1,2,39,7,-1,-1,-1,5,1,5
2016200095288,1,9,0,18,0,1,0,0,0,0,1,1,5,3,-1,-1,-1,-1,-1,-1,-1,-1
2016200095298,1,9,0,18,0,6,0,0,0,0,1,1,6,1,26,6,1198,1,6,5,1,5
2016200095298,2,9,0,18,0,8,0,10,1,10,3,1,6,2,43,7,1596,1,13,4,1,4
2016200095302,1,9,0,18,0,2,0,0,0,0,4,1,6,2,44,7,1242,1,18,1,1,1
2016200095321,1,9,0,18,0,0,0,0,0,0,1,1,6,1,47,8,-1,-1,-1,5,1,5
2016200095321,2,9,0,18,0,0,0,0,0,0,2,1,6,2,54,8,1598,2,1,6,1,6
2016200095324,1,9,0,18,0,1,0,0,0,0,1,1,6,3,-1,-1,-1,-1,-1,-1,-1,-1
2016200095324,2,9,0,18,0,1,0,0,0,0,2,1,6,1,21,5,1598,1,9,4,1,4
2016200095334,1,9,0,18,0,4,1,10,1,2,1,1,6,2,23,5,1399,1,-1,9,1,9
2016200095347,1,9,0,5,0,1,0,0,0,0,2,1,6,2,-1,-1,998,1,17,7,1,7
2016200095347,2,9,0,10,0,1,0,0,0,0,1,1,6,2,52,8,1242,1,12,10,1,10
2016200095372,1,9,0,-1,-1,0,0,-1,-1,0,1,1,6,3,-1,-1,-1,-1,-1,-1,-1,-1
2016200095372,2,9,0,-1,-1,0,1,-1,0,0,2,1,6,2,22,5,998,1,5,5,1,5
2016200095372,3,9,0,18,0,0,0,-1,-1,0,2,1,6,3,-1,-1,1956,2,4,-1,-1,-1
2016200095440,1,9,0,18,0,0,0,0,0,0,0,1,6,2,26,6,1798,1,7,6,1,6
2016200095478,1,9,0,5,0,6,0,0,0,0,1,1,6,1,35,6,1951,2,15,3,1,3
2016200095478,2,9,0,18,0,8,0,0,0,0,3,1,6,1,25,5,1598,1,11,2,1,2
2016200095488,1,9,0,18,0,0,0,0,0,0,1,1,6,2,61,9,898,1,3,6,1,6
2016200095488,2,98,0,2,0,0,0,0,0,0,0,1,1,3,-1,-1,-1,-1,-1,-1,-1,-1
2016200095536,1,9,0,17,0,0,0,0,0,0,4,1,6,2,20,4,998,1,17,1,1,1
2016200095536,2,9,0,16,0,0,0,0,0,0,4,1,6,2,50,8,1242,1,14,3,1,3
2016200095576,1,9,0,18,0,8,0,0,0,0,1,1,5,1,-1,-1,1598,1,13,-1,-1,-1
2016200095576,2,9,0,18,0,8,0,0,0,0,2,1,5,3,-1,-1,-1,-1,-1,-1,-1,-1
2016200095576,3,9,0,10,0,8,0,0,0,0,2,1,1,2,43,7,1242,1,6,7,1,7
2016200095588,1,11,0,18,0,0,0,0,0,0,1,1,1,1,45,7,4461,2,3,2,1,2
2016200095620,1,9,0,5,0,6,0,0,0,0,1,1,6,3,-1,-1,1364,1,7,-1,-1,-1
2016200095620,2,1,0,18,5,8,0,0,0,0,0,1,6,1,61,9,-1,-1,-1,1,1,1
2016200095636,1,9,0,18,0,0,0,0,-1,0,4,1,6,1,28,6,2204,2,9,9,1,9
2016200095636,2,9,0,18,0,0,0,0,-1,0,4,1,6,1,27,6,2967,2,-1,1,1,1
2016200095648,1,9,0,17,0,8,0,0,0,0,1,1,6,2,20,4,1242,1,5,9,1,9
2016200095648,2,9,0,9,0,6,0,0,0,0,3,1,1,1,41,7,-1,-1,-1,1,1,1
2016200095650,1,11,0,4,0,1,0,0,0,0,0,1,1,1,46,8,6700,2,8,3,1,3
2016200095671,1,9,0,18,0,2,0,0,0,0,1,1,6,1,21,5,1995,2,8,3,1,3
2016200095671,2,9,0,3,0,2,0,0,0,0,2,1,6,1,38,7,1991,2,7,5,1,5
2016200095671,3,9,0,3,0,2,0,0,0,0,2,1,6,2,24,5,1299,1,8,3,1,3
2016200095673,1,9,0,8,0,1,0,0,0,0,2,1,6,2,54,8,-1,-1,-1,4,1,4
2016200095673,2,9,0,5,0,1,0,0,0,0,1,1,6,1,21,5,1360,1,4,3,1,3
2016200095681,1,1,0,18,0,0,0,0,0,0,-1,1,6,1,38,7,-1,-1,-1,2,1,2
2016200095683,1,9,0,3,0,0,0,0,0,0,2,1,6,1,58,9,1598,1,2,10,1,10
2016200095683,2,9,0,18,0,0,0,0,0,0,1,1,6,2,-1,-1,-1,-1,-1,-1,-1,-1
2016200095723,1,9,0,17,0,2,0,0,0,0,4,1,5,1,31,6,-1,-1,-1,7,1,7
2016200095723,2,9,0,16,0,1,0,0,0,0,1,1,5,2,-1,-1,1598,1,13,1,1,1
2016200095733,1,9,0,7,0,1,0,0,0,0,4,1,6,1,39,7,1896,2,13,2,1,2
2016200095733,2,9,0,18,0,1,5,10,1,0,3,1,6,1,37,7,1998,2,8,7,1,7
2016200095735,1,5,0,12,0,0,0,0,0,0,3,1,6,1,57,9,899,1,19,7,1,7
2016200095735,2,9,0,18,0,0,0,0,0,0,0,1,6,1,41,7,1968,2,1,4,1,4
2016200095735,3,9,0,-1,-1,0,0,-1,-1,0,-1,1,6,1,53,8,2000,1,10,1,1,1
2016200095756,1,1,0,18,9,8,0,0,0,0,3,1,1,1,24,5,-1,-1,-1,-1,-1,-1
2016200095756,2,9,0,7,9,5,0,0,0,0,4,1,5,3,-1,-1,-1,-1,-1,-1,-1,-1
2016200095761,1,9,0,18,0,0,0,0,0,0,4,1,6,1,85,11,1396,1,16,4,1,4
2016200095771,1,9,0,9,0,6,1,0,0,0,1,1,6,2,31,6,2401,2,12,4,1,4
2016200095771,2,9,0,18,0,2,1,0,0,0,3,1,6,1,25,5,1368,1,7,7,1,7
2016200095771,3,9,0,3,0,1,0,0,0,0,1,1,6,2,23,5,1362,1,3,4,1,4
2016200095785,1,9,0,14,0,0,0,4,7,10,1,1,1,1,20,4,1796,1,8,1,1,1
2016200095785,2,9,0,14,0,0,0,4,7,11,1,1,1,2,32,6,1686,2,11,5,1,5
2016200095785,3,9,0,2,0,0,0,0,0,0,2,1,5,1,55,8,-1,-1,-1,6,1,6
2016200095795,1,9,0,3,0,2,0,0,0,0,2,1,6,1,18,4,1198,1,11,4,1,4
2016200095795,2,9,0,18,0,2,0,0,0,0,1,1,6,1,-1,-1,1560,2,10,1,1,1
2016200095803,1,9,0,18,0,0,0,0,0,0,1,1,6,1,63,9,-1,-1,-1,3,1,3
2016200095803,2,9,0,1,0,0,0,0,0,0,2,1,6,1,27,6,1199,1,15,6,1,6
2016200095820,1,9,0,3,0,1,0,0,0,0,1,1,1,2,28,6,1896,2,8,4,1,4
2016200095820,2,9,0,18,0,1,0,0,2,0,1,1,6,1,-1,-1,1995,2,6,-1,-1,-1
2016200095860,1,9,0,9,0,2,0,0,0,0,3,1,1,1,51,8,1685,2,1,1,1,1
2016200095860,2,1,0,18,0,2,0,0,0,0,2,1,6,1,19,4,-1,-1,-1,1,1,1
2016200095870,1,9,0,18,0,8,0,0,0,0,1,1,6,1,26,6,1229,1,11,2,1,2
2016200095870,2,9,0,18,0,8,0,0,0,0,1,1,6,1,33,6,-1,-1,-1,3,1,3
2016200095875,1,98,0,5,0,6,1,0,0,0,1,1,6,1,22,5,-1,-1,-1,-1,-1,-1
2016200095875,2,9,0,18,0,8,0,0,1,11,4,1,6,2,23,5,1248,1,2,2,1,2
2016200095879,1,9,0,9,0,5,0,0,0,0,1,1,6,2,51,8,1360,1,12,2,1,2
2016200095879,2,9,0,18,0,8,0,0,0,0,3,1,6,2,18,4,1242,1,6,4,1,4
2016200095883,1,9,0,9,0,6,0,0,0,0,1,1,1,1,34,6,1390,1,13,2,1,2
2016200095883,2,19,0,18,0,8,0,0,0,0,4,1,2,1,59,9,2402,2,7,8,1,8
2016200095890,1,9,0,18,0,6,1,10,3,11,4,1,6,3,-1,-1,5439,1,12,-1,-1,-1
2016200095890,2,9,0,18,0,8,1,0,1,0,3,1,1,1,54,8,2143,2,3,1,1,1
2016200095892,1,9,0,3,0,1,0,0,0,0,1,1,6,2,25,5,1995,2,11,2,1,2
2016200095892,2,9,0,18,0,1,0,0,0,0,2,1,6,1,38,7,1896,2,12,1,1,1
2016200095921,1,9,0,18,0,1,0,0,0,0,1,1,6,1,-1,-1,-1,-1,-1,-1,-1,-1
2016200095921,2,9,0,3,0,1,0,0,0,0,2,1,6,1,35,6,1995,2,11,1,1,1
2016200095931,1,9,0,9,0,5,0,0,0,0,1,1,6,2,37,7,2993,2,12,1,1,1
2016200095955,1,9,0,7,0,6,0,0,0,0,1,1,6,3,-1,-1,1995,1,9,-1,-1,-1
2016200095955,2,9,0,3,0,8,0,0,0,0,3,1,6,2,43,7,1794,1,9,1,1,1
2016200095962,1,9,0,18,0,0,0,0,0,0,1,1,2,1,43,7,2295,1,13,1,1,1
2016200095962,2,9,0,4,0,0,0,0,0,0,2,1,1,1,28,6,1248,2,1,4,1,4
2016200095969,1,8,0,18,0,0,0,10,1,2,4,1,1,1,42,7,1753,2,10,3,1,3
2016200095976,1,9,0,9,0,3,0,10,0,0,1,1,6,1,23,5,1685,2,3,1,1,1
2016200095995,1,9,0,18,0,0,0,0,0,0,1,1,6,3,-1,-1,1596,1,14,-1,1,-1