Accident_Index,Vehicle_Reference,Vehicle_Type,Towing_and_Articulation,Vehicle_Manoeuvre,Vehicle_Location-Restricted_Lane,Junction_Location,Skidding_and_Overturning,Hit_Object_in_Carriageway,Vehicle_Leaving_Carriageway,Hit_Object_off_Carriageway,1st_Point_of_Impact,Was_Vehicle_Left_Hand_Drive?,Journey_Purpose_of_Driver,Sex_of_Driver,Age_of_Driver,Age_Band_of_Driver,Engine_Capacity_(CC),Propulsion_Code,Age_of_Vehicle,Driver_IMD_Decile,Driver_Home_Area_Type,Vehicle_IMD_Decile
2016200098372,1,9,0,5,0,4,0,0,0,0,1,1,6,2,73,10,1199,1,13,4,1,4
2016200098372,2,9,0,10,0,1,0,0,0,0,3,1,6,1,28,6,1998,1,13,5,1,5
2016200098378,1,9,0,5,0,8,0,0,0,0,4,1,6,1,-1,-1,1896,2,17,5,1,5
2016200098378,2,1,0,18,0,8,0,0,0,0,1,1,6,1,22,5,-1,-1,-1,3,1,3
2016200098383,1,9,0,18,0,1,0,0,0,0,1,1,6,3,-1,-1,-1,-1,-1,-1,-1,-1
2016200098383,2,1,0,18,0,1,0,0,0,0,2,1,6,1,9,2,-1,-1,-1,1,1,1
2016200098386,1,9,0,9,0,8,0,0,0,0,1,1,6,2,24,5,1299,1,10,2,1,2
2016200098386,2,9,0,18,0,8,0,0,0,0,1,1,1,1,28,6,1596,1,7,3,1,3
2016200098397,1,9,0,7,0,5,0,4,7,0,1,1,6,2,18,4,1299,1,15,4,1,4
2016200098397,2,9,0,2,0,2,0,0,0,0,2,1,6,1,49,8,1598,1,14,2,1,2
2016200098397,3,9,0,2,0,2,0,0,0,0,2,1,6,1,20,4,1998,1,16,2,1,2
2016200098402,1,9,0,9,0,5,0,0,0,0,2,1,6,2,25,5,998,1,17,2,1,2
2016200098402,2,9,0,18,0,8,0,0,0,0,1,1,6,1,24,5,1968,2,4,4,1,4
2016200098410,1,98,0,7,0,5,0,0,0,0,2,1,6,1,-1,-1,-1,-1,-1,-1,-1,-1
2016200098410,2,1,0,18,0,8,0,0,0,0,2,1,6,1,61,9,-1,-1,-1,1,1,1
2016200098416,1,9,0,7,0,2,0,0,0,0,4,1,6,1,19,4,-1,-1,-1,8,1,8
2016200098418,1,9,0,18,0,8,0,0,0,0,0,1,6,3,-1,-1,-1,-1,-1,-1,-1,-1
2016200098418,2,11,0,18,0,8,0,0,0,0,0,1,1,1,28,6,7300,2,4,2,1,2
2016200098470,1,9,0,3,0,1,0,0,0,0,2,1,6,1,57,9,898,1,1,1,1,1
2016200098470,2,9,0,3,0,1,0,0,0,0,2,1,6,3,26,6,1229,1,11,3,1,3
2016200098470,3,9,0,5,0,1,0,0,0,0,2,1,6,1,-1,-1,998,1,-1,2,1,2
2016200098472,1,9,0,9,0,2,0,0,0,0,1,1,6,1,42,7,1364,1,9,1,1,1
2016200098482,1,9,0,18,0,8,0,0,0,0,1,1,1,2,22,5,1198,1,2,4,1,4
2016200098482,2,9,0,18,0,4,0,0,0,0,3,1,1,1,57,9,1991,1,16,3,1,3
2016200098482,3,9,0,18,0,4,0,0,0,0,1,1,1,2,53,8,1390,1,4,6,1,6
2016200098490,1,9,0,5,0,0,0,0,0,0,3,1,6,1,27,6,1995,2,10,3,1,3
2016200098540,1,9,0,9,0,6,0,0,0,0,1,1,6,3,-1,-1,1598,1,10,-1,-1,-1
2016200098540,2,9,0,18,0,8,0,0,0,0,4,1,6,2,50,8,973,1,14,-1,-1,-1
2016200098545,1,21,1,18,0,0,0,0,0,0,1,1,1,1,54,8,12902,2,1,6,1,6
2016200098545,2,9,0,18,0,0,0,0,0,0,2,1,6,2,49,8,-1,-1,-1,3,1,3
2016200098545,3,9,0,18,0,0,0,0,0,0,2,1,6,1,46,8,998,1,6,7,3,7
2016200098567,1,9,0,18,0,1,0,0,0,0,1,1,1,1,46,8,-1,-1,-1,1,1,1
2016200098567,2,1,0,18,0,8,0,0,0,0,4,1,6,1,20,4,-1,-1,-1,3,1,3
2016200098592,1,8,0,9,0,6,0,0,0,0,3,1,1,1,61,9,1390,1,5,3,1,3
2016200098592,2,3,0,18,0,8,1,0,0,0,1,1,1,1,31,6,124,1,8,1,1,1
2016200098598,1,9,0,7,0,6,0,0,0,0,1,1,6,1,41,7,1598,1,10,5,1,5
2016200098598,2,9,0,18,0,8,0,0,0,0,1,1,6,2,78,11,1596,1,12,8,3,8
2016200098610,1,9,0,18,0,0,0,0,0,0,0,1,6,3,-1,-1,-1,-1,-1,-1,-1,-1
2016200098625,1,9,0,9,0,5,0,0,0,0,1,1,6,1,29,6,2143,2,1,1,1,1
2016200098625,2,19,0,5,0,8,0,0,0,0,3,1,1,1,53,8,2998,2,5,2,1,2
2016200098709,1,9,0,16,0,0,1,10,7,2,1,1,6,1,19,4,1229,1,3,2,1,2
2016200098711,1,19,0,18,0,8,1,0,0,0,1,1,6,1,27,6,2198,2,1,6,1,6
2016200098711,2,9,0,3,0,8,0,0,0,0,1,1,6,2,43,7,1995,2,11,9,3,9
2016200098711,3,9,0,3,0,8,0,0,0,0,1,1,6,2,39,7,2995,7,13,10,1,10
2016200098711,4,9,0,3,0,8,0,0,0,0,1,1,6,2,67,10,1388,1,11,10,1,10
2016200098711,5,9,0,3,0,8,0,0,0,0,1,1,6,2,50,8,1560,2,9,10,1,10
2016200098712,1,9,0,18,0,8,1,0,1,0,4,1,1,1,23,5,1968,2,5,2,1,2
2016200098712,2,9,0,9,0,5,1,0,7,0,4,1,1,2,20,4,1497,8,1,6,1,6
2016200098717,1,9,0,9,0,6,0,0,0,0,1,1,6,1,36,7,2993,2,8,7,1,7
2016200098717,2,9,0,10,0,8,0,0,0,0,2,1,6,1,45,7,1995,2,8,4,1,4
2016200098746,1,9,0,9,0,5,0,0,0,0,1,1,2,2,19,4,1248,2,8,1,1,1
2016200098746,2,9,0,9,0,6,0,0,0,0,1,1,2,1,27,6,-1,-1,-1,2,1,2
2016200098752,1,11,0,18,0,2,0,0,0,0,4,1,1,1,23,5,9000,2,8,1,1,1
2016200098765,1,9,0,13,0,1,0,0,0,0,4,1,6,3,-1,-1,1598,1,10,-1,-1,-1
2016200098765,2,9,0,10,0,1,0,0,0,0,3,1,6,1,44,7,1229,1,5,-1,-1,-1
2016200098765,3,9,0,18,0,1,0,0,0,0,0,1,6,1,-1,-1,2993,2,1,-1,-1,-1
2016200098781,1,98,0,1,9,0,0,0,0,0,2,1,1,1,42,7,-1,-1,-1,5,1,5
2016200098816,1,9,0,9,0,5,1,0,0,0,1,1,6,1,32,6,2987,2,-1,4,1,4
2016200098816,2,9,0,17,0,8,1,0,0,0,2,1,6,2,43,7,1198,1,2,2,1,2
2016200098825,1,9,0,9,0,5,0,0,0,0,2,1,6,1,-1,-1,2720,2,10,10,1,10
2016200098825,2,9,0,4,0,8,0,0,0,0,1,1,6,1,44,7,1968,2,12,10,1,10
2016200098849,1,9,0,16,0,2,1,0,0,0,1,1,6,1,35,6,-1,-1,-1,2,1,2
2016200098849,2,9,0,5,0,1,2,4,0,0,3,1,6,1,60,9,1896,2,9,3,1,3
2016200098849,3,9,0,2,0,2,5,0,0,0,4,1,6,2,39,7,2143,2,2,1,1,1
2016200098862,1,9,0,18,0,2,0,0,0,0,3,1,6,1,78,11,1461,2,2,2,1,2
2016200098885,1,9,0,18,0,1,0,0,0,0,1,1,6,3,-1,-1,-1,-1,-1,-1,-1,-1
2016200098885,2,3,0,10,0,1,5,0,0,0,2,1,6,1,20,4,124,1,2,5,1,5
2016200098894,1,8,0,2,0,0,0,0,0,0,3,1,6,1,37,7,1598,7,8,1,1,1
2016200098894,2,9,0,18,0,0,0,0,0,0,3,1,6,3,-1,-1,2143,2,1,-1,-1,-1
2016200098908,1,9,0,13,0,1,5,10,8,0,1,1,6,3,-1,-1,3993,1,3,-1,-1,-1
2016200098908,2,9,0,4,0,1,0,0,0,0,2,1,6,1,33,6,1968,2,9,1,1,1
2016200098908,3,9,0,3,0,1,0,0,0,0,2,1,6,2,62,9,1199,1,2,3,3,3
2016200098930,1,9,0,18,0,1,0,0,0,0,1,1,6,3,-1,-1,1956,2,8,-1,-1,-1
2016200098930,2,1,0,18,0,1,0,0,0,0,3,1,6,2,7,2,-1,-1,-1,2,1,2
2016200098963,1,9,0,4,0,2,0,0,0,0,1,1,6,1,49,8,1997,1,13,2,1,2
2016200098996,1,9,0,18,0,8,0,0,0,0,1,1,6,1,16,4,1596,1,12,-1,-1,-1
2016200098996,2,9,0,9,0,8,0,0,0,0,3,1,6,1,28,6,1686,2,10,2,1,2
2016200099032,1,11,0,4,0,0,0,0,0,0,1,1,1,1,63,9,7300,2,14,2,1,2
2016200099032,2,1,0,18,0,0,0,0,0,0,3,1,6,1,16,4,-1,-1,-1,1,1,1
2016200099034,1,9,0,4,0,2,0,0,0,0,3,1,6,1,31,6,1364,1,11,1,1,1
2016200099034,2,9,0,4,0,2,0,0,0,0,3,1,6,2,55,8,1598,2,3,10,1,10
2016200099034,3,9,0,4,0,2,0,0,0,0,2,1,6,1,55,8,1997,2,8,10,1,10
2016200099102,1,9,0,18,0,0,0,0,0,0,1,1,6,3,-1,-1,-1,-1,-1,-1,-1,-1
2016200099137,1,9,0,7,0,8,0,0,0,0,1,1,6,1,31,6,1598,1,9,2,1,2
2016200099137,2,1,0,18,0,8,0,0,0,0,1,1,6,1,49,8,-1,-1,-1,6,1,6
2016200099142,1,9,0,13,0,0,0,0,0,0,3,1,6,3,-1,-1,1850,1,15,-1,-1,-1
2016200099142,2,9,0,18,0,0,0,0,0,0,4,1,6,1,59,9,2204,2,9,1,1,1
2016200099200,1,19,0,18,0,1,0,0,0,0,2,1,6,1,45,7,2402,2,9,3,1,3
2016200099200,2,9,0,18,0,1,0,0,0,0,2,1,6,1,18,4,1199,1,12,1,1,1
2016200099200,3,9,0,18,0,1,0,0,0,0,2,1,6,1,24,5,1997,2,9,1,1,1
2016200099204,1,9,0,13,0,8,0,0,0,0,4,1,6,1,24,5,1998,1,12,2,1,2
2016200099204,2,20,0,9,0,8,0,0,0,0,1,1,6,3,-1,-1,4461,2,4,2,1,2
2016200099204,3,9,0,18,0,8,0,0,0,0,0,1,6,1,52,8,-1,-1,-1,-1,-1,-1
2016200099239,1,9,0,18,0,1,0,0,0,0,1,1,6,3,-1,-1,-1,-1,-1,-1,-1,-1
2016200099239,2,3,0,12,0,1,0,0,0,0,2,1,6,2,22,5,124,1,1,5,1,5
2016200099262,1,9,0,18,0,1,0,0,0,0,2,1,6,2,33,6,2204,2,9,2,1,2
2016200099262,2,9,0,10,0,1,0,0,0,0,1,1,6,1,39,7,2993,2,6,2,1,2
2016200099323,1,9,0,6,0,0,0,0,0,0,1,1,2,1,28,6,1598,2,3,3,1,3
2016200099323,2,11,0,4,0,0,0,0,0,0,2,1,6,1,56,9,8268,2,12,2,1,2
2016200099394,1,9,0,18,0,8,0,0,0,0,1,1,1,1,33,6,1598,2,1,3,1,3
2016200099394,2,9,0,18,0,8,0,7,0,0,4,1,6,1,39,7,1910,2,10,1,1,1
2016200099427,1,9,0,14,0,1,1,0,0,0,1,1,6,1,-1,-1,1997,1,15,-1,-1,-1
2016200099427,2,9,0,7,0,3,0,0,0,0,1,1,6,2,45,7,2231,2,10,5,1,5
2016200099809,1,3,0,18,0,8,1,0,0,0,0,1,6,1,18,4,124,1,8,2,1,2
2016200099809,2,9,0,5,0,8,0,0,0,0,0,1,6,3,-1,-1,-1,-1,-1,-1,-1,-1
2016200099820,1,9,0,5,0,1,0,0,0,0,1,1,6,3,-1,-1,1229,1,1,2,1,2
2016200099820,2,9,0,3,0,1,0,0,0,0,2,1,6,2,45,7,1598,1,11,1,1,1
2016200099824,1,9,0,9,0,8,0,0,0,0,4,1,6,1,37,7,1910,2,15,3,1,3
2016200099824,2,1,0,18,0,8,0,0,0,0,1,1,6,1,59,9,-1,-1,-1,8,1,8
2016200099828,1,9,0,1,9,6,0,0,0,0,2,1,6,2,46,8,1329,1,4,3,1,3
2016200099829,1,9,0,9,0,6,0,0,0,0,1,1,6,2,46,8,998,1,13,1,1,1
2016200099829,2,9,0,18,0,8,0,7,1,10,3,1,6,1,18,4,1587,1,15,1,1,1
2016200099837,1,9,0,18,0,0,0,0,0,0,1,1,6,3,-1,-1,1995,2,10,-1,-1,-1
2016200099837,2,9,0,18,0,0,0,0,0,0,2,1,6,3,-1,-1,-1,-1,-1,-1,-1,-1
2016200099851,1,9,0,18,0,0,0,0,0,0,4,1,6,2,51,8,1896,2,15,2,1,2
2016200099852,1,9,0,17,0,3,1,0,0,0,1,1,2,2,44,7,2688,2,15,5,1,5
2016200099852,2,9,0,16,0,3,0,0,0,0,2,1,2,1,38,7,1995,2,1,10,1,10
2016200099853,1,11,1,18,0,8,0,0,0,0,0,1,1,1,59,9,11970,2,13,2,1,2
2016200099866,1,9,0,18,0,4,1,0,7,0,1,1,6,1,39,7,1753,2,8,2,1,2
2016200099866,2,9,0,18,0,3,1,0,7,2,3,1,6,2,23,5,1242,1,6,1,1,1
2016200099869,1,9,0,17,0,0,0,0,0,0,4,1,1,2,28,6,-1,-1,-1,1,1,1
2016200099869,2,2,0,16,0,0,0,0,0,0,3,1,5,1,16,4,49,1,10,5,1,5
2016200099873,1,9,0,2,0,8,0,0,0,0,3,1,6,2,33,6,1398,1,11,-1,-1,-1
2016200099873,2,1,0,18,0,8,0,0,0,0,1,1,6,1,41,7,-1,-1,-1,2,1,2
2016200099881,1,4,0,7,0,6,0,0,0,0,3,1,1,2,51,8,249,1,23,5,1,5
2016200099881,2,9,0,18,0,8,0,0,0,0,4,1,1,2,33,6,1991,2,8,6,1,6
2016200099912,1,9,0,18,0,8,0,0,0,0,4,1,6,2,35,6,1896,2,10,1,1,1
2016200099923,1,9,0,16,0,0,0,0,0,0,2,1,6,3,-1,-1,-1,-1,-1,-1,-1,-1
2016200099923,2,9,0,16,0,0,0,0,0,0,3,1,6,1,31,6,1997,2,6,5,1,5
2016200099938,1,9,0,18,0,0,0,0,0,0,1,1,6,2,30,6,1360,1,7,3,1,3
2016200099938,2,9,0,3,0,0,0,0,0,0,2,1,2,2,29,6,1560,2,4,1,1,1
2016200099971,1,19,0,18,0,1,0,0,0,0,1,1,6,1,-1,-1,2500,2,9,1,1,1
2016200099971,2,9,0,3,0,1,0,0,0,0,2,1,6,1,46,8,1994,2,14,7,1,7
2016200099995,1,9,0,5,0,6,0,0,0,0,1,1,6,3,-1,-1,-1,-1,-1,-1,-1,-1
2016200099995,2,9,0,18,0,8,1,0,0,0,4,1,6,2,23,5,1796,2,2,1,1,1
2016200100015,1,19,0,18,0,0,0,0,0,0,1,1,6,1,37,7,1870,2,13,2,1,2
2016200100106,1,21,1,7,0,5,0,0,0,0,1,1,1,1,35,6,6700,2,2,4,1,4
2016200100106,2,9,0,18,0,8,0,10,2,4,4,1,2,1,23,5,1390,1,2,2,1,2
2016200100115,1,9,0,18,0,8,1,0,0,0,1,1,6,1,25,5,1995,2,14,4,1,4
2016200100115,2,9,0,9,0,5,0,10,7,4,3,1,6,2,38,7,1397,1,7,1,1,1
2016200100132,1,21,1,18,0,0,0,0,0,0,1,1,1,1,49,8,10837,2,1,-1,1,-1
2016200100137,1,9,0,9,0,5,0,0,0,0,4,1,6,1,35,6,1896,2,12,1,1,1
2016200100137,2,5,0,18,0,8,0,0,0,0,1,1,6,1,25,5,636,1,11,3,1,3
2016200100146,1,9,0,13,0,8,0,0,0,0,1,1,6,3,-1,-1,1461,2,10,-1,-1,-1
2016200100146,2,9,0,9,0,5,0,0,0,0,3,1,1,1,40,7,1794,1,12,1,1,1
2016200100166,1,9,0,1,0,0,0,4,0,0,2,1,6,1,-1,-1,1298,1,17,-1,-1,-1
2016200100166,2,9,0,2,0,0,0,0,0,0,1,1,6,2,34,6,1199,1,17,1,1,1
2016200100172,1,9,0,18,0,1,0,0,0,0,1,1,6,1,20,4,1200,1,1,1,1,1
2016200100187,1,21,0,18,0,4,0,0,0,0,2,1,1,1,43,7,6700,2,-1,-1,-1,-1
2016200100187,2,19,0,7,0,3,0,0,0,0,1,1,1,2,57,9,1310,1,3,9,1,9
2016200100244,1,9,0,5,0,0,0,0,0,0,3,1,6,1,47,8,1248,2,8,1,1,1
2016200100244,2,23,0,18,0,0,0,0,0,0,4,1,1,1,34,6,749,1,8,1,1,1
2016200100267,1,9,0,14,0,1,0,0,0,0,1,1,6,3,-1,-1,-1,-1,-1,-1,-1,-1
2016200100267,2,9,0,18,0,2,0,0,0,0,1,1,6,1,60,9,1598,1,4,10,2,10
2016200100334,1,9,0,7,0,6,0,0,0,0,3,1,6,3,-1,-1,-1,-1,-1,-1,-1,-1
2016200100334,2,1,0,18,0,8,0,0,0,0,1,1,2,1,61,9,-1,-1,-1,4,1,4
2016200100336,1,9,0,18,0,8,0,0,0,0,3,1,6,1,24,5,1124,1,15,1,1,1
2016200100336,2,9,0,7,0,6,0,0,0,0,1,1,6,2,34,6,1395,1,2,1,1,1
2016200100336,3,9,0,2,9,2,0,0,0,0,3,1,6,2,-1,-1,1999,1,15,1,1,1
2016200100336,4,9,0,2,0,2,0,0,0,0,2,1,6,2,-1,-1,1390,1,16,1,1,1
2016200100336,5,9,0,2,0,2,0,0,0,0,1,1,6,1,-1,-1,1956,2,4,1,1,1
2016200100360,1,9,0,18,0,0,0,0,0,0,4,1,2,2,21,5,1198,1,10,-1,-1,-1
2016200100360,2,9,0,18,0,0,0,0,0,0,3,1,6,3,51,8,1896,2,13,3,1,3
2016200100378,1,9,0,18,0,1,0,0,0,0,1,1,6,1,-1,-1,1598,2,2,8,1,8
2016200100378,2,9,0,8,0,1,0,0,0,0,2,1,6,1,50,8,1598,2,2,6,1,6
2016200100449,1,9,0,14,0,8,0,0,0,0,4,1,6,2,49,8,998,1,-1,9,1,9
2016200100449,2,9,0,9,0,6,0,0,0,0,1,1,6,2,27,6,1397,1,8,5,1,5
2016200100466,1,9,0,4,0,2,0,0,0,0,1,1,6,1,67,10,1389,1,19,1,1,1
2016200100508,1,20,1,9,0,8,0,0,0,0,4,1,1,1,46,8,4500,2,1,1,1,1
2016200100545,1,9,0,9,0,5,0,0,0,0,1,1,6,3,-1,-1,-1,-1,-1,-1,-1,-1
2016200100553,1,9,0,18,0,6,0,0,0,0,2,1,5,2,32,6,1997,2,12,1,1,1
2016200100553,2,9,0,18,0,8,0,0,0,0,1,1,5,1,27,6,1968,2,11,1,1,1
2016200100569,1,9,0,9,0,2,0,0,0,0,1,1,6,1,60,9,1396,1,13,2,1,2
2016200100584,1,9,0,17,0,1,0,10,0,0,1,1,6,2,34,6,1296,1,9,1,1,1
2016200100584,2,9,0,5,0,2,0,0,0,0,1,1,6,1,24,5,1995,2,8,2,1,2
2016200100594,1,9,0,9,0,5,0,7,6,0,3,1,6,2,30,6,1461,2,1,8,1,8
2016200100594,2,9,0,18,0,1,0,0,0,0,4,1,2,2,29,6,1329,1,1,-1,-1,-1
2016200100597,1,9,0,18,0,1,0,0,0,0,0,1,2,1,36,7,1229,1,3,1,1,1
2016200100602,1,9,0,18,0,0,0,0,0,0,1,1,6,2,22,5,1598,2,3,2,1,2
2016200100602,2,9,0,3,0,0,0,0,0,0,2,1,6,2,34,6,1461,2,-1,4,1,4
2016200100609,1,9,0,3,0,1,0,0,0,0,2,1,1,1,47,8,1896,2,7,1,1,1
2016200100609,2,9,0,18,0,1,0,0,0,0,1,1,6,3,-1,-1,1686,2,12,-1,-1,-1
2016200100635,1,9,0,18,0,8,0,10,1,1,3,1,1,1,26,6,1399,2,7,3,1,3
2016200100635,2,9,0,9,0,8,0,0,0,0,1,1,6,2,60,9,1699,1,10,4,1,4
2016200100651,1,9,0,14,0,0,0,0,0,0,1,1,1,1,24,5,1988,1,16,3,1,3
2016200100658,1,9,0,18,0,0,0,0,0,0,1,1,6,3,-1,-1,-1,-1,-1,-1,-1,-1
2016200100674,1,9,0,5,0,0,0,0,0,0,1,1,6,1,-1,-1,1296,1,10,-1,-1,-1
2016200100674,2,9,0,14,0,0,0,0,0,0,1,1,6,2,35,6,1598,1,14,3,1,3
2016200100690,1,9,0,18,0,8,0,0,0,0,1,1,5,1,37,7,1895,1,16,2,1,2
2016200100690,2,9,0,9,0,6,0,0,0,0,1,1,2,2,29,6,1398,1,3,1,1,1
2016200100709,1,1,0,18,0,0,0,0,0,0,4,1,6,1,6,2,-1,-1,-1,-1,-1,-1
2016200100709,2,11,0,18,0,0,0,0,0,0,3,1,1,1,43,7,6370,2,13,-1,-1,-1
2016200100717,1,9,0,7,0,8,0,0,0,0,1,1,1,1,42,7,1984,1,15,1,1,1
2016200100717,2,9,0,18,0,8,0,0,0,0,1,1,1,1,55,8,-1,-1,-1,1,1,1
2016200100721,1,19,0,18,0,1,0,0,0,0,1,1,6,1,24,5,2500,2,10,4,1,4
2016200100721,2,9,0,3,0,1,0,0,1,2,2,1,6,1,45,7,1997,1,17,2,1,2
2016200100739,1,9,0,9,0,5,0,0,0,0,4,1,6,1,73,10,1598,1,14,2,1,2
2016200100739,2,11,0,18,0,8,0,0,0,0,1,1,1,3,45,7,7300,2,3,5,1,5
2016200100801,1,9,0,18,0,0,0,0,0,0,1,1,2,2,19,4,1248,2,5,5,1,5
2016200100803,1,1,0,11,0,8,0,0,0,0,4,1,2,1,19,4,-1,-1,-1,3,1,3
2016200100803,2,9,0,18,0,4,0,0,0,0,1,1,6,1,-1,-1,-1,-1,-1,-1,-1,-1
2016200100830,1,9,0,18,0,0,0,0,0,0,3,1,5,1,27,6,1461,2,7,3,1,3
2016200100857,1,9,0,18,0,1,0,0,0,0,1,1,6,3,-1,-1,2000,2,12,-1,-1,-1
2016200100857,2,9,0,3,0,1,0,0,0,0,2,1,6,1,40,7,1997,2,1,2,1,2
2016200100892,1,9,0,18,0,0,0,0,0,0,1,1,5,2,35,6,1242,1,12,2,1,2
2016200100894,1,9,0,1,9,0,0,0,0,0,4,1,6,1,70,10,1998,8,1,5,1,5
2016200100927,1,23,0,18,0,1,1,10,1,2,4,1,6,1,30,6,125,1,-1,1,1,1
2016200100961,1,9,0,14,0,2,0,0,0,0,3,1,6,1,-1,-1,1149,1,8,3,1,3
2016200100965,1,19,0,18,0,0,0,0,0,0,1,1,6,1,33,6,2143,2,1,2,1,2
2016200101005,1,9,0,9,0,8,0,0,0,0,3,1,5,3,-1,-1,-1,-1,-1,-1,-1,-1
2016200101005,2,9,0,18,0,8,0,0,0,0,1,1,5,2,31,6,1248,1,1,5,1,5
2016200101044,1,9,0,6,0,0,0,0,0,0,3,1,1,1,18,4,1598,1,12,2,1,2
2016200101044,2,5,0,18,0,0,0,0,0,0,3,1,1,1,49,8,675,1,7,4,1,4
2016200101075,1,9,0,3,0,1,0,0,0,0,2,1,1,1,57,9,1339,1,5,6,1,6
2016200101075,2,9,0,18,0,1,1,0,0,0,1,1,6,3,-1,-1,1596,1,11,-1,-1,-1
2016200101102,1,9,0,4,0,0,0,0,0,0,2,1,1,1,53,8,3189,1,11,5,1,5
2016200101102,2,9,0,4,0,0,0,0,0,0,1,1,6,2,-1,-1,1392,1,19,1,1,1
2016200101150,1,9,0,18,0,4,0,9,3,11,1,1,6,1,23,5,2967,2,3,10,1,10
2016200101157,1,9,0,18,0,1,1,0,0,0,1,1,6,2,-1,-1,1399,2,13,1,1,1
2016200101157,2,9,0,8,0,1,0,0,0,0,3,1,6,1,41,7,998,1,11,2,1,2
2016200101166,1,9,0,9,0,6,0,0,0,0,3,1,6,1,38,7,1995,1,13,-1,-1,-1
2016200101166,2,9,0,18,0,8,0,0,0,0,1,1,1,2,22,5,1560,2,2,3,1,3
2016200101168,1,9,0,18,0,1,0,0,0,0,1,1,6,3,-1,-1,1242,1,1,-1,-1,-1
2016200101168,2,9,0,8,0,1,0,0,0,0,2,1,6,2,18,4,1229,1,-1,8,3,8
2016200101180,1,9,0,18,0,1,0,0,0,0,1,1,6,3,30,6,1497,1,13,-1,-1,-1
2016200101180,2,9,0,3,0,1,0,0,0,0,2,1,5,2,49,8,1386,1,6,3,1,3
2016200101183,1,9,0,9,0,5,0,0,0,0,1,1,6,1,44,7,2656,1,12,-1,-1,-1
2016200101187,1,9,0,18,0,0,0,4,2,0,2,1,1,2,20,4,1200,1,3,7,1,7
2016200101187,2,9,0,2,0,0,0,0,0,0,1,1,6,3,-1,-1,-1,-1,-1,-1,-1,-1
2016200101187,3,9,0,2,0,0,0,0,0,0,2,1,6,3,-1,-1,-1,-1,-1,-1,-1,-1
2016200101196,1,9,0,9,0,5,0,0,0,0,0,1,6,1,49,8,1598,2,-1,-1,-1,-1
2016200101196,2,9,0,18,0,8,0,0,1,11,1,1,6,2,53,8,1461,2,6,9,1,9
2016200101201,1,9,0,6,0,0,0,0,0,0,3,1,6,1,18,4,1598,1,11,1,1,1
2016200101201,2,3,0,18,0,0,2,0,0,0,1,1,1,1,32,6,115,1,-1,5,1,5
2016200101203,1,9,0,9,0,6,0,0,0,0,4,1,6,1,25,5,1999,1,10,2,1,2
2016200101203,2,9,0,18,0,8,0,0,0,0,1,1,6,1,24,5,1499,2,1,7,2,7
2016200101216,1,9,0,18,0,0,1,0,0,0,0,1,6,2,47,8,1390,1,13,1,1,1
2016200101217,1,9,0,18,0,1,0,0,0,0,1,1,6,2,26,6,875,1,5,10,1,10
2016200101217,2,9,0,18,0,1,0,0,0,0,3,1,6,2,60,9,-1,-1,-1,3,1,3
2016200101281,1,9,0,4,0,6,1,0,0,0,1,1,6,1,57,9,1360,1,15,3,1,3
2016200101281,2,9,0,18,0,8,0,0,0,0,4,1,6,1,25,5,1997,2,1,6,1,6
2016200101318,1,9,0,18,0,1,0,0,0,0,2,1,6,1,43,7,1242,1,10,1,1,1
2016200101318,2,9,0,18,0,1,0,0,0,0,1,1,6,1,22,5,1390,1,13,1,1,1
2016200101421,1,9,0,18,0,6,0,0,0,0,1,1,6,1,27,6,1598,2,5,1,1,1
2016200101421,2,9,0,18,0,8,0,0,0,0,4,1,6,1,21,5,-1,-1,-1,1,1,1
2016200101423,1,9,0,13,0,0,0,0,0,0,1,1,6,1,18,4,1988,1,16,1,1,1
2016200101423,2,9,0,18,0,0,0,0,0,0,1,1,6,1,52,8,998,1,16,2,1,2
2016200101469,1,9,0,18,0,0,5,0,0,0,3,1,6,2,51,8,1149,1,12,9,2,9
2016200101469,2,9,0,18,0,0,0,0,0,0,1,1,6,2,54,8,1994,2,17,3,1,3
2016200101471,1,9,0,18,0,8,1,0,0,0,1,1,6,1,19,4,1595,1,9,2,1,2
2016200101471,2,9,0,18,0,8,1,0,0,0,4,1,6,2,20,4,1149,1,15,4,1,4
2016200101475,1,9,0,18,0,2,1,0,0,0,1,1,6,1,-1,-1,1199,1,17,1,1,1
2016200101475,2,9,0,18,0,1,0,0,0,0,1,1,1,1,65,9,1560,2,4,7,2,7
2016200101484,1,9,0,18,0,8,0,0,0,0,1,1,6,1,21,5,999,1,1,6,1,6
2016200101484,2,9,0,5,0,8,0,0,0,0,3,1,6,2,60,9,1364,2,3,4,1,4
2016200101642,1,9,0,18,0,0,1,0,0,0,1,1,6,3,-1,-1,1461,2,1,-1,-1,-1
2016200101642,2,9,0,18,0,0,1,0,1,0,1,1,1,1,22,5,1587,1,10,2,1,2
2016200101644,1,9,0,18,0,0,0,0,0,0,2,1,6,1,31,6,998,1,16,4,1,4
2016200101644,2,3,0,18,0,0,0,0,0,0,1,1,6,1,36,7,125,1,3,2,1,2
2016200101653,1,9,0,18,0,0,0,4,0,0,1,1,1,2,23,5,1242,1,2,1,1,1
2016200101653,2,9,0,2,0,0,0,0,0,0,1,1,5,2,56,9,1388,1,3,1,1,1