Accident_Index,Vehicle_Reference,Vehicle_Type,Towing_and_Articulation,Vehicle_Manoeuvre,Vehicle_Location-Restricted_Lane,Junction_Location,Skidding_and_Overturning,Hit_Object_in_Carriageway,Vehicle_Leaving_Carriageway,Hit_Object_off_Carriageway,1st_Point_of_Impact,Was_Vehicle_Left_Hand_Drive?,Journey_Purpose_of_Driver,Sex_of_Driver,Age_of_Driver,Age_Band_of_Driver,Engine_Capacity_(CC),Propulsion_Code,Age_of_Vehicle,Driver_IMD_Decile,Driver_Home_Area_Type,Vehicle_IMD_Decile
2016200104310,2,9,0,16,0,8,0,0,3,10,1,1,5,1,30,6,-1,-1,-1,-1,-1,-1
2016200104314,1,9,0,9,0,5,0,0,0,0,0,1,6,3,-1,-1,2926,2,15,-1,-1,-1
2016200104314,2,1,0,18,0,8,0,0,0,0,0,1,5,1,31,6,-1,-1,-1,7,2,7
2016200104343,1,9,0,18,0,8,0,0,0,0,1,1,6,1,31,6,1686,2,4,1,1,1
2016200104343,2,9,0,9,0,5,0,0,0,0,1,1,6,1,54,8,1240,1,12,1,1,1
2016200104351,1,9,0,11,0,0,0,0,0,0,2,1,6,1,18,4,1349,1,7,3,1,3
2016200104351,2,5,0,18,0,0,2,0,0,0,1,1,6,1,49,8,645,1,7,4,1,4
2016200104368,1,9,0,18,0,0,0,0,0,0,3,1,2,1,24,5,1242,1,3,4,1,4
2016200104399,1,9,0,18,0,0,0,0,0,0,1,1,2,2,22,5,1395,1,2,1,1,1
2016200104461,1,9,0,1,9,6,0,0,0,0,2,1,6,2,78,11,998,1,1,4,1,4
2016200104463,1,19,0,5,0,6,0,0,0,0,1,1,1,1,55,8,2287,2,3,2,1,2
2016200104463,2,9,0,18,0,8,2,10,1,9,3,1,2,2,58,9,1248,1,5,1,1,1
2016200104497,1,9,0,18,0,0,0,0,0,0,1,1,5,1,58,9,1753,2,10,2,1,2
2016200104497,2,9,0,18,0,0,0,0,0,0,1,1,5,1,43,7,1598,1,13,4,1,4
2016200104501,1,9,0,18,0,0,0,0,0,0,1,1,6,1,36,7,-1,-1,-1,1,1,1
2016200104501,2,1,0,13,0,0,0,0,0,0,1,1,6,1,-1,-1,-1,-1,-1,-1,-1,-1
2016200104509,1,9,0,4,0,1,0,0,0,0,1,1,6,3,-1,-1,973,1,14,-1,-1,-1
2016200104509,2,9,0,3,0,1,0,0,0,0,2,1,6,1,63,9,2143,2,3,3,1,3
2016200104536,1,19,0,9,9,5,1,0,0,0,0,1,6,3,-1,-1,2198,2,5,-1,-1,-1
2016200104578,1,-1,0,18,-1,0,0,-1,-1,0,-1,1,6,3,-1,-1,-1,-1,-1,-1,-1,-1
2016200104578,2,5,0,-1,-1,0,0,-1,-1,0,-1,1,6,1,25,5,-1,-1,-1,4,1,4
2016200104578,3,9,0,-1,-1,0,0,-1,-1,0,-1,1,6,1,62,9,-1,-1,-1,2,1,2
2016200104583,1,1,0,9,0,6,0,0,0,0,1,1,6,1,80,11,-1,-1,-1,1,1,1
2016200104583,2,9,0,14,0,8,0,0,0,0,4,1,2,2,20,4,999,1,3,7,1,7
2016200104589,1,1,0,18,0,1,0,0,0,0,3,1,6,1,53,8,-1,-1,-1,1,1,1
2016200104589,2,9,0,18,0,1,0,0,0,0,1,1,6,1,46,8,-1,-1,-1,8,1,8
2016200104591,1,9,0,16,0,2,1,0,0,0,1,1,5,2,58,9,1596,1,8,3,1,3
2016200104591,2,9,0,9,0,1,0,0,0,0,1,1,5,1,34,6,1490,1,10,3,1,3
2016200104619,1,19,0,17,0,0,0,11,1,0,3,1,6,1,57,9,2402,2,15,1,1,1
2016200104624,1,11,0,18,2,0,0,0,0,0,0,1,1,1,73,10,8268,2,14,2,1,2
2016200104624,2,9,0,11,2,0,0,0,0,0,0,1,1,3,-1,-1,-1,-1,-1,-1,-1,-1
2016200104642,1,2,0,7,0,1,2,0,0,0,3,1,5,1,19,4,49,1,11,1,1,1
2016200104653,1,9,0,4,0,1,1,10,1,2,1,1,6,2,36,7,998,1,18,1,1,1
2016200104676,1,9,0,18,0,8,0,0,0,0,1,1,5,1,69,10,1242,1,4,1,1,1
2016200104676,2,9,0,18,0,8,0,0,0,0,3,1,5,1,24,5,999,1,3,1,1,1
2016200104683,1,9,0,18,0,0,0,0,0,0,1,1,6,1,41,7,1560,2,4,10,1,10
2016200104683,2,9,0,18,0,0,0,0,0,0,2,1,6,2,31,6,1461,2,1,5,1,5
2016200104709,1,9,0,18,0,2,5,10,8,10,1,1,6,1,38,7,1896,2,10,2,1,2
2016200104710,1,9,0,9,0,5,0,0,0,0,1,1,2,2,43,7,1398,1,3,6,1,6
2016200104710,2,3,0,18,0,8,1,0,0,0,1,1,6,1,30,6,-1,-1,-1,1,1,1
2016200104711,1,98,0,5,0,2,0,0,0,0,4,1,1,1,42,7,-1,-1,-1,4,1,4
2016200104711,2,1,0,5,0,6,0,0,0,0,0,1,6,1,39,7,-1,-1,-1,1,1,1
2016200104720,1,9,0,18,0,0,0,0,0,0,4,1,6,2,-1,-1,1299,1,12,7,1,7
2016200104720,2,1,0,3,0,0,0,0,0,0,3,1,6,1,41,7,-1,-1,-1,1,1,1
2016200104722,1,9,0,17,0,0,1,10,7,4,4,1,6,1,25,5,1360,1,10,1,1,1
2016200104728,1,9,0,18,0,0,1,4,0,0,1,1,6,1,77,11,1596,1,14,5,1,5
2016200104728,2,9,0,2,0,0,0,0,0,0,3,1,5,3,-1,-1,-1,-1,-1,2,1,2
2016200104728,3,9,0,2,0,0,0,0,0,0,3,1,6,3,-1,-1,1399,2,10,2,1,2
2016200104728,4,9,0,18,0,0,1,0,1,0,1,1,6,1,36,7,998,1,15,5,1,5
2016200104766,1,9,0,5,0,6,0,0,0,0,1,1,6,1,29,6,1596,1,16,7,1,7
2016200104766,2,9,0,18,0,8,0,0,0,0,4,1,6,1,58,9,1598,1,11,-1,-1,-1
2016200104785,1,9,0,9,0,6,0,0,0,0,1,1,6,2,-1,-1,-1,3,-1,-1,-1,-1
2016200104785,2,1,0,18,0,8,0,0,0,0,1,1,1,1,45,7,-1,-1,-1,2,1,2
2016200104809,1,9,0,1,0,0,0,0,0,0,2,1,6,3,-1,-1,2967,2,5,-1,-1,-1
2016200104809,2,9,0,18,0,0,0,0,0,0,1,1,1,1,-1,-1,2993,2,2,-1,-1,-1
2016200104809,3,9,0,18,0,0,0,0,0,0,1,1,1,1,-1,-1,1956,2,2,-1,-1,-1
2016200104829,1,9,0,9,0,6,0,0,0,0,3,1,6,1,-1,-1,1591,1,8,2,1,2
2016200104829,2,9,0,18,0,8,0,0,0,0,1,1,1,1,37,7,1986,2,9,1,1,1
2016200104878,1,9,0,18,0,0,0,0,0,0,1,1,6,1,-1,-1,1686,2,5,-1,-1,-1
2016200104878,2,9,0,4,0,0,0,0,0,0,2,1,1,1,18,4,-1,-1,-1,4,1,4
2016200104878,3,9,0,4,0,0,0,0,0,0,2,1,1,1,28,6,1560,2,5,7,3,7
2016200104961,1,98,0,18,0,0,1,0,0,0,1,1,1,3,-1,-1,-1,-1,-1,-1,-1,-1
2016200104968,1,98,0,3,0,2,0,0,0,0,2,1,6,2,33,6,-1,-1,-1,3,1,3
2016200104968,2,9,0,4,0,2,0,0,0,0,2,1,1,1,32,6,2231,2,7,2,1,2
2016200104968,3,9,0,18,0,2,0,0,0,0,1,1,2,1,56,9,-1,-1,-1,2,1,2
2016200104974,1,5,0,18,0,0,0,0,0,0,-1,1,6,1,20,4,883,1,3,8,3,8
2016200104974,2,9,0,18,0,0,0,0,0,0,-1,1,6,3,-1,-1,2771,1,16,-1,-1,-1
2016200104981,1,9,0,18,0,1,1,0,0,0,1,1,6,3,-1,-1,-1,-1,-1,-1,-1,-1
2016200104981,2,9,0,4,0,1,0,0,0,0,2,1,1,1,37,7,1497,8,9,8,1,8
2016200105039,1,9,0,18,0,4,0,0,0,0,1,1,6,1,51,8,1588,1,13,1,1,1
2016200105039,2,9,0,18,0,4,0,0,0,0,1,1,6,2,40,7,1299,1,14,4,1,4
2016200105045,1,9,0,14,0,0,5,4,0,0,4,1,6,2,20,4,999,1,-1,1,1,1
2016200105045,2,9,0,2,0,0,0,0,0,0,3,1,6,3,-1,-1,1396,1,11,-1,-1,-1
2016200105045,3,9,0,2,0,0,0,0,0,0,3,1,6,3,-1,-1,1999,1,9,-1,-1,-1
2016200105086,1,9,0,18,0,8,0,0,0,0,1,1,6,1,14,3,1796,1,13,1,1,1
2016200105086,2,9,0,18,0,1,0,0,0,0,0,1,1,1,-1,-1,-1,-1,-1,1,1,1
2016200105086,3,9,0,18,0,8,0,0,0,0,4,1,6,1,30,6,1364,2,9,-1,-1,-1
2016200105086,4,9,0,18,0,8,0,0,0,0,1,1,6,1,53,8,2902,2,12,5,1,5
2016200105121,1,9,0,18,0,1,0,0,0,0,1,1,6,3,-1,-1,998,1,15,-1,-1,-1
2016200105121,2,9,0,3,0,1,0,0,0,0,2,1,6,2,62,9,1396,2,4,8,1,8
2016200105213,1,9,0,18,0,6,0,0,0,0,1,1,6,3,-1,-1,-1,-1,-1,-1,-1,-1
2016200105213,2,9,0,18,0,8,0,0,0,0,4,1,6,2,54,8,1149,1,8,9,1,9
2016200105214,1,9,0,5,0,2,0,4,0,0,1,1,6,1,-1,-1,1596,1,14,-1,-1,-1
2016200105214,2,9,0,2,0,1,0,0,0,0,1,1,6,2,38,7,1686,2,12,2,1,2
2016200105255,1,9,0,17,0,0,0,0,0,0,1,1,1,1,50,8,-1,-1,-1,2,1,2
2016200105255,2,9,0,16,0,0,0,0,0,0,1,1,5,2,42,7,1242,1,13,1,1,1
2016200105276,1,9,0,18,0,2,0,0,0,0,1,1,1,1,30,6,1596,1,13,7,1,7
2016200105276,2,19,0,18,0,1,0,0,0,0,0,1,1,1,56,9,2151,2,12,3,1,3
2016200105330,1,9,0,18,0,1,1,0,1,11,1,1,5,1,26,6,1896,2,12,2,1,2
2016200105344,1,9,0,9,0,6,0,0,0,0,1,1,6,1,56,9,1995,2,5,1,1,1
2016200105344,2,3,0,18,0,8,2,0,0,0,1,1,1,1,25,5,125,1,2,1,1,1
2016200105344,3,11,0,18,0,1,0,0,0,0,1,1,1,1,38,7,-1,-1,-1,-1,-1,-1
2016200105380,1,5,0,13,0,0,0,0,0,0,1,1,1,1,71,10,1052,1,20,1,1,1
2016200105380,2,9,0,6,0,0,0,0,0,0,3,1,1,2,58,9,1997,2,1,3,1,3
2016200105390,1,9,0,14,0,1,0,0,0,0,4,1,5,2,55,8,1364,1,1,1,1,1
2016200105390,2,1,0,14,0,1,0,0,0,0,3,1,5,1,58,9,-1,-1,-1,4,1,4
2016200105430,1,9,0,18,0,2,0,0,0,0,0,1,6,3,-1,-1,-1,-1,-1,-1,-1,-1
2016200105430,2,9,0,3,0,1,0,0,0,0,0,1,6,3,-1,-1,-1,-1,-1,-1,-1,-1
2016200105446,1,9,0,9,0,5,0,0,1,0,2,1,6,2,60,9,1686,2,5,1,1,1
2016200105446,2,9,0,9,0,6,0,0,0,0,1,1,6,1,65,9,1399,2,10,1,1,1
2016200105466,1,9,0,18,0,8,0,0,1,2,1,1,2,1,32,6,1984,1,6,1,1,1
2016200105466,2,9,0,18,0,8,0,0,0,0,2,1,2,2,44,7,1582,2,4,7,1,7
2016200105494,1,9,0,18,0,1,5,10,7,1,1,1,6,1,33,6,1498,1,8,6,1,6
2016200105539,1,9,0,18,0,0,5,10,1,0,1,1,6,2,40,7,1598,1,1,1,1,1
2016200105539,2,9,0,18,0,0,0,0,0,0,1,1,6,1,64,9,1364,1,5,1,1,1
2016200105559,1,1,0,18,0,8,0,0,0,0,1,1,6,1,14,3,-1,-1,-1,2,1,2
2016200105559,2,9,0,8,0,1,0,0,0,0,0,1,1,3,35,6,1332,1,7,7,1,7
2016200105559,3,11,0,18,0,8,0,0,0,0,1,1,1,1,29,6,5132,2,-1,2,1,2
2016200105565,1,9,0,17,0,1,1,4,0,0,1,1,6,3,-1,-1,1796,1,12,-1,-1,-1
2016200105565,2,19,0,2,0,1,0,0,0,0,2,1,1,1,37,7,1499,2,1,5,1,5
2016200105591,1,9,0,18,0,1,0,0,1,0,1,1,6,3,19,4,1598,2,1,-1,-1,-1
2016200105591,2,9,0,2,0,1,0,0,0,0,2,1,1,1,-1,-1,1956,2,4,-1,-1,-1
2016200105591,3,9,0,18,0,1,0,0,0,0,0,1,1,1,-1,-1,2993,2,3,-1,-1,-1
2016200105598,1,9,0,18,0,0,0,0,0,0,3,1,1,1,49,8,998,1,2,7,1,7
2016200105598,2,9,0,5,0,0,0,0,0,0,2,1,6,1,-1,-1,1360,1,12,3,1,3
2016200105611,1,19,0,18,0,1,0,4,7,0,0,1,6,1,-1,-1,2287,2,6,-1,-1,-1
2016200105611,2,9,0,2,0,1,0,0,0,0,4,1,6,1,-1,-1,1968,2,9,-1,-1,-1
2016200105613,1,9,0,18,0,0,0,0,0,0,1,1,6,1,19,4,1910,2,11,3,1,3
2016200105613,2,9,0,3,0,0,0,0,0,0,2,1,6,1,57,9,1242,1,1,1,1,1
2016200105613,3,9,0,3,0,0,0,0,0,0,2,1,6,2,59,9,1339,1,10,5,1,5
2016200105639,1,9,0,17,0,0,0,10,1,10,1,1,6,2,47,8,1598,1,8,3,1,3
2016200105642,1,21,0,4,0,1,0,0,0,0,1,1,1,1,48,8,-1,-1,-1,3,1,3
2016200105646,1,9,0,4,0,0,1,0,0,0,1,1,6,3,-1,-1,1994,1,18,-1,-1,-1
2016200105646,2,9,0,4,0,0,0,0,0,0,2,1,6,1,33,6,1794,7,11,2,1,2
2016200105667,1,9,0,18,0,0,1,4,0,0,4,1,6,3,-1,-1,2393,1,17,-1,-1,-1
2016200105667,2,9,0,2,0,0,0,0,0,0,1,1,6,2,42,7,1229,1,10,6,1,6
2016200105709,1,9,0,4,0,0,0,0,0,0,1,1,1,2,28,6,1461,2,5,5,1,5
2016200105709,2,9,0,18,0,0,0,0,0,0,2,1,2,1,25,5,1388,1,13,2,1,2
2016200105717,1,9,0,18,0,8,0,0,0,0,1,1,6,2,48,8,1360,1,16,1,1,1
2016200105717,2,9,0,18,0,8,0,0,0,0,4,1,6,1,74,10,1999,1,10,3,1,3
2016200105719,1,9,0,18,0,4,5,0,0,0,3,1,6,1,69,10,1598,1,12,7,1,7
2016200105719,2,9,0,18,0,3,0,0,0,0,1,1,6,1,51,8,4266,1,16,7,1,7
2016200105762,1,9,0,16,0,2,0,0,0,0,1,1,6,2,24,5,1299,1,8,7,1,7
2016200105762,2,1,0,18,0,2,0,0,0,0,1,1,6,1,9,2,-1,-1,-1,-1,-1,-1
2016200105846,1,9,0,9,0,5,0,0,0,0,3,1,6,1,22,5,-1,-1,-1,2,1,2
2016200105846,2,9,0,9,0,6,0,0,0,0,3,1,6,1,36,7,1598,1,8,5,1,5
2016200105856,1,9,0,9,0,5,1,0,0,0,4,1,6,3,-1,-1,-1,-1,-1,-1,-1,-1
2016200105856,2,9,0,18,0,8,1,0,0,0,1,1,2,1,42,7,1299,1,13,1,1,1
2016200105860,1,19,0,9,0,6,0,0,0,0,1,1,6,1,55,8,2198,2,10,2,1,2
2016200105860,2,9,0,18,0,8,1,0,0,0,4,1,6,1,72,10,1242,1,3,6,1,6
2016200105876,1,1,0,5,9,8,0,0,0,0,2,1,6,1,16,4,-1,-1,-1,1,1,1
2016200105876,2,8,0,1,0,8,0,0,0,0,2,1,6,2,-1,-1,-1,-1,-1,-1,-1,-1
2016200105887,1,9,0,9,0,5,0,0,0,0,4,1,1,1,62,9,1242,1,9,6,1,6
2016200105887,2,1,0,17,0,8,0,0,0,0,1,1,1,1,41,7,-1,-1,-1,1,1,1
2016200105894,1,9,0,7,0,6,1,10,7,5,1,1,6,1,29,6,1781,1,16,2,1,2
2016200105894,2,9,0,18,0,2,0,0,0,0,1,1,1,1,-1,-1,2993,2,2,-1,-1,-1
2016200105894,3,9,0,7,0,6,0,0,0,0,0,1,1,1,-1,-1,2993,2,2,-1,-1,-1
2016200105919,1,9,0,18,0,1,0,10,8,11,1,1,6,1,27,6,2198,1,13,3,1,3
2016200105919,2,9,0,18,0,1,0,0,0,0,1,1,1,1,-1,-1,2993,2,4,2,1,2
2016200105959,1,22,0,18,9,0,0,0,0,0,1,1,6,1,-1,-1,-1,-1,-1,-1,-1,-1
2016200105966,1,9,0,18,0,0,0,4,7,0,1,1,6,1,17,4,1388,1,20,9,1,9
2016200105966,2,9,0,2,0,0,0,0,0,0,1,1,6,1,-1,-1,1396,1,19,9,1,9
2016200105966,3,9,0,2,0,0,0,0,0,0,1,1,5,1,23,5,1598,1,13,9,1,9
2016200105966,4,9,0,2,0,0,0,0,0,0,1,1,5,1,53,8,-1,-1,-1,9,1,9
2016200105982,1,9,0,18,0,6,0,10,1,10,3,1,6,1,86,11,1398,2,11,5,1,5
2016200106040,1,9,0,6,0,8,0,0,0,0,3,1,6,1,41,7,1796,1,10,2,1,2
2016200106040,2,11,0,18,0,8,0,0,0,0,1,1,6,1,69,10,7300,2,4,3,1,3
2016200106059,1,9,0,18,0,1,1,0,0,0,1,1,6,1,24,5,-1,-1,-1,6,1,6
2016200106059,2,9,0,4,0,1,0,0,0,0,2,1,5,1,36,7,1498,1,10,1,1,1
2016200106082,1,9,0,18,0,1,0,0,0,0,1,1,6,3,-1,-1,1197,1,2,-1,-1,-1
2016200106082,2,9,0,3,0,1,0,0,0,0,2,1,6,1,-1,-1,1968,2,8,1,1,1
2016200106109,1,9,0,18,0,2,1,10,1,10,1,1,6,1,22,5,1598,1,10,-1,-1,-1
2016200106109,2,9,0,18,0,2,0,0,0,0,0,1,1,3,-1,-1,2993,2,3,2,1,2
2016200106114,1,9,0,5,9,6,0,0,0,0,1,1,1,1,-1,-1,-1,-1,-1,-1,-1,-1
2016200106114,2,1,0,18,9,8,0,0,0,0,3,1,4,1,16,4,-1,-1,-1,1,1,1
2016200106139,1,9,0,6,0,8,0,0,0,0,3,1,6,3,-1,-1,-1,-1,-1,-1,-1,-1
2016200106139,2,9,0,18,0,8,0,0,0,0,0,1,6,1,24,5,1396,1,15,5,1,5
2016200106141,1,9,0,16,0,1,1,0,0,0,1,1,1,1,42,7,2993,2,-1,7,3,7
2016200106141,2,9,0,4,0,1,0,10,1,0,2,1,5,1,20,4,1397,1,3,3,1,3
2016200106141,3,9,0,10,0,1,0,0,0,0,2,1,5,2,25,5,1229,1,2,6,1,6
2016200106176,1,9,0,18,0,0,1,10,1,4,1,1,5,1,17,4,1679,1,16,2,1,2
2016200106201,1,11,0,2,0,0,0,0,0,0,1,1,1,1,-1,-1,9000,2,8,1,1,1
2016200106201,2,21,0,14,0,0,0,0,0,0,0,1,1,1,61,9,-1,-1,-1,1,1,1
2016200106203,1,9,0,18,0,0,0,0,0,0,1,1,6,1,32,6,998,1,18,10,1,10
2016200106203,2,1,0,18,0,0,0,0,0,0,1,1,6,1,53,8,-1,-1,-1,5,1,5
2016200106205,1,9,0,18,0,0,1,4,7,0,1,1,6,1,22,5,1229,1,9,6,1,6
2016200106205,2,9,0,2,0,0,0,0,0,0,4,1,6,2,-1,-1,1299,1,13,1,1,1
2016200106207,1,-1,0,1,0,0,0,0,0,0,2,1,6,3,-1,-1,-1,-1,-1,-1,-1,-1
2016200106217,1,9,0,18,0,0,0,0,0,0,1,1,6,1,40,7,1968,2,5,5,1,5
2016200106219,1,9,0,18,0,6,0,0,0,0,3,1,6,2,-1,-1,1198,1,11,2,1,2
2016200106219,2,9,0,18,0,8,0,0,0,0,4,1,6,2,26,6,1229,1,1,10,1,10
2016200106223,1,9,0,18,0,0,0,0,7,11,1,1,6,1,22,5,1149,1,9,-1,-1,-1
2016200106224,1,5,0,18,0,8,1,0,0,0,0,1,1,1,45,7,998,1,26,1,1,1
2016200106224,2,9,0,5,0,8,0,0,0,0,0,1,5,1,42,7,-1,-1,-1,2,1,2
2016200106225,1,9,0,9,0,5,0,0,0,0,1,1,6,2,56,9,1997,2,10,1,1,1
2016200106225,2,5,0,18,0,8,0,0,0,0,1,1,1,1,43,7,999,1,3,2,1,2
2016200106240,1,9,0,9,0,6,0,0,0,0,3,1,6,1,29,6,1686,2,5,7,1,7
2016200106240,2,5,0,10,0,8,0,0,0,0,4,1,6,1,53,8,675,1,4,1,1,1
2016200106243,1,9,0,18,0,0,0,0,0,0,3,1,6,3,-1,-1,1596,1,10,-1,-1,-1
2016200106243,2,1,0,18,0,0,0,0,0,0,1,1,6,1,23,5,-1,-1,-1,1,1,1
2016200106263,1,19,0,18,0,0,1,0,0,0,1,1,6,1,41,7,2402,2,14,2,1,2
2016200106263,2,9,0,3,0,0,0,0,0,0,2,1,6,2,49,8,1199,1,12,10,1,10
2016200106285,1,3,0,18,0,8,0,0,0,0,4,1,6,1,51,8,125,1,13,2,1,2
2016200106285,2,9,0,18,0,8,0,0,0,0,3,1,6,1,40,7,1600,1,5,5,1,5
2016200106291,1,9,0,1,9,0,0,0,0,0,2,1,3,3,-1,-1,1461,2,3,-1,-1,-1
2016200106293,1,9,0,18,0,0,0,0,0,0,2,1,5,2,52,8,998,1,-1,2,1,2
2016200106293,2,1,0,18,0,0,0,0,0,0,1,1,5,1,27,6,-1,-1,-1,1,1,1
2016200106312,1,9,0,9,0,6,0,0,0,0,1,1,6,3,-1,-1,-1,-1,-1,-1,-1,-1
2016200106321,1,9,0,9,0,5,0,0,0,0,1,1,6,1,24,5,1595,1,12,1,1,1
2016200106321,2,3,0,18,0,8,0,0,0,0,1,1,6,1,21,5,-1,-1,-1,1,1,1
2016200106325,1,9,0,18,0,2,0,0,0,0,1,1,1,1,28,6,1995,2,12,2,1,2
2016200106325,2,9,0,4,0,1,0,0,0,0,1,1,2,2,59,9,1368,1,-1,10,1,10
2016200106373,1,8,0,18,0,8,0,0,0,0,1,1,1,1,28,6,1997,2,-1,1,1,1
2016200106373,2,9,0,7,0,5,0,0,0,0,2,1,6,2,33,6,1995,2,10,8,1,8
2016200106444,1,9,0,6,0,0,0,0,0,0,4,1,6,3,-1,-1,1896,2,15,-1,-1,-1
2016200106444,2,1,0,18,0,0,0,0,0,0,1,1,1,1,44,7,-1,-1,-1,9,1,9
2016200106468,1,9,0,18,0,2,0,0,0,0,1,1,6,1,72,10,1798,8,2,10,1,10
2016200106493,1,11,0,5,2,0,0,0,0,0,0,1,1,3,-1,-1,-1,-1,-1,-1,-1,-1
2016200106493,2,3,0,18,0,0,1,0,0,0,1,1,6,2,26,6,124,1,2,5,1,5
2016200106496,1,9,0,9,0,5,0,0,0,0,1,1,5,3,-1,-1,-1,-1,-1,-1,-1,-1
2016200106496,2,9,0,18,0,8,0,0,0,0,3,1,5,1,39,7,1896,2,10,2,1,2
2016200106504,1,1,0,18,9,1,0,0,0,0,1,1,6,1,-1,-1,-1,-1,-1,-1,-1,-1
2016200106504,2,9,0,5,0,6,0,0,0,0,3,1,2,1,60,9,1242,1,11,1,1,1
2016200106520,1,9,0,5,0,6,0,0,0,0,3,1,5,1,29,6,1388,1,14,3,1,3
2016200106520,2,9,0,18,0,8,1,0,0,0,1,1,5,2,42,7,1388,1,13,10,1,10
2016200106527,1,9,0,18,0,0,0,0,0,0,1,1,6,1,21,5,1598,2,1,1,1,1
2016200106533,1,9,0,11,0,1,0,0,0,0,4,1,6,1,-1,-1,1339,1,11,3,1,3
2016200106533,2,9,0,18,0,1,0,0,0,0,3,1,6,1,20,4,1968,2,10,1,1,1
2016200106541,1,9,0,17,0,0,1,10,0,0,1,1,6,1,28,6,1596,1,15,3,1,3
2016200106541,2,9,0,16,0,0,0,0,0,0,1,1,2,2,30,6,1498,1,1,4,1,4
2016200106571,1,9,0,9,0,6,0,0,0,0,3,1,6,1,74,10,1796,1,12,1,1,1
2016200106571,2,9,0,18,0,8,0,0,0,0,1,1,6,2,27,6,1596,1,5,6,1,6
2016200106578,1,9,0,18,0,0,0,4,0,0,1,1,6,1,25,5,1364,1,10,2,1,2
2016200106578,2,9,0,2,0,0,0,4,0,0,2,1,6,3,-1,-1,1870,2,11,-1,-1,-1
2016200106578,3,9,0,2,0,0,0,7,0,0,2,1,6,3,-1,-1,1968,2,11,-1,-1,-1
2016200106585,1,20,0,11,0,2,0,0,0,0,3,1,6,1,-1,-1,5193,2,4,-1,-1,-1
2016200106585,2,9,0,18,0,2,0,0,0,0,4,1,6,2,30,6,1995,2,6,8,1,8
2016200106669,1,98,0,1,0,0,0,0,0,0,0,1,6,3,-1,-1,-1,-1,-1,-1,-1,-1
2016200106681,1,9,0,9,0,8,0,0,0,0,1,1,6,2,28,6,1596,1,8,4,1,4
2016200106681,2,9,0,18,0,8,0,0,0,0,1,1,6,1,35,6,1248,2,11,5,2,5
2016200106684,1,9,0,9,0,6,0,0,0,0,3,1,6,2,24,5,1896,2,8,1,1,1
2016200106684,2,9,0,18,0,8,0,0,0,0,1,1,6,3,-1,-1,973,1,13,-1,-1,-1
2016200106693,1,9,0,9,0,2,0,0,0,0,3,1,1,1,52,8,1997,2,12,6,1,6
2016200106728,1,9,0,9,0,8,1,0,0,0,0,1,6,1,61,9,1560,2,10,7,1,7
2016200106728,2,3,0,18,0,8,0,0,0,0,0,1,1,1,27,6,124,1,10,1,1,1
2016200106729,1,9,0,18,0,1,0,0,0,0,1,1,6,1,-1,-1,-1,-1,-1,-1,-1,-1
2016200106729,2,9,0,18,0,1,0,0,0,0,1,1,6,2,33,6,1248,1,-1,1,1,1
2016200106746,1,9,0,9,0,2,0,0,0,0,3,1,2,1,21,5,998,1,10,5,1,5
2016200106763,1,9,0,18,0,0,0,0,0,0,1,1,6,2,39,7,2497,2,4,1,1,1
2016200106788,1,9,0,18,0,0,0,0,0,0,1,1,6,2,35,6,1968,2,3,3,1,3
2016200106788,2,2,0,18,0,0,0,10,8,0,1,1,6,3,-1,-1,49,1,4,-1,-1,-1
2016200106795,1,9,0,18,0,1,0,0,0,0,1,1,6,1,24,5,1896,2,12,3,1,3
2016200106795,2,9,0,4,0,1,0,0,0,0,2,1,6,1,22,5,1596,1,14,2,1,2
2016200106795,3,9,0,4,0,1,0,0,0,0,2,1,6,1,38,7,1995,2,4,1,1,1
2016200106804,1,9,0,5,0,4,0,0,0,0,1,1,1,1,25,5,2993,2,11,1,1,1
2016200106804,2,3,0,18,0,8,0,0,0,0,4,1,1,1,46,8,125,1,2,2,1,2
2016200106811,1,9,0,9,0,6,0,0,0,0,1,1,6,3,-1,-1,-1,-1,-1,-1,-1,-1
2016200106811,2,1,0,18,4,8,0,0,0,0,4,1,6,1,23,5,-1,-1,-1,4,1,4
2016200106837,1,8,0,12,0,0,0,0,0,0,4,1,1,1,64,9,1997,2,11,2,1,2
2016200106857,1,9,0,18,0,0,0,0,0,0,1,1,3,1,38,7,1975,1,11,2,1,2
2016200106874,1,9,0,18,0,1,0,0,0,0,1,1,6,3,-1,-1,1390,1,14,-1,-1,-1
2016200106874,2,9,0,9,0,5,0,0,0,0,2,1,1,2,29,6,998,1,4,2,1,2
2016200106879,1,9,0,9,0,5,0,0,0,0,1,1,6,3,-1,-1,-1,-1,-1,-1,-1,-1
2016200106879,2,1,0,18,0,8,0,0,0,0,1,1,6,1,45,7,-1,-1,-1,10,1,10
2016200106928,1,9,0,17,0,1,1,10,7,2,1,1,2,2,43,7,1364,1,9,2,1,2
2016200106942,1,9,0,18,0,6,0,0,0,0,1,1,6,1,34,6,2143,2,2,2,1,2
2016200106942,2,9,0,18,0,8,0,0,0,0,3,1,6,1,48,8,2720,2,11,1,1,1
2016200106942,3,9,0,18,0,8,0,0,0,0,1,1,6,1,-1,-1,2967,2,1,-1,-1,-1
2016200106942,4,9,0,18,0,8,0,0,0,0,1,1,6,1,-1,-1,2967,2,3,-1,-1,-1
2016200106945,1,9,0,18,0,4,0,9,3,1,1,1,1,1,25,5,1896,2,10,1,1,1