Accident_Index,Vehicle_Reference,Vehicle_Type,Towing_and_Articulation,Vehicle_Manoeuvre,Vehicle_Location-Restricted_Lane,Junction_Location,Skidding_and_Overturning,Hit_Object_in_Carriageway,Vehicle_Leaving_Carriageway,Hit_Object_off_Carriageway,1st_Point_of_Impact,Was_Vehicle_Left_Hand_Drive?,Journey_Purpose_of_Driver,Sex_of_Driver,Age_of_Driver,Age_Band_of_Driver,Engine_Capacity_(CC),Propulsion_Code,Age_of_Vehicle,Driver_IMD_Decile,Driver_Home_Area_Type,Vehicle_IMD_Decile
2016200106962,1,9,0,3,0,2,0,0,0,0,2,1,2,1,31,6,1229,1,10,2,1,2
2016200106962,2,9,0,18,0,2,0,0,0,0,1,1,6,3,-1,-1,2401,2,13,-1,-1,-1
2016200106967,1,9,0,4,0,6,0,0,0,0,1,1,6,2,21,5,1229,1,5,6,1,6
2016200106967,2,9,0,18,0,8,0,0,0,0,4,1,2,2,54,8,1999,1,4,9,1,9
2016200107003,1,9,0,18,0,1,0,0,0,0,1,1,6,3,-1,-1,-1,-1,-1,-1,-1,-1
2016200107003,2,9,0,3,0,1,0,0,0,0,2,1,6,1,56,9,1490,1,13,1,1,1
2016200107006,1,9,0,9,0,6,0,0,0,0,1,1,6,1,89,11,1229,1,10,3,1,3
2016200107006,2,9,0,18,0,8,0,0,0,0,1,1,6,2,50,8,1498,1,6,5,3,5
2016200107035,1,9,0,18,0,1,0,0,0,0,1,1,6,3,-1,-1,1248,2,9,-1,-1,-1
2016200107035,2,9,0,18,0,1,0,0,0,0,2,1,6,1,56,9,1956,2,2,6,1,6
2016200107041,1,9,0,7,0,6,0,0,0,0,1,1,6,1,40,7,1968,2,2,2,1,2
2016200107051,1,9,0,18,0,1,0,0,0,0,1,1,6,2,34,6,1229,1,8,2,1,2
2016200107051,2,9,0,18,0,1,0,0,0,0,2,1,3,1,37,7,998,1,12,-1,-1,-1
2016200107102,1,9,0,18,0,0,0,0,0,0,1,1,1,2,46,8,1686,2,8,6,1,6
2016200107107,1,9,0,3,0,0,0,0,0,0,2,1,5,1,45,7,1596,1,12,4,1,4
2016200107107,2,9,0,16,0,0,0,0,0,0,1,1,6,3,30,6,-1,-1,-1,-1,-1,-1
2016200107129,1,9,0,4,0,0,0,0,0,0,1,1,2,2,24,5,1349,1,2,1,1,1
2016200107129,2,9,0,4,0,0,0,0,0,0,1,1,1,1,30,6,1956,2,2,1,1,1
2016200107131,1,9,0,9,0,6,0,4,1,0,1,1,6,2,80,11,1299,1,14,8,1,8
2016200107131,2,9,0,2,0,2,0,0,0,0,0,1,6,2,-1,-1,1390,1,2,9,1,9
2016200107131,3,9,0,2,9,2,0,0,0,0,0,1,6,2,51,8,1498,1,5,9,1,9
2016200107132,1,9,0,9,0,4,0,0,0,0,1,1,1,2,50,8,1618,1,2,-1,-1,-1
2016200107132,2,1,0,18,0,8,0,0,0,0,4,1,6,1,56,9,-1,-1,-1,2,1,2
2016200107168,1,9,0,18,0,0,0,0,0,0,1,1,6,1,36,7,1396,1,18,1,1,1
2016200107204,1,9,0,4,0,1,0,0,0,0,1,1,2,1,31,6,1997,2,1,10,1,10
2016200107204,2,9,0,3,0,1,0,0,0,0,2,1,2,2,39,7,1798,1,12,4,1,4
2016200107204,3,98,0,3,0,1,0,0,0,0,2,1,1,1,29,6,-1,-1,-1,8,1,8
2016200107213,1,9,0,18,0,8,0,0,7,2,1,1,6,3,-1,-1,1598,2,4,-1,-1,-1
2016200107213,2,9,0,18,0,8,0,0,0,0,1,1,1,1,44,7,2148,2,9,2,1,2
2016200107275,1,19,0,18,0,0,0,10,7,0,1,1,1,1,31,6,2143,2,4,1,1,1
2016200107276,1,9,0,18,0,0,1,7,7,11,0,1,1,1,25,5,1998,1,13,4,1,4
2016200107276,2,9,0,18,0,0,0,0,0,0,0,1,1,3,-1,-1,2993,2,2,1,1,1
2016200107296,1,9,0,1,0,6,0,0,0,0,2,1,6,1,-1,-1,-1,-1,-1,2,1,2
2016200107296,2,9,0,18,0,8,0,0,0,0,1,1,6,3,-1,-1,-1,-1,-1,-1,-1,-1
2016200107351,1,9,0,7,0,6,0,0,0,0,3,1,6,3,-1,-1,1598,1,10,-1,-1,-1
2016200107351,2,1,0,18,0,8,0,0,0,0,1,1,6,2,28,6,-1,-1,-1,1,1,1
2016200107356,1,19,0,9,0,0,0,0,0,0,-1,1,6,1,48,8,2143,2,2,8,3,8
2016200107356,2,3,0,18,0,0,0,0,0,0,-1,1,6,1,34,6,125,1,3,5,1,5
2016200107375,1,3,0,9,0,1,0,0,0,0,4,1,2,1,23,5,124,1,4,1,1,1
2016200107375,2,9,0,13,0,1,0,0,0,0,3,1,6,1,20,4,-1,-1,-1,3,1,3
2016200107378,1,9,0,18,0,8,0,0,0,0,3,1,6,3,-1,-1,1984,1,6,-1,-1,-1
2016200107378,2,9,0,18,0,8,0,0,0,0,1,1,1,1,37,7,1968,2,2,3,1,3
2016200107446,1,9,0,4,0,3,0,0,0,0,2,1,6,2,65,9,1198,1,3,2,1,2
2016200107446,2,9,0,18,0,3,0,0,0,0,1,1,6,1,22,5,1995,2,10,3,1,3
2016200107451,1,19,0,4,0,0,0,0,0,0,1,1,1,1,26,6,1248,2,-1,3,1,3
2016200107464,1,9,0,12,0,1,0,0,0,0,2,1,6,1,34,6,1896,2,13,1,1,1
2016200107464,2,9,0,18,0,1,0,0,0,0,1,1,6,1,24,5,1598,1,14,10,1,10
2016200107485,1,9,0,11,0,3,0,0,0,0,1,1,6,3,-1,-1,-1,-1,-1,-1,-1,-1
2016200107485,2,9,0,18,0,8,0,10,1,0,3,1,6,2,24,5,1360,1,6,1,1,1
2016200107499,1,9,0,9,0,8,0,0,0,0,1,1,6,2,71,10,1395,1,-1,4,1,4
2016200107499,2,9,0,18,0,8,0,0,0,0,1,1,6,1,23,5,1596,1,10,3,1,3
2016200107530,1,9,0,9,0,2,0,0,0,0,0,1,1,1,56,9,1390,1,11,2,1,2
2016200107547,1,21,0,11,0,0,0,0,0,0,1,1,6,1,32,6,12130,2,10,-1,-1,-1
2016200107547,2,9,0,18,0,0,0,0,0,0,3,1,6,1,23,5,1395,1,-1,1,1,1
2016200107551,1,9,0,18,0,0,0,0,0,0,1,1,6,3,23,5,1956,2,5,2,1,2
2016200107551,2,19,0,18,0,0,2,0,0,0,2,1,6,1,58,9,2300,2,10,7,1,7
2016200107551,3,9,0,18,0,0,0,0,0,0,1,1,6,1,47,8,1997,2,11,-1,-1,-1
2016200107551,4,9,0,18,0,0,0,0,0,0,1,1,6,1,30,6,-1,-1,-1,7,1,7
2016200107551,5,9,0,18,0,0,0,0,0,0,3,1,6,1,-1,-1,1200,1,1,7,1,7
2016200107551,6,9,0,18,0,0,0,0,0,0,3,1,6,1,57,9,1461,2,-1,9,1,9
2016200107595,1,9,0,18,0,0,0,0,0,0,1,1,6,1,67,10,2151,2,17,8,1,8
2016200107596,1,9,0,9,0,5,0,0,0,0,1,1,6,2,-1,-1,1360,1,13,-1,-1,-1
2016200107596,2,3,0,18,0,8,0,0,0,0,1,1,6,1,20,4,108,1,4,8,1,8
2016200107614,1,9,0,9,0,5,0,0,0,0,1,1,6,3,-1,-1,1339,1,13,7,3,7
2016200107614,2,9,0,18,0,8,0,0,0,0,1,1,1,1,27,6,-1,-1,-1,1,1,1
2016200107651,1,9,0,3,0,0,0,0,0,0,1,1,6,2,31,6,998,1,10,2,1,2
2016200107651,2,9,0,4,0,0,0,0,0,0,2,1,6,1,21,5,1560,2,-1,1,1,1
2016200107657,1,9,0,18,0,8,0,0,0,0,1,1,6,2,37,7,1199,1,12,3,1,3
2016200107657,2,3,0,5,0,8,0,0,0,0,4,1,6,1,30,6,124,1,1,3,1,3
2016200107692,1,9,0,18,0,8,0,0,0,0,1,1,6,1,-1,-1,1896,2,13,2,1,2
2016200107692,2,1,0,18,0,8,0,0,0,0,4,1,1,1,35,6,-1,-1,-1,4,1,4
2016200107721,1,9,0,18,0,1,0,0,0,0,1,1,1,1,60,9,1199,2,4,2,1,2
2016200107721,2,9,0,4,0,1,0,0,0,0,2,1,6,1,37,7,1598,1,10,2,1,2
2016200107724,1,9,0,18,0,4,0,0,0,0,1,1,6,1,30,6,2967,2,1,3,1,3
2016200107724,2,1,0,9,0,3,0,0,0,0,1,1,2,1,43,7,-1,-1,-1,1,1,1
2016200107738,1,9,0,9,0,5,0,0,0,0,3,1,6,1,19,4,1360,1,6,2,1,2
2016200107738,2,9,0,18,0,8,0,0,0,0,0,1,1,1,29,6,-1,-1,-1,1,1,1
2016200107738,3,9,0,18,0,8,0,0,0,0,2,1,6,2,48,8,1360,1,4,3,1,3
2016200107769,1,9,0,7,0,6,0,0,0,0,1,1,6,2,27,6,1461,2,8,4,1,4
2016200107769,2,1,0,18,0,8,0,0,0,0,2,1,6,1,52,8,-1,-1,-1,6,1,6
2016200107776,1,9,0,9,0,5,0,0,0,0,1,1,1,1,38,7,1598,1,9,2,1,2
2016200107776,2,1,0,18,0,8,5,0,1,0,1,1,1,1,48,8,-1,-1,-1,5,1,5
2016200107827,1,19,0,9,0,4,0,0,0,0,1,1,6,1,21,5,1686,2,13,7,3,7
2016200107827,2,22,0,18,0,8,0,0,0,0,1,1,6,1,51,8,-1,-1,-1,1,1,1
2016200107862,1,9,0,18,0,1,0,0,0,0,1,1,6,3,-1,-1,1968,2,11,-1,-1,-1
2016200107862,2,9,0,18,0,2,0,0,0,0,1,1,2,1,56,9,1388,1,13,1,1,1
2016200107945,1,9,0,18,0,0,0,0,0,0,1,1,6,3,-1,-1,2143,2,3,-1,-1,-1
2016200107945,2,9,0,3,0,0,0,0,0,0,2,1,6,2,35,6,2987,2,11,5,1,5
2016200107958,1,9,0,18,0,1,0,0,0,0,1,1,6,2,83,11,1329,1,4,7,2,7
2016200107958,2,1,0,9,0,5,0,0,0,0,2,1,6,1,21,5,-1,-1,-1,10,1,10
2016200108006,1,9,0,9,0,5,0,0,0,0,4,1,1,1,24,5,2494,2,5,8,2,8
2016200108006,2,9,0,18,0,8,0,0,0,0,3,1,5,1,60,9,1798,1,18,2,1,2
2016200108015,1,9,0,18,0,0,0,0,0,0,1,1,6,1,33,6,1386,1,9,3,2,3
2016200108015,2,9,0,18,0,0,0,0,0,0,1,1,6,1,50,8,2183,2,4,8,1,8
2016200108024,1,9,0,16,0,2,1,0,1,11,1,1,6,1,18,4,1796,1,16,4,1,4
2016200108024,2,9,0,2,9,2,0,0,0,0,3,1,6,3,-1,-1,1398,2,4,-1,-1,-1
2016200108039,1,9,0,18,0,4,0,0,0,0,1,1,5,2,44,7,1968,2,1,9,1,9
2016200108039,2,4,0,18,0,3,0,0,0,0,2,1,5,1,42,7,500,1,59,8,1,8
2016200108081,1,9,0,7,0,1,0,0,0,0,4,1,6,1,53,8,2993,2,6,3,1,3
2016200108081,2,1,0,18,0,1,0,0,0,0,3,1,6,1,49,8,-1,-1,-1,1,1,1
2016200108083,1,9,0,4,0,1,0,0,0,0,1,1,6,1,-1,-1,1360,1,13,1,1,1
2016200108083,2,9,0,3,0,1,0,0,0,0,2,1,6,1,41,7,999,1,16,2,1,2
2016200108086,1,9,0,17,0,0,2,10,1,3,4,1,6,3,-1,-1,1360,1,17,-1,-1,-1
2016200108086,2,9,0,17,0,0,0,0,0,0,0,1,6,1,-1,-1,1956,2,1,-1,-1,-1
2016200108089,1,9,0,4,0,1,0,0,0,0,2,1,1,1,30,6,2997,1,12,1,1,1
2016200108089,2,9,0,18,0,1,0,0,0,0,1,1,2,2,29,6,1997,2,5,6,1,6
2016200108099,1,90,0,18,0,8,2,4,0,0,3,1,1,2,-1,-1,2999,2,1,3,1,3
2016200108099,2,11,0,9,0,8,0,0,0,0,1,1,1,3,52,8,-1,-1,-1,1,1,1
2016200108099,3,9,0,2,0,2,0,0,0,0,2,1,6,3,-1,-1,-1,-1,-1,-1,-1,-1
2016200108106,1,9,0,18,0,2,0,0,0,0,1,1,6,2,46,8,1390,1,2,10,1,10
2016200108106,2,1,0,5,0,2,0,0,0,0,1,1,6,1,34,6,-1,-1,-1,-1,-1,-1
2016200108114,1,9,0,9,0,5,0,0,0,0,3,1,6,2,51,8,998,1,2,3,1,3
2016200108114,2,3,0,13,0,8,0,0,0,0,1,1,6,1,23,5,124,1,1,3,1,3
2016200108121,1,9,0,5,0,4,0,0,0,0,1,1,1,1,58,9,1896,2,13,1,1,1
2016200108121,2,1,0,18,0,8,0,0,0,0,4,1,6,1,29,6,-1,-1,-1,1,1,1
2016200108150,1,3,0,13,0,8,2,0,0,0,0,1,2,1,30,6,123,1,-1,1,1,1
2016200108150,2,19,0,9,0,5,0,0,0,0,0,1,1,1,53,8,2287,2,-1,1,1,1
2016200108153,1,9,0,9,0,6,0,0,0,0,1,1,6,1,-1,-1,-1,-1,-1,-1,-1,-1
2016200108153,2,1,0,18,0,8,0,0,0,0,4,1,6,2,52,8,-1,-1,-1,3,1,3
2016200108224,1,9,0,7,0,6,1,0,0,0,1,1,6,3,-1,-1,1398,1,-1,-1,-1,-1
2016200108224,2,19,0,18,0,1,0,0,0,0,1,1,6,1,45,7,1998,2,11,3,1,3
2016200108236,1,9,0,18,0,8,0,0,1,0,1,1,6,1,80,11,1596,1,-1,1,1,1
2016200108236,2,9,0,18,0,6,0,0,1,0,1,1,6,1,18,4,1229,1,9,3,1,3
2016200108310,1,9,0,18,0,8,5,10,1,1,1,1,6,1,39,7,1968,2,-1,5,1,5
2016200108310,2,9,0,9,0,8,0,0,0,0,2,1,6,1,21,5,1390,1,7,5,1,5
2016200108430,1,9,0,18,0,0,0,0,0,0,1,1,6,3,-1,-1,1396,1,14,-1,-1,-1
2016200108430,2,8,0,18,0,0,0,0,0,0,1,1,1,1,46,8,1686,2,10,3,1,3
2016200108478,1,9,0,4,0,0,1,4,0,0,1,1,6,1,67,10,1596,1,3,3,1,3
2016200108478,2,9,0,2,0,0,1,0,0,0,2,1,1,1,32,6,-1,-1,-1,2,1,2
2016200108508,1,9,0,7,0,2,0,0,0,0,3,1,6,1,29,6,1461,2,1,8,1,8
2016200108508,2,1,0,18,0,2,0,0,0,0,1,1,1,1,24,5,-1,-1,-1,3,1,3
2016200108598,1,11,1,4,0,0,0,10,1,5,1,1,6,1,57,9,6700,2,1,4,1,4
2016200108606,1,9,0,7,0,0,1,7,3,0,1,1,6,1,25,5,1998,1,13,4,1,4
2016200108606,2,9,0,18,0,0,0,0,0,0,0,1,1,1,-1,-1,2993,2,2,1,1,1
2016200108607,1,9,0,18,0,8,1,7,2,10,1,1,5,1,25,5,1499,1,8,6,1,6
2016200108611,1,9,0,5,0,6,0,0,0,0,1,1,6,2,52,8,1499,1,1,3,1,3
2016200108611,2,9,0,18,0,8,0,0,0,0,4,1,6,1,51,8,1997,2,13,1,1,1
2016200108619,1,9,0,18,0,0,0,0,0,0,0,1,6,3,30,6,1395,1,3,-1,-1,-1
2016200108633,1,9,0,18,0,0,0,0,0,0,1,1,5,3,-1,-1,-1,-1,-1,-1,-1,-1
2016200108633,2,9,0,3,0,0,0,0,0,0,2,1,5,1,41,7,1995,2,2,9,1,9
2016200108636,1,9,0,16,0,8,0,0,0,0,1,1,6,1,35,6,998,7,15,5,1,5
2016200108636,2,1,0,16,0,8,0,0,0,0,1,1,6,3,-1,-1,-1,-1,-1,-1,-1,-1
2016200108638,1,9,0,14,0,2,0,0,0,0,1,1,6,3,-1,-1,1242,1,4,3,1,3
2016200108639,1,9,0,18,0,4,0,0,0,0,4,1,6,2,45,7,995,1,7,1,1,1
2016200108639,2,9,0,5,0,3,0,0,0,0,1,1,6,3,-1,-1,1686,2,5,-1,-1,-1
2016200108652,1,9,0,4,0,1,0,0,0,0,1,1,6,1,18,4,1242,1,8,1,1,1
2016200108652,2,9,0,10,0,1,0,0,0,0,2,1,5,1,70,10,1497,1,12,3,1,3
2016200108668,1,9,0,18,0,8,0,0,0,0,1,1,6,1,43,7,998,1,12,1,1,1
2016200108668,2,9,0,9,0,8,0,0,0,0,1,1,6,1,33,6,1998,1,-1,2,1,2
2016200108670,1,9,0,9,0,6,0,0,0,0,1,1,6,2,-1,-1,1587,1,16,2,1,2
2016200108670,2,1,0,17,0,8,0,0,0,0,1,1,6,1,36,7,-1,-1,-1,2,1,2
2016200108678,1,9,0,18,0,1,0,0,0,0,2,1,2,1,28,6,2993,2,6,2,1,2
2016200108678,2,9,0,3,0,1,0,0,0,0,1,1,6,3,-1,-1,1598,1,7,-1,-1,-1
2016200108686,1,97,0,14,0,0,1,0,0,0,1,1,6,1,16,4,49,1,9,2,1,2
2016200108704,1,9,0,18,0,8,0,0,0,0,1,1,6,3,-1,-1,1596,1,15,-1,-1,-1
2016200108704,2,9,0,18,0,8,0,0,0,0,4,1,6,1,33,6,1461,2,-1,3,2,3
2016200108724,1,9,0,6,0,0,0,0,0,0,2,1,6,1,51,8,1560,2,8,5,1,5
2016200108724,2,9,0,18,0,0,1,0,0,0,1,1,6,3,-1,-1,-1,-1,-1,-1,-1,-1
2016200108732,1,9,0,18,0,8,0,0,0,0,1,1,5,1,23,5,1229,1,8,1,1,1
2016200108732,2,9,0,9,0,5,0,0,0,0,4,1,5,1,42,7,1560,2,3,1,1,1
2016200108743,1,9,0,18,0,4,0,7,1,7,1,1,6,1,30,6,1598,1,12,2,1,2
2016200108762,1,9,0,5,0,8,0,0,0,0,1,1,6,1,22,5,1242,1,7,3,1,3
2016200108762,2,9,0,3,0,8,0,0,0,0,2,1,6,1,38,7,1360,1,12,4,1,4
2016200108790,1,9,0,3,0,0,0,0,0,0,1,1,6,2,22,5,1796,1,7,1,1,1
2016200108790,2,19,0,3,0,0,0,0,0,0,2,1,6,1,40,7,1997,2,1,1,1,1
2016200108826,1,9,0,18,0,0,0,0,0,0,1,1,6,3,-1,-1,2143,2,2,-1,-1,-1
2016200108826,2,9,0,3,0,0,0,0,0,0,1,1,6,1,53,8,1598,1,12,1,1,1
2016200108826,3,9,0,18,0,0,0,0,0,0,0,1,1,1,-1,-1,2993,2,2,2,1,2
2016200108912,1,9,0,11,0,1,0,0,0,0,0,1,6,3,-1,-1,999,1,1,-1,-1,-1
2016200108912,2,5,0,7,0,1,0,10,1,10,4,1,6,1,33,6,599,1,13,5,1,5
2016200108913,1,9,0,18,0,0,0,0,0,0,4,1,6,3,-1,-1,-1,-1,-1,-1,-1,-1
2016200108913,2,1,0,18,0,0,0,0,0,0,3,1,1,2,32,6,-1,-1,-1,7,1,7
2016200108928,1,9,0,4,0,6,0,0,0,0,2,1,6,1,22,5,1368,1,7,2,1,2
2016200108928,2,1,0,4,0,8,1,0,0,0,1,1,6,1,45,7,-1,-1,-1,7,1,7
2016200108957,1,9,0,18,0,0,0,0,0,0,1,1,6,3,-1,-1,1781,1,15,-1,-1,-1
2016200108957,2,9,0,2,0,0,0,0,0,0,1,1,6,2,29,6,1968,2,8,2,1,2
2016200108965,1,9,0,16,0,1,0,0,1,0,1,1,6,1,23,5,1390,1,12,-1,-1,-1
2016200108965,2,20,0,17,0,2,0,0,0,0,1,1,1,1,61,9,2998,2,3,3,1,3
2016200108978,1,9,0,5,0,4,0,0,0,0,1,1,6,1,-1,-1,-1,-1,-1,-1,-1,-1
2016200108978,2,9,0,9,0,3,0,0,0,0,4,1,6,2,41,7,1761,1,18,6,1,6
2016200108984,1,9,0,4,0,1,0,0,0,0,1,1,1,2,-1,-1,1598,1,1,-1,-1,-1
2016200108984,2,9,0,3,0,1,0,0,0,0,2,1,1,1,32,6,998,1,10,-1,-1,-1
2016200108997,1,9,0,4,0,0,0,0,0,0,0,1,6,1,25,5,1896,2,8,2,1,2
2016200108997,2,9,0,18,0,0,0,0,0,0,2,1,6,1,37,7,2656,1,12,3,1,3
2016200109002,1,9,0,18,0,1,0,0,0,0,1,1,6,1,41,7,1968,2,2,4,1,4
2016200109002,2,9,0,3,0,1,0,0,0,0,2,1,1,1,-1,-1,2993,2,1,5,1,5
2016200109114,1,9,0,9,0,2,5,0,0,0,3,1,6,2,21,5,1242,1,2,1,1,1
2016200109114,2,9,0,3,0,1,0,0,0,0,3,1,6,2,44,7,1242,1,7,4,1,4
2016200109115,1,9,0,18,0,1,0,0,0,0,3,1,1,1,29,6,1686,2,7,1,1,1
2016200109115,2,1,0,18,0,2,0,0,0,0,1,1,5,1,9,2,-1,-1,-1,1,1,1
2016200109136,1,9,0,18,0,0,1,10,7,2,1,1,1,1,24,5,1997,1,10,2,1,2
2016200109157,1,9,0,5,9,6,0,0,0,0,1,1,6,2,55,8,1599,1,8,7,1,7
2016200109157,2,1,0,18,9,8,0,0,0,0,1,1,6,1,15,3,-1,-1,-1,1,1,1
2016200109186,1,9,0,18,0,8,0,0,0,0,4,1,6,3,-1,-1,-1,-1,-1,-1,-1,-1
2016200109186,2,1,0,7,0,5,0,0,0,0,2,1,6,1,11,3,-1,-1,-1,7,1,7
2016200109194,1,9,0,18,0,1,0,0,1,0,1,1,6,1,35,6,1997,2,13,6,1,6
2016200109194,2,9,0,18,0,1,0,0,7,0,4,1,6,1,34,6,1794,1,12,3,1,3
2016200109230,1,9,0,18,0,0,0,0,0,0,1,1,6,2,22,5,1388,1,14,8,1,8
2016200109272,1,9,0,18,0,8,0,0,1,1,1,1,6,3,-1,-1,998,1,1,-1,-1,-1
2016200109272,2,9,0,18,0,6,0,0,0,0,4,1,6,3,51,8,1299,1,10,1,1,1
2016200109286,1,9,0,18,0,0,0,0,0,0,1,1,6,1,49,8,1796,1,7,1,1,1
2016200109286,2,9,0,4,0,0,0,0,0,0,2,1,6,1,33,6,1798,7,9,1,1,1
2016200109341,1,9,0,9,0,6,0,0,0,0,1,1,2,1,25,5,1599,1,8,1,1,1
2016200109341,2,9,0,18,0,8,0,0,0,0,1,1,6,2,71,10,1197,1,3,1,1,1
2016200109387,1,9,0,18,0,1,0,0,0,0,4,1,6,1,68,10,1596,1,-1,8,1,8
2016200109395,1,9,0,18,0,0,1,0,0,0,2,1,6,1,19,4,1198,1,13,2,1,2
2016200109395,2,9,0,18,0,0,0,0,0,0,1,1,6,1,59,9,2993,2,3,9,1,9
2016200109420,1,9,0,5,0,0,0,0,0,0,1,1,3,2,31,6,1598,1,14,8,1,8
2016200109420,2,9,0,2,0,0,0,0,0,0,0,1,5,2,-1,-1,1896,2,12,2,1,2
2016200109421,1,9,0,9,0,5,0,0,0,0,1,1,6,1,18,4,1199,1,13,4,1,4
2016200109421,2,9,0,16,0,8,0,0,0,0,1,1,2,1,59,9,1242,1,17,5,1,5
2016200109422,1,9,0,7,0,1,0,0,0,0,1,1,2,2,23,5,1242,1,2,8,1,8
2016200109454,1,9,0,18,0,1,0,0,0,0,1,1,6,2,25,5,1595,1,13,2,1,2
2016200109454,2,9,0,3,0,1,0,0,0,0,2,1,6,1,44,7,1197,1,2,1,1,1
2016200109456,1,9,0,10,0,2,0,0,0,0,4,1,5,2,29,6,2979,1,12,2,1,2
2016200109456,2,9,0,7,0,6,0,0,0,0,1,1,5,3,-1,-1,1086,1,9,-1,-1,-1
2016200109468,1,9,0,18,0,6,0,0,0,0,3,1,6,1,35,6,2184,2,6,6,1,6
2016200109468,2,9,0,18,0,8,0,0,0,0,3,1,6,2,28,6,1395,1,-1,7,1,7
2016200109468,3,9,0,18,0,8,1,0,0,0,1,1,6,2,38,7,1198,1,-1,9,1,9
2016200109493,1,9,0,9,0,5,0,0,0,0,1,1,2,1,27,6,999,1,-1,5,1,5
2016200109493,2,9,0,18,0,8,0,0,0,0,1,1,2,1,34,6,2979,1,2,7,2,7
2016200109496,1,9,0,13,0,0,0,0,0,0,1,1,5,3,-1,-1,1390,1,8,-1,-1,-1
2016200109496,2,9,0,18,0,0,0,0,0,0,3,1,5,2,28,6,1149,1,16,2,1,2
2016200109515,1,9,0,4,0,0,0,0,0,0,1,1,2,1,21,5,1242,1,13,4,1,4
2016200109515,2,9,0,3,0,0,0,0,0,0,2,1,6,1,46,8,1242,1,2,7,1,7
2016200109554,1,9,0,4,0,3,0,0,0,0,1,1,1,1,30,6,1560,2,1,7,1,7
2016200109554,2,9,0,3,0,2,0,0,0,0,2,1,2,2,37,7,998,1,10,4,1,4
2016200109557,1,9,0,14,0,0,0,0,0,0,1,1,6,2,42,7,1275,1,16,7,1,7
2016200109565,1,1,0,18,0,8,0,0,0,0,1,1,1,1,29,6,-1,-1,-1,1,1,1
2016200109565,2,9,0,7,0,5,0,0,0,0,4,1,6,1,30,6,-1,-1,-1,-1,-1,-1
2016200109569,1,9,0,9,0,6,0,0,0,0,1,1,6,1,31,6,1364,1,2,4,1,4
2016200109569,2,9,0,18,0,8,0,0,0,0,4,1,6,2,39,7,-1,-1,-1,2,1,2
2016200109573,1,9,0,18,0,0,0,0,0,0,1,1,6,2,41,7,2143,2,2,7,1,7
2016200109590,1,9,0,5,0,0,0,0,0,0,1,1,6,1,29,6,1240,1,13,1,1,1
2016200109592,1,9,0,3,0,1,0,0,0,0,1,1,1,1,40,7,-1,-1,-1,1,1,1
2016200109592,2,8,0,3,0,1,0,0,0,0,2,1,1,1,35,6,1995,2,5,1,1,1
2016200109628,1,9,0,18,0,3,0,0,0,0,1,1,6,3,-1,-1,1896,2,14,-1,-1,-1
2016200109628,2,1,0,18,0,3,0,0,0,0,1,1,6,1,37,7,-1,-1,-1,1,1,1
2016200109641,1,9,0,18,0,0,0,0,0,0,1,1,6,1,28,6,1299,1,17,2,1,2
2016200109641,2,9,0,3,0,0,0,0,0,0,2,1,6,1,31,6,1582,2,2,4,1,4
2016200109660,1,9,0,18,0,1,0,10,0,0,3,1,1,1,-1,-1,1686,2,7,2,1,2
2016200109682,1,21,0,18,0,0,0,0,0,0,1,1,6,1,45,7,12902,2,1,9,2,9
2016200109712,1,9,0,7,0,6,0,0,0,0,1,1,6,1,21,5,1995,2,2,1,1,1
2016200109714,1,9,0,18,0,1,0,0,0,0,1,1,6,3,-1,-1,1587,1,15,-1,-1,-1
2016200109714,2,9,0,3,0,1,0,0,0,0,2,1,6,1,19,4,1598,2,4,8,1,8
2016200109714,3,9,0,3,0,1,0,0,0,0,3,1,6,2,31,6,1560,2,8,-1,-1,-1
2016200109714,4,9,0,2,0,1,0,0,0,0,1,1,6,1,75,10,1896,2,13,6,1,6
2016200109724,1,9,0,9,0,6,0,0,0,0,4,1,6,1,19,4,998,1,10,2,1,2
2016200109733,1,9,0,17,0,0,5,10,1,0,4,1,6,1,25,5,1968,2,2,-1,-1,-1
2016200109733,2,9,0,17,0,0,0,0,0,0,0,1,1,1,36,7,2993,2,2,2,1,2
2016200109752,1,9,0,18,0,0,0,0,0,0,1,1,6,1,-1,-1,-1,-1,-1,-1,-1,-1
2016200109773,1,19,0,18,0,4,0,0,0,0,3,1,1,1,40,7,1560,2,2,5,1,5
2016200109773,2,1,0,16,0,8,0,0,0,0,1,1,1,1,36,7,-1,-1,-1,1,1,1
2016200109786,1,9,0,18,0,0,0,0,0,0,1,1,6,2,-1,-1,1498,1,7,1,1,1
2016200109897,1,9,0,15,0,1,0,0,0,0,3,1,6,3,-1,-1,-1,-1,-1,-1,-1,-1
2016200109897,2,9,0,3,0,1,0,0,0,0,4,1,6,2,28,6,1997,2,1,1,1,1
2016200109906,1,9,0,9,0,6,0,0,0,0,3,1,5,1,30,6,1995,2,3,1,1,1
2016200109906,2,9,0,18,0,8,0,0,0,0,1,1,5,2,30,6,1781,1,24,3,1,3
2016200109915,1,19,5,17,0,8,0,0,0,0,0,1,1,1,22,5,2143,2,1,1,1,1
2016200109915,2,9,0,5,0,4,0,0,0,0,3,1,6,2,-1,-1,1199,1,13,8,1,8
2016200109932,1,9,0,7,0,4,0,0,0,0,1,1,5,1,49,8,1997,2,12,1,1,1