Accident_Index,Vehicle_Reference,Vehicle_Type,Towing_and_Articulation,Vehicle_Manoeuvre,Vehicle_Location-Restricted_Lane,Junction_Location,Skidding_and_Overturning,Hit_Object_in_Carriageway,Vehicle_Leaving_Carriageway,Hit_Object_off_Carriageway,1st_Point_of_Impact,Was_Vehicle_Left_Hand_Drive?,Journey_Purpose_of_Driver,Sex_of_Driver,Age_of_Driver,Age_Band_of_Driver,Engine_Capacity_(CC),Propulsion_Code,Age_of_Vehicle,Driver_IMD_Decile,Driver_Home_Area_Type,Vehicle_IMD_Decile
2016200112897,1,9,0,4,0,1,0,0,0,0,2,1,6,1,32,6,1339,1,10,5,1,5
2016200112897,2,9,0,4,0,1,0,0,0,0,1,1,6,1,44,7,2143,2,5,7,1,7
2016200112902,1,9,0,18,0,0,0,4,0,0,1,1,6,1,27,6,1968,2,13,-1,-1,-1
2016200112902,2,9,0,2,0,0,0,0,0,0,3,1,6,3,-1,-1,2987,2,5,-1,-1,-1
2016200112929,1,9,0,18,0,0,0,4,0,0,2,1,6,1,40,7,1596,1,13,5,1,5
2016200112929,2,9,0,2,0,0,0,0,0,0,3,1,6,1,29,6,1242,1,10,5,1,5
2016200112929,3,9,0,2,0,0,0,0,0,0,0,1,6,1,-1,-1,1242,1,13,5,1,5
2016200112941,1,98,0,18,0,0,0,0,0,0,4,1,6,1,72,10,-1,-1,-1,-1,-1,-1
2016200112958,1,3,0,18,0,8,0,0,0,0,1,1,6,1,18,4,125,1,6,4,1,4
2016200112958,2,9,0,9,0,8,0,0,0,0,4,1,6,1,58,9,-1,-1,-1,7,1,7
2016200113039,1,9,0,18,0,0,0,0,0,0,1,1,6,3,-1,-1,-1,-1,-1,-1,-1,-1
2016200113109,1,9,0,18,0,0,1,10,1,11,1,1,6,1,42,7,2143,2,-1,-1,1,-1
2016200113109,2,9,0,18,0,0,0,0,0,0,0,1,1,1,-1,-1,2993,2,3,2,1,2
2016200113110,1,9,0,4,0,0,0,0,1,0,1,1,6,1,25,5,1242,1,9,1,1,1
2016200113110,2,9,0,3,0,0,0,0,0,0,2,1,6,2,41,7,1240,1,11,1,1,1
2016200113110,3,9,0,4,0,0,0,0,7,0,2,1,6,1,37,7,1896,2,12,3,1,3
2016200113152,1,9,0,18,0,0,0,0,0,0,0,1,6,3,-1,-1,-1,-1,-1,-1,-1,-1
2016200113176,1,9,0,9,0,6,0,0,0,0,3,1,6,1,26,6,1995,2,12,2,1,2
2016200113176,2,98,0,18,0,8,2,0,0,0,4,1,6,3,-1,-1,-1,-1,-1,-1,-1,-1
2016200113183,1,9,0,3,0,0,0,0,0,0,2,1,6,2,31,6,1995,2,8,1,1,1
2016200113183,2,9,0,4,0,0,0,0,0,0,1,1,6,3,-1,-1,1240,1,9,-1,-1,-1
2016200113197,1,9,0,16,0,8,0,0,0,0,1,1,1,1,26,6,1395,1,2,6,1,6
2016200113197,2,9,0,14,0,8,0,0,1,10,1,1,1,1,25,5,1198,1,14,3,1,3
2016200113200,1,9,0,18,0,4,0,0,0,0,1,1,6,2,33,6,1968,2,9,5,1,5
2016200113200,2,1,0,18,0,8,0,0,0,0,4,1,1,2,34,6,-1,-1,-1,1,1,1
2016200113213,1,9,0,18,0,1,0,10,7,2,1,1,5,2,73,10,1389,1,12,5,1,5
2016200113234,1,19,0,18,0,0,0,0,0,0,1,1,6,1,44,7,1588,2,26,7,1,7
2016200113234,2,9,0,3,0,0,0,0,0,0,2,1,6,1,34,6,1968,2,1,1,1,1
2016200113245,1,9,0,9,0,6,1,0,7,0,3,1,6,2,33,6,-1,-1,-1,-1,-1,-1
2016200113245,2,9,0,18,0,8,1,0,0,0,1,1,1,1,27,6,1498,1,10,2,1,2
2016200113272,1,9,0,5,0,6,0,0,0,0,3,1,6,1,34,6,1686,2,12,2,1,2
2016200113272,2,9,0,18,0,8,0,0,0,0,1,1,6,1,28,6,1995,2,10,2,1,2
2016200113363,1,9,0,18,0,0,0,0,0,0,1,1,6,1,-1,-1,1598,1,14,-1,-1,-1
2016200113371,1,9,0,18,0,2,0,0,0,0,3,1,6,3,-1,-1,-1,-1,-1,-1,-1,-1
2016200113379,1,9,0,18,0,1,0,0,0,0,1,1,5,1,30,6,1598,1,13,2,1,2
2016200113379,2,9,0,7,0,1,0,0,0,0,2,1,6,1,30,6,1360,1,16,-1,-1,-1
2016200113384,1,9,0,18,0,0,0,0,0,0,1,1,6,1,-1,-1,1998,2,12,3,1,3
2016200113421,1,9,0,9,0,5,0,0,0,0,3,1,2,1,32,6,-1,-1,-1,1,1,1
2016200113421,2,1,0,18,0,8,0,0,0,0,1,1,2,1,28,6,-1,-1,-1,3,1,3
2016200113430,1,9,0,18,0,0,0,0,0,0,1,1,2,2,47,8,1598,1,3,1,1,1
2016200113460,1,9,0,18,0,0,0,4,0,0,1,1,6,3,-1,-1,1753,2,14,-1,-1,-1
2016200113460,2,9,0,18,0,0,0,4,0,0,1,1,6,3,-1,-1,2685,2,13,-1,-1,-1
2016200113460,3,9,0,5,0,0,0,0,0,0,2,1,6,1,22,5,659,1,8,1,1,1
2016200113460,4,9,0,2,0,0,0,0,0,0,4,1,6,3,-1,-1,1206,1,4,-1,-1,-1
2016200113460,5,9,0,2,0,0,0,0,0,0,4,1,6,3,-1,-1,2499,1,4,-1,-1,-1
2016200113460,6,9,0,2,0,0,0,0,0,0,4,1,6,3,-1,-1,4164,2,12,-1,-1,-1
2016200113460,7,19,0,2,0,0,0,0,0,0,4,1,6,3,-1,-1,1997,2,4,-1,-1,-1
2016200113470,1,9,0,18,0,0,0,10,4,4,1,1,6,1,37,7,1997,1,20,2,1,2
2016200113471,1,9,0,18,0,0,0,10,1,11,4,1,6,3,-1,-1,1994,1,12,-1,-1,-1
2016200113471,2,9,0,4,0,0,0,0,0,0,2,1,6,1,22,5,999,1,1,1,1,1
2016200113471,3,19,0,2,9,0,0,0,0,0,0,1,6,3,-1,-1,2402,2,6,-1,-1,-1
2016200113509,1,9,0,7,9,5,0,0,0,0,0,1,6,2,-1,-1,2000,1,7,6,1,6
2016200113509,2,1,0,18,9,8,0,0,0,0,4,1,5,1,9,2,-1,-1,-1,2,1,2
2016200113513,1,9,0,18,0,0,0,0,0,0,1,1,6,3,-1,-1,-1,-1,-1,-1,-1,-1
2016200113513,2,19,0,4,0,0,0,0,0,0,2,1,1,1,60,9,1248,2,-1,10,1,10
2016200113521,1,9,0,1,0,0,0,4,0,0,0,1,6,1,54,8,1799,1,10,1,1,1
2016200113521,2,98,0,2,0,0,0,0,0,0,1,1,1,1,-1,-1,-1,-1,-1,-1,-1,-1
2016200113540,1,9,0,18,0,1,0,0,0,0,1,1,6,1,62,9,2902,2,11,2,1,2
2016200113540,2,9,0,4,0,1,0,0,0,0,2,1,1,2,32,6,1497,8,3,2,1,2
2016200113540,3,90,0,18,0,1,0,0,0,0,0,1,1,2,24,5,2999,2,1,6,3,6
2016200113547,1,9,0,18,0,1,0,0,0,0,1,1,6,1,21,5,1229,1,4,6,1,6
2016200113547,2,9,0,3,0,1,0,0,0,0,2,1,6,2,47,8,1198,1,2,10,1,10
2016200113547,3,9,0,4,0,1,0,0,0,0,2,1,6,1,57,9,1560,2,3,10,1,10
2016200113584,1,9,0,17,0,8,1,0,0,0,1,1,6,2,30,6,1364,1,7,1,1,1
2016200113584,2,9,0,16,0,8,1,0,0,0,1,1,6,1,49,8,1591,1,3,1,1,1
2016200113587,1,9,0,4,0,1,0,0,0,0,1,1,6,2,30,6,1200,1,1,1,1,1
2016200113626,1,9,0,9,0,6,0,0,0,0,3,1,5,2,38,7,1560,2,-1,1,1,1
2016200113626,2,9,0,18,0,8,0,0,0,0,0,1,5,2,-1,-1,1598,1,6,1,1,1
2016200113635,1,9,0,-1,0,1,0,0,1,0,3,1,6,1,26,6,1368,1,10,1,1,1
2016200113635,2,9,0,-1,0,8,0,0,0,0,1,1,6,1,19,4,1560,2,3,5,1,5
2016200113637,1,9,0,18,0,0,0,0,0,0,1,1,6,1,-1,-1,-1,-1,-1,-1,-1,-1
2016200113638,1,9,0,18,0,1,0,0,7,0,1,1,6,3,-1,-1,-1,-1,-1,-1,-1,-1
2016200113638,2,9,0,10,0,1,0,0,0,0,3,1,2,2,42,7,1397,1,8,2,1,2
2016200113672,1,9,0,18,0,4,0,0,0,0,3,1,6,1,22,5,999,1,7,1,1,1
2016200113672,2,19,0,18,0,8,0,0,0,0,1,1,6,1,31,6,1461,2,3,1,1,1
2016200113677,1,1,0,18,0,0,2,0,0,0,2,1,1,1,60,9,-1,-1,-1,1,1,1
2016200113677,2,98,0,18,0,0,0,0,0,0,1,1,6,3,-1,-1,-1,-1,-1,-1,-1,-1
2016200113701,1,9,0,18,0,2,0,10,1,0,1,1,6,1,63,9,1560,2,3,3,1,3
2016200113701,2,9,0,2,9,2,0,0,0,0,2,1,6,1,48,8,1360,1,13,1,1,1
2016200113704,1,9,0,18,0,0,0,0,0,0,1,1,6,3,24,5,1398,1,6,3,1,3
2016200113705,1,9,0,1,0,1,0,0,0,0,2,1,6,1,28,6,1398,2,14,4,1,4
2016200113720,1,9,0,18,0,8,0,10,0,0,1,1,1,2,23,5,-1,-1,-1,4,1,4
2016200113720,2,9,0,18,0,6,0,10,1,11,1,1,1,2,59,9,998,1,3,1,1,1
2016200113734,1,9,0,1,9,6,0,0,0,0,2,1,6,2,-1,-1,1200,1,1,2,1,2
2016200113883,1,9,0,18,0,0,0,0,0,0,1,1,6,2,60,9,1364,2,3,6,1,6
2016200113896,1,9,0,9,0,1,0,0,0,0,0,1,6,3,-1,-1,-1,-1,-1,-1,-1,-1
2016200113897,1,9,0,18,0,0,0,0,0,0,1,1,6,3,-1,-1,1896,2,16,-1,-1,-1
2016200113897,2,3,0,3,0,0,2,0,0,0,4,1,6,1,45,7,125,1,3,3,1,3
2016200113906,1,9,0,18,0,1,0,0,0,0,1,1,6,3,-1,-1,1461,2,9,-1,-1,-1
2016200113906,2,9,0,3,0,1,0,0,0,0,2,1,6,3,-1,-1,1968,2,2,-1,-1,-1
2016200113906,3,9,0,3,0,1,0,0,0,0,2,1,6,3,-1,-1,1299,1,16,-1,-1,-1
2016200113906,4,9,0,3,0,1,0,0,0,0,2,1,6,1,41,7,1598,1,18,3,1,3
2016200113918,1,9,0,5,0,8,0,0,0,0,2,1,6,1,38,7,2496,2,15,4,3,4
2016200113918,2,9,0,3,0,8,0,0,0,0,0,1,6,1,24,5,1388,1,11,4,1,4
2016200113920,1,9,0,1,0,2,0,0,0,0,2,1,6,3,-1,-1,-1,-1,-1,-1,-1,-1
2016200113920,2,1,0,18,0,2,0,0,0,0,4,1,6,1,77,11,-1,-1,-1,1,1,1
2016200113925,1,8,0,9,0,5,0,0,0,0,1,1,5,3,-1,-1,2402,2,12,-1,-1,-1
2016200113953,1,9,0,9,0,8,0,0,0,0,4,1,6,1,61,9,1461,2,3,4,1,4
2016200113953,2,9,0,18,0,8,0,0,0,0,1,1,6,2,38,7,1968,2,7,2,1,2
2016200113975,1,9,0,7,0,3,0,0,0,0,1,1,6,3,-1,-1,-1,-1,-1,-1,-1,-1
2016200113975,2,1,0,18,0,2,0,0,0,0,4,1,4,1,15,3,-1,-1,-1,1,1,1
2016200113998,1,9,0,9,0,5,0,0,0,0,1,1,6,2,25,5,998,1,3,6,1,6
2016200113998,2,9,0,18,0,8,0,0,0,0,4,1,6,1,19,4,1595,1,11,6,1,6
2016200114021,1,9,0,18,0,8,0,0,0,0,1,1,6,1,-1,-1,1598,2,5,1,1,1
2016200114021,2,9,0,18,0,8,0,0,0,0,2,1,6,1,67,10,1997,2,11,5,1,5
2016200114021,3,9,0,9,0,6,0,0,0,0,0,1,6,3,-1,-1,1796,1,12,-1,-1,-1
2016200114037,1,9,0,13,0,0,0,0,0,0,4,1,6,1,-1,-1,1781,1,17,1,1,1
2016200114037,2,9,0,18,0,0,0,0,0,0,3,1,2,1,40,7,1910,2,10,1,1,1
2016200114055,1,9,0,18,0,0,0,0,0,0,4,1,1,2,36,7,1396,1,2,2,1,2
2016200114055,2,1,0,18,0,0,0,0,0,0,3,1,1,1,46,8,-1,-1,-1,2,1,2
2016200114104,1,9,0,9,0,4,0,0,0,0,1,1,6,3,-1,-1,2987,2,8,-1,-1,-1
2016200114119,1,9,0,18,0,2,5,4,0,0,1,1,6,2,70,10,1596,1,-1,2,1,2
2016200114119,2,9,0,18,0,1,0,10,1,4,1,1,6,1,43,7,1598,1,11,6,1,6
2016200114119,3,9,0,2,0,1,0,0,0,0,1,1,6,1,39,7,2204,2,10,1,1,1
2016200114164,1,9,0,18,0,0,0,0,0,0,1,1,2,2,55,8,1598,1,13,3,1,3
2016200114183,1,9,0,18,0,0,0,0,0,0,1,1,6,2,-1,-1,-1,-1,-1,-1,-1,-1
2016200114191,1,9,0,18,0,1,0,0,0,0,4,1,6,3,-1,-1,-1,-1,-1,-1,-1,-1
2016200114225,1,9,0,9,0,8,0,0,0,0,4,1,6,2,27,6,1199,1,12,1,1,1
2016200114225,2,9,0,5,0,8,0,0,0,0,1,1,6,2,45,7,1198,1,5,3,1,3
2016200114264,1,9,0,18,0,0,0,0,0,0,3,1,6,1,62,9,1390,1,9,9,1,9
2016200114290,1,9,0,13,0,8,0,0,7,4,1,1,6,1,18,4,1332,1,6,2,1,2
2016200114290,2,9,0,9,0,5,0,0,1,0,1,1,6,1,39,7,1461,2,1,1,1,1
2016200114297,1,9,0,13,0,0,0,4,7,11,1,1,6,3,-1,-1,1984,1,5,-1,-1,-1
2016200114297,2,9,0,18,0,0,0,10,1,3,2,1,6,1,18,4,1198,1,2,2,1,2
2016200114297,3,9,0,2,0,0,0,0,0,0,2,1,6,1,29,6,2435,7,12,4,1,4
2016200114297,4,9,0,2,0,0,0,0,0,0,2,1,6,3,-1,-1,1995,2,16,-1,-1,-1
2016200114357,1,9,0,4,0,1,0,0,0,0,2,1,6,3,-1,-1,-1,-1,-1,-1,-1,-1
2016200114357,2,9,0,5,0,1,0,0,0,0,1,1,6,1,-1,-1,1124,1,12,1,1,1
2016200114377,1,9,0,18,0,0,0,0,0,0,2,1,1,1,44,7,1968,2,10,1,1,1
2016200114377,2,9,0,18,0,0,0,0,0,0,1,1,6,3,30,6,1596,1,14,-1,-1,-1
2016200114391,1,9,0,8,0,1,0,0,0,0,1,1,6,1,61,9,1398,1,1,1,1,1
2016200114391,2,1,0,7,0,5,5,0,0,0,1,1,6,1,57,9,-1,-1,-1,1,1,1
2016200114396,1,9,0,18,0,0,0,0,0,0,1,1,6,2,39,7,1986,2,9,7,1,7
2016200114396,2,9,0,3,0,0,0,0,0,0,2,1,6,1,43,7,1796,1,9,2,1,2
2016200114405,1,9,0,18,0,0,0,4,7,4,1,1,6,1,20,4,1796,1,14,1,1,1
2016200114405,2,9,0,2,0,0,0,0,0,0,0,1,6,3,-1,-1,1995,2,11,-1,-1,-1
2016200114405,3,19,0,2,0,0,0,0,0,0,0,1,6,3,-1,-1,2148,2,14,-1,-1,-1
2016200114428,1,9,0,18,0,6,0,0,0,0,1,1,1,2,20,4,1124,1,9,1,1,1
2016200114428,2,5,0,14,0,8,5,0,0,0,1,1,1,1,43,7,750,1,-1,4,1,4
2016200114441,1,9,0,18,0,0,1,0,7,0,2,1,6,1,26,6,2496,1,12,3,1,3
2016200114448,1,2,0,13,0,1,0,0,0,0,3,1,6,1,-1,-1,-1,-1,-1,3,1,3
2016200114448,2,9,0,18,0,2,0,0,1,0,3,1,6,1,39,7,1998,1,-1,3,1,3
2016200114478,1,9,0,18,0,2,5,4,0,0,1,1,6,3,-1,-1,-1,-1,-1,-1,-1,-1
2016200114478,2,9,0,2,0,2,0,4,0,0,2,1,6,3,-1,-1,1242,1,11,-1,-1,-1
2016200114478,3,9,0,2,0,2,0,0,0,0,2,1,6,3,-1,-1,1242,1,6,-1,-1,-1
2016200114478,4,19,0,2,0,2,0,0,0,0,0,1,6,1,-1,-1,1753,2,4,-1,-1,-1
2016200114506,1,9,0,18,0,0,0,0,0,0,0,1,6,1,32,6,1896,2,13,3,1,3
2016200114506,2,1,0,18,0,0,0,0,0,0,1,1,6,1,10,2,-1,-1,-1,3,1,3
2016200114562,1,3,0,18,0,8,1,0,0,0,4,1,1,1,28,6,125,1,-1,2,1,2
2016200114562,2,9,0,5,0,6,0,0,0,0,1,1,6,1,18,4,1968,2,6,2,1,2
2016200114567,1,9,0,7,0,4,0,0,0,0,1,1,4,1,47,8,1275,1,18,2,1,2
2016200114567,2,5,0,18,0,3,0,0,0,0,4,1,6,1,56,9,798,1,-1,2,1,2
2016200114572,1,9,0,9,0,6,0,0,0,0,1,1,6,3,-1,-1,1199,1,14,-1,-1,-1
2016200114572,2,11,0,3,0,2,0,0,0,0,0,1,1,1,44,7,7300,2,12,3,1,3
2016200114594,1,9,0,1,0,0,0,0,0,0,0,1,1,1,35,6,1796,7,11,1,1,1
2016200114625,1,19,0,18,0,4,0,0,0,0,2,1,1,1,-1,-1,2798,2,12,1,1,1
2016200114625,2,9,0,18,0,8,0,0,0,0,1,1,6,1,22,5,1598,1,11,3,1,3
2016200114638,1,19,0,5,0,4,0,0,0,0,3,1,1,1,22,5,1461,2,1,10,1,10
2016200114638,2,5,0,18,0,8,0,0,0,0,4,1,6,1,22,5,675,1,3,5,1,5
2016200114693,1,9,0,18,0,1,0,0,0,0,1,1,6,3,18,4,1124,1,15,2,1,2
2016200114693,2,9,0,3,0,1,0,0,0,0,2,1,6,1,18,4,1242,1,11,2,1,2
2016200114710,1,9,0,1,0,6,0,0,0,0,2,1,2,2,30,6,1229,1,3,3,1,3
2016200114710,2,3,0,14,0,8,2,0,0,0,1,1,6,1,21,5,125,1,1,2,1,2
2016200114719,1,9,0,4,0,1,0,0,0,0,1,1,1,2,-1,-1,1598,1,11,5,1,5
2016200114719,2,9,0,3,0,1,0,0,0,0,2,1,1,1,37,7,2360,1,13,1,1,1
2016200114726,1,9,0,15,0,8,0,0,0,0,1,1,5,3,-1,-1,1781,1,17,2,1,2
2016200114726,2,9,0,7,0,5,0,0,0,0,4,1,1,1,55,8,-1,-1,-1,6,1,6
2016200114751,1,9,0,9,0,5,0,0,0,0,0,1,6,2,85,11,1590,1,11,1,1,1
2016200114751,2,3,0,18,0,8,0,0,0,0,4,1,6,1,17,4,124,1,8,1,1,1
2016200114767,1,9,0,18,0,0,2,10,6,6,1,1,6,2,24,5,1995,2,7,1,1,1
2016200114788,1,9,0,1,0,2,0,0,0,0,2,1,6,1,69,10,998,1,2,6,1,6
2016200114789,1,9,0,7,0,6,0,0,0,0,4,1,5,1,18,4,1242,1,9,6,1,6
2016200114789,2,1,0,9,0,5,0,0,0,0,1,1,6,1,15,3,-1,-1,-1,2,1,2
2016200114792,1,9,0,18,0,1,0,0,0,0,1,1,6,3,-1,-1,1968,2,5,-1,-1,-1
2016200114792,2,9,0,8,0,1,0,0,0,0,2,1,6,2,45,7,1360,1,14,2,1,2
2016200114804,1,9,0,5,0,2,0,0,0,0,4,1,6,3,-1,-1,-1,-1,-1,-1,-1,-1
2016200114813,1,9,0,9,0,5,0,0,0,0,0,1,5,1,26,6,1560,2,-1,1,1,1
2016200114813,2,9,0,18,0,8,2,0,0,0,0,1,2,1,34,6,-1,-1,-1,1,1,1
2016200114822,1,19,0,7,9,6,0,0,0,0,1,1,6,3,-1,-1,1248,2,7,-1,-1,-1
2016200114822,2,1,0,18,9,8,0,0,0,0,4,1,1,1,17,4,-1,-1,-1,1,1,1
2016200114894,1,9,0,12,0,0,0,0,0,0,0,1,6,3,-1,-1,1198,1,9,-1,-1,-1
2016200114894,2,9,0,18,0,0,0,10,0,0,0,1,6,1,51,8,1997,2,12,1,1,1
2016200114924,1,9,0,18,0,0,0,0,0,0,0,1,6,1,34,6,-1,-1,-1,-1,1,-1
2016200114924,2,5,0,13,0,0,1,0,0,0,2,1,6,1,49,8,955,1,15,9,1,9
2016200114947,1,9,0,9,0,1,0,0,0,0,1,1,2,2,28,6,1149,1,2,-1,3,-1
2016200114947,2,9,0,7,0,5,1,0,0,0,1,1,6,3,-1,-1,1796,1,16,-1,-1,-1
2016200114976,1,9,0,3,0,1,0,0,0,0,4,1,6,1,28,6,1596,1,8,1,1,1
2016200114976,2,1,0,15,0,1,0,8,0,0,3,1,6,1,77,11,-1,-1,-1,1,1,1
2016200115014,1,9,0,1,0,0,0,0,0,0,2,1,6,1,27,6,1686,2,12,1,1,1
2016200115062,1,9,0,18,0,8,0,0,0,0,1,1,6,3,-1,-1,-1,-1,-1,-1,-1,-1
2016200115062,2,9,0,18,0,8,0,0,0,0,1,1,6,1,25,5,1229,1,5,1,1,1
2016200115207,1,9,0,13,0,0,0,0,0,0,0,1,2,1,22,5,1968,2,10,5,1,5
2016200115227,1,9,0,18,0,4,0,0,0,0,3,1,6,3,-1,-1,2143,2,1,-1,-1,-1
2016200115227,2,1,0,18,0,3,0,0,0,0,1,1,2,1,-1,-1,-1,-1,-1,5,1,5
2016200115271,1,9,0,18,0,0,0,0,0,0,1,1,6,3,-1,-1,1796,1,12,-1,-1,-1
2016200115271,2,9,0,18,0,0,0,0,0,0,2,1,6,1,32,6,1968,2,6,1,1,1
2016200115273,1,98,0,18,0,0,0,0,0,0,1,1,1,1,25,5,-1,-1,-1,4,1,4
2016200115273,2,9,0,3,0,0,0,0,0,0,2,1,6,2,70,10,1395,1,3,10,1,10
2016200115302,1,9,0,9,0,8,0,0,0,0,4,1,2,2,46,8,1997,2,8,1,1,1
2016200115302,2,3,0,18,0,8,0,0,0,0,1,1,2,1,34,6,124,1,-1,1,1,1
2016200115381,1,9,0,5,0,4,0,0,0,0,4,1,2,1,48,8,1910,2,6,5,1,5
2016200115381,2,9,0,9,0,3,0,0,0,0,1,1,2,1,55,8,1398,2,14,8,3,8
2016200115387,1,9,0,1,0,0,0,0,0,0,2,1,6,3,34,6,1390,1,15,1,1,1
2016200115392,1,9,0,9,0,6,0,0,0,0,1,1,1,1,31,6,1956,2,4,2,1,2
2016200115392,2,9,0,18,0,8,0,0,0,0,4,1,2,2,25,5,2179,2,4,1,1,1
2016200115400,1,9,0,9,0,6,1,0,0,0,4,1,6,2,71,10,1242,1,1,3,1,3
2016200115400,2,9,0,18,0,8,1,0,0,0,1,1,6,1,24,5,1686,2,12,2,1,2
2016200115407,1,9,0,16,0,0,0,0,0,0,1,1,6,1,25,5,2544,1,17,2,1,2
2016200115407,2,9,0,17,0,0,0,0,0,0,1,1,6,1,62,9,-1,-1,-1,3,1,3
2016200115408,1,9,0,18,0,1,0,0,0,0,1,1,6,1,33,6,2993,2,4,1,1,1
2016200115431,1,9,0,9,0,6,0,0,0,0,1,1,5,1,43,7,1596,1,13,1,1,1
2016200115431,2,9,0,18,0,8,5,0,0,0,1,1,5,2,20,4,1149,1,7,2,1,2
2016200115436,1,9,0,9,0,6,0,0,0,0,1,1,6,2,46,8,1968,2,3,4,1,4
2016200115436,2,9,0,18,0,8,0,0,0,0,4,1,6,1,77,11,1199,1,13,4,1,4
2016200115442,1,9,0,18,0,1,0,0,0,0,1,1,1,1,26,6,1997,1,8,8,1,8
2016200115442,2,9,0,3,0,1,0,0,0,0,2,1,6,1,23,5,1997,2,5,4,1,4
2016200115449,1,9,0,13,0,1,0,0,0,0,1,1,6,3,-1,-1,4395,1,5,1,1,1
2016200115449,2,9,0,18,0,2,0,0,0,0,3,1,6,1,28,6,1598,1,10,2,1,2
2016200115461,1,9,0,4,9,2,0,10,0,0,1,1,6,1,81,11,1798,2,10,1,1,1
2016200115488,1,9,0,7,0,5,0,0,0,0,1,1,6,1,25,5,1199,1,16,3,1,3
2016200115488,2,9,0,7,0,5,0,0,0,0,1,1,6,2,49,8,1396,1,12,1,1,1
2016200115500,1,9,0,9,0,8,0,0,0,0,4,1,3,2,44,7,1596,1,4,3,1,3
2016200115548,1,9,0,3,0,0,0,0,0,0,2,1,3,1,28,6,1582,2,6,2,1,2
2016200115548,2,9,0,1,0,0,0,0,0,0,3,1,6,3,-1,-1,-1,-1,-1,-1,-1,-1
2016200115745,1,9,0,18,0,8,0,0,0,0,4,1,1,2,26,6,1598,1,11,2,1,2
2016200115745,2,9,0,18,0,8,1,0,0,0,1,1,1,2,60,9,1587,1,13,5,1,5
2016200115762,1,9,0,6,0,2,0,0,0,0,3,1,6,1,48,8,-1,-1,-1,1,1,1
2016200115762,2,5,0,18,0,2,0,0,0,0,1,1,6,1,25,5,745,1,1,3,1,3
2016200115783,1,9,0,13,0,0,0,0,7,0,4,1,6,1,28,6,2143,2,5,3,1,3
2016200115783,2,9,0,18,0,0,0,0,1,10,3,1,6,1,-1,-1,1995,2,1,-1,-1,-1
2016200115783,3,9,0,18,0,0,0,0,0,0,2,1,6,2,48,8,1397,1,8,4,1,4
2016200115783,4,9,0,2,9,0,0,0,0,0,4,1,6,2,47,8,1248,2,7,2,1,2
2016200115783,5,9,0,2,9,0,0,0,0,0,4,1,6,1,52,8,2000,2,12,2,1,2
2016200115783,6,9,0,2,9,0,0,0,0,0,4,1,6,1,63,9,1781,1,15,2,1,2
2016200115811,1,9,0,4,0,1,0,0,0,0,1,1,6,1,36,7,-1,-1,-1,5,1,5
2016200115811,2,19,0,3,0,1,0,0,0,0,2,1,2,1,25,5,1867,2,16,1,1,1
2016200115811,3,9,0,3,0,1,0,0,0,0,2,1,2,2,37,7,1598,1,6,-1,-1,-1
2016200115811,4,9,0,3,0,1,0,0,0,0,2,1,3,2,44,7,1242,1,4,3,1,3
2016200115812,1,9,0,18,0,0,0,0,0,0,1,1,6,3,-1,-1,-1,-1,-1,-1,-1,-1
2016200115819,1,9,0,1,0,1,0,0,0,0,2,1,5,1,44,7,1968,2,2,1,1,1
2016200115820,1,11,0,5,0,0,0,0,0,0,0,1,1,1,-1,-1,-1,-1,-1,2,1,2
2016200115825,1,9,0,7,0,6,0,0,0,0,1,1,6,1,26,6,1995,2,11,1,1,1
2016200115825,2,9,0,18,0,8,0,10,1,0,3,1,6,2,39,7,1368,1,6,3,1,3
2016200115826,1,9,0,9,0,5,0,0,0,0,1,1,6,1,39,7,1796,1,9,1,1,1
2016200115832,1,9,0,9,0,6,0,0,0,0,3,1,6,1,48,8,-1,-1,-1,1,1,1
2016200115832,2,5,0,18,0,1,0,0,0,0,1,1,6,1,63,9,1584,1,7,8,1,8
2016200115833,1,9,0,18,0,0,0,0,0,0,4,1,6,1,49,8,1998,2,13,3,1,3
2016200115859,1,9,0,9,0,6,0,0,0,0,3,1,6,2,30,6,1360,1,13,1,1,1
2016200115859,2,9,0,18,0,8,0,0,0,0,1,1,6,2,30,6,1596,1,11,-1,-1,-1
2016200115864,1,9,0,9,0,5,0,0,0,0,1,1,1,1,38,7,1298,1,13,2,1,2
2016200115864,2,9,0,18,0,8,0,0,0,0,3,1,5,1,74,10,1200,1,-1,2,1,2
2016200115906,1,9,0,18,0,8,0,0,0,0,4,1,6,3,-1,-1,1390,1,8,4,1,4
2016200115906,2,9,0,9,0,6,0,0,0,0,1,1,6,1,37,7,1398,1,-1,5,1,5
2016200115908,1,9,0,18,0,8,0,0,0,0,1,1,6,1,45,7,1997,2,8,4,1,4
2016200115908,2,9,0,9,0,8,0,0,0,0,1,1,6,1,21,5,1896,2,11,2,1,2
2016200116025,1,9,0,18,0,0,0,0,0,0,1,1,6,1,27,6,1956,2,7,1,1,1
2016200116025,2,9,0,-1,0,0,0,0,0,0,-1,1,6,1,29,6,-1,-1,-1,1,1,1
2016200116176,1,9,0,4,0,0,0,0,0,0,2,1,6,2,28,6,1598,2,3,3,1,3
2016200116176,2,9,0,-1,-1,0,0,0,-1,0,1,1,6,1,28,6,1560,2,4,-1,1,-1
2016200116176,3,9,0,4,0,0,0,0,0,0,1,1,6,2,47,8,1995,2,1,8,2,8