Accident_Index,Vehicle_Reference,Vehicle_Type,Towing_and_Articulation,Vehicle_Manoeuvre,Vehicle_Location-Restricted_Lane,Junction_Location,Skidding_and_Overturning,Hit_Object_in_Carriageway,Vehicle_Leaving_Carriageway,Hit_Object_off_Carriageway,1st_Point_of_Impact,Was_Vehicle_Left_Hand_Drive?,Journey_Purpose_of_Driver,Sex_of_Driver,Age_of_Driver,Age_Band_of_Driver,Engine_Capacity_(CC),Propulsion_Code,Age_of_Vehicle,Driver_IMD_Decile,Driver_Home_Area_Type,Vehicle_IMD_Decile
2016200116359,1,9,0,5,0,0,0,0,0,0,3,1,6,2,36,7,1461,2,8,5,1,5
2016200116359,2,10,0,18,0,0,0,0,0,0,4,1,6,1,-1,-1,2461,2,9,1,1,1
2016200116373,1,9,0,18,0,1,0,0,0,0,3,1,6,1,30,6,2967,2,1,9,1,9
2016200116373,2,9,0,11,0,1,0,0,0,0,1,1,6,3,-1,-1,1598,1,11,-1,-1,-1
2016200116425,1,9,0,9,0,5,0,0,0,0,1,1,6,2,49,8,1686,2,1,8,1,8
2016200116425,2,9,0,18,0,8,0,0,0,0,4,1,6,1,21,5,1595,1,11,8,1,8
2016200116483,1,9,0,18,0,1,0,10,1,5,1,1,6,1,29,6,1598,1,12,3,1,3
2016200116606,1,9,0,9,0,8,0,0,0,0,1,1,6,1,27,6,1798,1,9,7,1,7
2016200116606,2,9,0,18,0,8,0,0,0,0,1,1,6,1,68,10,-1,-1,-1,2,1,2
2016200116666,1,9,0,5,0,1,0,0,0,0,1,1,2,1,39,7,1995,2,2,2,1,2
2016200116681,1,9,0,18,0,8,0,0,0,0,1,1,6,1,26,6,1196,1,19,1,1,1
2016200116681,2,9,0,18,0,8,0,0,0,0,4,1,6,2,36,7,1242,1,2,6,1,6
2016200116688,1,9,0,9,9,5,0,0,0,0,1,1,6,2,74,10,1242,1,4,7,2,7
2016200116694,1,9,0,9,0,2,0,0,0,0,1,1,3,2,29,6,1200,1,4,3,1,3
2016200116705,1,19,0,11,0,0,0,0,0,0,4,1,6,3,-1,-1,2143,2,-1,-1,-1,-1
2016200116705,2,9,0,18,0,0,0,0,0,0,3,1,6,2,33,6,1560,2,5,2,1,2
2016200116713,1,1,0,18,0,8,0,0,0,0,1,1,2,1,56,9,-1,-1,-1,4,1,4
2016200116713,2,9,0,9,0,6,0,0,0,0,1,1,2,1,48,8,-1,-1,-1,1,1,1
2016200116720,1,9,0,17,0,4,0,0,0,0,4,1,6,2,37,7,1398,1,3,1,1,1
2016200116720,2,9,0,17,0,8,0,0,0,0,4,1,6,1,55,8,1390,1,16,1,1,1
2016200116722,1,9,0,17,0,2,0,0,0,0,1,1,6,1,-1,-1,-1,-1,-1,-1,-1,-1
2016200116734,1,9,0,18,0,0,0,0,0,0,1,1,2,1,-1,-1,1900,2,11,2,1,2
2016200116734,2,1,0,18,0,0,0,0,0,0,1,1,6,1,15,3,-1,-1,-1,1,1,1
2016200116748,1,9,0,9,0,6,0,0,0,0,1,1,6,2,30,6,1596,1,12,-1,-1,-1
2016200116748,2,9,0,18,0,8,0,0,0,0,1,1,6,2,53,8,2987,2,5,7,3,7
2016200116757,1,9,0,5,0,6,0,0,0,0,1,1,6,1,53,8,1598,1,10,-1,-1,-1
2016200116757,2,9,0,18,0,8,0,0,0,0,4,1,6,1,52,8,1896,2,14,2,1,2
2016200116771,1,9,0,18,0,0,0,0,0,0,1,1,6,2,28,6,1198,1,13,1,1,1
2016200116899,1,9,0,18,0,8,0,0,0,0,1,1,6,1,26,6,-1,-1,-1,1,1,1
2016200116899,2,9,0,18,0,8,0,0,0,0,3,1,6,2,45,7,1596,1,7,3,1,3
2016200116954,1,9,0,1,0,0,0,0,0,0,4,1,1,1,29,6,-1,-1,-1,3,1,3
2016200116959,1,9,0,12,0,0,0,4,0,0,1,1,6,2,36,7,1995,2,1,8,1,8
2016200116959,2,9,0,2,0,0,0,0,0,0,1,1,6,2,-1,-1,1997,2,4,2,1,2
2016200116971,1,9,0,16,0,0,0,0,0,0,1,1,6,1,-1,-1,1968,2,7,-1,-1,-1
2016200116971,2,9,0,17,0,0,0,0,0,0,1,1,6,2,75,10,1399,2,12,5,1,5
2016200116989,1,9,0,18,0,8,0,10,3,11,1,1,6,1,37,7,2521,1,9,-1,-1,-1
2016200116989,2,9,0,18,0,1,0,0,0,0,0,1,1,1,-1,-1,2993,2,2,5,1,5
2016200116989,3,9,0,18,0,1,0,0,0,0,0,1,1,1,-1,-1,2993,2,3,5,1,5
2016200116989,4,9,0,18,0,1,0,0,0,0,0,1,1,1,-1,-1,2993,2,3,5,1,5
2016200116991,1,9,0,-1,-1,0,0,0,-1,0,-1,1,6,1,21,5,1461,2,1,6,3,6
2016200116991,2,9,0,-1,-1,0,0,0,-1,0,-1,1,6,3,-1,-1,1198,1,7,-1,-1,-1
2016200117000,1,9,0,7,0,1,0,0,0,0,1,1,6,3,-1,-1,1582,2,6,1,1,1
2016200117000,2,1,0,15,0,1,0,0,0,0,4,1,6,1,29,6,-1,-1,-1,1,1,1
2016200117004,1,9,0,18,0,0,0,0,0,0,0,1,2,1,73,10,1796,1,17,4,1,4
2016200117020,1,4,0,18,0,3,5,7,5,6,1,1,2,1,50,8,449,1,1,5,1,5
2016200117020,2,9,0,3,0,2,0,0,0,0,2,1,1,1,50,8,1968,2,-1,1,1,1
2016200117023,1,9,0,7,0,6,0,0,0,0,1,1,6,1,18,4,1794,1,12,1,1,1
2016200117023,2,9,0,18,0,8,0,10,0,0,4,1,6,2,44,7,1395,8,-1,8,1,8
2016200117086,1,9,0,18,0,0,0,0,0,0,1,1,3,2,39,7,1596,1,3,1,1,1
2016200117092,1,9,0,18,0,2,0,0,0,0,1,1,6,3,-1,-1,-1,-1,-1,-1,-1,-1
2016200117121,1,9,0,18,0,0,0,0,0,0,1,1,6,3,-1,-1,1199,1,15,-1,-1,-1
2016200117121,2,9,0,18,0,0,0,0,0,0,1,1,6,2,27,6,1197,1,-1,-1,-1,-1
2016200117133,1,-1,0,12,0,0,0,0,0,0,3,1,1,1,-1,-1,-1,-1,-1,-1,-1,-1
2016200117133,2,9,0,18,0,0,0,10,1,0,4,1,6,2,43,7,1984,1,15,2,1,2
2016200117134,1,19,0,5,0,4,0,0,0,0,1,1,6,1,51,8,1753,2,13,3,1,3
2016200117134,2,9,0,9,0,3,0,0,0,0,4,1,6,2,23,5,1388,1,14,1,1,1
2016200117143,1,9,0,18,0,0,0,0,0,0,1,1,6,1,32,6,1598,1,5,2,1,2
2016200117145,1,9,0,9,0,6,0,0,0,0,3,1,1,1,18,4,1242,1,7,2,1,2
2016200117145,2,3,0,18,0,8,0,0,0,0,1,1,1,1,29,6,124,1,22,3,1,3
2016200117151,1,9,0,18,0,8,0,10,8,0,1,1,6,1,30,6,1896,2,8,3,1,3
2016200117195,1,19,0,18,0,0,0,0,0,0,1,1,1,1,33,6,2198,2,6,2,1,2
2016200117197,1,9,0,18,0,1,0,0,0,0,1,1,6,2,25,5,1360,1,6,7,1,7
2016200117219,1,19,0,18,0,8,0,0,0,0,1,1,1,1,25,5,1560,2,2,7,1,7
2016200117219,2,9,0,18,0,8,0,0,1,7,4,1,6,2,38,7,1397,1,13,1,1,1
2016200117222,1,9,0,18,0,3,0,0,0,0,1,1,6,1,35,6,1399,1,1,2,1,2
2016200117222,2,1,0,18,0,3,0,0,0,0,3,1,2,1,29,6,-1,-1,-1,2,1,2
2016200117238,1,9,0,15,0,0,0,0,0,0,1,1,1,3,-1,-1,1956,2,4,-1,-1,-1
2016200117238,2,9,0,2,0,0,0,0,0,0,1,1,6,1,45,7,1910,2,9,8,1,8
2016200117238,3,9,0,18,0,0,0,0,0,0,4,1,6,1,20,4,2000,1,11,2,1,2
2016200117269,1,9,0,18,0,3,5,7,1,7,4,1,6,1,38,7,1197,1,3,10,1,10
2016200117269,2,21,1,18,0,4,0,0,0,0,3,1,1,1,27,6,12777,2,3,3,1,3
2016200117289,1,9,0,9,0,5,0,0,0,0,1,1,1,1,47,8,1499,2,2,3,1,3
2016200117289,2,3,0,18,0,8,0,0,0,0,1,1,1,1,45,7,125,1,8,8,1,8
2016200117325,1,9,0,5,0,1,0,0,0,0,4,1,1,1,65,9,1598,1,4,2,1,2
2016200117368,1,9,0,18,0,0,0,4,0,0,1,1,2,1,35,6,1497,1,11,1,1,1
2016200117368,2,9,0,2,0,0,0,0,4,0,2,1,6,2,-1,-1,-1,-1,-1,-1,-1,-1
2016200117377,1,20,0,18,0,0,0,0,0,0,1,1,1,1,50,8,-1,2,13,7,1,7
2016200117377,2,9,0,18,0,0,0,7,0,0,4,1,6,2,41,7,1461,2,6,1,1,1
2016200117379,1,9,0,18,0,8,0,0,0,0,1,1,6,3,-1,-1,-1,-1,-1,-1,-1,-1
2016200117384,1,9,0,18,0,8,0,0,0,0,4,1,6,1,80,11,1591,1,8,10,1,10
2016200117384,2,9,0,5,0,8,0,0,0,0,1,1,6,1,54,8,1598,1,1,4,1,4
2016200117398,1,9,0,7,0,6,0,0,0,0,3,1,6,2,67,10,1461,2,3,7,1,7
2016200117398,2,5,0,18,0,8,2,0,0,0,1,1,6,1,22,5,599,1,26,9,1,9
2016200117406,1,9,0,18,0,0,0,0,0,0,1,1,1,1,-1,-1,1910,2,8,-1,-1,-1
2016200117406,2,9,0,3,0,0,0,0,0,0,3,1,2,2,28,6,1461,2,1,1,1,1
2016200117417,1,9,0,18,0,2,0,0,0,0,4,1,6,3,-1,-1,-1,-1,-1,-1,-1,-1
2016200117417,2,3,0,18,0,2,1,0,0,0,3,1,6,2,25,5,96,1,10,1,1,1
2016200117462,1,9,0,18,0,2,0,4,0,0,1,1,6,3,-1,-1,1968,2,11,-1,-1,-1
2016200117462,2,9,0,2,0,2,0,0,0,0,2,1,6,1,-1,-1,1995,2,11,1,1,1
2016200117462,3,9,0,18,0,2,0,0,0,0,0,1,1,1,-1,-1,-1,-1,-1,-1,-1,-1
2016200117487,1,9,0,18,0,0,0,0,5,0,3,1,6,1,22,5,1461,2,11,-1,-1,-1
2016200117507,1,8,0,18,0,1,0,0,0,0,1,1,6,1,-1,-1,1910,2,9,-1,-1,-1
2016200117540,1,3,0,18,0,8,0,0,0,0,1,1,6,1,18,4,124,1,4,1,1,1
2016200117540,2,9,0,9,0,5,0,0,0,0,2,1,6,1,24,5,1598,2,4,1,1,1
2016200117549,1,5,0,18,0,6,0,0,0,0,1,1,6,1,23,5,-1,-1,-1,3,2,3
2016200117549,2,19,0,18,0,8,0,0,0,0,3,1,6,1,30,6,2402,2,14,5,1,5
2016200117552,1,8,0,9,0,6,0,0,0,0,1,1,1,1,-1,-1,2143,2,3,1,1,1
2016200117552,2,1,0,9,0,5,0,0,0,0,1,1,2,1,42,7,-1,-1,-1,4,1,4
2016200117572,1,9,0,18,0,8,0,0,0,0,1,1,6,2,24,5,-1,-1,-1,5,1,5
2016200117572,2,9,0,18,0,8,0,0,0,0,3,1,6,1,47,8,1400,1,12,2,1,2
2016200117574,1,9,0,18,0,4,0,0,0,0,1,1,6,3,-1,-1,1229,1,2,-1,-1,-1
2016200117574,2,9,0,3,0,8,0,0,0,0,4,1,2,2,35,6,1796,1,11,7,1,7
2016200117588,1,9,0,2,0,0,0,0,0,0,1,1,6,1,28,6,2400,2,2,1,1,1
2016200117588,2,9,0,18,0,0,1,10,1,0,1,1,6,2,34,6,1598,2,5,6,3,6
2016200117602,1,9,0,18,0,8,1,0,0,0,1,1,6,2,21,5,998,1,4,3,1,3
2016200117602,2,9,0,9,0,8,0,0,0,0,0,1,6,3,-1,-1,-1,-1,-1,-1,-1,-1
2016200117603,1,97,0,18,0,8,0,0,0,0,1,1,6,3,-1,-1,-1,-1,-1,-1,-1,-1
2016200117603,2,9,0,7,0,5,0,0,0,0,4,1,6,1,39,7,1388,1,15,1,1,1
2016200117604,1,9,0,18,0,0,0,0,0,0,0,1,6,3,-1,-1,-1,-1,-1,-1,-1,-1
2016200117627,1,9,0,18,0,0,0,8,0,0,4,1,6,2,-1,-1,1900,2,12,1,1,1
2016200117627,2,9,0,2,0,0,0,0,0,0,4,1,6,2,-1,-1,1560,2,5,-1,-1,-1
2016200117632,1,9,0,18,0,0,1,4,1,3,2,1,6,1,35,6,2521,1,8,-1,-1,-1
2016200117632,2,9,0,2,0,0,0,0,0,0,2,1,6,3,-1,-1,1596,1,2,-1,-1,-1
2016200117632,3,9,0,18,0,0,0,0,0,0,0,1,1,1,-1,-1,-1,-1,-1,2,1,2
2016200117639,1,9,0,7,0,5,0,0,0,0,4,1,6,3,-1,-1,-1,-1,-1,-1,-1,-1
2016200117639,2,1,0,18,0,8,0,0,0,0,1,1,6,1,44,7,-1,-1,-1,9,1,9
2016200117646,1,9,0,9,0,5,0,0,0,0,1,1,1,2,37,7,-1,-1,-1,1,1,1
2016200117649,1,5,0,18,0,0,1,0,0,0,0,1,6,1,36,7,998,1,8,3,1,3
2016200117649,2,9,0,5,0,0,0,0,0,0,1,1,6,2,23,5,1360,1,14,5,1,5
2016200117666,1,9,0,9,0,5,0,0,0,0,3,1,1,2,42,7,1598,1,3,3,1,3
2016200117666,2,1,0,16,0,8,0,0,0,0,1,1,1,1,53,8,-1,-1,-1,2,1,2
2016200117690,1,19,0,18,0,8,0,0,0,0,3,1,6,3,-1,-1,2402,2,8,-1,-1,-1
2016200117690,2,19,0,10,0,1,0,0,0,0,1,1,1,1,42,7,2151,2,12,1,1,1
2016200117693,1,9,0,7,0,5,0,0,1,2,2,1,6,2,74,10,1598,1,6,9,1,9
2016200117693,2,9,0,18,0,1,0,0,0,0,1,1,6,2,33,6,1364,1,7,2,1,2
2016200117698,1,9,0,18,0,0,0,0,0,0,0,1,6,3,-1,-1,-1,-1,-1,-1,-1,-1
2016200117700,1,9,0,18,0,4,1,0,0,0,1,1,6,1,21,5,1896,2,13,2,1,2
2016200117700,2,9,0,18,0,8,0,0,0,0,1,1,6,1,45,7,1896,2,11,5,1,5
2016200117724,1,9,0,5,0,0,0,0,0,0,1,1,1,2,40,7,1600,1,10,-1,-1,-1
2016200117755,1,9,0,7,0,3,0,0,0,0,3,1,6,1,86,11,1318,1,1,5,3,5
2016200117755,2,1,0,18,0,3,0,0,0,0,1,1,2,1,52,8,-1,-1,-1,6,1,6
2016200117767,1,9,0,18,0,2,1,11,0,0,2,1,3,1,37,7,3498,1,18,5,1,5
2016200117772,1,9,0,18,0,1,0,0,0,0,1,1,6,3,-1,-1,1999,1,15,-1,-1,-1
2016200117772,2,9,0,3,0,1,0,0,0,0,2,1,6,2,-1,-1,1199,2,3,1,1,1
2016200117778,1,9,0,18,0,0,0,0,0,0,4,1,6,1,20,4,4999,1,-1,1,1,1
2016200117778,2,9,0,18,0,0,0,0,0,0,4,1,6,1,24,5,1991,1,3,5,1,5
2016200117778,3,9,0,3,0,0,0,0,0,0,2,1,6,2,51,8,1995,2,8,1,1,1
2016200117778,4,9,0,18,0,0,0,0,0,0,3,1,6,2,41,7,1598,1,11,-1,-1,-1
2016200117787,1,9,0,18,0,8,0,0,0,0,1,1,1,1,-1,-1,1461,2,6,3,1,3
2016200117787,2,9,0,9,0,8,0,0,0,0,3,1,1,1,70,10,1956,2,5,1,1,1
2016200117790,1,9,0,9,0,5,0,0,0,0,1,1,6,2,20,4,1242,1,11,4,1,4
2016200117790,2,19,0,18,0,8,0,0,0,0,1,1,6,2,49,8,1968,2,6,2,1,2
2016200117836,1,9,0,18,0,0,0,0,0,0,1,1,6,1,24,5,1599,1,10,9,1,9
2016200117836,2,9,0,18,0,0,0,0,0,0,1,1,6,3,-1,-1,1783,1,13,1,1,1
2016200117841,1,9,0,13,0,0,0,0,0,0,4,1,6,1,72,10,1360,1,10,2,1,2
2016200117841,2,1,0,18,0,0,0,0,1,0,3,1,6,1,67,10,-1,-1,-1,6,1,6
2016200117847,1,9,0,18,0,8,0,0,0,0,1,1,2,1,33,6,1999,1,15,9,1,9
2016200117847,2,9,0,9,0,8,0,0,0,0,4,1,2,1,32,6,1596,1,14,4,1,4
2016200117851,1,19,0,9,0,5,0,0,0,0,4,1,6,1,27,6,2198,2,10,2,1,2
2016200117851,2,3,0,15,0,8,5,0,1,0,1,1,6,1,20,4,124,1,13,1,1,1
2016200117866,1,9,0,3,0,1,0,0,0,0,2,1,6,1,40,7,1796,2,3,3,1,3
2016200117866,2,9,0,18,0,1,0,0,0,0,1,1,6,3,-1,-1,1796,1,12,1,1,1
2016200117874,1,9,0,18,0,4,0,0,0,0,1,1,6,1,63,9,1598,1,13,2,1,2
2016200117874,2,9,0,18,0,3,0,0,0,0,4,1,6,1,32,6,1896,2,13,3,1,3
2016200117880,1,9,0,4,0,0,0,0,0,0,1,1,6,3,-1,-1,1896,2,15,2,1,2
2016200117880,2,9,0,3,0,0,0,0,0,0,2,1,6,2,54,8,1798,1,6,7,1,7
2016200117882,1,9,0,18,0,0,0,0,0,0,1,1,6,2,30,6,1198,1,11,2,1,2
2016200117882,2,9,0,3,0,0,0,0,0,0,2,1,6,2,29,6,1360,1,14,1,1,1
2016200117897,1,9,0,18,0,8,0,10,1,4,1,1,6,2,38,7,1560,2,12,3,1,3
2016200117897,2,9,0,7,0,5,0,0,0,0,4,1,6,1,66,10,1299,1,9,2,1,2
2016200117925,1,9,0,9,0,5,0,0,0,0,3,1,1,2,22,5,1956,2,4,7,1,7
2016200117925,2,3,0,14,0,8,0,0,0,0,1,1,6,1,19,4,125,1,1,2,1,2
2016200117944,1,9,0,4,0,1,0,0,0,0,3,1,6,1,51,8,1896,2,13,1,1,1
2016200117944,2,9,0,13,0,1,0,0,0,0,4,1,6,1,74,10,1242,1,7,2,1,2
2016200117944,3,9,0,16,0,1,0,0,0,0,0,1,6,1,-1,-1,2993,2,3,2,1,2
2016200117957,1,2,0,18,0,0,0,0,0,0,1,1,5,2,17,4,49,1,5,1,1,1
2016200117957,2,9,0,4,0,0,0,0,0,0,2,1,1,1,25,5,1598,1,3,1,1,1
2016200117960,1,9,0,5,0,6,0,0,0,0,1,1,2,1,33,6,1968,2,8,1,1,1
2016200117960,2,2,0,18,0,8,0,0,0,0,4,1,2,2,26,6,49,1,7,2,1,2
2016200117967,1,9,0,18,0,0,0,0,0,0,1,1,6,1,45,7,1360,1,7,4,1,4
2016200117967,2,9,0,3,0,0,0,0,0,0,2,1,6,2,41,7,1598,1,11,4,1,4
2016200117981,1,9,0,1,0,0,0,0,0,0,2,1,6,3,-1,-1,-1,-1,-1,-1,-1,-1
2016200117981,2,9,0,3,0,0,0,0,0,0,1,1,6,1,48,8,1995,2,3,1,1,1
2016200117989,1,11,0,5,0,0,0,0,0,0,0,1,6,3,-1,-1,-1,-1,-1,-1,-1,-1
2016200117997,1,9,0,3,0,1,0,0,0,0,2,1,1,1,39,7,1896,2,9,1,1,1
2016200117997,2,9,0,18,0,1,0,0,0,0,1,1,6,1,-1,-1,1149,1,13,2,1,2
2016200118007,1,9,0,18,0,0,0,0,0,0,1,1,6,1,27,6,1997,2,15,3,1,3
2016200118030,1,9,0,9,0,6,0,0,0,0,1,1,6,1,62,9,3800,1,4,8,1,8
2016200118030,2,9,0,18,0,8,0,0,0,0,4,1,6,2,52,8,1995,2,3,2,1,2
2016200118032,1,9,0,7,0,6,0,0,0,0,1,1,6,1,72,10,1910,2,8,5,1,5
2016200118032,2,3,0,18,0,8,0,0,0,0,1,1,6,1,38,7,-1,-1,-1,1,1,1
2016200118036,1,9,0,9,0,5,0,0,0,0,4,1,6,2,70,10,1086,1,12,1,1,1
2016200118036,2,9,0,18,0,8,0,0,0,0,1,1,6,3,-1,-1,-1,-1,-1,-1,-1,-1
2016200118039,1,9,0,17,0,0,5,7,5,0,1,1,6,2,33,6,1995,2,8,1,1,1
2016200118039,2,9,0,16,0,0,0,0,0,0,1,1,6,1,32,6,1798,1,10,2,1,2
2016200118041,1,9,0,9,0,5,0,0,0,0,1,1,6,1,-1,-1,2967,1,10,10,1,10
2016200118041,2,1,0,18,0,8,0,0,0,0,3,1,6,1,81,11,-1,-1,-1,-1,-1,-1
2016200118053,1,9,0,18,0,1,0,0,0,0,4,1,6,2,-1,-1,1986,2,9,-1,-1,-1
2016200118053,2,9,0,1,0,2,0,0,0,0,3,1,6,2,29,6,1586,1,-1,1,1,1
2016200118072,1,9,0,5,9,6,0,0,0,0,1,1,6,3,-1,-1,-1,-1,-1,-1,-1,-1
2016200118072,2,1,0,18,9,8,0,0,0,0,3,1,1,2,45,7,-1,-1,-1,1,1,1
2016200118106,1,9,0,9,0,4,0,0,0,0,3,1,3,2,28,6,1798,1,3,6,1,6
2016200118106,2,9,0,18,0,4,0,0,0,0,1,1,3,2,32,6,1108,1,14,1,1,1
2016200118113,1,9,0,5,0,3,0,0,0,0,2,1,6,3,-1,-1,-1,-1,-1,-1,-1,-1
2016200118113,2,5,0,9,0,3,0,0,0,0,3,1,6,1,36,7,749,1,11,2,1,2
2016200118190,1,9,0,5,0,6,0,0,0,0,1,1,6,2,44,7,1364,1,11,1,1,1
2016200118190,2,9,0,18,0,8,0,0,0,0,4,1,2,2,34,6,1796,1,11,6,1,6
2016200118203,1,9,0,9,0,5,0,0,0,0,3,1,2,2,53,8,1360,1,12,1,1,1
2016200118203,2,9,0,18,0,8,0,0,0,0,1,1,2,2,25,5,1598,1,10,4,1,4
2016200118210,1,9,0,4,0,0,0,0,0,0,2,1,6,1,28,6,1796,1,10,7,1,7
2016200118210,2,9,0,4,0,0,0,0,0,0,1,1,6,3,-1,-1,1596,1,15,-1,-1,-1
2016200118210,3,9,0,18,0,0,0,0,0,0,2,1,2,2,29,6,-1,-1,-1,2,1,2
2016200118220,1,9,0,18,0,0,0,0,0,0,4,1,6,1,37,7,1794,1,10,5,1,5
2016200118229,1,19,0,18,0,1,0,0,0,0,1,1,6,1,62,9,2148,2,9,10,1,10
2016200118229,2,9,0,18,0,1,0,0,0,0,2,1,6,1,28,6,2000,2,12,5,1,5
2016200118258,1,9,0,9,0,6,0,0,0,0,4,1,6,2,49,8,1560,2,10,7,1,7
2016200118258,2,3,0,16,0,8,1,0,0,0,1,1,6,1,18,4,124,1,-1,1,1,1
2016200118262,1,9,0,18,0,8,0,0,0,0,1,1,6,2,24,5,1248,1,3,1,1,1
2016200118262,2,9,0,9,0,5,0,0,0,0,3,1,6,3,-1,-1,1396,1,13,-1,-1,-1
2016200118265,1,9,0,9,0,6,0,0,0,0,3,1,6,1,26,6,1598,1,11,1,1,1
2016200118265,2,9,0,18,0,8,0,0,0,0,1,1,2,1,21,5,2143,2,3,-1,-1,-1
2016200118269,1,9,0,9,0,5,0,0,0,0,3,1,6,2,29,6,-1,-1,-1,2,1,2
2016200118269,2,9,0,18,0,8,0,0,0,0,3,1,6,1,26,6,998,1,-1,5,1,5
2016200118272,1,9,0,7,0,1,0,0,0,0,1,1,1,2,52,8,999,1,4,7,1,7
2016200118282,1,9,0,9,0,6,0,0,0,0,1,1,6,3,-1,-1,2199,2,3,7,1,7
2016200118282,2,1,0,9,0,5,0,0,0,0,3,1,6,1,36,7,-1,-1,-1,-1,-1,-1
2016200118288,1,9,0,16,0,2,0,10,1,11,1,1,6,2,18,4,1229,1,9,5,1,5
2016200118301,1,9,0,18,0,0,1,10,1,5,4,1,6,1,-1,-1,1995,2,9,-1,-1,-1
2016200118320,1,9,0,18,0,1,0,0,0,0,1,1,6,3,-1,-1,-1,-1,-1,-1,-1,-1
2016200118335,1,3,0,9,0,6,0,0,0,0,4,1,6,1,26,6,125,1,-1,1,1,1
2016200118335,2,9,0,1,0,6,0,0,0,0,2,1,6,1,48,8,1968,2,9,4,1,4
2016200118347,1,9,0,18,0,6,0,0,0,0,1,1,1,1,33,6,-1,-1,-1,1,1,1
2016200118347,2,9,0,18,0,8,0,0,0,0,4,1,2,2,42,7,1796,1,8,5,1,5
2016200118363,1,9,0,18,0,2,0,10,1,10,1,1,6,1,27,6,1798,1,13,8,1,8
2016200118376,1,9,0,18,0,0,0,10,1,3,1,1,5,2,22,5,998,1,2,1,1,1
2016200118385,1,9,0,18,0,8,0,7,6,0,1,1,6,1,23,5,1896,2,10,1,1,1
2016200118385,2,9,0,9,0,6,0,0,0,0,1,1,6,2,-1,-1,1398,2,4,3,1,3
2016200118385,3,9,0,9,0,8,0,0,0,0,1,1,6,1,48,8,1461,2,5,2,1,2
2016200118389,1,9,0,5,9,8,0,0,0,0,3,1,6,1,35,6,1995,2,11,7,1,7
2016200118389,2,1,0,18,9,8,5,0,0,0,1,1,6,1,19,4,-1,-1,-1,5,1,5
2016200118405,1,9,0,7,0,2,0,0,0,0,1,1,6,1,50,8,1984,1,11,5,1,5
2016200118508,1,9,0,9,0,1,0,0,0,0,4,1,3,2,45,7,2171,1,15,3,1,3
2016200118521,1,9,0,18,0,1,1,0,0,0,3,1,6,3,-1,-1,1796,1,16,-1,-1,-1
2016200118521,2,9,0,3,0,2,0,0,0,0,3,1,6,2,65,9,2497,2,11,3,1,3
2016200118575,1,9,0,13,0,0,0,10,6,10,1,1,6,1,26,6,2494,1,12,1,1,1
2016200118575,2,9,0,18,0,0,0,0,0,0,3,1,6,1,44,7,1560,2,7,6,1,6
2016200118575,3,9,0,18,0,0,0,0,0,0,0,1,6,2,29,6,1389,1,15,1,1,1
2016200118636,1,9,0,9,0,5,0,0,0,0,1,1,6,2,48,8,1596,1,11,2,1,2
2016200118636,2,1,0,15,0,8,0,0,0,0,1,1,2,1,54,8,-1,-1,-1,10,2,10
2016200118643,1,1,0,5,0,6,0,0,0,0,4,1,5,1,10,2,-1,-1,-1,2,1,2
2016200118643,2,9,0,18,0,8,0,0,0,0,1,1,5,1,21,5,2148,2,9,1,1,1
2016200118666,1,9,0,16,0,0,0,0,0,0,1,1,6,1,46,8,1341,1,14,5,1,5
2016200118666,2,9,0,17,0,0,0,0,0,0,3,1,6,2,65,9,-1,-1,-1,-1,-1,-1
2016200118687,1,9,0,18,0,1,0,0,0,0,3,1,6,3,-1,-1,-1,-1,-1,-1,-1,-1
2016200118687,2,3,0,18,0,1,2,10,7,10,4,1,6,1,28,6,124,1,-1,1,1,1
2016200118690,1,9,0,12,0,0,0,0,0,0,3,1,2,1,42,7,1686,2,12,1,1,1
2016200118690,2,5,0,13,0,0,0,0,4,0,4,1,6,1,36,7,599,1,1,6,1,6
2016200118742,1,9,0,5,0,4,0,0,0,0,1,1,1,1,55,8,1150,1,8,-1,-1,-1
2016200118742,2,1,0,5,0,3,0,0,0,0,1,1,6,1,52,8,-1,-1,-1,5,1,5
2016200118752,1,9,0,18,0,0,0,0,1,1,3,1,6,1,18,4,1598,1,10,1,1,1
2016200118753,1,9,0,18,0,0,0,4,0,0,1,1,6,1,35,6,1968,2,8,3,1,3
2016200118753,2,9,0,2,0,0,0,0,0,0,3,1,6,1,54,8,1560,2,1,1,1,1
2016200118753,3,9,0,2,0,0,0,0,0,0,3,1,6,1,64,9,998,1,-1,1,1,1
2016200118753,4,9,0,5,0,0,0,0,0,0,2,1,6,1,46,8,1598,1,11,1,1,1
2016200118820,1,9,0,9,0,5,0,0,0,0,3,1,6,2,32,6,1896,2,11,1,1,1
2016200118820,2,9,0,18,0,8,0,0,0,0,1,1,6,1,32,6,1896,2,10,9,1,9
2016200118823,1,9,0,6,0,0,0,0,0,0,1,1,6,1,45,7,2231,2,7,2,1,2
2016200118823,2,11,0,18,0,0,0,0,0,0,3,1,1,1,53,8,4760,2,3,-1,-1,-1
2016200118825,1,98,0,18,0,0,0,0,0,0,1,1,6,3,-1,-1,-1,-1,-1,-1,-1,-1
2016200118825,2,9,0,3,0,0,0,0,0,0,2,1,6,1,27,6,1582,2,8,4,1,4
2016200118842,1,9,0,16,0,0,0,0,0,0,1,1,2,1,35,6,1560,2,3,10,3,10