Accident_Index,Vehicle_Reference,Vehicle_Type,Towing_and_Articulation,Vehicle_Manoeuvre,Vehicle_Location-Restricted_Lane,Junction_Location,Skidding_and_Overturning,Hit_Object_in_Carriageway,Vehicle_Leaving_Carriageway,Hit_Object_off_Carriageway,1st_Point_of_Impact,Was_Vehicle_Left_Hand_Drive?,Journey_Purpose_of_Driver,Sex_of_Driver,Age_of_Driver,Age_Band_of_Driver,Engine_Capacity_(CC),Propulsion_Code,Age_of_Vehicle,Driver_IMD_Decile,Driver_Home_Area_Type,Vehicle_IMD_Decile
2016200123714,2,9,0,18,0,8,0,0,0,0,4,1,6,2,32,6,1686,2,13,1,1,1
2016200123722,1,9,0,18,0,0,0,0,0,0,1,1,6,3,-1,-1,-1,-1,-1,-1,-1,-1
2016200123722,2,9,0,5,0,0,0,0,0,0,2,1,6,1,35,6,973,1,16,3,1,3
2016200123724,1,9,0,9,0,5,0,0,0,0,1,1,6,3,-1,-1,1595,1,2,-1,-1,-1
2016200123724,2,9,0,9,0,5,0,0,0,0,2,1,6,1,45,7,2143,2,4,6,1,6
2016200123733,1,9,0,9,0,8,0,0,0,0,0,1,6,1,50,8,1560,2,5,7,1,7
2016200123733,2,9,0,9,0,8,0,0,0,0,2,1,6,3,-1,-1,-1,-1,-1,-1,-1,-1
2016200123739,1,1,0,18,0,8,0,0,0,0,4,1,6,1,16,4,-1,-1,-1,1,1,1
2016200123739,2,9,0,18,0,4,0,0,0,0,3,1,6,1,29,6,1461,2,4,1,1,1
2016200123759,1,9,0,9,0,5,0,0,0,0,2,1,6,2,33,6,1595,1,10,6,1,6
2016200123759,2,9,0,18,0,8,0,0,0,0,1,1,6,1,26,6,2198,2,10,9,1,9
2016200123764,1,9,0,18,0,1,0,4,0,0,1,1,6,3,-1,-1,998,1,-1,-1,-1,-1
2016200123764,2,9,0,2,0,1,0,0,0,0,3,1,5,1,-1,-1,1586,1,11,1,1,1
2016200123764,3,9,0,1,0,2,0,0,0,0,2,1,6,2,47,8,1461,2,12,10,1,10
2016200123764,4,9,0,2,0,2,0,0,0,0,2,1,5,2,-1,-1,1590,1,11,1,1,1
2016200123765,1,9,0,18,0,0,0,0,0,0,2,1,6,2,46,8,1242,1,4,2,1,2
2016200123765,2,9,0,18,0,0,0,0,0,0,1,1,6,2,24,5,1360,1,13,1,1,1
2016200123821,1,9,0,18,0,0,0,0,0,0,2,1,6,1,48,8,1360,1,14,4,1,4
2016200123821,2,9,0,18,0,0,0,0,0,0,1,1,6,1,-1,-1,-1,-1,-1,-1,-1,-1
2016200123873,1,98,1,18,0,0,0,0,0,0,1,1,1,1,59,9,-1,-1,-1,-1,-1,-1
2016200123873,2,9,0,18,0,0,1,0,0,0,1,1,1,2,41,7,1995,2,3,5,1,5
2016200123873,3,9,0,18,0,0,1,0,4,0,2,1,2,1,26,6,-1,-1,-1,2,1,2
2016200123873,4,-1,0,11,0,0,0,0,0,0,0,1,6,3,-1,-1,-1,-1,-1,-1,-1,-1
2016200123877,1,9,0,18,0,8,0,0,0,0,3,1,6,2,18,4,1360,1,10,2,1,2
2016200123877,2,9,0,18,0,8,0,0,0,0,1,1,1,1,52,8,1461,2,6,2,1,2
2016200123912,1,9,0,3,0,2,0,0,0,0,2,1,2,1,42,7,1560,2,9,2,1,2
2016200123912,2,9,0,5,0,2,0,0,0,0,1,1,5,3,-1,-1,1398,1,-1,-1,-1,-1
2016200123974,1,1,0,9,0,6,0,0,0,0,1,1,6,2,10,2,-1,-1,-1,-1,-1,-1
2016200123974,2,9,0,18,0,1,0,0,0,0,4,1,6,1,-1,-1,1560,2,4,2,1,2
2016200123993,1,9,0,18,0,2,1,10,0,0,4,1,6,1,24,5,1995,2,4,8,1,8
2016200123993,2,9,0,18,0,2,0,4,0,0,3,1,6,1,66,10,998,1,16,4,1,4
2016200123993,3,19,0,2,9,2,0,0,0,0,2,1,6,3,-1,-1,2402,2,12,-1,-1,-1
2016200124022,1,19,0,9,0,5,0,0,0,0,1,1,1,1,49,8,2402,2,15,2,1,2
2016200124022,2,9,0,13,0,8,0,0,0,0,1,1,6,2,-1,-1,1390,1,4,3,1,3
2016200124081,1,9,0,9,0,5,0,0,0,0,1,1,6,3,-1,-1,5439,1,13,-1,-1,-1
2016200124081,2,9,0,18,0,8,0,0,0,0,3,1,6,1,53,8,1686,2,3,-1,1,-1
2016200124102,1,9,0,18,0,0,0,0,0,0,1,1,1,1,50,8,-1,-1,-1,1,1,1
2016200124102,2,1,0,18,0,0,0,0,0,0,2,1,1,1,-1,-1,-1,-1,-1,-1,-1,-1
2016200124153,1,9,0,11,0,1,0,0,0,0,1,1,6,3,-1,-1,1596,1,10,1,1,1
2016200124153,2,9,0,18,0,1,0,0,0,0,2,1,2,2,49,8,1997,1,3,8,1,8
2016200124153,3,9,0,11,0,1,0,0,0,0,2,1,6,1,24,5,1299,1,16,5,1,5
2016200124155,1,9,0,13,0,1,0,0,0,0,1,1,6,1,76,11,1242,1,12,6,1,6
2016200124155,2,9,0,7,0,1,0,0,0,0,3,1,6,1,33,6,1995,2,8,2,1,2
2016200124158,1,9,0,9,0,2,0,0,0,0,1,1,5,1,43,7,1586,1,7,2,1,2
2016200124159,1,9,0,18,0,1,0,0,0,0,2,1,6,2,76,11,1197,1,2,9,1,9
2016200124159,2,9,0,3,0,1,0,0,0,0,2,1,6,1,80,11,1590,1,11,3,1,3
2016200124159,3,9,0,3,0,1,0,0,0,0,2,1,6,2,29,6,998,1,5,5,1,5
2016200124159,4,9,0,10,0,1,0,0,0,0,0,1,6,2,35,6,1497,8,4,1,1,1
2016200124173,1,9,0,18,0,0,1,0,0,0,1,1,6,3,-1,-1,-1,-1,-1,-1,-1,-1
2016200124173,2,9,0,3,0,0,0,10,1,11,2,1,1,2,28,6,1598,1,9,5,1,5
2016200124173,3,9,0,3,0,0,0,0,0,0,2,1,6,1,59,9,2143,2,-1,1,1,1
2016200124177,1,9,0,18,0,1,0,0,0,0,1,1,6,2,-1,-1,1598,1,1,2,1,2
2016200124177,2,9,0,18,0,1,0,0,0,0,2,1,6,2,23,5,1686,2,7,1,1,1
2016200124195,1,9,0,18,0,1,0,0,0,0,1,1,6,1,27,6,1995,2,8,2,1,2
2016200124195,2,9,0,18,0,2,0,0,0,0,1,1,6,1,-1,-1,-1,-1,-1,-1,-1,-1
2016200124208,1,9,0,18,0,0,0,0,0,0,1,1,6,3,-1,-1,-1,-1,-1,-1,-1,-1
2016200124211,1,9,0,12,0,2,0,7,4,11,1,1,6,1,37,7,1299,1,13,1,1,1
2016200124212,1,21,0,18,0,0,0,0,0,0,4,1,1,1,-1,-1,12902,2,3,-1,-1,-1
2016200124212,2,9,0,4,0,0,0,0,0,0,3,1,6,1,27,6,1968,2,9,1,1,1
2016200124229,1,98,0,9,0,5,0,0,0,0,1,1,6,1,80,11,-1,-1,-1,3,1,3
2016200124229,2,1,0,18,0,8,0,0,0,0,1,1,6,1,46,8,-1,-1,-1,7,1,7
2016200124230,1,9,0,11,0,0,0,0,0,0,3,1,6,1,34,6,2179,2,10,6,1,6
2016200124230,2,9,0,18,0,0,0,10,4,0,4,1,6,1,18,4,1364,1,7,4,1,4
2016200124243,1,9,0,13,0,0,0,0,0,0,3,1,6,3,-1,-1,-1,-1,-1,-1,-1,-1
2016200124243,2,9,0,18,0,0,0,0,0,0,0,1,6,3,-1,-1,-1,-1,-1,-1,-1,-1
2016200124243,3,9,0,18,0,0,0,0,0,0,3,1,6,2,38,7,1461,2,11,2,1,2
2016200124278,1,9,0,18,0,1,0,0,0,0,1,1,6,3,-1,-1,-1,-1,-1,-1,-1,-1
2016200124309,1,9,0,5,9,0,0,0,0,0,1,1,6,3,59,9,-1,-1,-1,1,1,1
2016200124309,2,1,0,18,9,0,0,0,0,0,1,1,6,1,25,5,-1,-1,-1,1,1,1
2016200124330,1,9,0,9,0,5,0,0,0,0,3,1,1,1,58,9,1598,1,4,8,3,8
2016200124330,2,1,0,9,0,1,5,0,0,0,1,1,6,1,51,8,-1,-1,-1,1,1,1
2016200124334,1,19,0,18,0,0,0,0,0,0,1,1,1,1,-1,-1,1461,2,2,-1,-1,-1
2016200124334,2,9,0,18,0,0,0,0,0,0,3,1,6,1,31,6,1992,2,10,3,1,3
2016200124336,1,9,0,5,0,1,0,0,0,0,1,1,6,1,56,9,1124,1,12,2,1,2
2016200124336,2,1,0,18,0,1,0,0,0,0,3,1,6,2,41,7,-1,-1,-1,3,1,3
2016200124339,1,9,0,7,9,6,0,0,0,0,3,1,6,1,39,7,1560,2,5,5,1,5
2016200124339,2,1,0,18,9,8,0,0,0,0,1,1,1,1,47,8,-1,-1,-1,3,1,3
2016200124380,1,9,0,17,0,0,0,0,1,9,1,1,6,2,24,5,1587,1,14,5,1,5
2016200124384,1,9,0,18,0,0,0,4,0,0,1,1,6,1,77,11,1596,1,14,5,1,5
2016200124384,2,9,0,2,0,0,0,0,0,0,1,1,6,1,48,8,-1,-1,-1,2,1,2
2016200124384,3,9,0,2,0,0,0,0,0,0,3,1,6,3,-1,-1,1399,2,10,2,1,2
2016200124384,4,9,0,18,0,0,0,0,0,0,3,1,6,1,36,7,998,1,15,5,1,5
2016200124387,1,3,0,18,0,1,0,0,0,0,2,1,6,1,23,5,125,1,3,2,1,2
2016200124387,2,9,0,3,0,1,0,0,0,0,1,1,6,3,-1,-1,1587,1,12,-1,-1,-1
2016200124399,1,9,0,18,0,0,0,0,0,0,1,1,1,1,25,5,-1,-1,-1,4,1,4
2016200124399,2,9,0,18,0,0,0,0,0,0,2,1,1,1,36,7,1560,2,5,7,1,7
2016200124429,1,1,0,16,0,3,0,0,0,0,4,1,1,1,-1,-1,-1,-1,-1,-1,-1,-1
2016200124429,2,9,0,16,0,3,0,0,0,0,3,1,6,1,71,10,1999,1,7,5,1,5
2016200124442,1,9,0,5,0,0,0,0,0,0,3,1,6,1,64,9,998,1,13,5,1,5
2016200124442,2,9,0,18,0,0,0,0,0,0,4,1,6,1,45,7,1364,1,2,-1,-1,-1
2016200124449,1,3,0,18,0,1,1,0,0,0,0,1,1,1,24,5,124,1,14,10,1,10
2016200124449,2,9,0,5,0,6,0,0,0,0,0,1,1,1,63,9,1951,2,15,3,1,3
2016200124534,1,9,0,9,0,6,0,0,0,0,1,1,6,1,18,4,1248,2,9,2,1,2
2016200124534,2,9,0,18,0,8,0,0,0,0,3,1,2,2,35,6,1998,1,1,6,3,6
2016200124542,1,23,0,18,0,0,1,0,0,0,2,1,6,1,57,9,198,1,14,4,1,4
2016200124542,2,23,0,18,0,0,0,0,0,0,1,1,6,1,47,8,244,1,10,8,1,8
2016200124543,1,9,0,18,0,8,0,0,0,0,3,1,2,2,20,4,999,1,-1,7,1,7
2016200124543,2,9,0,18,0,8,0,0,0,0,1,1,2,1,34,6,1198,1,4,10,1,10
2016200124569,1,9,0,18,0,0,0,0,0,0,3,1,6,1,24,5,2494,1,18,8,1,8
2016200124569,2,9,0,18,0,0,0,0,0,0,4,1,6,2,29,6,1399,2,13,-1,-1,-1
2016200124572,1,9,0,5,0,4,0,0,0,0,2,1,6,1,25,5,1248,2,8,3,1,3
2016200124572,2,9,0,5,0,4,0,0,0,0,1,1,6,3,-1,-1,1389,1,11,-1,-1,-1
2016200124619,1,20,0,11,0,0,0,0,0,0,4,1,1,1,45,7,-1,-1,-1,-1,-1,-1
2016200124619,2,9,0,16,0,0,0,0,4,0,3,1,3,1,30,6,1360,1,7,6,1,6
2016200124620,1,9,0,13,0,1,0,0,0,0,4,1,6,3,82,11,1968,2,9,1,1,1
2016200124620,2,9,0,9,0,1,0,0,0,0,3,1,6,2,53,8,3800,1,5,7,1,7
2016200124633,1,9,0,18,0,0,0,0,0,0,1,1,6,1,81,11,1124,1,14,5,1,5
2016200124633,2,9,0,3,0,0,0,0,0,0,2,1,6,1,39,7,1799,1,8,5,1,5
2016200124633,3,9,0,3,0,0,0,0,0,0,2,1,6,1,46,8,1956,2,2,9,1,9
2016200124657,1,9,0,17,0,8,0,0,1,4,1,1,2,2,25,5,-1,-1,-1,3,1,3
2016200124680,1,9,0,16,0,2,0,0,0,0,1,1,6,3,-1,-1,-1,-1,-1,-1,-1,-1
2016200124687,1,9,0,14,0,0,1,0,0,0,1,1,6,1,-1,-1,1242,1,17,4,1,4
2016200124687,2,9,0,14,0,0,0,0,0,0,0,1,6,1,-1,-1,-1,-1,-1,-1,-1,-1
2016200124687,3,9,0,4,0,0,0,10,0,0,3,1,6,1,41,7,1798,1,9,3,1,3
2016200124691,1,9,0,4,0,1,0,0,0,0,1,1,6,2,27,6,1598,2,3,2,1,2
2016200124711,1,9,0,9,0,2,0,0,0,0,0,1,1,3,-1,-1,-1,-1,-1,-1,-1,-1
2016200124721,1,97,0,18,0,8,1,0,0,0,1,1,6,1,32,6,-1,-1,-1,1,1,1
2016200124721,2,9,0,9,0,5,0,0,0,0,4,1,2,1,54,8,1998,2,13,2,1,2
2016200124748,1,1,0,18,0,8,0,0,0,0,1,1,6,1,14,3,-1,-1,-1,2,1,2
2016200124748,2,9,0,18,0,1,0,0,0,0,0,1,1,1,44,7,1956,2,2,3,1,3
2016200124748,3,9,0,18,0,8,0,0,0,0,4,1,6,1,55,8,1596,1,1,2,1,2
2016200124768,1,21,1,18,0,0,1,0,0,0,2,1,6,1,33,6,12740,2,1,9,3,9
2016200124768,2,21,0,18,0,0,0,0,0,0,1,1,6,1,68,10,12740,2,-1,8,1,8
2016200124768,3,9,0,18,0,0,0,0,0,0,2,1,6,1,47,8,-1,-1,-1,1,1,1
2016200124768,4,9,0,18,0,0,0,0,0,0,2,1,6,1,51,8,1870,2,10,8,3,8
2016200124768,5,9,0,18,0,0,0,0,0,0,3,1,6,2,28,6,1242,1,5,6,1,6
2016200124768,6,9,0,18,0,0,0,0,0,0,2,1,6,1,51,8,1997,2,6,5,1,5
2016200124768,7,9,0,18,0,0,0,0,0,0,1,1,6,1,21,5,-1,-1,-1,-1,-1,-1
2016200124775,1,5,0,13,0,8,0,0,0,0,1,1,2,1,53,8,599,1,14,5,1,5
2016200124775,2,9,0,9,0,6,0,0,0,0,1,1,2,2,56,9,996,1,5,1,1,1
2016200124775,3,9,0,18,0,1,0,0,0,0,1,1,2,2,47,8,2143,2,2,6,1,6
2016200124783,1,9,0,7,0,1,0,0,0,0,4,1,1,1,33,6,2429,1,10,5,1,5
2016200124783,2,3,0,7,0,1,0,0,0,0,3,1,1,1,27,6,125,1,2,5,1,5
2016200124792,1,9,0,5,0,7,0,0,0,0,1,1,1,1,48,8,-1,-1,-1,1,1,1
2016200124792,2,9,0,5,0,7,0,0,0,0,2,1,1,1,45,7,999,1,-1,1,1,1
2016200124838,1,19,4,5,0,0,0,0,0,0,2,1,1,1,56,9,2198,2,1,2,1,2
2016200124841,1,9,0,11,0,0,0,0,0,0,1,1,6,3,-1,-1,1360,1,10,-1,-1,-1
2016200124841,2,9,0,18,0,0,0,10,0,0,1,1,1,2,19,4,1248,2,2,4,1,4
2016200124876,1,98,0,9,0,6,0,0,0,0,1,1,1,2,-1,-1,-1,-1,-1,-1,-1,-1
2016200124891,1,9,0,1,0,6,0,0,0,0,2,1,1,3,-1,-1,-1,-1,-1,-1,-1,-1
2016200124913,1,9,0,18,0,8,0,0,0,0,1,1,6,1,40,7,-1,-1,-1,1,1,1
2016200124913,2,9,0,4,0,8,0,0,0,0,2,1,6,1,29,6,1968,2,11,3,1,3
2016200124913,3,9,0,3,0,1,0,0,0,0,0,1,1,1,35,6,1598,2,1,1,1,1
2016200124935,1,3,0,14,0,2,0,0,0,0,1,1,6,1,23,5,125,1,11,3,1,3
2016200124935,2,3,0,14,0,1,0,4,0,0,1,1,6,1,27,6,125,1,15,3,1,3
2016200124935,3,9,0,2,0,2,0,0,0,0,2,1,6,3,-1,-1,998,1,15,-1,-1,-1
2016200124942,1,9,0,14,0,0,0,0,0,0,1,1,6,2,58,9,998,1,4,7,1,7
2016200124958,1,9,0,2,0,0,0,0,0,0,3,1,6,3,-1,-1,1995,2,11,-1,-1,-1
2016200124958,2,1,0,18,9,0,0,0,0,0,0,1,6,1,15,3,-1,-1,-1,1,1,1
2016200125003,1,9,0,18,0,0,0,0,0,0,1,1,6,2,25,5,1598,2,5,3,1,3
2016200125003,2,9,0,6,0,0,0,0,0,0,1,1,1,1,39,7,1598,2,3,2,1,2
2016200125107,1,21,0,9,0,6,0,0,0,0,2,1,6,1,44,7,14190,2,18,5,1,5
2016200125107,2,9,0,18,0,8,0,0,0,0,1,1,6,2,23,5,998,1,13,3,1,3
2016200125137,1,9,0,18,0,0,0,4,0,0,4,1,6,3,-1,-1,1229,1,9,-1,-1,-1
2016200125137,2,9,0,2,0,0,0,0,0,0,4,1,3,2,41,7,1998,2,6,1,1,1
2016200125146,1,9,0,18,0,0,0,0,0,0,1,1,6,2,38,7,1896,2,12,1,1,1
2016200125146,2,9,0,4,0,0,0,0,0,0,2,1,6,2,23,5,1400,2,9,3,1,3
2016200125183,1,9,0,9,0,5,0,0,0,0,1,1,1,1,46,8,-1,-1,-1,2,1,2
2016200125183,2,1,0,18,0,2,0,0,0,0,3,1,6,1,37,7,-1,-1,-1,2,1,2
2016200125184,1,9,0,18,0,0,0,0,0,0,1,1,6,1,37,7,2993,2,5,1,1,1
2016200125236,1,9,0,14,0,2,1,4,0,0,1,1,6,1,20,4,1124,1,15,1,1,1
2016200125236,2,9,0,18,0,1,0,0,0,0,1,1,6,2,45,7,1461,2,5,4,1,4
2016200125236,3,9,0,2,0,2,0,0,0,0,3,1,6,1,64,9,1199,1,17,2,1,2
2016200125238,1,9,0,9,0,8,0,0,0,0,4,1,6,3,-1,-1,1149,1,15,-1,-1,-1
2016200125238,2,9,0,18,0,8,0,0,0,0,4,1,6,1,54,8,1598,1,2,9,1,9
2016200125260,1,9,0,9,0,6,0,0,0,0,1,1,1,2,25,5,1229,1,4,4,1,4
2016200125260,2,11,0,4,0,8,0,0,0,0,4,1,1,1,66,10,8268,2,14,3,1,3
2016200125281,1,9,0,14,0,0,0,0,0,0,1,1,6,1,18,4,1499,2,-1,7,1,7
2016200125281,2,9,0,18,0,0,1,0,0,0,3,1,6,2,27,6,1587,1,14,3,1,3
2016200125281,3,9,0,18,0,0,0,10,0,0,4,1,6,2,27,6,1968,2,-1,3,1,3
2016200125281,4,9,0,18,0,0,0,0,0,0,0,1,1,1,-1,-1,-1,-1,-1,2,1,2
2016200125302,1,9,0,5,0,6,0,0,0,0,1,1,1,1,47,8,1461,2,1,2,1,2
2016200125302,2,1,0,18,4,8,5,0,0,0,4,1,2,2,53,8,-1,-1,-1,8,1,8
2016200125347,1,9,0,4,0,1,0,0,0,0,4,1,1,1,56,9,1968,2,10,4,1,4
2016200125372,1,9,0,18,0,6,0,0,0,0,0,1,1,3,-1,-1,-1,-1,-1,-1,-1,-1
2016200125372,2,9,0,18,0,2,0,0,0,0,2,1,6,1,37,7,1991,1,16,1,1,1
2016200125391,1,9,0,9,0,5,0,0,0,0,4,1,6,1,20,4,1197,1,2,6,1,6
2016200125391,2,9,0,18,0,8,0,0,0,0,1,1,6,1,-1,-1,1896,2,14,-1,-1,-1
2016200125407,1,9,0,18,0,1,0,0,0,0,1,1,1,1,34,6,1781,1,12,1,1,1
2016200125450,1,9,0,5,0,6,0,0,0,0,1,1,6,3,-1,-1,-1,-1,-1,-1,-1,-1
2016200125450,2,9,0,18,0,8,0,0,0,0,4,1,6,1,24,5,1242,1,4,1,1,1
2016200125453,1,9,0,18,0,4,0,0,0,0,1,1,1,2,29,6,1198,1,5,1,1,1
2016200125453,2,9,0,18,0,8,2,0,0,0,4,1,1,1,28,6,-1,-1,-1,4,1,4
2016200125470,1,9,0,18,0,6,0,0,0,0,1,1,6,1,41,7,999,1,-1,4,1,4
2016200125470,2,3,0,13,0,8,0,0,0,0,1,1,6,1,28,6,124,1,-1,2,1,2
2016200125488,1,9,0,1,9,2,0,0,0,0,2,1,1,1,41,7,1199,1,12,2,1,2
2016200125548,1,9,0,18,0,1,0,0,0,0,3,1,6,3,-1,-1,1686,2,14,-1,-1,-1
2016200125548,2,9,0,18,0,2,0,4,0,0,1,1,6,1,26,6,1596,1,9,1,1,1
2016200125548,3,9,0,2,0,1,0,4,0,0,3,1,6,2,-1,-1,-1,-1,-1,-1,-1,-1
2016200125548,4,9,0,2,0,1,0,4,0,0,1,1,6,1,-1,-1,1386,1,6,-1,-1,-1
2016200125548,5,9,0,2,0,1,0,0,0,0,1,1,6,3,-1,-1,1995,2,8,-1,-1,-1
2016200125557,1,9,0,18,0,4,0,0,0,0,1,1,6,3,-1,-1,1598,1,11,4,1,4
2016200125557,2,9,0,18,0,8,0,0,0,0,4,1,6,2,32,6,-1,-1,-1,2,1,2
2016200125560,1,9,0,18,0,0,0,0,0,0,4,1,6,1,46,8,1998,7,11,2,1,2
2016200125750,1,9,0,3,0,1,0,0,0,0,2,1,6,1,31,6,1595,1,9,2,1,2
2016200125750,2,9,0,18,0,1,0,0,0,0,1,1,6,3,-1,-1,1242,1,9,-1,-1,-1
2016200125753,1,98,0,5,0,6,0,0,0,0,4,1,6,3,-1,-1,-1,-1,-1,-1,-1,-1
2016200125753,2,9,0,17,0,8,0,0,1,0,4,1,6,2,64,9,1193,1,2,10,1,10
2016200125754,1,9,0,18,0,1,0,0,0,0,1,1,6,3,30,6,1995,2,10,-1,-1,-1
2016200125754,2,9,0,3,0,1,0,0,0,0,2,1,5,2,36,7,1598,1,11,2,1,2
2016200125778,1,11,0,18,0,0,0,0,0,0,0,1,6,3,30,6,-1,-1,-1,-1,-1,-1
2016200125788,1,9,0,18,0,1,0,0,0,0,1,1,6,2,27,6,1388,1,14,4,1,4
2016200125788,2,9,0,8,0,1,0,0,0,0,2,1,1,2,48,8,1598,1,10,1,1,1
2016200125808,1,9,0,18,0,8,1,0,0,0,1,1,6,3,-1,-1,1229,1,11,2,1,2
2016200125808,2,9,0,18,0,8,0,0,0,0,1,1,6,2,23,5,1390,1,1,1,1,1
2016200125821,1,9,0,18,0,1,0,0,0,0,1,1,6,3,-1,-1,2199,2,-1,8,1,8
2016200125821,2,9,0,3,0,1,0,0,0,0,2,1,6,1,53,8,1998,1,17,1,1,1
2016200125822,1,9,0,18,0,4,0,9,7,11,1,1,6,1,27,6,1360,1,11,1,1,1
2016200125839,1,9,0,18,0,4,0,0,0,0,1,1,2,2,45,7,999,1,-1,4,1,4
2016200125839,2,1,0,18,0,3,0,0,0,0,4,1,2,1,37,7,-1,-1,-1,1,1,1
2016200125870,1,9,0,18,0,0,0,4,0,0,1,1,6,1,81,11,1248,2,7,9,1,9
2016200125870,2,9,0,2,0,0,0,0,0,0,2,1,6,1,63,9,1339,1,1,9,1,9
2016200125875,1,9,0,11,0,0,0,0,5,0,3,1,6,2,17,4,1242,1,-1,10,1,10
2016200125875,2,9,0,13,0,0,0,0,0,0,0,1,6,3,-1,-1,-1,-1,-1,-1,-1,-1
2016200125879,1,9,0,9,0,6,0,0,0,0,1,1,6,1,82,11,898,1,2,7,1,7
2016200125879,2,9,0,18,0,8,0,0,0,0,1,1,2,1,46,8,1560,2,5,7,1,7
2016200125880,1,9,0,18,0,8,0,0,0,0,1,1,6,3,-1,-1,2497,2,17,-1,-1,-1
2016200125880,2,9,0,18,0,8,0,0,0,0,2,1,6,1,28,6,1995,1,8,6,1,6
2016200125913,1,9,0,18,0,0,0,0,0,0,1,1,6,2,37,7,2199,1,20,4,1,4
2016200125942,1,9,0,18,0,0,0,0,0,0,1,1,6,1,-1,-1,1995,2,9,2,1,2
2016200125958,1,-1,0,-1,0,0,0,-1,-1,0,-1,1,6,3,-1,-1,-1,-1,-1,-1,-1,-1
2016200125995,1,9,0,18,0,0,1,0,0,0,1,1,6,1,46,8,-1,-1,-1,1,1,1
2016200125995,2,9,0,18,0,0,0,0,0,0,1,1,6,1,46,8,-1,-1,-1,7,1,7
2016200125995,3,9,0,18,0,0,0,0,0,0,1,1,6,2,18,4,999,1,3,7,3,7
2016200125995,4,19,0,18,0,0,0,0,0,0,2,1,6,1,41,7,2143,2,5,6,1,6
2016200125995,5,9,0,18,0,0,0,0,0,0,2,1,6,1,55,8,-1,-1,-1,-1,-1,-1
2016200126006,1,21,0,5,0,0,0,0,0,0,1,1,1,3,44,7,12580,2,10,3,1,3
2016200126034,1,9,0,1,9,0,0,0,0,0,2,1,6,3,-1,-1,1086,1,12,-1,-1,-1
2016200126062,1,9,0,18,0,8,0,0,0,0,0,1,3,1,25,5,1598,1,12,2,1,2
2016200126062,2,9,0,18,0,6,0,0,0,0,1,1,3,2,-1,-1,2354,1,13,2,1,2
2016200126091,1,9,0,3,0,1,0,0,0,0,1,1,6,1,37,7,1998,2,9,2,1,2
2016200126091,2,9,0,12,0,1,0,0,0,0,2,1,6,3,-1,-1,-1,-1,-1,2,1,2
2016200126151,1,98,1,12,0,0,0,0,0,0,3,1,1,1,52,8,-1,-1,-1,-1,-1,-1
2016200126151,2,9,0,18,0,0,2,0,0,0,4,1,6,2,26,6,1360,1,15,3,1,3
2016200126194,1,9,0,4,0,1,0,0,0,0,1,1,6,1,-1,-1,1248,1,6,-1,-1,-1
2016200126194,2,1,0,18,0,1,0,0,0,0,1,1,6,2,8,2,-1,-1,-1,1,1,1
2016200126300,1,9,0,12,0,0,0,0,0,0,-1,1,6,1,38,7,2987,2,9,3,1,3
2016200126300,2,9,0,18,0,0,0,0,0,0,-1,1,6,1,22,5,2987,2,5,5,1,5
2016200126300,3,9,0,18,0,0,0,0,0,0,-1,1,6,1,33,6,-1,-1,-1,-1,1,-1
2016200126348,1,19,0,9,0,5,0,0,0,0,1,1,1,1,51,8,2198,2,-1,-1,-1,-1
2016200126348,2,3,0,18,0,8,0,0,1,0,3,1,1,1,41,7,124,1,10,1,1,1
2016200126356,1,3,0,13,0,1,1,0,0,0,4,1,6,1,25,5,124,1,1,3,1,3
2016200126356,2,97,0,7,0,1,1,0,0,0,1,1,6,3,-1,-1,-1,-1,-1,-1,-1,-1
2016200126356,3,9,0,8,0,1,0,0,0,0,3,1,6,2,56,9,1461,2,8,4,1,4
2016200126356,4,9,0,2,0,1,0,0,0,0,0,1,1,1,-1,-1,2993,2,-1,1,1,1
2016200126450,1,9,0,13,0,0,0,0,0,0,1,1,6,1,22,5,1998,2,12,2,1,2
2016200126450,2,9,0,18,0,0,0,0,0,0,1,1,6,1,67,10,2295,1,14,1,1,1
2016200126558,1,9,0,18,0,0,0,0,0,0,1,1,6,1,26,6,2143,2,-1,4,1,4
2016200126558,2,9,0,18,0,0,0,0,0,0,2,1,6,1,41,7,1991,1,-1,2,1,2
2016200126579,1,9,0,7,0,6,0,0,0,0,1,1,6,3,-1,-1,-1,-1,-1,-1,-1,-1
2016200126579,2,9,0,18,0,8,0,0,0,0,4,1,1,2,45,7,999,1,2,2,1,2
2016200126598,1,9,0,7,0,5,0,7,1,0,1,1,6,1,33,6,1560,2,7,2,1,2
2016200126626,1,9,0,18,0,2,0,0,0,0,1,1,6,3,-1,-1,-1,-1,-1,-1,-1,-1
2016200126627,1,9,0,5,0,6,0,0,0,0,1,1,6,1,18,4,1595,1,10,2,1,2
2016200126627,2,9,0,17,0,8,0,0,0,0,1,1,6,2,54,8,1598,1,5,2,1,2
2016200126636,1,9,0,18,0,0,0,0,0,0,1,1,6,2,41,7,1587,1,15,4,3,4
2016200126636,2,9,0,18,0,0,0,0,0,0,2,1,6,2,59,9,-1,-1,-1,-1,1,-1
2016200126636,3,9,0,18,0,0,0,0,0,0,4,1,6,1,20,4,-1,-1,-1,1,1,1
2016200126681,1,19,0,5,0,4,0,0,0,0,1,1,1,1,30,6,2198,2,-1,1,1,1
2016200126681,2,9,0,9,0,3,0,0,0,0,4,1,6,1,51,8,2979,1,1,7,1,7