Accident_Index,Vehicle_Reference,Vehicle_Type,Towing_and_Articulation,Vehicle_Manoeuvre,Vehicle_Location-Restricted_Lane,Junction_Location,Skidding_and_Overturning,Hit_Object_in_Carriageway,Vehicle_Leaving_Carriageway,Hit_Object_off_Carriageway,1st_Point_of_Impact,Was_Vehicle_Left_Hand_Drive?,Journey_Purpose_of_Driver,Sex_of_Driver,Age_of_Driver,Age_Band_of_Driver,Engine_Capacity_(CC),Propulsion_Code,Age_of_Vehicle,Driver_IMD_Decile,Driver_Home_Area_Type,Vehicle_IMD_Decile
2016200133313,1,3,0,18,0,8,0,0,0,0,3,1,2,2,22,5,124,1,14,-1,-1,-1
2016200133313,2,9,0,1,0,8,0,0,0,0,2,1,6,1,-1,-1,1896,2,12,4,1,4
2016200133327,1,9,0,1,0,2,0,0,0,0,4,1,6,1,-1,-1,1995,2,8,3,1,3
2016200133336,1,98,1,12,0,0,0,0,0,0,1,1,1,3,-1,-1,-1,-1,-1,-1,-1,-1
2016200133336,2,9,0,18,0,0,0,0,0,0,3,1,1,2,30,6,1360,1,13,1,1,1
2016200133440,1,9,0,18,0,1,0,0,0,0,1,1,6,1,38,7,1956,2,5,2,1,2
2016200133440,2,9,0,3,0,1,0,0,0,0,2,1,6,2,32,6,2148,2,7,4,1,4
2016200133441,1,9,0,18,0,1,0,0,0,0,1,1,6,1,38,7,1797,8,6,3,1,3
2016200133449,1,9,0,1,0,6,0,0,0,0,2,1,5,1,38,7,2993,2,2,9,1,9
2016200133449,2,5,0,18,0,8,0,0,0,0,1,1,5,1,26,6,-1,-1,-1,3,1,3
2016200133458,1,9,0,18,0,1,0,0,0,0,1,1,6,1,34,6,1390,1,12,3,1,3
2016200133460,1,9,0,18,0,6,0,0,0,0,1,1,6,1,42,7,2143,2,2,1,1,1
2016200133460,2,9,0,9,0,8,0,0,0,0,4,1,6,1,39,7,1596,1,10,2,1,2
2016200133460,3,9,0,3,0,1,0,0,0,0,1,1,6,1,49,8,1968,2,3,2,1,2
2016200133507,1,9,0,18,0,6,0,0,0,0,1,1,1,2,26,6,1598,1,3,1,1,1
2016200133507,2,9,0,9,0,6,0,0,0,0,1,1,1,1,25,5,1598,2,6,2,1,2
2016200133519,1,11,0,18,0,0,0,0,0,0,2,1,1,3,-1,-1,-1,-1,-1,-1,-1,-1
2016200133519,2,1,0,18,0,0,0,0,0,0,2,1,6,1,-1,-1,-1,-1,-1,-1,-1,-1
2016200133561,1,9,0,5,0,1,0,0,0,0,1,1,6,1,-1,-1,-1,-1,-1,-1,-1,-1
2016200133562,1,9,0,17,0,0,0,0,1,4,1,1,6,1,19,4,1198,1,7,4,1,4
2016200133562,2,9,0,17,0,0,0,0,0,0,0,1,1,1,34,6,1956,2,1,7,1,7
2016200133576,1,90,0,9,0,1,0,0,0,0,0,1,1,1,-1,-1,-1,-1,-1,-1,-1,-1
2016200133616,1,9,0,18,0,6,0,0,0,0,1,1,6,1,-1,-1,1753,2,16,-1,-1,-1
2016200133616,2,9,0,18,0,8,0,10,1,0,3,1,6,1,37,7,2967,2,1,1,1,1
2016200133637,1,9,0,2,0,1,0,0,0,0,4,1,3,3,-1,-1,1386,1,9,-1,-1,-1
2016200133637,2,1,0,18,0,1,0,8,0,0,1,1,1,2,21,5,-1,-1,-1,6,1,6
2016200133638,1,9,0,18,0,0,0,0,0,0,1,1,6,1,38,7,1560,2,9,1,1,1
2016200133638,2,9,0,18,0,0,0,0,0,0,2,1,6,2,31,6,1461,2,-1,2,1,2
2016200133686,1,9,0,18,0,1,0,0,0,0,1,1,6,3,-1,-1,1124,1,14,-1,-1,-1
2016200133686,2,21,0,3,0,1,0,0,0,0,2,1,1,1,39,7,-1,2,16,1,1,1
2016200133760,1,9,0,18,0,1,0,0,0,0,1,1,6,3,-1,-1,1560,2,10,-1,-1,-1
2016200133760,2,9,0,3,0,1,0,0,0,0,2,1,6,2,23,5,1395,1,2,1,1,1
2016200133786,1,19,0,2,0,0,0,0,0,0,0,1,6,1,44,7,2179,2,13,5,1,5
2016200133786,2,9,0,18,0,0,0,0,0,0,4,1,4,2,-1,-1,1968,2,9,1,1,1
2016200133799,1,19,0,18,0,0,1,0,0,0,1,1,1,1,23,5,2143,2,5,8,1,8
2016200133799,2,9,0,4,0,0,0,10,1,4,2,1,6,1,63,9,1998,2,13,4,1,4
2016200133818,1,9,0,9,0,5,0,0,0,0,1,1,3,2,38,7,1999,1,7,-1,-1,-1
2016200133818,2,9,0,18,0,8,0,0,0,0,1,1,6,1,28,6,1896,2,11,2,1,2
2016200133866,1,9,0,18,0,0,0,0,0,0,4,1,1,1,-1,-1,1598,1,14,-1,-1,-1
2016200133866,2,9,0,4,0,0,0,0,0,0,3,1,4,2,-1,-1,1598,1,11,6,1,6
2016200133991,1,19,0,7,9,5,0,0,0,0,2,1,1,1,29,6,2148,2,7,2,1,2
2016200134006,1,9,0,18,0,1,0,0,0,0,1,1,6,1,31,6,2179,2,5,1,1,1
2016200134013,1,3,0,9,0,5,0,0,0,0,1,1,6,1,29,6,125,1,1,10,1,10
2016200134013,2,11,0,18,0,8,0,0,0,0,1,1,1,1,56,9,8268,2,14,1,1,1
2016200134023,1,9,0,18,0,0,1,0,0,0,1,1,6,1,26,6,1896,2,14,3,1,3
2016200134211,1,9,0,18,0,0,1,0,0,0,1,1,1,1,24,5,1199,1,15,9,1,9
2016200134211,2,9,0,18,0,0,0,0,0,0,3,1,1,2,49,8,1598,2,-1,-1,-1,-1
2016200134211,3,9,0,18,0,0,0,0,0,0,1,1,6,1,65,9,1998,1,11,6,3,6
2016200134211,4,9,0,18,0,0,0,0,4,0,3,1,1,2,23,5,1299,1,10,3,1,3
2016200134243,1,9,0,18,0,0,0,0,0,0,1,1,6,3,-1,-1,1968,1,11,-1,-1,-1
2016200134243,2,9,0,5,0,0,0,0,0,0,2,1,6,1,31,6,1896,2,15,3,1,3
2016200134243,3,9,0,2,0,0,0,0,0,0,2,1,6,1,45,7,1968,2,10,1,1,1
2016200134314,1,9,0,18,0,0,0,0,0,0,2,1,6,1,29,6,-1,-1,-1,1,1,1
2016200134314,2,9,0,18,0,0,0,0,0,0,1,1,6,1,26,6,1149,1,5,1,1,1
2016200134367,1,9,0,4,0,4,0,0,0,0,1,1,6,2,20,4,1199,1,13,2,1,2
2016200134367,2,9,0,18,0,3,0,0,0,0,1,1,6,1,27,6,1598,1,10,6,1,6
2016200134388,1,9,0,18,0,1,0,0,0,0,1,1,6,3,-1,-1,1799,1,6,-1,-1,-1
2016200134388,2,9,0,3,0,1,0,0,0,0,2,1,6,1,34,6,1461,2,12,1,1,1
2016200134708,1,9,0,9,0,5,0,0,0,0,1,1,1,1,39,7,1149,1,4,1,1,1
2016200134708,2,1,0,18,0,8,0,0,0,0,1,1,6,1,35,6,-1,-1,-1,1,1,1
2016200134726,1,9,0,18,0,4,0,0,1,10,3,1,2,2,22,5,998,1,6,1,1,1
2016200134726,2,9,0,18,0,4,0,0,0,0,1,1,6,1,35,6,1390,2,13,6,1,6
2016200134727,1,9,0,18,0,0,0,0,0,0,1,1,6,3,-1,-1,-1,-1,-1,-1,-1,-1
2016200134727,2,9,0,4,0,0,0,0,0,0,2,1,6,1,-1,-1,-1,-1,-1,4,1,4
2016200134727,3,19,0,3,0,0,0,0,0,0,2,1,6,1,26,6,1998,2,15,1,1,1
2016200134737,1,9,0,17,0,0,0,-1,-1,0,-1,1,6,1,40,7,5461,1,2,7,1,7
2016200134741,1,9,0,18,0,1,0,0,0,0,1,1,5,1,31,6,2143,2,-1,2,1,2
2016200134741,2,9,0,3,0,1,0,0,0,0,1,1,1,1,43,7,-1,-1,-1,2,1,2
2016200134741,3,9,0,18,0,1,0,0,0,0,2,1,5,1,28,6,-1,-1,-1,1,1,1
2016200134743,1,9,0,6,0,8,0,0,0,0,1,1,6,1,22,5,995,1,6,2,1,2
2016200134743,2,9,0,18,0,8,0,0,0,0,4,1,1,1,49,8,1997,2,5,-1,-1,-1
2016200134758,1,9,0,18,0,1,0,0,0,0,1,1,6,3,-1,-1,1388,1,15,1,1,1
2016200134758,2,9,0,3,0,2,0,0,0,0,3,1,6,1,28,6,1968,2,10,1,1,1
2016200134760,1,9,0,14,0,0,0,0,0,0,1,1,6,1,28,6,-1,-1,-1,1,1,1
2016200134767,1,9,0,18,0,0,0,4,0,0,1,1,6,1,44,7,2204,2,9,8,1,8
2016200134767,2,9,0,2,0,0,0,0,0,0,3,1,6,1,26,6,1995,2,12,1,1,1
2016200134769,1,9,0,11,0,1,0,0,0,0,4,1,6,1,48,8,1242,1,4,1,1,1
2016200134769,2,9,0,3,0,1,0,0,0,0,3,1,1,1,42,7,-1,-1,-1,2,1,2
2016200134808,1,9,0,18,0,0,1,4,0,0,1,1,6,1,36,7,1598,1,9,1,1,1
2016200134808,2,9,0,2,9,0,0,0,0,0,1,1,6,1,-1,-1,1968,2,1,-1,-1,-1
2016200134808,3,9,0,2,9,0,0,0,0,0,1,1,6,1,-1,-1,998,1,9,-1,-1,-1
2016200134811,1,9,0,9,0,5,0,0,0,0,4,1,6,1,25,5,1598,1,11,6,1,6
2016200134811,2,3,0,18,0,8,0,0,0,0,1,1,6,1,21,5,124,1,3,4,1,4
2016200134831,1,21,0,18,0,0,1,7,0,0,3,1,6,1,53,8,12780,2,10,1,1,1
2016200134831,2,9,1,13,0,0,0,0,0,0,1,1,1,2,78,11,1598,2,4,9,1,9
2016200134835,1,9,0,18,0,8,1,0,0,0,1,1,6,3,-1,-1,1598,1,13,-1,-1,-1
2016200134835,2,9,0,7,0,5,0,0,0,0,2,1,6,2,30,6,1995,2,3,2,1,2
2016200134857,1,9,0,9,0,1,0,0,0,0,1,1,1,1,-1,-1,1497,8,8,1,1,1
2016200134858,1,9,0,18,0,1,0,0,0,0,1,1,6,3,-1,-1,1242,1,9,-1,-1,-1
2016200134858,2,9,0,3,0,1,0,0,0,0,2,1,6,2,54,8,1598,1,1,3,1,3
2016200134922,1,9,0,18,0,8,0,0,0,0,1,1,6,2,-1,-1,1149,1,10,9,3,9
2016200134922,2,9,0,1,0,6,0,0,0,0,3,1,6,2,26,6,1995,2,1,8,1,8
2016200134941,1,9,0,18,0,8,0,0,0,0,3,1,5,1,23,5,973,1,15,8,1,8
2016200134941,2,9,0,18,0,8,0,0,0,0,1,1,5,1,25,5,1124,1,11,10,1,10
2016200134948,1,9,0,17,0,6,0,0,0,0,3,1,6,2,26,6,1995,2,2,10,1,10
2016200134948,2,9,0,18,0,8,0,0,0,0,1,1,6,1,42,7,1299,1,17,4,1,4
2016200134954,1,9,0,18,0,4,0,0,0,0,3,1,6,1,47,8,1968,2,3,7,1,7
2016200134954,2,9,0,5,0,4,0,0,0,0,1,1,6,1,78,11,1749,1,13,1,1,1
2016200134983,1,9,0,18,0,4,1,9,3,0,1,1,6,3,-1,-1,2987,2,7,-1,-1,-1
2016200134983,2,9,0,18,0,1,0,0,0,0,0,1,6,1,-1,-1,2993,2,2,1,1,1
2016200134983,3,9,0,18,0,1,0,0,0,0,1,1,6,3,-1,-1,2987,2,7,-1,-1,-1
2016200134986,1,9,0,9,0,6,0,0,0,0,1,1,6,1,47,8,1598,1,13,2,1,2
2016200134986,2,9,0,18,0,8,0,0,0,0,1,1,6,1,27,6,1796,1,7,2,1,2
2016200134999,1,9,0,18,0,1,0,0,0,0,1,1,1,1,47,8,1997,2,1,9,1,9
2016200135140,1,9,0,18,0,0,0,7,4,6,1,1,1,1,52,8,1796,1,12,-1,-1,-1
2016200135229,1,9,0,7,0,5,0,10,7,2,1,2,6,1,29,6,2143,2,4,2,1,2
2016200135253,1,9,0,18,0,0,0,0,0,0,1,1,6,3,-1,-1,-1,-1,-1,-1,-1,-1
2016200135301,1,9,0,9,0,6,0,0,0,0,1,1,2,1,52,8,2198,2,9,1,1,1
2016200135301,2,3,0,18,0,8,0,0,0,0,1,1,2,1,29,6,125,1,-1,-1,-1,-1
2016200135330,1,9,0,5,0,0,0,0,0,0,2,1,6,1,28,6,1242,1,14,3,1,3
2016200135330,2,9,0,18,0,0,0,0,0,0,1,1,6,3,-1,-1,-1,-1,-1,-1,-1,-1
2016200135340,1,9,0,9,0,5,0,0,0,0,4,1,6,1,37,7,1796,7,11,4,1,4
2016200135340,2,9,0,18,0,8,0,0,0,0,1,1,6,1,22,5,1596,1,6,1,1,1
2016200135346,1,9,0,16,0,0,5,10,0,0,1,1,6,1,-1,-1,1299,1,12,-1,-1,-1
2016200135367,1,9,0,18,0,4,0,0,0,0,3,1,1,1,51,8,1598,1,9,6,1,6
2016200135367,2,9,0,18,0,8,0,0,0,0,1,1,6,1,18,4,2143,2,3,1,1,1
2016200135408,1,9,0,5,0,8,0,0,0,0,4,1,5,1,63,9,1199,1,16,2,1,2
2016200135408,2,9,0,18,0,8,0,0,0,0,1,1,5,1,44,7,2143,2,2,6,1,6
2016200135410,1,9,0,18,0,1,0,0,0,0,1,1,6,1,32,6,1781,1,16,7,1,7
2016200135410,2,9,0,18,0,2,0,0,0,0,4,1,6,2,37,7,1997,2,-1,2,1,2
2016200135463,1,9,0,16,0,5,0,0,0,0,1,1,6,2,34,6,1598,1,1,1,1,1
2016200135463,2,9,0,16,0,5,0,0,0,0,2,1,6,1,-1,-1,1968,2,1,1,1,1
2016200135463,3,9,0,16,0,5,0,0,0,0,2,1,6,2,-1,-1,1299,1,11,1,1,1
2016200135487,1,9,0,18,0,0,0,0,0,0,4,1,6,1,41,7,3222,2,12,5,1,5
2016200135490,1,19,0,9,0,8,0,0,0,0,1,1,1,1,-1,-1,2143,2,-1,2,1,2
2016200135490,2,9,0,18,0,8,0,0,0,0,1,1,6,1,58,9,1896,2,9,10,1,10
2016200135524,1,3,0,18,0,3,1,0,0,0,0,1,6,1,28,6,124,1,6,10,1,10
2016200135524,2,9,0,18,0,6,0,0,0,0,0,1,1,1,47,8,1686,2,9,7,1,7
2016200135536,1,9,0,11,0,1,0,0,0,0,1,1,6,1,44,7,1968,2,10,9,1,9
2016200135536,2,9,0,18,0,1,0,0,0,0,3,1,1,1,32,6,1910,2,10,1,1,1
2016200135555,1,9,0,11,0,1,0,0,0,0,2,1,6,3,-1,-1,2521,1,8,-1,-1,-1
2016200135555,2,9,0,3,0,1,0,0,0,0,3,1,6,2,30,6,1598,1,3,7,1,7
2016200135561,1,9,0,1,0,2,0,0,0,0,2,1,6,1,34,6,1242,1,8,3,1,3
2016200135589,1,9,0,18,0,1,0,0,0,0,1,1,6,3,-1,-1,1596,1,14,-1,-1,-1
2016200135589,2,9,0,3,0,1,0,0,0,0,2,1,1,2,47,8,1396,1,6,10,1,10
2016200135590,1,9,0,9,0,6,0,0,0,0,1,1,6,2,-1,-1,2000,2,12,2,1,2
2016200135590,2,1,0,18,0,8,0,0,0,0,3,1,1,2,22,5,-1,-1,-1,2,1,2
2016200135621,1,9,0,9,0,8,0,0,0,0,1,1,6,1,33,6,1796,1,13,1,1,1
2016200135621,2,9,0,3,0,8,0,0,0,0,4,1,5,2,22,5,1794,1,16,2,1,2
2016200135633,1,98,0,18,0,0,0,0,0,0,0,1,6,3,-1,-1,-1,-1,-1,-1,-1,-1
2016200135634,1,9,0,9,0,5,0,0,0,0,4,1,6,1,34,6,1991,2,8,2,1,2
2016200135681,1,9,0,7,0,6,0,0,0,0,1,1,1,1,47,8,1794,1,8,2,1,2
2016200135681,2,1,0,18,0,8,0,0,0,0,4,1,2,1,55,8,-1,-1,-1,2,1,2
2016200135687,1,9,0,18,0,1,0,4,7,11,1,1,6,1,22,5,1910,2,10,2,1,2
2016200135687,2,9,0,2,0,1,0,0,0,0,3,1,6,2,36,7,1968,2,9,2,1,2
2016200135694,1,9,0,9,0,6,0,0,0,0,0,1,6,1,71,10,1498,1,1,10,1,10
2016200135694,2,3,0,13,0,8,1,0,0,0,0,1,6,1,19,4,124,1,-1,5,1,5
2016200135698,1,9,0,18,0,0,0,0,0,0,1,1,6,1,35,6,1598,1,14,5,1,5
2016200135698,2,9,0,3,0,0,0,0,0,0,2,1,6,3,-1,-1,1560,2,7,-1,-1,-1
2016200135727,1,9,0,18,0,6,0,0,0,0,3,1,6,3,-1,-1,1896,2,13,-1,-1,-1
2016200135727,2,9,0,18,0,8,0,0,0,0,1,1,1,1,36,7,1997,2,8,2,1,2
2016200135782,1,9,0,18,0,0,0,10,7,2,4,1,6,2,19,4,998,1,10,2,1,2
2016200135792,1,9,0,18,0,1,1,0,0,0,1,1,6,3,-1,-1,1800,1,10,-1,-1,-1
2016200135792,2,9,0,3,0,1,0,0,0,0,2,1,6,1,37,7,-1,-1,-1,4,1,4
2016200135798,1,4,0,18,0,2,0,0,0,0,1,1,6,1,23,5,398,1,20,7,1,7
2016200135812,1,9,0,4,0,0,0,0,0,0,1,1,6,2,56,9,1968,2,-1,5,3,5
2016200135812,2,9,5,4,0,0,0,0,0,0,3,1,6,1,49,8,-1,-1,-1,5,1,5
2016200135987,1,9,0,1,0,0,0,0,0,0,2,1,6,3,-1,-1,-1,-1,-1,-1,-1,-1
2016200135991,1,9,0,18,0,1,0,0,0,0,1,1,6,3,30,6,1598,1,5,-1,-1,-1
2016200135991,2,9,0,3,0,1,0,0,0,0,3,1,5,1,20,4,1242,1,12,4,1,4
2016200135994,1,9,0,18,0,0,0,0,0,0,2,1,6,3,-1,-1,-1,-1,-1,-1,-1,-1
2016200135994,2,9,0,3,0,0,0,0,0,0,2,1,1,1,22,5,1398,1,-1,1,1,1
2016200135999,1,19,0,13,0,0,1,0,0,0,3,1,6,3,-1,-1,2198,2,-1,-1,-1,-1
2016200135999,2,9,0,4,0,0,0,0,0,0,3,1,2,2,30,6,1995,2,1,8,3,8
2016200136008,1,9,0,9,0,5,0,0,0,0,1,1,6,1,20,4,1399,2,12,1,1,1
2016200136008,2,9,0,18,0,8,0,10,1,1,1,1,2,1,28,6,2199,2,6,1,1,1
2016200136017,1,9,0,5,0,4,0,0,0,0,1,1,6,1,26,6,1995,2,-1,-1,-1,-1
2016200136017,2,9,0,18,0,3,0,0,0,0,4,1,2,2,50,8,1360,1,9,5,1,5
2016200136021,1,9,0,5,0,0,0,0,0,0,0,1,6,1,31,6,1461,2,4,4,1,4
2016200136058,1,9,0,17,0,1,1,10,1,11,1,1,6,1,41,7,-1,-1,-1,-1,-1,-1
2016200136058,2,9,0,2,9,8,0,0,0,0,1,1,6,1,-1,-1,1598,1,12,-1,-1,-1
2016200136068,1,9,0,18,0,6,0,0,0,0,1,1,6,3,-1,-1,2993,2,3,-1,-1,-1
2016200136068,2,9,0,9,0,5,0,0,0,0,3,1,6,1,30,6,1968,2,7,2,1,2
2016200136082,1,9,0,18,0,8,0,0,7,3,4,1,6,1,38,7,1762,1,17,1,1,1
2016200136082,2,9,0,18,0,8,0,0,0,0,2,1,6,3,-1,-1,-1,-1,-1,2,1,2
2016200136083,1,9,0,9,0,6,0,0,4,0,1,1,1,1,30,6,998,1,13,1,1,1
2016200136083,2,9,0,18,0,8,0,0,4,0,1,1,6,2,26,6,998,1,4,1,1,1
2016200136089,1,9,0,18,0,0,0,0,0,0,1,1,6,3,-1,-1,1900,2,11,-1,-1,-1
2016200136089,2,9,0,3,0,0,0,0,0,0,2,1,2,1,27,6,-1,-1,-1,7,1,7
2016200136104,1,9,0,18,9,0,0,0,0,0,1,1,6,3,-1,-1,-1,-1,-1,-1,-1,-1
2016200136122,1,9,0,18,0,4,0,0,0,0,1,1,6,1,20,4,1198,1,10,8,1,8
2016200136122,2,9,0,18,0,3,0,0,0,0,4,1,6,2,18,4,1362,1,4,10,1,10
2016200136167,1,9,0,18,0,2,1,0,0,0,1,1,6,3,-1,-1,1997,2,15,-1,-1,-1
2016200136167,2,90,0,14,0,1,0,0,0,0,1,1,1,1,34,6,2999,2,5,4,1,4
2016200136173,1,9,0,9,0,5,0,0,0,0,4,1,3,2,38,7,998,1,20,1,1,1
2016200136173,2,5,0,18,2,8,1,0,0,0,3,1,2,1,29,6,599,1,9,1,1,1
2016200136207,1,9,0,18,0,1,1,7,0,0,1,1,6,1,55,8,1388,1,12,2,1,2
2016200136268,1,9,0,18,0,6,0,0,0,0,4,1,1,1,18,4,1086,1,14,3,1,3
2016200136268,2,9,0,18,0,8,0,0,0,0,1,1,1,1,44,7,-1,-1,-1,5,1,5
2016200136271,1,9,0,3,0,1,0,0,0,0,4,1,3,1,49,8,1799,1,17,10,1,10
2016200136282,1,9,0,9,0,3,0,7,0,0,1,1,6,3,-1,-1,1994,2,17,-1,-1,-1
2016200136282,2,9,0,3,0,1,0,0,0,0,1,1,6,2,45,7,1598,2,6,-1,-1,-1
2016200136302,1,9,0,5,0,4,0,0,0,0,1,1,1,1,51,8,1799,1,9,1,1,1
2016200136302,2,1,0,18,0,8,0,0,0,0,4,1,1,1,41,7,-1,-1,-1,1,1,1
2016200136307,1,9,0,5,0,6,0,0,0,0,0,1,6,3,-1,-1,-1,-1,-1,-1,-1,-1
2016200136307,2,3,0,18,0,8,2,0,0,0,0,1,2,1,37,7,124,1,10,2,1,2
2016200136315,1,1,0,18,9,8,0,0,0,0,1,1,6,1,24,5,-1,-1,-1,5,1,5
2016200136315,2,9,0,9,0,5,0,0,0,0,4,1,6,2,54,8,1388,1,4,4,1,4
2016200136329,1,9,0,7,0,5,0,0,0,0,3,1,6,3,-1,-1,-1,-1,-1,-1,-1,-1
2016200136329,2,9,0,10,0,1,0,0,0,0,0,1,6,1,32,6,-1,-1,-1,4,1,4
2016200136340,1,9,0,9,0,6,0,0,0,0,3,1,6,1,48,8,1560,2,4,1,1,1
2016200136340,2,1,0,18,0,8,0,0,0,0,1,1,2,1,30,6,-1,-1,-1,1,1,1
2016200136346,1,9,0,5,0,0,0,0,0,0,2,1,6,3,-1,-1,-1,-1,-1,-1,-1,-1
2016200136346,2,1,0,5,0,0,0,0,0,0,1,1,6,1,19,4,-1,-1,-1,9,1,9
2016200136356,1,9,0,18,0,8,0,10,0,0,1,1,6,1,44,7,1398,1,3,1,1,1
2016200136356,2,9,0,18,0,8,0,0,0,0,1,1,6,2,29,6,1596,1,7,2,1,2
2016200136384,1,9,0,18,0,0,0,0,0,0,1,1,6,1,71,10,1598,1,8,4,1,4
2016200136391,1,9,0,18,0,6,0,0,0,0,4,1,6,2,26,6,1390,1,5,7,1,7
2016200136391,2,11,0,18,0,8,0,0,0,0,3,1,1,1,53,8,6700,2,9,1,1,1
2016200136429,1,19,0,18,0,0,0,0,0,0,1,1,1,1,21,5,1461,2,10,2,1,2
2016200136429,2,9,0,18,0,0,0,0,0,0,2,1,1,2,25,5,1397,1,6,6,1,6
2016200136430,1,9,0,7,0,5,0,0,0,0,1,1,1,1,-1,-1,1496,2,-1,3,1,3
2016200136430,2,9,0,18,0,8,0,0,0,0,3,1,3,1,41,7,1997,1,2,1,1,1
2016200136435,1,9,0,5,0,8,0,0,0,0,1,1,6,2,38,7,1599,1,10,1,1,1
2016200136435,2,9,0,18,0,8,0,0,0,0,4,1,6,3,-1,-1,-1,-1,-1,-1,-1,-1
2016200136439,1,9,0,5,0,1,0,0,0,0,2,1,6,1,64,9,1798,1,10,1,1,1
2016200136439,2,9,0,3,0,1,0,0,0,0,1,1,6,1,41,7,1598,1,7,9,1,9
2016200136445,1,9,0,5,0,6,2,10,1,1,3,1,2,1,36,7,1796,1,4,2,1,2
2016200136445,2,9,0,5,0,1,0,0,0,0,1,1,6,2,82,11,1299,1,15,5,1,5
2016200136480,1,9,0,3,0,1,0,0,0,0,1,1,6,2,25,5,1499,2,1,5,1,5
2016200136480,2,9,0,18,0,1,0,0,0,0,1,1,6,1,-1,-1,1587,1,11,1,1,1
2016200136480,3,9,0,9,0,1,0,0,0,0,2,1,6,1,30,6,1388,1,11,-1,-1,-1
2016200136507,1,9,0,5,0,8,0,0,7,0,3,1,1,1,19,4,2000,1,7,2,1,2
2016200136507,2,9,0,4,0,8,0,0,7,0,1,1,6,1,31,6,1598,2,1,1,1,1
2016200136534,1,9,0,9,0,8,0,0,0,0,1,1,3,2,49,8,1390,1,2,5,1,5
2016200136534,2,9,0,18,0,8,0,0,0,0,2,1,6,3,-1,-1,1198,1,8,-1,-1,-1
2016200136543,1,9,0,18,0,4,0,0,0,0,2,1,6,1,30,6,1799,1,10,-1,-1,-1
2016200136543,2,9,0,18,0,3,0,0,0,0,2,1,2,1,59,9,1598,1,3,7,1,7
2016200136563,1,9,0,9,0,5,0,10,6,1,1,1,6,1,56,9,1596,1,15,1,1,1
2016200136563,2,9,0,18,0,8,0,0,0,0,3,1,6,1,26,6,1395,1,-1,9,1,9
2016200136579,1,9,0,18,0,8,0,0,0,0,4,1,6,2,39,7,1229,1,3,3,1,3
2016200136579,2,9,0,18,0,8,0,0,0,0,1,1,6,1,42,7,1997,2,11,2,1,2
2016200136607,1,9,0,18,0,8,0,0,0,0,3,1,6,1,21,5,-1,-1,-1,2,1,2
2016200136607,2,3,0,18,0,8,0,0,0,0,4,1,6,1,25,5,124,1,1,7,1,7
2016200136614,1,9,0,9,0,5,0,0,0,0,1,1,6,1,69,10,2698,2,10,7,1,7
2016200136614,2,9,0,18,0,8,0,0,0,0,1,1,6,1,62,9,1240,1,8,4,1,4
2016200136620,1,9,0,5,0,4,0,0,0,0,0,1,6,1,17,4,999,1,-1,10,1,10
2016200136620,2,9,0,18,0,3,0,0,0,0,1,1,6,2,38,7,2143,12,1,10,2,10
2016200136620,3,9,0,3,0,1,0,0,0,0,3,1,6,3,-1,-1,-1,-1,-1,-1,-1,-1
2016200136642,1,11,0,4,0,1,0,0,0,0,0,1,1,1,33,6,7300,2,3,1,1,1
2016200136656,1,9,0,14,0,8,0,0,0,0,1,1,6,1,23,5,1390,1,5,6,1,6
2016200136656,2,9,0,9,0,5,0,0,0,0,3,1,6,2,26,6,1390,1,11,9,1,9
2016200136662,1,19,0,5,0,6,0,0,0,0,1,1,1,1,-1,-1,2148,2,11,9,1,9
2016200136662,2,9,0,18,0,8,0,0,0,0,4,1,6,2,33,6,1596,1,15,2,1,2
2016200136670,1,9,0,18,0,0,0,0,0,0,3,1,2,1,20,4,-1,-1,-1,2,1,2
2016200136670,2,9,0,5,0,0,0,0,0,0,1,1,6,2,25,5,1598,1,3,1,1,1
2016200136681,1,9,0,18,0,8,0,0,0,0,1,1,6,3,-1,-1,-1,-1,-1,-1,-1,-1
2016200136681,2,1,0,18,0,8,0,0,0,0,1,1,6,1,43,7,-1,-1,-1,1,1,1
2016200136752,1,9,0,4,0,0,0,0,0,0,4,1,2,2,49,8,1587,1,12,3,1,3
2016200136762,1,9,0,9,0,8,0,0,0,0,4,1,6,1,25,5,1995,2,9,1,1,1
2016200136762,2,9,0,18,0,8,0,0,0,0,1,1,6,1,22,5,1995,2,11,6,1,6
2016200136781,1,3,0,18,0,0,0,0,0,0,1,1,6,1,20,4,125,1,-1,1,1,1
2016200136781,2,9,0,12,0,0,0,0,0,0,3,1,6,1,64,9,1598,1,5,10,1,10
2016200136781,3,9,0,18,0,0,0,0,0,0,4,1,6,1,36,7,1592,1,5,5,3,5
2016200136782,1,11,0,18,2,0,0,0,0,0,1,1,1,2,55,8,7300,2,8,7,2,7
2016200136844,1,9,0,18,0,0,0,0,0,0,1,1,6,2,25,5,1242,1,8,2,1,2
2016200136844,2,9,0,6,0,0,0,0,0,0,2,1,2,1,30,6,1968,2,12,2,1,2
2016200136862,1,9,0,18,0,4,0,0,1,10,1,1,6,1,20,4,1995,2,9,2,1,2
2016200136862,2,9,0,18,0,3,0,0,7,10,4,1,6,1,72,10,1560,2,11,5,3,5
2016200136876,1,9,0,18,0,1,0,0,0,0,1,1,6,1,30,6,-1,-1,-1,-1,-1,-1
2016200136876,2,9,0,3,0,1,0,0,0,0,2,1,5,1,59,9,2198,1,13,1,1,1