Accident_Index,Vehicle_Reference,Vehicle_Type,Towing_and_Articulation,Vehicle_Manoeuvre,Vehicle_Location-Restricted_Lane,Junction_Location,Skidding_and_Overturning,Hit_Object_in_Carriageway,Vehicle_Leaving_Carriageway,Hit_Object_off_Carriageway,1st_Point_of_Impact,Was_Vehicle_Left_Hand_Drive?,Journey_Purpose_of_Driver,Sex_of_Driver,Age_of_Driver,Age_Band_of_Driver,Engine_Capacity_(CC),Propulsion_Code,Age_of_Vehicle,Driver_IMD_Decile,Driver_Home_Area_Type,Vehicle_IMD_Decile
2016200139717,2,9,0,3,0,0,0,0,0,0,2,1,6,1,51,8,1969,2,1,10,1,10
2016200139717,3,9,0,3,0,0,0,0,0,0,-1,1,6,2,-1,-1,1598,1,11,-1,-1,-1
2016200139717,4,9,0,-1,-1,0,0,-1,-1,0,-1,1,6,1,-1,-1,1997,2,-1,-1,-1,-1
2016200139717,5,9,0,3,0,0,0,0,0,0,2,1,6,2,-1,-1,-1,-1,-1,-1,-1,-1
2016200139826,1,9,0,9,0,6,0,0,0,0,1,1,2,1,43,7,1896,2,12,2,1,2
2016200139826,2,1,0,18,0,8,0,0,0,0,1,1,2,1,47,8,-1,-1,-1,1,1,1
2016200139832,1,9,0,11,0,0,0,0,0,0,3,1,6,2,24,5,1910,2,10,6,1,6
2016200139870,1,9,0,18,0,8,0,7,0,0,3,1,1,1,51,8,-1,-1,-1,-1,-1,-1
2016200139870,2,9,0,16,0,8,0,0,0,0,1,1,6,2,64,9,1598,1,11,4,1,4
2016200139884,1,9,0,18,0,0,0,4,0,0,3,1,6,1,36,7,-1,-1,-1,3,1,3
2016200139884,2,9,0,18,0,0,0,4,0,0,4,1,6,1,32,6,1328,1,8,2,1,2
2016200139884,3,9,0,2,0,0,0,0,0,0,3,1,6,1,61,9,1368,1,9,2,1,2
2016200139884,4,9,0,2,0,0,0,4,0,0,4,1,6,3,-1,-1,-1,-1,-1,-1,-1,-1
2016200139884,5,9,0,2,0,0,0,4,0,0,2,1,6,1,38,7,1598,1,11,8,1,8
2016200139884,6,9,0,2,0,0,0,0,0,0,2,1,6,1,35,6,1781,1,16,2,1,2
2016200139903,1,3,0,18,0,6,0,0,0,0,1,1,6,2,23,5,124,1,3,2,1,2
2016200139903,2,9,0,18,0,8,0,0,0,0,4,1,6,3,-1,-1,-1,-1,-1,-1,-1,-1
2016200139921,1,8,0,3,0,0,0,0,0,0,2,1,1,1,-1,-1,1896,2,10,3,1,3
2016200139921,2,9,0,18,0,0,0,0,0,0,1,1,6,1,18,4,1388,1,12,8,2,8
2016200139947,1,9,0,13,0,8,1,0,0,0,4,1,6,1,-1,-1,1988,1,13,-1,-1,-1
2016200139947,2,9,0,9,0,5,0,0,0,0,3,1,6,2,45,7,1968,2,1,5,3,5
2016200139978,1,1,0,18,9,0,0,0,0,0,1,1,6,3,-1,-1,-1,-1,-1,-1,-1,-1
2016200139988,1,9,0,18,0,8,0,10,1,11,1,1,1,1,42,7,1896,2,8,2,1,2
2016200139988,2,9,0,9,0,6,0,0,0,0,1,1,6,1,51,8,1560,2,11,8,1,8
2016200140003,1,9,0,18,0,1,0,0,0,0,1,1,6,1,49,8,-1,-1,-1,8,3,8
2016200140003,2,9,0,3,0,1,0,0,0,0,2,1,2,1,39,7,1596,1,10,4,1,4
2016200140004,1,9,0,18,0,8,0,0,0,0,2,1,6,1,79,11,1596,1,17,10,1,10
2016200140004,2,9,0,1,0,6,0,0,0,0,1,1,6,1,47,8,4395,1,2,9,1,9
2016200140039,1,21,1,7,0,4,0,0,0,0,4,1,1,1,53,8,12740,2,1,-1,1,-1
2016200140039,2,9,0,18,0,4,0,0,0,0,3,1,6,1,73,10,1686,2,10,2,1,2
2016200140082,1,9,0,18,0,1,0,0,0,0,1,1,6,3,-1,-1,2231,2,10,-1,-1,-1
2016200140082,2,9,0,3,0,1,0,0,0,0,2,1,6,1,67,10,1796,1,19,5,1,5
2016200140134,1,9,0,18,0,0,0,0,0,0,4,1,6,3,-1,-1,1968,2,11,-1,-1,-1
2016200140135,1,9,0,9,0,3,0,0,0,0,1,1,2,1,50,8,1988,1,13,5,1,5
2016200140155,1,9,0,18,0,0,0,0,0,0,1,1,6,1,28,6,1587,1,9,1,1,1
2016200140155,2,9,0,3,0,0,0,0,0,0,2,1,6,2,53,8,1461,2,12,2,1,2
2016200140177,1,9,0,18,0,2,0,0,0,0,1,1,6,1,37,7,6592,1,6,2,1,2
2016200140314,1,3,0,13,0,8,0,0,0,0,4,1,2,1,18,4,124,1,12,1,1,1
2016200140314,2,8,0,9,0,5,0,0,0,0,3,1,2,1,31,6,1560,2,5,2,1,2
2016200140317,1,9,0,18,0,4,0,0,0,0,1,1,6,1,41,7,1339,8,8,1,1,1
2016200140317,2,1,0,18,0,4,0,0,0,0,4,1,6,2,32,6,-1,-1,-1,3,1,3
2016200140331,1,19,0,18,0,0,0,0,0,0,1,1,6,1,72,10,2198,2,8,2,1,2
2016200140331,2,9,0,18,0,0,0,0,0,0,1,1,6,1,38,7,1396,1,12,3,1,3
2016200140378,1,9,0,18,0,0,0,0,0,0,1,1,6,2,73,10,1242,1,1,5,1,5
2016200140378,2,9,0,5,0,0,0,0,0,0,1,1,2,2,28,6,1398,1,6,5,1,5
2016200140390,1,9,0,9,0,8,0,0,0,0,1,1,2,2,23,5,1368,1,10,1,1,1
2016200140390,2,9,0,18,0,8,0,0,0,0,1,1,2,2,50,8,998,1,3,2,1,2
2016200140417,1,23,0,18,0,6,0,0,0,0,1,1,6,1,23,5,124,1,2,4,1,4
2016200140417,2,9,0,18,0,8,0,0,0,0,3,1,6,2,44,7,1461,2,6,9,1,9
2016200140422,1,9,0,18,0,8,0,0,0,0,4,1,6,1,25,5,1997,2,13,4,1,4
2016200140422,2,11,0,5,0,8,0,0,0,0,3,1,1,1,60,9,4250,2,1,3,1,3
2016200140445,1,9,0,10,0,8,0,0,0,0,2,1,6,3,-1,-1,-1,-1,-1,-1,-1,-1
2016200140445,2,9,0,3,0,8,0,0,0,0,2,1,6,1,31,6,2148,2,7,2,1,2
2016200140445,3,9,0,18,0,8,0,0,0,0,1,1,6,1,-1,-1,1798,1,12,2,1,2
2016200140477,1,9,0,18,0,8,0,0,0,0,1,1,6,1,26,6,2000,1,9,2,1,2
2016200140477,2,9,0,18,0,1,0,0,0,0,0,1,1,3,-1,-1,1956,2,1,-1,-1,-1
2016200140477,3,9,0,18,0,8,0,0,0,0,2,1,6,2,46,8,1497,1,12,3,1,3
2016200140483,1,9,0,1,0,6,0,0,0,0,2,1,6,2,22,5,1390,1,10,4,1,4
2016200140503,1,3,0,17,0,0,0,4,2,5,1,1,6,1,21,5,125,1,-1,1,1,1
2016200140503,2,9,0,2,0,0,0,0,0,0,2,1,6,1,-1,-1,1995,2,13,3,1,3
2016200140530,1,9,0,4,0,0,0,0,0,0,1,1,6,2,76,11,973,1,14,2,1,2
2016200140530,2,9,0,3,0,0,0,0,0,0,2,1,6,1,41,7,1560,2,8,2,1,2
2016200140662,1,9,0,18,0,8,1,4,0,0,1,1,6,1,28,6,1984,1,1,1,1,1
2016200140662,2,9,0,18,0,8,0,0,0,0,1,1,6,1,34,6,1968,2,5,5,1,5
2016200140662,3,9,0,2,0,2,0,0,0,0,2,1,2,1,40,7,1798,1,7,5,1,5
2016200140662,4,9,0,2,0,2,0,0,0,0,3,1,2,1,52,8,1596,1,17,6,1,6
2016200140662,5,9,0,2,0,2,0,0,0,0,2,1,6,1,-1,-1,1242,1,16,6,1,6
2016200140662,6,9,0,2,0,2,0,0,0,0,2,1,6,3,58,9,2199,1,21,-1,-1,-1
2016200140662,7,9,0,2,0,2,0,0,0,0,2,1,6,3,-1,-1,1598,1,2,2,1,2
2016200140662,8,19,0,2,0,2,0,0,0,0,2,1,6,3,-1,-1,2151,2,11,3,1,3
2016200140662,9,9,0,2,0,2,0,0,0,0,2,1,6,3,40,7,1900,2,17,5,1,5
2016200140662,10,9,0,2,0,2,0,0,0,0,2,1,6,1,29,6,-1,-1,-1,5,1,5
2016200140662,11,9,0,2,0,2,0,0,0,0,2,1,6,2,33,6,1390,1,8,8,1,8
2016200140662,12,9,0,2,0,2,0,0,0,0,2,1,6,1,-1,-1,-1,-1,-1,3,1,3
2016200140946,1,9,0,17,0,0,0,0,0,0,1,1,6,2,25,5,1995,2,3,4,1,4
2016200140946,2,9,0,16,0,0,0,0,0,0,1,1,6,3,-1,-1,2497,2,10,-1,-1,-1
2016200140947,1,9,0,4,0,1,0,0,0,0,1,1,6,1,42,7,2000,2,9,1,1,1
2016200140947,2,5,0,10,0,1,0,0,0,0,2,1,6,1,24,5,599,1,18,2,1,2
2016200140966,1,9,0,18,0,4,0,0,0,0,1,1,2,2,-1,-1,1461,2,3,3,1,3
2016200140966,2,1,0,18,0,8,0,0,0,0,2,1,2,1,48,8,-1,-1,-1,5,1,5
2016200140977,1,9,0,18,0,1,0,0,0,0,3,1,2,1,34,6,-1,-1,-1,2,1,2
2016200140997,1,9,0,9,0,6,0,0,0,0,3,1,6,1,30,6,2993,2,11,3,1,3
2016200140997,2,9,0,18,0,8,0,10,1,11,1,1,6,1,26,6,2993,2,1,4,1,4
2016200140999,1,9,0,18,0,1,0,0,0,0,1,1,6,1,28,6,1598,1,6,1,1,1
2016200140999,2,9,0,10,0,1,0,0,0,0,2,1,2,1,32,6,1598,1,10,-1,-1,-1
2016200141020,1,9,0,5,0,0,0,0,0,0,3,1,6,1,24,5,2143,2,4,4,1,4
2016200141020,2,19,0,18,0,0,0,0,0,0,1,1,1,1,67,10,1248,2,3,5,1,5
2016200141048,1,9,0,18,0,8,0,0,0,0,1,1,6,3,-1,-1,1686,2,11,-1,-1,-1
2016200141048,2,9,0,18,0,8,0,0,0,0,2,1,2,2,36,7,1149,1,11,2,1,2
2016200141067,1,9,0,9,0,5,0,0,0,0,1,1,6,3,-1,-1,1596,1,16,-1,-1,-1
2016200141067,2,9,0,18,0,8,0,0,0,0,3,1,6,2,25,5,1248,2,9,1,1,1
2016200141125,1,9,0,9,0,6,0,0,0,0,4,1,1,2,26,6,1368,1,5,8,1,8
2016200141125,2,23,0,18,0,8,0,0,0,0,1,1,1,1,34,6,650,1,13,2,1,2
2016200141137,1,9,0,18,0,0,0,10,1,5,1,1,6,2,69,10,1339,8,7,2,1,2
2016200141286,1,9,0,1,9,0,0,0,0,0,2,1,6,3,-1,-1,-1,-1,-1,-1,-1,-1
2016200141291,1,19,0,18,0,0,0,0,0,0,3,1,6,1,52,8,1598,2,-1,10,1,10
2016200141294,1,9,0,17,0,1,0,0,0,0,1,1,6,1,26,6,-1,-1,-1,3,1,3
2016200141294,2,98,0,17,0,1,0,0,1,0,2,1,6,1,24,5,-1,-1,-1,3,1,3
2016200141312,1,9,0,18,0,0,0,0,0,0,4,1,6,2,32,6,1598,2,4,-1,-1,-1
2016200141314,1,9,0,4,0,0,0,0,0,0,1,1,6,1,22,5,1596,1,12,1,1,1
2016200141314,2,3,0,18,0,0,1,0,0,0,1,1,6,3,-1,-1,125,1,2,-1,-1,-1
2016200141314,3,9,0,2,9,0,0,0,0,0,4,1,6,1,-1,-1,999,1,1,-1,-1,-1
2016200141377,1,9,0,5,0,6,0,0,0,0,1,1,6,1,31,6,1598,2,-1,1,1,1
2016200141377,2,1,0,17,0,8,0,0,0,0,4,1,6,1,25,5,-1,-1,-1,2,1,2
2016200141382,1,9,0,9,0,5,0,0,0,0,3,1,1,1,45,7,3956,2,-1,-1,-1,-1
2016200141382,2,4,0,18,0,8,0,0,0,0,1,1,1,2,26,6,321,1,-1,8,1,8
2016200141402,1,9,0,-1,-1,0,0,-1,-1,0,-1,1,6,3,-1,-1,-1,-1,-1,-1,-1,-1
2016200141402,2,9,0,-1,-1,0,0,-1,-1,0,-1,1,6,1,53,8,-1,-1,-1,2,1,2
2016200141414,1,9,0,18,0,1,0,0,0,0,1,1,6,3,-1,-1,999,1,4,-1,-1,-1
2016200141440,1,9,0,18,0,0,0,0,0,0,1,1,2,1,56,9,1956,2,4,9,1,9
2016200141440,2,9,0,4,0,0,0,0,0,0,1,1,5,1,71,10,1397,1,7,8,1,8
2016200141490,1,9,0,18,0,0,0,0,0,0,1,1,6,3,-1,-1,1396,1,13,-1,-1,-1
2016200141490,2,9,0,4,0,0,0,0,0,0,2,1,6,1,-1,-1,1796,1,9,3,1,3
2016200141490,3,9,0,4,0,0,0,0,0,0,2,1,6,1,-1,-1,1995,2,11,8,1,8
2016200141503,1,98,0,18,0,1,0,0,0,0,1,1,6,3,-1,-1,-1,-1,-1,-1,-1,-1
2016200141503,2,9,0,3,0,1,0,0,0,0,2,1,6,1,45,7,1364,1,11,2,1,2
2016200141508,1,9,0,18,0,0,0,0,0,0,3,1,6,3,-1,-1,-1,-1,-1,-1,-1,-1
2016200141529,1,9,0,18,0,8,0,0,0,0,0,1,6,2,57,9,1498,1,1,1,1,1
2016200141529,2,9,0,7,0,8,0,0,0,0,4,1,6,1,-1,-1,-1,-1,-1,-1,-1,-1
2016200141533,1,90,0,18,0,0,0,0,0,0,1,1,6,3,-1,-1,-1,-1,-1,-1,-1,-1
2016200141533,2,9,0,18,0,0,0,0,0,0,2,1,6,2,40,7,1598,2,-1,7,1,7
2016200141572,1,9,0,18,0,2,0,0,0,0,1,1,6,3,-1,-1,-1,-1,-1,-1,-1,-1
2016200141584,1,9,0,18,0,0,0,0,0,0,1,1,6,1,25,5,1995,2,8,2,1,2
2016200141584,2,9,0,4,0,0,0,0,0,0,2,1,2,2,54,8,1870,2,11,2,1,2
2016200141592,1,9,0,18,0,0,0,0,0,0,4,1,6,2,47,8,1197,1,-1,6,1,6
2016200141595,1,9,0,18,0,0,0,0,0,0,1,1,6,2,-1,-1,-1,-1,-1,-1,-1,-1
2016200141599,1,9,0,18,0,0,0,0,0,0,1,1,6,3,-1,-1,-1,-1,-1,-1,-1,-1
2016200141605,1,9,0,5,0,3,0,0,0,0,4,1,1,1,37,7,2792,1,14,1,1,1
2016200141605,2,9,0,18,0,3,0,0,0,0,3,1,6,3,-1,-1,-1,-1,-1,-1,-1,-1
2016200141607,1,98,0,18,0,2,0,0,0,0,1,1,6,3,-1,-1,-1,-1,-1,-1,-1,-1
2016200141610,1,9,0,18,0,0,0,0,0,0,1,1,1,1,20,4,1998,1,12,-1,3,-1
2016200141610,2,9,0,18,0,0,0,0,0,0,2,1,6,1,30,6,1596,1,6,9,1,9
2016200141610,3,19,0,18,0,0,0,0,0,0,2,1,6,1,41,7,1560,2,-1,8,1,8
2016200141623,1,9,0,18,0,0,0,0,0,0,4,1,6,1,46,8,1951,2,12,10,1,10
2016200141636,1,9,0,10,0,1,0,0,0,0,2,1,6,2,60,9,1200,1,1,9,1,9
2016200141636,2,9,0,9,0,1,0,0,0,0,1,1,6,2,-1,-1,1999,2,-1,8,3,8
2016200141707,1,11,0,18,0,1,0,0,0,0,4,1,1,3,-1,-1,6700,2,-1,-1,-1,-1
2016200141715,1,9,0,9,0,6,0,7,1,10,1,1,6,1,32,6,1998,1,14,1,1,1
2016200141744,1,9,0,18,0,4,0,0,0,0,1,1,6,3,-1,-1,2993,2,7,-1,-1,-1
2016200141744,2,9,0,18,0,8,0,0,0,0,1,1,6,1,21,5,1596,1,10,7,1,7
2016200141761,1,9,0,16,0,0,0,0,0,0,4,1,6,3,-1,-1,1968,2,3,3,1,3
2016200141761,2,9,0,17,0,0,0,0,0,0,3,1,6,1,78,11,1329,1,-1,1,1,1
2016200141761,3,9,0,16,0,0,0,0,0,0,2,1,6,2,28,6,1587,1,10,7,1,7
2016200141761,4,9,0,18,0,0,0,0,0,0,2,1,6,1,-1,-1,-1,-1,-1,-1,-1,-1
2016200141761,5,9,0,18,0,0,0,0,0,0,1,1,1,1,35,6,1956,2,2,-1,-1,-1
2016200141833,1,2,0,7,0,2,0,0,0,0,0,1,6,1,20,4,49,1,14,1,1,1
2016200141833,2,9,0,4,0,1,1,0,0,0,1,1,1,1,42,7,-1,-1,-1,-1,-1,-1
2016200141888,1,9,0,18,0,4,0,0,0,0,1,1,6,1,-1,-1,1199,1,12,4,1,4
2016200141888,2,9,0,9,0,3,0,7,0,0,4,1,6,1,67,10,-1,-1,-1,9,1,9
2016200141932,1,9,0,18,0,3,1,0,0,0,1,1,6,3,-1,-1,1149,1,15,1,1,1
2016200141932,2,19,0,18,0,1,0,0,0,0,3,1,1,1,-1,-1,1997,2,2,-1,-1,-1
2016200142069,1,9,0,16,0,0,0,0,0,0,1,1,2,1,25,5,-1,-1,-1,3,1,3
2016200142069,2,9,0,17,0,0,0,0,0,0,1,1,6,2,18,4,999,1,1,5,1,5
2016200142140,1,9,0,17,0,2,1,10,1,2,1,1,6,1,25,5,1396,1,15,4,1,4
2016200142229,1,9,0,18,0,8,0,0,0,0,1,1,1,1,20,4,-1,-1,-1,1,1,1
2016200142229,2,9,0,9,0,4,0,0,0,0,4,1,1,1,49,8,1896,2,9,1,1,1
2016200142231,1,9,0,18,0,1,0,0,0,0,1,1,6,2,28,6,1968,2,10,1,1,1
2016200142231,2,3,0,18,0,1,0,0,0,0,2,1,1,1,40,7,125,1,9,2,1,2
2016200142231,3,9,0,4,0,1,0,0,0,0,2,1,6,1,18,4,1598,1,5,10,1,10
2016200142234,1,9,0,18,0,0,0,0,0,0,1,1,6,3,-1,-1,1597,1,16,-1,-1,-1
2016200142234,2,9,0,2,0,0,0,0,0,0,0,1,6,2,24,5,1390,1,12,-1,-1,-1
2016200142241,1,9,0,14,0,0,0,0,0,0,1,1,1,1,34,6,1998,2,8,-1,-1,-1
2016200142305,1,9,0,11,0,0,2,10,2,11,2,1,6,1,38,7,1493,2,9,2,1,2
2016200142305,2,9,0,18,0,0,0,0,0,0,1,1,6,1,24,5,1969,2,-1,-1,-1,-1
2016200142308,1,9,0,18,0,6,0,0,0,0,3,1,1,1,20,4,2143,2,-1,5,1,5
2016200142308,2,9,0,18,0,8,0,0,0,0,1,1,6,1,44,7,1998,2,9,1,1,1
2016200142313,1,9,0,9,0,6,0,0,0,0,3,1,3,2,41,7,1400,1,11,2,1,2
2016200142313,2,9,0,18,0,8,0,0,0,0,1,1,2,2,28,6,1499,1,1,4,1,4
2016200142355,1,9,0,18,0,0,0,0,0,0,1,1,1,2,53,8,1299,1,13,6,1,6
2016200142536,1,9,0,12,0,0,0,0,0,0,1,1,6,3,-1,-1,1968,2,7,-1,-1,-1
2016200142536,2,9,0,18,0,0,0,0,0,0,3,1,2,1,25,5,-1,-1,-1,3,1,3
2016200142653,1,9,0,3,0,0,0,0,0,0,3,1,6,1,23,5,1995,2,8,-1,-1,-1
2016200142653,2,90,0,4,0,0,0,0,0,0,1,1,6,3,-1,-1,-1,-1,-1,-1,-1,-1
2016200142719,1,9,0,5,0,7,0,0,0,0,1,1,6,2,23,5,1349,1,2,8,1,8
2016200142719,2,1,0,18,0,8,0,0,0,0,3,1,6,1,38,7,-1,-1,-1,5,1,5
2016200143378,1,9,0,9,0,5,0,0,0,0,1,1,6,1,57,9,1910,2,8,4,3,4
2016200143378,2,9,0,18,0,8,0,0,0,0,1,1,6,1,70,10,1753,2,8,8,1,8
2016200143381,1,9,0,13,0,2,0,4,0,0,0,1,6,1,33,6,3999,1,8,8,1,8
2016200143381,2,9,0,18,0,2,0,4,0,0,3,1,6,1,52,8,1398,2,9,1,1,1
2016200143381,3,9,0,2,0,2,0,0,0,0,3,1,6,1,-1,-1,-1,-1,-1,3,1,3
2016200143381,4,9,0,2,0,2,0,0,0,0,1,1,6,1,-1,-1,2148,2,7,10,1,10
2016200143381,5,9,0,2,0,2,0,0,0,0,2,1,6,2,27,6,1968,2,6,3,1,3
2016200143385,1,9,0,18,0,4,0,0,0,0,1,1,6,1,44,7,2987,2,2,8,3,8
2016200143385,2,19,0,18,0,4,0,0,0,0,1,1,6,1,-1,-1,1560,2,2,-1,-1,-1
2016200143402,1,9,0,9,0,5,0,0,0,0,1,1,6,1,25,5,1598,1,10,1,1,1
2016200143404,1,9,0,18,0,0,0,0,0,0,3,1,6,2,74,10,995,1,11,3,1,3
2016200143415,1,9,0,14,0,2,0,0,0,0,0,1,6,2,52,8,1599,1,12,1,1,1
2016200143442,1,9,0,7,0,2,0,0,0,0,4,1,6,3,-1,-1,-1,-1,-1,-1,-1,-1
2016200143453,1,9,0,9,0,6,0,0,0,0,1,1,2,1,34,6,1368,1,-1,3,1,3
2016200143453,2,9,0,18,0,8,0,0,0,0,4,1,3,1,39,7,1998,1,9,2,1,2
2016200143465,1,9,0,5,0,4,0,0,0,0,1,1,6,3,-1,-1,1461,2,12,-1,-1,-1
2016200143465,2,1,0,18,0,8,0,0,0,0,1,1,6,2,21,5,-1,-1,-1,4,1,4
2016200143506,1,9,0,18,0,0,0,0,0,0,1,1,5,2,24,5,1595,1,13,2,1,2
2016200143536,1,9,0,5,0,2,0,0,0,0,1,1,6,1,-1,-1,1968,2,9,1,1,1
2016200143536,2,1,0,18,0,2,0,0,0,0,1,1,6,1,38,7,-1,-1,-1,4,1,4
2016200143571,1,9,0,4,0,0,0,0,0,0,0,1,6,1,25,5,1598,1,9,7,1,7
2016200143571,2,9,0,4,0,0,0,0,0,0,2,1,6,1,54,8,1997,2,8,6,1,6
2016200143571,3,9,0,4,0,0,0,0,0,0,1,1,6,1,29,6,-1,-1,-1,3,1,3
2016200143582,1,9,0,18,0,1,0,0,0,0,1,1,6,3,-1,-1,1242,1,10,-1,-1,-1
2016200143582,2,9,0,3,0,1,0,0,0,0,2,1,3,2,38,7,1560,2,10,2,1,2
2016200143611,1,9,0,5,0,0,0,0,0,0,1,1,6,1,87,11,998,1,14,1,1,1
2016200143611,2,9,0,18,0,0,0,0,0,0,1,1,6,3,-1,-1,-1,-1,-1,-1,-1,-1
2016200143613,1,4,0,18,0,0,0,0,0,0,1,1,6,1,50,8,400,1,24,1,1,1
2016200143613,2,9,0,5,0,0,0,0,0,0,2,1,6,3,-1,-1,-1,-1,-1,-1,-1,-1
2016200143633,1,9,0,5,0,0,0,0,0,0,0,1,6,3,-1,-1,1299,1,15,-1,-1,-1
2016200143633,2,9,0,18,0,0,0,10,7,0,1,1,6,1,38,7,1896,2,11,1,1,1
2016200143641,1,9,0,9,0,5,0,0,0,0,1,1,6,1,27,6,1598,2,5,-1,-1,-1
2016200143641,2,1,0,18,0,1,0,0,0,0,3,1,6,2,39,7,-1,-1,-1,2,1,2
2016200143646,1,9,0,18,0,6,0,0,0,0,1,1,6,1,21,5,2204,2,9,2,1,2
2016200143646,2,9,0,18,0,8,0,0,0,0,2,1,6,1,38,7,1991,2,7,5,2,5
2016200143664,1,9,0,18,0,2,0,0,0,0,1,1,2,1,52,8,1600,1,5,5,1,5
2016200143667,1,9,0,17,0,2,0,0,0,0,1,1,6,1,23,5,1895,1,16,2,1,2
2016200143667,2,98,0,4,0,1,0,0,0,0,1,1,6,1,24,5,-1,-1,-1,5,1,5
2016200143672,1,9,0,18,0,1,0,0,0,0,4,1,6,1,32,6,1390,1,8,2,1,2
2016200143688,1,9,0,18,0,2,0,0,0,0,1,1,6,3,-1,-1,1242,1,14,-1,-1,-1
2016200143688,2,9,0,18,0,2,0,0,0,0,0,1,6,1,-1,-1,1956,2,1,1,1,1
2016200143693,1,9,0,9,0,2,0,0,0,0,1,1,6,2,37,7,2179,2,1,1,1,1
2016200143693,2,1,0,7,0,1,0,0,0,0,1,1,6,1,57,9,-1,-1,-1,1,1,1
2016200143695,1,1,0,18,0,0,0,0,0,0,3,1,6,1,46,8,-1,-1,-1,2,1,2
2016200143695,2,9,0,18,0,0,0,0,0,0,1,1,6,2,-1,-1,-1,-1,-1,-1,-1,-1
2016200143721,1,9,0,7,0,1,0,0,0,0,3,1,6,3,-1,-1,-1,-1,-1,-1,-1,-1
2016200143721,2,9,0,9,0,1,0,0,0,0,3,1,6,1,40,7,-1,-1,-1,4,1,4
2016200143769,1,9,0,7,0,1,0,0,0,0,0,1,6,3,-1,-1,-1,-1,-1,-1,-1,-1
2016200143769,2,11,0,18,0,1,1,0,0,0,0,1,1,2,51,8,9000,2,7,3,1,3
2016200143800,1,9,0,15,0,1,0,0,0,0,3,1,6,3,-1,-1,1560,2,6,-1,-1,-1
2016200143800,2,9,0,4,0,1,0,0,0,0,1,1,6,1,48,8,1598,1,8,2,1,2
2016200143803,1,9,0,18,0,0,0,0,0,0,4,1,6,1,68,10,1999,1,6,9,2,9
2016200143803,2,9,0,18,0,0,0,0,0,0,3,1,6,2,37,7,1910,2,11,7,2,7
2016200143809,1,9,0,18,0,6,0,0,0,0,4,1,6,1,19,4,1870,2,16,8,1,8
2016200143809,2,9,0,3,0,1,0,0,0,0,1,1,6,1,58,9,1242,1,16,2,1,2
2016200143809,3,9,0,18,0,8,0,0,0,0,1,1,6,1,44,7,1598,1,8,3,1,3
2016200143814,1,9,0,5,0,8,0,0,0,0,3,1,1,1,-1,-1,-1,-1,-1,4,1,4
2016200143814,2,9,0,18,0,8,0,0,0,0,4,1,1,1,62,9,1240,1,8,1,1,1
2016200143837,1,3,0,18,0,0,0,0,0,0,1,1,6,1,19,4,125,1,-1,9,1,9
2016200143862,1,9,0,18,0,3,0,0,0,0,3,1,1,1,27,6,1956,2,7,8,1,8
2016200143862,2,9,0,11,0,3,0,0,0,0,3,1,1,1,-1,-1,1956,2,2,-1,-1,-1
2016200143867,1,9,0,16,0,0,0,10,7,10,1,1,6,1,91,11,1124,1,13,2,1,2
2016200143876,1,9,0,7,0,6,0,0,0,0,0,1,6,3,-1,-1,-1,-1,-1,-1,-1,-1
2016200143876,2,1,0,18,0,8,0,0,0,0,0,1,6,1,35,6,-1,-1,-1,6,1,6
2016200143877,1,9,0,9,0,2,0,0,0,0,3,1,6,1,72,10,1997,2,1,8,1,8
2016200143877,2,1,0,10,0,1,0,0,0,0,4,1,6,1,55,8,-1,-1,-1,8,1,8
2016200143879,1,8,0,9,0,2,0,0,0,0,1,1,1,1,55,8,1997,2,10,1,1,1
2016200143899,1,9,0,4,0,1,0,0,0,0,1,1,2,1,35,6,-1,-1,-1,6,1,6
2016200143899,2,22,0,5,0,1,0,0,0,0,3,1,5,1,67,10,-1,-1,-1,8,1,8
2016200143901,1,9,0,7,0,8,0,0,0,0,1,1,6,3,-1,-1,1689,2,13,-1,-1,-1
2016200143901,2,9,0,18,0,8,0,0,0,0,1,1,6,1,66,10,996,1,3,2,1,2
2016200143902,1,9,0,18,0,2,0,0,0,0,1,1,6,1,52,8,998,1,4,2,1,2
2016200143902,2,9,0,18,0,2,0,0,0,0,2,1,6,1,26,6,-1,-1,-1,1,1,1
2016200143902,3,9,0,18,0,2,0,0,0,0,2,1,6,2,69,10,1388,1,12,1,1,1
2016200143913,1,9,0,18,0,3,0,4,0,0,1,1,6,1,22,5,1997,2,15,4,1,4
2016200143913,2,9,0,2,0,1,0,4,0,0,1,1,6,3,-1,-1,-1,-1,-1,-1,-1,-1
2016200143913,3,9,0,2,0,1,0,0,0,0,1,1,6,3,-1,-1,-1,-1,-1,-1,-1,-1
2016200143916,1,19,0,18,0,1,0,0,0,0,1,1,6,1,-1,-1,2148,2,9,-1,-1,-1
2016200143916,2,98,0,3,0,1,0,0,0,0,2,1,6,1,41,7,-1,-1,-1,1,1,1
2016200143919,1,9,0,9,0,2,0,0,0,0,1,1,6,3,-1,-1,-1,-1,-1,-1,-1,-1
2016200143934,1,9,0,4,0,0,0,0,0,0,2,1,6,1,40,7,1968,2,11,4,1,4
2016200143934,2,9,0,18,0,0,0,0,0,0,1,1,1,1,68,10,1951,2,14,1,1,1
2016200143934,3,9,0,4,0,0,0,0,0,0,2,1,6,1,29,6,-1,-1,-1,5,1,5
2016200143941,1,9,0,18,0,5,0,0,0,0,1,1,6,3,-1,-1,-1,-1,-1,-1,-1,-1