Accident_Index,Vehicle_Reference,Vehicle_Type,Towing_and_Articulation,Vehicle_Manoeuvre,Vehicle_Location-Restricted_Lane,Junction_Location,Skidding_and_Overturning,Hit_Object_in_Carriageway,Vehicle_Leaving_Carriageway,Hit_Object_off_Carriageway,1st_Point_of_Impact,Was_Vehicle_Left_Hand_Drive?,Journey_Purpose_of_Driver,Sex_of_Driver,Age_of_Driver,Age_Band_of_Driver,Engine_Capacity_(CC),Propulsion_Code,Age_of_Vehicle,Driver_IMD_Decile,Driver_Home_Area_Type,Vehicle_IMD_Decile
2016200143942,1,9,0,5,0,4,0,0,0,0,3,1,6,2,33,6,1598,1,4,4,1,4
2016200143942,2,1,0,18,0,3,0,0,0,0,3,1,6,1,45,7,-1,-1,-1,8,1,8
2016200143945,1,9,0,18,0,0,0,0,0,0,1,1,6,2,18,4,2231,2,3,9,1,9
2016200143945,2,9,0,18,0,0,0,0,0,0,2,1,6,1,46,8,1596,1,4,1,1,1
2016200143962,1,1,0,9,0,3,0,0,0,0,1,1,2,1,-1,-1,-1,-1,-1,1,1,1
2016200143962,2,9,0,18,0,4,0,0,0,0,3,1,6,2,-1,-1,-1,-1,-1,-1,-1,-1
2016200143973,1,9,0,13,0,1,0,0,0,0,1,1,6,2,25,5,998,1,5,1,1,1
2016200143973,2,3,0,9,0,1,0,0,0,0,3,1,2,1,27,6,124,1,1,1,1,1
2016200143993,1,9,0,5,0,0,0,0,0,0,1,1,6,1,-1,-1,1560,2,4,2,1,2
2016200144023,1,9,0,11,0,0,0,0,0,0,1,1,6,1,-1,-1,1240,1,13,-1,-1,-1
2016200144023,2,9,0,18,0,0,0,0,0,0,2,1,6,2,33,6,1968,2,1,-1,-1,-1
2016200144073,1,9,0,18,0,0,0,0,0,0,3,1,6,1,30,6,1560,2,7,1,1,1
2016200144106,1,9,0,11,0,2,0,0,0,0,4,1,2,1,28,6,1598,1,11,8,1,8
2016200144106,2,5,0,18,0,2,0,0,1,6,1,1,2,1,31,6,599,1,15,10,1,10
2016200144126,1,9,0,18,0,8,0,9,7,2,1,1,6,1,69,10,1242,1,-1,2,1,2
2016200144126,2,9,0,18,0,1,0,0,0,0,1,1,6,1,35,6,1598,1,8,2,1,2
2016200144155,1,9,0,18,0,0,0,0,0,0,1,1,6,3,-1,-1,1596,1,1,-1,-1,-1
2016200144227,1,9,0,1,0,1,0,0,0,0,0,1,6,2,41,7,1229,1,1,2,1,2
2016200144248,1,9,0,18,0,0,1,0,0,0,1,1,1,1,20,4,1900,2,16,1,1,1
2016200144248,2,9,0,3,0,0,0,0,0,0,2,1,1,2,-1,-1,1956,2,2,-1,-1,-1
2016200144253,1,9,0,18,0,0,0,0,0,0,1,1,6,1,19,4,1995,2,4,3,3,3
2016200144253,2,9,0,18,0,0,0,0,0,0,2,1,6,1,55,8,3199,1,14,1,1,1
2016200144262,1,9,0,18,0,8,0,0,0,0,1,1,6,3,-1,-1,-1,-1,-1,-1,-1,-1
2016200144262,2,9,0,18,0,8,0,7,7,1,2,1,6,2,21,5,1198,1,10,2,1,2
2016200144266,1,9,0,18,0,6,0,0,0,0,1,1,2,1,35,6,1461,2,3,2,1,2
2016200144266,2,5,0,18,0,8,0,0,0,0,4,1,6,1,19,4,689,1,-1,4,1,4
2016200144298,1,9,0,17,0,2,0,10,7,0,1,1,6,3,-1,-1,1600,1,17,-1,-1,-1
2016200144298,2,9,0,2,9,2,0,4,0,0,1,1,2,1,-1,-1,-1,-1,-1,5,1,5
2016200144298,3,9,0,17,0,1,0,0,0,0,0,1,1,1,-1,-1,1956,2,1,-1,-1,-1
2016200144333,1,9,0,18,0,0,1,0,0,0,1,1,6,1,55,8,1798,1,11,6,1,6
2016200144333,2,9,0,4,0,0,0,0,0,0,2,1,6,1,61,9,1598,2,2,7,2,7
2016200144333,3,9,0,4,0,0,0,0,0,0,2,1,6,2,23,5,998,1,2,2,1,2
2016200144338,1,9,0,6,0,0,0,0,0,0,1,1,6,3,-1,-1,-1,-1,-1,-1,-1,-1
2016200144338,2,9,0,3,0,0,0,0,0,0,1,1,1,1,30,6,1910,2,11,5,1,5
2016200144382,1,9,0,18,0,8,0,0,0,0,1,1,6,1,57,9,-1,-1,-1,8,1,8
2016200144382,2,9,0,9,0,5,0,0,0,0,4,1,6,2,23,5,1248,1,4,-1,-1,-1
2016200144383,1,9,0,9,0,6,0,0,0,0,3,1,6,2,54,8,1560,2,4,8,2,8
2016200144383,2,9,0,18,0,8,0,0,0,0,1,1,6,2,70,10,1798,1,7,9,2,9
2016200144402,1,9,0,9,0,5,0,0,0,0,1,1,6,1,30,6,1900,2,12,3,1,3
2016200144402,2,5,0,18,0,8,0,0,0,0,1,1,6,1,22,5,600,1,17,3,1,3
2016200144404,1,9,0,16,0,0,0,0,0,0,1,1,2,1,31,6,1598,1,11,3,1,3
2016200144404,2,9,0,17,0,0,0,0,0,0,1,1,3,2,40,7,1997,2,9,1,1,1
2016200144412,1,9,0,18,0,0,0,0,0,0,1,1,6,1,-1,-1,1596,1,7,2,1,2
2016200144423,1,9,0,18,0,0,0,0,0,0,1,1,6,2,59,9,1339,1,10,8,2,8
2016200144427,1,9,0,18,0,6,0,0,0,0,1,1,6,3,-1,-1,-1,-1,-1,-1,-1,-1
2016200144427,2,9,0,18,0,8,0,0,0,0,3,1,6,2,41,7,1248,2,7,3,1,3
2016200144430,1,9,0,9,0,6,0,0,0,0,1,1,6,2,30,6,1794,1,11,1,1,1
2016200144430,2,9,0,18,0,8,1,0,0,0,4,1,6,1,26,6,1798,8,2,1,1,1
2016200144458,1,9,0,16,0,0,0,0,0,0,1,1,1,1,45,7,-1,-1,-1,3,1,3
2016200144458,2,9,0,17,0,0,1,0,0,0,3,1,6,1,56,9,1598,1,8,1,1,1
2016200144478,1,8,0,9,0,8,0,0,0,0,4,1,1,1,67,10,1997,2,11,7,1,7
2016200144505,1,9,0,5,0,1,0,0,0,0,1,1,6,1,-1,-1,-1,-1,-1,-1,-1,-1
2016200144520,1,9,0,18,0,0,0,0,0,0,1,1,6,3,-1,-1,-1,-1,-1,-1,-1,-1
2016200144525,1,9,0,4,0,0,0,0,0,0,-1,1,6,2,50,8,-1,-1,-1,9,1,9
2016200144525,2,8,0,4,0,0,0,0,0,0,-1,1,6,3,-1,-1,-1,-1,-1,-1,-1,-1
2016200144549,1,9,0,13,0,0,2,0,1,0,3,1,6,1,58,9,1591,1,-1,-1,-1,-1
2016200144549,2,9,0,18,0,0,0,0,0,0,0,1,6,1,65,9,1753,2,7,4,1,4
2016200144580,1,9,0,18,0,8,0,0,0,0,3,1,6,2,-1,-1,-1,-1,-1,-1,-1,-1
2016200144580,2,9,0,9,0,8,0,0,0,0,1,1,6,1,-1,-1,998,1,8,3,1,3
2016200144617,1,9,0,9,0,6,0,0,0,0,3,1,1,2,32,6,-1,-1,-1,4,1,4
2016200144617,2,9,0,18,0,8,0,0,0,0,1,1,1,1,47,8,1999,2,-1,7,1,7
2016200144626,1,9,0,5,0,4,0,0,0,0,1,1,6,1,50,8,-1,-1,-1,1,1,1
2016200144626,2,9,0,5,0,8,0,0,0,0,4,1,6,1,59,9,1587,1,13,5,1,5
2016200144782,1,20,0,12,0,1,0,0,0,0,1,1,6,3,-1,-1,2402,2,7,-1,-1,-1
2016200144782,2,9,0,18,0,1,0,0,0,0,1,1,6,1,28,6,1560,2,11,1,1,1
2016200144827,1,9,0,1,0,0,0,0,0,0,2,1,1,1,36,7,1997,2,5,1,1,1
2016200144849,1,9,0,18,0,0,0,7,1,10,4,1,5,1,21,5,2993,2,7,1,1,1
2016200144850,1,9,0,9,0,6,0,0,0,0,4,1,6,1,52,8,2000,1,16,5,1,5
2016200144850,2,3,0,18,0,8,0,0,0,0,1,1,6,1,19,4,125,1,6,7,3,7
2016200144854,1,9,0,18,0,4,0,0,0,0,1,1,6,1,-1,-1,-1,-1,-1,-1,-1,-1
2016200144854,2,1,0,18,0,8,0,0,0,0,3,1,6,1,-1,-1,-1,-1,-1,5,1,5
2016200144855,1,9,0,9,0,6,0,0,0,0,1,1,6,1,38,7,1991,1,17,-1,-1,-1
2016200144855,2,9,0,18,0,8,0,0,0,0,3,1,6,2,36,7,1796,1,7,1,1,1
2016200144859,1,9,0,6,0,8,0,0,0,0,1,1,6,3,-1,-1,1896,2,16,-1,-1,-1
2016200144859,2,9,0,18,0,8,0,0,0,0,1,1,6,1,22,5,1968,2,5,7,1,7
2016200144859,3,9,0,3,0,1,0,0,0,0,3,1,6,1,20,4,1900,2,10,2,1,2
2016200144859,4,9,0,4,0,1,0,0,0,0,1,1,6,1,24,5,1995,1,11,1,1,1
2016200144864,1,9,0,14,0,0,0,0,0,0,1,1,6,2,18,4,998,1,13,7,1,7
2016200144864,2,9,0,18,0,0,0,0,0,0,1,1,6,2,45,7,1397,1,8,7,1,7
2016200144867,1,9,0,18,0,3,1,10,1,10,1,1,6,1,26,6,1998,1,11,2,1,2
2016200144867,2,9,0,9,0,4,0,0,0,0,2,1,6,1,22,5,1242,1,8,1,1,1
2016200144872,1,9,0,14,0,0,0,0,0,0,0,1,6,3,-1,-1,-1,-1,-1,-1,-1,-1
2016200144872,2,11,0,5,0,0,0,0,0,0,0,1,1,1,27,6,4500,2,1,3,1,3
2016200144886,1,9,0,18,0,0,0,0,0,0,1,1,6,1,-1,-1,1968,2,-1,1,1,1
2016200144889,1,9,0,7,0,6,0,0,0,0,3,1,6,2,27,6,1598,2,1,3,1,3
2016200144889,2,9,0,18,0,8,1,0,0,0,1,1,6,1,24,5,2000,2,11,2,1,2
2016200144905,1,9,0,5,0,4,0,0,0,0,1,1,1,2,73,10,973,1,14,4,1,4
2016200144905,2,1,0,18,0,3,0,0,0,0,4,1,1,2,60,9,-1,-1,-1,6,1,6
2016200144906,1,9,0,18,0,1,0,0,0,0,1,1,6,1,31,6,1390,1,8,1,1,1
2016200144910,1,9,0,18,0,0,0,0,0,0,1,1,6,3,-1,-1,-1,-1,-1,-1,-1,-1
2016200144959,1,9,0,9,0,5,0,0,4,0,1,1,6,1,46,8,1149,1,6,5,1,5
2016200144959,2,9,0,18,0,8,0,0,0,0,1,1,6,1,55,8,1896,2,9,7,1,7
2016200144978,1,9,0,1,0,0,0,7,0,0,2,1,1,3,-1,-1,1968,2,5,-1,-1,-1
2016200145038,1,9,0,18,0,4,0,0,0,0,3,1,2,2,26,6,1398,1,1,1,1,1
2016200145038,2,3,0,9,0,3,0,0,0,0,1,1,2,1,59,9,125,1,1,2,1,2
2016200145057,1,9,0,9,0,8,0,0,0,0,1,1,6,3,-1,-1,-1,-1,-1,-1,-1,-1
2016200145057,2,9,0,18,0,4,0,0,0,0,3,1,6,2,27,6,1496,2,-1,10,1,10
2016200145059,1,9,0,18,0,6,0,0,0,0,3,1,1,1,43,7,998,1,3,10,1,10
2016200145059,2,9,0,18,0,8,0,0,0,0,1,1,1,1,25,5,1242,1,6,8,1,8
2016200145168,1,9,0,7,0,4,0,4,0,0,2,1,6,3,-1,-1,1988,1,15,-1,-1,-1
2016200145168,2,9,0,18,0,8,0,0,0,0,0,1,6,1,69,10,1560,2,-1,3,1,3
2016200145168,3,9,0,2,0,2,0,0,0,0,1,1,6,3,46,8,1968,2,2,2,1,2
2016200145168,4,9,0,2,0,2,0,0,0,0,1,1,6,3,-1,-1,1999,2,-1,1,1,1
2016200145168,5,9,0,2,0,2,0,0,0,0,1,1,6,3,-1,-1,1998,2,10,1,1,1
2016200145196,1,9,0,7,0,5,0,4,7,11,1,1,6,1,36,7,1298,1,20,-1,-1,-1
2016200145196,2,9,0,2,0,1,0,0,0,0,1,1,6,3,-1,-1,1598,1,18,-1,-1,-1
2016200145213,1,9,0,18,0,0,0,0,2,0,3,1,6,1,51,8,1242,1,7,8,1,8
2016200145213,2,98,0,18,0,0,0,0,0,0,1,1,6,1,48,8,-1,-1,-1,-1,-1,-1
2016200145221,1,8,0,5,0,8,0,0,0,0,1,1,1,1,27,6,2499,2,5,1,1,1
2016200145221,2,9,0,18,0,8,0,0,0,0,3,1,1,1,-1,-1,1598,2,1,-1,-1,-1
2016200145420,1,9,0,9,0,5,0,0,0,0,3,1,5,1,68,10,1598,1,14,1,1,1
2016200145437,1,9,0,11,0,0,0,0,0,0,1,1,6,1,-1,-1,1339,1,3,9,1,9
2016200145437,2,1,0,18,0,0,0,0,0,0,4,1,6,1,71,10,-1,-1,-1,3,1,3
2016200145458,1,9,0,9,0,6,0,0,0,0,1,1,6,3,-1,-1,1229,1,10,-1,-1,-1
2016200145458,2,9,0,9,0,5,0,0,0,0,3,1,6,1,28,6,1968,2,11,1,1,1
2016200145463,1,19,0,18,0,1,0,0,0,0,1,1,2,1,51,8,1753,2,9,2,1,2
2016200145466,1,9,0,18,0,2,1,10,0,0,4,1,6,1,44,7,2495,1,14,5,1,5
2016200145466,2,9,0,18,0,1,1,0,0,0,4,1,6,2,44,7,1596,1,5,10,1,10
2016200145470,1,19,0,9,0,5,0,0,0,0,1,1,6,3,-1,-1,2143,2,2,-1,-1,-1
2016200145476,1,9,0,18,0,4,0,0,0,0,1,1,6,2,30,6,999,1,1,2,1,2
2016200145476,2,1,0,18,0,8,0,0,0,0,4,1,5,1,50,8,-1,-1,-1,6,1,6
2016200145516,1,9,0,9,0,5,0,0,0,0,1,1,6,1,42,7,1796,1,11,2,1,2
2016200145516,2,4,0,18,0,8,2,0,0,0,3,1,2,1,53,8,246,1,36,-1,-1,-1
2016200145518,1,9,0,18,0,1,0,0,0,0,1,1,1,1,34,6,1796,1,9,6,1,6
2016200145542,1,9,0,18,0,8,0,0,0,0,3,1,6,3,-1,-1,1968,2,12,-1,-1,-1
2016200145542,2,9,0,9,0,6,0,0,0,0,1,1,6,2,34,6,1984,1,9,4,1,4
2016200145586,1,9,0,4,0,1,0,0,0,0,3,1,6,2,26,6,998,1,-1,1,1,1
2016200145586,2,1,0,18,0,1,0,0,0,0,1,1,6,1,10,2,-1,-1,-1,4,1,4
2016200145608,1,9,0,4,0,1,0,0,0,0,1,1,6,3,-1,-1,1995,2,1,1,1,1
2016200145608,2,9,0,4,0,1,0,0,0,0,2,1,2,1,-1,-1,1397,1,14,7,1,7
2016200145608,3,9,0,5,0,1,0,0,0,0,2,1,2,2,-1,-1,1388,1,7,5,1,5
2016200145634,1,8,0,1,0,6,0,0,0,0,0,1,1,3,-1,-1,1598,2,2,6,1,6
2016200145692,1,9,0,17,0,8,0,0,0,0,1,1,6,1,40,7,1596,1,8,5,1,5
2016200145692,2,9,0,9,0,6,0,0,0,0,3,1,6,2,54,8,1498,1,1,3,1,3
2016200145715,1,9,0,18,0,1,0,0,0,0,0,1,6,3,-1,-1,1197,1,2,-1,-1,-1
2016200145715,2,9,0,3,0,1,0,0,0,0,0,1,6,2,66,10,1997,2,2,3,1,3
2016200145733,1,21,0,-1,-1,0,0,-1,-1,0,-1,1,6,1,44,7,12740,2,3,9,1,9
2016200145733,2,1,0,-1,-1,0,0,-1,-1,0,-1,1,6,1,18,4,-1,-1,-1,-1,-1,-1
2016200145742,1,9,0,18,0,0,0,10,1,11,1,1,6,1,20,4,1679,1,17,1,1,1
2016200145754,1,9,0,5,0,0,0,0,0,0,1,1,6,1,29,6,1497,1,14,2,1,2
2016200145754,2,9,0,3,0,0,0,0,0,0,2,1,6,1,51,8,1596,1,6,-1,-1,-1
2016200145756,1,9,0,4,0,0,0,0,0,0,3,1,6,1,85,11,2993,2,5,-1,-1,-1
2016200145756,2,9,0,4,0,0,0,0,4,0,1,1,6,1,25,5,1798,1,8,9,1,9
2016200145756,3,9,0,4,0,0,0,0,0,0,2,1,6,1,30,6,-1,-1,-1,1,1,1
2016200145781,1,9,0,7,0,5,0,0,0,0,4,1,5,2,39,7,1341,1,11,1,1,1
2016200145787,1,9,0,9,0,8,0,0,0,0,1,1,6,2,44,7,1248,2,7,1,1,1
2016200145787,2,9,0,18,0,8,0,0,0,0,1,1,6,2,18,4,1360,1,10,4,1,4
2016200145792,1,90,0,18,0,0,0,0,0,0,1,1,6,3,-1,-1,-1,-1,-1,-1,-1,-1
2016200145793,1,9,0,18,0,0,1,10,0,0,1,1,6,1,62,9,-1,-1,-1,3,1,3
2016200145794,1,9,0,18,0,8,0,0,0,0,4,1,5,1,30,6,2362,1,13,1,1,1
2016200145794,2,9,0,18,0,6,0,0,0,0,1,1,5,1,35,6,998,1,5,1,1,1
2016200145796,1,5,0,9,0,6,0,0,0,0,3,1,5,2,32,6,892,1,18,10,2,10
2016200145796,2,9,0,18,0,8,0,0,0,0,1,1,2,1,35,6,-1,3,1,10,1,10
2016200145804,1,8,0,18,0,8,0,0,0,0,1,1,1,1,49,8,2664,2,17,1,1,1
2016200145805,1,11,0,18,0,0,0,0,0,0,0,1,6,1,-1,-1,6696,2,3,1,1,1
2016200145805,2,9,0,14,0,0,0,10,1,0,0,1,6,3,-1,-1,-1,-1,-1,-1,-1,-1
2016200145819,1,9,0,11,0,0,0,0,0,0,1,1,6,1,26,6,-1,-1,-1,4,1,4
2016200145819,2,9,0,3,0,0,0,0,0,0,2,1,6,2,41,7,1229,1,3,3,1,3
2016200145830,1,3,0,14,0,8,0,0,0,0,4,1,2,1,32,6,-1,-1,-1,1,1,1
2016200145830,2,8,0,5,0,6,0,0,0,0,1,1,1,1,52,8,27664,2,19,1,1,1
2016200145833,1,9,0,18,0,0,0,0,0,0,1,1,6,3,-1,-1,1461,2,-1,-1,-1,-1
2016200145833,2,9,0,3,0,0,0,0,0,0,2,1,1,2,25,5,1396,1,6,8,2,8
2016200145840,1,9,0,9,0,8,0,0,0,0,1,1,6,1,28,6,998,1,9,1,1,1
2016200145840,2,9,0,18,0,8,0,10,1,10,1,1,6,1,23,5,1968,2,8,-1,-1,-1
2016200145910,1,19,0,16,0,1,0,0,0,0,1,1,1,3,44,7,1560,2,-1,1,1,1
2016200145910,2,9,0,17,0,2,0,0,0,0,1,1,6,2,26,6,1596,1,12,-1,-1,-1
2016200145958,1,9,0,18,0,8,0,0,0,0,1,1,6,2,31,6,1199,1,15,5,1,5
2016200145958,2,9,0,18,0,6,0,0,0,0,3,1,6,3,-1,-1,-1,-1,-1,-1,-1,-1
2016200145973,1,98,1,11,0,4,0,0,0,0,1,1,1,3,35,6,-1,-1,-1,-1,-1,-1
2016200145973,2,9,0,7,0,3,0,0,0,0,3,1,2,1,53,8,1598,2,-1,8,2,8
2016200146000,1,19,0,17,0,0,5,0,0,0,4,1,6,1,26,6,1686,2,13,1,1,1
2016200146012,1,9,0,18,0,6,0,0,0,0,3,1,6,3,-1,-1,-1,-1,-1,-1,-1,-1
2016200146012,2,1,0,5,0,8,0,0,0,0,3,1,2,1,40,7,-1,-1,-1,8,1,8
2016200146022,1,9,0,18,0,1,0,0,0,0,1,1,6,3,-1,-1,-1,-1,-1,-1,-1,-1
2016200146200,1,9,0,14,0,0,0,0,0,0,1,1,6,3,-1,-1,-1,-1,-1,-1,-1,-1
2016200146200,2,9,0,18,0,0,0,0,0,0,3,1,6,1,45,7,1598,1,9,2,1,2
2016200146202,1,9,0,18,0,0,0,4,0,0,1,1,6,2,74,10,1968,2,4,1,1,1
2016200146202,2,9,0,2,0,0,0,0,0,0,1,1,6,2,56,9,1390,1,10,7,1,7
2016200146204,1,9,0,4,0,0,0,0,0,0,2,1,2,2,25,5,1968,2,2,2,1,2
2016200146204,2,3,0,4,0,0,1,0,0,0,1,1,2,1,25,5,124,1,14,4,1,4
2016200146211,1,9,0,18,0,1,0,10,2,4,4,1,6,2,21,5,998,1,16,3,1,3
2016200146216,1,9,0,18,0,0,0,0,0,0,1,1,6,3,-1,-1,1299,1,14,-1,-1,-1
2016200146216,2,9,0,18,0,0,0,10,1,0,1,1,6,1,55,8,2143,2,4,7,1,7
2016200146220,1,9,0,18,0,4,0,0,0,0,1,1,6,1,34,6,1248,2,2,1,1,1
2016200146223,1,9,0,18,0,1,0,0,0,0,1,1,1,1,50,8,1396,1,2,7,1,7
2016200146223,2,9,0,3,0,1,0,0,0,0,3,1,1,1,47,8,998,1,12,2,1,2
2016200146223,3,9,0,3,0,1,0,0,0,0,3,1,1,2,40,7,2000,1,12,2,1,2
2016200146224,1,9,0,9,0,8,0,0,0,0,1,1,5,1,17,4,1398,1,5,1,1,1
2016200146224,2,8,0,18,0,8,0,0,0,0,1,1,1,1,47,8,1997,2,10,2,1,2
2016200146227,1,5,0,14,0,8,0,0,0,0,1,1,5,1,46,8,600,1,12,7,1,7
2016200146227,2,9,0,7,0,6,0,0,0,0,1,1,6,3,30,6,1781,1,13,-1,-1,-1
2016200146228,1,9,0,3,0,0,0,0,0,0,2,1,6,3,-1,-1,1596,1,8,8,1,8
2016200146228,2,9,0,18,0,0,0,0,0,0,1,1,6,2,-1,-1,1995,2,11,5,1,5
2016200146231,1,9,0,9,0,6,0,0,0,0,1,1,6,3,-1,-1,1598,1,15,-1,-1,-1
2016200146231,2,9,0,18,0,8,0,0,0,0,4,1,6,1,48,8,-1,-1,-1,1,1,1
2016200146252,1,9,0,12,0,2,1,0,0,0,1,1,6,1,28,6,1995,2,7,2,1,2
2016200146252,2,9,0,18,0,1,0,0,0,0,1,1,6,1,40,7,998,1,4,1,1,1
2016200146267,1,9,0,13,0,1,1,0,0,0,2,1,6,1,23,5,1799,1,13,6,1,6
2016200146267,2,9,0,5,0,1,0,0,0,0,2,1,6,1,34,6,1896,2,12,3,1,3
2016200146275,1,11,0,18,0,0,0,0,0,0,1,1,1,1,40,7,4461,2,4,1,1,1
2016200146278,1,-1,0,18,0,1,0,0,0,0,1,1,6,3,-1,-1,-1,-1,-1,-1,-1,-1
2016200146281,1,9,0,18,0,1,0,0,0,0,1,1,6,3,-1,-1,-1,-1,-1,-1,-1,-1
2016200146290,1,9,0,18,0,0,0,0,0,0,1,1,1,1,31,6,1598,2,-1,1,1,1
2016200146328,1,9,0,5,0,6,1,0,0,0,1,1,1,2,24,5,998,1,-1,3,1,3
2016200146328,2,9,0,18,0,8,1,0,0,0,1,1,1,1,60,9,-1,-1,-1,2,1,2
2016200146335,1,9,0,9,0,6,0,0,0,0,1,1,6,3,-1,-1,1600,1,11,-1,-1,-1
2016200146337,1,9,0,3,0,8,0,0,0,0,2,1,6,1,54,8,1360,1,9,1,1,1
2016200146337,2,9,0,18,0,8,0,0,0,0,1,1,6,2,22,5,1299,1,14,5,1,5
2016200146380,1,97,0,18,0,8,2,0,3,0,1,1,6,1,-1,-1,-1,-1,-1,-1,-1,-1
2016200146380,2,9,0,9,0,8,0,0,0,0,1,1,6,1,29,6,1686,2,11,1,1,1
2016200146382,1,9,0,4,0,0,0,0,0,0,2,1,6,2,-1,-1,3456,8,6,-1,-1,-1
2016200146382,2,9,0,18,0,0,0,0,0,0,1,1,6,2,31,6,1587,1,12,9,1,9
2016200146433,1,9,0,18,0,0,0,0,0,0,1,1,6,3,20,4,1398,2,12,6,1,6
2016200146439,1,9,0,13,0,8,0,0,7,0,1,1,6,1,24,5,1199,7,11,3,1,3
2016200146439,2,8,0,9,0,5,1,0,0,0,3,1,1,1,42,7,1896,2,9,2,1,2
2016200146470,1,9,0,-1,-1,0,0,-1,-1,0,-1,1,6,3,-1,-1,-1,-1,-1,-1,-1,-1
2016200146506,1,9,0,18,0,0,0,4,0,0,1,1,1,1,33,6,1968,2,7,4,1,4
2016200146506,2,20,0,2,0,0,0,0,0,0,2,1,1,1,53,8,2402,2,8,2,1,2
2016200146515,1,9,0,18,0,6,0,0,0,0,1,1,6,1,21,5,1396,1,15,1,1,1
2016200146515,2,9,0,18,0,8,0,10,1,0,3,1,6,1,41,7,1796,7,11,1,1,1
2016200146515,3,9,0,2,9,2,0,0,0,0,2,1,6,1,30,6,1910,2,9,1,1,1
2016200146520,1,9,0,7,0,6,1,10,7,0,1,1,6,1,24,5,2979,1,15,2,1,2
2016200146520,2,9,0,2,9,1,0,0,0,0,3,1,6,3,-1,-1,1896,2,14,-1,-1,-1
2016200146520,3,9,0,2,9,1,0,0,0,0,1,1,6,3,-1,-1,1598,1,11,-1,-1,-1
2016200146520,4,9,0,18,0,2,0,0,0,0,0,1,6,3,-1,-1,2993,2,2,1,1,1
2016200146538,1,9,0,18,0,0,0,10,1,4,1,1,1,1,43,7,1995,2,-1,8,1,8
2016200146552,1,9,0,18,0,1,0,0,0,0,1,1,6,3,-1,-1,1796,1,12,-1,-1,-1
2016200146552,2,9,0,3,0,1,0,0,0,0,2,1,6,1,28,6,1198,1,9,2,1,2
2016200146568,1,9,0,18,0,4,0,0,0,0,1,1,6,2,52,8,2143,2,1,3,1,3
2016200146568,2,9,0,18,0,5,0,0,0,0,1,1,6,3,-1,-1,1956,2,6,2,1,2
2016200146583,1,9,0,4,0,0,0,0,0,0,1,1,2,3,27,6,1686,2,5,2,1,2
2016200146583,2,9,0,4,0,0,0,0,0,0,2,1,2,1,31,6,1390,1,7,2,1,2
2016200146583,3,9,0,4,0,0,0,0,0,0,2,1,2,1,23,5,1598,1,2,9,1,9
2016200146586,1,9,0,1,0,6,0,0,0,0,2,1,6,2,-1,-1,-1,-1,-1,9,1,9
2016200146586,2,1,0,18,0,8,0,0,0,0,4,1,6,1,70,10,-1,-1,-1,7,1,7
2016200146591,1,9,0,18,0,8,0,0,0,0,3,1,6,2,34,6,1560,2,1,2,1,2
2016200146591,2,9,0,18,0,8,0,0,0,0,1,1,6,3,62,9,1598,1,9,4,1,4
2016200146631,1,9,0,7,0,2,1,10,8,0,1,1,6,3,-1,-1,-1,-1,-1,-1,-1,-1
2016200146631,2,9,0,18,0,2,0,0,0,0,1,1,1,1,28,6,1497,8,9,2,1,2
2016200146660,1,9,0,18,0,1,0,0,0,0,1,1,6,3,-1,-1,1998,1,12,-1,-1,-1
2016200146660,2,9,0,8,0,1,0,0,0,0,2,1,6,2,45,7,1560,2,5,1,1,1
2016200146661,1,9,0,18,0,1,0,0,0,0,1,1,6,3,30,6,-1,-1,-1,-1,-1,-1
2016200146661,2,9,0,8,0,1,0,0,0,0,2,1,5,1,53,8,1299,1,18,4,1,4
2016200146668,1,9,0,18,0,8,0,0,0,0,1,1,6,3,-1,-1,1598,1,13,-1,-1,-1
2016200146668,2,9,0,9,0,6,0,0,0,0,1,1,2,2,39,7,1999,1,11,1,1,1
2016200146669,1,9,0,5,0,4,0,0,0,0,1,1,6,1,38,7,1900,2,9,2,1,2
2016200146669,2,9,0,9,0,3,0,0,0,0,4,1,6,1,28,6,1398,1,-1,2,1,2
2016200146679,1,9,0,18,0,1,0,0,0,0,1,1,6,2,24,5,1968,2,4,4,1,4
2016200146685,1,9,0,3,0,0,0,0,0,0,1,1,6,2,30,6,1396,1,4,-1,-1,-1
2016200146710,1,9,0,18,0,8,0,0,0,0,1,1,6,1,24,5,1984,1,-1,4,1,4
2016200146710,2,9,0,18,0,8,0,7,0,0,2,1,1,1,39,7,1560,2,7,2,1,2
2016200146769,1,9,0,18,0,6,0,0,0,0,1,1,6,3,-1,-1,-1,-1,-1,-1,-1,-1
2016200146769,2,1,0,18,0,8,0,0,0,0,1,1,6,1,25,5,-1,-1,-1,3,1,3
2016200146798,1,9,0,9,0,6,0,0,0,0,1,1,6,1,19,4,1984,1,11,3,1,3
2016200146798,2,9,0,18,0,8,0,0,0,0,4,1,6,2,75,10,2497,1,7,9,1,9
2016200146809,1,9,0,9,0,6,0,0,0,0,1,1,6,1,56,9,1896,2,9,7,1,7
2016200146809,2,9,0,18,0,1,1,10,7,11,1,1,6,1,44,7,1896,2,15,-1,-1,-1
2016200146814,1,9,0,18,0,3,0,0,0,0,3,1,6,3,-1,-1,-1,-1,-1,-1,-1,-1
2016200146814,2,9,0,18,0,3,0,0,0,0,2,1,1,1,52,8,1997,2,3,1,1,1
2016200146877,1,9,0,18,0,0,0,0,0,0,1,1,6,1,21,5,-1,-1,-1,-1,-1,-1