Accident_Index,Vehicle_Reference,Vehicle_Type,Towing_and_Articulation,Vehicle_Manoeuvre,Vehicle_Location-Restricted_Lane,Junction_Location,Skidding_and_Overturning,Hit_Object_in_Carriageway,Vehicle_Leaving_Carriageway,Hit_Object_off_Carriageway,1st_Point_of_Impact,Was_Vehicle_Left_Hand_Drive?,Journey_Purpose_of_Driver,Sex_of_Driver,Age_of_Driver,Age_Band_of_Driver,Engine_Capacity_(CC),Propulsion_Code,Age_of_Vehicle,Driver_IMD_Decile,Driver_Home_Area_Type,Vehicle_IMD_Decile
2016200146877,2,9,0,18,0,0,0,0,0,0,1,1,6,1,46,8,2198,1,8,5,1,5
2016200146887,1,9,0,18,0,0,0,0,0,0,3,1,6,2,53,8,1461,2,1,-1,-1,-1
2016200146887,2,9,0,18,0,0,0,0,0,0,3,1,6,2,34,6,1968,2,3,-1,-1,-1
2016200146899,1,9,0,18,0,2,0,0,0,0,2,1,1,1,40,7,1686,2,2,2,2,2
2016200146899,2,9,0,18,0,2,0,0,0,0,1,1,6,1,20,4,1497,1,14,3,1,3
2016200147001,1,9,0,18,0,1,0,0,0,0,1,1,6,1,21,5,1360,1,16,3,2,3
2016200147001,2,9,0,18,0,1,0,0,0,0,2,1,6,1,20,4,1242,1,12,3,1,3
2016200147038,1,9,0,7,0,0,0,0,0,0,1,1,6,2,55,8,1298,1,14,2,1,2
2016200147038,2,9,0,18,0,0,0,0,0,0,1,1,6,1,22,5,995,1,4,1,1,1
2016200147049,1,9,0,18,0,0,0,0,0,0,3,1,6,1,26,6,1781,1,12,-1,-1,-1
2016200147049,2,9,5,4,0,0,0,0,0,0,0,1,1,3,-1,-1,2993,2,3,-1,-1,-1
2016200147049,3,9,0,3,0,0,0,0,0,0,1,1,5,1,66,10,1799,1,10,3,1,3
2016200147049,4,9,0,3,0,0,0,0,0,0,1,1,5,1,27,6,1968,2,7,2,1,2
2016200147049,5,9,0,3,0,0,0,0,0,0,3,1,5,1,45,7,-1,-1,-1,2,1,2
2016200147049,6,9,0,3,0,0,0,0,0,0,0,1,1,1,-1,-1,2993,2,3,-1,-1,-1
2016200147109,1,9,0,9,0,5,0,10,1,2,1,1,6,3,-1,-1,1798,1,14,-1,-1,-1
2016200147109,2,9,0,18,0,1,0,0,0,0,1,1,6,2,49,8,1598,1,8,8,1,8
2016200147126,1,9,0,18,0,0,0,10,4,0,1,1,6,1,22,5,-1,-1,-1,1,1,1
2016200147173,1,9,0,18,0,2,0,0,0,0,1,1,2,2,41,7,1124,1,13,3,1,3
2016200147175,1,9,0,9,0,5,0,0,0,0,1,1,6,1,40,7,1199,1,17,4,1,4
2016200147175,2,9,0,18,0,8,0,0,0,0,1,1,6,1,89,11,1118,1,24,8,1,8
2016200147198,1,9,0,4,0,1,1,0,0,0,4,1,6,1,22,5,1229,1,9,5,1,5
2016200147198,2,9,0,3,0,1,0,0,0,0,3,1,1,1,31,6,-1,-1,-1,2,1,2
2016200147202,1,9,0,18,0,2,0,0,0,0,1,1,5,2,35,6,1997,2,8,6,1,6
2016200147205,1,9,0,7,0,2,0,0,0,0,1,1,6,2,36,7,1796,1,9,2,1,2
2016200147205,2,1,0,18,0,2,0,0,0,0,1,1,6,1,55,8,-1,-1,-1,1,1,1
2016200147207,1,9,0,18,0,1,0,0,0,0,1,1,6,3,22,5,-1,-1,-1,1,1,1
2016200147207,2,9,0,10,0,1,0,0,0,0,2,1,6,1,23,5,1968,2,6,3,1,3
2016200147221,1,9,0,14,0,0,0,0,0,0,4,1,6,1,26,6,1995,2,3,2,1,2
2016200147221,2,9,0,6,0,0,0,0,0,0,3,1,6,3,-1,-1,1242,1,15,-1,-1,-1
2016200147230,1,9,0,18,0,0,0,0,0,0,1,1,6,3,-1,-1,-1,-1,-1,-1,-1,-1
2016200147256,1,9,0,18,0,8,0,0,0,0,1,1,6,3,-1,-1,2982,2,14,5,3,5
2016200147256,2,9,0,18,0,4,0,0,0,0,1,1,6,1,-1,-1,1995,2,14,-1,-1,-1
2016200147258,1,9,0,18,0,0,0,0,0,0,3,1,6,1,30,6,2204,2,11,5,1,5
2016200147269,1,9,0,9,0,6,0,0,0,0,3,1,6,1,71,10,-1,-1,-1,9,1,9
2016200147269,2,1,0,18,0,8,0,0,0,0,1,1,1,1,20,4,-1,-1,-1,3,1,3
2016200147278,1,9,0,18,0,8,1,0,0,0,1,1,6,1,86,11,1124,1,15,7,1,7
2016200147278,2,9,0,10,0,8,0,0,0,0,2,1,6,2,51,8,1388,1,13,9,2,9
2016200147280,1,9,0,18,0,1,0,0,0,0,1,1,6,3,-1,-1,1995,2,-1,-1,-1,-1
2016200147280,2,9,0,10,0,1,0,0,0,0,2,1,6,1,59,9,1679,1,16,6,1,6
2016200147283,1,9,0,18,0,0,1,4,0,0,1,1,6,1,25,5,1339,1,14,5,1,5
2016200147283,2,9,0,2,0,0,0,4,0,0,2,1,6,3,-1,-1,-1,-1,-1,-1,-1,-1
2016200147283,3,98,0,2,0,0,0,0,0,0,2,1,6,3,-1,-1,-1,-1,-1,-1,-1,-1
2016200147303,1,9,0,2,0,0,0,0,0,0,2,1,6,3,-1,-1,998,1,7,-1,-1,-1
2016200147303,2,8,0,18,0,0,0,4,0,0,1,1,6,3,-1,-1,-1,-1,-1,-1,-1,-1
2016200147327,1,9,0,18,0,0,0,0,0,0,1,1,6,3,-1,-1,1686,2,11,-1,-1,-1
2016200147327,2,9,0,3,0,0,0,4,0,0,2,1,6,1,31,6,1390,1,12,1,1,1
2016200147327,3,9,0,2,0,0,0,0,0,0,1,1,6,1,-1,-1,1984,1,4,1,1,1
2016200147330,1,8,0,2,0,0,0,0,0,0,0,1,1,1,-1,-1,-1,-1,-1,-1,-1,-1
2016200147363,1,9,0,18,0,0,0,0,0,0,1,1,6,1,28,6,999,1,1,3,1,3
2016200147363,2,9,0,4,0,0,0,0,0,0,2,1,1,1,40,7,2993,2,3,-1,-1,-1
2016200147384,1,9,0,4,0,1,0,0,0,0,2,1,6,1,41,7,2143,2,-1,2,1,2
2016200147384,2,9,0,18,0,1,0,0,0,0,1,1,6,3,-1,-1,1595,2,7,-1,-1,-1
2016200147394,1,9,0,12,0,0,0,0,0,0,3,1,6,1,28,6,1896,2,8,7,1,7
2016200147394,2,21,1,11,0,0,0,0,0,0,4,1,6,1,34,6,12777,2,10,3,1,3
2016200147429,1,9,0,18,0,8,0,0,0,0,1,1,6,3,85,11,1997,2,9,2,1,2
2016200147429,2,9,0,18,0,8,0,0,0,0,3,1,6,1,23,5,1590,1,13,5,1,5
2016200147486,1,9,1,11,0,0,0,0,0,0,1,1,6,1,45,7,-1,-1,-1,2,1,2
2016200147486,2,9,0,18,0,0,0,0,0,0,2,1,6,1,27,6,999,1,1,6,2,6
2016200147486,3,9,0,18,0,0,0,0,0,0,1,1,6,1,28,6,1364,1,8,6,3,6
2016200147486,4,9,0,18,0,0,0,0,0,0,1,1,6,3,-1,-1,2143,2,7,-1,-1,-1
2016200147695,1,9,0,9,0,6,0,0,0,0,1,1,6,1,-1,-1,1499,2,3,1,1,1
2016200147695,2,9,0,10,0,8,0,0,0,0,2,1,2,1,42,7,1298,1,16,1,1,1
2016200147699,1,9,0,9,0,6,0,0,0,0,1,1,5,1,80,11,1799,1,10,8,1,8
2016200147699,2,9,0,18,0,8,0,0,0,0,1,1,5,2,40,7,1360,1,8,8,1,8
2016200147720,1,9,0,9,0,8,0,0,0,0,1,1,1,1,50,8,1781,1,24,8,1,8
2016200147720,2,1,0,18,0,8,0,0,0,0,1,1,1,1,52,8,-1,-1,-1,3,1,3
2016200147726,1,9,0,18,0,0,1,7,4,1,1,1,1,2,29,6,1598,1,10,5,1,5
2016200147726,2,98,0,6,0,0,0,0,0,0,3,1,6,3,-1,-1,-1,-1,-1,-1,-1,-1
2016200147753,1,9,0,9,0,6,0,0,0,0,3,1,6,2,58,9,698,1,9,8,1,8
2016200147753,2,9,0,18,0,8,0,0,0,0,1,1,6,1,52,8,1596,1,12,2,1,2
2016200147794,1,21,0,11,0,0,0,0,0,0,3,1,1,1,45,7,6870,2,4,-1,-1,-1
2016200147794,2,9,0,18,0,0,0,0,0,0,4,1,1,1,53,8,2494,8,-1,4,1,4
2016200147794,3,19,0,18,0,0,0,0,0,0,1,1,1,1,59,9,2143,2,-1,-1,-1,-1
2016200147830,1,9,0,7,0,2,1,4,0,0,1,1,6,1,24,5,1199,1,16,1,1,1
2016200147830,2,9,0,5,0,1,0,0,0,0,2,1,6,1,41,7,1796,1,14,1,1,1
2016200147830,3,9,0,2,0,2,0,0,0,0,1,1,6,3,-1,-1,1598,1,7,-1,-1,-1
2016200147843,1,9,0,18,0,1,0,0,0,0,1,1,2,2,19,4,1242,1,10,6,1,6
2016200147843,2,9,0,3,0,1,0,0,0,0,2,1,1,2,-1,-1,1248,2,5,-1,-1,-1
2016200147876,1,9,0,18,0,0,0,0,1,0,-1,1,6,1,57,9,-1,-1,-1,3,1,3
2016200147876,2,-1,0,-1,0,0,0,0,0,0,-1,1,6,3,-1,-1,-1,-1,-1,-1,-1,-1
2016200147938,1,9,0,9,0,5,0,0,0,0,4,1,6,2,43,7,1686,2,4,1,1,1
2016200147938,2,2,0,18,0,8,0,0,0,0,1,1,6,1,16,4,49,1,1,2,1,2
2016200147963,1,9,0,18,0,0,1,4,2,4,1,1,6,1,19,4,1596,1,13,2,1,2
2016200147963,2,9,0,2,0,0,0,0,0,0,1,1,6,3,-1,-1,998,1,17,-1,-1,-1
2016200147963,3,9,0,18,0,0,0,0,0,0,0,1,1,1,-1,-1,-1,-1,-1,3,1,3
2016200147971,1,9,0,18,0,0,0,0,0,0,1,1,6,2,69,10,1242,1,2,1,1,1
2016200147989,1,19,0,11,0,0,0,0,0,0,0,1,1,1,49,8,2198,2,9,7,1,7
2016200147989,2,9,0,18,0,0,1,0,0,0,1,1,1,2,39,7,1596,1,13,1,1,1
2016200147989,3,98,1,18,0,0,0,0,0,0,3,1,1,1,42,7,-1,-1,-1,-1,-1,-1
2016200148137,1,9,0,18,0,1,0,0,0,0,1,1,6,1,29,6,1988,1,17,8,1,8
2016200148137,2,9,0,3,0,1,0,0,0,0,2,1,6,2,39,7,1598,1,9,5,1,5
2016200148137,3,9,0,3,0,1,0,0,0,0,2,1,6,1,32,6,1999,1,11,1,1,1
2016200148215,1,9,0,18,0,1,0,0,0,0,4,1,6,1,34,6,1995,2,11,1,1,1
2016200148272,1,9,0,7,0,5,0,0,0,0,1,1,6,3,-1,-1,-1,-1,-1,-1,-1,-1
2016200148284,1,9,0,5,0,6,0,0,0,0,3,1,1,3,-1,-1,-1,-1,-1,-1,-1,-1
2016200148284,2,9,0,18,0,8,0,0,0,0,1,1,1,3,-1,-1,-1,-1,-1,-1,-1,-1
2016200148315,1,9,0,9,0,5,0,0,7,0,1,1,6,1,31,6,998,1,15,-1,-1,-1
2016200148315,2,9,0,18,0,8,0,0,1,0,2,1,6,1,37,7,1968,2,2,1,1,1
2016200148315,3,9,0,18,0,1,0,0,0,0,0,1,1,1,-1,-1,2967,2,1,-1,-1,-1
2016200148326,1,9,0,4,0,0,0,0,0,0,1,1,6,1,40,7,-1,-1,-1,3,1,3
2016200148331,1,9,0,5,0,8,0,0,0,0,0,1,6,1,21,5,1560,2,10,2,1,2
2016200148331,2,9,0,3,0,8,0,0,0,0,1,1,6,1,21,5,1229,1,6,2,1,2
2016200148331,3,9,0,3,0,8,0,0,0,0,1,1,6,1,28,6,998,1,7,-1,-1,-1
2016200148356,1,8,0,9,0,8,0,0,0,0,1,1,1,1,35,6,2664,2,17,7,1,7
2016200148356,2,3,0,18,0,8,0,0,2,0,3,1,6,1,18,4,124,1,12,7,1,7
2016200148388,1,9,0,18,0,0,0,0,0,0,1,1,6,1,43,7,1685,2,3,10,1,10
2016200148388,2,9,0,18,0,0,0,0,0,0,1,1,6,1,59,9,-1,-1,-1,2,1,2
2016200148406,1,9,0,18,0,1,1,0,0,0,1,1,6,1,22,5,1598,1,2,2,1,2
2016200148417,1,9,0,18,0,0,1,10,0,0,1,1,6,3,-1,-1,1995,1,15,-1,-1,-1
2016200148417,2,9,0,18,0,0,0,0,0,0,3,1,6,1,35,6,1995,2,14,1,1,1
2016200148485,1,9,0,4,0,1,0,0,0,0,1,1,6,3,-1,-1,-1,-1,-1,-1,-1,-1
2016200148485,2,9,0,3,0,1,0,0,0,0,2,1,2,2,24,5,1124,1,12,3,1,3
2016200148492,1,9,0,18,0,1,0,0,0,0,1,1,6,3,-1,-1,-1,-1,-1,-1,-1,-1
2016200148492,2,9,0,3,0,1,0,0,0,0,1,1,6,2,-1,-1,1242,1,5,5,1,5
2016200148495,1,9,0,14,0,1,0,0,0,0,4,1,6,1,26,6,1968,2,1,7,1,7
2016200148520,1,9,0,18,0,0,1,0,0,0,1,1,6,2,38,7,1984,2,8,10,1,10
2016200148529,1,9,0,18,0,0,0,0,8,0,1,1,1,2,58,9,1598,1,12,-1,-1,-1
2016200148529,2,9,0,18,0,0,0,0,0,0,1,1,1,2,67,10,998,1,3,6,1,6
2016200148572,1,9,0,18,0,8,0,0,0,0,1,1,6,1,21,5,1686,2,12,4,1,4
2016200148654,1,9,0,18,0,0,0,0,0,0,3,1,5,1,18,4,1149,1,15,2,1,2
2016200148654,2,9,0,18,0,0,0,0,0,0,4,1,5,1,49,8,1956,2,2,3,1,3
2016200148673,1,8,0,18,0,1,0,10,7,2,1,1,1,1,57,9,2664,2,10,2,1,2
2016200148745,1,9,0,17,0,0,1,7,4,7,1,1,6,3,-1,-1,1388,1,11,-1,-1,-1
2016200148745,2,9,0,16,0,0,0,0,0,0,4,1,6,1,56,9,1248,2,8,4,1,4
2016200148829,1,9,0,1,0,1,0,4,0,0,2,1,6,1,-1,-1,1995,2,13,-1,-1,-1
2016200148829,2,9,0,2,0,2,0,0,0,0,1,1,1,1,32,6,2231,2,8,1,1,1
2016200148855,1,9,0,18,0,8,1,0,0,0,1,1,6,1,26,6,2993,2,6,2,1,2
2016200148855,2,9,0,9,0,8,1,0,0,0,1,1,6,2,56,9,2148,2,12,1,1,1
2016200148855,3,9,0,18,0,1,0,0,0,0,0,1,1,1,-1,-1,2967,2,3,1,1,1
2016200149048,1,9,0,18,0,0,0,-1,0,0,1,1,6,1,-1,-1,1497,1,12,-1,-1,-1
2016200149048,2,9,0,4,0,0,0,-1,0,0,2,1,6,1,24,5,1598,1,6,1,1,1
2016200149048,3,9,0,4,0,0,0,-1,0,0,2,1,6,2,-1,-1,1399,2,6,-1,-1,-1
2016200149140,1,9,0,17,0,1,1,7,1,10,1,1,1,1,-1,-1,1956,2,1,2,1,2
2016200149271,1,9,0,5,0,8,0,0,0,0,3,1,1,2,37,7,1995,2,7,10,2,10
2016200149271,2,1,0,18,0,8,0,0,0,0,1,1,2,1,55,8,-1,-1,-1,9,1,9
2016200149311,1,9,0,13,0,1,0,10,7,0,4,1,2,1,22,5,1198,1,4,5,1,5
2016200149311,2,9,0,9,0,5,0,0,0,0,3,1,1,1,40,7,1598,1,2,2,1,2
2016200149806,1,21,0,18,0,0,0,0,0,0,3,1,6,3,-1,-1,12740,2,-1,-1,-1,-1
2016200149806,2,9,0,18,0,0,0,0,0,0,4,1,2,2,57,9,1200,1,2,9,1,9
2016200150388,1,9,0,18,0,0,0,0,0,0,4,1,6,1,18,4,2800,1,14,4,1,4
2016200150388,2,9,0,18,0,0,0,0,0,0,4,1,1,1,-1,-1,2993,2,3,-1,-1,-1
2016200150388,3,9,0,18,0,0,0,0,0,0,3,1,1,1,-1,-1,1968,2,4,-1,-1,-1
2016200150388,4,9,0,18,0,0,0,0,0,0,3,1,6,1,57,9,1596,1,5,1,1,1
2016200150388,5,9,0,18,0,0,0,0,0,0,2,1,6,1,62,9,1390,1,2,9,1,9
2016200150388,6,9,0,18,0,0,0,0,0,0,2,1,6,2,50,8,1598,1,9,4,1,4
2016200150704,1,9,0,5,0,6,0,0,0,0,1,1,5,1,30,6,-1,-1,-1,1,1,1
2016200150704,2,9,0,18,0,8,0,0,0,0,4,1,5,1,32,6,1590,1,13,3,1,3
2016200150704,3,9,0,18,0,8,0,4,0,0,3,1,5,2,41,7,1199,1,12,1,1,1
2016200150704,4,9,0,2,0,8,0,0,0,0,3,1,6,3,-1,-1,-1,-1,-1,-1,-1,-1
2016200150723,1,23,0,18,0,0,0,0,0,0,1,1,1,1,47,8,897,1,9,4,1,4
2016200150780,1,19,0,18,0,0,0,0,0,0,4,1,6,1,22,5,2198,2,-1,1,1,1
2016200150808,1,9,0,16,0,0,1,0,0,0,1,1,6,1,29,6,1796,1,10,2,1,2
2016200150808,2,9,0,17,0,0,0,0,0,0,1,1,6,1,30,6,2993,2,7,1,1,1
2016200150808,3,9,0,16,0,0,0,0,0,0,0,1,6,1,-1,-1,2993,2,2,2,1,2
2016200150832,1,9,0,18,0,6,0,10,7,0,1,1,1,1,41,7,1995,2,2,7,3,7
2016200150832,2,9,0,18,0,8,0,0,7,0,4,1,2,1,31,6,1198,1,14,-1,-1,-1
2016200150832,3,9,0,18,0,8,0,0,0,0,4,1,3,2,36,7,1995,2,15,1,1,1
2016200150832,4,9,0,18,0,8,0,0,0,0,1,1,1,1,41,7,-1,-1,-1,4,1,4
2016200150875,1,9,0,6,0,0,5,10,0,0,1,1,6,2,21,5,1364,1,11,6,1,6
2016200150925,1,9,0,7,0,6,0,0,0,0,1,1,6,3,-1,-1,1461,2,9,-1,-1,-1
2016200150925,2,9,0,18,0,8,0,0,0,0,1,1,6,1,32,6,1598,1,8,1,1,1
2016200150928,1,9,0,6,0,0,0,0,0,0,1,1,6,1,30,6,1991,2,11,1,1,1
2016200150928,2,9,0,18,0,0,0,0,0,0,3,1,2,1,39,7,1499,2,1,1,1,1
2016200151021,1,9,0,18,0,0,1,0,0,0,1,1,6,3,-1,-1,1796,1,11,-1,-1,-1
2016200151021,2,9,0,3,0,0,0,0,0,0,2,1,6,2,38,7,1995,2,4,7,1,7
2016200151372,1,9,0,18,0,2,0,0,0,0,1,1,1,1,28,6,-1,-1,-1,1,1,1
2016200151453,1,9,0,16,0,8,1,10,0,0,1,1,6,1,25,5,1598,1,11,3,1,3
2016200151453,2,9,0,17,0,8,0,0,0,0,3,1,6,1,27,6,1598,1,10,3,1,3
2016200151453,3,9,0,18,0,1,0,0,0,0,0,1,1,1,-1,-1,2993,2,3,2,1,2
2016200151453,4,9,0,18,0,1,0,0,0,0,0,1,1,1,-1,-1,2993,2,2,2,1,2
2016200151453,5,9,0,18,0,1,0,0,0,0,0,1,1,1,-1,-1,2967,2,3,2,1,2
2016200151563,1,9,0,18,0,8,1,4,0,0,1,1,6,3,-1,-1,1896,2,10,1,1,1
2016200151563,2,9,0,1,0,6,0,4,0,0,3,1,6,1,-1,-1,1229,1,8,1,1,1
2016200151563,3,9,0,2,0,2,0,0,0,0,4,1,6,3,-1,-1,1968,2,5,1,1,1
2016200151563,4,9,0,2,0,2,0,0,0,0,3,1,6,3,-1,-1,1968,2,11,1,1,1
2016200151748,1,9,0,18,0,0,0,0,0,0,1,1,6,2,38,7,2143,2,6,3,1,3
2016200151887,1,9,0,18,0,0,0,0,0,0,1,1,6,1,24,5,2199,2,4,2,1,2
2016200152130,1,9,0,18,0,0,0,0,0,0,1,1,6,1,21,5,1968,2,8,5,1,5
2016200152216,1,-1,0,-1,-1,0,0,-1,-1,0,-1,1,6,3,-1,-1,-1,-1,-1,-1,-1,-1
2016200152216,2,9,0,-1,-1,0,0,-1,-1,0,1,1,6,1,45,7,1753,2,10,10,2,10
2016200152216,3,21,1,-1,-1,0,0,-1,-1,0,-1,1,1,1,-1,-1,12777,2,3,2,1,2
2016200152242,1,9,0,4,0,0,0,0,0,0,2,1,1,1,22,5,-1,-1,-1,7,3,7
2016200152242,2,9,0,4,0,0,0,0,0,0,1,1,2,1,25,5,1396,2,3,4,1,4
2016200152269,1,9,0,18,0,0,0,0,0,0,2,1,2,1,32,6,2172,2,14,6,1,6
2016200152269,2,9,0,4,0,0,0,0,0,0,1,1,2,1,41,7,2183,2,5,7,2,7
2016200152726,1,9,0,12,0,0,0,0,0,0,1,1,6,2,34,6,1991,2,11,7,1,7
2016200152726,2,9,0,12,0,0,0,0,0,0,2,1,6,2,41,7,1242,1,3,4,1,4
2016200152820,1,9,0,4,0,0,0,0,0,0,1,1,1,1,54,8,-1,-1,-1,-1,3,-1
2016200152820,2,9,0,18,0,0,1,0,0,0,2,1,6,1,55,8,1896,2,8,8,1,8
2016200152996,1,9,0,18,0,0,1,0,0,0,4,1,6,3,-1,-1,1399,2,15,-1,-1,-1
2016200152996,2,9,0,2,0,0,0,0,0,0,3,1,6,1,-1,-1,2199,2,9,3,1,3
2016200153006,1,9,0,18,0,0,0,0,0,0,1,1,6,1,45,7,998,1,6,4,1,4
2016200153006,2,9,0,2,9,0,0,0,0,0,3,1,6,3,-1,-1,-1,-1,-1,-1,-1,-1
2016200153032,1,19,0,12,0,6,5,7,4,0,3,1,1,1,26,6,2402,2,10,1,1,1
2016200153032,2,9,0,18,0,8,0,0,7,0,1,1,2,1,58,9,1997,2,15,-1,-1,-1
2016200153091,1,19,0,9,0,6,0,0,0,0,1,1,1,1,33,6,2143,2,5,8,1,8
2016200153128,1,9,0,4,0,0,0,0,0,0,2,1,2,2,52,8,2143,2,3,7,1,7
2016200153128,2,9,0,4,0,0,0,0,0,0,1,1,2,2,27,6,998,1,3,-1,-1,-1
2016200153128,3,9,0,4,0,0,0,0,0,0,1,1,2,3,28,6,-1,-1,-1,2,1,2
2016200153223,1,9,0,18,0,8,0,0,0,0,1,1,6,1,24,5,1461,2,6,6,1,6
2016200153223,2,9,0,9,0,6,0,0,0,0,3,1,2,2,20,4,1242,1,2,2,1,2
2016200153231,1,9,0,18,0,0,0,0,0,0,4,1,6,1,23,5,1796,1,11,1,1,1
2016200153231,2,9,0,2,6,0,0,0,0,0,1,1,6,1,-1,-1,1587,1,14,3,1,3
2016200153282,1,9,0,18,0,0,0,0,0,0,3,1,6,1,21,5,1596,1,7,1,1,1
2016200153282,2,21,1,18,0,0,0,0,0,0,1,1,6,1,55,8,12902,2,3,9,1,9
2016200153282,3,9,0,18,-1,0,0,-1,-1,0,1,1,6,1,60,9,1896,2,6,6,3,6
2016200153295,1,9,0,9,0,6,0,0,0,0,3,1,5,2,30,6,1896,2,15,1,1,1
2016200153295,2,1,0,18,0,8,0,0,0,0,1,1,1,1,36,7,-1,-1,-1,5,1,5
2016200153301,1,9,0,4,0,1,0,0,0,0,1,1,5,2,30,6,-1,-1,-1,7,1,7
2016200153301,2,9,0,10,0,1,0,0,0,0,2,1,5,2,37,7,1499,2,-1,6,1,6
2016200153391,1,9,0,4,0,1,0,0,0,0,1,1,3,2,40,7,1799,1,9,1,1,1
2016200153443,1,9,0,14,0,8,1,4,0,0,4,1,6,1,29,6,1999,1,1,2,1,2
2016200153443,2,9,0,9,0,3,0,0,0,0,1,1,6,1,25,5,1582,2,3,1,1,1
2016200153443,3,9,0,18,0,2,0,0,0,0,3,1,6,1,28,6,1587,1,16,-1,-1,-1
2016200153443,4,9,0,2,0,2,0,0,0,0,1,1,6,1,30,6,1968,2,8,1,1,1
2016200153443,5,9,0,18,0,2,0,0,0,0,0,1,1,1,-1,-1,-1,-1,-1,-1,-1,-1
2016200153468,1,21,1,18,0,0,0,0,0,0,1,1,1,1,59,9,-1,-1,-1,-1,-1,-1
2016200153468,2,9,0,13,0,0,0,0,1,0,4,1,6,1,58,9,1598,1,4,6,1,6
2016200153503,1,9,0,7,0,2,0,0,0,0,0,1,6,1,26,6,1997,2,10,8,1,8
2016200153548,1,9,0,18,0,1,0,0,0,0,1,1,2,2,35,6,1229,1,11,1,1,1
2016200153548,2,3,0,3,0,2,0,0,0,0,2,1,2,1,24,5,124,1,9,2,1,2
2016200153566,1,21,0,7,0,0,0,0,0,0,1,1,1,1,43,7,12902,2,3,2,1,2
2016200153570,1,9,0,18,0,8,0,0,0,0,1,1,6,3,-1,-1,1984,1,-1,-1,-1,-1
2016200153570,2,9,0,9,0,8,1,0,0,0,3,1,6,1,33,6,1995,2,2,2,1,2
2016200153590,1,9,0,18,0,0,0,10,0,0,4,1,6,1,71,10,2720,2,8,5,1,5
2016200153594,1,9,0,18,0,1,0,0,0,0,1,1,6,1,86,11,2179,2,9,9,3,9
2016200153698,1,20,0,18,0,8,0,0,0,0,1,1,1,1,39,7,5193,2,7,1,1,1
2016200153698,2,9,0,18,0,8,0,0,0,0,2,1,6,1,62,9,-1,-1,-1,5,1,5
2016200153698,3,9,0,18,0,1,0,0,0,0,0,1,1,1,-1,-1,2993,2,2,-1,-1,-1
2016200153712,1,9,0,18,0,1,0,0,0,0,3,1,5,1,22,5,1396,1,14,-1,-1,-1
2016200153712,2,9,0,10,0,1,0,0,0,0,2,1,5,2,66,10,1198,1,1,7,1,7
2016200153712,3,9,0,3,0,1,0,0,0,0,2,1,5,2,28,6,999,1,2,4,1,4
2016200153712,4,9,0,18,0,1,0,0,0,0,0,1,1,2,39,7,2993,2,2,1,1,1
2016200153966,1,9,0,18,0,1,0,0,0,0,4,1,6,1,21,5,2993,2,7,3,1,3
2016200153966,2,9,0,18,0,2,0,0,0,0,4,1,1,1,42,7,2987,2,7,1,1,1
2016200154111,1,9,0,5,0,4,0,0,0,0,3,1,1,1,40,7,1968,2,6,10,1,10
2016200154111,2,1,0,18,0,4,0,0,0,0,1,1,6,1,17,4,-1,-1,-1,2,1,2
2016200154129,1,9,0,18,0,0,1,0,0,0,1,1,6,2,23,5,1560,2,5,5,1,5
2016200154129,2,9,0,3,0,0,0,0,0,0,2,1,6,1,23,5,1968,2,5,8,1,8
2016200154129,3,9,0,3,0,0,0,0,0,0,2,1,6,1,57,9,1560,2,2,-1,1,-1
2016200154583,1,9,0,18,0,0,0,0,0,0,1,1,6,1,43,7,999,1,-1,-1,-1,-1
2016200154583,2,9,0,18,0,0,0,0,0,0,0,1,1,1,-1,-1,2993,2,-1,-1,-1,-1
2016200154583,3,9,0,18,0,0,0,0,0,0,1,1,1,1,-1,-1,2993,2,2,-1,-1,-1
2016200154583,4,9,0,18,0,0,0,0,0,0,1,1,1,1,-1,-1,2993,2,3,-1,-1,-1
2016200154623,1,9,0,9,0,5,0,0,0,0,1,1,6,1,46,8,1995,2,4,-1,-1,-1
2016200154698,1,9,0,-1,-1,0,0,-1,-1,0,1,1,6,1,21,5,-1,-1,-1,6,1,6
2016200154698,2,21,0,-1,-1,0,0,-1,-1,0,-1,1,6,1,57,9,11967,2,4,9,1,9
2016200154915,1,9,0,9,0,8,0,0,0,0,4,1,6,1,22,5,1299,1,11,2,1,2
2016200154915,2,9,0,18,0,8,0,0,0,0,1,1,6,1,40,7,1364,1,10,1,1,1
2016200154998,1,9,0,18,0,8,0,0,0,0,4,1,6,2,26,6,1329,1,2,4,1,4
2016200154998,2,9,0,18,0,4,0,0,0,0,1,1,6,1,26,6,1461,2,5,3,1,3
2016200155060,1,20,0,18,0,0,2,-1,0,0,3,1,6,1,32,6,4580,2,12,3,2,3
2016200155060,2,9,0,18,0,0,1,0,0,0,1,1,6,2,22,5,998,1,10,2,1,2
2016200155206,1,9,0,18,0,0,0,4,0,0,1,1,6,1,21,5,1679,1,16,1,1,1
2016200155206,2,9,0,2,0,0,0,0,0,0,2,1,6,3,-1,-1,1997,2,10,-1,-1,-1
2016200155206,3,9,0,2,0,0,0,0,0,0,4,1,6,3,-1,-1,1598,1,8,-1,-1,-1
2016200155231,1,9,0,18,0,0,0,0,0,0,3,1,6,1,25,5,1364,1,8,1,1,1
2016200155416,1,9,0,18,0,0,0,0,0,0,1,1,6,3,-1,-1,1997,2,12,-1,-1,-1
2016200155416,2,9,0,2,0,0,0,0,0,0,2,1,1,1,40,7,2000,2,11,2,1,2