Accident_Index,Vehicle_Reference,Vehicle_Type,Towing_and_Articulation,Vehicle_Manoeuvre,Vehicle_Location-Restricted_Lane,Junction_Location,Skidding_and_Overturning,Hit_Object_in_Carriageway,Vehicle_Leaving_Carriageway,Hit_Object_off_Carriageway,1st_Point_of_Impact,Was_Vehicle_Left_Hand_Drive?,Journey_Purpose_of_Driver,Sex_of_Driver,Age_of_Driver,Age_Band_of_Driver,Engine_Capacity_(CC),Propulsion_Code,Age_of_Vehicle,Driver_IMD_Decile,Driver_Home_Area_Type,Vehicle_IMD_Decile
2016210044077,1,9,0,16,0,0,1,0,0,0,1,1,6,1,25,5,2000,1,14,8,3,8
2016210044085,1,9,0,18,0,3,1,0,0,0,0,1,5,2,34,6,1398,2,13,9,1,9
2016210044085,2,9,0,18,0,3,0,0,0,0,2,1,5,2,23,5,1360,1,10,1,1,1
2016210044118,1,9,0,18,0,0,0,0,0,0,1,1,6,2,40,7,1560,2,1,1,1,1
2016210044118,2,9,0,2,0,0,0,0,0,0,3,1,6,2,74,10,1343,1,14,2,1,2
2016210044162,1,9,0,14,0,0,0,0,0,0,1,1,1,1,42,7,-1,-1,-1,10,2,10
2016210044162,2,11,0,2,0,0,0,0,0,0,3,1,1,1,38,7,6700,2,3,-1,-1,-1
2016210044217,1,3,0,17,0,1,0,0,0,0,1,1,6,1,20,4,125,1,4,8,1,8
2016210044262,1,9,0,9,0,1,0,0,0,0,3,1,6,2,24,5,1240,1,9,3,1,3
2016210044262,2,9,0,18,0,1,0,0,0,0,1,1,2,1,34,6,1995,2,7,6,1,6
2016210044287,1,9,0,18,0,0,2,0,0,0,1,1,2,1,41,7,1461,2,2,10,2,10
2016210044287,2,9,0,18,0,0,1,0,0,0,1,1,2,1,18,4,1149,1,11,1,1,1
2016210044290,1,9,0,12,0,0,0,0,0,0,1,1,6,1,42,7,-1,-1,-1,3,1,3
2016210044290,2,9,0,18,0,0,0,0,0,0,2,1,6,1,42,7,1796,1,10,8,1,8
2016210044322,1,9,0,18,0,0,0,0,0,0,4,1,6,2,29,6,1598,2,3,-1,-1,-1
2016210044322,2,21,0,5,8,0,0,0,0,0,3,1,1,1,52,8,-1,-1,-1,-1,-1,-1
2016210044341,1,9,0,18,0,0,5,0,0,0,1,1,1,1,26,6,1461,2,14,8,1,8
2016210044407,1,9,0,18,0,0,1,0,4,0,1,1,6,1,32,6,1896,2,13,5,3,5
2016210044546,1,19,0,1,0,0,0,0,0,0,2,1,6,1,-1,-1,1248,2,11,1,1,1
2016210044550,1,9,0,1,9,0,0,0,0,0,2,1,6,1,24,5,1686,2,3,7,1,7
2016210044563,1,9,0,18,0,1,0,0,0,0,1,1,6,1,28,6,2171,2,12,2,1,2
2016210044568,1,9,0,18,0,0,0,0,0,0,1,1,6,1,40,7,1598,1,3,5,1,5
2016210044568,2,9,0,4,0,0,0,0,0,0,2,1,6,1,36,7,1598,1,8,2,1,2
2016210044755,1,9,0,5,0,0,0,0,0,0,4,1,6,1,22,5,1242,1,12,3,1,3
2016210044755,2,9,0,2,0,0,0,0,0,0,3,1,6,1,52,8,1598,1,7,6,1,6
2016210044866,1,8,0,18,0,0,0,0,0,0,1,1,5,1,35,6,1968,2,4,3,1,3
2016210044868,1,9,0,18,0,0,0,0,0,0,1,1,6,2,41,7,1242,1,1,8,1,8
2016210044868,2,9,0,7,0,0,0,0,1,11,2,1,2,2,52,8,1968,2,3,7,1,7
2016210044877,1,8,0,18,0,3,0,0,0,0,0,1,1,1,33,6,1997,2,4,2,1,2
2016210044877,2,1,0,18,0,3,0,0,0,0,0,1,6,1,43,7,-1,-1,-1,3,1,3
2016210044886,1,9,0,9,0,0,0,0,0,0,4,1,6,2,60,9,1329,1,5,7,1,7
2016210044886,2,2,0,18,0,0,0,0,0,0,1,1,6,3,-1,-1,49,1,5,-1,-1,-1
2016210044887,1,9,0,18,0,0,0,0,0,0,1,1,6,1,33,6,1598,1,18,9,1,9
2016210044887,2,9,0,18,0,0,0,0,0,0,1,1,2,2,47,8,1598,1,1,5,1,5
2016210044919,1,9,0,17,0,0,5,0,2,0,1,1,6,1,18,4,1360,1,16,1,1,1
2016210045055,1,9,0,16,0,0,0,0,0,0,1,1,6,1,46,8,1753,2,15,6,3,6
2016210045055,2,9,0,17,0,0,0,0,0,0,1,1,6,1,48,8,1997,2,8,8,3,8
2016210045063,1,9,0,4,0,0,0,0,0,0,2,1,6,1,67,10,1498,1,9,6,1,6
2016210045063,2,9,0,4,0,0,0,0,0,0,2,1,6,1,54,8,1956,2,5,8,1,8
2016210045063,3,9,0,18,0,0,0,0,0,0,1,1,6,1,22,5,1199,1,14,6,1,6
2016210045068,1,9,0,9,0,1,0,0,0,0,1,1,6,1,17,4,1196,1,22,10,1,10
2016210045068,2,9,0,18,0,1,0,0,0,0,1,1,6,1,50,8,2902,2,11,9,1,9
2016210045114,1,9,0,9,0,0,0,0,0,0,1,1,5,2,36,7,1598,1,5,7,1,7
2016210045114,2,9,0,18,0,0,0,0,0,0,1,1,5,1,49,8,1956,2,3,4,3,4
2016210045115,1,9,0,7,0,0,0,0,0,0,1,1,6,2,44,7,1399,2,8,9,1,9
2016210045115,2,1,0,18,0,0,0,0,0,0,0,1,6,1,73,10,-1,-1,-1,10,1,10
2016210045116,1,90,0,18,0,0,0,0,0,0,4,1,1,2,47,8,2143,2,5,10,2,10
2016210045116,2,9,0,18,0,0,0,0,0,0,1,1,6,1,62,9,1686,2,11,9,1,9
2016210045116,3,9,0,18,0,0,0,0,0,0,2,1,6,2,53,8,1390,1,3,9,1,9
2016210045126,1,9,0,18,0,0,0,0,0,0,1,1,6,1,32,6,1975,1,16,2,1,2
2016210045126,2,9,0,10,0,0,0,0,7,0,4,1,6,2,22,5,1229,1,8,2,1,2
2016210045126,3,9,0,4,0,0,0,0,7,0,2,1,6,1,20,4,1781,1,14,4,1,4
2016210045126,4,9,0,18,0,0,0,0,0,0,1,1,6,1,46,8,-1,-1,-1,5,1,5
2016210045147,1,9,0,9,0,4,0,0,0,0,1,1,1,1,40,7,1248,2,5,3,1,3
2016210045147,2,1,0,9,0,4,0,0,0,0,1,1,2,1,47,8,-1,-1,-1,10,1,10
2016210045157,1,9,0,16,0,0,0,0,0,0,1,1,5,1,22,5,998,1,13,1,1,1
2016210045157,2,19,0,16,0,0,0,0,0,0,1,1,5,1,45,7,1997,2,10,3,1,3
2016210045172,1,9,0,18,0,0,0,0,0,0,0,1,6,3,-1,-1,-1,-1,-1,-1,-1,-1
2016210045172,2,3,0,18,0,0,0,0,0,0,3,1,6,1,22,5,124,1,14,-1,-1,-1
2016210045185,1,9,0,16,0,0,0,0,0,0,1,1,5,1,23,5,1360,1,6,9,3,9
2016210045226,1,9,0,11,-1,0,0,-1,-1,0,-1,1,6,1,84,11,1296,1,8,7,1,7
2016210045226,2,19,0,18,-1,0,0,-1,-1,0,-1,1,1,1,38,7,1560,2,3,5,1,5
2016210045228,1,9,0,5,0,7,0,0,0,0,4,1,6,1,54,8,1896,2,13,3,1,3
2016210045257,1,9,0,11,0,0,0,0,0,0,4,1,1,1,30,6,-1,-1,-1,7,1,7
2016210045257,2,9,0,18,0,0,0,0,1,0,3,1,6,1,53,8,1598,1,6,4,1,4
2016210045262,1,9,0,18,0,0,0,0,0,0,1,1,1,1,37,7,-1,-1,-1,1,1,1
2016210045417,1,9,0,18,0,0,2,0,7,0,0,1,6,1,18,4,1781,1,14,9,1,9
2016210045425,1,5,0,18,0,0,0,0,0,0,1,1,6,1,50,8,998,1,6,5,1,5
2016210045425,2,9,0,18,0,0,0,0,0,0,3,1,6,2,19,4,998,1,14,4,1,4
2016210045443,1,2,0,18,0,8,1,0,7,10,1,1,6,1,16,4,49,1,6,1,1,1
2016210045443,2,9,0,18,0,8,0,0,0,0,1,1,6,1,19,4,1124,1,17,2,1,2
2016210045453,1,9,0,18,0,0,0,0,0,0,4,1,5,1,24,5,1598,2,2,9,1,9
2016210045453,2,9,0,3,0,0,0,0,0,0,1,1,5,2,24,5,1598,1,3,4,1,4
2016210045453,3,9,0,18,0,0,0,0,0,0,4,1,5,1,19,4,-1,-1,-1,7,3,7
2016210045459,1,9,0,9,0,0,0,0,0,0,1,1,6,1,58,9,1968,2,2,5,1,5
2016210045459,2,9,0,18,0,0,0,0,0,0,1,1,6,1,34,6,1799,1,9,-1,-1,-1
2016210045550,1,21,0,18,0,0,0,0,0,0,1,1,6,1,25,5,12777,2,8,9,2,9
2016210045550,2,9,0,3,0,0,0,0,0,0,2,1,6,2,52,8,1598,1,8,6,3,6
2016210045561,1,9,0,18,0,1,0,0,0,0,4,1,6,2,21,5,1242,1,1,6,1,6
2016210045703,1,9,0,17,0,0,2,0,0,0,1,1,5,1,29,6,1995,1,9,7,3,7
2016210045733,1,9,0,18,0,4,0,0,0,0,3,1,6,1,-1,-1,1999,1,10,10,1,10
2016210045733,2,9,0,18,0,4,0,0,0,0,4,1,1,1,26,6,2362,1,11,1,1,1
2016210045743,1,9,0,9,0,0,0,0,0,0,4,1,6,1,23,5,1248,2,7,-1,-1,-1
2016210045753,1,9,0,1,0,0,0,0,0,0,2,1,5,1,45,7,1560,2,1,9,1,9
2016210045763,1,9,0,9,0,0,0,0,0,0,1,1,5,2,50,8,1968,2,7,7,1,7
2016210045787,1,-1,0,-1,-1,0,0,-1,-1,0,-1,1,6,3,-1,-1,-1,-1,-1,-1,-1,-1
2016210045787,2,1,0,18,0,0,0,0,0,0,1,1,6,1,69,10,-1,-1,-1,8,1,8
2016210045804,1,9,0,9,0,0,0,0,0,0,1,1,2,2,24,5,1360,1,10,7,1,7
2016210045804,2,21,1,18,0,0,0,0,0,0,1,1,1,1,61,9,12780,2,7,6,1,6
2016210045841,1,9,0,18,0,0,0,0,0,0,1,1,6,1,-1,-1,1386,1,4,7,1,7
2016210045841,2,9,0,3,0,0,0,0,0,0,2,1,6,1,27,6,1560,2,4,9,1,9
2016210045841,3,9,0,3,0,0,0,0,0,0,2,1,6,1,-1,-1,1988,2,12,9,2,9
2016210045855,1,9,0,13,0,1,0,0,0,0,1,1,6,1,52,8,2688,2,13,5,3,5
2016210045855,2,9,0,13,0,1,0,0,1,0,3,1,6,2,23,5,998,1,3,10,3,10
2016210045893,1,3,0,12,0,0,0,0,0,0,1,1,6,1,17,4,124,1,1,10,2,10
2016210045893,2,9,0,18,0,0,0,0,0,0,2,1,6,1,39,7,-1,-1,-1,3,1,3
2016210045921,1,9,0,9,0,8,0,0,0,0,4,1,6,1,68,10,1968,2,1,10,1,10
2016210045921,2,3,0,18,0,8,0,0,0,0,1,1,6,1,20,4,124,1,27,3,1,3
2016210046045,1,9,0,9,0,6,0,0,0,0,1,1,6,1,21,5,-1,-1,-1,4,1,4
2016210046045,2,9,0,18,0,1,0,0,0,0,1,1,6,2,48,8,1199,1,12,8,1,8
2016210046083,1,9,0,18,0,0,0,0,0,0,1,1,6,2,22,5,1198,1,3,4,1,4
2016210046083,2,9,0,18,0,0,0,0,0,0,2,1,6,2,44,7,1388,1,4,-1,-1,-1
2016210046272,1,9,0,18,0,8,0,0,0,0,1,1,6,1,26,6,1968,2,6,10,1,10
2016210046272,2,9,0,18,0,8,0,0,0,0,1,1,6,1,30,6,1396,2,4,7,1,7
2016210046321,1,9,0,18,0,0,0,0,0,0,1,1,5,2,36,7,1598,1,7,3,1,3
2016210046321,2,9,0,18,0,0,0,0,0,0,1,1,5,2,43,7,998,1,3,3,1,3
2016210046342,1,9,0,13,-1,0,0,-1,-1,0,-1,1,2,1,43,7,-1,-1,-1,4,1,4
2016210046342,2,21,0,17,-1,0,0,-1,-1,0,-1,1,1,1,39,7,12419,2,3,-1,-1,-1
2016210046342,3,9,0,17,-1,0,0,-1,-1,0,-1,1,6,3,-1,-1,-1,-1,-1,-1,-1,-1
2016210046343,1,9,0,9,0,0,0,0,0,0,1,1,5,1,48,8,1461,2,3,2,1,2
2016210046343,2,9,0,18,0,0,0,0,0,0,1,1,5,1,54,8,1995,2,2,10,1,10
2016210046365,1,9,0,18,0,1,0,0,0,0,-1,1,6,1,18,4,1229,1,11,4,1,4
2016210046365,2,9,0,18,0,1,0,0,0,0,4,1,6,1,42,7,-1,-1,-1,1,1,1
2016210046390,1,9,0,18,0,0,0,4,0,0,1,1,6,1,55,8,1905,2,18,7,2,7
2016210046390,2,90,1,2,0,0,0,0,0,0,2,1,6,1,57,9,-1,-1,-1,8,1,8
2016210046399,1,11,0,18,0,0,0,0,0,0,0,1,3,1,71,10,2402,2,10,9,1,9
2016210046441,1,9,0,18,0,0,1,0,0,0,1,1,6,2,32,6,1229,1,3,10,1,10
2016210046441,2,9,0,18,0,0,1,0,0,0,1,1,1,1,47,8,-1,-1,-1,4,1,4
2016210046497,1,1,0,18,0,0,0,0,0,0,3,1,6,1,19,4,-1,-1,-1,10,1,10
2016210046497,2,9,0,7,0,0,0,0,0,0,4,1,6,1,22,5,1968,2,2,8,3,8
2016210046537,1,9,0,4,0,1,0,0,0,0,1,1,6,1,18,4,1149,1,8,4,1,4
2016210046537,2,9,0,4,0,1,0,0,0,0,2,1,6,1,24,5,1968,2,3,8,3,8
2016210046540,1,9,0,18,0,0,0,0,0,0,1,1,6,2,33,6,1997,1,11,8,1,8
2016210046540,2,9,0,4,0,0,0,0,0,0,1,1,6,1,46,8,1997,1,1,1,1,1
2016210046543,1,20,0,7,0,1,0,0,0,0,1,1,6,1,49,8,3920,2,3,5,1,5
2016210046543,2,9,0,18,0,1,0,0,0,0,1,1,6,2,33,6,2198,1,13,3,1,3
2016210046610,1,4,0,18,0,0,0,0,0,0,1,1,6,2,52,8,599,1,8,2,1,2
2016210046610,2,9,0,3,0,0,0,0,0,0,2,1,6,1,28,6,2979,1,1,7,1,7
2016210046619,1,9,0,18,0,4,0,0,0,0,1,1,2,1,31,6,1560,2,6,10,1,10
2016210046619,2,3,0,8,0,4,0,0,0,0,2,1,6,1,37,7,124,1,5,6,1,6
2016210046623,1,9,0,9,0,8,0,0,0,0,0,1,6,2,43,7,1587,1,14,6,1,6
2016210046650,1,9,0,18,0,0,2,0,1,4,1,1,6,1,22,5,1242,1,14,5,1,5
2016210046674,1,19,0,18,0,0,0,0,0,0,2,1,5,1,26,6,1598,2,4,2,1,2
2016210046674,2,19,0,10,0,0,0,0,0,0,2,1,5,1,51,8,1686,2,12,6,3,6
2016210046714,1,9,0,18,0,0,0,0,0,0,2,1,5,2,37,7,1398,1,2,5,1,5
2016210046714,2,9,0,3,0,0,0,0,0,0,2,1,5,1,32,6,-1,-1,-1,7,1,7
2016210046719,1,9,0,18,0,0,0,0,0,0,1,1,6,1,-1,-1,1968,2,3,-1,-1,-1
2016210046719,2,9,0,9,0,0,0,0,0,0,3,1,6,2,27,6,1496,2,1,6,1,6
2016210046722,1,9,0,11,0,0,0,0,0,0,4,1,6,2,53,8,2663,2,18,5,1,5
2016210046722,2,9,0,18,0,0,0,0,0,0,3,1,6,2,52,8,1368,1,8,10,1,10
2016210046723,1,9,0,18,0,0,0,0,0,0,1,1,6,1,19,4,1229,1,2,6,3,6
2016210046723,2,9,0,3,0,0,0,0,0,0,2,1,2,1,48,8,1596,1,14,7,1,7
2016210046723,3,9,0,10,0,0,0,0,0,0,2,1,6,2,48,8,1461,2,3,3,2,3
2016210046734,1,9,0,6,0,0,0,0,0,0,3,1,6,1,73,10,1975,1,6,10,1,10
2016210046734,2,9,0,18,0,0,0,0,0,0,1,1,6,1,24,5,2171,1,13,6,1,6
2016210046779,1,9,0,18,0,0,0,0,0,0,1,1,6,2,-1,-1,1995,2,1,4,3,4
2016210046779,2,9,0,18,0,0,0,0,0,0,2,1,6,2,28,6,1360,1,7,2,1,2
2016210046779,3,9,0,18,0,0,0,0,0,0,2,1,6,1,47,8,1229,1,10,8,1,8
2016210046782,1,9,0,-1,-1,-1,0,-1,-1,0,-1,1,6,1,-1,-1,1598,1,13,-1,-1,-1
2016210046782,2,9,0,-1,-1,-1,0,-1,-1,0,-1,1,6,1,25,5,1997,2,15,1,1,1
2016210046820,1,1,0,9,0,0,0,0,0,0,1,1,6,1,22,5,-1,-1,-1,1,1,1
2016210046820,2,9,0,9,0,0,0,0,0,0,1,1,6,1,21,5,1399,2,13,1,1,1
2016210046822,1,9,0,18,0,4,0,0,0,0,1,1,6,1,68,10,2231,2,8,7,1,7
2016210046822,2,1,0,7,0,3,0,0,0,0,2,1,6,1,42,7,-1,-1,-1,5,1,5
2016210046843,1,9,0,18,0,0,0,0,5,0,1,1,1,2,51,8,1390,1,4,9,1,9
2016210046893,1,9,0,18,0,0,0,0,0,0,1,1,6,3,-1,-1,-1,-1,-1,-1,-1,-1
2016210046893,2,9,0,12,0,0,0,0,0,0,2,1,1,2,40,7,1910,2,8,2,1,2
2016210046963,1,9,0,18,0,0,0,0,0,0,1,1,6,1,29,6,1197,1,5,3,1,3
2016210046963,2,9,0,3,0,0,0,0,0,0,2,1,6,2,32,6,1560,2,11,2,1,2
2016210047050,1,9,0,4,0,0,0,0,0,0,3,1,6,1,55,8,2402,2,5,3,1,3
2016210047050,2,9,0,14,0,0,1,0,0,0,3,1,6,2,50,8,1198,1,1,8,2,8
2016210047064,1,9,0,9,0,1,0,0,0,0,1,1,6,2,39,7,2993,2,13,3,1,3
2016210047064,2,9,0,18,0,1,0,0,0,0,1,1,1,1,28,6,1995,2,7,2,1,2
2016210047069,1,9,0,10,-1,1,0,0,0,0,1,1,6,2,23,5,1296,1,18,8,1,8
2016210047069,2,9,0,18,0,1,0,0,0,0,3,1,6,1,31,6,1584,1,11,5,1,5
2016210047074,1,9,0,9,0,1,0,0,0,0,1,1,2,2,52,8,1998,1,11,4,1,4
2016210047074,2,9,0,18,0,1,0,0,0,0,1,1,2,1,48,8,1248,1,5,6,1,6
2016210047139,1,9,0,18,0,0,0,0,0,0,1,1,6,1,21,5,1086,1,14,3,1,3
2016210047139,2,9,0,18,0,0,0,0,0,0,1,1,6,1,57,9,796,1,16,7,1,7
2016210047196,1,9,0,18,0,0,0,0,0,0,1,1,6,1,36,7,1598,1,14,2,1,2
2016210047196,2,9,0,18,0,0,0,0,0,0,3,1,6,1,-1,-1,1398,1,1,1,1,1
2016210047217,1,9,0,18,0,0,0,0,0,0,4,1,6,3,-1,-1,-1,-1,-1,-1,-1,-1
2016210047263,1,9,0,2,0,2,0,0,0,0,1,1,1,1,27,6,1968,2,8,1,1,1
2016210047263,2,19,0,1,0,1,0,0,0,0,2,1,6,1,-1,-1,2198,2,10,3,1,3
2016210047268,1,8,0,18,0,0,0,0,0,0,3,1,1,1,24,5,1598,1,6,2,1,2
2016210047268,2,3,0,18,0,0,0,0,0,0,4,1,1,1,38,7,123,1,29,5,1,5
2016210047272,1,9,0,9,0,0,0,0,0,0,3,1,6,2,51,8,1986,2,8,6,3,6
2016210047272,2,8,0,18,0,0,0,0,0,0,3,1,6,1,51,8,1995,2,6,7,1,7
2016210047304,1,9,0,18,0,1,0,0,0,0,1,1,6,1,-1,-1,1749,1,13,1,1,1
2016210047304,2,9,0,18,0,1,0,0,0,0,2,1,6,2,25,5,1390,1,7,7,1,7
2016210047320,1,9,0,18,0,3,0,0,0,0,0,1,6,2,-1,-1,1598,2,2,10,1,10
2016210047320,2,9,0,3,0,3,0,0,0,0,0,1,6,1,39,7,1910,2,14,1,1,1
2016210047330,1,9,0,18,0,0,0,0,1,0,1,1,6,1,81,11,1086,1,12,1,1,1
2016210047567,1,3,0,9,0,8,1,0,0,0,1,1,6,1,17,4,124,1,4,8,2,8
2016210047567,2,9,0,18,0,8,0,0,0,0,1,1,6,2,32,6,1598,1,10,7,1,7
2016210047663,1,9,0,5,0,1,0,0,0,0,1,1,6,1,62,9,1596,1,12,3,1,3
2016210047663,2,1,0,5,0,1,0,0,0,0,4,1,6,1,11,3,-1,-1,-1,9,1,9
2016210047685,1,9,0,18,0,0,0,0,0,0,1,1,6,1,47,8,998,1,1,3,1,3
2016210047685,2,9,0,18,0,0,0,0,0,0,1,1,6,1,31,6,-1,-1,-1,1,1,1
2016210047717,1,9,0,18,0,0,0,0,0,0,0,1,1,2,33,6,1598,2,3,7,3,7
2016210047717,2,9,0,18,0,0,0,0,0,0,1,1,2,2,59,9,1390,1,20,4,1,4
2016210047717,3,9,0,4,0,0,0,0,0,0,2,1,1,1,52,8,1596,1,4,9,1,9
2016210047717,4,9,0,4,0,0,0,0,0,0,0,1,2,1,64,9,1951,2,10,9,3,9
2016210047724,1,9,0,18,0,0,0,0,0,0,1,1,1,2,20,4,1124,1,14,8,3,8
2016210047724,2,9,0,4,0,0,0,0,0,0,2,1,6,1,38,7,1969,2,2,8,1,8
2016210047732,1,9,0,18,0,0,0,0,0,0,0,1,5,2,66,10,1329,1,6,9,1,9
2016210047814,1,9,0,9,-1,-1,0,-1,-1,0,-1,1,6,2,33,6,1399,1,11,4,1,4
2016210047814,2,3,0,17,-1,-1,0,-1,-1,0,-1,1,6,1,19,4,125,1,2,6,1,6
2016210047947,1,9,0,9,0,0,1,0,7,0,1,1,6,1,72,10,1329,1,3,10,1,10
2016210047947,2,9,0,18,0,0,1,0,0,0,1,1,6,1,26,6,1968,2,1,5,1,5
2016210047962,1,9,0,18,0,1,0,0,0,0,1,1,6,1,30,6,2987,2,6,2,1,2
2016210047964,1,9,0,18,0,8,0,0,0,0,1,1,6,2,-1,-1,1242,1,11,3,1,3
2016210047964,2,1,0,18,0,8,0,0,0,0,-1,1,6,1,40,7,-1,-1,-1,7,1,7
2016210048011,1,9,0,7,-1,-1,0,-1,-1,0,-1,1,6,1,17,4,1242,1,13,6,1,6
2016210048011,2,1,0,18,-1,-1,0,-1,-1,0,-1,1,6,1,-1,-1,-1,-1,-1,3,1,3
2016210048052,1,9,0,9,0,0,0,0,0,0,1,1,5,2,85,11,1229,1,10,6,2,6
2016210048052,2,9,0,18,0,0,0,0,0,0,1,1,5,2,54,8,1997,1,23,8,2,8
2016210048059,1,9,0,18,-1,0,0,-1,-1,0,-1,1,6,1,42,7,2967,2,-1,10,3,10
2016210048089,1,9,0,9,0,0,0,0,0,0,1,1,6,1,42,7,-1,-1,-1,1,1,1
2016210048090,1,9,0,18,0,0,0,0,0,0,1,1,6,1,39,7,1995,2,8,7,1,7
2016210048090,2,9,0,3,0,0,0,0,0,0,1,1,6,2,49,8,1339,1,13,7,1,7
2016210048090,3,9,0,3,0,0,0,0,0,0,2,1,6,2,-1,-1,1242,1,9,4,1,4
2016210048108,1,9,0,18,0,1,0,0,0,0,1,1,6,1,-1,-1,-1,-1,-1,-1,-1,-1
2016210048108,2,1,0,18,0,8,0,0,0,0,4,1,6,1,34,6,-1,-1,-1,3,1,3
2016210048139,1,9,0,18,0,0,5,0,5,0,4,1,6,1,41,7,1560,2,11,9,1,9
2016210048139,2,9,0,18,0,0,0,0,0,0,1,1,1,2,24,5,1968,2,6,7,1,7
2016210048164,1,9,0,13,0,0,0,0,0,0,2,1,6,2,47,8,1596,1,14,5,1,5
2016210048164,2,9,0,13,0,0,0,0,0,0,1,1,6,2,37,7,1229,1,6,5,1,5
2016210048246,1,9,0,18,0,0,1,4,0,0,1,1,6,1,55,8,-1,-1,-1,2,1,2
2016210048246,2,9,0,3,0,0,0,0,0,0,2,1,6,1,68,10,2987,2,9,3,2,3
2016210048246,3,9,0,3,0,0,0,0,0,0,2,1,6,1,54,8,1798,1,4,7,1,7
2016210048247,1,9,0,18,-1,0,0,-1,-1,0,-1,1,6,2,83,11,1124,1,18,5,1,5
2016210048247,2,20,0,2,-1,0,0,-1,-1,0,-1,1,1,1,39,7,4009,2,6,2,1,2
2016210048261,1,9,0,7,0,0,0,0,0,0,1,1,5,1,53,8,1870,2,10,7,3,7
2016210048261,2,9,0,18,0,0,0,0,0,0,1,1,5,1,30,6,1686,2,14,2,1,2
2016210048265,1,9,0,18,0,0,2,0,0,0,1,1,6,1,26,6,1242,1,10,1,1,1
2016210048265,2,9,0,2,0,0,0,0,0,0,4,1,6,1,-1,-1,1968,2,9,2,1,2
2016210048265,3,9,0,2,0,0,0,0,0,0,1,1,6,3,-1,-1,-1,-1,-1,-1,-1,-1
2016210048265,4,9,0,2,0,0,0,0,0,0,1,1,6,1,-1,-1,4701,6,17,-1,-1,-1
2016210048280,1,19,0,1,-1,0,0,0,0,0,-1,1,1,1,48,8,2148,2,13,2,1,2
2016210048287,1,9,0,13,0,0,0,0,0,0,1,1,2,1,35,6,1995,2,8,7,1,7
2016210048287,2,5,0,16,0,0,0,0,0,0,1,1,6,1,54,8,1100,1,18,8,3,8
2016210048287,3,9,0,16,0,0,0,0,0,0,1,1,6,1,59,9,3800,1,4,6,3,6
2016210048301,1,9,0,18,0,0,0,0,0,0,2,1,6,3,-1,-1,-1,-1,-1,-1,-1,-1
2016210048301,2,9,0,4,0,0,0,0,0,0,1,1,6,2,41,7,1242,1,2,4,1,4
2016210048301,3,9,0,18,0,0,0,0,0,0,-1,1,6,2,-1,-1,-1,-1,-1,9,2,9
2016210048301,4,9,0,18,0,0,0,0,0,0,2,1,6,1,-1,-1,-1,-1,-1,-1,-1,-1
2016210048310,1,9,0,18,0,0,0,0,0,0,1,1,6,2,43,7,1968,2,4,4,1,4
2016210048310,2,9,0,18,0,0,0,0,0,0,1,1,6,1,19,4,-1,-1,-1,5,1,5
2016210048310,3,9,0,18,0,0,0,0,0,0,1,1,6,2,35,6,1598,1,6,5,1,5
2016210048386,1,9,0,18,0,0,0,0,0,0,1,1,5,2,31,6,1461,2,2,-1,1,-1
2016210048386,2,9,0,4,0,0,0,0,0,0,1,1,5,2,25,5,1229,1,1,7,2,7
2016210048386,3,9,0,4,0,0,0,0,0,0,2,1,5,1,26,6,1798,1,15,1,1,1
2016210048430,1,9,0,18,0,0,0,0,1,0,1,1,6,1,32,6,1896,2,8,7,1,7
2016210048435,1,9,0,18,0,8,0,0,0,0,4,1,6,3,-1,-1,-1,-1,-1,-1,-1,-1
2016210048435,2,9,0,18,0,8,0,0,0,0,3,1,6,2,26,6,1794,1,9,2,1,2
2016210048462,1,9,0,18,0,0,0,0,0,0,0,1,5,1,24,5,998,1,17,-1,-1,-1
2016210048462,2,9,0,18,0,0,0,0,0,0,1,1,5,1,24,5,-1,-1,-1,6,1,6
2016210048473,1,5,0,18,0,1,0,0,0,0,4,1,6,1,29,6,749,1,14,7,1,7
2016210048473,2,9,0,10,0,1,0,0,0,0,3,1,6,1,41,7,1999,1,10,7,1,7
2016210048627,1,9,0,18,0,1,0,0,0,0,1,1,6,1,55,8,1796,1,15,2,1,2
2016210048627,2,9,0,18,0,1,0,0,0,0,2,1,6,2,28,6,1299,1,14,8,1,8
2016210048797,1,9,0,5,0,4,0,0,0,0,1,1,6,1,25,5,1968,2,6,6,3,6
2016210048797,2,9,0,3,0,4,0,0,0,0,2,1,6,2,41,7,1242,1,9,9,1,9
2016210048817,1,9,0,16,9,0,0,0,1,0,1,1,2,2,24,5,1149,1,3,3,1,3
2016210048888,1,9,0,7,0,0,0,0,0,0,3,1,6,1,39,7,1796,1,12,3,1,3
2016210048888,2,1,0,18,0,0,0,0,0,0,2,1,6,1,53,8,-1,-1,-1,4,1,4
2016210048896,1,9,0,18,0,0,0,0,0,0,1,1,6,2,31,6,1598,1,6,10,1,10
2016210048908,1,9,0,18,0,4,0,0,0,0,1,1,2,1,29,6,1998,1,1,10,3,10
2016210048908,2,9,0,18,0,4,0,0,0,0,1,1,6,1,26,6,1984,1,9,10,2,10
2016210048952,1,9,0,1,0,0,0,0,0,0,2,1,2,1,58,9,1124,1,15,3,1,3