Accident_Index,Vehicle_Reference,Vehicle_Type,Towing_and_Articulation,Vehicle_Manoeuvre,Vehicle_Location-Restricted_Lane,Junction_Location,Skidding_and_Overturning,Hit_Object_in_Carriageway,Vehicle_Leaving_Carriageway,Hit_Object_off_Carriageway,1st_Point_of_Impact,Was_Vehicle_Left_Hand_Drive?,Journey_Purpose_of_Driver,Sex_of_Driver,Age_of_Driver,Age_Band_of_Driver,Engine_Capacity_(CC),Propulsion_Code,Age_of_Vehicle,Driver_IMD_Decile,Driver_Home_Area_Type,Vehicle_IMD_Decile
2016210058352,2,9,0,3,0,0,0,0,0,0,4,1,6,1,19,4,998,1,4,3,1,3
2016210058449,1,9,0,18,0,6,0,0,0,0,1,1,6,2,38,7,2401,2,11,10,1,10
2016210058449,2,9,0,17,0,2,0,0,0,0,1,1,6,2,65,9,1388,1,12,1,1,1
2016210058521,1,9,0,4,0,1,0,0,0,0,2,1,6,2,35,6,1598,1,2,5,1,5
2016210058521,2,9,0,5,0,1,0,0,0,0,1,1,6,3,-1,-1,-1,-1,-1,-1,-1,-1
2016210058571,1,4,0,13,0,0,0,0,6,0,1,1,1,1,39,7,498,1,16,1,1,1
2016210058571,2,9,0,4,0,0,0,0,0,0,1,1,1,2,55,8,1242,1,6,4,1,4
2016210058571,3,9,0,4,0,0,0,0,0,0,1,1,1,1,27,6,1799,1,6,9,1,9
2016210058571,4,9,0,4,0,0,0,0,0,0,1,1,1,1,57,9,1299,1,16,2,1,2
2016210058611,1,9,0,4,0,0,0,0,0,0,1,1,6,1,18,4,1198,1,10,7,3,7
2016210058611,2,9,0,4,0,0,0,0,0,0,2,1,6,2,63,9,1108,1,6,2,1,2
2016210058643,1,9,0,18,0,1,1,0,0,0,1,1,6,1,30,6,-1,-1,-1,10,1,10
2016210058872,1,9,0,18,0,1,0,0,0,0,1,1,2,1,22,5,2993,2,7,3,1,3
2016210058872,2,9,0,3,0,1,0,0,0,0,2,1,6,1,57,9,2295,1,18,6,3,6
2016210058916,1,9,0,1,0,0,0,4,0,0,2,1,6,1,28,6,1598,1,13,2,1,2
2016210058916,2,8,0,2,0,0,0,0,0,0,1,1,1,1,67,10,2460,2,9,6,1,6
2016210058966,1,98,0,12,0,0,0,0,0,0,3,1,1,1,46,8,-1,-1,-1,-1,-1,-1
2016210058966,2,9,0,18,0,0,0,0,1,0,1,1,6,1,53,8,1997,2,13,8,1,8
2016210059139,1,9,0,18,0,1,0,0,0,0,3,1,6,1,20,4,2400,2,7,1,1,1
2016210059196,1,9,0,18,0,1,0,0,0,0,4,1,6,1,-1,-1,-1,-1,-1,-1,-1,-1
2016210059196,2,1,0,18,0,1,0,0,0,0,1,1,6,1,39,7,-1,-1,-1,3,1,3
2016210059212,1,20,0,18,0,4,0,0,0,0,1,1,1,1,60,9,11116,2,10,-1,-1,-1
2016210059212,2,8,0,18,0,8,0,0,0,0,2,1,1,1,30,6,1997,2,9,6,1,6
2016210059214,1,9,0,18,0,0,0,0,0,0,1,1,5,2,31,6,999,1,-1,6,1,6
2016210059217,1,9,0,14,0,0,0,0,0,0,1,1,6,2,32,6,1796,1,16,1,1,1
2016210059218,1,9,0,18,0,0,0,0,0,0,0,1,6,3,-1,-1,-1,-1,-1,-1,-1,-1
2016210059218,2,9,0,18,0,0,0,0,0,0,2,1,6,1,25,5,1968,2,2,1,1,1
2016210059218,3,9,0,18,0,0,0,0,0,0,2,1,6,1,42,7,2993,2,1,9,2,9
2016210059218,4,9,0,18,0,0,0,0,0,0,1,1,6,2,35,6,1998,1,1,3,1,3
2016210059218,5,9,0,18,0,0,0,0,0,0,2,1,6,1,46,8,1995,2,9,9,1,9
2016210059218,6,9,0,18,0,0,0,0,0,0,1,1,6,1,38,7,-1,-1,-1,7,1,7
2016210059240,1,9,0,4,0,1,0,0,0,0,1,1,6,1,26,6,1968,2,7,3,1,3
2016210059240,2,9,0,4,0,1,0,0,0,0,2,1,6,1,46,8,1560,2,10,7,1,7
2016210059243,1,3,0,5,0,3,0,0,0,0,4,1,6,1,27,6,125,1,10,1,1,1
2016210059243,2,9,0,5,0,3,0,0,0,0,0,1,6,1,72,10,-1,-1,-1,-1,-1,-1
2016210059295,1,9,0,9,0,8,0,0,0,0,1,1,6,1,19,4,1896,2,8,9,1,9
2016210059295,2,9,0,18,0,8,0,0,0,0,3,1,6,1,31,6,2993,2,12,2,1,2
2016210059308,1,9,0,18,0,1,0,0,0,0,1,1,6,1,39,7,1598,2,-1,9,1,9
2016210059308,2,9,0,10,0,1,0,0,0,0,2,1,6,2,45,7,998,1,16,7,3,7
2016210059335,1,9,0,17,0,1,0,0,0,0,3,1,6,2,21,5,1598,1,11,4,1,4
2016210059335,2,9,0,18,0,1,0,0,0,0,1,1,6,2,22,5,1242,1,12,2,1,2
2016210059428,1,9,0,18,0,2,0,0,0,0,1,1,1,2,39,7,-1,-1,-1,2,1,2
2016210059428,2,9,0,18,0,2,0,0,0,0,1,1,1,1,42,7,2143,2,1,-1,-1,-1
2016210059428,3,9,0,18,0,6,0,0,0,0,1,1,6,2,25,5,1398,1,2,5,1,5
2016210059563,1,9,0,7,0,4,0,0,0,0,1,1,6,2,58,9,998,1,7,10,2,10
2016210059563,2,1,0,9,0,3,0,0,0,0,4,1,6,1,37,7,-1,-1,-1,9,1,9
2016210059573,1,9,0,9,0,1,0,0,0,0,1,1,6,2,34,6,1997,2,-1,9,1,9
2016210059573,2,9,0,18,0,1,0,0,0,0,1,1,6,1,29,6,1390,1,15,9,1,9
2016210059582,1,9,0,18,0,0,0,0,0,0,1,1,6,2,22,5,1389,1,18,1,1,1
2016210059641,1,9,0,18,0,8,0,0,0,0,1,1,2,1,26,6,1900,2,16,4,1,4
2016210059642,1,19,0,4,0,1,0,0,0,0,1,1,1,1,57,9,1870,2,12,10,2,10
2016210059642,2,19,0,3,0,1,0,0,0,0,2,1,2,1,45,7,1968,2,2,1,1,1
2016210059671,1,9,0,9,0,1,0,0,0,0,1,1,6,1,34,6,1390,1,8,3,1,3
2016210059671,2,9,0,18,0,1,0,0,0,0,1,1,6,2,34,6,2000,1,16,7,2,7
2016210059732,1,9,0,1,0,0,0,0,0,0,2,1,6,2,32,6,1598,1,9,8,1,8
2016210059732,2,1,0,18,0,0,0,0,0,0,1,1,6,1,45,7,-1,-1,-1,8,1,8
2016210059739,1,9,0,18,0,1,0,0,0,0,3,1,6,2,56,9,1299,1,17,6,3,6
2016210059739,2,9,0,2,0,1,0,0,0,0,2,1,6,1,79,11,1390,1,15,2,1,2
2016210059744,1,9,0,18,0,0,0,0,0,0,1,1,5,1,70,10,1598,2,1,5,1,5
2016210059744,2,21,0,18,0,0,0,0,0,0,2,1,5,1,62,9,12900,2,4,7,1,7
2016210059744,3,-1,0,-1,-1,0,0,-1,-1,0,-1,1,5,2,-1,-1,-1,-1,-1,9,1,9
2016210059765,1,9,0,1,0,2,0,0,0,0,2,1,6,2,69,10,1398,2,6,7,3,7
2016210059788,1,9,0,18,0,0,1,0,0,0,1,1,1,1,29,6,1400,1,9,10,1,10
2016210059815,1,9,0,16,0,1,2,0,7,2,1,1,6,1,25,5,1598,1,12,2,1,2
2016210059836,1,9,0,9,-1,-1,0,-1,-1,0,-1,1,5,2,66,10,1997,2,2,4,1,4
2016210059843,1,9,0,18,0,0,0,0,0,0,1,1,6,1,57,9,1560,2,2,4,1,4
2016210059843,2,9,0,18,0,0,0,0,0,0,2,1,6,1,18,4,1229,1,11,3,1,3
2016210060004,1,9,0,16,0,0,0,0,1,0,4,1,1,2,19,4,1199,1,13,7,1,7
2016210060035,1,9,0,18,0,0,0,0,0,0,1,1,6,2,67,10,1398,1,3,7,1,7
2016210060035,2,9,0,18,0,0,0,0,0,0,1,1,6,1,56,9,2179,2,2,6,3,6
2016210060094,1,9,0,18,0,1,0,0,8,0,1,1,1,2,48,8,1995,2,6,7,3,7
2016210060094,2,20,1,4,0,1,0,0,0,0,4,1,1,1,29,6,-1,-1,-1,9,2,9
2016210060096,1,9,0,4,0,0,0,0,0,0,1,1,6,1,30,6,1150,1,9,4,2,4
2016210060096,2,9,0,3,0,0,0,0,0,0,2,1,6,1,56,9,2295,1,13,2,1,2
2016210060127,1,5,0,9,0,1,0,0,0,0,1,1,6,1,53,8,1165,1,15,3,1,3
2016210060127,2,9,0,18,0,1,0,0,0,0,1,1,6,2,28,6,1956,2,7,3,1,3
2016210060127,3,5,0,18,0,1,0,0,0,0,1,1,6,2,48,8,649,1,7,3,1,3
2016210060156,1,9,0,9,0,5,0,0,0,0,0,1,5,2,33,6,1598,1,11,4,3,4
2016210060156,2,1,0,4,0,1,1,0,0,0,0,1,5,1,41,7,-1,-1,-1,8,1,8
2016210060226,1,9,0,2,0,0,0,0,0,0,0,1,6,1,-1,-1,1995,2,4,2,1,2
2016210060239,1,9,0,9,0,1,0,0,0,0,1,1,6,2,30,6,998,1,3,9,1,9
2016210060239,2,9,0,16,0,1,0,0,0,0,1,1,6,1,19,4,1229,1,5,9,1,9
2016210060281,1,9,0,9,0,1,0,0,0,0,1,1,6,2,28,6,2494,1,17,5,1,5
2016210060281,2,5,0,18,0,1,0,0,0,0,1,1,6,1,55,8,1690,1,2,7,1,7
2016210060313,1,9,0,18,0,0,0,0,0,0,1,1,6,1,-1,-1,1796,1,16,2,1,2
2016210060313,2,9,0,2,0,0,0,0,0,0,2,1,6,1,44,7,2204,2,8,4,3,4
2016210060378,1,9,0,18,0,0,0,0,0,0,1,1,6,1,-1,-1,1396,1,14,-1,-1,-1
2016210060378,2,9,0,18,0,0,0,0,0,0,2,1,1,2,51,8,1796,1,9,3,1,3
2016210060378,3,3,0,5,0,0,0,0,0,0,0,1,6,1,-1,-1,124,1,9,-1,-1,-1
2016210060440,1,9,0,18,0,4,0,0,0,0,1,1,6,2,32,6,1984,1,6,6,1,6
2016210060440,2,9,0,3,0,4,0,0,0,0,2,1,6,2,42,7,999,1,-1,7,1,7
2016210060454,1,21,1,4,0,1,0,0,0,0,1,1,1,2,23,5,11705,2,9,5,3,5
2016210060454,2,9,0,3,0,1,0,0,0,0,2,1,6,2,73,10,1560,2,8,7,1,7
2016210060497,1,9,0,18,0,1,0,0,0,0,1,1,6,2,23,5,1598,1,9,9,1,9
2016210060497,2,9,0,4,0,1,0,0,0,0,2,1,6,2,45,7,998,1,1,2,1,2
2016210060497,3,9,0,4,0,8,0,0,0,0,2,1,6,2,47,8,1386,1,6,9,1,9
2016210060497,4,9,0,4,0,8,0,0,0,0,2,1,6,2,63,9,1598,2,2,7,1,7
2016210060538,1,9,0,18,0,0,0,0,0,0,1,1,6,1,71,10,1560,2,2,8,1,8
2016210060544,1,8,0,4,0,2,0,0,0,0,0,1,1,3,-1,-1,-1,-1,-1,-1,-1,-1
2016210060599,1,9,0,9,0,6,0,0,0,0,4,1,6,2,40,7,2400,2,7,4,1,4
2016210060599,2,9,0,18,0,1,0,0,0,0,1,1,6,1,57,9,1598,1,13,6,1,6
2016210060630,1,9,0,14,0,0,0,0,0,0,1,1,6,2,48,8,1596,1,5,4,3,4
2016210060630,2,1,0,18,0,0,0,0,0,0,1,1,6,1,13,3,-1,-1,-1,1,1,1
2016210060692,1,9,0,18,0,0,0,0,0,0,1,1,6,1,29,6,-1,-1,-1,1,1,1
2016210060696,1,9,0,18,0,1,0,0,0,0,1,1,6,1,18,4,1124,1,14,10,2,10
2016210060696,2,9,0,3,0,1,0,0,0,0,2,1,6,2,47,8,2993,2,4,7,3,7
2016210060696,3,9,0,10,0,1,0,0,0,0,2,1,6,1,35,6,1995,2,9,7,1,7
2016210060696,4,9,0,10,0,1,0,0,0,0,1,1,6,1,74,10,1248,1,1,8,1,8
2016210060789,1,98,4,12,0,1,0,0,0,0,1,1,1,1,49,8,-1,-1,-1,-1,-1,-1
2016210060789,2,9,0,18,0,1,0,0,0,0,4,1,2,2,61,9,1242,1,14,1,1,1
2016210060925,1,9,0,16,0,0,0,4,0,0,1,1,5,1,78,11,1796,1,4,10,1,10
2016210060925,2,9,0,2,0,0,0,0,0,0,2,1,5,1,45,7,1968,2,9,6,3,6
2016210061120,1,8,0,13,0,1,0,0,7,1,1,1,6,3,-1,-1,-1,-1,-1,-1,-1,-1
2016210061120,2,9,0,9,0,1,0,0,0,0,1,1,6,1,35,6,1389,1,20,2,1,2
2016210061286,1,21,0,18,0,0,5,0,1,0,4,1,6,1,25,5,11021,2,10,5,1,5
2016210061346,1,9,0,16,0,0,0,0,0,0,1,1,6,3,-1,-1,-1,-1,-1,-1,-1,-1
2016210061354,1,9,0,4,0,0,0,0,0,0,0,1,5,1,44,7,1598,1,2,6,1,6
2016210061359,1,9,0,18,0,1,0,1,0,0,-1,1,6,2,-1,-1,998,1,11,10,1,10
2016210061359,2,9,0,3,0,1,0,0,0,0,2,1,2,2,32,6,1896,2,10,7,1,7
2016210061395,1,9,0,9,0,0,0,0,0,0,1,1,6,1,-1,-1,1598,2,3,9,1,9
2016210061395,2,1,0,18,0,0,0,0,0,0,1,1,6,1,16,4,-1,-1,-1,2,1,2
2016210061399,1,9,0,18,0,0,0,0,0,0,0,1,1,1,-1,-1,1956,2,1,1,1,1
2016210061399,2,9,0,18,0,0,0,0,4,0,1,1,6,1,24,5,1989,1,16,-1,-1,-1
2016210061399,3,9,0,18,0,0,0,0,0,0,2,1,6,1,26,6,1781,1,14,2,1,2
2016210061399,4,21,0,18,0,0,0,0,0,0,2,1,1,1,45,7,10677,2,1,10,1,10
2016210061425,1,9,0,7,0,1,0,0,0,0,1,1,6,1,43,7,1596,1,11,1,1,1
2016210061425,2,9,0,18,0,1,0,0,0,0,1,1,6,1,40,7,998,1,14,1,1,1
2016210061436,1,3,0,13,0,1,0,0,0,0,1,1,6,1,17,4,125,1,4,2,1,2
2016210061436,2,9,0,9,0,1,0,0,0,0,2,1,6,2,23,5,698,1,12,2,1,2
2016210061507,1,9,0,18,0,0,0,0,0,0,1,1,5,1,24,5,1598,2,-1,10,1,10
2016210061507,2,9,0,3,0,0,0,0,0,0,1,1,5,2,32,6,1598,1,1,-1,-1,-1
2016210061507,3,9,0,3,0,0,0,0,0,0,2,1,5,2,22,5,1560,2,4,-1,-1,-1
2016210061516,1,9,0,18,0,8,0,0,0,0,4,1,6,2,53,8,999,1,2,3,1,3
2016210061516,2,9,0,18,0,8,0,0,0,0,1,1,6,1,19,4,1596,1,11,1,1,1
2016210061519,1,9,0,18,0,0,0,0,0,0,1,1,6,1,-1,-1,1798,1,-1,7,1,7
2016210061519,2,9,0,4,0,0,0,0,0,0,2,1,1,1,30,6,1598,1,13,6,1,6
2016210061557,1,9,0,18,0,0,0,0,0,0,1,1,1,2,20,4,1242,1,13,-1,-1,-1
2016210061557,2,17,0,18,0,0,0,0,0,0,1,1,1,1,-1,-1,-1,-1,-1,1,1,1
2016210061658,1,9,0,9,0,1,0,0,0,0,1,1,6,1,30,6,1390,1,14,-1,-1,-1
2016210061658,2,9,0,12,0,1,0,0,0,0,1,1,6,1,47,8,-1,-1,-1,3,1,3
2016210061701,1,9,0,9,0,1,0,0,7,0,1,1,6,1,23,5,-1,-1,-1,10,1,10
2016210061710,1,8,0,-1,-1,0,0,-1,-1,0,-1,1,1,1,28,6,1598,1,12,2,1,2
2016210061710,2,9,0,-1,-1,0,0,-1,-1,0,-1,1,6,1,-1,-1,-1,-1,-1,-1,-1,-1
2016210061811,1,9,0,7,0,0,0,0,0,0,2,1,6,1,18,4,998,1,-1,4,1,4
2016210061811,2,9,0,18,0,0,0,0,0,0,1,1,6,2,23,5,1395,1,-1,10,1,10
2016210061818,1,9,0,18,0,0,0,0,0,0,0,1,6,3,-1,-1,-1,-1,-1,-1,-1,-1
2016210061818,2,9,0,18,0,0,1,0,1,0,1,1,6,1,23,5,-1,-1,-1,6,1,6
2016210061819,1,9,0,13,0,0,0,0,0,0,2,1,5,1,29,6,1956,2,4,1,1,1
2016210061830,1,9,0,14,0,0,2,0,0,0,1,1,6,1,23,5,1988,1,14,9,1,9
2016210061830,2,9,0,2,0,0,0,0,0,0,2,1,1,1,-1,-1,-1,-1,-1,3,1,3
2016210061856,1,9,0,9,0,1,0,0,0,0,1,1,6,1,30,6,1686,2,16,3,1,3
2016210061856,2,9,0,18,0,1,0,0,0,0,1,1,6,2,66,10,-1,-1,-1,4,1,4
2016210061875,1,9,0,18,0,0,0,0,7,0,1,1,6,1,35,6,1997,2,8,4,1,4
2016210061876,1,19,0,1,0,0,0,0,0,0,2,1,6,1,31,6,2148,2,10,2,1,2
2016210061876,2,5,0,3,0,0,0,0,0,0,1,1,6,1,51,8,1170,1,6,6,3,6
2016210061887,1,9,0,9,0,1,0,0,0,0,3,1,6,1,49,8,1968,2,-1,7,2,7
2016210061887,2,9,0,18,0,1,0,0,0,0,1,1,6,1,69,10,1248,1,2,7,2,7
2016210061904,1,3,0,12,0,0,0,0,0,0,3,1,6,1,18,4,124,1,1,3,1,3
2016210061904,2,19,0,18,0,0,0,0,0,0,4,1,1,1,35,6,1995,2,3,7,1,7
2016210061905,1,9,0,18,0,2,0,0,0,0,1,1,6,1,-1,-1,1598,1,12,1,1,1
2016210061905,2,9,0,18,0,2,0,0,0,0,2,1,6,2,43,7,1229,1,2,7,1,7
2016210061905,3,9,0,18,0,2,0,0,0,0,2,1,6,2,42,7,1368,1,1,8,3,8
2016210061947,1,19,0,18,0,0,0,0,0,0,1,1,6,1,36,7,1461,2,6,7,3,7
2016210061947,2,9,0,18,0,0,0,0,0,0,2,1,6,2,46,8,1390,1,10,6,1,6
2016210062028,1,9,0,18,0,0,0,0,0,0,1,1,6,3,-1,-1,1968,2,3,1,1,1
2016210062028,2,9,0,4,0,0,0,0,0,0,2,1,6,1,42,7,1896,2,13,6,1,6
2016210062071,1,9,0,18,0,0,0,0,0,0,1,1,6,2,20,4,1796,1,15,7,1,7
2016210062187,1,9,0,5,0,0,0,0,0,0,1,1,5,1,31,6,2685,2,11,1,1,1
2016210062187,2,19,0,18,0,0,0,0,0,0,1,1,6,1,43,7,1998,2,15,1,1,1
2016210062236,1,9,0,18,0,1,0,0,0,0,2,1,6,1,71,10,2179,2,7,8,1,8
2016210062236,2,9,0,18,0,-1,0,0,0,0,1,1,6,2,21,5,1364,1,10,6,1,6
2016210062251,1,9,0,9,0,5,0,0,0,0,1,1,1,2,55,8,1200,1,1,8,1,8
2016210062251,2,9,0,18,0,1,0,0,0,0,1,1,6,2,73,10,998,1,4,1,1,1
2016210062271,1,9,0,13,0,0,5,0,0,0,1,1,6,2,70,10,1329,1,-1,8,3,8
2016210062271,2,9,0,18,0,0,0,0,0,0,1,1,6,2,31,6,998,1,4,8,3,8
2016210062271,3,9,0,18,0,0,0,0,0,0,1,1,6,2,40,7,3200,2,12,-1,-1,-1
2016210062281,1,11,0,9,0,2,0,0,0,0,0,1,1,1,52,8,8268,2,12,3,1,3
2016210062309,1,9,0,17,0,0,0,0,0,0,1,1,6,1,57,9,1560,2,9,8,3,8
2016210062309,2,9,0,4,0,0,0,0,0,0,2,1,6,1,19,4,1242,1,13,3,1,3
2016210062321,1,9,0,18,0,1,0,0,0,0,1,1,6,2,36,7,1388,1,9,7,2,7
2016210062321,2,9,0,18,0,1,0,0,0,0,2,1,6,1,50,8,1984,1,2,7,1,7
2016210062321,3,9,0,18,0,1,0,0,0,0,2,1,6,1,74,10,-1,-1,-1,6,3,6
2016210062335,1,9,0,18,0,0,0,0,0,0,1,1,6,1,31,6,998,1,10,3,1,3
2016210062335,2,9,0,18,0,0,0,0,0,0,2,1,6,1,25,5,1560,2,4,4,1,4
2016210062343,1,9,0,18,0,0,0,0,0,0,1,1,5,1,21,5,-1,-1,-1,8,2,8
2016210062343,2,9,0,18,0,0,0,0,0,0,1,1,5,1,22,5,1968,2,-1,6,1,6
2016210062360,1,9,0,18,0,4,0,0,0,0,1,1,6,1,50,8,1956,2,2,6,1,6
2016210062360,2,9,0,18,0,4,5,0,0,0,2,1,2,1,25,5,1560,2,4,2,1,2
2016210062377,1,9,0,4,0,1,0,0,0,0,1,1,6,1,28,6,-1,-1,-1,5,1,5
2016210062377,2,9,0,3,0,1,0,0,0,0,2,1,6,1,57,9,1242,1,1,4,1,4
2016210062391,1,9,0,18,0,1,0,0,0,0,1,1,1,1,62,9,1997,2,14,1,1,1
2016210062391,2,9,0,2,0,1,0,0,0,0,2,1,1,1,56,9,-1,-1,-1,9,3,9
2016210062399,1,9,0,18,0,1,0,0,0,0,1,1,6,2,19,4,-1,-1,-1,9,1,9
2016210062399,2,3,0,18,0,1,0,0,0,0,1,1,6,1,17,4,124,1,2,7,1,7
2016210062430,1,9,0,18,0,0,0,0,0,0,1,1,5,1,-1,-1,1590,1,13,2,1,2
2016210062487,1,9,0,18,0,1,0,0,0,0,4,1,6,1,65,9,6000,1,10,8,3,8
2016210062542,1,9,0,16,0,0,0,0,7,0,0,1,6,1,33,6,1461,2,2,10,2,10
2016210062542,2,21,1,18,0,0,0,0,7,0,0,1,1,1,49,8,12809,2,4,1,1,1
2016210062557,1,9,0,18,0,1,0,0,0,0,1,1,6,2,35,6,1598,2,1,2,1,2
2016210062557,2,9,0,3,0,1,0,0,0,0,2,1,6,2,28,6,2198,2,9,4,3,4
2016210062621,1,9,0,18,0,0,0,0,0,0,1,1,6,1,66,10,2967,1,15,6,1,6
2016210062621,2,19,0,18,0,0,0,0,0,0,1,1,6,1,50,8,1870,2,10,9,1,9
2016210062623,1,9,0,18,0,0,0,0,0,0,-1,1,6,3,-1,-1,-1,-1,-1,-1,-1,-1
2016210062623,2,9,0,18,0,0,0,0,0,0,-1,1,6,1,-1,-1,1910,2,7,2,1,2
2016210062634,1,9,0,18,0,8,0,0,0,0,1,1,6,1,19,4,1596,1,9,5,1,5
2016210062668,1,9,0,18,0,0,5,0,1,0,1,1,6,1,25,5,1206,1,7,4,1,4
2016210062698,1,9,0,9,0,8,0,0,0,0,1,1,6,1,85,11,1242,1,4,5,1,5
2016210062698,2,9,0,18,0,8,0,0,0,0,1,1,6,2,31,6,1598,1,3,4,1,4
2016210062784,1,9,0,4,0,1,0,0,0,0,1,1,6,2,24,5,1149,1,17,7,1,7
2016210062784,2,9,0,3,0,1,0,0,0,0,2,1,6,1,40,7,1968,2,9,3,1,3
2016210063198,1,9,0,18,0,0,0,4,0,0,3,1,6,1,45,7,1685,2,5,5,1,5
2016210063198,2,9,0,2,-1,0,0,0,-1,0,1,1,5,2,-1,-1,1242,1,10,5,1,5
2016210063198,3,9,0,2,-1,0,0,0,-1,0,-1,1,5,2,-1,-1,1598,1,1,5,1,5
2016210063198,4,9,0,2,-1,0,0,0,-1,0,-1,1,5,1,-1,-1,1598,1,13,5,1,5
2016210063198,5,9,0,2,0,0,0,0,0,0,2,1,5,1,32,6,2171,1,13,5,1,5
2016210063198,6,9,0,2,0,0,0,0,0,0,1,1,5,1,43,7,2457,1,12,5,1,5
2016210063356,1,1,0,18,9,1,0,0,0,0,1,1,4,1,17,4,-1,-1,-1,2,1,2
2016210063356,2,19,0,8,0,7,0,0,0,0,4,1,1,1,25,5,2198,2,3,2,1,2
2016210063363,1,9,0,17,0,0,0,0,0,0,1,1,6,1,-1,-1,1360,1,18,8,1,8
2016210063363,2,9,0,4,0,0,0,0,0,0,2,1,6,2,27,6,1598,1,18,9,2,9
2016210063385,1,9,0,16,0,0,0,0,0,0,1,1,6,2,21,5,1390,1,16,2,1,2
2016210063396,1,9,0,4,0,0,0,0,0,0,2,1,6,2,23,5,1560,2,6,8,2,8
2016210063396,2,19,0,16,0,0,0,0,0,0,1,1,6,1,50,8,2143,2,-1,6,3,6
2016210063408,1,9,0,12,0,0,0,0,0,0,1,1,6,1,-1,-1,1597,1,8,9,1,9
2016210063408,2,9,0,18,0,0,0,0,0,0,1,1,6,2,47,8,1398,2,10,7,3,7
2016210063530,1,9,0,16,0,0,0,0,0,0,1,1,5,1,19,4,-1,-1,-1,7,1,7
2016210063557,1,9,0,18,0,0,0,0,0,0,3,1,6,1,69,10,1275,1,17,4,1,4
2016210063557,2,9,0,8,0,0,0,0,0,0,4,1,6,1,70,10,1685,2,4,6,1,6
2016210063822,1,9,0,18,0,0,0,0,0,0,1,1,6,1,60,9,1956,2,3,10,1,10
2016210063822,2,9,0,18,0,0,0,0,0,0,1,1,6,1,42,7,1400,1,16,1,1,1
2016210063822,3,9,0,18,0,0,0,0,0,0,2,1,6,1,48,8,1461,2,3,2,1,2
2016210063822,4,9,0,18,0,0,0,0,0,0,2,1,6,2,41,7,2231,2,1,2,1,2
2016210063837,1,9,0,14,0,1,0,0,0,0,1,1,6,1,17,4,1598,1,9,5,3,5
2016210063837,2,5,0,10,0,1,0,0,0,0,2,1,6,1,44,7,996,1,9,1,1,1
2016210063845,1,9,0,5,0,4,0,0,0,0,1,1,6,1,55,8,1896,2,6,4,1,4
2016210063845,2,3,0,18,0,4,0,0,0,0,1,1,1,1,17,4,125,1,2,1,1,1
2016210063863,1,9,0,18,0,1,0,0,0,0,1,1,6,1,20,4,1120,2,-1,6,1,6
2016210063863,2,9,0,4,0,1,0,0,0,0,2,1,6,2,36,7,1598,1,9,8,2,8
2016210063867,1,9,0,9,0,2,0,0,0,0,0,1,6,1,64,9,1560,2,-1,1,1,1
2016210063909,1,9,0,18,0,0,0,0,0,0,0,1,5,1,72,10,1798,1,13,1,1,1
2016210063909,2,1,0,18,0,0,0,0,0,0,1,1,5,1,35,6,-1,-1,-1,2,1,2
2016210063962,1,19,0,9,0,2,0,0,0,0,0,1,1,1,-1,-1,1248,2,4,7,1,7
2016210063962,2,9,0,8,0,1,0,0,0,0,2,1,6,2,-1,-1,996,1,3,9,1,9
2016210064019,1,9,0,18,0,1,0,0,0,0,0,1,3,2,33,6,1390,1,4,1,1,1
2016210064019,2,1,0,18,0,1,0,0,7,0,4,1,6,1,14,3,-1,-1,-1,-1,-1,-1
2016210064052,1,9,0,9,0,1,0,0,0,0,1,1,6,3,-1,-1,-1,-1,-1,-1,-1,-1
2016210064052,2,3,0,18,0,1,0,0,0,0,1,1,6,1,26,6,-1,-1,-1,2,1,2
2016210064103,1,9,0,-1,-1,-1,0,-1,-1,0,-1,1,6,1,19,4,1229,1,8,9,1,9
2016210064103,2,9,0,-1,-1,-1,0,-1,-1,0,-1,1,6,2,28,6,1995,1,8,9,1,9
2016210064134,1,9,0,9,0,8,0,0,0,0,1,1,1,1,38,7,2926,2,11,9,1,9
2016210064134,2,1,0,18,0,8,0,0,0,0,1,1,2,1,-1,-1,-1,-1,-1,-1,-1,-1
2016210064175,1,9,0,18,0,1,0,0,0,0,1,1,6,1,38,7,-1,-1,-1,2,1,2
2016210064175,2,9,0,10,0,1,0,0,0,0,2,1,6,1,40,7,1364,1,8,4,1,4
2016210064190,1,9,0,18,0,1,0,0,0,0,1,1,6,2,19,4,1124,1,13,2,1,2
2016210064209,1,9,0,18,0,2,0,0,0,0,1,1,6,2,29,6,1997,1,19,3,1,3
2016210064209,2,9,0,2,0,1,0,0,0,0,3,1,6,3,-1,-1,-1,-1,-1,-1,-1,-1
2016210064209,3,9,0,2,0,1,0,0,0,0,3,1,6,3,-1,-1,-1,-1,-1,-1,-1,-1
2016210064209,4,9,0,2,0,1,0,0,0,0,3,1,6,3,-1,-1,-1,-1,-1,-1,-1,-1
2016210064209,5,9,0,2,0,1,0,0,0,0,3,1,6,3,-1,-1,-1,-1,-1,-1,-1,-1
2016210064209,6,9,0,2,0,1,0,0,0,0,1,1,6,3,-1,-1,-1,-1,-1,-1,-1,-1
2016210064209,7,9,0,2,0,1,0,0,0,0,2,1,6,3,-1,-1,-1,-1,-1,-1,-1,-1
2016210064216,1,9,0,18,0,1,0,0,0,0,1,1,6,1,29,6,1791,8,5,1,1,1