Accident_Index,Vehicle_Reference,Vehicle_Type,Towing_and_Articulation,Vehicle_Manoeuvre,Vehicle_Location-Restricted_Lane,Junction_Location,Skidding_and_Overturning,Hit_Object_in_Carriageway,Vehicle_Leaving_Carriageway,Hit_Object_off_Carriageway,1st_Point_of_Impact,Was_Vehicle_Left_Hand_Drive?,Journey_Purpose_of_Driver,Sex_of_Driver,Age_of_Driver,Age_Band_of_Driver,Engine_Capacity_(CC),Propulsion_Code,Age_of_Vehicle,Driver_IMD_Decile,Driver_Home_Area_Type,Vehicle_IMD_Decile
2016210076234,2,17,0,4,0,0,0,0,0,0,2,1,6,2,62,9,-1,-1,-1,5,1,5
2016210076234,3,9,0,4,0,0,0,0,0,0,2,1,6,1,44,7,1461,2,11,4,1,4
2016210076234,4,9,0,4,0,0,0,0,0,0,2,1,6,1,34,6,1598,2,1,7,1,7
2016210076263,1,9,0,14,0,0,0,0,0,0,3,1,6,1,65,9,1248,1,1,7,1,7
2016210076263,2,9,0,18,0,0,0,0,0,0,3,1,6,1,46,8,3222,2,11,1,1,1
2016210076323,1,2,0,14,-1,-1,0,-1,-1,0,-1,1,6,1,16,4,50,1,1,3,1,3
2016210076323,2,9,0,9,-1,-1,0,-1,-1,0,-1,1,6,1,48,8,1968,2,5,4,1,4
2016210076330,1,9,0,16,0,0,0,0,0,0,1,1,6,2,21,5,1248,1,2,4,1,4
2016210076330,2,21,1,17,0,0,0,0,0,0,3,1,1,1,61,9,12740,2,6,3,1,3
2016210076339,1,9,0,5,0,1,0,0,0,0,1,1,6,2,61,9,999,1,3,9,3,9
2016210076339,2,9,0,18,0,1,0,0,0,0,1,1,6,2,27,6,1560,2,3,4,1,4
2016210076339,3,9,0,18,0,1,0,0,0,0,1,1,6,1,24,5,1364,1,11,2,1,2
2016210076421,1,9,0,9,0,0,0,0,0,0,3,1,6,2,72,10,2967,1,14,5,3,5
2016210076421,2,8,0,18,0,0,0,0,0,0,4,1,6,1,22,5,1968,2,6,4,1,4
2016210076441,1,9,0,4,0,0,0,0,0,0,1,1,2,2,23,5,1242,1,1,10,1,10
2016210076441,2,9,0,3,0,0,0,0,0,0,2,1,5,1,24,5,1997,2,10,3,1,3
2016210076478,1,9,0,9,0,8,0,0,0,0,3,1,6,1,90,11,1398,1,14,-1,-1,-1
2016210076486,1,9,0,9,0,0,0,0,0,0,1,1,6,1,57,9,-1,-1,-1,4,1,4
2016210076486,2,1,0,18,0,0,0,0,0,0,1,1,6,1,30,6,-1,-1,-1,6,1,6
2016210076558,1,9,0,18,0,0,0,0,0,0,1,1,6,2,18,4,1200,1,-1,9,1,9
2016210076605,1,9,0,9,0,6,0,0,0,0,1,1,6,1,31,6,1995,1,8,6,1,6
2016210076605,2,9,0,18,0,1,0,0,0,0,1,1,2,2,27,6,1560,2,6,6,1,6
2016210076605,3,19,0,18,0,1,0,0,0,0,1,1,6,1,58,9,1248,2,9,6,3,6
2016210076608,1,9,0,18,0,0,0,0,0,0,1,1,6,1,39,7,1986,2,9,10,2,10
2016210076608,2,9,0,3,0,0,0,0,0,0,2,1,6,1,32,6,1300,1,15,4,1,4
2016210076718,1,9,0,2,0,0,0,0,0,0,2,1,6,1,-1,-1,2497,1,12,4,1,4
2016210076718,2,9,0,18,0,0,0,4,0,0,1,1,6,1,64,9,-1,-1,-1,1,1,1
2016210076718,3,9,0,18,0,0,0,4,0,0,1,1,6,2,28,6,1968,2,9,7,1,7
2016210076718,4,9,0,2,0,0,0,4,0,0,2,1,6,1,-1,-1,1794,1,14,4,1,4
2016210076722,1,9,0,18,0,1,0,0,0,0,1,1,6,1,19,4,-1,-1,-1,9,1,9
2016210076722,2,9,0,18,0,1,0,0,0,0,2,1,6,2,65,9,1364,1,10,1,1,1
2016210076743,1,9,0,11,0,1,0,0,0,0,1,1,6,3,-1,-1,2460,2,11,-1,-1,-1
2016210076743,2,9,0,18,0,1,0,0,0,0,2,1,6,2,22,5,2204,2,9,2,1,2
2016210076775,1,9,0,18,0,1,0,0,0,0,1,1,6,1,22,5,1497,1,13,1,1,1
2016210076807,1,9,0,-1,0,0,0,-1,0,0,-1,1,6,2,38,7,1360,1,11,3,1,3
2016210076866,1,9,0,5,0,2,0,0,0,0,1,1,1,1,37,7,1968,2,1,10,1,10
2016210076866,2,9,0,18,0,1,0,0,0,0,1,1,6,1,76,11,1560,2,1,1,1,1
2016210076877,1,9,0,16,0,0,2,0,7,0,-1,1,6,1,22,5,1598,1,6,10,1,10
2016210076982,1,19,0,16,0,0,0,0,0,0,1,1,1,1,34,6,2148,2,9,1,1,1
2016210076982,2,9,0,17,0,0,0,0,0,0,1,1,6,2,36,7,1991,2,8,-1,1,-1
2016210077615,1,9,0,18,0,1,0,0,0,0,1,1,6,1,68,10,1560,2,4,3,1,3
2016210077615,2,9,0,18,0,1,0,0,0,0,0,1,1,1,-1,-1,1956,2,1,-1,-1,-1
2016210077629,1,9,0,18,0,8,0,0,0,0,1,1,6,1,47,8,1390,1,13,2,1,2
2016210077629,2,1,0,18,0,8,0,0,0,0,4,1,6,1,-1,-1,-1,-1,-1,1,1,1
2016210077679,1,9,0,16,0,0,0,0,1,0,4,1,6,2,23,5,1149,1,9,6,1,6
2016210077685,1,9,0,1,0,6,0,0,0,0,2,1,6,1,44,7,1598,1,10,5,1,5
2016210077700,1,9,0,16,0,0,0,0,0,0,1,1,6,1,42,7,1997,2,12,8,2,8
2016210077700,2,9,0,18,0,0,0,0,0,0,1,1,6,1,25,5,1149,1,12,4,1,4
2016210077722,1,9,0,18,0,0,0,0,0,0,1,1,5,2,19,4,1299,1,9,7,1,7
2016210077774,1,9,0,18,0,4,0,0,0,0,1,1,6,2,-1,-1,-1,-1,-1,6,1,6
2016210077774,2,9,0,18,0,4,0,0,0,0,2,1,6,2,36,7,-1,-1,-1,9,1,9
2016210077774,3,9,0,3,0,4,0,0,0,0,0,1,6,2,38,7,1596,1,14,6,1,6
2016210077804,1,9,0,7,0,8,0,0,0,0,3,1,1,2,60,9,1560,2,4,2,1,2
2016210077804,2,1,0,18,0,8,0,0,0,0,1,1,6,2,20,4,-1,-1,-1,1,1,1
2016210077873,1,9,0,18,0,5,1,0,0,0,1,1,6,2,44,7,1398,2,6,-1,-1,-1
2016210077873,2,9,0,9,-1,-1,0,-1,-1,0,-1,1,6,2,46,8,998,1,24,5,1,5
2016210077890,1,9,0,9,0,8,0,0,0,0,4,1,6,1,20,4,1124,1,12,9,1,9
2016210077890,2,98,0,18,0,1,0,0,0,0,1,1,6,3,-1,-1,-1,-1,-1,-1,-1,-1
2016210077898,1,9,0,18,0,1,0,0,0,0,1,1,6,1,18,4,1242,1,15,6,3,6
2016210077898,2,9,0,10,0,1,0,0,0,0,2,1,2,2,51,8,1461,2,3,-1,-1,-1
2016210077957,1,9,0,16,0,0,0,0,0,0,3,1,5,1,19,4,1196,1,23,4,1,4
2016210077957,2,17,0,17,0,0,0,0,0,0,3,1,1,1,22,5,-1,2,20,6,3,6
2016210077957,3,9,0,4,0,0,0,0,0,0,3,1,5,1,30,6,1595,1,11,7,1,7
2016210078120,1,9,0,18,0,0,0,0,7,0,1,1,6,2,80,11,1198,1,13,1,1,1
2016210078163,1,9,0,18,0,0,0,0,0,0,1,1,1,2,20,4,1598,1,7,9,1,9
2016210078163,2,90,0,18,0,0,0,0,0,0,2,1,1,1,54,8,2198,2,3,-1,-1,-1
2016210078170,1,98,0,12,0,0,0,0,0,0,3,1,6,1,-1,-1,-1,-1,-1,-1,-1,-1
2016210078170,2,9,0,13,0,0,0,0,1,0,4,1,6,1,71,10,1461,2,-1,10,1,10
2016210078182,1,9,0,9,-1,0,0,-1,-1,0,-1,1,6,1,-1,-1,1560,2,7,7,3,7
2016210078182,2,3,0,16,-1,0,0,-1,-1,0,-1,1,6,1,21,5,124,1,6,8,1,8
2016210078218,1,9,0,9,0,3,0,0,1,0,3,1,6,1,48,8,1984,1,-1,8,1,8
2016210078218,2,9,0,9,0,3,0,0,0,0,1,1,6,1,24,5,-1,-1,-1,1,1,1
2016210078221,1,9,0,1,0,0,0,0,0,0,0,1,6,1,-1,-1,1999,1,11,1,1,1
2016210078221,2,11,0,18,0,0,0,0,0,0,0,1,1,1,43,7,3900,2,13,1,1,1
2016210078259,1,9,0,18,0,8,0,0,0,0,4,1,1,1,40,7,1995,2,3,9,2,9
2016210078259,2,9,0,2,0,8,0,0,0,0,3,1,1,1,68,10,1582,2,-1,2,1,2
2016210078339,1,21,0,18,-1,0,0,-1,-1,0,-1,1,6,1,65,9,12900,2,7,6,1,6
2016210078339,2,9,0,4,-1,0,0,-1,-1,0,-1,1,6,2,30,6,2204,2,6,-1,-1,-1
2016210078375,1,9,0,4,0,0,0,0,0,0,1,1,5,1,23,5,998,1,-1,9,1,9
2016210078375,2,3,0,4,0,0,0,0,0,0,3,1,5,2,38,7,-1,-1,-1,3,1,3
2016210078375,3,9,0,7,0,0,0,0,0,0,0,1,6,1,-1,-1,1997,2,11,-1,-1,-1
2016210078388,1,9,0,18,0,0,0,0,0,0,1,1,5,1,19,4,1149,1,9,7,2,7
2016210078393,1,9,0,18,0,0,0,0,0,0,1,1,6,1,20,4,1995,1,11,9,1,9
2016210078393,2,9,0,4,0,0,0,0,0,0,2,1,6,1,29,6,1896,2,9,9,1,9
2016210078393,3,9,0,4,0,0,0,0,0,0,3,1,6,1,61,9,1461,2,5,7,1,7
2016210078429,1,9,0,18,0,1,0,0,0,0,1,1,6,2,25,5,1905,2,19,2,1,2
2016210078429,2,9,0,4,0,1,0,0,0,0,2,1,6,1,21,5,1895,1,15,4,1,4
2016210078518,1,9,0,18,0,1,0,0,0,0,4,1,6,2,53,8,998,1,1,3,2,3
2016210078628,1,9,0,2,0,1,0,0,0,0,0,1,3,2,62,9,1395,1,-1,6,3,6
2016210078628,2,11,0,13,0,1,0,0,0,0,0,1,3,1,62,9,9600,2,21,3,1,3
2016210078634,1,3,0,4,-1,-1,0,-1,-1,0,-1,1,6,1,44,7,125,1,8,3,1,3
2016210078634,2,98,0,4,-1,-1,0,-1,-1,0,-1,1,6,1,-1,-1,-1,-1,-1,-1,-1,-1
2016210078639,1,9,0,18,0,1,0,0,0,0,1,1,6,2,46,8,2460,2,11,10,1,10
2016210078639,2,9,0,3,0,1,0,0,0,0,1,1,6,1,-1,-1,2987,2,3,1,1,1
2016210078639,3,9,0,3,0,1,0,0,0,0,2,1,6,1,25,5,1598,2,6,-1,-1,-1
2016210078659,1,9,0,18,0,0,0,0,0,0,1,1,6,1,53,8,1968,2,8,2,1,2
2016210078692,1,9,0,18,0,0,0,0,0,0,1,1,6,2,23,5,1242,1,4,8,1,8
2016210078692,2,9,0,3,0,0,0,0,0,0,2,1,6,2,43,7,1242,1,4,9,1,9
2016210078766,1,9,0,18,0,0,0,0,0,0,1,1,6,1,21,5,1896,2,9,-1,-1,-1
2016210078766,2,9,0,4,0,0,0,0,0,0,2,1,6,2,28,6,1198,1,3,4,1,4
2016210078794,1,9,0,18,0,0,0,0,0,0,1,1,6,1,46,8,1598,1,15,2,1,2
2016210078794,2,9,0,2,0,0,0,0,0,0,2,1,1,1,30,6,1461,2,6,4,1,4
2016210078831,1,9,0,16,0,0,0,0,7,4,4,1,6,2,18,4,1061,1,10,5,3,5
2016210078841,1,9,0,18,0,0,0,0,0,0,3,1,6,1,52,8,-1,-1,-1,6,1,6
2016210078841,2,9,0,18,0,0,0,0,0,0,3,1,6,1,79,11,1753,2,9,6,1,6
2016210078843,1,1,0,17,0,0,0,0,0,0,0,1,5,1,9,2,-1,-1,-1,4,1,4
2016210078843,2,9,0,2,0,0,0,0,0,0,1,1,5,1,45,7,1461,2,9,4,1,4
2016210078867,1,9,0,17,0,2,5,10,0,0,1,1,6,1,76,11,1386,1,5,8,1,8
2016210078915,1,9,0,18,0,0,0,0,0,0,1,1,6,1,69,10,2495,2,19,9,2,9
2016210078915,2,9,0,3,0,0,0,0,0,0,2,1,6,1,40,7,-1,-1,-1,8,1,8
2016210078915,3,9,0,3,0,0,0,0,0,0,2,1,6,1,29,6,-1,-1,-1,3,1,3
2016210078921,1,9,0,18,0,0,0,0,0,0,0,1,5,1,68,10,1596,1,15,2,1,2
2016210078921,2,1,0,18,0,0,0,0,0,0,0,1,5,1,16,4,-1,-1,-1,2,1,2
2016210078924,1,9,0,5,0,1,0,0,0,0,1,1,6,1,19,4,1242,1,4,9,1,9
2016210078924,2,9,0,4,0,1,0,0,0,0,1,1,6,1,33,6,1598,1,4,6,1,6
2016210078924,3,9,0,9,0,1,0,0,0,0,1,1,6,1,31,6,2987,2,10,7,1,7
2016210078944,1,9,0,18,0,8,0,0,0,0,1,1,6,1,26,6,1242,1,4,5,1,5
2016210078944,2,9,0,18,0,1,5,0,0,0,3,1,6,1,48,8,-1,-1,-1,5,1,5
2016210078957,1,9,0,16,0,0,0,0,1,10,4,1,6,2,18,4,1598,1,7,3,1,3
2016210078978,1,20,1,18,0,4,0,0,0,0,0,1,1,1,36,7,12809,2,3,10,2,10
2016210078978,2,5,0,18,0,4,0,0,0,0,1,1,6,1,46,8,656,1,10,-1,-1,-1
2016210078978,3,9,0,18,0,4,0,0,0,0,2,1,6,1,23,5,1390,1,14,-1,-1,-1
2016210078999,1,9,0,18,0,0,0,0,0,0,-1,1,5,2,46,8,1598,1,8,2,1,2
2016210079080,1,9,0,18,0,1,0,0,0,0,1,1,6,2,58,9,1796,1,10,7,1,7
2016210079080,2,9,0,4,0,1,0,0,0,0,-1,1,6,2,37,7,1229,1,11,9,1,9
2016210079109,1,9,0,-1,-1,0,0,-1,-1,0,-1,1,6,1,46,8,1242,1,14,-1,-1,-1
2016210079109,2,9,0,-1,-1,0,0,-1,-1,0,-1,1,1,1,41,7,2982,2,7,-1,-1,-1
2016210079140,1,9,0,9,0,8,5,0,0,0,4,1,6,1,19,4,1198,1,8,1,1,1
2016210079140,2,9,0,18,0,1,0,0,0,0,1,1,6,1,38,7,1968,2,4,2,1,2
2016210079225,1,9,0,18,0,1,0,0,0,0,1,1,6,1,18,4,1388,1,13,5,1,5
2016210079225,2,9,0,10,0,1,0,0,0,0,2,1,6,1,66,10,1339,1,13,4,1,4
2016210079280,1,9,0,-1,-1,0,0,-1,-1,0,-1,1,6,1,26,6,1999,1,8,1,1,1
2016210079280,2,9,0,-1,-1,0,0,-1,-1,0,-1,1,6,2,58,9,1598,1,9,1,1,1
2016210079280,3,9,0,-1,-1,0,0,-1,-1,0,-1,1,6,1,31,6,1781,1,15,4,1,4
2016210079319,1,9,0,4,0,1,0,0,0,0,4,1,6,1,41,7,1997,2,12,10,1,10
2016210079458,1,9,0,4,0,0,0,0,0,0,0,1,5,1,56,9,1396,1,2,6,3,6
2016210079807,1,9,0,18,0,0,0,0,0,0,1,1,6,1,24,5,1753,2,12,3,1,3
2016210079807,2,9,0,3,0,0,0,0,0,0,2,1,6,2,31,6,1994,2,13,4,1,4
2016210079859,1,9,0,1,0,0,0,0,0,0,-1,1,6,2,26,6,1997,2,13,6,1,6
2016210079859,2,19,0,18,0,0,0,0,0,0,-1,1,1,1,42,7,2198,2,7,5,1,5
2016210079869,1,19,0,3,0,0,0,0,0,0,1,1,6,1,30,6,2402,2,9,-1,-1,-1
2016210079869,2,9,0,3,0,0,0,0,0,0,2,1,6,2,29,6,1364,1,8,6,1,6
2016210079872,1,9,0,9,-1,-1,0,-1,-1,0,-1,1,6,1,69,10,1587,1,17,4,1,4
2016210079872,2,3,0,14,-1,-1,0,-1,-1,0,-1,1,1,1,25,5,124,1,9,1,1,1
2016210079936,1,9,0,18,0,8,0,0,0,0,1,1,1,1,27,6,-1,-1,-1,1,1,1
2016210079936,2,9,0,18,0,8,0,0,0,0,4,1,6,1,20,4,1248,2,10,6,1,6
2016210079938,1,9,0,18,0,0,0,0,0,0,1,1,6,1,21,5,1956,2,5,-1,-1,-1
2016210079938,2,9,0,18,0,0,0,0,0,0,2,1,6,2,50,8,1598,1,6,-1,-1,-1
2016210079938,3,9,0,18,0,0,0,0,0,0,2,1,6,1,41,7,1988,2,12,7,1,7
2016210079998,1,9,0,4,0,0,0,0,0,0,1,1,6,2,27,6,1197,1,3,8,3,8
2016210079998,2,9,0,4,0,0,0,0,0,0,2,1,6,1,22,5,1999,2,-1,7,1,7
2016210079998,3,9,0,4,0,0,0,0,0,0,2,1,6,1,22,5,1229,1,3,8,1,8
2016210080016,1,9,0,12,0,0,0,0,0,0,1,1,6,1,40,7,1995,2,3,2,1,2
2016210080016,2,9,0,18,0,0,0,0,0,0,2,1,6,2,35,6,1896,2,12,2,1,2
2016210080028,1,9,0,14,0,0,0,0,0,0,1,1,1,1,19,4,1108,1,13,4,1,4
2016210080028,2,9,0,18,0,0,0,0,0,0,1,1,6,2,32,6,1461,2,6,10,1,10
2016210080028,3,9,0,10,0,0,0,0,0,0,0,1,6,2,50,8,1242,1,3,6,1,6
2016210080032,1,9,0,18,0,6,0,0,0,0,1,1,6,2,35,6,1796,1,11,1,1,1
2016210080032,2,9,0,18,0,8,0,0,0,0,3,1,6,1,44,7,1598,2,-1,10,1,10
2016210080083,1,9,0,3,0,0,0,0,0,0,1,1,6,1,-1,-1,1951,2,12,6,1,6
2016210080083,2,9,0,3,0,0,0,0,0,0,2,1,6,1,21,5,1968,2,3,9,1,9
2016210080096,1,9,5,6,0,0,0,0,0,0,3,1,6,2,47,8,998,1,3,3,1,3
2016210080096,2,9,0,18,0,0,0,0,0,0,1,1,6,1,17,4,1598,1,14,1,1,1
2016210080120,1,9,0,7,0,1,0,0,0,0,0,1,1,1,73,10,1248,2,10,8,1,8
2016210080120,2,1,0,18,0,1,0,0,0,0,4,1,6,1,21,5,-1,-1,-1,9,1,9
2016210080169,1,9,0,4,0,0,0,0,0,0,2,1,6,2,53,8,1984,1,6,7,1,7
2016210080169,2,9,0,18,0,0,0,0,0,0,1,1,6,1,25,5,-1,-1,-1,10,1,10
2016210080202,1,90,0,1,0,1,0,0,0,0,2,1,6,1,38,7,7146,2,3,-1,-1,-1
2016210080202,2,9,0,3,0,1,0,0,0,0,1,1,6,2,22,5,1399,2,12,8,3,8
2016210080267,1,9,0,16,0,0,0,0,0,0,1,1,5,1,18,4,1124,1,11,10,2,10
2016210080327,1,9,0,18,0,8,0,0,0,0,1,1,6,1,24,5,-1,-1,-1,7,3,7
2016210080327,2,9,0,9,0,2,0,0,0,0,1,1,6,1,54,8,998,1,30,6,1,6
2016210080468,1,9,0,18,0,1,0,0,0,0,4,1,6,1,84,11,1242,1,7,4,1,4
2016210080468,2,9,0,18,0,1,0,0,0,0,1,1,6,1,57,9,998,1,-1,2,1,2
2016210080527,1,9,0,18,0,1,0,0,0,0,1,1,6,3,-1,-1,1242,1,14,-1,-1,-1
2016210080529,1,9,0,16,0,0,0,0,0,0,1,1,1,1,38,7,1896,2,10,3,1,3
2016210080529,2,8,0,17,0,0,0,0,0,0,1,1,6,1,31,6,1997,2,15,3,1,3
2016210080557,1,9,0,18,0,0,2,0,0,0,1,1,6,1,25,5,1599,1,13,-1,-1,-1
2016210080610,1,9,0,9,0,0,0,0,0,0,0,1,6,1,-1,-1,1461,2,5,6,1,6
2016210080610,2,11,0,4,0,0,0,0,0,0,0,1,1,1,-1,-1,9000,2,12,10,2,10
2016210080634,1,9,0,16,0,0,0,0,0,0,1,1,6,1,22,5,1149,1,13,-1,-1,-1
2016210080634,2,19,0,17,0,0,0,0,0,0,1,1,6,1,51,8,2198,2,8,8,3,8
2016210080637,1,9,0,9,0,1,0,0,0,0,1,1,6,2,55,8,898,1,3,9,1,9
2016210080637,2,1,0,18,0,1,0,0,0,0,1,1,6,2,43,7,-1,-1,-1,4,1,4
2016210080641,1,9,0,7,0,6,0,0,0,0,1,1,6,2,29,6,1598,1,15,-1,-1,-1
2016210080641,2,9,0,18,0,8,0,0,0,0,1,1,6,2,65,9,1360,1,14,8,1,8
2016210080667,1,19,0,18,0,0,0,4,0,0,1,1,6,1,42,7,2198,2,-1,10,1,10
2016210080667,2,9,0,2,0,0,0,0,0,0,2,1,6,1,27,6,1587,1,14,2,1,2
2016210080790,1,9,0,18,0,7,0,0,0,0,1,1,6,1,29,6,2204,2,9,8,2,8
2016210080790,2,9,0,3,0,7,0,0,0,0,2,1,6,2,52,8,1560,2,5,4,1,4
2016210080807,1,9,0,11,0,4,5,0,0,0,4,1,6,1,34,6,2926,2,10,2,1,2
2016210080807,2,9,0,18,0,4,0,0,0,0,3,1,6,2,48,8,2400,2,5,9,3,9
2016210080838,1,9,0,18,0,0,0,0,0,0,1,1,5,2,24,5,1349,1,7,-1,-1,-1
2016210080838,2,9,0,18,0,0,0,0,0,0,2,1,5,1,29,6,1596,1,7,-1,-1,-1
2016210080846,1,9,0,14,0,0,0,0,0,0,1,1,5,2,46,8,1595,1,-1,6,3,6
2016210080846,2,9,0,18,0,0,0,0,0,0,1,1,5,1,36,7,1242,1,16,7,3,7
2016210080851,1,9,0,16,-1,0,0,-1,-1,0,-1,1,5,1,34,6,2143,2,2,9,1,9
2016210080931,1,9,0,18,0,0,0,0,0,0,1,1,6,2,71,10,1598,1,13,3,1,3
2016210080931,2,9,0,18,0,0,0,0,0,0,2,1,6,1,29,6,-1,-1,-1,3,1,3
2016210080931,3,9,0,18,0,0,0,0,0,0,2,1,6,2,60,9,1390,1,5,10,1,10
2016210080938,1,9,0,18,0,1,0,0,0,0,1,1,6,2,37,7,1248,2,8,4,1,4
2016210080956,1,9,0,18,0,0,0,11,5,6,3,1,6,1,21,5,1595,2,7,3,1,3
2016210080990,1,9,0,9,0,6,0,0,0,0,4,1,6,2,81,11,1995,2,1,8,3,8
2016210080990,2,11,0,18,0,1,0,0,0,0,3,1,1,1,49,8,9000,2,11,1,1,1
2016210081020,1,9,0,18,-1,-1,0,-1,-1,0,-1,1,6,3,-1,-1,-1,-1,-1,-1,-1,-1
2016210081044,1,9,0,17,0,0,5,0,8,0,1,1,6,1,17,4,1398,1,1,-1,-1,-1
2016210081089,1,9,0,-1,-1,-1,0,-1,-1,0,-1,1,6,1,-1,-1,1995,2,3,-1,-1,-1
2016210081089,2,9,0,-1,-1,-1,0,-1,-1,0,-1,1,6,3,-1,-1,-1,-1,-1,-1,-1,-1
2016210081127,1,9,0,18,0,0,0,0,0,0,1,1,6,1,-1,-1,1896,2,10,4,1,4
2016210081127,2,9,0,18,0,0,0,0,0,0,2,1,6,2,64,9,1956,2,5,4,1,4
2016210081163,1,9,0,18,0,2,0,0,0,0,1,1,6,1,24,5,1686,2,10,3,1,3
2016210081163,2,8,0,18,0,1,0,0,0,0,2,1,6,1,57,9,1968,2,9,1,1,1
2016210081163,3,9,0,2,0,2,0,0,0,0,3,1,5,1,-1,-1,1396,1,12,-1,-1,-1
2016210081163,4,9,0,2,0,2,0,0,0,0,1,1,5,1,-1,-1,1596,1,11,-1,-1,-1
2016210081163,5,9,0,2,0,2,0,0,0,0,2,1,6,2,-1,-1,1390,1,15,-1,-1,-1
2016210081235,1,9,0,18,0,0,0,0,1,11,1,1,6,2,50,8,1242,1,12,4,1,4
2016210081267,1,9,0,-1,-1,0,0,-1,-1,0,-1,1,6,3,-1,-1,1598,1,13,-1,-1,-1
2016210081267,2,9,0,-1,-1,0,0,-1,-1,0,-1,1,6,2,38,7,1229,1,8,2,1,2
2016210081375,1,9,0,18,9,1,0,0,1,0,-1,1,6,1,19,4,1598,1,13,2,1,2
2016210081409,1,9,0,18,0,0,0,0,0,0,0,1,5,3,-1,-1,-1,-1,-1,-1,-1,-1
2016210081414,1,9,0,18,0,0,0,0,0,0,1,1,6,2,44,7,1296,1,9,7,1,7
2016210081425,1,9,0,18,0,0,0,0,0,0,1,1,5,1,31,6,-1,-1,-1,-1,-1,-1
2016210081434,1,9,0,1,9,0,0,0,0,0,1,1,6,1,28,6,1229,1,8,1,1,1
2016210081434,2,9,0,4,0,0,0,0,0,0,0,1,6,2,24,5,1560,2,5,1,1,1
2016210081435,1,2,0,18,0,4,0,0,1,0,1,1,6,1,20,4,49,1,3,5,2,5
2016210081576,1,9,0,16,0,0,0,0,1,0,1,1,5,1,28,6,1968,2,6,9,1,9
2016210081576,2,9,0,16,0,0,0,0,0,0,0,1,1,1,-1,-1,1598,2,3,-1,-1,-1
2016210081658,1,19,0,11,0,4,0,0,0,0,4,1,6,2,26,6,1560,2,1,-1,-1,-1
2016210081658,2,19,0,18,0,4,0,0,0,0,3,1,6,1,54,8,-1,-1,-1,3,3,3
2016210082039,1,9,0,18,0,0,0,0,0,0,1,1,6,1,40,7,1242,1,13,1,1,1
2016210082039,2,9,0,18,0,0,0,0,0,0,2,1,6,2,59,9,1229,1,4,6,1,6
2016210082039,3,9,0,18,0,0,0,0,0,0,2,1,6,1,81,11,1368,1,8,1,1,1
2016210082257,1,9,0,18,0,1,0,0,0,0,1,1,6,1,36,7,2494,8,1,9,1,9
2016210082257,2,9,0,18,0,1,0,0,0,0,1,1,6,1,45,7,1598,1,14,7,1,7
2016210082311,1,19,0,18,0,0,0,0,0,0,1,1,6,1,-1,-1,2402,2,9,5,1,5
2016210082311,2,9,0,3,0,0,0,0,0,0,2,1,6,1,29,6,1199,1,14,1,1,1
2016210082331,1,1,0,18,9,1,0,4,0,0,1,1,6,1,19,4,-1,-1,-1,5,1,5
2016210082331,2,9,0,2,0,2,0,0,0,0,3,1,6,2,22,5,1598,1,9,10,1,10
2016210082353,1,9,0,9,0,0,0,0,0,0,3,1,6,1,65,9,1422,2,9,4,1,4
2016210082435,1,9,0,9,0,1,0,0,0,0,1,1,6,1,34,6,1968,2,3,5,1,5
2016210082435,2,9,0,18,0,1,0,0,0,0,1,1,6,1,62,9,1753,2,8,8,3,8
2016210082692,1,9,0,18,0,0,0,0,0,0,4,1,2,1,40,7,1598,1,12,1,1,1
2016210082732,1,90,0,18,0,0,0,0,0,0,1,1,1,1,47,8,6374,2,3,6,1,6
2016210082733,1,9,0,18,0,1,0,0,0,0,1,1,6,3,-1,-1,-1,-1,-1,-1,-1,-1
2016210082763,1,8,0,18,0,3,0,0,0,0,1,1,1,1,30,6,1798,1,7,-1,-1,-1
2016210082763,2,9,0,18,0,3,0,0,0,0,3,1,1,2,52,8,1499,2,1,3,1,3
2016210082783,1,9,0,18,0,0,0,0,0,0,1,1,6,1,-1,-1,-1,-1,-1,1,1,1
2016210082783,2,9,0,18,0,0,0,0,0,0,2,1,6,2,32,6,1498,1,8,7,1,7
2016210082808,1,9,0,18,0,0,0,0,0,0,4,1,6,2,86,11,1299,1,15,3,1,3
2016210082808,2,9,0,2,0,0,0,0,0,0,3,1,6,2,23,5,1242,1,9,3,1,3
2016210082857,1,19,0,18,0,0,0,0,0,0,1,1,6,1,32,6,1997,2,2,4,1,4
2016210082857,2,9,0,4,0,0,0,0,4,0,2,1,6,1,39,7,1598,2,-1,4,1,4
2016210082857,3,9,0,4,0,0,0,0,0,0,1,1,1,1,30,6,1998,2,1,1,1,1
2016210082878,1,9,0,18,0,0,0,0,0,0,1,1,5,2,-1,-1,998,1,-1,4,1,4
2016210082878,2,9,0,18,0,0,0,0,0,0,1,1,6,1,43,7,-1,-1,-1,10,1,10
2016210082917,1,9,0,9,0,8,0,0,0,0,1,1,6,2,21,5,998,1,6,-1,-1,-1
2016210082917,2,9,0,18,0,8,0,0,0,0,1,1,6,2,52,8,1798,1,10,-1,-1,-1
2016210082941,1,9,0,18,0,4,0,0,0,0,1,1,6,1,-1,-1,1587,1,14,9,1,9
2016210082941,2,9,0,18,0,1,0,0,0,0,2,1,6,2,42,7,1998,1,14,9,1,9
2016210082944,1,9,0,9,0,8,0,0,0,0,1,1,6,1,46,8,1398,1,13,2,1,2