Accident_Index,Vehicle_Reference,Vehicle_Type,Towing_and_Articulation,Vehicle_Manoeuvre,Vehicle_Location-Restricted_Lane,Junction_Location,Skidding_and_Overturning,Hit_Object_in_Carriageway,Vehicle_Leaving_Carriageway,Hit_Object_off_Carriageway,1st_Point_of_Impact,Was_Vehicle_Left_Hand_Drive?,Journey_Purpose_of_Driver,Sex_of_Driver,Age_of_Driver,Age_Band_of_Driver,Engine_Capacity_(CC),Propulsion_Code,Age_of_Vehicle,Driver_IMD_Decile,Driver_Home_Area_Type,Vehicle_IMD_Decile
2016210083010,1,9,0,16,0,0,0,0,0,0,1,1,6,1,55,8,1956,2,2,6,1,6
2016210083010,2,9,0,3,0,0,0,0,0,0,2,1,6,1,47,8,998,1,1,4,1,4
2016210083127,1,9,0,-1,-1,0,0,-1,-1,0,-1,1,6,1,21,5,1596,1,12,5,1,5
2016210083127,2,9,0,-1,-1,0,0,-1,-1,0,-1,1,6,1,25,5,1595,1,17,8,1,8
2016210083127,3,9,0,-1,-1,0,0,-1,-1,0,-1,1,6,1,34,6,1461,2,1,5,1,5
2016210083127,4,9,0,-1,-1,0,0,-1,-1,0,-1,1,6,1,20,4,1360,1,15,1,1,1
2016210083127,5,9,0,-1,-1,0,0,-1,-1,0,-1,1,6,1,55,8,1586,1,3,9,1,9
2016210083127,6,9,0,-1,-1,0,0,-1,-1,0,-1,1,6,1,32,6,1984,2,2,10,1,10
2016210083127,7,9,0,-1,-1,0,0,-1,-1,0,-1,1,6,1,38,7,1910,2,8,10,1,10
2016210083130,1,9,0,18,0,0,0,0,0,0,1,1,5,2,29,6,1995,2,3,4,1,4
2016210083130,2,9,0,18,0,0,0,0,0,0,1,1,5,1,38,7,2198,2,9,8,1,8
2016210083130,3,9,0,18,0,0,0,0,0,0,1,1,5,1,43,7,1968,2,9,10,1,10
2016210083130,4,9,0,4,0,0,0,0,0,0,2,1,5,1,33,6,1598,2,1,3,1,3
2016210083156,1,9,0,18,0,1,0,0,0,0,3,1,6,1,33,6,1997,1,14,9,1,9
2016210083156,2,9,0,18,0,1,0,0,0,0,4,1,6,1,35,6,1998,1,6,8,1,8
2016210083182,1,9,0,5,0,1,0,0,0,0,1,1,6,2,44,7,-1,-1,-1,10,3,10
2016210083182,2,5,0,18,0,1,0,0,0,0,1,1,6,1,36,7,892,1,19,9,1,9
2016210083189,1,9,0,11,0,0,0,0,0,0,4,1,6,2,64,9,1596,1,2,-1,1,-1
2016210083189,2,21,1,18,0,0,0,0,0,0,3,1,1,1,39,7,12900,2,9,-1,-1,-1
2016210083199,1,9,0,9,0,6,0,0,0,0,1,1,6,1,18,4,1596,1,11,2,1,2
2016210083233,1,9,0,18,0,0,0,0,0,0,1,1,6,1,41,7,1598,1,12,2,1,2
2016210083237,1,98,0,18,0,1,0,0,0,0,1,1,6,3,-1,-1,-1,-1,-1,-1,-1,-1
2016210083237,2,5,0,18,0,1,0,0,0,0,1,1,6,1,33,6,535,1,18,6,1,6
2016210083281,1,9,0,18,0,2,0,0,0,0,1,1,1,1,31,6,1995,2,6,1,1,1
2016210083296,1,9,0,4,0,0,0,0,0,0,1,1,6,1,47,8,1991,2,8,-1,-1,-1
2016210083296,2,9,0,4,0,0,0,0,0,0,1,1,1,2,29,6,1242,1,10,-1,-1,-1
2016210083376,1,3,5,18,0,0,1,0,0,0,3,1,6,1,65,9,299,1,2,8,1,8
2016210083441,1,9,0,16,0,0,5,0,7,0,1,1,6,2,38,7,1399,2,10,10,1,10
2016210083678,1,9,0,18,0,0,0,0,0,0,1,1,6,1,24,5,1396,1,16,5,1,5
2016210083678,2,9,0,18,0,0,0,0,0,0,1,1,6,1,49,8,-1,-1,-1,10,1,10
2016210083697,1,19,0,7,0,1,0,0,0,0,1,1,1,1,46,8,1399,2,5,10,1,10
2016210083748,1,9,0,18,0,1,0,0,0,0,0,1,6,1,43,7,1149,1,15,7,3,7
2016210083748,2,3,0,18,0,1,0,0,0,0,0,1,6,1,19,4,125,1,4,4,1,4
2016210083797,1,19,0,12,0,0,0,0,0,0,3,1,6,1,57,9,1995,2,3,4,1,4
2016210083797,2,9,0,18,0,0,0,0,0,0,4,1,6,1,52,8,1598,1,10,3,1,3
2016210083877,1,-1,0,9,0,-1,0,0,0,0,0,1,6,3,-1,-1,-1,-1,-1,-1,-1,-1
2016210083877,2,9,0,18,0,2,5,10,1,0,1,1,1,1,20,4,1781,1,12,5,2,5
2016210083941,1,9,0,16,0,8,0,0,0,0,4,1,6,3,-1,-1,1199,1,14,-1,-1,-1
2016210083941,2,9,0,17,0,8,1,0,0,0,4,1,6,1,26,6,1197,1,1,8,1,8
2016210083992,1,8,0,11,0,3,0,0,0,0,0,1,1,1,46,8,1560,2,5,3,1,3
2016210084173,1,9,0,1,9,0,0,0,0,0,2,1,6,1,88,11,1389,1,21,2,1,2
2016210084532,1,19,0,18,0,1,0,0,0,0,0,1,6,1,26,6,1560,2,-1,4,1,4
2016210084532,2,9,0,8,0,1,0,0,0,0,2,1,6,1,58,9,1124,1,18,3,1,3
2016210084541,1,9,0,-1,0,-1,0,0,0,0,-1,1,6,2,36,7,1388,1,13,2,1,2
2016210084541,2,1,0,-1,-1,-1,0,-1,-1,0,-1,1,6,1,39,7,-1,-1,-1,7,3,7
2016210084607,1,9,0,10,0,1,0,0,0,0,1,1,6,1,59,9,1995,2,2,10,3,10
2016210084607,2,9,0,18,0,1,0,0,0,0,1,1,6,2,79,11,1197,1,-1,10,1,10
2016210084607,3,8,0,10,0,1,0,0,0,0,0,1,6,2,48,8,1560,2,6,2,1,2
2016210084636,1,9,0,12,0,0,0,0,0,0,3,1,6,1,79,11,1798,1,3,9,1,9
2016210084636,2,9,0,3,0,0,0,0,0,0,4,1,6,1,38,7,1198,1,12,9,1,9
2016210084636,3,9,0,3,0,0,0,0,0,0,3,1,1,1,32,6,2231,2,9,3,1,3
2016210084636,4,9,0,3,0,0,0,0,0,0,4,1,6,2,32,6,1329,1,6,2,1,2
2016210084636,5,9,0,3,0,0,0,0,0,0,2,1,6,2,32,6,1598,1,-1,8,1,8
2016210084638,1,19,0,16,0,0,0,0,0,0,1,1,6,1,61,9,2143,2,3,3,1,3
2016210084638,2,9,0,17,0,0,0,0,0,0,1,1,6,2,58,9,1198,1,7,7,3,7
2016210084677,1,9,0,4,0,1,0,0,0,0,1,1,2,1,59,9,1988,2,10,9,1,9
2016210084677,2,9,0,10,0,2,0,0,0,0,2,1,2,2,38,7,1995,2,4,9,1,9
2016210084708,1,9,0,5,0,1,0,0,0,0,2,1,6,2,21,5,1198,1,9,4,1,4
2016210084708,2,9,0,5,0,1,0,0,0,0,1,1,6,1,-1,-1,1769,1,13,1,1,1
2016210084807,1,19,0,18,0,0,0,0,0,0,1,1,6,1,30,6,1968,2,3,8,3,8
2016210084807,2,1,0,18,0,0,0,0,0,0,0,1,6,1,60,9,-1,-1,-1,6,3,6
2016210084908,1,9,0,18,0,0,0,12,0,0,1,1,6,2,23,5,1198,1,1,10,1,10
2016210084982,1,9,0,9,0,8,0,0,0,0,4,1,2,2,37,7,1397,1,13,-1,-1,-1
2016210084982,2,9,0,18,0,8,0,0,0,0,1,1,6,2,24,5,1242,1,6,1,1,1
2016210085072,1,9,0,9,0,1,0,0,0,0,1,1,6,1,62,9,1998,2,13,8,3,8
2016210085072,2,5,0,18,0,1,0,0,0,0,1,1,6,1,67,10,1795,1,13,4,1,4
2016210085094,1,9,0,18,0,0,0,0,0,0,4,1,6,2,50,8,2231,2,11,7,1,7
2016210085109,1,17,0,18,0,2,0,0,0,0,1,1,6,1,69,10,-1,2,33,3,1,3
2016210085115,1,9,0,5,0,1,0,0,0,0,1,1,6,1,35,6,2179,2,3,9,1,9
2016210085115,2,9,0,3,0,1,0,0,0,0,2,1,6,1,60,9,1497,1,10,8,1,8
2016210085158,1,9,0,18,0,0,0,0,7,0,1,1,1,1,25,5,1956,2,5,7,1,7
2016210085158,2,21,0,18,0,0,0,0,0,0,1,1,1,1,29,6,11021,2,10,9,1,9
2016210085161,1,9,0,18,0,0,0,0,0,0,1,1,6,1,45,7,1995,2,1,9,1,9
2016210085161,2,9,0,18,0,0,0,0,0,0,1,1,6,2,74,10,1386,1,7,2,1,2
2016210085186,1,9,0,5,0,1,0,0,0,0,3,1,6,2,35,6,1368,1,5,3,1,3
2016210085186,2,1,0,18,0,1,0,0,0,0,1,1,6,1,21,5,-1,-1,-1,-1,-1,-1
2016210085213,1,90,0,18,0,1,0,0,0,0,1,1,6,3,-1,-1,-1,-1,-1,-1,-1,-1
2016210085250,1,9,0,9,0,1,0,0,0,0,1,1,6,2,32,6,1997,2,17,4,1,4
2016210085250,2,9,0,18,0,1,0,0,0,0,1,1,6,2,26,6,1840,1,14,6,1,6
2016210085285,1,90,0,18,0,0,0,0,0,0,1,1,6,1,57,9,-1,-1,-1,-1,-1,-1
2016210085285,2,9,0,18,0,0,0,0,0,0,1,1,6,1,62,9,-1,-1,-1,2,1,2
2016210085314,1,9,0,17,0,0,0,0,0,0,1,1,6,1,47,8,1461,2,-1,1,1,1
2016210085314,2,19,0,16,0,0,0,0,0,0,1,1,1,1,32,6,1560,2,4,5,1,5
2016210085333,1,9,0,5,0,8,0,0,0,0,1,1,6,1,26,6,1360,1,15,4,1,4
2016210085333,2,1,0,14,0,8,0,0,0,0,4,1,6,1,59,9,-1,-1,-1,2,1,2
2016210085396,1,9,0,18,0,8,0,0,0,0,1,1,6,1,27,6,2000,2,11,2,1,2
2016210085396,2,9,0,7,0,6,0,0,0,0,3,1,6,1,36,7,1896,2,8,2,1,2
2016210085408,1,9,0,5,0,6,0,0,0,0,-1,1,6,1,-1,-1,1061,1,10,2,1,2
2016210085408,2,8,0,18,0,1,0,0,0,0,3,1,6,1,63,9,1997,2,9,3,1,3
2016210085440,1,9,0,18,0,1,0,0,0,0,1,1,6,2,30,6,1229,1,8,-1,-1,-1
2016210085440,2,9,0,10,0,1,0,0,0,0,2,1,6,2,62,9,998,1,17,9,1,9
2016210085448,1,9,0,18,0,0,5,0,0,0,1,1,6,2,40,7,1360,1,15,5,1,5
2016210085459,1,9,0,9,0,6,0,0,0,0,1,1,6,1,27,6,1242,1,14,1,1,1
2016210085459,2,9,0,18,0,8,0,0,0,0,1,1,6,2,47,8,1586,1,2,4,1,4
2016210085557,1,9,5,18,0,0,0,0,0,0,1,1,6,2,45,7,1870,2,13,2,1,2
2016210085557,2,9,0,4,0,0,0,0,0,0,2,1,6,2,36,7,1968,2,8,2,1,2
2016210085557,3,9,0,4,0,0,0,0,0,0,2,1,6,1,42,7,1598,2,1,9,1,9
2016210085573,1,9,0,18,0,0,0,0,0,0,4,1,6,2,-1,-1,-1,-1,-1,-1,-1,-1
2016210085573,2,1,0,18,0,0,0,0,0,0,1,1,6,1,15,3,-1,-1,-1,10,1,10
2016210085637,1,9,0,1,9,8,0,0,0,0,2,1,6,1,40,7,1461,2,9,-1,-1,-1
2016210085637,2,9,0,2,0,8,0,0,0,0,3,1,6,1,45,7,998,1,-1,6,1,6
2016210085652,1,19,0,18,0,0,0,0,0,0,1,1,1,1,56,9,1997,2,8,7,1,7
2016210085652,2,9,0,3,0,0,0,0,0,0,2,1,1,1,25,5,999,1,4,1,1,1
2016210085666,1,9,0,-1,-1,0,0,-1,-1,0,-1,1,2,2,32,6,1206,1,5,4,2,4
2016210085716,1,9,0,18,0,8,0,0,0,0,1,1,6,1,19,4,1242,1,9,5,3,5
2016210085716,2,9,0,18,0,8,0,0,0,0,3,1,6,1,35,6,1618,1,1,3,1,3
2016210085758,1,98,0,18,0,2,0,0,0,0,1,1,1,1,46,8,-1,-1,-1,8,1,8
2016210085758,2,9,0,18,0,2,0,0,0,0,2,1,1,2,30,6,1349,1,4,5,1,5
2016210085774,1,9,0,18,0,0,2,0,0,0,1,1,6,1,30,6,1596,1,12,3,1,3
2016210085774,2,9,0,2,0,0,0,0,0,0,1,1,6,2,23,5,1461,2,3,6,1,6
2016210085774,3,9,0,2,0,0,0,0,0,0,1,1,6,1,73,10,1995,2,1,9,1,9
2016210085775,1,9,0,18,0,1,0,0,0,0,1,1,6,1,32,6,1910,2,11,7,1,7
2016210085775,2,9,0,10,0,1,0,0,0,0,2,1,6,2,42,7,1598,1,3,-1,-1,-1
2016210085805,1,9,0,2,0,0,0,0,0,0,2,1,6,2,28,6,973,1,13,3,1,3
2016210085805,2,1,0,18,0,0,0,0,0,0,1,1,6,2,50,8,-1,-1,-1,9,1,9
2016210085896,1,3,0,18,0,1,0,0,0,0,1,1,6,1,22,5,125,1,-1,9,2,9
2016210085896,2,9,0,10,0,1,0,0,0,0,2,1,6,1,41,7,2099,1,14,7,2,7
2016210086048,1,9,0,17,0,0,5,0,1,0,1,1,6,1,26,6,1975,1,11,6,1,6
2016210086070,1,9,0,9,0,1,0,0,0,0,4,1,6,2,56,9,1560,2,7,5,1,5
2016210086070,2,5,0,18,0,1,0,0,0,0,4,1,6,1,49,8,1050,1,6,-1,-1,-1
2016210086073,1,9,0,6,0,0,0,0,0,0,2,1,6,1,38,7,2000,2,11,1,1,1
2016210086073,2,2,0,18,0,0,0,0,0,0,1,1,6,1,16,4,50,1,5,1,1,1
2016210086085,1,20,1,18,0,1,0,0,0,0,1,1,6,1,25,5,-1,-1,-1,1,1,1
2016210086085,2,9,0,4,0,1,0,0,0,0,2,1,6,1,44,7,1988,1,12,3,1,3
2016210086085,3,9,0,4,0,1,0,0,0,0,2,1,6,2,28,6,1560,2,3,7,1,7
2016210086113,1,9,0,15,0,0,0,0,0,0,1,1,6,1,19,4,1328,1,8,7,1,7
2016210086113,2,9,0,2,0,0,0,0,0,0,3,1,5,2,33,6,1149,1,5,7,1,7
2016210086127,1,2,0,18,0,0,0,0,0,0,1,1,6,1,16,4,49,1,1,8,3,8
2016210086127,2,2,0,18,0,0,0,0,0,0,1,1,6,1,16,4,50,1,1,6,1,6
2016210086142,1,9,0,18,-1,0,0,-1,-1,0,-1,1,6,1,-1,-1,1229,1,10,6,1,6
2016210086142,2,9,0,4,-1,0,0,-1,-1,0,-1,1,6,2,33,6,1198,1,1,9,1,9
2016210086149,1,19,0,11,0,3,5,0,0,0,4,1,6,1,29,6,2402,2,10,6,3,6
2016210086149,2,90,0,18,0,3,0,0,0,0,3,1,1,1,50,8,-1,-1,-1,5,1,5
2016210086185,1,9,0,18,0,0,0,0,0,0,1,1,6,1,42,7,-1,-1,-1,-1,-1,-1
2016210086185,2,9,0,18,0,0,0,0,0,0,2,1,6,1,37,7,-1,-1,-1,-1,-1,-1
2016210086815,1,9,0,18,0,1,0,0,0,0,1,1,6,1,45,7,1896,2,11,6,1,6
2016210086815,2,9,0,18,0,1,0,0,0,0,1,1,6,2,57,9,1598,1,13,1,1,1
2016210086927,1,9,0,-1,-1,0,0,-1,-1,0,-1,1,6,3,-1,-1,-1,-1,-1,-1,-1,-1
2016210086927,2,9,0,-1,-1,0,0,-1,-1,0,-1,1,6,2,46,8,1560,2,6,9,3,9
2016210086933,1,9,0,4,0,1,0,0,0,0,3,1,1,1,22,5,1998,2,11,4,1,4
2016210086933,2,3,0,18,0,1,5,0,0,0,4,1,1,1,73,10,124,1,3,4,1,4
2016210086957,1,9,0,18,0,1,0,0,0,0,1,1,6,1,36,7,2461,2,9,3,1,3
2016210087012,1,9,0,18,0,0,0,0,0,0,1,1,6,2,40,7,1896,2,15,4,1,4
2016210087016,1,9,0,18,0,1,0,0,0,0,1,1,6,1,27,6,1242,1,14,1,1,1
2016210087016,2,9,0,18,0,1,0,0,0,0,1,1,6,2,47,8,1586,1,2,4,1,4
2016210087041,1,19,0,4,7,0,0,0,1,4,1,1,1,1,31,6,2143,2,5,2,1,2
2016210087079,1,9,0,-1,0,5,1,-1,-1,0,1,1,6,2,44,7,1590,1,15,9,1,9
2016210087115,1,9,0,18,0,0,0,0,0,0,1,1,6,1,30,6,1686,2,13,5,1,5
2016210087116,1,9,0,18,0,0,0,0,0,0,1,1,6,1,28,6,1998,2,1,1,1,1
2016210087116,2,9,0,4,0,0,0,0,0,0,2,1,1,1,52,8,2987,2,2,7,1,7
2016210087153,1,9,0,5,0,0,0,0,0,0,1,1,6,1,27,6,1598,1,13,9,1,9
2016210087153,2,9,0,3,0,0,0,0,0,0,2,1,6,1,27,6,1968,2,1,9,1,9
2016210087349,1,9,0,18,0,1,0,0,0,0,1,1,2,1,21,5,1248,1,3,3,1,3
2016210087368,1,9,0,18,0,0,0,0,0,0,1,1,6,2,23,5,1242,1,13,1,1,1
2016210087369,1,9,0,18,0,0,0,0,0,0,1,1,6,1,42,7,1910,2,9,7,1,7
2016210087369,2,9,0,4,0,0,0,0,0,0,2,1,6,2,37,7,1598,1,17,2,1,2
2016210087415,1,9,0,18,0,8,0,0,0,0,1,1,6,1,82,11,2179,2,15,7,1,7
2016210087415,2,9,0,9,0,8,0,0,0,0,3,1,6,1,19,4,1242,1,10,1,1,1
2016210087418,1,9,0,18,0,0,0,0,0,0,1,1,6,2,22,5,1242,1,1,7,1,7
2016210087418,2,9,0,3,0,0,0,0,0,0,2,1,6,1,58,9,1968,2,-1,3,1,3
2016210087448,1,9,0,-1,-1,0,0,-1,-1,0,-1,1,6,3,-1,-1,-1,-1,-1,-1,-1,-1
2016210087448,2,3,0,-1,-1,0,0,-1,-1,0,-1,1,6,1,19,4,125,1,10,2,1,2
2016210087451,1,9,0,-1,-1,-1,0,-1,-1,0,-1,1,6,3,-1,-1,-1,-1,-1,-1,-1,-1
2016210087451,2,9,0,-1,-1,-1,0,-1,-1,0,-1,1,6,1,33,6,1390,1,9,1,1,1
2016210087485,1,9,0,18,0,1,0,0,0,0,1,1,6,1,65,9,2188,2,9,1,1,1
2016210087485,2,8,0,17,0,1,0,0,0,0,1,1,1,2,57,9,1997,2,11,7,1,7
2016210087511,1,8,0,18,0,0,0,0,0,0,1,1,1,1,35,6,1995,2,8,1,1,1
2016210087511,2,9,0,18,0,0,0,0,0,0,1,1,6,2,34,6,1560,2,10,8,1,8
2016210087566,1,9,0,18,0,1,0,0,0,0,1,1,6,1,-1,-1,1560,2,3,5,1,5
2016210087566,2,19,0,3,0,1,0,0,0,0,2,1,1,1,51,8,1461,2,14,9,1,9
2016210087602,1,21,0,18,0,0,0,0,0,0,-1,1,1,1,48,8,11705,2,10,5,1,5
2016210087602,2,9,0,18,0,0,0,0,0,0,2,1,2,1,25,5,1149,1,3,7,1,7
2016210087623,1,9,0,4,0,8,0,0,0,0,1,1,6,1,50,8,1560,2,6,6,2,6
2016210087623,2,1,0,18,9,8,0,0,0,0,1,1,6,1,15,3,-1,-1,-1,2,1,2
2016210087680,1,97,0,10,0,1,0,0,0,0,1,1,6,1,34,6,-1,-1,-1,-1,-1,-1
2016210087680,2,9,0,18,0,1,0,0,0,0,2,1,2,1,33,6,1968,2,6,5,1,5
2016210087842,1,9,0,18,0,1,0,0,0,0,1,1,6,1,46,8,1686,2,2,3,1,3
2016210087842,2,9,0,18,0,1,0,0,0,0,1,1,6,2,23,5,1498,1,9,1,1,1
2016210087867,1,5,0,13,0,0,1,0,1,0,1,1,6,1,33,6,748,1,18,6,1,6
2016210087880,1,9,0,9,-1,-1,0,-1,-1,0,-1,1,6,3,-1,-1,-1,-1,-1,-1,-1,-1
2016210087880,2,1,0,9,-1,-1,0,-1,-1,0,-1,1,6,2,23,5,-1,-1,-1,2,1,2
2016210087898,1,9,0,18,0,0,1,0,0,0,1,1,6,1,46,8,1796,1,17,1,1,1
2016210087898,2,9,0,18,0,0,0,0,0,0,1,1,6,1,33,6,1390,1,12,8,1,8
2016210087920,1,9,0,18,0,0,0,0,7,0,1,1,6,1,37,7,1781,1,15,2,1,2
2016210087920,2,9,0,18,0,0,0,0,0,0,1,1,6,1,71,10,1598,2,4,4,1,4
2016210087926,1,9,0,9,0,1,0,0,0,0,4,1,6,2,20,4,1598,2,4,3,1,3
2016210087926,2,9,0,18,0,1,0,0,0,0,1,1,6,1,62,9,2429,1,15,1,1,1
2016210087983,1,9,0,7,0,8,0,0,0,0,3,1,6,2,20,4,1598,1,11,4,1,4
2016210087983,2,9,0,18,0,1,0,0,0,0,1,1,6,1,-1,-1,1199,1,14,5,2,5
2016210088060,1,9,0,18,0,0,1,0,0,0,1,1,6,1,-1,-1,-1,-1,-1,4,1,4
2016210088060,2,9,0,4,0,0,0,0,0,0,2,1,6,2,29,6,1368,1,-1,10,2,10
2016210088060,3,9,0,4,0,0,0,0,0,0,2,1,6,1,68,10,-1,-1,-1,-1,3,-1
2016210088083,1,98,0,5,0,8,0,0,0,0,3,1,1,1,32,6,-1,-1,-1,-1,-1,-1
2016210088083,2,9,0,5,0,8,0,0,0,0,3,1,6,1,38,7,2993,2,1,4,1,4
2016210088300,1,3,0,5,0,1,0,0,0,0,4,1,6,1,33,6,125,1,1,1,1,1
2016210088300,2,9,0,16,0,1,0,0,0,0,1,1,6,2,18,4,1299,1,9,6,3,6
2016210088329,1,9,0,17,0,0,0,0,0,0,1,1,6,1,70,10,1242,1,13,8,3,8
2016210088329,2,9,0,16,0,0,0,0,0,0,1,1,6,1,40,7,-1,-1,-1,6,3,6
2016210088348,1,9,0,18,0,0,5,0,0,0,1,1,6,1,22,5,1968,2,3,8,1,8
2016210088348,2,9,0,18,0,0,0,0,0,0,3,1,6,2,43,7,1997,2,1,9,1,9
2016210088371,1,9,0,16,0,0,5,0,0,0,1,1,6,2,19,4,1299,1,15,-1,-1,-1
2016210088371,2,9,0,18,0,0,0,0,0,0,3,1,6,2,62,9,2926,2,15,4,3,4
2016210088376,1,1,0,18,0,0,0,0,0,0,1,1,6,1,28,6,-1,-1,-1,2,1,2
2016210088376,2,9,0,2,0,0,0,0,0,0,1,1,6,1,-1,-1,2499,2,15,2,1,2
2016210088493,1,9,0,18,0,1,0,0,0,0,1,1,6,2,23,5,1598,2,6,2,1,2
2016210088493,2,9,0,18,0,2,0,0,0,0,1,1,6,1,36,7,1968,2,4,1,1,1
2016210088577,1,9,0,4,0,2,0,0,0,0,1,1,6,2,39,7,1685,2,2,8,1,8
2016210088577,2,9,0,4,0,2,0,0,0,0,2,1,6,2,61,9,1248,2,8,9,3,9
2016210088664,1,9,0,16,0,0,1,10,1,11,3,1,5,1,35,6,1124,1,11,1,1,1
2016210088917,1,9,0,16,0,0,2,10,1,0,3,1,5,1,21,5,1196,1,19,-1,-1,-1
2016210088917,2,9,0,17,0,0,0,0,1,0,1,1,5,1,38,7,2204,2,8,1,1,1
2016210088917,3,9,0,16,0,0,0,0,0,0,0,1,1,2,-1,-1,2993,2,2,-1,-1,-1
2016210088917,4,9,0,16,0,0,0,0,0,0,0,1,1,1,-1,-1,2993,2,1,-1,-1,-1
2016210089025,1,9,0,18,0,1,0,0,0,0,1,1,6,1,40,7,-1,-1,-1,3,1,3
2016210089025,2,9,0,18,0,1,0,0,0,0,1,1,6,2,63,9,1398,2,11,2,1,2
2016210089131,1,9,0,18,0,8,0,0,0,0,1,1,6,1,30,6,1900,2,11,1,1,1
2016210089131,2,9,0,18,0,8,0,0,0,0,1,1,6,2,24,5,2993,2,2,-1,-1,-1
2016210089172,1,9,0,9,0,8,0,0,0,0,3,1,6,1,90,11,1396,1,12,6,3,6
2016210089172,2,9,0,17,0,1,0,0,0,0,1,1,6,1,42,7,4806,1,6,-1,1,-1
2016210089224,1,9,0,18,0,1,0,0,0,0,1,1,6,1,25,5,1995,1,11,10,1,10
2016210089224,2,9,0,4,0,1,0,0,0,0,2,1,6,2,44,7,1399,2,10,6,1,6
2016210089224,3,9,0,4,0,1,0,0,0,0,2,1,1,1,36,7,2199,2,7,1,1,1
2016210089224,4,9,0,4,0,1,0,0,0,0,0,1,6,1,21,5,998,1,3,5,1,5
2016210089267,1,17,5,13,0,0,0,0,0,0,0,1,6,1,50,8,4525,2,2,8,3,8
2016210089267,2,1,0,18,0,0,0,0,0,0,3,1,6,1,47,8,-1,-1,-1,8,1,8
2016210089418,1,9,0,18,0,1,0,0,0,0,1,1,6,3,-1,-1,998,1,9,2,1,2
2016210089418,2,9,0,9,0,1,0,0,0,0,3,1,6,2,-1,-1,-1,-1,-1,1,1,1
2016210089443,1,9,0,13,0,0,1,0,0,0,1,1,6,1,19,4,1242,1,16,2,1,2
2016210089443,2,9,0,18,0,0,0,0,0,0,1,1,6,1,31,6,1560,2,4,6,1,6
2016210089626,1,9,0,-1,-1,0,0,-1,-1,0,-1,1,6,1,24,5,2521,1,9,6,1,6
2016210089626,2,9,0,-1,-1,0,0,-1,-1,0,-1,1,6,1,66,10,2685,2,13,5,1,5
2016210089684,1,9,0,18,0,0,0,0,0,0,1,1,6,1,84,11,1991,2,8,10,3,10
2016210089684,2,9,0,18,0,0,0,0,0,0,2,1,6,1,78,11,1910,2,6,7,1,7
2016210089693,1,9,0,18,0,0,0,0,0,0,1,1,6,1,28,6,-1,-1,-1,3,1,3
2016210089693,2,9,0,18,0,0,0,0,0,0,2,1,6,1,41,7,1995,2,1,10,1,10
2016210089698,1,9,0,18,0,0,0,0,0,0,1,1,2,1,25,5,1896,2,13,5,3,5
2016210089698,2,8,0,18,0,0,0,0,0,0,2,1,1,1,48,8,1997,2,6,2,1,2
2016210089766,1,9,0,18,-1,0,0,-1,-1,0,-1,1,6,1,43,7,1686,2,11,7,1,7
2016210089766,2,1,0,18,-1,0,0,-1,-1,0,-1,1,6,1,11,3,-1,-1,-1,9,2,9
2016210089771,1,9,0,7,0,2,0,0,0,0,1,1,6,3,-1,-1,-1,-1,-1,-1,-1,-1
2016210089771,2,1,0,18,0,2,0,0,0,0,3,1,6,1,18,4,-1,-1,-1,2,1,2
2016210089813,1,9,0,18,0,0,2,11,0,0,1,1,6,1,24,5,1781,1,14,7,1,7
2016210089840,1,8,0,18,0,0,0,0,0,0,1,1,1,1,51,8,1997,2,3,8,3,8
2016210089860,1,9,0,18,0,0,0,1,0,0,1,1,6,1,35,6,1124,1,11,1,1,1
2016210090055,1,21,1,18,0,1,0,0,0,0,1,1,1,1,36,7,10837,2,4,-1,-1,-1
2016210090064,1,9,0,5,0,1,0,0,0,0,1,1,6,1,19,4,1199,1,14,3,1,3
2016210090064,2,9,0,18,0,1,0,0,0,0,1,1,1,1,47,8,1560,2,5,-1,-1,-1
2016210090080,1,9,0,9,0,8,0,0,0,0,1,1,6,1,71,10,1560,2,3,2,1,2
2016210090080,2,9,0,13,0,1,0,0,0,0,3,1,6,1,27,6,1984,1,6,1,1,1
2016210090097,1,11,0,18,0,0,0,12,0,0,1,1,1,1,68,10,6370,2,4,1,1,1
2016210090130,1,9,0,18,0,1,0,0,0,0,1,1,6,1,30,6,-1,-1,-1,5,1,5
2016210090130,2,9,0,18,0,1,0,0,0,0,2,1,6,1,51,8,1753,2,8,8,1,8
2016210090137,1,9,0,18,-1,-1,0,-1,-1,0,-1,1,6,2,40,7,1998,1,18,9,1,9
2016210090204,1,9,0,4,0,1,0,0,0,0,4,1,6,1,34,6,1997,2,6,1,1,1
2016210090204,2,8,0,4,0,1,0,0,0,0,3,1,1,1,41,7,1598,2,4,3,1,3
2016210090248,1,9,0,9,0,4,0,0,0,0,3,1,1,1,25,5,999,1,15,4,1,4
2016210090248,2,9,0,9,0,4,0,0,0,0,4,1,1,1,53,8,1248,1,5,5,1,5
2016210090257,1,19,0,18,0,8,0,0,0,0,3,1,6,1,32,6,2148,2,10,1,1,1
2016210090257,2,1,0,18,0,8,0,0,0,0,1,1,6,2,8,2,-1,-1,-1,2,1,2
2016210090771,1,9,0,18,-1,-1,0,-1,-1,0,-1,1,6,1,26,6,1390,1,7,7,1,7