Accident_Index,Vehicle_Reference,Vehicle_Type,Towing_and_Articulation,Vehicle_Manoeuvre,Vehicle_Location-Restricted_Lane,Junction_Location,Skidding_and_Overturning,Hit_Object_in_Carriageway,Vehicle_Leaving_Carriageway,Hit_Object_off_Carriageway,1st_Point_of_Impact,Was_Vehicle_Left_Hand_Drive?,Journey_Purpose_of_Driver,Sex_of_Driver,Age_of_Driver,Age_Band_of_Driver,Engine_Capacity_(CC),Propulsion_Code,Age_of_Vehicle,Driver_IMD_Decile,Driver_Home_Area_Type,Vehicle_IMD_Decile
2016210096464,2,9,0,9,0,0,0,0,0,0,3,1,6,1,55,8,2191,2,1,-1,-1,-1
2016210096479,1,9,0,18,0,1,0,0,0,0,1,1,6,3,-1,-1,-1,-1,-1,-1,-1,-1
2016210096479,2,9,0,18,0,1,0,0,0,0,2,1,6,2,34,6,1598,1,3,6,1,6
2016210096527,1,9,0,6,0,0,0,0,0,0,1,1,6,1,66,10,1398,1,12,9,3,9
2016210096527,2,5,0,18,0,0,0,0,0,0,1,1,6,1,31,6,998,1,13,7,2,7
2016210096563,1,5,0,11,0,3,0,0,0,0,1,1,6,1,67,10,1050,1,10,6,1,6
2016210096563,2,9,0,9,0,3,0,0,0,0,3,1,1,2,36,7,1598,2,1,2,1,2
2016210096572,1,9,0,18,-1,0,0,-1,-1,0,-1,1,6,1,85,11,2230,1,11,10,1,10
2016210096572,2,9,0,4,-1,0,0,-1,-1,0,-1,1,6,1,26,6,-1,-1,-1,6,3,6
2016210096647,1,9,0,18,0,1,0,0,0,0,1,1,1,2,-1,-1,1686,2,3,3,1,3
2016210096647,2,9,0,18,0,1,0,0,0,0,1,1,6,1,36,7,998,1,3,8,1,8
2016210096666,1,9,0,10,0,1,0,0,0,0,3,1,6,2,23,5,1149,1,11,6,1,6
2016210096666,2,3,0,18,0,1,0,0,0,0,1,1,6,1,44,7,124,1,3,6,1,6
2016210096698,1,9,0,18,0,0,0,0,0,0,1,1,6,2,55,8,1248,2,9,6,1,6
2016210096698,2,9,0,18,0,0,0,0,0,0,1,1,6,1,25,5,1968,2,10,-1,-1,-1
2016210096698,3,9,0,18,0,0,0,0,0,0,1,1,6,2,24,5,1598,2,2,9,1,9
2016210096734,1,9,0,18,0,0,0,0,0,0,4,1,1,1,33,6,2199,2,4,2,1,2
2016210096760,1,-1,0,18,0,0,0,0,0,0,4,1,6,1,-1,-1,-1,-1,-1,-1,-1,-1
2016210096762,1,9,0,18,0,1,0,0,0,0,1,1,6,2,19,4,1299,1,10,7,1,7
2016210096762,2,9,0,4,0,1,0,0,0,0,2,1,6,1,36,7,1984,1,1,4,1,4
2016210096762,3,9,0,4,0,1,0,0,0,0,0,1,6,1,52,8,1910,2,12,4,1,4
2016210096946,1,3,0,18,0,0,0,0,0,0,1,1,6,1,18,4,125,1,3,6,3,6
2016210096946,2,9,0,18,0,0,0,0,0,0,2,1,6,1,30,6,1461,2,2,8,1,8
2016210096958,1,9,0,18,0,4,0,0,0,0,1,1,6,1,67,10,1598,1,14,4,1,4
2016210096958,2,9,0,3,0,4,0,0,0,0,2,1,2,2,57,9,1599,1,11,7,1,7
2016210096982,1,9,0,17,0,0,0,0,1,0,1,1,6,2,35,6,1364,1,7,9,1,9
2016210096996,1,9,0,9,0,8,0,0,0,0,1,1,6,2,61,9,1242,1,2,2,1,2
2016210096996,2,9,0,18,0,1,0,0,0,0,1,1,6,2,83,11,1242,1,16,2,1,2
2016210096996,3,9,0,18,0,1,0,0,0,0,1,1,6,1,63,9,2191,2,1,5,1,5
2016210097005,1,9,0,18,0,1,0,0,0,0,0,1,6,2,61,9,2179,2,1,8,1,8
2016210097091,1,9,0,7,0,2,0,0,7,0,1,1,6,1,15,3,1998,1,13,10,3,10
2016210097114,1,9,0,18,0,0,0,0,0,0,1,1,6,1,-1,-1,-1,-1,-1,-1,-1,-1
2016210097114,2,9,0,18,0,0,0,0,0,0,3,1,6,2,55,8,1242,1,6,6,1,6
2016210097115,1,97,0,18,9,0,0,0,0,0,-1,1,6,1,21,5,-1,-1,-1,1,1,1
2016210097348,1,9,0,18,0,0,0,0,0,0,1,1,6,1,45,7,1948,1,17,1,1,1
2016210097348,2,9,0,2,0,0,0,0,0,0,3,1,6,3,-1,-1,1968,2,8,-1,-1,-1
2016210097348,3,9,0,2,0,0,0,0,0,0,3,1,6,3,-1,-1,1242,1,9,-1,-1,-1
2016210097426,1,9,0,18,0,0,0,0,7,0,1,1,2,2,23,5,1200,1,-1,6,1,6
2016210097699,1,1,0,-1,-1,-1,0,-1,-1,0,-1,1,1,1,44,7,-1,-1,-1,1,1,1
2016210097699,2,9,0,-1,-1,-1,0,-1,-1,0,-1,1,1,2,38,7,1598,1,5,9,1,9
2016210097712,1,3,0,18,0,8,1,0,0,0,3,1,6,2,18,4,125,1,3,4,1,4
2016210097712,2,9,0,18,0,8,0,0,0,0,3,1,6,2,73,10,1422,2,8,7,1,7
2016210097723,1,9,0,18,0,4,0,0,0,0,-1,1,6,1,-1,-1,1753,2,10,-1,-1,-1
2016210097723,2,9,0,7,0,3,0,0,1,0,-1,1,6,1,54,8,1968,2,2,-1,-1,-1
2016210097748,1,9,0,4,0,2,0,0,0,0,2,1,5,1,30,6,1998,1,8,2,1,2
2016210097748,2,9,0,4,0,2,0,0,0,0,2,1,5,1,64,9,2967,2,2,6,1,6
2016210097749,1,9,0,5,0,6,0,0,0,0,1,1,5,2,-1,-1,1781,1,12,9,1,9
2016210097749,2,9,0,18,0,1,0,0,0,0,4,1,5,2,37,7,1461,2,3,7,1,7
2016210097828,1,9,0,9,0,1,0,0,0,0,1,1,2,1,19,4,1149,1,9,2,1,2
2016210097828,2,9,0,18,0,1,0,0,0,0,1,1,5,2,21,5,1246,1,10,2,1,2
2016210097842,1,9,0,18,0,0,0,0,0,0,-1,1,5,3,-1,-1,-1,-1,-1,-1,-1,-1
2016210097883,1,3,0,18,0,0,1,0,0,0,2,1,5,1,29,6,125,1,4,4,1,4
2016210097883,2,3,0,18,0,0,0,0,0,0,1,1,5,1,34,6,-1,-1,-1,1,1,1
2016210097913,1,9,0,18,0,0,0,0,0,0,1,1,6,2,57,9,1398,2,11,8,1,8
2016210097913,2,9,0,3,0,0,0,0,0,0,2,1,6,2,56,9,1400,1,10,7,1,7
2016210097950,1,9,0,18,0,1,0,0,0,0,1,1,6,2,63,9,1596,1,2,-1,-1,-1
2016210098054,1,9,0,2,0,0,0,0,0,0,0,1,6,1,66,10,-1,-1,-1,9,1,9
2016210098054,2,4,0,18,0,0,0,0,0,0,0,1,6,1,21,5,471,1,-1,7,1,7
2016210098163,1,9,0,13,0,0,0,0,0,0,1,1,6,3,-1,-1,2995,8,-1,-1,-1,-1
2016210098163,2,9,0,18,0,0,0,0,0,0,1,1,6,1,63,9,2967,2,-1,8,3,8
2016210098163,3,9,0,18,0,0,0,0,0,0,2,1,6,1,38,7,1995,2,5,5,1,5
2016210098189,1,9,0,18,0,2,0,0,0,0,1,1,6,1,29,6,1598,1,14,-1,-1,-1
2016210098189,2,9,0,18,0,2,0,0,0,0,2,1,6,2,59,9,2996,1,8,-1,-1,-1
2016210098202,1,3,0,17,0,1,2,0,0,0,0,1,6,1,18,4,125,1,-1,-1,-1,-1
2016210098328,1,9,0,3,0,0,0,0,0,0,2,1,6,2,60,9,4000,7,12,9,1,9
2016210098328,2,9,0,18,0,0,0,0,0,0,1,1,6,1,51,8,1951,2,15,2,1,2
2016210098423,1,9,0,18,0,1,0,0,0,0,0,1,6,1,21,5,1998,1,13,1,1,1
2016210098423,2,9,0,4,0,1,0,0,0,0,2,1,6,1,23,5,1598,1,6,1,1,1
2016210098502,1,9,0,4,0,1,0,0,0,0,4,1,2,1,43,7,1896,2,12,1,1,1
2016210098502,2,9,0,4,0,1,0,0,0,0,3,1,4,2,43,7,1229,1,7,-1,-1,-1
2016210098526,1,9,0,18,0,1,0,0,0,0,1,1,6,2,22,5,2143,2,2,10,3,10
2016210098526,2,9,0,10,0,1,0,0,0,0,2,1,6,2,41,7,1197,1,3,8,2,8
2016210098533,1,9,0,18,0,0,0,0,0,0,-1,1,6,3,-1,-1,-1,-1,-1,-1,-1,-1
2016210098533,2,1,0,18,0,0,0,0,0,0,0,1,6,1,15,3,-1,-1,-1,3,1,3
2016210098560,1,9,0,18,0,1,0,0,0,0,1,1,6,2,49,8,1951,2,15,5,1,5
2016210098560,2,9,0,18,0,1,0,0,0,0,1,1,6,2,29,6,1461,2,1,5,1,5
2016210098582,1,9,0,18,0,0,0,0,0,0,1,1,6,2,32,6,1229,1,3,7,2,7
2016210098582,2,20,1,7,0,0,0,0,0,0,4,1,6,1,65,9,12740,2,2,4,1,4
2016210098619,1,9,0,12,0,1,0,0,0,0,3,1,6,2,30,6,1399,2,4,1,1,1
2016210098619,2,9,0,18,0,1,0,0,0,0,4,1,6,2,45,7,1242,1,10,6,1,6
2016210098647,1,9,0,-1,-1,-1,0,-1,-1,0,-1,1,6,2,46,8,1599,1,13,7,1,7
2016210098647,2,9,0,-1,-1,-1,0,-1,-1,0,-1,1,6,1,27,6,1910,2,9,7,1,7
2016210098664,1,9,0,4,0,0,0,0,0,0,2,1,6,3,-1,-1,-1,-1,-1,-1,-1,-1
2016210098664,2,9,0,18,0,0,0,0,0,0,2,1,6,1,-1,-1,1968,2,4,2,1,2
2016210098664,3,9,0,18,0,0,0,0,0,0,2,1,6,1,50,8,2198,2,2,10,3,10
2016210098664,4,9,0,18,0,0,0,0,0,0,2,1,6,1,58,9,1995,2,8,6,1,6
2016210098681,1,9,0,18,0,1,0,0,0,0,1,1,6,2,32,6,1896,2,14,2,1,2
2016210098681,2,9,0,4,0,1,0,0,0,0,2,1,6,2,53,8,1997,2,14,6,3,6
2016210098720,1,9,0,5,0,4,0,0,0,0,1,1,1,1,53,8,-1,-1,-1,4,1,4
2016210098720,2,1,0,18,0,8,0,0,0,0,1,1,1,1,43,7,-1,-1,-1,-1,-1,-1
2016210098779,1,9,0,18,0,0,0,11,0,0,1,1,1,1,37,7,2967,2,5,-1,-1,-1
2016210098779,2,9,0,18,0,0,0,11,0,0,2,1,5,1,20,4,2995,1,1,4,1,4
2016210098780,1,9,0,18,0,6,0,0,0,0,1,1,5,1,22,5,1396,1,6,4,1,4
2016210098780,2,11,0,18,0,1,0,0,0,0,1,1,1,1,37,7,5900,2,14,6,1,6
2016210098796,1,9,0,13,0,0,0,0,0,0,1,1,6,1,26,6,1781,1,13,2,1,2
2016210098796,2,9,0,13,0,0,0,0,0,0,2,1,6,1,45,7,1388,1,12,-1,-1,-1
2016210098796,3,9,0,18,0,0,0,0,0,0,3,1,6,2,68,10,1398,1,3,9,1,9
2016210098837,1,9,0,5,0,8,0,0,0,0,3,1,6,2,48,8,1560,2,5,2,1,2
2016210098837,2,2,0,18,0,8,0,0,0,0,3,1,1,1,22,5,124,1,3,2,1,2
2016210098840,1,9,0,18,0,0,0,0,0,0,1,1,6,1,65,9,1339,1,2,7,1,7
2016210098840,2,9,0,18,0,0,0,0,0,0,4,1,6,2,35,6,1997,2,8,8,1,8
2016210098840,3,9,0,18,0,0,0,0,0,0,4,1,6,2,33,6,1386,1,13,2,1,2
2016210098844,1,9,0,18,0,3,1,0,1,0,1,1,6,1,27,6,1598,1,10,8,1,8
2016210098986,1,9,0,18,0,1,0,0,0,0,1,1,6,1,29,6,1781,1,13,1,1,1
2016210098986,2,9,0,3,0,1,0,0,0,0,2,1,6,2,41,7,-1,-1,-1,10,3,10
2016210098986,3,9,0,3,0,1,0,0,0,0,3,1,6,1,55,8,1798,1,-1,1,1,1
2016210098998,1,9,0,18,0,1,0,0,0,0,1,1,6,1,41,7,-1,-1,-1,8,1,8
2016210098998,2,9,0,4,0,1,0,0,0,0,2,1,6,1,53,8,1998,2,12,7,3,7
2016210099016,1,9,0,18,0,0,0,0,0,0,1,1,6,1,35,6,2148,2,8,4,1,4
2016210099016,2,20,0,18,0,0,0,0,0,0,2,1,6,1,59,9,5132,2,-1,2,1,2
2016210099024,1,9,0,9,0,0,0,0,0,0,1,1,1,1,19,4,1198,1,13,1,1,1
2016210099024,2,9,0,18,0,0,0,0,0,0,1,1,5,1,21,5,1896,2,12,-1,-1,-1
2016210099033,1,9,0,18,0,0,5,0,0,0,1,1,6,1,50,8,1798,8,-1,10,3,10
2016210099033,2,20,1,18,0,0,0,0,0,0,3,1,1,1,53,8,-1,-1,-1,7,2,7
2016210099061,1,19,0,18,0,0,0,0,0,0,1,1,6,1,48,8,2198,2,3,8,1,8
2016210099061,2,19,0,4,0,0,0,0,0,0,2,1,6,1,26,6,1461,2,1,2,1,2
2016210099061,3,9,0,4,0,0,0,0,0,0,2,1,6,2,18,4,1360,1,11,3,1,3
2016210099061,4,9,0,4,0,0,0,0,0,0,2,1,6,2,59,9,998,1,2,8,1,8
2016210099088,1,8,0,-1,-1,0,0,-1,-1,0,-1,1,1,1,47,8,1896,2,9,1,1,1
2016210099124,1,19,0,17,0,0,0,0,0,0,-1,1,6,1,41,7,1248,2,3,3,1,3
2016210099124,2,9,0,17,0,0,0,0,0,0,2,1,6,2,44,7,1461,2,6,7,1,7
2016210099129,1,9,0,7,0,0,0,0,0,0,4,1,6,1,72,10,995,1,8,3,1,3
2016210099129,2,1,0,9,0,0,0,0,0,0,3,1,6,1,46,8,-1,-1,-1,6,1,6
2016210099140,1,11,0,14,0,0,0,0,0,0,0,1,1,3,-1,-1,9200,2,12,-1,-1,-1
2016210099140,2,9,0,18,0,0,0,0,0,0,0,1,6,2,71,10,998,1,14,6,1,6
2016210099161,1,20,1,18,0,0,5,0,0,0,3,1,1,1,23,5,-1,-1,-1,1,1,1
2016210099162,1,19,0,18,0,1,0,0,0,0,4,1,1,1,-1,-1,2143,2,2,1,1,1
2016210099162,2,9,0,18,0,1,0,0,0,0,1,1,6,1,52,8,-1,-1,-1,-1,-1,-1
2016210099224,1,9,0,18,0,4,0,0,0,0,0,1,6,1,58,9,3628,2,6,9,1,9
2016210099224,2,8,0,18,0,4,0,0,0,0,0,1,1,1,36,7,1956,2,-1,2,1,2
2016210099283,1,9,0,18,0,4,0,0,0,0,1,1,2,2,47,8,1398,1,2,1,1,1
2016210099283,2,5,0,18,0,8,0,0,0,0,1,1,6,1,50,8,599,1,18,3,1,3
2016210099340,1,9,0,18,0,0,0,0,0,0,1,1,6,1,59,9,-1,-1,-1,2,1,2
2016210099340,2,9,0,2,0,0,0,0,0,0,3,1,6,2,50,8,1995,2,11,10,1,10
2016210099341,1,8,0,5,0,0,0,0,0,0,0,1,6,1,-1,-1,1998,2,8,1,1,1
2016210099362,1,9,0,18,0,0,0,0,0,0,1,1,6,1,34,6,1997,2,5,2,1,2
2016210099362,2,9,0,18,0,0,0,0,0,0,2,1,6,2,30,6,1461,2,1,5,1,5
2016210099438,1,11,0,10,0,0,0,0,0,0,-1,1,1,1,-1,-1,7300,2,14,4,1,4
2016210099438,2,11,0,10,0,0,0,0,0,0,1,1,2,2,40,7,-1,-1,-1,1,1,1
2016210099502,1,9,0,18,0,2,0,0,0,0,4,1,6,1,40,7,2231,2,8,2,1,2
2016210099520,1,9,0,18,0,0,0,0,0,0,1,1,6,1,40,7,999,1,15,4,1,4
2016210099520,2,9,0,4,0,0,0,0,0,0,2,1,1,2,25,5,1388,1,12,4,2,4
2016210099533,1,19,0,18,0,3,0,0,0,0,1,1,6,1,-1,-1,1753,2,13,4,1,4
2016210099533,2,1,0,18,0,4,0,0,0,0,3,1,6,1,45,7,-1,-1,-1,3,1,3
2016210100173,1,9,0,18,0,0,0,0,0,0,1,1,6,1,36,7,1796,1,13,4,1,4
2016210100173,2,9,0,18,0,0,0,0,0,0,3,1,6,2,27,6,998,1,6,9,1,9
2016210100173,3,9,0,12,0,0,0,0,0,0,0,1,6,3,-1,-1,-1,-1,-1,-1,-1,-1
2016210100269,1,9,0,9,0,2,0,0,0,0,1,1,6,2,27,6,1242,1,-1,-1,-1,-1
2016210100269,2,9,0,18,0,1,0,0,0,0,1,1,6,2,46,8,1686,2,5,10,1,10
2016210100276,1,9,0,9,0,8,0,0,0,0,1,1,1,2,20,4,1242,1,4,3,1,3
2016210100276,2,9,0,18,0,8,0,0,7,0,1,1,6,2,50,8,1242,1,3,6,1,6
2016210100276,3,9,0,2,6,2,0,0,0,0,2,1,6,2,31,6,1329,1,1,5,1,5
2016210100341,1,9,0,18,0,1,0,0,0,0,1,1,5,1,28,6,1390,1,5,9,1,9
2016210100341,2,9,0,18,0,1,0,0,0,0,4,1,6,2,19,4,1587,1,12,9,3,9
2016210100428,1,9,0,17,0,0,0,0,0,0,1,1,6,1,37,7,1686,2,14,-1,-1,-1
2016210100428,2,9,0,16,0,0,0,0,0,0,1,1,6,1,37,7,2179,2,6,8,2,8
2016210100518,1,9,0,11,0,0,0,0,0,0,3,1,5,1,57,9,-1,-1,-1,3,1,3
2016210100518,2,5,0,15,0,0,0,0,0,0,2,1,5,1,28,6,955,1,-1,8,1,8
2016210100518,3,9,0,18,0,0,0,0,0,0,0,1,5,2,49,8,1598,1,7,5,1,5
2016210100611,1,9,0,18,0,0,0,0,0,0,4,1,1,1,41,7,1598,2,-1,6,3,6
2016210100667,1,9,0,9,0,0,0,0,0,0,1,1,6,1,42,7,1988,1,17,10,1,10
2016210100667,2,9,0,18,0,0,0,0,0,0,4,1,6,1,25,5,1461,2,2,1,1,1
2016210100687,1,9,0,9,0,6,0,0,0,0,3,1,6,1,23,5,1596,1,12,2,1,2
2016210100687,2,9,0,17,0,1,0,0,0,0,1,1,6,1,41,7,1799,1,10,-1,-1,-1
2016210100719,1,9,0,9,0,1,0,0,0,0,1,1,6,2,49,8,998,1,7,8,1,8
2016210100719,2,19,0,18,0,1,0,0,0,0,1,1,6,1,32,6,1997,2,12,9,1,9
2016210100719,3,9,0,8,0,1,0,0,0,0,4,1,6,2,45,7,1590,1,13,3,1,3
2016210100747,1,9,0,18,0,1,0,0,0,0,1,1,2,1,59,9,2720,2,8,6,3,6
2016210100747,2,9,0,3,0,1,0,0,0,0,2,1,6,2,18,4,1364,1,8,9,1,9
2016210100820,1,1,0,16,0,0,0,0,0,0,1,1,6,1,15,3,-1,-1,-1,4,3,4
2016210100820,2,19,0,2,0,0,0,0,0,0,2,1,5,1,42,7,1560,2,-1,6,1,6
2016210100824,1,1,0,18,0,0,0,0,0,0,1,1,6,1,55,8,-1,-1,-1,7,2,7
2016210100824,2,90,4,4,0,0,0,0,0,0,2,1,1,1,57,9,-1,-1,-1,4,2,4
2016210100826,1,9,0,9,0,8,0,0,0,0,1,1,6,1,27,6,1991,1,14,2,1,2
2016210100826,2,9,0,18,0,8,0,0,0,0,1,1,6,2,55,8,1248,1,3,8,2,8
2016210100937,1,9,0,18,0,0,0,0,0,0,1,1,6,2,56,9,1586,1,4,8,1,8
2016210100937,2,9,0,4,0,0,0,0,0,0,1,1,6,1,41,7,1896,2,13,-1,2,-1
2016210101101,1,9,0,16,-1,0,0,-1,-1,0,-1,1,6,1,21,5,998,1,1,7,1,7
2016210101143,1,4,0,9,9,0,1,0,0,0,4,1,5,1,19,4,-1,-1,-1,10,1,10
2016210101220,1,9,0,5,0,4,0,0,0,0,1,1,1,1,25,5,1900,2,16,2,1,2
2016210101220,2,3,0,18,0,8,0,0,0,0,2,1,6,1,19,4,124,1,9,9,1,9
2016210101231,1,9,0,9,0,1,0,0,0,0,1,1,6,2,26,6,1242,1,3,-1,-1,-1
2016210101231,2,9,0,18,0,1,0,0,0,0,1,1,6,1,34,6,1560,2,5,-1,-1,-1
2016210101319,1,3,0,13,0,8,0,0,0,0,1,1,6,2,37,7,125,1,2,6,3,6
2016210101319,2,9,0,9,0,6,0,0,0,0,3,1,6,1,25,5,1395,1,4,3,2,3
2016210101319,3,11,0,7,0,1,0,0,0,0,0,1,1,1,54,8,3900,2,12,7,1,7
2016210101393,1,9,0,18,0,8,0,0,0,0,1,1,6,2,-1,-1,1984,1,2,7,1,7
2016210101393,2,19,0,18,0,8,0,0,0,0,4,1,1,1,36,7,2198,2,1,7,1,7
2016210101412,1,3,0,17,0,0,0,0,0,0,3,1,6,1,17,4,124,1,4,8,1,8
2016210101412,2,9,0,16,0,0,0,0,0,0,3,1,6,1,52,8,1968,2,1,6,3,6
2016210101815,1,9,0,18,0,0,0,0,0,0,1,1,6,1,34,6,1364,1,-1,8,1,8
2016210101815,2,9,0,18,0,0,0,0,0,0,1,1,6,1,48,8,1896,2,11,3,1,3
2016210101815,3,9,0,18,0,0,0,0,0,0,1,1,6,1,26,6,1596,1,14,1,1,1
2016210102023,1,9,0,18,0,1,0,0,0,0,1,1,6,2,82,11,1248,1,-1,3,1,3
2016210102023,2,9,0,4,0,1,0,0,0,0,2,1,6,1,25,5,1560,2,3,-1,-1,-1
2016210102023,3,9,0,16,0,1,0,0,0,0,1,1,6,2,61,9,1900,2,11,5,3,5
2016210102041,1,9,0,5,0,0,0,-1,0,0,1,1,1,1,41,7,1997,2,18,2,1,2
2016210102041,2,1,0,5,0,0,0,-1,0,0,1,1,6,1,12,3,-1,-1,-1,6,1,6
2016210102134,1,9,0,18,0,0,1,0,0,0,1,1,6,1,31,6,1968,2,8,2,1,2
2016210102134,2,9,0,18,0,0,1,0,7,0,1,1,6,1,46,8,1995,2,6,9,1,9
2016210102134,3,9,0,2,9,0,0,0,0,0,4,1,6,2,-1,-1,2902,2,8,6,1,6
2016210102135,1,9,0,4,0,0,2,0,0,0,4,1,6,1,53,8,1299,1,11,2,1,2
2016210102135,2,9,0,18,0,0,0,0,0,0,2,1,6,1,49,8,1598,1,10,10,1,10
2016210102148,1,5,0,13,-1,0,0,-1,-1,0,-1,1,6,1,48,8,599,1,15,8,1,8
2016210102148,2,9,0,9,-1,0,0,-1,-1,0,-1,1,6,1,19,4,1360,1,12,6,2,6
2016210102150,1,9,0,5,0,7,0,0,0,0,1,1,6,1,23,5,-1,-1,-1,5,1,5
2016210102150,2,9,0,3,0,7,0,0,0,0,2,1,6,1,48,8,1968,2,3,5,1,5
2016210102219,1,9,0,16,0,0,0,0,0,0,1,1,5,2,18,4,998,1,9,7,1,7
2016210102268,1,9,0,5,0,0,0,0,0,0,0,1,1,1,44,7,-1,-1,-1,7,1,7
2016210102286,1,90,0,4,0,1,0,0,0,0,1,1,6,1,34,6,-1,-1,-1,-1,-1,-1
2016210102286,2,9,0,4,0,1,0,0,0,0,2,1,6,1,54,8,1149,1,15,1,1,1
2016210102312,1,9,0,18,0,0,5,4,0,0,4,1,6,1,19,4,2000,2,11,5,1,5
2016210102312,2,9,0,2,0,0,0,0,0,0,3,1,6,2,39,7,1598,1,1,10,2,10
2016210102324,1,9,0,9,0,8,0,0,0,0,0,1,6,1,-1,-1,2143,2,2,8,1,8
2016210102324,2,9,0,18,0,8,0,0,0,0,2,1,6,1,46,8,1360,1,17,2,1,2
2016210102324,3,9,0,18,0,8,0,0,0,0,2,1,6,1,44,7,2926,2,12,8,3,8
2016210102324,4,9,0,18,0,8,0,0,0,0,1,1,6,2,26,6,998,1,9,2,1,2
2016210102343,1,9,0,16,0,1,0,0,0,0,1,1,6,2,31,6,1798,1,-1,6,1,6
2016210102343,2,98,0,3,0,1,0,0,0,0,2,1,1,2,53,8,-1,-1,-1,6,1,6
2016210102393,1,9,0,18,0,1,0,0,0,0,1,1,6,2,-1,-1,1198,1,13,4,1,4
2016210102393,2,9,0,10,0,1,0,0,0,0,2,1,6,2,31,6,1596,1,11,6,1,6
2016210102409,1,9,0,4,0,0,0,0,0,0,1,1,6,2,25,5,1560,2,2,7,1,7
2016210102409,2,9,0,4,0,0,0,0,0,0,2,1,1,2,-1,-1,1560,2,3,4,1,4
2016210102409,3,21,1,4,0,0,0,0,0,0,0,1,1,1,49,8,12900,2,5,-1,-1,-1
2016210102421,1,9,0,7,0,1,0,0,0,0,0,1,6,2,34,6,996,1,3,7,1,7
2016210102421,2,1,0,18,9,1,0,0,0,0,1,1,6,1,12,3,-1,-1,-1,2,1,2
2016210102432,1,9,0,6,0,0,0,0,0,0,3,1,6,2,24,5,1242,1,4,4,1,4
2016210102432,2,5,0,13,0,0,0,0,0,0,1,1,1,1,31,6,1352,1,1,7,1,7
2016210102537,1,9,0,18,0,0,0,0,0,0,1,1,6,1,80,11,-1,-1,-1,9,1,9
2016210102555,1,9,0,4,0,1,0,0,0,0,2,1,6,1,-1,-1,1970,1,12,1,1,1
2016210102555,2,9,0,7,0,1,0,0,0,0,1,1,6,2,23,5,1461,2,1,8,1,8
2016210102570,1,9,0,1,9,0,0,0,0,0,2,1,6,2,56,9,1796,1,4,7,1,7
2016210102611,1,9,0,18,0,0,0,0,1,0,4,1,6,1,25,5,1229,1,9,9,1,9
2016210102678,1,9,0,-1,-1,0,0,-1,-1,0,-1,1,6,2,56,9,1598,1,20,6,1,6
2016210102686,1,9,0,10,0,0,0,0,0,0,1,1,6,1,64,9,998,1,5,10,2,10
2016210102686,2,1,0,18,0,0,0,0,0,0,4,1,6,1,74,10,-1,-1,-1,9,1,9
2016210102692,1,9,0,4,0,0,0,0,0,0,1,1,6,1,78,11,1120,2,4,5,1,5
2016210102692,2,9,0,18,0,0,0,0,0,0,2,1,6,1,26,6,1968,2,3,4,1,4
2016210102800,1,9,0,18,0,0,0,0,0,0,1,1,6,1,27,6,1968,2,6,1,1,1
2016210102800,2,9,0,18,0,0,0,0,0,0,2,1,6,1,32,6,1896,2,13,1,1,1
2016210102800,3,9,0,18,0,0,0,0,0,0,0,1,6,1,32,6,1328,1,10,2,1,2
2016210102864,1,9,0,7,0,3,0,0,0,0,1,1,6,1,53,8,1910,2,11,8,1,8
2016210102864,2,3,0,9,0,3,0,0,0,0,3,1,5,2,27,6,125,1,-1,7,3,7
2016210102872,1,9,0,-1,-1,0,0,-1,-1,0,-1,1,1,2,29,6,1968,2,8,8,1,8
2016210102872,2,9,0,-1,-1,0,0,-1,-1,0,-1,1,1,1,26,6,1229,1,3,4,1,4
2016210102872,3,9,0,-1,-1,0,0,-1,-1,0,-1,1,1,1,30,6,-1,-1,-1,4,1,4
2016210102947,1,9,0,18,0,0,0,0,1,0,1,1,6,1,21,5,1398,1,12,1,1,1
2016210102947,2,9,0,18,0,0,0,0,1,0,1,1,6,1,60,9,-1,-1,-1,2,1,2
2016210102963,1,9,0,18,0,1,0,0,0,0,1,1,6,1,39,7,954,1,15,7,1,7
2016210102963,2,1,0,18,0,1,0,0,0,0,2,1,6,1,14,3,-1,-1,-1,2,1,2
2016210103004,1,9,0,4,0,0,0,0,0,0,1,1,6,1,81,11,1197,1,-1,5,1,5
2016210103004,2,9,0,2,0,0,0,0,0,0,3,1,6,1,-1,-1,1956,2,2,6,1,6
2016210103040,1,9,0,6,0,8,0,0,0,0,4,1,6,2,18,4,1229,1,2,8,3,8
2016210103040,2,2,0,18,0,1,0,0,0,0,1,1,6,1,17,4,50,1,1,8,1,8
2016210103040,3,9,0,18,0,1,0,0,0,0,4,1,6,1,52,8,1796,1,9,9,1,9
2016210103073,1,9,0,13,-1,0,0,-1,-1,0,-1,1,5,1,30,6,1386,1,11,-1,-1,-1
2016210103082,1,9,0,18,0,0,0,0,1,0,0,1,6,1,38,7,1360,1,13,2,1,2
2016210103088,1,9,0,11,0,4,0,0,0,0,4,1,6,1,-1,-1,1998,1,19,1,1,1
2016210103088,2,9,0,18,0,4,0,0,0,0,4,1,6,2,29,6,1461,2,1,9,1,9
2016210103157,1,9,0,18,-1,0,0,-1,-1,0,-1,1,1,1,63,9,-1,-1,-1,9,1,9
2016210103157,2,21,0,2,-1,0,0,-1,-1,0,-1,1,1,1,48,8,6700,2,1,1,1,1