Accident_Index,Vehicle_Reference,Vehicle_Type,Towing_and_Articulation,Vehicle_Manoeuvre,Vehicle_Location-Restricted_Lane,Junction_Location,Skidding_and_Overturning,Hit_Object_in_Carriageway,Vehicle_Leaving_Carriageway,Hit_Object_off_Carriageway,1st_Point_of_Impact,Was_Vehicle_Left_Hand_Drive?,Journey_Purpose_of_Driver,Sex_of_Driver,Age_of_Driver,Age_Band_of_Driver,Engine_Capacity_(CC),Propulsion_Code,Age_of_Vehicle,Driver_IMD_Decile,Driver_Home_Area_Type,Vehicle_IMD_Decile
2016210103211,1,9,0,5,0,0,0,0,0,0,1,1,1,1,48,8,1896,2,7,2,1,2
2016210103280,1,9,0,18,0,0,0,0,0,0,1,1,6,1,22,5,1299,1,14,1,1,1
2016210103280,2,9,0,6,0,0,0,0,0,0,2,1,6,1,33,6,-1,-1,-1,4,1,4
2016210103325,1,9,0,18,0,0,0,0,0,0,1,1,6,1,37,7,1997,1,12,8,1,8
2016210103325,2,21,1,18,0,0,0,0,0,0,1,1,1,1,35,6,11967,2,4,5,1,5
2016210103377,1,5,0,13,0,0,0,0,0,0,1,1,6,1,27,6,649,1,10,3,1,3
2016210103377,2,9,0,18,0,0,0,0,0,0,1,1,6,1,29,6,1388,1,14,1,1,1
2016210103433,1,9,0,18,0,0,0,0,0,0,1,1,6,2,29,6,1497,8,9,3,1,3
2016210103433,2,9,0,4,0,0,0,0,0,0,2,1,6,1,33,6,999,1,1,2,1,2
2016210103433,3,9,0,4,0,0,0,0,0,0,2,1,6,1,21,5,1242,1,5,9,1,9
2016210103433,4,9,0,18,0,0,0,0,0,0,1,1,6,1,-1,-1,1199,2,4,1,1,1
2016210103433,5,9,0,18,0,0,0,0,0,0,2,1,6,1,56,9,1997,2,-1,8,2,8
2016210103453,1,9,0,18,0,1,0,0,0,0,1,1,5,1,23,5,973,1,14,9,1,9
2016210103453,2,97,0,18,0,8,0,0,0,0,1,1,2,2,30,6,-1,-1,-1,1,1,1
2016210103506,1,19,0,18,0,0,0,0,0,0,1,1,1,1,29,6,1560,2,2,1,1,1
2016210103506,2,9,0,3,0,0,0,0,0,0,2,1,6,2,49,8,1560,2,1,10,2,10
2016210103506,3,9,0,3,0,0,0,0,0,0,2,1,6,2,30,6,1461,2,1,6,3,6
2016210103541,1,9,0,18,-1,4,0,-1,-1,0,1,1,6,1,20,4,1400,1,16,-1,-1,-1
2016210103562,1,9,0,9,0,1,0,0,0,0,1,1,6,1,79,11,2720,2,11,6,3,6
2016210103562,2,5,0,18,0,1,0,0,0,0,1,1,6,1,30,6,645,1,2,7,1,7
2016210103615,1,9,0,18,0,0,0,0,0,0,2,1,6,1,31,6,-1,-1,-1,7,1,7
2016210103615,2,9,0,18,0,0,0,0,0,0,1,1,6,1,34,6,1242,1,4,1,1,1
2016210103725,1,4,0,18,0,0,5,0,4,0,3,1,6,2,51,8,498,1,16,4,2,4
2016210103791,1,9,0,9,0,1,0,0,0,0,3,1,6,2,40,7,1995,2,11,7,1,7
2016210103791,2,9,0,18,0,1,0,0,0,0,1,1,6,1,30,6,1799,1,8,9,1,9
2016210103823,1,3,0,18,0,7,0,0,0,0,3,1,6,1,21,5,125,1,6,3,1,3
2016210103823,2,11,0,18,0,1,0,0,0,0,3,1,1,2,46,8,9000,2,10,1,1,1
2016210103827,1,9,0,9,0,8,0,0,0,0,3,1,6,1,30,6,2183,2,6,-1,-1,-1
2016210103827,2,9,0,18,0,8,0,0,0,0,3,1,6,1,32,6,1896,2,15,8,1,8
2016210103843,1,9,0,18,0,1,0,0,0,0,1,1,6,2,69,10,1995,2,1,-1,-1,-1
2016210103843,2,9,0,18,0,1,0,0,0,0,1,1,6,1,41,7,1560,2,10,5,1,5
2016210103938,1,9,0,18,0,1,0,0,0,0,1,1,6,1,30,6,1753,2,14,8,1,8
2016210103938,2,9,0,9,0,8,0,0,0,0,4,1,6,2,38,7,1995,2,4,9,1,9
2016210104065,1,3,0,9,0,1,0,0,0,0,4,1,6,1,22,5,124,1,-1,10,1,10
2016210104065,2,9,0,18,0,1,0,0,0,0,1,1,6,2,35,6,1598,1,10,4,1,4
2016210104065,3,19,0,10,0,1,0,0,0,0,1,1,6,1,46,8,1896,2,9,10,2,10
2016210104409,1,9,0,-1,-1,-1,0,-1,-1,0,-1,1,6,1,-1,-1,1584,1,10,2,1,2
2016210104409,2,9,0,-1,-1,-1,0,-1,-1,0,-1,1,6,3,-1,-1,2982,2,11,-1,-1,-1
2016210104494,1,9,0,9,0,1,0,0,0,0,1,1,5,2,56,9,2987,2,10,7,1,7
2016210104494,2,1,0,9,0,3,0,0,0,0,1,1,5,1,45,7,-1,-1,-1,5,1,5
2016210104546,1,4,0,18,0,0,0,0,0,0,1,1,6,1,46,8,243,1,39,2,1,2
2016210104546,2,9,0,2,0,0,0,0,0,0,1,1,6,2,-1,-1,1364,1,8,4,1,4
2016210104546,3,9,0,2,0,0,0,0,0,0,2,1,6,1,51,8,1951,2,12,3,1,3
2016210104758,1,9,0,18,0,0,0,0,0,0,0,1,6,2,44,7,1398,1,2,6,1,6
2016210104758,2,9,0,18,0,0,0,0,0,0,0,1,6,1,30,6,1997,2,7,3,1,3
2016210104773,1,9,0,11,0,0,0,0,0,0,4,1,6,1,57,9,-1,-1,-1,-1,-1,-1
2016210104773,2,9,0,18,0,0,0,0,0,0,2,1,6,2,49,8,1598,1,7,5,1,5
2016210104773,3,5,0,18,0,0,0,0,0,0,1,1,6,1,28,6,955,1,-1,8,1,8
2016210104909,1,-1,0,5,0,8,0,0,0,0,1,1,6,3,-1,-1,-1,-1,-1,-1,-1,-1
2016210104909,2,9,0,18,0,8,0,0,0,0,4,1,6,1,29,6,2993,2,10,3,1,3
2016210104936,1,-1,0,18,0,0,0,0,0,0,1,1,6,3,-1,-1,-1,-1,-1,-1,-1,-1
2016210104936,2,1,0,18,0,0,0,0,0,0,2,1,6,1,32,6,-1,-1,-1,4,1,4
2016210104978,1,9,0,17,0,0,0,0,0,0,1,1,6,2,37,7,1997,2,15,3,1,3
2016210105051,1,9,0,13,0,0,0,0,0,0,3,1,6,1,64,9,1598,1,2,4,1,4
2016210105051,2,1,0,18,0,0,0,0,0,0,4,1,6,1,53,8,-1,-1,-1,7,1,7
2016210105090,1,9,0,18,0,0,0,0,1,11,1,1,6,1,93,11,1388,1,13,9,2,9
2016210105090,2,9,0,2,0,0,0,0,0,0,3,1,6,2,49,8,998,1,5,10,3,10
2016210105236,1,9,0,18,0,0,0,0,0,0,1,1,6,1,18,4,998,1,3,2,1,2
2016210105236,2,98,0,4,0,0,0,0,0,0,2,1,6,1,24,5,-1,-1,-1,10,1,10
2016210105278,1,9,0,1,0,1,0,0,0,0,2,1,6,1,63,9,1461,2,2,10,1,10
2016210105278,2,9,0,18,0,1,0,0,0,0,1,1,6,1,29,6,1461,2,-1,1,1,1
2016210105288,1,98,0,4,0,1,0,0,0,0,0,1,6,3,-1,-1,-1,-1,-1,-1,-1,-1
2016210105288,2,9,0,18,0,1,0,0,0,0,3,1,6,1,23,5,1124,1,14,2,1,2
2016210105289,1,3,0,17,0,1,1,0,0,0,4,1,6,1,18,4,125,1,12,1,1,1
2016210105335,1,9,0,13,0,0,0,0,0,0,1,1,6,3,-1,-1,-1,-1,-1,-1,-1,-1
2016210105335,2,1,0,18,0,0,0,0,0,0,1,1,6,1,16,4,-1,-1,-1,4,1,4
2016210105363,1,19,0,4,0,0,0,0,0,0,3,1,1,1,60,9,1560,2,1,2,1,2
2016210105363,2,9,0,18,0,0,2,0,0,0,4,1,6,1,72,10,1229,1,4,2,1,2
2016210105374,1,5,0,18,0,3,0,0,0,0,2,1,6,1,-1,-1,599,1,21,2,1,2
2016210105398,1,9,0,18,0,1,0,0,0,0,1,1,6,2,32,6,1796,1,10,9,1,9
2016210105398,2,9,0,3,0,1,0,0,0,0,2,1,6,1,66,10,1796,1,13,3,1,3
2016210105399,1,9,0,18,0,8,0,0,0,0,4,1,5,1,26,6,1598,1,7,7,1,7
2016210105399,2,8,0,18,0,8,0,0,0,0,1,1,2,1,52,8,-1,-1,-1,2,1,2
2016210105434,1,9,0,11,0,8,0,0,0,0,1,1,2,2,55,8,1299,1,10,7,1,7
2016210105434,2,9,0,9,0,8,0,0,0,0,3,1,6,2,21,5,1461,2,1,3,1,3
2016210105450,1,9,0,18,0,1,0,0,0,0,1,1,6,1,19,4,1968,2,3,7,2,7
2016210105450,2,9,0,18,0,1,0,0,0,0,1,1,6,1,70,10,2143,2,1,5,1,5
2016210105453,1,9,0,-1,-1,0,0,-1,-1,0,-1,1,6,1,46,8,1599,1,12,2,1,2
2016210105453,2,98,0,-1,-1,0,0,-1,-1,0,-1,1,6,1,60,9,-1,-1,-1,-1,-1,-1
2016210105516,1,19,0,8,0,1,0,0,0,0,4,1,2,1,26,6,2198,2,4,2,1,2
2016210105516,2,4,0,8,0,1,0,0,0,0,3,1,2,1,37,7,999,1,16,6,1,6
2016210105552,1,9,0,9,0,8,0,0,0,0,1,1,6,1,66,10,1461,2,3,7,1,7
2016210105552,2,5,0,18,0,8,0,0,0,0,0,1,6,1,48,8,918,1,19,7,1,7
2016210105575,1,9,0,18,0,0,0,0,0,0,1,1,5,2,30,6,1997,1,14,6,1,6
2016210105575,2,9,0,18,0,0,0,0,0,0,1,1,5,1,19,4,-1,-1,-1,1,1,1
2016210105575,3,9,0,18,0,0,0,0,0,0,1,1,1,1,45,7,1968,2,5,1,1,1
2016210105599,1,9,0,18,0,8,0,0,0,0,1,1,6,1,19,4,1598,1,16,9,1,9
2016210105599,2,9,0,18,0,8,0,0,1,0,1,1,6,1,52,8,-1,-1,-1,8,1,8
2016210105648,1,98,0,-1,-1,-1,0,-1,-1,0,-1,1,1,2,-1,-1,-1,-1,-1,-1,-1,-1
2016210105648,2,9,0,-1,-1,-1,0,-1,-1,0,-1,1,6,2,27,6,1198,1,3,9,1,9
2016210105796,1,98,0,7,0,1,0,0,0,0,4,1,1,1,61,9,-1,-1,-1,-1,-1,-1
2016210105796,2,9,0,13,0,1,0,0,0,0,3,1,1,1,23,5,1686,2,3,-1,-1,-1
2016210105796,3,9,0,9,0,1,0,11,0,0,1,1,1,1,-1,-1,1686,2,3,-1,-1,-1
2016210105796,4,98,0,14,0,1,0,0,0,0,1,1,1,1,62,9,-1,-1,-1,-1,-1,-1
2016210105827,1,9,0,-1,-1,-1,0,-1,-1,0,-1,1,6,2,64,9,1581,1,16,4,1,4
2016210105827,2,9,0,-1,-1,-1,0,-1,-1,0,-1,1,6,2,70,10,998,1,1,4,1,4
2016210105830,1,9,0,5,0,1,0,0,0,0,1,1,6,1,46,8,1753,2,6,7,1,7
2016210105830,2,5,0,18,0,1,1,0,0,0,2,1,6,1,70,10,1200,1,14,7,1,7
2016210105833,1,19,0,4,-1,0,0,-1,-1,0,-1,1,6,2,-1,-1,-1,-1,-1,6,3,6
2016210105833,2,21,0,4,-1,0,0,-1,-1,0,-1,1,1,1,57,9,6700,2,1,-1,-1,-1
2016210105871,1,9,0,4,0,0,0,0,0,0,1,1,6,2,37,7,1198,1,13,4,1,4
2016210105871,2,9,0,4,0,0,0,0,0,0,2,1,6,1,33,6,1968,2,4,7,1,7
2016210105871,3,9,0,4,0,0,0,0,0,0,2,1,6,1,43,7,2494,2,5,4,1,4
2016210105872,1,9,0,18,0,0,0,0,0,0,1,1,6,1,19,4,1199,1,14,6,3,6
2016210105905,1,9,0,18,0,1,0,0,0,0,4,1,6,2,52,8,1997,1,6,9,1,9
2016210106028,1,9,0,16,0,0,0,0,0,0,3,1,6,1,21,5,1596,1,10,6,1,6
2016210106028,2,9,0,17,0,0,0,0,0,0,3,1,6,2,31,6,998,1,1,4,1,4
2016210106250,1,1,0,16,0,0,0,0,0,0,2,1,5,1,66,10,-1,-1,-1,9,1,9
2016210106250,2,9,0,18,0,0,0,0,0,0,1,1,5,1,66,10,2967,2,4,9,3,9
2016210106286,1,9,0,13,0,0,2,0,1,0,1,1,6,1,20,4,1229,1,7,9,1,9
2016210106286,2,9,0,18,0,0,1,0,0,0,1,1,6,2,26,6,1248,1,4,1,1,1
2016210106307,1,9,0,14,0,0,0,0,0,0,0,1,1,1,22,5,1598,1,5,3,1,3
2016210106307,2,21,1,18,0,0,0,0,0,0,3,1,1,1,44,7,12740,2,4,1,1,1
2016210106307,3,9,0,18,0,0,0,0,0,0,4,1,6,1,41,7,1598,2,4,8,2,8
2016210106384,1,9,0,18,0,0,1,0,0,0,1,1,6,1,22,5,1149,1,11,10,1,10
2016210106404,1,9,0,5,0,6,0,0,0,0,1,1,6,1,17,4,1596,1,6,3,1,3
2016210106404,2,9,0,18,0,1,0,0,0,0,1,1,6,2,28,6,1396,1,19,1,1,1
2016210106411,1,19,0,16,0,0,1,0,6,0,1,1,6,1,23,5,2198,2,1,5,1,5
2016210106528,1,9,0,18,0,1,0,0,0,0,4,1,6,1,34,6,-1,-1,-1,7,1,7
2016210106528,2,9,0,18,0,1,0,0,0,0,3,1,6,2,34,6,1997,2,13,7,1,7
2016210106554,1,11,0,9,0,5,0,0,0,0,0,1,1,1,50,8,9000,2,11,-1,-1,-1
2016210106751,1,9,0,14,0,0,0,0,0,0,1,1,6,2,49,8,1590,1,13,2,1,2
2016210106751,2,9,0,18,0,0,0,0,0,0,1,1,6,2,29,6,1598,2,6,6,3,6
2016210106753,1,9,0,18,0,1,0,0,0,0,1,1,6,1,60,9,2664,2,15,2,1,2
2016210106753,2,9,0,3,0,1,0,0,0,0,2,1,6,1,28,6,1149,1,12,2,1,2
2016210106913,1,19,0,13,0,0,0,0,0,0,1,1,1,1,40,7,2287,2,2,3,1,3
2016210106913,2,16,0,18,0,0,0,0,0,0,2,1,6,2,52,8,-1,-1,-1,5,3,5
2016210106991,1,17,5,5,0,0,0,0,0,0,1,1,1,1,18,4,4800,2,2,8,1,8
2016210106991,2,9,0,17,0,0,0,0,0,0,1,1,5,1,41,7,1598,1,9,1,1,1
2016210107182,1,1,0,-1,-1,-1,0,-1,-1,0,-1,1,6,1,25,5,-1,-1,-1,2,1,2
2016210107182,2,9,0,-1,-1,-1,0,-1,-1,0,-1,1,6,3,41,7,998,7,10,-1,-1,-1
2016210107183,1,9,0,18,0,1,0,0,0,0,1,1,6,1,48,8,1598,1,14,8,3,8
2016210107188,1,9,0,18,0,0,0,0,0,0,1,1,6,1,66,10,1984,1,-1,7,3,7
2016210107188,2,9,0,18,0,0,0,0,0,0,3,1,6,1,39,7,1685,2,4,9,1,9
2016210107253,1,9,0,18,0,1,0,0,0,0,0,1,6,1,-1,-1,1591,1,8,2,1,2
2016210107253,2,9,0,3,0,1,0,0,0,0,0,1,6,1,77,11,1398,1,10,6,1,6
2016210107253,3,1,0,14,0,1,0,0,0,0,0,1,6,1,41,7,-1,-1,-1,6,1,6
2016210107298,1,5,0,18,0,8,0,0,0,0,1,1,6,1,20,4,599,1,25,2,1,2
2016210107310,1,9,0,18,0,0,0,0,0,0,1,1,6,1,-1,-1,1299,1,12,8,1,8
2016210107310,2,17,1,18,0,0,0,0,0,0,2,1,6,1,19,4,-1,2,15,8,3,8
2016210107379,1,9,0,-1,0,0,0,0,0,0,1,1,6,2,51,8,1329,1,2,3,1,3
2016210107413,1,1,0,18,0,0,0,0,0,0,1,1,6,1,33,6,-1,-1,-1,3,1,3
2016210107437,1,9,0,13,0,0,0,0,0,0,4,1,6,1,74,10,1598,1,12,6,3,6
2016210107437,2,1,0,18,0,0,0,0,0,0,3,1,6,2,46,8,-1,-1,-1,-1,-1,-1
2016210107479,1,9,0,-1,-1,-1,0,-1,-1,0,-1,1,6,1,20,4,1995,1,7,2,1,2
2016210107479,2,9,0,-1,-1,-1,0,-1,-1,0,-1,1,6,1,42,7,1390,1,11,-1,-1,-1
2016210107479,3,9,0,-1,-1,-1,0,-1,-1,0,-1,1,1,1,43,7,1560,2,6,1,1,1
2016210107486,1,9,0,9,0,8,0,0,0,0,4,1,6,1,21,5,1968,2,-1,3,2,3
2016210107486,2,2,0,18,0,1,0,0,0,0,1,1,6,1,17,4,49,1,1,6,1,6
2016210107502,1,9,0,18,0,1,0,0,7,0,1,1,6,1,23,5,1796,1,12,1,1,1
2016210107502,2,9,0,18,0,1,0,0,0,0,1,1,6,1,35,6,1598,1,14,1,1,1
2016210107545,1,9,0,16,0,0,0,0,0,0,1,1,6,1,38,7,999,1,11,4,1,4
2016210107545,2,19,0,4,0,0,0,0,0,0,2,1,6,1,33,6,1248,2,9,5,1,5
2016210107549,1,9,0,18,0,0,5,0,0,0,1,1,6,1,19,4,1390,1,5,8,1,8
2016210107549,2,9,0,18,0,0,0,0,0,0,2,1,6,1,70,10,1582,2,6,7,1,7
2016210107679,1,9,0,-1,-1,0,0,-1,-1,0,-1,1,6,3,-1,-1,1956,2,-1,4,1,4
2016210107679,2,9,0,4,0,0,0,0,0,0,2,1,6,2,36,7,1242,1,2,2,1,2
2016210107689,1,9,0,18,0,6,0,0,0,0,1,1,6,2,71,10,1998,1,3,9,2,9
2016210107689,2,9,0,18,0,1,0,0,0,0,1,1,6,2,40,7,1910,2,9,5,1,5
2016210107729,1,9,0,18,0,0,0,0,0,0,1,1,6,1,20,4,1560,2,6,3,2,3
2016210107729,2,9,0,4,0,0,0,0,0,0,2,1,6,1,68,10,1753,2,8,3,1,3
2016210107729,3,9,0,4,0,0,0,0,0,0,2,1,6,1,40,7,2179,2,5,8,1,8
2016210107743,1,9,0,10,0,1,0,0,0,0,1,1,6,1,40,7,1910,2,10,1,1,1
2016210107743,2,1,0,18,0,1,0,0,0,0,4,1,6,1,28,6,-1,-1,-1,4,1,4
2016210107809,1,9,0,18,0,0,0,0,0,0,0,1,6,2,30,6,1596,1,16,-1,-1,-1
2016210107809,2,9,0,18,0,0,0,0,0,0,0,1,6,2,33,6,1198,1,5,4,1,4
2016210107809,3,9,0,18,0,0,0,0,0,0,0,1,6,1,29,6,2157,2,-1,1,1,1
2016210107823,1,11,0,10,0,0,0,0,0,0,4,1,1,1,-1,-1,6700,2,2,2,1,2
2016210107828,1,9,0,5,0,1,0,0,0,0,1,1,6,2,18,4,1149,1,8,9,3,9
2016210107852,1,9,0,18,0,0,1,0,0,0,1,1,6,2,26,6,1995,2,3,3,1,3
2016210107852,2,9,0,18,0,0,0,0,0,0,2,1,6,2,48,8,1242,1,9,9,1,9
2016210107873,1,9,0,18,0,1,0,0,0,0,1,1,6,1,49,8,1197,1,2,1,1,1
2016210107873,2,9,0,18,0,1,0,0,0,0,1,1,6,2,58,9,1197,1,2,8,1,8
2016210107887,1,19,0,5,0,1,0,0,0,0,1,1,6,1,-1,-1,2143,2,2,6,1,6
2016210107912,1,9,0,17,0,1,0,0,0,0,0,1,6,3,-1,-1,-1,-1,-1,-1,-1,-1
2016210107912,2,1,0,18,0,5,0,0,0,0,2,1,2,1,22,5,-1,-1,-1,6,1,6
2016210107921,1,1,0,-1,-1,0,0,-1,-1,0,-1,1,6,1,20,4,-1,-1,-1,2,1,2
2016210107921,2,9,0,-1,-1,0,0,-1,-1,0,-1,1,6,1,54,8,1796,1,9,6,1,6
2016210107968,1,20,1,4,0,0,0,0,0,0,1,1,1,1,31,6,-1,-1,-1,2,1,2
2016210107968,2,19,0,4,0,0,2,0,0,0,2,1,6,1,53,8,2198,2,4,-1,-1,-1
2016210107968,3,9,0,4,0,0,0,0,0,0,2,1,6,1,32,6,1968,2,1,5,1,5
2016210107968,4,9,0,4,0,0,0,0,0,0,2,1,6,1,58,9,1968,2,9,7,1,7
2016210107987,1,9,0,7,0,1,0,0,0,0,1,1,6,1,55,8,1896,2,11,2,1,2
2016210107987,2,1,0,18,0,1,0,0,0,0,1,1,6,1,35,6,-1,-1,-1,2,1,2
2016210107996,1,21,0,12,0,0,0,0,0,0,4,1,6,1,64,9,11705,2,15,5,3,5
2016210107996,2,9,0,18,0,0,0,0,0,0,3,1,6,1,53,8,1461,2,11,3,1,3
2016210108037,1,9,0,6,0,1,0,0,0,0,3,1,5,2,51,8,1984,1,3,8,3,8
2016210108037,2,3,0,13,0,1,0,0,7,0,1,1,2,1,27,6,124,1,-1,-1,-1,-1
2016210108059,1,9,0,18,0,0,0,0,0,0,1,1,6,1,39,7,1998,1,22,8,1,8
2016210108059,2,9,0,18,0,0,0,0,0,0,1,1,6,1,68,10,998,1,-1,8,1,8
2016210108102,1,98,0,18,0,0,5,0,1,0,1,1,1,1,26,6,-1,-1,-1,2,1,2
2016210108155,1,9,0,18,0,0,0,0,1,0,1,1,6,1,24,5,1399,2,12,9,1,9
2016210108176,1,9,0,18,0,4,0,0,1,3,1,1,6,1,46,8,1796,1,11,1,1,1
2016210108176,2,9,0,9,0,8,0,0,0,0,1,1,6,1,32,6,1598,2,4,1,1,1
2016210108177,1,9,0,9,0,6,0,0,0,0,1,1,1,2,45,7,1242,1,7,2,1,2
2016210108237,1,9,0,18,0,0,1,0,4,0,1,1,6,1,57,9,4398,1,12,8,1,8
2016210108265,1,9,0,18,0,6,0,0,0,0,3,1,6,1,-1,-1,-1,-1,-1,-1,-1,-1
2016210108265,2,9,0,5,0,6,0,0,0,0,0,1,1,1,42,7,2400,2,3,7,1,7
2016210108265,3,9,0,5,0,1,0,0,0,0,3,1,6,1,23,5,1360,1,15,8,1,8
2016210108265,4,9,0,5,0,1,0,0,0,0,4,1,6,2,48,8,1910,2,9,1,1,1
2016210108302,1,19,0,18,0,8,0,0,0,0,1,1,6,1,27,6,2198,2,4,7,1,7
2016210108302,2,9,0,4,0,1,5,0,0,0,1,1,6,1,30,6,-1,-1,-1,1,1,1
2016210108332,1,9,0,18,0,0,0,0,0,0,4,1,6,1,57,9,1229,1,6,-1,-1,-1
2016210108332,2,21,4,12,0,0,0,0,0,0,3,1,6,1,48,8,11705,2,10,9,3,9
2016210108363,1,9,0,5,0,0,0,0,0,0,1,1,6,2,38,7,1390,1,11,10,2,10
2016210108363,2,1,0,18,0,0,0,0,0,0,3,1,6,2,22,5,-1,-1,-1,2,1,2
2016210108365,1,9,0,18,0,0,2,0,1,0,1,1,6,2,23,5,-1,-1,-1,2,1,2
2016210108387,1,9,0,4,0,0,0,0,0,0,3,1,6,2,34,6,2268,2,1,5,1,5
2016210108387,2,1,0,18,0,0,0,0,0,0,0,1,6,1,40,7,-1,-1,-1,7,1,7
2016210108389,1,9,0,18,0,1,0,0,0,0,1,1,6,2,66,10,1390,1,14,8,1,8
2016210108389,2,9,0,18,0,1,0,0,0,0,1,1,6,1,23,5,1598,1,16,1,1,1
2016210108411,1,9,0,18,0,0,0,0,0,0,1,1,6,1,65,9,1596,1,10,4,1,4
2016210108411,2,9,0,18,0,0,0,0,0,0,2,1,6,1,37,7,1997,2,5,4,1,4
2016210108411,3,9,0,18,0,0,0,0,0,0,2,1,6,2,34,6,1910,2,9,2,1,2
2016210108433,1,9,0,14,0,0,0,0,0,0,4,1,6,1,28,6,1242,1,10,9,1,9
2016210108433,2,1,0,18,0,0,0,0,0,0,1,1,6,2,7,2,-1,-1,-1,3,1,3
2016210108436,1,9,0,4,0,0,0,0,0,0,1,1,6,1,23,5,-1,-1,-1,4,1,4
2016210108436,2,9,0,18,0,0,0,0,0,0,1,1,6,2,35,6,2967,2,3,7,1,7
2016210108487,1,5,0,18,0,0,1,0,0,0,1,1,6,1,21,5,749,1,20,3,1,3
2016210108487,2,9,0,18,0,0,0,0,0,0,1,1,6,1,61,9,1199,1,12,2,1,2
2016210108531,1,9,0,5,0,2,0,0,0,0,1,1,6,1,30,6,1400,1,12,1,1,1
2016210108531,2,1,0,9,9,8,0,0,0,0,1,1,6,1,47,8,-1,-1,-1,1,1,1
2016210108560,1,9,0,4,0,1,0,0,0,0,1,1,6,2,49,8,1997,2,15,1,1,1
2016210108560,2,9,0,4,0,1,0,0,0,0,2,1,6,2,31,6,998,1,9,1,1,1
2016210108561,1,9,0,-1,-1,-1,0,-1,-1,0,-1,1,6,1,38,7,-1,-1,-1,7,1,7
2016210108561,2,1,0,-1,-1,-1,0,-1,-1,0,-1,1,6,1,48,8,-1,-1,-1,8,1,8
2016210108696,1,9,0,4,0,1,0,0,0,0,-1,1,6,3,-1,-1,-1,-1,-1,-1,-1,-1
2016210108696,2,9,0,4,0,1,0,0,0,0,2,1,6,2,70,10,1968,2,2,5,1,5
2016210108701,1,9,0,18,0,0,0,0,0,0,1,1,1,1,44,7,-1,-1,-1,7,1,7
2016210108701,2,9,0,4,0,0,0,0,0,0,2,1,6,1,49,8,2204,2,7,-1,3,-1
2016210108701,3,9,0,4,0,0,0,0,0,0,2,1,6,1,19,4,1248,2,8,9,1,9
2016210108703,1,3,0,18,0,1,1,11,0,0,1,1,1,1,29,6,124,1,9,1,1,1
2016210108735,1,9,0,18,0,0,0,0,0,0,1,1,6,2,23,5,1242,1,8,7,1,7
2016210108735,2,1,0,18,0,0,0,0,0,0,1,1,6,1,14,3,-1,-1,-1,8,1,8
2016210108747,1,9,0,1,0,8,0,0,0,0,2,1,6,1,36,7,1390,1,12,4,1,4
2016210108765,1,9,0,18,-1,-1,0,-1,-1,0,-1,1,6,1,36,7,1591,1,8,-1,-1,-1
2016210108811,1,9,0,9,0,8,0,0,0,0,1,1,6,1,59,9,998,1,12,10,1,10
2016210108811,2,1,0,18,0,1,0,0,0,0,1,1,6,1,36,7,-1,-1,-1,9,1,9
2016210108814,1,9,0,4,0,1,0,0,0,0,1,1,6,2,23,5,1461,2,1,8,1,8
2016210108814,2,9,0,4,0,1,0,0,0,0,2,1,6,1,-1,-1,1970,1,12,2,1,2
2016210108828,1,9,0,1,0,0,0,0,0,0,2,1,6,1,85,11,1991,2,5,1,1,1
2016210108839,1,9,0,4,0,1,0,0,0,0,4,1,6,1,42,7,1229,1,3,9,1,9
2016210108839,2,1,0,17,0,8,0,0,0,0,1,1,6,1,12,3,-1,-1,-1,10,1,10
2016210108855,1,9,0,18,0,1,0,0,0,0,1,1,5,1,52,8,2231,2,8,4,1,4
2016210108855,2,1,0,18,0,1,0,0,0,0,4,1,5,1,21,5,-1,-1,-1,-1,-1,-1
2016210108869,1,9,0,18,0,8,5,0,1,0,4,1,6,1,46,8,-1,-1,-1,1,1,1
2016210108870,1,9,0,18,0,0,5,0,8,0,1,1,6,1,83,11,1998,2,9,-1,-1,-1
2016210108952,1,9,0,3,0,2,0,0,0,0,1,1,6,1,20,4,-1,-1,-1,9,1,9
2016210108952,2,3,0,4,0,1,0,0,0,0,1,1,2,1,22,5,125,1,1,1,1,1
2016210109085,1,8,0,18,0,6,0,0,7,0,4,1,1,1,45,7,1997,2,9,3,1,3
2016210109085,2,9,0,18,0,1,0,0,1,0,1,1,5,1,51,8,1395,1,1,7,3,7
2016210109131,1,19,0,18,0,0,0,0,0,0,1,1,6,1,23,5,1560,2,3,5,1,5
2016210109131,2,9,0,4,0,0,0,0,0,0,2,1,6,1,37,7,1598,1,4,9,1,9
2016210109131,3,9,0,4,0,0,0,0,0,0,2,1,6,2,31,6,1496,2,1,4,1,4
2016210109183,1,5,0,18,0,0,0,0,0,0,4,1,6,1,50,8,599,1,20,-1,-1,-1
2016210109183,2,3,0,8,0,0,0,0,0,0,3,1,4,1,48,8,125,1,47,7,1,7
2016210109187,1,9,0,9,0,1,0,0,0,0,4,1,6,2,49,8,1248,1,3,8,3,8
2016210109187,2,5,0,18,0,1,0,0,0,0,1,1,6,1,46,8,1195,1,4,7,3,7
2016210109214,1,9,0,1,9,0,0,0,0,0,2,1,6,2,41,7,1461,2,-1,10,2,10
2016210109214,2,9,0,2,0,0,0,0,0,0,4,1,6,2,42,7,1598,2,1,10,3,10