Accident_Index,Vehicle_Reference,Vehicle_Type,Towing_and_Articulation,Vehicle_Manoeuvre,Vehicle_Location-Restricted_Lane,Junction_Location,Skidding_and_Overturning,Hit_Object_in_Carriageway,Vehicle_Leaving_Carriageway,Hit_Object_off_Carriageway,1st_Point_of_Impact,Was_Vehicle_Left_Hand_Drive?,Journey_Purpose_of_Driver,Sex_of_Driver,Age_of_Driver,Age_Band_of_Driver,Engine_Capacity_(CC),Propulsion_Code,Age_of_Vehicle,Driver_IMD_Decile,Driver_Home_Area_Type,Vehicle_IMD_Decile
2016210109256,1,9,0,18,0,2,0,0,0,0,1,1,6,3,-1,-1,-1,-1,-1,-1,-1,-1
2016210109305,1,9,0,18,0,0,0,0,0,0,1,1,2,2,19,4,999,1,1,6,3,6
2016210109305,2,17,0,18,0,0,0,0,0,0,1,1,1,1,32,6,-1,2,3,6,3,6
2016210109305,3,9,0,18,0,0,0,0,0,0,1,1,2,1,51,8,-1,-1,-1,7,1,7
2016210109312,1,20,0,11,0,0,0,0,0,0,1,1,6,1,26,6,7790,2,5,1,1,1
2016210109312,2,9,0,18,0,0,0,0,0,0,3,1,6,1,25,5,1390,1,10,1,1,1
2016210109314,1,17,0,9,0,0,0,0,0,0,1,1,1,1,62,9,6788,2,4,8,1,8
2016210109314,2,9,0,16,0,0,0,0,0,0,1,1,2,2,52,8,-1,-1,-1,8,1,8
2016210109370,1,9,0,18,0,1,0,0,0,0,1,1,2,1,20,4,1198,1,10,-1,-1,-1
2016210109370,2,9,0,18,0,1,0,0,0,0,1,1,2,1,23,5,1968,2,4,7,2,7
2016210109370,3,9,0,10,0,8,0,0,0,0,0,1,2,2,51,8,1995,2,2,5,3,5
2016210109384,1,9,0,18,0,0,0,0,0,0,1,1,6,2,51,8,1299,1,14,1,1,1
2016210109384,2,19,0,18,0,0,0,0,0,0,3,1,1,1,36,7,-1,-1,-1,8,2,8
2016210109384,3,9,0,18,-1,0,0,0,0,0,1,1,6,1,48,8,1998,2,10,6,3,6
2016210109384,4,9,0,18,-1,0,0,0,0,0,1,1,6,2,37,7,1596,1,12,9,1,9
2016210109429,1,5,0,16,0,0,0,0,0,0,1,1,6,1,39,7,1043,1,-1,-1,-1,-1
2016210109429,2,17,0,17,0,0,0,0,0,0,3,1,6,1,24,5,6702,2,5,7,3,7
2016210109434,1,9,0,18,0,0,0,0,0,0,1,1,1,1,18,4,1339,1,5,2,1,2
2016210109434,2,9,0,4,0,0,0,0,0,0,2,1,6,2,54,8,1582,2,4,8,3,8
2016210109469,1,9,0,18,0,0,5,0,0,0,1,1,6,1,77,11,1598,1,9,-1,-1,-1
2016210109469,2,9,0,2,0,0,0,0,0,0,3,1,5,2,-1,-1,1598,1,9,6,1,6
2016210109469,3,19,0,2,0,0,0,0,0,0,0,1,6,3,-1,-1,2198,2,1,4,1,4
2016210109491,1,9,0,18,0,1,0,0,0,0,3,1,6,2,45,7,1896,2,18,6,1,6
2016210109491,2,9,0,18,0,1,0,0,0,0,1,1,6,1,69,10,1968,2,9,6,3,6
2016210109505,1,9,0,18,0,8,0,0,0,0,4,1,6,2,30,6,3498,1,10,-1,-1,-1
2016210109505,2,9,0,18,0,8,0,0,0,0,0,1,1,1,37,7,1995,2,3,-1,-1,-1
2016210109505,3,9,0,18,0,1,0,0,0,0,0,1,1,1,-1,-1,1956,2,1,-1,-1,-1
2016210109505,4,9,0,18,0,1,0,0,0,0,0,1,1,1,-1,-1,1686,2,3,-1,-1,-1
2016210109610,1,9,0,18,0,0,5,0,0,0,1,1,6,1,30,6,1995,2,-1,1,1,1
2016210109636,1,9,0,18,0,4,0,0,0,0,1,1,6,1,86,11,1299,1,18,5,1,5
2016210109636,2,9,0,5,0,4,0,0,0,0,1,1,6,1,18,4,1390,1,10,1,1,1
2016210109673,1,9,0,18,0,0,0,0,0,0,1,1,5,1,28,6,1596,1,14,2,1,2
2016210109673,2,9,0,18,0,0,0,0,0,0,3,1,5,2,55,8,2143,2,-1,9,1,9
2016210109678,1,9,0,5,0,2,0,0,0,0,4,1,6,1,65,9,1997,2,8,6,2,6
2016210109678,2,1,0,16,9,1,0,0,0,0,1,1,6,2,4,1,-1,-1,-1,7,2,7
2016210109681,1,9,0,18,0,8,0,0,0,0,1,1,6,1,20,4,998,1,8,3,1,3
2016210109681,2,9,0,18,0,8,0,0,0,0,4,1,6,1,23,5,1499,2,1,10,1,10
2016210109729,1,9,0,18,0,1,0,0,0,0,1,1,6,1,46,8,1597,2,3,6,1,6
2016210109729,2,9,0,3,0,1,0,0,0,0,2,1,6,2,45,7,1496,2,1,8,1,8
2016210109730,1,9,0,18,0,0,0,0,0,0,1,1,6,1,23,5,1968,2,2,2,1,2
2016210109730,2,9,0,18,0,0,0,0,0,0,3,1,1,2,-1,-1,2993,2,2,-1,-1,-1
2016210109730,3,9,0,18,0,0,0,0,0,0,1,1,1,1,-1,-1,2993,2,3,-1,-1,-1
2016210109730,4,9,0,18,0,0,0,0,0,0,1,1,1,1,-1,-1,2993,2,1,-1,-1,-1
2016210109730,5,9,0,18,0,0,0,0,0,0,4,1,1,1,74,10,1198,1,5,2,1,2
2016210109744,1,9,0,18,0,1,0,0,0,0,1,1,1,2,20,4,1149,1,8,-1,-1,-1
2016210109744,2,9,0,4,0,1,0,0,0,0,2,1,6,1,25,5,1598,1,3,-1,-1,-1
2016210109768,1,9,0,18,0,4,0,0,0,0,1,1,6,1,77,11,1591,1,1,3,1,3
2016210109768,2,9,0,10,0,1,0,0,0,0,1,1,6,2,46,8,2184,2,9,1,1,1
2016210109778,1,9,0,18,0,0,0,0,0,0,0,1,6,2,38,7,1364,1,1,4,1,4
2016210109781,1,9,0,2,9,0,0,0,0,0,4,1,6,2,41,7,1686,2,14,2,1,2
2016210109781,2,1,0,18,9,0,0,8,0,0,1,1,6,1,11,3,-1,-1,-1,2,1,2
2016210109794,1,9,0,9,0,1,0,0,0,0,1,1,6,2,18,4,998,1,7,4,1,4
2016210109794,2,9,0,18,0,1,0,0,0,0,1,1,6,1,27,6,1896,2,12,5,1,5
2016210109814,1,3,0,18,0,0,0,0,0,0,3,1,6,1,18,4,125,1,-1,7,2,7
2016210109839,1,9,0,18,0,0,0,0,0,0,1,1,6,2,57,9,1598,1,7,3,1,3
2016210109839,2,9,0,10,0,0,0,0,0,0,2,1,6,2,28,6,1124,1,16,1,1,1
2016210109840,1,9,0,18,0,1,0,0,3,11,1,1,6,1,20,4,1910,2,10,2,1,2
2016210109857,1,9,0,18,0,0,0,0,0,0,1,1,6,2,68,10,1242,1,6,3,1,3
2016210109860,1,9,0,17,0,0,1,7,0,0,4,1,6,1,18,4,998,1,12,6,3,6
2016210109861,1,9,0,16,0,0,0,0,0,0,1,1,6,1,27,6,1497,8,5,6,1,6
2016210109861,2,9,0,3,0,0,0,0,0,0,1,1,6,1,57,9,1242,1,-1,2,1,2
2016210109861,3,9,0,3,0,0,0,0,0,0,2,1,6,1,71,10,1560,2,4,7,1,7
2016210109880,1,9,0,9,0,0,0,0,0,0,1,1,6,1,29,6,-1,-1,-1,9,1,9
2016210109880,2,5,0,13,0,0,0,0,0,0,1,1,6,1,52,8,998,1,6,10,2,10
2016210109881,1,9,0,18,0,0,2,0,1,0,1,1,2,2,46,8,1368,1,9,6,1,6
2016210109886,1,5,0,18,0,0,0,0,0,0,1,1,6,1,55,8,750,1,36,1,1,1
2016210109913,1,9,0,9,-1,-1,0,-1,-1,0,-1,1,6,2,76,11,1797,1,25,4,3,4
2016210109913,2,3,0,18,-1,-1,0,-1,-1,0,-1,1,6,1,17,4,124,1,7,6,3,6
2016210109919,1,1,0,-1,-1,0,0,-1,-1,0,-1,1,6,1,19,4,-1,-1,-1,1,1,1
2016210109919,2,9,0,-1,-1,0,0,-1,-1,0,-1,1,6,1,20,4,1364,1,9,7,1,7
2016210109919,3,9,0,-1,-1,0,0,-1,-1,0,-1,1,6,1,26,6,1686,2,5,5,1,5
2016210109935,1,9,0,18,0,1,0,0,0,0,1,1,6,2,52,8,1598,1,2,-1,-1,-1
2016210109935,2,9,0,4,0,1,0,0,0,0,2,1,6,1,72,10,999,1,1,10,2,10
2016210109949,1,9,0,16,0,0,0,0,0,0,1,1,6,1,17,4,1149,1,6,9,2,9
2016210109949,2,9,0,17,0,0,0,0,0,0,1,1,6,1,70,10,4554,1,14,9,1,9
2016210109985,1,10,0,13,0,0,0,0,0,0,0,1,3,3,-1,-1,-1,-1,-1,-1,-1,-1
2016210109985,2,1,0,18,0,0,0,0,0,0,0,1,4,1,11,3,-1,-1,-1,7,3,7
2016210110035,1,9,0,1,0,0,0,0,0,0,2,1,6,2,90,11,1390,1,11,8,1,8
2016210110035,2,20,0,18,0,0,0,0,0,0,1,1,6,1,47,8,4461,2,8,1,1,1
2016210110082,1,9,0,2,0,0,0,0,0,0,0,1,6,2,31,6,1598,1,11,2,1,2
2016210110082,2,9,0,18,0,0,0,0,0,0,1,1,6,1,64,9,1598,1,8,1,1,1
2016210110089,1,9,0,18,0,0,0,0,0,0,1,1,6,1,65,9,1997,2,15,1,1,1
2016210110089,2,19,0,4,0,0,0,0,0,0,2,1,6,1,50,8,1598,2,1,5,1,5
2016210110115,1,9,0,18,0,3,0,0,0,0,1,1,6,1,21,5,1199,1,14,2,1,2
2016210110115,2,9,0,18,0,3,0,0,0,0,1,1,6,1,45,7,2179,2,9,9,3,9
2016210110115,3,9,0,18,0,3,0,0,0,0,0,1,1,1,-1,-1,1995,2,1,-1,-1,-1
2016210110126,1,9,0,7,0,6,0,0,0,0,1,1,6,2,50,8,1598,2,2,8,3,8
2016210110126,2,9,0,18,0,2,0,0,0,0,2,1,6,1,49,8,1598,1,9,6,1,6
2016210110134,1,9,0,18,0,0,0,0,0,0,1,1,6,1,30,6,1796,1,9,3,1,3
2016210110134,2,9,0,2,0,0,0,0,0,0,0,1,6,1,35,6,1896,2,15,2,1,2
2016210110150,1,9,0,18,0,0,0,0,0,0,1,1,6,1,25,5,1968,2,4,2,1,2
2016210110150,2,9,0,2,0,0,0,0,0,0,3,1,6,1,26,6,1968,2,4,1,1,1
2016210110167,1,9,0,9,0,0,0,0,0,0,1,1,6,2,28,6,1598,2,3,5,1,5
2016210110167,2,9,0,13,0,0,0,0,0,0,4,1,6,2,45,7,1968,2,3,8,3,8
2016210110172,1,9,0,17,0,0,0,0,0,0,1,1,6,2,31,6,1598,1,6,10,2,10
2016210110172,2,9,0,16,0,0,0,0,0,0,1,1,6,2,51,8,1781,1,12,7,3,7
2016210110176,1,9,0,9,0,1,0,0,0,0,1,1,6,1,53,8,-1,-1,-1,7,1,7
2016210110176,2,3,0,2,0,1,0,0,0,0,3,1,6,1,24,5,125,1,-1,4,2,4
2016210110191,1,9,0,18,0,0,0,0,0,0,2,1,6,2,79,11,1149,1,14,5,3,5
2016210110191,2,5,0,13,0,0,0,0,0,0,1,1,6,1,68,10,865,1,11,10,1,10
2016210110192,1,21,1,12,0,0,0,0,0,0,1,1,1,1,28,6,-1,-1,-1,-1,-1,-1
2016210110192,2,9,0,18,0,0,5,0,1,0,4,1,6,2,34,6,1149,1,12,-1,1,-1
2016210110214,1,9,0,18,0,0,0,0,0,0,4,1,6,1,39,7,1560,2,9,3,1,3
2016210110214,2,9,0,2,0,0,0,0,0,0,3,1,6,2,22,5,1364,1,8,5,3,5
2016210110221,1,9,0,9,0,8,0,0,0,0,1,1,3,2,45,7,998,1,2,9,1,9
2016210110221,2,9,0,17,0,8,0,0,0,0,1,1,2,1,40,7,1968,2,-1,10,1,10
2016210110235,1,9,0,9,0,8,0,0,0,0,3,1,6,2,80,11,1299,1,13,9,1,9
2016210110235,2,9,0,17,0,1,0,0,0,0,1,1,1,1,34,6,1900,2,16,1,1,1
2016210110253,1,90,0,18,0,0,0,0,0,0,1,1,6,2,24,5,2400,2,26,9,1,9
2016210110253,2,98,1,18,0,0,0,0,0,0,2,1,1,1,45,7,-1,-1,-1,-1,-1,-1
2016210110253,3,19,0,11,0,0,0,0,4,0,0,1,6,1,46,8,2198,2,9,8,1,8
2016210110259,1,3,0,18,0,0,1,0,0,0,4,1,6,1,20,4,125,1,2,8,2,8
2016210110259,2,9,0,4,0,0,0,0,0,0,1,1,6,2,32,6,1991,2,12,6,3,6
2016210110262,1,9,0,18,0,1,0,0,0,0,1,1,5,2,79,11,2231,2,10,9,1,9
2016210110262,2,17,0,10,0,1,0,0,0,0,2,1,1,1,21,5,6728,2,2,6,3,6
2016210110272,1,9,0,18,0,0,0,0,0,0,1,1,6,2,35,6,1834,1,13,1,1,1
2016210110281,1,9,0,18,0,3,0,0,0,0,3,1,2,2,19,4,1242,1,7,9,1,9
2016210110281,2,98,0,6,0,3,0,0,0,0,4,1,1,1,37,7,-1,-1,-1,5,1,5
2016210110285,1,9,0,17,0,0,0,0,0,0,0,1,6,2,50,8,1796,1,4,7,3,7
2016210110287,1,9,0,9,0,8,0,0,0,0,1,1,6,1,77,11,1242,1,4,8,3,8
2016210110287,2,9,0,18,0,1,0,0,0,0,1,1,6,2,28,6,1368,1,7,9,1,9
2016210110300,1,90,0,12,0,0,0,0,0,0,1,1,1,1,42,7,-1,-1,-1,-1,-1,-1
2016210110300,2,9,0,13,0,0,0,0,0,0,1,1,6,2,63,9,1968,2,5,3,1,3
2016210110307,1,8,0,8,0,8,0,0,0,0,1,1,1,1,25,5,1896,2,7,1,1,1
2016210110307,2,9,0,18,0,1,0,0,0,0,3,1,1,2,33,6,1399,2,6,5,1,5
2016210110320,1,9,0,18,0,0,0,0,0,0,1,1,6,1,-1,-1,2179,2,4,2,1,2
2016210110320,2,1,0,18,0,0,0,0,0,0,2,1,2,1,-1,-1,-1,-1,-1,4,1,4
2016210110333,1,3,0,18,0,0,0,0,0,0,1,1,6,1,21,5,124,1,7,1,1,1
2016210110333,2,9,0,5,0,0,0,0,0,0,1,1,6,1,62,9,1997,2,16,1,1,1
2016210110414,1,19,0,18,0,0,0,0,0,0,1,1,6,1,45,7,2464,2,9,5,1,5
2016210110414,2,9,0,2,0,0,0,0,0,0,3,1,6,1,23,5,998,1,2,2,1,2
2016210110437,1,9,0,9,0,0,0,0,1,0,4,1,6,1,21,5,1248,2,8,5,1,5
2016210110437,2,9,0,18,0,0,0,0,1,0,1,1,6,1,47,8,1598,2,-1,-1,-1,-1
2016210110496,1,19,0,18,0,0,0,0,0,0,1,1,1,1,43,7,2287,2,7,9,1,9
2016210110496,2,9,0,18,0,0,0,0,0,0,1,1,2,1,55,8,1968,2,3,6,1,6
2016210110530,1,3,0,9,0,1,0,0,0,0,1,1,6,1,17,4,125,1,-1,7,3,7
2016210110530,2,9,0,18,0,1,0,0,0,0,3,1,6,1,44,7,1461,2,14,10,2,10
2016210110573,1,9,0,18,0,0,0,0,7,0,4,1,1,1,24,5,1598,1,10,2,1,2
2016210110573,2,9,0,18,0,0,0,0,0,0,1,1,1,1,19,4,998,1,7,9,3,9
2016210110574,1,2,0,18,0,0,0,0,0,0,1,1,6,1,16,4,49,1,3,1,1,1
2016210110574,2,9,0,18,0,0,0,0,0,0,1,1,2,2,22,5,1590,1,14,2,1,2
2016210110584,1,9,0,-1,0,1,0,0,0,0,1,1,6,1,74,10,1968,2,7,1,1,1
2016210110584,2,9,0,18,0,1,0,0,0,0,1,1,6,2,37,7,1686,2,4,-1,-1,-1
2016210110585,1,9,0,18,0,8,0,0,0,0,1,1,6,2,20,4,1229,1,10,10,1,10
2016210110585,2,9,0,18,0,8,0,0,0,0,1,1,6,1,23,5,1995,2,9,9,1,9
2016210110585,3,9,0,18,0,8,0,7,7,0,1,1,6,1,22,5,1995,2,8,9,1,9
2016210110585,4,20,0,18,0,8,0,0,0,0,1,1,6,1,41,7,2143,2,1,7,1,7
2016210110585,5,21,1,12,0,8,0,0,0,0,2,1,6,1,45,7,12777,2,6,-1,-1,-1
2016210110586,1,9,0,9,0,8,0,0,0,0,4,1,6,2,19,4,1242,1,-1,6,1,6
2016210110586,2,97,0,18,0,1,0,0,0,0,1,1,6,1,26,6,-1,-1,-1,2,1,2
2016210110632,1,2,0,16,0,1,0,0,0,0,3,1,6,1,16,4,49,1,4,2,1,2
2016210110632,2,8,0,16,0,1,0,0,0,0,3,1,1,1,36,7,1686,2,5,3,1,3
2016210110649,1,9,0,6,0,0,0,0,0,0,0,1,6,1,-1,-1,1991,1,1,9,2,9
2016210110649,2,9,0,4,0,0,0,0,0,0,0,1,6,1,42,7,1968,2,5,8,3,8
2016210110660,1,9,0,4,0,0,0,0,0,0,1,1,6,2,20,4,875,1,2,6,2,6
2016210110660,2,9,0,4,0,0,0,0,0,0,2,1,6,1,41,7,1461,2,1,5,1,5
2016210110669,1,9,0,18,0,0,0,0,0,0,1,1,6,2,23,5,1242,1,12,2,1,2
2016210110669,2,9,0,4,0,0,0,0,0,0,2,1,2,2,19,4,1200,1,-1,4,1,4
2016210110669,3,9,0,3,0,0,0,0,0,0,2,1,6,2,41,7,1794,1,13,3,2,3
2016210110669,4,9,0,2,9,0,0,0,0,0,3,1,6,1,19,4,999,1,15,6,1,6
2016210110669,5,9,0,2,6,0,0,0,0,0,2,1,6,1,40,7,998,1,3,8,1,8
2016210110749,1,11,0,14,0,1,0,0,0,0,0,1,1,1,58,9,-1,2,13,-1,-1,-1
2016210110749,2,3,0,9,0,2,1,0,0,0,0,1,6,1,18,4,-1,-1,-1,1,1,1
2016210110762,1,9,0,5,0,0,0,0,0,0,1,1,2,2,38,7,1229,1,6,7,1,7
2016210110766,1,9,0,18,-1,0,0,-1,-1,0,-1,1,6,1,50,8,1595,1,1,-1,-1,-1
2016210110766,2,9,0,4,-1,0,0,-1,-1,0,-1,1,6,1,51,8,1496,2,1,6,3,6
2016210110766,3,9,0,4,-1,0,0,-1,-1,0,-1,1,6,1,20,4,1598,1,11,5,1,5
2016210110798,1,9,0,9,0,8,0,0,0,0,1,1,5,2,81,11,1339,1,3,2,1,2
2016210110798,2,9,0,18,0,8,0,0,0,0,1,1,5,1,44,7,2480,1,6,4,1,4
2016210110825,1,9,0,18,0,0,0,0,0,0,1,1,6,1,40,7,1329,1,6,1,1,1
2016210110825,2,9,0,18,0,0,0,0,0,0,1,1,6,1,25,5,-1,-1,-1,1,1,1
2016210110825,3,9,0,4,0,0,0,0,0,0,2,1,6,1,49,8,1496,2,1,4,1,4
2016210110835,1,9,0,5,0,1,0,0,0,0,1,1,6,2,49,8,1796,1,4,3,1,3
2016210110835,2,9,0,3,0,1,0,0,0,0,2,1,6,1,32,6,1910,2,10,2,1,2
2016210110849,1,9,0,18,0,0,0,0,0,0,1,1,2,1,42,7,1753,2,9,2,1,2
2016210110849,2,9,0,18,0,0,0,0,0,0,2,1,6,2,22,5,1240,1,12,7,1,7
2016210110849,3,9,0,18,0,0,0,0,0,0,2,1,6,1,49,8,-1,-1,-1,8,1,8
2016210110866,1,19,0,5,0,1,0,0,0,0,1,1,6,1,26,6,2198,2,3,1,1,1
2016210110866,2,9,0,3,0,1,0,0,0,0,1,1,6,2,39,7,1242,1,1,5,1,5
2016210110923,1,90,0,12,0,0,0,0,4,0,1,1,6,1,74,10,2198,2,9,-1,-1,-1
2016210110923,2,9,0,2,0,0,0,0,0,0,2,1,6,2,-1,-1,1242,1,6,9,1,9
2016210110957,1,9,0,18,0,1,1,0,1,1,1,1,6,2,31,6,1598,1,13,1,1,1
2016210111046,1,9,0,18,0,1,0,0,0,0,1,1,6,1,40,7,1587,1,14,6,3,6
2016210111046,2,9,0,3,0,1,0,0,0,0,2,1,6,1,61,9,2143,2,3,8,2,8
2016210111046,3,9,0,3,0,1,0,0,0,0,2,1,6,2,28,6,1598,2,4,10,2,10
2016210111046,4,9,0,10,0,1,0,0,0,0,2,1,6,2,39,7,2148,2,8,8,3,8
2016210111066,1,-1,0,-1,-1,0,0,-1,-1,0,-1,1,6,3,-1,-1,-1,-1,-1,-1,-1,-1
2016210111066,2,9,0,18,0,0,0,0,0,0,4,1,2,1,45,7,1242,1,14,4,1,4
2016210111094,1,9,0,18,0,5,0,0,0,0,1,1,6,1,40,7,2495,2,21,4,1,4
2016210111094,2,9,0,7,0,8,0,0,7,0,2,1,6,2,54,8,1149,1,5,7,1,7
2016210111099,1,9,0,16,0,0,1,0,7,11,1,1,6,1,24,5,1360,1,14,2,1,2
2016210111099,2,9,0,18,0,0,0,0,0,0,0,1,1,1,36,7,1956,2,2,3,1,3
2016210111112,1,9,0,4,0,0,0,0,0,0,1,1,1,1,52,8,2967,2,3,9,1,9
2016210111112,2,9,0,3,0,0,0,0,0,0,2,1,6,2,28,6,1685,2,3,2,1,2
2016210111112,3,9,0,3,0,0,0,0,0,0,1,1,6,1,32,6,2231,2,10,2,1,2
2016210111112,4,9,0,3,0,0,0,0,0,0,2,1,6,2,33,6,1398,2,12,9,2,9
2016210111136,1,9,0,18,0,2,5,0,0,0,1,1,6,2,20,4,1368,1,1,8,1,8
2016210111136,2,9,0,2,0,1,0,0,0,0,1,1,6,1,-1,-1,1598,1,7,2,1,2
2016210111164,1,9,0,18,0,0,0,0,0,0,1,1,6,1,64,9,1598,1,13,2,1,2
2016210111164,2,1,0,18,0,0,0,0,0,0,1,1,6,1,14,3,-1,-1,-1,2,1,2
2016210111174,1,9,0,18,0,1,0,0,0,0,1,1,6,1,23,5,1896,2,11,4,1,4
2016210111174,2,9,0,18,0,1,0,0,0,0,1,1,2,2,26,6,998,1,1,-1,-1,-1
2016210111174,3,9,0,18,0,1,0,0,0,0,0,1,6,1,-1,-1,2494,2,11,5,3,5
2016210111302,1,9,0,18,0,1,0,0,0,0,1,1,6,1,66,10,-1,-1,-1,5,3,5
2016210111321,1,97,0,14,0,2,0,0,0,0,-1,1,6,1,-1,-1,-1,-1,-1,-1,-1,-1
2016210111321,2,98,0,18,0,2,0,0,0,0,3,1,2,1,41,7,-1,-1,-1,6,1,6
2016210111540,1,9,0,18,0,1,0,0,0,0,3,1,6,2,41,7,1197,1,1,7,1,7
2016210111540,2,9,0,18,0,1,0,0,0,0,1,1,6,2,35,6,1560,2,4,1,1,1
2016210111551,1,9,0,18,0,0,0,0,0,0,1,1,6,1,21,5,1242,1,5,7,1,7
2016210111551,2,9,0,18,0,0,0,0,0,0,1,1,6,1,19,4,1229,1,9,2,1,2
2016210111558,1,9,0,18,0,0,0,0,0,0,1,1,6,2,60,9,1200,1,4,10,1,10
2016210111589,1,9,0,18,0,1,0,0,0,0,1,1,6,2,47,8,998,1,1,9,3,9
2016210111589,2,9,0,5,0,1,0,0,0,0,4,1,6,2,29,6,2993,2,3,7,3,7
2016210111654,1,9,0,18,0,5,0,0,0,0,1,1,1,1,39,7,2204,2,6,6,1,6
2016210111654,2,21,1,11,0,5,0,0,0,0,2,1,1,1,46,8,10518,2,9,5,1,5
2016210111658,1,9,0,18,0,6,0,0,0,0,0,1,6,2,44,7,1498,1,1,-1,-1,-1
2016210111658,2,9,0,18,0,1,0,0,0,0,0,1,6,1,19,4,-1,-1,-1,-1,-1,-1
2016210111661,1,9,0,5,9,0,0,0,0,0,0,1,6,2,62,9,1600,1,5,-1,-1,-1
2016210111661,2,1,0,18,0,0,0,0,0,0,0,1,4,1,9,2,-1,-1,-1,10,3,10
2016210111664,1,9,0,18,0,1,0,0,0,0,0,1,6,1,-1,-1,-1,-1,-1,7,1,7
2016210111664,2,9,0,18,0,1,0,0,0,0,0,1,6,2,51,8,1242,1,7,7,1,7
2016210111685,1,9,0,18,0,0,0,0,0,0,1,1,6,1,34,6,1997,2,14,1,1,1
2016210111685,2,9,0,18,0,0,0,0,0,0,2,1,6,2,36,7,1997,2,7,2,1,2
2016210111799,1,5,0,18,0,0,0,0,0,0,0,1,6,1,51,8,865,1,6,-1,-1,-1
2016210111812,1,9,0,18,0,0,0,0,0,0,1,1,6,1,23,5,1910,2,9,5,1,5
2016210111812,2,9,5,2,0,0,0,0,0,0,2,1,6,1,46,8,1198,1,14,3,2,3
2016210111823,1,9,0,18,0,0,1,0,4,6,1,1,6,2,20,4,1149,1,10,4,1,4
2016210111833,1,90,0,11,0,0,0,0,0,0,1,1,1,1,35,6,-1,-1,-1,9,1,9
2016210111833,2,9,0,18,0,0,0,0,0,0,2,1,6,2,49,8,-1,-1,-1,7,1,7
2016210111900,1,21,0,18,0,1,0,0,0,0,1,1,1,1,35,6,12777,2,3,-1,-1,-1
2016210111900,2,19,0,3,0,1,0,0,0,0,2,1,6,1,61,9,2143,2,2,3,1,3
2016210111963,1,9,0,9,0,5,0,0,0,0,1,1,6,1,67,10,1586,1,12,3,1,3
2016210111963,2,9,0,9,0,5,0,0,0,0,3,1,6,2,85,11,1798,1,11,7,2,7
2016210111966,1,9,0,18,0,0,0,0,0,0,1,1,6,1,83,11,1124,1,11,10,1,10
2016210111966,2,9,0,9,0,0,0,0,0,0,2,1,6,1,64,9,1997,2,7,9,1,9
2016210112036,1,9,0,18,0,6,0,0,0,0,3,1,6,1,85,11,1360,1,14,1,1,1
2016210112036,2,9,0,18,0,8,0,0,0,0,1,1,6,1,43,7,1299,1,12,5,1,5
2016210112037,1,9,0,18,0,0,1,0,0,0,1,1,6,1,26,6,1896,2,14,7,3,7
2016210112037,2,9,0,4,0,0,0,0,0,0,2,1,6,1,36,7,1968,2,6,1,1,1
2016210112037,3,9,0,4,0,0,0,0,0,0,2,1,6,1,34,6,1995,2,1,9,3,9
2016210112100,1,90,0,18,0,0,0,0,0,0,1,1,6,1,24,5,-1,-1,-1,10,1,10
2016210112100,2,9,0,3,0,0,0,0,0,0,2,1,6,2,-1,-1,1242,1,1,3,1,3
2016210112100,3,9,0,3,0,0,0,0,0,0,2,1,6,1,49,8,1970,1,20,8,1,8
2016210112103,1,9,0,18,0,0,0,0,0,0,1,1,6,1,55,8,1796,1,14,9,1,9
2016210112103,2,9,0,4,0,0,0,0,0,0,2,1,6,1,67,10,3436,1,4,8,1,8
2016210112103,3,9,0,4,0,0,0,0,0,0,2,1,6,1,49,8,2967,2,4,6,1,6
2016210112103,4,9,0,4,0,0,0,0,0,0,2,1,6,1,40,7,1598,2,2,7,2,7
2016210112103,5,9,0,18,0,0,1,11,1,0,1,1,6,1,27,6,1398,2,11,6,1,6
2016210112122,1,9,0,18,0,0,0,0,0,0,1,1,6,2,68,10,1388,1,12,-1,-1,-1
2016210112122,2,1,0,12,0,0,0,0,0,0,1,1,6,1,14,3,-1,-1,-1,8,1,8
2016210112125,1,9,0,5,9,1,0,0,0,0,4,1,6,1,55,8,4367,2,5,7,1,7
2016210112144,1,9,0,18,0,1,0,0,0,0,1,1,6,1,18,4,1242,1,10,10,2,10
2016210112144,2,9,0,4,0,1,0,0,0,0,2,1,6,1,54,8,2204,2,8,4,2,4
2016210112185,1,9,0,18,9,0,0,0,1,0,1,1,6,1,45,7,1796,1,17,2,1,2
2016210112196,1,9,0,5,0,0,0,0,0,0,1,1,6,1,-1,-1,1149,1,18,4,1,4
2016210112196,2,9,0,18,0,0,0,0,0,0,1,1,6,1,52,8,996,1,4,2,1,2
2016210112209,1,19,0,9,0,1,0,0,0,0,1,1,1,1,20,4,2198,2,2,-1,-1,-1
2016210112209,2,9,0,18,0,1,0,0,0,0,1,1,6,1,31,6,1248,2,10,8,3,8
2016210112219,1,9,0,9,0,1,0,0,0,0,1,1,6,2,50,8,2204,2,7,9,1,9
2016210112219,2,9,0,18,0,8,0,0,0,0,1,1,6,1,63,9,-1,-1,-1,4,1,4
2016210112252,1,9,0,18,0,0,0,0,0,0,1,1,1,2,26,6,1598,2,1,6,3,6
2016210112252,2,90,0,18,0,0,0,0,0,0,1,1,1,1,64,9,-1,-1,-1,-1,-1,-1