Accident_Index,Vehicle_Reference,Vehicle_Type,Towing_and_Articulation,Vehicle_Manoeuvre,Vehicle_Location-Restricted_Lane,Junction_Location,Skidding_and_Overturning,Hit_Object_in_Carriageway,Vehicle_Leaving_Carriageway,Hit_Object_off_Carriageway,1st_Point_of_Impact,Was_Vehicle_Left_Hand_Drive?,Journey_Purpose_of_Driver,Sex_of_Driver,Age_of_Driver,Age_Band_of_Driver,Engine_Capacity_(CC),Propulsion_Code,Age_of_Vehicle,Driver_IMD_Decile,Driver_Home_Area_Type,Vehicle_IMD_Decile
2016210112252,3,98,0,18,0,0,0,0,0,0,2,1,6,3,-1,-1,-1,-1,-1,-1,-1,-1
2016210112268,1,9,0,16,0,1,5,0,2,2,1,1,6,1,22,5,1368,1,6,2,1,2
2016210112297,1,9,0,18,0,0,0,0,0,0,1,1,6,3,-1,-1,1997,1,3,-1,-1,-1
2016210112297,2,9,0,3,0,0,0,0,0,0,1,1,6,1,42,7,1560,2,7,8,1,8
2016210112310,1,9,0,18,0,1,0,0,0,0,1,1,6,2,49,8,1390,1,13,3,1,3
2016210112310,2,9,0,4,0,1,0,0,0,0,2,1,6,2,30,6,1229,1,9,1,1,1
2016210112318,1,9,0,18,0,0,0,0,0,0,1,1,6,3,-1,-1,-1,-1,-1,-1,-1,-1
2016210112318,2,9,0,18,0,0,0,0,0,0,2,1,1,1,33,6,2143,2,7,5,1,5
2016210112339,1,9,0,16,0,0,0,0,0,0,1,1,6,1,41,7,1598,2,4,9,1,9
2016210112339,2,17,0,17,0,0,0,0,0,0,1,1,1,1,33,6,-1,2,13,8,3,8
2016210112395,1,9,0,16,0,0,0,0,0,0,1,1,6,2,19,4,1149,1,12,5,1,5
2016210112395,2,9,0,17,0,0,0,0,0,0,1,1,6,1,52,8,-1,-1,-1,7,3,7
2016210112446,1,9,0,18,0,0,0,0,0,0,1,1,6,2,33,6,1229,1,3,1,1,1
2016210112446,2,9,0,3,0,0,0,0,0,0,2,1,6,2,45,7,1197,1,2,5,1,5
2016210112472,1,9,0,17,0,0,1,0,0,0,1,1,6,1,60,9,-1,-1,-1,7,1,7
2016210112472,2,9,0,16,0,0,0,0,0,0,1,1,1,1,47,8,-1,-1,-1,-1,-1,-1
2016210112505,1,9,0,18,0,1,0,0,0,0,1,1,6,1,-1,-1,-1,-1,-1,7,1,7
2016210112505,2,9,0,18,0,1,0,0,0,0,2,1,6,2,32,6,1364,1,8,3,1,3
2016210112542,1,9,0,18,0,0,0,0,0,0,4,1,6,2,43,7,1984,1,-1,2,1,2
2016210112625,1,9,0,18,0,0,0,0,0,0,3,1,6,1,43,7,1896,2,14,1,1,1
2016210112630,1,9,0,9,0,6,0,0,0,0,4,1,6,1,84,11,1560,2,2,7,1,7
2016210112630,2,17,0,18,0,1,0,0,0,0,1,1,6,1,21,5,-1,2,8,8,2,8
2016210112658,1,9,0,18,0,0,0,0,0,0,0,1,2,2,32,6,973,1,13,9,1,9
2016210112658,2,1,0,5,0,0,0,0,0,0,3,1,6,1,17,4,-1,-1,-1,5,1,5
2016210112684,1,9,0,1,0,-1,0,0,0,0,2,1,6,1,-1,-1,2000,1,11,4,1,4
2016210112684,2,9,0,2,0,-1,0,0,0,0,1,1,6,1,34,6,1598,1,7,2,1,2
2016210112685,1,3,0,13,0,0,0,0,0,0,4,1,6,1,31,6,124,1,7,-1,-1,-1
2016210112685,2,9,0,9,0,0,0,0,0,0,3,1,6,2,47,8,1493,2,11,3,1,3
2016210112692,1,9,0,18,0,1,0,0,0,0,1,1,6,1,81,11,1596,1,12,5,1,5
2016210112692,2,9,0,7,0,4,0,0,1,0,4,1,6,1,20,4,1390,1,13,4,1,4
2016210112718,1,4,0,18,0,-1,0,0,0,0,1,1,6,1,23,5,487,1,12,7,1,7
2016210112734,1,9,0,9,0,1,0,0,0,0,1,1,6,2,66,10,1197,1,4,2,1,2
2016210112734,2,3,0,18,0,1,0,0,0,0,1,1,6,1,18,4,125,1,9,9,1,9
2016210112747,1,9,0,18,0,0,0,0,0,0,1,1,6,2,64,9,1596,1,2,10,1,10
2016210112747,2,19,0,12,0,0,0,0,0,0,2,1,6,1,46,8,1968,2,-1,6,1,6
2016210112751,1,9,0,18,0,0,0,0,0,0,1,1,6,1,45,7,1246,1,8,6,1,6
2016210112751,2,5,0,18,0,0,0,0,0,0,2,1,6,1,44,7,798,1,6,2,1,2
2016210112751,3,9,0,3,0,0,0,0,0,0,2,1,6,1,47,8,2268,2,2,10,1,10
2016210112796,1,19,0,18,0,1,0,0,0,0,1,1,2,1,29,6,2287,2,2,3,1,3
2016210112796,2,9,0,4,0,8,0,0,0,0,2,1,6,1,45,7,2204,2,6,1,1,1
2016210112884,1,9,0,9,0,1,0,0,0,0,1,1,6,1,28,6,1968,2,4,9,1,9
2016210112884,2,1,0,18,0,1,0,0,0,0,2,1,6,1,44,7,-1,-1,-1,9,1,9
2016210112887,1,9,0,18,0,8,0,0,0,0,3,1,6,2,52,8,1242,1,9,6,3,6
2016210112887,2,9,0,18,0,8,0,0,0,0,1,1,6,2,41,7,1360,1,5,-1,-1,-1
2016210112910,1,9,0,18,0,0,0,0,0,0,3,1,6,2,20,4,1749,1,14,1,1,1
2016210112942,1,98,0,18,0,0,0,0,0,0,2,1,6,3,-1,-1,-1,-1,-1,-1,-1,-1
2016210112942,2,9,0,18,0,0,0,0,0,0,1,1,2,1,31,6,-1,-1,-1,1,1,1
2016210112977,1,9,0,18,0,1,0,0,0,0,4,1,1,1,34,6,-1,-1,-1,-1,-1,-1
2016210112977,2,9,0,18,0,1,0,0,0,0,1,1,6,2,45,7,-1,-1,-1,10,2,10
2016210112990,1,9,0,18,0,0,0,0,0,0,4,1,6,1,-1,-1,-1,-1,-1,9,1,9
2016210112990,2,9,0,-1,0,0,0,0,0,0,3,1,3,2,35,6,2987,2,1,6,1,6
2016210112995,1,9,0,18,0,6,0,0,0,0,4,1,6,1,27,6,1560,2,10,5,1,5
2016210112995,2,9,0,18,0,8,0,0,0,0,1,1,2,1,48,8,1598,1,14,3,1,3
2016210113009,1,9,0,1,9,0,0,0,0,0,2,1,6,2,49,8,1388,1,7,4,1,4
2016210113068,1,9,0,4,0,1,0,0,0,0,0,1,6,2,45,7,1296,1,9,7,1,7
2016210113076,1,1,0,18,0,8,0,0,0,0,3,1,6,1,13,3,-1,-1,-1,8,1,8
2016210113076,2,9,0,18,0,1,0,0,0,0,1,1,2,2,23,5,898,1,-1,10,1,10
2016210113089,1,9,0,9,-1,-1,0,-1,-1,0,-1,1,6,2,70,10,1248,1,7,3,1,3
2016210113091,1,2,0,18,0,8,0,0,0,0,0,1,6,1,16,4,49,1,7,6,1,6
2016210113185,1,9,0,18,0,8,0,0,0,0,1,1,6,1,-1,-1,1995,2,4,2,1,2
2016210113185,2,19,0,4,0,1,0,0,0,0,2,1,1,1,40,7,1248,2,5,-1,-1,-1
2016210113202,1,9,0,9,0,8,0,0,0,0,-1,1,6,2,64,9,1995,2,12,-1,-1,-1
2016210113202,2,9,0,18,0,1,0,0,0,0,1,1,5,2,41,7,1781,1,14,2,1,2
2016210113352,1,9,0,10,0,6,0,0,0,0,3,1,6,2,36,7,1995,2,4,6,1,6
2016210113352,2,9,0,18,0,1,0,0,0,0,1,1,6,2,24,5,1360,1,6,6,1,6
2016210113417,1,9,0,5,0,0,0,0,0,0,0,1,6,1,71,10,1596,1,1,8,1,8
2016210113454,1,9,0,18,0,0,0,0,0,0,3,1,6,1,77,11,996,1,-1,1,1,1
2016210113454,2,9,0,18,0,0,0,0,0,0,1,1,6,1,51,8,1598,2,4,6,1,6
2016210113454,3,9,0,18,0,0,0,0,0,0,4,1,6,2,-1,-1,1396,1,2,2,1,2
2016210113456,1,9,0,18,0,0,0,0,0,0,1,1,6,1,19,4,1149,1,15,9,1,9
2016210113456,2,9,0,4,0,0,0,0,0,0,2,1,6,2,34,6,1560,2,11,7,3,7
2016210113457,1,9,0,18,0,1,0,0,0,0,1,1,6,2,62,9,1397,1,4,2,1,2
2016210113475,1,9,0,9,0,1,0,0,0,0,1,1,1,1,44,7,1560,2,1,-1,-1,-1
2016210113475,2,9,0,18,0,1,0,0,0,0,3,1,6,1,45,7,1991,2,10,3,1,3
2016210113531,1,19,0,18,0,6,0,0,0,0,1,1,6,1,71,10,1248,2,9,6,1,6
2016210113531,2,9,0,18,0,8,0,0,0,0,1,1,6,1,44,7,1242,1,13,8,1,8
2016210113579,1,8,0,18,0,0,0,0,0,0,1,1,1,1,34,6,1998,2,8,1,1,1
2016210113581,1,9,0,9,0,2,0,0,0,0,3,1,6,1,64,9,1910,2,7,5,1,5
2016210113581,2,1,0,18,0,8,0,0,0,0,1,1,6,1,21,5,-1,-1,-1,5,1,5
2016210113660,1,9,0,12,0,7,0,0,0,0,1,1,6,2,49,8,1339,1,-1,5,1,5
2016210113660,2,5,0,18,0,8,0,0,0,0,4,1,6,1,53,8,782,1,2,-1,-1,-1
2016210113667,1,9,0,7,0,3,5,10,0,0,1,1,6,1,23,5,1242,1,16,3,1,3
2016210113690,1,9,0,9,0,0,0,0,0,0,1,1,1,2,42,7,1598,1,3,1,1,1
2016210113690,2,1,0,18,0,0,0,0,0,0,1,1,6,1,29,6,-1,-1,-1,8,1,8
2016210113970,1,9,0,18,0,1,0,0,0,0,1,1,6,1,23,5,1598,2,-1,-1,-1,-1
2016210113970,2,9,0,18,0,1,0,0,0,0,1,1,6,1,50,8,1998,2,9,9,2,9
2016210114054,1,9,0,17,0,0,0,0,0,0,1,1,6,1,18,4,1124,1,16,4,1,4
2016210114054,2,9,0,9,0,0,0,0,0,0,1,1,6,1,44,7,1997,2,10,4,1,4
2016210114107,1,98,1,12,0,0,0,0,0,0,1,1,1,1,44,7,-1,-1,-1,-1,-1,-1
2016210114107,2,9,0,13,0,0,0,0,0,0,4,1,1,2,44,7,1242,1,4,6,1,6
2016210114122,1,3,0,7,0,0,0,0,0,0,1,1,2,1,29,6,124,1,9,1,1,1
2016210114122,2,9,0,17,0,0,0,0,0,0,4,1,2,2,31,6,1199,1,14,1,1,1
2016210114152,1,19,0,18,0,0,0,4,0,0,1,1,1,1,41,7,2402,2,7,9,1,9
2016210114152,2,20,1,2,0,0,0,0,0,0,2,1,1,1,44,7,-1,-1,-1,1,1,1
2016210114197,1,9,0,8,0,1,0,0,0,0,1,1,1,1,53,8,1995,2,2,2,1,2
2016210114197,2,1,0,4,0,1,0,0,0,0,1,1,6,2,15,3,-1,-1,-1,2,1,2
2016210114198,1,9,0,18,0,1,0,0,0,0,1,1,6,2,35,6,1598,2,-1,8,2,8
2016210114198,2,9,0,18,0,1,0,0,0,0,1,1,6,1,50,8,1968,2,9,7,1,7
2016210114220,1,8,0,18,0,8,0,0,0,0,1,1,6,1,57,9,1997,2,9,6,1,6
2016210114220,2,9,0,18,0,8,0,0,0,0,3,1,6,1,25,5,1560,2,3,5,1,5
2016210114242,1,9,0,18,0,1,0,0,0,0,1,1,6,1,44,7,1598,2,5,2,1,2
2016210114242,2,9,0,10,0,1,5,0,0,0,3,1,6,2,20,4,1242,1,1,6,1,6
2016210114284,1,9,0,18,0,0,1,0,1,0,1,1,6,1,27,6,1596,1,14,5,1,5
2016210114310,1,9,0,18,0,0,0,0,0,0,1,1,6,2,38,7,1995,2,3,10,1,10
2016210114310,2,9,0,2,0,0,0,0,0,0,2,1,6,1,45,7,2179,2,2,5,1,5
2016210114330,1,3,0,9,0,6,0,0,0,0,1,1,6,1,36,7,124,1,4,-1,-1,-1
2016210114330,2,98,0,18,0,6,0,0,0,0,3,1,1,1,40,7,-1,-1,-1,2,1,2
2016210114336,1,5,0,18,0,2,0,-1,-1,0,1,1,6,1,26,6,645,1,15,9,1,9
2016210114336,2,9,0,6,0,1,0,0,0,0,4,1,6,2,25,5,1598,1,4,7,1,7
2016210114369,1,9,0,18,0,0,0,0,0,0,1,1,6,1,80,11,1598,1,8,9,3,9
2016210114369,2,9,0,18,0,0,0,0,0,0,3,1,6,1,27,6,1364,1,7,7,1,7
2016210114531,1,9,0,1,0,0,0,0,0,0,2,1,6,2,41,7,2295,1,14,3,1,3
2016210114588,1,9,0,17,0,0,0,0,0,0,1,1,6,2,61,9,1360,1,9,7,1,7
2016210114588,2,9,0,16,0,0,0,0,0,0,1,1,6,2,42,7,1242,1,6,6,1,6
2016210114643,1,9,0,-1,0,0,0,-1,-1,0,1,1,6,1,47,8,1995,2,14,6,1,6
2016210114643,2,9,0,-1,0,0,0,-1,-1,0,2,1,6,1,48,8,1685,2,2,9,1,9
2016210114643,3,9,0,-1,-1,0,0,-1,-1,0,2,1,2,2,20,4,1596,1,14,9,1,9
2016210114643,4,9,0,-1,0,0,0,-1,-1,0,-1,1,2,1,19,4,1299,1,12,-1,-1,-1
2016210114902,1,9,4,9,0,0,0,0,0,0,4,1,6,2,31,6,1364,1,7,-1,-1,-1
2016210114902,2,17,0,18,0,0,0,0,0,0,1,1,6,1,29,6,6728,2,5,5,2,5
2016210114955,1,9,0,18,0,0,0,0,0,0,1,1,6,1,33,6,-1,-1,-1,1,1,1
2016210114955,2,90,0,18,0,0,0,0,0,0,1,1,6,2,68,10,-1,-1,-1,3,1,3
2016210114966,1,9,0,18,0,0,0,0,0,0,1,1,6,2,18,4,1242,1,3,7,1,7
2016210114966,2,9,0,18,0,0,0,0,0,0,2,1,6,2,25,5,1229,1,6,8,1,8
2016210114989,1,9,0,9,0,8,0,0,0,0,1,1,6,1,36,7,2000,1,9,8,1,8
2016210114989,2,9,0,4,0,1,0,0,0,0,3,1,6,2,39,7,1596,1,3,7,1,7
2016210115019,1,9,0,5,0,1,0,0,0,0,2,1,6,1,56,9,2720,2,10,4,1,4
2016210115019,2,3,0,18,0,1,0,0,0,0,1,1,6,1,51,8,125,1,-1,2,1,2
2016210115043,1,90,0,12,0,0,0,0,0,0,1,1,1,1,68,10,-1,-1,-1,-1,-1,-1
2016210115043,2,9,0,18,0,0,0,0,1,0,4,1,6,2,31,6,1124,1,10,-1,-1,-1
2016210115055,1,3,0,17,0,0,0,0,0,0,1,1,6,1,30,6,124,1,4,2,1,2
2016210115096,1,9,0,18,0,8,0,0,0,0,1,1,6,2,28,6,-1,-1,-1,7,1,7
2016210115096,2,1,0,18,0,8,0,0,0,0,3,1,6,2,8,2,-1,-1,-1,2,1,2
2016210115108,1,9,0,18,0,1,0,0,0,0,1,1,6,2,18,4,1299,1,8,5,2,5
2016210115108,2,9,0,18,0,2,0,0,0,0,3,1,6,2,54,8,998,1,-1,9,1,9
2016210115114,1,9,0,7,0,1,0,0,0,0,3,1,6,2,45,7,1998,1,11,10,2,10
2016210115114,2,4,0,18,0,1,0,0,0,0,1,1,6,1,78,11,500,1,24,10,2,10
2016210115129,1,9,0,18,0,0,0,0,0,0,1,1,6,3,-1,-1,-1,-1,-1,-1,-1,-1
2016210115129,2,9,0,3,0,0,0,0,0,0,2,1,6,1,24,5,796,1,7,6,1,6
2016210115133,1,9,0,18,-1,0,0,-1,-1,0,-1,1,1,1,62,9,1560,2,3,9,2,9
2016210115133,2,9,0,9,-1,0,0,-1,-1,0,-1,1,5,2,20,4,-1,-1,-1,10,1,10
2016210115149,1,9,0,18,0,0,0,0,0,0,1,1,6,2,26,6,1870,2,9,4,3,4
2016210115173,1,-1,0,1,-1,0,0,0,0,0,2,1,6,3,-1,-1,-1,-1,-1,-1,-1,-1
2016210115250,1,9,0,18,0,2,0,0,0,0,4,1,1,2,49,8,989,1,13,6,3,6
2016210115250,2,9,0,18,0,1,0,0,0,0,1,1,6,2,54,8,1229,1,3,5,1,5
2016210115256,1,9,0,18,0,0,0,0,0,0,1,1,6,1,-1,-1,1998,2,12,1,1,1
2016210115256,2,9,0,4,0,0,0,0,0,0,2,1,6,2,25,5,1560,2,1,4,1,4
2016210115322,1,9,0,14,0,0,0,0,0,0,1,1,6,1,43,7,1984,1,16,10,1,10
2016210115322,2,9,0,17,0,0,1,0,0,0,3,1,6,1,58,9,-1,-1,-1,3,1,3
2016210115330,1,5,0,18,0,1,1,0,0,0,1,1,6,1,50,8,-1,-1,-1,-1,-1,-1
2016210115330,2,9,0,9,0,8,0,0,0,0,3,1,6,2,58,9,1596,1,15,-1,-1,-1
2016210115421,1,17,2,18,0,1,0,0,0,0,3,1,6,1,23,5,-1,2,1,7,2,7
2016210115421,2,9,0,18,0,1,0,0,0,0,1,1,6,2,38,7,698,1,11,8,1,8
2016210115479,1,19,0,18,0,0,0,0,1,0,1,1,6,1,28,6,1870,2,13,3,1,3
2016210115514,1,97,0,7,0,1,0,0,0,0,1,1,6,3,-1,-1,-1,-1,-1,-1,-1,-1
2016210115514,2,9,0,10,0,1,0,0,0,0,1,1,6,2,47,8,1242,1,6,6,3,6
2016210115538,1,9,0,16,0,1,0,0,0,0,4,1,6,3,-1,-1,-1,-1,-1,-1,-1,-1
2016210115553,1,9,0,-1,-1,0,0,-1,-1,0,-1,1,6,3,-1,-1,-1,-1,-1,-1,-1,-1
2016210115593,1,9,0,18,0,0,0,0,0,0,4,1,6,1,21,5,-1,-1,-1,1,1,1
2016210115613,1,-1,0,13,0,0,0,0,0,0,0,1,6,3,-1,-1,-1,-1,-1,-1,-1,-1
2016210115613,2,9,0,18,0,0,0,0,1,0,4,1,6,1,21,5,1596,1,11,2,1,2
2016210115638,1,1,0,9,0,1,0,0,0,0,1,1,6,1,22,5,-1,-1,-1,1,1,1
2016210115638,2,9,0,18,0,1,0,0,0,0,1,1,6,2,20,4,1242,1,6,7,1,7
2016210115655,1,9,0,7,0,6,0,0,0,0,3,1,1,1,26,6,1896,2,14,7,3,7
2016210115655,2,21,0,18,0,1,0,0,0,0,3,1,1,1,70,10,11021,2,14,6,1,6
2016210115656,1,9,0,5,0,1,0,0,0,0,1,1,6,3,-1,-1,-1,-1,-1,-1,-1,-1
2016210115656,2,9,0,4,0,1,0,0,0,0,2,1,1,1,64,9,-1,-1,-1,6,3,6
2016210115662,1,9,0,16,0,1,0,0,0,0,1,1,6,2,35,6,998,1,7,3,1,3
2016210115737,1,9,0,18,0,4,0,0,0,0,1,1,1,1,38,7,-1,-1,-1,-1,-1,-1
2016210115737,2,1,0,18,0,3,0,0,0,0,4,1,6,1,48,8,-1,-1,-1,-1,-1,-1
2016210115882,1,9,0,18,0,0,0,0,0,0,4,1,3,2,40,7,1560,2,8,7,1,7
2016210115895,1,19,0,17,0,0,0,0,0,0,1,1,6,1,19,4,2198,2,1,8,1,8
2016210115895,2,9,0,4,0,0,0,0,0,0,2,1,6,2,42,7,1598,2,3,6,3,6
2016210115909,1,9,0,9,0,1,0,0,0,0,4,1,2,1,49,8,1896,2,14,2,1,2
2016210115909,2,9,0,10,0,1,0,0,0,0,3,1,1,1,54,8,1686,2,4,6,1,6
2016210115956,1,9,0,9,0,2,0,0,0,0,1,1,6,1,29,6,-1,-1,-1,9,1,9
2016210115956,2,5,0,13,0,8,0,0,0,0,4,1,6,1,52,8,998,1,6,10,2,10
2016210116006,1,9,0,18,0,0,0,0,0,0,1,1,6,1,20,4,1197,1,2,6,1,6
2016210116006,2,9,0,2,0,0,0,0,0,0,2,1,6,1,74,10,1499,2,-1,6,1,6
2016210116049,1,3,0,18,0,0,0,0,0,0,1,1,6,1,18,4,125,1,15,4,1,4
2016210116049,2,9,0,4,0,0,0,0,0,0,2,1,6,1,-1,-1,1968,2,-1,-1,-1,-1
2016210116417,1,9,0,16,0,0,0,0,0,0,1,1,6,1,34,6,1461,2,1,5,1,5
2016210116417,2,19,0,17,0,0,0,0,0,0,1,1,6,1,44,7,2402,2,5,3,1,3
2016210116418,1,9,0,9,0,1,0,0,0,0,1,1,1,1,48,8,-1,-1,-1,2,1,2
2016210116418,2,4,0,13,0,1,0,0,0,0,1,1,1,1,36,7,471,1,2,9,2,9
2016210116457,1,9,0,18,0,1,0,0,0,0,2,1,6,1,90,11,1600,1,12,9,1,9
2016210116457,2,19,0,18,0,1,0,0,0,0,1,1,6,1,53,8,2198,2,3,9,2,9
2016210116457,3,9,0,18,0,1,0,0,0,0,3,1,6,2,41,7,1598,1,9,1,1,1
2016210116457,4,1,0,9,0,3,0,0,0,0,1,1,1,1,41,7,-1,-1,-1,2,1,2
2016210116461,1,9,0,18,0,0,0,0,0,0,1,1,6,1,88,11,1399,1,6,9,1,9
2016210116461,2,1,0,18,-1,0,0,-1,-1,0,-1,1,6,2,12,3,-1,-1,-1,8,1,8
2016210116464,1,9,0,18,0,1,0,0,0,0,1,1,6,1,26,6,1686,2,11,2,1,2
2016210116464,2,9,0,4,0,1,0,0,0,0,2,1,6,1,55,8,1360,1,9,-1,-1,-1
2016210116497,1,9,0,5,0,8,0,0,0,0,3,1,2,1,47,8,1498,1,5,9,1,9
2016210116497,2,9,0,18,0,8,0,0,0,0,1,1,2,2,33,6,996,1,6,7,1,7
2016210116502,1,9,0,18,0,0,0,0,0,0,2,1,6,1,29,6,1796,1,12,2,1,2
2016210116502,2,9,0,18,0,0,0,0,0,0,1,1,6,2,18,4,1199,1,13,2,1,2
2016210116519,1,9,0,9,0,1,0,0,0,0,1,1,6,1,29,6,1396,1,17,6,1,6
2016210116519,2,9,0,16,0,1,0,0,0,0,1,1,6,1,21,5,1596,1,13,2,1,2
2016210116544,1,9,0,5,0,0,0,0,0,0,-1,1,6,1,39,7,1984,1,16,1,1,1
2016210116544,2,3,0,18,0,0,0,0,0,0,2,1,6,1,21,5,125,1,5,2,1,2
2016210116549,1,98,1,12,0,0,0,0,0,0,1,1,1,1,49,8,-1,-1,-1,-1,-1,-1
2016210116549,2,9,0,18,0,0,0,0,0,0,2,1,6,1,73,10,1396,1,17,10,1,10
2016210116553,1,5,0,17,0,0,2,0,7,0,1,1,6,1,61,9,798,1,5,5,3,5
2016210116579,1,20,1,11,0,4,0,0,0,0,1,1,1,1,35,6,-1,-1,-1,4,1,4
2016210116579,2,9,0,18,0,4,0,0,0,0,4,1,6,2,69,10,1968,2,8,7,3,7
2016210116611,1,9,0,18,0,0,0,0,7,0,1,1,6,2,53,8,1598,1,6,5,1,5
2016210116611,2,98,0,12,0,0,0,0,0,0,2,1,6,3,-1,-1,-1,-1,-1,-1,-1,-1
2016210116707,1,1,0,18,0,0,0,0,0,0,3,1,6,1,53,8,-1,-1,-1,7,1,7
2016210116707,2,9,0,13,0,0,0,0,0,0,4,1,6,2,42,7,1149,1,13,6,1,6
2016210116823,1,9,0,18,0,1,0,0,0,0,1,1,6,1,23,5,1598,2,2,3,1,3
2016210116823,2,9,0,18,0,1,0,0,0,0,1,1,6,2,56,9,-1,-1,-1,1,1,1
2016210116835,1,9,0,-1,-1,0,0,-1,-1,0,-1,1,6,1,91,11,1590,1,15,5,2,5
2016210116835,2,9,0,-1,-1,0,0,-1,-1,0,-1,1,3,2,32,6,1560,2,5,10,1,10
2016210116838,1,9,0,18,0,1,0,0,0,0,1,1,6,1,52,8,1598,1,11,-1,1,-1
2016210116838,2,19,0,18,0,1,0,0,0,0,2,1,6,1,32,6,2198,2,1,2,1,2
2016210116896,1,9,0,17,0,0,1,0,1,0,1,1,6,2,17,4,1198,1,13,5,3,5
2016210116974,1,9,0,-1,-1,0,0,-1,-1,0,-1,1,6,1,-1,-1,1242,1,10,7,1,7
2016210116974,2,1,0,-1,-1,0,0,-1,-1,0,-1,1,6,1,51,8,-1,-1,-1,5,1,5
2016210116974,3,9,0,10,0,0,0,0,0,0,4,1,6,2,-1,-1,1399,2,10,9,1,9
2016210117008,1,9,0,9,0,5,0,0,1,0,1,1,6,1,23,5,1995,2,12,6,1,6
2016210117089,1,9,0,18,0,4,0,0,0,0,1,1,6,2,26,6,1397,1,6,4,1,4
2016210117147,1,21,1,11,0,0,0,0,0,0,3,1,1,1,38,7,10518,2,8,10,1,10
2016210117147,2,9,0,18,0,0,0,0,0,0,3,1,6,2,58,9,1395,1,3,6,3,6
2016210117154,1,9,0,18,0,0,0,0,0,0,1,1,6,1,-1,-1,-1,-1,-1,1,1,1
2016210117154,2,98,0,18,0,0,0,0,0,0,2,1,6,2,42,7,-1,-1,-1,8,3,8
2016210117154,3,9,0,18,0,0,0,0,0,0,2,1,6,3,-1,-1,-1,-1,-1,-1,-1,-1
2016210117317,1,9,0,17,0,0,0,0,1,0,1,1,6,2,18,4,1198,1,12,10,1,10
2016210117461,1,9,0,4,0,1,0,0,0,0,-1,1,3,1,-1,-1,1389,1,14,1,1,1
2016210117461,2,9,0,4,0,1,0,0,0,0,2,1,2,2,33,6,1242,1,8,2,1,2
2016210117597,1,9,0,18,0,0,0,0,0,0,1,1,6,1,39,7,1951,2,12,2,1,2
2016210117597,2,9,0,18,0,0,0,0,0,0,1,1,6,1,22,5,1149,1,4,-1,-1,-1
2016210117647,1,1,0,18,0,1,0,0,0,0,4,1,6,1,12,3,-1,-1,-1,7,1,7
2016210117647,2,9,0,18,0,1,0,0,0,0,1,1,6,2,48,8,1360,1,6,6,1,6
2016210117650,1,1,0,18,0,0,0,0,0,0,1,1,6,1,23,5,-1,-1,-1,-1,-1,-1
2016210117650,2,9,0,5,0,0,0,0,0,0,1,1,6,1,30,6,998,1,15,3,1,3
2016210117821,1,9,0,5,0,7,0,0,0,0,1,1,6,2,49,8,1248,1,6,2,1,2
2016210117821,2,9,0,5,0,7,0,0,0,0,2,1,1,1,23,5,1794,1,9,1,1,1
2016210117877,1,9,0,7,0,2,0,0,0,0,1,1,6,1,91,11,1124,1,8,9,1,9
2016210117877,2,9,0,18,0,1,0,0,0,0,1,1,6,2,41,7,1587,1,8,3,1,3
2016210117907,1,9,0,13,0,1,0,0,0,0,1,1,6,1,44,7,1560,2,10,10,2,10
2016210117907,2,9,0,18,0,1,0,0,1,0,1,1,6,1,64,9,1229,1,7,5,1,5
2016210117916,1,9,0,13,0,0,0,0,0,0,1,1,6,2,47,8,1582,2,3,7,1,7
2016210117916,2,9,0,4,0,0,0,0,0,0,2,1,3,1,62,9,1896,2,11,7,2,7
2016210117916,3,9,0,18,0,0,0,0,0,0,1,1,6,2,56,9,-1,-1,-1,7,3,7
2016210117970,1,9,0,4,0,1,0,0,0,0,1,1,6,2,28,6,1599,1,12,7,1,7
2016210117970,2,19,0,3,0,1,0,0,0,0,2,1,3,1,43,7,-1,-1,-1,7,1,7
2016210117970,3,9,0,10,0,1,0,0,0,0,2,1,3,2,49,8,-1,-1,-1,9,1,9
2016210117984,1,-1,0,18,0,1,0,0,0,0,1,1,6,3,-1,-1,-1,-1,-1,-1,-1,-1
2016210117984,2,9,0,2,0,1,0,0,0,0,2,1,6,2,30,6,2460,2,10,7,3,7
2016210117991,1,9,0,9,0,8,0,0,0,0,3,1,6,1,21,5,-1,-1,-1,9,1,9
2016210117991,2,1,0,18,0,8,0,0,0,0,2,1,6,1,36,7,-1,-1,-1,3,1,3
2016210118156,1,9,0,18,0,1,2,0,0,0,1,1,6,1,63,9,1896,2,9,6,1,6
2016210118156,2,9,0,18,0,1,0,0,0,0,4,1,6,2,44,7,1299,1,13,2,1,2
2016210118183,1,9,0,18,0,0,0,0,0,0,1,1,6,1,33,6,1997,2,9,5,1,5
2016210118183,2,9,0,15,0,0,0,0,0,0,1,1,1,1,46,8,1956,2,-1,-1,-1,-1
2016210118183,3,9,0,2,0,0,0,0,0,0,4,1,5,2,-1,-1,1364,1,9,6,1,6
2016210118183,4,9,0,18,0,0,0,0,0,0,0,1,1,2,-1,-1,2993,2,2,-1,-1,-1
2016210118213,1,9,0,9,0,1,0,0,0,0,1,1,6,2,-1,-1,1968,2,1,7,1,7
2016210118213,2,9,0,18,0,1,0,0,0,0,1,1,6,1,42,7,1956,2,6,1,1,1