Accident_Index,Vehicle_Reference,Vehicle_Type,Towing_and_Articulation,Vehicle_Manoeuvre,Vehicle_Location-Restricted_Lane,Junction_Location,Skidding_and_Overturning,Hit_Object_in_Carriageway,Vehicle_Leaving_Carriageway,Hit_Object_off_Carriageway,1st_Point_of_Impact,Was_Vehicle_Left_Hand_Drive?,Journey_Purpose_of_Driver,Sex_of_Driver,Age_of_Driver,Age_Band_of_Driver,Engine_Capacity_(CC),Propulsion_Code,Age_of_Vehicle,Driver_IMD_Decile,Driver_Home_Area_Type,Vehicle_IMD_Decile
2016210118539,1,9,0,7,0,0,0,0,0,0,1,1,6,1,53,8,1560,2,8,2,1,2
2016210118539,2,1,0,18,0,0,0,0,0,0,1,1,6,1,55,8,-1,-1,-1,3,1,3
2016210118604,1,9,0,-1,-1,0,0,-1,-1,0,-1,1,6,1,49,8,-1,-1,-1,9,1,9
2016210118635,1,1,0,18,0,0,0,0,0,0,3,1,6,1,31,6,-1,-1,-1,3,1,3
2016210118635,2,9,0,18,0,0,0,0,0,0,1,1,6,1,54,8,-1,-1,-1,5,3,5
2016210118650,1,9,0,5,0,2,0,0,0,0,1,1,6,1,28,6,1870,2,9,3,1,3
2016210118650,2,8,0,18,0,2,0,0,0,0,2,1,1,1,34,6,1968,2,6,1,1,1
2016210118650,3,9,0,4,0,2,0,0,0,0,3,1,2,1,37,7,1242,1,3,1,1,1
2016210118735,1,9,0,18,0,0,0,0,0,0,1,1,6,1,39,7,1896,2,14,3,1,3
2016210118735,2,9,0,18,0,0,0,0,0,0,1,1,6,1,28,6,1896,2,10,1,1,1
2016210118748,1,9,0,18,0,0,0,0,0,0,1,1,6,2,19,4,1493,2,9,7,1,7
2016210118777,1,9,0,1,0,0,0,0,0,0,2,1,6,1,29,6,2487,2,16,4,1,4
2016210118777,2,3,0,18,0,0,0,0,0,0,4,1,1,1,39,7,125,1,1,4,1,4
2016210118808,1,9,0,5,8,0,0,0,0,0,-1,1,3,1,-1,-1,1240,1,11,2,1,2
2016210118808,2,1,0,18,4,0,0,0,0,0,1,1,4,1,12,3,-1,-1,-1,4,1,4
2016210118980,1,9,0,18,0,8,0,0,0,0,4,1,6,2,63,9,1499,2,1,6,1,6
2016210118980,2,9,0,18,0,8,0,0,0,0,3,1,6,2,40,7,1341,1,13,5,1,5
2016210119019,1,9,0,18,0,0,0,0,0,0,1,1,5,1,17,4,1124,1,14,-1,-1,-1
2016210119038,1,90,0,18,0,8,0,0,0,0,1,1,6,1,25,5,-1,-1,-1,-1,-1,-1
2016210119038,2,3,0,18,0,8,0,0,0,0,1,1,6,1,17,4,124,1,5,3,1,3
2016210119081,1,9,0,18,0,0,0,0,0,0,1,1,6,1,24,5,1229,1,3,3,1,3
2016210119081,2,9,0,4,0,0,0,0,0,0,2,1,1,1,33,6,-1,-1,-1,7,1,7
2016210119081,3,21,0,4,0,0,0,0,0,0,2,1,1,1,58,9,9290,2,1,6,1,6
2016210119081,4,9,0,4,0,0,0,0,0,0,2,1,6,1,42,7,1968,2,3,10,1,10
2016210119203,1,9,0,-1,-1,-1,0,-1,-1,0,-1,1,6,1,-1,-1,-1,-1,-1,1,1,1
2016210119203,2,9,0,-1,-1,-1,0,-1,-1,0,-1,1,6,1,59,9,-1,-1,-1,4,1,4
2016210119271,1,9,0,9,0,6,0,0,0,0,3,1,2,2,27,6,1560,2,3,4,1,4
2016210119271,2,5,0,17,0,1,0,0,0,0,1,1,2,1,34,6,750,1,11,9,1,9
2016210119425,1,9,0,13,-1,0,0,-1,-1,0,-1,1,6,1,-1,-1,1995,2,1,8,3,8
2016210119425,2,1,0,17,-1,0,0,-1,-1,0,-1,1,6,1,25,5,-1,-1,-1,10,1,10
2016210119646,1,9,0,-1,-1,0,0,-1,-1,0,-1,1,6,3,-1,-1,1797,8,5,-1,-1,-1
2016210119677,1,9,0,18,0,8,0,0,0,0,1,1,2,1,52,8,1686,2,5,5,1,5
2016210119677,2,9,0,9,0,8,0,0,0,0,4,1,2,1,33,6,1149,1,15,4,1,4
2016210119688,1,1,0,18,9,0,0,0,0,0,-1,1,6,2,19,4,-1,-1,-1,-1,-1,-1
2016210119688,2,9,0,18,0,0,0,0,0,0,1,1,2,1,23,5,-1,-1,-1,7,1,7
2016210119757,1,9,0,18,0,0,0,0,1,4,1,1,6,1,22,5,1396,1,10,3,1,3
2016210119757,2,9,0,18,0,0,0,0,1,4,1,1,6,2,26,6,2000,2,5,8,2,8
2016210119757,3,9,0,18,0,0,0,0,1,4,1,1,6,1,60,9,2993,2,2,10,1,10
2016210119911,1,9,0,18,0,8,0,0,0,0,3,1,6,1,63,9,1995,2,3,7,3,7
2016210119911,2,9,0,18,0,8,0,0,0,0,1,1,6,1,26,6,999,1,1,10,1,10
2016210120043,1,9,0,18,0,0,0,0,0,0,1,1,6,1,26,6,-1,-1,-1,8,3,8
2016210120043,2,9,0,18,0,0,0,0,0,0,1,1,6,1,-1,-1,1956,2,5,8,3,8
2016210120095,1,9,0,17,0,0,0,0,0,0,1,1,6,1,54,8,1461,2,-1,-1,-1,-1
2016210120095,2,9,0,16,0,0,0,0,0,0,1,1,6,2,36,7,1595,1,2,8,3,8
2016210120119,1,-1,0,18,-1,0,0,-1,-1,0,4,1,6,3,-1,-1,-1,-1,-1,-1,-1,-1
2016210120341,1,9,0,18,0,8,0,0,0,0,3,1,6,2,46,8,1198,1,2,8,1,8
2016210120341,2,9,0,18,0,8,0,0,0,0,3,1,6,1,26,6,-1,-1,-1,6,3,6
2016210120358,1,9,0,3,0,0,0,0,0,0,1,1,6,3,-1,-1,1799,1,20,-1,-1,-1
2016210120358,2,9,0,3,0,0,0,0,0,0,2,1,6,1,60,9,1679,1,14,2,1,2
2016210120358,3,9,0,3,0,0,0,0,0,0,2,1,6,2,36,7,1360,1,6,2,1,2
2016210120358,4,-1,0,3,0,0,0,0,0,0,1,1,6,3,-1,-1,-1,-1,-1,-1,-1,-1
2016210120417,1,9,0,18,0,1,0,0,0,0,3,1,6,2,18,4,998,1,2,8,3,8
2016210120417,2,9,0,18,0,1,0,0,0,0,1,1,6,2,48,8,1240,1,13,9,2,9
2016210120453,1,19,0,16,0,0,0,0,0,0,1,1,1,1,35,6,1753,2,13,8,2,8
2016210120453,2,9,0,17,1,0,0,0,0,0,1,1,6,2,45,7,1368,1,10,7,3,7
2016210120529,1,1,0,18,9,0,0,0,0,0,1,1,6,1,14,3,-1,-1,-1,-1,-1,-1
2016210120529,2,9,0,2,-1,0,0,0,0,0,1,1,5,2,28,6,1968,2,5,1,1,1
2016210120771,1,9,0,18,0,1,0,0,0,0,1,1,6,1,82,11,998,1,1,7,1,7
2016210120771,2,3,0,18,0,1,0,0,0,0,1,1,6,1,21,5,125,1,-1,3,1,3
2016210120794,1,9,0,18,0,8,0,0,0,0,1,1,6,1,51,8,993,1,14,9,2,9
2016210120794,2,9,0,18,0,8,0,0,0,0,2,1,6,2,38,7,1591,1,5,5,1,5
2016210120841,1,9,0,5,0,1,0,0,0,0,1,1,6,1,40,7,1390,1,10,10,1,10
2016210120841,2,9,0,4,0,1,0,0,0,0,2,1,6,1,23,5,1984,1,8,6,3,6
2016210120864,1,9,0,18,0,0,0,0,0,0,1,1,6,1,18,4,1229,1,11,-1,-1,-1
2016210120864,2,9,0,18,0,0,0,0,0,0,0,1,6,1,18,4,1229,1,6,7,3,7
2016210120874,1,9,0,5,0,1,0,0,0,0,3,1,6,1,-1,-1,1364,1,11,-1,-1,-1
2016210120874,2,9,0,18,0,1,0,0,0,0,4,1,6,1,21,5,1598,2,3,7,1,7
2016210120930,1,98,0,18,0,1,0,0,0,0,1,1,6,1,48,8,-1,-1,-1,-1,-1,-1
2016210120930,2,9,0,18,0,1,0,0,0,0,2,1,6,2,45,7,1598,2,5,2,1,2
2016210120938,1,9,0,-1,-1,-1,0,-1,-1,0,-1,1,6,1,-1,-1,1686,2,11,6,1,6
2016210120940,1,9,0,18,0,0,0,4,0,0,1,1,5,1,21,5,-1,-1,-1,1,1,1
2016210120940,2,9,0,2,0,0,0,0,0,0,2,1,5,1,-1,-1,1399,1,-1,1,1,1
2016210120950,1,9,0,18,0,8,0,0,0,0,2,1,6,2,38,7,1596,1,11,1,1,1
2016210120950,2,9,0,18,0,8,0,0,0,0,2,1,6,1,31,6,1968,2,6,2,1,2
2016210120950,3,11,0,18,0,8,0,0,0,0,1,1,1,1,45,7,7300,2,11,2,1,2
2016210120957,1,9,0,5,0,1,0,0,0,0,1,1,6,2,50,8,1796,1,12,9,1,9
2016210120998,1,9,0,18,0,3,0,0,0,0,1,1,6,1,47,8,1498,1,6,9,1,9
2016210120998,2,5,0,18,0,3,0,0,0,0,0,1,6,1,51,8,645,1,14,4,1,4
2016210121003,1,4,0,18,0,0,0,0,0,0,0,1,6,1,50,8,150,1,39,2,1,2
2016210121003,2,19,0,18,0,0,0,0,0,0,1,1,1,1,23,5,1598,2,4,8,3,8
2016210121052,1,9,0,18,0,0,0,0,0,0,1,1,6,1,37,7,1422,2,10,9,1,9
2016210121052,2,9,0,18,0,0,0,0,0,0,1,1,6,1,44,7,2184,2,7,10,1,10
2016210121074,1,9,0,18,0,1,0,0,0,0,1,1,6,1,24,5,998,1,15,2,1,2
2016210121074,2,9,0,4,0,1,0,0,0,0,2,1,6,2,48,8,1997,2,1,1,1,1
2016210121088,1,9,0,18,0,0,1,0,0,0,1,1,6,1,58,9,2495,2,12,10,1,10
2016210121088,2,9,0,18,0,0,0,0,0,0,2,1,6,2,36,7,1242,1,14,1,1,1
2016210121102,1,9,0,18,0,1,0,0,0,0,1,1,6,1,70,10,1242,1,5,1,1,1
2016210121106,1,9,0,18,0,0,0,0,0,0,1,1,6,1,30,6,2720,2,9,2,1,2
2016210121106,2,9,0,18,0,0,0,0,0,0,2,1,6,1,31,6,2987,2,11,6,1,6
2016210121138,1,9,0,18,0,8,0,0,0,0,1,1,6,1,30,6,1248,2,5,1,1,1
2016210121138,2,9,0,18,0,8,0,0,0,0,1,1,1,1,55,8,2402,2,5,7,3,7
2016210121171,1,9,0,18,0,1,0,0,0,0,1,1,6,2,80,11,1389,1,15,3,1,3
2016210121171,2,9,0,18,0,1,0,0,0,0,1,1,6,1,68,10,-1,-1,-1,5,2,5
2016210121174,1,9,0,18,0,0,0,0,0,0,1,1,2,1,36,7,2204,2,10,7,1,7
2016210121221,1,9,0,18,0,1,0,0,0,0,1,1,6,2,57,9,1396,1,12,2,1,2
2016210121221,2,9,0,9,0,1,0,0,0,0,2,1,6,1,66,10,1598,2,-1,6,2,6
2016210121223,1,5,0,18,0,0,0,0,0,0,1,1,6,1,26,6,599,1,12,2,1,2
2016210121223,2,5,0,18,0,0,0,0,0,0,2,1,6,1,26,6,599,1,4,6,1,6
2016210121238,1,9,0,-1,-1,-1,0,-1,-1,0,-1,1,6,3,-1,-1,-1,-1,-1,-1,-1,-1
2016210121277,1,9,0,5,0,1,0,0,0,0,1,1,6,1,34,6,1956,2,5,7,1,7
2016210121279,1,9,0,18,0,8,0,0,0,0,1,1,6,1,83,11,1396,1,3,-1,-1,-1
2016210121279,2,3,0,18,0,8,0,0,0,0,4,1,6,1,24,5,125,1,11,1,1,1
2016210121305,1,9,0,5,0,0,0,0,0,0,1,1,6,2,39,7,1360,1,11,3,1,3
2016210121305,2,98,0,18,0,0,0,0,0,0,1,1,6,1,42,7,-1,-1,-1,2,1,2
2016210121370,1,9,0,18,0,0,0,0,0,0,1,1,6,1,45,7,998,1,2,2,1,2
2016210121381,1,19,0,18,0,1,0,0,0,0,1,1,1,1,22,5,1995,2,9,7,2,7
2016210121381,2,9,0,10,0,1,0,0,0,0,2,1,6,2,39,7,3999,1,8,7,2,7
2016210121381,3,9,0,18,0,1,0,0,0,0,1,1,5,2,60,9,1598,2,2,3,2,3
2016210121422,1,9,0,7,0,1,0,0,0,0,3,1,6,1,-1,-1,1997,1,13,-1,-1,-1
2016210121422,2,1,0,18,0,1,0,0,0,0,4,1,6,1,25,5,-1,-1,-1,4,1,4
2016210121447,1,9,0,18,0,0,0,0,0,0,1,1,6,1,17,4,1753,2,8,9,2,9
2016210121467,1,3,0,18,-1,0,0,0,0,0,-1,1,6,1,21,5,124,1,1,4,1,4
2016210121467,2,9,0,5,-1,0,0,0,0,0,1,1,6,2,25,5,999,1,-1,2,1,2
2016210121474,1,9,0,17,0,8,0,0,7,0,1,1,1,2,25,5,1975,1,11,7,1,7
2016210121513,1,9,0,18,0,0,0,0,0,0,4,1,6,1,-1,-1,2967,2,1,4,1,4
2016210121513,2,9,0,18,0,0,0,0,0,0,3,1,6,1,54,8,1596,1,7,4,1,4
2016210121513,3,9,0,18,0,0,0,0,0,0,4,1,6,1,42,7,1560,2,11,1,1,1
2016210121527,1,19,0,6,0,0,0,0,0,0,3,1,1,1,43,7,1461,2,3,2,1,2
2016210121527,2,9,0,18,0,0,0,0,0,0,1,1,6,1,33,6,2457,1,2,7,1,7
2016210121570,1,9,0,7,0,0,0,0,0,0,1,1,6,2,30,6,1997,1,14,6,1,6
2016210121570,2,9,0,18,0,0,0,0,0,0,1,1,6,1,19,4,1997,2,7,1,1,1
2016210121577,1,9,0,3,0,4,0,0,0,0,-1,1,6,1,23,5,1242,1,8,4,1,4
2016210121577,2,9,0,3,0,4,0,0,0,0,-1,1,6,1,62,9,1360,1,12,7,1,7
2016210121587,1,9,0,18,0,0,0,0,0,0,1,1,1,1,45,7,1560,2,-1,-1,-1,-1
2016210121587,2,9,0,18,0,0,0,0,0,0,1,1,6,1,20,4,1396,1,20,1,1,1
2016210121617,1,9,0,1,-1,0,0,0,0,0,-1,1,5,1,68,10,1242,1,3,1,1,1
2016210121715,1,19,0,7,0,0,0,0,0,0,2,1,6,1,41,7,1598,2,-1,1,1,1
2016210121715,2,3,0,18,0,0,0,0,0,0,1,1,6,2,45,7,125,1,2,2,1,2
2016210121761,1,19,0,18,0,0,0,0,0,0,1,1,6,1,62,9,2151,2,13,6,1,6
2016210121761,2,9,0,18,0,0,0,0,0,0,2,1,6,1,57,9,2143,2,-1,9,1,9
2016210121821,1,9,0,18,0,1,0,0,0,0,1,1,6,2,61,9,999,1,3,9,2,9
2016210121821,2,9,0,18,0,1,0,0,0,0,2,1,6,3,-1,-1,-1,-1,-1,-1,-1,-1
2016210121885,1,9,0,18,0,0,0,0,0,0,1,1,6,1,31,6,1753,2,15,2,1,2
2016210121885,2,9,0,18,0,0,0,0,0,0,1,1,6,1,61,9,1968,2,6,1,1,1
2016210121932,1,1,0,18,0,6,0,0,0,0,1,1,6,1,20,4,-1,-1,-1,2,1,2
2016210121932,2,11,0,18,0,6,0,0,0,0,1,1,1,1,43,7,4461,2,1,6,1,6
2016210121942,1,9,0,18,0,0,0,0,0,0,1,1,6,1,58,9,1390,1,15,1,1,1
2016210121942,2,9,0,18,0,0,0,0,0,0,2,1,6,1,77,11,1498,1,9,9,1,9
2016210121968,1,1,0,18,0,1,0,0,0,0,2,1,6,1,33,6,-1,-1,-1,1,1,1
2016210121968,2,9,0,7,0,1,0,0,0,0,3,1,6,1,37,7,1461,2,6,4,1,4
2016210122007,1,9,0,18,0,1,0,0,0,0,1,1,6,2,17,4,1198,1,12,5,1,5
2016210122007,2,4,0,18,0,1,0,0,0,0,1,1,6,1,23,5,398,1,7,7,2,7
2016210122033,1,98,0,1,0,0,0,0,0,0,2,1,1,1,26,6,-1,-1,-1,7,3,7
2016210122033,2,9,0,18,0,0,0,0,0,0,4,1,6,2,23,5,996,1,4,2,1,2
2016210122144,1,9,0,4,0,0,0,0,0,0,1,1,6,2,32,6,2967,2,4,9,1,9
2016210122144,2,9,0,4,0,0,0,0,0,0,2,1,6,2,42,7,1997,2,6,8,1,8
2016210122173,1,9,0,18,0,8,0,0,0,0,4,1,6,1,67,10,1797,8,1,1,1,1
2016210122173,2,1,0,18,0,3,0,0,0,0,1,1,6,1,37,7,-1,-1,-1,9,1,9
2016210122194,1,9,0,18,0,0,0,0,0,0,3,1,6,1,33,6,1598,1,8,3,1,3
2016210122327,1,9,0,18,0,1,0,0,0,0,1,1,6,2,20,4,1598,2,5,2,1,2
2016210122327,2,9,0,9,0,1,0,0,0,0,1,1,6,1,32,6,1200,1,1,7,1,7
2016210122373,1,9,0,18,0,1,0,0,0,0,1,1,6,1,18,4,1329,1,2,8,3,8
2016210122373,2,9,0,4,0,1,0,0,0,0,2,1,6,1,35,6,1910,2,7,7,1,7
2016210122373,3,9,0,7,0,1,0,0,0,0,2,1,6,1,35,6,1956,2,4,10,2,10
2016210122484,1,20,0,4,0,0,0,0,0,0,1,1,6,3,-1,-1,-1,-1,-1,-1,-1,-1
2016210122491,1,9,0,18,0,-1,0,0,0,0,1,1,6,1,18,4,998,1,-1,1,1,1
2016210122491,2,9,0,18,0,-1,0,0,0,0,1,1,6,1,35,6,1598,1,10,1,1,1
2016210122494,1,9,0,-1,-1,-1,0,-1,-1,0,-1,1,6,2,37,7,2143,2,1,4,1,4
2016210122494,2,5,0,-1,-1,-1,0,-1,-1,0,-1,1,6,1,51,8,600,1,12,2,1,2
2016210122498,1,9,0,4,0,0,0,0,0,0,3,1,1,1,37,7,1496,2,-1,5,1,5
2016210122537,1,9,0,18,0,8,0,0,0,0,1,1,6,1,38,7,1248,1,-1,4,1,4
2016210122537,2,1,0,18,0,6,0,0,0,0,4,1,6,1,14,3,-1,-1,-1,4,1,4
2016210122573,1,9,4,12,0,1,0,0,0,0,2,1,6,1,49,8,2500,2,14,4,1,4
2016210122573,2,9,0,18,0,1,0,0,0,0,1,1,6,1,41,7,1956,2,4,10,1,10
2016210122611,1,9,0,18,0,0,0,0,0,0,1,1,6,1,20,4,-1,-1,-1,4,1,4
2016210122611,2,9,0,3,0,0,0,0,0,0,2,1,6,2,39,7,1399,2,6,3,1,3
2016210122621,1,9,0,18,0,1,0,0,0,0,3,1,6,1,22,5,1242,1,13,2,1,2
2016210122621,2,9,0,18,0,2,0,0,0,0,1,1,6,1,34,6,1598,1,12,1,1,1
2016210122811,1,9,0,4,0,0,0,0,0,0,1,1,6,1,29,6,1998,2,15,3,1,3
2016210122811,2,3,0,18,0,0,0,0,0,0,2,1,1,1,27,6,-1,-1,-1,2,1,2
2016210122864,1,9,0,18,0,1,0,0,0,0,1,1,6,2,80,11,998,1,3,6,1,6
2016210122864,2,8,0,4,0,1,0,0,0,0,2,1,3,1,54,8,1598,1,13,5,1,5
2016210122894,1,19,0,4,0,1,0,0,0,0,1,1,1,1,43,7,1248,2,2,2,1,2
2016210122935,1,19,0,18,0,8,0,0,0,0,1,1,6,1,23,5,1461,2,13,8,3,8
2016210122935,2,9,0,18,0,8,0,0,0,0,3,1,6,1,25,5,1198,1,8,2,1,2
2016210122961,1,9,0,18,0,0,0,0,0,0,4,1,6,1,42,7,1995,2,8,9,1,9
2016210122961,2,8,0,18,0,0,0,0,0,0,3,1,1,2,62,9,1997,2,8,6,1,6
2016210123034,1,9,0,18,0,1,0,0,0,0,2,1,6,1,53,8,-1,-1,-1,1,1,1
2016210123034,2,5,0,18,0,1,0,0,0,0,-1,1,6,1,20,4,649,1,4,2,1,2
2016210123034,3,-1,0,18,0,1,0,0,0,0,-1,1,6,1,-1,-1,-1,-1,-1,-1,-1,-1
2016210123287,1,9,0,18,0,0,0,0,0,0,1,1,6,1,44,7,1997,2,13,-1,-1,-1
2016210123287,2,9,0,4,0,0,0,0,0,0,2,1,6,2,43,7,1364,1,-1,6,1,6
2016210123288,1,9,0,18,0,1,0,0,0,0,1,1,6,2,17,4,1388,1,7,7,1,7
2016210123315,1,9,0,18,0,0,0,0,0,0,1,1,6,1,47,8,998,1,5,3,1,3
2016210123315,2,9,0,4,0,0,0,0,0,0,2,1,6,2,37,7,2231,2,2,1,1,1
2016210123315,3,9,0,18,0,0,0,0,0,0,3,1,6,1,36,7,1998,2,9,1,1,1
2016210123315,4,9,0,18,0,0,0,0,0,0,3,1,6,1,45,7,2776,2,9,10,3,10
2016210123327,1,9,0,18,0,0,0,0,0,0,1,1,6,2,70,10,1596,1,7,8,1,8
2016210123330,1,3,0,17,0,1,1,0,1,0,1,1,2,1,47,8,124,1,3,4,1,4
2016210123330,2,9,0,3,0,1,0,0,0,0,1,1,6,1,78,11,2495,2,13,10,1,10
2016210123356,1,9,0,4,0,1,0,0,0,0,1,1,6,2,32,6,1390,1,8,9,1,9
2016210123356,2,9,0,3,0,1,0,0,0,0,2,1,6,2,45,7,1995,2,12,9,1,9
2016210123382,1,5,0,18,0,0,0,0,0,0,2,1,6,1,65,9,535,1,3,6,1,6
2016210123382,2,9,0,18,0,0,0,0,0,0,0,1,6,1,46,8,1368,1,6,9,1,9
2016210123419,1,9,0,18,0,0,0,0,0,0,1,1,6,2,39,7,1499,2,-1,3,1,3
2016210123419,2,9,0,2,0,0,0,0,0,0,2,1,6,2,-1,-1,1995,2,5,2,1,2
2016210123436,1,9,0,13,0,0,0,0,0,0,1,1,6,1,-1,-1,1968,2,12,3,1,3
2016210123436,2,9,0,13,0,0,0,0,0,0,2,1,6,1,49,8,1587,1,14,7,3,7
2016210123436,3,17,0,18,0,0,0,0,0,0,0,1,6,3,-1,-1,-1,-1,-1,-1,-1,-1
2016210123444,1,9,0,-1,-1,0,0,0,-1,0,-1,1,6,3,-1,-1,1596,1,10,-1,-1,-1
2016210123444,2,3,0,-1,-1,0,0,0,-1,0,1,1,6,1,21,5,-1,-1,-1,7,1,7
2016210123464,1,9,0,17,0,0,0,0,1,0,1,1,6,1,27,6,1197,1,-1,10,1,10
2016210123647,1,19,0,12,0,1,0,0,0,0,3,1,6,1,30,6,1560,2,-1,-1,-1,-1
2016210123647,2,3,0,18,0,1,0,0,0,0,1,1,6,1,-1,-1,125,1,-1,4,1,4
2016210123663,1,9,0,18,0,0,0,0,0,0,3,1,6,1,57,9,1988,2,10,2,1,2
2016210123663,2,1,0,18,0,0,0,0,0,0,4,1,6,1,25,5,-1,-1,-1,1,1,1
2016210123716,1,9,0,18,0,8,0,0,0,0,1,1,6,1,18,4,1149,1,13,4,1,4
2016210123716,2,9,0,18,0,8,0,0,0,0,1,1,6,2,47,8,1242,1,1,7,2,7
2016210123749,1,19,0,18,0,0,0,0,0,0,4,1,6,1,34,6,2198,2,3,10,1,10
2016210123749,2,1,0,18,0,0,0,0,0,0,3,1,6,1,12,3,-1,-1,-1,4,1,4
2016210123788,1,20,0,18,0,1,0,0,0,0,4,1,6,1,60,9,4461,2,4,1,1,1
2016210123788,2,20,0,9,0,1,0,0,0,0,2,1,6,1,38,7,4580,2,3,4,1,4
2016210123815,1,9,0,9,0,1,0,0,0,0,1,1,6,2,36,7,1598,1,14,3,1,3
2016210123815,2,1,0,18,0,1,0,0,0,0,1,1,6,1,20,4,-1,-1,-1,7,2,7
2016210123823,1,9,0,18,0,0,0,0,0,0,1,1,6,1,53,8,1560,2,4,4,1,4
2016210123823,2,9,0,4,0,0,0,0,0,0,2,1,6,2,39,7,1995,2,3,8,1,8
2016210123823,3,9,0,4,0,0,0,0,0,0,2,1,6,1,36,7,1999,1,10,3,1,3
2016210123892,1,9,0,4,0,0,0,0,0,0,1,1,3,1,32,6,1968,2,11,-1,-1,-1
2016210123892,2,9,0,2,0,0,0,0,0,0,2,1,3,2,30,6,1560,2,3,6,1,6
2016210124082,1,19,0,18,0,0,1,0,1,9,1,1,6,1,29,6,2198,2,-1,4,1,4
2016210124082,2,-1,0,18,0,0,0,0,0,0,0,1,6,3,-1,-1,-1,-1,-1,-1,-1,-1
2016210124216,1,9,0,18,0,0,0,0,7,0,1,1,2,1,25,5,1796,1,13,3,1,3
2016210124216,2,9,0,18,0,0,0,0,7,0,3,1,2,1,25,5,1968,2,3,9,1,9
2016210124247,1,-1,0,18,0,0,0,0,0,0,1,1,6,3,-1,-1,-1,-1,-1,-1,-1,-1
2016210124247,2,9,0,18,0,0,0,0,0,0,1,1,6,1,29,6,1796,1,13,3,1,3
2016210124277,1,9,0,1,0,1,0,0,-1,0,2,1,6,1,63,9,1240,1,10,-1,-1,-1
2016210124282,1,9,0,18,0,8,0,0,0,0,1,1,6,1,-1,-1,1850,1,15,1,1,1
2016210124282,2,9,0,18,0,8,0,0,0,0,1,1,1,1,24,5,1995,2,9,1,1,1
2016210124282,3,9,0,18,0,8,0,0,0,0,1,1,6,2,33,6,1590,1,14,2,1,2
2016210124284,1,20,0,18,0,0,0,0,0,0,1,1,6,1,63,9,-1,-1,-1,8,2,8
2016210124284,2,9,0,4,0,0,0,0,0,0,2,1,6,1,51,8,2497,2,10,-1,-1,-1
2016210124284,3,9,1,4,0,0,0,0,0,0,2,1,6,1,39,7,-1,-1,-1,8,1,8
2016210124287,1,9,0,16,0,0,1,0,2,7,4,1,6,2,49,8,1798,1,9,8,1,8
2016210124332,1,9,0,18,0,1,0,0,0,0,1,1,2,2,35,6,1240,1,8,2,1,2
2016210124332,2,9,0,18,0,1,0,0,0,0,1,1,5,2,26,6,1999,1,9,4,1,4
2016210124356,1,9,0,4,0,0,0,0,0,0,2,1,6,1,-1,-1,1995,2,3,3,1,3
2016210124356,2,9,0,4,0,0,0,0,0,0,2,1,6,1,-1,-1,1997,2,8,10,3,10
2016210124356,3,9,0,18,0,0,0,0,0,0,1,1,6,2,23,5,998,1,4,10,2,10
2016210124364,1,8,0,18,0,1,0,0,0,0,1,1,1,1,21,5,1968,2,7,1,1,1
2016210124364,2,9,0,2,0,1,0,0,0,0,1,1,6,1,41,7,2199,2,6,-1,-1,-1
2016210124376,1,8,0,5,0,1,0,0,0,0,3,1,1,1,40,7,1910,2,9,1,1,1
2016210124376,2,8,0,5,0,1,0,0,0,0,4,1,1,1,30,6,2184,2,7,1,1,1
2016210124398,1,20,1,18,0,0,0,0,0,0,1,1,1,1,34,6,-1,-1,-1,5,3,5
2016210124398,2,19,0,4,0,0,0,0,0,0,2,1,1,1,56,9,-1,-1,-1,8,2,8
2016210124451,1,9,0,5,0,1,0,0,0,0,3,1,6,1,53,8,1997,2,8,9,1,9
2016210124451,2,9,0,18,0,1,0,0,0,0,4,1,6,1,30,6,3123,1,9,9,1,9
2016210124453,1,9,0,4,0,1,0,0,0,0,1,1,6,1,36,7,1598,1,12,6,3,6
2016210124453,2,9,0,3,0,1,0,0,0,0,2,1,1,2,35,6,1242,1,2,4,1,4
2016210124460,1,3,0,18,9,0,0,0,0,0,1,1,6,1,23,5,124,1,-1,2,1,2
2016210124466,1,9,0,9,0,1,0,0,0,0,4,1,6,1,68,10,2000,2,5,7,1,7
2016210124466,2,1,0,18,0,1,0,0,0,0,1,1,6,1,19,4,-1,-1,-1,3,1,3
2016210124571,1,9,0,18,0,8,0,0,0,0,4,1,6,1,59,9,1598,1,6,2,1,2
2016210124571,2,9,0,5,0,4,0,0,0,0,3,1,6,2,49,8,1398,2,2,7,1,7
2016210124597,1,90,0,4,0,0,0,0,0,0,1,1,1,1,-1,-1,-1,-1,-1,6,3,6
2016210124597,2,9,0,4,0,0,0,0,0,0,2,1,6,1,64,9,1969,2,1,9,1,9
2016210124654,1,9,0,18,0,0,0,0,1,0,1,1,2,1,20,4,1198,1,10,9,1,9
2016210124788,1,9,0,18,0,0,0,0,0,0,4,1,6,1,88,11,1339,1,10,7,1,7
2016210124788,2,1,0,18,0,0,5,0,1,0,2,1,6,1,68,10,-1,-1,-1,5,1,5
2016210124810,1,9,0,1,0,0,0,0,0,0,2,1,6,1,69,10,-1,-1,-1,8,1,8
2016210124810,2,9,0,3,0,0,0,0,0,0,4,1,6,1,20,4,1999,1,9,5,3,5
2016210124839,1,9,0,6,0,0,0,0,0,0,3,1,6,1,52,8,1461,2,3,9,2,9