Accident_Index,Vehicle_Reference,Vehicle_Type,Towing_and_Articulation,Vehicle_Manoeuvre,Vehicle_Location-Restricted_Lane,Junction_Location,Skidding_and_Overturning,Hit_Object_in_Carriageway,Vehicle_Leaving_Carriageway,Hit_Object_off_Carriageway,1st_Point_of_Impact,Was_Vehicle_Left_Hand_Drive?,Journey_Purpose_of_Driver,Sex_of_Driver,Age_of_Driver,Age_Band_of_Driver,Engine_Capacity_(CC),Propulsion_Code,Age_of_Vehicle,Driver_IMD_Decile,Driver_Home_Area_Type,Vehicle_IMD_Decile
2016210130586,2,9,0,2,0,0,0,0,0,0,2,1,1,2,45,7,1685,2,2,6,3,6
2016210130612,1,20,0,18,0,2,0,0,0,0,3,1,1,1,50,8,3900,2,14,4,1,4
2016210130612,2,9,0,18,0,1,0,0,0,0,3,1,6,1,18,4,1229,1,1,10,1,10
2016210130977,1,9,0,18,0,0,0,0,0,0,1,1,6,1,18,4,1595,1,15,4,1,4
2016210130985,1,19,0,18,0,0,0,0,1,0,1,1,6,2,18,4,2198,2,-1,7,1,7
2016210131008,1,9,0,18,0,0,0,0,0,0,1,1,6,1,26,6,-1,3,1,9,1,9
2016210131090,1,9,0,1,0,1,0,0,0,0,0,1,6,1,38,7,1560,2,9,6,1,6
2016210131128,1,9,0,15,0,2,0,11,6,10,4,1,5,1,18,4,1299,1,15,2,1,2
2016210131128,2,9,0,7,0,2,0,11,0,0,1,1,1,1,33,6,1591,1,8,7,1,7
2016210131128,3,9,0,18,0,2,0,0,0,0,0,1,5,1,-1,-1,2993,2,2,-1,-1,-1
2016210131137,1,9,0,18,0,0,0,0,5,0,1,1,6,1,55,8,2000,1,22,1,1,1
2016210131141,1,9,0,9,-1,0,0,-1,-1,0,-1,1,6,2,78,11,989,1,11,5,1,5
2016210131141,2,9,0,18,-1,0,0,-1,-1,0,-1,1,1,1,36,7,1364,1,6,8,1,8
2016210131148,1,9,0,9,0,6,0,0,0,0,3,1,6,2,61,9,998,1,6,4,1,4
2016210131148,2,9,0,17,0,1,0,0,0,0,1,1,6,1,18,4,1388,1,9,6,1,6
2016210131153,1,9,0,18,0,1,0,0,0,0,4,1,6,1,25,5,1587,1,8,7,1,7
2016210131196,1,9,0,18,0,0,0,0,0,0,0,1,6,3,-1,-1,-1,-1,-1,-1,-1,-1
2016210131196,2,9,0,18,0,0,0,0,0,0,1,1,6,1,43,7,-1,-1,-1,3,1,3
2016210131196,3,19,0,18,0,0,0,0,0,0,2,1,6,1,-1,-1,1598,2,-1,-1,-1,-1
2016210131489,1,9,0,9,0,1,0,0,0,0,4,1,6,2,42,7,1997,2,12,9,1,9
2016210131489,2,9,0,18,0,1,0,0,0,0,1,1,6,2,69,10,998,1,9,7,3,7
2016210131585,1,9,0,14,0,0,0,0,0,0,1,1,6,1,43,7,1332,1,4,-1,-1,-1
2016210131624,1,19,0,18,0,0,0,0,0,0,1,1,1,1,30,6,2143,2,6,-1,-1,-1
2016210131624,2,9,0,4,0,0,0,0,0,0,2,1,6,1,68,10,2497,2,10,-1,-1,-1
2016210131666,1,17,1,16,0,0,0,0,0,0,0,1,6,3,-1,-1,-1,-1,-1,-1,-1,-1
2016210131666,2,9,0,17,0,0,5,0,1,9,3,1,6,2,22,5,1598,1,8,7,2,7
2016210131677,1,9,0,18,0,8,0,0,1,0,1,1,2,1,56,9,998,1,13,7,3,7
2016210131677,2,-1,0,13,-1,-1,0,-1,-1,0,-1,1,6,3,-1,-1,-1,-1,-1,-1,-1,-1
2016210131684,1,9,0,18,0,0,0,0,0,0,1,1,6,2,73,10,1999,2,1,7,3,7
2016210131684,2,9,0,18,0,0,0,0,0,0,3,1,1,2,32,6,1242,1,4,-1,-1,-1
2016210131704,1,9,0,18,0,0,0,0,0,0,1,1,6,1,57,9,2143,2,2,10,3,10
2016210131704,2,9,0,3,0,0,0,-1,0,0,1,1,6,1,77,11,1598,1,8,2,1,2
2016210131722,1,19,0,15,0,0,0,0,0,0,4,1,1,1,25,5,2198,2,9,2,1,2
2016210131817,1,98,0,9,0,0,0,11,0,0,1,1,5,1,-1,-1,-1,-1,-1,-1,-1,-1
2016210131817,2,9,0,13,0,0,0,11,0,0,1,1,1,1,-1,-1,1686,2,3,-1,-1,-1
2016210131889,1,-1,0,9,0,0,0,0,0,0,0,1,1,1,-1,-1,-1,-1,-1,2,1,2
2016210131889,2,9,0,17,0,0,0,0,1,11,1,1,6,1,18,4,1595,1,3,3,2,3
2016210131898,1,9,0,9,0,6,0,0,0,0,1,1,2,1,19,4,1198,1,11,3,1,3
2016210131898,2,9,0,18,0,8,0,0,0,0,1,1,2,1,45,7,-1,-1,-1,8,1,8
2016210131924,1,9,0,18,0,0,5,0,1,4,1,1,6,1,31,6,1995,1,11,8,1,8
2016210131924,2,9,0,2,9,0,0,0,0,0,2,1,6,1,57,9,1798,8,1,8,1,8
2016210131924,3,19,0,2,9,0,0,0,0,0,2,1,6,1,44,7,2143,2,5,7,1,7
2016210131928,1,98,0,18,0,0,1,0,0,0,1,1,1,1,35,6,-1,-1,-1,8,3,8
2016210131928,2,9,0,4,0,0,0,0,0,0,2,1,6,2,33,6,998,1,8,3,2,3
2016210131983,1,9,0,9,0,0,0,0,0,0,1,1,6,2,19,4,1229,1,-1,5,3,5
2016210131983,2,9,0,18,0,0,0,0,0,0,1,1,6,1,24,5,1596,1,5,9,1,9
2016210132020,1,98,0,18,0,0,0,0,0,0,1,1,1,1,34,6,-1,-1,-1,-1,-1,-1
2016210132020,2,9,0,18,0,0,0,0,0,0,1,1,6,1,40,7,1956,2,3,-1,3,-1
2016210132020,3,9,0,4,0,0,0,0,0,0,2,1,6,1,60,9,2497,2,2,3,1,3
2016210132020,4,9,0,4,0,0,0,0,0,0,2,1,6,1,59,9,2199,2,1,-1,3,-1
2016210132033,1,9,0,18,0,0,0,0,0,0,1,1,6,1,33,6,1796,1,11,2,1,2
2016210132033,2,9,0,18,0,0,0,0,0,0,2,1,6,2,61,9,1587,1,14,5,1,5
2016210132078,1,90,0,18,0,1,0,0,0,0,0,1,1,3,-1,-1,-1,-1,-1,-1,-1,-1
2016210132078,2,9,0,9,0,8,0,0,0,0,0,1,6,2,53,8,2143,2,1,8,3,8
2016210132081,1,9,0,18,0,1,0,0,0,0,2,1,6,1,37,7,1968,2,2,4,1,4
2016210132081,2,5,0,18,0,1,0,0,0,0,1,1,2,1,41,7,599,1,20,3,1,3
2016210132120,1,9,0,18,0,0,0,0,0,0,3,1,6,2,54,8,1596,1,10,4,1,4
2016210132120,2,20,1,18,0,0,0,0,0,0,2,1,6,1,41,7,-1,-1,-1,7,1,7
2016210132178,1,9,0,18,0,1,0,0,0,0,1,1,1,2,40,7,1560,2,5,-1,-1,-1
2016210132178,2,9,0,4,0,8,0,0,0,0,2,1,6,1,28,6,1596,1,7,9,1,9
2016210132178,3,9,0,4,0,8,0,0,0,0,2,1,6,1,53,8,1870,2,9,2,1,2
2016210132206,1,9,0,18,0,0,0,0,0,0,1,1,6,1,62,9,1461,2,1,2,1,2
2016210132206,2,9,0,18,0,0,0,0,0,0,1,1,6,1,57,9,-1,-1,-1,-1,-1,-1
2016210132226,1,9,0,5,0,0,0,0,0,0,1,1,6,1,78,11,505,1,11,2,1,2
2016210132226,2,9,0,5,0,0,0,0,0,0,1,1,6,2,57,9,1781,1,14,3,1,3
2016210132244,1,20,1,12,0,0,0,0,0,0,3,1,1,1,49,8,-1,-1,-1,-1,-1,-1
2016210132244,2,9,0,18,0,0,0,0,1,0,2,1,6,2,30,6,1242,1,17,2,1,2
2016210132254,1,9,0,-1,-1,0,0,-1,-1,0,-1,1,6,1,42,7,1598,1,14,4,1,4
2016210132315,1,9,0,7,0,1,0,0,-1,0,1,1,1,1,85,11,1995,2,-1,9,3,9
2016210132326,1,9,0,18,0,0,0,0,0,0,2,1,6,2,21,5,1390,1,6,-1,-1,-1
2016210132326,2,9,0,18,0,0,0,0,0,0,1,1,6,1,48,8,-1,-1,-1,6,1,6
2016210132344,1,9,0,18,0,1,0,0,0,0,1,1,6,2,35,6,1299,1,11,2,1,2
2016210132344,2,9,0,18,0,1,0,0,0,0,1,1,2,1,30,6,1248,2,7,3,1,3
2016210132358,1,-1,0,18,0,4,0,-1,0,0,-1,1,6,3,-1,-1,-1,-1,-1,-1,-1,-1
2016210132485,1,9,0,11,0,1,0,0,0,0,1,1,6,1,46,8,1497,1,13,9,1,9
2016210132485,2,9,0,9,0,1,0,0,0,0,4,1,6,1,36,7,2493,8,2,10,1,10
2016210132496,1,9,0,18,0,1,0,0,0,0,1,1,6,1,27,6,1598,1,4,1,1,1
2016210132496,2,9,0,18,0,1,1,0,0,0,1,1,6,1,18,4,-1,-1,-1,3,1,3
2016210132496,3,9,0,18,0,1,0,0,0,0,1,1,6,1,29,6,1896,2,9,2,1,2
2016210132558,1,9,0,6,0,0,0,0,0,0,3,1,2,2,43,7,1997,2,11,3,1,3
2016210132558,2,3,0,14,0,0,0,0,0,0,4,1,2,1,36,7,125,1,4,4,1,4
2016210132575,1,19,0,4,0,0,0,0,0,0,1,1,2,1,33,6,2151,2,13,-1,-1,-1
2016210132575,2,3,0,18,0,0,0,0,0,0,1,1,1,1,20,4,102,1,2,2,1,2
2016210132583,1,9,0,13,0,0,0,0,0,0,4,1,6,1,57,9,1796,1,4,6,1,6
2016210132583,2,9,0,18,0,0,0,0,0,0,3,1,6,1,30,6,1199,1,14,1,1,1
2016210132584,1,9,0,18,0,0,0,0,0,0,4,1,6,1,29,6,2497,1,12,2,1,2
2016210132599,1,9,0,9,0,8,0,0,0,0,1,1,6,2,26,6,1598,1,15,6,1,6
2016210132599,2,9,0,18,0,1,0,0,0,0,1,1,6,2,35,6,1995,2,11,9,1,9
2016210132600,1,9,0,9,0,8,0,0,0,0,2,1,6,3,-1,-1,-1,-1,-1,-1,-1,-1
2016210132600,2,9,0,18,0,8,0,0,0,0,1,1,6,1,24,5,1781,1,14,5,1,5
2016210132611,1,9,0,9,0,8,0,0,0,0,1,1,6,1,44,7,2967,2,4,1,1,1
2016210132611,2,1,0,18,0,8,0,0,0,0,3,1,6,1,48,8,-1,-1,-1,2,1,2
2016210132625,1,9,0,18,0,0,0,0,0,0,1,1,2,1,19,4,1242,1,13,4,1,4
2016210132625,2,9,0,18,0,0,0,0,0,0,1,1,6,2,55,8,2902,2,11,8,1,8
2016210132650,1,9,0,18,0,1,0,0,0,0,1,1,6,1,28,6,1596,1,14,1,1,1
2016210132650,2,9,0,3,0,1,0,0,0,0,2,1,6,1,27,6,1686,2,4,1,1,1
2016210132668,1,9,0,18,0,0,0,0,0,0,-1,1,6,1,41,7,2143,2,2,-1,-1,-1
2016210132668,2,9,0,18,0,0,0,0,0,0,1,1,1,1,-1,-1,2400,2,3,-1,-1,-1
2016210132668,3,9,0,18,0,0,0,0,0,0,4,1,6,1,44,7,1685,2,1,4,1,4
2016210132668,4,9,0,2,0,0,0,0,0,0,0,1,1,3,-1,-1,2993,2,1,-1,-1,-1
2016210132672,1,19,0,18,0,0,0,0,0,0,4,1,6,1,-1,-1,2143,2,1,3,1,3
2016210132676,1,9,0,18,0,0,0,0,0,0,1,1,6,1,75,10,1596,1,5,6,1,6
2016210132676,2,9,0,3,0,0,0,0,0,0,2,1,6,1,37,7,1956,2,4,7,1,7
2016210132766,1,9,0,18,0,0,1,0,1,0,4,1,5,1,44,7,2967,1,13,4,1,4
2016210132766,2,9,0,18,0,0,1,0,1,0,3,1,5,1,-1,-1,1995,2,1,4,1,4
2016210132967,1,9,0,18,0,0,0,0,0,0,1,1,6,2,17,4,998,1,8,8,3,8
2016210132971,1,9,0,18,0,8,0,0,0,0,1,1,6,2,27,6,1896,2,7,8,3,8
2016210132987,1,9,0,9,0,2,0,0,0,0,1,1,6,2,64,9,998,1,7,6,1,6
2016210132987,2,11,0,18,0,-1,0,0,0,0,1,1,1,1,32,6,7300,2,11,3,1,3
2016210132987,3,9,0,18,0,-1,0,0,0,0,1,1,6,1,32,6,1999,2,-1,2,1,2
2016210133001,1,98,0,4,0,0,0,0,0,0,0,1,6,1,-1,-1,-1,-1,-1,-1,-1,-1
2016210133001,2,9,0,2,0,0,0,0,0,0,0,1,1,1,-1,-1,1686,2,2,1,1,1
2016210133001,3,9,0,2,0,0,0,0,0,0,0,1,6,1,-1,-1,1242,1,11,2,1,2
2016210133021,1,9,0,18,0,1,0,0,0,0,1,1,6,2,35,6,2295,1,14,8,1,8
2016210133021,2,9,0,10,0,1,0,0,0,0,1,1,6,2,34,6,1242,1,16,3,1,3
2016210133021,3,5,0,18,0,1,0,0,0,0,2,1,6,1,26,6,649,1,10,4,1,4
2016210133033,1,9,0,16,0,0,0,0,0,0,1,1,6,1,20,4,1896,2,14,3,1,3
2016210133033,2,9,0,2,-1,0,0,-1,-1,0,-1,1,5,2,-1,-1,1956,2,4,-1,-1,-1
2016210133053,1,9,0,18,0,0,0,0,0,0,3,1,6,2,40,7,1461,2,-1,1,1,1
2016210133060,1,9,0,5,0,0,0,0,0,0,1,1,6,1,63,9,1997,2,5,9,1,9
2016210133060,2,9,0,4,0,0,0,0,0,0,4,1,6,1,33,6,1984,1,15,3,1,3
2016210133074,1,9,0,4,0,1,0,0,0,0,1,1,1,1,24,5,1206,1,6,9,1,9
2016210133074,2,9,0,3,0,1,0,0,0,0,1,1,1,2,28,6,1598,1,9,10,1,10
2016210133074,3,9,0,10,0,1,0,0,0,0,2,1,1,2,46,8,1796,1,11,-1,-1,-1
2016210133089,1,9,0,16,0,0,0,0,0,0,1,1,6,1,46,8,-1,-1,-1,10,1,10
2016210133089,2,9,0,2,0,0,0,0,0,0,1,1,6,2,-1,-1,1598,1,16,2,1,2
2016210133108,1,9,0,7,0,2,0,0,0,0,3,1,3,1,43,7,1896,2,14,6,3,6
2016210133108,2,9,0,18,0,8,0,0,0,0,4,1,2,2,43,7,1398,1,1,9,1,9
2016210133133,1,9,0,18,0,0,0,0,0,0,-1,1,1,2,50,8,-1,-1,-1,2,1,2
2016210133149,1,9,0,18,0,4,0,0,0,0,1,1,6,2,34,6,1686,2,5,2,1,2
2016210133149,2,3,0,18,0,4,0,0,0,0,4,1,6,2,48,8,124,1,3,4,1,4
2016210133211,1,9,0,9,0,8,0,0,0,0,1,1,6,2,47,8,1598,1,8,7,2,7
2016210133211,2,9,0,18,0,8,0,0,0,0,1,1,6,2,30,6,1493,2,8,-1,-1,-1
2016210133484,1,9,0,4,0,1,2,0,1,0,3,1,1,2,35,6,1461,2,1,9,1,9
2016210133635,1,9,0,5,0,1,0,0,0,0,1,1,2,1,24,5,1798,1,4,8,1,8
2016210133635,2,9,0,3,0,1,0,0,0,0,2,1,2,1,30,6,1388,1,12,1,1,1
2016210133646,1,9,0,18,0,0,0,0,0,0,1,1,6,2,24,5,-1,-1,-1,-1,-1,-1
2016210133646,2,9,0,18,0,0,0,0,0,0,1,1,6,2,22,5,1598,1,2,1,1,1
2016210133646,3,9,0,18,0,0,0,0,0,0,2,1,6,1,51,8,1997,2,3,9,1,9
2016210133792,1,9,0,18,0,1,0,0,0,0,2,1,6,1,-1,-1,1587,1,14,4,1,4
2016210133792,2,9,0,18,0,1,0,0,0,0,-1,1,6,2,40,7,1998,1,11,1,1,1
2016210133971,1,9,0,4,0,0,0,0,0,0,1,1,6,2,19,4,1242,1,9,9,1,9
2016210133971,2,9,0,3,0,0,0,0,0,0,2,1,6,1,18,4,-1,-1,-1,5,3,5
2016210133971,3,9,0,10,0,0,0,0,0,0,2,1,6,1,49,8,1149,1,10,4,1,4
2016210134026,1,9,0,9,0,0,0,0,0,0,4,1,1,2,26,6,999,1,4,9,1,9
2016210134031,1,98,0,13,0,0,0,0,0,0,3,1,1,1,39,7,-1,-1,-1,-1,-1,-1
2016210134031,2,9,0,18,0,0,0,0,0,0,4,1,1,1,44,7,1910,2,8,5,1,5
2016210134118,1,9,0,18,0,0,0,0,0,0,1,1,1,1,40,7,1995,2,6,6,3,6
2016210134118,2,1,0,5,0,0,0,0,0,0,-1,1,6,1,11,3,-1,-1,-1,5,1,5
2016210134129,1,9,0,18,0,8,0,0,0,0,1,1,6,2,29,6,1587,1,15,5,1,5
2016210134129,2,9,0,18,0,8,0,0,1,11,1,1,6,1,61,9,1399,2,8,6,1,6
2016210134208,1,9,0,5,0,8,0,0,0,0,3,1,6,2,24,5,2597,1,12,2,1,2
2016210134208,2,9,0,18,0,8,0,0,0,0,4,1,6,2,36,7,1582,2,7,1,1,1
2016210134218,1,9,0,9,0,2,0,0,0,0,3,1,6,1,80,11,2148,2,8,8,1,8
2016210134218,2,19,0,18,0,8,0,0,0,0,1,1,1,1,40,7,1753,2,13,8,1,8
2016210134219,1,9,0,18,0,0,0,0,0,0,1,1,2,1,59,9,1598,1,7,4,1,4
2016210134219,2,9,0,18,0,0,0,0,0,0,1,1,6,1,-1,-1,1995,2,2,10,2,10
2016210134270,1,9,0,9,0,1,0,0,0,0,3,1,6,2,32,6,998,1,3,10,2,10
2016210134270,2,9,0,9,0,1,0,0,0,0,3,1,6,2,50,8,1242,1,2,10,2,10
2016210134283,1,9,0,13,0,0,0,0,0,0,1,1,6,1,25,5,2993,2,4,1,1,1
2016210134283,2,9,0,18,0,0,0,0,0,0,1,1,6,1,37,7,1560,2,2,8,1,8
2016210134291,1,8,0,18,0,0,0,0,0,0,1,1,1,1,63,9,1560,2,8,6,1,6
2016210134291,2,9,0,9,0,0,0,0,0,0,4,1,6,2,62,9,1870,2,13,8,1,8
2016210134294,1,98,0,11,0,0,0,0,0,0,1,1,1,1,56,9,-1,-1,-1,-1,-1,-1
2016210134294,2,9,0,18,0,0,0,0,0,0,2,1,5,2,39,7,996,1,7,7,1,7
2016210134297,1,9,0,18,0,0,0,0,0,0,1,1,6,1,30,6,2987,2,9,7,1,7
2016210134297,2,9,0,10,0,0,0,0,0,0,2,1,2,1,49,8,1197,1,1,10,2,10
2016210134365,1,9,0,18,0,0,0,0,0,0,1,1,6,3,-1,-1,1149,1,12,-1,-1,-1
2016210134365,2,9,0,18,0,0,0,0,0,0,2,1,2,2,33,6,1597,1,17,-1,-1,-1
2016210134490,1,9,0,18,0,0,0,0,0,0,1,1,6,1,19,4,1422,2,7,9,1,9
2016210134490,2,9,0,18,0,0,0,0,0,0,1,1,6,1,18,4,1229,1,9,4,1,4
2016210134535,1,9,0,7,0,2,0,0,0,0,1,1,6,2,71,10,1598,1,12,6,1,6
2016210134535,2,9,0,18,0,8,0,0,0,0,4,1,6,1,36,7,1797,8,6,2,1,2
2016210134544,1,9,0,18,0,0,0,0,0,0,1,1,6,2,53,8,1242,1,4,2,1,2
2016210134544,2,9,0,18,0,0,0,0,0,0,4,1,6,1,49,8,2143,2,5,2,1,2
2016210134546,1,9,0,9,0,6,0,0,0,0,1,1,6,2,22,5,2204,2,10,7,3,7
2016210134546,2,9,0,18,0,8,0,0,0,0,4,1,6,2,56,9,1984,2,3,6,2,6
2016210134553,1,9,0,9,0,8,0,0,0,0,4,1,6,2,30,6,1197,1,2,1,1,1
2016210134553,2,5,0,18,0,8,0,0,0,0,1,1,1,1,34,6,1050,1,9,4,1,4
2016210134596,1,9,0,18,0,2,0,0,0,0,3,1,1,1,33,6,2993,2,2,7,1,7
2016210134596,2,1,0,18,0,2,0,0,0,0,1,1,6,1,15,3,-1,-1,-1,7,1,7
2016210134614,1,9,0,7,0,0,0,0,0,0,0,1,6,1,38,7,1968,2,5,1,1,1
2016210134614,2,1,0,13,0,0,0,0,0,0,4,1,6,1,26,6,-1,-1,-1,1,1,1
2016210134615,1,9,0,18,0,0,0,0,4,0,1,1,6,1,32,6,1398,2,4,9,1,9
2016210134615,2,21,0,2,6,0,0,0,0,0,3,1,1,1,23,5,11705,2,11,5,1,5
2016210134615,3,21,0,2,6,0,0,0,0,0,3,1,1,1,29,6,11705,2,9,-1,-1,-1
2016210134634,1,9,0,18,0,0,0,0,0,0,1,1,6,1,18,4,1198,1,4,10,1,10
2016210134634,2,9,0,18,0,0,0,0,0,0,1,1,6,2,58,9,1399,1,5,10,2,10
2016210134660,1,19,0,18,0,1,0,0,0,0,1,1,1,1,29,6,1560,2,5,-1,-1,-1
2016210134660,2,20,1,4,0,1,0,0,0,0,2,1,1,1,61,9,-1,-1,-1,3,1,3
2016210134660,3,19,0,10,0,1,0,0,0,0,0,1,1,1,38,7,2143,2,3,-1,-1,-1
2016210134666,1,9,0,4,0,1,0,0,0,0,-1,1,6,3,-1,-1,-1,-1,-1,-1,-1,-1
2016210134666,2,9,0,4,0,1,0,0,0,0,2,1,6,2,26,6,1598,1,14,5,1,5
2016210134666,3,9,0,4,0,1,0,0,0,0,1,1,6,2,-1,-1,1198,1,-1,5,1,5
2016210134678,1,9,0,18,0,8,0,0,0,0,1,1,6,2,49,8,1396,1,12,4,1,4
2016210134678,2,8,0,18,0,8,0,0,0,0,2,1,1,1,36,7,-1,-1,-1,2,1,2
2016210134692,1,9,0,-1,-1,1,0,0,0,0,-1,1,6,1,28,6,1999,1,10,1,1,1
2016210134692,2,9,0,-1,-1,1,0,-1,-1,0,-1,1,6,1,28,6,-1,-1,-1,-1,-1,-1
2016210134706,1,9,0,18,0,0,0,0,0,0,2,1,6,1,55,8,1998,2,8,1,1,1
2016210134706,2,9,0,18,0,0,0,0,0,0,1,1,6,2,20,4,999,1,-1,2,1,2
2016210134755,1,9,0,18,0,1,0,0,0,0,1,1,1,1,22,5,1896,2,9,5,2,5
2016210134755,2,9,0,18,0,1,0,0,0,0,3,1,2,1,63,9,-1,-1,-1,3,1,3
2016210134789,1,9,0,4,0,0,0,0,0,0,1,1,2,1,24,5,1199,1,15,1,1,1
2016210134789,2,9,0,3,0,0,0,0,0,0,2,1,1,1,37,7,1560,2,4,6,1,6
2016210135002,1,9,0,18,0,0,2,0,1,7,1,1,6,2,27,6,1388,1,9,2,1,2
2016210135002,2,19,0,18,0,0,0,0,4,6,1,1,6,1,41,7,1560,2,1,9,3,9
2016210135046,1,19,0,18,0,0,0,0,0,0,1,1,6,1,61,9,2143,2,6,5,2,5
2016210135046,2,9,0,18,0,0,0,0,0,0,1,1,6,1,61,9,1461,2,6,6,3,6
2016210135057,1,19,0,18,9,0,0,0,-1,0,-1,1,1,1,42,7,1968,2,12,1,1,1
2016210135093,1,9,0,9,0,8,0,0,0,0,1,1,6,1,28,6,1598,1,1,-1,-1,-1
2016210135093,2,9,0,18,0,8,0,0,0,0,1,1,6,1,23,5,1399,2,6,9,1,9
2016210135126,1,9,0,9,0,8,0,0,0,0,1,1,6,1,71,10,998,1,3,5,1,5
2016210135126,2,9,0,18,0,2,0,0,0,0,1,1,6,1,39,7,1995,2,10,3,1,3
2016210135152,1,9,0,18,0,1,0,0,0,0,1,1,3,1,59,9,1896,2,13,4,1,4
2016210135152,2,9,0,18,0,1,0,0,0,0,1,1,6,1,24,5,2521,1,10,5,1,5
2016210135214,1,3,0,18,0,3,0,0,0,0,-1,1,6,1,17,4,125,1,3,6,1,6
2016210135214,2,9,0,18,0,3,0,0,0,0,1,1,6,2,19,4,-1,-1,-1,-1,-1,-1
2016210135226,1,19,0,13,0,0,0,0,0,0,1,1,6,1,57,9,2402,2,8,3,1,3
2016210135226,2,21,1,4,0,0,0,0,0,0,2,1,1,1,52,8,12740,2,6,8,2,8
2016210135265,1,9,0,18,0,0,0,0,0,0,1,1,6,2,40,7,1397,1,9,4,1,4
2016210135265,2,9,0,2,0,0,0,0,0,0,1,1,6,2,27,6,1560,2,7,6,1,6
2016210135265,3,9,0,2,0,0,0,0,0,0,1,1,6,1,34,6,1995,2,12,6,1,6
2016210135271,1,9,0,18,0,0,0,0,0,0,1,1,6,1,59,9,1560,2,2,2,1,2
2016210135440,1,22,0,-1,-1,0,0,-1,-1,0,-1,1,6,2,85,11,-1,-1,-1,5,1,5
2016210135471,1,9,0,18,0,8,0,0,0,0,1,1,6,1,-1,-1,1598,1,13,9,1,9
2016210135471,2,9,0,18,0,3,0,0,0,0,0,1,2,2,51,8,1560,2,6,4,1,4
2016210135741,1,9,0,18,0,1,1,0,0,0,1,1,1,1,40,7,1149,1,8,9,2,9
2016210136052,1,9,0,18,0,0,0,0,0,0,1,1,6,2,57,9,998,1,2,10,2,10
2016210136052,2,9,0,18,0,0,0,0,0,0,2,1,6,2,49,8,998,1,2,6,1,6
2016210136052,3,9,0,18,0,0,0,0,0,0,1,1,6,2,19,4,998,1,10,6,1,6
2016210136072,1,9,0,18,0,4,0,0,0,0,1,1,6,1,45,7,1396,2,2,6,1,6
2016210136072,2,1,0,18,0,8,0,0,0,0,0,1,6,1,25,5,-1,-1,-1,1,1,1
2016210136081,1,9,0,9,0,1,0,0,0,0,1,1,6,2,64,9,1968,2,1,7,3,7
2016210136081,2,9,0,17,0,1,0,0,0,0,1,1,6,2,22,5,1910,2,12,7,3,7
2016210136124,1,9,0,9,0,1,0,0,0,0,4,1,2,1,79,11,1796,1,14,8,1,8
2016210136124,2,3,0,16,0,1,0,0,0,0,1,1,6,1,40,7,125,1,3,2,1,2
2016210136168,1,9,0,9,9,1,0,0,0,0,0,1,6,1,50,8,2995,1,4,7,1,7
2016210136168,2,1,0,18,0,1,0,0,0,0,0,1,1,1,47,8,-1,-1,-1,4,1,4
2016210136257,1,11,0,4,0,0,0,0,0,0,0,1,1,1,-1,-1,-1,-1,-1,9,1,9
2016210136365,1,9,0,4,0,1,1,0,0,0,1,1,5,2,48,8,1199,1,14,8,1,8
2016210136365,2,9,0,3,0,1,0,0,0,0,2,1,6,1,37,7,1910,2,8,3,1,3
2016210136392,1,9,0,18,0,0,0,0,0,0,1,1,6,2,49,8,1229,1,5,5,1,5
2016210136455,1,9,0,18,0,0,0,0,0,0,1,1,6,2,36,7,1490,1,9,5,1,5
2016210136455,2,9,0,4,0,0,0,0,0,0,2,1,6,2,63,9,1248,1,8,10,1,10
2016210136455,3,9,0,7,0,0,0,0,0,0,0,1,6,2,52,8,1984,1,11,10,1,10
2016210136456,1,9,0,11,0,3,0,0,0,0,4,1,6,2,27,6,1995,2,8,8,1,8
2016210136456,2,21,1,18,0,8,0,0,0,0,1,1,1,1,47,8,12740,2,1,1,1,1
2016210136521,1,9,0,18,0,0,0,0,0,0,1,1,6,1,37,7,1910,2,10,2,1,2
2016210136521,2,9,0,18,0,0,0,0,0,0,2,1,1,1,37,7,1998,2,6,2,1,2
2016210136581,1,9,0,18,0,1,1,0,0,0,1,1,6,1,45,7,1994,1,12,6,3,6
2016210136593,1,9,0,18,0,1,0,0,0,0,1,1,6,1,-1,-1,1796,1,15,-1,-1,-1
2016210136593,2,9,0,3,0,2,0,0,0,0,2,1,1,2,69,10,998,1,-1,7,1,7
2016210136601,1,9,0,5,0,0,0,0,0,0,1,1,6,1,-1,-1,-1,-1,-1,1,1,1
2016210136601,2,9,0,18,0,0,0,0,0,0,1,1,6,1,32,6,1968,2,10,1,1,1
2016210136641,1,9,0,5,0,2,0,0,0,0,3,1,6,1,61,9,1997,2,-1,6,1,6
2016210136641,2,3,0,18,0,8,0,0,0,0,1,1,6,1,17,4,-1,-1,-1,2,1,2
2016210136668,1,9,0,18,0,0,0,0,0,0,1,1,6,2,58,9,1753,2,6,5,1,5
2016210136693,1,9,0,10,0,6,0,0,0,0,1,1,6,2,45,7,1968,2,6,2,1,2
2016210136693,2,9,0,10,0,5,0,0,0,0,1,1,6,2,57,9,1341,1,12,-1,-1,-1
2016210136702,1,9,0,9,0,0,0,0,0,0,1,1,6,1,57,9,1896,2,6,7,1,7
2016210136705,1,9,0,18,0,0,5,0,0,0,1,1,6,1,18,4,-1,-1,-1,5,3,5