Accident_Index,Vehicle_Reference,Vehicle_Type,Towing_and_Articulation,Vehicle_Manoeuvre,Vehicle_Location-Restricted_Lane,Junction_Location,Skidding_and_Overturning,Hit_Object_in_Carriageway,Vehicle_Leaving_Carriageway,Hit_Object_off_Carriageway,1st_Point_of_Impact,Was_Vehicle_Left_Hand_Drive?,Journey_Purpose_of_Driver,Sex_of_Driver,Age_of_Driver,Age_Band_of_Driver,Engine_Capacity_(CC),Propulsion_Code,Age_of_Vehicle,Driver_IMD_Decile,Driver_Home_Area_Type,Vehicle_IMD_Decile
2016210136705,2,9,0,18,0,0,5,0,0,0,3,1,6,1,60,9,2400,2,3,3,1,3
2016210136707,1,21,0,11,0,0,0,0,0,0,3,1,1,1,60,9,16400,2,-1,10,2,10
2016210136707,2,9,0,18,0,0,0,0,0,0,4,1,2,1,30,6,1399,1,-1,4,2,4
2016210136718,1,5,0,13,0,0,0,0,7,0,1,1,1,1,64,9,800,1,15,9,1,9
2016210136718,2,21,0,13,0,0,0,0,0,0,0,1,1,1,34,6,12740,2,2,7,1,7
2016210136741,1,9,0,18,0,8,0,0,0,0,1,1,6,1,70,10,1499,2,3,9,1,9
2016210136741,2,9,0,18,0,4,0,0,0,0,4,1,6,2,64,9,2179,2,2,9,2,9
2016210136744,1,9,0,9,0,2,0,0,0,0,3,1,6,1,80,11,1968,2,-1,6,1,6
2016210136744,2,23,0,18,0,1,0,0,0,0,1,1,6,1,69,10,-1,-1,-1,-1,-1,-1
2016210136758,1,9,0,-1,-1,-1,0,-1,-1,0,-1,1,6,2,26,6,1596,1,14,3,1,3
2016210136758,2,9,0,-1,-1,-1,0,-1,-1,0,-1,1,6,1,66,10,1560,2,-1,8,1,8
2016210136813,1,9,0,9,0,2,0,0,0,0,3,1,2,1,64,9,1587,1,15,1,1,1
2016210136813,2,9,0,18,0,8,0,0,0,0,1,1,6,2,23,5,998,1,7,9,3,9
2016210136815,1,9,0,9,0,8,0,0,0,0,3,1,6,1,24,5,1999,2,8,2,1,2
2016210136815,2,9,0,18,0,8,0,0,0,0,4,1,6,1,-1,-1,1149,1,13,1,1,1
2016210136894,1,9,0,18,0,0,0,0,0,0,1,1,6,1,-1,-1,1596,1,15,2,1,2
2016210136894,2,9,0,3,0,0,0,0,0,0,2,1,6,2,45,7,1364,1,7,1,1,1
2016210136960,1,9,0,18,0,0,0,0,0,0,1,1,6,1,52,8,-1,-1,-1,4,2,4
2016210136960,2,9,0,4,0,0,0,0,0,0,1,1,6,1,53,8,-1,-1,-1,8,1,8
2016210136975,1,9,0,9,0,1,0,0,0,0,1,1,6,1,27,6,1997,1,10,3,1,3
2016210136975,2,9,0,18,0,1,0,0,0,0,1,1,6,1,21,5,1198,1,13,9,1,9
2016210136993,1,9,0,14,0,8,0,0,0,0,4,1,6,2,74,10,1248,1,7,10,1,10
2016210136993,2,9,0,9,0,8,0,0,0,0,3,1,6,1,22,5,1595,1,4,4,1,4
2016210137013,1,21,0,18,0,0,0,0,1,0,1,1,6,1,41,7,-1,-1,-1,8,3,8
2016210137026,1,9,0,18,0,8,0,0,0,0,4,1,6,1,21,5,1390,1,16,1,1,1
2016210137026,2,9,0,18,0,8,0,0,0,0,1,1,6,1,43,7,1968,2,4,1,1,1
2016210137026,3,9,0,18,0,8,0,0,0,0,1,1,6,1,54,8,2429,1,9,-1,-1,-1
2016210137049,1,9,0,18,0,0,0,0,0,0,1,1,1,2,57,9,1598,2,1,2,1,2
2016210137055,1,9,0,18,0,0,0,0,0,0,1,1,1,1,53,8,2987,2,6,2,1,2
2016210137055,2,9,0,18,0,0,0,0,0,0,1,1,1,2,45,7,998,1,3,10,1,10
2016210137055,3,9,0,18,0,0,0,0,0,0,2,1,1,2,21,5,1199,1,12,10,1,10
2016210137067,1,9,0,18,0,0,0,0,0,0,1,1,6,1,19,4,1364,1,7,9,1,9
2016210137090,1,9,0,9,0,8,0,0,0,0,1,1,6,1,45,7,1999,1,9,-1,-1,-1
2016210137090,2,9,0,18,0,8,0,0,0,0,1,1,2,2,23,5,1390,1,3,-1,-1,-1
2016210137106,1,9,0,18,0,1,0,0,0,0,1,1,6,1,56,9,1598,1,11,2,1,2
2016210137106,2,9,0,18,0,1,0,0,0,0,1,1,1,1,41,7,2204,2,9,1,1,1
2016210137136,1,9,0,9,0,2,0,0,0,0,3,1,6,1,32,6,1199,1,13,9,1,9
2016210137136,2,9,0,18,0,8,0,0,0,0,1,1,2,1,27,6,1560,2,9,1,1,1
2016210137147,1,9,0,17,0,0,0,0,0,0,1,1,6,1,61,9,1796,1,9,10,2,10
2016210137171,1,9,0,18,0,4,0,9,0,0,1,1,2,1,55,8,1598,2,-1,4,1,4
2016210137321,1,21,1,18,0,1,0,0,0,0,1,1,1,1,55,8,12740,2,3,7,2,7
2016210137321,2,20,0,3,0,1,0,0,0,0,2,1,1,1,56,9,8970,2,12,8,1,8
2016210137321,3,20,1,3,0,1,0,0,0,0,2,1,1,1,22,5,-1,-1,-1,-1,-1,-1
2016210137476,1,9,0,18,0,0,0,7,0,0,1,1,6,2,83,11,1229,1,3,8,1,8
2016210137502,1,9,0,13,0,1,0,0,0,0,1,1,2,1,23,5,1796,1,11,9,3,9
2016210137502,2,17,0,7,0,1,0,0,0,0,4,1,1,1,43,7,-1,-1,-1,1,1,1
2016210137505,1,9,0,9,0,8,0,0,0,0,1,1,6,1,38,7,-1,-1,-1,3,1,3
2016210137505,2,9,0,3,0,1,0,0,0,0,0,1,6,2,56,9,1364,1,8,6,1,6
2016210137577,1,9,0,18,0,0,0,0,0,0,1,1,6,1,28,6,1997,2,-1,5,1,5
2016210137577,2,9,0,18,0,0,0,0,0,0,2,1,6,1,33,6,1798,1,9,5,1,5
2016210137601,1,9,0,18,0,1,0,0,0,0,1,1,6,2,21,5,999,1,3,-1,-1,-1
2016210137610,1,3,0,18,0,0,0,10,1,0,4,1,2,1,17,4,125,1,-1,8,3,8
2016210137619,1,19,0,7,0,3,0,0,0,0,1,1,6,1,35,6,2151,2,12,6,1,6
2016210137619,2,9,0,7,0,3,0,0,0,0,3,1,6,1,48,8,1339,1,7,4,1,4
2016210137644,1,9,0,18,0,0,0,0,0,0,1,1,6,1,28,6,1968,2,7,4,1,4
2016210137647,1,3,0,18,0,0,0,0,0,0,1,1,6,1,21,5,125,1,3,2,1,2
2016210137647,2,9,0,3,0,0,0,0,0,0,2,1,6,1,67,10,1796,1,8,5,1,5
2016210137648,1,9,0,18,0,0,0,0,0,0,1,1,2,2,22,5,1197,1,4,9,1,9
2016210137648,2,9,0,4,0,0,0,0,0,0,2,1,1,2,48,8,1242,1,4,3,1,3
2016210137658,1,9,0,9,0,1,0,0,0,0,1,1,6,1,45,7,2495,2,17,7,1,7
2016210137664,1,9,0,18,0,1,0,0,0,0,1,1,1,2,22,5,1242,1,8,1,1,1
2016210137664,2,9,0,18,0,1,0,0,0,0,2,1,1,2,45,7,1242,1,1,4,1,4
2016210137665,1,9,0,9,0,1,0,0,0,0,1,1,6,1,25,5,-1,-1,-1,4,1,4
2016210137665,2,9,0,18,0,1,0,0,0,0,1,1,6,1,76,11,1798,2,4,10,2,10
2016210137706,1,9,0,18,0,0,0,0,0,0,-1,1,6,3,-1,-1,-1,-1,-1,-1,-1,-1
2016210137713,1,9,0,13,0,0,0,0,0,0,1,1,6,1,27,6,1968,2,6,1,1,1
2016210137713,2,9,0,17,0,0,0,0,0,0,0,1,6,1,25,5,1598,1,11,9,1,9
2016210137741,1,9,0,18,0,1,0,0,0,0,1,1,6,1,22,5,1587,1,19,9,1,9
2016210137741,2,9,0,18,0,1,0,0,0,0,2,1,6,2,25,5,1997,2,8,9,1,9
2016210137869,1,-1,0,18,0,1,0,0,0,0,1,1,6,1,-1,-1,-1,-1,-1,-1,-1,-1
2016210137886,1,19,0,18,0,0,0,0,0,0,1,1,1,1,53,8,1560,2,4,3,1,3
2016210137886,2,19,0,18,0,0,0,0,0,0,2,1,1,1,54,8,1753,2,7,3,1,3
2016210137975,1,9,0,18,0,0,0,0,0,0,1,1,6,1,49,8,-1,-1,-1,2,1,2
2016210137975,2,9,0,18,0,0,0,0,0,0,1,1,6,2,29,6,2487,2,16,4,1,4
2016210137991,1,9,0,18,0,1,0,0,0,0,1,1,6,1,-1,-1,1598,1,9,10,2,10
2016210137991,2,9,0,18,0,1,0,0,0,0,3,1,6,1,29,6,1995,2,2,4,1,4
2016210137999,1,9,0,9,0,1,0,0,0,0,1,1,6,1,48,8,1560,2,10,2,1,2
2016210137999,2,9,0,18,0,1,0,0,0,0,1,1,6,1,22,5,998,1,11,9,1,9
2016210138003,1,21,0,16,0,7,0,0,0,0,3,1,1,1,50,8,10677,2,2,7,1,7
2016210138003,2,9,0,16,0,7,0,0,7,0,1,1,6,1,23,5,1229,1,1,2,1,2
2016210138080,1,98,0,18,0,1,0,0,0,0,-1,1,1,1,31,6,-1,-1,-1,-1,-1,-1
2016210138080,2,9,0,18,0,1,0,0,0,0,1,1,6,2,64,9,1400,2,11,4,1,4
2016210138102,1,9,0,9,0,0,0,0,0,0,1,1,6,2,51,8,1149,1,11,1,1,1
2016210138102,2,5,0,18,0,0,0,0,0,0,3,1,6,1,25,5,636,1,1,6,3,6
2016210138316,1,9,0,18,0,1,1,0,0,0,1,1,6,2,18,4,1199,1,15,2,1,2
2016210138336,1,1,0,18,0,1,0,0,0,0,1,1,6,1,-1,-1,-1,-1,-1,-1,-1,-1
2016210138336,2,9,0,18,0,1,0,0,0,0,1,1,6,2,36,7,1997,2,12,2,1,2
2016210138364,1,-1,0,-1,-1,0,0,-1,-1,0,-1,1,6,3,-1,-1,-1,-1,-1,-1,-1,-1
2016210138445,1,9,0,9,0,1,0,0,0,0,1,1,6,1,18,4,1198,1,14,5,1,5
2016210138445,2,3,0,18,0,1,1,0,0,0,1,1,2,1,19,4,125,1,4,1,1,1
2016210138449,1,9,0,2,0,0,0,0,0,0,2,1,2,2,38,7,1596,1,11,7,1,7
2016210138449,2,9,0,18,0,0,0,0,1,0,1,1,6,1,57,9,1968,2,9,4,1,4
2016210138462,1,9,0,18,0,0,0,0,0,0,1,1,6,1,36,7,1598,1,14,1,1,1
2016210138462,2,9,0,4,0,0,0,0,0,0,2,1,6,1,23,5,998,1,1,7,1,7
2016210138496,1,9,0,16,0,0,0,0,0,0,1,1,6,1,-1,-1,1995,1,6,7,1,7
2016210138496,2,9,0,3,0,0,0,0,0,0,2,1,6,1,51,8,1968,2,4,7,1,7
2016210138508,1,9,0,-1,0,0,0,0,0,0,1,1,6,1,37,7,1584,1,10,1,1,1
2016210138508,2,21,0,-1,0,0,0,0,0,0,1,1,1,1,30,6,12777,2,5,-1,-1,-1
2016210138555,1,1,0,18,0,1,0,0,0,0,1,1,6,1,32,6,-1,-1,-1,4,1,4
2016210138555,2,9,0,18,0,1,0,0,0,0,4,1,6,1,19,4,1242,1,12,8,3,8
2016210138654,1,9,0,18,0,0,0,0,0,0,4,1,6,1,77,11,999,1,1,-1,-1,-1
2016210138665,1,19,0,18,0,0,0,0,0,0,1,1,1,1,44,7,1997,2,10,1,1,1
2016210138665,2,8,0,18,0,0,0,0,0,0,1,1,1,1,40,7,1896,2,9,1,1,1
2016210138708,1,9,0,5,0,1,0,0,0,0,1,1,6,2,37,7,1360,1,14,3,1,3
2016210138759,1,9,0,18,0,1,0,0,0,0,1,1,6,1,31,6,1956,2,2,10,2,10
2016210138759,2,9,0,18,0,1,0,0,0,0,2,1,6,1,44,7,1995,2,4,9,1,9
2016210138764,1,9,0,18,0,0,0,0,0,0,1,1,6,1,80,11,2400,2,-1,1,1,1
2016210138764,2,9,0,18,0,0,0,0,0,0,3,1,6,1,78,11,2400,2,8,9,1,9
2016210138764,3,9,0,18,0,0,0,0,0,0,3,1,6,2,63,9,1248,1,4,6,1,6
2016210138782,1,19,0,18,0,0,0,0,0,0,1,1,1,1,28,6,1996,2,2,1,1,1
2016210138782,2,9,0,18,0,0,0,0,0,0,1,1,6,1,25,5,999,1,2,9,3,9
2016210138798,1,9,0,4,0,0,0,0,0,0,3,1,6,2,49,8,1582,2,3,9,1,9
2016210138798,2,1,0,18,0,0,0,0,0,0,4,1,6,1,16,4,-1,-1,-1,5,1,5
2016210138807,1,9,0,18,0,0,0,0,0,0,1,1,6,1,32,6,2993,2,7,2,1,2
2016210138858,1,9,0,4,0,1,0,0,0,0,1,1,6,2,36,7,1499,1,-1,9,1,9
2016210138858,2,8,0,10,0,1,0,0,0,0,2,1,1,1,48,8,1896,2,9,1,1,1
2016210138867,1,9,0,10,0,1,0,0,0,0,1,1,6,1,24,5,2521,1,8,4,2,4
2016210138867,2,9,0,18,0,1,0,0,0,0,2,1,6,2,52,8,1242,1,4,8,1,8
2016210138867,3,9,0,18,0,1,0,0,0,0,1,1,6,2,51,8,2143,2,6,-1,-1,-1
2016210138965,1,-1,0,5,0,4,0,0,0,0,0,1,6,1,-1,-1,-1,-1,-1,-1,-1,-1
2016210138965,2,3,0,18,0,8,0,0,0,0,1,1,6,1,23,5,124,1,2,4,1,4
2016210138967,1,9,0,18,0,0,0,0,0,0,1,1,6,1,49,8,2777,2,6,5,1,5
2016210138967,2,9,0,18,0,0,0,0,0,0,2,1,6,1,54,8,1896,2,11,9,1,9
2016210138996,1,21,0,12,0,0,0,0,0,0,-1,1,1,1,46,8,12419,2,2,-1,-1,-1
2016210138996,2,9,0,18,0,0,0,0,0,0,4,1,2,1,52,8,1229,1,3,1,1,1
2016210139001,1,9,0,9,0,8,0,0,0,0,4,1,3,2,69,10,1149,1,8,1,1,1
2016210139018,1,9,0,5,0,4,0,0,0,0,3,1,6,1,75,10,2198,7,15,3,1,3
2016210139018,2,97,0,18,0,8,0,0,0,0,4,1,6,1,16,4,50,1,4,6,3,6
2016210139028,1,9,0,-1,-1,-1,0,-1,-1,0,-1,1,2,1,23,5,1242,1,11,6,1,6
2016210139028,2,8,0,-1,-1,-1,0,-1,-1,0,-1,1,2,1,37,7,1584,1,8,4,1,4
2016210139056,1,9,0,18,0,0,1,0,0,0,1,1,6,2,36,7,1360,1,13,-1,-1,-1
2016210139075,1,9,0,-1,-1,-1,0,-1,-1,0,-1,1,1,2,33,6,1240,1,12,1,1,1
2016210139075,2,9,0,-1,-1,-1,0,-1,-1,0,-1,1,3,1,27,6,1461,2,1,5,1,5
2016210139204,1,9,0,6,0,0,0,0,0,0,4,1,1,1,37,7,1590,1,16,2,1,2
2016210139204,2,2,0,18,0,0,0,0,0,0,3,1,6,1,16,4,49,1,6,6,1,6
2016210139213,1,9,0,18,0,0,0,0,0,0,1,1,6,1,68,10,1242,1,10,2,1,2
2016210139213,2,9,0,4,0,0,0,0,0,0,2,1,6,2,49,8,1197,1,-1,2,1,2
2016210139230,1,3,0,18,0,0,1,0,0,0,1,1,6,2,17,4,124,1,19,6,1,6
2016210139230,2,9,0,2,0,0,0,0,0,0,2,1,6,2,-1,-1,1997,2,4,6,1,6
2016210139250,1,9,0,18,0,0,0,0,0,0,1,1,6,1,21,5,1149,1,15,2,1,2
2016210139257,1,9,0,18,0,0,0,0,0,0,1,1,6,1,20,4,1398,1,-1,6,2,6
2016210139257,2,9,0,18,0,0,0,0,0,0,1,1,6,2,26,6,1360,1,5,3,1,3
2016210139262,1,20,1,17,0,0,0,0,1,0,1,1,1,1,42,7,7698,2,3,3,1,3
2016210139262,2,17,1,16,0,0,0,0,1,0,3,1,1,1,47,8,-1,-1,-1,7,3,7
2016210139263,1,11,0,18,0,0,0,0,0,0,1,1,1,1,44,7,3900,2,11,8,2,8
2016210139309,1,5,0,18,0,0,0,0,0,0,3,1,6,1,26,6,689,1,-1,1,1,1
2016210139309,2,9,0,2,0,0,0,0,0,0,2,1,6,1,-1,-1,-1,-1,-1,4,1,4
2016210139313,1,9,0,18,0,2,0,0,0,0,1,1,6,1,71,10,2500,6,19,10,2,10
2016210139313,2,9,0,18,0,8,0,0,0,0,1,1,3,1,36,7,1991,2,9,10,3,10
2016210139317,1,9,0,18,0,0,0,0,1,0,1,1,6,1,18,4,1198,1,12,7,1,7
2016210139334,1,19,0,18,0,1,0,0,0,0,1,1,6,1,25,5,1868,2,14,1,1,1
2016210139334,2,19,0,18,0,-1,0,0,0,0,1,1,2,1,49,8,1998,2,11,-1,-1,-1
2016210139334,3,9,0,18,0,-1,0,0,0,0,2,1,6,2,-1,-1,1587,1,11,2,1,2
2016210139334,4,9,0,18,0,-1,0,0,0,0,2,1,6,1,-1,-1,1998,2,10,1,1,1
2016210139336,1,9,0,17,0,1,0,0,1,0,1,1,6,1,30,6,998,1,10,6,1,6
2016210139336,2,9,0,16,0,1,0,0,0,0,1,1,6,1,53,8,1685,2,2,9,2,9
2016210139340,1,9,0,18,0,0,0,0,0,0,1,1,6,1,23,5,1560,2,4,2,1,2
2016210139340,2,9,0,18,0,0,0,0,0,0,1,1,6,1,37,7,1997,2,14,3,1,3
2016210139345,1,9,0,9,0,2,0,0,0,0,3,1,6,1,17,4,1229,1,11,7,3,7
2016210139345,2,5,0,18,0,1,1,0,0,0,1,1,6,1,54,8,883,1,31,9,2,9
2016210139358,1,9,0,18,0,0,0,0,0,0,1,1,6,1,87,11,1360,1,6,9,1,9
2016210139358,2,9,0,18,0,0,0,0,0,0,1,1,6,2,53,8,1999,2,-1,3,1,3
2016210139378,1,9,0,17,0,0,2,0,0,0,1,1,6,1,26,6,1991,1,17,-1,-1,-1
2016210139455,1,9,0,18,-1,-1,0,-1,-1,0,-1,1,6,1,18,4,1598,1,14,8,1,8
2016210139455,2,19,0,3,-1,-1,0,-1,-1,0,-1,1,6,1,56,9,1560,2,2,-1,-1,-1
2016210139455,3,9,0,18,-1,-1,0,-1,-1,0,-1,1,1,1,52,8,2993,2,2,7,1,7
2016210139457,1,9,0,-1,-1,0,0,-1,-1,0,-1,1,6,1,23,5,1598,1,13,7,1,7
2016210139457,2,1,0,18,0,0,0,-1,-1,0,1,1,5,1,27,6,-1,-1,-1,1,1,1
2016210139531,1,9,0,18,0,0,0,0,0,0,4,1,6,1,18,4,998,1,2,8,1,8
2016210139632,1,97,0,18,0,0,0,0,0,0,1,1,6,1,16,4,50,1,5,3,1,3
2016210139693,1,9,0,9,0,6,0,0,0,0,1,1,6,2,18,4,998,1,10,6,1,6
2016210139693,2,9,0,18,0,2,0,0,0,0,1,1,6,1,61,9,1596,1,13,6,1,6
2016210139706,1,9,0,18,0,0,0,10,1,0,3,1,6,2,17,4,1240,1,11,7,2,7
2016210139713,1,98,0,7,0,8,0,0,0,0,4,1,6,1,-1,-1,-1,-1,-1,-1,-1,-1
2016210139713,2,1,0,18,0,8,0,0,0,0,1,1,2,1,41,7,-1,-1,-1,2,1,2
2016210139752,1,9,0,14,0,0,0,0,0,0,1,1,6,2,48,8,1598,2,5,8,1,8
2016210139752,2,9,0,18,0,0,0,0,0,0,1,1,6,1,29,6,1598,1,11,6,1,6
2016210139886,1,3,0,14,0,0,0,0,0,0,1,1,6,1,32,6,125,1,-1,8,1,8
2016210139886,2,9,0,2,0,0,0,0,0,0,3,1,6,2,60,9,1197,1,2,5,2,5
2016210139964,1,9,0,18,0,1,0,4,0,0,1,1,6,2,52,8,698,1,12,1,1,1
2016210139964,2,19,0,2,0,1,0,0,0,0,2,1,1,1,47,8,2143,2,1,5,1,5
2016210140016,1,9,0,9,0,2,0,0,0,0,1,1,6,2,24,5,1896,2,18,2,1,2
2016210140016,2,9,0,18,0,1,0,0,0,0,1,1,6,1,47,8,1968,2,5,3,1,3
2016210140052,1,9,0,18,0,1,0,0,0,0,1,1,6,2,-1,-1,2179,2,5,6,2,6
2016210140052,2,9,0,3,0,1,0,0,0,0,1,1,6,1,21,5,1995,2,9,8,3,8
2016210140052,3,9,0,10,0,1,0,0,0,0,2,1,6,2,-1,-1,1995,2,3,3,1,3
2016210140235,1,3,0,17,0,0,0,0,0,0,4,1,6,1,29,6,125,1,10,10,2,10
2016210140333,1,9,0,18,0,0,0,0,0,0,1,1,6,1,25,5,1388,1,14,1,1,1
2016210140333,2,9,0,18,0,0,0,0,0,0,2,1,6,1,63,9,1995,2,2,5,1,5
2016210140338,1,9,0,18,0,8,0,0,0,0,2,1,1,1,30,6,2199,2,8,1,1,1
2016210140338,2,98,1,7,0,3,0,0,0,0,1,1,1,1,48,8,-1,-1,-1,-1,1,-1
2016210140352,1,19,0,4,0,0,0,0,0,0,2,1,6,1,61,9,1461,2,5,5,3,5
2016210140352,2,1,0,18,0,0,0,0,0,0,1,1,6,1,60,9,-1,-1,-1,10,3,10
2016210140358,1,9,0,14,0,0,0,0,0,0,1,1,6,2,29,6,1896,2,12,10,3,10
2016210140358,2,9,0,9,0,0,0,0,0,0,1,1,6,2,69,10,1242,1,10,8,2,8
2016210140358,3,21,0,2,0,0,0,0,0,0,4,1,1,1,32,6,5880,2,11,3,2,3
2016210140366,1,9,0,18,0,0,0,0,0,0,0,1,6,3,-1,-1,-1,-1,-1,-1,-1,-1
2016210140366,2,9,0,18,0,0,0,0,0,0,1,1,6,2,26,6,1398,1,15,3,1,3
2016210140369,1,9,0,18,0,8,0,0,0,0,1,1,6,2,51,8,1796,1,12,5,1,5
2016210140369,2,9,0,18,0,8,0,0,0,0,3,1,6,2,74,10,1595,1,9,9,1,9
2016210140376,1,9,0,1,0,0,0,0,0,0,2,1,6,1,82,11,1560,2,2,9,1,9
2016210140382,1,9,0,9,0,1,0,0,0,0,4,1,6,2,34,6,1360,1,10,3,1,3
2016210140382,2,3,0,18,0,1,0,0,0,0,1,1,6,1,31,6,125,1,1,6,1,6
2016210140391,1,9,0,18,0,0,0,0,0,0,1,1,6,2,37,7,1149,1,10,8,1,8
2016210140391,2,19,0,2,0,0,0,0,0,0,1,1,6,1,35,6,2143,2,5,1,1,1
2016210140408,1,19,0,18,0,0,0,0,0,0,1,1,1,1,22,5,1686,2,5,2,1,2
2016210140408,2,9,0,4,0,0,0,0,0,0,2,1,2,2,50,8,1796,1,14,3,1,3
2016210140411,1,9,0,7,0,1,0,0,0,0,1,1,6,2,25,5,1149,1,14,10,1,10
2016210140411,2,9,0,18,0,1,0,0,0,0,1,1,6,2,30,6,1999,2,1,10,1,10
2016210140425,1,9,0,18,0,1,0,0,0,0,1,1,6,1,23,5,1197,1,-1,6,1,6
2016210140425,2,9,0,18,0,1,0,0,0,0,1,1,6,1,47,8,-1,-1,-1,10,1,10
2016210140574,1,9,0,13,0,0,0,0,0,0,1,1,6,3,-1,-1,-1,-1,-1,-1,-1,-1
2016210140574,2,3,0,18,0,0,0,0,0,0,2,1,6,1,27,6,125,1,8,6,3,6
2016210140627,1,9,0,18,0,1,0,0,0,0,0,1,6,2,55,8,1988,1,12,9,1,9
2016210140627,2,3,0,8,0,1,0,0,0,0,1,1,6,1,58,9,124,1,4,4,1,4
2016210140692,1,9,0,5,0,2,0,0,0,0,0,1,6,3,-1,-1,-1,-1,-1,-1,-1,-1
2016210140692,2,9,0,12,0,8,0,0,0,0,2,1,6,2,48,8,1461,2,3,10,3,10
2016210140692,3,5,0,18,0,8,0,0,0,0,1,1,6,1,49,8,1084,1,14,1,1,1
2016210140703,1,9,0,7,0,8,0,0,0,0,1,1,6,1,21,5,999,1,1,10,1,10
2016210140703,2,9,0,17,0,8,0,0,0,0,3,1,6,2,23,5,1229,1,7,10,1,10
2016210140814,1,9,0,-1,-1,0,0,-1,-1,0,-1,1,6,3,-1,-1,1968,2,2,-1,-1,-1
2016210141050,1,9,0,9,0,8,0,0,0,0,1,1,6,2,25,5,1397,1,8,7,3,7
2016210141050,2,9,0,18,0,8,0,0,0,0,3,1,6,1,46,8,2402,2,8,6,3,6
2016210141068,1,9,0,18,0,0,0,0,0,0,-1,1,6,1,31,6,2179,2,1,7,1,7
2016210141068,2,9,0,18,0,0,0,0,0,0,1,1,6,1,42,7,2792,1,21,2,1,2
2016210141098,1,9,0,18,0,0,0,0,0,0,1,1,6,2,30,6,1781,1,14,6,3,6
2016210141098,2,9,0,18,0,0,0,0,0,0,1,1,6,2,31,6,1560,2,11,7,1,7
2016210141301,1,9,0,18,0,0,0,0,0,0,1,1,6,1,32,6,1999,1,10,2,1,2
2016210141301,2,9,0,4,0,0,0,0,0,0,2,1,6,1,31,6,1968,2,7,2,1,2
2016210141420,1,9,0,18,0,1,0,0,0,0,1,1,6,1,69,10,2720,2,11,8,3,8
2016210141420,2,19,0,2,0,1,0,0,0,0,2,1,6,1,47,8,2198,2,9,10,1,10
2016210141420,3,90,0,2,0,1,0,0,0,0,2,1,6,3,-1,-1,2198,2,-1,-1,-1,-1
2016210141423,1,5,0,14,0,0,0,0,0,0,1,1,1,1,36,7,738,1,16,5,1,5
2016210141423,2,9,0,5,0,0,0,0,0,0,1,1,1,1,28,6,1596,1,7,6,1,6
2016210141484,1,98,0,12,0,0,0,0,0,0,1,1,6,1,-1,-1,-1,-1,-1,-1,-1,-1
2016210141484,2,9,0,18,0,0,0,0,0,0,2,1,6,1,51,8,1560,2,5,4,1,4
2016210141506,1,9,0,18,0,0,5,0,1,0,1,1,6,1,39,7,1598,1,9,2,1,2
2016210141539,1,90,0,12,0,0,0,0,0,0,1,1,6,1,44,7,-1,-1,-1,-1,-1,-1
2016210141539,2,9,0,18,0,0,0,0,0,0,1,1,6,1,69,10,1985,1,14,-1,3,-1
2016210141573,1,9,0,18,0,0,2,0,1,0,4,1,6,1,22,5,1910,2,8,2,1,2
2016210141662,1,9,0,18,0,0,0,0,0,0,1,1,6,2,20,4,998,1,7,9,1,9
2016210141664,1,9,0,9,0,1,0,0,0,0,1,1,6,1,69,10,1896,2,9,4,1,4
2016210141664,2,9,0,13,0,1,0,0,0,0,3,1,6,1,44,7,1299,1,12,3,1,3
2016210141664,3,9,0,18,0,1,0,0,0,0,0,1,6,1,43,7,1997,1,9,7,1,7
2016210141812,1,1,0,18,0,0,0,0,0,0,1,1,6,1,51,8,-1,-1,-1,8,2,8
2016210141812,2,9,0,2,0,0,0,0,0,0,3,1,6,2,21,5,1596,1,14,9,2,9
2016210141822,1,8,0,-1,-1,0,0,-1,-1,0,-1,1,6,1,-1,-1,1686,2,12,2,1,2
2016210141827,1,9,0,18,0,0,0,0,0,0,4,1,6,1,47,8,1399,2,11,3,1,3
2016210141881,1,9,0,18,0,1,0,0,0,0,0,1,2,1,44,7,2171,1,14,2,1,2
2016210141883,1,-1,0,18,0,0,0,0,0,0,1,1,6,3,-1,-1,-1,-1,-1,-1,-1,-1
2016210141908,1,9,0,18,0,0,0,0,0,0,3,1,2,1,50,8,2171,1,11,6,1,6
2016210141980,1,9,0,18,0,0,0,0,0,0,4,1,6,2,45,7,995,1,8,1,1,1
2016210141992,1,-1,0,18,9,0,0,0,-1,0,-1,1,6,3,-1,-1,-1,-1,-1,-1,-1,-1
2016210142015,1,9,0,5,0,0,0,0,0,0,0,1,6,1,77,11,1396,1,2,5,1,5
2016210142015,2,3,0,18,0,0,0,0,0,0,1,1,6,1,17,4,124,1,5,2,1,2
2016210142015,3,3,0,18,0,0,0,0,0,0,0,1,6,1,19,4,124,1,1,2,1,2
2016210142048,1,9,0,5,0,1,0,0,0,0,1,1,6,1,58,9,998,1,4,4,1,4
2016210142048,2,9,0,18,0,1,0,0,0,0,1,1,6,2,58,9,1794,1,13,10,1,10
2016210142279,1,9,0,18,0,8,0,0,0,0,1,1,6,1,29,6,1396,1,17,9,1,9
2016210142279,2,9,0,9,0,8,0,0,0,0,2,1,6,2,44,7,2231,2,9,5,2,5