Accident_Index,Vehicle_Reference,Vehicle_Type,Towing_and_Articulation,Vehicle_Manoeuvre,Vehicle_Location-Restricted_Lane,Junction_Location,Skidding_and_Overturning,Hit_Object_in_Carriageway,Vehicle_Leaving_Carriageway,Hit_Object_off_Carriageway,1st_Point_of_Impact,Was_Vehicle_Left_Hand_Drive?,Journey_Purpose_of_Driver,Sex_of_Driver,Age_of_Driver,Age_Band_of_Driver,Engine_Capacity_(CC),Propulsion_Code,Age_of_Vehicle,Driver_IMD_Decile,Driver_Home_Area_Type,Vehicle_IMD_Decile
2016210142397,1,9,0,9,0,0,0,0,0,0,1,1,6,1,21,5,1229,1,2,9,1,9
2016210142427,1,9,0,18,0,1,0,0,0,0,1,1,6,3,-1,-1,1596,1,18,-1,-1,-1
2016210142427,2,9,0,18,0,1,0,0,0,0,1,1,6,1,43,7,1956,2,5,2,1,2
2016210142430,1,9,0,18,0,8,0,0,0,0,1,1,6,2,82,11,1229,1,9,8,1,8
2016210142430,2,9,0,9,0,8,0,0,0,0,1,1,6,1,77,11,875,1,3,4,1,4
2016210142434,1,19,0,18,0,0,0,0,0,0,1,1,6,1,28,6,1560,2,-1,9,1,9
2016210142434,2,9,0,4,0,0,0,0,0,0,2,1,6,1,24,5,1686,2,15,3,1,3
2016210142460,1,9,0,18,0,1,0,0,0,0,1,1,6,1,32,6,1956,2,3,7,1,7
2016210142504,1,9,0,18,0,3,0,0,0,0,3,1,6,2,41,7,1796,1,6,6,1,6
2016210142504,2,3,0,9,0,3,0,0,0,0,2,1,6,1,19,4,124,1,-1,3,1,3
2016210142546,1,9,0,9,0,1,0,0,0,0,4,1,6,2,61,9,1242,1,6,5,3,5
2016210142546,2,9,0,18,0,1,0,0,0,0,1,1,6,2,35,6,1997,2,-1,3,2,3
2016210142671,1,9,0,18,0,0,0,0,0,0,1,1,5,1,41,7,1329,1,1,2,1,2
2016210142671,2,98,0,3,0,0,0,0,0,0,2,1,1,1,55,8,-1,-1,-1,1,1,1
2016210142767,1,9,0,18,0,1,0,0,0,0,1,1,6,1,23,5,1910,2,8,7,1,7
2016210142767,2,1,0,18,0,1,0,0,0,0,4,1,6,1,44,7,-1,-1,-1,7,1,7
2016210142768,1,9,0,4,0,4,0,0,0,0,1,1,6,1,25,5,1998,2,12,-1,-1,-1
2016210142768,2,9,0,4,0,4,0,0,0,0,2,1,1,1,28,6,1995,2,4,6,1,6
2016210142810,1,9,0,18,0,1,0,0,0,0,1,1,6,2,37,7,1896,2,11,7,1,7
2016210142810,2,1,0,18,0,1,0,0,0,0,4,1,6,1,43,7,-1,-1,-1,4,1,4
2016210142810,3,1,0,18,0,1,0,0,0,0,4,1,6,1,26,6,-1,-1,-1,-1,-1,-1
2016210142826,1,9,0,18,0,0,0,0,0,0,4,1,6,3,-1,-1,-1,-1,-1,-1,-1,-1
2016210142843,1,9,0,10,0,1,0,0,0,0,1,1,6,1,64,9,1998,1,11,8,1,8
2016210142843,2,5,0,3,0,1,0,0,0,0,1,1,6,1,32,6,599,1,17,4,1,4
2016210142865,1,9,0,18,0,0,0,0,0,0,1,1,6,1,57,9,2204,2,6,1,1,1
2016210142865,2,9,0,4,0,0,0,0,0,0,2,1,6,2,27,6,1399,1,-1,1,1,1
2016210142889,1,9,0,9,0,8,0,0,0,0,1,1,6,1,24,5,-1,-1,-1,8,3,8
2016210142889,2,9,0,18,0,8,0,0,0,0,1,1,3,1,37,7,2199,2,2,7,1,7
2016210142940,1,9,0,18,0,1,0,0,0,0,1,1,6,3,-1,-1,1910,2,11,-1,-1,-1
2016210142940,2,9,0,18,0,1,0,0,0,0,1,1,6,1,26,6,1968,2,9,4,1,4
2016210142978,1,9,0,18,0,1,0,0,0,0,1,1,6,1,31,6,1995,2,4,1,1,1
2016210142978,2,8,0,18,0,1,0,0,0,0,1,1,6,1,27,6,1986,2,7,1,1,1
2016210142989,1,9,0,18,0,0,0,0,0,0,1,1,6,1,58,9,1422,2,12,2,1,2
2016210142989,2,9,0,9,0,0,0,0,0,0,2,1,6,1,41,7,2231,2,8,2,1,2
2016210143296,1,9,0,18,0,0,0,0,0,0,1,1,6,1,25,5,1995,1,5,5,1,5
2016210143296,2,9,0,18,0,0,0,0,0,0,-1,1,6,3,-1,-1,-1,-1,-1,-1,-1,-1
2016210143424,1,9,0,18,0,0,0,0,0,0,1,1,6,1,22,5,2600,1,25,8,3,8
2016210143531,1,90,0,10,0,0,0,0,0,0,0,1,1,1,43,7,9200,2,4,5,1,5
2016210143531,2,11,0,18,0,0,0,0,0,0,0,1,1,1,46,8,5883,2,12,4,1,4
2016210143566,1,9,0,18,0,0,0,0,0,0,1,1,6,1,74,10,1229,1,4,6,1,6
2016210143618,1,9,0,18,0,0,5,0,1,0,1,1,6,2,42,7,1490,1,10,1,1,1
2016210144049,1,19,0,18,0,0,0,0,0,0,1,1,1,1,63,9,1995,2,3,1,1,1
2016210144049,2,9,0,18,0,0,0,0,0,0,1,1,2,1,18,4,1968,2,1,9,1,9
2016210144251,1,9,0,12,0,0,0,0,0,0,3,1,5,1,19,4,1596,1,-1,8,2,8
2016210144251,2,3,0,13,0,0,0,0,0,0,1,1,2,1,27,6,125,1,6,2,1,2
2016210144312,1,9,0,9,0,5,0,0,0,0,1,1,1,2,36,7,1598,2,-1,6,1,6
2016210144312,2,9,0,18,0,1,0,0,0,0,1,1,1,1,50,8,1986,2,9,9,1,9
2016210144664,1,11,0,18,0,0,0,0,0,0,0,1,1,1,63,9,5850,2,14,2,1,2
2016210144762,1,5,0,18,0,0,0,0,0,0,1,1,6,1,44,7,1352,1,9,5,1,5
2016210144762,2,5,0,18,0,0,0,0,0,0,0,1,6,1,39,7,998,1,9,10,1,10
2016210144762,3,9,0,4,0,0,0,0,0,0,2,1,6,1,67,10,1970,1,11,6,1,6
2016210144762,4,9,0,18,0,0,0,0,0,0,1,1,6,1,42,7,-1,-1,-1,5,3,5
2016210144762,5,9,0,10,0,0,0,0,0,0,0,1,6,2,25,5,1998,1,1,10,1,10
2016210144762,6,9,0,4,0,0,0,0,0,0,0,1,6,2,34,6,1598,1,15,-1,-1,-1
2016210145188,1,9,0,18,0,1,1,0,0,0,1,1,6,2,23,5,1390,1,10,4,1,4
2016210145188,2,19,0,10,0,1,0,0,0,0,2,1,1,1,60,9,2198,2,3,-1,-1,-1
2016210145697,1,9,0,18,0,0,0,0,0,0,3,1,6,2,23,5,998,1,9,9,1,9
2016210145697,2,9,0,18,0,0,0,0,0,0,3,1,1,2,26,6,1686,2,3,5,1,5
2016210145838,1,9,0,18,0,8,0,0,0,0,1,1,6,2,54,8,1149,1,7,9,1,9
2016210145838,2,9,0,18,0,8,0,0,0,0,4,1,6,1,65,9,1596,1,8,2,1,2
2016210146129,1,9,0,18,0,0,0,0,0,0,4,1,6,1,29,6,1598,1,14,2,1,2
2016210146372,1,9,0,18,0,0,0,0,0,0,1,1,2,2,52,8,1896,2,12,3,1,3
2016210146372,2,9,0,3,0,0,0,0,0,0,2,1,2,2,38,7,1995,2,3,9,1,9
2016210146372,3,9,0,3,0,0,0,0,0,0,2,1,2,1,28,6,1398,2,9,9,1,9
2016210146451,1,9,0,18,0,0,0,0,0,0,1,1,6,3,-1,-1,2179,2,2,-1,-1,-1
2016210146451,2,9,0,4,0,0,0,0,0,0,1,1,6,1,64,9,1597,2,2,9,2,9
2016210146970,1,3,0,18,0,0,1,0,0,0,1,1,6,1,36,7,125,1,16,1,1,1
2016210146970,2,9,0,18,0,0,0,0,0,0,2,1,1,2,22,5,1398,2,13,1,1,1
2016210147026,1,9,0,18,0,8,0,0,0,0,1,1,6,2,37,7,1986,1,2,4,1,4
2016210147026,2,9,0,9,0,8,0,0,0,0,1,1,6,1,23,5,998,1,2,9,1,9
2016210147052,1,9,0,18,0,0,0,0,0,0,4,1,6,2,87,11,1590,1,11,10,1,10
2016210147095,1,9,0,18,0,0,0,0,0,0,1,1,6,1,45,7,1986,2,11,8,1,8
2016210147095,2,9,0,10,0,0,0,0,0,0,2,1,6,2,46,8,1242,1,3,9,1,9
2016210147146,1,9,0,-1,-1,0,0,-1,-1,0,-1,1,6,2,18,4,1242,1,6,7,1,7
2016210147375,1,9,0,18,0,8,0,0,0,0,1,1,6,2,75,10,1242,1,6,10,1,10
2016210147375,2,19,0,9,0,8,0,0,0,0,4,1,2,1,34,6,1560,2,2,3,1,3
2016210147435,1,9,0,17,0,0,1,0,0,0,3,1,6,2,26,6,1598,2,5,-1,-1,-1
2016210147435,2,9,0,16,0,0,1,0,0,0,3,1,6,1,61,9,2179,2,5,7,3,7
2016210147436,1,9,0,9,0,8,0,0,0,0,1,1,6,2,33,6,1595,1,5,8,1,8
2016210147436,2,4,0,18,0,8,1,0,0,0,4,1,6,1,50,8,487,1,8,2,1,2
2016210147826,1,9,0,18,0,0,0,0,0,0,1,1,6,1,47,8,1390,1,13,6,1,6
2016210147826,2,9,0,2,0,0,0,0,0,0,1,1,6,1,-1,-1,995,1,9,2,1,2
2016210148065,1,9,0,13,0,0,0,0,0,0,4,1,6,1,44,7,1896,2,9,1,1,1
2016210148065,2,1,0,18,0,0,0,0,0,0,3,1,6,1,24,5,-1,-1,-1,1,1,1
2016210148530,1,9,0,18,0,1,0,4,0,0,1,1,6,2,74,10,1242,1,7,6,1,6
2016210148530,2,9,0,2,6,1,0,0,0,0,1,1,6,1,72,10,1997,1,19,2,1,2
2016210148607,1,9,0,9,0,1,0,0,0,0,1,1,6,2,21,5,1388,1,13,2,1,2
2016210148607,2,1,0,18,0,1,0,0,0,0,1,1,6,1,21,5,-1,-1,-1,4,1,4
2016210148811,1,9,0,18,0,0,0,0,0,0,3,1,1,2,30,6,1586,1,-1,9,1,9
2016210148811,2,9,0,5,0,0,0,0,0,0,4,1,6,2,23,5,1198,1,1,5,1,5
2016210148839,1,9,0,18,0,0,0,4,0,0,1,1,6,1,48,8,1598,2,3,2,1,2
2016210148839,2,9,0,2,0,0,0,0,0,0,2,1,6,3,-1,-1,2993,2,12,5,1,5
2016210148839,3,9,0,2,0,0,0,0,0,0,1,1,6,3,-1,-1,1108,1,10,5,1,5
2016210148839,4,9,0,2,0,0,0,0,0,0,1,1,6,3,-1,-1,1242,1,9,5,1,5
2016210148845,1,1,0,18,0,0,0,0,0,0,1,1,6,1,43,7,-1,-1,-1,4,3,4
2016210148845,2,9,0,18,0,0,0,0,0,0,1,1,6,3,-1,-1,-1,-1,-1,-1,-1,-1
2016210149080,1,9,0,-1,-1,-1,0,-1,-1,0,-1,1,6,1,21,5,998,1,5,3,1,3
2016210149080,2,9,0,-1,-1,-1,0,-1,-1,0,-1,1,6,2,43,7,998,1,6,1,1,1
2016210149080,3,9,0,-1,-1,-1,0,-1,-1,0,-1,1,6,1,19,4,998,1,13,9,1,9
2016210149118,1,9,0,15,0,0,0,0,0,0,1,1,2,1,22,5,1199,1,16,7,2,7
2016210149118,2,9,0,18,0,0,0,0,0,0,1,1,2,1,52,8,1761,1,20,4,1,4
2016210149320,1,9,0,18,0,8,0,0,0,0,1,1,6,2,46,8,1995,1,9,9,1,9
2016210149320,2,9,0,9,0,8,0,0,0,0,1,1,1,1,45,7,1686,2,5,2,1,2
2016210149347,1,9,0,18,0,0,0,0,0,0,1,1,6,1,31,6,1988,1,14,6,1,6
2016210149347,2,3,0,18,0,0,0,0,0,0,2,1,6,1,23,5,125,1,-1,9,1,9
2016210149347,3,9,0,18,0,0,0,0,0,0,2,1,6,1,44,7,1968,2,2,-1,-1,-1
2016210149347,4,9,0,18,0,0,0,0,0,0,1,1,6,2,53,8,1968,2,4,9,1,9
2016210149392,1,9,0,9,0,5,0,0,0,0,3,1,6,2,35,6,1461,2,5,7,1,7
2016210149392,2,9,0,18,0,1,0,0,0,0,1,1,6,1,17,4,1364,1,9,2,1,2
2016210149520,1,19,0,9,0,6,0,0,0,0,1,1,6,1,28,6,1995,2,9,3,1,3
2016210149520,2,9,0,18,0,1,0,0,0,0,1,1,6,1,37,7,1796,1,18,2,1,2
2016210149842,1,19,0,4,0,0,0,0,0,0,1,1,1,1,48,8,2402,2,14,2,1,2
2016210149842,2,90,1,4,0,0,0,0,0,0,2,2,1,1,66,10,-1,-1,-1,-1,-1,-1
2016210150546,1,9,0,-1,-1,0,0,-1,-1,0,-1,1,2,1,26,6,1968,2,1,5,1,5
2016210150546,2,3,0,-1,-1,0,0,-1,-1,0,-1,1,5,1,56,9,124,1,12,8,1,8
2016210152111,1,8,0,9,0,8,0,0,0,0,0,1,1,1,-1,-1,-1,-1,-1,-1,-1,-1
2016210153440,1,9,0,18,0,8,0,0,0,0,1,1,6,1,-1,-1,796,1,16,-1,-1,-1
2016210153440,2,9,0,18,0,8,0,0,0,0,2,1,6,1,22,5,1242,1,10,2,1,2
2016210155443,1,9,0,18,-1,0,0,-1,-1,0,-1,1,6,3,-1,-1,-1,-1,-1,-1,-1,-1
2016210155443,2,9,0,6,-1,0,0,-1,-1,0,-1,1,6,1,67,10,1984,1,8,4,1,4
2016210161279,1,19,0,18,0,1,0,0,0,0,0,1,6,1,-1,-1,1896,2,7,3,1,3
2016210162443,1,9,0,4,0,8,1,0,0,0,1,1,6,2,48,8,1397,1,5,9,1,9
2016210162443,2,9,0,18,0,8,0,0,0,0,4,1,6,1,58,9,1968,2,3,5,1,5
2016210167061,1,9,0,18,0,0,0,0,1,0,1,1,1,1,28,6,-1,-1,-1,2,1,2
2016210171262,1,9,0,18,0,1,0,0,0,0,1,1,6,1,74,10,1339,1,2,6,1,6
2016210171262,2,9,0,10,0,1,0,0,0,0,2,1,6,1,43,7,1200,1,-1,2,1,2
2016210173739,1,9,0,5,0,3,0,0,0,0,1,1,6,1,44,7,1997,2,8,8,1,8
2016210173739,2,9,0,5,0,4,0,0,0,0,2,1,6,1,29,6,1390,1,14,4,1,4
2016210174028,1,9,0,18,0,0,0,0,0,0,1,1,6,1,50,8,1240,1,11,6,1,6
2016210174028,2,9,0,18,0,0,0,0,0,0,1,1,6,2,59,9,1598,1,6,8,2,8
2016210174046,1,9,0,8,0,1,0,0,0,0,4,1,6,2,75,10,1596,1,11,4,1,4
2016210174046,2,1,0,18,0,1,0,0,0,0,4,1,6,1,69,10,-1,-1,-1,5,1,5
201621T083457,1,9,0,7,0,2,0,0,0,0,3,1,6,2,58,9,1596,1,3,8,1,8
201621T083457,2,9,0,18,0,8,0,0,0,0,1,1,2,2,22,5,1242,1,4,9,1,9
201621T283600,1,19,0,7,0,3,0,0,0,0,3,1,2,1,59,9,2298,2,5,7,1,7
201621T283600,2,9,0,7,0,3,0,0,0,0,4,1,2,1,58,9,-1,-1,-1,3,1,3
2016220037208,1,9,0,18,0,2,0,0,0,0,3,1,5,1,50,8,4394,1,10,9,3,9
2016220037208,2,9,0,18,0,1,0,0,0,0,3,1,5,1,52,8,1461,2,2,8,1,8
2016220037580,1,19,0,17,0,0,1,0,1,4,1,1,6,1,31,6,2198,2,6,9,2,9
2016220037617,1,9,0,17,0,8,0,0,0,0,1,1,5,2,39,7,1781,1,13,7,1,7
2016220037617,2,9,0,16,0,8,0,0,0,0,1,1,6,1,37,7,1997,2,13,6,3,6
2016220037692,1,9,0,18,0,0,0,0,0,0,1,1,6,1,28,6,2231,2,9,5,3,5
2016220037692,2,9,0,4,0,0,0,0,0,0,2,1,6,2,20,4,1388,1,12,8,1,8
2016220037729,1,9,0,9,0,6,0,0,0,0,1,1,6,2,22,5,1360,1,11,9,1,9
2016220037729,2,9,0,18,0,8,0,0,0,0,3,1,5,1,27,6,1229,1,8,8,1,8
2016220037765,1,9,0,18,0,0,0,0,0,0,1,1,2,1,47,8,1596,1,14,7,1,7
2016220037848,1,9,0,13,0,0,2,0,0,0,1,1,2,2,37,7,1956,2,1,-1,3,-1
2016220037848,2,9,0,18,0,0,0,0,1,0,1,1,2,1,25,5,1679,1,16,7,2,7
2016220037848,3,21,1,18,0,0,0,0,0,0,3,1,1,1,52,8,12902,2,2,7,3,7
2016220037917,1,1,0,18,0,8,0,0,0,0,1,1,6,1,18,4,-1,-1,-1,4,1,4
2016220037917,2,9,0,9,0,6,0,0,0,0,1,1,1,1,62,9,1560,2,4,8,1,8
2016220038121,1,9,0,9,0,5,0,0,0,0,1,1,2,2,64,9,1598,1,14,8,3,8
2016220038144,1,8,0,4,0,0,1,0,0,0,1,1,1,1,30,6,1560,2,1,8,1,8
2016220038144,2,9,0,3,0,0,0,0,0,0,2,1,5,1,49,8,1124,1,17,1,1,1
2016220038189,1,9,0,18,0,3,0,0,0,0,4,1,5,2,68,10,-1,-1,-1,10,1,10
2016220038226,1,9,0,9,0,6,0,0,0,0,1,1,5,2,56,9,1995,2,5,5,3,5
2016220038226,2,19,0,18,0,8,0,0,0,0,1,1,5,1,45,7,2148,2,10,5,1,5
2016220038329,1,9,0,17,0,1,0,0,0,0,1,1,6,2,66,10,1400,1,16,5,3,5
2016220038329,2,9,0,18,0,2,0,0,0,0,3,1,2,1,52,8,1896,2,12,5,1,5
2016220038329,3,21,1,17,0,1,0,0,0,0,3,1,1,1,47,8,12740,2,2,-1,-1,-1
2016220038479,1,9,0,18,0,0,0,0,0,0,4,1,6,1,49,8,1896,2,14,4,3,4
2016220038723,1,19,0,9,0,6,0,0,0,0,3,1,6,1,27,6,1560,2,3,6,1,6
2016220038723,2,9,0,18,0,8,0,0,0,0,1,1,5,1,42,7,1995,2,8,4,3,4
2016220038725,1,9,0,18,9,1,0,0,0,0,4,1,6,3,28,6,-1,-1,-1,-1,-1,-1
2016220038796,1,9,0,18,0,0,2,0,7,9,3,1,2,2,28,6,1360,1,10,8,3,8
2016220038816,1,9,0,18,0,1,0,0,0,0,1,1,6,1,49,8,1910,2,11,4,1,4
2016220038816,2,9,0,3,0,1,0,0,0,0,2,1,6,1,63,9,1991,2,6,6,1,6
2016220038864,1,98,0,18,0,0,0,0,0,0,4,1,6,3,40,7,-1,-1,-1,-1,-1,-1
2016220038867,1,9,0,18,0,0,1,0,7,2,1,1,6,2,19,4,1199,1,12,5,2,5
2016220038867,2,9,0,16,0,0,0,0,0,0,0,1,6,3,35,6,-1,-1,-1,-1,-1,-1
2016220038966,1,9,0,4,0,1,0,0,0,0,2,1,5,2,40,7,1560,2,2,4,1,4
2016220038966,2,9,0,4,0,1,0,0,0,0,1,1,6,1,38,7,1910,2,9,1,1,1
2016220039085,1,9,0,18,0,0,5,0,1,11,1,1,5,1,19,4,1598,1,15,7,2,7
2016220039090,1,9,0,9,0,2,0,0,0,0,1,1,5,1,44,7,1149,1,13,1,1,1
2016220039149,1,9,0,18,0,0,0,0,0,0,1,1,6,2,23,5,1299,1,18,5,3,5
2016220039149,2,9,0,4,0,0,0,0,0,0,2,1,5,1,50,8,1360,1,10,10,1,10
2016220039149,3,9,0,3,0,0,0,0,0,0,2,1,6,1,43,7,999,1,1,7,1,7
2016220039156,1,98,1,1,0,5,0,0,0,0,0,1,1,1,45,7,-1,-1,-1,5,2,5
2016220039156,2,9,0,4,0,1,0,0,0,0,2,1,5,2,72,10,1400,1,11,8,1,8
2016220039156,3,9,0,18,0,1,0,0,0,0,1,1,5,2,28,6,1584,1,13,9,1,9
2016220039184,1,9,0,9,0,6,0,0,0,0,1,1,5,1,79,11,1598,1,11,7,1,7
2016220039184,2,9,0,18,0,8,0,0,0,0,1,1,6,2,24,5,1299,1,17,5,1,5
2016220039210,1,9,0,5,0,6,0,0,0,0,3,1,5,2,55,8,1149,1,13,3,1,3
2016220039210,2,9,0,9,0,6,0,0,0,0,4,1,5,1,24,5,1595,1,1,3,1,3
2016220039216,1,9,0,18,0,2,0,0,0,0,1,1,5,1,37,7,1598,1,16,5,3,5
2016220039257,1,9,0,18,0,0,0,0,0,0,3,1,6,1,27,6,-1,-1,-1,-1,-1,-1
2016220039298,1,9,0,9,0,4,0,0,0,0,3,1,2,2,47,8,1360,1,14,10,3,10
2016220039298,2,1,0,18,0,8,0,0,0,0,1,1,2,1,46,8,-1,-1,-1,4,1,4
2016220039313,1,9,0,18,0,0,0,0,0,0,1,1,6,2,27,6,-1,-1,-1,-1,-1,-1
2016220039313,2,9,0,3,0,0,0,0,0,0,2,1,2,2,21,5,1149,1,15,5,1,5
2016220039350,1,1,0,9,0,6,0,0,0,0,1,1,5,1,71,10,-1,-1,-1,2,1,2
2016220039350,2,9,0,18,0,8,0,0,0,0,4,1,5,1,60,9,1461,2,2,10,3,10
2016220039468,1,9,0,7,0,6,0,0,0,0,1,1,1,1,50,8,1360,1,12,8,1,8
2016220039468,2,1,0,17,0,8,0,0,0,0,4,1,3,1,40,7,-1,-1,-1,8,1,8
2016220040534,1,9,0,13,0,0,1,0,1,0,1,1,5,1,29,6,1598,1,10,9,1,9
2016220040534,2,9,0,18,0,0,5,0,1,0,1,1,2,1,35,6,998,1,14,1,1,1
2016220041244,1,9,0,18,0,0,2,0,7,0,1,1,6,1,19,4,1590,1,12,-1,-1,-1
2016220041343,1,9,0,9,0,6,0,0,0,0,1,1,6,1,17,4,1198,1,2,5,1,5
2016220041343,2,9,0,18,0,6,0,0,0,0,1,1,6,2,49,8,1368,1,4,6,1,6
2016220042079,1,9,0,18,0,0,0,4,0,0,1,1,1,1,42,7,1389,1,20,3,2,3
2016220042079,2,19,0,2,0,0,0,0,0,0,2,1,5,1,28,6,1560,2,1,6,3,6
2016220042083,1,9,0,17,0,0,2,0,0,0,4,1,6,2,24,5,1242,1,5,6,3,6
2016220042157,1,9,0,9,0,5,0,0,0,0,1,1,5,2,55,8,2616,1,9,-1,-1,-1
2016220042199,1,9,0,9,0,5,0,0,0,0,3,1,5,2,53,8,-1,-1,-1,5,3,5
2016220042199,2,9,0,18,0,8,0,0,0,0,1,1,5,2,55,8,2184,2,14,4,3,4
2016220042240,1,9,0,5,0,6,0,0,0,0,1,1,2,1,56,9,1753,2,6,4,1,4
2016220042240,2,2,0,7,0,2,0,0,0,0,2,1,5,1,16,4,49,1,7,5,3,5
2016220042266,1,9,0,13,0,0,2,4,1,4,4,1,5,2,18,4,1199,1,15,-1,3,-1
2016220042266,2,9,0,14,0,0,0,0,0,0,0,1,1,2,40,7,-1,-1,-1,5,3,5
2016220042266,3,19,0,2,0,0,0,0,0,0,3,1,1,1,36,7,2198,2,5,4,1,4
2016220042268,1,9,0,16,0,1,1,0,7,5,1,1,6,1,21,5,1596,1,6,2,1,2
2016220042308,1,9,0,18,0,8,0,0,0,0,3,1,2,1,62,9,1956,2,1,3,1,3
2016220042308,2,3,0,10,0,8,0,0,0,0,2,1,2,1,33,6,124,1,6,2,1,2
2016220042373,1,9,0,18,0,8,0,0,0,0,1,1,5,1,24,5,1198,1,14,10,1,10
2016220042389,1,9,0,9,0,6,0,0,7,0,3,1,2,1,62,9,1598,1,6,-1,-1,-1
2016220042389,2,9,0,18,0,8,1,0,0,0,1,1,2,1,23,5,1198,1,9,4,3,4
2016220042413,1,9,0,18,0,0,0,0,1,10,4,1,5,2,35,6,1995,2,14,7,3,7
2016220042417,1,9,0,16,0,0,1,0,2,4,1,1,2,2,23,5,1242,1,6,10,1,10
2016220042440,1,11,0,2,0,0,0,0,0,0,2,1,1,1,29,6,-1,-1,-1,-1,-1,-1
2016220042440,2,21,1,18,0,0,0,4,0,0,1,1,1,1,51,8,12900,2,5,1,1,1
2016220042460,1,9,0,17,0,0,2,10,7,10,1,1,5,1,20,4,1560,2,8,3,2,3
2016220042469,1,9,0,18,0,0,0,0,0,0,1,1,6,1,21,5,-1,-1,-1,-1,3,-1
2016220042469,2,9,0,4,0,0,0,0,0,0,2,1,6,1,23,5,1596,1,4,9,1,9
2016220042469,3,9,0,4,0,0,0,0,0,0,2,1,6,1,55,8,2179,2,4,8,1,8
2016220042475,1,9,0,5,0,6,0,0,0,0,3,1,6,1,55,8,1390,1,6,3,1,3
2016220042475,2,9,0,18,0,8,0,0,0,0,1,1,6,1,62,9,1364,1,9,5,1,5
2016220042476,1,2,0,9,0,5,1,0,0,0,4,1,2,1,16,4,49,1,2,1,1,1
2016220042476,2,9,0,13,0,8,0,0,0,0,0,1,1,1,47,8,-1,-1,-1,10,1,10
2016220042480,1,9,0,16,0,0,1,0,5,6,1,1,2,2,26,6,1248,2,5,8,1,8
2016220042495,1,9,0,8,0,1,0,0,0,0,2,1,3,2,39,7,1199,1,14,10,1,10
2016220042495,2,9,0,5,0,4,0,0,0,0,2,1,2,1,44,7,1560,2,1,7,1,7
2016220042505,1,9,0,4,0,5,1,0,1,9,1,1,5,1,62,9,1560,2,1,5,3,5
2016220042550,1,9,0,18,0,0,1,0,2,0,1,1,6,1,23,5,1868,2,16,2,1,2
2016220042554,1,9,0,18,0,0,1,0,7,9,1,1,2,2,52,8,1390,1,13,4,3,4
2016220042586,1,9,0,18,0,1,0,0,0,0,1,1,5,2,20,4,1124,1,11,4,3,4
2016220042586,2,9,0,3,0,8,0,0,1,11,2,1,5,2,18,4,1242,1,4,-1,3,-1
2016220042611,1,9,0,12,0,0,0,0,4,0,4,1,5,2,34,6,1560,2,2,4,1,4
2016220042611,2,9,0,18,0,0,0,0,0,0,2,1,5,2,24,5,-1,-1,-1,6,3,6
2016220042611,3,9,0,18,0,0,0,0,0,0,2,1,5,1,42,7,2993,2,12,8,2,8
2016220042622,1,9,0,18,0,0,2,10,0,0,1,1,6,1,20,4,1124,1,13,6,1,6
2016220042648,1,9,0,18,0,8,0,0,2,7,4,1,6,1,34,6,1248,2,5,-1,-1,-1
2016220042648,2,9,0,18,0,8,1,0,4,6,1,1,6,2,49,8,2204,2,6,6,3,6
2016220042656,1,9,0,18,0,0,0,0,0,0,1,1,2,1,30,6,1560,2,9,4,1,4
2016220042703,1,9,0,9,0,6,0,0,0,0,1,1,5,1,86,11,1242,1,13,2,1,2
2016220042703,2,11,0,18,0,8,0,0,0,0,1,1,1,1,54,8,6700,2,4,-1,-1,-1
2016220042709,1,9,0,18,0,0,0,0,7,0,1,1,5,2,64,9,999,1,1,8,1,8
2016220042709,2,98,0,4,0,0,0,0,0,0,2,1,2,1,37,7,-1,-1,-1,5,1,5
2016220042717,1,9,0,9,0,6,0,0,0,0,3,1,6,1,58,9,2179,2,3,4,1,4
2016220042717,2,9,0,9,0,6,0,0,0,0,3,1,5,2,34,6,1999,1,11,4,1,4
2016220042724,1,9,0,4,0,8,0,0,0,0,2,1,5,1,21,5,998,1,3,5,2,5
2016220042724,2,9,0,7,0,6,0,0,0,0,1,1,5,2,62,9,1248,2,5,-1,-1,-1
2016220042730,1,19,0,7,0,6,0,0,0,0,4,1,1,1,39,7,1461,2,1,5,3,5
2016220042750,1,9,0,9,0,6,0,0,0,0,4,1,5,1,52,8,1390,1,15,2,1,2
2016220042750,2,9,0,18,0,8,0,0,0,0,3,1,5,1,77,11,1951,2,12,5,3,5
2016220042766,1,9,0,18,0,8,1,10,2,4,1,1,5,2,46,8,1951,2,12,2,1,2
2016220042782,1,9,0,1,0,0,0,10,7,11,2,1,5,1,66,10,1598,1,5,6,1,6
2016220042802,1,9,0,16,0,0,5,0,7,4,1,1,5,1,65,9,1364,1,-1,5,3,5
2016220042805,1,9,0,13,0,0,0,0,0,0,2,1,1,1,25,5,-1,-1,-1,6,1,6
2016220042805,2,5,0,13,0,0,0,0,0,0,1,1,5,1,54,8,1130,1,15,7,1,7
2016220042819,1,9,0,18,0,0,0,0,0,0,1,1,2,1,31,6,-1,-1,-1,4,1,4
2016220042819,2,9,0,3,0,0,0,0,0,0,2,1,3,2,49,8,-1,-1,-1,5,1,5