Accident_Index,Vehicle_Reference,Vehicle_Type,Towing_and_Articulation,Vehicle_Manoeuvre,Vehicle_Location-Restricted_Lane,Junction_Location,Skidding_and_Overturning,Hit_Object_in_Carriageway,Vehicle_Leaving_Carriageway,Hit_Object_off_Carriageway,1st_Point_of_Impact,Was_Vehicle_Left_Hand_Drive?,Journey_Purpose_of_Driver,Sex_of_Driver,Age_of_Driver,Age_Band_of_Driver,Engine_Capacity_(CC),Propulsion_Code,Age_of_Vehicle,Driver_IMD_Decile,Driver_Home_Area_Type,Vehicle_IMD_Decile
2016220042855,1,9,0,4,0,0,0,0,0,0,1,1,5,1,26,6,1248,2,4,8,1,8
2016220042855,2,9,0,3,0,0,0,0,4,6,2,1,5,1,25,5,1798,1,9,9,2,9
2016220042857,1,9,0,18,0,4,0,0,0,0,1,1,3,1,41,7,1995,2,13,9,2,9
2016220042857,2,1,0,18,0,8,0,0,0,0,4,1,3,2,30,6,-1,-1,-1,4,1,4
2016220042886,1,9,0,3,0,0,0,0,0,0,2,1,2,1,38,7,-1,-1,-1,2,1,2
2016220042886,2,9,0,18,0,0,0,0,0,0,1,1,3,2,21,5,-1,-1,-1,-1,-1,-1
2016220042935,1,9,0,18,0,0,1,0,8,10,1,1,2,2,26,6,1199,1,12,5,3,5
2016220042990,1,9,0,4,0,0,0,0,0,0,0,1,1,1,28,6,-1,-1,-1,3,1,3
2016220043018,1,1,0,17,0,8,0,0,0,0,4,1,2,1,24,5,-1,-1,-1,3,1,3
2016220043018,2,9,0,7,0,6,0,0,0,0,3,1,6,1,52,8,1395,1,2,9,1,9
2016220043045,1,9,0,18,0,8,0,0,0,0,1,1,5,1,17,4,1388,1,12,5,1,5
2016220043045,2,9,0,5,0,4,0,0,0,0,3,1,5,2,25,5,-1,-1,-1,5,1,5
2016220043051,1,9,0,4,0,6,0,0,0,0,4,1,5,1,87,11,1242,1,4,5,3,5
2016220043051,2,11,0,9,0,6,0,0,0,0,3,1,1,1,44,7,9000,2,3,6,1,6
2016220043088,1,9,0,17,0,0,0,12,0,0,1,1,2,1,45,7,1598,1,17,3,1,3
2016220043089,1,9,0,18,0,8,0,0,0,0,1,1,6,1,76,11,-1,-1,-1,3,1,3
2016220043089,2,90,0,9,0,5,0,0,0,0,1,1,1,1,25,5,-1,-1,-1,6,1,6
2016220043091,1,9,0,16,0,0,1,0,0,0,1,1,2,2,24,5,998,1,14,2,1,2
2016220043091,2,9,0,17,0,0,0,0,1,0,1,1,2,1,59,9,1896,2,9,7,2,7
2016220043094,1,9,0,18,0,8,0,0,0,0,1,1,2,1,25,5,1686,2,10,1,1,1
2016220043094,2,19,0,9,0,6,0,0,0,0,4,1,2,1,51,8,1560,2,1,4,2,4
2016220043096,1,9,0,4,0,8,1,0,0,0,4,1,6,2,44,7,998,1,1,6,1,6
2016220043096,2,9,0,18,0,8,0,0,0,0,1,1,6,2,65,9,1598,2,2,8,1,8
2016220043106,1,9,0,9,0,5,0,0,0,0,4,1,5,2,73,10,1896,2,9,9,3,9
2016220043106,2,1,0,18,0,8,1,0,0,0,1,1,5,1,34,6,-1,-1,-1,9,1,9
2016220043233,1,9,0,9,0,8,0,0,0,0,3,1,2,1,21,5,1590,1,12,8,1,8
2016220043242,1,9,0,16,7,2,0,4,0,0,1,1,6,1,32,6,1388,1,15,-1,-1,-1
2016220043242,2,21,1,2,6,2,0,0,0,0,2,1,1,1,57,9,12777,2,1,-1,2,-1
2016220043268,1,9,0,17,0,0,2,0,7,11,1,1,6,2,23,5,1753,2,14,7,2,7
2016220043295,1,9,0,18,0,0,0,0,0,0,1,1,6,2,31,6,796,1,16,5,1,5
2016220043295,2,9,0,4,0,0,0,0,0,0,2,1,6,2,52,8,1242,1,12,8,1,8
2016220043343,1,98,0,16,0,0,0,0,0,0,3,1,6,3,36,7,-1,-1,-1,-1,-1,-1
2016220043343,2,9,0,18,0,0,0,0,0,0,3,1,6,2,43,7,1229,1,2,6,3,6
2016220043373,1,9,0,17,0,0,1,0,7,0,3,1,2,1,46,8,1560,2,8,-1,-1,-1
2016220043373,2,9,0,4,0,0,0,0,0,0,1,1,5,1,33,6,3200,2,9,5,3,5
2016220043411,1,9,0,4,0,1,0,0,0,0,1,1,6,1,-1,-1,1995,2,11,2,1,2
2016220043411,2,1,0,18,0,8,0,0,0,0,4,1,2,2,24,5,-1,-1,-1,5,1,5
2016220043456,1,9,0,9,0,6,0,0,0,0,1,1,5,1,77,11,1995,2,3,5,3,5
2016220043456,2,9,0,17,0,8,0,0,0,0,3,1,5,2,27,6,1364,2,8,5,1,5
2016220043519,1,9,0,9,0,3,0,0,0,0,1,1,5,1,36,7,1997,2,4,4,1,4
2016220043519,2,9,0,4,0,3,0,0,0,0,2,1,6,1,63,9,2496,2,14,-1,3,-1
2016220043573,1,9,0,16,0,0,2,0,7,10,1,1,5,1,46,8,1598,1,9,2,1,2
2016220043581,1,9,0,9,0,6,0,0,0,0,3,1,6,1,23,5,1968,2,2,9,1,9
2016220043581,2,11,0,18,0,8,0,0,0,0,1,1,1,1,25,5,4250,2,13,4,1,4
2016220043585,1,9,0,4,0,0,0,0,0,0,2,1,6,1,48,8,1598,1,16,3,3,3
2016220043585,2,9,0,4,0,0,0,0,0,0,1,1,6,1,58,9,-1,-1,-1,4,3,4
2016220043586,1,19,0,18,0,0,0,0,0,0,4,1,1,3,44,7,1598,2,1,-1,-1,-1
2016220043607,1,23,0,18,0,8,0,0,0,0,1,1,5,1,21,5,125,1,1,6,1,6
2016220043607,2,9,0,9,0,5,0,0,0,0,4,1,6,3,33,6,2143,2,7,-1,-1,-1
2016220043611,1,19,0,18,0,0,0,0,0,0,3,1,6,1,29,6,2198,2,4,9,2,9
2016220043611,2,9,0,18,0,0,0,0,0,0,3,1,6,2,45,7,-1,-1,-1,8,3,8
2016220043704,1,9,0,18,0,8,0,0,0,0,1,1,5,2,34,6,1598,2,1,2,1,2
2016220043704,2,9,0,18,0,6,0,0,0,0,1,1,5,1,18,4,1124,1,16,-1,-1,-1
2016220043710,1,9,0,18,0,0,0,0,0,0,2,1,6,1,74,10,1598,1,6,6,1,6
2016220043710,2,9,0,18,0,0,0,0,0,0,2,1,6,1,22,5,1598,1,5,5,1,5
2016220043710,3,9,0,18,0,0,0,0,0,0,1,1,6,1,17,4,1498,1,1,3,1,3
2016220043767,1,20,4,18,0,0,1,0,7,0,1,1,1,1,58,9,3920,2,11,-1,-1,-1
2016220043839,1,11,0,18,0,0,0,0,0,0,1,1,1,1,44,7,7300,2,12,-1,-1,-1
2016220043884,1,9,0,16,0,0,1,0,0,0,1,1,5,1,35,6,1796,1,17,3,1,3
2016220043884,2,9,4,17,0,0,0,0,0,0,2,1,1,1,50,8,-1,-1,-1,9,2,9
2016220043892,1,9,0,9,0,1,0,0,0,0,1,1,6,2,24,5,1490,1,8,5,3,5
2016220043892,2,9,0,18,0,1,0,0,0,0,4,1,6,2,74,10,-1,-1,-1,5,1,5
2016220043932,1,9,0,18,0,1,0,0,0,0,4,1,5,1,86,11,1086,1,8,6,3,6
2016220043932,2,11,0,7,0,1,0,0,0,0,1,1,1,1,61,9,2999,2,3,8,2,8
2016220043944,1,21,1,18,0,0,0,0,2,6,1,1,1,1,63,9,12882,2,10,-1,2,-1
2016220043944,2,9,0,18,0,0,0,0,0,0,1,1,1,1,42,7,1956,2,1,10,1,10
2016220043993,1,9,0,18,0,1,0,0,0,0,1,1,6,1,18,4,1124,1,13,8,3,8
2016220043993,2,9,0,5,0,6,0,0,0,0,3,1,6,2,83,11,998,1,6,-1,3,-1
2016220044048,1,9,0,18,0,0,0,4,0,0,4,1,6,3,33,6,-1,-1,-1,-1,-1,-1
2016220044048,2,8,0,2,0,0,0,0,0,0,4,1,1,1,45,7,-1,-1,-1,4,1,4
2016220044069,1,9,0,18,0,0,1,0,0,0,1,1,2,1,21,5,1299,1,14,10,2,10
2016220044069,2,9,0,4,0,0,0,0,0,0,2,1,5,2,66,10,1360,1,9,8,3,8
2016220044069,3,9,0,18,0,0,0,0,0,0,3,1,1,1,42,7,2993,2,1,8,3,8
2016220044072,1,8,0,4,0,1,0,0,0,0,2,1,1,1,84,11,2664,2,15,2,1,2
2016220044072,2,9,0,5,0,4,0,0,0,0,1,1,5,1,71,10,1499,2,1,2,1,2
2016220044128,1,9,0,18,0,0,0,0,4,6,2,1,5,2,45,7,1560,2,7,4,1,4
2016220044128,2,9,0,18,0,0,0,0,0,0,1,1,5,1,45,7,2698,2,8,8,1,8
2016220044154,1,9,0,9,0,5,0,0,0,0,1,1,6,1,84,11,3596,1,11,5,3,5
2016220044154,2,9,0,18,0,1,0,0,0,0,1,1,6,2,58,9,2198,2,11,4,2,4
2016220044163,1,9,0,4,0,0,1,0,0,0,1,1,5,1,26,6,1461,2,10,1,1,1
2016220044163,2,9,0,4,0,0,0,0,0,0,2,1,2,1,64,9,1951,2,11,2,1,2
2016220044191,1,9,0,9,0,6,0,0,0,0,1,1,5,1,17,4,1299,1,12,5,1,5
2016220044191,2,1,0,18,0,8,0,0,0,0,2,1,5,1,14,3,-1,-1,-1,1,1,1
2016220044193,1,21,0,17,0,8,0,0,0,0,3,1,1,1,54,8,5900,2,9,8,1,8
2016220044193,2,3,0,17,0,8,0,0,0,0,4,1,2,1,33,6,124,1,4,8,1,8
2016220044195,1,9,0,18,0,0,0,0,1,9,4,1,2,1,25,5,1798,1,11,1,1,1
2016220044233,1,9,0,4,0,0,1,0,1,9,4,1,2,1,42,7,1560,2,7,6,2,6
2016220044278,1,9,0,18,0,0,0,0,0,0,1,1,6,2,37,7,2148,2,12,6,3,6
2016220044278,2,9,0,4,0,0,0,0,0,0,2,1,6,1,30,6,-1,-1,-1,-1,-1,-1
2016220044285,1,9,0,7,0,6,0,0,0,0,1,1,6,2,57,9,1995,1,8,6,2,6
2016220044299,1,9,0,3,0,1,0,0,0,0,2,1,5,1,71,10,2179,2,6,4,3,4
2016220044299,2,9,0,3,0,1,0,0,0,0,2,1,5,1,83,11,1600,1,17,5,3,5
2016220044299,3,9,0,18,0,1,0,0,0,0,1,1,5,2,19,4,1242,1,12,5,3,5
2016220044364,1,9,0,9,0,6,0,0,1,3,3,1,5,2,89,11,1796,1,13,5,3,5
2016220044364,2,9,0,18,0,8,0,0,0,0,1,1,5,2,33,6,1396,1,7,-1,2,-1
2016220044369,1,9,0,16,0,0,0,4,0,0,1,1,5,1,28,6,2354,1,11,4,1,4
2016220044369,2,9,0,2,0,0,0,0,0,0,3,1,5,1,30,6,2993,2,4,9,3,9
2016220044411,1,9,0,18,0,1,0,0,0,0,3,1,5,1,23,5,996,1,6,5,1,5
2016220044411,2,9,0,18,0,1,0,0,0,0,3,1,6,1,72,10,1560,2,1,5,1,5
2016220044438,1,9,0,18,0,0,0,0,0,0,1,1,6,3,33,6,-1,-1,-1,-1,-1,-1
2016220044438,2,9,0,4,0,0,0,0,0,0,2,1,5,1,35,6,1596,1,7,9,3,9
2016220044444,1,1,0,18,0,8,0,0,0,0,3,1,2,1,46,8,-1,-1,-1,5,1,5
2016220044444,2,9,0,7,0,3,0,0,0,0,4,1,5,2,69,10,1560,2,2,9,1,9
2016220044564,1,9,0,18,0,0,0,4,0,0,1,1,5,1,32,6,1390,1,12,9,1,9
2016220044564,2,9,0,2,0,0,0,0,0,0,2,1,5,2,45,7,1242,1,3,8,3,8
2016220044564,3,9,0,2,0,0,0,0,0,0,2,1,5,1,-1,-1,1870,2,12,8,3,8
2016220044602,1,9,0,1,0,0,0,0,0,0,3,1,5,1,24,5,2143,2,5,2,1,2
2016220044602,2,5,0,18,0,0,0,0,0,0,1,1,2,1,38,7,-1,-1,-1,6,3,6
2016220044663,1,9,0,18,0,0,0,4,0,0,1,1,6,2,17,4,1198,1,14,3,1,3
2016220044663,2,9,0,2,0,0,0,0,1,0,2,1,5,2,68,10,1299,1,21,4,3,4
2016220044730,1,19,0,9,0,5,0,0,0,0,1,1,1,2,56,9,1461,2,2,8,1,8
2016220044780,1,9,0,5,0,6,0,0,0,0,1,1,5,2,45,7,1389,1,14,5,2,5
2016220044780,2,9,0,18,0,8,0,0,0,0,4,1,5,2,20,4,-1,-1,-1,6,3,6
2016220044843,1,9,0,18,0,0,0,4,0,0,1,1,5,1,84,11,1248,2,7,5,3,5
2016220044843,2,9,0,2,0,0,0,0,0,0,2,1,1,1,41,7,1686,2,2,5,1,5
2016220044897,1,11,0,9,0,5,0,0,0,0,1,1,1,1,52,8,4250,2,5,-1,-1,-1
2016220044923,1,98,1,18,0,0,0,0,0,0,3,1,1,1,28,6,-1,-1,-1,-1,-1,-1
2016220044923,2,9,0,18,0,0,0,0,0,0,4,1,6,2,31,6,1560,2,3,4,1,4
2016220044959,1,9,0,18,0,0,1,0,1,4,1,1,6,1,53,8,1796,1,11,5,3,5
2016220045028,1,9,0,4,0,4,0,0,0,0,2,1,2,2,44,7,1399,2,6,9,1,9
2016220045028,2,9,0,18,0,4,0,0,0,0,1,1,2,1,40,7,1753,2,8,7,1,7
2016220045047,1,9,0,13,0,0,1,0,0,0,3,1,5,1,25,5,1596,1,8,6,1,6
2016220045047,2,9,0,18,0,0,0,0,1,0,2,1,5,2,41,7,1364,1,10,4,1,4
2016220045047,3,9,0,18,0,0,0,0,1,0,1,1,5,1,44,7,1349,1,4,5,3,5
2016220045066,1,9,0,9,0,5,0,0,0,0,4,1,2,1,35,6,1968,2,8,5,1,5
2016220045066,2,9,0,18,0,8,0,0,0,0,1,1,2,1,43,7,1598,1,7,-1,2,-1
2016220045225,1,9,0,18,0,0,5,0,1,3,4,1,6,2,18,4,1984,1,16,7,1,7
2016220045255,1,9,0,7,0,6,0,0,0,0,1,1,5,2,58,9,1997,1,11,8,1,8
2016220045255,2,3,0,18,0,8,0,0,0,0,4,1,5,1,19,4,-1,-1,-1,8,1,8
2016220045311,1,9,0,18,0,0,0,0,0,0,4,1,5,1,77,11,1870,2,11,4,3,4
2016220045392,1,9,0,18,0,3,0,0,0,0,3,1,5,2,38,7,998,1,17,6,3,6
2016220045405,1,9,0,18,0,8,0,0,0,0,1,1,5,2,54,8,1598,1,10,5,3,5
2016220045405,2,9,0,6,0,8,0,0,0,0,3,1,6,3,27,6,2099,1,13,-1,-1,-1
2016220045558,1,9,0,18,0,2,0,0,0,0,1,1,5,2,77,11,1364,1,10,3,1,3
2016220045583,1,9,0,5,0,6,0,0,0,0,1,1,6,1,36,7,1390,1,15,1,1,1
2016220045583,2,9,0,4,0,1,0,0,0,0,4,1,1,1,30,6,1560,2,2,-1,-1,-1
2016220045595,1,9,0,7,0,2,0,0,0,0,1,1,2,3,35,6,1397,1,8,-1,-1,-1
2016220045727,1,9,0,9,0,6,0,0,0,0,0,1,6,3,45,7,-1,-1,-1,-1,-1,-1
2016220045727,2,3,0,16,0,1,1,0,0,0,3,1,2,1,29,6,124,1,15,2,1,2
2016220045805,1,98,0,18,0,1,0,0,0,0,4,1,6,3,28,6,-1,-1,-1,-1,-1,-1
2016220045836,1,9,0,18,0,8,0,0,0,0,1,1,5,1,23,5,1199,1,13,9,1,9
2016220045836,2,9,0,9,0,6,0,0,0,0,3,1,1,1,48,8,1995,2,4,2,1,2
2016220045874,1,9,0,1,0,1,0,0,0,0,2,1,1,2,37,7,2993,2,4,3,1,3
2016220045877,1,9,0,16,0,0,5,0,7,9,3,1,1,1,20,4,1396,2,7,-1,-1,-1
2016220046043,1,9,0,18,0,7,0,0,0,0,2,1,5,2,31,6,1364,1,8,2,1,2
2016220046043,2,9,0,18,0,8,0,0,0,0,1,1,5,1,37,7,1968,2,3,9,1,9
2016220046079,1,9,0,16,0,2,0,0,0,0,4,1,1,1,32,6,1781,1,14,1,1,1
2016220046103,1,9,0,4,0,0,0,0,0,0,3,1,5,1,40,7,1997,2,9,10,1,10
2016220046103,2,9,0,13,0,0,0,0,0,0,4,1,6,1,36,7,1390,1,12,-1,-1,-1
2016220046103,3,9,0,4,0,0,0,0,0,0,1,1,1,1,51,8,1598,2,2,-1,-1,-1
2016220046112,1,9,0,16,0,0,1,0,0,0,1,1,5,1,21,5,1753,2,12,8,2,8
2016220046112,2,9,0,17,0,0,1,0,0,0,1,1,5,2,47,8,1598,1,10,6,1,6
2016220046138,1,9,0,4,0,0,0,0,0,0,1,1,6,1,19,4,1199,1,14,8,3,8
2016220046138,2,9,0,3,0,0,0,0,0,0,2,1,5,2,40,7,2231,2,9,5,2,5
2016220046154,1,9,0,9,0,5,0,0,0,0,2,1,5,2,57,9,1586,1,3,-1,-1,-1
2016220046154,2,9,0,18,0,8,0,0,0,0,1,1,5,2,63,9,1598,1,11,-1,-1,-1
2016220046199,1,9,0,18,0,4,0,0,0,0,4,1,5,2,44,7,998,1,1,9,2,9
2016220046228,1,9,0,13,0,0,0,0,0,0,1,1,5,1,19,4,1590,1,21,6,3,6
2016220046228,2,9,0,18,0,0,0,0,0,0,1,1,5,2,59,9,1796,1,5,10,3,10
2016220046404,1,98,1,5,8,0,0,0,0,0,0,1,1,3,44,7,-1,-1,-1,-1,-1,-1
2016220046404,2,9,0,18,0,0,0,0,1,9,1,1,5,1,23,5,1229,1,11,10,1,10
2016220046644,1,9,0,9,0,6,0,0,0,0,1,1,6,3,34,6,1595,1,20,-1,-1,-1
2016220046644,2,9,0,16,0,8,0,0,0,0,4,1,5,1,35,6,1910,2,11,3,1,3
2016220046697,1,20,0,18,0,0,0,0,1,0,4,1,1,1,54,8,4500,2,8,7,1,7
2016220046925,1,19,0,9,0,6,0,0,0,0,3,1,1,1,56,9,2298,2,1,9,2,9
2016220046925,2,9,0,18,0,8,0,0,0,0,1,1,2,2,60,9,1590,1,13,4,1,4
2016220046934,1,9,0,9,0,5,0,0,0,0,4,1,5,1,35,6,1988,1,13,2,1,2
2016220046934,2,2,0,18,0,8,0,10,7,0,1,1,5,1,16,4,50,1,11,2,1,2
2016220047148,1,9,0,9,0,5,0,0,1,11,3,1,1,1,36,7,1248,2,3,-1,-1,-1
2016220047148,2,9,0,13,0,8,0,0,1,11,1,1,1,1,41,7,1686,2,3,8,1,8
2016220047181,1,9,0,9,0,0,0,0,0,0,1,1,5,1,59,9,-1,-1,-1,6,3,6
2016220047181,2,2,0,7,0,0,0,0,0,0,1,1,5,1,37,7,-1,-1,-1,9,2,9
2016220047204,1,5,0,13,0,0,0,0,0,0,3,1,5,1,23,5,1000,1,8,3,1,3
2016220047204,2,5,0,16,0,0,0,0,1,0,1,1,5,1,36,7,600,1,10,3,1,3
2016220047204,3,9,0,17,0,0,0,0,0,0,3,1,5,1,51,8,1794,1,11,7,1,7
2016220047204,4,9,0,17,0,0,0,0,0,0,3,1,5,1,27,6,2179,2,2,5,1,5
2016220047204,5,9,0,17,0,0,0,0,0,0,3,1,5,1,49,8,1995,2,1,-1,-1,-1
2016220047204,6,9,0,17,0,0,0,0,0,0,3,1,5,1,49,8,2457,1,8,5,1,5
2016220047204,7,9,0,17,0,0,0,0,0,0,3,1,5,1,66,10,2999,2,17,5,3,5
2016220047204,8,9,0,17,0,0,0,0,0,0,3,1,5,1,40,7,1968,2,3,6,3,6
2016220047204,9,9,0,17,0,0,0,0,0,0,1,1,5,1,24,5,1598,2,4,9,2,9
2016220047204,10,9,0,17,0,0,0,0,0,0,1,1,5,1,52,8,973,1,17,6,3,6
2016220047210,1,9,0,16,0,0,1,0,0,0,1,1,6,2,42,7,1796,1,17,6,1,6
2016220047210,2,9,0,17,0,0,0,0,0,0,1,1,3,2,35,6,2200,2,24,4,1,4
2016220047261,1,98,0,9,0,8,0,0,0,0,0,1,1,3,44,7,-1,-1,-1,-1,-1,-1
2016220047261,2,5,0,9,0,8,1,11,0,0,1,1,5,1,34,6,600,1,18,1,1,1
2016220047335,1,9,0,9,0,5,0,0,0,0,1,1,2,1,33,6,1910,2,11,6,1,6
2016220047335,2,1,0,18,0,8,0,0,0,0,3,1,2,1,42,7,-1,-1,-1,3,1,3
2016220047368,1,9,0,16,0,0,1,0,8,4,1,1,2,1,21,5,1242,1,1,5,1,5
2016220047427,1,9,0,1,0,0,0,0,0,0,4,1,5,1,19,4,-1,-1,-1,-1,-1,-1
2016220047456,1,9,0,16,0,0,1,10,1,2,1,1,5,1,53,8,-1,-1,-1,10,1,10
2016220047489,1,9,0,9,0,8,0,0,0,0,3,1,5,1,32,6,1956,2,6,-1,-1,-1
2016220047489,2,9,0,11,0,3,0,0,0,0,4,1,5,1,54,8,1560,2,2,4,1,4
2016220047549,1,9,0,18,0,0,0,8,0,0,4,1,5,2,70,10,1197,1,2,2,1,2
2016220047549,2,9,0,2,0,0,0,0,0,0,3,1,5,1,46,8,1396,1,3,9,1,9
2016220047641,1,9,0,9,0,5,0,0,0,0,1,1,5,1,24,5,999,1,15,2,1,2
2016220047641,2,9,0,18,0,8,0,0,0,0,3,1,5,1,77,11,1396,1,11,9,1,9
2016220047653,1,9,0,18,0,4,0,0,0,0,1,1,5,1,77,11,1598,2,7,6,3,6
2016220047653,2,1,0,18,0,8,0,0,0,0,1,1,5,1,68,10,-1,-1,-1,9,2,9
2016220047662,1,9,0,17,0,0,1,10,1,11,1,1,5,1,26,6,-1,-1,-1,8,3,8
2016220047667,1,19,0,4,0,0,0,0,0,0,2,1,1,1,46,8,2143,2,2,-1,-1,-1
2016220047667,2,9,0,4,0,0,0,0,0,0,1,1,5,1,21,5,1598,2,5,4,1,4
2016220047696,1,3,0,9,0,6,0,0,0,0,1,1,5,1,17,4,125,1,7,5,3,5
2016220047696,2,9,0,18,0,8,0,0,0,0,1,1,5,1,47,8,1991,2,10,5,3,5
2016220047791,1,9,0,9,0,6,0,0,0,0,4,1,5,1,37,7,1339,1,11,6,1,6
2016220047874,1,9,0,17,0,0,2,0,1,10,1,1,5,1,51,8,1390,1,7,6,2,6
2016220047879,1,9,0,18,0,0,1,0,0,0,1,1,5,2,55,8,1360,1,11,5,2,5
2016220047879,2,9,0,3,0,0,0,0,0,0,2,1,5,1,47,8,1149,1,9,6,3,6
2016220047879,3,9,0,3,0,0,0,0,0,0,2,1,5,2,57,9,1388,1,9,10,1,10
2016220047881,1,9,0,18,0,8,1,0,0,0,1,1,5,1,17,4,1598,1,15,5,3,5
2016220047881,2,9,0,10,0,8,0,0,0,0,2,1,5,1,19,4,1596,1,13,7,2,7
2016220047960,1,9,0,16,0,0,1,0,0,0,1,1,2,1,79,11,1984,1,12,-1,-1,-1
2016220047960,2,9,0,17,0,0,0,0,0,0,1,1,5,1,55,8,1991,2,8,6,3,6
2016220047973,1,9,0,18,0,8,0,0,0,0,1,1,5,2,25,5,998,1,9,7,2,7
2016220047973,2,9,0,10,0,8,0,0,0,0,2,1,5,2,27,6,1364,1,10,-1,-1,-1
2016220048040,1,9,0,18,0,0,0,0,0,0,4,1,6,2,46,8,1587,1,13,1,1,1
2016220048081,1,9,0,18,0,0,0,0,1,4,1,1,5,1,32,6,1997,2,13,2,1,2
2016220048097,1,9,0,9,0,5,0,0,0,0,0,1,6,1,54,8,1395,1,1,10,2,10
2016220048097,2,1,0,18,0,8,0,0,0,0,1,1,2,1,37,7,-1,-1,-1,10,1,10
2016220048133,1,9,0,7,0,6,0,0,0,0,3,1,5,2,22,5,1598,1,9,6,3,6
2016220048133,2,21,0,18,0,8,0,0,0,0,1,1,1,1,38,7,7146,2,2,8,1,8
2016220048150,1,9,0,18,0,4,0,0,0,0,1,1,2,1,37,7,-1,-1,-1,7,1,7
2016220048150,2,1,0,18,0,8,0,0,0,0,3,1,2,1,29,6,-1,-1,-1,3,1,3
2016220048220,1,9,0,4,0,1,0,0,0,0,2,1,2,2,39,7,1200,1,14,5,3,5
2016220048220,2,9,0,5,0,4,0,0,0,0,1,1,6,2,23,5,-1,-1,-1,-1,-1,-1
2016220048279,1,9,0,18,0,0,0,4,0,0,1,1,5,1,78,11,1998,1,13,7,3,7
2016220048279,2,9,0,2,0,0,0,0,0,0,2,1,5,2,47,8,1560,2,7,8,3,8
2016220048292,1,9,0,18,0,0,0,0,0,0,1,1,5,2,25,5,1242,1,1,6,3,6
2016220048292,2,9,0,4,0,0,0,0,0,0,2,1,5,1,20,4,1910,2,8,-1,-1,-1
2016220048323,1,9,0,4,0,1,0,0,0,0,4,1,5,1,87,11,1086,1,6,6,1,6
2016220048356,1,9,0,16,0,0,2,0,7,9,1,1,2,2,28,6,1242,1,3,8,1,8
2016220048367,1,9,0,16,0,2,1,0,0,0,1,1,5,1,67,10,1124,1,17,4,3,4
2016220048367,2,9,0,17,0,1,0,0,0,0,1,1,5,1,49,8,2495,2,13,5,3,5
2016220048387,1,9,0,9,0,6,0,0,0,0,1,1,5,2,89,11,996,1,5,5,1,5
2016220048709,1,19,0,18,0,8,0,7,0,0,1,1,2,1,42,7,2287,2,8,1,1,1
2016220048709,2,9,0,10,0,1,0,0,0,0,1,1,5,2,49,8,999,1,2,8,1,8
2016220048709,3,9,0,10,0,1,0,0,0,0,1,1,1,1,65,9,1582,2,5,8,2,8
2016220048718,1,19,0,18,0,0,0,0,0,0,1,1,2,1,22,5,1598,2,5,5,1,5
2016220048718,2,9,0,18,0,0,0,0,0,0,3,1,5,2,29,6,1390,1,10,4,2,4
2016220048973,1,8,0,18,0,8,1,0,0,0,1,1,1,1,40,7,1560,2,4,10,1,10
2016220049179,1,9,0,18,0,0,0,0,0,0,3,1,1,2,32,6,1582,2,3,-1,2,-1
2016220049179,2,9,0,18,0,0,0,0,0,0,3,1,6,1,63,9,2477,2,13,-1,3,-1
2016220049184,1,22,0,5,0,1,0,0,0,0,1,1,5,2,49,8,-1,-1,-1,1,1,1
2016220049184,2,9,0,18,0,1,0,0,0,0,3,1,6,1,47,8,1598,2,2,10,1,10
2016220049252,1,9,0,18,0,7,0,0,0,0,1,1,2,1,51,8,1390,1,13,5,1,5
2016220049252,2,9,0,4,0,7,0,0,0,0,2,1,5,2,61,9,1242,1,6,9,1,9
2016220049252,3,9,0,4,0,7,0,0,0,0,2,1,2,1,57,9,1796,2,3,7,1,7
2016220049371,1,21,0,7,0,2,0,0,0,0,3,1,1,1,52,8,9364,2,10,-1,-1,-1
2016220049511,1,9,0,9,0,6,0,0,0,0,1,1,5,2,58,9,2295,1,17,6,3,6
2016220049511,2,4,0,18,0,8,0,0,0,0,1,1,5,1,55,8,249,1,35,9,2,9
2016220049604,1,9,0,18,0,0,0,0,0,0,4,1,5,2,45,7,1598,1,3,10,1,10
2016220049604,2,1,0,18,4,0,0,0,0,0,3,1,6,1,42,7,-1,-1,-1,4,1,4
2016220049639,1,9,0,18,0,1,0,0,0,0,1,1,2,1,32,6,1968,2,6,9,1,9
2016220049639,2,9,0,4,0,1,0,0,0,0,2,1,2,2,44,7,998,1,6,6,2,6
2016220049639,3,9,0,4,0,1,0,0,0,0,2,1,2,2,44,7,1200,1,1,9,1,9
2016220050544,1,1,0,7,0,5,0,0,0,0,1,1,2,1,41,7,-1,-1,-1,6,1,6
2016220050544,2,9,0,9,0,6,0,0,0,0,1,1,6,2,72,10,2231,2,9,7,1,7
2016220050547,1,19,0,9,0,4,0,0,0,0,1,1,1,1,33,6,1995,2,2,4,1,4
2016220050547,2,1,0,17,0,3,0,0,0,0,4,1,2,2,30,6,-1,-1,-1,7,1,7
2016220050564,1,9,0,17,0,0,0,0,0,0,1,1,3,2,38,7,1242,1,16,5,1,5
2016220050564,2,3,0,4,0,0,1,0,0,0,1,1,2,1,27,6,124,1,5,2,1,2
2016220050632,1,9,0,5,0,6,0,0,0,0,1,1,5,2,82,11,1596,1,9,8,1,8