Accident_Index,Vehicle_Reference,Vehicle_Type,Towing_and_Articulation,Vehicle_Manoeuvre,Vehicle_Location-Restricted_Lane,Junction_Location,Skidding_and_Overturning,Hit_Object_in_Carriageway,Vehicle_Leaving_Carriageway,Hit_Object_off_Carriageway,1st_Point_of_Impact,Was_Vehicle_Left_Hand_Drive?,Journey_Purpose_of_Driver,Sex_of_Driver,Age_of_Driver,Age_Band_of_Driver,Engine_Capacity_(CC),Propulsion_Code,Age_of_Vehicle,Driver_IMD_Decile,Driver_Home_Area_Type,Vehicle_IMD_Decile
2016220067658,3,9,0,4,0,0,0,0,0,0,0,1,1,1,38,7,-1,-1,-1,4,1,4
2016220067658,4,9,0,18,0,0,0,0,0,0,4,1,5,1,39,7,1870,2,12,5,1,5
2016220067658,5,9,0,18,0,0,0,0,0,0,4,1,1,1,48,8,2400,2,4,4,1,4
2016220067658,6,9,0,18,0,0,0,0,0,0,3,1,5,1,27,6,1242,1,9,4,1,4
2016220067729,1,2,0,4,0,0,1,0,0,0,3,1,5,1,16,4,49,1,5,8,1,8
2016220067792,1,9,0,9,0,6,0,0,7,10,1,1,5,1,68,10,1198,1,6,7,1,7
2016220067792,2,9,0,17,0,8,0,0,0,0,1,1,5,1,77,11,1596,1,11,7,2,7
2016220067811,1,5,0,18,0,8,1,0,1,0,1,1,6,1,43,7,749,1,7,-1,-1,-1
2016220067811,2,9,0,9,0,6,0,0,0,0,1,1,5,1,82,11,-1,-1,-1,8,1,8
2016220067821,1,9,0,1,0,1,0,0,0,0,2,1,6,3,34,6,1360,1,19,-1,-1,-1
2016220067821,2,9,0,8,0,1,0,0,0,0,1,1,3,1,36,7,1896,2,8,-1,-1,-1
2016220067855,1,9,0,18,0,8,0,0,0,0,1,1,2,1,42,7,1753,2,10,4,2,4
2016220067855,2,9,0,10,0,8,0,0,0,0,2,1,3,2,62,9,1799,1,19,8,2,8
2016220068025,1,9,0,4,0,2,0,0,0,0,2,2,3,2,32,6,998,1,14,3,1,3
2016220068025,2,9,0,18,0,2,0,0,0,0,1,1,5,1,84,11,1339,1,9,10,1,10
2016220068051,1,9,0,18,0,8,0,7,0,0,1,1,5,2,69,10,1896,2,13,9,1,9
2016220068051,2,9,0,9,0,6,0,0,0,0,1,1,5,2,63,9,1364,1,10,4,1,4
2016220068277,1,9,0,14,0,0,0,0,0,0,1,1,6,1,67,10,1598,1,5,-1,-1,-1
2016220068277,2,19,0,2,0,0,0,0,0,0,0,1,5,1,31,6,1598,2,1,2,1,2
2016220068401,1,9,0,13,0,0,0,0,0,0,4,1,6,3,34,6,-1,-1,-1,-1,-1,-1
2016220068401,2,1,0,18,0,0,0,0,0,0,3,1,5,1,23,5,-1,-1,-1,1,1,1
2016220068449,1,1,0,18,0,0,0,0,0,0,3,1,5,1,67,10,-1,-1,-1,6,3,6
2016220068449,2,9,0,18,0,0,0,0,0,0,3,1,6,2,34,6,-1,-1,-1,-1,-1,-1
2016220068535,1,9,0,9,0,5,0,0,0,0,3,1,5,1,18,4,1896,2,12,4,1,4
2016220068535,2,1,0,13,0,8,0,0,0,0,1,1,5,1,50,8,-1,-1,-1,4,1,4
2016220068556,1,9,0,13,0,8,0,0,0,0,1,1,6,3,-1,-1,3200,1,9,-1,-1,-1
2016220068556,2,9,0,9,0,5,0,0,0,0,3,1,5,1,19,4,1149,1,11,2,1,2
2016220068750,1,9,0,18,0,0,0,0,7,10,1,1,2,1,43,7,1910,2,8,7,2,7
2016220068766,1,9,0,16,0,0,1,0,1,0,1,1,6,1,36,7,1196,1,21,2,1,2
2016220068766,2,21,1,17,0,0,3,0,0,0,1,1,1,1,51,8,12902,2,3,10,2,10
2016220068794,1,9,0,17,0,0,2,0,2,1,4,1,5,1,26,6,1560,2,5,3,1,3
2016220068794,2,9,0,17,0,0,0,0,0,0,3,1,5,1,42,7,1198,1,12,8,1,8
2016220068945,1,9,0,13,0,0,0,0,0,0,1,1,6,3,34,6,1753,2,9,-1,-1,-1
2016220068945,2,9,0,18,0,0,1,0,0,0,3,1,1,1,40,7,1363,2,12,4,1,4
2016220068945,3,5,0,18,0,0,1,0,1,0,3,1,5,1,30,6,1052,1,19,3,1,3
2016220069004,1,9,0,18,0,0,0,0,0,0,1,1,6,3,34,6,-1,-1,-1,-1,-1,-1
2016220069004,2,2,0,4,0,0,0,0,0,0,2,1,5,1,24,5,49,1,17,1,1,1
2016220069009,1,9,0,5,0,4,0,0,0,0,3,1,5,2,49,8,1598,1,6,9,1,9
2016220069009,2,1,0,18,0,8,0,0,0,0,4,1,2,2,55,8,-1,-1,-1,9,1,9
2016220069020,1,9,0,18,0,0,0,8,0,0,1,1,6,1,48,8,2494,2,26,10,2,10
2016220069020,2,9,0,2,0,0,0,0,0,0,4,1,6,1,30,6,1398,2,8,8,1,8
2016220069033,1,9,0,7,0,3,0,0,0,0,3,1,5,1,47,8,1599,1,12,4,1,4
2016220069033,2,1,0,5,0,8,0,0,0,0,1,1,5,1,11,3,-1,-1,-1,5,1,5
2016220069080,1,9,0,5,0,6,0,0,0,0,1,1,6,2,26,6,1388,1,12,-1,-1,-1
2016220069080,2,9,0,7,0,6,0,0,0,0,2,1,5,1,28,6,1764,1,21,7,3,7
2016220069138,1,9,0,18,0,0,0,0,0,0,4,1,5,2,52,8,1598,1,10,9,2,9
2016220069153,1,9,0,11,0,0,0,0,0,0,0,1,6,2,45,7,1968,2,3,6,3,6
2016220069153,2,9,0,18,0,0,0,10,0,0,4,1,5,2,28,6,1582,2,7,1,1,1
2016220069191,1,5,0,18,0,0,1,0,7,4,1,1,5,1,32,6,599,1,15,4,1,4
2016220069191,2,5,0,4,0,0,0,0,0,0,2,1,5,1,40,7,998,1,9,7,1,7
2016220069231,1,9,0,18,0,4,0,0,0,0,1,1,6,1,26,6,-1,-1,-1,4,1,4
2016220069231,2,9,0,3,0,1,0,0,0,0,2,1,5,2,44,7,998,1,3,2,1,2
2016220069262,1,5,0,18,0,8,0,0,0,0,1,1,5,2,31,6,644,1,10,3,1,3
2016220069262,2,9,0,9,0,5,0,0,0,0,1,1,5,1,25,5,1360,1,16,2,1,2
2016220069268,1,9,0,1,0,1,0,0,0,0,2,1,6,3,34,6,-1,-1,-1,-1,-1,-1
2016220069268,2,9,0,4,0,1,0,0,0,0,1,1,2,1,52,8,2993,2,-1,8,1,8
2016220069377,1,9,0,18,0,0,0,0,0,0,1,1,6,3,34,6,-1,-1,-1,-1,-1,-1
2016220069473,1,9,0,11,0,8,0,0,0,0,4,1,6,2,49,8,1896,2,11,8,1,8
2016220069473,2,9,0,18,0,8,0,0,0,0,1,1,1,2,25,5,998,1,3,6,1,6
2016220069519,1,5,0,14,0,0,0,0,0,0,4,1,6,1,51,8,1215,1,2,-1,-1,-1
2016220069519,2,9,0,6,0,0,0,0,0,0,1,1,6,2,60,9,-1,3,1,5,2,5
2016220069767,1,9,0,18,0,0,0,12,1,0,1,1,6,2,32,6,1598,1,10,9,3,9
2016220069830,1,9,0,5,0,4,0,0,0,0,1,1,6,1,83,11,1998,1,14,7,3,7
2016220069830,2,1,0,3,0,1,0,0,0,0,2,1,5,1,38,7,-1,-1,-1,7,1,7
2016220069853,1,5,0,16,0,8,1,0,0,0,1,1,5,1,68,10,-1,-1,-1,5,1,5
2016220069853,2,21,0,9,0,6,0,0,0,0,3,1,1,1,53,8,-1,-1,-1,9,3,9
2016220069854,1,9,0,5,0,4,0,0,0,0,1,1,6,3,34,6,1997,2,15,-1,-1,-1
2016220069854,2,9,0,4,0,4,0,0,0,0,2,1,5,2,31,6,1398,1,4,2,1,2
2016220069865,1,9,0,13,0,6,0,0,0,0,4,1,6,3,34,6,-1,-1,-1,-1,-1,-1
2016220069865,2,1,0,9,0,6,0,0,0,0,3,1,5,1,36,7,-1,-1,-1,8,1,8
2016220069919,1,9,0,18,0,1,0,0,0,0,3,1,6,2,43,7,1900,2,11,9,1,9
2016220069919,2,9,0,18,0,8,0,0,0,0,1,1,1,1,35,6,1582,2,5,5,1,5
2016220069942,1,9,0,18,0,1,0,0,0,0,1,1,6,1,22,5,1000,1,16,2,1,2
2016220069942,2,9,0,9,0,8,0,0,0,0,4,1,6,1,25,5,-1,-1,-1,-1,-1,-1
2016220069971,1,9,0,16,0,0,1,0,0,0,1,1,5,1,36,7,1796,1,26,1,1,1
2016220069971,2,9,0,17,0,0,0,0,0,0,1,1,5,2,37,7,1956,2,-1,1,1,1
2016220070034,1,9,0,18,0,0,0,0,0,0,1,1,5,1,58,9,1560,2,4,9,3,9
2016220070102,1,9,0,18,0,8,1,0,0,0,1,1,6,3,34,6,-1,-1,-1,-1,-1,-1
2016220070102,2,9,0,18,0,8,1,0,0,0,1,1,5,2,31,6,1248,2,11,4,1,4
2016220070256,1,9,0,16,0,0,0,0,0,0,1,1,5,1,87,11,998,1,6,8,3,8
2016220070256,2,1,0,16,0,0,0,0,0,0,2,1,5,1,52,8,-1,-1,-1,10,2,10
2016220070439,1,9,0,16,0,0,0,0,7,10,1,1,6,1,46,8,-1,-1,-1,1,1,1
2016220070439,2,9,0,18,0,0,0,0,0,0,0,1,1,1,37,7,-1,-1,-1,5,1,5
2016220070446,1,17,0,18,0,0,0,0,0,0,1,1,1,1,57,9,-1,2,43,5,3,5
2016220070446,2,16,0,18,0,0,0,0,0,0,4,1,5,2,28,6,-1,-1,-1,9,2,9
2016220070481,1,5,0,18,0,8,0,0,1,4,1,1,5,1,32,6,656,1,10,2,1,2
2016220070502,1,9,0,16,0,8,0,10,7,11,1,1,5,1,76,11,-1,-1,-1,8,1,8
2016220070502,2,9,0,1,0,6,0,0,0,0,0,1,5,2,45,7,-1,-1,-1,8,1,8
2016220070522,1,9,0,18,0,8,0,0,0,0,1,1,6,1,26,6,1896,2,11,8,1,8
2016220070522,2,9,0,7,0,5,0,0,0,0,4,1,5,1,24,5,-1,-1,-1,1,1,1
2016220070530,1,9,0,13,0,0,0,0,0,0,4,1,6,2,56,9,1997,2,11,-1,-1,-1
2016220070530,2,1,0,18,0,0,0,0,0,0,3,1,5,2,37,7,-1,-1,-1,-1,3,-1
2016220070569,1,9,0,18,0,4,0,0,0,0,1,1,5,2,52,8,1560,2,2,-1,-1,-1
2016220070569,2,9,0,4,0,1,0,0,0,0,2,1,6,3,34,6,-1,-1,-1,-1,-1,-1
2016220070606,1,3,0,14,0,0,0,0,0,0,1,1,2,1,24,5,124,1,16,8,1,8
2016220070747,1,9,0,16,0,0,0,0,0,0,4,1,5,2,30,6,-1,-1,-1,10,1,10
2016220070795,1,21,2,18,0,0,0,0,0,0,4,1,1,1,58,9,12740,2,1,6,2,6
2016220070834,1,9,0,18,0,2,0,0,0,0,1,1,6,2,59,9,1299,1,15,2,2,2
2016220070834,2,9,0,3,0,2,0,0,0,0,2,1,2,1,25,5,1896,2,12,1,1,1
2016220070896,1,9,0,9,0,6,0,0,0,0,1,1,6,2,28,6,1796,1,11,3,1,3
2016220070896,2,9,0,9,0,1,0,0,8,10,4,1,6,1,29,6,1896,2,12,4,1,4
2016220070907,1,9,0,1,0,0,0,0,0,0,3,1,5,1,33,6,1198,1,2,-1,-1,-1
2016220070974,1,9,0,18,0,8,1,0,0,0,1,1,5,1,21,5,1229,1,11,4,2,4
2016220070974,2,9,0,3,0,8,0,0,0,0,2,1,5,1,24,5,1598,2,1,8,2,8
2016220070974,3,9,0,18,0,8,1,0,0,0,1,1,5,1,52,8,1560,2,3,-1,-1,-1
2016220070974,4,9,0,10,0,8,0,0,0,0,0,1,5,2,32,6,1753,2,11,-1,-1,-1
2016220071056,1,9,0,18,0,1,0,0,0,0,1,1,6,2,34,6,1489,1,18,7,1,7
2016220071056,2,9,0,4,0,1,0,10,1,0,2,1,5,2,31,6,1299,1,13,1,1,1
2016220071057,1,3,0,7,0,5,1,0,0,0,3,1,5,1,20,4,124,1,9,6,1,6
2016220071057,2,9,4,7,0,6,0,0,0,0,3,1,1,1,21,5,-1,-1,-1,4,3,4
2016220071085,1,9,0,9,0,6,0,0,0,0,1,1,6,3,34,6,-1,-1,-1,-1,-1,-1
2016220071109,1,98,0,17,0,0,0,0,0,0,3,1,6,3,34,6,-1,-1,-1,-1,-1,-1
2016220071109,2,1,0,16,0,0,0,0,0,0,3,1,5,2,63,9,-1,-1,-1,6,2,6
2016220071179,1,98,0,17,0,0,0,0,0,0,0,1,5,3,40,7,-1,-1,-1,-1,-1,-1
2016220071179,2,9,0,16,0,0,0,0,2,0,1,1,2,2,33,6,1242,1,12,7,2,7
2016220071297,1,9,0,18,0,1,0,0,0,0,1,1,6,3,25,5,-1,-1,-1,-1,-1,-1
2016220071318,1,9,0,4,0,1,0,0,0,0,2,1,6,2,19,4,998,1,13,6,1,6
2016220071318,2,9,0,18,0,1,0,0,0,0,1,1,6,2,40,7,-1,-1,-1,-1,-1,-1
2016220071319,1,9,0,18,0,0,5,0,1,7,1,1,2,1,46,8,1198,1,2,1,1,1
2016220071354,1,9,0,9,0,2,0,10,0,0,1,1,6,2,34,6,-1,-1,-1,2,1,2
2016220071354,2,9,0,9,0,1,0,0,0,0,1,1,6,2,19,4,1999,1,13,1,1,1
2016220071380,1,9,0,18,0,0,0,0,0,0,1,1,6,3,40,7,-1,-1,-1,-1,-1,-1
2016220071380,2,1,0,18,0,0,0,0,0,0,2,1,6,1,61,9,-1,-1,-1,6,1,6
2016220071386,1,9,0,4,0,0,0,0,0,0,2,1,5,2,21,5,1995,2,4,6,3,6
2016220071386,2,9,0,18,0,0,0,0,0,0,1,1,5,2,22,5,998,1,1,8,1,8
2016220071393,1,9,0,18,0,1,0,0,0,0,1,1,6,1,33,6,1995,2,10,9,1,9
2016220071393,2,9,0,4,0,1,0,0,0,0,2,1,6,1,65,9,1989,1,16,4,1,4
2016220071402,1,9,0,18,0,0,0,0,1,0,2,1,5,2,20,4,998,1,3,8,1,8
2016220071402,2,9,0,18,0,0,0,0,0,0,1,1,6,3,19,4,-1,-1,-1,-1,-1,-1
2016220071471,1,19,0,9,0,5,0,0,0,0,1,1,5,1,25,5,1995,2,4,9,1,9
2016220071471,2,3,0,18,0,8,0,0,0,0,1,1,5,1,19,4,125,1,4,4,3,4
2016220071639,1,1,0,18,0,0,0,0,0,0,1,1,6,2,28,6,-1,-1,-1,-1,-1,-1
2016220071646,1,9,0,17,0,0,1,0,1,0,1,1,5,2,29,6,1910,2,7,6,3,6
2016220071663,1,9,0,18,0,1,5,0,1,4,1,1,5,1,40,7,1390,1,11,3,1,3
2016220071663,2,9,0,4,0,1,0,0,0,0,2,1,5,1,42,7,1968,2,9,10,1,10
2016220071694,1,9,0,1,0,0,0,0,0,0,2,1,6,3,34,6,1598,1,8,-1,-1,-1
2016220071711,1,9,0,18,0,0,5,10,0,0,1,1,5,1,19,4,1364,1,10,6,2,6
2016220071711,2,9,0,2,0,0,0,0,0,0,2,1,5,2,18,4,1124,1,11,7,2,7
2016220071876,1,9,0,18,0,1,0,0,0,0,1,1,6,2,70,10,1951,2,10,6,2,6
2016220071896,1,11,0,18,0,0,0,0,0,0,4,1,1,1,58,9,7300,2,9,6,1,6
2016220071896,2,1,0,18,0,0,0,0,0,0,3,1,6,2,61,9,-1,-1,-1,6,3,6
2016220071911,1,9,0,16,0,0,2,0,7,0,1,1,2,1,30,6,1242,1,15,1,1,1
2016220071997,1,19,0,17,0,0,0,6,0,0,1,1,1,1,73,10,1998,2,13,6,2,6
2016220072006,1,9,0,9,0,4,0,0,0,0,4,1,5,2,23,5,1390,1,12,6,3,6
2016220072006,2,9,0,18,0,1,0,0,0,0,1,1,2,2,23,5,1124,1,5,6,3,6
2016220072017,1,9,0,9,0,2,0,0,0,0,0,1,2,2,25,5,1598,1,12,3,1,3
2016220072035,1,1,0,5,0,6,0,0,0,0,1,1,6,2,45,7,-1,-1,-1,5,1,5
2016220072035,2,9,0,18,0,8,0,0,0,0,1,1,5,2,48,8,1995,2,2,5,1,5
2016220072054,1,5,0,5,0,8,1,2,0,0,1,1,5,1,50,8,1170,1,1,7,1,7
2016220072076,1,9,0,18,0,0,1,0,0,0,1,1,5,2,32,6,1360,1,13,1,1,1
2016220072076,2,9,0,4,0,0,0,0,0,0,2,1,5,1,19,4,1124,1,11,-1,-1,-1
2016220072115,1,9,0,18,0,0,2,0,7,10,1,1,5,2,35,6,1598,1,14,3,1,3
2016220072221,1,5,0,17,0,1,0,0,1,4,1,1,5,1,27,6,1000,1,7,3,1,3
2016220072247,1,9,0,18,0,2,0,0,0,0,1,1,5,1,49,8,1229,1,11,2,1,2
2016220072247,2,9,0,3,0,2,0,0,0,0,2,1,5,1,42,7,-1,-1,-1,4,1,4
2016220072252,1,9,0,16,0,0,5,0,1,9,3,1,2,2,19,4,1242,1,6,2,1,2
2016220072252,2,98,1,17,0,0,0,0,0,0,3,1,1,3,44,7,-1,-1,-1,-1,-1,-1
2016220072261,1,19,0,18,0,3,0,0,0,0,1,1,6,1,49,8,1753,2,13,5,1,5
2016220072261,2,9,0,9,0,4,0,0,0,0,1,1,5,2,44,7,1995,1,8,-1,-1,-1
2016220072338,1,9,0,18,0,0,0,0,0,0,1,1,5,2,18,4,1242,1,4,6,3,6
2016220072377,1,9,0,18,0,8,0,0,0,0,1,1,2,1,25,5,-1,-1,-1,5,3,5
2016220072377,2,9,0,10,0,8,0,0,0,0,2,1,1,2,39,7,-1,-1,-1,8,2,8
2016220072377,3,9,0,18,0,8,0,0,0,0,1,1,5,2,59,9,-1,-1,-1,5,3,5
2016220072420,1,9,0,16,0,8,0,0,7,11,1,1,5,1,24,5,1991,1,3,1,1,1
2016220072420,2,20,0,18,0,6,0,0,0,0,1,1,1,1,48,8,-1,2,29,6,3,6
2016220072468,1,9,0,18,0,8,0,0,0,0,1,1,5,1,71,10,1598,1,15,-1,-1,-1
2016220072468,2,9,0,3,0,8,0,0,0,0,2,1,5,2,26,6,1598,1,6,6,1,6
2016220072552,1,9,0,18,0,0,0,4,7,0,1,1,5,1,75,10,2982,2,1,8,3,8
2016220072552,2,9,0,2,0,0,0,10,1,11,3,1,5,2,56,9,1560,2,8,8,1,8
2016220072587,1,5,0,17,0,0,0,0,1,0,1,1,5,1,65,9,690,1,4,8,1,8
2016220072618,1,19,0,9,0,8,1,0,0,0,4,1,1,1,34,6,2402,2,6,4,1,4
2016220072618,2,9,0,8,0,1,0,0,0,0,4,1,5,2,45,7,1560,2,4,5,3,5
2016220072618,3,19,4,18,0,1,1,0,0,0,1,1,1,1,49,8,2402,2,5,7,3,7
2016220072640,1,9,0,1,0,0,0,0,0,0,2,1,5,1,50,8,1988,1,14,-1,-1,-1
2016220072690,1,9,0,18,0,0,0,0,0,0,0,1,6,3,34,6,-1,-1,-1,-1,-1,-1
2016220072690,2,5,0,9,0,0,0,0,0,0,3,1,5,1,63,9,1200,1,12,7,1,7
2016220072761,1,9,0,4,0,1,0,0,0,0,2,1,5,2,28,6,1596,1,7,6,3,6
2016220072761,2,9,0,4,0,1,0,0,0,0,1,1,5,1,59,9,1968,2,4,-1,-1,-1
2016220072821,1,9,0,18,0,8,0,0,0,0,1,1,2,2,28,6,1368,1,8,1,1,1
2016220072821,2,9,0,4,0,8,0,0,0,0,2,1,2,2,45,7,2143,2,5,9,1,9
2016220072900,1,4,0,18,0,0,0,0,0,0,1,1,6,1,61,9,-1,-1,-1,10,1,10
2016220072928,1,9,0,5,0,4,0,0,0,0,1,1,2,1,67,10,-1,-1,-1,3,1,3
2016220072928,2,3,0,18,0,5,1,0,0,0,4,1,2,1,18,4,124,1,1,9,1,9
2016220072928,3,9,0,3,0,1,0,0,0,0,1,1,2,2,43,7,1360,1,11,10,1,10
2016220072962,1,9,0,7,0,1,0,0,0,0,1,1,6,2,40,7,1399,2,8,7,1,7
2016220072962,2,9,0,7,0,1,0,0,0,0,4,1,6,1,32,6,1598,1,6,1,1,1
2016220073019,1,9,0,18,0,1,0,0,0,0,3,1,5,2,50,8,1390,1,15,4,1,4
2016220073076,1,9,0,16,0,0,0,0,7,0,1,1,5,1,24,5,2460,2,12,3,1,3
2016220073134,1,9,0,2,0,0,0,0,0,0,2,1,5,1,35,6,1149,1,14,5,2,5
2016220073134,2,1,0,18,0,0,0,4,0,0,1,1,5,1,51,8,-1,-1,-1,8,2,8
2016220073172,1,9,0,18,0,0,0,0,0,0,1,1,6,1,26,6,995,1,4,3,1,3
2016220073172,2,9,0,3,0,0,0,0,0,0,2,1,6,1,30,6,1796,1,9,2,1,2
2016220073182,1,9,0,5,0,0,0,4,0,0,1,1,6,1,90,11,1390,1,4,8,1,8
2016220073182,2,98,0,2,0,0,0,0,0,0,1,1,1,1,47,8,-1,-1,-1,2,1,2
2016220073204,1,9,0,9,0,6,0,0,0,0,3,1,5,2,53,8,1994,1,9,5,3,5
2016220073204,2,9,0,18,0,8,0,0,0,0,1,1,3,2,32,6,1495,1,9,5,3,5
2016220073259,1,5,0,16,0,0,0,0,7,10,1,1,5,1,51,8,-1,-1,-1,8,1,8
2016220073259,2,9,0,17,0,0,0,0,0,0,3,1,5,1,49,8,1586,1,2,7,2,7
2016220073273,1,5,0,16,0,0,0,0,7,1,3,1,5,1,19,4,1198,1,5,-1,-1,-1
2016220073323,1,98,0,13,0,0,0,0,0,0,4,1,6,3,34,6,-1,-1,-1,-1,-1,-1
2016220073323,2,1,0,18,0,0,0,0,1,9,3,1,2,1,49,8,-1,-1,-1,8,1,8
2016220073357,1,9,0,18,0,0,1,0,2,9,1,1,5,2,47,8,1360,1,8,9,3,9
2016220073399,1,1,0,18,0,8,0,0,0,0,4,1,5,1,40,7,-1,-1,-1,7,1,7
2016220073414,1,9,0,16,0,0,0,0,7,10,1,1,5,1,21,5,-1,-1,-1,2,1,2
2016220073419,1,9,0,9,0,6,0,0,0,0,3,1,2,2,29,6,1149,1,10,-1,-1,-1
2016220073419,2,19,0,18,0,8,0,0,0,0,1,1,2,1,51,8,1461,2,4,9,1,9
2016220073488,1,9,0,18,0,8,0,0,0,0,4,1,1,1,47,8,1686,2,2,-1,-1,-1
2016220073488,2,19,0,6,0,8,0,0,0,0,3,1,1,1,36,7,1598,2,2,-1,-1,-1
2016220073505,1,9,0,18,0,0,0,0,0,0,1,1,5,1,50,8,2143,2,6,8,1,8
2016220073505,2,9,0,18,0,0,0,0,0,0,2,1,5,2,32,6,1360,1,15,4,1,4
2016220073602,1,3,0,17,0,0,0,0,2,0,1,1,2,1,30,6,125,1,1,5,1,5
2016220073609,1,9,0,13,0,0,0,0,8,4,1,1,5,1,40,7,2495,2,13,6,3,6
2016220073609,2,9,0,18,0,0,0,0,0,0,0,1,5,1,39,7,2993,2,10,9,1,9
2016220073646,1,9,0,18,0,2,0,0,0,0,1,1,6,3,22,5,-1,-1,-1,-1,-1,-1
2016220073697,1,9,0,4,0,1,0,0,0,0,1,1,6,1,22,5,1798,1,4,3,1,3
2016220073697,2,9,0,3,0,1,0,0,0,0,2,1,6,1,58,9,1769,1,14,-1,-1,-1
2016220073782,1,9,0,16,0,0,1,0,2,0,1,1,1,2,19,4,-1,-1,-1,6,3,6
2016220073782,2,9,0,17,0,0,0,0,1,0,1,1,6,2,52,8,1398,1,4,6,3,6
2016220073820,1,9,0,18,0,4,0,0,0,0,0,1,6,3,63,9,1798,1,1,9,3,9
2016220073820,2,3,0,7,0,4,0,0,0,0,3,1,5,1,18,4,125,1,17,2,1,2
2016220073878,1,9,0,18,0,0,0,0,0,0,3,1,5,1,61,9,1242,1,5,7,2,7
2016220073933,1,9,0,16,0,0,0,0,7,11,1,1,5,1,55,8,1798,1,12,6,3,6
2016220074092,1,4,0,5,0,0,1,0,0,0,3,1,5,1,18,4,-1,-1,-1,-1,-1,-1
2016220074096,1,9,0,18,0,0,0,0,5,6,3,1,5,1,26,6,1998,1,7,5,2,5
2016220074121,1,21,1,18,0,0,0,4,0,0,1,1,1,1,41,7,9186,2,3,5,1,5
2016220074121,2,21,0,2,0,0,0,0,0,0,2,1,1,1,54,8,5880,2,8,5,1,5
2016220074152,1,9,0,9,0,6,0,0,0,0,1,1,6,3,34,6,-1,-1,-1,-1,-1,-1
2016220074152,2,9,0,18,0,8,0,0,0,0,4,1,5,1,30,6,1391,1,17,9,3,9
2016220074222,1,9,0,17,0,0,2,0,2,0,1,1,5,2,21,5,-1,-1,-1,5,3,5
2016220074344,1,9,0,9,0,5,0,0,0,0,1,1,2,1,32,6,2143,2,3,-1,-1,-1
2016220074344,2,1,0,18,0,8,0,0,0,0,1,1,5,1,53,8,-1,-1,-1,4,1,4
2016220074354,1,9,0,18,0,0,0,0,0,0,3,1,5,2,45,7,1390,1,12,7,1,7
2016220074418,1,9,0,16,0,0,5,0,2,10,4,1,5,1,23,5,1753,2,13,9,2,9
2016220074457,1,9,0,4,0,1,0,0,0,0,1,1,5,1,43,7,1870,2,12,4,1,4
2016220074457,2,9,0,3,0,1,0,0,0,0,2,1,5,1,38,7,1968,2,5,5,2,5
2016220074457,3,9,0,3,0,1,0,0,0,0,2,1,5,2,27,6,1686,2,7,6,1,6
2016220074457,4,8,0,3,0,1,0,0,0,0,2,1,1,2,49,8,2231,2,9,1,1,1
2016220074606,1,9,0,9,0,5,0,0,0,0,1,1,5,1,74,10,1598,1,2,5,3,5
2016220074606,2,9,0,18,0,8,0,0,0,0,1,1,5,1,83,11,1798,1,1,8,1,8
2016220074613,1,9,0,18,0,0,0,0,0,0,1,1,6,3,34,6,1998,1,16,-1,-1,-1
2016220074613,2,9,0,18,0,0,0,0,0,0,2,1,5,2,61,9,1197,1,1,7,3,7
2016220074732,1,5,0,4,0,4,0,9,0,0,1,1,6,1,63,9,675,1,5,6,1,6
2016220074823,1,9,0,6,0,8,0,0,0,0,3,1,2,1,21,5,1199,1,15,1,1,1
2016220074823,2,21,1,18,0,8,0,0,0,0,1,2,1,1,52,8,-1,-1,-1,7,1,7
2016220074831,1,9,4,18,0,0,2,4,5,6,3,1,1,1,40,7,3050,2,21,4,1,4
2016220074831,2,21,0,2,6,0,0,0,0,0,3,1,1,1,35,6,12777,2,1,8,2,8
2016220074831,3,20,0,2,6,0,0,0,0,0,3,1,1,1,52,8,3920,2,6,1,1,1
2016220074868,1,9,0,18,0,1,1,0,0,0,1,1,5,1,27,6,1199,1,15,5,1,5
2016220074876,1,9,0,9,0,6,0,0,0,0,1,1,6,1,34,6,-1,-1,-1,-1,-1,-1
2016220074876,2,9,0,18,0,8,0,0,0,0,4,1,2,1,22,5,1598,1,14,8,3,8
2016220074888,1,3,0,14,0,0,1,4,0,0,1,1,5,1,19,4,124,1,7,9,1,9
2016220074888,2,9,0,17,0,0,0,0,0,0,1,1,5,1,51,8,1596,1,14,5,1,5
2016220074888,3,9,0,2,0,0,0,0,0,0,2,1,6,1,52,8,1968,2,4,4,1,4
2016220074934,1,9,0,18,0,1,0,0,0,0,3,1,5,2,22,5,1368,1,6,2,1,2
2016220074934,2,9,0,13,0,1,0,0,0,0,4,1,5,1,30,6,1968,2,5,7,2,7
2016220074944,1,9,0,9,0,6,0,0,0,0,3,1,6,2,83,11,1598,1,18,9,3,9
2016220074944,2,9,0,18,0,1,1,0,0,0,1,1,6,1,23,5,1600,1,23,8,1,8
2016220074954,1,98,0,7,0,1,0,0,0,0,4,1,2,1,25,5,-1,-1,-1,-1,-1,-1
2016220074954,2,1,0,18,0,1,0,0,0,0,3,1,2,1,34,6,-1,-1,-1,2,1,2
2016220074957,1,9,0,4,0,0,0,0,0,0,2,1,2,1,48,8,1956,2,3,5,3,5
2016220074957,2,9,0,18,0,0,0,0,0,0,1,1,2,2,41,7,1598,1,11,8,1,8