Accident_Index,Vehicle_Reference,Vehicle_Type,Towing_and_Articulation,Vehicle_Manoeuvre,Vehicle_Location-Restricted_Lane,Junction_Location,Skidding_and_Overturning,Hit_Object_in_Carriageway,Vehicle_Leaving_Carriageway,Hit_Object_off_Carriageway,1st_Point_of_Impact,Was_Vehicle_Left_Hand_Drive?,Journey_Purpose_of_Driver,Sex_of_Driver,Age_of_Driver,Age_Band_of_Driver,Engine_Capacity_(CC),Propulsion_Code,Age_of_Vehicle,Driver_IMD_Decile,Driver_Home_Area_Type,Vehicle_IMD_Decile
2016220078321,1,9,0,5,0,8,0,0,0,0,1,1,5,1,25,5,1595,1,19,2,1,2
2016220078321,2,97,0,4,0,8,0,0,0,0,2,1,5,1,21,5,-1,-1,-1,-1,-1,-1
2016220078334,1,9,0,4,0,8,1,0,0,0,1,1,5,1,73,10,-1,-1,-1,9,2,9
2016220078334,2,9,0,10,0,6,0,0,0,0,2,1,5,1,28,6,1970,1,13,-1,3,-1
2016220078334,3,9,0,18,0,8,0,0,0,0,1,1,5,2,52,8,1598,1,1,5,3,5
2016220078341,1,9,0,7,0,4,0,0,0,0,4,1,5,1,20,4,1560,2,10,2,1,2
2016220078341,2,9,0,7,0,4,0,0,0,0,3,1,5,1,24,5,1999,1,13,4,1,4
2016220078349,1,9,0,18,0,0,0,0,0,0,4,1,1,1,26,6,-1,-1,-1,9,1,9
2016220078349,2,19,0,18,0,0,0,0,0,0,3,1,5,1,34,6,2198,2,5,2,1,2
2016220078380,1,9,0,17,0,8,0,4,0,0,1,1,2,2,29,6,1242,1,7,8,1,8
2016220078380,2,9,0,2,0,8,0,0,0,0,1,1,5,2,37,7,1598,1,11,2,1,2
2016220078384,1,9,0,9,0,6,0,0,0,0,1,1,5,2,28,6,1870,2,17,6,2,6
2016220078384,2,9,0,18,0,8,0,0,0,0,1,1,5,2,28,6,1198,1,5,-1,-1,-1
2016220078409,1,9,0,3,0,0,0,0,0,0,2,1,5,2,45,7,1489,1,19,3,1,3
2016220078409,2,9,0,4,0,0,0,0,0,0,2,1,5,2,72,10,1242,1,3,6,1,6
2016220078409,3,9,0,4,0,0,0,0,0,0,1,1,5,2,26,6,1405,1,12,9,1,9
2016220078418,1,9,0,18,0,0,0,0,0,0,1,1,5,2,70,10,1951,2,14,6,3,6
2016220078418,2,9,0,9,0,0,0,0,0,0,3,1,5,2,22,5,1390,1,5,4,1,4
2016220078471,1,9,0,17,0,0,0,0,1,10,3,1,5,1,40,7,-1,-1,-1,5,3,5
2016220078471,2,98,0,16,0,0,0,0,0,0,3,1,1,3,45,7,-1,-1,-1,-1,-1,-1
2016220078476,1,9,0,9,0,5,0,0,0,0,1,1,2,1,23,5,1242,1,3,2,1,2
2016220078476,2,9,0,18,0,8,0,0,0,0,3,1,5,1,26,6,998,1,14,1,1,1
2016220078480,1,9,0,9,0,5,0,0,0,0,4,1,5,1,23,5,1998,2,15,5,3,5
2016220078480,2,9,0,18,0,8,0,0,0,0,1,1,5,2,69,10,1968,2,2,5,3,5
2016220078487,1,9,0,5,0,0,0,0,0,0,4,1,1,1,18,4,1229,1,11,3,1,3
2016220078487,2,9,0,17,0,0,0,0,0,0,1,1,1,1,18,4,1242,1,9,6,3,6
2016220078497,1,9,0,18,0,0,0,11,0,0,1,2,5,1,74,10,1769,1,15,2,1,2
2016220078520,1,9,0,3,0,0,0,0,0,0,2,1,2,2,40,7,2477,2,11,6,3,6
2016220078520,2,9,0,3,0,0,0,0,0,0,2,1,5,2,58,9,1398,2,5,7,2,7
2016220078520,3,9,0,18,0,0,0,0,0,0,1,1,5,1,46,8,1461,2,1,8,1,8
2016220078625,1,4,0,5,0,4,0,0,1,0,1,1,5,1,62,9,395,1,1,8,1,8
2016220078625,2,9,0,5,0,4,0,0,1,0,3,1,5,2,50,8,1995,2,5,-1,-1,-1
2016220078638,1,9,0,18,0,1,0,0,0,0,1,1,5,1,74,10,1868,2,17,5,1,5
2016220078638,2,5,0,4,0,1,0,0,0,0,2,1,5,1,20,4,-1,-1,-1,8,2,8
2016220078665,1,9,0,4,0,1,0,0,0,0,2,1,1,1,60,9,-1,-1,-1,8,3,8
2016220078665,2,9,0,18,0,1,0,0,0,0,1,1,1,1,31,6,-1,-1,-1,10,1,10
2016220078679,1,9,0,18,0,8,0,0,0,0,1,1,5,2,59,9,1590,1,15,7,3,7
2016220078679,2,9,0,9,0,5,0,0,0,0,3,1,1,1,43,7,1248,2,5,8,1,8
2016220078681,1,9,0,16,0,0,0,0,0,0,1,1,5,1,25,5,1988,1,14,2,1,2
2016220078681,2,9,0,4,0,0,0,0,0,0,1,1,5,1,35,6,1797,8,6,2,1,2
2016220078706,1,19,0,18,0,0,0,0,0,0,1,1,1,1,30,6,2298,2,1,2,1,2
2016220078706,2,17,4,18,0,0,0,0,1,9,2,1,1,1,67,10,2197,2,2,7,3,7
2016220078715,1,9,0,4,0,0,0,0,0,0,2,1,5,2,38,7,1998,8,1,10,2,10
2016220078715,2,9,0,4,0,0,1,0,0,0,1,1,5,1,19,4,1360,1,6,8,3,8
2016220078729,1,9,0,16,0,0,2,0,2,10,1,1,5,1,23,5,1242,1,9,2,1,2
2016220078741,1,9,0,17,0,0,1,0,1,0,1,1,5,2,23,5,998,1,1,2,1,2
2016220078756,1,9,0,18,0,0,0,0,0,0,1,1,3,1,21,5,1598,1,15,2,1,2
2016220078756,2,9,0,18,0,0,0,0,0,0,1,1,5,2,18,4,1388,1,9,5,3,5
2016220078760,1,9,0,18,0,3,0,0,0,0,4,1,5,1,17,4,1124,1,15,4,1,4
2016220078760,2,9,0,18,0,4,0,0,0,0,1,1,5,2,49,8,1598,2,1,9,1,9
2016220078784,1,9,0,9,0,6,0,0,0,0,1,1,5,1,61,9,-1,-1,-1,7,1,7
2016220078784,2,1,0,18,0,8,0,0,0,0,3,1,2,1,49,8,-1,-1,-1,5,1,5
2016220078798,1,9,0,18,0,0,0,0,0,0,1,1,5,1,71,10,1596,1,2,3,1,3
2016220078798,2,9,4,18,0,0,1,0,0,0,1,1,1,1,54,8,2198,2,4,8,1,8
2016220078820,1,9,0,18,0,1,0,0,0,0,4,1,5,2,41,7,1242,1,7,5,3,5
2016220078858,1,9,0,18,0,0,5,0,0,0,4,1,1,1,38,7,1995,2,2,7,2,7
2016220078865,1,9,0,18,0,1,0,4,0,0,4,1,2,2,23,5,1198,1,3,7,1,7
2016220078865,2,9,0,2,0,1,0,0,0,0,3,1,5,1,38,7,1781,1,13,9,1,9
2016220078882,1,9,0,18,0,0,1,0,0,0,1,1,5,1,19,4,1796,1,16,-1,-1,-1
2016220078882,2,9,0,18,0,0,0,0,0,0,3,1,5,1,53,8,1956,2,1,-1,-1,-1
2016220078882,3,9,0,18,0,0,0,0,0,0,3,1,5,1,58,9,-1,-1,-1,5,3,5
2016220078882,4,9,0,3,0,0,0,0,0,0,2,1,5,2,24,5,1198,1,4,3,3,3
2016220078882,5,9,0,3,0,0,0,0,0,0,2,1,5,2,23,5,2000,2,11,5,3,5
2016220078882,6,17,0,3,0,0,0,0,0,0,0,1,1,1,31,6,8984,2,2,9,3,9
2016220078883,1,9,0,9,0,6,0,0,0,0,1,1,5,2,76,11,996,1,2,4,2,4
2016220078883,2,9,0,4,0,8,0,0,0,0,3,1,5,1,38,7,1994,1,13,-1,-1,-1
2016220078939,1,5,0,17,0,0,0,0,0,0,3,1,5,1,48,8,600,1,16,5,2,5
2016220078939,2,1,0,16,0,0,0,0,0,0,3,1,5,1,76,11,-1,-1,-1,5,2,5
2016220078952,1,5,0,17,0,0,1,0,2,10,1,1,2,1,69,10,1078,1,6,9,3,9
2016220078961,1,9,0,9,0,5,0,0,0,0,4,1,5,1,49,8,1796,1,4,8,3,8
2016220078961,2,9,0,18,0,8,0,0,0,0,1,1,5,2,26,6,-1,-1,-1,2,1,2
2016220078986,1,9,0,18,0,0,0,0,0,0,1,1,6,2,27,6,1242,1,8,6,1,6
2016220078991,1,17,5,17,0,0,0,0,0,0,1,1,1,1,28,6,-1,2,2,5,3,5
2016220078991,2,9,0,16,0,0,1,0,0,0,1,1,5,2,47,8,1796,1,16,8,2,8
2016220078994,1,9,0,16,0,8,0,4,0,0,1,1,2,1,34,6,1298,1,12,-1,-1,-1
2016220078994,2,19,0,2,0,8,0,4,0,0,2,1,1,3,34,6,1560,2,4,-1,-1,-1
2016220078994,3,98,0,2,0,8,0,0,0,0,2,1,1,3,34,6,-1,-1,-1,-1,-1,-1
2016220079043,1,9,0,9,0,6,0,0,0,0,3,1,1,2,19,4,1399,2,5,8,1,8
2016220079043,2,9,0,7,0,5,0,0,0,0,1,1,6,1,34,6,-1,-1,-1,-1,-1,-1
2016220079065,1,9,0,17,0,0,0,0,7,9,1,1,5,2,17,4,1364,1,10,5,3,5
2016220079072,1,8,0,17,0,2,0,0,0,0,1,1,1,1,29,6,1685,2,1,2,1,2
2016220079079,1,5,0,18,0,2,1,0,0,0,1,1,5,1,23,5,599,1,13,6,3,6
2016220079079,2,9,0,18,0,2,0,0,0,0,2,1,5,1,61,9,-1,-1,-1,1,1,1
2016220079128,1,9,0,18,0,2,0,0,0,0,1,1,5,2,46,8,1461,2,-1,4,1,4
2016220079203,1,9,0,18,0,8,1,4,0,0,4,1,5,2,46,8,-1,-1,-1,10,1,10
2016220079203,2,9,0,18,0,6,1,0,0,0,1,1,5,2,32,6,1560,2,11,1,1,1
2016220079253,1,9,0,7,0,4,0,0,0,0,1,1,5,2,81,11,998,1,18,4,2,4
2016220079253,2,9,0,4,0,1,0,0,0,0,2,1,5,1,70,10,1598,1,6,4,2,4
2016220079269,1,9,0,1,0,0,0,0,0,0,3,1,6,1,27,6,1598,1,14,2,1,2
2016220079277,1,9,0,18,0,1,1,0,0,0,1,1,5,1,25,5,-1,-1,-1,-1,-1,-1
2016220079277,2,9,0,4,0,1,0,0,0,0,2,1,5,1,57,9,1896,2,15,8,1,8
2016220079277,3,9,0,4,0,1,0,0,0,0,2,1,5,2,24,5,1199,1,15,-1,-1,-1
2016220079310,1,9,0,7,0,6,0,0,0,0,1,1,2,2,56,9,1242,1,1,5,1,5
2016220079310,2,19,0,4,0,8,0,0,0,0,3,1,1,1,54,8,2287,2,1,2,1,2
2016220079318,1,1,0,18,0,1,0,0,0,0,0,1,6,1,47,8,-1,-1,-1,3,1,3
2016220079318,2,9,0,18,0,1,0,0,0,0,0,1,6,1,69,10,1124,1,14,9,3,9
2016220079362,1,9,0,18,0,0,0,0,0,0,1,1,5,1,24,5,1998,2,12,6,2,6
2016220079362,2,9,0,4,0,0,0,0,0,0,2,1,5,1,22,5,2000,2,12,5,3,5
2016220079363,1,9,0,5,0,6,0,0,0,0,1,1,5,1,44,7,1149,1,9,-1,-1,-1
2016220079363,2,1,0,17,0,6,0,0,0,0,4,1,2,2,57,9,-1,-1,-1,8,1,8
2016220079374,1,5,0,17,0,0,1,0,0,0,3,1,5,1,26,6,599,1,7,5,3,5
2016220079422,1,5,0,18,0,0,0,4,0,0,1,1,5,1,39,7,988,1,14,7,2,7
2016220079422,2,9,0,2,0,0,0,0,0,0,2,1,5,1,59,9,1997,2,2,5,2,5
2016220079422,3,9,0,2,0,0,0,0,0,0,3,1,5,1,35,6,1870,2,11,5,2,5
2016220079441,1,9,0,18,0,0,0,0,0,0,4,1,2,1,28,6,1910,2,11,-1,-1,-1
2016220079444,1,9,0,9,0,6,0,0,0,0,4,1,5,1,44,7,1868,2,17,10,1,10
2016220079444,2,5,0,18,0,8,0,0,1,10,1,1,5,1,64,9,645,1,1,5,1,5
2016220079453,1,9,0,18,0,8,0,0,0,0,1,1,2,2,21,5,-1,-1,-1,7,3,7
2016220079453,2,9,0,4,0,8,0,0,0,0,2,1,2,1,33,6,1896,2,13,8,1,8
2016220079454,1,9,0,10,0,8,0,0,0,0,2,1,1,1,42,7,1968,2,3,-1,-1,-1
2016220079454,2,9,0,4,0,8,0,0,0,0,1,1,2,1,31,6,1461,2,9,6,1,6
2016220079461,1,19,0,9,0,5,0,0,7,3,1,1,1,1,24,5,2198,2,-1,10,1,10
2016220079461,2,9,0,18,0,8,0,0,1,1,1,1,2,1,44,7,1398,1,2,6,1,6
2016220079658,1,21,1,18,0,1,0,0,0,0,1,1,1,1,45,7,10677,2,1,8,1,8
2016220079658,2,9,0,4,0,1,0,0,0,0,2,1,1,2,48,8,1596,1,8,3,1,3
2016220079684,1,9,0,17,0,0,1,0,0,0,3,1,5,2,36,7,1299,1,11,6,3,6
2016220079684,2,9,0,18,0,0,0,0,0,0,1,1,5,2,38,7,2179,2,7,4,2,4
2016220079686,1,9,0,18,0,8,0,0,0,0,4,1,1,1,27,6,1598,2,2,-1,-1,-1
2016220079686,2,9,0,18,0,6,0,0,0,0,1,1,5,1,80,11,998,1,4,10,1,10
2016220079728,1,9,0,18,0,0,1,0,0,0,1,2,5,1,32,6,1598,2,5,7,1,7
2016220079728,2,9,0,4,0,0,1,0,0,0,2,2,5,1,69,10,2987,2,6,4,1,4
2016220079751,1,9,0,7,0,6,0,7,0,0,1,1,5,1,22,5,1242,1,3,8,1,8
2016220079752,1,9,0,18,0,8,1,0,0,0,3,1,6,3,34,6,1975,1,14,-1,-1,-1
2016220079752,2,9,0,9,0,6,0,0,0,0,4,1,5,1,66,10,1998,2,10,8,3,8
2016220079765,1,9,0,9,0,0,0,0,0,0,4,1,5,1,70,10,1328,1,13,5,1,5
2016220079765,2,19,0,18,0,0,0,0,0,0,1,1,5,1,25,5,2198,2,7,8,3,8
2016220079780,1,9,0,17,0,8,2,0,1,1,1,1,5,1,35,6,1360,1,16,2,1,2
2016220079798,1,9,0,9,0,6,0,0,1,0,3,1,5,1,81,11,1198,1,2,3,1,3
2016220079798,2,9,0,18,0,8,1,0,0,0,1,1,5,1,18,4,1390,1,16,5,3,5
2016220079874,1,9,0,9,0,5,0,0,0,0,4,1,5,1,52,8,1986,2,9,3,1,3
2016220079874,2,9,0,18,0,8,0,0,0,0,1,1,5,1,25,5,1896,2,12,5,3,5
2016220079880,1,9,0,4,0,0,0,0,0,0,2,1,6,3,34,6,-1,-1,-1,-1,-1,-1
2016220079880,2,9,0,18,0,0,0,0,0,0,1,1,5,1,76,11,-1,-1,-1,7,2,7
2016220079883,1,9,0,16,0,1,0,0,4,1,1,1,5,1,55,8,1997,2,8,7,2,7
2016220079889,1,9,0,18,0,1,0,0,0,0,1,1,5,1,68,10,-1,-1,-1,3,2,3
2016220079895,1,19,0,4,0,0,0,0,0,0,2,1,1,1,51,8,1560,2,1,8,1,8
2016220079895,2,9,0,4,0,0,0,0,0,0,2,1,5,2,20,4,1598,1,10,5,1,5
2016220079895,3,9,0,17,0,0,0,0,0,0,1,1,6,1,41,7,2179,2,9,6,1,6
2016220079903,1,9,0,7,0,3,1,0,0,0,1,1,5,1,27,6,2000,1,11,1,1,1
2016220079903,2,9,0,4,0,1,0,0,0,0,3,1,2,1,27,6,1299,1,15,5,3,5
2016220079911,1,9,0,18,0,3,0,0,0,0,0,1,5,1,74,10,1998,1,13,7,1,7
2016220079911,2,5,0,9,0,3,0,0,0,0,1,1,5,1,31,6,599,1,13,3,1,3
2016220079911,3,9,0,18,0,4,0,0,0,0,3,1,5,2,56,9,1248,1,7,6,1,6
2016220080036,1,9,0,9,0,3,1,10,7,10,4,1,5,1,26,6,998,1,17,2,1,2
2016220080036,2,9,0,4,0,1,0,0,0,0,1,1,5,2,32,6,1999,1,9,6,3,6
2016220080039,1,9,0,4,0,0,0,0,0,0,1,1,5,2,47,8,1560,2,11,5,3,5
2016220080039,2,9,0,3,0,0,0,0,0,0,2,1,5,1,60,9,1896,2,14,5,3,5
2016220080055,1,9,0,11,0,0,1,0,5,6,3,1,1,1,31,6,2000,2,6,10,1,10
2016220080055,2,9,0,18,0,0,1,0,0,0,2,1,1,1,31,6,1396,2,3,7,1,7
2016220080055,3,9,0,18,0,0,0,0,0,0,1,1,5,2,36,7,1587,1,11,4,1,4
2016220080069,1,9,0,18,0,8,0,0,0,0,1,1,5,2,79,11,1242,1,1,7,3,7
2016220080069,2,9,0,4,0,8,0,0,0,0,2,1,5,2,60,9,1364,2,-1,-1,3,-1
2016220080069,3,90,4,9,0,6,0,0,0,0,0,1,1,1,34,6,-1,-1,-1,-1,-1,-1
2016220080079,1,9,0,18,0,0,2,0,1,4,4,1,5,1,17,4,1229,1,11,5,1,5
2016220080105,1,9,0,11,0,1,0,0,0,0,2,1,5,2,29,6,1587,1,9,7,2,7
2016220080105,2,9,0,18,0,1,1,0,1,11,3,1,5,2,22,5,1397,1,4,5,3,5
2016220080125,1,9,0,18,0,8,0,0,0,0,1,1,2,1,55,8,1995,2,8,5,1,5
2016220080125,2,9,0,10,0,8,0,0,0,0,2,1,2,1,48,8,1798,1,10,8,1,8
2016220080138,1,19,0,9,0,6,0,0,0,0,1,1,1,1,57,9,1560,2,3,6,1,6
2016220080138,2,9,0,18,0,8,0,0,0,0,4,1,5,1,48,8,2993,2,12,6,1,6
2016220080150,1,9,0,7,0,5,0,0,0,0,1,1,5,1,50,8,998,1,3,6,1,6
2016220080150,2,1,0,18,0,8,0,0,0,0,1,1,2,1,31,6,-1,-1,-1,2,1,2
2016220080163,1,9,0,18,0,8,0,0,0,0,1,1,5,1,63,9,1839,1,-1,7,1,7
2016220080163,2,9,0,9,0,6,0,0,0,0,4,1,5,2,55,8,1299,1,16,7,1,7
2016220080194,1,9,0,9,0,6,0,0,0,0,1,1,5,2,62,9,1587,1,12,4,1,4
2016220080194,2,9,0,18,0,8,0,10,1,10,4,1,5,2,33,6,1498,1,5,4,1,4
2016220080195,1,9,0,1,0,0,0,4,7,0,2,1,5,1,85,11,1400,1,10,-1,-1,-1
2016220080195,2,9,0,2,0,0,0,0,0,0,1,1,5,1,37,7,1587,1,9,9,1,9
2016220080216,1,9,0,16,0,0,0,0,0,0,1,1,5,1,24,5,1124,1,11,7,3,7
2016220080216,2,9,0,3,0,0,0,0,0,0,2,1,5,1,54,8,1968,2,5,7,3,7
2016220080236,1,1,0,17,0,0,1,0,0,0,1,1,5,1,15,3,-1,-1,-1,4,1,4
2016220080237,1,21,1,11,0,0,0,0,0,0,4,1,1,1,47,8,-1,-1,-1,2,1,2
2016220080237,2,9,0,18,0,0,0,0,0,0,3,1,5,2,68,10,1124,1,14,1,1,1
2016220080249,1,9,0,9,0,6,0,0,0,0,3,1,5,1,27,6,1560,2,9,7,3,7
2016220080249,2,1,0,18,0,8,0,0,0,0,1,1,5,1,45,7,-1,-1,-1,10,1,10
2016220080258,1,1,0,18,0,8,0,0,0,0,3,1,2,1,27,6,-1,-1,-1,4,1,4
2016220080258,2,9,0,7,0,5,0,0,0,0,4,1,6,3,34,6,2179,2,2,-1,-1,-1
2016220080305,1,9,0,9,0,4,0,0,3,10,1,1,5,2,23,5,1598,1,12,-1,-1,-1
2016220080315,1,9,0,4,0,1,0,0,0,0,1,1,6,1,34,6,1598,1,11,-1,-1,-1
2016220080315,2,8,0,8,0,1,0,0,0,0,2,1,1,1,58,9,1997,2,10,9,1,9
2016220080348,1,19,0,6,0,1,0,0,0,0,3,1,6,1,34,6,1753,2,11,-1,-1,-1
2016220080348,2,1,0,13,0,1,0,0,0,0,4,1,2,1,34,6,-1,-1,-1,-1,-1,-1
2016220080353,1,9,0,14,0,0,0,8,0,0,4,1,3,2,43,7,1560,2,5,8,1,8
2016220080353,2,9,0,2,0,0,0,0,0,0,4,1,3,2,29,6,1461,2,2,8,1,8
2016220080357,1,9,0,18,0,8,0,0,0,0,4,1,5,1,29,6,-1,-1,-1,6,3,6
2016220080357,2,9,0,7,0,6,0,0,0,0,1,1,6,2,48,8,1596,1,13,9,3,9
2016220080385,1,9,0,18,0,0,0,0,0,0,1,1,2,1,34,6,1598,2,1,7,2,7
2016220080385,2,9,0,4,0,0,0,0,0,0,2,1,1,2,69,10,1498,1,11,6,3,6
2016220080385,3,9,0,4,0,0,0,0,0,0,2,1,1,2,66,10,1086,1,8,6,1,6
2016220080506,1,98,0,7,0,5,0,0,0,0,2,1,1,1,27,6,-1,-1,-1,-1,3,-1
2016220080506,2,90,0,18,0,8,0,0,1,10,1,1,1,1,19,4,-1,-1,-1,9,3,9
2016220080544,1,9,0,13,0,0,0,0,0,0,0,1,5,2,20,4,-1,-1,-1,7,2,7
2016220080544,2,9,0,4,0,0,0,0,0,0,2,1,5,2,19,4,1108,1,10,10,1,10
2016220080544,3,9,0,18,0,0,0,0,0,0,1,1,5,2,23,5,-1,-1,-1,9,2,9
2016220080555,1,9,0,18,0,0,0,0,0,0,4,1,5,1,54,8,1197,1,2,7,2,7
2016220080572,1,9,0,9,0,5,0,10,1,4,1,1,5,1,17,4,1499,2,-1,9,1,9
2016220080588,1,19,0,10,0,8,1,0,0,0,2,1,1,1,29,6,2198,2,2,5,1,5
2016220080588,2,21,1,4,0,8,1,0,7,0,1,1,1,1,49,8,12130,2,15,4,2,4
2016220080607,1,9,0,13,0,8,0,0,0,0,4,1,5,1,17,4,-1,-1,-1,4,2,4
2016220080607,2,9,0,7,0,5,1,0,1,11,2,1,5,2,70,10,1598,1,5,5,3,5
2016220080629,1,9,0,7,0,5,1,0,0,0,4,1,5,1,30,6,2180,2,24,5,3,5
2016220080629,2,1,0,15,0,8,0,0,0,0,1,1,5,1,49,8,-1,-1,-1,2,3,2
2016220080643,1,5,0,17,0,0,0,10,1,0,4,1,5,1,32,6,600,1,10,5,1,5
2016220080672,1,9,0,6,0,8,0,0,4,6,3,1,6,2,33,6,1598,2,1,2,1,2
2016220080672,2,5,0,13,0,8,0,0,0,0,4,1,5,1,59,9,805,1,17,4,1,4
2016220080691,1,5,0,17,0,0,1,0,7,11,1,1,5,1,57,9,953,1,13,9,1,9
2016220080708,1,9,0,9,0,4,0,0,0,0,1,1,6,2,38,7,1388,1,6,9,1,9
2016220080708,2,1,0,18,0,3,0,0,0,0,2,1,5,1,50,8,-1,-1,-1,3,1,3
2016220080710,1,9,0,17,0,0,0,0,0,0,0,1,5,1,48,8,1587,1,11,2,1,2
2016220080710,2,3,0,16,0,0,1,0,1,10,4,1,2,2,25,5,124,1,7,2,1,2
2016220080722,1,9,0,9,0,5,0,0,0,0,3,1,5,1,39,7,1984,1,2,5,3,5
2016220080722,2,5,0,14,0,8,0,0,0,0,1,1,5,1,55,8,806,1,-1,7,1,7
2016220080760,1,9,0,18,0,4,0,0,0,0,1,1,5,1,33,6,1590,1,11,1,1,1
2016220080760,2,9,0,4,0,1,0,0,0,0,2,1,5,2,22,5,998,1,13,-1,-1,-1
2016220080775,1,9,0,18,0,8,0,0,0,0,1,1,5,2,29,6,1997,2,5,6,3,6
2016220080775,2,9,0,5,0,6,5,0,7,9,4,1,5,1,66,10,1968,2,2,-1,-1,-1
2016220080778,1,9,0,18,0,0,0,4,0,0,1,1,5,1,95,11,1997,1,9,4,3,4
2016220080778,2,9,0,2,0,0,0,0,0,0,3,1,6,2,23,5,1242,1,1,-1,-1,-1
2016220080778,3,9,0,2,0,0,0,0,0,0,2,1,6,2,62,9,2231,2,8,-1,-1,-1
2016220080778,4,9,0,2,0,0,0,10,1,10,2,1,6,3,48,8,-1,-1,-1,-1,-1,-1
2016220080778,5,9,0,2,0,0,0,0,0,0,2,1,5,2,41,7,1995,2,4,7,3,7
2016220080799,1,9,3,18,0,1,0,4,0,0,3,1,5,1,51,8,1991,2,10,2,1,2
2016220080799,2,9,0,18,0,2,0,0,0,0,1,1,5,2,52,8,1900,2,10,8,1,8
2016220080799,3,9,0,2,0,2,0,0,0,0,3,1,5,1,53,8,1968,2,5,9,1,9
2016220080811,1,19,0,3,0,1,0,0,0,0,2,1,1,1,46,8,1598,2,3,8,1,8
2016220080811,2,9,0,4,0,1,0,0,0,0,1,1,6,1,38,7,1796,1,17,10,1,10
2016220080821,1,9,0,18,0,0,0,0,0,0,4,1,5,1,55,8,1197,1,1,5,1,5
2016220080828,1,9,0,18,0,1,0,10,7,10,1,1,5,1,30,6,1461,2,14,5,2,5
2016220080834,1,9,0,18,0,8,0,0,0,0,1,1,5,1,23,5,1199,1,13,7,1,7
2016220080834,2,9,0,18,0,8,0,0,0,0,4,1,5,1,22,5,2993,2,11,10,1,10
2016220080847,1,9,0,9,0,6,0,0,0,0,1,1,6,1,36,7,1598,1,15,2,1,2
2016220080847,2,9,0,18,0,8,0,0,0,0,4,1,5,2,23,5,1198,1,9,2,1,2
2016220080857,1,9,0,4,0,3,0,0,0,0,2,1,5,1,38,7,998,1,1,3,1,3
2016220080857,2,9,0,7,0,3,0,0,0,0,1,1,5,2,49,8,2435,1,14,5,1,5
2016220080930,1,9,0,16,0,0,2,0,8,4,3,1,5,1,70,10,1598,1,10,4,3,4
2016220080930,2,9,0,17,0,0,0,0,0,0,0,1,6,3,34,6,-1,-1,-1,-1,-1,-1
2016220080966,1,9,0,4,0,0,0,0,5,6,1,1,5,2,61,9,1275,1,18,5,3,5
2016220080968,1,9,0,9,0,5,0,0,0,0,1,1,1,2,41,7,-1,-1,-1,6,2,6
2016220080968,2,9,0,18,0,8,0,0,0,0,1,1,1,1,52,8,1997,2,12,-1,-1,-1
2016220081054,1,9,0,18,0,4,0,0,0,0,1,1,2,1,45,7,1598,2,5,8,1,8
2016220081054,2,9,0,3,0,1,0,0,0,0,2,1,2,1,42,7,1997,2,-1,9,1,9
2016220081084,1,9,0,1,0,8,0,0,0,0,2,1,6,1,45,7,-1,-1,-1,-1,-1,-1
2016220081128,1,9,0,16,0,0,1,0,7,10,1,1,5,1,23,5,1598,1,11,5,3,5
2016220081154,1,1,0,18,0,0,0,0,0,0,3,1,5,1,57,9,-1,-1,-1,-1,3,-1
2016220081182,1,9,0,9,0,5,0,0,0,0,3,1,5,1,41,7,-1,-1,-1,10,2,10
2016220081182,2,5,0,13,0,8,0,0,0,0,1,1,5,1,29,6,-1,-1,-1,9,1,9
2016220081218,1,9,0,13,0,0,0,0,0,0,4,1,6,1,-1,-1,2000,2,12,-1,2,-1
2016220081218,2,9,0,18,0,0,0,0,0,0,3,1,5,2,27,6,-1,-1,-1,5,1,5
2016220081228,1,9,0,17,0,0,5,0,1,0,1,1,5,1,19,4,-1,-1,-1,4,2,4
2016220081253,1,9,0,17,0,0,1,10,2,10,4,1,2,2,25,5,998,1,11,5,3,5
2016220081253,2,9,0,16,0,0,0,0,0,0,1,1,2,1,26,6,2521,1,7,5,3,5
2016220081263,1,9,0,17,0,0,0,0,0,0,1,1,5,2,52,8,1598,2,4,8,1,8
2016220081263,2,1,0,16,0,0,0,0,0,0,3,1,2,1,46,8,-1,-1,-1,-1,-1,-1
2016220081279,1,9,0,3,0,0,0,0,0,0,2,1,1,1,42,7,-1,-1,-1,-1,-1,-1
2016220081279,2,98,0,18,0,0,0,0,0,0,1,1,6,3,34,6,-1,-1,-1,-1,-1,-1
2016220081280,1,9,0,9,0,6,0,0,0,0,1,1,6,3,34,6,1200,1,-1,-1,-1,-1
2016220081280,2,9,0,18,0,8,0,0,0,0,4,1,5,1,39,7,998,1,1,8,1,8
2016220081281,1,9,0,18,0,0,0,0,0,0,1,1,6,1,32,6,1199,1,16,7,1,7
2016220081281,2,9,0,18,0,0,5,0,1,0,1,1,6,2,58,9,1461,2,1,6,3,6
2016220081290,1,9,0,9,0,6,0,0,0,0,3,1,2,2,22,5,-1,-1,-1,6,1,6
2016220081290,2,9,0,18,0,1,0,0,0,0,1,1,2,1,22,5,1299,1,15,5,1,5