Accident_Index,Vehicle_Reference,Vehicle_Type,Towing_and_Articulation,Vehicle_Manoeuvre,Vehicle_Location-Restricted_Lane,Junction_Location,Skidding_and_Overturning,Hit_Object_in_Carriageway,Vehicle_Leaving_Carriageway,Hit_Object_off_Carriageway,1st_Point_of_Impact,Was_Vehicle_Left_Hand_Drive?,Journey_Purpose_of_Driver,Sex_of_Driver,Age_of_Driver,Age_Band_of_Driver,Engine_Capacity_(CC),Propulsion_Code,Age_of_Vehicle,Driver_IMD_Decile,Driver_Home_Area_Type,Vehicle_IMD_Decile
2016220081310,1,19,0,18,0,1,0,0,0,0,1,1,1,1,47,8,2143,2,3,2,1,2
2016220081310,2,9,0,16,0,2,0,10,0,0,1,1,6,1,23,5,1396,1,17,-1,-1,-1
2016220081378,1,9,0,17,0,0,0,0,0,0,1,1,6,3,25,5,-1,-1,-1,-1,-1,-1
2016220081378,2,9,0,16,0,0,0,0,0,0,1,1,5,1,65,9,3195,1,7,-1,-1,-1
2016220081404,1,9,0,5,0,0,0,0,0,0,1,1,2,2,37,7,1242,1,4,8,1,8
2016220081404,2,9,0,4,0,0,0,0,0,0,2,1,2,2,44,7,2204,2,6,2,1,2
2016220081424,1,11,0,5,0,1,0,0,0,0,1,1,1,1,24,5,5883,2,14,3,1,3
2016220081424,2,8,0,4,0,4,0,0,0,0,2,1,6,2,43,7,1997,2,8,10,1,10
2016220081452,1,19,0,18,0,1,1,0,0,0,1,1,1,1,43,7,1461,2,2,2,1,2
2016220081452,2,9,0,9,0,8,0,0,0,0,1,1,6,1,24,5,1596,1,8,4,1,4
2016220081486,1,9,0,18,0,0,0,0,0,0,1,1,6,1,41,7,-1,-1,-1,2,1,2
2016220081486,2,9,0,4,0,0,0,0,0,0,2,1,6,1,25,5,-1,-1,-1,10,1,10
2016220081486,3,9,0,4,0,0,0,0,0,0,2,1,6,1,23,5,-1,-1,-1,4,2,4
2016220081506,1,9,0,18,0,0,0,0,0,0,1,1,6,2,29,6,1124,1,15,1,1,1
2016220081506,2,9,0,18,0,0,0,0,0,0,2,1,6,2,27,6,1229,1,7,2,1,2
2016220081524,1,21,1,17,0,1,1,0,1,10,1,1,1,1,59,9,10518,2,3,-1,2,-1
2016220081524,2,9,0,9,0,6,0,0,0,0,0,1,5,1,33,6,3246,1,13,5,3,5
2016220081619,1,9,0,9,0,5,0,0,0,0,1,1,5,2,72,10,1328,1,11,6,1,6
2016220081619,2,9,0,18,0,1,0,0,0,0,1,1,4,2,32,6,1240,1,7,3,1,3
2016220081640,1,9,0,4,0,1,0,0,0,0,1,1,5,1,58,9,2191,2,4,6,1,6
2016220081651,1,9,0,16,0,0,0,12,0,0,1,1,5,1,50,8,1968,2,3,8,1,8
2016220081664,1,9,0,18,0,1,2,0,1,3,1,1,5,1,20,4,1388,1,10,-1,-1,-1
2016220081664,2,9,0,10,0,8,0,0,0,0,0,1,5,1,60,9,1685,2,-1,7,1,7
2016220081671,1,9,0,18,0,0,2,0,1,10,1,1,4,2,51,8,1796,1,12,9,1,9
2016220081678,1,9,0,18,0,1,0,0,0,0,1,1,5,1,75,10,1086,1,9,2,1,2
2016220081678,2,9,0,3,0,1,0,0,0,0,2,1,5,1,33,6,1598,1,10,10,2,10
2016220081688,1,9,0,18,0,6,0,0,0,0,4,1,5,1,50,8,1995,1,13,7,3,7
2016220081688,2,1,0,18,0,8,0,0,0,0,1,1,5,1,34,6,-1,-1,-1,5,3,5
2016220081692,1,3,0,18,0,0,0,0,8,11,1,1,5,1,18,4,-1,-1,-1,5,3,5
2016220081700,1,9,0,18,0,0,2,0,1,4,0,1,6,1,48,8,-1,-1,-1,6,3,6
2016220081865,1,1,0,18,0,8,0,0,0,0,4,1,5,1,39,7,-1,-1,-1,5,1,5
2016220081865,2,9,0,7,0,4,0,0,0,0,3,1,6,2,18,4,998,1,1,8,2,8
2016220081882,1,9,0,18,0,8,0,0,0,0,1,1,6,3,34,6,-1,-1,-1,-1,-1,-1
2016220081882,2,1,0,9,0,6,0,0,0,0,3,1,5,2,34,6,-1,-1,-1,2,1,2
2016220081903,1,9,0,9,0,5,0,0,0,0,3,1,2,1,42,7,2993,2,1,5,1,5
2016220081903,2,3,0,13,0,8,0,0,0,0,1,1,5,1,23,5,125,1,-1,2,1,2
2016220081924,1,17,4,13,0,1,0,0,0,0,3,1,1,1,23,5,4500,2,6,8,3,8
2016220081924,2,5,0,16,0,2,1,0,0,0,1,1,5,1,48,8,1130,1,15,7,2,7
2016220081952,1,9,0,7,0,5,0,0,0,0,4,1,5,2,36,7,1984,1,11,4,1,4
2016220081952,2,1,0,18,0,8,0,0,0,0,3,1,5,1,69,10,-1,-1,-1,8,1,8
2016220081979,1,9,0,18,0,0,0,0,0,0,1,1,5,2,79,11,-1,-1,-1,-1,3,-1
2016220081979,2,9,0,4,0,0,0,0,0,0,2,1,5,1,41,7,1968,2,8,7,1,7
2016220082004,1,9,0,18,0,1,0,0,0,0,1,1,5,2,61,9,1968,2,2,5,3,5
2016220082004,2,9,0,4,0,1,0,0,0,0,2,1,1,1,34,6,1968,2,1,5,1,5
2016220082083,1,9,0,4,0,0,0,0,0,0,2,1,5,1,53,8,2204,2,11,-1,1,-1
2016220082083,2,9,0,16,0,0,1,0,0,0,1,1,5,2,61,9,1997,1,9,4,3,4
2016220082124,1,9,0,18,0,1,0,0,0,0,1,1,2,2,24,5,1390,1,8,1,1,1
2016220082124,2,22,0,18,0,6,0,0,0,0,1,1,6,1,91,11,-1,-1,-1,-1,-1,-1
2016220082165,1,9,0,17,0,0,0,0,1,0,1,1,6,2,69,10,1398,1,-1,5,3,5
2016220082165,2,21,1,16,0,0,1,0,1,0,1,1,1,1,60,9,12419,2,5,7,3,7
2016220082170,1,9,0,18,0,1,0,0,0,0,1,1,6,3,35,6,-1,-1,-1,-1,-1,-1
2016220082170,2,1,0,18,0,8,0,0,0,0,3,1,2,1,28,6,-1,-1,-1,9,2,9
2016220082180,1,9,0,9,0,6,0,0,0,0,3,1,5,1,72,10,1560,2,7,7,1,7
2016220082180,2,90,0,18,0,1,0,0,0,0,1,1,5,1,53,8,1198,1,-1,2,1,2
2016220082190,1,9,0,18,0,0,0,0,0,0,1,1,6,1,35,6,2993,2,6,5,1,5
2016220082190,2,9,0,18,0,0,0,0,4,0,2,1,6,2,43,7,1360,1,10,2,1,2
2016220082262,1,9,0,18,0,0,0,0,0,0,2,1,6,2,62,9,1197,1,1,7,2,7
2016220082262,2,9,0,18,0,0,0,0,0,0,1,1,6,1,32,6,1998,1,22,5,1,5
2016220082340,1,9,0,18,0,0,0,10,1,3,4,1,5,1,41,7,1149,1,12,1,1,1
2016220082340,2,9,0,2,0,0,0,0,0,0,3,1,5,1,49,8,1587,1,12,1,1,1
2016220082340,3,9,0,2,0,0,0,0,0,0,4,1,5,1,55,8,2198,1,13,1,1,1
2016220082420,1,9,0,18,0,0,0,0,0,0,1,1,2,1,37,7,1596,1,9,1,1,1
2016220082420,2,9,0,18,0,0,0,0,0,0,1,1,5,2,36,7,1991,2,8,7,3,7
2016220082483,1,9,0,7,0,8,0,0,0,0,0,1,6,1,20,4,-1,-1,-1,-1,-1,-1
2016220082483,2,1,0,9,0,8,0,0,0,0,3,1,6,1,51,8,-1,-1,-1,2,1,2
2016220082486,1,9,0,18,0,0,0,0,0,0,1,1,5,1,36,7,1560,2,2,9,1,9
2016220082486,2,10,0,4,0,0,0,0,0,0,2,1,1,1,51,8,2198,2,2,10,1,10
2016220082486,3,9,0,18,0,0,0,0,0,0,1,1,5,2,26,6,-1,-1,-1,1,1,1
2016220082530,1,9,0,17,0,0,1,0,1,11,1,1,2,2,23,5,1149,1,13,4,3,4
2016220082551,1,9,0,13,0,1,0,0,0,0,4,1,6,3,34,6,-1,-1,-1,-1,-1,-1
2016220082551,2,1,0,18,0,1,0,0,0,0,3,1,2,1,28,6,-1,-1,-1,1,1,1
2016220082567,1,9,0,18,0,0,0,0,0,0,4,1,6,3,34,6,-1,-1,-1,-1,-1,-1
2016220082600,1,9,0,3,0,1,0,0,0,0,2,1,5,2,44,7,1598,1,6,2,1,2
2016220082600,2,9,0,4,0,1,0,0,0,0,1,1,5,1,78,11,1496,2,-1,-1,-1,-1
2016220082606,1,9,0,9,0,6,0,0,0,0,1,1,5,2,38,7,1995,2,1,10,1,10
2016220082606,2,10,0,18,0,8,0,0,0,0,1,1,1,1,49,8,2798,2,11,8,1,8
2016220082655,1,21,1,18,0,8,0,0,0,0,1,1,2,1,50,8,15607,2,11,5,3,5
2016220082655,2,9,0,9,0,5,0,0,7,10,2,1,1,1,26,6,1390,1,16,2,1,2
2016220082687,1,9,0,9,0,5,0,0,0,0,4,1,5,2,81,11,1197,1,4,7,3,7
2016220082687,2,9,0,18,0,8,0,0,0,0,1,1,5,1,52,8,1796,1,9,2,3,2
2016220082694,1,9,0,4,0,1,0,0,0,0,1,1,3,2,44,7,2000,2,10,7,3,7
2016220082694,2,9,0,4,0,1,0,0,0,0,2,1,2,2,18,4,1598,1,13,5,3,5
2016220082694,3,9,0,3,0,1,0,0,0,0,2,1,2,2,17,4,1360,1,12,-1,3,-1
2016220082706,1,9,0,4,0,0,0,0,0,0,1,1,5,2,67,10,1248,1,6,4,1,4
2016220082706,2,1,0,18,0,0,1,0,0,0,1,1,6,1,45,7,-1,-1,-1,-1,-1,-1
2016220082709,1,9,0,9,0,6,0,0,0,0,1,1,5,2,22,5,1595,1,2,9,2,9
2016220082709,2,3,0,18,0,8,0,0,0,0,3,1,5,1,70,10,125,1,1,4,3,4
2016220082800,1,19,0,13,0,8,0,0,0,0,4,1,1,1,41,7,1598,2,2,4,1,4
2016220082800,2,9,0,9,0,5,0,0,0,0,3,1,5,2,18,4,1496,2,1,8,1,8
2016220082849,1,9,0,17,0,0,0,0,0,0,1,1,1,2,49,8,998,1,1,8,1,8
2016220082849,2,9,0,16,0,0,0,10,7,11,1,1,5,1,84,11,1396,1,12,6,1,6
2016220082918,1,9,0,18,0,4,0,0,0,0,1,1,5,2,24,5,1896,2,18,2,1,2
2016220082918,2,9,0,18,0,3,0,0,0,0,1,1,5,2,17,4,1390,1,10,9,3,9
2016220082923,1,8,0,5,0,0,0,0,0,0,0,1,1,1,64,9,1796,1,4,5,1,5
2016220082958,1,9,0,18,0,1,1,0,0,0,1,1,1,1,21,5,-1,-1,-1,8,3,8
2016220082958,2,98,0,3,0,1,0,0,0,0,2,1,1,1,24,5,-1,-1,-1,-1,-1,-1
2016220082958,3,8,0,8,0,1,0,0,0,0,2,1,1,1,56,9,1997,2,11,2,1,2
2016220082965,1,1,0,13,0,2,0,0,0,0,1,1,5,1,19,4,-1,-1,-1,5,1,5
2016220082965,2,9,0,18,0,1,0,0,0,0,1,1,1,2,56,9,999,1,2,2,1,2
2016220082965,3,9,0,18,0,1,0,0,0,0,1,1,6,2,27,6,1368,1,5,4,1,4
2016220082987,1,9,0,18,0,8,0,10,7,11,1,1,5,1,32,6,1461,2,1,4,1,4
2016220083014,1,3,0,18,0,8,1,0,0,0,3,1,5,1,42,7,124,1,-1,5,1,5
2016220083014,2,9,0,9,0,5,0,0,0,0,0,1,5,2,54,8,1968,2,6,9,1,9
2016220083029,1,10,0,13,0,0,5,0,7,11,3,1,1,1,25,5,-1,-1,-1,5,2,5
2016220083029,2,21,1,13,0,0,0,0,0,0,4,1,1,1,56,9,12780,2,1,-1,3,-1
2016220083033,1,9,0,16,0,0,1,0,7,7,1,1,5,2,23,5,1229,1,6,2,1,2
2016220083033,2,9,0,4,0,0,0,0,0,0,2,1,5,1,49,8,-1,-1,-1,1,1,1
2016220083033,3,9,0,16,0,0,0,0,0,0,1,1,5,2,18,4,999,1,2,10,1,10
2016220083064,1,9,0,9,0,6,0,0,0,0,1,1,2,2,78,11,999,1,3,7,1,7
2016220083064,2,9,0,17,0,8,0,0,0,0,1,1,5,1,42,7,1988,1,13,5,1,5
2016220083108,1,9,0,18,0,0,0,0,1,4,1,1,2,2,23,5,1199,1,16,6,1,6
2016220083208,1,9,0,1,0,2,0,0,0,0,2,1,1,1,43,7,-1,-1,-1,2,1,2
2016220083230,1,9,0,9,0,6,0,0,0,0,3,1,5,1,74,10,-1,-1,-1,5,3,5
2016220083230,2,3,0,7,0,5,0,0,0,0,1,1,5,1,17,4,124,1,3,4,1,4
2016220083236,1,9,0,18,0,8,1,0,0,0,4,1,5,1,24,5,1968,2,5,4,1,4
2016220083236,2,9,0,9,0,6,0,0,0,0,1,1,5,2,34,6,1598,1,6,4,3,4
2016220083293,1,9,0,18,0,0,2,0,1,10,1,1,1,1,24,5,2494,1,13,6,1,6
2016220083326,1,19,0,17,0,0,0,0,0,0,1,1,5,1,19,4,1870,2,13,5,3,5
2016220083326,2,9,0,16,0,0,0,0,0,0,1,1,5,2,57,9,1956,2,1,5,3,5
2016220083424,1,9,0,16,0,0,0,0,0,0,1,1,5,1,58,9,1796,1,15,7,1,7
2016220083424,2,9,0,17,0,0,0,0,0,0,1,1,5,2,23,5,1398,1,-1,8,2,8
2016220083424,3,9,0,17,0,0,0,0,0,0,1,1,5,2,57,9,1296,1,8,6,1,6
2016220083428,1,9,0,7,0,5,0,0,0,0,1,1,5,2,19,4,1686,2,5,2,1,2
2016220083428,2,1,0,18,0,8,0,0,0,0,3,1,5,1,34,6,-1,-1,-1,4,2,4
2016220083431,1,9,0,5,0,6,0,0,0,0,4,1,5,1,42,7,1986,2,10,4,1,4
2016220083507,1,9,0,4,0,0,0,0,0,0,1,1,5,1,42,7,-1,3,1,8,3,8
2016220083507,2,9,0,4,0,0,1,0,0,0,1,1,5,2,19,4,1998,1,20,6,1,6
2016220083539,1,9,0,9,0,6,0,0,0,0,4,1,5,1,59,9,2148,2,7,5,3,5
2016220083539,2,9,0,18,0,8,0,0,0,0,1,1,5,1,21,5,-1,-1,-1,5,3,5
2016220083589,1,9,0,16,0,0,0,0,0,0,4,1,5,1,63,9,1798,1,9,2,1,2
2016220083623,1,9,0,18,0,8,0,0,0,0,1,1,5,1,76,11,1364,1,10,4,1,4
2016220083623,2,9,0,4,0,8,0,0,0,0,2,1,5,2,64,9,2685,2,13,5,3,5
2016220083754,1,9,0,18,0,0,0,0,0,0,4,1,5,2,81,11,-1,-1,-1,5,1,5
2016220083754,2,1,0,5,0,0,0,0,0,0,4,1,2,2,35,6,-1,-1,-1,6,1,6
2016220083772,1,9,0,13,0,0,0,0,0,0,4,1,5,1,25,5,3189,1,12,8,2,8
2016220083772,2,9,0,18,0,0,0,0,0,0,3,1,5,1,51,8,2143,2,3,10,1,10
2016220083772,3,9,0,18,0,0,0,0,0,0,2,1,5,1,66,10,-1,-1,-1,-1,-1,-1
2016220083861,1,9,0,9,0,5,5,0,7,0,4,1,2,2,26,6,999,1,2,9,1,9
2016220083861,2,9,0,18,0,8,1,0,0,0,1,1,2,1,64,9,1195,1,19,6,3,6
2016220083890,1,9,0,18,0,3,0,0,0,0,1,1,5,2,41,7,-1,-1,-1,5,1,5
2016220083890,2,9,0,4,0,3,0,0,0,0,2,1,6,1,34,6,1991,1,13,1,1,1
2016220083914,1,9,0,17,0,0,0,0,7,0,1,1,1,1,40,7,-1,-1,-1,4,3,4
2016220083914,2,9,0,16,0,0,0,0,0,0,1,1,2,2,39,7,1560,2,8,6,3,6
2016220083938,1,9,0,18,0,1,0,10,7,11,1,1,5,1,58,9,1560,2,2,1,1,1
2016220083955,1,5,0,18,0,0,1,0,1,10,1,1,1,1,26,6,750,1,30,-1,-1,-1
2016220083982,1,9,0,6,0,8,0,0,0,0,3,1,6,1,42,7,1422,2,9,-1,1,-1
2016220083982,2,19,0,18,0,8,0,0,0,0,1,1,1,2,26,6,1560,2,2,9,3,9
2016220084283,1,9,0,8,0,1,0,0,0,0,2,1,2,2,47,8,1596,1,2,9,1,9
2016220084283,2,9,0,4,0,1,0,0,0,0,1,1,2,1,21,5,-1,-1,-1,6,3,6
2016220084285,1,9,0,18,0,8,1,0,0,0,1,1,5,1,38,7,1364,1,9,1,1,1
2016220084285,2,1,0,18,0,6,0,0,0,0,2,1,5,1,12,3,-1,-1,-1,7,1,7
2016220084305,1,9,0,18,0,1,0,10,7,5,1,1,5,2,28,6,1298,1,9,2,1,2
2016220084330,1,9,0,16,0,6,0,0,8,11,1,1,5,2,55,8,2179,2,2,6,3,6
2016220084349,1,9,0,18,0,7,0,0,0,0,1,1,2,2,43,7,1596,1,14,2,1,2
2016220084349,2,9,0,4,0,7,0,0,0,0,2,1,5,1,18,4,1390,1,10,1,1,1
2016220084370,1,9,0,1,0,0,0,0,0,0,2,1,6,2,65,9,-1,-1,-1,-1,-1,-1
2016220084383,1,9,0,4,0,1,0,0,0,0,1,1,6,2,26,6,1999,1,7,-1,-1,-1
2016220084383,2,9,0,4,0,1,0,0,0,0,2,1,5,1,33,6,-1,-1,-1,-1,-1,-1
2016220084398,1,9,0,7,0,5,0,0,1,1,1,1,5,2,19,4,1242,1,7,7,1,7
2016220084418,1,11,0,5,0,1,0,0,0,0,0,1,1,3,48,8,-1,-1,-1,-1,-1,-1
2016220084452,1,9,0,18,0,0,0,0,0,0,1,1,5,2,48,8,1997,2,5,3,1,3
2016220084452,2,9,0,4,0,0,0,0,0,0,2,1,5,1,20,4,1364,1,10,2,1,2
2016220084452,3,9,0,4,0,0,0,0,0,0,2,1,6,1,-1,-1,898,1,3,5,1,5
2016220084469,1,9,0,4,0,8,0,0,0,0,4,1,5,2,29,6,1390,1,8,10,2,10
2016220084469,2,9,0,5,0,6,0,0,0,0,1,1,5,1,26,6,1497,1,12,9,2,9
2016220084511,1,9,0,16,0,0,0,0,7,10,1,1,5,1,18,4,1598,1,13,5,3,5
2016220084529,1,9,0,18,0,8,1,0,7,0,1,1,5,1,35,6,1461,2,1,3,1,3
2016220084529,2,9,0,9,0,6,1,0,3,0,3,1,5,2,39,7,1598,1,17,10,1,10
2016220084530,1,9,0,9,0,5,0,0,0,0,3,1,5,2,18,4,1149,1,10,10,1,10
2016220084530,2,3,0,14,0,8,0,0,0,0,4,1,5,1,30,6,124,1,-1,3,1,3
2016220084592,1,9,0,18,0,0,0,0,0,0,1,1,5,1,41,7,1398,2,3,6,1,6
2016220084592,2,9,0,18,0,0,0,0,1,7,2,1,5,1,35,6,1995,1,8,9,1,9
2016220084619,1,9,0,18,0,8,1,0,0,0,1,1,5,1,37,7,2400,2,8,8,1,8
2016220084619,2,9,0,5,0,6,0,0,0,0,1,1,5,1,60,9,1968,2,7,7,3,7
2016220084620,1,1,0,17,0,0,0,0,1,9,1,1,5,1,18,4,-1,-1,-1,7,1,7
2016220084641,1,9,0,18,0,8,0,0,1,0,3,1,5,2,70,10,1242,1,2,3,1,3
2016220084641,2,98,1,18,0,8,0,0,0,0,1,1,1,1,53,8,-1,-1,-1,8,1,8
2016220084667,1,9,0,18,0,0,0,0,0,0,1,1,5,1,28,6,1598,1,3,3,2,3
2016220084667,2,9,0,4,0,0,0,0,0,0,2,1,5,2,37,7,-1,-1,-1,6,3,6
2016220084698,1,9,0,5,0,8,2,10,0,0,3,1,5,1,48,8,-1,-1,-1,8,1,8
2016220084698,2,9,0,5,0,8,0,0,0,0,1,1,5,1,43,7,1242,1,10,10,1,10
2016220084718,1,9,0,17,0,0,1,0,0,0,1,1,5,1,18,4,1360,1,9,5,3,5
2016220084718,2,9,0,16,0,0,1,0,0,0,1,1,5,2,33,6,1422,2,12,6,3,6
2016220084749,1,19,0,13,0,0,0,0,0,0,1,1,5,1,60,9,2151,2,12,5,3,5
2016220084749,2,9,0,4,0,0,0,0,0,0,2,1,5,1,42,7,2148,2,11,4,3,4
2016220084767,1,9,0,16,0,0,5,0,7,11,3,1,5,1,35,6,1796,1,12,4,2,4
2016220084774,1,9,0,10,0,8,0,0,0,0,2,1,5,1,66,10,996,1,2,-1,3,-1
2016220084774,2,9,4,18,0,8,0,0,0,0,1,1,5,1,80,11,1968,2,5,6,1,6
2016220084782,1,9,0,1,0,0,0,0,0,0,2,1,5,1,54,8,1598,1,7,6,1,6
2016220084799,1,9,0,10,0,8,0,0,0,0,2,1,5,2,45,7,1587,1,14,1,1,1
2016220084799,2,9,0,16,0,8,0,0,0,0,1,1,5,1,76,11,-1,-1,-1,4,2,4
2016220084816,1,3,0,4,0,6,0,0,0,0,1,1,5,2,59,9,124,1,3,4,1,4
2016220084816,2,8,0,10,0,8,0,0,0,0,3,1,1,2,49,8,1560,2,5,6,3,6
2016220084828,1,9,0,16,0,0,0,0,0,0,1,1,5,1,26,6,1968,2,9,10,1,10
2016220084828,2,9,0,17,0,0,5,0,0,0,1,1,5,2,69,10,698,1,11,10,2,10
2016220084842,1,9,0,14,0,0,0,0,0,0,3,1,5,1,46,8,4197,1,11,5,1,5
2016220084842,2,3,0,16,0,0,0,0,0,0,1,1,5,2,20,4,-1,-1,-1,4,1,4
2016220084888,1,9,0,16,0,0,1,0,0,0,1,1,5,1,28,6,2188,2,12,3,1,3
2016220084888,2,9,0,17,0,0,0,0,1,0,1,1,5,1,73,10,-1,-1,-1,6,1,6
2016220084895,1,9,0,18,0,3,0,0,1,3,1,1,5,2,48,8,973,1,14,8,3,8
2016220084923,1,9,0,9,0,6,0,0,0,0,1,1,5,1,58,9,1396,1,2,6,3,6
2016220084923,2,1,0,9,0,5,0,0,0,0,2,1,5,1,60,9,-1,-1,-1,-1,-1,-1
2016220084941,1,9,0,18,0,0,0,0,0,0,1,1,5,2,63,9,-1,-1,-1,8,2,8
2016220084941,2,9,0,4,0,0,0,0,0,0,2,1,1,1,30,6,1796,2,2,-1,3,-1
2016220084953,1,9,0,16,0,0,0,0,0,0,1,1,5,2,19,4,1596,1,10,6,3,6
2016220084953,2,19,0,17,0,0,1,0,0,0,1,1,5,1,30,6,2198,2,9,-1,-1,-1
2016220084960,1,9,0,9,0,5,0,0,7,11,4,1,1,2,47,8,1598,2,-1,1,1,1
2016220084960,2,9,0,18,0,8,0,0,0,0,1,1,5,2,20,4,1198,1,6,-1,3,-1
2016220084964,1,9,0,17,0,0,1,0,0,0,3,1,5,1,20,4,1124,1,14,1,1,1
2016220084964,2,9,0,16,0,0,0,0,0,0,3,1,5,1,57,9,-1,-1,-1,8,2,8
2016220084970,1,9,0,5,0,6,0,0,1,3,1,1,1,2,33,6,1149,1,11,2,1,2
2016220084970,2,9,0,18,0,1,0,0,0,0,1,1,2,1,55,8,-1,-1,-1,6,3,6
2016220084983,1,9,0,18,0,0,0,0,0,0,1,1,5,1,73,10,1560,2,3,9,1,9
2016220084983,2,9,0,18,0,0,0,0,0,0,2,1,5,1,23,5,1229,1,3,2,1,2
2016220084998,1,9,0,5,0,6,0,0,0,0,1,1,6,1,85,11,1197,1,4,3,1,3
2016220084998,2,9,0,18,0,1,0,0,0,0,1,1,6,2,45,7,1896,2,11,1,1,1
2016220085099,1,9,0,17,0,1,0,0,0,0,1,1,6,2,55,8,1364,1,1,8,1,8
2016220085099,2,9,0,10,0,8,0,0,0,0,2,1,6,2,64,9,1198,1,10,8,1,8
2016220085346,1,9,4,16,0,0,0,0,0,0,4,1,6,1,48,8,1997,2,14,4,3,4
2016220085346,2,16,0,16,0,0,0,0,0,0,3,1,6,2,16,4,-1,-1,-1,8,2,8
2016220085409,1,9,0,5,0,6,0,0,3,11,3,1,6,1,76,11,1998,1,12,-1,-1,-1
2016220085409,2,11,0,18,2,1,0,0,0,0,1,1,1,1,49,8,5900,2,11,5,3,5
2016220085435,1,9,0,5,0,4,0,0,0,0,1,1,6,2,42,7,1149,1,10,8,1,8
2016220085435,2,9,0,5,0,4,0,0,0,0,2,1,6,1,28,6,1995,2,7,6,1,6
2016220085520,1,98,0,9,0,6,0,0,0,0,1,1,2,1,17,4,-1,-1,-1,6,3,6
2016220085520,2,9,0,17,0,8,0,0,1,10,1,1,1,1,43,7,1582,2,4,7,3,7
2016220085576,1,9,0,17,0,0,0,0,0,0,1,1,5,1,48,8,1399,2,4,3,1,3
2016220085576,2,9,0,16,0,0,0,0,0,0,1,1,5,2,40,7,1968,2,9,-1,3,-1
2016220085588,1,9,0,18,0,0,1,0,1,9,4,1,5,1,38,7,998,1,16,5,1,5
2016220085646,1,9,0,18,0,0,0,0,0,0,1,1,6,3,34,6,-1,-1,-1,-1,-1,-1
2016220085656,1,9,0,17,0,0,2,10,0,0,4,1,6,1,22,5,1461,2,12,2,1,2
2016220085675,1,9,0,18,0,0,0,0,0,0,1,1,6,2,31,6,1368,1,7,-1,-1,-1
2016220085675,2,9,0,18,0,0,0,0,0,0,1,1,1,2,21,5,1499,2,-1,2,1,2
2016220085675,3,9,0,3,0,0,0,0,0,0,2,1,1,1,73,10,1896,2,9,6,3,6
2016220085675,4,9,0,3,0,0,0,0,0,0,2,1,1,1,25,5,1362,1,2,6,3,6
2016220085675,5,9,0,2,0,0,0,0,0,0,0,1,6,2,30,6,1200,1,1,9,3,9
2016220085676,1,19,0,17,0,2,5,0,0,0,4,1,5,1,38,7,1364,1,8,4,3,4
2016220085752,1,5,0,17,0,0,0,0,1,1,4,1,5,1,25,5,999,1,-1,6,3,6
2016220085760,1,9,0,18,0,8,0,0,0,0,1,1,5,1,29,6,1598,1,2,7,3,7
2016220085760,2,9,0,5,0,3,0,0,0,0,4,1,5,1,39,7,1968,2,10,2,1,2
2016220085814,1,9,0,4,0,0,0,0,0,0,1,1,5,1,20,4,1229,1,11,-1,-1,-1
2016220085814,2,9,0,3,0,0,0,0,0,0,2,1,5,2,59,9,2495,2,17,5,3,5
2016220085816,1,19,0,4,0,1,0,0,0,0,1,1,1,1,25,5,1968,2,1,-1,-1,-1
2016220085816,2,1,0,17,0,8,0,0,0,0,3,1,5,1,24,5,-1,-1,-1,1,1,1
2016220085823,1,9,0,18,0,6,0,0,0,0,1,1,5,2,20,4,1242,1,9,7,2,7
2016220085834,1,3,0,18,0,8,0,0,0,0,4,1,5,2,18,4,124,1,6,-1,-1,-1
2016220085834,2,9,0,9,0,6,0,0,0,0,1,1,2,1,22,5,1149,1,14,10,3,10
2016220085837,1,9,0,9,0,5,0,0,0,0,4,1,5,1,18,4,998,1,9,9,1,9
2016220085837,2,19,0,18,0,1,0,0,0,0,1,1,1,1,50,8,1968,2,2,7,2,7
2016220085893,1,19,0,3,0,0,0,0,0,0,2,1,1,1,52,8,1598,2,2,8,3,8
2016220085893,2,9,0,4,0,0,0,0,0,0,1,1,5,2,56,9,1000,1,16,8,1,8
2016220085901,1,19,0,18,0,0,0,0,1,0,1,1,2,1,28,6,1461,2,2,6,1,6
2016220085901,2,21,1,18,0,0,0,0,0,0,2,1,1,1,22,5,10837,2,1,6,1,6
2016220085904,1,9,0,5,0,1,0,0,0,0,3,1,2,2,26,6,1388,1,7,10,1,10
2016220085904,2,1,0,17,0,1,0,0,0,0,4,1,2,1,50,8,-1,-1,-1,4,1,4
2016220085912,1,4,0,16,0,2,1,11,7,11,1,1,5,1,54,8,1237,1,3,8,2,8
2016220085913,1,9,0,18,0,0,0,0,0,0,1,1,6,2,36,7,1998,2,9,2,1,2
2016220085963,1,9,0,9,0,6,0,0,0,0,1,1,2,1,45,7,2688,2,15,10,1,10
2016220085963,2,5,0,18,0,1,0,0,0,0,4,1,2,1,25,5,955,1,12,8,1,8
2016220085973,1,9,0,18,0,0,0,0,7,3,1,1,6,2,58,9,1951,2,13,5,3,5
2016220085976,1,9,0,5,0,6,0,0,0,0,0,1,6,1,31,6,1896,2,12,-1,-1,-1
2016220085976,2,3,0,18,0,1,1,0,0,0,1,1,5,1,51,8,124,1,16,-1,-1,-1