Accident_Index,Vehicle_Reference,Vehicle_Type,Towing_and_Articulation,Vehicle_Manoeuvre,Vehicle_Location-Restricted_Lane,Junction_Location,Skidding_and_Overturning,Hit_Object_in_Carriageway,Vehicle_Leaving_Carriageway,Hit_Object_off_Carriageway,1st_Point_of_Impact,Was_Vehicle_Left_Hand_Drive?,Journey_Purpose_of_Driver,Sex_of_Driver,Age_of_Driver,Age_Band_of_Driver,Engine_Capacity_(CC),Propulsion_Code,Age_of_Vehicle,Driver_IMD_Decile,Driver_Home_Area_Type,Vehicle_IMD_Decile
2016220085977,1,9,0,16,0,0,5,0,0,0,1,1,5,2,56,9,1497,1,10,7,3,7
2016220085980,1,9,0,16,0,0,2,0,8,4,1,1,2,2,44,7,1956,2,7,2,1,2
2016220086067,1,19,0,18,0,4,0,0,0,0,3,1,6,1,61,9,1997,2,6,2,1,2
2016220086067,2,9,0,18,0,8,0,0,0,0,1,1,6,1,44,7,2000,2,5,-1,3,-1
2016220086106,1,9,0,9,0,5,0,0,0,0,1,1,2,2,21,5,1360,1,8,2,1,2
2016220086106,2,9,0,18,0,1,0,0,0,0,1,1,2,1,51,8,1598,1,11,4,3,4
2016220086129,1,9,0,18,0,1,0,0,3,4,1,1,6,1,86,11,1968,2,3,8,2,8
2016220086160,1,9,0,18,0,0,0,4,0,0,1,1,6,1,84,11,1951,2,12,7,3,7
2016220086160,2,9,0,2,0,0,0,0,0,0,2,1,6,3,30,6,-1,-1,-1,-1,-1,-1
2016220086200,1,9,0,18,0,1,0,0,0,0,2,1,6,2,51,8,1984,1,-1,2,1,2
2016220086200,2,9,0,18,0,1,0,0,0,0,1,1,6,1,30,6,1753,2,8,-1,-1,-1
2016220086238,1,3,0,18,0,0,1,0,7,0,3,1,6,1,20,4,125,1,-1,5,1,5
2016220086255,1,19,0,18,0,0,0,0,7,11,1,1,1,1,51,8,2198,2,5,-1,2,-1
2016220086267,1,9,0,9,0,5,0,0,0,0,1,1,1,2,32,6,1582,2,1,10,1,10
2016220086267,2,9,0,18,0,1,0,0,0,0,1,1,5,2,17,4,1399,2,10,9,1,9
2016220086270,1,9,0,9,0,1,0,0,0,0,1,1,6,2,23,5,1198,1,14,5,3,5
2016220086270,2,9,0,18,0,1,0,0,1,2,1,1,6,1,51,8,1587,1,13,5,3,5
2016220086273,1,19,0,5,0,6,5,0,0,0,3,1,1,1,42,7,2198,2,1,-1,-1,-1
2016220086273,2,9,0,18,0,1,1,0,0,0,1,1,1,1,68,10,-1,-1,-1,-1,-1,-1
2016220086309,1,9,0,1,0,0,0,0,0,0,2,1,6,2,28,6,1870,2,11,-1,-1,-1
2016220086309,2,9,0,3,0,0,0,0,0,0,1,1,6,2,28,6,-1,-1,-1,1,1,1
2016220086324,1,9,0,17,0,0,5,0,0,0,4,1,5,1,24,5,1796,1,11,5,3,5
2016220086331,1,9,0,13,0,0,1,0,1,11,1,1,6,1,48,8,1753,2,9,-1,-1,-1
2016220086347,1,90,0,1,0,1,0,0,0,0,4,1,5,1,62,9,-1,-1,-1,-1,-1,-1
2016220086347,2,9,0,7,0,6,0,0,0,0,2,1,1,1,67,10,1499,1,1,-1,-1,-1
2016220086351,1,1,0,18,0,6,0,0,0,0,1,1,5,2,56,9,-1,-1,-1,2,1,2
2016220086351,2,9,0,18,0,8,0,0,0,0,4,1,5,1,17,4,1396,1,16,2,1,2
2016220086352,1,9,0,9,0,2,0,0,0,0,1,1,2,1,21,5,-1,-1,-1,9,1,9
2016220086436,1,9,0,5,0,6,0,0,0,0,1,1,5,1,26,6,1896,2,14,7,1,7
2016220086436,2,9,0,18,0,8,0,0,0,0,1,1,5,1,33,6,1799,1,19,9,1,9
2016220086506,1,17,0,7,0,5,0,0,0,0,1,1,1,1,57,9,6600,2,3,6,3,6
2016220086506,2,9,0,4,0,1,0,0,0,0,3,1,2,2,24,5,1198,1,9,5,3,5
2016220086527,1,1,0,16,0,8,1,0,0,0,1,1,5,1,42,7,-1,-1,-1,8,1,8
2016220086527,2,19,0,17,0,8,0,0,0,0,3,1,1,1,35,6,2143,2,1,5,1,5
2016220086527,3,9,0,18,0,8,0,0,0,0,1,1,6,2,-1,-1,1600,1,5,8,3,8
2016220086527,4,9,0,18,0,8,0,0,0,0,2,1,6,2,68,10,-1,-1,-1,5,3,5
2016220086555,1,9,0,5,0,4,0,0,0,0,1,1,5,2,19,4,1242,1,14,9,1,9
2016220086555,2,9,0,8,0,1,0,0,0,0,2,1,5,1,55,8,998,1,7,10,1,10
2016220086572,1,17,4,7,0,5,2,0,0,0,3,1,1,1,26,6,-1,-1,-1,6,3,6
2016220086572,2,9,0,4,0,1,0,0,0,0,3,1,5,2,36,7,1997,2,13,5,2,5
2016220086574,1,9,0,9,0,6,0,0,0,0,1,1,2,1,54,8,1598,1,8,4,1,4
2016220086574,2,3,0,14,0,8,0,0,0,0,1,1,2,1,29,6,750,1,-1,6,3,6
2016220086611,1,9,0,9,0,6,0,0,0,0,1,1,5,2,44,7,-1,-1,-1,3,1,3
2016220086611,2,9,0,18,0,8,0,0,0,0,1,1,5,2,69,10,1242,1,5,6,2,6
2016220086636,1,9,0,17,0,0,2,0,7,0,1,1,1,1,62,9,-1,-1,-1,-1,-1,-1
2016220086642,1,9,0,5,0,6,0,0,0,0,3,1,5,1,70,10,1390,1,12,4,1,4
2016220086642,2,9,0,18,0,8,0,0,0,0,1,1,5,2,55,8,1995,2,2,9,1,9
2016220086663,1,9,0,4,0,1,0,0,0,0,1,1,5,1,53,8,2982,2,14,3,1,3
2016220086663,2,9,0,3,0,1,0,0,0,0,2,1,2,2,30,6,1399,2,12,6,1,6
2016220086668,1,9,0,17,0,0,0,0,1,0,3,1,5,1,70,10,4806,1,7,5,3,5
2016220086668,2,1,0,16,0,0,0,0,0,0,1,1,5,1,16,4,-1,-1,-1,4,3,4
2016220086676,1,9,0,5,0,6,0,0,0,0,1,1,5,2,54,8,1360,1,14,-1,-1,-1
2016220086676,2,9,0,18,0,8,0,0,0,0,1,1,5,2,67,10,1998,1,2,-1,-1,-1
2016220086681,1,9,0,9,0,6,0,0,0,0,3,1,6,1,26,6,-1,-1,-1,6,3,6
2016220086681,2,9,0,18,0,1,1,0,0,0,1,1,6,2,24,5,1968,2,8,8,3,8
2016220086694,1,9,0,18,0,1,0,0,0,0,1,1,6,2,58,9,1461,2,-1,1,1,1
2016220086694,2,9,0,7,0,5,0,0,1,11,2,1,5,1,60,9,1905,2,18,8,1,8
2016220086752,1,9,0,18,0,0,1,0,1,4,1,1,5,2,32,6,1796,1,13,3,1,3
2016220086764,1,9,0,9,0,6,0,0,0,0,1,1,6,2,67,10,1998,1,13,5,3,5
2016220086764,2,9,0,18,0,1,1,0,7,3,3,1,6,1,56,9,1910,2,13,4,3,4
2016220086769,1,9,0,14,0,8,0,0,0,0,1,1,5,2,22,5,1086,1,8,2,1,2
2016220086769,2,9,0,12,0,7,0,0,4,0,0,1,5,3,25,5,-1,-1,-1,-1,-1,-1
2016220086782,1,9,0,18,0,2,1,0,1,7,1,1,2,2,73,10,1596,1,2,5,3,5
2016220086785,1,9,0,18,0,1,0,0,0,0,1,1,5,1,35,6,1598,1,9,3,2,3
2016220086785,2,9,0,3,0,1,0,0,0,0,2,1,5,1,50,8,1560,2,2,10,1,10
2016220086788,1,9,0,17,0,0,0,0,0,0,1,1,5,1,27,6,1796,1,13,4,1,4
2016220086788,2,9,0,5,0,0,0,0,1,0,1,1,5,2,45,7,1400,1,10,8,3,8
2016220086791,1,9,0,16,0,0,1,0,7,9,1,1,5,1,22,5,1299,1,21,8,1,8
2016220086809,1,9,0,3,0,1,0,0,0,0,2,1,5,1,61,9,-1,-1,-1,5,1,5
2016220086809,2,9,0,18,0,1,0,0,0,0,1,1,5,1,28,6,1968,2,5,6,1,6
2016220086809,3,9,0,18,0,1,0,0,0,0,1,1,5,1,38,7,1995,2,9,9,1,9
2016220086882,1,9,0,18,0,8,0,0,0,0,1,1,5,2,78,11,1686,2,2,4,3,4
2016220086882,2,9,0,7,0,5,0,0,1,10,2,1,5,1,88,11,1248,2,7,-1,-1,-1
2016220086893,1,9,0,1,0,0,0,0,0,0,2,1,5,1,23,5,1043,1,23,7,3,7
2016220086906,1,9,0,3,0,1,0,0,0,0,1,1,5,2,41,7,1390,1,10,2,1,2
2016220086906,2,9,0,9,0,3,1,0,0,0,1,1,3,2,35,6,1242,1,12,8,1,8
2016220086908,1,9,0,18,0,8,0,0,0,0,3,1,5,1,19,4,-1,-1,-1,5,3,5
2016220086908,2,9,0,9,0,5,0,0,0,0,1,1,5,1,21,5,1988,1,15,7,3,7
2016220086935,1,9,0,4,0,0,1,0,0,0,2,1,5,2,51,8,1951,2,13,6,3,6
2016220086935,2,9,0,18,0,0,1,0,1,3,1,1,5,2,24,5,1598,1,13,4,3,4
2016220086935,3,9,0,4,0,0,0,0,0,0,0,1,5,2,52,8,1248,1,2,-1,-1,-1
2016220086992,1,9,0,16,0,1,0,0,0,0,1,1,2,1,18,4,-1,-1,-1,5,3,5
2016220086992,2,9,0,3,0,1,0,0,0,0,2,1,3,2,22,5,1598,1,3,5,3,5
2016220086992,3,9,0,3,0,1,0,0,1,0,2,1,2,1,44,7,1988,1,14,5,3,5
2016220086996,1,19,0,17,0,0,1,0,1,10,1,1,1,1,25,5,2143,2,2,3,1,3
2016220086996,2,19,0,4,0,0,0,0,0,0,1,1,3,1,48,8,-1,-1,-1,5,3,5
2016220087036,1,9,0,9,0,6,0,0,0,0,1,1,5,1,25,5,1796,1,2,-1,3,-1
2016220087036,2,1,0,18,0,8,0,0,0,0,4,1,5,1,63,9,-1,-1,-1,1,1,1
2016220087078,1,9,0,18,0,0,0,0,0,0,3,1,5,2,45,7,1994,1,19,4,3,4
2016220087078,2,21,0,18,0,0,0,0,0,0,3,1,1,1,63,9,12740,2,3,4,3,4
2016220087093,1,9,0,3,0,1,0,0,0,0,2,1,1,2,26,6,1995,2,2,2,1,2
2016220087093,2,19,0,18,0,4,0,0,0,0,1,1,1,1,75,10,2198,2,6,9,1,9
2016220087114,1,9,0,17,0,0,2,0,8,10,1,1,5,1,19,4,1108,1,19,8,3,8
2016220087114,2,98,0,16,0,0,0,0,0,0,0,1,1,3,48,8,-1,-1,-1,-1,-1,-1
2016220087120,1,9,0,18,0,1,2,0,2,11,1,1,5,2,24,5,1598,1,14,5,3,5
2016220087132,1,9,0,18,0,0,0,0,0,0,1,1,5,1,31,6,1597,1,16,5,1,5
2016220087132,2,9,0,3,0,0,0,0,0,0,2,1,5,1,54,8,2997,1,18,-1,-1,-1
2016220087162,1,9,0,4,0,0,0,0,0,0,1,1,2,2,17,4,-1,-1,-1,7,3,7
2016220087162,2,9,0,4,0,0,0,0,0,0,2,1,2,2,20,4,1560,2,6,6,3,6
2016220087163,1,9,0,18,0,0,0,0,1,2,1,1,2,1,48,8,2143,2,-1,5,1,5
2016220087163,2,9,0,18,0,0,0,0,1,0,2,1,2,1,61,9,2400,2,1,-1,-1,-1
2016220087163,3,9,0,2,0,0,0,0,0,0,4,1,5,3,40,7,2967,2,1,8,1,8
2016220087166,1,9,0,7,0,5,0,0,0,0,1,1,2,2,29,6,1242,1,8,3,1,3
2016220087166,2,9,0,18,0,8,0,0,0,0,1,1,2,2,45,7,1299,1,9,3,1,3
2016220087203,1,9,0,4,0,1,0,0,0,0,1,1,6,1,68,10,1560,2,7,4,1,4
2016220087203,2,19,0,1,0,1,0,0,0,0,2,1,6,1,33,6,1248,2,11,8,1,8
2016220087221,1,1,0,18,0,1,0,0,0,0,1,1,6,1,35,6,-1,-1,-1,-1,-1,-1
2016220087221,2,9,0,4,0,1,0,0,0,0,2,1,6,2,19,4,1149,1,13,8,3,8
2016220087242,1,9,0,18,0,8,1,0,0,0,1,1,6,1,39,7,1997,2,13,6,2,6
2016220087242,2,9,0,11,0,8,0,0,0,0,4,1,6,3,30,6,-1,-1,-1,-1,-1,-1
2016220087242,3,9,0,18,0,8,1,0,0,0,2,1,6,1,60,9,-1,-1,-1,7,1,7
2016220087242,4,5,0,18,0,8,1,0,0,0,1,1,6,1,52,8,953,1,13,6,1,6
2016220087247,1,9,0,5,0,4,0,0,0,0,1,1,2,2,35,6,1248,1,1,8,3,8
2016220087247,2,1,0,9,0,8,0,0,0,0,2,1,2,2,30,6,-1,-1,-1,-1,-1,-1
2016220087256,1,9,0,18,0,8,0,0,0,0,1,1,6,2,73,10,1242,1,3,8,1,8
2016220087256,2,9,0,18,0,8,0,0,0,0,4,1,6,1,66,10,-1,-1,-1,9,1,9
2016220087326,1,9,0,18,0,0,0,0,0,0,4,1,2,2,24,5,1240,1,12,5,3,5
2016220087346,1,9,0,18,0,6,1,0,0,0,1,1,2,1,34,6,1910,2,9,-1,-1,-1
2016220087346,2,9,0,18,0,8,0,0,0,0,4,1,5,2,58,9,1997,2,7,8,1,8
2016220087359,1,9,0,18,0,8,0,0,0,0,3,1,2,2,56,9,1388,1,14,8,1,8
2016220087359,2,9,0,18,0,8,0,0,0,0,1,1,5,1,41,7,1997,2,13,1,1,1
2016220087381,1,9,0,16,0,0,0,0,0,0,4,1,5,2,25,5,1910,2,11,1,1,1
2016220087409,1,9,0,1,0,6,0,10,1,0,4,1,5,2,19,4,1368,1,10,4,1,4
2016220087409,2,9,0,16,0,8,5,4,0,0,1,1,5,2,38,7,1390,1,11,3,1,3
2016220087409,3,9,0,2,0,1,0,0,0,0,3,1,5,1,41,7,2143,2,-1,4,1,4
2016220087474,1,9,0,5,9,6,0,0,0,0,1,1,5,1,30,6,1995,2,10,-1,-1,-1
2016220087474,2,1,0,18,9,8,0,0,0,0,4,1,5,1,51,8,-1,-1,-1,7,1,7
2016220087492,1,9,0,9,0,2,0,0,0,0,3,1,6,1,23,5,2500,1,17,8,1,8
2016220087492,2,9,0,18,0,1,0,0,0,0,3,1,6,1,23,5,-1,-1,-1,3,1,3
2016220087498,1,9,0,4,0,0,0,0,0,0,0,1,2,1,71,10,1910,2,11,4,1,4
2016220087498,2,9,0,4,0,0,0,0,0,0,2,1,2,2,23,5,1149,1,6,5,1,5
2016220087498,3,9,0,4,0,0,1,0,0,0,1,1,2,2,18,4,1299,1,16,8,2,8
2016220087538,1,9,0,18,0,0,0,0,1,4,1,1,1,1,23,5,1896,2,13,1,1,1
2016220087577,1,3,0,18,0,8,0,0,0,0,1,1,6,1,41,7,125,1,-1,-1,-1,-1
2016220087577,2,9,0,5,0,4,0,0,0,0,3,1,5,2,21,5,998,1,6,8,1,8
2016220087650,1,9,0,9,0,5,0,0,0,0,1,1,6,2,73,10,-1,-1,-1,9,2,9
2016220087650,2,9,0,18,0,1,0,0,1,0,3,1,6,1,50,8,1796,2,3,4,2,4
2016220087735,1,9,0,18,0,0,0,0,0,0,1,1,6,1,33,6,1998,1,11,4,1,4
2016220087760,1,9,0,4,0,0,0,0,0,0,1,1,2,1,29,6,1956,2,5,6,1,6
2016220087760,2,9,0,4,0,0,0,0,0,0,1,1,2,1,46,8,1390,1,9,2,1,2
2016220087760,3,9,0,3,0,0,0,0,0,0,2,1,2,1,46,8,1499,2,1,7,1,7
2016220087779,1,9,0,18,0,2,0,0,0,0,1,1,5,1,21,5,1198,1,14,8,3,8
2016220087781,1,9,0,7,0,6,0,0,0,0,2,1,6,1,18,4,1598,2,3,5,1,5
2016220087781,2,21,1,17,0,1,0,0,0,0,1,1,1,1,53,8,15607,2,11,-1,-1,-1
2016220087844,1,9,0,17,0,0,1,0,0,0,4,1,2,1,20,4,1599,1,12,7,1,7
2016220087844,2,9,0,16,0,0,0,0,1,0,1,1,2,1,19,4,1229,1,9,5,3,5
2016220087862,1,9,0,18,0,8,1,0,1,3,1,1,1,2,23,5,1868,2,18,5,2,5
2016220087935,1,9,0,17,0,0,1,10,7,4,1,1,2,1,22,5,1242,1,13,1,1,1
2016220087941,1,9,0,18,0,0,0,0,0,0,1,1,5,2,52,8,2199,2,5,4,3,4
2016220087941,2,9,0,18,0,0,0,0,0,0,1,1,5,1,53,8,1870,2,15,2,1,2
2016220087941,3,9,0,18,0,0,0,0,0,0,1,1,2,1,34,6,1248,2,10,9,1,9
2016220087942,1,21,1,18,0,0,0,0,0,0,3,1,1,1,48,8,11705,2,7,9,1,9
2016220087942,2,9,0,18,0,0,0,0,5,6,4,1,5,2,58,9,1998,1,14,9,3,9
2016220087978,1,9,3,13,0,0,0,0,0,0,4,1,5,1,35,6,1997,2,8,6,1,6
2016220087978,2,9,0,18,0,0,0,0,0,0,0,1,5,1,40,7,1598,1,3,8,3,8
2016220087978,3,1,0,18,0,0,0,0,0,0,1,1,5,1,41,7,-1,-1,-1,2,1,2
2016220087991,1,21,1,9,0,4,0,0,0,0,1,1,1,1,50,8,12419,2,2,5,3,5
2016220087991,2,1,0,18,0,8,0,0,0,0,2,1,5,1,33,6,-1,-1,-1,9,2,9
2016220088009,1,9,0,18,0,8,1,4,0,0,1,1,2,1,29,6,1332,1,18,5,1,5
2016220088009,2,9,0,2,0,8,0,0,0,0,2,1,5,1,76,11,2143,2,-1,-1,-1,-1
2016220088015,1,3,0,18,0,8,0,0,0,0,1,1,2,1,58,9,125,1,1,4,3,4
2016220088015,2,8,0,6,0,8,0,0,0,0,3,1,1,1,27,6,1686,2,7,2,1,2
2016220088028,1,9,0,7,0,5,0,0,0,0,4,1,6,1,24,5,1149,1,9,-1,-1,-1
2016220088028,2,4,0,18,0,8,1,0,1,4,3,1,5,1,54,8,-1,-1,-1,9,1,9
2016220088031,1,9,0,4,0,0,0,0,0,0,2,1,5,2,49,8,1968,2,3,4,3,4
2016220088031,2,9,0,4,0,0,0,0,0,0,1,1,5,2,23,5,1422,2,14,5,1,5
2016220088032,1,9,0,9,0,5,0,0,0,0,3,1,6,3,34,6,2172,2,12,-1,-1,-1
2016220088032,2,2,0,14,0,8,0,0,0,0,1,1,2,1,36,7,124,1,1,3,1,3
2016220088110,1,9,0,16,0,0,0,0,0,0,1,1,2,1,42,7,1900,2,12,2,1,2
2016220088110,2,9,0,17,0,0,0,0,0,0,1,1,2,1,28,6,1242,1,-1,4,1,4
2016220088110,3,9,0,17,0,0,0,0,0,0,1,1,2,1,37,7,1497,1,13,1,1,1
2016220088131,1,9,0,18,0,0,0,0,0,0,4,1,5,2,29,6,1364,1,11,1,1,1
2016220088132,1,9,0,9,0,6,0,0,0,0,3,1,5,2,36,7,1968,2,5,7,3,7
2016220088132,2,5,0,18,0,1,0,0,0,0,1,1,5,1,71,10,680,1,8,7,3,7
2016220088149,1,9,0,10,0,8,0,0,0,0,2,1,2,2,50,8,1364,1,10,3,1,3
2016220088149,2,9,0,18,0,1,0,0,0,0,1,1,2,2,25,5,1242,1,11,3,1,3
2016220088188,1,9,0,16,0,0,0,0,0,0,3,1,6,1,27,6,1896,2,12,-1,2,-1
2016220088188,2,9,0,17,0,0,0,0,0,0,3,1,6,2,58,9,1598,2,5,5,3,5
2016220088199,1,19,0,9,0,5,0,0,0,0,4,1,6,1,59,9,2464,2,9,5,3,5
2016220088199,2,9,0,18,0,1,1,0,0,0,1,1,2,1,52,8,1794,1,21,6,3,6
2016220088199,3,9,0,18,0,1,0,0,0,0,1,1,6,2,33,6,-1,-1,-1,4,2,4
2016220088202,1,5,0,18,0,6,0,0,0,0,1,1,6,1,25,5,599,1,18,8,1,8
2016220088202,2,9,0,9,0,1,0,0,0,0,1,1,2,1,43,7,2993,2,9,-1,-1,-1
2016220088205,1,9,0,4,0,0,1,7,1,10,1,1,2,1,37,7,1199,1,13,2,1,2
2016220088205,2,9,0,18,0,0,0,0,1,0,0,1,2,1,30,6,1995,1,13,4,1,4
2016220088212,1,9,0,16,0,0,1,0,0,0,1,1,5,1,74,10,2993,2,4,8,3,8
2016220088212,2,9,0,17,0,0,1,0,1,0,1,1,5,1,65,9,-1,-1,-1,-1,3,-1
2016220088214,1,9,0,14,0,1,0,0,0,0,1,1,5,3,30,6,1984,1,8,-1,-1,-1
2016220088214,2,9,0,10,0,1,0,0,0,0,3,1,5,1,81,11,1398,2,9,5,1,5
2016220088214,3,9,0,18,0,1,0,0,0,0,3,1,5,1,33,6,1124,1,11,2,1,2
2016220088214,4,9,0,18,0,1,0,0,0,0,0,1,5,1,34,6,1598,2,1,4,1,4
2016220088257,1,5,0,16,0,0,1,0,6,0,1,1,6,1,52,8,599,1,11,8,1,8
2016220088257,2,9,0,17,0,0,0,0,0,0,1,1,5,1,61,9,-1,-1,-1,6,1,6
2016220088302,1,9,0,18,0,6,0,0,7,10,3,1,5,2,44,7,973,1,14,3,1,3
2016220088302,2,9,0,18,0,8,0,0,0,0,1,1,5,1,17,4,1242,1,4,-1,-1,-1
2016220088341,1,9,0,5,0,0,0,0,0,0,1,1,2,1,20,4,1796,1,11,9,3,9
2016220088341,2,3,0,17,0,0,0,0,0,0,4,1,1,2,40,7,125,1,1,7,3,7
2016220088375,1,9,0,9,0,6,0,0,0,0,3,1,2,2,43,7,1598,1,15,7,3,7
2016220088375,2,9,0,17,0,8,0,0,0,0,1,1,5,1,51,8,1998,2,10,-1,-1,-1
2016220088386,1,9,0,16,0,7,1,0,1,2,1,1,5,2,32,6,1043,1,30,7,3,7
2016220088389,1,9,0,11,0,0,5,10,1,2,1,1,5,2,53,8,-1,-1,-1,1,1,1
2016220088396,1,9,4,13,0,0,0,0,0,0,4,1,1,1,23,5,-1,-1,-1,4,3,4
2016220088396,2,1,0,18,0,0,0,0,0,0,3,1,2,2,53,8,-1,-1,-1,-1,2,-1
2016220088433,1,9,0,18,0,1,0,0,0,0,1,1,5,2,45,7,1984,1,12,5,3,5
2016220088433,2,9,0,10,0,1,0,0,0,0,2,1,5,1,43,7,1560,2,9,10,2,10
2016220088461,1,9,0,9,0,6,0,0,0,0,1,1,5,1,66,10,1242,1,1,5,1,5
2016220088461,2,5,0,14,0,8,0,0,7,0,1,1,5,1,48,8,1700,1,2,6,1,6
2016220088466,1,9,0,18,0,0,0,0,0,0,4,1,5,1,38,7,1968,2,10,9,1,9
2016220088466,2,1,0,18,0,0,0,0,0,0,1,1,5,1,10,2,-1,-1,-1,6,1,6
2016220088472,1,9,0,17,0,0,0,0,0,0,1,1,5,1,65,9,2198,2,-1,-1,-1,-1
2016220088472,2,9,0,16,0,0,0,0,0,0,1,1,5,2,33,6,1527,2,18,4,3,4
2016220088491,1,19,0,3,0,1,0,0,0,0,2,1,5,2,34,6,1968,2,3,6,3,6
2016220088491,2,9,0,18,0,1,0,0,0,0,1,1,5,1,40,7,1198,1,2,9,3,9
2016220088502,1,9,0,18,0,1,0,0,0,0,4,1,5,1,25,5,1686,2,3,2,1,2
2016220088502,2,9,0,7,0,6,0,0,0,0,1,1,6,2,44,7,1896,2,13,5,1,5
2016220088503,1,9,0,18,0,1,5,0,7,10,1,1,5,2,82,11,1395,1,3,6,3,6
2016220088517,1,9,0,18,0,0,0,0,0,0,1,1,5,1,35,6,-1,-1,-1,9,1,9
2016220088517,2,9,0,4,0,0,0,0,0,0,2,1,5,1,17,4,1199,1,12,10,3,10
2016220088517,3,9,0,4,0,0,0,0,0,0,2,1,5,1,18,4,1560,2,7,6,3,6
2016220088517,4,9,0,4,0,0,0,0,0,0,2,1,5,2,54,8,2400,2,4,-1,-1,-1
2016220088534,1,9,0,10,0,6,0,0,0,0,1,1,6,2,43,7,1560,2,3,10,1,10
2016220088534,2,9,0,17,0,1,0,0,0,0,4,1,6,1,57,9,1560,2,1,7,1,7
2016220088550,1,3,0,18,0,0,0,0,0,0,0,1,1,1,17,4,108,1,-1,6,1,6
2016220088550,2,19,0,4,0,0,0,0,0,0,0,1,1,1,43,7,1968,2,6,8,1,8
2016220088556,1,9,0,14,0,0,0,0,0,0,3,1,2,2,32,6,1598,2,1,10,1,10
2016220088556,2,1,0,18,0,0,0,0,0,0,1,1,5,1,7,2,-1,-1,-1,-1,-1,-1
2016220088569,1,9,0,18,0,0,0,0,0,0,1,1,6,1,24,5,1598,1,12,-1,-1,-1
2016220088569,2,9,0,3,0,0,0,0,0,0,2,1,6,1,60,9,1198,1,5,6,2,6
2016220088572,1,9,0,9,0,6,0,0,0,0,3,1,6,1,32,6,1968,2,9,5,3,5
2016220088572,2,9,0,18,0,1,0,0,0,0,1,1,6,2,31,6,1398,1,13,4,3,4
2016220088582,1,9,0,7,0,5,0,0,0,0,4,1,1,2,21,5,1242,1,2,9,1,9
2016220088582,2,1,0,18,4,1,0,0,0,0,1,1,2,1,62,9,-1,-1,-1,7,1,7
2016220088583,1,9,0,9,0,5,0,0,0,0,4,1,6,1,31,6,1587,1,13,-1,3,-1
2016220088583,2,9,0,18,0,1,0,0,0,0,1,1,6,1,55,8,2996,1,9,9,1,9
2016220088584,1,2,0,18,0,0,0,10,0,0,1,1,6,1,16,4,49,1,15,4,2,4
2016220088584,2,9,0,18,0,0,0,0,0,0,0,1,6,1,35,6,-1,-1,-1,-1,-1,-1
2016220088588,1,98,0,18,0,0,0,0,0,0,1,1,1,1,46,8,-1,-1,-1,3,1,3
2016220088588,2,9,0,3,0,0,0,0,0,0,2,1,6,2,26,6,-1,-1,-1,-1,-1,-1
2016220088588,3,9,0,3,0,0,0,0,0,0,2,1,6,1,61,9,1289,1,-1,8,1,8
2016220088588,4,9,0,3,0,0,0,0,0,0,2,1,6,1,46,8,-1,-1,-1,9,1,9
2016220088807,1,9,0,18,0,8,0,0,0,0,4,1,5,1,29,6,1390,1,12,2,1,2
2016220088807,2,19,0,9,0,6,0,0,0,0,1,1,1,1,37,7,2198,2,1,2,1,2
2016220088843,1,9,0,16,0,0,0,0,0,0,1,1,5,1,22,5,1896,2,14,7,1,7
2016220088843,2,9,0,3,0,0,0,0,0,0,2,1,5,2,24,5,1124,1,11,5,2,5
2016220088913,1,9,0,16,0,0,0,0,7,10,1,1,5,1,24,5,1390,1,2,-1,-1,-1
2016220088930,1,9,0,11,0,0,0,0,7,0,1,1,2,1,71,10,2199,2,5,8,1,8
2016220088930,2,9,0,4,0,0,0,0,0,0,2,1,2,1,51,8,1248,2,10,5,1,5
2016220088930,3,9,0,4,0,0,0,0,0,0,2,1,2,1,33,6,1995,2,11,4,1,4
2016220088991,1,9,0,18,0,0,0,0,0,0,1,1,5,1,76,11,1461,2,2,4,3,4
2016220088991,2,9,0,18,0,0,0,0,1,10,1,1,5,2,57,9,1229,1,9,6,3,6
2016220088991,3,9,0,18,0,0,0,0,0,0,1,1,5,2,42,7,1598,1,4,7,3,7
2016220089077,1,9,0,13,0,2,0,0,0,0,2,1,1,1,54,8,1796,1,12,1,1,1
2016220089077,2,9,0,18,0,2,0,0,0,0,1,1,5,2,25,5,1998,1,19,-1,-1,-1
2016220089135,1,9,0,16,0,0,1,0,8,10,1,1,5,2,36,7,1398,2,13,5,3,5
2016220089163,1,9,0,18,0,0,0,0,0,0,3,1,6,2,69,10,1390,1,13,-1,-1,-1
2016220089188,1,17,0,18,0,0,0,0,0,0,3,1,1,1,23,5,16000,2,1,4,3,4
2016220089188,2,9,0,18,0,0,5,0,0,0,3,1,2,2,26,6,998,1,1,4,3,4
2016220089245,1,9,0,18,0,0,0,0,0,0,3,1,6,1,70,10,1799,1,10,3,1,3
2016220089245,2,21,1,18,0,0,0,0,0,0,3,1,1,1,55,8,11946,2,9,1,1,1
2016220089249,1,9,0,18,0,0,2,0,1,0,4,1,6,2,24,5,1389,1,10,2,1,2
2016220089281,1,9,0,9,0,8,0,0,2,2,3,1,5,2,22,5,1461,2,1,-1,1,-1
2016220089281,2,9,0,18,0,8,0,0,0,0,4,1,1,1,44,7,2179,2,3,5,1,5