Accident_Index,Vehicle_Reference,Vehicle_Type,Towing_and_Articulation,Vehicle_Manoeuvre,Vehicle_Location-Restricted_Lane,Junction_Location,Skidding_and_Overturning,Hit_Object_in_Carriageway,Vehicle_Leaving_Carriageway,Hit_Object_off_Carriageway,1st_Point_of_Impact,Was_Vehicle_Left_Hand_Drive?,Journey_Purpose_of_Driver,Sex_of_Driver,Age_of_Driver,Age_Band_of_Driver,Engine_Capacity_(CC),Propulsion_Code,Age_of_Vehicle,Driver_IMD_Decile,Driver_Home_Area_Type,Vehicle_IMD_Decile
2016220102325,1,9,0,1,0,0,0,4,0,0,2,1,6,2,36,7,1896,2,7,6,3,6
2016220102325,2,9,0,3,0,0,0,0,0,0,1,1,1,2,18,4,1000,1,16,8,2,8
2016220102354,1,9,0,16,0,0,0,0,1,4,1,1,5,1,44,7,1998,1,13,9,1,9
2016220102507,1,3,0,4,0,2,0,0,0,0,4,1,5,1,19,4,125,1,-1,4,1,4
2016220102522,1,1,0,14,0,0,0,8,0,0,1,1,2,2,34,6,-1,-1,-1,8,3,8
2016220102522,2,9,0,2,0,0,0,0,0,0,3,1,2,1,45,7,2179,2,3,6,3,6
2016220102533,1,9,0,9,0,6,0,0,0,0,1,1,5,2,33,6,1149,1,6,-1,-1,-1
2016220102533,2,3,0,18,0,8,0,0,0,0,1,1,5,1,18,4,125,1,1,8,1,8
2016220102548,1,9,3,7,0,6,0,0,0,0,2,1,5,1,60,9,1995,2,11,-1,2,-1
2016220102548,2,9,0,18,0,8,0,0,0,0,3,1,2,1,44,7,1197,1,1,5,1,5
2016220102556,1,9,0,18,0,0,0,0,0,0,1,1,5,1,45,7,1598,1,4,8,3,8
2016220102567,1,9,0,16,0,0,0,0,0,0,1,1,5,1,25,5,2979,1,1,8,1,8
2016220102567,2,3,0,17,0,0,0,0,0,0,1,1,5,1,22,5,-1,-1,-1,9,3,9
2016220102620,1,8,0,4,0,8,0,0,0,0,0,1,1,1,48,8,-1,-1,-1,-1,-1,-1
2016220102875,1,9,0,9,0,5,0,0,8,11,3,1,2,1,35,6,1399,2,10,1,1,1
2016220102875,2,9,0,14,0,2,0,0,8,11,1,1,2,1,23,5,1686,2,12,1,1,1
2016220102885,1,3,0,16,0,0,0,10,0,0,4,1,5,2,23,5,-1,-1,-1,1,1,1
2016220102986,1,19,0,18,0,8,0,0,0,0,3,1,6,1,47,8,2198,2,5,4,1,4
2016220103057,1,19,0,17,0,0,0,0,0,0,1,1,5,1,35,6,1896,2,17,1,1,1
2016220103057,2,9,0,16,0,0,0,10,1,11,1,1,5,1,20,4,1149,1,12,4,1,4
2016220103156,1,9,0,17,0,0,5,0,0,0,4,1,2,1,20,4,998,1,8,3,1,3
2016220103164,1,9,0,18,0,1,0,0,0,0,4,1,5,2,60,9,1560,2,5,7,1,7
2016220103164,2,9,0,3,0,1,0,0,0,0,3,1,5,2,26,6,1591,1,7,8,1,8
2016220103164,3,17,4,10,0,6,0,0,0,0,1,1,5,1,19,4,-1,2,23,6,3,6
2016220103336,1,9,0,16,0,0,0,0,0,0,1,1,5,1,20,4,1799,1,19,3,3,3
2016220103336,2,19,0,18,0,0,0,0,0,0,1,1,2,1,62,9,2151,2,13,5,3,5
2016220103350,1,9,0,6,0,8,0,0,3,0,1,1,5,2,77,11,1598,1,4,6,1,6
2016220103350,2,9,0,17,0,8,0,0,7,0,1,1,3,2,39,7,1995,2,12,4,2,4
2016220103363,1,9,0,18,0,8,0,0,0,0,1,1,5,2,27,6,1798,8,2,8,3,8
2016220103363,2,9,0,5,0,6,0,0,0,0,1,1,5,2,56,9,1686,2,6,4,3,4
2016220103396,1,9,0,16,0,0,1,0,0,0,1,1,1,1,24,5,999,1,1,3,1,3
2016220103396,2,9,0,17,0,0,1,0,0,0,1,1,1,1,47,8,2401,2,12,5,3,5
2016220103449,1,9,0,4,0,0,0,0,0,0,2,1,5,2,22,5,1360,1,13,9,3,9
2016220103449,2,21,0,18,0,0,0,0,0,0,1,1,1,1,70,10,11705,2,10,4,3,4
2016220103457,1,8,0,5,0,8,0,0,0,0,3,1,1,3,34,6,-1,-1,-1,-1,-1,-1
2016220103482,1,9,0,18,0,0,0,0,1,4,1,1,5,1,21,5,1968,2,6,9,1,9
2016220103482,2,9,0,18,0,0,0,0,0,0,0,1,5,1,23,5,2000,2,6,2,1,2
2016220103485,1,9,0,4,0,1,0,0,0,0,1,1,2,1,21,5,1598,1,10,4,1,4
2016220103485,2,1,0,9,0,5,1,0,0,0,1,1,5,1,34,6,-1,-1,-1,2,1,2
2016220103546,1,20,4,18,0,0,5,0,7,0,2,1,1,1,64,9,3900,2,13,-1,-1,-1
2016220103546,2,9,0,18,0,0,0,0,1,0,1,1,5,1,55,8,-1,-1,-1,4,3,4
2016220103625,1,9,0,17,0,0,0,0,1,11,1,1,5,1,59,9,1289,1,16,6,3,6
2016220103637,1,9,0,13,0,5,0,7,2,7,1,1,6,1,44,7,1590,1,3,1,1,1
2016220103637,2,21,0,18,0,1,0,0,0,0,1,1,1,1,49,8,11967,2,3,4,1,4
2016220103642,1,9,0,17,0,0,0,0,0,0,1,1,6,1,24,5,1975,1,11,3,1,3
2016220103642,2,9,0,4,0,0,0,0,1,0,2,1,6,1,45,7,1582,2,8,9,1,9
2016220103642,3,9,3,4,0,0,0,0,0,0,2,1,6,1,66,10,1968,2,1,6,3,6
2016220103684,1,9,0,3,0,0,0,0,0,0,2,1,5,1,84,11,1242,1,4,10,1,10
2016220103684,2,9,0,18,0,0,0,0,0,0,1,1,5,2,29,6,1896,2,9,3,1,3
2016220103765,1,9,0,9,0,6,0,0,0,0,1,1,5,1,75,10,2720,2,10,3,1,3
2016220103765,2,9,0,18,0,1,0,0,0,0,3,1,1,1,20,4,1587,1,13,4,1,4
2016220103799,1,9,0,1,9,6,0,0,0,0,2,1,5,1,21,5,-1,-1,-1,4,1,4
2016220103799,2,22,0,18,9,1,0,0,0,0,3,1,5,2,68,10,-1,-1,-1,4,1,4
2016220103842,1,9,0,7,0,2,5,0,7,11,2,1,6,1,17,4,1124,1,15,1,1,1
2016220103842,2,9,0,18,0,8,0,0,0,0,0,1,1,1,48,8,1686,2,2,8,1,8
2016220104002,1,9,0,17,0,0,0,0,0,0,1,1,2,1,32,6,1598,2,5,4,3,4
2016220104002,2,9,0,16,0,0,0,0,0,0,0,1,2,1,33,6,1956,2,2,5,3,5
2016220104016,1,9,0,13,0,0,0,0,0,0,1,1,1,1,55,8,-1,-1,-1,1,1,1
2016220104016,2,9,0,4,0,0,0,0,0,0,2,1,1,2,44,7,1560,2,3,2,1,2
2016220104057,1,9,0,5,0,4,0,0,0,0,1,1,1,1,41,7,-1,-1,-1,5,3,5
2016220104057,2,1,0,9,0,8,0,0,0,0,4,1,5,1,52,8,-1,-1,-1,10,1,10
2016220104495,1,9,0,5,0,6,0,0,0,0,2,1,5,2,73,10,999,1,6,9,1,9
2016220104495,2,9,0,17,0,8,0,0,0,0,1,1,5,1,58,9,-1,-1,-1,5,3,5
2016220104525,1,9,0,18,0,0,0,0,0,0,3,1,1,2,62,9,1997,2,5,5,3,5
2016220104881,1,9,0,17,0,0,0,0,8,11,1,1,6,1,30,6,1199,1,16,6,3,6
2016220105001,1,1,0,18,0,0,0,10,0,0,4,1,5,1,67,10,-1,-1,-1,6,3,6
2016220105001,2,9,0,13,0,0,0,0,0,0,0,1,5,1,65,9,1461,2,-1,5,3,5
2016220105113,1,19,0,18,0,0,0,0,0,0,1,1,1,1,34,6,1968,2,-1,-1,-1,-1
2016220105113,2,9,0,18,0,0,0,0,0,0,2,1,5,2,24,5,1242,1,11,5,1,5
2016220105123,1,9,0,4,0,0,0,0,0,0,2,1,5,2,33,6,1461,2,9,6,2,6
2016220105123,2,5,0,17,0,0,0,0,0,0,1,1,5,1,27,6,599,1,9,5,2,5
2016220105149,1,9,0,9,0,5,0,0,0,0,1,1,6,1,34,6,-1,-1,-1,-1,-1,-1
2016220105244,1,22,0,18,0,8,0,0,0,0,1,1,5,2,77,11,-1,-1,-1,1,1,1
2016220105244,2,9,0,7,0,5,0,0,0,0,4,1,5,1,69,10,1951,2,15,8,1,8
2016220105258,1,9,0,17,0,0,0,0,0,0,3,1,6,3,83,11,1390,1,14,4,3,4
2016220105258,2,9,0,16,0,0,0,0,1,10,3,1,6,1,37,7,1360,1,15,-1,-1,-1
2016220105273,1,9,0,9,0,2,1,7,2,3,1,1,5,2,64,9,1328,1,10,-1,-1,-1
2016220105475,1,9,0,5,0,6,0,0,0,0,1,1,5,2,34,6,1598,1,4,3,1,3
2016220105509,1,9,0,5,0,6,0,0,0,0,1,1,5,1,33,6,2143,2,2,-1,-1,-1
2016220105509,2,1,0,18,0,8,1,0,0,0,4,1,5,1,78,11,-1,-1,-1,10,1,10
2016220105563,1,9,0,18,0,4,0,0,7,7,3,1,5,1,37,7,1596,1,19,2,1,2
2016220105595,1,9,0,9,0,5,0,0,0,0,1,1,1,1,49,8,1595,2,6,4,1,4
2016220105595,2,9,0,18,0,8,0,0,1,4,1,1,1,1,40,7,1596,1,10,7,3,7
2016220105625,1,9,0,18,0,1,0,0,0,0,1,1,5,1,24,5,1900,2,18,8,1,8
2016220105633,1,9,0,18,0,0,0,0,0,0,1,1,5,1,25,5,1388,1,8,7,1,7
2016220105633,2,9,0,18,0,0,0,0,0,0,1,1,5,1,56,9,2495,1,12,7,3,7
2016220105690,1,9,0,16,0,0,5,0,7,10,1,1,5,1,17,4,1360,1,13,4,1,4
2016220105777,1,9,0,3,0,1,0,0,0,0,2,1,5,2,22,5,1999,2,-1,7,3,7
2016220105777,2,98,1,18,0,4,0,0,0,0,1,1,1,3,34,6,-1,-1,-1,-1,-1,-1
2016220106080,1,9,0,18,0,1,0,0,0,0,4,1,5,1,52,8,1951,2,12,3,1,3
2016220106092,1,9,0,18,0,0,0,0,0,0,1,1,5,1,73,10,1796,1,15,4,1,4
2016220106092,2,9,0,10,0,0,0,0,0,0,2,1,1,1,43,7,1685,2,1,3,1,3
2016220106113,1,9,0,13,0,0,0,0,0,0,2,1,5,2,50,8,1998,1,14,-1,-1,-1
2016220106113,2,9,0,18,0,0,0,0,0,0,1,1,5,1,59,9,-1,-1,-1,6,2,6
2016220106126,1,9,0,9,0,5,0,0,0,0,3,1,5,1,50,8,1769,1,10,4,1,4
2016220106126,2,5,0,13,0,8,0,0,0,0,1,1,5,1,47,8,654,1,-1,10,1,10
2016220106148,1,9,0,13,0,8,0,0,0,0,1,1,5,1,23,5,1968,2,4,5,3,5
2016220106148,2,9,0,9,0,5,0,0,7,11,2,1,5,1,50,8,1461,2,6,6,3,6
2016220106161,1,9,0,18,0,8,1,0,1,11,1,1,5,1,25,5,4991,1,8,8,3,8
2016220106161,2,8,0,10,0,8,0,0,0,0,2,1,1,1,61,9,1998,2,11,1,1,1
2016220106169,1,9,0,18,0,2,5,4,0,0,1,1,5,1,73,10,1248,1,6,9,1,9
2016220106169,2,9,0,2,0,1,0,0,0,0,1,1,5,1,73,10,1588,1,12,7,1,7
2016220106258,1,9,0,18,0,0,0,0,0,0,1,1,2,1,19,4,1896,2,16,4,2,4
2016220106358,1,9,0,18,0,1,0,0,1,11,1,1,5,1,56,9,1560,2,3,5,1,5
2016220106358,2,9,0,18,0,2,0,0,8,11,1,1,5,2,19,4,1242,1,9,5,3,5
2016220106377,1,19,0,17,0,0,0,0,1,0,3,1,1,1,48,8,1248,2,5,2,1,2
2016220106377,2,19,0,16,0,0,0,0,0,0,1,1,1,1,47,8,1998,2,11,9,1,9
2016220106412,1,9,0,18,0,6,0,0,0,0,1,1,6,1,34,6,-1,-1,-1,-1,-1,-1
2016220106412,2,9,0,4,0,1,0,0,0,0,2,1,5,2,30,6,1242,1,-1,6,3,6
2016220106430,1,9,0,4,0,1,0,0,0,0,1,1,6,3,34,6,-1,-1,-1,-1,-1,-1
2016220106430,2,9,0,10,0,1,0,0,0,0,2,1,2,2,21,5,1598,1,4,2,1,2
2016220106441,1,3,0,4,0,1,0,0,0,0,2,1,2,1,26,6,124,1,24,9,1,9
2016220106441,2,19,0,5,0,1,0,0,0,0,1,1,5,1,47,8,1968,2,-1,5,3,5
2016220106529,1,9,0,18,0,0,0,4,0,0,1,1,1,1,62,9,1956,2,5,6,3,6
2016220106529,2,98,0,2,0,0,0,0,0,0,2,2,1,1,59,9,-1,-1,-1,-1,-1,-1
2016220106573,1,9,0,5,0,4,0,0,0,0,0,1,6,3,34,6,1910,2,9,-1,-1,-1
2016220106573,2,9,0,18,0,8,0,0,0,0,1,1,5,2,29,6,1339,1,12,1,1,1
2016220106573,3,9,0,4,0,8,0,0,0,0,2,1,5,2,42,7,1910,2,15,8,1,8
2016220106638,1,9,0,18,0,8,1,0,1,1,1,1,5,1,38,7,1995,1,13,-1,2,-1
2016220106638,2,19,0,9,0,6,1,10,1,1,3,1,1,1,47,8,1598,2,2,8,1,8
2016220106638,3,9,0,4,0,1,0,0,0,0,1,1,1,1,35,6,1248,2,4,8,1,8
2016220106757,1,9,0,16,0,2,1,0,7,4,3,1,5,1,22,5,1995,2,4,5,3,5
2016220106773,2,9,0,18,0,1,0,0,0,0,0,1,1,1,30,6,1686,2,2,-1,-1,-1
2016220106773,3,9,0,18,0,8,1,10,1,7,1,1,6,2,34,6,-1,-1,-1,-1,-1,-1
2016220106799,1,9,0,7,0,5,0,0,0,0,4,1,2,2,18,4,1086,1,13,4,1,4
2016220106799,2,1,0,17,0,8,0,0,0,0,3,1,2,1,55,8,-1,-1,-1,2,1,2
2016220106823,1,9,0,13,0,8,5,0,0,0,1,1,1,1,49,8,1598,2,-1,9,3,9
2016220106823,2,19,0,9,0,5,0,0,1,10,3,1,1,1,27,6,1968,2,1,-1,-1,-1
2016220106849,1,9,0,18,0,0,0,0,0,0,1,1,5,1,75,10,1199,2,4,-1,3,-1
2016220106986,1,3,0,13,0,0,1,7,0,0,1,1,5,1,27,6,-1,-1,-1,4,3,4
2016220107020,1,9,0,7,0,4,0,9,2,7,1,1,5,1,27,6,1229,1,10,5,1,5
2016220107020,2,9,0,18,0,1,0,0,0,0,4,1,1,1,36,7,2993,2,1,-1,-1,-1
2016220107020,3,9,0,18,0,1,0,0,0,0,0,1,1,1,46,8,-1,-1,-1,-1,-1,-1
2016220107034,1,9,0,16,0,0,5,0,7,10,1,1,5,2,18,4,1242,1,10,-1,-1,-1
2016220107452,1,9,0,18,0,8,0,0,0,0,2,1,5,2,70,10,1797,8,1,9,1,9
2016220107452,2,10,0,18,0,8,0,0,0,0,1,1,5,1,27,6,2198,2,1,2,1,2
2016220107452,3,9,0,9,0,4,0,0,0,0,0,1,6,2,28,6,1686,2,10,8,1,8
2016220107465,1,9,0,18,0,0,0,0,0,0,1,1,5,1,27,6,-1,-1,-1,4,1,4
2016220107465,2,9,0,18,0,0,0,0,0,0,1,1,5,2,38,7,1598,2,4,7,1,7
2016220107465,3,9,0,4,0,0,0,0,0,0,2,1,5,2,24,5,1598,2,4,5,1,5
2016220107468,1,9,0,7,0,4,0,0,0,0,1,1,5,1,20,4,1229,1,4,1,1,1
2016220107468,2,9,0,8,0,8,0,0,0,0,2,1,5,2,46,8,2143,2,5,7,1,7
2016220107500,1,9,0,5,0,6,0,0,0,0,3,1,5,1,18,4,1242,1,13,-1,2,-1
2016220107500,2,3,0,18,0,8,1,0,0,0,1,1,5,1,27,6,-1,-1,-1,3,1,3
2016220107507,1,1,0,18,0,0,0,0,0,0,1,1,5,1,29,6,-1,-1,-1,9,1,9
2016220107524,1,98,0,3,0,1,0,0,0,0,2,1,5,1,31,6,-1,-1,-1,3,1,3
2016220107524,2,9,0,18,0,1,0,0,0,0,0,1,5,2,35,6,1968,2,6,4,2,4
2016220107648,1,9,0,18,0,0,0,0,0,0,1,1,5,1,20,4,1995,1,11,7,1,7
2016220107648,2,9,0,18,0,0,0,0,1,9,1,1,5,2,48,8,1248,2,8,4,2,4
2016220107648,3,9,0,18,0,0,0,0,0,0,1,1,5,2,42,7,1840,1,13,7,3,7
2016220107684,1,9,0,18,0,0,0,0,0,0,1,1,5,1,52,8,1796,1,17,3,1,3
2016220107684,2,19,0,4,0,0,0,0,0,0,2,1,5,1,36,7,2151,2,15,3,1,3
2016220107714,1,9,0,18,0,0,0,4,0,0,1,1,5,1,25,5,1599,1,12,7,1,7
2016220107714,2,19,0,2,0,0,0,0,0,0,2,1,5,1,39,7,2402,2,9,5,3,5
2016220107745,1,9,0,7,0,5,0,0,0,0,4,1,2,2,44,7,1242,1,4,3,1,3
2016220107778,1,5,0,13,0,0,0,0,0,0,0,1,5,1,26,6,748,1,18,2,1,2
2016220107778,2,9,0,17,0,0,0,0,0,0,1,1,5,1,28,6,1895,1,15,8,2,8
2016220107778,3,9,0,18,0,0,0,0,0,0,1,1,5,1,25,5,1396,1,1,1,1,1
2016220107905,1,5,0,13,0,1,0,7,0,0,3,1,2,1,29,6,600,1,10,5,1,5
2016220107955,1,9,0,13,0,8,1,0,7,0,2,1,1,1,29,6,1596,1,14,-1,-1,-1
2016220107955,2,9,0,9,0,5,0,0,0,0,3,1,3,2,33,6,898,1,1,6,3,6
2016220107993,1,9,0,4,0,1,0,0,0,0,1,1,2,2,50,8,-1,-1,-1,5,1,5
2016220107993,2,9,0,3,0,1,0,0,0,0,2,1,5,1,35,6,1753,2,8,7,3,7
2016220108009,1,9,0,3,0,1,0,0,0,0,2,1,5,1,59,9,1997,2,3,8,1,8
2016220108009,2,9,0,4,0,1,0,0,0,0,2,1,5,1,46,8,1896,2,12,7,3,7
2016220108009,3,9,0,4,0,1,0,0,0,0,1,1,5,1,38,7,1422,2,9,4,1,4
2016220108021,1,9,0,18,0,1,0,0,0,0,1,1,5,1,34,6,1398,2,8,2,1,2
2016220108021,2,9,0,4,0,1,0,0,0,0,2,1,5,1,23,5,1461,2,2,5,1,5
2016220108021,3,9,0,3,0,1,0,0,0,0,2,1,5,1,78,11,1598,2,4,8,1,8
2016220108022,1,9,4,13,0,1,1,0,0,0,2,1,5,2,40,7,1973,1,19,7,3,7
2016220108022,2,1,0,18,0,1,0,0,0,0,1,1,5,2,78,11,-1,-1,-1,5,3,5
2016220108044,1,9,0,18,0,2,0,0,0,0,1,1,5,1,34,6,-1,-1,-1,-1,-1,-1
2016220108067,1,9,0,13,0,8,0,0,7,10,4,1,1,1,31,6,2179,2,12,5,1,5
2016220108067,2,9,0,9,0,5,0,0,7,0,3,1,2,2,49,8,1896,2,11,4,1,4
2016220108092,1,9,0,18,0,0,0,4,0,0,1,1,5,1,41,7,1995,2,9,9,2,9
2016220108092,2,9,0,2,0,0,0,0,0,0,2,1,5,1,40,7,1796,1,11,7,1,7
2016220108172,1,19,0,18,0,0,0,0,0,0,0,1,6,1,23,5,1598,2,1,3,1,3
2016220108172,2,9,0,18,0,0,0,10,1,9,4,1,5,1,52,8,2926,2,15,6,2,6
2016220108186,1,9,0,18,0,0,0,0,0,0,3,1,5,1,72,10,-1,-1,-1,6,3,6
2016220108186,2,9,0,15,0,0,0,0,0,0,4,1,5,1,25,5,-1,-1,-1,4,3,4
2016220108186,3,1,0,18,0,0,0,0,0,0,3,1,5,1,44,7,-1,-1,-1,7,2,7
2016220108193,1,9,0,17,0,0,5,0,7,4,1,1,5,2,19,4,-1,-1,-1,8,3,8
2016220108230,1,9,0,18,0,8,1,0,0,0,1,1,5,2,52,8,1997,1,9,4,3,4
2016220108230,2,9,0,10,0,8,0,0,0,0,2,1,5,2,31,6,1200,1,13,4,3,4
2016220108295,1,9,0,5,0,1,0,0,0,0,1,1,5,1,28,6,1679,1,15,2,1,2
2016220108295,2,10,0,2,0,1,0,0,0,0,1,1,5,1,45,7,-1,-1,-1,6,1,6
2016220108385,1,9,0,18,0,0,0,0,0,0,1,1,5,2,46,8,1343,1,12,10,1,10
2016220108385,2,9,0,4,0,0,0,0,0,0,2,1,1,1,45,7,2979,1,4,6,1,6
2016220108483,1,9,0,5,0,4,0,0,0,0,1,1,5,2,42,7,-1,-1,-1,7,3,7
2016220108483,2,9,0,4,0,1,0,0,0,0,2,1,5,1,34,6,1598,1,10,-1,-1,-1
2016220108492,1,9,0,3,0,1,0,0,0,0,2,1,5,1,35,6,998,1,3,-1,-1,-1
2016220108492,2,9,0,4,0,1,0,0,0,0,1,1,5,2,30,6,-1,-1,-1,9,1,9
2016220108502,1,9,0,18,0,4,0,0,0,0,1,1,5,2,34,6,1328,1,7,5,3,5
2016220108502,2,9,0,18,0,8,0,0,0,0,4,1,5,2,23,5,1396,1,13,4,3,4
2016220108540,1,9,0,4,0,0,0,0,0,0,1,1,5,1,33,6,1240,1,8,2,1,2
2016220108540,2,19,0,3,0,0,0,0,0,0,2,1,5,1,71,10,2148,2,10,-1,-1,-1
2016220108564,1,9,0,4,0,8,0,0,0,0,1,1,5,1,46,8,1461,2,2,-1,-1,-1
2016220108564,2,9,0,8,0,8,0,0,0,0,2,1,2,1,32,6,1560,2,6,6,1,6
2016220108623,1,9,0,16,0,0,1,0,8,10,1,1,5,2,41,7,-1,-1,-1,6,2,6
2016220108675,1,1,0,17,0,0,0,0,0,0,1,1,5,1,44,7,-1,-1,-1,6,2,6
2016220108675,2,9,0,16,0,0,0,0,0,0,0,1,6,3,34,6,-1,-1,-1,-1,-1,-1
2016220108810,1,9,0,4,0,1,0,0,0,0,2,1,5,2,40,7,1108,1,9,2,1,2
2016220108810,2,9,0,9,0,4,0,0,0,0,1,1,6,2,34,6,-1,-1,-1,-1,-1,-1
2016220108846,1,3,0,17,0,0,0,0,2,4,1,1,5,1,19,4,124,1,4,5,3,5
2016220108879,1,9,0,18,0,0,0,0,0,0,1,1,1,1,46,8,1968,2,8,5,3,5
2016220108944,1,21,1,7,0,4,0,0,0,0,4,1,1,1,50,8,12580,2,10,-1,-1,-1
2016220108944,2,1,0,5,0,4,0,0,0,0,3,1,5,2,33,6,-1,-1,-1,5,2,5
2016220108961,1,9,0,5,0,8,0,0,0,0,1,1,1,1,51,8,1598,2,2,8,1,8
2016220108961,2,4,0,16,0,8,1,0,1,10,2,1,5,1,57,9,175,1,-1,5,1,5
2016220108989,1,9,0,18,0,0,1,10,1,11,1,1,2,2,41,7,1328,1,11,3,2,3
2016220108996,1,9,0,4,0,1,0,0,0,0,1,1,2,2,53,8,1197,1,3,9,3,9
2016220108996,2,19,0,4,0,1,0,0,0,0,1,1,1,1,51,8,1248,2,5,7,1,7
2016220108996,3,9,0,3,0,1,0,0,0,0,2,1,5,2,60,9,1596,1,2,2,1,2
2016220109117,1,9,0,18,0,8,0,0,0,0,4,1,1,2,43,7,1598,1,11,10,1,10
2016220109117,2,9,0,5,0,6,0,0,0,0,1,1,1,1,55,8,2967,2,-1,6,3,6
2016220109165,1,5,0,16,0,2,0,12,0,0,1,1,5,1,58,9,680,1,9,-1,-1,-1
2016220109182,1,9,0,7,0,3,0,0,0,0,4,1,2,2,38,7,1248,2,8,6,1,6
2016220109182,2,1,0,18,0,8,0,0,0,0,3,1,2,1,45,7,-1,-1,-1,8,1,8
2016220109236,1,9,0,14,0,0,0,0,0,0,1,1,5,1,17,4,1398,1,11,-1,2,-1
2016220109236,2,9,0,3,0,0,0,0,0,0,2,1,2,2,66,10,1197,1,1,6,3,6
2016220109236,3,90,0,13,0,0,0,0,0,0,4,1,1,1,42,7,2999,2,3,2,1,2
2016220109244,1,9,0,16,0,0,1,0,2,11,1,1,2,2,28,6,998,1,8,9,2,9
2016220109299,1,9,0,4,0,0,1,0,0,0,2,1,5,1,22,5,1598,1,8,9,1,9
2016220109299,2,9,0,4,0,0,1,0,0,0,1,1,5,2,35,6,1461,2,2,9,1,9
2016220109299,3,19,0,4,0,0,1,0,0,0,1,1,1,1,37,7,2143,2,2,1,1,1
2016220109299,4,9,0,4,0,0,1,0,0,0,1,1,5,1,32,6,1390,1,7,8,1,8
2016220109299,5,21,1,4,0,0,1,0,0,0,1,1,1,1,52,8,11946,2,6,1,1,1
2016220109299,6,98,1,4,0,0,1,0,0,0,1,1,1,1,35,6,-1,-1,-1,9,2,9
2016220109389,1,9,0,16,0,7,2,0,7,0,1,1,5,1,29,6,1388,1,12,4,1,4
2016220109389,2,9,0,16,0,7,0,0,0,0,2,1,5,2,70,10,1968,2,-1,6,1,6
2016220109399,1,9,0,9,0,6,0,0,0,0,3,1,5,1,78,11,2993,2,5,6,3,6
2016220109399,2,9,0,18,0,8,1,0,0,0,1,1,5,1,70,10,-1,-1,-1,10,1,10
2016220109418,1,9,0,17,0,0,1,0,1,4,1,1,5,1,38,7,1590,1,17,5,3,5
2016220109433,1,9,0,10,0,8,0,0,0,0,2,1,5,1,43,7,1597,1,12,7,3,7
2016220109433,2,19,0,18,0,8,0,0,0,0,1,1,1,1,23,5,2143,2,6,6,3,6
2016220109439,1,9,0,4,0,1,0,0,0,0,1,1,6,3,34,6,1598,1,9,-1,-1,-1
2016220109439,2,9,0,8,0,1,0,0,0,0,3,1,5,2,33,6,1560,2,10,2,1,2
2016220109494,1,3,0,6,0,0,0,0,0,0,4,1,5,1,17,4,124,1,1,8,1,8
2016220109494,2,5,0,13,0,0,0,0,0,0,1,1,5,1,40,7,790,1,10,2,1,2
2016220109586,1,9,0,17,0,0,5,0,2,10,1,1,5,2,24,5,1242,1,15,1,1,1
2016220109639,1,98,0,10,0,8,0,0,0,0,0,1,1,1,44,7,-1,-1,-1,7,1,7
2016220109639,2,9,0,3,0,8,0,0,0,0,0,1,5,1,64,9,1364,1,3,7,1,7
2016220109639,3,9,0,18,0,8,0,10,1,2,1,1,3,2,28,6,1199,1,14,4,1,4
2016220109672,1,5,0,13,0,0,0,0,0,0,3,1,5,1,29,6,636,1,12,9,1,9
2016220109672,2,9,0,9,7,0,0,0,7,9,1,1,5,2,62,9,-1,-1,-1,4,3,4
2016220109687,1,9,0,18,0,0,0,4,0,0,1,1,5,2,71,10,1248,2,9,3,3,3
2016220109687,2,21,1,2,0,0,0,0,0,0,2,2,1,1,36,7,-1,-1,-1,-1,-1,-1
2016220109780,1,9,0,4,0,0,2,0,0,0,3,1,2,1,22,5,1598,1,11,7,1,7
2016220109780,2,9,0,18,0,0,0,0,0,0,3,1,5,1,41,7,1956,2,-1,6,3,6
2016220109800,1,9,0,12,0,0,1,0,4,6,1,1,6,1,34,6,1332,1,24,-1,-1,-1
2016220109800,2,97,0,12,0,0,0,0,0,0,3,1,5,1,34,6,2294,1,1,5,1,5
2016220109800,3,9,0,18,0,0,1,0,4,6,1,1,5,1,51,8,-1,-1,-1,5,1,5
2016220109806,1,9,3,13,0,0,0,0,0,0,0,1,6,1,-1,-1,1560,2,10,8,2,8
2016220109806,2,1,0,16,0,0,0,10,2,0,4,1,5,1,55,8,-1,-1,-1,6,3,6
2016220109845,1,9,0,18,0,2,0,0,0,0,1,1,5,1,20,4,1587,1,12,4,1,4
2016220109845,2,9,0,18,0,1,0,0,0,0,1,1,5,1,56,9,1386,1,8,2,1,2
2016220109893,1,9,0,16,0,0,0,0,0,0,1,1,2,1,25,5,998,1,16,8,2,8
2016220109893,2,9,0,17,0,0,0,0,0,0,1,1,5,2,18,4,996,1,5,5,3,5
2016220109903,1,9,0,4,0,0,0,0,0,0,1,1,5,2,45,7,1242,1,16,3,1,3
2016220109903,2,9,0,3,0,0,0,0,0,0,2,1,6,1,38,7,-1,-1,-1,-1,-1,-1
2016220109914,1,9,0,5,8,0,0,0,0,0,3,1,5,2,73,10,-1,-1,-1,6,2,6
2016220109914,2,21,0,18,0,0,0,0,0,0,1,1,1,1,45,7,6370,2,10,1,1,1