Accident_Index,Vehicle_Reference,Vehicle_Type,Towing_and_Articulation,Vehicle_Manoeuvre,Vehicle_Location-Restricted_Lane,Junction_Location,Skidding_and_Overturning,Hit_Object_in_Carriageway,Vehicle_Leaving_Carriageway,Hit_Object_off_Carriageway,1st_Point_of_Impact,Was_Vehicle_Left_Hand_Drive?,Journey_Purpose_of_Driver,Sex_of_Driver,Age_of_Driver,Age_Band_of_Driver,Engine_Capacity_(CC),Propulsion_Code,Age_of_Vehicle,Driver_IMD_Decile,Driver_Home_Area_Type,Vehicle_IMD_Decile
2016220125033,2,9,0,2,0,0,0,0,0,0,3,1,6,2,37,7,1598,1,11,9,1,9
2016220125033,3,1,0,7,0,0,0,4,0,0,1,1,4,1,16,4,-1,-1,-1,2,1,2
2016220125066,1,5,0,4,0,1,0,0,0,0,3,1,5,1,71,10,1215,1,-1,7,3,7
2016220125073,1,9,0,4,0,0,0,0,0,0,2,1,6,2,63,9,1968,2,2,-1,-1,-1
2016220125073,2,9,0,4,0,0,0,0,0,0,2,1,6,3,26,6,1598,1,9,-1,-1,-1
2016220125073,3,9,0,4,0,0,0,0,0,0,2,1,6,1,47,8,2967,2,2,8,2,8
2016220125073,4,9,0,4,0,0,0,0,0,0,1,1,6,1,47,8,2926,2,16,7,3,7
2016220125103,1,9,0,18,0,0,0,0,0,0,1,1,1,1,37,7,2171,2,15,5,1,5
2016220125103,2,9,0,3,0,0,0,0,0,0,2,1,5,1,38,7,1395,1,2,6,1,6
2016220125125,1,5,0,18,0,1,0,0,0,0,1,1,5,1,50,8,865,1,1,6,2,6
2016220125125,2,9,0,9,0,5,0,0,0,0,4,1,6,1,50,8,1968,2,3,8,1,8
2016220125229,1,9,0,18,0,0,5,0,0,0,1,1,6,1,20,4,1598,1,10,10,1,10
2016220125295,1,9,0,9,0,6,0,0,0,0,1,1,5,2,68,10,1242,1,3,7,2,7
2016220125353,1,9,0,1,0,0,0,0,0,0,2,1,6,2,42,7,1587,1,11,6,3,6
2016220125353,2,9,0,2,0,0,0,0,0,0,1,1,1,1,42,7,1896,2,12,2,1,2
2016220125415,1,9,0,18,0,1,0,4,0,0,1,1,6,1,35,6,1242,1,10,5,1,5
2016220125415,2,9,0,2,9,2,0,0,0,0,2,1,6,2,27,6,1598,1,11,2,1,2
2016220125415,3,19,0,2,9,2,0,0,0,0,1,1,6,1,48,8,1997,2,3,2,1,2
2016220125459,1,9,0,18,0,2,0,0,0,0,1,1,2,1,58,9,1396,1,11,7,1,7
2016220125459,2,19,0,18,0,1,0,0,0,0,1,1,2,1,65,9,2198,2,2,-1,3,-1
2016220125490,1,9,0,9,0,6,0,0,0,0,3,1,6,1,83,11,1497,8,1,9,3,9
2016220125490,2,21,1,18,0,1,0,0,0,0,1,1,1,1,53,8,12419,2,1,-1,-1,-1
2016220125491,1,9,0,18,0,1,0,0,1,0,4,1,6,1,19,4,2198,2,10,4,1,4
2016220125491,2,9,0,9,0,6,0,0,0,0,0,1,6,1,78,11,1995,1,14,2,1,2
2016220125507,1,5,0,16,0,0,0,10,7,11,1,1,6,1,47,8,-1,-1,-1,-1,-1,-1
2016220125509,1,9,0,16,0,0,2,0,1,4,4,1,5,2,18,4,796,1,16,7,3,7
2016220125517,1,9,0,17,0,0,0,0,0,0,1,1,6,1,41,7,1597,1,19,7,1,7
2016220125517,2,9,0,16,0,0,0,0,0,0,1,1,6,1,49,8,1951,2,13,7,1,7
2016220125519,1,9,0,17,0,0,1,0,0,0,1,1,5,2,18,4,1242,1,14,7,2,7
2016220125533,1,9,0,18,0,0,0,4,7,0,1,1,6,1,31,6,998,1,1,5,3,5
2016220125533,2,19,0,2,0,0,0,0,0,0,2,1,5,1,37,7,2461,2,14,3,2,3
2016220125550,1,9,0,4,0,8,0,0,0,0,1,1,6,1,26,6,-1,-1,-1,3,1,3
2016220125550,2,19,0,4,0,3,0,0,0,0,2,1,6,1,20,4,1399,2,8,10,1,10
2016220125800,1,9,0,9,0,6,0,0,0,0,1,1,1,2,30,6,1242,1,10,1,1,1
2016220125800,2,1,0,18,0,1,0,0,0,0,1,1,1,1,19,4,-1,-1,-1,7,3,7
2016220125888,1,11,0,18,0,8,0,0,0,0,1,1,1,1,46,8,-1,-1,-1,-1,1,-1
2016220125888,2,9,0,18,0,1,0,0,1,0,4,1,5,2,34,6,-1,3,2,6,3,6
2016220126002,1,9,0,18,0,0,5,0,1,4,1,1,2,2,41,7,2967,2,2,3,1,3
2016220126079,1,9,0,18,0,0,5,0,7,9,1,1,5,1,17,4,1527,2,14,8,3,8
2016220126120,1,9,0,18,0,6,2,0,0,0,1,1,5,1,24,5,1870,2,5,-1,-1,-1
2016220126120,2,9,0,18,0,1,1,0,0,0,4,1,2,1,24,5,1360,1,16,8,2,8
2016220126122,1,9,0,2,0,0,0,0,0,0,0,1,6,1,35,6,-1,-1,-1,-1,-1,-1
2016220126122,2,9,0,16,0,0,1,0,0,0,2,1,2,2,46,8,1560,2,9,5,2,5
2016220126122,3,9,0,16,0,0,2,0,0,0,1,1,2,1,24,5,1988,1,14,7,2,7
2016220126141,1,1,0,18,0,1,0,0,0,0,1,1,5,2,15,3,-1,-1,-1,5,1,5
2016220126141,2,9,0,18,0,1,1,0,0,0,1,1,1,1,49,8,1360,1,11,8,3,8
2016220126178,1,9,0,10,0,1,0,0,0,0,2,1,6,1,46,8,1896,2,10,6,1,6
2016220126178,2,9,0,18,0,1,5,0,0,0,1,1,6,2,25,5,1296,1,9,7,1,7
2016220126179,1,19,0,18,0,1,0,0,0,0,1,1,6,3,40,7,2500,2,8,-1,-1,-1
2016220126179,2,9,0,8,0,1,0,0,0,0,2,1,6,2,43,7,1560,2,10,2,1,2
2016220126333,1,19,0,16,0,0,1,0,0,0,1,1,5,1,36,7,1968,2,-1,6,3,6
2016220126333,2,9,0,17,0,0,1,0,1,7,1,1,3,2,38,7,998,1,6,4,3,4
2016220126346,1,9,0,18,0,1,0,0,0,0,4,1,6,3,25,5,-1,-1,-1,-1,-1,-1
2016220126346,2,1,0,18,0,1,0,0,0,0,3,1,5,1,16,4,-1,-1,-1,-1,-1,-1
2016220126388,1,9,0,4,0,0,0,0,0,0,1,1,5,1,77,11,1997,1,12,9,2,9
2016220126388,2,9,0,4,0,0,0,0,0,0,2,1,5,1,54,8,2967,2,8,5,1,5
2016220126462,1,9,0,18,0,2,1,0,1,0,2,1,5,1,25,5,3498,1,12,1,1,1
2016220126462,2,98,0,18,0,1,0,0,1,0,1,1,1,1,48,8,-1,-1,-1,8,1,8
2016220126526,1,9,0,14,0,0,2,0,2,0,1,1,5,1,39,7,1998,1,11,6,1,6
2016220126526,2,9,0,18,0,0,0,0,0,0,0,1,5,2,54,8,1560,2,3,9,2,9
2016220126526,3,9,0,8,0,0,0,0,0,0,0,1,5,1,40,7,-1,-1,-1,9,1,9
2016220126526,4,9,0,18,0,0,0,0,0,0,0,1,5,2,36,7,1997,2,7,6,1,6
2016220126528,1,9,0,18,9,1,0,0,1,0,1,1,6,3,45,7,-1,-1,-1,-1,-1,-1
2016220126532,1,9,5,16,0,1,0,0,0,0,0,1,6,3,40,7,-1,-1,-1,-1,-1,-1
2016220126532,2,9,0,17,0,1,0,0,0,0,0,1,5,1,20,4,998,1,9,-1,-1,-1
2016220126532,3,9,0,17,0,1,1,0,1,3,1,1,5,1,24,5,2000,2,5,7,1,7
2016220126609,1,9,0,18,0,0,1,0,4,6,1,1,2,2,24,5,1149,1,7,4,1,4
2016220126609,2,9,0,3,0,0,0,0,0,0,2,1,2,2,50,8,1598,1,1,8,1,8
2016220126609,3,9,0,3,0,0,0,0,0,0,2,1,2,1,52,8,1797,8,2,5,1,5
2016220126630,1,1,0,18,0,4,0,0,0,0,3,1,2,1,46,8,-1,-1,-1,3,1,3
2016220126630,2,9,0,13,0,4,0,0,0,0,4,1,2,2,51,8,1994,2,17,4,3,4
2016220126645,1,9,0,17,0,0,0,0,0,0,0,1,6,3,20,4,-1,-1,-1,-1,-1,-1
2016220126645,2,9,0,16,0,0,2,0,2,10,4,1,5,1,43,7,1360,1,10,2,1,2
2016220126682,1,9,0,9,0,5,0,0,0,0,1,1,6,2,69,10,-1,-1,-1,5,3,5
2016220126682,2,19,0,18,0,1,0,0,1,0,1,1,1,1,54,8,1753,2,9,6,1,6
2016220126682,3,20,0,18,0,1,0,0,0,0,1,1,1,1,45,7,4462,2,2,5,1,5
2016220126717,1,9,0,9,0,6,0,0,0,0,3,1,6,3,20,4,-1,-1,-1,-1,-1,-1
2016220126720,1,9,0,3,0,1,0,0,0,0,2,1,5,2,26,6,1560,2,10,9,2,9
2016220126720,2,9,0,18,0,1,0,0,0,0,1,1,5,1,45,7,-1,-1,-1,5,3,5
2016220126844,1,19,0,18,0,1,0,0,0,0,1,1,6,1,39,7,2298,2,5,2,1,2
2016220126844,2,9,0,9,0,5,0,0,0,0,4,1,6,1,21,5,1396,1,12,4,3,4
2016220126866,1,1,0,18,0,0,0,0,0,0,1,1,2,1,47,8,-1,-1,-1,-1,-1,-1
2016220126866,2,9,0,18,0,0,0,0,0,0,1,1,6,1,32,6,1598,2,5,7,1,7
2016220126869,1,1,0,18,0,0,0,0,1,0,2,1,1,1,16,4,-1,-1,-1,5,3,5
2016220126869,2,9,0,18,0,0,0,0,0,0,1,1,6,3,55,8,-1,-1,-1,-1,-1,-1
2016220126890,1,9,0,10,0,0,1,0,0,0,1,1,6,2,23,5,1598,2,6,5,1,5
2016220126890,2,9,0,10,0,0,0,0,0,0,4,1,6,2,44,7,1995,2,9,-1,-1,-1
2016220126890,3,9,0,10,0,0,0,0,0,0,3,1,6,1,55,8,-1,-1,-1,-1,-1,-1
2016220126890,4,98,0,10,0,0,0,0,0,0,2,1,6,1,61,9,-1,-1,-1,-1,-1,-1
2016220126890,5,9,0,10,0,0,0,0,0,0,2,1,6,2,34,6,1124,1,9,6,3,6
2016220126915,1,9,0,18,0,0,0,0,0,0,3,1,5,1,54,8,1199,1,12,8,1,8
2016220126935,1,9,0,16,0,0,0,0,2,10,1,1,1,2,29,6,1149,1,15,2,1,2
2016220126971,1,9,0,4,0,1,0,0,0,0,1,1,1,2,32,6,1360,1,9,1,1,1
2016220126971,2,9,0,3,0,1,0,0,0,0,2,1,1,2,38,7,1598,1,14,5,1,5
2016220127013,1,9,0,18,0,0,0,4,1,11,1,1,6,2,29,6,1199,1,12,4,1,4
2016220127013,2,19,0,2,0,0,0,0,0,0,2,1,6,1,63,9,2798,2,12,7,1,7
2016220127013,3,9,0,2,0,0,0,0,0,0,0,1,6,1,45,7,1753,2,14,1,1,1
2016220127024,1,9,0,18,0,8,0,0,7,10,1,1,6,1,67,10,1587,1,9,5,1,5
2016220127024,2,9,0,7,0,6,0,0,0,0,1,1,1,1,42,7,-1,-1,-1,4,1,4
2016220127037,1,1,0,18,0,0,0,0,0,0,1,1,6,1,16,4,-1,-1,-1,8,1,8
2016220127110,1,9,0,17,0,8,0,0,0,0,1,1,6,1,20,4,1390,1,15,-1,-1,-1
2016220127110,2,9,0,4,0,8,0,0,0,0,1,1,5,1,41,7,2198,1,10,10,1,10
2016220127123,1,9,0,16,0,0,0,0,1,10,1,1,5,1,28,6,1339,1,12,4,3,4
2016220127128,1,19,0,18,0,0,0,4,0,0,4,1,6,1,28,6,1995,2,8,1,1,1
2016220127128,2,19,0,18,0,0,0,0,0,0,1,1,1,1,39,7,1598,2,2,7,1,7
2016220127128,3,9,0,2,0,0,0,0,0,0,3,1,5,1,73,10,-1,-1,-1,7,1,7
2016220127132,1,9,0,18,0,1,0,0,0,0,4,1,1,1,45,7,2204,2,11,8,1,8
2016220127132,2,17,0,3,0,1,0,0,0,0,1,1,1,1,25,5,4040,2,6,-1,-1,-1
2016220127144,1,9,0,18,0,0,0,4,0,0,1,1,1,2,18,4,996,1,7,2,2,2
2016220127144,2,9,0,2,0,0,0,0,0,0,3,1,3,1,31,6,1995,2,-1,5,2,5
2016220127160,1,9,0,1,0,0,1,0,0,0,2,1,2,2,46,8,1870,2,11,5,3,5
2016220127160,2,9,0,2,0,0,0,4,0,0,1,1,2,2,40,7,-1,-1,-1,-1,-1,-1
2016220127160,3,21,0,2,0,0,0,4,0,0,0,1,6,1,-1,-1,11946,2,4,5,3,5
2016220127162,1,9,0,5,0,6,0,0,0,0,1,1,5,2,53,8,1598,1,15,1,1,1
2016220127162,2,9,0,18,0,1,0,0,0,0,4,1,3,2,35,6,1984,1,13,6,2,6
2016220127183,1,9,0,18,0,6,0,0,0,0,1,1,2,2,31,6,1461,2,9,2,1,2
2016220127183,2,2,0,18,0,1,0,0,1,0,3,1,5,1,56,9,-1,-1,-1,6,3,6
2016220127188,1,9,0,18,0,0,0,0,0,0,1,1,2,2,57,9,1686,2,3,6,1,6
2016220127188,2,4,0,18,0,0,0,0,0,0,2,1,6,2,48,8,471,1,3,9,1,9
2016220127191,1,9,0,18,0,0,0,0,0,0,1,1,5,1,38,7,2793,1,16,5,1,5
2016220127197,1,9,0,13,0,2,0,0,0,0,3,1,6,1,18,4,1299,1,14,5,3,5
2016220127197,2,9,0,18,0,1,0,0,0,0,3,1,6,1,51,8,1360,1,10,8,3,8
2016220127197,3,9,0,9,0,2,0,0,0,0,0,1,6,2,44,7,1598,1,7,5,3,5
2016220127324,1,9,0,18,0,0,0,0,0,0,1,1,6,1,29,6,1986,2,11,3,1,3
2016220127324,2,19,0,18,0,0,0,0,5,6,2,1,1,1,49,8,2198,2,3,5,1,5
2016220127356,1,9,0,18,0,0,0,0,0,0,2,1,2,1,26,6,1995,2,2,6,1,6
2016220127356,2,9,0,18,0,0,0,0,0,0,1,1,2,1,55,8,1248,1,1,7,1,7
2016220127356,3,9,0,18,0,0,0,0,0,0,1,1,6,2,69,10,998,1,1,3,1,3
2016220127406,1,9,0,16,0,0,1,0,2,4,1,1,2,1,23,5,1242,1,18,5,3,5
2016220127430,1,9,0,17,0,1,0,0,0,0,1,1,5,2,28,6,1598,2,4,4,1,4
2016220127430,2,9,0,9,0,2,0,0,0,0,0,1,5,2,21,5,1498,1,7,5,3,5
2016220127430,3,9,0,10,0,2,0,0,0,0,3,1,1,2,49,8,1598,1,12,5,3,5
2016220127448,1,9,0,17,0,0,1,0,1,1,1,1,2,2,24,5,1598,1,11,-1,-1,-1
2016220127467,1,9,0,18,0,1,0,0,0,0,1,1,6,2,26,6,1496,2,-1,1,1,1
2016220127467,2,9,0,3,0,1,0,0,0,0,2,1,2,1,40,7,1896,2,7,7,1,7
2016220127469,1,9,0,1,0,0,0,0,0,0,0,1,6,3,30,6,-1,-1,-1,-1,-1,-1
2016220127469,2,9,0,18,0,0,0,0,0,0,1,1,6,2,35,6,1968,2,11,8,1,8
2016220127469,3,9,0,18,0,0,0,0,0,0,2,1,2,2,39,7,1999,2,-1,5,1,5
2016220127549,1,9,0,17,0,0,2,0,1,11,1,1,5,2,61,9,-1,-1,-1,4,1,4
2016220127557,1,21,0,18,0,0,0,0,0,0,3,1,1,1,48,8,10308,2,2,1,1,1
2016220127557,2,21,0,17,0,0,0,0,0,0,3,1,1,1,51,8,-1,2,2,-1,-1,-1
2016220127596,1,21,1,12,0,0,0,0,7,0,1,1,1,1,37,7,-1,-1,-1,-1,-1,-1
2016220127596,2,9,0,18,0,0,0,0,1,0,1,1,6,1,54,8,1997,2,8,9,2,9
2016220127635,1,19,0,11,0,8,0,0,0,0,4,1,1,1,45,7,1896,2,16,2,1,2
2016220127635,2,9,0,18,0,8,0,0,1,0,3,1,2,2,52,8,1368,1,2,10,1,10
2016220127661,1,9,0,18,0,4,1,0,0,0,1,1,5,1,26,6,2497,1,10,9,1,9
2016220127661,2,9,0,18,0,3,1,0,0,0,1,1,5,2,25,5,1398,1,-1,-1,-1,-1
2016220127887,1,9,0,9,0,8,0,0,0,0,1,1,5,2,46,8,1499,2,3,7,1,7
2016220127887,2,1,0,18,0,1,0,0,0,0,1,1,5,1,27,6,-1,-1,-1,-1,-1,-1
2016220127961,1,9,0,4,0,1,0,0,1,10,1,1,5,1,36,7,1596,1,-1,5,2,5
2016220127992,1,9,0,5,0,4,0,0,0,0,1,1,6,1,35,6,2188,2,8,3,1,3
2016220127992,2,9,0,9,0,4,0,0,0,0,4,1,6,1,56,9,1896,2,12,9,2,9
2016220128113,1,9,0,17,0,0,2,0,7,0,1,1,5,2,20,4,1149,1,12,5,3,5
2016220128360,1,9,0,17,0,1,0,0,0,0,3,1,6,1,51,8,4367,2,1,-1,-1,-1
2016220128360,2,9,0,16,0,2,0,0,0,0,1,1,6,2,19,4,998,1,-1,-1,-1,-1
2016220128482,1,19,0,5,0,6,1,0,0,0,1,1,5,1,26,6,1995,2,9,6,3,6
2016220128482,2,9,0,18,0,8,2,0,0,0,4,1,5,1,74,10,1560,2,1,8,3,8
2016220128631,1,19,0,18,0,1,0,0,0,0,1,1,1,1,29,6,1248,2,8,2,1,2
2016220128674,1,9,0,12,0,1,0,0,0,0,3,1,5,1,75,10,1796,1,7,4,1,4
2016220128674,2,9,0,5,0,1,0,0,0,0,4,1,6,1,35,6,1997,2,8,8,1,8
2016220128763,1,19,0,1,0,6,0,0,0,0,2,1,6,3,40,7,1560,2,2,-1,-1,-1
2016220128763,2,9,0,3,0,8,0,0,0,0,4,1,6,2,26,6,1896,2,11,4,1,4
2016220128930,1,9,0,17,0,0,2,10,1,0,4,1,6,1,31,6,998,1,14,8,1,8
2016220128940,1,9,0,18,0,0,0,0,0,0,1,1,1,1,70,10,1968,2,2,7,2,7
2016220128940,2,98,0,3,0,0,0,0,0,0,2,1,1,1,29,6,-1,-1,-1,9,1,9
2016220128955,1,5,0,18,0,0,2,0,0,0,4,1,5,1,33,6,649,1,10,-1,-1,-1
2016220128980,1,9,0,5,0,4,0,0,0,0,1,1,1,1,48,8,2143,2,1,-1,-1,-1
2016220128980,2,1,0,5,0,8,0,0,0,0,2,1,5,1,47,8,-1,-1,-1,8,1,8
2016220129133,1,9,0,13,0,0,0,0,0,0,4,1,6,2,21,5,1242,1,2,5,3,5
2016220129133,2,1,0,18,0,0,0,0,1,0,3,1,2,1,52,8,-1,-1,-1,1,1,1
2016220129186,1,19,0,17,0,0,1,0,0,0,3,1,6,2,32,6,1995,2,9,6,3,6
2016220129382,1,9,0,18,0,0,0,10,7,3,1,1,2,1,26,6,1753,2,14,8,1,8
2016220129410,1,9,0,18,0,0,0,0,0,0,1,1,6,2,39,7,1995,2,-1,6,1,6
2016220129410,2,9,0,4,0,0,0,0,0,0,2,1,6,1,33,6,2000,2,10,10,1,10
2016220129410,3,9,0,3,0,0,0,0,0,0,2,1,6,2,35,6,2184,2,6,8,1,8
2016220129473,1,9,0,18,0,1,0,0,0,0,4,1,5,1,54,8,1595,2,6,4,1,4
2016220129517,1,8,0,18,0,4,0,0,1,0,3,1,1,1,53,8,1896,2,10,4,1,4
2016220129517,2,9,3,18,0,8,0,0,1,0,4,1,5,1,54,8,-1,-1,-1,4,1,4
2016220129572,1,9,0,18,0,0,0,0,0,0,1,1,6,2,32,6,1998,1,12,7,1,7
2016220129572,2,9,0,3,0,0,0,0,0,0,2,1,6,1,79,11,2295,1,17,4,2,4
2016220129572,3,9,0,3,0,0,0,0,0,0,2,1,6,2,43,7,2143,2,3,7,3,7
2016220129667,1,9,0,17,0,0,2,0,0,0,1,1,6,2,28,6,1596,1,14,2,1,2
2016220129667,2,9,0,18,0,0,1,0,0,0,3,1,6,1,50,8,1956,2,3,9,1,9
2016220129750,1,9,0,17,0,0,0,4,0,0,1,1,5,2,58,9,1997,2,5,5,1,5
2016220129750,2,9,0,2,0,0,0,0,1,3,2,1,6,1,45,7,1798,1,9,4,3,4
2016220129750,3,9,0,2,0,0,0,0,0,0,2,1,6,1,45,7,1956,2,4,2,2,2
2016220129766,1,9,0,17,0,0,5,0,8,10,3,1,6,1,19,4,1596,1,13,2,1,2
2016220129915,1,9,0,18,0,0,0,0,2,9,1,1,5,1,50,8,1988,2,12,1,1,1
2016220129928,1,1,0,18,0,0,0,0,0,0,1,1,5,1,82,11,-1,-1,-1,-1,-1,-1
2016220129928,2,9,0,3,0,0,0,0,0,0,1,1,5,1,75,10,1598,1,1,8,1,8
2016220130039,1,9,0,18,0,0,1,0,0,0,1,1,2,2,57,9,1388,1,10,6,3,6
2016220130039,2,8,0,18,0,0,1,0,0,0,1,1,1,1,46,8,1997,2,8,3,1,3
2016220130189,1,9,0,4,0,0,0,0,0,0,3,1,1,1,35,6,2495,2,21,2,1,2
2016220130189,2,3,0,18,0,0,0,0,7,0,1,1,1,1,24,5,124,1,1,2,1,2
2016220130203,1,9,0,17,0,1,0,4,1,0,1,1,5,2,79,11,1197,1,-1,4,3,4
2016220130203,2,9,0,2,0,1,0,0,0,0,2,1,6,2,52,8,1598,2,2,10,1,10
2016220130228,1,98,0,18,0,0,0,0,0,0,0,1,6,3,35,6,-1,-1,-1,-1,-1,-1
2016220130228,2,98,0,18,0,0,0,0,0,0,0,1,6,3,40,7,-1,-1,-1,-1,-1,-1
2016220130228,3,16,0,3,0,0,0,0,0,0,0,1,5,2,21,5,-1,-1,-1,9,1,9
2016220130228,4,16,0,3,0,0,0,0,0,0,0,1,5,2,21,5,-1,-1,-1,4,1,4
2016220130234,1,9,0,18,0,0,5,0,0,0,3,1,2,2,32,6,1061,1,11,8,2,8
2016220130234,2,98,0,18,0,0,0,0,0,0,3,1,1,1,57,9,-1,-1,-1,10,1,10
2016220130263,1,9,0,17,0,0,0,0,0,0,1,1,1,1,48,8,1995,1,13,2,1,2
2016220130263,2,9,0,1,0,0,0,0,1,2,1,1,1,1,46,8,1956,2,3,-1,2,-1
2016220130403,1,1,0,18,0,0,0,0,0,0,4,1,6,1,47,8,-1,-1,-1,5,1,5
2016220130403,2,9,0,18,0,0,0,0,0,0,1,1,2,2,52,8,3456,8,9,6,1,6
2016220130451,1,9,0,7,0,6,1,0,2,4,1,1,6,2,69,10,1497,8,3,1,1,1
2016220130463,1,10,0,13,0,0,0,0,7,9,3,1,6,1,31,6,2198,2,6,2,1,2
2016220130463,2,9,0,18,0,0,0,0,0,0,3,1,6,1,37,7,1968,2,5,4,3,4
2016220130463,3,90,0,18,0,0,0,0,0,0,0,1,6,3,45,7,-1,-1,-1,-1,-1,-1
2016220130536,1,19,0,5,0,6,5,0,0,0,4,1,6,1,29,6,1996,2,4,7,3,7
2016220130536,2,19,0,18,0,1,0,0,0,0,1,2,6,1,30,6,1560,2,8,-1,1,-1
2016220130605,1,19,0,17,0,0,2,0,0,0,3,1,1,1,35,6,2148,2,10,5,1,5
2016220130605,2,19,1,18,0,0,0,0,0,0,3,1,1,1,25,5,1998,2,10,4,3,4
2016220130694,1,21,1,5,0,4,0,0,0,0,1,1,1,1,26,6,12580,2,10,1,1,1
2016220130694,2,9,0,5,0,4,0,0,0,0,2,1,6,2,46,8,1598,1,12,8,1,8
2016220130698,1,11,0,1,0,0,0,0,0,0,2,1,1,1,50,8,4250,2,14,6,3,6
2016220130698,2,9,0,3,0,0,0,0,0,0,1,1,5,2,32,6,1998,1,23,7,3,7
2016220130707,1,98,0,9,0,5,0,0,0,0,4,1,5,2,31,6,-1,-1,-1,6,1,6
2016220130707,2,90,0,18,0,1,0,0,0,0,4,1,1,1,41,7,9290,2,4,-1,-1,-1
2016220130707,3,9,0,10,0,1,0,0,0,0,1,1,5,2,67,10,1149,1,8,9,1,9
2016220130718,1,9,0,18,0,0,0,0,7,0,1,1,5,1,20,4,-1,-1,-1,5,3,5
2016220130999,1,9,0,16,0,8,0,0,7,11,1,1,6,1,80,11,1200,1,3,9,1,9
2016220131036,1,9,0,17,0,5,0,0,0,0,1,1,5,1,28,6,1598,2,-1,2,1,2
2016220131036,2,9,0,7,0,1,1,0,0,0,2,1,5,2,42,7,998,1,3,9,1,9
2016220131068,1,9,4,17,9,0,0,0,0,0,1,1,5,1,60,9,1997,2,8,5,3,5
2016220131113,1,9,0,17,0,0,1,0,1,3,4,1,2,1,43,7,999,1,-1,8,1,8
2016220131166,1,5,0,18,0,0,2,10,1,0,1,1,2,1,35,6,1050,1,5,6,1,6
2016220131198,1,1,0,17,0,8,0,0,0,0,0,1,6,1,33,6,-1,-1,-1,3,1,3
2016220131198,2,9,0,16,0,8,0,0,0,0,0,1,6,3,30,6,-1,-1,-1,-1,-1,-1
2016220131222,1,20,0,9,0,6,0,0,0,0,1,1,1,1,41,7,2143,2,4,3,1,3
2016220131222,2,9,0,17,0,8,0,0,0,0,4,1,6,2,72,10,998,1,6,8,1,8
2016220131275,1,9,0,9,0,6,0,0,0,0,0,1,6,2,55,8,999,1,4,8,3,8
2016220131275,2,9,0,18,0,1,1,0,1,0,1,1,6,1,21,5,998,1,12,7,1,7
2016220131275,3,9,0,10,0,1,0,0,0,0,3,1,6,2,44,7,1686,2,4,6,3,6
2016220131303,1,9,0,18,0,1,0,0,0,0,1,1,2,2,45,7,998,1,3,6,3,6
2016220131303,2,9,0,3,0,1,0,0,0,0,2,1,2,1,37,7,1339,1,2,10,1,10
2016220131303,3,9,0,10,0,1,0,0,0,0,3,1,2,2,46,8,1968,2,-1,8,2,8
2016220131303,4,9,0,18,0,1,0,0,0,0,0,1,1,1,35,6,1399,2,10,-1,-1,-1
2016220131387,1,9,0,18,0,0,5,0,1,10,4,1,6,1,19,4,1796,1,10,5,1,5
2016220131492,1,9,0,18,0,1,0,0,0,0,1,1,6,1,27,6,1910,2,11,6,3,6
2016220131492,2,9,0,3,0,1,1,0,0,0,2,1,6,1,65,9,1560,2,5,3,1,3
2016220131492,3,1,0,18,0,8,0,0,0,0,0,1,6,1,78,11,-1,-1,-1,9,1,9
2016220131538,1,9,0,18,0,1,2,0,1,0,1,1,6,1,37,7,1969,2,1,6,2,6
2016220131538,2,9,0,10,0,8,0,0,0,0,2,1,6,1,29,6,-1,-1,-1,4,2,4
2016220131538,3,9,0,18,0,8,0,0,0,0,3,1,6,1,34,6,1956,2,3,9,2,9
2016220131586,1,9,0,7,0,5,0,0,0,0,1,1,6,2,40,7,-1,-1,-1,-1,-1,-1
2016220131586,2,1,0,18,0,8,0,0,0,0,3,1,2,1,51,8,-1,-1,-1,6,1,6
2016220131894,1,11,0,18,0,1,0,0,0,0,0,1,1,1,46,8,9186,2,4,3,1,3
2016220131894,2,9,0,9,0,6,0,0,0,0,0,1,6,3,30,6,-1,-1,-1,-1,-1,-1
2016220131910,1,9,0,7,0,1,0,0,0,0,1,1,2,1,24,5,1968,2,4,6,1,6
2016220131910,2,1,0,18,0,2,0,0,0,0,1,1,2,1,39,7,-1,-1,-1,2,1,2
2016220132106,1,9,0,18,0,0,0,4,4,6,1,1,5,1,81,11,1388,1,13,9,3,9
2016220132106,2,19,0,2,0,0,0,0,0,0,2,1,1,1,27,6,2198,2,2,6,1,6
2016220132106,3,9,0,2,0,0,0,0,0,0,0,1,5,1,26,6,2000,2,5,-1,-1,-1
2016220132239,1,5,0,18,0,0,1,0,0,0,1,1,2,1,46,8,645,1,12,4,1,4
2016220132239,2,19,0,4,0,0,0,0,0,0,2,1,2,1,47,8,1868,2,11,8,1,8
2016220132252,1,9,0,5,0,0,0,0,0,0,4,1,3,1,26,6,2000,1,7,2,1,2
2016220132324,1,9,0,18,0,0,0,0,0,0,3,1,2,1,31,6,1124,1,14,1,1,1
2016220132324,2,9,0,18,0,0,0,0,0,0,3,1,5,1,41,7,1796,1,8,1,1,1
2016220132333,1,9,0,18,0,8,0,0,0,0,1,1,6,2,37,7,2497,2,8,4,3,4