Accident_Index,Vehicle_Reference,Vehicle_Type,Towing_and_Articulation,Vehicle_Manoeuvre,Vehicle_Location-Restricted_Lane,Junction_Location,Skidding_and_Overturning,Hit_Object_in_Carriageway,Vehicle_Leaving_Carriageway,Hit_Object_off_Carriageway,1st_Point_of_Impact,Was_Vehicle_Left_Hand_Drive?,Journey_Purpose_of_Driver,Sex_of_Driver,Age_of_Driver,Age_Band_of_Driver,Engine_Capacity_(CC),Propulsion_Code,Age_of_Vehicle,Driver_IMD_Decile,Driver_Home_Area_Type,Vehicle_IMD_Decile
2016220132333,2,9,0,18,0,8,0,0,0,0,2,1,6,2,32,6,999,1,-1,6,3,6
2016220132333,3,9,0,3,0,1,0,0,0,0,0,1,6,2,40,7,1900,2,9,5,3,5
2016220132363,1,9,0,9,0,5,0,0,0,0,1,1,5,2,22,5,1229,1,11,9,1,9
2016220132363,2,1,0,18,0,1,0,0,0,0,3,1,2,1,26,6,-1,-1,-1,4,1,4
2016220132370,1,9,0,16,0,0,1,0,1,9,2,1,2,2,29,6,1360,1,5,1,1,1
2016220132393,1,9,0,18,0,0,1,0,7,4,1,1,5,1,50,8,1999,2,-1,-1,1,-1
2016220132463,1,9,0,18,0,1,0,0,0,0,1,1,6,1,60,9,1997,2,12,3,1,3
2016220132463,2,9,0,3,0,1,0,0,0,0,2,1,2,2,24,5,1796,1,13,4,3,4
2016220132463,3,9,0,18,0,1,0,0,0,0,3,1,6,1,25,5,1560,2,2,7,1,7
2016220132498,1,9,0,7,0,6,0,0,0,0,1,1,5,2,69,10,1240,1,11,5,2,5
2016220132498,2,1,0,18,0,1,0,0,0,0,4,1,5,1,81,11,-1,-1,-1,5,2,5
2016220132525,1,9,0,12,0,0,0,0,0,0,1,1,6,2,52,8,1968,2,5,8,3,8
2016220132566,1,11,0,2,0,0,0,0,0,0,0,1,1,1,53,8,-1,-1,-1,1,1,1
2016220132570,1,9,0,9,0,1,0,0,0,0,1,1,6,1,18,4,1242,1,2,8,1,8
2016220132579,1,9,0,5,0,1,0,0,0,0,1,1,5,2,40,7,1968,2,7,9,1,9
2016220132579,2,9,0,8,0,1,0,0,0,0,2,1,5,2,48,8,1240,1,11,5,3,5
2016220132596,1,9,0,17,0,0,2,0,7,10,1,1,6,2,22,5,998,1,6,3,1,3
2016220132640,1,3,0,18,0,0,0,0,0,0,1,1,2,2,50,8,100,1,15,1,1,1
2016220132640,2,9,0,18,0,0,0,0,0,0,2,1,6,2,37,7,1461,2,10,4,2,4
2016220132655,1,9,0,18,0,0,0,0,5,6,1,1,5,2,47,8,1753,2,9,6,1,6
2016220132665,1,9,0,18,0,0,0,0,0,0,1,1,6,2,76,11,1390,1,5,7,3,7
2016220132665,2,9,0,18,0,0,0,0,7,4,1,1,6,2,21,5,1248,2,9,10,2,10
2016220132750,1,9,0,18,0,0,0,0,0,0,1,1,6,2,-1,-1,1299,1,13,-1,-1,-1
2016220132750,2,9,0,4,0,0,0,0,0,0,3,1,5,1,64,9,1798,8,-1,8,1,8
2016220132762,1,11,0,5,0,6,0,0,0,0,1,1,1,1,48,8,4250,2,7,2,1,2
2016220132762,2,1,0,18,0,1,0,0,0,0,4,1,6,1,60,9,-1,-1,-1,9,1,9
2016220132772,1,9,0,18,0,0,0,0,1,11,1,1,5,2,24,5,1388,1,13,5,2,5
2016220132778,1,9,0,9,0,6,0,0,0,0,3,1,6,1,61,9,1497,1,12,8,1,8
2016220132778,2,9,0,18,0,1,0,0,0,0,1,1,6,1,89,11,1388,1,9,4,1,4
2016220132851,1,9,0,18,0,0,0,0,0,0,4,1,2,1,60,9,-1,-1,-1,5,3,5
2016220132860,1,9,0,18,0,0,0,0,0,0,1,1,5,1,77,11,1997,2,2,5,2,5
2016220132860,2,9,0,18,0,0,0,0,0,0,1,1,5,1,36,7,1685,2,2,8,2,8
2016220132953,1,9,0,18,0,0,0,0,0,0,3,1,6,3,40,7,2987,2,4,-1,-1,-1
2016220132953,2,9,0,18,0,0,0,0,0,0,4,1,6,1,44,7,1598,1,-1,4,1,4
2016220132956,1,9,0,16,0,0,0,0,0,0,1,1,5,1,37,7,1461,2,9,1,1,1
2016220132956,2,9,0,16,0,0,0,0,0,0,2,1,2,2,28,6,1461,2,-1,5,1,5
2016220132989,1,9,0,3,0,1,0,0,0,0,2,1,5,2,53,8,1591,1,2,7,2,7
2016220132989,2,8,0,3,0,1,0,0,0,0,2,1,5,1,35,6,1896,2,7,6,1,6
2016220132989,3,9,0,4,0,1,0,0,0,0,1,1,5,1,17,4,1198,1,6,5,3,5
2016220133037,1,9,0,18,0,1,1,0,0,0,1,1,5,1,37,7,1388,1,7,9,1,9
2016220133037,2,9,0,3,0,1,0,0,0,0,2,1,5,2,47,8,1968,2,2,7,1,7
2016220133161,1,3,0,18,0,2,0,0,0,0,1,1,2,1,22,5,125,1,3,4,2,4
2016220133207,1,1,0,15,0,5,0,0,0,0,1,1,2,1,48,8,-1,-1,-1,7,1,7
2016220133207,2,9,0,9,0,1,0,0,0,0,4,1,2,1,47,8,1968,2,1,7,1,7
2016220133215,1,9,0,18,0,1,0,0,0,0,1,1,6,1,37,7,1896,2,14,-1,1,-1
2016220133215,2,9,0,18,0,1,0,0,0,0,2,1,6,1,56,9,1685,2,-1,-1,1,-1
2016220133238,1,8,0,18,0,0,0,0,4,7,1,1,1,1,27,6,1560,2,-1,8,1,8
2016220133238,2,9,0,3,0,0,0,0,0,0,3,1,2,1,25,5,1108,1,8,6,1,6
2016220133487,1,21,1,18,0,0,0,0,0,0,4,1,1,1,52,8,12902,2,3,9,3,9
2016220133487,2,9,0,18,0,0,1,0,0,0,3,1,6,1,65,9,2987,2,8,5,1,5
2016220133487,3,9,0,18,0,0,5,0,0,0,3,1,6,1,43,7,1560,2,-1,10,1,10
2016220133514,1,9,0,18,0,0,0,0,7,4,1,1,6,1,18,4,1242,1,8,9,1,9
2016220133552,1,9,0,13,0,0,1,0,7,0,3,1,6,1,19,4,973,1,16,6,3,6
2016220133552,2,21,1,18,0,0,1,0,0,0,3,1,1,1,57,9,12740,2,6,-1,-1,-1
2016220133636,1,19,0,18,0,0,0,0,0,0,4,1,1,3,25,5,1248,2,2,-1,-1,-1
2016220133648,1,9,0,18,0,0,1,0,0,0,1,1,1,1,45,7,1999,2,-1,5,1,5
2016220133648,2,9,0,18,0,0,1,0,0,0,1,1,6,2,27,6,1997,1,12,6,1,6
2016220133648,3,9,0,4,0,0,0,0,0,0,2,1,1,1,49,8,1560,2,4,-1,1,-1
2016220133655,1,8,0,17,0,0,0,0,1,0,1,1,1,1,36,7,1998,2,10,2,1,2
2016220133655,2,9,0,16,0,0,0,0,0,0,1,1,6,3,25,5,-1,-1,-1,-1,-1,-1
2016220133683,1,9,0,9,0,6,0,0,0,0,3,1,6,2,58,9,2720,2,8,5,3,5
2016220133683,2,9,0,18,0,1,0,0,0,0,1,1,6,2,30,6,1995,2,5,5,3,5
2016220133712,1,9,0,18,0,1,0,0,0,0,1,1,2,2,17,4,1242,1,12,9,3,9
2016220133712,2,9,0,18,0,2,0,0,0,0,1,1,1,1,18,4,1753,2,8,4,2,4
2016220133782,1,9,0,18,0,1,0,0,0,0,1,1,5,2,35,6,1198,1,3,3,1,3
2016220133782,2,98,0,9,0,5,0,0,0,0,4,1,1,1,33,6,-1,-1,-1,8,1,8
2016220133871,1,9,0,5,0,0,0,0,0,0,4,1,5,1,70,10,1991,2,8,7,1,7
2016220133885,1,9,0,1,0,6,0,0,0,0,2,1,6,1,18,4,1242,1,10,10,1,10
2016220133885,2,1,0,18,0,1,0,0,0,0,4,1,4,1,11,3,-1,-1,-1,7,1,7
2016220133985,1,9,0,9,0,5,0,0,0,0,1,1,1,1,72,10,999,1,14,10,1,10
2016220134027,1,19,0,4,0,0,1,0,0,0,1,1,1,1,35,6,2198,2,3,3,1,3
2016220134027,2,9,0,4,0,0,0,0,0,0,2,1,2,2,27,6,1598,2,6,6,1,6
2016220134027,3,9,0,4,0,0,0,0,0,0,2,1,2,1,30,6,1598,2,2,5,1,5
2016220134034,1,98,0,18,0,0,0,0,0,0,3,1,1,1,27,6,-1,-1,-1,2,1,2
2016220134034,2,9,0,18,0,0,0,0,0,0,3,1,2,1,54,8,3800,1,2,5,3,5
2016220134093,1,9,0,18,0,0,0,0,0,0,1,1,6,2,47,8,2488,1,13,6,3,6
2016220134138,1,9,0,7,0,3,0,0,0,0,1,1,6,1,36,7,1229,1,9,2,1,2
2016220134138,2,9,0,18,0,1,0,0,0,0,1,1,6,1,17,4,1995,2,5,5,1,5
2016220134147,1,9,0,17,0,0,5,0,2,11,1,1,6,1,48,8,-1,-1,-1,6,3,6
2016220134156,1,9,0,18,0,1,0,0,0,0,3,1,6,3,35,6,1896,2,9,-1,-1,-1
2016220134156,2,9,0,3,0,1,0,0,0,0,4,1,6,2,42,7,2199,2,4,6,1,6
2016220134158,1,9,0,18,0,0,5,0,1,0,1,1,6,1,18,4,1490,1,8,5,3,5
2016220134168,1,9,0,4,0,0,0,0,0,0,1,1,5,1,18,4,1149,1,4,6,1,6
2016220134168,2,9,0,4,0,0,0,0,0,0,2,1,5,1,65,9,1197,1,2,4,1,4
2016220134168,3,9,0,4,0,0,0,0,0,0,2,1,5,2,43,7,1461,2,2,7,3,7
2016220134181,1,5,0,18,0,1,0,0,0,0,4,1,5,2,47,8,296,1,1,2,1,2
2016220134181,2,9,0,9,0,6,0,0,0,0,1,1,5,1,87,11,1198,1,10,10,1,10
2016220134227,1,9,0,16,0,0,0,0,0,0,1,1,5,1,72,10,-1,-1,-1,8,3,8
2016220134227,2,20,0,17,0,0,1,0,0,0,1,1,1,2,51,8,5880,2,23,-1,3,-1
2016220134316,1,9,0,18,0,0,1,0,7,3,1,1,5,1,22,5,2000,2,12,5,3,5
2016220134326,1,9,0,18,0,1,0,0,0,0,1,1,6,1,24,5,-1,-1,-1,-1,3,-1
2016220134326,2,9,0,3,0,1,0,0,0,0,2,1,6,1,27,6,-1,-1,-1,8,2,8
2016220134326,3,9,0,3,0,1,0,0,0,0,2,1,5,1,55,8,2967,2,5,-1,-1,-1
2016220134326,4,9,0,10,0,1,0,0,0,0,2,1,5,2,43,7,1997,2,-1,-1,-1,-1
2016220134348,1,5,0,16,0,0,0,0,8,11,3,1,5,1,36,7,599,1,18,1,1,1
2016220134351,1,19,0,18,0,0,0,0,0,0,3,1,2,2,18,4,2496,2,17,-1,3,-1
2016220134351,2,9,0,18,0,0,0,0,0,0,1,1,5,1,73,10,1586,1,2,4,3,4
2016220134375,1,9,0,17,0,0,2,0,7,10,1,1,2,2,32,6,1998,1,21,5,1,5
2016220134398,1,9,0,18,0,0,0,0,0,0,4,1,6,1,26,6,1598,1,10,1,1,1
2016220134398,2,21,1,18,0,0,0,0,0,0,3,1,1,1,66,10,10518,2,9,3,1,3
2016220134485,1,9,0,18,0,0,0,0,0,0,1,1,2,1,18,4,1299,1,13,5,3,5
2016220134485,2,11,0,3,0,0,0,0,0,0,2,1,1,1,56,9,5900,2,10,2,1,2
2016220134513,1,9,0,3,0,0,0,0,0,0,0,1,6,1,22,5,1590,1,11,10,2,10
2016220134513,2,9,0,4,0,0,0,0,0,0,1,1,6,1,28,6,2495,1,15,9,3,9
2016220134513,3,9,0,18,0,0,0,0,0,0,2,1,6,1,67,10,1995,1,6,8,3,8
2016220134630,1,19,0,18,0,0,0,0,0,0,1,1,1,1,56,9,2198,2,2,-1,-1,-1
2016220134630,2,1,0,18,0,0,0,0,0,0,2,1,1,1,49,8,-1,-1,-1,6,1,6
2016220134675,1,3,0,18,0,0,0,0,0,0,1,1,2,1,17,4,124,1,10,5,1,5
2016220134699,1,9,0,17,0,0,0,10,1,4,1,1,5,1,18,4,1390,1,4,2,1,2
2016220134707,1,9,0,9,0,4,0,0,0,0,1,1,6,3,45,7,-1,-1,-1,-1,-1,-1
2016220134751,1,9,0,18,0,0,1,0,0,0,1,1,5,1,39,7,1598,2,-1,2,1,2
2016220134751,2,9,0,7,0,0,5,0,1,0,2,1,2,2,40,7,1395,1,-1,6,3,6
2016220134751,3,9,0,18,0,0,0,0,0,0,1,1,5,2,38,7,999,1,2,5,3,5
2016220134764,1,19,0,18,0,0,0,0,0,0,4,1,1,1,27,6,1995,2,5,4,1,4
2016220134764,2,1,0,18,0,0,5,0,1,0,3,1,2,1,54,8,-1,-1,-1,5,1,5
2016220134766,1,9,0,7,0,6,0,0,0,0,3,2,5,2,55,8,2378,7,12,5,3,5
2016220134766,2,1,0,18,0,1,0,0,0,0,1,1,5,1,84,11,-1,-1,-1,8,1,8
2016220134780,1,9,0,18,0,2,0,0,0,0,1,1,2,2,50,8,1229,1,4,3,2,3
2016220134794,1,9,0,18,0,2,0,0,0,0,3,1,5,1,62,9,-1,-1,-1,-1,-1,-1
2016220134816,1,9,0,18,0,1,0,0,0,0,1,1,6,3,28,6,1197,1,-1,-1,-1,-1
2016220134816,2,9,0,3,0,1,0,0,0,0,2,1,5,1,56,9,1598,1,10,6,3,6
2016220134837,1,9,0,17,0,0,1,0,7,10,1,1,2,2,17,4,1364,2,9,3,1,3
2016220135005,1,9,0,18,0,1,0,0,0,0,1,1,5,2,50,8,1124,1,14,7,3,7
2016220135005,2,9,0,5,0,6,0,0,0,0,3,1,2,2,34,6,999,1,1,8,3,8
2016220135051,1,9,0,2,0,0,0,0,0,0,3,1,6,2,19,4,1560,2,6,7,1,7
2016220135051,2,9,0,18,0,0,0,4,0,0,3,1,6,3,30,6,-1,-1,-1,-1,-1,-1
2016220135080,1,1,0,9,0,0,0,0,0,0,1,1,4,1,13,3,-1,-1,-1,9,3,9
2016220135080,2,9,0,18,0,0,0,0,0,0,1,1,1,2,41,7,2099,1,13,7,1,7
2016220135138,1,9,0,18,0,1,1,0,0,0,1,1,6,1,20,4,1198,1,7,4,1,4
2016220135138,2,9,0,10,0,1,0,0,0,0,2,1,3,2,38,7,1596,1,8,4,1,4
2016220135168,1,9,0,9,0,5,0,0,0,0,3,1,5,1,71,10,2993,2,3,6,3,6
2016220135173,1,9,0,7,0,1,1,0,0,0,1,1,2,2,25,5,-1,-1,-1,7,1,7
2016220135173,2,9,0,9,0,1,0,0,0,0,1,1,6,2,37,7,1798,1,9,7,1,7
2016220135201,1,11,0,16,0,0,0,0,1,10,4,1,1,1,54,8,-1,-1,-1,-1,-1,-1
2016220135225,1,9,0,5,0,1,0,0,0,0,1,1,2,1,31,6,1753,2,12,-1,-1,-1
2016220135225,2,9,0,3,0,1,0,0,0,0,2,1,2,1,24,5,1969,2,-1,1,1,1
2016220135228,1,9,0,1,0,8,0,0,0,0,2,1,5,1,54,8,1598,1,8,3,1,3
2016220135228,2,1,0,3,0,8,0,0,0,0,1,1,5,1,10,2,-1,-1,-1,3,1,3
2016220135236,1,9,0,18,0,0,0,0,0,0,0,1,6,1,18,4,1368,1,7,4,3,4
2016220135236,2,9,0,11,0,0,0,0,0,0,0,1,6,1,66,10,1598,1,7,1,1,1
2016220135256,1,9,0,18,0,0,0,0,0,0,1,1,2,1,21,5,1198,1,13,8,1,8
2016220135256,2,9,0,17,0,0,1,0,0,0,1,1,2,2,30,6,1242,1,13,1,1,1
2016220135274,1,9,0,18,0,0,1,0,0,0,1,1,2,1,20,4,1199,1,17,6,1,6
2016220135274,2,19,4,18,0,0,0,0,0,0,1,1,2,1,39,7,2464,2,8,8,1,8
2016220135298,1,9,0,17,0,0,1,0,0,0,1,1,6,1,19,4,1896,2,16,-1,-1,-1
2016220135298,2,9,0,18,0,0,1,0,0,0,1,1,5,2,24,5,1398,1,-1,6,3,6
2016220135308,1,9,0,5,0,6,0,0,0,0,4,1,1,1,66,10,1200,1,-1,6,3,6
2016220135308,2,9,0,18,0,1,0,0,0,0,1,1,6,2,48,8,1560,2,4,2,3,2
2016220135312,1,9,0,9,0,5,0,0,1,0,1,1,2,2,48,8,1598,1,11,7,1,7
2016220135312,2,9,0,18,0,1,0,0,7,0,1,1,6,2,69,10,1999,1,10,10,1,10
2016220135326,1,9,0,18,0,0,0,0,0,0,1,1,6,1,90,11,1590,1,17,4,2,4
2016220135326,2,20,0,3,0,0,0,0,0,0,2,1,6,1,62,9,-1,-1,-1,-1,3,-1
2016220135432,1,1,0,18,0,1,0,0,0,0,4,1,6,1,16,4,-1,-1,-1,5,1,5
2016220135432,2,9,0,4,0,1,0,0,0,0,1,1,1,2,31,6,999,1,2,3,1,3
2016220135453,1,9,0,18,0,0,0,0,0,0,1,1,6,2,35,6,1242,1,4,5,3,5
2016220135453,2,19,0,18,0,0,0,0,0,0,1,1,6,1,22,5,2198,2,4,5,3,5
2016220135497,1,9,0,18,0,1,0,0,0,0,1,1,5,1,29,6,1998,2,14,3,1,3
2016220135497,2,1,0,9,0,6,0,0,0,0,3,1,6,1,25,5,-1,-1,-1,2,1,2
2016220135537,1,9,0,18,0,1,0,0,0,0,1,1,5,2,26,6,1398,1,4,10,1,10
2016220135537,2,9,0,10,0,1,0,0,0,0,2,1,5,1,50,8,1896,2,13,-1,-1,-1
2016220135576,1,9,0,18,0,6,0,0,0,0,1,1,6,2,71,10,1360,1,12,4,1,4
2016220135576,2,9,0,18,0,1,0,0,0,0,1,1,6,2,52,8,1584,1,12,8,1,8
2016220135609,1,9,0,18,0,0,0,0,0,0,4,1,6,3,37,7,1598,1,13,-1,-1,-1
2016220135656,1,9,0,7,0,4,0,0,0,0,1,1,6,1,27,6,1399,1,-1,10,1,10
2016220135656,2,9,0,18,0,1,0,0,0,0,0,1,1,1,37,7,1598,2,-1,8,1,8
2016220135656,3,9,0,18,0,8,0,0,0,0,2,1,6,2,37,7,1499,1,-1,-1,-1,-1
2016220135656,4,9,0,2,0,1,0,0,0,0,2,1,6,1,36,7,1248,2,6,8,1,8
2016220135663,1,9,0,18,0,0,0,0,0,0,1,1,1,1,40,7,-1,-1,-1,6,1,6
2016220135663,2,1,0,18,0,0,0,0,0,0,4,1,4,1,13,3,-1,-1,-1,10,1,10
2016220135711,1,9,0,9,0,6,0,0,0,0,3,1,2,1,21,5,1600,1,16,10,1,10
2016220135711,2,1,0,18,0,1,0,0,0,0,1,1,2,1,17,4,-1,-1,-1,5,1,5
2016220135721,1,9,0,18,0,0,0,0,0,0,1,1,6,2,45,7,1399,1,-1,-1,1,-1
2016220135726,1,9,0,7,0,4,0,0,0,0,1,1,6,1,89,11,998,1,3,7,1,7
2016220135726,2,1,0,18,0,8,0,0,0,0,4,1,6,1,60,9,-1,-1,-1,8,3,8
2016220135758,1,11,0,18,0,0,0,0,0,0,0,1,1,1,55,8,-1,-1,-1,-1,-1,-1
2016220135758,2,16,0,18,0,0,0,0,0,0,0,1,5,2,18,4,-1,-1,-1,3,1,3
2016220136087,1,9,0,13,0,1,0,0,0,0,1,1,6,1,28,6,-1,-1,-1,-1,-1,-1
2016220136087,2,9,0,9,0,1,1,0,0,0,2,1,5,2,27,6,1910,2,12,2,1,2
2016220136138,1,9,0,18,0,1,0,0,0,0,4,1,6,2,25,5,-1,-1,-1,-1,-1,-1
2016220136191,1,9,0,4,0,1,0,0,0,0,1,1,2,1,20,4,1229,1,9,3,1,3
2016220136191,2,9,0,8,0,1,0,0,0,0,2,1,2,2,50,8,1242,1,15,8,1,8
2016220136381,1,9,0,18,0,4,0,0,0,0,1,1,6,1,34,6,-1,-1,-1,2,1,2
2016220136381,2,1,0,18,0,3,0,0,0,0,1,1,2,2,49,8,-1,-1,-1,5,3,5
2016220136518,1,11,0,18,0,1,0,0,0,0,1,1,6,1,66,10,4250,2,11,3,1,3
2016220136518,2,9,0,9,0,6,0,0,0,0,1,1,6,2,35,6,999,1,4,7,1,7
2016220136558,1,9,0,17,0,0,5,0,0,0,2,1,6,1,36,7,1998,2,11,8,1,8
2016220136558,2,9,0,18,0,0,0,0,0,0,1,1,6,2,60,9,2191,2,-1,6,1,6
2016220136558,3,9,0,18,0,0,0,0,0,0,0,1,6,2,24,5,1360,1,12,2,1,2
2016220136585,1,9,0,18,0,0,0,0,0,0,3,1,1,1,33,6,1896,2,9,2,1,2
2016220136612,1,9,0,4,0,2,0,0,0,0,1,1,5,1,30,6,1598,1,15,1,1,1
2016220136635,1,9,0,17,0,0,5,0,8,0,4,1,6,2,20,4,1598,1,14,5,3,5
2016220136665,1,98,1,18,0,0,0,0,0,0,1,2,1,1,26,6,-1,-1,-1,-1,-1,-1
2016220136665,2,9,0,18,0,0,0,0,0,0,2,1,2,2,23,5,1390,1,9,-1,-1,-1
2016220136691,1,8,0,18,0,0,0,0,0,0,3,1,6,1,52,8,1497,8,8,9,1,9
2016220136847,1,9,0,5,0,2,0,0,0,0,3,1,6,2,45,7,1560,2,2,2,1,2
2016220136847,2,5,0,18,0,1,1,0,0,0,4,1,5,1,44,7,1157,1,10,2,1,2
2016220136998,1,9,0,17,0,0,0,4,0,0,1,1,5,2,36,7,1598,2,-1,5,1,5
2016220136998,2,9,0,2,0,0,0,4,0,0,2,1,6,2,35,6,1598,1,12,4,1,4
2016220136998,3,9,0,2,0,0,0,0,0,0,2,1,6,1,33,6,1389,1,13,4,1,4
2016220137010,1,9,0,9,0,5,0,0,0,0,0,1,6,3,35,6,-1,-1,-1,-1,-1,-1
2016220137010,2,9,0,18,0,1,1,0,1,0,2,1,6,1,26,6,1360,1,12,3,1,3
2016220137010,3,9,0,18,0,1,1,0,0,0,1,1,6,1,64,9,1395,1,-1,1,1,1
2016220137010,4,9,0,18,0,1,1,0,0,0,2,1,6,1,51,8,1997,2,1,4,1,4
2016220137010,5,9,0,18,0,1,1,0,0,0,2,1,5,1,56,9,1994,1,11,6,3,6
2016220137094,1,3,0,3,0,1,0,0,0,0,2,1,1,1,17,4,125,1,2,2,1,2
2016220137094,2,9,0,4,0,1,0,0,0,0,1,1,1,1,36,7,1995,2,11,2,1,2
2016220137232,1,9,0,4,0,1,0,0,0,0,1,1,6,2,85,11,796,1,7,10,1,10
2016220137232,2,9,0,3,0,1,0,0,0,0,2,1,6,2,63,9,1299,1,14,4,1,4
2016220137273,1,9,0,5,0,0,0,0,0,0,1,1,6,2,92,11,1086,1,8,9,1,9
2016220137273,2,1,0,18,0,0,0,0,0,0,1,1,6,2,63,9,-1,-1,-1,9,1,9
2016220137305,1,3,0,18,0,1,0,0,0,0,1,1,6,1,29,6,125,1,-1,5,1,5
2016220137403,1,9,0,9,0,7,0,0,0,0,1,1,5,1,51,8,4367,2,2,5,2,5
2016220137403,2,9,0,18,0,8,1,0,0,0,3,1,5,2,45,7,1598,1,6,8,1,8
2016220137448,1,9,0,10,0,8,0,0,0,0,2,1,5,1,45,7,1956,2,-1,6,1,6
2016220137448,2,9,0,18,0,1,0,0,0,0,1,1,6,1,78,11,-1,-1,-1,9,2,9
2016220137468,1,19,0,9,0,5,0,0,0,0,1,1,2,1,30,6,1995,2,9,4,1,4
2016220137515,1,9,0,18,0,0,2,0,0,0,1,1,5,1,18,4,998,1,11,3,1,3
2016220137557,1,9,0,18,0,0,0,0,1,2,1,1,6,1,18,4,998,1,7,5,1,5
2016220137557,2,9,0,18,0,0,0,0,0,0,4,1,1,1,38,7,1598,2,2,8,3,8
2016220137557,3,9,0,18,0,0,0,0,0,0,0,1,1,1,33,6,2993,2,-1,-1,-1,-1
2016220137557,4,9,0,18,0,0,0,0,0,0,0,1,1,1,35,6,2993,2,1,-1,-1,-1
2016220137635,1,9,0,1,0,2,0,0,0,0,2,1,5,2,44,7,1598,1,4,10,1,10
2016220137635,2,9,0,3,0,2,0,0,0,0,4,1,6,2,44,7,1796,1,10,4,1,4
2016220137702,1,9,0,5,0,4,0,0,0,0,1,1,2,1,29,6,1798,1,-1,8,1,8
2016220137702,2,1,0,18,0,8,0,0,0,0,4,1,2,1,40,7,-1,-1,-1,10,1,10
2016220137771,1,11,0,9,0,2,0,0,0,0,4,1,1,1,49,8,6700,2,2,7,1,7
2016220137941,1,21,1,18,0,0,0,0,0,0,1,1,1,1,39,7,10308,2,3,-1,2,-1
2016220137941,2,9,0,18,0,0,0,0,0,0,2,1,2,1,38,7,-1,-1,-1,4,1,4
2016220137955,1,98,0,17,0,0,1,6,1,11,1,1,1,1,27,6,-1,-1,-1,1,1,1
2016220138093,1,19,0,18,0,1,1,0,0,0,1,1,1,1,47,8,1997,2,12,9,3,9
2016220138093,2,9,0,10,0,1,0,0,0,0,2,1,2,1,28,6,1339,1,2,-1,1,-1
2016220138113,1,9,0,17,0,0,2,0,1,10,1,1,6,2,19,4,1599,1,13,-1,-1,-1
2016220138137,1,5,0,18,0,0,1,0,0,0,1,1,5,1,55,8,1050,1,5,4,3,4
2016220138137,2,9,0,18,0,0,0,0,0,0,2,1,5,1,42,7,1956,2,2,6,1,6
2016220138386,1,9,0,18,0,6,1,0,0,0,1,1,6,2,22,5,1149,1,5,-1,-1,-1
2016220138386,2,9,0,18,0,8,0,0,0,0,4,1,6,1,24,5,-1,-1,-1,10,1,10
2016220138548,1,98,0,18,0,8,0,0,0,0,3,1,6,3,40,7,-1,-1,-1,-1,-1,-1
2016220138548,2,5,0,18,0,8,0,0,0,0,1,1,5,1,62,9,1198,1,-1,5,1,5
2016220138561,1,9,0,10,0,1,0,0,0,0,2,1,3,1,29,6,1149,1,15,8,1,8
2016220138561,2,9,0,18,0,1,0,0,0,0,1,1,1,2,31,6,1969,2,-1,5,1,5
2016220138609,1,9,0,18,0,0,1,0,0,0,1,1,5,1,51,8,1988,2,12,4,1,4
2016220138609,2,9,0,18,0,0,2,0,1,9,1,1,5,1,41,7,1389,1,12,1,1,1
2016220138730,1,9,0,4,0,0,0,0,0,0,1,1,6,2,28,6,1995,2,2,7,3,7
2016220138730,2,9,0,4,0,0,0,0,0,0,2,1,6,2,28,6,1598,1,1,4,1,4
2016220138730,3,9,0,4,0,0,0,0,0,0,2,1,6,2,40,7,1598,1,2,4,1,4
2016220138775,1,9,0,18,0,1,0,0,0,0,1,1,6,2,33,6,-1,-1,-1,-1,-1,-1
2016220138775,2,9,0,3,0,1,0,0,0,0,2,1,1,1,65,9,2179,2,4,10,1,10
2016220138784,1,9,0,18,0,1,0,0,0,0,1,1,6,3,25,5,-1,-1,-1,-1,-1,-1
2016220138784,2,9,0,8,0,1,0,0,0,0,2,1,2,2,54,8,1149,1,7,1,1,1
2016220138849,1,9,0,18,0,1,0,0,0,0,1,1,5,1,32,6,1364,1,-1,6,3,6
2016220138849,2,9,0,9,0,6,0,0,0,0,1,1,5,2,25,5,1995,2,6,2,1,2
2016220138891,1,3,0,18,0,1,2,0,0,0,3,1,5,2,46,8,-1,-1,-1,5,3,5
2016220138891,2,9,0,7,0,6,0,0,0,0,0,1,6,2,33,6,1368,1,7,-1,-1,-1
2016220139019,1,9,0,18,0,0,5,0,7,4,1,1,6,1,66,10,4367,2,5,4,3,4
2016220139050,1,11,0,2,0,0,0,0,0,0,1,1,1,1,24,5,-1,-1,-1,3,1,3
2016220139050,2,9,0,18,0,0,0,4,0,0,2,1,2,1,21,5,1149,1,4,10,2,10
2016220139255,1,9,0,9,0,6,0,0,0,0,3,1,2,1,43,7,1956,2,7,7,1,7
2016220139255,2,1,0,7,0,5,0,0,0,0,3,1,2,1,26,6,-1,-1,-1,-1,-1,-1
2016220139273,1,9,0,18,0,0,5,0,1,0,1,1,6,1,32,6,1686,2,7,1,1,1
2016220139273,2,9,0,18,0,0,0,0,0,0,2,1,6,1,62,9,1995,2,4,8,2,8
2016220139446,1,11,0,18,0,0,0,0,0,0,4,1,1,3,55,8,-1,-1,-1,-1,-1,-1
2016220139544,1,9,0,9,0,5,0,0,0,0,1,1,5,1,87,11,1332,1,18,8,3,8