Accident_Index,Vehicle_Reference,Vehicle_Type,Towing_and_Articulation,Vehicle_Manoeuvre,Vehicle_Location-Restricted_Lane,Junction_Location,Skidding_and_Overturning,Hit_Object_in_Carriageway,Vehicle_Leaving_Carriageway,Hit_Object_off_Carriageway,1st_Point_of_Impact,Was_Vehicle_Left_Hand_Drive?,Journey_Purpose_of_Driver,Sex_of_Driver,Age_of_Driver,Age_Band_of_Driver,Engine_Capacity_(CC),Propulsion_Code,Age_of_Vehicle,Driver_IMD_Decile,Driver_Home_Area_Type,Vehicle_IMD_Decile
2016230039427,1,9,0,18,0,0,1,0,1,4,4,1,5,2,30,6,1390,1,14,4,1,4
2016230040153,1,9,0,16,0,1,0,0,0,0,1,1,5,1,23,5,1796,1,14,2,1,2
2016230040199,1,9,0,12,0,1,0,0,0,0,4,1,2,2,40,7,1749,1,14,7,1,7
2016230040199,2,1,0,12,0,1,0,0,0,0,3,1,5,1,38,7,-1,-1,-1,5,1,5
2016230040201,1,90,5,18,0,0,0,0,7,4,1,1,5,2,53,8,-1,-1,-1,6,1,6
2016230040204,1,21,0,18,0,8,0,0,0,0,1,1,1,1,24,5,11021,2,12,3,1,3
2016230040204,2,9,0,10,0,8,0,0,7,0,2,1,5,1,47,8,-1,-1,-1,4,3,4
2016230040204,3,9,0,18,0,8,0,0,0,0,3,1,5,2,55,8,1997,2,11,6,2,6
2016230040225,1,9,0,16,0,0,5,10,7,10,1,1,5,1,30,6,2495,2,13,7,3,7
2016230040303,1,9,0,13,0,8,0,0,0,0,4,1,6,3,34,6,-1,-1,-1,-1,-1,-1
2016230040303,2,3,0,18,0,8,0,0,0,0,3,1,2,1,27,6,125,1,9,5,1,5
2016230040318,1,9,0,18,0,0,2,0,1,1,1,1,5,1,27,6,2993,2,12,7,1,7
2016230040382,1,9,0,18,0,6,0,0,0,0,1,1,6,3,25,5,1998,1,7,-1,-1,-1
2016230040382,2,9,0,18,0,8,0,0,0,0,3,1,6,2,59,9,998,1,3,5,1,5
2016230040407,1,9,0,18,0,1,0,0,0,0,1,1,6,1,45,7,-1,-1,-1,5,1,5
2016230040407,2,9,0,10,0,8,0,0,0,0,2,1,2,2,26,6,1998,1,7,7,3,7
2016230040496,1,9,0,17,0,7,0,0,4,6,1,1,5,1,59,9,1398,1,6,10,1,10
2016230040502,1,9,0,18,0,0,1,0,0,0,1,1,2,1,19,4,1388,1,13,5,1,5
2016230040502,2,9,0,18,0,0,0,0,0,0,1,1,6,1,33,6,-1,-1,-1,6,1,6
2016230041536,1,9,0,18,0,0,2,10,1,4,1,1,5,2,32,6,1560,2,10,4,1,4
2016230042132,1,9,0,18,0,0,1,0,0,0,1,1,5,1,22,5,796,1,9,4,1,4
2016230042132,2,9,0,4,0,0,0,0,0,0,2,1,5,2,47,8,1396,1,13,7,1,7
2016230042220,1,9,0,4,0,6,0,0,0,0,3,1,2,1,24,5,1390,1,10,6,3,6
2016230042220,2,9,0,18,0,1,0,0,7,10,1,1,2,2,43,7,1198,1,3,4,1,4
2016230042374,1,4,0,18,0,3,1,0,0,0,4,1,5,1,33,6,498,1,17,5,1,5
2016230042400,1,9,0,9,0,5,0,0,0,0,1,1,5,1,40,7,1560,2,9,4,1,4
2016230042400,2,1,0,18,0,8,0,0,0,0,1,1,5,1,32,6,-1,-1,-1,9,2,9
2016230042407,1,9,0,18,0,0,0,0,0,0,1,1,5,2,27,6,998,1,2,1,1,1
2016230042407,2,9,0,18,0,0,0,0,0,0,2,1,5,1,54,8,998,1,5,6,1,6
2016230042407,3,19,0,18,0,0,0,0,0,0,2,1,5,1,58,9,2198,2,8,3,1,3
2016230042445,1,9,0,4,0,1,0,0,0,0,1,1,6,1,34,6,1299,1,12,5,1,5
2016230042445,2,9,0,10,0,1,0,0,0,0,2,1,5,1,36,7,1956,2,4,4,1,4
2016230042445,3,9,0,10,0,1,0,0,0,0,0,1,6,2,43,7,1200,1,1,6,1,6
2016230042574,1,9,0,18,0,1,0,0,5,7,1,1,5,2,21,5,1794,1,15,6,1,6
2016230042574,2,9,0,3,0,1,0,0,0,0,2,1,2,1,49,8,1248,1,2,9,1,9
2016230042594,1,9,0,18,0,0,0,10,7,11,1,1,3,2,21,5,1299,1,8,6,1,6
2016230042620,1,9,0,11,0,0,0,0,0,0,4,1,6,3,35,6,-1,-1,-1,-1,-1,-1
2016230042620,2,1,0,18,4,0,0,0,0,0,3,1,4,1,15,3,-1,-1,-1,2,1,2
2016230042644,1,9,0,9,0,6,0,0,0,0,3,1,2,1,25,5,-1,-1,-1,8,1,8
2016230042644,2,97,0,18,0,8,0,0,0,0,1,1,2,1,47,8,-1,-1,-1,4,1,4
2016230042691,1,9,0,9,0,6,0,0,0,0,3,1,5,1,58,9,1108,1,12,8,1,8
2016230042691,2,9,0,18,0,8,0,0,0,0,1,1,5,1,76,11,1956,2,3,9,1,9
2016230042700,1,9,0,5,0,6,0,0,0,0,1,1,6,1,22,5,1686,2,5,2,1,2
2016230042700,2,3,0,17,0,8,0,0,0,0,4,1,5,1,19,4,124,1,21,1,1,1
2016230042712,1,9,0,9,0,6,0,0,0,0,1,1,5,2,70,10,1560,2,1,9,1,9
2016230042712,2,1,0,18,0,8,0,0,0,0,4,1,5,2,54,8,-1,-1,-1,8,1,8
2016230042775,1,9,0,18,0,0,0,0,0,0,1,1,6,3,40,7,-1,-1,-1,-1,-1,-1
2016230042892,1,9,0,18,0,0,0,0,0,0,1,1,6,1,19,4,998,1,3,7,1,7
2016230042892,2,9,0,18,0,0,0,0,0,0,1,1,6,1,56,9,1242,1,4,8,2,8
2016230042909,1,98,0,18,0,8,0,0,0,0,1,1,5,1,26,6,-1,-1,-1,9,3,9
2016230042909,2,9,0,9,0,5,0,0,0,0,4,1,5,2,83,11,1598,1,10,8,3,8
2016230042944,1,9,0,18,0,0,0,10,7,0,4,1,2,1,32,6,1490,1,11,2,1,2
2016230042944,2,9,0,18,0,0,0,0,0,0,1,1,1,1,55,8,-1,-1,-1,9,1,9
2016230042944,3,9,0,18,0,0,0,0,0,0,1,1,2,2,32,6,-1,-1,-1,-1,-1,-1
2016230042952,1,9,0,18,0,1,0,10,7,10,3,1,5,3,19,4,1794,1,11,-1,-1,-1
2016230042952,2,9,0,18,0,2,0,0,0,0,1,1,5,2,22,5,1499,1,1,3,1,3
2016230042952,3,9,0,18,0,1,0,0,0,0,1,1,1,1,50,8,1686,2,2,9,1,9
2016230042955,1,9,0,7,0,4,0,0,0,0,3,1,5,2,58,9,1587,1,11,3,1,3
2016230042955,2,9,0,11,0,3,0,0,0,0,4,1,5,2,76,11,1598,1,6,10,1,10
2016230042966,1,9,0,17,0,6,2,0,1,9,1,1,5,2,23,5,-1,-1,-1,3,1,3
2016230042966,2,1,0,18,0,8,0,0,0,0,4,1,5,1,38,7,-1,-1,-1,10,1,10
2016230043057,1,9,0,18,0,0,1,0,7,10,3,1,2,1,28,6,1242,1,8,6,1,6
2016230043067,1,3,0,7,0,6,1,0,0,0,4,1,2,1,35,6,125,1,1,9,2,9
2016230043092,1,9,0,10,0,5,0,0,0,0,1,1,2,2,25,5,1995,2,6,4,1,4
2016230043092,2,3,0,18,0,1,0,0,0,0,1,1,2,1,19,4,124,1,10,9,1,9
2016230043097,1,9,0,16,0,1,0,0,0,0,1,1,2,1,59,9,1998,1,15,5,3,5
2016230043097,2,9,0,17,0,1,0,0,0,0,1,1,2,1,53,8,1598,1,14,9,3,9
2016230043097,3,9,0,17,0,1,0,0,0,0,1,1,2,1,38,7,2446,1,12,7,1,7
2016230043153,1,9,0,18,0,8,0,0,0,0,3,1,5,2,18,4,1368,1,7,4,1,4
2016230043153,2,9,0,9,0,8,0,0,0,0,1,1,5,1,21,5,1598,1,4,-1,-1,-1
2016230043163,1,9,0,18,0,0,1,0,1,4,1,1,1,1,31,6,1685,2,3,2,1,2
2016230043204,1,9,0,18,0,0,0,0,0,0,1,1,5,1,64,9,2995,1,5,4,1,4
2016230043324,1,21,0,18,0,0,0,0,0,0,1,1,1,1,37,7,6692,2,5,2,1,2
2016230043324,2,21,0,18,0,0,0,0,0,0,2,1,1,1,59,9,10837,2,1,1,1,1
2016230043356,1,9,0,3,0,1,0,0,0,0,2,1,6,2,24,5,1560,2,10,9,1,9
2016230043356,2,9,0,4,0,1,0,0,0,0,1,1,6,2,49,8,1388,1,5,9,3,9
2016230043364,1,9,0,18,0,1,0,0,0,0,1,1,6,3,25,5,-1,-1,-1,-1,-1,-1
2016230043364,2,9,0,9,0,6,0,0,0,0,1,1,2,1,56,9,1798,1,9,1,1,1
2016230043533,1,9,0,9,0,5,0,0,0,0,1,1,5,1,57,9,2926,2,14,5,1,5
2016230043533,2,9,0,18,0,8,0,0,0,0,1,1,5,2,19,4,999,1,15,6,3,6
2016230043536,1,20,1,18,0,4,0,0,0,0,1,1,1,1,46,8,-1,-1,-1,9,2,9
2016230043536,2,9,0,4,0,1,0,0,1,10,2,1,2,2,32,6,998,1,4,6,1,6
2016230043575,1,21,0,18,0,0,0,0,0,0,1,1,1,1,33,6,9290,2,2,9,1,9
2016230043575,2,9,0,4,0,0,0,0,0,0,2,1,2,2,35,6,1995,2,4,3,1,3
2016230043592,1,9,0,18,0,0,0,0,0,0,1,1,6,3,30,6,1587,1,10,-1,-1,-1
2016230043592,2,9,0,18,0,0,0,0,0,0,2,1,6,1,38,7,1560,2,1,5,1,5
2016230043829,1,21,0,9,0,6,0,0,0,0,3,1,1,1,32,6,9200,2,10,4,1,4
2016230043829,2,9,0,18,0,1,0,0,0,0,1,1,6,1,50,8,1198,1,3,9,2,9
2016230043888,1,9,0,13,0,0,1,0,1,7,4,1,5,1,27,6,2990,1,18,7,1,7
2016230043907,1,9,0,16,0,0,1,10,7,2,1,1,5,2,30,6,2993,2,13,9,1,9
2016230043916,1,9,0,10,9,8,0,0,0,0,4,1,2,2,25,5,1242,1,3,6,1,6
2016230043916,2,1,0,18,9,8,0,0,0,0,1,1,5,1,14,3,-1,-1,-1,8,2,8
2016230043986,1,9,0,16,0,0,0,4,0,0,3,1,5,2,72,10,1339,1,2,7,1,7
2016230043986,2,9,0,2,0,0,0,0,0,0,4,1,6,3,45,7,2993,2,1,-1,-1,-1
2016230044000,1,9,0,9,0,6,0,0,0,0,1,1,2,1,29,6,2480,1,1,6,3,6
2016230044000,2,9,0,18,0,8,1,0,1,4,3,1,2,2,62,9,1086,1,10,7,2,7
2016230044213,1,9,0,16,0,0,1,0,7,4,1,1,5,2,35,6,1339,1,13,3,1,3
2016230044313,1,19,0,18,0,3,0,0,1,7,1,1,1,1,27,6,2148,2,8,5,1,5
2016230044371,1,9,0,7,0,2,0,0,0,0,3,1,6,1,76,11,998,1,3,4,1,4
2016230044392,1,9,0,18,0,0,0,0,0,0,1,1,2,2,18,4,1390,1,11,9,1,9
2016230044392,2,98,0,4,0,0,0,0,0,0,2,1,2,1,33,6,-1,-1,-1,9,1,9
2016230044393,1,9,0,7,0,8,0,0,0,0,4,1,6,2,26,6,1149,1,9,10,1,10
2016230044393,2,1,0,18,0,8,0,0,0,0,3,1,6,1,57,9,-1,-1,-1,10,1,10
2016230044405,1,9,0,18,0,0,0,0,0,0,1,1,1,1,35,6,-1,-1,-1,7,1,7
2016230044405,2,9,0,18,0,0,0,0,0,0,2,1,1,1,39,7,1598,2,3,-1,-1,-1
2016230044453,1,9,0,17,0,1,0,0,0,0,4,1,6,1,40,7,1598,1,13,5,1,5
2016230044453,2,9,0,16,0,2,0,0,0,0,1,1,6,2,30,6,1968,2,3,7,1,7
2016230044521,1,9,0,18,0,0,0,0,0,0,4,1,1,1,26,6,2993,2,1,-1,-1,-1
2016230044521,2,1,0,18,0,0,0,0,0,0,3,1,6,1,49,8,-1,-1,-1,10,1,10
2016230044591,1,9,0,18,0,0,1,0,5,6,3,1,5,1,27,6,-1,-1,-1,-1,-1,-1
2016230044591,2,9,0,18,0,0,0,0,0,0,3,1,5,1,54,8,1968,2,5,10,1,10
2016230044595,1,9,0,5,0,4,0,0,0,0,1,1,2,1,19,4,1242,1,1,3,1,3
2016230044595,2,9,0,4,0,4,0,0,0,0,2,1,2,2,39,7,1998,2,10,4,3,4
2016230044650,1,98,0,9,0,6,0,0,0,0,3,1,5,1,79,11,-1,-1,-1,8,1,8
2016230044650,2,19,0,18,0,8,1,0,0,0,1,1,1,1,73,10,2148,2,10,8,1,8
2016230044677,1,9,0,18,0,1,0,0,0,0,1,1,5,1,76,11,1197,1,1,5,1,5
2016230044677,2,9,0,10,0,1,0,0,0,0,2,1,5,2,29,6,1086,1,12,8,1,8
2016230044779,1,9,0,10,0,1,0,0,0,0,2,1,1,1,20,4,1598,1,17,4,1,4
2016230044779,2,9,0,4,0,1,1,0,0,0,1,1,1,1,63,9,1198,1,1,9,3,9
2016230044811,1,9,0,5,0,6,0,0,0,0,3,1,6,2,46,8,1242,1,3,8,1,8
2016230044811,2,98,0,18,0,1,0,0,0,0,1,1,6,1,65,9,-1,-1,-1,5,1,5
2016230044944,1,9,0,18,0,0,0,0,0,0,1,1,1,1,50,8,-1,-1,-1,4,3,4
2016230044944,2,19,0,18,0,0,0,0,0,0,2,1,1,1,63,9,1968,2,2,-1,3,-1
2016230044990,1,9,0,18,0,4,0,0,0,0,1,1,6,3,66,10,1997,2,6,-1,-1,-1
2016230044990,2,9,0,3,0,3,0,0,0,0,2,1,6,2,38,7,1997,2,11,3,1,3
2016230045004,1,9,0,18,0,0,0,0,0,0,1,1,6,1,28,6,1124,1,16,7,1,7
2016230045004,2,9,0,4,0,0,0,0,0,0,2,1,6,2,49,8,1248,2,9,3,1,3
2016230045038,1,9,0,18,0,0,0,4,0,0,1,1,6,1,-1,-1,-1,-1,-1,4,3,4
2016230045038,2,19,0,2,0,0,0,0,0,0,2,2,1,1,23,5,2198,2,1,1,1,1
2016230045170,1,9,0,9,0,6,0,0,0,0,3,1,1,2,25,5,1242,1,2,10,1,10
2016230045170,2,5,0,18,0,1,0,0,0,0,1,1,2,1,26,6,598,1,13,-1,-1,-1
2016230045488,1,9,0,6,0,0,0,0,0,0,1,1,5,1,73,10,-1,-1,-1,5,1,5
2016230045488,2,9,0,18,0,0,0,0,0,0,1,1,5,1,53,8,1995,2,2,6,3,6
2016230045488,3,9,0,18,0,0,0,0,0,0,0,1,5,1,39,7,2199,2,4,6,3,6
2016230045499,1,9,0,9,0,6,0,0,0,0,1,1,6,1,40,7,-1,-1,-1,5,1,5
2016230045499,2,1,0,7,0,2,0,0,0,0,3,1,6,1,28,6,-1,-1,-1,4,1,4
2016230045613,1,9,0,17,0,0,5,0,1,9,1,1,5,1,31,6,2402,2,7,7,1,7
2016230045613,2,9,0,18,0,0,0,0,0,0,0,1,5,3,35,6,1948,1,14,-1,-1,-1
2016230045613,3,9,0,18,0,0,0,0,0,0,0,1,1,1,33,6,1598,2,2,-1,-1,-1
2016230045644,1,21,0,18,0,0,0,0,0,0,1,1,1,1,29,6,15607,2,12,8,1,8
2016230045644,2,9,0,11,0,0,0,0,0,0,2,1,5,2,35,6,1896,2,13,5,1,5
2016230045644,3,9,0,18,0,0,0,0,0,0,1,1,5,2,24,5,1248,2,4,2,1,2
2016230045771,1,9,0,6,0,0,0,0,0,0,2,1,6,3,33,6,-1,-1,-1,-1,-1,-1
2016230045771,2,1,0,18,0,0,0,0,0,0,1,1,3,2,18,4,-1,-1,-1,8,2,8
2016230045799,1,9,0,18,0,0,0,0,1,7,1,1,5,2,31,6,1397,1,7,9,1,9
2016230045799,2,9,0,18,0,0,0,0,0,0,2,1,5,2,22,5,1598,2,1,5,1,5
2016230045799,3,9,0,18,0,0,0,0,0,0,1,1,5,1,35,6,1364,1,1,5,1,5
2016230045799,4,9,0,18,0,0,0,0,0,0,4,1,5,1,50,8,1997,2,11,3,1,3
2016230045802,1,9,0,7,0,6,0,0,0,0,3,1,2,1,22,5,1248,2,5,9,2,9
2016230045802,2,3,0,17,0,8,0,0,0,0,1,1,2,1,50,8,-1,-1,-1,3,1,3
2016230045892,1,9,0,17,0,0,1,0,1,4,3,1,5,1,17,4,1242,1,16,5,1,5
2016230045950,1,97,0,18,0,0,1,0,0,0,4,1,2,2,18,4,49,1,1,4,1,4
2016230046181,1,10,0,18,0,0,0,0,0,0,1,1,5,1,57,9,-1,-1,-1,-1,-1,-1
2016230046181,2,9,0,4,0,0,0,0,4,6,2,1,5,1,49,8,1968,2,8,6,1,6
2016230046181,3,9,0,4,0,0,0,0,0,0,2,1,5,1,39,7,-1,-1,-1,9,3,9
2016230046181,4,98,0,4,0,0,0,0,0,0,2,1,6,1,45,7,-1,-1,-1,-1,-1,-1
2016230046312,1,9,0,18,0,0,1,0,1,0,3,1,2,1,63,9,1995,2,9,10,2,10
2016230046312,2,9,0,18,0,0,0,0,0,0,3,1,2,1,54,8,1798,8,1,10,1,10
2016230046312,3,19,0,18,0,0,1,0,1,4,3,1,2,1,37,7,2198,2,1,9,3,9
2016230046331,1,9,0,17,0,0,5,0,1,0,1,1,6,1,19,4,1598,1,10,9,1,9
2016230046348,1,9,0,18,0,0,1,0,4,6,4,1,6,1,45,7,1995,2,11,-1,-1,-1
2016230046348,2,21,1,18,0,0,0,0,0,0,3,1,1,1,38,7,12740,2,3,2,1,2
2016230046472,1,9,0,18,0,8,0,0,0,0,1,1,5,2,21,5,1598,2,4,6,2,6
2016230046472,2,19,0,10,0,8,0,0,0,0,2,1,1,1,42,7,1753,2,9,8,1,8
2016230046475,1,9,0,9,0,6,0,0,0,0,3,1,5,1,86,11,1296,1,8,7,3,7
2016230046475,2,3,0,18,0,8,0,0,0,0,1,1,5,1,22,5,124,1,4,4,1,4
2016230046477,1,21,1,18,0,1,0,0,0,0,1,1,1,1,39,7,12740,2,4,2,1,2
2016230046477,2,19,0,4,0,1,0,0,0,0,2,1,1,1,29,6,2143,2,5,5,1,5
2016230046477,3,9,0,18,0,2,0,0,2,0,1,1,1,1,51,8,1796,1,6,7,3,7
2016230046477,4,9,0,18,0,1,0,0,0,0,1,1,5,1,62,9,2179,2,4,7,1,7
2016230046503,1,9,0,7,0,3,0,0,0,0,4,1,2,1,41,7,1598,2,3,3,1,3
2016230046503,2,21,0,18,0,8,0,0,0,0,3,1,6,1,30,6,9364,2,10,2,1,2
2016230046743,1,9,0,17,0,0,0,0,7,1,1,1,2,2,40,7,1686,2,2,2,1,2
2016230046760,1,9,0,16,0,0,1,0,1,11,1,1,5,1,26,6,1686,2,14,9,2,9
2016230046818,1,9,0,18,0,6,0,10,1,0,3,1,5,2,21,5,1299,1,12,7,3,7
2016230046818,2,21,0,18,0,8,0,0,0,0,1,1,1,1,39,7,12740,2,2,4,2,4
2016230046985,1,98,0,9,0,8,0,0,0,0,3,1,1,1,43,7,-1,-1,-1,-1,-1,-1
2016230046985,2,9,0,18,0,3,0,0,0,0,4,1,1,1,51,8,2143,2,1,-1,-1,-1
2016230047036,1,9,0,17,0,0,1,0,0,0,1,1,2,1,24,5,2179,2,1,9,2,9
2016230047036,2,1,0,16,0,0,0,0,1,9,1,1,5,1,33,6,-1,-1,-1,10,1,10
2016230047332,1,9,0,18,0,6,0,0,7,11,3,1,6,2,23,5,1910,2,10,-1,-1,-1
2016230047332,2,19,0,18,0,1,0,0,7,11,1,1,1,1,34,6,2198,2,6,5,1,5
2016230047738,1,9,0,17,0,0,0,0,0,0,3,1,5,2,78,11,1598,2,1,10,3,10
2016230047738,2,9,0,16,0,0,0,10,2,11,3,1,5,2,35,6,2198,2,10,10,1,10
2016230047783,1,9,0,18,0,0,0,0,0,0,1,1,5,1,87,11,1560,2,5,8,1,8
2016230047783,2,21,1,4,0,0,0,0,0,0,2,1,1,1,51,8,12809,2,1,4,1,4
2016230047783,3,9,0,12,0,0,0,0,0,0,0,1,1,1,36,7,1496,2,1,6,1,6
2016230047802,1,9,0,9,0,6,0,0,0,0,3,1,5,1,76,11,2143,2,3,7,3,7
2016230047802,2,98,0,18,0,8,0,0,0,0,1,1,1,1,35,6,-1,-1,-1,2,1,2
2016230047891,1,97,0,4,0,0,0,0,0,0,1,1,5,1,19,4,-1,-1,-1,4,1,4
2016230047891,2,9,0,4,0,0,0,0,0,0,2,1,5,1,55,8,1395,1,3,9,1,9
2016230047892,1,9,0,9,0,6,0,0,0,0,3,1,5,1,24,5,1968,2,10,-1,-1,-1
2016230047892,2,9,0,18,0,8,0,0,0,0,1,1,5,1,31,6,1796,1,9,1,1,1
2016230048016,1,9,0,18,0,0,0,0,0,0,1,1,1,1,47,8,-1,-1,-1,1,1,1
2016230048016,2,9,0,4,0,0,0,0,4,6,2,1,1,1,27,6,1197,1,2,-1,2,-1
2016230048016,3,9,0,4,0,0,0,0,0,0,2,1,1,2,52,8,1461,2,1,-1,-1,-1
2016230048029,1,9,0,16,0,0,1,0,0,0,3,1,5,2,28,6,1242,1,5,3,1,3
2016230048029,2,21,0,17,0,0,0,0,0,0,3,1,1,1,48,8,5900,2,9,7,1,7
2016230048039,1,9,0,18,0,4,0,0,0,0,1,1,6,2,48,8,1596,1,7,10,1,10
2016230048039,2,9,0,3,0,1,0,0,0,0,2,1,2,2,26,6,1200,1,1,9,3,9
2016230048096,1,9,0,18,0,0,1,0,5,6,1,1,5,1,24,5,-1,-1,-1,4,1,4
2016230048149,1,9,0,18,0,0,0,0,4,6,1,1,5,1,16,4,1461,2,1,2,1,2
2016230048149,2,21,1,18,0,0,0,0,0,0,2,1,1,1,51,8,12777,2,3,3,1,3
2016230048203,1,19,0,6,0,0,0,0,0,0,4,1,2,1,39,7,2143,2,3,9,3,9
2016230048203,2,9,0,18,0,0,0,0,0,0,1,1,2,1,19,4,1388,1,8,7,3,7
2016230048271,1,9,0,4,0,0,1,0,0,0,3,1,2,2,54,8,1197,1,3,6,1,6
2016230048271,2,9,0,17,0,0,1,0,0,0,1,1,2,2,24,5,1796,1,14,5,1,5
2016230048271,3,9,0,17,0,0,1,0,1,11,1,1,2,2,37,7,1582,2,3,6,1,6
2016230048370,1,9,0,18,0,0,0,0,0,0,1,1,2,2,29,6,1560,2,5,7,1,7
2016230048370,2,9,0,4,0,0,0,0,0,0,2,1,2,1,50,8,1685,2,3,4,1,4
2016230048370,3,9,0,4,0,0,0,0,0,0,2,1,2,1,28,6,1956,2,7,6,1,6
2016230048370,4,19,0,18,0,0,0,0,0,0,1,1,2,1,28,6,2463,2,10,6,1,6
2016230048497,1,9,0,9,0,6,0,0,0,0,1,1,2,2,52,8,1086,1,8,7,1,7
2016230048497,2,9,0,18,0,8,0,0,0,0,1,1,2,2,51,8,1199,1,12,6,1,6
2016230048505,1,19,0,3,0,1,0,0,0,0,1,1,1,1,42,7,2298,2,5,3,1,3
2016230048505,2,9,0,3,0,1,0,0,0,0,2,1,5,2,37,7,1398,2,12,7,2,7
2016230048566,1,9,0,18,0,4,0,0,0,0,1,1,2,2,20,4,1781,1,13,3,1,3
2016230048566,2,9,0,9,0,3,0,10,7,1,4,1,2,2,46,8,998,1,3,7,1,7
2016230048891,1,19,0,1,0,2,0,0,0,0,2,1,3,1,53,8,2198,2,4,7,3,7
2016230048910,1,9,0,9,0,5,0,0,0,0,4,1,5,1,42,7,1560,2,7,8,1,8
2016230048910,2,9,0,18,0,8,0,0,0,0,1,1,5,2,65,9,1595,1,11,-1,-1,-1
2016230049159,1,90,0,9,0,6,0,0,0,0,1,1,1,3,45,7,-1,-1,-1,-1,-1,-1
2016230049159,2,9,0,18,0,8,0,0,0,0,4,1,5,2,54,8,1242,1,2,7,3,7
2016230049162,1,9,0,18,0,1,0,0,0,0,1,1,5,1,38,7,1994,1,10,8,1,8
2016230049162,2,19,0,3,0,1,0,0,0,0,2,1,1,1,51,8,2198,2,-1,9,1,9
2016230049163,1,8,0,9,0,6,0,0,0,0,1,1,1,1,44,7,2664,2,15,5,1,5
2016230049163,2,9,0,18,0,8,0,0,0,0,4,1,2,1,53,8,2099,1,12,2,1,2
2016230049240,1,9,0,4,0,8,0,0,1,0,1,1,2,1,24,5,1242,1,15,8,1,8
2016230049240,2,9,0,10,0,8,0,0,1,0,2,1,5,1,28,6,1999,2,-1,6,1,6
2016230049267,1,9,0,18,0,2,0,0,0,0,0,1,5,2,43,7,-1,-1,-1,6,1,6
2016230049279,1,9,0,9,0,6,0,0,0,0,3,1,2,2,20,4,-1,-1,-1,-1,-1,-1
2016230049279,2,9,0,18,0,8,0,0,0,0,1,1,2,2,44,7,2179,2,7,3,1,3
2016230049317,1,9,0,18,0,0,0,0,0,0,1,1,5,1,69,10,1598,1,4,4,1,4
2016230049317,2,9,0,4,0,0,0,0,0,0,2,1,5,1,47,8,1560,2,7,1,1,1
2016230049387,1,9,0,18,0,0,0,0,1,4,1,1,5,1,19,4,1242,1,12,10,3,10
2016230049409,1,1,0,18,0,0,0,0,1,10,4,1,6,1,24,5,-1,-1,-1,7,3,7
2016230049409,2,9,0,16,0,0,1,0,0,0,1,1,5,1,30,6,1984,1,8,1,1,1
2016230049456,1,9,0,18,0,0,1,0,5,6,1,1,1,1,24,5,1995,2,8,10,2,10
2016230049456,2,19,0,18,0,0,1,0,0,0,1,1,1,1,49,8,2148,2,8,1,1,1
2016230049456,3,9,0,18,0,0,1,0,0,0,1,1,1,1,50,8,2967,2,2,5,1,5
2016230049456,4,9,0,18,0,0,1,0,0,0,1,1,1,1,25,5,1598,1,8,-1,-1,-1
2016230049495,1,9,0,7,0,5,0,0,0,0,1,1,5,1,61,9,1997,2,15,5,1,5
2016230049495,2,1,0,18,0,8,0,0,0,0,4,1,4,1,17,4,-1,-1,-1,7,1,7
2016230049799,1,9,0,18,0,4,0,0,0,0,1,1,5,1,86,11,1686,2,3,7,2,7
2016230049799,2,1,0,18,0,3,0,0,0,0,4,1,5,2,61,9,-1,-1,-1,7,1,7
2016230049850,1,9,0,4,0,1,0,0,0,0,1,1,5,2,30,6,1598,1,5,3,1,3
2016230049883,1,9,0,12,0,0,0,0,0,0,3,1,5,2,42,7,1968,2,8,9,1,9
2016230049883,2,9,0,18,0,0,2,0,0,0,4,1,5,1,54,8,-1,-1,-1,8,3,8
2016230049988,1,9,0,5,0,6,0,0,0,0,1,1,6,2,35,6,-1,-1,-1,-1,-1,-1
2016230049988,2,9,0,2,0,1,0,0,0,0,3,1,2,2,53,8,1896,2,8,10,1,10
2016230050047,1,9,0,13,0,0,0,10,0,0,3,1,5,1,32,6,1968,2,4,10,1,10
2016230050047,2,9,0,18,0,0,0,0,1,0,3,1,5,2,53,8,998,1,2,7,1,7
2016230050049,1,9,0,9,0,6,0,0,0,0,4,1,5,2,64,9,1242,1,12,8,1,8
2016230050484,1,9,0,18,0,4,0,0,0,0,1,1,5,1,34,6,2993,2,10,6,1,6
2016230050484,2,9,0,9,0,3,0,0,0,0,4,1,5,1,17,4,1149,1,14,10,3,10
2016230050709,1,9,0,11,0,0,0,0,1,0,1,1,6,1,68,10,1461,2,2,5,1,5
2016230050709,2,21,1,4,0,0,0,0,0,0,2,1,1,1,49,8,12740,2,-1,2,2,2
2016230050829,1,9,0,6,0,0,0,0,0,0,3,1,2,1,40,7,2993,2,2,9,2,9
2016230050829,2,5,0,14,0,0,0,0,0,0,1,1,2,1,49,8,645,1,3,5,3,5
2016230051000,1,9,0,14,0,0,0,0,7,9,1,1,3,1,62,9,-1,-1,-1,7,1,7
2016230051000,2,9,0,18,0,0,0,4,0,0,1,1,2,1,44,7,-1,-1,-1,7,3,7