Accident_Index,Vehicle_Reference,Vehicle_Type,Towing_and_Articulation,Vehicle_Manoeuvre,Vehicle_Location-Restricted_Lane,Junction_Location,Skidding_and_Overturning,Hit_Object_in_Carriageway,Vehicle_Leaving_Carriageway,Hit_Object_off_Carriageway,1st_Point_of_Impact,Was_Vehicle_Left_Hand_Drive?,Journey_Purpose_of_Driver,Sex_of_Driver,Age_of_Driver,Age_Band_of_Driver,Engine_Capacity_(CC),Propulsion_Code,Age_of_Vehicle,Driver_IMD_Decile,Driver_Home_Area_Type,Vehicle_IMD_Decile
2016230063555,2,19,0,18,0,8,0,0,0,0,1,1,5,1,34,6,2148,2,8,6,1,6
2016230063673,1,9,0,18,0,0,0,0,0,0,1,1,5,1,49,8,2179,2,12,4,1,4
2016230063673,2,9,0,4,0,0,0,0,0,0,2,1,2,2,21,5,-1,-1,-1,4,1,4
2016230063673,3,9,0,4,0,0,0,0,0,0,2,1,5,1,27,6,-1,-1,-1,1,1,1
2016230063673,4,9,0,4,0,0,0,0,0,0,2,1,5,1,52,8,1896,2,14,4,1,4
2016230063778,1,1,0,18,0,6,0,0,0,0,1,1,5,1,69,10,-1,-1,-1,8,1,8
2016230063778,2,9,0,18,0,8,0,0,0,0,4,1,5,2,35,6,1242,1,8,7,3,7
2016230064092,1,21,1,5,0,4,0,0,0,0,1,1,1,1,39,7,12740,2,1,9,1,9
2016230064092,2,9,0,8,0,1,0,0,0,0,2,1,5,2,63,9,1590,1,13,10,1,10
2016230064191,1,9,0,5,0,0,0,0,7,10,1,1,6,1,51,8,2199,2,-1,4,1,4
2016230064334,1,9,0,17,0,0,1,10,7,11,1,1,5,1,40,7,1896,2,15,2,1,2
2016230064418,1,9,0,5,8,0,0,0,0,0,4,1,5,1,54,8,-1,-1,-1,6,2,6
2016230064699,1,9,0,18,0,0,2,0,7,9,1,1,2,1,48,8,998,1,8,9,3,9
2016230064792,1,9,0,18,0,0,2,0,7,9,1,1,6,1,18,4,1997,2,15,4,1,4
2016230064878,1,97,0,5,0,0,0,10,8,3,1,1,5,1,21,5,2294,1,1,4,1,4
2016230064966,1,9,0,4,0,1,0,0,0,0,1,1,2,1,24,5,1995,2,10,-1,-1,-1
2016230064966,2,9,0,4,0,1,0,0,0,0,2,1,2,2,42,7,1329,1,3,6,2,6
2016230064967,1,9,0,7,0,6,0,0,0,0,1,1,6,3,34,6,-1,-1,-1,-1,-1,-1
2016230065012,1,9,0,18,0,2,0,0,0,0,4,1,2,2,19,4,1149,1,10,7,1,7
2016230065064,1,23,0,16,0,0,0,0,0,0,1,1,5,1,50,8,-1,-1,-1,10,1,10
2016230065064,2,98,0,17,0,0,0,0,0,0,1,1,1,1,50,8,-1,-1,-1,5,2,5
2016230065097,1,2,0,18,0,0,1,10,1,1,1,1,5,1,16,4,49,1,1,9,1,9
2016230065197,1,19,0,18,0,0,0,0,0,0,1,1,1,1,22,5,2143,2,6,10,1,10
2016230065197,2,21,1,18,0,0,0,0,0,0,2,1,1,1,38,7,11967,2,2,2,1,2
2016230065206,1,5,0,18,0,8,1,0,0,0,1,1,5,1,53,8,1130,1,14,8,3,8
2016230065206,2,21,0,4,0,8,0,0,0,0,2,1,1,1,35,6,6870,2,6,-1,-1,-1
2016230065206,3,98,0,9,0,5,0,0,0,0,0,1,6,3,34,6,-1,-1,-1,-1,-1,-1
2016230065214,1,9,0,18,0,0,0,0,0,0,1,1,5,2,30,6,1997,2,-1,-1,-1,-1
2016230065214,2,9,0,4,0,0,0,0,0,0,2,1,5,1,60,9,1968,2,2,-1,-1,-1
2016230065214,3,9,0,4,0,0,0,0,0,0,2,1,5,1,31,6,1968,2,1,8,2,8
2016230065282,1,9,0,18,0,2,0,0,0,0,1,1,5,1,29,6,1753,2,11,7,1,7
2016230065282,2,9,0,3,0,2,0,0,0,0,2,1,5,1,24,5,1275,1,16,7,1,7
2016230065282,3,9,0,3,0,2,0,0,0,0,2,1,5,2,24,5,-1,-1,-1,7,1,7
2016230065378,1,9,0,4,0,0,0,0,0,0,2,1,5,2,53,8,1896,2,14,3,1,3
2016230065378,2,9,0,18,0,0,0,0,0,0,2,1,5,2,22,5,1242,1,1,7,3,7
2016230065378,3,9,0,4,0,0,0,0,0,0,1,1,5,2,37,7,1242,1,2,-1,-1,-1
2016230065424,1,9,0,18,0,0,0,0,0,0,1,1,5,1,70,10,2143,2,2,3,1,3
2016230065424,2,9,0,18,0,0,0,0,0,0,1,1,5,1,71,10,1591,1,-1,4,1,4
2016230065561,1,9,0,4,0,8,0,0,0,0,1,1,5,2,33,6,2720,2,11,7,3,7
2016230065561,2,9,0,3,0,8,0,0,0,0,2,1,5,1,45,7,1968,2,3,1,1,1
2016230065709,1,9,0,17,0,8,5,0,1,1,1,1,2,2,24,5,1560,2,2,3,1,3
2016230065902,1,9,0,9,0,5,0,0,0,0,1,1,2,1,35,6,1242,1,17,-1,-1,-1
2016230065902,2,9,0,18,0,8,0,0,0,0,3,1,2,1,63,9,1968,2,7,-1,-1,-1
2016230066246,1,9,0,1,0,1,0,0,0,0,2,1,6,1,54,8,2499,2,16,6,3,6
2016230066260,1,9,0,18,0,0,0,0,0,0,1,1,2,1,27,6,1149,1,12,2,1,2
2016230066359,1,9,0,9,0,5,0,0,7,10,1,1,5,2,60,9,2993,2,5,9,1,9
2016230066541,1,9,0,9,0,5,0,0,0,0,1,1,5,2,58,9,1339,1,5,10,2,10
2016230066541,2,5,0,18,0,8,1,0,0,0,1,1,5,1,52,8,1000,1,1,10,1,10
2016230066541,3,5,0,18,0,8,1,0,0,0,1,1,5,1,53,8,996,1,15,-1,-1,-1
2016230066541,4,9,0,10,0,1,0,0,0,0,3,1,5,1,81,11,1560,2,5,9,2,9
2016230066608,1,21,1,18,0,0,4,0,6,6,1,1,1,1,32,6,12900,2,7,8,2,8
2016230066608,2,21,1,4,0,0,0,0,0,0,2,1,1,1,43,7,12900,2,6,4,1,4
2016230066608,3,21,1,4,0,0,0,0,0,0,2,1,1,1,52,8,10837,2,4,1,1,1
2016230066632,1,9,0,16,0,0,0,0,1,11,1,1,5,1,82,11,1598,1,9,9,2,9
2016230066803,1,9,0,18,0,4,0,0,0,0,1,1,5,2,45,7,1997,1,11,1,1,1
2016230066803,2,9,0,4,0,1,0,0,0,0,2,1,5,2,48,8,1398,1,1,-1,-1,-1
2016230066803,3,9,0,4,0,1,0,0,0,0,2,1,5,1,58,9,2183,2,5,10,1,10
2016230067097,1,9,0,18,0,1,0,0,0,0,1,1,5,1,25,5,1596,1,12,5,1,5
2016230067318,1,9,0,7,0,6,0,0,0,0,1,1,6,3,33,6,-1,-1,-1,-1,-1,-1
2016230067318,2,19,0,18,0,8,1,10,1,0,2,1,1,1,75,10,1248,2,5,9,3,9
2016230067355,1,9,0,18,0,1,0,0,0,0,1,1,6,3,33,6,-1,-1,-1,-1,-1,-1
2016230067381,1,9,0,18,0,0,1,0,7,0,1,1,6,2,28,6,1461,2,6,4,1,4
2016230067381,2,9,0,18,0,0,1,0,0,0,1,1,6,1,24,5,1600,2,7,9,1,9
2016230067381,3,9,0,18,0,0,0,0,1,0,1,1,6,1,34,6,1582,2,7,4,1,4
2016230067381,4,5,0,18,0,0,0,0,0,0,0,1,6,1,51,8,803,1,4,2,1,2
2016230067530,1,9,0,16,0,1,0,0,0,0,1,1,2,2,31,6,1400,1,16,7,3,7
2016230067530,2,9,0,4,0,1,0,0,0,0,2,1,6,3,40,7,1560,2,11,-1,-1,-1
2016230067590,1,9,0,18,0,0,5,0,2,7,4,1,5,1,61,9,1242,1,15,2,1,2
2016230067710,1,8,0,14,0,0,0,7,0,0,1,1,1,1,57,9,2402,2,12,-1,-1,-1
2016230067714,1,5,0,13,0,0,0,0,7,0,4,1,5,1,27,6,660,1,15,7,3,7
2016230067714,2,21,1,18,0,0,0,0,0,0,3,1,1,1,54,8,12130,2,13,8,3,8
2016230067718,1,9,0,18,0,0,0,0,0,0,0,1,6,3,34,6,-1,-1,-1,-1,-1,-1
2016230067718,2,9,0,18,0,0,0,0,2,4,1,1,5,2,28,6,1584,1,11,9,1,9
2016230067769,1,9,0,18,0,0,1,0,7,2,1,1,5,1,17,4,1388,1,11,5,3,5
2016230067810,1,9,0,17,0,0,0,0,0,0,1,1,6,2,43,7,1995,2,5,5,3,5
2016230067810,2,9,0,3,0,0,0,0,0,0,2,1,5,2,54,8,1240,1,6,5,3,5
2016230068165,1,3,0,4,0,1,1,0,0,0,3,1,1,1,44,7,108,1,1,4,1,4
2016230068284,1,9,0,17,0,0,2,0,1,0,1,1,5,1,21,5,1364,1,7,6,3,6
2016230068367,1,1,0,18,0,0,0,0,0,0,3,1,5,1,19,4,-1,-1,-1,-1,-1,-1
2016230068367,2,9,0,13,0,0,0,0,0,0,4,1,5,2,30,6,-1,-1,-1,-1,-1,-1
2016230068559,1,9,0,5,0,6,1,0,0,0,4,1,5,1,64,9,1396,1,3,5,2,5
2016230068559,2,20,0,18,0,8,1,0,0,0,1,1,1,1,51,8,4461,2,8,4,1,4
2016230068559,3,9,0,3,0,1,0,0,0,0,3,1,5,1,54,8,1796,1,9,7,1,7
2016230068653,1,21,1,5,0,6,0,0,0,0,1,1,1,1,50,8,9200,2,4,-1,-1,-1
2016230068776,1,9,0,11,0,8,0,0,0,0,4,1,6,2,34,6,1598,1,9,-1,-1,-1
2016230068776,2,9,0,11,0,8,1,0,0,0,1,1,5,1,57,9,1896,2,15,4,1,4
2016230068842,1,9,0,5,0,6,0,0,0,0,1,1,6,1,22,5,1896,2,14,4,1,4
2016230068875,1,9,0,9,0,6,0,0,0,0,1,1,6,1,31,6,1390,1,1,-1,-1,-1
2016230068875,2,1,0,9,0,6,0,0,0,0,2,1,6,1,47,8,-1,-1,-1,3,1,3
2016230068955,1,9,0,18,0,0,1,0,0,0,1,1,5,1,25,5,-1,-1,-1,10,1,10
2016230068955,2,9,0,18,0,0,1,0,2,7,1,1,5,1,33,6,1905,2,18,6,2,6
2016230068973,1,5,0,18,0,0,0,0,0,0,1,1,5,1,33,6,686,1,9,1,1,1
2016230069001,1,1,0,4,0,0,0,0,0,0,3,1,5,2,59,9,-1,-1,-1,6,3,6
2016230069001,2,19,0,13,0,0,0,0,0,0,4,1,1,1,21,5,2198,2,8,10,1,10
2016230069086,1,9,0,18,0,3,0,0,0,0,1,1,6,3,34,6,-1,-1,-1,-1,-1,-1
2016230069157,1,9,0,18,0,0,0,0,0,0,0,1,6,3,34,6,-1,-1,-1,-1,-1,-1
2016230069157,2,9,0,18,0,0,2,0,1,9,4,1,5,1,18,4,1242,1,11,5,1,5
2016230069186,1,9,0,18,0,0,1,0,0,0,1,1,5,1,20,4,1599,1,18,-1,-1,-1
2016230069186,2,9,0,18,0,0,1,0,0,0,1,1,5,2,38,7,-1,-1,-1,5,1,5
2016230069252,1,9,0,18,0,1,0,0,0,0,1,1,6,2,-1,-1,1229,1,1,6,1,6
2016230069252,2,9,0,10,0,1,0,0,0,0,2,1,6,2,34,6,1149,1,9,7,1,7
2016230069295,1,4,0,4,0,1,1,0,0,0,3,1,5,1,52,8,1063,1,26,2,1,2
2016230069295,2,4,0,4,0,1,0,0,0,0,3,1,5,1,49,8,998,1,12,1,1,1
2016230069383,1,5,0,16,0,0,0,0,7,9,1,1,5,1,27,6,937,1,17,8,3,8
2016230069399,1,9,0,18,0,0,0,0,7,3,1,1,5,1,18,4,1388,1,13,3,1,3
2016230069414,1,9,0,9,0,6,0,0,0,0,1,1,5,1,46,8,-1,-1,-1,10,1,10
2016230069414,2,5,0,18,0,8,0,0,0,0,4,1,5,1,58,9,885,1,20,9,1,9
2016230069578,1,9,0,16,0,0,0,0,0,0,1,1,5,1,42,7,998,1,1,5,1,5
2016230069578,2,9,0,17,0,0,0,0,0,0,1,1,5,2,21,5,973,1,13,6,1,6
2016230069610,1,5,0,18,0,4,0,0,0,0,4,1,5,1,24,5,-1,-1,-1,-1,-1,-1
2016230069610,2,9,0,12,0,4,0,0,0,0,3,1,5,1,30,6,1242,1,11,-1,-1,-1
2016230069690,1,9,0,17,0,0,0,0,0,0,1,1,6,3,34,6,1587,1,15,-1,-1,-1
2016230069690,2,9,0,4,0,0,0,0,0,0,2,1,2,2,44,7,1242,1,6,6,3,6
2016230069753,1,9,0,18,0,0,5,0,7,4,1,1,5,1,49,8,-1,-1,-1,7,3,7
2016230069864,1,9,0,7,0,5,0,0,0,0,4,1,5,2,21,5,1200,1,1,9,1,9
2016230069864,2,1,0,18,0,8,0,0,0,0,1,1,5,1,46,8,-1,-1,-1,8,2,8
2016230069937,1,5,0,18,0,0,1,0,0,0,1,1,5,1,34,6,999,1,2,3,1,3
2016230070482,1,98,0,12,0,0,0,0,0,0,2,1,1,3,25,5,-1,-1,-1,-1,-1,-1
2016230070482,2,9,0,18,0,0,0,0,4,6,1,1,5,2,23,5,1349,1,2,5,1,5
2016230070495,1,9,0,4,0,1,0,0,0,0,1,1,6,3,34,6,-1,-1,-1,-1,-1,-1
2016230070584,1,9,0,1,0,8,0,0,0,0,2,1,6,2,22,5,1596,1,8,2,1,2
2016230070584,2,9,0,7,0,6,0,0,0,0,1,1,5,1,22,5,1598,1,12,1,1,1
2016230070598,1,9,0,4,0,0,0,0,0,0,2,1,6,3,20,4,-1,-1,-1,-1,-1,-1
2016230070598,2,3,0,18,0,0,0,0,0,0,1,1,6,1,24,5,125,1,2,1,1,1
2016230070701,1,9,0,13,0,8,0,0,0,0,4,1,6,3,34,6,-1,-1,-1,-1,-1,-1
2016230070701,2,1,0,9,0,5,0,0,0,0,3,1,5,1,17,4,-1,-1,-1,8,3,8
2016230070719,1,9,0,18,0,0,0,0,0,0,1,1,6,3,34,6,-1,-1,-1,-1,-1,-1
2016230070719,2,9,0,3,0,0,0,0,0,0,2,1,5,2,18,4,1149,1,16,9,1,9
2016230070794,1,9,0,9,0,6,0,0,0,0,0,1,5,1,40,7,-1,-1,-1,9,1,9
2016230070794,2,11,0,4,0,8,1,0,0,0,0,1,1,1,51,8,4249,2,1,9,1,9
2016230070800,1,9,0,18,0,0,0,0,0,0,1,1,5,2,45,7,2926,2,14,10,1,10
2016230070800,2,22,0,18,0,0,0,0,0,0,4,1,5,2,84,11,-1,-1,-1,-1,-1,-1
2016230070891,1,9,0,13,0,8,0,0,0,0,4,1,6,3,34,6,-1,-1,-1,-1,-1,-1
2016230070891,2,9,0,9,0,5,0,0,0,0,1,1,5,1,38,7,1598,1,10,4,1,4
2016230071066,1,9,0,9,0,3,0,0,0,0,1,1,6,1,18,4,-1,-1,-1,1,1,1
2016230071066,2,9,0,4,0,1,0,0,0,0,1,1,3,2,38,7,999,1,1,9,1,9
2016230071142,1,8,0,5,0,0,0,0,0,0,4,1,1,1,46,8,2499,2,7,6,1,6
2016230071161,1,9,0,18,0,0,0,0,0,0,1,1,5,1,33,6,1968,2,1,7,1,7
2016230071161,2,9,0,18,0,0,1,0,2,10,1,1,5,2,58,9,1360,1,13,8,1,8
2016230071230,1,9,0,5,0,1,0,0,0,0,1,1,6,1,20,4,-1,-1,-1,-1,-1,-1
2016230071230,2,9,0,5,0,1,0,0,0,0,2,1,6,1,28,6,1388,1,14,1,1,1
2016230071322,1,98,0,18,0,0,0,0,0,0,4,1,6,3,35,6,-1,-1,-1,-1,-1,-1
2016230071433,1,9,0,18,0,1,0,0,0,0,3,1,5,2,32,6,1364,1,9,4,1,4
2016230071433,2,3,0,18,0,1,0,0,0,0,4,1,5,1,31,6,125,1,1,2,1,2
2016230071477,1,9,0,18,0,0,1,0,0,0,1,1,1,2,38,7,2993,2,1,5,1,5
2016230071477,2,9,0,4,0,0,0,0,0,0,1,1,2,2,23,5,1598,2,3,-1,-1,-1
2016230071528,1,9,0,18,0,0,0,0,0,0,1,1,5,2,32,6,1242,1,2,-1,-1,-1
2016230071528,2,9,0,4,0,0,0,0,0,0,2,1,5,1,42,7,-1,-1,-1,8,1,8
2016230071528,3,9,0,4,0,0,0,0,0,0,2,1,5,1,39,7,-1,-1,-1,6,1,6
2016230071739,1,9,0,5,0,6,0,0,0,0,1,1,6,3,34,6,-1,-1,-1,-1,-1,-1
2016230071739,2,9,0,18,0,8,1,0,0,0,3,1,5,1,19,4,1598,1,10,10,1,10
2016230071822,1,9,0,18,0,8,0,0,0,0,1,1,6,3,-1,-1,1781,1,15,-1,-1,-1
2016230071822,2,9,0,10,0,8,0,0,0,0,2,1,2,2,57,9,1329,1,4,-1,-1,-1
2016230071828,1,21,1,18,0,1,0,0,0,0,1,1,1,1,45,7,12777,2,8,2,1,2
2016230071828,2,9,0,4,0,1,0,0,0,0,2,1,3,2,37,7,2179,2,1,6,3,6
2016230071828,3,11,0,4,0,1,0,0,0,0,2,1,1,1,26,6,2148,2,10,5,1,5
2016230071828,4,9,0,4,0,1,0,0,0,0,1,1,2,1,35,6,1388,1,10,2,1,2
2016230071846,1,9,0,18,0,0,0,4,0,0,1,1,5,1,32,6,1248,2,11,8,1,8
2016230071846,2,9,0,2,0,0,0,0,0,0,1,1,5,1,32,6,1956,2,3,5,1,5
2016230072014,1,11,0,18,0,0,0,2,0,0,4,1,5,1,68,10,-1,2,17,6,1,6
2016230072239,1,9,0,4,0,0,0,0,0,0,2,1,6,1,35,6,1988,2,12,-1,-1,-1
2016230072239,2,9,0,4,0,0,1,0,0,0,2,1,5,1,70,10,1984,1,14,7,1,7
2016230072239,3,9,0,18,0,0,1,0,0,0,1,1,5,2,28,6,1598,1,1,7,1,7
2016230072384,1,11,0,5,0,1,0,0,0,0,1,1,1,1,70,10,11967,2,12,7,3,7
2016230072444,1,9,0,5,0,6,0,0,0,0,1,1,2,2,62,9,1596,1,7,10,1,10
2016230072444,2,1,0,18,0,8,0,0,0,0,1,1,5,1,13,3,-1,-1,-1,8,1,8
2016230072505,1,1,0,18,9,8,0,0,0,0,1,1,2,2,17,4,-1,-1,-1,4,1,4
2016230072505,2,9,0,7,9,6,0,0,0,0,1,1,5,2,45,7,998,1,1,4,1,4
2016230072519,1,9,0,18,0,0,0,0,0,0,3,1,6,1,23,5,1995,2,7,3,1,3
2016230072519,2,5,0,18,0,0,0,0,0,0,3,1,5,1,25,5,-1,-1,-1,5,3,5
2016230072563,1,9,0,18,0,0,0,0,0,0,3,1,1,1,41,7,1984,1,16,6,1,6
2016230072578,1,9,0,7,0,6,0,0,0,0,4,1,5,1,35,6,2231,2,5,9,1,9
2016230072578,2,1,0,18,9,1,0,0,0,0,1,1,2,1,26,6,-1,-1,-1,7,1,7
2016230072658,1,9,0,18,0,0,0,0,0,0,1,1,6,3,34,6,-1,-1,-1,-1,-1,-1
2016230072658,2,97,0,3,0,0,0,0,0,0,2,1,2,2,20,4,-1,-1,-1,9,3,9
2016230072814,1,19,0,13,0,0,0,0,0,0,0,1,1,1,40,7,1399,2,6,6,1,6
2016230072814,2,90,4,18,0,0,5,0,7,10,1,1,5,1,64,9,-1,-1,-1,7,3,7
2016230072841,1,9,0,18,0,1,0,0,0,0,1,1,5,1,17,4,1229,1,5,9,2,9
2016230072841,2,9,0,18,0,1,0,0,0,0,1,1,5,2,18,4,1242,1,9,8,3,8
2016230072841,3,9,0,4,0,1,0,0,0,0,2,1,5,2,46,8,-1,-1,-1,9,2,9
2016230072969,1,9,0,17,0,0,2,0,7,1,1,1,1,1,19,4,4000,2,10,4,1,4
2016230072979,1,9,0,18,0,0,1,0,8,6,1,1,5,1,26,6,1956,2,1,3,1,3
2016230072979,2,9,0,18,0,0,1,0,8,6,2,1,5,2,54,8,1399,2,10,6,1,6
2016230073126,1,9,0,11,0,5,0,0,0,0,4,1,6,1,69,10,1999,2,1,8,3,8
2016230073126,2,9,0,18,0,5,0,10,0,0,3,1,6,2,77,11,1799,1,10,6,3,6
2016230073133,1,9,0,18,0,4,0,0,0,0,4,1,5,1,49,8,3200,2,5,8,3,8
2016230073133,2,5,0,18,0,4,0,0,0,0,3,1,5,1,50,8,-1,-1,-1,8,1,8
2016230073148,1,9,0,17,0,0,2,0,8,4,3,1,3,1,31,6,1796,1,7,3,1,3
2016230073174,1,9,0,18,0,0,0,0,0,0,1,1,1,1,45,7,2143,2,4,4,1,4
2016230073174,2,9,0,3,0,0,0,0,0,0,2,1,1,1,33,6,-1,-1,-1,-1,-1,-1
2016230073174,3,9,0,3,0,0,0,0,0,0,2,1,5,1,44,7,1598,2,2,9,1,9
2016230073174,4,9,0,3,0,0,0,0,0,0,2,1,5,1,45,7,1969,2,1,6,3,6
2016230073324,1,9,0,1,0,0,0,0,0,0,2,1,6,3,34,6,-1,-1,-1,-1,-1,-1
2016230073352,1,9,0,18,0,0,0,0,1,9,1,1,5,1,26,6,2497,2,24,5,1,5
2016230073398,1,9,0,5,0,6,0,0,0,0,1,1,5,1,92,11,1395,1,1,-1,-1,-1
2016230073475,1,9,0,6,0,8,0,0,0,0,4,1,2,2,48,8,1499,8,1,10,1,10
2016230073521,1,9,0,7,0,6,0,0,0,0,0,1,6,3,34,6,2179,2,2,-1,-1,-1
2016230073521,2,9,0,18,0,8,1,0,7,0,1,1,2,2,28,6,-1,-1,-1,-1,-1,-1
2016230073626,1,9,0,17,0,0,5,0,0,0,3,1,5,2,25,5,-1,-1,-1,-1,-1,-1
2016230073643,1,9,0,18,0,0,1,0,4,0,1,1,2,2,23,5,1199,1,14,4,1,4
2016230073643,2,9,0,4,0,0,0,0,0,0,2,1,2,1,34,6,1798,1,14,1,1,1
2016230073643,3,9,0,18,0,0,0,0,0,0,1,1,2,2,51,8,1242,1,14,1,1,1
2016230073643,4,9,0,18,0,0,0,0,0,0,1,1,2,1,44,7,998,1,22,7,3,7
2016230073668,1,9,0,18,0,0,0,0,0,0,1,1,6,3,35,6,-1,-1,-1,-1,-1,-1
2016230073681,1,5,0,7,0,8,1,0,0,0,4,1,5,1,65,9,798,1,8,8,1,8
2016230073710,1,9,0,4,0,1,0,0,0,0,1,1,6,1,35,6,1850,1,16,2,1,2
2016230073710,2,9,0,4,0,1,0,0,0,0,2,1,1,1,33,6,1461,2,1,5,1,5
2016230073786,1,9,0,13,0,0,0,0,7,0,1,1,5,1,37,7,1995,2,-1,1,1,1
2016230073786,2,9,0,17,0,0,0,0,0,0,1,1,5,1,58,9,2198,2,10,4,1,4
2016230073786,3,98,1,16,0,0,0,0,0,0,3,1,1,1,53,8,-1,-1,-1,9,1,9
2016230073836,1,9,0,16,0,1,0,0,0,0,1,1,5,1,85,11,1997,2,1,3,1,3
2016230073836,2,9,0,5,0,1,0,0,0,0,2,1,5,1,34,6,1598,1,15,3,1,3
2016230074123,1,9,0,9,0,8,0,0,0,0,0,1,6,3,34,6,-1,-1,-1,-1,-1,-1
2016230074123,2,9,0,5,0,4,0,0,0,0,1,1,5,1,33,6,1910,2,11,7,3,7
2016230074123,3,9,0,3,0,1,0,0,0,0,2,1,5,1,34,6,1896,2,7,-1,-1,-1
2016230074167,1,9,0,9,0,5,0,0,0,0,4,1,3,2,31,6,1388,1,9,2,1,2
2016230074167,2,9,0,18,0,8,0,0,0,0,1,1,2,1,20,4,1587,1,8,5,1,5
2016230074175,1,23,0,17,0,0,0,0,1,1,1,1,5,1,53,8,998,1,14,3,1,3
2016230074209,1,21,0,18,0,0,0,0,0,0,4,1,1,1,30,6,10518,2,2,1,1,1
2016230074401,1,9,0,9,0,6,0,0,0,0,1,1,5,2,29,6,1328,1,9,-1,-1,-1
2016230074401,2,9,0,17,0,8,0,0,0,0,1,1,5,1,28,6,1229,1,3,1,1,1
2016230074432,1,9,0,18,0,6,0,0,0,0,1,1,5,1,21,5,1995,1,11,8,1,8
2016230074432,2,9,0,4,0,6,0,0,0,0,2,1,5,2,69,10,-1,-1,-1,5,1,5
2016230074456,1,9,0,18,0,0,0,0,0,0,1,1,5,2,38,7,1769,1,12,3,1,3
2016230074456,2,9,0,18,0,0,0,0,0,0,1,1,5,1,55,8,1968,2,1,6,3,6
2016230074497,1,20,0,7,0,3,0,0,0,0,1,1,6,1,63,9,4580,2,5,3,1,3
2016230074497,2,9,0,4,0,3,0,0,0,0,2,1,2,2,51,8,1598,1,12,9,1,9
2016230074520,1,9,0,5,0,6,0,0,0,0,1,1,5,1,82,11,2362,1,13,8,2,8
2016230074520,2,9,0,18,0,8,1,0,0,0,1,1,5,2,25,5,1242,1,4,7,1,7
2016230074534,1,9,0,9,0,6,0,0,0,0,1,1,2,1,25,5,1390,1,3,7,3,7
2016230074534,2,9,0,18,0,8,0,0,0,0,1,1,2,2,23,5,1242,1,3,6,3,6
2016230074547,1,9,0,18,0,8,0,0,0,0,1,1,5,1,38,7,1997,2,1,6,1,6
2016230074547,2,9,0,4,0,8,0,0,0,0,2,1,5,2,44,7,1495,1,9,9,2,9
2016230074547,3,9,0,9,0,6,0,0,0,0,3,1,5,1,20,4,1398,2,13,6,1,6
2016230074571,1,10,0,18,0,0,1,0,0,0,1,1,5,1,65,9,-1,-1,-1,2,1,2
2016230074571,2,9,0,4,0,0,0,0,0,0,2,1,5,2,33,6,1956,2,1,9,1,9
2016230074587,1,9,0,17,0,2,0,0,1,10,1,1,6,2,29,6,1999,1,8,1,1,1
2016230074769,1,98,0,13,0,1,0,0,0,0,1,1,1,1,24,5,-1,-1,-1,-1,-1,-1
2016230074769,2,9,0,18,0,1,2,0,0,0,2,1,1,1,73,10,-1,-1,-1,3,1,3
2016230074846,1,9,0,18,0,4,0,0,0,0,1,1,5,2,36,7,1061,1,10,-1,-1,-1
2016230074846,2,9,0,4,0,1,0,0,0,0,2,1,6,3,34,6,-1,-1,-1,-1,-1,-1
2016230074850,1,9,0,9,0,5,0,0,0,0,1,1,5,1,78,11,1591,1,3,7,1,7
2016230074850,2,9,0,18,0,8,0,0,0,0,1,1,2,1,64,9,1598,2,1,10,1,10
2016230074907,1,9,0,12,0,8,0,0,0,0,3,1,5,2,46,8,2993,2,9,5,1,5
2016230074907,2,9,0,9,0,8,0,0,0,0,4,1,5,1,32,6,-1,-1,-1,5,1,5
2016230074950,1,1,0,4,9,0,0,0,0,0,1,1,5,1,40,7,-1,-1,-1,4,1,4
2016230075024,1,9,0,18,0,1,0,0,0,0,0,1,6,1,57,9,1198,1,5,5,1,5
2016230075024,2,3,0,13,0,1,0,0,7,10,1,1,6,1,47,8,124,1,2,10,1,10
2016230075035,1,9,0,18,0,2,5,0,0,0,1,1,1,1,19,4,1590,1,16,10,1,10
2016230075262,1,9,0,18,0,0,0,0,0,0,1,1,2,1,59,9,1997,2,9,3,1,3
2016230075262,2,9,0,4,0,0,0,0,0,0,2,1,2,1,25,5,1598,1,12,10,1,10
2016230075262,3,9,0,4,0,0,0,0,0,0,2,1,2,1,24,5,1998,1,9,7,2,7
2016230075289,1,19,0,17,0,8,0,7,1,10,1,1,5,1,19,4,1753,2,11,8,1,8
2016230075310,1,9,0,18,0,4,0,0,0,0,1,1,6,1,42,7,1390,1,4,10,2,10
2016230075310,2,9,0,3,0,1,0,0,0,0,2,1,5,2,26,6,1596,1,11,-1,-1,-1
2016230075321,1,21,1,18,0,1,4,0,7,7,3,1,1,1,43,7,12777,2,4,1,1,1
2016230075381,1,9,0,18,0,0,0,0,0,0,1,1,6,1,25,5,1598,2,4,8,1,8
2016230075381,2,9,0,4,0,0,0,0,0,0,2,1,6,1,43,7,1995,2,1,10,1,10
2016230075466,1,9,0,18,0,1,0,0,0,0,1,1,6,3,25,5,-1,-1,-1,-1,-1,-1
2016230075466,2,9,0,3,0,1,0,0,0,0,2,1,2,2,19,4,1242,1,11,4,1,4
2016230075487,1,3,0,18,0,1,0,0,0,0,1,1,5,1,17,4,125,1,1,5,1,5