Accident_Index,Vehicle_Reference,Vehicle_Type,Towing_and_Articulation,Vehicle_Manoeuvre,Vehicle_Location-Restricted_Lane,Junction_Location,Skidding_and_Overturning,Hit_Object_in_Carriageway,Vehicle_Leaving_Carriageway,Hit_Object_off_Carriageway,1st_Point_of_Impact,Was_Vehicle_Left_Hand_Drive?,Journey_Purpose_of_Driver,Sex_of_Driver,Age_of_Driver,Age_Band_of_Driver,Engine_Capacity_(CC),Propulsion_Code,Age_of_Vehicle,Driver_IMD_Decile,Driver_Home_Area_Type,Vehicle_IMD_Decile
2016230075487,2,9,0,7,0,1,0,0,0,0,4,1,5,1,51,8,1995,2,4,10,1,10
2016230075617,1,9,0,18,0,0,5,0,2,10,1,1,5,1,23,5,1149,1,12,6,1,6
2016230075624,1,9,0,18,0,0,0,0,0,0,4,1,6,2,52,8,1591,1,1,10,1,10
2016230075746,1,9,0,18,0,4,1,9,0,0,1,1,5,2,36,7,1596,1,1,10,2,10
2016230075971,1,98,0,17,0,4,0,0,0,0,1,1,1,1,53,8,-1,-1,-1,5,1,5
2016230075971,2,9,0,18,0,3,0,0,0,0,1,1,2,1,58,9,1360,1,9,-1,-1,-1
2016230075996,1,19,0,13,0,8,0,0,7,9,1,1,1,1,47,8,1870,2,10,8,1,8
2016230075996,2,9,0,9,0,5,0,0,0,0,3,1,5,2,46,8,1595,1,5,9,3,9
2016230076061,1,9,0,4,0,1,0,0,0,0,1,1,6,3,34,6,-1,-1,-1,-1,-1,-1
2016230076061,2,9,0,3,0,1,0,0,0,0,2,1,5,2,18,4,1199,1,17,-1,-1,-1
2016230076091,1,21,0,11,0,0,0,0,0,0,1,1,1,1,26,6,6700,2,1,3,1,3
2016230076091,2,9,0,18,0,0,1,0,8,6,3,1,5,1,59,9,1360,1,9,7,1,7
2016230076139,1,9,0,9,0,6,0,0,0,0,3,1,5,1,46,8,2720,2,8,7,1,7
2016230076139,2,98,1,18,0,1,0,0,0,0,1,1,1,1,44,7,-1,-1,-1,2,1,2
2016230076139,3,9,0,18,0,1,0,0,0,0,1,1,5,2,49,8,1198,1,5,5,1,5
2016230076274,1,19,0,18,0,0,0,0,0,0,1,1,5,1,21,5,1753,2,19,4,1,4
2016230076274,2,9,0,18,0,0,0,10,1,11,1,1,2,1,37,7,3436,1,3,-1,-1,-1
2016230076274,3,9,0,2,0,0,0,0,0,0,2,1,5,1,58,9,1598,2,2,4,1,4
2016230076396,1,9,0,5,0,4,0,0,0,0,1,1,2,2,37,7,1598,1,11,7,1,7
2016230076396,2,9,0,18,0,8,0,0,0,0,2,1,5,1,65,9,1588,1,15,5,1,5
2016230076455,1,9,0,5,0,4,0,0,0,0,1,1,5,2,64,9,1598,2,4,7,3,7
2016230076455,2,9,0,5,0,4,0,0,0,0,2,1,5,2,64,9,1798,1,2,3,1,3
2016230076505,1,21,0,5,0,6,0,0,0,0,1,1,1,1,53,8,6693,2,3,6,1,6
2016230076505,2,2,0,18,0,1,0,0,0,0,3,1,5,1,17,4,49,1,3,3,1,3
2016230076541,1,9,0,18,0,0,0,0,0,0,1,1,2,1,44,7,1598,1,4,4,1,4
2016230076541,2,1,0,18,0,0,0,0,0,0,2,1,6,2,21,5,-1,-1,-1,9,2,9
2016230076627,1,9,0,13,0,0,0,0,0,0,1,1,6,1,49,8,5204,1,10,8,3,8
2016230076627,2,9,0,18,0,0,0,0,0,0,2,1,6,2,36,7,1598,1,2,6,3,6
2016230076627,3,9,0,18,0,0,0,0,1,4,1,1,6,2,22,5,1198,1,9,7,2,7
2016230076637,1,9,0,5,0,4,0,0,0,0,3,1,6,1,79,11,-1,-1,-1,6,3,6
2016230076637,2,1,0,18,0,8,0,0,0,0,1,1,6,2,57,9,-1,-1,-1,9,1,9
2016230076735,1,9,0,18,0,3,0,0,0,0,1,1,6,1,19,4,1299,1,13,4,1,4
2016230076735,2,9,0,18,0,3,0,0,0,0,2,1,6,1,22,5,998,1,9,5,1,5
2016230076736,1,9,0,18,0,0,0,0,0,0,1,1,6,2,60,9,1198,1,11,6,1,6
2016230076736,2,9,0,3,0,0,0,0,0,0,2,1,2,1,38,7,2494,8,1,10,2,10
2016230076789,1,9,0,18,0,0,0,0,0,0,1,1,5,1,42,7,2143,2,2,10,1,10
2016230076789,2,9,0,4,0,0,0,0,0,0,2,1,1,1,23,5,1598,2,1,10,1,10
2016230076826,1,9,0,16,0,2,0,0,0,0,1,1,5,2,24,5,1242,1,1,8,1,8
2016230076826,2,9,0,18,0,1,0,0,1,0,3,1,5,1,30,6,-1,-1,-1,7,3,7
2016230076826,3,9,0,18,0,1,0,0,0,0,1,1,5,1,20,4,-1,-1,-1,2,1,2
2016230076852,1,9,0,18,0,0,0,0,0,0,4,1,1,1,26,6,1242,1,13,7,2,7
2016230076942,1,9,0,7,0,5,0,0,0,0,1,1,5,1,31,6,1896,2,10,8,1,8
2016230076942,2,1,0,9,0,6,0,0,0,0,1,1,5,1,27,6,-1,-1,-1,-1,-1,-1
2016230076957,1,9,0,13,0,1,0,0,0,0,4,1,5,1,26,6,1242,1,12,4,1,4
2016230076957,2,1,0,9,0,1,0,0,0,0,1,1,2,1,21,5,-1,-1,-1,2,1,2
2016230077004,1,9,0,17,0,0,0,0,0,0,1,1,6,3,34,6,-1,-1,-1,-1,-1,-1
2016230077004,2,3,0,14,0,0,0,0,0,0,1,1,5,1,25,5,125,1,5,4,1,4
2016230077035,1,1,0,9,0,5,0,0,0,0,1,1,2,1,23,5,-1,-1,-1,5,1,5
2016230077035,2,9,0,7,0,6,0,0,0,0,1,1,5,2,44,7,1329,1,5,7,1,7
2016230077048,1,9,0,9,0,6,0,0,0,0,3,1,6,1,36,7,1794,1,11,3,1,3
2016230077048,2,9,0,18,0,8,0,0,0,0,1,1,5,2,36,7,1124,1,15,2,1,2
2016230077066,1,8,0,18,0,0,0,0,0,0,3,1,1,1,32,6,1686,2,6,2,1,2
2016230077078,1,9,0,16,0,2,1,10,7,10,3,1,5,1,23,5,2993,2,3,9,3,9
2016230077230,1,9,0,18,7,0,0,4,0,0,1,1,5,2,65,9,1997,2,12,1,1,1
2016230077230,2,9,0,2,6,0,0,0,0,0,2,1,5,1,29,6,1396,1,16,4,1,4
2016230077265,1,4,0,13,0,1,1,0,0,0,3,1,5,1,19,4,128,1,12,4,1,4
2016230077265,2,21,1,18,0,1,0,0,0,0,0,1,1,1,43,7,12740,2,2,2,1,2
2016230077290,1,3,0,18,0,4,0,7,0,0,1,1,2,1,26,6,125,1,1,7,1,7
2016230077397,1,9,0,7,0,5,0,0,0,0,4,1,5,2,36,7,1398,2,11,2,1,2
2016230077397,2,1,0,18,0,8,0,0,0,0,3,1,5,1,71,10,-1,-1,-1,9,3,9
2016230077399,1,9,0,16,0,5,2,0,1,10,1,1,5,1,31,6,1328,1,14,7,2,7
2016230077425,1,9,0,5,0,0,0,0,0,0,4,1,6,3,34,6,1124,1,18,-1,-1,-1
2016230077425,2,9,0,18,0,0,0,0,0,0,3,1,5,2,36,7,1956,2,4,6,1,6
2016230077455,1,9,0,9,0,5,0,0,0,0,1,1,5,1,60,9,1598,1,9,9,2,9
2016230077455,2,1,0,17,0,8,0,0,0,0,1,1,5,1,51,8,-1,-1,-1,8,1,8
2016230077463,1,9,0,18,0,0,0,0,7,4,1,1,5,2,44,7,2198,2,1,6,3,6
2016230077487,1,9,0,18,0,2,0,0,0,0,1,1,2,2,25,5,1388,1,13,1,1,1
2016230077487,2,9,0,4,0,2,0,0,0,0,2,1,5,2,21,5,1396,1,7,-1,-1,-1
2016230077487,3,9,0,18,0,2,0,0,5,6,1,1,2,2,56,9,1896,2,11,9,1,9
2016230077530,1,9,0,18,0,8,0,10,2,11,1,1,5,1,17,4,1242,1,8,-1,-1,-1
2016230077530,2,9,0,18,0,1,0,0,0,0,0,1,1,1,33,6,2400,2,3,-1,-1,-1
2016230077530,3,9,0,18,0,1,0,0,0,0,0,1,1,1,51,8,-1,-1,-1,4,1,4
2016230077546,1,19,0,18,0,8,0,0,0,0,1,1,1,1,30,6,2198,2,2,10,1,10
2016230077546,2,9,0,3,0,8,0,0,0,0,2,1,2,1,31,6,1984,1,14,1,1,1
2016230077546,3,9,0,10,0,8,0,0,0,0,2,1,5,2,25,5,1991,1,-1,8,1,8
2016230077568,1,9,0,17,0,8,0,10,0,0,1,1,2,2,23,5,1390,1,15,7,3,7
2016230077568,2,9,0,16,0,8,0,0,1,9,1,1,2,2,27,6,1781,1,11,8,1,8
2016230077580,1,1,0,18,0,0,0,0,0,0,4,1,6,1,10,2,-1,-1,-1,8,3,8
2016230077580,2,9,0,4,0,0,0,0,0,0,1,1,6,2,81,11,-1,-1,-1,9,2,9
2016230077590,1,1,0,17,0,1,0,0,0,0,1,1,5,1,42,7,-1,-1,-1,-1,-1,-1
2016230077590,2,9,0,4,0,2,0,0,0,0,1,1,5,1,77,11,2987,2,4,8,3,8
2016230077710,1,9,0,18,0,1,0,0,0,0,1,1,5,2,52,8,996,1,2,2,1,2
2016230077710,2,1,0,18,0,1,0,0,0,0,1,1,4,1,12,3,-1,-1,-1,5,1,5
2016230077732,1,9,0,9,0,5,0,0,0,0,0,1,6,3,35,6,-1,-1,-1,-1,-1,-1
2016230077732,2,1,0,18,0,8,0,0,0,0,1,1,6,1,49,8,-1,-1,-1,9,3,9
2016230077842,1,21,1,18,0,0,0,0,0,0,3,2,1,1,37,7,-1,-1,-1,-1,-1,-1
2016230077842,2,9,0,18,0,0,2,0,1,0,4,1,5,2,40,7,1598,1,11,4,1,4
2016230077867,1,9,0,4,0,4,0,0,0,0,2,1,6,1,40,7,1998,1,10,-1,-1,-1
2016230077867,2,9,0,5,0,4,1,0,0,0,1,1,2,1,22,5,1998,1,4,9,2,9
2016230077882,1,9,0,9,0,6,0,0,8,11,1,1,6,1,22,5,-1,-1,-1,2,1,2
2016230077899,1,9,0,18,0,0,0,0,0,0,1,1,6,1,21,5,2393,1,17,9,2,9
2016230077899,2,9,0,4,0,0,0,0,0,0,2,1,2,2,22,5,1149,1,9,9,2,9
2016230077940,1,9,0,18,0,0,1,0,0,0,1,1,2,2,29,6,1242,1,18,9,1,9
2016230077940,2,9,0,18,0,0,0,0,0,0,3,1,2,2,67,10,1560,2,3,8,1,8
2016230077955,1,9,0,18,0,0,1,0,5,6,4,1,1,1,30,6,-1,-1,-1,-1,-1,-1
2016230078013,1,1,0,4,0,6,0,0,0,0,1,1,5,1,17,4,-1,-1,-1,4,1,4
2016230078013,2,9,0,4,0,1,0,0,0,0,4,1,5,1,54,8,-1,-1,-1,7,1,7
2016230078036,1,9,0,18,0,0,0,0,0,0,1,1,5,2,32,6,1582,2,5,-1,-1,-1
2016230078036,2,9,0,3,0,0,0,0,0,0,2,1,5,1,27,6,1149,1,5,2,1,2
2016230078036,3,9,0,3,0,0,0,0,0,0,1,1,6,2,22,5,1997,2,11,7,3,7
2016230078036,4,9,0,9,7,0,0,0,0,0,0,1,5,1,52,8,-1,-1,-1,10,1,10
2016230078107,1,9,0,18,0,0,0,0,7,9,3,1,5,2,30,6,1364,1,1,5,1,5
2016230078140,1,9,0,18,0,4,0,10,2,1,1,1,5,1,26,6,1598,1,9,-1,-1,-1
2016230078143,1,98,1,18,0,1,0,0,0,0,2,1,1,3,48,8,-1,-1,-1,-1,-1,-1
2016230078143,2,9,0,18,0,1,5,0,5,6,3,1,5,2,29,6,1149,1,15,2,1,2
2016230078145,1,9,0,12,0,0,1,0,2,7,3,1,2,1,34,6,1396,1,15,2,1,2
2016230078145,2,19,0,18,0,0,0,0,0,0,4,1,2,1,36,7,2461,2,6,7,1,7
2016230078152,1,9,0,5,0,2,0,0,0,0,3,1,5,2,48,8,1598,1,5,6,3,6
2016230078166,1,9,0,18,0,0,2,0,1,7,3,1,5,1,38,7,1910,2,9,7,1,7
2016230078166,2,9,0,18,0,0,0,0,0,0,4,1,5,1,33,6,1956,2,1,1,1,1
2016230078184,1,9,0,9,0,6,0,0,0,0,4,1,1,2,43,7,1968,2,9,9,2,9
2016230078184,2,5,0,18,0,8,0,0,0,0,1,1,5,1,64,9,645,1,8,7,1,7
2016230078252,1,9,0,18,0,8,0,0,0,0,1,1,6,1,-1,-1,1299,1,11,4,2,4
2016230078252,2,9,0,7,0,5,0,0,0,0,2,1,2,1,51,8,1124,1,11,4,1,4
2016230078262,1,11,0,16,0,0,0,0,0,0,2,1,1,1,37,7,9600,2,22,6,1,6
2016230078262,2,9,0,17,0,0,0,0,0,0,3,1,2,2,49,8,1584,1,-1,9,3,9
2016230078276,1,9,0,18,0,0,0,0,5,6,3,1,2,1,27,6,1149,1,11,1,1,1
2016230078287,1,9,0,18,0,0,0,0,0,0,1,1,5,1,33,6,-1,-1,-1,9,1,9
2016230078287,2,9,0,4,0,0,0,0,0,0,2,1,5,1,50,8,1598,2,5,8,1,8
2016230078287,3,19,0,4,0,0,0,0,0,0,2,1,5,1,27,6,1753,2,10,4,1,4
2016230078337,1,9,0,18,0,0,0,0,1,4,4,1,5,2,37,7,3311,8,9,9,3,9
2016230078359,1,9,0,18,0,8,0,0,0,0,1,1,5,2,23,5,1199,1,13,4,1,4
2016230078359,2,9,0,7,0,6,0,0,0,0,3,1,3,2,27,6,2179,2,6,-1,-1,-1
2016230078359,3,9,0,18,0,8,0,0,0,0,1,1,3,1,39,7,1997,2,6,5,1,5
2016230078366,1,9,0,16,0,0,0,0,0,0,1,1,5,1,32,6,-1,-1,-1,5,1,5
2016230078366,2,9,0,17,0,0,0,0,0,0,3,1,5,2,53,8,2199,2,3,9,1,9
2016230078376,1,9,0,9,0,5,0,0,0,0,3,1,1,1,49,8,1984,2,3,5,1,5
2016230078376,2,3,0,13,0,8,0,0,0,0,1,1,2,2,18,4,125,1,7,5,1,5
2016230078422,1,9,0,5,0,5,0,0,0,0,3,1,5,1,36,7,1997,2,6,6,2,6
2016230078422,2,3,0,18,0,8,0,0,0,0,1,1,5,1,28,6,124,1,4,10,3,10
2016230078441,1,9,0,14,0,8,1,0,0,0,4,1,2,1,47,8,-1,-1,-1,7,2,7
2016230078470,1,9,0,5,0,4,0,0,0,0,1,1,5,2,31,6,1994,2,12,5,1,5
2016230078470,2,9,0,8,0,1,0,0,0,0,2,1,5,1,51,8,1499,1,1,9,3,9
2016230078498,1,9,0,16,0,0,0,0,0,0,1,1,5,2,56,9,1248,1,6,5,1,5
2016230078498,2,9,0,3,0,0,0,0,0,0,2,1,5,1,50,8,1849,2,1,4,1,4
2016230078501,1,9,0,5,0,6,0,0,0,0,1,1,5,2,65,9,1998,2,9,3,3,3
2016230078501,2,9,0,18,0,1,0,0,0,0,4,1,5,2,32,6,1242,1,2,2,1,2
2016230078521,1,9,0,14,0,8,0,0,0,0,1,1,5,1,56,9,1499,1,-1,9,3,9
2016230078521,2,9,0,5,0,6,0,0,0,0,3,1,5,2,54,8,1598,1,7,9,3,9
2016230078522,1,9,0,4,0,1,0,0,0,0,1,1,6,1,23,5,1796,1,12,5,1,5
2016230078522,2,9,0,3,0,1,0,0,0,0,2,1,6,2,51,8,1399,2,6,-1,-1,-1
2016230078532,1,9,0,18,0,0,0,0,0,0,1,1,5,1,25,5,1796,1,13,4,1,4
2016230078532,2,9,0,18,0,0,0,0,0,0,1,1,5,1,45,7,-1,-1,-1,9,2,9
2016230078603,1,9,0,18,0,0,5,0,8,3,1,1,5,2,47,8,1969,2,2,7,1,7
2016230078630,1,90,0,18,0,0,1,0,7,10,3,1,1,1,62,9,-1,-1,-1,6,2,6
2016230078640,1,9,0,16,0,1,1,0,0,0,3,1,5,1,27,6,1997,1,15,8,1,8
2016230078640,2,9,0,17,0,2,0,0,0,0,1,1,3,1,46,8,1598,1,13,5,1,5
2016230078721,1,9,0,18,0,1,0,0,0,0,1,1,6,1,52,8,1596,1,14,3,1,3
2016230078721,2,9,0,3,0,1,0,0,0,0,2,1,2,2,58,9,1600,1,5,1,1,1
2016230078759,1,9,0,9,0,5,0,0,7,4,1,1,5,2,64,9,299,1,14,8,1,8
2016230078806,1,9,0,18,0,0,0,12,0,0,4,1,2,2,26,6,998,1,1,7,1,7
2016230078823,1,98,1,12,0,3,0,0,0,0,1,2,1,1,39,7,-1,-1,-1,-1,-1,-1
2016230078823,2,9,0,18,0,3,0,0,0,0,4,1,1,2,31,6,1598,1,6,3,1,3
2016230078834,1,1,0,18,0,8,0,0,0,0,1,1,2,2,30,6,-1,-1,-1,10,1,10
2016230078834,2,9,0,7,0,5,0,0,0,0,4,1,2,2,23,5,998,1,-1,1,1,1
2016230078967,1,9,0,18,0,6,0,0,0,0,3,1,2,1,45,7,1390,1,19,9,1,9
2016230078967,2,9,0,18,0,8,0,0,0,0,1,1,5,2,67,10,1388,1,8,10,1,10
2016230078984,1,9,0,18,0,0,0,0,0,0,3,1,1,2,59,9,1242,1,2,6,1,6
2016230078998,1,9,0,5,0,4,0,0,0,0,1,1,5,1,52,8,1596,1,11,4,1,4
2016230078998,2,9,0,5,0,4,0,0,0,0,2,1,5,1,41,7,998,1,6,2,1,2
2016230079120,1,19,1,12,0,0,0,0,0,0,3,2,1,1,26,6,1275,1,31,-1,-1,-1
2016230079120,2,9,0,18,0,0,1,0,2,7,4,1,5,1,80,11,1560,2,8,3,1,3
2016230079218,1,21,1,18,0,0,1,0,0,0,1,1,1,1,68,10,12777,2,3,6,1,6
2016230079218,2,9,0,6,0,0,1,0,0,0,2,1,5,1,38,7,1242,1,15,4,1,4
2016230079295,1,9,0,7,0,6,0,0,0,0,3,1,5,1,59,9,1598,1,7,7,3,7
2016230079295,2,1,0,18,0,8,0,0,0,0,1,1,5,2,23,5,-1,-1,-1,5,1,5
2016230079312,1,9,0,18,0,0,0,0,0,0,1,1,5,1,28,6,1242,1,14,9,2,9
2016230079312,2,9,0,4,0,0,0,0,0,0,2,1,5,2,21,5,1799,1,9,5,1,5
2016230079312,3,9,0,18,0,0,0,0,0,0,1,1,5,2,36,7,1596,1,14,3,1,3
2016230079312,4,9,0,4,0,0,0,0,0,0,2,1,5,2,25,5,1200,1,3,8,2,8
2016230079312,5,9,0,4,0,0,0,0,0,0,0,1,5,3,34,6,1086,1,8,-1,-1,-1
2016230079339,1,19,0,5,0,6,0,0,0,0,1,1,2,1,51,8,2198,2,2,7,3,7
2016230079339,2,9,0,18,0,8,0,0,1,0,4,1,3,2,44,7,998,1,4,7,3,7
2016230079366,1,9,0,9,0,6,0,0,0,0,3,1,5,1,17,4,1390,1,14,3,1,3
2016230079366,2,9,0,18,0,8,0,0,0,0,1,1,5,1,31,6,1596,1,6,8,1,8
2016230079395,1,9,0,18,0,0,0,0,0,0,1,1,5,2,54,8,-1,-1,-1,6,2,6
2016230079395,2,9,0,18,0,0,0,0,0,0,1,1,5,1,49,8,1461,2,6,6,2,6
2016230079408,1,9,0,9,0,5,0,0,0,0,1,1,2,2,39,7,1229,1,2,5,1,5
2016230079408,2,9,0,18,0,8,0,0,0,0,1,1,2,2,25,5,998,1,3,8,1,8
2016230079421,1,9,0,18,0,8,0,0,0,0,1,1,5,1,27,6,1461,2,1,7,3,7
2016230079421,2,9,0,18,0,8,0,0,0,0,1,1,5,2,45,7,1560,2,7,4,1,4
2016230079421,3,9,0,18,0,8,0,7,0,0,1,1,5,1,22,5,1598,1,10,9,1,9
2016230079424,1,9,0,6,0,8,0,0,0,0,3,1,6,1,30,6,1398,1,13,1,1,1
2016230079424,2,9,0,18,0,1,0,0,0,0,1,1,6,2,55,8,1896,2,10,9,3,9
2016230079613,1,9,0,18,0,0,0,4,0,0,4,1,6,1,32,6,1968,2,10,4,1,4
2016230079613,2,9,0,2,0,0,0,0,0,0,4,1,5,1,22,5,-1,-1,-1,7,1,7
2016230079720,1,9,0,18,0,0,0,0,0,0,4,1,1,1,58,9,1560,2,9,7,2,7
2016230079720,2,98,1,18,0,0,0,0,0,0,1,2,1,1,31,6,-1,-1,-1,-1,-1,-1
2016230079720,3,9,0,18,0,0,0,0,0,0,3,1,1,2,42,7,1956,2,2,7,1,7
2016230079720,4,9,0,18,0,0,5,0,0,0,1,1,1,2,44,7,-1,-1,-1,7,1,7
2016230079774,1,9,0,18,0,1,1,0,0,0,1,1,5,2,61,9,1984,1,1,-1,-1,-1
2016230079774,2,9,0,4,0,1,0,0,0,0,2,1,5,2,30,6,1242,1,17,7,1,7
2016230079774,3,9,0,4,0,1,0,0,0,0,2,1,5,1,55,8,2993,2,6,9,1,9
2016230079805,1,4,0,18,0,4,0,0,0,0,1,1,2,1,56,9,498,1,17,8,2,8
2016230079805,2,9,0,18,0,4,0,0,0,0,2,1,2,1,59,9,998,1,5,7,1,7
2016230079848,1,9,0,5,0,6,0,0,0,0,1,1,5,1,35,6,2993,2,1,9,1,9
2016230079848,2,1,0,18,0,8,0,0,0,0,4,1,5,1,85,11,-1,-1,-1,9,1,9
2016230079865,1,9,0,5,0,0,0,4,0,0,1,1,3,3,34,6,1149,1,13,-1,-1,-1
2016230079865,2,9,0,2,0,0,0,0,0,0,2,1,3,2,33,6,1198,1,6,2,1,2
2016230079871,1,9,0,18,0,0,0,0,0,0,1,1,5,1,36,7,1388,1,18,4,1,4
2016230079871,2,9,0,18,0,0,0,0,0,0,1,1,1,2,56,9,1399,2,7,10,1,10
2016230079899,1,9,0,18,0,0,0,0,0,0,1,1,2,2,31,6,-1,-1,-1,5,1,5
2016230079900,1,9,0,18,0,8,0,0,0,0,1,1,2,2,62,9,1242,1,2,-1,-1,-1
2016230079927,1,9,0,18,0,0,0,0,0,0,1,1,5,1,18,4,1590,1,14,-1,3,-1
2016230079927,2,9,0,3,0,0,0,0,0,0,2,1,5,2,55,8,1598,1,2,10,1,10
2016230079927,3,9,0,3,0,0,0,0,0,0,2,1,6,2,48,8,1896,2,10,8,1,8
2016230080001,1,1,0,18,0,6,0,0,0,0,1,1,2,1,52,8,-1,-1,-1,6,1,6
2016230080001,2,9,0,4,0,1,0,0,0,0,3,1,2,2,23,5,2494,1,15,6,1,6
2016230080084,1,9,0,18,0,1,0,0,0,0,1,1,6,1,28,6,1896,2,15,2,1,2
2016230080084,2,9,0,3,0,1,0,0,0,0,2,1,6,2,29,6,1598,1,8,1,1,1
2016230080172,1,9,0,18,0,1,0,0,0,0,1,1,6,3,34,6,-1,-1,-1,-1,-1,-1
2016230080172,2,1,0,18,0,1,0,0,0,0,3,1,5,1,40,7,-1,-1,-1,1,1,1
2016230080187,1,9,0,9,0,6,0,0,0,0,1,1,5,1,48,8,-1,-1,-1,4,2,4
2016230080187,2,9,0,18,0,8,0,0,0,0,3,1,2,1,55,8,1997,2,11,4,1,4
2016230080198,1,9,0,4,0,1,0,0,0,0,2,1,5,1,40,7,1968,2,11,4,1,4
2016230080198,2,9,0,18,0,1,0,0,0,0,1,1,5,1,77,11,1242,1,9,6,1,6
2016230080198,3,9,0,18,0,1,0,0,0,0,1,1,5,1,77,11,2685,2,12,6,1,6
2016230080265,1,9,0,13,0,0,0,0,0,0,1,1,1,1,41,7,1986,2,9,6,1,6
2016230080265,2,17,0,9,0,0,0,0,0,0,3,1,1,1,22,5,4400,2,9,7,3,7
2016230080270,1,9,0,4,0,1,0,0,0,0,1,1,2,2,57,9,1390,1,8,9,1,9
2016230080270,2,9,0,4,0,1,0,0,0,0,2,1,2,2,27,6,1390,1,6,-1,-1,-1
2016230080318,1,9,0,18,0,0,1,0,2,4,4,1,5,1,46,8,1997,2,6,9,1,9
2016230080337,1,21,1,11,0,0,0,0,0,0,4,1,1,1,29,6,12900,2,9,5,1,5
2016230080337,2,9,0,18,0,0,0,0,0,0,3,1,5,1,31,6,1984,1,7,4,1,4
2016230080343,1,9,0,18,0,0,0,0,0,0,1,1,2,1,22,5,1753,2,15,5,1,5
2016230080343,2,9,0,18,0,0,0,0,0,0,1,1,2,2,42,7,1968,2,-1,3,1,3
2016230080356,1,9,0,5,0,4,0,0,0,0,1,1,5,1,81,11,2179,2,4,9,3,9
2016230080356,2,3,0,18,0,8,0,0,0,0,4,1,2,1,44,7,125,1,3,5,2,5
2016230080373,1,3,0,9,0,6,0,0,3,11,4,1,5,1,25,5,-1,-1,-1,5,1,5
2016230080374,1,19,0,18,0,8,1,0,0,0,1,1,5,1,34,6,1686,2,13,5,1,5
2016230080374,2,9,0,9,0,6,0,0,0,0,3,1,3,1,19,4,-1,-1,-1,7,2,7
2016230080384,1,4,0,16,0,1,1,0,8,0,4,1,2,1,38,7,865,1,2,8,3,8
2016230080462,1,9,0,13,0,0,1,10,2,0,4,1,5,1,18,4,1560,2,9,6,1,6
2016230080462,2,9,0,18,0,0,0,0,1,11,1,1,5,2,57,9,998,1,9,1,1,1
2016230080462,3,98,0,18,0,0,0,0,0,0,0,1,6,3,34,6,-1,-1,-1,-1,-1,-1
2016230080581,1,9,0,5,0,6,0,0,0,0,1,1,5,1,55,8,2143,2,1,-1,-1,-1
2016230080581,2,9,0,18,0,8,0,0,0,0,3,1,5,2,28,6,1997,2,10,6,2,6
2016230080602,1,9,0,13,0,8,0,0,7,4,1,1,5,2,67,10,1197,1,-1,8,3,8
2016230080602,2,9,0,9,0,5,0,0,0,0,3,1,5,1,55,8,1796,1,19,3,1,3
2016230080632,1,9,0,7,0,6,0,0,0,0,4,1,5,2,40,7,-1,-1,-1,-1,-1,-1
2016230080632,2,1,0,18,0,8,0,0,0,0,1,1,6,1,15,3,-1,-1,-1,-1,-1,-1
2016230080726,1,9,0,18,0,0,0,0,1,1,1,1,5,1,23,5,1596,1,21,6,3,6
2016230080763,1,9,0,18,0,0,0,0,0,0,3,1,5,2,30,6,1242,1,2,2,1,2
2016230080763,2,9,0,13,0,0,0,0,0,0,4,1,5,1,54,8,1988,1,15,1,1,1
2016230080792,1,9,0,18,0,1,0,0,0,0,1,1,5,1,20,4,-1,-1,-1,4,1,4
2016230080792,2,9,0,4,0,1,1,0,0,0,1,1,5,2,17,4,1596,1,13,9,1,9
2016230080792,3,9,0,4,0,1,0,0,0,0,2,1,5,1,64,9,1998,2,12,9,1,9
2016230080792,4,9,0,3,0,1,0,0,0,0,2,1,5,2,21,5,1390,1,10,9,1,9
2016230080841,1,9,0,7,0,5,5,10,7,0,3,1,5,1,37,7,1868,2,15,2,1,2
2016230080848,1,9,0,18,0,0,0,0,7,10,1,1,5,2,68,10,1198,1,3,1,1,1
2016230080853,1,9,0,5,0,6,0,0,0,0,1,1,3,1,42,7,2183,2,4,5,1,5
2016230080853,2,9,0,18,0,8,0,0,0,0,1,1,5,2,68,10,1199,2,2,10,1,10
2016230080935,1,9,0,18,0,0,0,4,0,0,1,1,6,2,34,6,1299,1,12,10,1,10
2016230080935,2,9,0,2,0,0,0,0,0,0,2,1,2,1,25,5,1997,2,4,9,1,9
2016230080994,1,9,0,7,0,6,0,0,0,0,1,1,5,1,27,6,1596,1,11,10,1,10
2016230080994,2,9,0,4,0,8,0,0,0,0,2,1,5,2,49,8,1999,2,-1,10,2,10
2016230081015,1,9,0,18,0,8,0,0,0,0,1,1,1,1,69,10,2143,2,-1,6,3,6
2016230081015,2,9,0,9,0,6,0,0,0,0,1,1,1,2,24,5,1349,1,5,10,1,10
2016230081081,1,9,0,18,0,8,0,0,0,0,1,1,5,2,61,9,2148,2,11,4,1,4
2016230081081,2,1,0,9,0,5,0,0,0,0,2,1,5,2,48,8,-1,-1,-1,-1,-1,-1
2016230081090,1,9,0,16,0,8,0,0,0,0,1,1,5,1,26,6,1596,1,7,4,1,4
2016230081090,2,9,0,10,0,8,0,0,0,0,2,1,5,2,48,8,-1,-1,-1,-1,-1,-1