Accident_Index,Vehicle_Reference,Vehicle_Type,Towing_and_Articulation,Vehicle_Manoeuvre,Vehicle_Location-Restricted_Lane,Junction_Location,Skidding_and_Overturning,Hit_Object_in_Carriageway,Vehicle_Leaving_Carriageway,Hit_Object_off_Carriageway,1st_Point_of_Impact,Was_Vehicle_Left_Hand_Drive?,Journey_Purpose_of_Driver,Sex_of_Driver,Age_of_Driver,Age_Band_of_Driver,Engine_Capacity_(CC),Propulsion_Code,Age_of_Vehicle,Driver_IMD_Decile,Driver_Home_Area_Type,Vehicle_IMD_Decile
2016230081090,3,9,0,17,0,8,0,0,0,0,3,1,1,1,41,7,1997,2,7,-1,-1,-1
2016230081244,1,9,0,4,0,0,1,0,0,0,2,1,6,3,34,6,-1,-1,-1,-1,-1,-1
2016230081244,2,9,0,18,0,0,1,0,0,0,1,1,2,2,22,5,1598,2,3,8,1,8
2016230081244,3,9,0,4,0,0,1,0,0,0,2,1,2,1,21,5,1560,2,1,1,1,1
2016230081244,4,9,0,18,0,0,1,0,0,0,1,1,2,1,35,6,1968,2,-1,2,1,2
2016230081304,1,9,0,9,0,8,0,0,0,0,4,1,2,2,62,9,1986,2,10,6,2,6
2016230081304,2,9,0,18,0,1,0,0,0,0,1,1,2,1,34,6,998,1,1,1,1,1
2016230081311,1,19,0,18,0,1,0,7,7,2,1,1,6,1,50,8,1686,2,14,9,1,9
2016230081413,1,19,0,18,0,0,0,0,0,0,1,1,1,1,47,8,1998,2,12,1,1,1
2016230081413,2,9,0,17,0,0,0,0,6,7,1,1,2,2,36,7,998,1,-1,6,1,6
2016230081540,1,9,0,9,0,8,0,0,0,0,1,1,6,2,68,10,1400,1,11,-1,-1,-1
2016230081540,2,9,0,18,0,1,0,0,0,0,3,1,6,2,51,8,999,1,4,5,1,5
2016230081540,3,9,0,5,0,6,0,0,0,0,0,1,6,3,30,6,-1,-1,-1,-1,-1,-1
2016230081561,1,9,0,18,0,8,0,0,0,0,3,1,3,2,44,7,1200,1,12,9,1,9
2016230081561,2,1,0,18,0,6,0,0,0,0,1,1,5,1,11,3,-1,-1,-1,5,1,5
2016230081646,1,9,0,18,0,1,0,0,0,0,1,1,6,1,49,8,-1,-1,-1,6,1,6
2016230081646,2,1,0,18,0,1,0,0,1,0,2,1,2,1,49,8,-1,-1,-1,10,3,10
2016230081659,1,9,0,18,0,0,1,0,5,6,1,1,5,1,27,6,1598,1,15,5,1,5
2016230081677,1,8,0,18,0,0,0,12,0,0,1,1,1,1,66,10,1997,2,4,5,2,5
2016230081970,1,9,0,18,0,1,0,0,0,0,1,1,5,2,64,9,-1,-1,-1,3,1,3
2016230081970,2,9,0,11,0,1,0,0,0,0,2,1,6,3,34,6,1360,1,9,-1,-1,-1
2016230082189,1,9,0,18,9,0,0,0,0,0,1,1,6,3,40,7,-1,-1,-1,-1,-1,-1
2016230082189,2,1,0,18,5,0,0,0,0,0,3,1,2,2,25,5,-1,-1,-1,1,1,1
2016230082282,1,9,0,18,0,0,0,0,1,3,4,1,5,2,69,10,1299,1,15,5,1,5
2016230082367,1,9,0,9,0,6,0,0,0,0,3,1,5,2,21,5,1390,1,12,9,1,9
2016230082367,2,9,0,18,0,8,0,0,0,0,1,1,5,2,25,5,1242,1,4,8,1,8
2016230082490,1,9,0,17,0,0,5,0,2,0,1,1,2,2,26,6,1364,1,8,7,1,7
2016230082515,1,9,0,7,0,6,0,0,0,0,0,1,6,3,34,6,-1,-1,-1,-1,-1,-1
2016230082515,2,1,0,18,0,8,0,0,0,0,3,1,2,1,43,7,-1,-1,-1,8,3,8
2016230082536,1,21,0,18,0,0,1,0,0,0,1,1,1,1,42,7,4580,2,8,-1,-1,-1
2016230082536,2,9,0,4,0,0,2,0,1,7,2,1,2,1,50,8,1997,2,8,5,1,5
2016230082536,3,9,0,4,0,0,0,0,0,0,2,1,2,2,24,5,1390,1,12,10,2,10
2016230082536,4,9,0,4,0,0,0,0,0,0,2,1,2,1,32,6,1968,2,3,9,1,9
2016230082536,5,21,1,4,0,0,0,0,0,0,2,1,1,1,46,8,12902,2,3,10,1,10
2016230082560,1,9,0,18,0,1,2,0,5,6,3,1,2,2,31,6,1242,1,11,-1,-1,-1
2016230082595,1,9,0,10,0,8,0,0,1,4,1,1,5,1,37,7,1896,2,15,-1,-1,-1
2016230082595,2,90,1,16,0,8,1,0,0,0,1,1,1,1,27,6,-1,-1,-1,4,1,4
2016230082740,1,20,0,18,0,8,0,0,0,0,1,1,1,1,28,6,2800,2,13,6,1,6
2016230082740,2,9,0,18,0,6,0,0,0,0,4,1,5,2,33,6,1598,1,12,9,1,9
2016230082843,1,98,0,18,0,0,0,0,0,0,1,1,1,1,44,7,-1,-1,-1,-1,-1,-1
2016230082843,2,19,0,13,0,0,5,0,0,0,4,1,1,1,38,7,2148,2,11,2,1,2
2016230082843,3,9,0,12,0,0,0,0,0,0,0,1,6,3,30,6,-1,-1,-1,-1,-1,-1
2016230082865,1,8,0,5,0,1,0,0,0,0,0,1,1,1,43,7,-1,-1,-1,-1,-1,-1
2016230082897,1,11,0,18,0,8,0,0,0,0,0,1,1,1,42,7,4249,2,1,9,1,9
2016230082897,2,9,0,9,0,6,0,0,0,0,0,1,6,3,34,6,-1,-1,-1,-1,-1,-1
2016230082934,1,9,0,18,0,4,0,0,0,0,0,1,6,3,34,6,-1,-1,-1,-1,-1,-1
2016230082934,2,3,0,18,0,8,1,0,0,0,3,1,5,1,23,5,125,1,-1,4,1,4
2016230082976,1,9,0,4,0,1,1,0,0,0,1,1,2,2,67,10,1197,1,6,10,1,10
2016230082976,2,9,0,3,0,1,0,0,0,0,2,1,3,2,40,7,1461,2,1,6,1,6
2016230082976,3,9,0,3,0,1,0,0,0,0,2,1,2,1,52,8,1984,1,5,10,1,10
2016230082995,1,9,0,4,0,8,0,0,0,0,1,1,5,2,59,9,1598,1,7,9,1,9
2016230082995,2,9,0,3,0,8,0,0,0,0,2,1,5,1,38,7,1360,1,14,6,1,6
2016230083005,1,1,0,18,0,0,0,0,0,0,1,1,5,2,60,9,-1,-1,-1,9,2,9
2016230083005,2,9,0,4,0,0,0,0,0,0,2,1,5,1,56,9,1999,2,1,8,3,8
2016230083028,1,9,0,9,0,6,0,0,0,0,1,1,5,2,72,10,1956,2,5,9,3,9
2016230083028,2,9,0,18,0,6,5,0,1,4,3,1,5,1,18,4,999,1,15,9,2,9
2016230083046,1,9,0,17,0,1,5,10,2,4,4,1,5,1,19,4,1242,1,1,10,1,10
2016230083058,1,98,0,18,0,0,0,0,0,0,1,1,5,1,30,6,-1,-1,-1,-1,-1,-1
2016230083058,2,9,0,3,0,0,0,0,0,0,2,1,1,2,35,6,998,1,3,5,2,5
2016230083128,1,20,0,18,0,0,1,0,0,0,1,1,1,1,53,8,2402,2,10,10,1,10
2016230083128,2,9,0,3,0,0,0,0,0,0,2,1,1,1,61,9,-1,-1,-1,-1,-1,-1
2016230083128,3,21,0,3,0,0,0,0,0,0,2,1,1,1,50,8,12777,2,9,8,1,8
2016230083265,1,9,0,4,0,8,0,0,0,0,1,1,6,1,20,4,1199,1,14,5,2,5
2016230083265,2,9,0,7,0,5,0,0,0,0,2,1,5,2,47,8,-1,-1,-1,9,3,9
2016230083439,1,9,0,5,0,6,0,0,0,0,3,1,5,1,69,10,1395,1,1,7,1,7
2016230083439,2,5,0,18,0,8,0,0,0,0,1,1,5,1,40,7,1170,1,-1,1,1,1
2016230083471,1,9,0,18,0,1,0,0,0,0,1,1,5,3,34,6,1871,2,14,-1,-1,-1
2016230083471,2,9,0,4,0,1,0,0,0,0,2,1,1,2,43,7,-1,-1,-1,9,1,9
2016230083555,1,9,0,18,0,8,0,0,0,0,1,1,5,2,23,5,1124,1,12,10,1,10
2016230083555,2,9,0,3,0,8,0,0,0,0,2,1,1,1,36,7,-1,-1,-1,-1,-1,-1
2016230083570,1,19,0,18,0,0,5,0,1,7,4,1,1,1,39,7,1996,2,5,2,1,2
2016230083571,1,1,0,18,5,0,0,0,0,0,1,1,2,2,40,7,-1,-1,-1,5,1,5
2016230083609,1,9,0,10,0,8,0,0,0,0,2,1,5,2,32,6,998,1,2,7,2,7
2016230083609,2,9,0,18,0,8,0,0,0,0,1,1,5,1,30,6,1598,2,-1,5,1,5
2016230083701,1,9,0,18,0,0,0,0,0,0,1,1,6,2,25,5,1229,1,4,-1,-1,-1
2016230083811,1,9,0,7,0,6,0,0,0,0,1,1,5,1,61,9,1242,1,9,6,1,6
2016230083811,2,9,0,16,0,8,0,0,0,0,1,1,1,1,52,8,1598,2,3,10,1,10
2016230083831,1,98,0,9,0,5,0,0,0,0,1,1,1,1,27,6,-1,-1,-1,9,3,9
2016230083831,2,1,0,18,0,8,0,0,0,0,1,1,5,2,40,7,-1,-1,-1,5,1,5
2016230083893,1,19,0,4,0,1,0,0,0,0,1,1,2,1,34,6,1968,2,1,10,1,10
2016230083893,2,9,0,10,0,1,0,0,0,0,2,1,5,2,24,5,1975,1,11,5,1,5
2016230083959,1,9,0,18,0,2,0,0,0,0,4,1,5,2,77,11,1368,1,10,4,2,4
2016230084201,1,9,0,4,0,0,0,0,0,0,1,1,6,1,50,8,1598,1,12,1,1,1
2016230084201,2,9,0,3,0,0,0,0,0,0,2,1,1,2,24,5,1998,2,12,6,3,6
2016230084233,1,9,0,7,0,6,0,0,0,0,1,1,5,1,22,5,1399,2,13,9,1,9
2016230084233,2,9,0,18,0,8,0,0,0,0,3,1,1,1,42,7,2497,2,23,7,2,7
2016230084250,1,9,0,5,0,4,0,0,0,0,3,1,1,1,47,8,1896,2,6,1,1,1
2016230084250,2,1,0,9,0,8,0,0,0,0,1,1,5,1,32,6,-1,-1,-1,8,2,8
2016230084312,1,9,0,13,0,0,1,0,0,0,1,1,2,2,41,7,2199,2,3,7,3,7
2016230084312,2,21,1,18,0,0,0,0,0,0,2,1,1,1,41,7,11946,2,5,2,1,2
2016230084312,3,19,0,18,0,0,0,0,0,0,0,1,1,1,32,6,2402,2,6,4,1,4
2016230084350,1,9,0,18,0,0,2,4,1,2,1,1,5,2,24,5,1229,1,1,7,1,7
2016230084350,2,9,0,2,0,0,0,0,0,0,2,1,6,2,19,4,1360,1,9,1,1,1
2016230084443,1,9,0,11,0,3,0,0,0,0,4,1,1,2,36,7,1390,1,9,4,1,4
2016230084443,2,9,0,17,0,8,1,0,1,1,3,1,2,2,19,4,1229,1,2,6,1,6
2016230084462,1,9,0,5,0,4,0,0,0,0,1,1,5,1,24,5,1390,1,3,3,1,3
2016230084462,2,1,0,9,0,3,0,0,0,0,4,1,5,1,25,5,-1,-1,-1,5,1,5
2016230084467,1,19,0,18,0,0,0,0,0,0,1,1,5,1,53,8,1753,2,8,9,1,9
2016230084467,2,9,0,18,0,0,0,0,0,0,1,1,5,1,48,8,1997,2,12,1,1,1
2016230084467,3,9,0,4,0,0,0,0,0,0,2,1,5,1,43,7,2231,2,10,1,1,1
2016230084472,1,9,0,15,0,8,0,0,0,0,1,1,5,2,24,5,1600,1,25,6,3,6
2016230084472,2,9,0,9,0,5,0,0,0,0,4,1,3,2,37,7,-1,-1,-1,7,1,7
2016230084502,1,19,0,18,0,8,0,9,1,7,1,1,1,1,69,10,2299,2,1,6,1,6
2016230084627,1,9,0,5,0,8,0,0,1,10,1,1,5,1,41,7,-1,-1,-1,7,1,7
2016230084643,1,9,0,18,0,0,1,0,1,4,1,1,5,1,23,5,-1,-1,-1,8,2,8
2016230084725,1,9,0,5,0,0,0,0,0,0,1,1,6,1,68,10,1948,1,16,4,1,4
2016230084725,2,1,0,18,0,0,0,0,0,0,1,1,5,2,37,7,-1,-1,-1,-1,-1,-1
2016230084725,3,1,0,18,0,0,0,0,0,0,2,1,5,2,38,7,-1,-1,-1,9,1,9
2016230084886,1,9,0,9,0,4,0,0,0,0,1,1,5,1,82,11,1248,1,7,10,1,10
2016230084886,2,1,0,9,0,8,0,0,0,0,2,1,2,1,44,7,-1,-1,-1,8,1,8
2016230084891,1,9,0,18,0,8,0,0,0,0,1,1,5,2,19,4,1299,1,10,9,1,9
2016230084891,2,9,0,3,0,8,0,0,0,0,2,1,1,1,26,6,2143,2,2,3,1,3
2016230084891,3,9,0,10,0,8,0,0,0,0,2,1,5,2,38,7,1796,1,11,10,1,10
2016230084911,1,9,0,5,0,6,0,0,0,0,1,1,5,1,79,11,1598,1,12,5,1,5
2016230084911,2,9,0,18,0,8,0,0,0,0,1,1,5,1,62,9,1598,2,5,4,3,4
2016230084938,1,3,0,13,0,8,0,0,7,10,1,1,6,1,17,4,124,1,13,7,3,7
2016230084938,2,9,0,9,0,1,0,0,0,0,3,1,6,1,35,6,1968,2,4,10,1,10
2016230084951,1,3,0,4,0,0,1,0,0,0,1,1,5,1,19,4,125,1,12,10,1,10
2016230084951,2,9,0,4,0,0,0,0,0,0,1,1,5,1,30,6,1896,2,12,5,1,5
2016230084981,1,9,0,18,0,0,0,0,0,0,4,1,6,3,34,6,-1,-1,-1,-1,-1,-1
2016230084988,1,9,0,17,0,0,2,10,7,9,1,1,2,1,31,6,1597,1,16,5,1,5
2016230085049,1,21,1,18,0,8,0,0,0,0,3,2,1,1,35,6,-1,-1,-1,-1,-1,-1
2016230085049,2,9,0,7,0,8,0,0,0,0,4,1,5,2,34,6,2993,2,1,4,3,4
2016230085197,1,98,4,4,0,0,0,0,0,0,1,2,1,1,22,5,-1,-1,-1,-1,-1,-1
2016230085197,2,9,0,4,0,0,0,0,0,0,2,1,2,1,55,8,-1,-1,-1,-1,-1,-1
2016230085197,3,9,0,4,0,0,0,0,0,0,2,1,2,1,28,6,1596,1,6,2,1,2
2016230085251,1,19,0,5,0,6,0,0,0,0,1,1,1,1,53,8,2287,2,1,6,1,6
2016230085251,2,9,0,18,0,1,0,0,0,0,3,1,2,2,38,7,1388,1,15,1,1,1
2016230085297,1,9,0,18,0,8,1,0,0,0,1,1,6,1,80,11,1798,1,7,7,1,7
2016230085297,2,9,0,18,0,8,1,0,0,0,1,1,6,1,44,7,1995,2,11,1,1,1
2016230085505,1,9,0,5,0,1,0,0,0,0,3,1,5,1,42,7,1998,1,2,10,1,10
2016230085505,2,9,0,18,0,1,0,0,0,0,4,1,3,2,32,6,1988,1,12,5,1,5
2016230085601,1,9,0,7,0,4,0,0,0,0,4,1,5,2,47,8,1995,2,1,10,1,10
2016230085601,2,98,1,18,0,4,0,0,0,0,1,2,1,1,35,6,-1,-1,-1,-1,-1,-1
2016230085681,1,21,0,18,0,0,0,0,0,0,1,2,1,1,42,7,-1,-1,-1,-1,-1,-1
2016230085681,2,9,0,18,0,0,0,0,1,0,2,1,6,2,42,7,1997,2,11,5,1,5
2016230085801,1,19,0,1,9,6,0,0,0,0,2,1,1,1,34,6,1560,2,2,8,1,8
2016230085843,1,9,3,18,0,0,0,0,0,0,2,1,5,2,58,9,1686,2,5,3,3,3
2016230085843,2,9,0,18,0,0,0,0,0,0,1,1,5,1,46,8,602,1,30,9,1,9
2016230085864,1,9,0,18,0,1,1,0,7,11,1,1,5,1,25,5,1229,1,5,8,1,8
2016230085864,2,9,0,2,0,1,0,0,0,0,1,1,5,2,32,6,1390,1,4,10,3,10
2016230085925,1,9,0,18,0,0,0,0,1,11,1,1,2,1,62,9,1596,1,15,4,1,4
2016230085926,1,9,0,18,0,0,0,4,0,0,1,1,6,1,34,6,1968,2,8,4,1,4
2016230085926,2,9,0,1,0,0,0,0,0,0,2,1,5,1,38,7,1968,2,3,9,1,9
2016230085926,3,9,0,1,0,0,0,0,0,0,2,1,5,2,22,5,1596,1,10,1,1,1
2016230085926,4,9,0,1,0,0,0,0,0,0,2,1,5,2,50,8,1596,1,7,3,1,3
2016230085930,1,9,0,18,0,0,1,0,4,0,1,1,6,1,54,8,2996,2,21,-1,-1,-1
2016230085930,2,9,0,18,0,0,1,0,2,0,2,1,6,1,28,6,-1,-1,-1,3,1,3
2016230085983,1,9,0,5,0,0,0,0,6,0,3,1,5,1,73,10,1598,1,9,10,1,10
2016230085983,2,9,0,18,0,0,0,0,6,0,1,1,5,2,29,6,1598,1,14,4,2,4
2016230086047,1,9,0,18,0,0,0,0,0,0,1,1,6,3,30,6,-1,-1,-1,-1,-1,-1
2016230086063,1,9,0,18,0,6,0,0,0,0,1,1,6,1,62,9,1968,2,2,8,3,8
2016230086063,2,1,0,18,0,8,0,0,0,0,2,1,2,1,41,7,-1,-1,-1,9,1,9
2016230086065,1,9,0,18,0,1,0,0,0,0,1,1,1,1,61,9,3199,1,13,6,2,6
2016230086065,2,9,0,10,0,1,0,0,0,0,2,1,1,2,26,6,2148,2,14,3,1,3
2016230086120,1,5,0,17,0,0,0,10,1,0,1,1,5,2,35,6,636,1,1,6,3,6
2016230086135,1,9,0,18,0,0,0,0,1,4,1,1,5,1,28,6,1798,1,15,5,1,5
2016230086155,1,1,0,3,0,1,0,0,0,0,3,1,6,1,74,10,-1,-1,-1,8,1,8
2016230086155,2,20,0,7,0,6,0,0,0,0,4,1,1,1,58,9,4461,2,8,3,1,3
2016230086184,1,9,4,13,0,0,0,0,0,0,0,1,6,1,67,10,2776,2,13,1,2,1
2016230086184,2,1,0,18,0,0,0,10,1,10,1,1,2,2,31,6,-1,-1,-1,6,1,6
2016230086215,1,19,0,18,0,0,0,0,7,0,1,1,1,1,49,8,2198,2,4,7,3,7
2016230086215,2,9,0,18,0,0,0,0,7,0,1,1,6,1,26,6,1796,1,8,6,3,6
2016230086215,3,9,0,18,0,0,0,0,0,0,2,1,6,1,19,4,1197,1,4,7,1,7
2016230086215,4,9,0,9,0,0,0,0,0,0,2,1,6,2,50,8,1796,1,7,3,1,3
2016230086235,1,1,0,18,0,0,0,0,0,0,1,1,6,1,15,3,-1,-1,-1,1,1,1
2016230086235,2,9,0,13,0,0,1,0,7,4,1,1,2,1,60,9,1988,2,10,3,1,3
2016230086235,3,1,0,18,0,0,0,0,0,0,0,1,6,1,16,4,-1,-1,-1,-1,-1,-1
2016230086241,1,9,0,7,0,4,0,0,0,0,3,1,2,2,48,8,-1,-1,-1,5,1,5
2016230086241,2,1,0,18,0,3,0,0,0,0,1,1,2,1,43,7,-1,-1,-1,10,1,10
2016230086310,1,5,0,7,0,8,0,0,0,0,4,1,5,1,58,9,647,1,19,4,1,4
2016230086310,2,9,0,18,0,8,0,0,0,0,1,1,5,1,48,8,1596,1,4,5,1,5
2016230086462,1,21,0,18,0,0,1,0,0,0,1,1,1,1,55,8,12900,2,8,6,1,6
2016230086462,2,9,0,18,0,0,0,0,0,0,2,1,1,1,63,9,-1,-1,-1,4,1,4
2016230086462,3,9,0,18,0,0,0,0,0,0,2,1,1,1,31,6,2143,2,-1,9,2,9
2016230086462,4,19,0,18,0,0,0,0,0,0,2,1,1,1,44,7,2198,2,1,4,1,4
2016230086503,1,9,0,18,0,2,0,0,0,0,1,1,5,2,19,4,1242,1,1,9,1,9
2016230086503,2,9,0,3,0,2,0,0,0,0,2,1,5,2,34,6,1995,2,1,9,1,9
2016230086503,3,9,0,3,0,2,0,0,0,0,2,1,5,2,34,6,1598,2,6,9,1,9
2016230086529,1,9,0,7,0,6,0,0,0,0,3,1,5,1,59,9,-1,-1,-1,7,1,7
2016230086529,2,9,0,18,0,8,0,0,0,0,1,1,5,2,52,8,996,1,3,6,3,6
2016230086577,1,20,0,4,0,4,0,0,0,0,1,1,1,1,54,8,3920,2,5,9,1,9
2016230086577,2,9,0,4,0,4,0,0,0,0,2,1,1,1,73,10,1560,2,1,-1,-1,-1
2016230086607,1,9,0,4,0,0,0,0,0,0,1,1,1,2,25,5,999,1,2,3,1,3
2016230086607,2,9,0,3,0,0,0,0,0,0,2,1,5,2,38,7,1198,1,1,7,1,7
2016230086607,3,9,0,3,0,0,0,0,0,0,2,1,5,2,39,7,1598,1,5,3,1,3
2016230086625,1,9,0,18,0,1,0,0,0,0,1,1,5,1,29,6,3123,1,11,9,1,9
2016230086625,2,9,0,10,0,1,0,0,0,0,2,1,5,1,26,6,1956,2,7,8,3,8
2016230086625,3,9,0,10,0,1,0,0,0,0,2,1,5,1,22,5,999,1,-1,10,1,10
2016230086661,1,9,0,13,0,0,0,0,0,0,3,1,5,1,74,10,1598,1,1,-1,-1,-1
2016230086661,2,1,0,18,0,0,0,0,0,0,3,1,5,1,45,7,-1,-1,-1,5,1,5
2016230086683,1,9,0,18,0,2,0,0,7,4,1,1,2,1,37,7,1398,2,14,3,1,3
2016230086719,1,3,0,18,0,8,0,0,0,0,3,1,6,1,19,4,124,1,2,5,1,5
2016230086741,1,9,0,4,0,1,0,0,0,0,0,1,6,3,45,7,-1,-1,-1,-1,-1,-1
2016230086741,2,9,0,18,0,1,0,0,0,0,1,1,6,2,26,6,-1,-1,-1,-1,-1,-1
2016230086741,3,9,0,18,0,1,0,0,0,0,2,1,6,1,32,6,-1,-1,-1,-1,-1,-1
2016230086747,1,3,0,18,0,1,0,0,7,0,1,1,2,1,35,6,125,1,1,2,1,2
2016230086747,2,9,0,9,0,1,0,0,0,0,2,1,6,2,28,6,1910,2,9,5,2,5
2016230086793,1,19,0,5,0,7,0,0,0,0,1,1,6,1,36,7,2143,2,2,2,1,2
2016230086793,2,1,0,18,0,1,0,0,0,0,4,1,6,1,69,10,-1,-1,-1,8,3,8
2016230086799,1,9,0,18,0,0,0,0,0,0,3,1,6,2,70,10,1598,1,10,9,1,9
2016230086799,2,19,0,18,0,0,0,0,0,0,3,1,2,1,44,7,2198,2,1,5,1,5
2016230086801,1,9,0,3,0,0,0,0,0,0,2,1,5,1,35,6,1796,1,9,1,1,1
2016230086801,2,1,0,18,0,0,0,0,0,0,1,1,6,1,34,6,-1,-1,-1,-1,-1,-1
2016230086808,1,9,0,17,0,0,1,0,8,4,1,1,2,2,43,7,2171,1,15,9,1,9
2016230086813,1,9,0,9,0,6,0,0,0,0,3,1,6,2,22,5,1368,1,8,8,2,8
2016230086813,2,9,0,18,0,1,0,0,0,0,1,1,6,2,22,5,1390,1,15,8,1,8
2016230086837,1,9,0,16,0,0,0,0,0,0,1,1,2,2,19,4,1598,2,2,10,1,10
2016230086837,2,9,0,18,0,0,0,0,0,0,1,1,2,2,23,5,998,1,2,8,2,8
2016230086915,1,9,0,5,0,6,0,0,0,0,1,1,5,1,27,6,1299,1,14,10,1,10
2016230086915,2,9,0,18,0,8,0,0,0,0,1,1,2,1,24,5,2231,2,8,3,1,3
2016230086939,1,9,0,7,0,5,0,0,0,0,4,1,6,1,50,8,2967,1,12,3,2,3
2016230086939,2,3,0,18,0,8,0,0,0,0,1,1,5,1,19,4,125,1,1,8,1,8
2016230086974,1,9,0,18,0,0,1,10,1,0,1,1,5,2,72,10,1388,1,8,7,1,7
2016230086993,1,9,0,7,0,2,0,10,1,1,1,1,5,1,17,4,1588,1,15,10,2,10
2016230086998,1,1,0,18,9,8,0,0,0,0,1,1,5,2,50,8,-1,-1,-1,-1,-1,-1
2016230086998,2,9,0,5,9,6,0,0,0,0,4,1,2,1,34,6,1560,2,10,1,1,1
2016230087068,1,9,0,6,0,0,0,0,0,0,3,1,2,1,43,7,1560,2,2,-1,-1,-1
2016230087068,2,5,0,14,0,0,0,0,0,0,1,1,2,1,48,8,-1,-1,-1,7,3,7
2016230087070,1,9,0,7,0,0,0,0,0,0,1,1,6,1,25,5,2993,2,3,-1,-1,-1
2016230087070,2,5,0,18,0,0,0,0,0,0,1,1,6,1,63,9,1649,1,3,10,2,10
2016230087070,3,9,0,2,0,0,0,0,0,0,2,1,6,2,20,4,-1,-1,-1,5,1,5
2016230087109,1,9,0,3,0,0,0,0,0,0,2,1,5,1,77,11,1242,1,6,6,2,6
2016230087109,2,9,0,4,0,0,0,0,0,0,1,1,6,1,33,6,1796,1,8,7,1,7
2016230087125,1,9,0,9,0,6,0,0,0,0,3,1,5,2,64,9,1242,1,3,9,2,9
2016230087125,2,3,0,18,0,8,0,0,0,0,1,1,1,1,20,4,125,1,1,9,2,9
2016230087134,1,9,0,5,0,2,0,0,0,0,1,1,6,1,66,10,2597,1,16,6,1,6
2016230087134,2,5,0,18,0,1,0,0,0,0,1,1,6,1,25,5,849,1,7,5,1,5
2016230087160,1,9,0,16,0,0,1,0,1,0,3,1,5,1,28,6,-1,-1,-1,6,3,6
2016230087160,2,9,0,18,0,0,1,0,0,0,1,1,2,1,35,6,1910,2,10,4,1,4
2016230087211,1,9,0,5,0,6,0,0,0,0,1,1,5,1,20,4,1596,1,11,4,1,4
2016230087211,2,2,0,18,0,1,0,0,0,0,1,1,5,2,18,4,49,1,6,10,1,10
2016230087219,1,9,0,18,0,0,1,0,1,4,1,1,6,1,27,6,1461,2,5,2,1,2
2016230087219,2,9,0,18,0,0,0,0,0,0,4,1,6,2,34,6,1388,1,11,4,1,4
2016230087225,1,3,0,18,0,4,0,0,0,0,1,1,6,1,67,10,125,1,2,9,1,9
2016230087237,1,9,0,18,0,0,0,0,0,0,1,1,2,1,32,6,2993,2,13,3,1,3
2016230087237,2,9,0,18,0,0,0,0,0,0,2,1,2,1,48,8,1896,2,9,1,1,1
2016230087243,1,9,0,17,0,0,1,0,1,10,1,1,5,1,17,4,1390,1,3,9,3,9
2016230087254,1,9,0,18,0,0,5,0,1,0,1,1,6,2,30,6,2300,1,17,10,2,10
2016230087309,1,98,0,18,0,1,0,0,0,0,1,1,6,2,37,7,-1,-1,-1,7,2,7
2016230087309,2,9,0,9,0,6,0,0,0,0,4,1,6,2,40,7,-1,-1,-1,4,1,4
2016230087351,1,9,0,9,0,1,0,0,0,0,1,1,6,1,26,6,1988,1,12,7,3,7
2016230087351,2,9,0,18,0,1,0,0,0,0,1,1,6,2,50,8,1796,1,3,9,1,9
2016230087385,1,9,0,18,0,0,0,0,0,0,3,1,5,1,29,6,1896,2,20,8,1,8
2016230087385,2,9,0,18,0,0,0,0,0,0,1,1,5,2,25,5,1587,1,12,2,1,2
2016230087434,1,9,0,17,0,0,5,10,7,0,3,1,6,2,20,4,1229,1,5,8,3,8
2016230087493,1,9,0,13,0,0,1,10,2,0,1,1,5,1,33,6,1598,1,11,-1,-1,-1
2016230087493,2,98,1,18,0,0,0,0,0,0,2,1,1,1,24,5,-1,-1,-1,-1,-1,-1
2016230087494,1,9,0,18,0,0,0,0,0,0,1,1,2,2,27,6,1339,1,14,5,1,5
2016230087494,2,9,0,4,0,0,0,0,0,0,2,1,2,1,29,6,1968,2,10,1,1,1
2016230087494,3,9,0,3,0,0,0,0,0,0,2,1,1,2,33,6,1995,2,3,9,1,9
2016230087501,1,9,0,18,0,0,2,0,7,9,1,1,5,1,47,8,1422,2,8,8,3,8
2016230087539,1,9,0,13,0,8,0,0,0,0,1,1,5,2,52,8,1968,2,3,6,3,6
2016230087539,2,9,0,9,0,5,0,0,0,0,3,1,5,2,18,4,1242,1,15,6,2,6
2016230087604,1,19,0,5,0,1,0,0,0,0,1,1,1,1,64,9,2461,2,7,7,3,7
2016230087604,2,9,0,4,0,1,0,0,0,0,2,1,2,1,48,8,1368,1,7,9,1,9
2016230087677,1,9,0,16,0,0,0,0,0,0,1,1,6,1,19,4,1299,1,15,3,1,3
2016230087677,2,9,0,18,0,0,0,0,0,0,1,1,6,1,51,8,2179,2,4,8,1,8
2016230087732,1,9,0,5,0,6,1,0,0,0,1,1,6,2,27,6,1388,1,6,6,2,6
2016230087732,2,9,0,18,0,8,0,0,0,0,4,1,6,1,77,11,1995,2,8,7,2,7
2016230087877,1,9,0,9,0,6,0,0,0,0,1,1,5,1,30,6,1970,1,12,7,3,7
2016230087877,2,2,0,18,0,8,0,0,0,0,1,1,5,1,33,6,49,1,2,6,1,6