Accident_Index,Vehicle_Reference,Vehicle_Type,Towing_and_Articulation,Vehicle_Manoeuvre,Vehicle_Location-Restricted_Lane,Junction_Location,Skidding_and_Overturning,Hit_Object_in_Carriageway,Vehicle_Leaving_Carriageway,Hit_Object_off_Carriageway,1st_Point_of_Impact,Was_Vehicle_Left_Hand_Drive?,Journey_Purpose_of_Driver,Sex_of_Driver,Age_of_Driver,Age_Band_of_Driver,Engine_Capacity_(CC),Propulsion_Code,Age_of_Vehicle,Driver_IMD_Decile,Driver_Home_Area_Type,Vehicle_IMD_Decile
2016230087903,1,9,0,4,0,0,0,0,0,0,1,1,5,2,32,6,1364,1,7,7,1,7
2016230087903,2,19,0,1,0,0,0,0,0,0,2,1,5,1,37,7,2300,2,10,1,1,1
2016230087921,1,3,0,17,0,1,1,0,0,0,1,1,5,1,21,5,124,1,14,3,1,3
2016230087948,1,3,0,13,0,0,0,0,0,0,4,1,5,1,17,4,124,1,6,-1,-1,-1
2016230088124,1,9,0,18,0,6,0,0,0,0,1,1,6,2,34,6,1596,1,14,5,1,5
2016230088124,2,9,0,18,0,8,0,0,0,0,1,1,5,1,69,10,1598,1,10,4,1,4
2016230088169,1,9,0,18,0,0,0,4,1,0,1,1,6,1,26,6,1896,2,7,7,1,7
2016230088169,2,9,0,2,0,0,0,0,0,0,3,1,6,1,26,6,999,1,1,8,1,8
2016230088169,3,9,0,2,0,0,0,0,0,0,1,1,6,1,52,8,-1,-1,-1,8,1,8
2016230088178,1,5,0,17,0,0,1,0,7,9,1,1,5,1,19,4,738,1,16,6,1,6
2016230088303,1,9,0,16,0,0,2,0,7,11,1,1,5,2,26,6,998,1,5,3,1,3
2016230088318,1,98,0,9,0,6,0,0,0,0,1,2,5,1,20,4,-1,-1,-1,-1,-1,-1
2016230088318,2,9,0,18,0,8,0,0,0,0,4,1,5,1,64,9,1560,2,1,7,1,7
2016230088330,1,9,0,15,0,8,0,0,1,9,1,1,5,1,60,9,1997,2,11,5,2,5
2016230088330,2,9,0,10,0,8,0,0,0,0,2,1,5,2,54,8,1299,1,16,-1,-1,-1
2016230088335,1,9,0,9,0,5,0,0,0,0,1,1,2,1,43,7,1388,1,9,4,1,4
2016230088335,2,9,0,17,0,8,0,0,0,0,1,1,2,1,46,8,1598,2,3,7,3,7
2016230088346,1,9,0,16,0,0,2,0,1,2,1,1,2,1,32,6,1596,1,11,5,1,5
2016230088355,1,9,0,17,0,0,1,0,1,10,1,1,2,1,33,6,1598,1,7,5,1,5
2016230088366,1,98,0,18,0,1,0,0,0,0,1,1,1,1,46,8,-1,-1,-1,-1,-1,-1
2016230088366,2,9,0,18,0,1,0,0,0,0,2,1,6,1,40,7,1995,2,-1,6,1,6
2016230088406,1,9,0,13,0,0,1,0,1,4,1,1,5,1,23,5,1388,1,13,8,1,8
2016230088413,1,9,0,16,0,0,0,0,0,0,1,1,5,2,68,10,1968,2,6,6,3,6
2016230088413,2,9,0,3,0,0,0,0,0,0,2,1,3,2,36,7,1598,2,1,7,3,7
2016230088432,1,9,0,7,0,3,0,0,1,4,1,1,5,1,34,6,900,1,12,7,1,7
2016230088478,1,9,0,18,0,3,2,0,0,0,1,1,2,1,21,5,1781,1,16,2,1,2
2016230088478,2,98,4,18,0,1,0,0,0,0,1,1,1,1,48,8,-1,-1,-1,9,2,9
2016230088522,1,9,0,5,0,1,0,0,0,0,1,1,6,2,-1,-1,1461,2,5,-1,-1,-1
2016230088522,2,1,0,18,0,1,0,0,0,0,3,1,6,1,47,8,-1,-1,-1,9,2,9
2016230088524,1,9,0,18,0,0,5,4,0,0,1,1,5,1,43,7,4197,1,10,3,1,3
2016230088524,2,9,0,2,0,0,0,0,1,4,3,1,6,1,30,6,1368,1,10,-1,-1,-1
2016230088524,3,9,0,2,0,0,0,0,0,0,3,1,6,2,40,7,-1,-1,-1,-1,-1,-1
2016230088535,1,9,0,16,0,0,1,0,0,0,1,1,5,1,17,4,1389,1,19,5,1,5
2016230088535,2,9,0,17,0,0,0,0,0,0,3,1,5,1,32,6,1956,2,5,8,1,8
2016230088552,1,3,0,17,0,0,1,0,0,0,4,1,5,2,25,5,124,1,2,-1,-1,-1
2016230088563,1,9,0,9,0,5,0,0,0,0,1,1,5,2,38,7,1560,2,5,6,2,6
2016230088563,2,9,0,18,0,1,0,0,1,0,1,1,5,2,64,9,998,1,1,6,1,6
2016230088567,1,9,0,9,0,5,0,0,0,0,4,1,2,1,57,9,-1,-1,-1,7,1,7
2016230088567,2,1,0,18,4,1,0,0,0,0,1,1,2,1,39,7,-1,-1,-1,4,1,4
2016230088721,1,9,0,9,0,6,0,0,0,0,1,1,5,1,76,11,-1,-1,-1,9,2,9
2016230088721,2,9,0,18,0,8,0,0,7,11,1,1,5,2,47,8,1396,2,3,6,3,6
2016230088772,1,9,0,5,0,6,0,0,0,0,4,1,5,1,86,11,1339,1,10,8,1,8
2016230088772,2,9,0,18,0,8,0,0,0,0,1,1,5,2,61,9,1560,2,1,6,1,6
2016230088814,1,9,0,16,0,0,0,0,7,10,1,1,5,1,38,7,1896,2,14,-1,-1,-1
2016230088814,2,19,0,17,0,0,0,0,1,10,1,1,1,1,51,8,1968,2,1,7,3,7
2016230088868,1,21,1,11,0,1,0,0,0,0,1,1,1,1,48,8,12900,2,9,-1,-1,-1
2016230088868,2,19,0,18,0,1,0,0,6,6,3,1,6,1,47,8,1686,2,10,6,2,6
2016230088887,1,19,0,5,0,6,0,0,0,0,1,1,1,1,44,7,2198,2,4,8,1,8
2016230088887,2,19,0,18,0,8,0,0,0,0,3,1,5,1,33,6,-1,-1,-1,-1,-1,-1
2016230089005,1,9,0,12,0,2,5,0,0,0,3,1,5,1,36,7,1598,1,8,1,1,1
2016230089005,2,9,0,18,0,2,5,0,0,0,1,1,5,1,34,6,2597,1,14,-1,-1,-1
2016230089018,1,9,0,13,0,0,0,0,0,0,0,1,6,1,32,6,1997,2,10,5,1,5
2016230089018,2,9,0,18,0,0,1,0,0,0,2,1,6,1,55,8,1997,2,9,7,1,7
2016230089018,3,9,0,18,0,0,1,0,0,0,2,1,6,2,41,7,2497,2,10,3,2,3
2016230089018,4,9,0,18,0,0,1,0,0,0,1,1,6,1,63,9,1896,2,13,-1,-1,-1
2016230089076,1,9,0,18,0,0,0,0,0,0,4,1,2,1,23,5,998,1,2,6,3,6
2016230089121,1,9,0,18,0,4,0,9,0,0,1,1,6,1,49,8,3999,1,4,1,1,1
2016230089137,1,98,1,18,0,0,0,0,0,0,1,1,1,1,35,6,-1,-1,-1,-1,-1,-1
2016230089137,2,21,1,18,0,0,0,0,0,0,2,1,1,1,52,8,11705,2,3,3,3,3
2016230089187,1,9,0,18,0,0,0,0,0,0,3,1,5,1,28,6,1968,2,4,9,2,9
2016230089187,2,9,0,18,0,0,0,0,0,0,3,1,5,1,35,6,1396,1,16,1,1,1
2016230089197,1,9,0,18,0,0,1,0,7,4,1,1,6,2,37,7,1970,6,16,7,1,7
2016230089231,1,9,0,18,0,0,0,0,1,7,1,1,6,1,29,6,1560,2,5,8,2,8
2016230089231,2,9,0,18,0,0,0,0,0,0,2,1,6,1,79,11,1968,2,2,-1,3,-1
2016230089258,1,21,1,18,0,0,0,0,0,0,1,1,1,1,46,8,12902,2,3,8,1,8
2016230089258,2,90,0,4,0,0,0,0,0,0,2,1,1,1,64,9,-1,-1,-1,1,1,1
2016230089272,1,9,0,11,0,1,0,0,0,0,0,1,6,2,58,9,1242,1,6,5,1,5
2016230089272,2,2,0,18,0,1,1,0,0,0,0,1,6,2,34,6,50,1,-1,10,1,10
2016230089287,1,9,0,18,0,0,1,0,0,0,4,1,2,1,30,6,1986,2,9,4,3,4
2016230089287,2,9,0,18,0,0,1,0,7,11,3,1,5,1,33,6,1997,2,7,-1,-1,-1
2016230089296,1,9,0,1,9,6,0,0,0,0,2,1,6,1,22,5,-1,-1,-1,8,1,8
2016230089296,2,1,0,18,9,8,0,0,0,0,4,1,4,1,14,3,-1,-1,-1,5,1,5
2016230089363,1,9,4,13,0,0,0,0,0,0,4,1,6,1,31,6,2495,2,11,7,3,7
2016230089363,2,1,0,18,0,0,0,0,0,0,3,1,5,1,52,8,-1,-1,-1,-1,-1,-1
2016230089414,1,9,0,17,0,0,1,0,8,10,3,1,5,1,40,7,1997,2,14,3,1,3
2016230089414,2,9,0,16,0,0,0,0,0,0,0,1,6,3,34,6,-1,-1,-1,-1,-1,-1
2016230089423,1,3,0,18,0,0,1,0,0,0,1,1,5,2,17,4,124,1,-1,5,2,5
2016230089453,1,9,0,18,0,0,1,10,7,9,1,1,2,1,23,5,1796,1,11,3,1,3
2016230089506,1,9,0,13,0,1,0,0,0,0,4,1,6,3,34,6,1329,1,5,-1,-1,-1
2016230089506,2,1,0,4,0,1,0,0,0,0,1,1,5,1,59,9,-1,-1,-1,5,1,5
2016230089525,1,9,0,18,0,8,0,0,0,0,1,1,5,1,23,5,1997,2,1,6,3,6
2016230089525,2,9,0,3,0,8,0,0,0,0,2,1,5,1,51,8,2199,2,2,9,1,9
2016230089525,3,9,0,10,0,8,0,0,0,0,2,1,5,1,39,7,1686,2,3,5,1,5
2016230089599,1,9,0,9,0,6,0,0,0,0,1,1,5,1,84,11,-1,-1,-1,8,1,8
2016230089599,2,9,0,18,0,8,0,0,0,0,1,1,5,2,67,10,1968,2,1,10,1,10
2016230089725,1,9,0,18,0,0,0,4,0,0,1,1,5,1,27,6,1124,1,15,5,1,5
2016230089725,2,9,0,2,0,0,0,0,0,0,1,1,5,1,56,9,2435,1,12,-1,-1,-1
2016230089749,1,9,0,5,0,4,0,0,0,0,1,1,6,2,22,5,1200,1,1,7,3,7
2016230089749,2,9,0,5,0,4,0,0,0,0,2,1,1,2,28,6,998,1,11,10,2,10
2016230089787,1,9,0,14,0,2,0,4,0,0,4,1,5,1,85,11,1896,2,10,10,1,10
2016230089787,2,9,0,2,0,2,0,0,0,0,3,1,5,2,43,7,1493,1,19,2,1,2
2016230089806,1,9,0,1,0,0,0,0,0,0,4,1,6,2,45,7,1390,1,3,9,1,9
2016230089826,1,9,0,18,0,8,0,0,0,0,1,1,5,1,23,5,1422,2,-1,1,1,1
2016230089826,2,9,0,9,0,6,0,0,0,0,3,1,1,2,57,9,998,1,2,4,1,4
2016230089839,1,19,0,5,0,4,0,0,0,0,1,1,1,1,43,7,2461,2,5,3,1,3
2016230089943,1,9,0,9,0,5,0,0,0,0,1,1,6,2,88,11,1360,1,13,-1,-1,-1
2016230089943,2,9,0,18,0,2,0,0,0,0,1,1,6,2,31,6,2204,2,6,7,3,7
2016230089943,3,9,0,5,0,2,0,0,0,0,0,1,6,1,61,9,2902,2,12,6,3,6
2016230090148,1,9,0,18,0,8,0,0,0,0,1,1,3,2,25,5,1389,1,14,4,1,4
2016230090148,2,19,0,7,0,5,0,0,1,11,2,1,1,1,29,6,1560,2,4,6,1,6
2016230090165,1,9,0,9,0,8,5,0,7,0,3,1,5,1,40,7,1997,2,6,1,1,1
2016230090165,2,9,0,18,0,8,1,0,0,0,1,1,5,1,36,7,1598,2,2,10,2,10
2016230090229,1,9,0,18,0,0,0,8,0,0,4,1,6,3,34,6,-1,-1,-1,-1,-1,-1
2016230090229,2,9,0,2,0,0,0,0,0,0,4,1,5,2,27,6,1149,1,14,1,1,1
2016230090286,1,3,0,17,0,1,1,10,0,0,4,1,5,1,17,4,125,1,-1,10,2,10
2016230090294,1,9,0,15,0,8,0,0,0,0,3,1,1,1,22,5,1781,1,18,7,1,7
2016230090294,2,1,0,5,0,5,0,0,0,0,1,1,5,1,17,4,-1,-1,-1,5,2,5
2016230090308,1,9,0,7,0,6,0,0,0,0,1,1,5,1,28,6,-1,-1,-1,5,1,5
2016230090308,2,9,0,18,0,8,0,0,0,0,3,1,5,2,32,6,1956,2,2,8,1,8
2016230090313,1,9,0,7,0,3,0,0,0,0,1,1,2,1,53,8,1998,1,14,10,3,10
2016230090313,2,1,0,18,0,3,0,0,0,0,2,1,5,1,19,4,-1,-1,-1,9,2,9
2016230090334,1,9,0,8,0,1,0,0,0,0,3,1,5,2,34,6,1999,1,13,6,1,6
2016230090334,2,1,0,18,0,1,0,0,0,0,1,1,5,1,16,4,-1,-1,-1,-1,-1,-1
2016230090435,1,9,0,18,0,4,0,0,0,0,1,1,6,2,25,5,-1,-1,-1,-1,-1,-1
2016230090435,2,9,0,4,0,1,0,0,0,0,2,1,2,2,55,8,998,1,16,7,1,7
2016230090440,1,9,0,5,0,0,0,0,0,0,4,1,2,2,56,9,1461,2,6,10,1,10
2016230090637,1,9,0,9,0,5,0,0,0,0,0,1,5,1,25,5,1198,1,5,10,1,10
2016230090637,2,9,0,18,0,8,1,10,1,11,1,1,5,1,19,4,1199,1,12,5,1,5
2016230090682,1,1,0,18,0,0,0,0,0,0,1,1,5,2,33,6,-1,-1,-1,6,1,6
2016230090690,1,9,0,13,0,0,0,0,0,0,4,1,2,1,20,4,1368,1,9,1,1,1
2016230090690,2,21,1,18,0,0,0,0,0,0,3,1,1,1,42,7,10518,2,5,8,1,8
2016230090699,1,20,0,18,0,1,0,0,0,0,0,1,1,2,28,6,2143,2,5,3,1,3
2016230090699,2,9,0,4,0,1,0,0,0,0,1,1,6,1,37,7,1997,2,7,1,1,1
2016230090699,3,9,0,4,0,1,0,0,0,0,2,1,6,1,48,8,998,1,12,4,1,4
2016230090758,1,9,0,18,0,0,0,0,0,0,4,1,5,2,50,8,998,1,1,8,1,8
2016230090790,1,9,0,18,0,0,0,0,0,0,1,1,6,2,19,4,998,1,1,10,3,10
2016230090790,2,9,0,10,0,0,0,0,0,0,2,1,6,2,20,4,999,1,1,7,1,7
2016230090829,1,9,0,7,0,1,0,0,0,0,4,1,6,1,40,7,1598,1,3,-1,-1,-1
2016230090829,2,1,0,5,5,1,0,0,0,0,3,1,2,1,24,5,-1,-1,-1,5,1,5
2016230090843,1,9,0,7,0,1,1,4,3,11,3,1,2,1,36,7,1984,1,14,6,2,6
2016230090843,2,9,0,2,0,1,0,0,0,0,3,1,5,2,27,6,1242,1,10,8,1,8
2016230090843,3,9,0,2,0,1,0,0,0,0,1,1,5,1,56,9,1896,2,10,8,1,8
2016230090974,1,9,0,13,0,2,2,0,6,6,1,1,6,1,21,5,1360,1,15,10,1,10
2016230090975,1,9,0,17,0,1,0,0,7,4,1,1,2,2,56,9,1598,1,9,5,2,5
2016230091248,1,9,0,4,0,0,0,0,0,0,2,1,5,1,43,7,-1,-1,-1,-1,-1,-1
2016230091248,2,9,0,16,0,0,0,0,0,0,1,1,5,2,26,6,2000,2,11,5,1,5
2016230091389,1,9,0,18,0,0,0,0,0,0,1,1,5,1,31,6,1299,1,14,1,1,1
2016230091389,2,9,0,18,0,0,0,0,0,0,2,1,5,1,23,5,-1,-1,-1,8,1,8
2016230091389,3,9,0,18,0,0,0,0,0,0,0,1,5,3,40,7,-1,-1,-1,-1,-1,-1
2016230091404,1,3,0,13,0,8,0,0,0,0,1,1,2,1,19,4,124,1,5,-1,-1,-1
2016230091404,2,98,0,9,0,5,0,0,0,0,2,1,6,3,34,6,-1,-1,-1,-1,-1,-1
2016230091406,1,9,0,18,0,4,0,0,0,0,1,1,5,2,77,11,1560,2,1,4,1,4
2016230091406,2,9,0,18,0,3,0,0,0,0,4,1,5,1,57,9,1200,1,3,4,1,4
2016230091555,1,9,0,18,0,8,0,0,0,0,1,1,5,2,68,10,1364,2,11,4,2,4
2016230091555,2,9,0,9,0,6,0,0,0,0,1,1,5,1,55,8,1988,2,12,5,1,5
2016230091604,1,9,0,5,0,0,0,0,0,0,2,1,5,1,45,7,1968,2,3,10,3,10
2016230091604,2,4,0,13,0,0,1,0,0,0,1,1,5,1,68,10,296,1,1,7,1,7
2016230091629,1,9,0,18,0,6,0,0,0,0,4,1,5,1,57,9,1956,2,5,5,3,5
2016230091629,2,19,0,5,0,4,0,0,0,0,1,1,5,1,47,8,1996,2,2,5,1,5
2016230091681,1,9,0,18,0,4,0,0,0,0,1,1,6,1,49,8,1364,1,10,4,1,4
2016230091681,2,9,0,18,0,4,0,0,0,0,2,1,6,3,30,6,-1,-1,-1,-1,-1,-1
2016230091681,3,19,0,18,0,4,0,0,0,0,1,1,6,2,25,5,2198,2,1,8,1,8
2016230091777,1,9,0,5,0,4,0,0,0,0,1,1,5,1,-1,-1,1149,1,11,-1,-1,-1
2016230091777,2,9,0,5,0,4,0,0,0,0,2,1,5,2,29,6,1596,1,15,8,2,8
2016230091828,1,9,0,7,4,5,0,0,0,0,4,1,6,2,34,6,1998,1,-1,8,2,8
2016230091828,2,1,0,18,4,8,0,0,0,0,3,1,2,1,33,6,-1,-1,-1,3,1,3
2016230091879,1,9,0,9,0,5,0,0,0,0,1,1,5,1,27,6,1896,2,15,4,1,4
2016230091879,2,9,0,17,0,8,0,0,0,0,3,1,5,2,20,4,1390,1,6,9,1,9
2016230091958,1,9,0,9,0,6,0,0,0,0,1,1,6,2,66,10,1994,1,12,5,3,5
2016230091958,2,1,0,18,0,1,0,0,0,0,4,1,6,1,28,6,-1,-1,-1,3,1,3
2016230092021,1,9,0,4,0,0,1,0,0,0,1,1,5,1,39,7,1995,2,8,-1,-1,-1
2016230092021,2,98,1,18,0,0,1,0,1,10,1,1,1,1,47,8,-1,-1,-1,-1,-1,-1
2016230092123,1,9,0,3,0,1,0,0,0,0,4,1,2,1,18,4,1242,1,4,9,1,9
2016230092123,2,1,0,18,5,6,0,0,0,0,1,1,6,1,79,11,-1,-1,-1,10,1,10
2016230092141,1,9,0,18,0,8,0,0,0,0,3,1,5,2,50,8,1596,1,-1,8,2,8
2016230092141,2,9,0,18,0,8,0,0,0,0,3,1,5,1,30,6,2143,2,1,5,1,5
2016230092176,1,9,0,5,0,6,0,0,0,0,4,1,6,3,34,6,-1,-1,-1,-1,-1,-1
2016230092176,2,1,0,18,0,8,0,0,0,0,1,1,2,1,25,5,-1,-1,-1,10,1,10
2016230092189,1,9,0,18,0,4,0,0,0,0,1,1,5,1,51,8,2000,2,11,1,1,1
2016230092189,2,9,0,18,0,8,0,0,0,0,1,1,2,1,36,7,1560,2,4,10,1,10
2016230092196,1,9,0,4,0,0,0,0,0,0,1,1,5,2,49,8,1995,2,5,-1,-1,-1
2016230092196,2,9,0,3,0,0,0,0,0,0,2,1,5,1,25,5,1968,2,7,7,3,7
2016230092196,3,9,0,3,0,0,0,0,0,0,3,1,5,1,53,8,1997,2,6,6,1,6
2016230092196,4,9,0,3,0,0,0,0,0,0,4,1,5,1,23,5,1398,1,4,2,1,2
2016230092390,1,9,0,18,0,1,0,0,0,0,1,1,5,1,24,5,1360,1,6,7,3,7
2016230092390,2,9,0,9,0,6,0,0,0,0,3,1,5,1,42,7,1910,2,8,4,1,4
2016230092568,1,9,0,18,0,0,2,4,0,0,1,1,5,1,23,5,998,1,1,4,2,4
2016230092568,2,9,0,2,0,0,0,0,0,0,1,1,5,1,52,8,1910,2,10,-1,-1,-1
2016230092568,3,9,0,2,0,0,0,0,0,0,1,1,6,3,34,6,1398,1,1,-1,-1,-1
2016230092632,1,1,0,18,0,1,0,0,0,0,1,1,6,1,70,10,-1,-1,-1,8,1,8
2016230092632,2,9,0,3,0,1,0,0,0,0,2,1,6,2,22,5,1349,1,4,8,3,8
2016230092651,1,9,0,5,8,0,0,10,2,2,1,1,5,2,43,7,1389,1,13,-1,-1,-1
2016230092678,1,9,0,9,0,5,0,0,0,0,1,1,5,1,25,5,998,1,2,7,3,7
2016230092678,2,9,0,18,0,8,0,0,0,0,1,1,5,2,20,4,1242,1,13,5,2,5
2016230092738,1,9,0,17,0,0,5,0,8,10,1,1,5,1,23,5,1124,1,12,9,1,9
2016230092755,1,9,0,18,0,0,0,0,0,0,4,1,5,1,33,6,2000,2,10,10,1,10
2016230092755,2,1,0,18,0,0,0,0,0,0,3,1,5,1,9,2,-1,-1,-1,2,1,2
2016230092932,1,5,0,16,0,0,1,0,7,4,1,1,5,1,26,6,1125,1,7,6,2,6
2016230092976,1,9,0,1,9,2,0,0,0,0,2,1,5,1,23,5,1598,1,11,4,1,4
2016230093256,1,9,0,18,0,4,0,7,0,0,1,1,5,1,58,9,1968,2,2,10,2,10
2016230093285,1,19,0,17,0,0,2,0,0,0,1,1,1,1,54,8,1998,2,12,7,1,7
2016230093285,2,9,0,18,0,0,0,0,0,0,1,1,2,1,46,8,1968,2,7,2,1,2
2016230093286,1,9,0,3,0,1,0,0,0,0,0,1,6,1,61,9,2143,2,2,5,1,5
2016230093286,2,1,0,15,0,1,0,10,0,0,1,1,6,1,46,8,-1,-1,-1,6,1,6
2016230093310,1,9,0,4,0,0,0,0,0,0,1,1,2,1,25,5,1598,1,5,6,1,6
2016230093310,2,9,0,4,0,0,0,0,0,0,2,1,2,1,23,5,1198,1,9,6,1,6
2016230093310,3,9,0,4,0,0,0,0,0,0,2,1,5,1,45,7,1968,2,2,8,1,8
2016230093719,1,9,0,18,0,0,0,0,7,3,1,1,6,1,23,5,1598,1,13,6,2,6
2016230093729,1,5,0,17,0,0,1,0,0,0,1,1,5,1,55,8,1299,1,12,-1,-1,-1
2016230093729,2,9,0,4,0,0,0,0,0,0,2,1,5,2,57,9,998,1,2,-1,-1,-1
2016230093737,1,9,0,18,0,1,0,0,0,0,0,1,1,1,34,6,-1,-1,-1,-1,-1,-1
2016230093737,2,9,0,7,0,7,1,0,0,0,1,1,5,1,22,5,1798,1,13,-1,-1,-1
2016230093737,3,9,0,18,0,1,1,0,0,0,1,1,2,1,35,6,1560,2,2,10,1,10
2016230093740,1,9,0,18,0,1,0,0,0,0,1,1,5,1,74,10,-1,-1,-1,-1,-1,-1
2016230093755,1,9,0,10,0,8,0,0,0,0,2,1,5,1,43,7,1499,2,-1,5,1,5
2016230093755,2,9,0,18,0,8,0,0,0,0,1,1,2,1,44,7,2967,2,-1,8,1,8
2016230093898,1,17,4,18,0,0,0,0,0,0,0,1,1,1,30,6,-1,-1,-1,6,3,6
2016230093898,2,9,0,18,0,0,0,11,0,0,1,1,5,2,49,8,1997,2,5,10,1,10
2016230093943,1,9,0,18,0,0,1,0,0,0,1,1,1,1,44,7,1796,1,12,7,3,7
2016230093943,2,9,0,3,0,0,0,0,0,0,2,1,5,2,68,10,1240,1,8,9,1,9
2016230093943,3,9,0,3,0,0,0,0,0,0,2,1,5,2,36,7,2401,2,10,10,1,10
2016230093943,4,9,0,9,7,0,0,0,0,0,0,1,5,1,40,7,996,1,2,8,1,8
2016230093982,1,9,4,18,0,1,0,0,0,0,4,1,6,3,40,7,-1,-1,-1,-1,-1,-1
2016230094100,1,9,0,18,0,0,1,0,0,0,1,1,5,1,49,8,1598,1,15,5,1,5
2016230094100,2,21,1,4,0,0,0,0,0,0,2,1,1,1,34,6,10518,2,10,1,1,1
2016230094131,1,9,0,14,0,0,0,0,0,0,4,1,6,3,35,6,-1,-1,-1,-1,-1,-1
2016230094131,2,1,0,18,0,0,1,0,0,0,3,1,6,1,45,7,-1,-1,-1,5,1,5
2016230094162,1,3,0,17,0,2,0,0,1,0,1,1,5,1,50,8,124,1,29,8,3,8
2016230094506,1,9,0,9,0,6,0,0,0,0,3,1,6,2,52,8,-1,-1,-1,-1,-1,-1
2016230094506,2,9,0,18,0,8,0,0,0,0,1,1,5,2,19,4,1124,1,9,3,1,3
2016230094526,1,9,0,9,0,6,0,0,0,0,1,1,6,3,-1,-1,-1,-1,-1,-1,-1,-1
2016230094526,2,9,0,18,0,8,0,0,0,0,4,1,5,2,74,10,1360,1,6,9,1,9
2016230094546,1,9,0,18,0,0,0,0,7,11,1,1,5,2,56,9,1995,2,9,7,1,7
2016230094599,1,9,0,18,0,8,1,0,0,0,1,1,5,1,37,7,2401,2,14,4,1,4
2016230094599,2,9,0,9,0,5,0,0,0,0,4,1,1,1,40,7,2191,2,1,2,1,2
2016230094676,1,9,0,1,0,6,0,4,0,0,2,1,5,2,63,9,1199,1,13,2,1,2
2016230094676,2,9,0,2,0,8,0,0,0,0,3,1,5,2,47,8,1242,1,-1,8,1,8
2016230094764,1,98,0,5,0,6,0,0,0,0,1,1,1,1,53,8,-1,-1,-1,6,2,6
2016230094764,2,9,0,18,0,1,0,0,1,0,1,1,1,1,45,7,2099,1,14,3,1,3
2016230094810,1,9,0,18,0,0,0,0,0,0,1,1,5,2,67,10,2200,2,19,8,1,8
2016230094810,2,9,0,18,0,0,0,0,0,0,2,1,5,2,61,9,2494,8,-1,1,3,1
2016230094817,1,9,0,18,0,0,0,0,0,0,1,1,5,1,27,6,-1,-1,-1,3,1,3
2016230094817,2,9,0,18,0,0,0,0,1,0,1,1,5,2,24,5,1198,1,5,8,3,8
2016230094843,1,9,0,1,0,1,0,4,0,0,2,1,6,1,18,4,1149,1,10,4,1,4
2016230094843,2,9,0,2,0,1,0,0,0,0,3,1,5,1,21,5,998,1,11,2,1,2
2016230094844,1,9,0,7,0,6,0,0,0,0,3,1,5,1,42,7,1560,2,4,10,1,10
2016230094844,2,4,0,18,0,8,0,0,0,0,1,1,5,1,24,5,249,1,-1,3,1,3
2016230094859,1,9,0,13,0,8,5,0,0,0,1,1,5,1,21,5,1896,2,14,3,1,3
2016230094859,2,9,0,9,0,5,0,0,0,0,1,1,5,1,67,10,-1,-1,-1,7,3,7
2016230094863,1,9,0,7,0,6,0,0,0,0,1,1,6,1,34,6,1560,2,6,2,1,2
2016230094863,2,1,0,18,0,8,0,0,0,0,4,1,5,1,30,6,-1,-1,-1,1,1,1
2016230094909,1,19,0,18,0,0,2,0,0,0,3,1,1,1,27,6,2198,2,2,6,3,6
2016230094909,2,9,0,18,0,0,1,0,1,0,3,1,2,2,38,7,1995,2,5,8,1,8
2016230095133,1,9,0,5,0,5,1,6,1,4,1,1,5,1,19,4,1598,1,6,3,1,3
2016230095133,2,9,0,15,6,5,5,0,3,2,1,1,6,1,33,6,-1,-1,-1,-1,-1,-1
2016230095174,1,9,0,18,0,0,1,10,1,11,1,1,5,1,22,5,2979,1,14,7,1,7
2016230095224,1,19,0,18,0,0,0,4,0,0,1,1,5,1,29,6,1995,2,8,3,3,3
2016230095224,2,9,0,2,0,0,0,0,0,0,2,1,5,1,83,11,1397,1,8,5,1,5
2016230095247,1,9,0,18,0,0,0,0,0,0,1,1,6,1,77,11,-1,-1,-1,10,1,10
2016230095247,2,16,0,18,0,0,0,0,0,0,2,1,5,2,45,7,-1,-1,-1,8,3,8
2016230095339,1,9,0,16,0,0,0,0,2,4,1,1,5,1,28,6,1587,1,12,9,2,9
2016230095361,1,9,0,18,0,0,0,0,0,0,1,1,6,1,75,10,1796,1,8,4,1,4
2016230095372,1,9,0,18,0,0,0,0,0,0,1,1,6,3,40,7,-1,-1,-1,-1,-1,-1
2016230095372,2,9,0,18,0,0,1,0,0,0,2,1,6,2,22,5,998,1,5,5,1,5
2016230095372,3,9,0,18,0,0,0,0,0,0,2,1,6,3,30,6,1956,2,4,-1,-1,-1
2016230095436,1,9,0,9,0,5,0,0,0,0,4,1,5,1,33,6,3226,2,15,10,2,10
2016230095436,2,9,0,18,0,8,1,0,0,0,1,1,5,2,41,7,1388,1,10,9,1,9
2016230095595,1,9,0,17,0,0,0,0,0,0,0,1,6,3,34,6,-1,-1,-1,-1,-1,-1
2016230095595,2,3,0,16,0,0,1,0,7,9,3,1,5,1,37,7,-1,-1,-1,10,1,10
2016230095766,1,9,0,5,0,6,0,0,0,0,1,1,5,1,33,6,1197,1,5,2,1,2
2016230095766,2,9,0,18,0,8,0,0,0,0,1,1,1,2,22,5,1598,1,-1,8,1,8