Accident_Index,Vehicle_Reference,Vehicle_Type,Towing_and_Articulation,Vehicle_Manoeuvre,Vehicle_Location-Restricted_Lane,Junction_Location,Skidding_and_Overturning,Hit_Object_in_Carriageway,Vehicle_Leaving_Carriageway,Hit_Object_off_Carriageway,1st_Point_of_Impact,Was_Vehicle_Left_Hand_Drive?,Journey_Purpose_of_Driver,Sex_of_Driver,Age_of_Driver,Age_Band_of_Driver,Engine_Capacity_(CC),Propulsion_Code,Age_of_Vehicle,Driver_IMD_Decile,Driver_Home_Area_Type,Vehicle_IMD_Decile
2016230140616,1,9,0,5,9,0,0,0,0,0,1,1,6,1,70,10,-1,-1,-1,-1,-1,-1
2016230140664,1,9,0,18,0,1,0,0,0,0,3,1,6,1,26,6,1560,2,8,5,1,5
2016230140664,2,9,0,18,0,8,0,0,0,0,3,1,6,1,77,11,2319,1,13,6,3,6
2016230140860,1,11,0,4,0,1,0,0,0,0,0,1,1,1,64,9,4250,2,8,5,2,5
2016230141458,1,9,0,4,0,0,0,0,0,0,1,1,6,1,19,4,1598,1,1,5,1,5
2016230141458,2,9,0,4,0,0,0,0,0,0,2,1,6,2,35,6,1398,2,4,10,2,10
2016230141458,3,9,0,4,0,0,0,0,0,0,2,1,2,2,33,6,1240,1,10,10,1,10
2016230141549,1,3,0,18,0,0,0,11,0,0,1,1,5,1,26,6,125,1,8,4,1,4
2016230141663,1,9,0,18,0,2,0,0,0,0,4,1,5,1,25,5,1997,2,-1,5,1,5
2016230142433,1,9,0,18,0,0,0,0,0,0,1,1,6,1,72,10,1956,2,2,7,3,7
2016230142433,2,1,0,18,0,0,0,0,0,0,2,1,2,1,56,9,-1,-1,-1,-1,-1,-1
2016230142465,1,9,0,9,0,0,0,0,0,0,3,1,6,2,19,4,1560,2,2,10,1,10
2016230142465,2,1,0,18,0,0,0,0,0,0,3,1,5,1,86,11,-1,-1,-1,7,3,7
2016230142597,1,9,0,18,0,0,0,0,0,0,1,1,6,2,22,5,1229,1,8,-1,-1,-1
2016230142597,2,9,0,3,0,0,0,0,0,0,2,1,2,2,54,8,898,1,1,6,3,6
2016230142628,1,11,0,4,0,1,0,0,0,0,1,1,1,1,47,8,12000,2,11,3,1,3
2016230142628,2,9,0,3,0,1,0,0,0,0,2,1,6,1,69,10,1598,1,7,7,1,7
2016230142715,1,19,0,12,0,1,0,0,0,0,3,1,1,1,56,9,1968,2,3,-1,-1,-1
2016230142715,2,5,0,13,0,1,0,0,0,0,4,1,1,1,34,6,599,1,12,5,1,5
2016230142760,1,9,0,7,0,2,0,0,0,0,1,1,6,3,35,6,-1,-1,-1,-1,-1,-1
2016230142760,2,8,0,18,0,8,0,0,0,0,3,1,1,1,40,7,1988,2,9,1,1,1
2016230142979,1,9,0,11,0,8,0,0,0,0,4,1,1,1,26,6,1910,2,10,9,3,9
2016230142979,2,5,0,18,0,8,0,0,0,0,3,1,1,1,63,9,847,1,-1,4,2,4
2016230143436,1,9,0,4,0,0,0,0,0,0,1,1,6,2,21,5,999,1,-1,2,1,2
2016230143436,2,9,0,4,0,0,0,0,0,0,2,1,6,2,24,5,1198,1,4,-1,-1,-1
2016230143533,1,9,0,18,0,1,0,0,0,0,1,1,1,1,30,6,2143,2,2,-1,-1,-1
2016230143533,2,9,0,18,0,1,0,0,0,0,2,1,1,2,24,5,1390,1,13,-1,-1,-1
2016230143592,1,9,0,5,0,0,1,0,0,0,4,1,6,1,30,6,1596,1,14,3,1,3
2016230143592,2,9,0,18,0,0,1,0,0,0,1,1,6,1,32,6,1968,2,-1,1,1,1
2016230143592,3,9,0,2,0,0,0,0,0,0,2,1,6,1,72,10,1386,1,4,3,1,3
2016230143691,1,8,0,17,0,0,5,10,1,0,1,1,1,1,34,6,1998,2,11,-1,-1,-1
2016230143786,1,9,0,18,0,0,1,0,0,0,0,1,1,2,65,9,1598,2,3,9,1,9
2016230143786,2,19,0,2,0,0,0,4,0,0,1,1,1,1,27,6,2198,2,3,1,1,1
2016230143787,1,9,0,5,0,2,0,0,0,0,1,1,2,2,41,7,1248,1,4,-1,-1,-1
2016230143787,2,9,0,18,0,8,0,0,0,0,3,1,2,2,62,9,2496,1,15,5,3,5
2016230143799,1,9,0,18,0,0,5,0,7,7,1,1,1,1,24,5,1149,1,13,5,1,5
2016230143850,1,9,0,9,0,6,0,0,1,0,1,1,5,1,30,6,1198,1,6,4,1,4
2016230143850,2,9,0,18,0,1,0,0,1,0,1,1,5,2,50,8,1242,1,8,9,1,9
2016230143850,3,9,0,10,0,1,0,0,0,0,3,1,5,1,77,11,1969,2,-1,10,1,10
2016230143856,1,8,0,18,0,2,0,0,0,0,1,1,1,2,68,10,1896,2,7,10,1,10
2016230143955,1,9,0,6,0,4,0,0,0,0,1,1,1,1,22,5,-1,-1,-1,5,3,5
2016230144079,1,9,0,16,0,0,2,0,0,0,1,1,5,2,73,10,1598,1,7,8,3,8
2016230144137,1,98,0,12,0,8,0,0,0,0,3,1,1,1,47,8,-1,-1,-1,1,1,1
2016230144137,2,1,0,18,0,8,0,0,0,0,4,1,5,1,27,6,-1,-1,-1,7,2,7
2016230144159,1,9,0,18,0,0,0,0,0,0,4,1,3,1,34,6,1124,1,12,9,1,9
2016230144241,1,19,0,18,0,0,0,0,0,0,1,1,6,1,35,6,2298,2,-1,-1,-1,-1
2016230144241,2,9,0,4,0,0,0,0,0,0,2,1,6,2,19,4,998,1,7,2,1,2
2016230144569,1,9,0,7,0,6,0,0,0,0,1,1,5,1,20,4,1598,1,11,1,1,1
2016230144569,2,1,0,18,0,8,0,0,0,0,4,1,2,1,26,6,-1,-1,-1,3,1,3
2016230144699,1,9,0,18,0,0,0,0,5,6,4,1,6,2,67,10,1339,1,9,8,2,8
2016230144970,1,9,0,18,0,6,0,0,0,0,1,1,6,1,21,5,1598,1,6,4,1,4
2016230144970,2,9,0,18,0,1,0,0,7,0,4,1,2,1,55,8,1686,2,4,3,1,3
2016230145151,1,9,0,13,0,0,0,0,8,9,4,1,5,2,23,5,1349,1,2,4,1,4
2016230145164,1,9,0,18,0,1,1,0,0,0,1,1,6,1,30,6,-1,-1,-1,10,3,10
2016230145164,2,9,0,2,0,1,0,0,0,0,2,1,6,1,31,6,2231,2,10,4,1,4
2016230145501,1,9,0,18,0,0,0,0,0,0,1,1,1,1,24,5,-1,-1,-1,5,3,5
2016230145501,2,9,0,18,0,0,1,0,0,0,1,1,1,1,55,8,1995,2,5,10,1,10
2016230145501,3,9,0,18,0,0,0,0,0,0,2,1,1,1,40,7,2204,2,9,-1,-1,-1
2016230145501,4,9,0,18,0,0,0,0,0,0,2,1,1,2,35,6,1968,2,1,-1,-1,-1
2016230145501,5,9,0,18,0,0,0,0,4,6,3,1,6,1,66,10,1896,2,11,-1,-1,-1
2016230145595,1,9,0,18,0,0,0,0,2,2,4,1,2,1,30,6,1686,2,3,2,2,2
2016230145706,1,9,0,4,0,0,0,0,0,0,1,1,5,2,40,7,2985,2,10,6,3,6
2016230145706,2,9,0,4,0,0,1,0,0,0,2,1,5,1,22,5,1598,1,10,-1,-1,-1
2016230145740,1,9,0,9,0,5,0,0,0,0,1,1,6,2,40,7,1834,1,13,10,1,10
2016230145740,2,1,0,18,0,8,0,0,0,0,1,1,1,1,56,9,-1,-1,-1,6,3,6
2016230145865,1,9,0,18,0,0,0,0,4,6,1,1,4,1,23,5,1461,2,11,10,3,10
2016230145865,2,9,0,4,0,0,0,0,0,0,2,1,4,1,38,7,1968,2,7,10,1,10
2016230145890,1,9,0,2,0,0,1,7,5,6,1,1,1,1,52,8,1998,2,10,1,1,1
2016230145890,2,9,0,18,0,0,0,0,0,0,3,1,2,1,53,8,1997,2,-1,6,2,6
2016230145890,3,9,0,18,0,0,1,0,0,0,3,1,2,1,33,6,2143,2,1,8,3,8
2016230145890,4,21,0,18,0,0,0,0,0,0,2,1,1,1,45,7,5900,2,9,4,1,4
2016230145952,1,9,0,18,0,0,0,0,0,0,4,1,2,1,44,7,-1,3,2,9,1,9
2016230145978,1,1,0,18,0,2,0,0,0,0,1,1,5,1,13,3,-1,-1,-1,-1,-1,-1
2016230145978,2,9,0,18,0,1,0,0,0,0,1,1,1,1,68,10,1796,1,12,3,1,3
2016230146123,1,9,0,5,0,6,0,0,0,0,3,1,5,1,81,11,2793,1,18,6,1,6
2016230146123,2,9,0,18,0,1,0,0,0,0,1,1,5,2,47,8,1796,1,5,10,1,10
2016230146151,1,90,0,18,0,0,0,4,0,0,1,1,1,1,61,9,-1,-1,-1,-1,-1,-1
2016230146151,2,9,0,2,0,0,0,0,1,0,2,1,5,1,40,7,1956,2,1,-1,-1,-1
2016230146151,3,9,0,2,0,0,0,0,1,0,2,1,5,1,27,6,1560,2,6,-1,-1,-1
2016230146151,4,9,0,2,0,0,0,0,1,0,2,1,5,2,37,7,1598,1,8,-1,-1,-1
2016230146473,1,9,0,9,0,2,0,0,0,0,4,1,6,1,20,4,1796,1,11,5,1,5
2016230146589,1,9,0,18,0,0,0,0,0,0,2,1,6,3,25,5,1798,1,14,-1,-1,-1
2016230146589,2,9,0,3,0,0,0,0,0,0,1,1,6,1,40,7,1398,1,10,6,1,6
2016230146751,1,9,0,9,0,5,0,0,0,0,3,1,6,2,50,8,998,1,3,5,1,5
2016230146818,1,9,0,18,0,2,0,0,0,0,1,1,6,1,24,5,1368,1,1,10,1,10
2016230146818,2,98,1,18,0,2,0,0,0,0,2,1,1,1,59,9,-1,-1,-1,4,1,4
2016230146843,1,5,0,13,0,0,0,4,0,0,1,1,5,1,23,5,-1,-1,-1,-1,-1,-1
2016230146843,2,9,0,2,0,0,0,0,0,0,4,1,5,2,30,6,1796,1,15,6,1,6
2016230146843,3,9,0,2,0,0,0,0,0,0,4,1,5,1,55,8,1798,1,12,6,1,6
2016230146843,4,9,0,2,0,0,0,0,0,0,3,1,5,1,46,8,998,1,13,6,1,6
2016230146956,1,19,0,4,0,0,0,0,0,0,1,1,1,1,32,6,1248,2,8,5,1,5
2016230147031,1,9,0,18,0,0,1,0,0,0,1,1,6,2,23,5,1399,2,14,3,1,3
2016230147081,1,9,0,17,0,0,2,0,7,4,3,1,6,1,18,4,1590,1,12,9,1,9
2016230147195,1,9,0,9,0,2,0,0,1,0,3,1,5,1,88,11,1390,1,5,8,1,8
2016230147195,2,9,0,18,0,8,0,0,0,0,1,1,5,2,42,7,-1,-1,-1,7,1,7
2016230147299,1,9,0,16,0,0,1,0,7,9,1,1,6,1,18,4,1124,1,14,8,2,8
2016230147424,1,4,0,18,0,0,2,0,0,0,1,1,5,1,20,4,656,1,4,1,1,1
2016230147424,2,19,0,18,0,0,0,0,0,0,2,1,6,3,36,7,-1,-1,-1,-1,-1,-1
2016230147424,3,21,1,18,0,0,0,0,0,0,3,1,1,1,52,8,12777,2,8,9,1,9
2016230147496,1,11,0,9,0,2,0,0,0,0,1,1,1,1,26,6,6871,2,8,-1,-1,-1
2016230147511,1,9,0,18,0,1,1,0,0,0,1,1,1,1,29,6,1398,2,15,8,3,8
2016230147511,2,9,0,10,0,1,0,0,0,0,2,1,6,2,27,6,1995,2,2,9,1,9
2016230147812,1,9,0,18,0,0,0,4,0,0,1,1,6,1,47,8,2993,2,10,8,1,8
2016230147812,2,9,0,2,0,0,0,0,1,0,2,1,5,1,49,8,1360,1,12,10,1,10
2016230147812,3,9,0,2,0,0,0,0,0,0,2,1,5,1,77,11,1798,1,13,4,1,4
2016230147829,1,9,0,18,0,0,0,0,5,6,3,1,5,2,24,5,1299,1,13,5,1,5
2016230147909,1,9,0,5,0,6,0,0,0,0,1,1,2,1,30,6,1596,1,7,-1,-1,-1
2016230147909,2,9,0,18,0,1,0,0,0,0,1,1,2,1,33,6,1598,1,17,6,1,6
2016230147909,3,21,1,10,0,1,0,0,0,0,0,1,1,1,67,10,12809,2,4,6,3,6
2016230148035,1,9,0,4,0,1,0,0,0,0,1,1,5,3,25,5,1368,1,10,-1,-1,-1
2016230148035,2,9,0,3,0,1,0,0,0,0,2,1,6,2,20,4,-1,-1,-1,9,2,9
2016230148059,1,9,0,18,0,2,1,0,1,0,4,1,2,2,44,7,1368,1,6,2,1,2
2016230148059,2,9,0,18,0,1,0,0,1,0,3,1,6,2,64,9,1988,1,17,3,1,3
2016230148365,1,9,0,16,0,0,1,0,7,9,1,1,5,1,51,8,-1,-1,-1,1,1,1
2016230148746,1,9,0,9,4,5,0,0,0,0,4,1,5,2,20,4,1198,1,9,9,2,9
2016230148746,2,1,0,18,4,8,0,0,0,0,1,1,5,2,26,6,-1,-1,-1,6,1,6
2016230148874,1,3,0,4,0,4,1,9,0,0,1,1,6,1,30,6,749,1,9,7,2,7
2016230149410,1,9,0,18,0,1,0,4,0,0,1,1,5,1,63,9,1560,2,8,-1,-1,-1
2016230149410,2,9,0,2,0,1,0,0,0,0,2,1,5,1,37,7,1995,2,4,3,1,3
2016230150439,1,9,0,18,0,1,0,0,0,0,1,1,5,1,80,11,1598,1,8,6,1,6
2016230150439,2,9,0,4,0,1,0,0,0,0,4,1,5,2,42,7,1560,2,6,7,3,7
2016230150439,3,9,0,4,0,1,0,0,0,0,2,1,5,1,26,6,-1,-1,-1,4,1,4
2016230150964,1,9,0,16,0,0,0,0,0,0,3,1,5,2,46,8,1753,2,11,7,3,7
2016230150964,2,9,0,18,0,0,0,0,0,0,1,1,5,2,23,5,2776,2,9,3,1,3
2016230151042,1,9,0,18,0,0,2,0,1,0,4,1,5,2,27,6,1364,1,9,5,1,5
2016230151523,1,9,0,5,0,6,0,0,0,0,1,1,6,1,25,5,1400,1,16,5,2,5
2016230151523,2,9,0,18,0,1,0,0,0,0,3,1,6,1,29,6,1968,2,6,6,2,6
2016230153055,1,9,0,18,0,1,0,0,0,0,4,1,5,1,56,9,1598,2,-1,2,1,2
2016230153082,1,9,0,12,0,1,0,5,0,0,2,1,6,1,49,8,1229,1,5,-1,2,-1
2016230153082,2,9,0,18,0,8,0,4,0,0,1,1,2,1,53,8,1399,1,-1,7,1,7
2016230153887,1,9,0,1,0,0,0,0,0,0,2,1,5,3,34,6,1248,2,1,-1,-1,-1
2016230153887,2,9,0,2,0,0,0,0,0,0,1,1,5,2,40,7,1796,1,8,2,1,2
2016230156269,1,9,0,13,0,2,0,0,0,0,1,1,1,1,30,6,-1,-1,-1,-1,-1,-1
2016230156269,2,98,1,18,0,2,1,0,0,0,0,1,1,1,37,7,-1,-1,-1,-1,-1,-1
2016230160030,1,9,0,16,0,8,1,0,0,0,1,1,5,1,30,6,1598,1,11,1,1,1
2016230160030,2,9,0,17,0,8,0,0,0,0,1,1,2,2,46,8,1496,1,-1,7,1,7
2016230165974,1,9,0,18,0,0,0,0,0,0,4,1,3,2,40,7,1968,2,1,4,2,4
2016230183608,1,9,0,12,0,0,0,0,0,0,3,1,6,1,47,8,1598,1,15,2,1,2
2016230183608,2,5,0,4,0,0,0,0,0,0,4,1,6,1,23,5,649,1,1,2,1,2
2016230185370,1,9,0,18,0,6,5,0,3,0,4,1,6,1,49,8,1229,1,11,1,1,1
2016230185370,2,9,0,18,0,1,1,0,1,0,1,1,6,1,37,7,1560,2,3,8,3,8
201623T073628,1,9,0,18,0,3,0,0,0,0,3,1,5,1,58,9,1796,1,8,4,1,4
201623T073628,2,9,0,18,0,8,0,0,0,0,1,1,5,2,18,4,1240,1,11,4,3,4
201623T109036,1,9,0,18,0,1,0,0,0,0,1,1,1,1,53,8,1781,1,20,7,3,7
201623T109036,2,9,0,5,0,6,0,0,0,0,3,1,6,1,79,11,1598,1,21,6,3,6
201623T129876,1,19,0,17,0,3,0,0,0,0,1,1,6,3,-1,-1,2198,2,4,1,1,1
201623T129876,2,9,0,8,0,1,0,0,0,0,1,1,6,2,36,7,1598,2,-1,4,1,4
201623T211016,1,19,0,16,0,2,1,10,2,11,1,1,1,1,45,7,1995,2,2,9,1,9
2016300017361,1,9,0,17,0,0,1,0,1,9,1,1,6,1,45,7,1951,2,15,2,1,2
2016300017362,1,9,0,18,0,0,0,0,1,10,1,1,6,1,21,5,1242,1,13,6,1,6
2016300017364,1,9,0,16,0,0,0,0,0,0,1,1,6,1,47,8,1598,1,14,2,1,2
2016300017364,2,9,0,17,0,0,0,0,0,0,1,1,6,2,47,8,1796,1,12,7,3,7
2016300017373,1,9,0,17,0,0,1,10,1,7,1,1,6,1,18,4,1461,2,8,5,1,5
2016300017375,1,4,0,18,0,0,1,0,0,0,0,1,6,1,27,6,125,1,13,3,1,3
2016300017376,1,9,0,16,0,0,0,0,7,0,1,1,2,1,54,8,-1,-1,-1,7,2,7
2016300017376,2,9,0,2,9,0,0,0,0,0,2,1,6,2,56,9,2180,2,22,7,2,7
2016300017377,1,9,0,18,0,0,1,0,0,0,1,1,2,1,57,9,1798,1,15,3,1,3
2016300017377,2,9,0,18,0,0,0,0,0,0,3,1,6,1,40,7,1968,2,7,10,1,10
2016300017383,1,9,0,16,0,2,2,0,1,10,1,1,6,1,32,6,1997,2,17,7,2,7
2016300017389,1,9,0,16,0,0,2,0,1,9,2,1,6,1,39,7,1997,2,12,3,1,3
2016300017397,1,9,0,7,0,6,0,0,0,0,2,1,6,1,28,6,1398,2,13,-1,-1,-1
2016300017397,2,3,0,18,0,8,1,0,0,0,1,1,6,1,34,6,124,1,1,-1,-1,-1
2016300017398,1,9,0,13,0,0,0,0,0,0,1,1,6,3,-1,-1,-1,-1,-1,-1,-1,-1
2016300017398,2,11,0,18,0,0,0,0,0,0,3,1,1,1,62,9,9000,2,12,5,1,5
2016300017399,1,9,0,18,0,4,0,0,0,0,4,1,6,3,-1,-1,-1,-1,-1,-1,-1,-1
2016300017399,2,1,0,7,0,4,0,0,0,0,3,1,2,1,35,6,-1,-1,-1,2,1,2
2016300017400,1,9,0,18,0,0,0,0,0,0,4,1,6,2,19,4,998,1,3,10,1,10
2016300017404,1,11,0,4,0,0,0,0,0,0,0,1,1,1,55,8,7300,2,7,1,1,1
2016300017404,2,9,0,18,0,0,0,0,0,0,2,1,6,1,64,9,1242,1,14,4,1,4
2016300017404,3,9,0,18,0,0,0,0,0,0,1,1,6,1,77,11,1560,2,4,-1,-1,-1
2016300017408,1,1,0,13,0,8,0,0,0,0,4,1,6,1,67,10,-1,-1,-1,-1,-1,-1
2016300017408,2,19,0,9,0,5,0,0,0,0,3,1,1,1,39,7,-1,-1,-1,5,1,5
2016300017411,1,9,0,3,0,1,0,0,0,0,1,1,6,2,29,6,1910,2,11,1,1,1
2016300017412,1,9,0,7,0,6,0,0,0,0,1,1,6,3,-1,-1,-1,-1,-1,-1,-1,-1
2016300017412,2,1,0,18,0,8,0,0,0,0,4,1,1,1,47,8,-1,-1,-1,1,1,1
2016300017419,1,9,0,9,0,5,0,0,0,0,4,1,6,1,32,6,1598,1,11,9,1,9
2016300017419,2,1,0,18,0,8,0,0,0,0,1,1,6,1,44,7,-1,-1,-1,4,3,4
2016300017419,3,1,0,18,0,8,0,0,0,0,1,1,6,1,62,9,-1,-1,-1,4,3,4
2016300017422,1,9,0,12,0,0,0,0,0,0,4,1,1,1,20,4,1395,1,1,7,1,7
2016300017422,2,2,0,18,0,0,0,0,0,0,1,1,2,1,17,4,49,1,10,3,1,3
2016300017424,1,1,0,4,0,0,0,0,0,0,2,1,6,1,16,4,-1,-1,-1,4,1,4
2016300017424,2,8,0,4,0,0,0,0,0,0,1,1,6,3,-1,-1,-1,-1,-1,-1,-1,-1
2016300017425,1,9,0,18,0,0,0,0,0,0,3,1,2,1,47,8,2143,2,5,8,1,8
2016300017425,2,9,0,18,0,0,0,0,1,0,3,1,1,2,31,6,1398,1,2,8,1,8
2016300017425,3,9,0,18,0,0,0,0,0,0,1,1,6,2,22,5,998,1,6,7,2,7
2016300017432,1,9,0,9,0,6,0,0,0,0,1,1,6,1,50,8,1493,2,7,6,2,6
2016300017432,2,3,0,18,0,8,0,0,0,0,1,1,6,1,29,6,125,1,7,-1,-1,-1
2016300017433,1,19,0,4,0,0,0,0,0,0,2,1,6,1,38,7,-1,-1,-1,9,1,9
2016300017433,2,9,0,18,0,0,0,0,0,0,1,1,2,2,18,4,1242,1,6,4,1,4
2016300017434,1,9,0,18,0,0,0,0,0,0,1,1,1,1,49,8,1461,2,1,2,2,2
2016300017434,2,9,0,4,0,0,0,0,0,0,2,1,2,1,56,9,1968,2,6,10,1,10
2016300017434,3,9,0,4,0,0,0,0,0,0,2,1,2,1,37,7,1968,2,3,3,1,3
2016300017435,1,9,0,18,0,1,0,0,0,0,3,1,6,1,68,10,1988,1,19,8,1,8
2016300017435,2,9,0,18,0,2,0,0,0,0,3,1,6,2,71,10,1896,2,12,8,3,8
2016300017436,1,9,0,17,0,3,1,0,0,0,4,1,6,2,36,7,1299,1,16,6,1,6
2016300017436,2,21,1,18,0,3,0,0,0,0,3,2,1,1,59,9,-1,-1,-1,-1,-1,-1
2016300017440,1,9,0,9,0,6,0,0,0,0,1,1,2,1,42,7,2198,2,10,-1,-1,-1
2016300017440,2,5,0,18,0,8,0,0,0,0,4,1,6,1,25,5,599,1,16,-1,-1,-1
2016300017441,1,3,0,18,0,8,0,0,0,0,1,1,2,1,19,4,124,1,7,9,1,9
2016300017441,2,9,0,9,0,6,0,0,0,0,3,1,6,1,65,9,1753,2,17,9,1,9
2016300017442,1,9,0,18,0,0,1,0,0,0,1,1,6,1,21,5,1598,2,4,7,3,7
2016300017442,2,9,0,18,0,0,0,0,1,10,1,1,6,1,57,9,998,1,8,-1,-1,-1
2016300017443,1,9,0,7,0,5,0,0,0,0,2,1,6,2,39,7,2497,1,9,7,1,7
2016300017443,2,11,0,18,0,1,0,0,0,0,1,1,1,1,50,8,4250,2,10,3,1,3
2016300017443,3,9,0,18,0,1,0,0,0,0,4,1,2,1,39,7,1598,1,8,4,1,4
2016300017445,1,9,0,17,0,0,1,0,0,0,4,1,6,2,21,5,1242,1,13,10,1,10
2016300017445,2,9,0,16,0,0,0,0,0,0,1,1,6,1,39,7,1995,2,11,1,1,1
2016300017448,1,19,0,11,0,0,0,0,0,0,0,1,1,1,46,8,2198,2,3,1,1,1
2016300017448,2,9,0,18,0,0,0,0,0,0,2,1,6,2,66,10,1586,1,5,8,1,8
2016300017448,3,9,0,18,0,0,0,0,0,0,1,1,6,1,29,6,1796,1,14,2,1,2
2016300017449,1,9,0,18,0,0,1,0,1,10,1,1,6,2,21,5,1242,1,7,-1,-1,-1
2016300017452,1,11,0,18,0,1,0,0,0,0,1,1,1,1,32,6,6370,2,4,4,1,4
2016300017452,2,9,0,10,0,1,0,0,0,0,2,1,6,2,44,7,1995,2,12,9,1,9
2016300017455,1,9,0,5,0,6,0,0,0,0,3,1,6,1,34,6,1686,2,12,1,1,1
2016300017455,2,5,0,18,0,8,0,0,0,0,1,1,6,1,36,7,600,1,15,3,1,3
2016300017456,1,9,0,18,0,1,0,0,0,0,1,1,6,1,45,7,1360,1,5,7,1,7
2016300017456,2,9,0,10,0,8,0,0,0,0,2,1,6,1,49,8,1896,2,8,2,1,2
2016300017457,1,9,0,18,0,0,0,0,7,10,3,1,2,2,20,4,1598,1,14,6,1,6
2016300017459,1,9,0,14,0,0,0,0,0,0,1,1,2,2,36,7,2993,2,10,-1,-1,-1
2016300017459,2,9,0,18,0,0,0,0,0,0,1,1,2,1,43,7,1896,2,13,8,1,8
2016300017459,3,90,0,2,0,0,0,0,0,0,0,1,6,3,-1,-1,-1,-1,-1,-1,-1,-1
2016300017460,1,9,0,11,0,8,0,0,0,0,1,1,6,1,-1,-1,1968,2,2,-1,-1,-1
2016300017460,2,19,0,18,0,8,0,0,0,0,1,1,2,1,25,5,2198,2,3,6,1,6
2016300017461,1,9,0,7,0,5,0,0,0,0,4,1,2,2,51,8,1461,2,7,-1,-1,-1
2016300017461,2,1,0,18,4,8,0,0,0,0,1,1,6,1,46,8,-1,-1,-1,-1,-1,-1
2016300017462,1,8,0,18,0,0,0,0,0,0,1,1,1,1,38,7,1762,1,17,8,1,8
2016300017463,1,90,0,18,9,0,0,0,0,0,1,1,6,1,70,10,-1,-1,-1,4,1,4
2016300017464,1,9,0,18,0,4,0,0,0,0,1,1,6,1,41,7,1896,2,8,10,1,10
2016300017464,2,1,0,18,0,8,0,0,0,0,2,1,1,1,22,5,-1,-1,-1,9,1,9
2016300017466,1,11,0,14,0,1,0,0,0,0,4,1,6,1,43,7,3900,2,10,-1,-1,-1
2016300017466,2,90,0,2,0,1,0,0,0,0,0,1,6,3,-1,-1,-1,-1,-1,-1,-1,-1
2016300017468,1,9,0,5,0,8,1,7,5,6,4,1,6,1,18,4,1229,1,7,-1,-1,-1
2016300017468,2,9,0,18,0,8,0,0,0,0,1,1,6,1,21,5,1229,1,5,9,1,9
2016300017471,1,3,0,18,0,8,0,0,0,0,1,1,6,1,32,6,125,1,5,1,1,1
2016300017471,2,9,0,7,0,6,0,0,0,0,1,1,6,1,66,10,2198,2,10,-1,-1,-1
2016300017483,1,9,0,18,3,6,0,0,0,0,1,1,6,3,-1,-1,-1,-1,-1,-1,-1,-1
2016300017483,2,9,0,18,0,8,5,0,0,0,3,1,6,1,61,9,-1,-1,-1,9,1,9
2016300017485,1,9,0,9,0,6,0,0,0,0,3,1,6,2,36,7,1598,1,10,5,1,5
2016300017485,2,9,0,18,0,1,0,0,0,0,1,1,6,1,91,11,1299,1,13,3,1,3
2016300017488,1,9,0,16,0,0,0,0,7,4,1,1,6,1,23,5,1198,1,8,5,3,5
2016300017495,1,9,0,9,0,5,0,0,0,0,1,1,2,2,30,6,998,1,4,3,1,3
2016300017495,2,9,0,18,0,8,0,0,0,0,1,1,6,2,53,8,1598,1,3,9,1,9
2016300017500,1,9,0,18,0,0,0,0,0,0,2,1,6,1,56,9,1975,1,12,-1,-1,-1
2016300017500,2,9,0,18,0,0,0,0,0,0,2,1,2,1,33,6,1596,1,10,-1,-1,-1
2016300017500,3,9,0,18,0,0,1,0,0,0,1,1,2,1,26,6,1587,1,14,-1,-1,-1
2016300017501,1,19,0,5,0,0,0,0,0,0,1,1,2,1,31,6,2298,2,2,3,2,3
2016300017502,1,9,0,9,0,6,0,0,0,0,3,1,6,1,-1,-1,1595,1,13,9,2,9
2016300017502,2,1,0,18,0,8,2,0,0,0,1,1,6,1,65,9,-1,-1,-1,7,2,7
2016300017503,1,9,0,5,0,4,0,0,0,0,1,1,6,1,49,8,2191,2,1,-1,-1,-1
2016300017503,2,19,0,18,0,8,0,0,1,7,1,1,6,1,70,10,2198,2,7,9,1,9
2016300017505,1,90,0,18,0,0,0,0,0,0,1,1,6,1,-1,-1,-1,-1,-1,-1,-1,-1
2016300017506,1,9,0,16,0,0,1,0,6,7,3,1,6,2,18,4,1598,1,14,-1,-1,-1
2016300017507,1,9,0,18,0,8,0,0,0,0,3,1,3,2,26,6,1753,2,9,3,1,3
2016300017507,2,9,0,9,0,6,0,0,0,0,1,1,2,2,33,6,1598,2,5,5,1,5
2016300017511,1,8,0,9,0,8,0,0,0,0,4,1,6,1,44,7,1560,2,4,9,1,9
2016300017511,2,9,0,18,0,4,0,0,0,0,1,1,6,2,39,7,1149,1,12,4,3,4
2016300017512,1,9,0,18,0,1,0,0,0,0,0,1,1,1,38,7,-1,-1,-1,5,1,5
2016300017512,2,9,0,18,0,1,0,0,0,0,1,1,6,1,18,4,1800,1,18,2,1,2
2016300017512,3,9,0,18,0,1,0,0,0,0,4,1,6,2,21,5,1422,2,13,1,1,1
2016300017512,4,9,0,10,0,1,0,0,0,0,1,1,6,1,35,6,2198,1,15,7,1,7
2016300017513,1,9,0,9,0,6,0,0,0,0,3,1,6,1,73,10,1560,2,2,2,1,2