Accident_Index,Vehicle_Reference,Vehicle_Type,Towing_and_Articulation,Vehicle_Manoeuvre,Vehicle_Location-Restricted_Lane,Junction_Location,Skidding_and_Overturning,Hit_Object_in_Carriageway,Vehicle_Leaving_Carriageway,Hit_Object_off_Carriageway,1st_Point_of_Impact,Was_Vehicle_Left_Hand_Drive?,Journey_Purpose_of_Driver,Sex_of_Driver,Age_of_Driver,Age_Band_of_Driver,Engine_Capacity_(CC),Propulsion_Code,Age_of_Vehicle,Driver_IMD_Decile,Driver_Home_Area_Type,Vehicle_IMD_Decile
2016300017513,2,3,0,18,0,8,0,0,0,0,1,1,4,1,19,4,124,1,2,6,3,6
2016300017514,1,9,0,4,0,8,0,0,0,0,1,1,1,1,29,6,2171,1,14,8,2,8
2016300017514,2,1,0,5,0,8,0,0,0,0,1,1,1,1,22,5,-1,-1,-1,1,1,1
2016300017515,1,9,0,9,0,5,0,0,0,0,1,1,6,2,76,11,1596,1,2,7,3,7
2016300017515,2,9,0,18,0,8,0,0,1,1,1,1,6,2,82,11,1896,2,9,7,3,7
2016300017518,1,9,0,5,0,0,0,0,0,0,1,1,6,1,46,8,1598,1,5,3,1,3
2016300017527,1,9,0,9,9,2,0,0,1,0,4,1,6,2,69,10,2000,1,17,2,1,2
2016300017530,1,9,0,9,0,2,0,0,0,0,3,1,6,2,49,8,1998,2,1,5,1,5
2016300017534,1,9,0,5,0,8,0,0,0,0,1,1,2,2,32,6,998,1,10,3,1,3
2016300017534,2,9,0,4,0,4,1,0,0,0,1,1,2,2,50,8,1797,8,5,8,3,8
2016300017535,1,21,1,18,0,0,0,0,0,0,1,1,1,1,58,9,-1,-1,-1,-1,-1,-1
2016300017535,2,21,0,18,0,0,0,0,0,0,2,1,1,1,41,7,4461,2,8,2,1,2
2016300017535,3,9,0,18,0,0,0,0,0,0,2,1,6,1,31,6,1968,2,2,8,3,8
2016300017535,4,9,0,18,0,0,0,0,0,0,2,1,6,1,40,7,1997,2,8,3,1,3
2016300017539,1,9,0,9,0,6,0,0,1,10,1,1,6,1,23,5,1796,1,10,1,1,1
2016300017541,1,9,0,18,0,0,0,0,1,0,1,1,2,2,25,5,1598,1,4,2,1,2
2016300017541,2,9,0,18,0,0,0,0,0,0,2,1,6,1,27,6,1560,2,5,-1,-1,-1
2016300017544,1,4,0,18,0,2,1,0,7,0,3,1,2,1,-1,-1,124,1,8,2,1,2
2016300017544,2,9,0,18,0,1,0,0,0,0,1,1,2,2,-1,-1,1798,8,3,10,1,10
2016300017544,3,9,0,9,0,6,0,0,0,0,0,1,2,1,-1,-1,-1,-1,-1,10,1,10
2016300017545,1,9,0,18,0,0,0,0,0,0,1,1,6,2,64,9,1364,1,2,4,1,4
2016300017545,2,19,0,18,0,0,0,0,0,0,1,1,1,1,39,7,2198,2,2,9,1,9
2016300017545,3,9,0,18,0,0,0,0,0,0,3,1,6,1,30,6,-1,-1,-1,6,1,6
2016300017546,1,9,0,13,0,0,0,0,7,0,1,1,6,1,31,6,1999,1,12,4,1,4
2016300017546,2,9,0,18,0,0,0,0,0,0,1,1,6,1,23,5,1596,1,11,3,1,3
2016300017546,3,20,0,18,0,0,0,0,0,0,0,1,6,3,-1,-1,-1,-1,-1,-1,-1,-1
2016300017549,1,9,0,18,0,0,0,0,1,9,1,1,6,1,72,10,1796,1,8,8,3,8
2016300017552,1,9,0,18,0,4,0,0,0,0,1,1,6,2,-1,-1,-1,-1,-1,-1,-1,-1
2016300017552,2,1,0,18,0,8,0,0,0,0,4,1,6,1,26,6,-1,-1,-1,1,1,1
2016300017553,1,9,0,18,0,0,0,0,0,0,2,1,2,1,50,8,2993,2,2,9,2,9
2016300017553,2,9,0,18,0,0,0,0,0,0,2,1,2,1,18,4,1360,1,13,2,1,2
2016300017553,3,9,0,18,0,0,0,0,0,0,2,1,2,1,19,4,1229,1,4,10,3,10
2016300017553,4,9,0,18,0,0,0,0,0,0,2,1,6,1,43,7,1956,2,2,3,2,3
2016300017553,5,9,0,18,0,0,0,0,0,0,1,1,2,1,52,8,2179,2,2,-1,1,-1
2016300017556,1,9,0,18,0,0,0,0,0,0,2,1,6,2,32,6,1199,2,3,1,1,1
2016300017556,2,9,0,18,0,0,0,0,0,0,1,1,6,1,22,5,998,1,4,7,1,7
2016300017556,3,9,0,18,0,0,0,0,0,0,2,1,6,2,49,8,1392,1,22,7,3,7
2016300017556,4,9,0,18,0,0,0,0,0,0,1,1,1,1,35,6,-1,-1,-1,2,1,2
2016300017558,1,21,0,18,0,8,0,0,0,0,1,2,1,1,40,7,-1,-1,-1,-1,-1,-1
2016300017558,2,9,0,9,0,8,0,0,0,0,3,1,6,1,-1,-1,1956,2,5,3,1,3
2016300017563,1,9,0,16,0,0,1,0,0,0,1,1,6,1,25,5,-1,-1,-1,3,1,3
2016300017563,2,9,0,3,0,0,0,0,0,0,1,1,6,1,32,6,1598,1,16,3,1,3
2016300017563,3,9,0,3,0,0,0,0,0,0,0,1,6,1,51,8,1968,2,3,9,2,9
2016300017570,1,9,0,18,0,0,0,0,0,0,1,1,6,1,75,10,1997,2,13,7,1,7
2016300017570,2,1,0,18,0,0,0,0,0,0,2,1,6,1,47,8,-1,-1,-1,1,1,1
2016300017572,1,9,0,16,0,0,1,10,1,10,1,1,6,2,26,6,1242,1,9,6,2,6
2016300017577,1,9,0,18,0,0,0,0,2,0,4,1,6,1,42,7,2495,2,15,4,1,4
2016300017577,2,21,1,17,0,0,0,0,0,0,0,1,6,3,-1,-1,-1,-1,-1,-1,-1,-1
2016300017587,1,9,0,4,0,0,0,0,0,0,2,1,6,1,48,8,2972,1,19,7,1,7
2016300017587,2,9,0,16,0,0,0,0,0,0,1,1,6,1,31,6,1798,1,8,2,1,2
2016300017590,1,9,0,5,6,0,0,0,0,0,4,1,6,1,48,8,1799,1,8,6,1,6
2016300017591,1,8,0,17,0,2,2,10,0,0,4,1,1,1,43,7,-1,-1,-1,2,1,2
2016300017594,1,9,0,18,0,0,1,10,7,9,1,1,1,1,26,6,1997,1,11,3,1,3
2016300017594,2,9,0,2,6,0,0,0,0,0,1,1,1,1,51,8,1956,2,1,2,3,2
2016300017601,1,21,1,18,0,1,0,0,0,0,1,2,1,1,53,8,-1,-1,-1,-1,-1,-1
2016300017601,2,9,0,11,0,1,0,0,0,0,4,1,6,1,83,11,1197,1,-1,10,1,10
2016300017606,1,9,0,9,0,5,0,0,0,0,1,1,6,1,17,4,1229,1,12,6,1,6
2016300017606,2,9,0,18,0,8,0,0,0,0,1,1,6,1,20,4,1590,1,18,5,1,5
2016300017607,1,9,0,14,0,0,0,0,0,0,1,1,6,1,62,9,1686,2,4,3,1,3
2016300017607,2,1,0,18,0,0,0,0,0,0,1,1,4,1,5,1,-1,-1,-1,-1,-1,-1
2016300017607,3,9,0,2,0,0,0,0,0,0,0,1,6,3,-1,-1,-1,-1,-1,-1,-1,-1
2016300017613,1,21,1,18,0,0,0,0,0,0,1,1,1,1,52,8,12419,2,4,1,1,1
2016300017613,2,19,0,4,0,0,0,0,0,0,2,1,1,1,23,5,2198,2,3,2,1,2
2016300017617,1,19,0,18,0,0,0,0,0,0,4,1,1,1,62,9,-1,-1,-1,6,3,6
2016300017617,2,9,0,18,0,0,0,0,0,0,2,1,2,1,26,6,1398,2,12,2,1,2
2016300017617,3,9,0,18,0,0,0,0,0,0,3,1,1,1,32,6,1598,2,1,6,1,6
2016300017617,4,9,0,18,0,0,0,0,0,0,2,1,2,2,34,6,1242,1,7,10,1,10
2016300017618,1,21,1,11,0,0,0,0,0,0,1,1,1,1,25,5,12900,2,6,2,1,2
2016300017618,2,19,0,18,0,0,0,0,0,0,2,1,1,1,31,6,1968,2,6,6,2,6
2016300017620,1,9,0,18,0,0,1,4,0,0,1,1,2,2,50,8,1968,2,1,10,2,10
2016300017620,2,19,0,2,0,0,0,0,0,0,4,1,1,1,52,8,-1,-1,-1,5,1,5
2016300017624,1,9,0,18,0,0,0,0,0,0,1,1,6,1,60,9,1896,2,11,10,1,10
2016300017624,2,9,0,3,0,0,0,0,0,0,2,1,6,1,39,7,2499,2,13,7,3,7
2016300017625,1,9,0,16,0,8,0,0,0,0,3,1,6,1,21,5,1998,1,9,4,1,4
2016300017625,2,9,0,1,0,6,0,0,0,0,4,1,6,2,41,7,1998,1,11,5,1,5
2016300017626,1,9,0,5,0,4,0,0,0,0,1,1,6,1,31,6,2987,2,9,5,1,5
2016300017626,2,9,0,18,0,8,0,0,1,0,4,1,2,2,48,8,1496,2,-1,10,1,10
2016300017627,1,21,1,2,0,1,0,4,0,0,0,1,1,1,37,7,10837,2,9,1,1,1
2016300017627,2,9,0,12,0,1,0,0,0,0,3,1,6,1,71,10,998,1,2,-1,-1,-1
2016300017627,3,9,0,12,0,1,0,0,0,0,2,1,6,1,64,9,1560,2,4,8,1,8
2016300017627,4,9,0,16,0,1,0,0,0,0,1,1,6,1,24,5,1497,1,15,7,1,7
2016300017629,1,9,0,18,0,0,0,0,0,0,1,1,6,2,31,6,1124,1,11,7,3,7
2016300017631,1,9,0,4,0,0,0,0,0,0,1,1,2,2,32,6,1499,2,1,5,1,5
2016300017631,2,9,0,4,0,0,0,0,0,0,2,1,2,1,25,5,2000,1,13,3,1,3
2016300017631,3,9,0,3,0,0,0,0,0,0,2,1,6,1,30,6,1598,2,1,-1,-1,-1
2016300017634,1,9,0,5,0,8,0,0,0,0,1,1,6,1,69,10,1398,1,5,9,1,9
2016300017634,2,9,0,5,0,6,0,0,0,0,3,1,6,1,67,10,2179,2,4,8,2,8
2016300017639,1,9,0,17,0,0,0,0,0,0,0,1,2,2,-1,-1,1240,1,6,-1,-1,-1
2016300017639,2,19,0,16,0,0,0,10,1,0,0,1,2,1,50,8,2198,2,7,1,1,1
2016300017640,1,9,0,4,0,0,0,0,0,0,2,1,6,1,22,5,998,1,-1,8,1,8
2016300017640,2,9,0,18,0,0,1,0,0,0,1,1,6,1,-1,-1,-1,-1,-1,-1,-1,-1
2016300017641,1,9,0,13,0,0,5,0,1,0,3,1,2,2,24,5,1497,8,3,3,1,3
2016300017641,2,21,1,18,0,0,0,0,1,10,3,1,1,1,54,8,12777,2,3,-1,-1,-1
2016300017641,3,9,0,18,0,0,0,0,0,0,3,1,3,2,34,6,1560,2,9,8,2,8
2016300017643,1,9,0,18,0,0,0,0,0,0,1,1,6,1,-1,-1,1399,2,14,5,2,5
2016300017643,2,2,0,18,0,0,0,0,1,0,2,1,6,2,17,4,50,1,1,10,1,10
2016300017644,1,9,0,4,0,0,0,0,0,0,0,1,6,3,-1,-1,-1,-1,-1,-1,-1,-1
2016300017644,2,9,0,18,0,0,0,0,0,0,2,1,6,2,62,9,1598,1,11,7,2,7
2016300017644,3,9,0,18,0,0,0,0,0,0,1,1,6,2,24,5,1560,2,1,4,2,4
2016300017645,1,9,0,18,0,0,0,0,0,0,3,1,6,3,-1,-1,1998,1,9,-1,-1,-1
2016300017645,2,9,0,18,0,0,0,0,0,0,3,1,6,1,42,7,1910,2,9,4,1,4
2016300017646,1,9,0,7,0,6,0,0,0,0,0,1,6,3,-1,-1,-1,-1,-1,-1,-1,-1
2016300017646,2,21,1,18,0,2,0,0,0,0,2,1,1,1,49,8,12900,2,8,6,1,6
2016300017646,3,21,0,18,0,2,0,0,0,0,1,1,1,1,51,8,6693,2,3,8,1,8
2016300017647,1,9,0,18,0,0,0,4,2,10,4,1,6,1,71,10,1896,2,17,6,1,6
2016300017647,2,9,0,2,0,0,0,0,0,0,4,1,6,2,42,7,1398,1,-1,3,1,3
2016300017647,3,9,0,2,0,0,0,0,0,0,4,1,1,1,55,8,-1,-1,-1,-1,-1,-1
2016300017652,1,9,0,9,0,5,0,0,0,0,4,1,2,2,39,7,1124,1,16,10,1,10
2016300017652,2,1,0,18,0,8,0,0,0,0,1,1,2,1,24,5,-1,-1,-1,-1,-1,-1
2016300017653,1,3,0,15,0,8,0,0,0,0,3,1,1,1,20,4,125,1,4,4,1,4
2016300017653,2,9,0,7,0,5,0,0,0,0,4,1,1,2,42,7,1229,1,5,-1,-1,-1
2016300017654,1,9,0,16,0,0,2,0,7,10,1,1,6,1,24,5,1389,1,22,7,3,7
2016300017657,1,9,0,9,0,5,0,0,0,0,1,1,6,2,25,5,1388,1,13,7,1,7
2016300017657,2,19,0,18,0,8,0,0,0,0,1,1,6,1,25,5,2402,2,9,7,1,7
2016300017658,1,19,0,7,0,6,0,0,0,0,3,1,1,1,-1,-1,2198,2,2,8,1,8
2016300017658,2,1,0,18,0,8,0,0,0,0,1,1,6,1,33,6,-1,-1,-1,4,2,4
2016300017660,1,9,0,18,0,0,1,0,7,4,1,1,6,1,18,4,1149,1,13,1,1,1
2016300017661,1,9,0,9,0,5,0,0,0,0,1,1,2,1,73,10,1560,2,4,9,1,9
2016300017666,1,9,0,18,0,0,0,0,0,0,2,1,6,1,36,7,2993,2,10,6,1,6
2016300017666,2,9,0,18,0,0,0,0,0,0,1,1,1,1,28,6,-1,-1,-1,1,1,1
2016300017666,3,9,0,18,0,0,0,0,0,0,1,1,1,1,67,10,1560,2,4,10,1,10
2016300017666,4,9,0,18,0,0,0,0,0,0,1,1,6,1,30,6,-1,-1,-1,4,1,4
2016300017666,5,9,0,18,0,0,0,0,0,0,1,1,6,1,36,7,1956,2,6,9,1,9
2016300017666,6,9,0,18,0,0,0,0,0,0,1,1,6,1,61,9,2993,2,1,10,1,10
2016300017666,7,9,0,18,0,0,0,0,0,0,1,1,6,1,29,6,-1,-1,-1,8,1,8
2016300017666,8,9,0,18,0,0,0,0,1,4,1,1,6,1,59,9,1868,2,17,2,1,2
2016300017667,1,9,0,18,0,1,1,0,0,0,1,1,6,1,-1,-1,1910,2,9,3,1,3
2016300017667,2,9,0,3,0,1,0,0,0,0,2,1,6,2,52,8,1248,1,1,7,1,7
2016300017670,1,3,0,5,0,8,0,0,0,0,2,1,2,1,19,4,125,1,-1,2,1,2
2016300017670,2,9,0,18,0,8,0,0,0,0,1,1,6,3,-1,-1,-1,-1,-1,-1,-1,-1
2016300017672,1,9,0,18,0,1,0,0,0,0,1,1,2,1,55,8,1686,2,9,6,1,6
2016300017673,1,9,0,10,0,1,0,0,0,0,2,1,1,2,56,9,1329,1,7,6,1,6
2016300017673,2,9,0,4,0,1,0,0,0,0,1,1,6,1,27,6,1998,2,12,4,1,4
2016300017673,3,20,0,16,0,2,0,0,0,0,1,1,1,1,43,7,4462,2,2,3,1,3
2016300017676,1,9,0,9,0,8,0,0,0,0,4,1,6,1,34,6,1598,1,12,2,1,2
2016300017676,2,9,0,18,0,8,0,0,0,0,1,1,6,1,22,5,1995,2,11,1,1,1
2016300017677,1,9,0,18,0,0,2,0,5,6,1,1,6,1,26,6,3246,1,14,5,3,5
2016300017677,2,9,0,12,0,0,0,0,4,6,2,1,6,1,43,7,1968,2,2,2,1,2
2016300017677,3,9,0,18,0,0,0,0,0,0,0,1,6,1,50,8,1870,2,14,9,1,9
2016300017677,4,9,0,18,0,0,0,0,0,0,0,1,6,1,-1,-1,875,1,1,4,1,4
2016300017681,1,9,0,5,0,6,0,0,0,0,4,1,6,1,31,6,1997,1,13,3,1,3
2016300017681,2,9,0,18,0,8,0,0,0,0,3,1,2,2,48,8,998,1,2,7,2,7
2016300017683,1,8,0,18,0,0,0,0,0,0,1,1,1,1,54,8,1896,2,8,2,1,2
2016300017683,2,9,0,18,0,0,0,0,0,0,3,1,2,1,47,8,-1,-1,-1,1,1,1
2016300017684,1,3,0,9,0,5,0,0,0,0,1,1,6,1,17,4,49,1,2,6,1,6
2016300017684,2,9,0,18,0,8,0,0,0,0,1,1,6,2,50,8,1995,2,3,7,2,7
2016300017686,1,9,0,1,0,2,0,0,7,0,2,1,6,2,31,6,1461,2,5,8,2,8
2016300017688,1,2,0,18,0,0,1,0,0,0,1,1,2,1,-1,-1,102,1,9,-1,-1,-1
2016300017688,2,9,0,3,0,0,0,0,0,0,1,1,6,2,48,8,1242,1,4,10,1,10
2016300017689,1,9,0,13,0,0,0,0,0,0,4,1,6,2,24,5,1896,2,13,2,1,2
2016300017689,2,9,0,18,0,0,5,0,1,0,3,1,6,1,32,6,1598,1,10,1,1,1
2016300017690,1,3,0,16,0,0,1,0,0,0,3,1,2,1,21,5,124,1,2,2,1,2
2016300017690,2,90,0,17,0,0,0,0,0,0,3,1,6,3,-1,-1,-1,-1,-1,-1,-1,-1
2016300017692,1,9,0,9,0,5,0,0,0,0,1,1,6,1,22,5,1199,1,12,-1,-1,-1
2016300017692,2,9,0,18,0,8,0,0,0,0,1,1,6,1,33,6,999,1,8,-1,-1,-1
2016300017694,1,9,0,7,0,1,0,0,0,0,4,1,6,2,62,9,1398,1,2,9,2,9
2016300017695,1,9,0,13,0,0,1,0,1,10,4,1,6,1,27,6,1598,1,15,5,2,5
2016300017695,2,9,0,18,0,0,0,0,0,0,3,1,6,1,21,5,1199,1,14,9,1,9
2016300017696,1,9,0,18,0,8,0,0,0,0,1,1,6,2,19,4,1242,1,2,8,1,8
2016300017696,2,8,0,9,0,8,0,0,0,0,1,1,6,1,37,7,1584,1,12,1,1,1
2016300017704,1,9,0,16,0,0,2,0,1,10,1,1,6,2,54,8,1596,1,11,7,3,7
2016300017705,1,19,0,9,0,6,0,0,0,0,1,1,6,1,26,6,1998,2,10,-1,-1,-1
2016300017705,2,9,0,2,0,2,0,0,0,0,1,1,6,1,45,7,998,1,1,6,1,6
2016300017706,1,9,0,9,0,6,0,0,0,0,3,1,6,2,31,6,1388,1,13,4,1,4
2016300017706,2,9,0,17,0,8,0,0,0,0,1,1,6,2,45,7,1999,1,9,3,1,3
2016300017707,1,9,0,18,0,0,5,0,7,4,3,1,6,1,63,9,1997,1,17,8,1,8
2016300017709,1,9,0,5,0,6,0,0,0,0,3,1,6,2,-1,-1,1598,1,14,-1,-1,-1
2016300017709,2,11,0,18,0,8,0,0,0,0,2,1,6,1,57,9,4250,2,13,9,1,9
2016300017711,1,9,0,18,0,1,0,0,0,0,2,1,6,2,53,8,1798,1,9,-1,-1,-1
2016300017711,2,9,0,4,0,1,0,0,0,0,2,1,6,2,38,7,2902,2,14,-1,-1,-1
2016300017711,3,9,0,4,0,1,0,0,0,0,1,1,6,1,19,4,1896,2,8,-1,-1,-1
2016300017714,1,9,0,18,0,8,0,0,0,0,1,1,3,1,43,7,1998,1,18,5,1,5
2016300017714,2,9,0,18,0,8,1,0,0,0,4,1,1,1,56,9,-1,-1,-1,4,2,4
2016300017722,1,9,0,4,0,0,0,0,0,0,2,1,2,2,25,5,1995,2,11,2,1,2
2016300017722,2,9,0,4,0,0,0,0,0,0,2,1,1,1,31,6,1360,1,14,1,1,1
2016300017722,3,9,0,4,0,0,0,0,0,0,1,1,2,1,42,7,-1,-1,-1,9,2,9
2016300017727,1,9,0,18,0,1,0,0,0,0,1,1,6,1,18,4,2495,2,11,-1,-1,-1
2016300017727,2,9,0,3,0,1,0,0,0,0,2,1,1,1,-1,-1,1686,2,5,8,1,8
2016300017736,1,19,0,5,0,6,0,0,0,0,1,1,1,1,20,4,2198,2,2,-1,-1,-1
2016300017736,2,1,0,17,0,8,0,0,0,0,1,1,6,1,56,9,-1,-1,-1,-1,-1,-1
2016300017738,1,9,0,17,0,0,1,10,1,9,4,1,6,1,51,8,1242,1,4,8,1,8
2016300017739,1,9,0,9,0,3,0,0,0,0,1,1,6,3,-1,-1,1390,1,9,7,1,7
2016300017739,2,9,0,7,0,4,0,0,0,0,1,1,6,1,26,6,973,1,15,10,1,10
2016300017740,1,9,0,13,0,0,0,0,0,0,1,1,6,1,18,4,1386,1,13,5,1,5
2016300017740,2,9,0,18,0,0,0,0,0,0,1,1,2,1,56,9,1968,2,1,4,1,4
2016300017740,3,9,0,18,0,0,0,0,0,0,3,1,6,1,49,8,1753,2,10,4,1,4
2016300017742,1,9,5,17,9,2,1,10,1,2,4,1,6,1,21,5,1686,2,12,1,1,1
2016300017745,1,90,0,18,0,0,0,0,0,0,1,1,6,3,-1,-1,-1,-1,-1,-1,-1,-1
2016300017745,2,9,0,18,0,0,0,0,1,0,2,1,2,1,56,9,1386,1,6,1,1,1
2016300017745,3,21,1,2,6,0,0,0,0,0,2,1,1,1,52,8,10800,2,4,-1,-1,-1
2016300017746,1,9,0,18,0,2,0,0,0,0,3,1,6,1,53,8,-1,-1,-1,9,3,9
2016300017746,2,10,0,2,0,1,0,0,0,0,0,1,1,3,-1,-1,2148,2,9,-1,-1,-1
2016300017751,1,9,0,4,0,1,0,0,0,0,1,1,2,1,-1,-1,1896,2,9,1,1,1
2016300017751,2,9,0,3,0,1,0,0,0,0,1,1,2,2,-1,-1,1995,2,11,7,2,7
2016300017751,3,8,0,18,0,2,0,0,0,0,1,1,1,1,-1,-1,-1,-1,-1,-1,-1,-1
2016300017753,1,9,0,3,0,1,0,0,0,0,2,1,6,2,27,6,1349,1,2,4,1,4
2016300017753,2,9,0,5,0,1,0,4,0,0,1,1,6,1,27,6,998,1,8,8,1,8
2016300017755,1,9,0,17,0,1,0,0,1,1,1,1,6,1,27,6,2736,1,15,5,3,5
2016300017755,2,9,0,5,0,6,0,0,0,0,0,1,6,1,61,9,2982,2,1,7,1,7
2016300017757,1,9,0,7,9,5,0,0,0,0,1,1,6,2,42,7,1392,1,18,-1,-1,-1
2016300017757,2,90,0,18,9,8,0,0,0,0,3,1,6,1,52,8,-1,-1,-1,4,1,4
2016300017767,1,90,0,18,9,0,0,0,0,0,1,1,6,1,-1,-1,-1,-1,-1,-1,-1,-1
2016300017768,1,9,0,7,0,6,0,0,0,0,1,1,6,2,17,4,1299,1,13,9,1,9
2016300017768,2,9,0,18,0,8,0,0,1,2,1,1,6,2,53,8,1590,1,14,9,2,9
2016300017771,1,9,0,18,0,0,0,0,0,0,1,1,6,2,-1,-1,-1,-1,-1,-1,-1,-1
2016300017774,1,21,0,18,0,2,0,0,0,0,1,1,1,1,21,5,6870,2,4,-1,-1,-1
2016300017774,2,19,0,18,0,2,0,0,0,0,2,1,1,1,35,6,2198,2,1,3,1,3
2016300017774,3,9,0,18,0,2,0,0,0,0,2,1,6,1,30,6,-1,-1,-1,8,3,8
2016300017774,4,9,0,18,0,2,0,0,0,0,2,1,1,2,45,7,1242,1,8,10,2,10
2016300017779,1,9,0,18,0,0,0,4,0,0,1,1,6,1,-1,-1,1896,2,18,-1,-1,-1
2016300017779,2,9,0,2,0,0,0,0,0,0,2,1,6,1,29,6,1596,1,11,2,1,2
2016300017779,3,9,0,18,0,0,0,0,0,0,3,1,6,1,44,7,2993,2,4,2,1,2
2016300017779,4,9,0,2,0,0,0,0,0,0,3,1,6,2,31,6,1200,1,1,3,1,3
2016300017786,1,9,0,4,0,1,0,0,0,0,1,1,1,1,53,8,1896,2,13,9,1,9
2016300017786,2,9,0,3,0,1,0,0,0,0,2,1,2,2,25,5,998,1,3,3,1,3
2016300017791,1,9,0,17,0,0,0,0,1,4,4,1,6,1,21,5,2979,1,-1,9,2,9
2016300017795,1,9,0,18,0,8,2,0,2,10,1,1,6,1,23,5,1598,2,5,6,3,6
2016300017795,2,9,0,18,0,6,0,0,0,0,1,1,6,2,29,6,1956,2,5,9,1,9
2016300017801,1,9,0,5,0,6,0,0,0,0,1,1,6,1,34,6,1598,1,9,4,1,4
2016300017801,2,9,0,18,0,8,0,0,0,0,3,1,1,1,41,7,998,1,16,1,1,1
2016300017804,1,11,0,18,0,0,0,0,0,0,0,1,1,1,30,6,9000,2,6,2,1,2
2016300017805,1,9,0,4,0,0,0,0,0,0,2,1,3,1,42,7,1240,1,9,1,1,1
2016300017805,2,1,0,4,0,0,0,0,0,0,1,1,1,1,27,6,-1,-1,-1,-1,-1,-1
2016300017812,1,9,0,5,0,6,0,0,0,0,1,1,6,2,45,7,1999,2,-1,-1,-1,-1
2016300017812,2,2,0,14,0,8,0,0,0,0,4,1,6,1,16,4,49,1,15,-1,-1,-1
2016300017812,3,90,0,2,0,1,0,0,0,0,0,1,6,3,-1,-1,-1,-1,-1,-1,-1,-1
2016300017813,1,9,0,11,0,0,1,0,1,4,2,1,6,1,19,4,1598,1,10,-1,-1,-1
2016300017818,1,10,0,18,0,0,0,6,8,10,1,1,3,2,53,8,-1,-1,-1,7,3,7
2016300017820,1,3,0,5,0,6,0,0,0,0,1,1,2,1,25,5,124,1,3,2,1,2
2016300017820,2,9,0,18,0,8,0,0,0,0,3,1,6,2,53,8,1242,1,15,-1,-1,-1
2016300017822,1,9,0,1,0,1,0,0,0,0,2,2,6,1,-1,-1,-1,-1,-1,-1,-1,-1
2016300017826,1,9,0,17,0,1,0,0,0,0,1,1,6,1,53,8,1242,1,8,5,1,5
2016300017827,1,9,0,16,0,0,5,0,1,4,1,1,6,1,23,5,1341,1,11,8,3,8
2016300017828,1,9,0,18,0,0,0,0,0,0,1,1,6,1,32,6,-1,-1,-1,9,3,9
2016300017828,2,9,0,6,0,0,0,0,1,10,4,1,6,2,18,4,1124,1,11,-1,-1,-1
2016300017836,1,9,0,18,0,0,2,0,0,0,1,1,6,1,21,5,1598,1,3,-1,-1,-1
2016300017836,2,9,0,2,0,0,0,0,0,0,1,1,6,2,40,7,-1,-1,-1,10,1,10
2016300017838,1,9,0,5,0,0,0,0,0,0,2,1,6,1,27,6,1242,1,15,7,1,7
2016300017838,2,9,0,2,0,0,0,0,0,0,1,1,6,2,48,8,1390,1,8,7,1,7
2016300017841,1,9,0,18,0,0,0,0,0,0,1,1,6,2,31,6,1598,1,3,2,1,2
2016300017841,2,90,0,2,0,0,0,0,0,0,0,1,6,3,-1,-1,-1,-1,-1,-1,-1,-1
2016300017842,1,9,0,9,0,5,0,0,0,0,1,1,1,1,22,5,-1,-1,-1,6,1,6
2016300017842,2,5,0,5,0,8,0,0,0,0,1,1,2,1,38,7,749,1,6,9,1,9
2016300017844,1,19,0,9,0,5,0,0,0,0,4,1,1,1,37,7,1598,2,1,3,2,3
2016300017844,2,9,0,18,0,8,0,0,0,0,1,1,6,1,66,10,2000,2,5,8,2,8
2016300017850,1,9,0,5,0,0,0,0,0,0,1,1,6,2,27,6,1598,1,10,-1,-1,-1
2016300017855,1,1,0,7,0,2,0,0,0,0,2,1,2,1,56,9,-1,-1,-1,1,1,1
2016300017855,2,9,0,7,0,2,0,0,0,0,4,1,6,3,-1,-1,-1,-1,-1,-1,-1,-1
2016300017857,1,9,0,18,0,0,0,0,0,0,1,1,6,2,37,7,1150,1,11,4,1,4
2016300017857,2,9,0,18,0,0,0,0,0,0,1,1,6,1,47,8,1956,2,1,-1,-1,-1
2016300017864,1,9,0,18,0,2,0,0,0,0,1,1,6,2,18,4,1229,1,8,-1,-1,-1
2016300017865,1,4,0,4,0,1,1,0,0,0,0,1,6,1,20,4,124,1,4,4,1,4
2016300017871,1,9,0,7,0,5,0,0,0,0,1,1,6,2,22,5,1968,2,10,-1,-1,-1
2016300017871,2,1,0,18,0,1,0,0,0,0,1,1,6,2,24,5,-1,-1,-1,-1,-1,-1
2016300017875,1,9,0,18,0,0,2,0,7,0,0,1,6,2,29,6,998,1,11,7,1,7
2016300017876,1,9,0,18,0,0,0,0,0,0,1,1,6,1,20,4,1328,1,15,5,2,5
2016300017876,2,9,0,4,0,0,0,0,0,0,2,1,6,1,20,4,1149,1,16,-1,-1,-1
2016300017876,3,9,0,4,0,0,0,0,0,0,2,1,6,2,41,7,-1,-1,-1,8,2,8
2016300017879,1,9,0,18,0,8,0,0,0,0,3,1,6,2,-1,-1,1796,1,13,2,1,2
2016300017879,2,9,0,18,0,8,0,0,0,0,4,1,6,2,58,9,1390,1,4,8,1,8