Accident_Index,Vehicle_Reference,Vehicle_Type,Towing_and_Articulation,Vehicle_Manoeuvre,Vehicle_Location-Restricted_Lane,Junction_Location,Skidding_and_Overturning,Hit_Object_in_Carriageway,Vehicle_Leaving_Carriageway,Hit_Object_off_Carriageway,1st_Point_of_Impact,Was_Vehicle_Left_Hand_Drive?,Journey_Purpose_of_Driver,Sex_of_Driver,Age_of_Driver,Age_Band_of_Driver,Engine_Capacity_(CC),Propulsion_Code,Age_of_Vehicle,Driver_IMD_Decile,Driver_Home_Area_Type,Vehicle_IMD_Decile
2016300018623,2,9,0,18,0,8,0,11,0,0,4,1,2,1,50,8,1997,1,20,-1,-1,-1
2016300018627,1,9,0,9,0,2,1,0,1,10,1,1,2,2,20,4,1242,1,1,4,1,4
2016300018632,1,9,0,1,0,0,0,0,0,0,2,1,6,2,26,6,1968,2,-1,7,1,7
2016300018633,1,9,0,18,0,8,0,0,0,0,4,1,6,1,54,8,1596,1,11,1,1,1
2016300018633,2,8,0,7,0,6,0,0,0,0,1,1,2,1,35,6,1997,2,10,-1,-1,-1
2016300018638,1,9,0,18,0,0,0,0,0,0,2,1,6,1,26,6,1598,1,8,1,1,1
2016300018638,2,9,0,4,0,0,0,0,0,0,1,1,6,2,20,4,1388,1,6,9,1,9
2016300018644,1,3,0,17,0,1,1,0,0,0,0,1,1,1,25,5,124,1,-1,3,1,3
2016300018645,1,9,0,18,0,0,5,10,0,0,1,1,6,1,47,8,1798,1,9,2,1,2
2016300018646,1,9,0,5,0,0,0,0,0,0,4,1,6,1,61,9,1968,2,2,-1,-1,-1
2016300018650,1,9,0,13,0,0,0,0,0,0,1,1,6,1,-1,-1,1390,1,4,6,1,6
2016300018650,2,19,0,18,0,0,0,0,0,0,2,1,1,1,41,7,5880,2,11,8,3,8
2016300018652,1,1,0,18,0,3,0,0,0,0,1,1,6,1,57,9,-1,-1,-1,1,1,1
2016300018652,2,9,0,9,0,4,0,0,0,0,3,1,1,1,56,9,-1,-1,-1,4,1,4
2016300018653,1,11,0,4,0,0,0,0,0,0,0,1,1,1,40,7,7300,2,7,5,1,5
2016300018663,1,5,0,17,0,0,5,0,1,0,1,1,6,1,54,8,599,1,6,4,2,4
2016300018664,1,19,0,9,0,5,0,0,0,0,4,1,6,1,34,6,1870,2,13,7,1,7
2016300018664,2,1,0,18,0,8,0,0,0,0,1,1,6,1,-1,-1,-1,-1,-1,5,1,5
2016300018666,1,9,0,18,0,4,0,0,0,0,1,1,6,2,74,10,1197,1,2,-1,-1,-1
2016300018666,2,1,0,18,0,8,0,0,0,0,4,1,6,1,29,6,-1,-1,-1,-1,-1,-1
2016300018674,1,9,0,16,0,0,0,0,0,0,1,1,6,1,67,10,1968,2,8,5,1,5
2016300018674,2,9,0,17,0,0,0,0,0,0,3,1,6,1,51,8,2204,2,9,5,1,5
2016300018676,1,9,0,18,0,0,1,0,5,6,1,1,6,2,68,10,1364,1,9,6,1,6
2016300018677,1,9,0,18,0,0,0,0,0,0,2,1,6,2,48,8,1560,2,3,6,3,6
2016300018677,2,9,0,18,0,0,0,0,0,0,1,1,6,1,75,10,1560,2,3,8,2,8
2016300018677,3,9,0,18,0,0,0,0,0,0,1,1,6,1,71,10,996,1,3,4,1,4
2016300018683,1,21,1,5,0,1,0,0,0,0,1,1,1,1,46,8,10837,2,1,8,1,8
2016300018683,2,9,0,3,0,1,0,0,0,0,2,1,1,2,58,9,-1,-1,-1,10,1,10
2016300018686,1,21,1,18,0,0,1,0,0,0,1,1,1,1,34,6,12902,2,2,4,1,4
2016300018686,2,2,0,18,0,0,1,0,0,0,2,1,2,1,17,4,49,1,2,3,1,3
2016300018686,3,9,0,4,0,0,1,1,1,4,1,1,2,2,30,6,1461,2,8,5,1,5
2016300018690,1,9,0,18,0,8,0,0,0,0,1,1,6,2,18,4,1598,1,14,9,1,9
2016300018690,2,9,0,9,0,4,0,0,0,0,3,1,6,2,36,7,1598,1,16,9,1,9
2016300018691,1,9,0,3,0,0,0,0,0,0,2,1,1,1,30,6,1796,1,8,1,1,1
2016300018691,2,9,0,18,0,0,0,0,0,0,1,1,6,1,31,6,1364,1,2,-1,-1,-1
2016300018695,1,9,0,18,0,0,0,0,0,0,1,1,1,1,23,5,1968,2,3,4,1,4
2016300018695,2,19,0,4,0,0,0,0,0,0,2,1,1,1,21,5,1248,2,3,4,1,4
2016300018695,3,19,0,4,0,0,0,0,0,0,2,1,1,1,32,6,2198,2,8,8,1,8
2016300018695,4,19,0,4,0,0,0,0,0,0,2,1,1,1,28,6,1968,2,1,6,1,6
2016300018697,1,9,0,4,0,0,0,0,0,0,1,1,6,1,-1,-1,-1,-1,-1,-1,-1,-1
2016300018697,2,9,0,3,0,0,0,0,0,0,2,1,1,2,47,8,1995,2,3,7,3,7
2016300018698,1,19,0,3,0,2,0,0,0,0,2,1,1,1,26,6,2143,2,3,-1,-1,-1
2016300018698,2,9,0,18,0,2,0,0,0,0,1,1,6,2,20,4,1199,1,15,2,1,2
2016300018702,1,3,0,18,0,0,0,0,0,0,3,1,6,1,17,4,125,1,1,-1,-1,-1
2016300018702,2,3,0,18,0,0,0,0,0,0,4,1,6,1,17,4,125,1,11,-1,-1,-1
2016300018704,1,9,0,18,0,0,0,0,0,0,4,1,1,1,62,9,-1,-1,-1,1,1,1
2016300018706,1,9,0,18,0,4,0,0,0,0,1,1,6,2,-1,-1,1997,2,1,8,3,8
2016300018706,2,1,0,18,0,8,0,0,0,0,2,1,6,2,22,5,-1,-1,-1,8,3,8
2016300018707,1,90,0,11,0,8,0,0,0,0,1,1,6,1,-1,-1,-1,-1,-1,-1,-1,-1
2016300018707,2,9,0,3,0,8,0,0,0,0,1,1,2,2,31,6,1149,1,8,8,1,8
2016300018717,1,9,0,7,0,2,0,0,0,0,3,1,6,1,54,8,1753,2,15,3,1,3
2016300018717,2,1,0,18,0,2,0,0,0,0,1,1,6,1,32,6,-1,-1,-1,1,1,1
2016300018718,1,9,0,5,0,1,0,0,0,0,1,1,6,1,54,8,1968,2,2,3,1,3
2016300018718,2,1,0,18,0,1,0,0,0,0,1,1,6,1,14,3,-1,-1,-1,-1,-1,-1
2016300018722,1,9,0,18,0,3,0,0,1,10,4,1,6,1,36,7,1587,1,11,-1,-1,-1
2016300018722,2,9,0,18,0,4,0,0,0,0,1,1,6,1,78,11,1198,1,6,4,1,4
2016300018723,1,9,0,1,0,1,0,0,0,0,2,1,6,2,-1,-1,3246,1,13,7,2,7
2016300018724,1,9,0,16,0,0,2,0,1,10,1,1,6,1,43,7,1999,1,14,-1,-1,-1
2016300018726,1,9,0,4,0,0,0,0,0,0,2,1,6,2,37,7,1685,2,5,-1,-1,-1
2016300018726,2,3,0,4,0,0,0,0,0,0,1,1,6,1,19,4,124,1,2,-1,-1,-1
2016300018728,1,19,0,9,0,6,0,0,0,0,4,1,1,1,49,8,1686,2,13,7,1,7
2016300018728,2,20,1,2,0,8,0,0,0,0,3,1,1,1,39,7,-1,-1,-1,-1,-1,-1
2016300018728,3,1,0,14,0,8,0,0,0,0,1,1,6,1,35,6,-1,-1,-1,-1,-1,-1
2016300018730,1,5,0,13,0,8,0,0,0,0,1,1,6,1,49,8,1352,1,7,3,1,3
2016300018730,2,9,0,9,0,5,0,0,0,0,3,1,1,1,31,6,1598,2,1,2,2,2
2016300018735,1,9,0,18,0,1,0,0,0,0,1,1,6,2,19,4,1997,1,8,8,1,8
2016300018735,2,9,0,10,0,8,0,0,0,0,2,1,6,1,60,9,1560,2,2,2,1,2
2016300018737,1,9,0,10,0,1,0,0,0,0,2,1,6,1,35,6,1598,1,8,3,1,3
2016300018737,2,9,0,18,0,1,0,0,0,0,1,1,6,2,29,6,999,1,8,10,1,10
2016300018746,1,1,0,9,0,6,0,0,0,0,1,1,6,1,48,8,-1,-1,-1,8,2,8
2016300018746,2,9,0,7,0,5,0,0,0,0,1,1,6,2,27,6,-1,-1,-1,8,3,8
2016300018748,1,9,0,9,0,6,0,0,0,0,1,1,6,2,55,8,1388,1,7,8,1,8
2016300018748,2,9,0,18,0,8,0,0,0,0,1,1,6,1,54,8,1951,2,10,5,1,5
2016300018749,1,9,0,12,0,8,1,0,1,0,1,1,6,2,47,8,1149,1,7,-1,-1,-1
2016300018759,1,9,0,18,0,1,0,0,0,0,1,1,2,2,58,9,1995,1,9,10,1,10
2016300018759,2,9,0,3,0,1,0,0,0,0,2,1,6,1,19,4,1149,1,12,5,1,5
2016300018760,1,9,0,17,0,0,1,0,1,10,1,1,6,1,18,4,1149,1,8,-1,-1,-1
2016300018761,1,9,0,6,0,0,0,0,0,0,3,1,6,1,46,8,1242,1,5,3,1,3
2016300018761,2,5,0,18,0,0,0,0,0,0,1,1,6,1,48,8,1000,1,1,2,1,2
2016300018764,1,19,0,18,0,1,0,0,0,0,1,1,2,1,40,7,1560,2,2,9,1,9
2016300018764,2,9,0,3,0,1,0,0,0,0,2,1,6,1,45,7,998,1,-1,7,3,7
2016300018765,1,9,0,18,0,0,0,0,0,0,1,1,6,1,63,9,1596,1,13,1,1,1
2016300018766,1,9,0,18,0,0,0,0,1,10,1,1,6,1,44,7,1999,1,8,7,2,7
2016300018769,1,9,0,18,0,8,0,0,0,0,1,1,6,1,62,9,-1,-1,-1,6,1,6
2016300018769,2,9,0,9,0,5,0,0,0,0,1,1,6,2,57,9,1364,1,10,6,1,6
2016300018772,1,19,0,9,0,6,0,0,0,0,3,1,1,1,67,10,2143,2,-1,2,1,2
2016300018772,2,5,0,18,0,8,5,0,0,0,1,1,1,1,50,8,1170,1,1,5,1,5
2016300018778,1,9,0,7,0,6,0,0,0,0,1,1,6,2,46,8,1598,1,5,1,1,1
2016300018778,2,9,0,18,0,1,0,0,0,0,1,1,6,2,31,6,1388,1,7,2,1,2
2016300018778,3,9,0,18,0,1,0,0,0,0,1,1,6,1,51,8,2179,2,9,5,2,5
2016300018779,1,9,0,18,0,0,0,0,7,3,1,1,6,1,33,6,2521,1,10,9,1,9
2016300018780,1,9,0,9,0,5,0,0,0,0,3,1,2,2,50,8,1388,1,14,9,2,9
2016300018780,2,2,0,13,0,8,0,0,0,0,4,1,1,1,17,4,49,1,7,7,2,7
2016300018784,1,9,0,18,0,0,0,0,0,0,1,1,6,1,42,7,1769,1,12,8,1,8
2016300018784,2,9,0,3,0,0,0,0,0,0,2,1,6,2,75,10,995,1,5,2,1,2
2016300018785,1,9,0,12,0,1,0,0,0,0,3,1,6,1,69,10,1339,1,8,-1,-1,-1
2016300018785,2,9,0,18,0,1,0,0,0,0,4,1,6,2,27,6,1598,1,8,2,1,2
2016300018791,1,9,0,9,0,4,0,0,1,10,1,1,6,1,28,6,1968,2,9,5,1,5
2016300018794,1,9,0,18,0,0,2,0,0,0,1,1,6,2,25,5,1600,1,12,6,1,6
2016300018794,2,9,0,2,0,0,0,0,0,0,2,1,6,2,25,5,1242,1,8,5,3,5
2016300018797,1,9,0,18,0,3,0,0,0,0,4,1,6,1,-1,-1,-1,-1,-1,-1,-1,-1
2016300018803,1,9,0,18,0,0,0,0,0,0,1,1,2,2,40,7,2179,2,9,3,1,3
2016300018803,2,19,0,3,0,0,0,0,0,0,0,1,1,3,-1,-1,-1,-1,-1,-1,-1,-1
2016300018808,1,19,0,4,0,0,1,0,0,0,1,1,2,1,20,4,1896,2,20,7,1,7
2016300018808,2,9,0,4,0,0,0,0,0,0,2,1,6,1,54,8,2438,1,17,6,1,6
2016300018809,1,19,0,9,0,5,0,0,0,0,3,1,6,1,58,9,1870,2,10,9,2,9
2016300018809,2,4,0,13,0,8,0,0,0,0,1,1,6,1,18,4,125,1,1,7,3,7
2016300018810,1,9,0,5,0,4,0,0,0,0,1,1,2,2,44,7,-1,-1,-1,5,2,5
2016300018810,2,9,0,18,0,4,0,0,0,0,2,1,2,1,51,8,1598,1,11,2,1,2
2016300018812,1,9,0,7,0,5,0,0,0,0,1,1,1,1,42,7,1798,1,9,3,2,3
2016300018813,1,9,0,18,0,0,0,0,0,0,1,1,6,2,18,4,998,1,15,-1,-1,-1
2016300018813,2,9,0,2,0,0,0,0,0,0,2,1,2,2,54,8,1956,2,1,-1,-1,-1
2016300018814,1,19,0,18,0,0,0,0,0,0,1,1,1,1,60,9,2143,2,4,4,1,4
2016300018814,2,9,0,18,0,0,0,0,0,0,1,1,6,2,26,6,1229,1,7,3,1,3
2016300018814,3,9,0,18,0,0,0,0,0,0,1,1,6,1,20,4,1968,2,12,2,1,2
2016300018814,4,9,0,18,0,0,0,0,0,0,1,1,6,1,29,6,1598,1,11,4,1,4
2016300018814,5,9,0,4,0,0,0,0,0,0,2,1,6,1,20,4,1998,1,12,6,1,6
2016300018817,1,9,0,18,0,1,0,0,0,0,1,1,6,2,33,6,1390,1,3,-1,-1,-1
2016300018820,1,9,0,18,0,0,0,0,0,0,1,1,6,2,-1,-1,-1,-1,-1,-1,-1,-1
2016300018826,1,9,0,18,0,0,0,0,0,0,1,1,6,2,-1,-1,-1,-1,-1,-1,-1,-1
2016300018827,1,10,0,5,0,6,0,0,0,0,0,1,1,1,46,8,-1,-1,-1,5,1,5
2016300018827,2,5,0,18,0,8,0,0,0,0,1,1,1,1,33,6,892,1,15,2,1,2
2016300018827,3,90,0,18,0,8,0,0,0,0,1,1,6,3,-1,-1,-1,-1,-1,-1,-1,-1
2016300018828,1,9,0,9,0,5,0,0,0,0,1,1,6,1,51,8,1956,2,1,2,3,2
2016300018828,2,9,0,18,0,8,0,0,0,0,1,1,6,1,29,6,1968,2,6,4,1,4
2016300018834,1,9,0,9,0,6,0,0,0,0,1,1,6,1,-1,-1,2435,1,15,5,1,5
2016300018834,2,9,0,18,0,8,0,0,0,0,2,1,6,2,32,6,1497,1,13,5,1,5
2016300018836,1,90,1,13,0,0,0,0,0,0,4,1,1,1,65,9,-1,-1,-1,8,1,8
2016300018836,2,1,0,18,0,0,0,0,0,0,1,1,6,1,32,6,-1,-1,-1,8,2,8
2016300018839,1,9,0,18,0,0,0,0,0,0,4,1,6,2,67,10,1598,1,4,-1,-1,-1
2016300018839,2,21,1,12,0,0,0,0,0,0,3,2,1,1,41,7,-1,-1,-1,-1,-1,-1
2016300018847,1,9,0,18,0,0,0,0,0,0,1,1,6,1,81,11,2143,2,5,6,1,6
2016300018849,1,9,0,18,0,0,1,0,1,7,1,1,6,1,23,5,1995,2,7,1,1,1
2016300018853,1,9,0,18,0,8,0,0,1,1,3,1,6,2,72,10,1685,2,1,6,1,6
2016300018853,2,9,0,11,0,3,0,0,0,0,4,1,6,2,55,8,1598,1,3,9,1,9
2016300018855,1,9,0,18,0,2,0,0,0,0,1,1,6,2,34,6,998,1,7,4,1,4
2016300018855,2,9,0,18,0,2,0,0,0,0,2,1,6,2,39,7,1968,2,1,3,1,3
2016300018856,1,90,0,5,0,1,0,0,0,0,1,1,6,1,81,11,-1,-1,-1,-1,-1,-1
2016300018856,2,1,0,5,0,1,0,0,0,0,1,1,6,1,5,1,-1,-1,-1,-1,-1,-1
2016300018858,1,9,0,18,0,0,0,0,5,6,3,1,6,2,24,5,1395,1,1,1,1,1
2016300018859,1,11,0,18,0,0,0,0,0,0,0,1,6,1,57,9,7300,2,7,2,1,2
2016300018863,1,8,0,12,0,0,0,0,0,0,3,1,2,1,52,8,1896,2,7,6,1,6
2016300018863,2,9,0,18,0,0,0,0,0,0,4,1,3,1,40,7,2993,2,2,6,1,6
2016300018864,1,9,0,18,0,8,0,10,0,0,1,1,6,1,86,11,1598,1,13,10,2,10
2016300018864,2,9,0,7,0,3,0,0,0,0,3,1,6,1,21,5,1242,1,4,10,2,10
2016300018865,1,10,4,13,0,0,0,0,0,0,4,1,6,1,64,9,2400,2,12,8,1,8
2016300018865,2,1,0,16,0,0,0,0,0,0,3,1,6,1,53,8,-1,-1,-1,10,1,10
2016300018867,1,11,0,16,0,0,0,0,0,0,0,1,1,1,28,6,7300,2,7,1,1,1
2016300018868,1,9,3,18,0,0,5,0,0,0,1,1,6,1,48,8,2495,2,19,-1,-1,-1
2016300018870,1,3,0,17,0,0,0,0,1,0,0,1,6,2,45,7,124,1,5,5,1,5
2016300018872,1,9,0,18,0,0,0,10,0,0,4,1,6,2,18,4,1299,1,11,4,1,4
2016300018873,1,9,0,14,0,1,0,0,0,0,1,1,2,1,34,6,1796,1,14,5,1,5
2016300018873,2,11,0,2,0,1,0,0,0,0,0,1,1,3,-1,-1,-1,-1,-1,-1,-1,-1
2016300018874,1,9,0,7,0,6,0,0,0,0,1,1,6,1,21,5,1299,1,12,3,1,3
2016300018874,2,9,0,18,0,8,0,0,0,0,4,1,6,1,43,7,1686,2,5,1,1,1
2016300018881,1,9,0,9,0,5,0,0,0,0,3,1,6,2,25,5,1798,2,2,1,1,1
2016300018881,2,5,0,13,0,8,0,0,0,0,1,1,6,1,54,8,955,1,17,8,1,8
2016300018883,1,9,0,18,0,8,0,0,0,0,1,1,2,1,26,6,1896,2,10,6,1,6
2016300018883,2,9,0,7,0,6,0,0,0,0,1,1,6,2,31,6,1198,1,3,4,1,4
2016300018886,1,9,0,9,0,6,0,0,0,0,3,1,2,2,31,6,1149,1,12,3,1,3
2016300018886,2,4,0,18,0,8,0,0,0,0,1,1,2,1,39,7,124,1,16,1,1,1
2016300018892,1,9,0,9,0,8,0,0,3,0,3,1,1,1,47,8,1388,1,9,9,3,9
2016300018892,2,9,0,18,0,8,0,0,0,0,1,1,1,1,61,9,2226,1,28,4,2,4
2016300018893,1,19,0,17,0,0,0,0,0,0,4,1,1,1,31,6,2287,2,3,2,1,2
2016300018895,1,9,0,3,0,1,0,0,0,0,2,1,6,2,34,6,1461,2,5,8,1,8
2016300018895,2,9,0,18,0,1,0,0,0,0,1,1,6,1,-1,-1,2000,1,9,7,3,7
2016300018899,1,9,0,9,0,5,0,0,0,0,1,1,6,2,51,8,1796,1,6,7,1,7
2016300018900,1,9,0,5,0,6,0,2,1,9,1,1,6,2,26,6,1596,1,13,5,1,5
2016300018900,2,9,0,18,0,8,0,0,0,0,4,1,6,2,23,5,1364,1,9,2,1,2
2016300018904,1,9,0,18,0,8,0,0,0,0,1,1,6,1,22,5,1686,2,8,6,1,6
2016300018904,2,9,0,9,0,6,0,0,0,0,3,1,6,1,49,8,1834,1,15,-1,-1,-1
2016300018911,1,9,0,18,0,8,0,0,0,0,1,1,3,2,38,7,1598,1,13,2,2,2
2016300018911,2,9,0,9,0,5,0,0,0,0,1,1,6,2,58,9,1598,1,9,3,1,3
2016300018914,1,9,0,18,0,1,0,0,0,0,1,1,6,1,-1,-1,1998,2,12,1,1,1
2016300018914,2,9,0,4,0,1,0,0,0,0,2,1,6,2,25,5,1560,2,9,2,1,2
2016300018915,1,9,0,4,9,0,0,0,0,0,4,1,6,2,-1,-1,-1,-1,-1,-1,-1,-1
2016300018916,1,9,0,14,0,0,0,0,0,0,1,1,6,1,-1,-1,1582,2,7,10,2,10
2016300018916,2,11,0,5,0,0,0,0,0,0,1,1,1,1,54,8,4250,2,7,6,1,6
2016300018923,1,10,0,4,0,0,0,0,0,0,2,1,1,1,64,9,-1,-1,-1,3,1,3
2016300018923,2,9,0,4,0,0,0,0,0,0,2,1,6,2,38,7,1997,2,6,8,2,8
2016300018923,3,9,0,4,0,0,0,0,0,0,1,1,6,1,78,11,1598,1,2,9,2,9
2016300018924,1,9,0,18,0,8,0,0,0,0,3,1,2,2,38,7,1229,1,3,10,1,10
2016300018924,2,9,0,7,0,6,0,0,0,0,1,1,6,1,22,5,1600,2,7,-1,-1,-1
2016300018925,1,9,0,5,0,4,0,0,0,0,3,1,6,1,-1,-1,1796,1,15,-1,-1,-1
2016300018925,2,9,0,18,0,8,0,0,0,0,1,1,6,2,-1,-1,1560,2,5,-1,-1,-1
2016300018926,1,9,0,18,0,8,0,0,1,10,4,1,6,1,53,8,2993,2,2,-1,-1,-1
2016300018926,2,9,0,9,0,6,0,0,0,0,1,1,6,1,61,9,2179,2,4,-1,-1,-1
2016300018927,1,11,0,5,0,8,0,0,0,0,3,1,1,1,53,8,4250,2,5,6,1,6
2016300018927,2,9,0,7,0,8,0,0,0,0,1,1,3,1,73,10,1989,1,17,3,1,3
2016300018931,1,2,0,18,0,2,0,0,0,0,1,1,6,2,54,8,49,1,3,-1,-1,-1
2016300018931,2,9,0,4,0,2,0,0,0,0,2,1,6,1,60,9,-1,-1,-1,-1,-1,-1
2016300018934,1,9,0,4,0,0,0,0,0,0,2,1,6,2,24,5,1422,2,7,2,2,2
2016300018934,2,3,0,4,0,0,0,0,0,0,1,1,6,1,22,5,124,1,6,-1,-1,-1
2016300018935,1,9,0,18,0,0,0,0,0,0,4,1,6,3,-1,-1,-1,-1,-1,-1,-1,-1
2016300018946,1,5,0,13,0,0,0,0,0,0,4,1,6,1,23,5,599,1,18,3,1,3
2016300018946,2,9,0,12,0,0,0,0,0,0,3,1,2,2,27,6,1390,1,16,6,1,6
2016300018947,1,9,0,16,0,0,0,0,7,7,3,1,6,2,21,5,998,1,1,-1,-1,-1
2016300018950,1,9,0,1,0,0,0,0,0,0,2,1,6,1,-1,-1,1229,1,2,-1,-1,-1
2016300018953,1,9,0,17,0,2,0,0,0,0,4,1,6,1,-1,-1,1598,1,14,-1,-1,-1
2016300018953,2,9,0,17,0,2,0,0,0,0,3,1,6,1,37,7,1598,2,5,7,3,7
2016300018956,1,9,0,14,0,1,0,0,0,0,1,1,6,2,28,6,998,1,4,2,1,2
2016300018956,2,9,0,18,0,2,0,0,0,0,1,1,6,1,48,8,1596,1,19,-1,-1,-1
2016300018956,3,90,0,2,0,1,0,0,0,0,0,1,6,3,-1,-1,-1,-1,-1,-1,-1,-1
2016300018957,1,5,0,18,0,0,2,0,0,0,1,1,6,1,40,7,750,1,20,5,1,5
2016300018959,1,9,0,18,0,2,0,0,0,0,3,1,6,1,69,10,1499,2,3,-1,-1,-1
2016300018959,2,19,0,2,0,1,0,0,0,0,0,1,6,3,-1,-1,-1,-1,-1,-1,-1,-1
2016300018962,1,4,0,18,0,8,0,0,0,0,1,1,6,1,46,8,600,1,19,-1,-1,-1
2016300018962,2,9,0,9,0,6,0,0,0,0,1,1,6,1,61,9,1388,1,5,10,1,10
2016300018966,1,9,0,7,0,6,0,0,0,0,1,1,6,1,81,11,1328,1,5,4,1,4
2016300018966,2,9,0,18,0,8,0,0,0,0,1,1,6,2,40,7,1753,2,10,9,1,9
2016300018968,1,9,0,18,0,3,0,0,0,0,1,1,6,1,33,6,1598,1,13,1,1,1
2016300018970,1,9,0,18,0,0,0,0,0,0,4,1,6,2,26,6,1560,2,6,9,1,9
2016300018970,2,19,3,18,0,0,4,0,4,6,3,1,6,1,65,9,2287,2,4,7,3,7
2016300018975,1,19,0,9,0,2,0,0,0,0,1,1,1,1,23,5,2143,2,3,9,2,9
2016300018975,2,9,0,18,0,8,1,0,0,0,1,1,6,2,69,10,1388,1,14,9,2,9
2016300018975,3,9,0,18,0,1,0,0,0,0,1,1,6,2,37,7,2171,2,13,9,2,9
2016300018978,1,9,0,18,0,1,0,0,0,0,3,1,6,3,-1,-1,-1,-1,-1,-1,-1,-1
2016300018978,2,1,0,18,0,1,0,0,0,0,2,1,6,1,57,9,-1,-1,-1,3,1,3
2016300018979,1,8,0,18,0,2,0,0,0,0,1,1,6,1,56,9,1968,2,8,-1,-1,-1
2016300018980,1,9,0,18,0,0,0,11,0,0,1,1,6,2,25,5,973,1,13,6,1,6
2016300018980,2,19,0,2,0,0,0,0,0,0,2,1,1,3,-1,-1,2299,2,1,-1,-1,-1
2016300018980,3,9,0,2,9,0,0,0,0,0,3,1,6,1,55,8,2198,1,13,4,1,4
2016300018980,4,9,0,2,9,0,0,0,0,0,1,1,6,2,38,7,1398,1,-1,5,1,5
2016300018981,1,3,0,4,0,0,2,0,0,0,1,1,6,1,19,4,124,1,8,6,1,6
2016300018981,2,9,0,4,0,0,0,0,0,0,2,1,6,1,71,10,1398,2,8,6,2,6
2016300018985,1,9,0,4,0,0,0,0,0,0,1,1,6,3,-1,-1,2000,2,6,-1,-1,-1
2016300018985,2,9,0,4,0,0,0,0,0,0,2,1,6,1,77,11,1796,1,13,10,1,10
2016300018986,1,9,0,5,0,6,0,0,0,0,1,1,6,1,23,5,1198,1,12,9,1,9
2016300018986,2,9,0,17,0,1,0,0,0,0,1,1,6,1,24,5,1686,2,11,1,1,1
2016300018986,3,9,0,2,0,2,0,0,0,0,3,1,6,2,-1,-1,1390,1,12,1,1,1
2016300018990,1,9,0,9,0,5,0,0,0,0,4,1,6,1,39,7,1598,1,9,9,1,9
2016300018990,2,1,0,9,0,1,0,0,0,0,1,1,2,1,41,7,-1,-1,-1,10,1,10
2016300018991,1,9,0,18,0,7,0,0,0,0,2,1,1,1,27,6,1998,2,15,5,1,5
2016300018991,2,9,0,5,0,7,0,0,0,0,1,1,2,1,51,8,-1,-1,-1,1,1,1
2016300018992,1,9,0,5,9,0,0,0,0,0,2,1,3,2,29,6,1390,1,12,3,1,3
2016300018993,1,1,0,18,4,8,0,0,0,0,2,1,1,1,27,6,-1,-1,-1,4,1,4
2016300018993,2,19,0,7,0,5,0,0,0,0,1,1,1,1,50,8,2198,2,2,6,1,6
2016300018994,1,19,0,5,0,6,0,0,0,0,1,1,1,1,44,7,1686,2,14,3,1,3
2016300018994,2,9,0,18,0,8,0,0,1,10,4,1,2,2,55,8,1998,1,11,10,1,10
2016300018996,1,9,0,4,0,1,0,0,0,0,2,1,6,2,39,7,1968,2,7,7,1,7
2016300018996,2,2,0,18,0,1,1,0,1,0,1,1,6,1,16,4,49,1,2,6,2,6
2016300018997,1,9,0,14,0,0,0,0,0,0,1,1,6,1,40,7,1995,2,-1,-1,-1,-1
2016300018997,2,9,0,17,0,0,1,0,0,0,1,1,6,1,59,9,1329,1,5,5,1,5
2016300018997,3,21,1,2,0,0,0,0,0,0,0,1,1,3,-1,-1,-1,-1,-1,-1,-1,-1
2016300019008,1,9,0,5,0,4,0,0,0,0,1,1,2,1,43,7,1956,2,2,9,2,9
2016300019008,2,1,0,18,0,8,0,0,0,0,1,1,2,1,54,8,-1,-1,-1,7,3,7
2016300019009,1,9,0,14,0,0,0,0,0,0,4,1,6,1,30,6,1968,2,12,1,1,1
2016300019009,2,90,0,2,0,0,0,0,0,0,0,1,6,3,-1,-1,-1,-1,-1,-1,-1,-1
2016300019015,1,9,0,16,0,5,1,0,0,0,1,1,6,2,48,8,1796,1,12,2,1,2
2016300019015,2,9,0,16,0,7,0,0,0,0,3,1,6,1,55,8,1794,1,11,2,1,2
2016300019016,1,9,0,4,0,0,0,0,0,0,2,1,2,2,48,8,1968,2,11,3,3,3
2016300019016,2,9,0,4,0,0,0,0,0,0,2,1,2,1,25,5,1329,1,4,2,1,2
2016300019016,3,9,0,4,0,0,0,0,0,0,1,1,2,1,23,5,-1,-1,-1,5,1,5
2016300019020,1,9,0,9,0,6,0,0,0,0,3,1,6,1,56,9,1596,1,8,9,1,9
2016300019020,2,9,0,16,0,8,0,0,0,0,1,1,6,2,45,7,1388,1,8,10,1,10
2016300019021,1,9,0,4,0,1,0,0,0,0,1,1,6,1,21,5,1900,2,17,9,1,9
2016300019021,2,9,0,8,0,1,0,0,0,0,2,1,6,1,18,4,1590,1,11,9,1,9
2016300019022,1,3,0,18,0,1,0,0,0,0,1,1,6,1,17,4,124,1,7,10,2,10
2016300019022,2,9,0,9,0,1,0,0,0,0,4,1,6,2,35,6,1794,1,13,9,2,9
2016300019027,1,3,0,13,0,8,5,0,0,0,1,1,6,1,22,5,102,1,3,1,1,1
2016300019027,2,9,0,9,0,5,0,0,7,0,1,1,6,2,28,6,1753,2,8,5,1,5