Accident_Index,Vehicle_Reference,Vehicle_Type,Towing_and_Articulation,Vehicle_Manoeuvre,Vehicle_Location-Restricted_Lane,Junction_Location,Skidding_and_Overturning,Hit_Object_in_Carriageway,Vehicle_Leaving_Carriageway,Hit_Object_off_Carriageway,1st_Point_of_Impact,Was_Vehicle_Left_Hand_Drive?,Journey_Purpose_of_Driver,Sex_of_Driver,Age_of_Driver,Age_Band_of_Driver,Engine_Capacity_(CC),Propulsion_Code,Age_of_Vehicle,Driver_IMD_Decile,Driver_Home_Area_Type,Vehicle_IMD_Decile
2016300019032,1,21,1,18,0,0,0,0,0,0,1,1,6,3,-1,-1,-1,-1,-1,-1,-1,-1
2016300019032,2,9,0,18,0,0,0,0,0,0,2,1,2,1,61,9,1686,2,12,1,1,1
2016300019034,1,9,0,18,0,0,1,0,1,4,4,1,6,1,23,5,1781,1,15,1,1,1
2016300019035,1,9,0,9,0,8,0,0,0,0,4,1,6,1,56,9,1388,1,6,9,1,9
2016300019035,2,1,0,18,0,8,0,0,0,0,1,1,1,2,23,5,-1,-1,-1,4,1,4
2016300019036,1,9,0,18,0,0,0,0,0,0,1,1,6,1,87,11,2494,1,15,9,1,9
2016300019036,2,9,0,2,0,0,0,11,0,0,3,1,1,2,51,8,1968,2,3,6,1,6
2016300019036,3,9,0,2,0,0,0,11,1,0,1,1,1,2,19,4,998,1,12,7,1,7
2016300019036,4,9,0,2,0,0,0,0,0,0,4,1,2,3,20,4,1598,1,5,-1,-1,-1
2016300019045,1,9,0,18,0,0,0,10,1,2,4,1,6,1,85,11,1296,1,8,10,1,10
2016300019047,1,9,0,18,0,0,1,0,0,0,1,1,6,1,23,5,1360,1,12,4,1,4
2016300019047,2,9,0,18,0,0,0,0,0,0,1,1,6,1,22,5,1229,1,5,-1,-1,-1
2016300019047,3,9,0,18,0,0,1,0,2,10,1,1,6,1,22,5,1299,1,11,10,1,10
2016300019050,1,9,0,17,0,0,1,0,1,10,1,1,2,1,29,6,1368,1,9,5,1,5
2016300019052,1,3,0,18,0,8,0,0,0,0,1,1,6,2,26,6,124,1,1,5,1,5
2016300019052,2,9,0,9,0,6,0,0,0,0,3,1,6,1,81,11,1398,2,10,10,1,10
2016300019053,1,5,0,18,0,0,0,0,0,0,2,1,6,1,42,7,599,1,14,4,1,4
2016300019053,2,5,0,18,0,0,0,0,0,0,1,1,6,1,49,8,598,1,24,9,1,9
2016300019059,1,9,0,12,0,0,5,0,4,0,4,1,6,2,42,7,998,1,7,6,1,6
2016300019059,2,21,1,18,0,0,0,0,0,0,3,1,1,1,29,6,12902,2,3,1,1,1
2016300019063,1,9,0,12,0,0,0,0,0,0,2,1,6,1,37,7,1995,1,10,6,1,6
2016300019063,2,5,0,18,0,0,2,0,1,0,1,1,6,1,44,7,599,1,14,3,1,3
2016300019065,1,90,0,18,0,1,0,0,0,0,1,1,6,1,31,6,-1,-1,-1,5,1,5
2016300019065,2,9,0,18,0,1,0,0,0,0,4,1,6,2,52,8,1597,2,1,9,3,9
2016300019067,1,9,0,17,0,0,1,6,0,0,1,1,2,1,56,9,1596,1,12,3,1,3
2016300019073,1,9,0,18,0,1,0,0,0,0,1,1,6,1,-1,-1,1598,1,19,-1,-1,-1
2016300019073,2,9,0,4,0,1,0,0,0,0,2,1,6,1,46,8,1910,2,9,1,1,1
2016300019076,1,9,0,13,0,0,0,0,0,0,4,1,2,2,52,8,1587,1,10,5,1,5
2016300019076,2,1,0,7,0,0,0,0,0,0,3,1,6,1,21,5,-1,-1,-1,4,1,4
2016300019077,1,9,0,9,0,5,0,0,0,0,1,1,6,2,75,10,1299,1,10,6,2,6
2016300019077,2,9,0,18,0,8,0,0,0,0,3,1,6,1,72,10,1834,1,12,8,3,8
2016300019079,1,9,0,16,0,0,2,0,0,0,3,1,2,1,21,5,1360,1,12,2,1,2
2016300019081,1,9,0,9,0,8,0,0,0,0,1,1,6,1,19,4,1360,1,10,4,1,4
2016300019081,2,3,0,18,0,8,5,0,0,0,3,1,6,1,24,5,110,1,11,-1,-1,-1
2016300019085,1,9,0,9,0,6,0,0,0,0,1,1,6,1,24,5,1896,2,14,2,1,2
2016300019085,2,9,0,10,0,8,0,0,0,0,1,1,6,2,34,6,1796,1,7,2,1,2
2016300019086,1,9,0,5,0,6,0,0,1,10,1,1,6,1,77,11,1198,1,3,6,1,6
2016300019086,2,9,0,17,0,8,1,0,0,0,4,1,6,2,68,10,1197,1,3,6,1,6
2016300019088,1,9,0,9,0,6,0,0,0,0,1,1,6,1,46,8,1896,2,8,6,1,6
2016300019088,2,9,0,18,0,8,0,0,0,0,3,1,6,2,31,6,998,1,16,1,1,1
2016300019090,1,9,0,5,0,3,0,0,0,0,4,1,1,3,-1,-1,1968,2,8,-1,-1,-1
2016300019091,1,19,0,12,0,0,0,0,0,0,1,1,1,1,27,6,1753,2,4,2,1,2
2016300019091,2,9,0,18,0,0,5,0,5,6,2,1,2,1,53,8,1405,1,10,2,2,2
2016300019092,1,9,0,18,0,6,1,0,7,0,4,1,6,1,36,7,1998,1,9,8,1,8
2016300019092,2,9,0,18,0,8,5,0,1,0,1,1,6,2,60,9,1968,2,1,-1,-1,-1
2016300019093,1,9,0,18,0,0,0,4,0,0,1,1,6,2,48,8,2993,2,5,8,2,8
2016300019093,2,21,1,2,0,0,0,0,0,0,2,1,1,1,33,6,12809,2,2,4,1,4
2016300019094,1,9,0,4,0,0,0,12,0,0,3,1,1,1,45,7,1998,2,4,4,1,4
2016300019094,2,5,0,4,0,0,2,0,0,0,1,1,6,1,54,8,998,1,-1,5,3,5
2016300019095,1,1,0,9,0,8,0,0,0,0,1,1,2,1,22,5,-1,-1,-1,3,1,3
2016300019095,2,19,0,18,0,4,0,0,0,0,3,1,2,1,33,6,1753,2,3,9,1,9
2016300019097,1,9,0,3,0,1,0,0,0,0,2,1,6,2,26,6,1395,1,1,2,1,2
2016300019097,2,9,0,4,0,1,0,0,0,0,1,1,6,2,45,7,1794,1,13,3,1,3
2016300019098,1,9,0,17,0,0,1,0,1,4,3,1,2,2,22,5,1149,1,13,3,3,3
2016300019106,1,9,0,9,0,6,0,0,0,0,3,1,6,1,53,8,1242,1,11,6,1,6
2016300019106,2,9,0,18,0,8,0,10,7,10,1,1,2,1,52,8,2143,2,3,10,1,10
2016300019107,1,9,0,17,0,0,0,0,0,0,1,1,6,3,-1,-1,-1,-1,-1,-1,-1,-1
2016300019107,2,1,0,17,0,0,0,0,0,0,2,1,2,1,19,4,-1,-1,-1,5,1,5
2016300019108,1,19,0,18,0,0,0,0,0,0,1,1,1,1,38,7,1248,2,3,7,3,7
2016300019108,2,9,0,4,0,0,0,0,0,0,2,1,6,2,74,10,1995,2,4,6,3,6
2016300019109,1,3,0,4,0,1,0,0,0,0,2,1,6,2,46,8,124,1,4,4,1,4
2016300019109,2,9,0,18,0,1,0,0,0,0,1,1,6,2,23,5,1598,2,4,-1,-1,-1
2016300019110,1,9,0,2,0,0,0,0,0,0,2,1,6,1,38,7,1796,1,14,1,1,1
2016300019110,2,90,0,2,0,0,0,4,0,0,2,1,1,1,49,8,8867,2,7,7,1,7
2016300019110,3,21,0,18,0,0,0,4,0,0,1,1,1,1,48,8,9290,2,-1,8,3,8
2016300019111,1,5,0,18,0,8,0,0,0,0,1,1,6,1,50,8,998,1,5,2,1,2
2016300019111,2,9,0,9,0,5,0,0,0,0,4,1,6,2,61,9,2995,1,2,8,2,8
2016300019112,1,19,0,13,0,0,0,0,0,0,3,1,6,1,25,5,2198,2,4,7,1,7
2016300019112,2,5,0,13,0,0,1,0,7,0,1,1,6,1,57,9,1000,1,1,8,1,8
2016300019112,3,17,0,18,0,0,0,0,0,0,0,1,6,3,-1,-1,-1,-1,-1,-1,-1,-1
2016300019114,1,9,0,9,0,2,0,0,0,0,1,1,6,1,81,11,1991,1,13,8,1,8
2016300019114,2,1,0,7,0,2,0,0,0,0,3,1,2,1,54,8,-1,-1,-1,1,1,1
2016300019116,1,9,0,18,0,0,0,0,0,0,1,1,6,1,16,4,1753,2,13,4,1,4
2016300019116,2,9,0,18,0,0,0,0,0,0,1,1,6,1,75,10,1753,2,8,9,1,9
2016300019118,1,9,0,18,0,0,0,0,0,0,3,1,6,1,40,7,-1,-1,-1,3,1,3
2016300019118,2,21,1,11,0,0,0,0,0,0,4,1,1,1,59,9,12419,2,8,3,1,3
2016300019120,1,90,0,18,0,8,0,0,0,0,0,1,6,3,-1,-1,-1,-1,-1,-1,-1,-1
2016300019120,2,5,0,18,0,8,0,0,0,0,1,1,2,1,52,8,998,1,12,10,1,10
2016300019130,1,9,0,3,0,1,0,0,0,0,2,1,6,1,-1,-1,1560,2,-1,8,1,8
2016300019130,2,9,0,18,0,1,0,0,0,0,1,1,6,1,17,4,1242,1,10,8,1,8
2016300019133,1,9,0,9,0,6,0,0,0,0,3,1,6,1,25,5,1870,2,12,2,1,2
2016300019133,2,9,0,18,0,8,0,0,0,0,1,1,6,1,38,7,1560,2,2,2,1,2
2016300019133,3,9,0,2,6,2,0,0,0,0,2,1,6,1,-1,-1,2800,2,21,1,1,1
2016300019135,1,9,0,16,0,0,0,0,1,3,1,1,1,1,40,7,998,1,16,2,1,2
2016300019140,1,9,0,7,0,5,0,0,0,0,1,1,6,2,56,9,1390,1,7,8,3,8
2016300019141,1,5,0,16,0,0,2,11,0,0,1,1,6,1,55,8,2294,1,9,10,1,10
2016300019141,2,9,0,17,0,0,0,0,0,0,1,1,6,1,75,10,1596,1,5,10,1,10
2016300019142,1,9,0,17,0,0,1,0,0,0,1,1,6,1,23,5,-1,-1,-1,6,3,6
2016300019142,2,19,0,16,0,0,1,0,0,0,1,1,1,1,41,7,1598,2,1,2,1,2
2016300019145,1,5,0,16,0,0,2,0,1,0,1,1,6,1,53,8,1000,1,8,6,2,6
2016300019145,2,19,4,17,0,0,0,0,0,0,1,1,6,1,49,8,1753,2,9,3,2,3
2016300019146,1,9,0,18,0,0,0,0,0,0,4,1,6,1,28,6,1598,2,1,4,1,4
2016300019148,1,5,0,17,0,0,1,0,1,0,0,1,6,1,34,6,999,1,6,-1,-1,-1
2016300019149,1,9,0,9,0,8,0,0,0,0,1,1,6,2,52,8,1762,1,19,6,1,6
2016300019149,2,5,0,18,0,1,1,0,0,0,4,1,6,1,48,8,651,1,23,7,3,7
2016300019150,1,9,0,18,0,8,0,0,1,1,1,1,6,1,26,6,1398,1,2,3,1,3
2016300019151,1,9,0,18,0,0,0,0,7,4,1,1,6,1,19,4,1368,1,7,10,2,10
2016300019151,2,9,0,18,0,0,0,0,0,0,3,1,6,1,30,6,1997,2,5,1,1,1
2016300019156,1,9,0,12,0,0,1,0,5,6,1,1,2,1,50,8,1995,2,3,9,1,9
2016300019156,2,9,0,12,0,0,1,0,5,6,2,1,2,1,32,6,2179,2,5,2,1,2
2016300019158,1,9,0,18,0,1,0,0,0,0,0,1,6,3,-1,-1,-1,-1,-1,-1,-1,-1
2016300019158,2,11,0,18,0,1,0,0,0,0,0,1,6,1,24,5,7300,2,8,8,1,8
2016300019161,1,9,0,7,0,6,0,0,0,0,1,1,3,1,-1,-1,1762,1,18,-1,-1,-1
2016300019161,2,9,0,18,0,8,0,0,0,0,4,1,2,2,52,8,1560,2,4,10,1,10
2016300019164,1,9,0,2,0,0,0,0,0,0,3,1,6,1,76,11,1199,1,13,-1,-1,-1
2016300019164,2,1,0,14,0,0,0,0,0,0,1,1,6,1,76,11,-1,-1,-1,-1,-1,-1
2016300019165,1,4,0,16,0,0,1,0,0,0,1,1,6,1,21,5,-1,-1,-1,2,1,2
2016300019165,2,9,0,17,0,0,0,0,0,0,1,1,6,1,48,8,1390,1,4,5,1,5
2016300019166,1,9,0,4,0,0,2,0,1,10,2,1,6,1,66,10,1794,1,13,1,1,1
2016300019166,2,9,0,18,0,0,0,0,0,0,1,1,6,3,-1,-1,-1,-1,-1,-1,-1,-1
2016300019167,1,9,0,18,0,0,0,0,0,0,1,1,6,2,25,5,1197,1,3,9,1,9
2016300019168,1,9,0,18,0,0,0,0,0,0,1,1,6,2,-1,-1,-1,-1,-1,-1,-1,-1
2016300019168,2,9,0,12,0,0,0,0,0,0,3,1,6,1,58,9,2926,2,13,-1,-1,-1
2016300019171,1,9,0,18,0,3,0,0,0,0,1,1,6,1,80,11,2457,1,10,7,1,7
2016300019171,2,1,0,18,0,1,0,0,0,0,1,1,6,1,22,5,-1,-1,-1,4,1,4
2016300019175,1,9,0,16,0,4,0,0,0,0,1,1,6,3,-1,-1,1596,1,12,-1,-1,-1
2016300019175,2,9,0,16,0,4,0,0,0,0,4,1,6,2,49,8,1248,2,5,4,1,4
2016300019175,3,20,0,16,0,4,0,0,0,0,0,1,6,3,-1,-1,-1,-1,-1,-1,-1,-1
2016300019178,1,9,0,9,0,5,0,0,0,0,1,1,6,2,34,6,1995,2,3,4,2,4
2016300019179,1,5,0,18,0,0,0,0,7,10,1,1,6,1,52,8,1298,1,17,1,1,1
2016300019181,1,9,0,18,0,8,2,0,0,0,1,1,6,1,27,6,1360,1,13,1,1,1
2016300019182,1,9,0,14,0,0,0,0,0,0,1,1,6,1,18,4,1299,1,12,7,1,7
2016300019182,2,9,0,18,0,0,0,0,0,0,1,1,6,2,19,4,1248,2,12,3,1,3
2016300019182,3,9,0,2,0,0,0,0,2,0,3,1,6,1,64,9,1798,1,13,7,1,7
2016300019182,4,9,0,2,0,0,0,0,0,0,0,1,6,1,64,9,-1,-1,-1,-1,-1,-1
2016300019190,1,9,0,9,0,2,0,0,0,0,3,1,6,2,46,8,1796,1,5,9,1,9
2016300019192,1,9,0,12,0,0,0,0,0,0,0,1,6,3,-1,-1,1329,1,3,-1,-1,-1
2016300019192,2,9,0,18,0,0,0,0,0,0,2,1,6,2,-1,-1,1086,1,8,-1,-1,-1
2016300019192,3,9,0,18,0,0,0,0,0,0,1,1,6,1,47,8,1242,1,18,9,1,9
2016300019195,1,9,0,18,0,0,0,0,0,0,1,1,6,2,75,10,1999,2,-1,8,2,8
2016300019195,2,9,0,2,0,0,0,0,0,0,2,1,6,2,-1,-1,1995,2,-1,10,2,10
2016300019195,3,9,0,2,0,0,0,0,0,0,1,1,6,1,-1,-1,1149,1,17,6,3,6
2016300019196,1,9,0,17,0,8,0,0,0,0,0,1,6,3,-1,-1,-1,-1,-1,-1,-1,-1
2016300019196,2,9,0,18,0,3,0,0,0,0,2,1,1,1,32,6,1686,2,4,2,1,2
2016300019196,3,9,0,18,0,3,0,0,0,0,1,1,2,1,39,7,2179,2,7,6,1,6
2016300019197,1,3,0,4,0,8,0,0,0,0,1,1,6,1,17,4,124,1,6,9,2,9
2016300019197,2,9,0,9,0,6,0,0,0,0,1,1,3,2,32,6,1598,2,3,-1,-1,-1
2016300019209,1,9,0,18,0,2,0,0,0,0,1,1,2,2,49,8,1598,1,6,9,2,9
2016300019209,2,1,0,5,0,2,0,0,0,0,1,1,6,1,13,3,-1,-1,-1,1,1,1
2016300019210,1,19,0,5,0,0,0,0,0,0,0,1,6,3,-1,-1,2198,2,6,-1,-1,-1
2016300019210,2,8,0,14,0,0,0,0,0,0,0,1,6,1,40,7,-1,-1,-1,2,1,2
2016300019212,1,9,0,7,0,6,0,0,0,0,1,1,2,1,26,6,1149,1,17,2,1,2
2016300019212,2,3,0,13,0,8,0,0,0,0,1,1,2,1,25,5,125,1,5,8,1,8
2016300019212,3,90,0,3,0,1,0,0,0,0,0,1,6,3,-1,-1,-1,-1,-1,-1,-1,-1
2016300019213,1,3,0,14,0,0,0,0,0,0,3,1,1,1,63,9,124,1,3,2,3,2
2016300019213,2,9,0,4,0,0,0,0,0,0,1,1,6,3,-1,-1,-1,-1,-1,-1,-1,-1
2016300019213,3,90,0,2,0,0,0,0,0,0,0,1,6,3,-1,-1,-1,-1,-1,-1,-1,-1
2016300019215,1,9,0,18,0,0,0,0,0,0,1,1,6,1,41,7,1590,1,14,2,1,2
2016300019217,1,3,0,18,0,8,0,0,0,0,1,1,6,1,19,4,113,1,1,1,1,1
2016300019217,2,9,0,9,0,4,0,0,0,0,3,1,6,1,28,6,1995,1,12,3,1,3
2016300019220,1,5,0,17,0,0,5,0,2,0,1,1,6,1,48,8,1441,1,-1,2,1,2
2016300019220,2,19,0,16,0,0,0,0,1,10,1,1,6,1,64,9,1753,2,11,4,1,4
2016300019223,1,90,0,18,0,4,0,0,0,0,0,1,6,3,-1,-1,-1,-1,-1,-1,-1,-1
2016300019223,2,11,0,18,0,8,0,0,0,0,0,1,6,1,53,8,4250,2,6,10,1,10
2016300019224,1,1,0,18,0,1,0,0,0,0,1,1,6,1,39,7,-1,-1,-1,7,1,7
2016300019224,2,9,0,7,0,6,0,0,0,0,1,1,6,1,18,4,1242,1,13,4,1,4
2016300019225,1,9,0,18,0,0,0,0,0,0,1,1,6,1,19,4,1124,1,15,7,3,7
2016300019225,2,9,0,18,0,0,0,0,0,0,2,1,1,1,58,9,1597,2,3,9,1,9
2016300019226,1,5,0,13,0,8,5,0,0,0,1,1,6,1,21,5,636,1,14,2,1,2
2016300019226,2,9,0,9,0,5,0,0,0,0,3,1,6,2,36,7,1781,1,14,10,1,10
2016300019226,3,90,0,18,0,1,0,0,0,0,0,1,6,3,-1,-1,-1,-1,-1,-1,-1,-1
2016300019227,1,3,0,13,0,8,0,0,0,0,4,1,2,1,23,5,124,1,27,7,1,7
2016300019227,2,9,0,9,0,5,0,0,0,0,3,1,6,2,53,8,1242,1,2,6,1,6
2016300019229,1,9,0,9,0,6,0,0,0,0,3,1,2,2,51,8,1349,1,3,3,1,3
2016300019229,2,9,0,18,0,8,0,0,0,0,1,1,6,2,78,11,1988,1,13,5,1,5
2016300019231,1,9,0,5,0,6,0,0,0,0,3,1,2,2,45,7,1149,1,14,2,1,2
2016300019231,2,9,0,18,0,8,0,0,0,0,1,1,6,1,25,5,2496,2,13,1,1,1
2016300019231,3,9,0,18,0,1,0,0,1,10,3,1,2,2,42,7,1364,1,9,2,1,2
2016300019235,1,-1,0,2,0,1,0,0,0,0,2,1,6,2,21,5,-1,-1,-1,-1,-1,-1
2016300019235,2,1,0,5,0,2,0,0,0,0,1,1,6,2,26,6,-1,-1,-1,-1,-1,-1
2016300019236,1,9,0,18,0,8,1,0,0,0,1,1,6,1,61,9,999,1,14,1,1,1
2016300019236,2,9,0,7,0,5,0,0,0,0,4,1,6,1,35,6,1910,2,10,5,1,5
2016300019241,1,9,0,4,0,1,2,0,7,0,0,1,6,2,58,9,1242,1,13,4,1,4
2016300019244,1,1,0,18,9,0,0,0,0,0,1,1,6,1,-1,-1,-1,-1,-1,-1,-1,-1
2016300019245,1,19,0,9,0,5,0,0,0,0,4,1,6,1,22,5,1598,2,1,9,3,9
2016300019245,2,3,0,13,0,8,0,0,0,0,1,1,6,1,26,6,124,1,1,7,1,7
2016300019247,1,17,0,9,0,5,0,0,0,0,0,1,1,1,22,5,-1,2,22,8,2,8
2016300019247,2,1,0,13,0,8,2,0,0,0,0,1,6,1,52,8,-1,-1,-1,10,2,10
2016300019248,1,11,0,4,0,1,0,0,0,0,0,1,6,1,30,6,7300,2,7,2,1,2
2016300019250,1,9,0,18,0,1,0,0,0,0,1,1,2,2,32,6,999,1,2,8,1,8
2016300019251,1,9,0,18,0,4,0,0,0,0,1,1,6,1,22,5,1984,1,9,7,2,7
2016300019251,2,9,0,9,0,3,0,0,0,0,1,1,2,1,26,6,1596,1,9,-1,-1,-1
2016300019252,1,5,0,17,0,0,2,0,1,10,4,1,6,1,27,6,998,1,3,4,1,4
2016300019259,1,5,0,18,0,8,0,0,0,0,3,1,1,1,46,8,1100,1,14,-1,-1,-1
2016300019260,1,9,0,17,0,1,0,0,0,0,1,1,6,1,25,5,1598,1,7,8,3,8
2016300019260,2,9,0,17,0,1,0,0,0,0,2,1,1,1,48,8,998,1,2,8,1,8
2016300019269,1,9,0,13,0,0,5,0,0,0,1,1,6,1,29,6,2993,2,3,8,1,8
2016300019269,2,9,0,18,0,0,0,0,1,4,1,1,6,1,18,4,1590,1,17,-1,-1,-1
2016300019269,3,9,0,18,0,0,0,0,0,0,2,1,6,1,49,8,1493,1,17,3,1,3
2016300019269,4,9,0,18,0,0,0,0,0,0,0,1,6,1,61,9,2967,2,1,10,1,10
2016300019269,5,9,0,18,0,0,0,0,0,0,2,1,6,2,21,5,1364,1,7,8,1,8
2016300019269,6,9,0,18,0,0,1,0,0,0,0,1,6,1,31,6,1339,8,8,8,1,8
2016300019269,7,9,0,18,0,0,1,0,0,0,1,1,6,1,20,4,1390,1,5,10,1,10
2016300019272,1,9,0,7,0,5,0,0,7,2,1,1,6,2,25,5,1685,2,1,9,1,9
2016300019276,1,9,0,5,0,1,0,0,0,0,1,1,6,1,69,10,-1,-1,-1,4,2,4
2016300019276,2,9,0,3,0,1,0,0,0,0,2,1,6,2,44,7,1598,1,4,6,3,6
2016300019277,1,9,0,9,0,5,0,0,0,0,3,1,1,1,55,8,1399,2,8,5,1,5
2016300019277,2,9,0,13,0,8,0,0,7,0,1,1,1,1,24,5,1686,2,3,6,1,6
2016300019279,1,90,0,18,9,1,0,0,0,0,3,1,6,2,78,11,-1,-1,-1,10,1,10
2016300019280,1,9,0,18,0,2,0,0,0,0,1,1,6,1,37,7,1999,1,11,1,1,1
2016300019280,2,9,0,3,0,2,0,0,0,0,2,1,6,1,29,6,1389,1,12,4,1,4
2016300019280,3,9,0,3,0,2,0,0,0,0,2,1,6,2,52,8,1398,1,11,1,1,1
2016300019281,1,9,0,18,0,8,1,0,7,9,4,1,6,1,65,9,1560,2,-1,7,1,7
2016300019281,2,9,0,9,0,6,0,0,0,0,1,1,6,1,69,10,1598,2,2,10,2,10
2016300019282,1,9,0,18,0,2,0,0,0,0,1,1,6,1,61,9,1299,1,15,5,1,5
2016300019283,1,9,0,12,0,7,0,0,0,0,1,1,2,2,55,8,1389,1,13,5,1,5
2016300019283,2,19,0,12,0,7,0,0,0,0,2,1,1,1,29,6,1598,2,1,9,1,9
2016300019283,3,9,0,12,0,7,0,0,0,0,2,1,2,1,50,8,3436,1,2,4,3,4
2016300019284,1,9,0,14,0,0,0,0,0,0,4,1,6,2,49,8,1242,1,3,-1,-1,-1
2016300019284,2,11,0,2,0,0,0,0,0,0,0,1,1,3,-1,-1,-1,-1,-1,-1,-1,-1
2016300019285,1,21,1,4,0,0,1,0,0,0,1,1,1,1,31,6,12740,2,4,1,2,1
2016300019285,2,9,0,3,0,0,0,0,0,0,2,1,2,1,33,6,1596,1,8,8,1,8
2016300019285,3,9,0,3,0,0,0,0,0,0,2,1,2,1,42,7,1197,1,4,7,3,7
2016300019285,4,9,0,3,0,0,0,0,0,0,2,1,2,1,20,4,1360,1,10,5,1,5
2016300019288,1,9,0,18,0,0,0,0,0,0,0,1,6,2,33,6,998,1,8,-1,-1,-1
2016300019288,2,2,0,18,0,0,5,0,0,0,3,1,6,1,20,4,125,1,-1,1,1,1
2016300019290,1,9,0,5,0,6,0,0,0,0,1,1,6,1,18,4,1240,1,13,9,1,9
2016300019290,2,5,0,14,0,1,0,0,8,10,1,1,6,1,57,9,1137,1,18,8,1,8
2016300019290,3,9,0,2,0,1,0,0,0,0,0,1,6,2,46,8,1769,1,13,9,1,9
2016300019291,1,9,0,18,0,1,0,0,0,0,4,1,6,1,32,6,1968,2,8,-1,-1,-1
2016300019293,1,9,0,18,0,0,1,4,0,0,1,1,2,1,53,8,1242,1,8,3,1,3
2016300019293,2,9,0,2,0,0,0,0,1,0,1,1,6,3,47,8,1560,2,1,-1,-1,-1
2016300019299,1,9,0,18,0,0,0,0,0,0,0,1,6,2,-1,-1,-1,-1,-1,-1,-1,-1
2016300019299,2,11,0,18,0,0,0,0,0,0,0,1,1,1,59,9,4250,2,10,3,1,3
2016300019303,1,11,0,5,0,0,0,0,0,0,0,1,6,1,37,7,6696,2,3,5,2,5
2016300019306,1,9,0,18,0,1,0,0,0,0,1,1,6,3,-1,-1,-1,-1,-1,-1,-1,-1
2016300019306,2,8,0,8,0,1,0,0,0,0,2,1,6,1,51,8,1896,2,10,4,2,4
2016300019309,1,9,0,9,0,6,0,0,0,0,1,1,6,1,17,4,1968,2,8,-1,-1,-1
2016300019309,2,9,0,18,0,8,0,0,1,1,4,1,6,2,19,4,998,1,13,-1,-1,-1
2016300019313,1,90,0,4,0,1,0,0,0,0,1,1,6,3,-1,-1,-1,-1,-1,-1,-1,-1
2016300019313,2,9,0,3,0,1,0,0,0,0,2,1,6,2,23,5,1299,1,13,10,1,10
2016300019314,1,9,0,18,0,0,0,7,0,0,1,1,6,2,19,4,998,1,14,2,1,2
2016300019314,2,19,0,18,0,0,0,0,0,0,0,1,1,1,34,6,2198,2,3,-1,-1,-1
2016300019319,1,19,0,9,0,5,0,0,0,0,4,1,6,1,53,8,5880,2,20,1,1,1
2016300019319,2,1,0,4,0,8,0,11,0,0,3,1,6,1,42,7,-1,-1,-1,-1,-1,-1
2016300019323,1,9,0,18,0,0,0,0,0,0,1,1,6,1,-1,-1,1598,1,9,2,2,2
2016300019323,2,9,0,18,0,0,0,0,1,10,1,1,6,1,78,11,1769,1,14,3,3,3
2016300019326,1,9,0,18,0,1,0,0,0,0,4,1,6,1,76,11,1973,1,19,5,1,5
2016300019326,2,9,0,9,0,1,0,0,0,0,4,1,6,1,56,9,1198,1,8,2,1,2
2016300019327,1,9,0,18,0,0,1,0,7,10,1,1,6,1,38,7,1686,2,12,1,1,1
2016300019329,1,9,0,18,0,0,0,12,0,0,1,1,6,2,25,5,1598,2,5,2,1,2
2016300019329,2,3,0,18,0,0,1,0,0,0,1,1,6,1,21,5,124,1,2,2,1,2
2016300019330,1,9,0,18,0,0,0,0,0,0,1,1,6,1,20,4,1388,1,9,5,1,5
2016300019332,1,9,0,18,0,0,0,0,0,0,4,1,6,1,86,11,1988,1,15,7,2,7
2016300019332,2,9,0,18,0,0,0,0,0,0,3,1,6,3,-1,-1,-1,-1,-1,-1,-1,-1
2016300019338,1,90,0,18,0,0,0,0,0,0,1,1,6,3,-1,-1,-1,-1,-1,-1,-1,-1
2016300019338,2,1,0,18,0,0,0,0,0,0,2,1,6,1,43,7,-1,-1,-1,7,1,7
2016300019340,1,9,0,3,0,1,0,0,0,0,2,1,6,2,28,6,1686,2,4,1,1,1
2016300019340,2,9,0,18,0,1,0,0,0,0,1,1,2,1,30,6,1997,2,8,10,2,10
2016300019344,1,9,0,18,0,0,0,0,0,0,3,1,6,1,-1,-1,-1,-1,-1,-1,-1,-1
2016300019346,1,9,0,9,0,5,0,0,0,0,4,1,6,2,42,7,1388,1,12,4,1,4
2016300019346,2,9,0,18,0,8,0,0,0,0,1,1,1,1,39,7,1560,2,10,2,1,2
2016300019349,1,9,0,16,0,0,2,0,1,0,1,1,6,1,39,7,2967,2,9,1,1,1
2016300019349,2,9,0,17,0,0,0,0,1,10,1,1,6,1,54,8,-1,-1,-1,8,2,8
2016300019354,1,9,0,9,0,6,0,0,0,0,3,1,6,1,18,4,1360,1,14,10,3,10
2016300019354,2,9,0,18,0,8,0,0,0,0,1,1,6,2,36,7,1896,2,9,7,1,7
2016300019357,1,9,0,18,0,0,0,0,0,0,2,1,6,1,-1,-1,1596,1,15,8,3,8
2016300019357,2,9,0,18,0,0,0,0,0,0,1,1,6,1,24,5,1360,1,15,-1,-1,-1
2016300019358,1,11,0,16,0,0,0,0,0,0,1,1,1,1,-1,-1,6700,2,9,7,1,7
2016300019358,2,90,0,16,0,0,0,0,0,0,0,1,6,3,-1,-1,-1,-1,-1,-1,-1,-1