Accident_Index,Vehicle_Reference,Vehicle_Type,Towing_and_Articulation,Vehicle_Manoeuvre,Vehicle_Location-Restricted_Lane,Junction_Location,Skidding_and_Overturning,Hit_Object_in_Carriageway,Vehicle_Leaving_Carriageway,Hit_Object_off_Carriageway,1st_Point_of_Impact,Was_Vehicle_Left_Hand_Drive?,Journey_Purpose_of_Driver,Sex_of_Driver,Age_of_Driver,Age_Band_of_Driver,Engine_Capacity_(CC),Propulsion_Code,Age_of_Vehicle,Driver_IMD_Decile,Driver_Home_Area_Type,Vehicle_IMD_Decile
2016300019361,1,19,0,16,0,0,1,0,0,0,1,1,1,1,28,6,1560,2,8,9,3,9
2016300019361,2,9,0,17,0,0,0,0,0,0,1,1,6,1,71,10,2400,2,3,9,3,9
2016300019364,1,9,0,16,0,0,0,7,7,1,1,1,6,1,76,11,1242,1,4,10,2,10
2016300019369,1,90,0,10,0,6,0,0,0,0,0,1,6,2,-1,-1,-1,-1,-1,-1,-1,-1
2016300019369,2,90,0,5,0,1,0,0,0,0,0,1,6,1,76,11,-1,-1,-1,1,1,1
2016300019376,1,9,0,10,0,8,0,0,0,0,2,1,1,2,25,5,1242,1,8,7,1,7
2016300019376,2,9,0,18,0,8,1,0,0,0,1,1,1,2,23,5,1368,1,5,9,1,9
2016300019382,1,9,0,16,0,0,1,0,7,0,1,1,6,1,46,8,1968,2,6,8,3,8
2016300019382,2,9,0,17,0,0,0,0,0,0,1,1,6,2,30,6,-1,-1,-1,5,1,5
2016300019382,3,19,0,17,0,0,0,0,0,0,1,1,6,1,53,8,2151,2,14,8,1,8
2016300019383,1,9,0,17,0,0,0,0,0,0,1,1,6,2,61,9,1598,1,2,9,1,9
2016300019383,2,9,0,16,0,0,1,0,7,9,1,1,6,1,41,7,1997,2,10,7,1,7
2016300019387,1,9,0,9,0,6,0,0,0,0,3,1,6,1,60,9,1997,2,8,2,1,2
2016300019387,2,9,0,17,0,8,0,0,0,0,1,1,2,2,35,6,998,1,5,5,1,5
2016300019389,1,9,0,18,0,0,0,0,0,0,1,1,6,1,59,9,1998,2,15,-1,-1,-1
2016300019390,1,9,0,18,0,0,1,0,5,6,1,1,6,2,32,6,1364,1,11,6,1,6
2016300019394,1,9,0,3,0,1,0,0,0,0,2,1,6,2,35,6,1199,2,3,10,1,10
2016300019394,2,19,0,18,0,1,0,0,0,0,1,1,6,1,-1,-1,2198,2,4,-1,-1,-1
2016300019395,1,9,0,12,0,3,0,0,1,2,1,1,6,2,30,6,1986,2,9,1,1,1
2016300019395,2,9,0,16,0,3,0,0,0,0,4,1,6,1,36,7,2495,2,24,4,1,4
2016300019396,1,9,0,18,0,8,0,0,0,0,3,1,6,2,20,4,-1,-1,-1,5,1,5
2016300019396,2,1,0,18,0,6,0,0,0,0,1,1,6,1,8,2,-1,-1,-1,-1,-1,-1
2016300019398,1,9,0,12,0,0,0,0,0,0,1,1,2,1,41,7,2000,2,14,-1,-1,-1
2016300019402,1,9,0,9,0,6,0,0,0,0,1,1,6,2,25,5,1598,1,6,2,1,2
2016300019402,2,9,0,18,0,8,0,0,0,0,1,1,6,2,21,5,1364,1,9,6,1,6
2016300019403,1,9,0,9,0,5,0,0,3,0,4,1,6,1,40,7,-1,-1,-1,5,3,5
2016300019403,2,9,0,18,0,8,0,0,0,0,1,1,6,1,57,9,1560,2,6,7,3,7
2016300019405,1,9,0,18,0,4,0,0,0,0,1,1,1,3,-1,-1,-1,-1,-1,-1,-1,-1
2016300019405,2,9,0,3,0,3,0,0,0,0,4,1,6,2,37,7,999,1,1,10,2,10
2016300019406,1,5,0,16,0,0,0,0,0,0,3,1,6,1,26,6,600,1,15,6,2,6
2016300019406,2,9,0,17,0,0,0,0,0,0,3,1,6,1,35,6,1229,1,4,-1,-1,-1
2016300019410,1,9,0,2,0,8,0,0,0,0,3,1,1,1,22,5,2498,1,20,-1,-1,-1
2016300019410,2,3,0,11,0,5,1,0,0,0,1,1,6,1,18,4,-1,-1,-1,1,1,1
2016300019413,1,9,0,4,0,0,0,0,0,0,1,1,6,1,47,8,1796,1,13,3,1,3
2016300019413,2,9,0,4,0,0,0,0,0,0,2,1,6,2,26,6,1794,1,11,1,1,1
2016300019414,1,9,0,18,0,8,0,0,0,0,1,1,6,2,28,6,2148,2,7,8,1,8
2016300019414,2,9,0,5,0,8,0,0,0,0,1,1,6,1,22,5,1598,1,15,2,1,2
2016300019416,1,9,0,11,0,0,0,0,1,10,1,1,6,1,30,6,1596,1,11,1,1,1
2016300019416,2,5,0,18,0,0,0,0,0,0,0,1,6,1,-1,-1,-1,-1,-1,-1,-1,-1
2016300019417,1,5,0,18,0,4,0,0,0,0,2,1,2,1,22,5,599,1,29,1,1,1
2016300019417,2,9,0,18,0,4,0,0,0,0,2,1,6,1,29,6,1560,2,5,-1,-1,-1
2016300019426,1,9,0,16,0,1,0,0,0,0,1,1,6,1,25,5,1598,1,8,4,1,4
2016300019426,2,9,0,17,0,2,0,0,0,0,1,1,6,1,30,6,-1,-1,-1,-1,-1,-1
2016300019427,1,90,0,18,0,4,0,0,0,0,1,1,6,1,-1,-1,-1,-1,-1,-1,-1,-1
2016300019427,2,9,0,18,0,4,0,0,0,0,2,1,2,2,35,6,1364,1,6,10,2,10
2016300019428,1,9,0,18,0,8,0,0,0,0,1,1,6,1,31,6,1998,1,12,7,1,7
2016300019428,2,9,0,9,0,6,0,0,0,0,4,1,6,2,73,10,1198,1,2,1,1,1
2016300019429,1,9,0,5,0,8,0,0,0,0,1,1,6,1,92,11,1598,1,12,10,1,10
2016300019429,2,4,0,18,0,8,0,0,0,0,1,1,6,1,54,8,249,1,34,5,1,5
2016300019430,2,9,0,1,0,0,0,0,0,0,2,1,6,2,41,7,2495,2,15,1,1,1
2016300019432,1,9,0,9,0,6,0,0,0,0,3,1,6,1,65,9,1975,1,10,7,1,7
2016300019432,2,9,0,18,0,8,1,0,0,0,1,1,2,2,24,5,1299,1,15,8,1,8
2016300019433,1,9,0,4,0,2,0,0,0,0,1,1,6,1,56,9,1796,1,13,-1,-1,-1
2016300019439,1,9,0,18,0,1,0,0,0,0,3,1,6,3,-1,-1,1560,2,2,-1,-1,-1
2016300019439,2,1,0,18,0,1,0,0,0,0,1,1,6,1,79,11,-1,-1,-1,2,1,2
2016300019440,1,9,0,18,0,1,0,0,0,0,1,1,6,1,20,4,1896,2,8,3,1,3
2016300019441,1,1,0,18,9,8,0,0,0,0,1,1,6,1,17,4,-1,-1,-1,-1,-1,-1
2016300019441,2,3,0,5,9,8,0,0,0,0,4,1,6,1,32,6,125,1,4,1,1,1
2016300019443,1,9,0,18,0,0,0,0,0,0,1,1,2,1,44,7,-1,-1,-1,4,1,4
2016300019443,2,3,0,18,0,0,0,0,0,0,2,1,2,1,56,9,124,1,9,-1,-1,-1
2016300019444,1,9,0,18,0,0,0,0,0,0,4,1,6,3,-1,-1,-1,-1,-1,-1,-1,-1
2016300019447,1,9,0,16,0,1,0,0,0,0,0,1,6,3,-1,-1,-1,-1,-1,-1,-1,-1
2016300019447,2,9,0,17,0,1,1,0,1,10,4,1,2,1,18,4,1149,1,5,4,2,4
2016300019451,1,9,0,11,0,0,0,0,0,0,0,1,6,3,-1,-1,-1,-1,-1,-1,-1,-1
2016300019451,2,21,1,18,0,0,0,0,0,0,2,1,1,1,71,10,12740,2,3,7,1,7
2016300019451,3,9,0,18,0,0,0,0,0,0,1,1,6,2,31,6,1596,1,9,10,1,10
2016300019462,1,9,0,18,0,0,0,0,0,0,1,1,6,2,24,5,1388,1,8,3,1,3
2016300019463,1,9,0,18,0,0,0,0,7,4,1,1,6,1,61,9,1197,1,1,6,1,6
2016300019463,2,11,0,18,0,0,0,0,0,0,1,1,1,1,68,10,12419,2,2,2,1,2
2016300019464,1,9,0,18,0,2,0,0,0,0,4,1,6,1,-1,-1,-1,-1,-1,-1,-1,-1
2016300019466,1,4,0,16,0,0,0,4,0,0,1,1,6,1,25,5,124,1,3,1,1,1
2016300019466,2,9,0,2,0,0,0,0,0,0,3,1,6,1,31,6,1560,2,6,-1,-1,-1
2016300019466,3,9,0,2,0,0,0,0,0,0,1,1,6,1,35,6,1995,2,7,-1,-1,-1
2016300019467,1,9,0,18,0,0,2,0,1,0,4,1,6,1,18,4,-1,-1,-1,6,2,6
2016300019470,1,9,0,4,0,1,0,0,0,0,1,1,6,1,45,7,1242,1,8,8,3,8
2016300019477,1,9,0,16,0,0,2,0,0,0,4,1,6,1,21,5,1590,1,11,2,1,2
2016300019478,1,9,0,16,0,0,0,0,0,0,1,1,6,2,72,10,1329,1,2,4,1,4
2016300019478,2,9,0,17,0,0,1,0,1,0,1,1,6,1,52,8,875,1,5,7,3,7
2016300019483,1,9,0,18,0,8,0,0,0,0,1,1,2,2,22,5,1390,1,10,8,1,8
2016300019483,2,10,0,9,0,8,0,0,0,0,4,1,1,1,-1,-1,2143,2,5,5,1,5
2016300019490,1,5,0,13,0,8,0,0,0,0,1,1,6,1,32,6,998,1,18,9,2,9
2016300019490,2,9,0,9,0,5,0,0,0,0,3,1,6,1,22,5,1149,1,8,9,1,9
2016300019491,1,9,0,3,0,1,0,0,0,0,2,1,2,2,43,7,1560,2,4,4,1,4
2016300019491,2,9,0,3,0,1,0,0,0,0,2,1,2,2,31,6,-1,-1,-1,5,1,5
2016300019491,3,9,0,18,0,1,0,0,0,0,1,1,2,2,23,5,1149,1,2,4,1,4
2016300019498,1,9,0,14,0,0,0,0,0,0,1,1,6,2,24,5,-1,-1,-1,6,1,6
2016300019498,2,19,4,2,0,0,0,0,0,0,0,1,6,3,-1,-1,-1,-1,-1,-1,-1,-1
2016300019499,1,4,0,18,0,2,0,0,0,0,1,1,6,1,23,5,249,1,5,8,1,8
2016300019499,2,9,0,1,0,1,0,0,0,0,2,1,6,1,36,7,-1,-1,-1,8,3,8
2016300019502,1,9,0,16,0,0,0,7,0,0,1,1,6,1,24,5,1997,2,5,3,1,3
2016300019509,1,9,0,18,0,6,0,0,7,0,4,1,6,1,68,10,-1,-1,-1,-1,-1,-1
2016300019509,2,9,0,18,0,8,0,0,1,0,3,1,6,2,40,7,1498,1,1,6,1,6
2016300019511,1,9,0,3,0,1,0,0,0,0,2,1,6,1,81,11,1560,2,12,-1,-1,-1
2016300019511,2,9,0,4,0,1,0,0,0,0,1,1,6,1,31,6,-1,-1,-1,-1,-1,-1
2016300019513,1,19,0,7,0,5,0,0,1,0,4,1,2,1,48,8,2198,2,1,6,2,6
2016300019513,2,1,0,15,0,1,0,0,0,0,1,1,6,1,17,4,-1,-1,-1,-1,-1,-1
2016300019516,1,9,0,18,0,2,0,0,0,0,2,1,1,1,42,7,1329,1,3,9,1,9
2016300019516,2,19,0,18,0,2,0,0,0,0,1,1,1,1,49,8,2402,2,11,9,1,9
2016300019517,1,9,0,18,0,0,0,0,0,0,1,1,6,2,37,7,1398,2,12,-1,-1,-1
2016300019517,2,9,0,18,0,0,0,0,0,0,2,1,6,2,32,6,2198,1,14,-1,-1,-1
2016300019518,1,5,0,13,0,0,0,0,0,0,1,1,6,1,25,5,749,1,8,2,1,2
2016300019518,2,19,0,13,0,0,0,0,0,0,2,1,1,1,65,9,1995,2,2,7,1,7
2016300019518,3,90,0,18,0,0,0,0,0,0,0,1,6,3,-1,-1,-1,-1,-1,-1,-1,-1
2016300019521,1,9,0,18,0,2,0,0,0,0,1,1,6,2,30,6,1461,2,4,8,1,8
2016300019521,2,9,0,4,0,2,0,0,0,0,2,1,6,1,41,7,2204,2,7,10,1,10
2016300019522,1,9,0,4,0,0,0,0,0,0,2,1,2,2,24,5,1248,2,5,9,1,9
2016300019522,2,9,0,18,0,0,0,0,0,0,1,1,6,1,26,6,1398,1,16,9,1,9
2016300019523,1,9,0,10,0,1,0,0,0,0,2,1,6,1,45,7,1560,2,3,1,1,1
2016300019523,2,9,0,4,0,1,0,0,0,0,1,1,6,2,-1,-1,-1,-1,-1,-1,-1,-1
2016300019525,1,9,0,18,0,0,0,0,0,0,1,1,6,2,32,6,1598,7,15,1,1,1
2016300019526,1,21,1,17,0,8,5,0,0,0,0,1,1,1,43,7,12900,2,5,7,1,7
2016300019527,1,9,0,9,0,5,0,0,0,0,1,1,6,1,76,11,1896,2,9,8,3,8
2016300019527,2,1,0,18,0,8,0,0,0,0,1,1,6,1,42,7,-1,-1,-1,2,1,2
2016300019528,1,9,0,18,0,3,0,0,0,0,4,1,6,1,21,5,1968,2,6,1,1,1
2016300019528,2,9,0,5,0,4,0,0,0,0,1,1,6,1,-1,-1,1248,2,12,2,1,2
2016300019530,1,9,0,18,0,0,0,0,0,0,3,1,3,2,31,6,1598,1,7,3,1,3
2016300019530,2,90,0,2,0,0,0,0,0,0,0,1,6,3,-1,-1,-1,-1,-1,-1,-1,-1
2016300019531,1,9,0,4,0,8,0,0,0,0,1,1,6,1,46,8,2902,2,16,1,1,1
2016300019531,2,9,0,4,0,8,0,0,0,0,2,1,6,2,31,6,996,1,3,4,1,4
2016300019533,1,9,0,4,0,0,0,0,0,0,2,1,1,1,52,8,2993,2,3,-1,-1,-1
2016300019533,2,9,0,4,0,0,0,0,0,0,1,1,6,1,25,5,1984,1,3,8,1,8
2016300019537,1,1,0,15,4,1,0,0,0,0,1,1,2,1,63,9,-1,-1,-1,-1,-1,-1
2016300019537,2,9,0,3,0,1,0,0,0,0,4,1,6,1,-1,-1,1896,2,13,6,3,6
2016300019541,1,90,0,18,0,6,0,0,0,0,1,1,6,3,-1,-1,-1,-1,-1,-1,-1,-1
2016300019541,2,9,0,18,0,8,0,0,0,0,1,1,6,2,48,8,1598,1,11,6,1,6
2016300019542,1,9,0,12,0,0,0,0,0,0,1,1,6,1,87,11,1242,1,14,-1,-1,-1
2016300019542,2,9,0,18,0,0,0,0,0,0,2,1,6,2,51,8,1461,2,10,7,1,7
2016300019545,1,9,0,7,0,1,0,0,0,0,1,1,6,3,-1,-1,2000,2,11,4,1,4
2016300019545,2,1,0,7,0,5,0,0,0,0,1,1,6,1,24,5,-1,-1,-1,8,1,8
2016300019549,1,9,0,9,0,2,1,0,7,0,1,1,6,1,82,11,1598,1,8,-1,-1,-1
2016300019549,2,9,0,18,0,1,5,0,0,0,4,1,6,2,20,4,1399,2,10,-1,-1,-1
2016300019550,1,5,0,17,0,1,0,10,1,1,1,1,6,1,28,6,750,1,6,4,1,4
2016300019553,1,9,0,14,0,1,0,0,0,0,1,1,3,2,30,6,1199,1,13,1,1,1
2016300019553,2,11,0,2,0,1,0,0,0,0,0,1,1,3,-1,-1,-1,-1,-1,-1,-1,-1
2016300019563,1,21,1,18,0,0,0,0,0,0,1,1,1,1,53,8,10677,2,2,4,1,4
2016300019563,2,9,0,18,0,0,0,0,0,0,2,1,6,1,46,8,-1,-1,-1,5,2,5
2016300019563,3,9,0,18,0,0,0,0,0,0,3,1,6,2,24,5,1461,2,2,-1,-1,-1
2016300019567,1,9,0,18,0,8,1,0,0,0,1,1,6,1,34,6,1991,2,11,8,1,8
2016300019568,1,9,0,5,0,3,0,0,0,0,1,1,6,1,35,6,-1,-1,-1,3,1,3
2016300019568,2,1,0,18,0,3,0,0,0,0,3,1,6,1,36,7,-1,-1,-1,5,1,5
2016300019570,1,9,0,9,0,5,0,0,0,0,1,1,6,1,23,5,1242,1,14,10,2,10
2016300019570,2,9,0,18,0,8,0,0,0,0,1,1,6,1,46,8,1896,2,12,4,1,4
2016300019571,1,8,0,1,0,0,0,0,0,0,0,1,6,3,-1,-1,-1,-1,-1,-1,-1,-1
2016300019572,1,20,0,13,0,0,0,0,0,0,4,1,1,1,54,8,4485,2,1,10,1,10
2016300019572,2,1,0,18,0,0,0,0,0,0,3,1,6,1,50,8,-1,-1,-1,8,1,8
2016300019573,1,9,0,9,0,8,0,0,0,0,1,1,6,2,-1,-1,1587,1,13,-1,-1,-1
2016300019573,2,9,0,18,0,8,0,0,0,0,1,1,6,2,18,4,1390,1,13,6,1,6
2016300019574,1,9,0,18,0,0,1,0,5,6,2,1,6,1,43,7,1997,1,12,10,1,10
2016300019577,1,9,0,18,0,1,0,0,0,0,4,1,6,2,35,6,1390,1,9,9,1,9
2016300019578,1,9,0,18,0,4,0,0,0,0,1,1,6,1,-1,-1,2170,2,11,6,1,6
2016300019578,2,9,0,7,0,4,0,0,2,2,2,1,6,1,20,4,1198,1,6,2,1,2
2016300019581,1,9,0,9,0,6,0,0,0,0,1,1,6,2,49,8,1686,2,11,3,3,3
2016300019581,2,9,0,18,0,8,0,0,0,0,1,1,6,2,69,10,1242,1,12,6,2,6
2016300019583,1,9,0,18,0,0,1,7,0,0,4,1,6,1,38,7,2179,2,1,3,1,3
2016300019583,2,21,1,18,0,0,0,0,0,0,3,1,1,1,-1,-1,12809,2,2,4,1,4
2016300019584,1,9,0,5,0,0,0,0,1,0,1,1,6,1,65,9,2180,2,22,2,1,2
2016300019584,2,9,0,2,0,0,0,0,0,0,3,1,6,1,37,7,-1,-1,-1,-1,-1,-1
2016300019584,3,9,0,2,0,0,0,0,0,0,4,1,6,1,51,8,1968,2,7,2,1,2
2016300019585,1,9,0,4,0,1,0,0,0,0,1,1,6,1,50,8,1995,1,12,7,1,7
2016300019585,2,9,0,3,0,1,0,0,0,0,2,1,6,1,49,8,1896,2,14,1,1,1
2016300019585,3,9,0,3,0,1,0,0,0,0,2,1,6,1,-1,-1,1390,1,3,5,1,5
2016300019587,1,9,0,18,0,2,0,0,0,0,1,1,6,1,49,8,1995,2,15,9,3,9
2016300019592,1,19,0,18,0,1,0,0,0,0,1,1,6,1,-1,-1,2198,2,1,-1,-1,-1
2016300019592,2,19,0,8,0,1,0,0,0,0,2,1,1,1,32,6,2198,2,4,3,1,3
2016300019595,1,9,0,9,0,5,0,0,0,0,4,1,6,2,37,7,2793,1,10,9,1,9
2016300019595,2,5,0,18,0,8,0,0,0,0,1,1,6,1,57,9,599,1,13,5,1,5
2016300019597,1,9,0,17,0,0,0,0,0,0,1,1,6,1,30,6,1968,2,1,9,3,9
2016300019597,2,9,0,16,0,0,0,0,0,0,3,1,6,1,48,8,1956,2,5,6,1,6
2016300019600,1,21,1,18,0,3,0,0,0,0,4,1,1,1,26,6,12777,2,2,4,2,4
2016300019600,2,9,0,18,0,3,0,0,4,10,3,1,6,1,67,10,1339,1,3,8,3,8
2016300019606,1,9,0,18,0,0,0,0,0,0,3,1,6,1,70,10,998,1,7,-1,-1,-1
2016300019606,2,9,0,18,0,0,0,0,8,0,3,1,6,2,21,5,1242,1,6,5,2,5
2016300019607,1,9,0,9,0,6,0,0,0,0,1,1,6,1,33,6,1598,2,-1,-1,-1,-1
2016300019607,2,9,0,18,0,8,0,0,0,0,1,1,1,1,34,6,1968,2,4,-1,-1,-1
2016300019612,1,9,0,16,0,0,1,0,1,10,1,1,6,1,41,7,1242,1,17,3,1,3
2016300019612,2,9,0,17,0,0,1,0,7,10,1,1,6,1,59,9,1796,1,8,6,3,6
2016300019615,1,9,0,5,0,1,0,0,0,0,1,1,6,1,-1,-1,1997,2,14,1,1,1
2016300019615,2,1,0,10,0,1,0,0,0,0,2,1,2,2,39,7,-1,-1,-1,1,1,1
2016300019615,3,9,0,18,0,1,0,0,0,0,0,1,6,3,-1,-1,-1,-1,-1,-1,-1,-1
2016300019616,1,9,0,18,0,1,0,0,0,0,4,1,6,1,21,5,1242,1,12,1,1,1
2016300019618,1,9,0,17,0,0,0,0,0,0,1,1,6,2,20,4,1328,1,9,10,2,10
2016300019618,2,9,0,16,0,0,0,0,0,0,1,1,6,2,29,6,1390,1,13,1,1,1
2016300019620,1,90,0,18,9,0,0,0,0,0,4,1,6,1,-1,-1,-1,-1,-1,-1,-1,-1
2016300019621,1,8,0,18,0,0,0,0,0,0,3,1,1,1,33,6,1998,2,10,8,1,8
2016300019623,1,1,0,5,0,1,0,0,0,0,1,1,2,2,29,6,-1,-1,-1,-1,-1,-1
2016300019623,2,19,0,7,0,1,0,0,0,0,4,1,1,1,53,8,-1,-1,-1,4,1,4
2016300019624,1,9,0,18,0,0,0,0,0,0,1,1,6,1,79,11,1199,1,12,4,1,4
2016300019624,2,1,0,18,0,0,0,0,0,0,2,1,6,1,-1,-1,-1,-1,-1,-1,-1,-1
2016300019625,1,19,0,18,0,5,1,0,1,0,3,1,1,1,-1,-1,2402,2,14,1,1,1
2016300019625,2,9,0,10,0,1,0,0,0,0,4,1,6,1,26,6,1799,1,9,3,1,3
2016300019628,1,9,0,18,0,0,5,0,7,0,0,1,2,2,22,5,1328,1,8,-1,-1,-1
2016300019631,1,19,0,12,0,0,1,0,0,0,1,1,6,1,48,8,2143,2,3,7,2,7
2016300019631,2,19,0,4,0,0,0,0,1,0,2,1,1,1,61,9,1995,2,4,6,1,6
2016300019636,1,9,0,18,0,0,5,0,0,0,1,1,6,2,22,5,1198,1,12,8,1,8
2016300019644,1,9,0,18,0,0,0,0,0,0,1,1,6,1,72,10,2720,2,10,7,3,7
2016300019644,2,9,0,18,0,0,0,0,0,0,2,1,6,1,52,8,1124,1,15,7,2,7
2016300019653,1,9,0,18,0,6,0,0,0,0,3,1,1,2,29,6,1686,2,4,-1,-1,-1
2016300019653,2,9,0,18,0,8,0,0,0,0,1,1,1,1,39,7,1995,2,14,-1,-1,-1
2016300019656,1,90,0,18,0,8,0,0,0,0,0,1,6,3,-1,-1,-1,-1,-1,-1,-1,-1
2016300019656,2,3,0,7,0,4,1,0,0,0,0,1,2,1,37,7,125,1,-1,1,1,1
2016300019657,1,9,0,9,0,8,0,0,0,0,4,1,2,2,29,6,1360,1,13,5,1,5
2016300019657,2,9,0,3,0,8,1,0,0,0,1,1,6,1,-1,-1,-1,-1,-1,4,1,4
2016300019657,3,9,0,3,0,1,0,0,0,0,0,1,6,3,-1,-1,-1,-1,-1,-1,-1,-1
2016300019660,1,9,0,10,0,1,0,0,0,0,2,1,6,2,24,5,1968,2,1,-1,-1,-1
2016300019660,2,9,0,18,0,1,0,0,0,0,1,1,6,2,76,11,1296,1,8,6,1,6
2016300019662,1,9,0,16,0,0,5,0,7,0,1,1,6,1,22,5,1362,1,3,2,1,2
2016300019667,1,9,0,16,0,0,0,0,0,0,1,1,6,2,17,4,1398,1,-1,-1,-1,-1
2016300019667,2,9,0,17,0,0,0,0,0,0,1,1,1,1,34,6,-1,-1,-1,6,1,6
2016300019670,1,9,0,4,0,0,0,0,7,10,1,1,2,2,26,6,1328,1,9,7,2,7
2016300019670,2,9,0,18,0,0,0,0,0,0,1,1,6,1,43,7,1984,1,11,4,2,4
2016300019672,1,9,0,4,0,0,0,0,0,0,1,1,6,1,-1,-1,1910,2,10,-1,-1,-1
2016300019672,2,9,0,12,0,0,0,0,0,0,2,1,2,2,22,5,1149,1,2,2,2,2
2016300019675,1,9,0,18,0,8,0,0,0,0,4,1,6,3,48,8,1398,1,5,3,1,3
2016300019676,1,9,0,18,0,8,0,0,0,0,1,1,6,1,23,5,2204,2,12,9,2,9
2016300019676,2,9,0,18,0,1,0,0,7,0,4,1,6,1,33,6,1390,1,12,5,2,5
2016300019677,1,9,0,11,0,0,0,0,1,10,1,1,6,2,26,6,1248,2,6,4,1,4
2016300019683,1,11,0,3,0,0,0,0,0,0,2,1,6,1,57,9,4249,2,6,1,1,1
2016300019683,2,9,0,3,0,0,0,0,0,0,2,1,6,1,43,7,1461,2,1,4,1,4
2016300019683,3,9,0,3,0,0,0,0,0,0,2,1,1,1,24,5,-1,-1,-1,8,1,8
2016300019683,4,11,0,18,0,0,0,0,0,0,1,1,6,1,28,6,7790,2,9,8,1,8
2016300019685,1,9,0,18,0,1,0,0,0,0,1,1,6,2,54,8,1999,1,11,9,1,9
2016300019685,2,1,0,18,0,1,0,0,1,0,2,1,6,1,17,4,-1,-1,-1,-1,-1,-1
2016300019686,1,9,0,18,0,1,0,0,0,0,1,1,6,2,18,4,1388,1,5,5,3,5
2016300019688,1,9,0,9,0,5,0,0,0,0,3,1,6,2,45,7,1896,2,10,4,1,4
2016300019688,2,3,0,13,0,8,0,0,0,0,1,1,2,1,30,6,125,1,11,7,2,7
2016300019689,1,3,0,16,0,8,0,0,0,0,1,1,6,1,61,9,998,1,9,9,1,9
2016300019689,2,9,0,9,0,6,0,0,0,0,4,1,6,2,49,8,1596,1,12,8,2,8
2016300019691,1,9,0,7,0,5,2,0,3,10,3,1,6,1,19,4,1896,2,14,5,3,5
2016300019693,1,9,0,7,0,6,0,0,0,0,1,1,6,2,-1,-1,1598,1,6,10,2,10
2016300019693,2,1,0,18,0,8,0,0,0,0,1,1,6,2,-1,-1,-1,-1,-1,7,3,7
2016300019698,1,9,0,11,6,0,0,0,0,0,1,1,6,1,41,7,1198,1,8,4,1,4
2016300019698,2,90,0,2,6,0,0,0,0,0,2,1,6,1,71,10,-1,-1,-1,-1,-1,-1
2016300019700,1,9,0,16,0,0,1,0,1,4,1,1,6,1,31,6,1796,1,15,2,1,2
2016300019701,1,9,0,18,0,0,2,2,1,4,4,1,6,1,29,6,1995,1,8,4,1,4
2016300019704,1,19,0,2,0,1,0,0,0,0,0,1,1,1,41,7,1753,2,10,4,1,4
2016300019704,2,1,0,18,0,1,0,0,0,0,1,1,1,1,25,5,-1,-1,-1,-1,-1,-1
2016300019709,1,9,0,18,0,0,1,0,0,0,1,1,2,1,23,5,1968,2,3,-1,-1,-1
2016300019709,2,9,0,18,0,0,0,0,0,0,4,1,1,1,-1,-1,-1,-1,-1,1,1,1
2016300019711,1,9,0,9,0,6,0,0,0,0,3,1,3,2,41,7,1229,1,11,-1,-1,-1
2016300019711,2,9,0,18,0,8,0,0,0,0,1,1,3,2,43,7,1598,1,2,10,1,10
2016300019713,1,9,0,5,0,1,0,0,0,0,2,1,6,2,52,8,1328,1,9,-1,-1,-1
2016300019713,2,9,0,5,0,1,0,0,0,0,1,1,2,1,28,6,1598,2,-1,-1,-1,-1
2016300019718,1,1,0,18,9,8,0,0,0,0,1,1,6,1,15,3,-1,-1,-1,-1,-1,-1
2016300019718,2,9,0,18,9,8,0,0,0,0,3,1,6,2,37,7,1560,2,3,10,2,10
2016300019719,1,9,0,18,0,4,0,0,0,0,1,1,6,1,-1,-1,1896,2,11,-1,-1,-1
2016300019719,2,9,0,18,0,8,0,0,0,0,1,1,1,1,37,7,1896,2,13,4,1,4
2016300019720,1,9,0,4,0,0,0,0,0,0,1,1,6,1,25,5,1956,2,3,3,1,3
2016300019720,2,9,0,3,0,0,0,0,0,0,2,1,2,1,49,8,1590,1,15,-1,-1,-1
2016300019720,3,9,0,3,0,0,0,0,0,0,2,1,2,1,50,8,1995,2,1,7,1,7
2016300019721,1,9,0,18,0,8,1,0,0,0,1,1,2,1,50,8,1242,1,14,1,1,1
2016300019721,2,9,0,10,0,8,0,0,0,0,2,1,6,2,32,6,998,1,9,2,1,2
2016300019722,1,9,0,17,0,0,0,0,0,0,1,1,6,2,18,4,1598,1,1,6,1,6
2016300019722,2,9,0,16,0,0,0,0,7,0,1,1,6,1,59,9,-1,-1,-1,2,1,2
2016300019724,1,9,0,18,0,1,0,0,0,0,3,1,6,1,31,6,1910,2,6,9,1,9
2016300019728,1,9,0,18,0,0,0,0,0,0,1,1,6,3,-1,-1,-1,-1,-1,-1,-1,-1
2016300019729,1,20,0,5,0,1,0,0,0,0,1,1,1,1,52,8,2800,2,14,3,1,3
2016300019729,2,9,0,3,0,1,0,0,0,0,2,1,6,2,36,7,1896,2,11,3,1,3
2016300019730,1,5,0,14,0,8,0,0,0,0,1,1,6,1,30,6,1202,1,-1,3,1,3
2016300019730,2,9,0,9,0,6,0,0,0,0,3,1,6,1,34,6,1686,2,6,4,1,4
2016300019730,3,90,0,3,0,1,0,0,0,0,0,1,6,3,-1,-1,-1,-1,-1,-1,-1,-1