Accident_Index,Vehicle_Reference,Vehicle_Type,Towing_and_Articulation,Vehicle_Manoeuvre,Vehicle_Location-Restricted_Lane,Junction_Location,Skidding_and_Overturning,Hit_Object_in_Carriageway,Vehicle_Leaving_Carriageway,Hit_Object_off_Carriageway,1st_Point_of_Impact,Was_Vehicle_Left_Hand_Drive?,Journey_Purpose_of_Driver,Sex_of_Driver,Age_of_Driver,Age_Band_of_Driver,Engine_Capacity_(CC),Propulsion_Code,Age_of_Vehicle,Driver_IMD_Decile,Driver_Home_Area_Type,Vehicle_IMD_Decile
2016300019733,1,9,0,9,0,5,0,0,0,0,4,1,6,1,26,6,1956,2,7,2,1,2
2016300019733,2,9,0,16,0,8,0,0,0,0,1,1,3,1,18,4,1420,2,10,8,1,8
2016300019734,1,9,0,7,0,3,0,0,0,0,4,1,6,1,47,8,1995,2,3,2,1,2
2016300019734,2,21,1,17,0,8,0,0,0,0,3,1,1,1,46,8,12777,2,3,-1,3,-1
2016300019735,1,9,0,10,0,1,0,0,0,0,2,1,6,2,48,8,1498,1,8,-1,-1,-1
2016300019735,2,9,0,4,0,1,0,0,0,0,1,1,6,1,39,7,1997,1,14,-1,-1,-1
2016300019736,1,9,0,16,0,0,2,10,7,1,1,1,6,1,32,6,1199,1,14,2,1,2
2016301600003,1,9,0,18,0,0,0,0,0,0,1,1,6,1,22,5,-1,-1,-1,8,1,8
2016301600004,1,9,0,9,0,6,0,0,0,0,1,1,2,1,46,8,1598,2,2,4,1,4
2016301600004,2,3,0,18,0,8,0,0,0,0,1,1,2,2,36,7,124,1,-1,4,1,4
2016301600005,1,9,0,18,0,1,0,0,0,0,2,1,6,2,47,8,1995,2,-1,7,1,7
2016301600005,2,19,0,18,0,1,0,0,0,0,2,1,1,1,57,9,2287,2,4,4,1,4
2016301600005,3,9,0,18,0,1,0,0,0,0,1,1,6,2,51,8,1598,2,3,10,1,10
2016301600006,1,9,0,16,0,0,0,0,0,0,1,1,6,2,38,7,1968,2,5,9,1,9
2016301600006,2,9,0,17,0,0,0,0,0,0,1,1,6,2,71,10,1461,2,11,9,1,9
2016301600006,3,9,0,17,0,0,0,0,0,0,3,1,6,1,53,8,1598,2,6,6,1,6
2016301600006,4,9,0,17,0,0,0,0,0,0,1,1,6,1,65,9,1461,2,-1,3,1,3
2016301600007,1,9,0,17,0,0,1,4,0,0,1,1,6,3,-1,-1,1199,1,12,-1,-1,-1
2016301600007,2,20,0,2,9,0,0,0,0,0,2,1,6,3,-1,-1,-1,-1,-1,-1,-1,-1
2016301600007,3,9,0,2,9,0,0,0,0,0,2,1,6,3,-1,-1,1956,2,6,-1,-1,-1
2016301600008,1,9,0,17,0,0,1,0,0,0,1,1,6,1,22,5,1596,1,12,2,1,2
2016301600008,2,9,0,16,0,0,0,0,0,0,1,1,6,2,45,7,1796,2,3,9,1,9
2016301600009,1,9,0,18,0,0,0,0,0,0,2,1,2,2,23,5,998,1,4,7,3,7
2016301600009,2,9,0,4,0,0,0,0,0,0,2,1,6,1,58,9,1996,1,22,2,1,2
2016301600009,3,9,0,18,0,0,0,0,0,0,1,1,6,1,42,7,1798,1,1,5,1,5
2016301600010,1,9,0,5,0,6,0,0,7,1,1,1,6,1,91,11,1596,1,11,5,1,5
2016301600011,1,9,0,18,0,0,0,0,0,0,1,1,6,3,-1,-1,1398,1,1,-1,-1,-1
2016301600011,2,9,0,4,0,0,0,0,0,0,1,1,6,1,-1,-1,2993,2,1,5,1,5
2016301600012,1,9,0,9,0,6,0,0,0,0,1,1,6,2,40,7,2268,2,3,9,3,9
2016301600012,2,9,0,18,0,8,0,0,0,0,1,1,6,2,26,6,1368,1,1,10,2,10
2016301600013,1,21,1,12,0,8,0,0,0,0,3,2,1,1,41,7,-1,-1,-1,-1,-1,-1
2016301600013,2,9,0,18,0,8,0,0,0,0,4,1,6,1,54,8,1364,2,6,4,1,4
2016301600014,1,9,0,9,0,6,0,0,0,0,2,1,6,2,33,6,1229,1,3,1,1,1
2016301600014,2,9,0,18,0,8,0,0,0,0,1,1,6,3,-1,-1,2902,2,8,-1,-1,-1
2016301600016,1,9,0,4,0,0,0,0,0,0,1,1,6,1,32,6,1970,1,20,6,1,6
2016301600016,2,9,0,4,0,0,0,0,0,0,2,1,6,2,29,6,973,1,14,3,1,3
2016301600017,1,1,0,18,0,0,0,0,0,0,0,1,6,1,34,6,-1,-1,-1,4,1,4
2016301600018,1,9,0,9,0,4,0,0,0,0,3,1,2,1,69,10,1598,1,12,6,1,6
2016301600018,2,1,0,18,0,4,0,0,0,0,1,1,6,1,36,7,-1,-1,-1,6,1,6
2016301600020,1,9,0,18,0,0,1,0,0,0,2,1,6,2,61,9,999,1,3,2,1,2
2016301600020,2,19,0,18,0,0,0,0,0,0,1,1,1,1,42,7,2463,2,10,1,1,1
2016301600021,1,9,0,10,0,8,0,0,0,0,2,1,1,1,60,9,-1,-1,-1,3,1,3
2016301600021,2,9,0,18,0,1,0,0,0,0,1,1,6,1,24,5,1598,1,10,2,1,2
2016301600022,1,9,0,5,0,6,0,0,0,0,0,1,2,1,45,7,1242,1,10,9,2,9
2016301600022,2,9,0,12,0,2,1,0,0,0,1,1,2,1,23,5,1149,1,15,1,1,1
2016301600022,3,9,0,18,0,2,0,0,0,0,4,1,2,2,30,6,1995,2,6,7,1,7
2016301600024,1,9,0,1,0,1,0,0,0,0,2,1,6,2,28,6,1598,1,12,4,1,4
2016301600024,2,9,0,2,0,1,0,0,0,0,4,1,3,3,-1,-1,1339,1,12,-1,-1,-1
2016301600026,1,9,0,3,0,1,0,0,0,0,2,1,2,2,44,7,1598,1,10,4,2,4
2016301600026,2,9,0,18,0,1,0,0,0,0,1,1,2,2,17,4,1198,1,8,9,2,9
2016301600027,1,9,0,5,0,6,0,0,0,0,1,1,2,2,27,6,1229,1,8,8,1,8
2016301600027,2,1,0,17,0,8,1,0,0,0,1,1,6,1,30,6,-1,-1,-1,3,1,3
2016301600028,1,9,0,10,0,8,0,0,0,0,2,1,6,1,17,4,1242,1,9,2,1,2
2016301600028,2,19,0,18,0,8,1,0,0,0,1,1,6,3,-1,-1,-1,-1,-1,-1,-1,-1
2016301600029,1,19,0,9,0,6,0,0,0,0,3,1,1,1,24,5,2143,2,4,9,3,9
2016301600029,2,1,0,18,0,8,0,0,0,0,1,1,6,1,34,6,-1,-1,-1,-1,-1,-1
2016301600030,1,9,0,2,9,6,0,0,0,0,2,1,6,3,-1,-1,1596,1,2,-1,-1,-1
2016301600031,1,9,0,9,0,6,0,0,0,0,3,1,6,2,20,4,1299,1,10,6,1,6
2016301600031,2,3,0,18,0,1,1,0,0,0,1,1,6,1,33,6,125,1,9,2,1,2
2016301600031,3,3,0,18,0,1,1,0,0,0,1,1,6,1,26,6,124,1,9,7,1,7
2016301600032,1,1,0,12,0,0,0,0,0,0,1,1,2,1,26,6,-1,-1,-1,10,1,10
2016301600032,2,9,0,17,0,0,0,0,0,0,1,1,6,3,-1,-1,-1,-1,-1,-1,-1,-1
2016301600033,1,9,0,18,0,0,1,4,1,0,2,1,6,1,37,7,1328,1,11,3,1,3
2016301600033,2,9,0,2,6,0,0,0,0,0,2,1,6,2,61,9,1968,2,4,8,3,8
2016301600035,1,9,0,16,0,0,2,0,7,11,3,1,6,2,29,6,1388,1,13,1,1,1
2016301600036,1,9,0,1,0,8,0,0,1,0,2,1,6,2,56,9,1560,2,3,9,1,9
2016301600036,2,9,0,2,0,2,0,0,0,0,2,1,6,3,-1,-1,2497,2,10,-1,-1,-1
2016301600037,1,9,0,18,0,1,0,0,0,0,1,1,6,1,62,9,1299,1,10,1,1,1
2016301600037,2,9,0,10,0,1,0,0,0,0,2,1,6,2,25,5,1995,2,11,6,2,6
2016301600038,1,9,0,7,0,6,0,0,0,0,1,1,2,1,42,7,1997,2,11,3,1,3
2016301600038,2,9,0,18,0,8,5,0,0,0,4,1,6,1,20,4,1398,2,14,6,1,6
2016301600041,1,9,0,14,0,0,0,0,0,0,1,1,6,2,78,11,1588,1,12,8,1,8
2016301600041,2,9,0,18,0,0,0,0,0,0,3,1,6,1,18,4,1968,2,8,5,1,5
2016301600041,3,9,0,2,0,0,0,0,0,0,3,1,6,3,-1,-1,1229,1,10,-1,-1,-1
2016301600042,1,9,0,5,0,0,0,0,1,1,1,1,6,1,18,4,1986,2,10,4,1,4
2016301600042,2,9,0,18,0,0,0,0,0,0,1,1,6,1,22,5,1896,2,14,8,1,8
2016301600043,1,5,0,17,0,0,1,0,1,0,4,1,6,1,42,7,998,1,1,7,2,7
2016301600043,2,9,0,2,6,0,0,0,0,0,4,1,6,3,-1,-1,1364,2,13,-1,-1,-1
2016301600044,1,9,0,18,0,1,0,0,0,0,1,1,6,2,23,5,1598,2,3,1,1,1
2016301600044,2,9,0,18,0,1,0,0,0,0,2,1,6,1,22,5,-1,-1,-1,1,1,1
2016301600045,1,9,0,18,0,0,0,0,0,0,4,2,6,1,42,7,2184,2,12,5,3,5
2016301600046,1,9,0,4,0,4,0,0,0,0,1,1,2,1,48,8,1461,2,4,-1,-1,-1
2016301600046,2,19,0,3,0,4,0,0,0,0,2,1,1,1,-1,-1,1248,2,7,10,2,10
2016301600047,1,21,1,18,0,0,0,0,0,0,1,1,1,1,43,7,12777,2,6,-1,-1,-1
2016301600047,2,1,0,18,0,0,0,0,1,0,2,1,2,1,35,6,-1,-1,-1,7,2,7
2016301600048,1,9,0,16,0,1,0,0,0,0,3,2,6,1,45,7,1910,2,9,5,1,5
2016301600048,2,9,0,13,0,1,0,0,0,0,1,2,6,1,20,4,-1,-1,-1,1,1,1
2016301600048,3,9,0,16,0,1,0,0,0,0,0,2,6,1,21,5,1995,2,8,5,1,5
2016301600048,4,9,0,17,0,2,0,0,0,0,1,2,6,1,25,5,1995,2,11,5,1,5
2016301600049,1,9,0,18,0,1,0,0,0,0,1,1,2,1,46,8,-1,-1,-1,7,2,7
2016301600049,2,9,0,4,0,1,0,0,0,0,2,1,6,1,21,5,1600,2,7,9,2,9
2016301600050,1,9,0,7,0,6,5,0,3,11,1,1,6,2,30,6,1390,1,11,8,1,8
2016301600051,1,9,0,7,0,4,0,0,0,0,2,1,6,1,43,7,998,1,6,7,1,7
2016301600051,2,9,0,7,0,4,0,0,0,0,1,1,6,1,43,7,1834,1,13,5,1,5
2016301600052,1,19,0,18,0,8,0,0,1,0,3,1,1,1,61,9,1753,2,13,4,1,4
2016301600052,2,9,0,18,0,8,0,0,7,0,1,1,1,1,26,6,2191,2,-1,8,1,8
2016301600054,1,9,0,18,0,0,0,0,0,0,4,1,6,3,-1,-1,1798,1,5,-1,-1,-1
2016301600055,1,9,0,18,0,8,0,0,0,0,1,1,2,2,63,9,1599,1,12,1,1,1
2016301600055,2,1,0,18,0,6,0,0,0,0,1,1,6,2,37,7,-1,-1,-1,1,1,1
2016301600056,1,9,0,16,0,0,0,0,0,0,1,1,2,2,33,6,1598,2,5,7,1,7
2016301600056,2,21,0,17,0,0,1,0,7,11,1,1,1,1,46,8,8970,2,10,3,1,3
2016301600057,1,9,0,10,0,1,0,0,0,0,2,1,2,2,25,5,1390,1,3,7,2,7
2016301600057,2,3,0,3,0,1,0,0,0,0,1,1,2,1,19,4,124,1,6,4,1,4
2016301600058,1,5,0,16,0,0,1,0,0,0,1,1,2,1,46,8,599,1,3,3,1,3
2016301600058,2,9,0,17,0,0,0,0,0,0,3,1,2,1,43,7,2179,2,2,8,3,8
2016301600060,1,9,0,4,0,0,0,0,0,0,2,1,6,1,31,6,1368,1,9,3,1,3
2016301600060,2,9,0,18,0,0,0,0,0,0,1,1,6,1,24,5,1984,1,11,10,2,10
2016301600061,1,9,0,4,0,0,0,0,0,0,2,1,6,2,21,5,1149,1,2,9,1,9
2016301600061,2,3,0,18,0,0,1,0,0,0,1,1,6,1,19,4,124,1,17,9,1,9
2016301600062,1,9,0,3,0,1,0,0,0,0,2,1,6,2,54,8,1598,1,11,7,3,7
2016301600062,2,9,0,18,0,1,0,0,0,0,1,1,6,1,50,8,2497,2,8,7,2,7
2016301600063,1,11,0,18,0,0,0,0,0,0,1,1,1,1,-1,-1,4250,2,6,-1,-1,-1
2016301600063,2,9,0,3,0,0,0,0,0,0,2,1,6,1,38,7,1968,2,6,2,1,2
2016301600064,1,9,0,18,0,4,0,0,0,0,1,1,6,3,-1,-1,-1,-1,-1,-1,-1,-1
2016301600064,2,1,0,9,0,3,0,0,0,0,4,1,6,2,47,8,-1,-1,-1,5,1,5
2016301600065,1,19,0,7,0,1,0,0,0,0,2,1,2,2,26,6,-1,-1,-1,9,2,9
2016301600065,2,1,0,18,0,1,0,0,0,0,1,1,6,1,37,7,-1,-1,-1,3,1,3
2016301600068,1,9,0,18,0,3,0,0,2,11,1,1,2,2,23,5,1124,1,10,3,1,3
2016301600069,1,4,0,18,0,0,1,0,0,0,0,1,2,1,22,5,498,1,12,7,1,7
2016301600070,1,9,0,7,0,5,0,0,0,0,4,1,6,2,54,8,1398,1,6,6,1,6
2016301600070,2,1,0,18,0,1,1,0,7,0,1,1,6,1,23,5,-1,-1,-1,-1,-1,-1
2016301600071,1,9,0,4,0,1,0,0,0,0,2,1,6,2,51,8,1596,1,11,9,1,9
2016301600071,2,9,0,18,0,1,0,0,0,0,1,1,6,2,45,7,1242,1,4,8,1,8
2016301600072,1,9,0,18,0,0,0,0,0,0,1,1,6,1,32,6,2495,1,14,5,1,5
2016301600072,2,9,0,18,0,0,0,0,0,0,2,1,6,2,52,8,1598,1,8,9,1,9
2016301600073,1,9,0,5,0,1,0,0,0,0,3,1,6,1,22,5,1596,1,10,1,1,1
2016301600073,2,9,0,18,0,1,0,0,0,0,4,1,6,1,46,8,1994,2,8,2,1,2
2016301600074,1,9,0,18,0,0,0,0,0,0,1,1,6,1,35,6,1598,1,9,1,1,1
2016301600075,1,9,0,17,0,0,0,0,0,0,1,1,1,1,22,5,-1,-1,-1,1,1,1
2016301600075,2,9,0,16,0,0,0,0,0,0,3,1,6,1,33,6,1997,2,15,7,1,7
2016301600076,1,9,0,7,0,1,0,0,0,0,1,1,6,2,35,6,1900,2,9,6,1,6
2016301600076,2,1,0,18,0,1,0,0,0,0,3,1,6,1,16,4,-1,-1,-1,8,1,8
2016301600079,1,9,0,9,0,4,0,0,0,0,1,1,2,1,52,8,1997,2,9,9,1,9
2016301600079,2,1,0,18,0,8,0,0,0,0,1,1,6,1,26,6,-1,-1,-1,7,1,7
2016301600080,1,9,0,7,0,5,0,0,0,0,4,1,6,3,-1,-1,-1,-1,-1,-1,-1,-1
2016301600080,2,1,0,18,0,8,0,0,0,0,1,1,6,2,27,6,-1,-1,-1,3,1,3
2016301600081,1,19,0,1,0,1,0,0,0,0,2,1,1,1,55,8,2999,2,4,5,1,5
2016301600082,1,9,0,4,0,0,0,0,0,0,2,1,2,2,18,4,999,1,1,-1,-1,-1
2016301600082,2,21,1,4,0,0,0,0,0,0,1,1,1,1,36,7,-1,2,2,1,1,1
2016301600083,1,9,0,4,0,0,0,0,0,0,1,1,6,1,19,4,1388,1,11,3,1,3
2016301600083,2,9,0,4,0,0,0,0,0,0,2,1,6,1,31,6,1798,1,-1,5,1,5
2016301600085,1,9,0,6,0,1,0,0,0,0,3,1,1,1,32,6,1248,2,4,5,1,5
2016301600085,2,9,0,18,0,1,0,0,0,0,1,1,6,1,-1,-1,1988,1,13,5,1,5
2016301600086,1,11,0,12,0,0,1,0,5,6,1,1,1,1,50,8,9000,2,17,9,1,9
2016301600087,1,9,0,5,0,1,0,0,0,0,4,1,6,1,33,6,1364,1,1,2,1,2
2016301600089,1,19,0,18,0,0,0,0,0,0,4,1,1,1,49,8,1995,2,5,5,1,5
2016301600089,2,1,0,18,0,0,0,0,1,0,2,1,6,2,45,7,-1,-1,-1,10,2,10
2016301600090,1,4,0,17,0,8,0,0,0,0,0,1,6,1,29,6,124,1,10,4,1,4
2016301600090,2,9,0,18,0,4,0,0,0,0,0,1,6,3,-1,-1,1968,2,9,5,1,5
2016301600092,1,9,0,17,0,0,0,0,0,0,1,1,6,1,26,6,2500,2,17,7,3,7
2016301600092,2,9,0,16,0,0,0,0,0,0,1,1,6,2,37,7,1242,1,14,9,1,9
2016301600093,1,9,0,18,0,8,0,0,0,0,4,1,6,1,51,8,1781,1,15,4,1,4
2016301600094,1,9,0,18,0,6,0,0,0,0,0,1,6,3,-1,-1,1896,2,10,-1,-1,-1
2016301600094,2,9,0,18,0,1,0,0,0,0,0,1,6,2,59,9,1389,1,14,1,1,1
2016301600095,1,9,0,18,0,0,0,4,0,0,1,1,6,2,29,6,1596,1,11,1,1,1
2016301600095,2,9,0,2,0,0,0,0,1,0,2,1,6,2,48,8,1560,2,3,3,1,3
2016301600096,1,9,0,18,0,0,1,0,0,10,1,1,6,1,28,6,1398,2,6,5,3,5
2016301600096,2,9,0,4,0,0,1,7,0,0,4,1,1,1,49,8,2993,2,3,5,1,5
2016301600096,3,9,0,4,0,0,1,0,0,0,1,1,1,1,44,7,2993,2,4,5,1,5
2016301600097,1,9,0,18,0,0,1,0,2,7,1,1,6,1,28,6,1199,1,13,8,1,8
2016301600098,1,3,0,16,0,0,0,0,0,0,1,1,2,1,19,4,124,1,-1,2,1,2
2016301600098,2,9,0,17,0,0,1,0,0,0,1,1,6,1,71,10,-1,-1,-1,6,3,6
2016301600099,1,9,0,18,0,0,0,0,0,0,1,1,1,1,24,5,1229,1,7,8,2,8
2016301600100,1,5,0,18,0,0,1,10,6,6,1,1,6,1,46,8,644,1,8,-1,-1,-1
2016301600100,2,9,0,18,0,0,0,0,0,0,3,1,6,1,52,8,1796,1,8,6,1,6
2016301600101,1,9,0,6,0,8,0,0,0,0,0,1,6,3,-1,-1,-1,-1,-1,-1,-1,-1
2016301600101,2,5,0,18,0,8,1,0,0,0,4,1,6,1,58,9,1000,1,18,7,1,7
2016301600102,1,5,0,17,0,0,1,0,0,0,1,1,6,1,43,7,675,1,5,4,1,4
2016301600102,2,19,0,16,0,0,0,0,0,0,3,1,1,1,53,8,1995,2,4,7,1,7
2016301600104,1,19,0,1,0,1,0,0,0,0,2,1,1,1,46,8,2461,2,8,10,3,10
2016301600105,1,9,0,9,0,5,0,0,0,0,1,1,2,1,38,7,1199,1,15,6,1,6
2016301600105,2,5,0,18,0,8,0,0,1,9,1,1,6,1,57,9,1261,1,8,7,3,7
2016301600106,1,9,0,17,0,0,0,0,0,0,1,1,6,1,39,7,1229,1,1,-1,-1,-1
2016301600106,2,9,0,16,0,0,0,0,0,0,1,1,6,2,53,8,1796,1,16,8,2,8
2016301600107,1,21,1,18,0,8,1,0,0,0,1,1,1,1,26,6,12777,2,8,6,3,6
2016301600107,2,9,0,9,0,8,0,0,7,9,2,1,1,1,58,9,1995,2,2,7,1,7
2016301600108,1,9,0,18,0,2,0,0,0,0,1,1,6,1,20,4,2204,2,9,8,1,8
2016301600108,2,1,0,18,0,2,0,0,0,0,4,1,6,1,78,11,-1,-1,-1,10,2,10
2016301600109,1,9,0,5,0,1,0,0,0,0,2,1,6,2,50,8,1240,1,9,4,1,4
2016301600109,2,9,0,5,0,1,0,0,0,0,1,1,6,2,42,7,1997,2,14,5,1,5
2016301600111,1,9,0,9,0,4,0,0,0,0,1,1,6,1,36,7,1493,2,8,1,1,1
2016301600111,2,9,0,18,0,8,0,0,0,0,1,1,6,1,22,5,1590,1,13,2,1,2
2016301600111,3,9,0,18,0,1,0,0,0,0,1,1,6,1,46,8,1896,2,14,4,1,4
2016301600116,1,9,0,17,0,0,5,10,0,0,1,1,6,2,35,6,1339,1,11,2,1,2
2016301600120,1,5,0,13,0,0,1,7,0,10,1,1,6,1,56,9,1200,1,7,7,3,7
2016301600121,1,9,0,18,0,0,0,0,0,0,1,1,6,1,75,10,1798,1,-1,6,1,6
2016301600121,2,9,0,4,0,0,0,0,0,0,2,1,6,2,38,7,1108,1,7,1,1,1
2016301600121,3,9,0,4,0,0,0,0,0,0,2,1,6,2,25,5,1596,1,6,-1,-1,-1
2016301600122,1,9,0,18,0,0,0,0,0,0,1,1,6,3,-1,-1,1229,1,4,-1,-1,-1
2016301600122,2,9,0,3,0,0,0,0,0,0,2,1,6,2,47,8,1995,2,10,2,1,2
2016301600123,1,9,0,18,0,1,0,0,0,0,1,1,1,1,23,5,1799,1,7,4,1,4
2016301600123,2,9,0,6,0,6,0,0,0,0,1,1,6,1,54,8,1598,2,1,9,1,9
2016301600124,1,9,0,1,9,5,0,0,0,0,0,1,6,1,41,7,1399,2,12,1,1,1
2016301600125,1,9,0,9,0,6,0,0,0,0,4,1,6,1,66,10,1968,2,6,10,3,10
2016301600125,2,9,0,18,0,1,0,0,0,0,1,1,6,2,21,5,1398,1,3,3,1,3
2016301600126,1,9,0,18,0,0,0,0,0,0,3,1,6,1,38,7,1900,2,17,5,2,5
2016301600126,2,21,1,18,0,0,0,0,0,0,3,1,1,1,61,9,12740,2,3,5,1,5
2016301600127,1,9,0,13,0,0,5,0,1,4,1,1,6,1,54,8,3799,1,2,5,3,5
2016301600127,2,9,0,18,0,0,0,0,0,0,4,1,6,1,45,7,4163,1,9,8,3,8
2016301600129,1,9,0,18,0,2,0,0,0,0,1,1,6,1,27,6,1900,2,12,4,1,4
2016301600129,2,1,0,18,0,8,0,0,0,0,1,1,2,1,57,9,-1,-1,-1,2,1,2
2016301600131,1,9,0,18,0,8,0,0,0,0,3,1,6,1,38,7,3200,2,9,1,1,1
2016301600131,2,8,0,9,0,6,0,0,0,0,1,1,1,1,62,9,1997,2,5,1,1,1
2016301600132,1,19,0,2,0,0,5,0,1,0,2,1,1,1,40,7,1870,2,11,2,1,2
2016301600132,2,21,1,18,0,0,0,4,0,0,1,1,1,1,32,6,8970,2,10,10,2,10
2016301600133,1,9,0,9,0,5,0,0,0,0,3,1,2,2,27,6,1496,2,1,5,1,5
2016301600133,2,3,0,13,0,8,0,0,0,0,1,1,2,1,25,5,125,1,1,3,2,3
2016301600136,1,9,0,17,0,0,5,0,1,11,1,1,2,2,22,5,1240,1,6,9,3,9
2016301600138,1,19,0,13,0,0,0,0,0,0,4,1,6,3,-1,-1,1248,2,9,5,1,5
2016301600138,2,1,0,18,0,0,0,0,0,0,3,1,6,1,59,9,-1,-1,-1,9,1,9
2016301600139,1,9,0,17,0,0,0,4,1,11,1,1,6,2,67,10,1086,1,9,1,1,1
2016301600139,2,9,0,2,0,0,0,0,0,0,2,2,6,1,51,8,-1,-1,-1,1,1,1
2016301600140,1,9,0,18,0,0,0,4,0,0,1,1,6,2,29,6,1461,2,9,5,1,5
2016301600140,2,9,0,2,0,0,0,0,1,0,2,1,6,3,-1,-1,1798,1,10,-1,-1,-1
2016301600141,1,9,0,9,0,8,0,0,1,10,2,1,1,1,71,10,1198,1,2,3,1,3
2016301600141,2,9,0,18,0,1,0,0,0,0,1,1,1,1,22,5,2000,2,12,1,1,1
2016301600142,1,9,0,15,0,0,5,0,1,2,3,1,6,1,29,6,973,1,17,2,1,2
2016301600142,2,9,0,18,0,0,0,0,0,0,4,1,6,1,29,6,1910,2,10,6,1,6
2016301600143,1,9,0,18,0,0,0,7,0,0,1,1,6,1,23,5,1124,1,14,4,1,4
2016301600145,1,21,0,18,0,4,0,0,0,0,3,1,1,1,44,7,-1,-1,-1,2,1,2
2016301600145,2,9,0,18,0,8,0,0,0,0,2,1,6,2,31,6,1149,1,14,8,2,8
2016301600146,1,9,0,10,0,8,0,0,0,0,2,1,6,2,44,7,1242,1,3,8,3,8
2016301600146,2,9,0,18,0,1,0,0,0,0,2,1,6,1,69,10,1329,1,5,4,3,4
2016301600146,3,9,0,18,0,1,0,0,0,0,0,1,6,1,77,11,1796,1,13,9,2,9
2016301600147,1,19,0,18,0,0,0,0,0,0,3,1,6,3,-1,-1,-1,-1,-1,-1,-1,-1
2016301600147,2,9,0,18,0,0,0,0,0,0,1,1,1,2,53,8,1368,1,8,10,1,10
2016301600148,1,9,0,9,0,5,0,0,0,1,4,1,6,2,55,8,1560,2,5,2,1,2
2016301600148,2,3,0,18,0,8,0,0,0,0,1,1,6,1,33,6,124,1,-1,6,1,6
2016301600149,1,9,0,9,0,6,5,0,0,4,2,1,1,1,77,11,989,1,15,8,1,8
2016301600149,2,11,0,18,0,8,1,0,0,0,1,1,1,1,-1,-1,6370,2,3,1,1,1
2016301600150,1,9,0,18,0,0,0,0,0,0,1,1,6,1,34,6,1995,2,5,6,3,6
2016301600151,1,4,0,18,0,0,0,0,5,1,1,1,2,1,23,5,-1,-1,-1,3,1,3
2016301600152,1,9,0,18,0,1,0,0,0,0,1,1,2,2,18,4,1242,1,7,3,1,3
2016301600152,2,9,0,2,0,1,0,0,0,0,0,1,6,3,-1,-1,-1,-1,-1,-1,-1,-1
2016301600153,1,9,0,9,0,1,0,0,7,1,1,1,6,2,40,7,1796,1,13,4,1,4
2016301600154,1,2,0,4,0,0,1,0,0,0,1,1,6,1,19,4,124,1,1,3,1,3
2016301600154,2,9,0,18,0,0,0,0,0,0,2,1,6,1,44,7,2495,2,12,2,1,2
2016301600155,1,9,0,18,0,1,0,0,0,0,1,1,6,1,24,5,1360,1,4,9,2,9
2016301600155,2,9,0,10,0,5,0,0,0,0,2,1,6,2,65,9,1560,2,4,10,2,10
2016301600157,1,5,0,12,8,0,1,0,0,0,0,1,6,1,42,7,1157,1,11,6,1,6
2016301600159,1,9,0,18,0,8,0,0,1,0,1,1,6,1,23,5,1995,2,14,1,1,1
2016301600159,2,9,0,9,0,5,0,0,0,0,4,1,6,2,82,11,1956,2,-1,8,3,8
2016301600159,3,9,0,10,0,1,0,0,0,0,3,1,2,1,28,6,1490,1,11,3,1,3
2016301600160,1,9,0,17,0,0,1,0,0,0,3,1,2,1,58,9,1596,1,13,2,1,2
2016301600160,2,21,0,16,0,0,0,0,0,0,1,1,1,1,-1,-1,4461,2,4,3,1,3
2016301600161,1,9,0,18,0,0,0,0,0,0,1,1,6,1,37,7,1896,2,14,1,1,1
2016301600161,2,9,0,18,0,0,0,0,0,0,1,1,6,1,74,10,1598,1,1,2,1,2
2016301600162,1,3,0,16,0,0,1,10,1,10,1,1,6,1,26,6,125,1,1,5,3,5
2016301600163,1,9,0,18,0,0,0,0,0,0,4,1,6,1,25,5,1995,2,10,1,1,1
2016301600163,2,98,1,12,0,0,0,0,0,0,3,2,1,1,57,9,-1,-1,-1,-1,-1,-1
2016301600164,1,9,0,14,0,0,0,0,0,0,1,1,6,3,-1,-1,-1,-1,-1,-1,-1,-1
2016301600164,2,19,0,2,0,0,0,0,0,0,0,1,6,3,-1,-1,-1,-1,-1,-1,-1,-1
2016301600165,1,9,0,4,0,0,0,0,0,0,1,1,6,2,35,6,1794,1,10,2,1,2
2016301600165,2,9,0,1,0,0,0,0,0,0,2,1,6,1,41,7,1896,2,9,9,3,9
2016301600166,1,9,0,18,0,0,0,0,0,0,1,1,2,1,25,5,973,1,14,2,1,2
2016301600166,2,9,0,18,0,0,0,0,0,0,2,1,6,1,35,6,1834,1,19,5,1,5
2016301600166,3,9,0,18,0,0,0,0,0,0,2,1,6,2,28,6,1461,2,1,10,1,10
2016301600167,1,5,0,13,0,1,1,0,0,0,0,1,6,1,54,8,1052,1,22,6,3,6
2016301600167,2,17,4,9,0,5,0,0,0,0,0,1,1,1,68,10,-1,2,31,7,3,7
2016301600168,1,1,0,18,0,0,0,11,0,0,1,1,6,1,49,8,-1,-1,-1,6,1,6
2016301600169,1,9,0,18,0,0,1,0,4,6,3,1,6,1,28,6,2993,2,3,1,1,1