Accident_Index,Vehicle_Reference,Vehicle_Type,Towing_and_Articulation,Vehicle_Manoeuvre,Vehicle_Location-Restricted_Lane,Junction_Location,Skidding_and_Overturning,Hit_Object_in_Carriageway,Vehicle_Leaving_Carriageway,Hit_Object_off_Carriageway,1st_Point_of_Impact,Was_Vehicle_Left_Hand_Drive?,Journey_Purpose_of_Driver,Sex_of_Driver,Age_of_Driver,Age_Band_of_Driver,Engine_Capacity_(CC),Propulsion_Code,Age_of_Vehicle,Driver_IMD_Decile,Driver_Home_Area_Type,Vehicle_IMD_Decile
2016301600335,1,11,0,5,0,0,0,0,0,0,0,1,1,1,51,8,4461,2,3,3,1,3
2016301600336,1,9,0,9,0,5,0,0,0,0,3,1,6,1,84,11,1598,1,8,9,1,9
2016301600336,2,2,0,10,0,8,0,0,0,0,3,1,6,2,64,9,49,1,4,3,1,3
2016301600337,1,3,0,4,0,0,0,0,0,0,4,1,6,1,40,7,125,1,12,5,1,5
2016301600338,1,9,0,5,0,0,0,0,0,0,1,1,6,2,35,6,1199,1,12,8,1,8
2016301600339,1,9,0,18,0,8,0,0,0,0,1,1,6,1,29,6,1242,1,10,1,1,1
2016301600339,2,9,0,9,0,8,0,0,0,0,1,1,6,1,48,8,1995,2,11,8,1,8
2016301600340,1,9,0,4,0,1,0,0,0,0,2,1,6,1,17,4,998,1,7,2,1,2
2016301600340,2,9,0,18,0,1,0,0,0,0,1,1,6,1,20,4,1596,1,8,10,2,10
2016301600341,1,9,0,18,0,0,1,0,0,0,1,1,6,1,43,7,1590,1,23,8,1,8
2016301600341,2,9,0,18,0,0,0,0,0,0,1,1,6,1,74,10,2231,2,2,-1,-1,-1
2016301600342,1,9,0,5,0,1,0,0,0,0,1,1,2,1,33,6,1896,2,14,1,1,1
2016301600342,2,1,0,5,0,1,0,0,0,0,3,1,6,1,20,4,-1,-1,-1,3,1,3
2016301600343,1,9,0,18,0,0,0,0,7,9,3,1,6,2,75,10,1197,1,2,10,2,10
2016301600345,1,9,0,18,0,8,0,0,0,0,1,1,6,1,28,6,1298,1,13,9,2,9
2016301600345,2,1,0,9,0,6,0,0,0,0,3,1,6,1,47,8,-1,-1,-1,8,2,8
2016301600346,1,9,0,18,0,1,0,0,0,0,1,1,6,3,-1,-1,-1,-1,-1,-1,-1,-1
2016301600348,1,9,0,7,0,6,0,0,1,0,3,1,1,2,54,8,-1,-1,-1,8,3,8
2016301600348,2,19,0,16,0,8,0,0,7,11,1,1,1,1,47,8,2151,2,15,3,1,3
2016301600349,1,9,0,11,0,0,0,0,0,0,4,1,6,2,-1,-1,1108,1,12,9,2,9
2016301600349,2,9,0,4,0,0,0,0,0,0,3,1,6,2,24,5,1560,2,2,1,1,1
2016301600350,1,9,0,5,0,1,0,0,0,0,1,1,6,1,43,7,1995,2,3,10,1,10
2016301600350,2,9,0,3,0,1,0,0,0,0,2,1,6,2,26,6,1686,2,2,8,1,8
2016301600351,1,9,0,18,0,3,0,0,0,0,1,1,6,3,-1,-1,-1,-1,-1,-1,-1,-1
2016301600351,2,1,0,18,0,2,0,0,0,0,3,1,6,1,-1,-1,-1,-1,-1,5,1,5
2016301600352,1,9,0,18,0,0,5,0,1,0,1,1,6,1,64,9,1229,1,4,8,1,8
2016301600352,2,9,0,14,0,0,0,0,0,0,1,1,6,1,45,7,2148,2,11,9,1,9
2016301600352,3,9,0,2,0,0,0,0,0,0,0,1,6,3,-1,-1,1995,2,10,-1,-1,-1
2016301600353,1,9,0,18,0,0,0,0,0,0,1,1,6,1,21,5,1984,2,7,7,3,7
2016301600353,2,19,0,18,0,0,0,0,0,0,2,1,2,1,69,10,-1,-1,-1,2,1,2
2016301600354,1,19,0,5,0,6,0,0,0,0,3,1,1,1,36,7,1968,2,1,-1,-1,-1
2016301600354,2,3,0,18,0,1,0,0,0,0,1,1,6,1,22,5,124,1,8,4,1,4
2016301600355,1,9,0,18,0,0,0,0,0,0,1,1,6,2,60,9,999,1,5,4,1,4
2016301600355,2,9,0,4,0,0,0,0,0,0,2,1,6,1,34,6,1896,2,11,6,1,6
2016301600356,1,4,0,18,0,6,1,0,0,0,1,1,6,1,20,4,-1,-1,-1,3,1,3
2016301600356,2,9,0,18,0,8,0,0,0,0,3,1,6,2,37,7,1386,1,9,3,1,3
2016301600357,1,9,0,13,0,0,1,0,1,11,4,1,6,1,71,10,2268,2,1,8,3,8
2016301600357,2,9,0,17,0,0,2,0,7,11,3,1,6,2,48,8,2157,2,1,8,3,8
2016301600358,1,9,0,9,0,5,0,0,0,0,4,1,2,2,25,5,1399,2,9,3,1,3
2016301600358,2,1,0,18,0,8,0,0,0,0,1,1,1,1,24,5,-1,-1,-1,4,1,4
2016301600359,1,9,0,16,0,0,0,0,0,0,1,1,6,1,24,5,1299,1,14,1,1,1
2016301600359,2,9,0,4,0,0,0,0,0,0,2,1,6,1,25,5,999,1,-1,1,1,1
2016301600360,1,9,0,1,0,1,0,0,0,0,1,1,6,1,21,5,1896,2,14,4,1,4
2016301600360,2,9,0,18,0,2,0,0,7,0,2,1,6,2,51,8,1796,1,9,10,1,10
2016301600360,3,9,0,2,6,1,0,0,0,0,2,1,6,3,-1,-1,1246,1,8,-1,-1,-1
2016301600361,1,9,0,18,0,0,0,0,0,0,2,1,6,1,62,9,4163,1,12,8,1,8
2016301600361,2,9,0,4,0,0,0,0,0,0,0,1,6,1,25,5,1999,1,10,6,1,6
2016301600361,3,9,0,4,0,0,0,0,0,0,0,1,6,1,25,5,1398,1,14,1,1,1
2016301600364,1,9,0,13,0,0,0,0,0,0,1,1,6,3,-1,-1,-1,-1,-1,-1,-1,-1
2016301600364,2,1,0,18,0,0,0,0,0,0,2,1,6,1,47,8,-1,-1,-1,1,1,1
2016301600365,1,21,4,12,0,8,0,0,0,0,3,2,1,1,42,7,-1,-1,-1,-1,-1,-1
2016301600365,2,9,0,9,0,8,0,0,0,0,4,1,6,1,43,7,2926,2,13,8,3,8
2016301600367,1,5,0,13,0,8,1,0,0,0,1,1,6,1,37,7,599,1,10,3,1,3
2016301600367,2,9,0,9,0,5,0,0,0,0,3,1,6,1,43,7,1598,1,15,9,3,9
2016301600367,3,9,0,18,0,1,0,0,0,0,2,1,6,1,55,8,1995,2,-1,3,1,3
2016301600367,4,9,0,18,0,1,0,0,0,0,1,1,6,2,40,7,1991,2,7,2,1,2
2016301600368,1,5,0,14,0,8,1,0,0,0,1,1,6,1,65,9,1255,1,-1,5,1,5
2016301600368,2,9,0,9,0,6,0,0,0,0,3,1,6,1,48,8,1390,1,11,6,1,6
2016301600369,1,9,0,18,0,8,0,0,7,0,1,1,6,1,56,9,1686,2,9,8,1,8
2016301600369,2,9,0,18,0,8,0,0,0,0,3,1,6,2,53,8,1984,1,2,10,1,10
2016301600369,3,9,0,18,0,1,0,0,1,0,1,1,6,1,38,7,1998,1,10,4,1,4
2016301600371,1,4,0,18,0,8,0,0,0,0,1,1,6,1,46,8,998,1,9,10,2,10
2016301600371,2,9,0,18,0,8,0,0,0,0,2,1,6,1,60,9,1968,2,4,10,1,10
2016301600372,1,19,3,11,0,0,1,0,0,0,4,1,6,1,20,4,-1,-1,-1,1,1,1
2016301600372,2,9,0,18,0,0,0,0,1,0,2,1,6,2,34,6,998,1,7,9,1,9
2016301600373,1,9,0,16,0,0,1,0,0,0,1,1,6,2,22,5,1598,2,5,7,2,7
2016301600373,2,9,0,17,0,0,1,0,7,0,1,1,6,2,72,10,1995,2,4,9,3,9
2016301600373,3,9,0,17,0,0,0,10,1,0,0,1,6,1,22,5,1360,1,9,7,3,7
2016301600374,1,19,0,9,0,6,0,0,0,0,1,1,2,1,53,8,2148,2,10,5,1,5
2016301600374,2,9,0,18,0,8,0,0,7,4,4,1,2,2,51,8,1968,2,4,7,3,7
2016301600376,1,9,0,18,0,1,1,0,7,0,1,1,2,2,22,5,998,1,4,5,1,5
2016301600376,2,19,0,4,0,8,0,0,0,0,2,1,1,1,49,8,2198,2,3,1,1,1
2016301600377,1,19,0,9,0,5,0,0,0,0,1,1,3,1,43,7,1399,2,7,7,1,7
2016301600377,2,1,0,18,0,8,0,0,0,0,3,1,6,1,34,6,-1,-1,-1,4,1,4
2016301600379,1,4,0,13,0,1,0,0,0,0,1,1,6,1,51,8,1255,1,9,9,3,9
2016301600379,2,9,0,9,0,8,0,0,0,0,3,1,6,2,51,8,1999,1,4,6,1,6
2016301600380,1,9,0,18,0,8,0,0,0,0,4,1,6,3,-1,-1,1349,1,5,-1,-1,-1
2016301600380,2,1,0,9,0,6,0,0,0,0,1,1,6,1,8,2,-1,-1,-1,1,1,1
2016301600381,1,9,0,18,0,6,0,4,0,0,1,1,6,1,-1,-1,1596,1,15,5,1,5
2016301600381,2,9,0,2,0,2,0,4,0,0,2,1,6,3,-1,-1,1598,1,13,-1,-1,-1
2016301600381,3,9,0,2,0,2,0,0,0,0,2,1,6,3,-1,-1,1686,2,10,-1,-1,-1
2016301600382,1,3,0,18,0,8,0,4,0,0,1,1,6,1,25,5,124,1,1,1,1,1
2016301600382,2,9,0,9,0,6,0,0,0,0,1,1,6,1,26,6,1995,2,13,1,1,1
2016301600382,3,9,0,2,0,2,0,0,0,0,1,1,6,3,-1,-1,1995,2,10,-1,-1,-1
2016301600383,1,5,0,9,0,6,0,0,1,11,4,1,6,1,48,8,650,1,50,7,1,7
2016301600383,2,9,0,18,0,1,0,0,0,0,0,1,6,3,-1,-1,-1,-1,-1,-1,-1,-1
2016301600384,1,9,0,4,0,0,1,0,0,0,1,1,6,1,56,9,1796,1,17,6,1,6
2016301600384,2,9,0,4,0,0,0,0,0,0,2,1,6,2,48,8,1242,1,2,1,1,1
2016301600384,3,9,0,4,0,0,0,0,0,0,2,1,6,1,52,8,1560,2,5,7,1,7
2016301600385,1,9,3,17,0,0,0,0,0,0,1,1,6,1,41,7,1997,2,6,5,1,5
2016301600385,2,5,0,16,0,0,1,0,0,0,1,1,6,1,53,8,998,1,10,3,1,3
2016301600386,1,5,0,18,0,1,1,0,3,1,1,1,6,1,42,7,999,1,4,8,3,8
2016301600387,1,9,0,18,0,0,1,0,1,11,1,1,6,1,46,8,1999,1,2,5,1,5
2016301600388,1,9,0,10,0,8,0,0,0,0,2,1,6,1,52,8,1995,2,6,10,1,10
2016301600388,2,9,0,18,0,8,0,0,0,0,1,1,6,1,31,6,1896,2,12,1,1,1
2016301600389,1,9,0,9,0,5,1,0,0,0,1,1,6,1,32,6,1995,2,3,7,1,7
2016301600389,2,9,0,17,0,8,0,0,0,0,3,1,6,2,49,8,1587,1,14,8,3,8
2016301600390,1,9,0,18,0,0,0,0,4,6,3,1,6,2,42,7,1200,1,-1,8,1,8
2016301600391,1,9,0,18,0,0,0,11,0,0,1,1,6,2,39,7,1598,1,14,2,1,2
2016301600391,2,20,0,18,0,0,0,0,0,0,0,1,6,3,-1,-1,-1,-1,-1,-1,-1,-1
2016301600392,1,9,0,18,0,8,0,0,0,0,2,1,6,2,50,8,1390,1,1,-1,-1,-1
2016301600392,2,9,0,18,0,8,0,0,0,0,1,1,6,1,26,6,1242,1,9,5,1,5
2016301600392,3,9,0,9,0,8,0,0,0,0,0,1,6,3,-1,-1,-1,-1,-1,-1,-1,-1
2016301600393,1,9,0,7,0,6,0,0,0,0,0,1,2,2,51,8,1560,2,2,8,1,8
2016301600393,2,4,0,18,0,8,1,0,0,0,4,1,6,1,72,10,647,1,12,6,1,6
2016301600394,1,9,0,9,0,6,0,0,0,0,1,1,6,1,34,6,1497,1,14,7,2,7
2016301600394,2,3,0,18,0,8,0,0,0,0,1,1,6,1,46,8,124,1,7,7,2,7
2016301600395,1,9,0,2,9,0,0,0,0,0,3,1,6,3,-1,-1,2184,2,12,-1,-1,-1
2016301600395,2,9,0,14,0,0,0,4,0,0,4,1,6,1,50,8,1995,2,-1,5,1,5
2016301600396,1,9,0,9,0,5,0,0,0,0,1,1,6,1,66,10,1397,1,3,4,1,4
2016301600396,2,5,0,16,0,8,0,0,0,0,1,1,6,1,66,10,998,1,-1,9,1,9
2016301600398,1,9,0,18,0,3,0,0,0,0,1,1,6,1,27,6,1364,1,1,1,1,1
2016301600399,1,9,0,9,0,6,0,0,0,0,1,1,2,1,35,6,1761,1,16,8,1,8
2016301600399,2,19,0,18,0,8,0,0,0,0,1,1,1,1,48,8,2402,2,5,6,2,6
2016301600400,1,5,0,11,0,0,0,0,0,0,1,1,2,1,27,6,660,1,7,3,1,3
2016301600400,2,1,0,18,0,0,0,0,0,0,2,1,2,1,58,9,-1,-1,-1,9,1,9
2016301600401,1,4,0,14,0,8,0,0,0,0,1,1,6,1,19,4,125,1,2,3,3,3
2016301600401,2,9,0,9,0,6,0,0,0,0,3,1,6,1,25,5,1240,1,13,5,1,5
2016301600401,3,9,0,3,0,1,0,0,0,0,0,1,6,3,-1,-1,-1,-1,-1,-1,-1,-1
2016301600402,1,9,0,18,0,1,0,0,0,0,1,1,2,2,31,6,1461,2,5,7,1,7
2016301600403,1,9,0,18,0,0,1,0,0,0,1,1,6,1,50,8,1590,1,9,2,1,2
2016301600403,2,19,0,2,0,0,0,0,0,0,0,1,6,3,-1,-1,-1,-1,-1,-1,-1,-1
2016301600404,1,9,0,5,0,2,0,0,0,0,1,1,6,3,-1,-1,-1,-1,-1,-1,-1,-1
2016301600405,1,9,0,4,0,0,0,0,0,0,0,1,6,1,72,10,1749,1,14,1,1,1
2016301600405,2,19,0,18,0,0,0,0,0,0,2,1,6,1,24,5,2198,2,1,3,1,3
2016301600405,3,9,0,18,0,0,0,0,0,0,1,1,6,2,42,7,1598,1,15,5,1,5
2016301600406,1,9,0,18,0,8,0,0,0,0,4,1,6,1,56,9,2148,2,15,1,1,1
2016301600406,2,1,0,9,0,6,0,0,0,0,1,1,2,1,24,5,-1,-1,-1,2,1,2
2016301600409,1,9,0,18,0,0,0,0,0,0,1,1,6,1,35,6,1388,1,10,3,1,3
2016301600409,2,9,0,18,0,0,0,0,0,0,2,1,2,2,25,5,1582,2,6,10,2,10
2016301600409,3,9,0,18,0,0,0,0,0,0,2,1,2,1,21,5,1199,1,14,1,1,1
2016301600409,4,9,0,4,0,0,0,0,0,0,2,1,2,2,53,8,1596,1,4,9,1,9
2016301600410,1,9,0,18,0,0,0,0,0,0,2,1,6,2,28,6,1781,1,13,9,1,9
2016301600410,2,9,0,12,0,0,0,0,0,0,3,1,6,1,21,5,1968,2,7,6,3,6
2016301600410,3,4,0,18,0,0,0,0,0,0,4,1,6,1,22,5,996,1,19,10,1,10
2016301600411,1,9,0,18,0,0,1,0,0,0,2,1,6,1,29,6,1968,2,-1,5,1,5
2016301600411,2,9,0,18,0,0,1,0,0,0,1,1,6,2,33,6,1997,2,15,2,3,2
2016301600413,1,5,0,18,0,0,1,0,2,11,4,1,6,1,22,5,599,1,17,2,1,2
2016301600414,1,9,0,18,0,0,2,0,2,2,1,1,6,1,47,8,1598,1,3,8,1,8
2016301600414,2,9,0,18,0,0,0,0,0,0,1,1,6,2,47,8,1896,2,11,8,1,8
2016301600415,1,9,0,3,0,1,0,0,0,0,2,1,6,2,51,8,1995,2,-1,10,3,10
2016301600415,2,19,0,18,0,1,0,0,0,0,1,1,1,1,39,7,2198,2,1,1,1,1
2016301600416,1,9,0,17,0,0,1,0,7,0,1,1,2,2,21,5,1200,1,14,8,2,8
2016301600417,1,9,0,11,0,0,1,0,0,0,1,1,6,1,67,10,2490,2,21,9,1,9
2016301600417,2,21,0,18,0,0,0,0,0,0,3,1,1,1,55,8,-1,-1,-1,4,1,4
2016301600418,1,9,0,4,0,1,0,0,0,0,1,1,6,2,27,6,1560,2,6,1,1,1
2016301600418,2,9,0,4,0,1,0,0,0,0,2,1,6,1,31,6,1586,1,5,8,1,8
2016301600418,3,9,0,9,0,6,0,0,0,0,0,1,6,3,-1,-1,-1,-1,-1,-1,-1,-1
2016301600419,1,20,1,18,0,0,0,4,0,0,4,1,6,1,39,7,7698,2,1,3,1,3
2016301600419,2,8,0,2,0,0,0,0,0,0,2,1,1,1,61,9,1997,2,9,1,1,1
2016301600421,1,9,0,18,0,8,0,0,7,0,1,1,2,1,33,6,1149,1,13,8,1,8
2016301600421,2,9,0,9,0,6,0,0,0,0,1,1,6,1,24,5,1364,1,11,2,1,2
2016301600422,1,9,0,18,0,0,1,0,1,0,1,1,2,1,53,8,-1,-1,-1,1,1,1
2016301600422,2,9,0,18,0,0,1,0,0,0,1,1,2,2,18,4,1598,2,3,10,1,10
2016301600423,1,9,0,17,0,1,0,0,0,0,1,1,2,2,62,9,1499,1,2,6,1,6
2016301600423,2,1,0,18,0,1,0,0,0,0,1,1,6,1,18,4,-1,-1,-1,9,1,9
2016301600424,1,9,0,17,0,8,0,10,0,0,1,1,6,1,49,8,1582,2,3,1,1,1
2016301600424,2,9,0,7,0,3,0,0,0,0,4,1,6,1,26,6,1242,1,2,5,3,5
2016301600425,1,9,0,18,0,0,0,0,0,0,1,1,6,1,46,8,1986,2,9,3,1,3
2016301600426,1,5,0,7,0,2,0,0,0,0,1,1,6,1,60,9,1585,1,6,9,1,9
2016301600426,2,9,0,4,0,1,0,0,0,0,3,1,6,1,82,11,1120,2,3,-1,-1,-1
2016301600427,1,9,0,18,0,8,0,0,0,0,3,1,6,1,40,7,1997,2,6,3,1,3
2016301600427,2,1,0,18,0,8,0,0,0,0,1,1,6,1,16,4,-1,-1,-1,4,1,4
2016301600429,1,1,0,18,9,8,0,0,0,0,4,1,6,2,25,5,-1,-1,-1,2,1,2
2016301600429,2,8,0,7,9,6,0,0,0,0,1,1,1,3,-1,-1,-1,-1,-1,-1,-1,-1
2016301600430,1,9,0,17,0,0,1,0,1,2,4,1,6,3,-1,-1,1124,1,14,-1,-1,-1
2016301600431,1,9,0,18,0,8,0,0,0,0,1,1,6,1,30,6,1598,2,4,9,2,9
2016301600431,2,5,0,18,0,8,0,0,0,0,4,1,6,1,54,8,1340,1,6,1,1,1
2016301600433,1,9,0,3,0,1,0,0,0,0,2,1,6,2,48,8,996,1,1,1,1,1
2016301600433,2,9,0,18,0,1,0,0,0,0,1,1,6,1,48,8,1597,2,3,10,1,10
2016301600434,1,9,0,18,0,1,0,4,0,0,1,1,6,2,29,6,1994,1,15,1,1,1
2016301600434,2,10,0,2,0,1,0,0,0,0,2,1,6,3,-1,-1,-1,-1,-1,-1,-1,-1
2016301600436,1,9,0,18,0,8,5,0,0,0,4,1,2,2,49,8,1461,2,3,1,1,1
2016301600436,2,9,0,9,0,6,1,0,0,0,1,1,6,3,-1,-1,1229,1,11,-1,-1,-1
2016301600437,1,9,0,18,0,8,0,0,0,0,1,1,6,1,-1,-1,1560,2,2,2,1,2
2016301600437,2,9,0,7,0,3,0,0,1,1,2,1,1,1,-1,-1,-1,-1,-1,4,1,4
2016301600438,1,9,0,4,0,2,0,0,0,0,1,1,6,1,63,9,1586,1,8,6,1,6
2016301600441,1,1,0,10,0,8,0,0,0,0,2,1,2,1,33,6,-1,-1,-1,1,1,1
2016301600441,2,19,0,18,0,6,0,0,0,0,1,1,6,3,-1,-1,-1,-1,-1,5,1,5
2016301600442,1,21,0,3,0,0,0,0,0,0,2,1,1,1,44,7,4500,2,1,-1,-1,-1
2016301600442,2,19,0,18,0,0,0,0,0,0,1,1,1,1,69,10,2299,2,1,1,1,1
2016301600443,1,9,0,9,0,4,0,0,0,0,1,1,6,2,53,8,998,1,11,4,1,4
2016301600443,2,9,0,18,0,8,0,0,0,0,4,1,6,1,70,10,-1,-1,-1,10,2,10
2016301600444,1,21,0,7,0,5,0,0,0,0,4,1,1,1,55,8,6692,2,4,1,1,1
2016301600444,2,1,0,15,4,1,0,0,0,0,1,1,6,2,44,7,-1,-1,-1,2,1,2
2016301600445,1,9,0,7,0,1,0,0,0,0,0,1,6,3,-1,-1,-1,-1,-1,-1,-1,-1
2016301600445,2,9,0,18,0,1,1,0,1,9,2,1,6,2,73,10,1388,1,9,8,1,8
2016301600445,3,21,1,18,0,1,0,0,0,0,1,1,1,1,51,8,12419,2,5,1,1,1
2016301600446,1,9,0,18,0,0,0,0,0,0,1,1,6,1,64,9,1798,1,-1,8,2,8
2016301600446,2,9,0,3,0,0,0,0,0,0,2,1,2,1,46,8,1839,1,11,9,1,9
2016301600448,1,9,0,6,0,8,0,0,0,0,1,1,6,1,29,6,1560,2,3,6,1,6
2016301600448,2,5,0,18,0,8,1,0,0,0,1,1,6,1,67,10,1170,1,4,5,1,5
2016301600449,1,9,0,4,0,0,0,0,0,0,0,1,6,1,17,4,1686,2,3,3,1,3
2016301600449,2,9,0,18,0,0,0,0,0,0,2,1,6,1,30,6,1968,2,-1,3,1,3
2016301600450,1,9,0,18,0,0,5,0,0,0,1,1,6,2,21,5,1390,1,5,3,2,3
2016301600450,2,9,0,2,0,0,0,0,0,0,3,1,6,3,-1,-1,1368,1,7,-1,-1,-1
2016301600450,3,9,0,2,0,0,0,0,0,0,3,1,6,3,-1,-1,1242,1,11,-1,-1,-1
2016301600450,4,9,0,2,0,0,0,0,0,0,3,1,6,3,-1,-1,998,1,8,-1,-1,-1
2016301600451,1,9,0,18,0,1,0,0,0,0,1,1,6,2,24,5,1968,2,5,10,1,10
2016301600451,2,5,0,3,0,1,0,0,0,0,2,1,6,1,81,11,865,1,11,9,1,9
2016301600452,1,19,0,18,0,0,0,0,0,0,4,1,1,1,62,9,-1,-1,-1,8,1,8
2016301600453,1,4,0,16,0,0,0,0,0,0,4,1,6,1,-1,-1,1250,1,13,2,1,2
2016301600454,1,9,0,18,0,1,0,0,0,0,4,1,2,3,37,7,2493,1,12,8,1,8
2016301600455,1,9,0,4,0,1,0,0,0,0,2,1,2,2,20,4,1199,1,13,5,1,5
2016301600455,2,9,0,4,0,1,0,0,0,0,1,1,2,1,37,7,1398,2,13,7,1,7
2016301600456,1,9,0,1,0,5,0,0,0,0,2,1,6,1,64,9,1968,2,2,10,1,10
2016301600457,1,9,0,9,0,6,0,0,0,0,1,1,6,2,36,7,1390,1,15,7,3,7
2016301600457,2,2,0,18,0,6,0,0,0,0,1,1,6,1,17,4,125,1,6,7,1,7
2016301600458,1,9,0,18,0,0,0,0,0,0,1,1,6,1,21,5,1199,1,13,3,1,3
2016301600459,1,9,0,9,0,6,0,0,0,0,1,1,6,2,50,8,1995,2,6,10,2,10
2016301600459,2,1,0,18,9,8,0,0,0,0,4,1,6,1,25,5,-1,-1,-1,8,1,8
2016301600462,1,9,0,9,0,6,0,0,0,0,3,1,2,2,23,5,1388,1,7,4,1,4
2016301600462,2,3,0,18,0,8,0,0,0,0,1,1,2,1,21,5,124,1,3,9,1,9
2016301600463,1,9,0,7,0,5,0,0,0,0,2,1,2,2,50,8,1796,1,10,1,1,1
2016301600463,2,9,0,18,0,1,0,0,0,0,1,1,2,1,32,6,2000,2,6,1,1,1
2016301600463,3,9,0,3,0,1,0,0,0,0,1,1,2,2,54,8,1364,1,6,2,1,2
2016301600463,4,8,0,18,0,1,0,0,0,0,1,1,1,1,36,7,2664,2,15,4,1,4
2016301600464,1,1,0,9,0,5,0,0,0,0,1,1,6,1,43,7,-1,-1,-1,10,1,10
2016301600464,2,9,0,5,0,8,0,0,0,0,3,1,6,1,64,9,1997,2,1,2,1,2
2016301600465,1,21,0,4,0,0,0,0,0,0,2,1,1,2,39,7,12740,2,2,6,1,6
2016301600465,2,21,0,4,0,0,0,0,0,0,1,1,1,1,44,7,12740,2,6,2,1,2
2016301600466,1,4,0,18,0,4,0,0,0,0,1,1,6,1,17,4,125,1,3,2,1,2
2016301600466,2,9,0,17,0,8,0,0,0,0,1,1,6,2,72,10,999,1,2,4,1,4
2016301600467,1,9,0,13,0,0,0,0,7,3,1,1,6,1,54,8,1798,8,-1,6,3,6
2016301600467,2,20,0,13,0,0,0,0,0,0,0,1,1,1,26,6,2143,2,7,3,1,3
2016301600467,3,9,0,4,0,0,0,0,0,0,0,1,6,2,41,7,2231,2,10,10,1,10
2016301600468,1,9,0,17,0,0,2,10,0,0,4,1,6,1,24,5,-1,-1,-1,2,1,2
2016301600469,1,1,0,18,0,8,0,0,0,0,1,1,6,1,20,4,-1,-1,-1,7,3,7
2016301600469,2,9,0,9,0,6,0,0,0,0,4,1,2,1,46,8,1242,1,13,5,1,5
2016301600470,1,9,0,18,0,0,0,0,0,0,3,1,6,1,32,6,1989,1,16,9,2,9
2016301600470,2,9,0,18,0,0,0,0,0,0,3,1,6,1,75,10,1598,2,1,6,1,6
2016301600471,1,9,0,16,0,0,0,0,8,11,3,1,6,2,-1,-1,1364,1,-1,1,1,1
2016301600472,1,19,0,16,0,0,0,0,0,0,1,1,6,1,31,6,2143,2,2,4,1,4
2016301600472,2,9,0,17,0,0,0,0,0,0,1,1,6,2,61,9,2204,2,10,7,3,7
2016301600472,3,9,0,17,0,0,0,0,0,0,1,1,6,1,83,11,1497,8,1,4,1,4
2016301600472,4,9,0,17,0,0,0,0,0,0,1,1,6,1,47,8,1995,2,9,10,1,10
2016301600473,1,9,0,9,0,6,0,0,0,0,1,1,6,1,27,6,1560,2,5,8,3,8
2016301600473,2,1,0,18,0,8,0,0,0,0,1,1,6,1,41,7,-1,-1,-1,5,3,5
2016301600474,1,9,0,9,0,4,0,0,0,0,1,1,6,2,34,6,1596,1,9,9,1,9
2016301600474,2,1,0,9,0,8,0,0,0,0,1,1,6,1,46,8,-1,-1,-1,10,1,10
2016301600476,1,9,0,9,0,6,0,0,0,0,1,1,6,3,-1,-1,-1,-1,-1,-1,-1,-1
2016301600476,2,9,0,18,0,8,0,0,0,0,4,1,6,1,78,11,998,1,14,1,1,1
2016301600477,1,4,0,18,0,8,0,0,0,0,3,1,6,1,21,5,-1,-1,-1,6,1,6
2016301600477,2,9,0,9,0,6,0,0,0,0,1,1,6,2,51,8,1598,1,1,2,1,2
2016301600478,1,9,0,9,0,6,0,0,0,0,1,1,6,2,23,5,1299,1,14,1,1,1
2016301600478,2,9,0,18,0,8,0,0,0,0,1,1,6,2,33,6,1497,1,12,4,1,4
2016301600479,1,19,0,9,0,6,0,0,0,0,3,1,2,1,30,6,1868,2,11,7,1,7
2016301600479,2,3,0,18,0,8,0,0,0,0,1,1,2,1,49,8,125,1,1,4,1,4
2016301600480,1,9,0,18,0,0,0,0,0,0,1,1,6,1,29,6,1229,1,10,7,2,7
2016301600480,2,9,0,2,0,0,0,0,0,0,0,1,6,3,-1,-1,-1,-1,-1,-1,-1,-1
2016301600481,1,9,0,9,0,5,0,0,0,0,1,1,1,1,33,6,998,1,15,2,1,2
2016301600481,2,9,0,18,0,8,0,0,0,0,1,1,2,2,23,5,1999,1,9,7,1,7
2016301600482,1,9,0,18,0,0,0,0,1,4,1,1,6,1,78,11,1998,2,15,5,1,5
2016301600483,1,9,0,18,0,1,0,0,0,0,1,1,3,2,31,6,1397,1,7,6,1,6
2016301600483,2,9,0,4,0,1,0,0,0,0,1,2,6,2,28,6,1560,2,3,10,1,10
2016301600483,3,1,0,5,0,1,0,0,0,0,4,1,6,1,10,2,-1,-1,-1,3,1,3
2016301600484,1,4,0,16,0,0,0,0,0,0,0,1,2,1,20,4,398,1,12,7,1,7
2016301600484,2,9,0,17,0,0,0,0,0,0,0,1,6,3,-1,-1,-1,-1,-1,-1,-1,-1
2016301600485,1,17,4,13,0,0,0,0,0,0,0,1,6,3,-1,-1,-1,2,34,-1,-1,-1
2016301600485,2,1,0,18,0,0,0,0,0,0,0,1,6,2,40,7,-1,-1,-1,10,1,10
2016301600487,1,9,0,4,0,1,0,0,0,0,2,1,6,1,26,6,1586,1,1,6,3,6