Accident_Index,Vehicle_Reference,Vehicle_Type,Towing_and_Articulation,Vehicle_Manoeuvre,Vehicle_Location-Restricted_Lane,Junction_Location,Skidding_and_Overturning,Hit_Object_in_Carriageway,Vehicle_Leaving_Carriageway,Hit_Object_off_Carriageway,1st_Point_of_Impact,Was_Vehicle_Left_Hand_Drive?,Journey_Purpose_of_Driver,Sex_of_Driver,Age_of_Driver,Age_Band_of_Driver,Engine_Capacity_(CC),Propulsion_Code,Age_of_Vehicle,Driver_IMD_Decile,Driver_Home_Area_Type,Vehicle_IMD_Decile
2016301600487,2,9,0,4,0,1,0,0,0,0,1,1,6,1,18,4,1229,1,11,2,1,2
2016301600489,1,19,0,9,0,5,0,0,0,0,4,1,1,1,31,6,-1,-1,-1,4,1,4
2016301600489,2,9,0,18,0,8,0,0,0,0,1,1,2,2,56,9,1242,1,6,9,3,9
2016301600490,1,9,0,3,0,0,0,0,0,0,2,2,6,2,32,6,1360,1,12,2,1,2
2016301600490,2,9,0,18,0,0,0,0,0,0,1,1,6,3,-1,-1,-1,-1,-1,-1,-1,-1
2016301600492,1,9,0,18,0,0,0,0,0,0,1,2,6,1,31,6,1995,2,12,5,1,5
2016301600492,2,9,0,18,0,0,0,0,1,11,1,2,6,1,75,10,-1,-1,-1,10,1,10
2016301600493,1,9,0,18,0,0,0,0,0,0,1,1,6,2,73,10,998,1,5,8,1,8
2016301600493,2,9,0,18,0,0,0,0,0,0,1,1,6,1,23,5,1149,1,11,3,1,3
2016301600495,1,21,0,13,0,0,0,0,0,0,4,1,1,1,50,8,12740,2,4,1,1,1
2016301600495,2,1,0,18,0,0,0,0,0,0,3,1,6,1,22,5,-1,-1,-1,4,1,4
2016301600496,1,3,0,16,0,4,1,0,0,0,4,1,2,2,28,6,124,1,9,7,2,7
2016301600497,1,9,0,9,0,5,0,0,0,0,1,1,6,3,-1,-1,-1,-1,-1,-1,-1,-1
2016301600498,1,9,0,18,0,1,0,0,0,0,1,1,6,3,-1,-1,-1,-1,-1,-1,-1,-1
2016301600498,2,9,0,5,0,4,0,0,0,0,2,1,6,2,52,8,1086,1,10,5,1,5
2016301600499,1,9,0,7,0,1,0,0,0,0,2,1,2,2,35,6,1995,2,-1,9,1,9
2016301600499,2,19,0,18,0,1,0,0,1,11,1,1,2,1,65,9,1560,2,6,1,1,1
2016301600499,3,9,0,18,0,1,0,0,0,0,1,1,6,1,55,8,-1,-1,-1,4,1,4
2016301600500,1,11,0,18,0,0,0,0,0,0,1,1,1,1,46,8,4250,2,9,1,1,1
2016301600500,2,19,0,3,0,0,0,0,0,0,0,1,6,3,-1,-1,-1,-1,-1,-1,-1,-1
2016301600501,1,9,0,18,0,8,0,0,0,0,1,1,6,2,53,8,1598,1,18,3,3,3
2016301600501,2,17,2,7,0,6,0,0,0,0,3,1,1,3,-1,-1,-1,2,1,5,1,5
2016301600502,1,9,0,9,0,5,0,0,0,0,1,1,6,2,65,9,1229,1,11,7,2,7
2016301600502,2,3,0,5,0,8,1,0,0,0,3,1,6,1,21,5,124,1,7,3,2,3
2016301600503,1,19,0,7,0,6,0,0,0,0,1,1,6,1,40,7,2143,2,2,2,1,2
2016301600503,2,9,0,7,0,8,1,0,0,0,4,1,6,2,59,9,998,1,14,4,1,4
2016301600504,1,9,0,12,0,7,0,0,4,6,3,1,6,2,69,10,1951,2,12,3,1,3
2016301600504,2,21,0,18,0,8,0,0,0,0,4,1,1,1,53,8,12809,2,2,3,1,3
2016301600504,3,9,0,18,0,8,0,0,1,0,2,1,6,1,36,7,1598,2,1,7,1,7
2016301600505,1,4,0,17,0,0,0,0,0,0,3,1,6,1,30,6,124,1,1,3,1,3
2016301600506,1,11,0,5,0,0,0,0,0,0,0,1,6,1,61,9,9000,2,4,2,1,2
2016301600507,1,9,3,9,0,6,0,0,0,0,3,1,6,1,53,8,2401,2,7,4,1,4
2016301600507,2,1,0,18,0,8,0,0,0,0,2,1,6,2,45,7,-1,-1,-1,9,1,9
2016301600508,1,9,0,17,0,6,0,0,0,0,3,1,1,1,42,7,-1,-1,-1,10,1,10
2016301600508,2,9,0,18,0,8,0,0,0,0,1,1,6,1,62,9,1999,1,1,10,1,10
2016301600509,1,9,0,3,0,1,0,0,0,0,2,1,2,2,30,6,1388,1,12,9,2,9
2016301600509,2,9,0,18,0,1,0,0,0,0,1,1,6,1,23,5,1496,2,-1,8,3,8
2016301600510,1,9,0,9,0,5,0,0,0,0,1,1,6,2,60,9,1769,1,13,6,1,6
2016301600510,2,9,0,18,0,8,0,0,0,0,1,1,6,1,34,6,1596,1,13,5,1,5
2016301600511,1,1,0,14,0,0,0,0,0,0,3,1,2,2,32,6,-1,-1,-1,6,1,6
2016301600511,2,11,0,13,0,0,0,0,0,0,4,1,6,1,51,8,9600,2,16,1,1,1
2016301600511,3,19,0,2,0,0,0,0,0,0,0,1,6,3,-1,-1,-1,-1,-1,-1,-1,-1
2016301600513,1,5,0,18,0,8,0,0,0,0,2,1,2,1,55,8,600,1,5,4,1,4
2016301600513,2,9,0,9,0,6,0,0,0,0,1,1,2,2,50,8,1296,1,8,5,2,5
2016301600514,1,9,0,5,0,6,0,0,0,0,1,1,6,1,71,10,1997,2,12,2,1,2
2016301600514,2,1,0,18,0,8,0,0,0,0,3,1,6,1,45,7,-1,-1,-1,3,1,3
2016301600515,1,9,0,18,0,0,0,0,0,0,4,1,6,3,-1,-1,-1,-1,-1,-1,-1,-1
2016301600516,1,9,0,4,0,1,0,0,0,0,2,1,6,2,42,7,1299,1,13,9,1,9
2016301600516,2,9,0,5,0,1,0,0,0,0,1,1,6,2,60,9,2000,2,12,9,1,9
2016301600518,1,9,0,1,8,8,0,0,0,0,2,1,6,1,48,8,1796,1,17,2,1,2
2016301600518,2,9,0,18,0,8,0,0,0,0,3,1,6,1,23,5,1998,1,20,4,1,4
2016301600519,1,19,0,9,0,8,0,0,7,0,3,1,2,1,51,8,-1,-1,-1,2,2,2
2016301600519,2,9,0,18,0,1,1,0,0,0,1,1,6,1,79,11,1870,2,14,4,1,4
2016301600520,1,9,0,18,0,8,0,0,0,0,1,1,6,1,55,8,998,1,16,2,1,2
2016301600520,2,3,0,4,0,6,1,0,0,0,4,1,6,1,18,4,125,1,-1,7,3,7
2016301600521,1,9,0,3,0,1,0,0,0,0,2,1,6,2,26,6,1598,2,6,5,2,5
2016301600521,2,9,0,18,0,1,0,0,0,0,1,1,6,1,27,6,1124,1,12,2,1,2
2016301600524,1,9,0,7,0,6,0,0,0,0,1,1,6,3,-1,-1,-1,-1,-1,-1,-1,-1
2016301600524,2,1,0,18,0,8,0,0,0,0,4,1,6,1,39,7,-1,-1,-1,3,1,3
2016301600525,1,3,0,18,0,1,1,0,0,0,0,1,6,1,33,6,125,1,-1,5,1,5
2016301600525,2,9,0,9,0,6,0,0,0,0,0,1,6,2,29,6,1390,1,11,2,2,2
2016301600526,1,9,0,9,0,8,0,0,0,0,3,2,6,2,36,7,1598,1,3,1,1,1
2016301600526,2,9,0,18,0,8,0,0,7,10,1,1,6,1,-1,-1,1686,2,4,5,1,5
2016301600527,1,5,0,18,0,0,1,0,0,0,1,1,6,1,25,5,125,1,3,9,1,9
2016301600527,2,9,0,5,0,0,0,0,0,0,0,1,6,3,-1,-1,-1,-1,-1,-1,-1,-1
2016301600528,1,9,0,9,9,8,0,0,0,0,1,1,6,2,59,9,1388,1,7,9,1,9
2016301600528,2,1,0,18,9,8,0,0,0,0,2,1,6,2,13,3,-1,-1,-1,9,1,9
2016301600530,1,3,0,18,0,8,1,0,0,0,3,1,6,1,16,4,124,1,9,3,1,3
2016301600530,2,19,0,18,0,8,0,0,0,0,4,1,1,1,-1,-1,1997,2,4,3,1,3
2016301600531,1,9,0,18,0,0,1,0,2,7,2,1,1,2,27,6,1560,2,4,4,1,4
2016301600532,1,9,0,14,0,0,0,0,0,0,1,1,6,1,80,11,1399,2,8,6,3,6
2016301600532,2,9,0,18,0,0,0,0,0,0,1,1,1,1,21,5,1398,1,-1,4,1,4
2016301600532,3,9,0,2,0,0,0,0,0,0,0,1,6,3,-1,-1,-1,-1,-1,-1,-1,-1
2016301600533,1,9,0,3,0,1,0,0,0,0,2,1,6,1,48,8,2156,1,18,3,1,3
2016301600533,2,9,0,18,0,1,0,0,0,0,1,1,6,3,-1,-1,2179,2,3,-1,-1,-1
2016301600534,1,9,0,2,0,1,0,0,0,0,3,1,6,3,-1,-1,2000,1,12,-1,-1,-1
2016301600534,2,9,0,18,0,1,0,4,0,0,1,1,3,2,27,6,1598,1,11,10,2,10
2016301600535,1,9,0,18,0,0,0,0,0,0,1,1,6,1,40,7,-1,-1,-1,3,1,3
2016301600535,2,1,0,18,0,0,0,0,0,0,2,1,6,1,10,2,-1,-1,-1,4,1,4
2016301600536,1,11,0,4,0,8,0,0,0,0,1,1,1,1,49,8,6374,2,9,2,1,2
2016301600536,2,9,0,7,0,6,0,0,0,0,2,1,6,3,-1,-1,-1,-1,-1,-1,-1,-1
2016301600537,1,9,0,18,0,2,0,0,0,0,1,1,6,1,40,7,1796,1,6,9,2,9
2016301600538,1,9,0,4,0,8,0,0,0,0,2,1,6,2,54,8,1149,1,10,2,1,2
2016301600538,2,9,0,18,0,1,0,0,0,0,1,1,6,2,62,9,1364,2,10,8,1,8
2016301600539,1,9,0,17,0,8,0,0,0,0,1,1,2,1,41,7,1582,2,4,6,2,6
2016301600539,2,9,0,17,0,8,0,0,0,0,1,1,2,1,-1,-1,1997,2,14,-1,-1,-1
2016301600541,1,9,0,14,0,8,0,0,0,0,4,2,6,1,28,6,1598,2,6,5,1,5
2016301600541,2,9,0,9,0,6,0,0,0,0,1,2,6,1,41,7,1598,2,1,9,1,9
2016301600541,3,9,0,2,0,1,0,0,0,0,0,1,6,3,-1,-1,-1,-1,-1,-1,-1,-1
2016301600542,1,9,0,16,0,0,0,0,0,0,3,1,6,3,-1,-1,1229,1,5,-1,-1,-1
2016301600542,2,9,0,17,0,0,0,0,0,0,3,1,1,1,37,7,1686,2,3,2,1,2
2016301600543,1,9,0,3,0,0,0,0,0,0,2,1,6,1,43,7,1968,2,2,10,2,10
2016301600543,2,9,0,18,0,0,0,0,0,0,1,1,6,3,-1,-1,-1,-1,-1,-1,-1,-1
2016301600544,1,90,0,18,0,3,0,10,7,11,1,1,6,1,60,9,1304,1,1,6,3,6
2016301600545,1,9,0,18,0,6,0,0,0,0,1,1,6,2,33,6,1997,2,12,3,1,3
2016301600545,2,9,0,9,0,5,0,0,0,0,1,1,6,3,-1,-1,-1,-1,-1,-1,-1,-1
2016301600547,1,9,0,16,0,0,2,0,0,10,4,1,6,1,26,6,1360,1,9,1,1,1
2016301600548,1,3,0,16,0,8,1,0,0,0,3,1,6,2,29,6,125,1,11,2,1,2
2016301600548,2,9,0,17,0,8,0,0,0,0,1,1,6,1,66,10,998,1,3,7,3,7
2016301600549,1,21,1,17,0,0,0,0,0,0,1,1,1,1,38,7,12902,2,3,1,1,1
2016301600549,2,5,0,16,0,0,1,0,0,0,1,1,6,1,47,8,-1,-1,-1,9,1,9
2016301600550,1,9,0,18,0,6,0,0,0,0,3,1,2,1,25,5,1995,2,10,4,1,4
2016301600550,2,3,0,18,0,8,1,0,0,0,1,1,2,1,37,7,124,1,7,6,1,6
2016301600551,1,9,0,9,0,2,0,0,0,0,3,1,2,1,28,6,1598,1,13,6,1,6
2016301600551,2,9,0,4,0,1,0,0,0,0,0,1,2,2,41,7,998,1,15,3,1,3
2016301600551,3,3,0,13,0,8,0,0,0,0,1,1,2,1,18,4,125,1,-1,4,1,4
2016301600551,4,19,0,7,0,1,0,0,0,0,0,1,6,3,-1,-1,-1,-1,-1,-1,-1,-1
2016301600552,1,5,0,14,0,1,0,0,0,0,4,1,6,1,60,9,-1,-1,-1,3,1,3
2016301600552,2,9,0,5,0,6,0,0,0,0,1,1,6,1,75,10,998,1,2,7,1,7
2016301600554,1,9,0,9,0,6,0,0,0,0,1,1,6,1,58,9,1796,1,8,4,1,4
2016301600554,2,3,0,18,0,8,0,0,0,0,1,1,6,2,17,4,125,1,1,3,1,3
2016301600554,3,19,0,2,0,1,0,0,0,0,0,1,6,3,-1,-1,-1,-1,-1,-1,-1,-1
2016301600555,1,9,0,18,0,0,0,0,0,0,1,1,2,2,31,6,1399,2,13,6,2,6
2016301600555,2,8,0,18,0,0,1,0,7,4,1,1,1,1,32,6,1968,2,6,3,1,3
2016301600556,1,19,0,18,0,2,0,0,0,0,1,1,1,1,55,8,1560,2,1,8,1,8
2016301600556,2,21,0,4,0,2,0,0,0,0,2,1,1,1,50,8,11116,2,13,9,2,9
2016301600556,3,10,0,7,0,8,1,0,0,0,3,1,1,1,59,9,2148,2,7,10,3,10
2016301600557,1,9,0,9,0,5,0,0,0,0,1,1,6,1,21,5,1198,1,9,3,1,3
2016301600557,2,9,0,9,0,6,0,0,0,0,1,1,6,3,-1,-1,-1,-1,-1,-1,-1,-1
2016301600558,1,9,0,9,0,6,0,0,0,0,1,1,6,2,45,7,1197,1,2,4,1,4
2016301600558,2,11,0,17,0,8,0,0,0,0,1,1,1,1,53,8,6700,2,2,4,1,4
2016301600559,1,19,0,16,0,0,0,0,0,0,1,1,6,1,34,6,1868,2,16,8,1,8
2016301600559,2,21,1,17,0,0,5,0,1,11,1,1,1,1,42,7,12902,2,1,4,2,4
2016301600559,3,19,0,4,0,0,0,0,0,0,1,1,6,2,50,8,-1,-1,-1,6,1,6
2016301600560,1,9,0,14,0,0,0,0,0,0,4,1,2,2,58,9,1461,2,6,6,1,6
2016301600560,2,9,0,2,0,0,0,0,0,0,0,1,6,3,-1,-1,-1,-1,-1,-1,-1,-1
2016301600561,1,9,0,18,0,0,0,0,0,0,1,1,6,1,55,8,1781,1,14,6,1,6
2016301600561,2,9,0,3,0,0,0,0,0,0,2,1,6,1,55,8,1497,8,-1,6,1,6
2016301600562,1,9,0,18,0,1,0,0,7,5,1,1,6,1,24,5,1994,1,15,1,1,1
2016301600562,2,8,0,12,0,1,0,0,7,5,3,1,6,1,37,7,1896,2,12,2,1,2
2016301600563,1,9,0,1,0,6,0,0,0,0,2,1,6,1,36,7,2497,1,9,1,1,1
2016301600564,1,9,0,7,0,6,0,0,0,0,1,1,6,1,18,4,1968,2,10,8,1,8
2016301600564,2,9,0,16,0,8,0,0,0,0,4,1,6,1,32,6,1461,2,3,3,1,3
2016301600568,1,9,0,18,0,1,0,0,0,0,1,1,6,3,-1,-1,-1,-1,-1,-1,-1,-1
2016301600570,1,19,0,18,0,8,0,0,1,11,1,1,2,1,57,9,2148,2,8,3,1,3
2016301600570,2,9,0,18,0,6,0,0,3,11,1,1,6,3,-1,-1,2171,2,14,-1,-1,-1
2016301600571,1,9,0,16,0,0,0,0,0,0,1,1,6,1,23,5,1242,1,7,2,2,2
2016301600571,2,9,0,17,0,0,0,0,0,0,4,1,6,1,24,5,2495,2,17,3,1,3
2016301600572,1,9,0,18,0,0,5,4,0,0,4,1,6,1,79,11,998,1,1,9,3,9
2016301600572,2,9,0,2,0,0,0,0,0,0,2,1,6,3,-1,-1,-1,-1,-1,-1,-1,-1
2016301600573,1,9,0,16,0,0,1,0,7,11,1,1,6,2,56,9,1995,1,11,-1,-1,-1
2016301600574,1,9,0,7,0,1,0,0,0,0,1,1,2,2,26,6,1199,1,13,9,1,9
2016301600574,2,9,0,7,0,6,0,0,0,0,2,1,6,1,66,10,1242,1,5,10,1,10
2016301600575,1,9,0,2,0,0,0,0,0,0,1,1,6,1,50,8,2960,1,21,2,1,2
2016301600575,2,9,0,1,0,0,0,4,0,0,2,1,6,1,-1,-1,1998,2,11,-1,-1,-1
2016301600576,1,9,0,18,9,0,0,10,7,0,1,1,2,1,68,10,1461,2,6,9,3,9
2016301600577,1,1,0,12,0,0,0,0,0,0,4,1,6,1,15,3,-1,-1,-1,3,3,3
2016301600577,2,9,0,13,0,0,0,0,0,0,4,1,6,2,69,10,1197,1,2,3,1,3
2016301600580,1,21,1,18,0,8,1,0,0,0,1,1,1,1,55,8,3920,2,3,10,1,10
2016301600580,2,19,0,9,0,6,1,0,0,0,3,1,1,1,37,7,2461,2,12,4,1,4
2016301600581,1,20,0,4,0,0,0,0,0,0,1,1,1,1,43,7,4580,2,7,7,1,7
2016301600581,2,21,1,4,0,0,0,0,0,0,2,1,1,1,53,8,12809,2,-1,2,1,2
2016301600582,1,9,0,9,0,5,0,0,0,0,3,1,6,2,-1,-1,1587,1,11,3,1,3
2016301600582,2,5,0,13,0,8,0,0,0,0,4,1,6,1,39,7,599,1,21,10,2,10
2016301600583,1,9,0,18,0,0,0,0,0,0,1,2,1,1,57,9,2987,2,5,6,1,6
2016301600583,2,9,0,18,0,0,0,0,0,0,1,2,1,1,36,7,1248,2,10,2,1,2
2016301600584,1,8,0,18,0,0,0,0,0,0,1,1,2,1,32,6,1968,2,6,5,2,5
2016301600584,2,1,0,18,0,0,0,0,0,0,2,1,6,2,35,6,-1,-1,-1,5,2,5
2016301600585,1,9,0,4,0,0,0,0,0,0,1,1,6,1,67,10,2231,2,4,8,2,8
2016301600585,2,9,0,17,0,0,0,0,0,0,1,1,6,2,20,4,998,1,17,8,2,8
2016301600586,1,11,0,14,0,0,0,0,0,0,0,1,6,1,57,9,9000,2,11,3,1,3
2016301600586,2,19,0,2,0,0,0,0,0,0,0,1,6,3,-1,-1,-1,-1,-1,-1,-1,-1
2016301600587,1,9,0,18,0,0,0,0,0,0,2,1,3,2,37,7,1360,1,12,3,1,3
2016301600587,2,9,0,18,0,0,0,0,0,0,1,1,3,1,22,5,1998,1,12,1,1,1
2016301600589,1,9,0,18,0,8,0,0,0,0,1,1,6,2,19,4,1199,1,12,3,1,3
2016301600589,2,9,0,18,0,4,0,0,0,0,1,1,6,1,32,6,1248,1,2,3,1,3
2016301600590,1,9,0,7,0,5,0,0,1,0,4,1,6,3,-1,-1,-1,-1,-1,-1,-1,-1
2016301600590,2,1,0,18,0,8,0,0,0,0,3,1,6,1,28,6,-1,-1,-1,6,2,6
2016301600591,1,11,0,18,0,8,0,0,0,0,0,1,1,1,56,9,7300,2,8,8,1,8
2016301600591,2,9,0,7,0,4,0,0,0,0,0,1,6,3,-1,-1,-1,-1,-1,-1,-1,-1
2016301600593,1,9,0,16,0,0,1,0,7,10,1,1,6,2,19,4,1242,1,7,7,1,7
2016301600594,1,9,0,11,0,8,0,0,0,0,1,1,6,1,57,9,-1,-1,-1,2,1,2
2016301600594,2,1,0,18,0,8,0,0,0,0,2,1,6,2,42,7,-1,-1,-1,3,1,3
2016301600595,1,9,0,18,0,8,0,0,0,0,1,1,6,2,-1,-1,1360,1,9,4,1,4
2016301600595,2,1,0,18,0,6,0,0,0,0,1,1,4,2,12,3,-1,-1,-1,2,1,2
2016301600597,1,9,0,17,0,2,2,0,7,10,1,1,6,1,48,8,1990,1,13,2,2,2
2016301600598,1,9,0,11,0,0,2,0,1,1,3,1,6,1,22,5,1997,1,9,4,1,4
2016301600599,1,9,0,17,0,0,0,0,1,3,1,1,6,1,27,6,1560,2,3,3,2,3
2016301600600,1,9,0,18,0,8,0,0,0,0,3,1,6,1,49,8,998,1,3,4,1,4
2016301600600,2,9,0,9,0,6,0,0,0,0,4,1,6,3,-1,-1,2993,2,2,-1,-1,-1
2016301600601,1,19,0,9,0,5,0,0,0,0,3,1,1,1,46,8,2143,2,1,-1,-1,-1
2016301600601,2,3,0,13,0,8,0,0,0,0,4,1,6,1,19,4,124,1,2,3,1,3
2016301600602,1,9,0,18,0,8,0,0,0,0,1,1,6,3,-1,-1,-1,-1,-1,-1,-1,-1
2016301600602,2,4,0,9,0,5,1,0,0,0,4,1,6,1,-1,-1,1099,1,21,3,1,3
2016301600603,1,9,0,18,0,0,0,0,0,0,4,1,6,2,57,9,1997,1,20,8,1,8
2016301600604,1,9,0,18,0,0,0,0,0,0,1,1,6,1,23,5,1328,1,6,5,1,5
2016301600604,2,9,0,18,0,0,0,0,0,0,1,1,6,1,81,11,2993,2,6,6,1,6
2016301600605,1,9,0,18,0,1,0,0,0,0,1,1,6,2,40,7,1149,1,11,2,1,2
2016301600605,2,9,0,10,0,8,0,0,0,0,2,1,6,1,39,7,1596,1,11,5,1,5
2016301600606,1,9,0,18,0,1,0,0,0,0,1,1,6,1,25,5,-1,-1,-1,-1,-1,-1
2016301600606,2,9,0,3,0,1,0,0,0,0,2,1,6,1,29,6,1461,2,12,3,3,3
2016301600607,1,9,0,4,0,0,0,0,0,0,1,1,6,1,66,10,1794,1,13,10,1,10
2016301600607,2,1,0,18,0,0,0,0,0,0,1,1,6,1,32,6,-1,-1,-1,6,2,6
2016301600608,1,9,0,10,0,8,0,0,0,0,2,1,2,1,38,7,1149,1,9,2,1,2
2016301600608,2,9,0,18,0,1,0,0,0,0,1,1,2,1,56,9,1956,2,2,2,1,2
2016301600609,1,9,0,18,0,0,0,0,0,0,4,1,6,1,-1,-1,1197,1,1,8,1,8
2016301600610,1,19,0,6,0,8,0,0,0,0,4,1,6,1,40,7,1910,2,8,8,1,8
2016301600610,2,1,0,18,0,8,0,0,0,0,1,1,6,1,34,6,-1,-1,-1,9,1,9
2016301600611,1,8,0,18,0,8,0,0,0,0,1,1,1,1,59,9,1910,2,8,2,1,2
2016301600612,1,9,0,9,0,5,0,0,0,0,1,1,2,2,39,7,1686,2,10,2,1,2
2016301600613,1,9,0,18,0,0,0,0,0,0,0,1,6,2,50,8,1390,1,1,4,1,4
2016301600613,2,9,0,13,0,0,0,0,0,0,0,1,6,3,-1,-1,-1,-1,-1,-1,-1,-1
2016301600614,1,9,0,18,0,0,0,0,0,0,4,1,1,1,28,6,1896,2,12,2,1,2
2016301600614,2,19,0,1,0,0,0,0,0,0,2,1,1,1,36,7,2402,2,10,4,1,4
2016301600615,1,9,0,9,0,5,0,0,0,0,1,1,6,1,20,4,1590,1,12,10,1,10
2016301600615,2,4,0,18,0,8,0,0,0,0,1,1,6,2,17,4,124,1,7,10,2,10
2016301600616,1,9,0,4,0,1,0,0,0,0,2,1,6,2,45,7,2143,2,2,10,1,10
2016301600616,2,9,0,4,0,1,0,1,0,0,2,1,1,1,40,7,1149,1,15,1,1,1
2016301600616,3,9,0,18,0,1,0,0,0,0,1,1,6,1,20,4,1197,1,-1,9,1,9
2016301600617,1,9,0,18,0,0,0,0,0,0,1,1,2,2,22,5,1242,1,8,3,1,3
2016301600618,1,9,0,18,0,8,0,0,0,0,1,1,6,2,61,9,1968,2,11,6,1,6
2016301600618,2,9,0,9,7,5,0,0,0,0,3,1,2,1,32,6,1968,2,8,3,1,3
2016301600619,1,9,0,9,0,5,0,0,0,0,1,1,2,1,25,5,1149,1,13,3,1,3
2016301600619,2,1,0,18,0,8,0,0,0,0,1,1,6,1,47,8,-1,-1,-1,7,3,7
2016301600620,1,9,0,18,0,8,0,0,0,0,4,1,6,1,29,6,1197,1,-1,8,1,8
2016301600620,2,9,0,9,0,6,0,0,0,0,1,1,6,1,65,9,3189,1,10,-1,-1,-1
2016301600621,1,19,0,12,0,0,0,0,0,0,1,1,2,1,23,5,1753,2,9,4,1,4
2016301600621,2,9,0,18,0,0,0,0,0,0,4,1,6,1,84,11,1388,1,14,-1,-1,-1
2016301600622,1,8,0,7,0,5,0,0,2,11,2,1,1,1,34,6,1997,2,8,2,1,2
2016301600622,2,9,0,18,0,1,0,0,0,0,1,1,2,1,20,4,1968,2,8,3,3,3
2016301600623,1,9,0,9,0,6,0,0,0,0,4,1,6,1,40,7,1799,1,9,1,1,1
2016301600623,2,9,0,16,0,8,0,0,0,0,1,1,6,1,35,6,1598,1,14,4,1,4
2016301600624,1,9,0,9,0,5,0,0,0,0,1,1,6,1,68,10,1753,2,15,7,2,7
2016301600624,2,1,0,18,0,8,0,0,0,0,1,1,6,1,50,8,-1,-1,-1,9,2,9
2016301600625,1,9,0,3,0,0,0,0,0,0,2,1,6,1,34,6,1368,1,-1,1,1,1
2016301600625,2,9,0,18,0,0,0,0,0,0,1,1,6,1,50,8,1997,2,3,9,1,9
2016301600626,1,9,0,4,0,1,0,0,0,0,1,1,2,1,57,9,1997,2,12,3,1,3
2016301600627,1,2,0,18,0,8,1,0,0,0,1,1,6,1,17,4,50,1,1,9,1,9
2016301600627,2,9,0,9,0,5,0,0,0,0,4,1,2,1,33,6,1596,1,10,1,1,1
2016301600628,1,9,0,3,0,1,0,0,0,0,2,1,6,2,52,8,1796,1,12,8,1,8
2016301600628,2,9,0,18,0,1,0,0,0,0,1,1,6,1,27,6,2387,2,8,1,1,1
2016301600629,1,21,1,18,0,0,1,0,0,0,1,1,1,1,54,8,12809,2,1,4,1,4
2016301600629,2,9,0,18,0,0,0,0,0,0,2,1,6,2,48,8,-1,-1,-1,4,3,4
2016301600629,3,9,0,18,0,0,0,0,0,0,2,1,1,1,75,10,1685,2,-1,-1,-1,-1
2016301600629,4,9,0,4,0,0,0,0,0,0,2,1,6,2,39,7,1910,2,8,5,2,5
2016301600630,1,8,0,18,0,2,1,0,0,0,1,1,1,1,49,8,1968,2,9,1,1,1
2016301600631,1,9,0,16,0,0,5,0,7,1,1,1,6,2,35,6,1984,1,15,7,1,7
2016301600632,1,9,0,9,0,6,0,0,0,0,1,1,6,1,41,7,1968,2,-1,9,3,9
2016301600632,2,5,0,18,0,8,0,0,0,0,2,1,6,1,46,8,649,1,-1,1,1,1
2016301600632,3,9,0,10,0,1,0,0,0,0,1,1,6,2,47,8,998,1,8,2,1,2
2016301600633,1,4,0,4,0,2,1,0,0,0,0,1,6,1,33,6,125,1,-1,1,1,1
2016301600634,1,20,0,17,0,4,0,0,0,0,2,1,1,1,51,8,4250,2,14,3,1,3
2016301600634,2,1,0,18,0,8,0,0,0,0,1,1,6,1,79,11,-1,-1,-1,8,1,8
2016301600635,1,9,0,18,0,4,1,9,2,2,1,1,6,2,32,6,1796,1,16,5,1,5
2016301600636,1,9,0,18,0,0,0,0,0,0,1,1,6,1,67,10,1796,1,12,1,1,1
2016301600636,2,21,1,18,0,0,1,0,7,0,1,1,1,1,43,7,12740,2,3,5,3,5
2016301600637,1,19,0,4,0,0,0,0,0,4,1,1,1,1,34,6,2299,2,1,2,1,2
2016301600637,2,9,0,4,0,0,0,0,0,0,2,1,2,1,67,10,3956,1,15,4,3,4
2016301600638,1,9,0,3,0,2,0,7,6,2,1,1,6,1,68,10,1582,2,5,8,1,8
2016301600638,2,90,0,3,0,2,0,0,0,0,2,1,1,2,51,8,1997,2,3,2,1,2
2016301600638,3,9,0,3,0,1,0,0,0,0,3,1,6,2,68,10,1242,1,11,10,1,10
2016301600639,1,9,0,7,0,6,0,0,0,0,1,1,6,2,49,8,1799,1,9,3,1,3
2016301600639,2,3,0,14,0,8,0,0,0,0,4,1,2,1,18,4,124,1,1,6,1,6
2016301600639,3,9,0,2,0,1,0,0,0,0,0,1,6,3,-1,-1,-1,-1,-1,-1,-1,-1
2016301600640,1,9,0,18,0,0,1,0,2,7,4,1,6,2,35,6,1596,1,14,1,1,1
2016301600640,2,9,0,18,0,0,0,0,0,0,4,1,6,1,48,8,1598,2,5,4,1,4
2016301600641,1,9,0,18,0,2,0,0,0,0,3,1,6,1,50,8,1386,1,8,7,3,7
2016301600642,1,9,0,9,0,5,0,0,0,0,1,1,2,1,31,6,1685,2,2,5,1,5
2016301600642,2,1,0,18,0,8,0,0,0,0,1,1,2,1,44,7,-1,-1,-1,1,1,1
2016301600643,1,19,0,18,0,0,0,0,0,0,4,1,1,1,61,9,2494,2,12,6,1,6
2016301600644,1,9,0,14,0,8,0,0,0,0,1,1,6,2,55,8,1560,2,7,9,2,9
2016301600644,2,9,0,7,0,6,0,0,0,0,1,1,6,2,60,9,1299,1,8,6,2,6