Accident_Index,Vehicle_Reference,Vehicle_Type,Towing_and_Articulation,Vehicle_Manoeuvre,Vehicle_Location-Restricted_Lane,Junction_Location,Skidding_and_Overturning,Hit_Object_in_Carriageway,Vehicle_Leaving_Carriageway,Hit_Object_off_Carriageway,1st_Point_of_Impact,Was_Vehicle_Left_Hand_Drive?,Journey_Purpose_of_Driver,Sex_of_Driver,Age_of_Driver,Age_Band_of_Driver,Engine_Capacity_(CC),Propulsion_Code,Age_of_Vehicle,Driver_IMD_Decile,Driver_Home_Area_Type,Vehicle_IMD_Decile
2016301600644,3,9,0,2,0,1,0,0,0,0,0,1,6,3,-1,-1,-1,-1,-1,-1,-1,-1
2016301600645,1,9,0,18,0,0,2,0,2,4,4,1,6,1,78,11,1586,1,-1,3,3,3
2016301600646,1,9,0,18,0,0,0,4,0,0,1,1,6,2,54,8,1248,1,2,8,1,8
2016301600646,2,19,0,2,0,0,0,0,0,0,2,1,6,3,-1,-1,2148,2,11,-1,-1,-1
2016301600647,1,9,0,9,0,2,0,0,0,0,1,1,6,1,23,5,999,1,-1,2,1,2
2016301600648,1,9,0,9,0,6,0,0,0,0,3,1,6,1,64,9,1968,2,5,7,1,7
2016301600648,2,4,0,18,0,8,0,0,0,0,1,1,6,1,33,6,124,1,33,4,1,4
2016301600649,1,9,0,17,0,0,1,0,2,5,1,1,6,1,21,5,998,1,15,4,1,4
2016301600649,2,9,0,17,0,0,0,0,0,0,0,1,6,1,21,5,1800,1,18,2,1,2
2016301600650,1,9,0,10,0,1,0,0,0,0,1,1,6,1,47,8,1596,1,14,1,1,1
2016301600650,2,9,0,1,0,5,0,0,0,0,2,1,6,2,43,7,1900,2,16,2,3,2
2016301600651,1,9,0,4,0,0,0,0,0,0,2,1,6,2,51,8,1299,1,17,3,1,3
2016301600651,2,9,0,4,0,0,1,0,0,0,1,1,6,3,-1,-1,1584,1,15,-1,-1,-1
2016301600652,1,9,0,9,0,1,1,0,0,0,1,1,6,1,30,6,1994,1,15,5,1,5
2016301600652,2,9,0,18,0,1,0,0,0,0,3,1,6,1,64,9,2494,6,-1,-1,-1,-1
2016301600653,1,9,0,18,0,1,0,0,0,0,1,1,6,2,38,7,1124,1,12,5,1,5
2016301600653,2,9,0,18,0,1,0,0,0,0,2,1,6,2,32,6,1560,2,2,2,1,2
2016301600654,1,21,1,5,0,0,0,0,0,0,1,2,1,1,40,7,-1,-1,-1,-1,-1,-1
2016301600655,1,1,0,18,0,0,0,0,1,0,4,1,6,2,35,6,-1,-1,-1,9,1,9
2016301600655,2,9,0,11,0,0,0,0,0,0,0,1,6,3,-1,-1,-1,-1,-1,-1,-1,-1
2016301600656,1,9,0,14,0,0,0,0,0,0,4,1,2,1,25,5,1390,1,8,7,1,7
2016301600656,2,9,0,2,0,0,0,0,0,0,0,1,6,3,-1,-1,-1,-1,-1,-1,-1,-1
2016301600657,1,9,0,18,0,0,0,0,0,0,1,1,6,2,28,6,1686,2,12,2,1,2
2016301600658,1,9,0,9,0,6,0,0,0,0,1,1,6,2,23,5,1498,1,8,3,1,3
2016301600658,2,2,0,14,0,8,1,0,0,0,4,1,6,3,-1,-1,49,1,8,-1,-1,-1
2016301600658,3,9,0,3,0,1,0,0,0,0,0,1,6,3,-1,-1,-1,-1,-1,-1,-1,-1
2016301600659,1,9,0,12,0,0,0,0,0,0,1,1,6,1,30,6,996,1,6,1,1,1
2016301600659,2,19,0,3,0,0,0,0,0,0,2,1,1,1,43,7,2143,2,3,7,1,7
2016301600660,1,3,0,18,0,8,1,10,0,0,1,1,4,1,17,4,-1,-1,-1,6,1,6
2016301600661,1,9,0,18,0,0,0,0,0,0,1,1,6,1,83,11,996,1,1,2,3,2
2016301600662,1,2,0,14,0,0,0,0,0,0,1,1,6,1,17,4,115,1,-1,7,1,7
2016301600662,2,9,0,3,0,0,0,0,0,0,0,1,6,3,-1,-1,-1,-1,-1,-1,-1,-1
2016301600663,1,9,0,5,0,6,1,0,0,0,1,1,6,2,59,9,1197,1,1,9,1,9
2016301600663,2,9,0,18,0,8,0,0,0,0,1,1,6,2,45,7,1598,1,3,6,1,6
2016301600664,1,9,0,10,0,8,1,0,0,0,3,1,6,1,57,9,899,1,2,4,1,4
2016301600664,2,9,0,7,0,5,1,0,0,0,1,1,6,1,33,6,1896,2,13,6,1,6
2016301600665,1,8,0,4,9,0,0,0,7,0,1,1,1,1,53,8,1998,2,7,3,1,3
2016301600666,1,9,0,7,0,3,0,0,0,0,4,1,2,1,38,7,1679,1,17,3,1,3
2016301600666,2,9,0,18,0,8,0,0,0,0,1,1,6,3,-1,-1,1995,2,6,-1,-1,-1
2016301600667,1,90,0,18,0,0,0,0,0,0,4,1,6,3,-1,-1,-1,-1,-1,-1,-1,-1
2016301600668,1,9,0,18,0,3,0,0,0,0,2,1,6,2,50,8,1360,1,13,6,1,6
2016301600668,2,9,0,16,0,8,0,0,0,0,1,1,6,1,68,10,1995,2,11,7,3,7
2016301600669,1,9,0,7,0,1,0,0,0,0,4,1,6,1,53,8,1997,2,-1,1,1,1
2016301600669,2,9,0,18,0,1,0,0,0,0,1,1,1,2,30,6,999,1,-1,6,1,6
2016301600671,1,9,0,9,0,6,5,4,0,0,1,1,6,1,31,6,1951,2,11,6,1,6
2016301600671,2,9,0,2,0,8,0,0,1,3,3,1,6,3,-1,-1,1229,1,11,-1,-1,-1
2016301600672,1,9,0,18,0,8,0,0,5,6,1,1,6,1,23,5,2204,2,6,7,1,7
2016301600673,1,9,0,18,0,0,2,0,1,4,4,1,6,2,22,5,1242,1,6,9,1,9
2016301600674,1,9,0,18,0,4,1,0,2,1,1,1,6,1,38,7,1986,2,11,6,1,6
2016301600675,1,9,0,9,0,6,0,0,0,0,1,1,6,2,54,8,1560,2,1,8,2,8
2016301600675,2,9,0,18,0,8,1,0,0,0,1,1,2,1,39,7,1390,1,15,2,1,2
2016301600676,1,1,0,18,9,0,0,0,0,0,1,1,6,3,-1,-1,-1,-1,-1,-1,-1,-1
2016301600677,1,21,1,5,0,0,0,0,0,0,1,1,1,1,58,9,12900,2,5,5,1,5
2016301600678,1,9,0,18,0,0,1,0,1,4,4,1,6,1,41,7,1390,1,14,7,1,7
2016301600679,1,9,0,7,0,6,0,0,0,0,3,1,6,2,74,10,1364,1,8,6,2,6
2016301600679,2,9,0,18,0,8,0,0,0,0,1,1,1,1,34,6,1997,2,5,8,1,8
2016301600680,1,19,0,18,0,1,0,0,0,0,1,1,6,1,49,8,1753,2,11,1,1,1
2016301600680,2,9,0,4,0,1,0,0,0,0,2,1,6,2,41,7,1596,1,11,2,1,2
2016301600680,3,9,0,4,0,1,0,0,0,0,2,1,6,1,26,6,1596,1,13,1,1,1
2016301600680,4,9,0,4,0,1,0,0,0,0,2,1,6,2,25,5,973,1,13,5,1,5
2016301600681,1,9,0,16,0,0,1,0,5,6,1,1,6,1,21,5,1229,1,8,4,1,4
2016301600681,2,5,0,16,0,0,1,1,0,0,1,1,6,1,61,9,1200,1,13,10,1,10
2016301600682,1,9,0,9,0,6,0,0,0,0,1,1,2,2,47,8,1796,1,2,7,1,7
2016301600682,2,9,0,18,0,8,0,0,0,0,4,1,6,2,27,6,996,1,6,3,1,3
2016301600683,1,9,0,18,0,8,0,0,0,0,1,1,6,1,48,8,1999,1,11,1,1,1
2016301600683,2,2,0,18,0,8,0,0,0,0,4,1,6,1,16,4,49,1,-1,1,1,1
2016301600684,1,9,0,18,0,0,0,0,0,0,1,1,1,1,28,6,1995,2,6,10,1,10
2016301600684,2,9,0,18,0,0,0,0,0,0,2,1,1,2,21,5,1995,2,3,3,1,3
2016301600685,1,5,0,16,0,0,0,0,4,2,3,1,6,1,74,10,1188,1,30,3,1,3
2016301600686,1,5,0,4,0,0,0,0,0,0,2,1,6,1,66,10,1584,1,7,5,1,5
2016301600686,2,9,0,18,0,0,0,0,0,0,1,1,6,1,71,10,1997,2,13,10,2,10
2016301600687,1,9,0,9,0,6,0,0,0,0,3,1,6,2,20,4,1360,1,15,3,1,3
2016301600687,2,9,0,18,0,8,0,0,0,0,1,1,2,1,28,6,1595,1,8,1,1,1
2016301600688,1,9,0,4,0,2,0,0,0,0,2,1,6,2,55,8,1242,1,1,2,1,2
2016301600688,2,9,0,18,0,2,0,0,0,0,1,1,6,3,-1,-1,1598,1,16,-1,-1,-1
2016301600689,1,19,0,18,0,0,0,0,0,0,2,1,6,1,61,9,2402,2,15,9,2,9
2016301600690,1,19,0,9,0,5,0,0,0,0,2,1,2,1,49,8,2198,2,-1,6,1,6
2016301600690,2,5,0,17,0,8,0,0,0,0,1,1,2,1,48,8,798,1,5,4,1,4
2016301600691,1,9,0,12,0,7,0,0,0,0,3,1,6,2,21,5,1349,1,6,6,1,6
2016301600691,2,9,0,18,0,8,0,0,0,0,4,1,6,1,22,5,1229,1,3,4,1,4
2016301600692,1,9,0,3,0,0,0,0,0,0,2,1,6,1,41,7,1985,1,23,9,2,9
2016301600692,2,9,0,18,0,0,0,0,0,0,1,1,6,3,-1,-1,-1,-1,-1,-1,-1,-1
2016301600693,1,9,0,9,0,8,0,0,0,0,0,1,6,3,-1,-1,1686,2,10,-1,-1,-1
2016301600693,2,9,0,18,0,8,0,0,0,0,2,1,6,1,29,6,1995,2,1,3,1,3
2016301600693,3,9,0,18,0,8,0,0,0,0,1,2,6,1,-1,-1,-1,-1,-1,-1,-1,-1
2016301600694,1,9,0,18,0,0,0,0,0,0,1,1,6,2,78,11,1398,2,4,10,2,10
2016301600694,2,17,0,18,0,0,0,0,0,0,2,1,6,1,47,8,-1,2,30,-1,-1,-1
2016301600695,1,9,0,9,0,6,0,0,0,0,4,2,2,1,20,4,-1,-1,-1,2,1,2
2016301600695,2,5,0,18,0,8,0,0,0,0,1,1,2,1,50,8,1078,1,7,-1,-1,-1
2016301600696,1,9,0,9,0,6,0,0,0,0,4,1,6,2,49,8,1560,2,4,9,1,9
2016301600696,2,9,0,18,0,8,0,0,0,0,1,1,6,1,52,8,1275,1,-1,5,1,5
2016301600697,1,9,0,18,0,8,0,0,7,10,1,1,6,1,-1,-1,2967,1,15,5,1,5
2016301600697,2,9,0,5,0,6,0,0,0,0,1,1,6,2,64,9,1242,1,2,1,1,1
2016301600698,1,9,0,17,0,0,1,0,0,0,4,1,6,1,47,8,1995,2,12,5,1,5
2016301600698,2,9,0,16,0,0,0,0,0,0,1,1,1,1,-1,-1,1997,2,2,-1,-1,-1
2016301600699,1,9,0,18,0,0,0,0,0,0,1,1,6,1,-1,-1,2204,2,10,7,3,7
2016301600699,2,1,0,18,0,0,0,0,1,0,2,1,6,1,40,7,-1,-1,-1,-1,-1,-1
2016301600701,1,20,0,18,0,0,0,0,0,0,2,1,1,1,39,7,2977,2,6,7,1,7
2016301600701,2,20,0,18,0,0,0,0,0,0,1,1,1,1,30,6,-1,-1,-1,1,1,1
2016301600702,1,3,0,17,0,0,0,0,0,0,3,1,2,1,21,5,124,1,6,3,1,3
2016301600703,1,9,0,9,0,5,0,0,0,0,1,1,6,1,43,7,1242,1,17,5,2,5
2016301600703,2,9,0,18,0,8,0,0,0,0,1,1,6,2,67,10,1364,1,8,7,3,7
2016301600704,1,9,0,9,0,5,0,0,0,0,4,1,6,2,36,7,1461,2,-1,8,2,8
2016301600704,2,9,0,18,0,8,0,0,0,0,1,1,6,1,47,8,1598,2,5,5,3,5
2016301600705,1,9,0,17,0,8,0,0,0,0,1,1,6,1,60,9,1968,2,9,4,1,4
2016301600705,2,9,0,11,0,3,0,10,0,0,4,1,6,1,58,9,1368,1,-1,9,1,9
2016301600706,1,9,0,9,0,6,0,0,0,0,1,1,6,2,30,6,1461,2,12,6,1,6
2016301600706,2,9,0,17,0,8,0,0,0,0,1,1,6,1,56,9,1598,2,1,10,3,10
2016301600707,1,9,0,18,0,0,0,0,0,0,1,1,6,1,57,9,1997,2,6,3,1,3
2016301600708,1,5,0,14,0,0,0,0,0,0,2,1,6,1,38,7,997,1,14,7,1,7
2016301600708,2,5,0,14,0,0,0,0,0,0,1,1,6,1,53,8,645,1,13,1,1,1
2016301600709,1,19,0,18,0,0,0,0,7,11,1,1,6,1,26,6,2402,2,11,8,3,8
2016301600710,1,9,0,5,0,0,0,0,0,0,1,1,6,3,-1,-1,-1,-1,-1,-1,-1,-1
2016301600711,1,9,0,7,0,5,0,0,0,0,4,1,6,3,-1,-1,-1,-1,-1,-1,-1,-1
2016301600711,2,1,0,18,0,8,0,0,0,0,4,1,6,2,26,6,-1,-1,-1,6,1,6
2016301600712,1,1,0,18,0,0,0,0,1,0,2,1,6,1,44,7,-1,-1,-1,4,1,4
2016301600712,2,9,0,18,0,0,0,0,0,0,1,1,6,3,-1,-1,-1,-1,-1,-1,-1,-1
2016301600713,1,9,0,17,0,8,0,0,0,0,4,1,6,2,22,5,1329,1,4,-1,-1,-1
2016301600713,2,3,0,9,0,8,0,0,0,0,1,1,6,1,21,5,113,1,-1,2,1,2
2016301600714,1,9,0,7,0,5,0,0,0,0,0,1,6,1,57,9,1968,2,4,7,1,7
2016301600714,2,1,0,18,0,1,0,0,0,0,0,1,6,2,47,8,-1,-1,-1,7,1,7
2016301600715,1,9,0,18,0,0,0,0,0,0,1,1,6,2,47,8,1399,1,7,4,1,4
2016301600716,1,8,0,5,0,0,0,0,0,0,3,1,6,3,-1,-1,2402,2,10,-1,-1,-1
2016301600717,1,9,0,18,0,0,0,0,7,5,1,1,6,1,26,6,1968,2,6,8,2,8
2016301600720,1,4,0,18,0,6,0,0,0,0,0,1,6,1,21,5,124,1,-1,5,1,5
2016301600721,1,9,0,18,0,8,0,0,0,0,1,1,6,1,43,7,1199,1,16,4,1,4
2016301600721,2,9,0,9,0,6,0,0,0,0,3,1,6,2,29,6,1396,1,3,9,1,9
2016301600722,1,9,0,9,0,5,0,0,0,0,0,1,6,2,20,4,1398,1,1,9,1,9
2016301600722,2,3,0,13,0,8,1,0,0,0,1,1,6,1,17,4,124,1,6,5,1,5
2016301600722,3,9,0,18,0,8,0,0,0,0,1,1,6,1,79,11,998,1,1,7,1,7
2016301600723,1,9,0,9,0,6,1,0,0,0,0,1,6,1,50,8,1299,1,11,9,1,9
2016301600724,1,9,0,7,0,6,0,0,0,0,1,1,6,2,26,6,1597,2,-1,-1,-1,-1
2016301600724,2,1,0,18,0,8,0,0,0,0,1,1,6,1,54,8,-1,-1,-1,-1,-1,-1
2016301600725,1,21,1,18,0,8,0,0,0,0,4,2,1,1,-1,-1,-1,-1,-1,-1,-1,-1
2016301600725,2,9,0,12,0,6,0,0,0,0,3,1,6,1,49,8,2148,2,10,9,1,9
2016301600726,1,9,0,16,0,0,2,0,8,4,1,1,6,1,18,4,1600,1,17,3,1,3
2016301600727,1,9,0,10,0,8,0,0,0,0,2,1,2,1,22,5,-1,-1,-1,4,2,4
2016301600727,2,9,0,18,0,8,0,0,0,0,1,1,6,1,83,11,-1,-1,-1,6,2,6
2016301600728,1,9,0,18,0,0,0,0,0,0,1,1,6,3,-1,-1,2401,2,13,-1,-1,-1
2016301600728,2,9,0,18,0,0,1,0,0,0,2,1,2,1,23,5,1896,2,10,4,1,4
2016301600728,3,21,1,18,0,0,0,0,0,0,3,1,1,1,51,8,12777,2,5,1,1,1
2016301600728,4,21,1,18,0,0,0,0,0,0,3,1,1,1,59,9,12900,2,4,8,2,8
2016301600729,1,9,0,16,0,0,2,0,7,4,3,1,6,3,-1,-1,1149,1,13,-1,-1,-1
2016301600730,1,19,0,18,0,0,0,0,0,0,1,1,6,1,42,7,1868,2,12,8,1,8
2016301600730,2,9,0,18,0,0,0,0,0,0,2,1,6,2,21,5,1560,2,1,1,1,1
2016301600731,1,9,0,18,0,8,0,0,0,0,1,1,6,3,-1,-1,-1,-1,-1,-1,-1,-1
2016301600731,2,1,0,4,0,8,0,0,0,0,2,1,1,1,27,6,-1,-1,-1,3,1,3
2016301600733,1,9,0,18,0,2,0,0,0,0,3,1,6,1,32,6,998,1,1,9,1,9
2016301600733,2,19,0,9,0,3,0,0,0,0,1,1,6,3,-1,-1,1360,1,16,-1,-1,-1
2016301600734,1,19,0,5,0,6,0,0,0,0,1,1,1,1,21,5,2143,2,2,7,1,7
2016301600735,1,9,0,18,0,0,0,0,0,0,1,1,6,3,-1,-1,-1,-1,-1,-1,-1,-1
2016301600736,1,9,0,4,0,0,0,0,0,0,2,1,6,3,-1,-1,-1,-1,-1,-1,-1,-1
2016301600736,2,9,0,4,0,0,0,0,0,0,1,1,6,1,30,6,1389,1,14,1,1,1
2016301600737,1,9,0,18,0,8,0,0,0,0,1,1,1,1,31,6,1586,1,6,4,3,4
2016301600737,2,9,0,9,0,5,0,0,0,0,1,1,6,1,55,8,1061,1,12,7,2,7
2016301600738,1,9,0,18,0,0,0,0,0,0,1,1,6,1,22,5,1995,2,6,1,1,1
2016301600738,2,9,0,18,0,0,0,0,0,0,2,1,6,1,27,6,1587,1,11,1,1,1
2016301600738,3,9,0,4,0,0,0,0,0,0,2,1,6,2,46,8,1968,2,4,4,1,4
2016301600738,4,20,0,4,0,0,0,0,0,0,2,1,6,1,39,7,-1,-1,-1,8,2,8
2016301600739,1,9,0,9,0,5,0,0,0,0,1,1,6,2,61,9,998,1,7,2,1,2
2016301600739,2,9,0,18,0,8,0,0,0,0,1,1,6,2,25,5,1390,1,10,6,3,6
2016301600740,1,2,0,18,0,0,0,0,0,0,1,1,6,2,17,4,49,1,8,7,1,7
2016301600740,2,19,0,3,0,0,0,0,0,0,2,1,6,1,35,6,2143,2,4,7,1,7
2016301600741,1,9,0,7,0,3,0,0,0,0,1,1,6,2,55,8,1997,2,12,2,1,2
2016301600741,2,1,0,17,0,8,0,0,0,0,2,1,6,1,67,10,-1,-1,-1,5,3,5
2016301600742,1,9,0,18,0,0,1,0,0,0,2,1,6,1,46,8,1598,2,2,3,1,3
2016301600742,2,9,0,18,0,0,0,0,0,0,1,1,6,1,50,8,1968,2,-1,2,1,2
2016301600743,1,9,0,2,0,0,0,0,0,0,2,1,6,3,-1,-1,1587,1,8,-1,-1,-1
2016301600743,2,1,0,18,0,0,0,4,0,0,1,1,1,1,23,5,-1,-1,-1,1,1,1
2016301600744,1,9,0,9,0,5,0,0,0,0,2,1,6,2,63,9,1596,1,5,9,1,9
2016301600744,2,3,0,13,0,8,0,0,0,0,1,1,6,1,20,4,125,1,3,3,1,3
2016301600745,1,9,0,17,0,0,2,0,1,4,3,1,3,2,26,6,1390,1,12,2,2,2
2016301600746,1,9,0,18,0,2,0,0,0,0,1,1,6,1,27,6,1686,2,12,7,1,7
2016301600746,2,9,0,18,0,1,0,0,0,0,1,1,6,2,60,9,1596,1,15,6,1,6
2016301600747,1,9,0,9,0,6,0,0,0,0,3,1,6,1,68,10,1896,2,17,1,1,1
2016301600747,2,9,0,18,0,8,1,0,0,0,1,1,6,1,40,7,2496,2,12,1,1,1
2016301600748,1,9,0,18,0,0,2,0,1,11,3,1,6,1,20,4,-1,-1,-1,1,1,1
2016301600749,1,9,5,18,0,0,5,0,1,0,2,2,6,1,56,9,3830,1,23,10,2,10
2016301600750,1,9,0,1,0,0,0,0,0,0,2,1,6,2,45,7,1956,2,6,6,3,6
2016301600750,2,9,0,1,0,0,0,0,0,0,4,1,1,1,41,7,1590,1,12,3,1,3
2016301600751,1,9,0,18,0,1,0,0,0,0,1,1,6,1,62,9,1794,1,14,1,1,1
2016301600752,1,9,0,18,0,0,0,0,0,0,1,1,6,1,84,11,1686,2,4,7,1,7
2016301600752,2,19,0,18,0,0,0,0,0,0,2,1,6,1,34,6,1896,2,13,6,2,6
2016301600752,3,9,0,18,0,0,0,0,0,0,2,1,6,3,37,7,2231,2,8,-1,-1,-1
2016301600753,1,20,0,18,0,0,0,0,0,0,1,1,6,1,24,5,-1,-1,-1,6,1,6
2016301600753,2,9,0,18,0,0,0,0,0,0,2,1,6,1,25,5,1995,1,7,7,3,7
2016301600753,3,9,0,4,0,0,1,0,0,0,2,1,2,1,37,7,2143,2,-1,4,1,4
2016301600753,4,9,0,12,0,0,0,0,0,0,2,1,6,1,57,9,1798,1,8,5,1,5
2016301600754,1,9,0,9,0,6,0,0,0,0,4,1,6,1,26,6,1799,1,8,1,1,1
2016301600755,1,1,0,18,0,8,0,0,0,0,4,1,1,1,49,8,-1,-1,-1,10,1,10
2016301600755,2,19,0,5,0,4,0,0,0,0,0,1,6,1,80,11,1870,2,11,6,1,6
2016301600756,1,9,0,18,0,0,0,0,0,0,1,1,2,2,26,6,1968,2,5,7,1,7
2016301600756,2,9,0,3,0,0,0,0,0,0,0,1,6,3,-1,-1,-1,-1,-1,-1,-1,-1
2016301600757,1,11,0,18,0,0,0,0,7,4,1,1,1,1,67,10,4250,2,14,3,1,3
2016301600757,2,9,0,18,0,0,0,0,0,0,1,1,6,1,78,11,1995,1,15,2,1,2
2016301600758,1,9,0,18,0,8,0,0,0,0,4,1,6,1,61,9,1995,2,3,2,1,2
2016301600758,2,9,0,9,0,6,0,0,0,0,1,1,6,1,46,8,2179,2,4,7,3,7
2016301600759,1,9,0,17,0,1,0,0,0,0,1,1,6,3,-1,-1,-1,-1,-1,-1,-1,-1
2016301600759,2,9,0,17,0,1,0,0,0,0,2,1,1,2,23,5,1199,1,15,2,1,2
2016301600759,3,9,0,17,0,1,0,0,0,0,2,1,1,1,19,4,1229,1,5,7,3,7
2016301600760,1,9,0,4,0,1,0,0,0,0,1,1,1,2,54,8,1598,2,3,2,3,2
2016301600760,2,19,0,4,0,1,0,0,0,0,2,1,1,1,58,9,1598,2,-1,3,1,3
2016301600762,1,9,0,9,0,6,0,0,0,0,1,2,1,2,63,9,1910,2,12,-1,-1,-1
2016301600762,2,9,0,18,0,8,0,0,0,0,4,1,6,1,41,7,1560,2,4,2,1,2
2016301600763,1,3,0,18,0,0,1,0,0,0,0,1,6,1,16,4,-1,-1,-1,2,1,2
2016301600765,1,9,0,18,9,0,1,0,2,2,1,1,6,2,32,6,1149,1,14,2,1,2
2016301600766,1,9,0,1,0,0,0,0,0,0,2,1,6,1,19,4,973,1,14,9,1,9
2016301600766,2,9,0,4,0,0,0,0,0,0,1,1,6,1,72,10,1388,1,12,9,1,9
2016301600767,1,9,0,3,0,2,0,0,0,0,2,1,6,2,33,6,1686,2,14,7,1,7
2016301600767,2,9,0,4,0,2,0,0,0,0,1,1,6,1,21,5,1596,1,9,4,2,4
2016301600768,1,9,0,13,0,0,0,0,7,11,3,1,1,1,34,6,1997,2,6,3,1,3
2016301600768,2,9,0,12,0,0,0,0,0,0,0,1,1,2,21,5,1598,2,4,7,2,7
2016301600769,1,9,0,9,0,6,0,0,0,0,1,1,6,1,42,7,1995,2,11,1,1,1
2016301600769,2,9,0,18,0,8,0,0,0,0,3,1,6,1,65,9,2231,2,10,7,2,7
2016301600771,1,9,0,16,0,0,2,0,1,1,1,1,1,2,18,4,1299,1,10,10,2,10
2016301600772,1,9,0,5,0,6,0,0,1,0,1,1,6,1,25,5,-1,-1,-1,7,1,7
2016301600772,2,21,1,18,0,8,0,0,0,0,4,1,1,1,50,8,12900,2,3,7,1,7
2016301600774,1,9,0,18,0,1,0,0,0,0,3,1,6,1,-1,-1,1390,1,1,5,1,5
2016301600775,1,9,0,18,0,8,0,0,0,0,1,1,6,2,51,8,1497,8,-1,8,2,8
2016301600775,2,9,0,9,0,5,0,0,0,0,1,1,6,2,69,10,999,1,6,10,3,10
2016301600776,1,9,0,18,0,0,0,0,1,10,3,1,6,2,33,6,1332,1,20,6,3,6
2016301600776,2,9,0,18,0,0,0,0,0,0,3,1,6,2,54,8,1343,1,11,8,3,8
2016301600777,1,9,0,12,0,7,0,0,0,0,1,1,6,2,59,9,1390,1,7,2,1,2
2016301600777,2,9,0,12,0,7,0,0,0,0,2,1,6,1,24,5,1900,2,10,8,1,8
2016301600778,1,9,0,18,0,8,0,0,0,0,1,1,6,1,38,7,1997,2,8,1,1,1
2016301600778,2,9,0,18,0,6,0,4,3,11,3,1,6,3,-1,-1,1598,1,13,-1,-1,-1
2016301600778,3,9,0,2,0,1,0,0,0,0,2,1,6,3,-1,-1,1798,1,-1,-1,-1,-1
2016301600779,1,9,0,18,0,0,0,0,0,0,2,1,6,3,-1,-1,1968,2,-1,-1,-1,-1
2016301600780,1,9,0,16,0,8,1,0,0,0,1,1,6,2,41,7,1598,1,11,3,1,3
2016301600780,2,9,0,3,0,8,0,0,0,0,1,1,6,1,20,4,1390,1,4,6,1,6
2016301600780,3,9,0,3,0,8,0,0,0,0,1,1,6,2,-1,-1,1242,1,5,7,2,7
2016301600781,1,19,0,18,0,1,2,0,2,11,1,1,1,1,24,5,-1,-1,-1,5,3,5
2016301600782,1,9,0,14,0,0,0,0,0,0,1,1,6,2,48,8,1968,2,5,5,2,5
2016301600782,2,11,0,2,0,0,0,0,0,0,0,1,1,3,-1,-1,9000,2,1,-1,-1,-1
2016301600783,1,21,0,18,0,0,2,0,7,0,3,1,1,1,28,6,10677,2,2,8,3,8
2016301600784,1,9,0,18,0,0,0,0,0,0,1,1,6,1,45,7,1896,2,14,3,1,3
2016301600785,1,8,0,17,0,2,1,0,3,11,1,1,1,1,-1,-1,1997,2,11,1,1,1
2016301600786,1,1,0,18,0,1,0,0,0,0,1,1,6,1,16,4,-1,-1,-1,9,3,9
2016301600786,2,9,0,9,0,8,0,0,0,0,3,1,6,2,15,3,1248,1,4,6,3,6
2016301600787,1,9,0,16,0,4,0,0,0,0,1,1,6,2,65,9,1248,1,2,5,1,5
2016301600787,2,1,0,18,0,8,0,0,0,0,4,1,2,1,51,8,-1,-1,-1,8,1,8
2016301600788,1,2,0,18,0,0,0,0,0,0,1,1,6,1,42,7,124,1,2,1,1,1
2016301600788,2,9,0,18,0,0,0,0,0,0,2,1,6,3,-1,-1,1796,1,16,-1,-1,-1
2016301600789,1,2,0,4,0,0,1,0,0,0,1,1,6,3,-1,-1,49,1,3,-1,-1,-1
2016301600789,2,9,0,3,0,0,0,0,0,0,2,1,6,2,33,6,1329,1,3,5,1,5
2016301600791,1,19,0,5,0,1,0,0,0,0,1,1,1,1,68,10,2402,2,13,8,1,8
2016301600791,2,9,0,2,0,1,0,0,0,0,2,1,6,3,-1,-1,2979,1,3,-1,-1,-1
2016301600792,1,9,0,18,0,8,0,10,0,0,1,1,6,1,36,7,1560,2,4,3,1,3
2016301600792,2,8,0,9,0,5,0,0,0,0,2,1,6,1,66,10,1997,2,10,2,1,2
2016301600793,1,3,0,18,0,1,0,0,0,0,1,1,6,1,22,5,125,1,17,3,1,3
2016301600793,2,9,0,18,0,1,0,0,0,0,1,1,2,1,41,7,1248,2,3,7,1,7
2016301600794,1,9,0,18,0,0,0,0,0,0,1,1,6,1,53,8,3528,1,-1,3,1,3
2016301600796,1,9,0,9,0,5,0,0,0,0,3,1,6,1,44,7,1956,2,1,7,2,7
2016301600796,2,3,0,13,0,8,0,0,0,0,1,1,6,1,18,4,124,1,3,3,1,3
2016301600797,1,19,0,4,0,8,1,0,0,0,1,1,2,1,27,6,1598,2,1,6,1,6
2016301600797,2,9,0,18,0,8,1,0,0,0,1,1,2,1,33,6,1339,1,6,8,1,8
2016301600799,1,19,0,4,0,1,0,0,0,0,1,1,6,1,45,7,1753,2,8,3,1,3
2016301600799,2,3,0,16,0,2,1,0,0,0,1,1,6,1,22,5,125,1,5,2,1,2
2016301600800,1,9,0,12,0,0,0,0,0,0,2,1,6,1,65,9,1598,1,6,9,1,9
2016301600800,2,3,0,18,0,0,0,0,0,0,1,1,6,1,18,4,125,1,-1,6,1,6
2016301600801,1,9,0,18,0,0,0,0,0,0,2,1,6,1,39,7,1995,2,2,7,1,7