Accident_Index,Vehicle_Reference,Vehicle_Type,Towing_and_Articulation,Vehicle_Manoeuvre,Vehicle_Location-Restricted_Lane,Junction_Location,Skidding_and_Overturning,Hit_Object_in_Carriageway,Vehicle_Leaving_Carriageway,Hit_Object_off_Carriageway,1st_Point_of_Impact,Was_Vehicle_Left_Hand_Drive?,Journey_Purpose_of_Driver,Sex_of_Driver,Age_of_Driver,Age_Band_of_Driver,Engine_Capacity_(CC),Propulsion_Code,Age_of_Vehicle,Driver_IMD_Decile,Driver_Home_Area_Type,Vehicle_IMD_Decile
2016301700116,3,9,0,2,0,0,0,0,0,0,2,1,6,3,-1,-1,1587,1,12,-1,-1,-1
2016301700116,4,9,0,2,0,0,0,0,0,0,2,1,6,3,-1,-1,1910,2,9,-1,-1,-1
2016301700116,5,9,0,2,0,0,0,0,0,0,2,1,6,3,-1,-1,1560,2,1,-1,-1,-1
2016301700119,1,9,0,18,0,0,5,0,0,0,1,1,6,1,23,5,1390,1,4,8,1,8
2016301700119,2,9,0,18,0,0,1,0,5,6,2,1,2,1,34,6,998,1,14,1,1,1
2016301700120,1,9,0,4,0,1,0,0,0,0,2,1,6,2,46,8,1598,1,10,6,1,6
2016301700120,2,9,0,4,0,1,0,0,0,0,1,1,6,1,23,5,1496,2,-1,6,1,6
2016301700121,1,3,0,17,0,8,1,0,0,0,2,1,2,1,21,5,-1,-1,-1,2,1,2
2016301700121,2,9,0,17,0,8,0,0,0,0,1,1,6,3,-1,-1,-1,-1,-1,-1,-1,-1
2016301700122,1,9,0,3,0,1,0,0,0,0,2,1,6,1,23,5,1896,2,7,9,2,9
2016301700122,2,9,0,18,0,1,0,0,0,0,1,1,6,1,27,6,1560,2,12,1,1,1
2016301700123,1,4,0,18,0,1,0,0,0,0,1,1,6,1,20,4,125,1,1,4,1,4
2016301700124,1,9,0,18,0,0,0,0,0,0,1,1,6,2,55,8,1560,2,7,-1,-1,-1
2016301700124,2,9,0,5,0,0,0,0,0,0,2,1,6,1,57,9,1969,2,2,10,1,10
2016301700125,1,8,0,18,0,2,0,0,0,0,0,1,6,1,32,6,1997,2,9,2,1,2
2016301700126,1,3,0,3,0,1,0,0,0,0,2,1,2,1,23,5,125,1,1,2,1,2
2016301700126,2,9,0,18,0,1,1,0,0,0,1,2,1,1,63,9,1560,2,4,2,1,2
2016301700128,1,9,0,5,0,8,0,0,0,0,1,1,6,2,34,6,1910,2,8,3,1,3
2016301700128,2,4,0,4,0,8,0,0,0,0,1,1,6,1,53,8,198,1,10,4,1,4
2016301700129,1,9,0,3,0,2,0,0,0,0,2,1,6,2,69,10,1328,1,11,8,1,8
2016301700129,2,9,0,18,0,2,0,0,0,0,1,1,6,1,36,7,1796,1,8,3,1,3
2016301700131,1,9,0,9,0,6,0,0,0,0,3,1,6,3,-1,-1,1796,1,14,-1,-1,-1
2016301700131,2,1,0,18,0,8,0,0,0,0,4,1,6,1,17,4,-1,-1,-1,1,1,1
2016301700137,1,9,0,9,0,6,0,0,0,0,1,1,6,1,30,6,1596,1,12,4,1,4
2016301700137,2,1,0,18,0,8,0,0,0,0,1,1,6,1,28,6,-1,-1,-1,4,1,4
2016301700138,1,3,0,16,0,0,0,0,0,0,0,1,6,1,39,7,124,1,14,2,1,2
2016301700139,1,9,0,4,0,1,1,0,0,0,1,1,6,1,25,5,-1,-1,-1,9,1,9
2016301700139,2,9,0,4,0,1,0,0,0,0,2,1,6,3,-1,-1,1900,2,12,-1,-1,-1
2016301700140,1,1,0,10,0,1,0,0,0,0,4,1,1,1,51,8,-1,-1,-1,3,1,3
2016301700140,2,19,0,9,0,5,0,0,0,0,3,1,6,3,-1,-1,-1,-1,-1,-1,-1,-1
2016301700147,1,9,0,16,0,0,1,10,7,11,1,1,6,2,28,6,1686,2,9,5,3,5
2016301700149,1,9,0,9,0,5,0,0,0,0,1,1,6,1,21,5,1995,2,12,6,1,6
2016301700149,2,3,0,18,0,8,0,0,0,0,1,1,6,1,23,5,124,1,2,2,1,2
2016301700150,1,9,0,18,0,8,0,0,0,0,1,1,6,2,45,7,1896,2,13,2,1,2
2016301700150,2,9,0,9,0,3,0,0,0,0,4,1,1,1,39,7,1598,2,5,9,1,9
2016301700158,1,9,0,18,0,0,0,0,1,0,1,1,6,3,-1,-1,1968,2,2,-1,-1,-1
2016301700158,2,1,0,18,9,0,0,0,0,0,2,1,6,1,7,2,-1,-1,-1,1,1,1
2016301700159,1,9,0,7,0,5,0,0,0,0,1,1,6,1,26,6,1360,1,9,2,1,2
2016301700159,2,9,0,18,0,1,0,0,0,0,1,1,6,2,42,7,1968,2,10,7,1,7
2016301700164,1,9,0,18,0,0,0,0,4,6,1,1,6,1,-1,-1,1988,2,12,5,1,5
2016301700164,2,19,0,18,0,0,0,0,0,0,1,1,6,1,-1,-1,1995,2,4,4,1,4
2016301700164,3,19,0,18,0,0,0,0,0,0,2,1,2,1,44,7,2198,2,6,3,1,3
2016301700165,1,9,0,3,4,0,0,0,0,0,4,1,2,1,45,7,1686,2,12,7,3,7
2016301700165,2,1,0,18,0,0,0,0,0,0,1,1,2,1,47,8,-1,-1,-1,10,1,10
2016301700170,1,9,0,14,0,0,0,0,0,0,4,1,6,1,20,4,998,1,-1,9,1,9
2016301700170,2,11,0,2,0,0,0,0,0,0,0,1,1,3,-1,-1,-1,-1,-1,-1,-1,-1
2016301700175,1,4,0,18,0,6,0,0,3,11,1,1,6,1,21,5,-1,-1,-1,1,1,1
2016301700175,2,9,0,2,9,1,0,0,0,0,1,2,6,3,-1,-1,1598,1,5,-1,-1,-1
2016301700178,1,9,0,9,0,3,0,0,0,0,2,1,1,2,22,5,1461,2,5,6,3,6
2016301700178,2,9,0,5,0,4,0,0,0,0,0,1,1,2,43,7,998,1,2,6,1,6
2016301700178,3,9,0,9,0,3,0,0,0,0,1,1,6,2,56,9,1598,1,14,2,1,2
2016301700186,1,9,0,11,0,0,0,0,0,0,0,1,6,3,-1,-1,-1,-1,-1,-1,-1,-1
2016301700186,2,3,0,18,0,0,0,0,0,0,0,1,6,1,44,7,998,1,5,2,1,2
2016301700187,1,9,0,18,0,0,0,0,0,0,1,1,6,1,64,9,1242,1,9,6,1,6
2016301700187,2,9,0,18,0,0,0,0,0,0,1,1,2,1,45,7,1248,2,3,9,3,9
2016301700188,1,9,0,9,0,6,0,0,0,0,0,1,6,2,46,8,1086,1,10,7,3,7
2016301700188,2,1,0,17,0,1,0,0,0,0,0,1,6,1,-1,-1,-1,-1,-1,5,1,5
2016301700189,1,9,0,18,0,8,0,0,0,0,4,1,1,2,26,6,-1,-1,-1,3,1,3
2016301700189,2,8,0,18,0,6,0,0,0,0,1,1,1,1,53,8,2664,2,15,1,1,1
2016301700195,1,9,0,18,0,2,0,0,0,0,1,1,6,3,-1,-1,-1,-1,-1,-1,-1,-1
2016301700195,2,1,0,18,0,2,0,0,0,0,4,1,6,1,12,3,-1,-1,-1,1,1,1
2016301700197,1,9,0,9,0,5,0,0,0,0,0,1,6,2,68,10,1896,2,11,10,2,10
2016301700197,2,1,0,18,0,1,0,0,0,0,0,1,6,1,44,7,-1,-1,-1,9,1,9
2016301700198,1,9,0,18,0,4,0,0,0,0,4,1,6,2,52,8,999,1,12,7,1,7
2016301700198,2,4,0,18,0,4,0,0,0,0,3,1,6,1,19,4,125,1,8,4,1,4
2016301700199,1,19,0,1,0,6,0,0,7,10,2,1,1,1,21,5,2198,2,4,10,1,10
2016301700204,1,9,0,18,0,8,0,0,0,0,3,1,6,2,25,5,1388,1,12,7,2,7
2016301700204,2,9,0,9,0,6,0,0,0,0,1,1,6,2,32,6,1498,1,8,8,1,8
2016301700205,1,9,0,13,0,0,0,0,0,0,4,1,6,2,27,6,-1,-1,-1,3,3,3
2016301700205,2,1,0,18,0,0,0,0,0,0,3,1,6,1,46,8,-1,-1,-1,1,1,1
2016301700206,1,9,0,18,0,8,1,0,0,0,1,1,6,1,33,6,1598,1,16,1,1,1
2016301700206,2,9,0,1,0,6,0,0,0,0,4,1,6,1,42,7,1560,2,8,1,1,1
2016301700221,1,9,0,3,0,1,0,0,0,0,2,1,6,1,32,6,1685,2,2,7,1,7
2016301700221,2,9,0,4,0,1,0,0,0,0,1,1,6,2,22,5,1229,1,6,7,1,7
2016301700227,1,11,0,18,0,0,0,0,0,0,1,1,1,1,66,10,4500,2,7,3,1,3
2016301700233,1,9,0,8,0,1,0,0,0,0,2,1,2,2,23,5,998,1,13,1,1,1
2016301700233,2,9,0,18,0,1,0,0,0,0,1,1,2,1,-1,-1,1390,1,5,5,1,5
2016301700243,1,9,0,3,0,8,0,0,0,0,2,1,6,1,78,11,1753,2,14,6,1,6
2016301700243,2,19,0,18,0,8,0,0,0,0,1,1,6,1,66,10,1753,2,12,3,1,3
2016301700244,1,9,0,18,0,0,0,0,0,0,1,1,6,3,-1,-1,-1,-1,-1,-1,-1,-1
2016301700244,2,1,0,18,0,0,0,0,0,0,2,1,6,1,18,4,-1,-1,-1,8,1,8
2016301700245,1,9,0,9,0,6,0,0,0,0,3,1,6,1,22,5,1598,1,6,5,1,5
2016301700245,2,3,0,14,0,8,0,0,0,0,1,1,6,1,40,7,124,1,6,8,2,8
2016301700245,3,9,0,3,0,1,0,0,0,0,0,1,6,3,-1,-1,-1,-1,-1,-1,-1,-1
2016301700246,1,9,0,5,0,0,0,0,0,0,1,1,6,1,-1,-1,1995,2,4,-1,-1,-1
2016301700246,2,1,0,18,0,0,0,0,0,0,2,1,6,2,31,6,-1,-1,-1,1,1,1
2016301700255,1,9,0,6,0,0,0,0,0,0,1,1,6,2,29,6,1149,1,3,1,1,1
2016301700257,1,9,0,16,0,0,0,0,0,0,0,1,6,1,57,9,1999,1,9,10,1,10
2016301700257,2,1,0,17,0,0,0,0,1,0,0,1,6,1,43,7,-1,-1,-1,7,1,7
2016301700258,1,9,0,17,0,0,1,10,1,0,4,1,6,2,42,7,1390,1,9,7,1,7
2016301700261,1,19,0,17,0,8,0,0,0,0,1,1,6,1,34,6,2402,2,7,9,1,9
2016301700261,2,9,0,16,0,8,0,0,0,0,1,1,6,1,17,4,1229,1,6,6,1,6
2016301700262,1,9,0,18,0,3,0,0,0,0,3,1,6,2,71,10,-1,-1,-1,6,1,6
2016301700262,2,9,0,17,0,8,0,0,0,0,1,1,6,2,33,6,1997,1,9,5,1,5
2016301700265,1,9,0,7,0,8,0,0,0,0,4,1,6,2,44,7,1749,1,14,2,1,2
2016301700265,2,9,0,5,0,6,0,0,0,0,1,1,6,1,35,6,1461,2,11,4,3,4
2016301700269,1,9,0,18,0,0,0,0,0,0,2,1,6,1,73,10,1994,2,9,5,1,5
2016301700270,1,9,0,9,0,6,0,0,0,0,3,1,6,2,34,6,1360,1,10,1,1,1
2016301700270,2,1,0,18,0,8,0,0,0,0,1,1,6,1,34,6,-1,-1,-1,2,1,2
2016301700279,1,9,0,13,0,8,1,0,7,9,1,2,6,1,19,4,1968,2,1,1,1,1
2016301700279,2,8,0,9,0,6,1,0,0,0,1,1,3,1,63,9,2461,2,12,1,1,1
2016301700279,3,9,0,18,0,1,0,0,0,0,0,1,6,3,-1,-1,-1,-1,-1,-1,-1,-1
2016301700280,1,9,0,18,0,1,0,0,0,0,1,1,6,2,53,8,1798,1,6,-1,-1,-1
2016301700280,2,9,0,8,0,1,0,0,1,0,2,1,6,1,65,9,2495,2,12,9,3,9
2016301700281,1,9,0,16,0,0,1,0,0,0,4,1,6,1,25,5,1149,1,13,9,2,9
2016301700281,2,9,0,17,0,0,0,0,0,0,1,1,6,1,36,7,1995,2,5,3,2,3
2016301700282,1,9,0,9,0,5,0,0,0,0,4,1,6,2,18,4,998,1,9,6,1,6
2016301700282,2,9,0,18,0,8,0,0,0,0,1,1,6,1,32,6,2967,2,1,1,1,1
2016301700294,1,9,0,10,0,8,0,0,0,0,2,1,1,1,-1,-1,1910,2,8,-1,-1,-1
2016301700294,2,9,0,3,0,1,0,0,0,0,2,1,6,1,-1,-1,1560,2,9,-1,-1,-1
2016301700294,3,9,0,4,0,1,1,0,0,0,1,1,6,3,-1,-1,2616,1,10,-1,-1,-1
2016301700301,1,9,0,3,0,0,0,0,0,0,2,1,6,1,59,9,1995,2,9,3,1,3
2016301700301,2,9,0,18,0,0,0,0,0,0,1,1,6,1,51,8,-1,-1,-1,4,1,4
2016301700302,1,17,4,7,0,1,4,0,1,0,4,1,6,1,-1,-1,-1,2,1,-1,-1,-1
2016301700303,1,1,0,18,0,0,0,0,0,0,2,1,6,1,51,8,-1,-1,-1,8,1,8
2016301700303,2,1,0,18,0,0,0,0,0,0,1,1,6,1,51,8,-1,-1,-1,10,1,10
2016301700304,1,19,0,18,0,0,0,0,0,0,4,1,6,3,-1,-1,-1,-1,-1,-1,-1,-1
2016301700307,1,5,0,18,0,1,0,0,0,0,1,1,6,1,48,8,645,1,16,9,2,9
2016301700307,2,9,0,4,0,1,0,0,0,0,2,1,6,3,-1,-1,-1,-1,-1,-1,-1,-1
2016301700309,1,9,0,18,0,0,0,0,0,0,1,1,6,3,-1,-1,-1,-1,-1,-1,-1,-1
2016301700309,2,1,0,18,0,0,0,0,0,0,2,1,6,2,24,5,-1,-1,-1,3,1,3
2016301700310,1,9,0,12,0,0,0,0,0,0,3,1,6,2,37,7,1398,1,5,10,2,10
2016301700310,2,3,0,13,0,0,0,0,0,0,4,1,6,1,17,4,124,1,3,4,1,4
2016301700311,1,9,0,9,0,5,0,0,0,0,3,1,6,1,54,8,1598,2,3,10,1,10
2016301700311,2,3,0,13,0,8,0,0,0,0,1,1,6,1,20,4,125,1,-1,6,1,6
2016301700312,1,9,0,9,0,5,0,0,0,0,4,1,6,2,29,6,1999,2,-1,1,1,1
2016301700312,2,5,0,18,0,8,0,0,0,0,1,1,6,1,26,6,999,1,7,2,1,2
2016301700313,1,9,0,18,0,0,0,0,0,0,1,1,1,1,28,6,1686,2,3,7,3,7
2016301700313,2,1,0,18,0,0,0,0,0,0,2,1,6,1,31,6,-1,-1,-1,2,1,2
2016301700314,1,9,0,18,0,0,0,0,0,0,1,1,6,1,90,11,1229,1,8,10,1,10
2016301700314,2,1,0,2,9,0,0,0,0,0,4,1,4,1,10,2,-1,-1,-1,9,2,9
2016301700315,1,9,0,18,0,8,0,0,0,0,3,1,6,1,27,6,1995,2,2,5,1,5
2016301700315,2,8,0,18,0,6,0,0,0,0,1,1,1,1,64,9,1896,2,13,10,1,10
2016301700316,1,9,0,18,0,2,0,0,0,0,4,1,6,2,55,8,1461,2,-1,3,2,3
2016301700317,1,5,0,4,0,0,0,0,0,0,1,1,6,1,47,8,782,1,2,2,2,2
2016301700317,2,9,0,11,0,0,0,0,0,0,4,1,6,1,24,5,1587,1,17,2,1,2
2016301700324,1,9,0,1,9,6,0,0,0,0,2,1,6,3,-1,-1,-1,-1,-1,-1,-1,-1
2016301700325,1,9,0,12,0,0,0,0,0,0,3,1,6,1,21,5,1248,2,8,1,1,1
2016301700325,2,9,0,11,0,0,0,0,0,0,4,1,6,1,44,7,1496,2,2,8,1,8
2016301700326,1,9,0,5,0,0,0,0,0,0,1,1,6,1,18,4,1781,1,12,4,1,4
2016301700326,2,9,0,2,0,0,0,0,0,0,3,1,1,1,-1,-1,1686,2,2,5,1,5
2016301700327,1,9,0,18,0,8,0,0,0,0,1,1,2,1,27,6,1984,1,15,2,1,2
2016301700327,2,1,0,9,0,5,0,0,0,0,1,1,6,1,34,6,-1,-1,-1,3,1,3
2016301700328,1,9,0,16,0,0,0,6,0,0,1,1,6,1,26,6,1598,2,3,2,1,2
2016301700328,2,19,0,17,0,0,0,0,0,0,1,1,6,1,36,7,2143,2,-1,1,1,1
2016301700329,1,9,0,17,0,0,2,0,7,11,3,1,6,2,23,5,998,1,4,8,1,8
2016301700330,1,9,0,7,0,3,0,0,0,0,1,1,6,3,-1,-1,-1,-1,-1,-1,-1,-1
2016301700331,1,9,0,9,0,6,0,0,0,0,0,1,6,3,-1,-1,-1,-1,-1,-1,-1,-1
2016301700332,1,9,0,18,0,0,0,0,0,0,4,1,6,3,-1,-1,-1,-1,-1,-1,-1,-1
2016301700333,1,9,0,9,0,6,0,0,0,0,1,1,6,2,27,6,998,1,4,8,2,8
2016301700333,2,9,0,18,0,8,0,0,0,0,1,1,6,1,89,11,2495,2,20,5,2,5
2016301700335,1,21,1,3,0,0,0,0,0,0,1,1,1,1,43,7,12777,2,6,5,1,5
2016301700335,2,9,0,16,0,0,0,0,0,0,1,1,6,1,19,4,1364,2,-1,7,1,7
2016301700336,1,20,0,11,0,0,0,0,0,0,4,1,1,1,28,6,-1,-1,-1,4,1,4
2016301700336,2,9,0,18,0,0,0,0,1,7,3,1,6,2,26,6,1598,1,3,3,2,3
2016301700337,1,9,0,18,0,0,0,0,0,0,4,1,6,3,-1,-1,-1,-1,-1,-1,-1,-1
2016301700338,1,9,0,18,0,0,2,4,0,0,1,1,6,1,23,5,998,1,18,7,1,7
2016301700338,2,9,0,2,0,0,0,10,0,0,2,1,6,1,46,8,1598,1,15,9,1,9
2016301700338,3,9,0,2,0,0,0,0,0,0,1,1,6,3,-1,-1,1798,1,9,-1,-1,-1
2016301700339,1,9,0,18,0,0,0,4,0,0,1,1,6,1,23,5,1229,1,11,3,1,3
2016301700339,2,9,0,2,0,0,0,0,0,0,2,1,6,3,-1,-1,1798,1,13,-1,-1,-1
2016301700340,1,9,0,7,0,2,0,0,0,0,1,1,6,3,-1,-1,-1,-1,-1,-1,-1,-1
2016301700340,2,9,0,4,0,2,0,0,0,0,2,1,6,2,35,6,1388,1,18,1,1,1
2016301700340,3,90,0,18,0,1,0,0,0,0,0,1,1,3,-1,-1,-1,-1,-1,-1,-1,-1
2016301700341,1,9,0,18,0,6,0,4,0,0,1,1,6,1,31,6,1598,1,14,3,1,3
2016301700341,2,9,0,18,0,8,0,4,0,0,1,1,6,1,23,5,998,1,7,4,1,4
2016301700341,3,9,0,2,0,1,0,0,0,0,3,1,6,3,-1,-1,1596,1,7,-1,-1,-1
2016301700343,1,22,0,18,0,1,0,0,0,0,4,1,6,2,78,11,-1,-1,-1,2,1,2
2016301700343,2,9,0,17,0,1,0,0,0,0,1,1,6,1,35,6,1560,2,5,1,1,1
2016301700344,1,9,0,9,0,6,0,0,0,0,1,1,6,1,26,6,2967,2,9,1,1,1
2016301700344,2,1,0,18,0,8,0,0,0,0,4,1,6,1,41,7,-1,-1,-1,9,1,9
2016301700345,1,9,0,9,0,5,0,0,0,0,1,1,6,1,67,10,2290,1,10,-1,-1,-1
2016301700345,2,1,0,18,0,8,0,0,0,0,1,1,6,1,57,9,-1,-1,-1,-1,-1,-1
2016301700346,1,3,0,18,0,8,1,0,0,0,1,1,6,1,25,5,124,1,22,9,1,9
2016301700346,2,9,0,9,0,6,0,0,0,0,1,1,6,2,67,10,1198,1,7,9,1,9
2016301700348,1,9,0,9,0,5,0,0,0,0,1,1,6,2,70,10,1149,1,12,9,2,9
2016301700348,2,1,0,18,0,8,0,0,0,0,1,1,6,1,36,7,-1,-1,-1,5,3,5
2016301700349,1,4,0,13,0,2,0,0,0,0,4,1,6,1,37,7,1050,1,10,7,3,7
2016301700349,2,9,0,12,0,2,0,0,0,0,0,1,6,1,77,11,1997,2,13,9,1,9
2016301700350,1,9,0,17,0,1,0,0,0,0,2,1,6,1,40,7,1360,1,10,3,3,3
2016301700350,2,9,0,17,0,1,0,0,0,0,1,1,6,2,52,8,1360,1,8,7,3,7
2016301700350,3,9,0,18,0,4,0,0,0,0,0,1,1,3,-1,-1,1995,2,2,-1,-1,-1
2016301700351,1,9,0,4,0,0,0,0,0,0,1,1,6,2,45,7,1587,1,9,10,2,10
2016301700351,2,9,0,18,0,0,0,0,0,0,1,1,6,3,-1,-1,1997,1,13,-1,-1,-1
2016301700352,1,1,0,18,0,8,0,0,0,0,2,1,6,1,17,4,-1,-1,-1,2,1,2
2016301700352,2,9,0,9,0,6,0,0,0,0,2,1,6,3,-1,-1,-1,-1,-1,-1,-1,-1
2016301700353,1,9,0,2,0,0,0,0,0,0,2,1,6,2,42,7,1753,2,6,9,1,9
2016301700353,2,19,0,18,0,0,0,4,0,0,1,1,6,3,-1,-1,-1,-1,-1,-1,-1,-1
2016301700354,1,3,0,17,0,0,1,10,0,0,4,1,6,1,24,5,124,1,1,1,1,1
2016301700355,1,9,0,14,0,8,0,0,0,0,1,1,1,1,-1,-1,1686,2,2,5,1,5
2016301700355,2,9,0,9,0,5,0,0,0,0,1,1,6,2,42,7,1995,2,11,7,1,7
2016301700355,3,11,0,3,0,1,0,0,0,0,0,1,1,3,-1,-1,-1,-1,-1,-1,-1,-1
2016301700356,1,9,0,3,0,0,0,0,0,0,2,1,6,1,67,10,1582,2,5,10,2,10
2016301700356,2,9,0,18,0,0,0,0,0,0,1,1,6,2,27,6,1968,2,-1,7,1,7
2016301700357,1,9,0,2,0,0,0,0,0,0,2,1,6,3,-1,-1,1527,2,17,-1,-1,-1
2016301700357,2,9,0,18,0,0,2,4,0,0,1,1,6,1,19,4,999,1,16,-1,-1,-1
2016301700358,1,9,0,18,0,0,0,0,0,0,4,1,6,3,-1,-1,-1,-1,-1,-1,-1,-1
2016301700359,1,9,0,9,0,6,0,0,0,0,1,1,6,1,49,8,2720,2,8,9,3,9
2016301700359,2,9,0,17,0,8,0,0,0,0,1,1,6,1,37,7,-1,-1,-1,7,1,7
2016301700388,1,9,0,4,0,0,0,0,0,0,2,1,6,1,31,6,1968,2,8,-1,-1,-1
2016301700388,2,9,0,18,0,0,0,0,0,0,1,1,6,2,42,7,1248,1,2,6,1,6
2016301700394,1,9,0,18,0,0,0,0,0,0,3,1,6,1,56,9,1995,2,9,7,3,7
2016301700395,1,9,0,18,0,4,0,0,0,0,4,1,6,1,81,11,2199,2,4,10,1,10
2016301700395,2,1,0,18,0,4,0,0,0,0,3,1,6,1,44,7,-1,-1,-1,7,1,7
2016301700396,1,9,0,10,0,8,0,0,0,0,3,1,6,2,30,6,1598,1,5,2,1,2
2016301700396,2,9,0,7,0,6,0,0,0,0,1,1,6,3,-1,-1,1896,2,19,-1,-1,-1
2016301700397,1,9,0,9,0,4,0,0,0,0,1,1,6,2,-1,-1,1199,1,15,3,1,3
2016301700397,2,1,0,9,0,4,0,0,0,0,2,1,6,1,63,9,-1,-1,-1,9,1,9
2016301700398,1,9,0,18,0,0,0,0,0,0,2,1,6,3,-1,-1,-1,-1,-1,-1,-1,-1
2016301700399,1,9,0,13,0,8,0,0,0,0,4,1,6,1,33,6,2993,2,11,2,1,2
2016301700399,2,19,0,9,0,5,0,0,0,0,3,1,6,1,50,8,1868,2,15,-1,1,-1
2016301700400,1,9,0,18,0,0,0,0,0,0,4,1,6,3,-1,-1,-1,-1,-1,-1,-1,-1
2016301700401,1,11,0,4,0,1,0,0,0,0,0,1,1,1,30,6,-1,-1,-1,7,1,7
2016301700402,1,20,0,2,0,2,0,0,0,0,2,1,1,1,32,6,6692,2,6,7,1,7
2016301700402,2,1,0,18,0,2,0,0,0,0,1,1,6,2,48,8,-1,-1,-1,5,1,5
2016301700403,1,9,0,2,0,0,0,0,0,0,3,1,6,1,41,7,-1,-1,-1,9,1,9
2016301700403,2,9,0,14,0,0,0,4,0,0,4,1,6,3,-1,-1,-1,-1,-1,-1,-1,-1
2016301700404,1,9,0,16,0,2,0,0,0,0,1,1,6,2,32,6,2198,1,11,1,1,1
2016301700405,1,9,0,18,0,0,0,0,0,0,1,1,6,2,33,6,1995,2,3,8,2,8
2016301700405,2,9,0,18,0,0,2,0,2,10,4,1,6,1,36,7,1999,1,8,5,2,5
2016301700406,1,11,0,18,0,0,0,0,0,0,0,1,1,1,50,8,7300,2,7,1,1,1
2016301700406,2,9,0,11,0,0,0,0,0,0,0,1,6,3,-1,-1,-1,-1,-1,-1,-1,-1
2016301700407,1,9,0,11,0,8,0,0,0,0,4,1,6,3,-1,-1,1360,1,12,-1,-1,-1
2016301700407,2,9,0,18,0,8,0,0,0,0,3,1,6,2,40,7,1598,2,9,5,1,5
2016301700408,1,9,0,7,0,5,0,0,0,0,2,1,6,2,40,7,1199,2,4,6,2,6
2016301700408,2,1,0,15,0,8,0,0,0,0,1,1,6,1,64,9,-1,-1,-1,8,1,8
2016301700409,1,2,0,18,0,0,0,0,0,0,1,1,6,1,30,6,124,1,2,3,1,3
2016301700409,2,9,0,3,0,0,0,0,0,0,2,1,6,1,18,4,1399,2,13,6,1,6
2016301700411,1,19,0,18,0,0,0,0,0,0,4,1,6,1,39,7,2402,2,8,2,1,2
2016301700412,1,9,0,16,0,0,1,0,2,11,4,1,6,1,17,4,1360,1,14,10,2,10
2016301700413,1,9,0,4,0,1,0,0,0,0,2,1,6,3,-1,-1,1796,1,13,-1,-1,-1
2016301700413,2,9,0,4,0,1,0,0,0,0,1,1,6,2,47,8,1200,1,-1,1,1,1
2016301700413,3,9,0,18,0,1,0,0,0,0,1,1,6,1,32,6,1197,1,-1,1,1,1
2016301700414,1,9,0,18,0,0,0,0,0,0,1,1,6,3,-1,-1,-1,-1,-1,-1,-1,-1
2016301700415,1,19,0,18,0,0,0,0,0,0,4,1,6,1,48,8,2298,2,2,1,1,1
2016301700415,2,21,1,12,0,0,0,0,0,0,3,1,1,3,-1,-1,12419,2,1,-1,-1,-1
2016301700416,1,9,0,18,0,8,0,0,0,0,4,1,6,1,25,5,1398,1,15,6,1,6
2016301700416,2,9,0,7,0,6,0,0,0,0,1,1,6,1,18,4,1796,1,14,4,1,4
2016301700417,1,9,0,18,0,8,0,0,0,0,4,1,6,2,26,6,1995,2,9,7,1,7
2016301700417,2,9,0,9,0,6,0,0,0,0,1,1,6,2,37,7,1797,8,6,2,1,2
2016301700418,1,9,0,5,0,6,0,0,0,0,1,1,6,1,33,6,1198,1,8,6,1,6
2016301700418,2,9,0,18,0,8,0,0,0,0,1,1,6,1,42,7,1596,1,18,5,1,5
2016301700419,1,9,0,18,0,1,0,0,0,0,1,1,6,1,21,5,1596,1,13,1,1,1
2016301700420,1,9,0,18,0,6,0,10,1,0,1,1,6,2,52,8,1240,1,6,1,1,1
2016301700420,2,9,0,18,0,8,0,10,1,0,3,1,6,1,25,5,1984,1,1,2,1,2
2016301700420,3,9,0,18,0,1,0,0,0,0,0,1,6,1,46,8,1686,2,5,5,1,5
2016301700421,1,9,0,18,0,0,0,0,0,0,1,1,6,2,30,6,998,1,5,8,1,8
2016301700422,1,9,0,9,0,5,0,0,0,0,2,1,1,1,31,6,1560,2,-1,5,1,5
2016301700422,2,9,0,13,0,8,0,0,0,0,1,1,6,1,31,6,-1,-1,-1,10,1,10
2016301700423,1,9,0,4,0,0,0,0,0,0,2,1,6,1,30,6,1560,2,3,3,1,3
2016301700423,2,9,0,18,0,0,0,0,0,0,1,1,6,3,-1,-1,-1,-1,-1,-1,-1,-1
2016301700424,1,9,0,3,0,0,0,0,0,0,2,1,6,1,43,7,1560,2,6,6,1,6
2016301700424,2,9,0,3,0,0,0,0,0,0,2,1,6,1,29,6,2191,2,2,3,1,3
2016301700424,3,9,0,18,0,0,0,0,0,0,1,1,6,1,51,8,1796,1,17,1,1,1
2016301700425,1,9,0,17,0,0,0,0,0,0,1,1,6,1,31,6,1995,2,13,3,1,3
2016301700425,2,9,0,16,0,0,0,0,0,0,1,1,6,2,48,8,998,1,1,2,1,2
2016301700426,1,20,0,18,0,0,0,0,0,0,1,1,6,1,59,9,6692,2,4,7,1,7
2016301700426,2,9,0,4,0,0,0,0,0,0,2,1,6,1,37,7,1364,1,9,2,1,2
2016301700427,1,9,0,1,0,0,0,0,0,0,2,1,6,3,-1,-1,-1,-1,-1,-1,-1,-1
2016301700428,1,9,0,16,0,0,0,0,0,0,1,1,6,2,54,8,1998,1,14,6,2,6
2016301700429,1,9,0,18,0,0,0,0,0,0,1,1,6,2,34,6,1364,1,2,5,1,5