Accident_Index,Vehicle_Reference,Vehicle_Type,Towing_and_Articulation,Vehicle_Manoeuvre,Vehicle_Location-Restricted_Lane,Junction_Location,Skidding_and_Overturning,Hit_Object_in_Carriageway,Vehicle_Leaving_Carriageway,Hit_Object_off_Carriageway,1st_Point_of_Impact,Was_Vehicle_Left_Hand_Drive?,Journey_Purpose_of_Driver,Sex_of_Driver,Age_of_Driver,Age_Band_of_Driver,Engine_Capacity_(CC),Propulsion_Code,Age_of_Vehicle,Driver_IMD_Decile,Driver_Home_Area_Type,Vehicle_IMD_Decile
2016301700430,1,9,0,18,0,0,0,0,0,0,1,1,6,2,20,4,1395,1,-1,5,1,5
2016301700430,2,9,0,4,0,0,0,0,0,0,2,1,6,2,53,8,1796,1,4,5,1,5
2016301700431,1,2,0,18,0,8,0,0,0,0,1,1,6,1,15,3,49,1,4,1,1,1
2016301700431,2,19,0,18,0,8,0,0,0,0,1,1,6,1,24,5,1598,2,1,3,1,3
2016301700432,1,9,0,18,0,1,0,0,0,0,4,1,6,3,-1,-1,-1,-1,-1,-1,-1,-1
2016301700433,1,9,0,18,0,8,0,0,0,0,4,1,6,1,27,6,1995,1,8,4,1,4
2016301700433,2,19,0,9,0,6,0,0,0,0,1,1,6,1,45,7,2198,2,-1,3,2,3
2016301700434,1,9,0,18,0,0,0,0,0,0,2,1,6,1,64,9,1149,1,1,2,1,2
2016301700434,2,9,0,18,0,0,0,0,0,0,1,1,6,2,34,6,1461,2,14,3,1,3
2016301700435,1,9,0,2,0,0,0,0,0,0,0,1,6,3,-1,-1,3342,1,9,-1,-1,-1
2016301700435,2,98,0,18,0,0,0,0,0,0,4,1,6,3,-1,-1,-1,-1,-1,-1,-1,-1
2016301700440,1,9,0,18,0,0,0,0,0,0,4,1,6,3,-1,-1,-1,-1,-1,-1,-1,-1
2016301700441,1,9,0,12,0,0,0,0,4,2,3,1,6,2,74,10,1796,1,2,9,1,9
2016301700442,1,19,0,9,0,8,0,0,0,0,3,1,6,1,67,10,2198,2,-1,2,1,2
2016301700442,2,1,0,18,0,1,0,0,0,0,1,1,6,1,11,3,-1,-1,-1,2,1,2
2016301700443,1,9,0,17,0,0,1,0,0,0,1,1,6,2,41,7,1461,2,3,9,1,9
2016301700443,2,9,0,16,0,0,1,0,7,0,1,1,6,1,46,8,1686,2,2,6,1,6
2016301700444,1,9,0,9,0,5,0,0,0,0,3,1,6,2,66,10,1997,2,14,4,1,4
2016301700445,1,9,0,4,0,3,0,0,0,0,2,1,2,2,21,5,1560,2,3,2,1,2
2016301700445,2,9,0,4,0,3,0,0,0,0,1,1,2,2,-1,-1,1248,2,-1,7,3,7
2016301700445,3,9,0,4,0,3,0,0,0,0,2,1,2,1,25,5,1968,2,7,9,2,9
2016301700445,4,9,0,4,0,3,0,0,0,0,2,1,2,1,-1,-1,1229,1,12,6,2,6
2016301700446,1,9,0,9,0,8,0,0,0,0,3,1,6,1,21,5,1598,1,9,10,2,10
2016301700446,2,9,0,16,0,1,0,0,0,0,1,1,6,3,-1,-1,-1,-1,-1,-1,-1,-1
2016301700447,1,1,0,18,0,0,0,0,0,0,1,1,6,1,45,7,-1,-1,-1,4,1,4
2016301700448,1,9,0,18,0,0,0,0,0,0,1,1,6,1,18,4,-1,-1,-1,2,1,2
2016301700448,2,9,0,4,0,0,0,0,0,0,2,1,6,3,-1,-1,-1,-1,-1,-1,-1,-1
2016301700449,1,8,0,3,0,0,0,0,0,0,2,1,1,1,29,6,1968,2,7,1,1,1
2016301700449,2,9,0,18,0,0,0,0,0,0,1,1,6,2,34,6,1798,1,10,7,3,7
2016301700450,1,9,0,18,0,0,0,0,0,0,1,1,6,2,28,6,1199,1,12,3,1,3
2016301700450,2,9,0,18,0,0,0,0,0,0,2,1,6,2,47,8,2198,2,10,8,1,8
2016301700451,1,9,0,7,0,6,0,0,0,0,1,1,6,1,50,8,-1,-1,-1,3,1,3
2016301700451,2,4,0,18,0,1,0,0,0,0,1,1,6,1,21,5,398,1,11,3,1,3
2016301700453,1,9,0,9,0,8,0,0,0,0,4,1,6,2,25,5,1997,2,-1,5,1,5
2016301700453,2,1,0,18,0,1,0,0,0,0,1,1,6,1,24,5,-1,-1,-1,5,1,5
2016301700454,1,9,0,9,0,6,0,0,0,0,4,1,6,1,40,7,1586,1,-1,6,1,6
2016301700454,2,9,0,18,0,1,0,0,0,0,3,1,6,2,68,10,1242,1,4,4,3,4
2016301700454,3,9,0,18,0,1,0,0,0,0,1,1,6,1,88,11,1296,1,8,10,2,10
2016301700455,1,3,0,10,0,1,0,0,0,0,3,1,6,1,56,9,125,1,5,9,1,9
2016301700455,2,9,0,9,0,8,0,0,0,0,3,1,6,1,70,10,1794,1,10,9,3,9
2016301700456,1,9,0,9,0,6,0,0,0,0,1,1,6,1,34,6,1590,1,12,1,1,1
2016301700456,2,9,0,18,0,1,0,0,0,0,4,1,6,1,23,5,1399,2,8,10,1,10
2016301700457,1,9,0,9,0,3,0,0,0,0,1,1,6,3,-1,-1,1388,1,9,-1,-1,-1
2016301700458,1,9,0,18,0,0,0,0,0,0,4,1,6,3,-1,-1,-1,-1,-1,-1,-1,-1
2016301700459,1,9,0,18,0,0,1,0,1,11,4,1,6,2,38,7,1560,2,11,10,2,10
2016301700460,1,9,0,9,0,6,0,0,0,0,3,1,6,1,28,6,1984,1,6,4,1,4
2016301700460,2,1,0,18,0,1,0,0,0,0,1,1,6,2,38,7,-1,-1,-1,7,1,7
2016301700461,1,9,0,18,0,0,0,0,1,0,1,1,6,1,21,5,996,1,2,4,3,4
2016301700462,1,19,0,18,0,1,0,0,0,0,4,1,6,1,31,6,2198,2,9,3,2,3
2016301700463,1,19,0,7,0,6,0,0,0,0,3,1,6,3,-1,-1,1598,2,2,-1,-1,-1
2016301700464,1,9,0,18,0,0,0,4,0,0,1,1,6,1,19,4,998,1,17,1,1,1
2016301700464,2,9,0,2,0,0,0,0,0,0,1,1,6,3,-1,-1,1896,2,8,-1,-1,-1
2016301700464,3,9,0,2,0,0,0,0,0,0,1,1,6,3,-1,-1,1560,2,5,-1,-1,-1
2016301700465,1,9,0,9,0,8,0,0,0,0,4,1,6,1,53,8,-1,-1,-1,7,1,7
2016301700465,2,1,0,18,0,1,0,0,0,0,1,1,6,1,47,8,-1,-1,-1,6,1,6
2016301700466,1,9,0,17,0,1,0,0,0,0,1,1,1,1,39,7,1686,2,9,1,1,1
2016301700467,1,9,0,18,0,2,0,0,0,0,4,1,6,1,73,10,1951,2,10,6,2,6
2016301700468,1,9,0,18,0,8,0,0,0,0,4,1,6,1,37,7,1364,1,7,4,1,4
2016301700468,2,9,0,9,8,8,0,0,0,0,1,1,6,2,30,6,1596,1,4,1,1,1
2016301700469,1,3,0,18,0,1,0,0,0,0,4,1,6,1,20,4,49,1,1,7,3,7
2016301700469,2,9,0,9,0,6,0,0,0,0,1,1,6,2,61,9,995,1,6,5,1,5
2016301700470,1,9,0,18,0,0,2,0,0,0,1,1,6,1,19,4,1590,1,11,9,2,9
2016301700470,2,9,0,18,0,0,2,0,0,0,1,1,6,1,18,4,1490,1,12,8,3,8
2016301700471,1,9,0,5,0,2,0,0,0,0,0,1,6,3,-1,-1,-1,-1,-1,-1,-1,-1
2016301700471,2,3,0,17,0,2,0,0,0,0,0,1,6,2,50,8,125,1,1,2,1,2
2016301700473,1,9,0,17,0,0,5,0,1,11,4,1,6,1,53,8,1995,2,4,9,3,9
2016301700473,2,9,0,17,0,0,0,0,0,0,4,1,6,2,53,8,1328,1,2,7,3,7
2016301700474,1,9,0,18,0,0,0,0,0,0,4,1,6,1,36,7,1984,1,7,6,1,6
2016301700474,2,9,0,2,0,0,0,0,0,0,0,1,6,3,-1,-1,-1,-1,-1,-1,-1,-1
2016301700475,1,11,0,18,0,0,0,0,0,0,4,1,1,1,58,9,4500,2,7,2,1,2
2016301700476,1,9,0,9,0,8,0,0,0,0,3,1,6,1,31,6,1984,1,10,1,1,1
2016301700476,2,3,0,18,0,1,0,0,0,0,1,1,6,1,28,6,124,1,9,2,1,2
2016301700477,1,9,0,1,9,1,0,0,0,0,2,1,6,3,-1,-1,-1,-1,-1,-1,-1,-1
2016301700478,1,9,0,16,0,2,1,0,7,2,1,1,6,1,29,6,1598,1,13,8,3,8
2016301700479,1,9,0,18,0,0,0,4,0,0,1,1,6,2,64,9,1242,1,1,2,1,2
2016301700479,2,9,0,2,0,0,0,0,0,0,1,1,6,3,-1,-1,1490,1,10,-1,-1,-1
2016301700480,1,9,0,9,0,2,0,0,0,0,1,1,6,1,27,6,1590,1,14,2,1,2
2016301700481,1,9,0,18,0,1,0,0,0,0,1,1,6,3,-1,-1,1390,1,14,-1,-1,-1
2016301700481,2,9,0,18,0,1,0,0,0,0,2,1,6,1,32,6,1686,2,7,2,1,2
2016301700481,3,9,0,2,0,1,0,0,0,0,3,1,6,3,-1,-1,1590,1,16,-1,-1,-1
2016301700481,4,9,0,2,0,1,0,0,0,0,3,1,6,3,-1,-1,1329,1,8,-1,-1,-1
2016301700483,1,9,0,18,0,8,0,0,0,0,1,1,6,1,24,5,1600,1,18,2,1,2
2016301700483,2,97,0,18,0,1,0,0,0,0,1,1,6,1,25,5,-1,-1,-1,1,1,1
2016301700484,1,9,0,18,0,4,0,0,0,0,3,1,6,2,58,9,1396,1,14,-1,-1,-1
2016301700484,2,9,0,18,0,8,0,0,0,0,1,1,6,2,30,6,2720,2,11,-1,-1,-1
2016301700504,1,9,0,13,0,0,0,0,0,0,0,1,6,1,-1,-1,1560,2,-1,7,2,7
2016301700504,2,11,0,18,0,0,0,0,0,0,0,1,1,1,38,7,7700,2,2,6,1,6
2016301700528,1,9,0,4,0,8,0,0,0,0,1,1,6,2,20,4,1242,1,3,7,1,7
2016301700528,2,9,0,1,0,8,0,0,0,0,2,1,6,3,-1,-1,1598,1,7,-1,-1,-1
2016301700568,1,9,0,12,0,0,0,0,0,0,3,1,2,1,48,8,2401,2,12,7,1,7
2016301700568,2,4,0,18,0,0,0,0,0,0,4,1,2,1,17,4,125,1,-1,9,1,9
2016301700610,1,9,0,9,0,8,0,0,0,0,1,1,1,2,23,5,1984,1,15,6,1,6
2016301700610,2,9,0,18,0,8,0,0,0,0,1,1,1,1,21,5,-1,-1,-1,2,3,2
2016301700616,1,19,0,16,0,0,0,0,0,0,1,1,6,2,42,7,1598,2,-1,2,1,2
2016301700616,2,9,0,17,0,0,0,0,0,0,1,1,6,2,46,8,2497,2,10,7,3,7
2016301700617,1,19,0,5,8,0,0,0,0,0,3,1,6,1,26,6,1998,2,10,2,1,2
2016301700617,2,9,0,18,0,0,0,0,0,0,4,1,6,1,20,4,1149,1,11,5,3,5
2016301700618,1,1,0,18,4,8,0,0,0,0,3,1,6,1,47,8,-1,-1,-1,9,1,9
2016301700618,2,9,0,9,0,8,0,0,0,0,1,1,6,2,-1,-1,1560,2,10,2,1,2
2016301700619,1,9,0,18,0,3,0,0,1,10,1,1,2,1,-1,-1,1598,2,-1,4,1,4
2016301700619,2,9,0,17,0,3,0,0,0,0,3,1,6,2,42,7,1896,2,7,5,1,5
2016301700620,1,9,0,7,0,5,0,0,0,0,4,1,6,1,37,7,-1,-1,-1,9,2,9
2016301700621,1,9,0,5,0,8,0,0,0,0,1,1,6,3,-1,-1,-1,-1,-1,-1,-1,-1
2016301700622,1,9,0,6,0,0,0,0,1,10,2,1,6,1,21,5,1124,1,14,3,2,3
2016301700622,2,9,0,18,0,0,0,0,0,0,1,1,6,1,26,6,2496,1,14,9,3,9
2016301700623,1,9,0,18,0,0,0,0,0,0,1,1,6,2,52,8,2982,2,10,4,3,4
2016301700645,1,9,0,13,0,0,0,0,0,0,4,1,6,1,37,7,1997,2,6,10,2,10
2016301700645,2,1,0,18,0,0,0,0,0,0,2,1,2,1,42,7,-1,-1,-1,9,2,9
201630T353247,1,9,0,9,0,5,0,0,0,0,3,1,6,1,33,6,1896,2,14,4,1,4
201630T353247,2,9,0,18,0,8,0,0,7,1,4,1,6,1,83,11,2987,2,9,10,1,10
201631A001116,1,19,0,18,0,0,1,0,0,0,1,1,1,1,28,6,1598,2,1,3,1,3
201631A002116,1,9,0,5,0,6,0,0,0,0,4,1,6,1,22,5,-1,-1,-1,2,1,2
201631A002116,2,9,0,18,0,8,0,0,0,0,1,1,6,2,58,9,1198,1,1,6,1,6
201631A003416,1,9,0,18,0,1,0,0,0,0,1,1,6,2,65,9,1197,1,1,4,1,4
201631A003516,1,9,0,9,0,5,0,0,0,0,3,1,3,2,25,5,1360,1,12,2,1,2
201631A004016,1,9,0,18,0,0,1,0,0,0,1,1,6,1,25,5,1796,1,15,2,1,2
201631A004016,2,9,0,3,0,0,0,0,0,0,2,1,6,1,25,5,1242,1,2,4,2,4
201631A004516,1,2,0,18,0,8,0,0,0,0,1,1,2,1,56,9,49,1,10,8,1,8
201631A004516,2,9,0,9,0,5,0,0,0,0,4,1,6,2,35,6,2979,1,12,3,1,3
201631A004816,1,9,0,7,0,6,0,0,0,0,1,1,6,2,-1,-1,1199,1,14,-1,-1,-1
201631A004816,2,9,0,18,0,8,0,0,0,0,4,1,6,1,67,10,1242,1,9,5,1,5
201631A005316,1,21,1,9,0,5,0,0,0,0,1,2,1,1,58,9,-1,-1,-1,-1,-1,-1
201631A005316,2,9,0,18,0,8,0,0,0,0,1,1,2,1,33,6,1240,1,11,8,1,8
201631A005616,1,9,0,16,0,0,1,0,1,10,3,1,6,1,29,6,1997,1,13,1,1,1
201631A005716,1,9,0,9,0,5,0,0,0,0,4,1,6,2,-1,-1,-1,-1,-1,-1,-1,-1
201631A005716,2,9,0,5,0,8,0,0,0,0,3,1,6,2,22,5,1968,2,5,4,2,4
201631A005816,1,9,0,17,0,1,0,0,1,1,1,1,6,1,26,6,1495,1,15,7,2,7
201631A007316,1,9,0,16,0,1,1,0,0,0,1,1,6,1,22,5,1400,1,16,2,1,2
201631A007316,2,9,0,17,0,1,0,0,0,0,1,1,6,1,34,6,1596,1,7,2,1,2
201631A008616,1,9,0,9,0,6,0,0,0,0,1,1,6,1,27,6,1598,1,13,4,1,4
201631A008616,2,9,0,18,0,8,0,0,0,0,4,1,6,2,78,11,1598,1,13,4,1,4
201631A008616,3,9,0,10,0,8,0,0,0,0,1,1,6,2,32,6,1598,1,8,5,1,5
201631A008616,4,9,0,3,0,1,0,0,0,0,1,1,6,1,42,7,1686,2,3,5,1,5
201631A008816,1,19,0,7,0,5,0,0,0,0,4,1,6,1,-1,-1,-1,-1,-1,-1,-1,-1
201631A009516,1,9,0,18,0,8,1,0,0,0,1,1,2,2,18,4,1149,1,15,1,1,1
201631A010816,1,1,0,18,0,8,0,0,0,0,1,1,6,1,32,6,-1,-1,-1,10,1,10
201631A010816,2,19,0,9,0,6,0,0,0,0,3,1,6,1,56,9,1686,2,12,9,1,9
201631A011016,1,9,0,18,0,0,0,2,0,0,1,1,6,1,-1,-1,-1,-1,-1,-1,-1,-1
201631A011016,2,3,0,4,0,0,0,0,1,0,2,1,6,1,48,8,124,1,3,5,1,5
201631A011016,3,9,0,3,0,0,0,0,0,0,2,1,1,1,51,8,1598,1,9,3,1,3
201631A013216,1,9,0,6,0,6,0,0,0,0,1,1,6,1,-1,-1,1598,1,1,2,1,2
201631A013216,2,9,0,18,0,8,0,0,0,0,4,1,1,2,41,7,1968,2,1,9,1,9
201631A014116,1,9,0,18,0,0,0,0,0,0,1,1,3,2,33,6,1998,1,12,4,1,4
201631A014216,1,9,0,15,0,8,0,0,0,0,3,1,6,2,33,6,1796,1,8,2,1,2
201631A014216,2,21,1,7,0,5,0,0,0,0,4,1,1,1,56,9,11967,2,8,9,2,9
201631A014416,1,9,0,5,0,8,0,0,0,0,1,1,6,3,-1,-1,-1,-1,-1,-1,-1,-1
201631A014416,2,9,0,9,0,8,0,0,0,0,3,1,6,2,30,6,973,1,13,4,1,4
201631A015216,1,9,0,18,0,4,0,0,0,0,1,1,6,2,21,5,998,1,10,9,1,9
201631A015216,2,1,0,9,0,8,0,0,0,0,1,1,6,1,52,8,-1,-1,-1,9,1,9
201631A015816,1,11,0,18,0,1,0,0,0,0,0,1,1,1,33,6,9000,2,11,5,1,5
201631A015916,1,9,0,7,0,4,0,0,0,0,3,1,6,1,23,5,973,1,15,2,1,2
201631A015916,2,9,0,18,0,8,0,0,0,0,1,1,6,2,57,9,998,1,6,5,1,5
201631A016716,1,9,0,9,0,5,2,10,7,1,1,1,6,1,55,8,1199,1,12,8,1,8
201631A017116,1,9,0,18,0,8,0,0,0,0,1,1,6,1,34,6,1896,2,6,6,3,6
201631A017116,2,9,0,9,0,6,0,0,0,0,3,1,6,1,21,5,1229,1,6,1,1,1
201631A017216,1,19,0,18,0,1,0,0,0,0,1,1,6,1,-1,-1,1598,2,3,2,1,2
201631A017216,2,9,0,3,0,1,0,0,0,0,2,1,6,1,-1,-1,1242,1,4,1,1,1
201631A018716,1,9,0,18,0,4,0,0,0,0,4,1,2,2,46,8,1398,1,3,5,2,5
201631A019316,1,9,0,9,0,5,0,0,0,0,4,1,2,1,17,4,998,1,3,6,1,6
201631A019316,2,9,0,15,0,8,0,0,0,0,1,1,6,2,57,9,1598,1,6,6,1,6
201631A019516,1,9,0,18,0,0,0,4,0,0,2,1,6,1,55,8,1389,1,13,3,2,3
201631A019516,2,9,0,2,0,0,0,0,0,0,2,1,6,2,49,8,1995,2,5,2,1,2
201631A020816,1,9,0,18,0,0,0,0,0,0,2,1,6,3,-1,-1,-1,-1,-1,-1,-1,-1
201631A020816,2,3,0,18,0,0,1,0,0,0,1,1,6,1,21,5,125,1,4,2,1,2
201631A021116,1,9,0,9,0,6,0,0,0,0,2,1,6,1,-1,-1,-1,-1,-1,-1,-1,-1
201631A021116,2,3,0,16,0,8,0,0,0,0,1,1,6,1,18,4,124,1,3,6,1,6
201631A021616,1,9,0,9,0,6,0,0,8,0,1,1,6,1,-1,-1,1389,1,22,-1,-1,-1
201631A021616,2,9,0,18,0,8,0,0,0,0,4,1,6,2,45,7,1229,1,6,6,1,6
201631A023316,1,9,0,18,0,4,0,0,0,0,1,1,2,1,44,7,-1,-1,-1,6,1,6
201631A023316,2,1,0,18,9,6,0,0,0,0,3,1,6,1,31,6,-1,-1,-1,-1,-1,-1
201631A024316,1,9,0,18,0,0,0,0,0,0,4,1,6,1,-1,-1,-1,-1,-1,-1,-1,-1
201631A025116,1,9,0,11,0,0,2,10,1,11,4,1,2,1,17,4,1149,1,8,2,1,2
201631A025116,2,9,0,18,0,0,0,0,0,0,0,1,6,3,-1,-1,-1,-1,-1,-1,-1,-1
201631A026816,1,9,0,13,0,0,0,0,0,0,1,1,1,1,35,6,1997,2,1,-1,-1,-1
201631A026816,2,9,0,18,0,0,0,0,0,0,3,1,6,1,34,6,2902,2,12,7,1,7
201631A028016,1,9,0,9,0,5,0,0,0,0,1,1,6,1,51,8,1997,2,2,8,1,8
201631A028016,2,1,0,18,0,8,0,0,0,0,3,1,6,1,23,5,-1,-1,-1,6,1,6
201631A028816,1,9,0,18,0,0,0,4,0,0,1,1,6,1,53,8,1969,2,1,4,1,4
201631A028816,2,9,0,2,0,0,0,4,0,0,2,1,6,3,-1,-1,1868,2,12,-1,-1,-1
201631A028816,3,19,0,2,0,0,0,0,0,0,2,1,6,3,-1,-1,1997,2,12,-1,-1,-1
201631A029016,1,9,0,9,0,6,0,0,0,0,3,1,6,1,22,5,1991,1,13,4,1,4
201631A029016,2,3,0,18,0,8,0,0,0,0,1,1,6,1,21,5,124,1,4,6,1,6
201631A029416,1,9,0,12,0,2,0,0,0,0,1,1,6,1,-1,-1,1910,2,12,7,1,7
201631A029416,2,9,0,18,0,2,0,0,0,0,4,1,6,2,40,7,1242,1,4,8,1,8
201631A029516,1,9,0,16,0,0,2,0,1,0,0,1,6,2,39,7,1398,1,5,4,2,4
201631A029816,1,9,0,9,0,5,0,0,0,0,1,1,6,1,47,8,1956,2,4,2,1,2
201631A029816,2,9,0,18,0,1,0,0,0,0,1,1,6,2,67,10,1242,1,2,6,1,6
201631A031216,1,9,0,18,0,0,0,0,0,0,1,1,6,2,63,9,-1,-1,-1,-1,-1,-1
201631A031416,1,9,0,10,0,1,0,0,0,0,2,1,6,1,57,9,1997,2,2,6,1,6
201631A031416,2,3,0,18,0,1,1,0,0,0,1,1,6,1,20,4,125,1,6,1,1,1
201631A032416,1,2,0,18,0,1,1,0,0,0,1,1,6,1,18,4,49,1,2,6,1,6
201631A032916,1,19,0,18,0,2,0,0,0,0,1,1,1,2,62,9,1560,2,1,2,1,2
201631A032916,2,9,0,4,0,2,0,0,0,0,2,1,6,1,59,9,1364,2,8,9,1,9
201631A032916,3,9,0,4,0,2,0,0,0,0,2,1,6,2,24,5,1242,1,5,4,1,4
201631A033716,1,9,0,18,0,1,0,0,0,0,1,1,6,2,-1,-1,1560,2,1,1,1,1
201631A033716,2,9,0,5,0,1,0,0,0,0,2,1,6,2,27,6,1461,2,3,4,1,4
201631A035116,1,19,0,18,0,0,0,0,0,0,1,1,1,1,33,6,1753,2,10,8,1,8
201631A035116,2,9,0,3,0,0,0,0,0,0,2,1,1,2,33,6,1598,1,16,9,1,9
201631A035116,3,9,0,3,0,0,0,0,0,0,2,1,1,2,25,5,1598,1,4,2,1,2
201631A035716,1,11,0,18,0,0,0,0,0,0,0,1,1,1,48,8,4500,2,4,2,1,2
201631A036016,1,9,0,4,0,6,0,0,0,0,2,1,6,1,41,7,1794,1,7,6,1,6
201631A036016,2,9,0,7,0,6,0,0,0,0,1,1,6,2,41,7,1229,1,1,2,1,2
201631A036616,1,9,0,15,0,0,0,0,0,0,2,1,1,2,40,7,1248,2,1,-1,-1,-1
201631A036616,2,20,0,18,0,0,0,0,0,0,1,1,1,1,63,9,-1,-1,-1,-1,-1,-1
201631A036716,1,9,0,7,0,6,0,0,0,0,0,1,6,3,-1,-1,-1,-1,-1,-1,-1,-1
201631A036716,2,11,0,18,0,1,0,0,0,0,0,1,1,1,28,6,3900,2,12,8,1,8
201631A037616,1,9,0,18,0,2,0,0,0,0,1,1,6,1,37,7,1686,2,13,2,1,2
201631A038516,1,21,0,7,0,6,0,0,0,0,3,1,6,3,-1,-1,-1,-1,-1,-1,-1,-1
201631A038516,2,9,0,7,0,6,1,10,4,0,4,1,2,1,32,6,1390,1,13,5,1,5
201631A039216,1,9,0,18,0,0,0,10,1,0,4,1,6,2,37,7,2179,2,6,3,1,3
201631A040916,1,9,0,5,0,6,0,0,0,0,4,1,1,1,35,6,-1,-1,-1,6,1,6
201631A040916,2,9,0,18,0,8,0,0,1,10,1,1,6,1,86,11,1582,2,8,6,1,6
201631A041816,1,9,0,14,0,0,0,0,0,0,1,1,1,2,27,6,1598,1,11,5,1,5
201631A041816,2,9,0,18,0,0,0,0,0,0,1,1,6,2,74,10,1386,1,12,9,1,9
201631A041916,1,9,0,18,0,0,0,7,7,11,1,1,6,1,63,9,1396,2,2,2,1,2
201631A041916,2,9,0,18,0,0,0,0,0,0,3,1,6,1,64,9,1329,1,1,6,1,6
201631A042916,1,11,0,9,0,6,0,0,0,0,0,1,1,1,44,7,3900,2,12,6,1,6
201631A043016,1,9,0,18,0,8,0,0,0,0,1,1,6,2,52,8,1598,1,9,4,1,4
201631A043016,2,9,0,9,0,8,0,0,0,0,3,1,6,1,69,10,1866,2,12,3,3,3
201631A043116,1,21,1,18,0,1,0,0,0,0,4,1,1,1,48,8,10837,2,2,3,1,3
201631A043116,2,9,0,7,0,5,0,0,0,0,3,1,6,1,19,4,1198,1,13,9,1,9
201631A043416,1,9,0,18,0,0,0,0,0,0,1,1,6,1,56,9,-1,-1,-1,6,1,6
201631A043416,2,9,0,3,0,0,0,0,0,0,2,1,6,1,42,7,1995,2,11,-1,-1,-1
201631A043416,3,9,0,3,0,0,0,0,0,0,2,1,6,1,40,7,1956,2,2,5,1,5
201631A044316,1,9,0,18,0,1,0,0,0,0,1,1,6,1,30,6,1896,2,7,7,1,7
201631A044316,2,9,0,10,0,1,0,0,0,0,2,1,6,1,50,8,2488,2,11,3,1,3
201631A044316,3,9,0,10,0,1,0,0,0,0,2,1,6,1,49,8,1388,1,13,-1,-1,-1
201631A044916,1,9,0,18,0,0,2,7,0,0,1,1,6,1,34,6,1781,1,19,3,1,3
201631A045216,1,11,0,2,0,0,0,0,0,0,0,1,1,2,56,9,9000,2,13,4,1,4
201631A045716,1,9,0,1,9,6,0,0,0,0,2,1,6,2,27,6,1968,2,9,5,1,5
201631A046016,1,9,0,16,0,0,0,0,0,0,1,1,6,1,29,6,998,1,13,10,1,10
201631A046016,2,9,0,17,0,0,0,0,1,0,1,1,6,1,78,11,1397,1,13,1,1,1
201631A046316,1,9,0,18,0,1,0,0,0,0,1,1,6,1,25,5,1587,1,10,3,2,3
201631A046316,2,9,0,8,0,1,0,0,0,0,2,1,6,1,31,6,1956,2,7,-1,3,-1
201631A047516,1,19,0,7,0,6,0,0,0,0,4,1,6,1,-1,-1,1248,2,1,-1,-1,-1
201631A047916,1,9,0,6,0,0,0,0,0,0,3,1,2,1,55,8,1995,1,5,6,1,6
201631A047916,2,9,0,13,0,0,0,0,0,0,1,1,2,1,35,6,1794,1,13,4,1,4
201631A048316,1,9,0,18,0,0,0,10,1,1,1,1,6,1,22,5,1242,1,9,2,1,2
201631A049416,1,9,0,5,9,6,0,0,0,0,4,1,1,1,26,6,2198,1,13,7,1,7
201631A049416,2,1,0,18,5,1,1,0,0,0,1,1,1,1,65,9,-1,-1,-1,1,1,1
201631A049516,1,9,0,7,0,8,0,0,0,0,1,1,6,3,-1,-1,-1,-1,-1,-1,-1,-1
201631A049516,2,1,0,18,0,4,0,0,0,0,3,1,1,1,26,6,-1,-1,-1,5,1,5
201631A050316,1,9,0,13,0,0,0,0,0,0,4,1,6,1,19,4,1124,1,13,4,1,4
201631A050316,2,1,0,18,0,0,0,0,0,0,3,1,1,1,38,7,-1,-1,-1,8,1,8
201631A052416,1,9,0,18,0,1,0,0,0,0,1,1,1,1,24,5,1850,1,16,5,2,5
201631A052416,2,9,0,4,0,4,0,0,0,0,2,1,6,2,49,8,1586,1,9,3,3,3
201631A052916,1,9,0,18,0,0,0,0,0,0,1,1,1,1,48,8,-1,-1,-1,1,1,1
201631A052916,2,9,0,2,0,0,0,0,0,0,2,1,6,3,-1,-1,1229,1,10,-1,-1,-1
201631A053016,1,9,0,17,0,0,1,0,1,11,1,1,6,1,19,4,1149,1,14,7,1,7
201631A053216,1,9,0,3,0,1,0,0,0,0,2,1,6,1,42,7,1560,2,3,10,1,10
201631A053216,2,9,0,3,0,1,0,0,0,0,2,1,6,1,34,6,1997,2,13,-1,-1,-1
201631A053216,3,9,0,3,0,1,0,0,0,0,2,1,6,1,32,6,1781,1,15,2,1,2
201631A053216,4,19,0,4,0,1,0,0,0,0,1,1,1,1,49,8,-1,-1,-1,-1,-1,-1
201631A054316,1,9,0,6,0,2,0,0,0,0,4,1,2,1,24,5,1997,2,14,3,1,3
201631A054316,2,3,0,15,0,2,1,0,0,0,1,1,6,1,24,5,125,1,7,-1,-1,-1
201631A054716,1,9,0,9,0,6,0,0,0,0,1,1,6,1,30,6,1229,1,4,2,1,2
201631A054716,2,9,0,18,0,8,0,0,0,0,4,1,6,2,30,6,1956,2,4,2,1,2
201631A054916,1,19,0,13,0,8,0,10,1,0,1,1,6,1,35,6,2198,2,1,6,1,6
201631A054916,2,9,0,9,0,5,0,10,1,0,3,1,6,2,51,8,1995,2,3,2,1,2
201631A055316,1,21,1,18,0,8,0,0,0,0,1,1,1,1,53,8,11946,2,15,5,3,5
201631A055316,2,19,0,18,0,8,0,0,0,0,3,1,6,1,60,9,1686,2,14,3,3,3