Accident_Index,Vehicle_Reference,Vehicle_Type,Towing_and_Articulation,Vehicle_Manoeuvre,Vehicle_Location-Restricted_Lane,Junction_Location,Skidding_and_Overturning,Hit_Object_in_Carriageway,Vehicle_Leaving_Carriageway,Hit_Object_off_Carriageway,1st_Point_of_Impact,Was_Vehicle_Left_Hand_Drive?,Journey_Purpose_of_Driver,Sex_of_Driver,Age_of_Driver,Age_Band_of_Driver,Engine_Capacity_(CC),Propulsion_Code,Age_of_Vehicle,Driver_IMD_Decile,Driver_Home_Area_Type,Vehicle_IMD_Decile
201631A055616,1,5,0,14,0,1,0,0,0,0,1,1,1,1,31,6,749,1,12,5,1,5
201631A055616,2,9,0,10,0,1,0,0,0,0,2,1,6,1,53,8,2184,2,11,5,1,5
201631A056016,1,9,0,18,0,1,0,0,0,0,1,1,2,1,25,5,1560,2,1,3,1,3
201631A056016,2,9,0,4,0,1,0,0,0,0,2,1,6,1,64,9,1997,2,6,4,1,4
201631A056016,3,9,0,3,0,1,0,0,0,0,2,1,6,1,18,4,1200,1,1,2,2,2
201631A056316,1,9,0,18,0,0,0,0,0,0,1,1,2,1,22,5,1390,1,5,7,1,7
201631A056316,2,9,0,3,0,0,0,0,0,0,2,1,2,1,55,8,1956,2,4,7,3,7
201631A056316,3,19,0,3,0,0,0,0,0,0,2,1,6,1,54,8,1753,2,6,8,3,8
201631A056316,4,9,0,3,0,0,0,0,0,0,2,1,2,1,18,4,1527,2,15,3,1,3
201631A057916,1,9,0,3,0,0,0,0,0,0,2,1,6,2,47,8,1248,1,7,5,3,5
201631A057916,2,9,0,4,0,0,0,0,0,0,1,1,6,2,27,6,1956,2,4,6,2,6
201631A059116,1,9,0,16,0,0,0,0,0,0,1,1,6,1,-1,-1,-1,-1,-1,1,2,1
201631A059116,2,9,0,17,0,0,0,0,0,0,3,1,2,1,47,8,1560,2,3,1,2,1
201631A059216,1,9,0,7,0,4,0,0,0,0,1,1,6,1,-1,-1,1399,2,12,5,1,5
201631A059216,2,9,0,18,0,8,0,0,0,0,4,1,6,2,28,6,1596,1,10,5,1,5
201631A059516,1,9,0,18,0,0,0,0,0,0,3,1,3,2,36,7,1598,1,8,3,1,3
201631A059816,1,3,0,18,0,0,0,0,0,0,3,1,4,1,48,8,124,1,1,1,1,1
201631A060116,1,9,0,18,0,0,2,10,1,0,4,1,6,1,43,7,1997,2,12,7,3,7
201631A060616,1,11,0,5,0,1,0,0,0,0,0,1,1,2,35,6,4250,2,4,2,1,2
201631A060916,1,9,0,6,0,8,0,0,0,0,3,1,6,1,26,6,1598,1,12,-1,-1,-1
201631A060916,2,9,0,18,0,1,0,0,0,0,1,1,6,2,18,4,998,1,11,5,1,5
201631A061016,1,9,0,6,0,8,0,0,0,0,3,1,1,2,20,4,1198,1,5,5,1,5
201631A061016,2,9,0,13,0,8,1,0,7,0,1,1,6,1,31,6,2000,2,12,6,2,6
201631A061616,1,9,0,3,0,1,0,0,0,0,2,1,6,1,29,6,1560,2,7,3,1,3
201631A061616,2,9,0,18,0,1,0,0,0,0,1,1,6,1,47,8,1299,1,13,7,1,7
201631A063316,1,11,0,2,0,0,0,0,0,0,0,1,1,1,53,8,9000,2,13,6,1,6
201631A063616,1,9,0,18,0,1,0,0,0,0,3,1,6,1,35,6,1798,1,15,2,1,2
201631A063716,1,9,0,18,0,0,0,0,0,0,1,1,6,1,22,5,1299,1,13,4,3,4
201631A063716,2,9,0,4,0,0,0,0,0,0,2,1,6,1,53,8,1598,1,9,6,1,6
201631A064516,1,9,0,18,0,0,0,0,0,0,1,1,2,1,22,5,1968,2,12,8,1,8
201631A064516,2,9,0,18,0,0,0,0,0,0,1,1,2,1,40,7,1984,1,11,8,1,8
201631A066516,1,9,0,13,0,0,0,0,0,0,1,1,2,1,54,8,1596,1,8,-1,-1,-1
201631A066516,2,9,0,18,0,0,0,0,0,0,1,1,2,1,28,6,1781,1,16,3,3,3
201631A066616,1,9,0,9,0,6,0,0,0,0,1,1,6,1,17,4,1248,2,10,4,2,4
201631A066916,1,21,0,18,0,1,0,0,0,0,1,1,1,1,29,6,12740,2,4,-1,-1,-1
201631A066916,2,9,0,3,0,1,0,0,0,0,2,1,6,1,-1,-1,2198,1,15,2,1,2
201631A066916,3,19,0,3,0,1,0,0,0,0,2,1,1,1,-1,-1,2198,2,4,1,1,1
201631A066916,4,8,0,10,0,5,0,0,0,0,2,1,6,1,48,8,1242,1,8,4,1,4
201631A069916,1,9,0,18,0,8,0,0,0,0,1,1,6,1,42,7,1997,1,12,3,2,3
201631A070516,1,11,0,2,0,0,0,0,0,0,0,1,1,1,29,6,4250,2,4,4,1,4
201631A072816,1,9,0,18,0,0,0,10,1,2,1,1,6,2,25,5,1598,1,4,4,1,4
201631A073416,1,9,0,4,0,0,0,0,0,0,2,1,6,2,42,7,1686,2,3,2,1,2
201631A073416,2,9,0,18,0,0,0,0,0,0,1,1,6,2,45,7,1364,1,9,4,2,4
201631A073516,1,11,0,2,0,0,0,0,0,0,0,1,1,1,50,8,4461,2,3,5,1,5
201631A073616,1,9,0,4,0,1,1,0,0,0,1,1,6,2,20,4,1399,2,6,4,1,4
201631A073616,2,9,0,3,0,1,0,0,0,0,2,1,6,1,21,5,1360,1,15,2,1,2
201631A074516,1,9,0,9,0,5,1,0,1,1,1,1,6,1,22,5,1299,1,14,2,1,2
201631A074616,1,2,0,18,0,8,0,0,0,0,1,1,6,1,22,5,49,1,1,2,1,2
201631A074616,2,9,0,7,0,6,0,0,0,0,3,1,6,1,32,6,1461,2,6,3,2,3
201631A074716,1,9,0,4,0,1,1,0,0,0,1,1,6,1,19,4,1149,1,9,3,1,3
201631A074716,2,9,0,10,0,1,0,0,0,0,2,1,6,1,20,4,1197,1,3,4,1,4
201631A074716,3,9,0,10,0,1,0,0,0,0,2,1,6,2,39,7,2993,2,5,8,1,8
201631A076816,1,22,0,18,9,0,0,0,0,0,1,1,6,2,68,10,-1,-1,-1,2,2,2
201631A077016,1,9,0,9,0,8,0,0,0,0,3,1,6,2,77,11,1242,1,7,7,1,7
201631A077016,2,9,0,18,0,1,0,0,0,0,1,1,6,2,19,4,1598,1,6,-1,-1,-1
201631A078616,1,8,0,10,0,5,0,0,0,0,1,1,6,1,-1,-1,1560,2,2,2,1,2
201631A078616,2,9,0,18,0,8,1,0,1,0,3,1,6,1,38,7,1984,1,14,8,1,8
201631A079016,1,9,0,9,0,6,0,0,0,0,1,1,6,3,-1,-1,-1,-1,-1,-1,-1,-1
201631A079016,2,9,0,18,0,8,0,0,0,0,4,1,6,2,31,6,1598,2,5,7,1,7
201631A079316,1,9,0,18,0,0,5,7,0,0,1,1,6,2,58,9,1388,1,5,6,1,6
201631A079516,1,9,0,18,0,8,0,0,0,0,1,2,2,1,36,7,-1,-1,-1,6,2,6
201631A079516,2,9,0,9,0,6,0,0,0,0,3,1,2,1,27,6,1149,1,15,9,1,9
201631A080416,1,19,0,5,0,0,0,0,0,0,4,1,1,1,45,7,1560,2,4,7,1,7
201631A080716,1,9,0,18,0,1,0,0,0,0,1,1,6,1,33,6,1598,1,11,-1,-1,-1
201631A080716,2,9,0,3,0,1,0,0,0,0,2,1,6,1,68,10,1586,1,4,2,2,2
201631A080916,1,9,0,18,0,8,5,7,0,0,4,1,6,2,44,7,998,1,7,1,1,1
201631A080916,2,9,0,9,0,4,1,0,0,0,1,1,6,1,35,6,1796,1,10,2,1,2
201631A081316,1,3,0,18,0,0,1,0,0,0,1,1,2,1,26,6,79,1,26,1,1,1
201631A081716,1,9,0,9,0,5,0,0,0,0,4,1,6,2,18,4,998,1,11,4,2,4
201631A081716,2,9,0,18,0,8,0,0,0,0,1,1,6,2,21,5,998,1,13,2,1,2
201631A082116,1,9,0,18,0,0,0,0,0,0,4,1,1,2,54,8,1834,1,15,4,1,4
201631A082116,2,9,0,18,0,0,0,0,0,0,1,1,6,2,27,6,1242,1,4,5,1,5
201631A082416,1,1,0,18,0,0,0,0,0,0,1,1,6,1,15,3,-1,-1,-1,-1,-1,-1
201631A082416,2,19,0,14,0,0,0,0,0,0,4,1,1,1,29,6,1560,2,1,2,1,2
201631A082516,1,9,0,18,0,1,0,0,0,0,1,1,6,1,78,11,1398,1,11,9,1,9
201631A082516,2,9,0,4,0,1,0,0,0,0,2,1,1,2,34,6,2143,2,3,1,1,1
201631A082616,1,19,0,3,0,1,0,0,0,0,3,1,6,1,49,8,1870,2,12,2,1,2
201631A082616,2,9,0,18,0,1,0,0,0,0,4,1,6,1,79,11,2902,2,12,2,1,2
201631A083016,1,3,0,4,0,2,1,0,0,0,1,1,2,1,28,6,124,1,2,4,1,4
201631A083016,2,9,0,3,0,2,0,0,0,0,2,1,2,2,22,5,1995,2,1,9,1,9
201631A083216,1,21,0,18,0,1,0,0,1,0,4,1,6,1,-1,-1,-1,-1,-1,-1,-1,-1
201631A084016,1,19,0,14,0,0,0,0,0,0,1,1,6,1,46,8,1910,2,13,5,1,5
201631A084016,2,9,0,18,0,0,0,0,0,0,1,1,6,2,48,8,1299,1,10,5,1,5
201631A084616,1,9,0,16,0,0,2,0,7,4,1,1,6,1,-1,-1,1984,1,9,4,3,4
201631A084916,1,19,0,18,0,8,0,0,0,0,3,1,1,1,28,6,2198,2,5,4,1,4
201631A084916,2,9,0,18,0,8,0,0,0,0,1,1,1,1,47,8,1124,1,13,9,1,9
201631A085116,1,9,0,3,0,0,0,0,0,0,0,1,6,1,29,6,1896,2,14,5,2,5
201631A085116,2,9,0,3,0,0,0,0,0,0,2,1,6,1,53,8,2179,2,1,4,1,4
201631A085116,3,9,0,18,0,0,0,0,0,0,1,1,6,2,28,6,1781,1,13,8,1,8
201631A085316,1,9,0,7,0,5,0,0,0,0,4,1,6,2,-1,-1,1596,1,5,7,1,7
201631A085316,2,1,0,18,0,8,0,0,0,0,3,1,6,1,15,3,-1,-1,-1,7,2,7
201631A085516,1,9,0,9,0,5,0,0,0,0,1,1,6,1,84,11,1242,1,1,2,2,2
201631A085516,2,1,0,18,0,8,0,0,0,0,3,1,6,1,12,3,-1,-1,-1,-1,-1,-1
201631A087416,1,9,0,14,0,1,0,0,0,0,3,1,6,1,34,6,1199,1,12,1,1,1
201631A087416,2,5,0,13,0,1,0,0,0,0,4,1,6,1,29,6,1450,1,11,-1,-1,-1
201631A087416,3,9,0,10,0,8,0,0,0,0,0,1,6,2,-1,-1,1598,2,3,-1,-1,-1
201631A087816,1,19,0,18,0,0,0,0,0,0,1,1,1,1,20,4,2402,2,4,-1,-1,-1
201631A087816,2,9,0,3,0,0,0,0,0,0,2,1,1,1,44,7,1968,2,4,3,1,3
201631A087816,3,9,0,3,0,0,0,0,0,0,2,1,1,1,43,7,1598,1,11,-1,-1,-1
201631A088516,1,9,0,18,0,1,0,0,0,0,1,1,6,2,21,5,1582,2,1,2,2,2
201631A088516,2,9,0,3,0,1,0,0,0,0,2,1,2,1,33,6,1686,2,4,2,2,2
201631A089016,1,19,0,18,0,8,2,0,1,11,1,1,6,1,30,6,1753,2,10,10,1,10
201631A090516,1,90,0,18,0,8,0,0,0,0,1,1,1,1,44,7,8300,2,13,2,2,2
201631A090516,2,9,0,9,0,6,0,0,0,0,3,1,6,1,20,4,1198,1,6,6,1,6
201631A090616,1,9,0,1,0,6,0,0,0,0,2,1,6,2,-1,-1,1586,1,2,3,1,3
201631A091316,1,9,0,18,0,1,0,0,0,0,3,1,2,2,45,7,1998,1,10,4,1,4
201631A093216,1,9,0,18,0,0,5,7,0,0,1,1,1,1,27,6,1596,1,5,2,1,2
201631A093816,1,9,0,18,0,0,0,0,0,0,0,1,6,1,-1,-1,998,1,12,7,1,7
201631A093816,2,11,0,4,0,0,0,0,0,0,0,1,1,1,49,8,4250,2,4,6,1,6
201631A094016,1,11,0,2,0,0,0,0,0,0,0,1,1,1,37,7,4250,2,4,5,1,5
201631A096916,1,11,0,9,0,6,0,0,0,0,0,1,1,1,49,8,4250,2,4,4,1,4
201631A097016,1,9,0,6,0,0,0,0,0,0,1,1,6,2,20,4,1124,1,13,4,3,4
201631A097016,2,2,0,18,0,0,0,0,0,0,3,1,6,1,17,4,102,1,-1,5,1,5
201631A098016,1,9,0,5,0,0,0,0,0,0,1,1,1,1,49,8,1997,2,8,5,1,5
201631A099116,1,9,0,18,0,8,0,0,0,0,1,1,6,1,25,5,2698,2,10,4,1,4
201631A099116,2,9,0,9,0,5,0,0,0,0,4,1,6,2,19,4,1229,1,9,4,1,4
201631A099116,3,9,0,10,0,1,0,0,0,0,1,1,2,1,52,8,2997,1,17,2,1,2
201631A099616,1,9,0,9,0,8,1,10,1,0,3,1,6,2,25,5,1586,1,8,3,1,3
201631A099716,1,1,0,18,0,0,0,0,0,0,0,1,6,3,-1,-1,-1,-1,-1,-1,-1,-1
201631A099716,2,4,0,18,0,0,0,0,0,0,3,1,2,1,39,7,249,1,23,2,1,2
201631A099816,1,9,0,9,0,5,0,0,0,0,1,1,6,2,26,6,1149,1,11,9,1,9
201631A099816,2,4,0,18,0,8,0,0,0,0,1,1,6,1,18,4,124,1,3,6,1,6
201631A100616,1,9,0,18,0,2,0,0,0,0,4,1,6,3,-1,-1,-1,-1,-1,-1,-1,-1
201631A100716,1,9,0,18,0,0,0,0,0,0,1,1,6,1,51,8,2198,2,11,7,1,7
201631A100716,2,9,0,18,0,0,0,0,0,0,2,1,6,2,31,6,1968,2,9,4,1,4
201631A100816,1,9,0,4,0,0,0,0,0,0,1,1,1,2,26,6,1598,2,-1,5,1,5
201631A100816,2,9,0,4,0,0,0,0,0,0,2,1,1,1,48,8,1997,2,-1,3,1,3
201631A101216,1,9,0,6,0,0,0,0,0,0,3,1,1,1,23,5,2494,2,12,-1,-1,-1
201631A101216,2,5,0,13,0,0,0,0,0,0,1,1,2,1,33,6,749,1,1,3,1,3
201631A101416,1,9,0,18,0,1,0,0,0,0,0,1,6,3,-1,-1,-1,-1,-1,-1,-1,-1
201631A101516,1,9,0,18,0,1,0,0,0,0,1,1,6,2,18,4,-1,-1,-1,4,1,4
201631A101516,2,9,0,4,0,1,0,0,0,0,2,1,6,2,65,9,998,1,5,9,1,9
201631A101616,1,3,0,4,0,0,0,0,0,0,3,1,6,2,18,4,125,1,12,1,1,1
201631A102216,1,1,0,18,0,1,0,0,0,0,1,1,6,1,16,4,-1,-1,-1,-1,-1,-1
201631A102216,2,9,0,9,0,6,0,0,0,0,1,1,6,2,30,6,1769,1,14,1,1,1
201631A103316,1,9,0,16,0,0,0,0,0,0,1,1,6,3,-1,-1,-1,-1,-1,-1,-1,-1
201631A103616,1,8,0,4,0,1,0,0,0,0,2,1,1,1,29,6,1497,8,11,2,1,2
201631A103616,2,9,0,18,0,1,0,0,0,0,1,1,6,1,45,7,1749,1,14,3,1,3
201631A103616,3,9,0,18,0,1,0,0,0,0,1,1,1,2,28,6,1200,1,3,7,1,7
201631A103916,1,9,0,18,0,8,0,0,0,0,1,1,6,1,-1,-1,-1,-1,-1,-1,-1,-1
201631A103916,2,9,0,7,0,4,0,0,0,0,3,1,6,2,20,4,1598,1,6,-1,-1,-1
201631A105016,1,9,0,7,0,6,1,0,0,0,3,1,6,2,19,4,1997,2,15,10,2,10
201631A105016,2,9,0,4,0,1,0,0,0,0,3,1,6,1,43,7,1994,1,14,5,1,5
201631A105516,1,1,0,18,0,0,0,0,0,0,1,1,3,3,-1,-1,-1,-1,-1,-1,-1,-1
201631A105516,2,9,0,18,0,0,0,0,0,0,3,1,6,3,-1,-1,-1,-1,-1,-1,-1,-1
201631A106116,1,9,0,3,0,1,0,0,0,0,2,1,6,2,49,8,1560,2,1,4,1,4
201631A106116,2,19,0,3,0,1,0,0,0,0,2,1,6,1,63,9,1870,2,13,5,1,5
201631A106116,3,9,0,18,0,1,0,0,0,0,1,1,1,2,43,7,1910,2,11,2,1,2
201631A106216,1,5,0,13,0,1,0,0,0,0,1,1,6,1,30,6,645,1,11,9,1,9
201631A106216,2,9,0,9,0,5,0,0,0,0,3,1,6,1,31,6,1910,2,10,4,1,4
201631A106816,1,9,0,10,0,0,0,0,0,0,2,1,6,1,28,6,2261,1,13,9,1,9
201631A106816,2,3,0,18,0,0,0,0,0,0,1,1,6,1,-1,-1,-1,-1,-1,-1,-1,-1
201631A107416,1,9,0,9,0,8,0,0,0,0,1,1,6,2,18,4,1299,1,14,5,1,5
201631A107416,2,9,0,18,0,8,0,0,0,0,3,1,6,1,41,7,998,1,2,6,1,6
201631A108616,1,9,0,16,0,1,0,0,0,0,3,1,6,1,-1,-1,1598,2,4,6,1,6
201631A108816,1,9,0,9,0,6,0,0,0,0,1,1,6,1,76,11,1796,1,12,3,1,3
201631A108816,2,5,0,18,0,8,0,0,0,0,4,1,6,1,59,9,1200,1,10,7,1,7
201631A108916,1,9,0,18,0,1,0,0,0,0,1,1,2,1,35,6,1598,2,5,2,1,2
201631A108916,2,9,0,10,0,8,0,0,0,0,2,1,1,1,27,6,-1,-1,-1,5,1,5
201631A110016,1,9,0,4,0,0,0,0,0,0,1,1,6,2,-1,-1,-1,-1,-1,-1,-1,-1
201631A110016,2,9,0,4,0,0,0,0,0,0,2,1,6,1,67,10,1390,1,16,2,1,2
201631A111516,1,9,0,4,0,0,0,0,0,0,2,1,6,1,28,6,973,1,14,2,1,2
201631A111516,2,9,0,18,0,0,0,0,0,0,1,1,6,2,63,9,1497,1,14,6,2,6
201631A111716,1,11,0,7,0,5,0,0,0,0,3,1,1,3,-1,-1,12000,2,6,-1,-1,-1
201631A111716,2,9,0,18,0,8,0,0,0,0,4,1,6,2,53,8,998,1,6,2,1,2
201631A112216,1,9,0,9,0,6,0,0,0,0,1,1,6,1,-1,-1,1399,2,12,-1,-1,-1
201631A112216,2,9,0,18,0,8,0,0,0,0,3,1,6,1,30,6,1753,2,9,-1,-1,-1
201631A112316,1,3,0,7,0,5,1,11,0,0,1,1,2,2,54,8,125,1,33,4,1,4
201631A115916,1,9,0,5,0,1,0,0,0,0,1,1,2,2,35,6,998,1,-1,3,1,3
201631A115916,2,9,0,3,0,1,0,0,0,0,0,1,6,3,-1,-1,-1,-1,-1,-1,-1,-1
201631A117316,1,9,0,18,0,8,0,0,0,0,1,1,3,2,37,7,1598,1,6,5,1,5
201631A117316,2,9,0,9,0,6,0,0,0,0,4,1,3,2,27,6,1405,1,12,3,2,3
201631A117916,1,9,0,1,0,0,0,0,0,0,2,1,6,1,-1,-1,-1,-1,-1,-1,-1,-1
201631A119716,1,9,0,9,0,6,0,0,0,0,1,1,6,1,-1,-1,1560,2,6,3,1,3
201631A119716,2,3,0,7,0,1,1,0,0,0,1,1,6,1,17,4,125,1,-1,2,1,2
201631A120016,1,9,0,7,0,6,0,0,0,0,1,1,2,2,17,4,1242,1,3,7,1,7
201631A120016,2,19,0,18,0,8,0,0,1,0,1,1,2,1,39,7,2198,2,8,6,2,6
201631A120516,1,9,0,1,0,1,0,0,0,0,2,1,1,1,33,6,1560,2,2,4,1,4
201631A121316,1,9,0,18,0,1,0,0,0,0,1,1,6,1,-1,-1,1242,1,12,-1,-1,-1
201631A121316,2,9,0,2,0,1,0,0,0,0,2,1,3,2,61,9,1389,1,15,2,1,2
201631A121416,1,11,0,4,0,0,0,0,0,0,0,1,1,1,24,5,4461,2,3,9,1,9
201631A123216,1,9,0,4,0,0,0,0,0,0,1,1,6,1,25,5,1397,1,8,2,1,2
201631A123216,2,9,0,4,0,0,0,0,0,0,2,1,6,1,46,8,1596,1,14,7,1,7
201631A123216,3,9,0,3,0,0,0,0,0,0,2,1,6,2,58,9,1995,2,8,5,1,5
201631A123316,1,9,0,13,0,0,0,7,0,0,1,1,2,2,60,9,1497,8,-1,9,1,9
201631A123316,2,1,0,18,0,0,0,0,0,0,0,1,2,1,30,6,-1,-1,-1,7,1,7
201631A123416,1,8,0,4,0,0,1,0,0,0,2,1,1,1,32,6,1997,2,1,2,1,2
201631A123416,2,9,0,18,0,0,1,0,0,0,1,1,6,1,23,5,1582,2,5,2,1,2
201631A123616,1,9,0,17,0,0,1,0,1,11,1,1,6,1,27,6,1396,1,13,3,1,3
201631A123616,2,9,0,18,0,0,1,0,0,0,1,1,6,2,34,6,2179,2,7,5,1,5
201631A124416,1,1,0,13,0,0,0,4,0,0,1,1,6,1,21,5,-1,-1,-1,3,1,3
201631A124416,2,9,0,18,0,0,0,0,0,0,0,1,6,3,-1,-1,-1,-1,-1,-1,-1,-1
201631A124416,3,9,0,2,0,0,0,0,0,0,2,1,6,3,-1,-1,1998,1,7,-1,-1,-1
201631A124516,1,9,0,9,0,1,0,0,0,0,1,1,6,3,-1,-1,2457,1,10,-1,-1,-1
201631A124516,2,9,0,9,0,5,0,0,0,0,2,1,2,2,52,8,998,1,4,1,1,1
201631A125116,1,11,0,5,0,1,0,0,0,0,1,1,1,1,41,7,4250,2,7,2,1,2
201631A125116,2,9,0,5,0,1,0,0,0,0,2,1,6,1,48,8,1229,1,11,7,1,7
201631A128116,1,9,0,9,0,6,0,0,0,0,3,1,2,1,48,8,1984,2,3,9,1,9
201631A128116,2,9,0,18,0,8,0,0,0,0,1,1,2,2,23,5,1149,1,12,6,3,6
201631A128516,1,9,0,14,0,1,0,0,0,0,3,1,1,1,35,6,1560,2,2,-1,-1,-1
201631A128516,2,9,0,9,0,5,0,0,0,0,3,1,6,2,51,8,1397,1,7,-1,-1,-1
201631A128816,1,9,0,9,0,5,0,0,0,0,1,1,6,1,32,6,1956,2,3,1,1,1
201631A128816,2,9,0,18,0,4,0,0,0,0,1,1,6,2,45,7,1896,2,11,6,1,6
201631A129816,1,3,0,18,0,4,1,9,3,1,1,1,6,1,38,7,124,1,19,7,1,7
201631A131016,1,9,0,16,0,2,0,0,0,0,1,1,6,1,31,6,1198,1,5,-1,-1,-1
201631A131016,2,11,0,17,0,1,0,0,0,0,1,1,1,1,64,9,4250,2,4,2,1,2
201631A131416,1,9,0,18,0,8,1,0,0,0,1,1,6,2,31,6,1229,1,2,6,1,6
201631A131416,2,9,0,18,0,8,1,0,0,0,1,1,6,1,21,5,1596,1,4,-1,-1,-1
201631A131516,1,9,0,18,0,2,0,0,0,0,1,1,1,1,45,7,1968,2,2,4,1,4
201631A132116,1,9,0,7,0,5,0,0,0,0,4,1,6,1,30,6,-1,-1,-1,4,1,4
201631A132116,2,9,0,18,0,8,0,0,0,0,1,1,6,2,24,5,1242,1,1,3,1,3
201631A132616,1,5,0,18,0,0,0,10,0,0,3,1,6,1,39,7,-1,-1,-1,3,1,3
201631A132616,2,9,0,18,0,0,0,0,0,0,3,1,6,2,42,7,2982,2,5,2,1,2
201631A134416,1,9,0,13,0,1,2,0,7,0,1,1,6,1,17,4,1296,1,10,9,1,9
201631A134416,2,9,0,9,0,5,0,0,0,0,3,1,6,2,19,4,1598,2,4,4,2,4
201631A134716,1,9,0,18,0,0,0,0,0,0,1,1,6,1,29,6,2993,2,8,-1,-1,-1
201631A134716,2,9,0,18,0,0,0,0,0,0,2,1,6,1,73,10,1596,1,4,4,1,4
201631A134716,3,9,0,18,0,0,0,0,0,0,2,1,6,1,27,6,1998,2,9,-1,-1,-1
201631A134816,1,9,0,9,0,5,0,7,7,0,4,1,6,2,67,10,1587,1,12,7,1,7
201631A134816,2,19,0,5,0,8,0,0,0,0,1,1,1,1,29,6,2198,2,3,9,1,9
201631A136116,1,2,0,18,0,0,0,4,0,0,1,1,6,1,16,4,49,1,10,10,1,10
201631A136116,2,9,0,2,0,0,0,0,0,0,2,1,6,3,-1,-1,1560,2,5,-1,-1,-1
201631A136416,1,1,0,18,0,0,0,10,0,0,1,1,6,1,16,4,-1,-1,-1,4,2,4
201631A137216,1,11,0,18,0,0,0,0,0,0,0,1,1,1,53,8,8268,2,13,2,1,2
201631A137216,2,9,0,12,0,0,0,0,0,0,0,1,6,2,71,10,1560,2,3,3,2,3
201631A137916,1,9,0,3,0,1,0,0,0,0,2,1,6,2,19,4,1242,1,2,6,1,6
201631A137916,2,9,0,18,0,1,0,0,0,0,1,1,6,1,17,4,1199,1,14,4,2,4
201631A137916,3,9,0,3,0,1,0,0,0,0,2,1,6,2,46,8,2993,2,3,7,1,7
201631A139016,1,11,0,18,0,0,0,12,0,0,1,1,1,1,37,7,6871,2,8,4,1,4
201631A139316,1,19,0,18,0,0,0,0,0,0,1,1,6,1,-1,-1,1870,2,10,4,1,4
201631A139316,2,9,0,3,0,0,0,0,0,0,2,1,6,2,28,6,1198,1,10,5,1,5
201631A139416,1,9,0,9,0,6,0,0,0,0,1,1,6,1,-1,-1,1596,1,14,-1,-1,-1
201631A139416,2,9,0,18,0,8,0,0,0,0,3,1,6,2,-1,-1,1086,1,11,6,1,6
201631A139616,1,1,0,14,0,2,0,4,0,0,1,1,6,1,15,3,-1,-1,-1,3,2,3
201631A139616,2,9,0,2,0,1,0,0,0,0,1,1,6,3,-1,-1,1839,1,12,-1,-1,-1
201631A139716,1,9,0,13,0,1,0,0,0,0,0,1,6,1,53,8,1910,2,12,3,2,3
201631A139716,2,9,0,18,0,1,0,0,0,0,0,1,1,1,25,5,1560,2,5,3,2,3
201631A140216,1,9,0,18,0,1,0,0,0,0,1,1,2,1,24,5,1596,1,15,1,1,1
201631A140216,2,9,0,3,0,1,0,0,0,0,2,1,2,2,21,5,1229,1,7,9,1,9
201631A142016,1,9,0,18,0,1,0,0,0,0,1,1,6,1,37,7,1986,2,9,1,1,1
201631A142016,2,9,0,4,0,1,0,0,0,0,2,1,1,1,32,6,1969,2,-1,7,1,7
201631A142216,1,9,0,18,0,1,0,0,0,0,1,1,6,1,-1,-1,1800,1,17,6,1,6
201631A142216,2,9,0,3,0,1,0,0,0,0,2,1,6,2,34,6,1598,1,11,4,1,4
201631A142516,1,19,0,2,0,0,0,0,0,0,3,1,6,1,-1,-1,-1,-1,-1,-1,-1,-1
201631A142516,2,1,0,14,0,0,0,4,0,0,1,1,2,1,48,8,-1,-1,-1,3,1,3
201631A142816,1,9,0,18,0,0,0,0,0,0,1,1,6,1,41,7,1896,2,8,7,1,7
201631A142816,2,19,0,18,0,0,0,0,0,0,2,1,1,1,24,5,2461,2,14,2,1,2
201631A142816,3,9,0,18,0,0,0,0,0,0,2,1,6,2,26,6,1560,2,3,2,1,2
201631A142816,4,9,0,18,0,0,0,0,0,0,2,1,6,1,52,8,1798,1,15,-1,1,-1
201631A142816,5,9,0,18,0,0,0,0,0,0,2,1,6,2,38,7,1995,2,3,4,1,4
201631A143016,1,19,0,4,0,1,0,0,0,0,1,1,1,1,26,6,-1,-1,-1,2,1,2
201631A143016,2,1,0,18,9,1,0,0,0,0,3,1,6,1,-1,-1,-1,-1,-1,2,1,2
201631A144416,1,3,0,18,0,8,0,0,0,0,1,1,2,2,33,6,125,1,2,3,2,3
201631A144416,2,9,0,9,0,6,0,0,0,0,3,1,6,2,25,5,1149,1,2,2,1,2
201631A144416,3,9,0,10,0,1,0,0,0,0,1,1,6,1,57,9,1598,2,9,4,1,4
201631A146316,1,9,0,5,0,1,0,0,0,0,1,1,1,1,35,6,1596,1,4,1,1,1
201631A146316,2,9,0,5,0,1,0,0,0,0,2,1,6,1,62,9,1587,1,10,3,1,3
201631A146516,1,1,0,13,0,8,0,0,0,0,1,1,2,1,21,5,-1,-1,-1,-1,-1,-1
201631A146516,2,9,0,9,0,5,0,0,0,0,3,1,2,2,53,8,1108,1,11,9,1,9
201631A147516,1,9,0,8,0,1,0,0,0,0,2,1,6,1,38,7,1586,1,9,10,1,10
201631A147516,2,9,0,5,0,1,0,0,0,0,1,1,6,2,34,6,999,1,1,6,1,6