Accident_Index,Vehicle_Reference,Vehicle_Type,Towing_and_Articulation,Vehicle_Manoeuvre,Vehicle_Location-Restricted_Lane,Junction_Location,Skidding_and_Overturning,Hit_Object_in_Carriageway,Vehicle_Leaving_Carriageway,Hit_Object_off_Carriageway,1st_Point_of_Impact,Was_Vehicle_Left_Hand_Drive?,Journey_Purpose_of_Driver,Sex_of_Driver,Age_of_Driver,Age_Band_of_Driver,Engine_Capacity_(CC),Propulsion_Code,Age_of_Vehicle,Driver_IMD_Decile,Driver_Home_Area_Type,Vehicle_IMD_Decile
201631B225216,1,9,0,18,0,0,0,0,0,0,1,1,6,1,59,9,1398,1,13,6,2,6
201631B225216,2,9,0,3,0,0,0,0,0,0,2,1,1,1,39,7,2497,1,6,9,2,9
201631B225616,1,9,0,1,0,0,0,0,0,0,2,1,6,3,-1,-1,-1,-1,-1,-1,-1,-1
201631B225816,1,9,0,18,0,0,0,0,0,0,1,1,6,2,35,6,998,1,-1,-1,-1,-1
201631B225816,2,9,0,4,0,0,0,0,0,0,2,1,6,1,27,6,1968,2,3,4,1,4
201631B226416,1,9,0,18,0,8,0,0,0,0,1,1,6,1,27,6,1240,1,11,2,1,2
201631B226416,2,9,0,18,0,8,0,0,0,0,3,1,6,1,63,9,1560,2,3,8,1,8
201631B226416,3,9,4,8,0,1,0,0,0,0,3,1,6,2,52,8,2967,2,1,10,2,10
201631B227916,1,9,0,17,0,0,1,0,1,9,1,1,6,1,19,4,1242,1,3,3,2,3
201631B230216,1,9,0,1,0,1,0,0,0,0,2,1,6,1,-1,-1,-1,-1,-1,-1,-1,-1
201631B230616,1,19,0,16,0,1,2,10,3,9,1,1,6,1,19,4,1248,2,9,6,2,6
201631B230616,2,9,0,13,0,1,0,0,0,0,0,1,6,3,-1,-1,-1,-1,-1,-1,-1,-1
201631B230816,1,9,0,16,0,0,5,0,8,4,1,1,6,1,20,4,1400,1,16,7,1,7
201631B231316,1,9,0,18,0,8,0,0,0,0,1,1,2,1,34,6,1998,1,14,7,2,7
201631B231316,2,9,0,4,0,8,0,0,0,0,2,1,6,1,30,6,1798,1,10,2,3,2
201631B231316,3,19,0,18,0,1,0,0,0,0,3,1,2,1,35,6,2198,2,1,7,1,7
201631B232316,1,19,0,1,0,5,0,0,0,0,4,1,1,1,45,7,2143,2,3,1,1,1
201631B232316,2,9,0,18,0,1,1,0,0,0,1,1,2,1,20,4,1753,2,14,4,3,4
201631B232616,1,9,0,9,0,5,1,0,0,0,1,1,6,1,25,5,-1,-1,-1,1,1,1
201631B232616,2,9,0,18,0,8,0,0,0,0,1,1,6,2,53,8,1995,2,1,8,2,8
201631B233116,1,9,0,9,0,8,0,0,0,0,1,1,6,1,77,11,1360,1,10,7,1,7
201631B233116,2,19,0,18,0,8,0,0,0,0,1,1,1,3,-1,-1,1248,2,8,-1,-1,-1
201631B233416,1,9,0,18,0,1,0,0,0,0,1,1,6,1,-1,-1,-1,-1,-1,-1,-1,-1
201631B233416,2,9,0,3,0,1,0,0,0,0,2,1,2,2,50,8,1388,1,8,8,1,8
201631B233416,3,19,0,10,0,1,0,0,0,0,2,1,1,1,31,6,2179,2,11,3,3,3
201631B235416,1,9,0,16,0,0,1,0,7,4,3,1,6,1,20,4,1360,1,12,2,2,2
201631B235816,1,9,0,18,0,0,0,10,8,4,4,1,6,1,76,11,2496,1,14,1,2,1
201631B238016,1,9,0,18,0,1,0,0,0,0,1,1,6,1,49,8,1995,1,11,7,1,7
201631B238016,2,9,0,10,0,1,0,0,0,0,2,1,6,2,38,7,1360,1,12,2,1,2
201631B238216,1,9,0,18,0,0,0,0,0,0,1,1,6,3,-1,-1,-1,-1,-1,-1,-1,-1
201631B238316,1,21,1,18,0,8,1,1,1,7,1,1,1,1,61,9,-1,2,1,4,2,4
201631B238316,2,21,1,2,0,7,0,0,0,0,2,2,1,1,26,6,-1,-1,-1,-1,-1,-1
201631B239116,1,9,0,1,0,0,0,0,0,0,2,1,6,1,61,9,1951,2,13,2,1,2
201631B239216,1,3,0,17,0,0,1,0,0,0,3,1,6,1,21,5,124,1,4,7,1,7
201631B239316,1,9,0,18,0,8,0,0,0,0,1,1,6,1,27,6,1796,1,12,8,3,8
201631B239316,2,20,0,18,0,8,5,0,1,0,3,1,6,1,47,8,2488,2,1,8,3,8
201631B240016,1,9,0,18,0,0,0,0,0,0,1,1,6,1,49,8,1910,2,8,-1,-1,-1
201631B240016,2,19,0,3,0,0,0,0,0,0,2,1,1,1,48,8,2299,2,-1,6,1,6
201631B240016,3,9,0,3,0,0,0,0,0,0,2,1,6,2,61,9,-1,-1,-1,4,3,4
201631B240616,1,1,0,7,0,5,1,0,0,0,4,1,6,1,47,8,-1,-1,-1,6,3,6
201631B241016,1,19,0,14,0,0,0,0,0,0,1,1,1,1,39,7,1598,2,3,5,1,5
201631B241116,1,9,0,18,0,1,0,0,0,0,1,1,6,2,88,11,1124,1,14,6,3,6
201631B241116,2,1,0,18,0,1,0,0,0,0,1,1,6,1,28,6,-1,-1,-1,4,1,4
201631B241616,1,9,0,18,0,4,0,0,0,0,3,1,6,2,64,9,999,1,2,2,1,2
201631B241616,2,1,0,18,0,8,0,0,0,0,1,1,6,1,35,6,-1,-1,-1,1,1,1
201631B242516,1,9,0,8,0,1,0,0,0,0,2,1,6,2,73,10,1596,1,16,7,1,7
201631B242516,2,9,0,4,0,1,0,0,0,0,1,1,6,1,44,7,1896,2,14,3,1,3
201631B243316,1,19,0,9,0,5,0,0,0,0,4,1,2,1,33,6,1598,2,1,5,3,5
201631B243316,2,9,0,18,0,8,0,0,0,0,1,1,2,1,31,6,1796,1,12,-1,-1,-1
201631B243516,1,9,0,18,0,1,0,0,0,0,1,1,6,1,29,6,1796,1,13,3,1,3
201631B243516,2,9,0,3,0,1,0,0,0,0,2,1,6,1,21,5,999,1,2,7,1,7
201631B244616,1,9,0,9,0,6,0,0,0,0,1,1,6,2,67,10,1240,1,11,4,2,4
201631B244616,2,21,0,18,0,8,1,0,8,0,4,2,1,1,38,7,-1,-1,-1,-1,-1,-1
201631B244616,3,9,0,8,0,1,0,0,0,0,3,1,6,2,63,9,1461,2,2,9,3,9
201631B245216,1,9,0,18,0,0,0,0,0,0,1,1,2,1,47,8,1598,1,1,7,3,7
201631B245216,2,9,0,18,0,0,0,0,0,0,2,1,6,2,33,6,1596,1,6,6,1,6
201631B245216,3,9,0,18,0,0,0,0,0,0,2,1,2,2,52,8,2183,2,5,9,2,9
201631B245616,1,9,0,11,0,0,0,0,7,11,1,1,2,1,25,5,1796,1,16,1,1,1
201631B245616,2,9,0,18,0,0,0,0,0,0,1,1,2,1,28,6,-1,-1,-1,1,1,1
201631B245716,1,9,0,9,0,6,1,0,0,0,1,1,6,1,89,11,1995,2,-1,9,1,9
201631B245716,2,19,0,18,0,8,1,0,0,0,4,1,6,1,34,6,1753,2,13,7,2,7
201631B246716,1,11,0,2,0,0,0,0,0,0,0,1,6,1,25,5,6700,2,8,8,1,8
201631B247816,1,9,0,18,0,1,0,0,0,0,1,1,6,1,43,7,2143,2,2,7,1,7
201631B247816,2,9,0,10,0,1,0,0,0,0,2,1,1,2,45,7,1598,2,4,5,3,5
201631B247816,3,9,0,10,0,1,0,0,0,0,2,1,6,2,23,5,1149,1,6,7,3,7
201631B248416,1,9,0,18,0,0,0,0,0,0,1,1,6,1,40,7,1242,1,9,3,2,3
201631B248416,2,9,0,18,0,0,0,0,0,0,2,1,6,2,20,4,1496,2,-1,9,2,9
201631B249516,1,9,0,18,0,0,0,0,0,0,1,1,6,2,60,9,1998,2,11,5,3,5
201631B249516,2,9,0,18,0,0,0,0,0,0,1,1,6,2,47,8,3189,1,8,8,1,8
201631B250616,1,9,0,18,0,0,0,0,0,0,1,1,6,2,43,7,1991,2,12,1,1,1
201631B250716,1,9,0,18,0,1,0,0,0,0,1,1,6,1,57,9,1798,1,14,3,2,3
201631B250716,2,9,0,8,0,1,0,0,0,0,2,1,6,2,27,6,1587,1,13,-1,-1,-1
201631B251516,1,9,0,18,0,0,0,0,0,0,4,1,6,1,68,10,1798,8,3,1,1,1
201631B251616,1,19,0,9,0,6,0,0,0,0,3,1,6,1,-1,-1,-1,-1,-1,-1,-1,-1
201631B251616,2,1,0,18,0,8,0,0,0,0,1,1,6,1,18,4,-1,-1,-1,9,1,9
201631B252016,1,9,0,18,0,0,1,0,1,0,4,1,6,2,32,6,1590,1,21,3,1,3
201631B252016,2,9,0,18,0,0,2,0,1,0,3,1,6,1,71,10,-1,-1,-1,5,3,5
201631B252116,1,17,4,7,0,5,0,0,0,0,3,1,1,3,-1,-1,-1,2,38,-1,-1,-1
201631B252316,1,21,1,18,0,0,3,10,7,0,1,1,1,1,34,6,11946,2,4,1,1,1
201631B252316,2,19,0,18,0,0,0,0,1,0,1,1,1,1,58,9,2198,2,4,6,1,6
201631B252416,1,9,0,18,0,8,1,0,0,0,1,1,6,1,51,8,1339,1,12,4,1,4
201631B252416,2,9,0,18,0,8,0,0,0,0,1,1,6,1,43,7,1998,1,17,5,3,5
201631B252616,1,9,0,18,0,8,0,6,0,0,1,1,6,1,22,5,1781,1,15,1,1,1
201631B252716,1,9,0,18,0,0,1,0,7,4,4,1,2,1,29,6,1968,2,9,9,1,9
201631B252716,2,9,0,18,0,0,0,0,1,0,1,1,2,2,45,7,1400,1,10,7,3,7
201631B252816,1,2,0,7,0,5,1,0,0,0,4,1,6,2,16,4,49,1,-1,7,3,7
201631B253616,1,9,0,18,0,2,0,0,0,0,1,1,6,2,42,7,998,1,7,2,1,2
201631B253716,1,9,0,16,0,0,2,0,2,9,4,1,2,1,18,4,1242,1,3,7,2,7
201631B255916,1,9,0,16,0,0,2,0,7,11,4,1,6,1,24,5,-1,-1,-1,4,1,4
201631B256216,1,9,0,18,0,0,0,0,0,0,3,1,6,2,78,11,-1,-1,-1,7,3,7
201631B256216,2,9,0,18,0,0,0,0,0,0,3,1,6,2,51,8,1598,1,8,8,3,8
201631B256616,1,9,0,7,0,5,0,0,0,0,1,1,6,2,41,7,1497,8,1,9,1,9
201631B256816,1,9,0,18,0,0,0,0,0,0,1,1,1,1,65,9,2720,2,9,2,1,2
201631B256816,2,9,0,3,0,0,0,0,0,0,2,1,6,2,60,9,1329,1,6,2,1,2
201631B257316,1,9,0,17,0,0,0,0,0,0,1,1,2,1,60,9,1339,1,9,3,1,3
201631B257416,1,1,0,7,0,5,1,0,0,0,4,1,6,1,42,7,-1,-1,-1,1,1,1
201631B257616,1,9,0,18,0,0,0,0,0,0,1,1,6,2,51,8,1397,1,6,2,1,2
201631B257816,1,9,0,18,0,1,0,0,0,0,1,1,6,1,72,10,1398,1,3,4,1,4
201631B257816,2,9,0,8,0,1,0,0,0,0,2,1,6,1,23,5,1198,1,5,5,1,5
201631B258216,1,9,0,9,0,6,0,0,0,0,1,1,1,1,39,7,1796,2,3,7,1,7
201631B258216,2,2,0,14,0,1,1,0,0,0,1,1,2,1,17,4,49,1,2,5,1,5
201631B258416,1,9,0,9,0,5,0,0,0,0,1,1,6,1,35,6,1598,1,11,7,1,7
201631B258416,2,9,0,18,0,8,0,0,0,0,1,1,1,2,48,8,996,1,7,10,2,10
201631B258416,3,9,0,18,0,1,0,10,0,0,3,1,6,2,45,7,2993,2,3,6,3,6
201631B259616,1,20,0,9,0,5,0,0,7,0,3,1,1,1,44,7,4580,2,1,1,1,1
201631B259616,2,1,0,16,0,1,0,0,0,0,3,1,4,1,12,3,-1,-1,-1,4,1,4
201631B259816,1,21,1,18,0,2,0,0,0,0,1,1,1,1,37,7,12809,2,1,7,1,7
201631B259816,2,9,0,4,0,2,0,0,0,0,2,1,6,1,76,11,1997,2,-1,-1,3,-1
201631B261416,1,21,1,18,0,0,0,0,0,0,1,1,1,1,58,9,12902,2,2,7,1,7
201631B261616,1,3,0,18,0,8,0,0,0,0,3,1,1,2,23,5,102,1,13,2,2,2
201631B261616,2,9,0,6,0,6,0,0,0,0,1,1,6,2,77,11,1108,1,9,5,2,5
201631B262816,1,9,0,9,0,5,0,0,0,0,1,1,6,1,19,4,1242,1,14,7,1,7
201631B262816,2,9,0,18,0,8,0,0,0,0,1,1,6,1,58,9,2902,2,10,8,3,8
201631B263016,1,9,0,18,0,1,0,0,0,0,1,1,6,2,18,4,1248,2,9,9,2,9
201631B263016,2,9,0,10,0,1,0,0,0,0,2,1,2,1,26,6,1796,1,13,4,1,4
201631B264116,1,19,0,18,0,0,1,0,1,10,1,1,2,1,59,9,2148,2,7,1,1,1
201631B264116,2,21,1,18,0,0,0,0,0,0,4,1,1,1,60,9,-1,-1,-1,5,2,5
201631B264416,1,9,0,16,0,0,2,0,7,4,2,1,6,2,30,6,1796,1,9,4,1,4
201631B264416,2,9,0,16,0,0,1,0,7,4,3,1,6,1,35,6,1598,1,10,4,1,4
201631B264516,1,19,0,17,0,8,0,0,0,0,1,1,6,3,-1,-1,-1,-1,-1,-1,-1,-1
201631B264516,2,9,0,16,0,8,0,0,0,0,1,1,2,2,35,6,1598,1,8,2,1,2
201631B265716,1,9,0,9,0,6,0,0,0,0,1,1,6,1,21,5,998,1,1,4,2,4
201631B265716,2,9,0,18,0,1,0,0,0,0,1,1,6,2,31,6,1398,2,14,9,1,9
201631B266216,1,9,0,18,0,0,0,0,0,0,4,1,6,1,-1,-1,-1,-1,-1,-1,-1,-1
201631B267916,1,9,0,17,0,0,1,0,1,9,1,1,2,2,58,9,1796,1,15,3,1,3
201631B268016,1,9,0,18,0,0,0,12,0,0,1,1,6,2,21,5,998,1,3,8,2,8
201631B268316,1,9,0,18,0,1,0,0,0,0,1,1,6,1,31,6,1896,2,16,6,1,6
201631B268316,2,9,0,3,0,1,0,0,1,1,2,1,6,2,44,7,1596,1,9,4,1,4
201631B268316,3,9,0,18,0,1,0,0,0,0,1,1,6,1,50,8,2000,2,6,6,3,6
201631B268316,4,9,0,18,0,1,0,0,0,0,1,1,6,1,22,5,1968,2,5,5,1,5
201631B268316,5,9,0,3,0,1,0,0,0,0,2,1,6,1,34,6,1910,2,12,3,3,3
201631B268416,1,19,0,18,0,1,1,0,7,4,1,1,2,1,22,5,1896,2,7,5,1,5
201631B269616,1,9,0,18,0,1,0,0,0,0,1,1,6,1,52,8,1870,2,14,7,1,7
201631B269616,2,1,0,18,0,1,0,0,0,0,1,1,6,1,12,3,-1,-1,-1,1,1,1
201631B269816,1,9,0,13,0,8,0,0,7,9,1,1,2,1,26,6,1997,2,16,4,1,4
201631B269816,2,9,0,9,0,5,0,0,0,0,3,1,2,2,40,7,1198,1,11,1,1,1
201631B270016,1,9,0,18,0,2,0,0,0,0,1,1,2,1,25,5,1422,2,12,7,1,7
201631B270016,2,90,0,2,0,2,0,0,0,0,2,1,6,1,45,7,7146,2,4,6,1,6
201631B270516,1,9,0,17,0,0,0,0,1,4,1,1,6,1,39,7,1968,2,10,3,2,3
201631B270616,1,9,0,18,0,0,0,0,7,4,1,1,6,1,38,7,1399,2,7,3,2,3
201631B270616,2,9,0,18,0,0,0,0,0,0,1,1,6,2,46,8,1997,2,16,6,2,6
201631B271016,1,9,0,9,0,5,0,0,0,0,1,1,6,1,79,11,1984,2,3,-1,-1,-1
201631B271016,2,9,0,18,0,8,0,0,0,0,1,1,6,2,23,5,1364,1,12,5,1,5
201631B271016,3,9,0,10,0,1,0,0,0,0,3,1,6,1,66,10,1995,2,1,8,1,8
201631B271516,1,19,0,18,0,0,0,0,0,0,1,1,6,1,62,9,-1,-1,-1,2,3,2
201631B271916,1,9,0,16,0,0,1,0,1,11,1,1,6,1,19,4,1149,1,12,8,2,8
201631B273316,1,9,0,17,0,0,5,0,1,0,4,1,2,2,19,4,1149,1,6,7,3,7
201631B273816,1,21,1,12,0,8,0,0,0,0,1,2,1,1,42,7,12740,2,6,-1,2,-1
201631B273816,2,9,0,13,0,1,2,0,1,9,4,1,1,2,50,8,1598,2,1,5,1,5
201631B273816,3,9,0,12,0,7,2,0,1,9,1,1,6,1,60,9,1995,2,4,6,2,6
201631B274016,1,9,0,9,0,6,0,0,0,0,3,1,6,1,45,7,2204,2,7,8,2,8
201631B274016,2,9,0,18,0,1,0,0,0,0,1,1,6,2,72,10,1988,2,11,7,3,7
201631B274316,1,9,0,18,0,0,0,0,0,0,4,1,6,3,-1,-1,-1,-1,-1,-1,-1,-1
201631B274316,2,1,0,18,0,0,0,0,0,0,3,1,6,1,20,4,-1,-1,-1,-1,-1,-1
201631B274416,1,9,0,18,0,0,1,0,7,11,3,1,6,2,21,5,998,1,11,1,1,1
201631B274716,1,9,0,18,0,0,0,0,0,0,1,1,2,2,43,7,1796,1,8,7,1,7
201631B274716,2,19,0,18,0,0,0,0,0,0,2,1,6,1,57,9,1997,2,10,8,2,8
201631B274716,3,9,0,4,0,0,0,0,0,0,0,1,6,2,39,7,1360,1,15,6,1,6
201631B274916,1,9,0,16,0,0,1,0,7,4,3,1,2,2,38,7,1686,2,11,3,2,3
201631B275016,1,1,0,12,0,0,0,0,0,0,3,1,6,1,13,3,-1,-1,-1,2,2,2
201631B275016,2,9,0,18,0,0,0,0,0,0,1,1,6,1,17,4,1229,1,5,2,2,2
201631B275316,1,9,0,7,0,6,0,0,0,0,1,1,2,2,25,5,1364,1,7,1,1,1
201631B275316,2,9,0,18,0,8,0,0,0,0,4,1,2,2,47,8,1586,1,10,5,1,5
201631B275516,1,9,0,17,0,1,0,0,0,0,1,1,6,2,34,6,1997,2,2,8,1,8
201631B275516,2,9,0,16,0,2,0,0,0,0,1,1,6,2,58,9,1398,2,11,5,1,5
201631B275616,1,21,0,4,0,0,0,0,0,0,2,1,1,1,30,6,12900,2,5,6,3,6
201631B275616,2,19,0,11,0,0,0,0,0,0,1,1,1,1,22,5,2143,2,-1,3,1,3
201631B275616,3,21,0,4,0,0,0,0,0,0,2,1,1,1,62,9,6693,2,3,7,3,7
201631B276616,1,9,0,2,0,0,0,0,0,0,3,1,2,2,22,5,-1,-1,-1,7,3,7
201631B276616,2,1,0,14,0,0,0,0,0,0,1,1,6,2,67,10,-1,-1,-1,-1,-1,-1
201631B276716,1,1,0,14,0,0,0,0,0,0,2,1,6,1,72,10,-1,-1,-1,7,1,7
201631B276716,2,9,0,13,0,0,0,0,0,0,1,1,6,1,23,5,1598,1,7,2,1,2
201631B277416,1,9,0,9,0,5,0,0,0,0,4,1,6,3,-1,-1,-1,-1,-1,-1,-1,-1
201631B277416,2,1,0,18,0,1,0,0,0,0,1,1,6,1,54,8,-1,-1,-1,2,1,2
201631B277516,1,9,0,18,0,1,0,0,0,0,3,1,6,2,42,7,1461,2,10,-1,-1,-1
201631B278616,1,9,0,18,0,8,1,0,0,0,1,1,6,1,23,5,1598,1,14,3,1,3
201631B278616,2,9,0,9,0,5,0,0,0,0,1,1,1,1,31,6,1997,2,2,2,1,2
201631B278916,1,9,0,9,0,5,0,0,0,0,0,1,6,1,-1,-1,-1,-1,-1,-1,-1,-1
201631B279216,1,9,0,18,0,1,0,0,0,0,1,1,6,1,32,6,1587,1,14,-1,-1,-1
201631B279216,2,9,0,3,0,1,0,0,0,0,2,1,6,2,61,9,1998,2,14,3,1,3
201631C000216,1,9,0,12,0,1,0,0,0,0,3,1,6,1,-1,-1,-1,-1,-1,-1,-1,-1
201631C000216,2,9,0,18,0,1,1,0,0,0,4,1,6,1,30,6,1242,1,9,1,1,1
201631C000316,1,9,0,9,0,5,0,0,0,0,4,1,6,2,23,5,998,1,12,6,1,6
201631C000316,2,9,0,18,0,8,1,0,0,0,1,1,6,1,32,6,1598,1,6,5,1,5
201631C000416,1,19,0,9,0,4,0,0,0,0,3,1,6,1,51,8,2460,2,9,4,1,4
201631C000416,2,1,0,18,0,8,0,0,0,0,1,1,2,1,54,8,-1,-1,-1,4,1,4
201631C000516,1,19,0,18,0,8,1,0,0,0,1,1,1,1,30,6,2198,2,5,5,1,5
201631C000516,2,9,0,4,0,8,0,0,0,0,2,1,6,1,49,8,1560,2,3,1,1,1
201631C000616,1,9,0,5,0,4,0,0,0,0,1,1,1,1,52,8,1598,1,14,1,1,1
201631C000616,2,9,0,5,0,4,0,0,0,0,2,1,6,2,21,5,1499,2,1,9,1,9
201631C000916,1,9,0,18,0,1,0,0,0,0,1,1,6,1,-1,-1,-1,-1,-1,-1,-1,-1
201631C001416,1,9,0,18,0,0,0,0,0,0,1,1,1,1,51,8,-1,-1,-1,10,2,10
201631C001516,1,9,0,18,0,8,0,0,7,7,4,1,1,1,25,5,1590,1,16,1,1,1
201631C001516,2,9,0,9,0,6,0,0,0,0,4,1,6,2,22,5,1349,1,7,3,1,3
201631C001516,3,9,0,18,0,1,0,0,0,0,3,1,6,1,36,7,1997,2,11,3,1,3
201631C001616,1,9,0,18,0,0,1,0,0,0,1,1,1,2,28,6,1199,1,13,7,1,7
201631C001616,2,9,0,4,0,0,0,0,0,0,2,1,1,1,36,7,1995,2,10,3,1,3
201631C002016,1,9,0,18,0,2,0,0,0,0,4,1,6,1,61,9,1999,1,18,2,1,2
201631C002416,1,9,0,9,0,6,0,0,0,0,1,1,6,1,54,8,2720,2,10,7,3,7
201631C002416,2,9,0,18,0,8,0,0,0,0,3,1,6,1,31,6,1968,2,2,6,1,6
201631C002416,3,9,0,18,0,8,0,0,0,0,3,1,6,1,27,6,1968,2,5,6,1,6
201631C002516,1,3,0,13,0,8,0,0,0,0,1,1,6,1,29,6,124,1,14,1,1,1
201631C002516,2,9,0,9,0,6,0,0,0,0,3,1,6,1,34,6,-1,-1,-1,1,1,1
201631C002616,1,9,0,5,0,1,0,0,0,0,1,1,6,1,47,8,1870,2,12,10,1,10
201631C002616,2,9,0,10,0,1,0,0,0,0,2,1,2,2,27,6,1595,1,12,4,1,4
201631C002716,1,9,0,18,0,8,0,0,0,0,1,1,6,3,-1,-1,-1,-1,-1,-1,-1,-1
201631C002716,2,9,0,3,0,8,0,0,0,0,2,1,2,2,31,6,1386,1,8,3,1,3
201631C002916,1,18,2,18,1,2,0,0,0,0,1,1,1,1,24,5,-1,-1,-1,3,1,3
201631C005016,1,19,0,1,9,1,0,0,0,0,2,1,1,2,49,8,1997,2,12,3,1,3
201631C006016,1,9,0,18,0,8,0,0,0,0,4,1,6,1,71,10,1991,2,7,5,1,5
201631C006016,2,9,0,18,0,8,0,0,0,0,1,1,6,2,36,7,1995,2,1,3,1,3
201631C006116,1,9,0,5,0,8,0,0,0,0,1,1,6,1,50,8,1995,2,1,8,3,8
201631C006216,1,8,0,17,0,4,0,0,0,0,4,1,1,1,38,7,1997,2,15,2,1,2
201631C006516,1,9,0,9,0,6,0,0,0,0,1,1,6,1,33,6,1968,2,9,2,1,2
201631C006516,2,9,0,18,0,8,0,0,0,0,1,1,2,2,23,5,1229,1,2,6,1,6
201631C007016,1,9,0,7,0,6,0,0,0,0,0,1,6,2,21,5,1199,1,2,9,1,9
201631C007016,2,2,0,18,0,8,1,0,0,0,3,1,2,2,24,5,48,1,8,7,1,7
201631C007116,1,9,0,9,0,6,0,0,0,0,1,1,2,1,21,5,1242,1,3,9,1,9
201631C007116,2,9,0,18,0,8,0,0,0,0,3,1,2,1,34,6,2149,2,9,1,1,1
201631C007416,1,9,0,4,0,1,0,0,0,0,2,1,6,1,45,7,1360,1,10,8,1,8
201631C007416,2,8,0,18,0,1,0,0,0,0,1,1,6,1,30,6,998,1,16,3,1,3
201631C007416,3,9,0,8,0,6,0,0,0,0,0,1,6,2,47,8,1198,1,12,5,1,5
201631C007616,1,9,0,9,0,6,0,0,0,0,3,1,6,1,39,7,1999,1,11,1,1,1
201631C007616,2,9,0,18,0,8,0,0,0,0,1,1,6,2,31,6,1598,1,9,4,1,4
201631C007716,1,9,0,18,0,1,0,0,0,0,1,1,6,2,-1,-1,1242,1,15,-1,-1,-1
201631C007716,2,9,0,18,0,1,0,0,0,0,2,1,6,2,45,7,1240,1,12,7,1,7
201631C007816,1,9,0,18,0,2,0,0,0,0,1,1,6,2,-1,-1,1598,1,15,-1,-1,-1
201631C007816,2,9,0,3,0,2,0,0,0,0,2,1,6,1,46,8,1242,1,9,2,1,2
201631C008116,1,9,0,18,0,1,0,0,0,0,1,1,6,2,56,9,1910,2,10,10,1,10
201631C008116,2,19,0,3,0,1,0,0,0,0,2,1,1,1,30,6,2402,2,5,1,1,1
201631C008116,3,9,0,3,0,1,0,0,0,0,2,1,6,2,54,8,1598,2,6,7,1,7
201631C008116,4,9,0,3,0,1,0,0,0,0,2,1,6,1,78,11,1995,1,5,10,1,10
201631C008316,1,9,0,18,0,4,0,0,0,0,1,1,2,1,50,8,1598,1,12,4,1,4
201631C008316,2,9,0,18,0,8,0,0,1,11,4,1,6,2,50,8,1242,1,15,-1,-1,-1
201631C008716,1,9,0,18,0,1,0,0,0,0,0,1,6,3,-1,-1,-1,-1,-1,-1,-1,-1
201631C009116,1,9,0,1,0,1,0,0,0,0,2,1,3,2,-1,-1,1242,1,13,-1,-1,-1
201631C009116,2,22,0,10,0,1,0,0,0,0,3,1,6,2,30,6,-1,-1,-1,1,1,1
201631C009216,1,3,0,7,0,8,0,0,0,0,3,1,2,2,16,4,125,1,2,2,1,2
201631C009816,1,19,0,18,0,0,0,0,0,0,1,1,1,1,34,6,2198,2,1,6,1,6
201631C009816,2,9,0,18,0,0,0,0,0,0,1,1,1,1,37,7,1598,1,4,5,1,5
201631C009816,3,9,0,2,0,0,0,0,0,0,3,1,6,3,-1,-1,-1,-1,-1,-1,-1,-1
201631C009916,1,9,0,18,0,8,2,0,0,0,1,1,6,1,26,6,1149,1,9,10,1,10
201631C009916,2,9,0,10,0,8,0,0,0,0,2,1,6,1,39,7,1149,1,9,4,1,4
201631C010016,1,9,0,9,0,5,0,0,0,0,4,1,2,2,29,6,1329,1,6,8,1,8
201631C010016,2,3,0,18,0,8,0,0,0,0,1,1,2,1,41,7,125,1,1,1,1,1
201631C010916,1,19,0,18,0,2,0,0,0,0,1,1,6,1,40,7,-1,-1,-1,-1,-1,-1
201631C010916,2,9,0,4,0,2,0,0,0,0,2,1,6,2,55,8,1596,1,3,4,1,4
201631C011116,1,9,0,18,0,1,0,0,0,0,1,1,6,3,-1,-1,-1,-1,-1,-1,-1,-1
201631C011316,1,1,0,18,9,1,0,0,0,0,4,1,1,1,23,5,-1,-1,-1,-1,-1,-1
201631C011316,2,9,0,18,0,1,0,0,0,0,1,1,6,1,53,8,1998,2,15,1,1,1
201631C011616,1,9,0,9,0,6,0,0,0,0,4,1,6,2,29,6,-1,-1,-1,-1,-1,-1
201631C011616,2,1,0,18,0,8,0,0,0,0,1,1,2,1,22,5,-1,-1,-1,7,1,7
201631C011716,1,9,0,1,0,0,0,0,0,0,2,1,6,1,-1,-1,-1,-1,-1,-1,-1,-1
201631C011716,2,9,0,3,0,0,0,0,0,0,1,1,6,2,25,5,1248,2,9,2,1,2
201631C011816,1,9,0,9,0,6,0,0,0,0,1,1,1,1,44,7,1560,2,2,5,3,5
201631C011816,2,19,0,18,0,8,0,0,0,0,4,1,6,1,64,9,2461,2,13,9,1,9
201631C012116,1,21,1,13,0,0,0,0,0,0,4,1,6,1,-1,-1,10837,2,6,-1,-1,-1
201631C012116,2,9,0,18,0,0,0,0,0,0,3,1,2,1,35,6,-1,-1,-1,2,1,2
201631C012216,1,3,0,18,0,8,1,0,0,0,1,1,6,1,27,6,124,1,7,3,1,3
201631C012216,2,9,0,7,0,6,0,0,0,0,3,1,6,2,20,4,1199,1,14,9,1,9
201631C012616,1,3,0,18,0,8,0,0,0,0,1,1,6,1,22,5,125,1,12,3,1,3
201631C012616,2,9,0,9,0,6,0,0,0,0,3,1,2,1,53,8,1461,2,3,6,1,6