Accident_Index,Vehicle_Reference,Vehicle_Type,Towing_and_Articulation,Vehicle_Manoeuvre,Vehicle_Location-Restricted_Lane,Junction_Location,Skidding_and_Overturning,Hit_Object_in_Carriageway,Vehicle_Leaving_Carriageway,Hit_Object_off_Carriageway,1st_Point_of_Impact,Was_Vehicle_Left_Hand_Drive?,Journey_Purpose_of_Driver,Sex_of_Driver,Age_of_Driver,Age_Band_of_Driver,Engine_Capacity_(CC),Propulsion_Code,Age_of_Vehicle,Driver_IMD_Decile,Driver_Home_Area_Type,Vehicle_IMD_Decile
201631C242716,1,9,0,3,0,1,0,0,0,0,2,1,6,2,21,5,1242,1,-1,10,3,10
201631C242716,2,9,0,18,0,1,0,0,0,0,1,1,6,3,-1,-1,1398,2,14,-1,-1,-1
201631C242916,1,5,0,4,0,1,1,0,0,0,4,1,2,2,52,8,598,1,22,2,1,2
201631C243016,1,9,0,18,0,0,1,0,0,0,1,1,3,2,35,6,1596,1,14,1,1,1
201631C243116,1,9,0,5,0,0,0,0,0,0,3,1,2,1,36,7,1896,2,9,5,1,5
201631C243116,2,9,0,18,0,0,0,0,0,0,4,1,2,1,45,7,2497,2,12,1,1,1
201631C243116,3,9,0,2,0,0,0,0,0,0,4,1,6,3,-1,-1,1197,1,-1,-1,-1,-1
201631C243116,4,19,0,2,0,0,0,0,0,0,4,1,6,3,-1,-1,1560,2,4,-1,-1,-1
201631C243416,1,9,0,18,0,1,0,0,0,0,4,1,3,2,42,7,1598,1,9,2,1,2
201631C243616,1,11,0,18,0,0,0,0,0,0,4,1,6,1,-1,-1,-1,-1,-1,-1,-1,-1
201631C243816,1,9,0,9,0,5,0,0,0,0,4,1,6,3,-1,-1,-1,-1,-1,-1,-1,-1
201631C243816,2,9,0,18,0,1,1,0,0,0,1,1,6,2,25,5,1360,1,13,5,1,5
201631C244016,1,9,0,1,0,1,0,0,0,0,2,1,6,3,-1,-1,-1,-1,-1,-1,-1,-1
201631C244016,2,22,0,18,0,1,0,0,0,0,3,1,6,2,73,10,-1,-1,-1,1,1,1
201631C244916,1,9,0,13,0,0,0,0,0,0,4,1,6,3,-1,-1,1398,2,12,-1,-1,-1
201631C244916,2,8,0,4,0,0,0,0,0,0,3,1,1,1,40,7,-1,-1,-1,1,1,1
201631C245416,1,9,0,14,1,0,0,0,0,0,1,1,1,2,-1,-1,2400,2,-1,8,1,8
201631C246016,1,9,0,18,0,8,0,0,0,0,1,1,6,1,23,5,1598,2,-1,-1,-1,-1
201631C246016,2,9,0,3,0,8,0,0,0,0,2,1,6,1,32,6,1995,2,7,1,1,1
201631C246416,1,5,0,18,0,2,1,0,0,0,1,1,6,1,27,6,598,1,18,8,1,8
201631C246516,1,5,0,18,0,2,1,0,0,0,1,1,6,1,59,9,1170,1,1,5,1,5
201631C246916,1,9,0,3,0,1,0,0,0,0,2,1,6,2,21,5,1598,1,4,10,1,10
201631C246916,2,9,0,18,0,1,0,0,0,0,1,1,6,3,-1,-1,-1,-1,-1,-1,-1,-1
201631C247316,1,9,0,5,0,4,0,0,0,0,3,1,6,1,53,8,1799,1,6,2,1,2
201631C247316,2,1,0,9,0,6,1,0,0,0,1,1,2,1,46,8,-1,-1,-1,10,1,10
201631C247516,1,9,0,9,0,6,0,0,0,0,0,1,6,3,-1,-1,-1,-1,-1,-1,-1,-1
201631C247516,2,11,0,18,0,8,0,0,0,0,0,1,1,2,48,8,9000,2,8,1,1,1
201631C247716,1,11,0,18,0,1,0,0,0,0,1,1,6,1,40,7,4250,2,4,6,2,6
201631C247716,2,9,0,9,0,6,0,0,0,0,4,1,6,2,47,8,1242,1,13,2,1,2
201631C248016,1,3,0,18,0,0,0,11,0,0,1,1,1,1,31,6,124,1,14,8,1,8
201631C248216,1,9,0,3,0,1,0,0,0,0,2,1,2,1,34,6,1197,1,-1,9,1,9
201631C248216,2,9,0,4,0,1,0,0,0,0,1,1,2,1,46,8,1596,1,12,1,1,1
201631C248316,1,3,0,13,0,8,0,0,0,0,1,1,2,1,23,5,124,1,2,4,1,4
201631C248316,2,9,0,9,0,6,0,0,0,0,3,1,2,1,53,8,-1,-1,-1,5,1,5
201631C248516,1,9,0,5,0,1,0,0,0,0,3,1,6,3,-1,-1,-1,-1,-1,-1,-1,-1
201631C248516,2,9,0,18,0,1,0,0,7,0,4,1,6,2,17,4,1796,1,9,1,1,1
201631C248916,1,19,0,13,0,1,0,0,0,0,1,1,6,1,-1,-1,-1,-1,-1,-1,-1,-1
201631C248916,2,1,0,18,0,1,0,0,0,0,2,1,1,2,52,8,-1,-1,-1,7,1,7
201631C249016,1,9,0,18,0,1,0,0,0,0,1,1,6,1,20,4,1896,2,14,-1,-1,-1
201631C249016,2,9,0,3,0,1,0,0,0,0,2,1,1,2,53,8,1598,1,5,-1,-1,-1
201631C249116,1,9,0,9,0,6,0,0,0,0,3,1,2,1,52,8,-1,-1,-1,6,1,6
201631C249116,2,5,0,13,0,8,0,0,1,0,1,1,6,1,64,9,1255,1,8,6,1,6
201631C249216,1,9,0,9,0,5,0,0,0,0,1,1,6,2,-1,-1,-1,-1,-1,-1,-1,-1
201631C249316,1,19,0,9,0,8,0,0,0,0,1,1,1,1,55,8,2198,2,1,9,1,9
201631C249316,2,9,0,18,0,8,0,0,0,0,2,1,6,1,51,8,1596,1,8,7,1,7
201631C249416,1,9,0,7,0,6,0,0,0,0,1,1,6,2,37,7,698,1,13,4,2,4
201631C249416,2,9,0,18,0,8,0,0,0,0,4,1,2,1,39,7,1968,2,4,5,1,5
201631C249616,1,9,0,9,0,5,0,0,0,0,3,1,2,1,26,6,1999,1,14,2,1,2
201631C249616,2,1,0,18,0,6,0,0,0,0,2,1,2,1,39,7,-1,-1,-1,1,1,1
201631C249716,1,9,0,18,0,1,0,0,0,0,1,1,6,1,-1,-1,1995,1,15,-1,-1,-1
201631C249716,2,9,0,3,0,1,0,0,0,0,2,1,6,2,27,6,1242,1,13,4,1,4
201631C249816,1,9,0,18,0,0,0,0,0,0,1,1,6,2,38,7,1149,1,6,9,1,9
201631C249916,1,5,0,13,0,8,0,0,0,0,1,1,2,1,42,7,675,1,-1,5,1,5
201631C249916,2,8,0,9,0,5,0,0,0,0,3,1,1,1,64,9,2664,2,15,6,1,6
201631C250116,1,9,0,11,0,0,0,0,0,0,4,1,1,1,17,4,1390,1,13,1,1,1
201631C250116,2,5,0,18,0,0,0,0,0,0,3,1,1,1,28,6,645,1,12,3,1,3
201631C250216,1,9,0,18,0,1,0,0,0,0,1,1,6,1,-1,-1,1242,1,11,-1,-1,-1
201631C250216,2,9,0,3,0,1,0,0,0,0,2,1,2,1,35,6,1596,1,13,1,1,1
201631C250416,1,9,0,18,0,8,0,0,0,0,1,1,6,1,35,6,1489,1,18,7,1,7
201631C250416,2,9,0,18,0,8,0,0,0,0,3,1,6,1,37,7,1498,1,16,2,1,2
201631C250516,1,9,0,18,0,2,0,0,0,0,4,1,6,2,56,9,3456,8,9,6,1,6
201631C250516,2,9,0,12,0,2,0,0,0,0,3,1,6,1,48,8,1560,2,3,3,1,3
201631C251116,1,1,0,18,0,1,0,0,0,0,3,1,1,1,17,4,-1,-1,-1,1,1,1
201631C251116,2,9,0,9,0,6,0,0,0,0,1,1,1,1,32,6,1560,2,7,1,1,1
201631C251216,1,21,0,18,0,0,0,0,0,0,0,1,1,3,-1,-1,12777,2,7,-1,-1,-1
201631C251816,1,9,0,9,0,5,0,0,0,0,1,1,6,2,25,5,1200,1,13,1,1,1
201631C251916,1,9,0,18,0,0,0,0,0,0,4,1,6,1,21,5,1910,2,10,7,3,7
201631C253916,1,9,0,9,0,5,0,0,0,0,1,1,6,1,30,6,1198,1,11,1,1,1
201631C254116,1,9,0,4,9,1,0,0,0,0,4,1,6,1,72,10,1598,1,9,7,1,7
201631C255016,1,11,0,18,0,8,0,0,0,0,1,1,1,1,-1,-1,4250,2,2,-1,-1,-1
201631C255016,2,9,0,18,0,8,0,0,0,0,2,1,6,1,50,8,2000,2,7,5,1,5
201631C255216,1,9,0,9,0,6,0,0,0,0,1,1,6,2,81,11,1388,1,14,10,1,10
201631C255216,2,9,0,18,0,8,0,0,0,0,3,1,1,2,47,8,-1,-1,-1,4,1,4
201631C255316,1,9,0,6,0,2,0,0,0,0,1,1,6,1,25,5,1968,2,7,3,1,3
201631C255316,2,19,0,12,0,2,1,0,6,1,1,1,6,1,25,5,2461,2,17,7,1,7
201631C255516,1,22,0,18,0,1,0,0,0,0,1,1,6,3,-1,-1,-1,-1,-1,-1,-1,-1
201631C255616,1,9,0,3,0,1,0,0,0,0,2,1,6,2,28,6,1587,1,14,2,1,2
201631C255616,2,9,0,4,0,1,1,0,0,0,1,1,6,1,-1,-1,1587,1,11,-1,-1,-1
201631C256116,1,11,0,16,0,8,0,0,0,0,0,1,1,1,28,6,-1,2,8,4,1,4
201631C256716,1,11,0,9,0,6,0,0,0,0,1,1,1,1,45,7,7698,2,1,9,1,9
201631C257116,1,9,0,1,0,8,0,0,0,0,2,1,6,3,-1,-1,1995,2,-1,-1,-1,-1
201631C257116,2,8,0,7,0,5,0,0,0,0,3,1,1,1,37,7,1798,8,-1,1,1,1
201631C257716,1,9,0,18,0,1,5,4,2,0,1,1,6,2,76,11,1328,1,-1,7,1,7
201631C257716,2,9,0,2,0,1,0,0,0,0,1,1,6,3,-1,-1,1461,2,-1,-1,-1,-1
201631C258116,1,19,0,9,0,6,0,0,7,0,1,1,1,1,55,8,1248,2,2,2,1,2
201631C258116,2,5,0,13,0,8,0,0,0,0,4,1,1,1,50,8,-1,-1,-1,8,2,8
201631C258616,1,9,0,5,0,1,0,0,0,0,4,1,1,2,24,5,1229,1,2,4,1,4
201631C258916,1,9,0,18,0,2,0,0,0,0,1,1,6,3,-1,-1,1956,2,7,-1,-1,-1
201631C259016,1,9,0,9,0,5,0,0,0,0,4,1,2,1,52,8,1461,2,2,-1,-1,-1
201631C259016,2,1,0,18,0,8,0,0,0,0,1,1,1,1,21,5,-1,-1,-1,4,1,4
201631C259216,1,9,0,18,0,7,1,0,5,6,3,1,6,1,26,6,1900,2,12,4,1,4
201631C259216,2,9,0,18,0,1,0,0,0,0,4,1,6,1,43,7,1997,2,13,1,1,1
201631C259316,1,9,0,9,0,6,0,0,0,0,0,1,6,1,28,6,1999,1,3,4,1,4
201631C259316,2,5,0,18,0,1,0,0,0,0,0,1,6,1,28,6,649,1,7,2,1,2
201631C259416,1,9,0,7,0,6,0,0,0,0,3,1,6,1,28,6,1995,1,10,6,1,6
201631C259416,2,9,0,18,0,8,0,0,0,0,1,1,6,2,28,6,1086,1,10,2,1,2
201631C259416,3,9,0,18,0,1,0,0,0,0,1,1,6,2,38,7,1995,2,10,1,1,1
201631C259916,1,9,0,7,0,5,0,0,0,0,1,1,6,1,17,4,1995,2,1,4,1,4
201631C259916,2,9,0,3,0,2,0,0,0,0,2,1,6,1,32,6,1296,1,9,5,1,5
201631C260316,1,9,0,11,0,1,0,0,0,0,4,1,6,1,-1,-1,-1,-1,-1,-1,-1,-1
201631C260316,2,9,0,18,0,1,0,10,0,0,3,1,2,1,44,7,1560,2,1,1,1,1
201631C260916,1,9,0,18,0,0,0,0,0,0,1,1,6,1,17,4,-1,-1,-1,7,1,7
201631C260916,2,8,0,3,0,0,0,0,0,0,2,1,1,1,60,9,2664,2,15,4,1,4
201631C260916,3,9,0,3,0,0,0,0,0,0,2,1,2,1,26,6,998,1,1,5,1,5
201631C261216,1,19,0,18,0,1,0,0,0,0,3,1,6,1,37,7,1560,2,-1,1,1,1
201631C261216,2,1,0,18,0,6,0,0,0,0,1,1,6,1,23,5,-1,-1,-1,1,1,1
201631C261316,1,19,0,7,0,6,0,0,0,0,1,1,6,1,-1,-1,2143,2,3,1,1,1
201631C261316,2,9,0,3,0,8,0,0,0,0,4,1,6,2,28,6,1229,1,8,1,1,1
201631C261716,1,9,0,9,0,8,0,0,0,0,4,1,2,2,51,8,1242,1,3,9,1,9
201631C261716,2,9,0,18,0,8,0,0,0,0,1,1,2,2,49,8,1587,1,12,1,1,1
201631C261816,1,9,0,18,0,4,0,0,0,0,1,1,6,1,24,5,1560,2,7,1,1,1
201631C261816,2,19,0,18,0,8,0,0,0,0,4,1,6,1,31,6,1995,2,9,2,1,2
201631C261916,1,19,0,7,0,8,5,0,0,0,3,1,6,1,23,5,1298,1,16,4,1,4
201631C262116,1,9,0,18,0,0,0,0,0,0,1,1,6,2,32,6,1599,1,12,-1,-1,-1
201631C262116,2,1,0,18,0,0,0,0,0,0,1,1,6,1,-1,-1,-1,-1,-1,2,1,2
201631C262216,1,9,0,7,0,5,0,0,0,0,1,1,6,1,-1,-1,1598,2,6,1,1,1
201631C262216,2,9,0,3,0,1,0,0,0,0,2,1,6,2,30,6,1598,2,-1,4,1,4
201631C262216,3,9,0,3,0,1,0,0,0,0,2,1,1,1,37,7,3498,1,10,5,1,5
201631C262616,1,3,0,9,0,3,0,0,0,0,4,1,2,1,30,6,125,1,-1,1,1,1
201631C262616,2,9,0,18,0,4,0,0,0,0,1,1,2,2,27,6,1360,1,15,3,1,3
201631C263116,1,9,0,13,0,1,0,0,0,0,4,1,6,2,57,9,1242,1,1,7,2,7
201631C263116,2,11,0,5,0,1,0,0,0,0,3,1,1,1,54,8,-1,-1,-1,7,1,7
201631C263216,1,9,0,18,0,1,0,0,0,0,1,1,6,1,-1,-1,1398,1,3,-1,-1,-1
201631C263216,2,9,0,3,0,1,0,0,0,0,2,1,1,2,46,8,1995,2,11,3,1,3
201631C263316,1,9,0,9,0,6,0,0,0,0,3,1,6,2,62,9,1329,1,4,10,1,10
201631C263516,1,9,0,18,0,0,0,0,0,0,4,1,6,3,-1,-1,-1,-1,-1,-1,-1,-1
201631C263716,1,9,0,7,0,6,0,0,0,0,1,1,6,1,-1,-1,-1,-1,-1,-1,-1,-1
201631C263716,2,1,0,18,0,8,0,0,0,0,4,1,6,1,35,6,-1,-1,-1,2,1,2
201631C263816,1,21,0,11,0,0,0,0,0,0,4,1,6,1,-1,-1,10837,2,-1,-1,-1,-1
201631C263816,2,9,0,18,0,0,0,0,0,0,3,1,6,2,32,6,1229,1,10,-1,-1,-1
201631C264016,1,9,0,18,0,2,0,0,0,0,1,1,6,1,53,8,2987,2,11,6,1,6
201631C264216,1,9,0,16,0,0,1,0,0,0,1,1,6,3,-1,-1,1896,2,7,-1,-1,-1
201631C264216,2,18,5,17,0,0,0,0,0,0,3,1,1,1,30,6,-1,-1,-1,2,1,2
201631C264716,1,9,0,9,0,5,0,0,0,0,4,1,6,1,19,4,1248,2,11,2,1,2
201631C264716,2,1,0,18,0,8,0,0,0,0,1,1,2,1,36,7,-1,-1,-1,1,1,1
201631C265016,1,9,0,18,0,3,0,0,0,0,1,1,2,2,47,8,1398,1,4,2,1,2
201631C265816,1,9,0,9,0,8,0,0,0,0,1,1,1,2,57,9,1497,1,14,6,1,6
201631C265816,2,1,0,18,0,6,0,0,0,0,2,1,1,1,54,8,-1,-1,-1,-1,-1,-1
201631C266116,1,9,0,18,0,8,0,0,0,0,1,1,6,3,-1,-1,-1,-1,-1,-1,-1,-1
201631C266416,1,9,0,18,0,0,0,0,0,0,1,1,6,3,-1,-1,-1,-1,-1,-1,-1,-1
201631C266416,2,19,0,4,0,0,0,0,0,0,2,1,1,1,23,5,1560,2,1,7,1,7
201631C266716,1,9,0,14,0,1,0,7,0,0,1,1,6,2,-1,-1,1248,1,1,-1,-1,-1
201631C266716,2,90,0,2,0,1,0,0,0,0,0,1,1,3,-1,-1,-1,-1,-1,-1,-1,-1
201631C266916,1,11,0,11,0,1,0,0,0,0,0,1,1,1,32,6,9000,2,2,2,1,2
201631C267216,1,21,0,7,0,5,0,0,0,0,4,1,1,1,27,6,6693,2,3,-1,-1,-1
201631C267216,2,5,0,15,0,8,0,0,0,0,1,1,6,1,19,4,599,1,25,1,1,1
201631C267516,1,11,0,18,0,0,0,0,0,0,4,1,1,1,-1,-1,-1,-1,-1,-1,-1,-1
201631C267616,1,9,0,18,0,0,0,0,0,0,1,1,1,1,39,7,-1,-1,-1,6,1,6
201631C267616,2,1,0,18,9,0,0,0,0,0,4,1,6,1,21,5,-1,-1,-1,-1,-1,-1
201631C267716,1,9,0,9,0,5,0,0,0,0,1,1,6,1,27,6,1560,2,1,7,1,7
201631C268516,1,9,0,9,0,5,0,0,0,0,3,1,6,2,48,8,1686,2,10,7,1,7
201631C268516,2,9,0,13,0,8,0,0,0,0,1,1,6,1,28,6,1149,1,1,5,1,5
201631C268616,1,9,0,18,0,8,0,0,0,0,3,1,2,1,46,8,-1,-1,-1,1,1,1
201631C268616,2,9,0,18,0,8,0,0,0,0,1,1,2,1,25,5,1582,2,1,1,1,1
201631C269016,1,9,0,12,0,0,0,0,0,0,3,1,1,1,-1,-1,2400,2,-1,-1,-1,-1
201631C269416,1,9,0,1,9,5,0,0,0,0,2,1,6,2,62,9,1149,1,4,3,1,3
201631C270116,1,8,0,18,0,1,0,0,0,0,1,1,1,1,42,7,1598,2,3,-1,-1,-1
201631C270116,2,10,0,18,0,1,0,0,0,0,2,1,1,1,41,7,-1,-1,-1,-1,-1,-1
201631C270116,3,10,0,4,0,1,0,0,0,0,2,1,1,1,43,7,2148,2,9,-1,-1,-1
201631C270916,1,9,0,18,0,1,0,0,0,0,1,1,6,2,39,7,1461,2,11,10,1,10
201631C270916,2,9,0,18,0,1,0,0,0,0,1,1,6,1,21,5,1796,1,11,2,1,2
201631C270916,3,9,0,4,0,1,0,0,0,0,2,1,6,2,41,7,1997,1,16,1,1,1
201631C270916,4,9,0,4,0,8,0,0,0,0,0,1,6,3,-1,-1,-1,-1,-1,-1,-1,-1
201631C271216,1,9,0,9,0,6,0,0,0,0,1,1,6,2,28,6,1398,2,13,2,1,2
201631C271216,2,9,0,18,0,8,0,0,0,0,1,1,6,2,37,7,1582,2,6,2,1,2
201631C271316,1,9,0,18,0,8,0,0,0,0,4,1,2,2,39,7,1595,1,14,6,1,6
201631C271316,2,9,0,18,0,8,0,0,0,0,1,1,6,1,22,5,1390,1,3,10,1,10
201631C272016,1,9,0,18,0,0,1,0,7,0,1,1,6,1,20,4,2993,2,8,5,1,5
201631C272216,1,9,0,4,0,0,0,0,0,0,2,1,6,2,51,8,698,1,11,4,2,4
201631C272216,2,8,0,18,0,0,0,0,0,0,1,1,1,1,28,6,1798,8,-1,3,1,3
201631C272616,1,9,0,18,0,8,0,0,3,10,1,1,6,1,27,6,1242,1,11,-1,-1,-1
201631C272716,1,9,0,18,0,8,0,0,0,0,1,1,1,1,34,6,1560,2,3,2,1,2
201631C272716,2,9,0,18,0,8,0,0,0,0,2,1,1,1,65,9,1997,2,7,-1,-1,-1
201631C272816,1,9,0,18,0,2,0,0,0,0,1,1,6,2,37,7,1596,1,11,5,1,5
201631C272916,1,9,0,9,0,6,0,0,0,0,1,1,1,2,24,5,898,1,1,10,2,10
201631C272916,2,9,0,18,0,8,0,0,0,0,3,1,1,2,49,8,1360,1,10,1,1,1
201631C273516,1,9,0,5,0,2,0,0,0,0,1,1,6,1,45,7,-1,-1,-1,1,1,1
201631C273916,1,9,0,3,0,1,0,0,0,0,2,1,6,2,63,9,1796,1,8,5,1,5
201631C273916,2,9,0,4,0,1,1,0,0,0,1,1,6,1,26,6,1560,2,11,6,1,6
201631C274216,1,1,0,18,0,0,0,0,0,0,1,1,6,1,28,6,-1,-1,-1,1,1,1
201631C274216,2,9,0,18,0,0,0,0,0,0,1,1,6,3,-1,-1,-1,-1,-1,-1,-1,-1
201631C275416,1,19,0,1,0,2,0,0,0,0,2,1,6,1,62,9,1598,2,1,9,1,9
201631C275816,1,19,0,7,0,5,0,0,0,0,4,1,6,3,-1,-1,-1,-1,-1,-1,-1,-1
201631C275916,1,9,0,13,0,8,0,0,0,0,4,1,1,1,-1,-1,1560,2,2,-1,-1,-1
201631C275916,2,9,0,9,0,5,0,0,0,0,3,1,6,1,52,8,998,1,14,-1,-1,-1
201631C276516,1,8,0,18,9,0,0,0,1,0,1,1,6,1,53,8,1797,8,6,1,1,1
201631C276916,1,8,0,9,0,8,0,0,0,0,3,1,1,1,29,6,1998,2,7,-1,-1,-1
201631C277016,1,9,0,18,0,1,0,0,0,0,3,1,6,1,25,5,1598,1,9,1,1,1
201631C277116,1,9,0,17,0,0,0,0,1,11,1,1,6,1,89,11,998,1,8,1,1,1
201631C277716,1,9,0,9,0,6,0,0,0,0,1,1,6,1,-1,-1,1905,2,19,2,1,2
201631C277716,2,9,0,18,0,1,0,0,0,0,4,1,6,1,22,5,1329,1,1,1,1,1
201631C278416,1,11,0,18,0,0,0,0,0,0,0,1,1,1,53,8,-1,-1,-1,2,1,2
201631C279016,1,9,0,18,0,1,0,0,0,0,1,1,6,2,-1,-1,1124,1,14,2,1,2
201631C279016,2,8,0,4,0,1,0,0,0,0,2,1,6,2,53,8,1998,2,11,1,1,1
201631C279016,3,9,0,18,0,1,0,0,0,0,0,1,6,3,-1,-1,-1,-1,-1,-1,-1,-1
201631C279316,1,9,0,4,0,2,0,0,0,0,1,1,6,3,-1,-1,-1,-1,-1,-1,-1,-1
201631D000716,1,9,0,4,0,2,0,0,0,0,0,1,6,3,-1,-1,-1,-1,-1,-1,-1,-1
201631D000716,2,9,0,18,0,2,0,0,0,0,2,1,6,2,47,8,1699,1,10,8,1,8
201631D000716,3,9,0,18,0,2,0,0,0,0,1,1,6,1,18,4,1229,1,2,7,3,7
201631D001216,1,9,0,9,0,6,0,0,0,0,2,1,1,2,53,8,1560,2,3,5,2,5
201631D001216,2,9,0,18,0,8,0,0,0,0,1,1,1,2,24,5,1598,1,5,1,1,1
201631D001716,1,9,0,18,0,0,0,0,1,2,1,1,2,2,27,6,1388,1,5,-1,-1,-1
201631D001816,1,9,0,4,0,1,1,0,0,0,1,1,6,2,29,6,1398,1,2,1,1,1
201631D001816,2,3,0,3,0,1,0,0,0,0,2,1,6,1,-1,-1,124,1,3,2,1,2
201631D003216,1,9,0,6,0,0,0,0,0,0,4,1,6,2,60,9,1149,1,4,9,3,9
201631D003216,2,19,0,18,0,0,0,0,4,6,1,1,2,1,35,6,1870,2,13,2,1,2
201631D003216,3,9,0,18,0,0,0,0,1,0,1,1,6,2,29,6,2204,2,8,10,1,10
201631D003616,1,9,0,12,0,1,0,0,0,0,3,1,6,2,26,6,1364,1,1,4,1,4
201631D003616,2,9,0,12,0,1,2,10,0,0,4,1,2,2,24,5,1296,1,9,3,1,3
201631D003716,1,9,0,18,0,8,0,0,0,0,1,1,6,1,-1,-1,2946,1,10,-1,-1,-1
201631D003816,1,9,0,18,0,8,0,0,0,0,4,1,6,2,26,6,1197,1,1,2,1,2
201631D003816,2,19,0,9,0,6,0,0,0,0,1,1,6,1,50,8,1998,2,14,8,1,8
201631D004916,1,9,0,16,0,0,0,10,7,4,1,1,6,2,42,7,1199,1,15,8,1,8
201631D005116,1,19,0,18,0,4,0,0,0,0,3,1,6,1,42,7,-1,-1,-1,1,1,1
201631D005116,2,11,0,18,0,8,0,0,0,0,1,1,1,2,32,6,4250,2,6,5,1,5
201631D005416,1,9,0,18,0,1,0,0,0,0,1,1,6,2,35,6,998,1,7,3,1,3
201631D005416,2,9,0,10,0,8,0,0,0,0,2,1,6,1,58,9,1968,2,1,3,1,3
201631D005916,1,9,0,18,0,0,1,0,7,11,1,1,2,1,51,8,1900,2,11,6,1,6
201631D005916,2,9,0,18,0,0,1,0,1,11,1,1,6,1,53,8,2400,2,5,8,1,8
201631D005916,3,19,0,18,0,0,1,0,1,0,1,1,1,1,24,5,1995,2,3,9,1,9
201631D006316,1,9,0,9,0,5,0,0,0,0,1,1,2,1,44,7,2148,2,11,-1,-1,-1
201631D006316,2,1,0,18,0,8,0,0,0,0,1,1,2,1,35,6,-1,-1,-1,1,1,1
201631D006416,1,9,0,5,0,4,0,0,0,0,1,1,6,1,26,6,1597,2,2,7,1,7
201631D006416,2,1,0,9,0,8,0,0,0,0,1,1,6,1,27,6,-1,-1,-1,5,2,5
201631D006716,1,9,0,18,0,8,0,0,0,0,1,1,2,1,24,5,1598,1,11,1,1,1
201631D006716,2,11,0,9,0,6,0,0,0,0,3,1,1,1,25,5,-1,-1,-1,7,1,7
201631D007216,1,9,0,16,0,0,2,0,7,9,1,1,6,2,38,7,1242,1,17,2,1,2
201631D007516,1,9,0,18,0,2,0,0,0,0,4,1,6,1,55,8,1686,2,3,7,1,7
201631D007516,2,22,0,18,0,2,0,0,0,0,4,1,6,1,74,10,-1,-1,-1,-1,-1,-1
201631D007916,1,9,0,18,0,0,2,10,7,9,1,1,6,1,24,5,1197,1,1,7,1,7
201631D008016,1,9,0,9,0,5,0,0,0,0,1,1,2,1,62,9,998,1,11,10,2,10
201631D009016,1,21,1,11,0,0,0,0,0,0,4,1,1,1,36,7,12900,2,4,4,1,4
201631D009016,2,9,0,18,0,0,0,0,6,0,3,1,6,2,41,7,1242,1,2,7,1,7
201631D009316,1,9,0,9,0,5,0,0,0,0,4,1,6,1,76,11,2993,2,6,10,1,10
201631D009716,1,9,0,9,0,5,0,0,0,0,4,1,2,2,36,7,1461,2,1,10,2,10
201631D009716,2,4,0,18,0,8,1,0,0,0,1,1,6,1,25,5,487,1,22,8,2,8
201631D010216,1,9,0,9,0,6,0,0,0,0,1,1,6,1,19,4,1399,2,8,-1,3,-1
201631D010216,2,9,0,18,0,8,0,0,0,0,1,1,6,1,49,8,1587,1,8,4,1,4
201631D010416,1,11,0,2,0,0,0,0,0,0,0,1,1,1,43,7,9000,2,5,1,1,1
201631D010516,1,1,0,18,9,1,0,0,0,0,1,1,6,1,16,4,-1,-1,-1,10,2,10
201631D010516,2,9,0,18,0,1,0,0,0,0,4,1,6,2,49,8,1198,1,1,8,3,8
201631D011416,1,90,0,18,0,8,0,0,0,0,1,1,1,1,42,7,2999,2,1,8,1,8
201631D011416,2,9,0,18,0,8,0,0,0,0,1,1,6,2,75,10,1149,1,10,7,1,7
201631D011516,1,9,0,18,0,8,0,0,0,0,1,1,6,1,24,5,1199,1,14,10,1,10
201631D011516,2,9,0,2,0,8,0,0,0,0,2,1,6,1,35,6,1998,1,2,-1,-1,-1
201631D011916,1,21,1,4,0,1,0,0,0,0,1,1,1,1,44,7,10677,2,1,6,1,6
201631D011916,2,9,0,3,0,1,0,0,0,0,2,1,6,1,28,6,1598,1,1,2,1,2
201631D012016,1,9,0,18,0,0,0,0,0,0,1,1,2,2,26,6,-1,-1,-1,2,1,2
201631D012016,2,9,0,4,0,0,0,0,0,0,2,1,6,1,20,4,1149,1,15,6,1,6
201631D012016,3,9,0,4,0,0,0,0,0,0,2,1,6,1,59,9,2497,2,10,4,1,4
201631D012316,1,19,0,6,0,0,0,0,0,0,3,1,1,1,53,8,1753,2,9,6,2,6
201631D012316,2,9,0,18,0,0,0,0,7,1,1,1,2,2,27,6,1598,1,10,2,1,2
201631D012416,1,9,0,5,0,2,0,0,0,0,1,1,6,1,51,8,1124,1,12,4,1,4
201631D012516,1,9,0,5,0,0,0,0,0,0,1,1,6,2,34,6,1998,2,10,9,1,9
201631D012516,2,9,0,3,0,0,0,0,0,0,2,1,2,2,45,7,1896,2,14,8,1,8
201631D012716,1,11,0,4,0,0,0,0,0,0,0,1,1,1,60,9,9000,2,13,4,1,4
201631D012816,1,1,0,18,0,0,0,4,0,0,1,1,6,2,33,6,-1,-1,-1,2,1,2
201631D012816,2,9,0,2,0,0,0,0,0,0,2,1,6,1,-1,-1,1596,1,11,-1,-1,-1
201631D013016,1,9,0,18,0,0,0,7,5,6,3,1,6,2,23,5,1199,1,14,5,1,5
201631D013716,1,11,0,9,0,6,0,0,0,0,3,1,1,1,62,9,4250,2,2,4,2,4