Accident_Index,Vehicle_Reference,Vehicle_Type,Towing_and_Articulation,Vehicle_Manoeuvre,Vehicle_Location-Restricted_Lane,Junction_Location,Skidding_and_Overturning,Hit_Object_in_Carriageway,Vehicle_Leaving_Carriageway,Hit_Object_off_Carriageway,1st_Point_of_Impact,Was_Vehicle_Left_Hand_Drive?,Journey_Purpose_of_Driver,Sex_of_Driver,Age_of_Driver,Age_Band_of_Driver,Engine_Capacity_(CC),Propulsion_Code,Age_of_Vehicle,Driver_IMD_Decile,Driver_Home_Area_Type,Vehicle_IMD_Decile
201631D135016,2,8,0,9,0,6,0,0,0,0,3,1,6,1,45,7,1896,2,17,2,1,2
201631D135416,1,9,0,9,0,6,0,0,0,0,3,1,6,1,21,5,1995,1,10,7,1,7
201631D135416,2,9,0,18,0,1,0,0,0,0,1,1,6,1,50,8,1995,1,8,3,1,3
201631D135516,1,9,0,18,0,1,0,0,0,0,1,1,6,1,73,10,1493,2,10,9,3,9
201631D135516,2,9,0,10,0,8,0,0,0,0,2,1,2,1,48,8,1598,1,13,2,1,2
201631D135716,1,9,0,13,0,1,0,7,0,0,1,1,6,1,31,6,1596,1,13,1,1,1
201631D135716,2,19,0,18,0,2,0,0,0,0,1,1,1,1,30,6,2198,2,2,8,2,8
201631D136316,1,8,0,5,0,2,0,0,0,0,4,1,1,1,-1,-1,1797,8,2,3,1,3
201631D136716,1,9,0,18,0,0,0,0,0,0,4,1,2,3,-1,-1,1998,1,9,-1,-1,-1
201631D138216,1,9,0,18,0,4,0,9,1,4,1,1,6,2,47,8,1798,1,5,9,1,9
201631D138716,1,9,0,9,0,6,0,0,0,0,1,1,6,2,35,6,1197,1,2,3,1,3
201631D138716,2,3,0,17,0,8,0,0,0,0,4,1,6,1,27,6,125,1,4,2,1,2
201631D140916,1,9,0,2,0,2,0,0,7,0,1,1,6,3,-1,-1,1951,2,14,-1,-1,-1
201631D140916,2,9,0,2,9,2,0,0,0,0,2,1,6,3,-1,-1,1461,2,9,-1,-1,-1
201631D140916,3,9,0,2,9,2,0,0,0,0,2,1,6,3,-1,-1,1997,2,1,-1,-1,-1
201631D141516,1,9,0,16,0,0,2,0,1,9,4,1,1,1,32,6,-1,-1,-1,-1,-1,-1
201631D142616,1,9,0,13,0,0,0,0,0,0,4,1,6,2,65,9,2720,2,10,10,3,10
201631D142616,2,1,0,18,0,0,0,10,1,0,2,1,6,1,37,7,-1,-1,-1,10,1,10
201631D142716,1,22,0,18,9,0,0,0,0,0,1,1,6,1,-1,-1,-1,-1,-1,-1,-1,-1
201631D142916,1,19,0,9,0,5,0,0,0,0,1,1,6,1,41,7,-1,-1,-1,-1,-1,-1
201631D142916,2,9,0,18,0,1,0,0,0,0,3,1,2,2,50,8,1995,2,-1,10,1,10
201631D143116,1,19,0,18,0,1,0,0,0,0,1,1,2,1,57,9,2494,2,12,4,1,4
201631D143116,2,9,0,3,0,1,0,0,0,0,2,1,2,2,19,4,1398,2,11,10,1,10
201631D143316,1,90,0,18,0,0,0,0,0,0,3,1,1,2,25,5,2999,2,-1,2,1,2
201631D143316,2,18,1,18,1,0,0,0,0,0,1,1,1,1,25,5,-1,-1,-1,3,1,3
201631D143416,1,9,0,6,0,0,0,0,7,11,3,1,6,1,29,6,1198,1,11,2,1,2
201631D143416,2,9,0,18,0,0,0,0,7,0,1,1,6,1,23,5,1968,2,7,10,1,10
201631D144016,1,9,0,18,0,0,5,7,0,0,1,1,2,1,49,8,1995,2,12,1,1,1
201631D144216,1,20,0,17,0,0,1,0,1,4,1,1,1,1,55,8,-1,-1,-1,2,1,2
201631D144716,1,9,0,18,0,0,2,0,1,2,1,1,6,1,29,6,1796,1,13,2,1,2
201631D144916,1,9,0,13,0,0,0,0,0,0,1,1,6,1,-1,-1,1396,1,10,10,2,10
201631D144916,2,1,0,18,0,0,0,0,1,0,3,1,6,1,14,3,-1,-1,-1,10,3,10
201631D145016,1,9,0,13,0,0,0,0,0,0,4,1,6,2,45,7,1248,2,4,10,2,10
201631D145016,2,1,0,18,0,0,0,0,0,0,3,1,6,2,35,6,-1,-1,-1,6,1,6
201631D145416,1,9,0,9,0,6,0,0,0,0,1,1,6,1,23,5,1598,1,14,6,1,6
201631D145416,2,9,0,18,0,8,0,0,0,0,1,1,6,2,35,6,1984,1,7,4,1,4
201631D145516,1,9,0,18,0,0,2,0,1,9,1,1,1,1,32,6,2143,2,6,4,1,4
201631D145916,1,9,0,18,0,0,0,0,0,0,1,1,6,1,31,6,4395,1,3,9,1,9
201631D145916,2,9,0,3,0,0,0,0,7,0,2,1,6,2,27,6,1242,1,7,7,2,7
201631D146616,1,11,0,2,0,0,0,0,0,0,2,1,6,1,39,7,7300,2,8,2,1,2
201631D146616,2,11,0,5,0,0,0,0,0,0,1,1,6,1,52,8,-1,-1,-1,3,1,3
201631D146716,1,9,0,9,0,5,0,0,0,0,4,1,6,1,-1,-1,2967,2,3,8,1,8
201631D146716,2,9,0,18,0,8,0,0,0,0,1,1,1,2,23,5,1360,1,10,9,2,9
201631D147616,1,9,0,18,0,0,0,0,0,0,3,1,2,1,19,4,1242,1,10,5,1,5
201631D147616,2,9,0,18,0,0,0,0,0,0,3,1,6,2,36,7,1364,1,12,8,1,8
201631D148316,1,9,0,6,0,0,0,0,1,0,3,1,6,2,67,10,1299,1,15,1,1,1
201631D148316,2,19,0,18,0,0,0,0,7,9,1,1,2,1,42,7,2198,2,1,8,3,8
201631D149016,1,9,0,18,0,1,0,0,0,0,1,1,6,1,69,10,1242,1,11,1,1,1
201631D149016,2,19,0,10,0,8,0,0,0,0,2,1,6,1,31,6,1248,2,11,-1,-1,-1
201631D149316,1,8,0,7,0,6,0,0,0,0,4,1,1,1,62,9,-1,-1,-1,9,1,9
201631D149416,1,9,0,12,0,0,0,0,0,0,1,1,2,2,24,5,1199,1,14,5,1,5
201631D149416,2,9,0,4,0,0,0,0,0,0,2,1,2,1,44,7,1461,2,9,2,1,2
201631D149416,3,9,0,18,0,0,0,0,0,0,1,1,2,1,23,5,1598,2,2,9,1,9
201631D149416,4,9,0,18,0,0,0,0,0,0,1,1,2,1,54,8,2995,1,1,7,1,7
201631D149416,5,9,0,18,0,0,0,0,0,0,1,1,2,1,25,5,1598,2,5,-1,-1,-1
201631D149416,6,9,0,18,0,0,0,0,0,0,1,1,2,1,43,7,1968,2,2,3,1,3
201631D149416,7,9,0,18,0,0,0,0,0,0,1,1,6,3,-1,-1,-1,-1,-1,-1,-1,-1
201631D149416,8,9,0,18,0,0,0,0,0,0,1,1,6,3,-1,-1,-1,-1,-1,-1,-1,-1
201631D149916,1,19,0,13,0,0,0,0,0,0,1,1,1,1,22,5,1248,2,10,8,1,8
201631D149916,2,9,0,18,0,0,0,0,1,9,1,1,6,2,31,6,998,1,10,7,3,7
201631D149916,3,21,1,18,0,0,0,0,0,0,3,1,1,1,55,8,12902,2,1,4,1,4
201631D150016,1,9,0,17,0,0,0,0,0,0,1,1,6,2,59,9,3199,1,15,7,3,7
201631D150016,2,9,0,16,0,0,0,0,0,0,1,1,6,1,49,8,1910,2,8,10,3,10
201631D150216,1,9,0,9,0,6,0,0,0,0,1,1,6,2,27,6,999,1,1,-1,-1,-1
201631D150216,2,9,0,18,0,8,0,0,0,0,4,1,6,1,30,6,1595,1,7,-1,-1,-1
201631D150516,1,9,0,18,0,1,0,0,0,0,3,1,6,2,55,8,1998,1,1,10,1,10
201631D151016,1,9,0,4,0,1,0,0,0,0,1,1,6,1,27,6,1910,2,12,4,1,4
201631D151016,2,9,0,8,0,1,0,0,0,0,2,1,6,1,52,8,1380,1,11,6,1,6
201631D151416,1,9,0,11,0,0,0,7,7,2,1,1,2,2,26,6,1229,1,8,2,1,2
201631D151416,2,9,0,18,0,0,0,0,0,0,0,1,6,3,-1,-1,-1,-1,-1,-1,-1,-1
201631D152516,1,9,0,4,0,1,0,0,0,0,1,1,6,1,-1,-1,1910,2,10,-1,-1,-1
201631D152516,2,19,0,4,0,1,0,0,0,0,2,1,6,1,33,6,1998,2,14,7,2,7
201631D152616,1,1,0,9,0,6,0,0,0,0,0,1,6,3,-1,-1,-1,-1,-1,-1,-1,-1
201631D152616,2,9,0,16,0,1,1,0,7,11,1,1,6,1,18,4,1991,2,10,10,1,10
201631D153216,1,9,0,17,0,0,0,0,1,4,1,1,6,1,25,5,1598,1,9,2,1,2
201631D154316,1,9,0,9,0,5,0,0,0,0,1,1,6,1,28,6,1995,2,5,4,1,4
201631D154316,2,9,0,7,0,6,0,10,1,0,3,1,6,2,70,10,1598,1,5,8,1,8
201631D154916,1,1,0,18,0,2,0,0,0,0,1,1,6,1,75,10,-1,-1,-1,9,2,9
201631D154916,2,19,0,7,0,5,0,0,0,0,4,1,1,1,51,8,-1,-1,-1,-1,-1,-1
201631D155116,1,9,0,18,0,1,0,0,0,0,1,1,2,1,32,6,1598,2,4,10,1,10
201631D155116,2,9,0,4,0,1,0,0,0,0,2,1,2,2,37,7,999,1,4,2,1,2
201631D155716,1,9,0,7,0,4,0,0,1,2,3,1,6,1,78,11,1948,1,15,6,1,6
201631D155716,2,9,0,18,0,8,0,0,0,0,1,1,6,1,34,6,1968,2,10,3,1,3
201631D155916,1,11,0,5,0,1,0,0,0,0,4,1,1,1,66,10,7300,2,8,4,1,4
201631D156116,1,9,0,9,0,6,0,0,0,0,3,1,6,2,61,9,1197,1,3,7,1,7
201631D156116,2,3,0,18,0,8,0,0,0,0,1,1,2,1,57,9,125,1,2,7,1,7
201631D156416,1,9,0,5,0,0,0,0,0,0,0,1,6,1,-1,-1,1968,2,5,-1,-1,-1
201631D156416,2,9,0,14,0,0,0,7,0,0,3,1,6,2,34,6,1798,1,9,6,1,6
201631D156716,1,9,0,9,0,6,0,0,0,0,3,1,6,1,28,6,1997,2,8,9,2,9
201631D156716,2,9,0,18,0,8,0,10,7,0,1,1,6,2,54,8,996,1,3,6,1,6
201631D156916,1,9,0,18,0,8,0,0,0,0,1,1,6,1,25,5,1995,2,12,3,1,3
201631D156916,2,9,0,9,0,6,0,0,0,0,1,1,6,1,-1,-1,1968,2,3,2,1,2
201631D157316,1,9,0,9,0,6,0,0,0,0,1,1,6,2,29,6,1587,1,11,8,1,8
201631D157316,2,1,0,18,0,8,0,0,0,0,4,1,6,1,27,6,-1,-1,-1,5,1,5
201631D157416,1,9,0,18,0,0,0,4,0,0,1,1,6,2,46,8,998,1,17,3,1,3
201631D157416,2,9,0,2,0,0,0,0,0,0,1,1,6,3,-1,-1,1598,1,7,-1,-1,-1
201631D158116,1,11,0,14,0,0,0,0,0,0,1,1,6,1,53,8,4250,2,14,10,1,10
201631D158116,2,5,0,18,0,0,1,0,0,0,1,1,2,1,22,5,998,1,13,8,1,8
201631D159016,1,19,0,9,0,5,0,0,0,0,4,1,6,1,33,6,1560,2,2,2,1,2
201631D159016,2,5,0,18,0,8,1,0,0,0,1,1,2,1,24,5,955,1,19,3,1,3
201631D159216,1,19,0,13,0,8,1,0,7,11,1,1,2,1,50,8,-1,-1,-1,4,1,4
201631D159216,2,9,0,9,0,6,0,0,0,0,1,1,6,2,-1,-1,1870,2,9,4,1,4
201631D159216,3,9,0,2,0,2,0,0,0,0,4,1,6,1,70,10,1596,1,11,3,1,3
201631D159416,1,9,0,16,0,0,1,10,1,9,1,1,6,1,20,4,1598,1,14,7,1,7
201631D159816,1,9,0,18,0,0,0,0,0,0,1,1,6,1,25,5,2000,1,10,9,1,9
201631D159816,2,9,0,18,0,0,0,0,0,0,2,1,6,1,45,7,1329,1,-1,5,1,5
201631D159916,1,5,0,18,0,1,1,0,0,0,1,1,6,1,34,6,599,1,8,2,1,2
201631D159916,2,9,0,9,0,6,0,0,0,0,3,1,2,1,37,7,1995,2,5,1,1,1
201631D160016,1,9,0,18,0,1,0,0,0,0,1,1,6,1,-1,-1,1598,1,13,-1,-1,-1
201631D160016,2,9,0,3,0,1,0,0,0,0,2,1,6,2,32,6,1769,1,11,8,1,8
201631D160716,1,5,0,14,0,1,0,0,0,0,1,1,6,1,24,5,645,1,8,6,1,6
201631D160716,2,9,0,9,0,6,0,0,0,0,1,1,6,2,55,8,1997,1,13,4,1,4
201631D160716,3,19,0,4,0,1,0,0,0,0,0,1,1,1,42,7,1560,2,2,6,1,6
201631D160916,1,21,1,18,0,0,0,0,0,0,0,1,1,1,25,5,7790,2,10,-1,-1,-1
201631D160916,2,16,0,18,0,0,0,0,0,0,0,1,6,2,8,2,-1,-1,-1,-1,-1,-1
201631D161116,1,19,0,4,0,1,0,0,0,0,0,1,1,2,27,6,-1,-1,-1,4,1,4
201631D161216,1,9,0,18,0,1,0,0,0,0,1,1,6,1,-1,-1,1997,1,15,-1,-1,-1
201631D161216,2,1,0,18,0,1,0,0,0,0,2,1,6,1,16,4,-1,-1,-1,5,1,5
201631D162416,1,19,0,5,0,1,0,0,0,0,1,1,6,3,-1,-1,-1,-1,-1,-1,-1,-1
201631D162416,2,9,0,4,0,1,0,0,0,0,2,1,6,2,40,7,1197,1,-1,10,1,10
201631D162716,1,4,0,18,0,0,0,0,1,0,3,1,6,1,50,8,244,1,8,9,2,9
201631D163016,1,9,0,18,0,0,0,0,5,6,2,1,6,1,75,10,-1,-1,-1,6,1,6
201631D163616,1,9,0,7,0,4,0,0,0,0,1,1,6,2,54,8,1685,2,1,9,1,9
201631D163616,2,9,0,18,0,8,0,0,0,0,4,1,6,2,69,10,1798,1,9,10,2,10
201631D163716,1,3,0,18,0,1,0,0,0,0,1,1,6,1,28,6,125,1,12,-1,-1,-1
201631D163716,2,3,0,3,0,1,0,0,0,0,2,1,6,1,20,4,108,1,1,-1,-1,-1
201631D164416,1,9,0,1,9,0,0,4,0,0,2,1,2,2,53,8,1985,1,16,8,1,8
201631D164416,2,9,0,2,9,0,0,0,0,0,2,1,6,3,-1,-1,1149,1,8,-1,-1,-1
201631D164616,1,9,0,6,0,0,0,0,0,0,3,1,6,1,74,10,1598,1,1,2,1,2
201631D164616,2,1,0,13,0,0,0,0,0,0,1,1,6,1,38,7,-1,-1,-1,8,1,8
201631D165316,1,19,0,7,0,6,0,0,0,0,2,1,6,1,45,7,1248,2,5,5,1,5
201631D165316,2,9,0,18,0,8,0,0,7,11,1,1,6,2,49,8,1398,1,1,5,1,5
201631D166116,1,9,0,18,0,1,0,0,0,0,1,1,6,2,38,7,1997,2,5,2,1,2
201631D166116,2,9,0,3,0,1,0,0,0,0,2,1,6,2,43,7,1998,1,2,6,1,6
201631D166116,3,9,0,3,0,1,0,0,0,0,2,1,6,1,67,10,2143,2,2,10,1,10
201631D166216,1,9,0,9,0,6,0,0,0,0,3,1,6,2,76,11,3456,8,3,10,1,10
201631D166216,2,9,0,18,0,1,0,0,0,0,1,1,6,1,27,6,2143,2,4,1,1,1
201631D166316,1,9,0,17,0,0,0,7,0,0,1,1,6,2,33,6,1598,1,12,1,1,1
201631D166516,1,9,0,18,0,0,0,0,5,6,3,1,6,1,31,6,1995,2,5,7,1,7
201631D166616,1,19,0,18,0,1,0,0,0,0,1,1,6,1,35,6,2402,2,12,1,1,1
201631D166616,2,9,0,10,0,5,0,0,0,0,2,1,6,1,34,6,1988,2,10,5,1,5
201631D167016,1,9,0,5,0,4,0,0,0,0,1,1,6,1,70,10,1396,1,21,8,1,8
201631D167016,2,3,0,18,0,8,0,0,0,0,4,1,6,2,18,4,125,1,4,4,1,4
201631D167516,1,9,0,18,0,0,1,0,1,9,1,1,6,1,25,5,1968,2,8,10,1,10
201631D167616,1,9,0,18,0,4,0,0,1,0,1,1,6,1,21,5,1968,2,6,10,1,10
201631D167616,2,9,0,18,0,8,0,0,7,0,4,1,6,2,38,7,1198,1,4,7,1,7
201631D167716,1,1,0,18,0,0,0,0,0,0,4,1,6,1,11,3,-1,-1,-1,7,1,7
201631D167716,2,9,0,18,0,0,0,0,0,0,1,1,6,1,83,11,2143,2,4,7,1,7
201631D168116,1,9,0,7,0,1,0,0,0,0,1,1,1,1,23,5,1242,1,1,10,1,10
201631D168116,2,9,0,8,0,1,0,0,0,0,2,1,6,1,53,8,2143,2,2,-1,-1,-1
201631D168916,1,9,0,18,0,0,0,4,0,0,1,1,6,2,48,8,1560,2,4,2,1,2
201631D168916,2,21,1,2,6,0,0,0,0,0,2,2,1,1,26,6,-1,-1,-1,-1,-1,-1
201631D169416,1,9,0,18,0,0,0,10,1,4,1,1,6,2,46,8,1598,1,14,10,3,10
201631D169916,1,9,0,18,0,1,0,0,0,0,1,1,6,1,-1,-1,-1,-1,-1,-1,-1,-1
201631D171416,1,9,0,18,0,4,0,0,0,0,1,1,6,1,48,8,1242,1,8,1,1,1
201631D171416,2,9,0,9,0,8,0,0,0,0,1,1,6,1,41,7,1598,2,-1,3,1,3
201631D171616,1,1,0,15,0,8,0,0,0,0,1,1,6,1,-1,-1,-1,-1,-1,5,1,5
201631D171616,2,9,0,7,0,5,0,0,0,0,4,1,1,1,58,9,1599,1,8,6,1,6
201631D171716,1,9,0,18,0,8,0,0,0,0,1,1,6,1,26,6,2143,2,3,5,1,5
201631D171716,2,9,0,9,0,5,0,0,0,0,1,1,2,1,55,8,1587,1,13,8,1,8
201631D172016,1,10,0,18,0,8,0,0,0,0,0,1,1,1,65,9,2463,2,10,2,1,2
201631D172616,1,9,0,9,0,5,0,0,0,0,0,1,1,2,45,7,1686,2,13,6,1,6
201631D172916,1,9,0,17,0,2,0,0,0,0,1,1,6,1,-1,-1,-1,-1,-1,-1,-1,-1
201631D173216,1,9,0,7,0,6,0,0,0,0,3,1,2,2,28,6,1388,1,13,1,1,1
201631D173216,2,9,0,18,0,8,0,0,0,0,1,1,6,1,49,8,2435,1,14,6,1,6
201631D173516,1,8,0,18,0,8,0,0,0,0,1,1,1,1,32,6,1995,2,4,2,1,2
201631D173516,2,9,0,18,0,8,1,0,1,4,4,1,6,1,19,4,1397,1,16,-1,-1,-1
201631D173616,1,9,0,18,0,8,0,4,0,0,1,1,6,1,37,7,1560,2,9,6,2,6
201631D173616,2,9,0,2,0,8,0,0,0,0,1,1,6,2,66,10,1248,2,3,-1,1,-1
201631D173816,1,9,0,18,0,8,0,0,3,2,1,1,6,1,-1,-1,1595,1,4,-1,-1,-1
201631D173816,2,9,0,18,0,8,0,0,0,0,4,1,2,2,51,8,1124,1,9,10,1,10
201631D174316,1,9,0,17,0,8,0,0,0,0,3,1,6,2,26,6,1398,1,14,10,2,10
201631D174316,2,9,0,7,0,3,0,0,0,0,4,1,6,2,26,6,1242,1,1,10,2,10
201631D174516,1,19,0,18,0,8,0,0,0,0,1,1,1,1,29,6,1560,2,2,5,1,5
201631D174516,2,9,0,18,0,8,0,0,0,0,3,1,6,2,24,5,1582,2,5,9,3,9
201631D174816,1,9,0,18,0,0,0,0,0,0,1,1,6,2,26,6,1388,1,10,7,2,7
201631D174816,2,9,0,2,0,0,0,0,0,0,2,1,1,2,41,7,1998,1,8,7,1,7
201631D175516,1,11,0,2,0,0,0,0,0,0,0,1,1,1,51,8,9000,2,2,9,1,9
201631D175616,1,1,0,18,0,0,0,0,0,0,1,1,6,1,13,3,-1,-1,-1,4,1,4
201631D175616,2,9,0,2,0,0,0,0,0,0,2,1,6,3,-1,-1,-1,-1,-1,-1,-1,-1
201631D176116,1,9,0,18,0,2,0,0,0,0,1,1,6,2,28,6,1995,2,10,10,1,10
201631D176116,2,9,0,4,0,2,0,0,0,0,2,1,3,2,41,7,1398,2,10,1,1,1
201631D176116,3,9,0,3,0,2,0,0,0,0,2,1,6,1,33,6,2496,1,13,1,1,1
201631D176316,1,9,0,9,0,6,0,0,0,0,1,1,6,2,59,9,2179,2,3,3,1,3
201631D176316,2,22,0,18,0,2,0,0,0,0,3,1,6,2,43,7,-1,-1,-1,2,1,2
201631D177016,1,9,0,18,0,6,0,0,0,0,1,1,6,1,-1,-1,2319,1,20,-1,-1,-1
201631D177016,2,9,0,18,0,8,0,0,0,0,4,1,6,1,78,11,1197,1,2,10,2,10
201631D177416,1,9,0,18,0,0,0,0,0,0,1,1,2,1,44,7,998,1,3,5,1,5
201631D177416,2,1,0,18,0,0,0,0,0,0,3,1,4,1,14,3,-1,-1,-1,-1,-1,-1
201631D177516,1,1,0,18,1,0,0,0,0,0,3,1,6,2,15,3,-1,-1,-1,4,1,4
201631D177516,2,18,2,18,1,0,0,0,0,0,4,1,1,3,-1,-1,-1,-1,-1,-1,-1,-1
201631D178016,1,9,0,13,0,8,2,10,7,9,4,1,2,1,35,6,998,1,5,1,1,1
201631D178116,1,9,0,18,0,2,0,0,0,0,1,1,6,3,-1,-1,-1,-1,-1,-1,-1,-1
201631D179316,1,5,0,18,0,0,0,0,0,0,1,1,6,1,28,6,636,1,13,4,1,4
201631D179316,2,1,0,18,0,0,0,0,0,0,3,1,6,2,15,3,-1,-1,-1,-1,-1,-1
201631D179516,1,1,0,12,2,0,0,0,0,0,3,1,6,1,22,5,-1,-1,-1,10,1,10
201631D179516,2,11,0,18,2,0,0,0,0,0,4,1,6,1,-1,-1,-1,-1,-1,-1,-1,-1
201631D179616,1,9,0,18,0,1,5,10,0,0,4,1,6,2,23,5,1587,1,13,2,1,2
201631D180316,1,9,0,18,0,2,0,0,0,0,1,1,6,2,36,7,1587,1,12,5,1,5
201631D180316,2,1,0,18,0,2,0,0,0,0,3,1,6,1,17,4,-1,-1,-1,10,2,10
201631D180916,1,9,0,18,0,1,0,0,0,0,1,1,6,1,-1,-1,1388,1,13,-1,-1,-1
201631D180916,2,9,0,4,0,1,0,0,0,0,2,1,6,2,50,8,1332,1,18,4,1,4
201631D181916,1,9,0,13,0,0,0,0,0,0,3,1,6,1,20,4,1968,2,9,6,1,6
201631D181916,2,9,0,18,0,0,0,0,0,0,3,1,6,1,36,7,1582,2,4,1,1,1
201631D182216,1,9,0,1,0,0,0,0,1,11,3,1,6,2,57,9,3456,8,1,6,1,6
201631D182416,1,9,0,18,0,1,0,0,0,0,1,1,6,1,-1,-1,-1,-1,-1,-1,-1,-1
201631D182416,2,9,0,3,0,1,0,0,0,0,2,1,2,2,52,8,1798,8,-1,10,2,10
201631D182916,1,9,0,18,0,8,0,0,1,11,1,1,1,1,40,7,1797,8,6,8,1,8
201631D182916,2,9,0,18,0,8,0,0,0,0,3,1,6,1,20,4,1560,2,1,7,1,7
201631D183116,1,9,0,18,0,8,1,7,0,0,1,1,6,3,-1,-1,1598,2,3,-1,-1,-1
201631D183116,2,9,0,18,0,8,1,0,0,0,1,1,1,1,30,6,1797,8,2,8,1,8
201631D183516,1,9,0,9,0,5,0,0,0,0,4,1,6,1,20,4,1242,1,12,2,1,2
201631D183516,2,5,0,18,0,8,0,0,0,0,1,1,6,1,34,6,865,1,1,5,1,5
201631D184016,1,9,0,18,0,0,0,0,0,0,1,1,6,3,-1,-1,-1,-1,-1,-1,-1,-1
201631D184016,2,1,0,18,0,0,0,0,0,0,2,1,6,1,54,8,-1,-1,-1,1,1,1
201631D185016,1,1,0,18,9,2,0,0,0,0,1,1,6,1,52,8,-1,-1,-1,3,1,3
201631D185216,1,9,0,18,0,1,1,0,0,0,1,1,6,1,21,5,1229,1,4,4,1,4
201631D185216,2,9,0,4,0,1,0,0,0,0,2,1,6,2,33,6,1896,2,11,8,1,8
201631D185316,1,9,0,1,0,0,0,0,0,0,2,1,1,1,32,6,1461,2,-1,6,1,6
201631D185316,2,5,0,3,0,0,0,0,0,0,1,1,6,2,43,7,599,1,9,6,1,6
201631D185716,1,9,0,9,0,6,0,0,1,1,1,1,6,1,20,4,796,1,14,2,1,2
201631D185716,2,9,0,18,0,8,0,0,0,0,4,1,6,1,28,6,2967,2,8,3,1,3
201631D185916,1,9,0,9,0,5,0,0,0,0,1,1,6,2,48,8,1798,8,3,8,1,8
201631D185916,2,9,0,18,0,1,0,0,0,0,1,1,6,1,33,6,1560,2,8,1,1,1
201631D186216,1,9,0,7,0,4,0,0,0,0,4,1,1,2,-1,-1,1598,2,3,9,2,9
201631D186216,2,1,0,7,0,4,0,0,0,0,3,1,1,1,50,8,-1,-1,-1,9,1,9
201631D186316,1,9,0,18,0,1,0,0,0,0,1,1,1,2,-1,-1,1299,1,14,2,1,2
201631D186316,2,9,0,1,0,6,0,0,0,0,2,1,1,2,51,8,1598,2,1,8,1,8
201631D186416,1,19,0,14,0,0,0,0,0,0,1,1,1,1,35,6,2198,2,1,7,2,7
201631D186416,2,9,0,2,0,0,0,4,0,0,2,1,1,1,29,6,1988,1,16,1,1,1
201631D187416,1,9,0,15,0,1,0,0,0,0,3,1,6,1,-1,-1,1800,1,17,-1,-1,-1
201631D187416,2,9,0,11,0,1,0,0,0,0,4,1,6,1,70,10,1598,1,2,9,2,9
201631D187716,1,9,0,5,0,0,0,0,0,0,0,1,3,2,47,8,1997,2,5,3,1,3
201631D188416,1,19,0,18,0,0,0,0,0,0,0,1,1,3,-1,-1,-1,-1,-1,-1,-1,-1
201631D188416,2,1,0,18,0,0,0,0,1,0,3,1,6,1,64,9,-1,-1,-1,9,3,9
201631D189516,1,9,0,17,0,0,5,10,1,4,4,1,6,1,18,4,1229,1,5,9,3,9
201631D190816,1,9,0,13,0,0,0,0,0,0,0,1,6,2,33,6,1995,2,1,5,1,5
201631D190816,2,9,0,16,0,0,0,0,0,0,2,1,6,1,71,10,1600,1,5,5,1,5
201631D190816,3,9,0,16,0,0,0,0,0,0,1,1,6,1,27,6,1364,1,-1,4,1,4
201631D191316,1,9,0,14,0,0,0,0,0,0,4,1,6,3,-1,-1,-1,-1,-1,-1,-1,-1
201631D191816,1,9,0,9,0,5,0,7,0,0,1,1,6,2,21,5,1149,1,9,8,1,8
201631D191816,2,9,0,18,0,8,0,0,0,0,1,1,1,1,73,10,1896,2,7,2,1,2
201631D192116,1,9,0,14,0,0,0,0,0,0,1,1,6,2,66,10,1598,1,4,10,2,10
201631D192416,1,9,0,18,0,1,1,0,0,0,1,1,6,1,47,8,1968,2,1,6,1,6
201631D192616,1,9,0,18,0,1,1,0,1,0,1,1,6,1,44,7,-1,-1,-1,10,2,10
201631D192616,2,9,0,10,0,1,0,0,0,0,3,1,6,1,46,8,1968,2,3,8,3,8
201631D193816,1,9,0,16,0,0,1,0,1,4,4,1,1,1,28,6,1124,1,12,6,1,6
201631D194216,1,3,0,18,0,1,0,0,0,0,1,1,6,1,32,6,124,1,1,5,1,5
201631D194216,2,9,0,4,0,1,0,0,0,0,2,1,6,2,29,6,1596,1,8,4,1,4
201631D195216,1,9,0,18,0,0,0,0,0,0,1,1,6,3,-1,-1,1560,2,8,-1,-1,-1
201631D195216,2,9,0,4,0,0,0,0,0,0,2,1,1,1,29,6,1956,2,5,1,1,1
201631D195816,1,9,0,18,0,0,0,4,0,0,1,1,1,2,26,6,1900,2,11,-1,-1,-1
201631D195816,2,9,0,2,0,0,0,0,0,0,1,1,6,3,-1,-1,998,1,2,-1,-1,-1
201631D195916,1,3,0,18,0,0,0,0,0,0,4,1,6,1,48,8,125,1,-1,3,1,3
201631D196116,1,9,0,7,0,2,0,0,0,0,1,1,6,3,-1,-1,-1,-1,-1,-1,-1,-1
201631D196116,2,9,0,18,0,2,0,0,1,2,4,1,6,1,56,9,1399,2,10,8,1,8
201631D197216,1,9,0,5,0,4,0,0,0,0,1,1,6,2,50,8,1900,2,10,1,1,1
201631D197216,2,1,0,18,0,8,0,0,0,0,4,1,2,2,38,7,-1,-1,-1,10,1,10
201631D198216,1,9,0,18,0,4,0,0,0,0,1,1,6,1,89,11,1240,1,11,5,1,5
201631D198216,2,9,0,18,0,8,0,0,0,0,1,1,1,1,45,7,1598,2,3,10,1,10
201631D198416,1,9,0,18,0,6,0,0,0,0,1,1,6,2,-1,-1,1598,1,9,8,3,8