Accident_Index,Vehicle_Reference,Vehicle_Type,Towing_and_Articulation,Vehicle_Manoeuvre,Vehicle_Location-Restricted_Lane,Junction_Location,Skidding_and_Overturning,Hit_Object_in_Carriageway,Vehicle_Leaving_Carriageway,Hit_Object_off_Carriageway,1st_Point_of_Impact,Was_Vehicle_Left_Hand_Drive?,Journey_Purpose_of_Driver,Sex_of_Driver,Age_of_Driver,Age_Band_of_Driver,Engine_Capacity_(CC),Propulsion_Code,Age_of_Vehicle,Driver_IMD_Decile,Driver_Home_Area_Type,Vehicle_IMD_Decile
201631D254316,2,21,0,18,0,1,0,0,0,0,3,1,1,1,48,8,12740,2,-1,7,3,7
201631D255416,1,9,0,18,0,0,0,0,0,0,1,1,6,2,43,7,1587,1,8,4,2,4
201631D256916,1,9,0,16,0,0,1,0,1,0,3,1,1,1,32,6,1910,2,9,2,1,2
201631D256916,2,8,0,17,0,0,1,0,0,0,3,1,1,1,-1,-1,2664,2,15,6,1,6
201631D257216,1,3,0,16,0,8,0,4,0,0,3,1,2,1,29,6,125,1,8,1,1,1
201631D257216,2,9,0,2,0,8,0,0,0,0,4,1,6,2,26,6,1968,2,4,3,1,3
201631D257516,1,9,0,9,0,6,0,0,0,0,3,1,6,1,67,10,1798,1,4,8,1,8
201631D257516,2,3,0,18,0,8,0,0,0,0,1,1,2,1,20,4,125,1,1,7,1,7
201631D257916,1,9,0,17,0,0,1,0,7,4,1,1,6,1,18,4,998,1,14,10,2,10
201631D258016,1,9,0,5,0,1,2,0,0,0,1,1,6,2,54,8,1598,1,8,4,1,4
201631D258716,1,9,0,9,0,6,0,0,0,0,1,1,3,2,37,7,2987,2,7,6,1,6
201631D258716,2,1,0,7,0,6,0,0,0,0,1,1,1,1,62,9,-1,-1,-1,3,1,3
201631D259716,1,9,0,16,0,0,5,10,7,11,1,1,6,1,28,6,1984,2,7,4,1,4
201631D259716,2,9,0,2,9,0,0,0,0,0,4,1,6,3,-1,-1,1386,1,3,-1,-1,-1
201631D260016,1,19,0,4,0,0,0,0,1,3,1,1,1,1,28,6,1753,2,8,6,1,6
201631D260416,1,2,0,18,0,8,1,0,0,0,3,1,6,1,17,4,49,1,5,3,1,3
201631D260816,1,9,0,18,0,1,0,0,0,0,1,1,6,2,85,11,1229,1,11,10,1,10
201631D261116,1,9,0,18,0,8,0,0,0,0,1,1,6,1,45,7,1781,1,15,1,1,1
201631D261116,2,9,0,9,0,8,0,0,0,0,1,1,6,1,24,5,2457,1,8,7,3,7
201631D262016,1,9,0,9,0,5,0,0,0,0,1,1,6,2,22,5,999,1,2,8,1,8
201631D262016,2,9,0,18,0,8,1,0,0,0,4,1,6,1,35,6,1995,2,9,7,1,7
201631D262416,1,9,0,9,0,5,0,0,0,0,1,1,6,1,48,8,1997,2,8,7,3,7
201631D262416,2,1,0,10,0,1,0,0,0,0,1,1,6,1,42,7,-1,-1,-1,7,3,7
201631D262516,1,9,0,18,0,0,0,0,1,9,1,1,6,2,45,7,1086,1,10,7,2,7
201631D262716,1,11,0,18,0,1,0,0,0,0,0,1,1,1,34,6,4250,2,16,1,1,1
201631D262716,2,9,0,9,0,8,0,0,0,0,0,1,6,1,-1,-1,-1,-1,-1,-1,-1,-1
201631D263416,1,9,0,5,0,1,0,0,0,0,1,1,6,1,47,8,647,8,-1,-1,-1,-1
201631D263416,2,9,0,3,0,1,0,0,0,0,2,1,1,1,31,6,-1,-1,-1,3,2,3
201631D263916,1,9,0,18,0,0,0,0,0,0,1,1,6,1,-1,-1,-1,-1,-1,-1,-1,-1
201631D263916,2,9,0,18,0,0,0,0,0,0,1,1,6,1,45,7,1560,2,2,10,2,10
201631D264316,1,9,0,17,0,0,5,10,7,9,4,1,2,2,69,10,1596,1,14,10,3,10
201631D264616,1,19,0,18,0,4,0,0,0,0,1,1,6,1,-1,-1,-1,-1,-1,-1,-1,-1
201631D264616,2,9,0,18,0,4,0,0,0,0,2,1,2,1,38,7,998,1,4,2,1,2
201631D264816,1,19,0,9,0,5,0,0,0,0,4,1,6,1,28,6,2402,2,14,4,1,4
201631D264816,2,1,0,18,0,1,0,0,0,0,1,1,6,1,18,4,-1,-1,-1,8,1,8
201631D264916,1,11,0,2,0,0,0,0,0,0,0,1,1,1,48,8,6374,2,11,10,1,10
201631D265216,1,9,0,17,0,0,2,0,7,9,1,1,2,1,23,5,1149,1,8,-1,-1,-1
201631D265316,1,9,0,18,0,0,0,11,0,0,1,1,6,1,29,6,1956,2,5,2,1,2
201631D265516,1,9,0,17,0,0,1,10,1,11,1,1,2,1,30,6,2171,2,13,2,1,2
201631D266516,1,9,0,18,0,0,1,0,2,0,1,1,6,2,19,4,1398,1,1,7,2,7
201631D266516,2,9,0,18,0,0,1,0,0,0,1,1,1,2,43,7,1248,1,6,10,2,10
201631D266616,1,1,0,12,0,0,0,0,0,0,2,1,6,1,19,4,-1,-1,-1,10,2,10
201631D266616,2,9,0,18,0,0,0,0,0,0,1,1,6,1,71,10,1997,2,15,4,2,4
201631D267016,1,9,0,18,0,0,0,0,0,0,1,1,2,2,30,6,1229,1,3,4,1,4
201631D267016,2,10,0,2,0,0,0,0,0,0,2,1,1,1,-1,-1,-1,-1,-1,1,1,1
201631D267116,1,9,0,18,0,1,0,0,0,0,1,1,6,1,37,7,-1,-1,-1,7,1,7
201631D267116,2,9,0,3,0,1,0,0,0,0,2,1,6,1,39,7,2143,2,4,9,1,9
201631D267116,3,9,0,3,0,1,0,0,0,0,2,1,6,1,60,9,1798,1,11,-1,-1,-1
201631D267116,4,9,0,3,0,1,0,0,0,0,2,1,6,1,23,5,1995,2,-1,-1,-1,-1
201631D267816,1,9,0,7,0,6,0,0,0,0,0,1,6,3,-1,-1,-1,-1,-1,-1,-1,-1
201631D267816,2,1,0,17,0,8,0,10,0,0,1,1,2,1,34,6,-1,-1,-1,2,1,2
201631D268216,1,9,0,18,0,0,0,0,0,0,1,1,2,1,80,11,998,1,-1,10,1,10
201631D268216,2,9,0,2,0,0,0,0,0,0,3,1,6,3,-1,-1,1364,1,7,-1,-1,-1
201631D268816,1,19,0,18,0,8,0,0,0,0,1,1,6,1,-1,-1,-1,-1,-1,-1,-1,-1
201631D268816,2,9,0,4,0,8,0,0,0,0,2,1,6,1,45,7,1398,1,6,1,1,1
201631D268816,3,21,1,18,0,8,0,0,0,0,3,1,1,1,46,8,10837,2,4,7,1,7
201631D269216,1,11,0,2,0,0,0,0,0,0,0,1,1,1,24,5,9000,2,13,-1,-1,-1
201631D269316,1,9,0,7,0,3,0,0,0,0,1,1,1,1,44,7,1598,1,15,10,1,10
201631D269316,2,9,0,3,0,2,0,0,0,0,2,1,6,1,31,6,998,1,2,-1,-1,-1
201631D269316,3,9,0,3,0,1,0,0,0,0,2,1,6,1,45,7,1968,2,1,3,1,3
201631D269716,1,9,0,14,0,0,0,0,0,0,4,1,1,2,38,7,1199,2,1,10,1,10
201631D269916,1,9,0,18,0,1,0,0,0,0,1,1,6,1,47,8,1596,1,10,2,1,2
201631D269916,2,9,0,3,0,1,0,0,0,0,2,1,6,1,78,11,1461,2,9,6,1,6
201631D270216,1,22,0,18,9,1,0,0,0,0,1,1,6,2,66,10,-1,-1,-1,-1,-1,-1
201631D270716,1,9,0,18,0,0,0,0,0,0,3,1,6,1,-1,-1,1753,2,7,1,1,1
201631D271116,1,9,0,7,0,7,0,0,0,0,1,1,6,1,54,8,2993,2,2,10,1,10
201631D271116,2,9,0,8,0,7,0,0,0,0,2,1,6,2,48,8,-1,-1,-1,5,2,5
201631D271616,1,9,0,18,0,4,0,0,0,0,1,1,2,2,23,5,1229,1,8,5,1,5
201631D271616,2,5,0,18,0,8,0,0,0,0,4,1,2,1,40,7,1298,1,17,6,1,6
201631D271716,1,9,0,18,0,0,0,0,0,0,1,1,6,2,19,4,998,1,3,7,1,7
201631D271716,2,9,0,2,0,0,0,0,0,0,1,1,6,3,-1,-1,1956,2,2,-1,-1,-1
201631D271816,1,9,0,18,0,0,2,0,7,10,3,1,2,2,25,5,1298,1,30,5,1,5
201631D272116,1,9,0,18,0,1,0,0,0,0,1,1,6,1,25,5,1686,2,9,9,2,9
201631D272116,2,9,0,10,0,1,0,0,0,0,2,1,6,2,26,6,1560,2,6,10,1,10
201631D272316,1,9,0,9,0,6,0,0,0,0,1,1,6,1,34,6,1794,1,13,10,1,10
201631D272316,2,19,0,18,0,8,0,0,0,0,4,1,1,1,37,7,1598,2,2,6,1,6
201631D272316,3,9,0,10,0,1,0,0,0,0,1,1,6,1,34,6,1560,2,1,8,1,8
201631D272316,4,9,0,10,0,1,0,0,0,0,1,1,6,1,41,7,1968,2,10,8,1,8
201631D272416,1,9,0,9,0,5,0,0,0,0,1,1,6,1,45,7,1598,1,11,7,1,7
201631D272516,1,9,0,9,0,5,0,0,0,0,1,1,6,2,25,5,1397,1,16,2,1,2
201631D272516,2,9,0,18,0,8,0,0,0,0,3,1,6,1,44,7,1781,1,15,9,1,9
201631D273216,1,9,0,9,0,5,0,0,0,0,1,1,6,1,49,8,2143,2,4,7,1,7
201631D273216,2,9,0,18,0,8,0,0,0,0,1,1,6,1,55,8,1998,2,7,8,2,8
201631D273416,1,9,0,18,0,1,0,0,0,0,1,1,6,1,26,6,1896,2,10,-1,-1,-1
201631D273416,2,9,0,9,0,5,0,0,0,0,3,1,6,2,63,9,1988,2,13,1,1,1
201631D273416,3,9,0,3,0,1,0,0,0,0,0,1,6,1,67,10,1598,1,9,3,1,3
201631D273416,4,9,0,2,0,1,0,0,0,0,4,1,6,2,-1,-1,1753,2,7,-1,-1,-1
201631D274516,1,9,0,18,0,0,0,0,1,0,4,1,6,1,86,11,1360,1,9,7,1,7
201631D274616,1,9,0,7,0,6,0,0,0,0,1,1,6,1,71,10,1796,1,9,10,1,10
201631D274616,2,1,0,18,0,8,0,0,0,0,4,1,6,1,55,8,-1,-1,-1,10,1,10
201631D274816,1,9,0,7,0,6,0,0,0,0,1,1,6,2,26,6,1596,1,10,5,1,5
201631D274816,2,11,0,18,0,8,0,0,0,0,3,1,6,1,56,9,9000,2,6,8,1,8
201631D275716,1,9,0,16,0,0,1,0,1,4,1,1,6,1,18,4,1560,2,9,9,1,9
201631D276416,1,9,0,16,0,2,1,7,0,0,4,1,6,2,52,8,1796,1,14,2,1,2
201631D276816,1,11,0,2,0,0,0,0,0,0,4,1,1,1,48,8,9000,2,12,5,1,5
201631D277316,1,8,0,6,0,0,0,0,0,0,0,1,1,1,-1,-1,-1,-1,-1,-1,-1,-1
201631D277616,1,9,0,16,0,2,1,0,0,0,1,1,6,2,23,5,998,1,14,7,1,7
201631D277616,2,9,0,3,0,1,0,0,0,0,3,1,6,2,33,6,1686,2,5,6,1,6
201631D277616,3,8,0,3,0,1,0,0,0,0,3,1,6,2,-1,-1,-1,-1,-1,-1,-1,-1
201631D277816,1,9,0,18,0,8,0,0,0,0,1,1,6,1,34,6,1240,1,13,3,1,3
201631D277816,2,9,0,9,0,6,0,0,0,0,1,1,6,1,61,9,1560,2,-1,8,1,8
201631D277916,1,11,0,5,0,1,0,0,0,0,0,1,1,1,56,9,9000,2,2,10,2,10
201631D278016,1,9,0,4,0,1,0,0,0,0,1,1,6,2,29,6,1360,1,9,7,1,7
201631D278016,2,9,0,3,0,1,0,0,0,0,2,1,6,2,56,9,1086,1,12,8,1,8
201631D278816,1,9,0,17,0,0,1,0,7,2,1,1,1,2,58,9,998,1,7,7,2,7
201631D279416,1,9,0,18,0,0,0,0,1,0,1,1,6,1,25,5,1794,1,12,-1,-1,-1
201631P013116,1,9,0,18,0,7,1,0,1,7,1,1,6,1,59,9,-1,-1,-1,10,1,10
201631P035316,1,9,0,18,0,0,0,0,1,0,1,1,6,2,65,9,2706,1,3,6,3,6
201631P035316,2,9,0,18,0,0,0,0,1,0,3,1,1,2,42,7,1364,2,1,7,1,7
201631P038716,1,9,0,12,0,7,0,0,5,6,2,1,2,1,26,6,1248,2,6,1,1,1
201631P038716,2,21,1,11,0,8,0,0,0,0,1,1,6,1,60,9,12419,2,4,1,1,1
201631P106416,1,19,0,4,0,1,0,0,0,0,1,1,6,1,50,8,2198,2,2,6,2,6
201631P106416,2,9,0,4,0,1,0,0,0,0,2,1,6,2,23,5,1242,1,10,4,1,4
201631P115616,1,9,0,18,0,0,0,0,5,6,3,1,2,2,35,6,2231,2,3,7,1,7
201631P119516,1,9,0,18,0,0,1,0,2,7,2,1,6,2,26,6,1995,2,10,8,2,8
201631P119516,2,9,0,18,0,0,0,0,0,0,1,1,6,2,45,7,1149,1,4,3,3,3
201631P122116,1,9,0,18,0,0,0,0,5,6,3,1,6,1,39,7,2967,2,-1,4,1,4
201631P122216,1,9,0,4,0,0,0,0,0,0,2,1,6,1,43,7,1968,2,5,1,1,1
201631P122216,2,19,0,18,0,0,0,0,0,0,1,1,1,1,-1,-1,1686,2,6,8,1,8
201631P122216,3,21,1,18,0,0,0,0,0,0,1,1,1,1,-1,-1,12777,2,-1,-1,-1,-1
201631P133316,1,9,0,18,0,0,1,0,1,7,2,1,6,1,34,6,1119,1,10,7,1,7
201631P145216,1,9,0,18,0,0,1,0,5,6,3,1,6,1,21,5,1229,1,3,9,1,9
201631P147716,1,9,0,18,0,0,1,0,1,7,1,1,6,1,39,7,1968,2,3,1,1,1
201631P182316,1,9,0,18,0,0,0,7,5,6,3,1,6,1,50,8,1560,2,6,7,1,7
201631P190416,1,9,0,3,0,0,0,0,0,0,2,1,1,1,32,6,1984,1,13,5,1,5
201631P190416,2,9,0,18,0,0,1,0,0,0,1,1,6,3,-1,-1,-1,-1,-1,-1,-1,-1
201631P222016,1,21,1,18,0,0,0,0,0,0,1,2,1,1,50,8,-1,-1,-1,-1,-1,-1
201631P222016,2,9,0,3,0,0,0,0,0,0,2,1,6,1,46,8,1497,8,6,5,1,5
201631P223616,1,9,0,18,0,1,0,0,0,0,1,1,6,1,31,6,2993,2,7,6,1,6
201631P223616,2,9,0,10,0,1,0,0,0,0,2,1,6,2,41,7,1995,2,-1,5,3,5
201631P273116,1,9,0,18,0,0,0,7,5,6,1,1,6,2,50,8,1587,1,9,3,1,3
201631P278316,1,19,0,18,0,1,0,0,0,0,1,1,1,1,25,5,1598,2,1,8,1,8
201631P278316,2,9,0,3,0,1,0,0,0,0,2,1,6,2,22,5,1108,1,14,5,1,5
2016320000639,1,9,0,18,0,0,0,0,0,0,4,1,6,3,-1,-1,-1,-1,-1,-1,-1,-1
2016320000639,2,1,0,18,0,0,2,0,1,0,3,1,2,1,28,6,-1,-1,-1,4,1,4
2016320000651,1,9,0,16,0,1,0,0,7,0,1,1,6,1,56,9,1951,2,12,3,3,3
2016320000712,1,9,0,4,0,1,0,0,0,0,1,1,6,1,69,10,1991,2,7,3,1,3
2016320000712,2,9,0,3,0,1,0,0,0,0,2,1,2,2,49,8,1560,2,5,1,1,1
2016320000728,1,9,0,18,0,1,0,0,0,0,1,1,6,1,42,7,1798,1,14,1,1,1
2016320000728,2,9,0,10,0,1,0,0,0,0,2,1,6,2,31,6,-1,-1,-1,4,1,4
2016320000728,3,9,0,10,0,1,0,0,0,0,2,1,6,2,52,8,1598,2,3,3,3,3
2016320000794,1,5,0,18,0,0,2,0,4,0,4,1,6,1,26,6,-1,-1,-1,10,2,10
2016320000936,1,9,0,17,0,1,2,10,7,3,2,1,2,1,22,5,-1,-1,-1,5,2,5
2016320001041,1,9,0,18,0,0,2,0,7,10,4,1,6,1,19,4,1390,1,16,7,1,7
2016320001041,2,9,0,17,0,0,0,0,0,0,4,1,6,1,68,10,2720,2,9,5,3,5
2016320001220,1,9,0,17,0,0,2,0,7,10,1,1,6,1,26,6,-1,-1,-1,2,1,2
2016320001384,1,9,0,18,0,0,0,0,0,0,4,1,2,1,62,9,1360,1,12,10,1,10
2016320001384,2,1,0,18,0,0,0,0,0,0,3,1,2,1,16,4,-1,-1,-1,3,1,3
2016320001439,1,9,0,5,0,1,0,0,3,11,3,1,1,1,25,5,-1,-1,-1,9,2,9
2016320001439,2,9,0,18,0,8,0,0,7,10,1,1,6,1,52,8,1560,2,6,5,2,5
2016320001544,1,9,0,18,0,2,0,0,0,0,1,1,6,1,20,4,1199,2,2,10,2,10
2016320001544,2,9,0,18,0,1,0,0,0,0,1,1,6,2,65,9,1497,8,3,2,1,2
2016320001544,3,19,0,18,0,1,0,0,0,0,1,1,6,1,46,8,1968,2,3,2,1,2
2016320001738,1,9,0,5,0,8,0,0,0,0,1,1,6,1,22,5,-1,-1,-1,-1,-1,-1
2016320001773,1,9,0,18,0,8,0,0,0,0,1,1,2,2,47,8,1299,1,9,8,1,8
2016320001773,2,9,0,9,0,8,0,0,0,0,1,1,6,1,26,6,2967,2,6,3,3,3
2016320001862,1,9,0,18,0,2,0,0,7,9,1,1,6,1,38,7,-1,-1,-1,3,3,3
2016320001862,2,9,0,18,0,1,0,0,0,7,1,1,2,2,54,8,1399,2,5,7,3,7
2016320002239,1,19,0,18,0,0,1,4,0,0,1,1,2,1,43,7,2143,2,2,4,2,4
2016320002239,2,90,0,2,0,0,0,0,0,0,2,1,1,1,39,7,4751,2,11,7,1,7
2016320002317,1,9,0,18,0,8,0,0,0,0,1,1,6,1,80,11,-1,-1,-1,4,3,4
2016320002317,2,19,0,18,0,8,0,0,0,0,1,1,6,1,77,11,-1,-1,-1,3,3,3
2016320002425,1,9,0,18,0,0,1,0,0,0,1,1,6,1,20,4,1396,1,12,4,1,4
2016320002425,2,9,0,18,0,0,0,0,2,0,1,1,3,2,42,7,1900,2,10,7,1,7
2016320002546,1,9,0,10,0,1,0,0,0,0,1,1,6,1,45,7,1968,2,9,5,3,5
2016320002546,2,9,0,18,0,1,0,0,0,0,1,1,6,1,75,10,1968,2,11,5,3,5
2016320002604,1,98,0,18,0,0,0,0,0,0,0,1,6,1,-1,-1,-1,-1,-1,-1,-1,-1
2016320002604,2,9,0,18,0,0,0,0,0,0,1,1,6,2,81,11,1229,1,10,7,1,7
2016320002620,1,9,0,9,0,5,0,0,7,0,3,1,1,2,47,8,1124,1,12,1,1,1
2016320002620,2,19,0,18,0,1,0,0,7,10,1,1,1,1,-1,-1,2402,2,11,-1,-1,-1
2016320002656,1,9,0,18,0,0,1,0,0,0,1,1,6,1,79,11,973,1,13,6,3,6
2016320002656,2,9,0,18,0,0,0,0,0,0,2,1,6,1,51,8,1497,8,4,6,2,6
2016320002741,1,9,0,9,0,6,0,0,0,0,3,1,6,2,43,7,1796,1,9,4,3,4
2016320002741,2,9,0,18,0,1,0,0,0,0,1,1,6,1,39,7,1360,1,13,4,2,4
2016320002765,1,9,0,18,0,0,0,0,0,0,1,1,6,3,-1,-1,-1,-1,-1,-1,-1,-1
2016320002765,2,9,0,18,0,0,0,10,0,0,4,1,6,1,26,6,2204,2,10,4,3,4
2016320002775,1,2,0,18,0,0,1,0,1,0,0,1,2,2,60,9,49,1,1,6,2,6
2016320003241,1,9,0,18,0,0,0,0,7,4,1,1,6,2,26,6,1364,1,11,6,3,6
2016320003263,1,9,0,17,0,2,0,0,0,0,1,1,6,1,50,8,2479,1,25,6,3,6
2016320003462,1,9,0,1,0,1,0,0,0,0,2,1,1,1,45,7,-1,-1,-1,2,1,2
2016320003462,2,9,0,18,0,2,0,0,0,0,1,1,6,2,54,8,1339,1,9,7,1,7
2016320003608,1,9,0,18,0,1,0,0,0,0,4,1,6,1,67,10,1596,1,3,6,2,6
2016320003608,2,9,0,2,0,2,0,0,0,0,3,1,1,1,60,9,1956,2,3,8,2,8
2016320003612,1,9,0,18,0,0,0,0,0,0,2,1,6,1,31,6,1968,2,6,9,3,9
2016320003612,2,9,0,18,0,0,0,0,0,0,1,1,6,1,61,9,2922,1,11,2,1,2
2016320003623,1,9,0,18,0,2,0,0,0,0,1,1,2,1,55,8,1560,2,12,2,1,2
2016320003728,1,9,0,18,0,0,0,0,0,0,3,1,2,2,24,5,973,1,13,6,3,6
2016320003728,2,9,0,18,0,0,0,0,1,0,3,1,6,1,69,10,-1,-1,-1,7,1,7
2016320003760,1,9,0,1,9,0,0,0,0,0,3,1,6,2,25,5,1781,1,17,-1,-1,-1
2016320003760,2,9,0,18,0,0,0,0,0,0,1,1,6,1,57,9,1998,2,12,5,2,5
2016320003814,1,9,0,5,0,6,0,0,0,0,3,1,6,1,22,5,1149,1,11,7,3,7
2016320003814,2,9,0,17,0,8,0,0,0,0,1,1,6,1,58,9,-1,-1,-1,6,3,6
2016320003818,1,9,0,12,0,6,0,0,0,0,2,1,6,2,45,7,-1,-1,-1,9,3,9
2016320003818,2,9,0,12,0,6,0,0,1,0,1,1,6,2,29,6,1248,1,4,7,3,7
2016320003818,3,9,0,12,0,7,0,0,0,0,1,1,6,2,74,10,-1,-1,-1,2,1,2
2016320003818,4,9,0,12,0,6,0,0,0,0,1,1,6,2,24,5,1560,2,11,2,1,2
2016320004049,1,9,0,18,0,0,1,0,1,4,3,1,6,1,31,6,1396,1,12,6,1,6
2016320004055,1,9,0,18,0,1,0,0,0,0,4,1,6,1,66,10,1396,1,15,10,3,10
2016320004055,2,9,0,18,0,1,2,0,0,0,1,1,6,1,21,5,1900,2,16,10,3,10
2016320004055,3,9,0,18,0,1,1,0,0,0,1,1,6,2,51,8,1781,1,22,-1,-1,-1
2016320004216,1,9,0,18,0,8,0,0,7,0,1,1,6,1,41,7,1339,1,1,-1,-1,-1
2016320004216,2,9,0,18,0,8,0,0,1,3,1,1,6,1,35,6,1598,2,5,5,3,5
2016320004370,1,9,0,9,0,1,0,0,0,0,4,1,6,1,57,9,-1,-1,-1,3,3,3
2016320004370,2,9,0,18,0,6,0,0,0,0,4,1,1,1,36,7,-1,-1,-1,3,2,3
2016320004419,1,9,0,9,0,1,0,0,0,0,4,1,6,2,73,10,1998,1,13,6,3,6
2016320004419,2,9,0,18,0,8,5,0,1,0,3,1,6,2,19,4,-1,-1,-1,6,3,6
2016320004436,1,9,0,10,0,1,0,0,0,0,1,1,6,1,46,8,1968,2,2,-1,-1,-1
2016320004436,2,1,0,18,0,8,1,0,1,0,1,1,6,1,40,7,-1,-1,-1,-1,-1,-1
2016320004498,1,9,0,3,0,1,0,0,0,0,2,1,6,1,65,9,-1,-1,-1,7,1,7
2016320004498,2,9,0,3,0,1,0,0,0,0,1,1,6,1,30,6,1679,1,16,1,1,1
2016320004605,1,9,0,18,0,0,1,0,8,9,3,1,6,2,26,6,-1,-1,-1,5,3,5
2016320004663,1,9,0,18,0,1,0,0,0,0,1,1,1,1,45,7,-1,-1,-1,6,1,6
2016320004847,1,20,0,17,0,0,0,0,7,10,1,1,1,1,38,7,4249,2,3,7,1,7
2016320004847,2,9,0,18,0,0,0,0,1,0,1,1,6,1,82,11,1598,2,2,4,3,4
2016320004937,1,9,0,9,0,1,0,0,0,0,1,1,6,2,27,6,-1,-1,-1,1,1,1
2016320004937,2,9,0,18,0,1,0,0,0,0,3,1,6,2,51,8,2495,2,16,7,3,7
2016320005051,1,19,0,5,0,8,0,0,0,0,1,1,1,1,36,7,2298,2,4,4,3,4
2016320005051,2,9,0,18,0,8,0,0,0,7,1,1,2,2,54,8,1995,2,12,7,1,7
2016320005167,1,9,0,18,0,0,0,0,0,0,1,1,6,2,71,10,1596,1,10,4,2,4
2016320005167,2,9,0,2,0,0,0,0,0,0,2,1,6,2,47,8,-1,-1,-1,5,3,5
2016320005466,1,98,0,5,0,1,1,0,0,0,4,1,1,1,49,8,-1,-1,-1,9,1,9
2016320005466,2,9,0,18,0,1,1,10,1,9,1,1,6,2,44,7,1329,1,6,5,3,5
2016320005493,1,9,0,14,0,0,0,0,0,0,1,1,1,1,30,6,1560,2,4,8,1,8
2016320005493,2,17,4,5,0,0,0,0,0,0,2,1,1,1,45,7,-1,2,25,-1,-1,-1
2016320006119,1,9,0,18,0,0,1,0,7,10,3,1,1,2,-1,-1,1398,1,1,10,2,10
2016320006136,1,9,0,18,0,0,2,0,7,3,1,1,6,1,46,8,-1,-1,-1,4,3,4
2016320006146,1,9,0,18,0,0,1,6,0,0,1,1,2,2,43,7,-1,-1,-1,9,2,9
2016320006232,1,9,0,16,0,0,0,0,1,1,3,1,2,1,19,4,1422,2,8,-1,-1,-1
2016320006246,1,9,0,13,0,0,1,0,1,0,1,1,6,2,47,8,1598,1,12,8,3,8
2016320006246,2,20,0,18,0,0,1,0,1,0,1,1,1,1,69,10,6693,2,3,3,1,3
2016320006619,1,9,0,18,0,0,0,0,7,10,1,1,6,1,63,9,1360,1,8,5,3,5
2016320006619,2,9,0,2,0,0,0,0,0,0,2,1,6,1,49,8,2362,1,10,7,1,7
2016320006672,1,9,0,18,0,0,0,0,0,0,1,1,6,1,64,9,1984,1,15,1,1,1
2016320006690,1,19,0,4,0,0,0,0,1,0,1,1,1,1,36,7,2198,2,1,8,3,8
2016320006833,1,98,1,12,0,0,0,0,0,0,3,1,1,3,-1,-1,-1,-1,-1,-1,-1,-1
2016320006833,2,9,0,18,0,0,0,0,0,7,1,1,6,1,37,7,1560,2,6,5,1,5
2016320006932,1,9,0,18,0,8,0,0,0,0,1,1,1,2,35,6,1596,1,17,6,3,6
2016320006932,2,9,0,7,0,5,0,0,0,0,2,1,1,1,35,6,1997,2,10,2,1,2
2016320007017,1,9,0,18,0,1,0,0,0,0,1,1,6,1,40,7,-1,-1,-1,-1,-1,-1
2016320007017,2,9,0,4,0,1,0,0,0,0,2,1,6,1,40,7,-1,-1,-1,-1,-1,-1
2016320007017,3,9,0,2,0,1,0,0,0,0,3,1,6,1,40,7,1986,2,9,-1,-1,-1
2016320007133,1,9,0,18,0,1,1,0,0,0,1,1,6,2,42,7,-1,-1,-1,9,1,9
2016320007133,2,9,0,5,0,2,0,0,0,0,4,1,6,2,46,8,1956,2,5,10,1,10
2016320007337,1,3,0,18,0,1,0,0,0,0,1,1,6,1,25,5,-1,-1,-1,1,1,1
2016320007337,2,9,0,17,0,8,0,0,0,0,4,1,6,2,43,7,1968,2,4,2,1,2
2016320007349,1,9,0,18,0,0,0,0,0,0,1,1,6,1,68,10,1995,1,13,8,2,8
2016320007349,2,9,0,2,0,0,0,0,0,0,2,1,6,1,-1,-1,999,1,17,4,3,4
2016320007429,1,9,0,18,0,8,0,0,0,0,1,1,2,2,46,8,-1,-1,-1,6,1,6
2016320007429,2,9,0,9,0,8,0,0,0,0,1,1,6,2,49,8,1398,1,-1,5,3,5
2016320007528,1,9,0,18,0,0,0,0,0,0,4,1,6,3,-1,-1,-1,-1,-1,-1,-1,-1
2016320007528,2,3,0,18,0,0,0,0,0,0,3,1,6,1,21,5,125,1,1,4,1,4
2016320007710,1,9,0,18,0,8,0,0,0,0,3,1,6,1,69,10,998,1,3,8,2,8
2016320007710,2,9,0,18,0,8,1,0,1,0,4,1,6,1,21,5,1896,1,19,4,1,4
2016320007843,1,9,0,18,0,0,0,0,0,0,1,1,6,2,18,4,1598,1,14,8,1,8
2016320008101,1,9,0,18,0,1,0,0,0,0,1,1,6,1,41,7,1390,1,8,9,2,9
2016320008101,2,9,0,4,0,1,0,0,0,0,2,1,6,2,19,4,998,1,7,9,2,9
2016320008164,1,9,0,18,0,0,5,0,1,9,1,1,6,1,19,4,1242,1,11,5,2,5
2016320008418,1,5,0,5,0,2,0,0,0,0,0,1,6,1,23,5,599,1,5,7,1,7
2016320008502,1,9,0,13,0,0,0,0,1,11,4,1,6,1,43,7,1895,1,17,4,1,4
2016320008502,2,9,0,18,0,0,0,0,7,9,3,1,6,1,41,7,-1,-1,-1,3,3,3
2016320008506,1,9,0,9,0,8,0,0,0,0,1,1,1,1,18,4,1200,1,13,10,1,10