Accident_Index,Vehicle_Reference,Vehicle_Type,Towing_and_Articulation,Vehicle_Manoeuvre,Vehicle_Location-Restricted_Lane,Junction_Location,Skidding_and_Overturning,Hit_Object_in_Carriageway,Vehicle_Leaving_Carriageway,Hit_Object_off_Carriageway,1st_Point_of_Impact,Was_Vehicle_Left_Hand_Drive?,Journey_Purpose_of_Driver,Sex_of_Driver,Age_of_Driver,Age_Band_of_Driver,Engine_Capacity_(CC),Propulsion_Code,Age_of_Vehicle,Driver_IMD_Decile,Driver_Home_Area_Type,Vehicle_IMD_Decile
2016320008506,2,10,0,18,0,8,0,0,0,0,1,1,1,1,49,8,-1,-1,-1,2,1,2
2016320008579,1,2,0,16,0,2,1,0,0,0,4,1,6,1,19,4,125,1,5,9,1,9
2016320008626,1,9,0,18,0,0,0,0,0,0,1,1,1,1,49,8,1364,1,9,7,1,7
2016320008626,2,9,0,18,0,0,0,0,0,0,2,1,6,2,51,8,-1,-1,-1,9,1,9
2016320008643,1,9,0,18,0,0,2,0,7,0,0,1,6,2,24,5,-1,-1,-1,1,1,1
2016320008649,1,9,0,4,0,0,0,0,0,0,1,1,1,2,21,5,2493,8,2,7,1,7
2016320008649,2,9,0,3,0,0,0,0,0,0,2,1,2,1,59,9,1900,2,16,7,1,7
2016320008649,3,9,0,3,0,0,0,0,0,0,2,1,6,1,70,10,1685,2,2,6,1,6
2016320008649,4,9,0,3,0,0,0,0,0,0,2,1,2,1,70,10,1995,2,13,6,1,6
2016320008768,1,9,0,4,0,0,0,0,0,0,2,1,6,1,32,6,1299,1,23,5,1,5
2016320008768,2,9,0,3,0,0,0,0,0,0,1,1,6,3,-1,-1,-1,-1,-1,-1,-1,-1
2016320008849,1,9,0,5,0,1,0,0,0,0,1,1,2,1,24,5,1796,1,8,4,1,4
2016320008849,2,1,0,18,4,8,0,0,0,0,4,1,2,2,58,9,-1,-1,-1,6,1,6
2016320008932,1,21,0,2,0,0,0,0,0,0,2,1,6,1,44,7,6370,2,6,6,1,6
2016320008932,2,1,0,18,0,0,0,0,0,0,1,1,6,1,46,8,-1,-1,-1,9,2,9
2016320008969,1,9,0,3,0,0,1,0,0,0,1,1,2,1,19,4,1149,1,13,9,3,9
2016320008969,2,9,0,18,0,0,0,0,0,0,2,2,2,2,20,4,-1,-1,-1,7,3,7
2016320009083,1,9,0,1,0,6,0,0,0,0,2,1,6,2,65,9,1248,1,6,8,1,8
2016320009131,1,9,0,18,0,0,0,0,0,0,3,1,2,2,52,8,-1,-1,-1,7,1,7
2016320009174,1,9,0,13,0,0,0,0,0,0,4,1,6,1,75,10,-1,-1,-1,4,1,4
2016320009174,2,1,0,12,0,0,0,0,0,0,3,1,6,2,41,7,-1,-1,-1,7,1,7
2016320009201,1,9,0,7,0,0,0,0,0,0,1,1,6,1,52,8,-1,-1,-1,3,1,3
2016320009202,1,9,0,18,0,0,0,0,0,0,1,1,6,1,26,6,2599,1,29,3,1,3
2016320009202,2,9,0,4,0,0,0,0,0,0,2,1,6,1,51,8,1997,2,1,10,1,10
2016320009648,1,9,0,17,0,0,0,0,1,11,4,1,2,1,49,8,1796,1,13,8,1,8
2016320009653,1,9,0,18,0,0,0,0,0,0,4,1,3,2,45,7,1086,1,11,-1,-1,-1
2016320009676,1,9,0,18,0,0,0,0,0,0,4,1,6,3,-1,-1,-1,-1,-1,-1,-1,-1
2016320009716,1,9,0,4,0,0,0,0,0,0,1,1,6,1,28,6,-1,-1,-1,-1,-1,-1
2016320009716,2,9,0,4,0,0,0,0,0,0,2,1,6,1,56,9,2480,1,1,-1,-1,-1
2016320009748,1,9,0,18,0,0,1,0,4,7,2,1,1,1,52,8,2198,1,15,5,1,5
2016320009748,2,19,0,18,0,0,1,0,4,7,1,1,6,1,47,8,2499,2,16,7,1,7
2016320009759,1,19,0,16,0,0,0,0,7,4,1,1,1,1,33,6,-1,-1,-1,4,1,4
2016320009817,1,9,0,9,0,5,0,0,0,0,3,1,1,1,19,4,1398,2,12,6,1,6
2016320009817,2,3,0,18,0,1,0,0,1,0,1,1,6,1,24,5,124,1,3,6,3,6
2016320009835,1,19,0,17,0,1,1,0,1,9,1,1,1,1,36,7,-1,-1,-1,2,1,2
2016320009891,1,9,0,18,0,0,1,0,7,9,0,1,6,2,47,8,1996,1,15,8,3,8
2016320009908,1,9,0,18,0,0,1,0,1,9,1,1,2,2,21,5,1149,1,11,9,1,9
2016320009937,1,9,0,9,0,6,0,0,0,0,3,1,6,1,61,9,-1,-1,-1,4,3,4
2016320009937,2,9,0,9,0,1,0,0,0,0,1,1,2,1,35,6,2979,1,15,5,3,5
2016320009953,1,9,0,18,0,0,0,0,0,0,1,1,2,1,30,6,-1,-1,-1,10,1,10
2016320009953,2,21,1,1,0,0,0,0,0,0,2,1,1,1,67,10,12777,2,6,6,3,6
2016320009982,1,19,0,18,0,0,2,0,7,11,1,1,1,2,36,7,2494,2,7,4,3,4
2016320010007,1,9,0,1,0,0,0,11,0,0,2,1,6,1,-1,-1,-1,-1,-1,-1,-1,-1
2016320010047,1,9,0,18,0,0,0,0,0,0,1,1,6,1,60,9,2295,1,16,5,1,5
2016320010160,1,9,0,16,0,2,1,11,7,3,1,1,6,2,47,8,1108,1,16,6,3,6
2016320010226,1,20,0,18,0,0,0,0,7,11,1,1,1,1,52,8,4751,2,12,3,1,3
2016320010280,1,9,0,5,0,2,0,0,0,0,1,1,6,2,75,10,-1,-1,-1,7,3,7
2016320010280,2,9,0,18,0,1,0,0,0,0,1,1,2,1,48,8,1598,2,5,6,1,6
2016320010291,1,9,0,9,0,0,0,0,0,0,1,1,2,2,25,5,1598,1,5,8,2,8
2016320010291,2,1,0,18,0,0,0,0,0,0,1,1,6,1,25,5,-1,-1,-1,3,2,3
2016320010311,1,9,0,13,0,0,0,0,0,0,0,1,6,1,39,7,2231,2,5,9,1,9
2016320010311,2,3,0,18,0,0,1,0,1,0,1,1,6,2,20,4,124,1,14,4,3,4
2016320010490,1,8,0,9,0,8,0,0,0,0,4,1,1,1,66,10,1796,1,9,-1,-1,-1
2016320010490,2,9,0,18,0,8,0,0,0,0,1,1,2,2,26,6,1968,2,9,5,2,5
2016320010491,1,20,0,17,0,0,1,0,1,4,1,1,6,1,52,8,-1,-1,-1,4,3,4
2016320010588,1,9,0,9,0,2,0,0,0,0,3,1,6,2,71,10,998,1,16,5,3,5
2016320010588,2,9,0,18,0,1,0,0,0,0,1,1,6,1,74,10,3630,1,6,5,3,5
2016320010607,1,9,0,9,0,2,0,0,0,0,1,1,3,1,46,8,3947,1,18,6,1,6
2016320010607,2,9,0,9,0,1,0,0,0,0,3,1,2,1,46,8,-1,-1,-1,9,2,9
2016320010660,1,9,0,16,0,1,2,0,1,10,4,1,6,1,29,6,973,1,13,-1,-1,-1
2016320010911,1,9,0,18,0,0,5,0,1,0,2,1,6,1,32,6,1397,1,7,-1,-1,-1
2016320011151,1,9,0,18,0,0,0,0,0,0,2,1,2,1,55,8,1753,2,15,3,3,3
2016320011151,2,9,0,18,0,0,0,0,0,0,1,1,2,2,24,5,-1,-1,-1,4,3,4
2016320011158,1,3,0,18,0,1,0,0,0,0,1,1,6,1,23,5,124,1,1,2,1,2
2016320011158,2,9,0,3,0,1,0,0,0,0,2,1,6,1,61,9,1998,1,11,5,2,5
2016320011188,1,9,0,17,0,0,1,0,7,9,1,1,6,1,24,5,998,1,7,7,3,7
2016320011583,1,1,0,18,0,0,0,0,1,9,0,1,6,1,74,10,-1,-1,-1,3,1,3
2016320011583,2,1,0,18,0,0,0,0,1,9,1,1,6,1,68,10,-1,-1,-1,6,3,6
2016320011588,1,9,0,18,0,8,0,0,0,0,1,1,6,2,18,4,1598,1,4,7,1,7
2016320011588,2,9,0,9,0,8,0,0,7,9,1,1,6,2,29,6,1995,2,8,8,1,8
2016320011696,1,9,0,18,0,0,1,0,0,0,0,1,6,1,26,6,2495,2,21,3,3,3
2016320011696,2,9,0,18,0,0,0,0,1,10,4,1,6,2,23,5,1199,1,15,2,2,2
2016320011717,1,9,0,18,0,1,0,0,0,0,1,1,2,1,63,9,3311,8,8,7,3,7
2016320011786,1,9,0,4,0,1,0,0,0,0,1,1,6,2,21,5,-1,-1,-1,-1,-1,-1
2016320011786,2,2,0,3,0,1,0,0,0,0,2,1,6,1,22,5,125,1,-1,-1,-1,-1
2016320011958,1,19,0,18,0,3,0,0,0,0,1,1,1,1,65,9,-1,-1,-1,4,1,4
2016320011958,2,9,0,18,0,3,0,0,0,0,4,1,1,1,65,9,-1,-1,-1,7,2,7
2016320012055,1,9,0,18,0,0,0,0,0,0,1,1,2,1,27,6,1686,2,9,4,2,4
2016320012080,1,9,0,10,0,1,0,0,0,0,4,1,1,1,50,8,2198,1,13,6,1,6
2016320012080,2,9,0,18,0,1,0,0,0,0,1,1,6,1,45,7,2993,2,6,3,1,3
2016320012126,1,9,0,9,0,8,0,0,0,0,4,1,6,2,30,6,1598,1,14,1,1,1
2016320012126,2,9,0,18,0,8,0,0,0,0,1,1,4,2,17,4,996,1,5,2,3,2
2016320012227,1,9,0,9,0,1,0,0,0,0,1,1,6,1,19,4,1590,1,13,-1,-1,-1
2016320012227,2,9,0,18,0,1,0,0,0,0,4,1,6,2,40,7,1124,1,14,5,1,5
2016320012519,1,5,0,18,0,0,0,0,0,0,1,1,6,1,21,5,1284,1,18,1,1,1
2016320012519,2,9,0,18,0,0,0,0,0,0,2,1,6,2,24,5,1984,1,1,7,1,7
2016320012629,1,9,0,18,0,0,0,0,0,0,3,1,1,2,19,4,-1,-1,-1,5,1,5
2016320012629,2,11,0,18,0,0,0,0,0,0,3,1,6,1,44,7,-1,-1,-1,6,3,6
2016320012630,1,9,0,18,0,0,0,0,0,0,3,1,3,2,42,7,2204,2,7,10,1,10
2016320012743,1,9,0,5,0,8,0,0,0,0,1,1,6,1,32,6,1388,1,12,2,1,2
2016320012743,2,1,0,18,0,8,0,0,0,0,1,1,6,1,27,6,-1,-1,-1,2,1,2
2016320013234,1,20,0,18,0,8,0,0,0,0,4,1,6,3,-1,-1,4461,2,5,-1,-1,-1
2016320013250,1,19,0,18,0,1,0,0,0,0,1,1,6,1,38,7,2402,2,10,6,3,6
2016320013250,2,9,0,10,0,1,0,0,0,0,2,1,2,2,54,8,1973,1,16,3,3,3
2016320013358,1,2,0,18,0,3,0,0,0,0,3,1,6,1,55,8,1255,1,6,8,3,8
2016320013364,1,9,0,9,0,8,0,0,0,0,1,1,6,2,23,5,1149,1,15,3,1,3
2016320013364,2,9,0,18,0,8,0,0,0,0,1,1,6,1,22,5,1149,1,13,-1,-1,-1
2016320013378,1,9,0,10,0,1,0,0,0,0,1,1,6,2,27,6,-1,-1,-1,-1,-1,-1
2016320013378,2,9,0,18,0,1,0,0,0,0,3,1,6,1,41,7,2204,2,12,3,3,3
2016320013463,1,9,0,7,0,6,0,0,0,0,1,1,6,1,50,8,1991,2,7,1,1,1
2016320013463,2,1,0,18,0,2,0,0,0,0,2,1,6,1,29,6,-1,-1,-1,1,1,1
2016320013583,1,1,0,18,9,1,0,0,0,0,1,1,6,1,32,6,-1,-1,-1,3,1,3
2016320013583,2,9,0,8,9,6,0,0,0,0,1,1,2,2,45,7,1598,1,9,7,3,7
2016320013608,1,9,0,6,0,0,0,0,0,0,0,1,6,1,62,9,1910,2,9,4,1,4
2016320013608,2,3,0,18,0,0,5,0,0,0,0,1,2,1,19,4,125,1,11,5,3,5
2016320013907,1,9,0,18,0,0,0,12,0,0,3,1,2,1,54,8,2231,2,10,7,1,7
2016320013981,1,9,0,5,0,1,0,0,0,0,1,1,6,2,29,6,1149,1,11,-1,-1,-1
2016320013981,2,9,0,18,0,6,0,0,0,0,3,1,6,1,23,5,-1,-1,-1,-1,-1,-1
2016320014007,1,9,0,1,0,6,0,0,0,0,1,1,6,1,62,9,1586,1,1,7,2,7
2016320014007,2,9,0,18,0,1,0,0,0,0,4,1,6,2,41,7,1995,2,8,1,1,1
2016320014017,1,9,0,9,0,0,0,0,1,9,1,1,6,1,34,6,2319,1,15,-1,1,-1
2016320014025,1,9,0,18,0,5,1,11,3,11,3,1,6,1,21,5,1968,2,5,7,1,7
2016320014077,1,5,0,16,0,0,2,10,7,7,1,1,6,1,22,5,649,1,1,6,3,6
2016320014146,1,9,0,9,0,6,0,0,0,0,1,1,2,2,50,8,1910,2,10,1,1,1
2016320014146,2,9,0,18,0,1,0,0,0,0,4,1,2,1,35,6,1396,1,12,3,1,3
2016320014416,1,19,0,10,0,1,0,0,0,0,2,1,2,1,36,7,2198,2,1,5,1,5
2016320014416,2,9,0,18,0,8,0,0,0,0,1,1,2,1,61,9,2143,2,1,9,2,9
2016320014473,1,9,4,5,0,6,0,0,0,0,1,1,6,1,34,6,1956,2,3,6,2,6
2016320014473,2,9,0,18,0,8,0,0,1,0,1,1,6,1,24,5,1197,1,4,5,1,5
2016320014807,1,9,0,16,0,0,0,0,7,4,1,1,2,1,34,6,1596,1,12,5,1,5
2016320014838,1,9,0,18,0,0,0,0,1,9,1,1,6,1,23,5,-1,-1,-1,4,2,4
2016320014951,1,9,0,18,0,0,0,0,0,0,1,1,6,1,59,9,2926,2,14,6,3,6
2016320014951,2,9,0,18,0,0,0,0,0,0,1,1,6,1,47,8,1951,2,15,6,3,6
2016320014952,1,9,0,14,0,0,0,0,0,0,1,1,6,1,83,11,1598,2,2,4,3,4
2016320014952,2,9,0,2,0,0,0,0,1,0,2,1,6,3,-1,-1,-1,-1,-1,5,2,5
2016320015700,1,9,0,18,0,2,0,0,0,0,1,1,2,1,62,9,1399,2,8,6,2,6
2016320015700,2,9,0,4,0,2,0,0,1,0,2,1,2,1,26,6,1596,1,14,5,3,5
2016320015700,3,9,0,4,0,2,0,0,0,0,2,1,2,1,36,7,1968,2,3,9,1,9
2016320015942,1,9,0,13,0,0,0,0,0,0,3,1,2,1,43,7,1753,2,7,2,1,2
2016320016013,1,9,0,7,0,5,0,0,0,0,4,1,2,2,22,5,1124,1,11,7,1,7
2016320016013,2,1,0,18,0,8,0,0,0,0,3,1,6,1,22,5,-1,-1,-1,7,1,7
2016320016089,1,9,0,16,0,0,0,0,7,4,1,1,6,1,36,7,1390,1,16,6,3,6
2016320016104,1,9,4,18,0,0,0,0,0,0,1,1,6,1,46,8,3165,2,21,8,2,8
2016320016104,2,9,0,18,0,0,0,0,0,0,1,1,6,1,59,9,1995,2,2,4,3,4
2016320016106,1,21,1,18,0,0,1,0,1,0,1,1,1,1,25,5,12900,2,7,2,1,2
2016320016129,1,9,0,4,0,8,0,0,0,0,0,1,1,1,28,6,1686,2,12,6,1,6
2016320016274,1,9,0,18,0,0,1,0,1,0,1,1,1,2,19,4,1396,1,11,4,3,4
2016320016458,1,9,0,18,0,1,0,0,0,0,1,1,6,1,66,10,1339,1,5,4,1,4
2016320016458,2,9,0,2,0,1,0,0,0,0,2,1,6,1,46,8,-1,-1,-1,6,3,6
2016320016532,1,9,0,17,0,0,1,0,1,9,1,1,6,3,-1,-1,1124,1,13,-1,-1,-1
2016320016658,1,9,0,17,0,0,1,0,1,9,1,1,6,3,-1,-1,1124,1,13,-1,-1,-1
2016320016746,1,9,0,9,0,0,0,0,0,0,3,2,6,2,30,6,1461,2,15,7,3,7
2016320016746,2,9,0,14,0,0,0,0,0,0,4,2,6,1,30,6,1364,1,6,7,3,7
2016320017074,1,9,0,18,0,0,0,0,0,0,1,1,6,1,38,7,1995,1,11,1,1,1
2016320017074,2,9,0,3,0,0,0,0,0,0,1,1,6,1,21,5,1198,1,12,8,1,8
2016320017074,3,9,0,3,0,0,0,0,0,0,1,1,6,1,73,10,1587,1,9,1,1,1
2016320017074,4,9,0,3,0,0,0,0,0,0,2,1,6,2,53,8,1349,1,2,7,3,7
2016320017487,1,9,0,5,0,6,0,0,0,0,1,1,6,2,57,9,1587,1,11,4,1,4
2016320017487,2,9,0,18,0,1,0,0,0,0,4,1,6,2,37,7,-1,-1,-1,5,3,5
2016320017504,1,9,0,18,0,8,0,0,0,0,1,1,6,1,38,7,1686,2,13,9,3,9
2016320018146,1,9,0,17,0,0,1,0,1,9,1,1,6,3,-1,-1,1124,1,13,-1,-1,-1
2016320018345,1,9,0,9,9,0,0,0,1,0,1,1,6,1,48,8,-1,-1,-1,-1,-1,-1
2016320018543,1,9,0,18,0,8,0,0,0,0,1,1,6,1,43,7,1598,2,2,9,2,9
2016320018543,2,9,0,18,0,8,0,0,0,0,1,1,6,2,48,8,-1,-1,-1,9,1,9
2016320018838,1,9,0,18,0,0,2,0,7,11,1,1,6,1,32,6,2494,1,19,2,1,2
2016320018838,2,9,0,2,6,0,0,0,0,0,4,1,6,3,-1,-1,-1,-1,-1,-1,-1,-1
2016320018870,1,4,0,17,0,0,0,0,1,0,4,1,6,1,55,8,645,1,7,7,1,7
2016320018919,1,9,0,5,0,6,0,0,0,0,1,1,6,1,63,9,1396,1,18,9,3,9
2016320018919,2,9,0,18,0,1,0,0,0,0,1,1,6,2,36,7,1396,1,13,-1,-1,-1
2016320018919,3,9,0,18,0,1,0,0,0,1,0,1,6,1,60,9,-1,-1,-1,-1,-1,-1
2016320018919,4,9,0,18,0,1,0,0,0,0,3,1,6,2,40,7,1390,1,17,10,3,10
2016320019188,1,9,0,18,0,1,0,0,0,0,3,1,6,1,25,5,-1,-1,-1,9,1,9
2016320019188,2,9,0,18,0,1,0,0,0,0,3,1,6,1,21,5,1587,1,14,5,1,5
2016320019197,1,9,0,18,0,0,0,0,0,0,1,1,6,2,18,4,1124,1,12,5,3,5
2016320019197,2,9,0,18,0,0,0,0,0,0,2,1,6,1,22,5,1118,1,25,-1,-1,-1
2016320019197,3,10,0,18,0,0,0,0,0,0,2,1,1,1,37,7,1998,2,13,3,1,3
2016320019219,1,9,0,18,0,0,5,0,7,0,1,1,6,2,29,6,1598,1,13,-1,-1,-1
2016320019219,2,9,0,1,0,0,0,0,0,0,1,1,6,1,34,6,2993,2,9,5,1,5
2016320019219,3,9,0,2,0,0,0,0,0,0,2,1,6,3,-1,-1,-1,-1,-1,2,1,2
2016320019285,1,21,1,18,0,8,0,0,0,0,1,1,1,1,26,6,11705,2,11,4,3,4
2016320019285,2,9,0,7,0,8,0,0,0,0,2,1,3,2,30,6,1388,1,10,3,1,3
2016320019663,1,1,0,18,0,0,0,0,0,0,3,1,1,1,41,7,-1,-1,-1,7,3,7
2016320019663,2,9,0,13,0,0,0,0,0,0,4,1,6,3,-1,-1,2143,2,2,-1,-1,-1
2016320019813,1,5,0,18,0,0,1,0,0,0,1,1,6,1,27,6,1157,1,11,2,1,2
2016320019813,2,9,0,18,0,0,0,0,0,0,2,1,1,1,28,6,-1,-1,-1,5,1,5
2016320019813,3,9,0,18,0,0,0,0,0,0,3,1,6,2,52,8,1390,1,4,9,1,9
2016320019903,1,9,0,18,0,1,0,0,0,0,1,1,6,1,60,9,1598,1,3,3,1,3
2016320019903,2,9,0,18,0,1,0,0,0,0,3,1,6,1,60,9,2495,2,13,-1,-1,-1
2016320020069,1,9,0,18,0,0,0,0,0,0,0,1,6,3,-1,-1,-1,-1,-1,-1,-1,-1
2016320020069,2,1,0,18,0,0,0,0,1,0,0,1,6,1,20,4,-1,-1,-1,5,2,5
2016320020079,1,9,0,18,0,0,1,0,0,0,1,1,6,2,33,6,1598,1,6,5,2,5
2016320020079,2,9,0,3,0,0,0,0,0,0,2,1,2,1,38,7,1910,2,8,6,1,6
2016320020080,1,9,0,13,0,0,3,0,7,10,3,1,6,1,25,5,-1,-1,-1,4,1,4
2016320020086,1,9,0,3,0,1,0,0,0,0,2,1,6,2,59,9,1388,1,14,6,1,6
2016320020086,2,9,0,3,0,1,0,0,0,0,1,1,2,2,54,8,1956,2,4,4,1,4
2016320020120,1,9,0,18,0,4,0,0,0,0,4,1,2,1,28,6,1910,2,10,1,1,1
2016320020151,1,9,0,18,0,1,0,0,0,0,1,1,6,2,57,9,-1,-1,-1,5,3,5
2016320020151,2,9,0,4,0,1,0,0,0,0,3,1,6,1,-1,-1,-1,-1,-1,3,1,3
2016320020152,1,9,0,5,0,6,0,0,0,0,1,1,6,1,59,9,1997,1,16,-1,-1,-1
2016320020152,2,9,0,18,0,8,0,0,0,2,2,1,6,1,21,5,-1,-1,-1,7,1,7
2016320020187,1,9,0,16,0,0,0,0,0,0,1,1,6,1,25,5,1753,2,11,6,3,6
2016320020187,2,9,0,17,0,0,0,0,1,0,1,1,6,1,71,10,1248,2,5,4,3,4
2016320020289,1,9,0,18,0,0,0,0,0,0,1,1,6,2,49,8,-1,-1,-1,10,1,10
2016320020616,1,9,0,9,0,5,0,0,0,0,4,1,6,2,21,5,1598,2,-1,1,1,1
2016320020616,2,9,0,18,0,8,0,0,0,0,1,1,6,1,47,8,1390,1,10,8,1,8
2016320020700,1,9,0,18,0,0,0,0,8,3,1,1,6,1,18,4,1195,1,19,4,3,4
2016320021093,1,5,0,18,0,0,0,0,0,0,1,1,6,1,22,5,689,1,-1,5,2,5
2016320021093,2,9,0,18,0,0,0,0,0,0,2,2,6,1,22,5,1422,2,13,7,1,7
2016320021166,1,9,0,18,0,0,0,0,0,0,4,1,6,1,35,6,1596,1,14,3,1,3
2016320021166,2,98,0,18,0,0,0,0,0,0,3,2,6,1,47,8,-1,-1,-1,-1,-1,-1
2016320021370,1,1,0,18,0,0,0,0,0,0,0,1,6,1,17,4,-1,-1,-1,-1,-1,-1
2016320021370,2,1,0,18,0,0,0,0,0,0,0,1,6,1,35,6,-1,-1,-1,-1,-1,-1
2016320021391,1,9,0,10,0,1,0,0,0,0,0,1,6,1,75,10,1951,2,14,7,2,7
2016320021391,2,9,0,18,0,1,0,0,0,0,1,1,6,1,66,10,-1,-1,-1,8,2,8
2016320021391,3,9,0,18,0,1,0,0,0,0,1,1,6,1,21,5,1461,2,3,9,1,9
2016320021391,4,9,0,18,0,1,0,0,0,0,1,1,1,1,51,8,1997,2,4,10,2,10
2016320021438,1,9,0,9,0,1,0,0,0,0,1,1,6,1,29,6,1598,1,16,3,1,3
2016320021438,2,9,0,18,0,1,0,0,0,0,1,1,6,2,46,8,1997,2,12,2,1,2
2016320021649,1,9,0,18,0,1,0,0,0,0,1,1,6,3,-1,-1,-1,-1,-1,-1,-1,-1
2016320021649,2,9,0,14,0,1,0,4,0,0,4,1,6,2,20,4,996,1,7,7,1,7
2016320021649,3,9,0,2,0,2,0,0,0,0,3,1,6,3,-1,-1,1461,2,6,-1,-1,-1
2016320021656,1,9,0,11,0,0,0,0,0,0,4,1,2,1,45,7,1560,2,8,6,1,6
2016320021656,2,3,0,18,0,0,1,10,1,0,1,1,6,1,16,4,124,1,9,3,1,3
2016320021825,1,9,0,10,0,1,0,0,0,0,1,1,2,2,58,9,1329,1,6,9,1,9
2016320021825,2,1,0,18,0,1,0,0,0,0,4,1,2,2,32,6,-1,-1,-1,9,1,9
2016320022302,1,9,0,18,0,1,0,0,0,0,4,1,1,2,33,6,1296,1,8,-1,-1,-1
2016320022493,1,9,0,18,0,8,0,0,0,0,1,1,6,1,48,8,1995,1,8,2,1,2
2016320023254,1,9,0,17,0,0,5,0,2,11,1,1,6,1,18,4,-1,-1,-1,6,2,6
2016320023255,1,9,0,18,0,8,0,0,0,0,1,1,6,1,27,6,-1,-1,-1,5,1,5
2016320023255,2,9,0,7,0,8,0,0,0,0,2,1,6,2,47,8,1598,1,1,9,2,9
2016320023255,3,8,0,10,0,8,0,0,0,0,3,1,2,1,63,9,1560,2,1,5,1,5
2016320023311,1,9,0,18,0,0,0,0,1,9,1,1,6,2,36,7,1968,2,10,10,3,10
2016320023450,1,9,0,6,0,6,0,0,0,0,4,1,3,1,67,10,1397,1,15,3,3,3
2016320023450,2,3,0,18,0,8,0,0,1,2,1,1,4,1,17,4,125,1,9,4,3,4
2016320023553,1,5,0,17,0,0,1,12,0,0,1,1,2,1,35,6,-1,-1,-1,-1,-1,-1
2016320023909,1,9,0,18,0,0,0,0,0,0,1,1,2,1,76,11,1149,1,12,4,3,4
2016320023909,2,1,0,18,0,0,0,0,1,0,2,1,4,1,19,4,-1,-1,-1,5,3,5
2016320024046,1,9,0,18,0,1,0,0,1,0,1,1,6,2,64,9,995,1,10,10,2,10
2016320024046,2,19,0,3,0,1,0,0,0,0,2,1,1,1,57,9,2488,2,3,5,2,5
2016320024046,3,9,0,18,0,1,0,0,0,0,1,1,2,2,34,6,1995,2,5,2,1,2
2016320024046,4,9,0,18,0,1,0,0,0,0,2,1,2,2,18,4,1229,1,9,3,1,3
2016320024124,1,19,0,5,0,2,0,0,0,0,1,1,1,1,57,9,2198,2,4,4,2,4
2016320024124,2,9,0,18,0,1,5,0,1,9,4,1,6,2,36,7,1360,1,6,5,3,5
2016320024160,1,9,0,18,0,0,1,0,7,0,3,1,1,1,25,5,1870,2,12,6,3,6
2016320024204,1,9,0,16,0,0,2,0,1,9,4,1,1,2,26,6,1242,1,9,5,3,5
2016320024277,1,9,0,18,0,0,2,4,0,0,1,1,6,2,84,11,1248,1,6,1,1,1
2016320024277,2,9,0,2,0,0,1,0,0,0,2,1,6,3,-1,-1,-1,-1,-1,-1,-1,-1
2016320024462,1,21,1,4,0,1,1,0,0,0,1,2,1,1,32,6,10837,2,5,-1,-1,-1
2016320024462,2,9,0,4,0,1,0,0,0,0,2,2,6,1,25,5,2171,2,13,-1,-1,-1
2016320024462,3,9,0,4,0,1,0,0,0,0,2,2,6,1,73,10,1399,1,6,-1,-1,-1
2016320024462,4,9,0,4,0,1,0,0,0,0,2,1,6,1,49,8,-1,-1,-1,-1,-1,-1
2016320024462,5,9,0,10,0,1,0,0,0,0,2,1,1,1,55,8,1968,2,3,-1,-1,-1
2016320024537,1,9,0,5,0,0,0,0,0,0,0,1,6,2,37,7,1598,1,10,5,1,5
2016320024619,1,5,0,18,0,0,1,0,0,0,1,1,1,1,58,9,599,1,8,4,1,4
2016320024619,2,9,0,18,0,0,0,0,0,0,1,1,1,1,56,9,-1,-1,-1,-1,3,-1
2016320024661,1,9,0,18,0,0,1,0,0,0,1,1,6,1,85,11,1598,1,18,-1,-1,-1
2016320024661,2,19,0,3,0,0,0,0,0,0,2,1,6,1,24,5,2295,1,14,7,3,7
2016320024664,1,8,0,9,0,5,0,0,0,0,1,1,1,1,35,6,2231,2,9,1,1,1
2016320024664,2,3,0,18,0,1,0,0,0,0,1,1,6,1,37,7,124,1,5,-1,-1,-1
2016320024834,1,9,0,9,0,8,0,0,0,0,4,1,1,1,50,8,1587,1,15,2,1,2
2016320024834,2,9,0,18,0,1,0,0,0,0,1,1,6,1,50,8,-1,-1,-1,1,1,1
2016320024925,1,9,0,18,0,0,0,0,0,0,1,1,6,1,46,8,1124,1,15,3,1,3
2016320024925,2,9,0,18,0,0,0,0,0,0,1,1,6,1,59,9,3200,2,9,7,1,7
2016320025127,1,9,0,18,0,0,1,0,1,3,1,1,1,1,39,7,1997,2,14,7,3,7
2016320025503,1,9,0,13,0,0,5,0,7,0,3,1,1,1,36,7,1242,1,6,5,3,5
2016320025503,2,9,0,13,0,0,0,0,0,0,0,1,6,3,36,7,-1,-1,-1,-1,-1,-1
2016320025654,1,9,0,18,0,0,0,0,0,0,1,1,2,1,38,7,1596,1,7,9,1,9
2016320025776,1,19,0,18,0,0,1,0,1,9,1,1,1,1,52,8,2402,2,4,-1,-1,-1
2016320025776,2,19,0,18,0,0,1,0,1,9,1,1,1,1,52,8,-1,-1,-1,-1,-1,-1
2016320025776,3,21,1,18,0,0,0,0,0,0,0,1,1,1,33,6,12740,2,4,-1,-1,-1
2016320025996,1,3,0,17,0,1,0,0,0,0,0,1,6,1,20,4,108,1,1,5,3,5