Accident_Index,Vehicle_Reference,Vehicle_Type,Towing_and_Articulation,Vehicle_Manoeuvre,Vehicle_Location-Restricted_Lane,Junction_Location,Skidding_and_Overturning,Hit_Object_in_Carriageway,Vehicle_Leaving_Carriageway,Hit_Object_off_Carriageway,1st_Point_of_Impact,Was_Vehicle_Left_Hand_Drive?,Journey_Purpose_of_Driver,Sex_of_Driver,Age_of_Driver,Age_Band_of_Driver,Engine_Capacity_(CC),Propulsion_Code,Age_of_Vehicle,Driver_IMD_Decile,Driver_Home_Area_Type,Vehicle_IMD_Decile
2016320026077,1,9,0,18,0,1,0,0,0,0,2,1,6,2,24,5,1242,1,5,8,1,8
2016320026077,2,9,0,18,0,1,0,0,0,0,1,1,6,2,25,5,1598,2,6,5,2,5
2016320026166,1,9,0,3,0,4,0,0,0,0,1,1,1,1,-1,-1,-1,-1,-1,-1,-1,-1
2016320026166,2,9,0,3,0,4,0,0,0,0,2,1,6,1,61,9,1299,1,9,-1,-1,-1
2016320026183,1,9,0,18,0,0,0,0,0,0,1,1,2,1,22,5,1149,1,14,8,1,8
2016320026352,1,9,0,4,0,1,0,0,0,0,0,1,6,3,-1,-1,-1,-1,-1,-1,-1,-1
2016320026352,2,19,0,4,0,1,1,0,1,10,4,1,6,1,29,6,1998,2,14,5,1,5
2016320026467,1,9,4,9,0,1,0,0,0,0,2,1,6,1,35,6,-1,-1,-1,-1,-1,-1
2016320026467,2,9,0,13,0,1,0,0,0,0,1,1,6,1,75,10,-1,-1,-1,-1,-1,-1
2016320026706,1,3,0,18,0,0,0,0,7,11,4,1,6,1,19,4,-1,-1,-1,8,1,8
2016320026706,2,9,0,2,0,0,0,0,0,0,0,1,6,1,50,8,1956,2,5,3,1,3
2016320026851,1,3,0,18,0,0,0,0,0,0,1,1,6,1,41,7,124,1,1,-1,-1,-1
2016320026851,2,9,0,18,0,0,0,0,0,0,1,1,6,1,43,7,1999,1,10,-1,-1,-1
2016320026851,3,9,0,18,0,0,0,0,0,0,0,1,6,1,22,5,1124,1,14,4,1,4
2016320027037,1,9,0,18,0,0,2,11,8,4,1,1,6,1,66,10,1560,2,6,4,1,4
2016320027153,1,9,0,18,0,0,1,0,1,1,1,1,6,1,24,5,1061,1,12,1,1,1
2016320027195,1,9,0,13,0,0,0,0,0,1,1,1,1,1,44,7,-1,-1,-1,9,1,9
2016320027195,2,9,0,18,0,0,0,0,0,0,1,1,1,1,42,7,1560,2,8,-1,-1,-1
2016320027195,3,9,0,2,6,0,0,0,1,9,3,1,1,1,37,7,2198,2,10,9,1,9
2016320027643,1,19,0,5,0,0,0,0,0,0,1,1,6,1,23,5,1995,2,9,4,1,4
2016320027643,2,9,0,18,0,0,5,0,0,0,4,1,6,1,50,8,1496,2,2,9,1,9
2016320027643,3,9,0,18,0,0,1,0,0,0,1,1,6,1,68,10,1386,1,11,5,3,5
2016320027668,1,9,0,1,0,0,0,0,0,0,2,1,6,1,23,5,1968,2,2,2,1,2
2016320027668,2,1,0,18,0,0,0,0,0,0,1,1,6,1,49,8,-1,-1,-1,2,1,2
2016320028187,1,9,0,17,0,0,0,0,1,4,1,1,6,1,26,6,1560,2,5,6,1,6
2016320028231,1,9,0,16,0,0,1,0,1,0,0,1,1,2,49,8,-1,-1,-1,-1,-1,-1
2016320028404,1,9,0,9,0,8,0,0,0,0,4,1,1,1,42,7,1997,2,8,7,3,7
2016320028404,2,3,0,18,0,8,0,0,0,0,1,1,1,1,21,5,124,1,16,-1,-1,-1
2016320028426,1,9,0,17,0,0,5,0,7,9,1,1,6,2,43,7,2696,2,11,4,3,4
2016320028712,1,9,0,18,0,0,1,0,1,0,3,1,1,1,50,8,2497,2,10,3,3,3
2016320028844,1,9,0,18,0,1,1,7,0,0,1,1,2,2,18,4,1124,1,11,4,1,4
2016320029209,1,19,0,18,0,5,0,0,0,0,1,1,1,1,28,6,1968,2,4,4,1,4
2016320029209,2,19,0,8,0,5,0,0,0,0,2,1,6,1,32,6,-1,-1,-1,6,3,6
2016320029210,1,20,0,18,0,1,0,0,0,0,1,1,1,1,53,8,4249,2,4,4,3,4
2016320029210,2,9,0,18,0,7,0,0,0,0,4,1,6,1,66,10,1598,2,3,4,3,4
2016320029496,1,9,0,9,0,1,0,0,0,0,1,1,1,2,46,8,1398,2,10,6,1,6
2016320029505,1,9,0,5,0,6,0,0,0,0,1,1,6,1,53,8,1997,2,13,9,1,9
2016320029505,2,1,0,18,0,1,0,0,0,0,4,1,6,1,13,3,-1,-1,-1,7,1,7
2016320030049,1,9,0,17,0,0,1,0,0,0,1,1,2,2,22,5,2521,1,7,10,1,10
2016320030090,1,5,0,18,0,0,1,0,0,0,1,1,6,1,20,4,656,1,10,2,1,2
2016320030090,2,17,4,18,0,0,0,0,0,0,2,1,1,1,23,5,6788,2,6,7,2,7
2016320030282,1,9,0,18,0,1,1,0,0,0,1,1,6,2,25,5,1598,1,2,3,1,3
2016320030282,2,9,0,18,0,1,0,0,0,0,2,2,6,1,38,7,-1,-1,-1,3,1,3
2016320030282,3,9,0,18,0,1,0,0,0,0,2,1,6,1,58,9,1560,2,1,10,2,10
2016320030282,4,9,0,18,0,1,0,0,0,0,2,1,6,2,46,8,1995,2,4,9,1,9
2016320030337,1,21,0,18,7,2,0,0,0,0,1,1,1,1,30,6,6370,2,7,-1,-1,-1
2016320030337,2,21,1,2,6,2,0,0,0,0,2,2,1,1,27,6,-1,-1,-1,-1,-1,-1
2016320030449,1,9,0,9,0,8,0,0,0,0,1,1,6,1,78,11,-1,-1,-1,9,1,9
2016320030449,2,9,0,18,0,1,0,0,0,0,1,1,6,1,57,9,1686,2,16,2,1,2
2016320030761,1,9,0,18,0,0,1,0,1,4,1,1,6,1,25,5,1086,1,6,-1,-1,-1
2016320030839,1,9,0,9,0,8,0,0,0,0,4,1,1,1,20,4,1199,1,12,4,1,4
2016320030839,2,9,0,18,0,1,0,0,0,0,1,1,1,1,43,7,1390,1,11,4,3,4
2016320030839,3,9,0,3,0,1,0,0,0,0,1,1,1,2,20,4,-1,-1,-1,9,1,9
2016320030935,1,9,0,18,0,0,1,0,0,0,1,1,6,2,23,5,1248,1,3,6,1,6
2016320030935,2,9,0,18,0,0,0,0,7,0,1,1,6,2,32,6,1896,2,13,5,3,5
2016320030984,1,2,0,18,0,1,1,0,0,0,0,1,1,1,16,4,49,1,15,2,1,2
2016320031023,1,3,0,17,0,0,1,0,1,0,0,1,6,2,19,4,125,1,4,8,1,8
2016320031028,1,9,0,17,0,0,1,0,1,7,1,1,6,1,23,5,1199,1,12,2,1,2
2016320031067,1,21,1,16,0,1,1,0,0,0,1,1,1,1,55,8,8970,2,9,2,1,2
2016320031067,2,9,0,17,0,1,0,0,0,0,1,1,1,2,51,8,2199,2,-1,4,3,4
2016320031177,1,9,0,4,0,4,0,0,0,0,2,1,2,2,28,6,1595,1,6,9,2,9
2016320031177,2,9,0,4,0,4,0,0,0,0,1,1,2,1,55,8,2496,1,15,6,1,6
2016320031313,1,9,0,18,0,0,1,0,1,0,1,1,1,1,25,5,1995,2,13,4,1,4
2016320031418,1,9,0,9,0,8,0,0,0,0,3,1,6,1,44,7,1969,2,1,2,1,2
2016320031418,2,9,0,18,0,8,0,0,0,0,1,1,6,1,81,11,-1,-1,-1,1,1,1
2016320031441,1,3,0,18,0,0,0,12,0,0,1,1,6,1,17,4,125,1,4,8,3,8
2016320031868,1,9,0,18,0,1,1,0,0,0,1,2,2,1,20,4,-1,-1,-1,5,3,5
2016320031868,2,9,0,10,0,1,0,0,0,0,2,1,6,2,61,9,1296,1,8,5,2,5
2016320031868,3,9,0,18,0,1,0,0,0,0,3,1,6,1,62,9,1968,2,3,6,3,6
2016320031969,1,19,0,18,0,0,0,0,7,0,1,1,6,1,25,5,1868,2,10,4,3,4
2016320031969,2,9,0,2,0,0,0,0,1,0,2,1,6,-1,-1,-1,1596,1,15,-1,-1,-1
2016320032051,1,9,0,18,0,0,0,0,0,0,1,1,6,1,-1,-1,1589,1,16,-1,-1,-1
2016320032051,2,9,0,3,0,0,0,0,0,0,2,1,6,1,30,6,1796,1,10,7,1,7
2016320032066,1,21,0,18,0,8,0,0,0,0,3,1,6,3,-1,-1,12419,2,1,-1,-1,-1
2016320032066,2,9,0,18,0,8,0,0,0,0,4,1,6,2,58,9,1999,1,11,2,1,2
2016320032260,1,5,0,18,0,0,0,0,1,0,1,1,6,1,29,6,-1,-1,-1,3,2,3
2016320032307,1,9,0,18,0,0,0,0,0,0,1,1,6,1,56,9,3497,1,14,-1,-1,-1
2016320032307,2,19,0,18,0,0,1,0,0,0,1,1,1,1,35,6,1997,2,11,-1,-1,-1
2016320032307,3,9,0,18,0,0,0,0,0,0,0,1,6,3,-1,-1,-1,-1,-1,-1,-1,-1
2016320032604,1,9,0,7,0,8,0,0,0,0,0,1,6,1,49,8,1956,2,5,2,1,2
2016320032604,2,1,0,9,-1,8,0,0,0,0,3,1,6,1,43,7,-1,-1,-1,9,1,9
2016320032731,1,9,0,9,0,5,0,0,0,0,1,1,6,1,17,4,1598,1,13,-1,-1,-1
2016320032785,1,3,0,18,0,0,5,0,0,0,2,1,6,1,25,5,-1,-1,-1,4,3,4
2016320032785,2,9,0,18,0,0,0,0,0,0,1,1,6,3,-1,-1,-1,-1,-1,-1,-1,-1
2016320032807,1,9,0,9,0,1,0,0,0,0,1,1,6,1,68,10,1360,1,15,7,1,7
2016320032807,2,3,0,18,0,1,0,0,0,0,1,1,6,1,17,4,-1,-1,-1,5,3,5
2016320033289,1,9,0,12,0,6,1,0,0,0,1,1,6,2,70,10,1560,2,9,3,2,3
2016320033289,2,9,0,12,0,6,0,0,0,0,2,1,6,2,26,6,-1,-1,-1,6,2,6
2016320033289,3,9,0,18,0,1,1,0,0,0,4,1,6,2,33,6,1240,1,11,8,2,8
2016320033289,4,9,0,12,0,6,0,0,0,0,0,1,6,3,-1,-1,-1,-1,-1,-1,-1,-1
2016320034166,1,8,0,18,0,0,0,0,0,0,1,1,1,1,26,6,2231,2,6,-1,-1,-1
2016320034177,1,19,0,9,0,6,0,0,0,0,4,1,1,1,32,6,1598,2,2,5,1,5
2016320034177,2,19,0,18,0,8,0,0,0,0,1,1,6,2,45,7,-1,-1,-1,7,3,7
2016320034383,1,9,0,18,0,0,0,0,7,10,1,1,6,1,22,5,-1,-1,-1,1,1,1
2016320034422,1,9,0,10,0,6,0,0,0,0,3,1,6,2,76,11,1796,1,15,6,2,6
2016320034422,2,9,0,18,0,1,0,0,0,0,1,1,6,1,59,9,1598,2,1,4,3,4
2016320034457,1,9,0,18,0,0,0,0,0,0,1,1,6,2,23,5,-1,-1,-1,3,2,3
2016320034457,2,9,0,18,0,0,0,0,1,0,1,1,1,1,58,9,-1,-1,-1,7,3,7
2016320034675,1,9,0,9,0,1,0,0,0,0,4,1,6,1,20,4,-1,-1,-1,6,1,6
2016320034675,2,9,0,18,0,1,0,0,0,0,1,1,6,1,62,9,1798,1,1,8,1,8
2016320034687,1,9,0,18,0,6,0,0,0,0,1,1,6,1,49,8,1995,2,1,6,3,6
2016320034903,1,9,0,18,0,1,0,0,0,0,1,1,6,2,41,7,1560,2,9,2,1,2
2016320035043,1,9,0,18,0,1,0,0,0,0,0,1,6,3,-1,-1,-1,-1,-1,-1,-1,-1
2016320035204,1,9,0,18,0,0,0,4,0,0,1,1,1,2,52,8,1199,1,12,2,1,2
2016320035204,2,19,0,2,0,0,0,0,0,0,2,1,6,1,60,9,-1,-1,-1,7,1,7
2016320035348,1,20,0,4,0,1,0,0,0,0,2,2,1,1,42,7,2998,2,3,6,3,6
2016320035361,1,9,0,18,0,0,0,10,1,1,1,1,6,2,55,8,1753,2,14,-1,-1,-1
2016320035616,1,9,0,18,0,1,0,0,0,0,1,1,6,2,52,8,1870,2,12,1,1,1
2016320035616,2,9,0,3,0,1,0,0,0,0,2,1,6,2,64,9,1598,2,3,10,1,10
2016320035826,1,19,0,18,0,0,1,0,7,4,3,1,1,1,41,7,2143,2,1,4,1,4
2016320036021,1,9,0,5,0,1,0,0,0,0,4,1,6,2,-1,-1,1984,1,16,4,3,4
2016320036021,2,1,0,18,0,1,0,0,0,0,1,1,6,1,30,6,-1,-1,-1,4,2,4
2016320036049,1,1,0,16,0,0,0,0,0,0,1,1,4,1,14,3,-1,-1,-1,-1,-1,-1
2016320036049,2,9,0,17,0,0,0,0,0,0,1,1,6,1,22,5,-1,-1,-1,3,1,3
2016320036088,1,9,0,18,0,2,0,0,0,0,1,1,6,2,20,4,1240,1,10,8,3,8
2016320036088,2,9,0,4,0,2,0,0,0,0,2,1,6,2,54,8,2143,2,-1,9,1,9
2016320036165,1,9,0,18,0,0,0,0,0,0,3,1,2,2,45,7,-1,-1,-1,7,3,7
2016320036178,1,9,0,18,0,4,0,0,0,0,1,1,2,2,24,5,1686,2,5,8,1,8
2016320036178,2,9,0,18,0,4,0,0,0,0,2,1,2,2,55,8,1870,2,11,5,3,5
2016320036186,1,9,0,13,0,1,0,0,0,0,4,1,6,3,-1,-1,-1,-1,-1,-1,-1,-1
2016320036186,2,9,0,4,0,1,0,0,0,0,3,1,6,2,44,7,1598,1,9,3,3,3
2016320036187,1,9,0,9,0,1,0,0,0,0,1,1,1,2,43,7,1560,2,8,2,1,2
2016320036187,2,9,0,18,0,1,0,0,0,0,1,1,6,1,64,9,1685,2,1,-1,-1,-1
2016320036209,1,4,0,3,0,1,0,0,0,0,4,1,2,1,27,6,-1,-1,-1,-1,-1,-1
2016320036209,2,9,0,9,0,6,0,0,0,0,4,1,6,1,-1,-1,-1,-1,-1,-1,-1,-1
2016320036597,1,9,0,18,0,0,0,0,7,9,1,1,3,2,29,6,1149,1,11,-1,-1,-1
2016320036597,2,9,0,5,0,0,0,0,0,0,1,1,3,1,37,7,1598,1,11,-1,-1,-1
2016320036886,1,9,0,18,0,0,2,10,4,6,3,1,6,1,32,6,1598,1,11,4,1,4
2016320036900,1,9,0,9,0,1,0,0,0,0,4,1,6,2,49,8,2198,2,3,4,1,4
2016320036900,2,1,0,18,0,1,0,0,0,0,1,1,6,2,49,8,-1,-1,-1,4,1,4
2016320036981,1,1,0,7,9,5,0,0,0,0,1,1,6,1,-1,-1,-1,-1,-1,-1,-1,-1
2016320037029,1,9,0,18,0,0,0,0,0,0,2,1,6,2,18,4,1242,1,2,3,1,3
2016320037029,2,9,0,3,0,0,0,0,0,0,1,1,6,1,30,6,2000,2,5,5,1,5
2016320037107,1,19,0,18,0,0,5,0,1,0,0,1,6,1,25,5,1248,2,10,3,1,3
2016320037252,1,9,0,18,0,8,0,0,1,9,1,1,6,1,17,4,1360,1,15,5,3,5
2016320037304,1,19,0,18,0,0,0,0,0,0,3,1,6,3,-1,-1,2287,2,1,-1,-1,-1
2016320037304,2,9,0,13,0,0,0,0,7,0,4,1,2,1,28,6,1685,2,2,5,1,5
2016320037365,1,9,0,5,0,0,0,0,0,0,1,1,1,2,54,8,1248,2,4,-1,-1,-1
2016320037365,2,9,0,3,0,0,0,0,0,0,2,1,6,1,21,5,-1,-1,-1,8,3,8
2016320037391,1,9,0,18,0,0,1,0,7,9,1,1,1,2,18,4,1984,1,16,3,2,3
2016320037512,1,9,0,18,0,1,0,10,1,0,3,1,3,2,34,6,1796,1,10,6,1,6
2016320037614,1,9,0,16,0,1,0,0,0,0,1,1,2,1,35,6,-1,-1,-1,2,1,2
2016320037614,2,9,0,17,0,2,0,0,1,0,1,1,6,2,52,8,998,1,10,5,3,5
2016320037614,3,11,0,16,0,1,0,0,7,1,1,1,1,1,79,11,-1,-1,-1,4,3,4
2016320037614,4,21,1,16,0,1,0,0,0,0,0,1,1,1,56,9,12902,2,1,8,1,8
2016320037830,1,9,0,18,0,8,0,0,0,0,1,1,6,2,18,4,1360,1,11,4,2,4
2016320037830,2,9,0,18,0,8,0,0,0,0,3,1,6,1,26,6,1796,1,8,5,3,5
2016320038395,1,9,0,16,0,3,0,0,0,0,1,1,6,1,57,9,2700,6,16,8,3,8
2016320038395,2,9,0,4,0,4,0,0,0,0,3,1,6,1,53,8,1665,2,19,9,1,9
2016320038409,1,9,0,17,0,0,5,0,0,0,1,1,6,2,17,4,998,1,16,3,3,3
2016320038527,1,21,1,18,0,0,0,0,0,0,1,1,1,1,52,8,12780,2,10,8,2,8
2016320038646,1,19,0,18,0,1,0,0,0,0,1,1,6,1,53,8,-1,-1,-1,4,1,4
2016320038646,2,9,0,18,0,1,0,0,0,0,2,2,6,1,20,4,-1,-1,-1,4,1,4
2016320038870,1,9,0,18,0,0,0,0,0,0,1,1,6,1,54,8,-1,-1,-1,-1,-1,-1
2016320038870,2,3,0,18,0,0,0,0,0,0,1,1,6,1,59,9,125,1,3,-1,-1,-1
2016320038942,1,9,0,16,0,0,2,0,1,11,1,1,6,1,29,6,1896,2,12,6,1,6
2016320039016,1,9,0,18,0,0,2,0,1,9,4,1,6,1,25,5,1995,2,16,-1,-1,-1
2016320039459,1,9,0,17,0,0,0,0,0,0,3,1,3,1,58,9,1997,2,7,3,1,3
2016320039459,2,17,0,4,0,0,0,0,0,0,3,1,1,1,20,4,4400,2,2,8,3,8
2016320039689,1,9,0,17,0,2,1,0,1,11,1,1,1,2,38,7,1242,1,4,3,3,3
2016320039870,1,9,0,4,0,0,0,0,0,0,1,1,1,1,33,6,1686,2,12,6,1,6
2016320039870,2,1,0,11,0,0,0,0,0,0,3,1,6,1,11,3,-1,-1,-1,4,1,4
2016320040024,1,11,0,5,0,1,0,0,0,0,0,1,1,1,53,8,8268,2,13,1,1,1
2016320040092,1,9,0,9,0,6,0,0,0,0,1,1,1,1,50,8,1798,1,12,1,1,1
2016320040092,2,9,0,18,0,1,0,0,0,0,2,1,1,1,30,6,1997,2,12,4,1,4
2016320040132,1,4,0,18,0,0,0,0,7,11,1,1,2,1,33,6,125,1,1,4,3,4
2016320040418,1,19,0,18,0,0,0,0,0,0,1,1,6,1,-1,-1,2198,2,8,6,1,6
2016320040418,2,9,0,18,0,0,0,0,0,0,2,1,1,1,29,6,1968,2,7,-1,-1,-1
2016320040771,1,20,4,4,0,0,0,0,0,0,1,1,1,1,49,8,-1,-1,-1,2,1,2
2016320040771,2,9,0,3,0,0,0,0,0,11,2,1,6,2,24,5,1390,1,16,-1,-1,-1
2016320040997,1,9,0,18,0,0,0,4,0,0,1,1,2,2,34,6,2993,2,9,3,3,3
2016320040997,2,9,0,3,0,0,0,0,0,0,2,1,2,1,42,7,-1,-1,-1,5,2,5
2016320040997,3,9,0,4,0,0,0,0,0,0,2,1,2,1,18,4,1390,1,15,5,2,5
2016320041336,1,9,0,18,0,4,0,0,0,0,3,1,2,2,45,7,2996,1,8,6,2,6
2016320041336,2,9,0,9,0,3,0,0,0,0,1,1,6,2,45,7,1783,1,17,6,1,6
2016320041873,1,9,0,13,0,1,0,0,3,10,4,1,6,2,22,5,-1,-1,-1,7,3,7
2016320041873,2,9,0,9,0,1,0,0,0,0,3,1,6,1,20,4,1368,1,9,4,3,4
2016320041927,1,9,0,12,0,0,0,0,0,0,1,1,6,2,23,5,1896,2,13,2,1,2
2016320041927,2,9,0,2,0,0,0,0,1,0,2,1,6,1,31,6,1895,1,17,4,3,4
2016320041961,1,9,0,5,0,0,0,0,0,0,3,1,2,1,25,5,1686,2,5,2,1,2
2016320041961,2,3,0,18,0,0,0,0,0,0,2,1,6,1,19,4,124,1,5,7,3,7
2016320042107,1,9,0,5,0,6,0,0,0,0,3,1,2,1,38,7,1910,2,12,7,1,7
2016320042107,2,9,0,16,0,8,0,0,0,0,1,1,2,1,45,7,998,1,6,6,3,6
2016320042473,1,9,0,18,0,2,0,0,0,0,1,1,6,2,74,10,1386,1,5,3,1,3
2016320042473,2,9,0,3,0,2,0,0,0,0,2,1,1,1,25,5,1995,2,13,8,1,8
2016320042473,3,9,0,3,0,2,0,0,0,0,2,1,1,1,50,8,1997,2,13,10,2,10
2016320042495,1,8,0,18,0,7,0,0,0,0,1,1,6,1,44,7,1998,2,8,3,1,3
2016320042495,2,9,0,18,0,7,0,0,0,0,2,1,6,2,50,8,1896,2,9,3,1,3
2016320042696,1,9,0,9,0,5,0,0,0,0,1,1,6,2,19,4,1149,1,13,1,1,1
2016320042696,2,9,0,18,0,1,0,0,0,0,1,1,6,1,17,4,1299,1,13,6,1,6
2016320042743,1,9,0,4,0,0,0,0,0,0,2,1,6,1,44,7,1598,1,1,7,1,7
2016320042743,2,9,0,18,0,0,0,0,0,0,0,1,6,1,28,6,1968,2,7,3,1,3
2016320042790,1,20,0,18,0,0,0,0,7,0,1,1,1,1,45,7,-1,-1,-1,10,2,10
2016320042790,2,9,0,18,0,0,0,0,1,0,1,1,6,2,49,8,1498,1,11,9,1,9
2016320042790,3,9,0,18,0,0,0,0,1,4,3,1,6,1,53,8,1598,1,10,9,1,9
2016320042981,1,3,0,7,0,4,0,0,0,0,0,1,2,1,19,4,-1,-1,-1,5,3,5
2016320042986,1,9,0,18,0,0,1,0,1,9,1,1,2,2,34,6,1968,2,9,1,1,1
2016320043100,1,9,0,9,0,6,0,0,0,0,3,1,6,2,67,10,1598,2,3,4,3,4
2016320043100,2,9,0,18,0,1,0,0,0,0,1,1,1,2,46,8,2198,2,10,4,3,4
2016320043202,1,9,0,18,0,7,0,0,1,0,3,1,1,2,51,8,1995,2,5,10,1,10
2016320043202,2,9,0,13,0,1,1,0,1,4,1,1,2,2,22,5,1398,1,6,6,3,6
2016320043202,3,98,1,18,0,1,0,4,0,0,3,1,6,3,-1,-1,-1,-1,-1,-1,-1,-1
2016320043332,1,9,0,3,0,1,0,0,0,0,1,1,2,2,25,5,1995,2,9,9,1,9
2016320043332,2,8,0,3,0,1,0,0,0,0,2,1,1,1,41,7,1910,2,10,8,1,8
2016320043404,1,98,0,17,0,2,5,0,1,0,4,1,1,1,48,8,-1,-1,-1,-1,-1,-1
2016320043529,1,19,0,13,0,1,1,0,7,0,1,1,1,1,27,6,2143,2,3,-1,-1,-1
2016320043529,2,9,0,9,0,5,1,0,1,10,3,1,6,1,31,6,1686,2,10,4,3,4
2016320043797,1,9,0,18,0,2,1,0,1,0,1,1,1,2,87,11,-1,-1,-1,-1,-1,-1
2016320043797,2,9,0,18,0,2,1,0,0,0,1,1,1,1,60,9,-1,-1,-1,-1,-1,-1
2016320044170,1,9,0,18,0,1,0,0,1,0,1,1,6,1,32,6,1560,2,6,5,3,5
2016320044170,2,9,0,18,0,1,0,0,0,0,2,1,6,1,35,6,-1,-1,-1,7,1,7
2016320044227,1,9,0,4,0,0,0,0,0,0,2,1,2,2,48,8,1197,1,1,6,1,6
2016320044227,2,9,0,18,0,0,5,0,0,0,4,1,2,1,38,7,1560,2,4,10,1,10
2016320044496,1,8,0,18,0,0,2,0,7,10,1,1,1,1,48,8,1997,2,11,1,1,1
2016320044565,1,9,0,18,0,0,2,0,1,0,4,1,6,1,28,6,-1,-1,-1,3,1,3
2016320044608,1,9,0,18,0,2,0,0,0,0,4,1,6,3,-1,-1,-1,-1,-1,-1,-1,-1
2016320044849,1,9,0,18,0,0,0,0,0,0,1,1,6,3,-1,-1,-1,-1,-1,-1,-1,-1
2016320044849,2,9,0,18,0,0,0,0,0,0,1,1,6,2,19,4,1242,1,5,-1,-1,-1
2016320044925,1,3,0,18,0,0,0,0,0,0,1,1,6,1,22,5,-1,-1,-1,2,1,2
2016320044925,2,1,0,18,0,0,0,0,0,0,2,1,6,1,59,9,-1,-1,-1,3,3,3
2016320044970,1,9,0,18,0,0,0,0,0,0,1,1,6,1,71,10,996,1,5,7,1,7
2016320044970,2,9,0,18,0,0,0,0,0,0,3,1,6,2,57,9,1781,1,12,8,1,8
2016320044970,3,9,0,18,0,0,1,0,1,0,1,1,6,1,23,5,1968,2,4,10,1,10
2016320044971,1,9,0,16,0,0,1,0,7,4,1,1,6,1,59,9,1596,1,1,-1,-1,-1
2016320045026,1,9,0,6,0,2,0,0,0,0,3,1,2,1,45,7,-1,-1,-1,-1,-1,-1
2016320045026,2,3,0,18,0,8,5,0,0,0,1,1,6,2,35,6,98,1,25,-1,-1,-1
2016320045058,1,19,0,17,0,0,1,0,7,0,1,1,1,1,45,7,-1,-1,-1,4,3,4
2016320045105,1,9,0,9,0,5,0,0,0,0,1,1,6,2,25,5,1299,1,9,2,1,2
2016320045105,2,1,0,9,0,6,0,0,0,0,3,1,6,1,39,7,-1,-1,-1,5,1,5
2016320045395,1,9,0,6,8,0,0,0,1,4,3,1,1,2,55,8,1560,2,3,-1,-1,-1
2016320045450,1,19,0,18,0,1,0,0,0,0,1,1,6,1,27,6,1968,2,3,3,3,3
2016320045482,1,9,0,18,0,4,0,0,0,0,3,1,6,1,44,7,1794,1,13,8,1,8
2016320045482,2,1,0,9,0,4,0,0,0,0,2,1,6,1,54,8,-1,-1,-1,9,3,9
2016320045520,1,9,0,17,0,0,2,0,1,9,1,1,6,1,37,7,1796,1,13,6,3,6
2016320045587,1,9,0,18,0,0,0,0,0,0,1,1,6,2,78,11,-1,-1,-1,7,1,7
2016320045587,2,8,0,4,0,0,0,1,0,0,1,1,6,1,30,6,-1,-1,-1,1,1,1
2016320045587,3,9,0,3,0,0,0,0,0,0,2,1,6,2,54,8,1198,1,2,4,1,4
2016320045645,1,9,0,18,0,0,0,0,0,0,1,1,6,1,43,7,1388,1,16,1,1,1
2016320045645,2,9,0,18,0,0,0,0,0,0,1,1,1,1,38,7,2993,2,12,8,1,8
2016320045681,1,9,0,18,0,0,5,0,1,0,4,1,6,1,17,4,1390,1,11,5,3,5
2016320045695,1,9,0,18,0,1,1,0,0,0,1,1,2,1,27,6,1596,1,14,4,3,4
2016320045695,2,9,0,17,0,1,1,0,1,9,1,1,6,1,50,8,1560,2,1,2,1,2
2016320045720,1,9,0,16,0,3,1,0,7,1,4,1,6,1,35,6,1994,1,19,3,2,3
2016320046314,1,9,0,9,0,8,0,0,0,0,3,1,2,1,79,11,2494,2,9,9,2,9
2016320046314,2,9,0,18,0,1,0,0,0,0,1,1,6,2,62,9,1461,2,5,3,1,3
2016320046525,1,1,0,18,5,8,0,0,0,0,1,1,2,2,59,9,-1,-1,-1,9,2,9
2016320046525,2,9,0,7,0,8,0,0,0,0,4,1,3,2,49,8,1998,1,13,5,1,5
2016320046682,1,9,0,12,0,0,1,0,7,0,1,1,6,1,50,8,2231,2,2,6,1,6
2016320046682,2,9,0,18,0,0,0,0,1,1,3,1,6,1,55,8,-1,-1,-1,3,3,3
2016320046888,1,9,0,18,0,3,0,0,0,0,3,1,6,1,45,7,1995,2,5,-1,-1,-1
2016320046888,2,9,0,18,0,3,0,0,0,0,4,1,6,1,45,7,-1,-1,-1,-1,-1,-1
2016320046936,1,9,0,18,0,0,0,4,0,0,1,1,6,1,24,5,-1,-1,-1,-1,-1,-1
2016320046936,2,9,0,2,0,0,0,4,0,0,2,1,6,3,-1,-1,-1,-1,-1,-1,-1,-1
2016320046936,3,9,0,2,0,0,0,0,1,11,2,1,6,3,-1,-1,-1,-1,-1,-1,-1,-1
2016320046937,1,9,0,17,0,0,0,0,0,0,1,1,6,2,23,5,1596,1,14,10,2,10
2016320046937,2,9,0,16,0,0,0,0,0,0,1,1,6,2,49,8,1396,1,13,6,3,6
2016320047770,1,2,0,16,0,0,1,0,0,0,4,1,6,1,20,4,49,1,13,7,2,7
2016320047781,1,90,0,18,0,3,2,0,1,1,1,1,6,1,68,10,2690,1,19,6,3,6
2016320047852,1,19,0,7,0,4,0,0,0,0,1,1,1,1,38,7,1968,2,4,1,1,1
2016320047852,2,9,0,7,0,4,0,0,0,0,2,1,1,2,31,6,1242,1,11,3,1,3