Accident_Index,Vehicle_Reference,Vehicle_Type,Towing_and_Articulation,Vehicle_Manoeuvre,Vehicle_Location-Restricted_Lane,Junction_Location,Skidding_and_Overturning,Hit_Object_in_Carriageway,Vehicle_Leaving_Carriageway,Hit_Object_off_Carriageway,1st_Point_of_Impact,Was_Vehicle_Left_Hand_Drive?,Journey_Purpose_of_Driver,Sex_of_Driver,Age_of_Driver,Age_Band_of_Driver,Engine_Capacity_(CC),Propulsion_Code,Age_of_Vehicle,Driver_IMD_Decile,Driver_Home_Area_Type,Vehicle_IMD_Decile
2016320085730,2,9,0,4,0,0,0,0,0,0,1,1,1,1,66,10,2969,2,9,4,3,4
2016320085808,1,9,0,9,0,6,0,0,0,0,3,1,6,1,38,7,-1,-1,-1,4,2,4
2016320085808,2,5,0,18,0,1,0,0,0,0,1,1,6,1,39,7,1690,1,2,8,1,8
2016320086097,1,19,0,4,0,1,0,0,0,0,4,1,1,1,22,5,-1,-1,-1,7,1,7
2016320086437,1,9,0,4,0,2,0,4,0,0,1,1,1,1,50,8,-1,-1,-1,7,3,7
2016320086437,2,9,0,10,0,1,0,0,0,0,2,1,6,2,56,9,-1,-1,-1,5,3,5
2016320086437,3,19,0,10,0,1,0,0,0,0,2,1,6,1,-1,-1,2402,2,11,-1,-1,-1
2016320086535,1,9,0,17,0,0,0,0,0,10,1,1,2,1,18,4,998,1,11,5,3,5
2016320086592,1,9,0,7,0,5,0,0,0,0,1,1,6,2,33,6,1968,2,8,9,1,9
2016320086781,1,9,0,5,0,6,0,0,0,0,3,1,6,1,31,6,1997,2,11,2,1,2
2016320086837,1,9,0,18,0,0,1,0,0,0,1,1,6,2,22,5,1240,1,13,9,1,9
2016320086837,2,9,0,18,0,0,0,0,1,0,1,1,6,2,54,8,1246,1,10,8,3,8
2016320086880,1,9,0,9,0,1,0,0,0,0,1,1,6,1,20,4,1896,2,11,10,2,10
2016320086880,2,8,0,18,0,1,0,0,0,0,1,1,1,1,36,7,1560,2,9,1,1,1
2016320087145,1,9,0,18,0,4,0,0,0,0,1,1,6,1,26,6,1998,1,5,9,2,9
2016320087145,2,9,0,18,0,4,0,0,0,0,2,1,6,2,49,8,1997,2,1,-1,-1,-1
2016320087353,1,9,0,18,0,1,0,0,0,0,1,1,6,1,50,8,2993,2,10,6,1,6
2016320087353,2,21,1,18,0,1,2,0,1,1,3,1,1,1,41,7,10518,2,6,2,1,2
2016320087510,1,9,0,17,0,0,0,0,7,1,2,1,6,1,28,6,1598,1,6,1,1,1
2016320087571,1,9,0,4,0,1,0,0,1,9,4,1,6,2,60,9,1229,1,8,-1,-1,-1
2016320087571,2,21,0,18,0,1,0,0,0,0,1,1,1,1,30,6,5880,2,10,2,1,2
2016320087571,3,9,0,18,0,1,0,0,1,9,2,1,6,2,32,6,1298,1,13,2,1,2
2016320087684,1,5,0,18,0,1,5,0,0,0,0,1,6,2,50,8,645,1,8,7,1,7
2016320087687,1,9,0,18,0,0,0,0,1,10,1,1,1,1,25,5,1587,1,12,4,1,4
2016320087687,2,9,0,18,0,0,0,0,0,0,2,1,1,2,29,6,1198,1,7,9,3,9
2016320087838,1,9,0,18,0,0,0,0,7,10,1,1,6,2,24,5,1242,1,14,1,1,1
2016320088293,1,9,0,18,0,8,0,0,0,0,1,1,6,2,23,5,1248,1,6,7,1,7
2016320088293,2,5,0,18,0,8,0,0,0,0,1,1,6,1,31,6,-1,-1,-1,10,3,10
2016320088326,1,5,0,4,0,0,5,0,0,0,0,1,6,2,51,8,600,1,11,-1,-1,-1
2016320088376,1,9,0,18,8,6,0,0,0,0,1,1,6,1,87,11,1360,1,13,2,1,2
2016320088376,2,5,0,18,0,5,0,0,0,0,1,1,6,1,45,7,998,1,12,-1,-1,-1
2016320088423,1,9,0,18,0,0,0,0,0,0,1,1,6,1,30,6,1461,2,9,-1,-1,-1
2016320088423,2,10,0,18,0,0,0,0,0,0,2,1,1,1,60,9,-1,-1,-1,-1,-1,-1
2016320088571,1,5,0,18,0,0,5,0,7,0,1,1,1,1,33,6,680,1,6,6,1,6
2016320089000,1,5,0,17,0,1,0,0,7,0,1,1,6,1,64,9,998,1,14,-1,-1,-1
2016320089394,1,19,0,18,0,1,0,0,0,0,1,1,1,1,67,10,2198,2,4,4,1,4
2016320089394,2,9,0,4,0,1,0,0,0,0,2,1,6,1,50,8,1870,2,15,1,1,1
2016320089394,3,9,0,4,0,1,0,0,0,0,2,1,6,1,53,8,-1,-1,-1,-1,-1,-1
2016320089546,1,21,0,3,0,1,0,0,0,0,1,1,1,2,30,6,-1,-1,-1,7,3,7
2016320089546,2,9,0,10,0,1,0,0,0,0,2,1,3,1,30,6,-1,-1,-1,6,1,6
2016320089619,1,9,0,18,0,0,0,0,0,0,1,1,6,3,-1,-1,-1,-1,-1,-1,-1,-1
2016320089619,2,1,0,18,0,0,2,0,1,0,2,1,1,1,29,6,-1,-1,-1,1,1,1
2016320090235,1,9,0,18,0,0,5,12,1,0,4,1,6,1,20,4,1242,1,10,5,1,5
2016320090282,1,9,0,18,0,0,0,0,0,0,1,1,6,2,30,6,3248,1,15,-1,-1,-1
2016320090282,2,9,0,18,0,0,0,0,0,0,1,1,1,1,39,7,-1,-1,-1,1,1,1
2016320090333,1,9,0,18,0,0,0,0,0,0,1,1,6,1,51,8,-1,-1,-1,5,3,5
2016320090333,2,1,0,18,0,0,0,0,0,0,4,1,1,1,38,7,-1,-1,-1,7,1,7
2016320090362,1,17,0,18,0,1,0,0,0,0,1,1,6,1,20,4,6057,2,3,-1,-1,-1
2016320090362,2,9,0,8,0,1,0,0,0,0,2,1,6,2,44,7,1242,1,3,-1,-1,-1
2016320090498,1,9,0,18,0,0,0,0,0,0,0,1,1,1,23,5,1598,1,-1,3,1,3
2016320090498,2,5,0,18,0,0,2,0,1,0,4,1,6,1,74,10,649,1,15,1,1,1
2016320090594,1,19,0,18,0,1,0,0,0,0,1,1,6,1,35,6,1968,2,1,10,1,10
2016320090594,2,9,0,2,0,2,0,0,0,0,2,1,6,1,62,9,-1,-1,-1,6,3,6
2016320090942,1,21,0,18,0,0,0,0,7,9,1,1,1,1,56,9,8867,2,8,7,1,7
2016320091580,1,9,0,6,0,0,0,10,7,11,1,1,6,2,60,9,1956,2,2,2,1,2
2016320091640,1,9,0,18,0,2,0,0,0,0,3,1,6,1,43,7,1753,2,14,9,1,9
2016320091781,1,9,0,18,0,0,0,0,0,0,1,1,3,2,36,7,1560,2,8,5,3,5
2016320091781,2,9,0,4,0,0,0,0,1,0,2,1,3,2,45,7,1968,2,1,5,3,5
2016320091863,1,9,0,18,0,0,0,0,0,0,1,1,6,1,51,8,1995,2,1,-1,-1,-1
2016320091863,2,8,0,18,0,0,0,0,0,0,2,1,2,1,57,9,-1,-1,-1,-1,-1,-1
2016320091897,1,9,0,18,0,4,0,0,0,0,1,1,6,2,21,5,1248,1,-1,9,1,9
2016320091952,1,9,0,18,0,0,0,0,0,0,3,1,6,1,85,11,-1,-1,-1,10,2,10
2016320091952,2,1,0,18,0,0,0,0,0,0,3,1,6,2,15,3,-1,-1,-1,5,3,5
2016320091963,1,9,0,18,0,0,5,10,1,9,4,1,6,1,39,7,1598,1,5,3,1,3
2016320092018,1,9,0,18,9,0,0,0,0,0,1,1,6,1,37,7,1499,2,3,3,3,3
2016320092018,2,19,0,2,9,0,0,0,0,0,2,1,1,1,54,8,2977,2,8,-1,-1,-1
2016320092287,1,9,0,18,0,2,0,0,0,0,1,1,2,1,55,8,1686,2,14,4,3,4
2016320092438,1,9,0,18,0,0,0,0,7,9,3,1,6,1,80,11,1497,1,16,1,1,1
2016320092555,1,19,0,13,0,0,0,0,0,0,0,1,6,3,-1,-1,-1,-1,-1,-1,-1,-1
2016320092555,2,1,0,17,0,0,0,0,1,0,0,1,6,1,29,6,-1,-1,-1,6,3,6
2016320092741,1,9,0,9,0,1,0,0,0,0,1,1,6,2,80,11,698,1,9,4,1,4
2016320092741,2,9,0,4,0,1,0,0,0,0,1,1,6,2,43,7,1968,2,1,6,1,6
2016320092741,3,9,0,4,0,1,0,0,0,0,1,1,6,2,53,8,-1,-1,-1,5,1,5
2016320092838,1,9,0,9,0,2,0,0,0,0,1,1,6,2,20,4,998,1,13,1,1,1
2016320092838,2,1,0,18,0,1,0,0,0,0,1,1,6,1,61,9,-1,-1,-1,3,1,3
2016320092980,1,9,0,14,0,0,2,4,0,0,1,1,6,2,24,5,1242,1,4,-1,-1,-1
2016320092980,2,9,0,2,0,0,0,0,0,0,1,1,6,3,24,5,1242,1,1,2,1,2
2016320092980,3,9,0,2,0,0,0,0,0,0,2,1,6,3,-1,-1,1910,2,13,2,1,2
2016320093055,1,9,0,9,0,8,0,0,0,0,1,1,6,2,28,6,1968,2,9,-1,-1,-1
2016320093079,1,9,0,8,0,1,0,0,0,0,1,1,2,2,23,5,1560,2,5,9,1,9
2016320093079,2,9,0,11,0,1,0,0,0,0,2,1,1,2,34,6,1600,2,7,5,2,5
2016320094095,1,3,0,16,0,0,0,0,0,0,3,1,6,1,23,5,124,1,13,2,1,2
2016320094178,1,9,0,9,0,6,0,0,0,0,1,1,6,1,34,6,1560,2,3,-1,-1,-1
2016320094178,2,9,0,18,0,1,0,0,0,0,1,1,6,2,44,7,1598,1,15,1,1,1
2016320094411,1,9,0,5,0,0,0,0,0,0,0,1,6,2,60,9,1246,1,8,5,2,5
2016320094716,1,9,0,9,0,8,0,0,0,0,1,1,6,2,29,6,1968,2,8,3,1,3
2016320094736,1,9,0,18,0,0,0,0,0,0,0,1,6,1,64,9,3500,1,14,4,3,4
2016320094736,2,19,0,13,0,0,5,0,1,9,1,1,6,1,48,8,1753,2,12,3,3,3
2016320094753,1,9,0,18,0,0,2,0,8,9,1,1,6,1,53,8,1600,1,17,2,1,2
2016320094897,1,5,0,17,0,0,5,0,7,0,0,1,6,1,47,8,998,1,8,10,1,10
2016320095200,1,9,0,3,0,2,0,0,0,0,2,1,6,1,82,11,3960,1,20,4,3,4
2016320095795,1,9,0,18,0,0,5,0,1,0,1,1,6,2,17,4,998,1,12,7,2,7
2016320096030,1,9,0,18,0,0,0,0,0,0,1,1,6,2,-1,-1,-1,-1,-1,-1,-1,-1
2016320096030,2,3,0,3,0,0,0,0,0,0,3,1,6,1,14,3,-1,-1,-1,4,3,4
2016320096044,1,5,0,16,0,0,5,0,1,4,1,1,6,1,37,7,1301,1,-1,8,1,8
2016320096607,1,9,0,10,0,6,0,0,0,0,1,1,1,1,34,6,1995,1,5,3,1,3
2016320096607,2,1,0,18,5,1,0,0,0,0,4,1,1,1,58,9,-1,-1,-1,6,3,6
2016320096709,1,9,0,5,0,4,0,0,0,0,1,2,6,1,21,5,1398,1,1,8,1,8
2016320096709,2,9,0,3,0,4,0,0,0,0,2,2,6,1,53,8,1242,1,1,-1,-1,-1
2016320096913,1,9,0,18,0,0,0,0,0,0,1,1,6,2,26,6,1560,2,1,4,2,4
2016320096913,2,9,0,3,0,0,0,0,0,0,2,1,6,2,26,6,-1,-1,-1,7,1,7
2016320096913,3,9,0,3,0,0,0,0,0,0,2,1,6,1,32,6,-1,-1,-1,3,1,3
2016320096931,1,22,0,18,9,0,0,0,0,0,1,1,6,1,70,10,-1,-1,-1,-1,-1,-1
2016320097285,1,3,0,17,0,0,1,0,0,0,3,1,1,1,22,5,125,1,-1,1,1,1
2016320097413,1,9,0,17,0,7,0,0,0,0,1,1,2,1,21,5,-1,-1,-1,7,3,7
2016320097413,2,9,0,16,0,7,0,0,0,0,3,1,2,2,28,6,1995,2,1,-1,-1,-1
2016320097629,1,19,0,9,0,1,0,0,0,0,1,1,1,1,39,7,2148,2,10,1,1,1
2016320097629,2,9,0,18,0,1,0,0,0,0,3,1,6,1,34,6,1560,2,5,10,2,10
2016320097797,1,9,0,18,0,1,0,0,0,0,1,1,1,2,37,7,1595,1,15,4,3,4
2016320097797,2,9,0,18,0,1,0,0,0,0,2,1,1,2,37,7,-1,-1,-1,3,3,3
2016320097802,1,9,0,5,0,0,0,0,0,0,1,1,6,2,33,6,-1,-1,-1,7,1,7
2016320097802,2,1,0,18,0,0,0,0,0,0,2,1,4,1,17,4,-1,-1,-1,9,2,9
2016320097933,1,9,0,9,0,1,0,0,0,0,0,1,6,1,70,10,1998,2,9,6,2,6
2016320097933,2,2,0,18,0,1,2,0,0,7,0,1,6,1,23,5,124,1,27,3,1,3
2016320098446,1,9,0,18,0,0,0,0,7,0,3,1,6,2,64,9,1991,2,9,4,3,4
2016320098446,2,17,0,18,0,0,0,0,0,0,0,1,1,1,50,8,6788,2,2,-1,-1,-1
2016320098446,3,19,0,18,0,0,0,0,0,0,0,1,6,1,61,9,2402,2,13,-1,-1,-1
2016320098583,1,9,0,18,0,0,0,0,1,10,4,1,1,2,35,6,1399,1,11,3,1,3
2016320098614,1,21,1,18,0,0,2,0,1,4,1,1,1,1,40,7,11946,2,6,-1,-1,-1
2016320098656,1,9,0,18,0,1,0,0,0,0,0,1,6,2,21,5,998,1,3,-1,-1,-1
2016320098692,1,9,0,18,0,1,0,0,0,0,4,1,6,1,49,8,1389,1,12,6,2,6
2016320098799,1,3,0,9,0,8,0,0,0,0,0,1,6,1,22,5,125,1,2,8,1,8
2016320098799,2,9,0,18,0,1,0,0,0,0,0,1,6,3,-1,-1,-1,-1,-1,-1,-1,-1
2016320098911,1,9,0,18,0,0,0,0,0,0,1,1,2,1,23,5,1598,2,5,4,3,4
2016320098911,2,9,0,18,0,0,0,0,0,0,1,1,6,2,35,6,1600,1,11,4,3,4
2016320098948,1,9,0,17,0,0,1,0,0,0,1,1,2,2,53,8,1248,1,6,7,1,7
2016320098948,2,9,0,17,0,0,1,0,1,0,2,1,2,1,38,7,2495,2,20,10,2,10
2016320098964,1,9,0,9,0,1,0,0,0,0,1,1,6,1,19,4,1124,1,12,6,1,6
2016320098964,2,1,0,9,0,1,0,0,0,0,1,1,2,1,31,6,-1,-1,-1,6,1,6
2016320099010,1,9,0,5,0,0,0,0,0,0,1,1,2,1,59,9,2149,2,9,9,3,9
2016320099010,2,3,0,18,0,0,0,0,0,0,1,1,2,1,19,4,125,1,3,9,1,9
2016320099079,1,9,0,5,0,4,0,0,0,0,1,1,6,2,-1,-1,-1,-1,-1,-1,-1,-1
2016320099079,2,9,0,3,0,1,0,0,0,0,2,1,6,2,49,8,1199,1,14,-1,-1,-1
2016320099147,1,9,0,18,0,0,0,0,0,0,1,1,6,1,41,7,1998,2,12,7,2,7
2016320099147,2,9,0,18,0,0,0,0,0,0,1,1,6,2,55,8,1499,1,8,9,1,9
2016320099147,3,19,0,18,0,0,0,0,0,0,1,1,6,1,50,8,2987,2,9,2,1,2
2016320099163,1,8,0,18,0,8,0,0,0,0,4,1,1,1,47,8,1910,2,8,9,1,9
2016320099264,1,9,0,16,0,0,1,0,8,9,1,1,6,1,21,5,1560,2,3,9,3,9
2016320099902,1,9,0,2,0,0,0,0,0,0,0,1,1,1,42,7,-1,-1,-1,4,3,4
2016320099902,2,1,0,18,0,0,0,0,0,0,1,1,1,1,66,10,-1,-1,-1,-1,-1,-1
2016320099919,1,9,0,16,0,1,0,0,0,0,1,1,6,1,17,4,-1,-1,-1,1,1,1
2016320099919,2,9,0,16,0,1,0,0,0,0,1,1,6,1,37,7,1399,1,7,3,2,3
2016320099943,1,9,0,18,0,0,0,0,0,0,1,1,2,2,43,7,1399,2,9,5,2,5
2016320099943,2,9,0,7,0,0,0,0,1,11,2,1,6,1,60,9,4966,1,12,7,2,7
2016320100916,1,9,0,18,0,0,0,0,0,0,1,1,6,3,-1,-1,-1,-1,-1,-1,-1,-1
2016320100916,2,1,0,18,0,0,0,0,0,0,2,1,4,1,12,3,-1,-1,-1,8,1,8
2016320102531,1,9,0,16,0,0,0,0,0,0,1,1,6,1,25,5,1796,1,9,6,2,6
2016320102531,2,9,0,17,0,0,0,0,0,0,1,1,6,1,54,8,1598,1,12,3,1,3
2016320102562,1,9,0,5,0,6,0,0,7,7,4,1,6,2,18,4,998,1,7,4,2,4
2016320102562,2,9,0,18,0,1,0,0,0,0,1,1,6,2,21,5,1242,1,12,3,3,3
2016320102872,1,9,0,16,0,0,2,0,7,4,1,1,2,1,28,6,1988,1,14,5,3,5
2016320103024,1,9,0,18,0,0,0,0,0,0,0,1,6,1,-1,-1,1968,2,4,-1,-1,-1
2016320103024,2,9,0,18,0,0,0,0,0,0,1,1,6,1,45,7,2993,2,5,10,2,10
2016320103024,3,9,0,18,0,0,0,0,0,0,2,1,6,1,47,8,2993,2,2,10,2,10
2016320103024,4,9,0,18,0,0,0,0,0,0,0,1,6,1,49,8,2993,2,3,10,2,10
2016320103064,1,9,0,4,0,0,0,0,0,0,1,1,6,1,-1,-1,1124,1,15,4,1,4
2016320103327,1,9,0,18,0,0,0,0,0,0,1,2,6,1,43,7,-1,-1,-1,3,1,3
2016320103337,1,21,1,13,0,0,0,0,0,0,2,1,1,1,43,7,12740,2,2,4,3,4
2016320103337,2,17,0,18,0,0,0,0,0,0,1,1,1,1,34,6,7365,2,4,6,3,6
2016320103455,1,9,0,17,0,2,0,0,0,0,2,1,6,1,29,6,1800,1,14,5,1,5
2016320103455,2,1,0,17,0,2,0,0,0,0,1,1,6,1,17,4,-1,-1,-1,3,1,3
2016320103509,1,20,0,18,0,0,0,0,0,0,1,1,1,1,23,5,2198,2,1,2,1,2
2016320103509,2,9,0,3,0,0,0,0,0,0,2,1,6,1,59,9,1968,2,1,5,1,5
2016320103509,3,20,0,3,0,0,0,0,0,0,2,1,1,1,45,7,-1,-1,-1,7,1,7
2016320103546,1,9,0,18,0,8,0,0,0,0,1,1,6,2,45,7,1599,1,12,2,1,2
2016320103546,2,9,0,18,0,8,0,0,0,0,1,1,6,1,27,6,1496,2,-1,3,1,3
2016320104153,1,9,0,18,0,0,0,0,0,0,1,1,6,1,36,7,1360,1,14,8,1,8
2016320104153,2,9,0,3,0,0,0,0,0,0,2,1,6,1,39,7,1598,1,12,1,1,1
2016320104153,3,9,0,3,0,0,0,0,0,0,2,1,6,2,36,7,1229,1,6,6,2,6
2016320104263,1,9,0,9,0,1,0,0,0,0,1,2,6,1,52,8,1395,1,2,10,2,10
2016320104263,2,9,0,18,0,1,0,0,0,0,1,2,6,2,-1,-1,-1,-1,-1,1,1,1
2016320105064,1,9,4,18,0,0,1,0,0,0,1,1,6,1,65,9,-1,-1,-1,2,1,2
2016320105064,2,5,0,13,0,0,0,0,1,0,1,1,6,1,43,7,-1,-1,-1,9,3,9
2016320105595,1,9,0,16,0,0,1,0,7,4,4,1,2,1,18,4,1299,1,13,5,2,5
2016320105839,1,9,0,4,0,0,0,0,0,0,4,1,6,2,74,10,-1,-1,-1,-1,-1,-1
2016320105928,1,21,0,18,0,0,0,0,0,0,1,1,6,1,37,7,9200,2,11,2,1,2
2016320105928,2,19,0,18,0,0,0,0,0,0,1,1,6,2,38,7,1997,2,2,7,2,7
2016320106130,1,9,0,16,0,0,0,0,7,11,1,1,6,1,69,10,996,1,7,3,3,3
2016320106157,1,9,0,18,0,8,0,0,0,0,3,1,6,2,52,8,1598,1,11,5,3,5
2016320106157,2,1,0,11,0,8,0,0,0,0,2,1,6,1,71,10,-1,-1,-1,10,2,10
2016320106189,1,9,0,9,0,0,5,0,1,0,1,1,6,2,20,4,-1,-1,-1,8,1,8
2016320106202,1,3,0,16,0,0,1,0,0,0,4,1,2,1,48,8,124,1,6,1,1,1
2016320106207,1,9,0,18,0,8,0,0,0,0,1,1,1,2,55,8,1598,1,5,10,3,10
2016320106302,1,9,0,5,0,6,0,0,0,0,1,1,2,1,28,6,-1,-1,-1,7,3,7
2016320106302,2,9,0,18,0,8,0,0,0,0,3,1,1,2,53,8,1560,2,4,2,1,2
2016320106988,1,9,0,10,0,1,0,0,0,0,2,1,1,2,58,9,1796,1,3,-1,-1,-1
2016320106988,2,9,0,3,0,1,0,0,0,0,2,1,6,1,68,10,1242,1,12,6,1,6
2016320106988,3,19,0,18,0,1,0,0,0,0,1,1,1,1,49,8,2298,2,2,6,1,6
2016320107033,1,3,0,4,0,0,5,0,1,0,1,1,1,1,45,7,124,1,1,2,1,2
2016320107033,2,9,0,4,0,0,0,0,0,0,2,1,1,2,47,8,1248,2,2,6,3,6
2016320107236,1,9,0,18,0,1,0,0,0,0,1,1,6,1,66,10,1560,2,6,-1,-1,-1
2016320107236,2,9,0,10,0,1,0,0,0,0,2,1,6,2,51,8,1600,2,5,6,3,6
2016320107313,1,9,0,18,0,0,0,0,0,0,2,1,2,1,40,7,1364,1,7,5,2,5
2016320107313,2,9,0,18,0,0,0,0,0,0,1,1,2,2,26,6,1388,1,7,4,2,4
2016320107923,1,9,0,5,0,2,0,0,0,0,1,1,6,1,33,6,1596,1,12,3,1,3
2016320107923,2,9,0,5,0,2,0,0,0,0,4,1,2,2,25,5,-1,-1,-1,3,1,3
2016320108317,1,9,0,18,0,1,0,0,0,0,1,1,6,1,40,7,1997,2,1,1,1,1
2016320108317,2,9,0,5,0,2,0,0,0,0,1,1,6,2,60,9,1560,2,6,-1,-1,-1
2016320108450,1,9,0,9,0,1,0,0,0,0,1,1,2,1,89,11,2494,1,12,4,1,4
2016320108450,2,1,0,18,0,1,0,0,0,0,1,1,6,1,27,6,-1,-1,-1,8,1,8
2016320108489,1,9,0,18,0,0,0,0,1,0,1,1,6,1,69,10,1598,1,6,9,3,9
2016320108719,1,9,0,5,0,0,0,0,0,0,3,1,6,1,-1,-1,1799,1,4,-1,-1,-1
2016320108719,2,1,0,18,0,0,0,0,0,0,4,1,6,2,76,11,-1,-1,-1,1,1,1
2016320109336,1,3,0,16,0,0,0,0,0,0,1,1,6,1,17,4,124,1,8,-1,-1,-1
2016320109336,2,17,4,17,0,0,0,0,0,0,3,1,1,1,40,7,6370,2,12,6,3,6
2016320109336,3,3,0,16,0,0,0,0,0,0,0,1,6,1,17,4,125,1,8,-1,-1,-1
2016320109746,1,5,0,16,0,0,1,0,0,0,1,1,6,1,62,9,1450,1,11,4,3,4
2016320109955,1,9,0,18,0,0,0,0,0,0,1,1,2,2,28,6,-1,-1,-1,5,2,5
2016320109955,2,9,0,4,0,0,0,0,0,0,2,1,2,2,28,6,1248,2,7,6,3,6
2016320110147,1,9,0,18,0,4,0,0,0,0,2,1,6,1,54,8,2143,2,-1,10,1,10
2016320110147,2,9,0,18,0,4,0,0,0,0,3,1,6,2,54,8,1461,2,4,8,2,8
2016320110147,3,9,0,18,0,4,0,0,0,0,4,1,1,1,34,6,2191,2,3,10,1,10
2016320110236,1,9,0,9,0,8,0,0,0,0,0,1,6,3,-1,-1,-1,-1,-1,-1,-1,-1
2016320110236,2,9,0,17,0,1,0,0,1,11,1,1,6,1,35,6,1753,2,12,4,3,4
2016320110430,1,9,0,9,0,2,0,0,0,0,4,1,1,1,48,8,1999,1,10,9,2,9
2016320110430,2,5,0,18,0,1,2,0,0,0,3,1,6,1,42,7,998,1,2,-1,-1,-1
2016320110430,3,9,0,3,0,1,0,0,0,0,1,1,6,1,50,8,1870,2,13,6,2,6
2016320110474,1,21,1,9,0,8,0,0,0,0,3,2,1,1,54,8,-1,-1,-1,-1,-1,-1
2016320110474,2,9,0,7,0,3,0,0,0,0,4,1,1,2,49,8,1229,1,7,6,1,6
2016320110968,1,19,0,9,0,1,0,0,0,0,2,1,6,3,-1,-1,2300,2,12,-1,-1,-1
2016320110968,2,19,0,2,0,1,0,0,0,0,2,1,6,1,29,6,2500,2,15,1,1,1
2016320110992,1,9,0,5,0,1,0,0,0,0,1,1,6,1,50,8,1398,2,6,-1,-1,-1
2016320110992,2,4,0,9,1,2,0,0,0,2,4,1,6,1,23,5,124,1,2,-1,-1,-1
2016320111111,1,19,0,10,0,1,0,0,0,0,1,1,6,1,53,8,1461,2,1,5,1,5
2016320111111,2,9,0,18,0,1,0,0,0,0,2,1,6,1,59,9,-1,-1,-1,8,1,8
2016320111413,1,9,0,18,0,0,0,0,0,0,1,1,6,1,17,4,-1,-1,-1,4,3,4
2016320111413,2,19,0,4,0,0,0,0,0,0,2,1,6,1,47,8,2402,2,12,5,1,5
2016320111413,3,9,0,4,0,0,0,0,0,0,2,1,6,1,62,9,1560,2,1,4,3,4
2016320111521,1,9,0,18,0,4,0,0,0,0,1,1,1,2,32,6,1896,2,13,5,1,5
2016320111521,2,9,0,18,0,8,0,0,0,0,4,1,1,2,50,8,1796,1,12,3,1,3
2016320111788,1,19,0,18,0,1,0,0,0,0,1,1,1,1,21,5,-1,-1,-1,7,1,7
2016320111788,2,9,0,9,0,1,0,0,0,0,2,1,6,1,44,7,-1,-1,-1,6,3,6
2016320111788,3,9,0,18,0,1,0,0,0,11,1,1,6,1,32,6,1753,2,6,5,2,5
2016320111788,4,9,0,2,9,1,0,0,0,0,4,1,6,1,32,6,1791,8,5,6,3,6
2016320112408,1,9,0,18,0,8,0,0,0,0,1,1,6,3,-1,-1,998,1,1,-1,-1,-1
2016320112408,2,1,0,18,9,8,0,0,0,0,1,1,6,1,15,3,-1,-1,-1,3,1,3
2016320112476,1,9,0,13,0,0,5,0,1,11,1,1,6,1,32,6,1598,1,12,3,1,3
2016320112476,2,9,0,13,0,0,1,0,0,0,4,1,6,1,55,8,-1,-1,-1,-1,-1,-1
2016320112531,1,5,0,13,0,0,0,0,0,0,0,1,6,1,52,8,998,1,9,7,1,7
2016320112564,1,9,0,3,0,1,0,0,0,0,2,1,6,2,48,8,1984,1,11,3,1,3
2016320112564,2,9,0,3,0,1,0,0,0,0,1,1,6,2,-1,-1,-1,-1,-1,-1,-1,-1
2016320112702,1,9,0,3,0,0,0,0,0,0,2,1,6,1,69,10,1796,1,12,5,2,5
2016320112702,2,9,0,4,0,0,0,0,0,0,1,1,6,1,37,7,1596,1,15,6,3,6
2016320113168,1,22,0,18,9,0,0,0,0,0,0,1,6,1,58,9,-1,-1,-1,-1,-1,-1
2016320113509,1,9,0,18,0,0,0,0,0,0,1,1,6,2,67,10,1390,1,14,4,3,4
2016320113509,2,17,0,18,0,0,0,0,1,0,2,1,1,1,58,9,-1,2,17,3,3,3
2016320113509,3,98,0,18,0,0,0,0,0,0,1,1,6,3,-1,-1,-1,-1,-1,-1,-1,-1
2016320113639,1,9,0,18,0,0,0,0,1,0,1,1,6,2,20,4,1229,1,3,7,3,7
2016320113639,2,9,0,18,0,0,0,0,0,0,2,1,6,1,75,10,1796,1,6,4,3,4
2016320113639,3,9,0,18,0,0,0,0,0,0,1,1,6,1,67,10,999,1,5,-1,-1,-1
2016320113664,1,9,0,5,0,1,0,0,7,10,1,1,6,2,76,11,1587,1,14,-1,-1,-1
2016320114836,1,9,0,5,0,4,0,0,0,0,1,1,6,2,21,5,2777,2,9,4,1,4
2016320114836,2,9,0,3,0,4,0,0,0,0,2,1,6,2,78,11,-1,-1,-1,-1,-1,-1
2016320114869,1,9,0,18,0,0,5,0,1,4,1,2,6,2,69,10,998,1,2,10,2,10
2016320115076,1,21,0,7,0,1,0,0,0,0,1,1,1,1,53,8,10677,2,2,2,1,2
2016320115076,2,9,0,18,0,1,0,0,0,0,3,1,6,2,45,7,-1,-1,-1,4,3,4
2016320115154,1,19,0,18,0,0,0,0,8,4,1,1,6,1,19,4,2402,2,9,-1,-1,-1
2016320115703,1,9,0,17,0,1,0,0,0,0,2,2,1,2,23,5,1597,2,3,-1,-1,-1
2016320115703,2,20,1,17,0,1,0,0,0,0,1,2,1,1,34,6,-1,-1,-1,3,1,3
2016320115963,1,19,0,18,0,1,0,0,0,0,1,2,6,1,-1,-1,-1,-1,-1,-1,-1,-1
2016320115963,2,9,0,9,0,1,0,0,0,0,2,2,6,2,39,7,1598,1,12,3,3,3