Accident_Index,Vehicle_Reference,Vehicle_Type,Towing_and_Articulation,Vehicle_Manoeuvre,Vehicle_Location-Restricted_Lane,Junction_Location,Skidding_and_Overturning,Hit_Object_in_Carriageway,Vehicle_Leaving_Carriageway,Hit_Object_off_Carriageway,1st_Point_of_Impact,Was_Vehicle_Left_Hand_Drive?,Journey_Purpose_of_Driver,Sex_of_Driver,Age_of_Driver,Age_Band_of_Driver,Engine_Capacity_(CC),Propulsion_Code,Age_of_Vehicle,Driver_IMD_Decile,Driver_Home_Area_Type,Vehicle_IMD_Decile
2016320116136,1,3,0,17,0,0,2,0,0,0,1,1,2,1,17,4,125,1,10,7,3,7
2016320116718,1,9,0,18,0,0,0,0,0,0,1,1,6,1,22,5,2387,2,13,5,2,5
2016320116718,2,9,0,18,0,0,0,0,0,0,1,1,1,1,26,6,-1,-1,-1,5,3,5
2016320116878,1,9,0,18,0,1,0,0,0,0,1,1,6,2,-1,-1,1242,1,2,4,1,4
2016320116878,2,9,0,10,0,1,0,0,0,0,2,1,6,2,-1,-1,1360,1,11,8,1,8
2016320117133,1,21,0,18,0,8,0,0,0,0,0,1,6,3,-1,-1,-1,-1,-1,-1,-1,-1
2016320117133,2,1,0,18,0,8,0,0,0,0,1,1,6,2,61,9,-1,-1,-1,8,3,8
2016320117289,1,9,0,9,0,2,0,0,0,0,1,1,6,2,32,6,1995,2,8,1,1,1
2016320117289,2,9,0,18,0,8,1,0,0,0,3,1,6,2,32,6,1598,2,-1,8,1,8
2016320117289,3,9,0,18,0,2,0,0,0,0,1,1,1,1,57,9,-1,-1,-1,1,1,1
2016320117590,1,5,0,18,0,0,0,12,0,0,1,1,6,1,56,9,1037,1,2,5,3,5
2016320117591,1,11,0,18,0,0,0,0,0,0,3,1,6,2,43,7,11967,2,8,7,3,7
2016320117591,2,9,0,13,0,0,0,0,0,0,4,1,6,2,62,9,1598,1,14,6,2,6
2016320118623,1,9,0,16,0,0,0,0,0,0,3,1,1,1,23,5,1398,1,4,2,1,2
2016320118623,2,9,0,17,0,0,0,0,0,0,3,1,6,1,57,9,1398,2,13,4,3,4
2016320118773,1,9,0,7,9,6,0,0,0,0,4,1,2,2,27,6,1598,2,5,-1,-1,-1
2016320118773,2,1,0,18,9,1,0,0,0,0,1,1,2,1,37,7,-1,-1,-1,6,1,6
2016320119075,1,9,0,12,0,1,0,0,0,0,4,1,2,2,52,8,998,1,10,7,1,7
2016320119075,2,1,0,12,0,1,0,0,0,0,3,1,6,1,46,8,-1,-1,-1,8,1,8
2016320119584,1,9,0,5,0,4,0,0,0,0,1,1,6,2,18,4,998,1,11,8,2,8
2016320119584,2,9,0,3,0,4,0,0,0,0,2,1,6,2,29,6,998,1,1,7,3,7
2016320119673,1,9,0,18,0,0,0,0,0,0,1,1,6,1,43,7,1998,2,12,1,1,1
2016320119673,2,9,0,13,0,0,0,0,0,0,4,1,6,1,24,5,1968,2,11,1,1,1
2016320119675,1,4,0,14,0,1,0,0,0,0,3,1,2,1,32,6,599,1,13,1,1,1
2016320119675,2,9,0,5,0,6,0,0,0,0,1,1,6,1,26,6,-1,-1,-1,5,1,5
2016320119967,1,9,0,9,0,1,0,0,0,0,4,1,6,2,53,8,1969,2,1,10,1,10
2016320119967,2,9,0,18,0,8,0,0,0,0,1,1,6,1,48,8,1968,2,1,6,3,6
2016320119967,3,9,0,1,0,8,0,0,0,0,1,1,6,1,68,10,1685,2,5,10,1,10
2016320120294,1,9,0,18,0,0,0,0,0,0,1,1,6,2,77,11,1242,1,4,4,3,4
2016320120493,1,9,0,4,0,1,0,0,0,0,1,1,6,1,40,7,1910,2,12,4,1,4
2016320120493,2,9,0,3,0,1,0,0,0,0,2,1,6,1,32,6,1560,2,12,2,1,2
2016320120493,3,9,0,3,0,1,0,0,0,0,2,1,6,2,40,7,998,1,-1,9,1,9
2016320120988,1,9,0,18,0,1,1,0,7,4,1,1,6,1,18,4,1796,1,13,-1,-1,-1
2016320121131,1,9,0,18,0,1,0,0,0,0,1,1,6,2,55,8,-1,-1,-1,-1,-1,-1
2016320121131,2,9,0,3,0,1,0,0,0,0,2,1,6,2,30,6,1598,1,10,8,1,8
2016320121131,3,9,0,18,0,1,0,0,0,0,3,1,6,3,-1,-1,-1,-1,-1,-1,-1,-1
2016320121594,1,9,0,7,0,1,1,0,8,1,1,1,1,1,29,6,1998,2,9,-1,-1,-1
2016320121594,2,9,0,4,0,1,0,0,0,0,3,1,1,1,62,9,1388,1,7,-1,-1,-1
2016320121594,3,9,0,4,0,1,0,0,0,0,1,1,1,1,43,7,-1,-1,-1,10,2,10
2016320121682,1,3,0,18,0,0,0,0,0,0,0,1,6,1,18,4,-1,-1,-1,3,3,3
2016320121682,2,98,0,18,0,0,0,0,0,0,0,1,6,3,-1,-1,-1,-1,-1,-1,-1,-1
2016320121925,1,9,0,9,0,6,0,0,0,0,3,1,6,2,22,5,1229,1,9,8,2,8
2016320121925,2,9,0,18,0,1,0,0,1,7,1,1,1,2,31,6,1242,1,12,9,1,9
2016320122846,1,1,0,18,0,8,0,0,0,0,4,1,6,1,23,5,-1,-1,-1,1,1,1
2016320122846,2,19,0,7,0,8,0,0,0,0,1,1,6,1,-1,-1,-1,-1,-1,-1,-1,-1
2016320122920,1,9,0,4,0,2,0,0,0,0,1,1,1,2,26,6,1596,1,14,1,1,1
2016320122920,2,9,0,4,0,2,0,0,0,0,2,1,6,1,69,10,1753,2,16,1,1,1
2016320122920,3,9,0,4,0,2,0,0,0,0,2,1,6,1,69,10,1242,1,2,4,3,4
2016320122920,4,9,0,4,0,2,0,0,0,0,2,1,6,1,80,11,1798,1,5,1,1,1
2016320123904,1,9,0,4,0,0,0,0,0,0,3,1,6,2,49,8,1242,1,-1,-1,-1,-1
2016320123980,1,9,0,9,0,6,0,0,0,0,1,1,6,1,74,10,1299,1,16,4,3,4
2016320123980,2,9,0,18,0,8,0,0,7,9,1,2,6,2,66,10,2148,2,14,-1,-1,-1
2016320124059,1,9,0,17,0,0,0,0,1,10,1,1,6,1,54,8,1910,2,7,7,2,7
2016320124449,1,9,0,18,0,0,1,0,1,9,1,1,6,1,36,7,1896,2,15,5,2,5
2016320124513,1,9,0,18,0,0,0,0,0,0,1,1,6,1,52,8,1951,2,10,2,1,2
2016320124513,2,19,0,18,0,0,0,0,0,0,1,1,6,1,46,8,2999,2,7,-1,-1,-1
2016320125005,1,9,0,16,0,0,0,0,0,0,4,1,2,1,25,5,1995,2,2,3,1,3
2016320125005,2,5,0,16,0,0,0,0,0,0,3,1,6,1,54,8,903,1,9,5,3,5
2016320125329,1,9,0,18,0,0,0,0,0,0,1,1,6,2,19,4,1242,1,1,-1,-1,-1
2016320125329,2,8,0,18,0,0,0,0,0,0,2,1,6,1,41,7,-1,-1,-1,-1,2,-1
2016320125530,1,90,1,18,0,1,0,0,0,0,1,1,1,1,51,8,-1,-1,-1,3,1,3
2016320125530,2,9,0,18,0,1,0,0,0,0,2,1,6,2,68,10,1229,1,8,8,1,8
2016320126011,1,19,0,9,0,1,0,0,0,0,1,1,1,1,26,6,1998,2,13,1,1,1
2016320126011,2,9,0,18,0,1,0,0,1,4,1,1,2,1,22,5,1390,1,13,3,3,3
2016320126086,1,9,0,18,0,0,0,0,0,0,3,1,6,1,73,10,1799,1,16,3,3,3
2016320126086,2,9,0,18,0,0,0,0,0,0,3,1,6,1,74,10,1998,1,18,-1,-1,-1
2016320126337,1,5,0,18,0,1,1,0,7,0,1,1,6,1,45,7,996,1,16,9,1,9
2016320126337,2,9,0,9,0,5,0,0,0,0,2,1,6,2,42,7,1390,1,15,7,1,7
2016320126445,1,9,0,18,0,0,0,0,0,0,1,1,6,1,18,4,2143,2,4,-1,-1,-1
2016320126445,2,9,0,18,0,0,0,0,7,0,3,1,6,1,78,11,2401,2,11,-1,-1,-1
2016320126517,1,9,0,18,0,0,0,0,0,0,1,1,6,1,26,6,1796,1,16,3,1,3
2016320126692,1,9,0,18,0,0,0,0,1,4,1,1,6,1,79,11,1896,2,15,3,1,3
2016320126692,2,9,0,2,6,0,0,0,0,0,0,1,6,2,56,9,1598,1,2,9,3,9
2016320126692,3,19,4,2,6,0,0,0,0,0,0,1,1,1,23,5,2998,2,3,6,3,6
2016320127058,1,9,0,6,0,0,0,0,0,0,0,1,6,1,41,7,1910,2,12,-1,-1,-1
2016320127058,2,9,0,18,0,0,0,0,0,0,1,1,6,1,55,8,1995,2,-1,-1,-1,-1
2016320127224,1,3,0,4,0,4,5,0,0,0,4,1,6,1,17,4,-1,-1,-1,9,1,9
2016320127383,1,9,0,9,0,6,0,0,0,0,1,1,6,1,21,5,1596,1,8,-1,-1,-1
2016320127383,2,9,0,18,0,2,0,0,0,0,4,1,3,2,45,7,1461,2,8,7,2,7
2016320127673,1,9,0,17,0,2,1,0,1,2,1,1,2,2,30,6,1199,1,13,4,2,4
2016320128139,1,3,0,4,0,8,5,0,0,0,4,1,6,1,17,4,-1,-1,-1,9,1,9
2016320128175,1,4,0,17,0,0,0,0,0,0,0,1,6,1,21,5,449,1,4,4,3,4
2016320128459,1,9,0,5,0,4,0,0,0,0,1,1,2,2,26,6,1124,1,13,6,1,6
2016320128459,2,3,0,11,0,8,0,0,0,0,4,1,2,2,42,7,-1,-1,-1,9,1,9
2016320129437,1,19,0,4,0,0,0,0,0,0,1,1,1,1,24,5,2198,2,1,9,1,9
2016320129437,2,9,0,4,0,0,0,0,7,0,2,1,1,2,33,6,-1,-1,-1,10,1,10
2016320129437,3,9,0,4,0,0,0,0,0,0,2,1,1,2,27,6,1242,1,4,8,1,8
2016320129908,1,9,0,18,0,0,1,0,0,0,1,1,2,1,28,6,2496,1,14,8,2,8
2016320129908,2,9,0,4,0,0,0,0,0,0,2,1,6,2,30,6,1560,2,10,4,3,4
2016320129908,3,9,0,4,0,0,0,0,0,0,2,1,2,2,46,8,1956,2,6,-1,-1,-1
2016320129948,1,5,0,18,0,0,0,0,0,0,1,1,6,1,49,8,955,1,15,6,2,6
2016320130143,1,9,0,18,0,0,0,0,0,0,1,1,6,2,34,6,2204,2,8,-1,-1,-1
2016320130143,2,9,0,18,0,0,0,0,0,0,2,1,6,2,43,7,1998,1,11,-1,-1,-1
2016320130205,1,19,0,18,0,0,0,0,0,0,1,1,6,1,20,4,1560,2,4,8,3,8
2016320130205,2,9,0,3,0,0,0,0,0,0,2,1,6,2,62,9,-1,-1,-1,3,1,3
2016320130297,1,9,0,18,0,0,0,0,1,0,0,1,6,2,70,10,1753,2,14,2,1,2
2016320130409,1,9,0,9,0,6,0,0,0,0,3,1,1,1,20,4,1597,2,2,10,2,10
2016320130409,2,5,0,18,0,8,0,0,0,0,3,1,6,1,59,9,1402,1,12,9,1,9
2016320130478,1,9,0,9,0,1,0,0,0,0,3,1,6,2,29,6,3628,2,7,8,3,8
2016320130478,2,3,0,18,0,1,0,0,0,0,4,1,6,2,20,4,125,1,4,-1,-1,-1
2016320130655,1,5,0,17,0,0,1,0,0,0,1,1,1,1,47,8,-1,-1,-1,3,3,3
2016320130655,2,9,0,17,0,0,0,0,0,0,2,1,3,2,31,6,1598,1,13,7,1,7
2016320130656,1,19,0,3,0,0,0,0,0,0,2,1,1,2,46,8,-1,-1,-1,-1,-1,-1
2016320130656,2,9,0,18,0,0,0,0,0,0,1,1,6,1,20,4,998,1,17,3,1,3
2016320130658,1,5,0,3,0,8,5,0,0,0,1,1,6,1,32,6,1000,1,10,4,1,4
2016320130658,2,9,0,9,0,8,0,0,0,0,3,1,6,2,57,9,1206,1,3,6,1,6
2016320130659,1,9,0,18,0,1,0,0,5,0,1,1,1,2,22,5,1999,1,10,-1,-1,-1
2016320130659,2,9,0,9,0,8,0,0,3,0,2,1,1,2,39,7,2143,2,1,5,3,5
2016320130660,1,9,0,18,0,8,0,0,0,0,3,1,6,1,25,5,1984,1,15,5,1,5
2016320130660,2,9,0,18,0,8,0,0,0,0,1,1,6,2,32,6,1796,1,13,1,1,1
2016320130660,3,9,0,3,0,1,0,0,0,0,1,1,6,1,29,6,1398,2,13,3,1,3
2016320130660,4,9,0,18,0,8,0,0,0,0,1,1,1,2,-1,-1,1997,2,4,-1,-1,-1
2016320131189,1,9,0,18,0,0,1,0,7,9,1,1,2,2,29,6,1299,1,9,4,1,4
2016320131310,1,9,0,18,0,8,0,0,0,0,1,1,6,1,66,10,1910,2,11,7,3,7
2016320131310,2,9,0,9,0,8,0,0,0,0,4,1,6,2,77,11,1248,1,-1,9,3,9
2016320131551,1,9,0,17,0,0,0,0,1,11,1,1,6,1,23,5,-1,-1,-1,6,2,6
2016320131799,1,1,0,5,0,7,0,0,0,0,3,1,6,1,16,4,-1,-1,-1,3,1,3
2016320131799,2,9,0,18,0,1,0,0,0,0,1,1,6,1,30,6,-1,-1,-1,-1,-1,-1
2016320132496,1,19,0,14,0,0,1,0,0,0,1,1,1,1,32,6,2400,2,12,1,1,1
2016320132496,2,9,0,9,0,0,0,0,7,0,2,1,6,2,64,9,1597,1,19,2,1,2
2016320132644,1,9,0,9,0,1,0,0,0,0,1,1,6,1,18,4,998,1,10,10,1,10
2016320132644,2,9,0,18,0,8,0,0,0,0,1,1,6,2,29,6,1582,2,1,9,2,9
2016320132648,1,19,0,18,0,0,0,0,0,0,1,1,1,1,27,6,2143,2,5,1,1,1
2016320132648,2,19,0,2,0,0,0,0,0,6,2,1,1,1,73,10,2298,2,1,9,2,9
2016320132658,1,9,0,16,0,0,0,0,1,2,1,1,6,2,29,6,1796,1,11,5,2,5
2016320132752,1,9,0,18,0,1,0,0,0,0,0,1,1,1,31,6,1598,1,13,-1,-1,-1
2016320132752,2,4,0,5,0,1,0,0,0,0,0,1,1,1,21,5,124,1,1,-1,-1,-1
2016320132798,1,9,0,4,0,0,0,0,0,0,2,1,6,2,22,5,-1,-1,-1,10,2,10
2016320132798,2,19,0,18,0,0,0,0,0,0,1,1,6,1,51,8,1968,2,3,1,1,1
2016320132902,1,9,0,17,0,0,0,0,0,0,1,1,6,2,40,7,999,1,4,9,2,9
2016320132902,2,9,0,16,0,0,0,0,1,0,1,1,6,2,29,6,1598,1,13,5,3,5
2016320132975,1,1,0,9,0,2,0,0,0,0,1,1,6,1,39,7,-1,-1,-1,2,1,2
2016320132975,2,9,0,18,0,1,0,0,0,0,4,1,1,1,45,7,1390,1,3,3,3,3
2016320133163,1,9,0,17,0,0,2,0,1,0,1,2,6,2,26,6,-1,-1,-1,2,1,2
2016320133384,1,9,0,18,0,1,0,0,0,0,2,1,6,1,39,7,1493,2,10,3,1,3
2016320133384,2,9,0,18,0,1,0,0,0,0,1,1,2,1,43,7,1560,2,3,1,1,1
2016320133711,1,9,0,18,0,2,0,0,0,0,1,1,6,1,26,6,1461,2,1,4,3,4
2016320133711,2,10,0,4,0,2,0,0,0,0,2,1,1,1,64,9,2198,2,9,6,2,6
2016320133741,1,9,0,18,0,3,0,0,0,0,1,1,6,3,-1,-1,2499,2,16,-1,-1,-1
2016320133741,2,9,0,9,0,3,0,0,0,0,2,1,1,2,36,7,1364,1,12,6,3,6
2016320133913,1,9,0,6,0,8,0,0,0,0,1,1,6,1,33,6,1560,2,6,3,1,3
2016320133913,2,9,0,18,0,8,0,0,0,0,1,1,2,1,43,7,-1,-1,-1,3,1,3
2016320134055,1,9,0,18,0,0,0,0,0,0,4,1,2,1,25,5,1596,1,8,-1,-1,-1
2016320134176,1,9,0,18,0,0,0,0,0,0,1,2,2,1,23,5,1390,1,12,8,1,8
2016320134176,2,9,0,4,0,0,0,0,0,0,2,1,6,2,40,7,1498,1,1,2,1,2
2016320134205,1,9,0,7,0,1,0,0,0,0,1,1,6,1,58,9,1686,2,5,3,1,3
2016320134205,2,9,0,10,0,1,0,0,0,0,1,1,6,1,41,7,1995,1,12,1,1,1
2016320134575,1,9,0,18,0,0,0,0,0,0,4,1,3,2,-1,-1,-1,-1,-1,-1,-1,-1
2016320134886,1,9,0,17,0,0,5,0,8,0,1,1,6,1,31,6,1590,1,14,6,3,6
2016320135744,1,9,0,17,0,0,1,0,2,9,4,1,2,2,23,5,1998,1,12,-1,-1,-1
2016320135849,1,4,0,18,0,0,0,0,1,0,4,1,1,1,22,5,498,1,18,-1,-1,-1
2016320135889,1,1,0,18,0,0,0,0,0,0,1,1,6,1,11,3,-1,-1,-1,5,1,5
2016320135889,2,1,0,18,0,0,0,0,0,0,1,1,6,1,14,3,-1,-1,-1,9,1,9
2016320135967,1,3,0,9,0,8,0,0,0,0,1,1,6,1,21,5,124,1,2,9,2,9
2016320135967,2,9,0,18,0,1,0,0,0,0,1,1,6,1,25,5,1248,2,9,4,3,4
2016320135992,1,9,0,18,9,0,1,0,0,0,1,1,6,1,33,6,1560,2,11,1,1,1
2016320135992,2,9,0,9,0,0,0,0,0,0,3,1,6,1,32,6,-1,-1,-1,2,1,2
2016320135992,3,9,0,18,0,0,0,0,0,0,0,1,1,1,30,6,1686,2,2,1,1,1
2016320136118,1,9,0,17,0,2,1,0,7,4,1,1,6,2,21,5,1999,1,3,-1,-1,-1
2016320136269,1,9,0,5,0,2,0,0,1,11,1,1,6,1,21,5,1396,1,19,4,2,4
2016320136513,1,9,0,17,0,0,0,0,1,9,1,1,6,1,48,8,1896,2,11,4,3,4
2016320136621,1,9,0,18,0,0,0,0,0,0,1,1,6,1,28,6,1360,1,15,-1,-1,-1
2016320136621,2,9,0,18,0,0,0,0,0,0,0,1,6,1,23,5,1229,1,1,3,3,3
2016320136621,3,9,0,18,0,0,0,0,0,0,2,1,6,2,27,6,1199,1,12,3,1,3
2016320136681,1,9,0,18,0,8,0,0,0,0,3,1,6,3,-1,-1,-1,-1,-1,-1,-1,-1
2016320136681,2,8,0,9,0,8,0,0,0,0,3,1,1,1,42,7,1910,2,9,1,1,1
2016320136706,1,9,0,18,0,8,0,0,0,0,1,1,6,2,60,9,1596,1,3,2,1,2
2016320136706,2,9,0,9,0,8,0,0,0,0,1,1,6,1,59,9,1499,1,1,7,1,7
2016320136956,1,9,0,18,0,8,0,0,0,0,1,1,6,1,17,4,1398,2,11,7,1,7
2016320136956,2,1,0,18,0,8,0,0,0,0,1,1,6,1,15,3,-1,-1,-1,-1,-1,-1
2016320137139,1,19,0,5,0,8,0,0,0,0,1,1,1,1,-1,-1,1995,2,3,6,3,6
2016320137139,2,9,0,18,0,8,0,0,0,0,4,1,1,2,32,6,1560,2,10,10,1,10
2016320137597,1,9,0,16,0,0,5,0,7,11,1,1,6,1,39,7,1896,2,15,9,2,9
2016320137692,1,9,0,17,0,0,5,0,2,4,1,1,2,2,19,4,1248,2,6,9,1,9
2016320137792,1,9,0,18,0,0,1,0,1,3,1,1,1,2,50,8,998,1,10,2,3,2
2016320137793,1,9,0,18,0,0,1,0,0,0,2,1,6,1,32,6,1796,1,15,1,1,1
2016320137793,2,9,0,3,0,0,0,0,0,0,0,1,6,2,49,8,1560,2,9,5,3,5
2016320138317,1,9,0,18,0,0,1,0,7,0,1,1,2,2,24,5,1149,1,9,4,2,4
2016320138329,1,9,0,13,0,0,0,0,7,9,4,1,1,1,36,7,2993,2,5,1,1,1
2016320138329,2,9,0,18,0,0,0,0,0,0,4,1,6,1,78,11,1596,1,13,6,3,6
2016320138456,1,9,0,5,0,8,0,0,0,0,1,1,6,1,62,9,2967,2,6,7,3,7
2016320138456,2,9,0,18,0,1,0,0,0,0,1,1,6,1,86,11,1398,1,1,5,3,5
2016320138586,1,9,0,7,0,1,0,0,0,0,1,1,6,1,78,11,1998,2,14,2,3,2
2016320138755,1,9,0,1,0,2,0,4,0,0,4,1,6,1,19,4,998,1,12,4,1,4
2016320139149,1,9,0,18,0,4,0,0,0,0,1,1,6,1,18,4,1360,1,9,-1,-1,-1
2016320139149,2,9,0,3,0,4,0,0,0,0,2,1,6,1,42,7,2143,2,1,8,1,8
2016320139348,1,9,0,18,0,8,0,0,0,0,1,1,6,1,50,8,1997,2,13,3,1,3
2016320139348,2,9,0,18,0,8,0,0,0,0,1,1,6,1,28,6,3500,1,14,4,1,4
2016320139409,1,9,0,9,0,6,0,0,0,0,1,1,2,1,22,5,1364,1,6,2,3,2
2016320139409,2,9,0,18,0,8,0,0,0,0,4,1,1,1,61,9,1598,1,6,3,3,3
2016320139619,1,9,0,18,0,0,0,0,0,0,3,1,6,1,39,7,1998,1,9,6,1,6
2016320139619,2,9,0,18,0,0,0,0,0,0,4,1,6,1,23,5,-1,-1,-1,-1,-1,-1
2016320139892,1,9,0,18,0,0,2,0,1,9,1,1,6,1,38,7,1397,1,8,-1,-1,-1
2016320140383,1,22,0,1,0,0,5,0,0,0,4,1,6,1,77,11,-1,-1,-1,4,1,4
2016320140584,1,1,0,18,5,0,0,0,0,0,0,1,6,1,67,10,-1,-1,-1,9,2,9
2016320140686,1,9,0,18,0,0,0,0,1,4,1,1,1,1,49,8,2494,2,1,3,1,3
2016320141627,1,9,0,18,0,1,1,0,7,3,1,1,1,1,23,5,1124,1,11,4,2,4
2016320141663,1,5,0,17,0,0,1,0,0,0,1,1,6,2,46,8,600,1,10,1,3,1
2016320141777,1,22,0,18,9,0,0,0,0,0,1,1,6,3,-1,-1,-1,-1,-1,-1,-1,-1
2016320141956,1,5,0,7,0,4,2,0,6,6,1,1,6,1,22,5,599,1,13,5,3,5
2016320142092,1,9,0,9,0,2,0,0,0,0,1,1,6,2,-1,-1,1796,1,10,3,1,3
2016320142092,2,9,0,8,0,2,0,0,0,0,1,1,2,2,46,8,1796,1,8,5,3,5
2016320142423,1,9,0,18,0,2,0,0,0,0,1,1,6,1,91,11,1598,1,4,8,2,8
2016320142889,1,9,0,4,0,0,1,0,1,4,1,1,6,1,29,6,-1,-1,-1,7,3,7
2016320142892,1,9,0,8,0,8,0,0,0,0,1,1,6,1,44,7,1149,1,6,4,1,4
2016320143066,1,5,0,17,0,0,2,0,1,8,1,1,6,1,45,7,-1,-1,-1,2,1,2
2016320143360,1,9,0,10,0,1,0,0,0,0,1,1,2,1,58,9,1598,1,4,3,1,3
2016320143360,2,21,0,9,0,1,0,0,0,0,2,1,1,1,30,6,5880,2,10,7,1,7
2016320143471,1,9,0,18,0,0,0,0,4,6,4,1,6,1,20,4,-1,-1,-1,10,1,10
2016320143718,1,5,0,18,0,0,5,12,7,0,1,1,1,1,34,6,998,1,11,8,1,8
2016320143923,1,9,0,18,0,1,0,0,0,0,3,1,6,1,56,9,1596,1,14,-1,-1,-1
2016320143923,2,9,0,9,0,6,0,0,0,0,1,1,6,1,-1,-1,1598,1,14,-1,-1,-1
2016320144286,1,9,0,18,0,0,0,0,0,0,4,1,6,1,28,6,-1,-1,-1,1,1,1
2016320144286,2,9,0,13,0,0,0,0,0,0,3,1,6,1,30,6,-1,-1,-1,6,1,6
2016320144459,1,9,0,14,0,0,0,0,0,0,1,1,2,1,23,5,-1,-1,-1,3,1,3
2016320144459,2,1,0,18,0,0,0,0,0,0,2,1,6,2,30,6,-1,-1,-1,9,2,9
2016320144972,1,9,0,18,0,1,0,0,0,0,1,1,6,2,45,7,998,1,4,3,1,3
2016320144972,2,1,0,7,0,6,0,0,0,0,3,1,6,1,28,6,-1,-1,-1,1,1,1
2016320145043,1,1,0,4,0,1,0,0,0,0,3,1,6,1,45,7,-1,-1,-1,-1,-1,-1
2016320145043,2,9,0,3,0,1,0,0,0,0,4,1,6,2,48,8,2495,2,14,1,1,1
2016320145079,1,5,0,16,0,0,1,0,0,0,1,1,6,1,21,5,-1,-1,-1,5,1,5
2016320145079,2,21,1,17,0,0,1,0,0,0,1,1,2,1,45,7,12419,2,4,10,2,10
2016320145116,1,9,0,18,0,1,5,0,7,9,1,1,6,1,19,4,-1,-1,-1,3,1,3
2016320145141,1,1,0,4,0,0,0,0,0,0,1,1,6,1,-1,-1,-1,-1,-1,-1,-1,-1
2016320145141,2,1,0,13,0,0,0,0,0,0,1,1,6,2,54,8,-1,-1,-1,8,1,8
2016320146501,1,9,0,7,0,2,0,0,1,0,1,1,2,1,37,7,-1,-1,-1,1,1,1
2016320146501,2,1,0,17,0,2,0,0,0,0,3,1,6,1,17,4,-1,-1,-1,10,1,10
2016320147543,1,9,0,18,0,1,0,0,7,0,3,1,6,1,31,6,1396,1,16,-1,-1,-1
2016320147543,2,9,0,18,0,1,0,0,0,0,1,1,3,1,59,9,1396,1,15,2,1,2
2016320147717,1,9,0,18,0,0,0,0,0,0,1,1,6,2,45,7,1988,1,14,4,3,4
2016320148364,1,9,0,18,0,0,1,0,0,0,1,1,6,1,19,4,1242,1,10,5,2,5
2016320148364,2,9,0,3,0,0,0,0,0,0,2,1,6,1,38,7,1388,1,13,9,1,9
2016320148364,3,9,0,3,0,0,0,0,0,0,2,1,6,1,60,9,1984,1,-1,10,1,10
2016320148433,1,9,0,18,0,1,0,0,0,0,1,1,6,2,56,9,1587,1,14,5,1,5
2016320148433,2,9,0,9,0,1,0,0,0,0,2,1,1,2,34,6,1796,1,9,5,1,5
2016320148575,1,3,0,9,0,1,2,0,0,0,1,1,6,1,17,4,124,1,14,3,3,3
2016320148575,2,9,0,9,0,8,0,0,0,0,4,1,1,1,44,7,2993,2,1,5,1,5
2016320148644,1,20,1,17,0,0,0,0,0,0,4,1,6,-1,-1,-1,-1,-1,-1,-1,-1,-1
2016320148644,2,9,0,16,0,0,0,0,0,0,3,2,6,1,23,5,1398,1,-1,5,1,5
2016320148655,1,9,0,9,0,6,0,0,0,0,3,1,6,1,53,8,-1,-1,-1,9,1,9
2016320148655,2,9,0,9,0,6,0,0,0,0,3,1,6,2,25,5,1388,1,13,4,1,4
2016320148739,1,9,0,1,0,2,0,0,0,0,2,1,1,1,19,4,-1,-1,-1,-1,-1,-1
2016320148872,1,9,0,5,0,6,0,0,0,0,4,1,6,1,24,5,1998,1,13,4,2,4
2016320148872,2,9,0,18,0,1,0,0,2,1,1,1,6,2,40,7,-1,-1,-1,6,2,6
2016320149053,1,9,0,17,0,8,0,0,1,0,1,1,6,1,62,9,1229,1,1,-1,-1,-1
2016320149092,1,9,0,18,0,0,0,0,0,0,1,1,6,1,21,5,1368,1,10,4,3,4
2016320149164,1,9,0,17,0,0,5,0,1,10,1,2,6,1,32,6,2179,2,1,6,3,6
2016320149793,1,9,0,5,0,2,0,0,0,0,3,1,6,1,21,5,1997,2,10,5,1,5
2016320149846,1,1,0,18,4,0,0,0,0,0,0,1,2,2,55,8,-1,-1,-1,3,1,3
2016320150396,1,19,0,4,0,0,0,0,0,0,1,1,1,1,58,9,1560,2,-1,6,1,6
2016320150396,2,19,0,4,0,0,0,0,0,0,2,1,1,1,51,8,1997,2,7,7,3,7
2016320150402,1,9,0,18,0,1,0,0,0,0,4,1,6,3,-1,-1,1956,2,6,-1,-1,-1
2016320150427,1,9,0,4,0,1,0,0,0,0,1,1,6,1,27,6,-1,-1,-1,9,3,9
2016320150427,2,9,0,18,0,1,0,0,0,0,2,1,2,1,35,6,1598,2,2,10,2,10
2016320150493,1,1,0,18,0,8,0,0,0,0,4,1,6,1,11,3,-1,-1,-1,8,1,8
2016320150493,2,9,0,18,0,8,0,0,0,0,4,1,6,2,56,9,1197,1,1,9,1,9
2016320150917,1,9,0,16,0,0,2,0,7,9,1,1,1,1,47,8,1396,1,6,2,1,2
2016320151791,1,9,0,14,0,2,5,4,0,0,1,1,2,2,35,6,1995,2,5,5,1,5
2016320151791,2,9,0,2,0,2,0,0,0,0,2,1,6,3,-1,-1,1749,1,14,-1,-1,-1
2016320151847,1,9,0,1,9,6,0,0,0,0,2,1,6,1,64,9,1997,2,10,3,3,3
2016320152037,1,9,0,9,0,2,0,0,0,0,1,1,6,2,52,8,1598,2,6,8,1,8