Accident_Index,Vehicle_Reference,Vehicle_Type,Towing_and_Articulation,Vehicle_Manoeuvre,Vehicle_Location-Restricted_Lane,Junction_Location,Skidding_and_Overturning,Hit_Object_in_Carriageway,Vehicle_Leaving_Carriageway,Hit_Object_off_Carriageway,1st_Point_of_Impact,Was_Vehicle_Left_Hand_Drive?,Journey_Purpose_of_Driver,Sex_of_Driver,Age_of_Driver,Age_Band_of_Driver,Engine_Capacity_(CC),Propulsion_Code,Age_of_Vehicle,Driver_IMD_Decile,Driver_Home_Area_Type,Vehicle_IMD_Decile
2016320152037,2,9,0,18,0,1,0,0,0,0,1,1,6,1,26,6,3226,2,16,7,1,7
2016320152161,1,9,0,9,0,6,0,0,0,0,2,1,6,1,44,7,1390,1,8,10,3,10
2016320152161,2,5,0,18,0,1,1,0,1,0,1,1,6,1,20,4,649,1,18,8,1,8
2016320152745,1,9,0,18,0,8,0,0,0,0,1,1,6,2,37,7,1242,1,3,6,1,6
2016320152745,2,1,0,18,0,8,0,0,0,0,1,1,6,2,18,4,-1,-1,-1,3,1,3
2016320152841,1,20,0,2,0,1,0,0,7,0,3,1,6,1,33,6,2198,2,3,1,1,1
2016320152841,2,9,0,13,0,1,0,0,7,0,4,1,6,1,29,6,1997,2,7,-1,-1,-1
2016320153733,1,9,0,18,0,0,1,0,1,10,1,1,6,1,18,4,1124,1,9,5,3,5
2016320154192,1,9,0,17,0,0,0,0,0,0,1,1,1,1,70,10,1968,2,5,8,2,8
2016320154192,2,9,0,16,0,0,0,0,1,4,1,1,6,2,40,7,1086,1,11,5,2,5
2016320154241,1,9,0,5,0,0,1,0,0,0,1,1,6,1,21,5,998,1,17,-1,-1,-1
2016320154241,2,2,0,5,0,0,1,0,0,0,1,1,6,1,17,4,49,1,1,5,1,5
2016320155140,1,9,0,18,0,0,0,0,7,4,1,1,6,2,48,8,1229,1,6,7,3,7
2016320155262,1,9,0,18,0,0,0,0,1,0,0,1,6,2,33,6,1560,2,10,9,2,9
2016320155262,2,17,0,18,0,0,0,0,0,0,0,1,6,1,-1,-1,-1,-1,-1,-1,-1,-1
2016320155290,1,22,0,18,9,1,0,0,0,0,0,1,6,2,74,10,-1,-1,-1,3,2,3
2016320155407,1,9,0,5,0,1,0,0,0,0,3,1,2,1,27,6,1781,1,16,-1,-1,-1
2016320155407,2,9,0,18,0,1,0,0,0,0,1,1,2,1,46,8,1560,2,3,10,1,10
2016320155426,1,9,0,7,0,6,0,0,0,0,0,2,6,1,30,6,-1,-1,-1,-1,-1,-1
2016320155426,2,9,0,18,0,1,0,0,0,0,0,1,6,2,38,7,1596,1,10,4,2,4
2016320155717,1,19,0,18,0,8,0,0,0,0,1,1,6,1,35,6,2298,2,5,-1,-1,-1
2016320155717,2,17,0,18,0,8,0,0,0,0,1,1,6,1,66,10,-1,2,8,10,3,10
2016320155996,1,9,0,18,0,0,0,0,0,0,4,1,6,1,25,5,1896,2,15,-1,-1,-1
2016320156247,1,9,0,18,0,0,0,0,1,9,1,1,6,1,76,11,-1,-1,-1,9,2,9
2016320156293,1,19,0,16,0,0,1,0,0,0,1,1,1,1,39,7,1598,2,3,8,2,8
2016320156293,2,9,0,17,0,0,0,0,0,0,1,1,6,1,19,4,1242,1,15,6,2,6
2016320156458,1,9,0,18,0,3,0,0,0,0,4,1,6,1,21,5,1248,2,5,-1,-1,-1
2016320156458,2,1,0,18,0,8,0,0,0,0,1,1,6,1,14,3,-1,-1,-1,-1,-1,-1
2016320156571,1,8,0,9,0,2,0,0,0,0,1,1,1,1,56,9,1951,2,11,3,1,3
2016320156571,2,1,0,18,0,2,0,0,0,0,1,1,6,2,71,10,-1,-1,-1,-1,-1,-1
2016320156613,1,9,0,18,0,7,1,7,1,3,1,1,2,1,24,5,1198,1,13,3,1,3
2016320156914,1,9,0,17,0,0,0,0,1,4,1,1,6,1,21,5,1149,1,13,7,2,7
2016320156943,1,9,0,18,0,0,0,0,0,0,1,1,6,3,-1,-1,-1,-1,-1,-1,-1,-1
2016320156943,2,9,0,2,0,0,0,0,0,0,2,1,1,1,57,9,-1,-1,-1,7,1,7
2016320157317,1,22,0,18,0,0,0,0,0,0,0,1,6,2,66,10,-1,-1,-1,3,1,3
2016320157554,1,9,0,2,0,0,0,0,0,0,2,1,6,3,-1,-1,1386,1,7,-1,-1,-1
2016320157554,2,1,0,18,0,0,1,11,0,0,1,1,6,1,12,3,-1,-1,-1,1,1,1
2016320157583,1,19,0,9,0,6,0,0,0,0,1,1,6,1,-1,-1,1868,2,10,6,3,6
2016320157583,2,9,0,18,0,1,0,0,0,0,4,1,6,2,25,5,1229,1,2,3,3,3
2016320157609,1,9,0,18,0,1,1,0,1,9,4,2,6,1,35,6,-1,-1,-1,4,3,4
2016320157609,2,9,0,18,0,1,0,0,0,0,1,1,6,1,28,6,1560,2,8,8,1,8
2016320159189,1,9,0,13,0,1,0,0,0,0,4,1,6,1,63,9,1560,2,-1,9,1,9
2016320159189,2,17,0,9,0,1,0,0,0,0,3,1,1,1,37,7,-1,2,9,3,1,3
2016320159567,1,9,0,1,0,0,0,0,0,0,2,1,6,1,23,5,1995,1,14,8,1,8
2016320159567,2,5,0,18,0,0,0,0,0,0,1,1,6,1,37,7,748,1,8,3,1,3
2016320159746,1,3,0,17,0,0,0,10,0,0,4,1,6,1,17,4,124,1,8,-1,-1,-1
2016320160022,1,9,0,9,0,1,0,0,0,0,1,1,1,1,41,7,1870,2,5,10,2,10
2016320160022,2,9,0,16,0,1,5,0,0,10,1,1,1,1,29,6,1242,1,9,2,1,2
2016320160056,1,9,0,18,0,1,1,0,0,0,1,1,6,2,33,6,1997,2,9,5,2,5
2016320160056,2,9,0,10,0,1,0,0,0,0,2,1,6,2,47,8,998,1,2,7,3,7
2016320160354,1,9,0,3,9,2,0,0,0,0,4,1,3,1,45,7,1560,2,10,3,1,3
2016320160354,2,1,0,18,9,1,0,0,0,0,1,1,3,1,9,2,-1,-1,-1,7,1,7
2016320160373,1,3,0,5,0,2,0,0,0,0,3,1,6,1,21,5,124,1,5,5,1,5
2016320160373,2,9,0,18,0,1,0,0,0,0,1,1,6,1,79,11,1389,1,16,8,1,8
2016320160542,1,9,0,18,0,0,0,0,0,0,2,1,6,1,74,10,1997,1,4,9,2,9
2016320160583,1,11,0,18,0,0,0,0,0,0,0,1,1,2,32,6,8268,2,13,4,3,4
2016320160742,1,9,0,4,0,1,0,0,0,0,1,1,6,2,44,7,-1,-1,-1,3,1,3
2016320160742,2,9,0,3,0,1,0,0,0,0,2,1,6,2,62,9,1686,2,15,8,1,8
2016320160762,1,9,0,16,0,0,0,0,7,11,1,1,6,2,70,10,-1,-1,-1,6,2,6
2016320160769,1,19,0,17,0,0,0,0,1,0,1,1,6,2,56,9,-1,-1,-1,-1,-1,-1
2016320160769,2,9,0,16,0,0,0,0,0,0,1,1,6,2,51,8,-1,-1,-1,7,1,7
2016320160769,3,9,0,17,0,0,0,0,0,0,1,1,6,2,44,7,2967,1,6,6,1,6
2016320160769,4,9,0,16,0,0,0,0,0,0,1,1,6,2,64,9,-1,-1,-1,5,3,5
2016320161148,1,19,0,7,0,1,0,0,0,0,1,1,2,1,44,7,2402,2,7,-1,-1,-1
2016320161148,2,1,0,14,0,1,0,0,0,0,2,1,6,1,48,8,-1,-1,-1,-1,-1,-1
2016320161860,1,9,0,18,0,0,0,0,0,0,4,1,1,1,25,5,1997,2,15,3,1,3
2016320161860,2,1,0,18,0,0,0,0,0,0,3,1,6,2,79,11,-1,-1,-1,-1,-1,-1
2016320161932,1,9,0,18,0,1,0,0,0,0,1,1,6,1,30,6,1560,2,9,4,1,4
2016320161932,2,9,0,10,0,8,0,0,0,0,2,1,6,2,58,9,1910,2,12,3,3,3
2016320162215,1,9,0,18,0,0,0,0,0,0,1,1,6,1,28,6,973,1,14,7,1,7
2016320162215,2,9,0,18,0,0,0,0,0,0,2,1,6,1,53,8,1796,1,15,4,3,4
2016320162344,1,9,0,18,0,1,0,0,0,0,1,1,6,1,18,4,1360,1,11,4,3,4
2016320162344,2,9,0,18,0,1,0,0,0,0,2,1,6,1,27,6,1998,2,9,2,1,2
2016320162658,1,1,0,7,0,1,1,0,0,0,0,1,1,2,48,8,-1,-1,-1,-1,-1,-1
2016320163541,1,9,0,18,0,0,0,0,1,0,1,1,6,1,61,9,1596,1,14,4,3,4
2016320163541,2,9,0,18,0,0,0,0,0,0,1,1,6,2,63,9,-1,-1,-1,7,3,7
2016320163573,1,19,0,18,0,0,0,0,0,0,1,1,6,1,-1,-1,2198,2,8,3,1,3
2016320163601,1,9,0,18,0,0,0,0,0,0,1,1,6,1,50,8,1598,1,12,3,3,3
2016320163601,2,9,0,18,0,0,0,0,0,0,3,1,6,2,61,9,1590,1,15,3,3,3
2016320163628,1,9,0,18,0,8,0,0,0,0,1,1,6,2,31,6,2000,1,7,5,3,5
2016320163628,2,2,0,10,0,8,0,0,0,0,1,1,6,1,16,4,49,1,1,6,3,6
2016320163684,1,19,0,18,0,5,0,0,0,0,1,1,1,1,32,6,2287,2,3,6,1,6
2016320163684,2,9,0,18,0,5,0,0,0,0,2,1,6,1,58,9,1596,1,5,5,3,5
2016320163751,1,9,0,9,0,6,0,0,0,0,1,2,6,2,22,5,-1,-1,-1,-1,-1,-1
2016320163751,2,4,0,18,0,1,0,0,7,0,1,1,2,1,18,4,-1,-1,-1,7,3,7
2016320163958,1,9,0,9,0,1,0,0,0,0,1,1,6,2,45,7,1242,1,2,9,2,9
2016320163958,2,9,0,18,0,1,0,0,0,0,1,1,6,2,37,7,1598,1,17,5,2,5
2016320164039,1,19,0,18,0,6,5,0,0,0,4,1,1,1,25,5,2198,2,-1,8,3,8
2016320164039,2,19,0,18,0,8,0,0,0,0,1,1,1,1,48,8,2460,2,10,-1,-1,-1
2016320164176,1,9,0,18,0,0,1,4,0,0,1,2,6,1,17,4,1422,2,13,9,1,9
2016320164176,2,9,0,2,0,0,0,0,0,0,2,2,6,3,-1,-1,2204,2,8,3,1,3
2016320164176,3,9,0,2,0,0,0,0,0,0,2,2,6,3,-1,-1,1596,1,14,3,1,3
2016320164301,1,9,0,18,0,6,5,0,7,0,3,1,6,1,22,5,998,1,15,1,1,1
2016320164301,2,9,0,17,0,8,0,0,0,0,1,1,6,1,60,9,1461,2,8,6,1,6
2016320164567,1,9,0,7,0,1,0,0,0,10,1,1,6,2,81,11,1299,1,11,7,3,7
2016320164567,2,9,0,4,0,1,0,0,0,0,1,1,1,2,46,8,2926,2,13,8,3,8
2016320165385,1,2,0,18,0,0,0,0,0,0,1,1,2,1,25,5,124,1,4,3,1,3
2016320165385,2,9,0,14,0,0,0,0,0,0,2,2,2,1,-1,-1,-1,-1,-1,-1,-1,-1
2016320165414,1,11,0,18,0,0,0,0,0,0,0,1,1,1,65,9,8268,2,12,3,3,3
2016320165835,1,9,0,18,0,0,0,4,0,0,1,1,6,2,28,6,1242,1,4,5,3,5
2016320165835,2,9,0,2,0,0,0,0,0,0,3,1,6,3,-1,-1,1956,2,2,3,1,3
2016320166054,1,9,0,18,0,0,0,0,1,3,1,1,6,2,70,10,698,1,10,3,2,3
2016320166788,1,9,0,4,0,1,0,0,0,0,1,1,6,1,33,6,1995,2,-1,9,3,9
2016320166788,2,1,0,18,0,5,0,0,0,0,3,1,6,1,17,4,-1,-1,-1,1,1,1
2016320166883,1,9,0,13,0,0,0,0,0,0,1,1,6,1,18,4,3301,1,14,9,1,9
2016320166883,2,9,0,18,0,0,0,0,0,0,2,1,6,2,69,10,1360,1,10,10,2,10
2016320167435,1,9,0,17,0,8,0,0,1,4,1,1,6,2,18,4,999,1,1,7,2,7
2016320167539,1,9,0,18,0,4,0,0,0,0,1,1,6,3,-1,-1,-1,-1,-1,-1,-1,-1
2016320167539,2,1,0,18,0,8,5,0,0,0,1,1,1,1,19,4,-1,-1,-1,10,2,10
2016320167979,1,9,0,18,0,0,5,0,1,4,1,1,6,1,72,10,-1,-1,-1,3,1,3
2016320168464,1,9,0,16,0,8,0,0,7,1,1,1,6,1,19,4,1229,1,8,8,1,8
2016320168700,1,9,0,16,0,0,0,0,0,0,1,1,1,1,33,6,-1,-1,-1,7,3,7
2016320168700,2,98,0,17,0,0,0,0,0,0,1,1,1,1,47,8,-1,-1,-1,2,1,2
2016320168732,1,9,0,10,0,1,0,0,0,0,1,1,3,1,32,6,1229,1,1,2,1,2
2016320168732,2,9,0,10,0,1,0,0,0,0,2,1,3,2,35,6,1199,1,15,1,1,1
2016320169042,1,5,0,9,0,6,0,0,3,0,1,1,6,2,33,6,689,1,1,6,1,6
2016320169144,1,9,0,18,0,0,0,0,0,0,3,1,1,2,37,7,1896,2,14,6,1,6
2016320169144,2,9,0,18,0,0,1,0,1,0,3,1,1,2,40,7,1598,2,1,8,1,8
2016320169388,1,9,0,17,0,0,0,0,1,11,1,1,6,2,51,8,1299,1,11,5,3,5
2016320169408,1,90,0,18,0,0,5,0,0,0,3,2,6,1,30,6,-1,-1,-1,9,2,9
2016320169460,1,3,0,18,0,0,0,0,0,0,0,1,1,1,49,8,-1,-1,-1,-1,-1,-1
2016320169460,2,9,0,18,0,0,0,0,0,0,2,1,1,1,32,6,1598,2,-1,3,1,3
2016320169460,3,5,0,18,0,0,0,0,0,0,1,1,6,1,47,8,-1,-1,-1,2,1,2
2016320169461,1,1,0,18,0,6,0,0,0,0,4,1,6,1,21,5,-1,-1,-1,1,1,1
2016320169461,2,9,0,18,0,1,0,0,0,0,1,1,6,2,52,8,-1,-1,-1,-1,-1,-1
2016320170484,1,17,0,1,0,1,0,0,0,0,2,1,1,1,27,6,5985,2,12,6,3,6
2016320170484,2,9,0,5,0,6,0,0,0,0,4,1,6,1,38,7,1995,2,8,6,2,6
2016320170650,1,9,0,1,0,0,0,4,0,0,2,1,6,1,27,6,1895,1,16,5,3,5
2016320170650,2,9,0,2,0,0,0,0,0,0,3,1,6,2,19,4,1399,2,6,5,3,5
2016320170789,1,9,0,17,0,0,0,0,1,3,1,1,6,1,78,11,2685,2,13,9,3,9
2016320171013,1,9,0,16,0,0,1,0,7,1,1,1,6,1,21,5,1781,1,19,3,3,3
2016320172059,1,9,0,3,0,1,0,0,0,0,2,2,1,1,31,6,1968,2,6,3,1,3
2016320172059,2,9,0,18,0,1,0,0,0,0,1,2,6,2,30,6,1596,1,6,7,1,7
2016320172137,1,9,0,18,0,8,0,0,0,0,1,1,6,1,65,9,1995,2,3,10,1,10
2016320172137,2,9,0,18,0,8,0,0,0,0,1,1,6,2,22,5,2979,1,14,7,3,7
2016320172158,1,9,0,18,0,0,0,0,1,1,1,1,6,1,19,4,1248,2,2,6,1,6
2016320172343,1,9,0,17,0,0,2,0,1,9,1,1,6,1,20,4,-1,-1,-1,3,1,3
2016320172375,1,9,0,18,0,0,0,0,0,0,3,1,2,2,50,8,1587,1,10,9,2,9
2016320172375,2,9,0,18,0,0,0,0,1,0,3,1,6,1,48,8,1896,2,6,8,2,8
2016320172571,1,9,0,18,0,0,0,0,0,0,1,1,6,2,20,4,1968,2,9,5,1,5
2016320172571,2,2,0,18,0,0,0,0,0,0,1,1,6,1,16,4,50,1,4,4,3,4
2016320172589,1,20,0,18,0,0,0,0,0,0,0,1,1,1,53,8,2402,2,7,1,3,1
2016320172589,2,9,0,18,0,0,0,0,1,0,1,1,2,2,51,8,1999,1,15,1,1,1
2016320172594,1,9,0,9,0,2,0,0,0,0,4,1,6,1,-1,-1,999,1,2,3,1,3
2016320172594,2,9,0,18,0,2,0,0,0,0,1,1,6,2,58,9,1598,1,5,2,1,2
2016320173015,1,9,0,18,0,0,0,0,0,0,1,1,6,1,24,5,1229,1,2,9,1,9
2016320173015,2,9,0,18,0,0,0,0,0,0,2,1,6,1,36,7,1796,1,8,9,1,9
2016320173251,1,8,0,2,0,0,0,0,0,0,3,1,1,1,55,8,1997,2,8,10,1,10
2016320173251,2,1,0,14,0,0,0,0,0,0,4,1,6,2,47,8,-1,-1,-1,3,1,3
2016320173349,1,9,0,18,0,0,0,0,7,10,4,1,6,1,19,4,1124,1,15,9,2,9
2016320173421,1,9,0,18,0,1,0,4,0,0,1,2,1,2,19,4,1061,1,13,3,1,3
2016320173421,2,9,0,4,0,1,0,0,0,0,2,2,1,2,45,7,1753,2,7,7,1,7
2016320174132,1,9,0,9,0,2,0,0,0,0,4,1,6,2,37,7,1618,1,1,3,1,3
2016320174132,2,3,0,18,0,2,0,0,0,0,1,1,6,1,19,4,125,1,7,6,3,6
2016320174169,1,9,0,18,0,0,1,0,1,0,3,1,6,1,26,6,1596,1,2,7,2,7
2016320174169,2,21,0,18,0,0,0,0,0,0,1,1,1,1,34,6,12809,2,4,6,1,6
2016320174172,1,9,0,15,0,0,0,0,0,0,0,1,6,2,-1,-1,-1,-1,-1,-1,-1,-1
2016320174172,2,2,0,16,0,0,1,0,0,0,0,1,1,1,16,4,49,1,4,6,1,6
2016320174644,1,21,1,9,0,6,0,0,0,0,0,1,1,1,53,8,12740,2,3,5,3,5
2016320174644,2,19,0,9,0,6,0,0,0,0,0,1,1,1,55,8,-1,-1,-1,5,3,5
2016320174644,3,3,0,18,0,1,0,0,1,9,0,1,6,1,24,5,125,1,3,10,1,10
2016320174936,1,9,0,9,0,2,0,0,0,0,1,1,6,2,-1,-1,-1,-1,-1,-1,-1,-1
2016320174936,2,9,0,18,0,2,0,0,0,0,2,1,6,2,32,6,1997,2,13,2,1,2
2016320175242,1,9,0,5,9,6,0,0,0,0,4,1,6,2,18,4,1197,1,1,4,1,4
2016320175259,1,9,0,18,0,0,0,0,0,0,0,1,3,2,37,7,999,1,2,2,1,2
2016320175259,2,19,0,2,0,0,0,0,0,0,2,1,6,1,58,9,1753,2,12,3,3,3
2016320175288,1,9,0,4,0,8,0,0,0,0,3,1,6,2,58,9,1587,1,15,8,1,8
2016320175288,2,9,0,5,6,1,0,0,0,0,1,1,6,2,22,5,1968,2,10,2,1,2
2016320175421,1,9,0,18,0,0,0,0,0,0,4,1,6,1,64,9,1596,1,10,8,2,8
2016320175421,2,1,0,18,0,0,0,0,0,0,1,1,6,1,8,2,-1,-1,-1,10,2,10
2016320175496,1,9,0,18,0,0,5,0,7,11,1,1,6,2,37,7,1796,1,11,3,3,3
2016320175625,1,9,0,18,0,0,0,0,1,3,1,1,6,2,64,9,1398,1,2,3,3,3
2016320175813,1,19,0,18,0,4,0,0,0,0,1,1,1,1,48,8,1399,2,7,5,1,5
2016320175813,2,19,0,3,0,4,0,0,0,0,2,1,1,1,32,6,1998,2,11,8,3,8
2016320176230,1,9,0,18,0,0,0,0,0,0,1,1,6,2,37,7,1998,1,9,1,1,1
2016320176230,2,1,0,18,0,0,0,0,0,0,1,1,6,1,16,4,-1,-1,-1,7,1,7
2016320176381,1,9,0,13,0,0,0,0,0,0,1,1,6,2,55,8,1388,1,10,5,3,5
2016320176381,2,9,0,10,0,0,0,0,0,0,2,1,6,2,35,6,1596,1,10,4,2,4
2016320176510,1,9,0,18,0,0,2,0,8,10,2,1,6,1,21,5,1390,1,7,4,3,4
2016320176677,1,5,0,13,0,0,0,0,1,10,1,1,2,1,52,8,1164,1,10,4,3,4
2016320176677,2,21,1,18,0,0,1,0,0,0,1,1,1,1,59,9,12580,2,10,8,1,8
2016320176755,1,9,0,18,0,1,1,7,0,1,1,1,6,1,46,8,-1,-1,-1,-1,-1,-1
2016320177021,1,9,0,9,0,1,0,0,0,0,3,1,2,1,27,6,-1,-1,-1,10,1,10
2016320177021,2,9,0,18,0,1,0,0,0,0,1,1,6,2,39,7,-1,-1,-1,10,1,10
2016320177302,1,9,0,18,0,0,0,0,7,0,1,1,6,2,29,6,1390,1,14,2,1,2
2016320177858,1,9,0,15,0,0,5,0,7,3,3,1,6,2,19,4,1400,1,16,2,1,2
2016320177858,2,9,0,15,0,0,0,0,0,0,4,1,6,2,40,7,1595,1,14,7,2,7
2016320178246,1,9,0,18,0,8,0,9,7,1,1,1,6,1,27,6,1995,2,12,6,1,6
2016320178793,1,1,0,5,0,4,0,0,0,0,0,1,6,1,71,10,-1,-1,-1,9,1,9
2016320179009,1,9,0,18,0,0,0,0,0,0,1,2,6,1,28,6,-1,-1,-1,3,1,3
2016320179009,2,19,0,18,0,0,0,0,1,0,1,1,1,1,24,5,-1,-1,-1,6,1,6
2016320179665,1,3,0,18,0,8,1,0,0,0,1,1,1,1,21,5,125,1,-1,2,1,2
2016320179680,1,19,0,9,0,6,0,0,1,0,1,1,1,1,45,7,2143,2,1,3,3,3
2016320179680,2,19,0,18,0,1,0,0,1,0,3,1,1,1,69,10,2287,2,1,4,1,4
2016320179835,1,9,0,18,0,0,0,0,0,0,1,1,6,2,33,6,1798,1,3,3,1,3
2016320179942,1,9,0,16,0,0,5,0,7,0,1,1,1,2,38,7,1794,1,13,-1,-1,-1
2016320179962,1,19,0,4,0,0,0,0,0,0,1,1,6,1,32,6,2461,2,11,3,1,3
2016320179962,2,8,0,3,0,0,0,0,0,0,2,1,6,1,43,7,-1,-1,-1,3,1,3
2016320179994,1,1,0,18,0,0,0,0,0,0,1,1,6,1,-1,-1,-1,-1,-1,-1,-1,-1
2016320179994,2,9,0,7,0,0,0,0,0,0,4,1,6,2,45,7,1781,1,14,3,1,3
2016320180042,1,9,0,1,0,1,0,4,0,0,2,1,6,2,20,4,1360,1,12,6,1,6
2016320180042,2,9,0,2,0,2,0,0,0,0,4,1,6,1,44,7,1596,1,12,7,1,7
2016320180128,1,9,0,17,0,0,1,0,2,4,1,1,6,1,18,4,1796,1,5,5,3,5
2016320180475,1,9,0,4,0,6,0,0,1,0,1,1,6,2,79,11,998,1,8,7,3,7
2016320180475,2,9,0,18,0,8,0,0,0,0,1,1,2,1,66,10,2496,2,10,4,3,4
2016320180639,1,9,0,18,0,3,1,0,0,0,1,1,2,2,36,7,1896,2,16,1,1,1
2016320180718,1,9,0,10,0,8,0,0,1,0,2,1,6,1,23,5,1596,1,13,5,1,5
2016320180718,2,9,0,18,0,1,0,0,0,0,1,1,6,1,42,7,1686,2,12,7,3,7
2016320180973,1,9,0,18,0,6,1,0,0,0,1,1,6,1,26,6,1299,1,10,10,1,10
2016320180973,2,9,0,18,0,8,0,0,1,2,3,1,6,1,19,4,1991,1,17,10,2,10
2016320180988,1,9,0,9,0,2,0,0,0,0,2,1,6,1,27,6,-1,-1,-1,3,1,3
2016320180988,2,9,0,17,0,2,0,0,0,0,1,1,2,1,38,7,-1,-1,-1,3,1,3
2016320181055,1,9,0,7,0,8,0,0,7,0,3,1,6,2,19,4,1229,1,4,-1,-1,-1
2016320181055,2,98,0,13,0,8,0,0,0,0,4,1,1,1,44,7,-1,-1,-1,2,1,2
2016320181065,1,9,0,18,0,1,0,0,0,0,1,1,6,1,31,6,998,1,7,3,2,3
2016320181065,2,1,0,18,0,1,0,0,0,0,1,1,6,1,9,2,-1,-1,-1,-1,-1,-1
2016320181255,1,9,0,7,0,1,1,0,0,0,2,1,6,1,20,4,1248,2,12,-1,-1,-1
2016320181255,2,9,0,18,0,1,1,0,4,0,1,1,6,2,19,4,1598,1,14,1,1,1
2016320181586,1,9,0,13,0,0,0,0,7,9,1,1,6,1,29,6,1997,2,12,-1,-1,-1
2016320181781,1,9,0,9,0,6,0,0,0,0,3,1,6,2,62,9,1896,2,8,3,3,3
2016320181781,2,9,0,18,0,8,0,0,0,0,1,1,2,2,81,11,-1,-1,-1,4,3,4
2016320182107,1,9,0,18,0,8,0,0,0,0,4,1,6,2,28,6,1461,2,2,5,3,5
2016320182107,2,9,0,18,0,8,0,0,0,0,3,1,6,2,52,8,1598,2,-1,5,3,5
2016320182290,1,9,4,18,0,1,0,0,0,0,1,1,6,1,62,9,-1,-1,-1,3,3,3
2016320182290,2,9,0,9,0,6,0,0,0,0,3,1,6,2,55,8,1397,1,14,-1,-1,-1
2016320182460,1,3,0,18,0,0,0,0,1,0,4,1,6,1,25,5,125,1,3,-1,-1,-1
2016320182583,1,3,0,18,0,0,0,0,0,0,1,1,6,1,19,4,-1,-1,-1,4,1,4
2016320183557,1,9,0,18,0,1,0,0,0,0,3,1,6,1,59,9,1590,1,23,4,2,4
2016320183557,2,9,0,18,0,1,0,0,0,0,1,1,6,1,82,11,1598,1,15,1,1,1
2016320183742,1,9,0,9,0,8,0,0,0,0,1,1,2,1,28,6,1968,2,5,3,1,3
2016320183742,2,4,0,18,0,1,5,0,0,0,4,1,6,2,46,8,471,1,1,9,3,9
2016320183764,1,9,0,18,0,2,0,0,0,0,1,1,1,2,52,8,1497,2,1,9,1,9
2016320183793,1,9,0,17,0,0,2,0,1,9,1,1,6,1,17,4,1390,1,11,3,1,3
2016320184128,1,9,0,18,0,0,0,0,0,0,3,1,6,2,29,6,1999,1,12,10,1,10
2016320184128,2,9,0,18,0,0,0,0,0,0,1,1,2,1,45,7,1368,1,2,9,2,9
2016320184154,1,9,0,18,0,0,1,0,1,9,1,1,6,2,17,4,998,1,13,-1,-1,-1
2016320184638,1,9,0,18,0,1,0,0,0,0,4,1,6,1,61,9,2496,1,10,9,3,9
2016320184638,2,9,0,18,0,1,0,0,0,0,1,1,2,2,36,7,1560,2,2,6,1,6
2016320184843,1,9,0,18,0,1,0,0,0,0,1,1,6,1,-1,-1,-1,-1,-1,10,1,10
2016320184944,1,9,0,13,0,0,0,0,0,0,3,1,6,2,69,10,1240,1,10,6,2,6
2016320184944,2,19,0,18,0,0,0,0,0,0,0,1,1,1,55,8,1968,2,2,8,1,8
2016320185108,1,4,0,13,0,0,1,11,0,0,1,1,6,1,21,5,-1,-1,-1,6,1,6
2016320185108,2,9,0,16,0,0,0,11,0,0,1,1,6,2,42,7,2191,2,-1,8,2,8
2016320185108,3,9,0,16,0,0,0,0,0,0,0,1,6,2,25,5,2793,1,16,6,1,6
2016320185136,1,9,0,18,0,0,0,0,0,0,0,1,6,1,63,9,1999,1,8,9,1,9
2016320185144,1,9,0,18,0,0,0,0,0,0,1,1,6,1,46,8,-1,-1,-1,2,1,2
2016320185144,2,9,0,10,0,0,0,0,0,0,2,1,6,1,22,5,-1,-1,-1,2,3,2
2016320185380,1,9,0,5,0,0,0,0,0,0,1,1,6,1,-1,-1,1968,2,6,-1,-1,-1
2016320185412,1,9,0,9,0,1,0,0,0,0,3,1,2,2,47,8,1360,1,15,7,1,7
2016320185412,2,9,0,18,0,1,0,0,0,0,1,1,2,1,49,8,1596,1,5,6,1,6
2016320185412,3,9,0,8,0,1,0,0,0,0,1,1,1,2,47,8,1798,8,2,10,3,10
2016320186083,1,9,0,18,0,0,5,0,7,0,3,1,6,1,17,4,1388,1,14,2,1,2
2016320186162,1,9,0,17,0,1,2,0,1,0,0,1,6,2,50,8,1299,1,14,9,1,9
2016320186335,1,9,0,4,0,0,0,0,0,0,1,1,6,2,40,7,-1,-1,-1,-1,-1,-1
2016320186335,2,9,0,3,0,0,0,0,0,0,2,1,6,1,65,9,-1,-1,-1,10,1,10
2016320186849,1,9,0,5,0,0,5,10,7,2,4,1,6,1,38,7,1587,1,13,5,1,5
2016320186849,2,19,0,2,0,0,0,0,0,0,4,1,1,1,28,6,1997,2,2,-1,-1,-1
2016320186886,1,9,0,18,0,8,0,0,0,0,1,1,6,1,48,8,2198,2,9,-1,-1,-1
2016320186886,2,10,0,9,0,8,0,7,0,7,4,1,6,1,62,9,2198,2,8,-1,-1,-1
2016320187620,1,9,0,10,0,1,0,0,0,0,3,1,6,2,26,6,1598,1,8,4,1,4
2016320187620,2,9,0,18,0,1,0,0,0,0,4,1,6,1,82,11,1598,1,8,4,1,4