Accident_Index,Vehicle_Reference,Vehicle_Type,Towing_and_Articulation,Vehicle_Manoeuvre,Vehicle_Location-Restricted_Lane,Junction_Location,Skidding_and_Overturning,Hit_Object_in_Carriageway,Vehicle_Leaving_Carriageway,Hit_Object_off_Carriageway,1st_Point_of_Impact,Was_Vehicle_Left_Hand_Drive?,Journey_Purpose_of_Driver,Sex_of_Driver,Age_of_Driver,Age_Band_of_Driver,Engine_Capacity_(CC),Propulsion_Code,Age_of_Vehicle,Driver_IMD_Decile,Driver_Home_Area_Type,Vehicle_IMD_Decile
2016320187665,1,9,0,17,0,0,1,0,0,0,0,1,6,1,23,5,1969,2,-1,9,1,9
2016320187665,2,1,0,16,0,0,1,0,1,0,0,1,6,1,49,8,-1,-1,-1,-1,-1,-1
2016320187694,1,90,1,10,0,6,0,0,0,0,1,2,1,1,55,8,-1,-1,-1,-1,-1,-1
2016320187694,2,9,0,4,0,1,0,0,0,0,4,1,2,1,31,6,-1,-1,-1,1,1,1
2016320187944,1,9,0,18,0,0,0,11,0,0,1,1,6,1,57,9,1968,2,7,4,3,4
2016320188215,1,9,0,18,0,1,0,0,0,0,1,1,6,1,47,8,1998,2,7,-1,-1,-1
2016320188215,2,9,0,8,0,1,0,0,0,0,2,1,6,1,55,8,1995,2,8,-1,1,-1
2016320188313,1,19,0,1,0,0,0,0,0,0,2,1,2,1,34,6,1998,2,14,9,1,9
2016320188313,2,1,0,18,0,0,0,0,0,0,1,1,6,1,70,10,-1,-1,-1,10,1,10
2016320188321,1,9,0,9,0,8,0,0,0,0,1,1,1,1,51,8,-1,-1,-1,6,1,6
2016320188321,2,97,0,18,0,8,0,0,0,0,1,1,2,1,57,9,-1,-1,-1,6,1,6
2016320188341,1,9,0,9,0,7,0,0,0,0,3,1,1,1,57,9,1560,2,7,8,1,8
2016320188341,2,9,0,18,0,1,0,0,7,0,1,1,1,2,47,8,1951,2,12,4,3,4
2016320188880,1,1,0,18,0,0,0,0,0,0,1,1,6,1,65,9,-1,-1,-1,4,3,4
2016320188880,2,9,0,2,0,0,0,0,0,0,1,1,6,3,-1,-1,2987,2,8,-1,-1,-1
2016320189088,1,9,0,5,0,6,0,0,0,0,1,1,6,2,30,6,-1,-1,-1,-1,-1,-1
2016320189088,2,9,0,18,0,1,0,0,0,0,1,1,6,1,30,6,2987,2,5,-1,-1,-1
2016320189103,1,9,3,12,0,0,2,7,4,6,3,1,6,1,70,10,1968,2,1,-1,-1,-1
2016320189103,2,21,1,13,0,0,2,7,4,6,4,1,1,1,59,9,12777,2,1,1,1,1
2016320189333,1,5,0,17,0,0,0,0,1,9,0,1,6,1,24,5,600,1,16,6,1,6
2016320189801,1,9,0,7,0,1,0,0,0,0,2,1,2,2,52,8,1598,2,6,10,2,10
2016320189801,2,9,0,5,0,1,0,0,0,0,1,1,2,2,48,8,1248,2,4,7,3,7
2016320189940,1,9,0,18,0,1,0,0,0,0,1,1,1,1,53,8,-1,-1,-1,2,1,2
2016320189940,2,9,0,3,0,1,0,0,0,0,2,1,6,1,19,4,1598,1,11,4,1,4
2016320189940,3,9,0,9,0,1,0,0,0,0,2,1,6,1,28,6,1560,2,2,3,3,3
2016320190002,1,9,0,18,0,1,0,0,0,0,1,1,6,1,55,8,1900,2,16,7,3,7
2016320190002,2,9,0,18,0,2,0,0,0,0,2,1,6,1,78,11,1994,1,9,7,3,7
2016320190439,1,5,0,16,0,0,1,0,7,0,0,1,6,1,48,8,600,1,19,5,3,5
2016320190755,1,9,0,18,0,0,0,0,0,0,1,1,2,1,22,5,1388,1,12,7,1,7
2016320190755,2,5,0,4,0,0,0,0,0,0,2,1,2,1,35,6,1084,1,23,9,3,9
2016320190755,3,9,0,18,0,0,0,0,0,0,0,1,6,1,41,7,1390,1,15,4,1,4
2016320190898,1,9,0,18,0,0,0,0,0,0,4,1,6,1,52,8,-1,-1,-1,6,1,6
2016320190898,2,1,0,18,0,0,0,10,1,0,1,1,6,1,32,6,-1,-1,-1,6,1,6
2016320191155,1,9,0,18,0,0,0,0,0,0,1,1,6,2,56,9,1496,2,-1,4,3,4
2016320191155,2,9,0,18,0,0,0,0,0,0,1,1,1,2,48,8,-1,-1,-1,5,1,5
2016320191348,1,9,0,9,0,2,0,0,3,4,1,1,6,2,49,8,2000,1,17,5,1,5
2016320191934,1,9,0,18,0,8,0,0,0,0,1,1,6,2,23,5,1995,2,4,7,3,7
2016320191934,2,1,0,18,0,8,0,0,0,0,1,1,6,1,9,2,-1,-1,-1,7,3,7
2016320192179,1,5,0,18,0,1,1,0,0,0,1,1,6,1,68,10,998,1,5,8,1,8
2016320192179,2,9,0,9,0,1,0,0,0,0,2,1,2,1,50,8,2204,2,11,-1,-1,-1
2016320192197,1,9,0,18,0,8,0,11,7,11,1,1,6,1,20,4,1596,1,4,-1,-1,-1
2016320192197,2,1,0,18,0,8,0,11,0,0,0,1,4,2,14,3,-1,-1,-1,2,1,2
2016320192249,1,5,0,16,0,0,0,0,7,9,3,1,6,1,50,8,-1,-1,-1,-1,-1,-1
2016320192249,2,9,0,17,0,0,0,0,1,0,3,1,2,1,18,4,2495,2,26,4,3,4
2016320192323,1,9,0,5,0,8,0,0,0,0,1,1,6,1,23,5,1799,1,20,1,1,1
2016320192323,2,9,0,18,0,8,0,0,0,0,4,1,6,1,24,5,1200,1,1,1,1,1
2016320192638,1,21,1,18,0,1,0,0,0,0,1,1,1,3,-1,-1,12809,2,1,-1,-1,-1
2016320192638,2,9,0,12,0,5,0,0,0,0,2,2,6,1,19,4,1242,1,11,4,3,4
2016320193518,1,9,0,18,0,0,0,0,7,9,1,1,6,2,18,4,1149,1,12,5,3,5
2016320193718,1,5,0,13,0,1,0,0,0,0,1,1,6,1,58,9,647,1,14,10,2,10
2016320193718,2,9,0,9,0,5,0,0,0,0,1,1,6,2,26,6,1198,1,4,8,3,8
2016320194271,1,1,0,18,5,1,1,0,0,0,1,1,2,1,64,9,-1,-1,-1,4,3,4
2016320194271,2,9,0,7,0,6,0,0,0,0,4,1,1,1,49,8,1686,2,3,7,1,7
2016320194553,1,9,0,18,0,0,0,6,0,0,1,1,6,1,60,9,1560,2,-1,3,3,3
2016320194553,2,9,0,4,0,0,0,0,0,0,2,1,6,1,25,5,1398,2,14,2,1,2
2016320194624,1,9,0,16,0,1,0,0,0,0,1,1,6,1,17,4,1995,1,14,4,3,4
2016320194624,2,9,0,17,0,1,0,0,0,0,1,1,6,2,43,7,1364,1,11,7,3,7
2016320194654,1,5,0,18,0,0,0,0,7,0,1,1,6,1,52,8,599,1,15,-1,-1,-1
2016320194654,2,9,0,9,0,0,0,0,8,11,2,1,6,1,36,7,1396,1,15,4,3,4
2016320194665,1,4,5,18,0,0,0,0,0,0,3,1,6,1,59,9,499,1,-1,7,2,7
2016320194665,2,9,0,13,0,0,0,0,0,0,4,1,6,2,18,4,1124,1,11,8,3,8
2016320194700,1,9,0,7,0,6,0,0,0,0,3,1,3,2,25,5,1248,1,4,4,1,4
2016320194700,2,1,0,18,0,8,0,0,0,0,4,1,6,1,86,11,-1,-1,-1,4,3,4
2016320194928,1,9,0,18,0,0,0,0,0,0,4,1,6,2,46,8,1597,1,18,3,1,3
2016320194928,2,10,0,2,0,0,0,0,0,0,3,1,6,3,30,6,-1,-1,-1,-1,-1,-1
2016320194940,1,9,0,18,0,0,0,0,0,9,1,1,6,2,25,5,1389,1,11,9,2,9
2016320194980,1,1,0,18,0,0,0,0,1,0,0,1,6,1,73,10,-1,-1,-1,-1,-1,-1
2016320194980,2,9,4,18,0,0,0,0,0,0,0,1,6,3,60,9,2993,2,3,5,3,5
2016320194999,1,9,0,18,0,0,0,0,0,0,1,1,6,1,34,6,1329,1,7,4,2,4
2016320195078,1,9,0,9,0,2,0,0,1,10,1,1,6,1,37,7,1686,2,10,9,3,9
2016320195078,2,9,0,18,0,8,1,0,0,0,1,1,6,1,65,9,-1,-1,-1,3,1,3
2016320195343,1,9,0,18,0,0,0,0,0,0,1,1,6,1,62,9,1086,1,12,6,2,6
2016320195343,2,9,0,18,0,0,0,0,0,0,2,1,6,1,55,8,1686,2,5,3,2,3
2016320195343,3,9,0,18,0,0,0,0,0,0,2,1,6,2,63,9,1248,2,5,3,1,3
2016320195587,1,9,0,4,0,0,0,0,0,0,1,1,6,1,56,9,-1,-1,-1,1,1,1
2016320195587,2,9,0,4,0,0,0,0,0,0,2,1,6,2,30,6,998,1,11,1,1,1
2016320195817,1,9,0,18,0,1,0,0,0,0,1,1,6,1,73,10,-1,-1,-1,8,1,8
2016320195817,2,9,0,5,0,6,0,0,0,0,3,1,6,1,34,6,1560,2,10,10,1,10
2016320195950,1,19,0,18,0,1,0,0,0,0,1,1,6,1,46,8,-1,-1,-1,6,3,6
2016320195950,2,1,0,18,9,6,0,0,0,0,1,1,6,1,6,2,-1,-1,-1,2,1,2
2016320196138,1,19,0,18,0,1,0,0,0,0,1,1,6,1,54,8,1997,2,15,3,2,3
2016320196138,2,9,0,10,0,1,0,0,0,0,2,1,6,2,40,7,1968,2,9,-1,-1,-1
2016320197103,1,5,0,16,0,0,0,0,7,4,1,1,6,1,48,8,998,1,11,2,1,2
2016320197103,2,5,0,16,0,0,1,0,0,4,4,1,6,1,47,8,996,1,17,2,1,2
2016320197452,1,9,0,18,0,1,0,0,0,0,1,1,6,1,21,5,-1,-1,-1,8,3,8
2016320197452,2,9,0,4,0,1,0,0,0,0,2,1,6,1,57,9,1582,2,5,7,1,7
2016320198460,1,19,0,18,0,0,0,0,0,0,2,1,6,3,-1,-1,1995,2,3,-1,-1,-1
2016320198700,1,10,0,17,0,0,0,0,1,2,1,1,6,2,60,9,-1,-1,-1,2,2,2
2016320198782,1,5,0,18,0,8,1,0,0,0,3,1,6,1,72,10,781,1,15,4,3,4
2016320199182,1,9,0,3,0,8,0,0,0,0,1,1,6,2,34,6,1598,2,5,5,3,5
2016320199182,2,9,0,3,0,8,0,0,0,0,2,1,1,2,38,7,1753,2,14,9,1,9
2016320199223,1,9,0,17,0,0,5,0,7,10,1,1,6,1,20,4,1560,2,6,9,2,9
2016320199927,1,11,0,4,0,1,0,0,0,0,0,1,1,2,25,5,6700,2,4,5,1,5
2016320199928,1,9,0,18,0,0,0,0,0,0,3,1,6,1,45,7,1896,2,7,7,3,7
2016320199928,2,9,0,18,0,0,0,0,1,9,1,1,6,1,59,9,1461,2,2,9,2,9
2016320199937,1,9,0,18,0,1,0,0,0,0,1,1,6,1,78,11,1587,1,16,1,1,1
2016320199937,2,21,0,9,0,5,0,0,0,0,0,1,1,1,63,9,11946,2,6,3,3,3
2016320199937,3,9,0,4,0,1,0,0,0,0,0,1,6,1,24,5,1349,1,2,4,2,4
2016320199937,4,19,0,4,0,1,0,0,0,0,2,1,6,1,39,7,1998,2,10,2,1,2
2016320199937,5,9,0,4,0,1,0,0,0,0,2,1,6,2,28,6,1200,1,-1,4,1,4
2016320199937,6,9,0,4,0,1,0,0,7,0,2,1,2,1,24,5,1596,1,4,8,2,8
2016320199977,1,9,0,18,0,2,0,0,0,0,3,1,6,1,-1,-1,1997,2,11,1,1,1
2016320200248,1,9,0,5,0,2,0,0,0,0,2,1,6,1,44,7,1896,2,10,3,3,3
2016320200248,2,9,0,18,0,2,0,0,0,0,1,1,6,1,32,6,4999,1,11,2,3,2
2016320200303,1,9,0,18,0,0,5,0,1,10,1,1,6,1,68,10,898,1,1,2,1,2
2016320200533,1,98,0,18,0,0,0,0,0,0,4,1,6,3,-1,-1,-1,-1,-1,-1,-1,-1
2016320200533,2,19,0,18,0,0,0,0,0,0,3,1,1,1,22,5,-1,-1,-1,5,1,5
2016320200911,1,9,0,18,0,5,0,0,0,0,4,1,6,3,-1,-1,-1,-1,-1,-1,-1,-1
2016320200911,2,1,0,18,0,1,0,0,0,0,1,1,6,1,26,6,-1,-1,-1,5,1,5
2016320201497,1,9,0,7,0,6,0,0,0,0,1,1,6,1,34,6,1995,2,13,5,2,5
2016320201497,2,9,0,18,0,1,0,0,0,0,1,1,6,1,34,6,1560,2,5,8,1,8
2016320201601,1,9,0,1,0,1,0,0,0,0,2,1,2,1,31,6,1968,2,10,2,1,2
2016320201692,1,9,0,18,0,2,0,0,0,0,1,1,6,2,20,4,1396,2,5,10,1,10
2016320201757,1,9,0,3,9,6,0,0,0,0,0,1,6,1,48,8,1685,2,1,7,1,7
2016320201757,2,1,0,18,9,1,0,0,0,0,1,1,6,2,23,5,-1,-1,-1,3,1,3
2016320201777,1,9,0,9,0,6,0,0,0,0,1,1,2,1,47,8,1998,1,22,5,1,5
2016320202005,1,19,4,18,0,0,0,0,0,0,1,1,1,1,52,8,1995,2,6,5,2,5
2016320202323,1,9,0,7,0,6,0,0,0,0,1,1,1,1,48,8,1799,1,9,5,3,5
2016320202323,2,9,0,18,0,1,0,0,0,0,4,1,6,2,31,6,1956,2,3,7,3,7
2016320202571,1,9,0,4,0,0,0,0,0,0,2,1,2,2,53,8,3227,2,14,-1,-1,-1
2016320202571,2,9,0,18,0,0,0,0,0,0,1,1,6,2,25,5,1299,1,12,5,1,5
2016320202647,1,9,0,18,5,0,0,0,0,0,4,1,6,1,40,7,3960,1,17,1,2,1
2016320202647,2,22,0,18,9,0,0,0,0,0,0,1,6,2,56,9,-1,-1,-1,1,2,1
2016320203250,1,9,0,9,0,8,0,0,0,0,1,1,6,2,36,7,1968,2,10,3,1,3
2016320203250,2,3,0,18,0,8,0,0,0,0,3,1,6,1,49,8,124,1,-1,1,1,1
2016320203275,1,9,0,9,0,8,0,0,0,0,1,1,6,2,32,6,1396,1,11,1,1,1
2016320203275,2,9,0,18,0,1,0,0,0,0,1,1,6,2,30,6,1995,2,5,9,3,9
2016320203280,1,9,0,18,0,0,0,0,0,0,1,1,6,1,42,7,1360,1,10,3,1,3
2016320203280,2,9,0,4,0,0,0,0,0,0,2,1,6,1,38,7,1998,2,12,1,1,1
2016320203280,3,9,0,4,0,0,0,0,0,0,2,1,6,2,35,6,1360,1,12,3,3,3
2016320203345,1,9,4,18,0,0,0,0,0,0,1,1,6,1,72,10,1968,2,7,6,3,6
2016320203466,1,9,0,18,0,0,2,0,1,9,1,1,6,1,17,4,998,1,17,-1,-1,-1
2016320203579,1,9,0,18,9,0,0,0,7,10,2,1,1,1,26,6,1796,1,9,6,1,6
2016320204118,1,19,0,5,0,4,0,0,0,0,1,1,1,1,60,9,2143,2,2,7,3,7
2016320204118,2,9,0,5,0,4,0,0,0,0,2,1,6,2,34,6,1560,2,1,10,2,10
2016320204481,1,19,0,3,0,1,1,11,0,0,1,1,1,1,44,7,2198,2,3,3,3,3
2016320204481,2,21,0,3,0,1,0,0,0,0,0,1,1,1,26,6,12809,2,3,6,2,6
2016320204715,1,9,0,2,0,0,0,0,0,0,4,1,6,2,48,8,998,1,8,7,1,7
2016320204715,2,1,0,18,9,0,0,0,0,0,1,1,6,2,-1,-1,-1,-1,-1,-1,-1,-1
2016320204723,1,9,0,18,0,1,0,0,0,0,1,1,6,2,20,4,1299,1,16,8,1,8
2016320204723,2,9,0,3,0,1,0,0,0,0,2,1,6,2,55,8,1461,2,2,2,1,2
2016320204867,1,9,0,18,0,0,0,0,0,0,4,1,1,2,26,6,1598,1,9,8,1,8
2016320205029,1,9,0,18,0,8,0,0,0,0,1,1,6,1,29,6,1199,1,12,5,1,5
2016320205029,2,98,0,18,0,8,0,0,0,0,2,1,1,1,41,7,-1,-1,-1,7,3,7
2016320205374,1,9,0,18,0,0,0,0,0,0,1,1,6,1,42,7,1997,2,-1,2,1,2
2016320205374,2,9,0,18,0,0,0,0,0,0,2,1,6,2,42,7,1461,2,6,7,1,7
2016320205563,1,9,0,9,0,2,0,0,0,0,0,1,6,1,-1,-1,-1,-1,-1,-1,-1,-1
2016320205685,1,9,0,13,0,4,0,0,0,0,2,1,6,3,74,10,2926,2,13,1,1,1
2016320205685,2,5,0,3,0,4,0,0,0,0,1,1,6,1,35,6,-1,-1,-1,7,3,7
2016320205749,1,98,0,2,0,0,0,0,0,0,0,1,6,3,-1,-1,-1,-1,-1,-1,-1,-1
2016320205749,2,1,0,17,0,0,0,4,0,0,1,1,6,1,14,3,-1,-1,-1,7,1,7
2016320206160,1,9,0,18,0,0,0,0,0,0,4,1,2,1,19,4,698,1,13,7,3,7
2016320206678,1,9,0,18,9,0,0,10,7,11,3,1,6,1,60,9,1997,2,3,8,1,8
2016320206694,1,9,0,17,0,1,0,0,0,0,1,1,6,1,25,5,-1,-1,-1,2,1,2
2016320206694,2,5,0,18,0,1,0,0,0,0,1,1,6,1,27,6,-1,-1,-1,3,1,3
2016320206728,1,9,0,7,0,2,0,0,0,0,4,1,6,1,43,7,1997,2,6,3,2,3
2016320206728,2,1,0,18,0,2,0,0,0,0,1,1,6,1,8,2,-1,-1,-1,7,1,7
2016320207126,1,9,0,16,0,5,0,0,0,0,1,1,6,1,55,8,2685,2,13,-1,-1,-1
2016320207126,2,9,0,18,0,4,0,0,0,0,1,1,6,2,57,9,-1,-1,-1,6,3,6
2016320208474,1,9,0,17,0,8,0,0,1,9,1,1,6,1,39,7,1956,2,3,10,1,10
2016320208921,1,19,0,16,0,0,0,0,0,0,1,1,6,1,28,6,1598,2,1,4,1,4
2016320208921,2,90,1,18,0,0,0,0,0,0,3,1,1,1,60,9,-1,-1,-1,3,1,3
2016320208921,3,9,0,17,0,0,0,0,1,0,3,1,1,1,36,7,898,1,-1,6,3,6
2016320209294,1,9,0,18,0,1,0,0,7,0,1,1,6,2,33,6,3999,1,4,-1,-1,-1
2016320209294,2,9,0,4,0,1,0,0,0,0,1,1,6,2,31,6,1596,1,6,5,2,5
2016320209638,1,9,0,5,5,6,0,0,0,0,1,1,6,2,43,7,1399,2,11,8,1,8
2016320209638,2,1,0,18,5,8,0,0,0,0,4,1,6,1,15,3,-1,-1,-1,9,1,9
2016320209749,1,9,0,9,0,1,0,0,0,0,4,1,6,1,24,5,-1,-1,-1,8,1,8
2016320209749,2,97,0,18,0,1,0,0,0,0,1,1,6,1,60,9,-1,-1,-1,8,1,8
2016320209994,1,9,0,18,0,0,5,0,0,0,1,1,6,1,29,6,1998,1,19,2,3,2
2016320210709,1,9,0,18,0,0,0,0,1,2,1,1,6,2,69,10,1248,1,3,7,2,7
2016320211383,1,9,0,18,9,0,1,0,7,4,1,1,6,2,64,9,1560,2,7,7,3,7
2016320212344,1,5,0,18,0,8,0,0,0,0,1,1,2,1,47,8,-1,-1,-1,2,1,2
2016320212344,2,9,0,9,0,8,0,0,0,0,3,2,6,1,56,9,-1,-1,-1,-1,-1,-1
2016320212516,1,8,0,18,0,0,0,0,0,0,1,1,1,1,56,9,1997,2,7,1,1,1
2016320212516,2,8,0,10,0,0,0,0,7,0,2,1,1,1,67,10,-1,-1,-1,2,1,2
2016320212549,1,9,0,7,0,2,1,0,0,0,1,1,2,1,24,5,1587,1,14,7,1,7
2016320212549,2,90,0,18,0,1,0,0,0,0,1,1,1,1,51,8,5880,2,7,2,1,2
2016320212832,1,9,0,17,0,3,0,0,0,0,3,1,6,1,-1,-1,-1,-1,-1,-1,-1,-1
2016320212832,2,3,0,18,0,3,0,0,0,0,2,1,6,1,17,4,124,1,4,9,1,9
2016320212923,1,9,0,16,0,0,5,0,7,2,1,1,6,1,23,5,1956,2,2,4,1,4
2016320213611,1,9,0,16,0,0,2,0,8,4,1,1,1,2,38,7,1242,1,7,9,1,9
2016320213869,1,5,0,4,0,4,1,0,0,0,3,1,6,1,49,8,599,1,19,-1,-1,-1
2016320213925,1,9,0,18,0,1,0,0,0,0,1,1,6,1,23,5,1396,1,20,6,1,6
2016320213925,2,1,0,18,0,8,0,0,0,0,4,1,6,1,17,4,-1,-1,-1,8,1,8
2016320213966,1,9,0,18,0,1,0,0,0,0,1,1,6,1,74,10,1968,2,8,6,2,6
2016320214106,1,9,0,18,0,8,0,0,0,0,1,1,2,1,31,6,2171,2,13,4,1,4
2016320214106,2,9,0,4,0,8,0,0,0,0,2,1,6,1,46,8,1781,1,14,7,1,7
2016320214106,3,98,0,7,0,1,0,0,0,0,0,1,6,3,-1,-1,-1,-1,-1,-1,-1,-1
2016320214217,1,9,0,5,0,1,0,0,0,0,3,2,6,1,23,5,1149,1,15,2,1,2
2016320214217,2,8,0,18,0,1,0,0,0,0,1,1,6,2,46,8,1896,2,7,8,3,8
2016320214285,1,9,0,18,0,8,0,0,0,0,0,1,6,1,30,6,-1,-1,-1,3,1,3
2016320214871,1,9,0,12,8,0,0,0,0,0,3,1,6,1,56,9,2143,2,4,8,1,8
2016320214871,2,19,0,18,0,0,0,0,0,0,1,1,1,1,29,6,2299,2,2,3,1,3
2016320214871,3,9,0,12,9,0,0,0,0,0,0,1,1,1,59,9,1997,2,12,3,1,3
2016320215074,1,9,0,17,0,0,2,0,7,9,1,1,2,1,24,5,1598,1,13,1,1,1
2016320215097,1,9,0,9,0,1,0,0,0,0,1,1,6,1,77,11,1390,1,6,4,2,4
2016320215097,2,3,0,18,0,1,0,0,0,0,1,1,6,1,23,5,124,1,5,4,3,4
2016320215219,1,17,0,1,0,0,0,0,0,0,2,1,6,3,-1,-1,-1,-1,-1,-1,-1,-1
2016320215219,2,9,0,18,0,0,0,0,0,0,1,1,6,1,23,5,1360,1,14,6,1,6
2016320215590,1,9,0,9,0,8,0,0,0,0,1,1,6,2,25,5,-1,-1,-1,8,1,8
2016320215590,2,1,0,18,0,8,0,0,0,0,1,1,6,1,29,6,-1,-1,-1,2,1,2
2016320215628,1,9,0,18,0,0,0,0,1,9,1,1,6,1,70,10,1390,1,16,6,3,6
2016320216556,1,9,0,18,0,0,5,0,7,9,1,1,6,1,23,5,1461,2,4,4,1,4
2016320216656,1,9,0,17,0,0,2,0,1,10,4,1,6,1,31,6,1364,2,2,6,1,6
2016320216806,1,5,0,17,0,0,0,0,1,0,1,1,6,1,45,7,918,1,18,1,1,1
2016320216865,1,5,0,16,0,0,2,0,7,0,0,1,6,1,56,9,749,1,21,8,1,8
2016320217062,1,9,0,9,0,8,0,0,0,0,0,1,1,1,27,6,1400,2,10,9,1,9
2016320217062,2,9,0,18,0,1,0,0,7,9,0,1,6,2,40,7,1560,2,5,9,2,9
2016320217124,1,5,0,18,0,0,2,0,0,0,1,1,6,1,38,7,998,1,10,10,1,10
2016320217124,2,9,0,12,0,0,0,0,0,0,2,1,6,2,25,5,999,1,4,-1,-1,-1
2016320217580,1,9,0,5,0,8,0,0,0,1,1,1,6,2,84,11,1364,1,8,9,3,9
2016320217580,2,9,0,18,0,8,1,0,7,1,1,1,6,1,64,9,1999,2,1,5,3,5
2016320217598,1,9,0,4,0,0,1,0,0,0,1,1,6,1,39,7,1398,2,13,5,1,5
2016320217598,2,9,0,4,0,0,0,0,0,0,2,1,6,1,40,7,1242,1,13,8,1,8
2016320217598,3,21,0,4,0,0,0,0,0,0,2,1,1,1,29,6,4461,2,8,2,3,2
2016320217732,1,9,0,18,0,8,0,0,1,10,1,1,1,1,20,4,-1,-1,-1,3,1,3
2016320217732,2,9,0,9,0,6,0,0,0,11,4,1,1,2,40,7,1242,1,5,3,1,3
2016320217938,1,9,0,18,0,1,0,0,0,0,4,1,2,1,44,7,1560,2,3,9,2,9
2016320217938,2,9,0,9,0,6,0,0,0,0,1,1,6,2,71,10,995,1,9,3,3,3
2016320218004,1,9,0,18,0,2,0,0,0,0,4,1,6,1,74,10,1598,1,2,-1,-1,-1
2016320218036,1,9,0,17,0,8,1,0,7,0,3,1,6,2,19,4,1248,2,6,4,3,4
2016320218073,1,9,0,18,0,8,0,4,7,0,4,1,2,1,23,5,1984,1,-1,3,3,3
2016320218073,2,9,0,18,0,8,0,0,0,0,1,1,6,2,42,7,1968,2,6,8,3,8
2016320218073,3,19,0,2,0,1,0,0,0,0,2,1,6,3,-1,-1,2198,2,1,-1,-1,-1
2016320218073,4,9,0,2,0,1,0,0,0,0,0,1,6,3,-1,-1,1398,1,1,-1,-1,-1
2016320218210,1,9,0,18,0,1,5,0,1,4,1,1,6,1,36,7,-1,-1,-1,9,2,9
2016320218803,1,98,0,18,0,0,0,0,0,0,2,1,6,3,-1,-1,-1,-1,-1,-1,-1,-1
2016320218803,2,98,1,18,0,0,0,0,0,0,3,1,1,1,44,7,-1,-1,-1,9,3,9
2016320219101,1,1,0,4,0,1,0,0,0,0,3,1,6,2,16,4,-1,-1,-1,2,1,2
2016320219101,2,9,0,3,0,1,0,0,0,0,4,1,6,2,60,9,1596,1,2,7,1,7
2016320219291,1,9,0,18,0,1,0,0,0,0,1,1,1,1,21,5,-1,-1,-1,9,3,9
2016320219291,2,9,0,18,0,1,0,0,1,0,2,1,6,1,66,10,1497,8,9,7,3,7
2016320219291,3,9,0,18,0,1,0,0,0,0,2,1,6,2,48,8,-1,-1,-1,7,3,7
2016320219291,4,9,0,10,0,1,0,0,0,0,2,1,6,1,17,4,998,1,12,-1,-1,-1
2016320219429,1,9,0,18,0,0,0,0,0,0,1,1,6,2,21,5,1242,1,9,3,3,3
2016320219429,2,9,0,3,0,0,0,0,0,0,2,1,2,2,30,6,1798,1,3,6,3,6
2016320219429,3,17,0,5,0,0,0,0,0,0,1,1,1,1,58,9,-1,-1,-1,4,3,4
2016320219464,1,9,0,18,0,0,0,0,0,0,1,1,6,1,34,6,-1,-1,-1,6,1,6
2016320219464,2,9,0,18,0,0,0,0,1,1,1,1,6,2,42,7,2204,2,9,5,3,5
2016320219647,1,9,0,18,0,0,0,0,0,0,3,1,1,1,20,4,-1,-1,-1,7,2,7
2016320219647,2,21,1,8,0,0,0,0,1,0,3,1,1,1,48,8,12740,2,5,1,1,1
2016320219764,1,9,0,18,0,6,0,0,0,0,1,1,2,2,42,7,1598,1,10,9,1,9
2016320219764,2,1,0,18,0,8,0,0,0,0,1,1,6,1,28,6,-1,-1,-1,4,1,4
2016320220085,1,19,0,4,0,1,0,0,0,0,1,1,6,1,-1,-1,-1,-1,-1,-1,-1,-1
2016320220085,2,9,0,3,0,1,0,0,0,0,2,1,6,2,45,7,1560,2,9,7,1,7
2016320220166,1,9,0,15,0,0,0,0,7,1,1,1,6,1,32,6,1796,1,10,2,1,2
2016320220166,2,21,0,18,0,0,0,0,0,0,0,1,1,1,57,9,12740,2,3,7,2,7
2016320220166,3,9,0,18,0,0,0,0,0,0,0,1,1,1,54,8,2495,2,18,3,3,3
2016320220166,4,17,0,18,0,0,0,0,0,0,0,1,1,1,27,6,-1,2,4,5,1,5
2016320220466,1,9,0,18,0,0,0,0,0,0,1,1,6,1,76,11,1686,2,2,3,2,3
2016320220466,2,9,0,18,0,0,0,0,0,0,1,1,6,1,69,10,1390,1,11,5,3,5
2016320220466,3,9,0,18,0,0,0,0,0,0,2,1,6,1,71,10,2987,2,9,5,3,5
2016320220851,1,98,0,18,0,0,0,0,0,0,4,1,2,1,45,7,-1,-1,-1,2,1,2
2016320220957,1,9,0,9,0,6,0,0,0,0,2,2,6,1,57,9,1968,2,3,5,3,5
2016320220957,2,5,0,18,0,8,1,0,0,0,2,1,6,1,25,5,636,1,14,4,1,4
2016320221209,1,9,0,18,0,0,0,12,7,9,1,1,6,2,26,6,2000,2,6,-1,-1,-1
2016320221209,2,21,0,18,0,0,0,0,0,0,3,1,2,1,45,7,-1,-1,-1,4,3,4
2016320221419,1,9,0,9,0,5,0,0,0,0,0,1,6,1,-1,-1,-1,-1,-1,-1,-1,-1
2016320221419,2,1,0,18,0,1,0,0,1,0,0,1,6,1,16,4,-1,-1,-1,3,3,3
2016320221815,1,9,0,14,0,1,0,0,0,0,1,1,6,2,19,4,-1,-1,-1,-1,-1,-1