Accident_Index,Vehicle_Reference,Vehicle_Type,Towing_and_Articulation,Vehicle_Manoeuvre,Vehicle_Location-Restricted_Lane,Junction_Location,Skidding_and_Overturning,Hit_Object_in_Carriageway,Vehicle_Leaving_Carriageway,Hit_Object_off_Carriageway,1st_Point_of_Impact,Was_Vehicle_Left_Hand_Drive?,Journey_Purpose_of_Driver,Sex_of_Driver,Age_of_Driver,Age_Band_of_Driver,Engine_Capacity_(CC),Propulsion_Code,Age_of_Vehicle,Driver_IMD_Decile,Driver_Home_Area_Type,Vehicle_IMD_Decile
2016320221885,1,21,0,16,0,0,0,0,0,0,1,1,1,1,26,6,10837,2,-1,4,3,4
2016320221885,2,9,3,17,0,0,1,0,1,0,0,1,6,2,45,7,1997,2,5,2,1,2
2016320221997,1,98,0,10,0,6,0,0,0,0,1,1,1,1,63,9,-1,-1,-1,7,2,7
2016320221997,2,9,0,10,0,1,0,0,0,0,2,1,6,2,28,6,1596,1,10,6,2,6
2016320222281,1,5,0,4,0,0,1,0,0,0,0,1,6,2,33,6,-1,-1,-1,4,2,4
2016320222306,1,9,0,18,0,0,0,0,1,2,4,1,2,1,25,5,1299,1,9,7,1,7
2016320222380,1,9,0,13,0,2,2,10,7,1,1,1,6,1,27,6,2698,2,6,5,3,5
2016320222380,2,9,0,3,0,2,0,0,0,0,1,1,6,1,23,5,999,1,17,6,3,6
2016320222410,1,9,0,18,0,0,0,0,0,0,0,1,6,1,21,5,1796,1,12,5,3,5
2016320222438,1,19,0,17,0,0,1,0,1,3,1,1,6,1,17,4,1700,2,17,2,3,2
2016320222615,1,9,0,18,0,0,0,0,0,0,2,1,6,1,-1,-1,1364,1,9,-1,-1,-1
2016320222615,2,9,0,18,0,0,1,0,0,0,1,1,1,1,23,5,1398,1,3,1,1,1
2016320223091,1,98,0,9,0,6,0,0,0,0,1,2,1,1,41,7,-1,-1,-1,-1,-1,-1
2016320223091,2,9,0,18,0,8,1,0,0,0,1,1,6,2,21,5,1229,1,4,4,3,4
2016320223122,1,9,0,18,0,1,0,0,1,9,1,1,6,2,68,10,1560,2,7,8,1,8
2016320223122,2,19,0,18,0,1,1,0,0,0,1,1,1,1,31,6,2143,2,2,10,2,10
2016320223122,3,21,1,18,0,1,0,0,0,0,1,1,1,1,48,8,12900,2,5,1,1,1
2016320223146,1,9,0,18,0,0,0,0,0,0,1,1,6,2,53,8,1329,1,1,5,1,5
2016320223146,2,1,0,18,0,0,0,0,0,0,1,1,6,1,24,5,-1,-1,-1,2,1,2
2016320223264,1,97,0,5,0,1,0,0,0,0,1,1,6,1,52,8,-1,-1,-1,5,1,5
2016320223264,2,21,0,3,0,1,0,0,0,0,0,1,1,1,54,8,2198,2,3,3,2,3
2016320223406,1,9,0,9,0,6,0,0,1,4,3,1,6,2,26,6,1968,2,11,2,1,2
2016320223406,2,9,0,18,0,1,0,0,0,0,1,1,6,1,67,10,1598,1,6,10,2,10
2016320223612,1,9,0,13,0,0,0,0,0,0,1,1,6,1,83,11,-1,-1,-1,7,1,7
2016320223612,2,17,0,9,0,0,0,0,0,0,3,1,1,1,22,5,-1,2,-1,3,3,3
2016320223623,1,9,0,14,0,0,0,0,7,11,1,1,6,2,42,7,1299,1,11,4,3,4
2016320223623,2,9,0,9,0,0,0,0,7,11,3,1,6,2,48,8,1229,1,5,5,3,5
2016320223712,1,22,0,18,9,0,0,0,1,0,4,1,6,1,83,11,-1,-1,-1,-1,-1,-1
2016320223804,1,19,0,18,0,0,0,0,1,4,1,1,1,1,29,6,2143,2,3,1,1,1
2016320224065,1,9,0,18,0,1,5,0,7,10,1,1,6,1,23,5,1199,1,14,5,3,5
2016320224132,1,9,0,3,0,0,0,0,0,0,1,1,6,1,47,8,1796,1,8,4,1,4
2016320224132,2,9,0,3,0,0,1,0,0,0,2,1,6,1,32,6,1896,2,12,1,1,1
2016320224132,3,9,0,3,0,0,0,0,0,0,2,1,6,1,36,7,1796,1,1,6,1,6
2016320224132,4,9,0,3,0,0,0,0,0,0,2,1,6,1,49,8,1910,2,10,7,1,7
2016320224576,1,9,0,11,0,0,0,0,0,0,4,1,6,1,53,8,-1,-1,-1,8,1,8
2016320224576,2,9,0,5,0,0,0,0,0,0,1,1,6,1,-1,-1,-1,-1,-1,8,1,8
2016320224594,1,9,0,17,0,0,2,0,1,9,1,1,6,1,58,9,998,1,12,2,1,2
2016320224624,1,5,0,18,0,2,0,0,0,0,0,1,6,1,52,8,1157,1,19,5,1,5
2016320224877,1,9,0,18,0,2,0,0,1,11,1,1,6,1,65,9,2993,2,-1,7,2,7
2016320225230,1,19,0,18,0,0,0,0,0,0,1,1,6,1,59,9,1598,2,3,10,3,10
2016320225385,1,9,0,18,0,0,0,0,0,0,0,1,6,2,48,8,1364,1,9,4,3,4
2016320225431,1,9,0,4,0,0,0,0,0,0,1,2,6,2,21,5,1598,1,7,3,3,3
2016320225431,2,9,0,4,0,0,0,0,0,0,2,1,6,1,34,6,1368,1,8,7,1,7
2016320225431,3,9,0,4,0,0,0,0,0,0,2,1,6,2,44,7,1686,2,5,4,3,4
2016320225492,1,9,0,18,0,0,0,0,0,0,1,2,6,2,27,6,1229,1,9,-1,-1,-1
2016320225682,1,90,0,18,0,0,5,0,1,9,1,1,6,1,46,8,-1,-1,-1,2,1,2
2016320225699,1,3,0,18,7,0,0,4,1,0,1,1,6,1,17,4,124,1,3,4,2,4
2016320225699,2,9,0,2,0,0,0,0,0,0,2,1,6,2,42,7,1199,1,17,4,3,4
2016320225911,1,3,0,5,0,1,0,0,0,0,0,1,6,1,27,6,-1,-1,-1,4,1,4
2016320226053,1,3,0,16,0,0,0,0,5,0,3,1,6,1,29,6,-1,-1,-1,1,1,1
2016320226092,1,9,0,9,0,2,0,0,0,0,0,1,6,2,60,9,1598,1,8,4,2,4
2016320226092,2,9,0,18,0,8,0,0,1,9,4,1,6,2,27,6,973,1,15,9,2,9
2016320226161,1,9,0,5,0,0,0,0,0,0,1,1,6,2,42,7,1995,1,13,5,1,5
2016320226161,2,9,0,5,0,0,0,0,0,0,2,1,6,2,30,6,1598,1,9,7,1,7
2016320226308,1,21,0,18,0,8,0,0,0,0,0,1,1,1,30,6,6370,2,9,8,3,8
2016320226308,2,1,0,18,0,8,0,0,0,0,4,1,2,1,54,8,-1,-1,-1,6,1,6
2016320226491,1,2,0,4,9,0,0,0,0,0,3,1,2,1,17,4,49,1,12,3,3,3
2016320227303,1,9,0,9,0,6,5,0,0,0,3,2,6,1,60,9,1598,2,2,1,1,1
2016320227303,2,5,0,18,0,1,5,0,0,0,1,1,6,1,42,7,1137,1,12,4,3,4
2016320227434,1,9,0,17,0,2,0,0,0,0,1,2,1,1,30,6,1364,1,7,3,1,3
2016320227434,2,9,0,16,0,2,0,0,0,0,1,2,1,1,58,9,1995,2,11,-1,-1,-1
2016320227443,1,9,0,18,0,0,0,0,0,0,0,1,6,3,-1,-1,1229,1,4,-1,-1,-1
2016320227443,2,3,0,17,0,0,5,0,1,0,0,1,6,1,21,5,125,1,1,4,1,4
2016320227464,1,9,0,5,0,8,0,0,0,0,1,1,1,2,61,9,1598,1,9,9,1,9
2016320227464,2,1,0,18,0,8,0,0,0,0,1,1,6,2,31,6,-1,-1,-1,6,1,6
2016320227506,1,9,0,5,0,2,0,0,0,0,3,1,2,1,52,8,1328,1,9,9,3,9
2016320228182,1,9,0,18,0,0,0,0,0,0,1,1,6,2,40,7,647,8,1,4,3,4
2016320228182,2,9,0,2,0,0,0,0,0,0,3,1,6,2,31,6,1783,1,17,8,1,8
2016320228559,1,9,0,18,0,0,0,0,0,0,1,1,6,1,38,7,1796,1,11,3,1,3
2016320228559,2,9,0,18,0,0,0,0,0,0,1,1,6,1,26,6,-1,-1,-1,4,1,4
2016320228559,3,9,0,18,0,0,0,0,0,0,1,1,6,2,52,8,-1,-1,-1,6,1,6
2016320228608,1,19,0,18,0,1,0,0,0,0,1,1,6,1,-1,-1,2143,2,2,-1,-1,-1
2016320228608,2,9,0,18,0,1,0,0,0,0,2,1,6,2,66,10,1388,1,12,7,1,7
2016320228685,1,9,0,4,0,0,0,0,0,0,1,1,2,2,38,7,1206,1,7,5,1,5
2016320228685,2,8,0,4,0,0,0,0,0,1,2,1,1,1,55,8,1997,2,12,5,3,5
2016320228685,3,9,0,18,0,0,0,0,0,0,2,1,2,2,54,8,1149,1,9,9,3,9
2016320228685,4,9,0,18,0,0,0,0,0,0,2,1,2,2,56,9,1968,2,1,-1,-1,-1
2016320228721,1,9,0,18,0,0,0,0,7,0,1,1,6,1,66,10,1956,2,2,1,1,1
2016320228721,2,5,0,18,0,0,0,0,0,0,1,1,6,1,58,9,1450,1,13,7,1,7
2016320228721,3,98,1,9,0,0,0,0,0,0,0,1,6,3,-1,-1,-1,-1,-1,-1,-1,-1
2016320230058,1,9,0,18,0,0,0,0,0,0,1,1,6,1,42,7,1753,2,6,5,2,5
2016320230131,1,9,0,13,0,1,1,0,7,0,4,1,6,1,52,8,2967,1,11,6,1,6
2016320230131,2,21,0,18,0,1,0,0,0,0,3,1,6,1,50,8,12809,2,4,6,1,6
2016320230399,1,9,0,18,0,0,2,0,1,0,4,1,6,1,17,4,1199,1,12,2,1,2
2016320230815,1,9,0,18,0,0,5,0,7,9,1,1,2,2,29,6,1364,1,10,9,2,9
2016320231081,1,9,0,18,0,1,0,4,0,0,1,1,6,1,84,11,1560,2,12,1,1,1
2016320231081,2,9,0,2,0,2,0,4,0,0,2,1,6,2,48,8,1560,2,4,7,3,7
2016320231081,3,9,0,2,0,2,0,0,0,0,1,1,6,2,69,10,1364,1,10,8,1,8
2016320231085,1,9,0,18,0,0,0,0,0,0,1,1,2,2,25,5,1388,1,8,4,2,4
2016320231085,2,9,0,16,0,0,0,0,1,0,1,1,2,2,52,8,1599,1,17,-1,-1,-1
2016320231085,3,19,0,18,0,0,0,0,0,0,3,1,1,1,29,6,1560,2,2,10,3,10
2016320231329,1,9,0,18,0,0,2,0,1,10,1,1,2,1,28,6,1910,2,10,6,1,6
2016320231427,1,9,0,16,0,0,0,0,7,4,3,1,6,1,36,7,1560,2,10,8,1,8
2016320231508,1,9,0,18,0,4,0,0,0,0,1,1,6,1,-1,-1,-1,-1,-1,-1,-1,-1
2016320231508,2,9,0,9,0,8,0,0,0,0,4,1,2,2,50,8,1598,2,3,8,1,8
2016320231679,1,9,0,4,0,0,0,0,0,0,1,1,1,1,27,6,-1,-1,-1,10,1,10
2016320231679,2,19,0,4,0,0,0,0,0,0,1,1,6,2,32,6,-1,-1,-1,8,3,8
2016320231704,1,9,0,18,0,1,0,0,0,0,1,1,6,2,19,4,1248,2,6,6,3,6
2016320231704,2,9,0,2,0,1,0,0,0,0,2,1,6,1,24,5,-1,-1,-1,3,1,3
2016320231704,3,9,0,2,0,1,0,0,0,0,2,1,6,1,25,5,-1,-1,-1,3,1,3
2016320231719,1,3,0,18,0,0,0,0,0,0,0,1,6,1,27,6,125,1,3,2,3,2
2016320232803,1,9,0,18,0,2,0,0,0,0,1,1,6,2,30,6,-1,-1,-1,10,3,10
2016320232803,2,1,0,18,0,1,0,0,0,0,1,1,6,1,30,6,-1,-1,-1,7,3,7
2016320232803,3,1,0,18,0,1,0,0,0,0,1,1,6,1,30,6,-1,-1,-1,8,1,8
2016320232987,1,9,0,9,0,5,0,0,0,0,1,1,6,1,71,10,998,1,-1,3,1,3
2016320232987,2,9,0,8,0,1,0,0,0,0,3,1,6,1,31,6,1149,1,13,-1,-1,-1
2016320233115,1,9,0,9,0,5,0,0,0,0,1,1,6,1,42,7,1995,2,11,7,1,7
2016320233115,2,9,0,8,0,1,0,0,1,0,1,1,6,2,21,5,1390,1,5,-1,-1,-1
2016320233306,1,9,0,18,0,0,5,0,2,10,1,1,6,1,29,6,1398,1,5,1,1,1
2016320233948,1,9,0,18,0,0,0,0,0,0,1,1,6,2,44,7,1794,1,12,1,1,1
2016320233948,2,9,0,18,0,0,0,0,0,0,2,1,6,1,31,6,-1,-1,-1,3,1,3
2016320233948,3,9,0,18,0,0,0,0,0,0,2,1,6,1,55,8,2979,1,3,8,3,8
2016320233948,4,9,0,18,0,0,0,0,0,0,2,1,6,1,69,10,1997,2,5,7,1,7
2016320234067,1,9,0,4,0,1,0,0,0,0,2,1,6,1,49,8,1242,1,-1,-1,-1,-1
2016320234067,2,9,0,4,0,1,0,0,0,0,1,1,6,1,29,6,-1,-1,-1,-1,-1,-1
2016320234067,3,9,0,4,0,1,0,0,0,0,2,1,6,1,53,8,1997,2,9,-1,-1,-1
2016320234067,4,9,0,4,0,1,0,0,0,0,1,1,6,1,26,6,1399,2,12,-1,-1,-1
2016320234339,1,9,0,18,0,1,0,0,0,0,4,1,6,1,38,7,1600,1,12,6,1,6
2016320234339,2,1,0,18,9,1,0,0,0,0,1,1,6,1,12,3,-1,-1,-1,-1,-1,-1
2016320234626,1,19,0,18,0,1,0,0,0,0,1,1,2,1,42,7,2198,2,4,3,1,3
2016320234626,2,90,0,5,0,2,1,0,7,0,3,1,6,2,16,4,-1,-1,-1,5,3,5
2016320235066,1,9,0,9,0,0,0,0,0,0,0,1,6,2,76,11,1598,1,13,4,3,4
2016320235066,2,2,0,14,0,0,0,0,0,0,0,1,2,2,56,9,49,1,2,4,3,4
2016320235251,1,9,0,2,0,0,0,0,0,0,2,1,6,2,49,8,-1,-1,-1,3,3,3
2016320235251,2,9,0,2,0,0,0,0,0,0,1,1,6,1,45,7,2993,2,3,4,3,4
2016320235502,1,9,0,18,0,0,0,4,0,0,1,1,6,1,80,11,-1,-1,-1,-1,-1,-1
2016320235502,2,9,0,2,0,0,0,0,0,0,2,1,6,3,-1,-1,-1,-1,-1,-1,-1,-1
2016320235502,3,9,0,2,0,0,0,0,0,0,1,1,6,3,-1,-1,2198,1,10,-1,-1,-1
2016320235502,4,9,0,2,0,0,0,0,0,0,2,1,6,3,-1,-1,1399,2,9,-1,-1,-1
2016320235592,1,9,0,18,0,0,0,0,0,0,1,1,6,2,59,9,1984,1,8,7,1,7
2016320235592,2,9,0,18,0,0,0,0,0,0,2,1,6,1,32,6,-1,-1,-1,-1,-1,-1
2016320235592,3,9,0,18,0,0,0,0,0,0,2,1,6,2,69,10,-1,-1,-1,3,3,3
2016320235730,1,9,0,4,0,1,0,0,0,0,2,1,6,2,-1,-1,-1,-1,-1,-1,-1,-1
2016320235730,2,11,0,4,0,1,1,0,0,0,1,1,6,1,-1,-1,-1,-1,-1,-1,-1,-1
2016320236048,1,9,0,5,0,0,0,0,0,0,1,1,6,1,78,11,-1,-1,-1,3,1,3
2016320236734,1,21,0,18,0,0,1,0,0,0,3,2,1,1,27,6,12882,2,3,1,1,1
2016320236734,2,9,0,18,0,0,1,0,1,0,1,1,6,1,33,6,1560,2,11,4,1,4
2016320236734,3,9,0,18,0,0,1,0,0,0,1,1,1,1,36,7,-1,-1,-1,7,3,7
2016320236860,1,9,0,18,0,5,0,0,0,0,0,1,6,2,64,9,1560,2,2,-1,-1,-1
2016320236900,1,9,0,18,0,1,5,0,1,0,1,1,6,1,58,9,1398,2,10,9,3,9
2016320236964,1,9,0,18,0,8,0,0,0,0,4,1,6,1,76,11,2204,2,9,4,3,4
2016320236964,2,9,4,18,0,8,0,0,1,10,1,1,6,1,66,10,1998,2,11,4,2,4
2016320236984,1,9,0,7,0,2,0,0,0,0,0,1,6,2,51,8,1997,2,11,5,3,5
2016320236984,2,5,0,18,0,2,5,0,0,0,0,1,6,1,54,8,599,1,3,7,1,7
2016320237987,1,5,0,18,0,8,0,0,0,0,1,1,6,2,48,8,645,1,17,9,2,9
2016320237987,2,9,0,18,0,8,0,0,0,0,3,1,6,1,55,8,2295,1,19,2,1,2
2016320238101,1,5,0,18,0,2,2,4,2,0,1,1,6,3,-1,-1,-1,-1,-1,-1,-1,-1
2016320238101,2,9,0,2,6,2,0,0,0,0,2,1,1,1,58,9,-1,-1,-1,3,1,3
2016320238433,1,9,0,18,0,8,0,0,0,0,1,1,6,1,30,6,2198,2,2,5,3,5
2016320238433,2,9,0,18,0,7,0,0,0,0,1,1,6,2,17,4,998,1,8,-1,-1,-1
2016320238644,1,9,0,18,0,0,0,0,1,4,1,1,6,1,35,6,1598,1,13,3,1,3
2016320239427,1,5,0,16,0,0,2,0,7,0,4,1,2,1,48,8,998,1,15,6,3,6
2016320239566,1,9,0,18,0,1,0,0,1,1,1,1,1,1,22,5,1997,2,14,1,1,1
2016320239566,2,9,0,18,0,1,0,0,7,0,4,1,1,2,23,5,1299,1,17,1,1,1
2016320239649,1,9,0,18,0,1,0,0,0,0,1,1,2,1,48,8,1910,2,9,3,1,3
2016320239649,2,9,0,18,0,1,0,0,0,0,2,1,2,1,27,6,1995,2,12,2,1,2
2016320239729,1,19,0,10,0,1,0,0,0,0,0,1,6,1,28,6,-1,-1,-1,10,2,10
2016320239729,2,9,0,18,0,1,0,0,0,0,0,1,6,2,32,6,1968,2,-1,9,2,9
2016320239729,3,9,0,18,0,1,0,0,0,0,2,1,6,2,67,10,1396,1,14,2,1,2
2016320239729,4,9,0,18,0,1,0,0,0,0,2,1,6,2,70,10,1798,1,1,9,1,9
2016320239729,5,9,0,18,0,1,0,0,0,0,1,1,1,2,54,8,1995,2,6,6,3,6
2016320239915,1,9,0,9,0,1,0,0,7,9,0,1,6,1,44,7,1363,2,14,9,1,9
2016320239915,2,9,0,13,0,1,0,0,7,9,0,1,6,1,41,7,1461,2,-1,5,3,5
2016320240009,1,5,0,18,0,0,1,0,2,11,1,1,6,1,28,6,996,1,17,4,2,4
2016320240058,1,9,0,11,0,0,5,0,0,0,1,1,6,2,72,10,1339,1,14,-1,-1,-1
2016320240058,2,9,0,18,0,0,0,0,0,0,2,1,6,2,46,8,1461,2,9,4,3,4
2016320240473,1,9,0,17,0,0,0,0,0,0,3,1,6,3,-1,-1,-1,-1,-1,-1,-1,-1
2016320240473,2,9,0,16,0,0,0,0,0,0,3,1,6,2,21,5,1560,2,6,3,1,3
2016320240642,1,9,0,18,0,0,1,0,1,4,1,1,6,2,22,5,1240,1,11,7,2,7
2016320240645,1,9,0,3,0,1,0,0,0,0,1,1,6,1,85,11,1586,1,5,6,1,6
2016320240645,2,9,0,3,0,1,0,0,0,0,2,1,6,1,34,6,1600,1,44,-1,-1,-1
2016320240672,1,20,0,16,0,3,0,0,0,0,1,1,1,1,53,8,4461,2,5,2,1,2
2016320240672,2,9,0,16,0,3,0,0,0,0,1,1,2,2,59,9,1364,2,1,9,1,9
2016320240672,3,1,0,18,-1,8,0,0,0,0,1,1,6,1,26,6,-1,-1,-1,4,3,4
2016320240716,1,9,0,17,0,2,2,0,1,4,1,2,6,1,17,4,1396,1,13,4,2,4
2016320240925,1,9,5,16,0,0,0,0,0,0,1,1,1,1,51,8,-1,-1,-1,3,3,3
2016320240925,2,9,0,17,0,0,1,0,1,10,3,1,6,1,37,7,1396,1,12,9,2,9
2016320241123,1,8,0,18,0,0,0,0,0,0,1,1,6,1,30,6,-1,-1,-1,-1,-1,-1
2016320241123,2,9,0,18,0,0,0,0,0,0,2,1,1,1,32,6,2494,1,8,9,1,9
2016320241635,1,9,0,18,0,0,0,0,0,0,1,1,2,2,24,5,-1,-1,-1,7,1,7
2016320241701,1,9,0,13,0,1,0,0,0,0,3,1,6,1,53,8,1398,1,5,3,1,3
2016320241701,2,1,0,16,0,1,0,0,0,0,4,1,6,1,53,8,-1,-1,-1,5,1,5
2016320242281,1,9,0,5,0,6,0,0,0,0,1,1,6,2,20,4,1242,1,7,7,3,7
2016320242281,2,19,0,18,0,8,0,0,0,11,1,1,1,1,50,8,-1,-1,-1,10,1,10
2016320242371,1,9,0,18,0,3,0,0,1,4,1,1,6,1,20,4,1995,2,9,8,1,8
2016320242530,1,9,0,18,0,2,0,0,0,0,0,1,6,2,-1,-1,-1,-1,-1,-1,-1,-1
2016320242530,2,1,0,18,0,2,0,0,0,0,3,1,1,1,61,9,-1,-1,-1,-1,-1,-1
2016320242614,1,9,0,18,0,3,1,9,0,0,4,1,6,2,18,4,1248,2,12,8,2,8
2016320242649,1,19,0,18,0,0,0,0,0,0,1,1,1,1,57,9,4500,2,9,1,1,1
2016320242649,2,19,0,18,0,0,0,0,0,0,1,1,1,1,31,6,10518,2,3,3,2,3
2016320242852,1,9,0,8,0,1,0,0,0,0,4,1,6,2,37,7,2967,2,5,-1,-1,-1
2016320242852,2,9,0,7,0,1,0,0,0,0,1,1,6,2,27,6,1390,1,3,6,1,6
2016320243098,1,9,0,17,0,0,0,0,1,3,1,1,1,1,50,8,1598,2,-1,4,1,4
2016320243098,2,9,0,16,0,0,1,0,7,0,1,1,2,1,42,7,1242,1,12,2,1,2
2016320243150,1,9,0,18,0,1,0,0,2,0,1,1,6,1,24,5,1242,1,21,3,1,3
2016320243150,2,9,0,9,0,8,0,0,0,0,2,1,6,1,56,9,1896,2,12,3,3,3
2016320243201,1,9,0,18,0,0,0,4,0,0,1,1,6,1,30,6,1895,1,15,2,1,2
2016320243201,2,9,0,2,0,0,0,0,1,0,2,1,6,3,20,4,2993,2,9,-1,-1,-1
2016320243477,1,9,0,18,0,0,0,0,0,0,1,1,6,1,46,8,1998,1,10,3,3,3
2016320243477,2,9,0,18,0,0,0,0,0,0,2,1,6,2,39,7,1461,2,2,5,3,5
2016320243477,3,9,0,18,0,0,0,0,0,0,2,1,6,1,36,7,1200,1,-1,-1,-1,-1
2016320243613,1,21,1,11,0,0,0,0,0,0,1,1,1,1,-1,-1,12902,2,3,3,1,3
2016320243613,2,9,0,18,0,0,0,0,1,0,3,1,6,2,54,8,1995,2,7,9,1,9
2016320243898,1,9,0,18,0,1,0,0,0,0,1,1,6,1,70,10,2143,2,-1,-1,-1,-1
2016320243898,2,9,0,10,0,1,0,0,0,0,1,1,6,2,21,5,1242,1,8,-1,-1,-1
2016320244247,1,9,0,18,0,0,0,4,7,10,1,1,6,2,33,6,1560,2,6,9,2,9
2016320244247,2,9,0,2,0,0,0,0,7,0,2,1,6,3,-1,-1,1242,1,12,9,3,9
2016320244247,3,9,0,2,0,0,0,0,0,0,1,1,6,3,-1,-1,1199,1,14,9,3,9
2016320244248,1,9,0,16,0,0,2,0,1,0,0,1,6,1,26,6,1598,1,20,-1,-1,-1
2016320244956,1,9,0,18,0,0,0,0,0,0,1,1,6,2,71,10,1587,1,12,5,1,5
2016320245080,1,9,0,2,0,0,0,0,0,0,2,1,6,3,-1,-1,1388,1,6,-1,-1,-1
2016320245080,2,9,0,18,0,0,5,4,0,0,1,1,6,2,19,4,1364,1,11,1,1,1
2016320245139,1,9,0,10,0,1,0,0,0,0,0,1,6,2,78,11,1339,1,7,8,1,8
2016320245139,2,9,0,9,0,1,0,0,0,0,0,1,6,3,-1,-1,-1,-1,-1,-1,-1,-1
2016320245223,1,9,0,7,0,8,0,0,0,0,1,1,6,2,32,6,1242,1,6,4,1,4
2016320245223,2,9,0,18,0,1,0,0,0,0,1,1,6,1,18,4,1397,1,9,6,1,6
2016320245270,1,19,0,18,0,0,0,0,1,4,1,1,6,1,30,6,2402,2,5,4,1,4
2016320245270,2,19,0,18,0,0,0,0,1,4,2,1,6,2,71,10,-1,-1,-1,5,1,5
2016320245312,1,9,0,4,0,1,0,0,0,0,4,1,6,1,28,6,-1,-1,-1,7,1,7
2016320245312,2,9,0,4,0,1,0,0,0,0,1,1,6,1,71,10,1493,2,6,3,1,3
2016320245689,1,19,0,9,0,5,0,0,0,0,1,1,1,1,37,7,2499,2,12,2,1,2
2016320245689,2,9,0,18,0,1,0,0,1,0,1,1,6,1,42,7,1910,2,8,1,1,1
2016320245852,1,9,0,18,0,0,0,0,0,0,1,1,6,2,32,6,2204,2,9,6,1,6
2016320245852,2,9,0,18,0,0,0,0,0,0,1,1,6,2,76,11,998,1,2,7,1,7
2016320246053,1,3,0,18,0,0,0,0,0,0,1,1,2,1,51,8,124,1,5,3,1,3
2016320246053,2,9,0,4,0,0,0,0,0,0,2,1,2,2,63,9,1598,2,1,8,2,8
2016320246461,1,9,0,18,0,1,1,0,1,3,4,2,6,1,54,8,1461,2,13,3,1,3
2016320246621,1,9,0,17,0,6,0,0,0,0,1,1,6,1,68,10,1560,2,4,-1,-1,-1
2016320246621,2,9,0,9,0,8,0,0,0,0,1,1,6,1,52,8,1995,2,5,6,2,6
2016320246718,1,9,0,18,0,0,0,0,7,4,1,1,6,1,24,5,1149,1,13,5,2,5
2016320246864,1,11,0,4,0,1,0,0,0,0,0,1,1,2,49,8,7300,2,10,1,1,1
2016320247195,1,5,0,17,0,0,1,0,1,10,1,1,6,1,40,7,-1,-1,-1,-1,-1,-1
2016320247440,1,9,0,18,0,1,0,0,0,0,4,1,6,1,81,11,1997,2,13,1,1,1
2016320247775,1,11,0,18,0,0,0,0,0,0,1,1,1,1,83,11,-1,-1,-1,10,1,10
2016320248050,1,9,0,9,0,1,0,0,0,0,4,1,1,1,19,4,1124,1,11,5,3,5
2016320248050,2,9,0,18,0,1,0,0,0,0,1,1,1,2,28,6,998,1,3,5,3,5
2016320248050,3,9,0,3,0,1,0,0,0,0,1,1,2,2,55,8,1229,1,3,2,1,2
2016320248104,1,9,0,9,0,1,0,0,0,0,1,1,1,2,48,8,-1,-1,-1,5,1,5
2016320248104,2,5,0,18,0,1,0,0,0,0,1,1,6,1,74,10,680,1,3,9,1,9
2016320248238,1,4,0,13,0,1,0,0,0,0,1,1,6,1,26,6,125,1,3,3,1,3
2016320248238,2,9,0,9,0,1,0,0,0,0,1,1,6,1,64,9,2171,2,12,7,1,7
2016320248282,1,9,0,16,0,5,0,0,0,0,0,1,6,1,54,8,1560,2,3,6,1,6
2016320248282,2,1,0,18,0,6,0,0,0,0,3,1,6,1,13,3,-1,-1,-1,-1,-1,-1
2016320248367,1,9,0,13,0,0,0,0,0,0,3,1,6,1,25,5,2143,2,-1,-1,-1,-1
2016320248367,2,5,0,13,0,0,5,0,7,9,4,1,6,1,44,7,-1,-1,-1,-1,-1,-1
2016320248367,3,17,4,8,0,0,0,0,0,0,0,1,1,1,25,5,-1,-1,-1,-1,-1,-1
2016320249048,1,9,0,17,5,2,0,0,1,1,1,1,6,2,90,11,1388,1,11,9,1,9
2016320249151,1,5,0,18,0,0,0,0,0,0,1,1,6,1,41,7,1255,1,7,7,1,7
2016320249151,2,9,0,9,0,0,0,0,0,0,2,1,6,2,44,7,2179,2,7,7,3,7
2016320249284,1,9,0,18,0,8,0,0,3,11,1,1,6,1,26,6,1896,2,10,5,1,5
2016320249574,1,5,0,17,0,0,0,0,1,4,1,1,6,1,41,7,898,1,1,8,1,8
2016320249987,1,9,0,18,0,0,1,0,0,0,1,1,2,1,33,6,1596,1,4,4,2,4
2016320249987,2,9,0,18,0,0,1,0,1,4,1,1,2,1,24,5,1896,2,15,3,1,3
2016320250072,1,19,0,18,0,0,0,0,0,0,0,1,6,1,34,6,2179,2,10,4,3,4
2016320250072,2,98,0,18,0,0,0,0,0,0,1,1,6,1,61,9,-1,-1,-1,1,1,1
2016320250857,1,9,0,7,0,6,0,0,0,0,1,1,6,2,46,8,1997,2,4,10,1,10
2016320250857,2,97,0,18,0,1,0,0,0,0,1,1,6,1,17,4,50,1,2,5,3,5
2016320250927,1,9,0,16,0,0,5,0,7,0,4,1,1,1,26,6,-1,-1,-1,1,1,1
2016320250930,1,9,0,9,0,7,0,0,0,0,1,1,6,1,60,9,1796,1,10,3,2,3
2016320250930,2,9,0,18,0,8,0,0,0,0,4,1,6,1,55,8,-1,-1,-1,2,1,2
2016320251419,1,9,0,18,0,0,0,0,0,0,2,1,6,2,40,7,1783,1,12,-1,-1,-1