Accident_Index,Vehicle_Reference,Vehicle_Type,Towing_and_Articulation,Vehicle_Manoeuvre,Vehicle_Location-Restricted_Lane,Junction_Location,Skidding_and_Overturning,Hit_Object_in_Carriageway,Vehicle_Leaving_Carriageway,Hit_Object_off_Carriageway,1st_Point_of_Impact,Was_Vehicle_Left_Hand_Drive?,Journey_Purpose_of_Driver,Sex_of_Driver,Age_of_Driver,Age_Band_of_Driver,Engine_Capacity_(CC),Propulsion_Code,Age_of_Vehicle,Driver_IMD_Decile,Driver_Home_Area_Type,Vehicle_IMD_Decile
2016320251419,2,9,0,18,0,0,0,0,0,0,1,1,6,1,60,9,1956,2,6,-1,-1,-1
2016320251431,1,9,0,7,0,1,0,4,0,0,4,1,6,2,34,6,-1,-1,-1,-1,-1,-1
2016320251431,2,9,0,2,0,1,0,0,0,0,3,1,6,3,-1,-1,-1,-1,-1,-1,-1,-1
2016320251431,3,19,0,2,0,1,0,0,0,0,2,1,6,3,-1,-1,-1,-1,-1,-1,-1,-1
2016320251432,1,17,5,7,0,5,0,0,0,0,3,1,1,1,25,5,8984,2,-1,9,2,9
2016320251432,2,9,0,18,0,1,5,0,0,0,1,1,6,2,70,10,1328,1,1,5,3,5
2016320251561,1,9,0,9,0,1,0,0,0,0,1,1,6,2,25,5,999,1,2,4,3,4
2016320251561,2,17,0,18,0,1,0,0,0,0,4,1,1,1,67,10,-1,2,8,4,2,4
2016320251711,1,9,0,16,0,0,0,0,7,8,1,1,6,1,34,6,1896,2,9,-1,-1,-1
2016320251740,1,3,0,18,0,0,2,0,0,0,4,1,2,2,27,6,125,1,2,2,1,2
2016320252286,1,9,0,18,0,1,0,0,0,0,1,1,6,1,34,6,2987,2,10,6,1,6
2016320252696,1,9,0,18,0,0,0,0,0,0,1,1,6,1,26,6,-1,-1,-1,-1,-1,-1
2016320252696,2,9,0,18,0,0,0,0,0,0,3,1,6,1,69,10,2143,2,4,10,2,10
2016320252995,1,9,0,18,0,1,0,0,7,10,1,1,1,1,47,8,1686,2,2,-1,-1,-1
2016320253278,1,9,0,4,0,1,0,0,0,0,1,1,2,1,39,7,1956,2,6,4,3,4
2016320253278,2,9,0,4,0,1,0,0,0,0,2,1,6,1,51,8,2143,2,3,3,3,3
2016320253387,1,9,0,18,0,0,0,0,0,0,1,1,6,1,49,8,4600,1,12,9,2,9
2016320253387,2,9,0,3,0,0,0,0,0,0,2,1,6,1,51,8,1995,2,1,10,1,10
2016320253387,3,9,0,3,0,0,0,0,0,0,2,1,6,1,48,8,1586,1,10,2,2,2
2016320253387,4,9,0,3,0,0,0,0,0,0,2,1,6,1,36,7,1995,2,12,1,1,1
2016320253540,1,21,1,17,0,0,1,0,7,10,1,1,1,1,63,9,12740,2,1,10,1,10
2016320253540,2,9,0,16,0,0,2,0,1,10,3,1,6,1,36,7,1598,2,-1,8,1,8
2016320253607,1,9,0,9,0,1,0,0,0,0,1,1,6,1,18,4,1390,1,11,8,1,8
2016320253607,2,9,0,18,0,1,0,0,0,0,1,1,6,2,67,10,1339,1,2,5,3,5
2016320253607,3,9,0,9,0,1,0,0,0,0,1,1,6,1,60,9,1200,1,1,5,3,5
2016320253643,1,9,0,5,0,6,0,0,0,0,1,1,6,2,19,4,1799,1,9,5,3,5
2016320253643,2,9,0,8,0,1,0,0,0,0,2,1,6,1,56,9,1364,1,4,8,3,8
2016320253994,1,9,0,5,0,8,0,0,0,0,1,1,6,1,28,6,1242,1,1,-1,-1,-1
2016320253994,2,19,0,18,0,8,0,0,0,0,1,1,2,1,22,5,1686,2,10,6,1,6
2016320253994,3,9,0,18,0,8,0,0,0,0,1,1,6,2,70,10,999,1,1,5,1,5
2016320254145,1,9,0,9,0,8,0,0,0,0,4,1,6,2,63,9,-1,-1,-1,10,2,10
2016320254145,2,2,0,18,0,1,0,0,0,0,1,1,6,2,16,4,-1,-1,-1,8,3,8
2016320254749,1,9,0,17,0,0,5,10,1,9,1,1,2,2,21,5,996,1,7,6,2,6
2016320254826,1,9,0,18,0,0,0,0,0,0,1,1,6,2,49,8,1968,2,8,3,3,3
2016320254826,2,9,0,18,0,0,0,0,0,0,2,1,6,1,36,7,1796,1,10,2,1,2
2016320254826,3,9,0,18,0,0,0,0,0,0,2,1,6,2,41,7,1968,2,5,5,3,5
2016320255667,1,5,0,17,0,8,0,0,1,0,1,1,6,1,57,9,899,1,18,3,1,3
2016320255899,1,5,0,17,0,0,0,0,1,9,1,1,6,1,27,6,-1,-1,-1,3,1,3
2016320256183,1,9,0,18,0,6,0,0,0,0,2,1,6,2,56,9,996,1,6,4,3,4
2016320256183,2,9,0,18,0,8,0,0,0,0,1,1,6,1,80,11,505,1,9,5,1,5
2016320256309,1,9,0,16,0,1,1,0,7,9,1,1,6,2,34,6,1686,2,11,3,3,3
2016320257282,1,9,0,18,0,0,0,0,0,0,1,1,6,1,24,5,1998,1,1,8,1,8
2016320257545,1,9,0,18,0,0,0,0,0,0,1,1,6,1,24,5,1796,1,15,2,1,2
2016320257545,2,9,0,4,0,0,0,0,0,0,2,1,6,2,24,5,1242,1,4,4,1,4
2016320257587,1,9,0,18,0,0,0,0,1,0,0,1,1,1,61,9,-1,-1,-1,5,1,5
2016320258266,1,9,0,18,0,0,0,0,0,0,1,1,6,1,-1,-1,1560,2,3,-1,-1,-1
2016320258511,1,9,0,2,0,2,0,0,0,0,0,1,6,1,28,6,1598,1,15,-1,-1,-1
2016320258511,2,1,0,14,0,1,0,0,0,0,4,1,6,1,73,10,-1,-1,-1,1,1,1
2016320258529,1,9,0,17,0,1,1,0,0,0,1,1,1,2,29,6,1598,1,10,7,3,7
2016320258529,2,9,0,16,0,1,0,0,0,0,1,1,6,2,64,9,-1,-1,-1,3,3,3
2016320258887,1,9,0,11,0,0,0,0,0,0,1,1,6,2,33,6,1199,1,13,1,1,1
2016320258887,2,9,0,2,0,0,0,0,0,0,2,1,6,1,48,8,1956,2,-1,3,1,3
2016320259388,1,19,0,18,0,1,0,0,1,0,1,1,6,1,50,8,2198,2,2,5,2,5
2016320259388,2,8,0,3,0,1,0,0,1,0,2,1,6,1,62,9,-1,-1,-1,5,1,5
2016320259388,3,9,0,3,0,1,0,0,0,0,2,1,6,1,57,9,1997,1,1,10,1,10
2016320259518,1,9,0,4,0,1,0,0,0,0,1,1,1,1,20,4,1968,2,1,6,1,6
2016320259518,2,22,0,4,0,1,0,0,0,0,3,1,2,1,17,4,-1,-1,-1,5,1,5
2016320259825,1,19,0,15,0,0,0,0,8,0,4,1,6,1,71,10,1598,2,1,9,1,9
2016320259825,2,9,0,9,0,0,0,0,0,0,1,1,6,2,39,7,1796,1,6,5,3,5
2016320259825,3,9,0,18,0,0,0,0,0,0,0,1,6,2,72,10,1360,1,12,5,3,5
2016320259835,1,9,0,9,0,6,0,0,0,0,1,1,6,1,87,11,1390,1,4,9,1,9
2016320259835,2,9,0,18,0,1,0,0,0,0,4,1,6,1,58,9,1560,2,1,1,1,1
2016320259914,1,19,0,7,0,0,0,0,0,0,1,1,1,1,38,7,2143,2,5,2,3,2
2016320259914,2,5,0,18,0,0,0,0,0,0,3,1,1,1,50,8,649,1,-1,3,3,3
2016320259931,1,9,0,18,0,2,0,0,0,0,4,1,6,1,74,10,2198,2,7,3,3,3
2016320260808,1,9,0,14,0,0,0,0,0,0,1,1,6,1,83,11,2776,2,12,3,3,3
2016320260808,2,1,0,18,0,0,0,0,0,0,2,1,2,1,40,7,-1,-1,-1,4,3,4
2016320260871,1,21,0,17,0,2,5,0,1,2,4,1,1,1,57,9,6871,2,13,3,1,3
2016320260883,1,9,0,18,0,0,5,0,1,0,1,1,1,2,27,6,1198,1,9,10,3,10
2016320261542,1,9,0,2,0,1,0,8,0,0,3,1,2,2,49,8,1598,1,12,10,1,10
2016320261542,2,9,0,5,0,1,0,8,0,0,4,1,1,2,47,8,2179,2,1,-1,-1,-1
2016320261701,1,9,0,18,0,0,1,0,1,0,1,1,6,2,-1,-1,1796,1,7,-1,-1,-1
2016320261701,2,9,0,18,0,0,1,0,0,0,1,1,6,1,30,6,1968,2,6,-1,-1,-1
2016320261701,3,9,0,18,0,0,1,0,0,0,1,1,6,2,26,6,2143,2,6,-1,-1,-1
2016320262751,1,9,0,18,0,1,0,0,0,0,1,1,6,1,22,5,1272,1,23,4,3,4
2016320262751,2,9,0,7,0,5,0,0,0,0,4,1,6,1,19,4,1248,2,8,6,1,6
2016320262803,1,9,0,16,0,0,0,0,0,0,1,1,6,2,21,5,1199,1,12,5,1,5
2016320262803,2,9,0,17,0,0,0,0,0,0,1,1,6,1,82,11,1991,2,14,4,3,4
2016320262819,1,9,0,18,0,1,0,0,0,0,3,1,2,2,27,6,1598,1,17,10,1,10
2016320262839,1,9,4,15,0,2,1,0,1,2,1,1,6,1,47,8,1999,2,-1,5,1,5
2016320263041,1,3,0,17,0,4,0,0,0,0,3,1,6,1,17,4,125,1,5,8,2,8
2016320263388,1,9,0,18,0,0,0,0,0,0,3,1,6,2,34,6,1124,1,16,3,1,3
2016320263388,2,9,0,18,0,0,0,0,0,0,1,1,6,1,39,7,-1,-1,-1,3,1,3
2016320263388,3,9,0,2,0,0,0,0,0,0,1,1,6,1,23,5,1242,1,15,-1,-1,-1
2016320263414,1,9,4,15,0,0,0,0,0,0,4,1,6,3,-1,-1,-1,-1,-1,8,3,8
2016320263414,2,1,0,18,0,0,0,0,0,0,3,1,6,1,57,9,-1,-1,-1,7,3,7
2016320263414,3,1,0,18,0,0,0,0,0,0,3,1,6,1,54,8,-1,-1,-1,8,1,8
2016320263414,4,1,0,18,0,0,0,0,0,0,3,1,6,1,52,8,-1,-1,-1,7,1,7
2016320263414,5,1,0,18,0,0,0,0,0,0,3,1,6,1,22,5,-1,-1,-1,3,1,3
2016320263414,6,1,0,18,0,0,0,0,0,0,3,1,6,3,-1,-1,-1,-1,-1,-1,-1,-1
2016320263414,7,1,0,18,0,0,0,0,0,0,3,1,6,3,-1,-1,-1,-1,-1,-1,-1,-1
2016320263414,8,1,0,18,0,0,0,0,0,0,3,1,6,3,-1,-1,-1,-1,-1,-1,-1,-1
2016320263414,9,1,0,18,0,0,0,0,0,0,3,1,6,3,-1,-1,-1,-1,-1,-1,-1,-1
2016320263848,1,9,0,18,0,0,0,0,0,0,4,1,6,1,74,10,1686,2,3,1,1,1
2016320263848,2,5,0,16,0,0,0,0,0,0,3,1,6,1,48,8,999,1,7,8,2,8
2016320264364,1,9,0,4,0,1,0,0,0,0,1,1,6,2,19,4,1229,1,4,-1,-1,-1
2016320264364,2,9,0,3,0,2,0,0,0,0,2,1,6,2,22,5,1399,2,8,3,3,3
2016320264579,1,97,0,12,0,5,0,0,0,0,3,1,1,1,17,4,-1,-1,-1,9,2,9
2016320264662,1,9,0,10,0,1,0,0,0,0,2,1,6,1,71,10,1560,2,8,8,1,8
2016320264662,2,19,0,18,0,1,0,0,0,0,1,1,6,1,30,6,2198,2,7,1,1,1
2016320265313,1,9,0,10,0,0,0,0,0,0,2,1,6,2,49,8,1596,1,12,-1,-1,-1
2016320265313,2,9,0,4,0,0,0,0,0,0,2,1,1,1,75,10,1461,2,5,3,3,3
2016320265313,3,9,0,18,0,0,0,0,0,0,1,1,2,1,50,8,1968,2,1,5,1,5
2016320265391,1,9,0,18,0,0,0,0,1,1,1,1,6,2,87,11,1339,1,11,9,3,9
2016320265452,1,9,0,18,0,8,0,7,0,0,2,1,6,1,60,9,1198,1,1,8,3,8
2016320265452,2,9,0,7,0,5,0,0,0,0,3,1,6,1,25,5,1896,2,16,3,3,3
2016320265909,1,9,0,18,0,2,0,0,0,0,1,1,1,1,20,4,1560,2,5,7,3,7
2016320265909,2,9,0,18,0,1,0,0,0,0,1,1,1,1,54,8,2179,2,3,6,3,6
2016320266343,1,8,0,3,0,0,0,0,0,0,1,1,2,1,55,8,1995,2,3,4,3,4
2016320266343,2,9,0,3,0,0,0,0,0,0,2,1,6,2,65,9,1149,1,13,3,1,3
2016320266450,1,90,0,18,0,0,0,0,0,0,1,1,6,3,-1,-1,-1,-1,-1,-1,-1,-1
2016320267117,1,9,0,5,0,0,0,0,0,0,4,1,6,1,-1,-1,1398,1,11,6,1,6
2016320267117,2,9,0,18,0,0,0,0,0,0,3,1,6,2,84,11,-1,-1,-1,3,1,3
2016320267118,1,1,0,9,0,6,0,0,0,0,3,1,6,1,16,4,-1,-1,-1,7,1,7
2016320267118,2,9,0,7,0,1,0,0,0,0,1,1,2,2,55,8,1968,2,3,7,1,7
2016320267127,1,9,0,9,0,1,0,0,0,0,1,1,2,2,20,4,1199,1,12,6,3,6
2016320267127,2,5,0,18,0,1,0,0,1,0,1,1,6,1,62,9,649,1,-1,3,1,3
2016320267232,1,9,0,18,0,0,0,0,1,0,0,1,6,1,25,5,1956,2,4,5,3,5
2016320267370,1,21,0,18,0,0,0,0,0,0,0,1,1,3,-1,-1,-1,-1,-1,-1,-1,-1
2016320267370,2,9,0,18,0,0,0,4,0,0,1,1,6,1,90,11,1769,1,13,6,3,6
2016320267370,3,9,0,2,0,0,0,4,0,0,1,1,6,3,42,7,1349,1,5,-1,-1,-1
2016320267370,4,9,0,2,0,0,0,4,0,0,1,1,6,3,56,9,1598,2,2,-1,-1,-1
2016320267916,1,9,0,9,0,8,0,0,0,0,1,1,6,1,68,10,1339,1,6,6,3,6
2016320267916,2,9,0,4,0,1,0,0,0,0,1,1,1,2,24,5,1968,2,1,4,1,4
2016320268072,1,9,0,1,0,1,0,0,0,0,2,1,6,1,82,11,505,1,5,4,1,4
2016320268210,1,9,0,18,0,0,0,0,0,0,0,1,6,3,-1,-1,-1,-1,-1,-1,-1,-1
2016320268210,2,9,0,18,0,0,0,11,1,4,3,1,6,2,26,6,1124,1,14,-1,-1,-1
2016320268211,1,21,0,7,0,5,0,0,0,0,4,1,1,1,54,8,12740,2,3,-1,-1,-1
2016320268276,1,19,0,16,0,0,0,0,1,0,3,1,1,1,19,4,-1,-1,-1,6,1,6
2016320268276,2,21,1,17,0,0,1,0,7,0,3,1,1,1,51,8,11120,2,-1,6,1,6
2016320269077,1,9,0,5,0,8,0,0,0,0,3,1,2,1,30,6,1198,1,3,9,2,9
2016320269077,2,9,0,18,0,8,0,0,0,0,1,1,1,1,61,9,-1,-1,-1,6,1,6
2016320269271,1,9,0,16,0,0,0,0,0,0,1,1,6,2,58,9,1461,2,7,5,2,5
2016320269271,2,17,0,16,0,0,0,0,0,0,3,1,1,2,27,6,-1,2,1,3,3,3
2016320269287,1,9,4,18,0,0,0,0,0,0,0,1,2,1,63,9,1896,2,10,7,3,7
2016320269287,2,1,0,18,0,0,0,0,0,0,1,1,6,1,45,7,-1,-1,-1,3,1,3
2016320269543,1,9,0,13,0,1,0,0,0,0,3,1,6,2,60,9,1598,2,6,5,3,5
2016320269543,2,9,0,5,0,8,0,0,0,0,1,1,6,1,19,4,1995,2,5,4,1,4
2016320269595,1,9,0,18,0,1,0,0,0,0,0,1,1,1,62,9,1368,1,12,5,2,5
2016320269595,2,1,0,18,0,1,5,0,0,0,0,1,6,1,55,8,-1,-1,-1,9,1,9
2016320269932,1,9,0,18,0,0,0,0,0,0,3,1,6,1,19,4,1360,1,14,1,1,1
2016320269932,2,3,0,18,0,0,0,0,0,0,4,1,6,1,25,5,125,1,1,9,1,9
2016320269950,1,9,0,16,0,0,0,0,0,0,1,1,6,1,83,11,1396,1,13,-1,-1,-1
2016320269950,2,21,1,17,0,0,0,0,0,0,3,1,1,1,23,5,12740,2,4,10,3,10
2016320270159,1,9,0,10,1,1,0,0,0,0,1,1,6,1,70,10,1490,1,7,7,2,7
2016320270159,2,9,0,9,0,6,0,0,0,0,3,1,6,2,30,6,1396,1,-1,2,1,2
2016320270387,1,9,0,18,9,0,0,0,1,9,1,1,6,1,28,6,2800,2,20,1,3,1
2016320271063,1,9,0,7,0,8,0,0,0,0,1,1,6,1,83,11,1199,1,12,2,2,2
2016320271063,2,9,0,18,0,1,0,0,0,0,1,1,6,1,79,11,1998,2,14,2,3,2
2016320271420,1,9,0,9,0,2,0,0,0,0,4,1,6,1,84,11,1596,1,14,3,2,3
2016320271420,2,9,0,18,0,1,0,0,1,0,1,1,6,1,84,11,998,1,3,7,3,7
2016320271584,1,9,0,18,0,8,0,0,1,11,1,1,6,1,69,10,1248,1,3,6,1,6
2016320272065,1,98,0,9,0,6,0,0,0,0,0,1,1,1,39,7,-1,-1,-1,5,1,5
2016320272065,2,9,0,18,0,1,0,0,0,0,1,1,6,1,57,9,1560,2,8,-1,-1,-1
2016320272065,3,21,0,10,0,1,0,0,0,0,1,1,1,1,31,6,12419,2,1,2,2,2
2016320272185,1,9,0,18,0,1,0,0,0,0,1,1,6,1,26,6,1124,1,16,1,1,1
2016320272185,2,9,0,17,0,8,5,0,0,0,3,1,2,2,44,7,2171,2,13,6,3,6
2016320272463,1,9,0,16,0,0,1,0,0,0,1,1,6,2,46,8,1332,1,16,6,3,6
2016320272463,2,21,0,17,0,0,0,0,0,0,1,1,1,1,29,6,8970,2,11,8,3,8
2016320272546,1,9,0,18,0,1,0,0,0,0,4,1,6,1,26,6,1998,1,7,3,1,3
2016320272546,2,1,0,9,0,1,0,0,0,0,1,1,6,1,13,3,-1,-1,-1,-1,-1,-1
2016320272683,1,4,0,7,0,2,2,0,1,0,1,1,1,2,19,4,125,1,1,6,2,6
2016320273042,1,9,0,18,0,0,0,0,0,0,1,1,6,1,69,10,1598,1,17,8,2,8
2016320273042,2,90,4,3,0,0,0,0,0,0,2,1,1,1,41,7,-1,-1,-1,7,3,7
2016320273090,1,9,0,18,0,1,0,0,0,0,1,1,6,1,42,7,1995,1,14,6,1,6
2016320273090,2,1,0,18,0,1,0,0,0,0,1,1,6,1,52,8,-1,-1,-1,-1,-1,-1
2016320273374,1,9,0,18,0,1,0,0,3,1,1,1,6,1,36,7,1910,2,12,8,1,8
2016320273982,1,9,0,3,0,6,0,0,0,0,1,1,6,2,-1,-1,-1,-1,-1,-1,-1,-1
2016320273982,2,9,0,1,0,6,0,0,0,0,2,1,6,1,26,6,-1,-1,-1,1,1,1
2016320273997,1,9,0,7,0,4,0,0,0,0,1,1,6,2,58,9,1598,2,3,6,3,6
2016320273997,2,3,0,18,0,8,5,0,0,0,4,1,6,1,20,4,124,1,15,5,3,5
2016320274144,1,9,0,18,0,1,1,0,3,4,1,1,6,1,39,7,1968,2,4,9,2,9
2016320274306,1,9,0,5,0,1,0,0,0,0,3,1,6,2,73,10,1753,2,13,9,2,9
2016320274306,2,9,0,18,0,8,0,0,0,0,1,1,6,2,75,10,1399,2,5,5,1,5
2016320274372,1,19,0,16,0,0,1,0,3,7,1,1,6,1,30,6,1998,2,10,8,1,8
2016320274512,1,9,0,4,0,0,0,0,0,0,1,1,2,2,46,8,1360,1,13,-1,-1,-1
2016320274512,2,9,0,3,0,0,0,0,0,0,2,1,6,2,55,8,995,1,8,4,3,4
2016320274512,3,9,0,5,0,0,0,0,0,0,2,1,1,1,23,5,-1,-1,-1,-1,-1,-1
2016320274630,1,9,0,16,0,0,0,0,0,0,3,1,6,2,66,10,1398,2,14,7,1,7
2016320274630,2,9,0,17,0,0,0,0,0,0,3,1,6,1,65,9,-1,-1,-1,5,3,5
2016320275151,1,2,0,18,0,1,0,0,0,0,1,1,2,1,37,7,749,1,8,5,3,5
2016320275151,2,9,0,10,0,1,0,0,0,0,1,2,2,2,36,7,2143,2,-1,5,3,5
2016320276885,1,1,0,9,0,0,0,0,0,0,0,1,6,1,13,3,-1,-1,-1,-1,-1,-1
2016320276885,2,9,0,18,0,0,0,0,0,0,1,1,1,2,25,5,-1,-1,-1,3,2,3
2016320276892,1,9,0,18,0,8,0,0,0,0,1,1,6,2,38,7,1329,1,4,6,2,6
2016320276892,2,9,0,18,0,1,0,0,0,0,2,1,6,2,35,6,1796,1,15,5,2,5
2016320276987,1,5,0,13,0,0,0,0,0,0,1,1,6,1,66,10,1157,1,13,-1,-1,-1
2016320276987,2,9,0,18,0,0,0,0,0,0,1,1,6,1,49,8,-1,-1,-1,4,3,4
2016320276987,3,21,1,18,0,0,0,0,0,0,0,1,1,1,52,8,12740,2,2,3,3,3
2016320277160,1,21,1,12,0,0,0,0,0,0,3,1,6,3,-1,-1,-1,-1,-1,-1,-1,-1
2016320277160,2,9,0,18,0,0,1,0,1,6,4,2,6,1,50,8,1598,2,3,7,3,7
2016320277204,1,9,0,7,0,6,0,0,0,0,1,2,1,2,-1,-1,1360,1,14,1,1,1
2016320277204,2,1,0,18,0,8,0,0,0,0,1,1,6,1,62,9,-1,-1,-1,4,1,4
2016320277298,1,9,0,18,0,0,0,0,0,0,1,1,6,1,23,5,-1,-1,-1,1,1,1
2016320277298,2,9,0,18,0,0,0,0,0,0,2,1,6,2,35,6,1995,2,6,7,1,7
2016320277758,1,11,0,6,0,0,0,0,0,0,1,1,1,1,52,8,11000,2,12,-1,-1,-1
2016320277758,2,9,0,17,0,0,0,0,0,0,1,1,6,2,17,4,-1,-1,-1,9,1,9
2016320278765,1,9,0,18,0,0,0,0,0,0,1,1,3,1,69,10,2401,2,10,-1,-1,-1
2016320278916,1,9,0,18,0,0,0,0,0,0,1,1,6,1,25,5,1360,1,16,1,1,1
2016320278916,2,9,0,4,0,0,0,0,0,0,2,1,6,1,22,5,1896,2,14,5,2,5
2016320279123,1,5,0,4,0,0,1,0,0,0,1,1,6,1,58,9,999,1,9,8,1,8
2016320279123,2,5,0,4,0,0,1,0,0,0,1,1,6,1,63,9,-1,-1,-1,6,2,6
2016320279123,3,9,0,4,0,0,1,0,0,0,2,1,2,1,24,5,1598,1,9,9,1,9
2016320279123,4,9,4,4,0,0,1,0,0,0,1,1,6,1,69,10,2088,2,18,-1,-1,-1
2016320279141,1,9,0,4,0,0,0,0,0,0,1,1,6,1,58,9,1598,2,2,8,1,8
2016320279141,2,9,0,4,0,0,0,0,0,0,2,1,6,1,31,6,2792,1,10,6,1,6
2016320279141,3,9,0,4,0,0,0,0,0,0,2,1,6,1,73,10,1999,1,-1,7,3,7
2016320279168,1,2,0,18,0,0,0,0,0,0,0,1,6,1,17,4,49,1,4,8,3,8
2016320279168,2,9,0,18,0,0,0,0,0,0,1,1,1,1,-1,-1,-1,-1,-1,2,1,2
2016320279168,3,9,0,18,0,0,0,0,0,0,4,1,6,1,52,8,2143,2,1,7,3,7
2016320279338,1,9,0,11,0,0,0,0,0,0,4,1,6,1,-1,-1,1896,2,13,5,3,5
2016320279338,2,9,0,18,0,0,0,0,0,0,3,1,6,2,58,9,-1,-1,-1,7,2,7
2016320279573,1,9,0,18,0,0,0,0,0,0,1,1,6,2,30,6,2143,2,2,-1,-1,-1
2016320279573,2,1,0,18,0,0,1,0,0,0,1,1,2,1,30,6,-1,-1,-1,-1,-1,-1
2016320279758,1,9,0,17,0,0,5,0,2,10,1,1,6,2,56,9,-1,-1,-1,7,1,7
2016320279785,1,8,0,9,0,0,0,0,0,0,1,1,1,1,55,8,1598,2,1,8,1,8
2016320279785,2,9,0,18,0,0,0,0,0,0,1,1,6,2,45,7,998,1,7,8,1,8
2016320279990,1,9,0,1,9,0,0,0,1,0,2,1,3,2,40,7,-1,-1,-1,-1,-1,-1
2016320279990,2,1,0,18,9,0,5,0,1,0,2,1,3,2,15,3,-1,-1,-1,-1,-1,-1
2016320280056,1,9,0,5,0,1,0,0,0,0,1,1,2,2,41,7,1997,12,1,5,3,5
2016320280056,2,1,0,18,0,8,0,0,0,0,1,1,6,1,26,6,-1,-1,-1,6,3,6
2016320280197,1,9,0,4,0,0,0,0,0,0,1,1,6,1,73,10,-1,-1,-1,6,2,6
2016320280197,2,9,0,2,0,0,0,0,0,0,2,1,6,2,49,8,1390,1,5,5,3,5
2016320280436,1,19,0,4,0,0,1,0,0,0,1,1,1,1,33,6,2800,2,12,6,3,6
2016320280436,2,8,0,4,0,0,0,0,0,0,2,1,1,1,60,9,1968,2,6,3,3,3
2016320281080,1,98,0,1,0,1,0,0,0,0,2,1,6,3,-1,-1,-1,-1,-1,-1,-1,-1
2016320281100,1,9,0,7,0,5,0,0,1,0,4,1,6,1,80,11,-1,-1,-1,1,1,1
2016320281305,1,9,0,17,0,0,1,0,0,0,1,1,6,1,18,4,1328,1,7,10,2,10
2016320281305,2,90,0,16,0,0,0,0,0,0,3,1,1,1,47,8,-1,-1,-1,7,2,7
2016320281464,1,9,0,13,0,0,2,0,7,9,1,1,6,1,29,6,1998,1,10,4,3,4
2016320281464,2,9,0,18,0,0,0,0,0,0,0,1,6,1,29,6,1998,1,10,8,1,8
2016320281676,1,21,1,9,0,1,0,0,0,0,1,1,1,1,59,9,12809,2,2,9,1,9
2016320281676,2,9,0,18,0,8,0,0,1,0,3,1,2,1,38,7,-1,-1,-1,3,1,3
2016320281786,1,9,0,18,0,0,0,11,0,0,1,1,6,1,38,7,2902,2,8,10,1,10
2016320282027,1,9,0,17,0,0,2,0,2,1,1,1,6,1,20,4,1396,1,11,5,3,5
2016320282027,2,9,0,2,0,0,0,0,0,0,1,1,6,3,-1,-1,-1,-1,-1,-1,-1,-1
2016320283253,1,9,0,18,0,0,0,0,0,0,0,1,6,2,25,5,-1,-1,-1,-1,-1,-1
2016320283253,2,16,0,18,0,0,0,0,7,0,0,1,6,2,25,5,-1,-1,-1,-1,-1,-1
2016320283768,1,3,0,18,0,8,2,0,0,0,1,1,6,1,21,5,125,1,1,3,1,3
2016320283768,2,9,0,9,0,8,0,0,0,0,2,1,6,2,64,9,1560,2,6,4,1,4
2016320283921,1,1,0,18,0,1,0,0,0,0,3,1,4,1,11,3,-1,-1,-1,8,1,8
2016320283921,2,9,0,18,0,1,0,0,0,0,1,1,6,3,-1,-1,-1,-1,-1,-1,-1,-1
2016320284035,1,9,0,16,0,0,1,0,7,7,1,1,1,1,22,5,-1,-1,-1,2,1,2
2016320284172,1,4,0,4,0,1,0,0,0,0,2,1,6,1,17,4,-1,-1,-1,8,2,8
2016320284172,2,9,0,18,0,1,0,0,0,0,1,1,6,2,24,5,-1,-1,-1,4,1,4
2016320284310,1,9,0,5,0,8,0,0,0,0,3,1,6,2,69,10,1246,1,8,6,2,6
2016320284310,2,9,0,18,0,8,0,0,7,2,1,1,6,1,32,6,1390,1,11,8,1,8
2016320284327,1,9,0,10,0,1,0,0,0,0,1,1,4,1,41,7,-1,-1,-1,10,2,10
2016320284327,2,9,0,18,0,1,0,0,0,0,1,1,6,2,28,6,1364,1,7,10,1,10
2016320284339,1,9,0,18,0,8,0,0,0,7,4,1,6,1,32,6,-1,-1,-1,2,1,2
2016320284339,2,8,0,18,0,8,0,0,0,7,1,1,1,1,26,6,2231,2,6,3,1,3
2016320284402,1,9,0,12,0,2,0,0,0,0,2,1,6,2,42,7,1596,1,17,1,1,1
2016320284402,2,9,0,18,0,2,1,0,0,0,1,1,6,1,22,5,1493,1,20,6,1,6
2016320284478,1,9,0,17,0,0,1,0,1,0,1,1,6,1,19,4,1199,1,14,4,1,4
2016320284956,1,3,0,16,0,0,2,0,1,0,1,1,1,1,26,6,124,1,3,10,2,10
2016320285031,1,9,0,18,0,0,0,0,7,4,1,1,6,2,61,9,1328,1,13,6,3,6
2016320285108,1,19,0,7,0,5,0,0,0,0,1,1,6,1,53,8,1968,2,-1,-1,-1,-1
2016320285411,1,9,0,9,0,1,0,0,0,0,2,1,6,2,75,10,1388,1,10,2,1,2
2016320285411,2,21,1,18,0,8,0,0,0,0,1,1,1,1,41,7,15607,2,7,-1,-1,-1
2016320285445,1,4,0,18,0,0,0,0,0,0,4,1,6,1,23,5,498,1,10,2,1,2
2016320285484,1,9,0,4,0,1,1,0,0,0,1,1,6,2,22,5,1299,1,8,-1,-1,-1