Accident_Index,Vehicle_Reference,Vehicle_Type,Towing_and_Articulation,Vehicle_Manoeuvre,Vehicle_Location-Restricted_Lane,Junction_Location,Skidding_and_Overturning,Hit_Object_in_Carriageway,Vehicle_Leaving_Carriageway,Hit_Object_off_Carriageway,1st_Point_of_Impact,Was_Vehicle_Left_Hand_Drive?,Journey_Purpose_of_Driver,Sex_of_Driver,Age_of_Driver,Age_Band_of_Driver,Engine_Capacity_(CC),Propulsion_Code,Age_of_Vehicle,Driver_IMD_Decile,Driver_Home_Area_Type,Vehicle_IMD_Decile
2016320365100,2,9,0,17,0,1,0,0,0,0,1,1,6,2,58,9,1968,2,1,5,3,5
2016320365576,1,9,0,18,0,1,0,0,0,0,1,1,6,2,46,8,1598,2,1,8,1,8
2016320365576,2,9,0,10,0,1,0,0,0,0,2,1,6,2,34,6,1560,2,3,8,1,8
2016320365913,1,9,0,13,0,0,0,0,0,0,1,1,6,2,25,5,1086,1,8,9,1,9
2016320365913,2,17,0,18,0,0,0,0,0,0,2,1,1,1,72,10,4000,2,11,8,3,8
2016320366431,1,9,0,18,0,0,5,0,0,10,1,1,6,1,27,6,1560,2,9,10,1,10
2016320366672,1,8,0,18,0,0,1,0,0,0,4,1,1,1,34,6,1796,1,8,9,1,9
2016320366672,2,8,0,18,0,0,0,0,0,0,1,1,1,1,53,8,1560,2,5,1,1,1
2016320366705,1,19,0,11,0,0,0,0,0,0,1,1,1,1,-1,-1,1995,2,9,-1,-1,-1
2016320366705,2,9,0,18,0,0,0,0,0,0,1,1,6,1,19,4,998,1,3,5,3,5
2016320367253,1,9,0,18,0,8,0,0,0,0,1,1,6,1,24,5,1598,1,12,1,1,1
2016320367253,2,97,0,5,0,8,0,4,0,0,4,1,6,1,68,10,-1,-1,-1,1,1,1
2016320367253,3,19,0,2,0,1,0,0,0,0,3,1,6,3,-1,-1,2494,2,11,-1,-1,-1
2016320367364,1,9,0,18,0,0,0,0,7,9,1,1,6,1,21,5,1124,1,13,6,3,6
2016320367364,2,9,0,18,0,0,0,0,0,0,1,1,6,1,59,9,1496,2,1,7,3,7
2016320367834,1,9,0,18,0,0,1,0,1,9,1,1,6,2,19,4,973,1,13,8,1,8
2016320368191,1,1,0,18,5,0,0,0,0,0,1,1,6,1,-1,-1,-1,-1,-1,-1,-1,-1
2016320368191,2,22,0,18,5,0,0,0,0,0,4,1,6,2,64,9,-1,-1,-1,2,1,2
2016320368863,1,9,0,7,0,8,0,0,0,0,1,1,2,2,22,5,1587,1,13,4,2,4
2016320368863,2,9,0,18,0,2,0,0,0,0,4,1,2,1,56,9,1364,1,4,8,1,8
2016320369272,1,9,0,18,0,8,0,0,0,0,1,1,6,2,22,5,998,1,5,9,1,9
2016320369272,2,9,0,18,0,8,0,0,0,0,3,1,6,1,66,10,1956,2,3,6,3,6
2016320369283,1,9,0,9,0,6,0,0,0,0,4,1,6,2,34,6,1998,2,8,7,1,7
2016320369283,2,3,0,18,0,1,0,0,0,0,2,1,6,1,18,4,124,1,3,7,1,7
2016320369364,1,3,0,18,0,8,1,0,0,0,0,1,2,1,25,5,108,1,1,5,2,5
2016320369843,1,9,0,18,0,1,0,0,0,0,1,1,1,1,20,4,-1,-1,-1,6,3,6
2016320370214,1,9,0,18,0,8,1,0,0,0,1,1,1,2,53,8,1461,2,13,3,3,3
2016320370214,2,9,0,18,0,8,0,0,0,0,1,1,6,1,79,11,2183,2,5,3,3,3
2016320370446,1,9,0,18,0,1,0,0,0,0,1,1,1,1,31,6,-1,-1,-1,7,1,7
2016320370446,2,9,0,10,0,1,0,0,0,0,2,1,6,2,31,6,1686,2,7,10,1,10
2016320370653,1,9,0,16,0,0,2,0,7,10,1,1,6,2,19,4,1360,1,16,4,3,4
2016320370699,1,9,0,13,0,0,0,0,0,0,4,1,6,2,40,7,1596,1,11,-1,-1,-1
2016320370699,2,1,0,18,0,0,0,0,0,0,3,1,1,1,50,8,-1,-1,-1,-1,-1,-1
2016320370765,1,3,0,18,0,1,0,0,0,0,4,1,1,1,32,6,125,1,1,10,2,10
2016320371023,1,9,0,18,0,1,0,0,0,0,1,1,6,1,-1,-1,1398,1,-1,-1,-1,-1
2016320371023,2,9,0,18,0,2,0,0,1,0,3,1,2,2,41,7,1591,1,8,6,2,6
2016320371263,1,9,0,18,0,1,0,0,0,0,1,1,6,1,-1,-1,1968,2,11,-1,-1,-1
2016320371263,2,9,0,8,0,1,0,0,0,0,2,1,2,2,21,5,1598,1,16,5,3,5
2016320371540,1,9,0,10,0,1,0,0,0,0,1,1,6,1,21,5,1895,1,15,6,1,6
2016320371540,2,9,0,10,0,1,0,0,0,0,1,1,6,1,46,8,1997,2,6,7,1,7
2016320371575,1,8,0,18,0,1,0,0,1,1,1,1,6,2,31,6,1956,2,4,6,3,6
2016320371575,2,9,0,9,0,1,0,0,0,0,4,1,6,1,68,10,1995,2,9,-1,-1,-1
2016320372339,1,9,0,4,0,2,1,0,3,9,1,1,2,1,19,4,1390,1,13,4,3,4
2016320372620,1,9,0,17,0,0,0,0,1,9,0,1,6,1,17,4,998,1,7,7,3,7
2016320372716,1,9,0,7,0,8,0,0,0,0,3,1,6,3,-1,-1,-1,-1,-1,-1,-1,-1
2016320372716,2,1,0,18,0,8,0,0,0,0,1,1,6,1,64,9,-1,-1,-1,6,1,6
2016320373253,1,9,0,3,0,1,0,0,0,0,2,1,6,2,49,8,1368,1,6,6,2,6
2016320373253,2,9,0,18,0,1,0,0,0,0,1,1,6,3,-1,-1,-1,-1,-1,-1,-1,-1
2016320373577,1,9,0,5,0,6,0,0,0,0,1,1,6,1,-1,-1,1560,2,3,4,3,4
2016320373577,2,9,0,18,0,1,0,0,0,0,3,1,3,2,41,7,1997,2,6,-1,-1,-1
2016320373861,1,9,0,18,0,1,0,4,0,0,1,1,2,1,19,4,1299,1,13,7,3,7
2016320373861,2,11,0,2,0,1,0,0,0,0,2,1,1,2,43,7,4500,2,6,8,1,8
2016320374031,1,9,0,18,0,1,0,0,0,0,1,1,6,1,57,9,1997,2,15,7,3,7
2016320374071,1,11,0,16,0,1,0,0,0,0,1,1,2,1,56,9,8268,2,12,6,3,6
2016320374157,1,9,0,4,0,1,0,0,0,0,2,1,6,2,29,6,1598,2,3,5,2,5
2016320374157,2,9,0,18,0,1,0,0,0,0,1,1,6,1,47,8,1461,2,2,10,2,10
2016320374157,3,9,0,4,0,1,0,0,0,0,2,1,6,2,31,6,1796,1,13,8,3,8
2016320375407,1,9,0,18,0,1,1,0,0,0,1,1,6,2,23,5,1242,1,16,6,3,6
2016320375407,2,9,0,3,0,1,0,0,0,0,2,1,6,1,60,9,1560,2,5,9,2,9
2016320375542,1,19,0,7,0,8,0,0,0,0,1,1,1,1,25,5,1995,2,8,1,1,1
2016320375542,2,1,0,18,0,8,5,0,0,0,4,1,1,1,45,7,-1,-1,-1,2,1,2
2016320375747,1,9,0,18,0,0,0,0,0,0,1,1,6,1,74,10,-1,-1,-1,6,1,6
2016320375747,2,8,0,18,0,0,0,0,0,0,1,1,1,2,54,8,2143,2,5,-1,-1,-1
2016320375829,1,9,0,12,0,0,0,0,0,0,0,1,6,1,47,8,-1,-1,-1,9,1,9
2016320375829,2,3,0,18,0,0,1,0,0,0,4,1,1,1,19,4,108,1,-1,5,3,5
2016320375902,1,9,0,18,0,1,0,0,0,0,1,1,6,1,-1,-1,2496,1,12,3,1,3
2016320375902,2,9,0,18,0,1,0,0,0,0,2,1,6,2,29,6,1398,1,4,3,1,3
2016320376276,1,9,0,9,0,1,0,0,0,0,1,1,6,1,49,8,1956,2,2,1,1,1
2016320376494,1,9,0,9,0,8,0,0,0,0,4,1,6,1,72,10,1339,1,11,9,2,9
2016320376494,2,9,0,9,0,8,0,0,0,0,4,1,6,1,46,8,1753,2,15,9,2,9
2016320376506,1,9,0,18,0,0,0,0,0,0,1,1,6,2,-1,-1,-1,-1,-1,-1,-1,-1
2016320376506,2,9,0,18,0,0,0,0,0,0,1,1,6,2,-1,-1,1396,1,11,-1,-1,-1
2016320376551,1,5,0,9,0,2,0,0,0,0,3,1,6,1,21,5,599,1,6,1,1,1
2016320376561,1,9,0,10,0,1,0,0,0,0,1,1,6,2,-1,-1,1995,2,9,8,3,8
2016320376561,2,9,0,17,0,1,0,0,0,0,3,1,6,1,-1,-1,1753,2,9,2,1,2
2016320376594,1,9,0,18,0,6,0,0,0,0,1,1,6,2,42,7,1598,2,-1,3,1,3
2016320376594,2,9,0,18,0,8,0,0,0,0,1,1,6,2,55,8,1586,1,9,9,3,9
2016320377667,1,9,0,18,0,0,0,0,7,11,1,1,6,1,73,10,1997,2,11,1,1,1
2016320378577,1,9,0,18,0,0,0,0,0,0,1,1,6,1,25,5,1388,1,12,7,2,7
2016320378577,2,9,0,18,0,0,0,0,0,0,2,1,3,2,39,7,1398,2,8,5,2,5
2016320378865,1,9,0,18,0,8,0,0,0,0,1,1,6,2,50,8,1997,1,11,-1,-1,-1
2016320378865,2,9,0,9,0,8,0,0,0,0,3,1,6,1,50,8,1560,2,11,-1,-1,-1
2016320379388,1,9,0,18,0,0,0,0,0,0,1,1,6,1,19,4,1596,1,12,8,2,8
2016320379388,2,9,0,18,0,0,0,0,1,0,1,1,2,1,45,7,-1,-1,-1,4,1,4
2016320379388,3,9,0,18,0,0,0,0,0,0,3,1,6,1,46,8,1461,2,6,6,3,6
2016320379858,1,9,0,18,0,1,0,0,0,0,4,1,6,2,37,7,1560,2,-1,9,1,9
2016320379858,2,3,0,12,0,1,0,0,0,0,3,1,6,1,24,5,124,1,10,5,1,5
2016320380665,1,9,0,4,0,0,0,0,0,0,2,1,1,1,40,7,1679,1,17,7,3,7
2016320380665,2,9,0,18,0,0,0,0,0,0,1,1,1,1,60,9,2902,2,10,-1,-1,-1
2016320380676,1,9,0,4,0,2,0,0,0,0,1,1,6,2,30,6,1598,2,1,7,3,7
2016320380676,2,9,0,4,0,2,0,0,0,0,2,1,6,1,22,5,1984,1,15,3,1,3
2016320380676,3,9,0,4,0,2,0,0,0,0,2,1,6,1,35,6,2720,2,11,7,3,7
2016320380690,1,9,0,9,0,2,0,0,0,0,1,1,6,2,44,7,1242,1,13,-1,-1,-1
2016320380712,1,9,0,18,0,0,0,0,0,0,1,1,6,1,24,5,1598,2,4,6,1,6
2016320380712,2,9,0,4,0,0,0,0,0,0,2,1,1,1,58,9,-1,-1,-1,9,3,9
2016320380712,3,9,0,4,0,0,0,0,0,0,2,1,1,2,27,6,1997,2,6,2,1,2
2016320380712,4,9,0,4,0,0,0,0,0,0,2,1,1,1,30,6,2993,2,6,5,3,5
2016320380835,1,9,0,16,0,0,2,0,7,10,4,1,1,2,39,7,1388,2,13,9,1,9
2016320380919,1,90,1,18,0,1,1,0,0,0,1,1,1,1,26,6,-1,-1,-1,-1,-1,-1
2016320380919,2,9,0,7,0,5,0,0,1,0,0,1,6,1,81,11,1998,2,12,7,3,7
2016320380970,1,9,0,18,0,2,0,0,0,0,1,1,6,2,48,8,1248,2,8,4,1,4
2016320380970,2,1,0,18,0,1,0,0,0,0,2,1,6,2,64,9,-1,-1,-1,3,1,3
2016320381012,1,9,0,18,0,1,0,0,0,0,1,1,6,1,24,5,2295,1,18,1,1,1
2016320381012,2,19,0,18,0,1,0,0,0,0,4,1,1,2,40,7,2143,2,1,4,1,4
2016320381348,1,9,0,9,0,6,0,0,0,0,1,1,6,1,37,7,1998,2,3,8,1,8
2016320381395,1,9,0,18,0,1,0,0,0,0,0,1,6,3,-1,-1,-1,-1,-1,-1,-1,-1
2016320381591,1,9,0,9,0,1,1,0,7,3,4,1,6,1,25,5,1598,1,10,8,1,8
2016320381591,2,9,0,18,0,1,0,0,0,0,0,1,1,1,35,6,-1,-1,-1,-1,-1,-1
2016320381933,1,9,0,13,0,0,2,0,1,10,1,1,1,1,18,4,1390,1,4,8,2,8
2016320382175,1,9,0,18,0,0,0,0,0,0,1,1,6,1,56,9,1596,1,9,2,1,2
2016320382379,1,17,0,4,0,0,0,0,0,0,1,1,1,1,49,8,-1,-1,-1,5,3,5
2016320382379,2,9,0,4,0,0,0,0,0,0,2,1,2,1,56,9,-1,-1,-1,7,1,7
2016320382379,3,9,0,4,0,0,0,0,0,0,2,1,2,2,44,7,898,1,-1,7,3,7
2016320382379,4,17,4,4,0,0,0,0,0,0,2,1,6,3,-1,-1,-1,-1,-1,-1,-1,-1
2016320382452,1,9,0,18,0,0,0,0,7,0,1,1,4,1,17,4,1242,1,7,9,1,9
2016320382452,2,9,0,18,0,0,0,0,1,0,1,1,6,2,34,6,1997,2,11,6,3,6
2016320382673,1,9,0,18,0,0,2,0,1,11,1,1,6,2,21,5,1398,1,6,2,1,2
2016320382888,1,9,0,18,9,2,0,10,1,11,1,1,6,1,62,9,1968,2,12,-1,-1,-1
2016320382888,2,9,0,18,0,1,0,0,1,0,2,1,6,2,47,8,1796,1,15,5,1,5
2016320382985,1,9,0,18,0,0,1,0,1,4,1,1,2,1,33,6,-1,-1,-1,2,2,2
2016320383253,1,9,0,16,0,0,5,0,7,0,1,1,2,2,26,6,-1,-1,-1,9,3,9
2016320383513,1,20,0,2,0,1,0,0,0,10,4,1,1,1,50,8,4580,2,2,-1,-1,-1
2016320383513,2,19,0,2,0,1,0,0,0,0,0,1,1,1,26,6,2198,2,-1,6,1,6
2016320383941,1,9,0,18,0,2,0,0,0,0,3,1,6,3,-1,-1,-1,-1,-1,-1,-1,-1
2016320383941,2,90,0,3,0,1,0,0,1,0,1,1,6,2,42,7,-1,-1,-1,5,1,5
2016320384001,1,90,0,17,0,0,0,0,0,0,1,1,6,3,-1,-1,-1,-1,-1,-1,-1,-1
2016320384001,2,1,0,18,0,0,0,0,0,0,4,1,6,2,68,10,-1,-1,-1,8,1,8
2016320384060,1,9,0,9,0,6,0,0,0,0,3,1,6,1,-1,-1,-1,-1,-1,4,2,4
2016320384060,2,3,0,18,0,1,5,0,0,0,1,1,6,1,24,5,-1,-1,-1,4,2,4
2016320384300,1,9,0,18,0,0,0,0,0,0,1,1,6,2,-1,-1,-1,-1,-1,-1,-1,-1
2016320384354,1,9,0,18,0,0,0,0,7,3,1,1,6,2,23,5,1242,1,2,3,2,3
2016320384435,1,9,0,9,0,6,0,0,0,0,4,1,2,1,47,8,1910,2,9,5,3,5
2016320384435,2,17,0,18,0,1,0,0,0,0,1,1,1,1,56,9,-1,-1,-1,6,1,6
2016320384479,1,9,0,18,0,1,0,0,0,0,1,1,6,3,-1,-1,-1,-1,-1,-1,-1,-1
2016320384479,2,9,0,10,0,4,0,0,0,0,2,1,6,2,21,5,1598,1,4,-1,-1,-1
2016320384521,1,9,0,18,0,2,0,0,1,0,1,1,6,1,19,4,2000,2,10,6,3,6
2016320384521,2,9,0,10,0,2,0,0,7,0,2,1,2,2,23,5,1997,2,6,9,2,9
2016320385016,1,9,0,18,0,8,1,0,0,0,1,1,2,1,37,7,1200,1,-1,3,2,3
2016320385016,2,9,0,18,0,8,0,0,0,0,2,1,2,1,33,6,1796,1,10,7,1,7
2016320385102,1,9,0,18,0,0,0,4,0,0,1,1,2,1,32,6,1956,2,5,5,3,5
2016320385102,2,9,0,2,0,0,0,0,0,0,2,1,2,2,44,7,1984,2,2,5,3,5
2016320385586,1,17,0,18,0,1,0,0,0,0,1,1,1,1,57,9,-1,-1,-1,8,2,8
2016320385586,2,9,0,18,0,1,0,0,0,0,2,1,1,1,57,9,-1,-1,-1,8,1,8
2016320385646,1,9,0,2,0,0,0,0,0,0,0,1,6,1,52,8,1398,2,12,3,1,3
2016320385646,2,90,0,18,0,0,1,0,0,0,0,1,6,2,50,8,-1,-1,-1,1,1,1
2016320385950,1,9,0,5,0,0,0,0,0,0,1,1,2,2,59,9,796,1,10,9,2,9
2016320385950,2,9,0,3,0,0,0,0,0,0,2,1,2,2,45,7,1560,2,11,4,1,4
2016320386007,1,9,0,5,0,1,0,0,0,0,1,1,1,2,44,7,1587,1,12,5,3,5
2016320386007,2,9,0,5,0,4,0,0,0,0,2,1,2,1,52,8,2496,2,15,5,1,5
2016320386049,1,9,0,3,0,1,0,0,0,0,1,1,6,1,67,10,698,1,12,10,2,10
2016320386049,2,9,0,8,0,1,0,0,0,0,2,1,2,2,21,5,999,1,3,7,1,7
2016320386071,1,9,0,9,0,2,0,0,0,0,3,1,1,2,24,5,1248,2,6,4,1,4
2016320386548,1,90,0,18,0,0,0,0,0,0,0,1,6,3,-1,-1,-1,-1,-1,-1,-1,-1
2016320386548,2,9,0,17,0,0,5,0,1,2,1,1,2,1,22,5,1229,1,5,2,1,2
2016320386799,1,9,0,16,0,3,0,0,0,0,1,1,6,1,30,6,-1,-1,-1,3,1,3
2016320386799,2,1,0,18,9,4,0,0,0,0,3,1,6,1,40,7,-1,-1,-1,-1,-1,-1
2016320387056,1,9,0,18,0,0,5,0,1,10,4,1,6,2,38,7,1388,1,10,4,2,4
2016320387097,1,9,0,18,0,0,0,0,7,9,1,1,6,2,19,4,1124,1,15,7,3,7
2016320387183,1,9,0,5,0,0,0,0,0,0,1,1,6,2,45,7,1242,1,3,10,1,10
2016320387183,2,1,0,14,0,0,0,0,0,0,1,1,6,1,50,8,-1,-1,-1,7,3,7
2016320387340,1,9,0,5,0,4,0,0,0,0,1,1,6,1,47,8,1997,2,13,4,1,4
2016320387340,2,9,0,9,0,8,1,0,0,0,4,1,6,1,21,5,1598,1,10,3,1,3
2016320387416,1,9,0,18,0,0,0,0,0,0,3,1,6,3,-1,-1,1199,1,15,-1,-1,-1
2016320387416,2,9,0,9,0,0,0,0,0,0,4,1,6,1,48,8,1968,2,1,-1,-1,-1
2016320387700,1,9,0,18,0,0,0,0,0,3,1,1,6,2,54,8,973,1,15,3,3,3
2016320387773,1,9,0,17,0,0,0,0,7,4,1,1,6,2,20,4,1124,1,15,-1,-1,-1
2016320387883,1,19,0,16,0,0,0,0,1,4,0,1,6,1,42,7,1868,2,11,2,1,2
2016320388387,1,9,0,10,0,1,0,0,0,0,1,1,6,1,16,4,1388,1,12,-1,-1,-1
2016320388387,2,9,0,18,0,1,0,0,0,0,2,1,6,2,19,4,-1,-1,-1,-1,-1,-1
2016320388401,1,9,0,5,0,8,0,0,0,0,1,2,6,3,-1,-1,-1,-1,-1,-1,-1,-1
2016320388401,2,1,0,18,0,1,0,0,0,0,1,1,6,1,24,5,-1,-1,-1,9,2,9
2016320388594,1,9,0,18,0,2,0,0,0,0,1,1,6,3,-1,-1,-1,-1,-1,-1,-1,-1
2016320388854,1,9,0,18,0,2,0,0,0,0,1,1,6,2,65,9,2776,2,9,2,1,2
2016320388854,2,9,0,18,0,8,0,0,0,0,3,1,6,1,50,8,1998,2,11,-1,-1,-1
2016320388982,1,9,0,9,0,8,0,0,0,0,1,1,6,1,18,4,1997,1,15,-1,-1,-1
2016320388982,2,9,0,18,0,1,0,0,0,0,1,1,6,2,62,9,1753,2,12,8,1,8
2016320389604,1,9,0,3,0,8,0,0,0,0,1,1,6,2,23,5,999,1,-1,-1,-1,-1
2016320389604,2,9,0,3,0,8,0,0,0,0,2,1,6,1,46,8,1596,1,9,-1,-1,-1
2016320389604,3,9,0,18,0,8,0,0,0,0,2,1,6,2,44,7,1995,2,4,-1,-1,-1
2016320389656,1,9,0,16,0,0,2,0,7,9,1,1,6,1,20,4,1560,2,10,-1,-1,-1
2016320389731,1,9,0,9,0,8,0,0,0,0,3,1,1,2,50,8,1598,1,11,4,2,4
2016320389731,2,1,0,18,0,1,0,0,0,0,1,1,6,1,51,8,-1,-1,-1,7,2,7
2016320389835,1,9,0,17,0,0,0,0,0,0,0,1,6,3,-1,-1,2143,2,2,-1,-1,-1
2016320389835,2,1,0,17,0,0,0,0,0,0,1,1,2,1,23,5,-1,-1,-1,8,1,8
2016320389938,1,9,0,18,0,2,0,0,0,0,1,1,6,1,68,10,-1,-1,-1,4,1,4
2016320389942,1,9,0,18,0,1,0,0,0,0,1,1,6,1,-1,-1,-1,-1,-1,8,2,8
2016320389943,1,1,0,18,0,8,5,0,0,0,1,1,6,1,46,8,-1,-1,-1,-1,-1,-1
2016320389943,2,21,1,2,6,8,0,0,0,0,2,1,6,1,54,8,12900,2,4,-1,-1,-1
2016320389944,1,9,0,9,0,8,0,0,0,0,3,1,6,1,70,10,-1,-1,-1,6,3,6
2016320390174,1,9,0,7,0,8,0,0,7,1,1,1,6,1,60,9,1560,2,1,1,1,1
2016320390212,1,9,0,18,0,0,1,0,0,0,3,1,6,1,23,5,1461,2,-1,9,1,9
2016320390212,2,9,0,18,0,0,1,0,0,0,3,1,6,2,31,6,898,1,2,9,2,9
2016320390585,1,9,0,17,0,0,5,10,1,0,4,1,1,2,22,5,1296,1,9,4,3,4
2016320391236,1,9,0,18,0,2,0,0,0,0,3,1,2,2,52,8,1956,2,1,5,2,5
2016320391437,1,19,0,3,0,0,0,0,0,0,1,1,1,2,27,6,1997,2,7,-1,-1,-1
2016320391437,2,9,0,3,0,0,0,0,0,0,2,1,6,1,32,6,-1,-1,-1,2,1,2
2016320391605,1,9,0,18,0,0,0,0,0,0,3,1,6,1,-1,-1,-1,-1,-1,-1,-1,-1
2016320391605,2,1,0,18,0,0,0,0,0,0,3,1,6,1,32,6,-1,-1,-1,4,1,4
2016320391645,1,9,0,18,0,1,0,0,0,0,1,1,6,2,37,7,2967,2,3,1,2,1
2016320391645,2,9,0,3,0,1,0,0,0,0,2,1,6,2,36,7,1686,2,12,5,2,5
2016320391645,3,19,0,10,0,1,0,0,0,0,2,1,1,1,22,5,1598,2,-1,1,1,1
2016320392473,1,3,0,18,0,0,1,0,1,0,4,1,2,1,62,9,49,1,1,8,2,8
2016320392511,1,9,0,18,0,0,0,0,0,0,0,1,3,1,63,9,1956,2,4,2,1,2
2016320392511,2,1,0,18,0,0,0,0,0,0,0,1,4,2,10,2,-1,-1,-1,2,1,2
2016320392838,1,9,0,18,0,0,0,0,0,0,1,1,6,2,74,10,1198,1,10,5,3,5
2016320392838,2,9,0,18,0,0,0,0,1,9,1,1,6,1,69,10,1560,2,-1,7,1,7
2016320393177,1,9,0,16,0,1,0,0,0,0,1,1,6,1,41,7,2987,2,8,-1,-1,-1
2016320393178,1,9,0,16,0,0,1,0,7,0,1,1,6,2,31,6,1388,1,12,3,2,3
2016320393327,1,9,0,18,0,3,0,0,0,0,4,1,6,1,51,8,1596,1,1,5,3,5
2016320393327,2,9,0,18,0,4,0,0,0,0,1,2,6,2,22,5,-1,-1,-1,5,1,5
2016320393511,1,9,0,18,0,0,0,0,0,0,1,1,2,2,34,6,1198,1,9,5,1,5
2016320393511,2,9,0,3,0,0,0,0,0,0,2,1,6,2,21,5,1149,1,4,7,1,7
2016320393512,1,9,0,5,0,6,1,0,0,0,1,1,6,2,35,6,-1,-1,-1,2,3,2
2016320393512,2,9,0,18,0,2,1,0,0,0,3,1,6,1,49,8,1761,1,16,3,1,3
2016320393539,1,9,0,5,0,2,0,0,0,0,1,1,3,2,47,8,1685,2,4,5,3,5
2016320393539,2,1,0,18,0,8,0,0,0,0,1,1,6,1,36,7,-1,-1,-1,1,1,1
2016320393687,1,9,0,18,0,0,1,0,7,3,1,1,2,2,19,4,1149,1,15,5,2,5
2016320393714,1,9,0,16,0,0,0,0,0,0,1,1,6,1,22,5,1686,2,18,4,1,4
2016320393714,2,9,0,18,0,0,0,0,0,0,1,1,1,1,56,9,-1,-1,-1,1,1,1
2016320393796,1,9,0,18,0,1,0,0,0,0,1,1,6,2,33,6,-1,-1,-1,2,1,2
2016320393796,2,1,0,9,0,1,0,0,0,0,1,1,6,1,90,11,-1,-1,-1,6,1,6
2016320393881,1,9,0,18,0,3,0,0,0,0,1,1,1,2,-1,-1,1296,1,9,7,2,7
2016320393881,2,9,0,18,0,1,0,0,0,0,2,1,1,1,21,5,-1,-1,-1,7,1,7
2016320393881,3,9,0,18,0,1,0,0,0,0,2,1,1,1,-1,-1,1560,2,4,7,1,7
2016320393881,4,9,0,18,0,1,0,0,0,0,2,1,1,1,-1,-1,1956,2,7,7,1,7
2016320394018,1,9,0,18,0,1,0,0,0,0,4,1,4,1,20,4,-1,-1,-1,3,3,3
2016320394018,2,9,0,9,0,1,0,0,0,0,1,2,6,1,45,7,-1,-1,-1,-1,-1,-1
2016320394335,1,9,0,18,0,8,0,0,0,11,4,1,1,1,50,8,-1,-1,-1,7,3,7
2016320394335,2,9,0,18,0,8,0,0,0,11,1,1,6,1,43,7,1560,2,10,1,1,1
2016320394923,1,9,0,18,0,0,2,0,1,4,3,1,6,1,23,5,1229,1,9,3,1,3
2016320395213,1,9,0,9,0,5,0,0,0,0,4,1,6,1,69,10,1596,1,11,9,2,9
2016320395213,2,1,0,18,0,1,0,0,0,0,1,1,6,1,46,8,-1,-1,-1,4,1,4
2016320395229,1,9,0,18,0,1,5,0,1,0,4,1,6,1,30,6,1598,1,8,3,1,3
2016320395490,1,19,0,16,0,0,0,0,1,11,1,1,1,1,27,6,1598,2,3,3,1,3
2016320395490,2,9,0,17,0,0,0,0,1,11,1,1,6,2,67,10,1988,2,11,6,3,6
2016320395720,1,9,0,17,0,1,0,0,1,1,1,1,6,1,32,6,-1,-1,-1,8,1,8
2016320395845,1,9,0,15,0,0,0,0,0,0,1,1,6,3,-1,-1,-1,-1,-1,-1,-1,-1
2016320395845,2,9,0,18,0,0,0,0,0,0,1,1,6,1,80,11,1997,2,13,4,2,4
2016320395845,3,9,0,18,0,0,0,0,0,0,2,1,6,2,66,10,1360,1,9,8,1,8
2016320395940,1,9,0,16,0,0,1,0,1,11,1,1,6,1,37,7,1997,2,14,9,1,9
2016320395984,1,9,0,18,0,0,0,0,7,4,1,1,6,1,81,11,1399,2,10,-1,-1,-1
2016320395984,2,21,0,18,0,0,0,0,0,0,2,1,1,1,55,8,6870,2,3,1,1,1
2016320396042,1,9,0,18,0,0,2,0,0,0,1,1,6,2,60,9,1753,2,9,-1,-1,-1
2016320396327,1,9,0,18,0,1,0,0,0,0,3,1,3,2,73,10,1956,2,1,7,1,7
2016320396340,1,9,0,18,0,0,1,0,7,3,1,1,6,2,25,5,1229,1,7,3,3,3
2016320396365,1,9,0,17,0,0,1,0,7,3,1,1,6,2,49,8,1896,2,13,4,3,4
2016320396466,1,5,0,18,0,1,1,0,0,0,4,1,1,2,31,6,1312,1,10,6,1,6
2016320396512,1,9,0,10,0,8,0,0,0,0,1,1,6,1,32,6,1968,2,10,8,1,8
2016320396512,2,9,0,18,0,1,0,0,0,0,1,1,6,1,41,7,-1,-1,-1,4,2,4
2016320396614,1,9,0,9,0,6,0,0,0,0,3,1,6,2,79,11,1386,1,6,9,2,9
2016320396614,2,9,0,18,0,1,0,0,0,0,1,1,6,1,21,5,1229,1,5,4,2,4
2016320396714,1,9,0,18,0,6,0,0,0,0,1,1,1,1,56,9,1896,2,13,2,2,2
2016320396714,2,9,0,9,0,5,0,0,0,0,1,1,1,1,62,9,1587,1,10,6,3,6
2016320396763,1,9,0,18,0,0,0,0,0,0,3,1,1,2,51,8,-1,-1,-1,6,3,6
2016320396763,2,9,0,18,0,0,0,0,0,0,4,1,6,3,-1,-1,-1,-1,-1,-1,-1,-1
2016320396870,1,9,0,17,0,0,1,0,1,11,1,1,2,1,54,8,1124,1,7,5,3,5
2016320397897,1,2,0,7,0,6,5,10,3,0,1,1,6,1,16,4,49,1,9,7,3,7
2016320397915,1,9,0,18,0,0,5,0,1,9,4,1,6,1,44,7,1364,1,1,10,3,10
2016320398673,1,9,0,17,0,0,2,0,7,0,0,1,6,1,31,6,1124,1,18,5,3,5
2016320398711,1,9,0,18,0,0,1,0,7,9,1,1,6,1,46,8,2457,1,15,-1,-1,-1