Accident_Index,Vehicle_Reference,Vehicle_Type,Towing_and_Articulation,Vehicle_Manoeuvre,Vehicle_Location-Restricted_Lane,Junction_Location,Skidding_and_Overturning,Hit_Object_in_Carriageway,Vehicle_Leaving_Carriageway,Hit_Object_off_Carriageway,1st_Point_of_Impact,Was_Vehicle_Left_Hand_Drive?,Journey_Purpose_of_Driver,Sex_of_Driver,Age_of_Driver,Age_Band_of_Driver,Engine_Capacity_(CC),Propulsion_Code,Age_of_Vehicle,Driver_IMD_Decile,Driver_Home_Area_Type,Vehicle_IMD_Decile
2016331600008,1,9,0,18,0,0,0,0,0,0,1,1,1,1,22,5,1686,2,4,8,2,8
2016331600008,2,19,0,18,0,0,0,0,0,0,1,1,6,2,47,8,2461,2,16,4,1,4
2016331600009,1,9,0,14,0,2,0,0,0,0,4,1,6,1,28,6,1364,1,9,5,1,5
2016331600009,2,11,0,3,0,2,0,0,0,0,0,1,1,3,-1,-1,-1,-1,-1,-1,-1,-1
2016331600010,1,11,0,5,0,0,0,0,0,0,1,1,1,1,-1,-1,-1,-1,-1,-1,-1,-1
2016331600011,1,9,0,3,0,4,0,0,0,0,2,1,1,2,37,7,1242,1,6,10,2,10
2016331600011,2,9,0,5,0,4,0,0,0,0,1,1,6,1,45,7,1968,2,1,-1,-1,-1
2016331600012,1,9,0,18,0,8,0,10,1,10,1,1,6,1,19,4,-1,-1,-1,7,1,7
2016331600013,1,9,0,18,0,0,0,0,0,0,4,1,6,3,35,6,-1,-1,-1,-1,-1,-1
2016331600013,2,1,0,5,0,0,0,0,0,0,1,1,4,2,11,3,-1,-1,-1,2,1,2
2016331600014,1,9,0,3,0,1,0,0,0,0,2,1,6,2,30,6,-1,-1,-1,6,3,6
2016331600014,2,9,0,5,0,1,0,0,0,0,1,1,6,1,35,6,1753,2,10,7,1,7
2016331600014,3,9,0,3,0,1,0,0,0,0,0,1,6,3,-1,-1,-1,-1,-1,-1,-1,-1
2016331600015,1,9,0,18,0,1,0,0,0,0,1,1,6,2,22,5,1242,1,8,6,1,6
2016331600015,2,9,0,3,0,1,0,0,0,0,2,1,6,2,55,8,-1,-1,-1,9,1,9
2016331600015,3,9,0,3,0,1,0,0,0,0,2,1,6,2,59,9,1998,1,11,8,1,8
2016331600017,1,9,0,7,0,5,0,10,1,0,4,1,6,3,-1,-1,-1,-1,-1,-1,-1,-1
2016331600017,2,1,0,18,9,8,0,0,0,0,1,1,6,1,41,7,-1,-1,-1,1,1,1
2016331600018,1,9,0,18,0,0,0,0,0,0,2,1,6,1,46,8,-1,-1,-1,10,1,10
2016331600018,2,9,0,18,0,0,1,0,0,0,1,1,6,1,20,4,999,1,3,9,3,9
2016331600019,1,9,0,6,0,2,0,0,0,0,3,1,6,1,80,11,2204,2,6,7,1,7
2016331600019,2,3,0,18,0,1,0,0,0,0,1,1,6,1,25,5,125,1,14,3,1,3
2016331600020,1,9,0,18,0,2,0,0,0,0,4,1,6,3,-1,-1,-1,-1,-1,-1,-1,-1
2016331600021,1,9,0,18,0,6,0,0,0,0,3,1,6,1,33,6,3498,1,1,5,1,5
2016331600021,2,9,0,18,0,8,0,0,6,0,1,1,6,1,34,6,1956,2,1,6,1,6
2016331600021,3,9,0,18,0,1,0,0,0,0,2,1,6,1,54,8,-1,-1,-1,8,1,8
2016331600023,1,9,0,16,0,0,0,0,0,0,1,1,6,2,26,6,1360,1,6,8,2,8
2016331600024,1,9,0,18,0,1,0,0,0,0,3,1,6,1,47,8,1598,1,4,5,1,5
2016331600024,2,9,0,2,0,2,0,0,0,0,0,1,6,3,-1,-1,-1,-1,-1,-1,-1,-1
2016331600025,1,9,0,5,0,8,0,0,0,0,4,1,6,1,17,4,1499,2,2,10,1,10
2016331600025,2,9,0,9,0,8,0,0,0,0,1,1,6,1,31,6,-1,-1,-1,9,3,9
2016331600025,3,9,0,9,0,2,0,0,0,0,0,1,1,3,-1,-1,-1,-1,-1,-1,-1,-1
2016331600026,1,9,0,5,0,0,0,0,0,0,1,1,6,1,62,9,1896,2,11,6,1,6
2016331600026,2,9,0,16,0,0,0,0,0,0,1,1,6,1,22,5,1391,1,17,4,1,4
2016331600027,1,9,0,7,0,5,0,0,0,0,4,1,2,2,61,9,1200,1,13,1,1,1
2016331600027,2,1,0,18,0,8,0,0,0,0,1,1,6,1,24,5,-1,-1,-1,6,1,6
2016331600028,1,9,0,18,0,0,0,0,0,0,3,1,6,1,23,5,1896,2,13,9,3,9
2016331600028,2,9,0,18,0,0,0,0,0,0,1,1,6,3,-1,-1,-1,-1,-1,-1,-1,-1
2016331600029,1,9,0,18,9,2,0,0,7,0,1,1,6,1,15,3,1299,1,17,-1,-1,-1
2016331600030,1,9,0,18,0,0,0,0,6,0,4,1,6,1,39,7,2143,2,1,7,3,7
2016331600030,2,9,0,18,0,0,0,0,0,0,1,1,6,1,37,7,1968,2,9,1,1,1
2016331600031,1,9,0,3,0,1,0,0,0,0,2,1,6,1,49,8,999,1,17,3,2,3
2016331600031,2,9,0,18,0,1,0,0,0,0,1,1,6,2,28,6,1240,1,10,-1,-1,-1
2016331600032,1,9,0,17,0,0,2,0,7,9,1,1,1,2,38,7,998,1,15,-1,-1,-1
2016331600033,1,9,0,18,0,6,1,0,0,0,3,1,6,1,43,7,1968,2,3,3,1,3
2016331600033,2,9,0,18,0,8,1,0,0,0,1,1,6,1,45,7,1968,2,8,-1,-1,-1
2016331600034,1,9,0,17,0,0,1,0,7,9,2,1,6,1,18,4,1197,1,1,10,3,10
2016331600036,1,9,0,16,0,0,2,0,2,0,4,1,6,1,18,4,1995,1,9,9,1,9
2016331600038,1,9,0,18,0,0,0,0,0,0,1,1,2,1,33,6,-1,-1,-1,9,2,9
2016331600038,2,1,0,18,0,0,0,0,0,0,0,1,2,1,35,6,-1,-1,-1,4,1,4
2016331600039,1,9,0,18,0,0,0,0,0,0,1,1,2,2,55,8,1242,1,5,4,1,4
2016331600040,1,9,0,4,2,0,0,0,0,0,2,1,6,1,-1,-1,-1,-1,-1,-1,-1,-1
2016331600040,2,1,0,18,0,0,0,0,0,0,1,1,6,1,41,7,-1,-1,-1,8,1,8
2016331600041,1,1,0,18,0,8,0,0,0,0,2,1,6,1,34,6,-1,-1,-1,5,1,5
2016331600041,2,9,0,18,0,4,0,0,0,0,1,1,6,2,21,5,1242,1,13,10,1,10
2016331600042,1,9,0,18,0,1,0,0,0,0,3,1,1,2,18,4,1360,1,14,7,1,7
2016331600042,2,1,0,18,0,1,0,0,0,0,2,1,1,2,47,8,-1,-1,-1,7,1,7
2016331600043,1,9,0,5,0,1,0,0,0,0,1,1,6,1,55,8,1951,2,10,1,1,1
2016331600045,1,9,0,18,0,4,0,0,0,0,3,1,2,2,47,8,1968,2,3,9,1,9
2016331600045,2,9,0,5,0,8,0,0,0,0,1,1,2,1,53,8,2204,2,6,7,3,7
2016331600046,1,5,0,9,0,8,0,0,0,0,2,1,6,1,52,8,1170,1,2,10,1,10
2016331600046,2,9,0,18,0,4,0,0,0,0,1,1,6,2,-1,-1,1796,1,13,-1,-1,-1
2016331600047,1,9,0,18,0,8,0,0,1,10,1,1,6,1,19,4,1598,2,2,1,1,1
2016331600047,2,9,0,18,0,6,0,0,7,2,1,1,6,1,-1,-1,2799,1,16,-1,-1,-1
2016331600048,1,9,0,7,0,6,0,0,0,0,3,1,2,1,50,8,1364,1,6,10,1,10
2016331600048,2,1,0,18,0,8,0,0,0,0,4,1,2,1,48,8,-1,-1,-1,3,1,3
2016331600049,1,9,0,4,0,1,0,0,0,0,2,1,3,1,25,5,1896,2,9,3,1,3
2016331600049,2,9,0,4,0,1,0,0,0,0,2,1,2,2,37,7,1995,2,6,8,1,8
2016331600049,3,19,0,4,0,1,1,0,0,0,1,1,1,1,54,8,-1,-1,-1,7,3,7
2016331600050,1,8,0,18,0,0,0,0,0,0,1,1,1,1,42,7,1997,2,11,5,1,5
2016331600051,1,9,0,18,0,1,5,4,0,0,3,1,6,2,40,7,1240,1,11,6,1,6
2016331600051,2,9,0,18,0,2,0,0,0,0,3,1,6,3,35,6,1988,2,11,6,1,6
2016331600051,3,9,0,2,0,1,0,0,0,0,3,1,6,3,-1,-1,-1,-1,-1,4,1,4
2016331600052,1,9,0,4,0,3,1,0,1,4,1,1,6,2,23,5,1598,1,15,1,1,1
2016331600053,1,9,0,18,0,8,0,0,3,11,1,1,6,1,27,6,1360,1,6,8,1,8
2016331600054,1,9,0,18,0,0,0,8,0,0,4,1,6,2,52,8,1149,1,9,9,1,9
2016331600054,2,19,0,2,0,0,0,0,0,0,3,1,6,1,46,8,1753,2,10,10,1,10
2016331600055,1,9,0,18,0,0,0,0,0,0,1,1,6,1,53,8,1596,1,1,8,2,8
2016331600055,2,9,0,18,0,0,0,0,0,0,1,1,6,1,45,7,-1,-1,-1,8,2,8
2016331600055,3,9,0,18,0,0,1,0,1,0,3,1,6,1,69,10,2143,2,2,8,1,8
2016331600056,1,9,0,4,0,1,0,0,0,0,1,1,2,1,-1,-1,1968,2,5,-1,-1,-1
2016331600056,2,9,0,8,0,1,0,0,0,0,2,1,3,2,31,6,1997,2,8,6,3,6
2016331600057,1,9,0,18,0,8,0,0,0,0,4,1,6,2,40,7,1998,1,13,10,1,10
2016331600057,2,9,0,7,0,6,0,0,1,0,1,1,6,2,66,10,1339,1,9,7,1,7
2016331600059,1,9,0,7,0,5,0,0,0,0,1,1,2,1,25,5,2993,2,3,8,2,8
2016331600059,2,1,0,18,0,8,0,0,0,0,1,1,6,1,23,5,-1,-1,-1,2,1,2
2016331600061,1,19,0,3,0,1,0,0,0,0,2,1,1,1,26,6,-1,-1,-1,7,1,7
2016331600061,2,9,0,5,0,1,0,0,0,0,1,1,6,1,48,8,1956,2,4,2,1,2
2016331600062,1,9,0,9,0,6,0,0,0,0,3,1,1,2,60,9,1240,1,12,6,1,6
2016331600062,2,3,0,17,0,8,0,0,0,0,1,1,1,1,17,4,114,1,2,3,1,3
2016331600063,1,9,0,18,0,0,0,0,0,0,1,1,6,2,45,7,1997,2,14,10,1,10
2016331600064,1,9,0,16,0,0,0,0,0,0,1,1,6,2,21,5,-1,-1,-1,10,1,10
2016331600064,2,11,0,17,0,0,0,0,0,0,1,1,1,1,57,9,-1,2,13,6,1,6
2016331600065,1,9,0,11,0,5,0,0,0,0,2,1,6,1,55,8,-1,-1,-1,10,2,10
2016331600065,2,9,0,18,0,8,0,0,0,0,1,1,6,2,31,6,1995,2,4,8,2,8
2016331600066,1,9,0,9,0,6,0,0,0,0,3,1,6,1,29,6,1796,1,17,6,1,6
2016331600066,2,9,0,4,0,8,1,0,1,1,1,1,6,1,21,5,998,1,10,9,1,9
2016331600067,1,9,0,16,0,8,0,0,0,0,1,1,6,1,18,4,1400,1,16,7,3,7
2016331600067,2,19,0,7,0,5,0,0,0,0,3,1,1,2,53,8,1560,2,1,4,1,4
2016331600068,1,9,0,9,0,5,0,0,0,0,1,1,6,1,22,5,1598,2,4,8,3,8
2016331600068,2,1,0,18,0,8,0,0,0,0,3,1,6,2,29,6,-1,-1,-1,-1,-1,-1
2016331600069,1,9,0,17,0,0,2,0,2,4,1,1,6,1,23,5,1598,1,10,6,1,6
2016331600070,1,1,0,18,0,8,0,0,0,0,3,1,2,1,24,5,-1,-1,-1,-1,-1,-1
2016331600070,2,9,0,7,0,6,0,0,0,0,1,1,1,1,-1,-1,-1,-1,-1,-1,-1,-1
2016331600071,1,9,0,18,0,0,0,0,0,0,4,1,6,1,-1,-1,1600,2,6,-1,-1,-1
2016331600071,2,16,0,18,0,0,0,0,0,0,3,1,6,2,55,8,-1,-1,-1,-1,-1,-1
2016331600072,1,9,0,13,0,0,2,0,1,9,1,1,6,1,39,7,1968,2,8,9,1,9
2016331600072,2,9,0,18,0,0,0,0,0,0,1,1,6,2,33,6,1598,1,13,7,1,7
2016331600073,1,19,0,9,0,5,0,0,0,0,4,1,6,1,40,7,2198,2,1,9,1,9
2016331600073,2,1,0,18,0,8,0,0,0,0,1,1,6,1,26,6,-1,-1,-1,2,1,2
2016331600074,1,9,0,18,0,0,0,0,0,0,1,1,2,1,20,4,1995,1,11,-1,1,-1
2016331600074,2,8,0,4,0,0,0,0,0,0,2,1,1,1,49,8,-1,-1,-1,7,1,7
2016331600074,3,9,0,4,0,0,0,0,0,0,2,1,1,1,54,8,-1,-1,-1,8,3,8
2016331600074,4,19,0,4,0,0,0,0,0,0,2,1,1,3,52,8,2488,2,1,7,3,7
2016331600075,1,10,0,4,0,0,0,0,0,0,2,1,1,1,52,8,-1,-1,-1,3,1,3
2016331600075,2,11,0,18,0,0,1,0,0,0,1,1,3,1,47,8,-1,2,23,2,1,2
2016331600076,1,9,0,18,0,0,0,0,0,0,1,1,6,1,17,4,1117,1,35,10,2,10
2016331600076,2,9,0,18,0,0,0,0,0,0,3,1,6,2,51,8,1595,1,15,9,3,9
2016331600076,3,9,0,2,0,0,0,0,0,0,4,1,6,3,37,7,1968,2,5,9,3,9
2016331600077,1,9,0,18,0,1,0,0,0,0,1,1,6,1,30,6,2199,2,6,-1,-1,-1
2016331600077,2,9,0,4,0,1,0,0,0,0,2,1,6,2,68,10,1587,1,11,6,1,6
2016331600079,1,9,0,9,0,3,0,0,0,0,3,1,6,1,35,6,-1,-1,-1,-1,-1,-1
2016331600079,2,9,0,18,0,8,0,0,0,0,1,1,1,1,64,9,-1,-1,-1,-1,-1,-1
2016331600080,1,9,0,14,0,0,0,0,0,0,4,1,6,3,-1,-1,2698,2,8,4,1,4
2016331600081,1,21,1,16,0,7,5,0,0,0,3,1,1,1,38,7,10677,2,1,8,1,8
2016331600082,1,9,0,9,0,6,5,7,0,0,3,1,6,2,43,7,1968,2,8,2,1,2
2016331600083,1,8,0,18,2,0,0,0,0,0,1,1,6,1,59,9,2402,2,10,8,1,8
2016331600084,1,9,0,18,0,8,0,0,0,0,1,1,2,2,61,9,1299,1,16,7,2,7
2016331600084,2,9,0,9,0,5,0,0,0,0,1,1,1,3,43,7,1968,2,1,2,1,2
2016331600085,1,9,0,5,0,1,0,0,0,0,1,1,6,1,63,9,1360,1,16,3,1,3
2016331600085,2,4,0,5,0,1,0,0,0,0,2,1,6,1,57,9,85,1,19,1,1,1
2016331600086,1,9,0,10,0,1,0,0,0,0,2,1,2,2,48,8,1783,1,13,4,1,4
2016331600086,2,9,0,18,0,1,0,0,0,0,1,1,2,2,20,4,1199,2,5,-1,-1,-1
2016331600087,1,9,0,18,0,0,1,0,0,0,1,1,6,1,84,11,1998,1,17,7,1,7
2016331600087,2,9,0,18,0,0,0,0,0,0,1,1,6,2,60,9,2987,2,9,-1,-1,-1
2016331600087,3,9,0,18,0,0,0,0,0,0,3,1,1,1,52,8,-1,-1,-1,4,1,4
2016331600088,1,9,0,4,0,8,0,0,4,0,2,1,2,1,49,8,1991,1,16,5,2,5
2016331600088,2,21,1,4,0,8,0,0,0,0,1,2,1,1,39,7,12900,2,5,-1,-1,-1
2016331600089,1,9,0,18,0,6,0,7,0,0,3,1,1,1,29,6,1753,2,14,2,1,2
2016331600089,2,3,0,18,0,8,0,0,0,0,1,1,1,1,22,5,124,1,9,1,1,1
2016331600090,1,9,0,9,0,6,0,0,0,0,1,1,2,2,46,8,1598,1,11,2,1,2
2016331600090,2,9,0,18,0,8,0,0,0,0,1,1,6,2,43,7,1388,1,12,8,1,8
2016331600091,1,9,0,17,0,0,0,0,0,0,4,1,2,1,52,8,-1,-1,-1,-1,-1,-1
2016331600091,2,90,0,16,0,0,1,0,0,0,1,1,2,1,43,7,-1,-1,-1,8,3,8
2016331600092,1,9,0,18,0,8,0,0,0,0,1,1,1,1,65,9,1591,1,3,4,1,4
2016331600092,2,1,0,18,0,6,0,0,0,0,1,1,1,1,-1,-1,-1,-1,-1,4,1,4
2016331600093,1,9,0,3,0,1,0,0,0,0,2,1,6,2,65,9,973,1,15,7,1,7
2016331600093,2,9,0,18,0,1,0,0,0,0,1,1,6,1,89,11,-1,-1,-1,7,1,7
2016331600094,1,9,0,5,0,8,0,0,0,0,1,1,6,1,55,8,1229,1,6,9,2,9
2016331600094,2,9,0,5,0,6,0,0,0,0,1,1,6,1,25,5,1299,1,15,-1,-1,-1
2016331600094,3,9,0,5,0,6,0,0,0,0,1,1,2,2,45,7,1598,2,3,5,1,5
2016331600096,1,9,0,16,0,0,0,0,0,0,1,1,6,1,33,6,2967,2,8,3,1,3
2016331600096,2,9,0,17,0,0,0,0,1,0,1,1,6,1,31,6,1598,1,7,7,3,7
2016331600097,1,9,0,18,0,0,5,0,1,1,1,1,2,2,22,5,1149,1,12,3,1,3
2016331600098,1,97,0,18,0,0,0,0,0,0,1,1,6,3,-1,-1,-1,-1,-1,-1,-1,-1
2016331600099,1,9,0,9,0,5,0,0,0,0,3,1,6,2,38,7,-1,-1,-1,8,3,8
2016331600099,2,9,0,13,0,8,0,0,0,0,1,1,6,1,47,8,1910,2,10,2,1,2
2016331600100,1,9,0,11,0,0,0,0,0,0,4,1,2,1,47,8,-1,-1,-1,9,1,9
2016331600100,2,9,0,12,0,0,0,0,0,0,3,1,1,1,-1,-1,-1,-1,-1,-1,-1,-1
2016331600101,1,9,0,4,0,0,0,0,0,0,1,1,6,1,25,5,1685,2,1,8,1,8
2016331600101,2,9,0,4,0,0,0,0,0,0,2,1,6,1,49,8,954,1,23,4,1,4
2016331600102,1,9,0,18,0,4,0,0,0,0,1,1,6,2,20,4,998,1,8,7,1,7
2016331600102,2,9,0,18,0,3,0,0,0,0,1,1,6,2,56,9,2830,2,21,8,2,8
2016331600103,1,9,0,18,0,6,0,10,3,11,1,1,6,2,78,11,1994,1,12,5,3,5
2016331600103,2,9,0,18,0,8,0,0,0,0,3,1,6,2,62,9,1753,2,11,5,3,5
2016331600104,1,20,1,18,0,1,0,0,0,0,1,1,1,1,55,8,10518,2,2,3,1,3
2016331600104,2,9,0,10,0,1,0,0,0,0,2,1,6,2,45,7,1598,1,11,-1,-1,-1
2016331600105,1,9,0,5,0,2,0,0,0,0,2,1,6,1,43,7,1587,1,14,6,1,6
2016331600105,2,9,0,5,0,2,0,0,0,0,1,1,6,2,35,6,1395,1,1,-1,-1,-1
2016331600106,1,4,0,18,0,8,0,0,0,0,1,1,6,1,68,10,499,1,6,3,1,3
2016331600106,2,9,0,10,0,8,0,0,0,0,2,1,6,2,21,5,1364,1,9,8,1,8
2016331600106,3,9,0,18,0,8,0,0,0,0,1,1,6,2,30,6,1896,2,13,-1,-1,-1
2016331600107,1,9,0,18,0,1,0,0,0,0,1,1,1,1,33,6,1200,1,1,1,1,1
2016331600108,1,9,0,9,0,6,0,0,0,0,3,1,6,1,54,8,1997,2,11,-1,-1,-1
2016331600108,2,9,0,17,0,8,0,0,0,0,1,1,6,2,20,4,1896,2,18,7,1,7
2016331600109,1,9,0,10,0,1,0,0,0,0,2,1,6,2,44,7,1995,2,5,5,1,5
2016331600109,2,9,0,18,0,1,0,0,0,0,1,1,6,1,30,6,1910,2,9,10,1,10
2016331600110,1,9,0,9,0,5,0,0,0,0,4,1,2,1,51,8,-1,-1,-1,1,1,1
2016331600110,2,3,0,18,0,8,0,0,0,0,1,1,6,2,19,4,-1,-1,-1,3,1,3
2016331600111,1,9,0,18,0,0,0,0,0,0,1,1,2,2,41,7,1997,2,8,10,3,10
2016331600112,1,19,0,18,0,0,0,0,1,0,0,1,1,1,43,7,2143,2,3,4,1,4
2016331600112,2,97,0,13,0,0,0,0,0,0,0,1,6,3,-1,-1,-1,-1,-1,-1,-1,-1
2016331600113,1,9,0,5,0,8,0,0,0,0,2,1,6,1,43,7,1595,1,8,10,2,10
2016331600113,2,5,0,18,0,8,1,0,0,0,1,1,6,1,25,5,600,1,13,2,1,2
2016331600114,1,9,0,3,0,1,0,0,0,0,2,1,1,2,32,6,1242,1,2,-1,-1,-1
2016331600114,2,9,0,18,0,1,0,0,0,0,1,1,2,1,-1,-1,1560,2,3,-1,-1,-1
2016331600117,1,3,0,4,0,0,1,0,0,0,0,1,6,1,20,4,124,1,7,3,1,3
2016331600118,1,9,0,16,0,0,0,0,7,11,1,1,6,1,62,9,-1,-1,-1,-1,-1,-1
2016331600119,1,9,0,16,0,0,0,0,7,9,4,1,6,2,25,5,973,1,15,8,2,8
2016331600121,1,5,0,18,0,0,0,0,0,0,1,1,6,1,27,6,647,1,18,10,2,10
2016331600122,1,98,0,11,0,1,0,0,0,0,1,2,1,1,39,7,-1,-1,-1,-1,-1,-1
2016331600122,2,9,0,18,0,1,1,0,1,0,0,1,6,1,48,8,1956,2,2,10,1,10
2016331600124,1,9,0,11,0,0,1,0,2,7,1,1,2,1,31,6,1587,1,14,6,1,6
2016331600124,2,9,0,2,0,0,0,0,0,0,2,1,2,1,53,8,1591,1,8,9,3,9
2016331600125,1,9,0,9,0,5,0,0,0,0,2,1,6,1,54,8,1598,1,10,7,1,7
2016331600125,2,9,0,18,0,8,0,0,0,0,1,1,6,1,25,5,1956,2,6,-1,-1,-1
2016331600126,1,19,0,18,0,0,2,0,0,0,3,1,1,2,28,6,-1,-1,-1,9,3,9
2016331600127,1,9,0,18,0,0,0,0,0,0,4,1,1,1,55,8,1797,8,5,8,1,8
2016331600127,2,9,0,5,0,0,0,0,0,0,3,1,6,3,-1,-1,1598,1,11,-1,-1,-1
2016331600128,1,9,0,18,0,0,0,0,0,0,1,1,1,3,-1,-1,-1,-1,-1,-1,-1,-1
2016331600129,1,9,0,18,0,0,0,0,0,0,1,1,1,1,30,6,-1,-1,-1,3,1,3
2016331600130,1,9,0,18,0,8,0,0,7,9,1,1,6,1,68,10,1968,2,1,7,1,7
2016331600130,2,9,0,7,0,6,0,0,7,9,1,1,6,1,33,6,796,1,15,2,1,2
2016331600131,1,9,0,18,0,0,0,0,0,0,1,2,3,3,46,8,-1,-1,-1,4,1,4
2016331600132,1,9,0,4,0,1,0,0,0,0,1,1,6,2,33,6,1598,2,2,9,2,9
2016331600132,2,9,0,9,0,5,0,10,0,0,3,1,1,3,36,7,2987,2,5,9,3,9
2016331600133,1,9,0,9,0,6,0,0,0,0,1,1,6,1,64,9,1360,1,6,3,1,3
2016331600133,2,9,0,18,0,8,0,0,0,0,3,1,1,1,55,8,1968,2,5,6,1,6
2016331600133,3,9,0,18,0,1,0,0,0,0,3,1,1,1,55,8,1998,2,13,10,1,10
2016331600134,1,9,0,3,0,8,0,0,0,0,2,1,6,1,40,7,1997,2,8,10,1,10
2016331600134,2,9,0,18,0,8,0,0,0,0,1,1,6,3,40,7,2926,2,12,7,3,7
2016331600135,1,9,0,18,0,0,0,12,0,0,1,1,1,2,50,8,1896,2,11,8,2,8
2016331600136,1,9,0,2,0,2,0,0,0,0,3,1,6,1,55,8,1587,1,18,5,1,5
2016331600136,2,1,0,18,0,2,0,0,0,0,1,1,6,1,16,4,-1,-1,-1,-1,-1,-1
2016331600137,1,8,0,4,0,0,0,0,0,0,1,1,1,1,38,7,2143,2,3,6,1,6
2016331600137,2,9,0,2,0,0,0,0,0,0,0,1,6,3,-1,-1,-1,-1,-1,-1,-1,-1
2016331600138,1,3,0,18,0,8,1,0,0,0,4,1,6,1,57,9,-1,-1,-1,6,1,6
2016331600139,1,9,0,18,6,0,2,4,1,1,1,1,6,1,33,6,2324,1,14,8,3,8
2016331600139,2,21,0,2,6,0,0,0,0,0,2,1,6,1,27,6,12777,2,8,1,1,1
2016331600140,1,9,0,18,0,0,0,0,7,4,0,1,1,1,74,10,-1,-1,-1,10,1,10
2016331600141,1,9,0,18,0,8,0,0,0,0,1,1,2,1,45,7,998,1,14,1,1,1
2016331600141,2,9,0,5,0,8,0,0,0,0,4,1,6,2,39,7,1388,1,12,3,1,3
2016331600142,1,9,0,9,0,5,0,0,0,0,1,1,2,2,54,8,998,1,3,5,3,5
2016331600142,2,9,0,18,0,8,0,0,0,0,1,1,2,1,19,4,1390,1,12,-1,-1,-1
2016331600143,1,9,0,6,0,8,0,0,0,0,3,1,1,1,49,8,-1,-1,-1,-1,-1,-1
2016331600143,2,19,0,18,0,8,1,0,0,0,1,1,1,1,27,6,2460,2,11,1,1,1
2016331600144,1,9,0,5,0,6,0,0,0,0,1,1,2,1,36,7,1242,1,2,5,1,5
2016331600144,2,9,0,5,0,8,0,0,0,0,1,1,6,1,59,9,1246,1,10,5,1,5
2016331600144,3,9,0,5,0,6,0,0,0,0,3,1,2,2,64,9,1798,8,3,3,1,3
2016331600145,1,9,0,18,0,0,0,0,0,0,1,1,6,1,26,6,1242,1,12,9,1,9
2016331600146,1,4,0,18,0,0,0,0,1,0,4,1,6,1,32,6,125,1,1,7,1,7
2016331600147,1,9,0,2,0,0,0,0,0,0,1,1,6,1,23,5,-1,-1,-1,1,1,1
2016331600147,2,9,0,18,0,0,0,0,0,0,1,1,6,1,40,7,1598,1,15,8,2,8
2016331600148,1,21,0,4,0,1,0,0,0,0,1,1,1,1,45,7,8970,2,15,5,1,5
2016331600148,2,9,0,3,0,1,0,0,0,0,2,1,6,1,22,5,1598,1,10,4,1,4
2016331600149,1,9,0,4,0,0,0,0,0,0,2,1,2,1,44,7,1796,1,12,3,1,3
2016331600149,2,8,0,18,0,0,1,0,0,0,1,1,1,1,35,6,-1,-1,-1,4,1,4
2016331600149,3,8,0,18,0,0,1,0,1,0,3,1,1,1,37,7,-1,-1,-1,-1,-1,-1
2016331600149,4,9,0,18,0,0,1,0,1,0,3,1,6,1,28,6,1149,1,9,-1,-1,-1
2016331600150,1,9,0,18,0,8,0,0,0,0,1,1,6,1,52,8,1598,1,13,6,1,6
2016331600150,2,19,0,18,0,8,0,0,0,0,3,1,1,3,18,4,2198,2,3,3,1,3
2016331600151,1,9,0,14,0,1,0,0,0,0,4,1,6,1,37,7,1399,2,6,3,1,3
2016331600152,1,8,0,9,0,6,0,0,0,0,1,1,6,1,55,8,-1,-1,-1,1,1,1
2016331600152,2,9,0,18,0,8,0,0,0,0,3,1,6,1,55,8,2143,2,2,4,1,4
2016331600153,1,9,0,18,0,0,0,0,2,4,1,1,6,1,20,4,1905,2,17,5,3,5
2016331600154,1,9,0,18,0,4,0,0,0,0,3,1,6,2,31,6,1997,1,9,2,1,2
2016331600154,2,9,0,18,0,4,0,0,0,0,4,1,2,1,52,8,1560,2,2,2,1,2
2016331600155,1,9,0,4,0,1,0,0,0,0,2,1,6,1,35,6,1586,1,4,8,1,8
2016331600155,2,21,0,4,0,1,0,0,0,0,4,1,1,1,41,7,12900,2,9,1,1,1
2016331600156,1,9,0,17,0,2,5,0,1,9,1,1,2,1,24,5,1341,1,11,1,1,1
2016331600157,1,20,0,18,0,8,0,0,0,0,1,1,1,3,40,7,-1,-1,-1,-1,-1,-1
2016331600157,2,9,0,10,0,8,0,0,0,0,2,1,3,1,40,7,1896,2,12,9,2,9
2016331600158,1,9,0,18,0,0,0,0,0,0,1,1,6,2,39,7,-1,-1,-1,4,1,4
2016331600159,1,21,1,12,0,0,0,0,0,0,0,1,1,1,32,6,7146,2,4,-1,-1,-1
2016331600159,2,19,0,13,0,0,2,4,0,0,4,1,1,1,34,6,1868,2,13,1,1,1
2016331600159,3,21,1,2,0,0,0,0,0,0,3,1,1,1,54,8,-1,-1,-1,6,1,6
2016331600160,1,9,0,5,0,1,0,0,0,0,2,1,1,2,48,8,1560,2,3,4,1,4
2016331600160,2,9,0,5,0,1,0,0,0,0,1,1,6,1,-1,-1,-1,-1,-1,-1,-1,-1
2016331600161,1,9,0,18,0,2,0,0,0,0,1,1,6,2,38,7,1596,1,16,-1,-1,-1
2016331600161,2,9,0,3,0,1,0,0,0,0,1,1,2,1,45,7,-1,-1,-1,-1,-1,-1
2016331600162,1,9,0,9,0,5,0,0,0,0,1,1,1,1,54,8,1497,1,15,3,1,3