Accident_Index,Vehicle_Reference,Vehicle_Type,Towing_and_Articulation,Vehicle_Manoeuvre,Vehicle_Location-Restricted_Lane,Junction_Location,Skidding_and_Overturning,Hit_Object_in_Carriageway,Vehicle_Leaving_Carriageway,Hit_Object_off_Carriageway,1st_Point_of_Impact,Was_Vehicle_Left_Hand_Drive?,Journey_Purpose_of_Driver,Sex_of_Driver,Age_of_Driver,Age_Band_of_Driver,Engine_Capacity_(CC),Propulsion_Code,Age_of_Vehicle,Driver_IMD_Decile,Driver_Home_Area_Type,Vehicle_IMD_Decile
2016331600307,2,9,0,16,0,2,0,0,0,0,2,1,2,1,54,8,2967,2,5,-1,2,-1
2016331600308,1,9,0,4,0,0,1,0,0,0,1,1,2,1,61,9,1968,2,3,-1,-1,-1
2016331600308,2,9,0,3,0,0,0,0,0,0,2,1,6,1,60,9,999,1,-1,10,1,10
2016331600308,3,9,0,3,0,0,0,0,0,0,2,1,6,2,20,4,2143,2,5,6,2,6
2016331600309,1,20,0,16,0,8,0,0,0,0,1,1,1,1,53,8,3920,2,9,-1,-1,-1
2016331600309,2,9,0,10,0,8,0,0,0,0,2,1,6,1,49,8,1328,1,12,4,1,4
2016331600310,1,19,0,18,0,8,0,0,0,0,1,1,1,1,-1,-1,-1,-1,-1,6,1,6
2016331600311,1,9,0,4,0,1,0,0,0,0,1,1,6,1,43,7,2143,2,1,6,1,6
2016331600311,2,9,0,3,0,1,0,0,0,0,2,1,6,1,42,7,1560,2,6,6,1,6
2016331600312,1,19,0,18,0,0,0,0,0,0,1,1,1,1,63,9,-1,-1,-1,3,1,3
2016331600312,2,9,0,4,0,0,0,0,1,1,2,1,6,1,47,8,-1,-1,-1,9,1,9
2016331600313,1,9,0,1,0,1,0,0,0,0,2,1,6,1,-1,-1,1598,1,10,-1,-1,-1
2016331600314,1,9,0,16,0,0,1,0,4,6,1,1,6,1,82,11,1998,2,12,8,2,8
2016331600314,2,9,0,2,0,0,0,0,1,0,2,1,6,3,49,8,2198,2,3,9,1,9
2016331600314,3,9,0,16,0,0,1,0,0,0,1,1,6,1,56,9,-1,-1,-1,9,2,9
2016331600314,4,9,0,16,0,0,1,0,0,0,1,1,6,1,54,8,1956,2,2,8,1,8
2016331600315,1,9,0,4,0,0,0,0,0,0,2,1,6,2,55,8,2987,2,10,6,1,6
2016331600315,2,9,0,18,0,0,0,0,0,0,1,1,6,1,19,4,1986,2,11,6,1,6
2016331600316,1,9,0,3,0,2,0,0,0,0,2,1,6,1,38,7,1598,1,11,4,1,4
2016331600316,2,9,0,18,0,2,0,0,0,0,1,1,6,1,-1,-1,2000,1,16,-1,-1,-1
2016331600317,1,9,0,16,0,0,0,0,7,7,1,1,1,1,24,5,1600,1,16,3,1,3
2016331600317,2,9,0,17,0,0,0,0,0,0,1,1,6,1,33,6,1910,2,10,4,1,4
2016331600318,1,16,0,3,0,0,0,0,1,0,0,1,6,2,53,8,-1,-1,-1,8,1,8
2016331600318,2,16,0,3,0,0,0,0,1,0,0,1,6,2,52,8,-1,-1,-1,7,3,7
2016331600318,3,17,2,14,0,0,0,0,0,0,0,1,2,1,70,10,-1,-1,-1,-1,-1,-1
2016331600318,4,16,0,3,0,0,0,0,0,0,0,1,6,3,-1,-1,-1,-1,-1,-1,-1,-1
2016331600318,5,16,0,3,0,0,0,0,0,0,0,1,6,3,-1,-1,-1,-1,-1,-1,-1,-1
2016331600319,1,19,0,9,0,8,0,0,4,10,1,1,6,3,-1,-1,1560,2,4,-1,-1,-1
2016331600319,2,9,0,18,0,8,0,0,0,0,1,1,6,1,27,6,1598,1,11,5,1,5
2016331600320,1,1,0,18,0,8,0,0,0,0,4,1,6,1,46,8,-1,-1,-1,9,3,9
2016331600320,2,9,0,18,0,8,0,0,0,0,4,1,6,2,45,7,-1,-1,-1,2,1,2
2016331600321,1,9,0,17,0,0,1,0,1,4,1,1,6,2,62,9,1298,1,13,4,1,4
2016331600322,1,9,0,18,0,0,0,0,0,0,1,1,6,2,48,8,-1,-1,-1,5,1,5
2016331600322,2,9,0,4,0,0,1,0,0,0,1,1,6,2,30,6,1328,1,9,5,1,5
2016331600322,3,1,0,18,0,0,0,0,0,0,0,1,6,1,35,6,-1,-1,-1,8,3,8
2016331600324,1,9,0,16,0,2,0,0,0,0,1,1,6,1,65,9,1896,2,12,7,1,7
2016331600326,1,9,0,9,0,5,0,0,0,0,1,1,6,1,82,11,1997,1,8,8,3,8
2016331600326,2,8,0,18,0,8,0,0,0,0,0,1,1,1,40,7,1598,1,3,2,1,2
2016331600327,1,8,0,18,0,1,0,0,0,0,1,1,1,1,38,7,1968,2,11,3,1,3
2016331600327,2,9,0,3,0,1,0,0,0,0,0,1,6,3,-1,-1,-1,-1,-1,-1,-1,-1
2016331600328,1,9,0,9,0,5,0,0,0,0,4,1,6,1,-1,-1,-1,-1,-1,-1,-1,-1
2016331600329,1,8,0,18,0,3,0,0,0,0,1,1,1,1,46,8,1753,2,7,-1,-1,-1
2016331600330,1,9,0,18,0,8,0,0,0,0,1,1,6,2,35,6,1598,1,11,2,1,2
2016331600330,2,9,0,9,0,5,0,0,0,0,4,1,6,2,43,7,998,1,14,2,1,2
2016331600331,1,9,0,4,0,8,0,0,0,0,1,1,6,1,59,9,1596,1,8,7,1,7
2016331600331,2,9,0,3,0,8,0,0,0,0,2,1,6,1,55,8,1596,1,1,2,1,2
2016331600331,3,9,0,3,0,8,0,0,0,0,2,1,6,2,49,8,1997,2,1,7,2,7
2016331600332,1,2,0,5,0,0,0,0,0,0,1,1,1,1,62,9,124,1,-1,4,1,4
2016331600332,2,9,0,5,0,0,0,0,0,0,1,1,6,1,40,7,1560,2,4,8,1,8
2016331600333,1,1,0,18,4,1,0,0,0,0,4,1,6,1,75,10,-1,-1,-1,8,1,8
2016331600333,2,9,0,7,0,5,0,0,0,0,0,1,6,3,-1,-1,-1,-1,-1,-1,-1,-1
2016331600334,1,9,0,9,0,5,0,0,0,0,1,1,6,2,41,7,1560,2,8,9,2,9
2016331600334,2,9,0,13,0,8,0,0,0,0,1,1,6,1,44,7,-1,-1,-1,7,3,7
2016331600335,1,9,0,17,0,0,1,0,7,0,1,1,6,3,-1,-1,1324,1,17,-1,-1,-1
2016331600335,2,9,0,2,0,0,0,0,0,0,2,1,6,1,29,6,1396,1,3,3,1,3
2016331600335,3,9,0,2,0,0,0,0,0,0,2,1,6,3,-1,-1,1997,1,11,7,1,7
2016331600335,4,9,0,2,0,0,0,0,0,0,2,1,6,3,-1,-1,1390,1,7,-1,-1,-1
2016331600336,1,1,0,18,0,0,0,12,0,0,1,1,6,1,59,9,-1,-1,-1,10,1,10
2016331600336,2,1,0,18,0,0,0,0,0,0,1,1,6,1,21,5,-1,-1,-1,9,2,9
2016331600337,1,9,0,9,0,5,0,0,0,0,4,1,6,1,74,10,1988,2,11,5,1,5
2016331600337,2,3,0,4,0,8,1,0,0,0,1,1,6,1,23,5,124,1,1,1,1,1
2016331600338,1,9,0,18,0,2,0,0,0,0,1,1,6,2,46,8,1199,1,17,1,1,1
2016331600339,1,9,0,1,0,0,0,0,0,0,2,1,6,1,50,8,1364,2,4,1,1,1
2016331600340,1,9,0,18,0,8,0,0,0,0,1,1,6,2,55,8,1598,1,-1,10,2,10
2016331600340,2,9,0,5,0,8,0,0,0,0,1,1,6,1,81,11,1794,1,12,7,2,7
2016331600341,1,9,0,13,0,0,1,10,7,2,1,1,6,1,23,5,1598,1,14,8,2,8
2016331600341,2,9,0,16,0,0,0,0,0,0,0,1,6,3,-1,-1,-1,-1,-1,-1,-1,-1
2016331600342,1,8,0,18,0,8,0,0,0,0,1,1,1,1,35,6,1995,2,10,-1,-1,-1
2016331600342,2,8,0,9,0,5,0,0,0,0,4,1,1,1,39,7,1997,2,7,-1,-1,-1
2016331600343,1,9,0,16,0,1,2,10,1,2,3,1,1,1,38,7,1199,1,13,4,1,4
2016331600344,1,9,0,1,0,8,0,0,0,0,2,1,6,3,35,6,1390,1,8,-1,-1,-1
2016331600345,1,9,0,18,0,0,0,0,0,0,1,1,6,1,30,6,1988,2,10,1,1,1
2016331600345,2,1,0,18,0,0,0,0,0,0,1,1,6,1,20,4,-1,-1,-1,10,1,10
2016331600346,1,9,0,17,0,0,1,0,1,4,1,1,6,2,36,7,1299,1,15,8,3,8
2016331600347,1,9,0,18,0,0,0,0,0,0,1,1,6,2,22,5,1598,1,8,4,1,4
2016331600348,1,1,0,18,0,0,0,8,0,0,4,1,6,1,59,9,-1,-1,-1,4,1,4
2016331600348,2,9,0,2,0,0,0,0,0,0,3,1,6,1,30,6,1422,1,10,3,1,3
2016331600349,1,9,0,5,9,0,0,0,1,0,1,1,6,1,-1,-1,1984,1,10,-1,-1,-1
2016331600349,2,90,0,18,9,0,0,0,0,0,2,1,6,1,12,3,-1,-1,-1,9,1,9
2016331600350,1,19,0,18,0,0,0,10,6,0,1,1,6,1,39,7,1560,2,5,6,1,6
2016331600350,2,9,0,18,0,0,0,0,0,0,1,1,2,2,38,7,1968,2,1,9,2,9
2016331600350,3,9,0,11,0,0,0,0,0,0,3,1,6,2,37,7,1968,2,9,2,1,2
2016331600351,1,9,0,17,0,0,5,10,8,10,1,1,6,2,44,7,1461,2,7,4,1,4
2016331600352,1,9,0,18,0,3,0,0,0,0,2,1,6,2,48,8,1598,1,8,10,2,10
2016331600352,2,9,0,5,0,4,0,0,0,0,1,1,6,2,48,8,1560,2,1,8,1,8
2016331600353,1,9,0,18,0,8,0,0,1,10,1,1,6,1,31,6,1896,2,15,5,1,5
2016331600353,2,9,0,9,0,5,0,0,0,0,1,1,6,2,43,7,1242,1,11,1,1,1
2016331600355,1,9,0,16,0,0,0,0,1,4,1,1,6,2,17,4,1229,1,4,10,2,10
2016331600356,1,9,0,10,0,8,0,0,0,0,2,1,6,1,49,8,1999,1,4,8,3,8
2016331600356,2,19,0,18,0,8,0,0,0,0,1,1,2,1,34,6,2800,2,11,-1,-1,-1
2016331600357,1,9,0,4,0,1,0,0,0,0,1,1,6,1,55,8,1598,2,4,3,1,3
2016331600357,2,9,0,3,0,1,0,0,0,0,2,1,6,1,55,8,-1,-1,-1,-1,-1,-1
2016331600357,3,9,0,3,0,1,0,0,0,0,2,1,6,1,-1,-1,-1,-1,-1,-1,-1,-1
2016331600358,1,9,0,18,0,0,0,0,0,0,4,1,2,2,21,5,1242,1,1,9,1,9
2016331600358,2,1,0,12,0,0,0,0,0,0,3,1,6,1,-1,-1,-1,-1,-1,-1,-1,-1
2016331600359,1,9,0,9,0,6,0,0,0,0,3,1,2,1,22,5,-1,-1,-1,9,1,9
2016331600359,2,9,0,18,0,8,0,0,0,0,1,1,2,1,40,7,-1,-1,-1,-1,-1,-1
2016331600361,1,9,0,18,0,1,0,0,0,0,1,1,6,1,28,6,1994,1,16,6,1,6
2016331600361,2,9,0,4,0,1,0,0,0,0,2,1,6,2,30,6,1598,1,9,8,1,8
2016331600364,1,9,0,9,0,8,0,0,0,0,1,1,6,1,17,4,1398,1,1,10,1,10
2016331600364,2,9,0,17,0,8,0,0,0,0,1,1,6,2,69,10,1248,2,5,8,1,8
2016331600365,1,9,0,17,0,0,1,10,2,4,4,1,2,1,34,6,1598,1,10,-1,-1,-1
2016331600366,1,9,0,18,0,0,0,0,1,11,1,1,6,1,20,4,1399,2,4,8,2,8
2016331600367,1,21,1,12,0,0,0,0,0,0,3,2,1,1,50,8,-1,-1,-1,-1,-1,-1
2016331600367,2,9,0,13,0,0,0,0,1,10,4,1,6,1,30,6,1968,2,1,2,1,2
2016331600368,1,9,0,18,0,1,0,0,0,0,4,1,6,2,42,7,1686,2,1,10,1,10
2016331600369,1,9,0,18,0,0,0,0,0,0,1,1,1,2,51,8,1791,8,4,4,2,4
2016331600369,2,1,0,18,0,0,0,0,0,0,2,1,4,1,14,3,-1,-1,-1,-1,-1,-1
2016331600370,1,19,0,18,0,1,0,0,1,0,1,1,1,1,25,5,1598,2,1,-1,-1,-1
2016331600370,2,8,0,3,0,1,0,0,7,0,2,1,1,1,43,7,1339,8,6,1,1,1
2016331600371,1,9,0,9,0,6,0,0,0,0,3,1,6,1,31,6,1560,2,4,-1,-1,-1
2016331600371,2,9,0,18,0,8,0,0,0,0,1,1,6,1,78,11,1339,1,7,9,1,9
2016331600372,1,19,0,18,0,4,0,0,0,0,1,1,1,3,41,7,1560,2,6,6,1,6
2016331600372,2,9,0,18,0,8,0,0,0,0,4,1,2,1,37,7,1560,2,5,6,1,6
2016331600373,1,9,0,18,0,4,0,0,0,0,1,1,2,1,64,9,1910,2,9,9,3,9
2016331600373,2,9,0,18,0,8,0,0,0,0,4,1,2,1,43,7,1997,2,1,8,2,8
2016331600374,1,9,0,13,0,0,0,0,0,0,1,1,6,2,34,6,998,1,15,3,1,3
2016331600374,2,9,0,18,0,0,0,0,1,4,1,1,6,1,85,11,1951,2,11,10,3,10
2016331600374,3,21,1,18,0,0,0,0,0,0,3,1,1,1,46,8,-1,-1,-1,4,2,4
2016331600375,1,9,0,9,0,5,0,0,0,0,1,1,6,3,25,5,1762,1,17,-1,-1,-1
2016331600375,2,9,0,18,0,8,0,0,0,0,1,1,6,1,31,6,-1,-1,-1,1,1,1
2016331600376,1,9,0,17,0,0,1,0,1,3,1,1,3,2,27,6,1686,2,12,7,3,7
2016331600377,1,9,0,18,0,0,0,0,0,0,1,1,6,1,30,6,1299,1,13,-1,-1,-1
2016331600377,2,1,0,18,0,0,0,0,0,0,3,1,1,1,28,6,-1,-1,-1,-1,-1,-1
2016331600378,1,9,0,18,0,0,1,0,0,0,1,1,6,1,82,11,1991,1,17,8,1,8
2016331600378,2,9,0,4,0,0,0,0,1,7,1,1,6,1,22,5,1598,1,2,5,2,5
2016331600378,3,9,0,4,0,0,0,0,0,0,3,1,6,1,54,8,1968,2,2,7,1,7
2016331600379,1,9,0,16,0,0,5,10,1,1,1,1,6,1,36,7,2979,1,15,3,1,3
2016331600380,1,9,0,18,0,1,0,0,0,0,1,1,6,1,31,6,-1,-1,-1,3,1,3
2016331600380,2,9,0,3,0,1,0,0,0,0,2,1,6,2,32,6,1749,1,12,10,1,10
2016331600380,3,9,0,10,0,1,0,0,0,0,2,1,6,2,47,8,1999,1,12,4,2,4
2016331600381,1,9,0,18,0,8,0,0,0,0,3,1,1,1,61,9,-1,-1,-1,-1,-1,-1
2016331600381,2,21,0,9,0,6,0,0,0,0,1,1,1,1,53,8,12777,2,2,1,1,1
2016331600382,1,9,0,18,0,2,0,0,0,0,1,1,6,1,77,11,2179,2,4,8,3,8
2016331600383,1,9,0,14,0,0,0,0,0,0,3,1,6,3,-1,-1,-1,-1,-1,-1,-1,-1
2016331600383,2,1,0,18,0,0,0,0,0,0,3,1,2,1,29,6,-1,-1,-1,2,1,2
2016331600384,1,8,0,18,0,8,0,0,0,0,1,1,3,1,33,6,2993,2,6,-1,-1,-1
2016331600384,2,9,0,7,0,6,0,0,0,0,2,1,6,1,23,5,1398,2,11,2,1,2
2016331600385,1,9,0,16,0,0,5,0,7,11,1,1,6,1,27,6,1390,1,12,4,1,4
2016331600386,1,19,0,10,0,8,0,0,0,0,2,1,1,1,61,9,1560,2,6,6,2,6
2016331600386,2,9,0,18,0,8,0,0,0,0,1,1,1,1,59,9,1349,1,2,8,1,8
2016331600387,1,9,0,3,0,0,0,0,0,0,2,1,6,1,25,5,1685,2,1,6,1,6
2016331600387,2,9,0,3,0,0,0,0,0,0,2,1,6,2,35,6,1242,1,13,8,1,8
2016331600387,3,9,0,18,0,0,0,0,0,0,1,1,6,2,54,8,1560,2,2,3,1,3
2016331600388,1,9,0,7,0,5,0,0,7,4,2,1,6,1,35,6,2143,2,6,1,1,1
2016331600388,2,9,0,18,0,8,0,0,0,0,1,1,6,3,30,6,1364,1,12,5,1,5
2016331600389,1,9,0,18,0,8,1,0,7,0,1,1,1,2,24,5,1399,2,5,4,3,4
2016331600389,2,9,0,9,0,6,1,0,0,0,1,1,6,2,22,5,1242,1,1,1,1,1
2016331600390,1,9,0,18,0,0,0,0,0,0,1,1,3,2,35,6,1999,1,12,3,1,3
2016331600390,2,9,0,18,0,0,0,0,0,0,2,1,3,2,44,7,1396,1,15,3,1,3
2016331600391,1,9,0,14,0,2,0,0,0,0,1,1,6,1,47,8,1299,1,8,5,1,5
2016331600391,2,11,0,3,0,2,0,0,0,0,0,1,1,3,-1,-1,-1,-1,-1,-1,-1,-1
2016331600392,1,9,0,18,0,8,0,0,0,0,1,1,6,1,56,9,2231,2,9,8,2,8
2016331600393,1,98,0,1,0,0,0,0,0,0,2,1,6,1,35,6,-1,-1,-1,-1,-1,-1
2016331600393,2,9,0,3,0,0,0,0,0,0,1,1,2,2,21,5,1299,1,9,3,1,3
2016331600394,1,9,0,7,0,6,0,0,0,0,1,1,6,3,-1,-1,-1,-1,-1,-1,-1,-1
2016331600394,2,1,0,18,9,8,0,0,0,0,3,1,6,1,40,7,-1,-1,-1,4,1,4
2016331600395,1,9,0,18,0,8,0,0,0,0,1,1,6,1,36,7,1997,1,15,3,1,3
2016331600395,2,19,0,18,0,8,0,0,1,10,3,1,1,1,59,9,-1,-1,-1,-1,-1,-1
2016331600395,3,9,0,4,0,1,0,0,0,0,0,1,1,3,45,7,1968,2,3,7,1,7
2016331600396,1,9,0,7,0,6,0,0,0,0,1,1,6,1,30,6,-1,-1,-1,3,1,3
2016331600396,2,1,0,18,0,8,0,0,0,0,1,1,6,1,18,4,-1,-1,-1,-1,-1,-1
2016331600397,1,9,0,4,0,1,0,0,0,0,1,1,6,2,22,5,1596,1,12,8,3,8
2016331600397,2,9,0,8,0,1,0,0,0,0,1,1,6,1,35,6,1968,2,11,9,2,9
2016331600398,1,9,0,5,0,6,0,0,0,0,1,1,1,2,18,4,1399,2,4,2,1,2
2016331600398,2,19,0,18,0,8,0,0,0,0,4,1,1,1,35,6,-1,-1,-1,3,1,3
2016331600399,1,9,0,3,0,1,0,0,0,0,4,1,6,2,19,4,-1,-1,-1,-1,-1,-1
2016331600399,2,1,0,4,0,1,0,0,0,0,1,1,6,1,44,7,-1,-1,-1,5,1,5
2016331600400,1,9,0,18,0,0,0,0,4,6,1,1,6,1,22,5,-1,-1,-1,-1,-1,-1
2016331600400,2,98,1,3,0,0,0,0,0,0,2,1,1,1,45,7,-1,-1,-1,-1,-1,-1
2016331600400,3,20,0,3,0,0,0,0,0,0,2,1,1,3,39,7,2143,2,2,-1,-1,-1
2016331600400,4,9,0,18,0,0,0,0,0,0,1,1,6,2,24,5,1086,1,6,-1,-1,-1
2016331600401,1,9,0,9,0,5,0,0,0,0,0,1,6,1,-1,-1,1791,8,4,-1,-1,-1
2016331600401,2,1,0,18,0,8,0,0,0,0,1,1,6,1,33,6,-1,-1,-1,7,2,7
2016331600402,1,9,0,18,0,8,0,0,1,0,3,1,1,1,45,7,1598,2,6,-1,-1,-1
2016331600402,2,9,0,18,0,6,0,0,0,0,1,1,6,1,29,6,2000,2,12,-1,-1,-1
2016331600403,1,9,0,5,0,2,0,0,0,0,1,1,6,1,26,6,1324,1,16,8,1,8
2016331600404,1,9,0,9,0,5,0,0,0,0,4,1,6,1,79,11,-1,-1,-1,6,2,6
2016331600404,2,1,0,18,0,8,0,0,0,0,1,1,2,1,37,7,-1,-1,-1,7,3,7
2016331600405,1,9,0,5,0,1,0,0,0,0,3,1,6,1,20,4,1461,2,13,3,1,3
2016331600406,1,9,0,18,0,0,1,0,1,4,4,1,6,1,17,4,1360,1,13,10,2,10
2016331600409,1,9,0,18,0,8,0,0,0,0,1,1,6,2,65,9,1968,2,1,5,3,5
2016331600409,2,9,0,5,0,6,0,0,0,0,3,1,6,2,43,7,1598,2,5,7,3,7
2016331600411,1,19,0,17,0,0,0,0,2,4,1,1,2,1,29,6,1868,2,14,7,1,7
2016331600411,2,9,0,16,0,0,0,0,0,0,1,1,6,1,63,9,1332,1,20,7,1,7
2016331600414,1,3,0,17,0,0,1,0,1,0,1,1,2,1,39,7,124,1,5,-1,-1,-1
2016331600415,1,10,0,18,0,4,0,0,0,0,1,1,6,1,40,7,-1,-1,-1,-1,-1,-1
2016331600415,2,9,0,18,0,8,0,0,0,0,4,1,6,2,60,9,1240,1,11,-1,-1,-1
2016331600416,1,8,0,18,0,8,0,0,0,0,4,1,2,1,31,6,1968,2,5,-1,-1,-1
2016331600416,2,9,0,9,0,6,0,0,0,0,1,1,6,2,18,4,1398,1,5,3,1,3
2016331600417,1,11,0,17,0,8,0,0,0,0,4,1,6,1,68,10,9000,2,13,8,1,8
2016331600418,1,9,0,18,0,8,0,0,0,0,1,1,6,1,26,6,1995,2,3,1,1,1
2016331600418,2,9,0,18,0,8,0,0,0,0,2,1,1,1,45,7,-1,-1,-1,4,1,4
2016331600419,1,9,0,18,0,0,0,0,0,0,1,1,6,2,29,6,1360,1,10,-1,-1,-1
2016331600419,2,9,0,3,0,0,0,0,0,0,2,1,6,1,47,8,1598,1,11,-1,-1,-1
2016331600419,3,9,0,3,0,0,0,0,0,0,2,1,6,1,53,8,1997,2,9,-1,-1,-1
2016331600420,1,9,0,4,0,1,0,0,0,0,1,1,6,1,34,6,1497,1,11,1,1,1
2016331600420,2,9,0,3,0,1,0,0,0,0,2,1,6,1,47,8,1388,1,13,3,1,3
2016331600421,1,9,0,17,0,0,0,0,1,11,1,1,6,1,66,10,1598,1,16,8,1,8
2016331600422,1,9,0,18,0,0,0,0,0,0,1,1,2,2,28,6,996,1,7,9,2,9
2016331600422,2,9,0,3,0,0,0,0,0,0,2,1,2,1,52,8,-1,-1,-1,8,1,8
2016331600423,1,9,0,2,0,0,0,0,0,0,2,1,6,1,18,4,973,1,15,8,1,8
2016331600423,2,20,0,18,0,0,5,4,1,7,1,1,6,1,25,5,-1,-1,-1,8,1,8
2016331600424,1,20,0,9,7,5,0,0,0,0,2,1,6,1,46,8,12740,2,3,2,1,2
2016331600424,2,9,0,13,0,8,0,0,0,0,1,1,6,1,19,4,1390,1,9,10,1,10
2016331600425,1,9,0,9,0,3,0,0,0,0,1,1,2,1,27,6,1997,2,7,7,1,7
2016331600425,2,1,0,9,0,1,0,0,0,0,3,1,3,1,15,3,-1,-1,-1,-1,-1,-1
2016331600426,1,9,0,1,0,8,0,0,0,0,2,1,6,2,25,5,-1,-1,-1,-1,-1,-1
2016331600427,1,1,0,18,0,8,0,0,0,0,3,1,6,1,42,7,-1,-1,-1,8,1,8
2016331600427,2,9,0,9,0,6,0,0,0,0,3,1,6,1,-1,-1,1990,1,17,5,1,5
2016331600428,1,19,0,13,0,0,0,0,0,0,4,1,6,1,30,6,-1,-1,-1,-1,-1,-1
2016331600428,2,1,0,18,0,0,0,0,0,0,1,1,6,1,56,9,-1,-1,-1,10,1,10
2016331600429,1,9,0,7,0,6,0,0,0,0,0,2,6,2,24,5,1560,2,9,7,1,7
2016331600429,2,3,0,18,0,8,1,0,0,0,1,1,6,1,22,5,124,1,6,3,1,3
2016331600430,1,9,0,18,0,6,0,0,0,0,1,1,6,1,24,5,1998,1,18,-1,-1,-1
2016331600430,2,9,0,18,0,8,0,0,7,4,4,1,6,1,46,8,1329,1,6,10,1,10
2016331600431,1,9,0,7,0,5,0,0,0,0,4,1,6,1,80,11,1984,1,15,4,1,4
2016331600431,2,1,0,18,0,8,0,0,0,0,1,1,6,1,18,4,-1,-1,-1,1,1,1
2016331600432,1,9,0,12,0,0,0,0,0,0,1,1,6,2,50,8,998,1,2,10,2,10
2016331600432,2,9,0,13,0,0,0,0,0,0,3,1,6,3,-1,-1,-1,-1,-1,-1,-1,-1
2016331600432,3,98,0,18,0,0,0,0,0,0,0,1,6,3,-1,-1,-1,-1,-1,-1,-1,-1
2016331600433,1,9,0,3,0,1,0,0,0,0,2,1,6,1,41,7,1769,1,11,2,1,2
2016331600433,2,2,0,18,0,1,0,0,0,0,1,1,6,1,18,4,49,1,5,10,1,10
2016331600434,1,9,0,18,0,8,0,0,0,0,4,1,6,2,60,9,2148,2,13,9,3,9
2016331600434,2,1,0,9,0,8,0,0,0,0,1,1,6,1,15,3,-1,-1,-1,-1,-1,-1
2016331600435,1,3,0,13,0,8,0,0,1,9,1,1,2,1,30,6,124,1,6,-1,-1,-1
2016331600435,2,90,0,9,0,5,0,0,0,0,3,1,1,1,30,6,6370,2,8,7,1,7
2016331600436,1,9,0,4,0,8,0,0,0,0,2,1,6,1,28,6,1796,1,15,8,1,8
2016331600436,2,9,0,18,0,8,0,0,0,0,1,1,2,1,41,7,-1,-1,-1,5,1,5
2016331600437,1,9,0,17,0,2,1,10,1,4,1,1,6,1,17,4,2148,2,7,4,1,4
2016331600438,1,9,0,3,0,2,0,0,0,0,2,1,6,1,76,11,-1,-1,-1,1,1,1
2016331600438,2,9,0,3,0,2,0,0,0,0,2,1,6,2,31,6,1560,2,7,9,1,9
2016331600438,3,9,0,4,0,2,0,0,0,0,1,1,1,1,21,5,1560,2,6,6,1,6
2016331600439,1,9,0,5,0,0,0,0,0,0,2,1,6,2,41,7,1086,1,12,4,1,4
2016331600439,2,9,0,18,0,0,0,0,0,0,1,1,6,1,46,8,1998,2,14,1,1,1
2016331600440,1,9,0,18,0,1,0,0,0,0,1,1,6,1,42,7,1686,2,3,-1,-1,-1
2016331600441,1,9,0,4,0,0,0,0,0,0,1,1,6,1,53,8,1560,2,8,7,1,7
2016331600441,2,5,0,17,0,0,0,0,0,0,1,1,6,1,25,5,599,1,5,3,1,3
2016331600442,1,9,0,18,0,1,0,0,0,0,0,1,1,1,56,9,-1,-1,-1,4,1,4
2016331600443,1,9,0,1,0,0,0,0,0,0,2,1,6,1,60,9,2198,2,10,-1,-1,-1
2016331600444,1,9,0,16,0,8,2,0,1,4,1,1,2,2,27,6,-1,-1,-1,9,3,9
2016331600445,1,9,0,5,0,6,0,0,0,0,1,1,6,1,40,7,-1,-1,-1,-1,-1,-1
2016331600445,2,1,0,18,0,8,0,0,0,0,4,1,6,1,17,4,-1,-1,-1,-1,-1,-1
2016331600446,1,9,0,3,0,1,0,0,0,0,2,1,2,2,41,7,1598,1,11,7,1,7
2016331600446,2,9,0,18,0,1,0,0,0,0,1,1,6,2,25,5,1995,2,3,-1,-1,-1
2016331600447,1,11,0,18,0,1,0,0,0,0,1,1,1,1,-1,-1,-1,-1,-1,7,1,7
2016331600448,1,9,0,18,0,8,1,7,0,0,4,1,1,1,50,8,1798,1,8,-1,-1,-1
2016331600448,2,9,0,12,0,8,0,0,0,0,3,1,6,3,-1,-1,1390,1,17,-1,-1,-1
2016331600449,1,9,0,16,0,0,1,0,7,0,1,1,6,1,30,6,1248,2,3,9,1,9
2016331600449,2,21,0,17,0,0,0,0,0,0,3,1,1,1,51,8,12740,2,2,-1,1,-1
2016331600451,1,21,0,18,0,0,0,0,0,0,4,1,1,1,22,5,5880,2,5,6,3,6
2016331600451,2,22,0,5,0,0,5,0,0,0,1,1,6,1,91,11,-1,3,4,8,1,8
2016331600452,1,9,0,9,0,5,0,0,0,0,4,1,6,2,19,4,1149,1,9,-1,-1,-1
2016331600452,2,8,0,18,0,8,1,0,0,0,1,1,1,1,40,7,1598,2,7,4,1,4
2016331600453,1,9,0,18,0,0,0,0,0,0,3,1,6,3,-1,-1,-1,-1,-1,-1,-1,-1
2016331600454,1,9,0,18,0,0,0,0,0,0,1,1,6,1,33,6,1490,1,11,-1,-1,-1
2016331600454,2,9,0,2,0,0,0,0,0,0,2,1,6,3,-1,-1,1582,2,3,8,1,8
2016331600454,3,9,0,2,0,0,0,0,0,0,2,1,6,3,-1,-1,1591,1,7,3,1,3
2016331600454,4,9,0,2,0,0,0,0,0,0,2,1,6,3,-1,-1,-1,-1,-1,-1,-1,-1
2016331600455,1,9,0,9,0,5,1,0,1,11,2,1,2,2,23,5,698,1,10,7,3,7