Accident_Index,Vehicle_Reference,Vehicle_Type,Towing_and_Articulation,Vehicle_Manoeuvre,Vehicle_Location-Restricted_Lane,Junction_Location,Skidding_and_Overturning,Hit_Object_in_Carriageway,Vehicle_Leaving_Carriageway,Hit_Object_off_Carriageway,1st_Point_of_Impact,Was_Vehicle_Left_Hand_Drive?,Journey_Purpose_of_Driver,Sex_of_Driver,Age_of_Driver,Age_Band_of_Driver,Engine_Capacity_(CC),Propulsion_Code,Age_of_Vehicle,Driver_IMD_Decile,Driver_Home_Area_Type,Vehicle_IMD_Decile
2016331600603,1,9,0,3,0,0,0,0,0,0,2,1,6,1,48,8,1998,2,8,2,1,2
2016331600603,2,8,0,18,0,0,0,0,0,0,1,1,6,1,35,6,1598,1,8,-1,-1,-1
2016331600604,1,21,1,7,0,5,0,0,0,0,4,1,1,1,-1,-1,9200,2,10,-1,-1,-1
2016331600604,2,1,0,18,0,8,0,0,0,0,1,1,4,1,13,3,-1,-1,-1,1,1,1
2016331600605,1,9,0,17,0,0,0,0,0,0,4,1,6,1,59,9,2230,1,11,6,1,6
2016331600606,1,9,0,18,0,2,0,0,0,0,1,1,6,1,-1,-1,1997,2,4,-1,-1,-1
2016331600606,2,9,0,3,0,2,0,0,0,0,2,1,6,1,49,8,1598,1,13,1,1,1
2016331600607,1,9,0,18,0,8,1,0,0,0,4,1,6,1,82,11,999,1,1,8,1,8
2016331600607,2,9,0,18,0,6,0,0,0,0,1,1,6,3,-1,-1,-1,-1,-1,-1,-1,-1
2016331600608,1,8,0,18,0,0,0,0,0,0,0,1,6,3,40,7,-1,-1,-1,-1,-1,-1
2016331600608,2,1,0,3,0,0,0,0,0,0,1,1,6,1,53,8,-1,-1,-1,1,1,1
2016331600609,1,3,0,18,0,0,0,0,0,0,3,1,6,1,45,7,198,1,38,7,1,7
2016331600611,1,9,0,3,0,0,0,0,0,0,1,1,6,1,24,5,1686,2,7,5,1,5
2016331600611,2,9,0,1,0,0,0,0,0,0,2,1,6,1,-1,-1,1685,2,2,-1,-1,-1
2016331600612,1,9,0,18,0,0,0,10,1,4,1,1,6,2,54,8,-1,-1,-1,7,3,7
2016331600613,1,9,0,3,0,1,0,0,0,0,2,1,6,2,51,8,-1,-1,-1,1,1,1
2016331600613,2,9,0,3,0,1,0,0,0,0,2,1,6,1,33,6,1328,1,9,3,1,3
2016331600613,3,9,0,18,0,1,0,0,0,0,1,1,6,2,37,7,1364,1,10,2,1,2
2016331600614,1,9,0,5,0,2,0,0,0,0,1,1,6,1,21,5,1598,1,9,2,1,2
2016331600614,2,9,0,4,0,2,0,0,0,0,2,1,1,2,38,7,1956,2,2,3,1,3
2016331600615,1,9,0,18,0,0,0,0,0,0,1,1,3,2,38,7,1560,2,8,8,1,8
2016331600616,1,9,0,9,0,6,0,0,0,0,1,1,6,2,40,7,-1,-1,-1,-1,-1,-1
2016331600616,2,19,0,7,0,5,0,0,0,0,0,1,6,1,-1,-1,-1,-1,-1,-1,-1,-1
2016331600616,3,1,0,14,0,8,0,0,0,0,1,1,6,1,22,5,-1,-1,-1,-1,-1,-1
2016331600617,1,9,0,18,0,1,0,0,0,0,1,1,6,1,36,7,2199,2,2,9,1,9
2016331600617,2,9,0,3,0,1,0,0,0,0,2,1,6,1,40,7,-1,-1,-1,1,1,1
2016331600617,3,9,0,3,0,1,0,0,0,0,2,1,6,1,25,5,-1,-1,-1,3,1,3
2016331600617,4,9,0,3,0,1,0,0,0,0,2,1,6,1,32,6,-1,-1,-1,6,1,6
2016331600618,1,9,0,18,0,2,0,0,0,0,4,1,6,2,39,7,1896,2,9,6,1,6
2016331600619,1,9,0,11,0,3,0,0,0,0,4,1,1,1,45,7,1998,1,1,7,1,7
2016331600619,2,8,0,18,0,4,1,0,1,2,3,1,1,1,55,8,1686,2,3,3,1,3
2016331600620,1,4,0,13,0,0,0,0,0,0,1,1,6,1,30,6,498,1,13,6,1,6
2016331600620,2,9,0,6,0,0,0,0,0,0,3,1,6,1,21,5,1596,1,8,5,1,5
2016331600621,1,9,0,13,0,8,1,0,1,0,1,1,6,1,54,8,-1,-1,-1,2,1,2
2016331600621,2,9,0,18,0,8,1,0,1,0,3,1,6,2,33,6,1242,1,11,7,1,7
2016331600623,1,8,0,18,0,8,0,0,0,0,1,1,6,1,50,8,2499,2,6,7,1,7
2016331600623,2,9,0,12,0,8,1,0,0,0,2,1,2,1,35,6,989,1,16,-1,-1,-1
2016331600624,1,9,0,18,0,0,1,4,0,0,1,1,6,1,18,4,1390,1,12,8,1,8
2016331600624,2,19,0,2,0,0,0,4,0,0,2,1,6,1,46,8,2402,2,12,8,1,8
2016331600624,3,9,0,2,0,0,0,4,0,0,2,1,6,1,51,8,1991,2,14,8,1,8
2016331600624,4,9,0,2,0,0,0,0,0,0,2,1,6,2,47,8,1390,1,13,8,1,8
2016331600625,1,9,0,18,0,0,0,0,1,9,1,1,6,1,24,5,1149,1,17,6,1,6
2016331600626,1,9,0,18,0,0,0,0,0,0,3,1,1,1,34,6,1499,2,1,3,1,3
2016331600626,2,22,0,5,0,0,0,0,0,0,4,1,6,1,94,11,-1,-1,-1,8,1,8
2016331600627,1,21,0,7,0,5,0,0,0,0,3,1,1,1,57,9,7790,2,9,-1,-1,-1
2016331600628,1,9,0,13,0,8,1,0,0,0,1,1,6,1,43,7,1896,2,8,8,1,8
2016331600628,2,9,0,9,0,5,0,0,0,0,3,1,6,2,47,8,2982,2,7,10,1,10
2016331600629,1,19,0,18,0,0,0,0,0,0,1,1,1,1,53,8,2143,2,2,7,1,7
2016331600629,2,21,1,18,0,0,0,0,0,0,2,2,1,1,46,8,-1,-1,-1,-1,-1,-1
2016331600630,1,9,0,9,0,5,2,0,0,0,4,1,6,1,28,6,1596,1,12,3,1,3
2016331600630,2,8,0,18,0,8,0,0,0,0,1,1,1,1,36,7,-1,-1,-1,3,1,3
2016331600631,1,9,0,16,0,0,0,0,1,4,1,1,6,1,56,9,2987,2,10,4,1,4
2016331600632,1,9,0,18,0,8,0,0,0,0,1,1,6,1,22,5,1396,1,15,2,1,2
2016331600632,2,9,0,5,0,6,0,0,0,0,1,1,6,1,29,6,1595,1,6,3,1,3
2016331600632,3,9,0,2,0,1,0,0,0,0,1,1,6,3,-1,-1,1975,2,17,-1,-1,-1
2016331600632,4,9,0,2,0,1,0,0,0,0,3,1,6,3,29,6,1900,2,16,-1,-1,-1
2016331600633,1,5,0,13,0,8,0,0,7,0,1,1,6,1,67,10,1312,1,8,-1,-1,-1
2016331600633,2,9,0,9,0,5,0,0,7,9,3,1,2,1,29,6,1086,1,9,-1,-1,-1
2016331600634,1,9,0,5,0,1,0,0,0,0,1,1,6,1,-1,-1,-1,-1,-1,-1,-1,-1
2016331600634,2,9,0,5,0,1,0,0,0,0,2,1,6,2,55,8,1390,1,16,10,1,10
2016331600634,3,9,0,5,0,1,0,0,0,0,2,1,6,2,32,6,1997,2,3,10,2,10
2016331600635,1,9,0,18,0,0,0,0,0,0,4,1,6,1,44,7,1296,1,9,-1,-1,-1
2016331600636,1,8,0,12,0,0,0,0,0,0,2,1,6,1,43,7,1896,2,6,4,1,4
2016331600636,2,9,0,12,0,0,0,0,0,0,1,1,1,1,28,6,1596,1,14,5,1,5
2016331600637,1,9,0,14,0,0,0,0,0,0,1,1,6,2,22,5,-1,-1,-1,2,1,2
2016331600637,2,9,0,18,0,0,0,0,0,0,1,1,6,2,23,5,1598,1,4,1,1,1
2016331600638,1,9,0,13,0,8,0,0,0,0,4,1,6,1,31,6,2497,2,11,7,1,7
2016331600638,2,9,0,9,0,5,0,0,0,0,3,1,6,1,29,6,1364,2,11,3,1,3
2016331600639,1,5,0,18,0,0,0,0,0,0,0,1,6,1,55,8,-1,-1,-1,7,1,7
2016331600640,1,9,0,18,0,1,0,0,0,0,1,1,6,1,-1,-1,-1,-1,-1,-1,-1,-1
2016331600641,1,5,0,13,0,0,1,0,7,10,1,1,6,1,25,5,1340,1,6,-1,-1,-1
2016331600641,2,9,0,18,0,0,0,0,0,0,0,1,6,3,-1,-1,-1,-1,-1,-1,-1,-1
2016331600642,1,19,0,17,0,0,2,0,7,10,4,1,1,1,17,4,1248,2,2,9,2,9
2016331600643,1,9,0,4,0,0,0,0,0,0,2,1,6,1,50,8,1910,2,7,2,1,2
2016331600643,2,9,0,4,0,0,0,0,0,0,1,1,6,1,-1,-1,1242,1,18,-1,-1,-1
2016331600644,1,19,0,18,0,1,1,4,7,1,1,1,6,3,-1,-1,1997,2,13,-1,-1,-1
2016331600644,2,9,0,2,0,1,0,4,0,0,2,1,6,3,52,8,1596,1,20,-1,-1,-1
2016331600644,3,9,0,2,0,1,0,0,0,0,2,1,6,3,59,9,2401,2,13,-1,-1,-1
2016331600645,1,9,0,18,0,8,0,0,0,0,1,1,6,1,19,4,1995,2,4,-1,-1,-1
2016331600646,1,9,0,17,0,1,0,0,1,2,1,1,6,3,-1,-1,1598,1,14,-1,-1,-1
2016331600647,1,9,0,18,0,0,0,0,0,0,1,1,1,1,64,9,3189,1,10,6,3,6
2016331600647,2,9,0,13,0,0,0,0,0,0,1,1,1,2,73,10,1197,1,1,6,3,6
2016331600647,3,98,0,18,0,0,0,0,0,0,0,1,6,3,-1,-1,-1,-1,-1,-1,-1,-1
2016331600648,1,1,0,3,0,0,0,0,0,0,1,1,6,1,30,6,-1,-1,-1,1,1,1
2016331600648,2,9,0,5,0,0,0,0,0,0,1,1,6,1,30,6,-1,-1,-1,-1,-1,-1
2016331600649,1,1,0,18,0,8,0,0,0,0,1,1,6,1,25,5,-1,-1,-1,1,1,1
2016331600649,2,9,0,3,0,1,0,0,0,0,3,1,6,1,-1,-1,-1,-1,-1,-1,-1,-1
2016331600650,1,9,0,18,0,0,0,0,1,1,1,1,6,1,19,4,1388,1,13,-1,-1,-1
2016331600651,1,9,0,18,0,8,0,0,0,0,1,1,6,1,42,7,1781,1,15,8,1,8
2016331600651,2,9,0,18,0,8,0,0,0,0,1,1,6,2,44,7,1390,1,12,10,1,10
2016331600651,3,1,0,18,0,6,0,0,0,0,1,1,6,1,43,7,-1,-1,-1,3,1,3
2016331600652,1,9,0,2,6,0,0,0,0,0,1,1,6,2,41,7,1364,1,9,10,2,10
2016331600652,2,9,0,1,8,0,0,0,0,0,2,1,6,3,35,6,-1,-1,-1,-1,-1,-1
2016331600653,1,9,0,3,0,1,0,0,0,0,2,1,6,2,25,5,1360,1,15,8,1,8
2016331600653,2,9,0,18,0,1,0,0,0,0,1,1,6,1,-1,-1,-1,-1,-1,-1,-1,-1
2016331600653,3,9,0,5,0,1,0,0,0,0,0,1,6,3,-1,-1,-1,-1,-1,-1,-1,-1
2016331600654,1,9,0,8,0,1,0,0,0,0,2,1,2,2,25,5,1388,1,10,9,1,9
2016331600654,2,9,0,18,0,1,0,0,0,0,1,1,6,2,28,6,1242,1,6,3,1,3
2016331600655,1,9,0,18,0,2,0,0,0,0,1,1,6,1,40,7,-1,-1,-1,-1,-1,-1
2016331600656,1,9,0,18,0,6,0,0,0,0,1,1,6,3,40,7,-1,-1,-1,-1,-1,-1
2016331600656,2,1,0,18,0,8,0,0,0,0,1,1,6,1,28,6,-1,-1,-1,2,1,2
2016331600657,1,9,0,9,0,5,0,0,0,0,1,1,6,3,30,6,-1,-1,-1,-1,-1,-1
2016331600657,2,1,0,18,0,8,0,0,0,0,1,1,6,2,20,4,-1,-1,-1,6,1,6
2016331600658,1,9,0,9,0,6,0,0,0,0,3,1,6,1,22,5,-1,-1,-1,10,2,10
2016331600658,2,4,0,18,0,8,0,0,1,0,1,1,6,1,20,4,124,1,12,4,1,4
2016331600659,1,9,0,18,0,8,0,0,0,0,1,1,2,1,33,6,1598,1,12,1,1,1
2016331600659,2,9,0,7,0,6,0,0,0,0,1,1,6,3,-1,-1,1995,2,10,-1,-1,-1
2016331600660,1,9,0,12,0,1,0,0,0,0,1,1,6,1,44,7,1995,2,1,6,3,6
2016331600660,2,9,0,18,0,1,1,0,1,10,2,1,6,1,45,7,2926,2,11,5,1,5
2016331600661,1,3,0,17,0,0,1,0,1,9,1,1,2,1,17,4,124,1,4,10,2,10
2016331600662,1,9,0,9,0,6,0,0,0,0,1,1,6,2,84,11,1349,1,8,7,1,7
2016331600662,2,9,0,18,0,8,0,10,0,0,3,1,2,2,24,5,998,1,4,3,1,3
2016331600663,1,3,0,17,0,0,1,0,0,0,3,1,1,1,26,6,108,1,1,6,1,6
2016331600664,1,9,0,9,0,8,0,0,0,0,1,1,3,2,30,6,1124,1,9,6,1,6
2016331600665,1,9,0,4,0,0,0,0,0,0,2,1,6,2,26,6,1896,2,15,4,1,4
2016331600665,2,9,0,18,0,0,0,0,0,0,1,1,6,3,-1,-1,1991,2,7,-1,-1,-1
2016331600666,1,9,0,2,0,0,0,0,0,0,2,1,6,1,52,8,1598,1,2,1,1,1
2016331600666,2,9,0,1,0,0,0,0,0,0,2,1,6,1,-1,-1,-1,-1,-1,-1,-1,-1
2016331600667,1,21,0,18,0,0,0,0,1,0,1,1,1,1,55,8,8867,2,8,7,1,7
2016331600667,2,20,0,2,6,0,0,0,0,0,2,1,1,1,55,8,3920,2,5,1,1,1
2016331600668,1,3,0,13,0,2,0,0,0,0,4,1,6,1,25,5,125,1,2,-1,-1,-1
2016331600668,2,9,0,18,0,2,0,0,0,0,3,1,6,1,32,6,1956,2,1,7,1,7
2016331600669,1,9,0,18,0,0,0,0,0,0,3,1,6,3,-1,-1,-1,-1,-1,-1,-1,-1
2016331600669,2,9,0,4,0,0,0,0,0,0,3,1,6,1,22,5,1389,1,13,1,1,1
2016331600670,1,9,0,6,0,8,0,0,0,0,1,1,6,1,35,6,2231,2,10,1,1,1
2016331600670,2,1,0,13,0,8,0,0,0,0,1,1,6,2,27,6,-1,-1,-1,3,1,3
2016331600671,1,9,0,18,0,0,0,0,0,0,1,1,6,1,25,5,-1,-1,-1,-1,-1,-1
2016331600672,1,3,0,18,0,0,1,12,0,0,1,1,2,1,24,5,124,1,3,8,1,8
2016331600672,2,9,0,18,0,0,0,0,0,0,0,1,6,1,29,6,2143,2,-1,5,1,5
2016331600672,3,9,0,18,0,0,0,0,0,0,1,1,2,1,30,6,2261,1,7,10,3,10
2016331600673,1,9,0,18,0,8,0,0,0,0,1,1,1,2,59,9,998,1,2,3,2,3
2016331600673,2,1,0,18,0,6,0,0,0,0,3,1,4,2,10,2,-1,-1,-1,3,2,3
2016331600674,1,9,0,9,0,5,0,0,0,0,4,1,3,1,43,7,998,1,6,3,1,3
2016331600674,2,9,0,18,0,8,0,0,0,0,1,1,6,1,34,6,1991,1,17,3,1,3
2016331600675,1,9,0,18,0,0,5,0,7,10,1,1,6,1,50,8,1396,1,14,5,3,5
2016331600676,1,9,0,9,0,5,0,0,0,0,4,1,6,3,-1,-1,-1,-1,-1,-1,-1,-1
2016331600677,1,9,0,3,0,0,0,0,0,0,2,1,6,2,24,5,1198,1,12,10,1,10
2016331600677,2,9,0,1,0,0,0,0,0,0,2,1,6,1,-1,-1,1390,1,14,1,1,1
2016331600678,1,1,0,18,9,8,0,0,0,0,1,1,2,1,23,5,-1,-1,-1,-1,-1,-1
2016331600678,2,19,0,5,9,8,0,0,0,0,1,1,1,1,51,8,2500,2,11,-1,-1,-1
2016331600679,1,9,0,18,0,1,0,0,0,0,1,1,6,1,34,6,1598,1,18,6,1,6
2016331600679,2,9,0,3,0,1,0,0,0,0,2,1,6,2,41,7,-1,-1,-1,1,1,1
2016331600679,3,9,0,3,0,1,0,0,0,0,0,1,6,1,70,10,998,1,4,7,1,7
2016331600679,4,9,0,7,0,5,0,0,0,0,0,1,6,3,-1,-1,-1,-1,-1,-1,-1,-1
2016331600680,1,9,0,9,0,5,0,0,0,0,1,1,2,1,26,6,1399,2,8,4,1,4
2016331600680,2,3,0,3,0,8,0,0,0,0,3,1,2,1,36,7,125,1,1,9,1,9
2016331600681,1,9,0,6,0,0,0,0,0,0,3,1,6,1,30,6,1956,2,4,6,1,6
2016331600681,2,1,0,18,0,0,0,0,0,0,1,1,6,1,50,8,-1,-1,-1,9,1,9
2016331600682,1,1,0,5,0,1,0,0,0,0,3,1,6,1,20,4,-1,-1,-1,1,1,1
2016331600682,2,9,0,5,0,1,0,0,0,0,1,1,6,2,-1,-1,-1,-1,-1,-1,-1,-1
2016331600683,1,21,0,4,0,1,0,0,0,0,4,1,6,1,32,6,4580,2,8,2,1,2
2016331600684,1,9,0,3,0,1,0,0,0,0,2,1,2,2,49,8,1598,1,7,1,1,1
2016331600684,2,9,0,4,0,1,0,0,0,0,1,1,6,1,-1,-1,-1,-1,-1,-1,-1,-1
2016331600685,1,19,0,4,0,0,0,0,0,0,2,1,1,2,45,7,1560,2,5,2,1,2
2016331600685,2,3,0,11,0,0,0,0,0,0,1,1,1,1,28,6,125,1,1,6,1,6
2016331600686,1,9,0,4,0,0,0,0,0,0,2,1,6,2,17,4,-1,-1,-1,-1,-1,-1
2016331600686,2,9,0,18,0,0,0,0,0,0,1,1,6,1,33,6,998,1,9,-1,-1,-1
2016331600687,1,9,0,4,0,1,2,0,1,10,4,1,6,1,25,5,1560,2,7,10,2,10
2016331600687,2,17,0,9,0,5,0,0,0,0,0,1,1,1,53,8,6788,2,12,9,3,9
2016331600689,1,9,0,4,0,0,1,0,0,0,1,1,1,1,29,6,1596,1,12,3,1,3
2016331600689,2,8,0,3,0,0,0,0,0,0,2,1,1,1,32,6,1997,2,4,4,1,4
2016331600690,1,9,0,18,0,1,0,0,0,0,1,1,6,1,61,9,1242,1,15,5,1,5
2016331600691,1,9,0,6,0,1,0,0,0,0,4,1,6,1,-1,-1,-1,-1,-1,-1,-1,-1
2016331600692,1,9,0,1,0,1,0,0,0,0,2,1,6,2,37,7,1198,1,4,-1,-1,-1
2016331600693,1,9,0,9,0,5,0,0,0,0,1,1,6,2,41,7,1242,1,3,9,1,9
2016331600693,2,3,0,18,0,8,0,0,0,0,1,1,6,1,17,4,100,1,8,6,1,6
2016331600693,3,9,0,3,0,1,0,0,0,0,3,1,6,1,50,8,1560,2,3,9,2,9
2016331600694,1,9,0,18,0,8,0,10,0,0,1,1,1,1,18,4,1242,1,11,-1,-1,-1
2016331600694,2,9,0,5,0,6,0,0,0,0,3,1,6,2,26,6,1968,2,1,-1,-1,-1
2016331600695,1,9,0,9,0,5,0,0,0,0,1,1,6,2,20,4,875,1,5,7,1,7
2016331600695,2,1,0,18,0,8,0,0,0,0,1,1,6,1,14,3,-1,-1,-1,-1,-1,-1
2016331600696,1,9,0,9,0,6,0,0,0,0,3,1,6,2,55,8,1199,1,12,8,1,8
2016331600696,2,9,0,18,0,8,0,0,0,0,1,1,6,1,55,8,1596,1,6,9,3,9
2016331600697,1,9,0,18,0,8,0,0,0,0,1,1,1,1,41,7,1598,2,1,10,2,10
2016331600697,2,90,0,18,0,8,0,0,0,0,1,1,1,1,47,8,2999,2,4,5,2,5
2016331600698,1,9,0,18,0,8,0,0,0,0,1,1,6,1,28,6,-1,-1,-1,9,1,9
2016331600698,2,9,0,9,0,5,0,0,0,0,1,1,6,1,38,7,1299,1,16,4,1,4
2016331600699,1,9,0,9,0,6,0,0,0,0,3,1,6,2,20,4,1598,1,11,8,2,8
2016331600699,2,8,0,17,0,8,1,0,0,0,1,1,1,1,50,8,1968,2,8,9,1,9
2016331600700,1,9,0,18,0,0,0,0,7,6,1,1,6,2,70,10,1560,2,10,7,3,7
2016331600701,1,3,0,18,0,8,1,0,0,0,1,1,6,1,18,4,124,1,-1,8,2,8
2016331600701,2,9,0,9,0,8,0,0,0,0,3,1,1,1,50,8,1997,2,7,2,1,2
2016331600702,1,9,0,1,9,6,0,0,0,0,2,1,6,1,70,10,996,1,3,4,1,4
2016331600703,1,9,0,18,0,0,0,0,0,0,1,1,1,2,69,10,1332,1,19,-1,-1,-1
2016331600703,2,19,0,18,0,0,0,0,0,0,3,1,1,1,49,8,1995,2,6,3,1,3
2016331600703,3,9,0,18,0,0,0,0,0,0,1,1,1,2,69,10,1590,1,9,1,1,1
2016331600704,1,9,0,18,0,8,0,0,0,0,1,1,6,1,18,4,973,1,14,7,1,7
2016331600704,2,9,0,10,0,8,0,0,0,0,2,1,6,2,33,6,1596,1,13,5,1,5
2016331600704,3,9,0,3,0,8,0,0,0,0,2,1,6,1,32,6,2143,2,-1,3,1,3
2016331600705,1,3,0,18,0,8,0,0,0,0,1,1,6,1,18,4,124,1,-1,1,1,1
2016331600705,2,9,0,5,0,6,0,0,0,0,3,1,6,2,37,7,-1,-1,-1,6,1,6
2016331600706,1,9,0,7,0,6,0,0,0,0,1,1,6,1,25,5,1242,1,3,3,1,3
2016331600706,2,1,0,18,0,8,0,0,0,0,1,1,6,2,66,10,-1,-1,-1,2,1,2
2016331600710,1,9,0,18,0,2,1,0,0,0,1,1,6,1,58,9,1242,1,3,-1,-1,-1
2016331600710,2,9,0,12,0,1,1,0,0,0,1,1,6,3,-1,-1,999,1,1,-1,-1,-1
2016331600711,1,9,0,18,0,1,0,0,0,0,1,1,6,1,35,6,2997,1,13,5,1,5
2016331600711,2,9,0,3,0,1,0,0,0,0,2,1,6,2,32,6,-1,-1,-1,6,1,6
2016331600711,3,9,0,3,0,1,0,0,0,0,2,1,6,2,38,7,1997,2,8,1,1,1
2016331600711,4,9,0,4,0,1,0,0,0,0,2,1,6,1,41,7,2987,2,5,7,1,7
2016331600713,1,19,0,17,0,0,0,0,0,0,1,1,1,1,61,9,2198,2,3,3,1,3
2016331600713,2,9,0,16,0,0,0,0,0,0,3,1,6,1,66,10,1199,1,13,6,3,6
2016331600713,3,9,0,16,0,0,0,0,0,0,1,1,6,1,63,9,1364,1,5,10,1,10
2016331600714,1,9,0,9,0,8,0,0,0,0,1,1,2,1,46,8,1796,1,12,4,1,4
2016331600714,2,3,0,14,0,8,0,0,0,0,4,1,2,1,17,4,124,1,11,4,1,4
2016331600714,3,9,0,3,0,1,0,0,0,0,0,1,2,1,38,7,1968,2,1,10,1,10
2016331600715,1,9,0,5,9,5,0,0,0,0,1,1,6,1,70,10,-1,-1,-1,7,1,7
2016331600716,1,9,0,18,0,0,5,10,0,0,4,1,6,1,21,5,-1,-1,-1,7,1,7
2016331600717,1,9,0,18,0,8,0,0,0,0,1,1,2,2,24,5,1388,1,12,9,1,9
2016331600717,2,9,0,9,0,6,0,0,0,0,3,1,2,2,28,6,2143,2,2,9,1,9
2016331600718,1,9,0,5,0,6,0,0,0,0,3,1,6,2,18,4,1599,1,13,7,1,7
2016331600718,2,9,0,4,0,8,1,0,0,0,1,1,6,2,-1,-1,1796,1,13,-1,-1,-1
2016331600719,1,9,0,18,0,8,0,0,0,0,1,1,6,1,19,4,1229,1,9,5,1,5
2016331600719,2,9,0,7,0,6,0,0,0,0,1,1,6,2,19,4,1598,1,11,9,2,9
2016331600720,1,1,0,9,2,6,0,0,0,0,1,1,4,1,15,3,-1,-1,-1,1,1,1
2016331600720,2,11,0,18,2,1,0,0,0,0,4,1,6,1,-1,-1,6700,2,3,-1,-1,-1
2016331600721,1,9,0,18,0,1,0,0,0,0,4,1,6,1,45,7,-1,-1,-1,-1,-1,-1
2016331600722,1,3,0,13,0,8,0,0,0,0,1,1,6,1,28,6,124,1,5,4,1,4
2016331600722,2,9,0,9,0,5,0,0,0,0,3,1,6,1,29,6,1339,1,10,-1,-1,-1
2016331600723,1,19,0,4,0,0,0,0,0,0,1,1,1,1,26,6,2402,2,5,2,2,2
2016331600723,2,19,0,4,0,0,0,0,0,0,2,1,1,1,55,8,1560,2,3,1,1,1
2016331600724,1,3,0,14,0,8,0,0,0,0,1,1,2,1,26,6,125,1,-1,4,1,4
2016331600725,1,9,0,6,0,0,0,0,0,0,3,1,6,2,28,6,1995,2,11,8,2,8
2016331600725,2,4,0,13,0,0,0,10,0,0,1,1,6,1,65,9,350,1,-1,9,1,9
2016331600726,1,9,0,16,0,0,0,0,0,0,1,1,6,1,27,6,1998,1,12,7,1,7
2016331600726,2,9,0,17,0,0,0,0,0,0,1,1,2,1,39,7,1598,2,2,9,3,9
2016331600727,1,9,0,18,0,3,0,0,1,7,1,1,6,1,20,4,1399,2,11,9,2,9
2016331600728,1,9,0,5,0,1,0,0,0,0,4,1,6,1,30,6,1900,2,12,-1,-1,-1
2016331600728,2,1,0,18,0,1,0,0,0,0,1,1,6,1,19,4,-1,-1,-1,3,1,3
2016331600729,1,9,0,3,0,1,0,0,0,0,2,1,1,2,35,6,1124,1,11,10,2,10
2016331600729,2,9,0,4,0,1,1,0,0,0,1,1,6,2,-1,-1,2143,2,2,10,1,10
2016331600730,1,9,0,1,0,8,0,0,0,0,2,1,2,2,35,6,1587,1,12,6,1,6
2016331600730,2,1,0,18,0,8,0,0,0,0,1,1,2,1,24,5,-1,-1,-1,3,1,3
2016331600731,1,3,0,18,0,8,0,0,0,0,1,1,6,1,19,4,124,1,3,7,2,7
2016331600731,2,9,0,5,0,4,0,0,0,0,4,1,6,1,37,7,-1,-1,-1,7,2,7
2016331600732,1,9,0,18,0,8,0,0,0,0,3,1,1,2,43,7,1329,1,-1,8,2,8
2016331600732,2,9,0,9,0,6,0,0,0,0,1,1,6,2,34,6,2993,2,2,4,1,4
2016331600733,1,9,0,4,0,1,1,0,0,0,1,1,6,1,57,9,1968,2,10,5,1,5
2016331600733,2,9,0,3,0,1,0,0,0,0,2,1,2,1,27,6,-1,-1,-1,10,2,10
2016331600734,1,9,0,18,0,0,0,0,0,0,4,1,6,3,-1,-1,-1,-1,-1,-1,-1,-1
2016331600735,1,9,0,18,0,1,0,0,0,0,1,1,6,2,32,6,1560,2,4,4,1,4
2016331600735,2,9,0,3,0,1,0,0,0,0,2,1,6,2,30,6,1248,2,12,3,1,3
2016331600735,3,9,0,3,0,1,0,0,0,0,2,1,6,2,24,5,1796,1,9,8,1,8
2016331600736,1,9,0,9,0,5,0,0,0,0,4,1,6,2,26,6,-1,-1,-1,8,2,8
2016331600736,2,9,0,18,0,8,0,0,0,0,1,1,6,1,29,6,-1,-1,-1,6,1,6
2016331600737,1,1,0,18,0,0,0,0,0,0,3,1,6,1,25,5,-1,-1,-1,10,1,10
2016331600737,2,9,0,13,0,0,0,0,0,0,4,1,6,1,-1,-1,-1,-1,-1,-1,-1,-1
2016331600738,1,5,0,4,0,0,0,0,0,0,1,1,6,1,51,8,649,1,48,8,1,8
2016331600738,2,9,0,3,0,0,0,0,0,0,2,1,6,1,37,7,1242,1,14,3,1,3
2016331600739,1,9,0,4,0,0,1,0,0,0,1,1,2,1,33,6,1461,2,13,6,1,6
2016331600739,2,9,0,3,0,0,0,0,1,7,2,1,2,2,48,8,1398,2,4,4,1,4
2016331600740,1,9,0,18,0,0,0,0,1,9,1,1,6,1,25,5,1598,2,3,1,1,1
2016331600741,1,9,0,10,0,8,0,0,7,11,2,1,6,2,66,10,1799,1,6,8,1,8
2016331600741,2,9,0,18,0,8,0,0,0,0,1,1,2,1,67,10,2967,2,3,10,1,10
2016331600742,1,9,0,17,0,0,1,0,1,10,3,1,6,1,24,5,1398,1,1,4,1,4
2016331600744,1,9,0,3,0,1,0,0,0,0,2,1,1,2,43,7,1560,2,4,3,1,3
2016331600744,2,9,0,18,0,1,0,0,0,0,1,1,6,1,50,8,1598,1,15,1,1,1
2016331600745,1,9,0,18,0,8,0,0,0,0,4,1,1,1,61,9,1398,1,13,3,1,3
2016331600745,2,8,0,9,0,6,0,0,0,0,1,1,1,1,45,7,1753,2,9,-1,-1,-1
2016331600746,1,9,0,18,0,0,0,0,0,0,1,1,6,2,43,7,2143,2,-1,2,1,2
2016331600747,1,9,0,18,0,0,0,0,7,0,1,2,6,2,23,5,-1,-1,-1,-1,-1,-1
2016331600747,2,9,0,18,0,0,0,0,1,0,1,1,6,2,25,5,-1,-1,-1,10,2,10