Accident_Index,Vehicle_Reference,Vehicle_Type,Towing_and_Articulation,Vehicle_Manoeuvre,Vehicle_Location-Restricted_Lane,Junction_Location,Skidding_and_Overturning,Hit_Object_in_Carriageway,Vehicle_Leaving_Carriageway,Hit_Object_off_Carriageway,1st_Point_of_Impact,Was_Vehicle_Left_Hand_Drive?,Journey_Purpose_of_Driver,Sex_of_Driver,Age_of_Driver,Age_Band_of_Driver,Engine_Capacity_(CC),Propulsion_Code,Age_of_Vehicle,Driver_IMD_Decile,Driver_Home_Area_Type,Vehicle_IMD_Decile
2016331600885,2,19,0,18,0,0,5,0,0,0,4,1,1,1,25,5,-1,-1,-1,9,1,9
2016331600886,1,9,0,4,0,1,0,0,0,0,0,1,1,1,26,6,1598,2,1,4,1,4
2016331600886,2,9,0,18,0,4,0,0,0,0,1,1,6,1,-1,-1,1360,1,13,-1,-1,-1
2016331600886,3,9,0,18,0,8,0,0,0,0,1,1,6,1,55,8,1995,2,13,10,2,10
2016331600887,1,9,0,5,0,6,0,0,0,0,1,1,6,2,24,5,1598,1,15,3,1,3
2016331600887,2,9,0,18,0,8,0,0,0,0,4,1,6,2,67,10,1951,2,13,6,1,6
2016331600888,1,19,0,5,0,8,0,0,0,0,1,1,1,1,24,5,2402,2,5,1,1,1
2016331600888,2,8,0,2,0,8,0,0,0,0,4,1,3,2,63,9,1248,1,2,7,1,7
2016331600889,1,9,0,7,0,2,1,0,0,0,1,1,6,1,18,4,1796,1,6,8,1,8
2016331600889,2,20,0,18,0,1,0,0,0,0,0,1,1,1,51,8,3920,2,12,5,1,5
2016331600890,1,9,0,16,0,0,0,0,7,0,1,1,6,1,37,7,-1,-1,-1,8,1,8
2016331600891,1,9,0,16,0,0,1,0,7,10,2,1,6,1,19,4,-1,-1,-1,7,2,7
2016331600891,2,9,0,18,0,0,0,0,0,0,1,1,6,2,43,7,1968,2,-1,9,1,9
2016331600892,1,90,0,4,0,8,0,0,0,0,1,1,1,2,44,7,2999,2,1,5,1,5
2016331600892,2,19,0,9,0,6,0,0,0,0,3,1,1,1,55,8,2488,2,8,8,1,8
2016331600894,1,9,0,9,0,2,0,0,0,0,4,1,6,1,32,6,1994,1,16,3,1,3
2016331600894,2,9,0,18,0,1,0,0,0,0,3,1,3,2,38,7,1461,2,1,8,1,8
2016331600895,1,9,0,9,0,5,0,0,0,0,3,1,6,1,60,9,1999,1,15,3,1,3
2016331600895,2,9,0,18,0,8,0,0,0,0,1,1,6,2,45,7,1364,1,2,10,2,10
2016331600895,3,9,0,3,0,1,0,0,0,0,0,1,6,3,-1,-1,-1,-1,-1,-1,-1,-1
2016331600896,1,9,0,9,0,5,0,0,0,0,3,1,6,2,42,7,1339,1,10,2,1,2
2016331600896,2,9,0,9,0,6,0,0,0,0,4,1,6,3,-1,-1,1587,1,16,-1,-1,-1
2016331600897,1,9,0,18,0,8,0,0,0,0,1,1,1,2,31,6,1596,1,18,2,1,2
2016331600897,2,9,0,9,0,4,0,0,0,0,1,1,1,1,22,5,1339,1,8,2,1,2
2016331600898,1,9,0,9,0,2,0,0,0,0,4,1,6,1,67,10,1995,2,11,1,1,1
2016331600899,1,9,0,5,0,6,0,0,1,0,1,1,6,1,56,9,-1,-1,-1,5,1,5
2016331600899,2,9,0,18,0,8,0,0,7,0,1,1,1,1,62,9,998,1,16,4,1,4
2016331600900,1,9,0,9,0,6,0,0,0,0,1,1,6,2,44,7,2987,2,7,10,1,10
2016331600900,2,3,0,14,0,8,0,0,0,0,1,1,6,1,21,5,125,1,1,9,1,9
2016331600900,3,9,0,3,0,8,0,0,0,0,0,1,6,1,49,8,-1,-1,-1,10,1,10
2016331600901,1,9,0,3,0,8,0,0,0,0,2,1,2,1,27,6,1995,2,10,1,1,1
2016331600901,2,8,0,4,0,8,0,0,0,0,1,1,1,1,28,6,-1,-1,-1,6,1,6
2016331600902,1,19,0,16,0,0,0,0,0,0,4,1,2,1,35,6,1598,2,3,9,1,9
2016331600903,1,5,0,13,0,8,0,0,7,2,4,1,6,1,57,9,-1,-1,-1,9,3,9
2016331600903,2,21,0,9,0,5,0,0,0,0,3,1,1,1,37,7,-1,-1,-1,8,1,8
2016331600904,1,9,0,4,0,8,1,0,0,0,1,1,6,1,20,4,1299,1,13,-1,-1,-1
2016331600904,2,9,0,7,0,4,0,0,0,0,3,1,6,1,34,6,1910,2,8,3,1,3
2016331600905,1,19,0,1,0,8,0,0,0,0,2,1,1,1,65,9,1968,2,1,7,1,7
2016331600906,1,9,0,18,0,0,1,0,7,3,1,1,6,1,27,6,2171,1,15,5,1,5
2016331600907,1,5,0,17,0,0,1,0,1,1,1,1,6,1,29,6,599,1,13,8,3,8
2016331600908,1,9,0,7,0,2,1,0,7,4,1,1,6,1,35,6,1968,2,1,4,1,4
2016331600909,1,9,0,18,0,0,0,0,0,0,2,1,6,1,27,6,1968,2,6,-1,-1,-1
2016331600909,2,9,0,18,0,0,0,0,0,0,1,1,6,1,68,10,-1,-1,-1,6,1,6
2016331600910,1,90,0,13,0,1,5,0,0,0,1,1,6,1,24,5,359,1,6,3,1,3
2016331600910,2,9,0,9,0,5,0,0,0,0,0,1,6,3,-1,-1,-1,-1,-1,-1,-1,-1
2016331600911,1,9,0,9,0,6,0,0,0,0,1,1,6,2,19,4,998,1,12,10,1,10
2016331600911,2,9,0,18,0,8,0,0,0,0,4,1,6,1,24,5,1994,1,13,-1,-1,-1
2016331600912,1,19,0,7,0,5,0,0,0,0,1,1,6,3,-1,-1,-1,-1,-1,-1,-1,-1
2016331600913,1,9,0,13,0,8,0,0,0,0,1,1,6,1,-1,-1,1595,1,9,-1,-1,-1
2016331600913,2,9,0,9,0,5,0,0,0,0,4,1,6,1,25,5,-1,-1,-1,1,1,1
2016331600915,1,9,0,12,0,0,5,0,1,9,4,1,6,2,21,5,-1,-1,-1,8,1,8
2016331600916,1,10,0,4,0,0,0,0,0,0,1,1,3,1,26,6,2198,2,7,-1,-1,-1
2016331600916,2,9,0,4,0,0,0,0,0,0,2,1,2,1,36,7,1206,1,5,-1,-1,-1
2016331600916,3,9,0,3,0,0,0,0,0,0,2,1,2,2,32,6,-1,-1,-1,7,2,7
2016331600917,1,9,0,9,0,5,0,0,0,0,1,1,6,1,31,6,1991,2,9,1,1,1
2016331600917,2,9,0,18,0,8,0,0,0,0,3,1,6,2,53,8,2148,2,11,4,1,4
2016331600918,1,9,0,4,0,1,0,0,0,0,2,1,6,1,38,7,1598,1,11,1,1,1
2016331600918,2,9,0,18,0,1,0,0,0,0,1,1,6,2,30,6,1968,2,2,-1,-1,-1
2016331600919,1,9,0,5,0,1,0,0,7,11,0,1,6,2,52,8,1388,1,15,6,1,6
2016331600920,1,9,0,18,0,4,1,0,1,10,1,1,6,1,77,11,1900,2,18,8,1,8
2016331600921,1,9,0,3,0,0,0,0,0,0,2,1,1,2,55,8,1598,2,2,9,2,9
2016331600921,2,9,0,4,0,0,0,0,0,0,1,1,1,1,53,8,1598,1,16,10,1,10
2016331600922,1,8,0,18,0,8,0,0,0,0,1,1,1,1,45,7,1229,1,3,5,1,5
2016331600922,2,9,0,9,0,6,0,0,0,0,3,1,6,2,70,10,1240,1,8,1,1,1
2016331600923,1,9,0,7,0,5,0,0,0,0,1,1,6,1,-1,-1,-1,-1,-1,-1,-1,-1
2016331600923,2,1,0,18,0,8,0,0,0,0,2,1,6,2,36,7,-1,-1,-1,6,1,6
2016331600924,1,9,0,3,0,0,0,0,0,0,2,1,1,1,23,5,2967,1,6,7,1,7
2016331600924,2,9,0,18,0,0,0,0,0,0,4,1,2,1,19,4,1200,1,-1,4,1,4
2016331600925,1,9,0,18,0,8,0,0,0,0,1,1,6,2,27,6,2497,2,9,-1,-1,-1
2016331600925,2,9,0,9,0,5,0,0,0,0,1,1,6,2,30,6,1396,1,15,-1,-1,-1
2016331600926,1,9,0,13,0,0,1,0,1,7,1,1,6,2,41,7,1598,1,10,9,2,9
2016331600927,1,9,0,14,0,8,1,0,7,0,1,1,6,3,-1,-1,1968,2,6,-1,-1,-1
2016331600927,2,9,0,10,0,8,0,0,0,0,3,1,6,2,66,10,1339,1,10,-1,-1,-1
2016331600928,1,9,0,16,0,0,5,0,7,0,1,1,6,2,37,7,1332,1,8,2,1,2
2016331600929,1,4,0,18,0,1,1,0,0,0,1,1,6,1,43,7,1131,1,9,6,1,6
2016331600929,2,9,0,9,0,6,0,0,0,0,1,1,6,1,60,9,998,1,11,9,1,9
2016331600929,3,9,0,2,0,8,0,0,0,0,1,1,6,3,-1,-1,1390,1,15,-1,-1,-1
2016331600930,1,9,0,18,0,2,0,0,0,0,2,1,6,1,45,7,1968,2,8,10,3,10
2016331600930,2,9,0,18,0,2,0,0,0,0,3,1,6,1,86,11,1242,1,4,8,2,8
2016331600930,3,9,0,7,0,6,1,0,0,0,1,1,6,2,87,11,1296,1,21,8,1,8
2016331600931,1,9,0,5,0,0,0,0,0,0,2,1,6,2,63,9,-1,-1,-1,5,1,5
2016331600932,1,9,0,18,0,8,0,4,0,0,3,1,6,2,23,5,1248,1,2,-1,-1,-1
2016331600932,2,9,0,7,0,6,0,0,0,0,1,1,6,1,20,4,-1,-1,-1,-1,-1,-1
2016331600932,3,9,0,2,0,8,0,0,0,0,4,1,6,3,-1,-1,-1,-1,-1,-1,-1,-1
2016331600933,1,9,0,18,0,8,0,0,0,0,1,1,6,2,26,6,998,1,14,9,2,9
2016331600933,2,9,0,9,0,6,0,0,3,9,3,1,6,2,77,11,995,1,8,8,2,8
2016331600934,1,9,0,18,0,1,0,0,0,0,3,1,6,1,70,10,-1,-1,-1,8,1,8
2016331600934,2,22,0,18,0,1,5,0,0,0,4,1,6,2,77,11,-1,-1,-1,3,1,3
2016331600935,1,9,0,2,0,0,0,0,0,0,0,1,6,1,28,6,1242,1,12,3,1,3
2016331600935,2,9,0,18,0,0,0,0,0,0,1,1,6,1,30,6,1995,2,2,-1,-1,-1
2016331600936,1,90,0,18,0,0,1,0,7,6,2,1,6,1,64,9,-1,-1,-1,5,1,5
2016331600936,2,9,0,13,0,0,1,0,7,6,1,1,6,1,24,5,1798,1,10,-1,-1,-1
2016331600937,1,9,0,18,0,1,0,0,0,0,1,1,6,1,20,4,-1,-1,-1,-1,-1,-1
2016331600938,1,9,0,4,0,0,0,0,0,0,2,1,6,1,69,10,1461,2,6,8,1,8
2016331600938,2,9,0,4,0,0,0,0,0,0,1,1,6,2,28,6,-1,-1,-1,-1,-1,-1
2016331600938,3,9,0,4,0,0,0,0,0,0,2,1,6,1,36,7,2521,1,9,1,2,1
2016331600938,4,9,0,4,0,0,0,0,0,0,1,1,6,1,25,5,1360,1,7,10,1,10
2016331600939,1,9,0,5,0,0,0,0,0,0,1,1,6,2,38,7,1364,2,9,5,1,5
2016331600939,2,1,0,18,0,0,0,0,0,0,3,1,6,1,37,7,-1,-1,-1,4,1,4
2016331600940,1,3,0,17,0,0,0,10,1,10,1,1,6,1,25,5,125,1,1,3,1,3
2016331600940,2,9,0,17,0,0,0,0,0,0,0,1,6,1,-1,-1,-1,-1,-1,-1,-1,-1
2016331600941,1,9,0,18,0,8,0,0,0,0,3,1,6,1,66,10,1968,2,1,7,2,7
2016331600941,2,9,0,5,0,6,0,0,0,0,1,1,6,1,65,9,1798,1,10,6,1,6
2016331600942,1,5,0,17,0,0,1,0,1,0,4,1,6,1,51,8,-1,-1,-1,8,1,8
2016331600943,1,9,0,18,0,2,0,0,0,0,1,1,6,1,56,9,2148,2,12,-1,-1,-1
2016331600944,1,9,0,18,0,1,1,0,1,4,1,1,6,2,21,5,1242,1,8,-1,-1,-1
2016331600944,2,9,0,2,0,1,0,0,0,0,0,1,6,3,-1,-1,-1,-1,-1,-1,-1,-1
2016331600945,1,9,0,9,0,8,0,0,0,0,1,1,6,1,28,6,2996,1,10,-1,-1,-1
2016331600945,2,9,0,18,0,8,0,0,0,0,1,1,6,1,54,8,1299,1,11,7,1,7
2016331600945,3,11,0,18,0,8,0,0,0,0,0,1,1,3,-1,-1,-1,-1,-1,-1,-1,-1
2016331600946,1,9,0,7,0,6,1,0,0,0,1,1,2,1,23,5,1969,2,1,6,1,6
2016331600946,2,9,0,18,0,8,0,0,0,0,4,1,1,1,58,9,998,1,2,6,1,6
2016331600947,1,9,0,16,0,3,0,0,0,0,1,1,6,2,52,8,2494,8,1,8,1,8
2016331600947,2,9,0,18,0,1,0,0,0,0,1,1,6,1,59,9,1796,1,12,5,1,5
2016331600949,1,9,0,5,0,4,0,0,0,0,1,1,2,2,26,6,1390,1,5,2,1,2
2016331600949,2,9,0,4,0,4,0,0,0,0,2,1,6,1,-1,-1,-1,-1,-1,5,2,5
2016331600950,1,19,0,18,0,2,0,0,0,0,1,1,6,1,36,7,2148,2,10,9,1,9
2016331600950,2,5,0,4,0,2,0,0,0,0,2,1,6,1,52,8,1600,1,6,7,1,7
2016331600951,1,9,0,5,0,0,0,0,0,0,1,1,1,1,-1,-1,1399,2,7,-1,-1,-1
2016331600952,1,9,0,7,0,5,0,0,0,0,2,1,2,1,50,8,1997,2,7,10,1,10
2016331600952,2,9,0,18,0,8,0,0,0,0,1,1,2,2,20,4,-1,-1,-1,5,1,5
2016331600953,1,9,0,16,0,0,2,0,7,10,1,1,6,2,20,4,1242,1,13,7,2,7
2016331600954,1,9,0,1,0,2,0,0,0,0,2,1,6,2,45,7,1968,2,5,4,1,4
2016331600955,1,9,0,18,0,0,0,0,0,0,1,1,6,2,45,7,998,1,17,-1,-1,-1
2016331600956,1,9,0,18,0,6,0,0,1,0,1,1,6,2,24,5,1198,1,12,6,1,6
2016331600956,2,9,0,17,0,8,0,0,0,0,1,1,6,1,31,6,1390,1,2,8,2,8
2016331600957,1,9,0,18,4,4,0,0,0,0,1,1,6,1,31,6,-1,-1,-1,9,1,9
2016331600957,2,1,0,18,0,8,0,0,0,0,4,1,6,1,61,9,-1,-1,-1,6,1,6
2016331600959,1,9,0,9,0,6,1,7,4,1,3,1,6,1,30,6,1905,2,18,3,1,3
2016331600959,2,9,0,18,0,8,1,0,0,0,1,1,6,3,-1,-1,1598,1,18,-1,-1,-1
2016331600960,1,9,0,5,0,1,0,0,0,0,3,1,6,3,-1,-1,1968,2,2,-1,-1,-1
2016331600960,2,9,0,3,0,1,0,0,0,0,4,1,6,2,49,8,1229,1,6,5,1,5
2016331600961,1,9,0,2,0,0,0,0,0,0,3,1,6,2,40,7,1396,1,15,-1,-1,-1
2016331600961,2,1,0,14,0,0,0,0,0,0,4,1,6,2,40,7,-1,-1,-1,-1,-1,-1
2016331600962,1,9,0,17,0,0,1,10,1,2,3,1,6,1,38,7,2184,2,11,3,1,3
2016331600963,1,9,0,9,0,4,0,0,0,0,3,1,6,3,-1,-1,-1,-1,-1,-1,-1,-1
2016331600963,2,1,0,18,0,8,0,0,0,0,1,1,6,1,22,5,-1,-1,-1,1,1,1
2016331600964,1,4,0,15,2,1,0,0,1,0,1,1,1,1,18,4,-1,-1,-1,5,2,5
2016331600964,2,9,0,11,0,1,0,0,0,0,2,1,6,3,-1,-1,-1,-1,-1,-1,-1,-1
2016331600965,1,9,0,18,0,1,0,0,0,0,1,1,6,2,50,8,1242,1,5,5,1,5
2016331600965,2,9,0,18,0,2,5,0,0,0,1,1,6,1,75,10,1339,1,12,5,1,5
2016331600966,1,9,0,7,0,6,0,0,0,0,1,1,6,1,69,10,-1,-1,-1,4,1,4
2016331600966,2,1,0,18,0,8,0,0,0,0,3,1,2,2,27,6,-1,-1,-1,6,1,6
2016331600968,1,8,0,3,0,8,0,0,0,0,2,1,1,2,30,6,1995,2,8,7,1,7
2016331600968,2,1,0,18,0,8,0,0,0,0,1,1,1,1,48,8,-1,-1,-1,2,1,2
2016331600968,3,9,0,10,0,8,0,0,0,0,0,1,6,3,-1,-1,-1,-1,-1,-1,-1,-1
2016331600969,1,9,0,4,0,0,0,0,0,0,1,1,2,1,47,8,1995,2,4,9,1,9
2016331600969,2,9,0,4,0,0,0,0,0,0,2,1,2,1,22,5,1796,1,6,2,1,2
2016331600969,3,9,0,4,0,0,0,0,0,0,2,1,6,2,-1,-1,3311,8,8,-1,-1,-1
2016331600970,1,9,0,4,0,8,0,0,7,4,1,1,6,1,71,10,1796,1,9,8,2,8
2016331600970,2,9,0,5,0,6,0,0,1,4,1,1,2,1,78,11,-1,-1,-1,7,1,7
2016331600971,1,9,0,18,0,0,0,0,0,0,1,1,6,2,21,5,1299,1,16,-1,-1,-1
2016331600971,2,9,0,18,0,0,0,0,0,0,1,1,6,2,-1,-1,1598,1,10,-1,-1,-1
2016331600972,1,19,0,2,9,0,0,0,0,0,3,1,6,1,41,7,1998,2,10,10,1,10
2016331600972,2,19,0,14,0,0,0,0,0,0,4,1,6,1,45,7,2148,2,8,-1,-1,-1
2016331600973,1,9,0,9,0,5,0,0,0,0,1,1,6,1,62,9,1598,1,12,10,1,10
2016331600973,2,1,0,18,0,8,1,0,0,0,1,1,6,1,17,4,-1,-1,-1,10,1,10
2016331600974,1,9,0,18,0,0,2,0,7,9,1,1,6,1,62,9,1988,2,12,1,1,1
2016331600975,1,9,0,10,0,1,0,0,0,0,2,1,1,1,25,5,1196,1,27,10,1,10
2016331600975,2,9,0,10,0,1,0,0,0,0,2,1,3,1,48,8,1395,1,2,8,1,8
2016331600975,3,9,0,18,0,1,0,0,2,0,1,1,1,2,57,9,1388,1,4,10,2,10
2016331600976,1,9,0,3,0,1,0,0,0,0,2,1,6,2,46,8,1686,2,3,7,1,7
2016331600976,2,9,0,18,0,1,0,0,0,0,1,1,2,2,21,5,1328,1,7,8,1,8
2016331600976,3,9,0,18,0,1,0,0,0,0,3,1,6,1,54,8,2521,1,9,8,1,8
2016331600977,1,9,0,9,0,6,0,0,0,0,3,1,3,2,24,5,1229,1,8,9,3,9
2016331600977,2,5,0,13,0,8,0,0,0,0,4,1,6,1,58,9,883,1,11,9,2,9
2016331600978,1,9,0,10,0,1,0,0,0,0,4,1,6,1,23,5,1968,2,7,3,1,3
2016331600978,2,1,0,4,0,1,0,0,0,0,1,1,6,1,13,3,-1,-1,-1,-1,-1,-1
2016331600979,1,9,0,4,0,0,1,0,4,6,1,1,1,2,25,5,1242,1,1,9,3,9
2016331600979,2,9,0,4,0,0,0,0,4,6,2,1,1,1,32,6,2493,8,2,9,1,9
2016331600979,3,19,0,4,0,0,0,0,0,0,2,1,1,1,56,9,1968,2,2,-1,-1,-1
2016331600979,4,9,0,4,0,0,0,0,0,0,2,1,1,2,28,6,1598,2,2,6,3,6
2016331600979,5,9,0,4,0,0,0,0,0,0,2,1,1,1,25,5,1197,1,-1,10,1,10
2016331600980,1,9,0,18,0,8,0,0,0,0,1,1,6,1,26,6,1124,1,14,2,1,2
2016331600980,2,9,0,9,0,5,0,0,0,0,4,1,6,2,33,6,1242,1,12,10,1,10
2016331600981,1,9,0,18,0,2,5,10,2,1,1,1,6,1,48,8,1364,1,2,1,1,1
2016331600982,1,19,0,2,0,0,0,0,1,0,2,1,1,1,35,6,1560,2,3,10,3,10
2016331600982,2,9,0,2,0,0,0,0,0,0,1,1,6,3,-1,-1,-1,-1,-1,2,1,2
2016331600984,1,9,0,7,0,3,0,0,0,0,1,1,6,2,25,5,1590,1,16,10,2,10
2016331600984,2,9,0,7,0,3,0,0,0,0,2,1,6,1,29,6,2967,2,5,-1,-1,-1
2016331600985,1,9,0,18,0,0,2,0,1,4,1,1,2,1,34,6,1796,1,8,4,1,4
2016331600986,1,1,0,18,0,0,0,0,0,0,2,1,4,1,13,3,-1,-1,-1,9,1,9
2016331600986,2,9,0,5,0,0,0,0,0,0,1,1,6,2,-1,-1,-1,-1,-1,-1,-1,-1
2016331600987,1,3,0,7,0,2,1,0,0,0,1,1,6,1,20,4,125,1,2,10,1,10
2016331600988,1,9,0,7,0,5,0,0,0,0,0,1,6,3,-1,-1,-1,-1,-1,-1,-1,-1
2016331600988,2,1,0,9,0,1,0,10,0,0,1,1,2,2,43,7,-1,-1,-1,1,1,1
2016331600989,1,9,0,9,0,8,5,10,1,4,4,1,6,1,27,6,-1,-1,-1,6,1,6
2016331600990,1,5,0,16,0,0,0,0,7,0,1,1,6,1,55,8,883,1,11,-1,-1,-1
2016331600990,2,9,0,17,0,0,0,0,1,0,3,1,6,1,38,7,1598,1,3,-1,-1,-1
2016331600991,1,9,0,4,0,2,0,0,0,0,1,1,6,1,60,9,1499,2,1,7,1,7
2016331600991,2,19,0,2,0,2,0,0,0,0,0,1,6,3,-1,-1,-1,-1,-1,-1,-1,-1
2016331600992,1,9,0,18,0,4,0,9,3,1,1,1,6,1,60,9,1900,2,11,10,1,10
2016331600993,1,9,0,4,0,0,0,0,0,0,1,1,6,1,71,10,1399,2,8,2,1,2
2016331600994,1,9,0,9,0,6,0,0,0,0,1,1,1,1,31,6,2143,2,1,8,1,8
2016331600994,2,20,0,18,0,8,0,0,0,0,1,1,1,1,36,7,-1,-1,-1,6,1,6
2016331600995,1,9,0,17,0,0,1,0,1,4,1,1,6,2,21,5,973,1,15,9,1,9
2016331600996,1,9,0,18,0,0,0,0,0,0,4,1,6,3,-1,-1,-1,-1,-1,-1,-1,-1
2016331600996,2,9,0,2,0,0,0,0,0,0,0,1,6,1,31,6,-1,-1,-1,5,1,5
2016331600997,1,9,0,9,0,6,0,0,0,0,1,1,6,2,36,7,1685,2,4,7,1,7
2016331600997,2,1,0,17,0,8,0,0,0,0,1,1,6,1,63,9,-1,-1,-1,9,1,9
2016331600998,1,9,0,16,0,0,2,0,0,0,1,1,6,2,19,4,1328,1,14,-1,-1,-1
2016331601001,1,21,1,5,8,6,0,0,0,0,2,1,1,1,48,8,-1,-1,-1,9,1,9
2016331601001,2,19,0,18,0,8,0,0,7,6,1,1,1,1,43,7,1968,2,1,5,1,5
2016331601002,1,9,0,14,0,2,0,0,0,0,4,1,6,3,-1,-1,-1,-1,-1,-1,-1,-1
2016331601003,1,9,0,7,0,6,0,0,0,0,1,1,6,2,31,6,1242,1,7,6,1,6
2016331601003,2,9,0,17,0,8,0,0,0,0,1,1,6,2,28,6,1198,1,11,8,3,8
2016331601004,1,3,0,17,0,0,0,0,0,0,4,1,6,1,73,10,124,1,7,9,3,9
2016331601005,1,9,0,17,0,0,1,0,2,2,4,1,6,2,36,7,1870,2,12,7,1,7
2016331601006,1,9,0,7,0,6,0,0,0,0,0,1,6,1,70,10,1398,2,6,9,1,9
2016331601006,2,1,0,17,0,8,0,0,0,0,0,1,6,1,41,7,-1,-1,-1,8,2,8
2016331601007,1,9,0,18,0,2,5,0,0,0,1,1,6,2,25,5,1560,2,2,9,3,9
2016331601007,2,9,0,2,0,2,0,0,0,0,1,1,6,2,25,5,1984,2,4,7,2,7
2016331601008,1,21,1,16,0,0,1,0,0,0,3,1,1,1,55,8,12419,2,1,1,1,1
2016331601008,2,9,0,17,0,0,0,0,7,0,1,1,2,1,50,8,1197,1,1,9,3,9
2016331601009,1,9,0,9,0,5,0,0,0,0,2,1,1,2,39,7,1349,1,5,8,1,8
2016331601009,2,9,0,18,0,8,0,0,0,0,1,1,1,1,36,7,1753,2,10,6,1,6
2016331601010,1,21,0,4,0,8,0,0,0,0,1,1,1,1,62,9,-1,2,14,-1,-1,-1
2016331601010,2,9,0,5,0,6,0,0,0,0,3,1,6,2,58,9,1951,2,12,-1,-1,-1
2016331601011,1,9,0,4,0,0,0,0,0,0,1,1,6,2,51,8,1896,2,6,6,1,6
2016331601011,2,9,0,3,0,0,0,0,0,0,2,1,6,2,31,6,2143,2,2,8,1,8
2016331601012,1,9,0,18,0,8,5,0,1,7,1,1,1,1,59,9,1796,1,13,3,1,3
2016331601013,1,19,0,16,0,2,0,0,0,0,1,1,1,1,46,8,1598,2,8,3,1,3
2016331601013,2,9,0,17,0,1,0,0,1,9,1,1,6,2,26,6,1560,2,4,6,1,6
2016331601013,3,9,0,17,0,1,0,0,0,0,1,1,6,2,30,6,1560,2,1,10,1,10
2016331601014,1,9,0,2,0,0,0,0,1,9,2,1,2,1,37,7,1998,1,23,1,1,1
2016331601014,2,19,0,4,0,0,0,0,0,0,1,1,1,1,44,7,2198,2,1,-1,-1,-1
2016331601014,3,9,0,11,0,0,0,0,0,0,4,1,6,3,-1,-1,-1,-1,-1,-1,-1,-1
2016331601015,1,9,0,5,0,6,0,0,0,0,1,1,6,3,-1,-1,2000,1,16,-1,-1,-1
2016331601015,2,9,0,18,0,8,0,0,0,0,1,1,6,1,49,8,1299,1,15,4,1,4
2016331601016,1,19,0,4,0,1,0,0,0,0,1,1,1,1,33,6,2402,2,10,-1,-1,-1
2016331601016,2,9,0,7,0,2,0,0,0,0,1,1,6,2,25,5,1329,1,3,6,1,6
2016331601017,1,9,0,9,0,6,0,0,0,0,3,1,2,2,23,5,-1,-1,-1,7,1,7
2016331601017,2,9,0,17,0,8,0,0,0,0,1,1,6,1,76,11,1329,1,5,7,2,7
2016331601018,1,9,0,18,0,2,0,0,0,0,1,1,6,1,21,5,2143,2,4,3,1,3
2016331601018,2,9,0,18,0,1,0,0,0,0,1,1,6,2,33,6,1598,1,11,-1,-1,-1
2016331601018,3,9,0,2,6,1,0,0,0,0,3,1,6,1,-1,-1,1753,2,12,-1,-1,-1
2016331601018,4,9,0,9,0,2,0,0,0,0,0,1,6,3,-1,-1,-1,-1,-1,-1,-1,-1
2016331601019,1,9,0,17,0,2,0,0,0,0,1,1,6,1,55,8,1598,1,15,6,1,6
2016331601019,2,9,0,16,0,1,0,0,0,0,1,1,6,1,36,7,1995,2,8,8,1,8
2016331601020,1,9,0,9,0,6,1,0,7,0,1,1,2,1,25,5,2000,2,11,-1,-1,-1
2016331601020,2,9,0,18,0,8,0,0,0,0,1,1,2,1,24,5,1995,2,12,-1,-1,-1
2016331601021,1,9,0,18,0,0,0,0,1,3,1,1,6,1,21,5,1968,2,10,9,2,9
2016331601022,1,9,0,5,0,8,0,0,0,0,2,1,6,2,24,5,1339,1,12,4,1,4
2016331601022,2,21,0,11,0,8,0,0,0,0,1,1,1,1,55,8,12130,2,12,1,1,1
2016331601023,1,9,0,10,0,8,0,0,0,0,2,1,6,1,44,7,1968,2,5,1,1,1
2016331601023,2,9,0,15,0,8,0,0,0,0,2,1,6,2,71,10,1390,1,2,9,2,9
2016331601023,3,9,0,18,0,8,0,0,0,0,1,1,6,2,25,5,1968,2,5,8,1,8
2016331601023,4,9,0,18,0,8,0,0,0,0,1,1,6,1,41,7,-1,-1,-1,10,1,10
2016331601024,1,9,0,4,0,1,0,0,0,0,1,1,6,1,40,7,1598,1,9,1,1,1
2016331601024,2,1,0,18,0,1,0,0,0,0,3,1,6,1,35,6,-1,-1,-1,1,1,1
2016331601025,1,9,0,17,0,0,1,0,1,4,1,1,6,2,19,4,1399,2,4,-1,-1,-1
2016331601026,1,9,0,16,0,0,0,0,7,0,3,1,6,1,39,7,-1,-1,-1,10,1,10
2016331601028,1,4,0,13,0,8,0,0,0,0,1,1,1,1,28,6,400,1,18,10,1,10
2016331601028,2,9,0,18,0,8,0,0,0,0,1,1,1,2,26,6,1242,1,5,7,1,7
2016331601028,3,19,0,18,0,8,0,0,0,0,0,1,6,1,32,6,1686,2,10,-1,-1,-1
2016331601029,1,9,0,9,0,5,0,0,0,0,1,1,6,2,24,5,1149,1,15,1,1,1
2016331601029,2,9,0,18,0,8,0,0,0,0,1,1,6,1,64,9,1798,1,12,4,1,4
2016331601031,1,9,0,16,0,0,0,0,0,0,1,1,2,1,49,8,1995,2,8,-1,-1,-1
2016331601031,2,19,4,4,0,0,0,0,0,0,2,1,1,1,55,8,1995,2,2,-1,-1,-1
2016331601032,1,9,0,18,0,4,0,9,3,10,1,1,1,1,40,7,2993,2,1,-1,-1,-1