Accident_Index,Vehicle_Reference,Vehicle_Type,Towing_and_Articulation,Vehicle_Manoeuvre,Vehicle_Location-Restricted_Lane,Junction_Location,Skidding_and_Overturning,Hit_Object_in_Carriageway,Vehicle_Leaving_Carriageway,Hit_Object_off_Carriageway,1st_Point_of_Impact,Was_Vehicle_Left_Hand_Drive?,Journey_Purpose_of_Driver,Sex_of_Driver,Age_of_Driver,Age_Band_of_Driver,Engine_Capacity_(CC),Propulsion_Code,Age_of_Vehicle,Driver_IMD_Decile,Driver_Home_Area_Type,Vehicle_IMD_Decile
2016331601179,4,9,0,18,0,0,0,0,0,0,1,1,6,1,24,5,1995,2,13,3,1,3
2016331601180,1,4,0,18,0,3,1,0,0,0,1,1,6,1,63,9,198,1,13,6,2,6
2016331601181,1,9,0,18,0,3,1,10,1,1,4,1,6,1,34,6,1495,1,9,1,1,1
2016331601182,1,9,0,4,0,0,0,0,0,0,2,1,1,1,27,6,1798,1,11,8,1,8
2016331601182,2,9,0,4,0,0,0,0,0,0,1,1,6,1,18,4,1149,1,12,9,2,9
2016331601183,1,9,0,18,0,0,0,0,0,0,1,1,6,2,40,7,1200,1,1,9,1,9
2016331601184,1,9,0,18,0,0,0,0,7,6,1,1,2,2,29,6,1206,1,3,2,1,2
2016331601184,2,9,0,18,0,0,0,0,0,0,2,1,2,1,61,9,1995,2,5,6,1,6
2016331601185,1,9,0,9,0,6,0,0,0,0,1,1,1,1,32,6,-1,-1,-1,5,1,5
2016331601185,2,19,0,18,0,8,0,0,0,0,1,1,6,1,73,10,-1,-1,-1,10,1,10
2016331601186,1,19,0,14,0,0,1,0,0,0,1,1,1,1,51,8,-1,-1,-1,7,1,7
2016331601187,1,9,0,18,0,8,0,0,0,0,1,1,3,2,37,7,1968,2,9,4,1,4
2016331601189,1,9,0,6,0,2,0,0,0,0,3,1,6,1,19,4,1598,2,1,9,2,9
2016331601189,2,3,0,13,0,2,0,0,7,0,1,1,1,1,24,5,124,1,3,3,1,3
2016331601190,1,9,0,9,0,6,0,0,0,0,1,1,1,2,35,6,1956,2,5,6,1,6
2016331601190,2,9,0,18,0,8,0,0,0,0,1,1,1,1,60,9,1560,2,4,7,1,7
2016331601191,1,9,0,9,0,6,0,0,0,0,1,1,6,1,36,7,1396,1,16,-1,-1,-1
2016331601191,2,9,0,18,0,8,0,0,0,0,1,1,6,1,42,7,1799,1,9,1,1,1
2016331601192,1,9,0,3,0,0,0,0,0,0,2,1,2,1,61,9,2494,1,17,3,1,3
2016331601192,2,9,0,18,0,0,0,0,0,0,1,1,6,1,24,5,-1,-1,-1,-1,-1,-1
2016331601193,1,8,0,1,0,5,0,0,0,0,2,1,1,1,54,8,-1,-1,-1,6,1,6
2016331601194,1,9,0,2,0,8,0,0,0,0,3,1,1,1,55,8,1968,2,3,-1,-1,-1
2016331601194,2,1,0,14,0,1,0,0,0,0,1,1,2,1,26,6,-1,-1,-1,-1,-1,-1
2016331601194,3,9,0,14,0,1,0,0,0,0,1,1,6,1,50,8,-1,-1,-1,-1,-1,-1
2016331601195,1,9,0,9,0,3,0,0,0,0,4,1,6,1,62,9,-1,-1,-1,8,2,8
2016331601195,2,9,0,18,0,3,0,0,0,0,3,1,6,1,31,6,1910,2,10,1,1,1
2016331601196,1,11,0,9,0,5,0,0,0,0,0,1,1,1,43,7,7300,2,11,7,1,7
2016331601196,2,9,0,9,0,6,0,0,0,0,0,1,6,3,-1,-1,1968,2,3,-1,-1,-1
2016331601197,1,5,0,13,0,0,0,0,7,0,1,1,6,1,40,7,-1,-1,-1,4,1,4
2016331601197,2,9,0,18,0,0,0,0,0,0,1,1,6,2,55,8,1461,2,5,6,3,6
2016331601199,1,9,0,16,0,0,2,0,7,9,1,1,6,2,17,4,1242,1,14,4,1,4
2016331601201,1,9,0,18,0,8,0,0,0,0,1,1,6,1,26,6,1984,1,7,1,1,1
2016331601201,2,9,0,18,0,6,0,7,0,0,3,1,6,1,30,6,1968,2,4,4,1,4
2016331601202,1,9,0,5,0,8,0,0,0,0,1,1,2,2,35,6,1242,1,14,3,1,3
2016331601202,2,9,0,5,0,8,0,0,0,0,2,2,6,1,-1,-1,-1,-1,-1,-1,-1,-1
2016331601203,1,9,0,18,0,0,0,0,0,0,1,1,6,1,62,9,1388,1,16,3,1,3
2016331601204,1,9,0,4,0,0,0,0,0,0,4,1,6,3,-1,-1,1498,1,8,-1,-1,-1
2016331601205,1,9,0,4,0,0,0,0,4,6,3,1,2,2,37,7,2143,2,2,6,1,6
2016331601205,2,9,0,11,0,0,1,0,1,7,4,1,2,1,37,7,1582,2,6,3,1,3
2016331601205,3,9,0,18,0,0,0,0,0,0,3,1,2,1,30,6,-1,-1,-1,2,1,2
2016331601206,1,9,0,4,0,1,0,0,0,0,1,1,1,1,60,9,2143,2,2,1,1,1
2016331601206,2,1,0,18,0,6,0,0,0,0,3,1,2,2,26,6,-1,-1,-1,2,1,2
2016331601207,1,9,0,18,0,1,0,0,0,0,1,1,2,1,37,7,-1,-1,-1,4,1,4
2016331601208,1,9,0,1,0,6,0,0,0,0,2,1,6,1,20,4,-1,-1,-1,-1,-1,-1
2016331601209,1,9,0,18,0,6,0,0,0,0,1,1,6,1,23,5,1598,1,15,-1,-1,-1
2016331601209,2,8,0,5,0,8,0,0,0,0,3,1,1,1,43,7,1800,8,3,1,1,1
2016331601210,1,1,0,17,0,8,0,0,0,0,0,1,2,1,49,8,-1,-1,-1,8,1,8
2016331601210,2,9,0,7,0,5,0,0,0,0,0,1,6,2,26,6,1339,1,14,9,1,9
2016331601211,1,9,0,7,0,5,0,0,0,0,2,1,6,2,22,5,1398,2,14,7,1,7
2016331601211,2,1,0,18,0,8,0,0,0,0,1,1,6,1,61,9,-1,-1,-1,4,1,4
2016331601212,1,9,0,9,0,6,0,0,0,0,1,1,6,1,25,5,2497,2,14,-1,-1,-1
2016331601212,2,9,0,18,0,8,0,0,0,0,1,1,6,2,33,6,1198,1,7,5,1,5
2016331601212,3,9,0,2,0,8,0,0,0,0,3,1,1,1,54,8,1896,2,13,2,1,2
2016331601213,1,9,0,18,0,6,0,0,0,0,3,1,6,1,-1,-1,1998,1,12,-1,-1,-1
2016331601213,2,8,0,18,0,8,1,0,0,0,4,1,6,1,51,8,1896,2,8,9,1,9
2016331601214,1,9,0,18,0,0,0,0,0,0,1,1,6,2,30,6,1587,1,12,4,1,4
2016331601214,2,9,0,18,0,0,0,0,0,0,2,1,6,2,43,7,1395,1,-1,9,2,9
2016331601215,1,9,0,7,0,5,0,0,0,0,4,1,6,1,20,4,1198,1,8,-1,-1,-1
2016331601215,2,1,0,18,0,8,0,0,0,0,1,1,6,1,28,6,-1,-1,-1,3,1,3
2016331601216,1,9,0,18,0,0,0,0,0,0,1,1,6,1,20,4,1199,1,12,2,1,2
2016331601216,2,9,0,4,0,0,0,0,0,0,2,1,6,2,48,8,-1,-1,-1,7,1,7
2016331601217,1,9,0,18,0,1,0,0,0,0,1,1,6,2,41,7,996,1,3,9,1,9
2016331601217,2,9,0,10,0,1,0,0,0,0,2,1,6,1,18,4,1124,1,16,9,1,9
2016331601218,1,9,0,7,0,6,0,0,0,0,1,1,6,1,-1,-1,1910,2,10,10,2,10
2016331601219,1,9,0,9,0,5,0,0,0,0,1,1,6,1,19,4,1398,1,14,9,1,9
2016331601219,2,9,0,18,0,8,0,0,0,0,1,1,6,2,44,7,1998,1,9,1,1,1
2016331601220,1,19,0,5,0,0,0,0,0,0,4,1,1,1,27,6,2198,2,6,1,1,1
2016331601220,2,5,0,14,0,0,0,0,0,0,1,1,6,1,43,7,-1,-1,-1,5,1,5
2016331601221,1,9,0,18,0,4,0,0,0,0,1,1,6,2,35,6,1995,2,4,3,1,3
2016331601221,2,9,0,18,0,8,0,0,7,1,4,1,6,1,58,9,2993,2,1,8,1,8
2016331601222,1,9,0,18,0,4,5,0,0,0,2,1,1,2,59,9,1397,1,4,-1,-1,-1
2016331601222,2,9,0,13,0,4,0,0,0,0,1,1,6,1,-1,-1,1422,2,13,-1,-1,-1
2016331601223,1,9,0,5,0,8,0,0,0,0,1,1,6,1,58,9,-1,-1,-1,10,1,10
2016331601223,2,1,0,18,0,8,0,0,0,0,4,1,6,2,16,4,-1,-1,-1,6,1,6
2016331601224,1,9,0,16,0,0,1,0,0,0,3,1,6,1,20,4,1587,1,15,7,3,7
2016331601224,2,9,0,17,0,0,0,0,0,0,3,1,6,2,46,8,1461,2,-1,6,3,6
2016331601225,1,9,0,3,0,2,0,0,0,0,2,1,6,1,23,5,1994,1,17,3,1,3
2016331601225,2,9,0,4,0,2,0,0,0,0,1,1,6,1,57,9,1997,2,8,-1,-1,-1
2016331601227,1,5,0,13,0,8,0,0,7,4,1,1,6,1,29,6,599,1,18,8,1,8
2016331601227,2,9,0,9,0,6,0,0,0,0,2,1,6,1,66,10,2663,2,17,10,3,10
2016331601228,1,9,0,2,0,0,0,0,0,0,3,1,1,2,36,7,-1,-1,-1,-1,-1,-1
2016331601228,2,1,0,18,0,0,1,8,0,0,4,1,6,1,41,7,-1,-1,-1,8,2,8
2016331601229,1,3,0,17,0,0,1,0,1,0,1,1,6,1,18,4,125,1,4,6,1,6
2016331601229,2,3,0,4,0,0,1,0,1,0,2,1,6,1,18,4,125,1,-1,7,1,7
2016331601229,3,9,0,16,0,0,0,0,0,0,0,1,1,3,-1,-1,-1,-1,-1,-1,-1,-1
2016331601230,1,9,0,18,0,8,0,0,0,0,3,1,6,1,22,5,1296,1,9,3,1,3
2016331601231,1,9,0,9,0,5,0,0,0,0,3,1,6,2,39,7,1598,2,5,1,1,1
2016331601231,2,9,0,13,0,8,2,0,7,4,4,1,6,1,25,5,1390,1,5,10,1,10
2016331601232,1,9,0,4,0,1,0,0,0,0,1,1,6,1,55,8,1783,1,17,-1,-1,-1
2016331601232,2,9,0,3,0,1,0,0,0,0,2,1,6,1,50,8,3628,2,6,9,1,9
2016331601233,1,9,0,18,0,1,0,0,0,0,4,1,6,2,32,6,1240,1,13,-1,-1,-1
2016331601233,2,1,0,18,0,6,0,0,0,0,1,1,6,1,5,1,-1,-1,-1,-1,-1,-1
2016331601234,1,9,0,9,0,5,0,0,0,0,4,1,6,2,19,4,1299,1,10,6,1,6
2016331601234,2,9,0,5,0,8,0,0,0,0,1,1,6,2,38,7,1598,2,2,10,1,10
2016331601235,1,4,0,4,0,1,0,0,0,0,3,1,2,1,30,6,-1,-1,-1,8,2,8
2016331601235,2,9,0,3,0,1,0,0,0,0,3,1,6,1,63,9,1396,1,11,1,1,1
2016331601236,1,3,0,9,0,5,1,0,0,0,3,1,2,1,17,4,124,1,-1,5,1,5
2016331601237,1,9,0,9,0,8,0,0,1,10,1,1,6,2,48,8,-1,-1,-1,8,2,8
2016331601237,2,9,0,18,0,8,0,10,0,0,1,1,6,1,20,4,998,1,15,6,3,6
2016331601238,1,9,0,3,0,4,0,0,0,0,2,1,6,2,46,8,1997,2,2,10,1,10
2016331601238,2,9,0,18,0,4,0,0,0,0,1,1,6,1,38,7,2969,2,10,10,1,10
2016331601239,1,9,0,18,0,0,2,0,7,9,1,1,6,2,22,5,1398,2,14,10,2,10
2016331601239,2,9,0,18,0,0,0,0,0,0,1,1,6,2,57,9,1242,1,5,10,2,10
2016331601240,1,9,0,18,0,8,0,0,0,0,1,1,6,2,34,6,2198,2,10,1,1,1
2016331601240,2,9,0,9,0,6,0,0,0,0,1,1,6,1,78,11,1388,1,6,8,1,8
2016331601241,1,9,0,4,0,1,0,0,0,0,1,1,6,1,36,7,-1,-1,-1,2,1,2
2016331601241,2,9,0,4,0,1,0,0,0,0,3,1,6,1,41,7,1781,1,18,3,1,3
2016331601243,1,5,0,17,0,0,0,0,0,0,4,1,6,1,59,9,-1,-1,-1,10,3,10
2016331601244,1,19,0,18,0,4,0,0,0,0,4,1,2,1,26,6,1998,2,10,5,1,5
2016331601244,2,1,0,9,0,8,0,0,0,0,2,1,2,1,48,8,-1,-1,-1,8,3,8
2016331601245,1,22,0,5,0,8,0,0,0,0,1,1,6,1,81,11,-1,-1,-1,10,2,10
2016331601246,1,1,0,18,0,8,0,0,0,0,3,1,6,1,25,5,-1,-1,-1,2,1,2
2016331601246,2,9,0,7,0,5,0,0,0,0,1,1,6,1,25,5,2148,2,10,-1,-1,-1
2016331601247,1,19,0,9,0,6,0,0,0,0,1,1,6,1,37,7,2198,2,1,3,1,3
2016331601247,2,1,0,16,0,8,0,0,0,0,1,1,6,1,-1,-1,-1,-1,-1,1,1,1
2016331601249,1,9,0,9,0,6,0,0,0,0,1,1,6,2,45,7,1390,1,12,6,1,6
2016331601249,2,9,0,18,0,8,0,0,0,0,1,1,6,1,40,7,1796,1,13,4,1,4
2016331601250,1,9,0,10,0,1,0,0,0,0,2,1,6,2,61,9,1968,2,9,4,1,4
2016331601250,2,19,0,18,0,1,0,0,0,0,1,1,1,1,26,6,2143,2,2,3,1,3
2016331601251,1,9,0,9,0,6,0,0,0,0,4,1,6,1,32,6,1998,2,10,-1,-1,-1
2016331601251,2,9,0,18,0,8,0,0,0,0,3,1,6,2,18,4,1242,1,7,6,1,6
2016331601252,1,8,0,18,0,2,0,0,0,0,0,1,6,3,-1,-1,-1,-1,-1,-1,-1,-1
2016331601253,1,9,0,18,0,3,5,0,1,1,4,1,6,1,50,8,2967,2,9,8,1,8
2016331601253,2,9,0,18,0,3,0,0,0,0,3,1,6,1,29,6,1598,1,14,5,1,5
2016331601254,1,9,0,5,0,6,0,0,0,0,3,1,6,1,49,8,1988,2,11,6,1,6
2016331601254,2,9,0,18,0,8,0,0,0,0,1,1,6,1,41,7,1360,1,10,4,1,4
2016331601255,1,9,0,9,0,6,0,0,0,0,4,1,6,1,28,6,1968,2,1,1,1,1
2016331601255,2,9,0,18,0,8,0,0,0,0,1,1,6,1,26,6,1598,2,1,3,1,3
2016331601256,1,21,1,18,0,0,0,0,1,0,2,1,1,1,49,8,12902,2,3,10,1,10
2016331601256,2,9,0,11,0,0,0,0,1,0,1,1,2,1,42,7,-1,-1,-1,2,2,2
2016331601257,1,9,0,2,0,0,0,0,1,0,2,1,6,2,45,7,698,1,11,7,3,7
2016331601257,2,9,0,14,0,0,0,0,0,0,1,1,6,1,-1,-1,1598,1,16,3,1,3
2016331601258,1,9,0,7,0,5,0,0,7,3,1,1,6,1,28,6,1364,1,10,7,3,7
2016331601260,1,8,0,3,0,8,0,0,0,0,2,1,1,1,44,7,2362,7,10,3,1,3
2016331601260,2,9,0,4,0,8,1,0,0,0,1,1,6,1,26,6,1998,1,14,4,1,4
2016331601261,1,9,0,18,0,8,0,0,0,0,1,1,6,1,23,5,1560,2,2,6,1,6
2016331601261,2,9,0,9,0,8,0,0,0,0,3,1,6,1,74,10,1998,1,12,5,1,5
2016331601262,1,9,0,4,0,8,0,0,0,0,2,1,6,1,49,8,2143,2,4,6,1,6
2016331601262,2,9,0,4,0,8,0,0,0,0,1,1,6,2,36,7,1339,1,7,3,1,3
2016331601263,1,9,0,18,0,0,0,0,0,0,1,1,6,1,40,7,1796,1,14,4,1,4
2016331601263,2,9,0,2,0,0,0,0,0,0,3,1,6,1,60,9,1560,2,10,3,1,3
2016331601264,1,2,0,18,0,0,0,0,0,0,1,1,6,1,22,5,-1,-1,-1,9,1,9
2016331601264,2,9,0,2,0,0,0,0,0,0,2,1,1,2,21,5,999,1,-1,9,3,9
2016331601265,1,1,0,18,0,0,0,0,0,0,1,1,6,2,10,2,-1,-1,-1,-1,-1,-1
2016331601265,2,9,0,18,0,0,0,0,0,0,4,1,6,1,51,8,-1,-1,-1,1,1,1
2016331601267,1,9,4,4,0,0,0,0,0,0,2,1,6,2,56,9,1796,1,16,2,1,2
2016331601267,2,9,0,4,0,0,0,0,0,0,2,1,6,1,67,10,1995,2,-1,2,1,2
2016331601267,3,9,0,18,0,0,0,0,0,0,1,1,6,2,32,6,1229,1,3,5,1,5
2016331601268,1,21,1,11,0,0,0,0,0,0,1,1,1,1,29,6,12809,2,1,6,1,6
2016331601268,2,9,0,18,0,0,0,0,1,0,2,1,6,2,60,9,1332,1,6,10,1,10
2016331601268,3,9,0,18,0,0,0,0,4,6,4,1,6,2,75,10,999,1,2,10,1,10
2016331601269,1,20,4,6,0,8,5,0,1,0,4,1,1,1,55,8,-1,-1,-1,-1,-1,-1
2016331601270,1,9,0,10,0,1,0,0,0,0,2,1,6,2,25,5,-1,-1,-1,10,1,10
2016331601270,2,9,0,3,0,1,0,0,0,0,2,1,6,1,50,8,1396,1,15,-1,-1,-1
2016331601270,3,9,0,18,0,1,0,0,0,0,1,1,6,2,27,6,999,1,15,9,1,9
2016331601271,1,9,0,18,0,1,0,0,0,0,1,1,1,1,29,6,1560,2,11,-1,-1,-1
2016331601271,2,2,0,18,0,1,0,0,0,0,2,1,1,2,22,5,49,1,4,9,3,9
2016331601272,1,9,0,17,0,0,0,0,1,0,0,1,1,2,34,6,1242,1,9,10,2,10
2016331601272,2,5,0,16,0,0,0,0,0,0,1,1,1,1,21,5,892,1,19,6,1,6
2016331601273,1,9,0,18,0,0,0,0,0,0,1,1,6,2,40,7,1753,2,12,6,1,6
2016331601273,2,9,0,5,0,0,0,0,0,0,1,1,2,1,28,6,-1,-1,-1,6,1,6
2016331601273,3,9,0,2,0,0,0,0,0,0,2,1,6,3,-1,-1,1598,2,2,-1,-1,-1
2016331601274,1,9,0,18,0,8,0,0,0,0,4,1,6,2,46,8,1984,1,12,2,1,2
2016331601274,2,9,0,9,0,6,0,0,0,0,3,1,6,2,43,7,1689,2,12,1,1,1
2016331601275,1,9,0,3,0,1,0,0,0,0,2,1,1,2,26,6,1360,1,14,4,1,4
2016331601275,2,9,0,4,0,1,0,0,0,0,1,1,6,1,20,4,998,1,15,2,1,2
2016331601276,1,9,0,17,0,0,2,10,1,11,1,1,6,1,19,4,1599,1,11,8,1,8
2016331601277,1,9,0,13,0,0,0,0,0,0,3,1,1,1,29,6,-1,-1,-1,5,1,5
2016331601277,2,9,0,4,0,0,1,0,1,10,3,1,6,1,37,7,2143,2,3,4,1,4
2016331601277,3,9,0,18,0,0,0,0,0,0,0,1,6,3,-1,-1,-1,-1,-1,-1,-1,-1
2016331601278,1,9,0,18,0,0,5,0,7,9,1,1,6,2,47,8,1968,2,1,7,1,7
2016331601279,1,9,0,10,0,8,0,0,0,0,4,2,6,1,70,10,3000,1,24,10,3,10
2016331601279,2,19,0,18,0,8,2,10,2,9,1,1,1,1,27,6,2198,2,1,10,1,10
2016331601280,1,9,0,16,0,0,0,0,7,9,3,1,1,2,27,6,1364,1,11,8,2,8
2016331601280,2,9,0,17,0,0,0,0,0,0,0,1,6,3,-1,-1,-1,-1,-1,-1,-1,-1
2016331601281,1,9,0,16,0,0,2,0,7,11,1,1,2,1,22,5,1998,1,13,9,1,9
2016331601282,1,9,0,9,0,6,0,0,0,0,1,1,1,1,-1,-1,-1,-1,-1,-1,-1,-1
2016331601282,2,9,0,7,0,5,0,0,0,0,1,1,6,1,42,7,1997,2,1,4,1,4
2016331601283,1,9,0,2,0,0,0,0,0,0,0,1,6,1,22,5,-1,-1,-1,-1,-1,-1
2016331601283,2,9,0,18,0,0,0,0,0,0,0,1,6,2,26,6,1461,2,9,-1,-1,-1
2016331601284,1,9,0,18,0,0,0,0,0,0,1,1,6,2,32,6,1598,2,3,4,1,4
2016331601284,2,9,0,2,0,0,0,0,0,0,1,1,6,1,20,4,1588,1,12,2,1,2
2016331601285,1,9,0,18,0,6,0,0,0,0,1,1,1,2,24,5,1388,1,13,9,2,9
2016331601285,2,9,0,18,0,8,0,0,0,0,1,1,1,2,41,7,1368,1,6,10,1,10
2016331601286,1,1,0,18,0,0,0,0,0,0,3,1,2,1,42,7,-1,-1,-1,10,1,10
2016331601286,2,19,0,13,0,0,0,0,0,0,4,1,6,3,-1,-1,-1,-1,-1,-1,-1,-1
2016331601287,1,98,1,18,0,0,0,0,0,0,2,1,1,3,28,6,-1,-1,-1,7,1,7
2016331601287,2,9,0,18,0,0,0,0,0,0,1,1,6,1,76,11,1749,1,12,2,1,2
2016331601288,1,9,0,3,0,0,0,0,0,0,2,1,2,1,24,5,1595,1,16,8,2,8
2016331601288,2,9,0,3,0,0,0,0,0,0,2,1,2,2,23,5,1397,1,7,6,3,6
2016331601288,3,9,0,3,0,0,0,0,0,0,2,1,2,1,18,4,1596,1,10,10,1,10
2016331601288,4,9,0,18,0,0,0,0,0,0,1,1,2,1,20,4,1999,1,9,7,3,7
2016331601289,1,9,0,4,0,8,0,0,0,0,1,1,6,2,20,4,998,1,8,6,1,6
2016331601289,2,9,0,10,0,8,0,0,0,0,2,1,2,1,28,6,-1,-1,-1,3,1,3
2016331601290,1,9,0,18,0,0,0,0,0,0,1,1,6,3,-1,-1,2979,1,-1,-1,-1,-1
2016331601290,2,9,0,2,0,0,0,0,1,0,3,1,6,2,37,7,1968,2,9,2,1,2
2016331601290,3,9,3,2,0,0,0,0,0,0,2,1,6,1,46,8,-1,-1,-1,2,1,2
2016331601290,4,9,0,2,0,0,0,0,0,0,1,1,6,1,42,7,1686,2,12,9,1,9
2016331601291,1,9,0,12,0,4,0,0,0,0,3,1,2,1,19,4,1560,2,7,1,1,1
2016331601291,2,9,0,13,0,4,0,0,0,0,4,1,2,1,32,6,-1,-1,-1,1,1,1
2016331601292,1,19,0,18,0,8,0,0,0,0,4,1,6,1,49,8,2446,2,14,4,1,4
2016331601292,2,90,0,7,0,6,0,0,0,0,1,1,1,2,38,7,2999,2,4,9,1,9
2016331601293,1,9,0,4,0,6,0,0,0,0,2,1,6,1,22,5,1360,1,11,1,1,1
2016331601293,2,9,0,4,0,6,0,0,0,0,2,1,6,1,22,5,1598,1,9,3,1,3
2016331601293,3,9,0,3,0,6,0,0,0,0,2,1,6,1,42,7,1498,1,1,-1,-1,-1
2016331601293,4,9,0,3,0,6,0,0,0,0,2,1,6,1,30,6,1499,1,1,-1,-1,-1
2016331601294,1,9,0,18,0,0,5,0,1,2,1,1,6,3,-1,-1,1999,1,13,-1,-1,-1
2016331601295,1,5,0,18,0,0,1,10,1,9,4,1,2,1,46,8,900,1,22,6,2,6
2016331601296,1,19,0,9,0,8,0,0,0,0,3,1,1,1,50,8,2148,2,8,-1,-1,-1
2016331601296,2,2,0,18,0,8,0,0,0,0,1,1,6,1,16,4,49,1,14,6,1,6
2016331601297,1,9,0,18,0,1,0,0,0,0,1,1,6,1,26,6,-1,-1,-1,-1,-1,-1
2016331601297,2,9,0,4,0,1,0,0,0,0,2,1,1,2,38,7,1560,2,9,6,1,6
2016331601298,1,9,0,5,5,6,0,0,0,0,1,1,6,3,42,7,-1,-1,-1,10,1,10
2016331601298,2,1,0,18,5,8,0,0,0,0,1,1,6,2,10,2,-1,-1,-1,10,1,10
2016331601299,1,9,0,9,0,6,0,0,0,0,1,1,6,1,20,4,2198,1,16,-1,-1,-1
2016331601301,1,9,0,18,0,0,0,0,0,0,1,1,6,3,-1,-1,2494,2,6,-1,-1,-1
2016331601302,1,90,0,18,0,1,0,0,0,0,1,1,6,1,-1,-1,-1,-1,-1,-1,-1,-1
2016331601303,1,9,0,2,6,0,0,0,0,0,2,1,6,1,42,7,1686,2,3,5,2,5
2016331601303,2,9,0,18,7,0,0,0,0,0,1,1,6,3,-1,-1,1781,1,10,-1,-1,-1
2016331601304,1,9,0,18,0,0,0,0,0,0,1,1,1,1,48,8,1968,2,2,10,1,10
2016331601304,2,9,0,18,0,0,0,0,0,0,2,1,6,2,59,9,1598,1,17,10,1,10
2016331601305,1,9,0,4,0,1,0,0,0,0,2,1,6,1,18,4,-1,-1,-1,4,1,4
2016331601305,2,9,0,4,0,1,0,0,0,0,1,1,6,2,17,4,1398,2,2,9,1,9
2016331601306,1,9,0,3,0,4,0,0,0,0,2,1,6,2,-1,-1,-1,-1,-1,-1,-1,-1
2016331601306,2,9,0,18,0,4,0,0,0,0,1,1,2,1,52,8,1396,1,12,9,2,9
2016331601306,3,11,0,18,0,4,0,0,0,0,0,1,1,1,51,8,6700,2,3,5,1,5
2016331601307,1,9,0,17,0,0,0,0,7,9,0,1,6,2,25,5,1600,1,17,9,2,9
2016331601307,2,9,0,16,0,0,1,0,0,0,1,1,6,1,70,10,1870,2,13,8,2,8
2016331601308,1,9,0,5,0,6,1,0,0,0,3,1,1,2,24,5,1229,1,6,10,3,10
2016331601308,2,19,0,18,0,8,1,0,0,0,1,1,1,2,49,8,2198,2,8,10,1,10
2016331601309,1,9,0,17,0,0,1,0,7,10,1,1,6,1,36,7,1781,1,15,9,1,9
2016331601310,1,9,0,18,0,0,2,0,7,4,3,1,6,1,38,7,1781,1,15,-1,-1,-1
2016331601311,1,9,0,9,0,6,0,0,0,0,1,1,6,2,33,6,1360,1,10,1,1,1
2016331601311,2,9,0,18,0,8,0,0,0,0,1,1,2,1,54,8,1560,2,10,5,2,5
2016331601312,1,19,0,5,0,6,0,0,7,0,3,1,1,1,24,5,2143,2,3,2,1,2
2016331601312,2,9,0,18,0,8,0,0,7,0,1,1,6,1,47,8,1956,2,3,8,2,8
2016331601313,1,3,0,12,0,8,0,0,0,0,3,1,6,2,51,8,125,1,3,5,2,5
2016331601313,2,9,0,12,0,8,0,0,0,0,1,1,6,3,-1,-1,1296,1,7,4,1,4
2016331601314,1,19,0,14,0,0,0,0,0,0,3,1,1,1,-1,-1,2402,2,6,8,1,8
2016331601314,2,1,0,18,4,0,0,0,0,0,4,1,6,2,24,5,-1,-1,-1,6,1,6
2016331601315,1,9,0,18,0,8,0,0,0,0,1,1,2,2,29,6,1398,1,4,8,1,8
2016331601315,2,9,0,9,0,5,0,0,0,0,4,1,6,1,34,6,2143,2,1,5,1,5
2016331601316,1,9,0,18,0,0,0,0,4,6,1,1,6,1,27,6,1360,1,6,4,1,4
2016331601317,1,9,0,9,0,6,0,0,0,0,3,1,6,2,18,4,1299,1,14,4,1,4
2016331601317,2,9,0,18,0,8,0,0,0,0,1,1,6,1,25,5,-1,-1,-1,10,3,10
2016331601318,1,9,0,18,0,8,0,0,0,0,1,1,6,1,38,7,998,1,7,4,1,4
2016331601318,2,9,0,18,0,6,0,0,0,0,3,1,6,2,74,10,1998,2,13,6,3,6
2016331601319,1,5,0,16,0,0,1,0,0,0,1,1,6,1,47,8,-1,-1,-1,10,1,10
2016331601319,2,17,4,17,0,0,0,0,0,0,3,1,1,1,24,5,6728,2,5,7,3,7
2016331601320,1,9,5,5,0,4,0,0,0,0,0,1,6,3,-1,-1,-1,-1,-1,-1,-1,-1
2016331601320,2,9,0,18,0,8,0,0,0,0,2,1,6,1,27,6,1490,1,10,1,1,1
2016331601320,3,9,0,18,0,8,0,0,0,0,1,1,6,1,28,6,1896,2,12,5,1,5
2016331601321,1,9,0,11,0,1,0,0,0,0,1,1,6,2,-1,-1,-1,-1,-1,-1,-1,-1
2016331601321,2,1,0,18,0,1,0,0,0,0,3,1,2,1,32,6,-1,-1,-1,4,1,4
2016331601322,1,9,0,18,0,0,0,0,0,0,1,1,6,1,56,9,1995,2,4,2,1,2
2016331601322,2,9,4,5,0,0,0,0,0,0,2,1,6,1,76,11,-1,-1,-1,1,1,1
2016331601323,1,9,0,18,0,0,0,0,0,0,1,1,6,1,51,8,-1,-1,-1,-1,-1,-1
2016331601323,2,19,0,4,0,0,0,0,0,0,2,1,1,1,59,9,2198,2,1,-1,-1,-1
2016331601324,1,5,0,18,0,5,0,0,7,0,1,1,6,1,30,6,-1,-1,-1,4,1,4
2016331601325,1,9,0,18,0,8,0,0,7,0,1,1,6,2,38,7,1360,1,14,9,1,9