Accident_Index,Vehicle_Reference,Vehicle_Type,Towing_and_Articulation,Vehicle_Manoeuvre,Vehicle_Location-Restricted_Lane,Junction_Location,Skidding_and_Overturning,Hit_Object_in_Carriageway,Vehicle_Leaving_Carriageway,Hit_Object_off_Carriageway,1st_Point_of_Impact,Was_Vehicle_Left_Hand_Drive?,Journey_Purpose_of_Driver,Sex_of_Driver,Age_of_Driver,Age_Band_of_Driver,Engine_Capacity_(CC),Propulsion_Code,Age_of_Vehicle,Driver_IMD_Decile,Driver_Home_Area_Type,Vehicle_IMD_Decile
2016331601325,2,9,0,5,0,6,0,0,1,9,3,1,1,1,44,7,1998,1,1,10,1,10
2016331601326,1,9,0,2,0,0,0,0,0,0,4,1,1,2,30,6,2993,2,7,8,1,8
2016331601326,2,9,0,14,0,0,0,8,0,0,4,1,6,1,65,9,1796,1,14,-1,-1,-1
2016331601327,1,9,0,18,0,0,0,2,0,0,1,1,6,3,30,6,-1,-1,-1,-1,-1,-1
2016331601328,1,1,0,18,0,4,0,0,0,0,3,1,1,2,30,6,-1,-1,-1,2,1,2
2016331601328,2,19,0,18,0,8,0,0,0,0,4,1,6,1,-1,-1,-1,-1,-1,-1,-1,-1
2016331601329,1,9,0,3,0,0,0,0,0,0,2,1,6,1,56,9,1332,1,19,-1,-1,-1
2016331601329,2,9,0,18,0,0,0,0,0,0,1,1,6,3,30,6,2148,2,7,-1,-1,-1
2016331601331,1,9,0,9,0,5,0,0,1,1,3,1,6,1,82,11,1328,1,6,4,2,4
2016331601331,2,9,0,18,0,8,0,0,0,0,1,1,6,1,20,4,1198,1,5,9,2,9
2016331601332,1,9,0,18,0,8,2,0,1,11,3,1,6,1,31,6,1229,1,11,2,1,2
2016331601332,2,9,0,9,0,6,0,0,0,0,1,1,6,1,39,7,1296,1,10,6,1,6
2016331601333,1,9,0,16,0,3,1,7,7,0,3,1,6,1,23,5,1598,1,16,4,1,4
2016331601334,1,9,0,9,0,5,1,0,7,10,3,1,6,1,34,6,-1,-1,-1,9,1,9
2016331601334,2,9,0,18,0,8,1,0,0,0,1,1,6,1,42,7,1968,2,-1,6,3,6
2016331601335,1,9,0,9,0,5,0,0,0,0,1,1,6,1,19,4,1900,2,12,7,1,7
2016331601336,1,9,0,7,0,3,0,0,0,0,4,1,6,1,43,7,1796,2,3,10,1,10
2016331601336,2,1,0,18,0,6,0,0,0,0,1,1,6,1,42,7,-1,-1,-1,2,1,2
2016331601337,1,9,0,3,0,2,0,0,0,0,2,1,6,1,55,8,1598,1,5,6,3,6
2016331601337,2,4,0,18,0,2,0,0,0,0,1,1,6,1,18,4,125,1,-1,7,1,7
2016331601338,1,17,4,18,0,0,5,0,1,0,3,1,1,1,-1,-1,-1,-1,-1,-1,-1,-1
2016331601338,2,9,0,18,0,0,0,0,0,0,3,1,6,1,26,6,1968,2,-1,10,1,10
2016331601339,1,9,0,18,0,8,0,0,0,0,1,1,6,2,30,6,1595,1,14,8,3,8
2016331601339,2,9,0,18,0,8,0,0,0,0,1,1,6,2,33,6,1587,1,13,1,1,1
2016331601340,1,21,1,9,0,5,0,0,0,0,1,2,1,1,51,8,-1,-1,-1,-1,-1,-1
2016331601340,2,9,0,18,0,8,0,0,0,0,1,1,2,2,51,8,1596,1,5,6,1,6
2016331601341,1,9,0,18,0,2,0,0,0,0,1,1,6,3,-1,-1,1390,1,6,-1,-1,-1
2016331601341,2,9,0,18,0,1,0,0,0,0,1,1,1,2,19,4,1364,1,8,2,1,2
2016331601341,3,9,0,2,0,2,0,0,0,0,3,1,6,2,26,6,998,1,11,-1,-1,-1
2016331601341,4,9,0,2,0,2,0,0,0,0,2,1,6,3,38,7,1598,1,10,-1,-1,-1
2016331601342,1,9,0,9,0,5,0,0,0,0,1,1,1,1,45,7,-1,-1,-1,-1,-1,-1
2016331601342,2,1,0,9,0,6,0,0,0,0,1,1,6,1,37,7,-1,-1,-1,-1,-1,-1
2016331601343,1,9,0,1,0,6,0,0,2,11,2,1,6,2,49,8,1956,2,5,4,1,4
2016331601343,2,9,0,2,0,8,0,0,0,0,4,1,6,3,-1,-1,2000,2,5,4,1,4
2016331601343,3,9,0,2,0,8,0,0,0,0,4,1,6,3,-1,-1,1753,2,13,4,1,4
2016331601344,1,9,0,18,0,6,0,0,0,0,1,1,6,1,41,7,1198,1,14,2,1,2
2016331601344,2,9,0,18,0,8,0,0,0,0,3,1,6,1,51,8,2993,2,5,3,1,3
2016331601345,1,9,0,9,0,6,0,0,0,0,1,1,6,2,25,5,1360,1,13,5,3,5
2016331601345,2,3,0,18,0,8,0,0,7,0,1,1,2,1,35,6,-1,-1,-1,10,1,10
2016331601346,1,9,0,16,0,0,1,0,7,1,1,1,2,1,31,6,1995,2,3,9,1,9
2016331601347,1,9,0,9,0,5,0,0,0,0,1,1,6,2,25,5,1398,1,2,-1,-1,-1
2016331601347,2,9,0,18,0,8,0,0,1,1,1,1,6,1,62,9,1560,2,10,-1,-1,-1
2016331601348,1,21,0,18,0,0,2,0,1,9,1,1,1,1,31,6,12900,2,8,6,2,6
2016331601349,1,1,0,18,0,8,0,0,0,0,4,1,6,1,30,6,-1,-1,-1,3,1,3
2016331601349,2,9,0,9,0,6,0,0,0,0,1,1,6,1,30,6,-1,-1,-1,-1,-1,-1
2016331601350,1,9,0,4,0,0,0,0,0,0,1,1,6,1,20,4,1199,1,12,-1,-1,-1
2016331601350,2,9,0,4,0,0,0,0,0,0,2,1,6,2,24,5,1598,2,5,7,1,7
2016331601351,1,19,0,18,0,0,0,0,0,0,3,1,2,2,50,8,1995,2,6,4,1,4
2016331601351,2,17,2,18,0,0,0,0,0,0,3,1,6,1,-1,-1,-1,-1,-1,-1,-1,-1
2016331601352,1,9,0,9,0,6,0,0,0,0,1,1,6,2,73,10,996,1,6,-1,-1,-1
2016331601352,2,1,0,18,0,8,0,0,0,0,4,1,6,1,41,7,-1,-1,-1,-1,-1,-1
2016331601353,1,9,4,17,0,0,0,0,0,0,1,1,2,1,48,8,-1,-1,-1,9,3,9
2016331601353,2,9,0,16,0,0,0,0,0,0,1,1,6,1,42,7,1998,2,12,6,3,6
2016331601354,1,3,0,13,0,8,0,0,0,0,3,1,6,1,17,4,-1,-1,-1,4,1,4
2016331601354,2,9,0,9,0,5,0,0,0,0,4,1,6,2,37,7,1560,2,4,-1,-1,-1
2016331601355,1,9,0,9,0,5,0,0,0,0,4,1,6,1,30,6,1798,1,9,-1,-1,-1
2016331601355,2,9,0,18,0,8,0,0,0,0,1,1,1,2,61,9,1149,1,20,8,1,8
2016331601355,3,9,0,10,0,1,0,0,0,0,3,1,6,2,27,6,1910,2,11,3,1,3
2016331601356,1,9,0,18,0,6,0,0,0,0,1,1,6,2,52,8,1995,2,13,-1,-1,-1
2016331601356,2,9,0,18,0,8,0,0,0,0,4,1,1,1,47,8,1560,2,2,6,1,6
2016331601357,1,9,0,3,0,1,0,0,0,0,2,1,6,2,52,8,1461,2,7,5,1,5
2016331601357,2,9,0,3,0,1,0,0,0,0,2,1,6,1,42,7,1598,1,4,-1,-1,-1
2016331601357,3,9,0,18,0,1,0,0,0,0,1,1,6,1,37,7,1753,2,10,1,1,1
2016331601357,4,9,0,18,0,1,0,0,0,0,1,1,6,2,18,4,1299,1,16,6,1,6
2016331601358,1,9,0,18,0,0,0,0,0,0,4,1,6,1,46,8,1364,1,11,-1,-1,-1
2016331601358,2,9,0,18,0,0,0,0,0,0,3,1,1,1,42,7,2148,2,10,5,1,5
2016331601359,1,19,0,18,0,8,0,0,0,0,1,1,6,1,26,6,1248,2,6,3,1,3
2016331601359,2,9,0,5,0,8,0,0,0,0,4,1,6,1,35,6,1388,1,13,1,1,1
2016331601360,1,4,0,18,0,0,1,0,0,0,1,1,6,1,22,5,998,1,12,8,1,8
2016331601360,2,9,0,6,0,0,0,0,0,0,2,1,6,3,68,10,1896,2,12,10,1,10
2016331601361,1,9,0,18,0,8,0,0,1,10,4,1,2,2,35,6,1598,1,8,3,1,3
2016331601361,2,9,0,9,0,6,0,0,0,0,1,1,1,1,35,6,-1,-1,-1,1,1,1
2016331601362,1,9,0,3,0,0,0,0,0,0,2,1,6,2,45,7,1997,2,7,9,1,9
2016331601362,2,19,0,3,0,0,0,0,0,0,2,1,6,1,-1,-1,1686,2,14,-1,-1,-1
2016331601362,3,9,0,18,0,0,0,0,0,0,1,1,6,1,-1,-1,1998,1,14,-1,-1,-1
2016331601363,1,9,0,16,0,8,0,0,0,0,1,1,6,1,27,6,1461,2,1,9,1,9
2016331601363,2,9,0,17,0,8,0,0,0,0,1,1,6,1,38,7,1198,1,10,7,3,7
2016331601364,1,9,0,18,0,8,0,0,0,0,1,1,2,1,42,7,1560,2,3,-1,-1,-1
2016331601364,2,9,0,18,0,8,0,0,0,0,1,1,2,1,39,7,2993,2,-1,5,3,5
2016331601364,3,9,0,9,0,5,0,0,0,0,4,1,2,2,27,6,1796,1,15,3,1,3
2016331601364,4,9,0,10,0,8,0,0,0,0,1,1,1,3,35,6,2720,2,7,-1,-1,-1
2016331601365,1,3,0,17,0,0,1,0,1,0,1,1,6,1,18,4,124,1,7,-1,-1,-1
2016331601366,1,9,0,18,0,8,0,0,0,0,2,1,2,2,30,6,1397,1,8,6,1,6
2016331601366,2,9,0,18,0,8,1,0,0,0,1,1,6,1,49,8,1560,2,6,1,1,1
2016331601367,1,9,0,9,0,5,0,0,0,0,1,1,6,1,82,11,1388,1,7,9,1,9
2016331601367,2,9,0,18,0,8,0,0,0,0,3,1,6,2,34,6,1753,2,9,1,1,1
2016331601368,1,3,0,18,0,8,1,0,1,0,1,1,6,1,20,4,125,1,1,1,1,1
2016331601368,2,9,0,9,0,6,0,0,0,0,1,1,1,1,38,7,998,1,1,2,1,2
2016331601369,1,9,0,18,0,0,0,0,0,0,1,1,1,2,28,6,1968,2,1,10,1,10
2016331601369,2,9,0,4,0,0,0,7,4,5,2,1,1,1,20,4,1198,1,13,7,3,7
2016331601370,1,9,0,4,0,0,0,0,0,0,2,1,6,2,36,7,1796,1,3,1,1,1
2016331601370,2,9,0,18,0,0,0,0,0,0,1,1,6,1,-1,-1,-1,-1,-1,-1,-1,-1
2016331601371,1,9,0,18,0,6,0,0,0,0,1,1,6,2,53,8,1388,1,14,4,1,4
2016331601371,2,9,0,18,0,8,0,0,1,10,3,1,1,1,41,7,-1,-1,-1,8,1,8
2016331601372,1,9,0,18,0,0,0,0,0,0,1,1,6,1,49,8,1781,1,20,8,1,8
2016331601372,2,1,0,18,0,0,0,0,0,0,1,1,6,2,9,2,-1,-1,-1,6,1,6
2016331601373,1,9,0,18,0,0,5,0,1,0,4,1,1,2,28,6,1797,8,2,8,1,8
2016331601376,1,9,0,17,0,0,5,0,2,4,1,1,6,1,22,5,1499,2,1,7,1,7
2016331601377,1,9,0,17,0,0,2,0,1,9,1,1,6,1,18,4,4799,1,10,7,2,7
2016331601378,1,9,0,16,0,0,2,0,1,4,3,1,6,1,40,7,-1,-1,-1,-1,-1,-1
2016331601379,1,9,0,4,0,1,0,0,0,0,1,1,6,2,21,5,1299,1,10,3,1,3
2016331601379,2,9,0,4,0,1,0,0,0,0,2,1,6,1,42,7,1598,1,13,1,1,1
2016331601379,3,9,0,18,0,1,0,0,0,0,2,1,6,2,46,8,-1,-1,-1,8,3,8
2016331601380,1,9,0,3,0,0,0,0,0,0,2,1,6,1,28,6,1398,1,12,3,1,3
2016331601380,2,19,0,18,0,0,0,0,0,0,1,1,6,1,40,7,1993,2,27,-1,-1,-1
2016331601381,1,9,0,4,0,1,0,0,0,0,1,1,6,3,29,6,1896,2,10,-1,-1,-1
2016331601381,2,9,0,10,0,1,0,0,0,0,2,1,6,2,36,7,1686,2,7,5,1,5
2016331601382,1,9,0,4,0,0,0,0,0,0,2,1,6,1,18,4,1364,2,-1,2,1,2
2016331601382,2,9,0,18,0,0,0,0,0,0,1,1,6,2,20,4,1299,1,10,2,1,2
2016331601383,1,9,0,18,0,0,1,0,0,0,1,1,6,2,76,11,1332,1,20,8,1,8
2016331601384,1,9,0,18,0,1,0,0,0,0,1,1,6,3,63,9,998,1,1,2,1,2
2016331601385,1,9,0,18,0,0,0,0,0,0,4,1,6,2,38,7,1998,1,12,5,1,5
2016331601386,1,9,0,7,0,6,0,0,0,0,0,1,6,2,30,6,998,1,10,-1,-1,-1
2016331601386,2,1,0,18,0,8,0,0,0,0,0,1,6,1,26,6,-1,-1,-1,4,1,4
2016331601387,1,9,0,18,0,6,0,0,1,8,3,1,6,1,37,7,1596,1,12,9,3,9
2016331601387,2,21,1,18,0,8,0,0,7,9,1,1,1,1,30,6,11705,2,9,3,1,3
2016331601388,1,9,0,7,0,5,1,0,1,7,1,1,6,1,32,6,998,1,2,-1,2,-1
2016331601389,1,9,0,9,0,5,0,0,0,0,1,1,2,1,52,8,1364,1,5,9,1,9
2016331601389,2,1,0,18,0,8,0,0,0,0,1,1,2,1,40,7,-1,-1,-1,6,1,6
2016331601390,1,9,0,13,0,1,0,0,0,0,4,1,6,2,81,11,999,1,3,10,1,10
2016331601390,2,1,0,18,0,1,0,0,0,0,3,1,6,1,37,7,-1,-1,-1,9,1,9
2016331601391,1,19,0,9,0,6,0,0,0,0,1,1,1,1,62,9,2198,2,1,7,1,7
2016331601391,2,9,0,18,0,8,0,10,7,0,4,1,6,1,78,11,1390,1,7,10,1,10
2016331601392,1,9,0,3,0,0,0,0,0,0,2,1,1,1,38,7,1328,1,7,9,1,9
2016331601392,2,1,0,18,0,0,1,0,0,0,1,1,1,1,27,6,-1,-1,-1,9,1,9
2016331601393,1,9,0,16,0,0,2,0,1,4,1,1,6,1,22,5,2979,1,8,10,3,10
2016331601394,1,1,0,18,0,1,0,0,0,0,2,1,1,1,52,8,-1,-1,-1,4,1,4
2016331601394,2,9,0,15,0,1,0,0,0,0,1,1,6,3,-1,-1,-1,-1,-1,-1,-1,-1
2016331601395,1,9,0,18,0,8,1,10,4,1,1,1,6,3,-1,-1,-1,-1,-1,-1,-1,-1
2016331601396,1,9,0,4,0,1,0,0,0,0,1,1,2,1,61,9,1686,2,9,8,1,8
2016331601396,2,9,0,4,0,1,0,0,0,0,3,1,2,1,27,6,1995,2,13,8,1,8
2016331601396,3,9,0,4,0,1,0,10,0,0,2,1,2,1,45,7,1995,2,6,10,1,10
2016331601396,4,9,0,4,0,1,0,0,0,0,2,1,2,1,53,8,1968,2,-1,7,1,7
2016331601396,5,9,0,4,0,1,0,0,0,0,2,1,2,1,29,6,1969,2,1,1,1,1
2016331601397,1,9,0,18,0,0,0,0,0,0,4,1,6,1,70,10,1400,1,10,-1,-1,-1
2016331601398,1,9,0,9,0,5,0,0,1,4,1,1,6,1,33,6,2765,2,19,1,1,1
2016331601401,1,9,0,5,8,0,0,0,0,0,1,1,1,1,22,5,1560,2,2,1,1,1
2016331601401,2,9,0,18,0,0,0,0,1,0,1,1,6,2,37,7,1598,2,1,10,2,10
2016331601402,1,9,0,17,0,0,0,0,0,0,4,1,6,1,25,5,1328,1,13,8,1,8
2016331601406,1,9,0,16,0,0,2,0,7,0,1,2,6,2,19,4,1149,1,12,7,2,7
2016331601407,1,9,0,18,0,8,0,0,0,1,1,1,6,2,39,7,1896,2,15,2,1,2
2016331601407,2,9,0,9,0,6,0,0,0,0,4,1,6,2,32,6,1991,2,7,7,1,7
2016331601408,1,9,0,5,0,8,0,0,0,0,1,1,1,1,38,7,-1,-1,-1,-1,-1,-1
2016331601408,2,9,0,7,0,6,0,0,0,0,3,1,1,2,38,7,1398,1,6,-1,-1,-1
2016331601409,1,9,0,18,0,8,0,10,0,0,4,1,2,2,53,8,1360,1,12,1,1,1
2016331601409,2,9,0,7,0,6,0,0,0,0,1,1,6,3,-1,-1,-1,-1,-1,-1,-1,-1
2016331601410,1,9,0,12,0,1,0,0,0,0,1,1,6,1,40,7,1598,1,12,-1,-1,-1
2016331601410,2,9,0,18,0,1,0,0,0,0,4,1,6,3,32,6,1796,1,13,-1,-1,-1
2016331601411,1,9,0,3,0,1,0,0,0,0,2,1,6,1,38,7,1582,2,9,3,1,3
2016331601411,2,9,0,4,0,1,0,0,0,0,1,1,6,2,23,5,1598,1,11,1,1,1
2016331601412,1,9,0,17,0,0,5,0,1,0,1,1,6,2,23,5,1582,2,7,6,1,6
2016331601413,1,9,0,18,0,0,0,0,0,0,1,1,6,1,30,6,1598,1,8,-1,-1,-1
2016331601413,2,9,0,18,0,0,0,0,0,0,1,1,6,2,30,6,1395,1,2,-1,-1,-1
2016331601413,3,9,0,2,0,0,0,0,0,0,2,1,6,2,-1,-1,1995,2,-1,3,1,3
2016331601413,4,9,0,2,0,0,0,0,0,0,2,1,6,2,-1,-1,1248,2,5,-1,-1,-1
2016331601414,1,9,0,18,0,0,2,0,1,0,4,1,6,1,21,5,998,1,6,7,1,7
2016331601415,1,9,0,18,0,0,0,0,0,0,2,1,6,1,54,8,1560,2,3,-1,-1,-1
2016331601415,2,21,0,18,0,0,1,0,0,0,1,1,2,1,30,6,12809,2,-1,5,1,5
2016331601416,1,3,0,18,0,0,0,0,0,0,1,1,6,1,27,6,-1,-1,-1,2,1,2
2016331601416,2,9,0,2,0,0,0,0,0,0,1,1,6,1,-1,-1,-1,-1,-1,-1,-1,-1
2016331601417,1,9,0,18,0,0,0,0,0,0,1,1,6,1,29,6,1798,1,2,10,1,10
2016331601417,2,9,0,4,0,0,0,0,7,6,2,1,6,1,21,5,1560,2,2,9,1,9
2016331601417,3,5,0,4,0,0,0,0,0,0,2,1,6,1,57,9,1000,1,18,7,2,7
2016331601418,1,9,0,9,0,6,0,0,0,0,3,1,6,1,39,7,1598,1,6,8,1,8
2016331601418,2,19,0,18,0,8,0,0,0,0,1,1,1,2,29,6,2299,2,4,2,1,2
2016331601419,1,20,1,7,0,5,0,0,0,0,1,1,1,1,53,8,10837,2,1,7,1,7
2016331601419,2,1,0,18,0,8,1,0,0,0,1,1,1,1,25,5,-1,-1,-1,2,1,2
2016331601420,1,9,0,7,0,6,1,2,0,0,1,1,6,1,25,5,1910,2,10,2,1,2
2016331601420,2,9,0,18,0,1,0,0,0,0,1,1,6,1,36,7,1997,2,9,7,1,7
2016331601421,1,3,0,18,0,0,1,0,0,0,1,1,6,1,20,4,124,1,6,8,3,8
2016331601421,2,9,0,2,0,0,0,0,0,0,2,1,6,1,-1,-1,1596,1,10,-1,-1,-1
2016331601422,1,9,0,5,0,6,0,0,0,0,4,1,6,2,65,9,1995,1,7,10,1,10
2016331601422,2,1,0,18,0,6,0,0,0,0,1,1,6,1,-1,-1,-1,-1,-1,10,2,10
2016331601424,1,9,0,4,0,0,0,0,0,0,1,1,6,2,25,5,1242,1,1,3,1,3
2016331601424,2,9,0,3,0,0,0,0,0,0,2,1,6,1,40,7,1560,2,10,4,1,4
2016331601425,1,9,0,17,0,0,2,0,1,4,4,1,2,2,22,5,-1,-1,-1,6,1,6
2016331601426,1,9,0,18,0,0,1,0,5,6,1,1,6,1,24,5,1149,1,10,5,1,5
2016331601426,2,21,1,18,0,0,0,0,0,0,1,1,1,1,64,9,10837,2,1,7,1,7
2016331601426,3,9,0,18,0,0,0,0,0,0,1,1,6,1,30,6,-1,-1,-1,2,1,2
2016331601427,1,9,0,16,0,0,0,0,0,0,3,1,6,1,30,6,-1,-1,-1,8,3,8
2016331601427,2,98,0,17,0,0,0,0,0,0,3,1,6,3,-1,-1,-1,-1,-1,-1,-1,-1
2016331601428,1,9,0,18,0,0,5,4,0,0,4,1,6,1,23,5,-1,-1,-1,8,1,8
2016331601429,1,9,0,18,0,3,0,0,0,0,1,1,6,1,-1,-1,-1,-1,-1,-1,-1,-1
2016331601429,2,9,0,18,0,3,0,0,0,0,2,1,6,2,33,6,1997,2,2,-1,-1,-1
2016331601432,1,9,0,6,0,8,0,0,0,0,4,1,6,1,54,8,-1,-1,-1,2,1,2
2016331601432,2,9,0,18,0,8,0,0,0,0,1,1,3,1,35,6,-1,-1,-1,1,1,1
2016331601433,1,9,0,18,0,0,0,0,0,0,1,1,6,1,33,6,-1,-1,-1,-1,-1,-1
2016331601434,1,9,0,10,0,8,0,0,0,0,2,1,6,1,31,6,1951,2,10,-1,-1,-1
2016331601434,2,9,0,4,0,1,0,0,0,0,2,1,6,2,66,10,1598,1,3,3,1,3
2016331601434,3,9,0,18,0,1,1,0,0,0,1,1,6,2,21,5,-1,-1,-1,-1,-1,-1
2016331601435,1,19,0,9,7,0,0,0,1,0,2,1,1,1,60,9,1686,2,8,8,1,8
2016331601435,2,9,0,18,0,0,0,0,0,0,1,1,3,2,40,7,1598,2,5,8,2,8
2016331601436,1,5,0,18,0,0,0,0,6,0,1,1,6,1,27,6,-1,-1,-1,9,1,9
2016331601436,2,9,0,18,0,0,0,0,1,0,2,1,6,1,30,6,1781,1,14,7,1,7
2016331601436,3,9,0,18,0,0,0,0,0,0,1,1,6,1,54,8,1896,2,13,1,1,1
2016331601437,1,9,0,17,0,0,2,0,1,9,1,1,6,2,63,9,996,1,7,8,2,8
2016331601438,1,9,0,11,0,1,0,0,0,0,0,1,6,1,71,10,1197,1,-1,-1,-1,-1
2016331601438,2,3,0,18,0,1,0,0,0,0,4,1,6,1,54,8,125,1,-1,2,1,2
2016331601439,1,3,0,18,0,0,0,0,0,0,1,1,2,2,20,4,-1,-1,-1,-1,-1,-1
2016331601439,2,1,0,18,0,0,0,0,0,0,0,1,6,1,-1,-1,-1,-1,-1,-1,-1,-1
2016331601440,1,5,0,4,0,0,1,0,0,0,1,1,6,1,24,5,487,1,19,8,3,8
2016331601440,2,11,0,3,0,0,0,0,0,0,2,1,1,2,50,8,3900,2,14,3,1,3
2016331601441,1,9,0,17,0,0,0,0,7,4,1,1,6,1,68,10,1999,1,7,8,3,8
2016331601442,1,9,0,18,0,8,0,0,0,0,1,1,2,1,59,9,-1,-1,-1,5,1,5
2016331601442,2,9,0,4,0,8,0,0,0,0,2,1,2,1,38,7,1951,2,10,9,1,9
2016331601443,1,9,0,17,0,0,0,0,0,0,1,1,6,1,50,8,2993,2,1,8,2,8
2016331601443,2,9,0,16,0,0,0,0,7,0,3,1,6,1,70,10,1968,2,-1,10,1,10
2016331601443,3,9,0,16,0,0,0,0,1,0,1,1,6,1,70,10,2982,2,10,7,1,7
2016331601444,1,9,0,18,0,6,0,0,0,0,3,1,6,1,65,9,-1,-1,-1,-1,-1,-1
2016331601444,2,9,0,18,0,8,0,0,0,0,1,1,6,1,49,8,2000,2,12,-1,-1,-1
2016331601445,1,9,0,18,0,2,0,0,0,0,1,1,6,1,19,4,1229,1,8,3,1,3
2016331601446,1,9,0,9,0,5,0,0,0,0,1,1,6,1,25,5,1199,2,5,9,1,9
2016331601446,2,9,0,18,0,8,0,0,0,0,1,1,6,2,47,8,1299,1,15,2,1,2
2016331601447,1,9,0,18,0,8,0,0,0,0,1,1,6,2,25,5,-1,-1,-1,10,2,10
2016331601447,2,9,0,9,0,5,0,0,0,0,3,1,6,1,19,4,1598,1,10,10,2,10
2016331601448,1,9,0,9,0,6,0,0,0,0,1,1,6,1,27,6,2993,2,5,4,1,4
2016331601448,2,1,0,18,0,8,0,0,0,0,1,1,6,1,30,6,-1,-1,-1,-1,-1,-1
2016331601449,1,9,0,18,0,0,0,0,0,0,1,1,2,1,35,6,1896,2,13,7,1,7
2016331601450,1,9,0,18,0,8,0,0,0,0,1,1,2,1,30,6,1124,1,10,10,1,10
2016331601451,1,9,0,18,0,8,0,0,0,0,1,1,6,2,25,5,1242,1,5,3,1,3
2016331601451,2,4,0,9,0,5,0,0,0,0,1,1,6,1,25,5,124,1,5,-1,-1,-1
2016331601452,1,21,1,18,0,0,0,0,0,0,0,1,1,1,-1,-1,-1,-1,-1,-1,-1,-1
2016331601452,2,9,0,4,0,0,0,0,0,0,2,1,6,2,38,7,-1,-1,-1,9,1,9
2016331601452,3,9,0,4,0,0,0,0,0,0,2,1,2,1,30,6,1591,1,-1,-1,-1,-1
2016331601452,4,9,0,3,0,0,0,0,0,0,2,1,6,2,59,9,999,1,2,10,1,10
2016331601452,5,19,0,3,0,0,0,0,0,0,2,1,6,2,58,9,1753,2,10,2,1,2
2016331601453,1,9,0,18,0,0,5,0,0,0,4,1,1,2,19,4,1997,2,13,8,1,8
2016331601453,2,9,0,2,0,0,0,0,0,0,3,1,6,2,63,9,3189,1,13,-1,-1,-1
2016331601454,1,9,0,2,0,0,0,0,0,0,3,1,6,1,38,7,1598,1,12,2,1,2
2016331601454,2,1,0,14,0,0,0,8,0,0,1,1,6,1,15,3,-1,-1,-1,1,1,1
2016331601455,1,9,0,18,0,0,0,0,1,4,4,1,1,1,28,6,1360,1,10,9,2,9
2016331601456,1,9,0,17,0,0,2,0,2,11,1,1,1,1,26,6,1390,1,9,10,1,10
2016331601457,1,9,0,4,0,4,0,0,0,0,2,1,6,2,49,8,1598,1,6,1,1,1
2016331601457,2,9,0,4,0,4,0,0,0,0,1,1,6,2,59,9,-1,-1,-1,-1,-1,-1
2016331601458,1,9,0,18,0,1,0,0,0,0,4,1,6,1,56,9,1598,1,14,5,1,5
2016331601459,1,9,0,13,0,0,0,0,7,4,3,1,6,1,59,9,1499,2,-1,-1,-1,-1
2016331601459,2,17,0,12,0,0,0,0,0,0,4,2,6,1,40,7,-1,-1,-1,-1,-1,-1
2016331601460,1,9,0,9,0,5,0,0,0,0,4,1,6,1,22,5,1796,1,9,3,2,3
2016331601460,2,3,0,18,0,8,0,0,0,0,1,1,6,1,22,5,125,1,2,4,1,4
2016331601461,1,9,0,3,0,1,0,0,0,0,2,1,6,1,45,7,1124,1,8,2,1,2
2016331601461,2,1,0,18,0,1,0,0,0,0,1,1,6,1,12,3,-1,-1,-1,1,1,1
2016331601462,1,9,0,9,0,6,0,0,0,0,1,1,6,1,24,5,1398,2,4,3,1,3
2016331601462,2,9,0,18,0,8,1,0,0,0,3,1,6,1,70,10,999,1,1,-1,-1,-1
2016331601463,1,9,0,18,0,8,0,0,0,0,3,1,6,2,47,8,1995,2,5,8,1,8
2016331601463,2,9,0,9,0,6,0,0,0,0,1,1,6,1,-1,-1,1796,1,17,-1,-1,-1
2016331601464,1,9,0,18,0,8,0,0,0,0,3,1,6,1,67,10,1986,1,4,-1,-1,-1
2016331601465,1,9,0,5,0,4,0,0,0,0,1,1,2,1,57,9,-1,-1,-1,3,1,3
2016331601465,2,1,0,18,0,8,0,0,0,0,4,1,6,1,50,8,-1,-1,-1,2,1,2
2016331601466,1,9,0,17,0,0,1,0,0,0,4,1,2,1,55,8,1796,1,16,7,1,7
2016331601466,2,9,0,16,0,0,1,0,1,9,0,1,2,1,52,8,-1,-1,-1,8,2,8
2016331601467,1,9,0,3,0,1,0,0,0,0,2,1,2,1,43,7,999,1,16,4,1,4
2016331601467,2,9,0,18,0,1,0,0,0,0,1,1,6,2,35,6,1364,1,12,-1,-1,-1
2016331601468,1,9,0,5,0,6,0,0,0,0,1,1,1,1,51,8,1796,1,17,3,1,3
2016331601468,2,1,0,17,0,8,0,0,0,0,4,1,1,1,72,10,-1,-1,-1,4,1,4
2016331601469,1,9,0,12,0,0,0,0,0,0,3,1,6,1,77,11,1596,1,2,8,2,8
2016331601469,2,9,0,13,0,0,0,0,0,0,4,1,6,2,30,6,1200,1,-1,1,1,1
2016331601470,1,9,0,5,0,0,0,0,0,0,1,1,6,1,51,8,1596,1,13,8,1,8
2016331601471,1,9,0,18,0,8,0,0,0,0,2,1,6,2,46,8,998,1,-1,-1,-1,-1
2016331601471,2,9,0,1,0,6,0,0,0,0,2,1,2,2,28,6,1686,2,3,1,1,1
2016331601472,1,9,0,16,0,1,1,0,0,0,2,1,1,1,18,4,1229,1,7,9,1,9