Accident_Index,Vehicle_Reference,Vehicle_Type,Towing_and_Articulation,Vehicle_Manoeuvre,Vehicle_Location-Restricted_Lane,Junction_Location,Skidding_and_Overturning,Hit_Object_in_Carriageway,Vehicle_Leaving_Carriageway,Hit_Object_off_Carriageway,1st_Point_of_Impact,Was_Vehicle_Left_Hand_Drive?,Journey_Purpose_of_Driver,Sex_of_Driver,Age_of_Driver,Age_Band_of_Driver,Engine_Capacity_(CC),Propulsion_Code,Age_of_Vehicle,Driver_IMD_Decile,Driver_Home_Area_Type,Vehicle_IMD_Decile
2016331601612,2,9,0,5,0,6,0,0,0,0,1,1,1,2,21,5,-1,-1,-1,-1,-1,-1
2016331601612,3,9,0,7,0,5,0,0,0,0,0,1,6,3,-1,-1,-1,-1,-1,-1,-1,-1
2016331601613,1,9,0,1,0,8,0,0,0,0,2,1,6,1,60,9,1560,2,1,8,1,8
2016331601613,2,9,0,4,0,8,0,0,0,0,1,1,6,1,20,4,1124,1,14,-1,-1,-1
2016331601614,1,9,0,12,0,8,1,0,7,6,2,1,1,1,29,6,1753,2,15,-1,3,-1
2016331601614,2,21,1,18,0,8,0,0,0,0,1,1,1,1,45,7,12900,2,5,5,1,5
2016331601614,3,9,0,18,0,8,0,0,0,0,2,1,1,1,42,7,-1,-1,-1,-1,-1,-1
2016331601615,1,9,0,9,0,2,0,0,0,0,4,1,6,1,20,4,1600,2,6,8,1,8
2016331601616,1,9,0,18,0,8,0,0,0,0,1,1,6,1,33,6,2685,2,15,2,1,2
2016331601616,2,9,0,5,0,6,0,0,0,0,3,1,1,1,63,9,1596,1,15,3,1,3
2016331601618,1,9,0,7,0,8,0,0,0,0,4,1,6,1,30,6,1984,1,8,9,1,9
2016331601618,2,3,0,18,0,8,0,0,0,0,1,1,6,1,30,6,125,1,7,5,1,5
2016331601620,1,9,0,2,9,0,0,0,0,0,2,1,6,3,-1,-1,-1,-1,-1,-1,-1,-1
2016331601621,1,9,0,18,0,0,0,0,0,0,1,1,6,2,19,4,-1,-1,-1,8,2,8
2016331601621,2,9,0,18,0,0,0,0,0,0,1,1,6,2,72,10,1798,8,1,10,2,10
2016331601622,1,9,0,9,0,6,0,0,0,0,3,1,6,2,38,7,2148,2,12,3,1,3
2016331601622,2,9,0,4,0,8,1,0,1,10,1,1,6,1,19,4,2967,2,-1,10,1,10
2016331601623,1,9,0,18,0,1,1,0,1,3,1,1,6,1,21,5,1998,1,14,7,2,7
2016331601624,1,9,0,18,0,1,0,0,0,0,4,1,6,3,-1,-1,1998,1,7,-1,-1,-1
2016331601625,1,9,0,6,0,8,0,0,0,0,3,1,3,2,34,6,-1,-1,-1,5,1,5
2016331601625,2,5,0,4,0,8,0,0,0,0,4,1,1,1,55,8,903,1,3,1,1,1
2016331601626,1,9,0,13,0,8,0,0,0,0,1,1,1,3,30,6,-1,-1,-1,-1,-1,-1
2016331601626,2,3,0,18,0,8,0,0,0,0,2,1,1,1,24,5,124,1,-1,1,1,1
2016331601627,1,98,0,18,0,0,0,0,0,0,3,1,6,3,-1,-1,-1,-1,-1,-1,-1,-1
2016331601628,1,9,0,18,0,1,0,0,0,0,1,1,6,2,40,7,-1,-1,-1,-1,-1,-1
2016331601628,2,1,0,6,0,1,0,0,0,0,3,1,4,1,16,4,-1,-1,-1,6,1,6
2016331601629,1,9,0,18,0,8,0,0,0,0,1,1,6,1,31,6,1968,2,10,3,1,3
2016331601629,2,9,0,18,0,6,0,0,0,0,4,1,6,3,-1,-1,1796,1,9,-1,-1,-1
2016331601630,1,9,0,3,0,0,0,0,0,0,2,1,6,1,42,7,998,1,2,7,3,7
2016331601630,2,9,0,18,0,0,0,0,1,3,1,1,6,2,59,9,1968,2,10,10,2,10
2016331601630,3,9,0,18,0,0,0,0,0,0,1,1,6,1,43,7,1108,1,7,8,1,8
2016331601630,4,9,0,18,0,0,0,0,0,0,1,1,6,2,33,6,1200,1,2,-1,-1,-1
2016331601631,1,9,0,18,0,0,0,0,0,0,1,1,6,1,-1,-1,1679,1,17,-1,-1,-1
2016331601631,2,3,0,18,0,0,0,0,0,0,1,1,6,1,22,5,125,1,1,6,1,6
2016331601632,1,9,0,17,0,0,0,0,0,0,3,1,6,2,34,6,1598,2,2,7,1,7
2016331601633,1,4,0,18,0,8,0,0,0,0,1,1,6,1,21,5,250,1,2,8,1,8
2016331601633,2,9,0,9,0,5,0,0,0,0,4,1,1,1,57,9,1560,2,3,6,1,6
2016331601634,1,9,0,17,0,0,0,0,0,0,1,1,6,2,18,4,1086,1,12,1,1,1
2016331601634,2,8,0,4,0,0,0,0,0,0,2,1,1,1,42,7,1560,2,3,2,1,2
2016331601635,1,9,0,18,0,8,0,0,0,0,1,1,6,1,48,8,1686,2,5,10,1,10
2016331601635,2,9,0,14,0,3,0,0,0,1,3,1,6,1,18,4,1360,1,10,9,2,9
2016331601636,1,9,0,9,0,6,0,0,0,0,2,1,6,2,26,6,2143,2,4,9,1,9
2016331601636,2,3,0,18,0,8,0,0,0,0,1,1,6,1,34,6,124,1,4,-1,-1,-1
2016331601637,1,9,0,5,0,8,0,0,0,0,1,1,6,2,21,5,1995,2,10,-1,-1,-1
2016331601637,2,9,0,9,0,6,0,0,0,0,3,1,6,1,24,5,1781,1,16,4,1,4
2016331601638,1,9,0,6,0,0,0,0,0,0,1,1,6,2,65,9,-1,-1,-1,-1,-1,-1
2016331601639,1,9,0,6,0,8,0,0,2,2,3,1,2,2,25,5,1242,1,5,6,2,6
2016331601639,2,9,0,16,0,8,0,0,7,1,1,1,2,1,37,7,1995,2,6,9,2,9
2016331601640,1,9,0,18,0,8,0,0,0,0,1,1,6,2,30,6,1598,1,12,7,1,7
2016331601640,2,9,0,9,0,5,0,0,0,0,4,1,6,2,33,6,1493,2,9,8,2,8
2016331601641,1,9,0,18,0,1,0,0,0,0,1,1,6,1,21,5,1242,1,9,8,1,8
2016331601641,2,1,0,18,0,1,0,0,0,0,3,1,6,1,21,5,-1,-1,-1,6,1,6
2016331601642,1,9,0,18,0,8,0,0,0,0,1,1,6,1,-1,-1,-1,-1,-1,-1,-1,-1
2016331601642,2,1,0,18,0,8,0,0,0,0,2,1,6,1,23,5,-1,-1,-1,3,1,3
2016331601643,1,9,0,3,0,1,0,0,0,0,2,1,6,1,21,5,1590,1,11,4,1,4
2016331601643,2,11,0,5,0,1,0,0,0,0,1,1,1,1,33,6,7300,2,10,3,1,3
2016331601644,1,9,0,18,0,6,0,0,0,0,1,1,6,2,18,4,1149,1,11,9,1,9
2016331601644,2,9,0,18,0,8,0,0,0,0,3,1,1,1,51,8,-1,-1,-1,5,1,5
2016331601645,1,9,0,13,0,8,0,0,7,11,4,1,6,1,20,4,-1,-1,-1,4,1,4
2016331601645,2,9,0,9,0,5,0,0,0,0,1,1,6,2,35,6,1349,1,2,8,1,8
2016331601646,1,9,0,18,0,4,0,0,0,0,1,1,6,1,75,10,1329,1,2,1,1,1
2016331601646,2,9,0,9,0,8,0,0,0,0,4,1,6,2,56,9,1497,8,1,7,1,7
2016331601647,1,9,0,4,0,0,0,0,0,0,2,1,3,2,34,6,1596,1,8,3,1,3
2016331601647,2,9,0,18,0,0,0,0,0,0,1,1,6,1,30,6,1206,1,7,-1,-1,-1
2016331601648,1,5,0,13,0,0,0,0,0,0,4,1,6,1,67,10,1000,1,65,4,1,4
2016331601649,1,2,0,13,2,8,0,0,0,0,1,1,6,1,64,9,49,1,8,1,1,1
2016331601649,2,9,0,9,0,5,0,0,0,0,1,1,1,2,48,8,1242,1,5,6,1,6
2016331601649,3,19,0,3,0,1,0,0,0,0,0,1,1,1,-1,-1,-1,-1,-1,-1,-1,-1
2016331601650,1,9,0,17,0,8,0,10,1,10,1,1,6,1,29,6,3498,1,8,8,3,8
2016331601651,1,5,0,18,0,3,0,10,0,0,4,1,6,1,29,6,997,1,26,10,1,10
2016331601651,2,9,0,12,0,3,0,0,0,0,0,1,6,3,-1,-1,-1,-1,-1,-1,-1,-1
2016331601652,1,3,0,13,0,8,0,0,1,10,1,1,6,1,21,5,124,1,5,2,1,2
2016331601652,2,9,0,7,0,5,0,0,0,0,3,1,6,1,51,8,1596,1,11,1,1,1
2016331601652,3,9,0,18,0,8,0,0,0,0,1,1,6,1,56,9,1229,1,9,1,1,1
2016331601653,1,9,0,4,0,1,0,0,0,0,2,1,6,2,48,8,1598,1,12,7,1,7
2016331601653,2,9,0,4,0,1,0,0,0,0,1,1,6,2,39,7,-1,-1,-1,7,1,7
2016331601654,1,19,0,9,0,5,0,0,0,0,4,1,6,1,33,6,1753,2,12,6,1,6
2016331601654,2,1,0,18,0,8,0,0,0,0,1,1,6,1,-1,-1,-1,-1,-1,5,1,5
2016331601655,1,5,0,5,0,0,0,0,0,0,3,1,6,1,31,6,599,1,10,-1,-1,-1
2016331601655,2,9,0,2,0,0,0,0,0,0,3,1,6,1,53,8,2183,2,4,8,3,8
2016331601656,1,5,0,9,0,3,1,0,1,10,3,1,1,1,26,6,592,1,23,-1,-1,-1
2016331601656,2,9,0,9,0,3,0,0,0,0,4,1,1,1,24,5,1997,2,5,-1,-1,-1
2016331601657,1,9,0,9,0,5,0,0,0,0,1,1,1,1,23,5,-1,-1,-1,1,1,1
2016331601657,2,9,0,18,0,8,0,0,0,0,1,1,6,2,34,6,1598,2,6,3,1,3
2016331601658,1,3,0,17,0,0,1,0,1,9,1,1,6,1,26,6,-1,-1,-1,2,1,2
2016331601659,1,9,0,3,0,1,0,0,0,0,2,1,1,2,34,6,1997,2,5,3,1,3
2016331601659,2,9,0,4,0,1,0,0,0,0,1,1,6,3,-1,-1,2993,2,5,-1,-1,-1
2016331601660,1,9,0,13,0,8,0,0,0,0,1,1,1,2,-1,-1,1686,2,3,-1,-1,-1
2016331601660,2,9,0,9,0,5,0,0,3,0,2,1,6,2,43,7,1598,2,2,2,1,2
2016331601661,1,9,0,18,0,8,0,0,0,0,1,1,6,2,52,8,1598,1,1,10,1,10
2016331601661,2,9,0,9,0,6,0,0,0,0,1,1,6,2,31,6,1986,2,10,5,1,5
2016331601662,1,9,0,18,0,8,0,0,7,11,1,1,6,2,30,6,1598,1,9,9,1,9
2016331601662,2,9,0,18,0,6,0,0,0,0,3,1,6,1,34,6,1398,2,13,2,1,2
2016331601663,1,21,1,11,0,0,3,0,0,0,1,1,1,1,60,9,12809,2,1,3,1,3
2016331601663,2,9,0,18,0,0,0,0,0,0,3,1,6,2,43,7,1596,1,13,1,1,1
2016331601664,1,9,0,5,0,1,0,0,0,0,1,1,1,1,59,9,-1,-1,-1,3,1,3
2016331601664,2,9,0,7,0,6,0,0,0,0,0,1,6,3,-1,-1,-1,-1,-1,-1,-1,-1
2016331601665,1,9,0,4,0,0,0,0,0,0,2,1,6,2,28,6,1248,1,2,1,1,1
2016331601665,2,9,0,4,0,0,0,0,0,0,1,1,6,2,-1,-1,-1,-1,-1,-1,-1,-1
2016331601665,3,9,0,4,0,0,0,0,0,0,1,1,6,2,-1,-1,-1,-1,-1,-1,-1,-1
2016331601666,1,9,0,18,0,0,0,0,0,0,1,1,6,1,26,6,998,1,3,10,1,10
2016331601666,2,9,0,12,0,0,0,0,0,0,1,1,6,1,-1,-1,1995,2,11,-1,-1,-1
2016331601667,1,9,0,18,0,0,0,0,0,0,1,1,2,2,21,5,1386,1,12,9,2,9
2016331601667,2,1,0,18,0,0,0,0,0,0,1,1,4,1,14,3,-1,-1,-1,1,1,1
2016331601668,1,9,0,18,0,0,0,0,0,0,1,1,6,1,30,6,1796,1,10,6,1,6
2016331601668,2,9,0,4,0,0,0,0,0,0,2,1,6,2,53,8,995,1,13,1,1,1
2016331601668,3,8,0,18,0,0,0,0,0,0,1,1,6,1,35,6,1560,2,3,2,1,2
2016331601669,1,9,0,4,0,0,0,0,0,0,1,1,6,1,24,5,1769,1,14,5,1,5
2016331601669,2,9,0,4,0,0,0,0,0,0,2,1,6,1,-1,-1,2143,2,6,-1,-1,-1
2016331601670,1,9,0,5,0,1,0,0,0,0,1,1,6,2,60,9,-1,-1,-1,5,1,5
2016331601670,2,1,0,18,0,1,0,0,0,0,2,1,6,1,28,6,-1,-1,-1,3,1,3
2016331601671,1,9,0,16,0,0,0,0,7,0,1,1,6,1,62,9,1598,2,1,-1,-1,-1
2016331601671,2,9,0,17,0,0,0,0,1,0,1,1,6,2,66,10,1229,1,7,-1,-1,-1
2016331601672,1,9,0,3,0,1,0,0,0,0,2,1,6,1,26,6,1598,2,5,3,1,3
2016331601672,2,9,0,18,0,1,0,0,0,0,1,1,6,1,25,5,3498,1,13,-1,-1,-1
2016331601673,1,9,0,7,0,4,0,0,0,0,1,1,3,2,30,6,999,1,4,3,1,3
2016331601673,2,1,0,18,0,2,0,0,0,0,1,1,6,1,17,4,-1,-1,-1,1,1,1
2016331601674,1,9,0,18,0,1,0,7,0,0,1,1,2,2,30,6,1796,1,10,10,2,10
2016331601674,2,9,0,3,0,1,0,9,0,0,2,1,2,2,58,9,998,1,4,6,1,6
2016331601675,1,9,0,4,0,0,0,0,0,0,1,1,2,1,30,6,1984,1,15,-1,-1,-1
2016331601676,1,9,0,18,0,0,0,0,1,9,4,1,6,2,23,5,1242,1,2,10,1,10
2016331601677,1,9,0,18,0,0,2,10,1,9,3,1,1,1,24,5,2991,2,4,5,1,5
2016331601678,1,9,0,9,0,6,1,0,0,0,3,1,6,2,22,5,1242,1,6,10,1,10
2016331601678,2,9,0,18,0,8,0,0,0,0,1,1,6,2,72,10,1984,2,6,6,3,6
2016331601679,1,9,0,16,0,0,1,0,7,9,1,1,6,2,63,9,1493,2,9,6,1,6
2016331601679,2,9,0,17,0,0,0,0,0,0,4,1,6,2,26,6,1390,1,5,7,1,7
2016331601680,1,9,0,18,0,2,0,0,0,0,1,1,6,2,34,6,1995,2,12,3,1,3
2016331601680,2,1,0,18,0,2,0,0,0,0,3,1,6,2,19,4,-1,-1,-1,9,1,9
2016331601681,1,19,0,9,0,6,0,0,0,0,4,1,6,1,45,7,2402,2,8,9,1,9
2016331601681,2,5,0,4,0,8,1,0,7,0,1,1,6,1,31,6,998,1,10,4,1,4
2016331601682,1,21,1,18,0,0,0,0,0,0,4,1,1,3,-1,-1,-1,-1,-1,-1,-1,-1
2016331601682,2,1,0,18,0,0,0,0,0,0,3,1,2,1,20,4,-1,-1,-1,-1,-1,-1
2016331601683,1,9,0,18,0,8,0,0,0,0,1,1,6,2,30,6,1364,1,11,1,1,1
2016331601683,2,9,0,9,0,6,0,0,0,0,3,1,6,2,35,6,1598,1,7,1,1,1
2016331601684,1,9,0,18,0,0,0,0,0,0,1,1,6,3,-1,-1,-1,-1,-1,-1,-1,-1
2016331601685,1,9,0,18,0,8,0,0,0,0,1,1,6,1,32,6,2143,2,-1,3,1,3
2016331601685,2,9,0,9,0,6,0,0,0,0,3,1,6,1,46,8,1560,2,8,1,1,1
2016331601685,3,9,0,18,0,8,0,0,0,0,1,1,6,1,19,4,1995,2,10,-1,-1,-1
2016331601686,1,3,0,14,0,8,0,0,0,0,1,1,2,1,19,4,125,1,2,1,1,1
2016331601686,2,9,0,9,0,8,0,0,0,0,1,1,2,1,42,7,1390,2,12,9,1,9
2016331601686,3,9,0,3,0,1,0,0,0,0,0,1,6,3,-1,-1,-1,-1,-1,-1,-1,-1
2016331601687,1,9,0,9,0,6,0,0,1,10,4,1,6,2,44,7,1968,2,2,3,1,3
2016331601687,2,9,0,18,0,6,0,0,0,0,1,1,6,1,21,5,1995,2,5,2,1,2
2016331601689,1,9,0,13,0,0,0,0,0,0,1,1,2,1,23,5,-1,-1,-1,2,1,2
2016331601689,2,9,0,18,0,0,0,0,0,0,1,1,2,1,29,6,2000,2,6,2,1,2
2016331601689,3,98,1,18,0,0,0,0,0,0,0,1,6,3,-1,-1,-1,-1,-1,-1,-1,-1
2016331601690,1,9,0,18,0,1,0,0,0,0,1,1,1,1,42,7,1797,8,4,4,1,4
2016331601690,2,1,0,18,0,6,0,0,0,0,1,1,4,1,13,3,-1,-1,-1,4,1,4
2016331601691,1,9,0,18,0,2,0,0,0,0,2,1,2,1,19,4,1995,2,-1,7,1,7
2016331601691,2,9,0,18,0,2,0,0,0,0,1,1,2,1,29,6,1968,2,7,8,1,8
2016331601694,1,9,0,18,0,8,0,0,0,0,4,1,6,2,43,7,1951,2,12,4,1,4
2016331601694,2,9,0,9,0,6,0,0,0,0,1,1,6,1,33,6,1299,1,14,1,1,1
2016331601695,1,9,0,18,0,0,0,0,0,0,4,1,6,2,22,5,1595,1,11,10,1,10
2016331601696,1,9,0,16,0,0,0,0,0,0,1,1,1,1,17,4,1389,1,23,7,2,7
2016331601696,2,9,0,17,0,0,0,0,0,0,1,1,6,3,33,6,2987,2,10,2,1,2
2016331601697,1,9,0,16,0,0,1,0,0,0,1,1,6,1,28,6,1998,1,10,9,2,9
2016331601697,2,9,4,17,0,0,4,0,0,0,1,1,6,3,52,8,1973,1,16,7,3,7
2016331601699,1,9,0,18,0,6,0,0,0,0,1,1,6,1,-1,-1,-1,-1,-1,-1,-1,-1
2016331601699,2,1,0,18,0,8,0,0,0,0,3,1,6,1,19,4,-1,-1,-1,-1,-1,-1
2016331601700,1,9,0,4,0,1,0,0,0,0,1,1,6,1,23,5,1364,1,-1,7,1,7
2016331601701,1,9,0,16,0,0,2,0,1,9,1,1,6,1,65,9,1997,2,9,8,2,8
2016331601702,1,9,0,18,0,8,0,0,0,0,1,1,3,1,-1,-1,1896,2,14,-1,-1,-1
2016331601702,2,9,0,7,0,6,0,0,0,0,1,1,2,2,30,6,1598,1,2,-1,-1,-1
2016331601702,3,9,0,2,0,2,0,0,0,0,2,1,6,1,-1,-1,998,1,17,-1,-1,-1
2016331601703,1,9,0,9,0,5,0,0,0,0,4,1,2,1,21,5,1390,1,12,6,1,6
2016331601703,2,1,0,18,0,8,0,0,0,0,1,1,6,2,43,7,-1,-1,-1,4,1,4
2016331601704,1,9,0,9,0,6,0,0,0,0,3,1,6,2,57,9,1339,8,5,10,1,10
2016331601704,2,5,0,18,0,8,0,0,0,0,1,1,6,1,56,9,955,1,17,8,1,8
2016331601705,1,9,0,18,0,8,0,0,1,4,1,1,6,2,66,10,1329,1,1,4,1,4
2016331601705,2,19,0,12,0,8,0,0,0,0,0,1,1,1,40,7,2198,2,1,6,3,6
2016331601705,3,9,0,4,0,8,0,0,0,0,0,1,6,3,-1,-1,-1,-1,-1,-1,-1,-1
2016331601706,1,9,0,18,0,8,0,0,0,0,3,1,6,2,60,9,1246,1,11,3,1,3
2016331601706,2,21,0,9,0,8,0,0,0,0,4,1,1,1,-1,-1,12809,2,-1,-1,-1,-1
2016331601707,1,1,0,5,0,2,0,0,0,0,1,1,2,1,38,7,-1,-1,-1,9,1,9
2016331601707,2,9,0,7,0,2,0,0,0,0,4,1,6,3,-1,-1,-1,-1,-1,-1,-1,-1
2016331601708,1,9,0,4,0,1,0,0,3,11,1,1,6,1,87,11,1910,2,7,-1,-1,-1
2016331601709,1,9,0,18,0,0,0,0,7,10,1,1,1,1,45,7,-1,-1,-1,1,1,1
2016331601710,1,9,0,17,0,0,0,0,0,0,1,1,6,2,23,5,1242,1,7,7,3,7
2016331601710,2,9,0,16,0,0,0,0,7,0,4,1,6,2,20,4,1598,1,10,8,1,8
2016331601711,1,9,0,18,0,4,1,10,0,0,1,1,6,1,26,6,1968,2,8,5,1,5
2016331601712,1,5,0,18,0,0,0,0,0,0,1,1,6,1,28,6,599,1,11,9,1,9
2016331601712,2,9,0,3,0,0,0,0,0,0,2,1,6,1,51,8,-1,-1,-1,4,1,4
2016331601712,3,9,0,18,0,0,0,0,0,0,1,1,6,2,51,8,4367,2,-1,10,1,10
2016331601713,1,9,0,18,0,1,0,0,0,0,1,1,6,1,88,11,2967,1,12,6,2,6
2016331601714,1,9,0,5,0,1,0,0,0,0,1,1,6,1,45,7,2198,1,15,10,1,10
2016331601714,2,9,0,3,0,1,0,0,0,0,2,1,6,1,20,4,998,1,-1,8,2,8
2016331601715,1,9,0,18,0,0,0,0,0,0,1,1,6,1,38,7,1968,2,-1,9,2,9
2016331601715,2,19,0,6,0,0,0,0,0,0,3,1,1,1,59,9,2143,2,2,-1,-1,-1
2016331601716,1,9,0,9,0,6,0,10,0,0,3,1,2,1,19,4,1596,1,2,3,1,3
2016331601716,2,9,0,18,0,8,0,0,0,0,1,1,2,1,21,5,-1,-1,-1,5,1,5
2016331601717,1,9,0,18,0,0,0,0,0,0,1,1,6,1,22,5,-1,-1,-1,6,1,6
2016331601718,1,9,0,5,0,8,0,0,0,0,1,1,6,1,76,11,-1,-1,-1,10,1,10
2016331601718,2,9,0,4,0,8,0,0,0,0,2,1,2,2,52,8,1299,1,11,10,2,10
2016331601718,3,9,0,3,0,8,0,0,0,0,2,1,6,2,39,7,1997,8,-1,5,1,5
2016331601718,4,11,0,5,0,8,0,0,0,0,0,1,1,3,-1,-1,-1,-1,-1,-1,-1,-1
2016331601719,1,3,0,16,0,0,1,0,0,0,3,1,2,1,20,4,125,1,-1,9,2,9
2016331601719,2,9,0,17,0,0,0,0,0,0,0,1,6,3,-1,-1,-1,-1,-1,-1,-1,-1
2016331601720,1,9,0,18,0,1,0,0,0,0,4,1,6,2,23,5,1229,1,3,-1,-1,-1
2016331601721,1,9,0,17,0,0,1,0,7,0,3,1,2,2,62,9,1798,8,-1,3,1,3
2016331601721,2,9,0,18,0,0,0,0,0,0,3,1,2,1,65,9,1956,2,2,7,3,7
2016331601723,1,9,0,9,0,5,0,0,0,0,1,1,2,2,43,7,1956,2,1,9,2,9
2016331601724,1,9,0,6,0,8,0,0,0,0,1,1,1,2,29,6,1360,1,13,-1,-1,-1
2016331601724,2,9,0,18,0,8,0,0,0,0,1,1,1,2,63,9,1598,1,11,10,1,10
2016331601725,1,9,0,5,0,1,0,0,0,0,1,1,6,2,32,6,1997,2,6,-1,-1,-1
2016331601726,1,90,0,3,0,2,0,0,0,0,2,1,1,1,30,6,2999,2,1,7,1,7
2016331601726,2,9,0,18,0,2,0,0,0,0,1,1,2,1,26,6,998,1,-1,4,1,4
2016331601726,3,9,0,3,0,2,0,0,0,0,0,1,6,3,-1,-1,-1,-1,-1,-1,-1,-1
2016331601727,1,9,0,4,0,8,0,0,0,0,1,1,6,1,-1,-1,1796,1,10,10,1,10
2016331601727,2,9,0,3,0,8,0,0,0,0,2,1,2,2,25,5,1598,1,12,7,1,7
2016331601727,3,9,0,3,0,8,0,0,0,0,2,1,2,1,51,8,2143,2,2,10,1,10
2016331601728,1,9,0,15,2,8,0,0,1,11,1,1,6,1,22,5,1968,2,3,4,1,4
2016331601728,2,9,0,9,0,5,0,0,7,0,4,1,6,1,31,6,1398,1,-1,1,1,1
2016331601729,1,9,0,18,0,8,0,0,7,10,1,1,6,2,58,9,998,1,9,10,2,10
2016331601729,2,9,0,9,0,6,0,0,0,0,1,1,6,1,25,5,1896,2,10,9,1,9
2016331601730,1,9,0,7,0,2,0,4,0,0,1,1,6,1,26,6,-1,-1,-1,3,1,3
2016331601730,2,9,0,2,0,1,0,0,0,0,3,1,6,1,29,6,-1,-1,-1,7,1,7
2016331601733,1,9,0,9,0,5,0,0,0,0,3,1,3,2,50,8,1364,2,10,10,1,10
2016331601733,2,9,0,18,0,8,0,0,0,0,1,1,6,1,37,7,998,1,3,5,1,5
2016331601733,3,3,0,13,0,8,0,0,0,0,4,1,2,1,22,5,124,1,-1,3,1,3
2016331601734,1,3,0,13,0,8,0,0,0,0,1,1,6,1,61,9,125,1,4,3,1,3
2016331601734,2,9,0,9,0,6,0,0,0,0,3,1,1,2,60,9,1299,1,14,7,2,7
2016331601735,1,9,0,18,0,0,1,0,1,4,1,1,2,1,37,7,1995,2,4,6,1,6
2016331601736,1,9,0,5,0,6,0,0,0,0,1,1,2,1,27,6,-1,-1,-1,7,1,7
2016331601736,2,1,0,9,0,8,0,0,0,0,1,1,6,1,27,6,-1,-1,-1,7,1,7
2016331601737,1,9,0,18,0,6,0,0,0,0,1,1,6,2,25,5,1086,1,11,9,2,9
2016331601737,2,9,0,18,0,8,0,0,1,1,3,1,6,2,80,11,1248,1,-1,6,2,6
2016331601738,1,9,0,9,0,5,0,0,7,0,1,1,1,2,61,9,1388,1,5,6,1,6
2016331601738,2,19,0,17,0,8,0,0,1,0,3,1,1,1,52,8,1560,2,-1,5,1,5
2016331601739,1,9,0,2,0,0,0,0,0,0,2,1,2,1,24,5,1388,1,14,2,1,2
2016331601739,2,21,0,18,0,0,0,4,7,7,1,1,1,1,30,6,12780,2,10,2,1,2
2016331601740,1,9,0,18,0,0,2,0,1,11,4,1,6,1,21,5,998,1,11,10,1,10
2016331601741,1,21,1,18,0,0,3,0,7,6,3,1,1,1,31,6,-1,-1,-1,2,1,2
2016331601742,1,9,0,18,0,2,0,0,0,0,1,1,3,2,43,7,1339,1,10,7,2,7
2016331601743,1,9,0,9,0,8,0,0,0,0,3,1,6,1,33,6,1870,2,12,4,1,4
2016331601743,2,3,0,14,0,8,0,0,0,0,1,1,6,1,47,8,124,1,2,3,1,3
2016331601743,3,9,0,3,0,1,0,0,0,0,0,1,6,3,-1,-1,-1,-1,-1,-1,-1,-1
2016331601744,1,3,0,11,0,0,1,10,0,0,3,1,2,1,17,4,114,1,2,9,3,9
2016331601744,2,9,0,3,0,0,0,0,0,0,1,1,6,3,-1,-1,-1,-1,-1,-1,-1,-1
2016331601745,1,9,0,18,0,2,0,0,0,0,1,1,3,1,18,4,1396,1,3,9,1,9
2016331601746,1,9,0,9,0,5,0,0,0,0,4,1,6,1,25,5,1995,2,14,7,1,7
2016331601746,2,5,0,17,0,8,1,0,0,0,1,1,6,1,48,8,1078,1,5,10,1,10
2016331601747,1,9,0,18,0,2,0,0,7,4,1,1,6,1,23,5,2179,2,1,-1,-1,-1
2016331601748,1,9,0,16,0,0,1,10,2,4,1,1,6,1,20,4,1242,1,8,3,1,3
2016331601749,1,9,0,5,0,1,0,0,0,0,1,1,6,1,40,7,998,1,10,1,1,1
2016331601749,2,9,0,5,0,1,0,0,0,0,1,1,6,1,30,6,1798,1,10,-1,-1,-1
2016331601749,3,9,0,5,0,1,0,0,0,0,2,1,6,1,20,4,1198,1,6,9,3,9
2016331601750,1,9,0,4,0,1,0,0,0,0,1,1,6,2,31,6,1598,1,13,8,1,8
2016331601750,2,9,0,18,0,1,0,0,0,0,2,1,6,1,-1,-1,-1,-1,-1,-1,-1,-1
2016331601750,3,9,0,12,0,1,0,0,0,0,0,1,6,3,-1,-1,1598,1,13,-1,-1,-1
2016331601751,1,2,0,9,0,2,0,0,0,0,1,1,6,2,16,4,49,1,-1,8,2,8
2016331601751,2,9,0,7,0,2,0,0,0,0,3,1,6,1,-1,-1,1995,2,5,-1,-1,-1
2016331601752,1,9,0,18,0,0,5,0,1,0,1,1,6,2,22,5,1360,1,9,7,3,7
2016331601753,1,9,0,7,0,8,0,0,7,9,2,1,6,1,87,11,2494,1,16,9,3,9
2016331601753,2,19,0,4,0,8,0,0,0,0,1,1,1,1,49,8,2402,2,9,9,2,9
2016331601754,1,9,0,18,0,8,0,0,0,0,1,1,6,2,48,8,1686,2,8,10,1,10
2016331601754,2,9,0,9,0,5,0,0,0,0,1,1,1,2,24,5,1368,1,6,5,2,5
2016331601755,1,9,0,2,0,0,0,0,0,0,2,1,6,1,21,5,1124,1,11,2,1,2
2016331601755,2,19,0,5,0,0,0,0,0,0,1,1,6,1,-1,-1,2287,2,5,-1,-1,-1
2016331601756,1,9,0,12,0,8,0,0,0,0,3,1,6,1,40,7,1390,1,10,2,1,2
2016331601756,2,9,0,18,0,8,2,0,7,6,4,1,2,2,27,6,1198,1,5,7,1,7
2016331601757,1,19,0,4,0,0,0,0,0,0,4,1,6,1,42,7,2143,2,6,10,1,10