Accident_Index,Vehicle_Reference,Vehicle_Type,Towing_and_Articulation,Vehicle_Manoeuvre,Vehicle_Location-Restricted_Lane,Junction_Location,Skidding_and_Overturning,Hit_Object_in_Carriageway,Vehicle_Leaving_Carriageway,Hit_Object_off_Carriageway,1st_Point_of_Impact,Was_Vehicle_Left_Hand_Drive?,Journey_Purpose_of_Driver,Sex_of_Driver,Age_of_Driver,Age_Band_of_Driver,Engine_Capacity_(CC),Propulsion_Code,Age_of_Vehicle,Driver_IMD_Decile,Driver_Home_Area_Type,Vehicle_IMD_Decile
2016331601758,1,9,0,4,0,2,1,0,0,0,1,1,6,2,26,6,1328,1,9,3,1,3
2016331601758,2,9,0,18,0,2,0,0,0,0,2,1,6,2,24,5,1390,1,4,3,1,3
2016331601759,1,9,0,4,0,0,2,10,1,0,4,1,6,1,80,11,1998,1,9,9,3,9
2016331601760,1,9,0,3,0,1,0,0,0,0,3,1,2,2,35,6,1900,2,10,5,1,5
2016331601760,2,9,0,5,0,1,0,0,0,0,4,1,2,2,40,7,1398,2,12,2,1,2
2016331601761,1,9,0,4,0,1,0,0,0,0,4,1,1,2,48,8,3600,1,20,9,1,9
2016331601762,1,9,0,9,0,5,0,0,0,0,1,1,6,3,61,9,1997,1,15,-1,-1,-1
2016331601763,1,9,0,18,0,1,0,0,0,0,1,1,6,1,26,6,1968,2,10,3,1,3
2016331601763,2,1,0,18,0,6,0,0,0,0,1,1,6,1,16,4,-1,-1,-1,1,1,1
2016331601764,1,19,0,18,0,0,0,0,0,0,4,1,6,1,52,8,-1,-1,-1,1,1,1
2016331601765,1,20,4,18,0,4,0,0,0,0,4,1,1,1,41,7,-1,-1,-1,-1,-1,-1
2016331601765,2,1,0,18,0,4,0,0,0,0,1,1,6,1,71,10,-1,-1,-1,7,2,7
2016331601766,1,9,0,18,0,2,0,7,6,1,1,1,6,1,24,5,1798,1,10,3,1,3
2016331601767,1,9,0,18,0,0,0,0,0,0,1,1,6,1,19,4,1596,1,11,-1,-1,-1
2016331601767,2,9,0,18,0,0,0,0,0,0,2,1,6,1,45,7,1339,1,10,10,1,10
2016331601768,1,9,0,18,0,2,0,0,0,0,1,1,6,1,27,6,2231,2,6,3,1,3
2016331601769,1,9,0,18,0,2,0,0,0,0,1,1,6,1,-1,-1,-1,-1,-1,-1,-1,-1
2016331601770,1,9,0,9,0,5,0,0,0,0,1,1,1,1,54,8,1968,2,1,-1,-1,-1
2016331601770,2,9,0,18,0,8,0,0,0,0,1,1,1,2,42,7,-1,-1,-1,-1,-1,-1
2016331601771,1,9,0,16,0,2,0,0,0,0,4,1,6,1,41,7,1598,1,12,-1,-1,-1
2016331601772,1,9,0,17,0,8,0,0,0,0,4,1,2,1,20,4,1229,1,4,10,1,10
2016331601772,2,9,0,9,0,6,0,0,0,0,4,1,2,2,40,7,1976,1,6,6,2,6
2016331601773,1,19,0,18,0,1,0,0,0,0,1,1,6,1,26,6,1998,2,12,5,1,5
2016331601773,2,9,0,3,0,1,0,0,0,0,2,1,3,2,39,7,1598,2,4,9,1,9
2016331601773,3,9,0,5,0,6,0,0,0,0,0,1,6,3,-1,-1,-1,-1,-1,-1,-1,-1
2016331601774,1,9,0,9,0,5,5,0,0,0,1,1,6,2,37,7,998,1,14,1,1,1
2016331601774,2,9,0,18,0,8,0,0,0,0,1,1,6,1,64,9,1150,1,12,2,1,2
2016331601774,3,9,0,8,0,1,0,0,0,0,1,1,6,2,79,11,1783,1,17,2,1,2
2016331601775,1,9,0,18,9,8,0,0,0,0,1,1,6,1,35,6,1149,1,12,3,1,3
2016331601775,2,1,0,18,9,8,0,0,0,0,1,1,6,1,42,7,-1,-1,-1,9,1,9
2016331601776,1,9,0,3,0,1,0,0,0,0,2,1,6,2,28,6,1587,1,9,7,2,7
2016331601776,2,19,0,14,0,1,0,0,0,0,1,1,6,3,40,7,-1,-1,-1,-1,-1,-1
2016331601777,1,9,0,2,0,0,0,0,0,0,3,1,6,1,40,7,2499,1,5,4,1,4
2016331601777,2,1,0,18,0,0,0,8,0,0,1,1,6,1,31,6,-1,-1,-1,8,1,8
2016331601778,1,9,0,11,0,1,0,0,0,0,0,1,6,1,-1,-1,-1,-1,-1,-1,-1,-1
2016331601778,2,11,0,4,0,1,0,0,0,0,0,1,1,2,63,9,7300,2,11,5,1,5
2016331601779,1,8,0,5,0,4,0,0,0,0,1,1,6,3,-1,-1,1797,8,5,-1,-1,-1
2016331601779,2,9,0,4,0,4,0,0,0,0,2,1,6,1,41,7,2143,2,4,3,1,3
2016331601780,1,9,0,13,0,8,0,0,7,0,1,1,6,1,20,4,1242,1,12,8,1,8
2016331601780,2,9,0,18,0,8,0,0,0,0,1,1,6,1,20,4,1995,2,5,7,3,7
2016331601783,1,1,0,3,0,1,0,0,0,0,4,1,6,2,34,6,-1,-1,-1,1,1,1
2016331601783,2,9,0,16,0,2,0,0,0,0,4,1,6,1,67,10,1587,1,12,1,1,1
2016331601784,1,9,0,18,0,8,0,0,0,0,3,1,2,1,51,8,1999,1,7,8,1,8
2016331601784,2,9,0,9,0,5,0,0,0,0,1,1,1,1,52,8,-1,-1,-1,-1,-1,-1
2016331601785,1,9,0,7,0,3,0,0,0,0,3,1,6,2,17,4,1242,1,9,-1,-1,-1
2016331601785,2,9,0,7,0,3,0,0,0,0,1,1,6,2,30,6,1396,1,14,-1,-1,-1
2016331601786,1,9,0,5,0,6,2,10,3,10,1,1,6,2,48,8,-1,-1,-1,5,1,5
2016331601787,1,9,0,9,0,6,0,0,0,0,3,1,6,2,30,6,1242,1,1,7,2,7
2016331601787,2,9,0,18,0,8,0,0,0,0,1,1,1,1,21,5,-1,-1,-1,8,1,8
2016331601788,1,9,0,18,0,2,0,0,0,0,1,1,6,1,-1,-1,998,1,14,4,1,4
2016331601788,2,1,0,18,0,2,0,0,0,0,2,1,1,1,27,6,-1,-1,-1,8,2,8
2016331601789,1,9,0,18,0,0,0,12,0,0,1,1,6,1,28,6,1596,1,14,2,1,2
2016331601790,1,8,0,7,0,5,0,0,0,0,3,1,1,1,37,7,1995,2,3,1,1,1
2016331601790,2,9,0,9,0,5,0,0,0,0,1,1,6,2,61,9,1124,1,7,1,1,1
2016331601791,1,8,0,9,0,6,0,0,0,0,3,1,1,1,57,9,-1,-1,-1,6,1,6
2016331601792,1,9,0,18,0,6,0,0,0,0,3,1,6,2,54,8,1587,1,7,10,1,10
2016331601792,2,9,0,18,0,8,0,0,0,0,1,1,1,1,67,10,1950,2,-1,5,1,5
2016331601793,1,9,0,18,0,0,0,0,0,0,1,1,1,1,41,7,-1,-1,-1,3,1,3
2016331601794,1,9,0,4,0,0,1,0,0,0,2,1,6,1,18,4,2143,2,1,6,1,6
2016331601794,2,9,0,4,0,0,1,0,0,0,1,1,6,1,18,4,-1,-1,-1,-1,-1,-1
2016331601794,3,9,0,1,0,0,0,0,0,0,1,1,6,1,18,4,1598,2,4,-1,-1,-1
2016331601795,1,9,0,16,0,0,0,0,1,3,1,1,1,1,21,5,1199,1,16,-1,-1,-1
2016331601796,1,9,0,5,0,4,0,0,0,0,1,1,6,3,-1,-1,1997,2,5,-1,-1,-1
2016331601796,2,9,0,18,0,8,0,0,0,0,4,1,1,1,47,8,1332,1,16,1,1,1
2016331601797,1,9,0,3,0,1,0,0,0,0,2,1,1,2,23,5,1686,2,8,10,1,10
2016331601797,2,9,0,4,0,1,1,0,1,0,1,1,1,1,23,5,1598,2,-1,8,1,8
2016331601797,3,9,0,9,0,5,0,0,0,0,0,1,6,3,-1,-1,-1,-1,-1,-1,-1,-1
2016331601798,1,9,0,4,0,0,1,0,8,6,4,1,6,2,21,5,1348,1,8,10,1,10
2016331601798,2,9,0,13,0,0,0,0,0,0,0,1,6,3,-1,-1,-1,-1,-1,-1,-1,-1
2016331601799,1,9,0,3,0,1,0,0,0,0,2,1,2,1,54,8,1686,2,6,8,1,8
2016331601799,2,9,0,3,0,1,0,0,0,0,2,1,2,1,46,8,1997,2,10,8,1,8
2016331601799,3,9,0,18,0,1,0,0,0,0,1,1,2,2,26,6,1997,1,1,10,2,10
2016331601799,4,9,0,9,0,5,0,0,0,0,0,1,6,3,-1,-1,-1,-1,-1,-1,-1,-1
2016331601800,1,9,0,18,0,2,0,0,0,0,1,1,6,1,87,11,1242,1,16,6,1,6
2016331601800,2,20,0,2,0,2,0,0,0,0,2,1,1,1,63,9,-1,-1,-1,4,1,4
2016331601801,1,9,0,3,0,0,0,0,0,0,2,1,1,2,47,8,-1,-1,-1,-1,-1,-1
2016331601801,2,9,0,14,0,0,0,0,0,0,1,2,1,1,48,8,-1,-1,-1,-1,-1,-1
2016331601802,1,9,0,3,0,0,0,0,0,0,2,1,6,1,22,5,1968,2,-1,7,1,7
2016331601802,2,9,0,3,0,0,0,0,0,0,1,1,6,1,39,7,1618,1,-1,6,1,6
2016331601802,3,9,0,18,0,0,0,0,0,0,1,1,6,1,30,6,1995,2,3,7,2,7
2016331601803,1,9,0,3,0,0,0,0,0,0,2,1,6,1,35,6,1984,1,7,2,1,2
2016331601803,2,9,0,5,0,0,0,0,0,0,1,1,6,1,29,6,1360,1,17,-1,-1,-1
2016331601804,1,9,0,9,0,6,0,0,0,0,1,1,6,3,-1,-1,1986,2,8,-1,-1,-1
2016331601804,2,9,0,10,0,8,0,0,0,0,3,1,6,2,47,8,-1,-1,-1,3,1,3
2016331601805,1,9,0,3,0,0,0,0,0,0,2,1,6,2,60,9,1968,2,1,9,3,9
2016331601805,2,9,0,4,0,0,0,0,0,0,2,1,1,1,58,9,1995,2,2,10,1,10
2016331601805,3,9,0,18,0,0,1,0,0,0,1,1,1,2,56,9,1390,1,7,10,1,10
2016331601806,1,9,0,4,0,8,0,0,0,0,1,1,1,1,38,7,1299,1,14,6,1,6
2016331601807,1,9,0,18,0,0,2,0,1,0,4,1,6,1,17,4,1242,1,15,-1,-1,-1
2016331601808,1,9,0,3,0,0,0,0,0,0,2,1,6,2,26,6,1598,2,4,8,1,8
2016331601808,2,9,0,3,0,0,0,0,0,0,2,1,6,1,33,6,1968,2,7,1,1,1
2016331601808,3,9,0,4,0,0,1,0,0,0,1,1,6,2,59,9,1390,1,4,10,1,10
2016331601809,1,9,0,18,0,8,1,0,0,0,1,1,1,2,21,5,1390,1,15,9,3,9
2016331601809,2,9,0,9,0,5,0,0,0,0,1,1,1,1,20,4,1242,1,12,-1,-1,-1
2016331601809,3,9,0,15,0,8,0,0,0,0,3,1,1,1,28,6,998,1,2,2,1,2
2016331601810,1,9,0,16,0,0,0,0,1,0,1,1,1,1,30,6,-1,-1,-1,4,1,4
2016331601810,2,9,0,17,0,0,0,0,1,0,3,1,6,1,53,8,1999,1,14,7,3,7
2016331601810,3,9,0,17,0,0,0,0,0,0,1,1,6,2,47,8,1339,1,9,5,2,5
2016331601811,1,9,0,3,0,1,0,0,0,0,2,1,6,2,67,10,1339,1,11,5,1,5
2016331601811,2,9,0,5,0,1,0,0,0,0,1,1,6,2,78,11,1386,1,7,9,1,9
2016331601812,1,9,0,14,0,0,0,0,0,0,1,1,6,3,89,11,1896,2,11,4,1,4
2016331601813,1,9,0,3,0,1,0,0,0,0,2,1,2,2,55,8,1299,1,12,7,2,7
2016331601813,2,9,0,18,0,1,0,0,0,0,1,1,2,3,28,6,1870,2,13,3,1,3
2016331601814,1,9,0,16,0,0,0,0,0,0,1,1,6,1,56,9,1560,2,6,8,1,8
2016331601815,1,9,0,18,0,8,1,10,0,0,1,1,6,1,49,8,1332,1,3,4,1,4
2016331601815,2,9,0,18,0,4,1,0,0,0,3,1,6,1,53,8,1896,2,12,9,1,9
2016331601817,1,9,0,18,0,8,0,0,0,0,1,1,6,1,32,6,1590,1,15,4,1,4
2016331601817,2,9,0,5,0,6,0,0,0,0,1,2,6,1,41,7,-1,-1,-1,-1,-1,-1
2016331601818,1,9,0,18,0,0,1,0,0,0,3,1,6,1,26,6,-1,-1,-1,3,1,3
2016331601818,2,9,0,18,0,0,0,0,0,0,1,1,6,1,40,7,1422,2,7,5,1,5
2016331601819,1,9,0,18,0,2,0,0,0,0,1,1,6,1,31,6,1396,1,7,3,1,3
2016331601819,2,1,0,18,0,2,0,0,0,0,3,1,6,2,58,9,-1,-1,-1,5,1,5
2016331601820,1,9,0,18,0,8,0,0,0,0,1,1,6,1,67,10,1984,2,10,1,1,1
2016331601820,2,9,0,9,0,4,0,0,0,0,1,1,1,1,22,5,1968,2,12,2,1,2
2016331601820,3,9,0,18,0,8,0,0,0,0,3,1,6,1,39,7,1998,2,6,1,1,1
2016331601821,1,9,0,18,0,8,0,0,0,0,1,1,6,3,-1,-1,-1,-1,-1,-1,-1,-1
2016331601821,2,1,0,7,0,5,0,0,0,0,2,1,1,1,19,4,-1,-1,-1,2,1,2
2016331601822,1,19,0,6,0,5,0,0,0,0,4,1,6,1,38,7,1995,2,4,3,1,3
2016331601822,2,1,0,18,0,6,0,0,0,0,1,1,6,1,26,6,-1,-1,-1,2,1,2
2016331601823,1,3,0,18,0,4,1,0,0,0,4,1,6,1,25,5,124,1,13,4,1,4
2016331601824,1,9,0,18,0,0,0,0,0,0,1,1,6,1,-1,-1,998,1,16,-1,-1,-1
2016331601824,2,9,0,2,0,0,0,0,0,0,2,1,6,2,39,7,1390,1,12,1,1,1
2016331601824,3,9,0,2,0,0,0,0,0,0,2,1,6,1,-1,-1,2148,2,15,3,1,3
2016331601825,1,9,0,18,0,2,0,0,0,0,1,1,6,1,66,10,1596,1,10,2,1,2
2016331601826,1,9,0,7,0,6,0,0,0,0,3,1,6,2,33,6,1968,2,7,2,1,2
2016331601826,2,9,0,18,0,8,0,0,0,0,1,1,6,1,31,6,2143,2,3,3,1,3
2016331601827,1,9,0,4,0,8,1,7,0,0,1,1,1,2,23,5,1299,1,17,3,1,3
2016331601827,2,21,1,7,0,6,0,0,0,0,1,1,1,3,-1,-1,-1,-1,-1,-1,-1,-1
2016331601829,1,11,0,4,0,1,0,0,0,0,1,1,1,1,46,8,9360,2,7,10,1,10
2016331601830,1,9,0,9,0,5,0,0,0,0,1,1,6,1,29,6,1343,1,13,5,1,5
2016331601830,2,9,0,18,0,8,0,0,1,1,3,1,6,1,62,9,1968,2,3,10,2,10
2016331601831,1,9,0,18,0,8,0,0,0,0,1,1,2,2,25,5,1997,1,14,2,1,2
2016331601831,2,9,0,9,0,8,0,0,0,0,1,1,2,2,35,6,1968,2,3,3,1,3
2016331601833,1,10,0,15,0,8,0,0,0,0,4,1,1,1,70,10,-1,-1,-1,-1,-1,-1
2016331601833,2,90,0,10,0,8,0,0,0,0,0,1,6,3,-1,-1,-1,-1,-1,-1,-1,-1
2016331601834,1,9,0,18,0,6,0,0,1,2,1,1,6,1,-1,-1,1390,1,2,-1,-1,-1
2016331601834,2,8,0,18,0,8,0,0,0,0,4,1,1,1,32,6,1794,1,10,1,1,1
2016331601835,1,9,0,9,0,2,0,0,0,0,1,1,6,1,17,4,1999,2,1,-1,-1,-1
2016331601835,2,9,0,3,0,2,0,0,0,0,2,1,2,2,50,8,1296,1,8,8,1,8
2016331601835,3,9,0,3,0,2,0,0,0,0,3,1,6,1,44,7,1275,1,21,8,2,8
2016331601836,1,9,0,18,0,1,0,0,0,0,1,1,6,1,-1,-1,2498,1,17,2,1,2
2016331601836,2,9,0,3,0,1,0,0,0,0,2,1,6,2,22,5,1390,1,17,5,1,5
2016331601837,1,9,0,18,9,8,0,0,0,0,4,1,6,1,40,7,1999,1,9,-1,-1,-1
2016331601837,2,1,0,18,9,8,0,0,0,0,1,1,6,1,27,6,-1,-1,-1,-1,-1,-1
2016331601838,1,9,0,9,0,5,0,0,0,0,1,1,6,2,42,7,1364,1,2,4,1,4
2016331601838,2,9,0,4,0,8,1,0,0,0,1,1,3,1,35,6,1598,2,6,8,2,8
2016331601839,1,9,0,18,0,6,0,0,0,0,1,1,6,1,30,6,-1,-1,-1,9,2,9
2016331601839,2,9,0,18,0,8,0,0,0,0,1,1,6,1,30,6,-1,-1,-1,1,1,1
2016331601840,1,9,0,18,0,0,0,0,0,0,4,1,6,1,-1,-1,1995,1,13,-1,-1,-1
2016331601841,1,19,0,5,0,6,0,0,0,0,3,1,6,1,26,6,1998,2,13,7,1,7
2016331601841,2,5,0,18,0,8,0,0,0,0,1,1,6,1,20,4,599,1,14,4,1,4
2016331601843,1,9,0,5,0,2,0,0,0,0,3,1,6,2,22,5,1390,1,8,8,3,8
2016331601843,2,9,0,18,0,1,1,4,0,0,1,1,6,1,28,6,1995,2,3,5,1,5
2016331601843,3,9,0,2,0,2,0,0,0,0,1,1,6,3,-1,-1,1596,1,9,-1,-1,-1
2016331601844,1,9,0,18,0,0,5,0,8,6,1,1,1,1,55,8,1586,1,4,9,3,9
2016331601845,1,19,0,18,0,1,0,0,0,0,1,1,1,1,-1,-1,1560,2,3,6,2,6
2016331601845,2,9,0,3,0,1,0,0,0,0,2,1,3,2,42,7,1997,2,8,5,1,5
2016331601846,1,9,0,18,0,8,0,0,0,0,3,1,6,2,56,9,1596,1,7,8,1,8
2016331601846,2,9,0,11,0,8,0,0,0,0,1,1,6,1,-1,-1,1248,2,4,-1,-1,-1
2016331601847,1,1,0,7,0,5,1,0,1,0,1,1,6,1,50,8,-1,-1,-1,3,1,3
2016331601848,1,4,0,18,0,8,0,0,0,0,1,1,6,1,28,6,-1,-1,-1,6,1,6
2016331601848,2,9,0,10,0,8,0,0,0,0,2,1,6,2,84,11,1389,1,12,3,1,3
2016331601849,1,9,0,16,0,0,0,0,1,0,1,1,2,2,23,5,998,1,2,10,3,10
2016331601849,2,9,0,17,0,0,0,0,7,0,1,1,1,1,40,7,-1,-1,-1,9,3,9
2016331601850,1,8,0,5,0,2,0,0,0,0,0,1,1,1,40,7,-1,-1,-1,1,1,1
2016331601851,1,9,0,5,0,0,0,0,0,0,1,1,6,1,40,7,1896,2,15,1,1,1
2016331601852,1,3,0,18,0,0,0,0,0,0,1,1,1,1,27,6,-1,-1,-1,9,1,9
2016331601853,1,9,0,13,0,1,1,0,0,0,1,1,6,1,27,6,1497,1,12,3,1,3
2016331601853,2,9,0,18,0,2,1,0,0,0,1,1,6,2,32,6,1984,1,11,5,1,5
2016331601853,3,9,0,18,0,1,0,0,0,0,2,1,6,1,45,7,1896,2,10,5,1,5
2016331601854,1,9,0,17,0,0,0,0,0,0,2,1,6,1,50,8,2993,2,3,10,2,10
2016331601854,2,9,0,16,0,0,0,0,0,0,1,1,6,2,38,7,1968,2,3,8,1,8
2016331601855,1,9,0,18,0,1,0,0,0,0,1,1,6,1,25,5,1581,1,16,-1,-1,-1
2016331601855,2,9,0,18,0,1,0,0,0,0,2,1,1,1,42,7,2993,2,-1,-1,-1,-1
2016331601855,3,9,0,18,0,1,0,0,0,0,3,1,1,1,45,7,2993,2,1,-1,-1,-1
2016331601856,1,9,0,18,0,0,0,0,0,0,3,1,6,2,85,11,1360,1,15,6,1,6
2016331601856,2,9,0,18,0,0,0,0,0,0,3,1,1,1,26,6,1995,2,8,2,1,2
2016331601857,1,9,0,3,0,1,0,0,0,0,2,1,6,2,22,5,1242,1,3,3,1,3
2016331601857,2,19,0,18,0,1,0,0,0,0,1,1,6,1,-1,-1,1870,2,11,10,1,10
2016331601858,1,19,0,18,0,0,0,0,0,0,1,1,1,1,25,5,2198,2,5,8,3,8
2016331601858,2,19,0,18,0,0,0,0,0,0,1,1,1,1,53,8,2143,2,2,7,1,7
2016331601859,1,9,0,5,0,8,0,0,0,0,4,1,6,1,23,5,1596,1,6,9,2,9
2016331601859,2,8,0,3,0,8,0,0,0,0,3,1,1,1,44,7,-1,-1,-1,-1,-1,-1
2016331601861,1,9,0,17,0,2,0,0,1,0,1,1,6,2,45,7,1749,1,15,5,3,5
2016331601862,1,9,0,11,0,0,0,0,0,0,0,1,6,3,-1,-1,-1,-1,-1,-1,-1,-1
2016331601862,2,9,0,4,0,0,2,0,1,9,1,1,6,1,38,7,1598,1,7,4,1,4
2016331601862,3,9,0,18,0,0,1,0,1,9,1,1,6,1,45,7,1956,2,2,-1,-1,-1
2016331601863,1,9,0,18,0,6,0,0,0,0,1,1,6,2,35,6,998,1,3,9,1,9
2016331601863,2,9,0,18,0,8,0,0,0,0,1,1,6,1,41,7,1242,1,8,9,1,9
2016331601864,1,5,0,13,0,8,0,0,0,0,4,1,6,1,21,5,689,1,-1,8,3,8
2016331601864,2,9,0,9,0,6,0,0,0,0,1,1,2,2,51,8,1328,1,14,8,1,8
2016331601864,3,9,0,18,0,1,0,0,0,0,0,1,6,3,-1,-1,-1,-1,-1,-1,-1,-1
2016331601865,1,9,0,9,0,6,0,0,0,0,1,1,3,2,30,6,1796,1,10,6,1,6
2016331601865,2,9,0,18,0,8,0,0,0,0,1,1,6,1,60,9,1398,1,-1,5,1,5
2016331601866,1,9,0,9,0,5,0,0,0,0,1,1,6,1,69,10,1497,1,12,8,1,8
2016331601866,2,1,0,18,0,8,0,0,0,0,1,1,6,1,31,6,-1,-1,-1,9,1,9
2016331601867,1,9,0,5,0,6,0,0,1,0,4,1,1,2,62,9,1686,2,11,9,2,9
2016331601867,2,9,0,18,0,8,0,0,1,1,1,1,3,2,49,8,2993,2,2,8,3,8
2016331601868,1,9,0,9,0,6,0,0,0,0,1,1,6,2,60,9,1498,1,11,-1,-1,-1
2016331601868,2,1,0,9,0,5,0,0,0,0,1,1,6,1,42,7,-1,-1,-1,-1,-1,-1
2016331601869,1,9,0,18,0,1,0,0,0,0,1,1,6,1,26,6,1598,2,6,7,1,7
2016331601869,2,9,0,3,0,1,0,0,0,0,2,1,6,1,66,10,1395,1,2,3,1,3
2016331601869,3,9,0,3,0,1,0,0,0,0,2,1,6,1,33,6,1398,2,3,7,1,7
2016331601870,1,9,0,13,0,0,0,0,0,0,1,1,6,1,38,7,1390,1,5,2,1,2
2016331601870,2,9,0,18,0,0,0,0,0,0,2,1,1,1,37,7,1968,2,6,4,1,4
2016331601870,3,9,0,18,0,0,0,0,0,0,1,1,6,1,19,4,1000,1,16,4,1,4
2016331601871,1,8,0,5,0,0,0,4,0,0,1,1,6,1,32,6,-1,-1,-1,-1,-1,-1
2016331601871,2,9,0,2,0,0,0,0,0,0,2,1,6,3,-1,-1,1591,1,-1,-1,-1,-1
2016331601871,3,8,0,2,0,0,0,0,0,0,2,1,6,3,-1,-1,-1,-1,-1,-1,-1,-1
2016331601871,4,9,0,2,0,0,0,0,0,0,2,1,6,3,-1,-1,-1,-1,-1,-1,-1,-1
2016331601872,1,11,0,18,0,0,0,0,0,0,4,1,1,1,20,4,4500,2,6,2,1,2
2016331601873,1,9,0,14,0,1,0,0,0,0,1,1,2,2,41,7,1390,1,4,8,1,8
2016331601873,2,1,0,9,0,5,0,0,0,0,1,1,4,1,16,4,-1,-1,-1,8,1,8
2016331601874,1,9,0,18,0,8,0,0,0,0,1,1,6,1,45,7,-1,-1,-1,10,3,10
2016331601874,2,9,0,9,0,5,0,0,0,0,1,1,6,1,65,9,-1,-1,-1,9,2,9
2016331601874,3,9,0,10,0,8,0,0,0,0,3,1,1,1,61,9,-1,-1,-1,9,1,9
2016331601875,1,9,0,16,0,0,2,0,1,11,1,1,2,2,25,5,-1,-1,-1,8,1,8
2016331601876,1,9,0,10,0,8,0,0,0,0,2,1,3,2,40,7,2457,1,8,8,3,8
2016331601876,2,9,0,18,0,8,0,0,0,0,1,1,3,2,45,7,1999,2,-1,7,3,7
2016331601877,1,9,0,9,9,5,0,0,0,0,1,1,2,2,56,9,1198,1,6,-1,-1,-1
2016331601878,1,9,0,4,0,2,0,0,0,0,1,1,6,1,29,6,1596,1,14,3,1,3
2016331601878,2,1,0,18,0,2,0,0,0,0,3,1,6,1,16,4,-1,-1,-1,-1,-1,-1
2016331601879,1,9,0,18,0,8,0,0,0,0,1,1,6,1,35,6,1598,2,2,-1,-1,-1
2016331601879,2,9,0,7,0,5,0,0,0,0,2,1,6,1,31,6,-1,-1,-1,1,1,1
2016331601880,1,9,0,18,0,2,0,0,0,0,3,1,6,1,55,8,1685,2,-1,4,1,4
2016331601880,2,1,0,18,0,2,0,0,0,0,1,1,6,1,-1,-1,-1,-1,-1,2,1,2
2016331601880,3,98,0,3,0,1,0,0,0,0,0,1,1,3,-1,-1,-1,-1,-1,-1,-1,-1
2016331601881,1,9,0,7,0,6,0,0,0,0,1,1,1,1,41,7,1968,2,6,1,1,1
2016331601881,2,9,0,18,0,8,0,0,0,0,1,1,6,1,20,4,1149,1,12,-1,-1,-1
2016331601882,1,9,0,18,0,0,0,0,0,0,3,1,1,1,50,8,2204,2,6,3,3,3
2016331601882,2,5,0,13,0,0,0,0,7,9,4,1,6,1,43,7,998,1,3,10,1,10
2016331601883,1,9,0,9,0,6,0,0,3,7,1,1,6,1,66,10,1598,1,11,4,1,4
2016331601883,2,8,0,18,0,8,0,0,0,0,4,1,1,1,44,7,1598,2,-1,1,1,1
2016331601883,3,9,0,18,0,8,0,0,0,0,4,1,6,1,54,8,1598,1,10,1,1,1
2016331601885,1,9,0,18,0,0,0,7,1,11,1,1,2,2,51,8,998,1,14,7,3,7
2016331601886,1,21,1,2,4,0,0,0,0,0,2,1,1,1,50,8,9200,2,9,7,1,7
2016331601886,2,1,0,18,4,0,0,4,0,0,2,1,6,1,54,8,-1,-1,-1,9,2,9
2016331601887,1,9,0,9,0,5,0,0,0,0,3,1,6,1,45,7,1461,2,1,4,1,4
2016331601887,2,9,0,5,0,6,0,0,0,0,1,1,6,1,72,10,1398,1,-1,7,1,7
2016331601888,1,9,0,18,0,0,0,0,0,0,2,1,6,1,20,4,998,1,-1,-1,-1,-1
2016331601888,2,9,0,13,0,0,0,0,0,0,1,1,6,3,-1,-1,-1,-1,-1,-1,-1,-1
2016331601889,1,9,0,18,0,0,0,0,0,0,1,1,6,1,48,8,1390,1,13,2,1,2
2016331601889,2,9,0,3,0,0,0,0,0,0,2,1,6,2,30,6,1970,1,11,-1,-1,-1
2016331601889,3,9,0,3,0,0,0,0,0,0,2,1,6,1,34,6,1396,1,6,-1,-1,-1
2016331601890,1,8,0,18,0,8,0,0,0,0,1,1,1,1,54,8,1598,2,5,6,1,6
2016331601890,2,9,0,18,0,8,0,0,0,0,1,1,6,1,89,11,1498,1,10,4,1,4
2016331601891,1,9,0,18,0,0,0,0,0,0,1,1,6,2,29,6,-1,-1,-1,8,3,8
2016331601891,2,1,0,18,0,0,0,0,0,0,1,1,6,1,26,6,-1,-1,-1,-1,-1,-1
2016331601892,1,9,0,18,0,0,0,0,1,3,1,1,6,2,41,7,1149,1,4,-1,-1,-1
2016331601893,1,9,0,18,0,3,0,0,4,4,3,1,6,1,23,5,1242,1,7,3,1,3
2016331601894,1,1,0,18,0,8,0,0,0,0,1,1,6,3,-1,-1,-1,-1,-1,-1,-1,-1
2016331601895,1,9,0,9,0,6,0,0,0,0,3,1,6,1,29,6,1984,1,9,5,1,5
2016331601895,2,9,0,18,0,8,0,0,0,0,1,1,6,1,43,7,1398,1,4,3,2,3
2016331601897,1,9,0,16,0,0,0,0,0,0,1,1,6,1,47,8,2179,2,3,8,3,8
2016331601897,2,9,0,18,0,0,0,0,1,0,3,1,1,2,40,7,1586,1,10,8,3,8
2016331601898,1,9,0,18,0,8,0,0,0,0,1,1,6,2,67,10,3189,1,9,9,2,9
2016331601898,2,9,0,18,0,8,0,0,0,0,1,1,1,2,18,4,1198,1,10,9,3,9
2016331601899,1,9,0,3,0,1,0,0,0,0,2,1,6,2,20,4,-1,-1,-1,1,1,1
2016331601899,2,9,0,18,0,1,0,0,0,0,1,1,6,1,-1,-1,-1,-1,-1,-1,-1,-1
2016331601900,1,9,0,18,0,5,0,0,0,0,1,1,6,3,-1,-1,2184,2,12,-1,-1,-1