Accident_Index,Vehicle_Reference,Vehicle_Type,Towing_and_Articulation,Vehicle_Manoeuvre,Vehicle_Location-Restricted_Lane,Junction_Location,Skidding_and_Overturning,Hit_Object_in_Carriageway,Vehicle_Leaving_Carriageway,Hit_Object_off_Carriageway,1st_Point_of_Impact,Was_Vehicle_Left_Hand_Drive?,Journey_Purpose_of_Driver,Sex_of_Driver,Age_of_Driver,Age_Band_of_Driver,Engine_Capacity_(CC),Propulsion_Code,Age_of_Vehicle,Driver_IMD_Decile,Driver_Home_Area_Type,Vehicle_IMD_Decile
2016331601900,2,1,0,18,0,8,0,0,0,0,1,1,6,1,39,7,-1,-1,-1,1,1,1
2016331601901,1,9,0,4,0,8,0,0,0,0,1,1,6,1,44,7,-1,-1,-1,2,1,2
2016331601901,2,9,0,6,0,6,0,0,0,0,1,1,6,3,-1,-1,1995,2,8,-1,-1,-1
2016331601902,1,9,0,18,0,0,0,0,0,0,1,1,6,1,22,5,1396,1,12,6,2,6
2016331601902,2,19,0,2,0,0,0,0,0,0,2,1,6,1,55,8,-1,-1,-1,8,2,8
2016331601904,1,9,0,17,0,0,0,0,7,9,1,1,6,1,22,5,1124,1,12,-1,-1,-1
2016331601905,1,9,0,17,0,0,2,0,7,9,1,1,6,1,31,6,-1,-1,-1,7,3,7
2016331601906,1,9,0,5,0,4,0,0,0,0,2,1,1,1,60,9,1968,2,2,9,1,9
2016331601906,2,9,0,5,0,4,0,0,0,0,1,1,6,1,20,4,-1,-1,-1,-1,-1,-1
2016331601909,1,9,0,7,5,5,0,0,0,0,3,1,6,1,-1,-1,-1,-1,-1,8,1,8
2016331601909,2,1,0,18,5,8,0,0,0,0,1,1,6,1,43,7,-1,-1,-1,1,1,1
2016331601910,1,9,0,9,0,5,0,0,0,0,1,1,6,1,41,7,1124,1,23,-1,-1,-1
2016331601910,2,3,0,18,0,8,0,0,1,0,3,1,6,1,22,5,124,1,-1,2,1,2
2016331601911,1,9,0,9,0,6,0,0,1,1,3,1,6,1,63,9,998,1,2,10,1,10
2016331601911,2,9,0,18,0,8,0,0,0,0,1,1,6,2,44,7,1198,1,-1,7,3,7
2016331601913,1,8,0,18,0,0,0,0,0,0,1,1,6,1,-1,-1,-1,-1,-1,7,1,7
2016331601913,2,1,0,18,0,0,0,0,0,0,1,1,4,2,15,3,-1,-1,-1,7,1,7
2016331601914,1,9,0,18,0,2,0,0,0,0,1,1,3,2,46,8,1598,1,16,2,1,2
2016331601915,1,9,0,18,0,6,0,0,0,0,4,1,6,1,19,4,1198,1,3,-1,-1,-1
2016331601915,2,9,0,16,0,8,0,0,1,1,1,1,2,2,26,6,1398,1,3,8,1,8
2016331601916,1,9,0,7,0,5,1,0,1,1,4,1,2,2,30,6,1896,2,14,5,1,5
2016331601916,2,9,0,4,0,8,1,0,0,0,1,1,6,3,-1,-1,-1,-1,-1,-1,-1,-1
2016331601916,3,9,0,4,0,8,1,0,0,0,1,1,1,1,30,6,1995,2,3,7,1,7
2016331601917,1,9,0,10,0,8,0,0,0,0,2,1,6,1,26,6,-1,-1,-1,5,1,5
2016331601917,2,9,0,18,0,8,0,0,0,0,2,1,6,2,32,6,1248,2,8,3,1,3
2016331601917,3,9,0,18,0,8,0,0,0,0,1,1,2,2,44,7,1598,2,2,8,1,8
2016331601918,1,9,0,17,0,0,5,0,1,9,1,1,6,1,34,6,1242,1,7,-1,-1,-1
2016331601919,1,9,0,16,0,0,0,0,0,0,2,1,6,1,29,6,1984,1,11,3,1,3
2016331601919,2,9,0,13,0,0,0,0,0,0,1,1,6,1,-1,-1,998,1,21,-1,-1,-1
2016331601920,1,5,0,4,0,1,0,0,0,0,1,1,2,1,54,8,599,1,6,9,2,9
2016331601920,2,19,0,3,0,1,0,0,0,0,2,1,2,1,32,6,2143,2,4,6,1,6
2016331601921,1,9,0,3,0,0,0,0,0,0,3,1,6,2,30,6,1560,2,6,6,1,6
2016331601921,2,9,0,18,0,0,0,0,0,0,1,1,6,3,-1,-1,-1,-1,-1,-1,-1,-1
2016331601922,1,9,0,18,0,0,0,0,0,0,4,1,6,1,32,6,-1,-1,-1,-1,-1,-1
2016331601922,2,1,0,18,0,0,0,0,0,0,1,1,6,1,11,3,-1,-1,-1,-1,-1,-1
2016331601923,1,9,0,5,0,6,0,0,0,0,4,1,6,2,35,6,1796,1,15,-1,-1,-1
2016331601923,2,1,0,18,0,8,0,0,0,0,1,1,6,2,56,9,-1,-1,-1,-1,-1,-1
2016331601924,1,9,0,7,0,5,0,0,0,0,2,1,6,1,18,4,1396,1,5,6,1,6
2016331601924,2,9,0,18,0,8,0,0,0,0,1,1,6,3,-1,-1,-1,-1,-1,-1,-1,-1
2016331601925,1,1,0,18,0,0,0,0,0,0,0,1,6,1,18,4,-1,-1,-1,5,1,5
2016331601925,2,9,0,18,0,0,0,0,0,0,0,1,6,1,-1,-1,-1,-1,-1,-1,-1,-1
2016331601926,1,9,0,18,0,0,0,0,0,0,1,1,6,1,17,4,1461,2,9,9,1,9
2016331601926,2,19,0,2,0,0,0,0,0,0,1,1,6,1,46,8,-1,-1,-1,9,2,9
2016331601928,1,9,0,9,0,6,0,0,0,0,3,1,6,2,24,5,-1,-1,-1,1,1,1
2016331601928,2,9,0,18,0,8,0,0,0,0,4,1,6,1,40,7,1598,1,13,4,1,4
2016331601930,1,21,0,5,0,8,0,0,0,0,0,1,6,1,45,7,12130,2,11,9,2,9
2016331601930,2,9,0,5,0,8,0,0,0,0,0,1,6,1,64,9,1560,2,5,-1,-1,-1
2016331601931,1,9,0,18,0,0,0,0,0,0,3,1,6,2,47,8,1798,8,1,-1,-1,-1
2016331601931,2,19,0,18,0,0,0,0,0,0,4,1,6,1,-1,-1,-1,-1,-1,-1,-1,-1
2016331601933,1,9,0,18,0,8,0,0,7,11,4,1,6,2,19,4,1596,1,12,-1,-1,-1
2016331601933,2,8,0,18,0,8,0,0,0,0,1,1,1,1,53,8,-1,-1,-1,-1,-1,-1
2016331601934,1,9,0,18,0,8,0,0,0,0,1,1,1,2,20,4,1399,1,11,1,1,1
2016331601934,2,9,0,6,0,8,0,0,0,0,3,1,6,2,19,4,1242,1,5,8,2,8
2016331601935,1,9,0,18,0,1,0,0,0,0,1,1,6,1,25,5,-1,-1,-1,-1,-1,-1
2016331601935,2,1,0,18,0,1,0,0,0,0,3,1,6,1,30,6,-1,-1,-1,1,1,1
2016331601936,1,1,0,18,0,8,0,0,0,0,3,1,6,2,34,6,-1,-1,-1,9,1,9
2016331601936,2,9,0,7,0,8,0,0,0,0,1,1,6,1,-1,-1,-1,-1,-1,-1,-1,-1
2016331601938,1,9,0,9,0,5,0,0,0,0,1,1,6,1,61,9,1150,1,10,2,1,2
2016331601938,2,9,0,18,0,8,0,0,0,0,3,1,6,1,54,8,1595,1,7,-1,-1,-1
2016331601939,1,9,0,3,0,2,0,0,0,0,2,1,6,1,51,8,1997,2,6,7,2,7
2016331601939,2,9,0,18,0,2,0,0,0,0,1,1,6,1,20,4,1199,1,12,-1,-1,-1
2016331601940,1,9,0,3,0,0,0,0,0,0,2,1,6,1,36,7,1461,2,2,1,1,1
2016331601940,2,9,0,18,0,0,0,0,0,0,1,1,6,2,-1,-1,1198,1,7,9,1,9
2016331601941,1,9,0,18,0,0,0,0,0,0,1,1,1,1,31,6,1956,2,4,1,1,1
2016331601941,2,5,0,4,0,0,0,0,0,0,2,1,1,1,38,7,998,1,7,8,1,8
2016331601942,1,9,0,12,0,1,0,0,0,0,2,2,6,1,53,8,-1,-1,-1,6,1,6
2016331601942,2,11,0,18,0,1,0,0,0,0,1,1,1,1,-1,-1,5900,2,8,-1,-1,-1
2016331601943,1,9,0,2,0,0,0,0,0,0,3,1,6,1,26,6,1395,1,-1,5,1,5
2016331601943,2,9,0,18,0,0,0,8,0,0,4,1,6,3,-1,-1,1896,2,14,-1,-1,-1
2016331601944,1,9,0,5,9,6,0,0,0,0,1,1,6,1,30,6,-1,-1,-1,-1,-1,-1
2016331601945,1,3,0,18,0,8,0,0,0,0,1,1,2,1,19,4,124,1,-1,8,2,8
2016331601945,2,9,0,9,0,6,0,0,0,0,3,1,6,2,-1,-1,1498,1,11,-1,-1,-1
2016331601946,1,9,0,18,0,0,0,0,0,0,1,1,3,2,27,6,998,1,3,10,1,10
2016331601950,1,19,0,18,0,0,0,0,0,0,3,1,6,1,44,7,1598,2,2,8,3,8
2016331601950,2,9,0,18,0,0,1,0,0,0,4,1,6,3,-1,-1,-1,-1,-1,-1,-1,-1
2016331601951,1,8,0,4,0,0,0,0,0,0,0,1,1,1,-1,-1,-1,-1,-1,-1,-1,-1
2016331601952,1,19,0,13,0,0,0,0,0,0,1,1,6,1,23,5,2198,2,5,4,1,4
2016331601952,2,9,0,18,0,0,0,0,0,0,1,1,6,1,66,10,1956,2,6,8,1,8
2016331601952,3,9,0,18,0,0,0,0,0,0,0,1,6,3,-1,-1,-1,-1,-1,-1,-1,-1
2016331601953,1,9,0,18,0,3,1,10,6,0,4,1,6,1,31,6,2967,2,5,9,1,9
2016331601954,1,21,0,9,0,5,0,0,0,0,1,1,1,1,62,9,4580,2,6,2,1,2
2016331601954,2,9,0,18,0,8,0,0,0,0,1,1,6,2,22,5,1242,1,3,8,3,8
2016331601956,1,9,0,3,0,8,0,0,0,0,2,1,1,2,50,8,1560,2,8,6,1,6
2016331601956,2,9,0,4,0,8,0,0,0,0,1,1,6,1,72,10,1590,1,16,6,1,6
2016331601956,3,9,0,10,0,8,0,0,0,0,0,1,6,3,-1,-1,-1,-1,-1,-1,-1,-1
2016331601957,1,9,0,18,0,0,0,0,0,0,1,1,6,2,-1,-1,1598,1,20,8,1,8
2016331601957,2,1,0,18,0,0,0,0,0,0,2,1,6,1,52,8,-1,-1,-1,9,1,9
2016331601958,1,9,0,3,0,5,0,0,0,0,2,1,6,2,45,7,1229,1,1,7,3,7
2016331601958,2,1,0,4,0,8,0,0,0,0,1,1,6,1,45,7,-1,-1,-1,7,3,7
2016331601959,1,9,0,7,0,5,0,0,0,0,2,1,1,2,46,8,1598,2,1,8,1,8
2016331601959,2,9,0,18,0,8,0,0,0,0,1,1,6,3,-1,-1,1596,1,11,-1,-1,-1
2016331601960,1,9,0,18,2,8,0,0,0,0,1,1,6,1,28,6,1896,2,13,4,1,4
2016331601960,2,9,0,9,2,6,0,0,0,0,3,1,2,1,23,5,1368,1,-1,4,1,4
2016331601962,1,9,0,18,0,0,1,0,1,0,3,1,6,2,18,4,1149,1,15,7,3,7
2016331601962,2,9,0,18,0,0,0,0,0,0,1,1,6,2,40,7,1796,1,15,7,3,7
2016331601963,1,9,0,18,0,2,0,0,1,0,1,1,6,1,39,7,-1,-1,-1,10,1,10
2016331601963,2,9,0,2,9,2,0,0,0,0,2,1,6,3,-1,-1,2295,1,14,-1,-1,-1
2016331601964,1,9,0,17,0,0,0,0,0,0,1,1,2,1,27,6,-1,-1,-1,-1,-1,-1
2016331601964,2,9,0,16,0,0,0,0,0,0,1,1,2,1,33,6,1596,1,3,10,2,10
2016331601965,1,9,0,18,0,0,0,4,0,0,1,1,6,1,30,6,1390,1,2,3,1,3
2016331601965,2,9,0,2,0,0,0,0,0,0,2,1,6,3,-1,-1,1390,1,12,-1,-1,-1
2016331601965,3,19,0,2,0,0,0,0,0,0,2,1,6,3,-1,-1,1560,2,2,-1,-1,-1
2016331601966,1,9,0,7,0,6,0,0,0,0,1,1,6,1,-1,-1,1560,2,9,1,1,1
2016331601966,2,1,0,18,0,8,0,0,0,0,1,1,6,1,40,7,-1,-1,-1,1,1,1
2016331601967,1,9,0,18,0,0,0,0,0,0,1,1,6,1,31,6,1968,2,1,4,1,4
2016331601967,2,9,0,2,0,0,0,0,0,0,1,1,6,3,55,8,1242,1,6,-1,-1,-1
2016331601968,1,9,0,18,0,0,0,0,0,0,2,1,1,2,41,7,-1,-1,-1,7,1,7
2016331601968,2,9,0,18,0,0,0,0,0,0,1,1,6,1,42,7,-1,-1,-1,9,2,9
2016331601969,1,3,0,18,0,0,0,0,0,0,1,1,6,1,45,7,-1,-1,-1,2,1,2
2016331601970,1,9,0,4,0,0,0,0,0,0,2,1,6,1,46,8,1590,1,15,2,1,2
2016331601970,2,9,0,6,0,0,0,0,0,0,0,1,6,3,-1,-1,-1,-1,-1,-1,-1,-1
2016331601970,3,9,0,4,0,0,0,0,0,0,0,1,6,2,-1,-1,2987,2,10,3,1,3
2016331601970,4,9,0,18,0,0,0,0,0,0,1,1,6,1,-1,-1,-1,-1,-1,2,1,2
2016331601971,1,9,0,4,0,1,0,0,0,0,1,1,1,1,58,9,1598,1,3,5,1,5
2016331601971,2,9,0,3,0,1,0,0,0,0,2,1,6,1,72,10,2199,2,6,9,1,9
2016331601971,3,9,0,3,0,1,0,0,0,0,2,1,6,3,57,9,2179,2,9,10,2,10
2016331601972,1,11,0,5,2,0,0,0,0,0,4,1,1,1,-1,-1,-1,-1,-1,2,1,2
2016331601973,1,9,0,18,0,2,2,4,0,0,4,1,6,1,47,8,1560,2,11,2,1,2
2016331601973,2,9,0,2,0,2,0,0,0,0,3,1,6,3,-1,-1,1242,1,11,-1,-1,-1
2016331601974,1,9,0,18,0,0,0,0,0,0,3,1,2,1,63,9,1895,1,14,9,1,9
2016331601974,2,9,0,18,0,0,0,0,0,0,2,1,6,1,47,8,1587,1,15,5,1,5
2016331601974,3,19,0,11,0,0,0,0,0,0,1,1,1,1,23,5,1968,2,-1,7,1,7
2016331601975,1,3,0,18,0,8,0,0,0,0,1,1,6,1,21,5,108,1,-1,3,1,3
2016331601975,2,9,0,3,0,1,0,0,0,0,3,1,1,1,42,7,998,1,12,9,1,9
2016331601976,1,9,0,3,0,8,0,0,0,0,4,1,2,1,40,7,1896,2,14,8,1,8
2016331601976,2,19,0,5,0,6,0,0,0,0,3,1,1,1,45,7,2143,2,1,-1,-1,-1
2016331601977,1,9,0,18,0,2,0,0,0,0,1,1,6,2,30,6,1560,2,11,-1,-1,-1
2016331601977,2,9,0,18,0,1,0,0,0,0,1,1,6,2,33,6,-1,-1,-1,6,1,6
2016331601978,1,9,0,18,0,0,0,0,0,0,3,1,1,1,22,5,1364,1,9,2,1,2
2016331601979,1,9,0,3,0,1,0,0,0,0,2,1,6,2,31,6,1596,1,8,7,1,7
2016331601979,2,9,0,18,0,1,0,0,0,0,1,1,2,1,20,4,1596,1,8,5,2,5
2016331601980,1,9,0,9,0,6,0,0,0,0,1,1,6,1,40,7,1598,1,13,2,1,2
2016331601980,2,9,0,18,0,8,0,0,0,0,1,1,6,1,31,6,1796,1,13,9,2,9
2016331601980,3,9,0,2,0,8,0,0,0,0,3,1,6,3,45,7,1600,1,12,-1,-1,-1
2016331601981,1,3,0,17,0,0,1,0,0,0,1,1,1,1,30,6,-1,-1,-1,9,1,9
2016331601982,1,1,0,18,0,0,0,0,0,0,0,1,6,2,55,8,-1,-1,-1,8,1,8
2016331601984,1,21,0,9,0,6,0,0,7,3,1,1,1,1,54,8,-1,-1,-1,6,2,6
2016331601985,1,9,0,18,0,0,5,0,1,10,4,1,2,1,26,6,2231,2,9,5,2,5
2016331601986,1,19,0,18,0,0,0,0,0,0,4,1,6,3,40,7,-1,-1,-1,-1,-1,-1
2016331601987,1,9,0,18,0,4,0,0,0,0,1,1,6,3,-1,-1,-1,-1,-1,-1,-1,-1
2016331601988,1,9,0,18,0,1,0,0,0,0,1,1,6,1,20,4,1910,2,11,-1,-1,-1
2016331601988,2,9,0,5,0,1,0,0,0,0,2,1,6,1,45,7,1796,1,11,5,1,5
2016331601989,1,9,0,18,0,1,1,10,1,4,1,1,6,1,20,4,1998,1,12,9,1,9
2016331601990,1,11,0,18,2,1,0,0,0,0,1,1,1,1,40,7,6700,2,-1,1,1,1
2016331601990,2,9,0,11,2,1,0,0,0,0,4,1,6,1,40,7,796,1,10,3,1,3
2016331601990,3,90,0,18,0,1,0,0,0,0,0,1,1,3,-1,-1,-1,-1,-1,-1,-1,-1
2016331601991,1,19,0,16,0,0,0,0,7,9,1,1,1,1,29,6,2402,2,5,3,1,3
2016331601992,1,19,0,2,0,0,0,0,1,9,0,1,1,1,66,10,1753,2,10,7,3,7
2016331601992,2,9,0,18,0,0,0,0,7,9,1,1,1,1,35,6,1199,1,13,10,2,10
2016331601993,1,9,0,18,0,2,1,10,1,10,1,1,6,1,21,5,1895,1,16,-1,-1,-1
2016331601993,2,9,0,18,0,2,0,0,0,0,0,1,1,1,-1,-1,1686,2,2,-1,-1,-1
2016331601994,1,9,0,18,0,1,0,0,0,0,1,1,6,1,20,4,1595,1,11,5,1,5
2016331601994,2,9,0,18,0,1,0,0,0,0,2,1,1,1,36,7,2204,2,8,10,1,10
2016331601994,3,9,0,18,0,1,0,0,0,0,2,1,6,2,55,8,796,1,11,7,1,7
2016331601995,1,4,0,18,0,0,1,0,0,0,3,1,1,1,35,6,124,1,-1,-1,-1,-1
2016331601995,2,9,0,12,6,0,0,0,0,0,3,1,6,3,-1,-1,-1,-1,-1,-1,-1,-1
2016331601996,1,9,0,14,0,2,0,4,0,0,1,1,6,1,88,11,1388,1,13,8,1,8
2016331601996,2,19,0,2,0,2,0,0,0,0,2,1,6,1,46,8,2198,2,3,2,1,2
2016331601997,1,9,0,17,0,0,5,0,2,10,1,1,2,2,22,5,1400,2,9,8,1,8
2016331601998,1,8,0,3,0,0,0,0,0,0,2,1,1,1,46,8,1998,2,2,2,1,2
2016331601998,2,19,0,3,0,0,0,0,0,0,2,1,1,1,31,6,2198,2,6,1,1,1
2016331601998,3,9,0,18,0,0,0,0,0,0,1,1,6,1,27,6,1749,1,11,1,1,1
2016331601999,1,9,0,17,0,0,1,0,1,9,0,1,6,1,55,8,1910,2,12,1,1,1
2016331601999,2,9,0,18,0,0,0,0,0,0,4,1,6,1,50,8,995,1,7,9,3,9
2016331602000,1,9,0,18,0,8,0,0,0,0,4,1,6,1,20,4,1198,1,6,7,1,7
2016331602000,2,9,0,18,0,4,0,0,0,0,1,1,6,3,-1,-1,1560,2,11,-1,-1,-1
2016331602001,1,19,0,4,0,0,2,0,6,0,4,1,1,1,27,6,1997,2,1,-1,-1,-1
2016331602001,2,9,0,18,0,0,0,0,0,0,1,1,6,1,52,8,1240,1,8,-1,-1,-1
2016331602002,1,9,0,18,0,0,1,0,0,0,1,1,1,2,22,5,1200,1,3,10,1,10
2016331602002,2,21,1,11,0,0,0,0,0,0,1,1,1,1,51,8,6700,2,1,6,1,6
2016331602002,3,19,0,18,0,0,0,0,0,0,1,1,1,1,46,8,2198,2,5,3,1,3
2016331602003,1,9,0,18,0,0,0,0,0,0,1,1,6,3,-1,-1,-1,-1,-1,-1,-1,-1
2016331602003,2,1,0,18,0,0,0,0,0,0,2,1,6,1,36,7,-1,-1,-1,-1,-1,-1
2016331602004,1,9,0,5,0,0,0,4,0,0,1,1,6,1,20,4,1199,1,13,3,2,3
2016331602004,2,19,0,2,0,0,0,4,0,0,1,1,6,1,32,6,1360,1,13,-1,-1,-1
2016331602004,3,9,0,2,0,0,0,4,0,0,2,1,6,2,23,5,2401,2,12,-1,-1,-1
2016331602004,4,9,0,2,0,0,0,0,0,0,2,1,6,1,61,9,-1,-1,-1,-1,-1,-1
2016331602005,1,20,0,4,0,1,0,0,0,0,1,1,1,3,-1,-1,-1,-1,-1,-1,-1,-1
2016331602005,2,9,0,4,0,1,0,0,0,0,2,1,1,1,52,8,996,1,2,-1,-1,-1
2016331602006,1,9,0,5,0,1,0,0,0,0,1,1,6,1,23,5,1600,1,12,1,1,1
2016331602007,1,9,0,3,0,1,0,0,0,0,3,1,6,1,19,4,-1,-1,-1,10,3,10
2016331602007,2,9,0,18,0,8,0,0,0,0,1,1,6,2,30,6,-1,-1,-1,8,1,8
2016331602007,3,9,0,18,0,8,0,0,0,0,1,1,6,2,20,4,1686,2,3,-1,-1,-1
2016331602007,4,9,0,10,0,1,0,0,0,0,0,1,1,1,23,5,1686,2,3,-1,-1,-1
2016331602008,1,9,0,4,0,8,1,0,3,4,1,1,6,1,32,6,1390,1,7,-1,-1,-1
2016331602009,1,9,0,16,0,0,1,0,7,3,4,1,6,1,46,8,1598,1,15,8,3,8
2016331602010,1,9,0,4,0,0,0,0,0,0,2,1,6,1,-1,-1,2993,2,1,-1,-1,-1
2016331602010,2,9,0,3,0,0,0,0,0,0,2,1,6,1,72,10,1998,1,7,-1,-1,-1
2016331602010,3,9,0,4,0,0,0,0,0,0,1,1,6,1,27,6,1995,2,1,-1,-1,-1
2016331602011,1,19,0,18,0,0,1,0,0,0,1,1,6,1,-1,-1,1753,2,9,-1,-1,-1
2016331602011,2,9,0,18,0,0,0,0,0,0,3,1,6,1,74,10,1988,2,12,6,1,6
2016331602012,1,9,0,9,0,6,0,0,0,0,1,1,6,1,50,8,2259,1,16,-1,-1,-1
2016331602012,2,9,0,18,0,8,0,0,0,0,1,1,6,2,32,6,1596,1,8,-1,-1,-1
2016331602013,1,9,0,3,0,0,0,0,0,0,2,1,6,1,18,4,1199,1,12,7,1,7
2016331602013,2,9,0,18,0,0,0,0,0,0,1,1,6,2,50,8,2143,2,-1,-1,-1,-1
2016331602013,3,9,0,3,0,0,0,0,0,0,2,1,6,1,32,6,1968,2,9,2,1,2
2016331602014,1,98,0,11,0,8,0,0,0,0,4,1,6,3,-1,-1,-1,-1,-1,-1,-1,-1
2016331602014,2,9,0,18,0,8,0,0,1,7,1,1,6,2,46,8,-1,-1,-1,-1,-1,-1
2016331602015,1,9,0,18,0,1,0,0,0,0,1,1,6,1,43,7,1560,2,2,-1,-1,-1
2016331602015,2,9,0,3,0,1,0,0,0,0,2,1,1,1,50,8,1598,2,1,-1,-1,-1
2016331602016,1,21,1,12,0,8,0,0,0,0,1,2,1,3,-1,-1,-1,-1,-1,-1,-1,-1
2016331602016,2,9,0,13,0,8,0,0,0,0,2,1,6,2,25,5,1229,1,2,-1,-1,-1
2016331602017,1,9,0,9,0,5,0,0,0,0,1,1,6,3,-1,-1,-1,-1,-1,-1,-1,-1
2016331602017,2,1,0,18,0,8,0,0,0,0,1,1,6,1,26,6,-1,-1,-1,2,1,2
2016331602018,1,9,0,18,0,8,0,0,0,0,1,2,2,2,35,6,1997,1,10,8,2,8
2016331602019,1,9,0,11,2,2,0,0,0,0,1,1,6,1,27,6,1998,1,11,2,1,2
2016331602019,2,9,0,18,2,2,0,0,0,0,1,1,6,1,34,6,1968,2,6,1,1,1
2016331602020,1,9,0,10,0,8,0,0,0,0,1,1,1,1,38,7,-1,-1,-1,4,1,4
2016331602020,2,9,0,5,0,8,0,0,0,0,4,1,6,2,52,8,1896,2,12,5,1,5
2016331602021,1,9,0,9,0,5,0,0,0,0,1,1,2,1,23,5,973,1,13,-1,-1,-1
2016331602021,2,9,0,18,0,8,0,0,0,0,0,1,2,1,51,8,1951,2,10,8,2,8
2016331602022,1,9,0,5,0,1,0,0,0,0,1,1,6,1,49,8,1910,2,9,1,1,1
2016331602023,1,9,0,18,0,0,0,0,0,0,1,1,6,1,80,11,1149,1,1,6,3,6
2016331602023,2,9,0,16,0,0,2,0,7,9,1,1,6,2,47,8,1390,1,14,10,2,10
2016331602024,1,9,0,5,0,6,0,0,0,0,1,1,6,1,55,8,1995,2,1,5,1,5
2016331602024,2,9,0,18,0,8,0,0,0,0,4,1,6,1,55,8,1390,1,6,10,1,10
2016331602025,1,9,0,5,0,4,0,0,0,0,1,1,6,1,62,9,1200,1,3,10,1,10
2016331602025,2,2,0,18,0,8,0,0,0,0,1,1,6,2,20,4,49,1,1,2,1,2
2016331602026,1,9,0,17,0,8,0,0,0,0,1,1,6,2,45,7,1390,1,4,10,2,10
2016331602026,2,9,0,9,0,6,0,0,0,0,3,1,6,1,80,11,2498,1,-1,7,3,7
2016331602027,1,9,0,18,0,8,0,0,0,0,1,1,6,2,80,11,1339,1,5,8,1,8
2016331602027,2,1,0,18,0,8,0,0,0,0,1,1,6,1,77,11,-1,-1,-1,4,3,4
2016331602028,1,19,0,18,0,1,0,0,0,0,1,1,1,1,30,6,1870,2,13,1,1,1
2016331602028,2,9,0,3,0,1,0,0,0,0,2,1,1,2,23,5,1299,1,13,6,1,6
2016331602029,1,9,0,12,0,0,0,0,0,0,4,1,6,2,22,5,-1,-1,-1,-1,-1,-1
2016331602029,2,9,0,3,0,0,0,0,0,0,3,1,6,1,43,7,1396,1,15,3,1,3
2016331602030,1,9,0,18,0,8,0,0,0,0,1,1,6,1,47,8,-1,-1,-1,9,3,9
2016331602030,2,3,0,5,0,6,0,0,0,0,2,1,6,1,34,6,125,1,2,10,1,10
2016331602031,1,9,0,4,0,2,0,0,1,11,1,1,2,2,31,6,1995,2,13,6,1,6
2016331602031,2,9,0,3,0,2,0,0,0,0,0,1,6,3,-1,-1,-1,-1,-1,-1,-1,-1
2016331602032,1,5,0,3,0,0,0,0,0,0,4,1,2,1,57,9,738,1,33,8,1,8
2016331602032,2,9,0,18,0,0,0,0,0,0,1,1,6,2,47,8,1596,1,11,8,1,8
2016331602033,1,9,0,5,0,6,0,0,0,0,1,1,6,1,-1,-1,1796,1,14,4,1,4
2016331602033,2,9,0,18,0,8,0,0,0,0,2,1,6,1,26,6,1896,2,8,-1,-1,-1
2016331602034,1,9,0,18,0,0,0,0,0,0,1,1,6,1,20,4,1229,1,8,10,1,10
2016331602034,2,1,0,18,0,0,0,0,0,0,1,1,6,1,54,8,-1,-1,-1,10,1,10
2016331602035,1,9,0,18,0,0,0,0,0,0,1,1,6,1,36,7,1686,2,4,5,1,5
2016331602035,2,9,0,18,0,0,0,0,1,0,1,1,6,1,36,7,1995,2,2,9,1,9
2016331602038,1,9,0,17,0,8,0,0,0,0,1,1,2,2,55,8,1397,1,15,7,1,7
2016331602038,2,9,0,17,0,8,0,0,0,0,1,1,1,1,43,7,1686,2,3,3,1,3
2016331602039,1,9,0,11,0,4,0,0,0,0,4,1,6,1,43,7,1124,1,12,8,2,8
2016331602039,2,9,0,12,0,4,0,0,0,0,3,1,6,1,74,10,1997,2,7,7,3,7
2016331602040,1,21,1,4,0,8,0,0,0,0,1,1,1,1,50,8,11967,2,5,8,2,8
2016331602040,2,9,0,4,0,8,0,0,0,0,2,1,2,2,26,6,1364,1,-1,5,1,5
2016331602041,1,97,0,4,0,2,1,0,0,0,1,1,6,1,22,5,-1,-1,-1,1,1,1
2016331602042,1,9,0,18,0,4,0,0,0,0,1,1,6,1,46,8,1984,1,9,3,1,3
2016331602042,2,9,0,2,0,4,0,0,0,0,3,1,6,3,-1,-1,1596,1,15,-1,-1,-1
2016331602043,1,9,0,3,0,0,0,0,0,0,2,1,6,2,28,6,1461,2,-1,8,2,8
2016331602043,2,9,0,4,0,0,0,0,0,0,1,1,6,1,-1,-1,1598,1,2,-1,-1,-1
2016331602044,1,9,0,18,0,1,0,0,0,0,1,1,6,1,25,5,1798,1,-1,1,1,1
2016331602044,2,1,0,10,0,1,0,0,0,0,2,1,6,1,47,8,-1,-1,-1,1,1,1
2016331602046,1,9,0,5,0,0,0,0,0,0,1,1,6,1,18,4,1995,2,2,4,1,4
2016331602047,1,9,0,3,0,1,0,0,0,0,2,1,2,2,34,6,-1,-1,-1,10,2,10
2016331602047,2,9,0,18,0,1,0,0,0,0,1,1,6,2,-1,-1,1598,1,12,-1,-1,-1
2016331602048,1,9,0,3,0,1,0,0,0,0,2,1,6,1,55,8,4414,1,9,3,1,3
2016331602048,2,9,0,18,0,1,0,0,0,0,1,1,6,1,28,6,1796,1,16,2,1,2
2016331602050,1,8,0,5,0,0,0,0,0,0,0,1,1,1,30,6,1798,8,-1,4,1,4
2016331602051,1,9,0,18,0,8,0,0,0,0,1,1,2,1,64,9,1497,1,12,-1,-1,-1
2016331602052,1,9,0,4,0,1,0,0,0,0,2,1,3,2,39,7,2231,2,9,8,1,8