Accident_Index,Vehicle_Reference,Vehicle_Type,Towing_and_Articulation,Vehicle_Manoeuvre,Vehicle_Location-Restricted_Lane,Junction_Location,Skidding_and_Overturning,Hit_Object_in_Carriageway,Vehicle_Leaving_Carriageway,Hit_Object_off_Carriageway,1st_Point_of_Impact,Was_Vehicle_Left_Hand_Drive?,Journey_Purpose_of_Driver,Sex_of_Driver,Age_of_Driver,Age_Band_of_Driver,Engine_Capacity_(CC),Propulsion_Code,Age_of_Vehicle,Driver_IMD_Decile,Driver_Home_Area_Type,Vehicle_IMD_Decile
2016331602215,3,9,0,18,0,1,0,0,0,0,0,1,1,2,40,7,-1,-1,-1,7,2,7
2016331602216,1,9,0,9,0,5,0,0,0,0,1,1,6,1,-1,-1,1242,1,6,6,1,6
2016331602216,2,1,0,18,0,8,0,0,0,0,1,1,6,1,46,8,-1,-1,-1,8,1,8
2016331602217,1,9,0,17,0,8,0,0,0,0,1,1,1,2,49,8,1299,1,11,5,1,5
2016331602217,2,3,0,16,0,8,0,0,0,0,1,1,6,1,18,4,124,1,-1,1,1,1
2016331602219,1,9,0,5,0,0,1,0,0,0,4,1,6,1,-1,-1,1997,2,12,-1,-1,-1
2016331602219,2,1,0,18,0,0,0,0,0,0,1,1,4,1,6,2,-1,-1,-1,4,1,4
2016331602220,1,3,0,18,0,8,0,0,0,0,1,1,6,2,29,6,124,1,8,4,1,4
2016331602220,2,9,0,9,0,6,0,0,0,0,3,1,6,2,40,7,1198,1,3,6,2,6
2016331602221,1,9,0,4,0,1,0,0,0,0,1,1,6,1,90,11,1391,1,19,7,1,7
2016331602221,2,9,0,4,0,1,0,0,0,0,2,1,2,1,60,9,2993,2,1,5,3,5
2016331602221,3,21,1,4,0,1,0,0,0,0,2,1,1,1,34,6,12740,2,6,9,3,9
2016331602221,4,9,0,4,0,1,0,0,0,0,2,1,6,1,38,7,-1,-1,-1,6,1,6
2016331602222,1,9,0,13,0,0,1,10,0,0,1,1,6,1,26,6,-1,-1,-1,5,1,5
2016331602222,2,9,0,18,0,0,0,0,1,0,1,1,6,1,65,9,1368,1,9,9,1,9
2016331602222,3,19,0,18,0,0,0,0,1,0,1,1,6,1,46,8,2402,2,11,3,1,3
2016331602222,4,9,0,18,0,0,0,0,0,0,0,1,6,3,-1,-1,-1,-1,-1,-1,-1,-1
2016331602223,1,9,0,5,0,8,0,0,0,0,1,1,6,1,26,6,2143,2,-1,10,2,10
2016331602223,2,9,0,5,0,8,0,0,0,0,3,1,6,1,66,10,1834,1,14,2,1,2
2016331602224,1,9,0,10,0,1,0,0,0,0,2,1,6,1,25,5,1341,1,11,4,1,4
2016331602224,2,9,0,18,0,1,0,0,0,0,1,1,6,1,33,6,1461,2,1,9,1,9
2016331602225,1,9,0,8,0,1,0,0,0,0,2,1,2,1,53,8,998,1,4,-1,-1,-1
2016331602225,2,9,0,16,0,1,0,0,0,0,1,1,6,1,26,6,1598,2,2,7,3,7
2016331602226,1,9,0,18,0,0,0,0,0,0,1,1,6,1,-1,-1,1596,1,10,-1,-1,-1
2016331602226,2,9,0,4,0,0,0,0,0,0,2,1,6,1,-1,-1,1560,2,2,-1,-1,-1
2016331602226,3,9,0,4,0,0,0,0,0,0,2,1,6,2,-1,-1,1984,2,2,-1,-1,-1
2016331602227,1,19,0,18,0,1,0,0,0,0,1,1,6,1,30,6,2300,2,11,9,3,9
2016331602227,2,9,0,10,0,1,0,0,0,0,2,1,6,1,40,7,1598,2,5,1,1,1
2016331602228,1,9,0,5,0,6,0,0,0,0,0,1,6,3,33,6,1686,2,9,10,1,10
2016331602228,2,1,0,4,0,1,0,0,0,0,1,1,6,1,48,8,-1,-1,-1,7,3,7
2016331602229,1,9,0,3,0,1,0,0,0,0,2,1,6,2,32,6,1198,1,1,6,2,6
2016331602229,2,9,0,4,0,1,0,0,0,0,1,1,6,1,21,5,999,1,15,-1,-1,-1
2016331602230,1,5,0,9,0,6,1,0,0,0,3,1,1,1,35,6,-1,-1,-1,9,2,9
2016331602231,1,1,0,9,0,5,0,0,0,0,3,1,2,1,53,8,-1,-1,-1,7,1,7
2016331602231,2,9,0,9,0,6,0,0,0,0,3,1,2,2,45,7,-1,-1,-1,-1,-1,-1
2016331602232,1,9,0,3,0,8,0,0,0,0,3,1,6,2,17,4,1598,2,1,2,1,2
2016331602232,2,9,0,16,0,8,1,0,0,0,1,1,2,1,54,8,1399,2,6,1,1,1
2016331602233,1,9,0,18,0,0,0,0,0,0,3,1,6,2,32,6,1968,2,13,5,3,5
2016331602233,2,9,0,18,0,0,0,0,0,0,3,1,6,1,40,7,1997,2,8,2,1,2
2016331602234,1,9,0,17,0,8,0,0,0,0,1,1,6,2,53,8,1799,1,10,3,1,3
2016331602234,2,9,0,7,0,6,0,0,0,0,3,1,6,1,30,6,2204,2,10,9,1,9
2016331602235,1,9,0,18,0,0,0,0,0,0,3,1,6,2,18,4,1242,1,8,8,1,8
2016331602236,1,9,0,18,0,0,0,0,0,0,1,1,1,2,48,8,1248,2,1,-1,-1,-1
2016331602236,2,9,0,18,0,0,0,0,0,0,1,1,6,1,-1,-1,1124,1,16,-1,-1,-1
2016331602237,1,9,0,17,0,0,2,0,1,10,4,1,6,1,31,6,1796,1,16,7,2,7
2016331602239,1,9,0,7,0,5,0,0,0,0,4,1,6,2,20,4,998,1,1,7,1,7
2016331602239,2,1,0,18,0,6,0,0,0,0,1,1,6,2,22,5,-1,-1,-1,7,1,7
2016331602240,1,9,0,1,0,2,0,0,0,0,2,1,6,1,37,7,-1,-1,-1,9,1,9
2016331602240,2,9,0,10,0,1,0,0,0,0,0,1,6,3,-1,-1,-1,-1,-1,-1,-1,-1
2016331602240,3,1,0,18,0,1,0,0,0,0,1,1,6,1,12,3,-1,-1,-1,10,1,10
2016331602241,1,9,0,3,0,1,0,0,0,0,2,1,6,1,21,5,999,1,1,10,1,10
2016331602241,2,9,0,3,0,1,0,0,0,0,2,1,6,1,-1,-1,1398,2,3,-1,1,-1
2016331602241,3,19,0,18,0,1,0,0,0,0,1,1,6,1,36,7,1248,2,4,-1,-1,-1
2016331602242,1,9,0,16,0,0,0,0,0,0,4,1,6,1,89,11,2179,2,8,9,3,9
2016331602243,1,9,0,18,0,0,5,4,1,0,3,1,6,2,23,5,-1,-1,-1,8,3,8
2016331602243,2,19,0,2,0,0,0,0,0,0,4,1,6,3,-1,-1,1560,2,5,-1,-1,-1
2016331602243,3,9,0,2,0,0,0,0,0,0,3,1,6,3,-1,-1,1560,2,-1,-1,-1,-1
2016331602244,1,9,0,9,0,5,0,0,0,0,4,1,6,1,20,4,1391,1,15,2,1,2
2016331602244,2,9,0,4,0,8,0,0,0,0,1,1,6,1,70,10,1598,2,2,9,1,9
2016331602245,1,9,0,18,0,8,1,7,0,0,1,1,6,1,60,9,1399,2,7,6,1,6
2016331602245,2,9,0,9,0,6,0,0,0,0,1,1,6,3,-1,-1,998,1,1,-1,-1,-1
2016331602246,1,9,0,18,0,0,0,0,0,0,1,1,6,2,-1,-1,1596,1,14,7,2,7
2016331602246,2,9,0,2,0,0,0,0,0,0,1,1,6,1,57,9,1999,1,8,7,2,7
2016331602247,1,9,0,18,0,1,0,0,0,0,0,1,1,1,30,6,1686,2,2,3,1,3
2016331602247,2,8,0,4,0,1,0,0,0,0,2,1,6,1,44,7,1968,2,1,5,1,5
2016331602247,3,9,0,18,0,1,0,0,0,0,1,1,6,1,70,10,1834,1,15,2,1,2
2016331602249,1,9,0,5,0,6,0,0,0,0,3,1,6,3,-1,-1,3999,1,9,-1,-1,-1
2016331602249,2,9,0,4,0,8,1,0,0,0,1,1,6,1,62,9,2497,1,12,5,2,5
2016331605000,1,9,0,18,0,0,0,0,0,0,0,1,6,1,-1,-1,1686,2,3,-1,-1,-1
2016331605000,2,9,0,18,0,0,0,0,0,0,0,1,6,2,41,7,1398,1,3,-1,-1,-1
2016331605001,1,9,0,18,0,0,0,0,0,0,0,1,6,1,62,9,1389,1,16,-1,-1,-1
2016331605002,1,9,0,18,0,8,0,0,0,0,0,1,6,1,24,5,998,1,1,-1,-1,-1
2016331605002,2,9,0,18,0,8,0,0,0,0,0,1,6,2,33,6,1997,1,8,-1,-1,-1
2016331605003,1,9,0,18,0,0,0,0,0,0,0,1,6,1,25,5,1389,1,17,-1,-1,-1
2016331605003,2,9,0,18,0,0,0,0,0,0,0,1,6,1,-1,-1,2494,1,15,-1,-1,-1
2016331605004,1,9,0,18,0,8,0,0,0,0,0,1,6,2,37,7,1229,1,6,-1,-1,-1
2016331605004,2,9,0,18,0,8,0,0,0,0,0,1,6,1,19,4,2544,1,16,-1,-1,-1
2016331605005,1,9,0,18,0,0,0,0,0,0,0,1,6,1,20,4,1124,1,14,-1,-1,-1
2016331605005,2,9,0,18,0,0,0,0,0,0,0,1,6,1,46,8,1560,2,2,-1,-1,-1
2016331605008,1,9,0,18,0,0,0,0,0,0,0,1,6,2,49,8,2143,2,2,-1,-1,-1
2016331605008,2,9,0,18,0,0,0,0,0,0,0,1,6,2,76,11,1998,1,11,-1,-1,-1
2016331605009,1,9,0,18,0,0,0,0,0,0,0,1,6,1,31,6,1299,1,15,-1,-1,-1
2016331605009,2,19,0,18,0,0,0,0,0,0,0,1,6,1,-1,-1,2402,2,9,-1,-1,-1
2016331605009,3,1,0,18,0,0,0,0,0,0,0,1,6,1,43,7,-1,-1,-1,-1,-1,-1
2016331605012,1,1,0,18,0,8,0,0,0,0,0,1,6,1,36,7,-1,-1,-1,-1,-1,-1
2016331605012,2,9,0,18,0,8,0,0,0,0,0,1,6,3,-1,-1,-1,-1,-1,-1,-1,-1
2016331605013,1,9,0,18,0,0,0,0,0,0,0,1,6,1,42,7,1587,1,13,-1,-1,-1
2016331605014,1,9,0,18,0,0,0,0,0,0,0,1,6,2,18,4,1149,1,13,-1,-1,-1
2016331605015,1,17,0,18,0,1,0,0,0,0,0,1,6,1,-1,-1,854,2,2,-1,-1,-1
2016331605017,1,9,0,18,0,0,0,0,0,0,0,1,6,2,24,5,1242,1,3,-1,-1,-1
2016331605019,1,9,0,18,0,0,0,0,0,0,0,1,6,1,42,7,1388,1,15,-1,-1,-1
2016331605019,2,9,0,18,0,0,0,0,0,0,0,1,6,3,-1,-1,1870,2,12,-1,-1,-1
2016331605019,3,9,0,18,0,0,0,0,0,0,0,1,6,2,-1,-1,999,1,1,-1,-1,-1
2016331605021,1,9,0,18,0,0,0,0,0,0,0,1,6,2,58,9,1398,2,8,-1,-1,-1
2016331605022,1,9,0,18,0,0,0,0,0,0,0,1,6,3,79,11,1298,1,15,-1,-1,-1
2016331605024,1,9,0,18,0,0,0,0,0,0,0,1,6,1,33,6,1496,2,1,-1,-1,-1
2016331605024,2,9,0,18,0,0,0,0,0,0,0,1,6,1,81,11,1248,1,5,-1,-1,-1
2016331605025,1,3,0,18,0,8,0,0,0,0,0,1,6,1,25,5,-1,-1,-1,-1,-1,-1
2016331605025,2,9,0,18,0,8,0,0,0,0,0,1,6,2,28,6,1686,2,2,-1,-1,-1
2016331605026,1,9,0,18,0,2,0,0,0,0,0,1,6,2,71,10,1596,1,14,-1,-1,-1
2016331605028,1,9,0,18,0,0,0,0,0,0,0,1,6,1,55,8,998,1,9,-1,-1,-1
2016331605028,2,9,0,18,0,0,0,0,0,0,0,1,6,1,60,9,1896,2,12,-1,-1,-1
2016331605028,3,19,0,18,0,0,0,0,0,0,0,1,6,1,-1,-1,1753,2,12,-1,-1,-1
2016331605029,1,9,0,18,0,0,0,0,0,0,0,1,6,1,31,6,2148,2,7,-1,-1,-1
2016331605029,2,9,0,18,0,0,0,0,0,0,0,1,6,2,-1,-1,-1,-1,-1,-1,-1,-1
2016331605031,1,9,0,18,0,8,0,0,0,0,0,1,6,1,58,9,1560,2,9,-1,-1,-1
2016331605031,2,1,0,18,0,8,0,0,0,0,0,1,6,1,26,6,-1,-1,-1,-1,-1,-1
2016331605032,1,9,0,18,0,8,0,0,0,0,0,1,6,1,24,5,1998,1,23,-1,-1,-1
2016331605032,2,1,0,18,0,8,0,0,0,0,0,1,6,1,28,6,-1,-1,-1,-1,-1,-1
2016331605033,1,9,0,18,0,8,0,0,0,0,0,1,6,2,48,8,1596,1,12,-1,-1,-1
2016331605033,2,9,0,18,0,8,0,0,0,0,0,1,6,1,26,6,1398,1,2,-1,-1,-1
2016331605034,1,9,0,18,0,0,0,0,0,0,0,1,6,1,37,7,1956,2,3,-1,-1,-1
2016331605034,2,9,0,18,0,0,0,0,0,0,0,1,6,1,63,9,1461,2,-1,-1,-1,-1
2016331605035,1,9,0,18,0,0,0,0,0,0,0,1,6,1,17,4,1229,1,6,-1,-1,-1
2016331605035,2,9,0,18,0,0,0,0,0,0,0,1,6,1,60,9,1599,1,13,-1,-1,-1
2016331605038,1,9,0,18,0,1,0,0,0,0,1,1,6,1,-1,-1,1598,1,2,-1,-1,-1
2016331605038,2,1,0,18,0,1,0,0,0,0,2,1,6,1,-1,-1,-1,-1,-1,-1,-1,-1
2016331605039,1,9,0,18,0,1,0,0,0,0,1,1,6,1,60,9,-1,-1,-1,-1,-1,-1
2016331605039,2,98,0,18,0,1,0,0,0,0,2,1,6,1,42,7,-1,-1,-1,-1,-1,-1
2016331605040,1,9,0,18,0,0,0,0,0,0,1,1,6,1,66,10,-1,-1,-1,-1,-1,-1
2016331605040,2,1,0,18,0,0,0,0,0,0,2,1,6,1,40,7,-1,-1,-1,-1,-1,-1
2016331605041,1,2,0,18,0,1,0,0,0,0,1,1,6,1,16,4,49,1,11,-1,-1,-1
2016331605041,2,9,0,18,0,1,0,0,0,0,2,1,6,1,52,8,-1,-1,-1,-1,-1,-1
2016331605042,1,9,0,9,0,1,0,0,0,0,1,1,6,1,25,5,1796,1,12,-1,-1,-1
2016331605047,1,9,0,18,0,0,0,0,0,0,1,1,6,2,62,9,1997,2,5,-1,-1,-1
2016331605047,2,3,0,18,0,0,0,0,0,0,2,1,6,1,20,4,124,1,1,-1,-1,-1
2016331605048,1,9,0,18,0,0,0,0,0,0,1,1,6,1,19,4,-1,-1,-1,-1,-1,-1
2016331605048,2,9,0,18,0,0,0,0,0,0,2,1,6,1,55,8,-1,-1,-1,-1,-1,-1
2016331605050,1,9,0,18,0,1,0,0,0,0,1,1,6,1,52,8,-1,-1,-1,-1,-1,-1
2016331605050,2,9,0,18,0,1,0,0,0,0,2,1,6,1,51,8,898,1,2,-1,-1,-1
2016331605050,3,9,0,18,0,1,0,0,0,0,2,1,6,2,29,6,-1,-1,-1,-1,-1,-1
2016331605052,1,9,0,18,0,0,0,0,0,0,1,1,6,1,72,10,1595,1,1,-1,-1,-1
2016331605052,2,9,0,18,0,0,0,0,0,0,2,1,6,1,26,6,1598,1,16,-1,-1,-1
2016331605053,1,9,0,18,0,2,0,0,0,0,1,1,6,1,46,8,1596,1,14,-1,-1,-1
2016331605054,1,9,0,18,0,0,0,0,0,0,1,1,6,2,26,6,1796,1,15,-1,-1,-1
2016331605055,1,9,0,18,0,0,0,0,0,0,1,1,6,1,61,9,1968,2,9,-1,-1,-1
2016331605057,1,9,0,18,0,0,0,0,0,0,1,1,6,1,67,10,-1,-1,-1,-1,-1,-1
2016331605058,1,9,0,18,0,0,0,0,0,0,1,1,6,1,33,6,1596,1,12,-1,-1,-1
2016331605058,2,9,0,18,0,0,0,0,0,0,2,1,6,1,27,6,1242,1,1,-1,-1,-1
2016331605059,1,9,0,18,0,0,0,0,0,0,1,1,6,1,64,9,1796,1,8,-1,-1,-1
2016331605059,2,9,0,18,0,0,0,0,0,0,2,1,6,1,33,6,1598,1,16,-1,-1,-1
2016331605060,1,17,0,18,0,0,0,0,0,0,1,1,6,3,-1,-1,-1,-1,-1,-1,-1,-1
2016331605060,2,1,0,18,0,0,0,0,0,0,2,1,6,1,31,6,-1,-1,-1,-1,-1,-1
2016331605061,1,9,0,18,0,1,0,0,0,0,1,1,6,1,47,8,1399,2,13,-1,-1,-1
2016331605061,2,9,0,18,0,1,0,0,0,0,2,1,6,1,27,6,1360,1,13,-1,-1,-1
2016331605066,1,8,0,18,0,0,0,0,0,0,1,1,1,1,59,9,1997,2,6,-1,-1,-1
2016331605068,1,9,0,18,0,1,0,0,0,0,1,1,6,1,24,5,-1,-1,-1,-1,-1,-1
2016331605068,2,19,0,18,0,1,0,0,0,0,2,1,6,1,42,7,-1,-1,-1,-1,-1,-1
2016331605069,1,9,0,18,0,1,0,0,0,0,1,1,6,2,-1,-1,1598,2,2,-1,-1,-1
2016331605069,2,9,0,18,0,1,0,0,0,0,1,1,6,2,22,5,1149,1,15,-1,-1,-1
2016331605070,1,9,0,18,0,0,0,0,0,0,1,1,6,2,39,7,-1,-1,-1,-1,-1,-1
2016331605070,2,9,0,18,0,0,0,0,0,0,2,1,6,2,41,7,1229,1,4,-1,-1,-1
2016331605071,1,9,0,18,0,0,0,0,0,0,1,1,6,2,48,8,998,1,6,-1,-1,-1
2016331605072,1,19,0,18,0,0,0,0,0,0,1,1,6,1,44,7,-1,-1,-1,-1,-1,-1
2016331605073,1,9,0,18,0,0,0,0,0,0,1,1,6,1,67,10,1796,1,10,-1,-1,-1
2016331605075,1,9,0,18,0,1,0,0,0,0,1,1,6,2,-1,-1,1149,1,9,-1,-1,-1
2016331605075,2,1,0,18,0,1,0,0,0,0,2,1,6,2,44,7,-1,-1,-1,-1,-1,-1
2016331605076,1,9,0,18,0,1,0,0,0,0,1,1,6,1,36,7,2902,2,13,-1,-1,-1
2016331605076,2,19,0,18,0,1,0,0,0,0,2,1,6,1,24,5,2402,2,6,-1,-1,-1
2016331605082,1,9,0,18,0,1,0,0,0,0,1,1,6,2,26,6,1299,1,14,-1,-1,-1
2016331605086,1,9,0,18,0,0,0,0,0,0,1,1,6,3,-1,-1,1686,2,4,-1,-1,-1
2016331605086,2,1,0,18,0,0,0,0,0,0,2,1,6,1,15,3,-1,-1,-1,-1,-1,-1
2016331605087,1,97,0,18,0,0,0,0,0,0,1,1,6,1,38,7,-1,-1,-1,-1,-1,-1
2016331605090,1,8,0,18,0,0,0,0,0,0,1,1,6,1,43,7,2499,2,9,-1,-1,-1
2016331605091,1,9,0,18,0,0,0,0,0,0,1,1,6,1,34,6,1997,2,5,-1,-1,-1
2016331605091,2,9,0,18,0,0,0,0,0,0,2,1,6,1,66,10,-1,-1,-1,-1,-1,-1
2016331605091,3,19,0,18,0,0,0,0,0,0,2,1,6,1,42,7,1598,2,1,-1,-1,-1
2016331605093,1,9,0,18,0,1,0,0,0,0,1,1,6,1,26,6,-1,-1,-1,-1,-1,-1
2016331605093,2,19,0,18,0,1,0,0,0,0,1,1,6,1,30,6,2148,2,8,-1,-1,-1
2016331605094,1,5,0,18,0,0,0,0,0,0,1,1,6,1,-1,-1,636,1,13,-1,-1,-1
2016331605094,2,20,0,18,0,0,0,0,0,0,2,1,6,1,38,7,4462,2,3,-1,-1,-1
2016331605095,1,9,0,18,0,1,0,0,0,0,1,1,6,2,-1,-1,1896,2,9,-1,-1,-1
2016331605095,2,9,0,18,0,1,0,0,0,0,2,1,6,2,63,9,1598,1,1,-1,-1,-1
2016331605096,1,9,0,18,0,1,0,0,0,0,1,1,6,1,38,7,1995,2,8,-1,-1,-1
2016331605096,2,9,0,18,0,1,0,0,0,0,1,1,6,2,37,7,2488,2,10,-1,-1,-1
2016331605099,1,9,0,18,0,1,0,0,0,0,1,1,6,1,37,7,1396,1,19,-1,-1,-1
2016331605099,2,9,0,18,0,1,0,0,0,0,2,1,6,1,21,5,1360,1,14,-1,-1,-1
2016331605100,1,9,0,18,0,0,0,0,0,0,1,1,6,1,90,11,1596,1,4,-1,-1,-1
2016331605100,2,1,0,18,0,0,0,0,0,0,2,1,6,1,26,6,-1,-1,-1,-1,-1,-1
2016331605102,1,9,0,18,0,0,0,0,0,0,1,1,6,1,57,9,1995,2,5,-1,-1,-1
2016331605102,2,1,0,18,0,0,0,0,0,0,2,1,6,1,44,7,-1,-1,-1,-1,-1,-1
2016331605103,1,9,0,18,0,0,0,0,0,0,1,1,6,1,41,7,1389,1,14,-1,-1,-1
2016331605103,2,9,0,18,0,0,0,0,0,0,2,1,6,1,90,11,1248,2,5,-1,-1,-1
2016331605104,1,9,0,18,0,0,0,0,0,0,1,1,6,1,19,4,1388,1,13,-1,-1,-1
2016331605107,1,9,0,18,0,0,0,0,0,0,1,1,6,3,-1,-1,-1,-1,-1,-1,-1,-1
2016331605108,1,9,0,18,0,0,0,0,0,0,1,1,6,1,19,4,1242,1,7,-1,-1,-1
2016331605108,2,9,0,18,0,0,0,0,0,0,2,1,6,2,45,7,1998,1,-1,-1,-1,-1
2016331605110,1,9,0,18,0,0,0,0,0,0,1,1,6,1,58,9,1598,1,3,-1,-1,-1
2016331605110,2,9,0,18,0,0,0,0,0,0,2,1,6,1,41,7,1560,2,6,-1,-1,-1
2016331605111,1,9,0,18,0,8,0,0,0,0,1,1,6,1,73,10,1956,2,5,-1,-1,-1
2016331605111,2,9,0,18,0,8,0,0,0,0,2,1,6,2,46,8,1598,1,3,-1,-1,-1
2016331605112,1,19,0,18,0,1,0,0,0,0,1,1,6,1,32,6,2143,2,6,-1,-1,-1
2016331605112,2,9,0,18,0,1,0,0,0,0,2,1,6,2,29,6,-1,-1,-1,-1,-1,-1
2016331605112,3,9,0,18,0,1,0,0,0,0,2,1,6,1,48,8,2199,2,5,-1,-1,-1
2016331605113,1,9,0,18,0,0,0,0,0,0,1,1,6,1,-1,-1,1299,1,13,-1,-1,-1
2016331605113,2,9,0,18,0,0,0,0,0,0,2,1,6,1,44,7,1582,2,5,-1,-1,-1
2016331605114,1,9,0,18,0,1,0,0,0,0,1,1,6,2,41,7,1796,1,15,-1,-1,-1
2016331605114,2,9,0,18,0,1,0,0,0,0,2,1,6,2,59,9,1590,1,15,-1,-1,-1
2016331605115,1,1,0,18,0,8,0,0,0,0,1,1,6,1,-1,-1,-1,-1,-1,-1,-1,-1
2016331605117,1,9,0,18,0,0,0,0,0,0,1,1,6,1,72,10,1199,1,17,-1,-1,-1
2016331605118,1,9,0,18,0,1,0,0,0,0,1,1,6,3,-1,-1,-1,-1,-1,-1,-1,-1
2016331605120,1,9,0,18,0,0,0,0,0,0,1,1,6,1,34,6,1968,2,9,-1,-1,-1
2016331605120,2,9,0,18,0,0,0,0,0,0,2,1,6,2,26,6,1364,1,8,-1,-1,-1
2016331605121,1,3,0,18,0,0,0,4,0,0,1,1,6,1,24,5,124,1,3,-1,-1,-1
2016331605121,2,9,0,2,0,0,0,0,0,0,2,1,6,3,-1,-1,1461,2,12,-1,-1,-1
2016331605122,1,9,0,18,0,1,0,0,0,0,1,1,6,1,58,9,1598,1,15,-1,-1,-1
2016331605122,2,9,0,18,0,1,0,0,0,0,2,1,6,3,-1,-1,-1,-1,-1,-1,-1,-1
2016331605128,1,9,0,18,0,0,0,0,0,0,1,1,6,2,37,7,1998,1,11,-1,-1,-1
2016331605129,1,97,0,18,0,1,0,0,0,0,1,1,6,1,50,8,-1,-1,-1,-1,-1,-1
2016331605129,2,9,0,18,0,1,0,0,0,0,2,1,6,1,38,7,1994,1,20,-1,-1,-1
2016331605130,1,9,0,18,0,1,0,0,0,0,1,1,6,2,56,9,1796,1,13,-1,-1,-1
2016331605130,2,9,0,18,0,1,0,0,0,0,1,1,6,1,44,7,2776,2,13,-1,-1,-1
2016331605132,1,9,0,18,0,8,0,0,0,0,1,1,6,1,27,6,1124,1,15,-1,-1,-1
2016331605132,2,9,0,18,0,8,0,0,0,0,2,1,6,1,35,6,1968,2,5,-1,-1,-1
2016331605133,1,9,0,18,0,1,0,0,0,0,1,1,6,1,55,8,1968,2,3,-1,-1,-1
2016331605133,2,9,0,18,0,1,0,0,0,0,2,1,6,1,49,8,2143,2,7,-1,-1,-1
2016331605136,1,9,0,18,0,1,0,0,0,0,1,1,6,2,71,10,1598,1,13,-1,-1,-1
2016331605136,2,9,0,18,0,1,0,0,0,0,3,1,6,1,66,10,1242,1,8,-1,-1,-1
2016331605136,3,9,0,18,0,1,0,0,0,0,2,1,6,2,30,6,1598,1,9,-1,-1,-1
2016331605138,1,9,0,18,0,0,0,0,0,0,1,1,6,1,28,6,1686,2,4,-1,-1,-1
2016331605138,2,9,0,18,0,0,0,0,0,0,2,1,6,3,-1,-1,1796,1,20,-1,-1,-1
2016331605139,1,1,0,18,9,0,0,0,0,0,1,1,6,3,-1,-1,-1,-1,-1,-1,-1,-1
2016331605141,1,19,0,18,0,8,0,0,0,0,1,1,6,1,60,9,-1,-1,-1,-1,-1,-1
2016331605141,2,1,0,17,0,8,0,0,0,0,2,1,6,1,17,4,-1,-1,-1,-1,-1,-1
2016331605142,1,9,0,18,0,1,0,0,0,0,1,1,6,1,25,5,1975,1,11,-1,-1,-1
2016331605142,2,9,0,18,0,1,0,0,0,0,2,1,6,2,30,6,1246,1,11,-1,-1,-1
2016331605147,1,9,0,18,0,0,0,0,0,0,1,1,6,3,-1,-1,1390,1,14,-1,-1,-1
2016331605151,1,9,0,18,0,0,0,0,0,0,1,1,6,1,-1,-1,2993,2,-1,-1,-1,-1
2016331605151,2,9,0,18,0,0,0,0,0,0,2,1,6,1,32,6,1339,1,11,-1,-1,-1
2016331605152,1,9,0,18,0,0,0,0,0,0,1,1,6,1,43,7,-1,-1,-1,-1,-1,-1
2016331605156,1,9,0,18,0,0,0,0,0,0,2,1,6,1,-1,-1,-1,-1,-1,-1,-1,-1
2016331605156,2,9,0,18,0,0,0,0,0,0,2,1,6,2,41,7,1390,1,3,-1,-1,-1
2016331605156,3,9,0,18,0,0,0,0,0,0,2,1,6,2,41,7,1997,1,14,-1,-1,-1
201634MW10356,1,9,0,18,0,8,0,0,0,0,1,1,6,1,35,6,2495,2,21,3,1,3
201634MW10356,2,9,0,3,0,8,0,0,0,0,2,1,6,1,57,9,1595,1,16,4,1,4
201634MW10356,3,9,0,10,0,8,0,0,0,0,2,1,6,2,47,8,1461,2,4,6,1,6
201634NC00386,1,9,0,13,0,0,0,0,0,0,3,1,6,1,-1,-1,-1,-1,-1,-1,-1,-1
201634NC00386,2,9,0,18,0,0,0,10,1,0,3,1,6,1,55,8,2976,1,11,4,1,4
201634NC00406,1,9,0,18,0,8,1,0,0,0,1,1,6,1,48,8,1999,1,14,2,1,2
201634NC00406,2,9,0,18,0,8,1,0,0,0,2,1,2,2,39,7,1586,1,6,9,1,9
201634NC00406,3,9,0,18,0,8,0,0,0,0,1,1,6,1,78,11,1329,1,4,5,1,5
201634NC00946,1,9,0,18,0,8,0,0,0,0,1,1,1,2,39,7,1584,1,13,3,1,3
201634NC00946,2,1,0,18,0,8,0,0,0,0,4,1,1,1,25,5,-1,-1,-1,2,1,2
201634NC01356,1,9,0,18,0,8,0,0,0,0,1,1,6,3,-1,-1,2435,1,17,-1,-1,-1
201634NC01356,2,9,0,18,0,8,0,0,0,0,3,1,6,1,40,7,1995,1,12,1,1,1
201634NC01566,1,9,0,18,0,8,0,0,0,0,1,1,6,1,-1,-1,-1,-1,-1,-1,-1,-1
201634NC01566,2,9,0,3,0,8,0,0,0,0,2,1,6,1,36,7,1910,2,9,1,1,1
201634NC01756,1,8,0,9,0,8,0,0,0,0,1,1,1,1,-1,-1,1997,2,9,1,1,1
201634NC01936,1,9,0,18,0,8,0,0,0,0,1,1,1,2,51,8,1398,1,2,8,1,8
201634NC01936,2,9,0,9,0,8,0,0,0,0,3,1,1,1,59,9,2993,2,2,6,1,6
201634NC03226,1,9,0,18,0,0,0,0,0,0,4,1,6,1,73,10,1242,1,12,-1,-1,-1
201634NC04006,1,90,0,18,0,8,0,0,7,0,1,1,6,1,-1,-1,-1,-1,-1,-1,-1,-1
201634NC04416,1,9,0,1,0,0,0,0,0,0,2,1,6,2,26,6,1769,1,14,-1,-1,-1
201634NC04416,2,9,0,2,0,0,0,0,0,0,2,1,6,2,45,7,1368,1,7,4,1,4