Accident_Index,Vehicle_Reference,Vehicle_Type,Towing_and_Articulation,Vehicle_Manoeuvre,Vehicle_Location-Restricted_Lane,Junction_Location,Skidding_and_Overturning,Hit_Object_in_Carriageway,Vehicle_Leaving_Carriageway,Hit_Object_off_Carriageway,1st_Point_of_Impact,Was_Vehicle_Left_Hand_Drive?,Journey_Purpose_of_Driver,Sex_of_Driver,Age_of_Driver,Age_Band_of_Driver,Engine_Capacity_(CC),Propulsion_Code,Age_of_Vehicle,Driver_IMD_Decile,Driver_Home_Area_Type,Vehicle_IMD_Decile
201634NC04426,1,9,0,18,0,0,0,0,0,0,1,1,6,2,-1,-1,-1,-1,-1,-1,-1,-1
201634NC04466,1,9,0,9,0,8,0,0,0,0,4,1,6,2,39,7,1600,1,18,1,1,1
201634NC04466,2,9,0,18,0,8,0,0,0,0,1,1,6,1,37,7,1968,2,2,10,1,10
201634NC04716,1,9,0,7,0,8,0,0,0,0,3,1,6,1,-1,-1,1193,1,2,-1,-1,-1
201634NC04716,2,9,0,18,0,8,0,0,0,0,1,1,6,2,28,6,1596,1,13,2,1,2
201634NC04986,1,9,0,18,0,6,0,0,0,0,1,1,6,1,89,11,-1,-1,-1,4,1,4
201634NC04986,2,1,0,18,0,8,0,0,0,0,4,1,6,1,50,8,-1,-1,-1,3,1,3
201634NC05566,1,9,0,14,0,0,0,0,0,0,1,1,1,2,31,6,1242,1,1,8,3,8
201634NC05566,2,9,0,18,0,0,0,0,0,0,1,1,1,1,26,6,2993,2,2,8,3,8
201634NC05566,3,19,0,18,0,0,0,0,0,0,3,1,1,1,56,9,1868,2,11,9,2,9
201634NC05596,1,9,0,18,0,0,0,0,0,0,4,1,6,3,-1,-1,-1,-1,-1,-1,-1,-1
201634NC05596,2,1,0,18,0,0,0,0,0,0,3,1,6,1,41,7,-1,-1,-1,-1,-1,-1
201634NC05656,1,3,0,13,0,8,0,0,0,0,0,1,1,1,29,6,125,1,3,2,1,2
201634NC05656,2,9,0,18,0,8,0,0,0,0,2,1,6,1,44,7,1560,2,2,8,3,8
201634NC05656,3,9,0,18,0,8,0,0,0,0,1,1,1,1,61,9,-1,-1,-1,8,1,8
201634NC05796,1,9,0,18,0,8,0,0,0,0,1,1,6,2,58,9,1560,2,9,7,3,7
201634NC05796,2,9,0,3,0,8,0,0,0,0,2,1,6,1,58,9,1560,2,4,10,1,10
201634NC05836,1,9,0,18,0,8,0,0,0,0,1,1,6,1,-1,-1,-1,-1,-1,-1,-1,-1
201634NC05836,2,8,0,18,0,8,0,0,0,0,2,1,1,1,-1,-1,2499,2,5,-1,-1,-1
201634NC05956,1,9,0,18,0,0,0,0,0,0,1,1,6,1,32,6,1896,2,11,-1,-1,-1
201634NC06006,1,9,0,14,0,0,0,0,0,0,1,1,6,1,19,4,1560,2,11,-1,-1,-1
201634NC06006,2,9,0,2,0,0,0,0,0,0,2,1,6,3,-1,-1,-1,-1,-1,-1,-1,-1
201634NC06006,3,9,0,18,0,0,0,0,0,0,1,1,1,1,37,7,1685,2,4,3,1,3
201634NC06076,1,9,0,9,0,8,0,0,0,0,4,1,3,2,31,6,1896,2,13,1,1,1
201634NC06076,2,1,0,18,0,8,0,0,0,0,1,1,6,1,62,9,-1,-1,-1,-1,-1,-1
201634NC06086,1,21,0,18,0,8,0,0,0,0,1,1,1,1,-1,-1,3700,2,4,-1,-1,-1
201634NC06086,2,9,0,18,0,8,0,0,0,0,2,1,3,1,23,5,1368,1,1,-1,-1,-1
201634NC06176,1,9,0,18,0,8,0,0,0,0,1,1,6,2,27,6,1149,1,8,2,1,2
201634NC06176,2,9,0,18,0,8,0,0,0,0,1,1,6,1,34,6,2497,2,10,5,1,5
201634NC06396,1,9,0,18,0,0,0,0,0,0,1,1,6,2,25,5,1686,2,14,6,2,6
201634NC06396,2,9,0,3,0,0,0,0,0,0,2,1,6,1,47,8,1686,2,4,10,2,10
201634NC06576,1,9,0,9,0,8,0,0,0,0,0,1,6,3,-1,-1,-1,-1,-1,-1,-1,-1
201634NC06576,2,9,0,18,0,8,0,0,1,11,1,1,1,1,40,7,1910,2,8,2,1,2
201634NC06576,3,9,0,3,0,8,0,0,0,0,1,1,6,2,63,9,1399,2,8,2,1,2
201634NC06716,1,9,0,18,0,8,0,0,0,0,1,1,2,1,58,9,1598,1,8,4,1,4
201634NC06716,2,9,0,18,0,8,0,0,0,0,1,1,2,1,26,6,-1,-1,-1,3,1,3
201634NC06796,1,9,0,18,0,8,0,0,0,0,1,1,6,1,51,8,1995,2,9,-1,-1,-1
201634NC06796,2,9,0,3,0,8,0,0,0,0,2,1,6,2,47,8,1339,1,6,8,3,8
201634NC07186,1,9,0,18,0,8,0,0,0,0,0,1,2,1,25,5,1596,1,13,7,1,7
201634NC07186,2,9,0,9,0,8,0,0,0,0,1,1,2,2,23,5,1397,1,9,4,1,4
201634NC07186,3,9,0,18,0,8,0,0,0,0,1,1,6,1,53,8,1242,1,12,5,1,5
201634NC07186,4,9,0,18,0,8,0,0,0,0,1,1,6,1,24,5,1396,1,22,4,1,4
201634NC07546,1,1,0,18,0,8,0,0,0,0,1,1,6,1,24,5,-1,-1,-1,1,1,1
201634NC07546,2,9,0,9,0,8,0,0,0,0,3,1,6,2,17,4,1229,1,4,4,1,4
201634NC07826,1,9,0,18,0,8,0,0,0,0,1,1,6,1,-1,-1,1783,1,16,-1,-1,-1
201634NC07826,2,9,0,10,0,8,0,0,0,0,2,1,6,2,33,6,1229,1,4,5,1,5
201634NC08026,1,9,0,18,0,8,0,0,0,0,1,1,6,2,29,6,1364,1,11,3,1,3
201634NC08026,2,1,0,18,0,8,0,0,0,0,1,1,6,1,47,8,-1,-1,-1,-1,-1,-1
201634NC08056,1,9,0,14,0,0,0,0,0,0,4,1,6,2,30,6,1395,1,1,8,1,8
201634NC08066,1,9,0,3,0,0,0,0,0,0,2,1,6,1,48,8,1299,1,15,1,1,1
201634NC08066,2,9,0,18,0,0,0,0,0,0,1,1,6,1,43,7,2143,2,-1,6,1,6
201634NC08066,3,9,0,18,0,0,0,0,0,0,1,1,6,1,45,7,2191,2,1,10,1,10
201634NC08066,4,19,0,18,0,0,0,0,0,0,2,1,6,1,45,7,-1,-1,-1,4,1,4
201634NC08066,5,9,0,18,0,0,0,0,0,0,2,1,6,1,36,7,698,1,11,4,1,4
201634NC08326,1,9,0,14,0,0,0,0,0,0,1,1,6,2,41,7,1000,1,-1,5,1,5
201634NC08636,1,1,0,14,0,0,0,0,0,0,3,1,6,1,18,4,-1,-1,-1,-1,-1,-1
201634NC08636,2,9,0,14,0,0,0,0,0,0,1,1,3,2,39,7,1560,2,11,2,1,2
201634NC08786,1,9,0,9,0,8,0,0,0,0,1,1,6,1,36,7,1364,1,6,5,1,5
201634NC08786,2,2,0,18,0,8,0,0,0,0,1,1,2,2,23,5,49,1,2,1,1,1
201634NC08846,1,9,0,1,0,8,0,0,0,0,4,1,6,2,47,8,1686,2,5,1,1,1
201634NC08906,1,9,0,6,0,0,0,0,0,0,1,1,6,1,22,5,1124,1,16,5,1,5
201634NC08906,2,9,0,2,0,0,0,0,0,0,3,1,1,2,28,6,1686,2,2,-1,-1,-1
201634NC08996,1,21,0,18,0,0,0,0,0,0,1,1,6,3,-1,-1,-1,-1,-1,-1,-1,-1
201634NC08996,2,1,0,18,0,0,0,0,0,0,2,1,6,1,35,6,-1,-1,-1,8,3,8
201634NC09046,1,9,0,18,0,0,0,0,0,0,1,1,2,1,17,4,999,1,-1,-1,-1,-1
201634NC09086,1,9,0,18,0,0,1,10,0,0,1,1,6,1,21,5,1796,1,15,-1,-1,-1
201634NC09086,2,9,0,2,0,0,0,0,0,0,2,1,6,3,-1,-1,2000,2,12,-1,-1,-1
201634NC09196,1,9,0,18,0,0,0,0,0,0,1,1,6,1,46,8,2171,2,17,2,1,2
201634NC09196,2,1,0,18,0,0,0,0,0,0,1,1,6,1,8,2,-1,-1,-1,-1,-1,-1
201634NC09496,1,11,0,9,0,8,0,0,0,0,1,1,1,1,55,8,3900,2,14,6,1,6
201634NC09496,2,9,0,18,0,8,0,0,0,0,4,1,6,2,29,6,1560,2,4,3,1,3
201634NC09696,1,9,0,9,0,6,0,0,0,0,1,1,6,1,38,7,1781,1,15,-1,-1,-1
201634NC09696,2,9,0,18,0,8,0,0,0,0,1,1,6,1,21,5,1984,1,6,-1,-1,-1
201634NC09746,1,9,0,18,0,0,0,0,0,0,1,1,6,2,-1,-1,998,1,8,-1,-1,-1
201634NC09746,2,1,0,18,0,0,0,0,0,0,3,1,4,2,11,3,-1,-1,-1,6,1,6
201634NC09906,1,9,0,1,0,8,0,0,0,0,2,1,6,1,-1,-1,2000,2,10,-1,-1,-1
201634NC09906,2,9,0,9,0,8,0,0,0,0,1,1,6,1,76,11,1587,1,18,-1,-1,-1
201634NC09946,1,5,0,18,0,8,0,0,7,11,1,1,6,1,20,4,675,1,9,-1,-1,-1
201634NC09946,2,17,5,9,0,8,0,0,0,0,1,1,6,1,47,8,3769,2,5,-1,-1,-1
201634NC10056,1,9,0,18,0,8,0,0,0,0,1,1,6,2,-1,-1,1229,1,9,-1,-1,-1
201634NC10056,2,1,0,18,0,8,0,0,0,0,4,1,2,1,39,7,-1,-1,-1,4,1,4
201634NC10136,1,19,0,18,0,8,0,0,0,0,1,1,6,1,-1,-1,2143,2,-1,-1,-1,-1
201634NC10136,2,9,0,3,0,8,0,0,0,0,2,1,1,2,67,10,1992,2,9,5,1,5
201634NC10396,1,9,0,14,0,8,0,0,7,11,3,1,6,1,32,6,1984,1,14,5,1,5
201634NC10396,2,8,0,10,0,8,0,0,0,0,1,1,1,1,42,7,2402,2,11,3,1,3
201634NC10456,1,9,0,18,0,8,0,0,0,0,1,1,6,2,53,8,1086,1,8,9,1,9
201634NC10456,2,19,0,18,0,8,0,0,0,0,4,1,6,1,47,8,-1,-1,-1,1,1,1
201634NC10566,1,9,0,18,0,8,0,0,0,0,1,1,6,2,-1,-1,1910,2,8,-1,-1,-1
201634NC10566,2,9,0,3,0,8,0,0,0,0,2,1,6,2,35,6,1598,1,9,3,1,3
201634NC10716,1,21,0,18,0,8,0,0,0,0,1,1,1,1,37,7,5880,2,3,-1,-1,-1
201634NC10716,2,9,0,18,0,8,5,9,7,0,4,1,1,2,53,8,-1,-1,-1,8,3,8
201634NC10756,1,9,0,9,0,8,0,0,0,0,1,1,6,2,25,5,1598,1,12,3,1,3
201634NC10756,2,5,0,18,0,8,0,0,0,0,1,1,1,1,30,6,599,1,17,3,1,3
201634NC10786,1,9,0,18,0,8,0,0,0,0,4,1,6,2,24,5,1587,1,9,-1,-1,-1
201634NC10786,2,1,0,5,0,8,0,0,0,0,3,1,6,1,24,5,-1,-1,-1,1,1,1
201634NC11126,1,9,0,7,0,8,0,0,0,0,1,1,3,2,39,7,1796,1,7,4,1,4
201634NC11126,2,1,0,18,0,8,0,0,0,0,1,1,6,1,56,9,-1,-1,-1,4,1,4
201634NC11286,1,9,0,18,0,0,1,0,7,9,1,1,6,1,28,6,2967,1,15,1,1,1
201634NC11856,1,9,0,18,0,8,0,0,0,0,1,1,6,1,-1,-1,1199,1,12,-1,-1,-1
201634NC11856,2,9,0,3,0,8,0,0,0,0,2,1,6,1,20,4,998,1,17,-1,-1,-1
201634NC11996,1,9,0,15,0,8,0,0,0,0,4,1,6,1,-1,-1,-1,-1,-1,-1,-1,-1
201634NC11996,2,1,0,18,0,8,0,0,0,0,1,1,6,1,25,5,-1,-1,-1,5,1,5
201634NC12016,1,1,0,18,0,8,0,0,0,0,1,1,6,1,15,3,-1,-1,-1,-1,-1,-1
201634NC12016,2,9,0,18,0,8,0,0,0,0,1,1,6,2,47,8,1997,1,16,1,1,1
201634NC12266,1,19,0,18,0,8,0,0,0,0,4,1,6,3,-1,-1,-1,-1,-1,-1,-1,-1
201634NC12416,1,9,0,9,0,8,0,0,0,0,3,1,6,2,72,10,1229,1,6,-1,-1,-1
201634NC12416,2,20,0,18,0,8,5,0,0,1,1,1,1,1,30,6,4249,2,3,-1,-1,-1
201634NC12646,1,9,0,18,0,8,0,0,0,0,1,1,6,1,-1,-1,-1,-1,-1,-1,-1,-1
201634NC12646,2,1,0,18,4,8,0,0,0,0,2,1,6,1,13,3,-1,-1,-1,-1,-1,-1
201634NC12766,1,9,0,9,0,8,0,0,0,0,3,1,6,2,31,6,-1,-1,-1,5,1,5
201634NC12766,2,9,0,18,0,8,0,0,0,0,1,1,6,3,-1,-1,-1,-1,-1,-1,-1,-1
201634NC12816,1,11,0,18,0,8,0,0,0,0,1,1,1,1,73,10,9600,2,18,-1,-1,-1
201634NC12816,2,9,0,3,0,8,0,0,0,0,2,1,1,2,43,7,1997,2,13,2,1,2
201634NC12876,1,9,0,3,0,8,0,0,0,0,2,1,6,1,61,9,1598,2,3,10,2,10
201634NC12876,2,9,0,18,0,8,0,0,0,0,1,1,6,1,-1,-1,-1,-1,-1,-1,-1,-1
201634NC13146,1,9,0,18,0,0,0,0,0,0,4,1,6,1,19,4,1397,1,14,1,1,1
201634NC13216,1,9,0,18,0,0,0,0,0,0,1,1,6,3,-1,-1,1994,2,14,-1,-1,-1
201634NC13216,2,9,0,18,0,0,0,0,0,0,1,1,2,2,50,8,998,1,6,8,1,8
201634NC13566,1,11,0,18,0,8,0,0,0,0,4,1,1,1,56,9,3900,2,12,5,2,5
201634NC13576,1,9,0,18,0,8,0,0,0,0,1,1,6,1,-1,-1,-1,-1,-1,-1,-1,-1
201634NC13656,1,19,0,1,0,8,0,0,0,0,1,1,6,3,-1,-1,1870,2,12,-1,-1,-1
201634NC13656,2,9,0,18,0,8,0,0,0,0,2,1,6,2,24,5,1242,1,17,8,1,8
201634NC13706,1,9,0,18,0,8,0,0,0,0,1,1,1,2,33,6,1360,1,12,4,1,4
201634NC13706,2,9,0,18,0,8,0,0,0,0,2,1,1,2,39,7,1598,1,11,2,1,2
201634NC13716,1,9,0,18,0,0,0,0,0,0,3,1,6,1,28,6,1390,1,18,1,1,1
201634NC13736,1,19,0,18,0,8,0,0,0,0,2,1,1,1,27,6,2198,2,7,-1,-1,-1
201634NC13796,1,9,0,18,0,8,5,0,0,0,3,1,6,1,62,9,1598,1,7,7,1,7
201634NC13796,2,9,0,18,0,8,0,0,0,0,2,1,6,3,-1,-1,1968,2,10,-1,-1,-1
201634NC13906,1,9,0,9,0,8,0,0,0,0,4,1,1,2,46,8,1360,1,9,4,1,4
201634NC13906,2,1,0,18,0,8,0,0,0,0,1,1,6,1,39,7,-1,-1,-1,2,1,2
201634NC13946,1,9,0,18,0,0,0,0,1,9,1,1,2,2,24,5,-1,-1,-1,6,3,6
201634NC13946,2,9,0,3,0,0,0,0,0,0,2,1,6,2,40,7,1968,2,4,6,3,6
201634NC14006,1,9,0,9,0,8,0,0,0,0,1,1,2,1,43,7,2191,2,1,8,3,8
201634NC14006,2,9,0,18,0,8,0,0,0,0,3,1,6,2,18,4,1198,1,12,7,3,7
201634NC14126,1,9,0,1,0,0,0,0,0,0,2,1,6,1,-1,-1,1240,1,6,-1,-1,-1
201634NC14126,2,9,0,3,0,0,0,0,0,0,1,1,6,1,54,8,1995,2,11,7,1,7
201634NC14186,1,9,0,11,0,8,0,0,0,0,1,1,1,1,30,6,-1,-1,-1,3,2,3
201634NC14186,2,1,0,18,0,8,0,0,0,0,3,1,6,1,52,8,-1,-1,-1,-1,-1,-1
201634NC14246,1,9,0,18,0,0,0,0,0,0,4,1,6,1,-1,-1,-1,-1,-1,-1,-1,-1
201634NC14446,1,9,0,18,0,8,0,0,0,0,1,1,6,3,-1,-1,-1,-1,-1,-1,-1,-1
201634NC14446,2,9,0,3,0,8,0,0,0,0,2,1,6,2,20,4,-1,-1,-1,-1,-1,-1
201634NC14486,1,9,0,18,0,8,0,0,0,0,3,1,2,1,30,6,1951,2,13,8,1,8
201634NC14486,2,1,0,18,0,8,0,0,0,0,1,1,6,1,58,9,-1,-1,-1,-1,-1,-1
201634NC14716,1,9,0,18,0,0,0,0,7,4,1,1,6,1,50,8,2495,2,12,7,3,7
201634NC14746,1,19,0,4,0,0,0,0,0,0,0,1,1,1,33,6,2800,2,13,2,1,2
201634NC14746,2,9,0,13,0,0,0,0,0,0,2,1,6,1,54,8,1242,1,4,10,2,10
201634NC14746,3,19,0,18,0,0,0,0,0,0,1,1,1,1,54,8,1995,2,4,9,3,9
201634NC14746,4,19,0,18,0,0,0,0,0,0,1,1,1,1,32,6,2299,2,4,10,3,10
201634NC14746,5,19,0,18,0,0,0,0,0,0,1,1,1,1,33,6,1995,2,4,-1,-1,-1
201634NC14746,6,19,0,18,0,0,0,0,0,0,1,1,1,1,25,5,-1,-1,-1,-1,-1,-1
201634NC14776,1,19,0,14,0,0,0,0,0,0,1,1,1,1,23,5,2198,2,-1,10,2,10
201634NC14886,1,9,0,18,0,8,0,0,0,0,1,1,6,1,23,5,-1,-1,-1,2,1,2
201634NC14886,2,9,0,18,0,8,0,0,0,0,4,1,6,1,43,7,2993,2,12,5,1,5
201634NC14886,3,9,0,18,0,8,0,0,0,0,0,1,1,2,-1,-1,1598,2,1,-1,-1,-1
201634NC15036,1,9,0,18,0,8,0,0,0,0,1,1,6,1,39,7,1968,2,8,5,1,5
201634NC15036,2,9,0,18,0,8,0,0,0,0,2,1,3,2,38,7,1390,1,16,-1,-1,-1
201634NC15376,1,9,0,18,0,0,0,0,0,0,0,1,6,3,-1,-1,-1,-1,-1,-1,-1,-1
201634NC15416,1,9,0,18,0,8,0,10,7,11,1,1,6,1,25,5,1596,1,15,5,1,5
201634NC15416,2,9,0,18,0,8,0,0,0,0,0,1,1,1,49,8,2993,2,3,-1,-1,-1
201634NC15596,1,19,0,7,0,3,0,0,0,0,0,1,2,1,56,9,2198,2,1,2,1,2
201634NC15676,1,2,0,9,0,2,0,0,0,0,0,1,6,1,16,4,49,1,-1,-1,-1,-1
201634NC15676,2,19,0,18,0,2,0,0,0,0,1,1,6,1,32,6,1753,2,13,8,2,8
201634NC15746,1,9,0,3,0,8,0,0,0,0,4,1,6,1,89,11,1389,1,16,3,1,3
201634NE00536,1,9,0,18,0,0,0,0,1,2,1,1,6,1,27,6,1598,1,8,3,1,3
201634NE00596,1,9,0,18,0,0,0,10,1,9,4,1,6,1,58,9,2776,2,11,8,1,8
201634NE00606,1,9,0,18,0,0,1,0,7,9,1,1,6,2,75,10,1242,1,5,10,2,10
201634NE00796,1,9,0,18,0,0,0,0,0,0,3,1,1,2,47,8,1229,1,9,5,1,5
201634NE00796,2,3,0,18,0,0,0,0,0,0,3,1,6,2,33,6,125,1,1,6,1,6
201634NE01456,1,9,0,18,0,8,0,0,0,0,1,1,6,1,35,6,1798,8,3,4,2,4
201634NE01456,2,1,0,18,0,8,0,0,0,0,1,1,6,1,21,5,-1,-1,-1,3,1,3
201634NE02046,1,20,1,18,0,0,0,10,0,0,1,2,1,1,33,6,-1,-1,-1,-1,-1,-1
201634NE02046,2,9,0,18,0,0,0,0,0,0,1,1,6,1,46,8,-1,-1,-1,6,1,6
201634NE02156,1,9,0,18,0,8,0,0,0,0,4,1,6,3,-1,-1,-1,-1,-1,-1,-1,-1
201634NE02416,1,21,0,18,0,0,0,0,0,0,1,1,1,1,51,8,-1,-1,-1,-1,-1,-1
201634NE02416,2,21,1,18,0,0,0,10,0,0,3,1,1,1,47,8,12777,2,1,10,2,10
201634NE02856,1,9,0,18,0,0,0,0,0,0,1,1,1,1,58,9,1397,1,18,1,1,1
201634NE02856,2,9,0,18,0,0,0,0,0,0,2,1,1,1,-1,-1,1598,1,8,1,1,1
201634NE02856,3,9,0,18,0,0,0,0,0,0,2,1,1,1,31,6,1598,2,5,-1,-1,-1
201634NE02866,1,9,0,18,0,8,0,0,0,0,1,1,1,2,44,7,1560,2,3,-1,-1,-1
201634NE02866,2,9,0,3,0,8,0,0,0,0,2,1,6,2,31,6,1242,1,14,-1,-1,-1
201634NE02866,3,9,0,3,0,8,0,0,0,0,2,1,6,2,33,6,1598,2,2,-1,-1,-1
201634NE02966,1,9,0,18,0,0,0,10,0,0,1,1,6,1,79,11,1796,1,13,8,2,8
201634NE03076,1,9,0,18,0,8,0,0,0,0,4,1,6,3,-1,-1,-1,-1,-1,-1,-1,-1
201634NE03736,1,9,0,18,0,0,0,0,0,0,1,1,6,1,33,6,1124,1,14,4,2,4
201634NE03736,2,21,0,3,0,0,0,0,0,0,2,1,1,1,55,8,-1,-1,-1,2,1,2
201634NE03746,1,9,0,11,0,0,1,10,1,1,1,1,2,1,31,6,2198,1,13,9,2,9
201634NE04726,1,9,0,9,0,8,0,0,0,0,3,1,6,1,52,8,1248,2,8,9,1,9
201634NE04726,2,3,0,18,0,8,0,0,0,0,1,1,2,1,21,5,125,1,2,4,1,4
201634NE05546,1,11,0,18,0,8,0,0,0,0,4,1,1,1,39,7,9600,2,19,8,1,8
201634NE05676,1,4,0,18,0,8,0,10,1,7,1,1,6,1,32,6,250,1,7,9,1,9
201634NE05686,1,9,0,17,0,0,0,0,0,0,1,1,6,1,33,6,1299,1,15,7,3,7
201634NE05686,2,9,0,16,0,0,0,0,0,0,1,1,6,2,20,4,973,1,14,7,2,7
201634NE05696,1,9,0,18,0,8,0,0,0,0,1,1,6,2,22,5,1086,1,10,4,1,4
201634NE05996,1,9,0,18,0,0,0,0,0,0,1,1,6,1,28,6,2000,1,13,3,1,3
201634NE05996,2,3,0,18,0,0,0,0,0,0,0,1,6,1,47,8,-1,-1,-1,4,1,4
201634NE06126,1,9,0,16,0,0,1,0,0,0,1,1,2,1,59,9,1389,1,12,8,2,8
201634NE06126,2,19,0,17,0,0,0,0,0,0,1,1,1,1,45,7,1560,2,2,5,1,5
201634NE06196,1,19,0,18,0,0,0,12,1,10,0,1,6,1,25,5,2198,2,3,7,2,7
201634NE06256,1,9,0,18,0,0,0,0,0,0,1,1,6,2,52,8,1229,1,10,4,2,4
201634NE06296,1,3,0,18,0,8,0,0,0,0,1,1,2,1,21,5,125,1,1,8,3,8
201634NE06296,2,9,0,18,0,8,0,0,0,0,1,1,6,2,34,6,1598,2,2,6,1,6
201634NE06456,1,21,1,18,0,0,2,0,1,0,1,1,1,1,32,6,10837,2,5,10,1,10
201634NE06456,2,9,0,18,0,0,1,0,7,0,2,1,6,1,39,7,1794,1,11,10,1,10
201634NE06516,1,9,0,18,0,8,0,0,0,0,1,1,6,2,-1,-1,1968,2,7,3,3,3
201634NE06516,2,9,0,18,0,8,0,0,0,0,1,1,6,2,31,6,1398,2,8,6,2,6
201634NE06616,1,9,0,18,0,8,0,0,0,0,1,1,6,2,68,10,995,1,9,2,1,2
201634NE06666,1,9,0,9,0,8,0,0,0,0,1,1,2,2,25,5,-1,-1,-1,7,3,7
201634NE06666,2,9,0,18,0,8,0,0,0,0,1,1,6,2,40,7,1560,2,4,10,2,10
201634NE06746,1,1,0,18,0,8,0,0,0,0,1,1,6,1,17,4,-1,-1,-1,2,1,2
201634NE06746,2,9,0,9,0,8,0,0,0,0,3,1,6,2,33,6,1398,2,3,3,2,3
201634NE06866,1,8,0,9,0,8,0,0,0,0,1,1,1,1,43,7,1560,2,1,9,2,9
201634NE06866,2,5,0,18,0,8,0,0,0,0,1,1,2,1,42,7,999,1,7,3,2,3
201634NE06946,1,9,0,18,0,0,0,0,0,0,1,1,6,2,18,4,1242,1,8,9,1,9
201634NE06946,2,9,0,2,0,0,0,0,0,0,2,1,6,1,35,6,1796,1,9,4,1,4
201634NE07076,1,9,0,1,0,8,0,0,0,0,2,1,6,1,38,7,1997,2,5,6,2,6
201634NE07466,1,9,0,18,0,0,0,0,0,0,1,1,6,1,27,6,1910,2,9,6,3,6
201634NE07466,2,9,0,2,0,0,0,0,0,0,2,1,6,2,68,10,1951,2,13,9,2,9
201634NE07516,1,9,0,18,0,8,0,0,0,0,1,1,6,1,-1,-1,-1,-1,-1,-1,-1,-1
201634NE07516,2,9,4,18,0,8,0,0,0,0,2,1,2,1,26,6,-1,-1,-1,9,1,9
201634NE07606,1,9,0,16,0,0,0,0,0,0,1,1,6,1,33,6,1598,1,13,9,3,9
201634NE07606,2,9,0,17,0,0,0,0,0,0,1,1,6,2,25,5,2143,2,2,-1,-1,-1
201634NE07806,1,9,0,18,0,0,0,0,0,0,1,1,6,1,44,7,1498,1,10,4,1,4
201634NE07806,2,9,0,2,0,0,0,0,0,0,2,1,6,3,-1,-1,1398,1,-1,-1,-1,-1
201634NE07806,3,9,0,2,0,0,0,0,0,0,2,1,6,3,-1,-1,-1,-1,-1,-1,-1,-1
201634NE07816,1,9,0,17,0,0,0,10,1,4,1,1,6,1,20,4,3201,1,18,7,3,7
201634NE07856,1,19,0,9,0,8,0,0,0,0,3,1,1,1,31,6,-1,-1,-1,7,1,7
201634NE07856,2,3,0,18,0,8,0,0,0,0,1,1,6,1,17,4,125,1,1,3,1,3
201634NE07856,3,3,0,18,0,8,0,0,0,0,1,1,6,1,17,4,-1,-1,-1,-1,-1,-1
201634NE07886,1,8,0,4,0,8,0,0,0,0,4,1,6,1,-1,-1,-1,-1,-1,-1,-1,-1
201634NE07906,1,9,0,17,0,0,0,0,1,11,1,1,2,2,46,8,1997,2,12,6,2,6
201634NE07916,1,9,0,18,0,0,0,0,0,0,1,1,6,1,20,4,1364,1,9,8,1,8
201634NE07916,2,9,0,3,0,0,0,0,0,0,2,1,6,1,33,6,1461,2,5,3,3,3
201634NE07976,1,21,0,18,0,8,0,0,0,0,1,1,6,1,-1,-1,12740,2,1,-1,-1,-1
201634NE07976,2,9,0,3,0,8,0,0,0,0,2,1,2,2,41,7,1368,1,7,6,2,6
201634NE07986,1,9,0,18,0,0,0,0,0,0,1,1,6,1,27,6,1229,1,10,-1,-1,-1
201634NE07986,2,21,1,18,0,0,0,0,0,0,1,1,1,1,52,8,-1,2,1,8,1,8
201634NE08236,1,9,0,18,0,0,0,0,0,0,1,1,6,2,46,8,1968,2,7,3,3,3
201634NE08236,2,21,0,18,0,0,0,0,0,0,0,1,6,3,-1,-1,-1,-1,-1,-1,-1,-1
201634NE08286,1,19,0,9,0,8,1,0,0,0,1,1,6,1,33,6,2287,2,9,3,1,3
201634NE08366,1,9,0,18,0,8,1,10,7,0,1,1,6,1,28,6,999,1,-1,5,1,5
201634NE08406,1,9,0,16,0,0,0,0,0,0,1,1,6,3,-1,-1,-1,-1,-1,-1,-1,-1
201634NE08406,2,9,0,17,0,0,1,0,7,0,1,1,1,2,37,7,1686,2,4,2,1,2
201634NE08546,1,9,0,18,0,0,0,0,0,0,1,1,6,2,34,6,1398,1,5,6,1,6
201634NE08546,2,9,0,18,0,0,0,0,0,0,1,1,1,2,24,5,998,1,1,6,1,6
201634NE08556,1,9,0,18,0,0,0,0,0,0,1,1,6,2,45,7,1796,1,16,6,2,6
201634NE08736,1,9,0,18,0,8,2,10,0,0,1,1,6,1,24,5,1124,1,13,5,1,5
201634NE08816,1,9,0,18,0,8,0,0,0,0,2,1,6,2,65,9,1595,1,14,8,2,8
201634NE08816,2,5,0,18,0,8,0,0,0,0,3,1,6,1,48,8,-1,-1,-1,9,1,9
201634NE08916,1,9,0,9,0,8,0,0,0,0,1,1,6,2,36,7,-1,-1,-1,4,2,4
201634NE08916,2,8,0,17,0,8,0,0,0,0,1,1,1,1,37,7,2698,2,11,-1,-1,-1
201634NE09186,1,9,0,18,0,8,1,10,8,10,1,1,6,2,37,7,1248,1,5,-1,-1,-1
201634NE09186,2,9,0,9,0,8,0,0,0,0,1,1,1,2,21,5,1198,1,2,8,1,8
201634NE09186,3,9,0,2,0,8,0,0,0,0,1,1,6,3,-1,-1,998,1,1,-1,-1,-1
201634NE09346,1,9,0,13,0,0,0,0,0,0,3,1,6,1,28,6,-1,-1,-1,2,1,2
201634NE09346,2,5,0,14,0,0,5,0,0,0,4,1,6,1,55,8,1170,1,2,7,1,7
201634NE09386,1,9,0,9,0,8,0,0,0,0,1,1,6,1,80,11,1595,1,4,7,3,7
201634NE09386,2,9,0,18,0,8,0,0,7,0,2,1,6,2,18,4,1388,1,13,6,3,6
201634NE09406,1,21,0,18,0,8,0,0,0,0,1,1,1,1,59,9,5193,2,9,10,1,10
201634NE09406,2,9,0,10,0,8,0,0,0,0,2,1,6,1,65,9,1997,1,6,7,2,7