Accident_Index,Vehicle_Reference,Vehicle_Type,Towing_and_Articulation,Vehicle_Manoeuvre,Vehicle_Location-Restricted_Lane,Junction_Location,Skidding_and_Overturning,Hit_Object_in_Carriageway,Vehicle_Leaving_Carriageway,Hit_Object_off_Carriageway,1st_Point_of_Impact,Was_Vehicle_Left_Hand_Drive?,Journey_Purpose_of_Driver,Sex_of_Driver,Age_of_Driver,Age_Band_of_Driver,Engine_Capacity_(CC),Propulsion_Code,Age_of_Vehicle,Driver_IMD_Decile,Driver_Home_Area_Type,Vehicle_IMD_Decile
201634NK10106,1,9,0,7,0,8,1,0,0,0,1,1,6,1,-1,-1,1968,2,4,-1,-1,-1
201634NK10106,2,9,0,18,0,8,0,0,0,0,1,1,6,1,32,6,1796,1,9,6,1,6
201634NK10336,1,9,0,9,0,8,0,0,0,0,3,1,6,1,-1,-1,1364,1,10,-1,-1,-1
201634NK10336,2,9,0,18,0,8,0,0,0,0,1,1,2,2,44,7,1242,1,14,5,1,5
201634NK10426,1,21,1,18,0,8,0,0,0,0,1,1,1,1,49,8,-1,-1,-1,-1,-1,-1
201634NK10426,2,9,0,11,0,8,0,0,0,0,4,1,1,1,65,9,1599,1,9,3,1,3
201634NK10496,1,4,0,16,0,0,0,0,0,0,3,1,6,1,20,4,426,1,17,8,3,8
201634NK10546,1,9,0,18,0,8,1,0,1,9,1,1,2,2,19,4,1149,1,13,7,2,7
201634NK10846,1,21,0,12,0,0,0,0,0,0,3,1,6,3,-1,-1,-1,-1,-1,-1,-1,-1
201634NK10846,2,9,0,18,0,0,1,0,5,7,2,1,2,2,20,4,1242,1,9,9,1,9
201634NK10846,3,21,1,18,0,0,0,0,0,0,3,1,6,1,-1,-1,448,1,9,-1,-1,-1
201634NK10866,1,9,0,18,0,0,2,0,7,0,1,1,6,1,25,5,-1,-1,-1,6,2,6
201634NK10896,1,19,0,13,0,0,0,0,0,0,4,1,2,1,45,7,1997,2,8,7,3,7
201634NK10896,2,1,0,18,0,0,0,0,1,0,3,1,2,1,67,10,-1,-1,-1,7,3,7
201634NK10966,1,9,0,17,0,0,0,0,0,0,1,1,6,2,61,9,998,1,6,5,1,5
201634NK10966,2,9,0,3,0,0,0,0,0,0,2,1,6,2,29,6,1248,2,8,8,1,8
201634NK11136,1,9,0,17,0,0,1,0,7,0,1,1,1,1,28,6,1596,1,16,3,1,3
201634NK11236,1,9,0,9,0,8,0,0,0,0,1,1,6,1,-1,-1,1339,1,10,-1,-1,-1
201634NK11236,2,1,0,18,0,8,0,0,0,0,1,1,6,1,50,8,-1,-1,-1,6,1,6
201634NK11586,1,90,0,18,0,8,1,10,1,0,2,1,1,1,34,6,848,1,-1,4,1,4
201634NK11586,2,9,0,11,0,8,0,0,0,0,1,1,1,1,47,8,2967,2,-1,-1,-1,-1
201634NK11716,1,9,0,18,0,8,0,0,0,0,1,1,6,2,-1,-1,-1,-1,-1,-1,-1,-1
201634NK11716,2,9,0,7,0,8,0,0,0,0,2,1,6,1,30,6,1590,1,15,1,1,1
201634NK11946,1,9,0,18,0,8,2,0,0,0,1,1,6,2,18,4,1242,1,16,3,1,3
201634NK11986,1,9,0,18,0,8,0,0,1,11,1,1,6,2,23,5,1149,1,14,5,1,5
201634NK11986,2,9,0,18,0,8,0,0,0,0,1,1,6,2,63,9,998,1,-1,7,3,7
201634NK12176,1,4,0,18,0,8,0,0,0,0,2,1,6,1,-1,-1,-1,-1,-1,-1,-1,-1
201634NK12176,2,9,0,3,0,8,0,0,0,0,2,1,2,2,33,6,-1,-1,-1,5,1,5
201634NK12446,1,9,0,18,0,0,1,0,0,0,1,1,6,2,19,4,996,1,6,-1,-1,-1
201634NK13036,1,9,0,18,0,8,0,0,0,0,1,1,6,2,-1,-1,4395,1,-1,5,1,5
201634NK13036,2,9,0,3,0,8,0,0,0,0,2,1,6,1,43,7,1995,2,13,2,1,2
201634NK13066,1,9,0,9,0,8,0,0,0,0,3,1,6,3,-1,-1,1499,2,3,-1,-1,-1
201634NK13066,2,19,0,2,0,8,0,0,0,0,2,1,6,3,-1,-1,1560,2,5,-1,-1,-1
201634NK13066,3,9,0,2,0,8,0,0,0,0,1,1,6,3,-1,-1,999,1,15,-1,-1,-1
201634NK13066,4,5,0,2,0,8,0,0,0,0,2,1,6,3,-1,-1,865,1,6,-1,-1,-1
201634NK13166,1,8,0,18,0,8,0,0,0,0,1,1,6,1,-1,-1,-1,-1,-1,-1,-1,-1
201634NK13196,1,9,0,18,0,8,0,0,0,0,1,1,3,2,45,7,2143,2,-1,-1,-1,-1
201634NK13206,1,9,0,9,0,8,0,0,0,0,1,1,6,2,77,11,1999,1,9,10,2,10
201634NK13226,1,9,0,18,0,0,0,0,0,0,1,1,6,1,24,5,1398,1,1,5,2,5
201634NK13226,2,9,0,18,0,0,0,0,0,0,1,1,2,2,29,6,1598,2,3,6,2,6
201634NK13276,1,9,0,18,0,8,5,0,0,0,1,1,6,1,25,5,1390,1,5,1,1,1
201634NK13276,2,9,0,2,0,8,0,0,0,0,2,1,6,3,-1,-1,2143,2,-1,-1,-1,-1
201634NK13276,3,9,0,2,0,8,0,0,0,0,3,1,6,3,-1,-1,1598,2,2,-1,-1,-1
201634NK13286,1,9,0,18,0,8,0,0,0,0,1,1,6,1,29,6,2402,2,9,4,1,4
201634NK13286,2,19,0,9,0,8,0,0,0,0,3,1,6,2,40,7,2143,2,2,-1,-1,-1
201634NK13416,1,9,0,18,0,7,0,0,0,0,1,1,6,1,55,8,2179,2,4,6,1,6
201634NK13416,2,9,0,18,0,8,0,0,0,0,2,1,6,1,30,6,1998,2,10,1,1,1
201634NK13486,1,9,0,9,0,8,0,0,0,0,1,1,6,2,81,11,1299,1,15,3,1,3
201634NK13486,2,5,0,18,0,8,0,0,0,0,1,1,6,1,63,9,599,1,6,8,3,8
201634NK13596,1,1,0,18,0,8,0,0,0,0,1,1,6,2,50,8,-1,-1,-1,-1,-1,-1
201634NK13596,2,9,0,7,0,8,0,0,0,0,3,1,6,1,52,8,1991,2,6,8,3,8
201634NK13606,1,9,0,9,0,8,0,0,0,0,0,1,6,3,-1,-1,-1,-1,-1,-1,-1,-1
201634NK13606,2,2,0,18,0,8,1,0,0,0,0,1,2,1,18,4,49,1,2,9,1,9
201634NK13636,1,9,0,18,0,8,0,0,0,0,1,1,6,1,39,7,2402,2,5,8,2,8
201634NK13636,2,9,0,9,0,8,0,0,0,0,1,1,6,2,38,7,1968,2,8,6,1,6
201634NK13926,1,9,0,18,0,8,0,0,0,0,1,1,6,2,24,5,1587,1,12,3,1,3
201634NK13926,2,9,0,18,0,8,0,0,0,0,1,1,6,1,44,7,-1,-1,-1,10,3,10
201634NK13996,1,9,0,18,0,8,0,0,0,0,4,1,6,1,28,6,1968,2,4,-1,-1,-1
201634NK14016,1,9,0,18,0,8,0,0,0,0,1,1,6,1,-1,-1,1343,1,13,-1,-1,-1
201634NK14016,2,9,0,3,0,8,0,0,0,0,2,1,6,2,58,9,-1,-1,-1,3,1,3
201634NK14066,1,9,0,18,0,0,0,0,1,0,1,1,6,1,76,11,1753,2,11,6,2,6
201634NK14066,2,9,0,3,0,0,0,0,0,0,2,1,6,2,47,8,1598,2,5,-1,-1,-1
201634NK14066,3,19,0,18,0,0,0,0,0,0,1,1,1,1,27,6,1995,2,3,2,1,2
201634NK14226,1,19,0,17,0,0,0,0,0,0,1,1,6,3,-1,-1,-1,-1,-1,-1,-1,-1
201634NK14226,2,19,0,16,0,0,0,0,0,0,3,1,1,1,51,8,-1,-1,-1,3,1,3
201634NK14426,1,9,0,18,0,8,0,0,0,0,1,1,6,1,30,6,1596,1,5,5,1,5
201634NK14426,2,9,0,9,0,8,0,0,0,0,1,1,3,2,67,10,998,1,3,5,1,5
201634NK14436,1,9,0,18,0,8,5,0,0,0,4,1,1,1,29,6,-1,-1,-1,-1,-1,-1
201634NK14436,2,9,0,18,0,8,0,0,0,0,4,1,6,1,22,5,1364,1,12,9,1,9
201634NK14516,1,9,0,18,0,8,0,0,0,0,1,1,6,1,-1,-1,-1,-1,-1,-1,-1,-1
201634NK14516,2,9,0,7,0,8,0,0,0,0,2,1,1,1,37,7,-1,-1,-1,-1,-1,-1
201634NK14546,1,9,0,18,0,8,0,0,0,0,1,1,6,1,30,6,1995,2,8,5,1,5
201634NK14546,2,9,0,18,0,8,2,0,7,0,1,1,6,1,35,6,998,1,-1,8,2,8
201634NK14596,1,9,0,9,0,8,0,0,0,0,1,1,6,1,-1,-1,2143,2,1,-1,-1,-1
201634NK14596,2,2,0,18,0,8,0,0,0,0,1,1,6,1,16,4,49,1,-1,7,3,7
201634NK14896,1,1,0,18,0,8,0,0,0,0,1,1,6,2,39,7,-1,-1,-1,-1,-1,-1
201634NK14896,2,9,0,2,0,8,0,0,0,0,1,1,6,2,47,8,1997,1,2,1,1,1
201634NK15006,1,9,0,18,0,0,0,0,0,0,4,1,6,3,-1,-1,-1,-1,-1,-1,-1,-1
201634NK15006,2,9,0,2,0,0,0,0,0,0,3,1,6,1,-1,-1,1995,2,9,-1,-1,-1
201634NK15026,1,19,0,17,0,0,0,0,0,0,1,1,6,1,51,8,2402,2,14,2,1,2
201634NK15026,2,9,0,17,0,0,0,0,0,0,2,1,6,2,27,6,1896,2,10,6,1,6
201634NK15126,1,19,0,9,0,8,0,0,0,0,1,1,6,1,17,4,2198,2,9,6,2,6
201634NK15126,2,9,0,18,0,8,0,0,0,0,1,1,6,2,45,7,1399,2,4,5,1,5
201634NK15256,1,9,0,18,0,0,0,10,1,2,1,1,6,1,44,7,1560,2,6,1,1,1
201634NK15276,1,9,0,18,0,8,0,0,0,0,1,1,6,1,48,8,1199,1,16,6,2,6
201634NK15276,2,19,0,1,0,8,0,0,0,0,2,1,1,1,21,5,2148,2,10,-1,-1,-1
201634NK15326,1,9,0,18,0,8,0,0,0,0,1,1,6,2,19,4,1242,1,4,7,3,7
201634NK15326,2,9,0,18,0,8,0,0,0,0,1,1,6,2,19,4,1242,1,10,6,1,6
201634NK15326,3,9,0,3,0,8,0,0,0,0,2,1,6,1,39,7,2979,1,1,7,3,7
201634NK15356,1,9,0,9,0,8,0,0,0,0,3,1,2,1,18,4,1124,1,13,-1,-1,-1
201634NK15546,1,9,0,2,9,0,0,0,0,0,0,1,4,1,-1,-1,-1,-1,-1,-1,-1,-1
201634NK15566,1,9,0,18,0,1,0,0,0,0,1,1,6,1,23,5,1686,2,20,-1,-1,-1
201634NK15566,2,9,0,3,0,1,0,0,0,0,1,1,6,1,23,5,1999,1,9,-1,-1,-1
201634NK15566,3,9,0,3,0,1,0,0,0,0,0,1,6,1,-1,-1,1596,1,12,-1,-1,-1
201634NK15616,1,9,0,18,0,0,0,0,0,0,0,1,6,1,69,10,-1,-1,-1,8,2,8
201634NK15616,2,1,0,18,0,0,0,0,1,0,2,1,6,1,40,7,-1,-1,-1,9,2,9
201634NK15616,3,1,0,18,0,0,0,0,0,0,1,1,6,1,40,7,-1,-1,-1,9,2,9
201634NK15726,1,9,0,18,0,0,0,0,0,0,1,1,6,2,-1,-1,1984,1,11,-1,-1,-1
201634NK15726,2,9,0,3,0,0,0,0,0,0,0,1,2,2,42,7,1398,1,2,-1,-1,-1
201634NK80056,1,9,0,18,0,0,0,0,0,0,1,1,6,1,58,9,1997,2,1,5,1,5
201634NK80056,2,9,0,18,0,0,0,0,0,0,1,1,6,2,53,8,1318,1,-1,5,1,5
201634NK80056,3,9,0,3,0,0,0,0,0,0,1,1,1,2,47,8,-1,-1,-1,1,1,1
201634NK80116,1,5,0,18,0,0,0,0,7,0,3,1,6,1,23,5,599,1,15,-1,-1,-1
201634NK80116,2,9,0,13,0,0,0,0,0,0,0,1,6,1,59,9,1560,2,9,5,1,5
201634NK80186,1,9,0,18,0,8,1,0,0,0,1,1,6,1,31,6,3600,1,26,9,1,9
201634NK80186,2,9,0,18,0,8,0,0,0,0,3,1,6,2,86,11,1399,1,13,7,3,7
201634NK80226,1,5,0,18,0,1,0,0,1,7,0,1,6,1,43,7,1679,1,7,-1,-1,-1
201634NW00396,1,9,0,9,0,8,0,0,0,0,1,1,2,1,32,6,1956,2,1,9,1,9
201634NW00576,1,9,0,1,0,0,0,0,0,0,4,1,6,1,-1,-1,1390,1,14,-1,-1,-1
201634NW00785,1,9,0,18,0,8,0,0,0,0,1,1,6,1,38,7,1598,1,12,3,1,3
201634NW01296,1,9,0,18,0,8,0,0,0,0,1,1,6,1,30,6,1686,2,11,9,1,9
201634NW01296,2,9,0,3,0,8,0,0,0,0,2,1,2,2,21,5,998,1,7,-1,-1,-1
201634NW01296,3,17,0,18,0,8,0,0,0,0,1,1,1,1,42,7,-1,-1,-1,6,1,6
201634NW01316,1,9,0,9,0,8,0,0,0,0,1,1,6,2,32,6,1749,1,13,3,1,3
201634NW01336,1,9,0,18,0,0,0,0,0,0,1,1,1,1,37,7,1896,2,12,7,1,7
201634NW01336,2,9,0,3,0,0,0,0,0,0,2,1,6,2,31,6,1973,1,18,2,1,2
201634NW02406,1,9,0,18,0,0,0,0,0,0,1,1,6,1,79,11,1396,1,14,2,1,2
201634NW02406,2,9,0,3,0,0,0,0,0,0,2,1,1,2,56,9,1997,2,13,7,1,7
201634NW02426,1,19,0,18,0,8,0,0,0,0,1,1,1,1,26,6,2143,2,2,2,1,2
201634NW02426,2,9,0,10,0,8,0,0,0,0,2,1,2,1,58,9,-1,-1,-1,9,1,9
201634NW02436,1,9,0,18,0,8,0,0,0,0,1,1,6,3,-1,-1,-1,-1,-1,-1,-1,-1
201634NW02436,2,9,0,3,0,8,0,0,0,0,2,1,6,2,29,6,1968,2,1,1,1,1
201634NW02576,1,9,0,18,0,8,0,0,0,0,1,1,6,2,26,6,1968,2,5,2,1,2
201634NW02576,2,5,0,3,0,8,0,0,0,0,2,1,6,1,29,6,600,1,14,2,1,2
201634NW02816,1,9,0,13,0,8,0,0,0,0,1,1,6,1,-1,-1,2480,1,1,-1,-1,-1
201634NW02816,2,9,0,18,0,8,0,0,0,0,1,1,6,1,44,7,2204,2,11,4,1,4
201634NW03186,1,9,0,18,0,0,0,0,0,0,1,1,1,1,36,7,1794,1,15,2,1,2
201634NW03186,2,9,0,3,0,0,0,0,0,0,2,1,6,2,40,7,1598,1,10,9,1,9
201634NW03336,1,90,0,17,0,0,1,0,0,0,1,1,1,1,28,6,849,1,35,9,1,9
201634NW03336,2,9,0,16,0,0,0,0,0,0,1,1,6,2,57,9,2184,2,10,7,2,7
201634NW03396,1,21,1,18,0,8,0,0,0,0,3,2,1,1,45,7,-1,-1,-1,-1,-1,-1
201634NW03396,2,9,0,18,0,8,0,0,0,0,2,1,2,1,33,6,1497,1,12,1,1,1
201634NW04016,1,9,0,9,0,8,0,0,0,0,1,1,6,1,25,5,1975,1,14,4,1,4
201634NW04016,2,9,0,18,0,8,0,0,0,0,1,1,6,2,25,5,1390,1,7,4,1,4
201634NW04266,1,9,0,17,0,0,2,0,1,3,1,1,1,2,64,9,1242,1,3,8,2,8
201634NW04286,1,9,0,18,0,8,0,0,0,0,4,1,6,3,-1,-1,1798,1,14,-1,-1,-1
201634NW04436,1,9,0,18,0,0,0,0,0,0,1,1,6,2,50,8,1086,1,11,9,3,9
201634NW04436,2,9,0,3,0,0,0,0,0,0,2,1,6,1,80,11,1461,2,8,9,1,9
201634NW04436,3,19,0,10,0,0,0,0,0,0,0,1,1,1,45,7,4461,2,5,7,2,7
201634NW04456,1,9,0,18,0,0,0,0,7,0,1,1,6,1,32,6,1988,1,14,2,1,2
201634NW05556,1,5,0,17,0,0,0,10,1,9,1,1,6,1,62,9,645,1,5,-1,-1,-1
201634NW05616,1,9,0,9,0,8,0,0,0,0,1,1,6,2,45,7,1388,1,7,9,1,9
201634NW05616,2,9,0,18,0,8,0,0,0,0,1,1,3,1,53,8,1951,2,10,9,2,9
201634NW05616,3,9,0,18,0,8,0,0,1,1,1,1,2,2,17,4,1390,1,12,9,2,9
201634NW05706,1,9,0,3,0,0,0,0,0,0,2,1,6,1,33,6,1995,2,10,8,2,8
201634NW05706,2,1,0,18,0,0,0,0,0,0,1,1,6,1,38,7,-1,-1,-1,4,1,4
201634NW05736,1,9,0,18,0,8,0,0,0,0,1,1,1,2,57,9,1560,2,1,-1,-1,-1
201634NW05736,2,9,0,3,0,8,0,0,0,0,2,1,1,1,32,6,1248,1,4,2,1,2
201634NW05806,1,9,0,9,0,8,0,0,0,0,1,1,2,1,62,9,1997,2,4,6,1,6
201634NW05806,2,9,0,18,0,8,1,0,0,0,1,1,2,1,35,6,1390,1,12,-1,-1,-1
201634NW05856,1,9,0,18,0,0,0,0,0,0,1,1,6,1,-1,-1,-1,-1,-1,-1,-1,-1
201634NW05856,2,9,0,3,0,0,0,0,0,0,2,1,6,2,28,6,1956,2,2,2,1,2
201634NW06026,1,9,0,18,0,8,0,0,0,0,1,1,6,1,-1,-1,1995,1,12,-1,-1,-1
201634NW06026,2,9,0,3,0,8,0,0,0,0,2,1,6,1,38,7,1596,1,10,8,1,8
201634NW06116,1,9,0,18,0,0,0,0,0,0,1,1,6,1,47,8,1598,1,5,3,1,3
201634NW06116,2,9,0,18,0,0,0,0,7,0,1,1,2,1,19,4,1242,1,12,2,1,2
201634NW06186,1,19,0,18,0,0,0,0,0,0,3,1,6,3,-1,-1,1560,2,3,-1,-1,-1
201634NW06186,2,19,0,18,0,0,0,0,0,0,3,1,2,1,45,7,1968,2,1,6,2,6
201634NW06226,1,9,0,18,0,8,0,0,0,0,1,1,6,1,34,6,999,1,12,2,1,2
201634NW06306,1,9,0,18,0,8,1,0,7,4,1,1,6,1,25,5,1798,1,15,4,1,4
201634NW06306,2,19,0,3,0,8,0,0,0,0,0,1,2,1,26,6,1968,2,6,4,2,4
201634NW06326,1,9,0,18,0,8,0,0,0,0,1,1,6,1,22,5,1398,2,13,5,1,5
201634NW06326,2,9,0,10,0,8,0,0,0,0,2,1,6,2,34,6,1997,2,10,8,2,8
201634NW06506,1,19,0,18,0,8,0,0,0,0,1,1,6,1,-1,-1,2000,2,14,-1,-1,-1
201634NW06506,2,9,0,18,0,8,0,0,0,0,1,1,6,1,22,5,1149,1,11,2,1,2
201634NW06506,3,9,0,2,0,8,0,0,0,0,3,1,6,1,-1,-1,-1,-1,-1,-1,-1,-1
201634NW06656,1,19,0,9,0,8,0,0,0,0,1,1,1,1,64,9,1753,2,5,4,1,4
201634NW06656,2,1,0,18,0,8,0,0,0,0,1,1,6,1,43,7,-1,-1,-1,4,1,4
201634NW06706,1,9,0,18,0,8,0,0,0,0,1,1,6,1,23,5,1596,1,11,-1,-1,-1
201634NW06706,2,9,0,14,0,8,0,0,0,0,3,1,6,2,17,4,1242,1,8,10,2,10
201634NW06706,3,9,0,2,0,8,0,0,0,0,2,1,6,1,-1,-1,1598,2,-1,-1,-1,-1
201634NW06726,1,9,0,18,0,0,0,0,0,0,1,1,6,2,39,7,1896,2,12,10,2,10
201634NW06726,2,9,0,3,0,0,0,0,0,0,2,1,6,1,46,8,1798,2,6,-1,-1,-1
201634NW06826,1,1,0,18,0,8,0,0,0,0,1,1,6,1,25,5,-1,-1,-1,-1,-1,-1
201634NW06826,2,9,0,3,0,8,0,0,0,0,3,1,2,1,47,8,1997,2,4,9,3,9
201634NW06916,1,9,0,18,0,0,0,0,0,0,1,1,6,1,21,5,1896,2,14,8,3,8
201634NW06916,2,9,0,3,0,0,0,0,0,0,2,1,6,1,52,8,2143,2,6,6,1,6
201634NW06916,3,9,0,3,0,0,0,0,0,0,2,1,6,1,19,4,1242,1,10,4,1,4
201634NW06916,4,19,0,3,0,0,0,0,0,0,2,1,6,1,39,7,1248,2,3,1,1,1
201634NW06956,1,9,0,18,0,0,0,0,0,0,3,1,6,1,-1,-1,1229,1,5,-1,-1,-1
201634NW06956,2,9,0,18,0,0,0,0,0,0,3,1,6,1,32,6,1998,1,14,3,2,3
201634NW07116,1,9,0,9,0,8,0,0,0,0,1,1,6,2,-1,-1,1998,1,10,-1,-1,-1
201634NW07116,2,9,0,9,0,8,0,0,0,0,2,1,3,2,37,7,1398,2,1,1,1,1
201634NW07296,1,8,0,18,0,8,0,0,0,0,3,1,1,1,49,8,1997,2,5,-1,-1,-1
201634NW07336,1,9,0,18,0,8,0,0,0,0,1,1,6,2,27,6,1870,2,8,6,2,6
201634NW07336,2,9,0,18,0,8,0,0,0,0,4,1,6,2,30,6,3000,2,12,1,1,1
201634NW07426,1,9,0,18,0,8,0,0,0,0,3,1,6,3,-1,-1,-1,-1,-1,-1,-1,-1
201634NW07426,2,9,0,18,0,8,0,0,0,0,1,1,2,2,29,6,999,1,19,7,1,7
201634NW07426,3,9,0,18,0,8,0,0,0,0,1,1,6,2,27,6,1799,1,8,9,1,9
201634NW07426,4,9,0,18,0,8,0,0,0,0,4,1,6,1,28,6,1595,1,10,8,1,8
201634NW07426,5,9,0,18,0,8,0,0,0,0,3,1,6,2,43,7,-1,-1,-1,8,3,8
201634NW07436,1,20,1,18,0,8,0,0,0,0,1,1,1,1,49,8,-1,-1,-1,5,2,5
201634NW07436,2,9,0,10,0,8,0,0,0,0,2,1,2,2,46,8,1995,2,9,2,1,2
201634NW07536,1,9,0,9,0,8,0,0,0,0,2,1,6,1,23,5,1242,1,7,2,1,2
201634NW07536,2,3,0,18,0,8,0,0,0,0,1,1,6,1,19,4,125,1,12,4,1,4
201634NW07586,1,9,0,7,0,8,0,0,0,0,1,1,6,2,32,6,1124,1,16,2,1,2
201634NW07586,2,5,0,18,0,8,0,0,0,0,4,1,6,1,36,7,599,1,22,7,3,7
201634NW07766,1,9,0,18,0,8,0,0,0,0,1,1,1,2,34,6,3456,1,4,2,1,2
201634NW07766,2,9,0,2,0,8,0,0,0,0,2,1,6,2,-1,-1,1968,2,-1,-1,-1,-1
201634NW07876,1,9,0,9,0,8,0,0,0,0,1,1,6,2,68,10,-1,-1,-1,8,3,8
201634NW07876,2,9,0,18,0,8,0,0,0,0,1,1,2,1,62,9,2148,2,12,4,2,4
201634NW07896,1,9,0,18,0,0,0,0,0,0,1,1,6,2,22,5,1149,1,8,4,1,4
201634NW07956,1,9,0,9,0,8,0,0,0,0,3,1,6,2,45,7,1870,2,6,-1,-1,-1
201634NW07956,2,9,0,18,0,8,0,0,0,0,1,1,2,2,37,7,1248,1,4,10,1,10
201634NW08016,1,9,0,17,0,0,1,0,8,0,1,1,6,2,55,8,1598,1,13,8,2,8
201634NW08176,1,19,0,18,0,0,1,0,7,0,1,1,1,1,34,6,2400,2,14,3,1,3
201634NW08176,2,9,0,18,0,0,0,0,1,0,1,1,6,1,32,6,1560,2,7,5,1,5
201634NW08206,1,9,0,18,0,8,0,0,0,0,1,1,1,1,62,9,-1,-1,-1,9,1,9
201634NW08206,2,9,0,9,0,8,1,0,0,0,1,1,6,1,32,6,-1,-1,-1,9,1,9
201634NW08476,1,9,0,18,0,0,2,0,0,0,1,1,6,1,18,4,1299,1,13,1,1,1
201634NW08516,1,21,1,18,0,8,5,10,0,0,4,1,1,1,33,6,10677,2,1,-1,-1,-1
201634NW08516,2,9,0,3,0,8,0,0,0,0,1,1,6,2,71,10,1388,1,6,8,3,8
201634NW08706,1,9,0,13,0,8,0,0,0,0,1,1,2,1,20,4,1229,1,1,7,1,7
201634NW08706,2,9,0,12,0,8,0,0,0,0,3,1,6,2,39,7,1968,2,6,-1,-1,-1
201634NW08746,1,9,0,18,0,0,0,0,0,0,4,1,6,3,-1,-1,-1,-1,-1,-1,-1,-1
201634NW08896,1,9,0,3,0,8,0,0,1,11,1,1,6,1,20,4,1596,1,14,-1,-1,-1
201634NW08896,2,9,0,3,0,8,0,0,0,0,2,1,6,2,-1,-1,1120,2,2,-1,-1,-1
201634NW08896,3,9,0,3,0,8,0,0,0,0,1,1,1,2,-1,-1,10686,2,1,-1,-1,-1
201634NW08926,1,9,0,8,0,8,0,0,0,0,4,1,6,2,52,8,1598,1,6,-1,-1,-1
201634NW08926,2,1,0,8,0,8,0,0,0,0,4,1,6,1,12,3,-1,-1,-1,-1,-1,-1
201634NW09026,1,9,0,18,0,0,0,0,0,0,3,1,6,1,-1,-1,-1,-1,-1,-1,-1,-1
201634NW09136,1,9,0,18,0,0,0,0,0,0,1,1,6,2,54,8,1398,1,6,8,1,8
201634NW09136,2,1,0,18,0,0,0,0,0,0,1,1,6,1,11,3,-1,-1,-1,-1,-1,-1
201634NW09276,1,9,0,6,0,0,0,0,0,0,3,1,6,2,70,10,2148,2,7,10,2,10
201634NW09276,2,9,0,18,0,0,0,0,0,0,1,1,6,1,44,7,1781,1,13,2,1,2
201634NW09356,1,9,0,18,0,8,0,0,0,0,1,1,6,2,28,6,-1,-1,-1,-1,-1,-1
201634NW09356,2,9,0,18,0,8,0,0,1,1,1,1,6,1,42,7,1995,2,9,-1,-1,-1
201634NW09436,1,9,0,13,0,0,0,0,0,0,1,1,2,1,30,6,2496,2,16,2,1,2
201634NW09436,2,1,0,18,0,0,0,0,0,0,3,1,6,1,52,8,-1,-1,-1,6,1,6
201634NW09606,1,9,0,18,0,0,0,0,0,10,1,1,6,1,68,10,1679,1,18,2,1,2
201634NW09606,2,9,0,3,0,0,0,0,1,10,2,1,1,1,47,8,-1,-1,-1,3,1,3
201634NW09736,1,19,0,18,0,8,0,0,0,0,4,1,6,1,-1,-1,-1,-1,-1,-1,-1,-1
201634NW09736,2,3,0,18,0,8,1,0,0,0,1,1,2,1,17,4,124,1,18,9,1,9
201634NW10016,1,9,0,18,0,8,0,0,0,0,1,1,6,1,-1,-1,1796,1,15,-1,-1,-1
201634NW10016,2,9,0,3,0,8,0,0,0,0,2,1,6,1,52,8,-1,-1,-1,2,1,2
201634NW10036,1,9,0,17,0,0,5,0,1,0,1,1,6,2,39,7,1598,1,11,10,1,10
201634NW10046,1,9,0,18,0,8,0,0,0,0,4,1,6,1,53,8,1299,1,14,2,1,2
201634NW10046,2,1,0,18,0,8,0,0,0,0,3,1,6,2,40,7,-1,-1,-1,6,2,6
201634NW10206,1,9,0,9,0,8,0,0,0,0,1,1,2,1,56,9,1596,1,10,-1,-1,-1
201634NW10206,2,1,0,17,0,8,0,0,0,0,1,1,6,2,25,5,-1,-1,-1,-1,-1,-1
201634NW10286,1,9,0,18,0,8,0,0,0,0,1,1,1,1,25,5,1598,2,5,-1,-1,-1
201634NW10286,2,9,0,18,0,8,0,0,0,0,4,1,6,2,56,9,1461,2,11,8,2,8
201634NW10666,1,9,0,9,0,8,0,0,0,0,1,1,6,2,41,7,1596,1,13,2,1,2
201634NW10666,2,9,0,18,0,8,0,0,0,0,1,1,6,2,52,8,1498,1,6,4,1,4
201634NW10876,1,19,0,18,0,8,0,0,0,0,3,1,6,1,20,4,2198,2,1,9,1,9
201634NW11046,1,9,0,18,0,8,0,0,0,0,4,1,6,3,-1,-1,-1,-1,-1,-1,-1,-1
201634NW11046,2,9,0,18,0,7,0,0,0,0,3,1,6,1,41,7,-1,-1,-1,2,1,2
201634NW11216,1,9,0,18,0,8,0,0,0,0,1,1,6,2,-1,-1,1197,1,4,-1,-1,-1
201634NW11216,2,9,0,18,0,8,0,0,0,0,3,1,6,2,18,4,1229,1,9,5,2,5
201634NW11226,1,9,0,18,0,8,0,0,0,0,4,1,2,1,46,8,1956,2,5,8,1,8
201634NW11226,2,1,0,18,9,8,0,0,0,0,3,1,6,1,25,5,-1,-1,-1,-1,-1,-1
201634NW11356,1,9,0,18,0,0,1,0,0,0,1,1,6,2,42,7,2996,1,10,2,1,2
201634NW11356,2,9,0,3,0,0,0,0,0,0,2,1,6,2,54,8,1248,1,-1,8,2,8
201634NW11396,1,9,0,18,0,8,0,0,0,0,1,1,6,1,25,5,1896,2,14,2,1,2
201634NW11396,2,9,0,10,0,8,0,0,0,0,4,1,1,2,42,7,1560,2,5,7,2,7
201634NW11516,1,9,0,18,0,8,0,0,0,0,1,1,6,2,-1,-1,1596,1,14,-1,-1,-1
201634NW11516,2,9,0,3,0,8,0,0,0,0,2,1,1,1,30,6,1598,2,6,3,1,3
201634NW11606,1,9,0,18,0,8,0,0,0,0,1,1,6,1,-1,-1,-1,-1,-1,-1,-1,-1
201634NW11606,2,9,0,18,0,8,0,0,0,0,4,1,1,1,35,6,1910,2,8,9,1,9