Accident_Index,Vehicle_Reference,Vehicle_Type,Towing_and_Articulation,Vehicle_Manoeuvre,Vehicle_Location-Restricted_Lane,Junction_Location,Skidding_and_Overturning,Hit_Object_in_Carriageway,Vehicle_Leaving_Carriageway,Hit_Object_off_Carriageway,1st_Point_of_Impact,Was_Vehicle_Left_Hand_Drive?,Journey_Purpose_of_Driver,Sex_of_Driver,Age_of_Driver,Age_Band_of_Driver,Engine_Capacity_(CC),Propulsion_Code,Age_of_Vehicle,Driver_IMD_Decile,Driver_Home_Area_Type,Vehicle_IMD_Decile
201634NW11676,1,9,0,18,0,0,0,0,0,0,3,1,6,2,-1,-1,1560,2,6,-1,-1,-1
201634NW11676,2,9,0,18,0,0,0,0,0,0,3,1,6,2,41,7,-1,-1,-1,7,3,7
201634NW12056,1,5,0,18,0,0,0,0,1,0,1,1,6,1,32,6,-1,-1,-1,3,1,3
201634NW12056,2,9,0,2,0,0,0,0,0,0,2,1,6,1,-1,-1,1596,1,11,-1,-1,-1
201634NW12076,1,4,0,18,0,8,0,0,0,0,1,1,6,1,46,8,248,1,15,2,1,2
201634NW12076,2,9,0,10,0,8,0,0,0,0,2,1,6,1,32,6,1686,2,5,2,1,2
201634NW12156,1,9,0,18,0,8,0,0,0,0,3,1,6,3,-1,-1,-1,-1,-1,-1,-1,-1
201634NW12156,2,9,0,18,0,8,0,0,0,0,3,1,6,2,32,6,1461,2,3,6,1,6
201634NW12276,1,8,0,18,0,8,0,0,0,0,1,1,6,1,-1,-1,1686,2,5,-1,-1,-1
201634NW12276,2,1,0,18,0,8,0,0,0,0,2,1,2,1,22,5,-1,-1,-1,3,1,3
201634NW12336,1,10,0,18,0,8,0,0,0,0,4,1,1,1,74,10,-1,-1,-1,8,1,8
201634NW12436,1,9,0,7,0,8,0,0,0,0,1,1,6,2,24,5,-1,-1,-1,2,1,2
201634NW12436,2,1,0,18,0,8,0,0,0,0,1,1,6,1,23,5,-1,-1,-1,-1,-1,-1
201634NW12486,1,9,0,18,0,0,0,0,0,0,1,1,6,1,50,8,1999,1,10,-1,-1,-1
201634NW12486,2,9,0,18,0,0,0,0,0,0,2,1,6,1,27,6,1598,2,1,-1,-1,-1
201634NW12486,3,9,0,18,0,0,0,0,0,0,0,1,1,1,-1,-1,-1,-1,-1,-1,-1,-1
201634NW12576,1,9,0,18,0,0,0,0,0,0,1,1,2,1,54,8,1200,1,-1,7,1,7
201634NW12576,2,9,0,6,0,0,0,0,0,0,1,1,6,2,23,5,1229,1,3,4,1,4
201634NW12696,1,9,0,18,0,0,0,0,0,0,1,1,6,1,88,11,1560,2,4,7,1,7
201634NW12696,2,19,0,2,0,0,0,0,0,0,2,1,1,1,-1,-1,2402,2,6,-1,-1,-1
201634NW12726,1,9,0,17,0,0,1,0,0,0,1,1,6,1,33,6,2143,2,1,3,2,3
201634NW12726,2,9,0,17,0,0,5,10,1,0,2,1,6,1,49,8,1997,2,13,7,1,7
201634NW12826,1,9,0,7,0,8,0,0,0,0,0,1,6,3,-1,-1,-1,-1,-1,-1,-1,-1
201634NW12826,2,11,0,18,0,8,0,0,0,0,0,1,1,2,-1,-1,-1,-1,-1,-1,-1,-1
201634NW12846,1,9,0,18,0,0,1,0,1,10,1,1,6,3,-1,-1,1596,1,11,-1,-1,-1
201634NW12916,1,9,0,1,0,8,0,0,0,0,2,1,6,2,-1,-1,1595,1,7,3,1,3
201634NW12936,1,9,0,9,0,8,0,0,0,0,1,1,6,1,53,8,1798,1,10,3,1,3
201634NW12936,2,1,0,2,0,8,0,0,0,0,4,1,6,2,73,10,-1,-1,-1,1,1,1
201634NW12976,1,9,0,18,0,8,0,0,0,0,1,1,6,2,35,6,2088,2,18,2,1,2
201634NW12976,2,9,0,18,0,8,0,0,0,0,4,1,6,2,20,4,1499,2,3,8,3,8
201634NW13306,1,9,0,18,0,8,0,0,0,0,3,1,6,2,43,7,998,1,10,7,1,7
201634NW13346,1,9,0,9,0,8,0,0,0,0,4,1,6,1,19,4,1242,1,13,9,1,9
201634NW13346,2,9,0,18,0,8,0,0,0,0,1,1,6,2,57,9,1328,1,11,1,1,1
201634NW13396,1,9,0,9,0,8,0,0,0,0,1,1,6,1,46,8,1248,2,5,2,1,2
201634NW13396,2,1,0,18,0,8,0,0,0,0,1,1,6,1,30,6,-1,-1,-1,4,3,4
201634NW13506,1,19,0,18,0,8,0,0,0,0,1,1,1,1,22,5,2143,2,6,1,1,1
201634NW13506,2,9,0,3,0,8,0,0,0,0,2,1,6,1,59,9,1596,1,7,4,2,4
201634NW13506,3,9,0,3,0,8,0,0,0,0,2,1,6,2,42,7,1598,1,3,-1,-1,-1
201634NW13506,4,9,0,10,0,8,0,0,0,0,0,1,6,1,39,7,1248,2,5,4,1,4
201634NW13546,1,19,0,18,0,8,0,0,0,0,4,1,1,1,58,9,2198,2,8,8,2,8
201634NW13766,1,9,0,18,0,0,0,0,0,0,0,1,6,3,-1,-1,-1,-1,-1,-1,-1,-1
201634NW13766,2,11,0,18,0,0,0,0,0,0,0,1,1,1,56,9,-1,-1,-1,2,1,2
201634NW13956,1,9,0,18,0,8,0,0,0,0,1,1,6,2,64,9,1388,1,6,9,2,9
201634NW13956,2,1,0,11,0,8,0,0,0,0,4,1,6,1,57,9,-1,-1,-1,7,1,7
201634NW14236,1,9,0,7,0,8,0,0,0,0,4,1,6,2,18,4,1242,1,-1,7,3,7
201634NW14306,1,9,0,18,0,8,0,0,0,0,1,1,6,1,-1,-1,1242,1,5,-1,-1,-1
201634NW14306,2,9,0,3,0,8,0,0,0,0,2,1,6,1,25,5,1968,2,9,-1,-1,-1
201634NW14316,1,3,0,13,0,8,0,0,0,0,1,1,6,1,23,5,-1,-1,-1,-1,-1,-1
201634NW14316,2,19,0,9,0,8,0,0,0,0,3,1,1,2,58,9,-1,-1,-1,7,1,7
201634NW14466,1,9,0,10,0,8,0,0,0,0,1,1,2,1,69,10,1560,2,-1,2,1,2
201634NW14506,1,9,0,18,0,0,0,0,0,0,0,1,6,3,-1,-1,-1,-1,-1,-1,-1,-1
201634NW14506,2,9,0,18,0,0,1,0,1,0,2,1,2,2,24,5,1360,1,10,8,2,8
201634NW14526,1,9,0,18,0,0,0,0,0,0,4,1,6,2,-1,-1,-1,-1,-1,-1,-1,-1
201634NW14956,1,8,0,18,0,0,0,0,0,0,1,1,1,1,-1,-1,1686,2,4,-1,-1,-1
201634NW14956,2,9,0,18,0,0,0,0,0,0,2,1,6,3,-1,-1,-1,-1,-1,-1,-1,-1
201634NW15216,1,19,0,7,0,8,0,0,0,0,1,1,1,1,27,6,1870,2,12,-1,-1,-1
201634NW15216,2,8,0,18,0,8,0,0,0,0,1,1,1,1,62,9,998,1,5,-1,-1,-1
201634NW15476,1,9,0,18,0,0,0,0,0,0,1,1,2,1,26,6,-1,-1,-1,-1,-1,-1
201634NW15476,2,9,0,18,0,0,0,0,0,0,1,1,2,1,63,9,1798,1,9,-1,-1,-1
201634NW15496,1,10,0,10,0,5,0,0,0,0,0,1,1,1,47,8,2400,2,11,-1,-1,-1
201634NW15496,2,19,0,18,0,1,0,0,0,0,1,1,6,1,-1,-1,1870,2,13,-1,-1,-1
201634NW15576,1,9,0,18,0,0,0,0,0,0,0,1,6,1,-1,-1,-1,-1,-1,-1,-1,-1
201634NW15736,1,9,0,18,0,0,0,0,0,0,1,1,6,1,69,10,1598,1,16,-1,-1,-1
201634NW15736,2,9,0,18,0,0,0,0,0,0,1,1,6,1,44,7,2231,2,9,-1,-1,-1
201634NW15816,1,9,0,3,0,0,0,0,0,0,2,1,6,1,54,8,1499,2,-1,-1,-1,-1
201634NW15816,2,9,0,18,0,0,0,0,0,0,1,1,1,2,27,6,1396,1,14,5,1,5
201634NW15816,3,9,0,18,0,0,0,0,0,0,1,1,6,1,-1,-1,2183,2,4,-1,-1,-1
201634NW15816,4,9,0,18,0,0,0,0,0,0,1,1,6,2,-1,-1,1968,2,8,-1,-1,-1
201634NW15816,5,9,0,18,0,0,0,0,0,0,1,1,6,1,37,7,1349,1,7,2,1,2
201634NW15816,6,9,0,18,0,0,0,0,0,0,2,1,6,2,31,6,1248,1,3,5,1,5
201634NW15816,7,19,0,18,0,0,0,0,0,0,2,1,1,1,47,8,2198,2,-1,3,1,3
201634NW15816,8,9,0,18,0,0,0,0,0,0,1,1,2,1,41,7,998,1,11,4,1,4
201634NW80166,1,9,0,18,0,8,0,0,0,0,1,1,6,1,68,10,1598,1,11,8,2,8
201634NW80166,2,1,0,18,0,8,0,0,0,0,1,1,6,2,44,7,-1,-1,-1,-1,-1,-1
201634NW80256,1,9,0,18,0,0,0,0,0,0,1,1,6,1,29,6,1796,1,12,2,1,2
201634NW80256,2,19,0,18,0,0,0,0,0,0,1,1,6,1,46,8,2198,2,2,6,2,6
201634T228066,1,21,1,18,0,0,0,0,0,0,1,1,1,1,61,9,12740,2,1,6,2,6
201634T228066,2,19,0,18,0,0,0,0,1,0,2,1,1,1,36,7,-1,-1,-1,-1,-1,-1
201634T344371,1,19,0,11,0,0,0,0,0,0,1,1,1,1,21,5,1968,2,-1,10,1,10
201634T344371,2,9,0,18,0,0,0,0,4,0,2,1,6,2,63,9,1360,1,14,5,1,5
201634TM00966,1,9,0,18,0,0,0,0,0,0,1,1,6,1,52,8,1598,1,20,6,1,6
201634TM00966,2,21,0,18,0,0,0,0,0,0,1,1,1,1,62,9,12809,2,3,6,3,6
201634TM00966,3,19,0,18,0,0,0,0,0,0,1,1,1,1,54,8,-1,-1,-1,7,1,7
201634TM03006,1,19,0,18,0,8,0,0,0,0,1,1,1,1,-1,-1,2148,2,7,-1,-1,-1
201634TM03006,2,9,0,3,0,8,0,0,0,0,2,1,6,2,55,8,1686,2,3,7,1,7
201634TM03716,1,9,0,18,0,0,0,0,5,0,1,1,6,1,21,5,1598,1,10,1,1,1
201634TM03726,1,9,0,18,0,0,0,10,1,0,3,1,6,1,44,7,1560,2,6,-1,-1,-1
201634TM03726,2,19,0,11,0,0,0,10,1,0,4,1,6,3,-1,-1,2402,2,9,-1,-1,-1
201634TM04786,1,9,0,18,0,0,0,0,0,0,4,1,6,2,-1,-1,1368,1,6,-1,-1,-1
201634TM04786,2,19,0,18,0,0,0,0,0,0,3,1,6,1,57,9,1968,2,2,3,1,3
201634TM04796,1,9,0,12,0,0,0,0,0,0,3,1,6,2,49,8,2199,2,5,2,1,2
201634TM04796,2,21,0,18,0,0,0,0,0,0,3,1,6,3,-1,-1,-1,-1,-1,-1,-1,-1
201634TM04816,1,21,1,11,0,0,0,0,0,0,4,1,1,1,-1,-1,12740,2,4,6,1,6
201634TM04816,2,9,0,18,0,0,1,0,7,6,3,1,2,1,48,8,1149,1,13,9,1,9
201634WD00296,1,9,0,13,0,0,1,0,7,11,3,1,2,1,48,8,3498,1,4,3,1,3
201634WD00296,2,9,0,16,0,0,0,0,0,0,3,1,2,1,40,7,1390,1,16,-1,-1,-1
201634WD00586,1,9,0,7,0,8,0,0,0,0,1,1,6,2,72,10,1390,1,14,4,1,4
201634WD00586,2,9,0,18,0,8,0,0,0,0,1,1,6,1,51,8,-1,-1,-1,8,2,8
201634WD00936,1,19,0,18,0,0,0,0,7,0,1,1,2,1,50,8,2287,2,8,1,1,1
201634WD00936,2,19,0,18,0,0,0,0,0,0,1,1,2,1,51,8,1248,2,1,8,1,8
201634WD00936,3,9,0,18,0,0,0,0,0,0,1,1,2,1,54,8,1242,1,1,10,2,10
201634WD01466,1,9,0,18,0,0,0,0,0,0,1,1,6,3,-1,-1,2993,2,10,-1,-1,-1
201634WD01466,2,9,0,18,0,0,0,0,0,0,1,1,2,2,42,7,1796,1,9,2,1,2
201634WD01576,1,21,0,18,0,0,0,0,0,0,1,1,1,1,22,5,-1,-1,-1,6,1,6
201634WD01576,2,9,0,2,0,0,0,0,0,0,2,1,6,1,21,5,998,1,9,4,1,4
201634WD01596,1,9,0,14,0,8,0,0,0,0,1,1,6,1,-1,-1,999,1,15,-1,-1,-1
201634WD01596,2,9,0,18,0,8,0,0,0,0,1,1,6,1,45,7,1248,1,5,2,1,2
201634WD01716,1,9,4,18,0,8,0,0,0,0,3,1,6,2,-1,-1,-1,-1,-1,-1,-1,-1
201634WD01716,2,9,0,18,0,8,0,0,0,0,3,1,6,2,38,7,-1,-1,-1,2,1,2
201634WD01766,1,21,0,18,0,0,0,0,0,0,1,2,1,1,57,9,-1,-1,-1,-1,-1,-1
201634WD01766,2,9,0,4,0,0,0,0,0,0,2,1,1,1,24,5,-1,-1,-1,8,1,8
201634WD01766,3,9,0,3,0,0,0,0,0,0,2,1,1,1,38,7,1997,2,2,8,1,8
201634WD01916,1,9,0,14,0,0,0,0,0,0,3,1,6,1,-1,-1,998,1,10,-1,-1,-1
201634WD02846,1,19,0,13,0,0,0,0,1,9,1,1,6,1,60,9,1900,2,15,7,1,7
201634WD02976,1,9,0,18,0,8,0,0,0,0,1,1,6,1,-1,-1,1229,1,7,-1,-1,-1
201634WD02976,2,1,0,18,0,8,0,0,0,0,1,1,6,1,20,4,-1,-1,-1,4,1,4
201634WD02986,1,9,0,18,0,8,0,0,1,0,1,1,1,2,22,5,1242,1,2,7,1,7
201634WD02986,2,9,0,3,0,8,0,0,7,0,2,1,1,1,50,8,1242,1,19,7,1,7
201634WD03406,1,21,0,18,0,0,0,0,0,0,1,1,1,1,-1,-1,-1,-1,-1,-1,-1,-1
201634WD03406,2,21,0,18,0,0,0,0,0,0,2,1,1,1,49,8,11967,2,5,-1,1,-1
201634WD04056,1,1,0,18,0,8,0,0,0,0,4,1,6,1,38,7,-1,-1,-1,-1,-1,-1
201634WD04056,2,9,0,9,0,8,0,0,0,0,4,1,6,1,43,7,1598,2,6,9,2,9
201634WD04236,1,9,0,18,0,8,0,0,0,0,4,1,6,2,29,6,1108,1,14,9,2,9
201634WD04236,2,9,0,18,0,8,0,0,0,0,1,1,6,2,26,6,1248,1,1,9,1,9
201634WD04236,3,9,0,3,0,8,0,0,0,0,1,1,6,1,76,11,1975,1,10,-1,-1,-1
201634WD04536,1,19,0,18,0,8,1,9,1,11,1,1,1,1,44,7,-1,-1,-1,3,1,3
201634WD04746,1,21,0,18,0,0,0,0,0,0,1,1,1,1,-1,-1,12902,2,3,8,1,8
201634WD04746,2,9,0,18,0,0,0,0,0,0,1,1,6,1,46,8,1560,2,7,6,2,6
201634WD04746,3,9,0,18,0,0,0,0,0,0,2,1,6,1,42,7,2987,2,2,10,1,10
201634WD04746,4,9,0,18,0,0,0,0,0,0,2,1,6,1,42,7,2179,2,1,8,1,8
201634WD04746,5,9,0,18,0,0,0,0,0,0,1,1,1,1,45,7,1997,1,12,9,1,9
201634WD04746,6,9,0,18,0,0,0,0,0,0,2,1,6,1,37,7,2143,2,3,7,3,7
201634WD04776,1,21,1,18,0,0,0,0,0,0,2,1,1,1,61,9,10518,2,10,-1,1,-1
201634WD04776,2,21,0,18,0,0,0,0,0,0,1,1,1,1,55,8,5861,2,18,10,1,10
201634WD04776,3,21,0,18,0,0,1,0,0,0,1,1,1,1,34,6,12419,2,2,6,1,6
201634WD04976,1,21,0,9,0,8,0,0,0,0,3,2,1,1,22,5,-1,-1,-1,-1,-1,-1
201634WD04976,2,9,0,18,0,8,0,0,0,0,1,1,6,1,81,11,2495,2,19,7,3,7
201634WD05116,1,9,0,18,0,8,0,0,0,0,1,1,6,2,-1,-1,1242,1,7,-1,-1,-1
201634WD05116,2,9,0,18,0,8,0,0,0,0,4,1,6,2,41,7,998,1,7,9,1,9
201634WD05236,1,9,0,9,0,8,0,0,0,0,1,1,6,1,32,6,1396,1,14,6,2,6
201634WD05236,2,1,0,18,0,8,0,0,0,0,1,1,1,1,27,6,-1,-1,-1,-1,-1,-1
201634WD05256,1,9,0,18,0,8,0,7,1,1,1,1,6,1,73,10,1229,1,5,2,1,2
201634WD05666,1,9,0,18,0,8,0,0,0,0,1,1,2,2,32,6,1685,2,5,-1,-1,-1
201634WD05666,2,19,0,3,0,8,0,0,0,0,2,1,1,1,42,7,2198,2,1,1,1,1
201634WD05666,3,9,0,3,0,8,0,0,0,0,2,1,2,2,24,5,1596,1,15,10,2,10
201634WD05666,4,9,0,10,0,8,0,0,0,0,2,1,3,2,68,10,1360,1,10,6,2,6
201634WD05716,1,9,0,9,0,8,0,0,0,0,1,1,3,1,32,6,1229,1,5,8,1,8
201634WD05716,2,9,0,18,0,8,0,0,0,0,1,1,3,2,25,5,1998,2,13,9,1,9
201634WD05756,1,9,0,18,0,8,0,0,0,0,1,1,2,3,45,7,2179,2,1,8,1,8
201634WD05756,2,9,0,10,0,8,0,0,0,0,0,1,6,1,-1,-1,1984,1,11,-1,-1,-1
201634WD05756,3,9,0,3,0,8,0,0,0,0,2,1,6,2,26,6,1598,1,3,5,2,5
201634WD05786,1,21,1,18,0,0,0,0,0,0,1,1,1,1,65,9,12740,2,1,6,2,6
201634WD05786,2,20,0,2,0,0,0,0,0,0,2,1,1,1,60,9,6370,2,7,8,1,8
201634WD05916,1,9,0,13,0,0,0,0,0,0,4,1,6,1,-1,-1,2793,1,17,-1,-1,-1
201634WD05916,2,1,0,18,0,0,0,0,0,0,3,1,6,1,42,7,-1,-1,-1,7,3,7
201634WD06036,1,9,0,10,0,8,0,0,0,0,0,1,2,1,40,7,4163,1,8,5,2,5
201634WD06036,2,9,0,3,0,8,0,0,0,0,2,1,2,2,38,7,1560,2,5,6,1,6
201634WD06036,3,9,0,18,0,8,0,0,0,0,1,1,2,1,50,8,1582,2,9,8,3,8
201634WD06096,1,9,0,18,0,0,0,0,0,0,1,1,3,2,31,6,1229,1,11,9,1,9
201634WD06096,2,9,0,3,0,0,0,0,0,0,2,1,3,2,33,6,1968,2,3,9,1,9
201634WD06146,1,9,0,9,0,8,0,0,0,0,1,1,6,1,19,4,1242,1,12,8,2,8
201634WD06146,2,9,0,18,0,8,0,0,7,11,1,1,6,2,67,10,1242,1,8,10,1,10
201634WD06206,1,9,0,18,0,8,0,0,0,0,4,1,6,1,26,6,1398,2,5,6,1,6
201634WD06206,2,21,0,11,0,8,0,0,0,0,3,1,6,3,-1,-1,12900,2,5,-1,-1,-1
201634WD06216,1,3,0,18,0,8,1,0,0,0,1,1,6,1,20,4,125,1,4,9,3,9
201634WD06216,2,9,0,3,0,8,0,0,0,0,2,1,6,2,53,8,1997,2,14,-1,-1,-1
201634WD06246,1,8,0,18,0,0,0,0,0,0,0,1,1,1,43,7,1997,2,4,9,1,9
201634WD06316,1,9,0,18,0,8,0,0,0,0,1,1,2,1,49,8,-1,-1,-1,2,1,2
201634WD06316,2,9,0,9,0,8,0,0,0,0,3,1,2,1,47,8,1896,2,10,3,1,3
201634WD06386,1,19,0,18,0,8,0,0,0,0,1,1,2,1,21,5,1560,2,2,9,2,9
201634WD06386,2,9,0,18,0,8,0,0,0,0,1,1,2,1,54,8,1560,2,6,10,2,10
201634WD06526,1,19,0,18,0,0,0,0,0,0,1,1,1,1,64,9,6370,2,7,8,3,8
201634WD06526,2,20,1,18,0,0,0,0,0,0,2,1,1,1,37,7,-1,-1,-1,5,2,5
201634WD06536,1,9,0,18,0,0,0,0,7,4,1,1,6,1,21,5,1395,1,3,6,2,6
201634WD06596,1,9,0,17,0,8,0,0,0,0,1,1,2,2,27,6,1124,1,11,6,2,6
201634WD06596,2,19,0,16,0,8,0,0,0,0,1,1,2,1,27,6,1686,2,13,4,1,4
201634WD06776,1,9,0,18,0,8,0,0,0,11,1,1,6,1,42,7,1598,1,13,2,1,2
201634WD06776,2,9,0,18,0,8,0,0,0,0,2,1,2,1,34,6,1388,1,13,3,1,3
201634WD06806,1,9,0,18,0,0,2,0,1,0,1,1,6,1,21,5,1229,1,2,7,1,7
201634WD06836,1,9,0,18,0,0,0,0,0,0,1,1,6,2,23,5,1984,1,8,-1,-1,-1
201634WD06836,2,9,0,14,0,0,0,0,0,0,2,1,2,2,29,6,1896,2,11,5,1,5
201634WD06906,1,9,0,18,0,8,0,0,0,0,1,1,1,1,25,5,1582,2,1,5,1,5
201634WD06906,2,9,0,3,0,8,0,0,1,0,2,1,6,1,73,10,-1,-1,-1,7,1,7
201634WD06906,3,9,0,10,0,8,0,0,0,0,2,1,6,1,55,8,2993,2,1,6,3,6
201634WD06926,1,9,0,18,0,8,5,0,0,0,1,1,1,2,25,5,996,1,4,-1,-1,-1
201634WD06926,2,9,0,18,0,8,0,0,0,0,1,1,2,2,33,6,-1,-1,-1,6,1,6
201634WD06936,1,19,0,16,0,0,0,0,0,0,1,1,1,1,36,7,1753,2,3,9,3,9
201634WD06936,2,9,0,16,0,0,0,0,0,0,2,1,6,2,41,7,1598,1,7,3,1,3
201634WD06936,3,9,0,16,0,0,0,0,0,0,1,1,1,1,46,8,2982,2,4,3,1,3
201634WD06966,1,9,0,16,0,0,0,0,0,0,1,1,1,1,55,8,-1,-1,-1,10,1,10
201634WD06966,2,9,0,17,0,0,0,0,0,0,1,1,6,2,33,6,-1,-1,-1,6,2,6
201634WD07016,1,9,0,9,0,8,0,0,0,0,1,1,1,2,42,7,1998,2,10,-1,-1,-1
201634WD07016,2,9,0,18,0,8,0,0,0,0,1,1,6,2,29,6,1242,1,16,9,2,9
201634WD07046,1,9,0,18,0,8,0,0,0,0,1,1,6,2,30,6,1796,1,16,8,3,8
201634WD07046,2,9,0,3,0,8,0,0,0,0,2,1,1,1,63,9,1968,2,3,7,3,7
201634WD07226,1,9,0,18,0,8,0,0,0,0,1,1,2,1,40,7,1984,1,10,8,2,8
201634WD07226,2,9,0,3,0,8,0,0,0,0,2,1,1,1,58,9,1995,2,-1,7,1,7
201634WD07246,1,9,0,18,0,0,0,0,0,0,1,1,6,2,29,6,1598,1,14,5,1,5
201634WD07246,2,9,0,3,0,0,0,0,0,0,2,1,2,2,50,8,1598,1,2,1,1,1
201634WD07416,1,9,0,18,0,8,0,0,0,0,1,1,6,2,79,11,1360,1,16,8,1,8
201634WD07416,2,9,0,18,0,8,0,0,0,0,1,1,2,2,21,5,1598,1,9,9,1,9
201634WD07416,3,21,1,10,0,8,0,0,0,0,1,1,1,1,39,7,12900,2,8,6,3,6
201634WD07456,1,19,0,18,0,0,0,0,0,0,1,1,1,1,59,9,2143,2,3,3,1,3
201634WD07456,2,9,0,3,0,0,0,0,1,0,2,1,2,1,44,7,1753,2,13,-1,-1,-1
201634WD07476,1,5,0,18,0,8,0,0,0,0,0,1,6,1,47,8,898,1,5,7,1,7
201634WD07486,1,9,0,17,0,0,0,0,2,4,1,1,6,1,18,4,1149,1,13,9,3,9
201634WD07576,1,9,0,18,0,0,0,0,2,4,1,1,1,2,51,8,1242,1,2,9,2,9
201634WD07576,2,9,0,18,0,0,0,0,0,0,1,1,1,1,20,4,1397,1,8,10,1,10
201634WD07596,1,5,0,18,0,0,0,0,0,0,1,1,6,1,45,7,998,1,13,1,1,1
201634WD07596,2,9,0,6,0,0,0,0,0,0,2,1,1,1,48,8,1598,1,6,8,1,8
201634WD07626,1,21,0,12,0,0,0,0,0,0,3,1,6,1,28,6,-1,-1,-1,-1,-1,-1
201634WD07626,2,9,0,18,0,0,1,0,1,7,4,1,6,1,39,7,1598,2,4,5,3,5
201634WD07796,1,5,0,18,0,8,0,0,0,0,1,1,6,1,69,10,1050,1,11,9,2,9
201634WD07796,2,9,0,9,0,8,0,0,0,0,3,1,6,1,-1,-1,1587,1,15,-1,-1,-1
201634WD07836,1,9,0,18,0,8,0,0,0,0,1,1,6,1,-1,-1,1360,1,15,-1,-1,-1
201634WD07836,2,3,0,18,0,8,0,0,0,0,1,1,6,1,18,4,-1,-1,-1,-1,-1,-1
201634WD08166,1,9,0,18,0,8,0,0,7,0,1,1,6,1,39,7,2495,2,18,8,2,8
201634WD08166,2,9,0,10,0,8,0,0,7,0,2,1,6,2,34,6,2204,2,10,6,3,6
201634WD08216,1,19,0,18,0,0,1,0,7,0,1,1,6,1,28,6,2198,2,5,5,2,5
201634WD08216,2,9,0,18,0,0,0,0,0,0,2,1,2,1,36,7,1339,1,11,1,1,1
201634WD08226,1,9,0,18,0,8,0,0,0,0,1,1,6,1,29,6,1339,1,6,8,1,8
201634WD08226,2,11,0,18,0,8,0,0,0,0,4,1,1,1,47,8,4500,2,5,1,1,1
201634WD08276,1,9,0,9,0,8,0,0,0,0,1,1,1,1,37,7,1956,2,5,8,1,8
201634WD08276,2,9,0,18,0,8,0,0,0,0,1,1,1,1,31,6,1995,2,1,9,1,9
201634WD08336,1,9,0,18,0,8,0,0,0,0,1,1,6,2,18,4,-1,-1,-1,6,1,6
201634WD08336,2,9,0,3,0,8,0,0,0,0,2,1,6,1,43,7,1400,2,9,6,1,6
201634WD08396,1,9,0,18,0,0,5,0,0,0,1,1,6,1,20,4,1796,1,10,4,1,4
201634WD08396,2,21,1,18,0,0,0,0,0,0,2,1,1,1,-1,-1,10308,2,5,7,1,7
201634WD08466,1,9,0,18,0,8,0,0,1,2,1,1,6,2,24,5,1397,1,17,1,1,1
201634WD08526,1,9,0,18,0,0,0,12,1,4,0,1,6,2,33,6,1598,1,7,9,1,9
201634WD08536,1,9,0,18,0,8,0,0,0,0,1,1,6,1,78,11,995,1,11,6,2,6
201634WD08536,2,9,0,18,0,8,1,0,7,0,2,1,6,2,60,9,1396,1,14,4,1,4
201634WD08576,1,19,0,18,0,8,0,0,0,0,1,1,1,1,57,9,1560,2,2,4,1,4
201634WD08576,2,9,0,18,0,8,0,0,0,0,2,1,6,1,-1,-1,1984,1,14,-1,-1,-1
201634WD08606,1,9,0,9,0,6,0,0,0,0,4,1,6,1,34,6,2400,2,2,-1,-1,-1
201634WD08606,2,5,0,18,0,1,0,0,0,0,3,1,6,1,24,5,599,1,10,-1,-1,-1
201634WD08606,3,9,0,2,6,2,0,0,0,0,0,1,6,3,-1,-1,1396,1,12,-1,-1,-1
201634WD08686,1,19,0,16,0,0,0,0,0,0,1,1,1,2,55,8,1997,2,1,6,3,6
201634WD08686,2,8,0,17,0,0,0,0,0,0,1,1,1,1,58,9,2402,2,14,2,1,2
201634WD08726,1,19,0,18,0,8,0,0,0,0,2,1,1,1,18,4,1598,2,4,5,1,5
201634WD08726,2,9,0,18,0,8,0,0,0,0,1,1,2,1,52,8,1587,1,15,7,1,7
201634WD08836,1,9,0,18,0,0,0,0,0,0,1,1,6,1,32,6,2198,2,11,2,1,2
201634WD08836,2,9,0,18,0,0,0,0,0,0,1,1,6,1,65,9,1798,1,1,3,1,3
201634WD08836,3,9,0,18,0,0,0,0,1,9,2,1,2,2,51,8,1598,2,5,8,1,8
201634WD09176,1,9,0,18,0,8,0,0,0,0,1,1,6,1,-1,-1,1598,1,16,2,1,2
201634WD09176,2,9,0,10,0,8,0,0,0,0,2,1,1,1,28,6,1968,2,9,2,1,2
201634WD09336,1,9,0,18,0,8,0,0,0,0,1,1,6,1,52,8,1497,1,14,-1,3,-1
201634WD09336,2,3,0,18,0,8,0,0,0,0,2,1,2,1,17,4,124,1,3,7,1,7
201634WD09636,1,9,0,18,0,8,0,0,0,0,1,1,6,1,59,9,1956,2,6,8,1,8
201634WD09636,2,1,0,18,0,8,0,0,0,0,2,1,6,1,63,9,-1,-1,-1,-1,-1,-1
201634WD09646,1,19,0,13,0,0,0,0,0,0,4,1,6,1,-1,-1,-1,-1,-1,-1,-1,-1
201634WD09646,2,1,0,18,0,0,0,0,0,0,3,1,6,1,32,6,-1,-1,-1,8,3,8
201634WD09656,1,2,0,18,0,0,0,0,0,0,1,1,6,1,23,5,49,1,-1,2,1,2
201634WD09656,2,9,0,18,0,0,0,0,0,0,1,1,6,2,45,7,2198,2,4,9,2,9
201634WD09776,1,9,0,18,0,8,0,0,0,0,1,1,6,2,27,6,1390,1,9,5,1,5
201634WD09776,2,9,0,18,0,8,0,0,0,0,1,1,6,2,47,8,2996,1,9,9,2,9
201634WD09836,1,19,0,18,0,8,0,0,0,0,1,1,1,1,51,8,2402,2,12,3,1,3
201634WD09836,2,9,0,3,0,8,0,0,0,0,2,1,6,1,-1,-1,1560,2,3,-1,-1,-1