Accident_Index,Vehicle_Reference,Vehicle_Type,Towing_and_Articulation,Vehicle_Manoeuvre,Vehicle_Location-Restricted_Lane,Junction_Location,Skidding_and_Overturning,Hit_Object_in_Carriageway,Vehicle_Leaving_Carriageway,Hit_Object_off_Carriageway,1st_Point_of_Impact,Was_Vehicle_Left_Hand_Drive?,Journey_Purpose_of_Driver,Sex_of_Driver,Age_of_Driver,Age_Band_of_Driver,Engine_Capacity_(CC),Propulsion_Code,Age_of_Vehicle,Driver_IMD_Decile,Driver_Home_Area_Type,Vehicle_IMD_Decile
201634WD09876,1,9,0,9,0,8,0,0,0,0,3,1,1,1,55,8,2967,2,4,8,3,8
201634WD09876,2,4,0,18,0,8,0,0,0,0,4,1,6,1,47,8,299,1,1,-1,-1,-1
201634WD09886,1,9,0,18,0,0,0,0,0,0,3,1,6,2,-1,-1,1396,1,14,-1,-1,-1
201634WD09886,2,1,0,18,0,0,0,0,0,0,1,1,6,1,14,3,-1,-1,-1,-1,-1,-1
201634WD09916,1,9,0,18,0,0,1,0,1,10,1,1,6,1,18,4,-1,-1,-1,6,3,6
201634WD09956,1,9,0,18,0,0,0,0,0,0,3,1,6,3,-1,-1,1995,2,9,-1,-1,-1
201634WD09956,2,9,0,18,0,0,0,0,0,0,4,1,6,2,35,6,1349,1,2,10,1,10
201634WD09966,1,9,0,14,0,0,0,0,0,0,1,1,2,2,45,7,1686,2,3,8,3,8
201634WD09996,1,9,0,18,0,8,0,0,0,0,1,1,2,1,37,7,2993,2,7,9,2,9
201634WD09996,2,5,0,3,0,8,0,0,0,0,2,1,6,1,25,5,-1,-1,-1,10,1,10
201634WD09996,3,9,0,3,0,8,0,0,0,0,2,1,2,2,34,6,1596,1,13,9,1,9
201634WD10386,1,9,0,16,0,0,0,0,1,0,1,1,6,2,66,10,1599,1,10,7,1,7
201634WD10386,2,9,0,17,0,0,0,0,0,0,1,1,6,2,55,8,2143,2,2,-1,-1,-1
201634WD10616,1,19,0,18,0,0,0,0,2,0,1,1,1,1,22,5,2198,2,8,4,1,4
201634WD10616,2,9,0,18,0,0,0,0,0,0,1,1,6,2,49,8,1984,1,11,9,3,9
201634WD10616,3,9,0,18,0,0,0,0,0,0,3,1,1,1,46,8,1968,2,3,8,2,8
201634WD10706,1,9,0,17,0,0,1,0,0,0,1,1,6,1,-1,-1,1598,2,3,-1,-1,-1
201634WD10706,2,9,0,16,0,0,0,0,0,0,1,2,6,1,37,7,-1,-1,-1,-1,-1,-1
201634WD10726,1,9,0,14,0,0,0,0,0,0,1,1,6,2,69,10,1248,1,-1,9,2,9
201634WD10796,1,9,0,18,0,8,0,0,0,0,1,1,6,1,37,7,2148,2,11,5,1,5
201634WD10796,2,3,0,3,0,8,0,0,0,0,2,1,6,1,20,4,124,1,11,8,1,8
201634WD10936,1,9,0,18,0,8,0,0,0,0,1,1,6,2,24,5,2143,2,4,9,2,9
201634WD10936,2,9,0,9,0,8,0,0,0,0,1,1,6,2,67,10,1968,2,7,9,2,9
201634WD10946,1,19,0,18,0,0,0,0,0,0,1,1,1,1,37,7,1560,2,3,-1,1,-1
201634WD10946,2,19,0,3,0,0,0,0,0,0,2,1,1,1,30,6,1995,2,7,1,1,1
201634WD10976,1,21,0,18,0,8,1,0,0,0,1,1,1,1,26,6,10837,2,1,3,1,3
201634WD10976,2,9,0,3,0,8,0,0,1,9,2,1,6,1,69,10,-1,-1,-1,3,1,3
201634WD10976,3,9,0,10,0,8,0,0,0,0,2,1,6,1,59,9,2435,1,18,3,1,3
201634WD11006,1,5,0,18,0,8,1,0,0,0,3,1,6,1,29,6,883,1,5,4,1,4
201634WD11076,1,9,0,18,0,0,0,0,0,0,1,1,6,2,42,7,1395,1,2,3,1,3
201634WD11076,2,21,0,18,0,0,0,0,0,0,2,1,1,1,37,7,10837,2,-1,4,1,4
201634WD11316,1,9,0,18,0,0,0,0,0,0,1,1,1,2,59,9,1298,1,13,2,1,2
201634WD11316,2,9,0,3,0,0,0,0,0,0,2,1,1,1,47,8,-1,-1,-1,-1,-1,-1
201634WD11426,1,9,0,18,0,8,0,0,0,0,1,1,6,1,20,4,998,1,3,4,1,4
201634WD11426,2,1,0,18,0,8,0,0,0,0,4,1,6,1,30,6,-1,-1,-1,1,1,1
201634WD11546,1,21,0,12,0,0,0,0,0,0,3,1,6,1,-1,-1,-1,-1,-1,-1,-1,-1
201634WD11546,2,9,0,18,0,0,0,0,1,7,4,1,6,1,26,6,1905,2,20,9,1,9
201634WD11636,1,9,0,13,0,0,0,0,7,0,1,1,6,1,24,5,1990,1,20,9,2,9
201634WD11636,2,9,0,18,0,0,0,0,0,0,2,1,6,1,-1,-1,1997,2,1,-1,-1,-1
201634WD11636,3,9,0,2,0,0,0,0,0,0,1,1,6,1,-1,-1,1299,1,12,-1,-1,-1
201634WD11636,4,9,0,18,0,0,0,4,0,0,0,1,6,1,-1,-1,-1,-1,-1,-1,-1,-1
201634WD11656,1,3,0,18,0,8,0,0,0,0,1,1,2,2,22,5,125,1,4,9,3,9
201634WD11656,2,9,0,3,0,8,0,0,0,0,2,1,6,2,35,6,-1,3,1,6,3,6
201634WD11686,1,19,0,17,0,0,0,0,0,0,1,1,6,1,-1,-1,2402,2,12,-1,-1,-1
201634WD11686,2,9,0,16,0,0,0,0,0,0,1,1,1,1,22,5,1598,2,1,-1,-1,-1
201634WD11746,1,9,0,18,0,0,0,0,0,0,1,1,6,1,58,9,2993,2,4,-1,-1,-1
201634WD11826,1,9,0,18,0,0,0,0,0,0,1,1,6,2,18,4,1242,1,9,8,1,8
201634WD11826,2,9,0,18,0,0,0,0,0,0,2,1,6,2,28,6,1598,2,2,1,1,1
201634WD11896,1,19,0,18,0,0,0,0,0,0,2,1,6,1,36,7,2143,2,-1,9,1,9
201634WD11896,2,9,0,18,0,0,0,0,5,0,2,1,6,2,40,7,-1,-1,-1,1,1,1
201634WD11896,3,9,0,18,0,0,0,0,0,0,1,1,6,2,32,6,1968,2,4,5,1,5
201634WD11906,1,9,0,18,0,0,0,0,0,0,1,1,6,1,18,4,1242,1,10,-1,-1,-1
201634WD11906,2,9,0,2,0,0,0,0,0,0,2,1,6,1,35,6,1975,1,14,4,1,4
201634WD11936,1,9,0,18,0,0,0,0,1,4,4,1,6,1,34,6,1685,2,3,8,1,8
201634WD11976,1,9,0,18,0,0,1,0,1,9,1,1,6,2,61,9,1197,1,2,7,1,7
201634WD12026,1,9,0,9,0,8,0,0,0,0,1,1,6,1,-1,-1,-1,-1,-1,-1,-1,-1
201634WD12026,2,9,0,18,0,8,0,0,0,0,3,1,6,1,31,6,-1,-1,-1,8,1,8
201634WD12106,1,9,0,18,0,0,0,0,0,0,1,1,1,1,35,6,1598,2,2,6,1,6
201634WD12106,2,1,0,18,0,0,0,0,0,0,2,1,6,1,71,10,-1,-1,-1,3,1,3
201634WD12186,1,9,0,18,0,8,0,0,0,0,1,1,6,1,-1,-1,-1,-1,-1,-1,-1,-1
201634WD12186,2,9,0,3,0,8,0,0,0,0,2,1,6,1,71,10,1598,1,11,9,1,9
201634WD12256,1,5,0,18,0,0,1,0,0,0,1,1,1,1,42,7,998,1,9,9,2,9
201634WD12366,1,9,0,9,0,8,0,0,0,0,1,1,6,1,24,5,1596,1,13,7,1,7
201634WD12366,2,11,0,18,0,8,0,0,0,0,4,1,1,1,70,10,9200,2,5,-1,-1,-1
201634WD12376,1,21,1,6,0,8,0,0,0,0,3,1,1,1,38,7,12902,2,-1,2,1,2
201634WD12376,2,9,0,18,0,8,0,0,0,0,1,1,2,1,61,9,1598,1,15,8,1,8
201634WD12386,1,9,0,18,0,8,0,0,7,11,1,1,6,2,19,4,1368,1,-1,7,3,7
201634WD12386,2,19,0,9,0,8,0,0,0,0,1,1,1,1,53,8,2496,2,18,10,1,10
201634WD12456,1,19,0,18,0,8,0,0,0,0,0,1,6,3,-1,-1,-1,-1,-1,-1,-1,-1
201634WD12456,2,9,0,18,0,8,0,0,0,0,0,1,6,1,-1,-1,-1,-1,-1,-1,-1,-1
201634WD12456,3,1,0,18,0,8,0,0,0,0,0,1,6,1,58,9,-1,-1,-1,7,1,7
201634WD12476,1,9,0,17,0,0,5,0,8,4,1,1,6,2,69,10,998,1,-1,-1,-1,-1
201634WD12526,1,9,0,16,0,0,0,0,1,9,1,1,6,1,26,6,1781,1,17,-1,-1,-1
201634WD12546,1,9,0,18,0,8,0,0,7,11,1,1,1,1,44,7,1197,1,1,2,1,2
201634WD12546,2,9,0,18,0,8,0,0,0,0,1,1,1,1,50,8,1587,1,8,-1,-1,-1
201634WD12556,1,9,0,9,0,0,0,0,0,0,4,1,6,2,84,11,1360,1,6,6,3,6
201634WD12556,2,5,0,18,0,0,0,0,0,0,1,1,6,1,60,9,1299,1,14,10,1,10
201634WD12686,1,9,0,1,0,8,0,0,0,0,1,1,6,1,-1,-1,1396,1,11,-1,-1,-1
201634WD12686,2,9,0,18,0,8,0,0,0,0,1,1,3,2,28,6,1199,1,14,8,1,8
201634WD12706,1,9,0,7,0,8,0,0,0,0,1,1,1,1,50,8,1794,1,8,5,1,5
201634WD12706,2,9,0,9,0,8,0,0,1,0,1,1,2,1,28,6,1997,1,5,3,1,3
201634WD12786,1,9,0,18,0,0,2,0,1,9,1,1,1,2,50,8,1598,1,11,9,2,9
201634WD12806,1,9,0,18,0,8,0,0,0,0,1,1,2,1,29,6,1798,8,4,3,1,3
201634WD12806,2,19,0,9,0,8,0,0,0,0,1,1,1,1,49,8,1399,2,6,10,1,10
201634WD13076,1,9,0,18,0,8,0,0,0,0,1,1,6,2,42,7,999,1,4,8,1,8
201634WD13076,2,9,0,3,0,8,0,0,0,0,2,1,6,1,-1,-1,-1,-1,-1,-1,-1,-1
201634WD13086,1,9,0,18,0,8,1,0,1,0,3,1,2,2,24,5,998,1,1,-1,-1,-1
201634WD13086,2,9,0,18,0,8,0,0,7,0,1,1,6,2,39,7,1560,2,3,7,3,7
201634WD13356,1,19,0,18,0,8,0,0,0,0,1,1,6,1,-1,-1,1868,2,11,-1,-1,-1
201634WD13356,2,1,0,18,0,8,0,0,0,0,3,1,6,1,61,9,-1,-1,-1,10,2,10
201634WD13466,1,9,0,16,0,0,0,0,7,4,3,1,6,1,62,9,2179,2,2,8,1,8
201634WD13556,1,9,0,-1,0,8,0,0,0,0,1,1,6,2,-1,-1,1796,1,17,-1,-1,-1
201634WD13556,2,9,0,3,0,8,0,0,0,0,2,1,6,1,69,10,2993,2,5,7,1,7
201634WD13586,1,9,0,18,0,0,1,0,7,9,1,1,6,1,56,9,5000,1,26,7,1,7
201634WD13616,1,9,0,16,0,0,0,0,7,9,1,1,6,1,27,6,1560,2,8,-1,-1,-1
201634WD13666,1,9,0,18,0,0,1,0,0,0,1,1,6,1,24,5,1984,1,11,7,2,7
201634WD13666,2,9,0,3,0,0,0,0,0,0,1,1,6,1,60,9,1997,1,2,-1,-1,-1
201634WD13666,3,9,0,3,0,0,0,0,0,0,2,1,6,2,-1,-1,1498,1,1,-1,-1,-1
201634WD13836,1,9,0,16,0,8,0,0,0,0,1,1,6,1,25,5,1998,2,10,-1,-1,-1
201634WD13836,2,9,0,17,0,8,0,0,1,0,1,1,6,1,27,6,3628,2,9,-1,-1,-1
201634WD13936,1,9,0,18,0,0,0,0,0,0,2,1,6,1,-1,-1,1988,1,14,-1,-1,-1
201634WD13936,2,9,0,18,0,0,0,0,0,0,2,1,2,1,26,6,998,1,1,10,2,10
201634WD14086,1,9,0,18,0,8,0,0,1,0,1,1,6,2,72,10,-1,-1,-1,10,1,10
201634WD14086,2,9,0,18,0,8,1,0,7,0,1,1,6,1,30,6,1984,1,9,10,1,10
201634WD14106,1,9,0,18,0,0,0,0,0,0,1,1,6,1,-1,-1,-1,-1,-1,-1,-1,-1
201634WD14106,2,9,0,18,0,0,0,0,0,0,2,1,6,2,20,4,1149,1,12,8,1,8
201634WD14206,1,9,0,7,0,8,0,0,0,0,1,1,6,1,-1,-1,1753,2,14,-1,-1,-1
201634WD14206,2,1,0,18,0,8,0,0,0,0,1,1,2,1,49,8,-1,-1,-1,8,1,8
201634WD14326,1,5,0,18,0,8,2,0,0,0,4,1,6,1,75,10,-1,-1,-1,10,2,10
201634WD14326,2,9,0,18,0,8,0,0,0,0,3,1,2,1,37,7,-1,-1,-1,8,1,8
201634WD14386,1,9,0,9,0,8,0,0,0,0,1,1,6,1,-1,-1,1799,1,8,-1,-1,-1
201634WD14386,2,1,0,18,0,8,0,0,0,0,1,1,6,1,56,9,-1,-1,-1,7,2,7
201634WD14696,1,19,0,18,0,8,0,0,0,0,1,1,1,1,26,6,-1,-1,-1,5,1,5
201634WD14696,2,9,0,10,0,8,0,0,0,0,2,1,1,1,49,8,-1,-1,-1,8,3,8
201634WD14726,1,9,0,18,0,0,0,0,0,0,0,1,6,3,-1,-1,-1,-1,-1,-1,-1,-1
201634WD14726,2,19,0,18,0,0,1,0,1,0,0,1,1,1,52,8,2143,2,3,6,1,6
201634WD14736,1,9,0,18,0,8,0,0,0,0,0,1,6,1,-1,-1,-1,-1,-1,-1,-1,-1
201634WD14736,2,2,0,18,0,8,0,0,0,0,0,1,6,1,17,4,49,1,13,5,3,5
201634WD14816,1,9,0,18,0,0,0,0,0,0,1,1,6,1,22,5,1242,1,3,-1,-1,-1
201634WD14816,2,9,4,18,0,0,0,0,0,0,2,2,1,1,25,5,-1,-1,-1,-1,-1,-1
201634WD14816,3,9,0,18,0,0,0,0,0,0,1,1,2,1,30,6,1956,2,1,8,1,8
201634WD14836,1,21,1,18,0,8,0,0,0,0,4,1,1,1,31,6,12740,2,-1,-1,-1,-1
201634WD14836,2,21,0,18,0,8,1,0,0,0,1,1,1,1,52,8,4461,2,5,2,1,2
201634WD14866,1,9,0,17,0,0,0,0,7,0,1,1,6,1,36,7,1560,2,10,1,1,1
201634WD14866,2,19,0,16,0,0,0,0,0,0,1,1,1,1,43,7,1499,2,1,2,1,2
201634WD14946,1,9,0,16,0,0,1,0,0,0,1,1,6,2,31,6,1796,1,16,6,1,6
201634WD14946,2,9,0,16,0,0,1,0,0,0,3,1,6,1,84,11,1582,2,-1,8,3,8
201634WD14946,3,9,0,17,0,0,0,0,0,0,1,1,6,1,65,9,2993,2,4,2,1,2
201634WD15046,1,9,0,18,0,8,0,0,0,0,2,1,6,2,62,9,2987,2,-1,2,1,2
201634WD15046,2,21,1,18,0,8,0,0,0,0,1,1,1,1,57,9,12419,2,1,-1,-1,-1
201634WD15156,1,21,0,18,0,8,0,0,0,0,1,1,1,1,29,6,-1,-1,-1,4,1,4
201634WD15156,2,9,0,3,0,8,0,0,0,0,2,1,1,1,73,10,1598,1,14,7,1,7
201634WD15196,1,9,0,18,0,8,0,0,0,0,1,1,6,1,50,8,1348,1,8,-1,-1,-1
201634WD15236,1,5,0,18,0,8,0,0,7,0,3,1,2,1,49,8,1300,1,14,3,1,3
201634WD15386,1,9,0,1,0,0,0,0,0,0,2,1,6,2,60,9,1395,1,-1,1,1,1
201634WD15426,1,9,0,18,0,0,5,0,1,7,1,1,6,2,53,8,1242,1,7,-1,-1,-1
201634WD15446,1,19,0,18,0,0,0,0,0,0,1,1,2,1,30,6,1968,2,4,-1,-1,-1
201634WD15446,2,9,0,18,0,0,0,0,1,7,0,1,6,1,55,8,1794,1,15,-1,-1,-1
201634WD15536,1,9,0,9,0,8,0,0,0,0,1,1,6,2,20,4,1299,1,11,4,1,4
201634WD15536,2,9,0,18,0,8,0,0,0,0,0,1,6,2,22,5,1242,1,-1,-1,-1,-1
201634WD15626,1,9,0,13,0,8,0,0,0,0,4,1,6,1,-1,-1,1560,2,10,-1,-1,-1
201634WD15626,2,1,0,9,0,8,0,0,0,0,1,1,6,2,43,7,-1,-1,-1,-1,-1,-1
201634WD15636,1,9,0,18,0,0,0,0,0,0,0,1,2,1,36,7,1390,1,15,8,1,8
201634WD15766,1,19,0,13,0,8,0,0,0,0,1,1,1,1,39,7,2198,2,5,9,1,9
201634WD15766,2,9,0,18,0,8,0,0,0,0,1,1,6,1,49,8,1405,1,10,6,3,6
201634WD15776,1,21,0,18,0,8,0,0,0,0,1,1,1,1,43,7,12900,2,8,10,2,10
201634WD15776,2,9,0,18,0,8,0,0,0,0,0,1,6,1,37,7,2143,2,1,-1,-1,-1
201634WD15866,1,9,0,9,0,8,0,0,0,0,1,1,1,1,29,6,2184,2,12,-1,-1,-1
201634WD15866,2,9,0,18,0,8,0,0,7,10,1,1,1,1,35,6,2204,2,10,-1,-1,-1
201634WD80016,1,9,0,17,0,0,0,0,7,11,3,1,6,1,18,4,1596,1,9,7,1,7
201634WD80036,1,10,0,18,0,8,1,0,1,10,1,1,1,1,51,8,-1,-1,-1,3,1,3
201634WD80036,2,21,1,18,0,8,0,0,0,0,1,1,1,1,61,9,12740,2,1,5,2,5
201634WD80066,1,19,0,18,0,0,0,0,0,0,1,1,6,1,24,5,1968,2,4,6,2,6
201634WD80066,2,21,0,9,0,0,0,0,0,0,2,1,1,1,68,10,10837,2,1,2,1,2
201634WD80076,1,9,0,16,0,0,0,0,7,4,1,1,6,1,65,9,1999,1,15,7,3,7
201634WD80076,2,19,0,17,0,0,0,0,8,0,1,1,1,1,44,7,2143,2,4,2,1,2
201634WD80086,1,21,0,1,0,8,0,0,0,0,0,1,1,1,37,7,-1,-1,-1,3,1,3
201634WD80106,1,9,0,18,0,0,0,0,1,4,0,1,6,1,51,8,1587,1,15,-1,-1,-1
201634WD80136,1,9,0,14,0,8,0,0,0,0,1,1,1,2,36,7,1797,8,6,6,1,6
201634WD80146,1,9,0,18,0,0,2,0,0,0,1,1,6,1,41,7,1896,2,13,1,1,1
201634WD80146,2,21,0,1,0,0,0,0,0,0,2,1,1,1,58,9,12777,2,1,-1,2,-1
201634WD80146,3,21,0,2,0,0,0,0,0,0,2,1,1,1,32,6,-1,-1,-1,-1,-1,-1
201634WD80196,1,9,0,18,0,0,0,0,0,0,1,1,1,1,57,9,-1,-1,-1,-1,-1,-1
201634WD80216,1,9,0,9,0,8,0,0,0,0,3,1,6,2,88,11,1149,1,16,6,2,6
201634WD80216,2,21,0,18,0,8,0,0,0,0,1,1,1,1,70,10,-1,-1,-1,-1,-1,-1
201634WD80216,3,21,0,18,0,8,0,0,0,0,1,1,6,1,68,10,-1,2,11,6,3,6
201634WD80236,1,9,0,9,0,8,0,0,0,0,1,1,2,1,32,6,1597,1,8,8,2,8
201634WD80236,2,3,0,18,0,8,0,0,0,0,1,1,6,1,49,8,125,1,3,8,1,8
201634WD80286,1,9,0,18,0,0,2,0,0,0,1,1,6,1,25,5,1997,2,9,7,1,7
201634WD80286,2,9,0,18,0,0,0,0,0,0,1,1,6,2,36,7,-1,-1,-1,7,1,7
201634WD80296,1,9,0,18,0,0,0,0,0,0,1,1,6,1,62,9,1364,1,9,-1,-1,-1
201634WN00016,1,9,0,18,0,0,0,0,0,0,1,1,6,3,-1,-1,-1,-1,-1,-1,-1,-1
201634WN00016,2,9,0,2,0,0,0,0,0,0,2,1,6,3,-1,-1,2148,2,10,-1,-1,-1
201634WN00086,1,9,0,18,0,8,0,0,0,0,3,1,6,3,-1,-1,-1,-1,-1,-1,-1,-1
201634WN00126,1,9,0,10,0,8,0,0,0,0,1,1,6,1,45,7,1956,2,3,3,1,3
201634WN00126,2,9,0,7,0,8,0,0,0,0,1,1,6,3,-1,-1,-1,-1,-1,-1,-1,-1
201634WN00136,1,3,0,18,0,8,0,0,0,0,2,1,6,1,23,5,124,1,14,1,1,1
201634WN00286,1,3,0,18,0,0,0,0,0,0,3,1,2,1,32,6,125,1,1,2,1,2
201634WN00286,2,9,0,13,0,0,0,0,0,0,4,1,6,3,-1,-1,-1,-1,-1,-1,-1,-1
201634WN00306,1,9,0,7,0,8,0,0,0,0,1,1,6,1,33,6,1796,1,8,2,1,2
201634WN00306,2,1,0,7,0,8,0,0,0,0,3,1,6,2,25,5,-1,-1,-1,6,1,6
201634WN00416,1,9,0,18,0,0,0,0,0,0,0,1,6,2,31,6,1386,1,9,5,1,5
201634WN00416,2,9,0,18,0,0,0,0,0,0,0,1,6,3,-1,-1,1968,2,4,-1,-1,-1
201634WN00556,1,9,0,18,0,0,0,0,0,0,1,1,6,2,88,11,1348,1,14,9,3,9
201634WN00556,2,9,0,3,0,0,0,0,0,0,2,1,2,1,33,6,1896,2,9,8,1,8
201634WN00706,1,9,0,7,0,8,0,0,0,0,1,1,6,1,34,6,1495,1,16,-1,-1,-1
201634WN00706,2,9,0,18,0,8,0,0,0,0,1,1,6,2,35,6,998,1,12,7,1,7
201634WN00706,3,9,0,2,0,8,0,0,0,0,4,1,6,3,-1,-1,1997,2,5,-1,-1,-1
201634WN00756,1,9,0,18,0,0,0,0,0,0,1,1,6,2,-1,-1,1781,1,10,-1,-1,-1
201634WN00756,2,9,0,3,0,0,0,0,0,0,2,1,6,2,20,4,998,1,9,10,2,10
201634WN00766,1,9,0,18,0,8,0,0,0,0,2,1,6,2,25,5,1461,2,3,7,1,7
201634WN00766,2,21,0,18,0,8,0,0,0,0,1,1,1,1,32,6,-1,-1,-1,4,1,4
201634WN00776,1,9,0,18,0,8,0,0,0,0,1,1,6,1,55,8,1998,8,-1,-1,-1,-1
201634WN00986,1,9,0,16,0,8,0,0,0,0,4,1,6,1,-1,-1,1596,1,15,-1,-1,-1
201634WN00996,1,9,0,18,0,0,0,0,0,0,1,1,6,1,-1,-1,-1,-1,-1,-1,-1,-1
201634WN00996,2,9,0,3,0,0,0,0,0,0,2,1,2,2,21,5,1198,1,5,10,1,10
201634WN01146,1,9,0,11,0,7,0,0,0,0,1,1,6,2,63,9,1968,2,6,6,2,6
201634WN01146,2,8,0,18,0,8,0,0,0,0,1,1,1,1,21,5,2143,2,6,8,1,8
201634WN01146,3,9,0,18,0,8,0,0,0,0,4,1,6,2,50,8,1390,1,9,2,1,2
201634WN01146,4,9,0,3,0,8,0,0,0,0,1,1,6,2,36,7,1240,1,11,-1,-1,-1
201634WN01206,1,9,0,18,0,0,0,0,0,0,4,1,6,3,-1,-1,-1,-1,-1,-1,-1,-1
201634WN01326,1,9,0,18,0,8,0,0,2,1,1,1,6,1,26,6,1390,1,10,1,1,1
201634WN01346,1,19,0,11,0,0,1,0,0,0,1,1,1,1,31,6,1968,2,1,6,1,6
201634WN01346,2,9,0,18,0,0,0,0,0,0,2,1,6,1,-1,-1,1461,2,1,-1,-1,-1
201634WN01346,3,9,0,18,0,0,0,0,0,0,2,1,6,2,-1,-1,-1,-1,-1,-1,-1,-1
201634WN01346,4,9,0,18,0,0,0,0,0,0,3,1,1,2,-1,-1,1968,2,9,-1,-1,-1
201634WN01346,5,9,0,2,0,0,0,0,0,0,2,1,6,1,-1,-1,1389,1,16,-1,-1,-1
201634WN01606,1,9,0,18,0,0,0,0,0,0,1,1,6,2,-1,-1,-1,-1,-1,-1,-1,-1
201634WN01606,2,9,0,3,0,0,0,0,0,0,2,1,2,1,29,6,1229,1,2,8,1,8
201634WN01726,1,9,0,18,0,8,0,0,0,0,1,1,6,1,-1,-1,1998,1,6,-1,-1,-1
201634WN01726,2,9,0,18,0,8,0,0,0,0,4,1,2,1,50,8,1598,1,13,1,1,1
201634WN01736,1,8,0,18,0,0,0,0,0,0,4,1,1,1,44,7,2664,2,19,5,1,5
201634WN01736,2,9,0,18,0,0,0,0,0,0,3,1,6,1,-1,-1,-1,-1,-1,-1,-1,-1
201634WN01746,1,9,0,18,0,8,0,0,0,0,1,1,6,3,-1,-1,-1,-1,-1,-1,-1,-1
201634WN01746,2,9,0,18,0,8,0,0,0,0,3,1,1,2,27,6,1968,2,2,7,3,7
201634WN01806,1,9,0,10,0,8,0,0,0,0,1,1,1,1,48,8,875,1,2,-1,-1,-1
201634WN01816,1,9,0,18,0,8,0,0,0,0,1,1,6,1,25,5,1995,2,16,9,1,9
201634WN01816,2,9,0,3,0,8,0,0,0,0,2,1,6,2,33,6,1200,1,3,4,1,4
201634WN01846,1,9,0,18,0,8,0,0,0,0,1,1,6,1,53,8,2231,2,9,7,1,7
201634WN01846,2,9,0,9,0,8,0,0,0,0,1,1,6,1,61,9,1560,2,6,9,1,9
201634WN01926,1,9,0,9,0,8,0,0,0,0,1,1,2,2,31,6,2000,2,12,4,1,4
201634WN01926,2,5,0,18,0,8,0,0,0,0,1,1,2,1,56,9,599,1,18,5,1,5
201634WN02136,1,11,0,18,0,0,0,0,0,0,4,1,1,1,40,7,9000,2,3,1,1,1
201634WN02146,1,9,0,18,0,0,1,0,0,0,1,1,2,1,41,7,1242,1,19,1,1,1
201634WN02146,2,1,0,12,0,0,0,0,0,0,2,1,6,1,20,4,-1,-1,-1,-1,-1,-1
201634WN02316,1,9,0,18,0,0,0,0,0,0,4,1,6,2,-1,-1,-1,-1,-1,-1,-1,-1
201634WN02326,1,9,0,1,0,8,0,0,0,0,4,1,6,1,52,8,1796,1,12,2,1,2
201634WN02326,2,9,0,18,0,8,0,0,0,0,4,1,6,1,48,8,1200,1,1,2,1,2
201634WN02446,1,9,0,1,0,8,0,0,0,0,4,1,6,1,47,8,1910,2,8,7,1,7
201634WN02456,1,9,0,18,0,0,0,0,0,0,1,1,3,2,31,6,1975,1,11,1,1,1
201634WN02456,2,90,0,18,0,0,0,0,0,0,1,1,6,1,11,3,-1,-1,-1,1,1,1
201634WN02546,1,9,0,18,0,0,1,0,7,11,1,1,2,2,29,6,1388,1,13,9,3,9
201634WN02566,1,9,0,18,0,0,0,0,0,0,4,1,6,2,-1,-1,-1,-1,-1,-1,-1,-1
201634WN02586,1,9,0,16,0,0,0,0,0,0,4,1,6,1,-1,-1,-1,-1,-1,-1,-1,-1
201634WN02656,1,9,0,16,0,0,0,0,0,0,1,1,1,1,20,4,1598,1,15,4,1,4
201634WN02656,2,19,0,17,0,0,0,0,0,0,1,1,1,1,47,8,2148,2,10,-1,-1,-1
201634WN02826,1,9,0,18,0,8,0,0,0,0,1,1,6,1,78,11,1360,1,14,8,1,8
201634WN02836,1,9,0,7,0,8,0,0,0,0,2,1,3,1,33,6,1995,2,4,-1,-1,-1
201634WN02836,2,1,0,18,0,8,0,0,0,0,1,1,6,1,45,7,-1,-1,-1,2,1,2
201634WN02996,1,9,0,18,0,8,1,0,0,0,1,1,6,2,32,6,1388,1,14,1,1,1
201634WN02996,2,9,0,18,0,8,0,0,0,0,1,1,1,1,29,6,1896,2,16,6,1,6
201634WN03136,1,9,0,9,0,8,0,0,0,0,1,1,6,2,39,7,1800,1,16,3,1,3
201634WN03136,2,9,0,18,0,8,0,0,0,0,1,1,2,2,37,7,1598,2,3,10,3,10
201634WN03206,1,9,0,12,0,8,0,0,0,0,3,1,6,1,29,6,-1,-1,-1,6,1,6
201634WN03206,2,9,0,18,0,8,0,0,0,0,4,1,6,2,27,6,1968,2,12,9,3,9
201634WN03216,1,9,0,18,0,8,0,0,0,0,1,1,6,1,69,10,1197,1,-1,6,2,6
201634WN03216,2,9,0,9,0,8,0,0,0,0,1,1,6,1,25,5,-1,-1,-1,9,1,9
201634WN03246,1,9,0,7,0,8,0,0,0,0,1,1,6,1,20,4,1390,1,13,7,3,7
201634WN03246,2,5,0,18,0,8,1,0,0,0,1,1,6,1,24,5,599,1,16,1,1,1
201634WN03256,1,9,0,18,0,8,0,7,7,0,1,1,6,1,34,6,1498,1,16,9,2,9
201634WN03256,2,9,0,2,0,8,0,0,0,0,2,1,6,1,-1,-1,1596,1,14,-1,-1,-1
201634WN03256,3,9,0,2,0,8,0,0,0,0,3,1,6,1,-1,-1,1956,2,4,-1,-1,-1
201634WN03316,1,9,0,18,0,8,0,0,0,0,1,1,6,3,-1,-1,1360,1,13,9,2,9
201634WN03316,2,9,0,18,0,8,0,0,0,0,2,1,6,1,61,9,2198,2,8,9,2,9
201634WN03326,1,9,0,18,0,0,0,0,0,0,3,1,6,1,36,7,1968,2,3,8,1,8
201634WN03356,1,11,0,4,0,8,0,0,0,0,0,1,1,1,26,6,-1,2,16,1,1,1
201634WN03366,1,19,0,18,0,0,0,0,0,0,1,1,1,1,44,7,2402,2,7,1,1,1
201634WN03386,1,9,0,18,0,8,0,0,0,0,1,1,6,1,-1,-1,1689,2,17,-1,-1,-1