Accident_Index,Vehicle_Reference,Vehicle_Type,Towing_and_Articulation,Vehicle_Manoeuvre,Vehicle_Location-Restricted_Lane,Junction_Location,Skidding_and_Overturning,Hit_Object_in_Carriageway,Vehicle_Leaving_Carriageway,Hit_Object_off_Carriageway,1st_Point_of_Impact,Was_Vehicle_Left_Hand_Drive?,Journey_Purpose_of_Driver,Sex_of_Driver,Age_of_Driver,Age_Band_of_Driver,Engine_Capacity_(CC),Propulsion_Code,Age_of_Vehicle,Driver_IMD_Decile,Driver_Home_Area_Type,Vehicle_IMD_Decile
201634WN03386,2,9,0,3,0,8,0,0,0,0,2,1,2,2,44,7,2295,1,15,9,1,9
201634WN03416,1,9,0,18,0,8,0,0,0,0,1,1,6,1,21,5,1997,2,5,2,1,2
201634WN03416,2,9,0,18,0,8,0,0,0,0,4,1,6,1,43,7,1685,2,1,5,1,5
201634WN03596,1,19,0,18,0,8,0,0,0,0,4,1,6,1,-1,-1,-1,-1,-1,-1,-1,-1
201634WN03606,1,9,0,7,0,8,0,0,0,0,2,1,6,2,-1,-1,-1,-1,-1,-1,-1,-1
201634WN03606,2,1,0,18,0,8,0,0,0,0,1,1,2,1,30,6,-1,-1,-1,-1,-1,-1
201634WN03616,1,9,0,7,0,8,0,0,0,0,4,1,6,1,-1,-1,1595,1,15,-1,-1,-1
201634WN03626,1,9,0,7,0,8,0,0,0,0,1,1,6,2,-1,-1,1975,1,11,9,2,9
201634WN03626,2,9,0,18,0,8,0,0,0,0,4,1,6,2,63,9,1248,1,6,9,1,9
201634WN03646,1,9,0,7,0,8,0,0,0,0,1,1,6,2,31,6,998,1,19,3,1,3
201634WN03646,2,9,0,18,0,8,0,0,0,0,1,1,6,1,60,9,1896,2,10,-1,-1,-1
201634WN03756,1,9,0,18,0,8,0,0,0,0,1,1,6,2,75,10,1199,1,12,3,1,3
201634WN03766,1,9,0,9,0,8,0,0,0,0,1,1,6,1,20,4,1951,2,14,1,1,1
201634WN03766,2,9,0,18,0,8,0,0,0,0,1,1,6,1,35,6,1296,1,9,-1,-1,-1
201634WN03996,1,9,0,18,0,8,0,0,0,0,0,1,6,3,-1,-1,-1,-1,-1,-1,-1,-1
201634WN03996,2,11,0,18,0,8,0,0,0,0,0,1,1,1,39,7,-1,-1,-1,1,1,1
201634WN04026,1,9,0,9,0,8,0,0,0,0,1,2,6,1,30,6,-1,-1,-1,-1,-1,-1
201634WN04026,2,9,0,18,0,8,0,0,0,0,1,1,6,2,66,10,1995,1,12,8,3,8
201634WN04166,1,9,0,18,0,8,0,0,0,0,1,1,1,2,48,8,1242,1,13,1,1,1
201634WN04166,2,9,0,18,0,8,0,0,0,0,1,1,1,2,30,6,1461,2,1,3,1,3
201634WN04186,1,9,0,18,0,8,0,0,0,0,3,1,6,1,-1,-1,-1,-1,-1,-1,-1,-1
201634WN04186,2,1,0,18,0,8,0,0,0,0,1,1,2,1,25,5,-1,-1,-1,3,1,3
201634WN04226,1,9,0,12,0,8,0,0,0,0,1,1,6,2,28,6,1686,2,11,10,1,10
201634WN04226,2,9,0,18,0,8,0,0,0,0,4,1,6,1,55,8,1998,2,11,4,1,4
201634WN04446,1,9,0,18,0,0,1,0,1,1,1,1,6,2,65,9,1298,1,9,3,1,3
201634WN04446,2,9,0,3,0,0,0,0,0,1,2,1,6,1,39,7,-1,-1,-1,5,1,5
201634WN04476,1,9,0,18,0,8,0,0,0,0,1,1,3,2,51,8,1598,1,8,2,1,2
201634WN04476,2,1,0,18,0,8,0,0,0,0,1,1,6,1,42,7,-1,-1,-1,-1,-1,-1
201634WN04516,1,21,1,1,0,8,0,0,0,0,2,2,1,1,27,6,-1,-1,-1,-1,-1,-1
201634WN04516,2,9,0,3,0,8,0,0,0,0,1,1,6,2,48,8,1388,1,12,-1,-1,-1
201634WN04546,1,11,0,18,0,8,0,0,0,0,1,1,6,1,-1,-1,6700,2,6,-1,-1,-1
201634WN04706,1,9,0,18,0,8,0,0,0,0,1,1,6,1,-1,-1,1796,1,16,-1,-1,-1
201634WN04706,2,8,0,18,0,8,0,0,0,0,2,1,1,1,44,7,2402,2,13,1,1,1
201634WN04736,1,9,0,4,0,0,0,0,0,0,2,1,6,1,28,6,1197,1,6,-1,-1,-1
201634WN04736,2,9,0,18,0,0,0,0,0,0,1,1,2,2,26,6,1368,1,8,7,1,7
201634WN04806,1,9,0,18,0,8,0,0,0,0,1,1,6,3,-1,-1,1998,1,11,-1,-1,-1
201634WN04806,2,9,0,18,0,8,0,0,0,0,1,1,6,2,34,6,1360,1,6,1,1,1
201634WN04836,1,9,0,18,0,8,0,0,0,0,1,1,6,1,-1,-1,-1,-1,-1,-1,-1,-1
201634WN04956,1,9,0,11,0,8,0,0,0,0,4,1,6,1,-1,-1,1598,2,1,-1,-1,-1
201634WN04956,2,1,0,17,0,8,0,0,0,0,3,1,6,1,63,9,-1,-1,-1,5,1,5
201634WN04966,1,9,0,18,0,8,0,0,0,0,1,1,6,1,-1,-1,1390,1,10,-1,-1,-1
201634WN04966,2,3,0,18,0,8,0,0,0,0,4,1,4,2,16,4,-1,-1,-1,8,1,8
201634WN04996,1,9,0,18,0,0,0,0,0,0,4,1,6,1,58,9,1560,2,4,7,1,7
201634WN05126,1,9,0,18,0,0,0,0,0,0,4,1,6,1,-1,-1,1598,1,16,-1,-1,-1
201634WN05266,1,9,0,12,0,8,0,0,0,0,1,1,6,2,49,8,1596,1,4,9,3,9
201634WN05266,2,9,0,18,0,8,0,0,0,0,1,1,1,2,60,9,1229,1,2,8,2,8
201634WN05506,1,8,0,17,0,8,0,0,0,0,1,1,1,1,41,7,1995,2,6,5,1,5
201634WN05726,1,9,0,1,0,0,0,0,0,0,2,1,6,3,-1,-1,-1,-1,-1,-1,-1,-1
201634WN05726,2,9,0,18,0,0,0,0,0,0,1,1,1,1,30,6,1968,2,6,10,1,10
201634WN05746,1,9,0,7,0,8,0,0,0,0,2,1,6,2,25,5,1248,1,2,-1,-1,-1
201634WN05766,1,11,0,3,0,0,0,0,0,0,0,1,1,3,-1,-1,-1,-1,-1,-1,-1,-1
201634WN05866,1,11,0,18,0,0,0,0,0,0,4,1,1,1,55,8,4461,2,3,3,1,3
201634WN05876,1,9,0,3,0,8,0,0,0,0,2,1,6,1,51,8,1998,1,1,9,3,9
201634WN05876,2,8,0,18,0,8,0,0,0,0,1,1,6,2,52,8,2792,1,13,9,3,9
201634WN05906,1,9,0,18,0,0,0,0,0,0,1,1,6,1,-1,-1,1598,1,4,-1,-1,-1
201634WN05906,2,9,0,18,0,0,0,0,0,0,2,1,6,2,27,6,1968,2,6,2,1,2
201634WN05936,1,9,0,18,0,8,0,0,0,0,1,1,6,2,-1,-1,1997,1,11,-1,-1,-1
201634WN05936,2,9,0,3,0,8,0,0,0,0,2,1,2,2,48,8,1398,1,6,1,1,1
201634WN05946,1,9,0,18,0,8,0,0,0,0,4,1,6,3,-1,-1,-1,-1,-1,-1,-1,-1
201634WN05976,1,9,0,9,0,8,0,0,0,0,4,1,6,3,-1,-1,-1,-1,-1,-1,-1,-1
201634WN05976,2,1,0,18,0,8,0,0,0,0,1,1,6,1,36,7,-1,-1,-1,9,3,9
201634WN05986,1,9,0,18,0,8,0,0,0,0,1,1,6,1,-1,-1,1988,1,18,-1,-1,-1
201634WN05986,2,9,0,18,0,8,0,0,0,0,1,1,1,1,34,6,1197,1,1,5,1,5
201634WN06016,1,1,0,12,0,8,0,0,0,0,0,1,6,1,-1,-1,-1,-1,-1,-1,-1,-1
201634WN06016,2,11,0,18,0,8,0,0,0,0,0,1,1,1,52,8,6871,2,7,7,2,7
201634WN06056,1,9,0,13,0,0,0,0,0,0,0,1,6,1,-1,-1,1997,2,7,-1,-1,-1
201634WN06056,2,11,0,18,0,0,0,0,0,0,0,1,1,1,69,10,4461,2,2,-1,-1,-1
201634WN06066,1,9,0,14,0,8,0,0,0,0,3,1,6,1,28,6,1248,1,7,-1,-1,-1
201634WN06066,2,90,0,2,0,8,0,0,0,0,0,1,1,1,29,6,-1,-1,-1,-1,-1,-1
201634WN06136,1,5,0,12,0,8,0,0,0,0,1,1,6,1,22,5,471,1,1,2,1,2
201634WN06136,2,9,0,18,0,8,0,0,0,0,1,1,6,1,24,5,2698,2,8,8,1,8
201634WN06156,1,9,0,18,0,0,0,0,0,0,1,1,6,1,82,11,1685,2,-1,7,3,7
201634WN06156,2,9,0,18,0,0,0,0,0,0,1,1,6,2,29,6,1560,2,4,8,3,8
201634WN06156,3,9,0,18,0,0,0,0,0,0,1,1,2,2,44,7,1229,1,5,1,1,1
201634WN06166,1,9,0,9,0,8,0,0,0,0,1,1,6,1,40,7,1199,1,15,3,1,3
201634WN06166,2,9,0,18,0,8,0,0,0,0,1,1,3,2,41,7,1997,2,11,4,1,4
201634WN06286,1,19,0,9,0,8,0,0,0,0,1,1,2,1,62,9,2198,2,4,4,1,4
201634WN06286,2,9,0,18,0,8,0,0,0,0,1,1,2,1,54,8,1399,2,8,10,3,10
201634WN06356,1,9,0,6,0,8,0,0,0,0,1,1,6,1,24,5,1461,2,12,7,1,7
201634WN06426,1,9,0,18,0,8,0,0,0,0,4,1,2,1,81,11,2143,2,2,8,2,8
201634WN06436,1,9,0,5,0,0,0,0,0,0,1,1,6,1,-1,-1,2000,2,12,-1,-1,-1
201634WN06436,2,9,0,18,0,0,0,0,0,0,3,1,3,2,29,6,1299,1,13,3,1,3
201634WN06466,1,9,0,18,0,8,0,0,0,0,1,1,6,1,29,6,1796,1,7,1,1,1
201634WN06476,1,9,0,1,0,0,0,0,0,0,3,1,6,2,51,8,998,1,2,-1,-1,-1
201634WN06496,1,9,0,9,0,8,0,0,0,0,3,1,6,2,34,6,1364,1,9,2,1,2
201634WN06546,1,1,0,18,0,0,0,0,0,0,4,1,6,1,22,5,-1,-1,-1,10,1,10
201634WN06546,2,9,0,2,0,0,0,0,0,0,3,1,6,2,74,10,1242,1,6,7,3,7
201634WN06586,1,9,0,1,0,0,0,0,0,0,2,1,6,1,-1,-1,1598,1,1,-1,-1,-1
201634WN06626,1,9,0,18,0,8,0,0,0,0,1,1,6,2,-1,-1,998,1,9,-1,-1,-1
201634WN06626,2,9,0,9,0,8,0,0,0,0,1,1,2,2,29,6,-1,-1,-1,2,1,2
201634WN06636,1,9,0,11,0,8,0,0,0,0,1,1,6,1,24,5,2171,1,15,4,1,4
201634WN06636,2,9,0,3,0,8,0,0,0,0,2,1,2,1,24,5,1896,2,16,3,1,3
201634WN06636,3,9,0,3,0,8,0,0,0,0,2,1,6,1,31,6,1199,2,4,1,1,1
201634WN06636,4,9,0,3,0,8,0,0,0,0,2,1,6,2,56,9,998,1,1,8,1,8
201634WN06696,1,9,0,18,0,8,0,10,1,4,1,1,6,1,22,5,1598,1,4,2,1,2
201634WN06766,1,9,0,7,0,8,0,10,0,1,1,1,6,1,32,6,2143,2,1,2,1,2
201634WN06816,1,9,0,18,0,0,0,0,0,0,1,1,6,2,-1,-1,1997,1,12,-1,-1,-1
201634WN06816,2,9,0,18,0,0,0,0,0,0,2,1,6,2,46,8,1997,2,14,8,1,8
201634WN06846,1,9,0,18,0,8,0,0,0,0,4,1,6,2,28,6,1360,1,10,4,1,4
201634WN06876,1,9,0,9,0,8,0,0,0,0,1,1,6,1,-1,-1,1997,2,13,-1,-1,-1
201634WN06876,2,9,0,18,0,8,0,0,0,0,1,1,6,2,32,6,1390,1,15,5,1,5
201634WN06886,1,19,0,18,0,8,0,0,0,0,3,1,6,1,-1,-1,-1,-1,-1,-1,-1,-1
201634WN06886,2,9,0,18,0,8,0,10,0,0,4,1,2,1,21,5,1124,1,14,5,1,5
201634WN06896,1,9,0,18,0,8,0,0,0,0,1,1,6,1,21,5,1900,2,12,2,1,2
201634WN06896,2,9,0,9,0,8,0,0,0,0,3,1,6,1,50,8,1364,1,9,2,1,2
201634WN06986,1,9,0,18,0,0,0,0,0,0,3,1,6,2,49,8,1598,1,13,4,1,4
201634WN06996,1,9,0,9,0,8,0,0,0,0,1,1,6,1,-1,-1,1995,2,5,-1,-1,-1
201634WN06996,2,9,0,18,0,8,0,0,0,0,1,1,6,2,71,10,796,1,9,1,1,1
201634WN07006,1,19,0,9,0,8,0,0,0,0,3,1,6,1,52,8,1598,2,4,-1,-1,-1
201634WN07006,2,9,0,18,0,8,1,7,7,9,1,1,6,2,25,5,1598,1,10,5,1,5
201634WN07026,1,11,0,18,0,0,0,0,0,0,1,1,1,1,31,6,4461,2,2,-1,-1,-1
201634WN07026,2,9,0,11,0,0,0,0,0,0,2,1,6,1,33,6,1229,1,4,-1,-1,-1
201634WN07026,3,9,0,18,0,0,0,0,0,0,2,1,2,2,60,9,1061,1,13,-1,-1,-1
201634WN07036,1,9,0,18,0,0,5,10,1,11,1,1,6,2,36,7,1689,2,16,1,1,1
201634WN07056,1,9,0,18,0,8,0,0,0,0,1,1,4,2,35,6,1399,2,6,6,1,6
201634WN07056,2,21,0,18,0,8,0,0,0,0,2,1,1,1,47,8,12740,2,3,3,3,3
201634WN07066,1,9,0,18,0,8,0,0,0,0,1,1,6,1,33,6,1995,2,1,8,2,8
201634WN07066,2,9,0,9,0,8,0,0,0,0,1,1,1,1,30,6,-1,-1,-1,6,1,6
201634WN07086,1,8,0,18,0,8,0,0,0,0,1,1,1,1,69,10,2664,2,18,-1,-1,-1
201634WN07086,2,9,0,18,0,8,0,0,0,0,2,1,6,2,25,5,1329,1,1,3,1,3
201634WN07126,1,9,0,18,0,8,0,7,7,1,1,1,1,1,21,5,993,1,14,8,1,8
201634WN07136,1,9,0,18,0,0,0,0,0,0,1,1,1,1,53,8,2179,2,3,10,1,10
201634WN07136,2,9,0,3,0,0,0,0,0,0,2,1,6,1,24,5,-1,-1,-1,1,1,1
201634WN07146,1,9,0,7,0,8,0,0,0,0,1,1,2,1,27,6,1968,2,10,8,1,8
201634WN07146,2,9,0,18,0,8,0,0,0,0,1,1,6,2,48,8,1398,1,3,-1,-1,-1
201634WN07156,1,19,0,18,0,0,0,0,0,0,1,1,6,1,65,9,1248,2,1,-1,-1,-1
201634WN07156,2,9,0,5,0,0,0,0,0,0,1,1,6,2,29,6,1870,2,12,2,1,2
201634WN07166,1,4,0,18,0,8,0,0,0,0,1,1,6,1,24,5,-1,-1,-1,7,1,7
201634WN07166,2,9,0,2,0,8,0,0,0,0,2,1,6,1,30,6,1323,1,14,1,1,1
201634WN07176,1,9,0,18,0,8,0,0,0,0,1,1,1,1,34,6,1598,1,14,2,1,2
201634WN07176,2,9,0,3,0,8,0,0,0,0,2,1,2,2,19,4,999,1,1,9,1,9
201634WN07176,3,9,0,10,0,8,0,0,0,0,2,1,6,2,33,6,1390,1,15,2,1,2
201634WN07206,1,19,0,18,0,8,0,0,0,0,1,1,6,1,-1,-1,-1,-1,-1,-1,-1,-1
201634WN07206,2,9,0,18,0,8,0,0,0,0,4,1,6,2,36,7,1598,1,12,4,1,4
201634WN07236,1,9,0,9,0,8,0,0,0,0,1,2,1,2,45,7,-1,-1,-1,5,1,5
201634WN07236,2,1,0,18,0,8,0,0,0,0,3,1,1,2,50,8,-1,-1,-1,9,1,9
201634WN07276,1,9,0,18,0,0,0,0,0,0,1,1,2,2,29,6,1242,1,4,9,1,9
201634WN07276,2,9,0,10,0,0,0,0,0,0,2,1,2,2,45,7,1242,1,10,8,1,8
201634WN07286,1,21,1,12,0,0,1,0,1,0,3,2,6,1,42,7,-1,-1,-1,-1,-1,-1
201634WN07286,2,9,0,18,0,0,1,0,0,0,4,1,6,2,26,6,1998,1,9,1,1,1
201634WN07316,1,3,0,18,0,8,0,0,0,0,1,1,1,2,37,7,-1,-1,-1,2,1,2
201634WN07346,1,9,0,18,0,8,0,0,0,0,1,1,6,2,37,7,-1,-1,-1,2,1,2
201634WN07346,2,9,0,3,0,8,0,0,0,0,2,1,6,1,48,8,1200,1,-1,1,1,1
201634WN07356,1,9,0,18,0,0,0,0,0,0,1,1,6,1,49,8,1587,1,11,1,1,1
201634WN07356,2,5,0,18,0,0,0,0,0,0,3,1,6,1,34,6,592,1,22,4,1,4
201634WN07386,1,9,0,6,0,0,0,0,0,0,3,1,6,1,72,10,2184,2,-1,7,1,7
201634WN07386,2,9,0,18,0,0,0,0,0,0,1,1,2,2,50,8,1995,2,10,10,1,10
201634WN07446,1,9,0,11,0,8,0,0,0,0,3,1,6,2,28,6,1587,1,17,4,1,4
201634WN07506,1,9,0,9,0,8,0,0,0,0,3,1,3,1,35,6,1598,1,10,7,1,7
201634WN07506,2,2,0,18,0,8,0,0,0,0,1,1,6,1,16,4,49,1,1,6,1,6
201634WN07526,1,9,0,8,0,8,0,0,0,0,4,1,6,1,53,8,2148,2,9,3,1,3
201634WN07526,2,1,0,18,0,8,0,0,0,0,1,1,2,1,25,5,-1,-1,-1,3,1,3
201634WN07566,1,19,0,18,0,8,0,0,0,0,4,1,6,3,-1,-1,-1,-1,-1,-1,-1,-1
201634WN07616,1,9,0,18,0,8,0,0,0,0,4,1,6,2,79,11,1242,1,4,8,3,8
201634WN07616,2,1,0,18,0,8,0,0,0,0,3,1,6,2,8,2,-1,-1,-1,3,1,3
201634WN07636,1,19,0,2,0,0,0,0,0,0,4,1,6,1,-1,-1,1796,7,12,-1,-1,-1
201634WN07636,2,1,0,18,0,0,0,0,0,0,3,1,2,2,31,6,-1,-1,-1,5,1,5
201634WN07646,1,9,0,18,0,0,0,0,0,0,3,1,1,2,60,9,1461,2,1,3,1,3
201634WN07656,1,97,0,18,0,8,0,0,0,0,4,1,6,2,-1,-1,-1,-1,-1,-1,-1,-1
201634WN07666,1,9,0,18,0,8,0,0,0,0,1,1,6,1,-1,-1,1599,1,15,3,1,3
201634WN07666,2,9,0,10,0,8,0,0,0,0,2,1,2,2,23,5,1998,1,11,8,1,8
201634WN07696,1,5,0,18,0,8,0,0,0,0,1,1,6,1,49,8,1151,1,8,6,1,6
201634WN07696,2,9,0,2,0,8,0,0,0,0,3,1,6,3,-1,-1,998,1,13,-1,-1,-1
201634WN07746,1,19,0,18,0,8,0,0,0,0,4,1,6,1,54,8,1753,2,7,10,1,10
201634WN07746,2,9,0,18,0,8,0,0,0,0,1,1,6,2,-1,-1,2143,2,2,9,3,9
201634WN07786,1,9,0,17,0,8,0,0,1,11,1,1,6,1,21,5,1598,1,13,8,3,8
201634WN07866,1,3,0,13,0,8,0,0,0,0,2,1,6,1,25,5,-1,-1,-1,1,1,1
201634WN07866,2,9,0,9,0,8,0,0,0,0,1,1,6,2,31,6,1995,2,10,2,1,2
201634WN08036,1,9,0,16,0,8,0,10,7,11,1,1,6,1,67,10,1991,2,9,8,1,8
201634WN08046,1,9,0,9,0,8,0,0,0,0,1,1,6,1,83,11,3000,1,15,9,1,9
201634WN08046,2,9,0,18,0,8,1,0,0,0,1,1,6,1,38,7,1988,1,15,8,1,8
201634WN08096,1,9,0,18,0,8,1,0,7,11,1,1,1,1,30,6,1598,2,-1,-1,-1,-1
201634WN08096,2,9,0,9,0,8,0,0,0,0,1,1,6,1,42,7,1597,2,1,10,3,10
201634WN08106,1,90,0,9,0,8,0,0,0,0,3,1,6,1,-1,-1,-1,-1,-1,-1,-1,-1
201634WN08106,2,8,0,18,0,8,0,0,0,0,1,1,1,1,46,8,1497,8,9,8,1,8
201634WN08116,1,9,0,18,0,8,0,0,0,0,1,1,6,3,-1,-1,1997,1,9,-1,-1,-1
201634WN08116,2,9,0,18,0,8,0,0,0,0,3,1,3,2,34,6,1798,1,12,6,1,6
201634WN08136,1,9,0,12,0,0,0,0,0,0,3,1,6,1,-1,-1,-1,-1,-1,-1,-1,-1
201634WN08136,2,9,0,18,0,0,0,0,0,0,4,1,1,1,32,6,1364,2,2,3,1,3
201634WN08186,1,9,0,14,0,0,0,0,0,0,3,1,6,1,-1,-1,1242,1,2,-1,-1,-1
201634WN08186,2,9,0,18,0,0,0,0,0,0,4,1,3,2,60,9,1299,1,10,9,3,9
201634WN08256,1,9,0,18,0,0,0,0,0,0,1,1,6,3,-1,-1,-1,-1,-1,-1,-1,-1
201634WN08256,2,1,0,18,0,0,0,0,0,0,1,1,6,1,24,5,-1,-1,-1,1,1,1
201634WN08316,1,9,0,18,0,8,0,0,0,0,1,1,3,2,43,7,1598,1,7,8,1,8
201634WN08316,2,1,0,18,9,8,0,0,0,0,1,1,4,2,12,3,-1,-1,-1,2,1,2
201634WN08356,1,9,0,1,0,8,0,0,0,0,4,1,6,2,44,7,1328,1,12,9,1,9
201634WN08416,1,9,0,18,0,8,0,0,0,0,1,1,6,1,24,5,1781,1,15,-1,-1,-1
201634WN08416,2,9,0,18,0,8,0,0,0,0,1,1,6,2,49,8,1896,2,14,5,1,5
201634WN08426,1,11,0,18,0,8,0,0,0,0,4,1,1,1,38,7,6871,2,7,2,1,2
201634WN08456,1,9,0,18,0,0,0,0,0,0,3,1,6,1,-1,-1,1390,1,7,-1,-1,-1
201634WN08496,1,9,0,14,0,8,0,0,0,0,1,1,6,1,24,5,1798,1,13,-1,-1,-1
201634WN08506,1,9,0,9,0,8,0,0,0,0,1,1,6,2,31,6,1997,2,7,-1,-1,-1
201634WN08506,2,9,0,18,0,8,0,0,0,0,1,1,1,2,53,8,1598,1,4,9,1,9
201634WN08596,1,9,0,9,0,8,1,0,0,0,1,1,1,2,47,8,2494,2,1,2,1,2
201634WN08596,2,9,0,9,0,8,0,0,0,0,1,1,1,2,73,10,1596,1,4,6,1,6
201634WN08656,1,9,0,18,0,8,1,0,0,0,1,1,6,1,59,9,1108,1,7,5,1,5
201634WN08656,2,9,0,9,0,8,0,0,0,0,1,1,6,1,22,5,1596,1,10,5,1,5
201634WN08666,1,9,0,9,0,8,0,0,0,0,1,1,2,1,25,5,1956,2,3,7,1,7
201634WN08666,2,9,0,18,0,8,0,0,0,0,1,1,6,1,24,5,2204,2,11,1,1,1
201634WN08696,1,9,0,18,0,0,1,10,2,0,3,1,6,1,46,8,-1,-1,-1,3,1,3
201634WN08696,2,9,0,18,0,0,0,0,0,0,1,1,2,1,58,9,1995,2,3,10,1,10
201634WN08766,1,9,0,7,0,8,0,0,0,0,1,1,6,1,22,5,1995,2,11,1,1,1
201634WN08766,2,1,0,18,0,8,0,0,0,0,1,1,6,1,25,5,-1,-1,-1,-1,-1,-1
201634WN08826,1,9,0,9,0,8,0,0,0,0,1,1,6,2,25,5,1840,1,17,6,2,6
201634WN08826,2,9,0,18,0,8,0,0,0,0,1,1,6,1,69,10,1397,1,4,9,2,9
201634WN08826,3,9,0,18,0,8,0,0,0,0,1,1,1,1,52,8,1242,1,3,7,1,7
201634WN08946,1,3,0,18,0,0,0,0,0,0,1,1,6,1,18,4,124,1,1,1,1,1
201634WN08946,2,9,0,3,0,0,0,0,0,0,2,1,6,2,35,6,1598,1,3,9,2,9
201634WN08956,1,19,0,6,0,0,0,0,0,0,1,1,1,1,27,6,1998,2,12,3,1,3
201634WN08956,2,8,0,18,0,0,0,0,0,0,4,1,2,1,53,8,1497,8,8,2,1,2
201634WN08966,1,9,0,18,0,8,0,0,0,0,4,1,6,1,40,7,2148,2,10,1,1,1
201634WN08986,1,90,0,18,0,0,0,0,0,0,1,1,6,1,12,3,-1,-1,-1,1,1,1
201634WN08986,2,9,0,18,0,0,0,0,0,0,3,1,6,2,43,7,1998,1,9,8,1,8
201634WN09016,1,9,0,18,0,0,5,0,0,7,1,1,6,2,24,5,1329,1,2,6,1,6
201634WN09036,1,9,0,18,0,0,0,0,0,11,1,1,6,3,-1,-1,-1,-1,-1,-1,-1,-1
201634WN09036,2,9,0,2,0,0,0,0,0,0,1,1,6,2,58,9,1968,2,2,-1,-1,-1
201634WN09036,3,19,0,2,0,0,0,0,0,0,2,1,6,3,-1,-1,2198,2,3,-1,-1,-1
201634WN09036,4,9,0,2,0,0,0,0,0,0,2,1,6,3,-1,-1,1988,1,14,-1,-1,-1
201634WN09036,5,9,0,2,0,0,0,0,0,0,2,1,6,3,-1,-1,1995,2,11,-1,-1,-1
201634WN09056,1,9,0,18,0,0,1,0,0,0,1,1,1,1,34,6,1229,1,11,-1,-1,-1
201634WN09056,2,1,0,18,0,0,0,0,1,11,1,1,6,1,25,5,-1,-1,-1,2,1,2
201634WN09076,1,9,0,18,0,8,0,0,0,0,1,1,6,1,-1,-1,1388,1,7,-1,-1,-1
201634WN09076,2,9,0,3,0,8,0,0,0,0,2,1,2,1,67,10,1997,2,16,5,1,5
201634WN09096,1,5,0,12,0,8,0,0,0,0,1,1,6,1,41,7,1195,1,6,7,3,7
201634WN09116,1,9,0,7,0,8,0,0,0,0,2,1,6,1,28,6,1997,1,11,5,1,5
201634WN09116,2,3,0,18,0,8,0,0,0,0,1,1,6,1,19,4,-1,-1,-1,9,1,9
201634WN09146,1,9,0,18,0,8,0,0,0,0,3,1,1,1,52,8,1497,8,8,5,1,5
201634WN09146,2,9,0,14,0,8,1,0,0,0,1,1,2,1,36,7,1796,1,11,5,1,5
201634WN09166,1,9,0,18,0,8,0,0,0,0,4,1,2,2,40,7,1998,2,3,5,1,5
201634WN09206,1,9,0,18,0,8,0,0,7,1,4,1,6,1,22,5,1339,1,10,5,1,5
201634WN09206,2,8,0,18,0,8,0,0,0,0,1,1,1,1,49,8,1910,2,8,2,1,2
201634WN09246,1,9,0,1,0,8,0,0,0,0,2,1,6,2,-1,-1,-1,-1,-1,-1,-1,-1
201634WN09246,2,1,0,18,0,8,0,0,0,0,1,1,6,1,18,4,-1,-1,-1,9,1,9
201634WN09256,1,9,0,18,0,8,1,0,0,0,1,1,6,1,44,7,1598,1,8,3,1,3
201634WN09256,2,5,0,3,0,8,0,0,0,0,2,1,6,1,27,6,749,1,17,2,1,2
201634WN09286,1,9,0,18,0,0,0,0,0,0,1,1,1,2,27,6,1149,1,10,4,1,4
201634WN09296,1,9,0,18,0,8,0,0,0,0,1,1,6,2,36,7,1598,1,2,2,1,2
201634WN09296,2,9,0,3,0,8,0,0,0,0,2,1,6,2,34,6,1997,2,12,8,1,8
201634WN09306,1,9,0,18,0,0,0,0,5,4,1,1,1,1,29,6,-1,-1,-1,7,2,7
201634WN09326,1,1,0,18,0,8,0,0,0,0,1,1,6,2,25,5,-1,-1,-1,6,1,6
201634WN09326,2,9,0,18,0,8,0,0,0,0,3,1,6,1,41,7,-1,-1,-1,3,1,3
201634WN09366,1,5,0,14,0,0,0,0,0,0,1,1,6,1,69,10,1170,1,3,3,1,3
201634WN09366,2,9,0,2,0,0,0,0,0,0,3,1,6,2,-1,-1,-1,-1,-1,-1,-1,-1
201634WN09366,3,9,0,2,0,0,0,0,0,0,0,1,6,1,-1,-1,1595,1,13,-1,-1,-1
201634WN09396,1,9,0,9,0,8,0,0,0,0,1,1,1,1,35,6,-1,-1,-1,5,1,5
201634WN09396,2,9,0,18,0,8,0,0,0,0,1,1,6,2,43,7,1968,2,9,6,1,6
201634WN09416,1,9,0,9,0,8,0,0,0,0,1,1,2,2,21,5,1198,1,12,6,1,6
201634WN09416,2,9,0,18,0,8,0,0,0,0,1,1,2,1,25,5,1995,2,3,10,1,10
201634WN09426,1,9,0,18,0,8,0,10,0,0,1,1,6,2,24,5,1598,1,14,7,1,7
201634WN09446,1,9,0,18,0,8,0,0,0,0,1,1,6,1,-1,-1,-1,-1,-1,-1,-1,-1
201634WN09446,2,9,0,18,0,8,0,0,0,0,4,1,2,2,36,7,1587,1,9,2,1,2
201634WN09546,1,9,0,18,0,8,0,0,0,0,2,1,6,1,77,11,1398,1,1,10,3,10
201634WN09546,2,21,4,18,0,8,0,0,0,0,1,1,1,1,27,6,3920,2,14,-1,-1,-1
201634WN09576,1,9,0,9,0,8,0,0,0,0,1,1,1,1,62,9,1968,2,3,9,1,9
201634WN09576,2,9,0,18,0,8,0,0,0,0,1,1,1,1,49,8,1796,1,9,3,1,3
201634WN09686,1,9,0,18,0,8,0,0,0,0,1,1,6,3,-1,-1,1587,1,11,-1,-1,-1
201634WN09686,2,1,0,18,0,8,0,0,0,0,1,1,6,1,38,7,-1,-1,-1,6,1,6
201634WN09716,1,9,0,18,0,8,0,0,0,0,1,1,6,2,52,8,1598,1,1,1,1,1
201634WN09726,1,9,0,18,0,0,0,0,0,0,1,1,6,3,-1,-1,-1,-1,-1,-1,-1,-1