Accident_Index,Vehicle_Reference,Vehicle_Type,Towing_and_Articulation,Vehicle_Manoeuvre,Vehicle_Location-Restricted_Lane,Junction_Location,Skidding_and_Overturning,Hit_Object_in_Carriageway,Vehicle_Leaving_Carriageway,Hit_Object_off_Carriageway,1st_Point_of_Impact,Was_Vehicle_Left_Hand_Drive?,Journey_Purpose_of_Driver,Sex_of_Driver,Age_of_Driver,Age_Band_of_Driver,Engine_Capacity_(CC),Propulsion_Code,Age_of_Vehicle,Driver_IMD_Decile,Driver_Home_Area_Type,Vehicle_IMD_Decile
201634WN09726,2,1,0,18,0,0,0,0,0,0,2,1,6,1,27,6,-1,-1,-1,2,1,2
201634WN09796,1,9,0,10,0,8,0,0,0,0,1,1,6,2,71,10,1560,2,4,2,1,2
201634WN09796,2,1,0,18,0,8,0,0,0,0,1,1,6,1,32,6,-1,-1,-1,4,1,4
201634WN09826,1,8,0,5,0,8,0,0,0,0,4,1,1,1,-1,-1,2184,2,11,-1,-1,-1
201634WN09846,1,3,0,18,5,0,0,0,0,0,4,1,6,1,-1,-1,-1,-1,-1,-1,-1,-1
201634WN09856,1,9,0,18,0,0,0,0,0,0,1,1,6,2,25,5,1586,1,1,9,3,9
201634WN09856,2,8,0,2,0,0,0,0,0,0,2,1,1,2,48,8,1998,2,8,7,1,7
201634WN09896,1,9,0,18,0,8,0,0,0,0,1,1,6,2,-1,-1,-1,-1,-1,-1,-1,-1
201634WN09896,2,1,0,18,0,8,0,0,0,0,4,1,6,2,25,5,-1,-1,-1,2,1,2
201634WN10066,1,9,0,7,0,8,0,0,0,0,4,1,6,1,-1,-1,2143,2,2,-1,-1,-1
201634WN10066,2,1,0,18,0,8,0,0,0,0,1,1,2,1,27,6,-1,-1,-1,7,1,7
201634WN10076,1,9,0,7,0,8,0,0,0,0,1,1,6,3,-1,-1,1596,1,14,-1,-1,-1
201634WN10076,2,1,0,18,0,8,0,0,0,0,1,1,2,1,38,7,-1,-1,-1,2,1,2
201634WN10096,1,9,0,17,0,8,1,0,0,7,1,1,6,1,53,8,1995,1,14,2,1,2
201634WN10116,1,9,0,18,0,0,0,0,0,0,0,1,6,3,-1,-1,-1,-1,-1,-1,-1,-1
201634WN10116,2,1,0,18,0,0,0,0,0,0,0,1,6,1,46,8,-1,-1,-1,9,1,9
201634WN10156,1,3,0,18,0,8,0,0,0,0,1,1,6,1,45,7,125,1,12,1,1,1
201634WN10156,2,9,0,1,0,8,0,0,0,0,2,1,1,1,21,5,-1,-1,-1,6,1,6
201634WN10176,1,9,0,9,0,8,0,0,0,0,0,1,6,3,-1,-1,-1,-1,-1,-1,-1,-1
201634WN10176,2,11,0,18,0,8,0,0,0,0,0,1,1,1,39,7,8268,2,16,6,1,6
201634WN10186,1,9,0,2,0,0,0,0,0,0,3,1,6,1,-1,-1,1339,8,9,-1,-1,-1
201634WN10196,1,9,0,7,0,8,0,0,0,0,1,1,6,1,51,8,2967,1,13,9,2,9
201634WN10196,2,22,0,18,0,8,0,0,0,0,1,1,6,2,58,9,-1,-1,-1,2,1,2
201634WN10226,1,11,0,18,0,0,0,0,0,0,4,1,6,3,-1,-1,-1,-1,-1,-1,-1,-1
201634WN10236,1,9,0,9,0,8,0,0,0,0,4,1,6,3,-1,-1,1896,2,11,-1,-1,-1
201634WN10246,1,9,0,12,0,8,0,0,0,0,3,1,6,1,-1,-1,1596,1,15,-1,-1,-1
201634WN10246,2,9,0,18,0,8,0,0,0,0,4,1,6,1,28,6,1587,1,14,4,1,4
201634WN10256,1,9,0,9,0,0,0,0,0,0,2,1,6,1,-1,-1,1397,1,12,-1,-1,-1
201634WN10256,2,1,0,18,0,0,0,0,0,0,1,1,2,1,16,4,-1,-1,-1,8,1,8
201634WN10266,1,9,0,18,0,8,0,0,0,0,4,1,1,1,29,6,1596,1,12,3,1,3
201634WN10266,2,1,0,18,9,8,0,0,0,0,1,1,2,1,41,7,-1,-1,-1,2,1,2
201634WN10296,1,9,0,9,0,8,0,0,0,0,3,1,6,1,37,7,1390,1,14,8,1,8
201634WN10296,2,9,0,18,0,8,0,0,0,0,1,1,6,1,23,5,1368,1,10,7,2,7
201634WN10306,1,9,0,12,0,0,0,0,0,0,3,1,6,1,25,5,1998,1,11,-1,-1,-1
201634WN10306,2,9,0,18,0,0,0,0,0,0,1,1,2,1,65,9,1896,2,14,7,1,7
201634WN10306,3,19,0,10,0,0,0,0,0,0,2,1,1,1,24,5,1870,2,12,4,1,4
201634WN10306,4,19,0,10,0,0,0,0,0,0,2,1,6,1,-1,-1,1995,2,10,-1,-1,-1
201634WN10316,1,9,0,18,0,8,0,10,7,0,1,1,6,2,83,11,1598,1,11,9,1,9
201634WN10316,2,9,0,2,0,8,0,0,0,0,2,1,6,3,-1,-1,2987,2,5,-1,-1,-1
201634WN10326,1,9,0,9,0,8,0,0,0,0,1,1,6,1,-1,-1,-1,-1,-1,-1,-1,-1
201634WN10326,2,22,0,18,0,8,0,0,0,0,2,1,6,1,59,9,-1,-1,-1,2,1,2
201634WN10346,1,9,0,5,0,0,0,0,0,0,3,1,6,1,-1,-1,-1,-1,-1,-1,-1,-1
201634WN10366,1,9,0,18,0,8,0,10,7,4,1,1,6,1,32,6,1896,2,12,-1,-1,-1
201634WN10376,1,9,0,9,0,8,0,0,0,0,4,1,6,1,-1,-1,-1,-1,-1,-1,-1,-1
201634WN10376,2,19,0,18,0,8,0,0,0,0,1,1,2,1,50,8,1870,2,11,2,1,2
201634WN10406,1,9,0,18,0,8,0,0,0,0,1,1,6,2,21,5,1496,2,1,8,1,8
201634WN10406,2,9,0,18,0,8,0,0,0,0,3,1,6,2,36,7,1598,1,3,3,1,3
201634WN10416,1,9,0,18,0,0,0,0,0,0,1,1,6,2,-1,-1,1364,1,1,-1,-1,-1
201634WN10416,2,5,0,18,0,0,0,0,0,0,4,1,2,1,52,8,-1,-1,-1,10,1,10
201634WN10466,1,9,0,18,0,0,0,0,0,0,1,1,6,1,45,7,1586,1,1,9,1,9
201634WN10466,2,9,0,2,0,0,0,0,0,0,2,1,6,3,-1,-1,1461,2,1,-1,-1,-1
201634WN10486,1,9,0,18,0,8,0,0,0,0,1,1,6,2,21,5,1399,1,5,8,1,8
201634WN10486,2,9,0,4,0,8,0,0,0,0,2,1,6,2,30,6,1598,1,9,1,1,1
201634WN10526,1,9,0,18,0,8,0,0,0,0,1,1,6,1,36,7,2184,2,11,3,1,3
201634WN10536,1,9,0,18,0,8,0,0,0,0,1,1,2,1,42,7,1968,2,7,8,1,8
201634WN10556,1,9,0,9,0,8,0,0,0,0,1,1,6,2,31,6,1560,2,-1,2,1,2
201634WN10576,1,1,0,12,0,8,0,0,0,0,0,1,6,1,-1,-1,-1,-1,-1,-1,-1,-1
201634WN10576,2,9,0,3,0,8,0,0,0,0,2,1,2,2,54,8,1995,2,9,9,1,9
201634WN10576,3,9,0,18,0,8,1,0,0,0,1,1,2,1,26,6,1590,1,11,3,1,3
201634WN10596,1,9,0,18,0,8,0,0,0,0,1,1,6,2,38,7,-1,-1,-1,-1,-1,-1
201634WN10596,2,9,0,18,0,8,0,0,0,0,1,1,6,1,30,6,1597,1,7,6,1,6
201634WN10606,1,9,0,18,0,8,0,0,0,0,1,1,6,1,-1,-1,1995,2,2,-1,-1,-1
201634WN10606,2,3,0,18,0,8,0,0,0,0,4,1,6,1,33,6,-1,-1,-1,3,1,3
201634WN10626,1,19,0,5,0,0,0,0,0,0,0,1,6,3,-1,-1,-1,-1,-1,-1,-1,-1
201634WN10626,2,5,0,18,0,0,0,0,0,0,0,1,6,1,26,6,919,1,14,7,1,7
201634WN10626,3,-1,0,-1,0,0,0,0,0,0,0,1,1,3,-1,-1,-1,-1,-1,-1,-1,-1
201634WN10676,1,9,0,18,0,7,0,0,0,0,1,1,2,2,55,8,1598,2,2,4,1,4
201634WN10676,2,9,0,3,0,7,0,0,0,0,2,1,1,1,60,9,2199,2,2,10,1,10
201634WN10696,1,8,0,7,0,8,0,0,0,0,1,1,1,1,43,7,1497,8,9,-1,-1,-1
201634WN10696,2,9,0,18,0,8,0,0,1,10,1,1,6,2,37,7,1968,2,5,-1,-1,-1
201634WN10736,1,9,0,18,0,8,0,0,0,0,1,1,6,2,51,8,1198,1,1,2,1,2
201634WN10736,2,9,0,18,0,8,0,0,0,0,4,1,6,2,31,6,1399,2,7,2,1,2
201634WN10836,1,9,0,18,0,8,0,0,0,0,3,1,2,1,35,6,1299,1,14,-1,-1,-1
201634WN10856,1,9,0,18,0,8,0,0,0,0,1,1,6,1,40,7,-1,-1,-1,8,2,8
201634WN10856,2,9,0,10,0,8,0,0,0,0,2,1,6,1,73,10,1591,1,4,3,1,3
201634WN10856,3,9,0,18,0,8,0,0,0,0,1,1,6,2,53,8,1686,2,5,9,1,9
201634WN10906,1,9,0,18,0,0,0,10,1,2,4,1,6,1,43,7,1998,1,15,9,3,9
201634WN10996,1,8,0,17,0,0,0,0,0,0,1,1,1,1,36,7,1968,2,7,-1,-1,-1
201634WN10996,2,9,0,16,0,0,0,0,0,0,1,1,6,1,-1,-1,1896,2,6,-1,-1,-1
201634WN11016,1,9,0,18,0,8,1,0,1,0,1,1,6,1,22,5,1229,1,2,3,1,3
201634WN11016,2,9,0,10,0,8,0,0,0,0,2,1,6,2,56,9,1796,1,10,-1,-1,-1
201634WN11036,1,9,0,18,0,8,0,0,0,0,1,1,6,1,-1,-1,1299,1,14,-1,-1,-1
201634WN11036,2,9,0,18,0,8,0,0,0,0,4,1,6,2,76,11,796,1,14,8,1,8
201634WN11066,1,8,0,9,0,8,0,0,0,0,3,1,1,1,45,7,2148,2,7,5,1,5
201634WN11096,1,9,0,9,0,8,0,0,0,0,1,1,2,2,41,7,1968,2,7,1,1,1
201634WN11096,2,1,0,18,0,8,0,0,0,0,1,1,6,1,27,6,-1,-1,-1,8,1,8
201634WN11106,1,9,0,9,0,8,0,0,0,0,1,1,6,1,50,8,1910,2,10,2,1,2
201634WN11106,2,1,0,9,0,8,0,0,0,0,1,1,6,1,50,8,-1,-1,-1,4,1,4
201634WN11146,1,3,0,14,0,0,0,0,0,0,4,1,6,1,17,4,125,1,5,10,3,10
201634WN11146,2,9,0,18,0,0,0,0,0,0,1,1,1,2,31,6,1984,1,16,9,1,9
201634WN11156,1,11,0,18,0,8,0,0,0,0,4,1,1,1,31,6,4461,2,2,8,3,8
201634WN11166,1,9,0,18,0,0,0,0,0,0,1,1,6,1,-1,-1,-1,-1,-1,-1,-1,-1
201634WN11166,2,9,0,18,0,0,0,0,0,0,1,1,3,2,36,7,998,1,7,3,1,3
201634WN11176,1,9,0,18,0,0,0,0,0,0,1,1,6,2,37,7,2793,1,18,6,1,6
201634WN11246,1,19,0,18,0,8,0,0,0,0,1,1,6,1,70,10,-1,-1,-1,5,1,5
201634WN11246,2,9,0,9,0,8,0,0,0,0,1,1,6,1,45,7,1796,1,12,2,1,2
201634WN11256,1,19,0,18,0,8,0,0,0,0,1,1,6,1,-1,-1,1753,2,8,-1,-1,-1
201634WN11256,2,9,0,4,0,8,0,0,0,0,2,1,6,2,51,8,1997,1,15,3,1,3
201634WN11266,1,9,0,18,0,0,0,0,0,0,1,1,6,3,-1,-1,1796,1,17,-1,-1,-1
201634WN11266,2,9,0,18,0,0,0,0,1,0,2,1,6,2,22,5,998,1,-1,3,1,3
201634WN11266,3,9,0,18,0,0,0,0,7,0,2,1,6,2,39,7,1968,2,2,4,1,4
201634WN11296,1,9,0,18,0,8,0,0,0,0,4,1,6,2,50,8,1598,2,4,-1,-1,-1
201634WN11296,2,1,0,18,0,8,0,0,0,0,1,1,6,1,36,7,-1,-1,-1,3,1,3
201634WN11306,1,9,0,9,0,8,0,0,0,0,1,1,6,1,27,6,1248,2,2,-1,-1,-1
201634WN11306,2,1,0,18,0,8,0,0,0,0,1,1,6,1,19,4,-1,-1,-1,4,1,4
201634WN11376,1,9,0,18,0,0,0,0,0,0,4,1,2,1,28,6,2179,2,14,1,1,1
201634WN11386,1,9,0,7,0,8,0,0,0,0,1,1,3,2,32,6,2400,2,6,4,1,4
201634WN11386,2,5,0,18,0,8,0,0,0,0,1,1,6,1,32,6,599,1,17,10,2,10
201634WN11436,1,9,0,13,0,0,0,0,0,0,4,1,6,1,-1,-1,1783,1,13,-1,-1,-1
201634WN11436,2,1,0,18,0,0,0,0,0,0,3,1,2,1,19,4,-1,-1,-1,-1,-1,-1
201634WN11446,1,9,0,9,0,8,0,0,0,0,3,1,6,2,34,6,1198,1,2,4,1,4
201634WN11446,2,5,0,18,0,8,0,0,0,0,1,1,6,1,58,9,918,1,20,-1,-1,-1
201634WN11466,1,9,0,18,0,0,0,0,0,0,1,1,2,2,35,6,1248,1,3,5,1,5
201634WN11466,2,9,0,3,0,0,0,0,0,0,2,1,1,1,60,9,1598,2,1,8,1,8
201634WN11476,1,9,0,18,0,8,0,0,0,0,3,1,6,2,50,8,1595,2,7,9,3,9
201634WN11526,1,19,0,18,0,8,0,0,0,0,1,1,6,1,-1,-1,-1,-1,-1,-1,-1,-1
201634WN11526,2,9,0,3,0,8,0,0,0,0,2,1,2,2,25,5,2204,2,12,5,1,5
201634WN11536,1,9,0,18,0,8,0,0,0,0,1,1,2,2,35,6,1496,1,-1,8,1,8
201634WN11536,2,9,0,3,0,8,0,0,0,0,2,1,2,2,31,6,1242,1,3,8,1,8
201634WN11556,1,9,0,18,0,0,0,0,0,0,4,1,6,2,-1,-1,-1,-1,-1,-1,-1,-1
201634WN11566,1,9,0,18,0,8,0,0,0,0,4,1,6,3,-1,-1,-1,-1,-1,-1,-1,-1
201634WN11576,1,9,0,9,0,8,0,0,0,0,3,1,6,2,-1,-1,2000,2,5,-1,-1,-1
201634WN11576,2,9,0,18,0,8,0,0,0,0,3,1,6,2,24,5,-1,-1,-1,-1,-1,-1
201634WN11616,1,9,0,18,0,8,0,0,0,0,1,1,6,2,-1,-1,-1,-1,-1,-1,-1,-1
201634WN11616,2,9,0,18,0,8,0,0,0,0,2,1,6,1,60,9,1910,2,6,2,1,2
201634WN11646,1,9,0,1,0,8,0,0,0,0,2,1,6,1,-1,-1,-1,-1,-1,-1,-1,-1
201634WN11686,1,9,0,1,0,8,0,0,0,0,4,1,6,1,-1,-1,-1,-1,-1,-1,-1,-1
201634WN11706,1,9,0,18,0,0,0,0,0,0,1,1,6,3,-1,-1,1149,1,13,-1,-1,-1
201634WN11706,2,9,0,18,0,0,0,0,0,0,2,1,6,2,41,7,1200,1,4,3,1,3
201634WN11736,1,19,0,18,0,0,0,0,0,0,1,1,6,1,-1,-1,2198,2,3,-1,-1,-1
201634WN11736,2,9,0,18,0,0,0,0,0,0,2,1,6,2,27,6,1997,2,5,-1,-1,-1
201634WN11776,1,3,0,13,0,0,0,0,0,0,1,1,1,1,19,4,-1,-1,-1,2,1,2
201634WN11776,2,9,0,18,0,0,0,0,0,0,2,1,1,2,45,7,1598,1,7,-1,-1,-1
201634WN11786,1,21,0,2,0,0,0,0,0,0,2,1,1,1,48,8,12740,2,-1,8,3,8
201634WN11786,2,1,0,18,0,0,0,0,0,0,1,1,6,1,35,6,-1,-1,-1,2,1,2
201634WN11836,1,8,0,18,0,0,0,0,0,0,1,1,1,1,-1,-1,2198,2,1,-1,-1,-1
201634WN11836,2,9,0,3,0,0,0,0,0,0,2,1,6,1,-1,-1,-1,-1,-1,-1,-1,-1
201634WN11926,1,9,0,18,0,8,0,0,0,0,1,1,6,1,26,6,1400,1,17,5,1,5
201634WN11926,2,9,0,10,0,8,0,0,0,0,2,1,6,2,37,7,1999,1,12,4,1,4
201634WN11956,1,19,0,18,0,8,0,0,0,0,1,1,1,1,36,7,1248,2,2,2,1,2
201634WN11956,2,1,0,18,0,8,0,0,0,0,4,1,6,2,14,3,-1,-1,-1,1,1,1
201634WN11966,1,9,0,16,0,0,0,0,0,0,1,1,1,2,44,7,1248,1,4,9,2,9
201634WN11966,2,2,0,17,0,0,0,0,0,0,1,1,6,2,16,4,49,1,-1,7,3,7
201634WN12006,1,9,0,18,0,0,0,0,0,0,1,1,6,2,49,8,1587,1,11,2,1,2
201634WN12006,2,9,0,3,0,0,0,0,0,0,2,1,6,1,78,11,1796,1,11,9,2,9
201634WN12006,3,9,0,3,0,0,0,0,0,0,2,1,6,1,59,9,1968,2,10,6,1,6
201634WN12036,1,9,0,18,0,8,0,0,0,0,1,1,3,2,34,6,1461,2,7,8,1,8
201634WN12036,2,9,0,3,0,8,0,0,0,0,2,1,6,2,29,6,1896,2,12,1,1,1
201634WN12096,1,9,0,18,0,0,0,0,0,0,1,1,6,2,74,10,-1,-1,-1,6,1,6
201634WN12096,2,9,0,3,0,0,0,0,0,0,2,1,6,1,25,5,1796,1,9,9,1,9
201634WN12096,3,9,0,3,0,0,0,0,0,0,2,1,6,1,54,8,1968,2,-1,3,1,3
201634WN12116,1,9,0,18,0,8,0,0,0,0,4,1,6,1,21,5,1398,1,14,5,1,5
201634WN12146,1,9,0,2,0,0,0,0,0,0,2,1,1,1,-1,-1,1598,2,-1,-1,-1,-1
201634WN12146,2,9,0,3,0,0,0,0,0,0,2,1,6,1,26,6,1995,2,13,3,1,3
201634WN12146,3,9,0,18,0,0,0,0,0,0,1,1,2,1,23,5,1198,1,14,6,1,6
201634WN12146,4,9,0,18,0,0,0,0,0,0,1,1,6,2,22,5,998,1,13,4,1,4
201634WN12166,1,9,0,9,0,8,0,0,0,0,3,1,6,2,17,4,1299,1,12,4,1,4
201634WN12166,2,9,0,18,0,8,0,0,0,0,1,1,6,2,30,6,1995,2,4,4,1,4
201634WN12196,1,9,0,18,0,8,1,9,0,1,2,1,6,2,28,6,1598,2,2,2,1,2
201634WN12196,2,8,0,18,0,8,1,10,7,0,2,1,1,1,23,5,2148,2,7,2,1,2
201634WN12196,3,9,0,18,0,8,0,0,0,0,1,1,6,1,57,9,-1,-1,-1,2,1,2
201634WN12226,1,9,0,9,0,8,0,0,0,0,3,1,6,1,44,7,2967,2,3,10,3,10
201634WN12226,2,9,0,18,0,8,0,0,0,0,1,1,6,2,65,9,4966,1,13,1,1,1
201634WN12236,1,9,0,7,0,8,0,0,0,0,3,1,6,2,-1,-1,-1,-1,-1,-1,-1,-1
201634WN12236,2,19,0,18,0,8,0,0,0,0,4,1,1,2,44,7,-1,-1,-1,3,1,3
201634WN12246,1,9,0,18,0,0,0,0,0,0,4,1,2,1,41,7,1560,2,2,-1,-1,-1
201634WN12296,1,9,0,18,0,8,0,0,0,0,1,1,6,2,-1,-1,1598,1,5,-1,-1,-1
201634WN12296,2,9,0,10,0,8,0,0,0,0,2,1,6,2,62,9,1560,2,-1,1,1,1
201634WN12306,1,9,0,18,0,0,0,0,0,0,4,1,6,1,-1,-1,-1,-1,-1,-1,-1,-1
201634WN12316,1,9,0,1,0,0,0,0,0,0,2,1,6,1,-1,-1,2204,2,7,-1,-1,-1
201634WN12346,1,9,0,1,0,0,0,0,0,0,2,1,2,1,39,7,1995,2,6,-1,-1,-1
201634WN12356,1,9,0,13,0,0,0,0,0,0,0,1,6,1,-1,-1,2261,1,-1,-1,-1,-1
201634WN12356,2,9,0,18,0,0,0,0,0,0,0,1,2,2,20,4,1242,1,5,3,1,3
201634WN12396,1,9,0,11,0,8,0,0,0,0,2,1,2,2,54,8,1242,1,7,10,2,10
201634WN12396,2,3,0,18,0,8,0,0,0,0,1,1,2,1,49,8,125,1,7,5,1,5
201634WN12406,1,9,0,18,0,8,0,0,0,0,4,1,6,2,36,7,1995,2,6,3,1,3
201634WN12466,1,9,0,18,0,8,0,0,0,0,1,1,6,1,-1,-1,-1,-1,-1,-1,-1,-1
201634WN12496,1,9,0,18,0,0,0,0,0,0,3,1,6,1,-1,-1,-1,-1,-1,-1,-1,-1
201634WN12506,1,9,0,1,0,0,0,10,0,11,2,1,6,2,51,8,1968,2,9,2,1,2
201634WN12516,1,9,0,6,0,0,0,0,0,0,4,1,6,1,23,5,1149,1,14,2,1,2
201634WN12536,1,9,0,18,0,0,0,0,0,0,1,1,6,1,-1,-1,1796,1,5,-1,-1,-1
201634WN12536,2,8,0,3,0,0,0,0,0,0,2,1,1,1,43,7,1896,2,8,1,1,1
201634WN12536,3,9,0,3,0,0,0,0,0,0,2,1,6,1,38,7,1796,1,1,10,2,10
201634WN12566,1,9,0,18,0,8,0,0,0,0,1,1,2,1,39,7,1997,2,8,-1,-1,-1
201634WN12566,2,9,0,9,0,8,0,0,0,0,1,1,6,1,30,6,1390,1,13,-1,-1,-1
201634WN12606,1,9,0,18,0,8,0,0,0,0,3,1,6,1,28,6,1582,2,9,1,1,1
201634WN12606,2,1,0,18,0,8,0,0,0,0,1,1,1,1,21,5,-1,-1,-1,-1,-1,-1
201634WN12616,1,9,0,18,0,8,0,0,0,0,1,1,6,1,-1,-1,-1,-1,-1,-1,-1,-1
201634WN12616,2,9,0,3,0,8,0,0,0,0,2,1,6,2,25,5,1956,2,2,4,1,4
201634WN12626,1,9,0,18,0,0,0,0,0,0,1,1,6,2,-1,-1,-1,-1,-1,-1,-1,-1
201634WN12626,2,9,0,3,0,0,0,0,0,0,2,1,6,2,38,7,-1,-1,-1,9,1,9
201634WN12636,1,19,0,18,0,8,0,0,0,0,1,1,6,1,-1,-1,2402,2,9,-1,-1,-1
201634WN12636,2,9,0,3,0,8,0,0,0,0,2,1,6,2,36,7,1796,1,12,4,1,4
201634WN12716,1,9,0,18,0,8,0,0,0,0,1,1,6,1,47,8,1299,1,13,2,1,2
201634WN12716,2,11,0,18,0,8,0,0,0,0,1,1,1,1,31,6,9000,2,4,2,1,2
201634WN12736,1,9,0,18,0,8,0,0,0,0,1,1,1,1,29,6,1248,2,4,8,1,8
201634WN12736,2,8,0,3,0,8,0,0,0,0,2,1,1,1,53,8,1910,2,8,-1,-1,-1
201634WN12756,1,9,0,18,0,8,0,0,0,0,1,1,6,1,-1,-1,1198,1,10,-1,-1,-1
201634WN12756,2,9,0,3,0,8,0,0,0,0,2,1,3,2,35,6,1339,1,9,2,1,2
201634WN12776,1,9,0,9,0,8,0,0,0,0,1,1,1,1,30,6,1498,1,-1,9,1,9
201634WN12776,2,9,0,18,0,8,0,0,0,0,1,1,6,1,77,11,1461,2,2,3,1,3
201634WN12796,1,9,0,18,0,0,0,0,0,0,4,1,6,2,-1,-1,1422,2,8,-1,-1,-1
201634WN12856,1,9,0,18,0,0,0,0,0,0,4,1,6,1,45,7,1991,2,7,-1,-1,-1
201634WN12866,1,9,0,18,0,0,0,10,1,1,1,1,6,1,94,11,1398,2,3,4,1,4
201634WN12886,1,9,0,9,0,8,0,0,0,0,1,1,1,2,22,5,1560,2,-1,10,2,10
201634WN12886,2,9,0,18,0,8,1,10,1,0,4,1,2,1,26,6,1199,1,13,3,1,3
201634WN12896,1,9,0,18,0,0,0,0,0,0,4,1,6,1,-1,-1,1995,2,11,-1,-1,-1
201634WN12966,1,9,0,18,0,8,0,0,0,0,3,1,6,3,-1,-1,1997,2,13,-1,-1,-1
201634WN12986,1,9,0,18,0,0,0,10,1,0,3,1,6,2,21,5,1461,2,8,2,1,2
201634WN12986,2,1,0,18,0,0,0,0,0,11,3,1,6,1,35,6,-1,-1,-1,8,2,8
201634WN12996,1,9,0,18,0,0,0,0,0,0,4,1,6,2,-1,-1,-1,-1,-1,-1,-1,-1
201634WN13026,1,9,0,12,0,8,1,9,7,0,1,1,6,2,20,4,998,1,8,4,1,4
201634WN13026,2,9,0,18,0,8,0,0,7,0,3,1,6,2,21,5,1199,1,14,4,1,4
201634WN13046,1,9,0,18,0,8,0,0,0,0,1,1,6,2,43,7,1149,1,8,3,1,3
201634WN13046,2,9,0,3,0,8,0,0,0,0,2,1,6,2,27,6,1229,1,5,-1,-1,-1
201634WN13096,1,19,0,18,0,8,0,0,0,0,0,1,1,1,48,8,1248,2,5,9,1,9
201634WN13096,2,5,0,18,0,8,0,0,0,0,0,1,1,1,51,8,885,1,17,9,3,9
201634WN13106,1,9,0,18,0,8,0,0,0,0,1,1,2,1,29,6,2198,2,9,2,1,2
201634WN13106,2,9,0,3,0,8,0,0,0,0,2,1,1,1,35,6,2993,2,11,2,1,2
201634WN13156,1,9,0,9,0,8,0,0,0,0,1,1,6,1,32,6,2143,2,-1,10,1,10
201634WN13156,2,9,0,18,0,8,0,0,0,0,1,1,1,2,49,8,1999,1,4,9,1,9
201634WN13176,1,19,0,18,0,8,0,0,0,0,1,1,1,1,39,7,-1,-1,-1,10,1,10
201634WN13176,2,19,0,3,0,8,0,0,0,0,2,1,6,1,36,7,-1,-1,-1,8,2,8
201634WN13186,1,9,0,18,0,8,0,0,0,0,1,1,2,2,44,7,1242,1,7,8,1,8
201634WN13186,2,9,0,18,0,8,0,0,0,0,1,1,6,2,34,6,1390,1,15,2,1,2
201634WN13256,1,9,0,2,0,8,0,0,0,0,2,1,6,1,45,7,1396,1,15,4,1,4
201634WN13256,2,9,0,18,0,8,0,0,0,0,1,1,6,1,-1,-1,1390,1,16,-1,-1,-1
201634WN13266,1,8,0,9,0,8,0,0,0,0,1,1,1,1,40,7,1497,8,10,2,1,2
201634WN13296,1,9,0,17,0,0,0,0,0,0,1,1,6,3,-1,-1,-1,-1,-1,-1,-1,-1
201634WN13296,2,9,0,16,0,0,0,0,0,0,1,1,6,2,33,6,1753,2,13,9,3,9
201634WN13316,1,9,0,18,0,8,0,0,0,0,1,1,1,2,69,10,1242,1,7,3,1,3
201634WN13316,2,1,0,18,0,8,0,0,0,0,1,1,6,1,50,8,-1,-1,-1,-1,-1,-1
201634WN13336,1,9,0,18,0,8,0,0,0,0,1,1,6,2,20,4,1086,1,10,2,1,2
201634WN13336,2,9,0,9,0,8,0,0,0,0,1,1,1,2,48,8,1149,1,11,3,1,3
201634WN13376,1,9,0,18,0,8,0,0,0,0,1,1,6,2,-1,-1,1461,2,1,-1,-1,-1
201634WN13376,2,9,0,8,0,8,0,0,0,0,2,1,6,1,22,5,1400,1,16,8,1,8
201634WN13406,1,9,0,9,0,8,0,0,0,0,1,2,6,1,32,6,-1,-1,-1,-1,-1,-1
201634WN13406,2,9,0,18,0,8,0,0,0,0,1,1,2,2,61,9,1598,1,15,8,1,8
201634WN13446,1,9,0,18,0,8,0,0,0,0,1,1,6,1,27,6,1793,1,16,-1,-1,-1
201634WN13446,2,9,0,3,0,8,0,0,0,0,2,1,6,1,60,9,-1,-1,-1,10,1,10
201634WN13456,1,21,0,3,0,8,0,0,0,0,2,1,1,1,33,6,10837,2,-1,4,1,4
201634WN13456,2,21,0,18,0,8,0,0,0,0,1,1,1,1,38,7,7698,2,1,8,1,8
201634WN13456,3,21,0,18,0,8,0,0,0,0,1,1,1,1,63,9,12777,2,5,-1,3,-1
201634WN13496,1,9,0,9,0,8,0,0,0,0,3,1,6,2,44,7,1242,1,2,1,1,1
201634WN13496,2,9,0,18,0,8,0,0,0,0,1,1,1,1,32,6,1686,2,3,-1,-1,-1
201634WN13516,1,8,0,18,0,8,0,0,0,0,3,1,1,1,-1,-1,1598,2,6,3,1,3
201634WN13516,2,9,0,18,0,8,0,0,0,0,1,1,6,1,-1,-1,2497,2,13,1,1,1
201634WN13526,1,9,0,18,0,8,0,0,0,0,1,1,6,2,-1,-1,1587,1,12,-1,-1,-1
201634WN13526,2,8,0,3,0,8,0,0,0,0,2,1,6,1,53,8,2402,2,12,6,1,6
201634WN13536,1,9,0,18,0,8,0,0,0,0,1,1,6,1,-1,-1,-1,-1,-1,-1,-1,-1
201634WN13536,2,1,0,18,0,8,0,0,0,0,1,1,6,1,44,7,-1,-1,-1,2,1,2
201634WN13626,1,9,0,16,0,0,0,0,0,0,1,1,6,2,-1,-1,1596,1,8,-1,-1,-1
201634WN13626,2,11,0,3,0,0,0,0,0,0,2,1,1,1,54,8,4461,2,3,1,1,1
201634WN13646,1,9,0,18,0,8,0,0,0,0,1,1,1,1,45,7,-1,-1,-1,9,3,9
201634WN13646,2,9,0,9,0,8,0,0,0,0,1,1,2,2,19,4,1364,2,10,5,1,5
201634WN13746,1,9,0,18,0,8,0,0,0,0,1,1,6,1,-1,-1,1796,1,13,-1,-1,-1
201634WN13746,2,9,0,7,0,8,0,0,0,0,1,1,2,2,39,7,1584,1,11,8,1,8
201634WN13756,1,19,0,18,0,0,0,0,0,0,1,1,2,1,27,6,1896,2,11,2,1,2
201634WN13756,2,9,0,3,0,0,0,0,0,0,2,1,2,2,45,7,1794,1,14,8,1,8