Accident_Index,Vehicle_Reference,Vehicle_Type,Towing_and_Articulation,Vehicle_Manoeuvre,Vehicle_Location-Restricted_Lane,Junction_Location,Skidding_and_Overturning,Hit_Object_in_Carriageway,Vehicle_Leaving_Carriageway,Hit_Object_off_Carriageway,1st_Point_of_Impact,Was_Vehicle_Left_Hand_Drive?,Journey_Purpose_of_Driver,Sex_of_Driver,Age_of_Driver,Age_Band_of_Driver,Engine_Capacity_(CC),Propulsion_Code,Age_of_Vehicle,Driver_IMD_Decile,Driver_Home_Area_Type,Vehicle_IMD_Decile
201634WS08936,2,19,0,18,0,0,0,0,0,0,2,1,6,1,67,10,-1,-1,-1,-1,-1,-1
201634WS09006,1,5,0,18,0,0,0,0,7,6,1,1,6,1,40,7,996,1,15,5,1,5
201634WS09066,1,9,0,18,0,8,0,0,0,0,1,1,1,1,20,4,-1,-1,-1,-1,-1,-1
201634WS09066,2,9,0,3,0,8,0,0,0,0,2,1,6,1,44,7,3226,2,15,5,1,5
201634WS09236,1,9,0,3,0,0,0,0,0,0,3,1,1,2,43,7,-1,-1,-1,9,1,9
201634WS09316,1,3,0,16,0,0,0,0,0,0,2,1,6,1,20,4,124,1,8,2,1,2
201634WS09316,2,19,0,17,0,0,0,0,0,0,3,1,1,1,20,4,-1,-1,-1,-1,-1,-1
201634WS09456,1,9,0,14,0,8,0,0,0,0,3,1,6,3,-1,-1,2967,2,3,-1,-1,-1
201634WS09456,2,5,0,14,0,8,0,0,0,0,3,1,6,1,22,5,749,1,7,10,2,10
201634WS09456,3,9,0,2,0,8,0,0,0,0,3,1,6,3,-1,-1,1988,1,12,-1,-1,-1
201634WS09466,1,9,0,13,0,0,1,0,6,0,1,1,6,2,21,5,1124,1,14,8,1,8
201634WS09486,1,9,0,18,0,0,0,0,0,0,1,1,6,2,58,9,1798,1,7,10,2,10
201634WS09486,2,9,0,3,0,0,0,0,0,0,2,1,6,1,38,7,-1,-1,-1,8,3,8
201634WS09486,3,9,0,3,0,0,0,0,0,0,2,1,6,2,34,6,1900,2,17,10,2,10
201634WS09516,1,5,0,18,0,8,0,0,0,0,1,1,6,1,45,7,885,1,16,6,2,6
201634WS09516,2,9,0,12,0,8,0,0,0,0,2,1,6,1,62,9,2191,2,-1,-1,-1,-1
201634WS09536,1,9,0,18,0,8,0,0,0,0,3,1,6,1,66,10,3059,2,22,7,1,7
201634WS09556,1,9,0,18,0,0,0,0,0,0,1,1,6,1,49,8,1389,1,11,8,3,8
201634WS09586,1,9,0,18,0,0,0,0,0,0,1,1,2,1,18,4,1388,1,16,8,3,8
201634WS09586,2,9,0,3,0,0,0,0,0,0,2,1,6,1,31,6,2993,2,1,6,1,6
201634WS09766,1,9,0,18,0,8,0,0,0,0,4,1,6,2,29,6,1598,1,7,7,2,7
201634WS09766,2,1,0,18,0,8,0,0,0,0,1,1,6,1,10,2,-1,-1,-1,2,1,2
201634WS09976,1,9,0,16,0,0,0,0,7,1,1,1,6,2,61,9,875,1,2,7,3,7
201634WS10006,1,9,0,18,0,0,0,0,0,0,1,1,1,1,49,8,1796,1,11,9,1,9
201634WS10006,2,9,0,3,0,0,0,0,4,0,2,1,1,1,43,7,1968,2,3,10,3,10
201634WS10146,1,19,0,9,0,8,0,0,0,0,1,1,1,1,28,6,2198,2,2,6,3,6
201634WS10146,2,9,0,18,0,8,0,0,0,0,1,1,2,2,29,6,-1,-1,-1,9,1,9
201634WS10446,1,19,0,18,0,8,0,0,0,0,1,1,1,1,58,9,1997,2,3,2,1,2
201634WS10446,2,9,0,18,0,8,0,0,0,0,1,1,6,2,71,10,1461,2,12,7,3,7
201634WS10446,3,17,4,3,0,8,0,0,0,0,1,1,1,1,65,9,-1,2,13,7,3,7
201634WS10476,1,19,0,3,0,8,0,0,0,0,2,1,1,1,21,5,1560,2,2,3,1,3
201634WS10476,2,5,0,18,0,8,0,0,0,0,1,1,2,1,25,5,749,1,9,-1,-1,-1
201634WS10506,1,3,0,18,0,0,0,10,1,0,4,1,6,1,17,4,125,1,-1,7,1,7
201634WS10656,1,19,4,9,0,8,0,0,0,0,1,1,1,1,31,6,2402,2,5,2,1,2
201634WS10656,2,9,0,18,0,8,0,0,0,0,1,1,2,2,59,9,-1,-1,-1,9,1,9
201634WS10766,1,9,0,18,0,0,0,0,0,0,1,1,6,3,-1,-1,1598,2,3,-1,-1,-1
201634WS10766,2,9,0,3,0,0,0,0,0,0,2,1,6,1,25,5,1968,2,-1,4,1,4
201634WS10766,3,9,0,18,0,0,0,0,0,0,1,1,6,2,-1,-1,1975,1,12,-1,-1,-1
201634WS10776,1,9,0,9,0,8,0,0,0,0,1,1,2,1,19,4,-1,-1,-1,9,2,9
201634WS10776,2,9,0,18,0,8,0,0,0,0,1,1,6,1,74,10,1582,2,1,7,2,7
201634WS10806,1,9,0,18,0,8,0,0,0,0,0,1,6,1,23,5,-1,-1,-1,8,2,8
201634WS10816,1,9,0,17,0,0,0,0,1,4,1,1,6,1,25,5,1598,2,5,7,3,7
201634WS10826,1,3,0,13,0,0,0,0,0,0,4,1,2,1,18,4,125,1,5,8,3,8
201634WS10826,2,9,0,13,0,0,0,0,0,0,3,1,2,2,30,6,1598,2,3,8,1,8
201634WS10926,1,9,0,18,0,0,0,0,0,0,4,1,6,1,77,11,1461,2,2,9,2,9
201634WS11026,1,9,0,18,0,0,0,0,1,4,1,1,6,1,29,6,2179,2,2,7,2,7
201634WS11086,1,9,0,16,0,0,0,0,0,0,0,1,6,3,-1,-1,-1,-1,-1,-1,-1,-1
201634WS11086,2,3,0,17,0,0,0,0,1,4,1,1,6,1,17,4,125,1,10,9,1,9
201634WS11116,1,9,0,18,0,8,0,0,0,0,1,1,6,1,23,5,1800,1,10,5,1,5
201634WS11116,2,1,0,18,0,8,0,0,0,0,3,1,6,2,15,3,-1,-1,-1,2,1,2
201634WS11186,1,9,0,16,0,0,1,0,0,0,4,1,6,1,23,5,1839,1,19,-1,-1,-1
201634WS11186,2,9,0,17,0,0,0,0,0,0,4,1,1,2,45,7,1598,1,6,4,3,4
201634WS11196,1,5,0,18,0,8,2,0,0,0,3,1,6,1,43,7,1050,1,11,10,1,10
201634WS11206,1,9,0,18,0,8,0,0,0,0,1,1,6,1,74,10,1997,2,13,9,3,9
201634WS11206,2,1,0,18,0,8,0,0,0,0,1,1,6,2,48,8,-1,-1,-1,9,2,9
201634WS11216,1,9,0,18,0,8,0,0,0,0,1,1,6,1,44,7,2967,2,3,8,1,8
201634WS11216,2,5,0,3,0,8,0,0,0,0,2,1,6,1,60,9,885,1,22,8,3,8
201634WS11346,1,9,0,18,0,0,1,0,1,11,1,1,1,2,42,7,1199,1,14,9,3,9
201634WS11366,1,9,0,7,0,8,0,0,0,0,1,1,6,1,26,6,1390,1,9,7,2,7
201634WS11366,2,9,0,18,0,8,0,0,0,0,4,1,3,2,29,6,1560,2,4,7,1,7
201634WS11406,1,9,0,16,0,0,0,0,0,0,1,1,6,2,64,9,1396,1,18,-1,-1,-1
201634WS11406,2,9,4,3,0,0,0,0,0,0,2,1,1,1,35,6,-1,-1,-1,7,1,7
201634WS11406,3,19,0,2,0,0,0,0,0,0,0,1,6,1,-1,-1,2402,2,5,-1,-1,-1
201634WS11486,1,9,0,3,0,8,0,0,0,0,2,1,1,2,25,5,1395,1,-1,10,3,10
201634WS11486,2,9,0,3,0,8,0,0,0,0,2,1,1,1,36,7,-1,-1,-1,7,3,7
201634WS11486,3,19,0,18,0,8,0,0,0,0,1,1,1,1,54,8,1753,2,7,3,1,3
201634WS11596,1,9,0,18,0,0,5,0,1,0,1,1,6,1,24,5,2490,1,21,5,2,5
201634WS11726,1,9,0,18,0,0,0,0,5,4,1,1,6,1,20,4,1242,1,15,5,1,5
201634WS11806,1,9,0,9,0,8,0,0,0,0,1,1,6,1,37,7,-1,-1,-1,-1,-1,-1
201634WS11806,2,9,0,18,0,8,0,0,0,0,1,1,1,2,18,4,1242,1,15,9,3,9
201634WS11816,1,9,0,18,0,8,0,0,0,0,1,1,6,1,-1,-1,1299,1,17,-1,-1,-1
201634WS11816,2,9,0,3,0,8,0,0,0,0,3,1,6,1,42,7,1686,2,8,6,1,6
201634WS11876,1,9,0,18,0,8,1,0,1,2,1,1,2,1,20,4,2171,1,12,2,1,2
201634WS11916,1,21,0,12,0,0,0,0,0,0,1,2,1,1,57,9,-1,-1,-1,-1,-1,-1
201634WS11916,2,9,0,18,0,0,0,0,1,9,4,1,1,2,41,7,1968,2,6,9,1,9
201634WS12046,1,9,0,18,0,8,0,0,0,0,1,1,6,1,22,5,1390,1,14,2,1,2
201634WS12046,2,9,0,3,0,8,0,0,0,0,2,1,6,2,74,10,948,1,57,6,3,6
201634WS12046,3,19,0,3,0,8,0,0,0,0,2,1,1,1,39,7,2143,2,1,-1,2,-1
201634WS12276,1,9,0,7,0,8,0,0,0,0,4,1,6,1,-1,-1,-1,-1,-1,-1,-1,-1
201634WS12276,2,1,0,18,0,8,0,0,0,0,1,1,6,1,41,7,-1,-1,-1,9,1,9
201634WS12656,1,11,0,14,0,0,0,0,0,0,2,1,1,1,65,9,4500,2,1,9,1,9
201634WS12656,2,1,0,18,0,0,0,0,0,0,1,1,6,2,29,6,-1,-1,-1,9,1,9
201634WS12666,1,9,0,18,0,8,0,0,0,0,1,1,6,1,32,6,1229,1,3,3,1,3
201634WS12666,2,5,0,18,0,8,0,0,0,0,1,1,6,1,67,10,998,1,4,10,2,10
201634WS12676,1,9,0,18,0,0,1,0,0,0,1,1,6,2,22,5,998,1,1,8,1,8
201634WS12676,2,9,0,3,0,0,0,0,0,0,2,1,6,1,50,8,1900,2,11,7,1,7
201634WS12926,1,9,0,18,0,8,1,10,1,0,1,1,6,1,23,5,1343,1,13,10,2,10
201634WS12926,2,19,0,18,0,8,0,0,0,0,1,1,6,1,45,7,1968,2,1,10,3,10
201634WS12946,1,19,0,14,0,0,0,0,0,0,1,1,6,1,44,7,2148,2,10,3,1,3
201634WS12946,2,9,0,6,0,0,0,0,0,0,3,1,6,1,87,11,1396,2,5,-1,2,-1
201634WS12956,1,9,0,18,0,0,0,10,1,3,1,1,2,2,31,6,1781,1,13,7,2,7
201634WS13016,1,5,0,16,0,0,0,0,0,0,1,1,6,1,55,8,599,1,18,2,1,2
201634WS13016,2,9,0,17,0,0,0,0,0,0,1,1,6,1,67,10,-1,-1,-1,10,2,10
201634WS13116,1,9,0,13,0,0,0,0,0,0,4,1,6,1,-1,-1,-1,-1,-1,8,1,8
201634WS13116,2,1,0,18,0,0,0,0,0,0,3,1,2,1,23,5,-1,-1,-1,8,2,8
201634WS13126,1,9,0,18,0,8,0,0,0,0,1,1,6,1,-1,-1,1997,2,-1,-1,-1,-1
201634WS13126,2,9,0,3,0,8,0,0,0,0,2,1,1,1,40,7,1896,2,11,7,3,7
201634WS13136,1,21,4,18,0,0,1,0,0,0,1,1,6,1,48,8,-1,-1,-1,-1,-1,-1
201634WS13236,1,9,0,18,0,0,0,0,0,0,1,1,6,1,72,10,1364,2,10,5,1,5
201634WS13246,1,9,0,18,0,0,0,0,0,0,1,1,6,1,47,8,6000,1,57,-1,-1,-1
201634WS13246,2,9,0,18,0,0,0,0,0,0,1,1,1,2,51,8,1686,2,2,9,3,9
201634WS13426,1,9,0,18,0,0,0,0,0,0,1,1,6,1,72,10,1598,1,1,7,1,7
201634WS13426,2,9,0,3,0,0,0,0,1,0,2,1,6,1,23,5,973,1,16,7,3,7
201634WS13426,3,9,0,3,0,0,0,0,0,0,2,1,6,1,32,6,-1,-1,-1,8,1,8
201634WS13436,1,9,0,9,0,8,0,0,0,0,3,1,3,2,39,7,1560,2,2,10,3,10
201634WS13436,2,5,0,13,0,8,0,0,0,0,1,1,6,1,56,9,781,1,16,-1,-1,-1
201634WS13476,1,9,0,18,0,8,0,0,0,0,1,1,3,2,18,4,1299,1,11,8,1,8
201634WS13676,1,9,0,9,0,8,0,0,0,0,1,1,6,1,17,4,899,1,3,8,3,8
201634WS13676,2,9,0,18,0,8,0,0,0,0,1,1,6,2,49,8,1968,2,1,10,2,10
201634WS13686,1,9,0,9,0,8,0,0,0,0,1,1,6,1,24,5,1999,1,11,10,2,10
201634WS13686,2,9,0,18,0,8,0,0,0,0,1,1,6,2,48,8,1796,1,13,8,3,8
201634WS13696,1,9,0,10,0,8,0,0,0,0,1,1,3,2,39,7,2926,2,16,9,1,9
201634WS13696,2,3,0,17,0,8,0,0,0,0,4,1,1,1,22,5,125,1,4,7,2,7
201634WS13726,1,4,0,18,0,0,0,0,0,0,1,1,1,1,21,5,250,1,2,9,2,9
201634WS13726,2,9,0,10,0,0,0,0,0,0,2,1,1,1,58,9,1995,2,4,10,2,10
201634WS13786,1,9,0,16,0,0,0,0,1,0,1,1,6,2,19,4,1360,1,10,8,1,8
201634WS13786,2,9,0,17,0,0,0,0,1,0,1,1,6,2,85,11,1396,1,1,8,1,8
201634WS13816,1,9,0,10,0,8,0,0,0,0,1,1,6,2,30,6,2179,2,7,8,3,8
201634WS13816,2,9,0,18,0,8,0,0,0,0,1,1,6,1,71,10,1560,2,-1,8,3,8
201634WS13916,1,21,0,11,0,0,0,0,0,0,4,1,6,3,-1,-1,12902,2,3,-1,-1,-1
201634WS13916,2,19,0,18,0,0,0,0,1,7,3,1,2,1,37,7,-1,-1,-1,-1,-1,-1
201634WS14076,1,21,0,17,0,0,0,0,0,0,2,1,1,1,36,7,11705,2,9,8,1,8
201634WS14076,2,21,1,16,0,0,0,0,1,0,1,1,1,2,31,6,12419,2,1,1,1,1
201634WS14166,1,19,0,17,0,0,0,0,0,0,3,1,1,1,28,6,2143,2,2,9,1,9
201634WS14166,2,9,0,16,0,0,0,0,0,0,1,1,2,1,34,6,-1,-1,-1,8,3,8
201634WS14276,1,19,0,18,0,8,1,0,0,0,1,1,2,1,25,5,1753,2,11,8,1,8
201634WS14276,2,9,0,10,0,8,0,0,0,0,2,1,6,2,55,8,1995,2,6,9,3,9
201634WS14356,1,9,0,18,0,0,0,0,0,0,1,1,6,1,37,7,3189,1,9,8,1,8
201634WS14356,2,9,0,3,0,0,0,0,0,0,2,1,6,1,30,6,1995,2,1,7,1,7
201634WS14356,3,9,0,3,0,0,0,0,0,0,2,1,6,1,48,8,1753,2,8,10,1,10
201634WS14366,1,9,0,18,0,0,0,0,0,0,1,1,6,1,38,7,1998,1,14,8,2,8
201634WS14366,2,9,0,18,0,0,0,0,1,0,2,1,6,1,28,6,1242,1,12,9,1,9
201634WS14366,3,9,0,18,0,0,0,0,0,0,1,1,6,1,47,8,1582,2,4,7,1,7
201634WS14396,1,9,0,9,0,8,0,0,0,0,2,1,6,2,69,10,1400,1,9,7,1,7
201634WS14396,2,5,0,18,0,8,0,0,0,0,1,1,6,1,28,6,645,1,17,7,3,7
201634WS14406,1,9,0,16,0,8,0,0,0,0,1,1,6,3,-1,-1,-1,-1,-1,-1,-1,-1
201634WS14406,2,9,0,17,0,8,0,0,1,0,1,1,2,2,23,5,1390,1,13,2,1,2
201634WS14416,1,21,0,18,0,0,0,0,0,0,1,1,1,1,56,9,6870,2,8,2,1,2
201634WS14416,2,9,0,2,0,0,0,0,0,0,2,1,6,1,51,8,1248,2,12,1,1,1
201634WS14576,1,19,0,18,0,0,0,0,7,0,1,1,1,1,30,6,1968,2,1,5,1,5
201634WS14576,2,21,4,18,0,0,0,0,1,0,2,1,1,1,36,7,10308,2,8,5,1,5
201634WS14576,3,9,0,18,0,0,0,0,0,0,1,1,1,1,42,7,2993,2,5,10,3,10
201634WS14606,1,9,0,3,0,0,0,0,0,0,2,1,6,1,-1,-1,-1,-1,-1,6,1,6
201634WS14606,2,9,0,3,0,0,0,0,0,0,2,1,6,1,29,6,2000,1,11,-1,-1,-1
201634WS14606,3,9,0,3,0,0,0,0,0,0,2,1,6,1,33,6,1956,2,2,7,1,7
201634WS14606,4,9,0,18,0,0,0,0,0,0,1,1,6,3,-1,-1,-1,-1,-1,-1,-1,-1
201634WS14606,5,19,0,18,0,0,0,0,0,0,1,1,6,1,30,6,2198,2,6,2,1,2
201634WS14616,1,21,0,18,0,0,0,0,0,0,1,1,1,1,33,6,12900,2,9,4,1,4
201634WS14616,2,21,4,18,0,0,0,0,0,0,2,1,1,1,42,7,-1,-1,-1,-1,1,-1
201634WS14616,3,21,4,18,0,0,0,0,0,0,2,1,1,1,33,6,12740,2,1,4,1,4
201634WS14706,1,9,0,18,0,8,1,0,0,0,1,1,1,2,28,6,-1,-1,-1,3,1,3
201634WS14706,2,9,0,18,0,8,1,0,0,0,4,1,1,1,25,5,1595,1,13,7,1,7
201634WS14906,1,9,0,18,0,0,0,0,7,11,0,1,6,1,40,7,1896,2,11,8,3,8
201634WS14926,1,9,0,7,0,8,0,0,0,0,1,1,6,2,-1,-1,1598,1,3,9,3,9
201634WS14926,2,9,0,18,0,8,0,0,0,0,1,1,6,2,17,4,-1,-1,-1,10,2,10
201634WS14966,1,9,0,9,0,8,0,0,0,0,4,1,6,1,23,5,1598,2,3,8,1,8
201634WS14966,2,9,0,18,0,8,1,0,0,0,1,1,6,1,38,7,973,1,14,3,1,3
201634WS15076,1,9,0,18,0,0,0,0,0,0,1,1,6,1,-1,-1,1598,1,5,10,1,10
201634WS15106,1,9,0,18,0,0,0,0,1,11,1,1,6,1,64,9,2982,2,19,6,3,6
201634WS15116,1,21,1,18,0,0,0,0,0,0,1,1,6,1,53,8,12777,2,3,5,1,5
201634WS15116,2,9,0,3,0,0,0,0,0,0,2,1,6,2,46,8,1242,1,7,9,1,9
201634WS15116,3,19,0,3,0,0,0,0,0,0,2,1,2,1,53,8,1995,2,-1,3,1,3
201634WS15186,1,9,0,18,0,0,0,0,0,0,1,1,6,2,63,9,1390,1,5,2,1,2
201634WS15186,2,9,0,3,0,0,0,0,0,0,2,1,2,1,54,8,2099,1,14,3,1,3
201634WS15186,3,9,0,2,0,0,0,0,0,0,0,1,6,1,-1,-1,1149,1,11,10,1,10
201634WS15206,1,19,0,18,0,0,1,0,0,0,1,1,1,1,51,8,1598,2,5,7,3,7
201634WS15206,2,9,0,3,0,0,0,0,0,0,2,1,1,1,50,8,2143,12,1,9,1,9
201634WS15226,1,9,0,9,0,7,0,0,7,1,4,1,6,1,26,6,1968,2,-1,9,1,9
201634WS15226,2,9,0,18,0,8,0,0,0,0,1,1,6,1,29,6,2179,2,8,8,2,8
201634WS15226,3,9,0,2,0,8,0,0,0,1,1,1,6,3,-1,-1,-1,-1,-1,-1,-1,-1
201634WS15246,1,9,0,18,0,0,5,0,7,11,1,1,6,1,73,10,1796,1,17,7,2,7
201634WS15246,2,9,0,18,0,0,0,0,0,0,1,1,6,1,29,6,1560,2,5,10,1,10
201634WS15366,1,9,0,3,0,0,0,0,0,0,0,1,6,1,20,4,1839,1,20,9,3,9
201634WS15366,2,9,0,18,0,0,0,0,0,0,1,1,2,1,65,9,1596,1,4,7,1,7
201634WS15466,1,9,0,5,0,0,0,0,0,0,0,1,6,1,23,5,1796,1,2,-1,-1,-1
201634WS15466,2,21,0,18,0,0,0,0,1,0,1,1,1,1,53,8,-1,-1,-1,-1,-1,-1
201634WS15606,1,19,0,18,0,0,0,0,0,0,0,1,1,1,-1,-1,1997,2,4,-1,-1,-1
201634WS15606,2,9,0,18,0,0,0,0,1,0,0,1,6,2,37,7,1398,8,4,7,3,7
201634WS15756,1,9,0,18,0,0,0,0,0,0,1,1,6,1,25,5,-1,-1,-1,3,1,3
201634WS15756,2,9,0,18,0,0,0,0,0,0,2,1,6,1,42,7,1339,1,13,-1,-1,-1
201634WS15806,1,9,0,18,0,0,1,0,1,4,0,1,6,1,18,4,1229,1,11,-1,-1,-1
201634WS15836,1,9,0,18,0,0,1,0,7,4,0,1,6,2,23,5,1596,1,16,-1,-1,-1
201634WS80026,1,9,0,18,0,0,2,0,1,9,1,1,6,1,50,8,-1,-1,-1,5,1,5
201634WS80096,1,5,0,18,0,0,0,0,0,0,1,1,6,1,50,8,998,1,14,7,2,7
201634WS80096,2,9,0,18,0,0,0,0,0,0,1,1,6,2,46,8,1995,2,-1,8,1,8
2016350000116,1,9,0,18,0,1,0,0,0,0,0,1,1,1,30,6,2319,2,4,8,1,8
2016350000116,2,9,0,18,0,1,0,10,2,1,4,1,6,1,24,5,-1,-1,-1,10,1,10
2016350000216,1,9,0,5,0,0,0,0,0,0,1,1,6,3,-1,-1,-1,-1,-1,-1,-1,-1
2016350000316,1,9,0,17,0,0,1,0,1,4,3,1,6,1,38,7,-1,-1,-1,9,1,9
2016350000416,1,21,1,7,0,3,0,0,0,0,4,1,1,1,40,7,12900,2,7,-1,-1,-1
2016350000416,2,1,0,18,0,8,5,0,0,0,3,1,6,1,43,7,-1,-1,-1,4,1,4
2016350000516,1,3,0,17,0,4,1,10,1,7,3,1,2,1,18,4,-1,-1,-1,-1,-1,-1
2016350000616,1,9,0,17,0,0,1,0,1,1,1,1,2,1,23,5,1598,2,5,9,1,9
2016350000716,1,21,1,4,0,0,1,0,0,0,1,1,1,1,59,9,12777,2,6,3,1,3
2016350000716,2,19,0,4,0,0,0,0,0,0,2,1,1,1,27,6,2198,2,2,9,1,9
2016350000716,3,21,0,4,0,0,0,0,0,0,2,1,1,1,57,9,4461,2,4,7,3,7
2016350000816,1,9,0,17,0,8,0,0,0,7,1,1,6,2,22,5,1149,1,11,8,2,8
2016350000916,1,9,0,18,0,5,0,0,0,0,3,1,6,2,51,8,1588,1,17,5,1,5
2016350000916,2,9,0,17,0,8,0,0,0,0,3,1,6,1,59,9,1798,1,9,3,1,3
2016350001016,1,9,0,17,0,0,0,0,0,0,1,1,6,1,40,7,1598,1,10,2,1,2
2016350001016,2,9,0,16,0,0,0,0,0,0,1,1,6,2,42,7,1796,1,11,9,1,9
2016350001116,1,9,0,18,0,1,0,7,3,7,1,1,6,1,65,9,1560,2,1,7,1,7
2016350001116,2,9,0,18,0,1,0,7,3,7,2,1,6,2,45,7,1399,2,5,8,2,8
2016350001216,1,9,0,18,0,1,0,0,0,0,1,1,6,-1,-1,-1,998,1,4,10,1,10
2016350001216,2,1,0,18,0,1,0,0,0,0,1,1,1,2,50,8,-1,-1,-1,8,1,8
2016350001316,1,9,0,18,0,8,0,0,0,0,3,1,6,1,60,9,1997,1,20,-1,-1,-1
2016350001316,2,9,0,18,0,6,0,0,0,0,1,1,2,2,55,8,999,1,3,8,1,8
2016350001416,1,9,0,7,0,0,0,0,0,0,4,1,1,2,26,6,1364,2,10,7,2,7
2016350001416,2,9,0,18,0,0,1,0,7,0,3,1,1,1,23,5,1598,1,14,10,1,10
2016350001516,1,9,0,18,0,0,0,0,0,0,1,1,6,1,49,8,-1,-1,-1,3,3,3
2016350001616,1,9,0,18,0,0,0,0,0,0,4,1,6,2,35,6,1398,1,3,4,1,4
2016350001716,1,9,0,18,0,0,0,4,0,0,1,1,6,1,81,11,1200,1,4,5,1,5
2016350001716,2,21,0,2,9,0,0,0,0,0,2,1,1,1,45,7,11021,2,16,4,3,4
2016350001816,1,20,1,18,0,0,0,0,0,0,0,1,1,1,-1,-1,-1,-1,-1,-1,-1,-1
2016350001816,2,9,0,18,0,0,0,11,0,0,1,1,6,2,66,10,1560,2,3,6,2,6
2016350001916,1,9,0,9,0,5,0,0,1,0,1,1,1,1,30,6,1598,1,12,2,1,2
2016350001916,2,19,0,18,0,8,0,0,0,0,1,1,1,1,35,6,2148,2,10,1,1,1
2016350002016,1,9,0,18,0,6,0,0,0,0,1,1,2,2,51,8,1560,2,6,6,3,6
2016350002016,2,9,0,3,0,8,0,0,0,0,2,1,2,1,30,6,3498,1,15,9,2,9
2016350002116,1,9,0,7,0,8,0,0,0,0,1,1,6,3,-1,-1,-1,-1,-1,-1,-1,-1
2016350002116,2,1,0,9,0,8,0,0,0,0,2,1,-1,1,17,4,-1,-1,-1,10,1,10
2016350002216,1,1,0,18,4,8,0,0,0,0,1,1,6,1,56,9,-1,-1,-1,8,3,8
2016350002216,2,9,0,9,0,6,0,0,0,0,3,1,6,1,50,8,1998,2,11,3,1,3
2016350002316,1,9,0,3,0,0,0,0,0,0,3,1,6,1,71,10,1997,2,7,9,2,9
2016350002316,2,9,0,4,0,0,0,0,0,0,3,1,1,1,31,6,1587,1,9,5,1,5
2016350002316,3,3,0,14,0,0,0,8,0,0,1,1,6,1,43,7,-1,-1,-1,10,1,10
2016350002416,1,9,0,7,0,6,0,0,0,0,0,1,6,3,-1,-1,-1,-1,-1,-1,-1,-1
2016350002416,2,9,0,18,0,8,0,0,0,0,1,1,6,2,37,7,1685,2,3,3,3,3
2016350002416,3,11,0,18,0,8,0,0,0,0,1,1,1,1,60,9,9600,2,18,3,3,3
2016350002516,1,9,0,16,0,0,0,0,7,9,1,1,2,2,36,7,1998,1,12,9,1,9
2016350002616,1,9,0,18,0,0,0,0,1,0,1,1,6,1,18,4,998,1,8,7,3,7
2016350002616,2,20,0,2,6,0,0,0,0,0,2,1,6,1,61,9,-1,-1,-1,4,3,4
2016350002716,1,9,0,18,0,7,0,0,0,0,0,1,6,3,-1,-1,-1,-1,-1,-1,-1,-1
2016350002716,2,19,0,4,0,1,0,0,0,0,0,1,6,1,25,5,-1,-1,-1,10,1,10
2016350002716,3,9,0,18,0,1,0,0,0,0,2,1,6,1,23,5,1998,1,4,10,2,10
2016350002716,4,9,0,18,0,1,0,0,0,0,1,1,6,1,25,5,1360,1,8,10,2,10
2016350002816,1,9,0,18,0,0,0,0,0,0,1,1,6,2,52,8,1598,1,10,5,1,5
2016350002916,1,9,0,16,0,8,0,0,1,9,0,1,2,2,26,6,1398,2,13,1,1,1
2016350003016,1,9,0,16,0,0,0,0,7,9,1,1,6,2,66,10,1598,1,7,10,2,10
2016350003116,1,9,0,5,0,4,0,0,0,0,1,1,2,2,56,9,1248,1,3,5,1,5
2016350003116,2,1,0,18,0,3,0,0,0,0,1,1,2,1,35,6,-1,-1,-1,2,1,2
2016350003216,1,3,0,18,0,1,0,0,0,0,0,1,2,1,41,7,124,1,5,3,1,3
2016350003316,1,8,0,9,0,5,0,0,0,0,1,1,1,1,38,7,1896,2,10,6,1,6
2016350003316,2,3,0,18,0,8,0,0,0,0,1,1,6,1,23,5,-1,-1,-1,6,1,6
2016350003416,1,9,4,18,0,0,0,0,1,4,1,1,6,1,63,9,1493,2,9,9,3,9
2016350003516,1,9,0,17,0,1,1,0,1,10,0,1,6,1,23,5,2979,1,14,10,2,10
2016350003616,1,1,0,18,0,0,0,0,0,0,1,1,6,1,48,8,-1,-1,-1,7,1,7
2016350003616,2,9,0,1,0,0,0,0,0,0,2,1,6,2,30,6,1329,1,1,-1,-1,-1
2016350003716,1,21,1,5,0,1,0,0,0,0,1,1,1,1,25,5,12777,2,8,4,1,4
2016350003716,2,9,0,3,0,1,0,0,1,2,2,1,6,2,24,5,1598,2,3,1,1,1
2016350003816,1,9,0,7,0,5,0,0,0,0,1,1,1,1,45,7,-1,-1,-1,-1,-1,-1
2016350003816,2,1,0,18,0,8,0,0,0,0,3,1,6,2,21,5,-1,-1,-1,10,1,10
2016350003916,1,9,0,2,0,0,0,0,1,0,0,1,6,2,70,10,-1,-1,-1,4,1,4
2016350004116,1,9,0,7,0,6,0,0,0,0,1,1,2,2,39,7,1364,1,2,10,1,10
2016350004116,2,9,0,18,0,8,0,0,0,0,4,1,3,2,63,9,1685,2,1,10,2,10
2016350004116,3,9,0,10,0,1,0,0,0,0,3,1,3,2,40,7,-1,-1,-1,9,3,9
2016350004216,1,9,0,16,0,0,0,0,2,1,1,1,6,1,31,6,1984,1,18,7,1,7
2016350004316,1,9,0,18,0,0,0,0,0,0,4,1,1,1,58,9,-1,-1,-1,4,1,4
2016350004416,1,9,0,18,0,0,1,0,1,4,4,1,6,2,30,6,1149,1,9,7,2,7
2016350004516,1,9,0,9,0,5,0,0,0,0,4,1,6,2,21,5,1229,1,2,8,2,8