Accident_Index,Vehicle_Reference,Vehicle_Type,Towing_and_Articulation,Vehicle_Manoeuvre,Vehicle_Location-Restricted_Lane,Junction_Location,Skidding_and_Overturning,Hit_Object_in_Carriageway,Vehicle_Leaving_Carriageway,Hit_Object_off_Carriageway,1st_Point_of_Impact,Was_Vehicle_Left_Hand_Drive?,Journey_Purpose_of_Driver,Sex_of_Driver,Age_of_Driver,Age_Band_of_Driver,Engine_Capacity_(CC),Propulsion_Code,Age_of_Vehicle,Driver_IMD_Decile,Driver_Home_Area_Type,Vehicle_IMD_Decile
2016350004516,2,1,0,18,0,8,0,0,0,0,1,1,6,1,33,6,-1,-1,-1,-1,-1,-1
2016350004616,1,9,0,18,0,0,0,0,0,0,3,1,6,1,69,10,1998,2,6,-1,-1,-1
2016350004716,1,19,0,18,0,0,0,0,0,0,2,1,1,1,54,8,-1,-1,-1,9,1,9
2016350004716,2,9,0,18,0,0,0,0,0,0,1,1,1,1,27,6,1461,2,3,8,1,8
2016350004816,1,3,0,16,0,0,1,0,0,0,0,1,1,1,40,7,-1,-1,-1,5,2,5
2016350004916,1,9,0,4,0,0,0,0,0,0,1,1,2,1,37,7,1560,2,5,4,3,4
2016350004916,2,9,0,3,0,0,0,0,0,0,2,1,6,2,39,7,2993,2,-1,9,1,9
2016350005016,1,3,0,16,0,2,1,0,0,0,1,1,4,1,18,4,124,1,1,3,1,3
2016350005016,2,19,0,17,0,1,0,0,0,0,1,1,1,1,36,7,-1,-1,-1,5,2,5
2016350005316,1,9,0,5,0,8,0,0,0,0,4,1,3,2,33,6,2400,1,12,9,3,9
2016350005316,2,20,0,18,0,8,0,0,0,0,1,1,1,1,64,9,4461,2,6,9,3,9
2016350005416,1,9,0,18,0,1,0,0,0,0,1,1,6,1,66,10,1582,2,3,-1,-1,-1
2016350005416,2,9,0,9,0,8,0,7,0,0,4,1,6,1,27,6,2979,1,12,7,2,7
2016350005416,3,8,0,3,0,1,0,0,0,0,1,1,1,1,56,9,1248,2,9,-1,-1,-1
2016350005516,1,9,0,17,0,0,0,0,2,10,1,1,6,2,18,4,1149,1,15,4,2,4
2016350005616,1,19,0,18,0,6,0,0,0,0,4,1,1,1,23,5,2198,2,4,4,3,4
2016350005616,2,9,0,18,0,8,0,0,0,0,1,1,6,1,76,11,-1,-1,-1,3,3,3
2016350005716,1,1,0,18,0,8,0,0,0,0,1,1,6,1,32,6,-1,-1,-1,10,1,10
2016350005716,2,8,0,5,0,6,0,0,0,0,3,1,1,1,44,7,1598,2,5,5,1,5
2016350005816,1,9,0,12,0,0,0,0,0,0,1,1,6,1,40,7,2494,1,14,1,1,1
2016350005816,2,21,0,4,0,0,0,0,0,0,2,1,1,1,57,9,12777,2,2,2,1,2
2016350005916,1,9,0,18,0,0,0,0,0,0,3,1,6,3,-1,-1,-1,-1,-1,-1,-1,-1
2016350005916,2,9,0,18,0,0,0,0,0,0,1,1,6,1,69,10,-1,-1,-1,9,3,9
2016350006016,1,9,0,11,0,0,1,0,0,7,1,1,6,1,42,7,-1,-1,-1,6,1,6
2016350006116,1,9,0,5,0,0,0,0,0,0,3,1,6,2,-1,-1,1229,1,5,7,1,7
2016350006216,1,9,0,18,0,1,0,0,0,0,1,1,6,1,-1,-1,-1,-1,-1,-1,-1,-1
2016350006316,1,19,0,18,0,0,0,0,1,0,1,1,1,1,45,7,2143,2,2,4,2,4
2016350006316,2,9,0,18,0,0,0,0,1,0,2,1,1,1,72,10,1582,2,7,6,2,6
2016350006416,1,4,0,18,0,0,0,11,0,0,1,1,6,1,35,6,249,1,10,6,2,6
2016350006516,1,9,0,13,0,0,0,0,0,0,0,1,2,1,43,7,2143,2,6,8,1,8
2016350006516,2,3,0,4,0,0,0,0,0,0,4,1,1,1,22,5,124,1,1,8,1,8
2016350006616,1,9,0,4,0,0,1,0,0,0,1,1,6,2,25,5,1598,1,10,3,1,3
2016350006616,2,9,0,4,0,0,0,0,0,0,2,1,6,1,75,10,1997,2,7,5,1,5
2016350006716,1,9,0,7,0,6,0,0,0,0,1,1,6,1,38,7,2171,1,15,6,2,6
2016350006716,2,1,0,18,4,8,0,0,0,0,2,1,6,1,35,6,-1,-1,-1,8,2,8
2016350006816,1,9,0,18,0,7,0,0,0,0,1,1,6,1,19,4,1242,1,4,8,2,8
2016350006816,2,9,0,18,0,7,0,0,0,0,2,1,6,1,23,5,1149,1,9,5,3,5
2016350007016,1,4,0,4,0,0,0,0,0,0,1,1,6,1,27,6,998,1,7,9,3,9
2016350007016,2,9,0,3,0,0,0,0,0,0,2,1,6,1,51,8,-1,-1,-1,4,1,4
2016350007116,1,9,0,5,0,6,0,0,0,0,1,1,6,1,43,7,4244,1,9,10,3,10
2016350007116,2,9,0,18,0,8,0,0,0,0,1,1,6,2,32,6,1595,1,16,7,2,7
2016350007216,1,9,0,13,0,2,0,0,0,0,4,1,6,2,84,11,899,1,17,4,1,4
2016350007216,2,1,0,18,0,2,0,0,1,0,3,1,3,1,51,8,-1,-1,-1,6,1,6
2016350007316,1,9,0,18,0,3,0,0,0,0,1,1,6,1,35,6,2000,2,11,9,1,9
2016350007316,2,9,0,4,0,3,0,0,0,0,2,1,6,2,50,8,1560,2,3,10,1,10
2016350007416,1,9,0,12,0,0,0,0,0,0,3,1,6,2,40,7,1896,2,14,1,1,1
2016350007416,2,19,0,18,0,0,0,0,0,0,4,1,6,1,-1,-1,-1,-1,-1,-1,-1,-1
2016350007516,1,8,0,14,0,0,0,0,0,0,4,1,1,1,43,7,2688,2,11,2,1,2
2016350007716,1,9,0,7,0,6,0,0,0,0,1,1,6,1,-1,-1,1422,2,13,3,1,3
2016350007716,2,1,0,18,0,8,0,0,0,0,1,1,6,2,26,6,-1,-1,-1,6,1,6
2016350007816,1,9,0,18,0,1,0,0,0,0,1,1,6,1,63,9,1997,1,18,4,2,4
2016350007816,2,17,4,10,0,1,0,0,0,0,2,1,1,1,28,6,-1,2,21,6,3,6
2016350007916,1,9,0,18,0,2,0,4,0,0,1,1,6,2,19,4,1124,1,15,7,3,7
2016350007916,2,9,0,2,0,2,0,4,0,0,2,1,6,2,72,10,-1,-1,-1,10,2,10
2016350007916,3,19,0,2,0,2,0,0,0,0,2,1,6,3,-1,-1,1598,2,2,2,1,2
2016350008016,1,9,0,18,0,0,0,0,0,0,1,1,6,1,36,7,2204,2,10,7,1,7
2016350008016,2,1,0,18,0,0,0,0,1,0,2,1,1,1,42,7,-1,-1,-1,7,1,7
2016350008116,1,9,0,9,0,8,0,0,0,0,0,1,6,1,80,11,-1,-1,-1,9,1,9
2016350008116,2,1,0,18,0,1,0,0,0,0,0,1,6,2,44,7,-1,-1,-1,9,3,9
2016350008216,1,21,1,18,0,0,0,0,0,0,3,2,1,2,-1,-1,-1,-1,-1,-1,-1,-1
2016350008216,2,9,0,11,0,0,2,0,2,1,4,1,1,2,23,5,998,1,3,5,2,5
2016350008416,1,9,0,18,0,4,0,0,0,0,1,1,6,2,-1,-1,-1,-1,-1,-1,-1,-1
2016350008416,2,1,0,18,0,8,0,0,0,0,4,1,6,1,47,8,-1,-1,-1,6,1,6
2016350008516,1,20,0,13,0,0,2,0,7,10,3,1,1,1,17,4,-1,-1,-1,7,3,7
2016350008516,2,9,0,18,0,0,1,0,7,10,3,1,1,2,51,8,1349,1,2,10,1,10
2016350008616,1,9,0,13,0,0,0,0,0,0,1,1,6,1,30,6,1396,1,14,5,2,5
2016350008616,2,9,0,18,0,0,0,0,0,0,1,1,6,2,53,8,-1,-1,-1,6,3,6
2016350008716,1,9,0,18,0,0,0,0,7,9,3,1,6,1,60,9,1686,2,12,8,3,8
2016350008716,2,9,0,18,0,0,0,0,7,9,3,1,6,1,48,8,-1,-1,-1,9,2,9
2016350008816,1,2,0,7,0,5,0,0,0,0,1,1,2,2,59,9,124,1,8,6,1,6
2016350008816,2,1,0,18,4,8,0,0,0,0,3,1,2,1,24,5,-1,-1,-1,10,1,10
2016350008916,1,9,0,4,0,2,0,0,0,0,1,1,6,3,-1,-1,1984,1,14,-1,-1,-1
2016350009016,1,9,0,12,0,1,1,0,0,0,1,1,6,1,23,5,1796,1,16,1,1,1
2016350009016,2,9,0,11,0,1,0,0,0,0,2,1,6,2,23,5,1299,1,12,8,1,8
2016350009016,3,9,0,10,0,1,0,0,0,0,2,1,6,2,23,5,1560,2,3,8,2,8
2016350009116,1,9,0,18,0,0,1,0,0,0,1,1,6,1,38,7,1339,1,13,10,3,10
2016350009116,2,9,0,18,0,0,0,0,0,0,1,1,1,1,38,7,1248,2,4,9,2,9
2016350009216,1,9,0,1,0,0,0,0,0,0,2,1,6,1,69,10,1796,1,16,9,1,9
2016350009316,1,9,0,18,0,0,0,0,0,0,1,1,6,1,32,6,-1,-1,-1,-1,-1,-1
2016350009316,2,1,0,12,0,0,0,0,0,0,3,1,6,1,23,5,-1,-1,-1,3,1,3
2016350009416,1,9,0,16,0,1,0,0,0,0,3,1,6,1,59,9,1968,2,3,6,3,6
2016350009416,2,9,0,17,0,2,0,0,0,0,3,1,6,2,38,7,1896,2,14,9,3,9
2016350009416,3,9,0,9,0,1,0,0,0,0,2,1,6,1,-1,-1,1560,2,5,5,2,5
2016350009516,1,9,0,18,0,0,0,0,0,0,1,1,6,1,30,6,1999,2,9,3,1,3
2016350009516,2,9,0,4,0,0,0,0,0,0,2,1,6,2,34,6,1956,2,5,-1,-1,-1
2016350009516,3,9,0,2,6,0,0,0,0,0,2,1,6,2,23,5,1242,1,19,4,1,4
2016350009516,4,9,0,3,0,0,0,0,0,0,4,1,6,1,39,7,1796,1,12,3,1,3
2016350009616,1,9,0,16,0,0,0,0,7,0,4,1,6,1,41,7,1591,1,3,6,1,6
2016350009616,2,9,0,17,0,0,0,0,0,0,1,1,1,1,42,7,1997,2,4,4,1,4
2016350009716,1,21,1,4,0,0,0,0,0,0,1,1,1,1,29,6,-1,-1,-1,8,1,8
2016350009716,2,9,0,4,0,0,0,0,0,0,2,1,1,1,64,9,1896,2,16,7,1,7
2016350009716,3,21,1,4,0,0,0,0,0,0,2,1,1,1,49,8,12900,2,7,8,1,8
2016350009816,1,9,0,9,0,6,0,0,0,0,1,1,2,1,57,9,1560,2,6,7,3,7
2016350009816,2,1,0,18,0,8,0,0,0,0,4,1,2,1,26,6,-1,-1,-1,4,3,4
2016350009916,1,9,0,18,0,0,0,0,0,0,4,1,6,1,26,6,2926,2,13,9,1,9
2016350009916,2,90,0,12,7,0,0,0,0,0,3,1,1,1,56,9,6700,2,1,4,1,4
2016350010016,1,3,0,16,0,0,1,0,0,0,0,1,4,2,19,4,125,1,1,10,2,10
2016350010116,1,9,0,9,0,6,0,0,0,0,1,1,2,1,50,8,2099,1,13,1,1,1
2016350010116,2,1,0,18,0,8,0,0,0,0,1,1,2,1,43,7,-1,-1,-1,-1,-1,-1
2016350010216,1,9,0,9,0,6,0,0,0,0,3,1,2,1,25,5,1590,1,15,6,2,6
2016350010216,2,1,0,18,0,8,0,0,0,0,1,1,2,1,40,7,-1,-1,-1,8,3,8
2016350010316,1,21,1,18,0,1,0,0,0,0,1,1,1,1,31,6,12777,2,5,-1,-1,-1
2016350010316,2,9,0,4,0,1,0,0,0,0,2,1,6,1,48,8,1497,8,9,7,2,7
2016350010316,3,9,0,4,0,1,0,0,0,0,2,1,6,1,27,6,1968,2,5,8,1,8
2016350010316,4,9,0,4,0,1,0,0,0,0,2,1,6,1,60,9,1400,1,8,10,1,10
2016350010416,1,9,0,7,0,6,0,0,0,0,3,1,6,1,-1,-1,-1,-1,-1,-1,-1,-1
2016350010416,2,8,0,4,0,8,0,0,0,0,1,1,1,1,36,7,1997,2,10,2,1,2
2016350010516,1,9,0,6,0,0,0,7,0,1,1,1,2,2,51,8,1598,2,4,8,3,8
2016350010616,1,9,0,18,0,8,0,0,0,0,4,1,6,2,24,5,1399,2,5,9,1,9
2016350010616,2,11,0,9,0,6,0,0,0,0,1,1,1,1,48,8,6700,2,6,4,2,4
2016350010716,1,9,0,9,0,1,0,0,0,0,4,1,6,3,-1,-1,-1,-1,-1,-1,-1,-1
2016350010716,2,8,0,3,0,1,0,0,0,0,3,1,1,1,37,7,1910,2,9,5,1,5
2016350010816,1,9,0,18,0,0,0,4,0,0,1,1,6,2,25,5,-1,-1,-1,2,1,2
2016350010816,2,9,0,2,6,0,0,0,0,0,2,1,6,1,42,7,1984,1,14,6,2,6
2016350010916,1,9,0,5,0,0,0,0,0,0,1,1,6,1,22,5,3298,1,11,5,2,5
2016350010916,2,9,0,4,0,0,0,0,1,7,1,1,6,1,20,4,1360,1,11,6,2,6
2016350010916,3,9,0,4,0,0,0,0,1,7,1,1,6,1,41,7,1968,2,7,4,2,4
2016350010916,4,9,0,4,0,0,0,0,0,0,3,1,6,1,45,7,1124,1,13,5,2,5
2016350011016,1,9,0,18,0,0,0,0,0,0,1,1,6,1,35,6,1598,2,4,-1,-1,-1
2016350011016,2,9,0,4,0,0,0,0,0,0,2,1,6,2,43,7,1910,2,8,-1,-1,-1
2016350011116,1,9,0,18,0,0,0,0,0,0,1,1,6,3,-1,-1,-1,-1,-1,-1,-1,-1
2016350011216,1,9,0,17,0,0,1,0,2,4,1,1,2,2,21,5,1390,1,16,9,3,9
2016350011316,1,21,1,11,0,5,3,10,2,6,1,1,1,1,52,8,12580,2,11,1,1,1
2016350011416,1,9,0,6,0,0,0,0,0,0,4,1,6,2,44,7,1997,2,12,3,1,3
2016350011416,2,4,0,18,0,0,0,0,0,0,1,1,6,1,75,10,1199,1,13,4,1,4
2016350011516,1,9,0,18,0,0,0,4,0,0,1,1,6,2,69,10,1339,1,12,8,3,8
2016350011516,2,9,0,2,0,0,0,0,0,0,2,1,6,1,70,10,1999,1,12,8,2,8
2016350011616,1,1,0,18,0,0,2,0,0,0,4,1,6,1,20,4,-1,-1,-1,3,1,3
2016350011616,2,8,0,18,0,0,0,0,0,0,1,1,6,1,26,6,1399,2,10,4,3,4
2016350011716,1,9,0,18,0,2,0,0,0,0,1,1,6,1,38,7,2995,1,5,5,3,5
2016350011716,2,9,0,18,0,1,0,0,0,0,1,1,6,1,33,6,1242,1,16,9,2,9
2016350011816,1,9,0,18,0,0,0,0,1,9,1,1,6,1,75,10,1896,2,17,-1,3,-1
2016350011816,2,21,0,18,0,0,0,0,0,0,2,1,1,1,55,8,4500,2,9,6,1,6
2016350011916,1,19,0,9,0,5,0,0,0,0,4,1,6,1,33,6,2143,2,4,5,1,5
2016350011916,2,4,0,18,0,8,0,0,0,0,1,1,6,1,44,7,-1,-1,-1,6,1,6
2016350012016,1,19,0,18,0,8,0,0,7,0,1,1,1,1,48,8,-1,-1,-1,7,3,7
2016350012016,2,9,0,5,0,8,0,0,3,0,3,1,6,1,30,6,1731,1,17,3,1,3
2016350012116,1,9,0,18,0,0,0,0,0,0,1,1,1,2,18,4,973,1,15,6,1,6
2016350012116,2,9,0,18,0,0,0,0,0,0,2,1,1,1,22,5,2184,2,13,5,1,5
2016350012116,3,9,0,18,0,0,0,0,0,0,2,1,1,2,49,8,1398,2,8,9,1,9
2016350012116,4,9,0,18,0,0,0,0,0,0,2,1,1,2,20,4,1596,1,5,4,1,4
2016350012116,5,9,0,4,0,0,0,0,0,0,0,1,6,2,43,7,1598,1,6,7,3,7
2016350012216,1,9,0,18,0,8,0,0,0,0,1,1,6,1,-1,-1,-1,-1,-1,-1,-1,-1
2016350012216,2,9,0,3,0,8,0,0,0,0,2,1,2,2,56,9,998,1,9,3,1,3
2016350012216,3,9,0,3,0,8,0,0,0,0,2,1,2,2,26,6,1995,2,17,1,1,1
2016350012316,1,9,0,4,0,1,0,0,0,0,2,1,2,2,45,7,1229,1,9,10,1,10
2016350012316,2,9,0,4,0,1,0,0,0,0,1,1,2,2,42,7,999,1,3,10,1,10
2016350012416,1,9,0,4,0,0,0,0,0,0,1,1,6,1,18,4,1360,1,7,5,1,5
2016350012416,2,4,0,3,0,0,0,0,0,0,2,1,6,1,75,10,124,1,4,6,1,6
2016350012416,3,9,0,3,0,0,0,0,0,0,2,1,6,1,55,8,1997,1,10,10,1,10
2016350012716,1,19,0,18,0,1,1,0,0,0,1,1,6,1,59,9,-1,-1,-1,2,1,2
2016350012716,2,9,0,10,0,1,0,0,0,0,2,1,6,1,55,8,-1,-1,-1,3,1,3
2016350012916,1,9,0,16,0,0,2,0,0,0,4,1,6,1,23,5,1998,1,19,7,3,7
2016350013016,1,9,0,18,0,2,0,0,0,0,2,1,2,1,43,7,1198,1,7,10,2,10
2016350013116,1,3,0,16,0,3,0,10,0,0,4,1,6,2,40,7,-1,-1,-1,10,2,10
2016350013216,1,8,0,5,0,6,0,0,0,0,3,1,6,1,26,6,-1,-1,-1,3,1,3
2016350013216,2,9,0,18,0,8,0,0,0,0,1,1,6,1,21,5,1796,1,15,9,1,9
2016350013316,1,9,0,13,0,0,0,0,0,0,3,1,2,1,55,8,2987,2,10,10,1,10
2016350013316,2,5,0,13,0,0,0,0,7,0,4,1,2,1,55,8,1157,1,20,7,1,7
2016350013416,1,19,0,18,0,0,0,0,0,0,3,1,1,1,39,7,2143,2,5,9,3,9
2016350013416,2,9,0,18,0,0,0,0,1,0,1,1,6,2,83,11,1248,1,3,7,3,7
2016350013516,1,9,0,13,0,1,0,0,0,0,4,1,6,3,-1,-1,-1,-1,-1,-1,-1,-1
2016350013516,2,1,0,5,0,1,0,0,0,0,3,1,6,2,75,10,-1,-1,-1,8,1,8
2016350013616,1,9,0,18,0,0,0,0,1,4,1,1,1,2,45,7,1598,1,11,2,1,2
2016350013716,1,19,0,5,0,0,1,0,0,0,1,1,1,1,20,4,-1,-1,-1,5,2,5
2016350013716,2,9,0,3,0,0,0,0,0,0,2,1,1,2,28,6,1339,1,12,4,3,4
2016350013716,3,19,0,3,0,0,0,0,0,0,2,1,1,1,58,9,1560,2,1,9,1,9
2016350013716,4,9,0,2,0,0,0,0,0,0,0,1,1,2,39,7,1896,2,7,-1,-1,-1
2016350013816,1,9,0,9,0,6,0,0,0,0,1,1,6,1,31,6,1242,1,2,10,2,10
2016350013816,2,1,0,18,0,8,0,0,0,0,1,1,6,1,21,5,-1,-1,-1,9,3,9
2016350013916,1,9,0,4,0,0,0,0,0,0,1,1,6,2,37,7,1242,1,5,4,1,4
2016350013916,2,9,0,4,0,0,0,0,0,0,2,1,1,2,34,6,1598,2,2,6,2,6
2016350014016,1,9,0,18,0,0,0,0,0,0,1,1,6,2,19,4,1422,2,11,9,1,9
2016350014016,2,20,0,2,0,0,0,0,0,0,2,1,6,3,-1,-1,4250,2,17,-1,-1,-1
2016350014116,1,9,0,7,0,8,0,0,0,0,4,1,6,1,-1,-1,-1,-1,-1,-1,-1,-1
2016350014116,2,1,0,18,0,8,0,0,0,0,1,1,6,2,33,6,-1,-1,-1,6,2,6
2016350014216,1,1,0,18,0,0,0,0,0,0,3,1,4,1,14,3,-1,-1,-1,9,1,9
2016350014216,2,19,0,13,0,0,0,0,0,0,4,1,6,1,20,4,2198,2,7,-1,-1,-1
2016350014316,1,21,1,12,0,0,0,0,0,0,0,1,1,1,32,6,10837,2,2,1,1,1
2016350014316,2,9,0,18,0,0,0,0,1,9,0,1,1,1,-1,-1,-1,-1,-1,-1,-1,-1
2016350014416,1,9,0,11,0,0,0,0,0,0,1,1,6,1,65,9,2688,2,14,4,1,4
2016350014416,2,9,0,17,0,0,0,0,0,0,3,1,6,2,30,6,1596,1,7,7,2,7
2016350014616,1,9,0,9,0,6,0,0,0,0,3,1,6,1,55,8,-1,-1,-1,-1,-1,-1
2016350014616,2,1,0,18,0,8,5,0,0,0,1,1,6,1,31,6,-1,-1,-1,2,1,2
2016350014716,1,9,0,18,0,8,0,0,0,0,1,1,6,1,37,7,2969,2,11,3,1,3
2016350014716,2,9,0,9,0,5,0,0,0,0,1,1,6,2,43,7,1493,2,14,1,1,1
2016350014716,3,9,0,3,0,1,0,0,0,0,1,1,6,1,35,6,1686,2,16,2,1,2
2016350014816,1,9,0,18,0,1,0,7,0,3,1,1,6,2,82,11,1199,1,14,6,3,6
2016350014916,1,21,1,16,0,8,5,0,7,1,1,1,1,1,66,10,12900,2,9,9,3,9
2016350015016,1,9,0,5,0,4,0,0,1,0,1,1,6,2,-1,-1,-1,-1,-1,-1,-1,-1
2016350015016,2,1,0,18,0,8,0,0,0,0,4,1,6,2,18,4,-1,-1,-1,7,3,7
2016350015116,1,9,0,9,0,5,0,0,0,0,1,1,2,1,55,8,1586,1,8,7,3,7
2016350015116,2,1,0,18,0,8,0,0,0,0,1,1,2,1,48,8,-1,-1,-1,7,2,7
2016350015216,1,9,0,18,0,0,0,0,0,0,3,1,6,3,-1,-1,-1,-1,-1,-1,-1,-1
2016350015216,2,9,0,18,0,0,0,0,0,0,3,1,6,1,29,6,996,1,2,9,1,9
2016350015316,1,9,0,18,0,1,0,0,0,0,1,1,6,2,22,5,1364,2,11,3,1,3
2016350015316,2,9,0,3,0,1,0,0,0,0,2,1,6,2,31,6,1689,2,12,5,3,5
2016350015416,1,9,0,1,0,6,0,0,0,0,2,1,6,2,30,6,1499,2,1,9,1,9
2016350015416,2,1,0,18,4,8,5,0,1,0,1,1,6,1,14,3,-1,-1,-1,3,1,3
2016350015716,1,9,0,18,0,8,0,0,7,9,1,1,1,2,18,4,1360,1,14,4,3,4
2016350015716,2,9,0,1,0,6,0,0,1,9,2,1,6,2,17,4,1242,1,3,4,3,4
2016350015816,1,9,0,17,0,0,0,0,1,0,1,1,2,1,26,6,2995,1,12,6,2,6
2016350015816,2,9,0,2,6,0,0,0,1,0,1,1,6,1,68,10,2199,2,6,6,2,6
2016350015916,1,9,0,5,0,8,0,0,0,0,1,1,6,2,40,7,1560,2,2,4,1,4
2016350015916,2,1,0,18,0,1,0,0,0,0,1,1,6,2,31,6,-1,-1,-1,5,1,5
2016350016016,1,9,0,18,0,0,0,0,0,0,1,1,6,2,41,7,-1,-1,-1,4,1,4
2016350016016,2,9,0,18,0,0,0,0,0,0,2,1,6,1,-1,-1,1896,2,14,7,1,7
2016350016216,1,5,0,15,0,1,0,10,1,0,1,1,2,1,25,5,999,1,3,5,3,5
2016350016216,2,1,0,4,0,1,0,0,1,0,2,1,6,1,20,4,-1,-1,-1,6,1,6
2016350016316,1,9,0,18,0,4,0,0,0,0,1,1,6,1,-1,-1,-1,-1,-1,4,1,4
2016350016316,2,9,0,18,0,3,0,0,0,0,4,1,6,1,59,9,2597,1,13,2,1,2
2016350016516,1,21,1,18,0,8,0,0,0,0,1,1,1,1,40,7,12902,2,1,-1,-1,-1
2016350016516,2,2,0,18,0,8,5,0,0,0,4,1,1,1,40,7,49,1,4,4,1,4
2016350016616,1,9,0,18,0,8,1,0,0,0,1,1,6,1,70,10,1997,2,13,5,3,5
2016350016616,2,20,0,3,0,5,0,0,0,0,2,1,1,1,48,8,2402,2,12,7,3,7
2016350016716,1,20,0,9,0,6,0,0,0,0,4,1,1,2,39,7,-1,-1,-1,2,1,2
2016350016716,2,9,0,18,0,8,0,0,0,0,1,1,6,2,26,6,1390,1,7,9,1,9
2016350016816,1,9,0,16,0,0,1,0,1,4,1,1,6,2,25,5,1388,1,13,8,1,8
2016350016916,1,9,0,18,0,1,0,0,0,0,1,1,6,1,24,5,1595,1,9,6,1,6
2016350016916,2,9,0,3,0,1,0,0,0,0,2,1,2,1,51,8,1198,1,7,8,3,8
2016350016916,3,9,0,3,0,1,0,0,0,0,2,1,2,1,30,6,1997,2,13,6,3,6
2016350016916,4,9,0,3,0,1,0,0,0,0,2,1,6,1,49,8,1560,2,8,2,1,2
2016350017016,1,9,0,12,0,0,0,0,0,0,2,1,6,1,93,11,1364,1,9,3,1,3
2016350017016,2,9,0,18,0,0,0,0,0,0,1,1,1,1,36,7,1956,2,2,10,2,10
2016350017216,1,9,0,9,0,5,0,0,0,0,1,1,1,1,32,6,1956,2,2,9,1,9
2016350017216,2,9,0,18,0,8,0,0,0,0,1,1,6,1,44,7,1796,1,14,2,1,2
2016350017316,1,19,0,16,0,0,0,0,7,10,1,1,6,1,46,8,1896,2,6,4,1,4
2016350017416,1,9,0,18,0,0,0,0,0,0,1,1,3,2,35,6,1598,1,5,6,3,6
2016350017616,1,9,0,3,0,1,0,0,0,0,2,1,6,2,21,5,-1,-1,-1,2,1,2
2016350017616,2,9,0,18,0,1,0,0,0,0,2,1,6,-1,-1,-1,-1,-1,-1,-1,-1,-1
2016350017816,1,9,0,7,0,6,0,0,0,0,4,1,6,1,50,8,-1,-1,-1,-1,-1,-1
2016350017816,2,1,0,18,0,8,5,0,0,0,1,1,6,1,19,4,-1,-1,-1,5,1,5
2016350018016,1,9,0,18,0,0,0,0,0,0,1,1,1,1,64,9,1422,2,1,8,3,8
2016350018016,2,9,0,18,0,0,0,0,0,0,1,1,1,2,58,9,1124,1,13,9,3,9
2016350018116,1,2,0,4,0,0,1,0,0,0,3,1,2,2,18,4,49,1,11,7,1,7
2016350018216,1,9,0,5,0,6,0,0,0,0,1,1,2,2,20,4,1229,1,4,3,1,3
2016350018216,2,9,0,18,0,8,5,0,0,0,3,1,2,1,45,7,1360,1,8,4,1,4
2016350018316,1,9,0,16,0,8,0,0,0,0,0,1,6,3,-1,-1,-1,-1,-1,-1,-1,-1
2016350018316,2,9,0,17,0,8,0,10,1,9,2,1,6,2,21,5,1595,1,15,5,3,5
2016350018416,1,9,0,9,0,5,0,0,0,0,3,1,6,1,54,8,2698,2,11,6,1,6
2016350018416,2,9,0,18,0,8,0,0,0,0,3,1,6,1,34,6,-1,-1,-1,5,1,5
2016350018516,1,9,0,11,0,4,0,0,0,0,4,1,6,2,65,9,1499,2,1,7,3,7
2016350018516,2,9,0,17,0,4,0,0,0,0,3,1,6,1,60,9,-1,-1,-1,5,3,5
2016350018616,1,9,0,4,0,0,1,0,0,0,1,1,6,1,-1,-1,998,1,12,9,1,9
2016350018616,2,9,3,3,0,0,0,0,0,0,2,1,6,1,-1,-1,1997,2,9,4,3,4
2016350018716,1,9,0,18,0,0,0,0,0,0,1,1,-1,-1,-1,-1,1600,1,12,-1,-1,-1
2016350018816,1,9,0,18,0,4,0,0,0,0,1,1,1,1,73,10,1388,1,16,7,3,7
2016350018816,2,1,0,-1,0,8,0,0,0,0,4,1,-1,1,36,7,-1,-1,-1,-1,-1,-1
2016350018916,1,9,0,5,0,4,0,0,0,0,3,1,6,1,45,7,1896,2,13,7,1,7
2016350018916,2,1,0,9,0,8,0,0,0,0,1,1,6,1,22,5,-1,-1,-1,8,1,8
2016350019016,1,9,0,18,0,1,0,9,7,0,1,1,6,1,87,11,2000,1,10,4,1,4
2016350019016,2,9,0,18,0,2,0,0,0,0,1,1,6,2,68,10,999,1,8,4,1,4
2016350019116,1,9,0,12,0,3,0,0,0,0,3,1,6,2,19,4,-1,-1,-1,-1,-1,-1
2016350019116,2,2,0,18,0,3,0,0,0,0,1,1,3,1,16,4,49,1,8,10,2,10
2016350019216,1,9,0,4,0,0,0,0,0,0,4,1,2,2,45,7,1242,1,2,10,1,10
2016350019316,1,9,0,17,0,0,1,0,1,9,4,1,6,2,18,4,1364,1,10,9,3,9
2016350019416,1,9,0,3,0,1,0,0,0,0,3,1,6,1,-1,-1,2400,2,1,-1,-1,-1
2016350019416,2,1,0,4,0,1,0,8,0,0,4,1,6,1,49,8,-1,-1,-1,10,2,10
2016350019516,1,9,0,18,0,1,0,0,0,0,1,1,6,2,22,5,1242,1,9,6,3,6
2016350019516,2,9,0,4,0,1,0,0,0,0,2,1,6,2,47,8,1339,1,11,6,3,6
2016350019516,3,9,0,4,0,1,0,0,0,0,2,1,2,2,29,6,1910,2,8,3,1,3
2016350019616,1,19,0,18,0,0,0,0,0,0,1,1,6,1,28,6,2143,2,4,6,1,6