Accident_Index,Vehicle_Reference,Vehicle_Type,Towing_and_Articulation,Vehicle_Manoeuvre,Vehicle_Location-Restricted_Lane,Junction_Location,Skidding_and_Overturning,Hit_Object_in_Carriageway,Vehicle_Leaving_Carriageway,Hit_Object_off_Carriageway,1st_Point_of_Impact,Was_Vehicle_Left_Hand_Drive?,Journey_Purpose_of_Driver,Sex_of_Driver,Age_of_Driver,Age_Band_of_Driver,Engine_Capacity_(CC),Propulsion_Code,Age_of_Vehicle,Driver_IMD_Decile,Driver_Home_Area_Type,Vehicle_IMD_Decile
2016350050816,2,9,0,4,0,4,0,0,0,0,2,1,6,1,32,6,1781,1,14,2,1,2
2016350050916,1,9,0,1,0,8,0,0,0,0,2,1,1,2,-1,-1,998,1,2,-1,-1,-1
2016350050916,2,9,0,1,0,6,0,0,0,0,2,1,6,2,54,8,1498,1,10,5,3,5
2016350051016,1,1,0,18,0,0,0,0,0,0,0,1,2,1,54,8,-1,-1,-1,1,1,1
2016350051116,1,9,0,4,0,0,0,0,0,0,1,1,6,1,61,9,2148,2,13,-1,-1,-1
2016350051116,2,9,0,3,0,0,0,0,0,0,2,1,2,1,44,7,-1,-1,-1,10,1,10
2016350051216,1,21,1,11,0,0,0,0,0,0,1,1,1,1,41,7,-1,-1,-1,1,1,1
2016350051216,2,9,0,18,0,0,0,0,1,9,3,1,6,2,23,5,1390,1,4,9,3,9
2016350051316,1,90,0,18,0,8,0,0,0,0,1,1,6,1,24,5,-1,-1,-1,-1,-1,-1
2016350051316,2,19,0,7,0,5,0,0,0,0,4,1,1,1,60,9,2143,2,2,6,2,6
2016350051416,1,9,0,7,4,5,0,0,0,0,4,1,2,2,41,7,1229,1,8,6,1,6
2016350051416,2,1,0,18,4,8,0,0,0,0,1,1,2,1,29,6,-1,-1,-1,6,1,6
2016350051616,1,9,0,18,0,1,0,0,0,0,1,1,6,1,33,6,1598,1,13,5,1,5
2016350051616,2,9,0,3,0,1,0,0,0,0,2,1,6,1,82,11,1398,1,1,4,1,4
2016350051616,3,9,0,3,0,1,0,0,0,0,2,1,6,2,31,6,1997,1,2,7,1,7
2016350051716,1,9,0,18,0,7,0,0,0,0,1,1,1,1,25,5,-1,-1,-1,-1,-1,-1
2016350051716,2,-1,0,3,0,7,0,0,0,0,2,1,1,-1,-1,-1,-1,-1,-1,-1,-1,-1
2016350051816,1,9,0,4,0,4,1,0,4,1,1,1,1,1,32,6,1229,1,11,2,1,2
2016350051916,1,9,0,7,0,2,1,6,0,0,4,1,3,2,42,7,1997,2,3,9,1,9
2016350052016,1,9,0,7,0,5,0,0,0,0,4,1,6,1,28,6,-1,-1,-1,-1,-1,-1
2016350052016,2,1,0,18,5,8,0,0,0,0,3,1,2,1,25,5,-1,-1,-1,10,1,10
2016350052116,1,9,0,4,0,2,0,0,0,0,4,1,6,1,58,9,2204,2,8,2,1,2
2016350052216,1,9,0,18,0,0,0,0,0,0,0,1,1,1,47,8,2993,2,2,9,2,9
2016350052216,2,9,0,18,0,0,0,0,1,9,0,1,6,1,-1,-1,1597,1,16,-1,-1,-1
2016350052316,1,21,4,18,0,1,0,0,0,0,1,1,1,1,30,6,12809,2,3,4,3,4
2016350052316,2,9,0,3,0,1,0,0,0,0,2,1,6,1,-1,-1,2993,2,1,5,2,5
2016350052316,3,9,0,3,0,1,0,0,0,0,2,1,6,1,-1,-1,-1,-1,-1,5,3,5
2016350052416,1,9,0,13,0,1,5,4,0,0,1,1,6,2,55,8,1199,1,15,9,2,9
2016350052416,2,9,0,2,0,1,0,0,0,0,3,1,6,-1,-1,-1,-1,-1,-1,-1,-1,-1
2016350052416,3,9,0,2,0,1,0,0,0,0,1,1,6,-1,-1,-1,-1,-1,-1,-1,-1,-1
2016350052516,1,9,0,2,0,0,0,8,0,0,4,1,6,-1,-1,-1,1364,1,11,-1,-1,-1
2016350052516,2,1,0,18,9,0,0,0,0,0,1,1,6,1,17,4,-1,-1,-1,3,1,3
2016350052716,1,9,0,7,0,3,0,0,0,0,1,1,6,2,39,7,-1,-1,-1,-1,-1,-1
2016350052716,2,3,0,8,0,3,0,0,0,0,2,1,6,1,20,4,108,1,2,3,1,3
2016350052816,1,9,0,18,0,0,0,4,1,0,1,1,6,1,24,5,1497,1,11,1,1,1
2016350052816,2,8,0,2,6,0,0,0,0,0,1,1,6,-1,-1,-1,1991,2,7,-1,-1,-1
2016350052916,1,9,0,15,0,0,0,0,0,0,0,1,6,1,55,8,-1,-1,-1,-1,-1,-1
2016350052916,2,1,0,18,0,0,5,0,0,0,0,1,2,1,23,5,-1,-1,-1,2,1,2
2016350053016,1,9,0,18,0,3,0,0,1,1,1,1,6,1,34,6,2993,2,8,-1,-1,-1
2016350053116,1,9,0,9,0,3,0,0,0,0,4,1,6,1,20,4,1388,1,13,8,2,8
2016350053116,2,9,0,18,0,4,0,0,0,0,1,1,2,1,80,11,-1,-1,-1,9,2,9
2016350053216,1,9,0,4,0,8,0,0,1,0,1,1,6,2,33,6,998,1,3,6,3,6
2016350053216,2,9,0,9,0,1,0,0,0,0,1,1,6,2,26,6,2967,2,9,-1,-1,-1
2016350053316,1,19,0,4,0,0,0,0,0,0,1,1,1,1,30,6,2148,2,8,1,1,1
2016350053316,2,21,1,3,0,0,0,0,0,0,2,1,1,-1,-1,-1,12902,2,3,-1,-1,-1
2016350053416,1,1,0,18,0,0,0,0,0,0,1,1,6,1,-1,-1,-1,-1,-1,-1,-1,-1
2016350053616,1,9,0,18,0,0,0,0,0,0,2,1,6,1,-1,-1,2231,2,9,-1,-1,-1
2016350053616,2,9,0,18,0,0,0,0,0,0,1,1,6,1,-1,-1,2987,2,7,9,1,9
2016350053616,3,9,0,18,0,0,0,0,0,0,2,1,6,1,-1,-1,1598,2,4,-1,-1,-1
2016350053616,4,9,0,18,0,0,0,0,0,0,1,1,6,2,-1,-1,1206,1,6,6,1,6
2016350053616,5,9,0,18,0,0,0,0,4,7,0,1,6,1,36,7,2143,2,5,-1,-1,-1
2016350053716,1,9,0,18,0,1,0,0,0,0,1,1,3,1,44,7,1910,2,11,-1,-1,-1
2016350053716,2,9,0,6,0,8,0,0,0,0,2,1,3,1,41,7,2495,2,19,1,1,1
2016350053916,1,9,0,18,0,0,0,0,0,0,1,1,2,1,58,9,1968,2,5,4,1,4
2016350054016,1,9,0,13,0,0,0,0,0,0,1,1,6,1,-1,-1,2099,1,14,8,2,8
2016350054016,2,19,0,18,0,0,0,0,0,0,1,1,1,1,34,6,2198,2,1,5,2,5
2016350054915,1,2,0,18,9,2,5,0,1,0,1,1,6,1,21,5,49,1,11,-1,-1,-1
2016350055240,1,3,0,13,0,0,2,0,0,0,3,1,2,1,22,5,124,1,12,2,1,2
2016350055240,2,11,0,5,0,0,0,0,0,0,0,1,1,1,25,5,4461,2,2,4,1,4
2016350055372,1,9,0,18,0,0,0,0,1,0,1,1,1,1,54,8,1299,1,14,6,2,6
2016350055372,2,1,0,18,9,0,0,0,0,0,2,1,1,1,39,7,-1,-1,-1,5,1,5
2016350055756,1,9,0,5,0,4,0,0,0,0,1,1,6,2,28,6,999,1,2,9,2,9
2016350055756,2,1,0,5,0,4,0,0,0,0,2,1,6,1,19,4,-1,-1,-1,6,3,6
2016350056850,1,19,0,6,0,0,0,0,0,0,3,1,6,1,36,7,2499,2,16,9,3,9
2016350056850,2,9,0,18,0,0,0,0,0,0,4,1,6,2,81,11,1360,1,14,7,1,7
2016350057897,1,9,0,2,0,0,0,0,0,0,4,1,6,3,-1,-1,-1,-1,-1,-1,-1,-1
2016350057897,2,1,0,18,0,0,0,0,0,0,1,1,2,1,38,7,-1,-1,-1,3,1,3
2016350058266,1,21,1,18,7,0,0,0,1,0,4,1,1,1,49,8,11705,2,8,2,1,2
2016350058266,2,9,0,18,0,0,1,0,0,0,2,1,1,1,45,7,1896,2,13,-1,-1,-1
2016350058266,3,19,0,2,6,0,0,0,0,0,3,1,6,1,47,8,1968,2,4,2,1,2
2016350058487,1,9,0,18,0,0,1,0,0,0,1,1,6,2,26,6,1995,1,7,8,3,8
2016350058487,2,9,0,18,0,0,0,0,0,0,2,1,2,2,56,9,1685,2,-1,8,2,8
2016350058487,3,9,0,18,0,0,0,0,0,0,2,1,2,2,47,8,1997,2,6,5,2,5
2016350058524,1,9,0,18,0,8,0,0,0,0,1,1,6,1,30,6,-1,-1,-1,-1,-1,-1
2016350058524,2,1,0,18,0,8,0,0,0,0,4,1,1,2,42,7,-1,-1,-1,-1,-1,-1
2016350058563,1,9,0,17,0,0,5,0,7,0,3,1,6,1,37,7,1598,1,3,3,2,3
2016350058563,2,9,0,16,0,0,0,0,0,0,4,1,6,1,57,9,1598,1,9,7,1,7
2016350058789,1,9,0,18,0,0,0,0,0,0,3,1,6,2,71,10,1587,1,12,2,1,2
2016350058789,2,1,0,14,0,0,0,0,0,0,1,1,6,1,14,3,-1,-1,-1,5,2,5
2016350059297,1,9,0,5,9,0,0,0,0,0,1,1,6,2,37,7,1497,8,8,6,1,6
2016350059360,1,9,0,8,0,1,0,0,0,0,4,1,1,1,49,8,-1,-1,-1,4,1,4
2016350059360,2,1,0,18,9,6,0,0,0,0,1,1,5,1,24,5,-1,-1,-1,2,1,2
2016350059532,1,9,0,1,0,0,0,0,0,0,2,1,2,2,18,4,1124,1,15,8,2,8
2016350059532,2,5,0,3,0,0,0,0,0,0,1,1,2,1,52,8,600,1,13,8,2,8
2016350059554,1,9,3,13,0,0,4,0,1,0,0,1,5,1,43,7,2204,2,11,7,1,7
2016350059826,1,9,0,17,0,0,2,0,7,0,1,1,5,1,33,6,1796,1,15,8,3,8
2016350059868,1,9,0,18,0,0,0,0,0,0,4,1,6,1,19,4,1229,1,5,3,1,3
2016350059965,1,1,0,18,4,6,0,0,0,0,1,1,6,1,23,5,-1,-1,-1,5,1,5
2016350059965,2,9,0,2,4,1,0,0,0,0,2,1,6,2,26,6,1753,2,8,5,1,5
2016350059969,1,8,0,5,5,0,0,0,0,0,1,1,1,1,40,7,1910,2,6,7,1,7
2016350059969,2,1,0,18,5,0,0,0,0,0,1,1,6,1,48,8,-1,-1,-1,4,1,4
2016350060083,1,9,0,18,0,0,0,0,5,7,3,1,5,1,64,9,1560,2,1,2,1,2
2016350060105,1,1,0,12,0,0,5,0,0,0,3,1,5,1,22,5,-1,-1,-1,9,1,9
2016350060105,2,11,0,13,0,0,0,0,0,0,4,1,1,1,47,8,6700,2,9,2,1,2
2016350060137,1,1,0,18,0,0,5,0,0,0,0,1,2,1,54,8,-1,-1,-1,-1,-1,-1
2016350060203,1,9,0,5,0,1,0,0,0,0,1,1,2,2,29,6,1910,2,9,7,1,7
2016350060203,2,1,0,18,0,2,0,0,0,0,4,1,2,2,36,7,-1,-1,-1,3,1,3
2016350060337,1,1,0,18,5,0,0,0,0,0,1,1,5,1,29,6,-1,-1,-1,4,1,4
2016350060393,1,21,1,18,0,0,1,0,0,0,1,1,1,1,49,8,12777,2,1,7,1,7
2016350060393,2,19,0,18,0,0,0,0,0,0,2,1,1,1,31,6,2198,2,3,9,2,9
2016350060393,3,21,1,18,0,0,0,0,0,0,2,1,1,1,35,6,12740,2,6,-1,-1,-1
2016350060393,4,21,1,18,0,0,0,0,0,0,2,1,1,1,66,10,12809,2,1,1,1,1
2016350060411,1,9,0,2,0,0,0,0,0,0,2,1,1,2,54,8,998,1,2,5,3,5
2016350060411,2,9,0,1,0,0,0,0,0,0,2,1,6,2,73,10,1498,1,10,10,2,10
2016350060416,1,9,0,4,0,0,0,0,0,0,2,1,6,2,35,6,1124,1,16,10,1,10
2016350060416,2,2,0,18,0,0,0,0,0,0,1,1,6,2,17,4,49,1,1,-1,-1,-1
2016350060439,1,9,0,13,0,0,1,0,0,0,4,1,6,1,51,8,1910,2,11,-1,-1,-1
2016350060439,2,9,0,18,0,0,0,0,0,0,1,1,6,1,64,9,-1,-1,-1,7,3,7
2016350060459,1,9,0,4,0,0,0,0,0,0,1,1,6,2,21,5,973,1,14,-1,-1,-1
2016350060459,2,9,0,4,0,0,0,0,0,0,2,1,6,1,31,6,1781,1,14,-1,-1,-1
2016350060558,1,9,0,4,0,7,1,0,0,0,1,1,5,1,36,7,1495,1,14,3,1,3
2016350060558,2,9,0,4,0,7,0,0,0,0,2,1,5,2,30,6,1598,1,2,9,2,9
2016350060589,1,21,1,12,0,0,0,0,0,0,3,2,1,1,29,6,-1,-1,-1,-1,-1,-1
2016350060589,2,9,0,18,0,0,0,0,5,7,4,1,2,2,38,7,1995,2,4,7,3,7
2016350060638,1,9,0,5,0,6,0,0,0,0,2,1,1,1,35,6,1388,1,17,8,2,8
2016350060638,2,9,0,18,0,2,0,0,0,0,1,1,6,2,37,7,1197,1,2,9,2,9
2016350060680,1,98,0,4,0,0,0,0,0,0,1,1,6,1,35,6,-1,-1,-1,-1,-1,-1
2016350060680,2,1,0,18,0,0,0,0,0,0,1,1,4,1,13,3,-1,-1,-1,1,1,1
2016350060817,1,9,0,18,0,7,0,0,0,0,1,1,1,1,25,5,-1,-1,-1,9,1,9
2016350060817,2,19,0,3,0,1,0,0,0,0,2,1,1,1,30,6,1560,2,2,5,2,5
2016350061138,1,9,0,7,0,2,1,6,0,0,4,1,3,2,42,7,1997,2,3,9,1,9
2016350061162,1,9,0,7,5,0,0,0,0,0,4,1,5,1,28,6,-1,-1,-1,-1,-1,-1
2016350061162,2,1,0,18,5,0,0,0,0,0,1,1,2,1,35,6,-1,-1,-1,10,1,10
2016350061192,1,9,0,4,0,0,0,0,0,0,4,1,6,1,58,9,2204,2,8,2,1,2
2016350061239,1,9,0,17,0,0,2,0,7,0,1,1,5,1,25,5,2993,2,-1,-1,-1,-1
2016350061264,1,9,0,4,0,0,0,0,0,0,1,1,6,1,40,7,1798,1,12,-1,-1,-1
2016350061264,2,9,0,3,0,0,0,0,0,0,2,1,2,1,22,5,2521,1,11,8,2,8
2016350061333,1,21,4,18,0,0,0,0,0,0,1,1,1,1,30,6,12809,2,3,4,3,4
2016350061333,2,9,0,3,0,0,0,0,0,0,2,1,5,1,38,7,2993,2,1,5,2,5
2016350061333,3,9,0,3,0,0,0,0,0,0,2,1,5,1,31,6,999,1,1,5,3,5
2016350061375,1,9,0,15,0,2,5,4,0,0,1,1,5,2,55,8,1199,1,15,9,2,9
2016350061375,2,9,0,2,0,2,0,4,0,0,3,1,6,2,21,5,1598,1,10,9,2,9
2016350061375,3,9,0,2,0,2,0,0,0,0,1,1,6,2,72,10,1596,1,10,-1,-1,-1
2016350061421,1,9,0,2,9,0,0,0,0,0,4,1,6,1,37,7,1364,1,11,6,1,6
2016350061421,2,1,0,18,9,0,0,8,0,0,1,1,6,1,17,4,-1,-1,-1,3,1,3
2016350061570,1,9,0,18,0,1,0,0,0,0,1,1,6,1,33,6,1598,1,13,5,1,5
2016350061570,2,9,0,3,0,1,0,0,0,0,2,1,6,1,82,11,1398,1,1,4,1,4
2016350061570,3,9,0,3,0,1,0,0,0,0,2,1,5,2,31,6,1997,1,2,7,1,7
2016350061690,1,9,0,15,0,1,0,0,0,0,0,1,6,1,55,8,-1,-1,-1,-1,-1,-1
2016350061690,2,1,0,18,0,1,2,0,0,0,0,1,2,1,23,5,-1,-1,-1,2,1,2
2016350061745,1,9,0,18,0,0,0,0,0,0,0,1,1,1,46,8,2993,2,2,-1,-1,-1
2016350061745,2,9,0,4,0,0,0,0,1,9,4,1,6,1,20,4,1597,1,16,-1,-1,-1
2016350061800,1,9,0,1,0,0,0,0,0,0,2,1,5,1,67,10,1956,2,2,8,1,8
2016350061956,1,9,0,8,0,0,0,0,0,0,1,1,6,2,35,6,-1,-1,-1,-1,-1,-1
2016350061956,2,3,0,8,0,0,1,0,0,0,2,1,6,1,20,4,108,1,2,3,1,3
2016350062021,1,9,0,7,0,5,0,0,7,11,3,1,5,2,58,9,1956,2,3,10,3,10
2016350062044,1,9,0,18,0,0,0,0,1,0,1,1,5,1,24,5,1497,1,11,-1,-1,-1
2016350062044,2,9,0,2,6,0,0,0,0,0,1,1,6,1,30,6,1991,2,7,-1,-1,-1
2016350062089,1,9,0,4,0,4,1,0,7,1,1,1,1,1,33,6,1229,1,11,2,1,2
2016350062160,1,9,0,17,0,0,2,0,1,9,4,1,6,2,56,9,1998,1,12,-1,-1,-1
2016350062461,1,9,0,13,0,0,1,0,0,0,1,1,6,1,55,8,2099,1,14,8,2,8
2016350062461,2,9,0,18,0,0,0,0,0,0,1,1,6,1,34,6,-1,-1,-1,5,2,5
2016350062589,1,9,0,18,0,0,0,0,0,0,1,1,3,1,44,7,-1,-1,-1,2,1,2
2016350062589,2,9,0,9,0,0,0,0,0,0,2,1,3,1,40,7,1896,2,19,1,1,1
2016350062605,1,9,0,18,0,0,0,0,0,0,1,1,2,1,58,9,1995,2,5,4,1,4
2016350062640,1,9,0,18,0,0,0,0,0,0,1,1,5,1,19,4,1248,1,7,3,1,3
2016350062750,1,9,0,9,0,2,0,0,0,0,4,1,5,1,66,10,1364,2,2,8,2,8
2016350062973,1,9,0,18,0,2,0,0,0,0,1,1,6,3,40,7,-1,-1,-1,-1,-1,-1
2016350062992,1,2,0,18,0,0,1,0,0,0,1,1,5,2,16,4,49,1,5,4,1,4
2016350062992,2,9,0,18,0,0,0,0,0,0,1,1,5,2,76,11,1997,2,1,3,1,3
2016350063008,1,9,0,2,5,0,0,0,0,0,0,1,6,3,-1,-1,-1,-1,-1,-1,-1,-1
2016350063008,2,9,0,5,5,0,0,0,0,0,1,1,6,1,35,6,-1,-1,-1,-1,-1,-1
2016350063061,1,9,0,16,0,0,1,0,1,7,1,1,5,1,27,6,3189,1,8,2,1,2
2016350063210,1,9,0,9,0,6,0,0,0,0,1,1,6,1,40,7,-1,-1,-1,-1,-1,-1
2016350063210,2,1,0,18,0,1,1,0,0,0,1,1,6,1,53,8,-1,-1,-1,8,2,8
2016350063276,1,19,0,7,0,6,5,0,7,0,2,1,1,1,56,9,2402,2,13,5,3,5
2016350063276,2,9,0,18,0,8,0,0,1,0,1,1,1,1,67,10,-1,-1,-1,7,3,7
2016350063330,1,9,0,15,0,0,0,4,0,0,1,1,5,1,55,8,-1,-1,-1,8,1,8
2016350063330,2,9,0,2,0,0,0,0,1,0,2,1,5,2,21,5,1199,1,14,7,1,7
2016350063398,1,19,0,9,0,1,0,0,0,0,1,1,1,1,52,8,2143,2,4,8,3,8
2016350063398,2,9,0,18,0,1,0,0,0,0,3,1,1,2,19,4,1242,1,17,4,3,4
2016350063453,1,9,0,12,0,0,0,0,0,0,1,1,5,1,54,8,1999,1,14,5,3,5
2016350063453,2,9,0,18,0,0,0,0,1,0,1,1,5,1,58,9,1229,1,10,8,3,8
2016350063574,1,19,0,4,0,0,0,0,0,0,1,1,1,1,30,6,2148,2,8,-1,-1,-1
2016350063574,2,21,1,3,0,0,0,0,0,0,2,1,1,1,57,9,12902,2,3,8,1,8
2016350063594,1,1,0,18,0,0,0,0,0,0,1,1,6,1,29,6,-1,-1,-1,9,1,9
2016350063956,1,9,0,18,0,0,0,0,0,0,1,1,6,1,53,8,4701,1,12,8,3,8
2016350064002,1,9,0,9,0,0,0,0,0,0,4,1,5,2,21,5,998,1,13,10,1,10
2016350064002,2,9,0,18,0,0,5,0,0,0,1,1,5,2,25,5,998,1,2,8,3,8
2016350064048,1,9,0,5,0,4,0,0,0,0,1,1,1,2,28,6,1248,2,1,6,3,6
2016350064048,2,1,0,9,0,8,0,0,0,0,3,1,5,1,52,8,-1,-1,-1,10,1,10
2016350064098,1,19,0,18,0,0,0,0,0,0,1,1,6,1,47,8,2148,2,10,1,1,1
2016350064098,2,9,0,4,0,0,0,0,0,0,2,1,6,1,34,6,2000,1,3,5,3,5
2016350064153,1,9,0,9,0,8,0,4,0,0,4,1,6,2,43,7,1339,1,14,2,1,2
2016350064153,2,9,0,18,0,8,0,4,0,0,1,1,6,1,23,5,1590,1,14,2,1,2
2016350064153,3,9,0,2,0,2,0,0,0,0,2,1,6,1,54,8,1997,2,9,5,3,5
2016350064153,4,9,0,2,0,2,0,0,0,0,2,1,6,3,-1,-1,-1,-1,-1,-1,-1,-1
2016350064153,5,9,0,2,0,2,0,0,0,0,2,1,6,1,22,5,1390,1,10,-1,-1,-1
2016350064153,6,9,0,2,0,2,0,0,0,0,4,1,6,2,49,8,-1,-1,-1,-1,-1,-1
2016350064198,1,9,0,18,5,6,0,0,0,0,3,1,2,1,59,9,1298,1,15,5,1,5
2016350064198,2,1,0,18,5,8,5,0,0,0,1,1,2,1,55,8,-1,-1,-1,7,1,7
2016350064316,1,9,0,9,0,5,0,0,0,0,1,1,2,2,32,6,1461,2,3,10,1,10
2016350064316,2,9,0,18,0,8,1,0,0,0,1,1,6,1,30,6,1461,2,5,4,1,4
2016350064316,3,9,0,8,0,1,0,0,0,0,1,1,2,1,23,5,1598,1,1,6,1,6
2016350064354,1,9,0,8,0,1,0,0,0,0,1,1,6,2,35,6,2362,1,12,7,3,7
2016350064354,2,9,0,18,0,1,5,7,7,0,1,1,6,2,50,8,1398,1,1,5,3,5
2016350064601,1,9,0,12,0,0,0,0,0,0,3,1,2,2,45,7,1995,2,3,10,1,10
2016350064601,2,9,0,18,0,0,0,0,0,0,4,1,5,1,19,4,1388,1,12,10,1,10
2016350064601,3,98,1,3,8,0,0,0,0,0,0,1,1,1,49,8,-1,-1,-1,-1,-1,-1
2016350064705,1,9,0,5,0,2,0,0,0,0,1,1,5,1,18,4,1198,1,5,9,2,9
2016350064705,2,9,0,18,0,8,0,0,0,0,4,1,5,1,69,10,1995,2,-1,7,3,7
2016350064761,1,9,0,6,0,0,0,0,0,0,4,1,6,2,35,6,998,1,16,1,1,1
2016350064761,2,9,0,2,0,0,0,0,0,0,1,1,6,3,-1,-1,-1,-1,-1,-1,-1,-1
2016350064805,1,9,0,11,0,0,0,0,0,0,3,1,6,3,-1,-1,-1,-1,-1,-1,-1,-1
2016350064805,2,9,0,18,0,0,0,0,0,0,4,1,6,2,21,5,1560,2,8,4,1,4
2016350064854,1,9,0,18,0,0,0,0,0,0,2,1,6,1,34,6,2231,2,9,-1,-1,-1
2016350064854,2,9,0,18,0,0,0,0,0,0,1,1,6,1,28,6,2987,2,7,-1,-1,-1
2016350064854,3,9,0,18,0,0,0,0,0,0,2,1,6,1,75,10,1598,2,4,-1,-1,-1
2016350064854,4,9,0,18,0,0,0,0,0,0,1,1,6,2,21,5,1206,1,6,-1,-1,-1
2016350064854,5,9,0,18,0,0,0,0,4,7,1,1,6,1,42,7,2143,2,5,-1,-1,-1
2016350065054,1,19,0,5,0,0,0,0,0,0,4,1,6,1,52,8,1686,2,8,5,1,5
2016350065080,1,8,0,18,0,0,0,0,0,0,0,1,1,1,40,7,2148,2,7,-1,-1,-1
2016350065127,1,9,0,12,0,0,1,0,0,0,3,1,5,2,59,9,1397,1,8,-1,-1,-1
2016350065127,2,9,0,18,0,0,0,0,0,0,3,1,5,1,29,6,1956,2,6,-1,-1,-1
2016350065136,1,9,0,5,0,8,0,0,0,0,1,1,6,2,28,6,1984,1,5,6,3,6
2016350065136,2,9,0,18,0,8,0,0,0,0,2,1,6,2,43,7,1598,1,15,-1,-1,-1
2016350065175,1,8,0,1,0,0,0,0,0,0,3,1,1,1,65,9,1999,1,9,10,2,10
2016350065253,1,9,0,18,0,8,0,0,0,0,1,1,5,1,46,8,1596,1,9,8,1,8
2016350065253,2,9,0,5,0,8,0,0,0,0,3,1,5,1,75,10,1896,2,8,9,2,9
2016350065265,1,97,0,7,0,6,0,0,0,0,1,1,6,1,35,6,-1,-1,-1,-1,-1,-1
2016350065265,2,1,0,4,0,1,5,0,0,0,1,1,4,2,18,4,-1,-1,-1,-1,-1,-1
2016350065265,3,1,0,4,0,1,5,0,0,0,1,1,4,2,18,4,-1,-1,-1,-1,-1,-1
2016350065387,1,21,1,18,0,0,0,0,0,0,1,1,1,1,35,6,12900,2,7,1,1,1
2016350065387,2,9,0,2,0,0,0,0,0,0,3,1,6,1,28,6,1560,2,5,1,1,1
2016350065458,1,9,0,18,0,0,0,0,0,0,1,1,5,2,35,6,1398,2,13,2,1,2
2016350065512,1,19,0,18,0,0,0,0,0,0,1,1,1,1,55,8,2198,2,2,-1,-1,-1
2016350065512,2,9,0,18,0,0,0,0,1,0,1,1,3,2,40,7,1896,2,12,-1,-1,-1
2016350065517,1,9,0,3,0,0,0,0,0,0,1,1,5,2,65,9,1360,1,8,3,1,3
2016350065517,2,9,0,3,0,0,0,0,0,0,1,1,5,1,37,7,2231,2,11,3,1,3
2016350065517,3,9,0,3,0,0,0,0,0,0,1,1,5,1,84,11,4966,1,12,7,1,7
2016350065517,4,9,0,3,0,0,0,0,0,0,2,1,5,2,44,7,2401,2,10,9,2,9
2016350065517,5,9,0,3,0,0,0,0,0,0,1,1,5,1,50,8,-1,-1,-1,8,3,8
2016350065623,1,9,0,15,0,0,0,0,0,0,0,1,6,2,55,8,1349,1,7,-1,1,-1
2016350065623,2,1,0,18,4,0,5,0,0,0,0,1,5,2,31,6,-1,-1,-1,6,2,6
2016350065722,1,9,0,15,0,0,0,0,0,0,1,1,2,1,47,8,1386,1,4,-1,-1,-1
2016350065722,2,1,0,18,0,0,5,0,0,0,2,1,5,1,37,7,-1,-1,-1,-1,-1,-1
2016350065791,1,8,0,18,0,0,0,0,0,0,1,1,1,1,35,6,-1,-1,-1,-1,-1,-1
2016350065791,2,8,0,18,0,0,0,0,0,0,1,1,6,3,-1,-1,-1,-1,-1,-1,-1,-1
2016350065843,1,9,0,5,0,8,0,0,0,0,1,1,5,2,35,6,1339,8,8,9,2,9
2016350065843,2,1,0,18,0,8,0,0,0,0,4,1,5,1,52,8,-1,-1,-1,5,1,5
2016350065880,1,9,0,9,0,5,0,0,0,0,4,1,5,2,27,6,2969,2,11,6,2,6
2016350065880,2,1,0,18,0,1,0,0,0,0,1,1,5,1,46,8,-1,-1,-1,5,2,5
2016350065918,1,9,0,9,0,6,0,0,0,0,3,1,2,1,21,5,1598,1,15,5,1,5
2016350065918,2,1,0,18,0,1,0,0,0,0,0,1,2,2,47,8,-1,-1,-1,6,2,6
2016350065958,1,9,0,18,0,1,1,0,0,0,1,1,5,1,55,8,-1,-1,-1,8,2,8
2016350065958,2,21,0,18,0,1,0,0,0,0,0,1,1,1,35,6,-1,-1,-1,4,1,4
2016350065973,1,9,0,18,0,2,0,0,0,0,1,1,6,1,36,7,1995,2,3,9,1,9
2016350065973,2,9,0,4,0,2,0,0,0,0,2,1,6,2,39,7,1086,1,12,2,1,2
2016350065973,3,9,0,4,0,2,0,0,0,0,2,1,6,2,24,5,1599,1,8,10,3,10
2016350065978,1,90,0,18,0,0,1,0,0,0,1,1,1,1,34,6,-1,-1,-1,-1,-1,-1
2016350065978,2,9,0,4,0,0,0,0,0,0,2,1,2,1,20,4,1781,1,11,1,1,1
2016350065978,3,9,0,4,0,0,0,0,0,0,2,1,5,1,36,7,1339,1,7,-1,-1,-1
2016350066064,1,3,0,18,0,8,0,0,0,0,4,1,5,1,31,6,125,1,5,7,1,7
2016350066064,2,9,0,18,0,4,0,0,0,0,3,1,5,2,69,10,1360,1,11,6,1,6
2016350066073,1,9,0,15,0,0,0,0,0,0,2,1,6,1,50,8,1800,1,17,-1,-1,-1
2016350066073,2,9,0,18,0,0,0,10,1,0,1,1,1,1,67,10,1686,2,9,6,3,6
2016350066113,1,9,0,18,0,0,2,4,0,0,1,1,5,1,19,4,1242,1,9,7,1,7
2016350066113,2,9,0,2,0,0,0,4,0,0,1,1,5,1,43,7,1988,2,12,-1,-1,-1
2016350066113,3,9,0,2,0,0,0,0,0,0,1,1,5,1,31,6,1798,1,12,-1,-1,-1
2016350066142,1,9,0,13,0,0,2,0,1,1,1,1,5,1,26,6,1968,2,1,5,1,5