Accident_Index,Vehicle_Reference,Vehicle_Type,Towing_and_Articulation,Vehicle_Manoeuvre,Vehicle_Location-Restricted_Lane,Junction_Location,Skidding_and_Overturning,Hit_Object_in_Carriageway,Vehicle_Leaving_Carriageway,Hit_Object_off_Carriageway,1st_Point_of_Impact,Was_Vehicle_Left_Hand_Drive?,Journey_Purpose_of_Driver,Sex_of_Driver,Age_of_Driver,Age_Band_of_Driver,Engine_Capacity_(CC),Propulsion_Code,Age_of_Vehicle,Driver_IMD_Decile,Driver_Home_Area_Type,Vehicle_IMD_Decile
2016350075584,1,9,0,5,0,7,0,0,0,0,1,1,6,2,56,9,-1,-1,-1,-1,-1,-1
2016350075584,2,90,0,18,0,8,0,0,0,0,2,1,1,1,43,7,-1,-1,-1,-1,-1,-1
2016350075627,1,9,0,9,0,8,0,0,0,0,4,1,5,2,25,5,-1,-1,-1,-1,-1,-1
2016350075627,2,1,0,18,0,8,5,0,0,0,1,1,6,2,52,8,-1,-1,-1,-1,-1,-1
2016350075649,1,9,0,18,0,1,0,10,7,0,3,1,1,1,72,10,1997,2,1,-1,-1,-1
2016350075725,1,9,0,9,0,6,0,0,7,0,3,1,2,2,44,7,998,1,2,-1,-1,-1
2016350075725,2,9,0,18,0,1,1,0,0,0,1,1,6,2,34,6,1796,1,8,8,1,8
2016350075776,1,9,0,18,0,8,0,0,0,0,1,1,6,1,-1,-1,1149,1,13,-1,-1,-1
2016350075776,2,1,0,18,0,1,0,0,0,0,3,1,6,1,18,4,-1,-1,-1,2,1,2
2016350075895,1,-1,0,9,0,0,0,0,0,0,3,1,5,1,-1,-1,-1,-1,-1,6,1,6
2016350075895,2,1,0,13,0,0,0,0,0,0,1,1,6,1,35,6,-1,-1,-1,8,1,8
2016350075922,1,19,0,5,0,0,0,0,0,0,3,1,6,1,65,9,1360,1,14,4,3,4
2016350075922,2,3,0,18,0,0,0,0,0,0,1,1,6,1,24,5,124,1,9,3,3,3
2016350075988,1,9,0,6,0,0,0,0,0,0,3,1,6,3,-1,-1,-1,-1,-1,-1,-1,-1
2016350075988,2,9,0,18,0,0,0,0,0,0,1,1,5,2,24,5,1598,1,16,-1,-1,-1
2016350076012,1,9,0,16,0,0,1,0,7,0,3,1,6,1,20,4,1368,1,5,9,1,9
2016350076012,2,9,0,17,0,0,0,0,1,0,3,1,6,1,73,10,1591,1,1,4,1,4
2016350076012,3,9,0,17,0,0,0,0,0,0,1,1,6,2,36,7,899,1,3,8,3,8
2016350076020,1,9,0,18,0,8,0,0,0,0,1,1,1,1,-1,-1,1956,2,1,-1,-1,-1
2016350076020,2,9,0,3,0,8,0,0,0,0,2,1,5,1,21,5,1242,1,4,-1,-1,-1
2016350076107,1,2,0,13,0,0,0,0,0,0,1,1,6,1,-1,-1,49,1,14,-1,-1,-1
2016350076107,2,9,0,8,0,0,0,0,0,0,3,1,2,2,31,6,1997,2,3,6,1,6
2016350076142,1,8,0,7,0,0,0,0,0,0,3,1,1,1,45,7,2198,2,2,-1,-1,-1
2016350076142,2,1,0,18,0,0,0,0,0,0,4,1,6,2,48,8,-1,-1,-1,-1,-1,-1
2016350077454,1,9,0,18,0,0,1,0,0,0,1,1,5,1,24,5,1598,1,14,5,2,5
2016350077454,2,9,0,18,0,0,0,0,0,0,1,1,5,2,76,11,1598,1,16,6,1,6
2016350077492,1,9,0,7,0,0,0,0,0,0,4,1,6,3,-1,-1,-1,-1,-1,-1,-1,-1
2016350077492,2,1,0,18,0,0,0,0,0,0,1,1,2,1,25,5,-1,-1,-1,7,1,7
2016350077572,1,9,0,17,0,0,1,0,7,0,1,1,6,1,25,5,2793,1,16,4,2,4
2016350077713,1,19,0,18,0,0,0,0,0,0,1,1,6,1,26,6,2402,2,11,8,1,8
2016350077713,2,9,0,4,0,0,0,0,1,0,2,1,6,1,29,6,1598,2,7,4,1,4
2016350077816,1,9,0,13,0,0,0,0,0,0,4,1,6,3,-1,-1,-1,-1,-1,-1,-1,-1
2016350077816,2,1,0,18,0,0,2,0,0,0,3,1,6,2,28,6,-1,-1,-1,6,1,6
2016350078092,1,9,0,9,0,5,0,0,0,0,1,1,6,2,35,6,-1,-1,-1,-1,-1,-1
2016350078092,2,1,0,18,0,8,0,0,0,0,1,1,2,2,19,4,-1,-1,-1,8,1,8
2016350078131,1,9,0,12,0,1,0,0,0,0,3,1,2,1,32,6,1124,1,13,2,1,2
2016350078131,2,9,0,4,0,1,0,0,0,0,4,1,2,1,35,6,1560,2,6,4,1,4
2016350078180,1,3,0,18,0,0,1,12,0,0,4,1,5,1,18,4,-1,-1,-1,9,3,9
2016350078203,1,9,0,2,0,0,0,0,0,0,3,1,6,1,35,6,1598,2,1,8,1,8
2016350078203,2,1,0,14,0,0,0,0,0,0,4,1,6,1,23,5,-1,-1,-1,7,1,7
2016350078343,1,21,0,4,0,0,1,0,1,0,1,1,1,1,59,9,5880,2,5,1,1,1
2016350078343,2,19,0,4,0,0,0,0,7,0,2,1,6,1,29,6,2477,2,9,6,2,6
2016350078477,1,9,0,5,0,1,0,0,0,0,1,1,5,1,71,10,3311,8,9,6,3,6
2016350078477,2,1,0,18,0,1,5,0,0,0,3,1,5,1,20,4,-1,-1,-1,10,1,10
2016350078588,1,9,0,5,0,8,0,0,0,0,1,1,6,1,43,7,1598,1,5,9,1,9
2016350078588,2,2,0,18,0,1,1,0,7,10,4,1,6,2,17,4,49,1,8,5,3,5
2016350078626,1,9,0,15,0,0,0,0,0,0,4,1,6,1,67,10,-1,-1,-1,7,3,7
2016350078626,2,1,0,18,0,0,0,0,0,0,3,1,6,1,47,8,-1,-1,-1,5,2,5
2016350078739,1,9,0,5,0,4,5,0,1,0,1,1,1,1,23,5,1299,1,12,6,1,6
2016350078739,2,9,0,8,0,3,0,0,0,0,2,1,1,2,52,8,1781,1,15,9,1,9
2016350078853,1,1,0,18,0,0,1,0,0,0,1,1,6,1,20,4,-1,-1,-1,10,1,10
2016350078853,2,9,0,7,0,0,0,0,0,0,2,1,1,1,66,10,-1,-1,-1,10,2,10
2016350078881,1,19,0,12,0,0,0,0,0,0,1,1,1,1,38,7,2402,2,11,-1,1,-1
2016350078881,2,98,0,18,0,0,0,0,0,0,1,1,1,1,47,8,-1,-1,-1,-1,-1,-1
2016350078885,1,9,0,13,0,0,0,0,0,0,1,1,2,1,27,6,-1,-1,-1,7,3,7
2016350078885,2,9,0,18,0,0,0,0,2,0,3,1,2,1,35,6,2987,2,7,4,2,4
2016350078885,3,19,0,18,0,0,0,0,0,0,1,1,2,1,30,6,1686,2,6,-1,-1,-1
2016350078982,1,19,0,13,0,0,0,0,0,0,2,1,1,1,49,8,2198,2,9,10,2,10
2016350078982,2,1,0,18,4,0,0,0,0,0,2,1,4,1,10,2,-1,-1,-1,10,1,10
2016350079403,1,11,0,5,0,0,0,0,0,0,0,1,1,1,46,8,4500,2,9,4,1,4
2016350079688,1,9,0,18,0,2,0,0,0,0,4,1,5,1,70,10,1598,1,10,6,1,6
2016350079860,1,9,0,5,0,0,0,0,0,0,1,1,2,2,51,8,1796,1,9,9,1,9
2016350079860,2,5,0,4,0,0,5,0,0,0,2,1,2,1,43,7,1255,1,9,8,3,8
2016350079997,1,9,4,5,0,0,0,0,0,0,3,1,1,1,27,6,2496,2,14,1,1,1
2016350079997,2,21,0,13,0,0,0,0,0,0,4,2,5,1,53,8,-1,-1,-1,-1,-1,-1
2016350080037,1,9,0,18,0,0,0,0,0,0,1,1,6,1,34,6,-1,-1,-1,-1,-1,-1
2016350080037,2,19,0,4,0,0,0,0,0,0,2,1,1,1,63,9,1753,2,6,-1,-1,-1
2016350080037,3,90,1,18,0,0,0,0,0,0,4,1,1,3,-1,-1,-1,-1,-1,-1,-1,-1
2016350080104,1,9,0,18,0,0,0,0,0,0,1,1,6,2,23,5,1461,2,8,9,3,9
2016350080104,2,9,0,18,0,0,0,0,0,0,2,1,6,1,58,9,2967,2,-1,9,1,9
2016350080170,1,9,0,18,0,0,0,0,5,6,1,1,5,1,65,9,1999,1,8,-1,-1,-1
2016350080245,1,9,0,18,0,1,0,0,0,0,3,1,6,2,37,7,2993,2,4,9,2,9
2016350080245,2,9,3,11,0,1,0,0,0,0,4,1,5,1,64,9,3497,1,9,6,3,6
2016350080251,1,9,0,4,0,1,0,0,0,0,1,1,5,1,25,5,1598,2,4,-1,-1,-1
2016350080251,2,9,0,3,0,1,0,0,0,0,2,1,2,1,40,7,1598,1,5,-1,-1,-1
2016350080251,3,9,0,3,0,5,0,0,0,0,2,1,5,1,18,4,1896,2,13,-1,-1,-1
2016350080274,1,9,0,9,0,0,0,0,0,0,1,1,6,2,53,8,1796,1,9,6,1,6
2016350080274,2,1,0,18,4,0,0,0,0,0,3,1,6,1,25,5,-1,-1,-1,-1,-1,-1
2016350080291,1,9,0,9,0,1,0,0,0,0,1,1,6,2,39,7,2993,2,10,6,1,6
2016350080291,2,1,0,18,0,8,5,0,0,0,1,1,5,1,39,7,-1,-1,-1,7,1,7
2016350080299,1,9,0,15,0,0,0,0,0,0,1,1,6,2,85,11,-1,-1,-1,8,1,8
2016350080299,2,9,0,2,0,0,0,0,0,0,2,1,5,2,42,7,1388,1,13,-1,-1,-1
2016350080471,1,9,0,12,0,0,0,0,0,0,0,1,6,2,26,6,1988,1,13,5,1,5
2016350080471,2,9,0,18,0,0,0,0,0,0,0,1,6,2,72,10,1995,2,3,5,1,5
2016350080493,1,9,0,18,0,1,0,0,0,0,1,1,6,1,-1,-1,1998,1,16,9,1,9
2016350080493,2,9,0,3,0,1,0,0,0,0,2,1,6,2,49,8,1242,1,8,7,1,7
2016350080533,1,9,0,13,0,0,1,0,0,0,1,1,6,1,21,5,1199,1,15,7,2,7
2016350080533,2,1,0,18,0,0,2,0,1,9,2,1,5,1,41,7,-1,-1,-1,8,2,8
2016350080587,1,9,0,18,0,0,0,0,0,0,1,1,1,1,59,9,-1,-1,-1,3,1,3
2016350080587,2,9,0,4,0,0,0,0,0,0,2,1,6,1,49,8,2967,2,9,2,1,2
2016350080587,3,21,1,18,0,0,0,0,4,6,3,1,1,1,42,7,12777,2,2,8,2,8
2016350080658,1,9,0,10,0,5,0,0,0,0,1,1,5,1,47,8,1560,2,10,-1,-1,-1
2016350080658,2,9,0,18,0,1,0,0,0,0,1,1,5,2,20,4,1149,1,10,-1,-1,-1
2016350080723,1,9,0,18,0,0,0,0,0,0,1,1,5,1,21,5,1124,1,16,8,2,8
2016350080723,2,98,0,4,0,0,0,0,0,0,2,1,5,1,55,8,-1,-1,-1,6,1,6
2016350080727,1,9,0,9,0,1,0,0,1,0,3,1,5,2,25,5,1149,1,13,10,1,10
2016350080727,2,1,0,18,0,1,5,0,0,0,1,1,5,1,42,7,-1,-1,-1,10,2,10
2016350080780,1,9,0,9,0,4,0,0,0,0,1,1,5,1,41,7,1794,1,11,6,3,6
2016350080780,2,1,0,18,0,8,0,0,0,0,4,1,5,1,27,6,-1,-1,-1,6,1,6
2016350080806,1,19,0,6,0,6,0,7,0,0,1,1,1,1,28,6,2198,2,2,-1,-1,-1
2016350080806,2,9,0,18,0,1,0,0,1,0,1,1,1,2,48,8,1598,1,11,-1,-1,-1
2016350080810,1,9,0,18,0,0,0,0,1,1,1,1,6,2,65,9,1299,1,8,6,2,6
2016350080831,1,9,0,4,0,0,0,0,0,0,1,1,5,1,75,10,1248,1,3,-1,-1,-1
2016350080831,2,19,0,4,0,0,0,0,0,0,2,1,1,1,29,6,2143,2,1,-1,-1,-1
2016350080831,3,21,1,4,0,0,0,0,0,0,3,1,1,1,49,8,12740,2,1,-1,-1,-1
2016350080946,1,9,0,3,0,0,0,0,0,0,2,1,6,2,62,9,1386,1,12,10,3,10
2016350080946,2,9,0,3,0,0,0,0,0,0,1,1,6,1,24,5,1686,2,13,5,3,5
2016350081049,1,9,0,18,0,0,5,0,7,11,1,1,5,1,28,6,2000,2,7,3,3,3
2016350081049,2,9,0,2,9,0,0,0,0,0,3,1,6,3,-1,-1,-1,-1,-1,-1,-1,-1
2016350081107,1,9,0,17,0,0,0,0,0,0,1,1,6,1,73,10,2184,2,6,9,1,9
2016350081107,2,9,0,18,0,0,0,0,0,0,1,1,6,1,43,7,999,1,-1,6,1,6
2016350081109,1,9,0,18,0,0,0,0,7,0,1,1,2,2,24,5,1398,2,5,6,3,6
2016350081109,2,21,1,18,0,0,1,0,0,0,1,1,1,1,30,6,12419,2,5,10,2,10
2016350081109,3,9,0,18,0,0,0,0,0,0,1,1,6,1,41,7,1998,1,14,9,1,9
2016350081109,4,9,0,18,0,0,0,0,0,0,1,1,6,2,45,7,1590,1,11,8,1,8
2016350081203,1,9,0,18,0,1,0,0,0,0,4,1,2,1,45,7,-1,-1,-1,3,1,3
2016350081203,2,19,0,9,0,8,0,0,0,0,1,1,1,1,42,7,2143,2,-1,2,1,2
2016350081214,1,9,0,11,0,0,1,0,0,0,1,1,6,2,24,5,1398,1,11,-1,-1,-1
2016350081214,2,9,0,11,0,0,2,0,5,6,4,1,1,1,29,6,1596,1,4,-1,-1,-1
2016350081214,3,19,0,18,0,0,1,0,1,0,4,1,1,1,49,8,2298,2,2,-1,-1,-1
2016350081270,1,3,0,18,0,6,0,0,0,0,1,1,1,2,21,5,125,1,5,4,2,4
2016350081270,2,9,0,3,0,6,5,0,0,0,3,1,6,3,-1,-1,-1,-1,-1,-1,-1,-1
2016350081318,1,9,0,13,0,0,0,0,0,0,0,1,2,2,55,8,-1,-1,-1,-1,-1,-1
2016350081318,2,9,0,18,0,0,0,0,0,0,1,1,5,1,26,6,1598,1,16,-1,-1,-1
2016350081318,3,9,0,18,0,0,0,0,0,0,2,1,5,2,38,7,1968,2,2,-1,-1,-1
2016350081341,1,9,0,18,0,0,1,0,7,9,1,1,1,1,19,4,999,1,1,8,1,8
2016350081341,2,9,0,16,0,0,1,0,1,9,1,1,1,1,53,8,1956,2,2,10,1,10
2016350081341,3,9,0,18,0,0,5,0,0,0,4,1,1,1,21,5,2993,2,1,10,1,10
2016350081389,1,9,0,8,0,1,0,0,0,0,1,1,6,1,52,8,-1,-1,-1,1,1,1
2016350081389,2,9,0,8,0,1,0,0,0,0,2,1,5,1,25,5,1400,1,16,-1,-1,-1
2016350081443,1,9,0,17,0,3,1,0,1,2,1,1,5,1,28,6,1998,1,14,5,3,5
2016350081471,1,9,0,18,0,0,0,0,0,0,1,1,2,1,26,6,1461,2,6,10,1,10
2016350081471,2,9,0,3,0,0,0,0,0,0,2,1,2,1,27,6,1248,2,4,9,1,9
2016350081673,1,19,0,5,0,8,0,0,0,0,1,1,6,1,25,5,1753,2,11,9,2,9
2016350081673,2,1,0,18,0,8,0,0,0,0,4,1,6,2,32,6,-1,-1,-1,3,1,3
2016350081886,1,9,0,18,0,0,1,10,1,0,2,1,6,1,-1,-1,1896,2,14,-1,-1,-1
2016350081943,1,9,0,16,0,0,5,0,7,0,1,1,6,1,27,6,1388,1,8,-1,-1,-1
2016350081987,1,1,0,18,0,0,0,0,0,0,2,1,6,1,-1,-1,-1,-1,-1,-1,-1,-1
2016350081987,2,9,0,8,0,0,0,0,0,0,3,1,1,1,33,6,1229,1,7,-1,-1,-1
2016350081993,1,9,0,17,0,0,1,0,1,3,4,1,6,1,36,7,1796,1,8,9,1,9
2016350082022,1,9,0,18,0,8,0,2,0,0,1,1,2,2,40,7,1796,1,8,-1,-1,-1
2016350082022,2,9,0,18,0,8,0,0,0,0,1,1,2,1,50,8,-1,-1,-1,-1,-1,-1
2016350082022,3,9,0,18,0,8,0,0,0,0,2,1,2,1,54,8,2995,7,13,-1,-1,-1
2016350082059,1,9,0,18,0,8,0,0,0,0,1,1,5,1,82,11,1396,1,18,9,1,9
2016350082059,2,1,0,18,0,8,0,0,0,0,2,1,5,1,31,6,-1,-1,-1,3,1,3
2016350082064,1,9,0,16,0,0,0,0,0,0,1,1,6,2,27,6,1149,1,15,-1,-1,-1
2016350082064,2,9,0,17,0,0,0,0,0,0,1,1,6,2,65,9,998,1,1,9,2,9
2016350082094,1,1,0,18,5,0,0,0,1,0,0,1,5,2,27,6,-1,-1,-1,7,1,7
2016350082094,2,1,0,13,5,0,5,0,0,0,4,1,6,1,-1,-1,-1,-1,-1,10,3,10
2016350082166,1,9,0,18,0,0,1,0,0,0,1,1,5,2,23,5,-1,-1,-1,6,2,6
2016350082166,2,9,0,18,0,0,0,0,0,0,1,1,2,1,51,8,1910,2,9,4,3,4
2016350082216,1,9,0,18,0,1,0,0,0,0,4,1,2,1,-1,-1,-1,-1,-1,-1,-1,-1
2016350082216,2,1,0,10,0,5,0,0,0,0,1,1,5,1,14,3,-1,-1,-1,6,2,6
2016350082231,1,9,0,18,0,1,0,0,0,0,1,1,6,1,-1,-1,1984,1,7,-1,-1,-1
2016350082231,2,9,0,9,0,6,1,0,0,0,3,1,6,2,22,5,1200,1,3,1,1,1
2016350082236,1,1,0,5,5,1,0,0,0,0,1,1,1,1,23,5,-1,-1,-1,-1,-1,-1
2016350082236,2,9,0,18,0,1,0,0,0,0,1,1,1,2,60,9,1598,1,7,-1,-1,-1
2016350082297,1,9,0,18,0,0,0,0,0,0,1,1,6,2,70,10,1560,2,5,10,1,10
2016350082297,2,21,1,4,0,0,0,0,0,0,2,1,1,1,30,6,11705,2,7,-1,-1,-1
2016350082308,1,1,0,18,5,0,0,0,0,0,1,1,1,1,28,6,-1,-1,-1,5,1,5
2016350082308,2,9,0,3,0,0,0,0,0,0,4,1,6,2,-1,-1,-1,-1,-1,-1,-1,-1
2016350082365,1,9,0,18,0,0,0,0,1,0,1,1,6,2,25,5,1598,2,2,-1,-1,-1
2016350082401,1,98,0,18,0,0,0,0,0,0,1,1,6,1,39,7,-1,-1,-1,-1,-1,-1
2016350082401,2,21,1,2,0,0,0,0,0,0,2,1,1,1,34,6,12740,2,3,-1,-1,-1
2016350082456,1,9,0,4,0,0,0,0,0,0,2,1,6,1,-1,-1,-1,-1,-1,-1,-1,-1
2016350082456,2,9,0,3,0,0,0,0,0,0,2,1,1,1,46,8,2993,2,8,-1,-1,-1
2016350082456,3,9,0,18,0,0,0,0,0,0,1,1,6,2,-1,-1,1994,2,8,-1,-1,-1
2016350082545,1,3,0,7,0,1,0,0,0,0,4,1,6,1,22,5,125,1,2,-1,-1,-1
2016350082571,1,9,0,9,0,1,0,0,0,0,1,1,5,2,61,9,1596,1,12,-1,-1,-1
2016350082592,1,9,0,18,0,0,0,0,0,0,1,1,6,1,49,8,1998,2,12,1,1,1
2016350082592,2,1,0,18,0,0,5,0,0,0,4,1,1,2,23,5,-1,-1,-1,4,1,4
2016350082724,1,9,0,2,9,0,0,0,0,0,3,1,6,2,-1,-1,1598,1,9,-1,-1,-1
2016350082913,1,5,0,17,0,0,2,11,1,0,2,1,5,1,48,8,1150,1,4,-1,-1,-1
2016350082932,1,9,0,18,0,0,0,0,0,0,1,1,6,2,63,9,2993,2,2,8,2,8
2016350082932,2,9,0,3,0,0,0,0,0,0,2,1,5,1,46,8,1895,1,15,2,1,2
2016350082961,1,9,0,16,0,0,0,0,0,0,3,1,6,3,-1,-1,3960,1,20,-1,-1,-1
2016350082961,2,1,0,18,0,0,0,0,0,0,1,1,6,1,54,8,-1,-1,-1,4,1,4
2016350083145,1,2,0,16,0,0,0,0,0,0,1,1,6,1,21,5,49,1,16,-1,-1,-1
2016350083145,2,1,0,17,0,0,0,0,0,0,1,1,6,2,58,9,-1,-1,-1,-1,-1,-1
2016350083180,1,9,0,2,0,0,0,0,0,0,3,1,6,2,37,7,1362,1,4,-1,-1,-1
2016350083180,2,1,0,14,0,0,5,0,0,0,1,1,5,2,36,7,-1,-1,-1,-1,-1,-1
2016350083205,1,9,0,4,0,0,0,0,0,0,1,1,2,2,33,6,1968,2,1,8,1,8
2016350083205,2,9,0,4,0,0,0,0,0,0,2,1,6,1,43,7,2995,1,6,10,2,10
2016350083205,3,9,0,4,0,0,0,0,0,0,2,1,1,1,54,8,2143,12,1,8,1,8
2016350083243,1,5,0,18,0,1,0,0,0,0,1,1,5,1,39,7,1170,1,1,-1,-1,-1
2016350083243,2,9,0,9,0,1,0,0,0,0,1,1,5,2,35,6,1560,2,5,-1,-1,-1
2016350083352,1,5,0,18,0,0,0,0,0,0,1,1,5,1,50,8,1099,1,8,5,1,5
2016350083352,2,9,0,9,0,0,0,0,0,0,3,1,5,2,63,9,1799,1,10,10,1,10
2016350083531,1,9,0,6,0,0,0,0,0,0,1,1,5,1,43,7,1496,2,1,7,1,7
2016350083531,2,5,0,5,0,0,0,0,0,0,3,1,5,1,-1,-1,1170,2,1,8,3,8
2016350083613,1,9,0,4,0,1,0,0,0,0,1,1,5,1,40,7,2494,1,16,-1,-1,-1
2016350083613,2,9,0,3,0,1,0,0,0,0,2,1,5,2,50,8,1598,1,15,-1,-1,-1
2016350083613,3,9,0,3,0,1,0,0,0,0,2,1,5,1,69,10,1398,1,3,-1,-1,-1
2016350083707,1,9,0,6,0,2,0,0,0,0,1,1,6,1,24,5,1995,1,10,3,1,3
2016350083707,2,1,0,18,0,2,0,0,0,0,4,1,6,2,23,5,-1,-1,-1,10,1,10
2016350083850,1,9,0,18,0,0,0,0,0,0,1,1,6,1,-1,-1,2993,2,7,7,1,7
2016350083850,2,9,0,18,0,0,0,0,0,0,2,1,6,2,28,6,2993,2,12,5,1,5
2016350083882,1,9,0,18,0,1,0,0,0,0,1,1,1,1,24,5,-1,-1,-1,6,1,6
2016350083882,2,9,0,3,0,1,0,0,0,0,2,1,5,2,27,6,1400,2,10,4,1,4
2016350083882,3,9,0,3,0,1,0,0,0,0,2,1,5,2,36,7,1400,1,16,3,1,3
2016350084169,1,9,0,13,0,0,0,0,0,0,4,1,6,1,60,9,1796,1,8,10,2,10
2016350084169,2,1,0,18,0,0,0,0,0,0,3,1,6,1,-1,-1,-1,-1,-1,8,3,8
2016350084189,1,5,0,14,0,1,0,0,0,0,4,1,1,1,-1,-1,-1,-1,-1,-1,-1,-1
2016350084189,2,9,0,10,0,5,0,0,0,0,3,1,5,1,33,6,1596,1,16,2,1,2
2016350084196,1,9,0,16,0,8,0,0,0,0,3,1,6,1,20,4,1368,1,5,9,1,9
2016350084196,2,9,0,17,0,8,0,0,0,0,3,1,6,1,73,10,1591,1,1,4,1,4
2016350084196,3,9,0,17,0,8,0,0,0,0,1,1,6,2,36,7,899,1,3,-1,-1,-1
2016350084235,1,8,0,18,0,0,0,0,0,0,4,1,1,1,-1,-1,1598,2,5,1,1,1
2016350084235,2,9,0,5,0,0,0,0,0,0,3,1,6,2,31,6,1248,2,9,2,1,2
2016350084338,1,9,0,17,0,8,0,0,0,0,2,1,1,2,35,6,1248,1,5,-1,-1,-1
2016350084338,2,5,0,18,0,8,5,0,0,0,1,1,5,1,33,6,599,1,16,-1,-1,-1
2016350084378,1,1,0,12,0,0,0,0,0,0,4,1,6,1,15,3,-1,-1,-1,-1,-1,-1
2016350084378,2,9,0,18,0,0,0,0,0,0,3,1,5,2,31,6,1248,2,8,6,3,6
2016350084432,1,3,0,18,0,0,0,0,0,0,1,1,6,1,20,4,124,1,14,6,1,6
2016350084432,2,9,0,9,0,0,0,0,0,0,1,1,2,1,39,7,1395,1,1,10,2,10
2016350084473,1,9,0,9,0,5,0,0,0,0,1,1,2,1,48,8,1149,1,12,-1,-1,-1
2016350084473,2,9,0,7,0,6,0,0,0,0,1,1,2,1,63,9,1242,1,16,-1,-1,-1
2016350084504,1,97,0,18,0,0,1,0,0,0,0,1,6,3,-1,-1,-1,-1,-1,-1,-1,-1
2016350084504,2,9,0,18,0,0,0,0,0,0,2,1,6,2,27,6,1598,1,14,-1,-1,-1
2016350084504,3,9,0,18,0,0,0,0,0,0,2,1,6,2,42,7,1582,2,2,-1,-1,-1
2016350084504,4,9,0,18,0,0,0,0,0,0,1,1,6,2,24,5,1124,1,11,-1,-1,-1
2016350084528,1,9,0,10,0,8,0,0,0,0,1,1,6,1,24,5,1398,2,2,-1,-1,-1
2016350084528,2,9,0,18,0,5,0,0,0,0,2,1,6,2,57,9,1560,2,5,-1,-1,-1
2016350084663,1,9,0,16,0,4,1,7,5,0,1,1,2,1,37,7,3855,1,1,-1,-1,-1
2016350084663,2,9,0,18,0,4,0,0,0,0,0,1,6,2,58,9,1461,2,2,-1,-1,-1
2016350084775,1,9,0,18,0,4,0,0,0,0,3,1,5,2,50,8,1995,2,9,-1,-1,-1
2016350084775,2,3,0,18,0,4,0,0,0,0,1,1,6,1,28,6,125,1,1,-1,-1,-1
2016350084837,1,9,0,17,0,0,1,0,0,0,4,1,5,2,28,6,1596,1,9,-1,-1,-1
2016350084837,2,19,0,18,0,0,0,0,0,0,1,1,1,1,40,7,2400,2,10,8,3,8
2016350084927,1,9,0,18,0,0,0,0,0,0,3,1,6,2,57,9,2664,2,14,-1,-1,-1
2016350084927,2,1,0,14,0,0,0,0,0,0,1,1,5,2,10,2,-1,-1,-1,-1,-1,-1
2016350084967,1,9,0,5,0,0,0,0,0,0,2,1,5,1,55,8,2290,1,13,3,1,3
2016350084967,2,9,0,5,0,0,0,0,0,0,1,1,5,1,22,5,1598,1,12,2,1,2
2016350084986,1,19,0,4,0,0,0,0,0,0,2,1,1,1,45,7,1560,2,-1,7,3,7
2016350084986,2,9,0,4,0,0,1,0,0,0,2,1,6,2,22,5,1197,1,1,4,2,4
2016350084986,3,19,0,4,0,0,1,0,0,0,1,1,1,1,-1,-1,2198,2,3,9,3,9
2016350084986,4,9,0,4,0,0,1,0,0,0,1,1,6,1,29,6,1149,1,14,8,3,8
2016350085074,1,9,0,18,0,0,1,0,0,0,1,1,6,1,62,9,1499,2,-1,6,1,6
2016350085074,2,9,0,3,0,0,0,0,0,0,2,1,6,2,39,7,1598,1,6,6,3,6
2016350085074,3,98,0,18,0,0,0,0,0,0,0,1,5,1,25,5,-1,-1,-1,-1,-1,-1
2016350085075,1,19,0,18,0,0,0,0,4,7,1,1,6,1,26,6,1896,2,8,8,1,8
2016350085075,2,9,0,18,0,0,1,0,1,9,2,1,6,1,46,8,-1,-1,-1,5,1,5
2016350085154,1,9,0,9,0,1,0,0,0,0,1,1,5,1,24,5,1596,1,9,5,3,5
2016350085154,2,9,0,17,0,1,0,0,0,0,1,1,1,1,17,4,1248,2,4,7,2,7
2016350085203,1,21,1,13,0,1,0,0,0,0,3,1,1,1,32,6,-1,-1,-1,-1,-1,-1
2016350085203,2,9,0,18,0,1,1,0,0,0,4,1,6,2,57,9,1794,1,14,5,1,5
2016350085203,3,9,0,18,0,1,2,0,0,0,1,1,6,1,35,6,-1,-1,-1,1,1,1
2016350085204,1,9,0,18,0,1,0,0,0,0,1,1,3,2,31,6,1596,1,10,5,3,5
2016350085204,2,1,0,18,0,1,0,0,0,0,2,1,2,1,35,6,-1,-1,-1,4,3,4
2016350085241,1,19,0,18,0,0,1,0,0,0,1,1,5,1,26,6,1248,2,10,2,1,2
2016350085316,1,9,0,2,0,2,0,0,0,0,3,1,5,1,27,6,1781,1,15,10,2,10
2016350085316,2,1,0,14,0,2,0,8,0,0,4,1,5,2,70,10,-1,-1,-1,6,2,6
2016350085334,1,9,0,18,0,0,1,0,1,0,1,1,2,2,58,9,1086,1,12,3,1,3
2016350085334,2,9,0,3,0,0,0,0,0,0,2,1,2,2,50,8,998,1,1,5,1,5
2016350085334,3,9,0,2,6,0,0,0,0,0,3,1,5,1,73,10,1951,2,15,9,3,9
2016350085371,1,19,0,18,0,8,0,0,0,0,1,1,1,1,26,6,1560,2,9,5,2,5
2016350085371,2,9,0,18,0,8,0,0,0,0,2,1,1,1,45,7,1598,2,5,10,1,10
2016350085436,1,9,0,3,0,0,0,0,0,0,1,1,6,1,32,6,1587,1,14,1,1,1
2016350085436,2,9,0,18,0,0,0,0,0,0,2,1,6,2,49,8,875,1,3,6,3,6