Accident_Index,Vehicle_Reference,Vehicle_Type,Towing_and_Articulation,Vehicle_Manoeuvre,Vehicle_Location-Restricted_Lane,Junction_Location,Skidding_and_Overturning,Hit_Object_in_Carriageway,Vehicle_Leaving_Carriageway,Hit_Object_off_Carriageway,1st_Point_of_Impact,Was_Vehicle_Left_Hand_Drive?,Journey_Purpose_of_Driver,Sex_of_Driver,Age_of_Driver,Age_Band_of_Driver,Engine_Capacity_(CC),Propulsion_Code,Age_of_Vehicle,Driver_IMD_Decile,Driver_Home_Area_Type,Vehicle_IMD_Decile
2016350105866,1,98,0,15,0,0,0,0,0,0,4,1,1,1,30,6,-1,-1,-1,4,3,4
2016350105866,2,1,0,18,0,0,0,0,1,9,3,1,6,1,52,8,-1,-1,-1,5,3,5
2016350105881,1,9,0,4,0,1,0,0,0,0,1,1,6,1,-1,-1,1598,2,5,2,1,2
2016350105881,2,9,0,3,0,1,0,0,0,0,2,1,5,1,29,6,1499,2,1,4,1,4
2016350105930,1,9,0,4,0,0,1,0,0,0,1,1,1,1,23,5,-1,-1,-1,9,3,9
2016350105930,2,9,0,4,0,0,0,0,0,0,2,1,5,2,38,7,1910,2,7,3,1,3
2016350105975,1,1,0,18,0,1,0,0,0,0,1,1,6,2,-1,-1,-1,-1,-1,-1,-1,-1
2016350105976,1,9,0,11,0,1,0,0,0,0,4,1,2,1,29,6,1400,1,17,6,1,6
2016350105976,2,1,0,18,0,1,0,0,0,0,3,1,2,2,47,8,-1,-1,-1,6,1,6
2016350106002,1,9,0,6,0,0,0,0,0,0,3,1,5,1,60,9,1685,2,1,10,2,10
2016350106002,2,5,0,14,0,0,0,0,0,0,1,1,2,1,53,8,600,1,10,3,1,3
2016350106022,1,5,0,13,0,0,0,0,0,0,3,1,6,1,24,5,790,1,12,6,1,6
2016350106033,1,9,0,17,0,0,0,0,0,0,1,1,5,1,31,6,1998,2,10,2,1,2
2016350106033,2,9,0,16,0,0,0,4,0,0,1,1,5,2,22,5,1229,1,4,1,1,1
2016350106033,3,9,0,2,0,0,0,0,0,0,4,1,5,3,-1,-1,1781,1,15,-1,-1,-1
2016350106037,1,9,0,16,0,8,0,10,3,1,1,1,1,1,38,7,1991,2,10,9,3,9
2016350106052,1,9,0,18,0,0,0,0,0,0,1,1,6,2,-1,-1,-1,-1,-1,-1,-1,-1
2016350106068,1,5,0,17,0,2,5,0,0,0,3,1,5,1,44,7,899,1,16,4,1,4
2016350106099,1,9,0,4,0,1,0,0,0,0,1,1,6,1,47,8,1598,1,10,8,2,8
2016350106099,2,9,0,3,0,1,0,0,0,0,2,1,6,2,30,6,1229,1,7,8,2,8
2016350106129,1,19,0,18,0,0,0,0,0,0,4,1,1,1,61,9,1995,2,8,7,1,7
2016350106142,1,9,0,18,0,8,0,0,0,0,1,1,1,1,24,5,998,1,1,9,1,9
2016350106142,2,9,0,18,0,8,0,0,0,0,1,1,6,2,45,7,1560,2,9,10,2,10
2016350106162,1,9,0,18,0,0,0,0,0,0,1,1,2,1,30,6,973,1,14,-1,-1,-1
2016350106162,2,9,0,4,0,0,0,0,0,0,2,1,2,1,42,7,2656,1,10,7,1,7
2016350106162,3,19,0,4,0,0,0,0,0,0,2,1,1,1,40,7,2198,2,1,10,1,10
2016350106204,1,9,0,18,0,6,0,0,0,0,3,1,6,2,36,7,1997,2,4,8,1,8
2016350106204,2,9,0,18,0,8,0,0,0,0,1,1,6,2,62,9,2993,2,1,10,3,10
2016350106204,3,9,0,18,0,1,0,0,0,0,1,1,6,1,38,7,1799,1,9,5,1,5
2016350106366,1,9,0,1,0,0,0,0,0,0,1,1,5,2,33,6,1398,1,5,9,3,9
2016350106366,2,3,0,18,0,0,0,0,0,0,1,1,6,1,22,5,125,1,-1,-1,-1,-1
2016350106439,1,9,0,18,0,0,0,0,0,0,1,1,5,1,22,5,1242,1,10,7,1,7
2016350106439,2,9,0,3,0,0,0,0,0,0,2,1,5,1,44,7,1868,2,17,5,2,5
2016350106439,3,9,0,3,0,0,0,0,0,0,2,1,5,1,31,6,1997,2,4,6,1,6
2016350106488,1,9,0,17,0,0,0,4,0,0,1,1,1,1,36,7,1242,1,16,-1,-1,-1
2016350106488,2,9,0,2,0,0,0,0,0,0,2,1,5,1,-1,-1,1686,2,5,-1,-1,-1
2016350106488,3,9,0,2,0,0,0,0,0,0,2,1,5,1,-1,-1,1497,1,14,-1,-1,-1
2016350106513,1,9,0,6,0,0,0,0,7,0,3,1,5,1,42,7,2792,1,14,3,1,3
2016350106513,2,9,0,18,0,0,0,0,7,0,1,1,5,1,32,6,1999,1,9,9,1,9
2016350106678,1,9,0,18,0,0,1,0,5,7,1,1,6,1,30,6,1910,2,11,2,1,2
2016350106678,2,9,0,18,0,0,0,0,0,0,1,1,6,1,40,7,1998,2,9,3,2,3
2016350106678,3,9,0,18,0,0,0,0,0,0,1,1,6,1,41,7,1598,1,8,9,1,9
2016350106698,1,9,0,18,0,8,0,0,0,0,1,1,5,1,58,9,1590,1,13,7,1,7
2016350106698,2,1,0,18,0,8,0,0,0,0,2,1,6,2,37,7,-1,-1,-1,9,1,9
2016350106761,1,1,0,18,3,1,0,0,0,0,1,1,6,3,-1,-1,-1,-1,-1,-1,-1,-1
2016350106761,2,9,0,18,0,1,0,0,0,0,3,1,5,1,69,10,1995,2,13,10,2,10
2016350106777,1,5,0,13,0,0,0,0,0,0,1,1,1,1,45,7,1584,1,9,3,1,3
2016350106777,2,9,0,18,0,0,0,0,0,0,3,1,1,1,47,8,1399,2,13,9,3,9
2016350106784,1,9,0,9,0,1,0,0,0,0,4,1,2,2,47,8,1461,2,3,6,1,6
2016350106784,2,22,0,18,0,1,0,0,0,0,1,1,2,2,51,8,-1,-1,-1,2,1,2
2016350106790,1,1,0,18,5,1,0,0,0,0,1,1,6,1,54,8,-1,-1,-1,2,1,2
2016350106790,2,9,0,4,0,1,0,0,0,0,4,1,1,1,41,7,1895,1,15,6,1,6
2016350106840,1,9,0,18,0,1,0,0,0,0,1,1,6,1,31,6,1910,2,12,9,3,9
2016350106840,2,9,0,3,0,1,0,0,0,0,2,1,5,2,31,6,1396,1,6,9,3,9
2016350106882,1,9,0,9,0,3,0,0,0,0,4,1,6,1,79,11,1968,2,9,3,3,3
2016350106882,2,9,0,9,0,3,0,0,0,0,3,1,6,2,19,4,973,1,15,6,1,6
2016350106907,1,19,0,13,0,0,5,0,7,0,1,1,6,2,30,6,1686,2,13,3,1,3
2016350106907,2,9,0,9,0,0,0,0,7,0,1,1,6,1,47,8,998,1,4,6,3,6
2016350106937,1,21,0,17,0,4,1,0,0,0,4,1,1,1,30,6,4764,2,3,9,1,9
2016350106937,2,9,0,9,0,3,0,0,0,0,3,1,5,1,34,6,-1,-1,-1,9,1,9
2016350106953,1,9,0,18,0,1,0,0,0,0,1,1,6,1,25,5,1995,2,11,2,1,2
2016350106953,2,9,0,3,0,1,0,0,0,0,2,1,2,2,59,9,1242,1,4,5,3,5
2016350107010,1,19,0,9,0,1,0,4,0,0,4,1,1,1,43,7,1560,2,1,4,1,4
2016350107010,2,9,0,18,0,1,0,0,0,0,3,1,5,1,52,8,1360,1,16,10,1,10
2016350107010,3,9,4,18,0,1,0,0,0,0,2,1,6,3,-1,-1,1229,1,11,-1,-1,-1
2016350107010,4,19,0,18,0,1,0,0,0,0,2,1,6,1,-1,-1,1996,2,5,5,1,5
2016350107030,1,1,0,9,0,8,0,0,0,0,1,1,6,3,-1,-1,-1,-1,-1,-1,-1,-1
2016350107030,2,1,0,18,0,8,0,0,0,0,2,1,6,1,31,6,-1,-1,-1,2,1,2
2016350107064,1,9,0,9,0,1,0,0,0,0,1,1,6,1,71,10,1368,1,4,8,3,8
2016350107064,2,1,0,18,0,8,1,0,0,0,3,1,6,1,20,4,-1,-1,-1,6,1,6
2016350107123,1,5,0,18,0,0,5,0,0,0,0,1,5,1,37,7,652,1,9,6,1,6
2016350107155,1,1,0,18,0,6,0,0,0,0,3,1,4,1,16,4,-1,-1,-1,10,1,10
2016350107155,2,9,0,18,0,2,0,0,0,0,1,1,2,2,24,5,1360,1,12,7,1,7
2016350107201,1,9,0,7,0,2,0,0,0,0,2,1,5,2,69,10,1591,1,1,10,1,10
2016350107201,2,1,0,18,0,8,0,10,7,0,0,1,5,1,49,8,-1,-1,-1,3,1,3
2016350107201,3,1,0,18,0,8,0,0,0,0,1,1,5,1,48,8,-1,-1,-1,7,1,7
2016350107268,1,9,0,18,0,0,5,0,0,0,1,1,2,1,47,8,2495,2,22,2,1,2
2016350107305,1,9,0,7,0,2,0,0,0,0,1,1,1,1,57,9,1582,2,1,3,1,3
2016350107305,2,9,0,4,0,1,0,0,0,0,2,1,5,1,27,6,2401,2,14,2,1,2
2016350107381,1,9,0,5,0,1,0,0,0,0,1,1,6,1,69,10,-1,-1,-1,8,3,8
2016350107381,2,9,0,3,0,1,0,0,0,0,2,1,6,2,38,7,1560,2,10,7,2,7
2016350107381,3,98,0,18,0,1,0,0,0,0,0,1,1,1,-1,-1,-1,-1,-1,-1,-1,-1
2016350107408,1,9,0,2,6,0,0,0,0,0,3,1,6,1,-1,-1,-1,-1,-1,-1,-1,-1
2016350107408,2,1,0,18,0,0,0,4,0,0,1,1,2,2,26,6,-1,-1,-1,8,1,8
2016350107418,1,9,0,18,0,0,0,0,0,0,4,1,6,2,38,7,1149,1,14,5,1,5
2016350107418,2,9,0,18,0,0,0,0,0,0,1,1,6,2,46,8,999,1,1,10,1,10
2016350107425,1,9,0,18,0,0,0,0,0,0,1,1,5,1,81,11,1598,2,2,8,2,8
2016350107425,2,21,0,2,0,0,0,0,0,0,2,1,1,1,30,6,7201,2,9,5,3,5
2016350107458,1,9,0,9,0,0,0,0,0,0,1,1,5,1,55,8,1229,1,9,-1,-1,-1
2016350107458,2,1,0,18,0,0,0,0,0,0,3,1,2,2,41,7,-1,-1,-1,8,1,8
2016350107487,1,9,0,4,0,3,0,0,0,0,0,1,6,3,-1,-1,1596,1,8,-1,-1,-1
2016350107487,2,3,0,18,0,3,0,0,0,0,4,1,6,1,22,5,124,1,3,1,1,1
2016350107526,1,9,0,12,0,6,1,0,5,6,3,1,2,1,31,6,1461,2,11,8,3,8
2016350107526,2,8,0,12,0,1,0,0,5,0,3,1,1,1,55,8,2664,2,13,1,1,1
2016350107705,1,5,0,17,0,0,1,0,1,0,4,1,2,1,50,8,1298,1,14,5,2,5
2016350107800,1,9,0,6,0,1,0,0,0,0,1,1,5,1,74,10,-1,-1,-1,4,1,4
2016350107800,2,1,0,18,0,5,0,0,0,0,3,1,5,1,12,3,-1,-1,-1,3,1,3
2016350107904,1,9,0,13,0,1,5,0,7,0,1,1,5,2,48,8,1598,1,11,7,2,7
2016350107904,2,17,0,9,0,1,0,0,0,0,1,1,1,1,23,5,-1,2,9,5,2,5
2016350107981,1,1,0,18,0,6,0,0,0,0,3,1,5,2,29,6,-1,-1,-1,4,1,4
2016350107981,2,11,0,18,0,1,0,0,0,0,4,1,1,1,60,9,6870,2,15,6,3,6
2016350108012,1,9,0,4,0,0,1,0,1,0,3,1,5,1,42,7,998,1,12,8,3,8
2016350108012,2,19,0,18,0,0,5,0,1,0,2,1,1,1,34,6,1461,2,4,1,1,1
2016350108107,1,9,0,5,0,0,0,0,0,0,1,1,1,1,27,6,1896,2,14,-1,-1,-1
2016350108107,2,5,0,14,0,0,5,0,0,0,4,1,6,1,58,9,865,1,7,8,1,8
2016350108131,1,19,0,4,0,1,0,0,0,0,1,1,1,1,21,5,2143,2,-1,2,1,2
2016350108131,2,9,0,10,0,1,0,0,0,0,2,1,6,2,51,8,1995,2,2,8,1,8
2016350108273,1,9,0,16,0,1,1,0,3,0,1,1,5,1,27,6,1995,2,11,6,1,6
2016350108336,1,9,0,18,0,1,0,0,0,0,3,1,5,1,24,5,2993,2,-1,4,1,4
2016350108371,1,9,0,3,0,0,0,0,0,0,2,1,5,1,48,8,1968,2,1,3,3,3
2016350108371,2,9,0,18,0,0,0,0,0,0,1,1,1,1,53,8,993,1,14,8,1,8
2016350108377,1,19,0,1,0,0,0,0,0,0,2,1,6,3,-1,-1,1686,2,11,-1,-1,-1
2016350108377,2,9,0,7,0,0,0,0,0,0,1,1,5,1,24,5,1590,1,14,4,1,4
2016350108464,1,17,0,11,0,8,0,0,0,0,4,1,1,1,50,8,-1,-1,-1,10,3,10
2016350108464,2,9,0,18,0,8,0,0,0,0,3,1,1,1,49,8,1560,2,1,2,1,2
2016350108506,1,9,0,6,0,0,0,0,0,0,3,1,1,1,48,8,1796,1,13,-1,-1,-1
2016350108506,2,5,0,18,0,0,0,0,0,0,1,1,1,1,58,9,1130,1,14,8,1,8
2016350108532,1,9,0,18,9,0,0,0,1,0,1,1,6,3,-1,-1,-1,-1,-1,-1,-1,-1
2016350108549,1,9,0,4,0,1,0,0,0,0,1,1,6,1,22,5,1360,1,11,2,1,2
2016350108549,2,9,0,3,0,4,0,0,0,0,2,1,6,2,43,7,1242,1,7,7,3,7
2016350108584,1,9,0,18,1,6,0,0,0,0,0,1,6,3,-1,-1,1988,1,16,-1,-1,-1
2016350108584,2,9,0,18,0,1,2,0,1,0,3,1,6,2,70,10,1390,1,11,4,2,4
2016350108584,3,90,0,2,0,1,0,0,0,0,4,1,6,3,-1,-1,-1,-1,-1,-1,-1,-1
2016350108600,1,9,0,11,0,5,1,0,0,0,1,1,6,3,46,8,1198,1,11,2,1,2
2016350108600,2,9,0,18,0,1,1,0,0,0,2,1,5,2,35,6,1332,1,20,-1,-1,-1
2016350108600,3,9,0,18,0,1,0,0,0,0,2,1,5,2,37,7,2000,1,8,5,3,5
2016350108600,4,9,0,18,0,1,0,0,0,0,4,1,5,2,22,5,1242,1,2,5,2,5
2016350108614,1,9,0,12,0,0,0,0,0,0,1,1,5,1,78,11,1799,1,6,8,1,8
2016350108614,2,9,0,16,0,0,0,0,0,0,2,1,5,2,24,5,1398,1,1,9,1,9
2016350108640,1,11,0,4,0,0,0,10,1,0,4,1,3,3,-1,-1,-1,-1,-1,-1,-1,-1
2016350108662,1,19,0,18,0,0,0,0,0,0,4,1,5,1,30,6,1968,2,1,7,2,7
2016350108662,2,1,0,18,0,0,5,0,0,0,2,1,6,1,47,8,-1,-1,-1,-1,-1,-1
2016350108692,1,9,0,18,0,4,0,0,0,0,1,1,6,3,-1,-1,-1,-1,-1,-1,-1,-1
2016350108692,2,9,0,3,0,4,0,0,0,0,2,1,5,1,44,7,2499,2,13,1,1,1
2016350108824,1,9,0,17,0,0,0,0,7,4,3,1,5,2,38,7,1388,1,13,8,2,8
2016350108866,1,9,0,13,0,0,0,0,0,0,1,1,6,3,-1,-1,-1,-1,-1,-1,-1,-1
2016350108866,2,1,0,4,0,0,0,0,0,0,2,1,5,1,31,6,-1,-1,-1,1,1,1
2016350108948,1,9,0,17,0,0,5,0,7,9,3,1,6,1,19,4,1396,1,8,9,3,9
2016350108964,1,8,0,4,0,1,0,0,0,0,0,1,1,1,31,6,1968,2,1,2,1,2
2016350109139,1,9,0,12,0,0,1,0,0,0,1,1,5,2,21,5,1339,1,13,1,1,1
2016350109139,2,9,0,18,0,0,0,0,0,0,1,1,5,1,68,10,1560,2,8,7,2,7
2016350109188,1,9,0,16,0,0,0,0,0,0,1,1,6,1,24,5,-1,-1,-1,1,1,1
2016350109188,2,9,0,4,0,0,0,0,0,0,1,1,6,1,49,8,1399,2,8,7,1,7
2016350109276,1,9,0,9,0,1,0,0,0,0,1,1,6,1,-1,-1,1892,2,17,1,1,1
2016350109276,2,9,0,18,0,8,0,0,0,0,1,1,6,2,61,9,1339,1,5,4,3,4
2016350109375,1,9,0,5,0,1,0,0,0,0,3,1,2,1,22,5,-1,-1,-1,8,3,8
2016350109375,2,9,0,18,0,1,0,0,7,0,1,1,2,2,36,7,-1,-1,-1,-1,-1,-1
2016350109391,1,9,0,9,0,6,0,0,0,0,1,1,5,1,34,6,1598,1,15,4,1,4
2016350109391,2,1,0,9,0,5,0,0,0,0,3,1,5,2,17,4,-1,-1,-1,4,3,4
2016350109593,1,9,0,18,0,2,0,0,1,1,1,1,6,1,17,4,1587,1,14,4,1,4
2016350110022,1,9,0,7,0,2,0,0,0,0,1,1,6,1,-1,-1,1796,7,15,-1,-1,-1
2016350110022,2,9,0,18,0,1,0,10,0,0,3,1,6,2,29,6,2926,2,10,5,1,5
2016350110206,1,9,0,6,8,0,0,0,0,0,4,1,5,1,61,9,1339,1,10,4,1,4
2016350110206,2,3,0,18,0,0,0,0,1,0,1,1,6,1,19,4,-1,-1,-1,10,2,10
2016350110231,1,9,0,13,0,1,0,0,0,0,4,1,6,2,23,5,2000,2,7,9,1,9
2016350110231,2,1,0,18,0,1,0,0,0,0,3,1,6,1,42,7,-1,-1,-1,8,3,8
2016350110356,1,9,0,7,0,8,0,0,0,0,4,1,1,2,56,9,1995,2,2,6,3,6
2016350110356,2,1,0,18,0,8,0,0,0,0,3,1,1,2,28,6,-1,-1,-1,8,3,8
2016350110637,1,5,0,18,0,1,2,0,0,0,1,1,5,1,49,8,1137,1,9,5,2,5
2016350110681,1,98,0,18,0,0,0,0,0,0,3,1,6,3,-1,-1,-1,-1,-1,-1,-1,-1
2016350110681,2,19,0,18,0,0,0,0,0,0,3,1,1,1,50,8,1997,2,16,4,1,4
2016350111059,1,9,0,5,0,6,0,0,0,0,1,1,5,1,27,6,-1,-1,-1,7,2,7
2016350111059,2,9,0,18,0,1,2,0,0,0,1,1,5,1,71,10,1582,2,3,7,1,7
2016350111067,1,9,0,18,0,0,0,0,0,0,1,1,6,1,71,10,1461,2,11,5,3,5
2016350111125,1,9,0,18,0,0,1,0,1,9,1,1,5,2,19,4,1198,1,13,6,1,6
2016350111147,1,9,0,5,0,4,0,0,0,0,3,1,1,2,55,8,1560,2,7,5,1,5
2016350111147,2,1,0,18,0,8,0,0,0,0,4,1,1,1,47,8,-1,-1,-1,9,1,9
2016350111169,1,9,0,5,0,0,0,0,0,0,4,1,2,1,65,9,1798,1,12,7,1,7
2016350111169,2,1,0,18,0,0,0,0,0,0,1,1,2,2,57,9,-1,-1,-1,3,1,3
2016350111188,1,9,0,9,0,6,0,0,0,0,1,1,5,2,31,6,1198,1,7,10,1,10
2016350111188,2,5,0,18,0,8,0,0,0,0,4,1,5,1,56,9,1170,1,1,8,3,8
2016350111468,1,9,0,1,0,0,0,0,0,0,3,1,5,2,72,10,1390,1,4,8,1,8
2016350111468,2,5,0,18,0,0,0,0,0,0,1,1,5,1,37,7,649,1,9,6,1,6
2016350111487,1,9,0,18,0,1,0,0,0,0,1,1,5,1,47,8,1582,2,1,10,2,10
2016350111487,2,9,0,10,0,1,0,0,0,0,2,1,1,1,32,6,1149,1,13,8,3,8
2016350111512,1,9,0,10,0,0,0,0,0,0,2,1,5,1,68,10,-1,-1,-1,4,1,4
2016350111512,2,9,0,18,0,0,0,0,0,0,1,1,2,2,23,5,1198,1,5,1,1,1
2016350111639,1,9,0,18,0,0,1,0,1,4,3,1,2,2,22,5,1796,1,16,8,3,8
2016350111708,1,90,0,18,0,0,0,0,7,0,1,1,5,1,-1,-1,300,1,5,2,1,2
2016350111802,1,9,0,13,0,0,0,0,7,0,1,1,5,1,29,6,1598,1,12,10,2,10
2016350111802,2,9,0,18,0,0,0,0,1,4,2,1,5,2,39,7,1968,2,7,6,2,6
2016350111802,3,9,0,2,0,0,0,0,0,0,3,1,6,3,-1,-1,-1,-1,-1,-1,-1,-1
2016350111802,4,9,0,2,0,0,0,0,0,0,4,1,6,3,-1,-1,-1,-1,-1,-1,-1,-1
2016350111878,1,9,0,14,0,0,0,0,0,0,4,1,5,2,74,10,1198,1,-1,5,3,5
2016350111895,1,1,0,18,0,0,0,0,0,0,1,1,6,1,27,6,-1,-1,-1,8,1,8
2016350111895,2,19,0,7,0,0,0,0,0,0,4,1,1,1,38,7,1364,2,10,6,1,6
2016350111915,1,9,0,2,0,0,0,0,0,0,3,1,5,2,37,7,1598,1,1,8,2,8
2016350111915,2,1,0,14,0,0,0,8,0,0,1,1,6,2,54,8,-1,-1,-1,8,2,8
2016350111952,1,9,0,5,0,8,0,0,0,0,1,1,6,1,22,5,1242,1,8,-1,-1,-1
2016350111952,2,9,0,4,0,8,0,0,0,0,2,1,6,2,50,8,1598,1,15,6,1,6
2016350112134,1,9,0,4,0,1,1,0,1,4,1,1,2,2,43,7,1389,1,19,6,2,6
2016350112186,1,9,0,12,9,0,0,0,7,0,3,1,6,1,19,4,1198,1,8,5,1,5
2016350112186,2,1,0,4,9,0,0,0,0,0,3,1,6,1,16,4,-1,-1,-1,5,2,5
2016350112216,1,1,0,18,0,3,0,0,0,0,4,1,5,2,17,4,-1,-1,-1,10,1,10
2016350112216,2,9,0,7,0,3,0,0,0,0,3,1,2,2,27,6,1339,1,14,8,1,8
2016350112230,1,3,0,9,0,8,0,0,0,0,1,1,5,1,26,6,125,1,2,7,3,7
2016350112230,2,9,0,18,0,8,0,0,0,0,1,1,5,1,28,6,998,1,1,2,1,2
2016350112241,1,9,0,7,0,0,0,0,0,0,4,1,5,1,31,6,998,1,16,2,1,2
2016350112241,2,9,0,18,0,0,0,0,0,0,1,1,1,1,21,5,2967,2,3,8,1,8
2016350112282,1,9,0,18,0,0,0,0,0,0,1,1,6,2,41,7,1995,2,15,5,1,5
2016350112282,2,1,0,12,0,0,0,0,1,0,3,1,4,1,11,3,-1,-1,-1,2,1,2
2016350112373,1,9,0,9,0,8,0,0,0,0,3,1,5,1,46,8,1197,1,2,7,3,7
2016350112373,2,9,0,18,0,1,0,0,0,0,1,1,6,2,38,7,998,1,15,5,1,5
2016350112400,1,9,0,9,0,8,0,0,0,0,4,1,6,1,26,6,1781,1,16,9,3,9
2016350112400,2,1,0,18,0,8,0,0,0,0,1,1,6,2,31,6,-1,-1,-1,5,1,5
2016350112498,1,9,0,4,0,1,0,0,0,0,1,1,5,2,65,9,1685,2,3,5,2,5
2016350112498,2,9,0,3,0,1,0,0,0,0,2,1,5,2,49,8,1364,1,9,5,2,5
2016350112498,3,9,0,3,0,1,0,0,0,0,2,1,5,1,67,10,2184,2,14,5,3,5
2016350112526,1,98,1,18,0,0,1,0,0,0,1,1,1,1,45,7,-1,-1,-1,-1,-1,-1
2016350112526,2,21,0,4,0,0,0,0,0,0,2,1,1,1,33,6,6370,2,7,3,1,3
2016350112632,1,9,0,17,0,0,1,0,7,0,1,1,2,2,20,4,1229,1,9,3,3,3
2016350112702,1,9,0,18,0,0,2,0,1,9,4,1,1,1,21,5,1299,1,10,4,1,4
2016350112749,1,19,0,9,0,8,0,0,0,0,1,1,1,1,24,5,2198,2,-1,10,2,10
2016350112749,2,9,0,18,0,8,0,0,0,0,1,1,2,2,33,6,998,1,4,10,2,10
2016350112749,3,9,0,10,0,1,0,0,0,0,1,1,2,1,28,6,3696,1,6,6,2,6
2016350112789,1,9,0,18,0,0,0,11,0,0,2,1,6,3,-1,-1,-1,-1,-1,-1,-1,-1
2016350112794,1,9,0,18,0,0,0,10,7,10,1,1,6,1,55,8,2967,1,14,5,3,5
2016350112903,1,9,0,14,0,0,0,0,0,0,3,1,6,1,-1,-1,-1,-1,-1,-1,-1,-1
2016350112903,2,5,0,18,0,0,0,0,0,0,3,1,6,1,37,7,1085,1,14,2,1,2
2016350112968,1,9,0,16,0,0,2,0,1,0,3,1,6,1,19,4,1984,1,1,9,3,9
2016350112993,1,5,0,17,0,0,0,0,1,0,3,1,6,2,39,7,649,1,3,10,1,10
2016350113136,1,9,0,18,0,8,0,0,0,0,1,1,2,1,41,7,998,1,19,7,1,7
2016350113289,1,9,0,9,0,1,0,0,0,0,4,1,6,1,-1,-1,-1,-1,-1,-1,-1,-1
2016350113289,2,1,0,18,0,1,5,10,1,0,3,1,2,1,41,7,-1,-1,-1,1,1,1
2016350113370,1,9,0,18,0,0,0,0,0,0,1,1,6,1,-1,-1,-1,-1,-1,-1,-1,-1
2016350113370,2,1,0,18,0,0,0,0,0,0,2,1,2,1,25,5,-1,-1,-1,3,1,3
2016350113420,1,9,0,18,0,0,0,0,0,0,1,1,6,1,39,7,1598,1,6,9,1,9
2016350113420,2,9,0,18,0,0,5,0,0,0,1,1,6,1,56,9,1461,2,5,6,1,6
2016350113442,1,9,0,13,0,1,1,7,7,10,1,1,5,1,28,6,1560,2,2,10,3,10
2016350113442,2,9,0,18,0,2,0,0,0,0,1,1,5,2,25,5,1390,1,9,7,1,7
2016350113463,1,11,0,9,0,0,0,0,0,0,3,1,1,1,30,6,4461,2,2,3,1,3
2016350113463,2,9,0,3,0,0,0,0,0,0,4,1,6,1,-1,-1,1499,2,1,2,1,2
2016350113572,1,9,0,16,0,0,1,0,7,7,1,1,5,2,22,5,1390,1,15,5,1,5
2016350113583,1,5,0,18,0,0,0,0,0,0,1,1,6,1,-1,-1,1200,1,15,-1,-1,-1
2016350113583,2,9,0,3,0,0,0,0,0,0,2,1,5,2,23,5,1461,2,3,7,3,7
2016350113630,1,9,0,5,0,6,0,0,0,0,3,1,5,2,78,11,1397,1,16,7,3,7
2016350113630,2,21,0,18,0,1,0,0,0,0,1,1,1,1,57,9,7698,2,1,8,2,8
2016350113750,1,9,0,1,0,0,0,0,0,0,2,1,6,3,-1,-1,1598,1,16,-1,-1,-1
2016350113750,2,9,0,2,0,0,0,0,0,0,2,1,6,1,40,7,998,1,-1,2,1,2
2016350113964,1,9,0,18,0,0,0,0,1,4,1,1,6,2,21,5,1390,1,3,5,1,5
2016350114008,1,9,0,18,0,0,0,0,0,0,1,1,1,1,36,7,1968,2,9,1,1,1
2016350114008,2,9,0,18,0,0,0,0,0,0,1,1,5,2,47,8,998,1,14,4,1,4
2016350114012,1,9,0,18,0,4,0,0,0,0,1,1,6,2,29,6,1997,2,3,8,3,8
2016350114012,2,9,0,18,0,4,0,0,0,0,2,1,6,1,52,8,1598,2,1,7,2,7
2016350114041,1,9,0,18,0,0,0,0,0,0,0,1,6,3,-1,-1,1598,2,3,-1,-1,-1
2016350114041,2,9,0,12,0,0,0,0,0,0,2,1,6,1,64,9,1896,2,9,5,3,5
2016350114041,3,9,0,18,0,0,0,0,0,0,1,1,6,1,-1,-1,3800,1,19,10,1,10
2016350114082,1,9,0,9,0,8,0,0,0,0,1,1,1,2,17,4,1086,1,10,2,1,2
2016350114082,2,9,0,18,0,8,0,0,0,0,1,1,1,1,28,6,1596,1,11,1,1,1
2016350114121,1,19,0,9,0,8,0,0,0,0,3,1,1,1,26,6,2460,2,9,5,1,5
2016350114121,2,9,0,18,0,8,0,0,0,0,1,1,5,1,47,8,1499,2,1,6,1,6
2016350114221,1,9,0,2,0,1,0,0,0,0,3,1,5,2,30,6,1753,2,12,10,1,10
2016350114221,2,1,0,14,0,1,5,8,0,0,1,1,5,2,61,9,-1,-1,-1,4,1,4
2016350114240,1,9,0,18,0,0,0,0,0,0,1,1,6,2,-1,-1,-1,-1,-1,10,1,10
2016350114240,2,1,0,18,0,0,0,0,0,0,1,1,4,2,12,3,-1,-1,-1,2,1,2
2016350114266,1,8,0,9,0,2,0,0,0,0,1,1,1,1,47,8,2664,2,11,2,1,2
2016350114273,1,9,0,4,0,0,0,0,0,0,2,1,6,1,-1,-1,1461,2,5,-1,-1,-1
2016350114273,2,9,0,13,0,0,0,0,0,0,4,1,6,2,55,8,1984,2,5,10,2,10
2016350114293,1,19,0,13,0,0,0,0,0,0,4,1,1,1,32,6,2461,2,11,9,1,9
2016350114293,2,3,0,18,0,0,5,0,1,0,1,1,5,1,60,9,98,1,28,6,2,6
2016350114320,1,3,0,14,0,0,0,0,0,0,1,1,6,1,19,4,124,1,12,5,2,5
2016350114320,2,9,0,14,0,0,0,0,0,0,1,1,6,1,30,6,1149,1,16,6,2,6