Accident_Index,Vehicle_Reference,Vehicle_Type,Towing_and_Articulation,Vehicle_Manoeuvre,Vehicle_Location-Restricted_Lane,Junction_Location,Skidding_and_Overturning,Hit_Object_in_Carriageway,Vehicle_Leaving_Carriageway,Hit_Object_off_Carriageway,1st_Point_of_Impact,Was_Vehicle_Left_Hand_Drive?,Journey_Purpose_of_Driver,Sex_of_Driver,Age_of_Driver,Age_Band_of_Driver,Engine_Capacity_(CC),Propulsion_Code,Age_of_Vehicle,Driver_IMD_Decile,Driver_Home_Area_Type,Vehicle_IMD_Decile
2016350114320,3,9,0,2,0,0,0,0,0,0,2,1,6,1,37,7,1598,2,4,6,2,6
2016350114365,1,9,0,18,0,1,0,0,0,0,1,1,6,1,48,8,1198,1,11,6,3,6
2016350114365,2,19,0,9,0,8,0,0,0,0,1,1,6,1,19,4,1686,2,16,6,2,6
2016350114386,1,19,0,18,0,0,0,0,0,0,1,1,1,1,31,6,2143,2,4,3,1,3
2016350114386,2,9,0,18,0,0,1,0,1,0,2,1,5,2,58,9,875,1,4,9,2,9
2016350114386,3,9,0,18,0,0,0,0,0,0,3,1,5,2,78,11,1296,1,9,10,3,10
2016350114411,1,9,0,16,0,0,1,0,7,9,1,1,2,2,32,6,1349,1,7,5,1,5
2016350114440,1,9,0,18,0,4,0,0,0,0,1,1,5,2,73,10,1560,2,-1,2,1,2
2016350114440,2,9,0,18,0,4,0,0,0,0,2,1,2,1,55,8,2401,2,13,6,1,6
2016350114446,1,19,0,1,9,0,0,0,0,0,2,1,1,1,26,6,2198,2,9,5,1,5
2016350114447,1,9,0,9,0,0,0,0,0,0,4,1,5,2,76,11,1968,2,7,8,1,8
2016350114447,2,1,0,15,4,0,5,0,0,0,1,1,1,2,48,8,-1,-1,-1,6,1,6
2016350114449,1,9,0,18,0,3,1,0,1,11,1,1,5,1,80,11,3980,1,20,10,1,10
2016350114470,1,19,0,3,0,2,1,0,0,0,1,1,1,2,-1,-1,1560,2,1,2,1,2
2016350114470,2,9,0,3,0,2,1,0,0,0,2,1,5,1,24,5,1497,1,15,3,1,3
2016350114475,1,1,0,18,0,8,1,0,1,10,1,1,5,1,42,7,-1,-1,-1,8,1,8
2016350114491,1,1,0,18,0,0,0,0,0,0,1,1,5,1,50,8,-1,-1,-1,7,3,7
2016350114491,2,8,0,18,0,0,0,0,0,0,1,1,1,1,46,8,1995,2,4,7,1,7
2016350114494,1,9,0,18,0,0,0,0,0,0,1,1,6,1,-1,-1,1997,2,10,10,1,10
2016350114494,2,9,0,3,0,0,0,0,0,0,2,1,6,1,33,6,1587,1,14,2,1,2
2016350114524,1,9,0,18,0,0,0,0,0,0,1,1,6,1,56,9,-1,-1,-1,1,2,1
2016350114524,2,9,0,18,0,0,0,0,0,0,1,1,6,1,55,8,1948,1,15,10,1,10
2016350114552,1,1,0,18,0,0,0,0,0,0,1,1,1,1,42,7,-1,-1,-1,4,2,4
2016350114552,2,9,0,3,0,0,0,0,0,0,2,1,6,2,24,5,1242,1,2,6,2,6
2016350114563,1,9,0,9,0,4,0,0,0,0,3,1,5,2,37,7,1560,2,8,5,2,5
2016350114563,2,2,0,9,0,8,2,0,0,0,1,1,2,1,17,4,-1,-1,-1,10,2,10
2016350114565,1,9,0,4,0,0,1,0,0,0,1,1,1,1,27,6,-1,-1,-1,5,3,5
2016350114565,2,9,0,4,0,0,0,0,0,0,2,1,2,2,36,7,1956,2,6,1,1,1
2016350114604,1,1,0,18,0,0,2,0,0,0,0,1,2,1,49,8,-1,-1,-1,6,1,6
2016350114608,1,9,0,9,0,6,0,0,0,0,0,1,1,1,-1,-1,2993,2,4,-1,-1,-1
2016350114608,2,9,0,9,0,6,1,0,3,0,3,1,6,1,23,5,1596,1,12,4,1,4
2016350114608,3,8,0,18,0,8,1,0,0,0,1,1,1,1,32,6,2198,2,1,5,1,5
2016350114627,1,5,0,18,0,0,1,0,0,0,1,1,1,1,25,5,599,1,6,8,1,8
2016350114633,1,9,0,17,0,0,2,0,1,0,1,1,5,2,35,6,1596,1,9,7,3,7
2016350114661,1,9,0,9,0,8,0,0,0,0,1,1,5,1,59,9,1398,1,3,3,1,3
2016350114662,1,98,0,18,0,0,1,0,1,10,4,1,6,1,33,6,-1,-1,-1,6,2,6
2016350114663,1,19,0,1,0,0,0,0,0,0,2,1,2,1,40,7,1753,2,12,10,2,10
2016350114663,2,4,0,4,0,0,0,0,0,0,1,1,2,2,27,6,-1,-1,-1,10,2,10
2016350114671,1,9,0,18,0,0,2,0,7,0,1,1,5,1,25,5,1200,1,-1,1,1,1
2016350114685,1,9,0,18,0,0,0,0,0,0,1,1,5,1,47,8,1798,1,13,8,2,8
2016350114685,2,5,0,17,0,0,1,0,0,0,1,1,6,1,-1,-1,599,1,18,-1,-1,-1
2016350114705,1,9,0,17,0,0,1,0,1,4,1,1,5,1,27,6,2254,1,15,-1,-1,-1
2016350114717,1,9,0,10,0,7,0,0,8,1,1,1,6,2,81,11,998,1,2,8,1,8
2016350114717,2,9,0,18,0,3,0,0,0,0,4,1,2,2,54,8,1796,1,13,10,2,10
2016350114720,1,9,0,18,0,0,0,0,0,0,1,1,6,2,36,7,1461,2,4,4,3,4
2016350114720,2,9,0,18,0,0,0,0,0,0,1,1,1,1,34,6,-1,-1,-1,-1,-1,-1
2016350114740,1,9,0,18,0,0,0,0,7,4,1,1,2,1,34,6,1596,1,12,5,1,5
2016350114745,1,3,0,17,0,1,2,10,0,0,4,1,6,1,21,5,124,1,5,1,1,1
2016350114757,1,20,0,4,0,2,0,0,0,0,2,1,1,1,29,6,2402,2,10,10,1,10
2016350114757,2,1,0,18,5,1,0,0,0,0,1,1,4,1,12,3,-1,-1,-1,1,1,1
2016350114768,1,9,0,5,0,4,0,0,0,0,1,1,5,2,35,6,-1,-1,-1,8,1,8
2016350114768,2,1,0,18,0,8,0,0,0,0,4,1,5,1,50,8,-1,-1,-1,8,1,8
2016350114768,3,1,0,18,0,8,0,0,0,0,4,1,5,1,54,8,-1,-1,-1,5,1,5
2016350114779,1,9,0,18,0,1,0,0,0,0,1,1,6,3,-1,-1,2143,2,-1,-1,-1,-1
2016350114779,2,9,0,4,0,1,0,0,0,0,2,1,2,1,34,6,1248,2,11,3,1,3
2016350114784,1,9,0,18,0,4,1,0,4,6,1,1,1,1,76,11,1389,1,13,3,1,3
2016350114814,1,19,0,18,0,0,1,0,0,0,1,1,1,1,21,5,2287,2,4,1,1,1
2016350114814,2,9,0,4,0,0,0,0,0,0,2,1,6,1,56,9,1968,2,2,9,1,9
2016350114814,3,9,0,4,0,0,0,0,0,0,2,1,6,1,72,10,2143,2,1,6,2,6
2016350114825,1,9,0,9,0,8,0,0,0,0,3,1,5,1,30,6,1596,1,11,3,1,3
2016350114825,2,1,0,18,0,1,1,0,0,0,1,1,5,1,-1,-1,-1,-1,-1,4,3,4
2016350114832,1,9,0,18,0,6,0,0,0,0,1,1,5,1,24,5,2993,2,10,-1,-1,-1
2016350114832,2,9,0,18,0,8,0,0,0,0,4,1,1,2,56,9,1598,2,-1,9,1,9
2016350114882,1,9,0,12,0,0,1,7,0,0,3,1,5,1,32,6,1587,1,10,2,1,2
2016350114913,1,1,0,17,0,8,0,0,0,0,1,1,6,1,-1,-1,-1,-1,-1,8,1,8
2016350114913,2,9,0,5,0,4,0,0,0,0,1,1,1,2,29,6,1468,1,9,4,1,4
2016350114925,1,19,0,13,0,2,0,0,0,0,4,1,6,3,-1,-1,1870,2,12,-1,-1,-1
2016350114925,2,1,0,18,0,2,0,0,0,0,3,1,6,1,47,8,-1,-1,-1,7,1,7
2016350114935,1,9,0,18,0,4,0,0,0,0,1,1,6,1,26,6,1598,1,5,-1,-1,-1
2016350114935,2,9,0,3,0,4,0,0,0,0,2,1,2,1,47,8,3000,2,7,4,3,4
2016350114960,1,9,0,18,0,0,0,0,0,0,1,1,2,2,21,5,998,1,16,4,1,4
2016350114960,2,19,0,3,0,0,0,0,0,0,2,1,1,1,-1,-1,2143,2,1,-1,-1,-1
2016350115008,1,9,0,18,0,1,0,0,0,0,1,1,6,3,-1,-1,-1,-1,-1,-1,-1,-1
2016350115008,2,1,0,18,0,1,0,0,0,0,2,1,5,1,17,4,-1,-1,-1,3,1,3
2016350115024,1,9,0,18,0,0,0,4,0,0,4,1,6,1,-1,-1,1398,1,1,-1,-1,-1
2016350115024,2,9,0,2,0,0,0,0,0,0,4,1,5,2,24,5,-1,-1,-1,5,1,5
2016350115039,1,9,0,6,0,0,0,0,0,0,2,1,6,1,24,5,1390,1,17,4,1,4
2016350115039,2,5,0,18,0,0,0,0,0,0,1,1,6,1,24,5,599,1,10,7,1,7
2016350115075,1,21,1,18,0,0,0,0,0,0,1,1,1,1,25,5,12777,2,2,1,1,1
2016350115075,2,9,0,3,0,0,0,0,0,0,2,1,5,1,25,5,1997,2,9,2,1,2
2016350115090,1,21,4,4,0,0,1,0,0,0,1,1,1,1,66,10,12777,2,7,1,1,1
2016350115090,2,9,0,3,0,0,0,0,0,0,2,1,1,1,30,6,1390,2,13,8,1,8
2016350115090,3,98,4,3,0,0,0,0,0,0,2,1,1,1,25,5,-1,-1,-1,-1,-1,-1
2016350115141,1,9,0,3,0,0,0,0,0,0,4,1,5,2,24,5,1399,1,8,9,1,9
2016350115141,2,1,0,15,0,0,0,8,0,0,3,1,6,1,-1,-1,-1,-1,-1,-1,-1,-1
2016350115180,1,9,0,18,0,0,2,0,7,9,4,1,6,1,30,6,1995,2,13,4,1,4
2016350115197,1,1,0,15,0,0,5,0,0,0,1,1,6,3,-1,-1,-1,-1,-1,10,1,10
2016350115197,2,9,0,1,0,0,0,0,0,0,2,1,5,1,-1,-1,1950,2,-1,-1,-1,-1
2016350115212,1,19,0,18,0,1,1,0,0,0,1,1,6,1,19,4,2198,2,2,9,3,9
2016350115212,2,9,0,3,0,1,0,0,0,0,2,1,6,1,35,6,1242,1,14,8,2,8
2016350115212,3,9,0,3,0,1,0,0,0,0,2,1,6,2,42,7,1991,2,7,9,2,9
2016350115258,1,9,0,3,0,0,0,0,0,0,2,1,5,1,51,8,1588,1,12,9,1,9
2016350115258,2,9,0,18,0,0,0,0,0,0,1,1,6,1,-1,-1,1598,1,12,3,1,3
2016350115281,1,1,0,18,0,1,0,0,0,0,1,1,4,1,11,3,-1,-1,-1,4,1,4
2016350115281,2,9,0,4,0,1,0,0,0,0,4,1,5,1,37,7,1984,1,5,9,2,9
2016350115318,1,9,0,9,0,1,0,0,0,0,3,1,5,1,54,8,1595,1,1,8,1,8
2016350115318,2,5,0,14,0,1,0,0,0,0,1,1,2,1,25,5,998,1,10,10,1,10
2016350115415,1,9,0,9,0,8,0,0,0,0,4,1,6,2,17,4,1328,1,10,8,1,8
2016350115415,2,9,0,18,0,1,0,0,0,0,1,1,6,1,24,5,-1,-1,-1,9,1,9
2016350115415,3,9,0,3,0,1,0,0,0,0,1,1,6,1,35,6,998,1,3,4,1,4
2016350115416,1,9,0,9,0,0,0,0,0,0,1,1,6,3,-1,-1,-1,-1,-1,-1,-1,-1
2016350115416,2,3,0,18,0,0,0,0,0,0,4,1,6,1,21,5,123,1,1,8,3,8
2016350115454,1,9,0,18,0,4,0,0,0,0,1,1,6,1,63,9,1997,2,11,2,1,2
2016350115454,2,9,0,4,0,4,0,0,0,0,2,1,6,1,54,8,2987,2,5,3,1,3
2016350115457,1,9,0,13,0,0,0,0,0,0,4,1,5,2,77,11,2902,2,11,4,3,4
2016350115457,2,1,0,18,0,0,0,0,0,0,3,1,5,1,40,7,-1,-1,-1,8,1,8
2016350115567,1,9,0,9,0,6,0,0,0,0,1,1,6,3,-1,-1,1598,1,-1,-1,-1,-1
2016350115567,2,8,0,18,0,8,0,0,0,0,1,1,1,1,39,7,1796,1,8,10,2,10
2016350115572,1,21,1,18,0,0,2,0,6,0,1,1,1,1,42,7,11705,2,8,9,1,9
2016350115590,1,19,0,9,0,0,0,0,0,0,1,1,1,1,57,9,1461,2,4,5,1,5
2016350115590,2,9,0,18,0,0,0,0,0,0,1,1,6,2,55,8,1995,2,5,5,3,5
2016350115610,1,9,0,4,0,0,0,0,0,0,2,1,6,3,-1,-1,-1,-1,-1,-1,-1,-1
2016350115610,2,1,0,18,0,0,0,0,0,0,1,1,6,1,46,8,-1,-1,-1,9,1,9
2016350115637,1,9,0,18,0,3,0,0,4,3,4,1,6,2,81,11,1388,1,7,9,1,9
2016350115643,1,9,0,5,0,1,0,0,0,0,1,1,6,3,-1,-1,-1,-1,-1,-1,-1,-1
2016350115643,2,1,0,11,0,1,0,0,0,0,2,1,6,1,32,6,-1,-1,-1,9,1,9
2016350115647,1,5,0,9,0,8,2,0,0,0,1,1,5,1,42,7,636,1,14,8,2,8
2016350115698,1,3,0,18,0,1,5,10,0,0,3,1,5,1,20,4,124,1,-1,7,1,7
2016350115705,1,1,0,3,0,1,0,0,0,0,2,1,2,2,58,9,-1,-1,-1,10,2,10
2016350115705,2,9,0,18,0,1,0,0,0,0,1,1,6,2,-1,-1,1199,2,6,9,1,9
2016350115710,1,9,0,9,0,1,0,0,0,0,1,1,2,2,32,6,1598,1,9,6,1,6
2016350115710,2,5,0,13,0,8,0,0,0,0,3,1,2,1,40,7,645,1,9,9,3,9
2016350115723,1,9,0,9,0,5,0,0,0,0,1,1,5,1,21,5,1397,1,7,5,1,5
2016350115723,2,2,0,18,0,1,2,0,0,0,1,1,2,1,48,8,49,1,5,9,1,9
2016350115752,1,9,0,7,0,0,0,0,0,0,4,1,6,1,28,6,1149,1,8,6,1,6
2016350115752,2,1,0,18,4,0,0,0,0,0,3,1,6,1,40,7,-1,-1,-1,8,2,8
2016350115757,1,9,0,9,0,5,0,0,0,0,0,1,5,1,47,8,2902,2,9,7,2,7
2016350115757,2,1,0,18,0,1,0,10,0,0,0,1,5,1,31,6,-1,-1,-1,6,1,6
2016350115765,1,9,0,17,0,0,0,0,0,0,3,1,6,3,-1,-1,1590,1,13,-1,-1,-1
2016350115765,2,9,0,11,0,0,0,0,0,0,4,1,6,2,-1,-1,1596,1,1,5,2,5
2016350115848,1,9,0,18,0,0,0,0,7,9,1,1,6,1,75,10,1598,1,3,7,1,7
2016350115860,1,9,0,18,0,0,0,4,0,0,1,1,5,1,38,7,1086,1,11,7,1,7
2016350115860,2,9,0,2,0,0,0,0,0,0,1,1,6,3,-1,-1,1995,2,7,-1,-1,-1
2016350115891,1,19,0,6,0,2,0,0,0,0,1,1,1,1,49,8,2198,2,3,8,1,8
2016350115891,2,9,0,18,0,1,0,0,0,0,1,1,1,1,73,10,1969,2,2,10,1,10
2016350115897,1,9,0,13,0,0,0,0,0,0,1,1,2,1,29,6,1997,1,4,8,3,8
2016350115897,2,9,0,9,0,0,0,0,0,0,1,1,2,1,67,10,1998,1,11,10,2,10
2016350115928,1,21,0,13,0,2,0,0,0,0,4,1,1,1,52,8,6692,2,4,10,1,10
2016350115928,2,1,0,18,4,2,5,0,0,0,3,1,2,2,49,8,-1,-1,-1,8,1,8
2016350115938,1,9,0,4,0,0,0,0,0,0,1,1,5,1,18,4,599,1,14,5,3,5
2016350115938,2,9,0,4,0,0,0,0,0,0,2,1,5,2,20,4,1398,1,1,4,1,4
2016350115952,1,9,0,9,0,0,0,0,0,0,3,1,1,2,29,6,998,1,9,7,3,7
2016350115952,2,5,0,18,0,0,0,0,0,0,1,1,1,1,57,9,849,1,19,7,1,7
2016350116013,1,9,0,7,0,2,0,0,0,0,1,1,2,1,68,10,1984,1,13,9,1,9
2016350116013,2,1,0,18,0,2,0,0,0,0,2,1,2,2,37,7,-1,-1,-1,7,1,7
2016350116018,1,9,0,1,9,1,0,10,7,0,2,1,6,1,-1,-1,1587,1,15,-1,-1,-1
2016350116057,1,5,0,17,0,0,0,0,1,0,4,1,6,1,18,4,125,1,2,8,3,8
2016350116148,1,9,0,18,0,0,1,0,7,0,1,1,6,1,28,6,2979,1,14,6,2,6
2016350116148,2,9,0,18,0,0,1,0,1,0,2,1,6,1,65,9,1299,1,12,6,2,6
2016350116148,3,9,0,18,0,0,0,0,0,0,0,1,6,2,42,7,-1,-1,-1,5,2,5
2016350116158,1,9,0,4,0,0,0,0,0,0,2,1,6,1,25,5,1910,2,11,7,1,7
2016350116158,2,9,0,4,0,0,1,0,0,0,1,1,6,1,25,5,4172,1,14,2,1,2
2016350116214,1,5,0,13,0,0,1,0,0,0,4,1,6,1,28,6,1157,1,12,9,3,9
2016350116218,1,98,0,18,0,4,0,0,0,0,3,1,2,1,-1,-1,-1,-1,-1,6,3,6
2016350116218,2,1,0,18,0,8,0,0,0,0,4,1,2,1,50,8,-1,-1,-1,4,1,4
2016350116222,1,9,0,18,0,1,0,0,0,0,1,1,5,1,31,6,1582,2,5,10,2,10
2016350116234,1,9,0,5,0,4,0,0,0,0,1,1,1,1,23,5,1995,2,7,10,1,10
2016350116234,2,9,0,5,0,3,0,0,0,0,2,1,5,2,76,11,1397,1,7,8,2,8
2016350116240,1,9,0,17,0,8,0,0,0,0,3,1,5,2,64,9,1896,2,9,8,3,8
2016350116240,2,9,0,11,0,3,0,0,0,0,4,1,5,1,25,5,2793,1,21,5,2,5
2016350116386,1,9,0,17,0,0,2,0,2,0,2,1,5,1,43,7,2993,2,12,9,1,9
2016350116389,1,3,0,18,0,0,0,0,0,0,1,1,5,1,18,4,-1,-1,-1,9,1,9
2016350116389,2,19,0,1,0,0,0,0,0,0,2,1,6,3,-1,-1,2198,2,10,-1,-1,-1
2016350116471,1,9,0,3,0,0,0,0,0,0,2,1,3,2,45,7,1242,1,9,8,2,8
2016350116471,2,19,0,18,0,0,0,0,0,0,1,1,6,3,-1,-1,1560,2,4,-1,-1,-1
2016350116491,1,9,0,18,0,0,0,0,0,0,1,1,6,2,-1,-1,2979,1,14,-1,-1,-1
2016350116491,2,9,0,3,0,0,0,0,0,0,1,1,6,1,78,11,1598,1,17,-1,-1,-1
2016350116491,3,9,0,3,0,0,0,0,0,0,1,1,6,1,51,8,1796,1,10,7,2,7
2016350116504,1,9,0,18,0,0,0,0,0,0,4,1,6,1,-1,-1,1997,2,7,6,1,6
2016350116504,2,1,0,5,0,0,0,0,0,0,1,1,1,1,16,4,-1,-1,-1,9,1,9
2016350116568,1,9,0,5,0,1,0,0,0,0,1,1,6,1,-1,-1,1968,2,10,2,1,2
2016350116597,1,9,0,5,0,0,0,0,0,0,3,1,2,1,63,9,1596,1,1,8,1,8
2016350116597,2,1,0,18,0,0,0,0,0,0,1,1,2,1,37,7,-1,-1,-1,6,1,6
2016350116617,1,9,0,18,0,0,0,0,0,0,1,1,5,1,21,5,1968,2,4,7,1,7
2016350116617,2,9,0,4,0,0,0,0,0,0,2,1,5,1,27,6,1799,1,8,7,1,7
2016350116617,3,9,0,4,0,0,0,0,0,0,0,1,6,3,-1,-1,-1,-1,-1,-1,-1,-1
2016350116619,1,1,0,14,0,0,0,8,0,0,1,1,6,1,-1,-1,-1,-1,-1,-1,-1,-1
2016350116619,2,9,0,2,0,0,0,0,0,0,3,1,6,1,46,8,1995,2,3,5,1,5
2016350116623,1,9,0,18,0,0,0,0,0,0,1,1,6,1,77,11,1598,1,5,10,3,10
2016350116623,2,9,0,4,0,0,0,0,0,0,2,1,6,2,53,8,1339,1,10,10,1,10
2016350116623,3,9,0,4,0,0,0,0,0,0,2,1,6,1,74,10,1598,1,8,9,3,9
2016350116628,1,21,1,4,0,0,1,0,0,0,1,1,1,1,48,8,12777,2,1,1,1,1
2016350116628,2,21,1,4,0,0,1,0,0,0,2,1,1,1,56,9,12809,2,1,7,2,7
2016350116687,1,9,0,4,0,0,0,0,0,0,1,1,6,2,-1,-1,1199,2,4,4,3,4
2016350116687,2,9,0,3,0,0,0,0,0,0,2,1,6,1,40,7,1198,1,13,3,2,3
2016350116715,1,9,0,18,0,0,0,0,0,0,1,1,5,1,76,11,1998,1,18,6,2,6
2016350116715,2,1,0,18,0,0,0,0,0,0,2,1,6,1,-1,-1,-1,-1,-1,6,2,6
2016350116742,1,9,0,6,0,0,0,0,0,0,3,1,5,1,40,7,1986,2,10,7,1,7
2016350116742,2,5,0,18,0,0,0,0,0,0,1,1,5,1,42,7,-1,-1,-1,9,3,9
2016350116750,1,9,0,9,0,4,0,0,0,0,1,1,3,2,38,7,1968,2,6,9,2,9
2016350116750,2,1,0,9,0,8,0,0,0,0,4,1,6,1,36,7,-1,-1,-1,8,2,8
2016350116793,1,1,0,18,4,8,5,0,0,0,1,1,4,1,15,3,-1,-1,-1,7,3,7
2016350116793,2,9,0,9,0,8,0,0,0,0,4,1,6,3,-1,-1,-1,-1,-1,-1,-1,-1
2016350116829,1,98,0,9,0,6,1,0,0,0,3,1,1,1,36,7,-1,-1,-1,2,1,2
2016350116829,2,21,1,18,0,1,1,0,0,0,1,1,1,1,71,10,12740,2,3,4,3,4
2016350116868,1,1,0,18,0,0,0,0,0,0,0,1,6,1,16,4,-1,-1,-1,2,1,2
2016350116875,1,9,0,9,0,6,0,0,0,0,1,1,1,2,54,8,1395,1,-1,9,1,9
2016350116875,2,1,0,18,0,8,0,0,0,0,1,1,1,1,38,7,-1,-1,-1,10,2,10
2016350116883,1,9,0,16,0,0,0,0,7,9,1,1,5,1,18,4,1343,1,21,10,3,10
2016350116890,1,9,0,18,0,0,1,0,4,0,1,1,5,1,82,11,2198,2,11,8,1,8
2016350116890,2,5,0,3,0,0,5,0,1,7,2,1,2,1,36,7,893,1,21,9,2,9
2016350116890,3,9,0,3,0,0,0,0,0,0,2,1,5,1,63,9,1950,2,-1,8,1,8
2016350116890,4,9,0,3,0,0,0,0,0,0,2,1,5,1,47,8,1596,1,-1,10,2,10
2016350116926,1,9,0,18,0,0,0,4,0,0,3,1,5,2,88,11,1390,1,4,9,3,9
2016350116926,2,9,0,2,0,0,0,0,0,0,4,1,6,2,46,8,2497,1,14,9,3,9
2016350116926,3,9,0,2,0,0,0,0,0,0,4,1,1,1,57,9,-1,-1,-1,10,1,10
2016350116967,1,9,0,7,0,0,1,0,0,0,1,1,6,1,17,4,1600,2,7,5,2,5
2016350116967,2,9,0,4,0,0,0,0,0,0,1,1,6,1,61,9,2204,2,8,5,3,5
2016350116999,1,98,0,1,0,1,0,0,0,0,2,1,6,1,36,7,-1,-1,-1,2,1,2
2016350116999,2,9,0,18,0,1,0,0,0,0,4,1,5,2,36,7,1560,2,5,1,1,1
2016350117010,1,8,0,18,0,4,1,0,0,0,1,1,1,1,36,7,2664,2,13,1,1,1
2016350117010,2,1,0,18,0,8,5,0,0,0,4,1,2,1,-1,-1,-1,-1,-1,2,1,2
2016350117035,1,98,0,13,0,0,0,0,7,0,4,1,1,1,51,8,-1,-1,-1,6,1,6
2016350117035,2,9,0,18,0,0,0,0,0,0,4,1,1,1,42,7,-1,-1,-1,6,1,6
2016350117043,1,5,0,13,0,1,0,0,0,0,1,1,6,1,38,7,749,1,12,-1,-1,-1
2016350117043,2,9,0,9,0,1,0,0,0,0,3,1,6,2,54,8,1240,1,9,1,1,1
2016350117104,1,9,0,3,0,0,0,0,0,0,2,1,6,2,43,7,1248,1,2,5,1,5
2016350117104,2,9,0,18,0,0,2,0,0,0,1,1,2,1,23,5,1761,1,17,6,1,6
2016350117152,1,9,0,18,0,2,0,0,0,0,1,1,6,2,23,5,1242,1,1,5,1,5
2016350117152,2,9,0,4,0,2,0,0,0,0,2,1,6,1,31,6,1995,2,4,3,1,3
2016350117199,1,98,1,17,0,8,0,0,0,0,3,2,1,1,52,8,-1,-1,-1,-1,-1,-1
2016350117199,2,9,0,17,0,8,0,0,0,0,4,1,6,2,22,5,1149,1,15,9,1,9
2016350117268,1,9,0,16,0,0,1,0,1,9,1,1,6,1,47,8,1388,1,9,6,3,6
2016350117304,1,17,0,7,0,8,0,0,0,0,0,1,1,1,-1,-1,4400,2,3,-1,-1,-1
2016350117304,2,9,0,9,0,1,0,0,2,0,4,1,5,1,63,9,1598,2,2,5,1,5
2016350117341,1,9,0,18,0,0,0,0,0,0,1,1,6,1,-1,-1,1999,1,14,8,3,8
2016350117341,2,9,0,4,0,0,0,0,0,0,2,1,5,2,44,7,1596,1,8,8,3,8
2016350117393,1,19,0,18,0,0,0,0,0,0,1,1,6,2,-1,-1,1997,2,12,-1,-1,-1
2016350117393,2,9,0,3,0,0,0,0,0,0,2,1,6,1,45,7,1995,2,1,4,3,4
2016350117486,1,1,0,18,0,0,5,0,0,0,1,1,5,1,12,3,-1,-1,-1,6,1,6
2016350117486,2,9,0,18,0,0,0,0,0,0,1,1,6,1,-1,-1,1498,1,1,9,1,9
2016350117510,1,9,0,9,0,1,0,0,0,0,1,1,6,2,29,6,1468,1,9,3,1,3
2016350117510,2,1,0,18,0,1,0,0,0,0,3,1,5,1,67,10,-1,-1,-1,8,1,8
2016350117611,1,9,0,18,0,0,0,0,0,0,1,1,2,1,33,6,1968,2,10,7,1,7
2016350117611,2,9,0,3,0,0,0,0,0,0,2,1,5,2,61,9,1198,1,5,10,2,10
2016350117611,3,9,0,3,0,0,0,0,0,0,2,1,2,1,37,7,1598,2,1,5,2,5
2016350117611,4,9,0,3,0,0,0,0,0,0,2,1,2,1,60,9,1685,2,-1,5,1,5
2016350117617,1,1,0,18,0,0,5,10,1,0,1,1,6,1,45,7,-1,-1,-1,6,1,6
2016350117663,1,9,0,18,0,0,0,0,0,0,1,1,5,1,78,11,1598,1,14,6,2,6
2016350117663,2,9,0,10,0,0,0,0,0,0,2,1,5,2,68,10,1870,2,14,8,2,8
2016350117663,3,9,0,3,0,0,0,0,0,0,2,1,5,1,56,9,1997,2,4,10,3,10
2016350117663,4,9,0,4,0,0,0,0,1,0,2,1,5,1,37,7,1896,2,10,5,2,5
2016350117781,1,9,0,18,0,0,1,4,0,0,1,1,6,1,68,10,1596,1,11,8,2,8
2016350117781,2,19,0,2,0,0,0,4,0,0,2,1,6,1,21,5,2402,2,10,10,2,10
2016350117781,3,9,0,2,0,0,0,0,0,0,2,1,6,1,21,5,1299,1,15,8,2,8
2016350117871,1,5,0,4,0,0,5,0,0,0,1,1,6,1,47,8,998,1,15,8,3,8
2016350117871,2,9,0,11,0,0,0,0,0,0,2,1,6,2,24,5,1598,1,3,8,1,8
2016350117875,1,17,4,18,0,0,3,4,1,11,1,1,1,1,38,7,6728,2,-1,1,1,1
2016350117875,2,9,0,2,0,0,0,0,0,0,2,1,6,3,-1,-1,-1,-1,-1,-1,-1,-1
2016350117950,1,9,0,16,0,1,2,0,1,2,3,1,2,1,27,6,1598,1,10,9,1,9
2016350118054,1,9,0,16,0,0,0,0,7,0,1,1,6,2,30,6,1368,1,7,7,3,7
2016350118065,1,9,0,18,0,0,0,0,0,0,4,1,5,1,38,7,998,1,14,3,1,3
2016350118065,2,1,0,12,0,0,0,0,0,0,1,1,5,2,17,4,-1,-1,-1,9,1,9
2016350118090,1,3,0,17,0,8,1,0,1,0,3,1,2,1,18,4,125,1,8,6,2,6
2016350118107,1,9,0,18,0,8,0,0,0,0,1,1,5,2,25,5,1560,2,7,3,2,3
2016350118107,2,9,0,9,0,8,0,0,0,0,3,1,5,1,37,7,2171,1,14,6,3,6
2016350118209,1,9,0,3,0,4,0,0,0,0,2,1,2,2,65,9,1422,2,8,8,3,8
2016350118209,2,9,0,18,0,4,0,0,0,0,1,1,6,1,-1,-1,1560,2,10,6,1,6
2016350118259,1,90,0,18,0,1,0,0,0,0,1,1,6,1,-1,-1,-1,-1,-1,8,1,8
2016350118259,2,9,0,4,0,1,0,0,0,0,2,1,6,2,36,7,-1,-1,-1,9,2,9
2016350118260,1,9,0,9,0,6,0,0,0,0,3,1,5,2,78,11,1339,1,7,10,1,10