Accident_Index,Vehicle_Reference,Vehicle_Type,Towing_and_Articulation,Vehicle_Manoeuvre,Vehicle_Location-Restricted_Lane,Junction_Location,Skidding_and_Overturning,Hit_Object_in_Carriageway,Vehicle_Leaving_Carriageway,Hit_Object_off_Carriageway,1st_Point_of_Impact,Was_Vehicle_Left_Hand_Drive?,Journey_Purpose_of_Driver,Sex_of_Driver,Age_of_Driver,Age_Band_of_Driver,Engine_Capacity_(CC),Propulsion_Code,Age_of_Vehicle,Driver_IMD_Decile,Driver_Home_Area_Type,Vehicle_IMD_Decile
2016350124224,1,9,4,18,0,0,0,0,0,0,1,1,5,1,52,8,1997,2,3,4,2,4
2016350124273,1,9,0,1,0,0,0,0,0,0,2,1,6,1,-1,-1,1896,2,10,7,1,7
2016350124273,2,1,0,4,0,0,0,0,0,0,4,1,6,2,21,5,-1,-1,-1,3,1,3
2016350124288,1,9,0,17,0,0,2,0,1,9,1,1,5,1,18,4,1951,2,13,2,1,2
2016350124303,1,9,0,17,0,8,0,0,0,0,1,1,6,1,-1,-1,1995,2,1,10,3,10
2016350124303,2,1,0,18,0,8,0,0,0,0,3,1,6,1,60,9,-1,-1,-1,9,1,9
2016350124361,1,9,0,18,0,1,0,0,0,0,1,1,6,2,37,7,1596,1,12,10,1,10
2016350124361,2,1,0,18,0,1,0,0,0,0,2,1,6,1,30,6,-1,-1,-1,5,1,5
2016350124391,1,9,0,8,0,1,0,0,0,0,1,1,5,2,80,11,1598,1,4,7,3,7
2016350124391,2,9,0,17,0,2,0,0,0,0,4,1,5,1,50,8,2499,2,13,2,1,2
2016350124513,1,9,0,13,0,0,0,0,0,0,3,1,6,1,20,4,2521,1,10,6,2,6
2016350124522,1,19,0,18,0,0,0,0,1,1,1,1,2,1,65,9,2198,2,5,7,2,7
2016350124581,1,9,0,5,0,1,0,0,0,0,1,1,5,2,38,7,1968,2,9,8,2,8
2016350124581,2,3,0,3,0,1,0,0,0,0,2,1,1,2,18,4,125,1,9,6,3,6
2016350124598,1,9,0,3,0,1,0,0,0,0,2,1,6,1,-1,-1,1587,1,14,-1,-1,-1
2016350124598,2,9,0,18,0,1,0,0,0,0,1,1,6,1,22,5,1299,1,13,1,1,1
2016350124656,1,9,0,6,0,1,1,0,7,4,1,1,5,1,18,4,1364,1,9,2,1,2
2016350124699,1,98,1,18,0,0,0,0,0,0,3,1,1,1,25,5,-1,-1,-1,-1,-1,-1
2016350124699,2,9,0,18,0,0,2,0,1,0,4,1,2,1,55,8,-1,-1,-1,9,1,9
2016350124739,1,9,0,7,0,6,0,0,0,0,1,1,6,2,60,9,1794,1,13,6,1,6
2016350124739,2,9,0,18,0,1,0,0,0,0,2,1,2,2,33,6,1896,2,12,9,2,9
2016350124897,1,9,0,9,0,2,0,0,0,0,3,1,6,1,22,5,1896,2,9,2,1,2
2016350124897,2,9,0,18,0,1,0,0,0,0,1,1,6,1,41,7,1896,2,8,6,1,6
2016350124972,1,9,0,18,0,0,0,0,1,4,1,1,5,1,28,6,1968,2,5,1,1,1
2016350124991,1,9,0,18,0,1,0,0,0,0,4,1,6,3,-1,-1,-1,-1,-1,-1,-1,-1
2016350124991,2,1,0,18,0,1,0,0,0,0,3,1,5,1,19,4,-1,-1,-1,2,1,2
2016350125215,1,9,0,18,0,0,0,0,0,0,1,1,6,1,-1,-1,1685,2,-1,-1,-1,-1
2016350125215,2,9,0,4,0,0,0,0,0,0,2,1,5,1,55,8,1618,1,1,8,3,8
2016350125291,1,9,0,16,0,1,2,0,7,11,1,1,2,1,23,5,1997,2,12,-1,-1,-1
2016350125316,1,9,0,18,0,0,0,0,0,0,1,1,1,1,40,7,1969,2,1,8,3,8
2016350125316,2,9,0,4,0,0,0,0,0,0,2,1,1,2,46,8,1496,2,-1,9,3,9
2016350125316,3,9,0,4,0,0,0,0,0,0,2,1,1,2,38,7,875,1,4,10,1,10
2016350125316,4,9,0,4,0,0,0,0,0,0,2,1,1,2,36,7,1968,2,6,9,1,9
2016350125409,1,9,0,9,0,8,0,0,0,0,3,1,2,2,34,6,1198,1,6,8,2,8
2016350125409,2,9,0,18,0,8,0,0,0,0,1,1,5,1,81,11,-1,-1,-1,7,2,7
2016350125432,1,9,0,18,0,4,0,0,0,0,1,1,6,2,-1,-1,1896,2,11,10,1,10
2016350125432,2,5,0,9,0,8,0,0,0,0,4,1,6,1,34,6,599,1,7,9,1,9
2016350125457,1,9,0,18,0,0,0,0,0,0,1,1,2,1,30,6,1799,1,10,2,1,2
2016350125457,2,1,0,18,0,0,1,0,0,0,2,1,2,1,30,6,-1,-1,-1,1,1,1
2016350125742,1,9,0,18,0,0,0,0,0,0,1,1,6,1,-1,-1,1229,1,9,5,1,5
2016350125798,1,97,0,18,5,0,0,0,0,0,1,1,6,1,-1,-1,-1,-1,-1,-1,-1,-1
2016350125798,2,1,0,18,5,0,5,0,0,0,1,1,6,1,18,4,-1,-1,-1,3,1,3
2016350125904,1,9,0,1,9,0,0,0,1,0,2,1,6,1,36,7,1339,1,12,5,1,5
2016350125904,2,1,0,3,9,0,5,0,0,0,2,1,6,2,-1,-1,-1,-1,-1,4,1,4
2016350125962,1,4,0,14,0,1,5,0,7,0,1,1,1,1,62,9,498,1,15,7,3,7
2016350125962,2,9,0,9,0,2,0,0,0,0,1,1,1,1,47,8,2148,2,7,6,2,6
2016350125988,1,23,0,18,0,0,5,4,0,0,1,1,6,1,19,4,124,1,15,6,3,6
2016350125988,2,9,0,18,0,0,0,0,0,0,1,1,6,3,-1,-1,1397,1,14,-1,-1,-1
2016350125988,3,9,0,2,0,0,0,0,0,0,3,1,6,3,-1,-1,1388,1,12,-1,-1,-1
2016350126016,1,9,0,4,0,8,0,0,0,0,2,1,5,2,38,7,1995,2,13,5,1,5
2016350126016,2,9,0,18,0,8,0,0,0,0,1,1,5,2,31,6,1796,1,14,2,1,2
2016350126043,1,1,0,18,0,8,0,0,0,0,1,1,6,1,-1,-1,-1,-1,-1,-1,-1,-1
2016350126082,1,98,0,5,0,2,0,0,0,0,1,1,1,1,26,6,-1,-1,-1,2,1,2
2016350126082,2,1,0,18,0,8,0,0,0,0,4,1,2,1,40,7,-1,-1,-1,8,3,8
2016350126099,1,9,0,3,0,0,0,0,0,0,2,1,2,2,43,7,998,1,-1,5,3,5
2016350126099,2,5,0,14,0,0,2,0,0,0,1,1,2,1,37,7,675,1,4,9,2,9
2016350126099,3,1,0,18,0,0,0,0,0,0,3,1,2,1,23,5,-1,-1,-1,8,1,8
2016350126114,1,3,0,18,0,0,0,0,0,0,1,1,6,1,17,4,125,1,5,10,2,10
2016350126114,2,1,0,18,0,0,0,0,0,0,2,1,6,1,38,7,-1,-1,-1,6,3,6
2016350126136,1,5,0,17,0,0,0,10,1,7,1,1,5,1,27,6,636,1,13,9,2,9
2016350126149,1,9,5,18,0,0,0,0,0,0,3,1,1,1,23,5,2143,2,2,1,1,1
2016350126171,1,9,0,7,0,3,0,0,0,0,3,1,5,1,73,10,1998,2,8,-1,-1,-1
2016350126171,2,3,0,8,0,3,0,0,0,0,1,1,5,2,22,5,124,1,3,4,2,4
2016350126185,1,9,0,4,9,0,0,0,0,0,1,1,6,1,-1,-1,-1,-1,-1,-1,-1,-1
2016350126209,1,21,1,9,0,8,0,0,0,0,3,1,1,1,38,7,12900,2,8,4,3,4
2016350126209,2,9,0,9,0,8,0,0,0,0,4,1,5,2,19,4,998,1,3,9,1,9
2016350126264,1,9,0,18,0,1,0,0,0,0,3,1,6,2,30,6,1560,2,4,9,3,9
2016350126264,2,19,0,9,0,2,0,0,0,0,4,1,6,1,56,9,2143,2,1,6,3,6
2016350126286,1,9,0,4,7,0,0,0,0,0,1,1,5,2,20,4,998,1,11,9,2,9
2016350126286,2,90,1,2,6,0,0,0,0,0,2,1,6,3,-1,-1,-1,-1,-1,-1,-1,-1
2016350126291,1,9,0,6,0,8,0,0,0,0,3,1,6,1,28,6,1999,1,12,-1,-1,-1
2016350126291,2,1,0,18,0,1,0,0,0,0,1,1,6,1,43,7,-1,-1,-1,2,1,2
2016350126323,1,9,0,5,0,2,0,0,7,0,3,1,6,1,74,10,1798,1,6,8,3,8
2016350126323,2,9,0,18,0,1,2,0,0,0,1,1,6,2,30,6,1598,1,14,10,2,10
2016350126366,1,9,0,7,0,5,1,0,1,2,1,1,6,1,-1,-1,1995,2,15,-1,-1,-1
2016350126366,2,9,0,3,0,1,0,0,0,0,3,1,5,2,42,7,-1,3,1,9,2,9
2016350126367,1,9,0,9,0,8,0,0,0,0,4,1,5,1,25,5,1598,1,4,3,1,3
2016350126367,2,21,0,18,0,1,0,0,0,0,1,1,1,1,50,8,12740,2,1,8,2,8
2016350126390,1,9,0,18,0,8,0,0,7,0,4,1,5,2,55,8,1198,1,8,4,1,4
2016350126390,2,9,0,18,0,8,0,0,0,0,1,1,2,1,44,7,1497,8,9,10,1,10
2016350126390,3,1,0,18,0,1,0,0,0,0,1,1,5,1,62,9,-1,-1,-1,10,2,10
2016350126418,1,5,0,13,0,0,0,11,1,2,3,1,5,1,26,6,599,1,-1,7,3,7
2016350126451,1,9,0,4,0,0,0,0,0,0,1,1,2,1,46,8,1596,1,13,9,2,9
2016350126451,2,9,0,4,0,0,0,0,0,0,2,1,2,1,41,7,2000,2,5,7,1,7
2016350126475,1,9,0,9,0,0,0,0,1,11,4,1,2,1,29,6,1587,1,15,7,1,7
2016350126475,2,9,0,18,0,0,0,0,1,0,1,1,2,1,58,9,1598,2,-1,8,3,8
2016350126517,1,9,0,10,0,0,0,0,0,0,1,1,6,2,71,10,1360,1,13,3,3,3
2016350126517,2,9,0,18,0,0,5,0,0,0,1,1,6,2,49,8,999,1,7,1,1,1
2016350126523,1,9,0,18,0,1,0,0,0,0,1,1,5,1,47,8,1686,2,6,2,1,2
2016350126523,2,9,0,9,0,5,0,0,0,0,2,1,5,1,68,10,1781,1,13,6,2,6
2016350126546,1,9,0,8,0,0,0,0,0,0,1,1,6,1,72,10,1991,2,9,5,1,5
2016350126546,2,9,0,5,0,0,0,0,0,0,2,1,6,1,46,8,2143,2,2,9,2,9
2016350126548,1,9,0,7,0,8,0,0,0,0,1,1,6,1,56,9,2496,2,16,6,3,6
2016350126548,2,1,0,18,0,8,5,0,0,0,2,1,5,2,63,9,-1,-1,-1,10,2,10
2016350126559,1,9,0,16,0,0,2,0,1,9,1,1,2,1,47,8,1242,1,6,6,3,6
2016350126575,1,9,0,18,0,0,0,0,0,0,4,1,5,1,73,10,2500,2,21,8,1,8
2016350126575,2,1,0,9,0,0,0,0,0,0,2,1,6,2,22,5,-1,-1,-1,10,1,10
2016350126581,1,9,0,18,0,0,1,0,1,9,1,1,6,2,53,8,1999,1,10,6,2,6
2016350126588,1,9,0,18,0,0,0,0,0,0,1,1,5,2,25,5,1598,1,12,3,1,3
2016350126588,2,9,0,4,0,0,0,0,0,0,2,1,5,1,41,7,1968,2,6,4,1,4
2016350126665,1,9,0,16,0,0,0,0,7,11,1,1,6,1,25,5,2143,2,3,6,2,6
2016350126688,1,9,0,16,0,0,0,0,8,0,3,1,5,1,21,5,-1,-1,-1,4,1,4
2016350126699,1,5,0,5,0,1,0,0,0,0,3,1,6,1,68,10,680,1,8,1,1,1
2016350126699,2,9,0,14,0,1,0,0,0,0,4,1,1,2,27,6,1582,2,4,9,1,9
2016350126706,1,9,0,18,0,0,0,0,0,0,1,1,6,1,-1,-1,-1,-1,-1,-1,-1,-1
2016350126706,2,1,0,9,0,0,0,0,0,0,1,1,5,2,19,4,-1,-1,-1,5,1,5
2016350126712,1,9,0,18,0,0,0,0,2,0,1,1,5,1,40,7,1598,1,15,8,2,8
2016350126712,2,9,0,18,0,0,0,0,0,0,1,1,2,1,46,8,2987,2,11,5,3,5
2016350126860,1,9,0,6,0,8,0,0,0,0,3,1,2,1,52,8,2496,2,14,8,2,8
2016350126860,2,9,0,9,0,8,0,0,0,0,1,1,2,2,62,9,1396,1,6,7,1,7
2016350126907,1,9,0,5,0,0,0,0,0,0,1,1,5,2,46,8,1975,1,8,5,1,5
2016350126907,2,1,0,18,0,0,0,0,0,0,4,1,5,2,31,6,-1,-1,-1,1,1,1
2016350126912,1,9,0,18,0,4,0,0,0,0,1,1,6,1,-1,-1,1998,1,11,9,3,9
2016350126912,2,1,0,18,0,4,0,0,0,0,3,1,6,1,20,4,-1,-1,-1,9,1,9
2016350127016,1,9,0,8,0,1,0,0,0,0,2,1,6,2,51,8,1360,1,13,5,3,5
2016350127016,2,19,0,18,0,1,0,0,0,0,1,1,6,1,19,4,1686,2,13,7,1,7
2016350127020,1,11,0,18,0,8,0,0,0,0,4,1,1,3,-1,-1,-1,-1,-1,-1,-1,-1
2016350127054,1,9,0,7,0,8,0,0,0,0,1,1,2,1,29,6,1600,1,17,10,2,10
2016350127054,2,1,0,18,0,8,0,0,0,0,4,1,5,2,64,9,-1,-1,-1,10,2,10
2016350127061,1,9,0,18,0,1,0,0,0,0,1,1,6,2,-1,-1,2435,1,10,6,1,6
2016350127061,2,9,0,3,0,1,0,0,0,0,2,1,6,2,42,7,1984,1,8,9,1,9
2016350127091,1,9,0,9,0,6,0,0,0,0,4,1,6,2,40,7,1299,1,11,5,1,5
2016350127091,2,5,0,18,0,1,2,0,0,0,1,1,6,1,26,6,899,1,13,4,1,4
2016350127097,1,9,0,14,0,2,0,0,0,0,4,1,6,1,49,8,1997,2,11,9,2,9
2016350127139,1,9,0,12,0,7,0,0,0,0,3,1,6,1,28,6,1998,2,11,1,1,1
2016350127139,2,9,0,18,0,8,1,0,2,7,4,1,6,1,59,9,1995,2,3,9,1,9
2016350127140,1,9,0,7,0,8,0,0,0,0,1,1,5,1,30,6,1596,1,13,7,3,7
2016350127140,2,9,0,18,0,8,0,0,0,0,4,1,5,1,30,6,1560,2,6,7,1,7
2016350127170,1,9,0,18,0,0,0,0,0,0,1,1,6,1,32,6,2171,2,13,2,1,2
2016350127170,2,9,0,4,0,0,0,0,0,0,2,1,6,3,-1,-1,1299,1,13,-1,-1,-1
2016350127170,3,9,0,9,0,0,0,0,0,0,2,1,6,1,-1,-1,1991,2,10,4,1,4
2016350127200,1,1,0,18,5,0,0,0,0,0,0,1,6,1,-1,-1,-1,-1,-1,-1,-1,-1
2016350127200,2,1,0,18,5,0,0,0,0,0,0,1,6,1,-1,-1,-1,-1,-1,7,3,7
2016350127201,1,9,0,9,0,8,0,0,0,0,4,1,6,2,49,8,-1,-1,-1,-1,-1,-1
2016350127201,2,9,0,18,0,1,0,0,0,0,1,1,5,2,42,7,1900,2,11,3,3,3
2016350127274,1,9,0,4,0,1,0,0,0,0,2,1,6,1,45,7,1598,2,2,10,2,10
2016350127274,2,9,0,18,0,1,1,0,0,0,1,1,6,1,55,8,1796,1,16,9,3,9
2016350127304,1,9,0,5,0,4,0,0,0,0,1,1,6,1,28,6,1798,1,12,6,1,6
2016350127304,2,1,0,7,0,8,5,0,0,0,1,1,6,2,31,6,-1,-1,-1,6,1,6
2016350127321,1,9,0,18,0,0,0,0,0,0,1,1,6,1,43,7,1968,2,10,10,1,10
2016350127321,2,9,0,3,0,0,0,0,0,0,2,1,1,1,54,8,2148,2,7,10,3,10
2016350127389,1,9,0,18,0,0,0,0,0,0,1,1,6,1,-1,-1,1590,1,16,-1,-1,-1
2016350127389,2,9,0,3,0,0,0,0,0,0,2,1,6,2,77,11,1896,2,10,2,1,2
2016350127409,1,9,0,18,0,0,0,0,0,0,1,1,6,2,75,10,1108,1,12,2,1,2
2016350127409,2,9,0,18,0,0,0,0,0,0,3,1,6,1,71,10,899,1,1,2,1,2
2016350127454,1,9,0,18,0,1,0,0,0,0,1,1,2,2,27,6,1229,1,2,4,2,4
2016350127454,2,9,0,10,0,1,0,0,0,0,2,1,6,2,34,6,1149,1,13,7,1,7
2016350127483,1,9,0,6,0,0,0,0,0,0,3,1,6,1,28,6,1461,2,5,6,3,6
2016350127483,2,5,0,14,0,0,0,0,0,0,1,1,6,1,52,8,1215,1,-1,10,2,10
2016350127524,1,9,0,18,0,0,1,0,1,0,3,1,6,1,22,5,1390,1,2,7,3,7
2016350127531,1,9,0,18,0,0,2,0,1,9,1,1,2,1,-1,-1,1794,1,16,2,1,2
2016350127555,1,9,0,18,0,0,0,0,0,0,3,1,6,2,30,6,1968,2,3,5,2,5
2016350127583,1,9,0,9,0,8,0,0,0,0,4,1,6,3,-1,-1,-1,-1,-1,-1,-1,-1
2016350127583,2,1,0,18,4,8,5,0,0,0,1,1,6,1,19,4,-1,-1,-1,10,1,10
2016350127588,1,9,0,18,0,0,0,0,0,0,1,1,5,1,67,10,1686,2,9,2,1,2
2016350127627,1,9,0,5,0,4,0,0,0,0,1,1,2,1,46,8,2199,2,4,7,3,7
2016350127627,2,9,0,3,0,4,0,0,0,0,2,1,2,2,29,6,1598,1,10,5,1,5
2016350127627,3,9,0,3,0,4,0,0,0,0,2,1,2,1,43,7,1910,2,8,5,2,5
2016350127634,1,9,0,5,0,4,0,0,0,0,1,1,5,2,36,7,998,1,15,1,1,1
2016350127634,2,9,0,18,0,8,0,0,0,0,4,1,2,1,26,6,1149,1,14,1,1,1
2016350127653,1,9,0,18,0,2,0,0,0,0,4,1,5,1,27,6,1388,1,7,9,1,9
2016350127653,2,1,0,12,0,2,0,0,0,0,3,1,5,1,14,3,-1,-1,-1,4,1,4
2016350127672,1,9,0,18,0,1,1,0,7,3,3,1,5,1,59,9,1796,1,6,5,1,5
2016350127675,1,9,0,18,0,0,1,0,0,0,1,1,5,1,35,6,1598,1,10,3,1,3
2016350127675,2,9,0,4,0,0,0,0,0,0,2,1,5,2,81,11,1360,1,10,10,2,10
2016350127675,3,9,0,4,0,0,0,0,0,0,2,1,5,1,44,7,1598,1,9,10,3,10
2016350127675,4,9,0,18,0,0,1,0,2,7,1,1,5,2,41,7,1968,2,1,9,1,9
2016350127675,5,9,0,18,0,0,0,0,0,0,3,1,5,1,64,9,2993,2,6,5,3,5
2016350127705,1,9,0,18,0,1,0,0,3,4,1,1,5,1,87,11,2393,1,6,6,3,6
2016350127790,1,2,0,9,0,4,0,0,0,0,1,1,2,1,17,4,50,1,1,3,1,3
2016350127790,2,9,0,18,0,8,0,0,0,0,1,1,2,1,32,6,1398,1,-1,4,1,4
2016350127830,1,9,0,3,0,0,0,0,0,0,2,1,2,2,38,7,1329,1,5,5,1,5
2016350127830,2,9,0,18,0,0,0,0,0,0,1,1,5,1,70,10,2179,2,9,10,1,10
2016350127867,1,9,0,18,0,0,0,0,0,0,1,1,6,1,40,7,1299,1,13,7,3,7
2016350127867,2,9,0,18,0,0,0,0,0,0,1,1,6,1,24,5,1995,2,13,8,3,8
2016350128008,1,1,0,18,5,1,0,0,0,0,1,1,6,1,-1,-1,-1,-1,-1,-1,-1,-1
2016350128008,2,9,0,18,5,6,0,0,0,0,4,1,6,1,43,7,1997,2,9,10,2,10
2016350128103,1,21,1,1,0,5,0,0,0,0,0,1,1,1,48,8,10837,2,4,6,1,6
2016350128103,2,9,0,18,0,1,1,0,1,9,1,1,2,2,18,4,1405,1,12,3,3,3
2016350128125,1,9,0,18,0,0,0,0,0,0,4,1,6,2,39,7,1997,2,7,8,3,8
2016350128340,1,9,0,18,0,0,0,0,0,0,3,1,6,3,-1,-1,-1,-1,-1,-1,-1,-1
2016350128340,2,1,0,18,0,0,0,0,0,0,1,1,4,2,11,3,-1,-1,-1,3,1,3
2016350128414,1,9,0,5,0,8,0,0,0,0,1,1,1,1,36,7,2979,1,9,5,1,5
2016350128533,1,3,0,18,0,2,1,0,0,0,3,1,2,1,17,4,-1,-1,-1,1,1,1
2016350128577,1,9,0,13,0,1,0,0,0,0,4,1,5,2,35,6,1390,1,6,10,1,10
2016350128577,2,1,0,18,0,1,0,0,0,0,3,1,2,1,33,6,-1,-1,-1,8,1,8
2016350128602,1,9,0,16,0,2,0,0,0,0,3,1,5,1,26,6,1956,2,7,7,1,7
2016350128602,2,9,0,18,0,1,0,0,0,0,3,1,5,1,23,5,1598,1,10,6,2,6
2016350128707,1,9,0,7,0,5,0,0,0,0,4,1,6,1,21,5,1339,1,10,4,1,4
2016350128707,2,1,0,18,4,8,5,0,0,0,3,1,1,2,-1,-1,-1,-1,-1,10,2,10
2016350128718,1,9,0,9,0,8,0,0,0,0,4,1,2,1,53,8,1124,1,15,10,3,10
2016350128718,2,1,0,18,0,8,5,0,0,0,1,1,2,1,46,8,-1,-1,-1,10,2,10
2016350128825,1,9,0,18,0,0,0,0,0,0,1,1,6,2,-1,-1,-1,-1,-1,-1,-1,-1
2016350128825,2,1,0,18,0,0,0,0,0,0,4,1,6,2,22,5,-1,-1,-1,3,1,3
2016350128905,1,9,0,17,0,0,0,0,1,11,1,1,1,2,23,5,1422,2,7,7,1,7
2016350128909,1,9,0,18,0,1,0,0,1,0,1,1,6,1,-1,-1,1229,1,11,8,3,8
2016350128909,2,9,0,10,0,1,0,0,0,0,2,1,6,2,31,6,2198,2,10,10,2,10
2016350128962,1,19,0,18,0,0,0,0,0,0,1,1,1,1,25,5,2143,2,1,2,1,2
2016350128962,2,19,0,4,0,0,0,0,0,0,2,1,1,1,45,7,2198,2,1,9,2,9
2016350128962,3,19,0,4,0,0,0,0,0,0,2,1,1,1,37,7,1995,2,5,3,1,3
2016350128962,4,21,1,2,0,0,0,0,0,0,0,1,1,1,-1,-1,12419,2,1,-1,-1,-1
2016350128974,1,9,0,5,0,2,0,0,0,0,1,1,6,2,48,8,1596,1,9,5,2,5
2016350128974,2,9,0,18,0,1,0,0,0,0,3,1,3,2,30,6,1248,2,12,5,3,5
2016350128996,1,9,0,9,0,6,0,0,0,0,4,1,5,1,19,4,1388,1,13,10,2,10
2016350128996,2,9,0,18,0,8,0,0,0,0,1,1,5,2,33,6,1896,2,15,9,1,9
2016350129028,1,3,0,13,0,0,0,0,0,0,1,1,6,1,17,4,124,1,2,1,1,1
2016350129028,2,9,0,14,0,0,0,0,0,0,3,1,2,2,50,8,1124,1,12,1,1,1
2016350129028,3,9,0,18,0,0,0,0,0,0,1,1,2,1,50,8,1870,2,15,2,1,2
2016350129042,1,9,0,7,0,8,0,0,0,0,3,1,6,3,-1,-1,-1,-1,-1,-1,-1,-1
2016350129042,2,1,0,18,0,1,0,0,0,0,1,1,6,1,54,8,-1,-1,-1,6,2,6
2016350129151,1,3,0,9,0,6,0,0,0,0,1,1,2,2,20,4,125,1,4,10,2,10
2016350129151,2,19,0,18,0,1,0,0,0,0,4,1,1,1,60,9,2299,2,2,9,2,9
2016350129245,1,21,1,9,0,0,0,0,0,0,0,1,1,1,47,8,12777,2,8,8,1,8
2016350129245,2,9,0,4,0,0,1,0,0,0,2,1,6,1,64,9,2179,2,2,10,1,10
2016350129245,3,9,0,18,0,0,0,0,0,0,1,1,6,1,63,9,1686,2,12,8,2,8
2016350129245,4,9,0,18,0,0,0,0,0,0,1,1,6,2,37,7,998,1,-1,-1,-1,-1
2016350129245,5,9,0,18,0,0,0,0,0,0,1,1,6,2,22,5,1598,1,6,7,1,7
2016350129245,6,9,0,18,0,0,0,0,0,0,1,1,6,1,32,6,1997,2,3,7,1,7
2016350129279,1,9,0,18,0,4,0,0,0,0,1,1,5,3,-1,-1,1360,1,10,-1,-1,-1
2016350129279,2,9,0,3,0,1,0,0,0,0,2,1,6,1,43,7,1598,1,11,1,1,1
2016350129312,1,9,0,9,0,5,0,0,0,0,1,1,6,1,58,9,1596,1,14,1,1,1
2016350129312,2,1,0,18,0,8,0,0,0,0,1,1,5,1,23,5,-1,-1,-1,8,1,8
2016350129347,1,9,0,17,0,0,0,0,1,9,1,1,2,1,23,5,1198,1,8,-1,1,-1
2016350129653,1,9,0,18,0,1,0,0,0,0,1,1,6,1,-1,-1,-1,-1,-1,-1,-1,-1
2016350129653,2,9,0,10,0,1,0,0,0,0,2,1,6,2,45,7,1360,1,14,1,1,1
2016350129679,1,9,0,9,0,8,0,0,0,0,1,1,6,1,38,7,1598,1,9,-1,-1,-1
2016350129679,2,5,0,18,0,8,0,0,0,0,4,1,6,1,57,9,1170,1,9,7,1,7
2016350129729,1,9,0,18,0,0,0,0,0,0,1,1,2,2,21,5,1229,1,6,2,1,2
2016350129729,2,19,0,3,0,0,0,0,0,0,2,1,2,1,19,4,1968,2,1,9,2,9
2016350129729,3,9,0,3,0,0,0,0,0,0,2,1,2,1,37,7,1796,1,15,3,1,3
2016350129729,4,9,0,3,0,0,0,0,0,0,2,1,2,1,60,9,1598,2,2,5,2,5
2016350129729,5,9,0,3,0,0,0,0,0,0,2,1,2,1,28,6,973,1,13,5,2,5
2016350129786,1,90,1,14,0,0,0,0,0,0,4,1,1,1,62,9,-1,-1,-1,6,1,6
2016350129786,2,9,0,7,0,0,0,0,0,0,2,1,2,1,22,5,1968,2,4,6,1,6
2016350129883,1,9,0,18,0,0,0,0,0,0,1,1,5,1,30,6,-1,-1,-1,-1,-1,-1
2016350129883,2,9,0,18,0,0,0,0,0,0,2,1,5,1,38,7,1896,2,13,4,1,4
2016350129892,1,1,0,18,4,0,0,0,0,0,4,1,5,2,29,6,-1,-1,-1,9,1,9
2016350129892,2,19,0,1,4,0,0,0,0,0,2,1,1,1,-1,-1,2287,2,1,3,1,3
2016350129943,1,9,0,7,0,5,0,0,0,0,1,1,5,2,55,8,1461,2,2,9,2,9
2016350129943,2,1,0,18,0,8,0,0,0,0,1,1,4,1,13,3,-1,-1,-1,6,1,6
2016350130019,1,9,0,18,0,1,0,0,0,0,1,1,2,2,30,6,1397,1,15,9,1,9
2016350130019,2,9,0,4,0,1,0,0,0,0,2,1,2,1,-1,-1,1229,1,5,-1,-1,-1
2016350130076,1,9,0,9,0,8,0,0,0,0,1,1,5,1,23,5,1968,2,8,3,1,3
2016350130076,2,1,0,7,0,1,0,0,0,0,1,1,5,2,56,9,-1,-1,-1,6,1,6
2016350130083,1,9,0,18,0,1,0,0,0,0,4,1,1,1,29,6,1969,2,-1,6,1,6
2016350130083,2,9,0,5,0,6,0,0,0,0,1,1,2,2,53,8,1998,1,14,10,1,10
2016350130378,1,9,0,18,0,0,0,0,0,0,1,1,5,1,29,6,1968,2,11,2,1,2
2016350130378,2,21,1,18,0,0,0,0,0,0,1,1,1,1,35,6,11705,2,11,5,2,5
2016350130423,1,9,0,13,0,1,0,0,0,0,1,1,1,1,32,6,1248,1,7,6,2,6
2016350130423,2,90,1,9,0,1,0,0,0,0,1,1,1,1,52,8,-1,-1,-1,9,3,9
2016350130460,1,9,0,18,0,0,1,0,0,0,1,1,5,1,24,5,1896,2,12,5,1,5
2016350130460,2,19,0,3,0,0,0,0,0,0,2,1,2,1,21,5,1686,2,14,3,1,3
2016350130460,3,9,0,10,0,0,0,0,0,0,2,1,5,2,52,8,1198,1,2,7,3,7
2016350130529,1,9,0,4,0,0,1,0,0,0,1,1,5,2,23,5,1198,1,3,8,2,8
2016350130529,2,9,0,3,0,0,0,0,0,0,2,1,5,2,82,11,1332,1,18,8,3,8
2016350130532,1,9,0,18,0,0,0,0,0,0,1,1,5,1,25,5,1499,2,1,9,1,9
2016350130532,2,9,0,3,0,0,0,0,0,0,2,1,1,1,47,8,2401,2,11,10,2,10
2016350130556,1,9,0,18,0,0,0,0,0,0,1,1,1,1,40,7,1997,2,14,8,1,8
2016350130556,2,9,0,3,0,0,0,0,4,0,2,1,1,1,42,7,1968,2,1,9,1,9
2016350130573,1,9,0,4,0,0,0,0,0,0,1,1,2,2,48,8,1995,2,5,10,1,10
2016350130573,2,9,0,3,0,0,0,0,0,0,2,1,2,2,39,7,1997,2,15,9,2,9
2016350130583,1,9,0,13,0,1,0,0,0,0,4,1,2,2,46,8,1560,2,-1,10,1,10