Accident_Index,Vehicle_Reference,Vehicle_Type,Towing_and_Articulation,Vehicle_Manoeuvre,Vehicle_Location-Restricted_Lane,Junction_Location,Skidding_and_Overturning,Hit_Object_in_Carriageway,Vehicle_Leaving_Carriageway,Hit_Object_off_Carriageway,1st_Point_of_Impact,Was_Vehicle_Left_Hand_Drive?,Journey_Purpose_of_Driver,Sex_of_Driver,Age_of_Driver,Age_Band_of_Driver,Engine_Capacity_(CC),Propulsion_Code,Age_of_Vehicle,Driver_IMD_Decile,Driver_Home_Area_Type,Vehicle_IMD_Decile
2016350144286,3,4,0,4,0,0,2,0,0,0,1,1,6,1,62,9,249,1,15,9,2,9
2016350144415,1,9,0,9,0,2,0,0,0,0,1,1,5,2,29,6,1598,1,7,2,1,2
2016350144420,1,9,0,18,0,0,0,0,0,0,1,1,5,2,39,7,1753,2,10,2,1,2
2016350144466,1,9,0,4,0,1,0,0,0,0,1,1,2,2,-1,-1,1242,1,14,4,1,4
2016350144466,2,9,0,3,0,1,0,0,0,0,2,1,6,2,-1,-1,1995,2,1,9,3,9
2016350144472,1,9,0,7,0,2,0,0,0,0,3,1,6,2,17,4,1199,1,3,8,3,8
2016350144472,2,9,0,18,0,1,0,0,0,0,3,1,6,2,25,5,999,1,1,9,3,9
2016350144527,1,9,0,18,0,0,0,0,0,0,1,1,1,1,40,7,1388,1,8,2,1,2
2016350144527,2,1,0,18,0,0,0,0,0,0,1,1,6,2,22,5,-1,-1,-1,-1,-1,-1
2016350144546,1,9,0,16,0,0,2,0,0,0,0,1,3,2,44,7,1299,1,12,8,3,8
2016350144574,1,9,0,16,0,0,1,11,4,0,1,1,5,2,19,4,1598,2,-1,1,1,1
2016350144575,1,9,0,18,0,0,0,0,0,0,1,1,3,2,23,5,1686,2,10,3,1,3
2016350144583,1,9,0,4,0,8,1,0,0,0,1,1,5,2,31,6,999,1,15,3,1,3
2016350144583,2,9,0,17,0,8,1,0,0,0,1,1,6,2,31,6,1124,1,17,4,1,4
2016350144583,3,9,0,4,0,8,1,0,0,0,2,1,5,1,84,11,1364,1,6,1,1,1
2016350144583,4,9,0,18,0,8,1,0,0,0,1,1,6,2,44,7,1598,1,12,3,3,3
2016350144636,1,3,0,6,0,0,5,0,0,0,4,1,1,1,26,6,-1,-1,-1,2,1,2
2016350144642,1,9,0,4,0,0,0,0,0,0,1,1,2,2,63,9,1560,2,-1,3,1,3
2016350144642,2,9,0,4,0,0,0,0,0,0,2,1,6,1,22,5,1200,1,-1,-1,-1,-1
2016350144642,3,9,0,4,0,0,0,0,0,0,2,1,6,3,-1,-1,-1,-1,-1,-1,-1,-1
2016350144747,1,9,0,18,0,6,0,0,0,0,1,1,5,2,80,11,1229,1,4,4,2,4
2016350144747,2,1,0,18,0,1,0,0,0,0,1,1,5,1,74,10,-1,-1,-1,7,1,7
2016350144772,1,9,0,18,0,1,0,0,0,0,3,1,6,3,-1,-1,1493,1,25,-1,-1,-1
2016350144772,2,1,0,7,0,1,0,0,0,0,1,1,6,2,62,9,-1,-1,-1,10,1,10
2016350144808,1,9,0,18,0,1,1,0,0,0,1,1,5,1,41,7,1896,2,14,8,3,8
2016350144808,2,9,0,3,0,1,0,0,0,0,2,1,5,1,66,10,1242,1,3,5,1,5
2016350144808,3,9,0,10,0,1,0,0,0,0,2,1,5,2,37,7,1600,1,12,9,3,9
2016350144992,1,9,0,18,0,0,0,0,0,0,1,1,5,1,44,7,1598,1,12,3,1,3
2016350144992,2,19,0,18,0,0,0,0,0,0,1,1,1,1,55,8,2198,2,6,3,3,3
2016350145006,1,22,0,18,9,0,0,0,0,0,1,1,6,1,-1,-1,-1,-1,-1,-1,-1,-1
2016350145075,1,9,0,4,0,0,0,0,0,0,2,1,5,1,70,10,2497,2,10,8,3,8
2016350145075,2,9,0,4,0,0,0,0,0,0,1,1,5,2,35,6,1242,1,13,7,1,7
2016350145095,1,9,0,18,0,0,2,0,1,0,1,1,5,2,18,4,1499,2,3,5,2,5
2016350145121,1,19,0,4,0,4,0,0,0,0,2,1,6,1,18,4,1560,2,3,2,1,2
2016350145121,2,9,0,4,0,4,0,0,0,0,1,1,6,2,31,6,2148,2,8,2,1,2
2016350145187,1,9,0,18,0,0,1,4,1,0,1,1,5,1,83,11,1388,1,9,10,2,10
2016350145187,2,9,0,2,0,0,0,0,0,0,2,1,2,1,21,5,1199,2,4,4,3,4
2016350145450,1,9,0,9,0,1,0,0,0,0,0,1,1,1,68,10,1461,2,-1,7,1,7
2016350145450,2,3,0,18,0,1,1,0,0,0,0,1,1,1,64,9,125,1,1,9,1,9
2016350145552,1,9,0,18,0,0,1,0,0,0,4,1,5,1,21,5,1242,1,2,6,2,6
2016350145552,2,9,0,2,0,0,0,0,0,0,3,1,5,1,39,7,-1,-1,-1,-1,-1,-1
2016350145552,3,9,0,2,0,0,0,0,0,0,3,1,5,1,37,7,-1,-1,-1,-1,-1,-1
2016350145672,1,21,0,18,0,0,0,0,0,0,3,1,1,1,22,5,12902,2,3,9,1,9
2016350145672,2,98,0,18,0,0,0,0,0,0,3,1,1,1,53,8,-1,-1,-1,-1,-1,-1
2016350145702,1,9,0,12,0,3,0,0,0,0,3,1,5,2,24,5,1200,1,1,8,1,8
2016350145702,2,3,0,18,0,3,0,0,0,0,4,1,1,1,24,5,125,1,1,4,3,4
2016350145842,1,9,0,18,0,0,1,0,1,4,4,1,6,1,20,4,1598,1,20,3,3,3
2016350145867,1,11,0,5,0,4,0,0,0,0,3,1,1,1,41,7,6700,2,6,9,2,9
2016350145867,2,1,0,18,0,8,0,0,0,0,1,1,5,1,35,6,-1,-1,-1,5,1,5
2016350145951,1,9,0,16,0,0,1,0,2,4,1,1,2,2,40,7,998,1,14,4,1,4
2016350145998,1,9,0,7,0,1,0,0,0,0,1,1,1,1,29,6,1997,2,9,7,1,7
2016350145998,2,1,0,18,0,8,0,0,0,0,2,1,5,1,50,8,-1,-1,-1,8,1,8
2016350146029,1,9,0,18,0,0,0,0,1,0,1,1,6,1,68,10,1560,2,7,8,3,8
2016350146029,2,9,0,3,0,0,0,0,0,0,2,1,5,1,42,7,2993,2,2,10,3,10
2016350146074,1,9,0,18,0,0,1,0,7,3,1,1,2,2,19,4,1390,1,8,5,3,5
2016350146077,1,9,0,4,0,0,0,0,0,0,1,1,6,1,52,8,1968,2,7,6,3,6
2016350146077,2,9,0,4,0,0,0,0,0,0,2,1,6,2,20,4,1584,1,10,5,2,5
2016350146077,3,9,0,4,0,0,0,0,0,0,1,1,6,1,56,9,1595,1,11,9,3,9
2016350146077,4,9,0,4,0,0,0,0,0,0,1,1,6,1,65,9,1968,2,4,7,2,7
2016350146077,5,9,0,4,0,0,0,0,0,0,1,1,6,1,47,8,1598,1,-1,6,1,6
2016350146135,1,9,0,9,0,8,0,0,0,0,4,1,6,1,-1,-1,1390,1,14,1,1,1
2016350146135,2,1,0,18,0,1,0,0,0,0,1,1,6,1,24,5,-1,-1,-1,1,1,1
2016350146170,1,9,0,15,0,0,0,0,0,0,1,1,2,1,26,6,1229,1,10,-1,-1,-1
2016350146170,2,9,0,18,0,0,0,0,0,0,1,1,2,1,58,9,-1,-1,-1,5,2,5
2016350146242,1,3,0,18,0,0,0,0,0,0,1,1,6,1,38,7,124,1,7,10,2,10
2016350146242,2,90,1,18,0,0,0,0,0,0,3,1,6,1,57,9,-1,-1,-1,-1,3,-1
2016350146306,1,9,0,18,0,2,0,0,7,4,1,1,5,2,41,7,2184,2,10,7,2,7
2016350146311,1,20,0,18,0,0,0,0,0,0,1,1,5,1,57,9,4580,2,8,1,1,1
2016350146311,2,21,1,18,0,0,0,0,0,0,2,1,1,1,48,8,12902,2,1,2,1,2
2016350146315,1,9,0,18,0,0,1,0,1,4,1,1,2,2,31,6,1328,1,14,10,3,10
2016350146316,1,11,0,5,0,0,0,0,0,0,0,1,1,1,33,6,9000,2,6,3,1,3
2016350146368,1,8,0,13,0,0,0,0,0,0,4,1,6,1,-1,-1,-1,-1,-1,-1,-1,-1
2016350146368,2,1,0,18,4,0,5,0,0,0,3,1,6,1,30,6,-1,-1,-1,1,1,1
2016350146427,1,9,0,1,0,0,0,0,0,0,4,1,2,2,28,6,1388,1,14,1,1,1
2016350146427,2,8,0,2,0,0,0,0,0,0,3,1,2,1,43,7,1598,2,4,1,1,1
2016350146452,1,9,0,18,0,0,0,0,0,0,1,1,6,1,34,6,1686,2,5,10,1,10
2016350146452,2,9,0,18,0,0,0,0,0,0,2,1,6,2,56,9,999,1,5,6,1,6
2016350146491,1,9,0,18,0,0,1,0,1,0,1,1,2,2,26,6,2497,2,12,7,3,7
2016350146715,1,9,0,1,4,6,0,0,0,0,2,1,2,1,38,7,-1,-1,-1,7,1,7
2016350146715,2,1,0,18,4,8,0,0,0,0,1,1,2,2,28,6,-1,-1,-1,3,1,3
2016350147321,1,3,0,18,0,1,2,0,0,0,1,1,5,1,18,4,125,1,1,6,1,6
2016350147321,2,3,0,18,0,1,0,0,0,0,2,1,5,1,18,4,125,1,-1,5,2,5
2016350147347,1,19,0,18,0,0,1,0,0,0,1,1,1,1,25,5,2143,2,5,10,2,10
2016350147347,2,9,0,3,0,0,0,0,0,0,2,1,2,2,35,6,2199,2,4,6,1,6
2016350147347,3,9,0,3,0,0,0,0,0,0,3,1,2,2,50,8,1598,1,7,7,2,7
2016350147347,4,9,0,3,0,0,0,0,0,0,2,1,2,1,60,9,1598,1,10,2,1,2
2016350147427,1,9,0,18,0,0,0,0,0,0,4,1,5,1,22,5,1390,1,12,5,1,5
2016350147427,2,1,0,18,4,0,5,0,0,0,1,1,6,1,41,7,-1,-1,-1,9,1,9
2016350147442,1,9,0,9,0,6,0,0,0,0,3,1,6,1,24,5,1395,1,2,7,1,7
2016350147442,2,97,0,18,0,1,5,0,0,0,1,1,6,1,29,6,49,1,15,-1,-1,-1
2016350147456,1,9,0,17,0,0,1,0,1,0,4,1,5,2,20,4,1388,1,13,6,1,6
2016350147474,1,9,0,18,0,0,1,0,0,0,3,1,5,1,29,6,1388,1,14,2,1,2
2016350147474,2,9,0,18,0,0,0,0,0,0,4,1,5,1,24,5,1956,2,5,6,2,6
2016350147715,1,9,0,5,0,4,0,0,0,0,1,1,5,1,23,5,3999,1,9,8,3,8
2016350147715,2,1,0,18,0,8,0,0,0,0,3,1,5,1,29,6,-1,-1,-1,4,1,4
2016350148547,1,9,0,17,0,0,1,0,7,0,4,1,5,2,58,9,1988,2,9,-1,-1,-1
2016350148547,2,9,0,16,0,0,0,0,0,0,3,1,5,2,54,8,1598,2,3,3,3,3
2016350148658,1,9,0,9,0,8,0,0,0,0,1,1,5,1,28,6,1229,1,11,10,2,10
2016350148658,2,9,0,18,0,1,0,0,0,0,1,1,5,1,55,8,1781,1,13,5,3,5
2016350149154,1,9,0,12,0,0,0,0,0,0,1,1,5,1,22,5,1995,2,14,2,1,2
2016350149154,2,9,0,18,0,0,0,0,0,0,2,1,5,1,73,10,1998,1,-1,7,3,7
2016350149167,1,9,0,18,0,0,0,0,0,0,1,1,2,2,53,8,1242,1,14,6,1,6
2016350149197,1,9,0,14,0,0,0,4,0,0,1,1,2,1,48,8,1242,1,13,10,1,10
2016350149197,2,17,2,3,0,0,0,0,0,0,3,1,1,1,17,4,4400,2,8,8,3,8
2016350149481,1,9,0,18,0,5,0,0,0,0,1,1,6,1,34,6,1461,2,1,6,1,6
2016350149572,1,9,0,13,0,4,5,9,3,1,1,1,5,2,32,6,1461,2,3,1,1,1
2016350149872,1,9,0,7,0,6,0,0,0,0,2,1,6,1,25,5,2143,2,1,1,1,1
2016350149872,2,9,0,18,0,6,1,0,3,11,1,1,6,1,24,5,1598,1,15,6,3,6
2016350149872,3,5,0,18,0,1,2,0,0,0,1,1,2,1,29,6,-1,-1,-1,9,1,9
2016350150231,1,9,0,18,0,2,0,0,0,0,1,1,1,1,38,7,998,1,-1,4,1,4
2016350150244,1,9,0,18,0,0,0,0,8,6,3,1,5,1,66,10,1598,1,8,9,1,9
2016350150259,1,9,0,18,0,0,0,0,0,0,1,1,5,1,89,11,1995,2,7,5,1,5
2016350150259,2,23,0,18,0,0,2,0,1,9,2,1,5,2,71,10,-1,-1,-1,8,3,8
2016350150299,1,9,0,17,0,0,2,0,1,0,4,1,5,1,23,5,1242,1,14,5,1,5
2016350151191,1,9,0,9,0,0,0,0,0,0,1,1,5,1,45,7,1248,2,8,6,1,6
2016350151191,2,9,0,18,0,0,1,0,0,0,1,1,1,2,57,9,998,1,17,5,2,5
2016350151266,1,9,0,18,0,0,0,4,0,0,1,1,6,2,30,6,1386,1,9,10,2,10
2016350151266,2,19,4,2,0,0,0,0,0,0,2,1,6,1,58,9,2198,2,3,9,1,9
2016350151400,1,19,0,13,0,0,0,0,0,0,1,1,1,1,19,4,2198,2,3,6,3,6
2016350151400,2,1,0,18,0,0,0,0,1,0,3,1,6,1,66,10,-1,-1,-1,7,3,7
2016350153182,1,1,0,18,9,0,0,0,0,0,1,1,6,2,19,4,-1,-1,-1,10,1,10
2016350153330,1,5,0,5,0,4,0,0,0,0,3,1,2,2,53,8,649,1,2,5,3,5
2016350153330,2,9,0,18,0,8,1,0,0,0,1,1,2,1,25,5,1149,1,9,10,2,10
2016350153481,1,9,0,16,0,3,0,0,7,7,3,1,5,2,26,6,1984,1,9,7,3,7
2016350153927,1,9,0,18,0,4,2,9,0,0,1,1,6,1,24,5,1910,2,9,2,1,2
2016350153928,1,9,0,18,0,0,0,4,0,0,1,1,5,2,71,10,954,1,26,3,3,3
2016350153928,2,9,0,2,0,0,0,0,0,0,1,1,5,2,31,6,2497,2,10,2,1,2
2016350153973,1,3,0,9,0,2,5,0,0,0,0,1,6,1,31,6,125,1,-1,1,1,1
2016350154021,1,90,0,18,0,0,0,0,0,0,1,1,1,1,56,9,-1,-1,-1,7,1,7
2016350154021,2,9,0,7,0,0,0,0,0,0,2,1,6,2,47,8,2497,2,11,3,1,3
2016350154021,3,9,0,7,0,0,0,0,0,0,2,1,6,2,58,9,1398,1,5,3,1,3
2016350155298,1,8,0,9,0,8,0,0,0,0,4,1,1,1,62,9,2499,2,4,5,1,5
2016350155298,2,1,0,9,0,8,0,0,0,0,1,1,6,2,66,10,-1,-1,-1,8,1,8
2016350155313,1,9,0,18,0,0,0,0,0,0,1,1,5,1,36,7,2000,1,8,9,2,9
2016350155313,2,19,0,4,0,0,0,0,0,0,2,1,1,1,32,6,1995,2,9,5,3,5
2016350155313,3,19,0,4,0,0,0,0,0,0,2,1,1,1,55,8,1598,2,2,5,2,5
2016350155337,1,9,0,13,0,0,0,0,0,0,4,1,1,1,-1,-1,1995,2,2,-1,-1,-1
2016350155337,2,9,0,18,0,0,0,0,0,0,3,1,5,2,25,5,1560,2,4,4,1,4
2016350155727,1,9,0,5,0,4,0,0,0,0,3,1,1,1,46,8,2497,2,12,2,1,2
2016350155727,2,1,0,16,0,8,0,0,0,0,2,1,1,1,27,6,-1,-1,-1,9,1,9
2016350156937,1,9,0,15,0,1,0,7,7,0,1,1,2,1,46,8,2826,2,18,3,1,3
2016350156937,2,20,0,18,0,1,0,0,0,0,1,1,2,1,27,6,-1,-1,-1,2,3,2
2016350156937,3,21,1,18,0,1,0,0,7,0,1,1,1,1,54,8,10837,2,1,1,1,1
2016350156937,4,9,0,18,0,1,0,0,0,0,1,1,1,2,45,7,1364,1,8,4,2,4
2016350156937,5,9,0,18,0,1,0,0,1,0,1,1,2,1,60,9,-1,-1,-1,4,3,4
2016350158948,1,9,0,18,0,4,0,0,0,0,3,1,6,2,18,4,1242,1,3,2,1,2
2016350158948,2,3,0,9,0,3,0,0,0,0,4,1,6,1,42,7,124,1,2,1,1,1
2016350160805,1,19,0,9,0,1,0,0,0,0,1,1,1,1,26,6,2143,2,2,6,1,6
2016350160805,2,1,0,18,0,1,0,0,0,0,1,1,2,1,23,5,-1,-1,-1,6,1,6
2016350164042,1,9,0,17,0,0,2,0,1,0,1,1,5,1,49,8,-1,-1,-1,3,2,3
2016350165562,1,9,0,4,0,1,0,0,0,0,1,1,3,2,40,7,2143,2,-1,8,3,8
2016350165562,2,9,0,8,0,1,0,0,0,0,2,1,3,1,32,6,1596,1,15,8,3,8
2016350165625,1,9,0,18,0,1,0,0,0,0,1,1,2,1,18,4,998,1,2,8,3,8
2016350165625,2,1,0,7,0,2,0,0,0,0,3,1,6,2,16,4,-1,-1,-1,10,3,10
2016350166223,1,4,0,18,0,0,0,0,0,0,1,1,6,1,67,10,250,1,1,7,3,7
2016350166223,2,16,0,18,0,0,0,0,1,9,2,1,5,2,47,8,-1,-1,-1,9,3,9
2016350166518,1,9,0,7,0,2,0,0,0,0,3,1,6,2,62,9,1149,1,9,5,1,5
2016350166518,2,1,0,18,0,2,0,0,0,0,2,1,6,2,52,8,-1,-1,-1,3,1,3
2016350166564,1,9,0,18,0,0,0,0,0,0,2,1,6,1,-1,-1,4172,1,17,5,1,5
2016350166564,2,9,0,18,0,0,0,0,0,0,1,1,6,1,18,4,1118,1,25,7,3,7
2016350166895,1,9,0,18,0,0,0,0,1,0,4,1,6,1,42,7,1399,2,9,6,3,6
2016350172147,1,9,0,6,0,8,0,0,0,0,4,1,1,1,24,5,1910,2,8,1,1,1
2016350172147,2,3,0,18,0,1,1,0,0,0,1,1,6,1,17,4,125,1,4,2,1,2
2016350172147,3,3,0,18,0,1,1,0,0,0,1,1,6,1,17,4,125,1,3,6,1,6
2016350172291,1,9,0,18,0,0,0,0,1,3,1,1,6,2,56,9,1248,1,7,8,1,8
2016350174914,1,9,0,4,0,0,0,0,0,0,1,1,6,2,-1,-1,1598,1,8,9,3,9
2016350174914,2,21,0,3,0,0,0,0,0,0,2,1,6,1,32,6,12419,2,5,6,1,6
2016350176182,1,11,0,18,0,0,0,0,0,0,1,1,2,1,30,6,1998,2,13,2,1,2
2016350176182,2,9,0,4,0,0,0,0,0,0,2,1,2,2,49,8,1390,1,13,2,1,2
2016350178968,1,9,0,18,0,6,0,0,0,0,1,1,6,1,42,7,1997,2,6,7,1,7
201635T065039,1,9,0,18,0,0,1,0,0,0,1,1,6,1,34,6,1991,1,17,7,3,7
201635T065260,1,9,0,17,0,0,0,0,0,0,1,1,6,1,22,5,1796,1,11,6,3,6
201635T066835,1,9,0,18,0,0,0,0,0,0,1,1,6,1,71,10,2995,1,13,8,2,8
201635T130135,1,9,0,18,0,0,0,0,0,0,2,1,1,2,52,8,-1,-1,-1,4,1,4
201635T130135,2,19,0,18,0,0,0,0,0,0,1,1,6,1,37,7,2198,2,4,3,1,3
2016360041240,1,1,0,13,0,0,0,0,0,0,4,1,6,1,79,11,-1,-1,-1,6,1,6
2016360041240,2,9,0,13,0,0,0,0,0,0,4,1,6,2,17,4,1299,1,16,6,1,6
2016360041507,1,3,0,16,0,0,0,0,0,0,1,1,6,1,30,6,125,1,1,6,1,6
2016360041515,1,9,0,18,0,0,0,0,0,0,1,1,6,2,20,4,1242,1,5,4,1,4
2016360041515,2,9,0,18,0,0,0,0,0,0,2,1,6,2,19,4,1229,1,3,4,3,4
2016360041515,3,9,0,7,0,0,0,0,0,0,0,1,6,1,35,6,1896,2,14,1,1,1
2016360041977,1,9,0,18,0,0,0,0,0,0,4,1,5,1,58,9,-1,-1,-1,7,3,7
2016360042085,1,9,0,18,0,0,5,0,0,0,4,1,6,2,82,11,1199,1,15,4,2,4
2016360042147,1,9,0,5,0,0,0,0,0,0,1,1,6,1,19,4,1400,1,6,3,1,3
2016360042147,2,9,0,18,0,0,0,0,0,0,1,1,6,1,80,11,1386,1,8,3,3,3
2016360042159,1,9,0,18,0,1,0,0,0,0,1,1,6,2,61,9,1395,1,1,7,3,7
2016360042160,1,19,0,7,0,0,0,0,0,0,4,1,6,1,62,9,2402,2,5,5,3,5
2016360042234,1,9,0,5,0,1,0,0,0,0,1,1,6,2,21,5,999,1,6,5,3,5
2016360042234,2,4,0,5,0,1,0,0,0,0,3,1,6,1,18,4,400,1,27,6,3,6
2016360042451,1,9,0,5,0,0,0,0,0,0,3,1,6,2,62,9,1248,1,3,2,1,2
2016360042451,2,9,0,5,0,0,0,0,0,0,3,1,6,1,52,8,-1,-1,-1,-1,-1,-1
2016360042451,3,9,0,5,0,0,0,0,0,0,1,1,6,1,55,8,998,1,3,-1,-1,-1
2016360042468,1,9,0,5,0,0,1,0,3,0,1,1,6,1,86,11,1386,1,9,6,1,6
2016360042591,1,9,0,9,0,8,0,0,0,0,3,1,6,1,55,8,-1,-1,-1,3,3,3
2016360042591,2,9,0,18,0,1,0,0,0,0,1,1,6,1,68,10,1968,2,9,-1,-1,-1
2016360042652,1,3,0,18,0,0,0,0,0,0,2,1,6,1,21,5,124,1,1,2,1,2
2016360042784,1,9,0,5,0,0,0,0,0,0,2,1,6,2,18,4,1149,1,7,6,3,6
2016360042784,2,9,0,5,0,0,0,0,0,0,1,1,6,1,21,5,2148,2,7,10,2,10
2016360042794,1,9,0,7,0,0,1,0,1,0,1,1,6,1,18,4,1596,1,10,-1,-1,-1
2016360042998,1,90,0,18,0,8,0,0,0,0,4,1,1,2,39,7,2987,2,2,6,1,6
2016360042998,2,9,0,18,0,1,0,0,0,0,1,1,6,1,56,9,1796,1,17,1,1,1
2016360043044,1,98,0,18,0,0,0,0,0,0,-1,1,6,3,-1,-1,-1,-1,-1,-1,-1,-1
2016360043308,1,9,0,15,0,1,1,0,1,0,1,1,6,1,24,5,1124,1,14,4,3,4
2016360043308,2,9,0,18,0,1,0,0,0,0,0,1,6,2,41,7,1999,1,10,8,2,8
2016360043362,1,9,0,18,0,0,0,0,0,0,3,1,6,2,59,9,1896,2,15,4,3,4
2016360043362,2,9,0,18,0,0,0,0,0,0,1,1,6,2,25,5,1242,1,17,8,1,8
2016360043447,1,9,0,18,0,0,2,0,8,4,1,1,5,1,20,4,973,1,15,4,3,4
2016360043504,1,9,0,13,0,1,0,0,1,0,1,1,6,1,24,5,1197,1,5,-1,-1,-1
2016360043504,2,17,0,4,0,1,0,0,0,0,2,1,6,1,60,9,6788,2,5,6,2,6
2016360043540,1,9,0,18,0,4,0,0,0,0,1,1,6,2,66,10,1390,1,6,3,1,3
2016360043540,2,5,0,18,0,8,0,0,0,0,4,1,6,1,54,8,1157,1,17,6,2,6
2016360043562,1,9,0,5,0,1,0,0,0,0,1,1,6,2,21,5,1397,1,8,5,3,5
2016360043562,2,9,0,5,0,1,0,0,0,0,2,1,6,2,56,9,1598,1,16,5,2,5
2016360043562,3,9,0,5,0,1,0,0,0,0,2,1,6,2,78,11,1150,1,9,3,3,3
2016360043810,1,9,0,5,0,0,0,0,0,0,1,1,6,3,-1,-1,-1,-1,-1,-1,-1,-1
2016360043846,1,9,0,5,0,2,0,0,0,0,4,1,6,1,89,11,1598,2,3,7,3,7
2016360043846,2,1,0,18,0,8,0,0,0,0,1,1,6,2,38,7,-1,-1,-1,4,1,4
2016360043926,1,1,0,18,0,0,0,0,0,0,-1,1,6,2,49,8,-1,-1,-1,9,1,9
2016360043936,1,9,0,9,0,0,0,0,0,0,1,1,6,1,50,8,1988,2,8,4,3,4
2016360043936,2,9,0,18,0,0,0,0,0,0,1,1,6,1,87,11,1598,1,7,9,2,9
2016360044032,1,-1,0,-1,-1,-1,0,-1,-1,0,-1,1,6,3,-1,-1,-1,-1,-1,-1,-1,-1
2016360044032,2,1,0,-1,-1,-1,0,-1,-1,0,-1,1,6,1,74,10,-1,-1,-1,9,1,9
2016360044076,1,9,0,9,0,0,0,0,0,0,3,1,6,2,30,6,1951,2,13,5,2,5
2016360044120,1,19,0,18,0,0,0,0,0,0,1,1,6,1,46,8,2198,2,1,5,2,5
2016360044120,2,9,0,10,0,0,0,0,0,0,4,1,3,2,45,7,2000,2,7,4,2,4
2016360044173,1,19,0,5,0,1,0,0,0,0,-1,1,6,1,54,8,2287,2,9,4,2,4
2016360044173,2,9,0,5,0,6,0,0,0,0,1,1,6,2,65,9,1398,1,5,9,2,9
2016360044174,1,9,0,14,0,0,0,0,0,0,1,1,6,1,17,4,-1,-1,-1,4,3,4
2016360044174,2,9,0,10,0,0,0,0,0,0,3,1,6,1,54,8,2488,1,9,5,2,5
2016360044348,1,9,0,18,0,0,5,0,1,0,4,1,6,1,37,7,1731,1,17,3,2,3
2016360044416,1,9,0,6,0,0,0,0,0,0,1,1,6,1,36,7,1968,2,9,6,3,6
2016360044683,1,9,0,18,0,0,0,0,0,0,1,1,6,1,43,7,1598,1,3,-1,-1,-1
2016360044720,1,16,0,3,0,0,0,0,0,0,0,1,5,2,47,8,-1,-1,-1,7,3,7
2016360044720,2,9,0,4,0,0,0,0,0,0,0,1,6,1,52,8,-1,-1,-1,6,3,6
2016360044774,1,9,0,4,0,0,0,0,0,0,4,1,6,1,72,10,1586,1,1,4,1,4
2016360044879,1,9,0,1,0,1,0,0,0,0,4,1,6,2,21,5,1388,1,11,4,2,4
2016360044879,2,9,0,18,0,1,0,0,0,0,1,1,6,2,72,10,1968,2,1,7,3,7
2016360044916,1,9,0,18,0,0,0,0,0,0,1,1,6,1,20,4,1390,1,13,7,1,7
2016360044916,2,9,0,4,0,0,0,0,0,0,2,1,6,2,42,7,1598,2,3,4,2,4
2016360044928,1,9,0,18,0,0,0,0,0,0,1,1,6,3,-1,-1,-1,-1,-1,-1,-1,-1
2016360044928,2,9,0,4,0,0,0,0,0,0,2,1,6,1,28,6,1596,1,14,4,1,4
2016360044960,1,9,0,8,0,1,0,0,0,0,0,1,6,1,54,8,1968,2,4,7,3,7
2016360044987,1,9,0,18,0,0,0,0,0,0,1,1,6,1,21,5,1229,1,3,4,2,4
2016360044987,2,9,0,3,0,0,0,0,0,0,2,1,6,2,50,8,1968,2,5,4,3,4
2016360044988,1,3,0,18,0,0,0,0,0,0,1,1,6,1,67,10,125,1,1,6,2,6
2016360044988,2,9,0,4,0,0,0,0,0,0,2,1,6,2,72,10,-1,-1,-1,4,2,4
2016360045003,1,1,0,18,0,1,0,0,0,0,3,1,6,1,-1,-1,-1,-1,-1,-1,-1,-1
2016360045003,2,9,0,7,0,1,0,0,0,0,4,1,6,2,27,6,1997,2,14,1,1,1
2016360045053,1,8,0,5,0,4,0,0,0,0,1,1,6,1,44,7,1956,2,5,5,1,5
2016360045053,2,1,0,18,0,8,0,0,0,0,2,1,6,1,52,8,-1,-1,-1,3,1,3
2016360045308,1,9,0,18,0,0,0,0,0,0,3,1,6,1,42,7,1896,2,14,1,1,1
2016360045308,2,3,0,18,0,0,0,0,0,0,4,1,6,1,18,4,124,1,1,7,1,7
2016360045440,1,9,0,4,0,0,0,0,0,0,2,1,6,3,-1,-1,-1,-1,-1,-1,-1,-1
2016360045440,2,9,0,4,0,0,0,0,0,0,2,1,6,2,56,9,-1,-1,-1,4,1,4
2016360045491,1,9,0,18,0,0,0,0,0,0,1,1,6,1,23,5,1995,2,1,6,1,6
2016360045495,1,9,0,14,0,0,0,0,0,0,1,1,6,2,42,7,1685,2,1,8,1,8
2016360045571,1,9,0,16,0,0,1,0,0,0,1,1,6,2,22,5,2495,2,14,7,3,7
2016360045571,2,9,0,17,0,0,0,0,0,0,1,1,6,2,18,4,1598,1,14,6,3,6
2016360045609,1,9,0,18,0,1,0,0,0,0,1,1,6,2,44,7,2995,1,4,8,3,8
2016360045767,1,9,0,5,0,1,0,0,0,0,1,1,6,2,44,7,1686,2,2,5,3,5
2016360045767,2,9,0,5,0,2,0,0,0,0,2,1,5,2,38,7,1198,1,3,8,3,8
2016360045801,1,1,0,18,0,2,0,0,0,0,1,1,6,1,21,5,-1,-1,-1,10,1,10