Accident_Index,Vehicle_Reference,Vehicle_Type,Towing_and_Articulation,Vehicle_Manoeuvre,Vehicle_Location-Restricted_Lane,Junction_Location,Skidding_and_Overturning,Hit_Object_in_Carriageway,Vehicle_Leaving_Carriageway,Hit_Object_off_Carriageway,1st_Point_of_Impact,Was_Vehicle_Left_Hand_Drive?,Journey_Purpose_of_Driver,Sex_of_Driver,Age_of_Driver,Age_Band_of_Driver,Engine_Capacity_(CC),Propulsion_Code,Age_of_Vehicle,Driver_IMD_Decile,Driver_Home_Area_Type,Vehicle_IMD_Decile
2016360061378,2,9,0,2,0,0,0,0,0,0,4,1,6,2,28,6,1999,1,11,3,2,3
2016360061393,1,9,0,4,0,8,0,0,0,0,4,1,6,1,82,11,1598,2,3,4,3,4
2016360061393,2,9,0,18,0,1,0,0,0,0,1,1,6,1,44,7,2793,1,17,4,2,4
2016360061429,1,9,0,16,0,0,0,0,0,0,1,1,5,1,20,4,1598,1,9,3,2,3
2016360061429,2,9,0,17,0,0,0,0,0,0,1,1,5,1,57,9,998,1,3,5,3,5
2016360061453,1,9,0,18,0,8,0,0,0,0,4,1,6,1,17,4,1360,1,14,6,2,6
2016360061453,2,9,0,9,0,8,0,0,0,0,1,1,6,1,40,7,4172,1,17,4,2,4
2016360061470,1,9,0,18,0,0,0,0,0,0,1,1,5,1,45,7,2261,1,8,4,1,4
2016360061470,2,9,0,4,0,0,0,0,0,0,2,1,6,2,34,6,1969,2,2,8,1,8
2016360061489,1,9,0,9,0,8,0,0,0,0,0,1,6,2,60,9,1397,1,2,4,2,4
2016360061489,2,9,0,18,0,8,5,0,0,0,1,1,6,2,78,11,1240,1,7,6,1,6
2016360061498,1,9,0,18,0,8,0,0,0,0,1,1,6,1,31,6,1984,1,8,1,1,1
2016360061498,2,19,0,18,0,8,0,0,0,0,1,1,6,2,29,6,1248,2,1,4,1,4
2016360061498,3,9,0,4,0,8,0,0,0,0,2,1,6,1,76,11,1870,2,10,4,3,4
2016360061500,1,9,0,13,0,0,0,0,0,0,4,1,5,1,31,6,1968,2,10,1,1,1
2016360061500,2,9,0,18,0,0,5,0,1,9,3,1,6,2,22,5,1341,1,12,10,1,10
2016360061515,1,22,0,18,9,0,0,0,0,0,1,1,6,2,60,9,-1,-1,-1,1,1,1
2016360061528,1,9,0,9,0,5,0,0,0,0,1,1,6,3,-1,-1,-1,-1,-1,-1,-1,-1
2016360061528,2,3,0,18,0,1,0,0,0,0,3,1,6,1,22,5,125,1,-1,8,1,8
2016360061538,1,9,0,18,0,0,0,0,0,0,4,1,6,1,53,8,1560,2,6,9,2,9
2016360061553,1,9,0,5,0,0,0,0,0,0,4,1,6,1,45,7,1796,1,9,2,1,2
2016360061553,2,1,0,18,0,0,5,0,0,0,1,1,6,1,62,9,-1,-1,-1,-1,-1,-1
2016360061575,1,9,0,11,0,8,0,0,0,0,4,1,5,1,85,11,-1,-1,-1,6,3,6
2016360061575,2,9,0,18,0,8,0,0,0,0,3,1,6,2,40,7,1560,2,6,-1,-1,-1
2016360061634,1,9,0,18,0,0,0,0,0,0,4,1,6,2,-1,-1,-1,-1,-1,-1,-1,-1
2016360061634,2,1,0,18,0,0,0,0,0,0,1,1,6,2,19,4,-1,-1,-1,8,3,8
2016360061663,1,9,0,18,0,0,5,0,1,0,4,1,6,2,44,7,1686,2,13,6,3,6
2016360061688,1,9,0,18,0,0,2,0,1,0,1,1,6,2,41,7,1984,1,15,5,2,5
2016360061696,1,9,0,9,0,6,0,0,0,0,1,1,6,2,58,9,998,1,3,6,1,6
2016360061696,2,5,0,18,0,8,0,0,0,0,1,1,6,1,52,8,1462,1,10,2,1,2
2016360061698,1,5,0,18,0,0,1,0,0,0,1,1,6,1,38,7,1237,1,1,7,1,7
2016360061705,1,9,0,4,0,0,0,0,0,0,2,1,6,1,68,10,1968,2,2,8,1,8
2016360061705,2,9,0,4,0,0,0,0,0,0,1,1,6,2,38,7,998,1,14,6,2,6
2016360061705,3,9,0,4,7,0,0,0,0,0,4,1,6,1,35,6,2148,2,8,4,1,4
2016360061712,1,9,0,18,0,0,0,0,0,0,4,1,6,2,-1,-1,-1,-1,-1,-1,-1,-1
2016360062065,1,9,0,9,0,0,0,0,0,0,3,1,6,1,49,8,1598,1,11,9,2,9
2016360062065,2,9,0,14,0,0,0,0,0,0,1,1,6,2,21,5,1598,2,1,2,1,2
2016360062079,1,9,0,3,0,8,0,0,0,0,4,1,6,2,20,4,1390,1,11,10,1,10
2016360062079,2,1,0,3,0,8,0,0,0,0,1,1,6,1,37,7,-1,-1,-1,1,1,1
2016360062115,1,9,0,5,0,4,0,0,0,0,2,1,6,1,43,7,1364,1,-1,1,1,1
2016360062115,2,9,0,18,0,4,0,0,0,0,1,1,6,2,24,5,1686,2,14,5,3,5
2016360062318,1,9,0,7,0,0,0,0,0,0,4,1,1,1,-1,-1,1685,2,2,-1,-1,-1
2016360062318,2,1,0,18,0,0,0,0,0,0,1,1,2,1,26,6,-1,-1,-1,3,1,3
2016360062416,1,9,0,18,0,0,0,0,0,0,1,1,6,1,39,7,1796,1,14,6,1,6
2016360062416,2,9,0,2,0,0,0,0,0,0,2,1,6,3,-1,-1,-1,-1,-1,-1,-1,-1
2016360062416,3,9,0,2,0,0,0,0,0,0,3,1,6,3,-1,-1,-1,-1,-1,-1,-1,-1
2016360062416,4,9,0,2,0,0,0,0,0,0,2,1,6,3,-1,-1,-1,-1,-1,-1,-1,-1
2016360062641,1,19,4,4,0,1,1,0,0,0,1,1,6,1,57,9,-1,-1,-1,6,2,6
2016360062641,2,19,0,3,0,1,0,0,0,0,2,1,6,1,26,6,1968,2,3,6,1,6
2016360062672,1,9,0,18,0,0,0,0,0,0,0,1,6,3,-1,-1,-1,-1,-1,-1,-1,-1
2016360062746,1,1,0,5,0,8,0,0,0,0,1,1,6,1,25,5,-1,-1,-1,4,1,4
2016360062746,2,9,0,5,0,8,0,0,0,0,2,1,6,1,45,7,2204,2,11,5,1,5
2016360062801,1,9,0,9,0,8,0,0,0,0,1,1,6,1,78,11,998,1,14,5,2,5
2016360062801,2,9,0,18,0,8,0,0,0,0,1,1,6,1,69,10,1994,2,12,5,2,5
2016360062845,1,98,1,18,0,8,0,0,0,0,1,1,6,1,38,7,-1,-1,-1,-1,-1,-1
2016360062845,2,19,0,18,0,8,5,0,0,0,3,1,6,1,62,9,1868,2,11,5,3,5
2016360063023,1,9,0,9,0,8,0,0,0,0,2,1,6,2,42,7,1598,1,9,5,3,5
2016360063023,2,1,0,18,0,1,2,0,0,0,1,1,6,1,56,9,-1,-1,-1,7,1,7
2016360063047,1,5,0,18,0,0,5,0,0,0,1,1,6,2,44,7,649,1,6,2,1,2
2016360063047,2,9,0,18,0,0,0,0,0,0,1,1,6,1,71,10,1686,2,3,-1,1,-1
2016360063074,1,9,0,18,0,0,0,0,0,0,4,1,6,1,45,7,1910,2,11,6,3,6
2016360063096,1,3,0,18,0,0,0,0,0,0,1,1,6,1,19,4,124,1,6,5,3,5
2016360063096,2,9,0,4,0,0,0,0,0,0,1,1,6,2,18,4,1364,1,10,5,1,5
2016360063115,1,9,0,5,0,5,0,0,7,11,1,1,6,1,60,9,1598,1,2,5,3,5
2016360063115,2,9,0,18,0,8,1,0,0,0,2,1,6,1,74,10,1905,2,18,5,2,5
2016360063188,1,5,0,4,0,0,0,0,0,0,2,1,6,1,67,10,865,1,6,3,2,3
2016360063188,2,9,0,4,0,0,0,0,0,0,4,1,6,1,49,8,1598,1,4,4,1,4
2016360063190,1,8,0,13,0,8,0,0,7,11,1,1,1,1,53,8,1461,2,2,1,1,1
2016360063190,2,9,0,9,0,1,0,0,0,0,2,1,6,1,23,5,1998,1,20,6,2,6
2016360063305,1,9,0,1,0,0,0,0,0,0,4,1,6,2,43,7,1598,1,14,6,3,6
2016360063388,1,9,0,18,0,0,5,0,7,9,1,1,5,1,20,4,1360,1,20,5,3,5
2016360063388,2,9,0,18,0,0,0,0,0,0,0,1,6,1,48,8,-1,-1,-1,3,1,3
2016360063623,1,9,0,5,0,0,0,0,0,0,1,1,6,2,18,4,1299,1,13,8,1,8
2016360063764,1,9,0,5,0,6,0,0,0,0,4,1,6,1,19,4,1390,1,1,9,2,9
2016360063764,2,5,0,18,0,8,5,0,0,0,1,1,6,1,50,8,999,1,11,4,3,4
2016360064066,2,1,0,5,0,0,0,0,0,0,1,1,2,1,16,4,-1,-1,-1,10,1,10
2016360064066,4,9,0,5,0,0,0,0,0,0,4,1,6,2,23,5,998,1,8,4,3,4
2016360064077,1,9,0,18,0,0,0,0,0,0,1,1,6,1,-1,-1,-1,-1,-1,-1,-1,-1
2016360064358,1,9,0,18,0,0,0,0,0,0,3,1,6,1,-1,-1,1598,1,16,5,3,5
2016360064358,2,9,0,18,0,0,0,0,0,0,3,1,6,1,60,9,1598,1,5,10,1,10
2016360064713,1,11,0,16,0,0,0,0,0,0,3,1,1,1,56,9,4250,2,6,5,2,5
2016360064713,2,11,0,17,0,0,0,0,0,0,0,1,1,1,58,9,9000,2,5,5,1,5
2016360064790,1,8,0,18,0,8,0,0,0,0,1,1,1,1,41,7,2143,2,3,1,1,1
2016360064790,2,9,0,18,0,8,1,0,0,0,4,1,6,1,69,10,1242,1,3,4,3,4
2016360064790,3,9,0,18,0,8,0,0,0,0,3,1,6,2,44,7,1242,1,13,2,1,2
2016360064809,1,9,0,5,0,6,0,0,0,0,1,1,6,1,43,7,1956,2,3,8,1,8
2016360064809,2,9,0,18,0,8,0,0,0,0,1,1,6,1,67,10,-1,-1,-1,6,3,6
2016360064857,1,9,0,18,0,8,0,0,0,0,1,1,6,1,37,7,-1,-1,-1,2,1,2
2016360064857,2,9,0,18,0,8,0,0,0,0,2,1,6,2,21,5,1398,1,1,3,1,3
2016360064912,1,9,0,18,0,0,1,0,7,4,1,1,6,1,25,5,1783,1,14,5,3,5
2016360064944,1,98,0,1,0,0,0,0,0,0,2,1,6,1,55,8,-1,-1,-1,-1,-1,-1
2016360064944,2,3,0,18,0,0,0,0,0,0,4,1,6,1,17,4,125,1,11,8,1,8
2016360064987,1,9,0,18,0,0,2,10,1,1,1,1,6,1,21,5,-1,-1,-1,1,1,1
2016360065025,1,9,0,5,0,4,0,0,0,0,1,1,6,1,68,10,1364,1,1,6,2,6
2016360065025,2,1,0,18,0,8,0,0,0,0,4,1,6,1,16,4,-1,-1,-1,8,3,8
2016360065071,1,9,0,17,0,0,1,0,0,0,4,1,6,1,19,4,-1,-1,-1,8,2,8
2016360065076,1,9,0,18,0,0,0,0,0,0,4,1,6,2,76,11,1339,1,2,10,2,10
2016360065076,2,5,0,18,0,0,0,0,0,0,1,1,6,1,57,9,798,1,3,8,2,8
2016360065092,1,9,0,4,0,8,0,0,1,0,4,1,6,1,30,6,-1,-1,-1,2,1,2
2016360065219,1,9,0,18,0,0,0,0,0,0,4,1,6,3,-1,-1,-1,-1,-1,-1,-1,-1
2016360065229,1,1,0,13,0,0,0,0,0,0,1,1,4,1,12,3,-1,-1,-1,7,2,7
2016360065229,2,9,0,5,0,0,0,0,0,0,1,1,6,1,50,8,1753,2,10,4,1,4
2016360065238,1,9,0,4,0,0,0,0,0,0,1,1,6,2,26,6,1197,1,-1,4,2,4
2016360065238,2,9,0,4,0,0,0,0,0,0,2,1,6,1,34,6,1796,1,15,8,1,8
2016360065342,1,9,0,9,0,8,0,0,0,0,1,1,6,1,30,6,-1,-1,-1,3,1,3
2016360065504,1,19,0,5,0,4,0,0,0,0,1,1,6,1,46,8,1968,2,2,2,1,2
2016360065504,2,9,0,5,0,4,0,0,0,0,2,1,6,1,38,7,1870,2,11,6,1,6
2016360065612,1,9,0,4,0,1,0,0,1,0,1,1,6,1,56,9,1984,1,4,10,1,10
2016360065612,2,9,0,3,0,1,0,0,0,0,2,1,6,1,19,4,1388,1,11,9,1,9
2016360065612,3,9,0,3,0,1,0,0,0,0,0,1,6,2,50,8,1968,2,1,9,1,9
2016360065878,1,9,0,18,0,8,0,0,0,0,4,1,6,1,18,4,1368,1,6,5,3,5
2016360065878,2,9,0,18,0,8,0,0,0,0,4,1,6,1,47,8,1596,1,9,4,3,4
2016360065909,1,9,0,18,0,0,0,0,0,0,1,1,6,1,67,10,1589,1,17,6,2,6
2016360065909,2,9,0,10,0,0,0,0,0,0,2,1,6,1,71,10,2435,1,20,6,3,6
2016360066028,1,9,0,13,0,1,0,0,0,0,2,1,6,2,24,5,1390,1,15,2,1,2
2016360066028,2,3,0,18,0,1,0,0,0,0,2,1,6,1,65,9,125,1,6,10,1,10
2016360066545,1,9,0,4,0,0,0,0,0,0,2,1,6,1,73,10,-1,-1,-1,6,2,6
2016360066545,2,21,0,18,0,0,0,0,0,0,1,1,6,1,31,6,12130,2,16,5,2,5
2016360066545,3,9,0,18,0,0,0,0,0,0,1,1,6,2,39,7,1198,1,10,3,1,3
2016360066615,1,9,0,10,0,1,0,0,0,0,3,1,6,1,38,7,1968,2,3,6,1,6
2016360066615,2,5,0,18,0,1,0,0,0,0,3,1,6,1,30,6,675,1,9,7,3,7
2016360066630,1,9,0,18,0,0,0,0,0,0,3,1,6,2,54,8,1995,2,2,5,2,5
2016360066630,2,5,0,13,0,0,0,0,0,0,1,1,6,2,42,7,599,1,17,9,1,9
2016360066652,1,9,0,13,0,0,0,0,7,9,4,1,6,1,23,5,1995,2,4,3,1,3
2016360066652,2,9,0,18,0,0,0,0,0,0,3,1,6,1,39,7,1560,2,3,2,1,2
2016360066734,1,9,0,13,0,0,0,0,1,0,1,1,6,1,34,6,1596,1,12,5,3,5
2016360066734,2,9,0,18,0,0,0,0,1,0,1,1,6,1,19,4,1229,1,8,5,2,5
2016360066746,1,9,0,4,0,0,0,0,0,0,1,1,5,1,42,7,1968,2,5,3,1,3
2016360066746,2,9,0,4,0,0,0,0,0,0,1,1,6,2,39,7,-1,-1,-1,6,2,6
2016360066746,3,9,0,4,0,0,0,0,0,0,2,1,6,2,46,8,1598,2,4,5,3,5
2016360066957,1,9,0,18,0,0,0,0,0,0,4,1,6,3,-1,-1,-1,-1,-1,-1,-1,-1
2016360066957,2,9,0,18,0,0,0,0,0,0,4,1,6,1,43,7,1997,2,7,2,3,2
2016360066975,1,9,0,1,0,2,0,0,0,0,2,1,6,1,22,5,1781,1,16,5,1,5
2016360066975,2,5,0,3,0,2,0,0,0,0,1,1,6,1,44,7,659,1,10,4,1,4
2016360067040,1,9,0,18,0,0,0,0,0,0,3,1,6,2,-1,-1,1329,1,6,3,1,3
2016360067054,1,9,0,9,0,5,0,0,0,0,4,1,6,1,24,5,1360,1,15,9,1,9
2016360067054,2,1,0,18,0,8,0,0,0,0,1,1,6,2,35,6,-1,-1,-1,7,1,7
2016360067205,1,9,0,18,0,0,5,12,1,0,1,1,6,2,72,10,1364,1,6,4,3,4
2016360067237,1,9,0,4,0,1,0,0,0,0,1,1,6,2,23,5,1596,1,11,9,1,9
2016360067237,2,9,0,4,0,2,0,0,0,0,2,1,5,2,35,6,3226,2,13,-1,-1,-1
2016360067493,1,19,0,9,0,6,0,0,0,0,1,1,6,1,44,7,1560,2,4,7,1,7
2016360067493,2,2,0,14,0,8,0,0,0,0,1,1,6,1,18,4,49,1,5,9,1,9
2016360067575,1,9,0,13,0,0,0,0,0,0,3,1,6,1,36,7,1461,2,2,4,1,4
2016360067575,2,1,0,18,0,0,0,0,0,0,2,1,6,1,13,3,-1,-1,-1,4,1,4
2016360067869,2,9,0,18,0,0,0,0,1,1,1,1,6,1,65,9,998,1,1,9,3,9
2016360067869,3,9,0,18,0,0,0,0,0,0,1,1,6,1,74,10,1598,2,6,4,3,4
2016360068251,1,9,0,17,0,0,0,0,0,0,1,1,6,1,31,6,1200,1,1,7,2,7
2016360068251,2,9,0,16,0,0,0,0,0,0,1,1,6,2,73,10,1360,1,3,5,3,5
2016360068259,1,1,0,11,0,2,5,0,0,0,4,1,6,1,28,6,-1,-1,-1,8,1,8
2016360068259,2,9,0,18,0,2,0,0,0,0,1,1,6,1,20,4,1598,1,10,9,1,9
2016360068350,1,9,0,18,0,0,0,0,0,0,1,1,6,2,44,7,1598,1,11,2,1,2
2016360068350,2,1,0,18,0,0,0,0,0,0,1,1,4,1,12,3,-1,-1,-1,4,1,4
2016360068377,1,9,0,18,0,0,0,0,0,0,1,1,6,2,61,9,987,1,25,3,2,3
2016360068398,1,9,0,18,0,0,0,0,7,2,1,1,6,1,46,8,-1,-1,-1,2,1,2
2016360068398,2,9,0,7,0,0,0,0,0,0,3,1,6,1,26,6,1299,1,15,1,1,1
2016360068426,1,9,0,7,0,8,0,0,0,0,1,1,6,2,23,5,1229,1,1,5,2,5
2016360068426,2,9,0,18,0,8,0,0,0,0,1,1,6,1,23,5,1596,1,12,5,3,5
2016360068437,1,19,0,18,0,0,0,0,0,0,4,1,6,1,41,7,2143,2,3,8,1,8
2016360068437,2,5,0,18,0,0,0,0,0,0,4,1,6,1,40,7,599,1,12,9,3,9
2016360068437,3,9,0,18,0,0,0,0,0,0,3,1,6,1,54,8,2993,2,3,4,3,4
2016360068512,1,9,0,18,0,0,0,0,1,0,1,1,6,2,46,8,1242,1,5,7,2,7
2016360068512,2,9,0,2,6,0,0,0,0,0,2,1,6,3,-1,-1,-1,-1,-1,-1,-1,-1
2016360068595,1,9,0,9,0,8,0,0,0,0,1,1,6,1,32,6,2184,2,10,5,3,5
2016360068595,2,5,0,18,0,8,0,0,0,0,4,1,6,2,57,9,-1,-1,-1,5,3,5
2016360068598,1,9,0,18,0,0,2,10,1,11,1,1,6,1,20,4,1560,2,10,6,3,6
2016360068599,1,9,0,18,0,8,0,0,5,0,1,1,6,1,54,8,1398,1,6,5,3,5
2016360068601,1,98,0,18,0,8,0,0,0,0,1,1,6,3,-1,-1,-1,-1,-1,-1,-1,-1
2016360068601,2,1,0,18,0,8,0,0,0,0,0,1,6,1,70,10,-1,-1,-1,1,1,1
2016360068645,1,9,0,18,0,0,0,0,1,0,4,1,6,1,29,6,1896,1,17,4,2,4
2016360068645,2,9,0,18,0,0,0,0,0,0,3,1,6,1,77,11,1995,2,4,7,3,7
2016360068786,1,9,0,16,0,0,0,0,0,0,1,1,6,1,25,5,1396,1,19,4,1,4
2016360068786,2,9,0,18,0,0,0,0,0,0,1,1,6,2,54,8,1124,1,12,5,3,5
2016360068788,1,9,0,13,0,8,0,0,0,0,4,1,1,1,-1,-1,1998,2,11,7,2,7
2016360068788,2,9,0,18,0,8,0,0,0,0,2,1,6,2,22,5,1198,1,6,4,1,4
2016360068817,1,3,0,9,0,1,0,0,0,0,2,1,6,1,49,8,125,1,4,6,2,6
2016360068817,2,9,0,18,0,8,0,0,0,0,4,1,6,2,48,8,1598,2,6,1,1,1
2016360068824,1,9,0,16,0,0,0,4,0,0,3,1,6,1,42,7,5204,1,9,6,3,6
2016360068824,2,90,0,2,0,0,0,0,0,0,4,1,6,3,-1,-1,-1,-1,-1,-1,-1,-1
2016360068829,1,9,0,18,0,0,0,0,0,0,4,1,6,2,52,8,3628,2,9,4,2,4
2016360068829,2,9,0,18,0,0,0,0,0,0,3,1,6,2,45,7,1997,2,12,5,3,5
2016360068902,1,9,0,4,0,1,0,0,0,0,1,1,6,1,89,11,1598,1,11,6,1,6
2016360068902,2,9,0,3,0,1,0,0,0,0,2,1,6,1,32,6,1242,1,4,2,1,2
2016360068920,1,97,0,18,0,0,0,0,0,0,1,1,6,3,-1,-1,-1,-1,-1,-1,-1,-1
2016360068924,1,9,0,18,0,0,0,0,0,0,1,1,6,1,57,9,-1,-1,-1,4,1,4
2016360068925,1,9,0,18,0,1,0,0,0,0,1,1,6,1,30,6,-1,-1,-1,9,1,9
2016360068925,2,9,0,18,0,2,0,0,0,0,2,1,6,2,34,6,1360,1,9,10,1,10
2016360069244,1,9,0,18,0,0,0,0,0,0,3,1,6,1,65,9,1798,1,3,6,1,6
2016360069244,2,9,0,18,0,0,0,0,0,0,3,1,6,1,71,10,1560,2,4,4,1,4
2016360069410,1,9,0,9,0,1,0,0,0,0,3,1,6,1,36,7,-1,-1,-1,7,1,7
2016360069410,2,11,0,18,0,1,0,0,0,0,1,1,1,2,51,8,4250,2,12,2,1,2
2016360069410,3,9,0,18,0,2,0,0,0,0,1,1,6,1,40,7,1896,2,16,6,1,6
2016360069453,1,9,0,10,0,1,0,0,0,0,1,1,6,2,28,6,1368,1,2,5,2,5
2016360069453,2,9,0,18,0,2,0,0,0,0,4,1,6,1,30,6,1997,2,14,9,3,9
2016360069620,1,11,0,18,0,1,0,0,0,0,0,1,6,1,25,5,9360,2,5,9,2,9
2016360069641,1,9,0,1,0,0,0,0,0,0,2,1,6,1,26,6,3000,1,15,8,3,8
2016360069641,2,9,0,2,0,0,0,0,0,0,1,1,6,2,19,4,1149,1,9,7,1,7
2016360069660,1,9,0,18,0,4,0,0,0,0,3,1,6,3,-1,-1,-1,-1,-1,-1,-1,-1
2016360069660,2,9,0,18,0,4,0,0,0,0,4,1,6,2,49,8,1086,1,10,7,1,7
2016360069732,1,9,0,10,0,1,0,0,0,0,4,1,6,1,65,9,1910,2,8,7,3,7
2016360069732,2,9,0,18,0,8,0,0,0,0,1,1,6,1,46,8,2200,1,16,9,3,9
2016360069914,1,19,0,18,0,0,0,0,0,0,4,1,6,1,55,8,1499,2,1,4,1,4
2016360069941,1,9,0,5,0,1,0,0,0,0,0,1,1,1,35,6,-1,-1,-1,6,1,6
2016360069941,2,1,0,18,0,1,0,0,0,0,2,1,6,1,19,4,-1,-1,-1,8,1,8
2016360069944,1,9,0,18,0,0,0,0,0,0,1,1,6,1,61,9,1995,2,8,6,1,6
2016360069944,2,9,0,18,0,0,0,0,0,0,2,1,6,1,49,8,1685,2,4,4,1,4
2016360069979,1,9,0,4,0,0,0,0,0,0,1,1,6,1,58,9,-1,-1,-1,3,3,3
2016360069979,2,9,0,4,0,0,0,0,0,0,2,1,6,2,51,8,1870,2,15,5,3,5
2016360069979,3,17,5,18,0,0,0,0,0,0,0,1,1,1,26,6,4525,2,1,6,3,6
2016360070008,1,9,0,18,0,8,0,0,0,0,1,1,6,1,58,9,1299,1,15,6,3,6
2016360070008,2,1,0,18,0,8,0,0,0,0,0,1,6,1,41,7,-1,-1,-1,4,1,4
2016360070017,1,9,0,16,0,0,0,0,0,0,1,1,6,1,18,4,1332,1,10,5,3,5
2016360070045,1,9,0,9,0,0,0,0,0,0,3,1,6,2,47,8,1956,2,-1,1,1,1
2016360070045,2,9,0,18,0,0,0,0,0,0,4,1,6,1,38,7,-1,-1,-1,2,1,2
2016360070069,1,90,0,18,0,0,0,0,0,0,0,1,6,1,37,7,2987,2,2,8,3,8
2016360070069,2,9,0,4,0,0,0,0,0,0,1,1,6,1,64,9,1598,1,2,2,1,2
2016360070069,3,9,0,7,0,0,0,0,0,0,2,1,6,1,48,8,1798,1,8,10,1,10
2016360070088,1,9,0,18,0,0,0,4,0,0,1,1,6,1,53,8,1896,2,14,7,3,7
2016360070088,2,9,0,2,0,0,0,0,1,11,1,1,6,1,48,8,1560,2,4,7,3,7
2016360070103,1,9,0,18,0,0,0,0,1,4,4,1,6,1,50,8,2198,1,11,6,2,6
2016360070105,1,9,0,18,0,0,0,0,0,0,3,1,6,1,52,8,1598,1,13,8,1,8
2016360070105,2,9,0,18,0,0,0,0,0,0,1,1,6,1,81,11,1560,2,3,2,1,2
2016360070118,1,9,0,18,0,0,0,0,0,0,1,1,5,1,40,7,1998,1,9,4,1,4
2016360070118,2,9,0,18,0,0,0,0,0,0,1,1,6,1,44,7,1598,2,1,10,2,10
2016360070118,3,9,0,18,0,0,0,0,0,0,1,1,6,1,35,6,2993,2,4,10,1,10
2016360070124,1,9,0,18,0,0,0,0,0,0,1,1,6,1,46,8,1461,2,11,4,3,4
2016360070141,1,9,0,18,0,1,0,0,0,0,1,1,6,1,26,6,1595,1,19,2,1,2
2016360070141,2,9,0,2,0,2,0,0,0,0,2,1,6,3,-1,-1,-1,-1,-1,-1,-1,-1
2016360070203,1,9,0,5,0,8,0,0,0,0,1,1,6,1,45,7,2429,1,11,3,1,3
2016360070203,2,9,0,18,0,8,0,0,0,0,1,1,6,1,20,4,-1,-1,-1,1,1,1
2016360070234,1,9,0,18,0,0,0,0,0,0,1,1,6,2,45,7,1199,1,17,4,2,4
2016360070234,2,9,0,18,0,0,0,0,0,0,0,1,6,2,53,8,1598,1,9,5,2,5
2016360070266,1,9,0,18,0,1,0,0,0,0,1,1,6,2,46,8,1997,2,-1,8,1,8
2016360070266,2,9,0,18,0,1,0,0,0,0,1,1,6,1,52,8,1364,1,6,8,1,8
2016360070266,3,9,0,18,0,1,0,0,0,0,0,1,6,2,68,10,998,1,1,4,2,4
2016360070282,1,3,0,18,0,0,0,0,0,0,1,1,6,2,20,4,125,1,12,7,2,7
2016360070282,2,9,0,2,0,0,0,0,0,0,2,1,6,1,54,8,2776,2,10,10,1,10
2016360070395,1,9,0,5,0,0,0,0,0,0,1,1,6,1,27,6,1598,1,14,10,1,10
2016360070395,2,2,0,18,0,0,0,0,0,0,1,1,6,1,17,4,49,1,4,7,3,7
2016360070460,1,9,0,18,0,8,0,0,0,0,1,1,6,1,18,4,1242,1,9,6,1,6
2016360070460,2,9,0,18,0,1,0,0,0,0,1,1,6,2,50,8,847,1,19,-1,-1,-1
2016360070541,2,9,0,18,0,0,0,0,0,0,3,1,6,1,62,9,1896,2,15,4,3,4
2016360070541,3,9,0,18,0,0,0,0,0,0,3,1,6,1,68,10,1598,2,3,8,1,8
2016360070567,1,9,0,18,0,8,0,0,0,0,0,1,2,1,32,6,1968,2,9,8,1,8
2016360070567,2,2,0,18,0,8,0,0,0,0,0,1,2,2,41,7,50,1,1,8,1,8
2016360070587,1,5,0,9,0,6,0,0,0,0,0,1,6,1,56,9,805,1,15,4,3,4
2016360070587,2,9,0,18,0,8,0,0,0,0,1,1,6,1,70,10,1956,2,3,2,1,2
2016360070692,1,9,0,7,0,0,0,0,0,0,3,1,6,1,68,10,1497,1,15,5,3,5
2016360070692,2,9,0,18,0,0,0,0,0,0,1,1,6,1,51,8,2494,2,4,5,3,5
2016360070760,1,9,0,1,0,0,0,0,0,0,2,1,6,2,32,6,1360,1,14,2,3,2
2016360070789,1,9,0,18,0,1,0,0,0,0,1,1,6,1,24,5,-1,-1,-1,10,1,10
2016360070789,2,9,0,18,0,1,0,0,0,0,4,1,6,1,62,9,1560,2,1,6,3,6
2016360070830,1,9,0,18,0,2,0,0,0,0,1,1,6,1,27,6,1400,1,17,-1,-1,-1
2016360070830,2,9,0,7,0,2,0,0,0,0,1,1,6,2,28,6,1388,1,5,4,1,4
2016360070884,1,9,0,7,0,6,0,0,0,0,3,1,6,2,69,10,1242,1,8,9,2,9
2016360070884,2,9,0,18,0,8,0,0,0,0,1,1,6,1,29,6,1998,2,11,8,3,8
2016360070916,1,9,0,4,0,0,0,0,0,0,1,1,6,2,33,6,1686,2,8,4,3,4
2016360070916,2,9,0,4,0,0,0,0,0,0,2,1,6,2,44,7,1298,1,16,5,3,5
2016360070956,1,9,0,18,0,8,0,0,0,0,3,1,6,2,74,10,1796,1,16,5,3,5
2016360070956,2,9,0,18,0,8,5,0,0,0,4,1,6,1,57,9,1461,2,1,3,1,3
2016360070992,1,19,0,10,0,2,0,0,0,0,2,1,6,1,30,6,2198,2,6,-1,-1,-1
2016360070992,2,1,0,10,0,1,0,0,0,0,1,1,6,2,28,6,-1,-1,-1,1,1,1
2016360071121,1,9,0,17,0,0,5,0,1,10,1,1,6,2,19,4,995,1,10,8,1,8