Accident_Index,Vehicle_Reference,Vehicle_Type,Towing_and_Articulation,Vehicle_Manoeuvre,Vehicle_Location-Restricted_Lane,Junction_Location,Skidding_and_Overturning,Hit_Object_in_Carriageway,Vehicle_Leaving_Carriageway,Hit_Object_off_Carriageway,1st_Point_of_Impact,Was_Vehicle_Left_Hand_Drive?,Journey_Purpose_of_Driver,Sex_of_Driver,Age_of_Driver,Age_Band_of_Driver,Engine_Capacity_(CC),Propulsion_Code,Age_of_Vehicle,Driver_IMD_Decile,Driver_Home_Area_Type,Vehicle_IMD_Decile
2016360083566,2,9,0,18,0,0,0,0,0,0,1,1,6,1,56,9,-1,-1,-1,3,3,3
2016360083592,1,9,0,18,0,8,0,0,0,0,1,1,6,1,54,8,1598,1,11,2,1,2
2016360083592,2,9,0,-1,0,8,0,0,0,0,1,1,6,2,45,7,898,1,1,3,1,3
2016360083592,3,3,0,18,0,8,0,0,0,0,1,1,6,1,47,8,123,1,29,8,1,8
2016360083600,1,9,0,9,0,0,0,0,0,0,1,1,6,1,40,7,-1,-1,-1,1,1,1
2016360083600,2,9,0,18,0,0,0,0,0,0,1,1,6,1,26,6,1364,1,7,8,1,8
2016360083603,1,9,0,18,0,0,0,11,8,1,1,1,6,1,20,4,1289,1,19,6,3,6
2016360083625,1,9,0,-1,0,0,0,0,0,0,1,1,6,1,54,8,-1,-1,-1,8,1,8
2016360083625,2,21,0,-1,-1,0,0,0,0,0,-1,1,1,1,55,8,12777,2,1,9,3,9
2016360083896,1,9,0,18,0,1,0,0,0,0,1,1,6,1,21,5,1588,1,15,2,1,2
2016360083896,2,9,0,4,0,2,0,0,0,0,2,1,6,1,43,7,1398,1,13,2,1,2
2016360083970,1,9,0,18,0,0,0,0,0,0,1,1,6,1,36,7,1686,2,8,5,3,5
2016360083998,1,9,0,7,0,8,0,0,0,0,4,1,6,1,76,11,1997,2,14,4,3,4
2016360083998,2,9,0,7,0,1,0,0,0,0,3,1,1,2,21,5,1149,1,12,1,1,1
2016360084052,1,9,0,7,0,0,5,0,1,0,4,1,6,1,23,5,1242,1,9,10,2,10
2016360084153,1,21,1,18,0,1,5,0,7,0,3,1,1,1,32,6,6870,2,5,8,1,8
2016360084181,1,9,0,18,0,0,0,0,0,0,3,1,6,1,75,10,1398,1,13,2,1,2
2016360084217,1,9,0,18,0,1,5,0,0,0,1,1,6,1,-1,-1,-1,-1,-1,-1,-1,-1
2016360084217,2,3,0,3,0,1,5,0,0,0,2,1,6,1,40,7,125,1,1,1,1,1
2016360084301,1,9,0,18,0,1,0,0,0,0,4,1,6,1,-1,-1,1999,1,7,-1,-1,-1
2016360084329,1,9,0,16,0,0,0,0,0,0,1,1,6,2,36,7,1360,1,15,7,3,7
2016360084406,1,9,0,1,-1,0,0,0,0,0,-1,1,5,1,72,10,1497,1,14,7,2,7
2016360084425,1,9,0,9,0,0,0,0,0,0,1,1,6,2,26,6,998,1,17,6,3,6
2016360084429,1,9,0,9,0,8,0,0,0,0,1,1,5,1,47,8,1896,2,13,7,3,7
2016360084434,1,1,0,17,0,0,0,0,0,0,1,1,6,3,-1,-1,-1,-1,-1,-1,-1,-1
2016360084449,1,9,0,4,0,0,0,0,0,0,1,1,6,1,29,6,1242,1,11,2,1,2
2016360084449,2,9,0,18,0,0,0,0,0,0,1,1,6,2,22,5,1686,2,9,6,3,6
2016360084505,1,11,0,5,0,0,0,0,0,0,0,1,1,1,56,9,8268,2,14,8,1,8
2016360084505,2,19,0,18,0,0,0,0,0,0,0,1,6,1,29,6,2198,2,8,-1,-1,-1
2016360084648,1,3,0,18,0,0,0,0,0,0,1,1,6,1,20,4,108,1,3,4,2,4
2016360084648,2,9,0,18,0,0,0,0,0,0,3,1,6,2,31,6,1149,1,11,6,3,6
2016360084719,1,9,0,7,0,8,0,0,0,0,1,1,6,1,-1,-1,1598,1,6,-1,-1,-1
2016360084719,2,9,0,18,0,8,0,0,0,0,1,1,5,1,37,7,1388,1,10,8,1,8
2016360085088,1,9,0,18,0,8,0,0,0,0,1,1,2,2,53,8,1299,1,11,10,1,10
2016360085088,2,1,0,9,0,8,5,0,0,0,1,1,2,2,19,4,-1,-1,-1,9,1,9
2016360085090,2,5,0,18,0,0,2,0,0,0,1,1,6,1,57,9,745,1,-1,5,1,5
2016360085111,1,9,0,18,0,0,0,0,0,0,4,1,6,1,63,9,1461,2,6,4,3,4
2016360085126,1,9,0,18,0,2,0,0,0,0,2,1,6,2,52,8,1242,1,10,2,1,2
2016360085126,2,1,0,18,0,2,5,0,0,0,3,1,6,2,68,10,-1,-1,-1,8,1,8
2016360085141,1,9,0,18,0,1,0,0,0,0,1,1,5,2,78,11,2295,1,14,9,1,9
2016360085141,2,1,0,18,0,8,0,0,0,0,1,1,2,1,36,7,-1,-1,-1,1,1,1
2016360085155,1,9,0,17,0,0,1,0,3,9,1,1,5,2,23,5,1299,1,9,8,1,8
2016360085170,1,9,0,5,0,0,0,0,0,0,4,1,6,1,32,6,1597,1,17,9,3,9
2016360085170,2,1,0,18,0,0,5,0,0,0,1,1,6,1,-1,-1,-1,-1,-1,-1,-1,-1
2016360085193,1,9,0,18,0,8,0,0,0,0,4,1,6,1,62,9,1997,2,3,7,1,7
2016360085193,2,9,0,18,0,8,0,0,0,0,4,1,6,1,61,9,-1,-1,-1,5,3,5
2016360085248,1,9,0,18,0,0,0,0,0,0,3,1,6,3,-1,-1,-1,-1,-1,-1,-1,-1
2016360085258,1,9,0,18,0,0,0,0,0,0,3,1,6,1,20,4,1390,1,15,1,1,1
2016360085258,2,9,0,11,0,0,0,0,0,0,4,1,6,2,46,8,1598,2,3,8,1,8
2016360085398,1,9,0,18,0,0,0,0,0,0,1,1,6,1,56,9,1240,1,8,6,1,6
2016360085398,2,9,0,18,0,0,0,0,0,0,2,1,6,1,55,8,1388,1,4,4,1,4
2016360085402,1,9,0,18,0,8,0,0,0,0,1,1,6,2,21,5,-1,-1,-1,4,1,4
2016360085402,2,9,0,18,0,8,0,0,0,0,2,1,6,1,22,5,-1,-1,-1,9,2,9
2016360085411,1,9,0,18,0,8,0,0,0,0,1,1,6,2,49,8,2148,2,9,5,3,5
2016360085411,2,9,0,9,0,8,0,0,0,0,1,1,6,1,55,8,1596,1,8,10,2,10
2016360085421,1,9,0,18,0,0,1,0,0,0,1,1,6,2,67,10,-1,-1,-1,4,1,4
2016360085421,2,9,0,18,0,0,0,0,0,0,1,1,6,1,42,7,2143,2,2,8,2,8
2016360085421,3,9,0,18,0,0,0,0,0,0,1,1,6,2,91,11,1461,2,6,6,3,6
2016360085444,1,9,0,18,0,8,0,0,0,0,4,1,6,1,70,10,1598,1,3,-1,-1,-1
2016360085444,2,5,0,17,0,1,0,0,0,0,1,1,1,1,32,6,1170,1,2,10,1,10
2016360085449,1,9,0,18,0,0,0,0,0,0,1,1,6,2,33,6,1598,2,3,2,1,2
2016360085449,2,8,0,18,0,0,0,0,0,0,2,1,6,1,52,8,1598,2,2,5,3,5
2016360085449,3,9,0,18,0,0,0,0,0,0,2,1,6,1,42,7,1995,2,1,7,3,7
2016360085467,1,9,0,10,0,1,0,0,0,0,1,1,6,2,60,9,2199,2,2,4,3,4
2016360085467,2,9,0,18,0,1,0,0,0,0,1,1,6,1,54,8,-1,-1,-1,-1,-1,-1
2016360085470,1,9,0,9,0,0,0,0,0,0,4,1,3,2,59,9,1360,1,8,9,1,9
2016360085470,2,9,0,18,0,0,0,0,0,0,3,1,2,1,74,10,-1,-1,-1,5,2,5
2016360085491,1,9,0,18,0,1,0,0,0,0,1,1,5,1,29,6,1596,1,20,7,1,7
2016360085491,2,21,0,3,0,1,0,0,0,0,2,1,1,1,29,6,10800,2,2,2,1,2
2016360085581,1,9,0,7,0,1,5,0,1,0,3,1,6,2,84,11,1299,1,15,6,3,6
2016360085598,1,90,0,18,0,0,0,0,0,0,1,1,6,1,-1,-1,-1,-1,-1,-1,-1,-1
2016360085598,2,9,0,18,0,0,0,0,0,0,1,1,6,1,62,9,1600,2,7,7,2,7
2016360085655,1,9,0,18,0,0,0,10,0,0,0,1,6,2,81,11,898,1,3,6,1,6
2016360085655,2,9,0,18,0,0,0,0,1,0,4,1,6,1,69,10,1968,2,2,4,1,4
2016360085717,1,9,0,18,0,0,1,0,0,0,1,1,6,1,68,10,1149,1,9,9,1,9
2016360085717,2,9,4,18,0,0,0,0,0,0,1,1,6,1,72,10,1984,1,19,7,3,7
2016360085719,1,9,0,18,0,0,0,0,0,0,3,1,6,1,18,4,1910,2,8,6,1,6
2016360085719,2,9,0,18,0,0,0,0,0,0,1,1,6,1,19,4,1330,1,20,8,1,8
2016360085769,1,9,0,18,0,0,0,0,0,0,1,1,6,1,67,10,-1,-1,-1,8,1,8
2016360085769,2,9,0,18,0,0,0,0,0,0,1,1,6,2,30,6,1242,1,8,3,3,3
2016360085842,1,9,0,18,0,1,0,0,0,0,1,1,6,2,58,9,875,1,-1,7,3,7
2016360085842,2,9,0,9,0,1,0,0,0,0,4,1,6,1,53,8,-1,-1,-1,3,2,3
2016360085845,1,98,0,18,0,0,0,10,0,0,4,1,6,3,-1,-1,-1,-1,-1,-1,-1,-1
2016360085870,1,9,0,18,0,0,0,0,0,0,4,1,6,1,45,7,2191,2,-1,4,3,4
2016360085870,2,1,0,18,0,0,0,0,0,0,3,1,6,1,48,8,-1,-1,-1,2,3,2
2016360085987,1,9,0,18,0,0,0,0,0,0,1,1,6,1,22,5,-1,-1,-1,8,1,8
2016360085987,2,9,0,18,0,0,0,0,0,0,2,1,6,1,63,9,2179,2,3,5,3,5
2016360086165,1,9,0,18,0,0,5,4,0,0,1,1,6,2,27,6,1686,2,13,2,1,2
2016360086165,2,9,0,2,0,0,0,0,0,0,1,1,6,1,43,7,1995,2,2,6,1,6
2016360086165,3,9,0,2,0,0,0,0,0,0,1,1,6,1,-1,-1,1560,2,10,1,1,1
2016360086364,1,9,0,18,0,0,2,0,0,0,1,1,6,2,21,5,995,1,6,9,2,9
2016360086492,1,21,1,7,0,4,0,0,0,0,1,1,6,1,59,9,16120,2,2,6,2,6
2016360086492,2,9,0,18,0,1,0,0,0,0,3,1,3,2,40,7,1560,2,1,1,1,1
2016360086543,1,9,0,18,0,0,0,0,0,0,1,1,6,2,-1,-1,-1,-1,-1,-1,-1,-1
2016360086612,1,1,0,18,9,1,0,0,0,0,-1,1,6,1,-1,-1,-1,-1,-1,-1,-1,-1
2016360086713,1,9,0,5,0,8,0,0,0,0,1,1,6,2,46,8,1461,2,1,5,3,5
2016360086713,2,9,0,18,0,1,0,0,0,0,4,1,6,1,62,9,1499,2,1,6,2,6
2016360086734,1,19,0,18,0,1,0,0,0,0,1,1,1,1,62,9,1968,2,3,9,2,9
2016360086734,2,19,0,18,0,1,0,0,0,0,1,1,1,1,29,6,2143,2,6,8,1,8
2016360086737,1,98,0,7,0,3,0,0,0,0,3,1,6,3,-1,-1,-1,-1,-1,-1,-1,-1
2016360086737,2,1,0,18,0,8,5,0,0,0,3,1,6,2,36,7,-1,-1,-1,10,2,10
2016360086817,1,9,0,13,0,0,0,0,0,0,0,1,6,1,21,5,-1,-1,-1,5,1,5
2016360086817,2,9,0,18,0,0,0,0,0,0,0,1,6,1,46,8,999,1,-1,7,2,7
2016360086914,1,9,0,18,0,0,0,0,0,0,1,1,6,1,72,10,1364,1,9,5,1,5
2016360086914,2,9,0,18,0,0,0,0,0,0,1,1,6,1,59,9,1597,2,-1,10,1,10
2016360086958,1,9,0,18,0,1,0,0,0,0,1,1,6,1,88,11,1422,2,1,9,2,9
2016360086958,2,9,0,18,0,1,0,0,0,0,1,1,6,2,59,9,1598,1,11,1,1,1
2016360086958,3,9,0,3,0,1,0,0,0,0,3,1,6,2,43,7,1968,2,-1,5,3,5
2016360087054,1,9,0,4,0,0,0,0,0,0,0,1,6,3,-1,-1,-1,-1,-1,-1,-1,-1
2016360087054,2,3,0,18,0,0,2,0,0,0,1,1,6,1,21,5,125,1,12,6,3,6
2016360087054,3,9,0,18,0,0,0,0,0,0,1,1,6,3,-1,-1,-1,-1,-1,-1,-1,-1
2016360087260,1,9,0,18,0,3,0,0,0,0,1,1,5,2,54,8,1560,2,6,5,2,5
2016360087364,1,9,0,18,0,2,0,0,0,0,1,1,6,2,47,8,1360,1,10,9,1,9
2016360087392,1,9,0,18,0,0,0,0,0,0,3,1,5,1,39,7,1753,2,10,8,2,8
2016360087392,2,3,0,18,0,0,5,0,0,0,4,1,5,1,21,5,124,1,5,5,2,5
2016360087412,1,9,0,18,0,1,0,0,0,0,1,1,5,1,48,8,1997,2,3,4,3,4
2016360087412,2,9,0,10,0,1,0,0,0,0,2,1,5,1,29,6,1598,1,11,6,2,6
2016360087463,1,90,0,6,0,1,0,0,0,0,1,1,6,1,49,8,8970,2,11,7,1,7
2016360087463,2,98,0,18,0,1,5,0,0,0,4,1,6,1,64,9,-1,-1,-1,3,3,3
2016360087657,1,9,0,18,0,1,0,0,0,0,1,1,6,1,30,6,1461,2,10,3,3,3
2016360087657,2,9,0,18,0,1,0,0,0,0,1,1,6,2,36,7,1229,1,6,5,3,5
2016360087659,1,9,0,18,0,0,0,0,0,0,3,1,6,2,47,8,1997,2,13,5,1,5
2016360087688,1,9,0,18,0,0,0,0,0,0,1,1,6,1,-1,-1,2776,2,9,7,3,7
2016360087688,2,9,0,10,0,0,0,0,0,0,2,1,6,2,31,6,1587,1,10,8,1,8
2016360087695,1,9,0,18,0,0,0,0,0,0,2,1,6,2,19,4,1242,1,6,7,1,7
2016360087695,2,9,0,18,0,0,0,0,0,0,1,1,6,2,66,10,1560,2,6,5,3,5
2016360087695,3,9,0,18,0,0,0,0,0,0,2,1,6,1,36,7,1968,2,9,5,1,5
2016360087701,1,9,0,18,0,1,1,0,0,0,1,1,6,1,-1,-1,998,1,15,7,2,7
2016360087701,2,9,0,7,0,1,0,0,0,0,4,1,6,2,25,5,1360,1,12,8,2,8
2016360087769,1,9,0,4,0,1,0,0,0,0,2,1,6,1,60,9,1242,1,6,4,3,4
2016360087769,2,9,0,18,0,1,0,0,0,0,1,1,6,1,58,9,-1,-1,-1,1,1,1
2016360087822,1,90,0,18,0,1,5,0,1,0,4,1,6,1,46,8,-1,-1,-1,6,3,6
2016360087822,2,9,0,18,0,1,0,0,0,0,0,1,6,2,31,6,1388,1,13,4,1,4
2016360087850,1,9,0,18,0,8,0,0,0,0,4,1,6,2,-1,-1,1800,1,11,4,1,4
2016360087850,2,9,0,9,0,8,0,0,0,0,3,1,6,1,27,6,1242,1,10,9,1,9
2016360087869,1,9,0,18,0,1,0,0,0,0,0,1,1,3,-1,-1,-1,-1,-1,-1,-1,-1
2016360087869,2,9,0,3,0,1,0,0,0,0,3,1,6,1,90,11,1297,1,27,7,1,7
2016360087913,1,9,0,9,0,0,0,0,0,0,3,1,6,1,37,7,1910,2,9,7,3,7
2016360087913,2,9,0,18,0,0,0,0,0,0,1,1,6,2,46,8,2998,1,-1,6,2,6
2016360087968,1,9,0,18,0,1,0,0,0,0,1,1,5,1,71,10,-1,-1,-1,5,3,5
2016360087968,2,9,0,18,0,1,5,0,0,0,1,1,6,2,26,6,1364,1,7,5,1,5
2016360087968,3,19,0,10,0,1,0,0,0,0,1,1,6,1,42,7,1560,2,1,5,3,5
2016360088000,1,9,0,9,0,0,0,0,0,0,4,1,6,3,-1,-1,-1,-1,-1,-1,-1,-1
2016360088000,2,1,0,18,0,0,5,0,0,0,3,1,6,1,27,6,-1,-1,-1,8,3,8
2016360088021,1,9,0,18,0,1,0,0,0,0,1,1,6,1,33,6,1360,1,13,1,1,1
2016360088021,2,9,0,18,0,1,0,0,0,0,1,1,1,1,39,7,2993,2,1,6,2,6
2016360088024,1,9,0,7,0,8,0,0,0,0,1,1,6,2,21,5,1598,1,3,5,2,5
2016360088024,2,9,0,18,0,8,0,0,0,0,1,1,6,1,18,4,1390,1,12,7,1,7
2016360088040,1,9,0,18,0,0,0,0,0,0,1,1,6,2,31,6,-1,-1,-1,4,3,4
2016360088040,2,9,0,18,0,0,0,0,0,0,1,1,6,2,70,10,1598,2,5,4,3,4
2016360088046,1,9,0,17,0,0,0,0,1,4,1,1,6,1,19,4,2996,2,7,6,2,6
2016360088072,1,9,0,4,0,8,2,0,0,0,1,1,6,1,29,6,1598,1,15,1,1,1
2016360088072,2,9,0,18,0,8,0,0,0,0,1,1,6,1,69,10,-1,-1,-1,5,3,5
2016360088102,1,3,0,16,0,0,1,0,0,0,4,1,6,2,17,4,108,1,2,4,3,4
2016360088102,2,21,1,18,0,0,0,0,0,0,0,1,6,1,64,9,12777,2,7,7,2,7
2016360088111,1,9,0,1,0,0,0,0,0,0,2,1,6,3,-1,-1,-1,-1,-1,-1,-1,-1
2016360088186,1,9,0,18,0,0,1,0,1,0,1,1,5,2,21,5,2143,2,5,6,1,6
2016360088224,1,9,0,18,9,0,0,0,0,0,1,1,6,2,74,10,1396,1,7,10,2,10
2016360088224,2,1,0,18,9,0,0,0,0,0,1,1,6,1,35,6,-1,-1,-1,4,1,4
2016360088244,1,9,0,18,0,8,0,0,0,0,1,1,5,1,67,10,1796,1,15,6,1,6
2016360088244,2,9,0,18,0,8,0,0,0,0,1,1,5,1,25,5,1896,2,12,3,1,3
2016360088262,1,9,0,18,0,0,0,7,0,0,1,1,6,1,86,11,973,1,16,5,3,5
2016360088489,1,9,0,1,0,0,0,0,0,0,0,1,6,1,44,7,1968,2,6,5,3,5
2016360088581,1,9,0,13,0,8,0,0,0,0,1,1,6,1,28,6,1388,1,13,2,1,2
2016360088581,2,1,0,18,0,8,0,0,0,0,3,1,6,1,61,9,-1,-1,-1,8,1,8
2016360088710,1,9,0,18,0,0,5,0,0,0,4,1,6,2,31,6,1598,1,10,4,3,4
2016360088710,2,9,0,18,0,0,0,0,0,0,4,1,6,2,71,10,1399,1,1,5,3,5
2016360088778,1,9,0,18,0,0,0,0,0,0,1,1,6,1,67,10,1388,1,8,5,3,5
2016360088778,2,9,0,18,0,0,0,0,0,0,1,1,6,2,41,7,1896,2,13,4,1,4
2016360088849,1,9,0,13,0,0,0,0,0,0,-1,1,6,1,35,6,2198,2,11,4,1,4
2016360088849,2,11,0,5,0,0,0,0,0,0,1,1,1,1,27,6,8268,2,14,7,3,7
2016360088893,1,9,0,18,0,0,0,0,0,0,1,1,6,2,19,4,1242,1,12,6,1,6
2016360088893,2,9,0,18,0,0,0,0,0,0,2,1,6,2,30,6,1388,1,14,5,3,5
2016360088893,3,9,0,18,0,0,0,0,0,0,1,1,6,2,32,6,1242,1,2,5,1,5
2016360088893,4,9,0,18,0,0,0,0,0,0,2,1,6,2,51,8,-1,-1,-1,5,3,5
2016360088911,1,19,0,9,0,0,0,0,0,0,0,1,1,1,22,5,2143,2,2,5,3,5
2016360088911,2,9,0,18,0,0,0,0,0,0,3,1,6,1,46,8,1560,2,2,8,1,8
2016360089112,1,9,0,5,0,0,0,0,0,0,3,1,6,2,32,6,2959,2,10,1,1,1
2016360089112,2,9,0,3,0,0,0,0,0,0,1,1,6,1,63,9,1796,1,12,3,1,3
2016360089141,1,9,0,18,0,1,0,0,1,0,1,1,6,1,28,6,1598,1,13,3,1,3
2016360089223,1,9,0,7,0,8,0,0,0,0,4,1,6,1,19,4,1124,1,11,9,1,9
2016360089223,2,1,0,18,0,1,0,0,0,0,4,1,2,2,41,7,-1,-1,-1,10,2,10
2016360089253,1,21,1,8,0,1,0,0,0,0,2,1,1,1,39,7,-1,-1,-1,-1,-1,-1
2016360089253,2,21,1,18,0,1,0,0,0,0,1,1,1,1,28,6,10308,2,11,7,3,7
2016360089253,3,19,1,18,0,1,0,0,0,0,1,1,1,1,36,7,2287,2,4,6,3,6
2016360089279,1,9,0,18,0,1,0,0,0,0,1,1,6,1,40,7,1800,1,17,6,1,6
2016360089307,1,3,0,17,0,1,5,0,0,0,1,1,6,1,22,5,125,1,4,4,2,4
2016360089549,1,9,0,9,0,8,0,0,0,0,1,1,5,1,32,6,2494,1,13,7,1,7
2016360089549,2,9,0,18,0,8,0,0,0,0,1,1,5,1,25,5,1995,2,6,6,1,6
2016360089560,1,9,0,18,0,0,1,0,7,9,1,1,6,2,21,5,1242,1,-1,6,3,6
2016360089615,1,9,0,1,0,0,0,0,0,0,2,1,6,2,87,11,1360,1,18,8,1,8
2016360089629,1,5,0,18,0,0,5,11,0,0,-1,1,6,1,21,5,689,1,2,7,3,7
2016360089629,2,5,0,18,0,0,5,0,0,0,4,1,6,1,20,4,599,1,13,4,1,4
2016360089665,1,9,0,18,0,0,0,0,0,0,0,1,6,2,-1,-1,-1,-1,-1,-1,-1,-1
2016360089665,2,5,0,18,0,0,5,0,1,9,1,1,6,1,22,5,1250,1,12,4,3,4
2016360089691,1,9,0,9,0,0,0,0,0,0,3,1,6,1,22,5,1796,1,15,1,1,1
2016360089691,2,1,0,18,0,0,5,0,0,0,1,1,6,1,50,8,-1,-1,-1,8,1,8
2016360089708,1,9,0,18,0,0,1,0,0,0,1,1,5,2,23,5,1124,1,14,6,3,6
2016360089708,2,9,0,4,0,0,0,0,0,0,2,1,5,1,29,6,1995,2,3,10,2,10
2016360089722,1,9,0,18,0,0,0,0,1,10,1,1,5,1,28,6,1896,2,15,7,1,7
2016360089731,1,9,0,7,0,8,0,0,0,0,1,1,1,2,33,6,1799,1,9,5,1,5
2016360089731,2,9,0,18,0,8,0,0,0,0,4,1,1,1,61,9,1560,2,1,7,3,7
2016360089750,1,9,0,18,0,0,0,0,0,0,3,1,6,3,-1,-1,-1,-1,-1,-1,-1,-1
2016360089750,2,9,0,18,0,0,0,0,0,0,3,1,6,2,49,8,1598,1,9,6,3,6
2016360089780,1,9,0,18,0,0,0,0,0,0,3,1,6,2,26,6,1395,1,1,8,1,8
2016360089807,1,9,0,13,0,1,0,0,0,0,4,1,6,3,-1,-1,-1,-1,-1,-1,-1,-1
2016360089807,2,1,0,3,0,1,5,0,0,0,3,1,2,1,15,3,-1,-1,-1,7,1,7
2016360089856,1,1,0,18,9,0,0,0,0,0,0,1,6,1,79,11,-1,-1,-1,7,3,7
2016360089953,1,19,0,7,0,8,0,0,0,0,3,1,6,1,-1,-1,3199,2,6,6,3,6
2016360089953,2,5,0,18,0,8,0,0,0,0,1,1,6,1,28,6,738,1,29,8,3,8
2016360089989,1,9,0,18,0,8,1,0,0,0,1,1,6,1,27,6,-1,-1,-1,6,3,6
2016360090001,1,9,0,13,0,0,0,0,0,0,1,1,6,1,78,11,1998,2,12,-1,-1,-1
2016360090001,2,9,0,9,0,0,0,0,0,0,2,1,6,1,24,5,1896,2,12,3,3,3
2016360090008,1,5,0,18,0,0,1,0,0,0,3,1,5,1,24,5,1199,1,15,6,3,6
2016360090011,1,9,0,9,0,0,1,0,7,0,3,1,6,1,23,5,1199,1,13,7,3,7
2016360090015,1,9,0,5,0,0,0,0,0,0,1,1,6,2,58,9,1896,2,14,4,3,4
2016360090015,2,3,0,4,0,0,0,0,0,0,2,1,6,1,38,7,125,1,-1,6,1,6
2016360090176,1,9,0,16,0,0,0,0,0,0,-1,1,6,1,49,8,1398,2,7,8,1,8
2016360090176,2,1,0,18,0,0,0,0,0,0,2,1,6,1,25,5,-1,-1,-1,-1,-1,-1
2016360090211,1,9,0,13,0,0,0,0,0,0,4,1,6,3,30,6,-1,-1,-1,-1,-1,-1
2016360090211,2,1,0,10,0,0,0,0,0,0,-1,1,6,1,24,5,-1,-1,-1,2,1,2
2016360090246,1,9,0,9,0,1,0,0,0,0,1,1,6,2,49,8,2179,2,3,10,2,10
2016360090246,2,9,0,3,0,1,0,0,0,0,1,1,6,1,39,7,1397,1,8,4,1,4
2016360090246,3,9,0,3,0,1,0,0,0,0,1,1,6,1,24,5,-1,-1,-1,8,3,8
2016360090348,1,9,0,2,0,1,0,0,0,0,0,1,6,1,76,11,505,1,6,4,1,4
2016360090615,1,19,0,18,0,0,1,0,0,0,1,1,6,1,50,8,2874,1,17,4,2,4
2016360090615,2,9,0,9,0,0,0,0,0,0,3,1,5,2,44,7,1360,1,13,6,2,6
2016360090640,1,9,0,18,0,0,0,0,0,0,1,1,6,1,35,6,1360,1,16,6,2,6
2016360090640,2,9,0,18,0,0,0,0,0,0,1,1,5,2,26,6,1390,1,1,5,2,5
2016360090804,1,9,0,18,0,0,0,0,0,0,1,1,6,1,23,5,1596,1,11,3,1,3
2016360090804,2,90,0,18,0,0,0,0,0,0,2,1,1,1,24,5,2987,2,1,10,1,10
2016360090845,1,9,0,9,0,8,0,0,0,0,3,1,6,1,39,7,1896,2,9,2,1,2
2016360090845,2,9,0,18,0,8,0,0,0,0,1,1,6,2,55,8,998,1,5,3,3,3
2016360091266,1,9,0,7,0,1,0,0,0,0,1,1,6,2,30,6,1598,1,13,7,3,7
2016360091266,2,9,0,18,0,1,0,0,0,0,1,1,6,1,59,9,1999,1,15,1,1,1
2016360091380,1,9,0,18,0,8,0,0,0,0,1,1,6,1,84,11,998,1,7,6,1,6
2016360091423,1,9,0,18,0,0,0,0,0,0,4,1,6,1,50,8,1796,1,16,8,1,8
2016360091423,2,1,0,18,0,0,0,0,0,0,1,1,6,1,15,3,-1,-1,-1,1,1,1
2016360091454,1,3,0,18,0,1,0,0,7,0,1,1,6,1,17,4,124,1,7,8,1,8
2016360091454,2,9,0,3,0,2,0,0,0,0,0,1,6,1,69,10,1794,1,14,6,1,6
2016360091504,1,9,0,18,0,0,0,0,0,0,1,1,6,1,42,7,1968,2,-1,4,2,4
2016360091504,2,9,0,18,0,0,0,0,0,0,1,1,6,1,62,9,2967,2,3,5,3,5
2016360091539,1,9,0,18,0,0,0,0,0,0,1,1,6,2,54,8,1598,1,1,1,1,1
2016360091539,2,9,0,18,0,0,0,0,0,0,4,1,6,1,45,7,1461,2,1,1,1,1
2016360091574,1,9,0,5,0,8,0,0,0,0,3,1,6,2,21,5,1360,1,11,7,1,7
2016360091574,2,1,0,18,0,1,0,0,0,0,1,1,6,1,27,6,-1,-1,-1,3,1,3
2016360091649,1,9,0,13,0,0,0,0,0,0,4,1,6,2,26,6,1995,1,12,6,2,6
2016360091649,2,11,0,2,0,0,0,0,0,0,0,1,1,1,55,8,7300,2,14,7,2,7
2016360091678,1,9,0,18,0,0,0,0,0,0,-1,1,6,1,47,8,1997,2,-1,6,3,6
2016360091678,2,19,0,3,0,0,0,0,0,0,2,1,6,1,61,9,1248,2,1,7,3,7
2016360091698,1,9,0,9,0,8,0,0,0,0,3,1,6,2,37,7,1686,2,12,1,1,1
2016360091698,2,3,0,14,0,1,0,0,0,0,1,1,6,1,17,4,124,1,7,7,2,7
2016360091704,1,9,0,18,0,0,0,0,0,0,1,1,6,1,22,5,1390,1,8,5,1,5
2016360091704,2,9,0,18,0,0,5,0,0,0,2,1,6,1,63,9,998,1,6,9,1,9
2016360091704,3,9,0,18,0,0,0,0,0,0,4,1,6,2,73,10,1461,2,1,4,3,4
2016360091723,1,9,0,18,0,0,0,4,0,0,1,1,6,2,85,11,1199,1,14,7,3,7
2016360091723,2,9,0,2,0,0,0,0,0,0,2,1,6,3,-1,-1,-1,-1,-1,-1,-1,-1
2016360091762,1,9,0,18,0,1,0,0,0,0,1,1,6,1,37,7,1596,1,12,2,1,2
2016360091762,2,9,0,18,0,1,0,0,0,0,3,1,6,1,33,6,-1,-1,-1,6,3,6
2016360091769,1,9,0,5,0,2,0,0,0,0,0,1,6,1,39,7,1995,2,11,1,1,1
2016360091769,2,1,0,18,0,1,1,0,0,0,0,1,6,2,47,8,-1,-1,-1,7,1,7