Accident_Index,Vehicle_Reference,Vehicle_Type,Towing_and_Articulation,Vehicle_Manoeuvre,Vehicle_Location-Restricted_Lane,Junction_Location,Skidding_and_Overturning,Hit_Object_in_Carriageway,Vehicle_Leaving_Carriageway,Hit_Object_off_Carriageway,1st_Point_of_Impact,Was_Vehicle_Left_Hand_Drive?,Journey_Purpose_of_Driver,Sex_of_Driver,Age_of_Driver,Age_Band_of_Driver,Engine_Capacity_(CC),Propulsion_Code,Age_of_Vehicle,Driver_IMD_Decile,Driver_Home_Area_Type,Vehicle_IMD_Decile
2016360091818,1,20,0,18,0,0,0,0,0,0,1,1,6,1,58,9,2998,2,1,5,2,5
2016360091818,2,19,0,4,0,0,0,0,0,0,2,1,6,1,60,9,1248,2,8,9,1,9
2016360091965,1,19,0,3,0,1,0,0,0,0,3,1,6,1,67,10,1896,2,10,5,3,5
2016360091965,2,1,0,18,0,1,0,0,0,0,1,1,6,1,67,10,-1,-1,-1,8,1,8
2016360092085,1,9,0,18,0,1,0,0,0,0,1,1,6,1,39,7,-1,-1,-1,7,2,7
2016360092085,2,9,0,3,0,1,0,0,0,0,2,1,6,1,26,6,-1,-1,-1,10,1,10
2016360092188,1,9,0,13,0,0,0,0,0,0,4,1,6,3,-1,-1,-1,-1,-1,-1,-1,-1
2016360092188,2,1,0,18,0,0,5,0,0,0,1,1,2,1,18,4,-1,-1,-1,7,2,7
2016360092225,1,-1,0,18,0,0,0,0,0,0,1,1,6,1,31,6,-1,-1,-1,9,2,9
2016360092225,2,9,0,18,0,0,0,0,0,0,1,1,6,2,32,6,1299,1,14,4,1,4
2016360092225,3,-1,0,18,0,0,0,0,0,0,2,1,6,1,56,9,-1,-1,-1,7,1,7
2016360092261,1,9,0,18,0,8,0,0,0,0,1,1,6,2,22,5,1124,1,15,6,3,6
2016360092261,2,9,0,18,0,8,0,0,0,0,1,1,6,2,20,4,1299,1,15,7,2,7
2016360092298,1,9,0,7,0,0,0,0,0,0,1,1,6,2,57,9,1389,1,19,6,1,6
2016360092298,2,9,0,2,0,0,0,0,0,0,4,1,6,2,31,6,1360,1,10,6,1,6
2016360092339,1,5,0,15,0,0,0,0,0,0,3,1,2,1,49,8,600,1,12,5,2,5
2016360092339,2,9,0,18,0,0,2,0,1,9,3,1,2,2,47,8,875,1,5,3,3,3
2016360092419,1,9,0,18,0,0,1,0,1,0,1,1,5,1,84,11,1388,1,8,10,2,10
2016360092464,1,9,0,9,0,8,0,0,0,0,4,1,6,1,19,4,1598,1,15,5,3,5
2016360092464,2,9,0,18,0,8,0,0,0,0,1,1,6,1,26,6,1984,1,1,6,3,6
2016360092495,1,9,0,18,0,0,0,0,0,0,1,1,6,2,36,7,1910,2,8,8,3,8
2016360092495,2,9,0,3,0,0,0,0,0,0,2,1,6,2,45,7,1995,1,10,6,1,6
2016360092525,1,9,0,9,0,1,0,0,0,0,1,1,6,2,31,6,1995,2,11,4,3,4
2016360092582,1,9,0,18,0,8,0,0,0,0,1,1,6,1,-1,-1,1598,1,16,-1,-1,-1
2016360092582,2,9,0,5,0,8,0,0,0,0,1,1,6,1,56,9,1598,2,4,1,1,1
2016360092592,1,9,0,8,0,1,0,0,0,0,4,1,6,2,47,8,1368,1,7,9,2,9
2016360092592,2,1,0,18,0,2,0,0,0,0,0,1,6,2,51,8,-1,-1,-1,2,1,2
2016360092647,1,9,0,18,0,0,0,0,0,0,3,1,6,1,65,9,999,1,-1,4,2,4
2016360092647,2,9,0,18,0,0,0,0,0,0,0,1,6,2,76,11,2498,1,1,5,3,5
2016360092647,3,1,0,18,0,0,0,0,0,0,1,1,6,1,16,4,-1,-1,-1,4,2,4
2016360092665,1,9,0,18,0,0,0,0,0,0,0,1,6,1,52,8,1560,2,9,8,1,8
2016360092674,1,17,4,18,0,0,0,0,0,0,4,1,1,1,57,9,-1,-1,-1,5,3,5
2016360092674,2,9,0,18,0,0,0,0,0,0,1,1,6,2,81,11,1199,1,15,5,3,5
2016360092692,1,5,0,18,0,0,5,0,0,0,1,1,6,1,25,5,599,1,6,6,3,6
2016360092692,2,21,0,4,0,0,0,0,0,0,2,1,6,1,40,7,9364,2,14,10,3,10
2016360092700,1,5,0,9,0,8,5,0,0,0,4,1,5,1,50,8,798,1,33,-1,-1,-1
2016360092700,2,9,0,9,0,8,0,0,0,0,4,1,5,1,59,9,2461,2,20,8,1,8
2016360092704,1,9,0,18,0,0,0,0,0,0,1,1,6,1,33,6,1870,2,14,7,1,7
2016360092704,2,9,0,18,0,0,0,0,0,0,2,1,6,2,27,6,1560,2,9,8,1,8
2016360092762,1,9,0,4,0,0,0,0,0,0,4,1,6,1,75,10,1560,2,5,8,2,8
2016360092762,2,9,0,3,0,0,0,0,0,0,3,1,6,2,67,10,1598,2,3,9,3,9
2016360093002,1,9,0,18,0,0,0,0,0,0,1,1,6,1,76,11,1197,1,4,10,1,10
2016360093002,2,9,0,18,0,0,0,0,0,0,1,1,6,2,31,6,1598,1,3,6,3,6
2016360093018,1,9,0,18,0,0,0,0,1,0,3,1,6,2,51,8,1388,1,13,9,2,9
2016360093082,1,9,0,18,0,0,0,0,0,0,1,1,5,1,32,6,1597,2,2,6,2,6
2016360093082,2,9,0,4,0,0,0,0,0,0,2,1,6,1,59,9,1595,1,1,6,2,6
2016360093082,3,9,0,4,0,0,0,0,0,0,2,1,5,2,52,8,1396,1,2,7,2,7
2016360093199,1,9,0,18,0,0,0,0,0,0,1,1,6,1,26,6,1896,2,15,6,1,6
2016360093199,2,9,0,2,0,0,0,0,0,0,4,1,6,2,56,9,1296,1,8,7,1,7
2016360093222,1,9,0,18,0,1,0,0,0,0,1,1,6,1,37,7,1339,1,7,8,2,8
2016360093222,2,19,0,2,0,1,0,0,1,0,3,1,6,1,67,10,1560,2,8,6,3,6
2016360093255,1,9,0,18,0,0,0,0,0,0,3,1,6,2,57,9,1587,1,13,3,3,3
2016360093255,2,9,0,18,0,0,0,0,0,0,4,1,6,2,47,8,1229,1,8,5,2,5
2016360093365,1,19,0,9,0,2,0,0,0,0,1,1,6,1,66,10,2198,2,10,4,1,4
2016360093365,2,1,0,9,0,6,0,0,0,0,2,1,6,2,67,10,-1,-1,-1,6,1,6
2016360093386,1,9,0,18,0,0,0,0,0,0,3,1,6,3,-1,-1,-1,-1,-1,-1,-1,-1
2016360093386,2,16,0,18,0,0,0,0,0,0,1,1,6,2,21,5,-1,-1,-1,-1,-1,-1
2016360093629,1,9,0,18,0,1,0,0,0,0,4,1,6,3,-1,-1,1995,2,15,-1,-1,-1
2016360093629,2,9,0,18,0,1,0,0,0,0,1,1,6,2,57,9,1339,1,5,10,2,10
2016360093715,1,9,0,18,0,0,0,0,0,0,4,1,6,1,37,7,1796,1,10,6,3,6
2016360093715,2,8,0,2,0,0,0,0,0,0,3,1,1,1,65,9,1997,2,7,4,3,4
2016360093715,3,9,0,2,0,0,0,0,0,0,2,1,6,3,-1,-1,-1,-1,-1,-1,-1,-1
2016360093830,1,9,0,18,0,0,1,0,1,0,4,1,5,1,18,4,1149,1,11,8,1,8
2016360093863,1,9,0,18,0,1,0,0,0,0,4,1,6,1,18,4,1360,1,13,5,1,5
2016360093888,1,5,0,18,0,1,0,0,0,0,1,1,6,1,20,4,-1,-1,-1,1,1,1
2016360093951,1,9,0,18,0,1,0,0,0,0,1,1,6,1,31,6,1749,1,14,6,3,6
2016360093951,2,1,0,18,0,1,0,0,0,0,1,1,6,1,10,2,-1,-1,-1,2,1,2
2016360093962,1,9,0,-1,-1,-1,0,-1,-1,0,-1,1,6,3,-1,-1,-1,-1,-1,-1,-1,-1
2016360093989,1,1,0,5,0,8,0,0,0,0,3,1,6,1,76,11,-1,-1,-1,6,2,6
2016360093989,2,9,0,18,0,1,0,0,0,0,1,1,6,1,48,8,1328,1,10,3,1,3
2016360094009,1,9,0,10,0,0,0,0,0,0,1,1,6,1,26,6,-1,-1,-1,5,3,5
2016360094009,2,9,0,18,0,0,0,0,0,0,1,1,6,1,23,5,-1,-1,-1,2,2,2
2016360094017,1,9,0,5,6,0,0,0,0,0,1,1,6,2,22,5,1390,1,16,4,3,4
2016360094017,2,9,0,4,0,0,0,0,0,0,0,1,6,2,53,8,1388,1,10,7,2,7
2016360094080,1,9,0,18,0,4,0,9,0,0,1,1,6,1,35,6,1242,1,13,2,1,2
2016360094084,1,9,0,18,0,0,0,0,0,0,1,1,6,1,62,9,1560,2,6,4,3,4
2016360094084,2,9,0,18,0,0,0,0,0,0,2,1,6,1,38,7,1794,1,15,1,1,1
2016360094085,1,9,0,18,0,1,0,0,0,0,4,1,6,2,40,7,1248,2,7,6,3,6
2016360094085,2,3,0,18,0,1,0,0,0,0,1,1,6,1,25,5,124,1,-1,-1,-1,-1
2016360094299,1,5,0,18,0,0,0,0,0,0,4,1,6,1,58,9,998,1,10,10,2,10
2016360094370,1,9,0,5,0,0,0,0,0,0,0,1,6,1,22,5,1995,2,2,4,3,4
2016360094370,2,1,0,18,0,0,0,0,0,0,0,1,6,1,58,9,-1,-1,-1,9,1,9
2016360094390,1,1,0,18,0,0,5,0,0,0,2,1,5,1,27,6,-1,-1,-1,2,1,2
2016360094390,2,97,0,18,0,0,5,0,0,0,4,1,5,1,52,8,-1,-1,-1,1,1,1
2016360094411,1,3,0,18,0,0,0,0,0,0,3,1,6,1,19,4,125,1,3,6,3,6
2016360094411,2,9,0,7,0,0,0,0,0,0,4,1,6,2,24,5,998,1,14,6,2,6
2016360094414,1,9,0,18,0,0,0,0,0,0,1,1,6,3,-1,-1,2926,2,15,-1,-1,-1
2016360094414,2,9,0,18,0,0,0,0,0,0,1,1,6,1,61,9,1997,2,4,6,3,6
2016360094442,1,9,0,5,0,7,0,0,0,0,1,1,6,2,24,5,1229,1,7,8,1,8
2016360094442,2,1,0,18,0,1,0,0,0,0,4,1,6,1,27,6,-1,-1,-1,5,3,5
2016360094470,1,1,0,18,0,0,0,0,0,0,1,1,6,1,24,5,-1,-1,-1,4,2,4
2016360094470,2,9,0,18,0,0,0,0,0,0,1,1,6,1,-1,-1,1956,2,4,7,3,7
2016360094532,1,9,0,18,0,1,0,4,0,0,1,1,1,1,37,7,1896,2,10,8,2,8
2016360094532,2,17,4,10,0,1,0,0,0,0,2,1,1,1,22,5,4485,2,1,6,3,6
2016360094556,1,9,0,7,0,0,1,0,0,0,3,1,6,1,-1,-1,1995,2,9,-1,-1,-1
2016360094556,2,9,0,7,0,0,0,0,0,0,1,1,1,1,35,6,2993,2,1,-1,-1,-1
2016360094596,1,9,0,18,0,0,0,0,0,0,1,1,6,1,59,9,1968,2,10,6,1,6
2016360094596,2,9,0,2,0,0,0,0,0,0,1,1,6,1,44,7,1968,2,3,5,3,5
2016360094596,3,9,0,2,0,0,0,0,0,0,2,1,6,1,27,6,1396,1,11,8,1,8
2016360094596,4,9,0,2,0,0,0,0,0,0,2,1,6,2,23,5,1560,2,3,6,3,6
2016360094596,5,9,0,2,0,0,0,0,0,0,2,1,6,2,23,5,1360,1,9,9,1,9
2016360094608,1,9,0,9,0,0,0,0,0,0,4,1,6,1,48,8,1124,1,16,1,1,1
2016360094608,2,9,0,18,0,0,0,0,0,0,1,1,6,2,38,7,1598,1,8,1,1,1
2016360094662,1,9,0,18,0,1,0,0,0,0,1,1,6,1,-1,-1,1368,1,-1,1,1,1
2016360094662,2,9,0,3,0,1,0,0,0,0,2,1,6,1,31,6,999,1,3,8,2,8
2016360094662,3,3,0,3,0,1,0,0,0,0,2,1,6,1,-1,-1,115,1,-1,6,1,6
2016360094662,4,9,0,3,0,1,0,0,0,0,2,1,6,3,-1,-1,-1,-1,-1,-1,-1,-1
2016360094685,1,9,0,9,0,8,0,0,0,0,3,1,5,2,32,6,1598,2,4,8,1,8
2016360094685,2,9,0,18,0,8,0,0,0,0,3,1,5,2,43,7,998,1,9,6,1,6
2016360094685,3,9,0,18,0,1,0,0,0,0,1,1,5,2,29,6,1998,1,8,5,1,5
2016360094706,1,9,0,18,0,0,2,0,0,0,1,1,5,1,18,4,1390,1,16,4,3,4
2016360094721,1,9,0,18,0,1,0,0,0,0,1,1,6,2,49,8,1560,2,5,3,3,3
2016360094721,2,9,0,3,0,1,0,0,0,0,2,1,6,2,30,6,1998,1,14,2,1,2
2016360094739,1,9,0,18,0,0,0,0,0,0,1,1,6,3,-1,-1,-1,-1,-1,-1,-1,-1
2016360094755,1,9,0,9,0,8,0,0,0,0,4,1,6,1,26,6,1388,1,7,3,1,3
2016360094755,2,1,0,18,0,8,5,0,0,0,1,1,6,1,37,7,-1,-1,-1,1,1,1
2016360094800,1,9,0,7,0,0,0,0,0,0,1,1,2,1,23,5,3999,1,9,3,2,3
2016360094800,2,1,0,18,0,0,5,0,0,0,1,1,6,1,38,7,-1,-1,-1,4,1,4
2016360094830,1,9,0,9,0,0,0,0,0,0,4,1,5,1,19,4,1199,2,5,5,1,5
2016360094830,2,9,0,18,0,0,0,0,0,0,1,1,5,1,69,10,1560,2,-1,9,1,9
2016360094858,1,1,0,18,0,1,0,0,0,0,1,1,6,3,-1,-1,-1,-1,-1,-1,-1,-1
2016360094915,1,3,0,17,0,1,0,0,0,0,1,1,6,1,18,4,108,1,1,6,3,6
2016360094915,2,9,0,16,0,1,0,0,0,0,3,1,6,1,41,7,1995,2,1,6,3,6
2016360095213,1,9,0,18,0,0,1,0,0,0,2,1,6,1,31,6,1995,2,12,-1,-1,-1
2016360095213,2,9,0,3,0,0,0,0,0,0,2,1,6,1,34,6,1968,2,1,7,3,7
2016360095234,1,9,0,18,0,0,0,0,0,0,1,1,5,1,28,6,1461,2,5,8,3,8
2016360095234,2,9,0,3,0,0,0,0,0,0,2,1,5,2,20,4,998,1,5,6,3,6
2016360095234,3,9,0,3,0,0,0,0,0,0,2,1,5,1,37,7,1798,1,14,2,1,2
2016360095295,1,9,0,16,0,0,1,0,0,0,1,1,6,1,39,7,1870,2,11,9,2,9
2016360095295,2,9,0,18,0,0,0,0,0,0,1,1,6,1,19,4,998,1,7,6,3,6
2016360095310,1,9,0,18,0,0,0,0,0,0,1,1,6,1,-1,-1,1753,2,8,7,3,7
2016360095310,2,9,0,3,0,0,0,0,0,0,2,1,6,2,51,8,1587,1,9,8,1,8
2016360095349,1,9,0,-1,-1,0,0,-1,-1,0,-1,1,6,3,-1,-1,-1,-1,-1,-1,-1,-1
2016360095349,2,1,0,18,0,0,0,0,0,0,1,1,6,1,12,3,-1,-1,-1,5,3,5
2016360095466,1,9,0,18,0,0,5,10,0,0,3,1,5,2,84,11,1242,1,1,4,3,4
2016360095485,1,9,0,18,0,0,0,7,0,0,1,1,6,2,38,7,1598,1,16,5,2,5
2016360095517,1,9,0,17,0,0,2,0,1,0,1,1,5,1,21,5,1598,1,9,1,1,1
2016360095537,1,9,0,14,0,0,0,0,0,0,1,1,5,1,71,10,1598,2,-1,3,1,3
2016360095537,2,1,0,4,0,0,0,0,0,0,4,1,6,1,36,7,-1,-1,-1,2,1,2
2016360095537,3,9,0,4,0,0,0,0,0,0,0,1,1,1,-1,-1,-1,-1,-1,-1,-1,-1
2016360095540,1,5,0,13,0,0,5,0,0,0,1,1,6,1,26,6,749,1,6,2,1,2
2016360095540,2,9,0,17,0,0,0,0,0,0,1,1,5,1,68,10,2179,2,3,8,2,8
2016360095564,1,9,0,18,0,0,0,0,0,0,1,1,6,1,33,6,1600,2,6,4,3,4
2016360095564,2,19,0,18,0,0,0,0,0,0,1,1,6,1,25,5,2402,2,12,-1,-1,-1
2016360095753,1,9,0,18,0,0,0,0,0,0,4,1,6,2,32,6,2143,2,1,8,3,8
2016360095909,1,5,0,18,0,0,5,0,0,0,1,1,5,1,32,6,998,1,11,6,3,6
2016360096152,1,9,0,18,0,0,0,0,0,0,4,1,6,1,58,9,1598,2,1,8,1,8
2016360096193,1,9,0,18,0,0,0,0,0,0,1,1,6,1,64,9,1248,2,2,5,2,5
2016360096212,1,1,0,18,0,0,0,0,0,0,1,1,6,1,17,4,-1,-1,-1,10,1,10
2016360096212,2,19,0,18,0,0,0,0,0,0,0,1,6,1,27,6,1560,2,1,4,1,4
2016360096222,1,9,0,18,0,0,0,0,1,11,1,1,6,1,42,7,2000,1,16,-1,-1,-1
2016360096236,1,9,0,6,0,0,0,0,0,0,1,1,6,1,57,9,1560,2,1,6,1,6
2016360096236,2,3,0,18,0,0,0,0,0,0,1,1,6,1,20,4,125,1,5,7,3,7
2016360096264,1,9,0,18,0,8,0,0,0,0,1,1,6,1,46,8,1749,1,11,1,1,1
2016360096264,2,9,0,3,0,1,0,0,0,0,2,1,6,1,55,8,1242,1,18,8,1,8
2016360096299,1,9,5,18,0,0,0,0,0,0,1,1,6,1,52,8,2496,1,15,4,3,4
2016360096299,2,9,5,18,0,0,0,0,0,0,4,1,6,1,47,8,-1,-1,-1,7,1,7
2016360096299,3,9,5,18,0,0,0,0,0,0,1,1,6,1,31,6,-1,-1,-1,4,3,4
2016360096328,1,9,0,9,0,1,0,0,0,0,1,1,6,1,44,7,1560,2,3,-1,-1,-1
2016360096328,2,4,0,18,0,8,1,0,0,0,3,1,6,1,31,6,398,1,30,7,1,7
2016360096344,1,9,0,17,0,0,0,0,0,0,1,1,6,1,70,10,2500,2,16,5,3,5
2016360096344,2,9,5,2,0,0,0,0,0,0,1,1,1,1,40,7,-1,-1,-1,6,2,6
2016360096363,1,9,0,18,0,1,0,0,1,9,1,1,6,1,29,6,-1,-1,-1,4,3,4
2016360096382,1,1,0,18,0,0,0,0,0,0,1,1,6,1,26,6,-1,-1,-1,8,1,8
2016360096382,2,11,0,18,0,0,0,0,0,0,3,1,1,1,54,8,-1,2,13,2,2,2
2016360096421,1,9,0,18,0,1,0,0,0,0,1,1,6,2,75,10,998,1,8,4,1,4
2016360096421,2,9,0,18,0,1,0,0,0,0,1,1,6,1,47,8,1998,1,13,7,2,7
2016360096421,3,19,0,10,0,1,0,0,0,0,3,1,6,1,25,5,1560,2,1,8,1,8
2016360096553,1,9,0,18,0,0,0,0,0,0,1,1,6,1,82,11,2179,2,2,6,2,6
2016360096553,2,9,0,18,0,0,0,0,0,0,1,1,6,2,49,8,1598,1,15,4,2,4
2016360096553,3,9,0,18,1,0,0,0,0,0,3,1,6,2,23,5,-1,-1,-1,7,3,7
2016360096553,4,9,0,18,0,0,0,0,0,0,1,1,6,2,56,9,2982,2,18,8,3,8
2016360096603,1,9,0,17,0,0,0,0,0,0,1,1,6,2,19,4,1598,1,14,4,3,4
2016360096603,2,9,0,16,0,0,0,0,0,0,1,1,6,2,29,6,1560,2,7,4,2,4
2016360096617,1,9,0,4,0,1,0,0,0,0,1,1,6,1,-1,-1,-1,-1,-1,-1,-1,-1
2016360096617,2,19,0,3,0,1,0,0,0,0,2,1,1,1,32,6,2402,2,15,2,1,2
2016360096664,1,9,0,18,0,0,0,0,0,0,1,1,6,1,78,11,1997,2,6,5,2,5
2016360096664,2,9,0,4,0,0,0,0,0,0,2,1,6,1,50,8,1598,1,15,1,1,1
2016360096665,1,9,0,13,0,0,0,0,0,0,3,1,6,2,28,6,1595,1,2,5,1,5
2016360096665,2,9,0,18,0,0,0,0,1,0,4,1,6,1,-1,-1,2979,1,9,-1,-1,-1
2016360096692,1,9,0,5,0,8,0,0,0,0,4,1,6,1,53,8,1461,2,1,8,3,8
2016360096692,2,1,0,18,0,8,0,0,0,0,2,1,6,2,27,6,-1,-1,-1,10,3,10
2016360096693,1,9,0,12,0,8,0,0,0,0,3,1,6,3,-1,-1,-1,-1,-1,-1,-1,-1
2016360096693,2,3,0,18,0,8,0,0,0,0,3,1,6,1,18,4,124,1,19,1,1,1
2016360096710,1,9,0,5,0,6,0,0,0,0,4,1,6,1,41,7,1753,2,12,7,1,7
2016360096710,2,2,0,18,0,8,0,0,0,0,1,1,6,1,19,4,49,1,4,1,1,1
2016360096723,1,9,0,18,0,0,0,0,0,0,4,1,6,1,54,8,1598,2,1,6,1,6
2016360096725,1,9,0,18,0,0,0,0,0,0,4,1,6,1,23,5,1598,1,17,1,1,1
2016360096725,2,19,0,2,0,0,0,0,0,0,2,1,6,1,35,6,1997,2,8,1,1,1
2016360096733,1,9,0,18,0,0,0,0,0,0,1,1,6,1,21,5,1396,1,15,1,1,1
2016360096733,2,8,0,4,0,0,0,0,0,0,2,1,6,1,29,6,1685,2,1,4,1,4
2016360096733,3,9,0,4,0,0,0,0,0,0,2,1,6,1,23,5,1196,1,22,6,1,6
2016360096741,1,9,0,5,0,5,0,0,0,0,1,1,5,1,31,6,-1,-1,-1,4,3,4
2016360096741,2,9,0,5,0,5,0,0,0,0,1,1,5,1,53,8,1968,2,4,7,3,7
2016360096750,1,19,0,18,0,0,0,0,1,9,3,1,1,1,56,9,1997,2,8,-1,-1,-1
2016360096750,2,21,0,18,0,0,0,0,0,0,3,1,1,1,56,9,10837,2,2,8,1,8
2016360096755,1,9,0,18,0,0,0,0,0,0,1,1,6,1,74,10,1349,1,14,3,3,3
2016360096755,2,9,0,4,0,0,0,0,0,0,2,1,6,1,61,9,-1,-1,-1,5,3,5
2016360096760,1,9,0,9,0,5,0,0,0,0,4,1,6,1,-1,-1,-1,-1,-1,7,1,7
2016360096760,2,1,0,18,0,8,0,0,0,0,1,1,6,1,21,5,-1,-1,-1,10,1,10
2016360096777,1,9,0,18,0,0,0,0,0,0,3,1,6,1,25,5,1360,1,15,6,2,6
2016360096780,1,8,0,9,0,8,0,0,0,0,4,1,1,1,60,9,1560,2,4,1,1,1
2016360096793,1,9,0,18,0,0,0,0,0,0,1,1,6,2,32,6,1685,2,5,6,2,6
2016360096793,2,9,0,3,0,0,0,0,0,0,2,1,6,1,62,9,1598,2,4,6,2,6
2016360096795,1,9,0,6,8,0,0,0,0,0,3,1,6,1,46,8,1299,1,18,2,1,2
2016360096795,2,3,0,18,0,0,0,0,0,0,1,1,6,1,17,4,125,1,8,7,1,7
2016360096796,1,9,0,9,0,2,0,0,0,0,1,1,2,2,29,6,1998,1,19,10,1,10
2016360096796,2,1,0,18,0,1,0,0,0,0,1,1,6,1,47,8,-1,-1,-1,8,1,8
2016360096798,1,9,0,9,0,6,0,0,0,0,4,1,1,2,30,6,1798,1,8,3,1,3
2016360096798,2,9,0,18,0,8,0,0,0,0,1,1,6,2,20,4,1242,1,16,10,2,10
2016360096799,1,9,0,4,0,1,0,0,0,0,1,1,2,1,30,6,2494,1,12,3,1,3
2016360096799,2,9,0,4,0,1,0,0,0,0,2,1,2,1,31,6,1598,1,9,4,3,4
2016360096827,1,9,0,18,0,0,0,0,0,0,1,1,2,2,19,4,1299,1,18,9,3,9
2016360096827,2,9,0,4,0,0,0,0,0,0,2,1,2,2,31,6,1242,1,2,10,1,10
2016360096827,3,9,0,4,0,0,0,0,0,0,2,1,2,2,23,5,1686,2,12,9,2,9
2016360096827,4,9,0,4,0,0,0,0,0,0,2,1,2,2,43,7,3498,1,10,5,1,5
2016360096829,1,9,0,9,0,6,0,0,0,0,3,1,2,1,38,7,1896,2,10,8,1,8
2016360096829,2,5,0,18,0,8,0,0,0,0,1,1,6,1,54,8,1250,1,6,6,2,6
2016360096830,1,9,0,18,0,0,1,0,1,4,4,1,6,1,47,8,1995,2,6,-1,-1,-1
2016360096831,1,9,0,18,0,0,0,0,0,0,1,1,6,2,22,5,1560,2,7,3,1,3
2016360096832,1,1,0,18,0,8,0,0,0,0,2,1,2,2,20,4,-1,-1,-1,6,1,6
2016360096832,2,9,0,5,0,4,0,0,0,0,1,1,2,1,32,6,1598,2,2,1,1,1
2016360096836,1,1,0,18,0,1,0,0,0,0,1,1,6,1,30,6,-1,-1,-1,-1,-1,-1
2016360096836,2,9,0,18,0,2,0,0,0,0,1,1,6,1,35,6,1998,8,1,10,1,10
2016360096849,1,9,0,5,0,4,0,0,0,0,1,1,6,1,72,10,2179,2,6,7,3,7
2016360096849,2,9,0,4,0,8,0,0,0,0,2,1,6,1,42,7,1108,1,11,2,1,2
2016360096850,1,9,0,16,0,8,1,0,0,0,3,1,6,2,27,6,1299,1,13,6,1,6
2016360096850,2,9,0,16,0,8,0,0,0,0,3,1,1,2,21,5,1461,2,2,7,1,7
2016360096851,1,9,0,3,0,1,0,0,0,0,2,1,6,2,40,7,1560,2,9,8,2,8
2016360096851,2,9,0,4,0,1,0,0,0,0,1,1,6,1,51,8,2198,1,13,5,1,5
2016360096857,1,9,0,5,0,0,0,0,0,0,1,1,6,1,41,7,2179,2,3,6,3,6
2016360096870,1,9,0,18,0,0,0,4,1,0,1,1,6,1,61,9,-1,-1,-1,5,3,5
2016360096870,2,9,0,2,0,0,0,0,1,0,2,1,6,2,52,8,1242,1,4,6,2,6
2016360096875,1,21,1,18,0,0,0,0,0,0,1,2,1,1,62,9,-1,-1,-1,-1,-1,-1
2016360096882,1,1,0,9,0,5,0,0,0,0,4,1,6,1,36,7,-1,-1,-1,8,1,8
2016360096882,2,3,0,18,0,8,0,0,0,0,3,1,6,1,38,7,125,1,14,2,1,2
2016360096887,1,19,0,5,0,6,0,0,0,0,3,1,1,1,50,8,2402,2,9,4,1,4
2016360096887,2,9,0,18,0,8,0,0,0,0,1,1,6,1,70,10,998,1,17,8,1,8
2016360096899,1,9,0,17,0,0,0,0,1,4,4,1,6,2,22,5,1997,1,13,5,3,5
2016360096902,1,19,0,18,0,0,0,0,0,0,1,1,2,1,43,7,1560,2,1,6,1,6
2016360096902,2,9,0,4,0,0,0,0,0,0,2,1,5,1,56,9,1997,2,-1,10,1,10
2016360096922,1,19,0,18,0,0,0,0,0,0,1,1,1,2,26,6,1248,2,5,6,3,6
2016360096922,2,17,0,18,0,0,0,0,0,0,2,1,1,1,34,6,12882,2,3,8,3,8
2016360096927,1,9,0,9,0,5,0,0,0,0,1,1,6,1,84,11,1527,2,19,4,2,4
2016360096927,2,8,0,18,0,8,0,0,0,0,1,1,1,1,33,6,2402,2,13,1,1,1
2016360096932,1,9,0,18,0,8,0,0,1,2,1,1,6,1,20,4,2000,1,16,-1,-1,-1
2016360096941,1,9,0,18,0,1,0,0,0,0,3,1,6,1,25,5,2148,2,14,4,1,4
2016360096941,2,9,0,7,0,2,0,0,0,0,3,1,6,1,42,7,2231,2,10,2,1,2
2016360096950,1,8,0,9,0,8,0,0,0,0,1,1,1,3,-1,-1,1797,8,6,-1,-1,-1
2016360096960,1,9,0,18,0,8,0,0,0,0,2,1,6,1,18,4,1497,1,13,3,1,3
2016360096960,2,9,0,10,0,8,0,0,0,0,3,1,6,2,25,5,1124,1,12,3,1,3
2016360096960,3,9,0,11,0,8,0,0,0,0,4,1,6,2,18,4,1149,1,12,6,1,6
2016360096982,1,9,0,18,0,0,5,0,1,0,4,1,2,1,23,5,998,1,4,2,1,2
2016360096984,1,9,0,18,0,0,0,0,0,0,4,1,6,3,-1,-1,-1,-1,-1,-1,-1,-1
2016360096985,1,9,0,4,0,1,0,0,0,0,4,1,6,2,53,8,1598,1,1,4,1,4
2016360097007,1,9,0,17,0,0,1,0,1,3,1,1,6,1,20,4,1360,1,12,2,1,2
2016360097011,1,9,0,16,0,8,0,0,0,0,1,1,2,2,41,7,1360,1,25,4,3,4
2016360097011,2,9,0,17,0,8,0,10,1,0,3,1,6,2,21,5,1560,2,7,4,3,4
2016360097014,1,9,0,18,0,1,0,4,0,0,1,1,6,1,23,5,1198,1,6,1,1,1
2016360097014,2,9,0,2,0,1,0,0,7,11,2,1,6,2,27,6,2179,2,1,5,3,5
2016360097016,1,19,0,11,0,0,0,0,0,0,4,1,1,1,26,6,2143,2,1,2,1,2
2016360097016,2,9,0,18,0,0,0,0,0,0,3,1,6,2,28,6,1796,1,14,5,3,5