Accident_Index,Vehicle_Reference,Vehicle_Type,Towing_and_Articulation,Vehicle_Manoeuvre,Vehicle_Location-Restricted_Lane,Junction_Location,Skidding_and_Overturning,Hit_Object_in_Carriageway,Vehicle_Leaving_Carriageway,Hit_Object_off_Carriageway,1st_Point_of_Impact,Was_Vehicle_Left_Hand_Drive?,Journey_Purpose_of_Driver,Sex_of_Driver,Age_of_Driver,Age_Band_of_Driver,Engine_Capacity_(CC),Propulsion_Code,Age_of_Vehicle,Driver_IMD_Decile,Driver_Home_Area_Type,Vehicle_IMD_Decile
2016360097022,1,21,1,4,0,1,0,0,0,0,1,1,1,1,42,7,12740,2,4,3,1,3
2016360097022,2,9,0,10,0,8,0,0,0,0,2,1,6,2,31,6,3199,1,16,4,1,4
2016360097028,1,9,0,17,0,2,0,0,0,0,1,1,6,1,75,10,1598,1,2,6,3,6
2016360097031,1,9,0,9,0,6,0,0,0,0,0,1,6,3,-1,-1,-1,-1,-1,-1,-1,-1
2016360097031,2,2,0,18,0,8,0,0,0,0,3,1,2,1,20,4,49,1,6,6,3,6
2016360097037,1,9,0,7,0,6,0,0,0,0,3,1,6,2,77,11,1595,1,10,6,2,6
2016360097037,2,20,0,18,0,8,0,0,0,0,4,1,1,1,51,8,7790,2,8,9,1,9
2016360097038,1,9,0,18,0,1,0,0,0,0,1,1,6,2,24,5,1598,2,4,4,3,4
2016360097038,2,9,0,10,0,8,0,0,0,0,2,1,2,1,39,7,1956,2,1,7,2,7
2016360097047,1,21,0,4,0,1,0,0,0,0,1,1,1,1,44,7,-1,-1,-1,4,2,4
2016360097047,2,9,0,10,0,8,0,0,0,0,2,1,6,1,23,5,1149,1,12,8,1,8
2016360097055,1,9,0,18,0,0,1,0,7,10,3,1,2,2,28,6,1686,2,9,6,3,6
2016360097069,1,8,0,7,0,6,0,0,0,0,4,1,1,3,-1,-1,-1,-1,-1,-1,-1,-1
2016360097073,1,9,0,18,0,0,1,0,1,9,1,1,2,1,38,7,-1,-1,-1,1,1,1
2016360097078,1,9,0,3,0,0,0,0,0,0,2,1,6,2,45,7,1798,1,12,2,2,2
2016360097078,2,9,0,3,0,0,0,0,0,0,2,1,6,2,23,5,1242,1,2,10,1,10
2016360097081,1,9,0,18,0,0,0,0,0,0,1,1,6,1,19,4,1388,1,9,4,3,4
2016360097081,2,9,0,3,0,0,0,0,0,0,2,1,6,1,48,8,1242,1,3,2,1,2
2016360097081,3,19,0,3,0,0,0,0,0,0,2,1,1,1,28,6,2198,2,2,7,1,7
2016360097100,1,9,0,18,0,1,0,0,0,0,1,1,6,1,25,5,1360,1,13,1,1,1
2016360097100,2,9,0,10,0,8,0,0,0,0,2,1,6,2,44,7,1198,1,1,4,1,4
2016360097105,1,9,0,5,0,4,0,0,0,0,3,1,2,1,35,6,1560,2,2,2,1,2
2016360097105,2,1,0,18,0,8,0,0,0,0,1,1,2,1,60,9,-1,-1,-1,9,3,9
2016360097111,1,9,0,18,0,6,0,0,0,0,4,1,6,2,83,11,-1,-1,-1,4,3,4
2016360097111,2,9,0,18,0,8,0,0,0,0,1,1,6,2,29,6,1587,1,13,9,2,9
2016360097113,1,4,0,18,0,0,0,0,0,0,1,1,6,1,59,9,249,1,10,8,1,8
2016360097113,2,9,0,3,0,0,0,0,0,0,2,1,6,1,46,8,1598,2,4,9,1,9
2016360097117,1,1,0,17,0,8,0,0,0,0,3,1,6,1,38,7,-1,-1,-1,6,3,6
2016360097124,1,9,0,1,0,0,0,0,0,0,1,1,6,1,-1,-1,1796,1,14,5,1,5
2016360097124,2,9,0,3,0,0,0,0,0,0,2,1,6,2,33,6,1299,1,15,2,1,2
2016360097127,1,9,0,18,0,0,1,0,1,0,4,1,6,1,25,5,1397,1,5,7,2,7
2016360097127,2,9,0,18,0,0,0,0,0,0,2,1,6,2,49,8,1582,2,1,6,3,6
2016360097131,1,9,0,18,0,8,0,0,0,0,1,1,6,2,21,5,1390,1,17,-1,-1,-1
2016360097131,2,9,0,5,0,6,0,0,0,0,4,1,6,1,48,8,998,1,2,1,1,1
2016360097131,3,9,0,10,0,1,0,0,0,0,3,1,6,2,42,7,1596,1,6,6,1,6
2016360097138,1,9,0,18,0,0,0,0,0,0,1,1,6,3,-1,-1,-1,-1,-1,-1,-1,-1
2016360097142,1,9,0,5,0,4,0,0,0,0,3,1,2,1,62,9,1560,2,4,10,1,10
2016360097142,2,1,0,18,0,8,0,0,0,0,1,1,2,1,51,8,-1,-1,-1,6,3,6
2016360097145,1,11,0,5,0,0,0,0,0,0,4,1,1,3,-1,-1,8268,2,14,-1,-1,-1
2016360097147,1,9,0,16,0,0,0,0,0,0,1,1,6,1,18,4,1248,2,8,7,1,7
2016360097147,2,9,0,18,0,0,0,0,0,0,3,1,6,1,41,7,1798,1,12,-1,-1,-1
2016360097153,1,9,0,13,0,0,0,0,1,0,1,1,6,1,17,4,2494,2,13,8,2,8
2016360097153,2,9,0,18,0,0,0,0,1,0,2,1,6,1,41,7,599,1,13,-1,-1,-1
2016360097153,3,19,0,18,0,0,0,0,0,0,0,1,1,1,27,6,2299,2,1,10,2,10
2016360097154,1,9,0,5,0,4,0,0,0,0,3,1,6,2,51,8,1910,2,9,5,3,5
2016360097154,2,1,0,18,0,8,0,0,0,0,1,1,6,1,31,6,-1,-1,-1,5,1,5
2016360097161,1,9,0,18,0,0,1,0,0,0,3,1,6,1,59,9,1299,1,14,5,3,5
2016360097165,1,9,0,18,0,1,0,0,0,0,1,1,6,2,31,6,1968,2,10,5,1,5
2016360097165,2,9,0,3,0,1,0,0,0,0,2,1,6,1,54,8,1999,1,11,7,1,7
2016360097165,3,9,0,3,0,1,0,0,0,0,2,1,6,2,27,6,1198,1,10,7,1,7
2016360097167,1,9,0,17,0,0,2,10,0,0,4,1,6,2,22,5,1390,1,12,4,3,4
2016360097172,1,3,0,18,0,0,1,0,0,0,3,1,6,1,33,6,125,1,1,5,1,5
2016360097174,1,9,0,18,0,8,0,0,0,0,1,1,6,2,30,6,1997,2,12,4,3,4
2016360097174,2,9,0,5,0,4,0,0,0,0,3,1,6,1,68,10,2967,2,4,9,1,9
2016360097178,1,9,0,18,0,0,0,0,0,0,1,1,6,2,74,10,1364,1,7,4,3,4
2016360097178,2,19,0,18,0,0,0,0,0,0,1,1,1,1,38,7,2198,2,4,5,3,5
2016360097183,1,19,0,13,0,8,0,0,0,0,1,1,1,1,29,6,2800,2,12,-1,-1,-1
2016360097183,2,17,4,9,0,5,0,0,0,0,3,1,1,1,21,5,6788,2,3,4,3,4
2016360097187,1,1,0,18,0,1,0,0,0,0,1,1,6,2,42,7,-1,-1,-1,-1,-1,-1
2016360097187,2,9,0,10,0,8,0,0,0,0,2,1,6,2,47,8,1968,2,5,6,3,6
2016360097189,1,9,0,17,0,0,0,0,7,4,1,1,6,1,65,9,999,1,1,5,3,5
2016360097190,1,3,0,4,0,0,1,0,0,0,4,1,6,1,27,6,108,1,3,6,1,6
2016360097191,1,9,0,6,0,8,0,0,0,0,1,1,6,2,76,11,1242,1,9,5,3,5
2016360097191,2,9,0,18,0,8,0,0,0,0,3,1,6,2,58,9,1596,1,11,4,3,4
2016360097193,1,9,0,18,0,0,0,0,0,0,1,1,6,1,58,9,-1,-1,-1,8,1,8
2016360097193,2,9,0,3,0,0,0,0,0,0,2,1,6,2,45,7,1598,1,10,2,1,2
2016360097196,1,1,0,9,0,6,0,0,0,0,4,1,6,2,37,7,-1,-1,-1,3,1,3
2016360097196,2,9,0,18,0,8,0,0,0,0,1,1,6,1,55,8,1998,1,17,8,1,8
2016360097199,1,9,0,18,0,1,0,0,0,0,1,1,6,1,19,4,-1,-1,-1,3,1,3
2016360097199,2,9,0,2,0,1,0,0,0,0,2,1,6,1,21,5,1398,1,5,8,1,8
2016360097201,1,9,0,9,0,6,0,0,0,0,3,1,6,1,27,6,2198,2,11,10,1,10
2016360097201,2,3,0,13,0,8,0,0,0,0,1,1,6,1,18,4,108,1,1,4,1,4
2016360097203,1,9,0,17,0,0,0,0,0,0,0,1,6,3,-1,-1,-1,-1,-1,-1,-1,-1
2016360097203,2,9,0,16,0,0,0,0,1,3,1,1,6,1,69,10,2685,2,13,6,3,6
2016360097206,1,9,0,17,0,8,1,0,1,10,4,1,6,1,19,4,1149,1,4,7,3,7
2016360097207,1,9,0,13,0,0,0,0,0,0,1,1,6,2,19,4,1198,1,3,5,1,5
2016360097207,2,9,0,18,0,0,0,0,0,0,1,1,6,1,57,9,1991,2,7,6,2,6
2016360097207,3,9,0,18,0,0,0,0,0,0,1,1,6,2,42,7,1968,2,8,7,2,7
2016360097207,4,9,0,18,0,0,0,0,0,0,1,1,6,2,21,5,1198,1,12,2,3,2
2016360097208,1,9,0,6,1,8,0,0,0,0,4,1,6,1,36,7,1910,2,9,4,1,4
2016360097208,2,9,0,18,0,8,0,0,0,0,1,1,6,1,50,8,1905,2,18,4,3,4
2016360097209,1,9,0,9,0,8,0,0,0,0,3,1,6,2,53,8,1800,1,16,5,2,5
2016360097209,2,5,0,18,0,1,0,0,0,0,3,1,6,1,31,6,1050,1,5,6,3,6
2016360097211,1,9,0,3,0,0,0,0,0,0,2,1,6,2,74,10,1422,2,9,6,2,6
2016360097211,2,20,0,4,0,0,0,0,0,0,1,1,1,1,39,7,4462,2,3,7,3,7
2016360097211,3,9,0,18,0,0,0,0,0,0,1,1,1,1,57,9,-1,-1,-1,7,1,7
2016360097216,1,9,0,14,0,0,0,0,0,0,1,1,6,1,78,11,-1,-1,-1,2,1,2
2016360097216,2,9,0,5,0,0,0,0,0,0,1,1,6,2,25,5,1390,1,13,1,1,1
2016360097218,1,9,0,18,0,0,1,0,1,9,1,1,6,2,34,6,1299,1,14,5,3,5
2016360097219,1,9,0,18,0,0,0,0,0,0,0,1,6,1,32,6,2967,2,6,5,2,5
2016360097219,2,9,0,18,0,0,1,0,7,11,1,1,6,1,69,10,1149,1,8,-1,-1,-1
2016360097221,1,9,0,9,0,5,0,0,0,0,4,1,2,1,30,6,2720,2,9,3,1,3
2016360097221,2,3,0,18,0,8,0,0,0,0,1,1,6,1,19,4,125,2,5,3,2,3
2016360097222,1,9,0,18,0,0,0,0,0,0,2,1,6,1,29,6,1395,8,1,4,2,4
2016360097222,2,9,0,18,0,0,0,0,0,0,1,1,6,2,23,5,1598,2,2,3,3,3
2016360097222,3,9,0,18,0,0,0,0,0,0,1,1,6,1,57,9,-1,-1,-1,4,3,4
2016360097223,1,9,0,18,0,0,0,0,0,0,4,1,6,1,72,10,1396,1,7,5,1,5
2016360097224,1,8,0,4,0,1,0,0,0,0,1,1,1,1,35,6,1598,2,5,-1,-1,-1
2016360097224,2,9,0,3,0,1,0,0,0,0,2,1,6,3,-1,-1,-1,-1,-1,-1,-1,-1
2016360097225,1,9,0,7,0,6,0,0,0,0,0,1,6,3,-1,-1,-1,-1,-1,-1,-1,-1
2016360097225,2,2,0,4,0,1,0,0,0,0,0,1,6,2,16,4,49,1,3,7,3,7
2016360097226,1,9,0,18,0,0,0,0,0,0,4,1,6,1,21,5,1242,1,13,1,1,1
2016360097243,1,9,0,17,0,0,0,0,1,0,4,1,6,2,60,9,1298,1,11,4,3,4
2016360097244,1,9,0,18,0,1,0,0,0,0,1,1,6,2,19,4,1199,1,17,7,1,7
2016360097244,2,9,0,10,0,8,0,0,0,0,2,1,6,1,22,5,1997,2,7,10,2,10
2016360097245,1,9,0,17,0,0,0,0,0,0,3,1,1,1,40,7,1995,2,1,-1,-1,-1
2016360097245,2,19,0,16,0,0,0,0,0,0,3,1,1,1,55,8,-1,-1,-1,7,2,7
2016360097246,1,9,0,18,0,1,0,0,0,0,1,1,6,1,47,8,1360,1,8,2,1,2
2016360097246,2,9,0,4,0,1,0,0,0,0,2,1,6,1,47,8,1560,2,4,9,1,9
2016360097250,1,19,0,18,0,0,0,0,0,0,3,1,2,1,26,6,2198,2,2,4,3,4
2016360097250,2,9,0,18,0,0,0,0,0,0,3,1,6,1,61,9,1986,2,6,1,1,1
2016360097251,1,22,0,18,9,8,0,0,0,0,1,1,6,1,88,11,-1,-1,-1,5,3,5
2016360097253,1,9,0,9,0,6,0,0,0,0,3,1,2,2,56,9,1400,2,11,10,1,10
2016360097253,2,9,0,18,0,8,0,0,0,0,1,1,6,1,74,10,1998,1,13,8,2,8
2016360097253,3,9,0,2,0,8,0,0,0,0,3,1,6,3,-1,-1,1242,1,3,-1,-1,-1
2016360097254,1,8,0,6,0,8,0,0,0,0,1,1,1,1,54,8,1560,2,4,1,1,1
2016360097262,1,5,0,16,0,8,1,0,0,0,3,1,2,1,39,7,599,1,14,5,2,5
2016360097269,1,9,0,5,0,6,0,0,0,0,3,1,6,3,-1,-1,-1,-1,-1,-1,-1,-1
2016360097269,2,9,0,9,0,8,0,0,0,0,1,1,6,1,26,6,1956,2,7,10,1,10
2016360097270,1,9,0,9,0,5,0,0,0,0,1,1,6,1,-1,-1,1560,2,7,-1,-1,-1
2016360097272,1,9,0,18,0,0,2,0,0,0,3,1,6,2,69,10,1461,2,11,2,1,2
2016360097272,2,9,0,3,0,0,0,0,0,0,2,1,6,2,34,6,1560,2,6,5,3,5
2016360097272,3,9,0,17,0,0,0,0,0,0,1,1,6,1,53,8,2231,2,5,5,3,5
2016360097276,1,9,0,18,0,0,5,10,1,0,4,1,6,1,23,5,1199,1,12,8,2,8
2016360097278,1,9,0,18,0,0,0,0,7,0,3,1,6,2,47,8,1968,2,12,6,2,6
2016360097278,2,9,0,18,0,0,0,0,7,0,3,1,2,2,21,5,1968,2,9,7,3,7
2016360097290,1,21,4,4,0,1,0,0,0,0,1,1,1,1,53,8,12777,2,6,2,1,2
2016360097290,2,9,0,10,0,8,0,0,0,0,2,1,6,2,28,6,1968,2,8,6,2,6
2016360097290,3,9,0,7,0,5,0,0,0,0,1,1,6,1,24,5,1596,1,13,3,3,3
2016360097320,1,9,0,3,0,0,0,0,0,0,2,1,6,1,59,9,796,1,15,6,2,6
2016360097320,2,9,0,18,0,0,0,0,0,0,1,1,6,2,76,11,973,1,15,1,1,1
2016360097325,1,9,0,4,0,1,0,0,0,0,4,1,5,1,66,10,1397,1,13,7,1,7
2016360097325,2,9,0,17,0,1,0,0,0,0,4,1,6,2,48,8,1597,1,22,1,1,1
2016360097328,1,3,0,18,0,1,5,0,0,0,4,1,6,1,22,5,108,1,1,5,2,5
2016360097388,1,19,0,18,0,0,0,0,0,0,4,1,6,1,44,7,1998,2,12,1,1,1
2016360097388,2,9,0,18,0,0,0,0,0,0,3,1,6,1,49,8,-1,-1,-1,2,1,2
2016360097393,1,9,0,18,0,0,0,0,0,0,0,1,5,2,59,9,1598,1,8,-1,-1,-1
2016360097408,1,9,0,18,0,0,0,0,0,0,1,1,6,1,44,7,1997,2,8,-1,-1,-1
2016360097413,1,9,0,18,0,0,0,0,0,0,0,1,6,3,-1,-1,-1,-1,-1,-1,-1,-1
2016360097448,1,9,0,-1,-1,0,0,-1,-1,0,-1,1,6,1,63,9,1997,2,6,8,3,8
2016360097464,1,9,0,18,0,4,0,0,0,0,1,1,6,1,62,9,1968,2,7,2,1,2
2016360097464,2,97,0,18,0,4,2,0,0,0,4,1,6,2,20,4,50,1,10,1,1,1
2016360097474,1,9,0,18,0,0,0,0,0,0,1,1,6,2,30,6,1364,1,1,1,1,1
2016360097481,1,9,5,18,0,1,0,0,0,0,1,1,6,1,66,10,-1,-1,-1,4,1,4
2016360097481,2,9,0,18,0,1,0,0,0,0,2,1,6,1,30,6,1596,1,14,8,1,8
2016360097516,1,-1,0,1,0,0,0,0,0,0,2,1,6,2,-1,-1,-1,-1,-1,-1,-1,-1
2016360097522,1,5,0,18,0,4,2,0,0,0,4,1,6,1,67,10,1800,1,9,-1,-1,-1
2016360097522,2,21,0,18,0,4,0,0,0,0,0,1,1,1,38,7,12900,2,8,7,3,7
2016360097531,1,3,0,17,0,0,2,10,0,0,1,1,6,2,24,5,124,1,10,5,1,5
2016360097561,1,9,5,18,0,1,0,0,0,0,1,1,6,1,30,6,1896,2,14,2,1,2
2016360097561,2,9,0,18,0,1,0,0,0,0,1,1,5,1,53,8,2993,2,6,6,1,6
2016360097561,3,9,0,18,0,1,0,0,0,0,2,1,6,2,47,8,1794,1,16,5,3,5
2016360097580,1,9,0,18,0,0,0,0,0,0,1,1,6,2,72,10,1299,1,12,7,3,7
2016360097580,2,9,0,18,0,0,0,0,0,0,3,1,6,2,65,9,1388,1,13,3,3,3
2016360097580,3,19,0,18,0,0,0,0,0,0,1,1,1,1,47,8,2198,2,1,9,2,9
2016360097599,1,9,0,18,0,0,0,0,1,11,1,1,6,2,51,8,2231,2,4,1,1,1
2016360097654,1,9,0,18,0,1,5,0,0,0,4,1,2,2,20,4,1299,1,19,5,2,5
2016360097665,1,19,0,18,0,0,0,0,0,0,1,1,6,1,47,8,2198,2,10,7,1,7
2016360097665,2,9,0,18,0,0,0,0,0,0,1,1,6,1,64,9,2204,2,8,8,3,8
2016360097691,1,9,0,18,0,1,0,12,0,0,1,1,6,1,72,10,1587,1,10,2,3,2
2016360097691,2,21,1,18,0,2,0,0,0,0,3,1,1,1,65,9,11705,2,7,7,1,7
2016360097694,1,9,0,18,0,0,0,0,0,0,1,1,6,2,35,6,1794,1,14,3,3,3
2016360097694,2,9,0,18,0,0,0,0,0,0,2,1,6,2,31,6,998,1,7,8,1,8
2016360097715,1,9,0,18,0,0,0,0,0,0,1,1,6,2,33,6,1242,1,13,6,2,6
2016360097715,2,1,0,18,0,0,0,0,0,0,2,1,6,1,58,9,-1,-1,-1,6,3,6
2016360097734,1,9,0,18,0,0,0,0,5,6,1,1,6,2,29,6,1587,1,13,5,2,5
2016360097734,2,9,0,18,0,0,0,0,0,0,1,1,1,2,28,6,1598,1,10,7,3,7
2016360097738,1,9,0,18,0,0,0,0,0,0,1,1,6,1,65,9,1197,1,1,3,3,3
2016360097738,2,9,0,18,0,0,0,0,0,0,1,1,5,1,47,8,1991,2,4,6,3,6
2016360097784,1,3,0,18,0,1,0,0,0,0,1,1,6,1,17,4,124,1,-1,5,2,5
2016360097784,2,19,0,9,0,1,0,0,0,0,3,1,6,1,43,7,1998,2,14,-1,-1,-1
2016360097826,1,9,5,18,0,0,0,0,0,0,1,1,6,1,22,5,1781,1,13,5,3,5
2016360097826,2,9,0,18,0,0,0,0,0,0,3,1,6,2,43,7,4134,2,1,6,3,6
2016360097860,1,9,0,5,0,0,0,0,0,0,0,1,6,1,68,10,1229,1,10,8,1,8
2016360097893,1,3,0,17,0,0,1,0,1,0,3,1,6,1,40,7,108,1,-1,4,3,4
2016360097912,1,9,0,18,0,0,0,0,0,0,1,1,6,1,32,6,1124,1,11,4,3,4
2016360097912,2,9,0,18,0,0,0,0,0,0,1,1,6,2,67,10,1968,2,4,9,2,9
2016360097934,1,9,0,18,0,0,0,0,7,2,1,1,6,1,56,9,3969,1,18,9,3,9
2016360097961,1,98,0,5,0,4,0,0,0,0,4,1,6,3,-1,-1,-1,-1,-1,-1,-1,-1
2016360097961,2,9,0,5,0,4,0,0,0,0,3,1,6,2,27,6,1248,2,6,10,1,10
2016360097971,1,9,0,18,6,0,1,0,1,0,1,1,6,2,58,9,1560,2,6,9,2,9
2016360097977,1,9,0,18,0,0,0,0,0,0,-1,1,6,3,-1,-1,-1,-1,-1,-1,-1,-1
2016360097977,2,5,0,3,0,0,0,0,0,0,0,1,6,1,46,8,1135,1,34,7,3,7
2016360097992,1,19,0,18,0,0,0,11,0,0,1,1,1,1,38,7,2143,2,2,3,1,3
2016360097992,2,1,0,18,0,0,0,0,0,0,2,1,6,2,42,7,-1,-1,-1,2,1,2
2016360098005,1,9,0,4,0,1,0,0,0,0,2,1,6,2,59,9,1397,1,18,1,1,1
2016360098005,2,9,0,18,0,1,0,0,0,0,4,1,6,2,28,6,1229,1,8,3,1,3
2016360098014,1,9,0,9,0,8,1,0,0,0,0,1,6,1,28,6,1149,1,12,3,2,3
2016360098036,1,9,0,14,0,1,0,0,0,0,4,1,6,1,37,7,1794,1,14,7,1,7
2016360098036,2,9,0,10,0,1,0,0,0,0,4,1,6,2,22,5,1896,2,10,2,3,2
2016360098040,1,9,0,18,0,0,0,0,1,0,1,1,6,1,46,8,1560,2,5,6,3,6
2016360098050,1,2,0,18,0,1,0,0,0,0,1,1,6,1,16,4,50,1,1,6,2,6
2016360098050,2,9,0,18,0,1,0,0,0,0,2,1,6,2,43,7,1598,1,8,-1,-1,-1
2016360098073,1,9,0,9,0,1,0,0,0,0,3,1,6,2,29,6,1364,1,6,5,3,5
2016360098073,2,1,0,18,0,1,2,0,0,0,1,1,6,1,23,5,-1,-1,-1,2,1,2
2016360098108,1,9,0,9,0,2,0,0,0,0,1,1,6,2,29,6,1598,1,10,3,2,3
2016360098108,2,9,0,18,0,1,0,0,0,0,1,1,6,2,30,6,-1,-1,-1,4,2,4
2016360098116,1,17,2,18,0,0,0,0,0,0,3,1,6,1,65,9,-1,2,7,3,3,3
2016360098116,2,9,4,18,0,0,0,0,0,0,3,1,6,2,42,7,1997,2,13,6,1,6
2016360098135,1,21,1,18,0,1,0,0,0,0,1,1,6,1,50,8,10837,2,5,2,1,2
2016360098135,2,9,0,3,0,1,0,0,0,0,2,1,6,2,63,9,1149,1,4,2,3,2
2016360098145,1,9,0,18,0,1,0,0,0,0,1,1,2,2,51,8,1242,1,5,3,3,3
2016360098147,1,9,0,5,0,0,0,0,0,0,0,1,6,1,77,11,-1,-1,-1,10,1,10
2016360098147,2,9,0,5,0,0,0,0,0,0,2,1,6,1,30,6,1560,2,8,2,1,2
2016360098179,1,9,0,7,0,3,0,0,0,0,4,1,6,1,73,10,1461,2,1,-1,-1,-1
2016360098206,1,5,0,18,0,0,5,0,0,0,1,1,6,1,52,8,1285,1,1,1,1,1
2016360098234,1,9,0,18,0,1,0,0,0,0,1,1,1,2,45,7,-1,-1,-1,7,3,7
2016360098234,2,9,0,18,0,1,0,0,0,0,1,1,6,1,27,6,1590,1,14,6,1,6
2016360098277,1,9,5,18,0,1,0,0,0,0,1,1,6,1,72,10,1998,1,17,5,3,5
2016360098277,2,9,0,4,0,1,0,0,0,0,2,1,6,1,35,6,1896,2,13,6,2,6
2016360098285,1,19,0,1,0,0,0,0,0,0,-1,1,6,1,40,7,1560,2,1,4,3,4
2016360098287,1,9,0,18,0,0,0,0,0,0,1,1,6,1,71,10,4554,1,15,4,3,4
2016360098287,2,1,0,18,0,0,0,0,0,0,-1,1,6,1,14,3,-1,-1,-1,1,1,1
2016360098321,1,9,0,18,0,0,0,0,0,0,4,1,6,1,82,11,1560,2,6,7,1,7
2016360098444,1,19,0,13,0,0,0,0,1,0,1,1,6,1,62,9,1867,2,12,2,1,2
2016360098444,2,9,0,17,0,0,0,0,1,0,1,1,6,1,26,6,2993,2,2,-1,-1,-1
2016360098447,1,9,0,18,0,1,0,0,7,4,3,1,6,2,77,11,1398,2,11,9,1,9
2016360098455,1,9,0,4,0,1,0,0,0,0,1,1,6,1,48,8,1998,1,12,4,3,4
2016360098455,2,9,0,10,0,1,0,0,0,0,2,1,6,1,22,5,1999,1,1,4,1,4
2016360098455,3,9,0,10,0,1,0,0,0,0,2,1,6,1,41,7,1910,2,8,4,3,4
2016360098455,4,9,0,10,0,1,0,0,0,0,2,1,6,2,38,7,1995,2,7,8,1,8
2016360098458,1,9,0,18,0,0,0,0,0,0,1,1,6,2,89,11,1598,1,6,6,1,6
2016360098458,2,3,0,18,0,0,0,0,0,0,2,1,6,1,17,4,124,1,7,5,3,5
2016360098467,1,9,0,17,0,0,1,0,0,0,4,1,6,1,16,4,-1,-1,-1,1,1,1
2016360098467,2,90,0,18,0,0,0,0,0,0,0,1,1,1,39,7,-1,-1,-1,-1,-1,-1
2016360098509,1,21,1,18,0,8,0,0,0,0,1,1,1,1,29,6,12130,2,11,4,1,4
2016360098509,2,9,0,4,0,8,0,0,0,0,2,1,6,2,36,7,2494,1,13,4,2,4
2016360098509,3,9,0,10,0,8,0,0,0,0,2,1,6,1,63,9,1461,2,4,4,3,4
2016360098520,1,9,0,18,0,8,0,0,0,0,3,1,6,2,53,8,1242,1,5,7,1,7
2016360098520,2,9,0,18,0,8,1,0,0,0,3,1,6,1,20,4,2148,2,13,2,1,2
2016360098562,1,9,0,11,0,0,0,0,0,0,3,1,6,1,27,6,1896,2,14,7,1,7
2016360098562,2,1,0,18,0,0,0,0,0,0,1,1,6,2,20,4,-1,-1,-1,6,1,6
2016360098563,1,9,0,18,0,1,0,0,0,0,1,1,6,2,46,8,1973,1,16,3,3,3
2016360098563,2,9,0,18,0,1,0,0,0,0,2,1,1,1,26,6,-1,-1,-1,4,3,4
2016360098563,3,9,0,10,0,1,0,0,0,0,2,1,6,1,74,10,1798,1,2,2,1,2
2016360098620,1,9,0,12,0,0,0,0,0,0,2,1,1,1,28,6,1198,1,1,2,1,2
2016360098620,2,9,0,18,0,0,0,0,4,6,1,1,6,2,46,8,1598,1,6,1,1,1
2016360098682,1,2,0,18,0,1,1,0,0,0,1,1,6,2,16,4,49,1,4,4,3,4
2016360098682,2,9,0,10,0,1,0,0,0,0,2,1,6,2,50,8,3199,1,16,5,2,5
2016360098737,1,1,0,7,0,8,0,0,0,0,1,1,5,1,-1,-1,-1,-1,-1,-1,-1,-1
2016360098737,2,9,0,18,0,8,0,0,0,0,4,1,6,1,54,8,1149,1,13,6,1,6
2016360098739,1,9,0,18,0,2,0,0,0,0,1,1,6,1,69,10,1956,2,5,3,1,3
2016360098739,2,1,0,18,0,2,0,0,0,0,4,1,6,2,21,5,-1,-1,-1,7,1,7
2016360098757,1,23,0,5,0,8,0,0,0,0,4,1,6,2,12,3,-1,-1,-1,-1,-1,-1
2016360098757,2,9,0,4,0,8,0,0,0,0,1,1,6,1,26,6,1461,2,11,10,1,10
2016360098787,1,5,0,15,0,0,0,0,0,0,1,1,6,1,34,6,599,1,14,-1,-1,-1
2016360098831,1,9,0,-1,0,0,0,0,0,0,-1,1,6,3,-1,-1,-1,-1,-1,-1,-1,-1
2016360098831,2,9,0,18,0,0,0,0,0,0,2,1,6,2,50,8,998,1,7,7,1,7
2016360098935,1,9,0,18,0,0,0,0,0,0,4,1,6,2,33,6,1560,2,1,8,1,8
2016360098968,1,21,4,1,0,0,0,0,0,0,2,1,1,1,45,7,10837,2,2,5,3,5
2016360098968,2,2,0,18,0,0,0,0,0,0,1,1,6,1,16,4,50,1,8,5,3,5
2016360098975,1,9,0,18,0,0,0,0,0,0,4,1,6,1,43,7,1560,2,7,7,1,7
2016360099002,1,1,0,18,0,0,0,0,0,0,0,1,6,1,40,7,-1,-1,-1,9,2,9
2016360099008,1,9,0,13,0,2,5,0,0,0,1,1,6,1,22,5,1753,2,14,1,1,1
2016360099008,2,9,0,18,0,2,0,0,0,0,1,1,6,1,56,9,-1,-1,-1,2,1,2
2016360099037,1,9,0,5,0,0,0,0,0,0,2,1,6,3,-1,-1,-1,-1,-1,-1,-1,-1
2016360099037,2,2,0,18,0,0,5,0,0,0,1,1,5,1,16,4,49,1,8,2,1,2
2016360099049,1,4,0,7,0,0,5,0,0,0,4,1,6,1,20,4,400,1,25,1,1,1
2016360099059,1,9,0,1,0,0,0,0,0,0,2,1,5,1,54,8,1991,8,-1,10,1,10
2016360099079,1,9,0,18,0,6,0,0,0,0,1,1,6,1,19,4,1598,1,15,5,3,5
2016360099079,2,9,0,18,0,1,0,0,0,0,1,1,6,1,33,6,1896,2,11,1,1,1
2016360099139,1,9,0,18,0,8,0,0,0,0,4,1,6,2,20,4,1796,2,3,9,1,9