Accident_Index,Vehicle_Reference,Vehicle_Type,Towing_and_Articulation,Vehicle_Manoeuvre,Vehicle_Location-Restricted_Lane,Junction_Location,Skidding_and_Overturning,Hit_Object_in_Carriageway,Vehicle_Leaving_Carriageway,Hit_Object_off_Carriageway,1st_Point_of_Impact,Was_Vehicle_Left_Hand_Drive?,Journey_Purpose_of_Driver,Sex_of_Driver,Age_of_Driver,Age_Band_of_Driver,Engine_Capacity_(CC),Propulsion_Code,Age_of_Vehicle,Driver_IMD_Decile,Driver_Home_Area_Type,Vehicle_IMD_Decile
2016360127115,2,9,0,12,0,7,5,0,0,0,1,1,6,2,28,6,1248,2,5,4,1,4
2016360127115,3,9,0,18,0,1,0,0,0,0,2,1,6,1,48,8,1422,2,2,3,1,3
2016360127115,4,9,0,18,0,1,0,0,0,0,3,1,6,1,30,6,1598,1,-1,8,1,8
2016360127190,1,9,0,9,0,8,0,0,0,0,1,1,6,1,62,9,1598,1,11,2,1,2
2016360127190,2,1,0,18,0,8,0,0,0,0,2,1,6,2,22,5,-1,-1,-1,5,1,5
2016360127210,1,3,0,18,0,8,1,0,0,0,1,1,6,1,15,3,124,1,-1,-1,-1,-1
2016360127210,2,9,0,17,0,8,0,0,0,0,0,1,1,1,46,8,2993,2,1,-1,-1,-1
2016360127288,1,9,0,18,0,1,0,0,0,0,1,1,5,1,32,6,1242,1,20,4,1,4
2016360127497,1,9,0,18,0,1,0,0,0,0,4,1,3,1,37,7,1968,2,10,1,1,1
2016360127497,2,9,0,18,0,1,0,0,0,0,1,1,3,2,38,7,1499,2,-1,3,1,3
2016360127577,1,9,0,18,0,1,0,0,0,0,1,1,5,1,31,6,1998,2,10,4,1,4
2016360127700,1,1,0,18,5,0,0,0,0,0,1,1,6,2,39,7,-1,-1,-1,2,1,2
2016360127710,1,5,0,18,0,0,0,0,0,0,4,1,6,1,23,5,645,1,5,6,3,6
2016360127754,1,9,0,18,0,0,0,0,0,0,1,1,6,1,50,8,2982,2,1,9,3,9
2016360127768,1,9,0,18,0,0,0,0,0,0,3,1,6,3,-1,-1,1299,1,13,-1,-1,-1
2016360127768,2,9,0,1,0,0,0,0,0,0,3,1,5,2,35,6,1242,1,12,1,1,1
2016360127929,1,5,0,18,0,0,0,0,0,0,3,1,6,1,23,5,988,1,13,8,2,8
2016360127955,1,9,0,17,0,0,0,0,0,0,4,1,6,2,61,9,1242,1,12,7,2,7
2016360127955,2,4,0,17,0,0,0,0,0,0,3,1,6,1,27,6,299,1,1,4,2,4
2016360127968,1,9,0,18,0,8,0,0,2,0,3,1,6,1,49,8,2143,2,1,6,2,6
2016360127968,2,9,0,18,0,8,0,0,0,0,1,1,6,2,69,10,-1,-1,-1,4,3,4
2016360128059,1,9,0,18,0,0,1,0,1,4,1,1,5,1,28,6,1398,2,3,5,1,5
2016360128089,1,3,0,18,0,0,1,0,0,0,3,1,5,1,34,6,124,1,5,4,2,4
2016360128121,1,3,0,18,0,1,0,0,0,0,1,1,6,1,27,6,124,1,3,3,2,3
2016360128121,2,9,0,10,0,1,0,0,0,0,4,1,6,1,53,8,1991,2,7,6,2,6
2016360128150,1,9,0,18,0,1,0,0,0,0,2,1,5,2,68,10,1461,2,-1,3,3,3
2016360128150,2,9,0,18,0,1,0,0,0,0,1,1,5,2,56,9,875,1,2,5,3,5
2016360128156,1,9,0,18,0,0,0,0,0,0,1,1,5,1,56,9,2324,1,16,8,1,8
2016360128156,2,9,0,18,0,0,0,0,0,0,2,1,1,1,41,7,1399,2,4,9,3,9
2016360128162,1,9,0,18,0,0,0,0,0,0,1,1,5,1,31,6,1997,1,7,3,1,3
2016360128162,2,9,0,18,0,0,0,0,0,0,1,1,5,1,24,5,1396,1,12,6,3,6
2016360128162,3,9,0,18,0,0,0,0,0,0,1,1,5,1,57,9,-1,-1,-1,1,1,1
2016360128162,4,9,0,18,0,0,0,0,0,0,2,1,5,2,32,6,1598,1,9,6,3,6
2016360128180,1,9,0,13,0,0,5,0,0,0,1,1,6,1,28,6,1990,1,22,6,2,6
2016360128180,2,17,0,18,0,0,5,0,0,0,3,1,1,1,42,7,4500,2,6,4,3,4
2016360128180,4,9,0,18,0,0,0,0,0,0,1,1,6,1,37,7,1900,2,9,3,3,3
2016360128205,1,9,0,18,0,0,0,0,0,0,3,1,6,2,54,8,1560,2,4,2,1,2
2016360128205,2,9,0,18,0,0,0,0,0,0,4,1,6,1,59,9,1398,1,1,10,2,10
2016360128236,1,9,0,9,0,0,0,0,0,0,4,1,5,1,46,8,1197,1,-1,6,1,6
2016360128236,2,4,0,18,0,0,0,0,0,0,1,1,5,1,49,8,-1,-1,-1,6,1,6
2016360128341,1,3,0,13,0,0,0,0,0,0,1,1,6,1,17,4,124,1,12,5,3,5
2016360128341,2,9,0,7,0,0,0,0,0,0,2,1,6,1,58,9,2191,2,1,5,3,5
2016360128363,1,9,0,18,0,0,0,0,0,0,1,1,5,1,23,5,1753,2,8,2,1,2
2016360128363,2,9,0,18,0,0,0,0,0,0,1,1,5,1,57,9,1499,2,2,6,3,6
2016360128365,1,9,0,18,0,1,0,0,0,0,1,1,6,1,29,6,1388,1,13,6,1,6
2016360128365,2,9,0,4,0,1,0,0,0,0,2,1,6,1,21,5,1149,1,10,7,1,7
2016360128365,3,9,0,4,0,1,0,0,0,0,2,1,6,2,29,6,1997,2,1,5,1,5
2016360128384,1,9,0,18,0,0,0,0,0,0,4,1,6,1,57,9,1461,2,9,2,1,2
2016360128384,2,9,0,18,0,0,0,0,0,0,4,1,6,1,46,8,2996,1,9,2,1,2
2016360128402,1,9,0,18,0,8,0,0,0,0,2,1,6,1,21,5,1596,1,15,5,3,5
2016360128408,1,9,0,9,0,8,0,0,0,0,1,1,6,2,59,9,2199,2,4,6,3,6
2016360128408,2,9,0,18,0,1,0,0,0,0,1,1,6,1,58,9,1598,1,6,2,1,2
2016360128521,1,9,0,5,0,1,0,0,0,0,3,1,6,1,49,8,-1,-1,-1,7,2,7
2016360128521,2,1,0,18,0,8,5,0,0,0,1,1,2,1,63,9,-1,-1,-1,4,2,4
2016360128527,1,9,0,18,0,0,0,0,0,0,1,1,6,1,46,8,-1,-1,-1,4,3,4
2016360128661,1,9,0,16,0,0,0,0,0,0,1,1,6,1,20,4,1390,1,9,2,2,2
2016360128715,1,2,0,18,0,0,0,0,0,0,4,1,6,2,16,4,49,1,4,1,1,1
2016360128715,2,9,0,18,0,0,0,0,0,0,2,1,6,1,67,10,1461,2,5,1,1,1
2016360128783,1,9,0,5,0,1,0,0,0,0,3,1,5,1,76,11,1596,1,4,5,3,5
2016360128783,2,9,0,18,0,1,0,0,0,0,1,1,5,2,73,10,1499,2,2,5,1,5
2016360128788,1,9,0,7,0,0,0,0,0,0,0,1,5,1,75,10,1242,1,7,9,2,9
2016360128788,2,9,0,18,0,0,0,0,0,0,3,1,5,2,19,4,1598,2,5,7,3,7
2016360128788,3,9,0,10,0,0,0,0,0,0,3,1,5,2,63,9,1597,2,1,6,3,6
2016360128810,1,9,0,9,0,8,0,0,0,0,1,1,6,1,28,6,998,1,11,3,1,3
2016360128810,2,9,0,16,0,8,0,0,0,0,1,1,6,1,37,7,1242,1,7,7,3,7
2016360128831,1,9,0,18,0,4,0,0,0,0,1,1,6,2,55,8,1398,1,5,6,3,6
2016360128831,2,19,0,18,0,8,0,0,7,0,4,1,6,1,46,8,2198,2,2,1,1,1
2016360128836,1,2,0,13,0,2,0,0,0,0,1,1,6,1,25,5,49,1,5,9,2,9
2016360128836,2,9,0,5,0,1,0,0,0,0,1,1,6,2,26,6,1497,8,4,10,2,10
2016360128836,3,19,0,18,0,1,0,0,0,0,-1,1,6,2,55,8,1686,2,13,9,3,9
2016360128838,1,9,0,18,0,8,0,0,0,0,1,1,6,2,37,7,999,1,4,6,2,6
2016360128838,2,2,0,18,0,8,0,0,0,0,1,1,6,1,19,4,-1,-1,-1,3,3,3
2016360128843,1,9,0,18,0,0,0,0,0,0,1,1,6,1,84,11,1596,1,-1,5,1,5
2016360128843,2,21,1,18,0,0,0,0,0,0,3,1,6,1,45,7,12777,2,5,3,3,3
2016360128843,3,21,1,18,0,0,0,0,0,0,1,1,6,1,50,8,12809,2,-1,2,1,2
2016360128850,1,9,0,9,0,8,0,0,0,0,4,1,5,1,32,6,2179,2,2,7,1,7
2016360128850,2,4,0,18,0,8,5,0,0,0,1,1,6,1,26,6,450,1,-1,4,1,4
2016360128871,1,9,0,18,0,0,0,0,0,0,1,1,6,1,24,5,1596,1,15,7,3,7
2016360128871,2,20,0,4,0,0,0,0,0,0,1,1,6,1,38,7,4461,2,8,10,1,10
2016360128885,1,9,0,13,0,0,1,0,7,0,1,1,5,1,20,4,1590,1,18,1,1,1
2016360128885,2,19,0,18,0,0,0,0,7,0,1,1,5,1,48,8,2500,2,11,7,1,7
2016360128901,1,9,0,9,0,1,0,0,0,0,1,1,6,1,34,6,-1,-1,-1,1,1,1
2016360128901,2,9,0,18,0,8,0,0,0,0,1,1,6,2,28,6,1246,1,8,-1,-1,-1
2016360128907,1,19,0,18,0,1,0,0,0,0,3,1,6,1,31,6,1560,2,1,3,2,3
2016360128907,2,9,0,18,0,1,0,0,0,0,3,1,6,2,52,8,2143,2,4,4,3,4
2016360128922,1,9,0,3,0,1,0,0,0,0,3,1,6,2,50,8,2470,2,23,6,3,6
2016360128922,2,1,0,18,0,1,0,0,0,0,1,1,4,1,14,3,-1,-1,-1,5,1,5
2016360128944,1,9,0,18,0,0,0,0,1,0,4,1,6,2,37,7,1598,1,2,5,1,5
2016360128981,1,9,0,9,0,0,0,0,0,0,2,1,6,2,22,5,-1,-1,-1,9,1,9
2016360128981,2,9,0,14,0,0,0,0,0,0,1,1,1,2,-1,-1,1560,2,4,-1,-1,-1
2016360128995,1,19,0,3,0,0,0,0,0,0,1,1,6,1,23,5,2198,2,-1,4,1,4
2016360128995,2,98,0,18,0,0,0,0,0,0,1,1,6,2,37,7,-1,-1,-1,10,1,10
2016360128995,3,9,0,18,0,0,0,0,0,0,2,1,6,2,74,10,1198,1,-1,5,3,5
2016360129056,1,9,0,18,0,0,0,0,0,0,1,1,2,1,25,5,999,1,3,1,1,1
2016360129056,2,22,0,5,0,0,0,0,0,0,2,1,5,1,78,11,-1,-1,-1,1,1,1
2016360129157,1,9,0,1,5,0,0,0,0,0,0,1,6,1,38,7,1560,2,4,5,2,5
2016360129157,2,1,0,18,0,0,0,0,0,0,1,1,6,1,46,8,-1,-1,-1,9,2,9
2016360129189,1,9,0,17,0,0,0,0,0,0,1,1,6,1,61,9,1560,2,11,7,2,7
2016360129189,2,9,0,16,0,0,0,0,0,0,1,1,6,1,39,7,1984,1,2,4,2,4
2016360129216,1,9,0,9,0,7,0,0,0,0,1,1,6,2,23,5,1339,1,10,5,1,5
2016360129216,2,9,0,18,0,1,0,0,0,0,1,1,6,2,48,8,1461,2,4,7,3,7
2016360129269,1,98,0,18,0,1,0,0,0,0,1,1,6,3,-1,-1,-1,-1,-1,-1,-1,-1
2016360129269,2,9,0,18,0,1,0,0,0,0,2,1,6,1,22,5,-1,-1,-1,6,2,6
2016360129278,1,9,0,18,0,0,0,0,7,0,3,1,2,1,38,7,1597,2,3,-1,-1,-1
2016360129278,2,17,0,18,0,0,0,0,0,0,3,1,1,1,28,6,6600,2,6,7,3,7
2016360129332,1,9,0,18,0,1,0,0,0,0,1,1,6,2,59,9,1956,2,2,6,3,6
2016360129332,2,9,0,18,0,8,0,0,0,0,4,1,6,2,35,6,1598,2,-1,2,1,2
2016360129395,1,9,0,18,0,0,0,0,7,0,1,1,6,1,-1,-1,-1,-1,-1,5,3,5
2016360129395,2,9,0,2,0,0,0,0,0,0,1,1,6,3,-1,-1,-1,-1,-1,-1,-1,-1
2016360129395,3,9,0,18,0,0,0,4,0,0,1,1,6,3,-1,-1,-1,-1,-1,-1,-1,-1
2016360129429,1,9,0,5,0,8,0,0,0,0,1,1,6,1,34,6,1896,2,10,4,3,4
2016360129429,2,1,0,10,0,8,0,0,0,0,1,1,6,1,17,4,-1,-1,-1,5,1,5
2016360129437,1,9,0,18,0,0,0,0,0,0,1,1,6,1,35,6,1590,1,17,3,1,3
2016360129443,1,9,0,18,0,1,0,0,0,0,1,1,6,1,19,4,1229,1,1,5,1,5
2016360129443,2,3,0,18,0,1,0,0,0,0,2,1,6,2,17,4,49,1,3,2,1,2
2016360129448,1,98,0,16,0,0,0,0,0,0,0,1,1,3,-1,-1,-1,-1,-1,-1,-1,-1
2016360129448,2,11,0,17,0,0,0,0,0,0,0,1,1,1,53,8,6374,2,7,2,1,2
2016360129449,1,9,0,17,0,0,0,0,0,0,1,1,6,1,21,5,1199,1,13,5,3,5
2016360129449,2,9,0,16,0,0,0,0,0,0,0,1,6,1,26,6,2926,2,14,4,2,4
2016360129477,1,9,0,9,0,1,0,0,0,0,3,1,6,2,19,4,1360,1,13,6,2,6
2016360129477,2,1,0,18,0,1,0,0,0,0,1,1,5,1,48,8,-1,-1,-1,6,1,6
2016360129483,1,9,0,18,0,0,0,0,0,0,1,1,6,2,54,8,1198,1,1,5,3,5
2016360129483,2,9,0,18,0,0,0,0,0,0,2,1,6,1,57,9,-1,-1,-1,5,3,5
2016360129483,3,9,0,18,0,0,0,0,0,0,1,1,6,1,35,6,1598,1,7,6,2,6
2016360129483,4,9,0,18,0,0,0,0,0,0,2,1,6,1,50,8,1242,1,3,4,3,4
2016360129502,1,9,0,5,0,8,2,0,2,0,1,1,6,1,49,8,2143,2,1,4,2,4
2016360129502,2,9,0,18,0,8,0,0,0,0,1,1,6,1,31,6,-1,-1,-1,5,3,5
2016360129519,1,5,0,18,0,0,1,0,1,0,-1,1,6,1,53,8,572,1,32,10,2,10
2016360129521,1,9,0,18,0,0,0,0,0,0,1,1,6,1,84,11,1560,2,7,5,1,5
2016360129575,1,9,0,18,0,8,5,0,1,10,4,1,6,1,17,4,1398,2,14,5,3,5
2016360129601,1,9,0,1,0,0,0,0,0,0,2,1,6,1,56,9,-1,-1,-1,2,1,2
2016360129601,2,9,0,1,0,0,0,0,0,0,2,1,6,2,25,5,1997,2,14,1,1,1
2016360129655,1,9,0,18,0,0,0,0,0,0,1,1,2,2,40,7,1242,1,8,3,2,3
2016360129655,2,9,0,17,0,0,0,0,0,0,1,1,5,1,69,10,998,1,-1,6,1,6
2016360129683,1,9,0,5,0,2,0,0,0,0,3,1,5,2,18,4,998,1,-1,7,3,7
2016360129683,2,9,0,18,0,8,0,0,0,0,1,1,6,1,65,9,2830,2,22,3,3,3
2016360129747,1,9,0,18,0,1,0,0,0,0,4,1,6,1,20,4,996,1,5,7,2,7
2016360129747,2,19,0,18,0,1,0,0,0,0,1,1,6,1,46,8,1560,2,-1,6,2,6
2016360129807,1,9,0,18,0,0,0,0,0,0,1,1,6,3,-1,-1,-1,-1,-1,-1,-1,-1
2016360129807,2,1,0,18,9,0,5,0,0,0,2,1,1,2,14,3,-1,-1,-1,6,2,6
2016360129821,1,9,0,9,0,2,0,0,0,0,1,1,6,2,49,8,1560,2,1,3,3,3
2016360129821,2,19,0,18,0,1,0,0,0,0,1,1,6,1,46,8,2179,2,12,5,3,5
2016360129893,1,9,0,16,0,0,2,0,7,0,3,1,6,1,20,4,1679,1,18,-1,-1,-1
2016360129907,1,9,0,1,0,0,0,0,0,0,2,1,2,2,44,7,1242,1,-1,4,2,4
2016360129907,2,19,0,2,0,0,0,4,0,0,1,1,5,1,39,7,1796,7,10,4,1,4
2016360129908,1,9,0,4,0,0,0,0,0,0,1,1,6,1,70,10,998,1,2,7,1,7
2016360129908,2,19,0,1,0,0,0,0,1,0,2,1,6,1,45,7,2402,2,10,7,1,7
2016360129935,1,4,0,18,0,0,0,0,0,0,1,1,6,1,62,9,499,1,15,1,1,1
2016360129935,2,9,0,18,0,0,0,0,0,0,1,1,6,1,69,10,-1,-1,-1,1,1,1
2016360129935,3,9,0,18,0,0,0,0,0,0,1,1,6,1,47,8,-1,-1,-1,5,3,5
2016360129936,1,9,0,18,0,0,1,0,7,0,1,1,6,2,79,11,1388,1,13,5,3,5
2016360129936,2,9,0,2,0,0,0,0,0,0,3,1,6,3,-1,-1,-1,-1,-1,-1,-1,-1
2016360129938,1,9,0,18,0,0,0,0,0,0,1,1,6,2,41,7,1248,2,10,4,3,4
2016360129938,2,9,0,18,0,0,0,0,0,0,1,1,6,2,43,7,1999,1,11,6,2,6
2016360129953,1,9,0,3,0,0,0,0,0,0,1,1,6,2,35,6,1995,2,11,7,1,7
2016360129953,2,9,0,4,0,0,0,0,0,0,2,1,6,2,35,6,1587,1,10,4,3,4
2016360129977,1,9,0,18,0,0,0,0,0,0,4,1,6,1,25,5,-1,-1,-1,7,2,7
2016360129988,1,9,0,18,0,1,0,0,7,4,1,1,6,1,21,5,1997,2,2,7,3,7
2016360129988,2,9,0,18,0,1,0,0,0,0,3,1,6,1,30,6,2959,2,9,5,2,5
2016360129988,3,9,0,4,0,1,0,0,0,0,2,1,6,1,30,6,1994,1,13,7,3,7
2016360130003,1,9,0,18,0,3,0,0,0,0,1,1,6,1,32,6,1968,2,-1,3,1,3
2016360130003,2,90,0,18,0,1,0,0,0,0,1,1,1,1,51,8,-1,-1,-1,4,1,4
2016360130032,1,9,0,7,0,1,0,0,0,0,1,1,6,1,51,8,1595,1,9,9,1,9
2016360130032,2,1,0,18,0,1,0,0,0,0,1,1,6,2,18,4,-1,-1,-1,1,1,1
2016360130057,1,1,0,18,9,1,0,0,0,0,1,1,6,1,25,5,-1,-1,-1,9,2,9
2016360130085,1,9,0,2,0,0,0,4,0,0,0,1,6,1,72,10,1149,1,7,4,3,4
2016360130085,2,1,0,18,0,0,5,0,0,0,0,1,6,1,85,11,-1,-1,-1,4,2,4
2016360130120,1,9,0,18,0,1,0,0,0,0,3,1,6,1,-1,-1,1686,2,6,6,1,6
2016360130120,2,9,0,18,0,1,0,0,0,0,3,1,6,2,26,6,1343,1,16,8,1,8
2016360130174,1,9,0,18,0,0,5,0,1,0,4,1,5,2,20,4,1199,1,14,7,3,7
2016360130198,1,11,0,4,2,0,0,0,0,0,3,1,1,3,-1,-1,-1,-1,-1,-1,-1,-1
2016360130211,1,9,0,16,0,1,0,0,1,2,1,1,5,1,17,4,1360,1,15,7,1,7
2016360130222,1,9,0,18,0,1,0,0,0,0,1,1,6,2,45,7,1396,1,12,7,2,7
2016360130222,2,9,0,4,0,1,0,0,0,0,2,1,6,1,24,5,1560,2,5,9,1,9
2016360130222,3,9,0,4,0,1,0,0,0,0,1,1,6,1,48,8,1998,1,10,7,2,7
2016360130222,4,9,0,3,0,1,0,0,0,0,2,1,6,2,30,6,1799,1,6,6,3,6
2016360130266,1,9,0,18,0,1,0,0,0,0,3,1,6,1,46,8,1686,2,12,9,1,9
2016360130266,2,1,0,7,0,1,0,0,0,0,4,1,6,1,52,8,-1,-1,-1,9,1,9
2016360130281,1,9,0,18,0,1,0,0,0,0,1,1,5,2,34,6,1598,1,13,6,1,6
2016360130281,2,9,0,4,0,1,0,0,0,0,2,1,5,1,39,7,1149,1,9,3,1,3
2016360130329,1,9,0,7,0,1,0,0,0,0,1,1,6,1,23,5,1398,8,2,4,1,4
2016360130329,2,1,0,18,0,1,1,0,0,0,1,1,6,1,30,6,-1,-1,-1,-1,-1,-1
2016360130340,1,19,0,10,0,1,0,0,0,0,1,1,6,1,20,4,2198,2,4,6,3,6
2016360130340,2,9,0,18,0,1,0,0,0,0,3,1,6,1,71,10,1497,8,7,6,2,6
2016360130381,1,9,0,4,0,1,0,0,0,0,1,1,6,2,30,6,1968,2,-1,4,3,4
2016360130381,2,9,0,18,0,1,0,0,0,0,2,1,6,2,24,5,1956,2,4,6,2,6
2016360130381,3,9,0,18,0,1,0,0,0,0,2,1,6,1,31,6,1598,2,4,5,3,5
2016360130432,1,9,0,18,0,1,0,0,0,0,1,1,6,3,70,10,-1,-1,-1,-1,-1,-1
2016360130440,1,9,0,18,0,0,0,0,0,0,1,1,6,1,44,7,1905,2,18,7,1,7
2016360130524,1,9,0,4,0,0,0,0,0,0,0,1,6,1,58,9,1199,1,13,1,1,1
2016360130524,2,2,0,4,0,0,0,0,0,0,0,1,6,1,16,4,50,1,2,3,3,3
2016360130575,1,98,0,14,0,1,0,0,0,0,0,1,6,3,-1,-1,-1,-1,-1,-1,-1,-1
2016360130575,2,1,0,18,0,2,0,0,0,0,0,1,6,1,33,6,-1,-1,-1,5,3,5
2016360130587,1,9,0,18,0,0,0,0,0,0,4,1,6,3,-1,-1,-1,-1,-1,-1,-1,-1
2016360130587,2,1,0,18,0,0,0,0,0,0,3,1,6,1,33,6,-1,-1,-1,3,1,3
2016360130603,1,9,0,7,0,1,0,0,0,0,1,1,5,2,35,6,1598,1,11,2,1,2
2016360130619,1,9,0,18,0,0,0,0,0,0,4,1,1,1,40,7,2143,2,3,4,1,4
2016360130619,2,3,0,18,0,0,0,0,0,0,1,1,2,1,17,4,123,1,-1,10,1,10
2016360130629,1,9,0,5,5,0,0,0,0,0,4,1,1,2,29,6,1997,2,13,5,2,5
2016360130629,2,1,0,18,5,0,0,0,0,0,1,1,5,1,73,10,-1,-1,-1,5,3,5
2016360130684,1,9,0,9,0,2,0,0,0,0,3,1,6,2,-1,-1,-1,-1,-1,-1,-1,-1
2016360130706,1,3,0,18,0,0,1,0,1,0,4,1,6,1,53,8,125,1,8,5,2,5
2016360130708,1,9,0,18,0,0,1,0,0,0,1,1,6,1,62,9,1999,1,10,-1,-1,-1
2016360130708,2,17,4,18,0,0,0,0,0,0,1,1,1,1,29,6,6124,2,6,6,1,6
2016360130711,1,9,0,18,0,0,0,0,0,0,1,1,5,2,28,6,1598,1,7,5,1,5
2016360130711,2,9,0,4,0,0,0,0,0,0,2,1,5,1,69,10,1997,2,3,6,2,6
2016360130900,1,9,0,9,0,0,0,0,0,0,0,1,6,3,-1,-1,-1,-1,-1,-1,-1,-1
2016360130900,2,3,0,18,0,0,0,0,0,0,4,1,1,2,19,4,124,1,4,2,2,2
2016360130902,1,9,0,9,0,2,0,0,0,0,1,1,6,1,71,10,1248,1,2,6,1,6
2016360130902,2,9,0,18,0,1,0,0,0,0,1,1,6,2,31,6,1968,2,-1,5,3,5
2016360130950,1,9,0,18,0,0,0,0,0,0,1,1,5,1,81,11,1560,2,6,8,3,8
2016360130950,2,9,0,10,0,0,0,0,0,0,2,1,2,1,55,8,1086,1,7,7,3,7
2016360130986,1,9,0,-1,-1,-1,0,0,0,0,1,1,6,1,69,10,1990,1,15,4,3,4
2016360130986,2,9,0,-1,-1,-1,0,0,0,0,-1,1,6,1,59,9,1951,2,11,8,2,8
2016360131032,1,9,0,18,0,1,0,0,0,0,1,1,5,1,17,4,1798,1,9,5,3,5
2016360131032,2,9,0,18,0,1,0,0,0,0,2,1,5,2,38,7,1984,1,-1,6,2,6
2016360131149,1,-1,0,-1,-1,0,0,-1,-1,0,-1,1,6,3,-1,-1,-1,-1,-1,-1,-1,-1
2016360131392,1,9,0,18,0,0,0,0,0,0,4,1,6,1,26,6,-1,-1,-1,9,1,9
2016360131716,1,9,0,-1,0,0,0,0,0,0,-1,1,6,3,-1,-1,-1,-1,-1,-1,-1,-1
2016360131716,2,1,0,-1,0,0,0,0,0,0,-1,1,6,1,50,8,-1,-1,-1,1,1,1
2016360131740,1,9,5,18,0,1,0,0,0,0,3,1,6,2,29,6,1349,1,6,5,1,5
2016360131740,2,9,5,18,0,1,0,0,0,0,1,1,6,1,47,8,1753,2,10,1,1,1
2016360131794,1,3,0,4,0,1,1,0,0,0,1,1,2,1,17,4,124,1,5,6,3,6
2016360131794,2,9,0,4,0,1,0,0,0,0,2,1,2,2,27,6,1997,2,2,5,3,5
2016360131852,1,1,0,18,0,1,0,0,0,0,0,1,5,1,67,10,-1,-1,-1,5,3,5
2016360131872,1,9,0,5,0,8,0,0,0,0,4,1,6,1,29,6,3200,2,12,9,1,9
2016360131920,1,9,0,4,0,0,1,10,0,0,1,1,6,1,47,8,1868,2,17,2,1,2
2016360131920,2,9,0,4,0,0,0,0,0,0,1,1,6,1,55,8,-1,-1,-1,7,3,7
2016360131932,1,9,0,18,0,0,2,10,0,0,4,1,6,2,23,5,-1,-1,-1,4,3,4
2016360132051,1,9,0,9,0,8,0,0,0,0,1,1,6,1,-1,-1,-1,-1,-1,-1,-1,-1
2016360132127,1,9,0,4,0,1,0,0,0,0,1,1,6,1,62,9,2688,2,15,3,2,3
2016360132127,2,9,0,8,0,1,0,0,0,0,2,1,6,2,32,6,1598,1,5,2,1,2
2016360132162,1,9,0,4,0,1,1,0,0,0,1,1,6,1,23,5,-1,-1,-1,1,1,1
2016360132162,2,98,0,4,0,1,0,0,0,0,2,1,6,1,24,5,-1,-1,-1,9,1,9
2016360132192,1,9,0,4,0,1,0,0,0,0,1,1,5,2,59,9,1299,1,17,-1,-1,-1
2016360132192,2,9,0,4,0,1,0,0,0,0,2,1,5,2,31,6,1896,2,8,3,1,3
2016360132220,1,9,0,9,0,1,0,0,0,0,1,1,6,2,76,11,1329,1,5,8,1,8
2016360132220,2,97,0,3,0,1,0,0,0,0,1,1,6,1,23,5,-1,-1,-1,1,1,1
2016360132301,1,9,0,5,0,0,0,0,0,0,3,1,6,1,58,9,1753,2,8,5,3,5
2016360132329,1,9,0,5,0,0,0,0,0,0,0,1,6,1,75,10,1896,2,8,9,1,9
2016360132330,1,3,0,18,0,1,0,0,0,0,3,1,6,1,46,8,123,1,1,2,1,2
2016360132359,1,9,0,-1,0,0,0,0,0,0,-1,1,6,1,46,8,-1,-1,-1,1,1,1
2016360132374,1,9,0,18,0,8,0,0,0,0,1,1,5,2,44,7,1498,1,-1,2,1,2
2016360132374,2,9,0,18,0,8,0,0,0,0,1,1,6,2,35,6,1598,2,1,9,1,9
2016360132476,1,3,0,18,0,0,1,0,0,0,4,1,5,1,18,4,100,1,14,4,1,4
2016360132476,2,9,0,18,0,0,0,0,0,0,1,1,6,1,69,10,-1,-1,-1,4,1,4
2016360132514,1,9,0,16,0,0,1,0,1,9,0,1,2,2,63,9,1700,1,16,6,3,6
2016360132514,2,9,0,16,0,0,1,0,1,0,0,1,2,1,29,6,1229,1,9,2,1,2
2016360132521,1,9,0,4,0,0,0,0,0,0,1,1,2,2,21,5,-1,-1,-1,5,1,5
2016360132521,2,9,0,4,0,0,0,0,0,0,2,1,2,2,43,7,1499,1,-1,7,3,7
2016360132521,3,9,0,4,0,0,0,0,0,0,2,1,5,2,28,6,1598,2,1,1,1,1
2016360132547,1,9,0,18,0,0,1,0,1,0,1,1,6,1,37,7,1995,2,2,-1,-1,-1
2016360132773,1,9,0,7,0,3,0,0,0,0,3,1,5,1,76,11,1343,1,11,7,3,7
2016360132773,2,90,1,18,0,1,0,0,0,0,4,1,1,1,45,7,-1,-1,-1,6,1,6
2016360132813,1,9,0,9,0,0,0,0,0,0,4,1,6,1,-1,-1,1797,8,6,7,1,7
2016360132813,2,1,0,18,0,0,0,0,0,0,1,1,2,1,-1,-1,-1,-1,-1,5,3,5
2016360132940,1,9,0,5,0,8,0,0,0,0,1,1,5,2,73,10,1339,1,4,6,3,6
2016360132940,2,21,1,18,0,1,0,0,0,0,4,1,1,1,51,8,12740,2,1,5,3,5
2016360132991,1,9,0,9,0,1,0,0,0,0,1,1,6,1,67,10,1997,2,12,4,3,4
2016360133220,1,9,0,18,0,0,0,0,0,0,4,1,6,1,-1,-1,-1,-1,-1,-1,-1,-1
2016360133220,2,9,0,18,0,0,0,0,0,0,1,1,5,2,17,4,1198,1,10,4,3,4
2016360133504,1,9,0,9,0,8,0,0,0,0,1,1,6,2,80,11,996,1,7,5,2,5