Accident_Index,Vehicle_Reference,Vehicle_Type,Towing_and_Articulation,Vehicle_Manoeuvre,Vehicle_Location-Restricted_Lane,Junction_Location,Skidding_and_Overturning,Hit_Object_in_Carriageway,Vehicle_Leaving_Carriageway,Hit_Object_off_Carriageway,1st_Point_of_Impact,Was_Vehicle_Left_Hand_Drive?,Journey_Purpose_of_Driver,Sex_of_Driver,Age_of_Driver,Age_Band_of_Driver,Engine_Capacity_(CC),Propulsion_Code,Age_of_Vehicle,Driver_IMD_Decile,Driver_Home_Area_Type,Vehicle_IMD_Decile
2016370044080,2,9,0,18,0,1,0,0,0,0,1,1,6,2,58,9,-1,-1,-1,5,3,5
2016370044127,1,9,0,16,0,0,0,0,1,0,1,1,6,2,54,8,1560,2,8,6,3,6
2016370044160,1,19,0,18,0,0,1,0,0,0,1,1,6,1,21,5,2402,2,14,9,2,9
2016370044160,2,9,0,18,0,0,0,0,0,0,2,1,6,1,37,7,1461,2,8,7,2,7
2016370044204,1,21,1,18,0,0,0,0,0,0,1,1,6,1,27,6,12900,2,7,5,1,5
2016370044204,2,19,0,18,0,0,0,0,0,0,2,1,6,1,30,6,2402,2,9,7,3,7
2016370044204,3,9,0,18,0,0,0,0,0,0,2,1,6,2,42,7,1997,2,12,10,1,10
2016370044204,4,9,0,18,0,0,0,0,0,0,2,1,6,2,45,7,1598,2,1,8,3,8
2016370044423,1,9,0,18,0,0,0,0,0,0,1,1,6,2,20,4,1390,1,7,9,1,9
2016370044423,2,9,0,4,0,0,0,0,0,0,2,1,6,2,50,8,1598,1,12,5,1,5
2016370044430,1,9,0,9,0,1,0,0,0,0,1,1,6,1,31,6,1560,2,1,1,1,1
2016370044430,2,3,0,18,0,1,0,0,0,0,1,1,6,1,18,4,124,1,16,1,1,1
2016370044445,1,2,0,18,0,0,0,0,0,0,1,1,6,1,42,7,-1,-1,-1,-1,-1,-1
2016370044445,2,97,0,18,0,0,0,0,0,0,1,1,6,1,27,6,-1,-1,-1,-1,-1,-1
2016370044553,1,21,1,18,0,0,0,0,0,0,1,1,6,1,58,9,12902,2,3,3,1,3
2016370044553,2,9,0,13,0,0,0,0,1,9,2,1,6,1,31,6,1242,1,17,8,3,8
2016370044553,3,9,0,18,0,0,0,0,0,0,4,1,6,1,63,9,1995,2,3,5,2,5
2016370044553,4,9,0,18,0,0,0,0,0,0,3,1,6,2,19,4,1199,1,14,7,2,7
2016370044553,5,9,0,2,0,0,0,0,0,0,2,1,6,2,35,6,1968,2,4,10,1,10
2016370044792,1,9,0,18,0,0,1,0,0,0,1,1,6,1,47,8,1587,1,13,6,1,6
2016370044792,2,9,0,18,0,0,0,0,0,0,1,1,6,1,47,8,998,1,3,2,1,2
2016370044862,1,9,0,18,0,0,1,10,1,0,1,1,6,1,26,6,1349,1,7,7,3,7
2016370044862,2,9,0,18,0,0,0,0,0,0,2,1,6,1,27,6,1598,1,2,7,3,7
2016370044934,1,9,0,18,0,0,0,0,0,0,4,1,5,1,43,7,1598,1,8,6,2,6
2016370044974,1,9,0,9,0,0,0,0,0,0,3,1,6,1,34,6,1998,1,1,2,1,2
2016370044974,2,1,0,18,0,0,0,0,0,0,1,1,6,1,28,6,-1,-1,-1,4,1,4
2016370044995,1,9,0,18,0,0,0,0,0,0,3,1,6,1,51,8,989,1,11,10,1,10
2016370044995,2,98,1,18,0,0,0,0,0,0,1,1,6,1,40,7,-1,-1,-1,-1,-1,-1
2016370044997,1,9,0,18,0,1,1,0,0,0,1,1,6,1,26,6,1590,1,19,2,1,2
2016370044997,2,9,0,3,0,1,0,0,0,0,2,1,6,1,33,6,2494,1,12,9,1,9
2016370045007,1,19,0,5,0,6,0,0,0,0,1,1,6,2,47,8,2143,2,1,7,1,7
2016370045007,2,3,0,15,2,1,0,0,1,0,1,1,1,1,17,4,125,1,4,1,1,1
2016370045033,1,19,0,9,0,0,0,0,0,0,4,1,6,1,40,7,2198,2,1,5,3,5
2016370045033,2,9,0,18,0,0,0,0,0,0,1,1,6,1,26,6,-1,-1,-1,4,1,4
2016370045056,1,9,0,18,0,0,0,0,1,0,1,1,6,2,43,7,1598,1,3,1,1,1
2016370045056,2,9,0,7,0,0,0,0,1,0,1,1,6,2,45,7,1896,2,10,10,2,10
2016370045292,1,9,0,5,0,0,0,0,0,0,1,1,6,1,44,7,2179,2,4,4,1,4
2016370045292,2,9,0,18,0,0,0,0,0,0,1,1,6,1,23,5,-1,-1,-1,5,1,5
2016370045335,2,9,0,18,0,0,0,0,0,0,1,1,6,1,47,8,1870,2,6,9,2,9
2016370045454,1,22,0,18,9,1,0,0,0,0,1,1,6,1,63,9,-1,-1,-1,6,1,6
2016370045539,1,90,1,2,9,1,0,0,0,0,1,1,1,1,33,6,-1,-1,-1,6,2,6
2016370045562,1,9,0,18,0,0,0,12,1,3,1,1,6,1,50,8,-1,-1,-1,6,3,6
2016370045572,1,22,0,5,9,0,0,0,0,0,1,1,6,1,56,9,-1,-1,-1,7,1,7
2016370045579,1,9,0,18,0,0,0,0,0,0,1,1,6,2,64,9,1598,1,3,2,1,2
2016370045600,1,9,0,18,0,0,0,0,1,3,1,1,6,1,69,10,1598,2,4,10,2,10
2016370045617,1,9,0,9,0,8,0,0,0,0,2,1,6,1,21,5,1360,1,13,3,1,3
2016370045617,2,9,0,18,0,4,0,0,0,0,1,1,6,1,36,7,1997,2,10,10,3,10
2016370045623,1,9,0,18,0,0,5,11,0,0,1,1,1,1,35,6,1997,2,2,9,1,9
2016370045809,1,9,0,5,0,3,0,0,0,0,1,1,6,2,66,10,1124,1,14,6,3,6
2016370045809,2,9,0,5,0,3,0,0,0,0,4,1,6,2,18,4,1199,1,13,5,3,5
2016370046252,1,98,0,18,0,0,0,0,0,0,1,1,6,3,-1,-1,-1,-1,-1,-1,-1,-1
2016370046252,2,1,0,3,0,0,0,0,0,0,1,1,6,1,28,6,-1,-1,-1,7,1,7
2016370046566,1,9,0,18,0,0,0,0,0,0,1,1,6,1,17,4,1753,2,8,6,3,6
2016370046566,2,19,0,18,0,0,0,0,0,0,2,1,6,1,56,9,2143,2,2,8,2,8
2016370046852,1,9,0,18,0,1,0,0,0,0,1,1,6,1,49,8,1968,2,1,8,3,8
2016370046852,2,9,0,9,0,3,0,0,0,0,4,1,6,1,20,4,1461,2,12,6,3,6
2016370046861,1,9,0,15,0,0,5,0,0,0,3,1,6,1,22,5,-1,-1,-1,10,2,10
2016370047039,1,98,0,1,0,1,0,0,0,0,2,1,6,3,-1,-1,-1,-1,-1,-1,-1,-1
2016370047070,1,9,0,4,0,0,0,0,0,0,2,1,6,1,45,7,1968,2,2,10,1,10
2016370047070,2,9,0,4,0,0,0,0,0,0,1,1,6,2,36,7,1390,1,6,6,1,6
2016370047070,3,9,0,4,0,0,0,0,0,0,2,1,6,1,51,8,2143,2,3,8,3,8
2016370047070,4,9,0,4,0,0,0,0,0,0,1,1,6,1,23,5,1198,1,6,10,1,10
2016370047070,5,9,0,4,0,0,0,0,0,0,1,1,6,1,47,8,1968,2,3,9,1,9
2016370047070,6,9,0,4,0,0,0,0,0,0,1,1,6,1,25,5,1595,1,3,6,3,6
2016370047070,7,9,0,4,0,0,0,0,0,0,1,1,6,2,26,6,1598,1,13,6,3,6
2016370047089,1,3,0,18,0,0,1,0,0,0,0,1,6,1,17,4,124,1,11,4,3,4
2016370047099,1,9,0,17,0,0,0,0,1,0,4,1,6,1,20,4,1988,1,14,6,2,6
2016370047121,1,9,0,18,0,0,5,0,7,0,3,1,6,1,48,8,1834,1,18,7,1,7
2016370047138,1,9,0,18,0,0,1,0,0,0,1,1,6,1,53,8,1599,1,13,9,1,9
2016370047138,2,9,0,17,0,0,0,0,0,0,2,1,6,1,21,5,1560,2,7,4,2,4
2016370047141,1,9,0,18,0,0,0,0,0,0,1,1,6,2,24,5,1124,1,14,5,1,5
2016370047141,2,9,0,4,0,0,0,0,0,0,2,1,6,1,36,7,1598,1,11,2,1,2
2016370047141,3,9,0,4,0,0,0,0,0,0,2,1,6,1,78,11,3200,2,12,5,3,5
2016370047257,1,9,0,18,0,8,0,0,0,0,1,1,6,2,45,7,1248,1,1,5,2,5
2016370047257,2,9,0,18,0,1,0,0,0,0,1,1,6,2,66,10,1984,2,4,7,3,7
2016370047313,1,9,0,18,0,0,0,0,0,0,1,1,6,1,82,11,3222,2,13,6,1,6
2016370047313,2,9,0,18,0,0,1,0,0,0,2,1,6,1,29,6,1968,2,3,9,3,9
2016370047485,1,9,0,18,0,1,0,0,0,0,3,1,6,1,58,9,1999,2,-1,9,1,9
2016370047485,2,1,0,16,0,1,0,0,0,0,0,1,6,1,53,8,-1,-1,-1,9,1,9
2016370047504,1,9,0,18,0,0,0,12,1,0,0,1,6,2,28,6,1149,1,15,3,2,3
2016370047927,1,9,0,18,0,3,0,0,0,0,1,1,6,1,37,7,1796,1,11,1,1,1
2016370047927,2,9,0,18,0,3,0,0,0,0,2,1,6,1,77,11,1339,1,4,6,3,6
2016370047941,1,8,0,1,0,0,0,0,0,0,2,1,6,1,30,6,-1,-1,-1,1,1,1
2016370047978,1,9,0,9,0,8,0,0,0,0,1,1,6,1,43,7,1242,1,16,1,1,1
2016370047978,2,5,0,18,0,1,5,0,0,0,1,1,6,1,21,5,600,1,16,-1,-1,-1
2016370048057,1,-1,0,-1,-1,-1,0,-1,-1,0,-1,1,6,3,-1,-1,-1,-1,-1,-1,-1,-1
2016370048197,1,9,0,18,0,0,0,0,0,0,2,1,6,1,27,6,1794,1,15,7,3,7
2016370048197,2,9,0,18,0,0,0,0,0,0,1,1,6,1,19,4,1390,1,4,5,1,5
2016370048200,1,9,0,17,0,0,2,0,7,0,1,1,6,2,34,6,1399,2,7,10,1,10
2016370048226,1,9,0,18,0,1,0,0,0,0,1,1,6,2,29,6,1796,1,12,3,1,3
2016370048226,2,9,0,18,0,1,0,0,0,0,1,1,6,2,34,6,1753,2,9,3,1,3
2016370048226,3,9,0,18,0,1,0,0,0,0,2,1,6,2,24,5,1124,1,11,3,1,3
2016370048547,1,9,0,4,0,0,0,0,0,0,1,1,6,1,32,6,-1,-1,-1,6,1,6
2016370048547,2,9,0,4,0,0,0,0,0,0,2,1,6,1,52,8,1956,2,3,7,3,7
2016370048563,1,9,0,4,0,0,0,0,0,0,1,1,6,1,37,7,-1,-1,-1,2,1,2
2016370048563,2,9,0,2,0,0,0,0,0,0,2,1,6,1,49,8,3993,1,2,7,3,7
2016370048570,1,9,0,18,0,0,1,0,0,0,1,1,6,1,-1,-1,1596,1,14,-1,-1,-1
2016370048676,1,9,0,18,0,2,0,0,0,0,3,1,6,3,-1,-1,1800,1,17,-1,-1,-1
2016370048676,2,9,0,4,0,8,0,0,0,0,1,1,6,1,38,7,1896,2,9,4,2,4
2016370048807,1,9,0,18,0,6,0,0,0,0,4,1,6,1,45,7,1596,1,1,2,1,2
2016370048807,2,9,0,18,0,8,0,0,0,0,1,1,6,1,43,7,1997,2,9,10,2,10
2016370049073,1,9,0,18,0,0,0,0,0,0,0,1,6,3,-1,-1,1998,1,13,-1,-1,-1
2016370049073,2,3,0,18,0,0,0,0,1,0,4,1,6,1,26,6,125,1,6,7,1,7
2016370049116,1,21,1,17,0,4,2,0,0,0,0,1,1,1,51,8,12130,2,10,2,1,2
2016370049149,1,9,0,18,0,1,0,0,0,0,1,1,6,1,47,8,1242,1,3,2,1,2
2016370049160,1,9,0,9,0,5,0,0,0,0,1,1,6,1,71,10,1900,2,17,7,3,7
2016370049160,2,9,0,18,0,1,0,0,0,0,1,1,6,2,51,8,1910,2,10,8,2,8
2016370049161,1,9,0,18,0,0,0,0,1,4,1,1,6,1,51,8,1396,1,12,5,3,5
2016370049165,1,9,0,18,0,0,0,0,0,0,1,1,6,1,39,7,1968,2,4,-1,-1,-1
2016370049165,2,19,0,4,0,0,0,0,0,0,2,1,6,1,55,8,2198,2,3,3,2,3
2016370049167,1,9,0,18,0,1,0,0,0,0,1,1,6,2,76,11,1299,1,11,9,1,9
2016370049167,2,9,0,9,0,5,0,0,0,0,2,1,6,2,56,9,1242,1,5,8,1,8
2016370049177,1,11,0,18,0,0,0,0,0,0,1,1,6,3,-1,-1,-1,-1,-1,-1,-1,-1
2016370049235,1,9,0,4,0,0,2,0,2,0,3,1,6,2,23,5,996,1,2,5,3,5
2016370049239,1,90,0,18,0,0,0,0,0,0,0,1,6,3,-1,-1,-1,-1,-1,-1,-1,-1
2016370049239,2,9,0,18,0,0,1,0,2,0,4,1,6,2,24,5,-1,-1,-1,4,2,4
2016370049280,1,9,0,18,0,0,0,0,0,0,4,1,6,1,84,11,1995,2,15,3,1,3
2016370049500,1,9,0,9,0,2,0,0,0,0,1,1,6,2,41,7,1998,2,14,4,2,4
2016370049500,2,9,0,18,0,1,0,0,0,0,4,1,6,2,27,6,1997,2,12,5,3,5
2016370049523,1,11,0,17,0,0,0,0,0,0,1,1,1,1,38,7,9360,2,2,6,3,6
2016370049523,2,9,0,4,0,0,0,0,0,0,2,1,6,2,38,7,1956,2,3,5,3,5
2016370049523,3,9,0,4,0,0,0,0,0,0,2,1,6,2,23,5,1343,1,13,5,2,5
2016370049523,4,19,0,4,0,0,0,0,0,0,2,1,1,1,42,7,2402,2,8,6,2,6
2016370049539,1,9,0,9,0,6,0,0,0,0,1,1,6,1,82,11,1229,1,11,7,1,7
2016370049539,2,9,0,18,0,1,0,0,0,0,1,1,6,1,17,4,-1,-1,-1,7,1,7
2016370049608,1,2,0,18,0,0,0,0,0,0,0,1,6,1,20,4,49,1,13,7,1,7
2016370049617,1,21,1,1,0,0,0,0,0,0,2,1,1,1,31,6,9200,2,10,6,2,6
2016370049617,2,9,0,18,0,0,0,0,0,0,1,1,6,1,86,11,1461,2,14,6,3,6
2016370049628,1,5,0,18,0,1,0,0,0,0,1,1,6,1,51,8,1130,1,14,4,3,4
2016370049628,2,9,0,9,0,6,0,0,0,0,3,1,6,1,58,9,1995,2,10,7,1,7
2016370049658,1,9,0,17,0,0,0,0,1,0,1,1,6,1,50,8,1598,1,14,6,3,6
2016370049697,1,9,0,18,0,0,0,0,0,0,1,1,6,1,36,7,1298,1,16,7,3,7
2016370049697,2,9,0,3,0,0,0,0,0,0,3,1,6,2,47,8,1968,2,5,10,2,10
2016370049697,3,9,0,18,0,0,0,0,0,0,4,1,6,1,51,8,-1,-1,-1,1,1,1
2016370049768,1,1,0,18,0,6,0,0,0,0,1,1,6,1,83,11,-1,-1,-1,10,2,10
2016370049768,2,9,0,18,0,1,0,0,0,0,1,1,6,1,38,7,2688,2,15,5,1,5
2016370049794,1,9,0,18,0,0,0,0,0,0,1,1,2,2,48,8,1598,2,1,4,1,4
2016370049794,2,9,0,3,0,0,0,0,0,0,2,1,6,1,36,7,1560,2,9,6,3,6
2016370049800,1,9,0,4,0,2,0,0,0,0,1,1,6,2,66,10,1388,1,9,8,1,8
2016370049800,2,9,0,4,0,2,0,0,0,0,2,1,6,2,37,7,1596,1,13,6,1,6
2016370049933,1,3,0,9,0,4,1,9,7,1,1,1,6,1,18,4,124,1,3,7,1,7
2016370049937,1,9,0,4,0,6,0,0,0,0,0,1,6,2,34,6,1396,1,12,9,1,9
2016370049937,2,9,0,2,0,2,0,0,0,0,3,1,6,3,-1,-1,-1,-1,-1,-1,-1,-1
2016370049963,1,9,0,18,0,1,0,0,0,0,1,1,6,2,28,6,1896,2,13,8,2,8
2016370049963,2,9,0,18,0,1,0,0,0,0,1,1,6,2,26,6,1390,1,5,4,3,4
2016370049963,3,9,0,18,0,1,0,0,0,0,2,1,6,1,45,7,1229,1,3,3,1,3
2016370049999,1,9,0,18,0,4,0,0,3,1,1,1,6,1,19,4,1995,1,11,5,2,5
2016370050050,1,9,0,18,0,1,5,10,8,0,1,1,6,1,69,10,1396,1,1,7,3,7
2016370050076,1,9,0,18,0,0,0,0,0,0,3,1,6,1,26,6,2204,2,10,3,1,3
2016370050076,2,1,0,9,0,0,0,0,0,0,2,1,2,2,53,8,-1,-1,-1,2,1,2
2016370050123,1,9,0,18,0,0,0,0,0,0,0,1,6,3,-1,-1,1896,2,6,-1,-1,-1
2016370050123,2,16,0,18,0,0,0,0,0,0,0,1,6,2,14,3,-1,-1,-1,2,1,2
2016370050128,1,9,0,18,0,0,0,0,0,0,1,1,6,1,26,6,1796,1,14,2,1,2
2016370050128,2,9,0,3,0,0,0,0,0,0,2,1,6,1,55,8,1598,1,13,10,1,10
2016370050138,1,9,0,9,0,2,0,0,0,0,4,1,6,1,39,7,1896,2,14,2,1,2
2016370050138,2,3,0,18,0,8,0,0,0,0,1,1,6,2,25,5,125,1,2,2,1,2
2016370050233,1,9,0,16,0,5,1,0,0,0,1,1,6,1,32,6,1386,1,9,-1,-1,-1
2016370050249,1,9,0,16,0,6,1,0,0,0,1,1,6,2,33,6,1679,1,17,4,1,4
2016370050280,1,9,0,18,0,0,0,0,1,0,1,1,6,2,17,4,1299,1,17,7,3,7
2016370050283,1,9,0,5,0,5,0,0,0,0,1,1,6,2,50,8,1598,1,9,-1,-1,-1
2016370050283,2,1,0,18,0,8,0,0,0,0,1,1,6,2,35,6,-1,-1,-1,-1,-1,-1
2016370050476,1,9,0,18,0,0,2,0,1,0,2,1,6,1,19,4,1798,1,10,10,1,10
2016370050476,2,9,0,18,0,0,0,0,0,0,1,1,6,2,46,8,1598,2,1,5,1,5
2016370050512,1,1,0,18,0,0,0,0,0,0,1,1,6,1,40,7,-1,-1,-1,3,1,3
2016370050512,2,9,0,2,0,0,0,0,0,0,2,1,6,3,-1,-1,-1,-1,-1,-1,-1,-1
2016370050513,1,9,0,4,0,0,0,0,0,0,4,1,6,1,78,11,1998,1,1,4,1,4
2016370050715,1,9,0,3,0,8,0,0,0,0,2,1,6,3,-1,-1,1896,2,14,-1,-1,-1
2016370050715,2,9,0,5,0,2,0,0,0,0,2,1,6,2,54,8,1951,2,12,5,1,5
2016370050734,1,9,0,18,0,1,0,0,0,0,4,1,6,2,54,8,1390,1,20,10,3,10
2016370050755,1,9,0,18,0,0,2,0,1,0,1,1,6,1,29,6,998,1,8,5,3,5
2016370050785,1,9,0,18,0,0,0,0,0,0,1,1,6,1,43,7,1124,1,14,-1,2,-1
2016370050785,2,9,0,18,0,0,0,0,0,0,2,1,6,1,54,8,-1,-1,-1,7,3,7
2016370050924,1,9,0,18,0,1,0,0,0,0,1,1,5,1,25,5,1590,1,11,8,3,8
2016370050924,2,9,0,5,0,2,0,0,0,0,4,1,6,1,31,6,1598,1,10,8,2,8
2016370050924,3,9,0,2,0,1,0,0,0,0,1,1,6,1,38,7,1242,1,7,5,1,5
2016370051016,1,9,0,18,0,0,0,0,0,0,4,1,6,2,50,8,1948,1,15,6,3,6
2016370051016,2,9,0,4,0,0,0,0,0,0,2,1,6,2,59,9,2295,1,12,6,3,6
2016370051077,1,9,0,18,0,0,0,0,4,0,3,1,6,1,31,6,2700,1,14,3,1,3
2016370051089,1,9,0,5,0,1,0,0,0,0,1,1,6,2,22,5,1242,1,6,3,1,3
2016370051089,2,97,0,18,0,1,0,0,0,0,1,1,6,1,17,4,49,1,29,8,3,8
2016370051219,1,9,0,9,0,0,0,0,0,0,3,1,6,1,58,9,1461,2,5,2,1,2
2016370051219,2,9,0,18,0,0,0,0,0,0,1,1,6,2,43,7,995,1,11,7,1,7
2016370051252,1,4,0,5,0,2,1,0,0,0,4,1,6,1,20,4,250,1,8,9,2,9
2016370051266,1,9,0,18,0,0,0,0,0,0,1,1,6,1,29,6,1299,1,13,7,1,7
2016370051266,2,9,0,16,0,0,1,0,1,0,3,1,6,1,65,9,1968,2,5,6,3,6
2016370051421,1,9,0,18,0,0,0,0,0,0,1,1,6,1,36,7,1248,2,5,4,1,4
2016370051421,2,9,0,18,0,0,0,0,0,0,2,1,6,3,-1,-1,2979,1,14,-1,-1,-1
2016370051428,1,5,0,5,0,0,1,0,0,0,4,1,6,1,45,7,929,1,15,7,3,7
2016370051808,1,9,0,5,0,1,0,0,0,0,3,1,6,1,34,6,1800,1,17,7,1,7
2016370051808,2,9,0,18,0,1,0,0,0,0,4,1,6,2,39,7,1995,1,8,8,1,8
2016370051808,3,9,0,2,0,1,0,0,0,0,3,1,6,1,64,9,1248,1,2,10,1,10
2016370051820,1,9,0,18,0,0,0,0,0,0,3,1,6,2,36,7,1596,1,15,3,1,3
2016370051820,2,9,0,18,0,0,0,0,0,0,0,1,6,2,43,7,1910,2,8,3,1,3
2016370051828,1,9,0,18,0,0,0,0,0,0,4,1,6,2,29,6,998,1,1,7,1,7
2016370051828,2,9,0,18,0,0,0,0,0,0,3,1,6,1,36,7,2495,2,29,5,3,5
2016370051851,1,9,0,18,0,0,0,0,0,0,1,1,6,2,51,8,1753,2,10,5,3,5
2016370051851,2,9,0,4,0,0,0,0,0,0,3,1,6,2,38,7,1461,2,10,6,2,6
2016370051851,3,9,4,4,0,0,0,0,0,0,4,1,6,1,72,10,-1,-1,-1,6,2,6
2016370051851,4,9,0,18,0,0,0,0,0,0,1,1,6,2,67,10,1997,2,11,4,3,4
2016370051851,5,9,0,4,0,0,0,0,0,0,3,1,6,1,58,9,-1,-1,-1,5,1,5
2016370051851,6,9,0,10,0,0,0,0,0,0,0,1,6,2,29,6,1390,1,13,5,2,5
2016370051885,1,9,0,18,0,0,0,0,0,0,1,1,6,1,29,6,6400,1,1,6,1,6
2016370051885,2,9,0,18,0,0,0,0,0,0,1,1,6,1,73,10,2497,2,11,5,1,5
2016370051938,1,9,0,17,0,0,0,0,0,0,1,2,6,1,40,7,2683,1,49,7,2,7
2016370051938,2,9,0,16,0,0,0,0,0,0,1,1,6,1,34,6,1560,2,1,8,1,8
2016370051938,3,9,0,16,0,0,0,0,0,0,3,1,6,1,70,10,998,1,2,8,1,8
2016370051957,1,9,0,18,0,0,0,0,0,0,1,1,6,1,22,5,1242,1,16,7,2,7
2016370051957,2,2,0,18,0,0,0,0,0,0,2,1,6,1,16,4,49,1,7,6,3,6
2016370051965,1,19,0,18,0,1,0,0,0,0,1,1,6,1,42,7,1868,2,13,-1,-1,-1
2016370051965,2,9,0,18,0,1,0,0,0,0,3,1,6,2,52,8,1242,1,7,7,1,7
2016370051986,1,9,0,18,0,0,0,0,0,0,0,1,6,1,37,7,2231,2,10,1,1,1
2016370051997,1,9,0,2,6,0,0,0,0,0,1,1,6,1,71,10,1995,2,5,7,1,7
2016370051999,1,9,0,18,0,0,0,0,0,0,1,1,6,1,36,7,1332,1,17,2,1,2
2016370051999,2,9,0,18,0,0,0,0,0,0,2,1,6,1,33,6,2184,2,15,1,1,1
2016370051999,3,9,0,18,0,0,0,0,0,0,0,1,6,2,75,10,-1,-1,-1,9,1,9
2016370052016,1,9,0,18,0,0,0,0,0,0,1,1,6,1,64,9,1997,2,11,6,2,6
2016370052016,2,9,0,2,6,0,0,0,0,0,1,1,6,2,47,8,1997,2,16,5,3,5
2016370052034,1,9,0,18,0,0,0,0,0,0,1,1,6,1,32,6,1998,2,14,3,1,3
2016370052034,2,9,0,18,0,0,0,0,0,0,1,1,6,2,31,6,1997,2,14,6,3,6
2016370052056,1,9,0,4,0,0,0,0,0,0,4,1,6,1,17,4,1560,2,6,6,1,6
2016370052056,2,1,0,18,0,0,0,0,0,0,3,1,6,1,57,9,-1,-1,-1,2,1,2
2016370052064,1,9,0,18,0,0,0,0,0,0,1,1,6,2,21,5,1299,1,16,6,1,6
2016370052064,2,9,0,4,0,0,0,0,0,0,2,1,6,2,26,6,1997,2,13,2,1,2
2016370052086,1,9,0,18,0,0,0,0,0,0,1,1,6,1,24,5,1781,1,24,4,1,4
2016370052096,1,9,0,17,0,0,0,0,0,0,1,1,6,2,50,8,1596,1,15,6,2,6
2016370052170,1,9,0,1,9,0,0,0,0,0,3,1,6,1,-1,-1,1560,2,11,7,1,7
2016370052218,1,19,0,18,0,0,0,0,0,0,3,1,6,1,42,7,2143,2,2,10,2,10
2016370052234,1,9,0,18,0,2,0,0,0,0,3,1,6,1,29,6,1596,1,5,5,1,5
2016370052234,2,9,0,18,0,1,5,0,0,0,1,1,6,1,16,4,-1,-1,-1,9,1,9
2016370052246,1,9,0,18,0,1,0,0,0,0,1,1,6,2,43,7,1595,1,15,3,1,3
2016370052246,2,9,0,4,0,1,0,0,0,0,2,1,6,1,60,9,2494,1,16,4,1,4
2016370052246,3,9,0,3,0,1,0,0,0,0,2,1,6,1,27,6,2000,2,7,2,1,2
2016370052278,1,9,0,18,0,0,0,0,0,0,1,1,6,2,23,5,1149,1,13,7,3,7
2016370052278,2,21,1,18,0,0,0,0,0,0,2,1,6,1,41,7,12740,2,2,9,3,9
2016370052321,1,9,0,9,0,1,0,0,0,0,1,1,6,1,31,6,1896,2,13,1,1,1
2016370052321,2,9,0,18,0,1,0,0,0,0,1,1,6,1,55,8,1997,2,9,2,1,2
2016370052468,1,9,0,18,0,0,0,0,0,0,1,1,6,2,50,8,1248,2,10,8,2,8
2016370052468,2,19,0,18,0,0,0,0,0,0,1,1,6,1,45,7,2198,2,9,8,2,8
2016370052687,1,9,0,18,0,4,0,0,0,0,1,1,6,2,41,7,1596,1,7,6,2,6
2016370052687,2,9,0,4,0,1,0,0,0,0,2,1,6,2,41,7,1753,2,12,6,1,6
2016370052957,1,9,0,10,0,0,0,0,7,0,4,1,6,1,19,4,1149,1,13,-1,-1,-1
2016370052957,2,9,0,18,0,0,0,0,0,0,1,1,6,1,33,6,2143,2,1,5,2,5
2016370052960,1,9,0,18,0,1,0,0,0,0,1,1,6,1,76,11,996,1,5,3,1,3
2016370052960,2,9,0,18,0,1,0,0,0,0,1,1,6,1,70,10,1560,2,7,9,3,9
2016370052961,1,9,0,9,0,0,0,0,0,0,1,1,1,1,54,8,1560,2,4,6,1,6
2016370053149,1,9,0,18,0,0,0,0,0,0,1,1,6,1,-1,-1,-1,-1,-1,-1,-1,-1
2016370053149,2,9,0,18,0,0,0,0,0,0,2,1,6,2,31,6,1399,1,8,9,1,9
2016370053255,1,9,0,18,0,0,0,0,0,0,1,1,6,1,75,10,2362,1,10,7,3,7
2016370053261,1,9,0,4,0,0,0,0,0,0,1,1,6,1,25,5,-1,-1,-1,9,1,9
2016370053261,2,9,0,4,0,0,0,0,0,0,2,1,6,1,50,8,1968,2,2,3,1,3
2016370053261,3,9,0,4,0,0,0,0,0,0,2,1,6,1,53,8,-1,-1,-1,6,3,6
2016370053261,4,9,0,4,0,0,0,0,0,0,2,1,6,1,39,7,2149,2,9,5,3,5
2016370053264,1,9,0,5,0,0,0,0,1,0,1,1,6,1,18,4,1242,1,2,6,3,6
2016370053264,2,9,0,18,0,0,0,0,0,0,1,1,6,2,36,7,-1,-1,-1,5,1,5
2016370053371,1,9,0,17,0,0,1,0,1,4,1,1,6,2,18,4,1422,2,12,6,1,6
2016370053458,1,9,0,18,6,0,1,0,1,6,3,1,6,1,17,4,1896,2,8,5,1,5
2016370053462,1,9,0,18,0,0,0,0,0,0,1,1,6,2,49,8,1461,2,2,4,1,4
2016370053462,2,9,0,18,0,0,0,0,0,0,2,1,6,1,43,7,-1,-1,-1,5,3,5
2016370053462,3,9,0,18,0,0,0,0,0,0,2,1,6,1,43,7,1599,1,10,4,1,4
2016370053478,1,9,0,9,0,1,0,0,0,0,1,1,6,2,35,6,1686,2,6,10,3,10
2016370053478,2,9,0,18,0,1,0,0,0,0,1,1,6,2,46,8,1995,1,7,10,3,10
2016370053479,1,9,0,18,0,8,0,0,0,0,1,1,6,1,72,10,1461,2,3,7,3,7