Accident_Index,Vehicle_Reference,Vehicle_Type,Towing_and_Articulation,Vehicle_Manoeuvre,Vehicle_Location-Restricted_Lane,Junction_Location,Skidding_and_Overturning,Hit_Object_in_Carriageway,Vehicle_Leaving_Carriageway,Hit_Object_off_Carriageway,1st_Point_of_Impact,Was_Vehicle_Left_Hand_Drive?,Journey_Purpose_of_Driver,Sex_of_Driver,Age_of_Driver,Age_Band_of_Driver,Engine_Capacity_(CC),Propulsion_Code,Age_of_Vehicle,Driver_IMD_Decile,Driver_Home_Area_Type,Vehicle_IMD_Decile
2016370053479,2,9,0,18,0,8,0,0,1,2,2,1,6,2,34,6,1397,1,8,4,2,4
2016370053480,1,9,0,4,0,1,0,0,0,0,4,1,6,1,17,4,1388,1,12,9,1,9
2016370053480,2,1,0,18,0,1,0,0,0,0,3,1,6,2,18,4,-1,-1,-1,6,3,6
2016370053481,1,9,0,18,0,5,0,0,0,0,1,1,6,1,70,10,1248,2,6,9,3,9
2016370053481,2,9,0,18,0,1,0,0,0,0,3,1,6,1,31,6,2000,1,17,1,1,1
2016370053498,1,9,0,18,0,8,0,0,0,0,3,1,6,1,19,4,1590,1,13,4,1,4
2016370053498,2,9,0,18,0,8,0,0,0,0,3,1,6,2,28,6,1753,2,10,8,1,8
2016370053507,1,4,0,18,0,0,1,0,0,0,2,1,6,1,48,8,347,1,33,7,3,7
2016370053509,1,9,0,3,0,1,0,0,0,0,1,1,6,2,76,11,1360,1,7,9,1,9
2016370053509,2,1,0,18,0,8,0,0,0,0,2,1,6,1,44,7,-1,-1,-1,7,3,7
2016370053516,1,9,0,16,0,0,0,0,0,0,3,1,6,1,65,9,1364,1,2,6,1,6
2016370053518,1,3,0,18,0,8,0,0,0,0,1,1,6,1,17,4,125,1,1,9,1,9
2016370053518,2,5,0,3,0,8,0,0,0,0,3,1,6,1,56,9,955,1,15,9,1,9
2016370053518,3,9,0,3,0,8,0,0,0,0,2,1,6,1,32,6,1497,8,9,4,1,4
2016370053519,1,9,5,16,0,5,3,0,0,0,1,1,6,2,19,4,998,1,13,5,2,5
2016370053523,1,5,0,16,0,0,0,0,0,0,1,1,6,1,32,6,599,1,15,5,1,5
2016370053523,2,19,0,17,0,0,0,0,0,0,1,1,6,1,48,8,2148,2,8,1,1,1
2016370053524,1,9,0,18,0,5,0,0,0,0,1,1,6,2,18,4,973,1,14,5,2,5
2016370053524,2,9,0,18,0,5,0,0,0,0,2,1,6,2,48,8,1498,1,4,10,1,10
2016370053526,1,9,0,9,0,6,0,0,0,0,1,1,6,1,45,7,1289,1,17,4,1,4
2016370053526,2,9,0,18,0,8,0,0,0,0,3,1,6,2,18,4,-1,-1,-1,2,1,2
2016370053527,1,9,0,4,0,0,0,0,0,0,1,1,6,3,-1,-1,-1,-1,-1,-1,-1,-1
2016370053528,1,9,0,18,0,0,1,0,0,0,1,1,6,1,18,4,1598,1,20,2,1,2
2016370053528,2,9,0,18,0,0,0,0,0,0,1,1,6,2,66,10,1598,1,3,2,1,2
2016370053535,1,9,0,18,0,2,0,0,0,0,1,1,6,1,71,10,1749,1,15,6,2,6
2016370053535,2,9,0,18,0,5,0,0,0,0,2,1,6,2,31,6,1598,2,6,4,1,4
2016370053540,1,9,0,18,0,1,0,0,0,0,1,1,6,1,52,8,1910,2,11,5,3,5
2016370053540,2,1,0,18,0,8,0,0,0,0,3,1,6,1,16,4,-1,-1,-1,8,1,8
2016370053791,1,9,0,18,0,8,0,0,0,0,3,1,6,2,43,7,1560,2,7,10,1,10
2016370053791,2,1,0,18,0,8,0,0,0,0,2,1,6,1,56,9,-1,-1,-1,6,1,6
2016370053797,1,9,0,1,0,8,0,0,0,0,0,1,6,1,67,10,3199,1,16,9,1,9
2016370053799,1,9,0,18,0,0,0,0,0,0,1,1,6,1,66,10,-1,-1,-1,8,2,8
2016370053799,2,9,0,18,0,0,0,0,0,0,1,1,6,1,41,7,1339,8,8,8,3,8
2016370053812,1,9,0,18,0,0,0,0,0,0,1,1,6,1,30,6,1999,1,15,6,2,6
2016370053812,2,9,0,18,0,0,5,0,1,9,1,1,6,2,28,6,1587,1,14,6,3,6
2016370053864,1,9,0,18,0,0,0,1,0,0,1,1,6,2,53,8,1360,1,10,5,3,5
2016370053864,2,9,0,18,0,0,0,0,0,0,3,2,6,1,26,6,-1,-1,-1,9,1,9
2016370053864,3,9,0,2,0,0,0,0,0,0,3,1,6,2,38,7,1998,1,6,7,1,7
2016370054020,1,-1,0,-1,-1,0,0,-1,-1,0,-1,1,6,3,-1,-1,-1,-1,-1,-1,-1,-1
2016370054020,2,9,0,18,0,0,0,0,0,0,4,1,6,1,33,6,1781,1,11,2,1,2
2016370054137,1,9,0,18,0,0,0,0,1,4,1,1,6,2,45,7,1560,2,3,6,3,6
2016370054638,1,-1,0,18,0,1,0,0,0,0,1,1,6,3,-1,-1,-1,-1,-1,-1,-1,-1
2016370054638,2,9,0,3,0,1,0,0,0,0,3,1,6,1,51,8,1461,2,7,9,1,9
2016370054658,1,9,0,9,0,2,0,0,0,0,3,1,6,1,72,10,2199,2,4,8,1,8
2016370054658,2,5,0,18,0,1,2,0,0,0,1,1,6,1,42,7,535,1,15,1,1,1
2016370054859,1,97,0,18,0,0,2,4,0,0,1,1,6,3,-1,-1,-1,-1,-1,-1,-1,-1
2016370054859,2,98,0,2,0,0,0,0,0,0,2,1,6,3,-1,-1,-1,-1,-1,-1,-1,-1
2016370055107,1,9,0,16,0,0,0,0,1,0,1,1,6,2,17,4,1598,1,14,5,1,5
2016370055119,1,9,0,9,0,8,0,0,0,0,1,1,6,1,21,5,-1,-1,-1,4,1,4
2016370055142,1,9,0,18,0,8,0,0,0,0,1,1,6,1,-1,-1,1997,2,5,-1,-1,-1
2016370055142,2,9,0,18,0,8,0,0,0,0,2,1,6,2,35,6,1248,1,1,4,2,4
2016370055159,1,9,0,18,0,8,0,0,0,0,1,1,6,2,54,8,2179,2,9,9,1,9
2016370055159,2,9,0,3,0,8,0,0,0,0,2,1,6,2,27,6,998,1,1,10,1,10
2016370055192,1,9,0,9,0,6,0,0,0,0,3,1,6,2,80,11,1997,2,7,5,3,5
2016370055192,2,9,0,18,0,8,0,0,0,0,1,1,6,2,44,7,1390,1,13,7,1,7
2016370055210,1,19,0,18,0,0,0,0,0,0,1,1,6,1,35,6,2287,2,1,3,1,3
2016370055210,2,11,0,18,0,0,0,0,1,0,1,1,1,1,37,7,7300,2,16,4,1,4
2016370055218,1,9,0,17,0,0,0,0,0,0,4,1,6,1,22,5,1997,2,10,3,1,3
2016370055234,1,9,0,18,0,0,0,0,1,9,1,1,6,2,32,6,-1,-1,-1,4,2,4
2016370055234,2,9,0,4,0,0,0,0,0,0,2,1,6,1,48,8,1968,2,7,4,1,4
2016370055234,3,9,0,18,0,0,0,0,0,0,1,1,6,1,34,6,1850,1,14,6,1,6
2016370055234,4,9,0,18,0,0,0,0,0,0,1,1,6,1,37,7,1794,1,11,6,2,6
2016370055234,5,9,0,18,0,0,0,0,0,0,3,1,6,2,34,6,3301,1,14,6,3,6
2016370055262,1,9,0,16,0,0,1,0,1,4,1,1,6,2,27,6,1598,1,16,5,1,5
2016370055274,1,9,0,18,0,0,0,0,0,0,4,1,6,3,-1,-1,-1,-1,-1,-1,-1,-1
2016370055284,1,9,0,5,0,0,0,0,0,0,0,1,6,3,-1,-1,-1,-1,-1,-1,-1,-1
2016370055284,2,1,0,18,0,0,0,0,0,0,0,1,6,2,47,8,-1,-1,-1,4,1,4
2016370055287,1,9,0,18,0,0,2,0,0,0,4,1,6,1,47,8,1560,2,9,3,1,3
2016370055287,2,21,0,18,0,0,0,0,0,0,3,1,1,1,38,7,12740,2,-1,3,2,3
2016370055305,1,9,0,18,0,1,0,0,0,0,1,1,6,2,54,8,1399,2,5,9,1,9
2016370055305,2,9,0,18,0,8,0,0,0,0,4,1,6,1,57,9,1339,1,10,5,1,5
2016370055320,1,9,0,18,0,8,0,0,0,0,1,1,3,2,33,6,1997,2,4,9,1,9
2016370055320,2,8,0,15,0,8,0,0,0,0,4,1,6,1,47,8,1997,2,5,4,1,4
2016370055337,1,9,0,9,0,8,0,0,0,0,2,1,6,1,73,10,1968,2,3,2,1,2
2016370055358,1,9,0,17,0,0,0,0,1,0,1,1,6,1,18,4,996,1,6,7,3,7
2016370055391,1,9,0,18,9,5,0,0,0,0,0,1,6,3,-1,-1,-1,-1,-1,-1,-1,-1
2016370055401,1,3,0,18,0,8,0,0,0,0,4,1,6,1,23,5,124,1,6,5,1,5
2016370055401,2,9,0,18,0,8,0,0,0,0,2,1,6,2,44,7,1896,2,12,8,1,8
2016370055611,1,9,0,18,0,0,0,0,0,0,4,1,6,1,38,7,1970,1,16,1,1,1
2016370055611,2,9,5,5,0,0,0,0,0,0,0,1,6,1,31,6,1686,2,14,7,1,7
2016370055611,3,9,0,18,0,0,0,0,0,0,1,1,6,2,49,8,1108,1,15,7,1,7
2016370055690,1,9,0,18,0,0,0,0,0,0,4,1,6,1,28,6,1598,1,15,5,2,5
2016370055690,2,9,0,2,0,0,0,0,0,0,1,1,5,2,-1,-1,1389,1,23,7,2,7
2016370055690,3,9,0,2,0,0,0,0,0,0,3,1,5,1,-1,-1,3600,1,13,7,2,7
2016370055690,4,9,0,2,0,0,0,0,0,0,1,1,5,1,-1,-1,1242,1,7,7,3,7
2016370055743,1,9,0,18,0,4,0,0,0,0,2,1,6,2,81,11,1198,1,9,10,1,10
2016370055743,2,9,0,18,0,3,0,0,0,0,1,1,6,2,34,6,1388,1,8,9,1,9
2016370055833,1,9,0,15,0,1,0,0,0,0,1,1,6,2,70,10,1496,1,-1,6,2,6
2016370055833,2,1,0,18,0,1,0,0,0,0,1,1,6,1,58,9,-1,-1,-1,9,1,9
2016370055833,3,1,0,18,0,1,0,0,0,0,1,1,6,2,59,9,-1,-1,-1,9,1,9
2016370056123,1,9,0,4,0,0,0,0,0,0,1,1,6,1,38,7,1560,2,2,6,3,6
2016370056123,2,9,0,18,0,0,0,0,0,0,2,1,6,2,47,8,1968,2,4,6,1,6
2016370056142,1,9,0,18,0,0,0,0,1,0,1,1,6,1,24,5,1796,1,12,2,1,2
2016370056142,2,90,0,18,0,0,0,0,0,0,0,1,1,1,49,8,-1,-1,-1,-1,-1,-1
2016370056188,1,9,0,1,0,0,0,0,0,0,2,1,6,2,22,5,998,1,9,7,2,7
2016370056188,2,9,0,3,0,0,0,0,0,0,1,1,6,2,32,6,1248,1,7,6,1,6
2016370056215,1,9,0,18,0,0,0,0,1,0,3,1,6,1,49,8,1998,1,21,6,3,6
2016370056334,1,3,0,18,0,0,2,6,1,0,4,1,6,1,25,5,123,1,13,5,2,5
2016370056334,2,9,0,2,0,0,0,0,0,0,4,1,6,3,-1,-1,-1,-1,-1,-1,-1,-1
2016370056413,1,98,0,1,0,0,0,0,0,0,2,1,1,1,25,5,-1,-1,-1,8,2,8
2016370056453,1,9,4,18,0,0,0,0,0,0,4,1,6,3,-1,-1,-1,-1,-1,-1,-1,-1
2016370056516,1,9,0,5,0,8,0,0,0,0,4,1,6,1,61,9,1769,1,13,6,1,6
2016370056516,2,1,0,5,0,8,0,0,0,0,2,1,6,2,41,7,-1,-1,-1,2,1,2
2016370056532,1,98,0,18,0,0,0,0,0,0,0,1,6,3,-1,-1,-1,-1,-1,-1,-1,-1
2016370056532,2,3,0,18,0,0,2,0,0,0,0,1,6,1,18,4,124,1,6,5,3,5
2016370056532,3,3,0,18,0,0,2,0,0,0,0,1,6,1,18,4,125,1,14,5,3,5
2016370056584,1,9,0,9,0,1,0,0,0,0,1,1,5,2,32,6,1198,1,8,7,3,7
2016370056584,2,9,0,18,0,1,0,0,0,0,1,1,6,2,60,9,1896,2,12,4,3,4
2016370056603,1,9,0,7,0,0,0,0,0,0,1,1,6,1,21,5,1360,1,12,9,1,9
2016370056606,1,9,0,18,0,0,0,0,0,0,1,1,6,2,80,11,1598,2,6,6,3,6
2016370056606,2,9,0,18,0,0,0,0,0,0,1,1,6,1,55,8,1461,2,10,2,1,2
2016370056611,1,9,0,9,0,8,0,0,0,0,1,1,6,1,54,8,1598,1,13,1,1,1
2016370056611,2,11,0,18,0,8,0,0,0,0,4,1,6,1,50,8,11967,2,10,2,1,2
2016370056618,1,9,0,2,0,0,0,0,0,0,1,1,6,2,73,10,2171,1,14,6,1,6
2016370056618,2,9,0,18,0,0,0,0,0,0,3,1,6,1,35,6,2926,2,15,3,1,3
2016370056623,1,9,0,18,0,0,0,0,0,0,3,1,6,3,-1,-1,-1,-1,-1,-1,-1,-1
2016370056623,2,9,0,18,0,0,0,0,0,0,4,1,6,1,72,10,-1,-1,-1,4,1,4
2016370056714,1,9,0,4,0,0,0,4,0,0,4,1,6,1,78,11,1596,1,13,4,1,4
2016370056714,2,9,0,2,0,0,0,0,0,0,3,1,6,2,42,7,1598,1,6,3,1,3
2016370057009,1,1,0,18,0,0,2,0,0,0,2,1,5,1,36,7,-1,-1,-1,6,3,6
2016370057009,2,1,0,18,0,0,5,0,0,0,1,1,5,1,38,7,-1,-1,-1,5,1,5
2016370057018,1,9,0,14,9,0,0,0,0,0,4,1,6,1,72,10,1995,2,7,8,3,8
2016370057026,1,9,0,4,0,8,0,0,0,0,1,1,6,1,38,7,1598,1,11,3,1,3
2016370057026,2,9,0,4,0,8,0,0,0,0,2,1,6,1,38,7,1598,1,11,10,1,10
2016370057240,1,9,0,9,0,5,0,0,0,0,4,1,6,1,20,4,-1,-1,-1,9,1,9
2016370057240,2,5,0,18,0,8,0,0,0,0,1,1,6,1,46,8,748,1,12,4,1,4
2016370057296,1,9,0,18,0,0,0,6,0,0,4,1,6,1,24,5,1598,1,14,5,1,5
2016370057317,1,9,0,16,0,0,0,0,0,0,3,1,6,1,18,4,1587,1,13,5,3,5
2016370057317,2,9,0,17,0,0,0,0,0,0,1,1,6,1,51,8,2143,2,1,3,1,3
2016370057391,1,9,0,18,0,1,0,0,0,0,4,1,6,1,63,9,-1,-1,-1,4,1,4
2016370057698,1,5,0,16,0,0,1,0,7,0,1,1,6,1,49,8,1043,1,1,8,2,8
2016370057698,2,9,0,18,0,0,0,0,0,0,1,1,6,2,41,7,1598,1,14,5,3,5
2016370057936,1,9,0,18,0,8,0,0,0,0,4,1,6,1,28,6,1799,1,20,5,3,5
2016370057936,2,9,0,18,0,8,0,0,0,0,1,1,6,2,71,10,1339,1,6,3,1,3
2016370057961,1,9,0,9,0,2,0,0,0,0,1,1,6,2,58,9,1364,1,5,9,2,9
2016370057961,2,3,0,18,0,1,0,0,0,0,1,1,6,1,19,4,124,1,39,6,3,6
2016370058061,1,1,0,18,0,1,0,0,0,0,1,1,6,1,7,2,-1,-1,-1,6,3,6
2016370058061,2,9,0,18,0,1,0,0,0,0,0,1,6,1,27,6,1595,1,19,6,3,6
2016370058061,3,9,0,10,0,1,0,0,0,0,3,1,6,2,48,8,1248,2,4,6,3,6
2016370058132,1,9,0,18,0,0,0,0,1,0,1,1,6,1,59,9,2401,2,14,6,1,6
2016370058155,1,9,0,4,0,0,0,4,2,0,4,1,6,1,79,11,3497,7,12,6,3,6
2016370058155,2,5,0,2,0,0,0,0,0,0,1,1,6,1,-1,-1,803,1,1,5,3,5
2016370058163,1,21,1,18,0,1,0,0,1,6,1,1,1,1,40,7,12777,2,-1,4,1,4
2016370058163,2,21,1,18,0,1,0,0,0,0,2,1,1,1,40,7,-1,2,2,5,1,5
2016370058992,1,9,0,18,0,0,0,0,0,0,1,1,6,2,51,8,3123,1,12,7,3,7
2016370059004,1,9,0,18,0,0,0,0,0,0,1,1,6,1,26,6,1497,1,14,-1,-1,-1
2016370059054,2,9,0,18,0,0,0,0,0,0,1,1,6,1,60,9,2494,2,4,4,3,4
2016370059054,3,9,0,18,0,0,0,0,0,0,2,1,6,2,84,11,1461,2,6,7,3,7
2016370059070,1,9,0,18,0,0,0,0,0,0,1,1,6,1,40,7,-1,-1,-1,9,2,9
2016370059186,1,9,0,1,0,8,0,0,0,0,0,1,6,2,48,8,1796,1,9,4,1,4
2016370059193,1,5,0,18,0,8,0,0,0,0,4,1,6,1,62,9,1600,1,5,9,3,9
2016370059193,2,9,0,18,0,6,0,0,0,0,0,1,6,1,38,7,1968,2,-1,2,1,2
2016370059193,3,9,0,18,0,3,0,0,0,0,0,1,6,2,20,4,1388,1,5,8,1,8
2016370059281,1,9,0,18,0,0,0,0,7,10,3,1,6,1,18,4,1242,1,14,10,3,10
2016370059291,1,2,0,16,0,0,0,0,0,0,1,1,6,1,22,5,49,1,5,10,2,10
2016370059321,1,9,0,18,0,0,0,0,0,0,4,1,6,1,46,8,2993,2,2,5,1,5
2016370059321,2,9,0,18,0,0,0,0,0,0,3,1,6,1,37,7,1560,2,10,4,1,4
2016370059453,1,9,0,18,0,8,0,0,0,0,1,1,6,2,30,6,1360,1,15,9,2,9
2016370059453,2,9,0,3,0,8,0,0,0,0,2,1,6,2,56,9,1461,2,1,9,1,9
2016370059463,1,9,0,1,0,1,0,0,0,0,2,1,6,1,84,11,1242,1,4,4,1,4
2016370059751,1,2,0,18,0,0,2,0,0,0,1,1,6,1,16,4,49,1,7,7,1,7
2016370059751,2,9,0,18,0,0,0,0,0,0,1,1,6,2,53,8,2495,2,17,10,1,10
2016370060297,1,9,0,18,0,0,1,7,0,0,1,1,6,1,23,5,-1,-1,-1,10,1,10
2016370060297,2,21,4,18,0,0,0,0,0,0,2,1,1,1,47,8,10837,2,2,3,1,3
2016370060372,1,9,0,3,0,0,0,0,0,0,1,1,6,2,37,7,1461,2,3,6,1,6
2016370060372,2,9,0,3,0,0,0,0,0,0,2,1,6,2,21,5,1398,1,4,1,1,1
2016370060495,1,9,0,18,0,8,0,0,0,0,1,1,6,1,28,6,1400,2,9,1,1,1
2016370060495,2,9,0,10,0,8,0,0,0,0,2,1,6,2,52,8,2497,2,11,3,2,3
2016370060533,1,9,0,5,8,0,0,0,0,0,0,1,6,2,30,6,1910,2,9,-1,-1,-1
2016370060533,2,21,1,18,0,0,0,0,0,0,1,1,1,1,48,8,-1,-1,-1,-1,-1,-1
2016370060533,3,21,1,18,0,0,0,0,0,0,2,1,6,1,37,7,10837,2,3,-1,-1,-1
2016370060533,4,9,0,18,0,0,0,0,0,0,3,1,6,1,62,9,-1,-1,-1,2,1,2
2016370060533,5,9,0,18,0,0,0,0,0,0,2,1,6,1,19,4,1124,1,13,-1,-1,-1
2016370060533,6,21,1,18,0,0,0,0,0,0,1,1,6,1,59,9,12777,2,2,-1,-1,-1
2016370060533,7,9,0,18,0,0,0,0,0,0,1,1,6,1,27,6,1388,1,12,3,1,3
2016370060572,1,9,0,9,0,8,0,0,0,0,2,1,6,1,27,6,1198,1,2,2,1,2
2016370060572,2,9,0,18,0,8,0,0,0,0,1,1,6,1,48,8,-1,-1,-1,6,3,6
2016370060572,3,9,0,18,0,8,0,0,0,0,1,1,6,1,47,8,1995,2,1,4,3,4
2016370060634,1,9,0,7,0,8,0,0,0,0,3,1,6,1,60,9,-1,-1,-1,9,1,9
2016370060634,2,1,0,18,0,8,0,0,0,0,1,1,6,2,43,7,-1,-1,-1,4,1,4
2016370060711,1,9,0,18,0,8,0,0,0,0,3,1,6,1,73,10,1299,1,14,5,1,5
2016370060711,2,1,0,18,0,8,0,0,0,0,1,1,6,1,29,6,-1,-1,-1,10,2,10
2016370060729,1,9,0,18,0,0,0,0,0,0,4,1,6,1,31,6,1997,1,17,7,1,7
2016370060729,2,9,0,18,0,0,0,0,0,0,3,1,6,2,42,7,1796,1,13,7,1,7
2016370060739,1,9,0,9,0,8,0,0,0,0,2,1,6,2,21,5,1398,2,13,10,1,10
2016370060739,2,9,0,9,0,8,0,0,0,0,1,1,6,3,-1,-1,-1,-1,-1,-1,-1,-1
2016370060753,1,9,0,18,0,0,0,0,0,0,4,1,6,1,38,7,1999,1,11,7,2,7
2016370060779,1,9,0,18,0,0,0,0,1,7,1,1,6,1,26,6,1796,1,14,1,1,1
2016370060814,1,9,0,18,0,0,0,0,0,0,3,1,6,2,38,7,1796,1,13,6,3,6
2016370060814,2,9,0,18,0,0,0,0,1,0,3,1,6,2,34,6,1388,1,10,6,3,6
2016370060814,3,9,0,18,0,0,0,0,0,0,3,1,6,1,63,9,-1,-1,-1,8,2,8
2016370060818,1,9,0,4,0,0,0,0,0,0,1,1,6,2,63,9,1560,2,5,4,3,4
2016370060818,2,9,0,4,0,0,0,0,0,0,2,1,6,1,37,7,1753,2,15,6,3,6
2016370060829,1,9,0,18,0,0,0,0,0,0,1,1,6,3,-1,-1,2179,2,1,-1,-1,-1
2016370060829,2,9,0,18,0,0,1,0,1,9,4,1,6,2,18,4,1399,2,11,5,3,5
2016370060856,1,9,0,7,0,8,0,0,0,0,1,1,6,1,41,7,1299,1,8,5,1,5
2016370060856,2,9,0,18,0,1,0,0,0,0,4,1,6,2,18,4,1995,2,5,8,1,8
2016370060899,1,9,0,4,0,0,1,0,0,0,1,1,6,1,24,5,-1,-1,-1,5,1,5
2016370060899,2,9,0,4,0,0,0,0,0,0,2,1,6,2,20,4,1242,1,5,4,1,4
2016370060903,1,9,0,18,0,8,0,0,0,0,4,1,6,2,46,8,1399,2,6,1,1,1
2016370060903,2,1,0,18,0,8,0,0,0,0,3,1,6,1,59,9,-1,-1,-1,8,1,8
2016370061082,1,9,0,7,0,0,1,0,1,0,1,1,6,2,28,6,1229,1,6,7,3,7
2016370061116,1,9,0,4,0,1,0,0,0,0,1,1,6,1,27,6,1794,1,13,8,1,8
2016370061116,2,9,0,3,0,1,0,0,0,0,2,1,6,2,37,7,1997,2,3,10,1,10
2016370061140,1,9,0,18,0,0,5,4,0,0,1,1,6,1,38,7,-1,-1,-1,5,1,5
2016370061140,2,9,0,2,0,0,0,0,0,0,2,1,6,3,-1,-1,-1,-1,-1,-1,-1,-1
2016370061141,1,9,0,10,0,0,0,0,0,0,2,1,6,1,42,7,1590,1,11,5,1,5
2016370061141,2,9,0,18,0,0,0,0,0,0,4,1,6,1,54,8,1396,1,17,1,1,1
2016370061214,1,9,0,4,0,0,0,0,0,0,0,1,6,3,-1,-1,-1,-1,-1,-1,-1,-1
2016370061225,1,9,0,17,0,1,0,0,1,11,1,1,6,1,20,4,1398,2,9,8,1,8
2016370061293,1,9,0,18,0,0,0,0,0,0,2,1,6,1,64,9,1896,2,9,6,3,6
2016370061293,2,9,0,18,0,0,0,0,0,0,1,1,6,2,18,4,998,1,7,10,1,10
2016370061303,1,9,0,18,0,0,0,0,0,0,4,1,6,3,-1,-1,1968,2,1,-1,-1,-1
2016370061365,1,9,0,4,0,4,0,0,0,0,2,1,6,3,-1,-1,-1,-1,-1,-1,-1,-1
2016370061365,2,9,0,5,0,1,0,0,0,0,2,1,6,2,28,6,-1,-1,-1,4,1,4
2016370061412,1,9,0,7,0,6,0,0,0,0,3,1,6,1,81,11,2204,2,10,4,3,4
2016370061412,2,9,0,18,0,8,0,0,0,0,1,1,6,1,56,9,-1,-1,-1,6,1,6
2016370061437,1,9,0,18,0,8,2,10,0,0,1,1,6,1,33,6,998,1,15,3,1,3
2016370061599,1,98,0,16,0,0,0,0,0,0,1,1,6,1,37,7,-1,-1,-1,-1,-1,-1
2016370061599,2,9,0,17,0,0,0,0,0,0,3,1,6,1,44,7,1796,1,14,10,1,10
2016370061682,1,9,0,13,0,8,0,0,0,0,1,1,6,3,-1,-1,-1,-1,-1,-1,-1,-1
2016370061682,2,3,0,7,0,8,0,0,0,0,3,1,6,1,24,5,108,1,8,1,1,1
2016370061996,1,9,0,4,0,0,0,0,0,0,1,1,6,3,-1,-1,1598,1,16,-1,-1,-1
2016370061996,2,9,0,3,0,0,0,0,0,0,4,1,6,1,49,8,-1,-1,-1,5,1,5
2016370061996,3,9,0,3,0,0,0,0,0,0,3,1,6,1,28,6,1995,2,9,2,1,2
2016370062023,1,9,0,18,0,1,0,0,0,0,4,1,6,2,56,9,1997,2,12,5,3,5
2016370062023,2,9,0,18,0,7,0,0,0,0,1,1,6,1,-1,-1,1598,1,17,2,1,2
2016370062337,1,9,0,18,0,0,0,0,0,0,1,1,6,1,23,5,1149,1,9,-1,-1,-1
2016370062337,2,9,0,18,0,0,0,0,1,0,1,1,6,1,35,6,1587,1,12,8,1,8
2016370062614,1,9,0,5,0,1,0,0,0,0,1,1,6,2,30,6,1896,2,11,10,1,10
2016370062614,2,9,0,5,0,4,0,0,0,0,2,1,6,2,47,8,1798,1,4,10,1,10
2016370062675,1,9,0,4,0,0,0,0,0,0,1,1,6,1,20,4,1360,1,13,1,1,1
2016370062675,2,9,0,4,0,0,0,0,0,0,1,1,6,2,70,10,999,1,1,3,1,3
2016370062675,3,9,0,4,0,0,0,0,0,0,2,1,6,2,24,5,1388,1,10,5,1,5
2016370062689,1,1,0,18,0,8,0,0,0,0,3,1,6,1,15,3,-1,-1,-1,4,3,4
2016370062689,2,9,0,18,0,8,0,0,0,0,1,1,6,1,47,8,1956,2,7,4,3,4
2016370062717,1,9,0,9,0,8,0,0,0,0,3,1,6,1,47,8,1798,1,8,6,3,6
2016370062717,2,3,0,18,0,8,0,0,0,0,1,1,6,1,19,4,124,1,-1,7,3,7
2016370062747,1,3,0,18,0,8,0,0,0,0,1,1,6,1,19,4,125,1,5,6,3,6
2016370062747,2,9,0,18,0,1,0,0,0,0,1,1,6,1,58,9,-1,-1,-1,6,3,6
2016370062747,3,19,0,9,0,5,0,0,0,0,0,1,1,1,35,6,-1,-1,-1,2,1,2
2016370062781,1,98,0,18,0,0,0,4,0,0,4,1,6,1,51,8,-1,-1,-1,8,1,8
2016370062781,2,19,0,2,0,0,0,0,0,0,3,1,6,1,54,8,6693,2,3,8,1,8
2016370062820,1,9,0,1,0,0,0,0,0,0,0,1,6,1,52,8,1596,1,7,6,3,6
2016370063030,1,9,0,18,0,0,5,0,4,6,3,1,6,1,21,5,1984,1,13,2,1,2
2016370063030,2,9,0,18,0,0,0,0,4,6,3,1,6,1,32,6,1998,2,9,8,1,8
2016370063057,1,9,0,9,0,8,0,0,0,0,1,1,6,2,44,7,1997,2,14,6,3,6
2016370063057,2,1,0,18,0,8,0,0,0,0,1,1,6,1,23,5,-1,-1,-1,10,1,10
2016370063064,1,1,0,18,0,0,5,0,0,0,1,1,6,1,44,7,-1,-1,-1,4,1,4
2016370063064,2,9,0,18,0,0,0,0,0,0,1,1,6,1,60,9,1997,2,10,10,2,10
2016370063116,1,9,0,4,0,0,0,0,0,0,1,1,6,1,20,4,1229,1,10,3,3,3
2016370063116,2,9,0,4,0,0,0,0,0,0,1,1,1,1,-1,-1,-1,-1,-1,-1,-1,-1
2016370063116,3,9,0,4,0,0,0,0,0,0,1,1,6,1,42,7,1968,2,5,6,3,6
2016370063116,4,9,0,4,0,0,0,0,0,0,2,1,6,1,26,6,1199,2,3,4,1,4
2016370063214,1,9,0,18,0,0,0,0,0,0,0,1,6,1,57,9,1998,2,10,6,2,6
2016370063230,1,9,0,18,0,2,5,0,0,0,3,1,6,2,17,4,1598,1,15,6,3,6
2016370063230,2,9,0,18,0,1,0,0,0,0,1,1,6,1,38,7,1896,2,14,7,2,7
2016370063808,1,9,0,17,0,0,0,0,0,0,1,1,6,1,19,4,1299,1,17,6,1,6
2016370063808,2,9,0,4,0,0,0,0,0,0,1,1,6,1,49,8,1598,1,1,8,1,8
2016370064233,1,9,0,18,0,8,0,0,1,0,1,1,6,1,54,8,2268,2,4,5,1,5
2016370064233,2,9,0,18,0,8,1,0,1,0,1,1,6,1,53,8,1686,2,9,9,1,9
2016370064532,1,9,0,18,0,0,0,0,0,0,1,1,6,1,56,9,2497,1,15,5,1,5