Accident_Index,Vehicle_Reference,Vehicle_Type,Towing_and_Articulation,Vehicle_Manoeuvre,Vehicle_Location-Restricted_Lane,Junction_Location,Skidding_and_Overturning,Hit_Object_in_Carriageway,Vehicle_Leaving_Carriageway,Hit_Object_off_Carriageway,1st_Point_of_Impact,Was_Vehicle_Left_Hand_Drive?,Journey_Purpose_of_Driver,Sex_of_Driver,Age_of_Driver,Age_Band_of_Driver,Engine_Capacity_(CC),Propulsion_Code,Age_of_Vehicle,Driver_IMD_Decile,Driver_Home_Area_Type,Vehicle_IMD_Decile
2016370064532,2,9,0,18,0,0,0,0,0,0,1,1,5,1,64,9,-1,-1,-1,4,1,4
2016370064597,1,9,0,4,0,0,0,0,0,0,1,1,6,1,43,7,1896,2,12,6,1,6
2016370064597,2,9,0,4,0,0,0,0,0,0,1,1,6,1,31,6,1248,2,4,4,1,4
2016370064597,3,9,0,4,0,0,0,0,0,0,2,1,6,1,36,7,1197,1,4,9,1,9
2016370064698,1,19,0,4,0,1,0,0,0,0,1,1,6,1,48,8,2143,2,1,5,2,5
2016370064698,2,9,0,3,0,1,0,0,0,0,2,1,6,1,62,9,1590,1,13,7,1,7
2016370064760,1,9,0,18,0,8,0,0,0,0,1,1,6,1,42,7,1995,2,2,8,1,8
2016370064760,2,9,0,5,0,8,0,0,0,0,1,1,6,2,19,4,1149,1,6,1,1,1
2016370064826,1,9,0,18,0,8,0,0,0,0,1,1,6,3,-1,-1,-1,-1,-1,-1,-1,-1
2016370064826,2,1,0,18,0,8,0,0,0,0,4,1,6,1,36,7,-1,-1,-1,1,1,1
2016370064831,1,3,0,18,0,8,0,0,0,0,1,1,6,1,21,5,125,1,1,1,1,1
2016370064831,2,9,0,9,0,8,0,0,0,0,2,1,6,2,43,7,1997,1,12,8,1,8
2016370064883,1,9,0,18,0,0,0,0,0,0,1,1,6,1,33,6,-1,-1,-1,4,3,4
2016370065024,1,9,0,18,0,0,1,0,1,4,1,1,6,2,37,7,1837,1,18,4,2,4
2016370065053,1,9,0,18,0,8,0,0,0,0,3,1,6,1,33,6,1598,1,11,5,1,5
2016370065053,2,5,0,11,0,8,0,0,0,0,3,1,6,1,45,7,865,1,1,6,2,6
2016370065073,1,9,0,9,0,8,0,0,0,0,1,1,6,2,71,10,1390,1,15,8,1,8
2016370065073,2,9,0,18,0,8,0,0,0,0,1,1,6,1,52,8,1896,2,6,6,3,6
2016370065123,1,9,0,18,0,0,0,0,0,0,1,1,6,1,68,10,1200,1,2,6,1,6
2016370065123,2,21,4,18,0,0,0,0,0,0,2,1,6,1,39,7,12809,2,1,7,1,7
2016370065129,1,5,0,18,0,1,5,0,0,0,1,1,6,1,44,7,953,1,8,9,1,9
2016370065129,2,9,0,5,0,2,0,0,0,0,3,1,6,1,57,9,1598,2,6,2,1,2
2016370065224,1,9,0,5,0,0,0,0,0,0,4,1,6,2,45,7,1596,1,5,10,1,10
2016370065224,2,9,0,18,0,0,0,0,0,0,1,1,6,1,24,5,-1,-1,-1,4,1,4
2016370065551,1,9,0,18,0,0,0,0,0,0,1,1,6,2,38,7,2204,2,9,9,1,9
2016370065551,2,9,0,4,0,0,0,0,0,0,2,1,6,2,76,11,1598,1,3,9,1,9
2016370065551,3,9,0,4,0,0,0,0,0,0,1,1,6,2,26,6,1596,1,11,3,1,3
2016370065551,4,9,0,4,0,0,0,0,0,0,1,1,6,1,50,8,1986,2,9,7,1,7
2016370065600,1,9,0,18,0,8,0,0,0,0,1,1,6,2,32,6,1390,1,16,7,1,7
2016370065842,1,9,0,5,0,0,0,0,0,0,4,1,6,2,-1,-1,796,1,11,4,1,4
2016370065882,1,17,0,-1,0,0,0,0,0,0,-1,1,6,1,-1,-1,6788,2,3,-1,-1,-1
2016370065882,2,1,0,-1,0,0,0,0,0,0,-1,1,6,1,78,11,-1,-1,-1,7,3,7
2016370065943,1,9,0,18,0,4,0,0,0,0,0,1,6,1,20,4,1598,1,8,5,2,5
2016370065943,2,9,0,18,0,4,0,0,0,0,-1,1,6,2,55,8,1242,1,15,6,3,6
2016370065997,1,9,0,18,0,8,0,0,0,0,1,1,6,1,44,7,-1,-1,-1,3,1,3
2016370065997,2,9,0,18,0,8,0,0,0,0,1,1,6,2,78,11,1997,1,11,6,3,6
2016370066126,1,9,0,18,0,0,0,0,0,0,1,1,6,1,48,8,1461,2,3,4,2,4
2016370066318,1,9,0,18,0,0,0,0,0,0,1,1,6,1,51,8,1951,2,13,3,3,3
2016370066318,2,9,0,18,0,0,0,0,0,0,1,1,6,2,45,7,-1,-1,-1,6,3,6
2016370066683,1,20,0,18,0,0,5,0,2,11,4,1,6,1,46,8,4250,2,18,2,1,2
2016370066689,1,9,0,5,0,0,0,0,0,0,1,1,6,1,68,10,2597,1,14,3,1,3
2016370066689,2,9,0,2,0,0,0,0,0,0,2,1,6,3,-1,-1,-1,-1,-1,-1,-1,-1
2016370066714,1,9,0,18,0,0,0,12,1,4,1,1,6,2,26,6,1988,1,17,4,1,4
2016370066715,1,9,0,18,0,0,0,0,0,0,1,1,6,1,-1,-1,999,1,3,2,1,2
2016370066715,2,9,0,4,0,0,0,0,0,0,2,1,6,1,45,7,1399,2,7,1,1,1
2016370066727,1,9,0,18,0,0,0,0,0,0,1,1,6,1,25,5,2172,2,14,7,1,7
2016370066781,1,9,0,18,0,1,0,0,0,0,1,1,6,1,27,6,-1,-1,-1,7,1,7
2016370066781,2,9,0,4,0,8,0,0,0,0,2,1,6,1,56,9,-1,-1,-1,5,3,5
2016370066795,1,9,0,18,0,0,0,0,0,0,1,1,6,3,-1,-1,-1,-1,-1,-1,-1,-1
2016370066795,2,1,0,18,0,0,0,0,0,0,2,1,4,1,15,3,-1,-1,-1,5,3,5
2016370066831,1,9,0,9,0,8,0,0,0,0,1,1,6,2,63,9,1998,1,9,8,3,8
2016370066831,2,9,0,18,0,8,0,0,0,0,1,1,6,2,23,5,1242,1,4,10,2,10
2016370066844,1,3,0,18,0,8,0,0,0,0,0,1,6,1,28,6,-1,-1,-1,4,1,4
2016370066844,2,9,0,9,0,8,0,0,0,0,0,1,5,2,82,11,1149,1,17,4,1,4
2016370066854,1,9,0,18,0,0,0,0,0,0,1,1,6,2,52,8,1598,1,17,6,3,6
2016370066914,1,9,0,9,0,8,0,0,0,0,1,1,6,1,21,5,1598,1,10,8,1,8
2016370066914,2,9,0,9,0,8,0,0,0,0,2,1,6,2,50,8,1896,2,9,7,1,7
2016370066914,3,9,0,18,0,8,0,0,0,0,0,1,5,1,27,6,1560,2,2,2,1,2
2016370066926,1,5,0,18,0,0,5,0,0,0,1,1,6,1,24,5,998,1,21,7,1,7
2016370066926,2,9,0,18,0,0,0,0,0,0,2,1,6,1,82,11,1298,1,8,3,1,3
2016370066940,1,9,0,18,0,8,0,0,0,0,0,1,6,1,39,7,1968,2,9,4,1,4
2016370066942,1,9,0,18,0,8,0,0,0,0,1,1,6,1,21,5,2616,1,6,7,1,7
2016370066942,2,1,0,18,0,8,0,0,0,0,2,1,6,2,31,6,-1,-1,-1,7,1,7
2016370066962,1,9,0,18,0,8,0,0,0,0,1,1,6,1,69,10,1461,2,-1,9,1,9
2016370066962,2,19,0,5,0,8,0,0,0,0,1,1,6,1,-1,-1,1310,1,2,-1,-1,-1
2016370066962,3,1,0,5,0,8,0,0,0,0,3,1,6,1,33,6,-1,-1,-1,9,1,9
2016370067343,1,9,0,5,0,0,0,0,0,0,3,1,6,2,82,11,1329,1,2,9,2,9
2016370067343,2,19,0,18,0,0,0,0,0,0,4,1,6,2,58,9,1968,2,6,5,3,5
2016370067655,1,9,0,18,0,0,0,0,0,0,1,1,6,1,36,7,1781,1,15,5,1,5
2016370067655,2,9,0,3,0,0,1,0,7,0,2,1,6,2,22,5,1242,1,3,7,3,7
2016370067763,1,1,0,18,9,0,5,10,0,0,0,1,6,2,55,8,-1,-1,-1,3,1,3
2016370067936,1,9,0,18,0,0,0,0,0,0,1,1,6,1,24,5,1299,1,15,10,2,10
2016370067936,2,5,0,18,0,0,0,0,0,0,1,1,6,1,53,8,1050,1,2,10,1,10
2016370068007,1,9,0,18,0,1,0,0,0,0,4,1,6,2,46,8,1560,2,6,10,1,10
2016370068007,2,1,0,18,0,8,0,0,0,0,1,1,6,1,47,8,-1,-1,-1,8,1,8
2016370068270,1,9,0,18,0,0,0,0,0,0,1,1,6,2,80,11,1400,1,16,6,3,6
2016370068270,2,5,0,18,0,0,0,0,0,0,1,1,6,1,43,7,1441,1,-1,7,1,7
2016370068270,3,9,0,10,0,0,0,0,0,0,2,1,6,1,53,8,1998,2,11,7,3,7
2016370068310,1,9,0,18,0,8,0,0,0,0,3,1,6,1,75,10,1999,2,-1,4,2,4
2016370068310,2,9,0,18,0,8,0,0,0,0,1,1,6,1,40,7,2494,2,1,4,3,4
2016370068439,1,9,0,18,0,0,1,0,0,0,2,1,6,1,26,6,1998,2,15,5,2,5
2016370068439,2,9,0,18,0,0,1,0,0,0,2,1,6,1,32,6,1560,2,2,5,3,5
2016370068439,3,9,0,18,0,0,1,0,0,0,3,1,6,1,60,9,1248,2,4,9,2,9
2016370068446,1,9,0,18,0,5,0,0,3,11,1,1,6,1,64,9,2993,2,3,7,3,7
2016370068446,2,9,0,18,0,5,0,0,0,0,2,1,6,1,71,10,2967,2,3,9,1,9
2016370068586,1,9,0,18,0,8,0,0,0,0,1,1,6,1,29,6,1896,2,12,9,1,9
2016370068586,2,9,0,18,0,8,0,0,0,0,2,1,6,1,30,6,1596,1,7,7,1,7
2016370068586,3,9,0,4,0,8,0,0,0,0,2,1,6,2,68,10,1339,1,11,5,1,5
2016370068589,1,9,0,18,0,0,0,0,0,0,4,1,6,2,38,7,1988,2,11,3,1,3
2016370068589,2,3,0,18,0,0,0,0,0,0,1,1,6,1,27,6,124,1,1,1,1,1
2016370068592,1,21,0,18,0,8,0,0,0,0,1,1,6,1,48,8,10837,2,1,8,2,8
2016370068592,2,9,0,5,0,8,0,0,0,0,2,1,6,1,76,11,1560,2,5,5,2,5
2016370068600,1,9,0,18,0,0,0,0,0,0,1,1,6,2,53,8,1229,1,6,7,3,7
2016370068600,2,9,0,18,0,0,0,0,0,0,1,1,6,2,44,7,1242,1,3,6,2,6
2016370068775,1,9,0,18,0,0,5,0,0,0,1,1,6,1,21,5,1590,1,12,5,2,5
2016370068846,1,9,0,17,0,5,0,0,0,0,1,1,6,1,62,9,-1,-1,-1,2,1,2
2016370068846,2,9,0,18,0,5,0,0,0,0,2,1,6,1,23,5,1968,2,-1,9,2,9
2016370068855,1,9,0,18,0,0,0,4,0,0,4,1,6,2,85,11,1389,1,21,9,3,9
2016370068855,2,9,0,2,0,0,0,0,0,0,3,1,6,1,39,7,1299,1,19,6,3,6
2016370068908,1,9,0,18,0,0,0,0,0,0,3,1,6,1,18,4,1242,1,12,6,2,6
2016370068940,1,9,0,3,0,8,0,0,0,0,4,1,6,1,57,9,998,1,5,5,3,5
2016370068940,2,9,0,18,0,8,0,0,0,0,1,1,6,1,30,6,1997,2,7,8,1,8
2016370068940,3,9,0,18,0,1,0,0,0,0,1,1,6,1,60,9,1339,1,4,10,1,10
2016370068958,1,9,0,18,0,0,0,0,0,0,1,1,6,1,18,4,973,1,14,7,2,7
2016370068958,2,9,0,18,0,0,0,0,0,0,1,1,6,2,70,10,996,1,5,5,3,5
2016370068958,3,9,0,18,0,0,0,0,0,0,2,1,6,1,28,6,1560,2,7,1,1,1
2016370068972,1,9,0,18,0,1,0,0,0,0,1,1,6,1,25,5,1598,2,2,-1,-1,-1
2016370068972,2,9,0,3,0,1,0,0,0,0,2,1,6,2,66,10,1497,1,13,8,3,8
2016370069275,1,9,0,7,0,6,0,0,0,0,1,1,6,2,28,6,2967,1,13,9,2,9
2016370069275,2,9,0,18,0,8,0,0,0,0,3,1,6,2,45,7,3300,1,9,9,1,9
2016370069359,1,9,0,5,0,4,0,0,0,0,1,1,6,2,72,10,996,1,6,5,3,5
2016370069359,2,1,0,9,0,8,0,0,0,0,4,1,2,1,48,8,-1,-1,-1,-1,-1,-1
2016370069394,1,9,0,18,0,0,0,0,0,0,1,1,6,2,30,6,1997,2,7,1,1,1
2016370069394,2,9,0,4,0,0,0,0,0,0,2,1,6,1,60,9,1560,2,3,9,1,9
2016370069567,1,5,0,18,0,1,1,0,0,0,0,1,6,1,34,6,900,1,16,3,1,3
2016370069745,1,9,0,18,0,1,0,0,0,0,2,1,6,2,39,7,1198,1,3,2,1,2
2016370069745,2,9,0,4,0,1,0,0,0,0,2,1,6,1,33,6,2179,2,7,1,1,1
2016370069745,3,9,0,18,0,1,0,0,0,0,1,1,6,1,31,6,1598,2,2,10,1,10
2016370069776,1,9,0,18,0,0,0,4,0,0,3,1,6,2,22,5,1124,1,12,1,1,1
2016370069776,2,9,0,2,0,0,0,0,0,0,0,1,6,3,-1,-1,-1,-1,-1,-1,-1,-1
2016370069812,1,9,0,18,0,3,0,0,0,0,4,1,6,2,17,4,1390,1,2,9,3,9
2016370069812,2,9,0,18,0,3,0,0,0,0,3,1,6,1,24,5,1686,2,12,4,1,4
2016370069838,1,9,0,18,0,1,0,0,1,0,0,1,6,3,-1,-1,-1,-1,-1,-1,-1,-1
2016370069846,1,9,0,16,0,0,1,0,2,4,1,1,6,1,29,6,1388,1,15,6,1,6
2016370069870,1,9,0,5,0,0,0,0,0,0,1,1,6,2,40,7,998,1,3,-1,-1,-1
2016370069870,2,9,0,5,0,0,0,0,0,0,4,1,6,2,25,5,1796,1,16,-1,-1,-1
2016370069886,1,9,0,18,0,0,0,0,0,0,1,1,6,1,32,6,-1,-1,-1,3,1,3
2016370069886,2,9,0,18,0,0,0,0,0,0,1,1,6,1,54,8,1560,2,10,8,2,8
2016370069912,1,9,0,9,0,8,0,0,0,0,3,1,6,1,34,6,1984,1,2,2,1,2
2016370069912,2,9,0,18,0,1,0,0,0,0,1,1,6,1,40,7,1796,1,11,2,1,2
2016370069921,1,9,0,7,0,2,0,0,0,0,-1,1,6,3,-1,-1,-1,-1,-1,-1,-1,-1
2016370069928,1,9,0,18,0,1,0,0,0,0,1,1,6,2,53,8,1398,1,6,9,3,9
2016370069962,1,9,0,9,0,8,0,0,0,0,1,1,6,2,34,6,1997,2,10,6,1,6
2016370069962,2,9,0,18,0,1,0,0,0,0,0,1,6,1,68,10,1461,2,4,7,1,7
2016370070009,1,9,0,9,0,8,0,0,0,0,1,1,6,1,30,6,1598,2,1,9,2,9
2016370070009,2,5,0,18,0,8,0,0,0,0,1,1,6,1,27,6,599,1,13,6,3,6
2016370070095,1,9,0,9,0,8,0,0,0,0,1,1,6,2,28,6,1388,1,13,9,1,9
2016370070095,2,9,0,18,0,1,0,0,0,0,1,1,6,2,69,10,1124,1,13,6,1,6
2016370070095,3,9,0,3,0,1,0,0,0,0,1,1,6,2,44,7,1388,1,7,7,3,7
2016370070099,1,19,0,18,0,0,0,0,0,0,1,1,2,1,33,6,2402,2,5,4,1,4
2016370070099,2,9,0,18,0,0,0,0,0,0,2,1,5,1,47,8,1997,2,11,1,1,1
2016370070143,1,9,0,4,0,4,0,0,0,0,1,1,6,2,32,6,1149,1,4,6,1,6
2016370070143,2,3,0,18,0,3,2,0,0,0,1,1,6,1,26,6,125,1,10,-1,-1,-1
2016370070220,1,9,0,18,0,0,5,0,1,9,1,1,6,2,19,4,1242,1,17,9,2,9
2016370070232,1,9,0,18,0,0,0,0,0,0,1,1,6,1,21,5,1390,1,16,3,1,3
2016370070277,1,9,0,18,0,0,0,0,0,0,1,1,6,2,48,8,1598,1,4,5,1,5
2016370070277,2,9,0,4,0,0,0,0,0,0,2,1,6,2,38,7,1598,1,12,5,3,5
2016370070277,3,9,0,4,0,0,0,0,0,0,2,1,6,1,44,7,1598,2,1,5,3,5
2016370070277,4,9,0,4,0,0,0,0,0,0,1,1,6,1,19,4,1149,1,15,4,1,4
2016370070289,1,21,0,5,0,2,0,0,0,0,4,1,6,1,73,10,12419,2,6,9,1,9
2016370070289,2,9,0,3,0,2,0,0,0,0,2,1,6,2,47,8,1360,1,13,4,1,4
2016370070318,1,9,0,18,0,0,0,0,0,0,1,1,6,1,76,11,1229,1,5,8,2,8
2016370070364,1,9,0,4,0,0,0,0,0,0,1,1,6,2,21,5,1242,1,9,2,1,2
2016370070364,2,9,0,4,0,0,0,0,0,0,2,1,6,2,42,7,998,1,7,5,2,5
2016370070403,1,9,0,5,0,0,0,0,0,0,1,1,6,1,27,6,1596,1,14,5,1,5
2016370070403,2,9,0,18,0,0,0,0,0,0,4,1,6,1,24,5,1332,1,19,1,1,1
2016370070451,1,9,0,18,0,0,0,0,1,4,3,1,6,1,22,5,1587,1,17,5,3,5
2016370070503,1,9,0,18,0,0,0,0,0,0,1,1,6,1,-1,-1,1997,2,15,8,1,8
2016370070503,2,9,0,3,0,0,0,0,0,0,2,1,6,1,-1,-1,1597,1,31,8,1,8
2016370070582,1,9,0,1,0,1,0,0,0,0,2,1,6,2,55,8,1997,2,10,5,1,5
2016370070839,1,19,0,18,0,0,0,0,0,0,1,1,6,1,-1,-1,1995,2,6,-1,-1,-1
2016370070839,2,9,0,4,0,0,0,0,0,0,2,1,6,1,47,8,-1,-1,-1,5,1,5
2016370070860,1,9,0,18,0,0,0,0,0,0,1,1,6,2,45,7,2179,2,3,7,2,7
2016370070860,2,21,1,17,0,0,0,0,0,0,3,1,1,1,47,8,12900,2,2,6,1,6
2016370070860,3,19,0,2,0,0,0,0,0,0,1,1,6,1,37,7,2198,2,5,5,3,5
2016370070860,4,9,0,2,0,0,0,0,0,0,3,1,5,2,-1,-1,698,1,11,7,1,7
2016370070889,1,9,0,18,0,0,5,11,5,6,1,1,6,1,33,6,2494,1,12,6,2,6
2016370070889,2,9,0,18,0,0,0,11,0,0,0,1,6,2,37,7,1997,1,12,2,1,2
2016370070935,1,9,0,18,0,1,0,0,0,0,1,1,6,2,35,6,1753,2,12,6,2,6
2016370070935,2,9,0,3,0,1,0,0,0,0,2,1,6,1,30,6,3600,1,4,6,1,6
2016370070939,1,9,0,7,0,1,0,0,0,0,3,1,5,2,73,10,1796,1,13,5,3,5
2016370070939,2,9,0,9,0,1,0,0,0,0,3,1,1,2,37,7,998,1,3,8,1,8
2016370070989,1,9,0,18,0,0,0,0,1,4,4,1,6,1,22,5,1995,2,10,8,1,8
2016370071256,1,9,0,17,0,0,0,0,0,0,1,1,6,1,49,8,-1,-1,-1,2,1,2
2016370071256,2,9,0,18,0,0,0,0,0,0,1,1,6,2,57,9,1598,1,14,3,2,3
2016370071261,1,9,0,4,0,0,0,0,0,0,1,1,6,2,36,7,1989,1,17,2,1,2
2016370071261,2,9,0,3,0,0,0,0,0,0,2,1,6,1,40,7,1896,2,12,2,1,2
2016370071299,1,9,0,8,0,1,0,0,0,0,1,1,6,1,19,4,1399,1,11,2,1,2
2016370071299,2,9,0,18,0,8,0,0,0,0,4,1,6,1,16,4,-1,-1,-1,2,1,2
2016370071676,1,9,0,18,0,0,0,0,0,0,1,1,6,1,78,11,1598,2,6,6,3,6
2016370071676,2,9,0,18,0,0,0,0,0,0,2,1,6,2,30,6,1198,1,11,2,1,2
2016370071731,1,9,0,17,0,0,0,0,0,0,3,1,6,1,47,8,1398,1,14,5,1,5
2016370071731,2,9,0,16,0,0,0,0,0,0,1,1,6,2,77,11,1341,1,12,7,1,7
2016370071888,1,9,0,7,0,2,0,4,1,0,3,1,5,1,66,10,-1,-1,-1,8,3,8
2016370071888,2,9,0,2,0,1,0,0,0,0,3,1,6,3,-1,-1,-1,-1,-1,-1,-1,-1
2016370072498,1,3,0,17,0,0,0,0,1,0,4,1,6,1,25,5,124,1,10,6,3,6
2016370072551,1,9,0,18,0,0,0,0,0,0,1,1,6,1,53,8,1581,1,16,6,3,6
2016370072551,2,9,0,18,0,0,0,0,0,0,1,1,6,2,28,6,1753,2,7,4,3,4
2016370072604,1,9,0,18,0,0,0,0,0,0,1,1,6,2,42,7,1995,2,1,1,1,1
2016370072604,2,19,0,4,0,0,0,0,0,0,2,1,6,1,26,6,1968,2,3,7,1,7
2016370072604,3,21,1,4,0,0,0,0,0,0,3,1,6,1,53,8,12777,2,1,2,1,2
2016370072693,1,9,0,18,0,0,5,0,7,4,3,1,5,2,18,4,1124,1,14,6,3,6
2016370072747,1,9,0,4,0,1,0,0,0,0,1,1,6,2,39,7,1360,1,10,8,2,8
2016370072747,2,4,0,4,0,1,5,0,0,0,2,1,6,1,57,9,471,1,3,4,1,4
2016370072810,1,2,0,18,0,1,5,0,0,0,1,1,6,1,17,4,49,1,1,7,3,7
2016370072810,2,9,0,7,0,1,0,0,0,0,4,1,6,1,53,8,-1,-1,-1,7,1,7
2016370072810,3,9,0,2,0,1,0,0,0,0,2,1,5,2,45,7,1910,2,9,7,1,7
2016370072838,1,1,0,18,9,0,0,0,0,0,1,1,6,2,35,6,-1,-1,-1,3,1,3
2016370072838,2,9,0,1,5,0,0,0,0,0,0,1,6,2,64,9,1598,1,17,3,1,3
2016370072887,1,19,0,7,0,1,0,0,0,0,1,1,6,1,57,9,1753,2,13,3,1,3
2016370072887,2,9,0,18,0,1,0,0,0,0,4,1,6,2,45,7,15992,1,12,7,2,7
2016370072923,1,9,0,18,0,2,0,0,0,0,1,1,5,2,33,6,1968,2,8,4,1,4
2016370072923,2,9,0,18,0,1,0,0,0,0,1,1,5,1,19,4,988,1,27,9,1,9
2016370072924,1,3,0,5,0,0,0,0,0,0,4,1,6,1,19,4,124,1,9,10,2,10
2016370072924,2,98,0,18,0,0,0,0,0,0,0,1,6,3,-1,-1,-1,-1,-1,-1,-1,-1
2016370072966,1,19,0,10,0,1,0,0,0,0,3,1,6,1,37,7,1998,2,16,4,1,4
2016370072966,2,1,0,14,0,1,0,0,0,0,4,1,6,1,43,7,-1,-1,-1,3,1,3
2016370073010,1,9,0,18,0,0,0,0,0,0,4,1,6,1,34,6,1895,1,17,1,1,1
2016370073016,1,9,0,18,0,0,0,0,7,11,1,1,6,2,83,11,1275,1,16,9,3,9
2016370073032,1,9,0,18,0,0,0,0,0,0,1,1,6,1,28,6,1598,1,5,3,1,3
2016370073064,1,9,0,17,0,1,0,0,0,0,3,1,6,2,20,4,1299,1,12,10,2,10
2016370073064,2,9,0,17,0,1,0,0,0,0,4,1,6,2,19,4,998,1,1,7,3,7
2016370073068,1,21,4,11,0,0,0,0,0,0,4,1,1,1,44,7,12419,2,1,3,1,3
2016370073068,2,9,0,18,0,0,0,0,0,0,3,1,5,2,59,9,1248,1,1,7,2,7
2016370073122,1,9,0,18,0,0,0,0,0,0,1,1,6,2,42,7,1995,2,1,10,1,10
2016370073122,2,9,0,4,0,0,0,0,0,0,2,1,6,1,51,8,2497,1,7,7,1,7
2016370073141,1,9,0,18,0,0,0,0,0,0,1,1,6,1,27,6,2500,1,12,6,1,6
2016370073141,2,9,0,18,0,0,0,0,0,0,1,1,6,2,59,9,1229,1,9,5,1,5
2016370073141,3,9,0,18,0,0,0,0,0,0,1,1,2,1,29,6,3600,1,4,5,1,5
2016370073150,1,19,0,18,0,1,0,0,0,0,3,1,6,1,22,5,2198,2,4,5,3,5
2016370073150,2,9,0,10,0,1,0,0,0,0,2,1,6,2,42,7,1956,2,2,2,1,2
2016370073203,1,3,0,18,0,1,1,0,0,0,3,1,6,1,30,6,124,1,13,2,1,2
2016370073203,2,9,0,3,0,1,0,0,0,0,4,1,6,1,37,7,1560,2,6,3,1,3
2016370073203,3,19,0,3,0,1,0,0,0,0,0,1,6,1,31,6,2143,2,1,6,1,6
2016370073203,4,19,0,10,0,1,0,0,0,0,0,1,6,1,50,8,1753,2,10,6,2,6
2016370073411,1,9,0,3,0,1,0,0,0,0,1,1,6,2,80,11,1598,1,11,5,1,5
2016370073411,2,9,0,3,0,1,0,0,0,0,0,1,6,1,69,10,1968,2,11,6,3,6
2016370073433,1,3,0,3,0,1,0,0,0,0,0,1,6,1,23,5,124,1,9,1,1,1
2016370073433,2,9,0,10,0,8,0,0,0,0,2,1,6,2,28,6,973,1,15,2,1,2
2016370073483,1,9,0,18,0,0,0,0,0,0,1,1,6,1,32,6,1197,1,1,6,3,6
2016370073483,2,17,0,18,0,0,0,0,0,0,1,1,6,1,52,8,6788,2,5,8,3,8
2016370073534,1,9,0,18,0,8,0,0,0,0,1,1,6,1,31,6,3600,1,3,5,3,5
2016370073534,2,5,0,18,0,1,5,0,0,0,4,1,6,1,43,7,1157,1,13,6,1,6
2016370073545,1,9,0,18,0,0,0,0,0,0,0,1,6,3,-1,-1,-1,-1,-1,-1,-1,-1
2016370073545,2,9,0,18,0,0,0,0,0,0,1,1,6,1,20,4,1398,2,1,5,2,5
2016370073605,1,9,0,18,0,0,0,0,0,0,1,1,6,1,75,10,1753,2,15,5,3,5
2016370073605,2,9,0,18,0,0,0,0,0,0,2,1,6,2,19,4,1388,1,9,8,3,8
2016370073675,1,9,0,9,0,8,0,0,0,0,3,1,1,2,53,8,1781,1,15,6,3,6
2016370073675,2,9,0,18,0,1,0,0,0,0,1,1,6,1,70,10,2401,2,14,6,3,6
2016370073698,1,2,0,6,0,0,0,0,0,0,1,1,6,1,18,4,50,1,4,6,1,6
2016370073698,2,9,0,3,0,0,0,0,0,0,3,1,5,1,84,11,1248,1,-1,5,2,5
2016370073708,1,9,0,-1,0,0,0,0,0,0,1,1,6,2,48,8,1396,1,16,5,1,5
2016370073708,2,1,0,-1,0,0,0,0,0,0,1,1,6,2,14,3,-1,-1,-1,10,1,10
2016370073742,1,9,0,18,0,1,0,0,0,0,0,1,6,1,65,9,1798,1,3,7,1,7
2016370073742,2,1,0,17,0,1,5,0,0,0,0,1,6,1,59,9,-1,-1,-1,6,1,6
2016370073792,1,9,0,18,0,1,0,0,0,0,1,1,6,2,24,5,1598,1,10,6,1,6
2016370073842,1,9,0,9,0,6,0,0,0,0,1,1,6,1,24,5,1999,1,9,6,2,6
2016370073842,2,9,0,17,0,8,0,0,0,0,1,1,6,1,38,7,2400,2,3,5,3,5
2016370073861,1,9,0,9,0,2,0,0,0,0,3,1,6,1,64,9,1388,1,13,7,3,7
2016370073861,2,9,0,18,0,1,0,0,0,0,1,1,6,1,23,5,1598,1,17,6,3,6
2016370073882,1,9,0,18,0,1,0,0,0,0,1,1,6,2,52,8,1248,1,2,6,2,6
2016370073931,1,9,0,18,0,2,0,0,0,0,1,1,6,1,50,8,2199,2,3,7,3,7
2016370073931,2,9,0,18,0,2,0,0,0,0,4,1,6,2,43,7,1229,1,8,4,3,4
2016370073941,1,9,0,9,0,1,0,0,0,0,1,1,6,2,22,5,1299,1,17,8,1,8
2016370073941,2,9,0,18,0,1,0,0,0,0,1,1,1,1,57,9,-1,-1,-1,3,3,3
2016370073961,1,9,0,18,0,0,0,0,0,0,3,1,6,1,24,5,1800,1,5,6,1,6
2016370073961,2,9,0,18,0,0,0,0,0,0,3,1,6,2,51,8,998,1,1,6,1,6
2016370073973,1,9,0,18,0,0,1,0,0,0,1,1,6,2,29,6,1796,1,12,3,1,3
2016370073973,2,9,0,10,0,0,0,0,0,0,2,1,6,1,27,6,1686,2,9,10,1,10
2016370074001,1,9,0,16,0,0,0,0,0,0,1,1,6,2,62,9,3378,1,15,7,3,7
2016370074001,2,9,0,3,0,0,0,0,0,0,2,1,6,1,53,8,1995,1,13,7,1,7
2016370074118,1,9,0,16,0,0,0,0,0,0,3,1,6,2,39,7,1896,2,7,4,2,4