Accident_Index,Vehicle_Reference,Vehicle_Type,Towing_and_Articulation,Vehicle_Manoeuvre,Vehicle_Location-Restricted_Lane,Junction_Location,Skidding_and_Overturning,Hit_Object_in_Carriageway,Vehicle_Leaving_Carriageway,Hit_Object_off_Carriageway,1st_Point_of_Impact,Was_Vehicle_Left_Hand_Drive?,Journey_Purpose_of_Driver,Sex_of_Driver,Age_of_Driver,Age_Band_of_Driver,Engine_Capacity_(CC),Propulsion_Code,Age_of_Vehicle,Driver_IMD_Decile,Driver_Home_Area_Type,Vehicle_IMD_Decile
2016370074118,2,9,0,17,0,0,0,0,0,0,1,1,6,2,77,11,1798,1,1,10,2,10
2016370074166,1,9,0,7,0,8,0,0,0,0,4,1,6,1,18,4,1199,1,15,6,3,6
2016370074166,2,9,0,18,0,1,0,0,0,0,1,1,6,2,24,5,1349,1,1,5,2,5
2016370074227,1,1,0,18,0,2,0,0,0,0,1,1,6,2,16,4,-1,-1,-1,7,3,7
2016370074227,2,9,0,18,0,1,0,0,0,0,4,1,6,1,66,10,1796,1,5,6,3,6
2016370074334,1,9,0,18,0,0,0,0,0,0,3,1,5,1,64,9,3248,1,16,8,1,8
2016370074334,2,9,0,18,0,0,0,0,0,0,3,1,1,1,45,7,-1,-1,-1,7,1,7
2016370074368,1,9,0,18,0,8,0,0,0,0,1,1,6,1,33,6,1598,1,12,1,1,1
2016370074368,2,23,0,18,0,8,0,0,0,0,3,1,6,1,31,6,1050,1,1,10,1,10
2016370074417,1,9,0,18,0,0,0,0,0,0,1,1,6,1,24,5,1968,2,3,8,1,8
2016370074438,1,9,0,18,0,0,0,0,0,0,1,1,6,2,83,11,973,1,17,7,3,7
2016370074438,2,9,0,10,0,0,0,0,0,0,2,1,6,1,76,11,2387,2,14,7,1,7
2016370074470,1,9,0,18,0,0,0,0,0,0,3,1,6,3,-1,-1,-1,-1,-1,-1,-1,-1
2016370074470,2,9,0,18,0,0,0,0,0,0,3,1,6,1,56,9,1910,2,8,6,3,6
2016370074475,1,9,0,10,0,1,0,0,0,0,4,1,6,2,52,8,1995,2,6,8,1,8
2016370074475,2,9,0,18,0,1,0,0,0,0,3,1,6,1,63,9,1329,1,7,6,1,6
2016370074481,1,9,0,16,0,0,0,0,7,0,2,1,6,2,21,5,1299,1,8,6,3,6
2016370074481,2,9,0,17,0,0,0,0,0,0,2,1,6,2,19,4,1360,1,10,6,3,6
2016370074484,1,21,0,18,0,0,0,0,0,0,0,1,5,1,61,9,12740,2,3,6,1,6
2016370074484,2,16,0,18,0,0,0,0,0,0,0,1,6,2,51,8,-1,-1,-1,5,3,5
2016370074484,3,16,0,18,0,0,0,0,0,0,0,1,6,2,21,5,-1,-1,-1,-1,-1,-1
2016370074500,1,9,0,1,0,0,0,0,0,0,2,1,6,2,85,11,1998,1,12,3,1,3
2016370074500,2,9,0,2,0,0,0,0,0,0,1,1,6,1,71,10,1998,1,14,6,1,6
2016370074514,1,11,0,18,0,0,0,0,0,0,0,1,1,1,24,5,-1,-1,-1,9,1,9
2016370074523,1,9,0,18,0,0,0,0,1,11,1,1,6,1,70,10,1995,2,6,6,3,6
2016370074529,1,98,1,18,0,1,0,0,0,0,1,1,1,1,53,8,-1,-1,-1,-1,-1,-1
2016370074529,2,9,0,18,0,1,0,0,0,0,1,1,6,1,50,8,1997,2,6,3,1,3
2016370074557,1,9,0,18,0,0,0,0,1,0,1,1,6,2,28,6,1586,1,10,5,1,5
2016370075256,1,9,0,18,0,0,0,0,0,0,1,1,2,1,28,6,998,1,-1,6,2,6
2016370075256,2,21,0,18,0,0,0,0,0,0,2,1,1,1,60,9,12419,2,2,9,1,9
2016370075535,1,9,0,7,0,2,0,0,0,0,0,1,6,1,48,8,1587,1,14,1,1,1
2016370075535,2,9,0,9,0,2,0,0,0,0,0,1,6,2,61,9,1499,2,-1,2,1,2
2016370075608,1,-1,0,18,0,1,0,0,0,0,4,1,6,3,-1,-1,-1,-1,-1,-1,-1,-1
2016370075632,1,1,0,18,0,1,0,0,0,0,1,1,6,1,33,6,-1,-1,-1,2,1,2
2016370075632,2,9,0,2,0,2,0,0,0,0,2,1,6,3,-1,-1,-1,-1,-1,-1,-1,-1
2016370075909,1,9,0,18,0,0,0,0,0,0,1,1,6,1,37,7,1396,1,15,3,1,3
2016370075909,2,9,0,3,0,0,0,0,0,0,2,1,6,2,24,5,1560,2,6,4,1,4
2016370075948,1,9,0,18,0,0,0,0,0,0,4,1,6,1,70,10,1560,2,3,9,2,9
2016370076121,1,1,0,18,0,1,5,0,0,0,1,1,6,1,15,3,-1,-1,-1,7,1,7
2016370076121,2,9,0,18,0,1,0,0,0,0,1,1,6,1,58,9,1997,2,3,9,2,9
2016370076130,1,9,0,18,0,1,0,0,0,0,1,1,2,2,41,7,1461,2,7,9,1,9
2016370076130,2,3,0,18,0,1,0,0,0,0,3,1,2,1,31,6,124,1,5,5,1,5
2016370076146,1,9,0,9,0,2,0,0,0,0,1,1,6,1,17,4,1242,1,11,7,2,7
2016370076146,2,3,0,18,0,1,5,0,0,0,1,1,6,1,22,5,125,1,1,7,2,7
2016370076440,1,9,0,18,0,0,0,0,0,0,1,1,5,1,20,4,1900,2,10,5,3,5
2016370076440,2,9,0,18,0,0,0,0,0,0,2,1,5,1,19,4,698,1,10,1,1,1
2016370076542,1,9,0,18,0,1,0,0,0,0,1,1,6,2,35,6,1910,2,9,7,1,7
2016370076542,2,9,0,5,0,1,0,0,0,0,1,1,6,2,78,11,1390,1,10,10,2,10
2016370076776,1,9,0,18,0,0,0,0,0,0,1,1,6,2,50,8,1197,1,1,4,1,4
2016370076776,2,9,0,4,0,0,0,0,0,0,2,1,6,2,27,6,999,1,14,1,1,1
2016370076776,3,9,0,4,0,0,0,0,0,0,2,1,6,2,33,6,1686,2,2,4,1,4
2016370076786,1,9,5,18,0,0,5,0,0,0,1,1,6,1,18,4,1598,1,11,4,1,4
2016370076798,1,9,0,18,0,0,0,0,1,7,1,1,6,2,19,4,1800,1,16,-1,-1,-1
2016370076835,1,9,0,18,0,0,0,0,0,0,4,1,6,2,41,7,1995,2,5,6,1,6
2016370076908,1,9,0,-1,-1,-1,0,0,0,0,1,1,5,2,62,9,1497,8,12,1,1,1
2016370076908,2,9,0,-1,-1,-1,0,0,0,0,2,1,6,2,23,5,1242,1,3,5,1,5
2016370076941,1,9,0,18,0,0,0,0,0,0,3,1,6,2,74,10,1389,1,13,10,2,10
2016370076941,2,9,0,18,0,0,0,0,0,0,3,1,6,2,44,7,1995,2,3,6,3,6
2016370076941,3,9,0,18,0,0,0,0,0,0,3,1,6,1,66,10,1998,1,7,2,1,2
2016370076941,4,5,0,18,0,0,5,0,0,0,1,1,6,1,65,9,865,1,5,8,2,8
2016370076941,5,9,0,18,0,0,0,0,0,0,3,1,6,1,46,8,-1,-1,-1,8,1,8
2016370076973,1,9,0,18,0,0,0,0,0,0,4,1,5,1,22,5,1390,1,16,7,2,7
2016370076973,2,5,0,18,0,0,5,0,0,0,1,1,5,1,25,5,1299,1,12,2,1,2
2016370076984,1,9,0,16,0,0,1,0,1,10,1,1,6,2,18,4,1043,1,27,8,2,8
2016370077053,1,3,0,5,0,0,0,0,0,0,4,1,5,1,26,6,125,1,2,8,1,8
2016370077053,2,19,0,9,0,0,0,0,0,0,4,1,1,2,28,6,2402,2,13,8,1,8
2016370077307,1,9,0,18,0,1,0,0,0,0,1,1,5,1,37,7,1398,1,12,2,1,2
2016370077307,2,1,0,18,0,1,5,0,0,0,3,1,6,1,12,3,-1,-1,-1,2,1,2
2016370077339,1,9,0,7,0,8,0,0,0,0,3,1,5,2,35,6,1388,1,10,6,1,6
2016370077339,2,9,0,18,0,1,0,0,0,0,1,1,6,1,68,10,1399,2,8,6,2,6
2016370077361,1,9,0,18,0,1,0,0,0,0,1,1,5,1,29,6,-1,-1,-1,6,3,6
2016370077361,2,9,0,10,0,1,0,0,0,0,2,1,5,1,45,7,1995,2,1,7,2,7
2016370077395,1,9,0,5,0,8,0,0,0,0,3,1,6,1,18,4,1149,1,14,10,2,10
2016370077395,2,9,0,18,0,1,0,0,0,0,1,1,6,1,38,7,1968,2,8,9,3,9
2016370077410,1,5,0,17,0,0,5,0,0,0,3,1,1,1,31,6,1170,1,2,5,1,5
2016370077464,1,9,0,17,0,1,0,0,0,0,1,1,6,1,25,5,1998,2,8,8,2,8
2016370077464,2,9,0,16,0,1,0,0,0,0,1,1,6,1,36,7,1242,1,14,4,1,4
2016370077483,1,9,0,18,0,0,0,0,0,0,2,1,6,2,34,6,1870,2,11,1,1,1
2016370077483,2,3,0,18,0,0,2,0,0,0,2,1,6,1,42,7,108,1,4,1,1,1
2016370077494,1,9,0,17,0,0,2,0,0,0,3,1,6,1,21,5,-1,-1,-1,4,2,4
2016370077852,1,21,1,13,0,0,0,0,0,0,1,1,1,1,42,7,10518,2,4,5,1,5
2016370077852,2,9,0,18,0,0,1,0,0,0,2,1,6,2,37,7,1360,1,14,2,1,2
2016370077951,1,9,0,17,0,0,0,0,0,0,1,1,6,1,26,6,1390,1,13,6,3,6
2016370078002,1,9,0,18,0,1,0,0,0,0,1,1,6,1,40,7,1248,2,12,10,1,10
2016370078002,2,9,0,18,0,1,0,0,0,0,1,1,6,2,43,7,1390,1,3,8,1,8
2016370078042,1,9,0,18,0,0,0,0,0,0,3,1,6,1,20,4,-1,-1,-1,4,3,4
2016370078042,2,9,0,18,0,0,0,0,0,0,3,1,6,2,58,9,1248,2,11,6,3,6
2016370078044,1,9,0,9,0,6,0,0,0,0,3,1,6,2,18,4,1299,1,15,9,2,9
2016370078044,2,9,0,18,0,1,0,0,0,0,1,1,6,1,45,7,1560,2,5,9,3,9
2016370078050,1,21,4,18,0,0,0,0,0,0,3,1,1,1,39,7,-1,-1,-1,6,1,6
2016370078050,2,9,0,18,0,0,0,0,0,0,1,1,6,2,21,5,1896,2,7,6,3,6
2016370078050,3,9,0,18,0,0,0,0,0,0,3,1,6,2,36,7,2967,2,4,7,3,7
2016370078169,1,5,0,17,0,0,5,0,0,0,1,1,5,1,53,8,865,1,1,10,1,10
2016370078169,2,9,0,16,0,0,0,0,0,0,1,1,5,1,55,8,1598,1,3,7,3,7
2016370078209,1,9,0,18,0,0,0,0,0,0,1,1,6,1,-1,-1,-1,-1,-1,-1,-1,-1
2016370078486,1,9,0,18,0,3,0,0,0,0,4,1,6,2,-1,-1,1229,1,2,4,1,4
2016370078486,2,1,0,18,0,3,0,0,0,0,1,1,6,2,43,7,-1,-1,-1,6,3,6
2016370078507,1,5,0,4,0,0,0,0,0,0,4,1,6,1,49,8,955,1,13,4,1,4
2016370078888,1,1,0,18,0,0,0,0,0,0,1,1,6,1,20,4,-1,-1,-1,5,2,5
2016370078888,2,9,3,18,0,0,0,0,0,0,3,1,6,2,42,7,1560,2,11,8,2,8
2016370078989,1,9,0,1,0,0,0,0,0,0,2,1,6,3,-1,-1,-1,-1,-1,-1,-1,-1
2016370079090,1,9,0,18,0,1,0,0,0,0,1,1,6,2,37,7,1399,2,12,5,1,5
2016370079090,2,9,0,18,0,1,0,0,0,0,1,1,6,1,49,8,1796,1,17,1,1,1
2016370079844,1,9,0,18,0,0,0,0,0,0,4,1,5,1,18,4,1400,1,8,8,1,8
2016370079937,1,21,1,11,0,0,0,0,0,0,4,1,1,1,23,5,11946,2,4,6,1,6
2016370079937,2,9,0,18,0,0,0,0,0,0,3,1,6,1,62,9,1124,1,16,5,2,5
2016370080076,1,9,0,9,0,1,0,0,0,0,4,1,6,1,28,6,1360,1,10,5,3,5
2016370080076,2,9,0,18,0,1,0,0,0,0,1,1,6,2,19,4,1461,2,9,5,3,5
2016370080143,1,9,4,18,0,0,5,0,2,0,4,1,6,1,52,8,2494,2,3,6,3,6
2016370080165,1,9,0,18,0,1,0,0,0,0,3,1,6,1,-1,-1,-1,-1,-1,-1,-1,-1
2016370080165,2,1,0,18,0,1,0,0,0,0,1,1,6,2,42,7,-1,-1,-1,10,1,10
2016370080193,1,9,0,7,0,2,0,0,0,0,2,1,6,2,30,6,1598,1,5,8,1,8
2016370080193,2,2,0,18,0,1,0,0,0,0,1,1,6,1,17,4,49,1,9,5,1,5
2016370080233,1,9,0,1,0,0,0,0,0,0,2,1,6,1,28,6,-1,-1,-1,4,1,4
2016370080233,2,5,0,3,0,0,0,0,0,0,1,1,6,1,49,8,1198,1,-1,7,3,7
2016370080254,1,9,0,18,0,0,0,0,0,0,1,1,6,2,22,5,1242,1,4,5,1,5
2016370080254,2,9,0,4,0,0,0,0,0,0,2,1,6,2,50,8,1910,2,8,5,3,5
2016370080285,1,11,0,4,0,0,0,0,0,0,4,1,1,1,61,9,7300,2,11,2,1,2
2016370080298,1,98,1,7,0,1,0,0,0,0,0,1,6,3,-1,-1,-1,-1,-1,-1,-1,-1
2016370080298,2,9,0,18,0,1,0,0,0,0,2,1,3,1,58,9,2993,2,6,10,1,10
2016370080298,3,9,0,18,0,1,0,0,0,0,1,1,5,1,39,7,-1,-1,-1,10,3,10
2016370080332,1,19,0,9,0,1,0,0,0,0,2,1,6,1,42,7,2198,2,1,9,1,9
2016370080332,2,3,0,3,0,1,0,0,0,0,4,1,6,1,31,6,125,1,17,3,1,3
2016370080404,1,9,0,18,0,0,0,0,0,0,1,1,6,2,31,6,1360,1,9,2,1,2
2016370080404,2,9,0,4,0,0,0,0,0,0,2,1,6,3,-1,-1,-1,-1,-1,-1,-1,-1
2016370080729,1,2,0,18,0,1,5,0,0,0,0,1,6,2,21,5,49,1,3,5,3,5
2016370080729,2,9,0,17,0,2,0,0,0,0,0,1,6,1,-1,-1,1598,1,14,-1,-1,-1
2016370080747,1,9,0,18,0,2,0,0,0,0,1,1,6,2,78,11,1248,1,7,7,3,7
2016370080747,2,9,0,18,0,2,0,0,0,0,2,1,6,1,23,5,1596,1,11,7,1,7
2016370080747,3,9,0,18,0,2,0,0,0,0,2,1,6,1,33,6,1997,2,8,7,1,7
2016370080747,4,9,0,18,0,2,0,0,0,0,2,1,6,1,43,7,-1,-1,-1,5,3,5
2016370080747,5,9,0,4,0,2,0,0,0,0,2,1,6,1,50,8,1398,8,1,6,3,6
2016370080771,1,2,0,18,0,1,5,0,0,0,1,1,6,1,16,4,49,1,10,6,3,6
2016370080771,2,9,0,8,0,1,0,0,0,0,1,1,6,1,34,6,1124,1,9,6,3,6
2016370080950,1,9,0,12,0,0,0,0,0,0,0,1,6,1,48,8,-1,-1,-1,4,1,4
2016370080950,2,2,0,18,0,0,0,0,0,0,1,1,6,1,51,8,49,1,4,6,1,6
2016370080978,1,3,0,14,0,1,0,0,0,0,1,1,6,1,17,4,85,1,29,7,1,7
2016370080978,2,9,0,10,0,1,0,0,0,0,3,1,6,1,43,7,1339,1,11,7,1,7
2016370081003,1,9,0,18,0,1,0,0,0,0,1,1,6,2,23,5,-1,-1,-1,2,1,2
2016370081003,2,9,0,18,0,8,0,0,0,0,4,1,5,1,17,4,1242,1,9,9,1,9
2016370081003,3,9,0,3,0,1,0,0,0,0,1,1,6,2,37,7,1598,1,13,1,1,1
2016370081014,1,9,0,7,0,1,0,0,0,0,1,1,6,2,31,6,1390,1,9,2,1,2
2016370081014,2,8,0,18,0,1,0,0,0,0,4,1,6,1,51,8,1560,2,11,1,1,1
2016370081052,1,9,0,7,0,0,0,0,0,0,2,1,5,1,68,10,2099,1,13,7,1,7
2016370081052,2,9,0,18,0,0,0,0,0,0,1,1,5,2,45,7,1595,1,5,1,1,1
2016370081100,1,9,0,13,0,8,0,0,0,0,1,1,6,1,40,7,1229,1,10,5,3,5
2016370081100,2,9,0,9,0,8,0,0,0,0,2,1,6,1,39,7,-1,-1,-1,5,2,5
2016370081120,1,3,0,18,0,0,5,0,0,0,4,1,2,1,43,7,125,1,2,8,2,8
2016370081143,1,9,0,5,0,8,0,0,0,0,4,1,6,1,24,5,1995,2,6,6,1,6
2016370081143,2,9,0,18,0,8,0,0,0,0,1,1,6,2,68,10,1598,2,1,9,3,9
2016370081146,1,9,4,18,0,0,0,0,0,0,2,1,5,1,63,9,2926,2,13,8,1,8
2016370081146,2,9,0,3,0,0,0,0,0,0,1,1,2,2,51,8,3248,1,18,8,1,8
2016370081164,1,9,0,18,0,0,0,0,0,0,1,1,6,2,83,11,1248,1,-1,10,2,10
2016370081164,2,9,0,2,0,0,0,0,0,0,1,1,5,2,45,7,1590,1,13,3,1,3
2016370081164,3,9,0,2,0,0,0,0,0,0,1,1,5,2,36,7,1997,2,10,4,3,4
2016370081183,1,9,0,18,0,0,0,0,0,0,4,1,6,1,75,10,1598,1,13,3,1,3
2016370081183,2,1,0,7,0,0,0,0,0,0,1,1,6,1,20,4,-1,-1,-1,2,1,2
2016370081188,1,9,0,18,0,0,0,0,0,0,1,1,6,1,41,7,-1,-1,-1,6,2,6
2016370081188,2,9,0,4,0,0,0,0,0,0,2,1,6,1,53,8,-1,-1,-1,8,1,8
2016370081202,1,9,0,18,0,0,0,0,0,0,1,1,6,2,33,6,1560,2,5,6,2,6
2016370081202,2,9,0,4,0,0,0,0,0,0,1,1,6,1,71,10,1197,1,5,3,1,3
2016370081202,3,9,0,4,0,0,0,0,0,0,2,1,6,1,61,9,-1,-1,-1,8,3,8
2016370081202,4,9,0,4,0,0,0,0,0,0,2,1,6,1,31,6,1149,1,13,5,3,5
2016370081215,1,9,0,11,0,0,0,0,0,0,2,1,5,2,64,9,1388,1,7,4,1,4
2016370081215,2,21,0,11,0,0,0,0,0,0,1,1,1,1,30,6,12740,2,1,9,3,9
2016370081325,1,9,0,18,0,7,0,0,0,0,1,1,2,1,30,6,2967,2,1,8,1,8
2016370081325,2,9,0,18,0,7,0,0,0,0,2,1,2,2,33,6,1598,2,1,8,3,8
2016370081325,3,9,0,18,0,7,0,0,0,0,2,1,6,1,44,7,2993,2,7,10,1,10
2016370081325,4,9,0,18,0,7,0,0,0,0,2,1,6,2,55,8,1992,2,8,10,1,10
2016370081374,1,9,0,-1,-1,0,0,0,0,0,1,1,6,1,21,5,1242,1,10,6,3,6
2016370081374,2,9,0,-1,-1,0,0,0,0,0,1,1,6,1,38,7,1896,2,10,2,1,2
2016370081400,1,9,0,1,9,0,0,0,0,0,2,1,6,1,58,9,-1,-1,-1,8,3,8
2016370081591,1,1,0,18,0,4,0,0,0,0,1,1,6,1,75,10,-1,-1,-1,-1,-1,-1
2016370081591,2,9,0,18,0,4,0,0,0,0,1,1,6,2,74,10,1242,1,10,7,1,7
2016370081625,1,9,0,18,0,0,0,0,0,0,4,1,6,2,24,5,973,1,16,5,1,5
2016370081625,2,5,0,18,0,0,0,0,0,0,1,1,6,1,43,7,998,1,9,2,1,2
2016370081634,1,1,0,5,0,0,0,0,0,0,1,1,6,1,39,7,-1,-1,-1,3,1,3
2016370081634,2,21,0,5,0,0,0,0,0,0,1,1,6,1,52,8,12809,2,4,10,1,10
2016370081641,1,9,0,18,0,0,0,0,0,0,1,1,6,2,78,11,1596,1,8,7,1,7
2016370081641,2,9,0,2,0,0,0,0,0,0,2,1,6,2,40,7,1560,2,4,3,1,3
2016370081648,1,9,0,18,0,0,0,0,0,0,1,1,6,2,50,8,-1,-1,-1,9,1,9
2016370081648,2,9,0,4,0,0,0,0,0,0,1,1,5,1,33,6,1149,1,15,8,3,8
2016370081648,3,9,0,4,0,0,0,0,0,0,0,1,6,1,43,7,-1,-1,-1,2,1,2
2016370082063,1,9,0,-1,-1,-1,0,0,0,0,1,1,6,1,24,5,1200,1,1,10,1,10
2016370082063,2,9,0,-1,-1,-1,0,0,0,0,2,1,6,2,31,6,998,1,4,6,1,6
2016370082097,1,9,0,18,0,0,0,0,0,0,3,1,6,3,-1,-1,-1,-1,-1,-1,-1,-1
2016370082097,2,9,0,18,0,0,0,0,0,0,1,1,6,2,48,8,1596,1,13,6,3,6
2016370082123,1,9,0,18,0,1,0,0,0,0,4,1,6,1,53,8,-1,-1,-1,8,1,8
2016370082123,2,9,0,18,0,1,0,0,0,0,1,1,6,2,18,4,1242,1,11,10,2,10
2016370083341,1,9,0,18,0,0,0,0,0,0,1,1,6,2,38,7,1956,2,4,6,3,6
2016370083341,2,9,0,18,0,0,0,0,0,0,2,1,6,2,47,8,1997,1,14,5,2,5
2016370083341,3,9,0,18,0,0,0,0,0,0,2,1,6,1,46,8,1499,2,1,10,1,10
2016370083524,1,9,0,18,0,0,0,0,0,0,1,1,6,1,67,10,1799,1,9,2,1,2
2016370083562,1,1,0,18,0,0,0,0,0,0,1,1,6,1,63,9,-1,-1,-1,8,3,8
2016370083562,2,9,0,18,0,0,0,0,0,0,2,1,6,3,-1,-1,1753,2,10,-1,-1,-1
2016370083594,1,9,0,9,0,8,0,0,0,0,3,1,6,1,25,5,1248,2,2,8,1,8
2016370083594,2,5,0,14,0,8,0,0,0,0,1,1,6,1,22,5,600,1,15,5,1,5
2016370083634,1,4,0,6,0,0,5,0,0,0,1,1,6,1,30,6,330,1,4,-1,-1,-1
2016370083634,2,3,0,18,0,0,5,0,0,0,1,1,6,1,18,4,125,1,3,6,1,6
2016370083634,3,9,0,18,0,0,0,0,0,0,1,1,6,1,23,5,2000,1,5,-1,-1,-1
2016370083866,1,9,0,18,0,0,0,0,0,0,1,1,6,1,58,9,1598,1,9,2,1,2
2016370083866,2,9,0,18,0,0,0,0,0,0,2,1,6,1,42,7,1868,2,13,2,1,2
2016370083921,1,9,0,18,0,0,0,0,0,0,1,1,6,2,33,6,1248,1,2,7,2,7
2016370083921,2,9,0,18,0,0,0,0,0,0,2,1,6,1,55,8,1999,1,10,5,3,5
2016370083969,1,19,0,18,0,2,0,0,0,0,4,1,6,1,54,8,1560,2,1,10,2,10
2016370083969,2,9,0,9,0,2,0,0,0,0,4,1,6,2,44,7,1986,2,10,-1,-1,-1
2016370084219,1,9,0,5,0,0,0,0,0,0,1,1,6,1,-1,-1,1124,1,14,-1,-1,-1
2016370084219,2,9,0,2,0,0,0,0,0,0,2,1,6,2,24,5,1598,1,3,5,2,5
2016370084226,1,9,0,18,0,8,0,0,0,0,1,1,6,1,44,7,-1,-1,-1,2,1,2
2016370084226,2,9,0,18,0,8,0,0,0,0,2,1,6,2,29,6,1560,2,3,7,3,7
2016370084262,1,9,0,18,0,0,0,0,0,0,1,1,6,1,84,11,1998,1,19,6,3,6
2016370084262,2,9,0,18,0,0,0,0,0,0,2,1,6,1,48,8,2324,1,14,9,2,9
2016370084291,1,9,0,12,0,0,0,0,0,0,3,1,6,2,17,4,1000,1,3,8,1,8
2016370084291,2,97,0,18,0,0,0,0,0,0,4,1,6,1,51,8,1700,1,11,6,1,6
2016370084291,3,9,0,18,0,0,0,0,0,0,2,1,6,2,62,9,1560,2,2,5,3,5
2016370084357,1,9,0,9,0,1,0,0,0,0,3,1,6,2,61,9,1198,1,13,6,3,6
2016370084357,2,9,0,18,0,1,0,0,0,0,1,1,6,2,18,4,998,1,8,8,1,8
2016370084362,1,9,0,18,0,0,0,0,0,0,0,1,6,1,42,7,-1,-1,-1,6,1,6
2016370084362,2,9,0,18,0,0,0,0,0,0,2,1,6,1,33,6,1590,1,11,6,3,6
2016370084376,1,9,0,18,0,0,0,0,0,0,1,1,6,2,24,5,1242,1,4,6,1,6
2016370084377,1,9,0,18,0,8,0,0,0,0,-1,1,6,2,45,7,998,1,9,9,1,9
2016370084377,2,9,0,18,0,2,0,0,0,0,1,1,6,1,35,6,-1,-1,-1,1,1,1
2016370084459,1,9,0,18,0,0,1,0,0,0,1,1,6,1,50,8,2400,1,11,7,1,7
2016370084459,2,9,0,18,0,0,0,0,0,0,1,1,6,1,57,9,1997,2,1,10,1,10
2016370084645,1,1,0,-1,0,0,0,0,0,0,1,1,6,1,14,3,-1,-1,-1,3,1,3
2016370084645,2,9,0,18,0,0,0,0,0,0,1,1,6,2,60,9,1461,2,1,8,1,8
2016370084709,1,9,0,18,0,8,0,0,0,0,3,1,6,1,56,9,1598,1,8,-1,-1,-1
2016370084709,2,9,0,18,0,8,0,0,0,0,1,1,6,1,69,10,-1,-1,-1,7,1,7
2016370084752,1,9,0,18,0,1,0,0,0,0,1,1,5,2,32,6,1368,1,6,2,1,2
2016370084752,2,9,0,2,0,1,0,0,0,0,2,1,5,2,50,8,1560,2,2,2,1,2
2016370085003,1,9,0,9,0,0,0,0,0,0,1,1,6,2,69,10,1461,2,3,7,1,7
2016370085003,2,9,0,18,0,0,0,0,0,0,3,1,6,1,71,10,1997,2,13,7,1,7
2016370085050,1,9,0,9,0,8,0,0,0,0,1,1,6,2,68,10,1997,2,6,6,3,6
2016370085050,2,3,0,18,0,8,5,0,0,0,1,1,6,1,18,4,124,1,1,6,3,6
2016370085128,1,9,0,17,0,0,1,0,7,0,1,1,2,2,18,4,1364,1,7,9,1,9
2016370085148,1,9,0,18,0,0,1,0,0,0,1,1,6,1,28,6,-1,-1,-1,3,1,3
2016370085227,1,19,0,7,0,2,0,0,0,0,1,1,6,1,39,7,2198,2,1,1,1,1
2016370085283,1,9,0,18,0,0,0,0,0,0,1,1,6,2,48,8,1339,1,1,7,1,7
2016370085283,2,9,0,4,0,0,0,0,0,0,3,1,6,1,68,10,1956,2,3,7,1,7
2016370085308,1,9,0,17,0,0,1,0,7,0,1,1,6,1,30,6,1984,1,9,1,1,1
2016370085345,1,9,0,18,0,1,0,0,0,0,1,1,6,2,-1,-1,1596,1,8,-1,-1,-1
2016370085345,2,9,0,3,0,1,0,0,0,0,2,1,6,1,46,8,1598,1,11,1,1,1
2016370085352,1,9,0,18,0,1,0,0,0,0,1,1,6,2,28,6,1598,1,8,10,1,10
2016370085352,2,9,0,4,0,1,0,0,0,0,2,1,6,2,21,5,1360,1,10,7,1,7
2016370085352,3,9,0,3,0,1,0,0,0,0,2,1,6,2,40,7,2179,2,2,6,1,6
2016370085366,1,9,0,18,0,1,5,0,0,0,1,1,6,1,20,4,1995,2,8,6,2,6
2016370085387,1,9,0,9,0,8,0,0,0,0,1,1,5,1,31,6,1388,1,9,4,1,4
2016370085387,2,9,0,18,0,8,0,0,0,0,4,1,5,1,45,7,1998,2,10,4,1,4
2016370085420,1,97,0,18,0,0,5,0,0,0,1,1,6,1,16,4,49,1,5,5,2,5
2016370085420,2,9,0,4,0,0,0,0,0,0,2,1,6,2,27,6,1360,1,11,5,1,5
2016370085462,1,9,0,18,0,0,0,11,0,0,1,1,6,2,57,9,3200,2,11,5,3,5
2016370085510,1,9,0,5,0,8,0,0,0,0,0,1,6,1,52,8,1995,2,1,9,1,9
2016370085510,2,5,0,18,0,8,5,0,0,0,1,1,6,1,41,7,645,1,10,4,1,4
2016370085547,1,-1,0,-1,-1,0,0,0,0,0,0,1,6,3,-1,-1,-1,-1,-1,-1,-1,-1
2016370085547,2,9,0,18,0,0,0,0,0,0,1,1,6,1,26,6,-1,-1,-1,7,1,7
2016370085560,1,9,0,18,0,8,0,0,0,0,1,1,6,2,65,9,1198,1,13,5,2,5
2016370085560,2,9,0,18,0,8,0,0,0,0,1,1,6,1,18,4,1598,1,10,7,3,7
2016370085574,1,9,0,18,0,0,0,0,0,0,1,1,6,2,36,7,-1,-1,-1,7,1,7
2016370085574,2,9,0,2,0,0,0,0,0,0,3,1,6,3,-1,-1,-1,-1,-1,-1,-1,-1
2016370085574,3,9,0,2,0,0,0,0,0,0,3,1,6,3,-1,-1,-1,-1,-1,-1,-1,-1
2016370085574,4,9,0,2,0,0,0,0,0,0,1,1,6,3,-1,-1,-1,-1,-1,-1,-1,-1
2016370085582,1,1,0,18,0,1,5,0,0,0,1,1,6,1,26,6,-1,-1,-1,2,1,2