Accident_Index,Vehicle_Reference,Vehicle_Type,Towing_and_Articulation,Vehicle_Manoeuvre,Vehicle_Location-Restricted_Lane,Junction_Location,Skidding_and_Overturning,Hit_Object_in_Carriageway,Vehicle_Leaving_Carriageway,Hit_Object_off_Carriageway,1st_Point_of_Impact,Was_Vehicle_Left_Hand_Drive?,Journey_Purpose_of_Driver,Sex_of_Driver,Age_of_Driver,Age_Band_of_Driver,Engine_Capacity_(CC),Propulsion_Code,Age_of_Vehicle,Driver_IMD_Decile,Driver_Home_Area_Type,Vehicle_IMD_Decile
2016370085582,2,9,0,3,0,1,0,0,0,0,4,1,6,1,30,6,1199,1,16,2,1,2
2016370085622,1,9,0,18,0,0,5,0,0,0,1,1,6,2,40,7,1198,1,5,8,2,8
2016370085622,2,9,0,18,0,0,0,0,7,0,1,1,6,2,50,8,-1,-1,-1,6,2,6
2016370085669,1,9,0,18,0,8,0,0,7,0,3,1,6,1,76,11,1995,2,12,3,1,3
2016370085669,2,21,1,18,0,8,0,0,0,0,4,1,6,1,50,8,10800,2,2,7,3,7
2016370085709,1,9,0,18,0,0,0,0,0,0,1,1,1,1,89,11,1598,1,4,5,3,5
2016370085709,2,9,0,18,0,0,0,0,0,0,4,1,1,2,41,7,1229,1,10,5,3,5
2016370085709,3,9,0,18,0,0,0,0,0,0,1,1,6,2,49,8,1587,1,14,1,1,1
2016370085715,1,9,0,9,0,2,0,0,0,0,4,1,6,2,-1,-1,1149,1,17,1,1,1
2016370085715,2,9,0,18,0,1,0,0,0,0,3,1,6,2,29,6,998,1,16,3,1,3
2016370085948,1,9,0,18,0,0,0,0,0,0,1,1,5,2,22,5,998,1,1,10,2,10
2016370085948,2,9,0,4,0,0,0,0,0,0,2,1,6,1,54,8,2488,1,7,7,3,7
2016370086024,1,5,0,18,0,0,5,0,0,0,3,1,6,1,55,8,1470,1,20,8,1,8
2016370086438,1,5,0,16,0,0,5,0,0,0,1,1,5,1,26,6,599,1,3,6,1,6
2016370086438,2,5,0,16,0,0,5,0,0,0,1,1,6,1,28,6,998,1,7,5,1,5
2016370086438,3,9,0,17,0,0,0,0,0,0,1,1,5,2,20,4,1390,1,2,5,1,5
2016370086576,1,1,0,18,9,0,5,0,0,0,1,1,6,1,-1,-1,-1,-1,-1,3,1,3
2016370086576,2,9,0,18,0,0,0,0,0,0,3,1,1,1,56,9,2400,2,5,10,1,10
2016370086690,1,9,0,10,0,1,0,0,0,0,1,1,6,1,80,11,1598,2,4,5,3,5
2016370086690,2,9,0,18,0,2,0,0,0,0,1,1,6,1,21,5,1984,1,18,6,2,6
2016370086759,1,9,0,18,0,0,0,0,0,0,1,1,6,2,27,6,973,1,14,10,1,10
2016370086759,2,9,0,18,0,0,0,0,0,0,1,1,6,2,22,5,1497,1,13,3,1,3
2016370086857,1,9,0,18,0,0,0,0,0,0,1,1,6,1,22,5,1399,2,10,7,3,7
2016370086857,2,9,0,18,0,0,0,0,0,0,1,1,6,1,55,8,1968,2,8,1,1,1
2016370086857,3,19,0,18,0,0,0,0,0,0,2,1,6,1,45,7,2198,2,5,6,1,6
2016370086857,4,19,0,18,0,0,0,0,0,0,1,1,1,1,47,8,1461,2,6,6,3,6
2016370086857,5,9,0,18,0,0,0,0,0,0,1,1,6,1,43,7,-1,-1,-1,10,2,10
2016370087037,1,9,0,18,0,1,0,0,0,0,1,1,3,2,26,6,1796,1,15,2,1,2
2016370087037,2,8,0,18,0,1,0,0,0,0,4,1,5,2,54,8,1896,2,12,2,1,2
2016370087111,1,9,0,5,0,1,0,0,0,0,1,1,6,1,69,10,1197,1,1,8,3,8
2016370087111,2,1,0,18,0,1,0,0,0,0,1,1,6,1,32,6,-1,-1,-1,7,3,7
2016370087122,1,3,0,18,0,1,5,0,0,0,1,1,5,1,19,4,124,1,6,6,2,6
2016370087122,2,9,0,4,0,1,0,0,0,0,1,1,5,1,68,10,2286,1,41,9,3,9
2016370087167,1,9,0,9,0,1,0,0,0,0,1,1,6,1,-1,-1,-1,-1,-1,1,1,1
2016370087167,2,1,0,18,0,1,0,0,0,0,4,1,2,2,59,9,-1,-1,-1,5,2,5
2016370087216,1,9,0,1,0,0,0,0,0,0,3,1,6,2,64,9,1598,2,3,5,1,5
2016370087216,2,9,0,2,0,0,0,0,0,0,4,1,6,3,-1,-1,-1,-1,-1,-1,-1,-1
2016370087239,1,9,0,16,0,0,0,0,0,0,0,1,6,3,-1,-1,-1,-1,-1,-1,-1,-1
2016370087239,2,9,0,17,0,0,5,10,0,0,1,1,2,2,46,8,1598,1,7,9,2,9
2016370087255,1,19,0,18,0,0,0,0,0,0,1,1,6,1,51,8,2198,2,3,6,1,6
2016370087255,2,9,0,18,0,0,0,0,0,0,2,1,6,2,69,10,1149,1,3,9,3,9
2016370087454,1,9,0,-1,0,0,0,0,0,0,-1,1,6,1,80,11,-1,-1,-1,6,1,6
2016370087454,2,11,0,-1,0,0,0,0,0,0,0,1,6,1,40,7,5883,2,15,-1,-1,-1
2016370087488,1,9,0,16,0,0,1,0,0,0,1,1,6,2,45,7,1461,2,3,10,1,10
2016370087488,2,9,0,17,0,0,5,0,0,0,3,1,6,2,41,7,1461,2,8,5,2,5
2016370087506,1,9,0,18,0,0,0,0,0,0,1,1,6,1,32,6,1461,2,1,6,3,6
2016370087506,2,9,0,10,0,0,0,0,0,0,2,1,6,2,68,10,1495,1,7,6,3,6
2016370087506,3,9,0,18,0,0,0,0,0,0,3,1,6,1,53,8,1598,1,10,6,1,6
2016370087526,1,9,0,18,0,0,1,0,0,0,1,1,6,1,19,4,-1,-1,-1,5,3,5
2016370087526,2,9,0,18,0,0,0,0,0,0,1,1,6,1,18,4,-1,-1,-1,5,3,5
2016370087632,1,9,0,18,0,8,0,0,0,0,1,1,6,3,-1,-1,-1,-1,-1,-1,-1,-1
2016370087655,1,-1,0,18,0,4,0,0,0,0,1,1,6,3,-1,-1,-1,-1,-1,-1,-1,-1
2016370087655,2,9,0,18,0,4,0,0,0,0,2,1,6,2,32,6,1399,2,14,5,1,5
2016370087671,1,9,0,18,0,8,0,0,0,0,1,1,5,2,60,9,1329,1,1,8,3,8
2016370087671,2,90,0,18,0,8,0,0,0,0,2,1,2,1,56,9,-1,-1,-1,10,3,10
2016370087671,3,9,0,9,0,8,0,0,0,0,0,1,6,3,-1,-1,-1,-1,-1,-1,-1,-1
2016370087697,1,9,0,18,0,0,0,0,0,0,1,1,6,1,23,5,1968,2,8,7,3,7
2016370087697,2,21,0,12,0,0,0,0,0,0,1,1,1,1,34,6,12740,2,3,1,1,1
2016370087888,1,3,0,9,0,8,5,0,0,0,3,1,6,1,21,5,125,1,3,4,1,4
2016370088013,1,9,0,18,0,0,0,0,0,0,1,1,6,3,-1,-1,-1,-1,-1,-1,-1,-1
2016370088065,1,9,0,18,0,1,0,0,0,0,1,1,6,1,-1,-1,-1,-1,-1,7,1,7
2016370088065,2,9,0,3,0,1,0,0,0,0,2,1,6,2,42,7,1389,1,11,5,1,5
2016370088079,1,9,0,9,0,1,0,0,0,0,1,1,6,1,30,6,5700,1,3,6,1,6
2016370088079,2,9,0,18,0,1,0,0,0,0,1,1,6,1,27,6,3600,1,1,5,2,5
2016370088107,1,9,0,5,0,8,0,0,0,0,3,1,6,1,35,6,999,1,2,7,1,7
2016370088107,2,9,0,18,0,1,0,0,0,0,1,1,6,1,32,6,1896,2,9,3,1,3
2016370088121,1,9,0,18,0,0,1,0,0,0,1,1,6,1,26,6,-1,-1,-1,8,3,8
2016370088121,2,9,0,3,0,0,0,0,0,0,2,1,6,1,65,9,998,1,1,8,3,8
2016370088137,1,1,0,18,0,0,5,0,0,0,1,1,2,1,52,8,-1,-1,-1,10,1,10
2016370088146,1,9,0,18,0,4,0,0,0,0,1,1,6,1,79,11,1318,1,1,10,1,10
2016370088146,2,1,0,18,0,3,5,0,0,0,2,1,6,1,17,4,-1,-1,-1,1,1,1
2016370088152,1,3,0,18,0,1,0,0,0,0,4,1,6,1,17,4,125,1,3,3,1,3
2016370088153,1,9,0,9,0,1,0,0,0,0,1,1,6,2,50,8,1197,1,-1,7,2,7
2016370088164,1,9,0,16,0,0,5,0,7,4,1,1,6,2,75,10,1896,2,13,10,1,10
2016370088208,1,9,0,18,0,0,0,0,0,0,1,1,6,1,24,5,1149,1,16,3,1,3
2016370088208,2,9,0,4,0,0,0,0,0,0,2,1,6,1,26,6,-1,-1,-1,8,3,8
2016370088251,1,9,0,18,0,0,0,0,0,0,1,1,6,2,54,8,1598,1,4,7,1,7
2016370088251,2,9,0,3,0,0,0,0,0,0,2,1,6,2,38,7,998,1,13,3,1,3
2016370088251,3,9,0,5,0,0,0,0,0,0,2,1,6,1,54,8,1596,1,13,1,1,1
2016370088359,1,9,0,18,0,8,0,0,0,0,1,1,5,2,29,6,1596,1,11,2,1,2
2016370088359,2,9,0,18,0,8,0,0,0,0,1,1,5,2,49,8,1490,1,7,3,1,3
2016370088417,1,9,0,18,0,8,0,0,0,0,1,1,5,1,16,4,1753,2,14,5,1,5
2016370088417,2,9,0,4,0,8,0,0,0,0,2,1,2,1,56,9,1968,2,10,9,1,9
2016370088470,1,9,0,18,0,1,1,0,0,0,1,1,6,2,25,5,1108,1,10,3,1,3
2016370088558,1,9,0,16,0,1,0,0,0,0,1,1,6,2,20,4,1905,2,17,5,3,5
2016370088558,2,9,0,17,0,1,0,0,0,0,1,1,6,2,36,7,2521,1,10,7,3,7
2016370088574,1,9,0,9,0,0,0,0,0,0,1,1,6,1,45,7,1596,1,12,8,2,8
2016370088574,2,9,0,3,0,0,0,0,0,0,2,1,6,2,57,9,1275,1,21,7,1,7
2016370088718,1,1,0,18,0,0,5,0,0,0,4,1,6,1,62,9,-1,-1,-1,5,1,5
2016370088989,1,9,0,16,0,0,1,0,0,0,1,1,6,1,30,6,1665,2,18,7,2,7
2016370088989,2,9,0,18,0,0,0,0,0,0,2,1,6,1,60,9,1339,1,7,8,1,8
2016370089049,1,9,0,4,0,1,0,0,0,0,1,1,6,2,82,11,998,1,4,8,1,8
2016370089099,1,9,0,9,0,8,0,0,0,0,1,1,6,1,85,11,1349,1,7,9,1,9
2016370089099,2,1,0,9,0,8,5,0,0,0,1,1,6,1,48,8,-1,-1,-1,10,1,10
2016370089148,1,9,0,9,0,8,0,0,0,0,1,1,5,2,22,5,1124,1,9,2,1,2
2016370089148,2,11,0,18,0,1,0,0,0,0,1,1,1,1,47,8,5883,2,13,2,1,2
2016370089195,1,9,0,18,0,0,0,0,0,0,1,1,6,2,29,6,1242,1,10,1,1,1
2016370089195,2,9,0,18,0,0,0,0,0,0,1,1,6,1,47,8,1975,1,11,3,1,3
2016370089208,1,9,0,18,0,0,0,0,0,0,1,1,5,2,27,6,1994,2,12,3,1,3
2016370089208,2,9,0,2,0,0,0,0,0,0,3,1,5,2,38,7,1997,1,14,2,1,2
2016370089208,3,9,0,2,0,0,0,0,0,0,4,1,6,2,43,7,1299,1,12,2,1,2
2016370089208,4,9,0,2,0,0,0,0,0,0,3,1,6,2,51,8,1598,1,14,2,1,2
2016370089237,1,9,0,7,0,8,0,0,0,0,1,1,6,3,-1,-1,-1,-1,-1,-1,-1,-1
2016370089292,1,9,0,18,0,0,0,0,0,0,1,1,6,1,49,8,-1,-1,-1,9,1,9
2016370089292,2,9,0,4,0,0,0,0,0,0,2,1,6,1,54,8,1995,2,4,4,1,4
2016370089292,3,9,0,4,0,0,0,0,0,0,2,1,6,1,42,7,1798,1,7,8,2,8
2016370089310,1,9,0,18,0,2,0,0,0,0,1,1,6,1,30,6,1364,1,9,4,1,4
2016370089310,2,1,0,18,9,1,0,0,0,0,1,1,6,1,28,6,-1,-1,-1,6,1,6
2016370089350,1,19,0,16,0,0,0,0,7,10,1,1,6,1,55,8,2143,2,1,2,1,2
2016370089350,2,9,0,17,0,0,0,0,1,0,1,1,6,1,81,11,1197,1,2,6,3,6
2016370089507,1,9,0,18,0,0,0,7,0,0,1,1,6,1,78,11,1399,2,10,4,1,4
2016370089512,1,9,0,13,0,2,0,0,0,0,3,1,6,2,59,9,1998,2,13,2,1,2
2016370089512,2,1,0,9,0,2,0,0,0,0,1,1,4,2,11,3,-1,-1,-1,1,1,1
2016370089532,1,9,0,18,0,1,0,0,0,0,4,1,6,1,27,6,2967,1,11,7,1,7
2016370089539,1,3,0,18,0,0,5,0,0,0,3,1,5,1,30,6,125,1,2,4,2,4
2016370089583,1,9,0,18,0,0,0,0,0,0,1,1,1,2,20,4,998,1,1,10,2,10
2016370089583,2,9,0,4,0,0,0,0,0,0,1,1,2,1,32,6,1598,1,15,-1,-1,-1
2016370089583,3,9,0,4,0,0,0,0,0,0,2,1,2,1,60,9,1995,2,1,6,3,6
2016370089587,1,9,0,18,0,8,0,0,0,0,4,1,6,1,56,9,1968,2,3,7,3,7
2016370089587,2,3,0,18,0,1,5,0,0,0,1,1,6,1,17,4,124,1,9,8,2,8
2016370089634,1,9,0,18,0,1,0,4,0,0,1,1,6,1,64,9,1596,1,6,2,1,2
2016370089634,2,9,0,2,0,1,0,0,0,0,3,1,6,1,68,10,-1,-1,-1,4,1,4
2016370089636,1,9,0,5,0,1,0,0,0,0,3,1,2,2,50,8,995,1,12,7,1,7
2016370089636,2,9,0,18,0,1,0,0,0,0,4,1,2,1,56,9,1798,1,17,6,1,6
2016370089679,1,9,0,18,0,0,0,0,0,0,1,1,6,1,20,4,1499,2,1,5,1,5
2016370089679,2,9,0,4,0,0,0,0,0,0,2,1,6,2,44,7,1560,2,7,7,2,7
2016370089764,1,9,0,18,0,0,0,0,0,0,1,1,6,1,52,8,1969,2,-1,9,1,9
2016370089764,2,9,0,4,0,0,0,0,0,0,2,1,5,1,82,11,1396,1,2,9,3,9
2016370089794,1,9,0,18,0,0,0,0,0,0,4,1,6,1,20,4,998,1,6,6,3,6
2016370089828,1,90,0,18,0,0,0,0,0,0,0,1,1,1,34,6,-1,-1,-1,-1,-1,-1
2016370089828,2,9,0,18,0,0,0,0,0,0,4,1,6,1,67,10,1200,1,-1,10,3,10
2016370089828,3,98,0,18,0,0,0,0,0,0,1,1,1,1,37,7,-1,-1,-1,-1,-1,-1
2016370089853,1,9,0,18,0,0,0,0,0,0,1,1,6,1,44,7,1968,1,11,4,1,4
2016370089853,2,9,0,18,0,0,0,0,0,0,2,1,6,2,31,6,1595,1,9,2,1,2
2016370089900,1,9,0,18,0,0,0,0,0,0,2,1,6,1,42,7,-1,-1,-1,3,1,3
2016370089900,2,9,0,18,0,0,0,0,0,0,1,1,6,1,28,6,1396,1,27,6,3,6
2016370089978,1,11,0,17,0,4,0,0,0,0,0,1,5,1,51,8,3900,2,11,5,1,5
2016370089978,2,2,0,18,0,3,0,0,0,0,2,1,6,2,17,4,49,1,1,6,1,6
2016370089998,1,9,0,5,0,1,0,0,0,0,1,1,6,1,90,11,1289,1,17,7,3,7
2016370089998,2,9,0,18,-1,-1,0,0,0,0,-1,1,6,1,47,8,898,1,1,7,3,7
2016370090014,1,-1,0,18,0,1,0,0,0,0,1,1,6,3,-1,-1,-1,-1,-1,-1,-1,-1
2016370090098,1,9,0,5,0,8,0,0,0,0,1,1,6,1,78,11,1398,1,1,7,1,7
2016370090098,2,9,0,18,0,1,0,0,0,0,4,1,6,1,46,8,1560,2,3,6,3,6
2016370090129,1,9,0,18,0,0,0,0,1,0,1,1,6,1,24,5,1984,2,7,7,2,7
2016370090363,1,9,0,18,0,1,0,0,0,0,-1,1,6,1,37,7,1956,2,6,4,1,4
2016370090363,2,9,0,10,0,1,0,0,0,0,2,1,6,1,44,7,1995,1,13,3,1,3
2016370090367,1,9,0,13,0,0,0,0,0,0,4,1,6,2,21,5,-1,-1,-1,7,3,7
2016370090576,1,3,0,16,0,1,5,0,0,0,1,1,6,1,17,4,125,1,3,2,1,2
2016370090576,2,3,0,17,0,1,5,0,0,0,1,1,6,1,64,9,125,1,-1,10,1,10
2016370090820,1,5,0,18,0,0,0,0,0,0,-1,1,6,1,33,6,998,1,9,5,1,5
2016370091265,1,9,0,18,0,1,0,0,0,0,1,1,6,2,21,5,998,1,1,10,2,10
2016370091265,2,9,0,4,0,1,0,0,0,0,2,1,6,2,37,7,1798,1,11,5,1,5
2016370091306,1,9,0,18,0,8,0,0,0,0,3,1,5,1,74,10,1995,1,13,6,3,6
2016370091306,2,3,0,18,0,8,5,0,0,0,1,1,2,2,25,5,124,1,7,7,2,7
2016370091318,1,9,0,18,0,0,0,0,0,0,1,1,6,1,18,4,1951,2,14,6,3,6
2016370091318,2,9,0,18,0,0,0,0,0,0,1,1,6,1,31,6,1598,1,12,6,2,6
2016370091623,1,9,0,18,0,1,0,0,0,0,-1,1,6,1,29,6,1587,1,10,2,1,2
2016370091623,2,9,0,3,0,1,0,0,0,0,2,1,6,2,-1,-1,999,1,-1,-1,-1,-1
2016370091705,1,98,0,18,0,0,0,0,0,0,1,1,6,3,-1,-1,-1,-1,-1,-1,-1,-1
2016370091712,1,1,0,18,9,0,0,0,0,0,1,1,6,1,9,2,-1,-1,-1,5,1,5
2016370091712,2,9,0,18,0,0,0,0,0,0,3,1,6,1,44,7,1242,1,3,5,3,5
2016370091753,1,9,0,18,0,1,0,0,0,0,1,1,5,1,85,11,1498,1,1,7,1,7
2016370091753,2,9,0,3,0,1,0,0,0,0,2,1,5,1,65,9,898,1,2,9,3,9
2016370091753,3,9,0,3,0,1,0,0,0,0,1,1,6,1,54,8,2698,2,5,9,1,9
2016370091753,4,9,0,3,0,1,0,0,0,0,2,1,5,1,45,7,1686,2,2,10,1,10
2016370092163,1,-1,0,18,0,0,0,0,0,0,-1,1,6,3,-1,-1,-1,-1,-1,-1,-1,-1
2016370092163,2,3,0,18,0,0,0,0,0,0,2,1,6,1,34,6,79,1,23,3,1,3
2016370092267,1,9,0,18,0,0,0,0,0,0,1,1,6,1,33,6,1108,1,17,6,3,6
2016370092267,2,9,0,18,0,0,0,0,0,0,1,1,6,1,59,9,1956,2,2,6,3,6
2016370092282,1,9,0,18,0,0,0,0,0,0,1,1,6,1,33,6,1560,2,10,1,1,1
2016370092282,2,9,0,10,0,0,0,0,0,0,2,1,6,2,48,8,1398,2,7,6,3,6
2016370092291,1,19,0,9,0,8,0,0,0,0,3,1,6,1,26,6,1968,2,2,6,1,6
2016370092291,2,9,0,18,0,1,0,0,0,0,1,1,6,2,41,7,1490,1,9,6,2,6
2016370092356,1,5,0,16,0,0,0,0,0,0,1,1,6,1,49,8,1164,1,15,5,1,5
2016370092356,2,9,0,17,0,0,0,0,0,0,1,1,6,1,70,10,1995,2,3,7,3,7
2016370092414,1,9,0,18,0,0,0,0,0,0,3,1,6,1,50,8,1896,2,14,7,3,7
2016370092414,2,9,0,7,0,0,0,0,0,0,1,1,6,2,46,8,875,1,4,4,3,4
2016370092417,1,9,0,18,0,0,0,0,0,0,1,1,6,1,29,6,2148,2,15,2,1,2
2016370092417,2,9,0,18,0,0,0,0,0,0,2,1,6,1,32,6,1753,2,9,4,1,4
2016370092448,1,9,0,12,0,0,0,0,0,0,3,1,6,2,56,9,1598,1,6,5,1,5
2016370092448,2,5,0,18,0,0,0,0,0,0,4,1,6,1,56,9,1649,1,4,9,3,9
2016370092523,1,9,0,18,0,0,0,0,0,0,1,1,5,1,38,7,2171,1,14,7,1,7
2016370092523,2,21,1,18,0,0,0,0,0,0,1,1,1,1,55,8,12419,2,6,8,1,8
2016370092543,1,3,0,18,0,0,5,0,0,0,4,1,5,1,18,4,125,1,1,6,3,6
2016370092543,2,11,0,18,0,0,0,0,0,0,3,1,1,1,54,8,4250,2,12,6,1,6
2016370092565,1,9,0,7,0,8,0,0,0,0,4,1,5,1,83,11,1298,1,13,3,1,3
2016370092565,2,90,0,18,0,8,0,0,0,0,3,1,1,2,28,6,2987,2,2,4,1,4
2016370092600,1,9,0,18,0,2,0,0,0,0,0,1,6,3,-1,-1,-1,-1,-1,-1,-1,-1
2016370092600,2,3,0,9,0,8,5,0,0,0,3,1,6,1,17,4,108,1,-1,5,3,5
2016370092716,1,9,0,18,0,1,0,0,0,0,1,1,6,2,44,7,1149,1,4,2,1,2
2016370092716,2,9,0,18,0,1,0,0,0,0,1,1,6,1,44,7,2495,2,20,5,1,5
2016370092852,1,9,0,7,0,2,0,0,0,0,1,1,6,1,33,6,1896,2,14,8,2,8
2016370092852,2,9,0,18,0,1,0,0,0,0,1,1,6,1,71,10,1120,2,1,8,2,8
2016370093019,1,19,0,16,0,0,0,0,0,0,1,1,1,1,32,6,2287,2,2,1,1,1
2016370093019,2,90,0,17,0,0,0,0,1,9,1,1,5,1,54,8,-1,-1,-1,2,1,2
2016370093166,1,9,0,18,0,1,0,0,0,0,3,1,6,2,42,7,1399,1,-1,8,3,8
2016370093166,2,1,0,18,0,1,0,0,0,0,1,1,6,2,62,9,-1,-1,-1,6,1,6
2016370093320,1,9,0,18,0,1,0,0,0,0,1,1,1,1,43,7,1896,2,8,8,1,8
2016370093320,2,19,0,18,0,1,0,0,0,0,2,1,1,1,38,7,2198,2,1,6,1,6
2016370093456,1,9,0,18,0,2,0,0,0,0,2,1,6,2,26,6,1299,1,15,7,3,7
2016370093456,2,21,1,18,0,2,0,0,0,0,1,1,6,1,56,9,11705,2,4,9,1,9
2016370093465,1,9,0,18,0,0,0,0,0,0,3,1,6,2,39,7,1995,2,4,9,1,9
2016370093465,2,5,0,16,0,0,5,0,0,0,1,1,6,1,27,6,599,1,14,2,1,2
2016370093473,1,-1,0,18,0,0,0,0,0,0,1,1,6,3,-1,-1,-1,-1,-1,-1,-1,-1
2016370093473,2,1,0,18,9,0,0,0,0,0,1,1,6,2,14,3,-1,-1,-1,10,1,10
2016370093637,1,9,0,13,0,0,0,0,0,0,1,1,6,1,61,9,1299,1,15,6,1,6
2016370093637,2,9,0,18,0,0,0,0,0,0,1,1,6,2,54,8,-1,-1,-1,9,2,9
2016370093657,1,9,0,18,0,0,0,0,0,0,3,1,6,1,72,10,2354,1,8,6,3,6
2016370093657,2,9,0,18,0,0,0,0,0,0,1,1,6,1,76,11,1339,8,7,8,2,8
2016370093657,3,19,0,18,0,0,0,0,0,0,1,1,6,1,29,6,2402,2,9,10,3,10
2016370093667,1,9,0,3,0,6,0,0,0,0,3,1,6,1,61,9,1685,2,1,10,1,10
2016370093667,2,9,0,18,0,8,0,0,0,0,1,1,6,2,88,11,1329,1,6,10,1,10
2016370093693,1,98,0,13,0,0,0,0,0,0,3,1,6,3,-1,-1,-1,-1,-1,-1,-1,-1
2016370093693,2,9,0,18,0,0,0,0,0,0,4,1,6,1,31,6,1598,1,9,4,1,4
2016370093716,1,2,0,18,0,0,1,0,0,0,3,1,5,1,22,5,49,1,13,3,1,3
2016370093817,1,9,0,18,0,1,0,0,0,0,-1,1,6,1,-1,-1,1598,1,15,3,1,3
2016370093817,2,9,0,4,0,1,0,0,0,0,2,1,6,1,27,6,1368,1,8,6,3,6
2016370093818,1,9,0,18,0,0,0,0,0,0,1,1,6,1,84,11,1242,1,6,7,3,7
2016370093818,2,9,0,-1,0,0,0,0,0,0,-1,1,6,3,-1,-1,-1,-1,-1,-1,-1,-1
2016370093876,1,9,0,18,0,0,0,0,7,0,4,1,5,2,45,7,1497,1,11,1,1,1
2016370093876,2,9,0,18,0,0,0,0,0,0,0,1,5,1,66,10,1798,1,14,1,1,1
2016370093881,1,9,0,9,0,8,0,0,0,0,1,1,6,1,18,4,1199,1,13,2,1,2
2016370093881,2,1,0,9,0,8,0,0,0,0,3,1,5,1,41,7,-1,-1,-1,7,2,7
2016370093922,1,9,0,18,0,0,1,0,1,0,4,1,6,1,26,6,3999,1,8,2,1,2
2016370093987,1,9,0,-1,-1,-1,0,-1,-1,0,-1,1,6,3,-1,-1,-1,-1,-1,-1,-1,-1
2016370094024,1,5,0,18,0,0,0,0,0,0,1,1,6,1,52,8,773,1,-1,8,3,8
2016370094064,1,9,0,18,0,0,0,0,0,0,1,1,6,2,20,4,999,1,12,8,1,8
2016370094067,1,9,0,9,0,2,0,0,0,0,3,1,6,2,69,10,1198,1,10,9,1,9
2016370094067,2,9,0,18,0,1,0,0,0,0,1,1,6,2,26,6,1248,2,5,10,1,10
2016370094071,1,9,0,-1,-1,0,0,0,0,0,-1,1,6,1,31,6,-1,-1,-1,8,1,8
2016370094071,2,9,0,2,0,0,0,0,0,0,4,1,6,3,-1,-1,-1,-1,-1,-1,-1,-1
2016370094094,1,9,0,18,0,0,0,0,0,0,1,1,6,3,-1,-1,-1,-1,-1,-1,-1,-1
2016370094123,1,2,0,18,0,1,0,0,0,0,1,1,6,1,18,4,49,1,6,8,2,8
2016370094123,2,9,0,18,0,1,0,0,0,0,3,1,6,2,37,7,1397,1,9,9,1,9
2016370094150,1,2,0,18,0,0,0,0,0,0,4,1,6,1,20,4,49,1,13,2,1,2
2016370094150,2,9,0,2,0,0,0,0,0,0,0,1,6,3,-1,-1,-1,-1,-1,-1,-1,-1
2016370094340,1,9,0,1,0,0,0,0,0,0,2,1,5,1,31,6,2184,2,13,6,3,6
2016370094354,1,9,0,18,0,0,1,4,0,0,1,1,2,2,24,5,1388,1,12,6,1,6
2016370094354,2,3,0,2,0,0,0,0,0,0,2,1,6,1,18,4,124,1,-1,6,3,6
2016370094354,3,19,0,2,0,0,0,0,0,0,2,1,6,1,53,8,2500,2,15,6,3,6
2016370094488,1,5,0,16,0,0,0,0,0,0,3,1,6,1,47,8,998,1,13,6,3,6
2016370094488,2,9,4,5,0,0,0,0,0,0,3,1,6,1,75,10,1298,1,15,7,3,7
2016370094770,1,9,0,18,0,0,0,0,0,0,1,1,2,2,28,6,1997,2,4,9,3,9
2016370094770,2,9,0,3,0,0,0,0,0,0,2,1,2,2,27,6,1299,1,15,6,3,6
2016370094770,3,9,0,3,0,0,0,0,0,0,2,1,5,1,25,5,1968,2,4,3,1,3
2016370094778,1,9,0,11,0,1,0,0,0,0,1,1,5,1,53,8,2967,2,7,7,1,7
2016370094778,2,9,0,18,0,1,0,0,0,0,2,1,5,1,47,8,1968,2,1,5,2,5
2016370094850,1,9,0,18,0,0,0,0,0,0,3,1,6,1,22,5,-1,-1,-1,7,3,7
2016370094850,2,9,0,18,0,0,0,0,0,0,2,1,6,2,49,8,1596,1,3,9,3,9
2016370094869,1,97,0,18,0,0,5,0,0,0,1,1,5,1,17,4,50,1,8,1,1,1
2016370094869,2,9,0,18,0,0,0,0,0,0,0,1,1,1,24,5,1560,2,2,1,1,1
2016370094933,1,90,0,5,0,4,0,0,0,0,1,1,5,1,59,9,2461,2,10,5,3,5
2016370094933,2,9,0,4,0,4,0,0,0,0,2,1,5,1,63,9,1598,1,3,6,3,6
2016370095096,1,9,0,18,0,0,0,0,0,0,0,1,6,1,58,9,-1,-1,-1,4,2,4
2016370095096,2,9,0,18,0,0,0,0,0,0,2,1,6,2,43,7,1497,1,13,5,1,5
2016370095115,1,9,0,9,0,8,0,0,0,0,1,1,5,2,23,5,1360,1,12,7,2,7
2016370095115,2,9,0,18,0,8,0,0,0,0,1,1,3,2,73,10,1299,1,11,5,1,5
2016370095140,1,9,0,18,0,0,0,0,0,0,1,1,6,2,44,7,1988,1,15,5,3,5
2016370095140,2,9,0,4,0,0,0,0,0,0,2,1,6,1,61,9,1910,2,8,7,1,7
2016370095277,1,9,0,18,0,0,0,0,0,0,1,1,6,1,69,10,1997,2,2,7,2,7
2016370095290,1,4,0,18,0,1,5,0,0,0,1,1,5,1,55,8,449,1,3,8,1,8
2016370095483,1,1,0,18,0,0,0,0,0,0,-1,1,6,1,19,4,-1,-1,-1,-1,-1,-1