Accident_Index,Vehicle_Reference,Vehicle_Type,Towing_and_Articulation,Vehicle_Manoeuvre,Vehicle_Location-Restricted_Lane,Junction_Location,Skidding_and_Overturning,Hit_Object_in_Carriageway,Vehicle_Leaving_Carriageway,Hit_Object_off_Carriageway,1st_Point_of_Impact,Was_Vehicle_Left_Hand_Drive?,Journey_Purpose_of_Driver,Sex_of_Driver,Age_of_Driver,Age_Band_of_Driver,Engine_Capacity_(CC),Propulsion_Code,Age_of_Vehicle,Driver_IMD_Decile,Driver_Home_Area_Type,Vehicle_IMD_Decile
2016370100882,2,1,0,18,9,1,0,0,0,0,1,1,2,1,27,6,-1,-1,-1,4,1,4
2016370100885,1,9,0,18,0,0,0,0,0,0,1,1,6,1,18,4,1596,1,11,7,3,7
2016370100885,2,90,0,2,0,0,0,0,0,0,2,1,1,1,26,6,-1,-1,-1,7,1,7
2016370100885,3,9,0,18,0,0,0,0,0,0,0,1,6,2,39,7,2000,2,11,5,3,5
2016370100921,1,9,0,4,0,0,0,0,0,0,0,1,6,2,51,8,1895,1,19,6,1,6
2016370100923,1,9,0,5,0,1,0,0,0,0,1,1,5,1,66,10,1560,2,7,8,2,8
2016370100923,2,9,0,18,0,1,0,0,0,0,4,1,5,1,52,8,1968,2,2,5,2,5
2016370100944,1,9,0,18,0,1,0,0,0,0,1,1,6,1,34,6,-1,-1,-1,3,3,3
2016370100944,2,9,0,18,0,1,0,0,0,0,2,1,6,2,40,7,1397,1,7,7,1,7
2016370100950,1,9,0,18,0,0,0,0,0,0,1,1,6,1,83,11,1368,1,8,6,3,6
2016370100950,2,9,0,18,0,0,5,0,0,0,3,1,6,1,70,10,1685,2,-1,6,3,6
2016370100953,1,9,0,5,0,1,0,0,0,0,1,1,6,1,58,9,-1,-1,-1,9,3,9
2016370100953,2,5,0,18,0,1,1,0,0,0,4,1,6,1,68,10,1800,1,9,9,2,9
2016370100957,1,97,0,-1,-1,-1,0,0,0,0,1,1,6,1,53,8,1340,1,20,7,1,7
2016370100957,2,9,0,-1,-1,-1,0,0,0,0,4,1,6,1,30,6,1948,1,17,6,3,6
2016370100969,1,9,5,18,0,2,0,0,0,0,4,1,6,2,17,4,1248,2,9,4,1,4
2016370100988,1,9,0,18,0,0,0,0,0,0,4,1,6,3,-1,-1,2496,1,15,-1,-1,-1
2016370100988,2,9,0,4,0,0,0,0,0,0,4,1,6,1,18,4,1399,2,14,4,1,4
2016370100998,1,9,0,18,0,1,0,0,0,0,3,1,6,3,-1,-1,1242,1,10,-1,-1,-1
2016370100998,2,5,0,18,0,1,0,0,0,0,3,1,6,1,54,8,645,1,5,1,1,1
2016370101014,1,9,0,16,0,0,0,0,1,4,1,1,5,1,19,4,1390,1,12,2,3,2
2016370101025,1,9,0,18,0,0,0,0,0,0,1,1,6,1,53,8,1360,1,12,2,1,2
2016370101025,2,9,0,18,0,0,0,0,0,0,1,1,6,1,52,8,-1,-1,-1,2,1,2
2016370101025,3,9,0,18,0,0,0,0,0,0,1,1,6,1,28,6,1598,1,12,2,1,2
2016370101025,4,9,0,18,0,0,0,0,0,0,1,1,6,1,32,6,1497,1,15,2,1,2
2016370101025,5,9,0,18,0,0,0,0,0,0,2,1,6,2,36,7,1968,2,9,5,1,5
2016370101025,6,9,0,18,0,0,0,0,0,0,-1,1,6,1,38,7,1900,2,11,7,3,7
2016370101057,1,9,0,18,0,0,0,-1,1,0,1,1,6,1,31,6,1753,2,14,-1,-1,-1
2016370101074,1,9,0,18,0,0,0,0,0,0,1,1,6,2,58,9,1991,2,10,8,2,8
2016370101074,2,9,0,4,0,0,0,0,0,0,2,1,6,1,59,9,1329,1,1,6,1,6
2016370101077,1,19,0,18,0,1,0,0,0,0,2,1,1,1,59,9,1248,2,3,10,1,10
2016370101091,1,9,0,1,0,0,0,0,0,0,2,1,6,1,60,9,999,1,9,6,1,6
2016370101095,1,9,0,15,0,0,0,0,0,0,4,1,6,1,72,10,-1,-1,-1,4,3,4
2016370101095,2,1,0,18,0,0,5,0,0,0,3,1,6,2,31,6,-1,-1,-1,4,1,4
2016370101160,1,9,0,18,0,0,0,0,0,0,1,1,6,2,21,5,1197,1,-1,3,1,3
2016370101160,2,9,0,18,0,0,0,0,0,0,2,1,6,2,60,9,1587,1,13,1,1,1
2016370101209,1,9,0,18,0,0,0,0,0,0,1,1,6,2,29,6,1490,1,10,6,3,6
2016370101209,2,9,0,4,0,0,0,0,0,0,2,1,6,2,25,5,3628,2,7,7,3,7
2016370101209,3,9,0,3,0,0,0,0,0,0,2,1,6,1,59,9,1560,2,4,5,3,5
2016370101277,1,9,0,5,0,8,0,0,0,0,3,1,6,1,80,11,1397,1,16,1,1,1
2016370101277,2,1,0,18,0,1,0,0,0,0,-1,1,6,1,39,7,-1,-1,-1,1,1,1
2016370101277,3,1,0,18,0,1,0,0,0,0,-1,1,6,1,36,7,-1,-1,-1,9,1,9
2016370101277,4,1,0,18,0,1,0,0,0,0,1,1,6,1,36,7,-1,-1,-1,1,1,1
2016370101322,1,9,0,9,0,0,0,0,0,0,3,1,6,1,76,11,1229,1,8,-1,-1,-1
2016370101322,2,9,0,18,0,0,0,0,0,0,3,1,6,1,85,11,998,1,2,-1,-1,-1
2016370101391,1,9,0,17,0,0,0,0,0,0,1,1,6,1,17,4,1753,2,12,-1,-1,-1
2016370101414,1,9,0,18,0,0,0,0,0,0,1,1,6,2,26,6,1995,2,3,4,1,4
2016370101414,2,9,0,4,0,0,0,0,0,0,2,1,6,1,20,4,-1,-1,-1,7,1,7
2016370101430,1,9,0,18,0,4,0,0,0,0,-1,1,6,3,-1,-1,-1,-1,-1,-1,-1,-1
2016370101430,2,1,0,18,0,4,0,0,0,0,1,1,6,2,35,6,-1,-1,-1,9,1,9
2016370101444,1,5,0,18,0,0,1,0,0,0,1,1,6,1,27,6,649,1,7,-1,-1,-1
2016370101444,2,11,0,18,0,0,0,0,0,0,1,1,6,1,40,7,9000,2,12,6,1,6
2016370101460,1,9,0,18,0,0,0,0,0,0,1,1,6,1,51,8,1997,2,15,5,1,5
2016370101460,2,9,0,18,0,0,0,0,0,0,1,1,6,2,58,9,1985,1,14,6,3,6
2016370101480,1,9,0,-1,-1,0,0,-1,-1,0,-1,1,6,2,45,7,1956,2,4,6,1,6
2016370101480,2,9,0,18,0,0,0,0,0,0,1,1,6,2,65,9,-1,-1,-1,6,1,6
2016370101480,3,9,0,2,0,0,0,0,0,0,1,1,6,3,-1,-1,-1,-1,-1,-1,-1,-1
2016370101764,1,9,0,18,0,0,5,4,0,0,1,1,6,1,90,11,1598,1,11,-1,-1,-1
2016370101764,2,9,0,2,0,0,0,0,0,0,2,1,6,3,-1,-1,-1,-1,-1,-1,-1,-1
2016370101771,1,9,0,18,0,0,0,0,0,0,1,1,6,2,17,4,1124,1,19,5,3,5
2016370101771,2,19,0,2,0,0,0,0,0,0,1,1,6,1,46,8,1598,2,1,5,3,5
2016370101782,1,1,0,18,0,1,0,0,0,0,1,1,6,1,38,7,-1,-1,-1,6,1,6
2016370101782,2,9,0,3,0,1,0,0,0,0,4,1,5,1,46,8,1781,1,14,10,1,10
2016370101787,1,9,0,9,0,8,0,0,0,0,1,1,5,1,38,7,1390,1,1,9,1,9
2016370101787,2,9,0,18,0,8,0,0,0,0,1,1,1,1,45,7,1998,2,10,4,1,4
2016370101829,1,21,1,9,0,8,0,0,0,0,3,1,1,1,61,9,4461,2,4,5,2,5
2016370101829,2,9,0,18,0,1,0,0,0,0,1,1,6,2,27,6,1242,1,2,6,3,6
2016370101856,1,9,0,18,0,0,0,0,0,0,1,1,6,2,44,7,-1,-1,-1,-1,-1,-1
2016370101856,2,9,0,18,0,0,0,0,0,0,2,1,6,1,22,5,1997,2,-1,5,1,5
2016370101890,1,9,0,18,0,0,0,0,0,0,1,1,6,2,21,5,1149,1,9,8,3,8
2016370101890,2,9,0,4,0,0,0,0,0,0,2,1,6,2,56,9,1992,2,9,8,3,8
2016370101909,1,9,0,18,0,0,0,0,0,0,1,1,6,1,56,9,1598,1,1,4,1,4
2016370101938,1,9,0,9,0,0,0,0,0,0,4,1,6,1,67,10,2148,2,14,8,2,8
2016370101938,2,5,0,18,0,0,0,0,0,0,1,1,6,1,44,7,1000,1,3,5,1,5
2016370101953,1,9,0,9,0,2,0,0,0,0,0,1,6,1,23,5,1686,2,5,9,1,9
2016370101953,2,22,0,7,0,2,0,0,0,0,0,1,6,2,82,11,-1,-1,-1,3,1,3
2016370101969,1,9,0,18,0,0,0,0,0,0,0,1,6,3,-1,-1,-1,-1,-1,-1,-1,-1
2016370101969,2,9,0,18,0,0,0,0,0,0,0,1,6,2,51,8,1560,2,10,10,2,10
2016370101997,1,9,0,9,0,6,0,0,0,0,1,1,6,1,88,11,1598,2,-1,-1,-1,-1
2016370101997,2,9,0,18,0,1,0,0,0,0,3,1,5,2,21,5,-1,-1,-1,-1,-1,-1
2016370102118,1,19,0,18,0,0,0,0,0,0,1,1,5,1,34,6,1248,2,5,6,1,6
2016370102118,2,9,0,18,0,0,0,0,0,0,1,1,2,1,41,7,2295,1,12,5,3,5
2016370102162,1,9,0,18,0,0,0,0,0,0,1,1,6,2,21,5,1329,1,3,6,3,6
2016370102162,2,9,0,4,0,0,0,0,0,0,2,1,6,2,30,6,2967,2,8,8,2,8
2016370102201,1,98,0,1,0,1,0,0,0,0,2,1,1,1,29,6,-1,-1,-1,3,1,3
2016370102201,2,5,0,4,0,1,0,0,0,0,1,1,6,1,73,10,680,1,7,5,2,5
2016370102431,1,9,0,18,0,0,0,0,0,0,3,1,6,2,74,10,1388,1,12,6,3,6
2016370102431,2,9,0,18,0,0,0,0,0,0,3,1,6,2,-1,-1,1995,2,5,6,3,6
2016370102625,1,2,0,18,0,0,0,0,0,0,1,1,6,1,20,4,49,1,13,4,1,4
2016370102652,1,9,0,18,0,0,0,0,0,0,-1,1,6,3,-1,-1,-1,-1,-1,-1,-1,-1
2016370102715,1,9,0,18,0,0,0,0,1,7,1,1,6,1,40,7,1368,1,8,-1,-1,-1
2016370102723,1,9,0,5,9,0,0,0,0,0,3,1,6,1,44,7,1968,2,7,10,1,10
2016370102766,1,9,0,-1,-1,0,0,0,0,0,1,1,6,1,70,10,999,1,1,2,1,2
2016370102766,2,9,5,18,0,0,0,0,0,0,1,1,6,1,73,10,1461,2,1,10,1,10
2016370102774,1,98,0,18,0,0,0,0,0,0,3,1,1,3,-1,-1,-1,-1,-1,-1,-1,-1
2016370102774,2,9,0,18,0,0,0,0,0,0,4,1,1,1,57,9,1560,2,9,3,1,3
2016370102807,1,9,0,18,0,0,5,0,1,6,4,1,6,1,22,5,1149,1,15,10,1,10
2016370102835,1,9,0,18,0,0,0,0,0,0,1,1,6,3,-1,-1,2400,2,8,-1,-1,-1
2016370102835,2,9,0,2,0,0,0,0,0,0,1,1,6,1,26,6,-1,-1,-1,-1,-1,-1
2016370102835,3,9,0,1,0,0,0,0,0,0,1,1,6,1,26,6,-1,-1,-1,1,1,1
2016370102835,4,9,0,2,0,0,0,0,0,0,2,1,6,3,-1,-1,-1,-1,-1,-1,-1,-1
2016370102893,1,21,4,18,0,0,0,0,0,0,1,1,1,1,46,8,-1,-1,-1,4,1,4
2016370102893,2,9,0,18,0,0,0,0,0,0,2,1,6,1,47,8,1951,2,13,7,1,7
2016370103037,1,9,0,9,0,8,0,0,0,0,3,1,6,1,42,7,-1,-1,-1,6,1,6
2016370103364,1,9,0,18,0,0,5,0,7,0,1,1,6,1,66,10,1587,1,10,6,3,6
2016370103639,1,9,0,18,0,0,0,0,0,0,1,1,6,3,-1,-1,1598,1,15,-1,-1,-1
2016370103639,2,9,0,3,0,0,0,0,0,0,2,1,6,2,33,6,1753,2,10,10,1,10
2016370103687,1,5,0,18,0,0,5,0,0,0,1,1,6,1,49,8,998,1,11,2,1,2
2016370103687,2,20,0,18,0,0,0,0,0,0,1,1,1,1,46,8,4461,2,8,5,1,5
2016370103699,1,1,0,18,0,0,5,0,0,0,1,1,5,1,15,3,-1,-1,-1,5,2,5
2016370103699,2,9,0,18,0,0,0,0,0,0,1,1,5,1,24,5,1560,2,11,8,2,8
2016370103839,1,9,0,18,0,0,0,0,0,0,4,1,6,1,21,5,1995,2,8,5,2,5
2016370103891,1,9,0,9,0,2,0,0,0,0,4,1,6,2,82,11,796,1,9,6,1,6
2016370104103,1,-1,0,18,0,0,0,0,0,0,3,1,6,3,-1,-1,-1,-1,-1,-1,-1,-1
2016370104143,1,3,0,18,0,1,0,0,0,0,4,1,6,2,30,6,125,1,8,2,1,2
2016370104155,1,9,0,5,0,1,0,0,0,0,2,1,5,1,20,4,1399,2,12,6,3,6
2016370104155,2,9,0,18,0,1,0,0,0,0,1,1,1,1,52,8,1248,2,3,10,1,10
2016370104167,1,9,0,4,9,0,0,0,0,0,1,1,5,2,26,6,1598,1,12,4,3,4
2016370104167,2,9,0,18,0,0,0,0,7,0,1,1,5,1,18,4,1229,1,11,1,1,1
2016370104174,1,9,0,18,0,0,0,0,0,0,1,1,6,2,41,7,796,1,15,6,2,6
2016370104174,2,9,0,4,0,0,0,0,0,0,2,1,6,1,61,9,1364,1,-1,9,1,9
2016370104318,1,9,0,18,0,0,0,0,0,0,4,1,6,2,82,11,1339,1,5,9,1,9
2016370104724,1,9,0,5,0,1,0,0,0,0,3,1,6,1,44,7,1900,2,17,3,1,3
2016370104724,2,1,0,18,0,1,5,0,0,0,1,1,6,1,41,7,-1,-1,-1,5,1,5
2016370104762,1,8,0,13,0,0,0,0,0,0,4,1,5,1,52,8,1896,2,12,1,1,1
2016370104762,2,1,0,18,0,0,5,0,0,0,1,1,5,1,52,8,-1,-1,-1,8,3,8
2016370104797,1,9,0,9,0,0,0,0,0,0,1,1,6,1,20,4,1600,2,7,8,2,8
2016370104797,2,9,0,18,0,0,0,0,0,0,4,1,5,2,25,5,1598,1,3,6,3,6
2016370104823,1,97,0,18,0,0,0,12,0,0,1,1,5,1,35,6,-1,-1,-1,-1,-1,-1
2016370105147,1,9,0,18,0,0,0,0,0,0,1,1,6,2,42,7,1587,1,12,10,1,10
2016370105147,2,9,0,3,0,0,0,0,0,0,2,1,6,2,27,6,1598,1,15,5,1,5
2016370105292,1,3,0,18,-1,0,0,0,0,0,2,1,6,1,26,6,125,1,1,6,3,6
2016370105313,1,9,0,14,0,1,0,0,0,0,1,1,6,1,-1,-1,1995,2,-1,10,1,10
2016370105313,2,9,0,18,0,1,0,0,0,0,1,1,5,2,37,7,1995,2,2,10,1,10
2016370105359,1,9,0,1,0,0,0,0,0,0,2,1,5,1,-1,-1,1968,2,11,6,2,6
2016370105425,1,9,0,18,0,0,0,0,0,0,1,1,6,1,19,4,1994,1,20,6,3,6
2016370105447,1,9,5,18,0,1,0,0,0,0,1,1,6,1,57,9,1560,2,3,5,1,5
2016370105457,1,5,0,18,0,1,0,0,0,0,1,1,6,1,50,8,998,1,10,1,1,1
2016370105457,2,9,0,10,0,1,0,0,0,0,2,1,6,1,37,7,1799,1,8,7,1,7
2016370105482,1,9,0,-1,-1,-1,0,-1,-1,0,-1,1,6,2,-1,-1,1390,1,13,3,1,3
2016370105482,2,9,0,-1,-1,-1,0,-1,-1,0,-1,1,6,2,39,7,1198,1,9,-1,-1,-1
2016370105525,1,9,0,18,0,1,0,0,0,0,1,1,6,1,70,10,1896,2,13,10,1,10
2016370105525,2,1,0,9,0,1,0,0,0,0,3,1,6,1,28,6,-1,-1,-1,4,1,4
2016370105580,1,21,0,18,0,0,0,0,0,0,1,1,1,1,50,8,12809,2,1,4,2,4
2016370105580,2,9,0,4,0,0,0,0,0,0,2,1,2,1,67,10,1798,1,15,7,1,7
2016370105596,1,9,0,9,0,1,0,0,0,0,1,1,6,3,-1,-1,-1,-1,-1,-1,-1,-1
2016370105596,2,1,0,18,0,1,0,0,0,0,1,1,2,2,21,5,-1,-1,-1,5,3,5
2016370105630,1,9,0,5,0,1,0,0,0,0,1,1,6,2,-1,-1,1596,1,5,7,2,7
2016370105630,2,1,0,18,0,1,0,0,0,0,1,1,1,2,38,7,-1,-1,-1,4,2,4
2016370105687,1,9,0,9,0,1,0,0,0,0,1,1,6,1,42,7,2295,1,15,2,1,2
2016370105687,2,1,0,18,0,1,0,0,0,0,1,1,6,2,53,8,-1,-1,-1,2,1,2
2016370106200,1,9,0,9,0,1,0,0,0,0,3,1,6,3,-1,-1,-1,-1,-1,-1,-1,-1
2016370106200,2,3,0,18,0,1,0,0,0,0,1,1,6,1,22,5,124,1,17,1,1,1
2016370106391,1,21,0,9,0,8,0,0,0,0,4,1,6,1,53,8,7790,2,4,8,1,8
2016370106391,2,9,0,18,0,1,0,0,0,0,1,1,5,2,54,8,1798,1,13,7,3,7
2016370106391,3,9,0,18,0,1,0,0,0,0,1,1,5,2,84,11,1390,1,11,8,3,8
2016370106617,1,9,0,9,0,2,0,0,0,0,4,1,6,2,34,6,998,1,2,1,1,1
2016370106617,2,3,0,18,0,1,0,0,0,0,4,1,6,1,20,4,125,1,-1,8,1,8
2016370106626,1,21,0,18,0,1,0,0,0,0,3,1,1,1,57,9,6692,2,6,6,1,6
2016370106626,2,9,0,18,0,1,0,0,0,0,4,1,5,2,50,8,1582,2,3,6,1,6
2016370106870,1,9,0,9,0,4,0,0,0,0,1,1,6,2,41,7,1560,2,3,8,1,8
2016370106870,2,1,0,18,0,8,0,0,0,0,1,1,6,2,49,8,-1,-1,-1,8,1,8
2016370106955,1,9,0,18,0,1,0,0,0,0,1,1,6,2,21,5,1560,2,11,10,3,10
2016370106955,2,21,0,18,0,1,0,0,0,0,3,1,6,1,35,6,6700,2,3,10,3,10
2016370107198,1,9,0,18,0,0,0,0,0,0,0,1,6,2,23,5,1998,1,11,9,1,9
2016370107198,2,1,0,18,0,0,0,0,0,0,0,1,6,1,77,11,-1,-1,-1,6,1,6
2016370107358,1,9,0,18,0,8,0,0,0,0,1,1,5,2,71,10,1598,1,8,6,3,6
2016370107358,2,9,0,18,0,1,1,0,7,0,1,1,1,1,56,9,1560,2,9,3,1,3
2016370107370,1,9,0,17,0,0,2,0,1,0,1,1,6,2,18,4,1299,1,13,5,2,5
2016370107389,1,9,0,16,0,0,0,0,0,0,1,1,6,1,21,5,1368,1,10,6,3,6
2016370107417,1,9,0,18,0,0,0,0,0,0,1,1,6,1,37,7,1796,1,11,8,1,8
2016370107467,1,9,0,18,0,0,0,0,0,0,0,1,6,3,-1,-1,-1,-1,-1,-1,-1,-1
2016370107467,2,9,0,18,0,0,5,0,7,0,1,1,2,1,42,7,1896,2,11,3,1,3
2016370107556,1,9,0,18,0,1,0,0,0,0,1,1,5,2,74,10,998,1,11,6,2,6
2016370107556,2,19,0,18,0,1,5,0,0,0,3,1,1,1,58,9,-1,-1,-1,5,3,5
2016370107739,1,9,5,18,0,0,0,0,0,0,1,1,6,1,89,11,2199,2,6,7,1,7
2016370107739,2,9,5,18,0,0,0,0,0,0,1,1,6,1,65,9,1599,1,10,5,3,5
2016370107797,1,9,0,18,0,0,0,0,0,0,1,1,6,1,34,6,-1,-1,-1,-1,-1,-1
2016370107797,2,9,0,18,0,0,0,0,0,0,1,1,6,2,80,11,1598,2,4,9,1,9
2016370107797,3,9,0,3,0,0,0,0,0,0,2,1,6,2,67,10,1149,1,2,8,1,8
2016370107849,1,9,0,18,0,0,0,0,0,0,-1,1,6,1,17,4,-1,-1,-1,8,3,8
2016370107923,1,9,0,3,0,0,0,0,0,0,1,1,5,1,55,8,-1,-1,-1,9,2,9
2016370107923,2,9,0,1,0,0,0,0,0,0,2,1,1,1,56,9,-1,-1,-1,10,2,10
2016370107943,1,9,0,18,0,2,0,0,0,0,1,1,6,2,32,6,1997,2,13,6,3,6
2016370107991,1,-1,0,1,0,-1,0,0,0,0,-1,1,6,3,-1,-1,-1,-1,-1,-1,-1,-1
2016370107991,2,-1,0,-1,-1,-1,0,-1,-1,0,-1,1,6,3,-1,-1,-1,-1,-1,-1,-1,-1
2016370108053,1,9,0,18,0,1,0,0,0,0,3,1,6,3,-1,-1,1968,2,10,-1,-1,-1
2016370108093,1,5,0,16,0,0,5,0,0,0,1,1,6,1,54,8,645,1,-1,8,2,8
2016370108093,2,19,0,17,0,0,0,0,0,0,3,1,6,1,57,9,2198,2,1,4,1,4
2016370108745,1,19,0,18,0,0,0,0,0,0,1,1,1,2,35,6,2143,2,3,6,1,6
2016370108745,2,9,0,4,0,0,0,0,0,0,2,1,5,2,31,6,1968,2,3,7,1,7
2016370108813,1,9,0,6,0,0,0,0,0,0,1,1,5,1,57,9,1998,1,18,8,1,8
2016370108813,2,9,0,18,0,0,0,0,0,0,3,1,5,2,28,6,1390,1,7,6,3,6
2016370108863,1,9,0,1,0,1,0,0,0,0,2,1,6,1,87,11,2171,1,15,6,3,6
2016370108939,1,21,3,18,0,8,0,0,0,0,1,1,5,1,55,8,5880,2,11,5,1,5
2016370108939,2,9,0,18,0,8,0,11,0,0,3,1,6,1,53,8,2179,2,5,9,3,9
2016370109104,1,5,0,13,0,0,5,0,0,0,1,1,5,1,62,9,1050,1,1,3,1,3
2016370109104,2,9,0,18,0,0,0,0,0,0,3,1,6,1,65,9,1598,1,12,5,3,5
2016370109169,1,19,5,18,0,0,0,0,0,0,1,1,6,1,34,6,2198,2,1,1,1,1
2016370109169,2,9,0,18,0,0,0,0,0,0,1,1,6,1,23,5,1124,1,17,5,2,5
2016370109195,1,11,0,16,0,0,0,0,0,0,1,1,6,1,41,7,7300,2,15,8,2,8
2016370109195,2,1,0,18,0,0,0,0,0,0,1,1,5,2,55,8,-1,-1,-1,8,2,8
2016370109225,1,90,0,18,0,1,0,0,0,0,1,1,5,2,56,9,-1,-1,-1,10,3,10
2016370109225,2,4,0,10,0,1,5,0,0,0,2,1,6,1,56,9,499,1,12,8,3,8
2016370109322,1,9,0,5,0,1,0,0,0,0,4,1,5,1,87,11,1198,1,-1,10,1,10
2016370109322,2,9,0,18,0,1,0,0,0,0,4,1,5,1,34,6,1999,1,12,5,1,5
2016370109322,3,19,0,10,0,1,0,0,0,0,1,1,5,2,48,8,1753,2,9,7,2,7
2016370109366,1,9,0,18,0,0,0,0,0,0,1,1,5,1,18,4,1598,1,14,2,1,2
2016370109551,1,9,0,5,0,1,0,0,0,0,1,1,6,2,60,9,1200,1,2,7,1,7
2016370109551,2,1,0,18,0,1,0,0,0,0,4,1,6,1,56,9,-1,-1,-1,1,1,1
2016370109658,1,5,0,18,0,1,1,4,0,0,3,1,5,1,24,5,649,1,-1,6,1,6
2016370109658,2,9,0,10,0,2,0,0,0,0,3,1,5,1,41,7,2148,2,8,5,3,5
2016370109658,3,9,0,2,0,1,0,0,0,0,1,1,6,3,-1,-1,-1,-1,-1,-1,-1,-1
2016370109731,1,9,0,18,0,1,0,0,0,0,3,1,6,1,61,9,1560,2,1,1,1,1
2016370109731,2,22,0,18,0,1,0,0,0,0,1,1,6,1,86,11,-1,-1,-1,9,1,9
2016370109758,1,9,0,18,0,1,0,0,0,0,3,1,5,1,41,7,1796,1,14,4,3,4
2016370109758,2,5,0,18,0,1,0,0,0,0,4,1,5,1,48,8,1340,1,6,6,1,6
2016370109793,1,9,0,18,0,0,0,0,0,0,3,1,5,2,53,8,1796,1,14,6,3,6
2016370109793,2,9,0,1,0,0,0,0,0,0,4,1,6,1,59,9,2993,2,5,6,3,6
2016370109964,1,1,0,18,0,0,0,0,0,0,1,1,6,1,18,4,-1,-1,-1,6,3,6
2016370109964,2,9,0,18,0,0,0,0,0,0,2,1,6,2,47,8,2179,2,1,7,3,7
2016370110058,1,5,0,18,0,0,5,12,7,0,1,1,6,1,50,8,1170,1,2,5,3,5
2016370110065,1,9,0,18,0,1,5,0,0,0,3,1,6,1,19,4,1390,1,10,6,3,6
2016370110065,2,9,0,18,0,1,0,0,0,0,0,1,6,1,79,11,1896,2,14,9,3,9
2016370110294,1,11,0,5,2,0,0,0,0,0,1,1,3,1,28,6,10100,2,26,9,1,9
2016370110306,1,9,0,18,0,8,0,0,0,0,1,1,5,2,45,7,1997,2,9,9,1,9
2016370110306,2,1,0,5,0,1,0,0,0,0,3,1,4,1,14,3,-1,-1,-1,-1,-1,-1
2016370110385,1,9,0,9,0,8,0,0,0,0,4,1,6,1,37,7,1998,1,12,4,1,4
2016370110385,2,1,0,18,0,1,0,0,0,0,1,1,6,1,28,6,-1,-1,-1,7,1,7
2016370110424,1,9,0,18,0,0,0,0,0,0,1,1,6,1,64,9,1498,1,9,10,2,10
2016370110424,2,9,0,18,0,0,0,0,0,0,2,1,5,1,52,8,1399,1,8,5,3,5
2016370110424,3,9,0,18,0,0,0,0,0,0,4,1,1,1,38,7,2179,2,4,9,1,9
2016370110424,4,9,0,18,0,0,5,0,7,0,4,1,1,1,46,8,-1,-1,-1,4,1,4
2016370110424,5,9,0,18,0,0,0,0,0,0,1,1,5,1,25,5,1984,1,14,6,1,6
2016370110427,1,19,0,9,0,0,0,0,0,0,1,1,6,1,56,9,1598,2,5,8,1,8
2016370110427,2,9,0,18,0,0,0,0,1,0,1,1,6,1,19,4,1397,1,14,4,3,4
2016370110540,1,9,0,18,0,0,0,0,0,0,-1,1,6,3,-1,-1,-1,-1,-1,-1,-1,-1
2016370110540,2,1,0,18,0,0,0,0,0,0,-1,1,2,1,21,5,-1,-1,-1,6,3,6
2016370110567,1,9,0,9,0,0,0,0,0,0,4,1,5,2,18,4,1299,1,12,2,1,2
2016370110567,2,1,0,18,0,0,0,0,0,0,1,1,6,1,41,7,-1,-1,-1,2,1,2
2016370110583,1,9,0,18,0,0,0,0,0,0,1,1,5,1,79,11,2967,1,8,8,3,8
2016370110583,2,21,1,18,0,0,0,0,0,0,1,1,1,1,48,8,6692,2,4,10,1,10
2016370110839,1,9,0,18,0,0,0,0,1,6,3,1,5,1,48,8,1796,1,15,5,1,5
2016370110839,2,9,0,18,0,0,0,0,0,0,4,1,1,1,41,7,2993,2,2,-1,-1,-1
2016370110839,3,9,0,18,0,0,0,0,1,0,4,1,1,1,44,7,2993,2,3,-1,-1,-1
2016370110839,4,9,0,3,0,0,0,0,0,0,3,1,1,1,32,6,-1,-1,-1,5,1,5
2016370110839,5,9,0,18,0,0,0,0,0,0,3,1,5,1,68,10,1984,1,4,7,2,7
2016370110839,6,9,0,3,0,0,0,0,0,0,3,1,5,1,56,9,1968,2,-1,6,3,6
2016370110886,1,9,0,18,0,0,0,0,0,0,3,1,2,2,37,7,1895,1,19,6,1,6
2016370110886,2,9,0,18,0,0,5,0,1,0,3,1,6,1,25,5,-1,-1,-1,3,1,3
2016370111197,1,1,0,18,0,1,0,0,0,0,1,1,5,1,35,6,-1,-1,-1,6,1,6
2016370111197,2,9,0,18,0,1,0,0,0,0,3,1,3,2,44,7,1968,2,2,4,1,4
2016370111214,1,9,0,1,0,0,0,0,0,0,2,1,6,1,84,11,1781,1,18,7,3,7
2016370111251,1,9,0,17,0,0,1,0,0,0,1,1,5,1,68,10,1560,2,10,7,3,7
2016370111251,2,9,0,16,0,0,0,0,0,0,3,1,5,2,55,8,1396,1,3,9,3,9
2016370111464,1,9,0,18,0,1,0,0,0,0,4,1,5,1,82,11,1242,1,3,5,1,5
2016370111617,1,9,0,13,0,1,0,0,0,0,4,1,6,3,-1,-1,-1,-1,-1,-1,-1,-1
2016370111617,2,1,0,-1,-1,-1,0,-1,-1,0,-1,1,6,1,11,3,-1,-1,-1,3,1,3
2016370111632,1,9,0,18,0,0,0,0,0,0,1,1,6,2,31,6,1242,1,-1,6,3,6
2016370111632,2,9,0,18,0,0,0,0,0,0,1,1,6,1,34,6,-1,-1,-1,-1,-1,-1
2016370111697,1,3,0,18,0,4,0,0,0,0,1,1,6,1,22,5,125,1,3,2,1,2