Accident_Index,Vehicle_Reference,Vehicle_Type,Towing_and_Articulation,Vehicle_Manoeuvre,Vehicle_Location-Restricted_Lane,Junction_Location,Skidding_and_Overturning,Hit_Object_in_Carriageway,Vehicle_Leaving_Carriageway,Hit_Object_off_Carriageway,1st_Point_of_Impact,Was_Vehicle_Left_Hand_Drive?,Journey_Purpose_of_Driver,Sex_of_Driver,Age_of_Driver,Age_Band_of_Driver,Engine_Capacity_(CC),Propulsion_Code,Age_of_Vehicle,Driver_IMD_Decile,Driver_Home_Area_Type,Vehicle_IMD_Decile
2016370122587,2,11,0,2,0,0,0,0,0,0,0,1,1,1,23,5,6871,2,8,4,1,4
2016370122693,1,9,0,4,0,0,0,0,0,0,1,1,6,2,20,4,1560,2,3,9,3,9
2016370122693,2,9,0,18,0,0,1,0,0,0,2,1,6,1,41,7,1596,1,9,5,1,5
2016370122693,3,9,0,18,0,0,0,0,0,0,1,1,6,2,58,9,1086,1,6,2,1,2
2016370122834,1,9,0,5,0,0,0,0,0,0,1,1,6,2,75,10,1997,1,17,9,1,9
2016370122863,1,19,0,17,0,1,5,0,1,0,4,1,2,1,57,9,1995,2,5,7,3,7
2016370122865,1,3,0,18,0,1,0,0,0,0,4,1,6,1,52,8,125,1,8,5,2,5
2016370122865,2,9,0,7,0,2,0,0,0,0,2,1,6,1,33,6,2324,1,16,4,2,4
2016370122878,1,9,0,7,0,8,0,0,0,0,1,1,6,2,39,7,2495,2,13,5,2,5
2016370122895,1,9,0,12,0,0,0,0,0,0,3,1,6,2,27,6,2143,2,4,7,1,7
2016370122895,2,19,0,5,0,0,0,0,0,0,1,1,6,1,31,6,2198,2,3,6,3,6
2016370122908,1,5,0,18,0,0,2,0,0,0,3,1,6,1,49,8,998,1,7,5,3,5
2016370122911,1,9,0,17,0,0,0,11,1,4,1,1,2,2,35,6,2143,2,1,8,1,8
2016370123228,1,98,0,14,0,0,0,0,0,0,3,1,6,1,53,8,-1,-1,-1,8,2,8
2016370123228,2,5,0,18,0,0,0,0,0,0,1,1,6,1,25,5,599,1,21,9,1,9
2016370123240,1,9,0,18,0,0,1,0,8,11,1,1,5,1,32,6,1796,1,11,6,3,6
2016370123681,1,9,0,18,0,1,0,0,0,0,1,1,6,1,-1,-1,2000,2,11,-1,-1,-1
2016370123681,2,9,0,18,0,1,0,0,0,0,2,1,6,1,32,6,1968,2,9,7,1,7
2016370123710,1,9,0,9,0,0,0,0,0,0,0,1,6,1,79,11,1596,1,9,10,3,10
2016370123806,1,19,0,7,0,8,0,0,0,0,1,1,6,1,44,7,1598,2,3,5,1,5
2016370123806,2,1,0,18,0,8,0,0,0,0,1,1,1,1,48,8,-1,-1,-1,3,1,3
2016370124090,1,9,0,18,0,0,0,0,0,0,3,1,6,1,17,4,1149,1,6,7,3,7
2016370124090,2,9,0,18,0,0,0,0,0,0,4,1,6,1,34,6,2000,1,6,5,3,5
2016370124103,1,19,0,18,0,0,0,0,0,0,1,1,1,2,50,8,2198,2,3,4,1,4
2016370124103,2,21,0,18,0,0,0,0,0,0,1,1,1,1,49,8,10837,2,2,5,3,5
2016370124599,1,9,0,18,0,0,0,0,0,0,1,1,6,1,31,6,2401,2,13,7,1,7
2016370124599,2,9,0,18,0,0,0,0,0,0,2,1,6,1,34,6,1798,1,11,5,1,5
2016370124642,1,9,0,5,0,0,0,0,0,0,1,1,6,2,24,5,995,1,5,5,1,5
2016370124642,2,19,0,5,0,0,0,0,0,0,4,1,6,1,64,9,2460,2,12,8,2,8
2016370125089,1,9,0,18,0,0,0,0,0,0,3,1,5,1,20,4,1598,1,14,6,1,6
2016370125089,2,9,0,18,0,0,0,0,0,0,4,1,5,1,41,7,1999,1,3,3,1,3
2016370125123,1,9,0,12,0,0,0,0,0,0,2,1,1,1,24,5,1598,1,15,2,1,2
2016370125123,2,9,0,18,0,0,0,0,0,0,1,1,1,1,60,9,3498,1,19,8,1,8
2016370125123,3,21,4,2,0,0,0,0,0,0,0,1,1,1,45,7,12777,2,9,5,1,5
2016370125433,1,9,0,9,0,1,0,0,0,0,3,1,3,2,33,6,1800,1,17,4,1,4
2016370125433,2,1,0,18,0,1,0,0,0,0,1,1,6,1,16,4,-1,-1,-1,1,1,1
2016370125752,1,9,0,18,0,0,0,0,0,0,4,1,6,1,63,9,2993,2,-1,8,2,8
2016370125752,2,9,0,18,0,0,0,0,1,1,2,1,2,2,22,5,1560,2,3,5,3,5
2016370125785,1,9,0,18,0,0,0,0,0,0,1,1,6,2,44,7,1461,2,1,4,1,4
2016370126166,1,9,0,18,0,1,1,0,1,0,1,1,6,2,31,6,1598,1,12,6,3,6
2016370126555,1,9,0,18,0,0,0,0,0,0,1,1,5,1,19,4,1299,1,15,7,2,7
2016370126555,2,9,0,18,0,0,0,0,0,0,2,1,6,2,26,6,999,1,-1,4,1,4
2016370126707,1,11,0,1,0,1,0,0,0,0,2,1,1,1,-1,-1,12816,5,4,8,1,8
2016370126707,2,90,0,4,0,1,0,0,0,0,1,1,6,1,39,7,270,1,8,7,2,7
2016370127066,1,9,0,18,0,0,0,8,0,0,4,1,6,2,52,8,1461,2,10,1,1,1
2016370127066,2,9,0,2,0,0,0,0,0,0,3,1,6,2,36,7,2926,2,13,3,1,3
2016370127158,1,9,0,16,0,0,0,0,0,0,1,1,6,1,24,5,1593,1,31,8,1,8
2016370127158,2,19,0,18,0,0,0,0,0,0,1,1,6,1,32,6,2198,2,2,9,1,9
2016370127198,1,9,0,10,0,0,0,0,0,0,3,1,6,1,46,8,-1,-1,-1,8,3,8
2016370127198,2,1,0,18,0,0,0,0,0,0,1,1,6,1,55,8,-1,-1,-1,6,3,6
2016370127218,1,9,0,18,0,1,0,0,0,0,1,1,2,2,25,5,1995,2,5,5,1,5
2016370127218,2,9,0,5,0,8,0,0,0,0,2,1,5,2,23,5,999,1,1,5,3,5
2016370127334,1,9,0,5,0,0,0,0,0,0,1,1,6,2,25,5,1388,1,13,3,1,3
2016370127334,2,1,0,18,0,0,1,0,0,0,4,1,6,1,33,6,-1,-1,-1,6,1,6
2016370127336,1,5,0,18,0,0,2,0,0,0,1,1,6,1,21,5,599,1,21,7,1,7
2016370127336,2,9,0,2,0,0,0,0,0,0,1,1,6,1,48,8,-1,-1,-1,3,1,3
2016370127461,1,1,0,18,0,1,0,0,0,0,4,1,4,1,16,4,-1,-1,-1,10,1,10
2016370127461,2,9,0,18,0,8,0,0,0,0,1,1,2,2,26,6,1242,1,7,7,1,7
2016370127566,1,9,0,16,0,1,0,0,0,0,3,1,6,1,31,6,1396,1,16,2,1,2
2016370127566,2,19,0,17,0,1,0,0,0,0,3,1,6,1,36,7,2198,2,2,3,1,3
2016370127641,1,9,0,18,0,0,0,0,0,0,2,1,6,2,82,11,1248,1,3,6,1,6
2016370127641,2,9,0,2,0,0,0,0,0,0,2,1,6,2,52,8,2400,2,1,2,1,2
2016370127659,1,19,0,18,0,0,0,0,1,6,3,1,6,1,55,8,2198,2,5,10,3,10
2016370127660,1,9,0,14,0,0,0,0,0,0,4,1,6,2,50,8,1998,2,7,8,1,8
2016370127660,2,9,0,3,0,0,0,0,0,0,3,1,6,2,25,5,1364,2,9,6,3,6
2016370127690,1,9,0,17,0,0,0,0,0,0,3,1,2,1,41,7,1560,2,3,7,3,7
2016370127690,2,9,0,16,0,0,0,0,0,0,3,1,2,1,55,8,1000,1,3,6,3,6
2016370127851,1,9,0,18,0,1,0,0,0,0,1,1,5,2,49,8,1769,1,11,5,3,5
2016370127851,2,9,0,10,0,1,0,0,0,0,2,1,5,2,43,7,1398,1,1,6,2,6
2016370127994,1,9,0,6,0,0,0,0,0,0,4,1,6,2,28,6,2987,2,8,2,1,2
2016370127994,2,9,0,18,0,0,0,0,0,0,1,1,6,1,62,9,1364,2,10,8,1,8
2016370128092,1,9,0,4,0,1,0,0,0,0,3,1,6,1,36,7,1398,1,1,1,1,1
2016370128092,2,9,0,18,0,1,0,0,0,0,1,1,6,1,43,7,1242,1,13,3,1,3
2016370128224,1,9,0,18,0,1,0,0,0,0,1,1,5,2,86,11,1086,1,8,5,3,5
2016370128224,2,2,0,18,0,1,0,0,0,0,4,1,6,1,54,8,49,1,6,4,1,4
2016370128380,1,9,0,18,0,0,0,0,0,0,1,1,6,2,25,5,1968,2,2,4,3,4
2016370128380,2,9,0,4,0,0,0,0,0,0,2,1,6,1,63,9,1242,1,5,7,2,7
2016370128432,1,9,0,5,0,0,0,0,0,0,3,1,5,2,46,8,1995,2,9,3,1,3
2016370128432,2,1,0,18,5,0,0,0,0,0,1,1,6,2,26,6,-1,-1,-1,1,1,1
2016370128437,1,9,0,18,0,0,0,0,0,0,1,1,6,1,77,11,2993,2,5,8,1,8
2016370128470,1,98,0,3,0,1,0,0,0,0,0,1,1,1,44,7,-1,-1,-1,5,1,5
2016370128507,1,9,0,4,0,0,0,0,0,0,1,1,6,1,38,7,1399,2,11,7,2,7
2016370128507,2,9,0,4,0,0,0,0,0,0,2,1,6,1,57,9,2494,1,15,6,2,6
2016370128534,1,9,0,13,0,1,0,0,0,0,1,1,6,1,-1,-1,-1,-1,-1,-1,-1,-1
2016370128534,2,9,0,9,0,8,0,0,0,0,3,1,5,1,50,8,1389,1,11,2,1,2
2016370128557,1,9,0,9,0,8,0,0,0,0,1,1,6,1,36,7,1896,2,13,-1,-1,-1
2016370128557,2,9,0,18,0,8,0,0,0,0,4,1,6,1,50,8,998,1,8,9,1,9
2016370128567,1,9,0,9,0,0,0,0,0,0,3,1,5,2,46,8,1299,1,15,4,1,4
2016370128567,2,3,0,18,0,0,0,0,0,0,1,1,5,1,19,4,125,1,9,2,1,2
2016370128706,1,9,0,18,0,0,0,0,1,4,1,1,6,1,42,7,3400,6,17,6,2,6
2016370128789,1,2,0,3,0,0,0,0,0,0,1,1,6,1,17,4,-1,-1,-1,8,3,8
2016370128789,2,3,0,18,0,0,0,0,0,0,1,1,6,1,22,5,125,1,8,6,3,6
2016370128895,1,9,0,18,0,0,0,0,0,0,1,1,6,1,-1,-1,1956,2,1,-1,-1,-1
2016370128895,2,9,0,18,0,0,0,0,0,0,2,1,6,1,52,8,1461,2,-1,7,3,7
2016370128899,1,9,0,18,0,0,0,0,0,0,1,1,6,2,23,5,1598,1,14,7,3,7
2016370128929,1,9,0,18,0,8,0,0,0,0,1,1,6,1,55,8,-1,-1,-1,4,3,4
2016370128929,2,9,0,9,0,8,0,0,0,0,2,1,6,2,45,7,1599,1,9,5,2,5
2016370129021,1,9,0,18,0,1,0,0,0,0,1,1,6,1,42,7,1388,1,13,6,2,6
2016370129021,2,9,0,10,0,1,0,0,0,0,2,1,6,2,20,4,998,1,12,5,2,5
2016370129080,1,9,0,18,0,1,0,0,0,0,1,1,6,1,40,7,1240,1,10,5,2,5
2016370129080,2,9,0,10,0,1,0,0,0,0,2,1,1,1,25,5,-1,-1,-1,4,2,4
2016370129117,1,9,0,17,0,0,0,0,1,10,1,1,5,2,28,6,-1,-1,-1,5,3,5
2016370129128,1,9,0,18,0,0,0,0,0,0,1,1,1,1,19,4,1199,1,12,7,1,7
2016370129171,1,1,0,18,0,8,0,0,0,0,4,1,6,1,49,8,-1,-1,-1,3,1,3
2016370129171,2,9,0,18,0,8,0,0,0,0,3,1,6,2,21,5,998,1,6,4,1,4
2016370129200,1,9,0,18,0,0,0,0,0,0,1,1,6,2,73,10,1000,1,1,9,2,9
2016370129200,2,19,0,18,0,0,0,0,0,0,2,1,2,2,20,4,1753,2,11,4,1,4
2016370129211,1,1,0,18,0,8,0,0,0,0,1,1,6,1,14,3,-1,-1,-1,5,1,5
2016370129211,2,9,0,5,0,8,0,0,0,0,1,1,6,1,36,7,1798,1,9,5,1,5
2016370129283,1,9,0,16,0,0,0,0,0,0,0,1,6,3,-1,-1,-1,-1,-1,-1,-1,-1
2016370129283,2,9,0,17,0,0,0,0,1,9,1,1,5,2,18,4,973,1,13,7,1,7
2016370129310,1,9,0,18,0,1,0,0,0,0,1,1,6,1,93,11,1461,2,6,6,3,6
2016370129310,2,9,0,18,0,1,0,0,7,10,4,1,5,2,61,9,-1,-1,-1,8,1,8
2016370129362,1,19,0,9,0,8,0,0,0,0,1,1,6,1,42,7,1753,2,10,9,1,9
2016370129362,2,9,0,10,0,8,0,0,0,0,2,1,6,2,24,5,1753,2,12,1,1,1
2016370129412,1,9,0,18,0,0,2,0,4,0,0,1,5,2,49,8,1596,1,10,8,1,8
2016370129488,1,19,0,18,0,4,0,0,0,0,1,1,2,1,56,9,2198,2,-1,-1,-1,-1
2016370129488,2,1,0,18,0,4,0,0,0,0,1,1,2,1,50,8,-1,-1,-1,2,1,2
2016370129495,1,9,0,13,0,0,0,0,0,0,4,1,6,1,34,6,1956,2,5,3,1,3
2016370129495,2,1,0,4,0,0,0,0,0,0,3,1,6,1,22,5,-1,-1,-1,3,1,3
2016370129504,1,9,0,17,0,0,0,0,1,0,1,1,6,1,21,5,-1,-1,-1,6,3,6
2016370129547,1,9,0,17,0,0,2,0,1,0,4,1,5,1,17,4,1199,1,14,4,1,4
2016370129646,1,9,0,18,0,0,0,0,0,0,0,1,6,1,-1,-1,-1,-1,-1,-1,-1,-1
2016370129646,2,5,0,18,0,0,0,0,0,0,0,1,6,1,48,8,670,1,3,6,2,6
2016370129675,1,9,0,17,0,0,0,0,1,4,1,1,5,1,86,11,1240,1,13,6,3,6
2016370129688,1,9,0,18,0,1,0,0,0,0,1,1,6,1,18,4,999,1,15,5,3,5
2016370129688,2,9,0,4,0,1,0,0,0,0,2,1,6,1,27,6,1124,1,14,4,1,4
2016370129695,1,9,0,18,0,0,0,0,0,0,3,1,6,1,52,8,1968,2,11,5,3,5
2016370129695,2,3,0,18,0,0,0,0,0,0,1,1,2,1,19,4,124,1,3,6,1,6
2016370129725,1,9,0,9,0,1,0,0,0,0,3,1,2,1,64,9,-1,-1,-1,6,2,6
2016370129725,2,1,0,7,0,1,0,0,0,0,1,1,2,1,54,8,-1,-1,-1,9,3,9
2016370129758,1,9,0,18,0,0,5,0,0,0,1,1,6,2,34,6,1360,1,14,9,1,9
2016370129764,1,9,0,2,0,0,0,0,0,0,3,1,5,2,53,8,1586,1,8,-1,-1,-1
2016370129764,2,1,0,14,0,0,0,8,0,0,1,1,6,1,52,8,-1,-1,-1,2,1,2
2016370129783,1,9,0,5,0,2,0,0,0,0,1,1,2,1,58,9,1349,1,6,7,3,7
2016370129783,2,5,0,18,0,1,1,0,0,0,0,1,2,1,25,5,620,1,14,7,3,7
2016370129802,1,3,0,18,0,0,0,0,0,0,1,1,6,1,18,4,124,1,-1,2,1,2
2016370129802,2,19,0,18,0,0,0,0,0,0,4,1,6,1,26,6,2287,2,1,5,2,5
2016370129814,1,9,0,3,0,1,0,0,0,0,1,1,6,1,39,7,1997,2,-1,4,3,4
2016370129814,2,9,0,10,0,1,0,0,0,0,2,1,6,1,23,5,-1,-1,-1,5,3,5
2016370129816,1,9,0,9,0,8,0,0,0,0,4,1,6,1,63,9,3200,1,8,7,3,7
2016370129816,2,5,0,18,0,2,0,0,0,0,1,1,6,1,54,8,647,1,17,10,1,10
2016370129868,1,90,1,18,0,0,0,0,4,1,3,1,1,1,73,10,-1,-1,-1,-1,-1,-1
2016370129868,2,1,0,18,0,0,0,0,0,0,2,1,5,1,56,9,-1,-1,-1,5,1,5
2016370129906,1,9,0,17,0,0,0,0,0,0,1,1,6,1,17,4,1242,1,14,9,1,9
2016370129929,1,9,0,4,0,0,0,0,0,0,1,1,6,2,21,5,1299,1,8,6,2,6
2016370129929,2,9,0,4,0,0,0,0,0,0,2,1,6,1,40,7,1461,2,2,4,2,4
2016370129973,1,9,0,17,0,0,1,0,1,0,-1,1,6,1,18,4,973,1,13,-1,-1,-1
2016370130029,1,9,0,4,0,1,0,0,0,0,1,1,1,1,38,7,-1,-1,-1,1,2,1
2016370130029,2,9,0,4,0,1,0,0,0,0,1,1,5,1,52,8,2231,2,1,2,1,2
2016370130029,3,90,0,4,0,1,0,0,0,0,2,1,1,1,39,7,-1,-1,-1,3,1,3
2016370130163,1,1,0,18,0,1,0,0,0,0,1,1,5,1,47,8,-1,-1,-1,7,1,7
2016370130163,2,9,0,4,0,1,0,0,0,0,2,1,1,1,53,8,-1,-1,-1,8,1,8
2016370130192,1,9,0,18,0,0,0,0,0,0,3,1,5,2,51,8,1598,1,14,10,2,10
2016370130192,2,9,0,18,0,0,5,0,1,0,4,1,5,2,56,9,-1,-1,-1,6,3,6
2016370130221,1,9,0,18,0,1,0,0,0,0,1,1,6,2,20,4,1560,2,1,4,1,4
2016370130221,2,9,0,4,0,1,0,0,0,0,2,1,6,2,44,7,1796,1,10,2,1,2
2016370130231,1,1,0,18,0,1,1,0,0,0,1,1,6,1,17,4,-1,-1,-1,10,1,10
2016370130231,2,19,0,4,0,1,0,0,0,0,1,1,6,1,40,7,2198,2,8,1,1,1
2016370130358,1,9,0,18,0,1,0,0,0,0,3,1,6,1,40,7,-1,-1,-1,-1,-1,-1
2016370130358,2,1,0,18,0,1,0,0,0,0,4,1,6,1,35,6,-1,-1,-1,8,1,8
2016370130384,1,9,0,18,0,1,0,0,0,0,1,1,6,1,25,5,-1,-1,-1,4,3,4
2016370130384,2,9,0,10,0,1,0,0,0,0,2,1,6,2,36,7,998,1,6,5,3,5
2016370130396,1,9,0,10,0,1,0,0,0,0,1,1,5,2,49,8,1997,2,-1,1,1,1
2016370130396,2,9,0,18,0,1,0,0,0,0,1,1,5,1,21,5,1560,2,4,8,1,8
2016370130471,1,9,0,5,0,8,0,0,0,0,1,1,6,1,76,11,1197,1,1,10,2,10
2016370130471,2,9,0,18,0,8,0,0,7,0,4,1,6,2,40,7,1686,2,10,3,1,3
2016370130473,1,9,0,18,0,0,0,0,0,0,4,1,5,3,-1,-1,-1,-1,-1,-1,-1,-1
2016370130485,1,9,0,8,0,1,0,0,0,0,0,1,5,1,53,8,1598,1,8,1,1,1
2016370130534,1,9,0,17,0,0,5,0,0,0,1,1,6,1,30,6,1388,1,18,7,3,7
2016370130535,1,9,0,18,0,0,0,0,1,10,3,1,6,1,17,4,1390,1,14,7,2,7
2016370130535,2,9,0,18,0,0,0,0,0,0,4,1,6,1,54,8,1596,1,11,5,2,5
2016370130654,1,9,0,18,0,0,0,0,0,0,0,1,5,2,23,5,1388,1,15,4,2,4
2016370130654,2,1,0,18,9,0,0,0,0,0,2,1,4,1,8,2,-1,-1,-1,7,2,7
2016370130657,1,9,0,18,0,4,0,0,0,0,1,1,5,1,68,10,1318,1,-1,-1,-1,-1
2016370130657,2,1,0,18,0,8,0,0,0,0,4,1,5,1,21,5,-1,-1,-1,5,3,5
2016370130681,1,9,0,18,0,4,0,0,0,0,1,1,5,1,86,11,1398,2,8,5,1,5
2016370130681,2,1,0,9,0,8,0,0,0,0,1,1,5,1,63,9,-1,-1,-1,10,1,10
2016370130692,1,1,0,18,0,0,0,0,0,0,0,1,1,1,45,7,-1,-1,-1,7,1,7
2016370130692,2,19,0,4,0,0,0,0,0,0,4,1,1,1,60,9,1248,2,3,4,1,4
2016370130703,1,21,1,12,0,0,1,0,0,0,1,1,1,1,47,8,15607,2,9,2,1,2
2016370130703,2,9,0,3,0,0,0,0,0,0,2,1,5,2,26,6,1248,1,-1,7,1,7
2016370130703,3,9,0,4,0,0,0,0,0,0,2,1,2,2,34,6,1198,1,14,9,1,9
2016370130884,1,9,0,18,0,0,0,0,0,0,1,1,6,3,-1,-1,1390,1,3,-1,-1,-1
2016370130884,2,9,0,3,0,0,0,0,0,0,2,1,6,1,-1,-1,-1,-1,-1,1,1,1
2016370130934,1,9,0,17,0,0,2,10,0,0,3,1,6,1,47,8,-1,-1,-1,3,1,3
2016370130934,2,9,0,2,0,0,0,0,0,0,4,1,5,2,70,10,1388,1,10,6,1,6
2016370131049,1,9,0,18,0,1,0,0,0,0,1,1,5,1,53,8,1951,2,12,4,1,4
2016370131049,2,9,0,18,0,1,0,0,0,0,1,1,6,2,24,5,1242,1,2,5,3,5
2016370131050,1,9,0,-1,0,1,0,0,0,0,1,1,5,2,44,7,1242,1,13,9,1,9
2016370131050,2,9,0,-1,0,1,0,0,0,0,2,1,2,1,41,7,998,1,3,5,1,5
2016370131112,1,20,0,-1,0,0,0,0,0,0,1,1,6,1,23,5,2402,2,7,6,3,6
2016370131112,2,9,0,-1,0,0,1,0,0,0,1,1,5,2,27,6,998,1,17,3,1,3
2016370131194,1,9,5,-1,-1,-1,0,-1,-1,0,1,1,2,1,47,8,1596,1,10,9,1,9
2016370131231,1,5,0,-1,0,1,0,0,0,0,1,1,6,1,41,7,1157,1,11,4,1,4
2016370131231,2,9,0,-1,0,1,0,0,0,0,1,1,6,2,48,8,1490,1,7,7,1,7
2016370131269,1,19,0,18,0,1,0,0,0,0,1,1,6,1,68,10,1248,2,12,8,2,8
2016370131269,2,9,0,18,0,1,0,0,0,0,2,1,6,2,20,4,1242,1,1,2,1,2
2016370131269,3,90,1,18,0,1,0,0,0,0,0,1,6,1,49,8,-1,-1,-1,4,1,4
2016370131322,1,19,0,18,0,1,0,0,0,0,1,1,6,1,44,7,2184,2,15,4,1,4
2016370131322,2,9,0,4,0,1,0,0,0,0,2,1,6,2,47,8,998,1,11,4,1,4
2016370131354,1,3,0,-1,-1,0,0,0,0,0,1,1,4,1,17,4,124,1,-1,5,3,5
2016370131354,2,9,0,-1,-1,0,0,0,0,0,2,1,6,2,43,7,-1,-1,-1,6,3,6
2016370131354,3,9,0,-1,-1,0,0,0,0,0,-1,1,6,3,-1,-1,-1,-1,-1,-1,-1,-1
2016370131373,1,9,0,9,0,8,0,0,0,0,1,1,5,2,76,11,1364,1,7,-1,-1,-1
2016370131373,2,9,0,18,0,1,0,0,1,1,3,1,6,2,20,4,1598,1,14,2,1,2
2016370131444,1,9,0,18,0,0,0,0,0,0,1,1,5,1,80,11,1596,1,14,7,3,7
2016370131444,2,9,0,18,0,0,0,0,0,0,1,1,5,1,23,5,1800,1,17,7,3,7
2016370131507,1,9,0,-1,-1,1,0,0,0,0,3,1,6,2,26,6,998,1,10,4,2,4
2016370131568,1,11,0,-1,-1,0,0,0,0,0,-1,1,6,3,-1,-1,-1,-1,-1,-1,-1,-1
2016370131619,1,17,0,-1,0,1,0,0,0,0,-1,1,6,1,47,8,-1,-1,-1,9,1,9
2016370131695,1,9,0,-1,0,0,0,0,0,0,1,1,6,1,18,4,1364,1,10,5,1,5
2016370131856,1,9,5,-1,0,0,0,0,0,0,1,1,5,2,50,8,1299,1,15,6,3,6
2016370131877,1,9,0,18,0,1,0,0,0,0,1,1,6,2,18,4,1198,1,10,6,2,6
2016370131877,2,9,0,18,0,1,0,0,0,0,0,1,6,1,17,4,1198,1,12,9,1,9
2016370131896,1,9,0,-1,0,0,0,0,0,0,1,1,5,1,81,11,1248,2,4,5,1,5
2016370131899,1,9,0,18,0,0,0,0,3,0,1,1,6,1,17,4,1149,1,16,7,1,7
2016370131899,2,9,0,18,0,0,0,0,0,0,4,1,1,1,40,7,1997,2,2,4,1,4
2016370131979,1,98,4,18,0,0,0,0,0,0,1,1,1,3,-1,-1,-1,-1,-1,-1,-1,-1
2016370131979,2,1,0,18,0,0,5,0,1,9,2,1,6,1,72,10,-1,-1,-1,6,3,6
2016370131989,1,9,0,8,0,2,0,0,0,0,0,1,6,1,30,6,-1,-1,-1,6,1,6
2016370131996,1,9,0,18,0,0,0,0,0,0,4,1,6,3,-1,-1,-1,-1,-1,-1,-1,-1
2016370131996,2,1,0,18,0,0,5,0,0,0,2,1,5,2,-1,-1,-1,-1,-1,4,2,4
2016370132019,1,9,0,17,0,0,1,0,1,11,4,1,5,1,25,5,1598,2,3,-1,-1,-1
2016370132079,1,9,0,14,0,1,0,0,0,0,1,1,6,2,36,7,-1,-1,-1,10,2,10
2016370132140,1,9,0,18,0,1,0,0,0,0,1,1,1,2,31,6,1968,2,3,6,3,6
2016370132140,2,9,0,7,0,2,0,0,0,0,2,1,6,2,36,7,1240,1,10,6,3,6
2016370132159,1,9,0,18,0,0,0,0,0,0,4,1,5,1,83,11,1991,1,18,4,2,4
2016370132159,2,1,0,18,0,0,5,0,0,0,3,1,6,1,46,8,-1,-1,-1,9,1,9
2016370132238,1,9,0,18,0,0,5,0,0,0,1,1,6,1,35,6,1896,2,11,5,3,5
2016370132278,1,9,0,18,0,0,0,0,0,0,1,1,6,1,48,8,1896,2,15,2,1,2
2016370132309,1,9,0,7,0,0,0,0,0,0,-1,1,6,3,-1,-1,-1,-1,-1,-1,-1,-1
2016370132321,1,9,0,18,0,1,0,0,0,0,1,1,6,1,47,8,1910,2,8,6,3,6
2016370132321,2,9,0,18,0,1,0,0,0,0,4,1,6,1,60,9,2402,2,5,9,1,9
2016370132375,1,9,5,18,0,0,0,0,0,0,1,1,5,2,39,7,1149,1,12,10,1,10
2016370132443,1,9,0,9,0,2,0,0,0,0,1,1,6,2,84,11,1398,1,1,7,1,7
2016370132443,2,21,0,18,0,1,0,0,0,0,1,1,6,1,37,7,6370,2,10,7,1,7
2016370132602,1,9,0,18,0,1,0,0,0,0,0,1,5,1,63,9,-1,-1,-1,9,1,9
2016370132847,1,9,0,18,0,1,0,0,0,0,2,1,1,1,24,5,-1,-1,-1,6,2,6
2016370132847,2,9,0,18,0,1,0,0,0,0,1,1,5,2,30,6,-1,-1,-1,7,2,7
2016370132874,1,98,1,5,0,0,0,0,0,0,2,1,6,3,-1,-1,-1,-1,-1,-1,-1,-1
2016370132874,2,9,0,18,0,0,0,0,0,0,1,1,6,1,30,6,1596,1,11,6,3,6
2016370132874,3,9,0,18,0,0,0,0,0,0,2,1,6,2,29,6,1753,2,10,6,1,6
2016370132918,1,9,0,18,0,1,0,0,0,0,1,1,6,2,30,6,1951,2,16,7,3,7
2016370132918,2,9,0,18,0,1,0,7,0,0,1,1,6,1,47,8,2720,2,9,3,1,3
2016370133069,1,9,0,18,0,0,0,0,1,0,1,1,1,1,25,5,999,1,15,-1,-1,-1
2016370133105,1,9,0,9,0,1,0,0,0,0,0,1,5,2,68,10,-1,-1,-1,2,1,2
2016370133498,1,9,0,9,0,1,0,0,0,0,3,1,5,2,51,8,1968,2,2,7,1,7
2016370133498,2,9,0,18,0,1,0,0,0,0,4,1,5,2,48,8,1599,1,14,-1,-1,-1
2016370133533,1,9,0,5,0,2,0,0,0,0,3,1,2,1,45,7,1108,1,7,6,3,6
2016370133533,2,19,0,18,0,1,5,0,7,0,1,1,1,1,33,6,2198,2,-1,-1,-1,-1
2016370133549,1,9,0,9,0,8,0,0,0,0,3,1,6,1,57,9,1598,2,3,6,3,6
2016370133549,2,3,0,18,0,8,5,0,0,0,1,1,6,1,49,8,125,1,13,4,1,4
2016370133573,1,9,0,18,0,1,0,0,0,0,0,1,6,3,-1,-1,-1,-1,-1,-1,-1,-1
2016370133573,2,1,0,18,0,1,0,0,0,0,0,1,5,1,13,3,-1,-1,-1,3,1,3
2016370133654,1,9,0,18,0,1,0,0,0,0,3,1,5,2,45,7,1994,1,10,10,1,10
2016370133654,2,9,0,18,0,1,0,0,0,0,4,1,5,2,42,7,-1,-1,-1,7,3,7
2016370133736,1,9,0,18,0,0,0,0,0,0,1,1,6,3,-1,-1,1998,1,11,-1,-1,-1
2016370133736,2,19,0,4,0,0,0,0,0,0,2,1,6,1,37,7,1968,2,-1,5,1,5
2016370133736,3,-1,0,10,0,0,0,0,0,0,2,1,6,1,62,9,-1,-1,-1,10,1,10
2016370133803,1,9,0,18,0,0,0,0,0,0,1,1,1,2,52,8,1364,2,10,-1,-1,-1
2016370134373,1,9,0,4,0,0,0,0,1,0,1,1,5,1,71,10,1968,2,-1,1,1,1