Accident_Index,Vehicle_Reference,Vehicle_Type,Towing_and_Articulation,Vehicle_Manoeuvre,Vehicle_Location-Restricted_Lane,Junction_Location,Skidding_and_Overturning,Hit_Object_in_Carriageway,Vehicle_Leaving_Carriageway,Hit_Object_off_Carriageway,1st_Point_of_Impact,Was_Vehicle_Left_Hand_Drive?,Journey_Purpose_of_Driver,Sex_of_Driver,Age_of_Driver,Age_Band_of_Driver,Engine_Capacity_(CC),Propulsion_Code,Age_of_Vehicle,Driver_IMD_Decile,Driver_Home_Area_Type,Vehicle_IMD_Decile
2016370134373,2,9,0,4,0,0,0,0,1,0,2,1,5,1,71,10,1328,1,6,4,3,4
2016370134410,1,9,0,4,0,0,0,0,0,0,1,1,2,1,28,6,-1,-1,-1,6,1,6
2016370134410,2,9,0,4,0,0,0,0,0,0,2,1,5,2,50,8,1242,1,9,7,3,7
2016370134477,1,97,0,9,0,8,0,0,0,0,4,1,5,1,16,4,49,1,11,7,1,7
2016370134477,2,9,0,18,0,8,0,0,0,0,1,1,1,1,38,7,2149,2,9,1,1,1
2016370134578,1,9,0,17,0,1,0,0,0,0,1,1,5,1,60,9,1490,1,9,3,2,3
2016370134578,2,11,0,9,0,1,0,0,0,0,1,1,5,1,56,9,-1,2,13,4,1,4
2016370134620,1,9,0,18,0,0,0,0,0,0,4,1,6,3,-1,-1,-1,-1,-1,-1,-1,-1
2016370134643,1,19,0,2,0,0,0,0,0,0,3,1,6,1,44,7,2198,2,1,1,1,1
2016370134643,2,1,0,18,0,0,0,8,0,0,4,1,6,1,40,7,-1,-1,-1,4,1,4
2016370134674,1,9,0,17,0,8,1,0,1,11,1,1,5,1,19,4,1229,1,4,10,1,10
2016370134688,1,9,0,18,0,0,0,0,0,0,3,1,1,1,30,6,-1,-1,-1,1,1,1
2016370134688,2,9,0,18,0,0,0,0,0,0,1,1,6,1,45,7,-1,-1,-1,2,1,2
2016370134688,3,9,0,18,0,0,0,0,0,0,4,1,2,1,38,7,1598,2,1,6,3,6
2016370134703,1,9,0,9,0,8,0,0,0,0,1,1,6,2,82,11,998,1,16,6,1,6
2016370134703,2,1,0,18,0,1,5,0,0,0,1,1,6,1,43,7,-1,-1,-1,10,1,10
2016370134752,1,9,5,18,0,1,0,0,0,0,1,1,6,1,68,10,-1,-1,-1,7,2,7
2016370134752,2,9,5,18,0,1,0,0,0,0,4,1,6,2,59,9,1798,1,4,6,3,6
2016370134772,1,9,0,18,0,1,0,0,0,0,1,1,6,1,57,9,1149,1,1,6,2,6
2016370134772,2,9,0,18,0,2,0,0,0,0,4,1,6,1,37,7,2143,2,5,9,3,9
2016370134815,1,3,0,5,0,0,0,0,0,0,3,1,5,1,53,8,114,1,3,5,3,5
2016370134815,2,9,0,18,0,0,0,0,0,0,1,1,1,2,57,9,1956,2,5,4,3,4
2016370134856,1,9,0,18,0,0,0,0,0,0,0,1,6,1,48,8,1968,2,9,6,3,6
2016370135009,1,9,0,18,0,1,1,0,0,0,1,1,5,2,20,4,998,1,15,6,1,6
2016370135009,2,9,0,4,0,1,0,0,0,0,2,1,5,1,33,6,-1,-1,-1,7,2,7
2016370135009,3,4,0,18,0,1,2,0,0,0,0,1,5,1,36,7,249,1,23,8,3,8
2016370135213,1,9,0,18,0,0,0,0,1,10,1,1,5,1,26,6,-1,-1,-1,2,1,2
2016370135213,2,9,0,18,0,0,0,0,0,0,2,1,1,1,47,8,-1,-1,-1,10,1,10
2016370135251,1,9,0,-1,0,1,0,0,0,0,-1,1,5,2,19,4,1124,1,12,2,1,2
2016370135268,1,3,0,18,0,0,0,0,0,0,2,1,6,1,20,4,108,1,3,1,1,1
2016370135310,1,9,0,18,0,0,0,0,0,0,4,1,5,2,28,6,1586,1,-1,10,1,10
2016370135351,1,9,0,17,0,0,1,0,1,3,1,1,6,2,17,4,1299,1,13,6,1,6
2016370135371,1,9,0,18,0,8,0,0,0,0,1,1,6,1,35,6,-1,-1,-1,1,1,1
2016370135371,2,9,0,18,0,8,0,0,0,0,4,1,6,1,69,10,1798,1,-1,4,1,4
2016370135482,1,9,0,5,0,4,1,0,1,2,1,1,5,2,74,10,1389,1,12,10,2,10
2016370135509,1,9,0,18,0,1,0,0,0,0,1,1,6,2,35,6,1997,2,14,1,1,1
2016370135526,1,9,0,13,0,0,0,0,0,0,1,1,6,1,-1,-1,-1,-1,-1,-1,-1,-1
2016370135526,2,9,0,3,0,0,0,0,0,0,2,1,5,2,19,4,1124,1,12,6,1,6
2016370135608,1,9,0,18,0,8,0,0,0,0,3,1,6,1,56,9,1388,1,8,4,2,4
2016370135608,2,1,0,18,0,8,5,0,0,0,1,1,6,1,20,4,-1,-1,-1,4,2,4
2016370135683,1,5,0,18,0,1,2,0,0,0,1,1,5,1,62,9,955,1,10,10,1,10
2016370135683,2,9,0,7,0,8,0,0,0,0,3,1,5,2,53,8,-1,-1,-1,10,1,10
2016370135791,1,1,0,18,0,8,2,0,0,0,4,1,1,1,14,3,-1,-1,-1,-1,-1,-1
2016370135791,2,9,0,18,0,1,0,0,0,0,1,1,2,1,29,6,1560,2,4,2,1,2
2016370135821,1,9,0,18,0,1,0,0,0,0,1,1,5,1,48,8,-1,-1,-1,5,1,5
2016370135821,2,9,0,9,0,1,0,0,0,0,2,1,5,1,48,8,1598,2,1,6,1,6
2016370135998,1,9,0,18,0,0,0,0,0,0,1,1,5,2,79,11,1339,1,2,6,2,6
2016370135998,2,9,0,18,0,0,0,0,0,0,1,1,5,1,33,6,1998,2,7,4,3,4
2016370136060,1,9,0,18,0,7,0,0,0,0,4,1,6,1,34,6,1396,1,12,10,2,10
2016370136060,2,1,0,18,0,7,5,0,0,0,2,1,6,1,54,8,-1,-1,-1,6,3,6
2016370136097,1,9,0,18,0,0,0,4,0,0,1,1,6,1,73,10,1390,1,13,9,3,9
2016370136097,2,90,4,2,0,0,0,0,0,0,2,1,6,3,-1,-1,-1,-1,-1,-1,-1,-1
2016370136199,1,9,0,18,0,8,0,0,0,0,4,1,6,3,-1,-1,-1,-1,-1,-1,-1,-1
2016370136376,1,3,0,18,0,0,1,0,0,0,1,1,6,1,18,4,124,1,2,5,3,5
2016370136376,2,9,0,9,0,0,0,0,0,0,2,1,6,1,58,9,-1,-1,-1,8,1,8
2016370136397,1,9,0,9,0,8,0,0,0,0,1,1,2,2,53,8,1598,1,3,-1,-1,-1
2016370136397,2,9,0,18,0,1,0,0,0,0,4,1,2,1,45,7,998,1,17,10,2,10
2016370136571,1,9,0,11,7,0,0,0,0,0,3,1,6,1,58,9,1998,2,12,5,1,5
2016370136571,2,1,0,18,4,0,5,0,0,0,4,1,2,1,50,8,-1,-1,-1,2,1,2
2016370136654,1,9,0,18,0,0,2,0,0,0,3,1,1,1,24,5,1895,1,16,5,2,5
2016370136685,1,9,0,11,0,0,1,0,1,4,1,1,5,1,39,7,1998,1,17,5,2,5
2016370136695,1,9,0,18,0,0,0,0,0,0,4,1,6,1,56,9,1998,8,2,8,3,8
2016370136759,1,3,0,4,0,0,2,0,1,0,4,1,2,1,18,4,124,1,19,5,2,5
2016370136784,1,2,0,18,0,0,2,0,0,0,0,1,6,1,17,4,49,1,3,9,2,9
2016370136784,2,9,0,18,0,0,0,0,0,0,0,1,6,3,-1,-1,1388,1,6,-1,-1,-1
2016370136817,1,9,0,17,0,0,0,0,0,0,1,1,6,1,-1,-1,-1,-1,-1,10,1,10
2016370136824,1,9,0,9,0,1,0,0,0,0,4,1,5,2,48,8,-1,-1,-1,10,1,10
2016370136824,2,9,0,18,0,1,0,0,0,0,3,1,1,1,64,9,2497,2,18,4,1,4
2016370136837,1,9,0,18,0,0,1,0,1,3,1,1,2,1,42,7,1998,1,11,6,3,6
2016370136936,1,9,0,13,0,1,0,0,0,0,1,1,6,3,-1,-1,1588,1,15,-1,-1,-1
2016370136936,2,9,0,18,0,1,0,0,1,0,2,1,5,2,55,8,1339,1,13,3,1,3
2016370136936,3,9,0,18,0,1,0,0,1,0,3,1,2,1,53,8,1598,1,10,8,1,8
2016370136936,4,9,0,18,0,8,0,0,1,0,1,1,6,1,43,7,-1,-1,-1,7,2,7
2016370136997,1,9,0,1,0,0,0,0,0,0,2,1,6,1,51,8,1598,1,7,2,1,2
2016370137040,1,1,0,18,0,8,0,0,0,0,1,1,6,1,52,8,-1,-1,-1,7,2,7
2016370137040,2,9,0,9,0,8,0,0,0,0,0,1,6,2,44,7,1997,2,-1,2,1,2
2016370137140,1,9,5,18,0,0,0,0,0,0,1,1,5,1,89,11,1587,1,12,8,2,8
2016370137140,2,9,5,18,0,0,0,0,0,0,1,1,5,2,60,9,1896,2,14,4,3,4
2016370137200,1,9,0,5,0,8,0,0,0,0,1,1,6,2,25,5,1388,1,13,6,3,6
2016370137200,2,9,0,18,0,8,0,0,7,0,1,1,6,1,29,6,1242,1,1,1,1,1
2016370137352,1,9,0,9,0,8,0,0,0,0,1,1,6,1,71,10,1240,1,12,5,3,5
2016370137352,2,9,0,18,0,8,0,0,0,0,1,1,6,2,68,10,1388,1,7,10,1,10
2016370137520,1,98,1,13,0,0,0,0,0,0,4,1,1,1,48,8,-1,-1,-1,5,1,5
2016370137520,2,9,0,18,0,0,1,0,0,0,1,1,2,1,21,5,1360,1,13,1,1,1
2016370137520,3,9,0,18,0,0,0,0,0,0,1,1,2,1,47,8,1896,2,8,9,1,9
2016370137583,1,9,0,18,0,1,0,0,0,0,2,1,6,2,37,7,1242,1,6,5,1,5
2016370137583,2,9,0,18,0,1,0,0,0,0,1,1,1,1,41,7,1598,1,15,6,1,6
2016370137632,1,9,0,9,0,2,0,0,0,0,1,1,6,2,33,6,1497,8,-1,6,1,6
2016370137632,2,9,0,18,0,8,5,0,0,0,4,1,6,2,70,10,1248,1,5,9,1,9
2016370137731,1,9,0,5,0,0,0,0,0,0,4,1,5,1,51,8,1388,1,12,8,1,8
2016370137731,2,9,0,18,0,0,1,4,0,0,1,1,5,1,84,11,1587,1,23,6,1,6
2016370137900,1,9,0,18,0,0,0,0,1,10,1,1,5,2,20,4,1149,1,6,1,1,1
2016370137936,1,9,0,18,0,0,0,0,0,0,1,1,1,2,25,5,-1,-1,-1,8,2,8
2016370137936,2,9,0,4,0,0,0,0,0,0,2,1,1,1,30,6,1968,2,4,6,3,6
2016370137972,1,9,0,4,0,1,1,0,0,0,1,1,6,2,27,6,1388,1,8,6,2,6
2016370137972,2,20,0,4,0,1,0,0,0,0,2,1,1,1,61,9,-1,-1,-1,7,2,7
2016370137972,3,9,0,4,0,1,0,0,0,0,2,1,5,2,34,6,1398,2,2,5,1,5
2016370138024,1,19,0,9,0,8,1,0,7,9,1,1,1,1,54,8,1248,2,9,8,1,8
2016370138024,2,19,4,18,0,1,1,0,7,9,1,1,5,1,53,8,5400,1,13,9,3,9
2016370138079,1,9,0,9,0,8,0,0,0,0,1,1,5,1,49,8,1596,1,11,1,1,1
2016370138079,2,5,0,18,0,1,5,0,0,0,1,1,2,1,45,7,-1,-1,-1,9,1,9
2016370138305,1,3,0,7,0,0,1,0,0,0,3,1,2,2,49,8,125,1,-1,5,2,5
2016370138376,1,9,0,18,0,0,0,0,0,0,1,1,5,1,23,5,1388,1,13,10,2,10
2016370138376,2,9,0,18,0,0,0,0,0,0,1,1,5,1,35,6,1596,1,11,1,1,1
2016370138376,3,9,0,18,0,0,0,0,0,0,2,1,5,2,51,8,1299,1,14,4,2,4
2016370138458,1,9,0,18,0,1,0,0,0,0,1,1,6,1,62,9,1995,2,12,8,1,8
2016370138458,2,1,0,18,0,1,0,0,0,0,2,1,6,1,51,8,-1,-1,-1,9,1,9
2016370138586,1,9,0,18,0,1,0,0,0,0,1,1,6,3,-1,-1,1800,1,17,-1,-1,-1
2016370138586,2,9,0,4,0,1,0,0,0,0,2,1,6,2,18,4,1240,1,9,3,1,3
2016370138622,1,9,0,18,0,0,0,0,0,0,1,1,6,1,17,4,1240,1,7,8,2,8
2016370138622,2,9,0,18,0,0,0,0,0,0,1,1,6,1,36,7,2494,2,2,6,3,6
2016370138625,1,9,0,5,9,0,0,0,0,0,1,1,5,1,81,11,1248,1,5,1,1,1
2016370138625,2,9,0,2,0,0,0,0,0,0,4,1,6,3,-1,-1,-1,-1,-1,-1,-1,-1
2016370138650,1,9,0,18,0,0,1,0,0,0,1,1,5,1,82,11,-1,-1,-1,7,2,7
2016370138650,2,9,0,18,0,0,0,0,0,0,1,1,5,2,24,5,1598,1,13,5,3,5
2016370138813,1,19,0,5,0,0,0,0,0,0,1,1,6,1,31,6,2143,2,3,2,1,2
2016370138813,2,9,0,3,0,0,0,0,0,0,2,1,6,1,42,7,1461,2,1,9,1,9
2016370138956,1,9,0,18,0,0,0,0,0,0,1,1,6,2,25,5,1242,1,6,7,2,7
2016370138956,2,19,0,4,0,0,0,0,0,0,2,1,6,1,48,8,1686,2,6,3,1,3
2016370139036,1,9,0,18,0,0,0,0,0,0,1,1,6,1,42,7,-1,-1,-1,-1,-1,-1
2016370139315,1,9,0,18,0,1,0,0,0,0,1,1,1,1,19,4,1995,2,1,9,1,9
2016370139315,2,19,0,4,0,1,0,0,0,0,2,1,1,1,34,6,2198,2,-1,9,2,9
2016370139387,1,9,0,10,0,0,0,0,0,0,3,1,6,2,85,11,1896,2,12,7,3,7
2016370139387,2,9,0,18,0,0,0,0,0,0,1,1,6,1,22,5,999,1,4,6,3,6
2016370139388,1,9,0,18,0,0,0,0,0,0,1,1,6,2,20,4,1968,2,9,6,3,6
2016370139388,2,9,0,3,0,0,0,0,0,0,2,1,5,1,37,7,2993,2,7,5,1,5
2016370139410,1,9,0,18,0,4,0,0,0,0,1,1,5,2,38,7,1560,2,5,4,1,4
2016370139410,2,9,0,18,0,8,0,0,0,0,4,1,5,2,46,8,1560,2,-1,3,1,3
2016370139462,1,9,0,9,0,2,0,0,0,0,1,1,1,1,42,7,2000,1,11,10,1,10
2016370139462,2,3,0,3,0,1,0,0,0,0,1,1,5,1,67,10,90,1,41,9,1,9
2016370139477,1,9,0,9,9,5,0,0,1,0,1,1,6,3,-1,-1,-1,-1,-1,-1,-1,-1
2016370139510,1,9,0,3,0,1,0,0,0,0,1,1,5,2,60,9,1794,1,15,7,1,7
2016370139510,2,5,0,18,0,1,0,0,0,0,3,1,5,1,20,4,744,1,-1,10,1,10
2016370139576,1,9,0,5,0,8,0,0,0,0,4,1,6,2,22,5,998,1,6,3,1,3
2016370139576,2,2,0,18,0,8,0,0,0,0,3,1,5,1,30,6,49,1,4,4,1,4
2016370139600,1,19,0,13,0,0,0,0,0,0,1,1,1,1,27,6,2143,2,-1,6,2,6
2016370139600,2,9,0,18,0,0,0,0,0,0,2,1,5,2,77,11,1318,1,-1,8,2,8
2016370139673,1,9,0,18,0,0,0,0,0,0,1,1,5,1,90,11,1781,1,14,3,2,3
2016370139673,2,2,0,9,0,0,0,0,0,0,2,1,6,1,20,4,49,1,-1,5,1,5
2016370139691,1,9,0,18,0,0,1,0,1,9,1,1,6,2,24,5,1149,1,15,5,1,5
2016370139718,1,9,0,5,4,6,0,0,0,0,4,1,2,1,28,6,2143,2,1,1,1,1
2016370139718,2,1,0,18,4,1,5,0,0,0,3,1,2,1,35,6,-1,-1,-1,4,1,4
2016370139719,1,9,0,18,0,0,0,0,0,0,1,1,5,1,23,5,1596,1,9,8,2,8
2016370139724,1,9,0,18,0,1,0,0,0,0,1,1,6,1,22,5,1124,1,17,8,1,8
2016370139724,2,9,0,10,0,1,0,0,0,0,2,1,6,2,36,7,2148,2,12,9,3,9
2016370139780,1,9,0,18,0,0,0,0,0,0,4,1,5,2,64,9,1596,1,10,9,1,9
2016370139780,2,9,0,18,0,0,0,0,0,0,3,1,5,1,53,8,2979,1,13,6,3,6
2016370139782,1,3,0,18,0,0,0,0,0,0,3,1,5,1,57,9,124,1,4,7,1,7
2016370139782,2,9,0,18,0,0,0,0,0,0,0,1,5,1,83,11,1997,2,14,10,1,10
2016370139787,1,9,0,9,0,2,0,0,0,0,1,1,2,2,53,8,1248,1,7,8,1,8
2016370139787,2,1,0,18,0,8,5,0,0,0,4,1,4,1,13,3,-1,-1,-1,-1,-1,-1
2016370139810,1,9,0,18,0,0,0,0,0,0,1,1,1,1,63,9,1997,2,6,6,3,6
2016370139810,2,9,0,4,0,0,0,0,0,0,2,1,2,1,43,7,1598,2,-1,10,1,10
2016370139820,1,9,0,18,0,0,0,0,0,0,1,1,1,1,70,10,2143,2,5,9,1,9
2016370139820,2,1,0,18,0,0,0,0,0,0,-1,1,6,1,45,7,-1,-1,-1,1,1,1
2016370139882,1,1,0,18,0,1,0,0,0,0,3,1,6,1,62,9,-1,-1,-1,7,1,7
2016370139882,2,9,0,5,0,8,0,0,0,0,1,1,6,1,29,6,1598,1,12,5,1,5
2016370140011,1,9,0,18,0,0,0,0,0,0,1,1,2,2,21,5,1598,2,2,-1,-1,-1
2016370140011,2,9,0,3,0,0,0,0,0,0,1,1,2,1,25,5,-1,-1,-1,7,2,7
2016370140011,3,9,0,3,0,0,0,0,0,0,2,1,3,1,37,7,1968,2,12,9,3,9
2016370140019,1,9,0,14,0,0,0,0,0,0,3,1,6,1,55,8,1596,1,11,6,3,6
2016370140019,2,3,0,14,0,0,5,0,0,0,1,1,6,1,30,6,125,1,1,1,1,1
2016370140046,1,9,0,18,0,1,0,0,0,0,1,1,2,1,21,5,1199,1,12,6,3,6
2016370140046,2,5,0,18,0,1,0,0,0,0,2,1,5,1,35,6,1137,1,16,8,3,8
2016370140046,3,19,0,3,0,1,0,0,0,0,4,1,1,1,46,8,2198,2,3,5,2,5
2016370140362,1,9,0,18,0,0,0,0,0,0,1,1,5,2,19,4,1360,1,14,8,3,8
2016370140362,2,9,0,18,0,0,0,0,0,0,1,1,2,1,48,8,2494,1,11,10,1,10
2016370140362,3,9,0,2,0,0,0,0,0,0,2,1,5,1,40,7,1461,2,7,10,2,10
2016370140385,1,9,0,18,0,0,0,0,0,0,4,1,6,1,27,6,1995,1,8,6,3,6
2016370140462,1,2,0,16,0,0,2,0,7,0,2,1,5,1,16,4,49,1,-1,4,2,4
2016370140462,2,9,0,16,0,0,0,0,0,0,1,1,5,1,70,10,1596,1,9,7,3,7
2016370140485,1,21,1,18,0,0,0,0,0,0,4,1,1,1,56,9,10837,2,4,5,3,5
2016370140491,1,9,0,10,0,8,0,0,0,0,1,1,5,1,31,6,1995,2,12,4,1,4
2016370140491,2,5,0,18,0,8,5,0,0,0,3,1,5,1,20,4,600,1,5,7,1,7
2016370140549,1,90,0,16,0,5,0,10,3,0,1,1,1,2,46,8,2987,2,2,7,1,7
2016370140572,1,9,0,5,0,4,0,0,0,0,1,1,6,1,33,6,1995,2,1,5,1,5
2016370140572,2,1,0,9,0,8,5,0,0,0,1,1,6,1,17,4,-1,-1,-1,8,3,8
2016370140640,1,9,0,18,0,8,5,0,1,0,1,1,6,1,17,4,1299,1,10,9,2,9
2016370140677,1,9,0,18,0,0,0,0,0,0,3,1,6,2,22,5,1368,1,3,6,3,6
2016370140677,2,9,0,4,0,0,0,0,0,0,3,1,6,1,40,7,3227,2,15,4,1,4
2016370140713,1,9,0,9,0,8,0,0,0,0,1,1,5,1,38,7,2500,1,15,-1,-1,-1
2016370140713,2,3,0,18,0,1,5,0,0,0,1,1,5,1,17,4,125,1,5,8,2,8
2016370140736,1,3,0,18,0,0,2,0,0,0,1,1,6,1,27,6,125,1,11,5,3,5
2016370140736,2,9,0,3,0,0,0,0,0,0,2,1,6,1,33,6,3500,1,3,7,1,7
2016370140755,1,9,0,9,0,1,0,0,0,0,1,1,6,1,22,5,1390,1,15,8,2,8
2016370140755,2,19,0,18,0,8,0,0,0,0,1,1,6,1,27,6,2198,2,3,8,2,8
2016370140776,1,9,0,7,0,2,0,0,1,11,4,1,6,3,-1,-1,-1,-1,-1,-1,-1,-1
2016370140776,2,9,0,18,0,1,0,0,1,11,3,1,6,1,52,8,1596,1,17,1,1,1
2016370140888,1,9,0,17,0,1,1,0,1,0,1,1,6,3,-1,-1,1560,2,12,-1,-1,-1
2016370140959,1,9,0,9,0,8,0,0,0,0,1,1,6,3,53,8,1896,2,13,2,1,2
2016370140959,2,3,0,18,0,1,5,0,0,0,1,1,1,1,43,7,125,1,-1,1,1,1
2016370141004,1,9,0,4,0,1,1,0,0,0,1,1,3,1,78,11,1596,1,10,2,1,2
2016370141004,2,9,0,3,0,1,0,0,0,0,2,1,1,1,24,5,1395,1,1,7,1,7
2016370141004,3,9,0,3,0,1,0,0,0,0,2,1,5,2,48,8,1242,1,6,7,3,7
2016370141004,4,21,1,3,0,1,0,0,0,0,4,1,1,1,64,9,11967,2,4,-1,-1,-1
2016370141330,1,9,0,18,0,8,0,0,0,0,3,1,6,3,-1,-1,-1,-1,-1,-1,-1,-1
2016370141330,2,97,0,18,0,1,0,0,0,0,1,1,1,1,16,4,49,1,14,7,1,7
2016370141332,1,9,0,18,0,0,0,0,0,0,1,1,6,1,85,11,1596,1,6,3,1,3
2016370141344,1,9,0,18,0,0,0,0,0,0,1,1,5,1,28,6,1968,2,6,10,1,10
2016370141344,2,9,0,18,0,0,0,0,7,0,3,1,2,1,59,9,1798,1,10,2,1,2
2016370141344,3,9,0,18,0,0,0,0,7,0,1,1,5,2,39,7,1870,2,6,4,2,4
2016370141380,1,9,0,4,0,0,1,0,0,0,1,1,6,1,30,6,1686,2,14,7,1,7
2016370141380,2,9,0,4,0,0,0,0,0,0,2,1,6,1,42,7,999,1,1,1,1,1
2016370141427,1,9,0,5,0,4,0,0,0,0,1,1,6,1,56,9,3200,2,6,4,1,4
2016370141427,2,1,0,18,0,8,5,0,0,0,3,1,6,1,21,5,-1,-1,-1,1,1,1
2016370141447,1,9,0,17,0,0,1,0,7,4,1,1,5,2,29,6,1360,1,14,6,3,6
2016370141456,1,21,1,18,0,8,0,0,0,0,4,1,1,1,33,6,12740,2,3,-1,-1,-1
2016370141456,2,11,0,9,0,8,0,0,0,0,1,1,1,1,60,9,3900,2,11,2,1,2
2016370141464,1,9,0,18,0,0,0,0,0,0,1,1,5,2,24,5,1229,1,3,9,1,9
2016370141512,1,9,0,18,0,0,0,0,0,0,0,1,6,3,-1,-1,-1,-1,-1,-1,-1,-1
2016370141512,2,9,0,18,0,0,5,0,4,7,1,1,2,1,24,5,1229,1,5,5,1,5
2016370141571,1,11,0,14,0,0,0,0,0,0,0,1,6,3,-1,-1,-1,-1,-1,-1,-1,-1
2016370141571,2,1,0,18,9,0,2,0,1,11,1,1,6,2,41,7,-1,-1,-1,5,2,5
2016370141593,1,9,0,13,0,0,1,0,7,11,3,1,2,1,41,7,1799,1,10,2,1,2
2016370141593,2,9,0,9,0,0,0,0,0,0,1,1,5,2,36,7,1587,1,9,6,1,6
2016370141621,1,9,0,18,0,0,0,0,0,0,1,1,6,1,27,6,-1,-1,-1,9,2,9
2016370141684,1,9,0,18,0,1,0,0,0,0,1,1,5,1,-1,-1,-1,-1,-1,6,2,6
2016370141887,1,9,0,18,0,0,1,0,0,0,1,1,1,2,19,4,1120,2,-1,8,3,8
2016370141887,2,9,0,4,0,0,0,0,0,0,2,1,5,2,55,8,1796,1,7,10,1,10
2016370141887,3,9,0,4,0,0,0,0,0,0,2,1,2,1,43,7,1461,2,9,5,3,5
2016370141891,1,19,0,18,0,1,0,0,0,0,1,1,5,1,22,5,1560,2,1,8,2,8
2016370141891,2,9,0,18,0,1,0,0,0,0,2,1,6,1,47,8,1997,2,6,7,3,7
2016370141964,1,9,0,18,0,0,1,0,0,0,1,1,1,1,27,6,998,1,17,2,1,2
2016370141964,2,9,0,10,0,0,0,0,0,0,2,1,5,2,24,5,1360,1,10,1,1,1
2016370142026,1,22,0,18,9,8,5,0,0,0,4,1,6,1,88,11,-1,-1,-1,6,1,6
2016370142032,1,9,0,18,0,8,1,0,1,0,1,1,6,1,26,6,1796,1,14,5,3,5
2016370142112,1,9,0,18,0,1,0,0,0,0,1,1,1,1,30,6,1390,1,13,4,1,4
2016370142112,2,9,0,4,0,1,0,0,0,0,2,1,5,2,22,5,1984,1,8,4,1,4
2016370142145,1,9,0,18,0,0,5,0,0,0,0,1,2,1,22,5,1364,1,8,5,3,5
2016370142149,1,9,0,5,4,0,0,0,0,0,-1,1,6,2,-1,-1,-1,-1,-1,-1,-1,-1
2016370142149,2,1,0,18,4,0,5,0,0,0,4,1,4,1,16,4,-1,-1,-1,1,1,1
2016370142174,1,21,0,18,0,0,0,0,0,0,1,1,6,1,26,6,12777,2,4,4,1,4
2016370142174,2,9,0,18,0,0,0,0,0,0,2,1,6,2,35,6,1497,1,11,2,1,2
2016370142181,1,9,0,9,0,8,0,0,0,0,1,1,5,2,80,11,1596,1,7,7,2,7
2016370142181,2,9,0,4,0,1,0,0,0,0,1,1,4,2,46,8,1598,1,8,7,2,7
2016370142263,1,9,0,9,0,1,0,0,0,0,1,1,6,1,28,6,1668,1,16,5,3,5
2016370142263,2,3,0,18,0,1,0,0,0,0,0,1,6,1,30,6,124,1,11,3,1,3
2016370142269,1,9,0,4,0,0,0,0,0,0,1,1,5,1,53,8,1956,2,5,9,1,9
2016370142269,2,9,0,4,0,0,0,0,0,0,2,1,5,2,67,10,1596,1,10,10,1,10
2016370142288,1,9,0,18,0,0,0,0,0,0,0,1,6,3,-1,-1,-1,-1,-1,-1,-1,-1
2016370142288,2,9,0,18,0,0,0,0,1,0,1,1,6,1,18,4,1900,2,11,9,2,9
2016370142312,1,9,0,15,0,0,1,0,0,0,3,1,6,1,51,8,-1,-1,-1,9,1,9
2016370142312,2,9,0,15,0,0,0,0,0,0,0,1,6,2,31,6,1560,2,5,6,1,6
2016370142312,3,9,0,18,0,0,0,0,0,0,2,1,6,2,70,10,1200,1,-1,3,1,3
2016370142323,1,9,0,18,0,0,0,0,0,0,1,1,2,2,22,5,1398,2,10,5,3,5
2016370142323,2,9,0,3,0,0,0,0,0,0,2,1,2,1,29,6,1896,2,14,6,1,6
2016370142323,3,9,0,3,0,0,0,0,0,0,2,1,2,1,58,9,2143,2,1,9,1,9
2016370142341,1,9,0,9,0,8,0,0,0,0,1,1,6,1,54,8,1560,2,5,4,1,4
2016370142341,2,9,0,10,0,8,0,0,0,0,3,1,6,2,43,7,1364,1,-1,8,3,8
2016370142363,1,9,0,18,0,8,0,0,0,0,3,1,5,1,78,11,1086,1,10,8,2,8
2016370142363,2,9,0,18,0,8,0,0,0,0,1,1,6,1,70,10,1499,2,2,8,2,8
2016370142395,1,9,0,7,0,8,0,0,0,0,3,1,6,3,-1,-1,-1,-1,-1,-1,-1,-1
2016370142395,2,3,0,18,0,8,1,0,1,0,1,1,6,1,35,6,125,1,1,2,1,2
2016370142404,1,5,0,17,0,0,2,0,0,0,4,1,5,1,46,8,1043,1,-1,7,3,7
2016370142408,1,9,0,15,0,8,0,0,0,0,1,1,6,1,18,4,1242,1,9,6,3,6
2016370142408,2,9,0,3,0,1,0,0,0,0,2,1,6,1,25,5,1896,2,13,3,1,3
2016370142422,1,9,0,18,0,8,0,0,0,0,-1,1,6,3,-1,-1,-1,-1,-1,-1,-1,-1
2016370142422,2,9,0,9,0,8,0,0,0,0,4,1,6,1,30,6,1896,2,12,2,1,2
2016370142469,1,9,0,18,0,0,0,4,0,0,1,1,5,1,75,10,1995,2,7,2,1,2
2016370142469,2,9,0,2,0,0,0,0,0,0,4,1,6,1,45,7,-1,-1,-1,1,1,1
2016370142483,1,21,1,4,0,8,0,0,0,0,1,1,1,1,66,10,11946,2,6,7,3,7
2016370142483,2,9,0,4,0,8,0,0,0,0,2,1,6,1,71,10,1390,1,5,6,3,6