Accident_Index,Vehicle_Reference,Vehicle_Type,Towing_and_Articulation,Vehicle_Manoeuvre,Vehicle_Location-Restricted_Lane,Junction_Location,Skidding_and_Overturning,Hit_Object_in_Carriageway,Vehicle_Leaving_Carriageway,Hit_Object_off_Carriageway,1st_Point_of_Impact,Was_Vehicle_Left_Hand_Drive?,Journey_Purpose_of_Driver,Sex_of_Driver,Age_of_Driver,Age_Band_of_Driver,Engine_Capacity_(CC),Propulsion_Code,Age_of_Vehicle,Driver_IMD_Decile,Driver_Home_Area_Type,Vehicle_IMD_Decile
2016370142686,1,9,0,18,0,0,5,0,0,0,1,1,6,1,41,7,1761,1,17,7,3,7
2016370142727,1,9,0,18,0,0,0,0,0,0,1,1,5,1,19,4,1599,1,8,10,1,10
2016370142727,2,9,0,4,0,0,0,0,0,0,2,1,5,2,36,7,1598,1,11,10,2,10
2016370142727,3,9,0,4,0,0,0,0,0,0,2,1,5,2,17,4,1248,2,9,6,1,6
2016370142741,1,9,0,18,0,0,0,0,0,0,1,1,5,2,46,8,2982,2,17,5,3,5
2016370142741,2,16,5,18,0,0,0,0,0,0,1,1,6,1,56,9,-1,-1,-1,4,3,4
2016370142742,1,9,0,5,0,1,0,0,0,0,-1,1,2,1,61,9,1299,1,15,10,2,10
2016370142886,1,9,0,18,0,2,0,0,0,0,4,1,5,2,22,5,1560,2,6,4,2,4
2016370142909,1,98,0,18,0,0,0,0,1,0,4,1,6,1,24,5,-1,-1,-1,7,1,7
2016370142912,1,19,0,18,0,1,1,0,0,0,1,1,1,1,35,6,1995,2,2,5,2,5
2016370142912,2,9,0,18,0,1,1,0,0,0,2,1,6,2,35,6,1560,2,5,10,3,10
2016370142912,3,9,0,4,0,1,1,0,0,0,2,1,6,2,58,9,1685,2,1,8,3,8
2016370142912,4,9,0,9,0,2,0,0,0,0,0,1,6,3,-1,-1,-1,-1,-1,-1,-1,-1
2016370142924,1,9,0,18,0,0,0,0,0,0,1,1,5,1,78,11,998,1,12,7,2,7
2016370142924,2,9,0,2,0,0,0,0,1,10,2,1,5,2,44,7,2495,2,14,6,3,6
2016370142946,1,9,0,5,0,0,0,0,0,0,1,1,6,1,-1,-1,1910,2,8,-1,-1,-1
2016370142946,2,9,0,5,0,0,0,0,0,0,2,1,6,1,42,7,1998,2,9,8,1,8
2016370142958,1,9,0,16,0,0,0,0,0,0,0,1,6,3,-1,-1,-1,-1,-1,-1,-1,-1
2016370142958,2,9,0,17,0,0,1,0,7,4,3,1,2,1,42,7,2199,2,6,-1,-1,-1
2016370142968,1,9,0,18,0,0,2,10,1,4,4,1,6,2,63,9,1364,2,10,4,1,4
2016370142984,1,9,0,9,0,8,0,0,0,0,3,1,6,2,58,9,1229,1,11,9,2,9
2016370142984,2,2,0,18,0,1,2,0,0,0,1,1,5,1,17,4,50,1,13,2,1,2
2016370143178,1,19,0,18,0,0,0,0,0,0,1,1,1,1,37,7,2143,2,3,3,1,3
2016370143178,2,9,0,3,0,0,0,0,0,0,2,1,2,1,31,6,-1,-1,-1,5,3,5
2016370143178,3,9,0,3,0,0,0,0,0,0,2,1,5,1,18,4,1598,1,15,5,3,5
2016370143178,4,9,0,3,0,0,0,0,0,0,2,1,2,2,47,8,1999,2,-1,8,2,8
2016370143243,1,9,0,18,0,0,1,0,1,0,1,1,6,1,43,7,1783,1,15,6,3,6
2016370143253,1,9,0,9,0,8,0,0,0,0,3,1,6,1,36,7,1587,1,14,6,1,6
2016370143253,2,9,0,18,0,1,0,0,0,0,1,1,6,1,46,8,1896,2,14,7,1,7
2016370143282,1,1,0,11,0,0,5,0,0,0,4,1,6,2,14,3,-1,-1,-1,7,1,7
2016370143282,2,9,0,18,0,0,0,0,0,0,1,1,3,2,34,6,1242,1,2,9,1,9
2016370143311,1,9,0,4,0,1,0,0,0,0,1,1,2,1,25,5,1242,1,13,2,1,2
2016370143311,2,3,0,4,0,1,5,0,0,0,2,1,5,1,26,6,125,1,13,7,1,7
2016370143329,1,9,0,18,0,4,0,0,0,0,1,1,1,1,46,8,1956,2,4,7,3,7
2016370143329,2,9,0,18,0,4,0,0,0,0,1,1,6,1,74,10,2987,2,2,10,2,10
2016370143329,3,9,0,18,0,4,0,0,0,0,2,1,6,1,56,9,1598,1,9,3,1,3
2016370143340,1,9,0,18,0,0,0,0,0,0,1,1,6,1,28,6,1199,1,15,5,3,5
2016370143340,2,9,0,2,0,0,0,0,0,0,2,1,5,2,71,10,1560,2,8,7,1,7
2016370143358,1,8,0,9,0,2,0,0,0,0,1,1,1,1,59,9,1896,2,8,5,1,5
2016370143361,1,9,0,7,0,0,5,0,7,0,1,1,6,1,48,8,4398,1,12,6,3,6
2016370143372,1,9,0,18,0,1,0,0,0,0,1,1,5,1,33,6,1798,1,15,3,1,3
2016370143372,2,9,0,4,0,1,0,0,0,0,2,1,6,2,59,9,1242,1,4,8,1,8
2016370143372,3,9,0,3,0,1,0,0,0,0,2,1,5,1,29,6,1685,2,5,5,2,5
2016370143387,1,9,0,4,0,0,0,0,0,0,1,1,5,1,35,6,1896,2,15,5,3,5
2016370143387,2,9,0,4,0,0,0,0,0,0,2,1,5,2,38,7,2143,2,1,8,3,8
2016370143435,1,9,0,7,0,0,0,0,0,0,1,1,6,2,44,7,1242,1,1,2,1,2
2016370143455,1,9,0,9,0,8,0,0,0,0,4,1,6,1,34,6,1388,1,6,-1,-1,-1
2016370143455,2,9,0,18,0,8,0,0,0,0,1,1,5,2,31,6,1498,1,1,6,3,6
2016370143468,1,9,0,7,0,8,0,0,0,0,1,1,6,1,57,9,1560,2,2,4,2,4
2016370143480,1,9,0,7,0,8,1,0,0,0,3,1,5,1,22,5,1560,2,5,6,1,6
2016370143485,1,21,1,18,0,0,0,0,0,0,1,1,1,1,25,5,10518,2,4,7,1,7
2016370143485,2,9,0,4,0,0,0,0,0,0,2,1,6,1,29,6,1560,2,10,3,1,3
2016370143485,3,9,0,4,0,0,0,0,0,0,2,1,6,2,67,10,1769,1,14,2,1,2
2016370143485,4,9,0,4,0,0,0,0,0,0,2,1,5,1,52,8,1796,1,14,8,1,8
2016370143485,5,9,0,3,0,0,0,0,0,0,2,1,1,1,37,7,2987,2,-1,3,2,3
2016370143576,1,9,0,18,0,0,0,0,0,0,1,1,6,2,86,11,1390,1,14,8,1,8
2016370143576,2,9,0,2,0,0,0,0,0,0,2,1,6,1,75,10,1086,1,6,7,1,7
2016370143788,1,9,0,18,2,8,0,0,0,0,1,1,6,1,17,4,-1,-1,-1,4,1,4
2016370143788,2,9,0,9,0,8,0,0,0,0,1,1,6,1,60,9,1461,2,-1,3,1,3
2016370144052,1,9,0,16,0,0,1,0,1,9,1,1,5,1,91,11,1896,2,19,9,1,9
2016370144078,1,9,0,1,0,0,0,0,0,0,2,1,5,2,28,6,1242,1,9,2,1,2
2016370144078,2,22,0,2,0,0,5,0,0,0,1,1,5,2,49,8,-1,-1,-1,1,1,1
2016370144128,1,9,0,5,0,8,0,0,0,0,1,1,6,1,18,4,1124,1,16,7,1,7
2016370144128,2,3,0,18,0,8,5,0,0,0,3,1,6,2,53,8,124,1,5,2,1,2
2016370144168,1,9,0,18,0,0,0,0,0,0,1,1,6,2,32,6,1968,2,-1,6,3,6
2016370144168,2,9,0,4,0,0,0,0,0,0,2,1,6,1,74,10,1596,1,1,8,3,8
2016370144168,3,19,0,4,0,0,0,0,0,0,2,1,6,1,54,8,2299,2,3,6,1,6
2016370144168,4,9,0,4,0,0,0,0,0,0,2,1,6,1,30,6,1997,2,12,3,1,3
2016370144168,5,9,0,4,0,0,0,0,0,0,2,1,6,1,59,9,1560,2,6,6,2,6
2016370144168,6,9,0,4,0,0,0,0,5,0,2,1,6,1,53,8,2199,2,4,10,2,10
2016370144168,7,9,0,4,0,0,0,0,0,0,1,1,6,2,27,6,1997,2,5,6,3,6
2016370144311,1,9,0,9,0,0,0,0,0,0,1,1,5,2,50,8,1242,1,2,5,1,5
2016370144311,2,5,0,18,0,0,5,0,0,0,1,1,5,1,48,8,645,1,9,6,1,6
2016370144453,1,9,0,9,0,0,0,0,0,0,3,1,6,1,86,11,1229,1,2,4,1,4
2016370144453,2,9,0,18,0,0,0,0,0,0,1,1,6,2,38,7,1798,1,10,8,3,8
2016370144484,1,19,0,18,0,0,0,0,0,0,1,1,5,1,72,10,2148,2,12,6,1,6
2016370144484,2,9,0,3,0,0,0,0,0,0,2,1,5,2,51,8,1598,1,1,8,1,8
2016370144493,1,9,0,18,0,2,1,0,0,0,1,1,5,1,25,5,2435,1,15,7,1,7
2016370144493,2,9,0,2,0,2,0,0,0,0,3,1,6,3,-1,-1,-1,-1,-1,-1,-1,-1
2016370144493,3,9,0,2,0,2,0,0,0,0,1,1,6,3,-1,-1,-1,-1,-1,-1,-1,-1
2016370144532,1,9,0,18,0,0,1,0,0,0,1,1,6,1,39,7,1596,1,15,5,3,5
2016370144572,1,9,0,9,0,0,0,0,0,0,4,1,6,1,40,7,1994,2,12,2,1,2
2016370144572,2,9,0,18,0,0,0,0,0,0,1,1,6,1,18,4,1596,1,11,3,1,3
2016370144633,1,9,0,16,0,0,1,0,2,1,1,1,2,1,31,6,1596,1,5,-1,-1,-1
2016370144691,1,9,0,18,0,4,0,0,0,0,-1,1,6,2,22,5,1299,1,10,2,1,2
2016370144691,2,1,0,18,0,4,0,0,0,0,1,1,5,1,45,7,-1,-1,-1,6,3,6
2016370144718,1,9,0,3,0,0,0,0,0,0,1,1,6,2,20,4,999,1,-1,5,1,5
2016370144718,2,9,0,4,0,0,0,0,0,0,2,1,6,2,36,7,1997,2,8,8,1,8
2016370144723,1,19,0,18,0,0,1,0,0,0,1,1,6,1,63,9,1560,2,6,5,1,5
2016370144723,2,9,0,3,0,0,0,0,0,0,2,1,5,1,44,7,1798,1,12,7,1,7
2016370144756,1,9,0,18,0,0,0,0,0,0,1,1,6,1,39,7,1242,1,6,3,1,3
2016370144756,2,9,0,18,0,0,0,0,0,0,2,1,6,2,37,7,2000,1,7,2,1,2
2016370144774,1,9,0,1,0,0,0,0,0,0,2,1,5,1,68,10,1997,2,8,1,1,1
2016370144781,1,9,0,18,0,0,0,0,7,3,1,1,6,1,84,11,-1,-1,-1,4,2,4
2016370144807,1,9,0,18,0,0,0,0,0,0,1,1,6,1,67,10,1840,1,17,6,2,6
2016370144807,2,9,0,4,0,0,0,0,0,0,2,1,6,2,34,6,1798,1,8,2,1,2
2016370144819,1,21,1,18,0,8,0,0,0,0,4,1,1,1,31,6,9290,2,1,4,1,4
2016370144819,2,9,0,18,0,8,0,0,0,0,1,1,5,2,33,6,1596,1,2,10,1,10
2016370144920,1,9,0,10,0,1,0,0,3,0,1,1,6,1,86,11,1560,2,7,9,1,9
2016370144920,2,9,0,18,0,1,0,0,0,0,1,1,6,2,59,9,1995,2,-1,5,3,5
2016370144925,1,9,0,9,0,8,0,0,0,0,1,1,6,2,18,4,1300,2,7,10,1,10
2016370144925,2,9,0,9,0,8,0,0,0,0,3,1,6,2,53,8,1598,1,8,9,3,9
2016370145045,1,9,0,10,4,6,0,0,0,0,3,1,6,1,23,5,1199,1,13,6,1,6
2016370145045,2,1,0,18,4,1,5,0,0,0,1,1,2,1,60,9,-1,-1,-1,7,1,7
2016370145096,1,19,0,4,0,0,1,0,0,0,3,1,5,1,62,9,1560,2,9,5,3,5
2016370145096,2,9,0,4,0,0,1,0,0,0,3,1,1,2,50,8,2179,2,4,6,3,6
2016370145128,1,9,0,18,0,0,0,0,0,0,0,1,6,3,-1,-1,-1,-1,-1,-1,-1,-1
2016370145128,2,98,0,13,0,0,0,0,0,0,3,1,1,1,22,5,-1,-1,-1,6,1,6
2016370145128,3,9,0,18,0,0,0,0,0,0,3,1,2,2,51,8,1461,2,2,5,3,5
2016370145162,1,9,0,5,0,0,0,0,0,0,0,1,5,1,25,5,1995,2,13,4,2,4
2016370145211,1,9,0,9,0,8,0,0,0,0,4,1,6,2,18,4,998,1,3,10,1,10
2016370145211,2,1,0,18,0,8,5,0,0,0,1,1,6,1,52,8,-1,-1,-1,3,1,3
2016370145219,1,9,0,18,0,0,0,0,0,0,3,1,6,3,-1,-1,-1,-1,-1,-1,-1,-1
2016370145219,2,9,0,18,0,0,0,0,0,0,3,1,5,1,76,11,1995,2,13,4,2,4
2016370145225,1,9,0,9,0,4,0,0,0,0,4,1,1,1,30,6,1560,2,5,5,1,5
2016370145225,2,9,0,18,0,8,0,0,0,0,1,1,6,2,56,9,1388,1,10,3,1,3
2016370145519,1,9,5,18,0,0,0,0,0,0,1,1,5,2,43,7,1999,1,12,5,3,5
2016370145548,1,9,0,9,0,8,0,0,0,0,3,1,5,1,76,11,1332,1,10,3,1,3
2016370145548,2,5,0,18,0,4,5,0,0,0,1,1,5,1,61,9,998,1,-1,1,1,1
2016370145620,1,9,0,18,0,0,0,0,0,0,1,1,6,1,24,5,1896,2,13,8,2,8
2016370145695,1,9,0,5,0,0,0,0,0,0,1,1,2,1,57,9,1596,1,11,7,3,7
2016370145730,1,9,0,9,0,8,0,0,0,0,1,1,5,1,64,9,2143,2,3,4,1,4
2016370145730,2,9,0,18,0,8,0,0,0,0,1,1,5,1,77,11,1798,1,7,10,2,10
2016370145747,1,9,0,18,0,0,2,10,7,9,3,1,5,1,20,4,1299,1,12,10,3,10
2016370145763,1,9,0,18,0,0,1,0,0,0,1,1,1,1,22,5,1124,1,13,6,3,6
2016370145763,2,9,4,18,0,0,0,0,0,0,1,1,1,1,73,10,-1,-1,-1,5,3,5
2016370146068,1,21,4,18,0,0,0,0,0,0,1,1,1,1,41,7,10518,2,5,5,3,5
2016370146068,2,98,4,4,0,0,0,0,0,0,2,1,1,1,30,6,-1,-1,-1,-1,-1,-1
2016370146115,1,9,0,18,0,4,0,0,0,0,3,1,2,1,66,10,1999,1,10,3,1,3
2016370146115,2,3,0,18,0,8,0,0,0,0,2,1,6,1,44,7,85,1,17,3,1,3
2016370146181,1,9,0,18,0,8,0,0,0,0,1,1,6,2,65,9,1200,1,-1,6,1,6
2016370146284,1,9,0,1,0,0,0,0,0,0,2,1,6,2,30,6,1396,2,6,10,1,10
2016370146429,1,9,0,18,0,0,0,0,0,0,1,1,5,1,32,6,1995,1,13,6,1,6
2016370146477,1,9,0,4,0,0,0,0,0,0,1,1,6,1,48,8,1560,2,3,5,1,5
2016370146523,1,9,0,18,0,0,0,0,0,0,1,1,5,1,18,4,1124,1,17,2,1,2
2016370146599,1,9,0,18,0,0,0,0,0,0,1,1,5,2,31,6,1199,1,13,5,1,5
2016370146599,2,9,0,18,0,0,0,0,0,0,1,1,5,1,-1,-1,1598,2,2,6,3,6
2016370146632,1,9,0,-1,-1,0,0,-1,-1,0,-1,1,6,2,29,6,1242,1,9,6,1,6
2016370146758,1,9,0,18,0,0,0,4,0,0,1,1,2,2,17,4,1242,1,9,10,1,10
2016370146758,2,9,0,2,0,0,0,0,0,0,2,1,6,3,-1,-1,-1,-1,-1,-1,-1,-1
2016370146793,1,9,0,18,0,0,0,4,0,0,1,1,6,1,19,4,1149,1,8,5,1,5
2016370146793,2,9,0,2,0,0,0,0,0,0,2,1,6,3,-1,-1,-1,-1,-1,-1,-1,-1
2016370147100,1,9,0,9,0,8,0,0,0,0,4,1,6,1,46,8,1686,2,13,4,1,4
2016370147100,2,3,0,18,0,1,5,0,0,0,1,1,6,1,18,4,-1,-1,-1,6,1,6
2016370147121,1,9,0,9,0,0,0,0,0,0,1,1,2,2,19,4,1895,1,15,6,1,6
2016370147121,2,9,0,18,0,0,0,0,0,0,1,1,5,1,30,6,1600,1,17,6,2,6
2016370150744,1,9,0,9,0,8,0,0,0,0,3,1,5,2,29,6,1388,1,13,3,1,3
2016370150744,2,5,0,18,0,1,5,0,0,0,4,1,5,1,31,6,-1,-1,-1,3,1,3
2016370151990,1,9,0,18,0,1,0,0,0,0,0,1,6,3,-1,-1,-1,-1,-1,-1,-1,-1
2016370152392,1,9,0,17,0,0,2,0,7,4,4,1,5,1,18,4,1360,1,12,7,3,7
2016370152392,2,11,0,16,0,0,0,0,0,0,0,1,1,1,66,10,4250,2,12,-1,-1,-1
2016370152730,1,9,0,18,0,0,0,0,0,0,4,1,2,2,50,8,1248,2,8,10,2,10
2016370152730,2,1,0,18,0,0,0,0,0,0,3,1,5,1,44,7,-1,-1,-1,5,3,5
2016370152836,1,9,0,18,0,1,0,0,1,0,1,1,6,2,30,6,1560,2,5,10,2,10
2016370154950,1,9,0,17,0,0,0,0,7,10,1,1,2,1,32,6,1910,2,9,5,2,5
2016370155918,1,9,0,1,0,0,0,0,0,0,0,1,5,2,30,6,1396,2,6,10,1,10
2016370169505,1,9,0,18,0,4,0,0,0,0,1,1,6,2,54,8,1798,1,8,8,1,8
2016370169505,2,1,0,18,0,8,5,0,0,0,4,1,6,1,32,6,-1,-1,-1,9,1,9
201637EA96686,1,9,0,18,0,0,2,0,1,0,1,1,6,2,19,4,1299,1,10,-1,-1,-1
201637EA96688,1,9,0,5,0,4,0,0,0,0,3,1,2,2,45,7,1995,2,6,4,1,4
201637EA96688,2,9,0,18,0,8,0,9,7,0,4,1,2,2,20,4,998,1,1,8,1,8
201637EA96708,1,9,0,9,0,6,0,0,0,0,1,1,1,1,45,7,-1,-1,-1,9,1,9
201637EA96708,2,1,0,18,0,8,0,0,0,0,4,1,6,1,40,7,-1,-1,-1,-1,-1,-1
201637EA96711,1,9,0,17,0,0,1,0,0,0,1,1,2,1,45,7,1388,1,19,-1,-1,-1
201637EA96711,2,9,0,18,0,0,0,0,0,0,1,1,6,1,57,9,998,1,9,6,3,6
201637EA96715,1,9,0,17,0,0,0,0,1,1,1,1,6,1,22,5,1299,1,14,5,1,5
201637EA96716,1,9,0,18,0,0,0,0,7,9,1,1,6,1,18,4,1242,1,13,10,3,10
201637EA96724,1,9,0,4,0,0,0,0,0,0,1,1,6,1,38,7,1560,2,9,2,1,2
201637EA96724,2,9,0,3,0,0,0,0,0,0,2,1,6,1,77,11,-1,-1,-1,4,3,4
201637EA96738,1,9,0,4,0,4,0,0,0,0,3,1,1,1,68,10,-1,-1,-1,4,1,4
201637EA96738,2,1,0,18,0,8,0,0,0,0,1,1,6,1,30,6,-1,-1,-1,-1,-1,-1
201637EA96741,1,9,0,9,0,5,0,0,0,0,4,1,6,1,31,6,1968,2,6,8,3,8
201637EA96741,2,2,0,18,0,8,0,0,0,0,1,1,6,1,47,8,49,1,4,-1,-1,-1
201637EA96749,1,9,0,9,0,6,0,0,0,0,3,1,6,1,19,4,1796,1,14,5,1,5
201637EA96749,2,19,0,18,0,8,0,0,0,0,1,1,6,1,31,6,-1,-1,-1,8,2,8
201637EA96751,1,9,0,17,0,0,0,0,7,0,1,1,6,2,40,7,-1,-1,-1,5,3,5
201637EA96785,1,3,0,14,0,8,0,0,0,0,4,1,6,1,23,5,124,1,4,7,3,7
201637EA96785,2,9,0,9,0,6,0,0,0,0,3,1,6,1,54,8,-1,-1,-1,7,3,7
201637EA96786,1,9,0,17,0,2,0,0,0,0,1,1,1,1,21,5,-1,-1,-1,4,1,4
201637EA96786,2,9,0,17,0,2,2,0,1,0,4,1,6,1,21,5,1598,2,4,5,3,5
201637EA96792,1,21,0,9,0,6,0,0,0,0,3,1,1,1,31,6,3920,2,10,3,1,3
201637EA96792,2,3,0,13,0,8,0,0,0,0,1,1,6,1,17,4,125,1,11,5,1,5
201637EA96800,1,5,0,13,0,8,0,10,0,0,3,1,6,1,27,6,599,1,14,6,1,6
201637EA96802,1,19,0,9,0,5,0,0,0,0,1,1,1,1,50,8,-1,-1,-1,4,1,4
201637EA96802,2,4,0,10,0,1,0,0,0,0,1,1,6,1,46,8,249,1,1,4,1,4
201637EA96806,1,9,0,18,0,0,0,0,0,0,1,1,6,1,69,10,1799,1,8,9,1,9
201637EA96835,1,9,0,18,0,0,0,0,0,0,3,1,6,1,88,11,1240,1,11,8,3,8
201637EA96835,2,9,0,18,0,0,0,0,0,0,3,1,6,2,65,9,1598,1,3,6,1,6
201637EA96841,1,9,0,5,0,6,0,0,0,0,3,1,6,2,81,11,1388,1,4,-1,-1,-1
201637EA96841,2,1,0,18,4,8,0,0,0,0,1,1,6,1,24,5,-1,-1,-1,2,1,2
201637EA96848,1,2,0,18,0,0,0,0,0,0,3,1,6,1,17,4,49,1,2,7,3,7
201637EA96854,1,9,0,18,0,0,0,0,0,0,1,1,6,1,73,10,1560,2,8,7,2,7
201637EA96854,2,9,0,3,0,0,0,0,0,0,2,1,6,1,54,8,2987,2,4,6,3,6
201637EA96858,1,19,0,9,0,5,0,0,0,0,4,1,1,1,61,9,1560,2,2,9,1,9
201637EA96858,2,9,0,18,0,8,0,0,0,0,1,1,6,1,27,6,1998,1,16,5,1,5
201637EA96859,1,9,0,4,0,1,0,0,0,0,1,1,6,1,39,7,-1,-1,-1,-1,-1,-1
201637EA96859,2,9,0,4,0,1,0,0,0,0,2,1,6,2,44,7,1360,1,12,-1,-1,-1
201637EA96860,1,98,0,12,0,0,0,0,0,0,0,1,1,3,-1,-1,-1,-1,-1,-1,-1,-1
201637EA96860,2,9,0,18,0,0,0,0,0,0,1,1,6,3,-1,-1,-1,-1,-1,-1,-1,-1
201637EA96860,3,9,0,4,0,0,0,0,0,0,2,1,6,2,18,4,1398,1,2,10,1,10
201637EA96864,1,21,0,18,0,1,0,0,0,0,1,1,1,1,42,7,4580,2,5,-1,-1,-1
201637EA96864,2,9,0,4,0,1,0,0,0,0,2,1,2,1,23,5,-1,-1,-1,10,2,10
201637EA96864,3,9,0,9,0,5,0,0,0,0,0,1,6,2,45,7,1242,1,15,5,2,5
201637EA96897,1,9,0,6,0,0,0,0,0,0,3,1,6,1,49,8,1753,2,15,1,1,1
201637EA96897,2,9,0,18,0,0,0,0,0,0,1,1,6,1,38,7,1998,2,12,4,1,4
201637EA96920,1,9,0,18,0,1,0,0,0,0,1,1,2,1,51,8,2400,2,4,5,3,5
201637EA96920,2,9,0,4,0,1,0,0,0,0,2,1,6,1,41,7,1086,1,12,7,3,7
201637EA96920,3,9,0,10,0,8,0,0,0,0,2,1,6,1,17,4,1328,1,15,6,3,6
201637EA96921,1,9,0,4,0,1,0,0,0,0,1,1,6,2,68,10,1242,1,4,3,1,3
201637EA96921,2,9,0,3,0,1,0,0,0,0,2,1,2,1,60,9,-1,-1,-1,8,2,8
201637EA96922,1,9,0,5,0,8,0,0,0,0,3,1,6,1,59,9,1984,1,13,-1,-1,-1
201637EA96922,2,1,0,18,0,8,0,0,0,0,1,1,6,1,13,3,-1,-1,-1,-1,-1,-1
201637EA96931,1,9,0,12,0,0,0,0,0,0,3,1,6,1,25,5,1910,2,8,-1,-1,-1
201637EA96938,1,9,0,18,0,0,0,0,0,0,1,1,6,3,-1,-1,-1,-1,-1,-1,-1,-1
201637EA96938,2,19,0,4,0,0,0,0,0,0,2,1,1,1,29,6,2198,2,9,7,1,7
201637EA96938,3,9,0,2,0,0,0,0,0,0,0,1,6,2,36,7,1242,1,13,-1,-1,-1
201637EA96938,4,9,0,18,0,0,0,0,0,0,1,1,6,1,20,4,1360,1,14,7,3,7
201637EA96939,1,19,0,17,0,0,0,0,0,0,3,1,1,1,60,9,2402,2,6,5,1,5
201637EA96939,2,9,0,16,0,0,0,0,0,0,3,1,6,2,58,9,1969,2,-1,5,3,5
201637EA96967,1,9,0,18,0,0,0,0,0,0,4,1,1,2,62,9,1596,1,10,2,1,2
201637EA96983,1,9,0,5,0,4,0,0,0,0,1,1,6,1,73,10,1598,1,17,9,1,9
201637EA96983,2,1,0,18,0,8,0,0,0,0,4,1,6,2,53,8,-1,-1,-1,9,2,9
201637EA97002,1,9,0,9,0,6,0,0,0,0,3,1,6,2,32,6,1995,2,14,4,2,4
201637EA97002,2,21,0,18,0,8,0,0,0,0,1,1,1,1,59,9,2198,2,4,2,2,2
201637EA97005,1,9,0,18,0,0,0,0,0,0,3,1,6,1,64,9,1597,1,20,1,1,1
201637EA97008,1,9,0,5,0,2,0,0,0,0,4,1,6,3,-1,-1,-1,-1,-1,-1,-1,-1
201637EA97013,1,1,0,18,0,0,0,12,0,0,1,1,6,1,49,8,-1,-1,-1,-1,-1,-1
201637EA97013,2,1,0,18,0,0,0,12,0,0,1,1,6,1,48,8,-1,-1,-1,8,2,8
201637EA97021,1,9,0,18,0,0,0,0,0,0,1,1,6,1,20,4,1598,1,9,5,3,5
201637EA97021,2,9,0,4,0,0,0,0,0,0,2,1,6,1,32,6,2204,2,11,3,1,3
201637EA97021,3,21,1,18,0,0,0,0,0,0,0,1,1,1,46,8,12777,2,3,7,3,7
201637EA97032,1,9,0,9,0,6,0,0,0,0,3,1,6,1,26,6,1998,1,16,-1,-1,-1
201637EA97032,2,9,0,18,0,8,0,0,0,0,1,1,6,2,73,10,1395,1,1,7,3,7
201637EA97039,1,9,0,18,0,0,0,0,0,0,1,1,6,2,41,7,1995,2,3,4,1,4
201637EA97039,2,9,0,4,0,0,0,0,0,0,2,1,6,1,29,6,1368,1,1,9,1,9
201637EA97041,1,9,0,11,0,8,0,0,0,0,4,1,6,2,-1,-1,1396,1,4,4,3,4
201637EA97041,2,9,0,18,0,8,0,0,0,0,3,1,6,2,42,7,1461,2,5,9,1,9
201637EA97043,1,21,0,4,0,6,1,0,0,0,1,1,1,1,29,6,-1,-1,-1,6,3,6
201637EA97043,2,9,0,18,0,8,0,0,0,0,4,1,2,2,50,8,-1,-1,-1,5,3,5
201637EA97044,1,2,0,17,0,0,0,0,0,0,1,1,6,2,17,4,49,1,1,6,3,6
201637EA97044,2,19,0,2,0,0,0,0,0,0,2,1,6,1,45,7,2143,2,2,6,3,6
201637EA97046,1,9,0,9,0,5,0,0,0,0,3,1,6,1,31,6,1796,1,11,4,1,4
201637EA97050,1,9,0,18,0,8,0,0,0,0,1,1,1,1,26,6,1968,2,5,-1,-1,-1
201637EA97050,2,9,0,18,0,8,0,0,0,0,1,1,6,1,48,8,1461,2,3,3,1,3
201637EA97058,1,9,0,5,0,4,0,0,0,0,3,1,6,1,19,4,1199,1,16,2,1,2
201637EA97058,2,9,0,18,0,8,0,0,0,0,1,1,6,1,61,9,1997,2,9,9,2,9
201637EA97059,1,9,0,18,0,0,0,0,0,0,4,1,6,2,26,6,1198,1,1,7,1,7
201637EA97060,1,9,0,18,0,2,0,0,0,0,1,1,6,1,24,5,1242,1,6,-1,-1,-1
201637EA97060,2,9,0,3,0,2,0,0,0,0,2,1,2,2,44,7,1998,2,13,3,1,3
201637EA97061,1,19,0,18,0,1,0,0,0,0,1,1,1,1,-1,-1,2198,2,2,-1,-1,-1
201637EA97061,2,9,0,3,0,1,0,0,0,0,2,1,6,1,21,5,998,1,1,5,1,5
201637EA97066,1,3,0,9,0,6,0,0,0,0,3,1,6,2,27,6,108,1,3,3,1,3
201637EA97070,1,9,0,17,0,0,0,0,1,4,1,1,1,1,45,7,1896,2,8,2,1,2
201637EA97071,1,9,0,16,0,0,0,0,0,0,3,1,6,1,65,9,1560,2,2,6,2,6
201637EA97071,2,9,0,17,0,0,0,0,0,0,3,1,6,1,63,9,1896,2,11,7,2,7
201637EA97076,1,9,0,13,0,8,0,0,0,0,4,1,6,1,67,10,1910,2,7,5,3,5
201637EA97076,2,1,0,9,0,5,0,0,0,0,1,1,6,2,20,4,-1,-1,-1,5,3,5
201637EA97077,1,9,0,14,0,8,0,0,0,0,3,1,6,1,18,4,973,1,13,1,1,1
201637EA97077,2,1,0,18,0,8,0,0,0,0,1,1,6,1,59,9,-1,-1,-1,-1,-1,-1
201637EA97083,1,9,0,18,0,0,0,0,1,11,4,1,6,2,20,4,1360,1,13,7,3,7
201637EA97095,1,9,0,16,0,0,0,0,1,0,4,1,2,2,27,6,1198,1,7,8,2,8
201637EA97098,1,9,0,18,0,2,0,0,0,0,3,1,6,2,48,8,1490,1,9,4,1,4