Accident_Index,Vehicle_Reference,Vehicle_Type,Towing_and_Articulation,Vehicle_Manoeuvre,Vehicle_Location-Restricted_Lane,Junction_Location,Skidding_and_Overturning,Hit_Object_in_Carriageway,Vehicle_Leaving_Carriageway,Hit_Object_off_Carriageway,1st_Point_of_Impact,Was_Vehicle_Left_Hand_Drive?,Journey_Purpose_of_Driver,Sex_of_Driver,Age_of_Driver,Age_Band_of_Driver,Engine_Capacity_(CC),Propulsion_Code,Age_of_Vehicle,Driver_IMD_Decile,Driver_Home_Area_Type,Vehicle_IMD_Decile
201637EA97102,1,9,0,18,0,8,0,0,0,0,1,1,6,1,73,10,1753,2,13,10,1,10
201637EA97102,2,9,0,9,0,8,0,0,0,0,3,1,6,2,51,8,1586,1,3,6,1,6
201637EA97104,1,22,0,18,9,1,0,0,0,0,3,1,6,1,76,11,-1,-1,-1,5,2,5
201637EA97104,2,19,0,18,0,1,0,0,0,0,4,1,1,1,40,7,2299,2,3,6,1,6
201637EA97120,1,9,0,18,0,2,0,7,0,0,3,1,2,1,31,6,1896,2,13,3,1,3
201637EA97132,1,9,0,18,0,0,0,0,0,0,4,1,2,1,60,9,-1,-1,-1,5,2,5
201637EA97135,1,9,0,18,0,0,0,0,0,0,1,1,6,3,-1,-1,-1,-1,-1,-1,-1,-1
201637EA97135,2,1,0,18,0,0,0,0,0,0,2,1,4,2,13,3,-1,-1,-1,3,1,3
201637EA97143,1,9,0,9,0,5,0,0,0,0,1,1,6,1,25,5,1999,1,15,7,1,7
201637EA97143,2,9,0,18,0,8,0,0,0,0,1,1,6,2,29,6,999,1,1,4,1,4
201637EA97148,1,9,0,18,0,0,0,0,0,0,4,1,6,1,31,6,281,1,12,9,3,9
201637EA97166,1,9,0,4,0,1,0,0,0,0,1,1,2,1,23,5,1968,2,5,10,2,10
201637EA97166,2,9,0,3,0,1,0,0,0,0,2,1,2,2,21,5,1598,2,4,7,2,7
201637EA97173,1,9,0,4,0,8,0,0,0,0,1,1,6,2,33,6,-1,-1,-1,3,1,3
201637EA97173,2,9,0,4,0,8,0,0,0,0,2,1,6,2,30,6,1560,2,3,5,1,5
201637EA97175,1,9,0,18,0,0,0,0,7,0,3,1,6,1,51,8,1781,1,16,5,3,5
201637EA97177,1,9,0,18,0,0,0,0,0,0,4,1,6,1,18,4,1086,1,12,10,1,10
201637EA97199,1,9,0,18,0,8,0,0,0,0,3,1,6,1,52,8,973,1,18,7,1,7
201637EA97199,2,9,0,9,0,6,0,0,0,0,4,1,6,2,19,4,1896,2,8,7,3,7
201637EA97200,1,9,0,5,0,0,0,0,0,0,1,1,6,1,32,6,1397,1,13,-1,-1,-1
201637EA97200,2,19,0,18,0,0,0,0,0,0,1,1,1,1,47,8,1753,2,10,6,1,6
201637EA97200,3,9,0,2,0,0,0,0,0,0,3,1,6,3,-1,-1,1598,1,8,-1,-1,-1
201637EA97200,4,9,0,2,0,0,0,0,0,0,3,1,6,3,-1,-1,1968,2,2,-1,-1,-1
201637EA97213,1,9,0,4,0,0,0,0,0,0,1,1,1,1,39,7,-1,-1,-1,2,1,2
201637EA97213,2,9,0,4,0,0,0,0,0,0,2,1,6,2,42,7,1900,1,16,3,1,3
201637EA97216,1,9,0,18,0,0,0,0,0,0,4,1,6,1,52,8,1242,1,13,6,1,6
201637EA97242,1,9,0,5,0,6,0,0,0,0,1,1,6,1,73,10,1461,2,9,10,2,10
201637EA97242,2,9,0,9,0,8,0,0,0,0,4,1,6,1,45,7,1973,1,17,3,2,3
201637EA97249,1,9,0,13,0,8,0,0,0,0,1,1,6,1,35,6,1997,2,12,6,1,6
201637EA97249,2,9,0,9,0,5,0,0,0,0,3,1,6,1,44,7,1968,2,6,4,3,4
201637EA97271,1,9,0,4,0,0,0,0,0,0,1,1,6,2,80,11,998,1,5,4,1,4
201637EA97271,2,9,0,4,0,0,0,0,0,0,2,1,6,1,46,8,1956,2,5,2,1,2
201637EA97271,3,9,0,4,0,0,0,0,0,0,2,1,6,1,66,10,1498,1,1,10,1,10
201637EA97274,1,19,0,9,0,6,0,0,0,0,3,1,1,1,25,5,2198,2,1,2,1,2
201637EA97274,2,19,0,18,0,8,0,0,0,0,1,1,1,1,64,9,1753,2,10,7,3,7
201637EA97288,1,9,0,9,0,6,0,0,0,0,3,1,6,1,29,6,1149,1,4,8,3,8
201637EA97288,2,1,0,18,0,8,0,0,0,0,1,1,6,1,67,10,-1,-1,-1,4,1,4
2016400055633,1,5,0,4,0,1,1,0,0,0,0,1,6,1,40,7,599,1,17,2,1,2
2016400056769,1,98,1,12,0,0,3,0,0,0,3,2,1,1,60,9,-1,-1,-1,-1,-1,-1
2016400056769,2,9,0,18,0,0,1,0,2,0,4,1,5,1,58,9,1997,1,12,5,1,5
2016400056957,1,9,0,14,0,0,0,4,0,0,1,1,1,2,41,7,1360,1,4,9,1,9
2016400056957,2,9,0,2,0,0,0,0,1,0,2,1,6,3,-1,-1,-1,-1,-1,-1,-1,-1
2016400056993,1,9,0,18,0,0,0,0,0,0,1,1,6,2,20,4,1248,2,3,5,1,5
2016400056993,2,9,0,18,0,0,0,0,0,0,1,1,6,1,29,6,1900,2,16,2,1,2
2016400056993,3,9,0,2,0,0,0,0,0,0,1,1,6,3,-1,-1,-1,-1,-1,-1,-1,-1
2016400057088,1,9,0,4,0,0,0,0,0,0,1,1,5,1,35,6,1582,2,4,9,2,9
2016400057088,2,9,0,4,0,0,0,0,0,0,2,1,5,1,28,6,1598,2,1,1,1,1
2016400057289,1,9,0,4,0,8,0,0,0,0,1,1,6,1,43,7,2148,2,10,2,1,2
2016400057289,2,9,0,3,0,8,0,0,0,0,2,1,6,1,61,9,2179,2,9,5,1,5
2016400058144,1,9,0,18,0,1,0,0,0,0,1,1,5,1,20,4,1596,1,10,8,1,8
2016400058144,2,9,0,18,0,2,0,0,0,0,1,1,2,2,29,6,1598,1,11,2,1,2
2016400058202,1,1,0,18,0,0,0,0,0,0,1,1,6,1,29,6,-1,-1,-1,4,1,4
2016400058202,2,9,0,4,0,0,0,0,0,0,1,1,6,1,37,7,1598,1,12,1,1,1
2016400058569,1,9,0,18,0,0,0,0,0,0,4,1,5,1,42,7,1560,2,3,7,1,7
2016400058569,2,8,0,18,0,0,1,0,1,7,3,1,5,1,29,6,1910,2,7,1,1,1
2016400058818,1,9,0,18,0,1,0,0,1,4,1,1,6,2,30,6,1229,1,3,10,3,10
2016400058864,1,98,1,12,0,1,0,0,0,0,1,2,1,1,37,7,-1,-1,-1,-1,-1,-1
2016400058864,2,1,0,12,0,1,0,0,0,0,1,1,6,1,71,10,-1,-1,-1,2,1,2
2016400058980,1,9,0,18,0,0,0,0,0,0,1,1,6,1,27,6,999,1,4,2,1,2
2016400058980,2,19,0,18,0,0,2,0,0,0,1,1,1,1,30,6,2148,2,8,-1,-1,-1
2016400059130,1,9,0,9,0,2,0,4,0,0,4,1,6,1,44,7,2351,1,14,3,1,3
2016400059130,2,9,0,18,0,1,0,0,0,0,3,1,6,2,44,7,1598,2,5,4,1,4
2016400059130,3,9,0,2,0,2,0,0,0,0,3,1,6,3,-1,-1,-1,-1,-1,-1,-1,-1
2016400059171,1,9,0,1,0,0,0,0,0,0,2,1,6,1,78,11,1850,1,16,6,1,6
2016400059171,2,9,0,1,0,0,0,0,0,0,2,1,6,1,-1,-1,2099,1,12,4,1,4
2016400059183,1,9,0,1,9,1,0,0,0,0,2,1,6,3,-1,-1,1596,7,13,-1,-1,-1
2016400059183,2,1,0,18,9,2,0,0,0,0,2,1,6,1,16,4,-1,-1,-1,1,1,1
2016400059229,1,9,0,18,0,0,0,0,0,0,1,1,6,1,37,7,2151,2,17,3,1,3
2016400059229,2,9,0,4,0,0,0,0,0,0,2,1,2,1,37,7,-1,-1,-1,8,3,8
2016400059268,1,9,0,17,0,0,1,0,1,4,4,1,2,1,29,6,1149,1,4,9,1,9
2016400059279,1,9,0,7,0,3,0,0,0,0,3,1,6,3,-1,-1,1596,1,10,-1,-1,-1
2016400059279,2,9,0,4,0,1,0,0,0,0,3,1,6,1,19,4,998,1,11,1,1,1
2016400059342,1,21,1,11,0,2,0,0,0,0,1,1,6,1,58,9,12900,2,6,8,2,8
2016400059342,2,9,0,18,0,2,1,0,4,6,3,1,2,2,39,7,1997,1,13,4,1,4
2016400059396,1,9,0,7,0,8,0,0,0,0,4,1,6,3,-1,-1,-1,-1,-1,-1,-1,-1
2016400059396,2,1,0,18,4,1,0,0,0,0,3,1,5,1,19,4,-1,-1,-1,4,1,4
2016400059426,1,9,0,9,0,8,0,0,0,0,1,1,6,2,51,8,1248,1,1,7,1,7
2016400059426,2,9,0,18,0,8,5,0,0,0,2,1,1,1,64,9,1596,1,1,-1,-1,-1
2016400059429,1,9,0,18,0,1,0,0,0,0,1,1,6,2,32,6,2148,2,13,4,1,4
2016400059475,1,9,0,18,0,8,5,4,0,0,4,1,6,1,85,11,4966,1,12,7,1,7
2016400059475,2,9,0,2,0,8,0,0,1,0,4,1,6,1,-1,-1,1968,2,10,-1,-1,-1
2016400059542,1,9,0,18,0,8,0,0,0,0,1,1,2,1,50,8,1390,1,5,4,1,4
2016400059542,2,9,0,9,0,8,0,0,0,0,3,1,2,2,56,9,1388,1,8,3,1,3
2016400059572,1,9,0,18,0,2,0,0,0,0,1,1,6,1,81,11,1599,1,10,7,3,7
2016400059572,2,9,0,4,0,2,0,0,0,0,2,1,6,2,64,9,1390,1,12,8,1,8
2016400059617,1,9,0,1,0,8,0,0,0,0,2,1,6,3,-1,-1,-1,-1,-1,-1,-1,-1
2016400059782,1,9,0,16,0,0,0,4,7,0,1,1,6,1,18,4,1242,1,4,3,1,3
2016400059782,2,9,0,2,0,0,0,0,0,0,3,1,6,3,-1,-1,-1,-1,-1,-1,-1,-1
2016400059782,3,9,0,2,0,0,0,0,0,0,1,1,6,3,-1,-1,-1,-1,-1,-1,-1,-1
2016400059883,1,9,0,18,0,0,0,0,0,0,1,1,6,3,-1,-1,1497,1,13,-1,-1,-1
2016400059883,2,9,0,4,0,0,0,0,0,0,2,1,5,2,21,5,1299,1,11,-1,1,-1
2016400059888,1,9,0,7,0,4,0,0,0,0,1,1,6,2,-1,-1,-1,-1,-1,-1,-1,-1
2016400059888,2,1,0,18,0,8,0,0,0,0,4,1,2,1,32,6,-1,-1,-1,3,1,3
2016400059947,1,9,0,9,0,8,0,0,0,0,1,1,6,1,-1,-1,-1,-1,-1,-1,-1,-1
2016400059947,2,1,0,18,0,8,0,0,0,0,3,1,5,1,28,6,-1,-1,-1,4,1,4
2016400060213,1,9,0,18,0,8,0,0,0,0,1,1,6,1,65,9,2400,2,3,-1,-1,-1
2016400060213,2,9,0,9,0,8,0,0,0,0,3,1,6,1,37,7,1598,2,-1,3,1,3
2016400060456,1,9,0,18,0,0,0,0,0,0,3,1,5,1,56,9,2960,1,25,9,2,9
2016400060456,2,9,0,2,0,0,0,4,0,0,3,1,6,1,30,6,1298,1,24,-1,-1,-1
2016400060541,1,9,0,7,9,0,0,0,0,0,2,1,6,1,22,5,1149,1,14,-1,-1,-1
2016400060628,1,9,0,18,0,3,0,0,0,0,2,1,5,2,27,6,1997,2,13,2,1,2
2016400060628,2,9,0,18,0,8,0,0,0,0,1,1,5,1,47,8,1984,1,1,5,1,5
2016400060685,1,19,0,18,0,2,1,0,0,0,1,1,1,1,61,9,1997,2,13,9,3,9
2016400060685,2,9,0,4,0,2,0,0,0,0,2,1,1,2,30,6,1242,1,13,10,1,10
2016400060742,1,9,0,7,0,8,0,0,0,0,1,1,6,3,-1,-1,1968,2,6,-1,-1,-1
2016400060852,1,3,0,18,0,0,1,0,7,0,4,1,2,1,19,4,125,1,4,10,2,10
2016400060968,1,98,0,4,0,0,0,0,0,0,1,1,6,2,61,9,-1,-1,-1,2,1,2
2016400060968,2,9,0,4,0,0,0,0,0,0,2,1,6,2,27,6,1242,1,1,5,1,5
2016400060968,3,9,0,4,0,0,0,0,0,0,2,1,6,1,32,6,2143,2,1,10,1,10
2016400060968,4,9,0,4,0,0,0,0,0,0,2,1,6,1,70,10,1248,1,6,6,1,6
2016400060968,5,9,0,4,0,0,0,0,0,0,0,1,6,3,-1,-1,-1,-1,-1,-1,-1,-1
2016400061073,1,9,0,18,0,0,1,0,4,6,1,1,6,1,21,5,2494,1,18,4,3,4
2016400061149,1,21,1,16,0,0,0,0,1,9,1,1,1,1,42,7,12580,2,10,3,1,3
2016400061151,1,9,0,18,0,1,0,0,0,0,1,1,6,1,37,7,1995,2,2,10,1,10
2016400061151,2,9,0,18,0,1,0,0,0,0,1,1,6,2,25,5,1360,1,10,5,3,5
2016400061151,3,9,0,18,0,1,0,0,0,0,1,1,6,1,27,6,1995,2,7,5,1,5
2016400061151,4,9,0,18,0,1,0,0,0,0,1,1,6,2,28,6,2171,1,14,4,1,4
2016400061151,5,9,0,4,0,1,0,0,0,0,2,1,6,1,37,7,1496,1,-1,1,1,1
2016400061193,1,9,0,18,0,0,0,0,0,0,1,1,6,2,56,9,998,1,2,7,1,7
2016400061269,1,9,0,18,0,0,0,0,0,0,1,1,5,1,55,8,1598,1,8,2,1,2
2016400061269,2,9,0,3,0,0,0,0,0,0,2,1,5,1,42,7,1364,1,7,4,1,4
2016400061281,1,9,0,9,0,8,0,0,0,0,3,1,6,1,41,7,-1,-1,-1,7,1,7
2016400061281,2,9,0,18,0,8,0,0,0,0,4,1,6,2,57,9,1598,1,11,4,1,4
2016400061284,1,19,0,18,0,0,0,4,0,0,4,1,6,1,48,8,1686,2,13,9,2,9
2016400061284,2,9,0,2,0,0,0,0,0,0,4,1,6,1,54,8,1587,1,14,2,1,2
2016400061355,1,9,0,4,0,1,0,0,0,0,3,1,6,1,17,4,1360,1,14,-1,-1,-1
2016400061355,2,9,0,9,0,8,0,0,0,0,3,1,1,1,46,8,1248,2,11,1,1,1
2016400061396,1,9,0,4,0,1,1,0,0,0,1,1,1,1,55,8,1896,2,13,8,1,8
2016400061396,2,9,0,4,0,1,0,0,0,0,2,1,5,2,31,6,1997,2,1,2,1,2
2016400061466,1,19,0,9,0,5,0,0,0,0,1,1,1,1,23,5,1248,2,10,4,2,4
2016400061466,2,9,0,4,0,1,0,0,0,0,1,1,5,1,36,7,1390,1,16,1,1,1
2016400061520,1,9,0,17,0,1,0,0,0,0,3,1,3,2,40,7,1086,1,13,5,3,5
2016400061520,2,9,0,17,0,1,0,10,0,0,3,1,5,1,25,5,2179,2,9,6,1,6
2016400061842,1,9,0,3,0,0,0,0,0,0,2,1,6,1,40,7,1389,1,13,8,1,8
2016400061842,2,9,0,4,0,0,0,0,0,0,1,1,6,1,29,6,1968,2,5,2,1,2
2016400061915,1,8,0,9,0,8,0,0,3,0,3,1,5,1,-1,-1,-1,-1,-1,3,1,3
2016400061915,2,1,0,18,0,8,0,0,0,0,4,1,6,2,63,9,-1,-1,-1,10,1,10
2016400061924,1,9,0,18,0,0,1,4,1,0,2,1,6,1,21,5,1388,1,14,9,1,9
2016400061924,2,98,0,2,6,0,0,0,0,0,2,1,5,1,51,8,-1,-1,-1,-1,-1,-1
2016400062056,1,9,0,18,0,0,0,0,0,0,1,1,2,2,29,6,1198,1,3,9,1,9
2016400062056,2,9,0,4,0,0,0,0,0,0,2,1,2,2,44,7,1598,1,6,5,1,5
2016400062159,1,19,0,5,0,2,0,0,0,0,1,1,6,2,-1,-1,2148,2,7,3,1,3
2016400062159,2,1,0,18,0,2,1,0,0,0,2,1,6,1,41,7,-1,-1,-1,5,1,5
2016400062406,1,9,0,9,0,8,0,0,0,0,1,1,6,2,41,7,1796,1,14,9,1,9
2016400062406,2,9,0,18,0,8,0,10,0,0,3,1,5,2,37,7,1984,2,9,6,1,6
2016400062443,1,9,0,13,0,0,5,0,7,0,1,1,1,1,45,7,1686,2,11,2,1,2
2016400062443,2,9,0,18,0,0,1,0,1,0,1,1,1,1,48,8,1995,2,12,9,3,9
2016400062443,3,9,0,18,0,0,0,0,0,0,0,1,1,1,59,9,1396,2,3,4,1,4
2016400062462,1,9,0,3,0,1,0,0,0,0,2,1,6,1,43,7,1497,8,9,8,1,8
2016400062462,2,9,0,18,0,1,1,0,0,0,1,1,6,1,22,5,1597,1,25,1,1,1
2016400062462,3,9,0,4,0,1,0,0,0,0,2,1,6,2,31,6,1997,1,13,9,2,9
2016400062462,4,98,0,18,0,1,0,0,0,0,1,1,6,2,20,4,-1,-1,-1,3,1,3
2016400062759,1,9,0,18,0,0,0,4,0,0,1,1,6,1,21,5,1124,1,14,4,1,4
2016400062759,2,9,0,2,0,0,0,0,1,0,2,1,5,2,-1,-1,1199,1,16,2,1,2
2016400062788,1,9,0,9,0,8,0,0,1,2,1,1,6,1,21,5,1299,1,17,-1,-1,-1
2016400062819,1,9,0,18,0,1,0,0,0,0,1,1,1,2,34,6,1796,1,2,2,1,2
2016400062819,2,9,0,3,0,1,0,0,0,0,2,1,1,2,52,8,1998,2,6,7,1,7
2016400062819,3,9,0,3,0,1,0,0,0,0,2,1,1,2,45,7,1598,1,8,10,1,10
2016400062843,1,9,0,18,0,1,0,0,0,0,1,1,6,1,-1,-1,1199,1,14,2,1,2
2016400062843,2,9,0,4,0,8,0,0,0,0,2,1,6,1,19,4,1590,1,17,4,2,4
2016400062997,1,9,0,14,0,0,0,0,0,0,4,1,6,1,38,7,2497,2,12,7,1,7
2016400063000,1,9,0,7,2,1,0,0,0,0,1,1,5,2,51,8,2499,1,6,9,2,9
2016400063000,2,5,0,18,2,8,1,0,0,0,3,1,6,2,60,9,1200,1,9,4,1,4
2016400063053,1,98,1,12,0,0,0,0,0,0,3,1,1,1,-1,-1,-1,-1,-1,-1,-1,-1
2016400063053,2,9,0,18,0,0,1,0,1,0,4,1,6,2,34,6,1598,1,7,2,1,2
2016400063088,1,9,0,13,0,0,0,0,0,0,1,1,1,1,30,6,1332,1,8,5,1,5
2016400063088,2,17,4,9,0,0,0,0,0,0,3,1,1,1,28,6,-1,-1,-1,9,3,9
2016400063134,1,9,0,18,0,0,0,4,0,0,1,1,6,1,30,6,1596,1,13,9,1,9
2016400063134,2,20,0,2,0,0,0,0,0,0,2,1,1,1,46,8,3920,2,12,5,2,5
2016400063200,1,9,0,5,8,0,0,0,0,0,3,1,5,1,78,11,1997,1,6,9,1,9
2016400063200,2,9,0,18,0,0,1,0,0,0,3,1,5,1,52,8,1998,2,10,9,2,9
2016400063244,1,9,0,9,0,8,0,0,0,0,1,1,5,1,40,7,1896,2,12,2,1,2
2016400063244,2,9,0,18,0,8,0,0,0,0,1,1,5,2,35,6,1388,1,7,4,1,4
2016400063244,3,9,0,8,0,6,0,0,0,0,1,1,5,1,36,7,1910,2,9,8,2,8
2016400063289,1,19,0,4,0,8,0,0,0,0,1,1,1,1,26,6,2402,2,13,9,2,9
2016400063289,2,21,0,3,0,8,0,0,0,0,2,1,1,1,48,8,12777,2,2,9,1,9
2016400063348,1,9,0,2,0,0,0,4,0,0,1,1,6,3,-1,-1,-1,-1,-1,-1,-1,-1
2016400063348,2,9,0,2,0,0,0,0,0,0,2,1,6,3,-1,-1,-1,-1,-1,-1,-1,-1
2016400063362,1,8,0,18,0,1,0,0,0,0,1,1,5,1,30,6,1910,2,8,2,1,2
2016400063422,1,98,0,12,0,0,0,0,0,0,3,1,1,3,-1,-1,-1,-1,-1,-1,-1,-1
2016400063422,2,9,0,18,0,0,0,0,0,0,4,1,6,1,80,11,1560,2,1,7,1,7
2016400063614,1,9,0,18,0,8,0,0,0,0,1,1,6,3,35,6,1598,1,15,-1,-1,-1
2016400063614,2,9,0,4,0,8,0,0,0,0,2,1,2,2,20,4,1968,2,5,9,1,9
2016400063636,1,1,0,18,0,8,0,0,0,0,4,1,6,1,35,6,-1,-1,-1,-1,-1,-1
2016400063636,2,9,0,4,0,8,0,0,0,0,3,1,6,2,45,7,1149,1,14,7,1,7
2016400064151,1,9,0,5,0,8,0,0,0,0,4,1,5,2,31,6,1796,1,9,4,1,4
2016400064151,2,98,0,5,0,8,0,0,3,0,3,1,1,3,-1,-1,-1,-1,-1,-1,-1,-1
2016400064156,1,9,0,9,0,6,0,0,0,0,1,1,1,1,65,9,-1,-1,-1,7,3,7
2016400064156,2,9,0,18,0,8,0,0,0,0,3,1,5,1,44,7,1560,2,5,-1,-1,-1
2016400064174,1,9,0,5,0,1,0,0,0,0,1,1,1,2,44,7,1685,2,6,10,2,10
2016400064182,1,19,0,9,0,8,0,0,0,0,3,1,6,1,46,8,1796,7,11,4,1,4
2016400064182,2,5,0,10,0,8,0,0,0,0,1,1,6,1,40,7,649,1,8,5,1,5
2016400064205,1,1,0,18,0,0,0,0,0,0,2,1,6,1,6,2,-1,-1,-1,9,3,9
2016400064205,2,9,0,18,0,0,0,0,0,0,1,1,6,1,17,4,1199,1,14,9,2,9
2016400064317,1,9,0,18,0,1,0,0,0,0,4,1,5,2,30,6,1968,2,8,2,1,2
2016400064361,1,19,0,18,0,0,0,0,0,0,1,1,6,1,38,7,1995,2,8,-1,-1,-1
2016400064361,2,9,0,18,0,0,0,0,0,0,4,1,2,2,22,5,998,1,5,5,1,5
2016400064373,1,19,0,18,0,0,0,0,0,0,1,1,6,1,32,6,1248,2,3,2,1,2
2016400064373,2,9,0,4,0,0,0,0,0,0,2,1,6,1,28,6,995,1,13,2,1,2
2016400064373,3,9,0,2,0,0,0,0,0,0,2,1,6,1,-1,-1,1910,2,12,2,1,2
2016400064400,1,9,0,18,0,0,0,0,0,0,1,1,6,3,-1,-1,1364,1,10,-1,-1,-1
2016400064400,2,9,0,4,0,0,0,0,0,0,2,1,3,2,31,6,1198,1,9,4,1,4
2016400064420,1,9,0,18,0,4,0,0,0,0,1,1,6,2,44,7,1896,2,12,3,1,3
2016400064420,2,1,0,18,0,8,0,0,0,0,2,1,6,1,33,6,-1,-1,-1,6,1,6
2016400064824,1,9,0,18,0,1,1,0,4,6,4,1,6,2,31,6,1400,1,9,7,1,7
2016400064824,2,98,0,12,0,1,0,0,0,0,3,1,1,1,-1,-1,-1,-1,-1,-1,-1,-1
2016400064874,1,9,0,9,0,8,0,0,0,0,4,1,6,3,-1,-1,-1,-1,-1,-1,-1,-1
2016400065005,1,9,0,18,0,2,0,4,0,0,1,1,6,2,37,7,1598,1,14,7,1,7
2016400065005,2,9,0,6,0,2,0,0,0,0,1,1,6,1,20,4,1995,2,4,7,1,7
2016400065005,3,9,0,2,0,2,0,0,0,0,4,1,6,3,-1,-1,875,1,3,-1,-1,-1
2016400065005,4,9,0,2,0,2,0,0,0,0,4,1,6,3,-1,-1,1769,1,13,-1,-1,-1
2016400065005,5,9,0,2,0,2,0,0,0,0,4,1,6,3,-1,-1,1364,1,11,-1,-1,-1
2016400065069,1,9,0,5,0,0,0,0,0,0,3,1,5,1,26,6,1560,2,12,7,2,7
2016400065069,2,3,0,14,0,0,0,0,0,0,1,1,5,1,27,6,124,1,5,1,1,1
2016400065117,1,9,0,18,0,8,0,0,1,10,1,1,6,1,45,7,1769,1,11,5,1,5
2016400065117,2,9,0,10,0,8,0,0,0,0,2,1,6,2,56,9,1364,1,6,4,1,4
2016400065161,1,8,0,9,0,8,0,0,0,0,0,1,6,3,35,6,-1,-1,-1,-1,-1,-1
2016400065161,2,9,0,18,0,1,0,0,0,0,0,1,6,2,34,6,1586,1,10,8,3,8
2016400065246,1,19,0,7,0,8,0,0,0,0,3,1,6,1,64,9,1998,2,15,3,1,3
2016400065246,2,4,0,18,0,8,0,0,7,9,2,1,6,1,22,5,250,1,12,2,1,2
2016400065261,1,9,0,17,0,2,0,0,0,0,4,1,6,3,-1,-1,1587,1,15,-1,-1,-1
2016400065261,2,9,0,16,0,1,1,0,0,0,1,1,6,1,30,6,1956,2,6,8,1,8
2016400065403,1,9,0,4,0,1,0,0,0,0,2,1,5,1,48,8,1997,2,14,3,1,3
2016400065403,2,9,0,18,0,1,0,0,0,0,1,1,6,1,24,5,2000,2,11,10,1,10
2016400065461,1,9,3,7,0,3,0,0,0,0,0,1,5,1,32,6,3200,2,14,4,1,4
2016400065461,2,9,0,4,0,1,0,0,0,0,3,1,5,1,72,10,2199,2,1,10,1,10
2016400065578,1,9,0,9,0,4,0,0,0,0,1,1,2,1,62,9,3000,1,10,9,1,9
2016400065578,2,9,0,18,0,8,0,0,0,0,4,1,5,1,54,8,1956,2,2,4,1,4
2016400065603,1,5,0,18,0,1,0,0,0,0,1,1,6,1,54,8,600,1,18,5,1,5
2016400065603,2,9,0,3,0,1,0,0,0,0,2,1,6,1,47,8,2494,1,14,6,1,6
2016400065742,1,9,0,18,0,0,0,0,0,0,1,1,6,1,24,5,1598,1,16,9,2,9
2016400065742,2,19,0,18,0,0,0,0,0,0,1,1,6,1,55,8,2143,2,2,6,1,6
2016400066101,1,9,0,11,0,0,0,0,0,0,0,1,1,1,37,7,1598,1,3,5,1,5
2016400066101,2,9,0,18,0,0,2,0,0,0,4,1,1,1,65,9,3189,1,12,4,1,4
2016400066153,1,9,0,4,0,0,0,0,0,0,1,1,6,3,-1,-1,-1,-1,-1,-1,-1,-1
2016400066153,2,9,0,4,0,0,0,0,0,0,2,1,6,1,60,9,-1,-1,-1,7,1,7
2016400066263,1,1,0,18,0,0,0,0,0,0,3,1,2,1,36,7,-1,-1,-1,9,2,9
2016400066263,2,19,0,13,0,0,0,0,0,0,4,1,1,1,31,6,1995,2,9,6,1,6
2016400066273,1,9,4,9,0,8,0,0,0,0,2,1,6,3,-1,-1,-1,-1,-1,-1,-1,-1
2016400066273,2,21,0,15,0,8,0,0,0,0,3,1,1,1,46,8,12130,2,12,9,2,9
2016400066340,1,1,0,18,0,1,0,0,0,0,1,1,2,1,32,6,-1,-1,-1,7,1,7
2016400066340,2,9,0,7,0,5,0,0,0,0,4,1,6,1,49,8,1397,1,14,5,1,5
2016400066394,1,9,0,4,0,0,0,0,0,0,1,1,6,3,-1,-1,1995,2,4,-1,-1,-1
2016400066394,2,9,0,3,0,0,0,0,0,0,2,1,6,1,24,5,1390,1,11,1,1,1
2016400066402,1,9,0,12,0,8,0,0,0,0,1,1,6,1,39,7,1497,1,14,-1,-1,-1
2016400066402,2,9,0,18,0,8,0,0,0,0,2,1,2,2,23,5,998,1,11,8,1,8
2016400066405,1,9,0,18,0,8,0,0,0,0,1,1,5,1,18,4,1086,1,6,8,3,8
2016400066405,2,1,0,18,0,8,0,0,0,0,3,1,5,1,52,8,-1,-1,-1,8,3,8
2016400066456,1,9,0,18,0,1,0,0,0,0,1,1,6,3,-1,-1,1968,2,10,-1,-1,-1
2016400066456,2,98,0,3,0,1,0,0,0,0,2,1,6,1,35,6,-1,-1,-1,5,1,5
2016400066498,1,9,0,9,0,6,0,0,0,0,1,1,2,2,21,5,973,1,15,3,1,3
2016400066498,2,3,0,13,0,1,0,0,0,0,3,1,2,1,24,5,124,1,4,4,1,4
2016400066531,1,98,0,4,0,0,0,0,0,0,1,1,5,1,39,7,-1,-1,-1,1,1,1
2016400066531,2,9,0,4,0,0,0,0,0,0,2,1,5,2,40,7,1398,1,-1,7,1,7
2016400066531,3,9,0,4,0,0,0,0,0,0,2,1,5,1,58,9,1896,2,15,4,1,4
2016400066582,1,9,0,5,0,0,0,0,0,0,3,1,6,3,-1,-1,-1,-1,-1,-1,-1,-1
2016400066582,2,5,0,18,0,0,1,0,0,0,4,1,6,1,36,7,659,1,8,5,1,5
2016400066616,1,9,0,18,0,1,0,0,1,2,1,1,5,1,41,7,1910,2,10,1,1,1
2016400066633,1,9,0,18,0,0,0,4,0,0,1,1,6,3,-1,-1,1896,2,11,-1,-1,-1
2016400066633,2,9,0,2,0,0,0,0,0,0,4,1,5,1,29,6,-1,-1,-1,1,1,1
2016400066645,1,9,0,9,0,8,0,0,0,0,1,1,6,2,37,7,1399,2,13,1,1,1