Accident_Index,Vehicle_Reference,Vehicle_Type,Towing_and_Articulation,Vehicle_Manoeuvre,Vehicle_Location-Restricted_Lane,Junction_Location,Skidding_and_Overturning,Hit_Object_in_Carriageway,Vehicle_Leaving_Carriageway,Hit_Object_off_Carriageway,1st_Point_of_Impact,Was_Vehicle_Left_Hand_Drive?,Journey_Purpose_of_Driver,Sex_of_Driver,Age_of_Driver,Age_Band_of_Driver,Engine_Capacity_(CC),Propulsion_Code,Age_of_Vehicle,Driver_IMD_Decile,Driver_Home_Area_Type,Vehicle_IMD_Decile
2016400090164,2,9,0,4,0,0,0,0,0,0,2,1,2,1,45,7,2191,2,3,9,1,9
2016400090301,1,9,0,12,0,1,0,0,0,0,4,1,6,1,32,6,1798,8,1,4,1,4
2016400090351,1,9,0,18,0,1,0,0,0,0,4,1,6,1,38,7,1598,2,1,10,2,10
2016400090351,2,3,0,7,0,8,1,0,0,0,4,1,6,1,20,4,125,1,1,3,1,3
2016400090413,1,19,0,1,0,8,0,0,0,0,2,1,6,3,-1,-1,2287,2,8,-1,-1,-1
2016400090413,2,9,0,4,0,1,0,0,0,0,3,1,6,2,32,6,1086,1,7,2,1,2
2016400090485,1,9,0,4,0,0,0,0,0,0,2,1,6,2,82,11,1598,1,3,4,1,4
2016400090485,2,9,0,18,0,0,0,0,0,0,1,1,6,3,-1,-1,1991,2,14,-1,-1,-1
2016400090572,1,9,0,9,0,8,0,0,0,0,4,1,6,1,19,4,1199,1,14,9,1,9
2016400090572,2,3,0,18,0,8,0,0,0,0,1,1,6,2,27,6,125,1,-1,4,1,4
2016400090591,1,9,0,9,0,8,0,0,0,0,1,1,6,1,-1,-1,1910,2,8,-1,-1,-1
2016400090591,2,1,0,18,0,8,0,0,0,0,3,1,6,1,27,6,-1,-1,-1,4,1,4
2016400090627,1,9,0,18,0,2,0,0,0,0,1,1,1,1,22,5,998,1,3,7,1,7
2016400090627,2,9,0,3,0,2,0,0,0,0,2,1,1,2,26,6,1390,1,3,7,1,7
2016400090672,1,9,0,9,0,8,0,0,0,0,1,1,6,1,37,7,1400,1,11,2,1,2
2016400090672,2,3,0,14,0,8,0,0,0,0,1,1,6,1,17,4,124,1,17,3,1,3
2016400090726,1,11,0,18,0,0,0,0,0,0,3,1,1,1,51,8,9200,2,14,-1,-1,-1
2016400090726,2,21,1,18,0,0,0,0,1,0,3,1,1,1,51,8,10837,2,8,10,2,10
2016400090779,1,9,0,4,0,1,0,0,0,0,1,1,6,2,31,6,1461,2,6,7,3,7
2016400090779,2,9,0,3,0,1,0,0,0,0,2,1,6,1,34,6,1753,2,13,4,1,4
2016400090779,3,9,0,3,0,1,0,0,0,0,2,1,6,1,24,5,-1,-1,-1,4,1,4
2016400090826,1,9,0,18,0,8,0,0,1,11,1,1,6,1,84,11,1587,1,12,8,3,8
2016400090826,2,9,0,9,0,8,0,0,0,0,1,1,6,1,25,5,1598,1,9,10,1,10
2016400090892,1,9,0,7,0,8,0,0,0,0,4,1,6,1,-1,-1,1870,2,7,5,1,5
2016400090892,2,1,0,18,0,1,0,0,0,0,1,1,5,1,66,10,-1,-1,-1,10,1,10
2016400090913,1,9,0,9,0,8,0,0,0,0,4,1,6,3,-1,-1,-1,-1,-1,-1,-1,-1
2016400090913,2,9,0,7,0,8,0,0,0,0,3,1,5,2,25,5,1400,1,10,10,1,10
2016400090937,1,9,0,16,0,1,0,0,7,1,1,1,5,1,30,6,2000,1,17,5,2,5
2016400090967,1,9,0,18,0,8,1,0,7,0,4,1,5,2,28,6,1984,1,5,6,2,6
2016400090967,2,9,0,9,0,6,0,0,0,0,1,1,5,1,39,7,2143,2,7,10,2,10
2016400090987,1,9,0,18,0,0,0,0,0,0,3,1,5,1,55,8,2319,1,16,9,3,9
2016400090987,2,1,0,5,0,0,0,0,0,0,1,1,6,1,14,3,-1,-1,-1,7,3,7
2016400091024,1,9,0,18,0,8,0,0,0,0,1,1,6,2,26,6,1229,1,6,4,1,4
2016400091024,2,9,0,9,0,8,0,0,0,0,1,1,6,1,27,6,1896,2,13,8,1,8
2016400091066,1,9,0,18,0,0,1,0,0,0,3,1,6,1,31,6,4172,7,12,2,1,2
2016400091095,1,5,0,18,0,0,0,0,0,0,4,1,5,1,27,6,599,1,15,5,1,5
2016400091181,1,9,0,4,0,8,0,0,0,0,0,1,6,3,-1,-1,-1,-1,-1,-1,-1,-1
2016400091197,1,9,0,9,0,8,0,0,0,0,3,1,6,1,36,7,1997,2,11,2,1,2
2016400091197,2,5,0,18,0,8,0,0,0,0,1,1,6,1,50,8,749,1,16,9,2,9
2016400091211,1,1,0,15,9,0,0,0,0,0,0,1,2,1,19,4,-1,-1,-1,2,1,2
2016400091211,2,98,0,2,9,0,0,0,0,0,0,1,6,1,29,6,-1,-1,-1,7,3,7
2016400091317,1,9,0,9,0,8,0,0,0,0,3,1,2,1,61,9,2183,2,6,9,1,9
2016400091317,2,3,0,13,0,8,0,0,0,0,1,1,2,1,17,4,125,1,-1,2,1,2
2016400091366,1,9,0,16,0,0,0,0,7,9,1,1,5,1,39,7,2993,2,4,8,3,8
2016400091378,1,9,0,9,0,8,0,0,0,0,1,1,1,1,55,8,1781,1,14,3,1,3
2016400091378,2,9,0,13,0,8,0,0,0,0,1,1,1,1,26,6,1396,1,16,1,1,1
2016400091420,1,9,0,18,0,1,2,0,2,11,1,1,5,2,19,4,1598,1,12,9,3,9
2016400091489,1,9,0,16,0,0,2,0,1,0,1,1,5,2,25,5,1108,1,11,8,3,8
2016400091530,1,9,0,17,0,0,2,0,0,0,4,1,6,2,24,5,1300,1,13,5,1,5
2016400091530,2,98,0,18,0,0,0,0,0,0,0,1,6,3,-1,-1,-1,-1,-1,-1,-1,-1
2016400091577,1,98,0,17,0,0,0,0,0,0,0,1,6,3,-1,-1,-1,-1,-1,-1,-1,-1
2016400091652,1,9,0,18,0,4,1,0,1,0,1,1,2,1,31,6,1598,1,10,10,1,10
2016400091668,1,1,0,18,0,1,0,0,0,0,1,1,6,1,-1,-1,-1,-1,-1,4,1,4
2016400091668,2,9,0,18,0,1,0,0,0,0,3,1,6,1,59,9,1587,1,10,4,1,4
2016400091765,1,19,0,18,0,1,0,0,0,0,1,1,1,1,28,6,1560,2,-1,4,1,4
2016400091765,2,9,0,18,0,1,0,0,0,0,2,1,2,2,58,9,1388,1,10,2,1,2
2016400091814,1,9,0,18,0,8,0,0,4,0,4,1,6,1,57,9,1197,1,4,5,1,5
2016400091814,2,9,0,7,0,6,0,0,0,0,1,1,2,2,57,9,-1,-1,-1,10,1,10
2016400091862,1,9,0,9,0,8,0,0,0,0,3,1,5,1,38,7,1796,1,10,7,1,7
2016400091862,2,9,0,18,0,1,0,0,0,0,1,1,5,2,50,8,1299,1,16,5,1,5
2016400091874,1,2,0,18,0,1,0,10,1,0,4,1,6,1,16,4,49,1,5,2,1,2
2016400091970,1,98,0,18,0,1,0,0,0,0,1,1,5,3,-1,-1,-1,-1,-1,-1,-1,-1
2016400091970,2,9,0,2,6,2,0,0,0,0,3,1,6,1,-1,-1,1896,1,18,-1,-1,-1
2016400092128,1,9,0,18,0,0,0,0,0,0,1,1,5,1,25,5,3999,1,3,9,3,9
2016400092128,2,9,0,3,0,0,0,0,0,0,2,1,6,2,26,6,1968,2,4,8,2,8
2016400092128,3,9,0,3,0,0,0,0,0,0,0,1,6,3,-1,-1,-1,-1,-1,-1,-1,-1
2016400092231,1,11,0,18,3,0,0,0,0,0,1,1,1,1,56,9,7300,2,4,9,1,9
2016400092306,1,3,0,9,0,2,1,4,0,0,1,1,1,1,19,4,108,1,-1,7,1,7
2016400092306,2,9,0,2,0,2,0,0,0,0,1,1,6,3,-1,-1,-1,-1,-1,-1,-1,-1
2016400092625,1,9,0,4,0,0,0,0,0,0,2,1,5,1,21,5,1149,1,8,9,1,9
2016400092625,2,9,0,5,0,0,0,0,0,0,1,1,5,1,-1,-1,1229,1,6,4,1,4
2016400092809,1,9,0,18,0,0,0,0,0,0,1,1,6,1,34,6,1998,2,10,9,1,9
2016400092809,2,9,0,18,0,0,0,0,1,0,1,1,6,1,31,6,1390,1,7,-1,-1,-1
2016400092983,1,9,0,18,0,0,0,0,0,0,4,1,1,1,30,6,1199,2,3,4,1,4
2016400093011,1,9,0,18,0,0,0,0,0,0,1,1,6,3,-1,-1,-1,-1,-1,-1,-1,-1
2016400093056,1,9,0,4,0,0,0,0,0,0,2,1,2,1,37,7,1968,2,3,8,1,8
2016400093056,2,19,0,4,0,0,0,0,0,0,2,1,2,1,50,8,2198,2,6,3,1,3
2016400093056,3,9,0,18,0,0,0,0,0,0,1,1,2,1,47,8,2969,2,9,10,1,10
2016400093112,1,9,0,18,0,0,0,0,0,0,1,1,6,1,-1,-1,1797,8,6,2,1,2
2016400093112,2,9,0,18,0,0,0,0,0,0,2,1,6,1,42,7,2993,2,12,8,2,8
2016400093144,1,9,0,9,0,8,0,0,0,0,1,1,6,2,35,6,1368,1,8,6,1,6
2016400093190,1,8,0,18,0,1,0,0,0,0,1,1,1,1,35,6,1968,2,9,3,1,3
2016400093190,2,8,0,18,0,1,0,0,0,0,2,1,1,1,-1,-1,1910,2,8,4,1,4
2016400093210,1,9,0,9,0,3,0,0,0,0,1,1,6,3,-1,-1,-1,-1,-1,-1,-1,-1
2016400093217,1,9,0,9,0,8,0,0,0,0,1,1,6,1,43,7,3950,1,13,9,1,9
2016400093217,2,1,0,17,0,8,0,0,0,0,4,1,2,1,32,6,-1,-1,-1,9,1,9
2016400093262,1,9,0,18,0,0,0,0,0,0,1,1,5,1,27,6,1597,2,3,6,1,6
2016400093317,1,9,0,18,0,1,0,0,0,0,1,1,1,1,42,7,2199,2,7,6,2,6
2016400093317,2,19,0,4,0,1,0,0,0,0,2,1,1,1,43,7,2143,2,2,8,2,8
2016400093317,3,9,0,3,0,1,0,0,0,0,2,1,5,2,67,10,1588,1,13,3,1,3
2016400093353,1,20,0,9,0,8,0,0,0,0,1,1,1,1,-1,-1,-1,-1,-1,-1,-1,-1
2016400093353,2,9,0,18,0,8,0,0,0,0,4,1,1,2,22,5,1242,1,2,5,1,5
2016400093435,1,9,0,4,0,1,0,0,0,0,1,1,6,2,47,8,1586,1,8,4,1,4
2016400093435,2,9,0,3,0,1,0,0,0,0,2,1,6,2,37,7,1895,1,16,4,1,4
2016400093499,1,9,0,18,0,1,0,0,0,0,3,1,1,1,60,9,1998,2,7,1,1,1
2016400093499,2,9,0,18,0,2,0,0,0,0,3,1,5,2,26,6,1461,2,5,6,1,6
2016400093540,1,9,0,5,0,1,0,0,0,0,1,1,6,1,-1,-1,2685,2,11,-1,-1,-1
2016400093574,1,9,0,4,0,1,0,0,0,0,1,1,6,3,-1,-1,1686,2,3,-1,-1,-1
2016400093574,2,9,0,3,0,1,0,0,0,0,2,1,6,1,35,6,1250,1,9,3,1,3
2016400093596,1,9,0,2,0,1,0,0,0,0,3,1,6,1,60,9,1590,1,13,2,1,2
2016400093596,2,1,0,14,0,1,0,4,0,0,1,1,6,1,30,6,-1,-1,-1,7,1,7
2016400094049,1,9,0,18,0,4,1,0,0,0,1,1,6,3,-1,-1,1198,1,12,-1,-1,-1
2016400094049,2,9,0,9,0,8,0,0,0,0,1,1,5,2,35,6,1496,2,1,8,1,8
2016400094124,1,97,0,18,0,0,0,0,0,0,1,1,6,1,-1,-1,-1,-1,-1,-1,-1,-1
2016400094124,2,9,0,18,0,0,0,0,0,0,2,1,6,2,34,6,1598,1,12,2,1,2
2016400094125,1,9,0,18,0,1,0,0,0,0,1,1,6,2,20,4,1364,1,10,2,1,2
2016400094125,2,9,0,3,0,1,0,0,0,0,2,1,6,1,49,8,1988,2,11,2,1,2
2016400094142,1,9,0,18,0,0,0,0,0,0,3,1,5,2,58,9,1390,1,4,8,1,8
2016400094142,2,98,1,11,0,0,0,0,0,0,1,1,1,1,25,5,-1,-1,-1,-1,-1,-1
2016400094179,1,9,0,18,0,1,1,0,1,10,1,1,6,1,19,4,1896,2,13,-1,-1,-1
2016400094179,2,9,0,18,0,1,0,0,0,0,0,1,1,1,-1,-1,2400,2,3,-1,-1,-1
2016400094231,1,9,0,18,0,8,0,0,0,0,4,1,2,2,24,5,1390,1,13,4,1,4
2016400094231,2,9,0,9,0,8,0,0,0,0,1,1,6,3,-1,-1,-1,-1,-1,-1,-1,-1
2016400094270,1,9,0,16,0,8,1,0,7,9,3,1,6,2,35,6,1598,1,14,6,1,6
2016400094302,1,9,0,18,0,0,0,4,0,0,1,1,5,1,62,9,1598,1,2,-1,-1,-1
2016400094302,2,9,0,2,0,0,0,0,1,0,2,1,6,3,-1,-1,-1,-1,-1,-1,-1,-1
2016400094302,3,9,0,5,0,0,0,0,0,0,0,1,6,3,-1,-1,-1,-1,-1,-1,-1,-1
2016400094378,1,9,0,16,0,0,5,0,7,9,1,1,6,1,35,6,998,1,-1,3,1,3
2016400094407,1,19,0,18,0,0,0,0,0,0,1,1,1,1,26,6,1753,2,9,-1,-1,-1
2016400094407,2,9,0,3,0,0,0,0,0,0,2,1,5,1,45,7,2495,2,21,9,2,9
2016400094434,1,9,0,18,0,1,0,0,4,0,2,1,5,1,49,8,3996,1,17,5,1,5
2016400094434,2,9,0,13,0,1,1,0,4,7,1,1,1,1,25,5,1896,2,14,2,1,2
2016400094463,1,9,0,12,0,8,0,0,0,0,3,1,6,1,19,4,1198,1,12,10,2,10
2016400094463,2,9,0,18,0,8,0,0,0,0,4,1,6,2,58,9,1560,2,2,10,2,10
2016400094477,1,9,0,7,0,8,0,0,0,0,1,1,6,1,-1,-1,1796,1,13,-1,-1,-1
2016400094477,2,9,0,7,0,2,0,0,0,0,2,1,6,1,50,8,-1,-1,-1,-1,-1,-1
2016400094515,1,9,0,5,0,0,0,0,0,0,1,1,2,2,49,8,998,1,4,9,1,9
2016400094515,2,9,0,4,0,0,0,0,0,0,2,1,6,1,35,6,1598,1,6,4,1,4
2016400094534,1,9,0,7,0,8,0,0,0,0,1,1,6,3,-1,-1,-1,-1,-1,-1,-1,-1
2016400094534,2,8,0,3,0,2,0,0,0,0,2,1,1,3,-1,-1,-1,-1,-1,-1,-1,-1
2016400094916,1,5,0,18,0,0,0,0,0,0,1,1,1,1,26,6,-1,-1,-1,8,3,8
2016400094916,2,19,0,18,0,0,0,0,0,0,2,1,5,1,27,6,-1,-1,-1,10,1,10
2016400095119,1,9,0,9,0,8,0,0,0,0,1,1,6,1,21,5,1360,1,10,-1,-1,-1
2016400095119,2,1,0,18,0,8,0,0,0,0,3,1,5,2,29,6,-1,-1,-1,10,2,10
2016400095158,1,9,0,18,0,0,0,0,7,0,1,1,2,1,45,7,998,1,1,10,1,10
2016400095158,2,9,0,18,0,0,0,0,0,0,1,1,6,1,53,8,1364,1,7,5,3,5
2016400095209,1,9,0,18,0,0,0,0,0,0,1,1,2,1,-1,-1,1461,2,2,8,1,8
2016400095209,2,9,0,9,0,0,0,0,0,0,1,1,2,1,54,8,-1,-1,-1,9,1,9
2016400095230,1,9,0,18,0,1,0,0,0,0,1,1,5,2,18,4,-1,-1,-1,-1,-1,-1
2016400095261,1,21,1,12,0,0,0,0,0,0,1,1,1,1,58,9,-1,-1,-1,-1,-1,-1
2016400095261,2,9,0,18,0,0,1,0,1,7,4,1,6,2,29,6,1753,2,9,10,1,10
2016400095317,1,9,0,4,0,0,0,0,0,0,1,1,5,2,31,6,1598,1,12,-1,-1,-1
2016400095317,2,9,0,4,0,0,0,0,0,0,2,1,5,1,50,8,-1,-1,-1,4,1,4
2016400095317,3,9,0,4,0,0,0,0,0,0,2,1,5,1,54,8,1968,2,6,7,1,7
2016400095346,1,9,0,18,0,0,0,0,0,0,4,1,5,2,59,9,1968,2,9,8,1,8
2016400095420,1,2,0,18,0,0,0,0,0,0,1,1,6,1,42,7,49,1,1,5,1,5
2016400095420,2,9,0,4,0,0,0,0,0,0,2,1,6,1,20,4,1598,1,6,5,1,5
2016400095464,1,9,0,9,0,8,0,0,0,0,1,1,6,1,50,8,973,1,16,3,1,3
2016400095464,2,9,0,18,0,8,0,0,0,0,4,1,6,2,48,8,1686,2,6,9,3,9
2016400095522,1,9,0,18,0,0,0,0,0,0,2,1,1,2,26,6,1242,1,1,3,1,3
2016400095522,2,9,0,18,0,0,0,0,0,0,2,1,1,2,45,7,1229,1,11,7,1,7
2016400095522,3,9,0,18,0,0,0,0,0,0,1,1,1,2,22,5,998,1,11,7,1,7
2016400095603,1,9,0,12,0,0,1,0,5,0,1,1,6,1,36,7,1388,1,13,2,1,2
2016400095603,2,9,0,18,0,0,0,0,0,0,3,1,6,1,22,5,1834,1,14,5,1,5
2016400095603,3,9,0,18,0,0,0,0,0,0,3,1,6,2,62,9,1560,2,5,8,1,8
2016400095641,1,9,0,18,0,1,0,0,0,0,1,1,1,1,26,6,2184,2,2,10,1,10
2016400095641,2,9,0,4,0,1,0,0,0,0,2,1,1,1,35,6,1798,8,-1,3,1,3
2016400095676,1,21,0,9,0,8,0,0,0,0,4,1,1,1,28,6,10518,2,4,3,1,3
2016400095676,2,9,0,18,0,8,0,0,0,0,1,1,5,1,43,7,1999,2,-1,9,2,9
2016400095698,1,9,0,18,0,1,0,0,0,0,3,1,1,1,64,9,1910,2,6,4,1,4
2016400095698,2,1,0,18,0,1,0,0,0,0,1,1,5,1,29,6,-1,-1,-1,3,1,3
2016400095759,1,9,0,18,0,0,0,4,1,11,1,1,6,1,86,11,1390,1,12,5,1,5
2016400095759,2,9,0,2,0,0,0,0,0,0,2,1,6,3,-1,-1,-1,-1,-1,-1,-1,-1
2016400095783,1,9,0,18,0,2,0,0,0,0,4,1,5,1,40,7,1390,1,12,2,1,2
2016400095806,1,9,0,18,0,8,0,0,0,0,3,1,6,1,23,5,1896,2,8,2,1,2
2016400095826,1,9,0,9,0,8,0,0,0,0,3,1,5,1,70,10,1598,2,1,7,3,7
2016400095826,2,5,0,18,0,1,0,0,0,0,3,1,5,1,40,7,999,1,9,9,1,9
2016400096130,1,9,0,18,0,2,0,0,0,0,1,1,6,1,-1,-1,-1,-1,-1,-1,-1,-1
2016400096130,2,9,0,3,0,2,0,0,0,0,2,1,6,1,42,7,1998,1,10,4,1,4
2016400096313,1,5,0,18,0,0,0,12,1,0,4,1,6,1,40,7,1043,1,4,3,1,3
2016400096343,1,5,0,17,0,0,1,0,0,0,4,1,5,2,52,8,652,1,1,6,3,6
2016400096405,1,9,0,18,0,1,0,0,0,0,1,1,6,1,-1,-1,1396,1,17,-1,-1,-1
2016400096405,2,9,0,4,0,1,0,0,0,0,2,1,5,2,37,7,1997,2,5,6,1,6
2016400096455,1,9,0,4,0,0,0,0,0,0,1,1,6,1,27,6,2967,2,5,3,1,3
2016400096455,2,9,0,3,0,0,0,0,0,0,2,1,6,1,33,6,1120,2,1,2,1,2
2016400096455,3,9,0,3,0,0,0,0,0,0,2,1,6,1,50,8,1686,2,4,3,1,3
2016400096455,4,9,0,3,0,0,0,0,0,0,2,1,6,1,37,7,1389,1,18,3,1,3
2016400096544,1,3,0,13,0,0,0,0,0,0,4,1,5,2,20,4,124,1,2,7,3,7
2016400096594,1,5,0,18,0,8,0,0,0,0,3,1,6,1,56,9,1690,1,2,3,1,3
2016400096594,2,9,0,18,0,8,0,0,0,0,3,1,6,1,43,7,1796,1,10,4,1,4
2016400096594,3,9,0,18,0,8,0,0,0,0,3,1,6,2,31,6,1198,1,13,4,1,4
2016400096625,1,1,0,18,0,0,0,12,0,0,1,1,6,1,52,8,-1,-1,-1,6,1,6
2016400096677,1,9,0,4,0,1,0,0,0,0,1,1,5,2,36,7,1197,1,1,3,1,3
2016400096677,2,9,0,3,0,1,0,0,0,0,2,1,5,1,31,6,1598,1,3,2,1,2
2016400096764,1,1,0,18,0,0,1,0,0,0,0,1,5,1,41,7,-1,-1,-1,9,3,9
2016400096764,2,9,0,5,0,0,0,0,0,0,0,1,5,1,19,4,1968,2,4,7,3,7
2016400096794,1,9,0,4,0,1,0,0,0,0,1,1,6,1,39,7,1769,1,15,2,1,2
2016400096794,2,9,0,3,0,1,0,0,0,0,2,1,6,1,40,7,2967,2,9,2,1,2
2016400096810,1,9,0,18,0,1,0,0,0,0,1,1,6,3,-1,-1,-1,-1,-1,-1,-1,-1
2016400097353,1,5,0,17,0,0,0,0,1,0,1,1,6,1,20,4,599,1,16,3,1,3
2016400097392,1,9,0,17,0,0,2,0,0,0,4,1,1,2,58,9,1910,2,9,10,2,10
2016400097428,1,3,0,3,0,0,0,0,0,0,1,1,6,1,44,7,125,1,8,5,3,5
2016400097428,2,19,0,1,0,0,0,0,0,0,2,1,6,3,-1,-1,-1,-1,-1,-1,-1,-1
2016400097450,1,9,0,9,0,8,0,0,0,0,4,1,6,2,58,9,973,1,13,8,1,8
2016400097450,2,5,0,18,0,8,0,0,0,0,1,1,6,1,19,4,598,1,21,2,1,2
2016400097492,1,9,0,18,0,1,1,0,0,0,1,1,5,1,53,8,1995,2,12,5,1,5
2016400097492,2,9,0,3,0,4,0,0,0,0,2,1,5,2,68,10,1368,1,-1,6,1,6
2016400097523,1,9,0,9,0,8,0,0,0,0,1,1,6,1,29,6,1997,1,16,-1,-1,-1
2016400097523,2,9,0,4,0,8,0,0,0,0,1,1,6,1,39,7,1397,1,15,1,1,1
2016400097523,3,9,0,18,0,1,0,0,0,0,0,1,1,1,-1,-1,1242,1,-1,-1,-1,-1
2016400097524,1,9,0,18,0,8,0,0,0,0,1,1,1,1,53,8,-1,3,3,6,1,6
2016400097524,2,9,0,9,0,8,0,0,0,0,3,1,6,2,36,7,1422,2,13,7,1,7
2016400097592,1,8,0,9,0,8,0,0,0,0,1,1,1,1,63,9,1997,2,8,10,1,10
2016400097592,2,9,0,14,0,8,0,0,0,0,4,1,5,2,54,8,2979,1,12,3,1,3
2016400097643,1,9,0,18,0,1,0,0,0,0,1,1,1,1,43,7,1956,2,5,1,1,1
2016400097643,2,19,0,18,0,8,0,0,0,0,1,1,1,1,33,6,1598,2,1,6,1,6
2016400097643,3,19,0,3,0,2,0,0,0,0,2,1,1,1,57,9,1870,2,13,3,1,3
2016400097667,1,9,0,4,0,1,0,0,1,0,2,1,5,2,54,8,1086,1,8,10,1,10
2016400097667,2,9,0,18,0,1,0,0,0,0,1,1,6,3,-1,-1,-1,-1,-1,-1,-1,-1
2016400097695,1,9,0,13,0,8,0,0,0,0,1,1,6,2,39,7,1598,1,6,2,1,2
2016400097695,2,5,0,18,0,8,0,0,0,0,2,1,6,1,43,7,1084,1,18,2,1,2
2016400097698,1,11,0,5,0,0,0,0,0,0,1,1,1,1,56,9,4461,2,1,5,1,5
2016400097735,1,9,0,13,0,8,2,0,1,4,1,1,6,1,20,4,-1,-1,-1,9,1,9
2016400097783,1,19,0,16,0,0,1,0,0,0,1,1,5,1,18,4,1868,2,14,7,3,7
2016400097783,2,9,0,18,0,0,1,0,1,0,1,1,1,2,55,8,1398,1,1,1,1,1
2016400097817,1,9,0,18,0,8,1,4,0,0,1,1,6,1,29,6,1988,1,14,8,2,8
2016400097817,2,9,0,18,0,1,0,0,0,0,0,1,1,1,-1,-1,1796,2,3,2,1,2
2016400097817,3,9,0,2,0,1,0,0,0,0,3,1,6,3,-1,-1,-1,-1,-1,-1,-1,-1
2016400097817,4,9,0,2,0,1,0,0,0,0,3,1,6,3,-1,-1,-1,-1,-1,-1,-1,-1
2016400097903,1,5,0,18,0,0,0,0,0,0,1,1,5,1,72,10,-1,-1,-1,4,1,4
2016400097903,2,9,0,4,0,0,0,0,0,0,2,1,1,1,54,8,1968,2,7,2,1,2
2016400098046,1,9,0,16,0,0,0,4,7,0,1,1,5,2,77,11,998,1,10,7,1,7
2016400098046,2,9,0,2,0,0,0,0,0,0,4,1,6,3,-1,-1,-1,-1,-1,-1,-1,-1
2016400098113,1,9,0,7,0,6,0,0,1,10,1,1,5,1,77,11,2597,1,14,3,1,3
2016400098132,1,9,0,9,0,8,0,0,0,0,1,1,6,2,86,11,1339,1,2,7,1,7
2016400098132,2,9,0,18,0,8,0,0,0,0,4,1,6,2,34,6,1896,2,18,4,3,4
2016400098197,1,19,0,18,0,0,0,0,0,0,4,1,2,1,52,8,1598,2,2,8,1,8
2016400098197,2,9,0,12,8,0,0,0,0,0,3,1,6,2,30,6,1998,1,14,6,1,6
2016400098241,1,9,0,18,0,3,0,0,0,0,4,1,6,3,-1,-1,-1,-1,-1,-1,-1,-1
2016400098241,2,9,0,18,0,3,0,0,0,0,3,1,5,1,31,6,1388,1,10,-1,-1,-1
2016400098261,1,3,0,9,0,8,1,0,0,0,3,1,1,1,25,5,124,1,-1,6,1,6
2016400098280,1,9,0,16,0,0,2,0,8,10,3,1,2,1,25,5,1753,2,10,10,2,10
2016400098380,1,11,0,18,3,0,0,0,0,0,1,1,1,1,52,8,9000,2,9,4,1,4
2016400098380,2,11,0,4,3,0,0,0,0,0,2,1,1,1,53,8,9000,2,11,3,1,3
2016400098535,1,98,4,11,0,0,0,0,0,0,3,1,1,1,26,6,-1,-1,-1,-1,-1,-1
2016400098535,2,9,0,18,0,0,0,0,0,0,4,1,6,2,32,6,1586,1,-1,-1,-1,-1
2016400098595,1,5,0,18,0,2,5,0,0,0,4,1,5,1,64,9,-1,-1,-1,6,2,6
2016400098600,1,5,0,13,0,8,0,0,7,0,1,1,6,1,37,7,-1,-1,-1,6,2,6
2016400098600,2,9,0,9,0,5,0,0,0,0,3,1,6,2,34,6,1598,1,12,2,1,2
2016400098638,1,9,0,4,0,0,0,0,0,0,2,1,5,1,46,8,1598,2,3,2,1,2
2016400098638,2,9,0,4,0,0,0,0,0,0,1,1,5,2,49,8,1386,1,4,9,3,9
2016400098638,3,9,0,4,0,0,0,0,0,0,1,1,5,1,39,7,1968,1,10,5,2,5
2016400098676,1,9,0,14,0,1,0,0,7,11,1,1,2,2,59,9,1497,8,2,4,3,4
2016400098697,1,9,0,18,0,0,1,0,1,7,1,1,6,1,-1,-1,1895,1,16,-1,-1,-1
2016400098697,2,9,0,18,0,0,0,0,0,0,2,1,6,2,57,9,1598,2,-1,5,1,5
2016400099128,1,9,0,18,0,1,0,0,0,0,1,1,5,2,68,10,1560,2,10,2,1,2
2016400099128,2,9,0,7,0,2,0,0,0,0,1,1,6,2,25,5,1461,2,12,2,1,2
2016400099209,1,9,0,7,0,2,0,0,0,0,0,1,6,2,19,4,998,1,1,5,1,5
2016400099417,1,9,0,18,0,0,0,0,0,0,1,1,6,2,-1,-1,2597,1,13,-1,-1,-1
2016400099417,2,9,0,3,0,0,0,0,0,0,2,1,6,2,41,7,2993,2,1,8,1,8
2016400099436,1,9,0,16,0,0,1,0,7,4,1,1,6,1,31,6,2926,2,15,5,1,5
2016400099561,1,9,0,10,0,1,0,0,0,0,2,1,5,1,38,7,-1,-1,-1,2,1,2
2016400099561,2,9,0,18,0,1,0,0,0,0,1,1,6,3,-1,-1,-1,-1,-1,-1,-1,-1
2016400100252,1,1,0,18,0,0,0,0,0,0,1,1,6,1,27,6,-1,-1,-1,1,1,1
2016400100252,2,9,0,18,0,0,0,0,0,0,1,1,6,1,27,6,1910,2,11,4,1,4
2016400100463,1,21,0,18,0,1,0,0,0,0,1,1,1,1,32,6,12777,2,1,4,1,4
2016400100463,2,9,0,4,0,1,0,0,0,0,2,1,1,1,34,6,2198,2,1,9,1,9
2016400100463,3,9,0,4,0,1,0,0,0,0,2,1,6,1,58,9,2143,2,5,10,2,10
2016400100463,4,9,0,10,0,8,0,0,0,0,2,1,6,1,36,7,2967,2,5,2,1,2
2016400100629,1,9,0,18,0,3,0,0,0,0,1,1,6,3,-1,-1,-1,-1,-1,-1,-1,-1
2016400100629,2,9,0,9,0,8,0,0,0,0,3,1,6,2,50,8,989,1,15,7,1,7