Accident_Index,Vehicle_Reference,Vehicle_Type,Towing_and_Articulation,Vehicle_Manoeuvre,Vehicle_Location-Restricted_Lane,Junction_Location,Skidding_and_Overturning,Hit_Object_in_Carriageway,Vehicle_Leaving_Carriageway,Hit_Object_off_Carriageway,1st_Point_of_Impact,Was_Vehicle_Left_Hand_Drive?,Journey_Purpose_of_Driver,Sex_of_Driver,Age_of_Driver,Age_Band_of_Driver,Engine_Capacity_(CC),Propulsion_Code,Age_of_Vehicle,Driver_IMD_Decile,Driver_Home_Area_Type,Vehicle_IMD_Decile
2016400100724,1,9,0,7,0,8,0,0,0,0,1,1,5,2,41,7,1229,1,2,1,1,1
2016400100724,2,1,0,18,4,8,0,0,0,0,1,1,6,2,17,4,-1,-1,-1,1,1,1
2016400101092,1,9,0,4,0,0,0,0,7,0,4,1,2,1,30,6,1999,1,-1,9,1,9
2016400101092,2,9,0,3,0,0,0,0,1,0,3,1,5,1,51,8,1560,2,2,7,3,7
2016400101496,1,9,0,13,0,8,0,0,0,0,4,1,1,1,40,7,2400,2,1,-1,-1,-1
2016400101496,2,9,0,18,0,8,0,0,1,10,3,1,5,1,-1,-1,1995,2,2,-1,-1,-1
2016400101566,1,9,0,5,0,8,0,0,0,0,3,1,5,2,42,7,1798,1,9,3,1,3
2016400102243,1,5,0,18,0,0,2,7,1,10,1,1,5,1,22,5,599,1,12,9,2,9
2016400102642,1,9,0,18,0,1,0,0,8,0,1,1,5,2,21,5,998,1,4,10,1,10
2016400102683,1,9,0,6,0,8,0,0,0,0,4,1,5,1,25,5,1995,1,10,9,2,9
2016400102683,2,3,0,18,0,8,0,0,0,0,3,1,5,1,18,4,125,1,-1,6,1,6
2016400102733,1,9,0,9,0,5,0,0,0,0,3,1,5,1,29,6,1388,1,6,3,1,3
2016400102733,2,3,0,13,0,8,0,0,7,0,1,1,5,1,17,4,1301,1,-1,10,1,10
2016400102794,1,98,1,12,0,1,0,0,0,0,3,1,1,1,46,8,-1,-1,-1,-1,-1,-1
2016400102794,2,9,0,18,0,1,1,0,5,6,4,1,1,2,43,7,1242,1,2,6,1,6
2016400102895,1,9,0,18,0,0,0,0,0,0,1,1,5,1,42,7,1798,1,8,4,1,4
2016400102895,2,9,0,3,0,0,0,0,0,0,2,1,5,2,30,6,1598,1,8,4,1,4
2016400103117,1,98,1,12,0,0,0,0,0,0,1,1,1,1,30,6,-1,-1,-1,-1,-1,-1
2016400103117,2,9,0,13,0,0,0,0,0,0,4,1,6,1,54,8,1560,2,2,9,2,9
2016400103186,1,9,0,9,0,0,0,0,0,0,1,1,5,2,73,10,1296,1,9,5,3,5
2016400103186,2,9,0,18,0,0,5,10,1,2,1,1,5,1,51,8,2993,2,-1,8,1,8
2016400103234,1,9,0,18,0,8,0,0,0,0,1,1,6,1,25,5,1596,1,11,9,1,9
2016400103234,2,9,0,5,0,8,0,0,0,0,1,1,6,1,24,5,1910,2,10,4,1,4
2016400103255,1,9,0,5,0,4,0,0,0,0,1,1,5,2,34,6,2987,2,6,2,1,2
2016400103255,2,4,0,5,0,4,0,0,0,0,3,1,5,1,36,7,244,1,9,2,1,2
2016400103279,1,9,0,7,0,8,0,0,0,0,4,1,2,1,41,7,1797,8,7,3,1,3
2016400103279,2,1,0,18,0,8,0,0,0,0,1,1,2,1,28,6,-1,-1,-1,-1,-1,-1
2016400103313,1,9,0,18,0,1,0,0,0,0,1,1,6,1,32,6,999,1,1,-1,-1,-1
2016400103313,2,9,0,4,0,1,0,0,0,0,2,1,6,1,30,6,1397,1,15,7,1,7
2016400103313,3,9,0,3,0,1,0,0,0,0,2,1,6,1,52,8,1598,2,5,10,2,10
2016400103451,1,9,0,9,0,2,1,4,0,0,1,1,6,1,-1,-1,1598,1,12,-1,-1,-1
2016400103451,2,9,0,2,0,1,0,4,0,0,1,1,6,3,-1,-1,-1,-1,-1,-1,-1,-1
2016400103451,3,9,0,2,0,2,0,0,0,0,1,1,6,3,-1,-1,-1,-1,-1,-1,-1,-1
2016400103451,4,9,0,18,0,1,0,0,0,0,0,1,1,1,-1,-1,2400,2,4,-1,-1,-1
2016400103487,1,9,0,18,0,0,1,0,0,0,1,1,6,1,25,5,1796,1,14,7,1,7
2016400103487,2,9,0,6,0,0,1,4,0,0,3,1,6,2,35,6,1598,2,-1,4,1,4
2016400103487,3,9,0,2,0,0,0,0,0,0,3,1,6,3,-1,-1,-1,-1,-1,-1,-1,-1
2016400103516,1,9,0,18,0,8,0,0,0,0,1,1,6,1,29,6,1086,1,9,9,1,9
2016400103516,2,19,0,18,0,8,0,0,0,0,3,1,6,1,28,6,2143,2,5,2,1,2
2016400103599,1,21,1,4,0,0,0,0,0,0,1,1,1,1,56,9,12900,2,4,6,1,6
2016400103599,2,9,0,4,0,0,0,0,0,0,2,1,1,1,47,8,-1,-1,-1,3,1,3
2016400103630,1,9,0,1,0,0,0,0,0,0,3,1,6,2,35,6,1200,1,2,4,1,4
2016400103630,2,9,0,18,0,0,0,0,0,0,1,1,6,1,51,8,1497,8,9,8,1,8
2016400103649,1,9,0,18,0,0,0,0,0,0,1,1,6,3,-1,-1,1339,1,1,-1,-1,-1
2016400103649,2,1,0,18,0,0,0,0,0,0,2,1,6,1,51,8,-1,-1,-1,4,1,4
2016400103655,1,9,0,9,0,8,0,0,0,0,4,1,6,1,28,6,1968,2,1,3,1,3
2016400103655,2,3,0,18,0,8,0,0,0,0,4,1,6,1,22,5,125,1,-1,1,1,1
2016400103691,1,9,0,18,0,0,5,0,5,6,1,1,5,2,36,7,1368,1,8,5,1,5
2016400103717,1,9,0,18,0,1,0,0,0,0,3,1,6,3,-1,-1,-1,-1,-1,-1,-1,-1
2016400103717,2,1,0,18,0,4,0,0,0,0,4,1,6,1,18,4,-1,-1,-1,-1,-1,-1
2016400103728,1,19,0,18,0,1,0,0,0,0,3,1,6,1,-1,-1,1996,2,5,9,2,9
2016400103728,2,3,0,13,0,1,0,0,0,0,4,1,1,1,50,8,124,1,3,4,1,4
2016400103762,1,21,0,18,0,0,1,0,1,0,1,1,1,1,21,5,12740,2,3,5,1,5
2016400103762,2,98,1,18,0,0,0,0,0,0,2,1,1,1,42,7,-1,-1,-1,-1,-1,-1
2016400103789,1,19,0,7,0,6,0,0,0,0,1,1,1,1,43,7,2300,2,13,2,1,2
2016400103789,2,9,0,18,0,8,1,0,1,2,4,1,6,2,22,5,1149,1,4,2,1,2
2016400103831,1,9,0,16,0,0,2,0,7,9,1,1,2,1,20,4,1390,1,6,10,2,10
2016400103981,1,9,0,7,0,3,0,0,0,0,4,1,6,1,61,9,1199,1,12,10,1,10
2016400104274,1,9,0,11,0,8,0,0,0,0,4,1,5,2,-1,-1,1229,1,11,2,1,2
2016400104274,2,9,0,4,0,8,0,0,0,0,3,1,5,2,22,5,1598,2,5,2,1,2
2016400104325,1,9,0,18,0,1,0,0,0,0,3,1,5,2,56,9,1461,2,7,5,1,5
2016400104325,2,9,0,7,0,1,0,0,0,0,3,1,5,2,-1,-1,1587,1,13,-1,-1,-1
2016400104370,1,9,0,9,0,8,0,0,0,0,4,1,5,2,47,8,1896,2,15,3,1,3
2016400104370,2,1,0,18,0,8,0,0,0,0,1,1,5,1,-1,-1,-1,-1,-1,7,1,7
2016400104405,1,9,0,9,0,8,0,0,0,0,1,1,6,1,-1,-1,1896,2,6,4,1,4
2016400104405,2,9,0,18,0,8,0,0,0,0,3,1,6,2,26,6,1229,1,6,-1,-1,-1
2016400104423,1,1,0,18,0,8,0,0,0,0,1,1,6,1,27,6,-1,-1,-1,9,1,9
2016400104423,2,9,0,7,0,8,0,0,0,0,4,1,6,3,-1,-1,-1,-1,-1,-1,-1,-1
2016400104496,1,9,0,9,0,8,0,0,0,0,1,1,2,1,30,6,1685,2,5,3,1,3
2016400104496,2,1,0,5,0,8,0,0,0,0,4,1,2,1,59,9,-1,-1,-1,3,1,3
2016400104496,3,9,0,5,0,1,0,0,0,0,0,1,6,3,-1,-1,-1,-1,-1,-1,-1,-1
2016400104555,1,1,0,18,0,0,0,0,0,0,1,1,5,1,34,6,-1,-1,-1,3,1,3
2016400104555,2,9,0,3,0,0,0,0,0,0,2,1,5,1,50,8,1598,2,1,7,1,7
2016400104602,1,9,0,18,0,0,0,0,0,0,1,1,5,2,26,6,1197,1,5,1,1,1
2016400104602,2,9,0,4,0,0,0,0,0,0,2,1,5,1,30,6,1910,2,10,9,1,9
2016400104660,1,9,0,7,0,6,0,0,0,0,1,1,1,2,74,10,1796,1,15,7,3,7
2016400104660,2,9,0,18,0,8,0,0,0,0,1,1,1,1,62,9,1783,1,13,4,1,4
2016400104660,3,9,0,18,0,1,0,0,0,0,3,1,1,1,48,8,1998,1,9,3,1,3
2016400104679,1,9,0,12,0,8,0,0,0,0,1,1,6,1,29,6,1461,2,1,-1,-1,-1
2016400104679,2,9,0,18,0,8,0,0,3,0,2,1,6,1,39,7,-1,-1,-1,3,1,3
2016400104679,3,98,1,3,0,1,0,0,0,0,1,1,6,1,46,8,-1,-1,-1,-1,-1,-1
2016400104707,1,9,0,6,0,0,0,0,0,0,3,1,5,2,45,7,1598,1,8,8,1,8
2016400104707,2,9,0,13,0,0,0,0,0,0,4,1,5,1,25,5,5998,1,6,7,3,7
2016400104721,1,5,0,13,0,8,0,0,0,0,4,1,5,1,51,8,598,1,15,5,3,5
2016400104721,2,9,0,9,0,8,0,0,0,0,3,1,6,1,29,6,1598,1,11,2,1,2
2016400104733,1,3,0,18,0,0,0,12,0,0,1,1,2,1,17,4,124,1,-1,2,2,2
2016400104746,1,3,0,13,0,8,0,0,0,0,4,1,6,1,22,5,124,1,3,6,1,6
2016400104746,2,9,0,9,0,8,0,0,0,0,3,1,6,1,22,5,-1,-1,-1,8,1,8
2016400104775,1,9,0,18,0,8,0,0,0,0,1,1,5,1,30,6,1398,1,-1,3,1,3
2016400104775,2,9,0,18,0,8,0,0,0,0,2,1,5,1,29,6,1796,1,9,2,1,2
2016400104807,1,9,0,13,0,8,0,0,7,0,1,1,6,1,20,4,1968,2,2,3,1,3
2016400104807,2,9,0,18,0,1,0,4,0,0,0,1,1,1,35,6,2400,2,2,-1,-1,-1
2016400104807,3,8,0,9,0,8,0,0,7,0,1,1,6,1,43,7,1797,8,5,4,1,4
2016400104807,4,9,0,2,0,2,0,0,0,0,1,1,6,3,-1,-1,-1,-1,-1,-1,-1,-1
2016400104858,1,9,0,16,0,0,0,0,7,0,1,1,6,2,25,5,1598,1,9,4,1,4
2016400104885,1,9,0,18,0,0,0,0,0,0,1,1,6,3,-1,-1,-1,-1,-1,-1,-1,-1
2016400104885,2,9,0,18,0,0,0,0,0,0,2,1,6,2,31,6,1753,2,9,7,1,7
2016400104934,1,9,0,18,0,1,0,0,0,0,4,1,6,1,19,4,1595,1,13,7,1,7
2016400104934,2,1,0,18,0,1,0,0,0,0,3,1,6,1,20,4,-1,-1,-1,7,1,7
2016400104972,1,9,0,18,0,4,0,0,0,0,1,1,5,1,74,10,998,1,-1,9,1,9
2016400104972,2,9,0,9,0,8,0,0,0,0,4,1,5,2,-1,-1,1598,2,3,10,3,10
2016400105006,1,11,0,18,0,8,0,0,0,0,0,1,1,1,41,7,-1,-1,-1,2,1,2
2016400105023,1,9,0,18,0,0,0,0,0,0,1,1,6,1,18,4,1598,2,3,9,2,9
2016400105023,2,19,0,18,0,0,0,0,0,0,1,1,6,1,29,6,2198,2,4,4,1,4
2016400105075,1,5,0,13,0,0,0,0,0,0,1,1,5,1,24,5,599,1,8,10,1,10
2016400105075,2,9,0,4,0,0,0,0,0,0,2,1,5,1,33,6,998,1,-1,4,1,4
2016400105075,3,9,0,7,0,0,0,0,0,0,0,1,6,3,-1,-1,1998,2,13,-1,-1,-1
2016400105117,1,9,0,18,0,3,2,0,1,0,2,1,2,2,21,5,1242,1,2,3,1,3
2016400105117,2,98,0,18,0,3,0,0,0,0,3,1,2,1,37,7,-1,-1,-1,-1,-1,-1
2016400105135,1,9,0,18,0,1,0,0,0,0,1,1,6,1,67,10,1598,2,1,6,2,6
2016400105135,2,9,0,4,0,1,0,0,0,0,2,1,6,2,36,7,2926,2,13,10,2,10
2016400105135,3,9,0,8,0,1,0,0,0,0,2,1,6,1,69,10,-1,-1,-1,5,1,5
2016400105162,1,9,0,18,0,8,0,0,0,0,1,1,6,2,36,7,1598,1,11,2,1,2
2016400105190,1,5,0,7,0,2,0,0,0,0,1,1,6,2,47,8,803,1,1,6,1,6
2016400105190,2,9,0,18,0,1,0,0,0,0,3,1,6,2,39,7,2776,2,9,4,1,4
2016400105297,1,9,0,18,0,2,0,0,0,0,1,1,6,1,36,7,2494,1,16,-1,-1,-1
2016400105297,2,21,1,18,0,1,0,0,0,0,1,1,1,1,38,7,12902,2,-1,6,1,6
2016400105489,1,19,0,9,0,8,0,0,0,0,1,1,6,3,-1,-1,1248,2,11,-1,-1,-1
2016400105489,2,9,0,18,0,1,1,0,0,0,3,1,2,2,51,8,1388,1,10,10,2,10
2016400105723,1,9,0,11,0,0,0,0,0,0,4,1,6,2,52,8,1796,2,3,4,1,4
2016400105723,2,9,0,4,0,0,0,0,0,0,3,1,6,2,31,6,1896,2,11,6,1,6
2016400105738,1,97,0,13,0,8,0,0,0,0,1,1,6,1,-1,-1,-1,-1,-1,2,1,2
2016400105738,2,9,0,9,0,8,0,0,0,0,3,1,6,2,43,7,1997,2,8,9,1,9
2016400105766,1,97,0,18,9,2,0,0,0,0,0,1,6,1,-1,-1,-1,-1,-1,-1,-1,-1
2016400105814,1,9,0,18,0,0,0,0,0,0,1,1,5,2,26,6,998,1,13,3,1,3
2016400105814,2,9,0,3,0,0,0,0,0,0,1,1,5,1,24,5,1968,2,8,3,1,3
2016400105825,1,9,0,5,0,8,0,0,0,0,1,1,6,2,40,7,1389,1,13,-1,-1,-1
2016400105825,2,22,0,18,0,8,5,0,0,0,4,1,6,1,86,11,-1,-1,-1,1,1,1
2016400105859,1,9,0,18,0,0,0,4,0,0,1,1,6,2,27,6,2143,2,1,5,1,5
2016400105859,2,9,0,2,0,0,0,4,0,0,1,1,6,3,-1,-1,-1,-1,-1,-1,-1,-1
2016400105859,3,9,0,2,0,0,0,0,0,0,2,1,6,3,-1,-1,-1,-1,-1,-1,-1,-1
2016400105903,1,9,0,18,0,8,0,0,0,0,1,1,6,2,-1,-1,-1,-1,-1,-1,-1,-1
2016400105903,2,1,0,18,0,8,0,0,0,0,3,1,6,1,10,2,-1,-1,-1,10,1,10
2016400105951,1,9,0,9,0,8,0,0,0,0,1,1,5,1,22,5,1198,1,13,-1,-1,-1
2016400105951,2,3,0,18,0,8,0,0,0,0,1,1,2,1,23,5,124,1,5,7,1,7
2016400105990,1,9,0,1,0,1,0,0,0,0,2,1,1,1,-1,-1,1686,2,6,2,1,2
2016400105990,2,9,0,7,0,8,0,0,0,0,1,1,6,3,-1,-1,-1,-1,-1,-1,-1,-1
2016400106006,1,9,0,4,0,0,0,0,0,0,1,1,1,1,22,5,2494,1,12,2,1,2
2016400106006,2,9,0,4,0,0,0,0,0,0,2,1,2,2,29,6,1229,1,9,8,1,8
2016400106030,1,9,0,3,0,1,0,0,0,0,2,1,1,2,22,5,1364,1,9,10,2,10
2016400106030,2,9,0,4,0,1,0,0,0,0,1,1,6,2,-1,-1,-1,-1,-1,-1,-1,-1
2016400106124,1,9,0,1,0,1,0,0,0,0,1,1,6,1,-1,-1,1598,1,13,-1,-1,-1
2016400106124,2,9,0,3,0,1,0,0,0,0,3,1,5,1,52,8,1598,1,11,8,1,8
2016400106124,3,9,0,1,0,1,0,0,0,0,2,1,1,1,-1,-1,2400,2,3,9,1,9
2016400106159,1,9,0,18,0,0,5,0,7,4,1,1,5,1,-1,-1,1598,1,10,9,1,9
2016400106348,1,9,0,18,0,0,0,0,0,0,1,1,6,1,29,6,1248,2,5,10,1,10
2016400106348,2,9,0,4,0,0,0,0,0,0,2,1,5,1,51,8,-1,-1,-1,7,1,7
2016400106422,1,9,0,17,0,0,0,0,0,0,1,1,5,1,17,4,1390,1,9,10,1,10
2016400106422,2,9,0,16,0,0,0,0,0,0,3,1,2,1,33,6,1969,2,-1,9,1,9
2016400106535,1,9,0,3,0,1,0,0,0,0,2,1,6,3,-1,-1,1390,1,14,-1,-1,-1
2016400106535,2,9,0,18,0,1,0,0,0,0,1,1,6,1,43,7,1108,1,13,4,1,4
2016400106758,1,9,0,18,0,0,0,0,0,0,1,1,5,1,55,8,1398,2,11,7,3,7
2016400106791,1,9,0,18,0,0,0,0,0,0,1,1,5,1,38,7,1781,1,16,-1,-1,-1
2016400106791,2,9,0,18,0,0,0,0,0,0,1,1,5,1,24,5,1968,2,2,4,1,4
2016400106856,1,9,0,18,0,0,0,4,0,0,1,1,6,1,77,11,875,1,4,5,1,5
2016400106856,2,9,0,2,0,0,0,0,0,0,2,1,6,1,57,9,1968,2,7,8,1,8
2016400106867,1,9,0,3,0,8,0,0,0,0,2,1,6,1,44,7,1794,1,8,3,1,3
2016400106867,2,9,0,18,0,8,0,0,0,0,1,1,6,1,-1,-1,1986,2,10,4,1,4
2016400106875,1,9,0,9,0,8,0,0,0,0,1,1,6,1,53,8,1796,1,9,9,1,9
2016400106875,2,9,0,18,0,8,0,0,0,0,4,1,6,1,23,5,1598,1,2,7,1,7
2016400106909,1,9,0,18,0,0,0,0,0,0,1,1,6,1,28,6,1968,2,1,10,3,10
2016400106909,2,9,0,4,0,0,0,0,0,0,2,1,6,3,44,7,2967,2,9,-1,-1,-1
2016400106909,3,9,0,4,0,0,0,0,0,0,2,1,6,2,39,7,1395,1,2,4,1,4
2016400106930,1,9,0,1,9,0,0,0,0,0,2,1,3,2,-1,-1,1997,1,4,-1,-1,-1
2016400106982,1,9,0,18,0,1,0,0,0,0,1,1,2,2,29,6,1598,2,3,8,1,8
2016400106982,2,9,0,7,0,1,5,0,1,0,3,1,6,2,47,8,1242,1,3,8,2,8
2016400107004,1,1,0,18,0,0,5,0,0,0,1,1,5,1,12,3,-1,-1,-1,2,1,2
2016400107004,2,9,0,18,0,0,0,0,0,0,4,1,6,1,23,5,2000,2,11,7,1,7
2016400107013,1,21,0,4,0,0,0,0,0,0,1,1,1,1,36,7,-1,-1,-1,-1,-1,-1
2016400107013,2,9,0,10,0,0,0,0,0,0,2,1,6,2,35,6,1598,1,9,6,1,6
2016400107013,3,9,0,10,0,0,0,0,0,0,2,1,6,1,37,7,1762,1,17,3,1,3
2016400107050,1,19,0,18,0,0,0,0,1,0,1,1,6,1,21,5,2143,2,5,7,1,7
2016400107050,2,9,0,3,0,0,0,0,0,0,2,1,6,2,48,8,1995,2,10,10,1,10
2016400107050,3,21,0,3,0,0,0,0,0,0,2,1,6,1,56,9,7790,2,5,7,1,7
2016400107050,4,9,0,3,0,0,0,0,0,0,2,1,6,2,42,7,1796,1,8,8,3,8
2016400107050,5,9,0,3,0,0,0,0,0,0,2,1,6,1,29,6,-1,-1,-1,10,1,10
2016400107050,6,9,0,3,0,0,0,0,0,0,2,1,6,2,60,9,1586,1,1,5,3,5
2016400107151,1,5,0,4,0,1,1,0,0,0,4,1,5,1,53,8,1584,1,8,7,1,7
2016400107244,1,3,0,18,0,4,1,0,3,0,1,1,6,1,38,7,124,1,-1,8,2,8
2016400107353,1,4,0,18,0,0,0,0,1,0,3,1,5,1,52,8,495,1,34,3,3,3
2016400107397,1,9,0,18,0,4,0,0,0,0,1,1,6,2,-1,-1,1229,1,9,-1,-1,-1
2016400107397,2,9,0,18,0,8,0,0,0,0,4,1,6,1,21,5,1896,2,10,4,1,4
2016400107434,1,9,0,16,0,0,1,0,1,9,1,1,6,2,20,4,1229,1,4,1,1,1
2016400107449,1,9,0,12,0,0,0,0,0,0,3,1,2,1,34,6,2967,2,-1,8,2,8
2016400107449,2,5,0,13,0,0,0,0,0,0,4,1,2,1,46,8,1099,1,9,9,3,9
2016400107449,3,9,0,18,0,0,0,0,0,0,2,1,2,1,30,6,1398,1,13,3,1,3
2016400107470,1,1,0,18,0,6,0,0,0,0,1,1,6,2,30,6,-1,-1,-1,2,1,2
2016400107470,2,9,0,18,0,8,0,0,0,0,3,1,6,2,46,8,1398,1,11,4,1,4
2016400107470,3,9,0,18,0,1,0,0,0,0,3,1,6,1,29,6,1781,1,10,1,1,1
2016400107493,1,19,0,18,0,0,0,0,0,0,0,1,6,3,-1,-1,-1,-1,-1,-1,-1,-1
2016400107493,2,9,0,13,0,0,0,0,1,4,1,1,6,1,24,5,1796,1,11,1,1,1
2016400107519,1,3,0,15,0,8,0,0,0,0,1,1,2,1,34,6,124,1,-1,10,2,10
2016400107519,2,9,0,7,0,8,0,0,0,0,4,1,2,1,36,7,1590,1,11,4,1,4
2016400107534,1,9,0,18,0,0,0,0,0,0,1,1,6,1,41,7,1686,2,6,7,1,7
2016400107589,1,9,0,16,0,0,0,0,0,0,1,1,5,1,28,6,1398,1,2,6,1,6
2016400107608,1,9,0,18,0,0,0,0,0,0,1,1,6,1,-1,-1,1560,2,9,-1,-1,-1
2016400107608,2,9,0,3,0,0,0,0,0,0,2,1,1,1,57,9,-1,-1,-1,-1,-1,-1
2016400107663,1,9,0,4,0,0,0,0,0,0,1,1,1,1,-1,-1,-1,-1,-1,7,1,7
2016400107663,2,9,0,3,0,0,0,0,0,0,2,1,1,2,19,4,998,1,1,6,3,6
2016400107707,1,9,0,18,0,1,0,4,0,0,4,1,6,1,41,7,2967,2,6,6,1,6
2016400107707,2,9,0,2,0,1,0,0,0,0,3,1,6,3,-1,-1,-1,-1,-1,-1,-1,-1
2016400107707,3,9,0,2,0,2,0,0,0,0,1,1,6,3,-1,-1,-1,-1,-1,-1,-1,-1
2016400107752,1,9,0,4,0,1,0,0,0,0,1,1,6,1,-1,-1,1149,1,14,4,1,4
2016400107752,2,9,0,8,0,1,0,0,0,0,2,1,6,1,36,7,1240,1,6,6,2,6
2016400107779,1,8,0,9,0,8,0,0,7,0,4,1,1,1,44,7,1997,2,15,3,1,3
2016400107779,2,9,0,18,0,8,0,0,0,0,1,1,6,1,-1,-1,2143,2,5,-1,-1,-1
2016400107829,1,9,0,4,0,0,0,0,0,0,1,1,5,1,23,5,1598,1,14,4,1,4
2016400107829,2,9,0,4,0,0,0,0,0,0,2,1,5,1,41,7,1598,1,9,7,1,7
2016400107834,1,9,0,18,0,2,1,0,7,11,1,1,6,1,25,5,1596,1,9,8,1,8
2016400107859,1,9,0,4,0,1,0,0,0,0,1,1,6,1,39,7,1598,1,11,3,1,3
2016400107859,2,9,0,4,0,1,0,0,0,0,2,1,6,1,24,5,1896,2,9,1,1,1
2016400107875,1,9,0,18,0,8,1,0,1,7,1,1,6,1,18,4,1390,1,12,9,3,9
2016400107878,1,9,0,17,0,0,2,0,1,9,4,1,5,1,45,7,1796,1,16,-1,-1,-1
2016400107899,1,9,0,18,0,0,0,0,0,0,1,1,6,3,-1,-1,1900,2,12,-1,-1,-1
2016400107899,2,9,0,18,0,0,0,0,0,0,2,1,6,1,30,6,1686,2,12,4,1,4
2016400107906,1,9,0,17,0,0,1,0,7,9,1,1,6,1,17,4,1390,1,12,9,2,9
2016400107949,1,9,0,3,0,0,0,0,0,0,2,1,5,2,66,10,1868,2,13,4,2,4
2016400107949,2,19,0,18,0,0,0,0,0,0,1,1,1,1,54,8,1968,2,2,10,2,10
2016400107975,1,9,0,4,0,0,0,0,0,0,1,1,6,2,50,8,2143,2,1,10,1,10
2016400107975,2,9,0,4,0,0,0,0,0,0,2,1,6,1,23,5,1560,2,10,9,1,9
2016400107975,3,9,0,3,0,0,0,0,1,0,2,1,6,2,64,9,-1,-1,-1,8,2,8
2016400107997,1,9,0,18,0,0,2,0,7,2,1,1,5,1,43,7,2000,2,6,7,1,7
2016400108104,1,9,0,5,0,4,0,0,0,0,1,1,6,2,-1,-1,1390,1,11,-1,-1,-1
2016400108104,2,9,0,5,0,4,0,0,0,0,2,1,5,2,-1,-1,1496,2,1,-1,-1,-1
2016400108143,1,8,0,5,0,1,0,0,0,0,1,1,1,1,39,7,1686,2,6,5,1,5
2016400108143,2,9,0,3,0,1,0,0,0,0,2,1,6,1,34,6,1596,1,1,3,1,3
2016400108187,1,19,0,9,0,8,0,0,1,9,0,1,1,1,25,5,1996,2,2,5,1,5
2016400108187,2,98,4,18,0,4,0,0,0,0,0,1,6,3,-1,-1,-1,-1,-1,-1,-1,-1
2016400108602,1,20,0,2,0,1,0,0,0,0,1,1,6,1,54,8,3920,2,10,2,1,2
2016400108841,1,9,0,4,0,0,0,0,0,0,0,1,6,3,-1,-1,-1,-1,-1,-1,-1,-1
2016400108841,2,9,0,4,0,0,0,0,0,0,0,1,6,2,23,5,1587,1,17,3,1,3
2016400109201,1,9,0,6,0,0,0,0,0,0,4,1,5,2,51,8,1395,1,1,9,2,9
2016400109201,2,9,0,18,0,0,0,0,0,0,1,1,5,1,42,7,2993,2,3,8,3,8
2016400109205,1,9,0,9,0,4,0,0,0,0,1,1,5,1,77,11,1242,1,7,6,2,6
2016400109205,2,1,0,18,0,4,0,0,0,0,1,1,5,1,-1,-1,-1,-1,-1,2,1,2
2016400109249,1,9,0,18,0,8,1,0,1,2,1,1,1,1,44,7,1999,1,8,9,1,9
2016400109296,1,3,0,18,0,1,0,0,0,0,4,1,5,1,19,4,124,1,2,4,1,4
2016400109352,1,9,0,15,0,1,0,0,0,0,1,1,5,1,41,7,1560,2,9,3,1,3
2016400109352,2,19,0,1,0,1,0,0,0,0,4,1,1,1,48,8,2287,2,3,-1,-1,-1
2016400109377,1,9,0,18,0,3,0,0,0,0,4,1,5,2,58,9,2198,1,13,4,1,4
2016400109377,2,1,0,18,0,8,0,0,0,0,3,1,1,2,38,7,-1,-1,-1,4,1,4
2016400109382,1,9,0,9,0,8,0,0,0,0,4,1,6,1,78,11,1598,1,10,7,1,7
2016400109382,2,9,0,18,0,8,0,0,1,0,1,1,6,1,40,7,-1,-1,-1,10,1,10
2016400109427,1,9,0,12,0,0,0,0,0,0,1,1,1,1,27,6,2400,2,1,4,1,4
2016400109427,2,9,0,18,0,0,0,0,0,0,3,1,5,1,39,7,1896,2,11,2,1,2
2016400109427,3,11,0,18,0,0,0,0,0,0,1,1,1,1,34,6,4461,2,1,3,1,3
2016400109444,1,22,0,18,9,0,0,0,0,0,2,1,6,1,-1,-1,-1,-1,-1,-1,-1,-1
2016400109465,1,9,0,18,0,0,1,0,1,4,1,1,5,1,22,5,999,1,11,3,1,3
2016400109580,1,9,0,4,0,1,0,0,0,0,1,1,6,1,35,6,-1,-1,-1,9,1,9
2016400109580,2,9,0,4,0,1,0,0,0,0,2,1,6,1,21,5,1968,2,8,-1,-1,-1
2016400109580,3,9,0,3,0,8,0,0,0,0,2,1,6,1,71,10,1197,1,-1,-1,-1,-1
2016400109621,1,3,0,9,0,8,1,0,0,0,4,1,1,1,42,7,125,1,1,9,1,9
2016400109720,1,3,0,18,0,1,0,12,0,0,1,1,5,1,21,5,125,1,1,4,1,4
2016400109763,1,9,0,5,0,1,0,0,0,0,1,1,6,2,27,6,1799,1,7,4,1,4
2016400109763,2,1,0,18,0,1,0,0,0,0,1,1,6,2,16,4,-1,-1,-1,7,1,7
2016400109796,1,9,0,9,0,8,0,0,0,0,3,1,6,1,34,6,1910,2,10,3,1,3
2016400109796,2,3,0,18,0,8,0,0,0,0,1,1,6,1,55,8,123,1,3,2,1,2
2016400109849,1,9,0,18,0,0,0,0,0,0,1,1,6,2,40,7,1488,2,22,2,1,2
2016400109849,2,1,0,18,4,0,0,0,0,0,1,1,6,1,16,4,-1,-1,-1,2,1,2
2016400109862,1,3,0,13,0,8,0,0,0,0,4,1,6,1,32,6,744,1,6,5,1,5
2016400109862,2,9,0,9,0,8,0,0,0,0,1,1,6,2,30,6,1598,1,17,5,1,5