Accident_Index,Vehicle_Reference,Vehicle_Type,Towing_and_Articulation,Vehicle_Manoeuvre,Vehicle_Location-Restricted_Lane,Junction_Location,Skidding_and_Overturning,Hit_Object_in_Carriageway,Vehicle_Leaving_Carriageway,Hit_Object_off_Carriageway,1st_Point_of_Impact,Was_Vehicle_Left_Hand_Drive?,Journey_Purpose_of_Driver,Sex_of_Driver,Age_of_Driver,Age_Band_of_Driver,Engine_Capacity_(CC),Propulsion_Code,Age_of_Vehicle,Driver_IMD_Decile,Driver_Home_Area_Type,Vehicle_IMD_Decile
2016400119533,1,9,0,18,0,1,0,4,0,0,1,1,6,1,22,5,1368,1,10,4,1,4
2016400119533,2,9,0,4,0,1,0,0,0,0,2,1,6,1,48,8,1798,1,6,5,1,5
2016400119533,3,9,0,2,0,1,0,0,0,0,1,1,6,3,-1,-1,-1,-1,-1,-1,-1,-1
2016400119533,4,9,0,2,0,1,0,0,0,0,2,1,6,3,-1,-1,-1,-1,-1,-1,-1,-1
2016400119623,1,9,0,18,0,0,0,0,7,9,1,1,2,1,22,5,1364,1,10,9,2,9
2016400119623,2,9,0,18,0,0,0,0,2,0,1,1,2,1,17,4,1242,1,13,9,2,9
2016400119691,1,9,0,18,0,8,0,0,0,0,1,1,6,1,67,10,1896,2,8,7,1,7
2016400119691,2,9,0,18,0,8,0,0,0,0,4,1,6,1,18,4,1598,1,3,9,1,9
2016400119691,3,9,0,2,0,1,0,0,0,0,3,1,6,3,-1,-1,-1,-1,-1,-1,-1,-1
2016400119748,1,9,0,2,0,2,0,0,0,0,0,1,6,1,26,6,1560,2,6,4,1,4
2016400119748,2,9,0,18,0,2,0,0,0,0,3,1,6,1,52,8,1598,1,10,7,3,7
2016400119783,1,9,0,18,0,1,0,0,7,0,1,1,6,1,21,5,1600,2,7,1,1,1
2016400119783,2,8,0,18,0,2,0,0,0,0,1,1,1,1,44,7,-1,-1,-1,2,1,2
2016400119812,1,9,0,6,0,0,0,0,0,0,1,1,6,1,38,7,1896,2,13,3,1,3
2016400119812,2,9,0,13,0,0,0,0,0,0,1,1,6,1,-1,-1,1468,1,11,3,1,3
2016400119818,1,9,0,18,0,0,0,0,0,0,1,1,6,1,63,9,1598,1,16,1,1,1
2016400119818,2,9,0,18,0,0,0,0,0,0,2,1,6,1,69,10,1497,8,8,2,1,2
2016400119840,1,9,0,4,0,1,0,0,0,0,2,1,5,1,26,6,2993,2,6,10,2,10
2016400119840,2,9,0,4,0,1,0,0,0,0,2,1,5,2,51,8,1997,2,7,6,1,6
2016400119840,3,9,0,18,0,1,0,0,0,0,1,1,5,2,43,7,1598,1,6,4,1,4
2016400119885,1,19,0,4,0,4,0,0,0,0,1,1,6,1,67,10,2402,2,5,9,1,9
2016400119885,2,9,0,3,0,4,0,0,0,0,2,1,6,2,37,7,1598,1,11,9,1,9
2016400120066,1,9,0,9,0,6,0,0,0,0,1,1,6,1,21,5,1896,2,10,3,1,3
2016400120066,2,5,0,13,0,8,0,0,0,0,1,1,6,1,34,6,749,1,9,7,1,7
2016400120085,1,9,0,18,0,8,0,0,0,0,3,1,6,1,68,10,1997,2,6,9,2,9
2016400120092,1,5,0,18,0,1,1,0,0,0,4,1,5,1,37,7,675,1,5,1,1,1
2016400120142,1,9,0,5,0,1,0,0,0,0,1,1,3,1,44,7,1398,1,1,4,1,4
2016400120142,2,9,0,17,0,8,0,0,0,0,1,1,6,1,19,4,1984,1,2,4,1,4
2016400120164,1,9,0,18,0,4,0,0,0,0,1,1,6,1,-1,-1,1229,1,11,9,3,9
2016400120164,2,1,0,18,0,8,0,0,0,0,2,1,6,1,54,8,-1,-1,-1,9,3,9
2016400120262,1,9,0,5,0,0,0,0,0,0,1,1,6,3,-1,-1,1598,1,15,-1,-1,-1
2016400120405,1,9,0,18,0,8,0,0,0,0,1,1,6,1,46,8,1995,1,10,2,1,2
2016400120485,1,19,0,18,0,1,0,0,0,0,1,1,6,3,-1,-1,1896,2,8,-1,-1,-1
2016400120614,1,9,0,18,0,1,0,0,0,0,1,1,6,3,-1,-1,1590,1,18,-1,-1,-1
2016400120614,2,9,0,4,0,1,0,0,0,0,2,1,6,2,38,7,2993,2,-1,6,1,6
2016400120796,1,9,0,18,0,1,0,0,0,0,1,1,6,1,77,11,1968,2,6,4,1,4
2016400120803,1,19,0,18,0,8,0,0,0,0,3,1,6,1,20,4,1997,2,14,7,3,7
2016400120803,2,9,0,18,0,8,0,0,0,0,4,1,6,2,46,8,1596,1,3,2,1,2
2016400120830,1,9,0,18,0,0,0,0,7,0,1,1,6,1,51,8,1242,1,12,6,1,6
2016400120830,2,21,0,18,0,0,0,0,0,0,1,1,1,1,51,8,9186,2,3,7,3,7
2016400120855,1,9,0,18,0,1,0,0,0,0,1,1,6,3,-1,-1,1149,1,12,-1,-1,-1
2016400120879,1,9,0,18,0,0,2,4,7,0,1,1,6,1,19,4,-1,-1,-1,1,1,1
2016400120879,2,9,0,2,0,0,0,0,0,0,1,1,6,3,-1,-1,-1,-1,-1,-1,-1,-1
2016400120879,3,9,0,2,0,0,0,0,0,0,1,1,6,3,-1,-1,-1,-1,-1,-1,-1,-1
2016400120913,1,9,0,13,0,0,0,0,7,0,1,1,6,1,25,5,1988,1,12,5,2,5
2016400120913,2,9,0,9,0,0,0,0,7,0,3,1,1,1,43,7,1389,1,12,-1,-1,-1
2016400120934,1,19,0,5,0,2,0,0,0,0,2,1,1,1,43,7,2287,2,9,2,1,2
2016400120966,1,8,0,7,0,6,0,0,0,0,4,1,1,1,53,8,1997,2,7,3,1,3
2016400120981,1,19,0,9,0,8,0,0,0,0,3,1,1,2,55,8,1995,2,9,9,2,9
2016400120981,2,9,0,18,0,8,0,0,0,0,1,1,5,2,21,5,1398,2,2,10,2,10
2016400120988,1,9,0,18,0,0,0,0,1,0,1,1,6,1,19,4,1229,1,5,9,2,9
2016400120988,2,9,0,18,0,0,5,0,1,0,1,1,6,2,49,8,2179,2,5,9,2,9
2016400121014,1,9,0,9,0,8,0,0,0,0,3,1,6,2,20,4,1086,1,12,7,1,7
2016400121014,2,9,0,14,0,8,0,0,0,0,4,1,6,1,28,6,1598,1,13,9,1,9
2016400121015,1,9,0,18,0,1,0,0,0,0,1,1,5,1,78,11,1969,1,-1,8,2,8
2016400121015,2,9,0,2,0,1,0,0,1,0,2,1,1,1,53,8,2996,2,4,6,1,6
2016400121078,1,9,0,9,0,0,0,0,7,4,4,1,5,1,25,5,-1,-1,-1,10,1,10
2016400121107,1,9,0,18,0,0,0,0,0,0,1,1,6,2,24,5,1388,1,18,7,1,7
2016400121107,2,9,0,18,0,0,0,0,0,0,1,1,6,2,52,8,1686,2,2,3,1,3
2016400121113,1,9,0,13,0,0,0,0,0,0,1,1,5,1,38,7,2987,2,-1,10,1,10
2016400121113,2,9,0,18,0,0,5,0,1,0,3,1,5,1,28,6,-1,-1,-1,6,3,6
2016400121136,1,9,0,6,0,2,0,0,0,0,4,1,6,2,42,7,1896,2,13,4,1,4
2016400121136,2,3,0,18,0,1,0,0,0,0,1,1,6,1,18,4,125,1,4,5,1,5
2016400121192,1,9,0,18,0,0,0,0,0,0,4,1,6,1,31,6,1984,1,10,7,1,7
2016400121222,1,19,0,18,0,0,0,0,0,0,1,1,6,1,50,8,1996,2,2,5,3,5
2016400121222,2,9,0,4,0,0,0,0,0,0,2,1,6,1,24,5,-1,-1,-1,4,1,4
2016400121268,1,9,0,4,0,1,0,0,1,1,1,1,5,1,18,4,1149,1,11,6,3,6
2016400121268,2,9,0,3,0,1,0,0,0,0,2,1,5,1,51,8,1997,2,1,5,1,5
2016400121332,1,9,0,4,0,0,0,0,0,0,1,1,6,1,33,6,2498,1,17,-1,-1,-1
2016400121332,2,9,0,4,0,0,0,0,0,0,2,1,6,1,35,6,1995,2,2,2,1,2
2016400121332,3,9,0,4,0,0,0,0,0,0,2,1,6,1,42,7,2987,2,-1,7,1,7
2016400121332,4,9,0,4,0,0,0,0,0,0,2,1,6,2,58,9,1398,1,4,6,3,6
2016400121403,1,9,0,9,0,8,0,0,1,0,3,1,5,1,25,5,1124,1,14,3,1,3
2016400121403,2,19,0,11,0,8,0,0,0,0,1,1,5,1,28,6,2148,2,8,2,1,2
2016400121448,1,9,0,18,0,1,0,0,0,0,1,1,6,2,-1,-1,1598,1,11,-1,-1,-1
2016400121448,2,9,0,7,0,1,0,0,0,0,2,1,6,1,30,6,1598,1,10,4,1,4
2016400121481,1,9,0,14,0,8,0,0,0,0,4,1,6,1,-1,-1,1995,1,5,-1,-1,-1
2016400121481,2,9,0,10,0,8,0,0,0,0,3,1,6,2,59,9,1149,1,3,2,1,2
2016400121565,1,8,0,18,0,0,0,0,0,0,4,1,1,1,35,6,1797,8,6,2,1,2
2016400121602,1,11,0,18,0,8,0,0,0,0,3,1,1,1,69,10,9000,2,11,3,1,3
2016400121602,2,9,0,18,0,8,0,0,0,0,4,1,5,2,42,7,2497,1,9,2,1,2
2016400121632,1,4,0,17,0,0,1,0,1,2,1,1,5,1,31,6,249,1,7,9,1,9
2016400122067,1,9,0,9,0,3,0,0,0,0,1,1,6,1,31,6,999,1,5,6,1,6
2016400122067,2,9,0,4,0,2,0,0,0,0,2,1,1,1,36,7,2400,2,-1,10,1,10
2016400122165,1,21,1,18,0,8,5,9,3,1,1,1,1,1,25,5,10837,2,9,2,1,2
2016400122191,1,19,0,1,0,8,0,0,0,0,2,1,6,1,19,4,1753,2,7,2,1,2
2016400122191,2,9,0,2,0,8,0,0,0,0,1,1,6,3,-1,-1,-1,-1,-1,-1,-1,-1
2016400122191,3,9,0,2,0,8,0,0,0,0,1,1,6,3,-1,-1,-1,-1,-1,-1,-1,-1
2016400122602,1,21,0,12,0,0,2,0,0,0,3,2,1,1,40,7,-1,-1,-1,4,1,4
2016400122602,2,9,0,18,0,0,0,0,0,0,4,1,6,1,42,7,1398,1,-1,9,2,9
2016400122639,1,3,0,18,0,8,0,0,0,0,1,1,6,1,19,4,124,1,-1,4,1,4
2016400122639,2,9,0,9,0,8,0,0,0,0,4,1,6,1,22,5,1596,1,17,4,1,4
2016400122739,1,9,0,18,0,1,0,0,0,0,1,1,5,2,37,7,1799,1,8,10,1,10
2016400122739,2,9,0,10,0,1,0,0,0,0,2,1,5,1,35,6,1998,1,9,10,1,10
2016400123296,1,9,0,18,0,8,0,0,7,10,1,1,5,1,20,4,1229,1,9,9,1,9
2016400123296,2,9,0,-1,-1,8,0,-1,-1,0,-1,1,6,3,-1,-1,1398,1,1,-1,-1,-1
2016400123322,1,19,0,18,0,4,0,0,0,0,1,1,1,1,41,7,2298,2,5,-1,-1,-1
2016400123322,2,9,0,9,0,8,0,0,1,0,4,1,6,2,19,4,1242,1,6,-1,-1,-1
2016400123398,1,9,0,18,0,8,0,0,0,0,1,1,6,3,-1,-1,1968,2,8,-1,-1,-1
2016400123398,2,9,0,18,0,8,0,0,0,0,4,1,6,2,25,5,998,1,10,2,1,2
2016400123484,1,9,0,5,0,0,0,0,0,0,1,1,2,2,74,10,-1,-1,-1,7,1,7
2016400123484,2,9,0,5,0,0,0,0,0,0,2,1,2,1,31,6,-1,-1,-1,2,1,2
2016400123487,1,9,0,9,0,8,0,0,0,0,3,1,5,1,51,8,1598,1,14,9,1,9
2016400123487,2,11,0,10,0,8,0,0,0,0,4,1,1,1,39,7,4250,2,10,5,2,5
2016400123513,1,9,0,7,0,8,0,0,0,0,3,1,3,2,40,7,1598,1,10,-1,-1,-1
2016400123513,2,3,0,18,0,8,5,0,0,0,4,1,1,1,17,4,125,1,-1,9,1,9
2016400123577,1,5,0,13,0,0,0,0,0,0,1,1,6,1,51,8,1202,1,5,10,1,10
2016400123577,2,9,0,18,0,0,0,0,0,0,3,1,2,2,25,5,1995,2,3,10,1,10
2016400123577,3,9,0,18,0,0,0,0,0,0,3,1,2,1,33,6,2191,2,1,2,1,2
2016400123601,1,9,0,9,0,1,0,0,3,1,1,1,1,1,34,6,1242,1,13,2,1,2
2016400123618,1,9,0,11,0,0,0,10,0,0,1,1,5,1,26,6,1968,2,-1,5,2,5
2016400123618,2,9,0,3,0,0,0,0,0,0,2,1,5,2,39,7,1596,1,4,2,1,2
2016400123634,1,9,0,18,0,2,0,0,0,0,1,1,6,1,-1,-1,1242,1,10,2,1,2
2016400123634,2,9,0,18,0,2,0,0,0,0,2,1,6,2,33,6,1388,1,6,2,1,2
2016400123702,1,97,0,7,0,8,0,0,0,0,1,1,6,3,-1,-1,-1,-1,-1,-1,-1,-1
2016400123702,2,1,0,18,0,8,0,0,0,0,4,1,6,1,64,9,-1,-1,-1,4,1,4
2016400123735,1,9,0,9,0,8,0,0,0,0,1,1,1,2,21,5,1242,1,12,-1,-1,-1
2016400123735,2,9,0,18,0,8,0,0,0,0,1,1,5,1,33,6,1900,2,11,9,1,9
2016400123744,1,9,0,18,0,8,0,0,0,0,4,1,5,1,55,8,1397,1,7,6,1,6
2016400123744,2,19,0,9,0,6,0,0,0,0,1,1,1,1,43,7,1968,2,4,2,1,2
2016400123804,1,9,0,9,0,4,0,0,0,0,4,1,6,1,38,7,2000,1,17,9,1,9
2016400123804,2,20,1,18,0,4,0,0,0,0,3,1,1,1,26,6,-1,-1,-1,6,3,6
2016400123811,1,9,0,18,0,0,0,0,0,0,4,1,5,2,30,6,1596,1,25,8,2,8
2016400123828,1,9,0,17,0,0,2,0,1,9,4,1,5,2,25,5,-1,-1,-1,5,1,5
2016400123846,1,9,0,18,0,8,0,0,0,0,3,1,1,1,22,5,1598,1,7,4,1,4
2016400123846,2,9,0,18,0,8,0,0,0,0,1,1,1,2,50,8,1584,1,9,10,1,10
2016400123885,1,9,0,18,0,8,0,0,0,0,2,1,1,1,29,6,1598,1,7,3,1,3
2016400123885,2,21,1,18,0,8,0,0,0,0,1,1,1,1,47,8,11967,2,3,8,1,8
2016400123909,1,9,0,18,0,0,0,0,0,0,4,1,6,3,-1,-1,1998,2,10,-1,-1,-1
2016400123931,1,9,0,13,0,0,0,0,1,9,4,1,2,2,43,7,1598,1,5,8,1,8
2016400123931,2,21,0,18,0,0,0,0,0,0,1,1,1,1,45,7,9290,2,3,3,1,3
2016400123933,1,21,0,18,0,8,0,0,0,0,3,1,2,1,44,7,-1,-1,-1,-1,-1,-1
2016400123933,2,9,0,18,0,8,1,0,0,0,1,1,6,3,-1,-1,1984,1,5,-1,-1,-1
2016400123947,1,9,0,18,0,1,0,0,0,0,1,1,6,1,29,6,1329,1,2,3,1,3
2016400123962,1,9,0,18,0,0,1,0,7,9,1,1,5,2,19,4,1364,1,12,10,1,10
2016400123967,1,9,0,12,0,0,0,0,0,0,0,1,6,3,-1,-1,1200,1,2,-1,-1,-1
2016400123967,2,9,0,18,0,0,0,0,0,0,0,1,6,2,25,5,1910,2,11,10,1,10
2016400123984,1,9,0,9,0,8,0,0,0,0,2,1,6,3,-1,-1,-1,-1,-1,-1,-1,-1
2016400123984,2,9,0,18,0,8,0,0,0,0,1,1,6,1,50,8,-1,-1,-1,3,1,3
2016400124009,1,9,0,9,0,8,0,0,0,0,3,1,6,3,-1,-1,-1,-1,-1,-1,-1,-1
2016400124009,2,9,0,9,0,8,0,0,0,0,1,1,6,2,27,6,-1,-1,-1,8,1,8
2016400124019,1,9,0,18,0,8,0,0,0,0,2,1,6,3,-1,-1,-1,-1,-1,-1,-1,-1
2016400124019,2,9,0,9,0,8,0,0,0,0,1,1,6,1,54,8,1796,1,9,7,1,7
2016400124039,1,21,1,11,0,0,0,0,0,0,4,1,1,1,63,9,12777,2,9,9,1,9
2016400124039,2,9,0,18,0,0,1,0,5,6,3,1,5,1,40,7,-1,-1,-1,8,1,8
2016400124039,3,9,0,4,0,0,0,0,0,0,1,1,2,1,36,7,1461,2,3,7,1,7
2016400124075,1,20,0,18,0,0,0,0,4,6,1,1,6,1,28,6,-1,-1,-1,7,1,7
2016400124084,1,5,0,18,0,8,0,0,0,0,1,1,5,1,47,8,1000,1,6,3,1,3
2016400124084,2,9,0,5,0,8,0,0,0,0,3,1,5,2,52,8,1598,2,4,4,1,4
2016400124154,1,98,1,12,0,0,0,0,0,0,3,1,1,1,45,7,-1,-1,-1,-1,-1,-1
2016400124154,2,9,0,18,0,0,1,0,1,7,4,1,2,1,46,8,1968,2,3,7,1,7
2016400124179,1,9,0,7,0,1,0,0,0,0,1,1,1,1,30,6,-1,-1,-1,5,3,5
2016400124179,2,9,0,10,0,1,0,0,0,0,2,1,5,1,42,7,1968,2,-1,7,1,7
2016400124234,1,9,0,18,0,1,0,0,0,0,1,1,6,2,53,8,1560,2,7,7,3,7
2016400124234,2,17,0,10,0,8,0,0,0,0,2,1,1,1,22,5,6728,2,3,7,3,7
2016400124329,1,9,0,16,0,8,0,0,0,0,4,1,6,2,-1,-1,1560,2,3,8,1,8
2016400124329,2,22,0,17,0,8,0,0,0,0,4,1,6,1,75,10,-1,-1,-1,1,1,1
2016400124370,1,8,0,1,9,0,0,0,0,0,2,1,1,1,-1,-1,1598,2,3,2,1,2
2016400124474,1,9,0,5,0,2,0,0,0,0,4,1,5,1,-1,-1,-1,-1,-1,-1,-1,-1
2016400124497,1,9,0,18,0,0,0,0,0,0,1,1,5,2,64,9,1388,1,6,3,1,3
2016400124497,2,9,0,3,0,0,0,0,0,0,2,1,6,2,35,6,1999,2,-1,3,1,3
2016400124637,1,19,0,9,0,8,0,0,0,0,3,1,6,1,-1,-1,1598,2,-1,10,1,10
2016400124659,1,19,0,18,0,0,0,0,0,0,1,1,6,1,34,6,-1,-1,-1,7,1,7
2016400124659,2,9,0,18,0,0,0,0,0,0,2,1,6,2,32,6,1910,2,8,1,1,1
2016400124681,1,9,0,7,9,0,0,0,1,0,1,1,1,1,40,7,2993,2,3,-1,-1,-1
2016400124681,2,9,0,4,0,0,0,0,0,0,0,1,1,1,51,8,2400,2,5,-1,-1,-1
2016400124681,3,9,0,2,0,0,0,0,0,0,0,1,6,1,26,6,1896,2,13,-1,-1,-1
2016400124718,1,9,0,18,0,8,0,0,0,0,4,1,6,2,-1,-1,-1,-1,-1,-1,-1,-1
2016400124718,2,9,0,18,0,8,0,0,0,0,3,1,6,2,31,6,1598,1,11,2,1,2
2016400124780,1,8,0,17,0,8,1,0,7,0,1,1,1,1,20,4,1598,2,4,4,1,4
2016400124847,1,2,0,18,0,0,0,0,0,0,3,1,5,2,17,4,-1,-1,-1,3,1,3
2016400124847,2,9,0,18,0,0,0,0,0,0,4,1,2,2,33,6,1349,1,4,9,1,9
2016400125335,1,9,0,12,0,2,0,0,0,0,3,1,6,1,30,6,-1,-1,-1,3,1,3
2016400125335,2,19,0,18,0,2,0,0,0,0,4,1,6,1,42,7,1995,2,3,2,1,2
2016400125540,1,9,0,9,0,8,0,0,0,0,1,1,2,2,31,6,1461,2,3,2,1,2
2016400125540,2,3,0,18,0,8,0,0,0,0,4,1,2,2,22,5,120,1,1,2,1,2
2016400125559,1,9,0,16,0,1,0,0,7,0,1,1,1,2,26,6,1496,2,-1,1,1,1
2016400125565,1,9,0,18,0,8,0,0,0,0,1,1,6,1,49,8,3222,2,12,5,1,5
2016400125565,2,9,0,18,0,4,0,0,3,0,2,1,6,2,37,7,1598,1,9,8,2,8
2016400125780,1,9,0,10,0,8,0,0,0,0,3,1,5,2,23,5,1390,1,13,3,1,3
2016400125780,2,19,0,18,0,8,0,0,0,0,4,1,1,1,66,10,1995,2,-1,1,1,1
2016400125895,1,2,0,18,0,1,0,0,0,0,0,1,5,1,45,7,49,1,12,2,1,2
2016400125933,1,9,0,18,0,0,2,0,7,0,1,1,6,2,30,6,1796,1,11,5,1,5
2016400125993,1,9,0,18,0,0,0,0,0,0,1,1,6,1,62,9,1753,2,13,2,1,2
2016400125993,2,9,0,18,0,0,0,0,0,0,3,1,6,2,29,6,1799,1,9,4,1,4
2016400125997,1,9,0,7,0,8,0,0,0,0,1,1,6,1,-1,-1,1560,2,9,-1,-1,-1
2016400125997,2,9,0,4,0,1,0,0,0,0,1,1,6,2,52,8,1328,1,12,1,1,1
2016400126014,1,9,0,18,0,0,0,0,0,0,1,1,2,1,25,5,1461,2,6,8,1,8
2016400126014,2,9,0,4,0,0,0,0,0,0,2,1,2,2,23,5,1968,2,1,8,1,8
2016400126069,1,9,0,18,0,4,0,0,0,0,1,1,1,1,63,9,3200,1,13,8,2,8
2016400126069,2,3,0,18,0,3,1,0,0,0,4,1,1,1,64,9,98,1,27,10,2,10
2016400126183,1,9,0,18,0,0,0,0,0,0,3,1,6,2,29,6,1240,1,12,-1,-1,-1
2016400126242,1,9,0,6,0,0,0,0,0,0,3,1,2,2,42,7,1198,1,-1,2,1,2
2016400126242,2,5,0,14,0,0,1,0,0,0,4,1,6,1,29,6,599,1,11,6,3,6
2016400126248,1,9,0,18,0,8,0,0,0,0,1,1,6,3,-1,-1,1986,2,10,-1,-1,-1
2016400126248,2,9,0,9,0,8,0,0,0,0,2,1,5,1,-1,-1,998,1,6,5,1,5
2016400126261,1,9,0,9,0,8,0,0,0,0,1,1,1,1,29,6,1686,2,5,2,1,2
2016400126261,2,1,0,17,0,1,0,0,0,0,4,1,5,1,46,8,-1,-1,-1,3,1,3
2016400126359,1,9,0,17,0,1,0,0,0,0,3,1,1,1,58,9,1995,2,11,3,1,3
2016400126427,1,9,0,7,0,8,0,0,0,0,1,1,6,1,40,7,1364,1,10,3,1,3
2016400126470,1,9,0,7,0,2,0,0,0,0,1,1,2,1,37,7,1598,1,17,9,2,9
2016400126547,1,19,0,18,0,1,1,0,0,0,1,1,6,3,-1,-1,2402,2,9,-1,-1,-1
2016400126547,2,19,0,10,0,8,0,0,0,0,2,1,2,1,22,5,1399,2,11,10,2,10
2016400126547,3,9,0,4,0,8,0,0,0,0,2,1,2,1,49,8,1956,2,6,10,1,10
2016400126547,4,19,0,4,0,2,0,0,0,0,2,1,2,1,32,6,1598,2,3,7,2,7
2016400126794,1,9,0,18,0,1,0,0,0,0,1,1,6,2,57,9,1248,2,6,9,1,9
2016400126794,2,9,0,18,0,8,0,0,0,0,3,1,6,1,-1,-1,-1,-1,-1,3,1,3
2016400126794,3,9,0,18,0,2,0,0,0,0,1,1,6,3,-1,-1,-1,-1,-1,-1,-1,-1
2016400126795,1,9,0,9,0,8,0,0,0,0,1,1,6,1,-1,-1,1910,2,10,2,1,2
2016400126795,2,3,0,18,0,8,1,0,0,0,3,1,5,1,35,6,124,1,14,4,1,4
2016400126871,1,3,0,18,0,1,1,0,0,0,1,1,6,1,17,4,124,1,-1,10,2,10
2016400126871,2,9,0,2,0,2,0,0,0,0,1,1,6,3,-1,-1,-1,-1,-1,-1,-1,-1
2016400127048,1,5,0,13,0,8,0,0,0,0,4,1,6,1,49,8,599,1,18,4,1,4
2016400127048,2,9,0,9,0,8,0,0,0,0,3,1,6,1,34,6,2720,2,11,10,1,10
2016400127067,1,9,0,7,0,6,0,0,0,0,3,1,6,2,29,6,1242,1,3,9,1,9
2016400127067,2,9,0,18,0,8,0,0,0,0,4,1,6,2,44,7,1560,2,7,9,2,9
2016400127079,1,9,0,18,0,0,0,0,0,0,4,1,6,3,-1,-1,-1,-1,-1,-1,-1,-1
2016400127079,2,9,0,2,0,0,0,0,0,0,3,1,6,3,-1,-1,-1,-1,-1,-1,-1,-1
2016400127187,1,9,0,18,0,8,0,0,1,11,1,1,6,1,48,8,1968,2,8,4,1,4
2016400127187,2,9,0,18,0,8,0,0,0,0,4,1,6,1,58,9,1956,2,2,10,1,10
2016400127196,1,9,0,18,0,0,2,0,7,9,4,1,5,2,19,4,998,1,13,4,1,4
2016400127236,1,9,0,17,0,2,0,0,0,0,1,1,1,1,38,7,1390,2,15,8,1,8
2016400127432,1,3,0,18,0,0,0,12,0,0,1,1,6,1,17,4,124,1,-1,-1,-1,-1
2016400127538,1,1,0,18,0,8,0,0,0,0,1,1,5,1,17,4,-1,-1,-1,3,1,3
2016400127538,2,9,0,7,0,8,0,0,0,0,4,1,5,2,21,5,1229,1,8,2,1,2
2016400127574,1,9,0,18,0,0,0,0,0,0,1,1,6,1,41,7,1998,1,11,2,1,2
2016400127574,2,1,0,18,0,0,0,0,0,0,1,1,6,1,16,4,-1,-1,-1,2,1,2
2016400127750,1,9,0,18,0,0,2,4,0,0,1,1,5,1,57,9,999,1,1,3,1,3
2016400127750,2,9,0,2,0,0,0,0,0,0,1,1,6,3,-1,-1,-1,-1,-1,-1,-1,-1
2016400127776,1,19,0,9,0,8,0,0,0,0,1,1,6,1,28,6,1998,2,12,-1,-1,-1
2016400127776,2,9,0,17,0,2,0,0,0,0,4,1,6,2,-1,-1,1388,1,6,9,1,9
2016400127931,1,9,0,18,0,1,0,0,0,0,1,1,6,3,-1,-1,-1,-1,-1,-1,-1,-1
2016400127931,2,9,0,4,0,1,0,0,0,0,2,1,6,1,27,6,1596,1,15,1,1,1
2016400127965,1,9,0,18,0,0,0,0,0,0,4,1,5,2,24,5,1198,1,6,3,1,3
2016400127965,2,9,0,2,0,0,0,0,0,0,4,1,6,2,31,6,1896,2,9,2,1,2
2016400128012,1,9,0,17,0,0,1,0,1,9,1,1,5,2,19,4,1299,1,15,9,1,9
2016400128324,1,9,0,18,0,2,0,0,0,0,1,1,6,1,33,6,1796,1,14,4,1,4
2016400128324,2,9,0,18,0,1,0,0,0,0,1,1,6,1,47,8,1398,1,-1,2,1,2
2016400128350,1,9,0,18,0,0,0,0,1,0,1,1,6,1,44,7,1685,2,2,7,3,7
2016400128350,2,9,0,18,0,0,0,0,0,0,1,1,6,2,72,10,1390,1,2,9,2,9
2016400128389,1,9,0,18,0,0,0,4,0,0,1,1,5,2,61,9,1364,1,2,7,1,7
2016400128389,2,9,0,2,0,0,0,0,0,0,2,1,5,1,41,7,1910,2,6,4,1,4
2016400128427,1,9,0,9,0,8,0,0,0,0,1,1,6,1,33,6,1368,1,9,3,1,3
2016400128427,2,9,0,18,0,8,0,4,0,0,4,1,6,1,44,7,1496,2,1,2,1,2
2016400128427,3,9,0,2,0,2,0,0,0,0,4,1,6,3,-1,-1,-1,-1,-1,-1,-1,-1
2016400128448,1,9,0,7,0,2,0,0,0,0,1,1,6,3,-1,-1,-1,-1,-1,-1,-1,-1
2016400128448,2,9,0,3,0,1,0,0,0,0,1,1,6,1,59,9,1995,2,9,4,1,4
2016400128473,1,2,0,18,0,0,1,0,0,0,4,1,4,2,16,4,-1,-1,-1,5,3,5
2016400128492,1,9,0,18,0,1,0,0,0,0,1,1,6,2,26,6,1995,2,8,9,3,9
2016400128492,2,9,0,3,0,1,0,0,0,0,2,1,6,1,34,6,1995,2,1,5,3,5
2016400128525,1,9,0,17,0,8,0,0,0,0,1,1,6,2,59,9,1200,1,-1,4,1,4
2016400128560,1,9,0,9,0,8,0,0,0,0,1,1,6,1,68,10,2198,1,10,2,1,2
2016400128580,1,9,0,7,0,4,0,0,0,0,1,1,6,1,57,9,2143,2,3,2,1,2
2016400128580,2,9,0,18,0,8,0,0,0,0,4,1,6,1,-1,-1,1590,1,15,2,1,2
2016400128671,1,9,0,13,0,2,0,0,0,0,4,1,6,1,90,11,1984,2,5,10,1,10
2016400128671,2,1,0,18,0,2,0,0,0,0,3,1,6,2,57,9,-1,-1,-1,3,1,3
2016400128702,1,3,0,18,0,0,0,0,0,0,1,1,6,1,-1,-1,98,1,18,3,1,3
2016400128749,1,9,0,18,0,0,0,11,0,0,1,1,6,2,18,4,-1,-1,-1,10,1,10
2016400128749,2,9,0,18,0,0,1,0,4,6,1,1,6,1,37,7,2993,2,3,8,1,8
2016400128776,1,19,0,4,0,0,0,0,0,0,1,1,2,1,38,7,2143,2,1,8,1,8
2016400128776,2,9,0,4,0,0,0,0,0,0,2,1,2,2,59,9,1198,1,12,6,1,6