Accident_Index,Vehicle_Reference,Vehicle_Type,Towing_and_Articulation,Vehicle_Manoeuvre,Vehicle_Location-Restricted_Lane,Junction_Location,Skidding_and_Overturning,Hit_Object_in_Carriageway,Vehicle_Leaving_Carriageway,Hit_Object_off_Carriageway,1st_Point_of_Impact,Was_Vehicle_Left_Hand_Drive?,Journey_Purpose_of_Driver,Sex_of_Driver,Age_of_Driver,Age_Band_of_Driver,Engine_Capacity_(CC),Propulsion_Code,Age_of_Vehicle,Driver_IMD_Decile,Driver_Home_Area_Type,Vehicle_IMD_Decile
2016400128776,3,9,0,4,0,0,0,0,0,0,2,1,2,1,56,9,2696,2,7,7,1,7
2016400128819,1,9,0,18,0,0,1,0,1,9,1,1,6,2,30,6,1199,1,14,4,1,4
2016400128854,1,9,0,6,0,0,0,0,0,0,1,1,6,1,30,6,1896,2,7,5,1,5
2016400128854,2,4,0,14,0,0,0,0,0,0,2,1,6,1,21,5,373,1,-1,5,1,5
2016400128934,1,9,0,18,0,0,0,0,0,0,1,1,6,2,43,7,1248,1,1,5,3,5
2016400128934,2,19,0,4,0,0,0,0,0,0,1,1,2,1,45,7,1753,2,12,8,2,8
2016400128983,1,9,0,16,0,0,5,0,7,9,1,1,6,1,18,4,1598,1,8,10,2,10
2016400129040,1,9,0,4,0,0,0,0,0,0,1,1,6,2,34,6,-1,3,3,8,1,8
2016400129040,2,21,1,4,0,0,0,0,0,0,2,1,1,1,27,6,12740,2,3,4,1,4
2016400129120,1,21,1,11,0,0,0,0,0,0,1,1,6,1,24,5,12902,2,3,-1,-1,-1
2016400129120,2,9,0,18,0,0,0,0,0,0,2,1,6,1,35,6,-1,-1,-1,9,1,9
2016400129120,3,21,1,18,0,0,0,0,0,0,1,1,6,1,40,7,10837,2,1,6,1,6
2016400129120,4,9,0,18,0,0,0,0,0,0,2,1,6,1,57,9,2720,2,10,9,1,9
2016400129185,1,9,0,4,0,0,0,0,0,0,2,1,1,1,59,9,1992,2,10,3,1,3
2016400129185,2,2,0,18,0,0,0,0,0,0,1,1,5,2,26,6,49,1,-1,3,1,3
2016400129198,1,9,0,4,0,0,0,0,0,0,2,1,6,1,-1,-1,1590,1,12,3,1,3
2016400129198,2,9,0,18,0,0,0,0,0,0,1,1,6,1,54,8,1762,1,17,5,1,5
2016400129227,1,9,0,18,0,0,2,0,7,0,1,1,6,1,29,6,1248,1,5,7,3,7
2016400129256,1,9,0,9,0,8,0,0,0,0,1,1,6,2,48,8,1364,1,-1,4,1,4
2016400129256,2,9,0,18,0,8,0,0,1,9,4,1,6,2,40,7,1248,2,9,10,2,10
2016400129723,1,9,0,16,0,0,1,0,7,10,3,1,1,2,35,6,1398,2,10,6,1,6
2016400130212,1,9,0,4,0,0,0,0,0,0,1,1,6,1,40,7,1395,1,2,5,1,5
2016400130212,2,9,0,4,0,0,0,0,0,0,2,1,6,1,29,6,1798,8,3,5,1,5
2016400130500,1,9,0,18,0,4,0,0,0,0,1,1,6,1,53,8,1364,1,9,3,1,3
2016400130500,2,1,0,18,0,8,0,0,0,0,2,1,2,1,42,7,-1,-1,-1,3,1,3
2016400130906,1,2,0,13,0,0,0,0,0,0,1,1,4,2,16,4,49,1,4,4,1,4
2016400130906,2,19,0,6,0,0,0,0,0,0,3,1,1,1,26,6,1753,2,9,2,1,2
2016400130943,1,98,1,12,0,0,0,0,0,0,3,2,1,1,-1,-1,-1,-1,-1,-1,-1,-1
2016400130943,2,9,0,18,0,0,1,0,2,7,4,1,6,1,60,9,1968,2,6,6,1,6
2016400130963,1,9,0,18,0,0,0,0,1,11,1,1,6,1,35,6,2480,1,-1,2,1,2
2016400130963,2,9,0,18,0,0,0,0,1,11,1,1,6,1,26,6,1984,1,6,3,1,3
2016400130963,3,9,0,18,0,0,0,0,1,11,2,1,6,1,44,7,1339,1,13,9,1,9
2016400130984,1,9,0,4,0,0,0,0,0,0,0,1,2,1,55,8,1598,1,10,4,1,4
2016400130984,2,9,0,18,0,0,1,0,5,0,1,1,2,1,38,7,-1,-1,-1,2,1,2
2016400131020,1,9,0,9,0,1,0,0,0,0,1,1,6,2,76,11,1318,1,-1,7,1,7
2016400131020,2,3,0,10,0,1,0,0,0,0,1,1,2,1,38,7,125,1,1,2,1,2
2016400131072,1,9,0,4,0,0,0,0,0,0,1,1,3,1,37,7,1900,2,17,3,1,3
2016400131072,2,9,0,1,0,0,0,0,0,0,2,1,3,2,38,7,1240,1,6,9,2,9
2016400131129,1,9,0,9,0,8,0,0,0,0,1,1,5,1,47,8,1397,1,14,3,1,3
2016400131129,2,19,0,18,0,8,0,0,1,2,4,1,1,1,28,6,-1,-1,-1,5,1,5
2016400131165,1,9,0,18,0,0,0,0,5,6,1,1,6,1,39,7,1364,1,12,4,1,4
2016400131197,1,9,0,16,0,0,1,0,1,4,1,1,6,2,32,6,1108,1,6,2,1,2
2016400131217,1,9,0,18,0,1,0,0,0,0,1,1,6,1,25,5,1896,2,15,4,1,4
2016400131217,2,9,0,10,0,8,0,0,0,0,2,1,6,2,73,10,1364,1,7,9,1,9
2016400131217,3,9,0,18,0,1,0,0,0,0,1,1,6,1,50,8,1685,2,3,7,1,7
2016400131241,1,98,0,1,9,6,0,0,0,0,2,1,6,3,-1,-1,-1,-1,-1,-1,-1,-1
2016400131301,1,9,0,4,0,0,0,0,0,0,2,1,5,1,26,6,1997,2,7,8,3,8
2016400131301,2,21,1,4,0,0,0,0,0,0,1,1,1,1,45,7,11705,2,4,5,1,5
2016400131323,1,3,0,4,0,0,1,0,0,0,3,1,1,1,18,4,124,1,9,10,3,10
2016400131323,2,9,0,3,0,0,0,0,0,0,2,1,1,2,29,6,1329,1,7,10,3,10
2016400131399,1,9,0,9,0,8,0,0,0,0,4,1,5,1,68,10,1364,1,7,5,1,5
2016400131436,1,9,0,18,0,0,1,0,0,0,1,1,6,1,45,7,2987,2,-1,1,1,1
2016400131436,2,9,0,18,0,0,0,0,0,0,1,1,2,2,35,6,1229,1,10,4,1,4
2016400131451,1,5,0,18,0,0,0,0,7,0,1,1,1,1,32,6,988,1,12,9,1,9
2016400131451,2,20,0,18,0,0,0,0,0,0,1,1,1,1,58,9,4461,2,4,10,2,10
2016400131462,1,9,0,5,0,0,0,4,0,0,3,1,6,1,72,10,1590,1,19,2,1,2
2016400131462,2,9,0,18,0,0,0,0,0,0,1,1,6,1,23,5,1339,1,11,2,1,2
2016400131462,3,9,0,2,0,0,0,0,0,0,3,1,6,3,-1,-1,-1,-1,-1,-1,-1,-1
2016400131487,1,9,0,18,0,8,0,0,0,0,1,1,6,2,30,6,1794,1,12,4,1,4
2016400131487,2,1,0,9,0,8,0,0,0,0,3,1,4,1,15,3,-1,-1,-1,2,1,2
2016400131540,1,9,0,7,0,8,1,0,1,10,1,1,6,1,24,5,1968,2,10,4,1,4
2016400131540,2,9,0,18,0,8,0,0,0,0,0,1,6,3,-1,-1,-1,-1,-1,-1,-1,-1
2016400131577,1,9,0,16,0,0,0,0,7,9,1,1,5,1,27,6,1560,2,9,8,2,8
2016400131638,1,9,0,18,0,8,1,0,0,0,1,1,1,1,18,4,1298,1,12,9,3,9
2016400131638,2,19,0,18,0,8,0,0,0,0,4,1,1,1,25,5,2287,2,3,-1,-1,-1
2016400131640,1,9,0,18,0,8,0,0,0,0,1,1,6,1,18,4,1098,1,-1,10,1,10
2016400131640,2,3,0,18,0,8,0,0,0,0,1,1,6,1,19,4,125,1,-1,2,1,2
2016400131757,1,9,0,18,0,0,0,0,0,0,3,1,5,1,43,7,1997,2,5,7,3,7
2016400131757,2,9,0,18,0,0,0,0,1,0,3,1,5,2,30,6,1490,1,13,4,1,4
2016400131772,1,98,1,12,0,0,0,0,0,0,3,2,1,1,57,9,-1,-1,-1,-1,-1,-1
2016400131772,2,9,0,18,0,0,0,0,0,0,4,1,6,1,65,9,1461,2,-1,7,1,7
2016400131796,1,3,0,18,0,1,0,0,0,0,1,1,6,1,19,4,125,1,2,2,1,2
2016400131796,2,9,0,4,0,1,0,0,0,0,2,1,6,1,32,6,2987,2,5,7,1,7
2016400131900,1,9,0,9,0,2,0,0,0,0,1,1,5,2,41,7,1986,2,9,3,1,3
2016400131900,2,9,0,7,0,1,0,0,0,0,1,1,1,1,58,9,2664,2,17,4,1,4
2016400132012,1,9,0,18,9,8,0,0,1,11,2,1,5,1,42,7,1598,1,14,2,1,2
2016400132048,1,9,0,4,0,0,1,0,0,0,1,1,2,1,53,8,2685,2,13,8,1,8
2016400132048,2,9,0,4,0,0,0,0,0,0,2,1,2,2,40,7,1796,1,10,-1,-1,-1
2016400132048,3,9,0,4,0,0,0,0,0,0,2,1,2,1,50,8,1999,2,-1,7,3,7
2016400132094,1,9,0,9,0,8,0,0,0,0,3,1,6,1,-1,-1,1368,1,9,-1,-1,-1
2016400132094,2,9,0,18,0,8,0,0,0,0,1,1,5,1,41,7,2697,2,9,2,1,2
2016400132223,1,9,0,7,0,4,0,0,0,0,3,1,6,1,43,7,1968,2,4,8,1,8
2016400132223,2,1,0,18,0,8,1,0,0,0,4,1,4,1,17,4,-1,-1,-1,8,2,8
2016400132248,1,9,0,9,0,3,1,0,0,0,1,1,5,1,19,4,1998,1,19,5,1,5
2016400132295,1,9,0,18,0,1,0,0,0,0,1,1,5,1,47,8,1870,2,12,10,3,10
2016400132295,2,8,0,4,0,1,0,0,0,0,2,1,5,1,46,8,1968,2,3,2,1,2
2016400132372,1,21,0,18,0,1,1,0,0,0,1,1,1,1,24,5,12777,2,2,9,1,9
2016400132372,2,19,0,10,0,8,0,0,1,0,2,1,1,1,55,8,2299,2,1,2,1,2
2016400132433,1,9,0,18,0,0,5,4,0,0,1,1,5,1,26,6,1390,1,7,7,1,7
2016400132433,2,9,0,2,0,0,0,0,0,0,4,1,6,3,-1,-1,-1,-1,-1,-1,-1,-1
2016400132442,1,9,0,18,0,8,0,0,0,0,1,1,5,1,30,6,1968,2,6,1,1,1
2016400132442,2,9,0,9,0,8,0,0,7,0,3,1,5,2,54,8,1598,1,16,10,2,10
2016400132548,1,9,0,9,0,8,0,0,0,0,1,1,6,2,20,4,1124,1,11,2,1,2
2016400132548,2,9,0,18,0,8,0,0,0,0,1,1,6,2,59,9,1598,2,3,5,1,5
2016400132667,1,19,0,9,0,2,0,0,0,0,4,1,5,1,-1,-1,2148,2,7,2,1,2
2016400132667,2,98,0,2,0,2,0,0,0,0,3,1,6,3,-1,-1,-1,-1,-1,-1,-1,-1
2016400133461,1,9,0,18,0,0,5,0,0,0,1,1,6,2,36,7,1598,1,9,10,2,10
2016400133461,2,9,0,18,0,0,0,0,0,0,1,1,6,1,63,9,2143,2,2,8,3,8
2016400133476,1,9,0,18,0,1,0,0,0,0,1,1,6,3,-1,-1,1781,1,22,-1,-1,-1
2016400133476,2,9,0,10,0,1,0,0,0,0,4,1,2,2,38,7,1618,1,1,10,1,10
2016400133480,1,9,0,18,0,0,5,0,1,0,1,1,6,2,45,7,1598,1,1,5,3,5
2016400133500,1,2,0,18,0,1,0,0,0,0,1,1,6,3,-1,-1,49,1,13,-1,-1,-1
2016400133550,1,21,1,5,0,0,0,4,0,0,1,1,1,1,49,8,-1,-1,-1,7,1,7
2016400133550,2,21,0,2,0,0,0,0,0,0,2,1,1,1,50,8,6692,2,6,3,1,3
2016400133580,1,9,0,4,0,0,0,0,0,0,1,1,1,1,-1,-1,2982,2,1,-1,-1,-1
2016400133580,2,9,0,4,0,0,0,0,0,0,2,1,1,2,43,7,1248,2,6,5,1,5
2016400133623,1,98,0,4,0,0,1,0,0,0,1,1,1,1,49,8,-1,-1,-1,-1,-1,-1
2016400133623,2,9,0,3,0,0,0,0,0,0,2,1,5,1,67,10,1248,2,8,-1,-1,-1
2016400133623,3,9,0,3,0,0,0,0,0,0,2,1,2,1,20,4,1560,2,7,3,3,3
2016400133623,4,9,0,3,0,0,0,0,0,0,2,1,2,2,47,8,1364,1,6,-1,-1,-1
2016400133671,1,9,0,4,0,0,0,0,0,0,1,1,6,2,23,5,1248,1,-1,-1,-1,-1
2016400133671,2,19,0,3,0,0,0,0,0,0,2,1,6,1,32,6,2461,2,14,10,1,10
2016400133705,1,9,0,18,0,0,0,0,0,0,1,1,6,2,18,4,996,1,6,5,1,5
2016400133705,2,9,0,18,0,0,0,0,0,0,2,1,6,1,53,8,1242,1,3,5,1,5
2016400133705,3,9,0,18,0,0,0,0,0,0,1,1,6,2,22,5,1598,1,9,6,1,6
2016400133705,4,9,0,18,0,0,0,0,0,0,2,1,6,1,51,8,1956,2,2,2,1,2
2016400133705,5,9,0,18,0,0,0,0,0,0,1,1,6,1,35,6,1242,1,12,8,1,8
2016400133724,1,9,0,14,0,0,5,0,0,0,1,1,3,2,27,6,1390,1,8,1,1,1
2016400133724,2,9,0,2,0,0,0,0,0,0,3,1,6,2,58,9,2179,2,11,3,1,3
2016400133724,3,9,0,2,0,0,0,0,0,0,2,1,6,2,51,8,1560,2,8,6,1,6
2016400133741,1,9,0,4,0,8,0,0,0,0,1,1,6,2,81,11,1598,1,6,9,3,9
2016400133741,2,9,0,4,0,8,0,0,0,0,2,1,6,1,49,8,3993,1,4,-1,-1,-1
2016400133809,1,9,0,9,0,8,0,0,0,0,3,1,1,1,36,7,1995,1,10,8,2,8
2016400133809,2,9,0,13,0,8,0,0,7,7,1,1,6,3,-1,-1,1596,1,12,-1,-1,-1
2016400133826,1,98,0,14,0,0,0,0,0,0,3,1,1,3,-1,-1,-1,-1,-1,-1,-1,-1
2016400133844,1,9,0,18,0,0,0,0,0,0,1,1,2,2,20,4,2179,2,1,7,3,7
2016400133844,2,9,0,18,0,0,0,0,0,0,1,1,2,1,41,7,1596,1,10,8,1,8
2016400133844,3,9,0,18,0,0,0,0,0,0,2,1,2,1,50,8,998,1,3,9,1,9
2016400133886,1,9,0,9,0,8,0,0,0,0,3,1,1,2,30,6,1499,2,-1,4,1,4
2016400133886,2,5,0,14,0,8,0,0,0,0,4,1,6,1,51,8,745,1,2,3,1,3
2016400133889,1,2,0,14,0,1,0,0,0,0,1,1,6,2,17,4,49,1,3,5,1,5
2016400133889,2,9,0,6,0,1,0,0,0,0,3,1,6,2,27,6,1995,2,5,5,1,5
2016400133905,1,9,0,18,0,1,0,0,0,0,1,1,6,3,-1,-1,-1,-1,-1,-1,-1,-1
2016400133905,2,9,0,8,0,1,0,0,0,0,2,1,6,2,39,7,1995,1,11,3,1,3
2016400133969,1,9,0,9,0,8,0,0,0,0,1,1,6,1,73,10,1598,2,2,9,2,9
2016400133969,2,1,0,18,9,8,0,0,0,0,1,1,6,1,36,7,-1,-1,-1,-1,-1,-1
2016400134008,1,3,0,7,0,8,1,4,0,0,3,1,5,2,50,8,125,1,-1,3,1,3
2016400134008,2,9,0,2,0,8,0,0,0,0,2,1,6,3,-1,-1,-1,-1,-1,-1,-1,-1
2016400134037,1,3,0,16,0,8,1,0,0,0,1,1,5,1,17,4,125,1,1,3,1,3
2016400134037,2,9,0,17,0,8,0,0,0,0,1,1,5,2,60,9,1200,1,1,7,3,7
2016400134085,1,19,0,14,0,0,0,0,0,0,0,1,2,1,46,8,1598,2,1,8,1,8
2016400134098,1,98,0,18,0,0,0,0,0,0,0,1,6,3,-1,-1,-1,-1,-1,-1,-1,-1
2016400134098,2,9,0,5,0,0,0,0,0,0,1,1,6,2,31,6,1796,1,14,2,1,2
2016400134098,3,9,0,5,0,0,0,0,0,0,2,1,6,1,-1,-1,1995,2,3,-1,-1,-1
2016400134135,1,9,0,3,0,1,0,0,0,0,2,1,6,1,35,6,1995,2,1,6,1,6
2016400134135,2,9,0,18,0,1,0,0,0,0,1,1,6,3,-1,-1,-1,-1,-1,-1,-1,-1
2016400134139,1,9,0,4,0,1,0,0,0,0,1,1,5,1,20,4,1242,1,3,3,1,3
2016400134162,1,9,0,9,0,8,0,0,0,0,1,1,6,2,27,6,2148,2,7,3,1,3
2016400134162,2,9,0,18,0,8,0,0,1,11,1,1,6,1,49,8,1997,2,3,7,3,7
2016400134178,1,9,0,17,0,0,1,0,1,11,1,1,6,1,41,7,1968,2,2,10,1,10
2016400134196,1,1,0,18,0,0,0,0,0,0,1,1,6,1,36,7,-1,-1,-1,4,1,4
2016400134207,1,3,0,18,0,0,0,0,0,0,3,1,6,1,-1,-1,125,1,2,-1,-1,-1
2016400134231,1,9,0,18,0,8,0,0,0,0,4,1,6,1,26,6,1598,1,15,4,1,4
2016400134231,2,9,0,9,0,8,0,0,0,0,1,1,2,1,37,7,-1,-1,-1,6,1,6
2016400134245,1,19,0,7,0,8,0,0,0,0,1,1,1,1,52,8,2198,2,1,8,3,8
2016400134245,2,1,0,18,0,8,0,0,0,0,4,1,6,1,-1,-1,-1,-1,-1,6,1,6
2016400134259,1,9,0,4,0,0,0,0,0,0,1,1,2,2,55,8,998,1,5,6,1,6
2016400134259,2,9,0,4,0,0,0,0,0,0,2,1,2,2,29,6,1364,1,10,7,1,7
2016400134358,1,9,0,9,0,4,0,0,0,0,1,1,2,1,28,6,1229,1,1,7,1,7
2016400134358,2,9,0,18,0,8,0,0,0,0,1,1,2,1,35,6,1800,1,17,3,1,3
2016400134387,1,9,0,18,0,4,0,0,0,0,1,1,6,3,-1,-1,-1,-1,-1,-1,-1,-1
2016400134387,2,1,0,18,0,8,0,0,0,0,4,1,6,1,28,6,-1,-1,-1,2,1,2
2016400134697,1,9,0,18,0,0,0,0,0,0,1,1,6,2,20,4,1197,1,2,7,3,7
2016400134720,1,9,0,7,0,4,0,0,0,0,4,1,6,3,-1,-1,2000,2,10,-1,-1,-1
2016400134720,2,1,0,9,4,4,0,0,0,0,3,1,1,1,31,6,-1,-1,-1,8,2,8
2016400134740,1,9,0,5,0,0,0,0,0,0,1,1,6,3,-1,-1,1686,2,3,-1,-1,-1
2016400134740,2,1,0,5,0,0,0,0,0,0,2,1,5,1,38,7,-1,-1,-1,5,1,5
2016400135017,1,9,0,13,0,0,0,0,0,0,4,1,6,3,-1,-1,-1,-1,-1,-1,-1,-1
2016400135017,2,16,0,18,0,0,0,0,0,0,3,1,5,2,15,3,-1,-1,-1,8,3,8
2016400135181,1,19,0,18,0,1,0,0,0,0,1,1,1,1,39,7,2143,2,2,7,1,7
2016400135181,2,9,0,4,0,1,0,0,0,0,2,1,5,2,19,4,973,1,14,6,3,6
2016400135181,3,9,0,10,0,1,0,0,0,0,3,1,5,2,60,9,998,1,7,6,3,6
2016400135444,1,9,0,17,0,0,0,0,1,4,1,1,6,1,17,4,899,1,16,7,2,7
2016400136451,1,9,0,17,0,0,1,0,0,0,1,1,6,1,19,4,1390,1,8,10,1,10
2016400136451,2,9,0,18,0,0,0,0,0,0,1,1,6,2,54,8,1781,1,10,7,3,7
2016400136451,3,9,0,18,0,0,0,0,0,0,1,1,6,2,38,7,1396,1,1,7,1,7
2016400136512,1,9,0,17,0,8,0,0,3,4,1,1,5,1,-1,-1,998,1,6,-1,-1,-1
2016400136512,2,19,0,18,0,1,0,0,0,0,0,1,1,1,25,5,1995,2,2,-1,-1,-1
2016400136557,1,9,0,1,0,0,0,0,0,0,2,1,6,1,34,6,1998,1,3,5,1,5
2016400136565,1,9,0,18,0,0,0,0,0,0,1,1,6,2,19,4,1910,2,10,7,1,7
2016400136565,2,9,0,18,0,0,0,0,0,0,2,1,6,2,23,5,1598,2,4,2,1,2
2016400136605,1,9,0,4,0,0,0,0,0,0,2,1,5,1,30,6,1910,2,12,5,1,5
2016400136605,2,9,0,4,0,0,0,0,0,0,2,1,6,1,31,6,1910,2,10,7,2,7
2016400136605,3,9,0,4,0,0,0,0,0,0,2,1,6,1,45,7,1422,2,14,7,1,7
2016400136605,4,9,0,4,0,0,0,0,0,0,2,1,6,1,36,7,1499,2,-1,7,1,7
2016400136605,5,9,0,4,0,0,0,0,0,0,1,1,6,1,33,6,1896,2,13,10,1,10
2016400136605,6,9,0,4,0,0,0,0,0,0,2,1,2,2,18,4,-1,-1,-1,3,1,3
2016400136703,1,19,0,4,0,1,0,0,0,0,2,1,1,1,31,6,1995,2,3,7,1,7
2016400136703,2,9,0,18,0,1,0,0,0,0,1,1,5,1,37,7,998,1,4,9,1,9
2016400136703,3,9,0,18,0,1,0,0,0,0,1,1,5,2,28,6,1149,1,8,10,2,10
2016400136703,4,9,0,18,0,1,0,0,0,0,1,1,2,1,33,6,1896,2,13,4,1,4
2016400136724,1,9,0,9,0,8,0,0,0,0,1,1,6,2,27,6,1968,2,7,2,1,2
2016400136765,1,9,0,9,0,8,0,0,0,0,1,1,6,1,30,6,2191,2,2,4,1,4
2016400136765,2,9,0,18,0,8,0,0,0,0,3,1,6,2,19,4,1242,1,-1,7,3,7
2016400136810,1,9,0,14,0,0,0,0,0,0,1,1,6,1,25,5,1995,2,-1,7,1,7
2016400136810,2,9,0,3,0,0,0,0,1,2,2,1,6,1,39,7,1896,2,10,3,1,3
2016400136810,3,9,0,3,0,0,0,0,0,0,2,1,6,2,65,9,1242,1,4,4,1,4
2016400136812,1,9,0,18,0,0,0,0,0,0,1,1,5,1,57,9,898,1,-1,5,1,5
2016400136812,2,21,1,4,0,0,0,0,0,0,2,1,1,1,54,8,12809,2,3,8,2,8
2016400136891,1,9,0,9,0,8,0,0,0,0,3,1,6,2,31,6,1896,2,13,7,1,7
2016400136891,2,3,0,18,0,8,0,0,0,0,1,1,6,1,22,5,125,1,-1,3,1,3
2016400136917,1,9,0,4,0,1,0,0,0,0,1,1,2,1,30,6,1997,2,3,7,1,7
2016400136917,2,1,0,4,0,1,0,0,0,0,3,1,2,1,62,9,-1,-1,-1,7,2,7
2016400136943,1,9,0,7,0,4,0,0,0,0,1,1,6,3,-1,-1,1968,2,12,-1,-1,-1
2016400136943,2,9,0,18,0,8,0,0,0,0,4,1,6,1,36,7,1910,2,7,2,1,2
2016400136996,1,9,0,18,0,8,0,0,7,2,4,1,6,1,32,6,1753,2,15,2,1,2
2016400136996,2,11,0,18,0,8,0,0,0,0,1,1,1,2,48,8,4461,2,1,1,1,1
2016400137037,1,9,0,5,0,2,0,0,0,0,4,1,6,1,-1,-1,1242,1,14,-1,-1,-1
2016400137037,2,1,0,18,0,2,0,0,0,0,1,1,6,1,13,3,-1,-1,-1,5,1,5
2016400137093,1,9,0,18,0,0,0,0,0,0,0,1,1,1,24,5,-1,-1,-1,-1,-1,-1
2016400137093,2,19,0,18,0,0,0,0,0,0,4,1,1,1,47,8,2299,2,-1,1,1,1
2016400137113,1,9,0,18,0,4,0,0,0,0,1,1,5,1,23,5,1896,2,15,2,1,2
2016400137113,2,9,0,18,0,8,0,0,0,0,4,1,2,2,32,6,-1,-1,-1,9,1,9
2016400137149,1,9,0,18,0,8,0,0,0,0,1,1,6,2,68,10,1685,2,1,-1,-1,-1
2016400137149,2,9,0,9,0,8,0,0,0,0,3,1,6,2,35,6,1598,2,5,5,3,5
2016400137152,1,9,0,17,0,0,1,0,1,10,1,1,6,2,24,5,1248,2,8,2,1,2
2016400137282,1,9,0,17,0,0,0,0,1,9,1,1,5,2,20,4,1248,1,7,1,1,1
2016400137336,1,9,0,14,0,8,1,0,0,0,3,1,5,1,24,5,998,1,8,2,1,2
2016400137336,2,11,0,18,0,8,0,0,0,0,3,1,1,1,43,7,3900,2,13,2,1,2
2016400137346,1,9,0,10,0,8,0,0,0,0,0,1,6,2,49,8,1299,1,11,6,1,6
2016400137346,2,5,0,18,0,1,1,0,0,0,3,1,6,1,68,10,1078,1,6,10,1,10
2016400137417,1,9,0,4,0,0,0,0,0,0,1,1,5,1,77,11,1396,1,9,3,1,3
2016400137442,1,19,0,18,0,4,0,0,0,0,1,1,6,3,-1,-1,2143,2,2,-1,-1,-1
2016400137442,2,1,0,9,0,8,0,0,0,0,4,1,6,1,65,9,-1,-1,-1,7,3,7
2016400137486,1,2,0,18,0,0,1,0,1,9,4,1,2,1,18,4,49,1,8,4,1,4
2016400137494,1,9,0,18,0,1,0,0,0,0,1,1,6,1,72,10,998,1,4,-1,-1,-1
2016400137518,1,9,0,18,0,0,0,0,1,11,4,1,2,1,60,9,1796,1,10,9,1,9
2016400137549,1,9,0,9,0,8,0,0,0,0,1,1,1,1,61,9,1998,1,19,4,2,4
2016400137549,2,9,0,18,0,8,0,0,1,0,4,1,1,1,50,8,-1,-1,-1,7,1,7
2016400137624,1,9,0,16,0,0,1,0,1,7,1,1,6,1,20,4,1796,1,9,9,2,9
2016400137624,2,9,0,18,0,0,0,0,0,0,1,1,6,1,32,6,-1,-1,-1,4,1,4
2016400137660,1,19,0,16,0,8,0,0,0,0,1,1,1,1,30,6,1753,2,13,7,1,7
2016400137660,2,9,0,17,0,8,0,0,0,0,3,1,1,1,53,8,1596,1,10,10,1,10
2016400137976,1,9,0,18,0,0,0,0,0,0,1,1,5,2,70,10,1497,8,7,10,2,10
2016400137976,2,9,0,4,0,0,0,0,0,0,2,1,5,2,62,9,2143,2,5,9,2,9
2016400137976,3,9,0,3,0,0,0,0,0,0,2,1,5,1,21,5,1969,2,-1,-1,-1,-1
2016400138020,1,9,0,1,0,0,0,0,0,0,2,1,6,1,-1,-1,-1,-1,-1,6,3,6
2016400138020,2,9,0,18,0,0,0,0,0,0,1,1,6,1,35,6,1399,1,9,3,1,3
2016400138068,1,9,0,5,0,0,0,0,0,0,1,1,2,1,19,4,1086,1,6,8,3,8
2016400138068,2,9,0,4,0,0,0,0,0,0,2,1,2,1,64,9,-1,-1,-1,10,2,10
2016400138087,1,9,0,18,0,8,5,9,0,0,1,1,6,1,21,5,1968,2,3,9,1,9
2016400138287,1,9,0,10,0,1,0,0,1,0,2,1,2,1,22,5,1198,1,12,9,1,9
2016400138287,2,9,0,18,0,1,0,0,0,0,1,1,2,1,20,4,1598,1,6,6,1,6
2016400138346,1,1,0,18,0,8,0,0,0,0,3,1,6,2,37,7,-1,-1,-1,1,1,1
2016400138346,2,19,0,4,0,1,0,0,0,0,1,1,1,1,33,6,2198,2,2,8,3,8
2016400138395,1,9,0,18,0,0,0,0,1,11,1,1,6,2,18,4,1198,1,7,7,3,7
2016400138510,1,9,0,18,0,0,0,0,1,0,1,1,6,1,18,4,-1,-1,-1,4,3,4
2016400138510,2,9,0,12,0,0,5,0,1,0,1,1,6,2,58,9,3199,1,13,8,2,8
2016400138553,1,9,0,18,0,0,5,0,1,4,1,1,6,1,35,6,1753,2,12,5,1,5
2016400138594,1,9,0,3,0,0,0,0,0,0,1,1,6,2,40,7,2204,2,8,2,1,2
2016400138594,2,19,0,1,0,0,0,0,0,0,2,1,1,1,43,7,2198,2,2,9,1,9
2016400138627,1,19,0,2,0,0,0,0,0,0,2,1,5,1,18,4,1753,2,13,5,3,5
2016400138627,2,9,0,18,0,0,1,4,0,0,1,1,5,1,33,6,1598,1,13,9,3,9
2016400138627,3,9,0,2,0,0,0,0,0,0,2,1,5,1,52,8,1242,1,1,9,1,9
2016400138627,4,9,0,18,0,0,0,0,0,0,1,1,5,2,63,9,1199,1,13,8,3,8
2016400138791,1,9,0,18,0,4,0,0,0,0,1,1,5,1,52,8,1798,1,14,2,1,2
2016400138791,2,1,0,18,0,8,0,0,0,0,2,1,5,1,52,8,-1,-1,-1,4,1,4
2016400138899,1,9,0,18,0,0,0,0,0,0,1,1,6,2,36,7,1598,1,-1,3,1,3
2016400138899,2,9,0,4,0,0,0,0,0,0,2,1,6,1,38,7,-1,-1,-1,4,1,4
2016400138899,3,9,0,4,0,0,0,0,0,0,2,1,6,1,20,4,1398,1,-1,9,1,9
2016400138899,4,9,0,4,0,0,0,0,0,0,2,1,6,2,21,5,1242,1,-1,10,3,10