Accident_Index,Vehicle_Reference,Vehicle_Type,Towing_and_Articulation,Vehicle_Manoeuvre,Vehicle_Location-Restricted_Lane,Junction_Location,Skidding_and_Overturning,Hit_Object_in_Carriageway,Vehicle_Leaving_Carriageway,Hit_Object_off_Carriageway,1st_Point_of_Impact,Was_Vehicle_Left_Hand_Drive?,Journey_Purpose_of_Driver,Sex_of_Driver,Age_of_Driver,Age_Band_of_Driver,Engine_Capacity_(CC),Propulsion_Code,Age_of_Vehicle,Driver_IMD_Decile,Driver_Home_Area_Type,Vehicle_IMD_Decile
2016406BA0082,1,1,0,18,0,0,0,0,0,0,3,1,6,1,53,8,-1,-1,-1,9,2,9
2016406BA0082,2,98,0,13,0,0,0,0,0,0,4,1,6,1,-1,-1,-1,-1,-1,-1,-1,-1
2016406BA0087,1,9,0,8,0,1,0,0,0,0,2,1,1,2,25,5,1910,2,10,3,1,3
2016406BA0087,2,9,0,7,0,1,0,0,0,0,1,1,1,1,34,6,1896,2,13,4,1,4
2016406BA0089,1,9,0,9,0,8,0,0,0,0,4,1,2,1,57,9,1368,1,6,6,1,6
2016406BA0089,2,2,0,14,0,8,0,0,0,0,1,1,2,1,39,7,49,1,1,-1,-1,-1
2016406BA0092,1,9,0,18,0,0,0,0,0,0,3,1,6,1,33,6,2401,2,7,8,3,8
2016406BA0094,1,9,0,7,0,8,0,0,0,0,1,1,6,1,60,9,1753,2,6,4,1,4
2016406BA0094,2,1,0,7,0,8,0,0,0,0,2,1,6,1,26,6,-1,-1,-1,10,1,10
2016406BA0096,1,9,0,17,0,0,2,0,7,4,1,1,6,2,20,4,1198,1,11,8,3,8
2016406BA0097,1,9,0,5,0,8,0,0,0,0,4,1,2,1,57,9,3996,6,16,3,1,3
2016406BA0097,2,9,0,18,0,8,0,4,0,0,1,1,2,2,54,8,2967,2,2,7,1,7
2016406BA0097,3,9,0,18,0,8,0,0,0,0,3,1,2,1,45,7,2967,1,10,7,1,7
2016406BA0097,4,9,0,2,0,8,0,0,0,0,4,1,6,3,-1,-1,1461,2,5,3,1,3
2016406BA0101,1,9,0,17,0,0,0,0,0,0,3,1,1,1,35,6,-1,-1,-1,5,1,5
2016406BA0101,2,9,0,16,0,0,0,0,0,0,1,1,2,1,21,5,1296,1,7,9,3,9
2016406BA0104,1,9,0,18,0,0,0,0,1,2,1,1,1,1,30,6,-1,-1,-1,9,1,9
2016406BA0105,1,9,0,17,0,0,1,0,7,9,1,1,6,1,49,8,1590,1,17,2,1,2
2016406BA0109,1,9,0,16,0,0,1,4,0,0,1,1,6,2,22,5,1360,1,10,3,1,3
2016406BA0109,2,9,0,2,0,0,0,0,0,0,1,1,6,1,33,6,1596,1,1,3,1,3
2016406BA0114,1,21,0,14,0,8,0,0,0,0,3,1,6,2,51,8,12130,2,14,4,1,4
2016406BA0114,2,9,0,7,0,8,0,0,0,0,1,1,6,1,49,8,1199,1,12,7,1,7
2016406BA0116,1,9,0,18,0,0,1,0,2,3,1,1,6,1,53,8,1951,2,12,6,3,6
2016406BA0116,2,9,0,18,0,0,0,0,0,0,1,1,6,1,60,9,1395,1,1,-1,-1,-1
2016406BA0117,1,9,0,18,0,0,0,0,0,0,1,1,6,3,-1,-1,-1,-1,-1,-1,-1,-1
2016406BA0118,1,9,0,7,0,8,0,0,0,0,4,1,6,1,25,5,1199,1,16,7,1,7
2016406BA0118,2,1,0,7,0,8,0,0,0,0,3,1,6,1,35,6,-1,-1,-1,10,1,10
2016406BA0119,1,9,0,13,0,0,1,0,0,0,1,1,6,1,42,7,-1,-1,-1,5,2,5
2016406BA0119,2,9,0,18,0,0,0,0,0,0,1,1,6,2,34,6,1149,1,12,5,3,5
2016406BA0119,3,9,0,18,0,0,0,0,0,0,1,1,6,1,46,8,1910,2,8,3,1,3
2016406BA0122,1,9,0,18,0,8,0,0,0,0,1,1,6,3,-1,-1,-1,-1,-1,-1,-1,-1
2016406BA0122,2,1,0,9,0,8,0,0,0,0,2,1,6,1,53,8,-1,-1,-1,-1,-1,-1
2016406BA0123,1,9,0,18,0,0,0,0,0,0,1,1,6,1,36,7,1997,2,8,9,3,9
2016406BA0123,2,9,0,18,0,0,0,0,0,0,1,1,2,1,58,9,1749,1,13,6,2,6
2016406BA0125,1,19,0,18,0,1,0,0,0,0,1,1,1,1,46,8,2298,2,3,-1,-1,-1
2016406BA0125,2,9,0,10,0,8,0,0,0,0,2,1,6,2,35,6,2204,2,10,7,1,7
2016406BA0125,3,9,0,18,0,1,0,0,0,0,1,1,6,1,44,7,1595,2,6,8,1,8
2016406BA0127,1,1,0,18,0,8,0,0,0,0,3,1,2,1,37,7,-1,-1,-1,3,1,3
2016406BA0127,2,9,0,9,0,8,0,0,0,0,1,1,2,1,35,6,1461,2,4,6,1,6
2016406BA0133,1,9,0,18,0,0,0,0,0,0,1,1,6,1,79,11,1910,2,9,7,3,7
2016406BA0133,2,9,0,3,0,0,0,0,5,6,2,1,6,2,45,7,1296,1,9,4,3,4
2016406BA0133,3,9,0,3,0,0,0,0,0,0,2,1,6,2,34,6,1124,1,13,-1,-1,-1
2016406BA0135,1,9,0,9,0,8,0,0,0,0,1,1,3,1,31,6,1242,1,10,4,1,4
2016406BA0135,2,9,0,18,0,8,0,0,0,0,3,1,2,1,39,7,1761,1,16,7,3,7
2016406BA0137,1,21,1,9,0,8,0,0,0,0,3,2,1,1,45,7,-1,-1,-1,-1,-1,-1
2016406BA0137,2,9,0,9,0,8,0,0,0,0,1,1,6,1,38,7,2148,2,8,3,1,3
2016406BA0138,1,9,0,9,0,1,0,0,0,0,1,1,6,1,39,7,1956,2,-1,10,2,10
2016406BA0138,2,9,0,8,0,1,0,0,0,0,2,1,6,2,36,7,1560,2,4,2,1,2
2016406BA0142,1,2,0,18,0,8,0,0,0,0,1,1,2,2,20,4,49,1,2,2,1,2
2016406BA0142,2,9,0,10,0,8,0,0,0,0,2,1,1,2,34,6,1560,2,10,8,2,8
2016406BA0146,1,9,0,5,0,0,0,0,0,0,1,1,6,1,30,6,-1,-1,-1,-1,-1,-1
2016406BA0148,1,9,0,6,0,8,5,0,1,2,4,1,6,2,21,5,1364,1,10,8,1,8
2016406BA0153,1,9,0,5,0,8,0,0,0,0,3,1,6,2,91,11,-1,-1,-1,4,1,4
2016406BA0153,2,9,0,18,0,8,0,0,0,0,1,1,2,2,38,7,1197,1,2,-1,-1,-1
2016406BA0156,1,9,0,17,0,0,0,0,0,0,1,1,3,2,41,7,1490,1,8,3,1,3
2016406BA0156,2,9,0,16,0,0,0,0,0,0,1,1,2,1,31,6,-1,-1,-1,2,1,2
2016406BA0157,1,9,0,18,0,0,0,0,0,0,0,1,6,3,-1,-1,-1,-1,-1,-1,-1,-1
2016406BA0157,2,9,0,18,0,0,0,0,7,0,1,1,6,2,20,4,998,1,18,4,3,4
2016406BA0158,1,1,0,18,0,1,0,0,0,0,1,1,6,2,75,10,-1,-1,-1,-1,-1,-1
2016406BA0158,2,9,0,18,0,1,0,0,0,0,4,1,6,1,75,10,1834,1,13,9,2,9
2016406BA0159,1,9,0,18,0,8,0,0,0,0,1,1,6,2,31,6,1796,1,8,10,2,10
2016406BA0159,2,9,0,18,0,8,0,0,1,2,4,1,6,1,33,6,1389,1,17,5,2,5
2016406BA0162,1,9,0,18,0,8,0,0,0,0,3,1,1,2,25,5,1242,1,1,3,1,3
2016406BA0162,2,9,0,9,0,8,0,0,0,0,1,1,2,1,65,9,1598,1,15,2,1,2
2016406BA0163,1,9,0,18,0,8,0,0,0,0,1,1,6,1,-1,-1,2143,2,1,9,2,9
2016406BA0163,2,5,0,18,0,8,0,0,0,0,2,1,6,1,55,8,1690,1,3,4,1,4
2016406BA0165,1,8,0,13,0,0,0,0,0,0,4,1,6,1,29,6,1896,2,6,1,1,1
2016406BA0172,1,9,0,16,0,0,2,0,2,0,4,1,6,1,19,4,1998,1,17,6,3,6
2016406BA0176,1,9,0,18,0,8,1,0,0,0,1,1,1,2,53,8,1587,1,18,7,1,7
2016406BA0176,2,19,0,7,0,8,0,0,0,0,1,1,1,1,37,7,1560,2,1,6,1,6
2016406BA0182,1,9,0,5,0,0,0,0,0,0,3,1,6,1,30,6,-1,-1,-1,-1,-1,-1
2016406BA0182,2,1,0,14,0,0,0,0,0,0,4,1,6,2,18,4,-1,-1,-1,8,1,8
2016406BA0185,1,9,0,16,0,0,0,0,7,9,3,1,6,1,53,8,1998,1,17,7,3,7
2016406BA0186,1,19,0,18,0,1,0,0,0,0,4,1,6,3,-1,-1,-1,-1,-1,-1,-1,-1
2016406BA0186,2,90,0,18,0,2,0,0,0,0,0,1,6,3,-1,-1,-1,-1,-1,-1,-1,-1
2016406BA0189,1,9,0,9,0,8,0,0,0,0,3,1,2,1,18,4,1590,1,12,10,1,10
2016406BA0189,2,21,0,18,0,8,0,0,0,0,1,1,1,1,27,6,9200,2,4,4,1,4
2016406BA0189,3,9,0,10,0,8,0,0,0,0,3,1,6,1,48,8,-1,-1,-1,7,3,7
2016406BA0190,1,9,0,18,0,0,0,0,0,0,3,1,6,2,35,6,1590,1,11,4,1,4
2016406BA0193,1,9,0,18,0,1,0,0,0,0,2,1,6,1,25,5,1896,2,8,4,1,4
2016406BA0193,2,9,0,18,0,1,0,0,0,0,1,1,6,2,19,4,1598,1,8,9,3,9
2016406BA0200,1,9,0,18,0,3,0,0,0,0,1,1,6,1,41,7,2148,2,10,6,2,6
2016406BA0200,2,9,0,3,0,3,0,0,0,0,2,1,6,1,46,8,1796,1,16,1,1,1
2016406BA0200,3,9,0,3,0,2,0,0,0,0,2,1,6,2,34,6,1560,2,5,2,1,2
2016406BA0201,1,9,0,9,0,8,0,0,0,0,1,1,6,1,26,6,999,1,1,1,1,1
2016406BA0201,2,5,0,18,0,8,0,0,0,0,1,1,6,1,38,7,1171,1,19,4,1,4
2016406BA0204,1,9,0,4,0,0,0,0,0,0,0,1,6,3,-1,-1,-1,-1,-1,-1,-1,-1
2016406BA0204,2,11,0,5,0,0,0,0,0,0,0,1,1,1,-1,-1,-1,-1,-1,-1,-1,-1
2016406BA0211,1,9,0,16,0,0,0,0,0,0,1,1,6,2,35,6,1299,1,13,3,1,3
2016406BA0211,2,9,0,17,0,0,0,0,0,0,1,1,6,1,59,9,1596,1,16,-1,-1,-1
2016406BA0215,1,9,0,18,0,8,0,0,0,0,1,1,6,1,-1,-1,1798,1,1,6,1,6
2016406BA0215,2,1,0,18,0,8,0,0,0,0,4,1,6,1,18,4,-1,-1,-1,8,1,8
2016406BA0216,1,9,0,3,0,0,0,0,0,0,2,1,6,1,18,4,1124,1,11,6,1,6
2016406BA0216,2,9,0,4,0,0,0,0,0,0,2,1,6,1,24,5,1968,2,9,6,1,6
2016406BA0216,3,9,0,4,0,0,0,0,0,0,1,1,6,1,52,8,2199,2,6,9,1,9
2016406BA0217,1,9,0,4,0,8,0,0,0,0,0,1,6,3,-1,-1,-1,-1,-1,-1,-1,-1
2016406BA0217,2,9,0,18,0,1,0,0,0,0,0,1,1,3,-1,-1,-1,-1,-1,3,1,3
2016406BA0217,3,11,0,4,0,8,0,0,0,0,0,1,1,1,70,10,-1,-1,-1,9,1,9
2016406BA0219,1,9,0,18,0,0,0,0,0,0,1,1,6,1,24,5,1598,1,10,6,1,6
2016406BA0219,2,9,0,3,0,0,0,0,0,0,2,1,6,1,26,6,1198,1,13,4,1,4
2016406BA0228,1,9,0,8,0,1,0,0,0,0,2,1,1,1,35,6,1398,1,1,9,3,9
2016406BA0228,2,9,0,4,0,1,0,0,0,0,1,1,6,2,48,8,998,1,14,3,1,3
2016406BA0229,1,19,0,18,0,1,0,0,0,0,1,1,2,1,44,7,2402,2,8,-1,-1,-1
2016406BA0229,2,9,0,3,0,1,0,0,0,0,2,1,6,2,53,8,-1,-1,-1,-1,-1,-1
2016406BA0230,1,9,0,2,0,0,0,0,0,0,3,1,6,1,-1,-1,1910,2,11,-1,-1,-1
2016406BA0230,2,1,0,18,0,0,0,0,0,0,1,1,2,1,34,6,-1,-1,-1,2,1,2
2016406BA0231,1,9,0,9,9,8,0,0,0,0,1,1,6,1,30,6,-1,-1,-1,-1,-1,-1
2016406BA0231,2,1,0,18,0,8,0,0,0,0,1,1,2,1,55,8,-1,-1,-1,10,1,10
2016406BA0233,1,9,0,11,0,8,0,0,0,0,4,1,2,2,36,7,1956,2,3,2,1,2
2016406BA0233,2,9,0,9,0,8,0,0,0,0,3,1,6,1,37,7,-1,-1,-1,8,1,8
2016406BA0235,1,9,0,18,0,8,0,0,0,0,1,1,6,1,42,7,1240,1,13,2,1,2
2016406BA0235,2,19,0,9,0,8,0,0,0,0,4,1,1,1,30,6,1598,2,1,-1,-1,-1
2016406BA0239,1,9,0,9,0,8,0,0,0,0,1,1,3,2,53,8,999,1,1,9,3,9
2016406BA0242,1,9,0,18,0,8,0,0,0,0,4,1,6,2,51,8,1796,1,11,4,1,4
2016406BA0242,2,9,0,18,0,8,0,0,0,0,1,1,6,1,27,6,1896,2,9,2,1,2
2016406BA0244,1,9,0,18,0,1,0,0,0,0,1,1,6,1,72,10,1870,2,13,7,1,7
2016406BA0246,1,2,0,4,0,1,1,0,0,0,0,1,6,1,16,4,49,1,8,6,1,6
2016406BA0248,1,9,0,18,0,1,0,9,7,1,1,1,6,2,87,11,1596,1,12,5,3,5
2016406BA0249,1,9,0,9,0,8,0,0,0,0,3,1,6,1,25,5,1364,1,9,9,1,9
2016406BA0249,2,9,0,18,0,8,0,0,0,0,1,1,6,2,29,6,1388,1,6,9,1,9
2016406BA0250,1,9,0,18,0,4,0,0,3,10,1,1,2,1,67,10,1896,2,8,-1,-1,-1
2016406BA0251,1,9,0,13,0,8,1,0,0,0,1,1,6,1,28,6,1199,1,12,2,1,2
2016406BA0251,2,19,0,18,0,8,0,0,0,0,2,1,6,2,51,8,-1,-1,-1,4,3,4
2016406BA0251,3,9,0,5,0,1,0,0,0,0,1,1,6,1,62,9,2495,2,14,3,1,3
2016406BA0253,1,9,0,18,0,0,0,0,0,0,1,1,6,1,30,6,1600,1,5,6,3,6
2016406BA0253,2,9,0,4,0,0,0,0,0,0,2,1,6,2,25,5,1390,1,5,10,1,10
2016406BA0259,1,9,0,4,0,0,0,0,0,0,1,1,2,1,26,6,1984,1,8,7,1,7
2016406BA0259,2,21,1,3,0,0,0,0,0,0,2,1,1,1,41,7,12900,2,5,-1,2,-1
2016406BA0259,3,9,0,18,0,0,0,0,0,0,1,1,2,2,38,7,1240,1,6,7,1,7
2016406BA0259,4,9,0,18,0,0,0,0,0,0,2,1,2,2,31,6,1398,1,1,8,3,8
2016406BA0259,5,9,0,4,0,0,0,0,0,0,2,1,2,1,50,8,1969,2,1,6,2,6
2016406BA0262,1,9,0,12,0,1,0,0,0,0,3,1,6,1,59,9,1796,1,14,8,1,8
2016406BA0262,2,8,0,17,0,1,0,0,0,0,4,1,1,1,-1,-1,-1,-1,-1,-1,-1,-1
2016406BA0264,1,9,0,9,0,8,0,0,0,0,3,1,6,1,20,4,1598,1,10,1,1,1
2016406BA0264,2,9,0,18,0,8,0,0,0,0,1,1,6,2,28,6,1596,1,15,8,1,8
2016406BA0265,1,19,0,9,0,6,0,0,0,0,2,1,6,1,22,5,1461,2,4,8,3,8
2016406BA0265,2,9,0,18,0,8,0,0,0,0,1,1,1,1,25,5,1242,1,18,6,1,6
2016406BA0265,3,9,0,18,0,2,0,0,0,0,0,1,6,3,-1,-1,-1,-1,-1,-1,-1,-1
2016406BA0270,1,9,0,13,0,1,0,0,0,0,1,1,2,2,36,7,1360,1,10,9,1,9
2016406BA0270,2,21,0,9,0,1,0,0,0,0,3,1,1,1,38,7,12740,2,1,-1,-1,-1
2016406BA0272,1,19,0,18,0,0,0,0,0,0,1,1,1,1,30,6,1149,1,14,6,1,6
2016406BA0272,2,9,0,4,0,0,0,0,0,0,2,1,3,2,34,6,1248,2,11,6,1,6
2016406BA0277,1,9,0,18,0,0,0,0,0,0,1,1,6,1,76,11,1389,1,16,8,3,8
2016406BA0277,2,9,0,3,0,0,0,0,0,0,1,1,6,2,42,7,2000,2,9,7,3,7
2016406BA0278,1,8,0,18,0,2,0,0,0,0,1,1,6,1,-1,-1,1997,2,16,-1,-1,-1
2016406BA0286,1,19,0,9,0,8,0,0,0,0,3,1,1,1,41,7,1753,2,10,4,1,4
2016406BA0286,2,20,0,18,0,8,0,0,0,0,1,1,1,1,54,8,4461,2,8,10,3,10
2016406BA0287,1,19,0,18,0,8,1,9,3,0,1,1,1,1,26,6,2198,2,1,9,2,9
2016406BA0294,1,9,0,17,9,8,1,0,1,0,1,1,1,2,21,5,1242,1,15,5,1,5
2016406BA0294,2,1,0,18,9,8,0,0,0,0,3,1,6,1,51,8,-1,-1,-1,6,1,6
2016406BA0296,1,9,0,9,0,8,0,0,0,0,1,1,6,1,27,6,2979,1,9,5,2,5
2016406BA0296,2,3,0,18,0,8,0,0,7,0,4,1,6,1,19,4,125,1,1,7,3,7
2016406BA0298,1,9,0,17,0,0,2,0,5,6,1,1,6,3,-1,-1,1598,1,12,-1,-1,-1
2016406BA0299,1,21,0,4,0,8,0,0,0,0,3,1,1,1,35,6,5193,2,3,-1,-1,-1
2016406BA0300,1,3,0,18,0,8,0,9,3,1,1,1,6,1,78,11,124,1,1,8,3,8
2016406BA0307,1,9,0,16,0,0,1,0,0,0,1,1,6,1,45,7,1686,2,11,3,1,3
2016406BA0307,2,9,0,18,0,0,0,0,0,0,1,1,6,1,50,8,1998,1,13,9,1,9
2016406BA0307,3,9,0,18,0,0,0,0,0,0,3,1,6,1,64,9,998,1,10,9,2,9
2016406BA0308,1,21,1,18,0,0,5,0,0,0,3,1,1,1,58,9,12900,2,8,1,1,1
2016406BA0310,1,5,0,13,0,0,0,7,0,0,1,1,6,1,52,8,999,1,1,7,3,7
2016406BA0310,2,9,0,18,0,0,0,0,0,0,1,1,6,1,62,9,1956,2,1,6,1,6
2016406BA0313,1,21,1,18,0,0,0,0,0,0,1,1,1,1,32,6,12900,2,8,4,2,4
2016406BA0313,2,9,0,3,0,0,0,0,0,0,2,1,2,1,43,7,1598,2,3,3,1,3
2016406BA0313,3,19,0,3,0,0,0,0,0,0,2,1,1,1,63,9,2198,2,3,3,1,3
2016406BA0313,4,9,0,3,0,0,0,0,0,0,2,1,2,1,31,6,1956,2,1,9,1,9
2016406CA0004,1,9,0,9,0,8,0,0,0,0,4,1,6,1,19,4,1043,1,23,9,1,9
2016406CA0004,2,9,0,18,0,8,0,0,0,0,1,1,6,1,37,7,1896,2,12,2,1,2
2016406CA0017,1,9,0,18,0,0,0,0,0,0,1,1,6,1,27,6,2993,2,1,8,1,8
2016406CA0017,2,9,0,3,0,0,0,0,0,0,2,1,6,1,37,7,1329,1,1,3,1,3
2016406CA0019,1,9,0,18,0,8,0,0,0,0,4,1,6,2,23,5,1124,1,12,4,1,4
2016406CA0019,2,19,0,18,0,8,0,0,0,0,1,1,6,1,38,7,2402,2,16,1,1,1
2016406CA0020,1,1,0,18,0,8,0,0,0,0,3,1,6,1,23,5,-1,-1,-1,4,1,4
2016406CA0020,2,9,0,18,0,8,0,0,0,0,1,1,6,2,-1,-1,1229,1,4,8,1,8
2016406CA0024,1,9,0,9,0,8,0,0,0,0,1,1,6,1,56,9,1895,1,17,5,1,5
2016406CA0024,2,1,0,18,0,8,0,0,0,0,4,1,6,1,56,9,-1,-1,-1,5,1,5
2016406CA0025,1,9,0,4,0,0,0,0,0,0,2,1,6,1,44,7,1560,2,1,-1,-1,-1
2016406CA0025,2,9,0,4,0,0,0,0,0,0,2,1,6,1,47,8,973,1,13,7,1,7
2016406CA0025,3,9,0,18,0,0,0,0,0,0,1,1,6,1,55,8,-1,-1,-1,2,1,2
2016406CA0030,1,8,0,9,0,8,0,0,0,0,1,1,6,1,42,7,1910,2,8,2,1,2
2016406CA0030,2,9,0,18,0,8,0,0,0,0,3,1,6,2,34,6,1686,2,3,2,1,2
2016406CA0031,1,19,0,1,0,1,0,0,0,0,2,1,6,1,40,7,1870,2,12,5,1,5
2016406CA0031,2,9,0,2,0,2,0,0,0,0,1,1,6,2,30,6,1598,2,3,7,1,7
2016406CA0033,1,9,0,4,0,0,0,0,0,0,2,1,6,2,33,6,1596,1,8,9,1,9
2016406CA0033,2,9,0,18,0,0,0,0,0,0,1,1,6,1,-1,-1,1596,1,8,-1,-1,-1
2016406CA0035,1,9,0,9,0,8,0,0,0,0,3,1,6,1,25,5,1248,2,13,1,1,1
2016406CA0035,2,9,0,13,0,8,0,0,0,0,1,1,6,1,-1,-1,1995,2,1,-1,-1,-1
2016406CA0036,1,11,0,9,0,8,0,0,0,0,4,1,1,1,50,8,7300,2,5,3,1,3
2016406CA0036,2,9,0,18,0,8,0,0,0,0,3,1,6,2,33,6,2198,1,10,4,1,4
2016406CA0038,1,9,0,3,0,4,0,0,0,0,2,1,1,1,39,7,2400,2,4,6,1,6
2016406CA0038,2,9,0,18,0,4,0,0,0,0,1,1,6,1,38,7,1968,2,7,6,1,6
2016406CA0038,3,90,0,18,0,8,0,0,0,0,0,1,1,3,-1,-1,-1,-1,-1,-1,-1,-1
2016406CA0040,1,19,0,1,0,1,0,0,0,0,1,1,6,1,25,5,1968,2,3,2,1,2
2016406CA0049,1,9,0,7,0,8,0,0,0,0,1,1,2,1,29,6,1396,1,13,7,1,7
2016406CA0049,2,1,0,18,0,8,0,0,0,0,4,1,2,2,48,8,-1,-1,-1,-1,-1,-1
2016406CA0051,1,9,0,18,0,8,0,0,0,0,3,1,6,1,39,7,1986,2,10,2,1,2
2016406CA0051,2,9,0,18,0,8,0,0,0,0,1,1,6,2,33,6,1299,1,12,4,1,4
2016406CA0053,1,9,0,6,0,8,0,0,0,0,3,1,6,2,41,7,1596,1,13,5,1,5
2016406CA0053,2,9,0,18,0,8,0,0,0,0,1,1,6,2,84,11,1598,1,13,9,3,9
2016406CA0057,1,9,0,18,0,8,0,0,0,0,4,1,6,2,30,6,1870,2,5,-1,-1,-1
2016406CA0060,1,9,0,1,0,8,0,0,0,0,3,1,6,1,30,6,1332,1,17,-1,-1,-1
2016406CA0060,2,9,0,18,0,8,0,0,0,0,1,1,3,2,38,7,1398,1,2,2,1,2
2016406CA0062,1,9,0,18,0,8,0,0,0,0,1,1,6,1,18,4,1248,2,6,-1,-1,-1
2016406CA0062,2,9,0,9,0,8,0,0,0,0,1,1,6,1,-1,-1,-1,-1,-1,-1,-1,-1
2016406CA0067,1,9,0,17,0,0,0,0,0,0,1,1,6,1,50,8,-1,-1,-1,3,1,3
2016406CA0067,2,9,0,16,0,0,0,0,0,0,1,1,6,2,30,6,1598,1,9,3,1,3
2016406CA0070,1,9,0,18,0,2,0,0,4,6,1,1,6,1,25,5,1986,2,10,-1,-1,-1
2016406CA0070,2,9,0,12,0,6,0,0,0,0,2,1,6,2,44,7,1598,1,12,3,1,3
2016406CA0078,1,8,0,18,0,8,0,0,0,0,1,1,1,1,55,8,-1,-1,-1,3,1,3
2016406CA0078,2,9,0,3,0,8,0,0,0,0,2,1,6,2,65,9,1956,2,4,9,1,9
2016406CA0082,1,9,0,3,0,1,1,0,0,0,1,1,6,1,20,4,1360,1,10,-1,-1,-1
2016406CA0082,2,9,0,3,0,1,0,0,0,0,2,1,6,2,31,6,1596,1,14,9,1,9
2016406CA0091,1,5,0,18,0,1,1,0,0,0,4,1,6,1,32,6,599,1,13,2,1,2
2016406CA0097,1,9,0,9,0,8,0,0,0,0,1,1,6,1,36,7,1560,2,4,5,1,5
2016406CA0097,2,1,0,18,0,8,0,0,0,0,4,1,6,1,29,6,-1,-1,-1,6,1,6
2016406CA0102,1,9,0,7,0,8,0,0,0,0,1,1,6,3,-1,-1,-1,-1,-1,-1,-1,-1
2016406CA0106,1,9,0,18,0,0,0,0,0,0,1,1,6,2,68,10,1229,1,1,8,1,8
2016406CA0106,2,10,0,2,0,0,0,0,0,0,2,1,6,1,56,9,-1,-1,-1,9,1,9
2016406CA0114,1,9,0,18,0,0,0,0,0,0,1,1,1,1,39,7,1995,2,6,9,3,9
2016406CA0114,2,9,0,4,0,0,0,0,0,0,2,1,1,1,24,5,1995,2,4,1,1,1
2016406CA0114,3,9,0,4,0,0,0,0,0,0,2,1,1,1,26,6,1995,2,4,5,3,5
2016406CA0114,4,9,0,4,0,0,0,0,0,0,2,1,1,1,34,6,1956,2,2,6,1,6
2016406CA0118,1,9,0,4,0,8,0,0,0,0,1,1,6,1,18,4,-1,-1,-1,2,1,2
2016406CA0118,2,9,0,18,0,8,0,0,0,0,4,1,6,1,64,9,1389,1,22,2,1,2
2016406CA0123,1,9,0,4,0,1,0,0,0,0,1,1,6,1,28,6,1896,2,11,7,1,7
2016406CA0125,1,9,0,9,0,8,0,0,0,0,3,1,6,2,32,6,1799,1,8,2,1,2
2016406CA0125,2,9,0,18,0,8,0,0,0,0,1,1,6,1,30,6,1968,2,1,4,1,4
2016406CA0128,1,8,0,18,0,8,0,0,0,0,3,1,1,1,54,8,1968,2,5,3,1,3
2016406CA0141,1,8,0,18,0,8,0,0,0,0,1,1,1,1,44,7,1798,8,4,2,1,2
2016406CA0141,2,9,0,9,0,8,0,0,0,0,4,1,6,1,28,6,1997,2,4,3,1,3
2016406CA0142,1,9,0,9,0,8,0,0,0,0,1,1,6,2,48,8,1364,1,12,2,1,2
2016406CA0142,2,9,0,18,0,8,0,0,0,0,1,1,6,2,31,6,2204,2,9,2,1,2
2016406CA0143,1,8,0,5,0,8,0,0,0,0,1,1,1,1,36,7,1797,8,7,5,1,5
2016406CA0143,2,3,0,18,0,8,0,0,0,0,4,1,2,2,59,9,-1,-1,-1,7,3,7
2016406CA0145,1,9,0,18,0,8,0,0,0,0,1,1,6,2,20,4,1364,1,7,7,1,7
2016406CA0145,2,9,0,4,0,8,0,0,0,0,2,1,6,1,34,6,1685,2,5,2,1,2
2016406CA0147,1,9,0,7,0,8,0,0,0,0,1,1,6,3,-1,-1,1800,1,17,-1,-1,-1
2016406CA0147,2,9,0,7,0,8,0,0,0,0,2,1,6,2,54,8,1794,1,12,3,1,3
2016406CA0148,1,8,0,9,0,8,0,0,0,0,1,1,1,1,27,6,1248,2,5,4,1,4
2016406CA0148,2,9,0,18,0,8,0,0,0,0,4,1,6,1,85,11,1242,1,6,9,1,9
2016406CA0154,1,9,0,18,0,8,0,0,0,0,1,1,6,1,75,10,1364,1,7,7,1,7
2016406CA0154,2,9,0,18,0,8,0,0,0,0,3,1,6,1,47,8,1248,2,9,2,1,2
2016406CA0160,1,19,0,18,0,1,0,0,0,0,1,1,6,1,25,5,2198,2,1,-1,-1,-1
2016406CA0160,2,9,0,10,0,1,0,0,0,0,2,1,6,1,63,9,1598,1,2,5,2,5
2016406CA0162,1,9,0,5,0,1,0,0,0,0,1,1,6,1,-1,-1,1399,1,8,-1,-1,-1
2016406CA0163,1,9,0,18,0,0,0,0,0,0,3,1,6,1,59,9,1995,2,1,7,1,7
2016406CA0163,2,11,0,18,0,0,0,0,0,0,3,1,1,1,35,6,4580,2,8,2,1,2
2016406CA0167,1,9,0,18,0,1,0,0,0,0,3,1,2,1,43,7,1997,2,3,3,2,3
2016406CA0167,2,11,0,18,0,2,0,0,0,0,3,1,1,1,60,9,7300,2,3,4,1,4
2016406CA0167,3,9,0,2,0,2,0,0,0,0,3,1,6,3,-1,-1,1794,1,10,-1,-1,-1
2016406CA0168,1,9,0,18,0,0,0,0,0,0,1,1,2,1,47,8,1995,2,5,2,1,2
2016406CA0168,2,9,0,4,0,0,0,0,0,0,2,1,2,1,33,6,1896,2,15,2,1,2
2016406CA0168,3,9,0,4,0,0,0,0,0,0,2,1,6,1,33,6,2996,2,18,3,1,3
2016406CA0169,1,9,0,9,0,8,0,0,0,0,1,1,6,2,36,7,1799,1,9,8,3,8
2016406CA0169,2,9,0,18,0,8,0,0,0,0,4,1,6,1,37,7,1956,2,4,2,1,2
2016406CA0170,1,9,0,9,0,8,0,0,0,0,1,1,6,2,32,6,1600,1,12,5,1,5
2016406CA0170,2,9,0,18,0,8,0,0,0,0,3,1,6,2,36,7,1398,1,2,4,1,4
2016406CA0177,1,9,0,18,0,0,0,0,0,0,1,1,6,3,-1,-1,1598,2,5,-1,-1,-1
2016406CA0177,2,9,0,4,0,0,0,0,0,0,2,1,6,2,38,7,1390,1,3,10,1,10
2016406CA0178,1,21,1,12,0,8,0,0,0,0,1,2,1,1,55,8,-1,-1,-1,-1,-1,-1
2016406CA0178,2,9,0,18,0,8,0,0,0,0,4,1,6,2,23,5,1796,1,9,8,2,8
2016406CA0179,1,19,0,4,0,1,0,0,0,0,1,1,6,1,30,6,1995,2,4,-1,-1,-1