Accident_Index,Vehicle_Reference,Vehicle_Type,Towing_and_Articulation,Vehicle_Manoeuvre,Vehicle_Location-Restricted_Lane,Junction_Location,Skidding_and_Overturning,Hit_Object_in_Carriageway,Vehicle_Leaving_Carriageway,Hit_Object_off_Carriageway,1st_Point_of_Impact,Was_Vehicle_Left_Hand_Drive?,Journey_Purpose_of_Driver,Sex_of_Driver,Age_of_Driver,Age_Band_of_Driver,Engine_Capacity_(CC),Propulsion_Code,Age_of_Vehicle,Driver_IMD_Decile,Driver_Home_Area_Type,Vehicle_IMD_Decile
2016406CA0179,2,9,0,4,0,1,0,0,0,0,2,1,6,2,20,4,-1,-1,-1,9,1,9
2016406CA0180,1,9,0,9,0,8,0,0,0,0,4,1,6,1,53,8,1398,1,14,3,1,3
2016406CA0180,2,3,0,18,0,8,0,0,0,0,1,1,6,1,23,5,124,1,2,2,1,2
2016406CA0185,1,9,0,18,0,2,0,0,0,0,1,1,6,1,-1,-1,1997,2,11,6,1,6
2016406CA0185,2,9,0,4,0,2,0,0,0,0,2,1,6,1,28,6,1896,2,12,4,1,4
2016406CA0187,1,9,0,18,0,8,0,0,0,0,1,1,6,1,25,5,1870,2,12,6,1,6
2016406CA0187,2,8,0,18,0,8,0,0,0,0,1,1,1,1,45,7,2664,2,16,2,1,2
2016406CA0196,1,9,0,3,0,1,0,0,0,0,3,1,6,2,26,6,1753,2,7,1,1,1
2016406CA0197,1,9,0,9,0,8,0,0,0,0,1,1,6,1,27,6,1896,2,12,1,1,1
2016406CA0197,2,9,0,9,0,8,0,0,0,0,2,1,6,1,39,7,1997,2,8,4,1,4
2016406CA0203,1,9,0,6,0,0,0,0,0,0,3,1,6,1,27,6,1598,1,12,-1,-1,-1
2016406CA0203,2,9,0,14,0,0,0,0,0,0,1,1,6,1,33,6,1896,2,13,4,1,4
2016406CA0205,1,9,0,9,0,8,0,0,0,0,1,1,6,2,40,7,1968,2,2,1,1,1
2016406CA0205,2,9,0,18,0,8,0,0,0,0,1,1,6,2,35,6,1984,1,7,2,1,2
2016406CA0206,1,9,0,18,0,2,0,0,0,0,1,1,6,2,40,7,1798,8,1,4,1,4
2016406CA0215,1,9,0,4,0,1,0,0,0,0,1,1,6,1,-1,-1,1242,1,1,-1,-1,-1
2016406CA0215,2,9,0,3,0,1,0,0,0,0,2,1,6,1,35,6,1388,1,11,2,1,2
2016406CA0217,1,9,0,18,0,8,0,0,1,10,3,1,6,1,26,6,1364,1,11,1,1,1
2016406CA0217,2,9,0,11,0,8,0,0,0,0,4,1,6,1,29,6,1995,2,5,1,1,1
2016406CA0221,1,9,0,9,0,8,0,0,0,0,1,1,6,2,50,8,1896,2,15,2,1,2
2016406CA0221,2,2,0,18,0,8,0,0,0,0,1,1,2,2,17,4,49,1,3,1,1,1
2016406CA0222,1,9,0,18,0,0,0,0,0,0,1,1,6,1,60,9,1896,2,11,6,3,6
2016406CA0222,2,19,0,4,0,0,0,0,0,0,2,1,6,1,44,7,1461,2,12,3,1,3
2016406CA0223,1,8,0,9,0,8,0,0,0,0,4,1,1,1,56,9,1762,1,16,9,1,9
2016406CA0223,2,9,0,18,0,8,0,0,0,0,1,1,2,1,63,9,1796,1,3,2,1,2
2016406CA0224,1,9,0,9,0,8,0,0,0,0,1,1,2,2,21,5,1229,1,9,3,1,3
2016406CA0224,2,9,0,18,0,8,0,0,0,0,3,1,2,1,48,8,1796,1,15,2,1,2
2016406CA0235,1,9,0,7,0,8,0,0,7,11,1,1,6,1,19,4,998,1,3,1,1,1
2016406CA0239,1,9,0,18,0,1,0,0,0,0,4,1,6,1,-1,-1,1596,1,13,-1,-1,-1
2016406CA0242,1,19,0,1,9,1,0,0,0,0,2,1,6,1,-1,-1,-1,-1,-1,-1,-1,-1
2016406CA0249,1,9,0,18,0,1,0,0,0,0,1,1,1,1,35,6,1248,2,5,9,1,9
2016406CA0249,2,9,0,18,0,8,1,0,7,4,1,1,6,1,22,5,1781,1,14,2,1,2
2016406CA0249,3,9,0,3,0,8,0,0,0,0,0,1,6,1,49,8,1968,2,7,2,1,2
2016406CA0250,1,21,1,11,0,0,0,0,0,0,4,1,1,1,55,8,12902,2,3,-1,-1,-1
2016406CA0250,2,9,0,18,0,0,0,0,0,0,3,1,6,1,35,6,1388,1,8,9,1,9
2016406CA0252,1,9,0,18,0,8,0,0,0,0,1,1,6,1,28,6,2143,12,1,4,1,4
2016406CA0252,2,9,0,18,0,8,0,0,0,0,3,1,6,2,30,6,1598,1,12,1,1,1
2016406CA0253,1,9,0,9,0,1,0,0,0,0,1,1,6,1,24,5,-1,-1,-1,2,1,2
2016406CA0253,2,9,0,18,0,8,0,0,0,0,3,1,6,2,55,8,4172,1,14,4,1,4
2016406CA0258,1,9,0,17,0,0,0,0,0,0,1,1,3,2,27,6,1997,2,14,2,1,2
2016406CA0258,2,9,0,16,0,0,0,0,0,0,1,1,6,1,20,4,1149,1,15,2,1,2
2016406CA0262,1,9,0,10,0,8,0,0,0,0,0,1,6,1,-1,-1,1560,2,6,4,1,4
2016406CA0262,2,9,0,4,0,1,0,0,0,0,2,1,6,1,77,11,-1,-1,-1,5,1,5
2016406CA0262,3,9,0,4,0,1,0,0,0,0,1,1,1,2,31,6,1242,1,2,9,3,9
2016406CA0262,4,9,0,4,0,1,0,0,0,0,1,1,3,2,38,7,1364,1,9,6,1,6
2016406CA0266,1,9,0,18,0,8,0,0,0,0,1,1,6,2,26,6,1199,1,14,1,1,1
2016406CA0266,2,9,0,9,0,8,0,0,0,0,4,1,6,1,20,4,998,1,2,2,1,2
2016406CA0267,1,11,0,18,0,0,0,0,0,0,0,1,1,1,56,9,7300,2,5,3,1,3
2016406CA0267,2,9,0,1,0,0,0,0,0,0,0,1,6,1,36,7,1753,2,7,2,1,2
2016406CA0270,1,9,0,18,0,1,0,0,0,0,3,1,3,1,30,6,998,1,14,1,1,1
2016406CA0271,1,9,0,18,0,0,0,0,0,0,4,1,6,2,-1,-1,-1,-1,-1,-1,-1,-1
2016406CA0273,1,9,0,4,0,0,0,0,7,2,1,1,6,1,27,6,998,1,13,3,1,3
2016406CA0274,1,9,0,18,0,8,0,0,0,0,1,1,6,1,-1,-1,1388,1,13,-1,-1,-1
2016406CA0274,2,9,0,18,0,8,0,0,7,11,3,1,6,1,20,4,1248,2,4,4,1,4
2016406CA0275,1,9,0,18,0,8,0,0,0,0,1,1,6,1,31,6,1299,1,14,9,2,9
2016406CA0275,2,9,0,7,0,8,0,0,0,0,1,1,6,3,-1,-1,999,1,1,-1,-1,-1
2016406CA0281,1,9,0,18,0,0,0,0,0,0,1,1,6,2,23,5,1299,1,14,6,1,6
2016406CA0282,1,9,0,4,0,2,0,0,0,0,1,1,6,1,23,5,1199,1,15,2,1,2
2016406CA0284,1,9,0,1,0,0,0,0,0,0,2,1,6,2,23,5,-1,-1,-1,-1,-1,-1
2016406CA0284,2,9,0,3,0,0,0,0,0,0,3,1,6,2,80,11,1398,1,5,4,1,4
2016406CA0285,1,9,0,1,0,0,0,0,0,0,4,1,6,2,35,6,2993,2,9,-1,-1,-1
2016406CA0289,1,9,0,17,0,2,0,0,0,0,1,1,2,1,56,9,1364,1,1,7,1,7
2016406CA0290,1,9,0,18,0,2,0,0,0,0,1,1,6,1,-1,-1,-1,-1,-1,-1,-1,-1
2016406CA0290,2,1,0,18,0,1,0,0,0,0,1,1,6,2,11,3,-1,-1,-1,8,1,8
2016406CA0291,1,9,0,7,0,8,0,0,0,0,1,2,6,3,-1,-1,-1,-1,-1,-1,-1,-1
2016406CA0291,2,9,0,2,0,1,0,0,0,0,3,1,6,1,29,6,-1,-1,-1,4,1,4
2016406CA0294,1,9,0,1,0,8,0,0,0,0,2,1,6,3,-1,-1,-1,-1,-1,-1,-1,-1
2016406CA0294,2,9,0,2,0,8,0,0,0,0,3,1,6,2,33,6,1598,2,6,3,1,3
2016406CA0297,1,9,0,5,0,0,0,0,0,0,1,1,6,1,29,6,1590,1,12,9,1,9
2016406CA0300,1,9,0,18,0,2,0,0,0,0,1,1,6,1,-1,-1,-1,-1,-1,-1,-1,-1
2016406CA0308,1,19,0,18,0,0,1,0,0,0,3,1,1,1,48,8,1248,2,5,1,1,1
2016406CA0308,2,9,0,18,0,0,1,0,0,0,3,1,2,2,32,6,1198,1,13,2,1,2
2016406CA0311,1,9,0,18,0,2,0,4,0,0,1,1,6,2,28,6,1242,1,3,5,1,5
2016406CA0311,2,9,0,2,0,1,0,0,0,0,1,1,6,3,-1,-1,1248,1,1,-1,-1,-1
2016406CA0313,1,11,0,4,0,0,0,0,0,0,1,1,1,1,35,6,9000,2,11,5,1,5
2016406CA0315,1,9,0,4,0,8,0,0,0,0,4,1,1,1,49,8,1248,2,4,2,1,2
2016406CA0315,2,9,0,18,0,8,0,0,0,0,4,1,6,1,24,5,2993,2,2,9,2,9
2016406CA0315,3,9,0,18,0,1,0,0,0,0,0,1,1,1,-1,-1,1248,2,4,2,1,2
2016406CA0319,1,9,0,2,0,0,0,0,0,0,3,1,6,3,-1,-1,1796,1,15,-1,-1,-1
2016406CA0319,2,9,0,2,0,0,0,0,0,0,1,1,6,3,-1,-1,1388,1,4,-1,-1,-1
2016406CA0321,1,9,0,1,0,0,0,0,0,0,3,1,6,1,35,6,-1,-1,-1,7,1,7
2016406CA0321,2,9,0,14,0,0,0,0,0,0,1,1,6,1,56,9,1598,2,4,6,1,6
2016406CA0325,1,9,0,13,0,0,0,0,0,0,4,1,6,1,28,6,4163,1,10,-1,-1,-1
2016406CA0325,2,9,0,18,0,0,0,0,0,0,3,1,6,1,30,6,1968,2,7,4,1,4
2016406CA0328,1,9,0,2,0,1,0,0,0,0,1,2,6,1,25,5,-1,-1,-1,4,1,4
2016406CA0328,2,9,0,1,0,1,0,0,0,0,2,1,6,1,32,6,1560,2,4,4,1,4
2016406CA0337,1,9,0,16,0,0,0,0,0,0,1,1,6,1,-1,-1,-1,-1,-1,-1,-1,-1
2016406CA0339,1,9,0,14,0,0,0,0,0,0,1,1,6,1,40,7,1796,1,13,9,1,9
2016406CA0339,2,9,0,2,0,0,0,0,0,0,0,1,6,3,-1,-1,-1,-1,-1,-1,-1,-1
2016406CA0340,1,1,0,18,0,8,0,0,0,0,1,1,6,1,15,3,-1,-1,-1,2,1,2
2016406CA0340,2,9,0,18,0,8,0,0,0,0,1,1,6,2,37,7,2987,2,9,2,1,2
2016406CA0343,1,9,0,18,0,2,0,0,0,0,4,1,2,1,29,6,-1,-1,-1,5,1,5
2016406CA0347,1,9,0,9,0,8,0,0,0,0,1,1,6,1,56,9,1686,2,8,3,1,3
2016406CA0349,1,9,0,18,0,2,0,0,0,0,1,1,6,1,-1,-1,-1,-1,-1,-1,-1,-1
2016406CA0350,1,9,0,1,9,0,0,0,0,0,2,1,6,1,-1,-1,-1,-1,-1,-1,-1,-1
2016406CA0352,1,9,0,5,9,1,0,0,0,0,4,1,6,3,-1,-1,1389,1,13,-1,-1,-1
2016406CA0354,1,19,0,9,0,8,0,0,0,0,3,1,1,1,50,8,1598,2,1,3,1,3
2016406CA0354,2,3,0,18,0,8,0,0,0,0,1,1,1,1,41,7,90,1,37,7,1,7
2016406CA0360,1,9,0,4,0,8,0,0,0,0,1,1,6,1,50,8,1910,2,11,7,1,7
2016406CA0360,2,19,0,3,0,8,0,0,0,0,2,1,1,1,59,9,1560,2,2,6,1,6
2016406CA0362,1,9,0,18,0,1,0,0,0,0,0,1,1,1,-1,-1,1248,2,5,9,1,9
2016406CA0362,2,9,0,18,0,8,0,0,0,0,1,1,6,1,24,5,1499,2,1,1,1,1
2016406CA0362,3,9,0,7,0,8,0,0,0,0,1,1,6,1,21,5,1896,2,14,-1,-1,-1
2016406CA0362,4,9,0,2,0,1,0,0,0,0,3,1,6,1,38,7,1199,1,15,7,1,7
2016406CA0362,5,9,0,2,0,1,0,0,0,0,3,1,6,3,-1,-1,1997,2,6,5,1,5
2016406CA0368,1,9,0,18,0,8,0,0,0,0,1,1,2,1,45,7,1868,2,15,2,1,2
2016406CA0368,2,9,0,9,0,8,0,0,0,0,3,1,6,1,22,5,1686,2,13,7,1,7
2016406CA0370,1,9,0,18,0,3,0,0,0,0,1,1,6,1,24,5,1595,1,14,8,3,8
2016406CA0370,2,97,0,3,0,3,0,0,0,0,2,1,6,1,26,6,-1,-1,-1,2,1,2
2016406CA0374,1,9,0,7,0,2,0,0,0,0,1,1,6,1,-1,-1,1968,2,6,6,1,6
2016406CA0374,2,1,0,18,0,2,0,0,0,0,3,1,6,1,13,3,-1,-1,-1,9,1,9
2016406CA0375,1,9,0,9,0,8,0,0,0,0,4,2,2,1,28,6,-1,-1,-1,4,1,4
2016406CA0375,2,9,0,18,0,8,0,0,0,0,3,1,2,1,39,7,899,1,21,5,1,5
2016406CA0381,1,9,0,18,0,8,0,0,0,0,1,1,6,1,-1,-1,1595,1,-1,3,1,3
2016406CA0385,1,8,0,7,0,6,0,0,0,0,0,1,6,3,-1,-1,1686,2,6,-1,-1,-1
2016406CA0385,2,9,0,13,0,8,1,0,7,5,1,1,6,1,18,4,1149,1,11,2,1,2
2016406CA0386,1,9,0,9,0,8,0,0,0,0,1,1,6,1,22,5,998,1,13,3,1,3
2016406CA0388,1,21,1,12,0,0,0,0,0,0,3,2,1,1,37,7,-1,-1,-1,-1,-1,-1
2016406CA0388,2,9,0,13,0,0,0,0,0,0,4,1,6,2,20,4,998,1,4,4,3,4
2016406CA0389,1,9,0,9,0,8,0,0,0,0,1,1,6,1,60,9,1598,1,3,8,1,8
2016406CA0389,2,1,0,18,0,8,0,0,0,0,1,1,6,1,35,6,-1,-1,-1,8,1,8
2016406CA0390,1,9,0,18,0,0,0,0,0,0,1,1,6,1,-1,-1,1200,1,1,-1,-1,-1
2016406CA0390,2,9,0,2,0,0,0,0,0,0,2,1,6,1,23,5,1364,1,7,8,1,8
2016406CA0392,1,9,0,5,0,0,0,0,0,0,3,1,3,2,36,7,1596,1,6,-1,-1,-1
2016406CA0392,2,2,0,13,0,0,0,0,0,0,1,1,6,1,16,4,49,1,15,9,1,9
2016406CA0393,1,9,0,18,0,0,0,0,0,0,1,1,6,1,48,8,1229,1,4,4,1,4
2016406CA0393,2,9,0,18,0,0,0,0,0,0,1,1,6,1,21,5,1389,1,13,-1,-1,-1
2016406CA0394,1,9,0,18,0,0,0,0,0,0,1,1,6,1,22,5,1242,1,8,2,1,2
2016406CA0394,2,9,0,4,0,0,0,0,0,0,2,1,6,2,25,5,1598,1,10,9,1,9
2016406CA0394,3,9,0,3,0,0,0,0,0,0,2,1,6,1,39,7,1686,2,13,7,1,7
2016406CA0397,1,8,0,13,0,0,0,0,0,0,4,1,1,1,40,7,2987,2,6,8,1,8
2016406CA0397,2,9,0,18,0,0,0,0,1,0,3,1,6,1,20,4,1590,1,21,3,1,3
2016406CA0398,1,9,0,16,0,0,0,0,7,2,3,1,6,1,22,5,1910,2,9,1,1,1
2016406CA0401,1,9,0,18,0,0,0,0,0,0,4,1,6,3,-1,-1,-1,-1,-1,-1,-1,-1
2016406CA0401,2,1,0,18,0,0,0,0,0,0,3,1,6,2,30,6,-1,-1,-1,5,1,5
2016406CA0403,1,9,0,18,0,4,0,0,0,0,3,1,6,2,30,6,1794,1,14,2,1,2
2016406CA0403,2,5,0,18,0,8,0,0,0,0,1,1,6,1,64,9,745,1,1,2,1,2
2016406CA0406,1,9,0,4,0,0,0,0,0,0,2,1,6,1,49,8,1598,1,2,5,1,5
2016406CA0406,2,19,0,18,0,0,0,0,0,0,1,1,6,1,48,8,1896,2,17,8,2,8
2016406CA0406,3,9,0,18,0,0,0,0,0,0,1,1,6,2,49,8,1796,1,15,3,1,3
2016406CA0408,1,9,0,9,0,2,0,0,0,0,1,1,6,1,65,9,1598,1,13,2,1,2
2016406DA0001,1,9,0,18,0,0,0,0,7,0,1,1,6,2,34,6,2204,2,9,8,1,8
2016406DA0001,2,9,0,18,0,0,0,0,1,0,1,1,6,1,28,6,1339,8,7,7,1,7
2016406DA0003,1,9,0,13,0,1,0,0,0,0,4,1,6,3,-1,-1,998,1,2,-1,-1,-1
2016406DA0003,2,1,0,18,0,1,0,0,0,0,3,1,6,2,47,8,-1,-1,-1,3,1,3
2016406DA0006,1,3,0,4,0,0,1,0,0,0,3,1,6,1,18,4,124,1,15,4,1,4
2016406DA0006,2,9,0,4,0,0,0,0,0,0,0,1,6,2,54,8,1598,1,3,9,1,9
2016406DA0007,1,9,0,4,0,1,0,0,0,0,1,1,6,1,23,5,1995,2,2,1,1,1
2016406DA0007,2,9,0,4,0,1,0,0,0,0,2,1,6,1,39,7,1596,1,7,7,1,7
2016406DA0010,1,9,0,18,0,0,2,0,1,11,4,1,6,2,21,5,1389,1,14,8,1,8
2016406DA0014,1,9,0,18,0,0,0,4,0,0,3,1,6,2,58,9,1560,2,2,4,1,4
2016406DA0014,2,9,0,2,0,0,0,0,0,0,3,1,6,3,-1,-1,1388,1,10,-1,-1,-1
2016406DA0014,3,9,0,2,0,0,0,0,0,0,1,1,6,3,-1,-1,1120,2,4,-1,-1,-1
2016406DA0015,1,9,0,18,0,0,2,0,7,9,4,1,2,2,21,5,1248,1,7,3,1,3
2016406DA0016,1,3,0,17,0,0,0,0,0,0,1,1,6,1,18,4,124,1,13,5,3,5
2016406DA0016,2,19,0,2,0,0,0,0,0,0,1,1,1,1,63,9,1753,2,8,7,1,7
2016406DA0017,1,9,0,18,0,0,1,0,0,0,1,1,1,1,38,7,-1,-1,-1,4,1,4
2016406DA0017,2,9,0,4,0,0,0,0,0,0,2,1,2,1,51,8,998,1,2,6,1,6
2016406DA0017,3,9,0,4,0,0,0,0,0,0,2,1,6,2,24,5,1242,1,6,9,1,9
2016406DA0022,1,21,4,18,0,0,0,0,0,0,4,1,1,1,21,5,12777,2,5,9,2,9
2016406DA0022,2,9,0,18,0,0,0,0,0,0,4,1,1,1,50,8,-1,-1,-1,7,1,7
2016406DA0023,1,9,0,1,0,8,0,0,0,0,2,1,6,3,-1,-1,-1,-1,-1,-1,-1,-1
2016406DA0026,1,9,0,13,0,0,1,0,0,0,1,1,6,1,34,6,1800,1,20,2,1,2
2016406DA0026,2,9,0,13,0,0,2,0,5,6,2,1,6,1,22,5,1596,1,10,1,1,1
2016406DA0026,3,9,0,18,0,0,0,0,0,0,2,1,6,2,63,9,1196,1,19,-1,-1,-1
2016406DA0031,1,9,0,16,0,0,2,0,8,9,3,1,2,1,19,4,1149,1,14,9,1,9
2016406DA0036,1,9,0,5,0,4,0,0,0,0,1,1,6,1,-1,-1,-1,-1,-1,6,1,6
2016406DA0036,2,9,0,5,0,4,0,0,0,0,2,1,6,1,30,6,-1,-1,-1,-1,-1,-1
2016406DA0041,1,9,0,18,0,0,0,0,0,0,3,1,6,3,-1,-1,-1,-1,-1,-1,-1,-1
2016406DA0041,2,9,0,2,0,0,0,0,0,0,4,1,6,3,-1,-1,2184,2,10,6,1,6
2016406DA0044,1,9,0,18,0,0,0,0,0,0,1,1,6,1,81,11,1242,1,16,6,1,6
2016406DA0045,1,9,0,16,0,0,0,0,0,0,3,1,2,1,26,6,1596,1,13,9,3,9
2016406DA0045,2,9,0,18,0,0,0,0,0,0,1,1,2,1,35,6,-1,-1,-1,4,1,4
2016406DA0047,1,9,0,18,0,8,0,0,0,0,2,1,2,1,47,8,1968,2,5,4,1,4
2016406DA0047,2,3,0,11,0,3,0,0,0,0,1,1,2,1,24,5,125,1,5,4,1,4
2016406DA0050,1,9,0,17,0,0,1,0,7,0,1,1,2,1,59,9,1997,2,16,4,1,4
2016406DA0054,1,21,0,18,0,8,0,0,0,0,1,1,1,1,41,7,12777,2,9,6,1,6
2016406DA0054,2,9,0,4,0,8,0,0,0,0,2,1,1,1,39,7,1968,2,1,-1,-1,-1
2016406DA0056,1,9,0,18,0,1,0,0,1,1,1,1,6,2,70,10,1560,2,1,5,1,5
2016406DA0058,1,3,0,18,0,2,1,0,0,0,3,1,2,2,48,8,124,1,6,9,2,9
2016406DA0061,1,9,0,18,0,0,0,0,1,7,1,1,6,2,18,4,1398,1,5,2,1,2
2016406DA0063,1,98,0,18,0,1,0,0,0,0,1,2,1,1,-1,-1,-1,-1,-1,-1,-1,-1
2016406DA0063,2,9,0,18,0,1,1,0,0,0,4,1,6,1,58,9,4244,1,13,4,1,4
2016406DA0068,1,1,0,9,8,8,0,0,0,0,1,1,6,1,62,9,-1,-1,-1,-1,-1,-1
2016406DA0068,2,9,0,18,0,8,0,0,0,0,1,1,6,1,18,4,1364,1,7,10,2,10
2016406DA0069,1,9,0,14,0,1,1,7,0,0,1,1,6,1,-1,-1,1598,1,16,-1,-1,-1
2016406DA0069,2,9,0,8,0,1,0,0,0,0,2,1,6,1,48,8,-1,-1,-1,7,1,7
2016406DA0074,1,9,0,4,0,1,0,0,0,0,2,1,2,2,27,6,1798,1,6,3,1,3
2016406DA0074,2,21,0,18,0,1,0,0,0,0,1,1,1,1,42,7,10518,2,9,8,1,8
2016406DA0075,1,9,0,9,0,8,0,0,0,0,4,1,6,2,32,6,1800,1,18,9,1,9
2016406DA0075,2,9,0,18,0,8,0,0,1,0,1,1,1,2,48,8,1598,1,8,8,1,8
2016406DA0079,1,19,0,16,0,0,0,0,0,0,1,1,6,1,66,10,2402,2,12,3,1,3
2016406DA0079,2,9,0,17,0,0,0,0,0,0,1,1,1,1,41,7,1248,2,1,4,1,4
2016406DA0090,1,9,0,9,0,8,0,0,0,0,1,1,6,2,22,5,1199,1,14,3,1,3
2016406DA0090,2,9,0,18,0,8,0,0,0,0,1,1,6,1,53,8,1598,1,15,-1,-1,-1
2016406DA0093,1,9,0,18,0,8,0,0,0,0,1,1,6,2,-1,-1,1398,1,-1,10,1,10
2016406DA0093,2,1,0,18,0,8,0,0,0,0,4,1,6,1,33,6,-1,-1,-1,9,1,9
2016406DA0094,1,9,0,9,0,8,0,0,0,0,1,1,6,1,52,8,1794,1,11,9,1,9
2016406DA0094,2,3,0,18,0,8,0,0,0,0,1,1,6,1,19,4,124,1,2,9,2,9
2016406DA0098,1,9,0,9,0,8,0,0,0,0,1,1,6,1,-1,-1,1595,1,10,5,1,5
2016406DA0098,2,9,0,18,0,8,0,0,0,0,3,1,2,1,67,10,1598,1,17,9,1,9
2016406DA0100,1,9,0,18,0,8,0,0,0,0,1,1,6,1,44,7,1968,2,11,8,3,8
2016406DA0100,2,9,0,18,0,8,0,0,0,0,3,1,6,2,49,8,1560,2,10,2,1,2
2016406DA0104,1,9,0,9,0,8,0,0,0,0,4,1,6,1,79,11,1124,1,16,10,1,10
2016406DA0104,2,3,0,18,0,8,0,0,0,0,1,1,6,1,20,4,124,1,7,9,2,9
2016406DA0106,1,1,0,18,0,8,0,0,0,0,4,1,6,1,39,7,-1,-1,-1,9,1,9
2016406DA0106,2,9,0,17,0,8,0,0,0,0,1,1,6,1,57,9,-1,-1,-1,3,1,3
2016406DA0107,1,9,0,18,0,1,0,0,0,0,1,1,2,2,35,6,1995,2,11,8,1,8
2016406DA0107,2,9,0,4,0,1,0,0,0,0,2,1,6,1,57,9,1896,2,13,10,1,10
2016406DA0107,3,9,0,4,0,1,0,0,0,0,2,1,6,1,35,6,1461,2,2,10,1,10
2016406DA0108,1,9,0,17,0,0,2,0,1,9,4,1,2,2,44,7,1149,1,12,9,1,9
2016406DA0110,1,9,0,18,0,0,0,0,0,0,1,1,6,1,51,8,-1,-1,-1,5,1,5
2016406DA0110,2,9,0,4,0,0,0,0,0,0,2,1,6,1,48,8,1968,2,3,9,3,9
2016406DA0110,3,20,0,4,0,0,0,0,0,0,2,1,6,1,53,8,3920,2,4,-1,-1,-1
2016406DA0110,4,9,0,4,0,0,0,0,0,0,2,1,6,2,48,8,1360,1,12,1,1,1
2016406DA0112,1,1,0,9,0,8,0,0,0,0,1,1,6,1,35,6,-1,-1,-1,5,2,5
2016406DA0112,2,9,0,4,0,1,0,0,0,0,1,1,6,1,25,5,1968,2,2,-1,-1,-1
2016406DA0113,1,21,1,12,0,0,0,0,0,0,3,2,1,1,51,8,-1,-1,-1,-1,-1,-1
2016406DA0113,2,9,0,18,0,0,1,0,1,7,4,1,6,2,47,8,1598,1,5,9,2,9
2016406DA0114,1,21,1,12,0,0,0,0,0,0,3,2,1,1,56,9,-1,-1,-1,-1,-1,-1
2016406DA0114,2,9,0,18,0,0,0,0,0,0,4,1,6,2,24,5,1598,1,10,10,1,10
2016406DA0115,1,9,0,9,0,8,0,0,0,0,3,1,6,2,66,10,1995,2,4,10,1,10
2016406DA0115,2,9,0,18,0,8,1,0,7,0,1,1,6,1,46,8,1995,1,13,6,1,6
2016406DA0116,1,9,0,17,0,0,5,0,1,4,1,1,6,2,78,11,998,1,2,7,3,7
2016406DA0122,1,9,0,18,0,0,0,0,0,0,1,1,6,1,58,9,1799,1,10,10,1,10
2016406DA0125,1,9,0,15,0,1,1,0,1,5,3,1,2,1,20,4,1598,1,11,3,1,3
2016406DA0125,2,9,0,10,0,8,0,0,0,0,2,1,3,1,42,7,1229,1,12,2,1,2
2016406DA0126,1,11,0,18,0,0,0,0,7,11,1,1,1,1,63,9,4462,2,8,7,3,7
2016406DA0127,1,9,0,18,0,0,0,0,7,1,2,1,6,2,74,10,1299,1,14,9,2,9
2016406DA0130,1,21,1,18,0,0,0,0,0,0,1,1,1,1,45,7,-1,-1,-1,-1,-1,-1
2016406DA0131,1,9,0,18,0,2,0,0,0,0,1,1,6,3,-1,-1,1328,1,6,-1,-1,-1
2016406DA0132,1,9,0,17,0,0,1,0,1,11,1,1,6,2,36,7,1242,1,17,7,1,7
2016406DA0136,1,9,0,17,0,0,1,0,5,6,1,1,6,1,25,5,1968,2,-1,-1,-1,-1
2016406DA0136,2,9,0,18,0,0,0,0,0,0,0,1,1,1,-1,-1,2400,2,3,3,1,3
2016406DA0138,1,9,0,5,0,8,0,0,0,0,3,1,6,2,39,7,1798,1,9,8,1,8
2016406DA0138,2,5,0,13,0,8,0,0,0,0,4,1,6,1,61,9,750,1,17,2,1,2
2016406DA0144,1,9,0,9,0,8,0,0,0,0,1,1,6,1,80,11,1596,1,5,10,1,10
2016406DA0144,2,9,0,18,0,8,0,0,0,0,3,1,6,1,50,8,1587,1,10,6,1,6
2016406DA0146,1,9,0,18,0,1,0,0,0,0,3,1,6,2,25,5,-1,-1,-1,-1,-1,-1
2016406DA0147,1,9,0,18,0,0,0,0,0,0,1,1,6,3,-1,-1,-1,-1,-1,-1,-1,-1
2016406DA0147,2,9,0,2,0,0,0,0,0,0,4,1,6,3,-1,-1,1339,1,13,9,1,9
2016406DA0151,1,9,0,17,0,1,2,0,1,4,1,1,2,2,26,6,-1,-1,-1,3,1,3
2016406DA0152,1,21,1,18,7,0,0,0,0,0,1,2,1,1,55,8,-1,-1,-1,-1,-1,-1
2016406DA0152,2,19,0,2,6,0,0,0,0,0,2,1,1,1,20,4,2143,2,6,1,1,1
2016406DA0155,1,9,0,17,0,0,2,0,7,0,1,1,6,1,20,4,1229,1,9,4,1,4
2016406DA0157,1,21,0,11,0,0,0,0,0,0,1,2,1,1,40,7,-1,-1,-1,-1,-1,-1
2016406DA0157,2,9,0,18,0,0,0,0,0,0,3,1,2,2,46,8,1229,1,1,5,1,5
2016406DA0157,3,9,0,18,0,0,0,0,0,0,1,1,6,2,25,5,1242,1,6,1,1,1
2016406DA0162,1,9,0,13,0,8,0,0,0,0,1,1,6,1,20,4,1299,1,16,10,1,10
2016406DA0162,2,9,0,9,0,8,0,0,0,0,3,1,6,2,19,4,1597,1,8,6,1,6
2016406DA0166,1,9,0,18,0,2,0,4,0,0,1,1,6,1,35,6,1798,1,8,6,1,6
2016406DA0166,2,21,0,2,0,2,0,0,0,0,2,1,1,1,30,6,6692,2,8,5,3,5
2016406DA0167,1,9,0,9,0,8,0,0,0,0,3,1,6,2,64,9,1388,1,4,5,1,5
2016406DA0167,2,9,0,18,0,8,0,0,0,0,1,1,6,2,29,6,1968,2,6,10,1,10
2016406DA0168,1,9,0,3,0,0,0,0,0,0,2,1,6,2,36,7,1497,1,16,10,1,10
2016406DA0168,2,9,0,18,0,0,0,0,0,0,1,1,6,1,-1,-1,2143,2,-1,-1,-1,-1
2016406DA0170,1,9,0,5,0,0,0,0,0,0,0,1,1,1,49,8,1248,2,1,3,1,3
2016406DA0171,1,9,0,13,0,0,2,0,2,4,1,1,6,1,28,6,1975,1,9,3,1,3
2016406DA0174,1,9,0,18,0,0,0,0,0,0,1,1,6,3,-1,-1,-1,-1,-1,-1,-1,-1
2016406DA0174,2,1,0,18,0,0,0,0,0,0,2,1,6,1,33,6,-1,-1,-1,4,1,4
2016406DA0176,1,9,0,18,0,0,0,0,0,0,1,1,6,2,35,6,1596,1,13,2,1,2