Accident_Index,Vehicle_Reference,Vehicle_Type,Towing_and_Articulation,Vehicle_Manoeuvre,Vehicle_Location-Restricted_Lane,Junction_Location,Skidding_and_Overturning,Hit_Object_in_Carriageway,Vehicle_Leaving_Carriageway,Hit_Object_off_Carriageway,1st_Point_of_Impact,Was_Vehicle_Left_Hand_Drive?,Journey_Purpose_of_Driver,Sex_of_Driver,Age_of_Driver,Age_Band_of_Driver,Engine_Capacity_(CC),Propulsion_Code,Age_of_Vehicle,Driver_IMD_Decile,Driver_Home_Area_Type,Vehicle_IMD_Decile
2016406DA0176,2,9,0,3,0,0,0,0,0,0,2,1,6,1,62,9,1995,2,2,3,1,3
2016406DA0180,1,9,0,9,0,8,0,0,0,0,1,1,6,1,58,9,-1,-1,-1,8,2,8
2016406DA0180,2,9,0,18,0,8,0,0,0,0,1,1,6,1,42,7,1781,1,14,10,1,10
2016406DA0181,1,3,0,18,0,0,0,0,0,0,1,1,6,1,17,4,125,1,7,7,2,7
2016406DA0181,2,9,0,4,0,0,0,0,0,0,2,1,6,2,40,7,3227,2,15,8,2,8
2016406DA0182,1,9,0,7,0,8,0,0,0,0,1,1,6,2,44,7,1769,1,12,4,1,4
2016406DA0182,2,9,0,18,0,8,0,0,0,0,4,1,6,2,37,7,1248,2,7,3,1,3
2016406DA0187,1,9,0,18,0,0,0,0,0,0,0,1,6,2,34,6,1197,1,2,9,2,9
2016406DA0187,2,1,0,18,0,0,0,0,0,0,0,1,6,1,51,8,-1,-1,-1,10,1,10
2016406DA0189,1,9,0,9,0,8,0,0,0,0,2,1,1,2,55,8,1796,1,13,2,1,2
2016406DA0189,2,9,0,18,0,1,1,0,1,11,1,1,6,1,20,4,1390,1,3,-1,-1,-1
2016406DA0189,3,9,0,18,0,1,0,0,0,0,1,1,6,1,18,4,1360,1,12,10,2,10
2016406DA0190,1,9,0,16,0,0,0,0,7,4,1,1,6,1,25,5,1998,1,16,6,1,6
2016406DA0193,1,21,1,12,0,0,0,0,0,0,3,2,1,1,30,6,-1,-1,-1,-1,-1,-1
2016406DA0193,2,9,0,18,0,0,0,0,0,0,4,1,6,1,40,7,875,1,4,6,1,6
2016406DA0205,1,9,0,4,0,0,0,0,0,0,1,1,6,2,20,4,1198,1,11,9,2,9
2016406DA0205,2,9,0,3,0,0,0,0,0,0,2,1,1,1,57,9,1560,2,1,9,1,9
2016406DA0205,3,19,0,3,0,0,0,0,0,0,2,1,6,1,-1,-1,2198,2,3,-1,-1,-1
2016406DA0206,1,8,0,5,0,8,0,0,0,0,4,1,1,1,-1,-1,-1,-1,-1,-1,-1,-1
2016406DA0214,1,9,0,4,0,1,0,0,0,0,1,1,6,1,-1,-1,-1,-1,-1,-1,-1,-1
2016406DA0214,2,9,0,3,0,1,0,0,0,0,2,1,6,2,49,8,998,1,6,3,1,3
2016406DA0216,1,9,0,18,0,8,0,0,0,0,1,1,6,1,50,8,2184,2,1,-1,-1,-1
2016406DA0218,1,9,0,1,0,8,0,0,0,0,2,1,6,1,81,11,1587,1,10,7,3,7
2016406DA0222,1,9,0,5,0,0,0,0,0,0,1,1,2,2,45,7,1598,1,8,3,1,3
2016406DA0222,2,9,0,4,0,0,0,0,0,0,2,1,6,1,42,7,-1,-1,-1,2,1,2
2016406DA0223,1,9,0,18,0,1,0,0,0,0,1,1,6,2,60,9,1328,1,13,7,3,7
2016406DA0223,2,9,0,2,0,1,0,0,0,0,2,1,6,3,-1,-1,-1,-1,-1,-1,-1,-1
2016406DA0223,3,9,0,2,0,1,0,0,0,0,2,1,6,3,-1,-1,2179,2,4,-1,-1,-1
2016406DA0223,4,9,0,2,0,8,0,0,0,0,2,1,6,3,-1,-1,1598,1,10,-1,-1,-1
2016406DA0224,1,21,1,18,0,1,1,0,0,0,1,1,1,1,44,7,12902,2,3,3,1,3
2016406DA0224,2,19,0,9,0,8,0,0,0,0,2,1,1,1,48,8,2198,2,1,7,1,7
2016406DA0224,3,9,0,18,0,1,0,0,0,0,1,1,6,1,29,6,1229,1,11,10,1,10
2016406DA0227,1,19,0,11,0,0,0,0,0,0,4,1,6,1,30,6,-1,-1,-1,-1,-1,-1
2016406DA0227,2,9,0,18,0,0,0,0,0,0,3,1,6,2,40,7,1596,1,4,4,1,4
2016406DA0233,1,3,0,9,0,8,0,0,0,0,3,1,6,1,54,8,124,1,-1,9,1,9
2016406DA0235,1,9,0,17,0,0,2,0,2,10,1,1,2,1,20,4,1242,1,13,4,1,4
2016406DA0236,1,9,0,18,0,1,1,7,7,4,1,1,6,1,40,7,1599,1,13,3,1,3
2016406DA0237,1,19,0,6,0,8,0,0,0,0,0,1,1,1,40,7,2800,2,12,3,1,3
2016406DA0237,2,9,0,13,0,8,1,0,7,4,1,1,6,1,34,6,1870,2,11,5,1,5
2016406DA0238,1,21,1,4,0,0,0,0,0,0,1,1,1,1,40,7,12419,2,5,-1,1,-1
2016406DA0238,2,19,0,3,0,0,0,0,0,0,2,1,1,1,25,5,1598,2,1,10,1,10
2016406DA0238,3,19,0,3,0,0,0,0,0,0,2,1,1,1,35,6,-1,-1,-1,1,1,1
2016406DA0239,1,8,0,18,0,4,0,0,0,0,1,1,1,1,40,7,1997,2,16,2,1,2
2016406DA0239,2,9,0,9,0,3,0,0,0,0,4,1,1,1,50,8,-1,-1,-1,-1,-1,-1
2016406DA0243,1,9,0,18,0,0,0,0,1,3,1,1,6,2,48,8,1339,1,3,5,1,5
2016406DA0248,1,9,0,18,0,0,1,4,1,4,1,1,6,1,28,6,2792,1,19,2,1,2
2016406DA0248,2,9,0,2,0,0,0,0,0,0,3,1,6,3,-1,-1,1749,1,14,-1,-1,-1
2016406DA0249,1,9,0,18,0,0,2,0,2,1,1,1,6,1,30,6,999,1,1,5,1,5
2016406DA0250,1,5,0,13,0,8,0,0,0,0,1,1,2,1,45,7,645,1,6,9,1,9
2016406DA0250,2,9,0,9,0,8,0,0,0,0,3,1,2,2,25,5,1560,2,9,4,1,4
2016406DA0251,1,9,0,9,0,8,0,0,0,0,3,1,6,3,-1,-1,-1,-1,-1,-1,-1,-1
2016406DA0251,2,3,0,18,0,8,0,0,0,0,1,1,2,2,19,4,-1,-1,-1,7,3,7
2016406DA0254,1,9,0,18,0,0,0,0,0,0,1,1,6,2,26,6,-1,-1,-1,9,1,9
2016406DA0254,2,1,0,18,0,0,0,0,0,0,1,1,6,1,15,3,-1,-1,-1,9,1,9
2016406DA0258,1,9,0,18,0,0,1,0,7,4,1,1,6,1,26,6,-1,-1,-1,10,1,10
2016406DA0262,1,5,0,18,0,0,0,0,1,11,1,1,6,1,26,6,1137,1,17,10,1,10
2016406DA0267,1,21,1,18,0,0,0,0,0,0,1,1,1,1,50,8,6870,2,9,2,1,2
2016406DA0267,2,19,0,4,0,0,0,0,0,0,2,1,1,1,28,6,2198,2,5,8,1,8
2016406DA0267,3,20,0,4,0,0,0,0,0,0,2,1,1,1,55,8,-1,-1,-1,4,1,4
2016406DA0267,4,9,0,4,0,0,0,0,0,0,2,1,1,1,39,7,2143,2,-1,10,1,10
2016406DA0267,5,19,0,4,0,0,0,0,0,0,2,1,6,1,49,8,1995,2,2,9,1,9
2016406DA0268,1,9,0,18,0,0,0,0,0,0,1,1,6,1,-1,-1,2461,2,12,-1,-1,-1
2016406DA0268,2,9,0,3,0,0,0,0,0,0,2,1,6,2,27,6,1388,1,10,-1,-1,-1
2016406DA0273,1,9,0,18,0,8,0,0,2,7,1,1,6,1,47,8,1998,2,9,5,1,5
2016406DA0275,1,9,0,18,0,0,5,0,2,4,4,1,2,1,45,7,1905,2,17,10,2,10
2016406DA0278,1,9,0,18,0,8,0,0,0,0,1,1,6,2,51,8,998,1,11,7,1,7
2016406DA0278,2,8,0,18,0,8,0,0,0,0,3,1,6,1,41,7,2400,2,5,7,3,7
2016406DA0281,1,9,0,18,0,0,0,0,0,0,1,1,1,2,31,6,1998,2,3,6,1,6
2016406DA0281,2,9,0,3,0,0,0,0,0,0,2,1,6,1,44,7,1598,1,7,6,2,6
2016406DA0285,1,9,0,18,0,0,0,0,0,0,1,1,6,1,-1,-1,1598,2,1,-1,-1,-1
2016406DA0285,2,9,0,4,0,0,0,0,0,0,2,1,6,1,35,6,1988,1,17,7,3,7
2016406DA0285,3,9,0,4,0,0,0,0,0,0,2,1,2,2,-1,-1,1400,1,16,9,2,9
2016406DA0285,4,9,0,4,0,0,0,0,0,0,2,1,2,1,43,7,1149,1,6,9,1,9
2016406DA0289,1,9,0,18,0,2,0,0,0,0,1,1,6,1,38,7,1910,2,10,9,1,9
2016406DA0289,2,9,0,4,0,2,0,0,0,0,3,1,1,1,33,6,1248,2,3,3,1,3
2016406DA0289,3,9,0,4,0,2,0,0,0,0,0,1,1,1,-1,-1,-1,-1,-1,3,1,3
2016406DA0289,4,9,0,4,0,1,0,0,0,0,0,1,1,1,36,7,2400,2,5,3,1,3
2016406DA0289,5,9,0,4,0,1,0,0,0,0,1,1,1,1,-1,-1,2400,2,4,3,1,3
2016406DA0291,1,5,0,18,0,8,0,9,3,1,1,1,6,1,35,6,1700,1,8,-1,-1,-1
2016406DA0291,2,3,0,2,0,1,0,0,0,0,2,1,6,1,31,6,124,1,10,6,2,6
2016406DA0291,3,19,0,18,0,8,0,4,3,1,1,1,6,1,65,9,2198,2,3,1,1,1
2016406DA0295,1,9,0,18,0,3,0,0,0,0,1,1,6,2,26,6,1124,1,16,1,1,1
2016406DA0295,2,5,0,18,0,3,0,0,0,0,3,1,6,1,68,10,1043,1,5,4,1,4
2016406DA0309,1,9,0,18,0,0,0,0,0,0,1,2,6,1,45,7,-1,-1,-1,2,1,2
2016406DA0309,2,9,0,4,0,0,0,0,0,0,2,1,6,1,30,6,1984,1,3,8,1,8
2016406HA0008,1,9,0,18,0,4,5,0,3,1,1,1,6,1,53,8,1910,2,9,3,1,3
201640T076678,1,9,0,16,0,0,0,0,0,0,3,1,6,3,-1,-1,-1,-1,-1,-1,-1,-1
201640T076678,2,9,0,17,0,0,0,0,0,0,3,1,6,2,22,5,1149,1,8,10,1,10
201640T130618,1,9,0,4,0,0,0,0,0,0,1,1,2,1,28,6,1499,2,-1,5,1,5
201640T130618,2,9,0,3,0,0,0,0,0,0,2,1,2,1,38,7,2993,2,-1,9,1,9
2016410055851,1,9,0,10,0,1,0,0,0,0,2,1,1,2,41,7,1248,2,3,2,1,2
2016410055851,2,9,0,3,0,1,0,0,0,0,1,1,5,2,72,10,1197,1,5,10,1,10
2016410056076,1,9,0,18,0,0,0,0,0,0,1,1,5,1,28,6,1900,2,17,2,1,2
2016410056076,2,9,0,18,0,0,0,0,0,0,1,1,6,2,51,8,1198,1,2,9,3,9
2016410056138,1,9,0,18,0,0,0,0,1,10,1,1,5,2,56,9,1360,1,4,7,2,7
2016410056167,1,9,0,7,0,1,0,0,0,0,3,1,2,1,56,9,1349,1,6,7,1,7
2016410056167,2,1,0,18,0,8,0,0,0,0,1,1,6,1,51,8,-1,-1,-1,6,1,6
2016410056199,1,9,0,5,0,6,0,0,0,0,1,1,5,1,77,11,1998,1,13,8,1,8
2016410056199,2,9,0,18,0,1,1,0,0,0,4,1,5,1,18,4,1496,2,1,5,1,5
2016410056214,1,9,0,1,0,0,0,4,0,0,4,1,5,2,87,11,-1,-1,-1,8,1,8
2016410056214,2,9,0,2,0,0,0,0,0,0,4,1,6,3,-1,-1,-1,-1,-1,-1,-1,-1
2016410056723,1,98,0,5,9,0,0,0,0,0,1,1,1,1,40,7,-1,-1,-1,-1,-1,-1
2016410056723,2,1,0,18,9,0,5,0,0,0,2,1,4,2,14,3,-1,-1,-1,7,1,7
2016410056863,1,9,0,11,0,0,1,0,1,0,1,1,6,1,30,6,1997,2,12,3,1,3
2016410056894,1,9,0,11,0,0,0,0,0,0,4,1,6,3,-1,-1,-1,-1,-1,-1,-1,-1
2016410056894,2,9,0,12,0,0,1,0,1,0,3,1,5,2,20,4,1229,1,8,7,1,7
2016410057021,1,9,0,18,0,0,2,0,1,7,4,1,6,2,34,6,1299,1,11,4,1,4
2016410057835,1,9,0,18,0,0,0,0,0,0,3,1,5,2,35,6,1968,2,8,-1,-1,-1
2016410057835,2,9,0,2,0,0,0,0,0,0,3,1,6,1,70,10,2143,2,6,9,1,9
2016410057880,1,19,0,2,0,1,0,0,0,0,1,1,5,3,-1,-1,1870,2,10,-1,-1,-1
2016410058038,1,9,0,9,0,1,0,0,0,0,1,1,6,2,68,10,1200,1,1,7,1,7
2016410058038,2,9,0,17,0,1,0,0,0,0,1,1,6,2,34,6,1794,1,14,8,1,8
2016410058038,3,9,0,8,0,8,0,0,0,0,3,1,6,2,36,7,2993,2,5,10,1,10
2016410058240,1,9,0,18,0,0,0,0,0,0,3,1,5,2,48,8,1229,1,11,3,1,3
2016410058356,1,9,0,9,0,5,0,0,0,0,4,1,6,2,46,8,1390,1,5,10,1,10
2016410058356,2,9,0,18,0,8,0,0,0,0,1,1,6,2,37,7,2500,2,18,4,1,4
2016410058418,1,9,0,1,0,1,0,0,0,0,4,1,6,3,25,5,-1,-1,-1,-1,-1,-1
2016410058518,1,9,0,18,0,1,0,8,4,0,1,1,5,1,20,4,-1,-1,-1,-1,-1,-1
2016410058518,2,9,0,3,0,1,0,0,0,0,2,1,6,1,33,6,1995,2,6,8,1,8
2016410058595,1,8,0,18,0,2,0,0,0,0,4,1,6,3,25,5,-1,-1,-1,-1,-1,-1
2016410058631,1,9,0,4,0,0,0,0,0,0,1,1,5,1,35,6,2720,2,8,6,1,6
2016410058631,2,9,0,3,0,0,0,0,0,0,2,1,6,2,43,7,1397,1,13,9,1,9
2016410058853,1,9,0,4,0,0,0,0,0,0,2,1,6,1,74,10,1997,2,13,5,1,5
2016410058853,2,9,0,18,0,0,0,0,0,0,1,1,6,1,16,4,-1,-1,-1,-1,-1,-1
2016410059044,1,9,0,4,0,8,0,0,0,0,1,1,2,2,29,6,1598,1,3,5,1,5
2016410059065,1,9,0,5,0,0,0,0,0,0,1,1,6,2,37,7,1796,1,7,6,1,6
2016410059065,2,9,0,5,0,0,0,0,0,0,2,1,5,1,61,9,1591,1,5,6,1,6
2016410059134,1,9,0,17,0,8,0,0,0,0,1,1,5,1,19,4,1400,1,11,7,1,7
2016410059134,2,1,0,18,0,4,2,0,0,0,1,1,2,1,30,6,-1,-1,-1,10,1,10
2016410059199,1,9,0,18,0,0,0,0,0,0,1,1,2,2,48,8,-1,-1,-1,6,1,6
2016410059199,2,9,0,4,0,0,0,0,0,0,2,1,2,1,44,7,1796,1,11,7,3,7
2016410059199,3,9,0,18,0,0,0,0,0,0,4,1,2,1,50,8,2199,2,4,-1,-1,-1
2016410059199,4,9,0,18,0,0,0,0,0,0,3,1,5,2,46,8,1968,2,3,7,1,7
2016410059309,1,9,0,18,0,0,0,0,0,0,1,1,2,2,31,6,1242,1,2,4,1,4
2016410059309,2,9,0,4,0,0,0,0,0,0,2,1,5,2,59,9,1598,1,16,8,1,8
2016410059309,3,9,0,3,0,0,0,0,0,0,2,1,2,2,25,5,1984,1,5,9,1,9
2016410059309,4,9,0,3,0,0,0,0,0,0,2,1,2,1,20,4,1995,2,10,7,1,7
2016410059372,1,9,0,18,0,0,0,0,0,0,3,1,6,1,40,7,1299,1,21,-1,-1,-1
2016410059372,2,9,0,4,0,0,0,0,0,0,3,1,5,1,43,7,2199,2,6,9,1,9
2016410059406,1,19,0,4,7,0,0,0,0,0,1,1,5,1,47,8,1995,2,7,-1,-1,-1
2016410059406,2,9,0,5,7,0,0,0,0,0,2,1,5,1,34,6,2993,2,4,6,1,6
2016410059527,1,9,0,18,0,1,0,0,0,0,1,1,6,2,33,6,1560,2,6,9,1,9
2016410059527,2,9,0,3,0,1,0,0,0,0,2,1,6,1,40,7,1395,1,-1,3,1,3
2016410059747,1,9,0,18,0,0,0,0,0,0,2,1,1,1,42,7,2400,2,7,5,1,5
2016410059747,2,9,0,18,0,0,0,0,0,0,0,1,6,1,20,4,1984,1,-1,9,1,9
2016410059747,3,9,0,4,0,0,0,0,0,0,0,1,5,2,52,8,-1,-1,-1,10,1,10
2016410059747,4,9,0,18,0,0,0,0,0,0,0,1,1,1,28,6,2400,2,5,4,1,4
2016410059832,1,9,0,5,4,0,0,0,0,0,1,1,5,1,37,7,2698,2,9,-1,-1,-1
2016410059832,2,3,0,18,0,0,0,0,0,0,1,1,5,1,18,4,125,1,4,4,1,4
2016410059937,1,19,0,18,0,1,0,0,1,10,3,1,6,3,-1,-1,-1,-1,-1,-1,-1,-1
2016410059937,2,9,0,18,0,2,0,0,0,0,4,1,6,1,50,8,-1,-1,-1,6,1,6
2016410059981,1,19,0,4,0,1,0,0,0,0,1,1,6,1,35,6,1998,2,12,10,3,10
2016410059981,2,19,0,4,0,1,0,0,0,0,2,1,6,1,36,7,1560,2,1,-1,-1,-1
2016410059981,3,9,0,3,0,1,0,0,0,0,2,1,6,2,37,7,1598,1,7,5,1,5
2016410060238,1,98,0,2,0,0,0,0,0,0,4,1,5,1,25,5,-1,-1,-1,-1,-1,-1
2016410060238,2,9,0,1,0,0,0,4,0,0,2,1,5,1,40,7,-1,-1,-1,-1,-1,-1
2016410060238,3,9,0,1,9,0,0,0,0,0,2,1,5,1,45,7,-1,-1,-1,-1,-1,-1
2016410060358,1,9,0,18,0,1,1,0,0,0,1,1,5,1,21,5,999,1,4,4,1,4
2016410060358,2,9,0,10,0,1,0,0,7,11,2,1,5,1,21,5,1598,1,8,2,1,2
2016410060467,1,9,0,18,0,1,1,0,0,0,1,1,5,2,61,9,1796,1,19,7,1,7
2016410060467,2,9,0,3,0,1,0,0,0,0,4,1,5,1,29,6,-1,-1,-1,4,1,4
2016410060467,3,9,0,18,0,1,0,0,0,0,1,1,5,2,32,6,1595,1,8,9,3,9
2016410060783,1,9,0,9,0,5,0,0,0,0,4,1,6,2,38,7,1587,1,8,6,1,6
2016410060783,2,1,0,18,0,8,2,0,0,0,1,1,6,1,33,6,-1,-1,-1,9,1,9
2016410060816,1,9,0,9,0,1,0,0,7,0,3,1,5,2,32,6,1388,1,12,5,1,5
2016410060816,2,9,0,18,0,1,1,0,0,0,1,1,5,2,24,5,1956,2,6,5,1,5
2016410060816,3,9,0,18,0,1,0,0,0,0,4,1,5,1,18,4,-1,-1,-1,9,3,9
2016410061185,1,9,0,4,0,0,0,0,0,0,1,1,1,2,58,9,-1,-1,-1,8,1,8
2016410061185,2,9,0,4,0,0,0,0,0,0,2,1,5,2,46,8,1598,1,11,8,1,8
2016410061224,1,9,0,15,0,0,1,0,0,0,1,1,6,2,17,4,1242,1,16,3,1,3
2016410061224,2,11,0,2,0,0,0,0,0,0,0,1,1,1,71,10,-1,-1,-1,-1,-1,-1
2016410061339,1,21,0,18,0,8,1,0,0,0,1,1,1,1,36,7,12740,2,2,3,1,3
2016410061339,2,9,0,9,0,1,0,0,1,0,2,1,6,2,36,7,2198,2,10,-1,-1,-1
2016410061467,1,9,0,18,0,0,0,0,0,0,1,1,5,1,19,4,1390,1,2,10,1,10
2016410061467,2,1,0,18,0,0,0,0,0,0,1,1,6,2,10,2,-1,-1,-1,6,1,6
2016410061541,1,9,0,5,0,4,0,0,0,0,1,1,5,1,30,6,1997,2,3,10,1,10
2016410061541,2,9,0,17,0,8,0,0,0,0,4,1,1,1,56,9,1598,1,9,5,1,5
2016410061577,1,9,0,5,0,8,0,0,0,0,1,1,6,1,79,11,-1,-1,-1,10,1,10
2016410061577,2,9,0,18,0,8,0,0,0,0,4,1,2,1,63,9,1198,1,1,9,1,9
2016410061669,1,9,0,16,0,4,0,0,0,0,1,1,5,1,26,6,2979,1,13,5,1,5
2016410061669,2,9,0,9,0,3,0,0,0,0,1,1,5,1,46,8,1598,1,8,6,1,6
2016410061704,1,3,0,16,0,0,1,0,0,0,4,1,5,2,17,4,125,1,13,8,1,8
2016410061814,1,9,0,16,0,2,1,10,7,4,1,1,6,1,30,6,2148,2,10,4,2,4
2016410061833,1,21,1,12,0,0,0,0,0,0,3,1,1,1,36,7,10837,2,4,2,1,2
2016410061833,2,9,0,18,0,0,1,0,1,7,4,1,5,2,41,7,1870,2,11,9,2,9
2016410061918,1,9,0,18,0,4,0,0,0,0,1,1,5,1,55,8,-1,-1,-1,9,1,9
2016410061918,2,98,0,18,0,8,0,0,7,0,4,1,1,1,37,7,-1,-1,-1,3,1,3
2016410062081,1,9,0,10,0,5,0,0,0,0,2,1,5,1,68,10,3497,1,16,4,1,4
2016410062081,2,9,0,18,0,1,1,0,0,0,1,1,5,1,69,10,1781,1,14,10,1,10
2016410062260,1,19,0,9,0,2,0,0,0,0,1,1,6,1,24,5,1248,2,4,5,1,5
2016410062260,2,9,0,18,0,8,0,0,0,0,1,1,5,1,28,6,1600,1,12,7,1,7
2016410062370,1,9,0,18,0,1,0,0,0,0,1,1,5,1,29,6,2402,2,5,10,1,10
2016410062370,2,9,0,3,0,1,0,0,0,0,2,1,5,2,27,6,1598,2,3,8,1,8
2016410062370,3,9,0,3,0,1,0,0,0,0,2,1,5,1,63,9,1199,2,4,10,1,10
2016410062474,1,9,0,7,0,8,0,0,0,0,3,1,5,1,65,9,-1,-1,-1,7,1,7
2016410062474,2,1,0,18,0,8,2,0,0,0,1,1,4,1,15,3,-1,-1,-1,5,1,5
2016410062474,3,9,0,3,0,6,0,0,0,0,3,1,5,2,40,7,1997,2,3,-1,-1,-1
2016410062492,1,19,0,18,0,1,0,0,0,0,1,1,6,1,52,8,1968,2,-1,4,1,4
2016410062584,1,1,0,18,0,1,0,0,1,0,4,1,1,1,35,6,-1,-1,-1,2,1,2
2016410062609,1,9,0,18,0,1,0,0,0,0,1,1,5,2,46,8,-1,-1,-1,3,1,3
2016410062609,2,9,0,18,0,1,0,0,0,0,2,1,1,1,30,6,-1,-1,-1,6,1,6
2016410062637,1,9,0,18,0,0,0,0,0,0,1,1,2,1,46,8,1956,2,4,9,1,9
2016410062637,2,9,0,4,0,0,0,0,0,0,2,1,1,1,29,6,-1,-1,-1,5,1,5
2016410062664,1,9,0,9,0,2,0,0,0,0,1,1,2,1,65,9,1596,1,2,4,1,4
2016410062702,1,98,1,12,0,1,0,0,0,0,1,1,1,1,22,5,-1,-1,-1,-1,-1,-1
2016410062702,2,9,0,18,0,1,1,0,2,7,2,1,1,1,53,8,1985,1,15,8,1,8
2016410062744,1,9,0,18,0,0,1,0,1,7,3,1,2,2,32,6,1461,2,5,8,3,8
2016410062772,1,9,0,18,0,0,0,0,0,0,1,1,5,1,33,6,-1,-1,-1,5,1,5
2016410062772,2,1,0,18,0,0,0,0,0,0,2,1,6,1,39,7,-1,-1,-1,7,1,7
2016410062792,1,9,0,18,9,0,0,0,3,11,1,1,5,1,30,6,1999,1,14,-1,-1,-1
2016410062817,1,19,0,1,0,2,0,0,0,0,2,1,1,1,33,6,2198,2,6,6,1,6
2016410062817,2,9,0,18,0,8,0,0,0,0,4,1,6,3,40,7,-1,-1,-1,-1,-1,-1
2016410063015,1,9,0,9,0,6,0,0,0,0,3,1,2,1,21,5,1390,1,8,9,1,9
2016410063015,2,1,0,18,0,8,1,0,0,0,1,1,2,1,28,6,-1,-1,-1,7,1,7
2016410063052,1,9,0,15,0,2,0,0,0,0,0,1,6,2,-1,-1,1598,1,7,6,1,6
2016410063052,2,3,0,18,0,1,1,0,0,0,0,1,2,1,45,7,125,1,8,-1,-1,-1
2016410063076,1,9,0,18,0,1,0,0,0,0,1,1,5,2,35,6,1390,1,14,-1,-1,-1
2016410063076,2,9,0,9,0,1,0,0,0,0,1,1,5,1,18,4,1386,1,8,10,1,10
2016410063087,1,5,0,18,0,2,0,0,0,0,4,1,6,1,40,7,700,1,10,9,3,9
2016410063087,2,9,0,18,0,2,0,0,0,0,1,1,6,1,46,8,1596,1,10,7,1,7
2016410063143,1,9,0,9,0,1,0,0,0,0,4,1,2,2,51,8,2143,2,3,10,1,10
2016410063143,2,9,0,18,0,1,0,0,0,0,1,1,2,2,44,7,1332,1,16,10,3,10
2016410063238,1,9,0,5,0,0,0,0,0,0,4,1,5,2,24,5,1197,1,-1,-1,-1,-1
2016410063238,2,3,0,18,0,0,2,0,0,0,1,1,5,1,17,4,-1,-1,-1,9,1,9
2016410063259,1,1,0,17,0,4,0,0,0,0,3,1,2,1,50,8,-1,-1,-1,6,1,6
2016410063259,2,9,0,11,0,3,5,0,0,0,1,1,6,2,47,8,1389,1,14,-1,-1,-1
2016410063300,1,9,0,16,0,3,0,0,0,0,1,1,6,1,53,8,1120,2,4,10,1,10
2016410063300,2,9,0,16,0,3,1,0,0,0,3,1,2,2,31,6,1560,2,8,4,1,4
2016410063365,1,9,0,9,0,0,0,0,8,0,1,1,6,2,31,6,1242,1,8,-1,-1,-1
2016410063365,2,9,0,18,0,0,0,0,1,0,1,1,6,2,40,7,1598,1,9,10,2,10
2016410063404,1,9,0,18,0,2,0,0,1,3,1,1,6,2,82,11,1596,1,14,10,1,10
2016410063430,1,9,0,4,0,0,0,0,0,0,1,1,5,1,25,5,2402,2,6,7,3,7
2016410063430,2,9,0,3,0,0,0,0,0,0,2,1,5,2,60,9,1598,1,8,5,1,5
2016410063438,1,19,0,3,0,1,0,0,0,0,1,1,5,1,36,7,2198,2,1,7,2,7
2016410063438,2,9,0,3,0,1,0,0,0,0,2,1,1,2,60,9,1499,1,-1,2,1,2
2016410063494,1,9,0,18,0,4,0,0,0,0,1,1,6,3,40,7,-1,-1,-1,-1,-1,-1
2016410063494,2,19,0,18,0,8,0,0,0,0,4,1,2,1,49,8,2198,2,8,6,1,6
2016410063563,1,9,0,7,0,4,0,0,0,0,3,1,6,1,51,8,1497,8,9,8,1,8
2016410063563,2,1,0,17,0,8,0,0,0,0,1,1,6,1,33,6,-1,-1,-1,8,3,8
2016410063577,1,9,0,9,0,2,0,0,1,11,1,1,6,1,21,5,1229,1,9,3,1,3
2016410063577,2,9,0,9,0,2,0,0,0,0,0,1,1,1,24,5,1248,2,3,5,1,5
2016410063724,1,9,0,9,0,6,0,0,0,0,4,1,5,2,43,7,1499,2,1,4,1,4
2016410063724,2,1,0,18,0,2,5,0,0,0,1,1,6,1,47,8,-1,-1,-1,8,1,8
2016410063732,1,9,0,9,0,6,0,0,0,0,2,1,6,3,40,7,-1,-1,-1,-1,-1,-1
2016410063732,2,3,0,18,0,1,5,0,0,0,1,1,5,1,20,4,124,1,1,6,1,6
2016410063734,1,9,0,4,0,1,0,0,0,0,1,1,5,2,44,7,-1,-1,-1,9,1,9
2016410063734,2,9,0,4,0,1,0,0,0,0,2,1,5,2,58,9,1598,1,8,9,1,9
2016410063785,1,19,0,18,0,0,0,0,0,0,1,1,5,1,40,7,1868,2,10,6,3,6
2016410063785,2,9,0,18,0,0,0,0,0,0,2,1,5,2,36,7,1870,2,6,5,1,5
2016410063934,1,9,0,4,0,1,0,0,0,0,0,1,6,1,33,6,998,1,3,8,1,8
2016410063934,2,5,0,18,0,1,0,0,0,0,2,1,6,2,35,6,599,1,17,5,1,5
2016410063973,1,9,0,18,0,0,0,0,1,9,1,1,5,1,68,10,1124,1,13,5,1,5
2016410064027,1,9,0,18,0,0,0,0,0,0,3,1,2,2,18,4,1124,1,11,2,1,2
2016410064027,2,9,0,18,0,0,0,0,0,0,3,1,5,2,73,10,1598,1,8,10,2,10
2016410064125,1,9,0,5,0,0,0,0,0,0,3,1,3,2,56,9,1598,1,6,9,1,9
2016410064125,2,1,0,14,0,0,5,0,0,0,1,1,4,1,11,3,-1,-1,-1,9,1,9
2016410064218,1,9,0,4,0,0,0,0,0,0,1,1,5,2,18,4,999,1,1,5,1,5
2016410064218,2,9,0,3,0,0,0,0,0,0,2,1,5,2,57,9,1796,1,12,10,1,10
2016410064218,3,9,0,3,0,0,0,0,0,0,2,1,5,2,28,6,1968,2,2,10,1,10
2016410064346,1,9,0,18,0,1,0,0,0,0,1,1,5,1,23,5,2204,2,7,2,1,2
2016410064346,2,9,0,2,0,1,0,0,0,0,0,1,5,1,68,10,1590,1,12,5,1,5