Accident_Index,Vehicle_Reference,Vehicle_Type,Towing_and_Articulation,Vehicle_Manoeuvre,Vehicle_Location-Restricted_Lane,Junction_Location,Skidding_and_Overturning,Hit_Object_in_Carriageway,Vehicle_Leaving_Carriageway,Hit_Object_off_Carriageway,1st_Point_of_Impact,Was_Vehicle_Left_Hand_Drive?,Journey_Purpose_of_Driver,Sex_of_Driver,Age_of_Driver,Age_Band_of_Driver,Engine_Capacity_(CC),Propulsion_Code,Age_of_Vehicle,Driver_IMD_Decile,Driver_Home_Area_Type,Vehicle_IMD_Decile
2016410064528,1,9,0,9,0,5,0,0,0,0,3,1,6,2,23,5,1390,1,12,5,2,5
2016410064528,2,9,0,13,0,1,0,0,0,0,1,1,1,1,50,8,-1,-1,-1,-1,-1,-1
2016410064543,1,19,0,5,9,5,0,0,1,0,1,1,1,1,48,8,2198,2,7,3,1,3
2016410064543,2,1,0,2,9,2,0,0,3,0,4,1,5,1,36,7,-1,-1,-1,4,1,4
2016410064583,1,9,0,18,0,0,0,0,0,0,4,1,5,2,29,6,1242,1,10,10,1,10
2016410064627,1,9,0,5,0,4,0,0,0,0,1,1,6,1,40,7,1968,2,2,-1,-1,-1
2016410064627,2,9,0,3,0,8,0,0,0,0,2,1,1,1,27,6,1598,2,2,7,1,7
2016410064662,1,9,0,12,0,7,0,0,0,0,3,1,2,1,46,8,1991,2,11,8,1,8
2016410064662,2,21,1,18,0,8,0,0,0,0,4,1,1,1,32,6,10837,2,1,8,1,8
2016410064697,1,9,0,7,0,5,0,0,0,0,1,1,6,3,40,7,-1,-1,-1,-1,-1,-1
2016410064697,2,1,0,18,0,8,5,0,0,0,1,1,6,1,15,3,-1,-1,-1,5,1,5
2016410064707,1,9,0,16,0,8,0,0,0,0,4,1,6,1,38,7,1798,1,1,7,1,7
2016410064734,1,1,0,18,0,2,5,0,0,0,1,1,2,1,30,6,-1,-1,-1,-1,-1,-1
2016410064734,2,9,0,18,0,2,0,0,0,0,0,1,1,1,46,8,2400,2,4,6,1,6
2016410064739,1,98,0,18,0,0,0,0,0,0,1,1,6,1,-1,-1,-1,-1,-1,-1,-1,-1
2016410064739,2,9,0,3,0,0,0,0,0,0,2,1,3,2,32,6,1797,8,6,6,1,6
2016410064776,1,9,0,6,0,0,0,0,0,0,3,1,6,1,23,5,1896,2,7,9,2,9
2016410064776,2,3,0,18,0,0,0,0,0,0,1,1,5,1,28,6,124,1,3,9,3,9
2016410064821,1,9,0,5,9,0,0,0,0,0,1,1,5,1,46,8,1388,1,12,5,1,5
2016410064821,2,1,0,18,9,0,0,0,0,0,1,1,5,1,46,8,-1,-1,-1,10,1,10
2016410064851,1,98,1,11,0,2,0,0,0,0,1,1,1,1,24,5,-1,-1,-1,5,1,5
2016410064851,2,9,0,5,0,2,1,0,0,0,3,1,2,1,49,8,1124,1,15,8,1,8
2016410064876,1,19,0,18,0,0,1,0,1,7,1,1,1,1,61,9,2151,2,14,1,1,1
2016410064886,1,9,0,4,0,1,0,0,0,0,1,1,6,1,49,8,1998,1,13,6,1,6
2016410064886,2,9,0,3,0,1,0,0,0,0,2,1,6,2,34,6,1124,1,13,9,1,9
2016410064940,1,3,0,18,0,8,2,0,0,0,1,1,6,1,19,4,124,1,1,3,1,3
2016410064940,2,19,0,9,0,8,0,0,0,0,2,1,1,1,25,5,2151,2,12,4,1,4
2016410065037,1,9,0,18,0,3,0,0,0,0,1,1,6,2,56,9,-1,-1,-1,10,1,10
2016410065037,2,3,0,11,0,3,5,0,0,0,2,1,5,1,20,4,124,1,14,-1,-1,-1
2016410065060,1,1,0,18,0,0,0,0,0,0,1,1,4,1,18,4,-1,-1,-1,5,1,5
2016410065060,2,9,0,3,0,0,0,0,0,0,2,1,5,2,45,7,2179,2,2,4,1,4
2016410065077,1,9,0,9,0,8,0,0,0,0,1,1,5,1,17,4,1390,1,4,8,1,8
2016410065077,2,5,0,5,0,8,5,0,0,0,3,1,5,2,36,7,599,1,18,6,1,6
2016410065093,1,19,0,14,0,1,0,0,0,0,1,1,5,1,36,7,1598,2,1,9,1,9
2016410065131,1,9,0,18,0,4,0,0,0,0,1,1,6,2,28,6,998,1,1,-1,-1,-1
2016410065131,2,9,0,9,0,3,0,0,0,0,4,1,6,2,50,8,1598,1,4,5,1,5
2016410065281,1,9,0,18,0,0,2,0,1,9,1,1,6,1,36,7,1149,1,12,9,2,9
2016410065286,1,5,0,16,0,8,2,0,0,0,1,1,5,1,31,6,748,1,19,6,2,6
2016410065286,2,19,0,17,0,8,0,0,0,0,1,1,1,1,65,9,2460,2,11,10,1,10
2016410065314,1,9,0,12,0,0,1,0,0,0,3,1,5,1,24,5,1242,1,9,9,1,9
2016410065314,2,9,0,18,0,0,2,0,5,7,4,1,5,1,58,9,1596,1,10,8,1,8
2016410065397,1,9,0,18,0,0,0,0,0,0,1,1,6,3,40,7,-1,-1,-1,-1,-1,-1
2016410065434,1,9,0,18,0,3,0,0,0,0,1,1,2,2,62,9,1248,1,3,2,1,2
2016410065509,1,9,0,18,0,6,0,0,0,0,4,1,5,2,36,7,2967,2,5,10,1,10
2016410065509,2,1,0,18,0,1,5,0,0,0,1,1,6,1,49,8,-1,-1,-1,7,1,7
2016410065557,1,9,0,18,0,2,0,0,0,0,1,1,1,2,42,7,1997,2,2,10,1,10
2016410065557,2,9,0,4,0,2,0,0,0,0,2,1,1,1,43,7,1968,2,3,9,1,9
2016410065607,1,23,0,18,0,0,2,0,0,0,1,1,1,1,17,4,124,1,12,6,3,6
2016410065607,2,9,0,18,0,0,0,0,0,0,1,1,5,1,66,10,1951,2,12,7,3,7
2016410065637,1,9,0,18,0,8,0,0,0,0,1,1,5,1,72,10,1985,1,16,8,1,8
2016410065671,1,19,0,16,0,0,0,0,0,0,1,1,6,1,-1,-1,1753,2,13,6,1,6
2016410065671,2,9,0,16,0,0,0,0,0,0,2,1,6,2,58,9,998,1,3,5,1,5
2016410065694,1,11,0,18,0,1,0,0,0,0,1,1,1,1,61,9,6700,2,8,8,2,8
2016410065694,2,9,0,7,0,5,0,0,0,0,2,1,5,2,30,6,1388,1,10,3,1,3
2016410065760,1,9,0,11,0,5,0,0,1,10,1,1,6,1,64,9,1364,1,9,4,1,4
2016410065760,2,9,0,18,0,5,0,0,0,0,2,1,5,2,36,7,1686,2,6,2,1,2
2016410065841,1,9,0,13,0,1,0,0,0,0,1,1,5,1,50,8,-1,-1,-1,6,1,6
2016410065841,2,9,0,18,0,1,0,0,1,0,2,1,5,1,35,6,1968,2,6,6,1,6
2016410065903,1,9,0,18,9,0,0,0,1,0,4,1,6,3,25,5,-1,-1,-1,-1,-1,-1
2016410066193,1,9,0,18,0,8,0,0,0,0,3,1,6,1,68,10,1560,2,1,7,1,7
2016410066193,2,3,0,18,0,8,2,0,0,0,1,1,6,1,19,4,124,1,9,9,1,9
2016410066291,1,9,0,3,0,0,0,0,0,0,2,1,6,3,-1,-1,-1,-1,-1,-1,-1,-1
2016410066291,2,9,0,18,0,0,0,0,0,0,2,1,6,1,70,10,1895,1,15,4,1,4
2016410066557,1,9,0,5,0,4,0,0,0,0,3,1,5,1,18,4,1398,1,1,9,1,9
2016410066557,2,1,0,9,0,8,0,0,0,0,1,1,5,1,48,8,-1,-1,-1,8,1,8
2016410066596,1,9,0,18,0,0,0,0,0,0,1,1,6,1,24,5,1242,1,10,8,1,8
2016410066596,2,9,0,2,0,0,0,0,0,0,1,1,6,1,-1,-1,1598,1,7,-1,-1,-1
2016410066596,3,9,0,2,0,0,0,0,0,0,1,1,6,2,-1,-1,-1,-1,-1,-1,-1,-1
2016410066675,1,9,0,17,0,0,0,0,1,4,1,1,2,1,33,6,1086,1,9,2,1,2
2016410066735,1,9,0,18,0,2,0,0,0,0,4,1,5,1,51,8,1598,1,14,10,1,10
2016410066747,1,9,0,9,0,1,0,0,0,0,1,1,5,2,57,9,1598,1,8,5,1,5
2016410066747,2,9,0,18,0,1,0,0,0,0,1,1,5,1,28,6,2922,1,15,7,2,7
2016410066766,1,9,0,18,0,1,0,0,0,0,0,1,5,2,-1,-1,-1,-1,-1,-1,-1,-1
2016410066766,2,9,0,18,0,1,0,0,0,0,0,1,6,2,30,6,1984,1,10,-1,-1,-1
2016410066771,1,1,0,18,0,2,0,0,0,0,1,1,5,1,28,6,-1,-1,-1,9,1,9
2016410066771,2,98,0,13,0,2,0,0,0,0,2,1,6,3,25,5,-1,-1,-1,-1,-1,-1
2016410066783,1,19,0,3,0,1,0,0,0,0,1,1,6,1,46,8,2402,2,12,3,1,3
2016410066797,1,9,0,4,0,0,0,0,0,0,1,1,6,2,48,8,1242,1,3,3,1,3
2016410066808,1,9,0,18,0,0,1,7,0,0,1,1,5,1,40,7,1896,2,10,6,3,6
2016410066808,2,9,0,14,0,0,1,0,0,0,1,1,1,2,19,4,1124,1,11,-1,2,-1
2016410066808,3,9,0,18,0,0,1,7,0,0,1,1,5,1,18,4,1596,1,14,10,1,10
2016410066808,4,9,0,18,0,0,1,7,0,0,1,1,6,2,19,4,1149,1,16,8,2,8
2016410066873,1,19,0,5,0,4,0,0,0,0,1,1,5,1,29,6,1499,2,-1,2,1,2
2016410066873,2,1,0,18,0,3,0,0,0,0,2,1,5,1,58,9,-1,-1,-1,7,1,7
2016410066904,1,1,0,18,0,0,0,0,0,0,3,1,6,1,15,3,-1,-1,-1,9,3,9
2016410066904,2,9,0,13,0,0,0,0,0,0,1,1,6,3,40,7,-1,-1,-1,-1,-1,-1
2016410066932,1,9,0,17,0,0,0,0,0,0,3,1,5,1,41,7,1994,1,11,7,3,7
2016410066932,2,9,0,16,0,0,0,0,0,0,3,1,5,1,53,8,1360,1,9,3,1,3
2016410066936,1,9,0,18,0,0,0,0,0,0,1,1,6,1,19,4,1199,1,12,5,1,5
2016410066936,2,3,0,3,0,0,0,0,0,0,1,1,6,1,18,4,125,1,1,5,1,5
2016410066992,1,9,0,9,0,8,0,0,0,0,3,1,5,2,72,10,1248,1,5,10,1,10
2016410066992,2,9,0,18,0,8,0,0,0,0,4,1,5,2,85,11,1198,1,12,4,1,4
2016410067044,1,9,0,16,0,0,0,7,7,0,1,1,5,1,40,7,2435,1,11,6,1,6
2016410067044,2,9,0,16,0,0,0,0,0,0,0,1,1,1,31,6,1686,2,2,-1,-1,-1
2016410067065,1,9,0,18,0,0,1,0,0,0,1,1,6,2,22,5,1368,1,7,5,1,5
2016410067065,2,9,0,18,0,0,0,0,0,0,2,1,6,2,42,7,-1,-1,-1,5,1,5
2016410067123,1,9,0,18,0,0,0,4,0,0,1,1,6,2,21,5,1242,1,9,-1,-1,-1
2016410067123,2,19,0,2,0,0,0,0,0,0,2,1,6,1,49,8,1998,2,11,3,1,3
2016410067131,1,9,0,2,0,0,0,0,0,0,0,1,5,1,47,8,1596,1,9,8,1,8
2016410067131,2,9,0,18,0,0,0,0,0,0,2,1,6,1,38,7,1956,2,7,1,1,1
2016410067131,3,9,0,18,0,0,0,0,0,0,1,1,6,1,24,5,1598,1,7,9,2,9
2016410067150,1,9,0,4,0,1,0,0,0,0,1,1,6,3,20,4,-1,-1,-1,-1,-1,-1
2016410067150,2,9,0,18,0,1,0,0,0,0,2,1,5,2,40,7,1596,1,9,9,2,9
2016410067176,1,3,0,5,0,0,0,0,0,0,3,1,5,1,26,6,125,1,1,4,1,4
2016410067176,2,9,0,18,0,0,0,0,0,0,4,1,5,2,61,9,1968,2,1,7,3,7
2016410067186,1,19,0,16,0,0,0,0,0,0,3,1,6,1,26,6,1686,2,13,6,1,6
2016410067186,2,9,0,17,0,0,0,0,0,0,4,1,6,1,57,9,2143,2,5,6,1,6
2016410067266,1,4,0,18,0,2,0,0,0,0,1,1,2,1,50,8,400,1,4,9,2,9
2016410067266,2,9,0,3,0,2,1,0,0,0,2,1,2,1,33,6,1995,2,4,9,1,9
2016410067277,1,5,0,13,0,8,0,0,7,0,4,1,1,1,60,9,1215,1,3,9,1,9
2016410067277,2,21,5,9,0,5,0,0,0,0,3,1,1,1,44,7,12780,2,10,10,2,10
2016410067353,1,9,0,9,0,8,0,0,0,0,4,1,2,2,29,6,1390,1,10,9,1,9
2016410067353,2,1,0,18,0,8,0,0,0,0,1,1,2,1,20,4,-1,-1,-1,-1,-1,-1
2016410067388,1,19,0,18,0,0,0,0,0,0,1,1,1,1,54,8,1560,2,3,3,1,3
2016410067388,2,19,0,4,0,0,0,0,0,0,2,1,1,1,31,6,1896,2,10,10,3,10
2016410067468,1,9,0,9,0,2,0,0,0,0,1,1,5,1,71,10,2143,2,5,10,1,10
2016410067503,1,9,0,18,0,1,0,0,0,0,0,1,6,1,24,5,1998,1,3,10,1,10
2016410067516,1,9,0,12,0,2,0,0,0,0,3,1,6,1,83,11,1198,1,8,3,2,3
2016410067516,2,9,0,13,0,2,0,0,0,0,4,1,6,2,46,8,-1,-1,-1,7,1,7
2016410067561,1,5,0,5,0,0,5,4,3,10,1,1,6,1,55,8,903,1,-1,2,1,2
2016410067561,2,98,0,2,0,0,0,0,0,0,4,1,6,3,-1,-1,-1,-1,-1,-1,-1,-1
2016410067586,1,3,0,5,0,0,0,0,0,0,1,1,5,1,19,4,124,1,1,6,1,6
2016410067842,1,9,0,4,0,1,0,0,0,0,3,1,6,2,34,6,1798,1,12,10,1,10
2016410067903,1,9,0,16,0,4,1,0,0,0,1,1,5,1,51,8,1200,1,1,9,1,9
2016410067903,2,9,0,16,0,4,0,0,0,0,2,1,5,2,62,9,1596,1,12,4,1,4
2016410067975,1,11,0,16,0,2,0,0,0,0,3,1,3,1,50,8,-1,2,17,4,1,4
2016410067975,3,19,0,18,0,1,0,0,0,0,3,1,5,1,37,7,2198,2,2,9,1,9
2016410068061,1,9,0,17,0,4,0,0,0,0,1,1,6,3,25,5,-1,-1,-1,-1,-1,-1
2016410068061,2,5,0,17,0,2,1,0,1,0,2,1,5,1,52,8,1293,1,5,-1,-1,-1
2016410068132,1,9,0,2,0,1,0,0,0,0,4,1,5,2,32,6,1995,2,9,10,1,10
2016410068132,2,9,0,18,0,1,0,4,0,0,4,1,5,2,59,9,1796,1,8,-1,-1,-1
2016410068175,1,21,0,18,0,0,0,0,0,0,0,1,1,1,45,7,12913,2,3,-1,-1,-1
2016410068175,2,9,0,18,0,0,1,0,1,7,1,1,5,1,43,7,2979,1,14,-1,-1,-1
2016410068249,1,9,0,18,0,0,0,0,0,0,2,1,5,1,44,7,1598,1,3,6,1,6
2016410068249,2,9,0,18,0,0,0,0,0,0,1,1,5,2,19,4,1229,1,8,10,1,10
2016410068249,3,9,0,18,0,0,0,0,0,0,0,1,5,2,36,7,2987,2,10,8,3,8
2016410068249,4,9,0,18,0,0,0,0,0,0,2,1,5,2,43,7,875,1,3,8,1,8
2016410068249,5,9,0,18,0,0,0,0,0,0,1,1,5,1,83,11,1598,1,10,-1,-1,-1
2016410068399,1,9,0,9,0,3,0,0,0,0,3,1,5,2,37,7,1595,1,6,-1,-1,-1
2016410068399,2,9,0,18,0,3,0,0,0,0,4,1,5,1,23,5,-1,-1,-1,7,1,7
2016410068445,1,9,0,16,0,0,1,0,1,0,1,1,5,1,24,5,1398,1,2,3,1,3
2016410068445,2,9,0,17,0,0,1,0,1,0,1,1,5,1,35,6,841,1,54,9,2,9
2016410068467,1,9,0,17,0,8,0,0,0,0,1,1,6,2,20,4,1398,1,6,-1,-1,-1
2016410068467,2,4,0,8,0,2,5,0,0,0,2,1,6,1,68,10,600,1,15,7,1,7
2016410068496,1,1,0,18,5,0,5,0,0,0,1,1,6,1,43,7,-1,-1,-1,-1,-1,-1
2016410068496,2,2,0,9,5,0,5,0,0,0,3,1,6,1,-1,-1,49,1,5,2,1,2
2016410068648,1,5,0,14,0,1,0,0,0,0,4,1,5,1,26,6,1690,1,1,-1,-1,-1
2016410068648,2,9,0,3,0,1,0,0,0,0,3,1,5,2,21,5,1198,1,9,4,1,4
2016410068648,3,9,0,3,0,1,0,0,0,0,0,1,5,1,40,7,1197,1,4,6,2,6
2016410068760,1,90,0,5,0,1,0,0,0,0,4,1,1,2,57,9,2987,2,-1,2,1,2
2016410068760,2,9,0,3,0,1,0,0,0,0,3,1,6,1,53,8,1997,2,13,9,1,9
2016410068760,3,98,1,3,0,1,0,0,0,0,4,1,1,3,-1,-1,-1,-1,-1,-1,-1,-1
2016410068792,1,1,0,18,0,6,0,0,0,0,1,1,5,1,12,3,-1,-1,-1,5,1,5
2016410068792,2,9,0,18,0,8,0,0,0,0,4,1,5,1,29,6,2231,2,8,9,1,9
2016410068868,1,9,0,18,0,0,2,0,1,0,4,1,6,1,39,7,-1,-1,-1,7,1,7
2016410068868,2,9,0,4,0,0,0,0,0,0,3,1,6,1,25,5,2993,2,12,10,2,10
2016410068879,1,9,0,18,4,1,0,0,0,0,3,1,6,3,-1,-1,1596,1,8,-1,-1,-1
2016410068879,2,1,0,18,0,1,0,0,0,0,4,1,5,2,44,7,-1,-1,-1,-1,-1,-1
2016410068896,1,9,0,18,0,0,0,0,0,0,4,1,2,1,27,6,1364,1,8,7,1,7
2016410068896,2,1,0,18,0,0,0,0,0,0,1,1,4,1,8,2,-1,-1,-1,6,2,6
2016410068938,1,9,0,11,0,0,0,0,0,0,0,1,6,3,-1,-1,-1,-1,-1,-1,-1,-1
2016410068938,2,9,0,18,0,0,0,0,1,11,1,1,2,2,22,5,1229,1,8,10,1,10
2016410069002,1,9,0,18,0,4,0,0,0,0,3,1,2,1,50,8,995,1,4,10,1,10
2016410069002,2,5,0,18,0,8,2,0,0,0,1,1,6,1,50,8,1092,1,23,6,1,6
2016410069034,1,9,0,11,0,0,1,0,5,7,4,1,1,1,42,7,1490,1,9,3,1,3
2016410069034,2,9,0,15,0,0,0,0,0,0,3,1,1,1,49,8,2987,2,6,2,1,2
2016410069122,1,9,0,18,0,0,5,4,7,0,1,1,5,1,50,8,1598,2,-1,8,1,8
2016410069122,2,9,0,2,0,0,0,0,0,0,2,1,5,3,-1,-1,1598,1,10,-1,-1,-1
2016410069122,3,9,0,2,0,0,0,0,0,0,1,1,5,3,-1,-1,1995,2,5,-1,-1,-1
2016410069122,4,9,0,2,9,0,0,0,0,0,1,1,5,3,-1,-1,1388,1,10,-1,-1,-1
2016410069122,5,9,0,2,0,0,0,0,0,0,1,1,5,3,-1,-1,1997,1,7,-1,-1,-1
2016410069258,1,3,0,18,0,0,0,0,0,0,1,1,6,1,28,6,124,1,2,9,1,9
2016410069258,2,9,0,4,0,0,0,0,0,0,2,1,6,1,30,6,1997,2,6,9,1,9
2016410069276,1,19,0,9,0,4,0,0,0,0,1,1,1,1,52,8,2148,2,9,7,1,7
2016410069276,2,9,0,9,0,8,1,0,0,0,1,1,5,2,68,10,2967,2,4,4,1,4
2016410069354,1,98,1,12,0,0,0,0,0,0,3,1,1,1,57,9,-1,-1,-1,-1,-1,-1
2016410069354,2,9,0,18,0,0,1,0,2,7,4,1,2,1,42,7,1461,2,11,4,1,4
2016410069368,1,9,0,7,0,4,0,0,0,0,4,1,5,2,36,7,1956,2,5,4,1,4
2016410069368,2,1,0,7,0,4,0,0,0,0,3,1,5,1,35,6,-1,-1,-1,7,1,7
2016410069402,1,19,0,12,0,0,0,0,0,0,3,1,1,1,25,5,2143,2,5,2,1,2
2016410069402,2,9,0,15,0,0,0,0,7,3,4,1,5,1,28,6,1596,1,11,6,1,6
2016410069426,1,9,0,4,0,0,0,0,0,0,1,1,5,2,19,4,1398,1,2,2,1,2
2016410069426,2,9,0,4,0,0,0,0,0,0,2,1,5,1,21,5,899,1,3,8,3,8
2016410069476,1,9,0,18,0,0,0,0,0,0,1,1,5,1,58,9,1797,8,1,10,1,10
2016410069476,2,1,0,5,0,0,0,0,0,0,4,1,2,1,40,7,-1,-1,-1,-1,-1,-1
2016410069580,1,9,0,18,0,1,1,0,1,4,1,1,6,2,48,8,1895,1,17,6,1,6
2016410069619,1,9,0,9,0,1,0,0,0,0,1,1,5,1,43,7,1198,1,11,9,1,9
2016410069647,1,9,0,18,0,1,1,10,1,9,1,1,5,2,23,5,1197,1,2,10,1,10
2016410069681,1,9,0,18,0,0,5,0,4,0,3,1,5,1,80,11,1795,1,11,-1,-1,-1
2016410069695,1,9,0,18,0,0,5,0,1,4,1,1,5,1,18,4,-1,-1,-1,10,1,10
2016410069715,1,9,0,13,0,0,0,0,0,0,4,1,6,2,23,5,898,1,1,5,1,5
2016410069715,2,1,0,18,0,0,5,0,0,0,4,1,6,1,14,3,-1,-1,-1,-1,-1,-1
2016410069719,1,9,0,4,0,1,1,0,1,11,1,1,5,1,74,10,1242,1,12,3,3,3
2016410069719,2,9,0,18,0,1,0,0,0,0,1,1,5,2,28,6,1997,2,2,10,2,10
2016410069789,1,9,0,18,0,1,0,4,0,0,4,1,6,2,54,8,1390,1,4,10,2,10
2016410069789,2,9,0,2,0,1,0,0,0,0,4,1,6,1,40,7,2993,2,6,-1,-1,-1
2016410069789,3,9,0,18,0,8,0,0,0,0,3,1,6,1,37,7,1597,2,-1,9,2,9
2016410069799,1,9,0,2,0,0,0,0,1,10,1,1,5,2,70,10,1560,2,8,7,1,7
2016410069840,1,1,0,18,0,0,5,0,0,0,1,1,5,1,38,7,-1,-1,-1,10,1,10
2016410069840,2,9,0,9,0,0,0,0,0,0,2,1,1,1,26,6,-1,-1,-1,8,1,8
2016410069895,1,9,0,9,0,4,0,0,0,0,1,1,6,1,39,7,-1,-1,-1,10,1,10
2016410069895,2,9,0,18,0,8,0,0,0,0,4,1,6,2,31,6,996,1,7,9,1,9
2016410069938,1,9,0,5,9,6,0,0,0,0,1,1,6,2,42,7,1149,1,8,5,1,5
2016410069982,1,9,0,18,0,1,2,0,1,0,1,1,6,1,22,5,2000,2,5,6,1,6
2016410070086,1,9,0,9,0,1,0,0,0,0,1,1,5,2,65,9,1598,2,1,6,1,6
2016410070086,2,1,0,18,0,1,2,0,0,0,3,1,5,1,56,9,-1,-1,-1,10,1,10
2016410070126,1,9,0,18,0,0,1,0,4,6,1,1,5,1,44,7,1498,1,8,4,1,4
2016410070172,1,9,0,12,0,1,0,0,0,0,1,1,6,1,30,6,1598,1,10,8,1,8
2016410070172,2,9,0,18,0,1,0,0,1,0,1,1,6,1,31,6,1197,1,4,6,1,6
2016410070225,1,9,0,17,0,2,2,0,2,7,1,1,6,1,48,8,1598,2,6,3,1,3
2016410070241,1,9,0,18,0,8,0,0,0,0,1,1,5,1,59,9,2198,1,11,6,1,6
2016410070241,2,3,0,7,0,4,0,0,0,0,1,1,5,1,18,4,125,1,13,6,1,6
2016410070316,1,9,0,7,0,5,1,11,7,2,1,1,5,2,19,4,1198,1,5,9,1,9
2016410070316,2,1,0,18,0,1,0,0,0,0,3,1,6,1,26,6,-1,-1,-1,8,1,8
2016410070348,1,9,0,18,0,1,0,0,0,0,1,1,5,2,52,8,1796,1,4,9,1,9
2016410070348,2,9,0,4,0,1,0,0,0,0,2,1,5,2,29,6,1798,1,8,10,1,10
2016410070391,1,9,0,18,0,0,0,0,5,7,1,1,1,1,45,7,1598,1,1,3,1,3
2016410070392,1,9,0,9,0,1,0,0,0,0,1,1,5,2,26,6,-1,-1,-1,5,1,5
2016410070392,2,1,0,18,0,1,0,0,0,0,1,1,5,2,35,6,-1,-1,-1,3,1,3
2016410070423,1,21,1,18,0,0,0,0,5,7,3,1,1,1,62,9,12900,2,6,4,1,4
2016410070423,2,9,0,18,0,0,0,0,4,0,4,1,6,1,23,5,1968,2,7,3,1,3
2016410070426,1,9,0,18,0,0,5,7,0,0,1,1,6,1,18,4,1198,1,14,8,1,8
2016410070428,1,9,0,17,0,0,2,0,7,0,1,1,6,2,18,4,1242,1,12,6,1,6
2016410070477,1,9,0,18,0,0,0,0,0,0,1,1,6,1,41,7,1968,2,2,10,1,10
2016410070477,2,9,0,18,0,0,0,0,1,0,1,1,6,2,51,8,1296,1,9,9,1,9
2016410070525,1,9,0,1,0,0,0,0,0,0,3,1,5,1,46,8,1796,1,14,7,1,7
2016410070532,1,9,0,4,0,0,0,0,0,0,1,1,6,1,21,5,1560,2,1,10,1,10
2016410070532,2,9,0,3,0,0,0,0,0,0,2,1,5,1,55,8,1995,2,-1,7,1,7
2016410070558,1,9,0,4,0,1,0,0,0,0,2,1,5,1,42,7,1560,2,1,7,3,7
2016410070558,2,9,0,4,0,1,1,0,0,0,1,1,5,1,29,6,1995,2,7,-1,-1,-1
2016410070914,1,9,0,11,0,0,0,0,0,0,2,1,2,1,27,6,2993,2,8,-1,-1,-1
2016410070914,2,19,0,18,0,0,0,0,0,0,1,1,2,1,49,8,2198,2,3,-1,-1,-1
2016410070953,1,9,0,18,0,1,0,0,0,0,1,1,5,2,57,9,1398,1,3,-1,-1,-1
2016410070953,2,9,0,9,0,1,0,0,0,0,2,1,5,1,25,5,1390,1,1,-1,-1,-1
2016410071007,1,4,0,17,0,0,2,0,1,4,1,1,6,1,50,8,485,1,31,10,1,10
2016410071010,1,90,0,17,0,0,2,0,1,0,1,1,6,1,50,8,349,1,3,6,1,6
2016410071043,1,9,0,9,0,1,0,0,0,0,4,1,6,2,28,6,1242,1,4,-1,-1,-1
2016410071043,2,9,0,18,0,1,0,0,0,0,3,1,6,1,52,8,2993,2,3,-1,-1,-1
2016410071093,1,9,0,18,0,4,0,0,0,0,1,1,6,1,33,6,1781,1,16,-1,-1,-1
2016410071093,2,9,0,18,0,4,1,0,0,0,4,1,3,2,32,6,1968,2,12,-1,-1,-1
2016410071153,1,9,0,18,0,2,0,0,0,0,1,1,5,1,69,10,1242,1,16,-1,-1,-1
2016410071183,1,9,0,1,0,8,0,0,0,0,2,1,6,3,-1,-1,-1,-1,-1,-1,-1,-1
2016410071183,2,1,0,3,0,8,0,0,0,0,4,1,6,1,12,3,-1,-1,-1,9,3,9
2016410071187,1,9,0,4,0,0,0,0,0,0,1,1,5,1,22,5,1368,1,12,-1,-1,-1
2016410071187,2,19,0,3,0,0,0,0,0,0,3,1,5,1,61,9,1686,2,12,3,1,3
2016410071275,1,9,0,18,0,0,0,0,0,0,1,1,2,1,-1,-1,-1,-1,-1,8,1,8
2016410071275,2,1,0,18,0,0,0,0,0,0,3,1,6,1,33,6,-1,-1,-1,6,1,6
2016410071311,1,9,0,18,0,0,0,0,0,0,1,1,2,2,26,6,999,1,1,8,1,8
2016410071311,2,9,0,18,0,0,0,0,0,0,2,1,2,1,33,6,1596,1,8,2,1,2
2016410071311,3,9,0,18,0,0,0,0,0,0,2,1,2,1,47,8,1896,2,9,9,2,9
2016410071311,4,9,0,18,0,0,0,0,0,0,2,1,2,1,49,8,1988,2,8,7,3,7
2016410071340,1,19,0,4,0,1,0,0,0,0,1,1,1,1,21,5,1598,2,1,-1,-1,-1
2016410071340,2,21,0,4,0,1,0,0,0,0,2,1,1,1,44,7,5880,2,11,-1,-1,-1
2016410071358,1,5,0,18,0,0,1,0,0,0,3,1,6,1,40,7,798,1,9,7,1,7
2016410071358,2,9,0,18,0,0,0,0,0,0,1,1,6,2,38,7,1598,1,7,6,1,6
2016410071405,1,9,0,5,0,0,0,0,0,0,1,1,1,2,28,6,1086,1,12,5,1,5
2016410071405,2,9,0,3,0,0,0,0,0,0,2,1,6,2,43,7,1997,2,1,4,1,4
2016410071418,1,9,0,18,0,0,0,0,0,0,1,1,5,2,80,11,1596,1,8,-1,-1,-1
2016410071603,1,90,1,4,0,0,0,0,0,0,1,1,1,1,31,6,-1,-1,-1,-1,-1,-1
2016410071603,2,9,0,18,0,0,0,0,0,0,2,1,5,1,63,9,1598,1,5,-1,-1,-1
2016410071707,1,9,0,5,0,2,0,0,0,0,4,1,6,3,-1,-1,-1,-1,-1,-1,-1,-1