Accident_Index,Vehicle_Reference,Vehicle_Type,Towing_and_Articulation,Vehicle_Manoeuvre,Vehicle_Location-Restricted_Lane,Junction_Location,Skidding_and_Overturning,Hit_Object_in_Carriageway,Vehicle_Leaving_Carriageway,Hit_Object_off_Carriageway,1st_Point_of_Impact,Was_Vehicle_Left_Hand_Drive?,Journey_Purpose_of_Driver,Sex_of_Driver,Age_of_Driver,Age_Band_of_Driver,Engine_Capacity_(CC),Propulsion_Code,Age_of_Vehicle,Driver_IMD_Decile,Driver_Home_Area_Type,Vehicle_IMD_Decile
2016410071707,2,1,0,18,0,2,0,0,0,0,2,1,4,1,12,3,-1,-1,-1,-1,-1,-1
2016410071741,1,90,1,5,0,4,0,0,0,0,1,1,1,1,32,6,-1,-1,-1,6,1,6
2016410071741,2,9,0,3,0,1,0,0,0,0,2,1,5,2,53,8,-1,-1,-1,5,1,5
2016410071863,1,9,0,3,0,0,0,0,0,0,1,1,5,2,43,7,1995,2,4,8,1,8
2016410071863,2,9,0,3,0,0,0,0,0,0,2,1,5,1,39,7,1998,1,-1,2,1,2
2016410071865,1,9,0,18,0,0,0,0,0,0,3,1,6,3,-1,-1,-1,-1,-1,-1,-1,-1
2016410071865,2,5,0,18,0,0,0,0,0,0,3,1,2,1,66,10,1237,1,6,-1,-1,-1
2016410072012,1,9,0,18,0,0,0,0,0,0,2,1,5,2,80,11,1197,1,3,10,1,10
2016410072012,2,9,0,18,0,0,0,0,0,0,1,1,2,1,60,9,2685,2,13,9,1,9
2016410072037,1,9,0,5,0,0,0,0,0,0,3,1,6,2,-1,-1,998,1,15,-1,-1,-1
2016410072089,1,9,0,16,0,1,2,7,2,1,1,1,5,1,18,4,1199,1,14,7,1,7
2016410072092,1,9,0,1,0,0,0,0,0,0,2,1,6,1,21,5,1995,2,11,7,1,7
2016410072092,2,9,0,5,0,0,0,0,0,0,3,1,5,1,38,7,1368,1,6,5,1,5
2016410072140,1,9,0,9,0,0,0,11,8,1,1,1,5,2,87,11,1598,1,11,10,1,10
2016410072140,2,9,0,5,0,0,0,0,0,0,1,1,5,1,40,7,1596,1,5,10,1,10
2016410072140,3,9,0,18,0,0,0,0,0,0,1,1,5,1,37,7,1968,2,7,-1,-1,-1
2016410072141,1,8,0,5,0,4,0,0,0,0,0,1,1,1,29,6,1997,2,10,8,1,8
2016410072164,1,9,0,18,0,0,1,0,5,0,1,1,6,1,29,6,1242,1,12,-1,-1,-1
2016410072177,1,9,0,9,0,2,0,0,0,0,1,1,5,1,23,5,1997,2,16,-1,-1,-1
2016410072177,2,9,0,18,0,8,0,0,0,0,1,1,5,2,31,6,1198,1,8,6,1,6
2016410072188,1,9,0,9,0,8,0,0,0,0,0,1,6,3,-1,-1,-1,-1,-1,-1,-1,-1
2016410072188,2,9,0,9,0,8,0,0,1,0,3,1,6,2,45,7,1796,1,12,9,3,9
2016410072188,3,9,0,18,0,1,0,0,0,0,1,1,6,2,29,6,1390,1,9,-1,-1,-1
2016410072205,1,9,0,18,0,0,0,0,0,0,1,1,6,2,34,6,1348,1,15,8,1,8
2016410072205,2,9,0,18,0,0,0,0,0,0,1,1,6,1,55,8,1995,2,14,6,2,6
2016410072205,3,9,0,18,0,0,0,0,0,0,1,1,6,1,27,6,1796,1,8,3,1,3
2016410072205,4,9,0,18,0,0,0,0,0,0,1,1,6,2,26,6,1995,2,4,-1,-1,-1
2016410072206,1,9,0,18,0,8,0,0,0,0,4,1,5,2,45,7,1999,1,9,6,1,6
2016410072206,2,4,0,18,0,8,0,0,0,0,3,1,5,1,47,8,395,1,2,8,2,8
2016410072354,1,5,0,18,0,4,1,0,3,4,4,1,6,1,61,9,1000,1,16,3,1,3
2016410072462,1,9,0,5,0,1,0,0,0,0,1,1,6,3,-1,-1,-1,-1,-1,9,1,9
2016410072462,2,1,0,18,0,8,0,0,0,0,4,1,4,1,12,3,-1,-1,-1,3,1,3
2016410072495,1,98,0,5,0,2,0,0,0,0,4,1,6,3,-1,-1,-1,-1,-1,-1,-1,-1
2016410072495,2,3,0,5,0,2,1,0,0,0,3,1,5,1,21,5,125,1,11,10,2,10
2016410072536,1,9,0,18,0,0,0,0,0,0,1,1,6,1,-1,-1,1598,1,11,2,1,2
2016410072536,2,9,0,3,0,0,0,0,0,0,2,1,1,1,33,6,2143,2,4,5,1,5
2016410072543,1,21,1,18,0,8,0,0,0,0,1,1,1,1,60,9,11946,2,5,7,2,7
2016410072543,2,9,0,17,0,8,0,0,1,2,2,1,5,1,62,9,1753,2,9,9,3,9
2016410072597,1,9,0,18,0,0,2,0,8,10,1,1,5,1,30,6,1596,1,13,3,1,3
2016410072633,1,3,0,18,0,0,1,0,0,0,0,1,5,1,23,5,125,1,-1,7,1,7
2016410072633,2,9,0,1,0,0,0,0,0,0,0,1,5,2,31,6,2993,2,-1,10,1,10
2016410072676,1,9,0,18,0,0,0,0,0,0,1,1,6,3,40,7,-1,-1,-1,-1,-1,-1
2016410072676,2,3,0,10,0,0,5,0,0,0,2,1,2,2,34,6,125,1,7,9,1,9
2016410072738,1,3,0,4,0,1,1,0,0,0,1,1,6,1,19,4,124,1,13,4,1,4
2016410072738,2,9,0,10,0,1,0,0,0,0,2,1,6,1,37,7,1910,2,10,4,1,4
2016410072756,1,9,0,11,0,0,0,0,0,0,1,1,5,1,23,5,1398,2,2,2,1,2
2016410072756,2,9,0,18,0,0,0,0,0,0,2,1,5,1,28,6,1956,2,5,1,1,1
2016410072852,1,9,0,18,0,0,0,0,1,0,1,1,5,1,34,6,1242,1,7,2,1,2
2016410072852,2,9,0,18,0,0,0,0,0,0,1,1,5,1,49,8,2497,2,9,6,1,6
2016410072852,3,9,0,18,0,0,0,0,0,0,1,1,5,2,46,8,2143,2,-1,2,1,2
2016410072881,1,9,0,18,0,8,0,0,0,0,1,1,1,1,49,8,998,1,6,-1,-1,-1
2016410072881,2,1,0,18,0,8,0,0,0,0,2,1,6,1,44,7,-1,-1,-1,6,1,6
2016410072892,1,9,0,16,0,4,0,0,7,2,1,1,2,2,23,5,1900,2,11,8,1,8
2016410072901,1,9,0,3,0,1,0,0,0,0,2,1,6,1,40,7,1596,1,10,4,1,4
2016410072901,2,9,0,3,0,1,0,0,0,0,1,1,6,2,20,4,998,1,14,4,1,4
2016410073009,1,9,0,9,0,2,0,0,0,0,1,1,2,2,55,8,1461,2,1,7,1,7
2016410073009,2,3,0,18,0,1,0,0,0,0,1,1,2,1,37,7,125,1,-1,5,1,5
2016410073127,1,9,0,18,0,0,0,0,0,0,1,1,6,2,34,6,1995,2,5,6,1,6
2016410073127,2,90,1,2,0,0,0,0,0,0,0,1,6,1,52,8,-1,-1,-1,5,1,5
2016410073127,3,19,0,2,0,0,0,0,0,0,0,1,6,1,27,6,2299,2,1,-1,-1,-1
2016410073180,1,9,0,18,0,0,0,0,0,0,4,1,6,1,55,8,2987,2,6,9,1,9
2016410073180,2,98,0,18,0,0,0,0,0,0,3,1,1,1,53,8,-1,-1,-1,5,1,5
2016410073186,1,9,0,18,0,0,1,0,0,0,1,1,6,1,53,8,2993,2,3,10,1,10
2016410073186,2,9,0,4,0,0,0,0,0,0,2,1,6,1,28,6,1598,2,2,3,1,3
2016410073331,1,19,0,18,0,0,0,0,0,0,1,1,6,1,-1,-1,1997,2,9,4,1,4
2016410073331,2,9,0,3,0,0,0,0,0,0,2,1,1,1,39,7,1364,1,6,6,1,6
2016410073364,1,9,0,16,0,0,2,0,1,10,1,1,2,1,24,5,1598,1,14,6,1,6
2016410073384,1,9,0,16,0,0,2,10,1,0,1,1,5,1,80,11,2980,2,21,6,1,6
2016410073405,1,9,0,18,0,0,1,0,1,7,1,1,6,2,24,5,-1,-1,-1,1,1,1
2016410073449,1,9,0,4,0,0,1,0,0,0,1,1,2,1,32,6,1242,1,8,6,1,6
2016410073449,2,9,0,4,0,0,0,0,0,0,2,1,3,2,47,8,2179,2,1,10,3,10
2016410073452,1,9,0,17,0,1,1,0,1,0,1,1,5,1,18,4,1229,1,9,10,1,10
2016410073591,1,9,0,1,5,6,0,0,0,0,2,1,6,2,80,11,1596,1,12,7,1,7
2016410074202,1,9,0,5,0,4,0,0,0,0,1,1,5,2,30,6,1364,1,1,10,1,10
2016410074202,2,1,0,4,0,8,0,0,0,0,4,1,5,1,53,8,-1,-1,-1,4,1,4
2016410074219,1,9,0,3,0,1,0,0,0,0,2,1,6,2,57,9,2231,2,8,9,1,9
2016410074219,2,9,0,5,0,1,0,0,0,0,1,1,6,1,48,8,1998,1,21,7,1,7
2016410074289,1,8,0,3,0,1,0,0,0,0,2,1,1,1,56,9,-1,-1,-1,7,1,7
2016410074289,2,9,0,4,0,1,0,0,0,0,1,1,5,2,60,9,1397,1,8,-1,-1,-1
2016410074329,1,3,0,11,0,8,0,0,0,0,1,1,5,1,22,5,124,1,4,6,1,6
2016410074329,2,9,0,18,0,8,0,0,0,0,3,1,6,1,21,5,1248,2,7,6,1,6
2016410074412,1,9,0,18,0,0,0,0,2,7,4,1,5,2,53,8,1997,1,3,9,3,9
2016410074461,1,19,0,8,0,0,0,0,0,0,1,1,1,1,60,9,2402,2,6,7,1,7
2016410074461,2,1,0,18,0,0,1,0,0,0,4,1,6,1,25,5,-1,-1,-1,6,1,6
2016410074760,1,9,0,18,0,1,0,0,0,0,4,1,6,1,80,11,1896,2,13,10,1,10
2016410074760,2,9,0,9,0,6,0,0,0,0,1,1,6,2,34,6,1490,1,10,6,1,6
2016410074778,1,9,0,12,0,0,0,0,0,0,1,1,6,2,63,9,1248,1,4,10,1,10
2016410074778,2,9,0,18,0,0,0,0,0,0,1,1,5,1,48,8,1910,2,9,6,1,6
2016410074860,1,19,0,17,0,0,0,0,0,0,1,1,5,1,53,8,1248,2,1,10,2,10
2016410074860,2,9,0,16,0,0,0,0,1,0,1,1,5,2,47,8,1598,1,10,9,1,9
2016410074961,1,9,0,9,0,3,0,0,0,0,1,1,5,2,70,10,2295,1,17,10,1,10
2016410074961,2,9,0,9,0,3,0,0,0,0,4,1,5,2,19,4,999,1,2,10,1,10
2016410075008,1,9,0,18,0,0,1,0,5,6,3,1,5,2,22,5,1598,1,2,5,2,5
2016410075014,1,1,0,16,0,0,0,0,0,0,3,1,5,2,44,7,-1,-1,-1,9,1,9
2016410075014,2,19,0,13,0,0,0,0,0,0,4,1,5,1,32,6,2402,2,10,6,3,6
2016410075031,1,9,0,12,0,0,0,0,0,0,0,1,6,1,-1,-1,1560,2,-1,1,1,1
2016410075031,2,3,0,11,0,0,0,0,0,0,1,1,6,1,41,7,124,1,1,3,1,3
2016410075031,3,9,0,18,0,0,0,0,0,0,2,1,6,1,62,9,1997,2,6,8,3,8
2016410075081,1,9,0,18,0,0,2,0,1,4,4,1,6,1,21,5,999,1,-1,3,1,3
2016410075083,1,19,0,6,0,1,2,0,7,3,4,1,6,1,29,6,2402,2,13,-1,-1,-1
2016410075109,1,98,0,15,0,0,0,0,0,0,0,1,6,1,40,7,-1,-1,-1,4,2,4
2016410075109,2,9,0,18,0,0,0,0,1,7,1,1,6,2,24,5,1299,1,14,5,1,5
2016410075214,1,9,0,13,0,1,0,0,0,0,1,1,6,3,40,7,1984,1,9,-1,-1,-1
2016410075214,2,9,0,5,0,2,0,10,8,0,2,1,6,2,18,4,1240,1,11,-1,-1,-1
2016410075264,1,9,0,9,0,1,0,0,0,0,4,1,6,1,40,7,1597,1,13,4,1,4
2016410075264,2,1,0,9,0,1,0,0,0,0,3,1,6,1,34,6,-1,-1,-1,8,1,8
2016410075266,1,9,0,12,0,0,0,0,0,0,1,1,6,3,40,7,1984,1,9,-1,-1,-1
2016410075266,2,9,0,18,0,0,0,0,0,0,1,1,6,2,56,9,2184,2,11,5,1,5
2016410075425,1,9,0,18,0,0,0,4,0,0,1,1,5,1,21,5,-1,-1,-1,7,1,7
2016410075425,2,9,0,2,0,0,0,0,0,0,2,1,6,2,40,7,1596,1,5,10,1,10
2016410075469,1,1,0,18,0,6,2,0,0,0,1,1,6,1,13,3,-1,-1,-1,-1,-1,-1
2016410075469,2,9,0,8,0,1,0,0,0,0,4,1,6,2,43,7,1499,2,-1,10,1,10
2016410075495,1,1,0,18,0,0,5,0,0,0,3,1,6,1,35,6,-1,-1,-1,9,1,9
2016410075495,2,9,0,13,0,0,0,0,0,0,4,1,2,1,23,5,1799,1,8,5,1,5
2016410075620,1,3,0,17,0,1,1,10,1,11,1,1,6,1,23,5,125,1,2,2,1,2
2016410075621,1,9,0,3,0,0,0,0,0,0,4,1,6,2,64,9,1364,1,7,4,1,4
2016410075811,1,9,0,9,0,6,0,0,0,0,1,1,5,2,27,6,1596,1,15,6,1,6
2016410075811,2,9,0,18,0,8,0,0,0,0,1,1,5,2,21,5,1242,1,9,9,1,9
2016410075892,1,9,0,13,0,0,0,0,0,0,0,1,6,1,45,7,1591,1,9,5,1,5
2016410075892,2,9,0,17,0,0,0,0,0,0,0,1,6,1,-1,-1,-1,-1,-1,-1,-1,-1
2016410075892,3,1,0,16,0,0,0,0,0,0,0,1,5,1,30,6,-1,-1,-1,3,1,3
2016410075893,1,9,0,9,0,0,0,0,0,0,3,1,6,1,44,7,1598,1,5,7,1,7
2016410075893,2,5,0,13,0,0,5,0,0,0,1,1,2,1,50,8,599,1,20,3,1,3
2016410075973,1,9,0,18,0,0,0,0,0,0,1,1,6,1,50,8,2967,2,9,6,1,6
2016410075973,2,9,0,3,0,0,0,0,0,0,2,1,6,2,38,7,1587,1,19,5,1,5
2016410075973,3,9,0,3,0,0,0,0,0,0,2,1,6,1,56,9,2198,2,8,10,1,10
2016410075973,4,9,0,3,0,0,0,0,0,0,2,1,6,1,67,10,1796,1,8,6,1,6
2016410075973,5,9,0,3,0,0,0,0,0,0,2,1,6,1,31,6,1794,1,12,3,1,3
2016410075973,6,9,0,3,0,0,0,0,0,0,2,1,6,1,66,10,1395,1,2,10,1,10
2016410076259,1,5,0,7,0,5,5,0,0,0,2,1,5,1,57,9,656,1,8,5,1,5
2016410076259,2,9,0,18,0,1,0,0,0,0,3,1,5,1,74,10,1796,1,5,5,3,5
2016410076312,1,9,0,18,0,0,0,0,0,0,1,1,1,1,64,9,-1,-1,-1,4,1,4
2016410076312,2,9,0,4,0,0,0,0,0,0,2,1,1,2,50,8,-1,-1,-1,4,1,4
2016410076312,3,9,0,4,0,0,0,0,0,0,2,1,1,1,54,8,-1,-1,-1,4,1,4
2016410076383,1,9,0,4,0,1,0,0,0,0,1,1,6,1,71,10,4293,1,12,10,2,10
2016410076383,2,9,0,4,0,1,0,0,3,0,2,1,1,2,55,8,998,1,2,10,1,10
2016410076407,1,5,0,14,0,0,0,0,0,0,1,1,2,1,53,8,996,1,16,8,1,8
2016410076407,2,9,0,9,0,0,0,0,0,0,4,1,2,2,23,5,1598,1,8,4,1,4
2016410076452,1,9,0,14,0,0,0,4,0,0,4,1,6,2,70,10,1388,1,8,9,1,9
2016410076452,2,98,0,18,0,0,0,0,0,0,0,1,6,3,-1,-1,-1,-1,-1,-1,-1,-1
2016410076452,3,9,0,2,0,0,0,0,0,0,4,1,6,3,-1,-1,1998,1,16,-1,-1,-1
2016410076510,1,9,0,3,0,1,0,0,0,0,2,1,5,1,26,6,1248,1,1,10,1,10
2016410076510,2,9,0,4,0,1,0,0,0,0,1,1,2,2,26,6,1796,1,11,-1,-1,-1
2016410076511,1,9,0,18,0,1,0,0,0,0,1,1,6,1,22,5,1595,1,13,10,3,10
2016410076511,2,9,0,4,0,1,0,0,0,0,2,1,1,1,32,6,-1,-1,-1,2,1,2
2016410076688,1,5,0,4,0,0,0,0,0,0,1,1,6,1,24,5,999,1,2,9,1,9
2016410076688,2,9,0,9,0,0,0,0,0,0,0,1,6,2,57,9,1995,2,10,7,1,7
2016410076777,1,98,0,18,0,0,0,0,1,7,4,1,1,1,54,8,-1,-1,-1,-1,-1,-1
2016410076954,1,9,0,9,0,1,0,0,0,0,1,1,5,2,76,11,1396,1,7,5,1,5
2016410076954,2,9,0,16,0,8,0,0,0,0,1,1,1,1,45,7,-1,-1,-1,-1,-1,-1
2016410076980,1,9,0,14,0,0,0,0,0,0,0,1,1,1,57,9,1968,2,3,10,1,10
2016410076980,2,1,0,18,0,0,5,10,1,0,0,1,6,1,43,7,-1,-1,-1,10,1,10
2016410076993,1,9,0,5,0,6,0,0,0,0,3,1,5,2,27,6,1242,1,6,8,3,8
2016410076993,2,1,0,18,0,1,5,0,0,0,1,1,5,1,50,8,-1,-1,-1,-1,-1,-1
2016410077039,1,9,0,18,0,1,1,0,1,2,3,1,5,1,19,4,1596,1,14,10,1,10
2016410077245,1,9,0,5,0,4,0,0,0,0,3,1,6,2,32,6,1968,2,12,6,1,6
2016410077245,2,1,0,18,0,8,5,0,0,0,1,1,5,2,57,9,-1,-1,-1,9,1,9
2016410077341,1,9,0,7,0,0,2,10,2,0,4,1,6,1,18,4,1896,2,15,8,1,8
2016410077347,1,9,0,16,0,0,5,0,0,0,0,1,2,1,22,5,1149,1,9,-1,-1,-1
2016410077347,2,9,0,17,0,0,0,0,0,0,0,1,6,3,-1,-1,-1,-1,-1,-1,-1,-1
2016410077351,1,9,0,5,0,1,0,0,0,0,1,1,6,1,28,6,-1,-1,-1,6,1,6
2016410077351,2,9,0,3,0,1,0,0,0,0,2,1,6,2,60,9,1198,1,5,6,1,6
2016410077416,1,9,0,4,0,4,0,0,0,0,1,1,5,2,23,5,1598,1,16,-1,-1,-1
2016410077416,2,9,0,4,0,4,0,0,0,0,2,1,5,2,30,6,1598,1,12,7,1,7
2016410077460,1,9,0,11,0,0,0,0,0,0,4,1,2,2,45,7,1796,1,13,6,1,6
2016410077460,2,5,0,14,0,0,1,0,0,0,3,1,2,1,63,9,649,1,10,10,1,10
2016410077460,3,20,0,3,0,0,0,0,0,0,2,1,2,1,46,8,4461,2,4,7,1,7
2016410077474,1,9,0,13,0,0,0,0,5,0,3,1,1,1,25,5,2400,2,-1,-1,-1,-1
2016410077474,2,9,0,18,0,0,0,0,0,0,3,1,5,2,71,10,1086,1,11,10,1,10
2016410077485,1,9,0,18,0,1,0,0,0,0,1,1,5,2,72,10,1560,2,7,10,1,10
2016410077485,2,9,0,4,0,1,0,0,0,0,2,1,1,1,51,8,1197,1,5,10,1,10
2016410077485,3,9,0,9,0,1,0,0,0,0,0,1,6,3,-1,-1,-1,-1,-1,-1,-1,-1
2016410077520,1,9,0,18,0,0,1,10,1,10,4,1,5,1,25,5,1796,1,18,9,1,9
2016410077570,1,9,0,9,0,6,0,0,0,0,4,1,1,1,34,6,-1,-1,-1,8,1,8
2016410077570,2,9,0,18,0,8,0,0,0,0,1,1,1,1,24,5,1598,2,2,2,1,2
2016410077576,1,9,0,7,0,8,0,0,1,0,4,1,5,3,-1,-1,-1,-1,-1,-1,-1,-1
2016410077576,2,1,0,18,4,8,0,0,1,0,1,1,2,1,37,7,-1,-1,-1,3,1,3
2016410077583,1,5,0,4,0,0,0,0,0,0,3,1,1,1,36,7,999,1,4,-1,-1,-1
2016410077583,2,9,0,4,0,0,0,0,0,0,4,1,1,1,47,8,-1,-1,-1,-1,-1,-1
2016410077614,1,9,0,18,0,1,1,0,0,0,0,1,6,2,20,4,1242,1,18,3,1,3
2016410077614,2,97,0,9,0,6,0,0,0,0,0,1,6,1,18,4,-1,-1,-1,-1,-1,-1
2016410077623,1,5,0,13,0,1,0,0,0,0,1,1,6,1,-1,-1,599,1,11,-1,-1,-1
2016410077623,2,9,0,9,0,8,0,0,0,0,3,1,5,2,74,10,998,1,14,9,1,9
2016410077630,1,9,4,18,0,1,2,0,0,0,1,1,6,1,31,6,-1,-1,-1,-1,-1,-1
2016410077630,2,9,0,10,0,1,0,0,0,0,2,1,6,2,20,4,1388,1,6,10,1,10
2016410077683,1,9,0,5,0,4,0,0,0,0,1,1,2,1,38,7,2685,2,14,4,1,4
2016410077683,2,1,0,18,0,3,5,0,0,0,4,1,4,2,18,4,-1,-1,-1,6,1,6
2016410077731,1,9,0,3,0,0,0,0,0,0,1,1,6,3,-1,-1,1990,1,11,-1,-1,-1
2016410077731,2,9,0,3,0,0,0,0,0,0,2,1,6,1,53,8,1800,1,13,5,1,5
2016410077780,1,21,0,18,0,0,0,0,0,0,1,1,1,1,21,5,12740,2,3,9,2,9
2016410077780,2,9,0,3,0,0,0,0,0,0,2,1,1,1,25,5,-1,-1,-1,-1,-1,-1
2016410077802,1,9,0,4,0,0,0,0,0,0,2,1,5,2,70,10,1400,1,10,6,2,6
2016410077802,2,8,0,18,0,0,0,0,0,0,1,1,6,1,58,9,1596,1,11,9,3,9
2016410077879,1,9,0,18,0,3,0,0,0,0,3,1,6,1,37,7,998,1,16,2,1,2
2016410077879,2,9,0,18,0,3,0,0,0,0,4,1,5,1,19,4,1600,2,6,4,1,4
2016410077939,1,9,0,18,0,8,2,0,8,6,3,1,6,1,28,6,998,1,2,10,1,10
2016410077939,2,9,0,18,0,8,0,0,0,0,2,1,5,1,61,9,1796,2,3,6,2,6
2016410077939,3,9,0,18,0,8,0,0,0,0,2,1,5,1,33,6,1995,2,5,5,1,5
2016410077979,1,19,0,3,0,0,0,0,0,0,1,1,5,1,25,5,1753,2,11,5,1,5
2016410077979,2,9,0,18,0,0,0,0,0,0,3,1,6,1,40,7,1496,2,1,-1,-1,-1
2016410077990,1,19,0,17,0,8,0,0,0,0,3,1,1,1,26,6,1995,2,3,6,1,6
2016410077990,2,1,0,17,0,8,0,0,0,0,4,1,5,1,33,6,-1,-1,-1,4,1,4
2016410078019,1,9,0,17,0,0,0,0,1,0,1,1,6,2,30,6,1349,1,7,-1,-1,-1
2016410078019,2,9,0,16,0,0,0,0,1,0,1,1,6,1,31,6,1598,2,5,10,1,10
2016410078027,1,21,1,5,0,1,0,0,0,0,1,1,1,1,27,6,12902,2,1,5,1,5
2016410078027,2,9,0,3,0,1,0,0,0,0,2,1,2,1,43,7,1686,2,5,5,1,5
2016410078039,1,21,0,18,0,0,1,0,0,0,1,1,1,1,59,9,12740,2,4,6,1,6
2016410078039,2,9,0,18,0,0,0,0,1,0,2,1,5,1,27,6,2706,1,1,10,1,10
2016410078041,1,9,0,5,0,3,0,0,0,0,1,1,6,1,77,11,1596,1,14,10,1,10
2016410078041,2,9,0,2,0,8,0,0,0,0,2,1,6,2,57,9,1242,1,3,5,1,5
2016410078041,3,9,0,2,0,8,0,0,0,0,2,1,6,1,69,10,998,1,2,9,1,9
2016410078054,1,9,0,18,0,8,0,0,0,0,3,1,5,1,22,5,1994,1,10,6,1,6
2016410078054,2,5,0,18,0,8,0,0,0,0,4,1,5,1,29,6,649,1,5,8,1,8
2016410078135,1,9,0,18,0,0,5,4,0,0,1,1,6,1,87,11,1796,1,15,10,2,10
2016410078135,2,9,0,2,0,0,0,0,0,0,2,1,6,2,55,8,1197,1,-1,7,1,7
2016410078220,1,9,0,9,0,6,0,0,0,0,1,1,6,2,55,8,996,1,2,6,1,6
2016410078220,2,9,0,5,0,1,0,0,0,0,3,1,6,1,32,6,1995,2,9,2,1,2
2016410078230,1,9,0,18,0,1,0,0,0,0,1,1,5,1,23,5,1598,1,3,6,1,6
2016410078230,2,8,0,3,0,1,0,0,0,0,2,1,1,1,55,8,1910,2,7,6,1,6
2016410078271,1,98,0,18,0,1,0,0,0,0,1,1,6,3,40,7,-1,-1,-1,-1,-1,-1
2016410078271,2,9,0,9,0,6,1,0,7,11,2,1,3,1,19,4,-1,-1,-1,10,2,10
2016410078316,1,9,0,18,0,0,0,0,0,0,0,1,6,3,-1,-1,-1,-1,-1,-1,-1,-1
2016410078405,1,9,0,18,0,1,0,0,0,0,1,1,6,3,-1,-1,-1,-1,-1,-1,-1,-1
2016410078433,1,9,0,5,0,1,0,0,0,0,3,1,2,2,35,6,-1,-1,-1,4,1,4
2016410078433,2,9,0,18,0,1,0,0,0,0,1,1,1,1,23,5,-1,-1,-1,5,1,5
2016410078452,1,9,0,5,0,0,0,0,0,0,1,1,5,1,27,6,999,1,3,7,1,7
2016410078537,1,9,0,18,0,4,0,0,0,0,1,1,5,3,-1,-1,1998,1,7,-1,-1,-1
2016410078537,2,9,0,18,0,4,1,9,8,4,2,1,5,1,21,5,3200,1,11,6,1,6
2016410078582,1,9,0,18,0,1,0,0,0,0,1,1,5,2,40,7,2401,2,14,4,1,4
2016410078582,2,8,0,3,0,1,0,0,0,0,2,1,5,1,70,10,1999,1,8,10,2,10
2016410078622,1,19,0,18,0,0,0,0,0,0,1,1,6,1,25,5,1686,2,16,6,1,6
2016410078667,1,9,0,9,0,8,0,0,0,0,2,1,5,1,59,9,-1,-1,-1,7,1,7
2016410078667,2,9,0,18,0,8,0,0,0,0,1,1,6,3,-1,-1,-1,-1,-1,-1,-1,-1
2016410078707,1,9,0,14,0,0,1,0,0,0,1,1,6,2,37,7,1686,2,6,9,3,9
2016410078740,1,20,0,18,0,4,0,0,0,0,1,1,1,1,32,6,4249,2,7,5,1,5
2016410078740,2,9,0,3,0,1,0,0,0,0,2,1,5,2,32,6,1596,1,13,6,1,6
2016410078805,1,9,0,17,0,0,2,10,2,0,4,1,5,2,18,4,1242,1,13,6,1,6
2016410078805,2,9,0,13,0,0,0,0,0,0,0,1,5,1,18,4,-1,-1,-1,10,1,10
2016410078839,1,9,0,5,0,1,0,0,0,0,1,1,5,1,90,11,1896,2,11,8,1,8
2016410078839,2,9,0,3,0,8,0,0,0,0,4,1,5,1,78,11,1753,2,12,8,2,8
2016410078866,1,9,0,4,0,0,0,0,0,0,2,1,2,1,27,6,1995,2,7,-1,-1,-1
2016410078866,2,1,0,5,0,0,5,0,0,0,1,1,5,1,48,8,-1,-1,-1,6,1,6
2016410078965,1,19,0,17,0,0,1,0,0,0,1,1,1,1,23,5,2198,2,2,5,1,5
2016410078965,2,9,0,16,0,0,0,0,0,0,1,1,5,2,24,5,1198,1,9,4,1,4
2016410078987,1,9,0,5,0,4,0,0,0,0,1,1,6,2,33,6,1598,1,9,9,1,9
2016410078987,2,1,0,18,0,8,0,0,0,0,2,1,5,1,16,4,-1,-1,-1,10,1,10
2016410078990,1,9,5,9,0,4,1,0,0,0,4,1,5,1,53,8,2179,2,2,9,2,9
2016410078990,2,5,0,18,0,4,5,7,0,0,3,1,6,1,43,7,800,1,5,5,1,5
2016410079030,1,9,0,9,0,1,0,0,0,0,3,1,6,1,30,6,1390,1,14,6,1,6
2016410079030,2,9,0,18,0,8,1,0,0,0,1,1,6,1,37,7,998,1,13,4,1,4
2016410079086,1,9,0,18,0,0,0,0,1,0,0,1,6,3,-1,-1,-1,-1,-1,-1,-1,-1
2016410079086,2,9,0,13,0,0,0,0,7,0,4,1,6,2,32,6,1956,2,5,9,3,9
2016410079233,1,9,0,12,0,0,0,0,1,0,2,1,6,1,73,10,998,1,10,-1,-1,-1
2016410079233,2,9,0,18,0,0,0,0,0,0,1,1,6,1,45,7,1388,1,5,9,2,9
2016410079233,3,9,0,3,0,0,0,0,0,0,2,1,5,1,59,9,4735,1,6,8,3,8
2016410079275,1,9,0,18,0,0,0,0,0,0,1,1,5,1,59,9,2488,1,12,6,3,6
2016410079275,2,9,0,18,0,0,0,0,0,0,2,1,2,2,17,4,998,1,9,9,2,9
2016410079278,1,1,0,18,0,0,0,0,1,0,3,1,5,1,65,9,-1,-1,-1,4,1,4
2016410079278,2,19,0,18,0,0,0,0,0,0,3,1,5,1,32,6,2198,2,3,3,1,3
2016410079292,1,9,0,16,0,8,0,0,0,0,3,1,6,1,67,10,2362,1,12,10,1,10
2016410079292,2,1,0,17,0,8,0,0,0,0,1,1,5,1,42,7,-1,-1,-1,-1,-1,-1