Accident_Index,Vehicle_Reference,Vehicle_Type,Towing_and_Articulation,Vehicle_Manoeuvre,Vehicle_Location-Restricted_Lane,Junction_Location,Skidding_and_Overturning,Hit_Object_in_Carriageway,Vehicle_Leaving_Carriageway,Hit_Object_off_Carriageway,1st_Point_of_Impact,Was_Vehicle_Left_Hand_Drive?,Journey_Purpose_of_Driver,Sex_of_Driver,Age_of_Driver,Age_Band_of_Driver,Engine_Capacity_(CC),Propulsion_Code,Age_of_Vehicle,Driver_IMD_Decile,Driver_Home_Area_Type,Vehicle_IMD_Decile
2016410091481,1,9,0,4,0,0,0,0,0,0,4,1,6,1,61,9,1360,1,13,7,1,7
2016410091481,2,4,0,15,0,0,5,0,0,0,3,1,6,1,47,8,499,1,17,-1,-1,-1
2016410091481,3,19,0,2,0,0,0,0,0,0,2,1,6,1,-1,-1,1598,2,5,-1,-1,-1
2016410091486,1,9,0,9,0,6,0,0,0,0,3,1,5,2,20,4,1390,1,4,-1,-1,-1
2016410091486,2,9,0,10,0,1,0,0,0,0,1,1,1,1,46,8,1798,8,1,3,1,3
2016410091486,3,9,0,18,0,1,0,0,0,0,1,1,5,1,37,7,1896,2,14,-1,-1,-1
2016410091505,1,9,0,16,0,0,0,0,0,0,3,1,2,1,39,7,1968,2,1,9,1,9
2016410091505,2,9,0,16,0,0,0,0,0,0,3,1,5,1,21,5,-1,-1,-1,-1,-1,-1
2016410091565,1,9,0,16,0,4,2,10,7,1,1,1,6,1,-1,-1,1299,1,18,7,1,7
2016410091613,1,9,0,18,0,0,0,0,0,0,2,1,6,1,49,8,2400,2,6,7,1,7
2016410091613,2,1,0,18,0,0,0,0,0,0,1,1,5,1,48,8,-1,-1,-1,7,1,7
2016410091688,1,9,0,18,0,2,0,0,0,0,1,1,6,1,23,5,1390,1,15,8,1,8
2016410091688,2,9,0,3,0,2,0,0,0,0,2,1,6,1,36,7,1991,1,-1,7,1,7
2016410091688,3,90,0,4,0,1,0,0,0,0,0,1,1,1,25,5,-1,-1,-1,-1,-1,-1
2016410091733,1,8,0,18,0,1,0,0,0,0,0,1,5,3,-1,-1,2499,2,7,-1,-1,-1
2016410091774,1,9,0,4,0,2,0,0,0,0,1,1,6,1,44,7,-1,-1,-1,7,1,7
2016410091774,2,9,0,3,0,2,0,0,0,0,2,1,6,1,22,5,1198,1,3,7,2,7
2016410091774,3,19,0,3,0,2,0,0,0,0,2,1,6,1,33,6,1997,2,7,10,2,10
2016410091781,1,9,0,18,0,1,0,0,0,0,1,1,6,1,72,10,2496,1,14,10,1,10
2016410091781,2,1,0,18,0,8,0,0,0,0,2,1,5,1,17,4,-1,-1,-1,6,1,6
2016410091817,1,9,0,18,0,0,0,0,0,0,0,1,6,1,27,6,1598,1,13,9,1,9
2016410091817,2,9,0,18,0,0,0,0,0,0,0,1,6,3,-1,-1,-1,-1,-1,-1,-1,-1
2016410091877,1,9,0,17,0,0,1,0,0,0,1,1,2,1,23,5,2993,2,12,-1,-1,-1
2016410091877,2,9,0,5,0,0,1,0,0,0,1,1,2,1,60,9,1461,2,1,4,1,4
2016410091877,3,9,0,18,0,0,0,0,0,0,1,1,5,1,38,7,1598,1,9,4,1,4
2016410091917,1,9,0,18,0,7,0,0,0,0,1,1,5,2,35,6,1242,1,16,6,2,6
2016410091917,2,9,0,4,0,7,0,0,0,0,2,1,2,1,29,6,1997,1,12,-1,-1,-1
2016410091917,3,9,0,4,0,7,0,0,0,0,2,1,1,1,60,9,2143,2,1,10,2,10
2016410092004,1,3,0,18,0,2,0,0,0,0,1,1,2,1,18,4,124,1,11,6,1,6
2016410092004,2,1,0,5,0,2,0,0,0,0,3,1,5,2,11,3,-1,-1,-1,8,1,8
2016410092004,3,9,0,3,0,2,0,0,0,0,2,1,2,1,33,6,1896,2,10,2,1,2
2016410092010,1,9,0,18,0,1,1,0,0,0,1,1,6,1,-1,-1,1339,8,8,-1,-1,-1
2016410092010,2,1,0,18,0,1,1,0,0,0,3,1,2,2,16,4,-1,-1,-1,6,1,6
2016410092058,1,9,0,18,0,2,0,0,0,0,1,1,6,3,-1,-1,-1,-1,-1,-1,-1,-1
2016410092058,2,9,0,4,0,1,0,0,0,0,0,1,6,3,-1,-1,-1,-1,-1,-1,-1,-1
2016410092067,1,9,0,9,0,8,0,0,0,0,1,1,2,2,45,7,1598,1,11,5,1,5
2016410092067,2,9,0,18,0,1,1,0,0,0,1,1,5,2,34,6,1299,1,12,5,1,5
2016410092102,1,9,0,11,0,3,0,0,0,0,2,1,5,1,37,7,2776,2,10,3,1,3
2016410092102,2,9,0,18,0,8,0,0,0,0,1,1,2,2,29,6,1995,2,1,3,1,3
2016410092120,1,3,0,18,0,0,0,0,0,0,3,1,5,1,-1,-1,124,1,-1,-1,-1,-1
2016410092120,2,9,0,13,0,0,0,0,0,0,4,1,5,2,52,8,1198,1,2,9,1,9
2016410092129,1,9,0,5,0,0,0,4,7,11,1,1,5,1,47,8,1598,1,15,4,1,4
2016410092129,2,9,0,2,0,0,0,0,1,0,3,1,6,2,23,5,1388,1,9,4,1,4
2016410092208,1,3,0,13,0,1,5,0,7,0,4,1,6,1,39,7,124,1,1,10,1,10
2016410092208,2,21,5,9,0,1,0,0,0,0,3,1,1,1,47,8,6370,2,9,7,1,7
2016410092480,1,4,0,17,0,1,1,0,7,0,1,1,1,1,36,7,1170,1,4,3,1,3
2016410092494,1,9,0,4,0,1,0,0,0,0,1,1,6,3,-1,-1,-1,-1,-1,-1,-1,-1
2016410092513,1,9,0,18,0,0,1,0,0,0,1,1,6,1,22,5,1598,1,3,3,1,3
2016410092513,2,9,0,18,0,0,5,0,2,0,2,1,6,1,27,6,-1,-1,-1,5,1,5
2016410092518,1,9,0,9,0,8,0,0,0,0,1,1,6,2,63,9,1149,1,8,6,1,6
2016410092607,1,9,0,9,0,8,0,0,0,0,3,1,5,1,56,9,998,1,1,-1,-1,-1
2016410092607,2,9,0,18,0,3,5,0,0,0,4,1,2,1,32,6,698,1,11,-1,-1,-1
2016410092730,1,9,0,18,0,0,0,0,0,0,4,1,6,3,-1,-1,-1,-1,-1,-1,-1,-1
2016410092730,2,16,0,18,0,0,0,0,0,0,4,1,5,2,19,4,-1,-1,-1,10,1,10
2016410092781,1,9,0,1,0,0,0,0,0,0,2,1,5,1,34,6,1896,2,13,7,1,7
2016410092781,2,1,0,3,0,0,0,0,0,0,1,1,5,1,62,9,-1,-1,-1,5,1,5
2016410092956,1,9,0,18,0,0,0,0,0,0,4,1,6,1,23,5,1968,1,9,6,1,6
2016410092956,2,5,0,18,0,0,0,0,0,0,1,1,6,1,40,7,998,1,12,7,1,7
2016410092967,1,9,0,4,0,0,0,0,0,0,2,1,5,1,19,4,1368,1,9,6,1,6
2016410092967,2,19,0,4,0,0,0,0,0,0,2,1,2,1,26,6,1995,2,6,5,1,5
2016410092967,3,9,0,4,0,0,1,0,0,0,1,1,2,1,67,10,2987,2,1,8,1,8
2016410092979,1,98,0,9,9,4,0,0,7,0,1,1,6,2,39,7,-1,-1,-1,6,1,6
2016410092989,1,9,0,18,0,0,0,0,0,0,1,1,6,1,75,10,1997,1,8,7,1,7
2016410092989,2,9,0,4,0,0,0,0,0,0,2,1,1,1,53,8,1998,2,2,4,1,4
2016410092989,3,9,0,4,0,0,0,0,0,0,2,1,6,1,38,7,1998,1,14,-1,-1,-1
2016410093105,1,98,0,18,0,1,0,0,0,0,1,1,1,1,-1,-1,-1,-1,-1,-1,-1,-1
2016410093105,2,9,0,3,0,1,0,0,0,0,2,1,2,2,34,6,1299,1,13,4,1,4
2016410093156,1,90,0,7,0,8,0,0,0,0,1,1,1,1,47,8,12740,2,2,4,1,4
2016410093156,2,3,0,14,0,1,0,0,0,0,1,1,2,1,25,5,124,1,3,1,1,1
2016410093156,3,19,0,3,0,1,0,0,0,0,0,1,6,1,-1,-1,2143,2,4,-1,-1,-1
2016410093161,1,9,0,8,0,1,0,0,0,0,4,1,6,2,47,8,1598,2,5,8,2,8
2016410093161,2,1,0,18,9,8,0,0,0,0,1,1,6,1,39,7,-1,-1,-1,5,1,5
2016410093164,1,9,0,18,0,0,0,0,0,0,1,1,6,1,21,5,1995,2,4,3,1,3
2016410093164,2,9,0,18,0,0,0,0,0,0,2,1,1,1,55,8,3628,2,8,2,1,2
2016410093181,1,21,0,18,0,0,0,0,0,0,1,1,6,1,-1,-1,8867,2,8,-1,-1,-1
2016410093181,2,9,0,18,0,0,0,0,0,0,2,1,6,2,32,6,1586,1,2,6,1,6
2016410093223,1,9,0,18,0,3,0,0,0,0,4,1,6,2,35,6,1896,2,9,4,1,4
2016410093223,2,9,0,18,0,3,0,0,1,2,3,1,6,1,27,6,1396,1,17,4,1,4
2016410093244,1,9,0,18,0,0,0,0,0,0,1,1,5,2,56,9,1796,1,12,-1,-1,-1
2016410093244,2,9,0,18,0,0,0,0,0,0,1,1,5,1,18,4,1229,1,11,4,1,4
2016410093260,1,3,0,16,0,0,1,0,8,1,1,1,6,1,18,4,124,1,8,7,2,7
2016410093272,1,9,0,6,0,0,0,0,0,0,3,1,6,2,36,7,1496,2,1,9,1,9
2016410093272,2,5,0,18,0,0,1,0,0,0,1,1,6,1,63,9,885,1,23,9,1,9
2016410093321,1,9,0,3,0,1,0,0,0,0,1,1,5,1,87,11,1596,1,11,10,1,10
2016410093321,2,9,0,4,0,8,0,0,0,0,4,1,5,2,72,10,1590,1,11,8,1,8
2016410093327,1,9,0,18,0,0,1,0,0,0,1,1,2,2,61,9,1797,8,6,5,1,5
2016410093327,2,9,0,18,0,0,0,0,1,0,3,1,5,1,31,6,1796,1,15,5,1,5
2016410093335,1,9,0,9,0,1,0,0,0,0,1,1,2,1,63,9,1497,8,-1,4,1,4
2016410093335,2,8,0,18,0,8,0,0,0,0,4,1,2,1,50,8,1560,2,7,4,1,4
2016410093352,1,9,0,5,0,6,0,0,0,0,3,1,6,2,54,8,1995,2,-1,10,2,10
2016410093352,2,1,0,18,0,8,5,0,0,0,1,1,2,1,44,7,-1,-1,-1,10,1,10
2016410093374,1,9,0,16,0,0,2,0,5,6,1,1,5,2,47,8,1229,1,3,4,1,4
2016410093436,1,9,0,6,0,1,0,0,0,0,4,1,2,2,21,5,-1,-1,-1,10,1,10
2016410093476,1,9,0,18,0,0,0,0,0,0,1,1,6,1,64,9,1461,2,1,-1,3,-1
2016410093476,2,9,0,3,0,0,0,0,0,0,2,1,5,2,51,8,1995,2,4,8,1,8
2016410093482,1,9,0,18,0,0,0,0,0,0,1,1,2,1,61,9,2698,2,9,-1,-1,-1
2016410093482,2,9,0,4,0,0,0,0,0,0,2,1,2,2,49,8,1242,1,8,8,1,8
2016410093482,3,9,0,4,0,0,0,0,0,0,2,1,2,2,42,7,1598,1,4,6,3,6
2016410093488,1,9,0,18,0,2,0,0,0,0,1,1,5,2,61,9,1399,2,9,3,1,3
2016410093488,2,9,0,18,0,1,0,0,0,0,3,1,5,1,27,6,1490,1,10,6,1,6
2016410093488,3,9,0,9,0,5,0,0,0,0,0,1,5,1,20,4,1242,1,8,8,3,8
2016410093525,1,9,0,18,0,0,0,0,7,1,1,1,6,2,36,7,1995,2,-1,4,1,4
2016410093525,2,-1,0,18,0,0,0,0,0,0,0,1,6,3,-1,-1,-1,-1,-1,-1,-1,-1
2016410093558,1,90,1,18,0,8,0,0,0,0,1,1,1,1,30,6,-1,-1,-1,9,1,9
2016410093558,2,9,0,9,0,8,0,0,0,0,1,1,2,1,70,10,1753,2,7,4,1,4
2016410093598,1,9,0,18,0,8,0,0,0,0,1,1,5,1,33,6,1598,2,1,10,1,10
2016410093598,2,9,0,18,0,8,0,0,7,3,4,1,2,1,45,7,1598,1,11,3,1,3
2016410093646,1,9,0,18,0,4,0,0,0,0,3,1,2,2,51,8,1995,2,6,10,1,10
2016410093646,2,1,0,17,0,8,5,0,0,0,1,1,2,1,32,6,-1,-1,-1,9,1,9
2016410093825,1,9,0,18,0,0,0,0,0,0,1,1,6,3,-1,-1,-1,-1,-1,-1,-1,-1
2016410093825,2,9,0,18,0,0,0,0,0,0,2,1,5,1,18,4,1229,1,9,8,3,8
2016410093825,3,9,0,18,0,0,0,0,0,0,2,1,1,2,25,5,1398,1,1,1,1,1
2016410093825,4,9,0,18,0,0,0,0,0,0,1,1,6,1,55,8,1461,2,1,6,1,6
2016410094161,1,9,0,13,0,0,1,0,0,0,4,1,2,1,52,8,998,1,9,6,1,6
2016410094161,2,19,0,18,0,0,1,0,0,0,3,1,1,1,54,8,1598,2,2,4,1,4
2016410094275,1,9,0,9,0,2,0,0,0,0,3,1,5,2,81,11,1242,1,7,10,1,10
2016410094275,2,1,0,18,0,1,0,0,0,0,1,1,5,1,55,8,-1,-1,-1,9,1,9
2016410094328,1,9,0,18,0,3,0,0,0,0,2,1,5,2,29,6,1956,2,6,9,1,9
2016410094328,2,5,0,18,0,3,0,0,0,0,1,1,6,1,33,6,1255,1,1,7,1,7
2016410094366,1,5,0,18,0,0,2,0,7,0,1,1,6,1,31,6,599,1,6,9,1,9
2016410094397,1,9,0,18,0,0,0,0,0,0,1,1,6,3,-1,-1,-1,-1,-1,-1,-1,-1
2016410094464,1,9,0,13,0,0,1,0,8,4,1,1,5,1,44,7,1985,1,12,3,1,3
2016410094464,2,9,0,16,0,0,0,0,0,0,0,1,5,2,19,4,1999,1,9,4,2,4
2016410094657,1,9,0,18,0,1,0,0,0,0,1,1,6,1,45,7,1796,1,13,6,1,6
2016410094657,2,9,0,10,0,1,0,0,0,0,2,1,6,1,78,11,1753,2,9,3,1,3
2016410094677,1,9,0,18,0,2,0,0,0,0,1,1,6,2,62,9,1598,1,4,6,1,6
2016410094720,1,10,0,9,0,2,0,0,0,0,1,1,6,1,40,7,2464,2,9,3,1,3
2016410094720,2,9,0,3,0,8,0,0,0,0,3,1,5,2,40,7,1896,2,11,10,1,10
2016410094729,1,9,0,18,0,0,0,0,0,0,1,1,6,2,41,7,1598,1,13,6,1,6
2016410094729,2,9,0,18,0,0,0,0,0,0,2,1,2,1,44,7,1796,1,5,4,1,4
2016410094808,1,9,0,9,0,8,0,0,0,0,3,1,6,1,42,7,2179,2,1,7,1,7
2016410094808,2,3,0,18,0,1,5,0,0,0,1,1,6,1,20,4,124,1,6,4,1,4
2016410094847,1,9,0,17,0,0,1,0,1,0,1,1,6,3,-1,-1,1968,2,6,-1,-1,-1
2016410094912,1,9,0,18,0,8,0,0,0,0,1,1,6,1,-1,-1,2000,1,9,-1,-1,-1
2016410094912,2,9,0,9,0,2,0,0,0,0,3,1,6,2,63,9,1598,1,13,10,1,10
2016410094912,3,98,0,3,0,8,0,0,0,0,3,1,6,3,-1,-1,-1,-1,-1,-1,-1,-1
2016410095067,1,9,0,4,0,1,0,0,0,0,2,1,5,1,64,9,1248,2,7,9,1,9
2016410095067,2,9,0,4,0,1,0,0,0,0,1,1,5,2,35,6,1753,2,10,5,1,5
2016410095121,1,9,0,17,0,0,0,0,7,0,1,1,2,1,23,5,1364,1,12,5,1,5
2016410095121,2,9,0,18,0,0,0,0,0,0,1,1,2,1,44,7,-1,-1,-1,7,3,7
2016410095138,1,19,0,1,0,0,0,0,0,0,2,1,1,1,48,8,1968,2,2,9,1,9
2016410095167,1,9,0,4,0,0,0,0,0,0,1,1,5,2,28,6,1956,2,3,7,1,7
2016410095167,2,9,0,4,0,0,0,0,0,0,2,1,5,1,31,6,1198,1,10,-1,-1,-1
2016410095167,3,9,0,4,0,0,0,0,0,0,1,1,5,2,29,6,-1,-1,-1,5,3,5
2016410095167,4,9,0,4,0,0,0,0,0,0,2,1,5,1,35,6,1997,2,4,8,1,8
2016410095271,1,9,0,9,0,8,0,0,0,0,1,1,6,1,27,6,1149,1,6,6,1,6
2016410095271,2,9,0,9,0,1,0,0,0,0,1,1,1,1,43,7,2199,2,4,10,1,10
2016410095271,3,9,0,4,0,1,0,0,0,0,3,1,1,2,44,7,1386,1,5,8,1,8
2016410095280,1,9,0,7,0,6,0,0,0,0,3,1,1,1,44,7,1798,1,7,6,1,6
2016410095280,2,1,0,18,0,8,0,0,0,0,1,1,6,1,57,9,-1,-1,-1,2,1,2
2016410095354,1,9,0,9,0,1,0,0,0,0,1,1,6,1,-1,-1,1497,8,10,10,1,10
2016410095354,2,1,0,18,0,1,5,0,0,0,4,1,2,1,40,7,-1,-1,-1,8,1,8
2016410095370,1,9,0,18,0,8,0,0,0,0,1,1,6,1,-1,-1,-1,-1,-1,-1,-1,-1
2016410095370,2,9,0,16,0,3,0,0,0,0,3,1,3,2,28,6,-1,-1,-1,10,1,10
2016410095410,1,3,0,18,0,8,2,0,0,0,1,1,2,1,26,6,124,1,1,-1,-1,-1
2016410095410,2,9,0,4,0,8,0,0,0,0,3,1,1,1,52,8,-1,-1,-1,9,1,9
2016410095503,1,9,0,5,0,8,0,0,0,0,4,1,1,1,38,7,3436,1,7,4,1,4
2016410095503,2,5,0,18,0,8,0,0,0,0,1,1,6,1,57,9,1255,1,9,10,1,10
2016410095503,3,5,0,18,0,8,0,0,0,0,3,1,6,1,49,8,798,1,22,9,1,9
2016410095521,1,9,0,1,0,0,0,0,0,0,2,1,6,1,42,7,1339,1,14,1,1,1
2016410095599,1,9,0,18,0,0,0,0,0,0,1,1,1,1,60,9,-1,-1,-1,1,1,1
2016410095599,2,98,4,12,0,0,0,0,0,0,4,1,6,3,-1,-1,-1,-1,-1,-1,-1,-1
2016410095609,1,9,0,18,0,0,0,0,0,0,1,1,6,3,-1,-1,-1,-1,-1,-1,-1,-1
2016410095642,1,16,0,15,0,1,0,0,0,0,0,1,6,2,17,4,-1,-1,-1,9,1,9
2016410095642,2,9,0,15,0,1,0,0,0,0,4,1,2,1,65,9,1998,2,10,7,1,7
2016410095652,1,9,0,14,0,0,0,0,0,0,3,1,6,1,-1,-1,1596,1,12,-1,-1,-1
2016410095652,2,9,0,18,0,0,0,0,0,0,3,1,5,1,46,8,-1,-1,-1,9,2,9
2016410095656,1,9,0,18,0,0,1,0,5,6,1,1,5,1,25,5,1229,1,12,5,1,5
2016410095656,2,21,1,18,0,0,0,0,0,0,3,1,1,1,59,9,11946,2,3,2,1,2
2016410095679,1,9,0,18,0,0,0,7,0,0,1,1,2,1,29,6,2143,2,3,10,1,10
2016410095704,1,1,0,18,0,0,0,4,0,0,1,1,5,1,68,10,-1,-1,-1,5,3,5
2016410095704,2,21,0,2,0,0,0,0,0,0,2,1,1,1,44,7,5880,2,11,6,1,6
2016410095705,1,9,0,3,0,1,0,0,0,0,2,1,1,2,26,6,1399,2,4,2,1,2
2016410095705,2,98,0,4,0,1,0,0,0,0,1,1,6,3,-1,-1,-1,-1,-1,-1,-1,-1
2016410095707,1,9,0,11,0,3,0,0,1,2,4,1,6,2,23,5,1598,1,11,1,1,1
2016410095707,2,9,0,17,0,8,0,0,1,0,1,2,6,1,52,8,-1,-1,-1,-1,-1,-1
2016410095787,1,9,0,18,0,1,0,0,0,0,1,1,6,3,-1,-1,-1,-1,-1,-1,-1,-1
2016410095787,2,23,0,18,0,1,0,0,0,0,3,1,6,2,56,9,-1,-1,-1,5,1,5
2016410095788,1,3,0,13,0,8,0,0,0,0,4,1,6,1,22,5,-1,-1,-1,7,1,7
2016410095788,2,9,0,9,0,5,0,0,0,0,3,1,6,2,28,6,1229,1,1,10,1,10
2016410095821,1,9,0,10,0,1,0,0,0,0,2,1,3,1,41,7,1422,2,9,4,1,4
2016410095821,2,19,0,4,0,1,0,0,0,0,1,1,1,1,53,8,2143,2,1,3,1,3
2016410095826,1,9,0,9,0,8,0,0,0,0,3,1,5,1,70,10,1598,2,1,7,3,7
2016410095826,2,5,0,18,0,1,0,0,0,0,3,1,5,1,40,7,999,1,9,9,1,9
2016410095918,1,9,0,18,0,0,0,0,0,0,1,1,5,2,20,4,1242,1,13,10,1,10
2016410095942,1,9,0,18,0,0,0,0,0,0,1,1,2,1,20,4,1242,1,1,7,1,7
2016410095942,2,9,0,18,0,0,0,0,0,0,2,1,6,1,21,5,1124,1,15,1,1,1
2016410095942,3,9,0,18,0,0,0,0,0,0,1,1,6,2,53,8,1329,1,4,7,1,7
2016410095942,4,9,0,18,0,0,0,0,0,0,1,1,6,2,26,6,1461,2,1,-1,-1,-1
2016410095942,5,5,0,18,0,0,5,0,0,0,1,1,5,1,40,7,998,1,9,3,1,3
2016410095958,1,9,0,7,0,0,0,0,0,0,3,1,5,2,-1,-1,1398,1,6,-1,-1,-1
2016410095958,2,9,0,18,0,0,0,0,0,0,2,1,5,1,-1,-1,-1,-1,-1,5,1,5
2016410095958,3,9,0,18,0,0,0,0,0,0,1,1,5,2,44,7,1560,2,2,5,1,5
2016410095981,1,8,0,18,0,1,0,0,0,0,1,1,2,1,26,6,-1,-1,-1,6,1,6
2016410095981,2,9,0,3,0,1,0,0,0,0,2,1,2,2,28,6,1242,1,2,-1,-1,-1
2016410096036,1,9,0,18,9,6,0,0,0,0,4,1,5,2,29,6,998,1,1,10,1,10
2016410096036,2,1,0,18,9,8,0,0,0,0,1,1,5,1,26,6,-1,-1,-1,-1,-1,-1
2016410096143,1,9,0,9,0,1,0,0,0,0,1,1,6,1,33,6,1598,1,8,4,1,4
2016410096143,2,5,0,18,0,1,0,0,0,0,1,1,6,1,57,9,750,1,25,7,1,7
2016410096175,1,9,0,18,0,0,0,0,0,0,0,1,6,1,62,9,1364,1,1,3,1,3
2016410096179,1,11,0,4,0,0,0,0,0,0,0,1,1,3,-1,-1,-1,-1,-1,-1,-1,-1
2016410096241,1,9,0,14,0,1,0,0,0,0,4,1,5,2,68,10,1596,1,4,4,1,4
2016410096241,2,9,0,10,0,1,0,0,0,0,3,1,5,1,44,7,2993,2,10,5,1,5
2016410096267,1,9,0,14,0,0,0,4,0,0,1,1,5,1,67,10,4511,1,12,8,1,8
2016410096267,2,9,0,2,0,0,0,0,0,0,3,1,6,3,-1,-1,-1,-1,-1,-1,-1,-1
2016410096267,3,98,0,2,0,0,0,0,0,0,0,1,6,3,-1,-1,-1,-1,-1,-1,-1,-1
2016410096293,1,9,0,18,0,0,0,0,0,0,1,1,6,1,28,6,3498,1,6,9,1,9
2016410096293,2,9,0,7,0,0,0,0,0,0,2,1,5,1,37,7,1968,2,2,-1,-1,-1
2016410096302,1,9,0,9,0,1,0,0,7,10,3,1,6,2,44,7,1299,1,15,10,1,10
2016410096302,2,90,0,18,0,1,1,0,0,0,1,1,1,1,33,6,2299,2,1,6,1,6
2016410096316,1,5,0,13,0,0,0,0,0,0,1,1,2,1,35,6,1352,1,10,8,1,8
2016410096316,2,9,0,9,0,0,0,0,0,0,3,1,2,2,27,6,999,1,5,5,1,5
2016410096327,1,9,0,18,0,1,0,10,0,0,1,1,5,1,57,9,1995,2,2,10,3,10
2016410096336,1,9,0,18,0,8,0,0,0,0,1,1,5,1,73,10,1386,1,7,9,1,9
2016410096336,2,9,0,9,0,8,0,0,0,0,4,1,5,1,-1,-1,5000,1,3,4,1,4
2016410096347,1,9,0,18,0,0,0,0,1,3,1,1,5,2,45,7,998,1,4,10,1,10
2016410096376,1,9,0,18,0,7,0,0,2,6,1,1,5,2,23,5,1596,1,15,3,1,3
2016410096376,2,9,0,18,0,7,0,0,0,0,4,1,5,1,50,8,2987,2,9,-1,-1,-1
2016410096412,1,9,0,14,0,0,0,0,0,0,1,1,6,1,37,7,1995,2,5,5,1,5
2016410096412,2,3,0,16,0,0,5,0,7,0,1,1,6,1,17,4,125,1,15,3,1,3
2016410096412,3,9,0,2,9,0,0,0,0,0,2,1,6,3,-1,-1,-1,-1,-1,-1,-1,-1
2016410096412,4,9,0,2,0,0,0,0,0,0,1,1,6,3,-1,-1,-1,-1,-1,-1,-1,-1
2016410096415,1,9,0,13,0,1,0,0,7,9,1,1,6,1,45,7,3200,1,15,9,3,9
2016410096415,2,9,0,9,0,1,0,0,0,0,3,1,6,2,35,6,998,1,1,-1,-1,-1
2016410096424,1,9,0,12,0,0,0,0,0,0,1,1,6,1,19,4,1587,1,16,10,1,10
2016410096424,2,19,0,18,0,0,0,0,1,0,3,1,6,1,47,8,2198,2,1,6,3,6
2016410096454,1,5,0,18,0,0,5,10,1,10,4,1,1,1,26,6,660,1,-1,6,1,6
2016410096482,1,9,0,16,0,0,0,4,0,0,4,1,1,1,62,9,-1,-1,-1,2,1,2
2016410096482,2,9,0,2,0,0,0,0,0,0,3,1,6,3,-1,-1,-1,-1,-1,-1,-1,-1
2016410096567,1,9,0,18,0,1,0,0,0,0,3,1,6,1,59,9,2198,2,10,5,1,5
2016410096567,2,9,0,18,0,2,5,0,0,0,3,1,6,1,54,8,4367,2,5,9,2,9
2016410096577,1,9,0,9,0,4,0,0,0,0,3,1,6,2,50,8,2362,1,12,9,1,9
2016410096577,2,1,0,9,0,4,0,0,0,0,1,1,6,1,51,8,-1,-1,-1,10,1,10
2016410096608,1,9,0,18,0,4,0,0,0,0,1,1,5,1,-1,-1,1896,2,16,9,3,9
2016410096608,2,9,0,9,0,4,0,0,0,0,3,1,5,1,82,11,1339,1,9,8,1,8
2016410096616,1,9,0,18,0,0,0,0,0,0,1,1,6,1,-1,-1,-1,-1,-1,-1,-1,-1
2016410096652,1,9,0,4,0,0,0,0,0,0,1,1,5,2,52,8,1998,1,14,3,1,3
2016410096652,2,9,0,4,0,0,0,0,0,0,2,1,5,2,53,8,1991,2,8,9,1,9
2016410096652,3,19,0,4,0,0,0,0,0,0,2,1,6,1,24,5,1560,2,2,1,1,1
2016410096652,4,9,0,4,0,0,0,0,0,0,2,1,6,1,54,8,1461,2,2,7,2,7
2016410096682,1,9,0,5,0,0,5,4,0,0,3,1,5,1,31,6,1364,1,6,10,1,10
2016410096682,2,9,0,2,0,0,0,0,0,0,3,1,6,3,-1,-1,2143,2,-1,-1,-1,-1
2016410096689,1,9,0,4,0,0,0,0,0,0,1,1,5,2,23,5,1198,1,4,2,1,2
2016410096689,2,9,0,3,0,0,0,0,0,0,2,1,5,1,21,5,2993,2,7,3,1,3
2016410096689,3,9,0,4,0,0,0,0,0,0,1,1,5,1,60,9,2143,2,3,4,1,4
2016410096754,1,9,0,18,0,0,0,4,0,0,1,1,1,2,54,8,1598,1,18,8,1,8
2016410096754,2,19,0,2,0,0,0,0,0,0,2,1,6,1,23,5,2143,2,2,7,1,7
2016410096797,1,9,0,4,0,1,0,0,0,0,1,1,6,1,-1,-1,1984,1,14,6,1,6
2016410096797,2,9,0,3,0,1,0,0,0,0,2,1,2,2,49,8,1388,1,12,6,1,6
2016410096804,1,9,0,9,0,6,0,0,0,0,3,1,1,2,42,7,1679,1,16,10,1,10
2016410096804,2,1,0,18,0,8,0,0,0,0,1,1,2,1,33,6,-1,-1,-1,9,1,9
2016410096818,1,9,0,18,0,0,0,0,0,0,1,1,2,1,29,6,1149,1,10,-1,-1,-1
2016410096818,2,9,0,18,0,0,0,0,4,6,2,1,2,2,54,8,2401,2,12,9,3,9
2016410096823,1,3,0,18,0,0,5,0,0,0,3,1,6,1,23,5,124,1,6,4,1,4
2016410096823,2,9,0,12,0,0,0,0,0,0,2,1,6,1,23,5,1968,2,9,6,1,6
2016410096844,1,9,0,5,0,1,0,0,0,0,1,1,2,1,40,7,1598,1,9,8,1,8
2016410096844,2,1,0,18,0,6,0,0,0,0,3,1,2,2,46,8,-1,-1,-1,6,1,6
2016410096896,1,5,0,13,0,1,2,0,7,0,4,1,2,1,40,7,-1,-1,-1,8,1,8
2016410096896,2,9,0,9,0,5,0,0,7,0,3,1,6,2,42,7,1998,1,10,5,1,5
2016410096908,1,9,0,4,0,8,0,0,0,0,4,1,3,2,30,6,1598,1,5,10,1,10
2016410096908,2,1,0,18,0,8,0,0,0,0,3,1,6,1,40,7,-1,-1,-1,4,1,4