Accident_Index,Vehicle_Reference,Vehicle_Type,Towing_and_Articulation,Vehicle_Manoeuvre,Vehicle_Location-Restricted_Lane,Junction_Location,Skidding_and_Overturning,Hit_Object_in_Carriageway,Vehicle_Leaving_Carriageway,Hit_Object_off_Carriageway,1st_Point_of_Impact,Was_Vehicle_Left_Hand_Drive?,Journey_Purpose_of_Driver,Sex_of_Driver,Age_of_Driver,Age_Band_of_Driver,Engine_Capacity_(CC),Propulsion_Code,Age_of_Vehicle,Driver_IMD_Decile,Driver_Home_Area_Type,Vehicle_IMD_Decile
2016410096915,1,9,0,3,0,0,0,0,0,0,1,1,2,1,22,5,998,1,-1,-1,-1,-1
2016410096915,2,9,0,3,0,0,0,0,0,0,2,1,3,1,46,8,999,1,7,-1,-1,-1
2016410096930,1,90,0,13,0,0,0,0,0,0,4,1,6,1,43,7,-1,-1,-1,8,1,8
2016410096930,2,1,0,18,0,0,0,0,1,0,3,1,2,1,35,6,-1,-1,-1,8,3,8
2016410096935,1,9,0,7,0,6,0,0,0,0,1,1,6,2,46,8,1124,1,10,3,1,3
2016410096935,2,1,0,18,0,1,5,0,0,0,4,1,6,2,44,7,-1,-1,-1,6,1,6
2016410096964,1,9,0,9,0,6,0,0,0,0,1,1,6,1,27,6,1995,1,10,7,1,7
2016410096964,2,1,0,18,0,1,5,0,0,0,3,1,6,1,53,8,-1,-1,-1,10,1,10
2016410096972,1,9,0,18,0,1,0,0,0,0,1,1,2,2,54,8,1242,1,1,8,1,8
2016410096972,2,9,0,4,0,1,0,0,0,0,2,1,2,2,41,7,1598,1,3,10,1,10
2016410096977,1,9,0,9,0,4,0,0,0,0,3,1,2,1,70,10,1395,1,3,-1,-1,-1
2016410096977,2,1,0,18,0,8,0,0,0,0,1,1,5,1,18,4,-1,-1,-1,5,1,5
2016410096983,1,9,0,5,0,0,0,0,0,0,1,1,2,2,33,6,1598,1,10,7,1,7
2016410096983,2,9,0,3,0,0,0,0,0,0,2,1,2,2,30,6,1796,1,16,5,1,5
2016410097012,1,9,0,9,0,8,0,0,0,0,1,1,6,2,28,6,1968,2,-1,10,1,10
2016410097012,2,5,0,18,0,1,0,0,0,0,4,1,6,1,27,6,998,1,10,4,1,4
2016410097052,1,9,0,7,0,6,0,0,0,0,1,1,6,1,42,7,1685,2,-1,6,1,6
2016410097052,2,1,0,18,0,8,0,0,0,0,4,1,6,1,44,7,-1,-1,-1,10,1,10
2016410097084,1,9,0,18,0,0,0,0,1,0,1,1,5,2,79,11,999,1,9,10,1,10
2016410097084,2,9,0,2,0,0,0,0,0,0,2,1,6,3,-1,-1,-1,-1,-1,-1,-1,-1
2016410097092,1,21,1,11,0,0,0,0,0,0,4,1,1,1,49,8,10308,2,3,5,1,5
2016410097092,2,9,0,15,0,0,1,0,0,0,3,1,6,1,44,7,1598,1,6,5,1,5
2016410097179,1,9,0,7,0,8,0,0,0,0,3,1,6,1,-1,-1,-1,-1,-1,-1,-1,-1
2016410097179,2,1,0,18,0,1,5,0,0,0,3,1,6,1,34,6,-1,-1,-1,8,1,8
2016410097185,1,9,0,16,0,0,1,7,7,7,1,1,6,1,18,4,-1,-1,-1,10,1,10
2016410097343,1,9,0,4,0,0,0,0,0,0,1,1,6,2,34,6,1896,2,9,9,1,9
2016410097343,2,9,0,4,0,0,0,0,0,0,2,1,6,2,54,8,1242,1,12,8,3,8
2016410097343,3,9,0,4,0,0,0,0,0,0,2,1,6,2,29,6,1995,2,9,7,3,7
2016410097350,1,2,0,18,0,4,1,0,0,0,1,1,5,1,18,4,49,1,15,7,1,7
2016410097350,2,9,0,9,0,4,0,0,0,0,3,1,6,2,50,8,1242,1,12,6,1,6
2016410097356,1,9,0,3,0,0,0,0,0,0,1,1,5,2,38,7,998,1,7,-1,-1,-1
2016410097356,2,90,0,18,0,0,0,0,0,0,1,1,6,1,14,3,-1,-1,-1,7,1,7
2016410097461,1,9,0,5,0,2,0,0,0,0,1,1,2,1,35,6,1598,2,3,3,1,3
2016410097461,2,9,0,18,0,1,0,0,0,0,1,1,4,2,18,4,1598,1,12,8,2,8
2016410097467,1,19,0,17,0,0,1,0,0,0,1,1,6,1,35,6,1560,2,1,4,1,4
2016410097467,2,9,0,16,0,0,0,0,0,0,1,1,5,1,40,7,1124,1,15,10,1,10
2016410097471,1,9,0,18,0,2,0,0,0,0,0,1,1,1,31,6,1686,2,2,-1,-1,-1
2016410097471,2,9,0,18,0,1,0,0,0,0,1,1,2,1,32,6,1896,2,9,3,1,3
2016410097471,3,9,0,4,0,1,0,0,0,0,2,1,2,2,34,6,998,1,2,9,2,9
2016410097471,4,9,0,4,0,8,0,0,0,0,2,1,2,1,38,7,1781,1,15,5,1,5
2016410097471,5,9,0,3,0,8,0,0,0,0,2,1,2,1,30,6,1248,2,12,7,1,7
2016410097540,1,9,0,4,0,0,0,0,0,0,1,1,5,1,42,7,1968,2,11,5,1,5
2016410097540,2,9,0,3,0,0,0,0,0,0,2,1,5,1,34,6,1598,1,7,3,1,3
2016410097540,3,9,0,3,0,0,0,0,0,0,2,1,5,2,22,5,1229,1,9,5,1,5
2016410097556,1,9,0,4,0,1,0,0,0,0,1,1,6,2,34,6,1969,2,1,8,3,8
2016410097556,2,9,0,3,0,1,0,0,0,0,2,1,6,1,32,6,1242,1,2,5,1,5
2016410097559,1,9,0,18,0,1,0,0,0,0,1,1,5,1,61,9,1997,2,13,4,1,4
2016410097559,2,9,0,4,0,1,0,0,0,0,2,1,5,2,39,7,1242,1,3,7,1,7
2016410097581,1,9,0,13,0,0,0,0,0,0,3,1,5,1,65,9,1598,1,15,8,1,8
2016410097581,2,9,0,18,0,0,0,0,1,4,3,1,5,1,52,8,1968,2,7,8,3,8
2016410097608,1,9,0,4,0,0,0,6,2,11,4,1,5,1,70,10,2204,2,11,6,3,6
2016410097614,1,9,0,18,0,0,0,4,0,0,1,1,2,1,34,6,999,1,2,3,1,3
2016410097614,2,9,0,2,0,0,0,0,0,0,2,1,1,2,25,5,1998,8,-1,6,1,6
2016410097614,3,9,0,18,0,0,1,0,0,0,1,1,6,1,44,7,1360,1,9,10,1,10
2016410097616,1,9,0,18,0,0,0,0,0,0,1,1,6,3,-1,-1,-1,-1,-1,-1,-1,-1
2016410097616,2,9,0,6,0,0,0,0,0,0,4,1,5,1,27,6,1242,1,-1,8,1,8
2016410097616,3,9,0,18,0,0,0,11,0,0,1,1,5,1,-1,-1,1229,1,10,-1,-1,-1
2016410097635,1,9,0,9,0,8,0,0,0,0,3,1,6,1,73,10,1149,1,9,-1,-1,-1
2016410097635,2,9,0,18,0,8,0,0,0,0,4,1,6,2,50,8,1798,1,4,5,1,5
2016410097651,1,5,0,18,0,0,0,10,0,0,1,1,1,1,27,6,750,1,2,3,1,3
2016410097668,1,9,0,4,0,0,0,0,0,0,1,1,2,2,28,6,1598,1,4,5,1,5
2016410097668,2,9,0,3,0,0,0,0,0,0,2,1,5,1,47,8,1461,2,7,3,1,3
2016410097683,1,9,0,18,0,0,0,4,0,0,4,1,5,2,38,7,1461,2,-1,7,1,7
2016410097683,2,9,0,2,0,0,0,0,1,10,2,1,5,1,49,8,1968,2,9,5,1,5
2016410097685,1,9,0,18,0,1,0,0,0,0,1,1,5,1,40,7,1461,2,-1,3,1,3
2016410097685,2,9,0,18,0,1,1,0,0,0,1,1,1,1,33,6,-1,-1,-1,3,1,3
2016410097685,3,9,0,18,0,1,0,0,0,0,2,1,5,1,28,6,2987,2,5,-1,-1,-1
2016410097689,1,9,0,17,0,1,0,0,0,0,1,1,2,2,25,5,1560,2,5,6,3,6
2016410097689,2,9,0,18,0,1,0,0,7,10,1,1,5,2,63,9,2143,2,2,10,2,10
2016410097732,1,9,0,18,0,0,0,0,0,0,1,1,6,1,-1,-1,1796,1,16,10,1,10
2016410097732,2,9,0,3,0,0,0,0,0,0,2,1,6,1,44,7,1995,2,1,4,1,4
2016410097741,1,9,0,11,0,0,0,0,0,0,4,1,2,1,37,7,-1,-1,-1,10,1,10
2016410097741,2,5,0,12,0,0,2,0,0,0,3,1,2,1,29,6,996,1,12,5,1,5
2016410097741,3,9,0,18,0,0,1,0,0,0,2,1,2,2,62,9,1299,1,8,10,3,10
2016410097751,1,9,0,9,0,1,0,0,0,0,1,1,6,2,52,8,1998,1,-1,6,1,6
2016410097751,2,9,0,18,0,1,0,0,0,0,1,1,6,1,32,6,1200,1,-1,7,3,7
2016410097804,1,1,0,18,0,0,5,0,0,0,1,1,5,1,69,10,-1,-1,-1,10,1,10
2016410097819,1,9,0,18,0,1,5,0,2,11,1,1,5,2,49,8,1598,1,10,8,2,8
2016410097830,1,9,0,4,0,1,0,0,0,0,1,1,6,2,-1,-1,1390,1,10,4,1,4
2016410097830,2,9,0,3,0,1,0,0,0,0,2,1,3,1,45,7,1598,1,4,8,1,8
2016410097882,1,98,0,18,0,0,0,0,0,0,1,1,1,1,41,7,-1,-1,-1,5,1,5
2016410097882,2,9,0,4,0,0,0,0,0,0,2,1,2,1,56,9,1396,1,16,8,1,8
2016410097919,1,9,0,3,0,1,0,0,0,0,2,1,5,2,29,6,1339,1,9,4,1,4
2016410097919,2,9,0,5,0,1,0,0,0,0,1,1,5,1,57,9,1198,1,6,5,1,5
2016410097936,1,9,0,7,0,2,0,0,0,0,3,1,5,2,68,10,1200,1,-1,4,1,4
2016410097936,2,3,0,18,0,2,5,0,0,0,1,1,6,1,29,6,124,1,16,5,1,5
2016410097951,1,9,0,18,0,0,0,0,0,0,1,1,1,2,33,6,1997,2,5,8,1,8
2016410097951,2,9,0,3,0,0,0,0,0,0,2,1,2,2,32,6,998,1,2,7,1,7
2016410097951,3,11,0,3,0,0,0,0,0,0,2,1,1,1,57,9,6700,2,7,10,1,10
2016410097967,1,9,0,9,0,1,0,0,0,0,1,1,6,1,44,7,1956,2,7,2,1,2
2016410097967,2,1,0,18,0,8,5,0,0,0,1,1,5,2,36,7,-1,-1,-1,9,1,9
2016410097986,1,9,0,18,0,4,0,0,0,0,1,1,5,3,-1,-1,-1,-1,-1,-1,-1,-1
2016410097986,2,9,0,18,0,8,0,0,0,0,1,1,5,1,19,4,1149,1,5,10,1,10
2016410098003,1,9,0,14,0,0,0,0,0,0,1,1,6,1,27,6,1242,1,-1,6,1,6
2016410098003,2,9,0,4,0,0,0,0,0,0,2,1,6,1,41,7,1995,1,9,4,1,4
2016410098003,3,9,0,4,0,0,0,0,0,0,2,1,6,2,31,6,1390,1,2,5,1,5
2016410098003,4,9,0,2,0,0,0,0,0,0,1,1,6,2,38,7,999,1,1,6,3,6
2016410098003,5,19,0,2,0,0,0,0,0,0,2,1,6,1,62,9,1968,2,4,5,1,5
2016410098003,6,9,0,2,0,0,0,0,0,0,2,1,6,2,48,8,1598,2,5,7,3,7
2016410098140,1,9,0,18,0,0,0,0,0,0,1,1,5,1,22,5,954,1,17,-1,-1,-1
2016410098140,2,9,0,4,0,0,0,0,0,0,2,1,5,1,25,5,1968,2,5,10,1,10
2016410098140,3,11,0,16,0,0,0,0,0,0,0,1,1,3,-1,-1,7300,2,12,-1,-1,-1
2016410098149,1,9,0,18,0,3,0,0,0,0,1,1,2,2,43,7,-1,-1,-1,10,1,10
2016410098151,1,9,0,17,0,0,0,0,0,0,1,1,6,1,30,6,1396,1,13,7,3,7
2016410098151,2,9,0,16,0,0,0,0,0,0,1,1,6,2,55,8,1598,1,4,5,3,5
2016410098224,1,9,0,17,0,0,5,0,0,0,1,1,1,2,22,5,898,1,-1,6,1,6
2016410098224,2,9,0,16,0,0,0,0,7,4,1,1,3,1,47,8,-1,-1,-1,8,3,8
2016410098225,1,9,0,5,0,6,0,0,0,0,1,1,6,1,-1,-1,2987,2,4,-1,-1,-1
2016410098225,2,1,0,18,0,8,5,0,0,0,4,1,2,1,37,7,-1,-1,-1,5,1,5
2016410098264,1,9,0,18,0,0,0,0,0,0,3,1,5,2,26,6,1390,1,6,4,1,4
2016410098264,2,9,0,14,0,0,0,0,0,0,3,1,5,2,28,6,1997,2,12,4,1,4
2016410098274,1,9,0,9,0,4,0,0,0,0,3,1,6,2,44,7,1596,1,1,8,3,8
2016410098274,2,9,0,18,0,3,0,0,0,0,4,1,6,2,29,6,1796,1,18,7,3,7
2016410098282,1,9,0,18,0,0,0,4,0,0,1,1,5,2,76,11,1598,1,9,7,1,7
2016410098282,2,19,0,2,0,0,0,0,0,0,2,1,5,1,43,7,2198,2,2,10,1,10
2016410098304,1,9,0,16,0,0,0,0,0,0,0,1,6,3,-1,-1,-1,-1,-1,-1,-1,-1
2016410098304,2,5,0,17,0,0,1,0,0,0,0,1,5,1,65,9,779,1,4,10,1,10
2016410098385,1,9,0,18,0,2,0,0,0,0,4,1,6,3,-1,-1,-1,-1,-1,-1,-1,-1
2016410098390,1,9,0,18,0,4,1,0,7,1,1,1,5,2,57,9,1248,2,6,4,1,4
2016410098390,2,9,0,3,0,4,0,0,0,0,3,1,5,2,71,10,1242,1,5,4,1,4
2016410098390,3,9,0,4,0,4,1,0,7,0,2,1,5,2,27,6,1240,1,9,9,1,9
2016410098399,1,9,0,3,0,0,0,0,0,0,4,1,6,1,-1,-1,1753,2,6,-1,-1,-1
2016410098399,2,1,0,15,0,0,0,0,0,0,3,1,1,1,50,8,-1,-1,-1,10,1,10
2016410098427,1,9,0,18,0,1,0,0,0,0,1,1,6,2,38,7,2400,2,-1,8,1,8
2016410098427,2,9,0,3,0,1,0,0,0,0,2,1,6,1,28,6,3498,1,6,9,1,9
2016410098465,1,9,0,14,0,0,5,4,8,0,1,1,6,2,82,11,1986,2,10,8,3,8
2016410098465,2,9,0,2,0,0,0,0,1,0,2,1,6,3,-1,-1,-1,-1,-1,-1,-1,-1
2016410098491,1,1,0,18,0,0,0,0,0,0,2,1,6,1,16,4,-1,-1,-1,8,1,8
2016410098491,2,9,0,18,0,0,0,0,0,0,1,1,6,1,25,5,-1,-1,-1,5,1,5
2016410098515,1,9,0,18,0,4,0,0,0,0,1,1,6,3,-1,-1,1560,2,4,-1,-1,-1
2016410098515,2,9,0,3,0,4,0,0,0,0,2,1,1,1,51,8,1796,2,3,6,1,6
2016410098516,1,3,0,17,0,0,1,0,0,0,1,1,1,1,30,6,108,1,-1,10,1,10
2016410098516,2,9,0,16,0,0,0,0,0,0,4,1,2,1,52,8,1197,1,2,9,1,9
2016410098544,1,9,0,17,0,0,1,0,6,1,4,1,1,2,44,7,1299,1,12,9,1,9
2016410098548,1,9,0,9,0,5,0,0,0,0,3,1,6,2,40,7,1598,1,12,7,1,7
2016410098548,2,1,0,13,0,8,0,0,0,0,1,1,6,1,49,8,-1,-1,-1,9,1,9
2016410098609,1,9,0,9,0,8,0,0,0,0,1,1,5,1,34,6,2720,2,8,10,1,10
2016410098609,2,9,0,18,0,1,0,0,0,0,3,1,5,2,48,8,1596,1,5,2,1,2
2016410098635,1,9,0,18,0,0,0,0,1,7,1,1,2,1,27,6,2926,2,13,3,1,3
2016410098635,2,9,0,18,0,0,0,0,1,4,2,1,6,1,34,6,1896,2,11,7,1,7
2016410098673,1,2,0,13,0,2,0,0,0,0,1,1,5,1,18,4,50,1,9,3,1,3
2016410098673,2,9,0,18,0,2,0,0,0,0,2,1,5,1,52,8,1248,2,1,4,1,4
2016410098673,3,9,0,18,0,2,0,0,0,0,1,1,5,1,41,7,1390,1,6,-1,-1,-1
2016410098693,1,5,0,16,0,7,1,9,3,0,1,1,6,1,28,6,749,1,12,3,1,3
2016410098704,1,9,0,9,0,0,0,0,0,0,1,1,5,1,53,8,1461,2,2,3,1,3
2016410098704,2,1,0,18,0,0,5,0,0,0,1,1,6,1,9,2,-1,-1,-1,8,1,8
2016410098743,1,9,0,3,0,1,0,0,0,0,2,1,5,1,32,6,2191,2,2,4,1,4
2016410098743,2,19,0,18,0,1,0,0,0,0,1,1,6,1,19,4,2402,2,12,5,1,5
2016410098745,1,9,0,4,0,0,0,0,0,0,1,1,5,2,24,5,998,1,-1,8,1,8
2016410098745,2,9,0,3,0,0,0,0,0,0,2,1,2,1,46,8,1796,1,4,3,1,3
2016410098745,3,9,0,3,0,0,0,0,0,0,2,1,5,2,19,4,1198,1,9,8,1,8
2016410098791,1,9,0,18,0,1,0,0,0,0,1,1,6,2,-1,-1,1598,1,12,-1,-1,-1
2016410098791,2,9,0,3,0,1,0,0,0,0,2,1,6,1,25,5,1991,2,5,3,1,3
2016410098811,1,9,0,5,0,4,0,0,0,0,4,1,5,2,45,7,1596,1,2,3,1,3
2016410098811,2,1,0,18,0,8,0,0,0,0,1,1,5,1,17,4,-1,-1,-1,10,1,10
2016410098826,1,2,0,7,0,2,1,0,0,0,4,1,5,1,16,4,49,1,3,4,1,4
2016410098838,1,9,0,18,0,0,0,0,0,0,1,1,5,2,60,9,999,1,5,4,1,4
2016410098838,2,9,0,3,0,0,0,0,0,0,2,1,1,1,36,7,998,1,10,7,3,7
2016410098838,3,9,0,3,0,0,0,0,0,0,2,1,1,1,58,9,1997,2,9,8,1,8
2016410098846,1,9,0,18,0,0,0,0,0,0,0,1,5,1,22,5,1595,1,19,2,1,2
2016410098846,2,9,0,18,0,0,0,0,0,0,1,1,5,1,45,7,1461,2,1,7,1,7
2016410098846,3,9,0,18,0,0,0,0,0,0,1,1,5,1,69,10,2198,2,2,10,1,10
2016410098846,4,9,0,18,0,0,0,0,0,0,1,1,5,1,50,8,1596,1,14,6,1,6
2016410098922,1,1,0,9,0,2,0,0,0,0,4,1,5,2,23,5,-1,-1,-1,7,1,7
2016410098922,2,9,0,5,0,2,0,0,0,0,1,1,5,2,58,9,1388,1,8,9,1,9
2016410099014,1,9,0,18,0,3,0,0,0,0,3,1,5,1,31,6,2697,2,10,5,1,5
2016410099014,2,2,0,13,0,3,5,0,0,0,4,1,5,1,16,4,49,1,17,5,1,5
2016410099036,1,9,0,18,0,0,0,0,0,0,1,1,6,3,-1,-1,1997,1,14,-1,-1,-1
2016410099036,2,9,0,18,0,0,0,0,1,4,2,1,6,1,48,8,998,1,2,-1,-1,-1
2016410099040,1,19,0,18,0,0,0,0,0,0,1,1,6,1,33,6,2148,2,8,2,1,2
2016410099040,2,9,0,18,0,0,0,0,4,6,2,1,6,1,25,5,1598,2,5,3,1,3
2016410099040,3,9,0,18,0,0,0,0,0,0,2,1,6,1,59,9,1364,1,9,4,1,4
2016410099057,1,9,0,9,0,0,0,0,0,0,3,1,6,2,62,9,-1,-1,-1,9,2,9
2016410099057,2,2,0,18,0,0,0,0,0,0,1,1,6,1,44,7,49,1,-1,10,1,10
2016410099083,1,2,0,6,0,8,1,0,0,0,0,1,2,1,27,6,49,1,11,7,1,7
2016410099093,1,9,0,5,9,0,0,0,0,0,3,1,6,2,66,10,1390,1,7,5,1,5
2016410099093,2,1,0,18,9,0,0,0,0,0,1,1,6,1,14,3,-1,-1,-1,5,1,5
2016410099116,1,9,0,16,0,0,1,0,0,0,1,1,5,2,42,7,1598,1,16,7,3,7
2016410099116,2,9,0,17,0,0,1,0,0,0,1,1,5,2,51,8,1781,1,9,8,1,8
2016410099151,1,19,0,18,0,8,0,0,0,0,4,1,1,1,25,5,2148,2,9,5,1,5
2016410099151,2,19,0,9,0,8,0,0,0,0,1,1,1,2,30,6,1461,2,1,9,1,9
2016410099159,1,9,0,9,0,8,0,0,0,0,1,1,6,2,79,11,1389,1,15,8,3,8
2016410099159,2,9,0,18,0,8,0,0,1,0,1,1,6,2,36,7,1360,1,10,6,1,6
2016410099160,1,9,0,12,0,0,0,0,0,0,1,1,5,1,35,6,2996,1,9,10,1,10
2016410099160,2,9,0,4,0,0,0,4,0,0,1,1,5,1,68,10,1956,2,5,5,3,5
2016410099160,3,9,0,2,9,0,0,0,0,0,3,1,5,3,-1,-1,1598,1,5,-1,-1,-1
2016410099174,1,9,0,5,0,7,0,0,0,0,1,1,5,1,30,6,1399,2,14,6,1,6
2016410099174,2,9,0,3,0,7,0,0,0,0,2,1,5,2,29,6,1598,1,8,9,2,9
2016410099188,1,9,0,14,0,2,0,0,0,0,3,1,5,1,73,10,2000,2,6,6,2,6
2016410099188,2,9,0,18,0,1,0,0,0,0,3,1,5,2,35,6,2987,2,2,10,1,10
2016410099188,3,9,0,2,0,2,0,0,0,0,0,1,6,3,-1,-1,-1,-1,-1,-1,-1,-1
2016410099198,1,98,0,18,0,0,0,0,0,0,0,1,1,1,41,7,-1,-1,-1,-1,-1,-1
2016410099198,2,9,0,18,0,0,0,0,0,0,0,1,1,1,39,7,1686,2,2,-1,-1,-1
2016410099198,3,9,0,18,0,0,0,0,0,0,1,1,6,1,79,11,2400,2,1,10,1,10
2016410099198,4,19,0,18,0,0,0,0,0,0,3,1,6,1,-1,-1,2143,2,3,-1,-1,-1
2016410099198,5,9,0,18,0,0,0,0,0,0,1,1,6,2,-1,-1,1497,1,14,-1,-1,-1
2016410099198,6,9,0,18,0,0,0,0,0,0,1,1,6,2,29,6,1390,1,12,7,1,7
2016410099198,7,9,0,18,0,0,0,0,0,0,3,1,6,2,46,8,1461,2,-1,8,1,8
2016410099207,1,9,0,18,0,0,5,0,1,0,1,1,6,1,28,6,-1,-1,-1,8,1,8
2016410099210,1,9,0,18,0,8,1,0,7,4,1,1,6,1,27,6,1587,1,9,10,1,10
2016410099210,2,9,0,5,0,6,0,0,0,0,1,1,5,1,19,4,998,1,10,3,1,3
2016410099220,1,9,0,7,0,1,0,0,3,11,1,1,5,2,73,10,1596,1,10,10,1,10
2016410099242,1,9,0,5,0,4,0,0,0,0,3,1,6,2,58,9,1061,1,12,8,1,8
2016410099242,2,9,0,17,0,8,0,0,0,0,1,1,6,1,56,9,1796,1,12,9,3,9
2016410099300,1,19,0,14,0,0,0,0,0,0,3,1,6,1,-1,-1,2198,2,3,-1,-1,-1
2016410099300,2,9,0,18,0,0,0,0,0,0,3,1,6,1,43,7,1975,1,11,4,1,4
2016410099320,1,21,1,18,0,0,0,0,0,0,1,1,1,1,56,9,12902,2,3,1,1,1
2016410099320,2,11,0,4,0,0,0,0,0,0,2,1,1,1,36,7,10837,2,-1,2,1,2
2016410099326,1,9,0,9,0,0,0,0,0,0,4,1,2,1,31,6,1595,1,12,10,1,10
2016410099326,2,9,0,18,0,0,0,0,0,0,1,1,2,2,18,4,1598,1,4,9,1,9
2016410099346,1,9,0,18,0,0,1,0,4,7,3,1,2,1,25,5,1124,1,6,3,1,3
2016410099346,2,98,1,18,0,0,0,0,0,0,1,1,1,1,60,9,-1,-1,-1,3,1,3
2016410099401,1,9,0,18,0,0,0,0,0,0,4,1,5,2,26,6,1995,1,11,2,1,2
2016410099401,2,98,1,18,0,0,0,0,0,0,3,1,6,3,-1,-1,-1,-1,-1,-1,-1,-1
2016410099503,1,3,0,16,0,0,1,10,0,0,0,1,2,1,40,7,125,1,1,3,1,3
2016410099519,1,9,0,9,0,8,0,0,0,0,3,1,6,2,61,9,1596,1,11,6,1,6
2016410099519,2,3,0,18,0,8,5,0,0,0,1,1,6,2,17,4,124,1,-1,7,1,7
2016410099541,1,9,0,9,0,8,0,0,0,0,4,1,6,2,26,6,1598,1,15,-1,-1,-1
2016410099541,2,9,0,5,0,8,0,0,0,0,1,1,6,2,49,8,998,1,1,10,1,10
2016410099559,1,9,0,18,0,8,0,0,1,7,3,1,6,2,42,7,2400,2,3,7,1,7
2016410099559,2,9,0,11,0,8,0,0,0,0,4,1,6,2,41,7,1796,1,13,4,1,4
2016410099568,1,9,0,12,0,0,0,0,0,0,4,1,6,2,28,6,1968,2,2,9,1,9
2016410099568,2,5,0,13,0,0,1,4,0,0,3,1,6,1,26,6,600,1,3,5,1,5
2016410099568,3,9,0,2,0,0,0,0,0,0,2,1,6,1,24,5,1968,2,4,4,1,4
2016410099587,1,9,0,11,0,0,0,0,0,0,0,1,6,3,-1,-1,-1,-1,-1,-1,-1,-1
2016410099587,2,9,0,11,0,0,0,0,0,0,0,1,1,2,48,8,1461,2,2,6,1,6
20164100A0001,1,9,0,18,0,0,0,0,0,0,0,1,6,3,-1,-1,-1,-1,-1,-1,-1,-1
20164100A0001,2,9,0,18,0,0,1,0,1,10,4,1,6,2,23,5,1388,1,12,7,3,7
20164100A0006,1,9,0,18,0,8,0,0,0,0,1,1,2,2,25,5,1149,1,12,7,1,7
20164100A0006,2,9,0,9,0,5,0,0,0,0,4,1,2,2,22,5,1368,1,6,9,1,9
20164100A0013,1,9,0,18,0,8,0,0,0,0,1,1,6,2,44,7,1461,2,1,10,1,10
20164100A0013,2,9,0,18,0,6,0,0,0,0,1,1,6,1,30,6,1390,1,11,7,1,7
20164100A0015,1,10,0,13,0,0,2,0,5,6,1,1,1,1,54,8,2198,2,6,10,1,10
20164100A0015,2,19,0,18,0,0,0,0,0,0,4,1,2,1,43,7,1868,2,10,6,1,6
20164100A0015,3,21,0,18,0,0,0,0,0,0,3,1,1,1,29,6,10837,2,3,-1,-1,-1
20164100A0015,4,9,0,18,0,0,0,0,0,0,1,1,2,2,24,5,2597,1,14,3,1,3
20164100A0018,1,9,0,18,0,0,0,0,0,0,1,1,6,1,30,6,1200,1,2,7,1,7
20164100A0018,2,9,0,4,0,0,0,0,0,0,2,1,6,2,52,8,1995,1,8,7,1,7
20164100A0018,3,9,0,4,0,0,0,0,0,0,2,1,6,1,60,9,2179,2,1,10,2,10
20164100A0021,1,19,0,18,0,8,0,0,0,0,1,1,6,1,47,8,1298,1,11,8,2,8
20164100A0021,2,1,0,9,0,6,0,0,0,0,4,1,6,1,24,5,-1,-1,-1,9,1,9
20164100A0022,1,9,0,18,0,0,1,0,4,6,1,1,2,1,49,8,1390,1,8,5,1,5
20164100A0022,2,9,0,18,0,0,1,0,4,6,1,1,2,1,25,5,1997,2,12,9,3,9
20164100A0024,1,19,0,18,0,1,0,0,0,0,4,1,6,3,-1,-1,-1,-1,-1,-1,-1,-1
20164100A0041,1,9,0,16,0,0,1,0,0,0,1,1,1,1,30,6,1124,1,12,7,1,7
20164100A0041,2,9,0,17,0,0,0,0,0,0,1,1,1,1,50,8,1229,1,5,9,2,9
20164100A0041,3,9,0,16,0,0,0,10,1,9,0,1,1,2,20,4,1349,1,3,6,1,6
20164100A0042,1,9,0,4,0,0,0,0,0,0,2,1,6,2,40,7,1395,1,2,5,3,5
20164100A0042,2,9,0,18,0,0,0,0,0,0,1,1,6,2,38,7,1798,1,11,10,1,10
20164100A0042,3,9,0,18,0,0,0,0,0,0,1,1,6,2,56,9,1781,1,13,10,1,10
20164100A0043,1,9,0,18,0,2,0,0,0,0,1,1,6,1,81,11,1398,1,10,7,2,7
20164100A0043,2,9,0,18,0,1,0,0,0,0,1,1,6,1,17,4,998,1,13,10,1,10
20164100A0046,1,9,0,17,0,1,1,0,1,11,1,1,6,2,19,4,1422,2,14,4,1,4
20164100A0048,1,9,0,9,0,5,0,0,0,0,3,1,2,2,30,6,1560,2,4,9,1,9
20164100A0048,2,9,0,18,0,8,0,0,0,0,1,1,6,3,-1,-1,1796,1,16,6,1,6
20164100A0049,1,9,0,9,0,5,0,0,0,0,1,1,6,3,-1,-1,-1,-1,-1,-1,-1,-1
20164100A0049,2,9,0,18,0,8,0,0,0,0,3,1,6,1,23,5,-1,-1,-1,7,1,7
20164100A0051,1,9,0,18,0,1,2,7,0,0,1,1,6,1,42,7,1124,1,13,7,1,7
20164100A0051,2,20,0,2,0,2,0,0,0,0,0,1,6,3,-1,-1,-1,-1,-1,-1,-1,-1
20164100A0051,3,9,0,18,0,2,0,10,0,0,4,1,6,2,27,6,1242,1,11,8,3,8
20164100A0052,1,9,0,12,0,8,0,0,0,0,4,1,2,1,25,5,1388,1,11,5,1,5