Accident_Index,Vehicle_Reference,Vehicle_Type,Towing_and_Articulation,Vehicle_Manoeuvre,Vehicle_Location-Restricted_Lane,Junction_Location,Skidding_and_Overturning,Hit_Object_in_Carriageway,Vehicle_Leaving_Carriageway,Hit_Object_off_Carriageway,1st_Point_of_Impact,Was_Vehicle_Left_Hand_Drive?,Journey_Purpose_of_Driver,Sex_of_Driver,Age_of_Driver,Age_Band_of_Driver,Engine_Capacity_(CC),Propulsion_Code,Age_of_Vehicle,Driver_IMD_Decile,Driver_Home_Area_Type,Vehicle_IMD_Decile
20164100E0026,1,9,0,5,0,1,0,0,0,0,1,1,1,2,36,7,1596,1,5,10,1,10
20164100E0026,2,9,0,3,0,1,0,0,0,0,2,1,6,2,46,8,2993,2,1,10,1,10
20164100E0030,1,9,0,14,0,2,1,4,0,0,1,1,6,1,27,6,-1,-1,-1,8,1,8
20164100E0030,2,9,0,2,0,2,0,0,0,0,2,1,6,3,-1,-1,1997,2,3,4,1,4
20164100E0033,1,9,0,18,0,8,0,0,0,0,1,1,2,1,50,8,1999,1,6,10,1,10
20164100E0033,2,9,0,9,0,5,0,0,1,7,1,1,2,2,40,7,998,1,2,6,1,6
20164100E0035,1,9,0,18,0,0,0,0,0,0,1,1,6,3,-1,-1,996,1,2,4,1,4
20164100E0038,1,9,0,13,0,2,1,0,7,4,1,1,6,1,21,5,2198,1,14,10,1,10
20164100E0038,2,9,0,18,0,2,0,0,0,0,0,1,1,1,33,6,1248,2,1,9,1,9
20164100E0038,3,9,0,18,0,1,0,0,0,0,0,1,6,3,-1,-1,-1,-1,-1,-1,-1,-1
20164100E0047,1,9,0,18,0,1,0,0,0,0,1,1,6,1,21,5,1461,2,10,4,1,4
20164100E0047,2,9,0,10,0,1,0,0,0,0,2,1,6,1,69,10,1686,2,9,5,1,5
20164100E0052,1,9,0,9,0,5,1,0,0,0,1,1,6,2,20,4,999,1,1,5,1,5
20164100E0052,2,9,0,18,0,8,1,0,0,0,1,1,6,2,76,11,1598,1,7,7,3,7
20164100E0054,1,9,0,18,0,1,0,0,0,0,1,1,6,1,30,6,-1,-1,-1,4,1,4
20164100E0054,2,9,0,10,0,1,0,0,0,0,2,1,6,1,48,8,1395,1,1,5,1,5
20164100E0055,1,9,0,9,0,6,0,0,0,0,1,1,2,1,55,8,1598,1,6,8,2,8
20164100E0061,1,9,0,4,0,2,0,0,0,0,2,1,6,1,43,7,-1,-1,-1,7,3,7
20164100E0061,2,9,0,18,0,2,0,0,0,0,1,1,6,2,20,4,1598,2,1,-1,-1,-1
20164100E0065,1,3,0,5,0,4,0,0,0,0,1,1,6,1,19,4,124,1,3,6,1,6
20164100E0065,2,9,0,18,0,8,0,0,0,0,2,1,2,2,45,7,1598,1,9,9,3,9
20164100E0070,1,9,0,5,0,4,1,0,7,11,1,1,6,1,24,5,1397,1,9,6,1,6
20164100E0070,2,9,0,18,0,8,1,0,7,11,4,1,6,2,37,7,1364,2,9,5,1,5
20164100E0073,1,19,0,18,0,2,0,4,0,0,1,1,6,1,29,6,1997,2,12,6,2,6
20164100E0073,2,9,0,2,0,2,0,0,0,0,2,1,5,3,-1,-1,1086,1,6,7,1,7
20164100E0078,1,9,0,5,0,1,0,0,0,0,1,1,6,1,23,5,1598,1,10,7,1,7
20164100E0078,2,9,0,4,0,1,0,0,0,0,2,1,6,2,22,5,1229,1,2,9,3,9
20164100E0090,1,9,0,18,0,8,0,0,0,0,2,1,6,1,82,11,1598,2,2,-1,-1,-1
20164100E0090,2,1,0,18,0,8,0,0,0,0,1,1,6,1,38,7,-1,-1,-1,5,1,5
20164100E0104,1,9,0,7,0,4,0,0,0,0,0,1,6,3,-1,-1,1596,1,4,10,1,10
20164100E0104,2,11,0,7,0,4,0,0,0,0,0,1,1,1,30,6,-1,-1,-1,5,1,5
20164100E0106,1,9,0,18,0,1,0,0,0,0,1,1,6,2,-1,-1,1600,1,17,-1,-1,-1
20164100E0106,2,9,0,8,0,1,0,0,0,0,2,1,6,2,44,7,1197,1,2,7,3,7
20164100E0110,1,9,0,18,0,4,0,0,0,0,3,1,6,2,28,6,1461,2,3,7,1,7
20164100E0110,2,9,0,18,0,4,0,0,0,0,1,1,6,1,48,8,998,1,17,5,1,5
20164100E0111,1,9,0,18,0,8,0,0,0,0,1,1,6,1,72,10,1498,1,14,9,1,9
20164100E0111,2,9,0,18,0,8,0,0,0,0,1,1,6,2,30,6,796,1,8,4,1,4
20164100E0112,1,9,0,18,0,1,0,7,7,11,1,1,6,1,41,7,1598,1,10,6,1,6
20164100E0113,1,9,0,4,0,1,0,0,0,0,1,1,2,2,26,6,-1,-1,-1,8,1,8
20164100E0113,2,9,0,3,0,1,0,0,0,0,2,1,6,2,60,9,-1,-1,-1,5,1,5
20164100E0116,1,9,0,18,0,1,0,0,0,0,1,1,6,1,22,5,-1,-1,-1,5,1,5
20164100E0116,2,1,0,9,0,5,1,0,0,0,2,1,6,1,39,7,-1,-1,-1,2,1,2
20164100E0126,1,9,0,5,0,1,0,0,0,0,1,1,1,1,32,6,1248,2,2,-1,-1,-1
20164100E0126,2,9,0,3,0,1,0,0,0,0,2,1,6,2,54,8,1997,1,13,5,1,5
20164100E0133,1,9,0,13,0,2,0,0,0,0,4,1,6,1,50,8,1560,2,2,-1,-1,-1
20164100E0133,2,9,0,14,0,2,0,0,0,0,3,1,6,1,18,4,1242,1,8,5,1,5
20164100E0138,1,9,0,5,0,4,0,0,0,0,1,1,2,2,33,6,1968,2,4,4,1,4
20164100E0138,2,1,0,18,0,8,0,0,0,0,4,1,2,1,59,9,-1,-1,-1,-1,-1,-1
20164100E0141,1,19,0,18,0,8,0,0,0,0,1,1,2,1,42,7,1560,2,7,5,1,5
20164100E0141,2,9,0,9,0,5,0,0,1,1,4,1,2,2,21,5,1598,1,5,10,1,10
20164100E0147,1,19,0,4,0,1,0,0,0,0,1,1,1,1,20,4,1997,2,4,9,3,9
20164100E0147,2,9,0,3,0,1,0,0,0,0,2,1,6,2,52,8,-1,-1,-1,5,1,5
20164100F0018,1,9,0,18,0,0,0,0,0,0,1,1,5,1,20,4,1798,1,7,8,1,8
20164100F0019,1,19,0,9,0,0,0,0,0,0,4,1,1,1,30,6,2148,2,10,6,1,6
20164100F0019,2,1,0,18,0,0,0,0,0,0,1,1,6,1,26,6,-1,-1,-1,6,1,6
20164100F0023,1,9,0,6,0,3,0,0,0,0,3,1,1,1,32,6,1364,1,9,3,1,3
20164100F0023,2,4,0,13,0,3,0,0,0,0,1,1,1,1,36,7,-1,-1,-1,4,1,4
20164100F0024,1,9,0,18,0,0,0,0,0,0,1,1,6,2,45,7,-1,-1,-1,-1,-1,-1
20164100F0035,1,19,0,18,0,8,1,0,0,0,1,1,1,1,29,6,2143,2,1,7,1,7
20164100F0035,2,19,0,1,0,5,0,0,0,0,1,1,6,1,35,6,1248,2,5,8,1,8
20164100F0036,1,3,0,9,0,8,0,0,0,0,4,1,6,1,19,4,124,1,6,3,1,3
20164100F0036,2,9,0,5,0,4,0,0,0,0,3,1,6,2,44,7,1798,1,4,4,1,4
20164100F0039,1,9,0,18,0,0,0,0,0,0,1,1,6,2,33,6,1198,1,10,8,1,8
20164100F0040,1,9,0,18,0,0,0,0,0,0,1,1,6,2,35,6,1968,2,10,7,1,7
20164100F0040,2,9,0,4,0,0,0,0,0,0,2,1,6,1,67,10,1590,1,15,10,1,10
20164100F0040,3,9,0,3,0,0,0,0,0,0,2,1,6,2,49,8,1995,2,10,10,1,10
20164100F0041,1,5,0,18,0,2,1,0,0,0,1,1,1,1,40,7,647,1,10,8,1,8
20164100F0042,1,9,0,4,0,0,0,0,0,0,1,1,2,1,41,7,1339,1,4,-1,-1,-1
20164100F0042,2,9,0,3,0,0,0,0,0,0,2,1,2,2,61,9,1246,1,10,9,1,9
20164100F0044,1,9,0,9,0,6,0,0,0,0,1,1,6,1,32,6,1598,2,1,6,1,6
20164100F0044,2,1,0,3,0,1,0,0,0,0,1,1,6,1,30,6,-1,-1,-1,-1,-1,-1
20164100F0052,1,9,0,9,0,5,0,0,0,0,1,1,6,2,39,7,1390,1,6,6,1,6
20164100F0056,1,19,0,4,0,1,1,0,0,0,1,1,1,1,55,8,2143,2,4,-1,-1,-1
20164100F0056,2,9,0,4,0,1,0,0,0,0,1,1,6,1,33,6,1598,2,2,8,1,8
20164100F0064,1,9,0,7,0,5,0,0,7,1,1,1,6,1,-1,-1,1968,2,1,-1,-1,-1
20164100F0064,2,9,0,18,0,5,0,0,7,0,1,1,3,2,18,4,-1,-1,-1,5,1,5
20164100F0064,3,9,0,18,0,1,0,0,0,0,0,1,1,1,39,7,2400,2,3,-1,-1,-1
20164100F0064,4,9,0,18,0,1,0,0,0,0,1,1,6,2,75,10,1339,1,2,10,1,10
20164100F0075,1,9,0,9,0,6,0,0,0,0,1,1,6,1,35,6,2400,2,5,10,1,10
20164100F0075,2,9,0,18,0,8,1,0,0,0,1,1,2,2,39,7,1242,1,4,6,1,6
20164100F0077,1,9,0,14,0,0,0,0,0,0,1,1,6,2,20,4,1242,1,2,8,1,8
20164100F0079,1,9,0,4,0,2,1,0,0,0,1,1,6,1,51,8,-1,-1,-1,5,1,5
20164100F0079,2,9,0,18,0,1,0,0,0,0,3,1,6,1,64,9,1368,1,8,10,1,10
20164100F0080,1,5,0,5,0,8,0,0,0,0,4,1,6,1,45,7,649,1,7,10,1,10
20164100F0080,2,9,0,5,0,6,0,0,0,0,1,1,6,2,43,7,1149,1,5,5,1,5
20164100F0085,1,9,0,18,0,0,1,0,0,0,1,1,6,1,23,5,1596,1,6,10,1,10
20164100F0087,1,9,0,5,0,6,0,0,0,0,1,1,6,2,45,7,1991,2,11,10,1,10
20164100F0087,2,9,0,18,0,8,0,0,0,0,1,1,6,2,24,5,1197,1,2,9,1,9
20164100F0102,1,9,0,18,0,4,2,9,2,1,1,1,6,2,23,5,1198,1,11,7,1,7
20164100F0103,1,19,0,18,9,1,0,0,1,0,1,1,6,1,40,7,-1,-1,-1,-1,-1,-1
20164100F0104,1,2,0,18,0,8,0,0,0,0,3,1,2,2,51,8,-1,-1,-1,10,1,10
20164100F0104,2,9,0,9,0,6,0,0,0,0,4,1,6,3,-1,-1,-1,-1,-1,-1,-1,-1
20164100F0106,1,9,0,5,0,4,0,0,0,0,4,1,6,2,68,10,1200,1,2,9,1,9
20164100F0106,2,1,0,9,0,8,0,0,0,0,3,1,6,2,64,9,-1,-1,-1,8,1,8
20164100F0108,1,9,0,18,0,0,0,0,0,0,1,1,6,1,18,4,1229,1,4,10,1,10
20164100F0108,2,9,0,4,0,0,0,0,0,0,2,1,6,1,22,5,1229,1,9,8,1,8
20164100F0108,3,9,0,18,0,0,0,0,0,0,1,1,6,2,-1,-1,1296,1,8,8,1,8
20164100F0110,1,9,0,18,0,4,2,9,1,10,1,1,2,1,29,6,-1,-1,-1,-1,-1,-1
20164100F0116,1,9,0,16,0,1,0,4,7,0,1,1,6,1,25,5,1398,1,5,-1,-1,-1
20164100F0116,2,9,0,2,6,1,0,4,0,0,1,1,6,3,-1,-1,-1,-1,-1,-1,-1,-1
20164100F0116,3,19,0,2,6,1,0,0,0,0,3,1,6,3,-1,-1,2494,2,14,-1,-1,-1
20164100F0119,1,1,0,18,0,8,0,0,0,0,4,1,6,2,67,10,-1,-1,-1,9,1,9
20164100F0119,2,9,0,9,0,6,0,0,0,0,1,1,6,2,45,7,1397,1,12,4,1,4
20164100F0122,1,9,0,18,0,8,0,0,1,1,1,1,6,1,31,6,1997,2,8,6,1,6
20164100F0128,1,9,0,3,0,1,0,0,0,0,1,1,5,2,35,6,1198,1,8,9,1,9
20164100F0128,2,9,0,1,0,1,0,0,0,0,2,1,6,2,36,7,1997,1,8,9,1,9
20164100F0131,1,9,0,16,0,2,1,0,7,2,1,1,6,1,29,6,-1,-1,-1,10,1,10
20164100F0132,1,9,0,4,0,1,0,0,0,0,1,1,6,3,-1,-1,-1,-1,-1,-1,-1,-1
20164100F0132,2,9,0,3,0,1,0,0,0,0,2,1,6,1,52,8,1968,2,4,5,1,5
20164100F0133,1,9,0,18,0,8,0,0,0,0,3,1,6,1,32,6,1796,1,17,9,1,9
20164100F0133,2,9,0,13,0,8,0,0,0,0,1,1,6,3,-1,-1,-1,-1,-1,-1,-1,-1
20164100F0140,1,9,0,17,0,0,0,0,0,0,3,1,6,3,-1,-1,-1,-1,-1,-1,-1,-1
20164100F0144,1,9,0,18,0,0,0,0,0,0,1,1,2,1,34,6,-1,-1,-1,6,1,6
20164100F0144,2,9,0,4,0,0,0,0,0,0,1,1,2,1,63,9,2199,2,6,5,3,5
20164100F0147,1,9,0,18,0,0,1,0,1,4,2,1,2,2,31,6,1149,1,10,7,1,7
20164100F0155,1,3,0,14,0,8,0,0,0,0,1,1,6,1,36,7,125,1,1,10,1,10
20164100F0155,2,9,0,9,0,5,0,0,0,0,3,1,6,2,37,7,1560,2,8,6,1,6
20164100F0156,1,19,0,9,0,6,0,0,0,0,3,1,6,1,35,6,-1,-1,-1,-1,-1,-1
20164100F0156,2,9,0,8,0,1,0,0,0,0,3,1,3,1,47,8,1997,2,1,7,1,7
20164100F0157,1,19,0,18,0,8,0,0,0,0,1,1,1,1,55,8,2494,2,8,2,1,2
20164100F0157,2,9,0,5,0,6,0,0,0,0,3,1,6,2,22,5,1560,2,3,9,3,9
20164100F0159,1,9,0,9,0,5,0,0,0,0,1,1,6,1,65,9,1389,1,11,10,1,10
20164100F0162,1,9,0,9,0,5,0,0,0,0,1,1,6,1,72,10,1390,1,16,4,1,4
20164100F0162,2,1,0,18,0,8,0,0,0,0,1,1,6,1,62,9,-1,-1,-1,10,1,10
20164100F0163,1,8,0,1,6,8,0,0,0,0,2,1,2,1,35,6,1798,8,4,5,1,5
20164100F0175,1,9,0,9,0,6,0,0,0,0,1,1,6,1,50,8,-1,-1,-1,-1,-1,-1
20164100F0175,2,1,0,14,0,8,1,0,0,0,1,1,6,2,34,6,-1,-1,-1,7,1,7
20164100F0184,1,8,0,9,0,5,0,0,0,0,4,1,6,1,37,7,2143,2,4,2,1,2
20164100F0184,2,1,0,18,0,8,0,0,0,0,1,1,6,2,34,6,-1,-1,-1,10,1,10
20164100F0185,1,3,0,18,0,8,1,0,0,0,1,1,2,1,21,5,125,1,5,-1,1,-1
20164100F0185,2,9,0,9,0,6,0,0,0,0,3,1,3,2,30,6,1596,1,7,6,1,6
20164100F0189,1,4,0,15,0,8,0,0,0,0,1,1,2,1,22,5,487,1,24,9,2,9
20164100F0189,2,9,0,9,0,5,0,0,0,0,2,1,1,1,65,9,-1,-1,-1,6,1,6
20164100F0191,1,9,0,16,0,2,0,0,7,0,1,1,6,2,37,7,-1,-1,-1,4,1,4
20164100F0191,2,9,0,17,0,1,0,0,0,0,1,1,6,1,71,10,2204,2,9,9,2,9
20164100F0194,1,21,0,18,0,1,1,0,0,0,1,1,1,1,31,6,10518,2,3,3,1,3
20164100F0194,2,9,0,4,0,1,0,0,0,0,2,1,2,1,47,8,-1,-1,-1,9,3,9
20164100F0194,3,9,0,4,0,1,0,0,0,0,2,1,6,1,29,6,2143,2,5,7,3,7
20164100F0194,4,19,0,10,0,1,0,0,0,0,2,1,6,1,47,8,-1,-1,-1,5,1,5
20164100F0222,1,9,0,18,0,8,1,0,1,11,4,1,6,1,30,6,1995,2,11,1,1,1
20164100F0222,2,9,0,18,0,8,0,0,3,11,1,1,6,2,40,7,1596,1,7,10,1,10
20164100F0223,1,9,0,18,0,0,0,0,0,0,0,1,6,3,-1,-1,-1,-1,-1,-1,-1,-1
20164100F0224,1,9,0,5,0,1,0,0,0,0,1,1,6,1,21,5,1364,1,9,9,1,9
20164100F0224,2,1,0,3,0,1,0,0,0,0,2,1,1,2,49,8,-1,-1,-1,10,1,10
20164100F0225,1,9,0,18,0,0,0,0,4,6,1,1,6,2,41,7,1560,2,1,9,1,9
20164100F0228,1,9,0,18,0,6,0,0,0,0,1,1,6,2,68,10,1388,1,2,5,1,5
20164100F0228,2,9,0,18,0,8,0,0,0,0,4,1,6,2,73,10,1390,1,11,-1,-1,-1
20164100F0229,1,9,0,18,0,1,0,0,1,7,1,1,6,1,53,8,2495,2,12,3,1,3
20164100F0230,1,9,0,9,0,6,0,0,0,0,1,1,6,1,20,4,1796,1,16,-1,-1,-1
20164100F0230,2,8,0,18,0,8,0,0,0,0,1,1,1,1,46,8,-1,3,1,5,1,5
20164100F0231,1,9,0,9,0,5,0,0,0,0,1,1,6,2,86,11,1248,1,3,10,1,10
20164100F0231,2,9,0,18,0,8,0,0,0,0,1,1,6,1,36,7,1598,1,14,9,1,9
20164100F0232,1,9,0,7,0,5,0,0,0,0,4,1,6,2,23,5,1995,2,1,10,1,10
20164100F0233,1,9,0,7,0,6,0,0,0,0,3,1,6,1,85,11,1590,1,12,10,1,10
20164100F0233,2,9,0,18,0,8,0,0,0,0,1,1,6,2,56,9,-1,-1,-1,10,2,10
20164100G0001,1,9,0,18,0,1,0,0,0,0,0,1,1,1,30,6,2319,2,4,8,1,8
20164100G0001,2,4,0,15,0,1,0,10,2,1,1,1,6,1,24,5,690,1,1,10,1,10
20164100G0002,1,19,0,13,0,2,0,0,0,0,4,1,6,3,-1,-1,1870,2,10,-1,-1,-1
20164100G0002,2,9,0,18,0,2,0,0,0,0,3,1,6,2,39,7,1242,1,7,10,3,10
20164100G0004,1,9,0,18,0,0,1,0,2,7,1,1,2,2,42,7,1968,2,4,6,1,6
20164100G0009,1,9,0,18,0,1,0,4,0,0,1,1,6,2,75,10,1598,1,16,6,1,6
20164100G0009,2,9,0,2,0,8,0,4,0,0,2,1,6,1,22,5,-1,-1,-1,-1,-1,-1
20164100G0009,3,9,0,2,0,8,0,0,0,0,2,1,6,1,46,8,2230,1,9,-1,-1,-1
20164100G0013,1,1,0,18,0,2,0,4,0,0,1,1,6,1,19,4,-1,-1,-1,10,1,10
20164100G0013,2,9,0,2,0,2,0,0,0,0,2,1,6,1,-1,-1,-1,-1,-1,-1,-1,-1
20164100G0018,1,19,0,18,0,8,0,0,0,0,3,1,1,1,63,9,1998,2,10,6,1,6
20164100G0020,1,9,0,1,0,0,0,4,0,0,2,1,3,2,23,5,1560,2,8,4,1,4
20164100G0020,2,9,0,2,0,0,0,0,0,0,1,1,3,2,40,7,-1,-1,-1,9,3,9
20164100G0024,1,9,0,9,0,5,0,0,0,0,4,1,2,2,55,8,1598,1,5,7,1,7
20164100G0025,1,9,0,7,0,8,0,0,0,0,4,1,6,3,-1,-1,-1,-1,-1,-1,-1,-1
20164100G0027,1,3,0,13,0,8,0,0,0,0,1,1,6,1,25,5,125,1,13,5,1,5
20164100G0027,2,1,0,9,0,5,0,0,0,0,3,1,2,1,46,8,-1,-1,-1,5,1,5
20164100G0028,1,9,0,4,0,1,0,0,0,0,1,1,6,1,62,9,-1,-1,-1,10,1,10
20164100G0028,2,9,0,4,0,1,0,0,0,0,2,1,6,1,18,4,1242,1,17,6,3,6
20164100G0031,1,9,0,5,0,6,0,0,0,0,1,1,6,1,-1,-1,1364,1,1,10,1,10
20164100G0035,1,19,0,18,0,0,0,0,0,0,1,1,6,1,50,8,2143,2,3,5,1,5
20164100G0035,2,19,0,4,0,0,5,0,1,0,2,1,6,1,54,8,1560,2,3,4,1,4
20164100G0038,1,9,0,14,0,1,0,0,0,0,3,1,6,2,78,11,1994,1,8,8,3,8
20164100G0038,2,9,0,4,0,2,0,0,0,0,3,1,6,1,66,10,-1,-1,-1,10,2,10
20164100G0038,3,9,0,4,0,2,0,0,0,0,1,1,6,2,40,7,1995,2,11,10,3,10
20164100G0042,1,9,0,17,0,0,0,0,0,0,1,1,6,2,44,7,1998,8,1,9,3,9
20164100G0042,2,1,0,16,0,0,0,0,0,0,1,1,6,1,74,10,-1,-1,-1,9,1,9
20164100G0045,1,9,0,18,0,8,0,0,1,0,1,1,6,1,82,11,1798,1,6,9,1,9
20164100G0045,2,9,0,18,0,8,1,0,1,11,3,1,6,1,63,9,1998,1,10,6,1,6
20164100G0046,1,9,0,18,0,0,5,4,0,0,1,1,6,1,42,7,1398,2,14,7,1,7
20164100G0046,2,9,0,2,0,0,0,0,0,0,2,1,6,3,-1,-1,1796,1,11,-1,-1,-1
20164100G0055,1,9,0,7,0,6,0,0,1,10,1,1,6,1,21,5,1600,1,12,2,1,2
20164100G0055,2,9,0,18,0,1,0,0,0,0,0,1,1,1,33,6,2400,2,3,-1,-1,-1
20164100G0055,3,9,0,18,0,1,0,0,1,0,4,1,1,1,45,7,2400,2,5,-1,-1,-1
20164100G0055,4,9,0,18,0,8,0,0,0,0,4,1,6,1,64,9,1686,2,4,10,1,10
20164100G0056,1,9,0,9,0,5,0,0,0,0,4,1,6,1,30,6,1781,1,14,9,1,9
20164100G0056,2,9,0,18,0,8,0,0,0,0,1,1,6,1,29,6,1896,2,16,8,1,8
20164100G0057,1,17,5,18,0,1,0,0,1,0,1,2,1,1,32,6,5675,2,31,5,1,5
20164100G0057,2,19,0,3,0,1,0,0,0,0,2,1,1,1,22,5,2198,2,1,8,1,8
20164100G0057,3,9,0,10,0,1,0,0,0,0,2,1,6,1,55,8,1995,2,3,10,1,10
20164100G0063,1,9,0,14,0,0,0,0,0,0,1,1,2,1,40,7,1995,1,12,10,1,10
20164100G0064,1,9,0,9,0,6,0,0,0,0,3,1,1,1,32,6,1997,2,1,7,1,7
20164100G0064,2,9,0,18,0,8,0,0,0,0,1,1,6,1,20,4,2597,1,14,8,1,8
20164100G0066,1,9,0,4,0,8,0,0,0,0,1,1,6,2,19,4,1364,1,10,8,1,8
20164100G0066,2,9,0,9,0,6,0,0,0,0,3,1,6,1,22,5,-1,-1,-1,8,2,8
20164100G0072,1,9,0,2,7,0,0,0,1,10,1,1,6,1,64,9,1596,1,2,9,1,9
20164100G0074,1,9,0,9,0,5,0,0,0,0,1,1,6,2,36,7,1984,1,16,5,1,5
20164100G0074,2,9,0,18,0,8,0,0,0,0,3,1,6,1,33,6,1596,1,13,9,1,9
20164100G0074,3,9,0,8,0,1,0,0,0,0,3,1,6,2,26,6,1598,1,10,10,1,10
20164100G0079,1,9,0,5,0,4,0,0,0,0,1,1,6,1,80,11,-1,-1,-1,6,1,6
20164100G0079,2,1,0,18,0,8,1,0,0,0,4,1,6,1,28,6,-1,-1,-1,5,1,5
20164100G0081,1,9,0,18,0,1,0,0,1,0,1,1,2,1,31,6,1499,2,1,7,3,7
20164100G0081,2,17,5,9,0,5,0,0,0,0,2,1,2,1,24,5,6728,2,4,7,3,7
20164100G0082,1,8,0,18,0,0,0,0,0,0,1,1,1,1,50,8,1598,1,7,10,1,10
20164100G0083,1,9,0,16,0,0,0,0,0,0,1,1,6,2,21,5,1229,1,3,10,2,10
20164100G0083,2,9,0,17,0,0,0,0,0,0,1,1,6,1,76,11,998,1,16,10,1,10
20164100G0087,1,9,0,1,0,0,0,0,0,0,2,1,6,1,33,6,1998,1,2,9,1,9
20164100G0089,1,9,0,7,0,1,0,0,0,0,4,1,6,1,50,8,-1,-1,-1,-1,-1,-1
20164100G0089,2,9,0,18,0,1,0,0,0,0,3,1,6,2,41,7,1229,1,7,6,1,6
20164100G0090,1,1,0,18,0,8,0,0,0,0,1,1,2,1,50,8,-1,-1,-1,7,1,7
20164100G0090,2,9,0,18,0,4,0,0,0,0,1,1,2,1,60,9,3200,2,2,9,2,9
20164100G0094,1,9,0,9,0,8,0,0,0,0,1,1,6,2,45,7,1896,2,10,3,1,3
20164100G0094,2,9,0,18,0,8,0,0,0,0,3,1,6,2,39,7,1348,1,14,5,1,5
20164100G0095,1,9,0,7,0,0,0,0,0,0,3,1,5,1,27,6,1968,2,10,5,1,5
20164100G0095,2,9,0,18,0,0,0,0,0,0,4,1,5,1,29,6,1956,2,1,5,1,5
20164100G0115,1,9,0,18,0,0,0,10,2,0,1,1,6,1,24,5,1388,1,4,3,1,3
20164100G0115,2,9,0,18,0,0,0,0,1,4,1,1,6,2,53,8,1968,2,9,10,1,10
20164100G0116,1,9,0,18,0,8,0,0,0,0,1,1,6,1,30,6,1596,1,11,-1,-1,-1
20164100G0116,2,9,0,2,0,8,0,0,0,0,0,1,6,1,36,7,1391,1,19,3,1,3
20164100G0120,1,9,0,18,0,4,0,0,0,0,1,1,1,2,38,7,1598,1,11,2,1,2
20164100G0120,2,9,0,18,0,8,0,0,0,0,3,1,1,1,44,7,-1,-1,-1,-1,-1,-1
20164100G0121,1,9,0,9,0,5,0,0,0,0,1,1,1,2,45,7,1598,1,13,4,1,4
20164100G0121,2,9,0,18,0,8,0,0,0,0,1,1,1,2,25,5,1248,1,4,6,1,6
20164100G0121,3,21,4,3,0,2,0,0,0,0,2,1,1,1,42,7,10837,2,2,3,1,3
20164100G0131,1,9,0,18,0,0,0,0,1,0,3,1,6,1,28,6,2495,2,26,-1,-1,-1
20164100G0131,2,1,0,18,0,0,0,0,1,0,3,1,6,2,28,6,-1,-1,-1,10,2,10
20164100G0136,1,9,0,5,0,1,0,0,0,0,1,1,6,2,29,6,1461,2,3,5,1,5
20164100G0136,2,9,0,3,0,1,0,0,0,0,2,1,2,2,30,6,1598,2,1,8,1,8
20164100G0137,1,9,0,18,0,0,0,0,0,0,3,1,6,2,34,6,1598,1,10,9,1,9
20164100G0137,2,9,0,18,0,0,0,0,7,4,1,1,6,2,68,10,2720,2,10,9,3,9
20164100G0143,1,9,0,5,0,4,0,0,0,0,1,1,6,2,31,6,1582,2,2,5,1,5
20164100G0143,2,1,0,9,0,8,0,0,0,0,4,1,6,1,44,7,-1,-1,-1,10,1,10
20164100G0146,1,9,0,12,0,8,0,0,0,0,2,1,6,1,63,9,2179,2,5,9,1,9
20164100G0146,2,9,0,18,0,8,0,0,0,0,1,1,6,1,63,9,1596,1,14,4,1,4
20164100G0151,1,1,0,18,0,8,0,0,0,0,2,1,2,1,36,7,-1,-1,-1,5,1,5
20164100G0151,2,9,0,18,0,4,0,0,0,0,1,1,2,1,51,8,2401,2,14,10,1,10
20164100G0153,1,9,0,18,0,0,0,0,0,0,1,1,2,2,22,5,1242,1,8,6,1,6
20164100G0153,2,9,0,18,0,0,0,0,0,0,1,1,3,2,32,6,1995,2,5,2,1,2
20164100G0156,1,9,0,16,0,0,1,0,1,9,4,1,2,1,21,5,1397,1,4,10,1,10
20164100G0159,1,9,0,1,9,6,0,0,0,0,2,1,1,1,24,5,1597,2,1,6,1,6
20164100G0160,1,9,0,18,0,8,0,0,0,0,1,1,6,2,21,5,1596,1,14,-1,-1,-1
20164100G0160,2,9,0,1,0,6,0,0,0,0,2,1,2,1,35,6,1984,1,6,6,1,6
20164100G0161,1,9,0,14,0,0,0,0,0,0,1,1,6,1,40,7,1596,1,11,4,1,4
20164100G0161,2,19,0,14,0,0,0,0,0,0,2,1,6,1,55,8,-1,-1,-1,6,3,6
20164100G0162,1,9,0,18,0,0,0,0,0,0,1,1,2,2,27,6,1598,1,13,4,1,4
20164100G0162,2,9,0,3,0,0,0,0,0,0,2,1,2,1,68,10,999,1,1,10,1,10
20164100G0168,1,9,0,5,0,6,0,0,0,0,1,1,6,1,68,10,1685,2,2,10,1,10
20164100G0168,2,1,0,18,0,8,0,0,0,0,3,1,6,1,23,5,-1,-1,-1,5,1,5
20164100J0004,1,9,0,18,0,1,0,0,7,2,1,1,2,1,24,5,-1,-1,-1,3,1,3
20164100J0006,1,9,0,18,0,8,0,10,1,10,1,1,2,2,18,4,1242,1,3,2,1,2
20164100J0006,2,9,0,9,0,5,0,0,0,0,4,1,2,2,82,11,1596,1,8,9,1,9
20164100J0008,1,9,0,1,0,0,0,0,1,11,2,1,6,1,89,11,2497,1,12,10,1,10
20164100J0018,1,19,0,9,0,6,0,0,0,0,1,1,6,2,60,9,1149,1,16,-1,-1,-1
20164100J0018,2,9,0,18,0,8,0,0,0,0,1,1,6,2,34,6,1339,8,7,3,1,3
20164100J0022,1,3,0,18,0,4,0,0,0,0,1,1,6,1,22,5,125,1,2,7,1,7
20164100J0022,2,9,0,9,0,8,0,0,0,0,1,1,6,1,21,5,1390,1,15,-1,-1,-1