Accident_Index,Vehicle_Reference,Vehicle_Type,Towing_and_Articulation,Vehicle_Manoeuvre,Vehicle_Location-Restricted_Lane,Junction_Location,Skidding_and_Overturning,Hit_Object_in_Carriageway,Vehicle_Leaving_Carriageway,Hit_Object_off_Carriageway,1st_Point_of_Impact,Was_Vehicle_Left_Hand_Drive?,Journey_Purpose_of_Driver,Sex_of_Driver,Age_of_Driver,Age_Band_of_Driver,Engine_Capacity_(CC),Propulsion_Code,Age_of_Vehicle,Driver_IMD_Decile,Driver_Home_Area_Type,Vehicle_IMD_Decile
20164100J0029,1,9,0,4,0,1,1,0,1,11,1,1,6,1,42,7,1399,2,10,10,1,10
20164100J0029,2,9,0,4,0,1,0,0,0,0,2,1,6,2,47,8,1364,1,2,9,1,9
20164100J0029,3,9,0,4,0,1,0,0,0,0,2,1,6,1,50,8,1968,2,4,7,1,7
20164100J0032,1,9,0,5,0,4,0,0,0,0,1,1,3,2,56,9,2354,1,12,8,1,8
20164100J0032,2,9,0,18,0,8,0,0,0,0,4,1,1,1,64,9,1997,1,2,9,1,9
20164100J0038,1,9,0,18,0,4,0,0,0,0,1,1,6,1,20,4,1995,2,9,8,1,8
20164100J0038,2,9,0,9,0,8,0,0,0,0,1,1,6,2,22,5,1360,1,11,5,1,5
20164100J0046,1,9,0,9,0,5,0,0,0,0,1,1,6,3,-1,-1,-1,-1,-1,-1,-1,-1
20164100J0046,2,1,0,18,0,8,0,0,1,11,2,1,4,1,12,3,-1,-1,-1,9,1,9
20164100J0049,1,21,1,1,0,0,0,0,0,0,1,1,1,1,45,7,16400,2,1,2,1,2
20164100J0049,2,9,0,3,0,0,0,0,0,0,2,1,2,1,56,9,1997,2,4,10,1,10
20164100J0061,1,9,0,18,0,0,0,0,0,0,1,1,6,2,38,7,1242,1,9,5,1,5
20164100J0063,1,9,0,18,0,0,0,4,0,0,1,1,6,2,94,11,998,1,6,9,2,9
20164100J0063,2,9,0,2,0,0,0,4,0,0,3,1,6,3,-1,-1,1986,2,9,-1,-1,-1
20164100J0063,3,9,0,2,0,0,0,0,0,0,2,1,6,3,-1,-1,1364,1,8,-1,-1,-1
20164100J0064,1,8,0,18,0,0,0,0,0,0,1,1,6,1,54,8,2151,2,13,5,1,5
20164100J0064,2,9,0,18,0,0,0,0,1,0,3,1,6,2,32,6,1975,1,9,8,1,8
20164100J0064,3,9,0,18,0,0,0,0,0,0,1,1,6,1,61,9,3498,1,8,4,1,4
20164100J0068,1,9,0,18,0,8,0,0,0,0,1,1,6,1,18,4,1390,1,10,5,1,5
20164100J0068,2,9,0,9,0,6,0,0,0,0,3,1,6,1,19,4,1995,2,3,7,1,7
20164100J0071,1,9,0,18,0,1,0,0,0,0,1,1,5,2,23,5,1398,1,5,4,1,4
20164100J0073,1,19,0,5,0,0,0,0,0,0,4,1,6,3,-1,-1,-1,-1,-1,-1,-1,-1
20164100J0073,2,1,0,18,0,0,0,0,0,0,4,1,2,1,49,8,-1,-1,-1,7,1,7
20164100J0075,1,9,0,13,0,0,0,0,0,0,4,1,6,3,-1,-1,-1,-1,-1,-1,-1,-1
20164100J0075,2,22,0,14,0,0,5,0,0,0,3,1,6,2,58,9,-1,-1,-1,8,1,8
20164100J0077,1,21,0,18,0,0,0,0,0,0,4,1,6,1,40,7,-1,-1,-1,-1,-1,-1
20164100J0077,2,1,0,18,0,0,1,0,0,0,2,1,1,1,41,7,-1,-1,-1,-1,-1,-1
20164100J0079,1,9,0,18,0,8,0,0,0,0,4,1,6,1,22,5,-1,-1,-1,10,1,10
20164100J0079,2,9,0,9,0,6,0,0,0,0,1,1,6,1,43,7,1956,2,2,3,1,3
20164100J0080,1,9,0,18,0,0,0,0,0,0,0,1,6,2,35,6,1998,1,14,8,1,8
20164100J0081,1,9,0,18,0,8,0,0,0,0,1,1,5,2,61,9,-1,-1,-1,5,1,5
20164100J0081,2,9,0,9,0,6,0,0,0,0,4,1,6,1,-1,-1,-1,-1,-1,-1,-1,-1
20164100J0084,1,9,0,18,0,0,5,4,0,0,4,1,1,2,52,8,1339,8,6,5,3,5
20164100J0084,2,9,0,2,0,0,0,0,0,0,3,1,6,3,-1,-1,1229,1,7,10,1,10
20164100J0087,1,9,0,9,0,6,0,0,0,0,0,1,6,1,81,11,1598,1,4,10,1,10
20164100J0087,2,2,0,18,0,1,1,0,0,0,0,1,6,2,32,6,49,1,2,10,2,10
20164100J0089,1,9,0,18,0,0,0,0,0,0,1,1,6,2,25,5,1242,1,7,7,1,7
20164100J0089,2,9,0,4,0,0,0,0,0,0,2,1,6,1,54,8,1998,8,1,8,1,8
20164100J0090,1,19,0,4,0,1,0,0,0,0,1,1,6,1,30,6,2143,2,2,7,2,7
20164100J0090,2,9,0,3,0,1,0,0,0,0,2,1,6,2,38,7,1956,2,1,9,1,9
20164100J0092,1,11,0,5,0,8,0,0,0,0,0,1,1,2,45,7,-1,-1,-1,8,1,8
20164100J0092,2,9,0,18,0,4,0,0,0,0,0,1,6,3,-1,-1,-1,-1,-1,-1,-1,-1
20164100J0098,1,9,0,18,0,8,0,0,0,0,1,1,6,1,29,6,1896,2,8,6,2,6
20164100J0101,1,9,0,7,0,3,0,0,0,0,4,1,6,1,40,7,1896,2,10,8,1,8
20164100J0101,2,9,0,7,0,3,0,0,0,0,3,1,6,1,64,9,3206,1,24,5,1,5
20164100J0103,1,9,0,18,0,1,0,0,0,0,1,1,6,1,73,10,1796,1,8,8,1,8
20164100J0103,2,1,0,18,0,1,0,0,0,0,2,1,6,1,16,4,-1,-1,-1,10,2,10
20164100J0106,1,9,0,9,0,6,0,0,0,0,1,1,2,1,56,9,1275,1,21,4,1,4
20164100J0106,2,5,0,10,0,8,0,0,0,0,4,1,2,1,45,7,645,1,14,7,1,7
20164100J0107,1,9,0,9,0,6,0,0,0,0,1,1,6,2,52,8,1086,1,10,-1,-1,-1
20164100J0107,2,4,0,14,0,8,0,0,0,0,4,1,6,1,34,6,988,1,12,5,1,5
20164100J0111,1,9,0,4,0,1,0,0,0,0,1,1,6,2,45,7,2993,2,2,8,1,8
20164100J0111,2,9,0,3,0,1,0,0,0,0,2,1,3,2,49,8,1198,1,4,8,1,8
20164100J0116,1,9,0,18,0,0,5,4,0,0,1,1,6,1,22,5,1396,1,13,6,1,6
20164100J0116,2,9,0,2,0,0,0,0,1,0,2,1,6,3,-1,-1,1229,1,11,4,1,4
20164100J0117,1,9,0,3,0,1,0,0,0,0,2,1,1,1,24,5,1248,2,4,-1,-1,-1
20164100J0117,2,8,0,4,0,1,0,0,0,0,1,1,1,1,54,8,-1,-1,-1,5,1,5
20164100J0120,1,9,0,9,0,5,0,0,0,0,1,1,6,1,19,4,-1,-1,-1,8,1,8
20164100J0120,2,1,0,18,0,8,0,0,0,0,3,1,6,2,35,6,-1,-1,-1,1,1,1
20164100J0122,1,9,0,18,0,8,0,0,0,0,1,1,6,2,33,6,1388,1,5,4,1,4
20164100J0122,2,9,0,9,0,6,0,0,0,0,1,1,6,2,57,9,1242,1,-1,5,1,5
20164100J0126,1,9,0,7,9,5,0,0,0,0,4,1,6,2,60,9,1998,1,9,10,1,10
20164100J0127,1,9,0,18,0,0,0,0,5,7,3,1,6,1,45,7,1998,1,19,7,1,7
20164100J0130,1,9,0,5,0,1,0,0,0,0,2,1,6,2,41,7,1150,1,11,5,1,5
20164100J0130,2,9,0,5,0,1,0,0,0,0,1,1,6,2,37,7,-1,-1,-1,10,1,10
20164100J0131,1,19,0,9,0,5,0,0,0,0,1,1,1,1,40,7,1598,2,5,8,1,8
20164100J0132,1,9,0,4,0,0,0,0,0,0,1,1,6,1,37,7,2435,1,14,8,3,8
20164100J0132,2,9,0,3,0,0,0,0,0,0,2,1,6,2,27,6,1299,1,12,4,1,4
20164100J0132,3,9,0,3,0,0,0,0,0,0,2,1,6,2,57,9,1198,1,2,3,1,3
20164100J0136,1,9,0,9,0,5,0,7,0,1,4,1,6,1,39,7,1590,1,15,5,1,5
20164100J0136,2,9,0,18,0,8,0,0,0,0,1,1,6,1,38,7,1598,2,1,8,1,8
20164100J0136,3,9,0,3,0,1,0,0,0,0,3,1,6,1,51,8,1999,1,8,8,1,8
20164100J0139,1,9,0,18,0,2,5,10,0,0,3,1,6,1,18,4,1397,1,12,7,1,7
20164100J0144,1,9,0,18,0,0,0,0,0,0,4,1,6,1,60,9,2179,2,2,10,1,10
20164100J0149,1,8,0,18,0,0,0,0,0,0,1,1,6,1,-1,-1,-1,-1,-1,-1,-1,-1
20164100J0150,1,9,0,3,0,0,0,0,0,0,1,1,6,1,61,9,1896,2,14,4,1,4
20164100J0150,2,9,0,3,0,0,0,0,0,0,2,1,6,2,22,5,875,1,3,5,1,5
20164100J0153,1,9,0,18,0,8,0,0,1,4,1,1,6,2,51,8,1618,1,1,5,1,5
20164100J0153,2,9,0,9,0,6,0,0,0,0,4,1,6,1,50,8,-1,-1,-1,10,1,10
20164100J0154,1,9,0,3,0,0,0,0,0,0,2,1,6,2,35,6,1341,1,11,6,2,6
20164100J0154,2,9,0,4,0,0,0,0,0,0,1,1,6,1,40,7,1968,2,6,10,1,10
20164100J0160,1,9,0,5,0,4,0,0,0,0,1,1,6,2,82,11,1229,1,8,4,1,4
20164100J0160,2,9,0,18,0,8,0,0,0,0,4,1,6,2,68,10,1596,1,8,6,1,6
20164100J0162,1,9,0,5,0,4,0,0,0,0,1,1,6,2,76,11,1242,1,5,6,2,6
20164100J0162,2,9,0,9,0,8,0,0,0,0,4,1,6,1,73,10,2148,2,11,4,1,4
20164100J0163,1,9,0,7,0,6,0,0,0,0,1,1,6,2,80,11,1618,1,4,9,2,9
20164100J0163,2,1,0,18,0,8,0,0,0,0,4,1,6,2,25,5,-1,-1,-1,9,2,9
20164100J0164,1,9,0,18,0,0,0,0,0,0,2,1,6,2,23,5,1149,1,8,5,1,5
20164100J0164,2,9,0,3,0,0,0,0,0,0,1,1,6,1,45,7,1598,1,1,-1,-1,-1
20164100J0164,3,9,0,3,0,0,0,0,0,0,2,1,6,3,-1,-1,-1,-1,-1,-1,-1,-1
20164100J0166,1,9,0,17,0,0,1,0,0,0,1,1,6,1,23,5,-1,-1,-1,4,1,4
20164100J0166,2,9,0,16,0,0,0,0,0,0,1,1,2,2,52,8,1388,1,13,7,1,7
20164100J0167,1,5,0,18,0,1,1,0,0,0,4,1,6,1,32,6,599,1,6,5,1,5
20164100J0168,1,9,0,18,0,0,2,4,0,0,1,1,6,2,46,8,1341,1,12,6,1,6
20164100J0168,2,9,0,2,0,0,0,0,0,0,1,1,6,3,-1,-1,-1,-1,-1,-1,-1,-1
20164100J0169,1,9,0,4,0,1,0,0,0,0,1,1,6,1,-1,-1,1995,2,7,-1,-1,-1
20164100J0169,2,9,0,4,0,1,0,0,0,0,2,1,6,2,20,4,1598,1,12,4,1,4
20164100J0169,3,9,0,4,0,1,0,0,0,0,2,1,6,1,38,7,2987,2,11,3,3,3
20164100J0171,1,9,0,18,0,0,5,0,4,6,4,1,6,2,59,9,1598,1,16,7,1,7
20164100J0173,1,9,0,5,0,0,0,0,0,0,2,1,6,2,70,10,1339,1,4,5,1,5
20164100K0003,1,5,0,18,0,0,0,0,1,4,1,1,6,1,56,9,865,1,7,5,1,5
20164100K0003,2,9,0,18,0,0,0,0,0,0,1,1,6,1,58,9,1997,1,1,10,1,10
20164100K0005,1,9,0,18,0,1,0,0,0,0,1,1,6,1,25,5,-1,-1,-1,9,3,9
20164100K0005,2,9,0,5,0,1,0,0,0,0,2,1,6,1,17,4,1364,1,9,6,1,6
20164100K0006,1,9,0,18,0,1,0,0,0,0,1,1,6,1,23,5,2993,2,10,-1,-1,-1
20164100K0006,2,9,0,3,0,1,0,0,0,0,2,1,6,1,55,8,1248,2,8,8,1,8
20164100K0011,1,9,0,7,0,4,0,0,0,0,1,1,1,2,42,7,1686,2,12,3,1,3
20164100K0011,2,1,0,18,0,8,0,0,0,0,4,1,6,1,32,6,-1,-1,-1,5,1,5
20164100K0017,1,9,0,9,0,6,0,0,0,0,3,1,1,1,35,6,2143,2,7,3,1,3
20164100K0017,2,1,0,18,0,8,0,0,0,0,1,1,2,2,42,7,-1,-1,-1,10,1,10
20164100K0025,1,9,0,18,0,1,0,0,0,0,3,1,2,1,31,6,1149,1,11,6,1,6
20164100K0025,2,9,0,18,0,2,0,0,0,0,3,1,5,2,43,7,1995,2,12,5,1,5
20164100K0027,1,11,0,18,0,0,0,0,0,0,1,1,1,1,40,7,-1,-1,-1,-1,-1,-1
20164100K0027,2,9,0,3,0,0,0,0,0,0,2,1,6,2,50,8,-1,-1,-1,-1,-1,-1
20164100K0032,1,19,0,9,0,5,0,0,0,0,1,1,6,1,40,7,1560,2,2,4,1,4
20164100K0032,2,9,0,10,0,1,0,0,0,0,3,1,6,2,55,8,1364,1,1,1,1,1
20164100K0036,1,9,0,5,0,6,0,0,0,0,1,1,6,2,84,11,1596,1,10,9,1,9
20164100K0036,2,9,0,18,0,8,0,0,0,0,4,1,6,2,35,6,-1,-1,-1,5,1,5
20164100K0037,1,9,0,18,0,0,2,0,7,9,0,1,3,2,55,8,1386,1,11,3,1,3
20164100K0038,1,19,0,13,0,2,0,0,0,0,4,1,2,1,23,5,2198,2,1,6,1,6
20164100K0038,2,1,0,12,0,2,0,0,0,0,3,1,6,1,28,6,-1,-1,-1,5,1,5
20164100K0039,1,9,0,9,0,6,0,0,0,0,4,1,6,1,32,6,1598,1,4,2,1,2
20164100K0042,1,3,0,14,0,8,0,0,0,0,4,1,1,1,35,6,124,1,4,5,1,5
20164100K0042,2,9,0,9,0,6,0,0,0,0,1,1,6,1,40,7,1398,1,2,7,1,7
20164100K0044,1,9,0,9,0,5,0,0,0,0,3,1,6,1,21,5,1149,1,14,9,1,9
20164100K0044,2,2,0,13,0,8,0,0,0,0,1,1,6,1,23,5,124,1,2,6,1,6
20164100K0047,1,9,0,4,0,1,0,0,0,0,1,1,6,1,23,5,-1,-1,-1,-1,-1,-1
20164100K0047,2,9,0,3,0,1,0,0,0,0,2,1,6,2,55,8,2198,1,11,9,1,9
20164100K0052,1,9,0,5,0,0,0,0,0,0,4,1,6,2,72,10,1910,2,6,2,1,2
20164100K0054,1,9,0,18,0,8,0,0,0,0,3,1,6,1,45,7,1595,1,11,3,1,3
20164100K0054,2,9,0,7,0,8,0,0,0,0,4,1,6,1,18,4,1364,1,10,5,1,5
20164100K0055,1,9,0,9,0,5,0,0,0,0,1,1,1,1,30,6,1461,2,11,8,1,8
20164100K0055,2,9,0,18,0,8,0,0,0,0,1,1,1,2,30,6,1398,1,6,8,1,8
20164100K0056,1,9,0,18,0,2,0,4,0,0,4,1,6,1,30,6,996,1,3,6,1,6
20164100K0056,2,19,0,2,0,2,0,0,0,0,2,1,6,3,-1,-1,1598,2,9,6,1,6
20164100K0060,1,9,0,1,0,0,0,0,0,0,2,1,6,3,-1,-1,-1,-1,-1,-1,-1,-1
20164100K0062,1,9,0,18,0,0,0,0,0,0,1,1,6,1,25,5,1299,1,10,5,1,5
20164100K0062,2,9,0,18,0,0,0,4,1,11,2,1,6,1,20,4,1388,1,13,3,1,3
20164100K0062,3,9,0,2,9,0,0,0,0,0,3,1,6,1,-1,-1,1956,2,2,8,1,8
20164100K0070,1,9,0,18,0,8,2,10,1,1,1,1,6,1,18,4,1496,2,1,5,1,5
20164100K0080,1,9,0,9,0,6,0,0,0,0,1,1,6,2,68,10,998,1,3,6,1,6
20164100K0080,2,2,0,18,0,8,0,0,0,0,3,1,6,1,14,3,49,1,17,7,1,7
20164100K0083,1,8,0,7,0,5,0,0,0,0,1,1,1,1,55,8,1997,2,5,3,1,3
20164100K0092,1,9,0,9,0,4,0,0,0,0,1,1,6,3,-1,-1,-1,-1,-1,-1,-1,-1
20164100K0092,2,9,0,18,0,8,0,0,0,0,4,1,6,2,56,9,-1,-1,-1,9,3,9
20164100K0097,1,9,0,18,0,0,0,0,1,3,1,1,6,1,22,5,1995,2,12,8,3,8
20164100K0098,1,9,0,4,0,0,0,0,0,0,1,1,1,1,-1,-1,-1,-1,-1,-1,-1,-1
20164100K0098,2,9,0,18,0,0,0,0,0,0,0,1,1,1,-1,-1,-1,-1,-1,-1,-1,-1
20164100K0098,3,9,0,18,9,0,0,0,7,2,1,1,6,1,-1,-1,-1,-1,-1,-1,-1,-1
20164100K0113,1,3,0,4,0,1,0,0,0,0,1,1,6,1,17,4,125,1,5,5,1,5
20164100K0113,2,9,0,10,0,1,0,0,0,0,2,1,6,3,-1,-1,-1,-1,-1,-1,-1,-1
20164100K0119,1,9,0,4,0,0,0,0,0,0,3,1,1,1,28,6,1248,2,4,8,1,8
20164100K0119,2,5,0,5,0,0,1,0,0,0,4,1,6,1,20,4,599,1,9,5,1,5
20164100K0119,3,19,0,2,0,0,0,0,0,0,3,1,6,3,-1,-1,1997,2,11,-1,-1,-1
20164100K0123,1,97,0,14,0,1,0,0,0,0,1,1,6,1,14,3,-1,-1,-1,7,1,7
20164100K0123,2,9,0,9,0,6,0,0,0,0,3,1,6,1,62,9,4600,1,13,5,1,5
20164100K0127,1,9,0,5,0,4,0,0,0,0,1,1,6,2,-1,-1,2497,2,9,-1,-1,-1
20164100K0127,2,9,0,9,0,8,0,0,0,0,4,1,6,2,18,4,-1,-1,-1,8,1,8
20164100K0133,1,9,0,5,0,1,0,0,0,0,1,1,6,2,-1,-1,1968,2,6,-1,-1,-1
20164100K0133,2,1,0,18,0,1,0,0,0,0,2,1,6,1,60,9,-1,-1,-1,-1,-1,-1
20164100K0138,1,9,0,18,0,1,0,0,0,0,1,1,6,1,39,7,-1,-1,-1,3,1,3
20164100K0138,2,9,0,4,0,1,0,0,0,0,2,1,6,2,40,7,1199,1,12,9,1,9
20164100K0138,3,9,0,15,0,1,0,0,0,0,0,1,1,1,40,7,-1,-1,-1,-1,-1,-1
20164100K0141,1,1,0,18,0,2,0,0,0,0,3,1,6,1,50,8,-1,-1,-1,6,1,6
20164100K0141,2,9,0,13,0,1,0,0,0,0,3,1,6,1,54,8,1461,2,1,9,1,9
20164100K0142,1,20,0,18,0,0,0,0,0,0,1,1,1,1,28,6,4462,2,3,-1,-1,-1
20164100K0142,2,9,0,3,0,0,0,0,0,0,2,1,6,1,50,8,1596,1,13,3,1,3
20164100K0144,1,9,0,9,0,6,0,0,0,0,3,1,6,2,40,7,-1,-1,-1,-1,-1,-1
20164100K0145,1,98,1,18,0,8,0,0,0,0,1,2,1,1,46,8,-1,-1,-1,-1,-1,-1
20164100K0145,2,9,0,11,0,3,0,0,0,0,3,1,6,2,19,4,1242,1,5,3,1,3
20164100K0151,1,9,0,9,0,8,0,0,0,0,3,1,6,1,26,6,1242,1,7,3,1,3
20164100K0151,2,9,0,18,0,4,0,0,0,0,1,1,6,3,-1,-1,2199,2,6,5,1,5
20164100K0152,1,9,0,18,0,8,0,0,0,0,4,1,5,1,20,4,1242,1,7,7,1,7
20164100K0152,2,21,1,18,0,4,0,0,0,0,1,2,1,1,40,7,-1,-1,-1,-1,-1,-1
20164100K0154,1,9,0,18,9,2,0,0,0,0,1,1,6,3,-1,-1,1598,1,12,9,1,9
20164100K0154,2,1,0,18,9,2,1,0,0,0,2,1,2,1,38,7,-1,-1,-1,9,1,9
20164100K0159,1,9,0,4,0,1,0,0,0,0,1,1,6,1,19,4,1242,1,7,7,1,7
20164100K0159,2,9,0,3,0,1,0,0,0,0,2,1,6,1,32,6,1560,2,4,3,1,3
20164100K0159,3,19,0,3,0,1,0,0,0,0,2,1,6,1,41,7,1560,2,3,4,1,4
20164100K0162,1,9,0,18,0,0,0,0,0,0,4,1,6,1,48,8,1986,2,9,8,1,8
20164100K0162,2,9,0,12,0,0,2,10,0,0,3,1,1,1,46,8,998,1,17,3,1,3
20164100K0163,1,9,0,4,0,1,0,0,0,0,1,1,6,2,25,5,1598,2,3,6,1,6
20164100K0163,2,19,0,3,0,1,0,0,0,0,2,1,6,1,53,8,2198,2,9,3,1,3
20164100K0164,1,9,0,5,0,4,0,0,0,0,1,1,6,1,23,5,-1,-1,-1,-1,-1,-1
20164100K0164,2,9,0,18,0,8,0,0,0,0,4,1,2,2,19,4,1299,1,13,6,1,6
20164100K0168,1,8,0,18,0,6,0,0,0,0,3,1,1,1,30,6,1956,2,3,-1,-1,-1
20164100K0168,2,9,0,18,0,8,0,0,0,0,1,1,6,3,-1,-1,-1,-1,-1,-1,-1,-1
20164100K0172,1,5,0,14,0,8,0,0,0,0,4,1,6,1,17,4,124,1,11,8,1,8
20164100K0172,2,9,0,9,0,5,0,0,0,0,3,1,6,1,30,6,1999,1,6,3,1,3
20164100K0178,1,9,0,1,9,1,0,0,0,0,2,1,6,3,-1,-1,-1,-1,-1,-1,-1,-1
20164100K0179,1,9,0,18,0,0,0,4,0,0,1,1,6,1,85,11,1108,1,11,5,1,5
20164100K0179,2,9,0,2,0,0,0,0,0,0,2,1,1,1,26,6,1598,2,-1,-1,-1,-1
20164100K0180,1,9,0,18,0,0,0,0,0,0,1,1,6,1,32,6,-1,-1,-1,6,1,6
20164100K0180,2,9,0,11,0,0,0,0,1,0,2,1,6,1,33,6,1587,1,10,3,1,3
20164100K0182,1,19,0,4,0,1,0,0,0,0,1,1,6,1,30,6,1753,2,8,4,1,4
20164100K0182,2,9,0,3,0,1,0,0,0,0,2,1,6,1,25,5,1984,1,6,4,1,4
20164100K0188,1,2,0,18,2,0,0,0,0,0,1,1,6,1,20,4,49,1,13,2,1,2
20164100K0188,2,19,0,15,0,0,0,0,0,0,2,1,6,1,43,7,1598,2,9,5,1,5
20164100K0190,1,9,0,18,0,3,0,4,2,10,1,1,6,1,29,6,1910,2,12,4,1,4
20164100K0190,2,9,0,2,0,1,0,0,0,0,3,1,6,3,-1,-1,1587,1,10,-1,-1,-1
20164100K0190,3,9,0,2,0,1,0,0,0,0,3,1,6,3,-1,-1,1984,1,6,-1,-1,-1
20164100K0191,1,9,0,11,0,1,0,0,0,0,4,1,6,1,18,4,1198,1,3,5,1,5
20164100K0191,2,9,0,4,0,1,0,0,0,0,3,1,6,1,35,6,-1,-1,-1,-1,-1,-1
20164100T1004,1,9,0,18,0,0,2,0,1,0,0,1,1,1,33,6,1910,2,8,5,1,5
20164100T1006,1,9,0,18,0,0,0,0,0,0,1,1,1,1,23,5,1598,1,12,7,2,7
20164100T1006,2,9,0,4,0,0,0,0,0,0,2,1,1,1,38,7,1461,2,1,2,1,2
20164100T1007,1,9,0,18,0,0,0,0,0,0,1,1,6,3,-1,-1,1968,2,9,5,1,5
20164100T1007,2,9,0,4,0,0,0,0,0,0,2,1,2,2,24,5,1598,2,3,7,1,7
20164100T1007,3,9,0,4,0,0,0,0,0,0,2,1,6,1,30,6,-1,-1,-1,9,2,9
20164100T1009,1,19,0,11,0,6,0,0,0,0,3,1,1,1,33,6,2143,2,6,3,1,3
20164100T1009,2,9,0,18,0,8,0,0,5,0,4,1,6,1,28,6,1686,2,9,2,1,2
20164100T1011,1,20,0,11,0,0,0,0,0,0,1,1,6,1,43,7,5193,2,2,1,1,1
20164100T1011,2,9,0,2,6,0,0,0,7,0,2,1,6,1,36,7,5204,1,1,2,1,2
20164100T1012,1,9,0,18,0,0,0,0,0,0,1,1,6,1,26,6,1398,1,1,5,1,5
20164100T1012,2,21,1,18,0,0,0,0,0,0,2,1,1,1,40,7,12777,2,1,2,1,2
20164100T1013,1,19,0,12,0,0,0,0,0,0,1,1,6,1,51,8,1598,2,2,7,1,7
20164100T1013,2,9,0,4,0,0,0,0,0,0,2,1,6,1,57,9,2231,2,10,3,1,3
20164100T1013,3,19,0,4,0,0,0,0,0,0,2,1,6,1,37,7,-1,-1,-1,5,1,5
20164100T1013,4,9,0,4,0,0,0,0,0,0,1,1,6,1,32,6,1199,2,4,2,1,2
20164100T1013,5,9,0,4,0,0,0,0,0,0,1,1,6,2,28,6,1560,2,5,5,1,5
20164100T1013,6,9,0,4,0,0,0,0,1,0,1,1,6,1,45,7,1896,2,11,7,3,7
20164100T1013,7,9,0,4,0,0,0,0,0,0,1,1,6,1,63,9,1956,2,3,2,1,2
20164100T1015,1,9,0,18,0,0,0,0,0,0,1,1,6,2,29,6,1686,2,3,2,1,2
20164100T1015,2,9,0,4,0,0,0,0,0,0,2,1,6,2,22,5,1328,1,8,3,1,3
20164100T1015,3,9,0,4,0,0,0,0,0,0,2,1,6,2,43,7,2143,2,1,6,1,6
20164100T1016,1,21,1,11,0,0,0,0,0,0,4,2,1,1,53,8,-1,-1,-1,-1,-1,-1
20164100T1016,2,9,0,18,0,0,1,0,4,6,3,1,6,1,63,9,1590,1,14,6,1,6
20164100T1018,1,9,0,18,0,0,2,0,1,10,3,1,6,1,46,8,1339,1,9,2,1,2
20164100T1020,1,9,0,18,0,0,0,0,0,0,1,1,6,1,31,6,2902,2,13,3,1,3
20164100T1020,2,9,0,4,0,0,0,0,0,0,2,1,6,1,28,6,1968,2,2,9,1,9
20164100T1020,3,19,0,4,0,0,0,0,0,0,2,1,6,1,29,6,2198,2,5,5,1,5
20164100T1022,1,9,0,18,0,0,1,0,5,6,1,1,6,1,37,7,1396,1,13,4,1,4
20164100T1023,1,9,0,3,0,0,0,0,0,0,2,1,6,1,48,8,1368,1,7,10,1,10
20164100T1023,2,9,0,4,0,0,0,0,0,0,1,1,6,1,40,7,-1,-1,-1,-1,-1,-1
20164100T1025,1,9,0,11,0,0,1,0,1,4,4,1,6,3,-1,-1,1796,1,17,-1,-1,-1
20164100T1025,2,19,0,18,0,0,1,0,1,7,1,1,1,1,45,7,2198,2,3,9,3,9
20164100T1026,1,9,0,18,0,0,1,0,0,0,1,1,6,2,27,6,-1,-1,-1,6,1,6
20164100T1026,2,9,0,4,0,0,0,0,0,0,2,1,6,1,26,6,1597,1,14,4,1,4
20164100T1028,1,19,0,18,0,0,0,0,4,6,1,1,2,1,40,7,1560,2,3,10,1,10
20164100T1030,1,19,0,18,0,0,0,0,0,0,1,1,1,1,18,4,1461,2,1,6,3,6
20164100T1030,2,21,1,18,0,0,0,0,0,0,2,1,1,2,43,7,10837,2,8,3,1,3
20164100T1033,1,21,0,18,0,0,0,0,0,0,1,1,1,1,27,6,10837,2,1,5,1,5
20164100T1033,2,19,0,4,0,0,0,0,0,0,2,1,1,1,57,9,2299,2,1,2,1,2
20164100T1033,3,9,0,4,0,0,0,0,0,0,2,1,1,1,41,7,-1,-1,-1,9,3,9
20164100T1038,1,9,0,12,0,0,0,0,0,0,1,1,6,1,52,8,-1,-1,-1,9,1,9
20164100T1038,2,9,0,18,0,0,0,0,0,0,2,1,6,1,27,6,-1,-1,-1,3,1,3
20164100T1038,3,98,0,18,0,0,0,0,0,0,2,1,6,1,56,9,-1,-1,-1,6,1,6
20164100T1041,1,9,0,18,0,0,2,0,1,7,3,1,6,1,22,5,1998,1,11,1,1,1
20164100T1042,1,21,1,18,0,0,1,0,0,0,1,1,1,1,72,10,12777,2,3,-1,-1,-1
20164100T1042,2,9,0,18,0,0,0,0,0,0,2,1,2,1,51,8,1229,1,11,4,1,4
20164100T1042,3,19,0,18,0,0,0,0,0,0,2,1,2,1,56,9,1248,2,9,3,1,3
20164100T1042,4,9,0,18,0,0,0,0,0,0,2,1,6,1,45,7,1364,1,3,3,2,3
20164100T1043,1,21,1,12,0,0,0,0,0,0,3,2,1,1,57,9,-1,-1,-1,-1,-1,-1
20164100T1043,2,9,0,18,0,0,0,0,2,7,1,1,6,2,53,8,980,1,25,3,1,3
20164100T1043,3,9,0,18,0,0,0,0,0,0,2,1,6,1,18,4,1149,1,13,9,1,9
20164100T1043,4,9,0,18,0,0,0,0,0,0,1,1,6,1,47,8,-1,-1,-1,8,1,8
20164100T1044,1,5,0,18,0,0,0,0,0,0,2,1,6,1,22,5,599,1,13,4,1,4
20164100T1044,2,9,0,11,0,0,0,0,0,0,4,1,6,2,38,7,1968,2,3,10,1,10
20164100T1045,1,9,0,11,0,0,0,0,0,0,4,1,6,1,44,7,2198,1,13,-1,-1,-1
20164100T1045,2,9,0,18,0,0,0,0,1,9,3,1,6,2,47,8,1591,1,5,10,1,10
20164100T1046,1,19,0,4,0,0,0,0,0,0,1,1,1,1,27,6,1910,2,9,7,2,7
20164100T1046,2,9,0,3,0,0,0,0,0,0,2,1,1,2,44,7,2179,2,1,10,2,10