Accident_Index,Vehicle_Reference,Vehicle_Type,Towing_and_Articulation,Vehicle_Manoeuvre,Vehicle_Location-Restricted_Lane,Junction_Location,Skidding_and_Overturning,Hit_Object_in_Carriageway,Vehicle_Leaving_Carriageway,Hit_Object_off_Carriageway,1st_Point_of_Impact,Was_Vehicle_Left_Hand_Drive?,Journey_Purpose_of_Driver,Sex_of_Driver,Age_of_Driver,Age_Band_of_Driver,Engine_Capacity_(CC),Propulsion_Code,Age_of_Vehicle,Driver_IMD_Decile,Driver_Home_Area_Type,Vehicle_IMD_Decile
2016410104553,6,9,0,18,0,0,0,0,0,0,2,1,1,1,-1,-1,998,1,-1,9,1,9
2016410104553,7,9,0,18,0,0,0,0,0,0,1,1,1,2,27,6,1560,2,1,2,1,2
2016410104553,8,9,0,18,0,0,0,0,0,0,3,1,1,1,39,7,-1,-1,-1,10,1,10
2016410104599,1,9,0,18,0,0,0,0,0,0,1,1,5,1,68,10,2198,2,10,5,1,5
2016410104599,2,9,0,4,0,0,0,0,4,6,2,1,5,1,40,7,1368,1,-1,1,1,1
2016410104599,3,9,0,4,0,0,0,0,0,0,4,1,5,2,34,6,1560,2,7,6,1,6
2016410104628,1,9,0,16,0,0,0,0,0,0,1,1,6,2,34,6,1149,1,6,7,1,7
2016410104628,2,9,0,17,0,0,0,0,0,0,1,1,1,1,63,9,-1,-1,-1,7,1,7
2016410104652,1,9,0,12,0,8,0,0,0,0,0,1,6,1,36,7,2179,2,6,4,1,4
2016410104652,2,9,0,18,0,8,0,0,0,0,1,1,6,1,-1,-1,1124,1,11,4,1,4
2016410104652,3,9,0,4,0,8,0,0,0,0,2,1,6,1,50,8,-1,-1,-1,9,2,9
2016410104672,1,9,0,18,0,1,0,0,0,0,1,1,1,1,27,6,1598,2,1,-1,-1,-1
2016410104672,2,1,0,18,0,5,0,0,0,0,1,1,2,2,37,7,-1,-1,-1,9,1,9
2016410104790,1,-1,0,13,0,0,0,0,0,0,4,1,6,3,-1,-1,-1,-1,-1,-1,-1,-1
2016410104790,2,1,0,14,0,0,5,4,0,0,3,1,2,1,32,6,-1,-1,-1,10,1,10
2016410104790,3,9,0,2,0,0,0,0,0,0,2,1,6,3,-1,-1,1596,1,10,-1,-1,-1
2016410104816,1,9,0,10,0,1,0,0,0,0,2,1,5,1,74,10,-1,-1,-1,10,1,10
2016410104816,2,9,0,4,0,1,0,0,0,0,1,1,5,1,65,9,1364,1,1,7,1,7
2016410104816,3,9,0,18,0,1,0,0,0,0,1,1,5,2,25,5,973,1,13,10,1,10
2016410104831,1,9,0,13,0,0,0,0,0,0,4,1,6,3,-1,-1,-1,-1,-1,-1,-1,-1
2016410104831,2,5,0,18,0,0,0,0,0,0,3,1,5,1,66,10,600,1,60,5,1,5
2016410104863,1,9,0,17,0,8,0,0,2,7,1,1,5,1,37,7,-1,-1,-1,-1,-1,-1
2016410104927,1,9,0,12,0,0,0,0,0,0,3,1,5,2,25,5,1388,1,7,10,3,10
2016410104927,2,9,0,18,0,0,0,0,4,6,4,1,5,1,36,7,1895,1,16,3,1,3
2016410104966,1,21,0,18,0,0,0,0,0,0,1,1,6,1,44,7,7146,2,3,4,1,4
2016410104966,2,1,0,18,0,0,5,0,2,10,1,1,6,1,33,6,-1,-1,-1,9,1,9
2016410105014,1,19,0,18,0,0,0,0,0,0,1,1,6,1,36,7,1753,2,5,7,2,7
2016410105014,2,9,0,3,0,0,0,0,0,0,2,1,1,2,44,7,998,1,5,5,1,5
2016410105015,1,9,0,4,0,1,0,0,0,0,1,1,6,3,-1,-1,1968,2,9,-1,-1,-1
2016410105015,2,9,0,3,0,1,0,0,0,0,2,1,6,1,24,5,1368,1,6,5,1,5
2016410105056,1,9,0,18,0,0,1,0,1,7,4,1,5,1,18,4,1364,1,7,4,1,4
2016410105089,1,9,0,5,0,1,0,0,0,0,1,1,6,1,69,10,1242,1,3,7,1,7
2016410105089,2,9,0,3,0,1,0,0,0,0,2,1,6,2,34,6,1560,2,5,5,1,5
2016410105251,1,2,0,18,0,1,2,0,7,0,1,1,5,1,17,4,-1,-1,-1,7,1,7
2016410105315,1,9,0,9,2,6,0,0,0,0,4,1,5,1,40,7,1598,1,12,5,1,5
2016410105315,2,11,0,18,2,1,0,0,0,0,3,1,1,1,41,7,7300,2,11,8,1,8
2016410105351,1,9,0,18,0,0,0,0,0,0,1,1,6,2,22,5,1598,1,4,10,1,10
2016410105351,2,9,0,4,0,0,0,0,0,0,2,1,6,2,44,7,998,1,7,4,1,4
2016410105351,3,19,0,4,0,0,0,0,0,0,2,1,1,1,29,6,2198,2,4,7,1,7
2016410105351,4,9,0,4,0,0,0,0,0,0,2,1,6,1,42,7,1560,2,4,9,1,9
2016410105470,1,9,0,7,0,1,0,0,0,0,1,1,6,1,86,11,1242,1,1,10,1,10
2016410105470,2,9,0,7,0,1,0,0,0,0,2,1,5,2,29,6,1596,1,5,10,1,10
2016410105521,1,9,0,9,0,6,0,0,0,0,1,1,6,2,70,10,1461,2,1,10,1,10
2016410105592,1,1,0,4,0,0,0,0,0,0,1,1,6,1,10,2,-1,-1,-1,6,1,6
2016410105592,2,9,0,18,0,0,0,0,0,0,4,1,6,2,77,11,1339,1,12,7,1,7
2016410105617,1,9,0,9,0,5,0,0,0,0,2,1,6,3,-1,-1,-1,-1,-1,-1,-1,-1
2016410105617,2,3,0,18,0,8,0,0,0,0,1,1,1,1,19,4,108,1,2,5,1,5
2016410105770,1,19,0,18,0,0,2,0,6,7,1,1,5,1,19,4,1753,2,9,5,1,5
2016410105920,1,9,0,9,0,0,0,0,0,0,3,1,6,1,20,4,1242,1,16,7,1,7
2016410105920,2,3,0,14,0,0,0,0,0,0,4,1,6,1,20,4,-1,-1,-1,8,1,8
2016410105952,1,9,0,5,0,4,0,0,0,0,1,1,5,1,22,5,1389,1,19,9,1,9
2016410105952,2,5,0,18,0,3,0,0,0,0,4,1,5,1,33,6,897,1,12,6,1,6
2016410105978,1,9,0,9,0,8,0,0,0,0,3,1,6,1,62,9,1997,2,6,8,1,8
2016410105978,2,9,0,18,0,8,0,0,0,0,3,1,6,2,19,4,998,1,5,7,1,7
2016410106008,1,9,0,18,0,0,0,12,0,0,1,1,5,1,29,6,1997,2,4,-1,3,-1
2016410106008,2,9,0,18,0,0,0,0,0,0,3,1,5,2,50,8,2987,2,6,-1,-1,-1
2016410106008,3,9,0,18,0,0,1,0,0,0,1,1,5,2,69,10,1395,1,1,9,3,9
2016410106008,4,9,0,18,0,0,0,0,0,0,1,1,5,1,73,10,1686,2,11,5,1,5
2016410106008,5,98,0,18,0,0,0,0,0,0,1,1,5,1,48,8,-1,-1,-1,5,1,5
2016410106008,6,9,0,18,0,0,0,0,0,0,0,1,5,1,35,6,1598,1,6,3,1,3
2016410106020,1,21,1,11,0,0,0,0,0,0,4,1,1,1,30,6,12777,2,1,4,1,4
2016410106020,2,9,0,18,0,0,0,0,0,0,3,1,6,1,40,7,1229,1,5,6,1,6
2016410106044,1,9,0,18,0,0,1,0,2,7,4,1,5,1,34,6,1586,1,10,10,1,10
2016410106044,2,98,1,12,0,0,0,0,0,0,3,2,1,1,58,9,-1,-1,-1,-1,-1,-1
2016410106089,1,9,0,18,0,8,0,0,0,0,1,1,6,1,50,8,1560,2,5,9,2,9
2016410106096,1,98,0,18,0,1,0,0,0,0,1,1,1,1,71,10,-1,-1,-1,1,1,1
2016410106096,2,9,0,3,0,1,0,0,0,0,2,1,6,1,71,10,1596,1,8,1,1,1
2016410106096,3,19,0,3,0,1,0,0,0,0,2,1,2,1,60,9,1753,2,9,3,1,3
2016410106154,1,9,0,18,0,0,5,0,2,11,1,1,6,1,28,6,1582,2,-1,-1,-1,-1
2016410106154,2,9,0,7,0,0,0,0,0,0,4,1,2,1,43,7,1388,1,11,10,1,10
2016410106213,1,9,0,18,0,0,0,0,0,0,1,1,6,1,-1,-1,1895,1,16,7,1,7
2016410106213,2,9,0,18,0,0,0,0,0,0,2,1,6,1,25,5,2179,2,4,2,1,2
2016410106231,1,9,0,18,0,4,0,0,0,0,4,1,1,1,50,8,1197,1,1,-1,-1,-1
2016410106231,2,1,0,9,0,4,0,0,0,0,3,1,1,1,-1,-1,-1,-1,-1,-1,-1,-1
2016410106280,1,21,1,13,0,0,0,0,0,0,4,1,1,1,40,7,12777,2,3,5,1,5
2016410106280,2,9,0,18,0,0,0,0,0,0,4,1,2,1,59,9,2179,2,2,10,1,10
2016410106280,3,9,0,18,0,0,1,0,5,6,3,1,6,2,80,11,1124,1,16,10,1,10
2016410106336,1,9,0,10,0,0,0,0,0,0,1,1,6,2,-1,-1,2143,2,2,3,1,3
2016410106336,2,19,0,10,0,0,0,0,0,0,2,1,6,2,-1,-1,1686,2,4,-1,-1,-1
2016410106336,3,9,0,10,0,0,0,0,0,0,2,1,5,2,38,7,-1,-1,-1,7,1,7
2016410106380,1,9,0,17,0,0,0,0,0,0,1,1,5,1,43,7,1499,1,-1,5,3,5
2016410106380,2,9,0,16,0,0,0,0,0,0,1,1,1,2,72,10,1796,1,14,6,1,6
2016410106383,1,9,0,18,9,0,0,0,7,2,1,1,6,2,52,8,1560,2,8,10,1,10
2016410106505,1,9,0,4,0,1,0,0,0,0,1,1,6,1,21,5,1391,1,15,3,1,3
2016410106505,2,9,0,10,0,1,0,0,0,0,2,1,6,1,46,8,-1,-1,-1,6,1,6
2016410106701,1,9,0,12,0,8,1,0,0,0,1,1,6,3,-1,-1,-1,-1,-1,-1,-1,-1
2016410106701,2,9,0,4,0,8,0,0,0,0,1,1,2,1,21,5,1497,8,10,9,1,9
2016410106710,1,9,0,5,0,6,0,0,0,0,1,1,5,1,81,11,1242,1,5,6,3,6
2016410106710,2,19,0,17,0,8,0,0,0,0,1,1,5,1,56,9,1998,2,11,8,3,8
2016410106714,1,3,0,7,0,1,1,0,0,0,4,1,1,1,31,6,-1,-1,-1,-1,-1,-1
2016410106755,1,9,0,11,0,0,0,0,1,11,1,1,6,1,28,6,998,1,2,4,1,4
2016410106759,1,9,0,2,6,0,0,0,0,0,4,1,5,2,38,7,3999,1,8,5,1,5
2016410106759,2,1,0,18,0,0,0,8,0,0,1,1,6,1,48,8,-1,-1,-1,-1,-1,-1
2016410106810,1,9,0,9,0,6,0,0,0,0,1,1,1,1,63,9,1798,8,4,1,1,1
2016410106810,2,3,0,18,0,1,5,0,0,0,4,1,1,1,52,8,124,1,4,9,1,9
2016410106821,1,9,0,4,0,0,0,0,0,0,2,1,5,2,26,6,1999,1,1,9,3,9
2016410106821,2,9,0,4,0,0,0,0,0,0,1,1,5,1,53,8,1990,1,13,1,1,1
2016410106825,1,19,0,9,0,8,0,0,7,0,3,1,6,3,-1,-1,1968,2,-1,-1,-1,-1
2016410106825,2,9,0,9,0,8,0,0,0,0,4,1,6,2,37,7,1598,1,14,6,1,6
2016410106825,3,98,0,18,0,4,0,0,0,0,0,1,6,3,-1,-1,-1,-1,-1,-1,-1,-1
2016410106826,1,9,0,18,0,5,0,0,1,11,4,1,6,1,27,6,1794,1,15,10,1,10
2016410106864,1,9,0,3,0,4,0,0,0,0,1,1,5,2,55,8,1582,2,9,6,1,6
2016410106864,2,9,0,3,0,4,0,0,0,0,2,1,6,2,28,6,1339,8,6,6,1,6
2016410106896,1,9,0,17,0,8,0,0,1,10,1,1,6,1,21,5,2000,1,7,4,1,4
2016410106898,1,9,0,15,0,4,0,0,0,0,1,1,2,1,27,6,1596,1,14,10,1,10
2016410106898,2,1,0,18,0,8,0,0,0,0,2,1,2,1,22,5,-1,-1,-1,7,3,7
2016410106914,1,9,0,5,0,8,0,0,0,0,1,1,6,2,20,4,1229,1,6,9,1,9
2016410106914,2,3,0,18,0,1,5,0,0,0,1,1,2,1,54,8,115,1,1,7,1,7
2016410106985,1,9,0,18,0,0,0,0,0,0,1,1,2,2,48,8,1598,1,1,7,1,7
2016410106985,2,9,0,3,0,0,0,0,0,0,2,1,6,1,68,10,1598,6,22,6,1,6
2016410106985,3,9,0,3,0,0,0,0,0,0,2,1,6,1,36,7,1248,1,4,2,1,2
2016410107047,1,9,0,18,0,0,0,0,0,0,1,1,6,2,-1,-1,-1,-1,-1,-1,-1,-1
2016410107067,1,9,0,9,0,8,0,0,0,0,4,1,6,1,25,5,1968,2,9,3,1,3
2016410107067,2,9,0,18,0,1,0,0,0,0,1,1,6,2,55,8,1997,1,8,7,1,7
2016410107072,1,9,0,18,0,0,0,0,0,0,1,1,5,2,50,8,1591,1,-1,-1,-1,-1
2016410107072,2,9,0,18,0,0,0,0,0,0,2,1,2,2,23,5,1461,2,1,4,1,4
2016410107160,1,9,0,3,0,1,0,0,0,0,2,1,5,2,45,7,1242,1,6,9,1,9
2016410107160,2,9,0,5,0,1,0,0,0,0,1,1,2,1,61,9,1398,2,14,7,1,7
2016410107205,1,9,0,7,0,6,0,0,0,0,1,1,6,1,-1,-1,-1,-1,-1,-1,-1,-1
2016410107205,2,1,0,18,0,8,5,0,0,0,3,1,2,2,45,7,-1,-1,-1,8,1,8
2016410107227,1,19,0,18,0,1,0,0,1,0,1,1,1,1,35,6,2198,2,2,7,1,7
2016410107227,2,9,0,4,0,1,0,0,0,0,2,1,1,1,27,6,1198,1,9,4,1,4
2016410107227,3,19,0,18,0,1,0,0,2,0,3,1,1,1,56,9,1968,2,3,5,1,5
2016410107274,1,9,0,18,0,0,0,0,0,0,1,1,6,2,46,8,2401,2,10,10,1,10
2016410107274,2,9,0,18,0,0,2,0,2,10,1,1,6,1,25,5,1587,1,17,9,1,9
2016410107289,1,9,0,1,0,0,0,0,0,0,1,1,5,2,37,7,1598,1,13,8,1,8
2016410107363,1,98,0,1,0,0,0,0,0,0,2,1,6,3,-1,-1,-1,-1,-1,-1,-1,-1
2016410107363,2,9,0,2,0,0,0,0,0,0,1,1,5,1,41,7,1995,2,5,10,2,10
2016410107371,1,9,0,18,0,2,1,0,0,0,1,1,2,2,20,4,998,1,16,4,1,4
2016410107371,2,19,0,18,0,2,1,0,0,0,2,1,6,1,38,7,2198,2,8,5,1,5
2016410107371,3,8,0,9,0,5,0,0,0,0,2,1,1,1,41,7,1997,2,4,3,1,3
2016410107390,1,5,0,4,0,0,1,0,0,0,0,1,6,1,53,8,998,1,9,10,3,10
2016410107430,1,9,0,18,0,3,0,0,0,0,1,1,5,1,57,9,2893,1,6,8,1,8
2016410107441,1,9,0,16,0,0,2,0,1,9,3,1,5,1,26,6,1229,1,8,8,1,8
2016410107463,1,9,0,14,0,0,0,0,0,0,1,1,6,1,81,11,1360,1,13,10,1,10
2016410107463,2,1,0,14,0,0,0,0,0,0,2,1,6,1,49,8,-1,-1,-1,7,1,7
2016410107483,1,9,0,11,0,1,0,0,0,0,1,1,6,2,19,4,1388,1,9,9,1,9
2016410107483,2,9,0,4,0,1,0,0,0,0,2,1,6,2,-1,-1,2494,1,13,10,1,10
2016410107492,1,9,0,4,0,0,0,0,0,0,1,1,6,2,58,9,1388,1,17,6,1,6
2016410107492,2,9,0,4,0,0,0,0,0,0,1,1,6,1,51,8,1997,2,3,9,2,9
2016410107510,1,9,0,5,0,8,0,0,0,0,1,1,2,1,39,7,1598,2,2,9,1,9
2016410107510,2,9,0,3,0,8,0,0,0,0,2,1,2,2,28,6,1997,1,9,7,3,7
2016410107525,1,9,0,17,0,0,1,0,2,11,1,1,5,2,37,7,1124,1,12,5,1,5
2016410107525,2,9,0,17,0,0,0,0,0,0,0,1,5,2,21,5,1229,1,-1,4,1,4
2016410107559,1,9,0,18,0,0,0,0,0,0,1,1,6,1,-1,-1,-1,-1,-1,-1,-1,-1
2016410107559,2,1,0,18,0,0,5,0,0,0,2,1,2,2,21,5,-1,-1,-1,-1,-1,-1
2016410107621,1,9,0,18,0,0,0,0,0,0,1,1,6,1,25,5,1998,1,13,-1,-1,-1
2016410107621,2,9,0,18,0,0,0,0,0,0,1,1,6,1,45,7,3498,1,9,8,1,8
2016410107641,1,9,0,18,0,1,0,0,0,0,1,1,2,2,36,7,1461,2,3,8,1,8
2016410107670,1,9,0,18,0,4,0,0,3,2,1,1,5,2,29,6,1229,1,7,7,1,7
2016410107697,1,9,0,6,0,0,0,0,0,0,0,1,6,1,23,5,1910,2,9,7,2,7
2016410107697,2,9,0,18,0,0,2,0,1,0,4,1,1,2,29,6,998,1,3,10,1,10
2016410107799,1,9,0,18,0,3,0,0,0,0,3,1,5,2,82,11,1995,1,14,8,1,8
2016410107799,2,1,0,18,0,6,0,0,0,0,1,1,6,1,13,3,-1,-1,-1,5,1,5
2016410107806,1,1,0,18,0,1,0,0,0,0,4,1,6,2,-1,-1,-1,-1,-1,-1,-1,-1
2016410107806,2,9,0,7,0,1,0,0,0,0,1,1,6,2,17,4,1242,1,3,10,2,10
2016410107866,1,98,0,17,0,4,0,0,0,0,1,1,6,1,-1,-1,-1,-1,-1,-1,-1,-1
2016410107866,2,9,0,17,0,4,0,0,0,0,2,1,6,2,20,4,1796,1,17,10,1,10
2016410107886,1,3,0,15,0,0,5,0,0,0,3,1,6,1,26,6,124,1,10,4,1,4
2016410107886,2,98,0,11,0,0,0,0,0,0,4,1,1,1,64,9,-1,-1,-1,5,1,5
2016410107920,1,9,0,9,0,1,0,0,0,0,1,1,5,1,74,10,998,1,8,7,1,7
2016410107920,2,1,0,18,0,8,0,0,0,0,1,1,5,1,72,10,-1,-1,-1,6,1,6
2016410107952,1,9,0,14,0,0,0,0,0,0,3,1,5,2,18,4,1198,1,6,10,1,10
2016410107952,2,9,0,18,0,0,0,0,0,0,3,1,2,2,57,9,1600,1,5,10,1,10
2016410107978,1,9,0,18,0,8,0,0,0,0,4,1,6,3,-1,-1,1199,1,14,-1,-1,-1
2016410107978,2,9,0,18,0,8,0,0,0,0,1,1,5,1,23,5,2979,1,13,7,2,7
2016410107985,1,19,0,8,0,6,0,0,0,0,1,1,2,1,53,8,1995,2,9,8,2,8
2016410107985,2,9,0,8,0,6,0,0,0,0,2,1,1,2,32,6,1197,1,3,4,1,4
2016410108014,1,9,0,5,0,0,0,0,0,0,2,1,6,1,-1,-1,1968,2,-1,7,1,7
2016410108014,2,5,0,18,0,0,2,0,0,0,1,1,6,1,31,6,1050,1,4,8,1,8
2016410108019,1,9,0,18,0,0,0,0,0,0,1,1,5,2,51,8,1599,1,17,9,1,9
2016410108019,2,9,0,2,0,0,0,0,0,0,1,1,6,3,-1,-1,1685,2,3,-1,-1,-1
2016410108126,1,9,0,18,0,4,0,0,0,0,3,1,5,1,86,11,2198,2,9,6,1,6
2016410108126,2,9,0,9,0,8,0,0,0,0,4,1,5,1,23,5,1248,1,5,9,1,9
2016410108169,1,20,0,18,0,0,0,0,0,0,4,1,6,1,50,8,4461,2,7,7,1,7
2016410108169,2,9,0,3,0,0,5,0,1,10,4,1,6,1,31,6,1248,1,2,4,1,4
2016410108262,1,9,0,9,0,4,0,0,0,0,1,1,6,3,-1,-1,-1,-1,-1,-1,-1,-1
2016410108262,2,1,0,18,0,8,0,0,0,0,3,1,5,1,28,6,-1,-1,-1,4,1,4
2016410108289,1,9,0,9,0,5,0,0,0,0,1,1,2,1,60,9,-1,-1,-1,6,1,6
2016410108289,2,9,0,18,0,8,0,0,0,0,1,1,2,2,59,9,1587,1,13,9,1,9
2016410108309,1,21,1,18,0,1,0,0,0,0,1,1,1,1,31,6,12130,2,9,4,1,4
2016410108309,2,9,0,3,0,1,0,0,1,0,2,1,5,2,56,9,898,1,1,9,3,9
2016410108309,3,9,0,9,0,8,0,0,0,0,2,1,5,2,70,10,1390,1,13,6,3,6
2016410108347,1,9,0,18,0,0,0,0,0,0,1,1,5,1,51,8,1896,2,11,6,1,6
2016410108347,2,9,0,1,0,0,0,0,0,0,3,1,5,2,30,6,1596,1,12,7,1,7
2016410108347,3,9,0,18,0,0,0,0,0,0,0,1,6,3,-1,-1,-1,-1,-1,-1,-1,-1
2016410108369,1,9,0,18,0,8,0,0,0,0,4,1,6,1,72,10,2521,1,13,10,1,10
2016410108369,2,1,0,18,0,6,0,0,0,0,1,1,5,1,12,3,-1,-1,-1,10,1,10
2016410108382,1,9,0,18,0,1,0,0,0,0,1,1,6,1,80,11,1339,1,5,8,1,8
2016410108382,2,9,0,4,0,1,0,0,0,0,2,1,6,2,84,11,1389,1,15,7,1,7
2016410108408,1,19,0,15,0,0,0,0,0,0,1,1,6,1,-1,-1,1560,2,2,3,1,3
2016410108408,2,9,0,18,0,0,0,0,0,0,4,1,5,2,46,8,2993,2,10,10,1,10
2016410108425,1,9,0,2,0,0,0,0,0,0,3,1,6,3,-1,-1,-1,-1,-1,-1,-1,-1
2016410108425,3,1,0,18,0,0,5,4,0,0,2,1,6,1,14,3,-1,-1,-1,-1,-1,-1
2016410108441,1,9,0,17,0,0,1,0,1,4,3,1,5,1,18,4,999,1,1,3,1,3
2016410108465,1,9,0,5,0,4,0,0,0,0,3,1,6,1,54,8,1590,1,17,5,1,5
2016410108465,2,1,0,18,0,8,0,0,0,0,1,1,6,1,65,9,-1,-1,-1,5,1,5
2016410108504,1,9,0,18,0,0,0,0,1,0,1,1,6,2,63,9,1242,1,6,10,1,10
2016410108504,2,19,0,18,0,0,5,0,5,6,3,1,6,1,36,7,2148,2,7,2,1,2
2016410108522,1,9,0,3,0,1,0,0,0,0,1,1,5,1,45,7,3993,1,1,-1,-1,-1
2016410108522,2,9,0,3,0,1,0,0,0,0,2,1,5,1,29,6,2143,2,2,8,1,8
2016410108522,3,9,0,18,0,1,0,0,0,0,2,1,1,1,44,7,1797,8,6,3,1,3
2016410108522,4,9,0,18,0,8,0,0,0,0,0,1,1,1,32,6,2400,2,3,7,1,7
2016410108604,1,9,0,18,0,8,0,0,1,1,1,1,5,1,27,6,1200,1,-1,3,1,3
2016410108604,2,9,0,9,0,5,0,0,0,0,1,1,5,1,27,6,1995,2,10,6,1,6
2016410108604,3,9,0,18,0,1,0,0,0,0,1,1,5,1,76,11,1198,1,3,5,1,5
2016410108733,1,9,0,16,0,0,0,0,0,0,1,1,2,1,55,8,1968,2,10,10,1,10
2016410108733,2,9,0,17,0,0,0,0,0,0,1,1,6,1,55,8,1388,1,10,2,3,2
2016410108788,1,3,0,18,0,0,0,0,0,0,1,1,5,1,22,5,124,1,32,5,1,5
2016410108788,2,9,0,3,0,0,0,0,0,0,1,1,5,1,51,8,998,1,2,9,1,9
2016410108819,1,9,0,18,0,0,0,0,1,10,1,1,6,1,70,10,1998,2,14,9,1,9
2016410108890,1,21,1,5,0,4,0,0,0,0,1,1,1,1,33,6,12777,2,1,1,1,1
2016410108890,2,3,0,18,0,8,5,0,0,0,4,1,6,1,17,4,124,1,-1,5,1,5
2016410108924,1,3,0,9,0,0,5,10,0,0,3,1,1,2,33,6,124,1,-1,4,1,4
2016410108962,1,9,0,4,0,8,0,0,0,0,1,1,2,2,34,6,1995,2,1,3,1,3
2016410108962,2,1,0,18,0,8,0,0,0,0,2,1,5,1,15,3,-1,-1,-1,3,1,3
2016410109019,1,9,0,18,0,1,0,0,0,0,1,1,6,1,-1,-1,-1,-1,-1,-1,-1,-1
2016410109128,1,9,0,18,0,0,1,0,5,6,1,1,6,2,39,7,1199,1,14,9,1,9
2016410109185,1,9,0,9,0,2,0,0,0,0,1,1,5,2,65,9,1798,8,-1,10,1,10
2016410109185,2,9,0,18,0,8,0,0,0,0,1,1,5,2,23,5,1995,2,12,-1,-1,-1
2016410109206,1,3,0,9,0,8,5,0,0,0,1,1,5,2,24,5,125,1,9,4,1,4
2016410109212,1,9,0,18,0,1,1,0,8,0,3,1,1,1,22,5,2198,1,11,10,2,10
2016410109212,2,9,0,9,0,1,0,0,0,0,1,1,6,2,21,5,998,1,8,6,1,6
2016410109231,1,9,0,18,0,1,0,0,0,0,3,1,5,1,55,8,998,1,2,6,1,6
2016410109294,1,3,0,18,0,1,2,0,0,0,4,1,6,1,17,4,125,1,-1,3,1,3
2016410109294,2,9,0,9,0,1,0,0,0,0,3,1,6,1,23,5,1598,1,9,10,1,10
2016410109426,1,9,0,9,0,0,0,0,0,0,3,1,6,2,39,7,1596,1,7,3,1,3
2016410109426,2,3,0,18,0,0,5,0,0,0,1,1,6,1,40,7,125,1,11,7,1,7
2016410109487,1,9,0,7,0,2,0,0,1,3,1,1,5,2,54,8,1499,1,1,9,3,9
2016410109508,1,9,0,7,0,8,5,10,0,0,1,1,2,1,27,6,1995,2,1,6,1,6
2016410109544,1,9,0,5,0,6,0,0,0,0,1,1,6,1,39,7,1995,1,11,-1,-1,-1
2016410109544,2,9,0,18,0,1,0,0,0,0,1,1,5,2,41,7,1298,1,13,5,1,5
2016410109570,1,21,1,5,0,7,0,0,0,0,1,1,1,1,60,9,6700,2,2,7,1,7
2016410109570,2,9,0,18,0,1,0,0,1,0,3,1,1,1,58,9,-1,-1,-1,10,1,10
2016410109579,1,9,0,5,0,4,0,0,0,0,1,1,2,1,35,6,1388,1,13,7,1,7
2016410109579,2,5,0,3,0,4,0,0,0,0,2,1,2,1,45,7,599,1,6,5,1,5
2016410109585,1,9,0,18,0,1,0,0,0,0,1,1,5,2,42,7,1587,1,13,7,1,7
2016410109585,2,9,0,9,0,8,0,0,0,0,3,1,5,2,54,8,999,1,2,-1,-1,-1
2016410109591,1,9,0,16,0,1,0,11,0,0,1,1,6,1,27,6,1124,1,13,3,1,3
2016410109591,2,21,0,18,0,1,0,0,0,0,1,1,6,2,33,6,12777,2,6,5,1,5
2016410109602,1,9,0,18,0,1,0,0,0,0,1,1,6,1,83,11,1591,1,5,-1,-1,-1
2016410109602,2,1,0,5,0,7,5,0,0,0,1,1,5,1,14,3,-1,-1,-1,7,1,7
2016410109634,1,9,0,18,0,2,0,0,1,0,1,1,5,1,29,6,1997,2,1,8,1,8
2016410109634,2,9,0,18,0,2,0,0,3,0,4,1,5,1,22,5,1395,1,-1,10,1,10
2016410109640,1,9,0,10,0,1,0,0,0,0,2,1,5,1,18,4,1229,1,10,5,1,5
2016410109640,2,9,0,18,0,1,0,0,0,0,1,1,6,3,-1,-1,1796,1,12,-1,-1,-1
2016410109667,1,9,0,9,0,1,0,0,0,0,1,1,2,2,27,6,1349,1,4,6,2,6
2016410109667,2,3,0,13,0,1,0,0,0,0,1,1,2,1,20,4,124,1,1,6,1,6
2016410109669,1,3,0,13,0,1,2,0,0,0,4,1,5,1,19,4,125,1,-1,4,1,4
2016410109669,2,9,0,9,0,1,0,0,0,0,3,1,5,2,24,5,1395,1,2,-1,-1,-1
2016410109683,1,98,0,12,0,0,0,0,0,0,3,1,1,3,-1,-1,-1,-1,-1,-1,-1,-1
2016410109683,2,9,0,18,0,0,1,0,0,0,4,1,5,1,49,8,1368,1,1,-1,-1,-1
2016410109775,1,9,0,18,0,2,0,0,0,0,3,1,5,2,19,4,998,1,2,3,1,3
2016410109784,1,9,0,4,0,0,0,0,0,0,0,1,1,1,53,8,1686,2,2,8,1,8
2016410109784,2,9,0,4,0,0,0,0,1,0,2,1,1,1,67,10,4367,2,5,-1,-1,-1
2016410109784,3,19,0,16,0,0,1,0,5,6,1,1,1,1,46,8,2198,2,1,5,1,5
2016410109809,1,9,0,18,0,0,0,0,0,0,1,1,5,1,27,6,1997,2,17,3,1,3
2016410109809,2,9,0,18,0,0,0,0,0,0,1,1,5,1,35,6,1968,2,6,6,1,6
2016410109811,1,19,0,9,0,5,0,0,0,0,2,1,6,1,45,7,1968,2,-1,-1,-1,-1
2016410109811,2,3,0,14,0,1,0,0,0,0,1,1,6,1,18,4,124,1,3,9,1,9