Accident_Index,Vehicle_Reference,Vehicle_Type,Towing_and_Articulation,Vehicle_Manoeuvre,Vehicle_Location-Restricted_Lane,Junction_Location,Skidding_and_Overturning,Hit_Object_in_Carriageway,Vehicle_Leaving_Carriageway,Hit_Object_off_Carriageway,1st_Point_of_Impact,Was_Vehicle_Left_Hand_Drive?,Journey_Purpose_of_Driver,Sex_of_Driver,Age_of_Driver,Age_Band_of_Driver,Engine_Capacity_(CC),Propulsion_Code,Age_of_Vehicle,Driver_IMD_Decile,Driver_Home_Area_Type,Vehicle_IMD_Decile
2016410114512,1,19,0,5,0,1,0,0,0,0,1,1,1,1,44,7,2198,2,8,-1,-1,-1
2016410114512,2,5,0,14,0,1,0,0,0,0,1,1,1,1,42,7,599,1,15,5,1,5
2016410114512,3,9,0,18,0,1,0,0,0,0,3,1,1,2,51,8,1349,1,4,8,1,8
2016410114536,1,9,0,16,0,8,0,10,1,7,4,1,6,1,25,5,1995,1,11,3,1,3
2016410114596,1,9,0,16,0,0,1,0,7,10,3,1,2,2,45,7,1364,1,6,9,1,9
2016410114619,1,9,0,18,0,1,0,0,0,0,1,1,6,3,-1,-1,-1,-1,-1,-1,-1,-1
2016410114619,2,9,0,3,0,1,0,0,0,0,2,1,5,1,30,6,1956,2,4,-1,-1,-1
2016410114738,1,3,0,18,0,8,0,0,0,0,3,1,5,1,19,4,124,1,8,7,1,7
2016410114738,2,9,0,9,0,8,0,0,0,0,4,1,5,1,47,8,1560,2,-1,-1,-1,-1
2016410114762,1,9,0,18,0,0,0,0,5,6,1,1,5,2,23,5,1598,1,7,-1,2,-1
2016410114762,2,21,4,18,0,0,0,0,0,0,3,1,1,1,36,7,9364,2,11,7,1,7
2016410114893,1,9,0,7,9,3,0,0,0,0,1,1,5,1,49,8,1200,1,1,4,1,4
2016410114893,2,1,0,18,9,1,0,0,0,0,1,1,5,1,13,3,-1,-1,-1,1,1,1
2016410115104,1,9,0,18,0,0,0,0,1,4,1,1,6,1,32,6,-1,-1,-1,8,1,8
2016410115104,2,9,0,18,0,0,0,0,0,0,0,1,6,3,-1,-1,-1,-1,-1,-1,-1,-1
2016410115195,1,19,0,10,0,6,0,0,0,0,0,1,2,1,52,8,1560,2,3,10,1,10
2016410115195,2,3,0,18,0,1,0,0,0,0,0,1,1,1,42,7,124,1,4,5,1,5
2016410115263,1,9,0,4,0,1,0,0,0,0,2,1,5,2,45,7,1242,1,4,5,1,5
2016410115263,2,9,0,4,0,1,0,0,0,0,1,1,5,2,46,8,1364,1,7,10,1,10
2016410115289,1,9,0,2,0,2,0,0,0,0,0,1,1,1,-1,-1,1686,2,3,2,1,2
2016410115289,2,9,0,18,0,1,0,0,0,0,1,1,1,1,18,4,1389,1,15,6,1,6
2016410115289,3,9,0,10,0,1,0,0,0,0,2,1,6,2,48,8,1398,1,4,9,1,9
2016410115414,1,9,0,5,0,6,0,0,3,0,4,1,1,2,53,8,1200,1,-1,5,1,5
2016410115414,2,20,0,18,0,1,0,0,0,0,1,1,5,1,51,8,2998,2,7,3,1,3
2016410115586,1,19,0,18,0,0,1,0,0,0,3,1,1,1,49,8,2143,2,-1,-1,-1,-1
2016410115586,2,9,0,16,0,0,1,10,2,0,4,1,6,1,25,5,1896,2,12,8,1,8
2016410115712,1,9,0,18,0,1,0,0,0,0,1,1,5,2,76,11,1240,1,8,7,1,7
2016410115712,2,9,0,10,0,1,0,0,0,0,2,1,5,1,77,11,1968,2,10,4,1,4
2016410115747,1,9,0,18,0,1,0,0,0,0,1,1,5,2,27,6,1398,1,2,4,1,4
2016410115747,2,9,0,9,0,6,0,0,0,0,1,1,5,1,41,7,1598,1,12,6,1,6
2016410115789,1,9,0,17,0,0,0,0,0,0,1,1,2,2,41,7,1497,8,8,5,1,5
2016410115841,1,9,0,17,0,8,2,0,0,0,3,1,6,2,50,8,1398,1,2,10,1,10
2016410115841,2,9,0,16,0,8,0,0,0,0,1,1,6,2,61,9,1368,1,7,6,2,6
2016410115876,1,9,0,3,0,1,0,0,0,0,2,1,5,1,38,7,1490,1,10,4,1,4
2016410115876,2,9,0,18,0,1,0,0,0,0,1,1,6,1,-1,-1,1360,1,12,-1,-1,-1
2016410115931,1,9,0,5,9,6,0,0,0,0,4,1,1,1,59,9,2993,2,6,8,3,8
2016410115931,2,1,0,18,9,1,0,0,0,0,1,1,2,1,22,5,-1,-1,-1,10,1,10
2016410115936,1,9,0,4,0,0,0,0,0,0,2,1,5,2,26,6,1798,8,-1,8,1,8
2016410115936,2,9,0,4,0,0,1,0,0,0,1,1,6,1,-1,-1,-1,-1,-1,-1,-1,-1
2016410115963,1,19,0,18,0,8,0,0,0,0,3,1,5,1,27,6,2198,2,1,-1,-1,-1
2016410115968,1,9,0,17,0,0,5,10,1,2,4,1,5,1,17,4,1596,1,8,9,1,9
2016410116069,1,9,0,18,0,8,0,0,0,0,1,1,5,2,31,6,1598,1,12,3,1,3
2016410116069,2,9,0,9,0,4,0,0,0,0,3,1,5,1,17,4,1200,1,-1,10,1,10
2016410116091,1,11,0,18,0,1,0,0,0,0,1,1,1,1,58,9,6370,2,10,8,1,8
2016410116091,2,9,0,9,0,8,0,0,0,0,1,1,2,1,47,8,1995,1,15,10,1,10
2016410116123,1,9,0,18,0,0,1,0,0,0,1,1,5,2,18,4,1242,1,18,9,1,9
2016410116123,2,9,0,4,0,0,0,0,0,0,1,1,1,1,46,8,2967,2,4,8,1,8
2016410116146,1,1,0,4,0,1,0,0,0,0,1,1,2,1,36,7,-1,-1,-1,6,1,6
2016410116173,1,21,0,16,0,3,0,0,0,0,4,1,1,1,30,6,11021,2,10,3,1,3
2016410116173,2,1,0,16,0,3,0,0,1,0,3,1,2,1,58,9,-1,-1,-1,4,1,4
2016410116397,1,21,1,5,0,1,0,0,0,0,1,1,1,1,58,9,12130,2,12,7,1,7
2016410116397,2,9,0,3,0,1,0,0,0,0,2,1,2,2,31,6,1686,2,4,7,1,7
2016410116404,1,9,0,6,0,8,0,7,0,0,1,1,5,1,30,6,1596,1,1,3,1,3
2016410116404,2,9,0,3,0,1,0,0,1,0,3,1,5,2,46,8,1984,1,8,10,1,10
2016410116412,1,9,0,18,5,0,5,0,1,10,1,1,2,2,43,7,1242,1,-1,-1,-1,-1
2016410116484,1,9,0,18,0,4,0,0,0,0,1,1,1,1,45,7,2993,2,-1,10,3,10
2016410116484,2,9,0,18,0,3,1,0,0,0,4,1,6,1,62,9,1597,1,19,7,1,7
2016410116526,1,9,0,18,0,0,0,0,0,0,4,1,5,1,57,9,-1,-1,-1,8,1,8
2016410116526,2,1,0,7,0,0,1,0,0,0,3,1,5,1,10,2,-1,-1,-1,8,1,8
2016410116528,1,9,0,18,0,4,0,0,0,0,1,1,5,1,25,5,1596,1,10,4,1,4
2016410116528,2,1,0,17,0,8,5,0,0,0,2,1,5,1,49,8,-1,-1,-1,6,1,6
2016410116546,1,9,0,16,0,2,1,0,7,3,1,1,5,1,23,5,1984,1,-1,7,1,7
2016410116596,1,9,0,18,0,1,0,0,0,0,1,1,5,1,41,7,1968,2,2,8,2,8
2016410116596,2,9,0,9,0,5,0,0,0,0,4,1,6,2,39,7,1596,1,10,4,1,4
2016410116608,1,9,0,18,0,1,0,0,0,0,1,1,2,2,-1,-1,1364,1,-1,10,1,10
2016410116608,2,9,0,3,0,1,0,0,0,0,2,1,1,1,46,8,1598,2,5,3,1,3
2016410116608,3,9,0,3,0,1,0,0,0,0,2,1,5,2,36,7,1490,1,7,9,1,9
2016410116711,1,9,0,16,0,2,1,0,7,4,3,1,6,1,30,6,1995,2,10,7,1,7
2016410116766,1,9,0,7,0,6,0,0,0,0,1,1,6,2,45,7,1388,1,11,9,2,9
2016410116766,2,9,0,18,0,8,0,0,0,0,4,1,5,2,42,7,1498,1,5,7,3,7
2016410116797,1,19,0,5,0,1,0,0,0,0,1,1,1,1,29,6,1753,2,10,3,1,3
2016410116797,2,9,0,3,0,4,0,0,0,0,2,1,5,2,30,6,1598,2,1,5,1,5
2016410116818,1,19,0,18,0,0,0,12,1,1,1,1,1,1,37,7,1896,2,10,10,2,10
2016410116818,2,9,0,18,0,0,0,12,0,0,1,1,5,2,50,8,1598,1,11,8,1,8
2016410116844,1,9,0,5,0,0,0,0,0,0,1,1,5,1,18,4,1242,1,9,10,1,10
2016410116881,1,9,0,5,0,4,0,0,0,0,3,1,5,1,33,6,-1,-1,-1,3,1,3
2016410116881,2,4,0,18,0,8,2,0,0,0,1,1,5,1,39,7,373,1,1,7,1,7
2016410116906,1,9,0,18,0,0,1,0,0,0,1,1,1,1,-1,-1,-1,-1,-1,2,1,2
2016410116916,1,9,0,4,0,1,0,0,0,0,4,1,6,2,30,6,2204,2,11,7,1,7
2016410116916,2,9,0,5,0,2,0,0,0,0,1,1,6,1,47,8,-1,-1,-1,7,1,7
2016410116925,1,9,0,5,0,2,0,0,0,0,4,1,2,1,43,7,1242,1,11,6,1,6
2016410116925,2,1,0,18,0,1,0,0,0,0,2,1,2,2,39,7,-1,-1,-1,7,1,7
2016410116953,1,9,0,18,0,0,0,0,0,0,1,1,6,2,23,5,1598,1,4,-1,-1,-1
2016410116953,2,5,0,3,0,0,0,0,0,0,2,1,6,1,53,8,782,1,7,9,1,9
2016410117011,1,9,0,18,0,1,0,0,0,0,1,1,6,1,-1,-1,-1,-1,-1,-1,-1,-1
2016410117011,2,9,0,8,0,1,0,0,0,0,2,1,6,2,26,6,1560,2,-1,-1,-1,-1
2016410117029,1,9,0,18,6,0,0,4,0,0,1,1,5,1,20,4,1248,2,8,1,1,1
2016410117029,2,9,0,2,6,0,0,4,0,0,2,1,6,3,-1,-1,-1,-1,-1,-1,-1,-1
2016410117029,3,9,0,2,6,0,0,4,0,0,2,1,6,3,-1,-1,-1,-1,-1,-1,-1,-1
2016410117029,4,9,0,2,6,0,0,4,0,0,2,1,6,3,-1,-1,-1,-1,-1,-1,-1,-1
2016410117031,1,19,0,15,0,0,0,0,0,0,3,1,6,1,-1,-1,2287,2,9,7,1,7
2016410117031,2,9,0,18,0,0,0,0,0,0,4,1,6,1,52,8,2143,2,2,6,1,6
2016410117172,1,9,0,13,0,0,0,0,0,0,1,1,5,2,41,7,-1,-1,-1,5,1,5
2016410117172,2,1,0,12,0,0,0,0,0,0,1,1,5,1,25,5,-1,-1,-1,5,1,5
2016410117202,1,9,0,12,0,0,0,0,0,0,1,1,5,1,-1,-1,1995,1,9,8,1,8
2016410117202,2,9,0,4,0,0,0,0,0,0,4,1,6,2,21,5,1229,1,3,3,1,3
2016410117309,1,9,0,18,0,0,0,0,0,0,1,1,6,1,-1,-1,-1,-1,-1,-1,-1,-1
2016410117309,2,9,0,18,0,0,2,0,1,1,2,1,6,2,37,7,998,1,5,7,1,7
2016410117352,1,9,0,18,0,0,0,0,4,6,1,1,6,2,28,6,1364,1,9,3,1,3
2016410117463,1,9,0,18,0,6,0,0,0,0,1,1,6,1,57,9,998,1,2,3,1,3
2016410117463,2,1,0,18,0,8,0,0,0,0,1,1,6,1,48,8,-1,-1,-1,9,1,9
2016410117539,1,9,0,18,0,0,0,0,6,6,1,1,6,1,-1,-1,1364,1,-1,-1,-1,-1
2016410117551,1,5,0,18,0,0,2,0,0,0,1,1,5,2,43,7,599,1,17,7,2,7
2016410117551,2,9,0,4,0,0,0,0,0,0,2,1,5,1,51,8,2199,2,6,7,1,7
2016410117551,3,97,0,4,0,0,0,0,0,0,0,1,6,3,-1,-1,-1,-1,-1,-1,-1,-1
2016410117575,1,9,0,12,0,7,1,0,0,0,1,1,6,2,26,6,1600,1,32,9,1,9
2016410117575,2,9,0,18,0,8,0,0,0,0,1,1,6,1,22,5,899,1,3,6,1,6
2016410117575,3,9,0,18,0,8,0,0,0,0,4,1,6,1,75,10,1560,2,8,-1,-1,-1
2016410117598,1,98,1,12,0,0,0,0,0,0,3,2,1,1,55,8,-1,-1,-1,-1,-1,-1
2016410117598,2,9,0,18,0,0,1,0,0,0,4,1,5,2,41,7,1997,2,6,10,2,10
2016410117937,1,23,0,4,0,1,1,0,0,0,1,1,5,1,48,8,125,1,-1,9,1,9
2016410117937,2,97,0,13,0,1,0,0,0,0,0,1,6,3,-1,-1,-1,-1,-1,-1,-1,-1
2016410117937,3,9,0,4,0,1,0,0,0,0,2,1,6,2,66,10,1198,1,6,10,1,10
2016410117937,4,9,0,9,0,1,0,0,0,0,0,1,5,3,-1,-1,1968,2,4,-1,-1,-1
2016410117999,1,9,0,9,0,5,0,0,0,0,3,1,6,3,-1,-1,2987,2,1,-1,-1,-1
2016410117999,2,2,0,13,0,1,0,0,0,0,1,1,5,1,16,4,49,1,4,9,1,9
2016410118006,1,9,0,18,6,0,0,0,0,0,4,1,6,2,48,8,1395,1,-1,9,1,9
2016410118006,2,98,0,2,6,0,0,0,0,0,0,1,6,3,-1,-1,-1,-1,-1,-1,-1,-1
2016410118077,1,9,0,16,0,0,0,0,0,0,1,1,6,1,18,4,1598,1,12,10,1,10
2016410118077,2,9,0,16,0,0,0,0,0,0,1,1,6,2,47,8,1461,2,8,8,3,8
2016410118077,3,9,0,17,0,0,0,0,0,0,0,1,1,1,-1,-1,2400,2,3,-1,-1,-1
2016410118089,1,-1,0,-1,-1,0,0,-1,-1,0,-1,1,6,3,-1,-1,-1,-1,-1,-1,-1,-1
2016410118089,2,9,0,-1,-1,0,0,-1,-1,0,-1,1,2,1,46,8,-1,-1,-1,4,1,4
2016410118109,1,9,0,18,0,0,0,0,0,0,1,1,1,1,57,9,1968,2,4,1,1,1
2016410118109,2,9,0,4,0,0,0,0,0,0,2,1,5,1,45,7,1399,1,8,1,1,1
2016410118109,3,19,0,18,0,0,0,0,0,0,1,1,1,1,49,8,1598,2,1,2,1,2
2016410118109,4,9,0,4,0,0,0,0,0,0,2,1,1,1,36,7,1896,2,11,2,1,2
2016410118114,1,9,0,4,0,1,0,0,0,0,1,1,5,1,30,6,1598,1,3,8,1,8
2016410118114,2,9,0,9,0,8,0,0,0,0,1,1,5,2,19,4,998,1,12,3,1,3
2016410118143,2,9,0,7,0,3,0,0,0,0,1,1,5,1,23,5,1968,2,4,6,1,6
2016410118143,3,3,0,11,0,3,0,0,0,0,3,1,2,2,60,9,-1,-1,-1,5,1,5
2016410118208,1,9,0,18,0,1,5,4,0,0,4,1,2,2,69,10,1598,1,1,5,1,5
2016410118208,2,9,0,2,0,1,0,0,0,0,4,1,5,1,-1,-1,2143,2,1,-1,-1,-1
2016410118211,1,9,0,12,0,0,0,0,5,6,3,1,5,1,30,6,1590,1,11,8,1,8
2016410118211,2,9,0,13,0,0,0,0,0,0,4,1,5,1,48,8,1968,2,-1,7,1,7
2016410118211,3,21,1,18,0,0,0,0,0,0,3,1,1,1,34,6,10837,2,1,4,3,4
2016410118241,1,9,0,17,0,0,0,0,0,0,3,1,2,1,58,9,2000,2,7,7,2,7
2016410118241,2,9,0,16,0,0,0,0,0,0,3,1,2,1,46,8,1956,2,3,6,1,6
2016410118296,1,19,0,18,0,0,0,0,1,4,1,1,2,1,26,6,2198,2,3,9,1,9
2016410118298,1,9,0,4,0,1,0,0,0,0,1,1,5,1,30,6,2497,1,10,9,2,9
2016410118298,2,9,0,4,0,1,0,0,0,0,2,1,5,2,36,7,1598,2,1,2,1,2
2016410118305,1,9,0,14,0,1,0,4,0,0,4,1,5,1,27,6,1598,1,12,10,1,10
2016410118305,2,9,0,2,0,1,0,0,0,0,4,1,6,2,-1,-1,1984,1,11,5,2,5
2016410118325,1,9,0,5,0,2,0,0,0,0,4,1,6,1,43,7,1968,2,6,3,1,3
2016410118325,2,5,0,18,0,1,0,0,0,0,1,1,6,1,21,5,675,1,5,7,1,7
2016410118348,1,21,1,18,0,7,0,0,0,0,1,1,1,1,48,8,11946,2,3,7,3,7
2016410118348,2,9,0,4,0,7,0,0,0,0,2,1,5,1,33,6,999,1,4,-1,-1,-1
2016410118373,1,9,0,17,0,0,0,0,0,0,1,1,1,1,28,6,-1,-1,-1,-1,-1,-1
2016410118373,2,9,0,16,0,0,0,0,0,0,1,1,1,1,32,6,-1,-1,-1,7,1,7
2016410118374,1,98,1,18,0,0,0,0,0,0,3,1,1,1,44,7,-1,-1,-1,-1,-1,-1
2016410118374,2,9,0,18,0,0,0,0,0,0,4,1,6,1,41,7,1560,2,7,8,1,8
2016410118408,1,5,0,18,0,1,2,0,0,0,0,1,6,1,45,7,649,1,1,9,1,9
2016410118530,1,9,0,18,0,0,1,0,2,0,4,1,6,1,65,9,1299,1,8,6,1,6
2016410118537,1,9,0,13,0,0,0,0,0,0,4,1,6,1,19,4,1198,1,11,10,2,10
2016410118537,2,1,0,18,0,0,0,0,0,0,3,1,6,2,47,8,-1,-1,-1,5,1,5
2016410118555,1,9,0,4,0,0,0,0,0,0,1,1,5,2,25,5,1461,2,6,4,1,4
2016410118555,2,19,0,4,0,0,0,0,0,0,1,1,2,1,62,9,1598,2,1,10,1,10
2016410118555,3,19,0,4,0,0,0,0,0,0,2,1,2,1,26,6,1560,2,3,10,3,10
2016410118557,1,9,0,4,0,1,0,0,0,0,2,1,5,2,18,4,998,1,1,9,1,9
2016410118557,2,9,0,18,0,1,0,0,0,0,1,1,6,1,18,4,-1,-1,-1,10,1,10
2016410118594,1,9,0,18,0,8,0,0,0,0,1,1,2,2,37,7,1461,2,1,10,1,10
2016410118594,2,19,0,9,0,8,0,0,0,0,4,1,2,1,45,7,1560,2,1,6,1,6
2016410118668,1,9,0,18,0,8,0,0,0,0,3,1,5,2,41,7,1497,8,11,7,1,7
2016410118668,2,1,0,18,0,8,0,0,0,0,4,1,2,1,42,7,-1,-1,-1,10,1,10
2016410118679,1,11,0,18,0,0,0,0,0,0,4,1,1,1,54,8,7300,2,5,6,1,6
2016410118709,1,9,0,18,0,0,0,0,0,0,1,1,6,1,40,7,1995,2,9,-1,-1,-1
2016410118709,2,9,0,4,0,0,0,0,0,0,2,1,1,2,45,7,659,1,10,8,2,8
2016410118731,1,8,0,3,0,1,0,0,0,0,2,1,1,1,51,8,1968,2,6,4,1,4
2016410118731,2,9,0,3,0,1,0,0,0,0,2,1,5,2,37,7,998,1,17,-1,-1,-1
2016410118731,3,19,0,5,0,1,0,0,0,0,1,1,1,2,46,8,2287,2,4,5,1,5
2016410118772,1,9,0,6,0,0,0,0,0,0,2,1,5,1,22,5,1229,1,4,5,1,5
2016410118772,2,9,0,18,0,0,0,0,0,0,1,1,5,1,60,9,1598,1,7,5,1,5
2016410118795,1,9,0,5,0,4,0,0,0,0,2,1,6,1,-1,-1,-1,-1,-1,-1,-1,-1
2016410118795,2,3,0,18,0,8,0,0,0,0,1,1,2,1,20,4,125,1,1,-1,-1,-1
2016410118817,1,9,0,17,0,0,1,0,1,10,1,1,5,2,20,4,1390,1,2,-1,-1,-1
2016410118836,1,9,0,12,0,0,0,0,0,0,1,1,1,1,35,6,2993,2,3,3,1,3
2016410118836,2,9,0,18,0,0,0,0,0,0,2,1,6,2,48,8,1798,1,8,1,1,1
2016410118845,1,9,0,9,0,2,0,0,0,0,3,1,6,2,34,6,1395,1,-1,6,1,6
2016410118845,2,9,0,14,0,1,0,0,0,0,4,1,6,1,35,6,1988,2,11,4,1,4
2016410118855,1,9,0,18,0,0,1,0,1,2,1,1,2,2,57,9,2435,1,16,5,3,5
2016410119003,1,1,0,18,0,1,1,0,0,0,0,1,5,2,60,9,-1,-1,-1,7,3,7
2016410119003,2,9,0,5,0,2,0,0,0,0,0,1,6,3,-1,-1,999,1,2,-1,-1,-1
2016410119018,1,9,0,9,0,8,0,0,7,1,4,1,5,2,29,6,1149,1,14,4,1,4
2016410119018,2,21,0,18,0,8,0,0,0,0,1,1,1,1,26,6,12809,2,1,-1,-1,-1
2016410119027,1,19,0,18,0,4,0,0,0,0,1,1,2,1,57,9,1598,2,1,8,3,8
2016410119027,2,9,0,3,0,1,0,0,0,0,2,1,2,2,24,5,1086,1,11,9,1,9
2016410119077,1,9,0,18,0,0,1,0,7,6,1,1,5,1,-1,-1,3189,1,12,2,1,2
2016410119077,2,9,0,18,0,0,0,0,0,0,2,1,5,1,29,6,1560,2,3,3,1,3
2016410119084,1,9,0,9,0,6,0,0,0,0,3,1,6,1,66,10,-1,-1,-1,7,1,7
2016410119084,2,3,0,18,0,1,0,0,0,0,1,1,6,1,21,5,124,1,3,5,1,5
2016410119117,1,9,0,4,0,0,0,0,0,0,2,1,6,1,65,9,1242,1,2,7,1,7
2016410119117,2,9,0,5,0,0,0,0,0,0,1,1,6,2,-1,-1,1598,1,6,8,1,8
2016410119177,1,9,0,16,0,0,2,4,2,10,4,1,6,1,31,6,1596,1,15,-1,-1,-1
2016410119177,2,9,0,2,0,0,0,0,0,0,2,1,6,1,-1,-1,1598,1,8,10,1,10
2016410119190,1,9,0,12,0,6,0,0,0,0,1,1,2,2,32,6,1397,1,5,-1,-1,-1
2016410119190,2,97,0,18,0,8,0,0,1,0,4,1,2,1,36,7,49,1,7,10,2,10
2016410119193,1,9,0,18,0,0,1,10,1,4,1,1,6,1,21,5,1598,1,11,6,1,6
2016410119193,2,9,0,18,0,0,0,0,0,0,0,1,1,1,28,6,1598,2,1,-1,-1,-1
2016410119201,1,9,0,18,0,0,0,0,7,4,1,1,5,2,28,6,2295,1,16,8,1,8
2016410119211,1,9,0,16,0,3,5,10,3,4,1,1,5,1,42,7,2698,2,8,3,1,3
2016410119234,1,3,0,18,0,8,0,0,0,0,1,1,5,1,21,5,124,1,-1,5,1,5
2016410119234,2,9,0,9,0,5,0,0,0,0,4,1,5,2,-1,-1,1390,1,14,3,1,3
2016410119247,1,9,0,3,0,4,0,0,0,0,2,1,1,1,25,5,1995,2,13,-1,-1,-1
2016410119247,2,9,0,5,0,4,0,0,0,0,1,1,5,1,50,8,1390,1,14,5,1,5
2016410119250,1,19,0,11,0,8,0,0,0,0,4,1,1,1,20,4,2287,2,1,3,1,3
2016410119250,2,5,0,18,0,8,0,0,0,0,3,1,6,1,71,10,1649,1,-1,5,1,5
2016410119268,1,9,0,5,0,8,0,0,0,0,1,1,5,1,46,8,1364,1,7,8,1,8
2016410119268,2,1,0,18,0,8,0,0,0,0,1,1,5,2,57,9,-1,-1,-1,9,1,9
2016410119270,1,98,1,12,0,0,0,0,0,0,1,1,1,1,-1,-1,-1,-1,-1,-1,-1,-1
2016410119270,2,9,0,18,0,0,0,0,0,0,4,1,3,2,44,7,1390,1,9,7,1,7
2016410119306,1,9,0,5,0,0,0,0,0,0,1,1,1,1,37,7,-1,-1,-1,10,2,10
2016410119306,2,9,0,3,0,0,0,0,0,0,4,1,1,2,45,7,1969,2,1,9,1,9
2016410119455,1,9,0,18,0,1,0,0,0,0,1,1,5,1,46,8,2993,2,-1,9,1,9
2016410119482,1,9,0,4,0,0,0,0,0,0,1,1,2,2,51,8,1242,1,-1,10,1,10
2016410119482,2,19,0,4,0,0,0,0,0,0,2,1,2,1,31,6,2198,2,2,3,1,3
2016410119482,3,9,0,4,0,0,0,0,0,0,2,1,5,2,66,10,1769,1,12,9,1,9
2016410119502,1,19,0,9,0,6,0,0,0,0,1,1,6,3,-1,-1,1461,2,1,4,1,4
2016410119502,2,1,0,18,0,8,1,0,0,0,4,1,5,1,53,8,-1,-1,-1,-1,-1,-1
2016410119548,1,9,0,5,0,4,0,0,0,0,1,1,6,2,51,8,1999,2,1,4,3,4
2016410119548,2,9,0,3,0,4,0,0,0,0,2,1,6,1,23,5,1797,8,6,2,1,2
2016410119565,1,21,1,18,0,0,0,0,0,0,1,1,1,1,62,9,12419,2,4,10,1,10
2016410119565,2,9,0,18,0,0,0,0,0,0,2,1,6,2,53,8,1797,8,6,10,1,10
2016410119565,3,21,1,18,0,0,0,0,0,0,2,1,1,1,34,6,12740,2,-1,4,1,4
2016410119584,1,11,0,18,0,8,0,0,0,0,1,1,1,1,46,8,6700,2,-1,7,1,7
2016410119584,2,19,0,9,0,6,0,0,0,0,1,1,1,1,44,7,2402,2,7,3,1,3
2016410119598,1,9,0,12,0,3,0,0,0,0,3,1,6,2,18,4,1242,1,3,8,1,8
2016410119598,2,5,0,18,0,8,0,0,0,0,2,1,6,1,57,9,1700,1,1,4,1,4
2016410119615,1,9,0,4,0,4,0,0,0,0,2,1,5,2,39,7,1198,1,1,5,1,5
2016410119615,2,9,0,5,0,4,0,0,0,0,1,1,5,2,34,6,1360,1,11,9,1,9
2016410119632,1,9,0,11,0,0,0,0,0,0,0,1,6,3,-1,-1,-1,-1,-1,-1,-1,-1
2016410119632,2,9,0,12,0,0,0,0,0,0,1,1,6,1,20,4,1400,1,10,2,1,2
2016410119632,3,9,0,18,0,0,0,0,0,0,3,1,5,1,57,9,1560,2,3,10,1,10
2016410119639,1,9,0,18,0,0,0,0,7,4,1,1,2,2,23,5,1198,1,10,8,1,8
2016410119663,1,9,0,12,0,8,0,0,0,0,2,1,2,2,59,9,1248,1,6,6,1,6
2016410119663,2,9,0,18,0,8,0,0,0,0,1,1,2,1,20,4,1242,1,9,8,1,8
2016410119680,1,9,0,3,0,0,0,0,0,0,2,1,6,1,54,8,1968,2,-1,3,3,3
2016410119680,2,9,0,18,0,0,0,0,0,0,1,1,6,1,51,8,1956,2,3,9,3,9
2016410119709,1,9,0,17,0,0,2,0,7,0,3,1,2,1,36,7,1590,1,15,5,1,5
2016410119745,1,2,0,15,0,8,0,0,0,0,3,1,6,2,18,4,49,1,5,3,1,3
2016410119745,2,9,0,3,0,1,0,0,0,0,2,1,6,1,33,6,1997,1,13,10,1,10
2016410119755,1,9,0,18,0,0,0,0,0,0,1,1,6,2,43,7,2143,2,3,9,1,9
2016410119755,2,98,0,12,0,0,0,0,0,0,1,1,1,1,24,5,-1,-1,-1,-1,-1,-1
2016410119773,1,9,0,18,0,8,0,0,0,0,1,1,6,1,44,7,1422,2,-1,5,1,5
2016410119773,2,19,0,18,0,8,0,0,0,0,1,1,6,1,35,6,1995,2,8,8,1,8
2016410119777,1,9,0,3,0,0,0,0,0,0,2,1,5,2,-1,-1,1968,2,2,-1,-1,-1
2016410119777,2,9,0,3,0,0,0,0,0,0,1,1,5,2,41,7,1600,1,15,8,1,8
2016410119778,1,9,0,1,8,0,0,0,7,11,2,1,5,1,90,11,1769,1,14,10,1,10
2016410119792,1,9,0,18,0,0,5,0,1,3,1,1,2,2,25,5,1596,1,11,5,1,5
2016410119792,2,9,0,2,0,0,0,0,0,0,4,1,6,3,-1,-1,1995,2,-1,5,1,5
2016410119809,1,9,0,9,0,8,0,0,3,10,1,1,6,1,87,11,1596,1,13,7,3,7
2016410119809,2,9,0,10,0,8,0,0,0,0,4,1,6,1,58,9,2184,2,10,10,1,10
2016410119809,3,9,0,16,0,8,0,0,0,0,3,1,6,1,45,7,1461,2,1,6,1,6
2016410119882,1,9,0,16,0,3,0,0,0,0,1,1,5,2,55,8,1398,1,12,9,1,9
2016410119882,2,9,0,4,0,1,0,0,0,0,1,1,5,1,71,10,1997,1,19,9,1,9
2016410119956,1,9,0,11,0,0,0,0,2,7,4,1,5,2,21,5,1229,1,5,2,1,2
2016410119956,2,9,0,18,0,0,0,0,0,0,3,1,2,1,22,5,1598,1,10,6,1,6
2016410120033,1,9,0,3,0,1,0,0,0,0,2,1,5,1,45,7,2616,1,10,5,1,5
2016410120033,2,3,0,4,0,1,0,0,0,0,2,1,5,1,37,7,108,1,2,4,1,4
2016410120033,3,9,0,4,0,1,0,0,0,0,1,1,5,1,24,5,1596,1,8,5,1,5
2016410120059,1,9,0,18,0,1,0,0,0,0,1,1,2,2,31,6,1781,1,20,8,1,8