Accident_Index,Vehicle_Reference,Vehicle_Type,Towing_and_Articulation,Vehicle_Manoeuvre,Vehicle_Location-Restricted_Lane,Junction_Location,Skidding_and_Overturning,Hit_Object_in_Carriageway,Vehicle_Leaving_Carriageway,Hit_Object_off_Carriageway,1st_Point_of_Impact,Was_Vehicle_Left_Hand_Drive?,Journey_Purpose_of_Driver,Sex_of_Driver,Age_of_Driver,Age_Band_of_Driver,Engine_Capacity_(CC),Propulsion_Code,Age_of_Vehicle,Driver_IMD_Decile,Driver_Home_Area_Type,Vehicle_IMD_Decile
2016410120059,2,9,0,3,0,1,0,0,0,0,2,1,2,2,45,7,1198,1,1,-1,-1,-1
2016410120059,3,9,0,3,0,1,0,0,0,0,2,1,6,3,-1,-1,-1,-1,-1,-1,-1,-1
2016410120060,1,3,0,16,0,0,0,4,0,0,1,1,1,1,19,4,125,1,10,7,1,7
2016410120060,2,9,0,2,0,0,0,0,0,0,1,1,6,3,-1,-1,1685,2,-1,-1,-1,-1
2016410120146,1,9,0,11,0,8,0,0,0,0,1,1,5,1,-1,-1,1461,2,2,-1,-1,-1
2016410120146,2,9,0,17,0,8,0,0,0,0,3,1,5,1,29,6,1390,1,8,7,1,7
2016410120243,1,11,0,18,0,1,0,0,0,0,3,1,1,1,54,8,6370,2,7,6,2,6
2016410120243,2,9,0,3,0,1,0,0,0,0,1,1,6,2,56,9,1796,1,8,8,1,8
2016410120243,3,9,0,3,0,1,0,0,0,0,3,1,6,2,20,4,1995,1,3,6,1,6
2016410120243,4,9,0,3,0,1,0,0,0,0,3,1,6,1,42,7,1461,2,8,4,1,4
2016410120243,5,9,0,3,0,1,0,0,0,0,1,1,6,1,46,8,1984,1,7,10,1,10
2016410120313,1,9,0,18,0,0,0,10,7,10,1,1,5,2,82,11,998,1,-1,7,1,7
2016410120313,2,9,0,2,0,0,0,0,0,0,4,1,5,1,19,4,1199,1,13,5,1,5
2016410120348,1,9,0,18,0,0,0,0,0,0,4,1,5,1,33,6,2987,2,3,3,1,3
2016410120348,2,19,0,11,0,0,0,0,0,0,3,1,1,1,69,10,1560,2,6,6,1,6
2016410120348,3,9,0,18,0,0,0,0,0,0,3,1,6,1,62,9,1685,2,4,8,1,8
2016410120388,1,9,0,9,0,8,0,0,0,0,0,1,5,3,-1,-1,-1,-1,-1,-1,-1,-1
2016410120388,2,11,0,18,0,8,0,0,0,0,0,1,5,1,43,7,6700,2,7,8,1,8
2016410120447,1,9,0,12,0,0,0,0,0,0,2,1,1,1,54,8,1598,1,9,6,1,6
2016410120447,2,4,0,12,0,0,0,0,0,0,1,1,1,1,63,9,321,1,-1,9,1,9
2016410120478,1,98,1,11,0,0,0,0,0,0,4,1,1,3,-1,-1,-1,-1,-1,-1,-1,-1
2016410120478,2,9,0,18,0,0,0,0,0,0,3,1,6,2,58,9,1386,1,12,4,1,4
2016410120484,1,98,0,18,0,1,0,0,0,0,1,1,6,3,-1,-1,-1,-1,-1,-1,-1,-1
2016410120484,2,9,0,7,0,1,0,0,0,0,2,1,3,2,44,7,2401,2,12,8,2,8
2016410120539,1,19,0,14,0,0,0,8,0,0,4,1,1,1,25,5,2287,2,6,10,1,10
2016410120539,2,19,0,2,0,0,0,0,0,0,3,1,1,1,28,6,1870,2,15,7,1,7
2016410120548,1,9,0,18,0,1,0,0,0,0,1,1,2,2,53,8,998,1,2,4,1,4
2016410120736,1,3,0,4,0,1,1,0,0,0,3,1,1,1,20,4,125,1,1,10,1,10
2016410120822,1,9,0,9,0,8,0,0,0,0,3,1,6,1,22,5,1991,1,1,-1,-1,-1
2016410120822,2,9,0,18,0,1,0,0,0,0,0,1,1,1,53,8,-1,-1,-1,-1,-1,-1
2016410120822,3,9,0,18,0,1,0,0,0,0,1,1,5,1,24,5,2148,2,12,5,1,5
2016410120834,1,21,1,18,0,0,0,0,0,0,1,1,1,1,19,4,11967,2,3,-1,-1,-1
2016410120834,2,9,0,4,0,0,0,0,0,0,2,1,1,1,63,9,-1,-1,-1,5,1,5
2016410120849,1,9,0,18,0,0,1,0,4,6,1,1,5,2,19,4,1242,1,9,4,1,4
2016410120849,2,9,0,18,0,0,0,0,0,0,2,1,5,2,37,7,1598,1,12,10,1,10
2016410120892,1,9,0,18,0,0,0,4,0,0,4,1,5,1,38,7,3956,1,15,10,1,10
2016410120892,2,9,0,2,0,0,0,0,1,0,3,1,5,2,60,9,999,1,-1,-1,-1,-1
2016410120920,1,9,0,5,0,4,0,0,0,0,1,1,2,2,41,7,1242,1,6,8,1,8
2016410120920,2,1,0,9,4,3,5,0,0,0,4,1,2,1,44,7,-1,-1,-1,10,3,10
2016410120927,1,9,0,14,0,0,0,0,0,0,1,1,2,2,54,8,1398,1,1,9,1,9
2016410120927,2,9,0,16,0,0,5,0,1,2,1,1,2,1,29,6,1399,1,-1,4,1,4
2016410120958,1,9,0,18,0,0,2,0,2,0,1,1,6,1,36,7,1998,1,12,5,1,5
2016410120983,1,9,0,18,0,2,0,0,7,10,1,1,5,2,88,11,1197,1,3,9,3,9
2016410120992,1,9,0,9,0,6,0,0,0,0,1,1,6,3,-1,-1,-1,-1,-1,-1,-1,-1
2016410120992,2,1,0,18,0,1,0,0,0,0,2,1,6,1,17,4,-1,-1,-1,10,1,10
2016410120992,3,1,0,18,0,1,0,0,0,0,2,1,6,1,-1,-1,-1,-1,-1,7,3,7
2016410120992,4,1,0,18,0,1,0,0,0,0,1,1,6,1,-1,-1,-1,-1,-1,-1,-1,-1
2016410120993,1,98,1,18,0,0,0,0,0,0,4,1,1,1,43,7,-1,-1,-1,1,1,1
2016410121004,1,9,0,18,0,3,0,0,0,0,1,1,2,1,19,4,1149,1,13,9,3,9
2016410121004,2,9,0,18,0,4,0,0,0,0,1,1,5,1,40,7,1991,2,12,7,1,7
2016410121016,1,9,0,9,0,8,0,0,0,0,4,1,1,1,34,6,1461,2,11,1,1,1
2016410121016,2,9,0,18,0,1,0,0,0,0,1,1,5,1,39,7,1598,1,12,5,1,5
2016410121031,1,9,0,9,0,1,0,0,0,0,1,1,5,2,58,9,1390,1,15,4,1,4
2016410121031,2,3,0,18,0,8,0,0,0,0,3,1,1,1,31,6,125,1,5,6,1,6
2016410121042,1,3,0,18,0,1,2,0,0,0,1,1,1,1,19,4,108,1,-1,1,1,1
2016410121042,2,9,0,9,0,5,0,0,0,0,4,1,5,1,62,9,2987,2,8,5,1,5
2016410121069,1,9,0,18,0,2,5,4,0,0,4,1,5,2,89,11,-1,-1,-1,7,1,7
2016410121069,2,9,0,2,0,2,0,0,0,0,2,1,6,3,-1,-1,2499,1,9,-1,-1,-1
2016410121085,1,9,0,9,0,6,0,0,0,0,3,1,6,2,33,6,1124,1,13,9,1,9
2016410121085,2,9,0,18,0,1,0,0,0,0,4,1,6,2,18,4,1299,1,14,10,1,10
2016410121094,1,9,0,18,0,0,0,0,0,0,1,1,6,3,-1,-1,-1,-1,-1,-1,-1,-1
2016410121094,2,9,0,4,0,0,0,0,0,0,2,1,6,2,28,6,1598,1,5,2,1,2
2016410121104,1,9,0,12,0,0,0,0,0,0,1,1,6,1,72,10,1560,2,-1,-1,-1,-1
2016410121104,2,9,0,18,0,0,0,0,0,0,2,1,6,2,22,5,1397,1,8,10,1,10
2016410121105,1,9,0,9,0,8,0,0,0,0,1,1,5,2,72,10,1242,1,8,5,1,5
2016410121105,2,1,0,18,0,1,0,0,0,0,1,1,6,1,68,10,-1,-1,-1,-1,-1,-1
2016410121133,1,9,0,14,0,2,0,0,0,0,3,1,6,2,35,6,1997,2,-1,4,1,4
2016410121133,2,1,0,7,0,1,0,0,0,0,1,1,6,2,24,5,-1,-1,-1,4,1,4
2016410121134,1,9,0,12,0,2,0,0,0,0,3,1,6,3,-1,-1,-1,-1,-1,-1,-1,-1
2016410121134,2,1,0,18,0,1,0,0,0,0,1,1,6,1,13,3,-1,-1,-1,4,1,4
2016410121161,1,9,0,18,0,4,0,0,0,0,1,1,6,1,32,6,1560,2,-1,7,1,7
2016410121161,2,1,0,18,0,8,0,0,0,0,2,1,2,1,42,7,-1,-1,-1,8,1,8
2016410121194,1,3,0,17,0,0,2,0,0,0,3,1,5,1,66,10,124,1,2,5,2,5
2016410121224,1,9,0,18,0,3,1,10,2,10,1,1,2,2,41,7,1349,1,9,4,1,4
2016410121224,2,9,0,18,0,1,0,0,0,0,1,1,5,1,20,4,2143,2,-1,1,1,1
2016410121242,1,9,0,4,0,0,0,0,0,0,1,1,6,2,39,7,1396,1,15,9,1,9
2016410121242,2,9,0,3,0,0,0,0,0,0,2,1,6,1,48,8,1499,1,-1,9,1,9
2016410121324,1,9,0,5,8,0,0,0,0,0,3,1,2,1,18,4,1596,1,13,4,1,4
2016410121324,2,3,0,4,0,0,0,0,0,0,1,1,2,1,42,7,-1,-1,-1,4,1,4
2016410121343,1,9,0,18,0,0,0,0,0,0,1,1,5,1,27,6,1998,2,14,4,1,4
2016410121343,2,9,0,4,0,0,0,0,0,0,2,1,5,2,20,4,1598,1,3,3,1,3
2016410121345,1,3,0,18,0,0,2,0,0,0,1,1,1,2,23,5,115,1,1,3,1,3
2016410121345,2,19,0,16,0,0,0,0,0,0,1,1,1,1,61,9,1996,2,6,6,3,6
2016410121376,1,9,0,16,0,0,0,0,0,0,4,1,5,1,41,7,2902,2,13,-1,-1,-1
2016410121380,1,9,0,5,0,0,0,0,0,0,1,1,2,1,36,7,1956,2,6,5,1,5
2016410121380,2,1,0,9,0,0,5,0,0,0,1,1,6,2,9,2,-1,-1,-1,-1,-1,-1
2016410121420,1,1,0,5,0,8,0,0,0,0,2,1,2,1,33,6,-1,-1,-1,3,1,3
2016410121420,2,9,0,5,0,8,0,0,0,0,1,1,5,2,66,10,1248,1,3,4,1,4
2016410121491,1,9,0,7,0,6,0,0,0,0,1,1,2,1,69,10,-1,-1,-1,9,1,9
2016410121491,2,9,0,18,0,1,1,0,0,0,4,1,5,2,49,8,1796,1,18,10,2,10
2016410121502,1,9,0,9,0,2,0,0,0,0,1,1,1,1,22,5,1596,1,11,8,1,8
2016410121502,2,9,0,18,0,8,0,0,0,0,2,1,6,2,49,8,1598,1,12,10,1,10
2016410121526,1,9,0,4,0,0,0,0,0,0,1,1,6,3,-1,-1,-1,-1,-1,-1,-1,-1
2016410121573,1,9,0,18,0,4,0,0,0,0,1,1,6,1,-1,-1,-1,-1,-1,-1,-1,-1
2016410121573,2,9,0,4,0,4,0,0,0,0,2,1,5,1,31,6,-1,-1,-1,6,1,6
2016410121582,1,9,0,18,0,2,0,4,0,0,1,1,3,1,40,7,1587,1,13,10,1,10
2016410121582,2,21,0,2,0,2,0,0,0,0,2,1,5,3,-1,-1,8300,2,27,-1,-1,-1
2016410121599,1,9,0,18,0,2,0,0,0,0,1,1,1,1,39,7,3456,1,3,8,1,8
2016410121603,1,9,0,14,0,0,1,4,0,0,1,1,6,1,55,8,1596,1,7,10,1,10
2016410121603,2,9,0,2,0,0,0,0,0,0,2,1,6,2,43,7,2993,2,2,10,1,10
2016410121615,1,5,0,18,0,4,2,9,3,7,1,1,5,1,42,7,847,1,2,8,1,8
2016410121631,1,9,0,4,0,0,0,0,0,0,3,1,5,2,52,8,1298,1,16,6,3,6
2016410121631,2,9,0,18,0,0,0,0,0,0,3,1,5,2,34,6,1968,2,8,6,1,6
2016410121661,1,9,0,5,0,1,0,0,0,0,1,1,6,2,54,8,1388,1,5,10,1,10
2016410121661,2,9,0,3,0,1,0,0,0,0,2,1,6,1,55,8,1596,1,3,10,1,10
2016410121719,1,9,0,12,0,0,0,0,0,0,3,1,2,2,30,6,1598,2,1,6,1,6
2016410121719,2,3,0,13,0,0,2,0,0,0,4,1,1,1,27,6,124,1,5,9,1,9
2016410121719,3,9,0,18,0,0,0,0,0,0,2,1,2,2,50,8,1799,1,8,7,1,7
2016410121770,1,9,0,15,6,0,0,7,1,7,1,1,6,1,24,5,1762,1,16,5,1,5
2016410121794,1,9,0,18,0,0,0,0,0,0,1,1,6,1,54,8,1968,2,10,-1,-1,-1
2016410121805,1,9,0,7,0,6,0,0,7,0,3,1,6,2,84,11,1339,1,10,9,2,9
2016410121805,2,19,0,18,0,1,0,0,0,0,1,1,1,1,48,8,2198,2,3,5,1,5
2016410121811,1,9,0,18,0,0,0,4,0,0,1,1,5,1,46,8,-1,-1,-1,6,1,6
2016410121811,2,9,0,2,0,0,0,0,0,0,4,1,5,1,-1,-1,2987,2,2,-1,-1,-1
2016410121842,1,9,0,12,0,0,0,0,0,0,1,1,6,2,53,8,1598,2,5,5,1,5
2016410121842,2,9,0,18,0,0,0,0,0,0,1,1,6,1,53,8,1598,1,17,4,1,4
2016410121842,3,9,0,18,0,0,0,0,0,0,1,1,6,1,86,11,1149,1,10,9,1,9
2016410121843,1,9,0,18,0,8,0,0,0,0,4,1,5,1,23,5,1596,1,-1,5,1,5
2016410121843,2,9,0,5,0,4,0,0,0,0,3,1,5,2,50,8,1560,2,-1,7,1,7
2016410121868,1,9,0,18,0,0,0,0,0,0,4,1,5,2,46,8,998,1,3,6,3,6
2016410121868,2,1,0,18,0,0,0,0,0,0,3,1,5,1,49,8,-1,-1,-1,-1,-1,-1
2016410121872,1,9,0,14,0,0,0,0,0,0,1,1,2,1,63,9,2967,2,1,6,1,6
2016410121929,1,9,0,12,0,0,0,0,0,0,0,1,6,1,-1,-1,-1,-1,-1,-1,-1,-1
2016410121929,2,5,0,18,0,0,0,0,4,0,3,1,5,1,32,6,750,1,18,1,1,1
2016410121948,1,9,0,9,0,6,0,0,0,0,3,1,5,2,24,5,1198,1,2,3,1,3
2016410121948,2,9,0,18,0,1,0,0,0,0,1,1,5,2,74,10,1870,2,12,9,1,9
2016410121983,1,9,0,18,0,0,0,0,0,0,1,1,5,1,68,10,2922,1,10,6,3,6
2016410121983,2,1,0,18,0,0,0,0,1,0,2,1,5,1,59,9,-1,-1,-1,-1,-1,-1
2016410122030,1,9,0,18,0,4,0,0,0,0,1,1,6,2,46,8,2982,2,9,4,1,4
2016410122030,2,9,0,9,0,3,0,0,0,0,4,1,6,2,40,7,1968,2,12,5,1,5
2016410122232,1,9,0,18,0,8,0,0,0,0,1,1,1,2,33,6,1896,2,8,4,1,4
2016410122232,2,9,0,9,0,6,0,0,0,0,3,1,3,2,17,4,1499,1,2,10,1,10
2016410122249,1,9,0,18,0,0,0,0,0,0,1,1,6,1,-1,-1,1596,1,14,-1,-1,-1
2016410122249,2,9,0,3,0,0,0,0,0,0,2,1,6,1,38,7,1560,2,3,6,1,6
2016410122249,3,9,0,3,0,0,0,0,0,0,2,1,6,1,54,8,2179,2,3,9,1,9
2016410122492,1,9,0,18,0,1,0,0,0,0,4,1,1,2,48,8,1753,2,11,5,1,5
2016410122492,2,9,0,7,0,2,0,0,0,0,1,1,6,1,44,7,2987,2,7,9,1,9
2016410122514,1,9,0,4,0,0,0,0,0,0,1,1,6,2,19,4,1968,2,9,3,1,3
2016410122514,2,19,0,4,0,0,0,0,0,0,2,1,6,1,46,8,1900,2,25,-1,-1,-1
2016410122538,1,19,0,16,0,1,0,0,0,0,0,1,1,1,41,7,1598,2,1,-1,-1,-1
2016410122538,2,9,0,18,0,8,0,0,8,11,1,1,6,3,-1,-1,1998,1,20,-1,-1,-1
2016410122538,3,9,0,5,0,8,0,0,0,0,1,1,5,2,47,8,1798,1,9,8,1,8
2016410122538,4,9,0,5,0,8,0,0,0,0,1,1,5,2,43,7,1560,2,8,5,1,5
2016410122538,5,9,0,2,0,2,0,0,0,0,1,1,5,2,36,7,1699,1,10,10,1,10
2016410122635,1,9,0,3,0,4,0,0,0,0,2,1,5,2,59,9,-1,-1,-1,5,1,5
2016410122635,2,9,0,5,0,1,0,0,0,0,1,1,3,2,30,6,1968,1,11,5,1,5
2016410122770,1,9,0,18,0,0,0,0,0,0,1,1,6,3,-1,-1,-1,-1,-1,-1,-1,-1
2016410122785,1,98,4,2,6,0,0,0,0,0,2,1,1,1,37,7,-1,-1,-1,-1,-1,-1
2016410122785,2,19,0,18,0,0,0,4,0,0,1,1,6,1,44,7,1753,2,11,6,1,6
2016410122852,1,19,0,12,0,0,0,0,0,0,3,1,2,1,51,8,1248,2,3,-1,-1,-1
2016410122852,2,5,0,18,0,0,2,0,0,0,4,1,2,1,56,9,599,1,7,-1,-1,-1
2016410122941,1,2,0,18,0,1,2,0,0,0,1,1,6,1,25,5,49,1,12,3,1,3
2016410122941,2,9,0,3,0,1,0,0,0,0,2,1,6,1,54,8,-1,-1,-1,10,1,10
2016410122941,3,9,0,18,0,1,0,0,0,0,0,1,1,1,-1,-1,1248,2,3,-1,-1,-1
2016410122970,1,9,0,4,0,2,0,0,0,0,2,1,5,2,29,6,-1,-1,-1,2,1,2
2016410122970,2,1,0,18,0,2,0,0,0,0,1,1,5,1,25,5,-1,-1,-1,3,1,3
2016410122999,1,9,0,18,0,1,0,0,0,0,4,1,6,1,58,9,1596,1,14,5,1,5
2016410123007,1,9,0,18,0,0,0,0,7,0,4,1,2,1,40,7,1240,1,11,2,1,2
2016410123007,2,9,0,3,0,0,0,0,0,0,3,1,2,2,21,5,1598,1,4,5,1,5
2016410123007,3,9,0,3,0,0,0,0,0,0,2,1,2,1,48,8,1968,2,-1,7,1,7
2016410123156,1,9,0,5,0,0,0,0,0,0,3,1,6,3,-1,-1,-1,-1,-1,-1,-1,-1
2016410123156,2,3,0,18,0,0,0,0,0,0,4,1,5,1,46,8,-1,-1,-1,7,1,7
2016410123246,1,19,0,5,0,4,0,0,0,0,1,1,5,1,32,6,1753,2,8,4,1,4
2016410123246,2,1,0,18,0,8,5,0,0,0,4,1,5,2,35,6,-1,-1,-1,7,1,7
2016410123274,1,9,0,3,0,4,0,0,0,0,2,1,6,1,28,6,1560,2,4,5,1,5
2016410123274,2,9,0,5,0,4,0,0,0,0,1,1,6,1,49,8,1969,2,1,10,1,10
2016410123284,1,20,0,3,0,0,0,4,0,0,1,1,6,1,53,8,2402,2,9,5,1,5
2016410123284,2,9,0,18,0,0,5,0,0,0,1,1,6,2,29,6,1461,2,2,7,1,7
2016410123284,3,9,0,2,0,0,0,4,0,0,1,1,6,1,-1,-1,1596,1,10,-1,-1,-1
2016410123284,4,9,0,2,0,0,0,0,0,0,2,1,6,3,-1,-1,-1,-1,-1,-1,-1,-1
2016410123300,1,9,0,18,0,0,0,0,0,0,3,1,6,1,34,6,-1,-1,-1,3,1,3
2016410123300,2,1,0,7,0,0,0,0,0,0,3,1,5,1,8,2,-1,-1,-1,10,1,10
2016410123353,1,9,0,9,0,5,0,0,0,0,4,1,6,2,46,8,998,1,17,-1,-1,-1
2016410123353,2,9,0,18,0,8,0,0,0,0,1,1,6,1,58,9,1560,2,7,10,1,10
2016410123426,1,9,0,17,0,0,0,0,0,0,1,1,2,1,19,4,1242,1,5,2,1,2
2016410123428,1,9,0,7,0,6,0,0,0,0,1,1,6,1,31,6,3222,2,12,9,1,9
2016410123428,2,9,0,7,0,5,0,0,0,0,1,1,6,2,27,6,1968,2,2,9,1,9
2016410123496,1,9,0,9,0,8,0,0,0,0,1,1,1,1,27,6,1796,1,9,6,1,6
2016410123496,2,5,0,18,0,1,0,0,0,0,1,1,6,1,51,8,-1,-1,-1,6,1,6
2016410123508,1,9,0,5,0,8,0,0,0,0,1,1,6,1,27,6,-1,-1,-1,8,1,8
2016410123508,2,1,0,18,0,6,0,0,0,0,3,1,6,1,42,7,-1,-1,-1,7,1,7
2016410123571,1,9,0,18,0,0,0,0,0,0,1,1,5,1,33,6,1999,1,10,-1,-1,-1
2016410123571,2,9,0,4,0,0,0,0,0,0,2,1,5,2,21,5,1229,1,9,9,1,9
2016410123599,1,9,0,18,0,0,0,0,0,0,1,1,6,1,53,8,1968,2,1,2,1,2
2016410123599,2,9,0,4,0,0,0,0,0,0,2,1,6,1,57,9,1995,1,8,-1,-1,-1
2016410123599,3,9,0,4,0,0,0,0,0,0,2,1,6,1,56,9,1461,2,2,10,1,10
2016410123599,4,9,0,4,0,0,0,0,0,0,2,1,6,2,27,6,1242,1,7,2,1,2
2016410123614,1,9,0,18,0,8,0,9,3,0,1,1,5,1,23,5,1086,1,6,-1,-1,-1
2016410123802,1,3,0,13,0,0,0,0,0,0,1,1,2,1,30,6,125,1,-1,6,1,6
2016410123802,2,9,0,9,0,0,0,0,0,0,3,1,6,1,42,7,1956,2,4,5,1,5
2016410123837,1,9,0,4,0,1,0,0,0,0,1,1,6,1,-1,-1,996,1,5,8,1,8
2016410123837,2,1,0,18,0,8,5,0,0,0,4,1,5,1,11,3,-1,-1,-1,-1,-1,-1
2016410123850,1,9,0,4,0,0,0,0,0,0,2,1,6,1,37,7,999,1,5,7,1,7
2016410123850,2,9,0,4,0,0,0,0,0,0,1,1,6,1,20,4,1229,1,9,-1,-1,-1
2016410123850,3,9,0,4,0,0,0,0,0,0,1,1,5,2,42,7,1995,2,10,6,1,6
2016410123991,1,9,0,18,0,0,0,10,1,7,4,1,1,1,-1,-1,-1,-1,-1,-1,-1,-1
2016410124006,1,9,0,5,0,0,0,0,0,0,1,1,5,1,47,8,1896,2,8,10,1,10
2016410124006,2,21,5,3,0,0,0,0,0,0,2,1,5,1,36,7,5880,2,6,10,1,10
2016410124095,1,9,0,9,0,6,0,0,0,0,1,1,6,2,26,6,1560,2,6,3,1,3
2016410124095,2,9,0,18,0,8,0,0,0,0,4,1,6,1,17,4,1229,1,8,4,1,4
2016410124252,1,9,0,18,0,0,0,0,7,10,1,1,6,1,61,9,2967,1,10,10,1,10
2016410124289,1,9,0,9,0,6,0,0,0,0,3,1,6,2,39,7,1598,1,18,1,1,1
2016410124289,2,21,1,18,0,8,0,0,0,0,1,1,1,1,51,8,12740,2,5,9,2,9
2016410124310,1,9,0,9,0,8,0,0,7,0,1,1,5,1,37,7,999,1,8,5,3,5
2016410124310,2,3,0,18,0,8,5,0,0,0,1,1,5,1,23,5,124,1,2,10,1,10
2016410124352,1,9,0,4,0,0,0,0,0,0,1,1,3,2,47,8,1596,1,11,-1,-1,-1
2016410124352,2,19,0,4,0,0,0,0,0,0,2,1,1,1,22,5,2143,2,4,3,1,3
2016410124352,3,9,0,4,0,0,0,0,0,0,2,1,1,1,26,6,1198,1,4,6,1,6
2016410124397,1,9,0,4,0,0,1,0,0,0,1,1,6,2,26,6,1400,1,10,10,1,10
2016410124397,2,9,0,4,0,0,0,0,0,0,2,1,6,2,23,5,1364,1,-1,8,1,8
2016410124465,1,9,0,12,0,0,0,0,0,0,3,1,5,1,38,7,-1,-1,-1,-1,-1,-1
2016410124465,2,9,0,18,0,0,0,0,0,0,4,1,5,1,59,9,1796,1,13,7,1,7
2016410124536,1,11,0,4,3,0,0,0,0,0,0,1,1,1,39,7,7300,2,11,3,1,3
2016410124590,1,9,0,4,0,7,0,0,0,0,1,1,5,1,19,4,2143,2,2,7,1,7
2016410124590,2,9,0,3,0,7,0,0,0,0,2,1,5,2,18,4,998,1,12,4,1,4
2016410124590,3,9,0,3,0,7,0,0,0,0,2,1,5,1,58,9,1339,1,10,10,1,10
2016410124590,4,9,0,3,0,7,0,0,0,0,2,1,5,1,44,7,1968,2,6,4,1,4
2016410124731,1,9,0,18,0,0,0,0,7,0,1,1,1,2,23,5,1339,1,12,10,1,10
2016410124731,2,9,0,18,0,0,1,0,0,0,1,1,1,2,60,9,-1,-1,-1,-1,-1,-1
2016410124743,1,9,0,4,0,0,0,0,0,0,2,1,5,2,27,6,1399,2,9,7,1,7
2016410124743,2,9,0,18,0,0,0,0,0,0,1,1,6,3,-1,-1,1598,1,14,-1,-1,-1
2016410124766,1,19,0,5,0,0,0,0,0,0,1,1,1,1,50,8,1560,2,1,5,1,5
2016410124766,2,9,0,4,0,0,0,0,0,0,4,1,3,2,-1,-1,1339,1,1,7,1,7
2016410124778,1,9,0,18,0,0,1,10,5,7,1,1,6,2,37,7,998,1,16,7,1,7
2016410124805,1,9,0,9,0,2,0,0,0,0,1,1,5,1,19,4,973,1,15,10,1,10
2016410124805,2,9,0,9,0,1,0,0,0,0,4,1,5,1,57,9,1781,1,13,9,3,9
2016410124806,1,9,0,17,0,8,0,0,0,0,3,1,6,1,20,4,1598,1,4,8,3,8
2016410124806,2,9,0,11,0,3,0,0,0,0,4,1,2,1,52,8,1499,1,9,7,1,7
2016410124846,1,9,0,1,0,0,0,0,0,0,2,1,6,2,-1,-1,1364,2,9,-1,-1,-1
2016410124921,1,9,0,9,0,8,0,0,0,0,1,1,1,1,19,4,-1,-1,-1,8,1,8
2016410124921,2,19,0,18,0,1,0,0,0,0,1,1,1,1,31,6,2198,2,7,4,1,4
2016410124923,1,9,0,16,0,3,1,0,1,7,1,1,5,2,82,11,1598,1,13,10,1,10
2016410124929,1,9,0,18,0,2,0,0,0,0,4,1,3,1,46,8,998,1,3,10,1,10
2016410124970,1,9,0,5,0,2,0,0,0,0,3,1,6,1,48,8,2143,2,4,7,1,7
2016410124970,2,3,0,18,0,1,1,0,0,0,1,1,6,1,29,6,125,1,1,3,1,3
2016410124993,1,9,0,18,0,8,0,0,0,0,1,1,5,1,53,8,1896,2,6,7,1,7
2016410124993,2,9,0,7,0,8,0,0,0,0,4,1,6,1,-1,-1,1997,2,12,-1,-1,-1
2016410124997,1,9,0,18,0,1,0,0,1,10,1,1,1,1,27,6,-1,-1,-1,4,1,4
2016410124997,2,9,0,9,0,8,0,0,0,0,3,1,6,3,-1,-1,-1,-1,-1,-1,-1,-1
2016410125013,1,9,0,18,0,0,0,0,0,0,3,1,5,1,22,5,1796,1,15,4,1,4
2016410125069,1,9,0,4,0,0,1,0,1,2,4,1,6,1,27,6,1997,2,4,10,1,10
2016410125069,2,9,0,4,0,0,0,0,0,0,2,1,6,2,21,5,1242,1,8,4,1,4
2016410125069,3,9,0,18,0,0,0,0,0,0,1,1,6,1,20,4,1198,1,12,8,3,8
2016410125080,1,19,0,18,0,3,0,0,0,0,1,1,6,1,40,7,1870,2,11,8,1,8
2016410125080,2,1,0,18,0,8,0,0,0,0,2,1,6,1,25,5,-1,-1,-1,7,1,7
2016410125139,1,9,0,11,0,0,0,0,1,2,1,1,2,1,28,6,1596,1,6,-1,-1,-1
2016410125209,1,19,0,11,0,0,0,0,0,0,4,1,5,1,36,7,2488,2,3,9,3,9
2016410125209,2,9,0,18,0,0,0,0,0,0,1,1,5,1,73,10,1796,1,6,-1,-1,-1
2016410125232,1,9,0,17,0,0,0,0,0,0,1,1,5,1,54,8,1560,2,10,6,1,6
2016410125232,2,9,0,18,0,0,0,0,0,0,1,1,1,1,48,8,-1,-1,-1,10,1,10
2016410125265,1,9,0,11,0,0,0,0,0,0,0,1,6,3,-1,-1,-1,-1,-1,-1,-1,-1
2016410125265,2,9,0,4,0,0,0,0,0,0,2,1,6,1,37,7,1796,1,13,-1,-1,-1
2016410125265,3,9,0,4,0,0,0,0,0,0,1,1,6,1,40,7,1587,1,14,-1,-1,-1
2016410125265,4,9,0,4,0,0,0,0,0,0,1,1,6,1,36,7,996,1,2,7,1,7
2016410125286,1,1,0,18,0,1,0,0,0,0,1,1,5,1,59,9,-1,-1,-1,4,1,4
2016410125286,2,9,0,9,0,2,0,0,0,0,1,1,5,2,31,6,1461,2,1,8,1,8
2016410125294,1,9,0,9,0,4,0,0,0,0,0,1,6,3,-1,-1,1395,1,2,-1,-1,-1
2016410125294,2,11,0,9,0,4,0,0,0,0,0,1,5,2,51,8,4500,2,7,6,1,6
2016410125303,1,9,0,16,0,1,2,10,7,10,1,1,5,1,18,4,1364,1,9,10,1,10
2016410125370,1,9,0,18,0,0,0,0,0,0,1,1,2,1,58,9,1598,2,2,4,1,4
2016410125370,2,9,0,4,0,0,0,0,0,0,2,1,5,1,31,6,1998,1,3,3,1,3