Accident_Index,Vehicle_Reference,Vehicle_Type,Towing_and_Articulation,Vehicle_Manoeuvre,Vehicle_Location-Restricted_Lane,Junction_Location,Skidding_and_Overturning,Hit_Object_in_Carriageway,Vehicle_Leaving_Carriageway,Hit_Object_off_Carriageway,1st_Point_of_Impact,Was_Vehicle_Left_Hand_Drive?,Journey_Purpose_of_Driver,Sex_of_Driver,Age_of_Driver,Age_Band_of_Driver,Engine_Capacity_(CC),Propulsion_Code,Age_of_Vehicle,Driver_IMD_Decile,Driver_Home_Area_Type,Vehicle_IMD_Decile
2016410125370,3,9,0,18,0,0,0,0,0,0,1,1,1,1,35,6,-1,-1,-1,2,1,2
2016410125370,4,9,0,18,0,0,0,0,0,0,1,1,5,2,50,8,-1,-1,-1,8,1,8
2016410125378,1,9,0,5,0,6,0,0,0,0,3,1,5,2,22,5,998,1,1,9,1,9
2016410125378,2,9,0,18,0,1,0,0,0,0,1,1,5,1,29,6,1124,1,13,9,1,9
2016410125379,1,19,0,18,0,0,0,0,0,0,1,1,6,1,53,8,1998,2,11,2,1,2
2016410125379,2,9,0,4,0,0,0,0,0,0,2,1,6,1,36,7,2231,2,10,1,1,1
2016410125379,3,9,0,4,0,0,0,0,0,0,2,1,6,1,18,4,1388,1,14,2,1,2
2016410125380,1,9,0,18,0,0,1,0,4,6,3,1,6,1,19,4,998,1,3,10,2,10
2016410125410,1,9,0,7,0,8,0,10,7,0,3,1,6,1,59,9,2143,2,2,7,1,7
2016410125436,1,9,0,9,0,1,0,0,0,0,1,1,6,1,17,4,1242,1,9,7,1,7
2016410125436,2,1,0,18,0,1,0,0,0,0,3,1,6,2,34,6,-1,-1,-1,7,1,7
2016410125468,1,9,0,7,0,6,0,0,0,0,1,1,2,1,54,8,1798,1,6,7,1,7
2016410125468,2,1,0,18,0,8,0,0,0,0,4,1,2,2,53,8,-1,-1,-1,4,1,4
2016410125495,1,9,0,18,0,4,0,0,0,0,1,1,6,1,23,5,2979,1,12,7,1,7
2016410125495,2,9,0,8,0,4,0,0,0,0,2,1,5,2,44,7,998,1,3,7,3,7
2016410125499,1,9,0,12,0,0,0,0,0,0,1,1,6,1,-1,-1,1596,1,16,-1,-1,-1
2016410125499,2,9,0,18,0,0,1,0,0,0,1,1,5,2,36,7,1997,2,-1,10,1,10
2016410125522,1,9,0,5,0,0,0,0,0,0,3,1,6,2,52,8,1390,1,9,9,1,9
2016410125522,2,1,0,18,0,0,0,0,0,0,4,1,6,1,48,8,-1,-1,-1,8,1,8
2016410125525,1,19,0,16,0,0,1,0,0,0,1,1,1,1,42,7,2402,2,5,7,1,7
2016410125525,2,9,0,17,0,0,0,0,1,11,1,1,2,1,60,9,2967,2,3,9,1,9
2016410125555,1,9,0,5,0,6,0,0,0,0,3,1,6,1,22,5,1905,2,18,5,1,5
2016410125555,2,9,0,18,0,8,0,0,7,0,1,1,5,1,79,11,1956,2,2,10,3,10
2016410125761,1,9,0,18,0,4,0,0,0,0,1,1,6,1,44,7,1395,8,1,8,2,8
2016410125761,2,4,0,9,0,8,0,0,0,0,4,1,6,1,46,8,249,1,20,9,1,9
2016410125795,1,21,0,18,0,0,0,0,0,0,1,1,5,1,38,7,4485,2,1,1,1,1
2016410125795,2,9,0,18,0,0,0,0,0,0,2,1,1,1,90,11,1598,1,26,6,1,6
2016410125803,1,3,0,13,0,8,0,0,0,0,4,1,5,1,21,5,124,1,3,5,1,5
2016410125803,2,9,0,9,0,5,0,0,0,0,3,1,5,2,19,4,996,1,3,6,1,6
2016410125843,1,9,0,18,0,0,2,0,7,0,3,1,6,2,65,9,1596,1,17,6,1,6
2016410125851,1,9,0,11,0,3,0,0,0,0,1,1,5,1,77,11,1598,1,7,6,1,6
2016410125851,2,9,0,18,0,3,0,0,0,0,3,1,1,2,21,5,1598,2,3,7,3,7
2016410125906,1,9,0,18,0,0,0,0,2,7,3,1,6,1,30,6,1360,1,12,6,1,6
2016410125924,1,9,0,18,0,0,0,4,0,0,1,1,5,2,21,5,1086,1,8,10,1,10
2016410125924,2,9,0,2,0,0,0,0,0,0,2,1,3,1,44,7,1497,1,12,8,1,8
2016410125945,1,5,0,15,0,0,5,0,1,0,1,1,6,1,20,4,656,1,10,9,1,9
2016410125945,2,9,0,11,0,0,0,0,0,0,2,1,2,2,44,7,1364,1,2,7,1,7
2016410125961,1,9,0,4,0,0,0,0,0,0,3,1,6,1,19,4,1399,2,9,4,1,4
2016410125961,2,9,0,18,0,0,0,8,0,0,1,1,1,1,37,7,1248,2,4,4,1,4
2016410126012,1,9,0,9,0,8,0,0,0,0,3,1,2,2,38,7,1797,8,1,6,1,6
2016410126012,2,1,0,13,0,8,5,0,0,0,1,1,6,1,22,5,-1,-1,-1,6,1,6
2016410126045,1,1,0,18,0,0,0,0,0,0,2,1,2,1,45,7,-1,-1,-1,10,1,10
2016410126045,2,1,0,18,0,0,0,0,0,0,1,1,2,1,54,8,-1,-1,-1,10,1,10
2016410126050,1,9,0,18,0,1,0,0,0,0,1,1,1,2,25,5,1240,1,13,4,1,4
2016410126050,2,9,0,3,0,1,0,0,0,0,2,1,6,2,59,9,2231,2,3,6,1,6
2016410126075,1,9,0,4,0,0,0,0,0,0,2,1,2,2,32,6,1598,1,8,7,1,7
2016410126075,2,9,0,4,0,0,0,0,0,0,1,1,2,2,27,6,1229,1,9,2,1,2
2016410126075,3,9,0,9,0,0,0,0,0,0,1,1,6,3,-1,-1,-1,-1,-1,-1,-1,-1
2016410126094,1,9,0,5,0,1,5,0,7,7,3,1,5,1,80,11,-1,-1,-1,-1,-1,-1
2016410126108,1,9,0,16,0,0,0,0,0,0,1,1,5,2,61,9,-1,-1,-1,-1,-1,-1
2016410126108,2,5,0,17,0,0,2,0,0,0,1,1,5,1,50,8,937,1,22,7,3,7
2016410126127,1,9,0,18,0,3,0,0,0,0,1,1,5,2,80,11,1988,1,14,-1,-1,-1
2016410126130,1,1,0,17,0,8,0,0,1,0,4,1,2,1,49,8,-1,-1,-1,10,1,10
2016410126130,2,9,0,5,0,6,0,0,0,0,1,1,2,1,40,7,647,8,-1,10,1,10
2016410126147,1,9,0,18,0,8,0,0,0,0,4,1,6,1,25,5,-1,-1,-1,10,1,10
2016410126147,2,9,0,5,0,4,0,0,0,0,1,1,6,2,30,6,1388,1,8,5,1,5
2016410126155,1,21,0,18,0,0,0,0,0,0,4,1,1,1,49,8,12130,2,11,5,1,5
2016410126155,2,9,0,12,0,0,0,0,0,0,3,1,6,2,18,4,1398,1,-1,4,1,4
2016410126160,1,9,0,18,0,0,0,0,0,0,1,1,5,2,22,5,1242,1,3,8,2,8
2016410126160,2,9,0,4,0,0,0,0,0,0,2,1,5,1,26,6,1229,1,8,4,1,4
2016410126160,3,98,0,4,0,0,0,0,0,0,2,1,6,1,-1,-1,-1,-1,-1,-1,-1,-1
2016410126187,1,9,0,18,0,0,0,0,4,6,4,1,5,1,21,5,1798,1,-1,2,1,2
2016410126187,2,9,0,18,0,0,1,0,0,0,3,1,5,1,24,5,1240,1,12,4,1,4
2016410126188,1,9,0,5,0,1,0,0,0,0,3,1,6,2,54,8,1968,2,-1,8,3,8
2016410126188,2,3,0,18,0,1,2,0,0,0,1,1,6,1,21,5,124,1,7,8,1,8
2016410126216,1,9,0,4,0,2,0,0,0,0,2,1,6,2,23,5,1397,1,8,8,3,8
2016410126216,2,5,0,4,0,2,0,0,0,0,1,1,6,1,36,7,1050,1,1,10,1,10
2016410126247,1,98,1,18,0,0,0,0,0,0,1,2,1,1,28,6,-1,-1,-1,-1,-1,-1
2016410126247,2,9,0,18,0,0,0,0,0,0,4,1,5,1,49,8,-1,-1,-1,4,1,4
2016410126272,1,90,1,18,0,1,0,0,0,0,1,1,1,1,55,8,-1,-1,-1,3,1,3
2016410126272,2,9,0,3,0,4,0,0,0,0,2,1,5,2,54,8,1198,1,12,7,1,7
2016410126287,1,9,0,4,0,4,1,0,1,10,3,1,5,2,20,4,998,1,9,6,2,6
2016410126312,1,9,0,9,0,1,0,0,0,0,1,1,5,1,88,11,1598,2,3,10,3,10
2016410126312,2,1,0,18,0,2,5,0,1,0,1,1,2,1,44,7,-1,-1,-1,10,1,10
2016410126321,1,9,0,17,0,0,0,0,0,0,3,1,1,1,35,6,1248,2,6,10,1,10
2016410126321,2,9,0,16,0,0,0,0,0,0,3,1,1,1,45,7,1398,1,3,5,3,5
2016410126347,1,98,0,11,0,1,0,0,0,0,0,1,6,3,-1,-1,-1,-1,-1,-1,-1,-1
2016410126347,2,19,0,11,0,1,0,0,0,0,1,1,1,1,34,6,1560,2,-1,7,1,7
2016410126347,3,9,0,4,0,1,0,0,0,0,2,1,5,2,31,6,1197,1,-1,7,1,7
2016410126383,1,9,0,18,0,1,0,0,0,0,1,1,5,2,28,6,1995,2,8,7,1,7
2016410126383,2,9,0,3,0,1,0,0,0,0,2,1,5,1,37,7,1248,2,2,3,1,3
2016410126397,1,9,0,9,0,8,0,0,0,0,1,1,5,1,26,6,1395,1,1,3,1,3
2016410126397,2,1,0,18,0,1,0,0,0,0,1,1,5,2,47,8,-1,-1,-1,8,1,8
2016410126422,1,19,0,13,0,8,0,0,0,0,4,1,1,1,35,6,1998,2,14,2,1,2
2016410126422,2,90,1,9,0,5,0,0,0,0,3,1,1,1,46,8,-1,-1,-1,10,1,10
2016410126447,1,9,0,18,0,0,0,0,0,0,1,1,6,1,26,6,1590,1,13,3,1,3
2016410126447,2,19,0,4,0,0,0,0,0,0,2,1,6,1,40,7,1560,2,2,5,1,5
2016410126447,3,9,0,4,0,0,0,0,0,0,2,1,6,1,39,7,1598,1,3,2,1,2
2016410126479,1,9,0,18,0,1,0,0,0,0,1,1,5,2,52,8,1995,1,8,10,1,10
2016410126479,2,9,0,4,0,1,0,0,0,0,2,1,5,1,80,11,2987,2,9,8,1,8
2016410126508,1,19,0,12,0,3,0,0,0,0,3,1,5,1,-1,-1,1968,2,-1,10,2,10
2016410126508,2,9,0,18,0,3,0,0,0,0,4,1,5,1,55,8,1995,2,4,7,3,7
2016410126527,1,9,0,5,0,4,0,0,0,0,1,1,6,1,-1,-1,1999,1,8,-1,-1,-1
2016410126527,2,1,0,17,0,8,5,0,0,0,2,1,4,1,17,4,-1,-1,-1,6,1,6
2016410126577,1,9,0,18,0,0,0,0,0,0,1,1,1,1,32,6,1248,2,3,-1,-1,-1
2016410126618,1,9,0,9,0,6,0,0,0,0,3,1,2,1,22,5,1598,1,11,7,1,7
2016410126618,2,9,0,18,0,8,0,0,7,0,1,1,6,1,28,6,1968,2,9,7,3,7
2016410126633,1,9,0,18,0,1,0,0,0,0,1,1,6,1,38,7,1368,1,-1,9,1,9
2016410126633,2,19,0,3,0,1,0,0,0,0,2,1,2,1,26,6,1753,2,6,6,1,6
2016410126663,1,9,0,14,0,0,0,0,0,0,1,1,2,1,57,9,4966,1,12,6,1,6
2016410126693,1,9,0,9,0,6,0,0,0,0,1,1,6,1,32,6,1560,2,10,7,1,7
2016410126693,2,9,0,18,0,8,0,0,0,0,3,1,5,1,22,5,1364,1,8,7,1,7
2016410126817,1,9,0,18,0,0,0,0,0,0,1,1,5,2,-1,-1,-1,-1,-1,-1,-1,-1
2016410126817,2,1,0,18,0,0,0,0,0,0,2,1,5,1,15,3,-1,-1,-1,6,1,6
2016410127047,1,9,0,18,0,0,0,0,0,0,1,1,6,1,39,7,1598,1,14,10,1,10
2016410127047,2,9,0,16,0,0,0,0,0,0,1,1,6,2,63,9,2179,2,3,10,3,10
2016410127138,1,98,0,18,0,0,0,0,0,0,4,1,1,3,-1,-1,-1,-1,-1,-1,-1,-1
2016410127332,1,9,0,16,0,0,0,0,0,0,2,1,6,1,26,6,1595,1,16,-1,-1,-1
2016410127332,2,9,0,16,0,0,0,0,0,0,1,1,1,1,47,8,1248,2,3,-1,-1,-1
2016410127332,3,9,0,18,0,0,0,0,0,0,1,1,6,1,51,8,998,1,18,7,1,7
2016410127332,4,9,0,2,0,0,0,0,0,0,3,1,6,3,-1,-1,1598,1,9,-1,-1,-1
2016410127360,1,9,0,16,0,0,0,0,0,0,1,1,6,1,-1,-1,3226,2,13,-1,-1,-1
2016410127360,2,9,0,17,0,0,0,0,0,0,1,1,5,1,67,10,1783,1,17,10,1,10
2016410127360,3,9,0,17,0,0,0,0,0,0,3,1,6,1,32,6,-1,-1,-1,5,1,5
2016410127386,1,9,0,17,0,1,0,0,0,0,1,1,2,1,28,6,1242,1,15,-1,-1,-1
2016410127435,1,9,0,5,0,1,0,0,0,0,1,1,1,1,53,8,-1,-1,-1,6,1,6
2016410127435,2,9,0,18,0,1,0,0,0,0,4,1,6,2,54,8,1582,2,4,10,2,10
2016410127507,1,9,0,18,0,2,0,0,0,0,3,1,5,1,82,11,1598,1,14,3,1,3
2016410127507,2,1,0,18,0,1,0,0,0,0,1,1,5,1,15,3,-1,-1,-1,3,1,3
2016410127620,1,9,0,18,0,4,0,0,0,0,3,1,5,2,37,7,1998,1,13,7,1,7
2016410127620,2,9,0,18,0,8,0,0,0,0,4,1,5,1,36,7,2685,2,11,5,1,5
2016410127666,1,9,0,18,0,0,0,0,0,0,0,1,6,1,41,7,2490,2,19,9,1,9
2016410127803,1,21,1,11,0,0,0,0,0,0,4,1,1,1,26,6,12902,2,1,4,1,4
2016410127803,2,9,0,18,0,0,0,0,4,7,3,1,5,1,39,7,1398,1,15,6,1,6
2016410127823,1,1,0,3,0,1,0,0,0,0,4,1,1,1,20,4,-1,-1,-1,4,1,4
2016410127823,2,9,0,18,0,1,0,0,0,0,3,1,5,1,37,7,1896,2,6,2,1,2
2016410127855,1,9,0,5,0,2,0,0,1,0,3,1,5,1,35,6,1970,1,8,-1,-1,-1
2016410127855,2,9,0,18,0,8,0,0,7,0,1,1,5,2,48,8,2400,2,-1,9,3,9
2016410127899,1,9,0,17,0,0,0,0,0,0,1,1,5,2,17,4,973,1,15,5,1,5
2016410127899,2,9,0,16,0,0,0,0,0,0,2,1,5,1,81,11,1999,1,11,9,2,9
2016410127899,3,9,0,16,0,0,0,0,0,0,1,1,5,1,60,9,1995,2,1,6,1,6
2016410127990,1,90,1,18,0,4,1,0,0,0,1,1,1,1,49,8,-1,-1,-1,2,1,2
2016410127990,2,9,0,3,0,1,0,0,0,0,2,1,5,1,23,5,1339,1,10,3,1,3
2016410128033,1,1,0,4,0,3,5,0,0,0,2,1,2,1,31,6,-1,-1,-1,6,1,6
2016410128033,2,9,0,5,0,4,0,0,0,0,1,1,5,2,51,8,1086,1,11,6,1,6
2016410128045,1,4,0,18,0,0,5,11,0,0,1,1,1,1,49,8,400,1,7,6,3,6
2016410128091,1,98,1,12,0,0,0,0,0,0,3,1,1,1,55,8,-1,-1,-1,-1,-1,-1
2016410128091,2,9,0,11,0,0,0,0,0,0,4,1,6,1,65,9,1198,1,2,2,1,2
2016410128098,1,9,0,18,0,6,0,0,1,0,4,1,5,1,19,4,1390,1,6,8,1,8
2016410128098,2,9,0,18,0,1,1,0,0,0,1,1,6,1,-1,-1,1951,2,16,-1,-1,-1
2016410128155,1,5,0,18,0,8,0,0,0,0,1,1,6,1,37,7,749,1,6,4,1,4
2016410128155,2,9,0,5,0,8,0,0,0,0,1,1,6,1,22,5,1596,1,7,6,1,6
2016410128160,1,19,0,18,0,0,0,12,0,0,1,1,2,1,40,7,2287,2,-1,9,2,9
2016410128163,1,3,0,13,0,1,0,0,0,0,4,1,5,1,38,7,125,1,-1,3,1,3
2016410128163,2,9,0,9,0,5,0,0,0,0,3,1,5,2,52,8,2148,2,13,10,3,10
2016410128167,1,19,0,18,0,1,0,0,0,0,1,1,1,1,27,6,2143,2,2,9,1,9
2016410128167,2,9,0,10,0,1,0,0,0,0,2,1,5,1,37,7,1896,2,16,8,1,8
2016410128179,1,19,0,6,0,8,0,0,0,0,3,1,1,1,45,7,2198,2,2,2,1,2
2016410128179,2,3,0,18,0,1,0,0,0,0,1,1,1,1,21,5,125,1,4,8,1,8
2016410128194,1,9,0,16,0,0,1,0,0,0,3,1,5,2,34,6,1388,1,14,6,1,6
2016410128194,2,9,0,18,0,0,0,0,0,0,3,1,5,1,73,10,1289,1,18,9,1,9
2016410128206,1,9,0,9,0,5,0,0,0,0,4,1,2,1,23,5,1997,2,15,3,1,3
2016410128206,2,9,0,18,0,8,0,0,0,0,1,1,5,2,64,9,1598,1,6,10,1,10
2016410128325,1,98,0,18,0,0,0,0,0,0,1,1,6,1,64,9,-1,-1,-1,8,1,8
2016410128325,2,9,0,18,0,0,0,0,0,0,2,1,6,1,28,6,2967,2,1,5,1,5
2016410128356,1,9,0,18,0,1,0,0,0,0,1,1,6,3,-1,-1,-1,-1,-1,-1,-1,-1
2016410128356,2,1,0,18,0,1,1,10,0,0,2,1,6,1,55,8,-1,-1,-1,9,1,9
2016410128359,1,9,0,5,0,0,0,0,0,0,1,1,5,1,46,8,1149,1,12,9,1,9
2016410128387,1,9,0,5,0,4,0,0,0,0,1,1,2,1,24,5,-1,-1,-1,-1,-1,-1
2016410128387,2,9,0,3,0,1,0,0,0,0,2,1,6,1,42,7,2148,2,7,7,1,7
2016410128396,1,9,0,4,0,0,0,0,0,0,1,1,5,1,28,6,2143,2,3,9,1,9
2016410128396,2,19,0,4,0,0,0,0,0,0,2,1,5,1,51,8,1968,2,-1,6,1,6
2016410128424,1,9,0,18,0,1,0,0,0,0,1,1,6,1,42,7,1753,2,8,3,1,3
2016410128424,2,9,0,10,0,1,0,0,0,0,2,1,5,1,43,7,2435,1,16,10,1,10
2016410128458,1,9,0,9,0,6,0,0,0,0,1,1,6,1,-1,-1,-1,-1,-1,-1,-1,-1
2016410128458,2,9,0,9,0,8,0,0,0,0,3,1,5,1,49,8,1995,2,5,6,3,6
2016410128480,1,21,0,17,0,8,0,0,0,0,3,1,6,3,-1,-1,10677,2,2,-1,-1,-1
2016410128480,2,9,0,11,0,3,0,0,0,0,4,1,5,2,18,4,1390,1,2,5,1,5
2016410128512,1,9,0,9,0,3,0,0,0,0,1,1,1,1,28,6,1968,2,12,10,1,10
2016410128512,2,1,0,18,0,4,1,0,0,0,1,1,5,1,28,6,-1,-1,-1,10,1,10
2016410128518,1,9,0,1,0,1,0,4,0,0,2,1,5,1,-1,-1,1968,2,7,5,1,5
2016410128518,2,9,0,2,0,1,0,0,0,0,2,1,6,3,-1,-1,-1,-1,-1,-1,-1,-1
2016410128571,1,98,0,2,0,0,0,0,0,0,3,1,6,3,-1,-1,-1,-1,-1,-1,-1,-1
2016410128571,2,9,0,2,0,0,0,0,1,0,3,1,6,3,-1,-1,-1,-1,-1,-1,-1,-1
2016410128571,3,98,0,2,0,0,0,0,0,0,3,1,6,3,-1,-1,-1,-1,-1,-1,-1,-1
2016410128571,4,9,0,18,0,0,0,4,0,0,1,1,6,2,26,6,1997,2,5,9,1,9
2016410128582,1,9,0,3,0,1,0,0,0,0,2,1,6,2,32,6,1124,1,10,9,1,9
2016410128582,2,9,0,10,0,3,0,0,0,0,1,1,6,1,22,5,1198,1,10,9,1,9
2016410128605,1,9,0,11,0,0,0,0,0,0,1,1,5,2,24,5,1560,2,9,2,1,2
2016410128605,2,19,0,18,0,0,0,0,0,0,4,1,5,1,35,6,1598,2,-1,2,1,2
2016410128605,3,9,0,18,0,0,0,0,0,0,1,1,5,1,54,8,5935,1,4,10,1,10
2016410128630,1,9,0,1,0,8,0,0,0,0,2,1,6,2,54,8,2200,2,5,9,1,9
2016410128630,2,9,0,3,0,8,0,0,0,0,1,1,5,2,39,7,1796,1,16,8,1,8
2016410128645,1,3,0,16,0,0,1,0,0,0,1,1,6,1,18,4,124,1,-1,10,1,10
2016410128645,2,9,0,18,0,0,0,0,0,0,1,1,6,3,38,7,2143,2,4,1,1,1
2016410128656,1,19,0,18,0,0,0,0,0,0,0,1,2,1,-1,-1,1870,2,12,-1,-1,-1
2016410128656,2,9,0,18,0,0,0,0,2,0,4,1,2,2,-1,-1,-1,-1,-1,10,2,10
2016410128657,1,5,0,18,0,0,1,0,0,0,1,1,5,1,57,9,599,1,12,3,1,3
2016410128657,2,9,0,3,0,0,0,0,0,0,2,1,5,1,25,5,1364,1,10,2,1,2
2016410128660,1,9,0,4,0,1,0,0,0,0,1,1,6,3,-1,-1,-1,-1,-1,-1,-1,-1
2016410128660,2,9,0,4,0,1,0,0,0,0,2,1,6,2,57,9,1598,2,2,-1,-1,-1
2016410128670,1,5,0,18,0,0,0,0,0,0,3,1,5,1,-1,-1,599,1,22,-1,-1,-1
2016410128670,2,9,0,18,0,0,0,0,0,0,3,1,6,2,-1,-1,1390,1,16,-1,-1,-1
2016410128680,1,9,0,7,0,6,0,0,0,0,0,1,6,3,-1,-1,-1,-1,-1,-1,-1,-1
2016410128680,2,11,0,18,0,1,0,0,0,0,0,1,1,2,47,8,7300,2,13,6,2,6
2016410128697,1,11,0,18,0,0,0,0,0,0,1,1,1,1,24,5,4500,2,5,3,1,3
2016410128698,1,9,0,11,0,0,0,0,0,0,0,1,6,3,-1,-1,-1,-1,-1,-1,-1,-1
2016410128698,2,9,0,4,0,0,1,0,0,0,2,1,6,1,-1,-1,1950,2,-1,6,1,6
2016410128698,3,9,0,18,0,0,0,0,0,0,1,1,6,1,23,5,1368,1,-1,8,1,8
2016410128698,4,9,0,18,0,0,0,0,0,0,1,1,6,1,-1,-1,-1,-1,-1,-1,-1,-1
2016410128766,1,9,0,18,0,0,1,0,2,0,1,1,5,2,25,5,1998,1,19,8,3,8
2016410128790,1,9,0,2,0,1,0,0,0,0,0,1,5,1,47,8,1598,1,8,6,1,6
2016410128790,2,9,0,7,0,2,0,0,0,0,0,1,5,2,28,6,2143,2,4,-1,-1,-1
2016410128790,3,23,0,18,0,1,0,0,0,0,4,1,5,1,20,4,125,1,-1,7,1,7
2016410128790,4,9,0,18,0,1,0,0,0,0,1,1,5,1,35,6,-1,-1,-1,9,1,9
2016410128816,1,9,0,18,0,0,1,10,7,9,1,1,6,1,29,6,1753,2,13,3,1,3
2016410128816,2,9,0,18,0,0,0,0,0,0,0,1,6,3,-1,-1,-1,-1,-1,-1,-1,-1
2016410128921,1,11,0,9,0,0,0,0,0,0,1,1,1,1,49,8,7300,2,11,4,1,4
2016410128921,2,1,0,18,0,0,0,0,0,0,1,1,2,1,46,8,-1,-1,-1,2,1,2
2016410128960,1,9,0,18,0,0,0,0,0,0,1,1,6,1,42,7,1995,2,10,8,1,8
2016410128960,2,1,0,18,0,6,0,0,0,0,3,1,6,1,14,3,-1,-1,-1,7,1,7
2016410129025,1,9,0,18,0,0,1,0,2,0,1,1,3,1,36,7,2996,1,2,4,1,4
2016410129025,2,9,0,18,0,0,0,0,0,0,1,1,2,1,25,5,1998,1,-1,8,1,8
2016410129030,1,9,0,2,0,0,0,0,0,0,1,1,6,3,-1,-1,-1,-1,-1,-1,-1,-1
2016410129030,2,9,0,2,0,0,0,0,0,0,2,1,6,3,-1,-1,-1,-1,-1,-1,-1,-1
2016410129187,1,9,0,9,0,6,0,0,0,0,3,1,6,1,23,5,1229,1,4,1,1,1
2016410129187,2,5,0,14,0,1,0,0,0,0,1,1,6,2,26,6,898,1,2,-1,-1,-1
2016410129215,1,19,0,9,0,8,0,0,0,0,4,1,2,1,36,7,1968,2,2,8,2,8
2016410129215,2,9,0,18,0,8,0,0,0,0,1,1,6,2,45,7,1995,2,14,4,1,4
2016410129297,1,2,0,18,0,1,0,0,0,0,4,1,5,1,21,5,49,1,12,5,1,5
2016410129297,2,9,0,5,0,2,0,0,0,0,3,1,6,1,-1,-1,1596,1,10,-1,-1,-1
2016410129330,1,9,0,18,0,0,0,4,0,0,4,1,6,3,-1,-1,-1,-1,-1,-1,-1,-1
2016410129330,2,9,0,2,6,0,0,0,0,0,4,1,5,2,-1,-1,1388,1,14,-1,-1,-1
2016410129364,1,9,0,17,0,8,1,0,0,0,4,1,2,1,36,7,1991,2,11,6,1,6
2016410129364,2,9,0,3,0,1,0,0,1,7,3,1,2,1,36,7,998,1,1,10,2,10
2016410129396,1,9,0,18,0,0,0,0,0,0,1,1,6,1,48,8,2143,2,4,10,1,10
2016410129396,2,9,0,3,0,0,0,0,0,0,2,1,6,1,36,7,1896,2,10,6,1,6
2016410129396,3,9,0,3,0,0,0,0,0,0,2,1,6,1,52,8,2993,2,4,10,1,10
2016410129405,1,9,0,4,0,0,0,0,0,0,2,1,5,2,52,8,4951,1,-1,7,1,7
2016410129405,2,9,0,18,0,0,0,0,0,0,1,1,1,1,37,7,1968,2,2,5,1,5
2016410129468,1,9,0,12,0,0,0,0,0,0,1,1,5,2,26,6,1422,2,-1,7,1,7
2016410129468,2,9,0,4,0,0,0,0,0,0,2,1,5,1,24,5,1796,1,10,4,1,4
2016410129503,1,9,0,4,0,1,1,0,0,0,1,1,5,1,65,9,998,1,3,6,1,6
2016410129503,2,19,0,3,0,1,0,0,0,0,2,1,1,1,29,6,2198,2,6,9,1,9
2016410129503,3,9,0,3,0,1,0,0,0,0,2,1,5,1,38,7,1390,1,5,4,1,4
2016410129524,1,9,0,17,0,0,2,0,1,9,1,1,6,2,26,6,1364,1,9,5,1,5
2016410129537,1,9,0,9,0,2,0,0,0,0,1,1,5,2,39,7,1598,1,8,-1,-1,-1
2016410129539,1,4,0,18,0,8,2,10,0,0,4,1,6,1,34,6,249,1,8,7,1,7
2016410129593,1,1,0,18,0,0,1,0,0,0,1,1,1,2,24,5,-1,-1,-1,9,1,9
2016410129593,2,9,0,1,0,0,0,0,0,0,4,1,1,2,40,7,1997,2,1,7,1,7
2016410129717,1,9,0,11,0,0,0,0,0,0,4,1,6,1,29,6,2204,2,9,3,1,3
2016410129717,2,5,0,18,0,0,2,0,0,0,3,1,6,1,46,8,892,1,13,6,1,6
2016410129939,1,2,0,3,0,0,0,0,0,0,4,1,5,1,16,4,49,1,9,4,1,4
2016410129939,2,2,0,3,0,0,0,0,0,0,3,1,5,1,16,4,49,1,15,4,1,4
2016410130007,1,9,0,7,0,4,0,0,0,0,3,1,1,1,48,8,1339,8,6,5,1,5
2016410130007,2,1,0,11,0,3,5,0,0,0,1,1,1,1,32,6,-1,-1,-1,4,1,4
2016410130024,1,19,0,18,0,0,1,0,0,0,4,1,1,1,26,6,1560,2,1,6,1,6
2016410130042,1,9,0,18,0,1,0,0,0,0,4,1,5,2,19,4,1240,1,11,10,1,10
2016410130042,2,9,0,7,0,2,0,0,0,0,3,1,5,2,53,8,2400,2,3,9,1,9
2016410130059,1,9,0,7,0,6,0,0,0,0,3,1,5,2,79,11,998,1,19,8,1,8
2016410130059,2,9,0,18,0,1,0,0,0,0,1,1,6,2,29,6,1242,1,11,9,1,9
2016410130078,1,9,0,18,0,0,0,0,0,0,1,1,5,1,-1,-1,1124,1,10,8,1,8
2016410130078,2,9,0,4,0,0,0,0,0,0,2,1,5,1,39,7,1596,1,11,7,1,7
2016410130146,1,9,0,18,0,0,0,0,0,0,1,1,6,1,54,8,-1,-1,-1,6,1,6
2016410130146,2,9,0,4,0,0,0,0,0,0,2,1,1,2,23,5,1390,1,3,8,3,8
2016410130146,3,9,0,3,0,0,0,0,0,0,2,1,6,1,22,5,1198,1,2,7,2,7
2016410130147,1,9,0,14,0,0,0,4,0,0,1,1,6,2,69,10,1339,1,4,7,1,7
2016410130147,2,19,4,2,9,0,0,0,0,0,3,1,1,1,33,6,1995,2,-1,6,1,6
2016410130166,1,9,0,7,0,8,0,0,0,0,1,1,6,1,-1,-1,-1,-1,-1,-1,-1,-1
2016410130202,1,9,0,5,0,0,0,0,0,0,4,1,5,1,85,11,1199,1,13,7,1,7
2016410130235,1,9,0,18,0,1,0,0,0,0,1,1,5,2,85,11,1395,1,-1,6,2,6