Accident_Index,Vehicle_Reference,Vehicle_Type,Towing_and_Articulation,Vehicle_Manoeuvre,Vehicle_Location-Restricted_Lane,Junction_Location,Skidding_and_Overturning,Hit_Object_in_Carriageway,Vehicle_Leaving_Carriageway,Hit_Object_off_Carriageway,1st_Point_of_Impact,Was_Vehicle_Left_Hand_Drive?,Journey_Purpose_of_Driver,Sex_of_Driver,Age_of_Driver,Age_Band_of_Driver,Engine_Capacity_(CC),Propulsion_Code,Age_of_Vehicle,Driver_IMD_Decile,Driver_Home_Area_Type,Vehicle_IMD_Decile
2016420041540,1,9,0,6,0,0,0,0,0,0,1,1,6,3,-1,-1,-1,-1,-1,-1,-1,-1
2016420041540,2,3,0,14,0,0,0,0,0,0,1,1,6,1,43,7,124,1,10,3,1,3
2016420041550,1,9,0,18,0,1,0,0,0,0,1,1,6,2,22,5,1149,1,10,5,1,5
2016420041550,2,9,0,4,0,1,0,0,0,0,2,1,6,1,31,6,2204,2,12,9,1,9
2016420041551,1,1,0,18,0,6,1,0,0,0,1,1,4,1,17,4,-1,-1,-1,5,1,5
2016420041551,2,9,0,7,0,1,0,0,0,0,1,1,1,2,59,9,1329,1,2,8,1,8
2016420041588,1,9,0,18,0,0,0,7,0,0,1,1,5,2,63,9,1197,1,-1,-1,-1,-1
2016420041589,1,9,0,18,0,0,1,0,7,0,1,1,6,2,22,5,1199,1,17,6,3,6
2016420041590,1,9,0,5,0,4,0,0,0,0,1,1,5,1,21,5,-1,-1,-1,8,2,8
2016420041590,2,5,0,9,0,4,0,0,0,0,1,1,6,1,30,6,599,1,9,4,1,4
2016420041591,1,9,0,5,0,2,0,0,0,0,3,1,6,1,52,8,1200,1,2,10,2,10
2016420041591,2,1,0,18,0,1,0,0,0,0,1,1,6,1,29,6,-1,-1,-1,-1,-1,-1
2016420041592,1,3,0,5,0,0,5,0,0,0,1,1,2,2,48,8,124,1,3,-1,-1,-1
2016420041592,2,9,0,18,0,0,0,0,0,0,1,1,2,2,48,8,1399,1,11,6,1,6
2016420041593,1,9,0,16,0,0,2,0,1,0,0,1,6,2,40,7,1796,1,12,4,1,4
2016420041594,1,9,0,17,0,0,5,10,1,3,1,1,1,1,36,7,1560,2,4,-1,-1,-1
2016420041594,2,9,0,18,0,0,0,0,0,0,0,1,6,3,-1,-1,2480,1,1,-1,-1,-1
2016420041595,1,9,0,5,0,4,0,0,0,0,3,1,6,1,21,5,-1,-1,-1,-1,-1,-1
2016420041595,2,9,0,18,0,8,0,0,0,0,4,1,6,1,32,6,1596,1,8,4,1,4
2016420041597,1,9,0,9,0,8,0,0,0,0,1,1,2,1,24,5,1388,1,12,6,1,6
2016420041597,2,19,0,4,0,1,0,0,7,0,1,1,1,1,48,8,1598,2,5,2,1,2
2016420041597,3,9,0,4,0,1,0,0,0,0,1,1,5,1,34,6,1493,2,10,5,1,5
2016420041645,1,9,0,18,0,0,0,0,0,0,4,1,6,2,54,8,2143,2,5,7,1,7
2016420041662,1,9,0,18,0,0,0,0,0,0,1,1,5,1,46,8,1794,1,14,4,3,4
2016420041662,2,9,0,4,0,0,0,0,0,0,2,1,5,1,19,4,1560,2,3,7,3,7
2016420041665,1,9,0,1,0,0,0,0,0,0,2,1,6,1,37,7,1968,2,8,10,1,10
2016420041667,1,9,0,4,0,0,0,0,0,0,1,1,5,2,31,6,1198,1,3,6,1,6
2016420041667,2,9,0,4,0,0,0,0,0,0,2,1,6,1,48,8,1560,2,1,8,1,8
2016420041668,1,9,0,11,0,8,0,0,0,0,0,1,6,1,46,8,2148,2,7,9,1,9
2016420041668,2,9,0,4,0,8,0,0,0,0,2,1,5,2,48,8,1598,1,6,8,1,8
2016420041668,3,20,0,18,0,8,0,0,0,0,1,1,1,1,-1,-1,7698,2,1,-1,-1,-1
2016420041668,4,9,0,18,0,4,0,0,0,0,1,1,5,1,27,6,1800,1,18,2,1,2
2016420041670,1,9,0,9,0,5,0,0,0,0,1,1,5,1,32,6,1796,1,18,8,3,8
2016420041670,2,9,0,18,0,8,0,0,1,1,1,1,6,1,18,4,1596,1,5,10,1,10
2016420041671,1,9,0,18,0,8,0,0,0,0,1,1,6,1,60,9,2204,2,9,7,3,7
2016420041671,2,9,0,18,0,1,0,0,0,0,1,1,6,1,39,7,1968,2,2,10,2,10
2016420041671,3,9,0,3,0,1,0,0,0,0,1,1,6,1,43,7,1598,1,10,7,3,7
2016420041672,1,9,0,6,0,1,0,0,0,0,3,1,6,2,50,8,1900,2,11,2,1,2
2016420041672,2,5,0,18,0,3,2,0,0,0,1,1,6,1,39,7,1000,1,11,9,1,9
2016420041674,1,9,0,18,0,0,0,0,7,4,1,1,5,1,22,5,1596,1,1,6,3,6
2016420041676,1,9,0,18,0,0,0,0,0,0,1,1,5,1,57,9,2688,2,16,10,1,10
2016420041676,2,9,4,18,0,0,0,0,0,0,2,1,1,1,41,7,-1,-1,-1,10,2,10
2016420041676,3,9,0,18,0,0,1,0,1,0,1,1,6,2,69,10,1108,1,6,8,2,8
2016420041679,1,9,0,18,0,0,0,4,0,0,1,1,6,1,29,6,2495,2,17,5,3,5
2016420041679,2,9,0,2,0,0,0,0,0,0,2,1,1,1,49,8,1753,2,14,5,1,5
2016420041680,1,9,0,5,0,1,0,0,0,0,4,1,5,1,24,5,1400,1,17,6,1,6
2016420041681,1,9,0,13,0,1,0,0,0,0,4,1,6,3,-1,-1,-1,-1,-1,-1,-1,-1
2016420041681,2,9,0,18,0,1,0,0,0,0,3,1,5,2,30,6,1896,2,12,2,1,2
2016420041684,1,9,0,18,0,0,1,0,0,0,1,1,5,1,23,5,1398,1,1,2,1,2
2016420041685,1,9,0,18,0,1,0,0,0,0,1,1,6,2,42,7,2495,2,13,5,1,5
2016420041685,2,9,0,9,0,2,0,0,0,0,1,1,6,2,27,6,1596,1,7,8,1,8
2016420041850,1,22,0,18,9,1,0,0,0,0,1,1,6,1,69,10,-1,-1,-1,4,1,4
2016420041899,1,9,0,1,9,0,0,0,0,0,2,1,6,1,74,10,1596,1,2,7,1,7
2016420041901,1,9,0,11,6,5,1,0,1,6,1,1,6,1,38,7,1968,2,2,5,1,5
2016420041920,1,21,0,18,0,0,0,0,0,0,1,1,1,1,24,5,8970,2,13,6,3,6
2016420041920,2,9,0,18,0,0,0,0,0,0,2,1,2,2,32,6,1461,2,4,7,1,7
2016420041922,1,9,0,17,0,0,1,0,7,10,1,1,6,2,21,5,1598,1,13,5,3,5
2016420041929,1,9,0,17,0,0,0,0,0,0,4,1,6,2,22,5,998,1,10,3,1,3
2016420041929,2,9,0,16,0,0,0,0,0,0,3,1,6,1,69,10,1560,2,3,8,1,8
2016420041956,1,9,0,18,0,0,0,4,0,0,1,1,5,1,74,10,2143,2,1,7,3,7
2016420041956,2,9,0,2,0,0,0,0,1,0,2,1,5,2,35,6,1360,1,14,6,2,6
2016420042004,1,5,0,18,0,1,1,1,0,0,4,1,6,1,-1,-1,599,1,12,4,1,4
2016420042031,1,9,0,4,0,0,0,0,0,0,1,1,1,1,48,8,1956,2,5,8,1,8
2016420042031,2,9,0,2,0,0,0,0,0,0,2,1,5,2,29,6,1975,1,11,3,1,3
2016420042057,1,9,0,18,0,2,0,0,0,0,2,1,6,2,-1,-1,1995,2,3,4,1,4
2016420042057,2,9,0,18,0,2,0,0,0,0,1,1,6,2,22,5,1242,1,5,4,1,4
2016420042086,1,9,0,18,0,1,0,0,0,0,1,1,6,1,49,8,1389,1,13,6,1,6
2016420042086,2,9,0,3,0,1,0,0,0,0,2,1,6,1,30,6,1396,1,18,2,1,2
2016420042102,1,9,0,4,0,0,0,0,0,0,1,1,5,1,47,8,1596,1,3,7,1,7
2016420042102,2,9,0,3,0,0,0,0,0,0,2,1,5,2,48,8,1999,1,11,6,1,6
2016420042148,1,9,0,1,0,0,0,0,0,0,2,1,6,1,-1,-1,1124,1,14,5,1,5
2016420042148,2,9,0,2,0,0,0,0,0,0,3,1,6,2,-1,-1,1596,1,11,4,1,4
2016420042162,1,9,0,9,0,2,0,0,0,0,1,1,6,1,43,7,1598,1,11,5,1,5
2016420042162,2,9,0,18,0,1,0,0,0,0,3,1,5,2,37,7,1596,1,14,6,1,6
2016420042163,1,9,0,9,0,6,0,0,0,0,3,1,2,2,46,8,1598,1,13,5,3,5
2016420042163,2,9,0,18,0,1,0,0,0,0,1,1,2,2,52,8,1596,1,13,3,1,3
2016420042172,1,90,1,12,0,0,0,0,0,0,0,1,6,3,-1,-1,-1,-1,-1,-1,-1,-1
2016420042172,2,5,0,18,0,0,0,0,0,0,0,1,5,1,54,8,599,1,16,6,1,6
2016420042178,1,9,0,18,0,1,0,0,0,0,1,1,6,3,-1,-1,-1,-1,-1,-1,-1,-1
2016420042178,2,1,0,18,0,1,0,0,0,0,2,1,6,1,29,6,-1,-1,-1,3,1,3
2016420042209,1,9,0,18,0,0,0,0,0,0,1,1,2,2,19,4,1240,1,10,5,2,5
2016420042209,2,9,0,3,0,0,0,0,0,0,2,1,6,2,58,9,1796,1,3,6,3,6
2016420042221,1,11,0,7,0,3,0,0,0,0,4,1,1,1,62,9,7300,2,16,3,1,3
2016420042239,1,9,0,18,0,2,1,0,0,0,1,1,6,1,-1,-1,-1,-1,-1,-1,-1,-1
2016420042242,1,9,0,18,0,0,0,0,0,0,1,1,5,1,47,8,1560,2,6,2,1,2
2016420042242,2,9,0,4,0,0,0,0,0,0,2,1,5,1,58,9,1895,1,17,3,1,3
2016420042243,1,9,0,18,0,7,0,0,0,0,1,1,2,1,43,7,999,1,1,7,1,7
2016420042243,2,9,0,18,0,7,0,0,0,0,2,1,2,1,57,9,1587,1,13,6,1,6
2016420042243,3,9,0,18,0,7,0,0,0,0,2,1,5,1,66,10,1999,1,10,5,1,5
2016420042243,4,9,0,18,0,7,0,0,0,0,2,1,5,1,24,5,1242,1,10,3,1,3
2016420042244,1,19,0,18,0,1,0,0,0,0,1,1,2,1,26,6,1995,2,2,8,1,8
2016420042244,2,9,0,4,0,1,0,0,0,0,2,1,2,2,24,5,1598,1,12,1,1,1
2016420042244,3,9,0,4,0,1,0,0,0,0,2,1,2,2,53,8,1398,2,12,10,1,10
2016420042405,1,9,0,9,0,8,0,0,0,0,1,1,2,2,33,6,1984,1,9,3,1,3
2016420042405,2,9,0,18,0,8,0,0,0,0,3,1,1,1,34,6,-1,-1,-1,4,1,4
2016420042405,3,9,0,9,0,2,0,0,0,0,0,1,6,2,-1,-1,-1,-1,-1,-1,-1,-1
2016420042419,1,5,0,17,0,0,1,0,0,0,3,1,6,1,30,6,599,1,11,7,3,7
2016420042441,1,9,0,18,0,1,0,0,0,0,1,1,6,2,68,10,1582,2,4,7,3,7
2016420042441,2,9,0,3,0,1,0,0,0,0,2,1,5,2,47,8,1796,1,14,9,1,9
2016420042453,1,19,0,18,0,1,1,0,0,0,1,1,1,1,48,8,2198,2,1,4,1,4
2016420042453,2,90,1,18,0,1,0,0,0,0,2,2,1,1,43,7,-1,-1,-1,-1,-1,-1
2016420042479,1,9,0,18,5,1,0,0,0,0,4,1,6,2,55,8,1390,1,4,4,1,4
2016420042492,1,9,0,18,0,1,1,0,0,0,1,1,6,2,21,5,1388,1,11,3,1,3
2016420042492,2,9,0,3,0,1,0,0,0,0,2,1,6,2,24,5,998,1,15,9,1,9
2016420042529,1,9,0,5,0,4,0,0,0,0,1,1,5,1,78,11,998,1,12,6,2,6
2016420042529,2,3,0,17,0,3,2,0,0,0,1,1,2,1,20,4,124,1,1,7,1,7
2016420042530,1,9,0,18,0,0,0,0,0,0,4,1,6,2,39,7,1398,2,13,1,1,1
2016420042531,1,9,0,18,0,8,0,0,0,0,1,1,5,2,17,4,1229,1,6,7,1,7
2016420042531,2,9,0,9,0,8,0,0,1,0,4,1,2,2,18,4,1229,1,5,7,1,7
2016420042532,1,9,0,18,0,0,0,0,0,0,1,1,5,1,33,6,-1,-1,-1,8,3,8
2016420042532,2,9,0,4,0,0,0,0,0,0,2,1,6,1,18,4,1390,1,10,5,1,5
2016420042532,3,9,0,4,0,0,0,0,0,0,3,1,5,2,50,8,1999,1,4,8,1,8
2016420042533,1,9,0,9,0,2,0,0,0,0,1,1,5,2,19,4,999,1,15,6,3,6
2016420042533,2,9,0,9,0,2,0,0,0,0,3,1,5,1,41,7,1986,2,9,7,3,7
2016420042562,1,9,0,5,0,0,0,0,0,0,1,1,6,3,-1,-1,-1,-1,-1,-1,-1,-1
2016420042562,2,5,0,18,0,0,0,0,0,0,4,1,6,1,-1,-1,1449,1,16,3,1,3
2016420042736,1,9,0,11,0,0,0,0,0,0,4,1,1,1,39,7,1796,1,11,3,1,3
2016420042736,2,3,0,18,0,0,5,0,0,0,3,1,1,1,24,5,125,1,6,9,1,9
2016420042764,1,9,0,4,0,0,0,0,0,0,2,1,6,1,45,7,1896,2,8,9,1,9
2016420042764,2,9,0,4,0,0,0,0,0,0,1,1,6,1,57,9,1461,2,7,4,3,4
2016420042764,3,9,0,18,0,0,0,0,0,0,1,1,6,1,44,7,-1,-1,-1,3,1,3
2016420042821,1,9,0,18,0,0,1,0,0,0,4,1,2,1,27,6,1796,1,16,4,1,4
2016420042821,2,90,0,2,0,0,0,0,0,0,4,1,6,3,-1,-1,-1,-1,-1,-1,-1,-1
2016420042838,1,9,0,18,0,0,0,0,0,0,1,1,6,1,81,11,1995,2,2,5,1,5
2016420042838,2,9,0,18,0,0,0,0,1,0,1,1,6,2,61,9,1386,1,8,7,1,7
2016420042839,1,9,0,18,0,1,0,0,0,0,1,1,5,1,74,10,1596,1,13,1,1,1
2016420042840,1,9,0,17,0,0,2,0,7,0,3,1,5,1,17,4,1399,2,9,6,1,6
2016420042841,1,20,0,18,0,0,0,0,0,0,4,1,1,2,40,7,-1,-1,-1,-1,-1,-1
2016420042841,2,19,0,3,0,0,0,0,0,0,3,1,1,1,37,7,2198,2,2,2,1,2
2016420042948,1,9,0,18,0,0,0,0,0,0,1,1,5,1,45,7,1299,1,14,-1,-1,-1
2016420042948,2,9,0,2,6,0,0,0,0,0,2,1,6,3,-1,-1,-1,-1,-1,-1,-1,-1
2016420042948,3,9,0,18,0,0,0,4,0,0,4,1,6,3,-1,-1,-1,-1,-1,-1,-1,-1
2016420042983,1,9,0,17,0,1,0,0,1,4,1,1,2,1,53,8,1984,1,15,7,2,7
2016420042999,1,9,0,18,0,0,5,0,7,4,1,1,6,1,22,5,1796,1,10,5,1,5
2016420043005,1,9,0,18,0,8,0,0,0,0,1,1,6,1,74,10,2198,2,10,5,1,5
2016420043005,2,9,0,10,0,8,0,0,0,0,2,1,6,2,28,6,1390,1,13,8,1,8
2016420043016,1,9,0,18,0,1,0,0,0,0,1,1,2,1,59,9,1596,1,8,2,1,2
2016420043016,2,19,0,18,0,1,0,0,0,0,0,1,1,1,64,9,2999,2,1,1,1,1
2016420043023,1,9,0,18,0,7,0,0,0,0,2,1,6,2,31,6,1598,1,6,3,1,3
2016420043023,2,21,1,18,0,7,0,0,0,0,1,1,1,1,32,6,7201,2,3,1,1,1
2016420043023,3,19,1,18,0,7,0,0,0,0,1,1,1,1,59,9,-1,-1,-1,5,1,5
2016420043025,1,9,0,18,0,1,0,0,0,0,1,1,6,1,58,9,1199,1,15,-1,-1,-1
2016420043025,2,9,0,4,0,1,0,0,0,0,2,1,6,1,47,8,2143,2,4,6,1,6
2016420043030,1,9,0,3,0,1,0,0,0,0,1,1,2,1,22,5,1596,1,14,7,1,7
2016420043030,2,9,0,3,0,1,0,0,0,0,2,1,2,2,30,6,1364,1,9,7,1,7
2016420043064,1,19,0,5,0,8,0,0,0,0,0,1,6,3,-1,-1,-1,-1,-1,-1,-1,-1
2016420043064,2,19,0,5,0,7,0,0,0,0,1,1,1,1,36,7,12777,2,1,-1,-1,-1
2016420043064,3,9,0,5,0,3,0,0,0,0,2,1,6,2,66,10,2993,2,1,-1,-1,-1
2016420043064,4,9,0,5,0,3,0,0,0,0,2,1,2,1,53,8,1796,1,11,1,1,1
2016420043075,1,21,0,18,0,0,0,0,0,0,1,1,1,1,53,8,10837,2,5,8,1,8
2016420043075,2,9,0,3,0,0,0,0,0,0,2,1,6,2,73,10,1590,1,15,6,3,6
2016420043075,3,9,0,5,0,0,0,0,0,0,2,1,6,2,58,9,1396,1,6,6,1,6
2016420043079,1,9,0,14,0,0,0,0,0,0,1,1,5,1,29,6,1388,1,16,2,1,2
2016420043079,2,9,0,18,0,0,0,0,0,0,1,1,6,2,34,6,2494,1,13,2,3,2
2016420043080,1,5,0,18,0,0,1,0,0,0,0,1,5,1,44,7,749,1,5,3,1,3
2016420043080,2,9,0,1,9,0,0,0,0,0,0,1,5,1,18,4,1229,1,11,6,3,6
2016420043082,1,9,0,18,9,0,0,0,1,10,1,1,1,1,45,7,-1,-1,-1,9,1,9
2016420043082,2,9,0,2,9,0,0,0,0,0,2,1,6,3,-1,-1,-1,-1,-1,-1,-1,-1
2016420043083,1,9,0,-1,-1,-1,0,-1,-1,0,-1,1,6,1,-1,-1,-1,-1,-1,-1,-1,-1
2016420043083,2,9,0,18,0,8,0,0,0,0,3,1,5,1,48,8,1997,2,11,6,1,6
2016420043107,1,9,0,18,0,0,0,0,0,0,0,1,6,3,-1,-1,-1,-1,-1,-1,-1,-1
2016420043107,2,9,0,18,0,0,0,0,5,0,1,1,5,2,31,6,1242,1,5,10,1,10
2016420043117,1,9,0,18,0,1,5,4,0,0,1,1,6,2,32,6,998,1,1,8,1,8
2016420043117,2,9,0,2,0,8,0,4,0,0,2,1,6,1,26,6,2993,2,2,-1,-1,-1
2016420043117,3,9,0,2,0,8,0,0,0,0,2,1,6,1,29,6,2143,2,2,4,1,4
2016420043117,4,9,0,2,0,8,0,0,0,0,3,1,6,1,38,7,1199,1,14,2,1,2
2016420043120,1,5,0,17,0,1,2,0,7,0,1,1,6,1,21,5,599,1,19,4,1,4
2016420043120,2,9,0,9,0,1,0,0,0,0,1,1,6,1,82,11,1896,2,8,6,1,6
2016420043124,1,9,0,6,0,0,0,0,1,0,1,1,5,2,44,7,1597,5,8,10,1,10
2016420043124,2,9,0,18,0,0,1,0,0,0,1,1,5,2,21,5,1598,1,5,10,1,10
2016420043125,1,9,0,3,0,1,0,0,0,0,1,1,5,1,78,11,1596,1,3,9,1,9
2016420043125,2,1,0,18,0,4,5,0,0,0,1,1,5,1,56,9,-1,-1,-1,4,1,4
2016420043223,1,9,0,9,0,6,0,0,0,0,3,1,6,1,70,10,1997,1,3,5,2,5
2016420043223,2,3,0,18,0,1,1,0,0,0,1,1,2,1,27,6,89,1,24,2,1,2
2016420043326,1,9,0,5,0,0,0,0,0,0,3,1,6,1,21,5,1086,1,10,9,2,9
2016420043326,2,9,0,18,0,0,0,0,0,0,4,1,6,1,53,8,1248,1,7,10,3,10
2016420043333,1,21,1,12,0,0,0,0,1,0,3,2,1,1,42,7,-1,-1,-1,-1,-1,-1
2016420043333,2,9,0,13,0,0,1,0,1,0,4,1,5,2,30,6,1968,2,7,10,2,10
2016420043354,1,9,0,18,0,1,0,0,0,0,1,1,5,2,48,8,1753,2,14,3,1,3
2016420043354,2,9,0,8,0,3,0,0,0,0,2,1,5,2,66,10,1997,2,3,-1,-1,-1
2016420043363,1,9,0,1,0,0,0,0,0,0,2,1,6,1,22,5,1388,1,12,4,1,4
2016420043366,1,9,0,18,0,0,0,0,0,0,2,1,5,1,71,10,1117,1,25,6,1,6
2016420043366,2,9,0,18,0,0,0,0,0,0,1,1,5,2,74,10,1198,1,3,9,1,9
2016420043372,1,9,0,10,0,1,0,0,0,0,1,1,6,1,29,6,1596,1,10,-1,-1,-1
2016420043372,2,3,0,18,0,8,2,0,0,0,4,1,6,1,21,5,108,1,4,-1,-1,-1
2016420043376,1,9,0,14,0,0,0,0,0,0,1,1,5,1,77,11,1124,1,16,8,3,8
2016420043384,1,11,0,16,0,0,1,0,0,0,3,1,1,1,35,6,5883,2,15,7,1,7
2016420043384,2,21,0,18,0,0,0,0,0,0,3,1,1,1,27,6,-1,-1,-1,5,2,5
2016420043427,1,9,0,5,0,5,0,0,0,0,1,1,3,2,45,7,998,1,2,6,3,6
2016420043427,2,3,0,18,0,1,5,0,0,0,4,1,2,1,35,6,125,1,7,5,1,5
2016420043477,1,9,0,18,0,8,0,0,0,0,1,1,1,1,28,6,1490,1,10,1,1,1
2016420043477,2,19,0,9,0,8,0,0,0,0,4,1,1,1,37,7,2198,2,4,4,1,4
2016420043523,1,9,0,18,0,0,0,0,0,0,1,1,5,2,29,6,1596,1,16,1,1,1
2016420043523,2,21,1,3,0,0,0,0,0,0,1,1,1,1,28,6,12777,2,4,4,1,4
2016420043523,3,21,0,3,0,0,0,0,0,0,2,1,1,1,43,7,12902,2,2,4,1,4
2016420043610,1,9,0,18,0,4,0,0,0,0,1,1,5,2,57,9,1388,1,12,10,1,10
2016420043610,2,9,0,9,0,8,1,0,0,0,4,1,5,1,19,4,1242,1,15,2,1,2
2016420043615,1,9,0,5,0,2,0,0,0,0,1,1,2,1,23,5,1390,1,5,8,1,8
2016420043617,1,9,0,9,0,6,0,0,0,0,3,1,5,2,26,6,1299,1,16,4,1,4
2016420043617,2,21,0,18,0,1,0,0,0,0,1,1,5,1,52,8,-1,-1,-1,6,3,6
2016420043617,3,9,0,3,0,1,0,0,0,0,1,1,5,2,44,7,1598,1,4,6,3,6
2016420043622,1,9,0,18,0,0,0,0,0,0,1,1,5,1,60,9,2685,2,12,6,1,6
2016420043624,1,9,0,5,0,3,0,0,7,2,1,1,6,1,38,7,1598,1,13,-1,-1,-1
2016420043624,2,9,0,4,0,1,0,0,0,0,3,1,3,2,40,7,1968,2,4,-1,-1,-1
2016420043682,1,9,0,16,0,8,0,0,0,0,3,1,6,3,-1,-1,-1,-1,-1,-1,-1,-1
2016420043682,2,1,0,7,0,4,0,0,0,0,3,1,5,1,45,7,-1,-1,-1,-1,-1,-1
2016420043872,1,90,0,18,0,0,5,0,1,11,4,1,5,1,27,6,700,1,1,2,1,2
2016420043882,1,9,0,11,0,0,0,0,0,0,4,1,6,1,17,4,1390,1,12,3,1,3
2016420043882,2,11,0,5,0,0,0,0,0,0,3,1,1,1,49,8,4250,2,9,10,2,10
2016420043938,1,90,1,18,0,0,0,0,0,0,4,1,1,1,57,9,-1,-1,-1,-1,-1,-1
2016420043938,2,90,1,18,0,0,0,0,0,0,1,1,1,1,43,7,-1,-1,-1,-1,-1,-1
2016420043940,1,9,0,17,0,2,1,7,0,0,1,1,2,1,44,7,1781,1,16,9,1,9
2016420043942,1,9,0,16,0,1,1,0,0,0,1,1,6,1,48,8,1360,1,14,6,2,6
2016420043942,2,9,0,18,0,3,0,0,1,0,1,1,6,2,50,8,1796,1,10,6,1,6
2016420043957,1,9,0,18,0,0,0,7,7,4,1,1,2,1,44,7,2143,2,1,1,1,1
2016420043961,1,11,0,5,3,0,0,0,0,0,4,1,1,1,44,7,5900,2,12,7,1,7
2016420043989,1,9,0,18,8,0,1,0,1,4,1,1,5,1,23,5,996,1,6,5,1,5
2016420044043,1,9,0,4,0,0,0,0,0,0,1,1,5,2,43,7,1242,1,14,2,1,2
2016420044043,2,9,0,4,0,0,0,0,0,0,2,1,5,2,34,6,1686,2,3,1,1,1
2016420044222,1,9,0,1,0,0,0,4,0,0,2,1,5,1,68,10,1998,2,11,3,1,3
2016420044222,2,9,0,3,0,0,0,0,0,0,1,1,5,1,46,8,1596,1,12,3,1,3
2016420044223,1,21,1,5,0,4,0,0,0,0,1,1,1,1,43,7,12740,2,1,8,2,8
2016420044223,2,5,0,3,0,8,0,0,0,0,2,1,5,1,48,8,998,1,11,8,1,8
2016420044225,1,9,0,18,0,0,0,0,0,0,4,1,5,1,67,10,2393,1,3,5,3,5
2016420044226,1,9,0,16,0,0,0,0,8,2,3,1,6,1,85,11,1299,1,17,2,1,2
2016420044227,1,3,0,18,2,1,0,0,0,0,1,1,5,1,41,7,124,1,6,-1,-1,-1
2016420044227,2,9,0,9,2,1,0,0,0,0,1,1,5,1,60,9,1596,1,11,4,1,4
2016420044228,1,1,0,18,0,2,0,0,0,0,3,1,4,1,12,3,-1,-1,-1,8,1,8
2016420044228,2,9,0,18,0,2,0,0,0,0,1,1,5,2,26,6,1199,1,15,7,1,7
2016420044228,3,1,0,18,0,2,0,0,0,0,3,1,4,1,14,3,-1,-1,-1,8,1,8
2016420044399,1,9,0,18,0,4,0,0,0,0,1,1,6,2,-1,-1,1997,2,1,3,2,3
2016420044399,2,1,0,18,0,3,0,0,0,0,4,1,6,1,35,6,-1,-1,-1,3,1,3
2016420044402,1,9,0,15,0,8,0,0,0,0,1,1,5,1,72,10,1399,2,12,5,1,5
2016420044402,2,90,0,2,0,2,0,0,0,0,2,1,6,3,-1,-1,-1,-1,-1,-1,-1,-1
2016420044403,1,8,0,18,0,1,0,0,0,0,1,1,1,1,33,6,2198,2,9,5,3,5
2016420044403,2,9,0,10,0,1,0,0,0,0,2,1,2,1,22,5,1368,1,3,10,1,10
2016420044431,1,9,0,9,0,0,0,0,0,0,3,1,2,1,32,6,-1,-1,-1,6,1,6
2016420044431,2,3,0,18,0,0,5,0,0,0,1,1,2,1,27,6,124,1,10,2,1,2
2016420044442,1,9,0,18,0,0,0,0,0,0,1,1,2,2,49,8,1956,2,5,6,1,6
2016420044442,2,9,0,3,0,0,0,0,0,0,2,1,2,1,56,9,1596,1,9,9,1,9
2016420044442,3,9,0,9,0,0,0,0,0,0,2,1,2,2,59,9,2967,2,10,10,1,10
2016420044467,1,9,0,18,0,0,0,0,0,0,3,1,3,1,33,6,1796,1,16,2,1,2
2016420044467,2,98,0,2,0,0,0,0,0,0,0,1,6,3,-1,-1,-1,-1,-1,-1,-1,-1
2016420044467,3,9,0,2,0,0,0,0,0,0,0,1,3,1,37,7,2496,1,11,2,1,2
2016420044467,4,9,0,2,0,0,0,0,0,0,0,1,3,2,45,7,1598,1,3,2,1,2
2016420044468,1,9,0,5,0,1,0,0,0,0,1,1,6,3,16,4,1994,2,16,-1,-1,-1
2016420044468,2,9,0,5,0,1,0,0,0,0,1,1,6,2,55,8,1200,1,2,4,1,4
2016420044470,1,5,0,13,0,8,0,0,7,0,4,1,6,1,47,8,996,1,11,7,3,7
2016420044470,2,9,0,9,0,8,0,0,0,0,1,1,6,1,63,9,2982,2,1,7,3,7
2016420044470,3,9,0,3,0,1,0,0,0,0,0,1,6,2,75,10,1596,1,5,9,1,9
2016420044471,1,9,0,5,0,3,0,0,0,0,1,1,5,1,69,10,1598,1,5,8,2,8
2016420044471,2,1,0,18,0,3,5,0,0,0,1,1,2,1,21,5,-1,-1,-1,3,3,3
2016420044472,1,8,0,18,0,8,0,0,0,0,4,1,1,1,38,7,-1,-1,-1,4,1,4
2016420044474,1,9,0,11,0,0,0,0,0,0,4,1,6,3,-1,-1,3189,1,11,-1,-1,-1
2016420044474,2,3,0,18,0,0,0,0,0,0,3,1,2,1,30,6,125,1,2,9,1,9
2016420044481,1,9,0,18,0,0,0,0,0,0,3,1,5,1,38,7,1498,1,17,3,1,3
2016420044491,1,9,0,16,0,0,1,0,7,9,1,1,2,1,51,8,-1,-1,-1,4,1,4
2016420044496,1,9,0,18,0,0,0,0,7,0,1,1,6,1,28,6,1796,1,17,8,1,8
2016420044496,2,9,0,18,0,0,0,0,0,0,0,1,5,1,81,11,1560,2,6,8,1,8
2016420044496,3,9,0,11,0,0,0,0,0,0,3,1,1,1,25,5,1364,1,9,7,1,7
2016420044496,4,9,0,18,0,0,0,0,0,0,1,1,5,1,67,10,1997,2,1,8,1,8