Accident_Index,Vehicle_Reference,Vehicle_Type,Towing_and_Articulation,Vehicle_Manoeuvre,Vehicle_Location-Restricted_Lane,Junction_Location,Skidding_and_Overturning,Hit_Object_in_Carriageway,Vehicle_Leaving_Carriageway,Hit_Object_off_Carriageway,1st_Point_of_Impact,Was_Vehicle_Left_Hand_Drive?,Journey_Purpose_of_Driver,Sex_of_Driver,Age_of_Driver,Age_Band_of_Driver,Engine_Capacity_(CC),Propulsion_Code,Age_of_Vehicle,Driver_IMD_Decile,Driver_Home_Area_Type,Vehicle_IMD_Decile
2016420044501,1,9,0,4,0,6,0,0,0,0,1,1,6,1,33,6,1984,1,15,1,1,1
2016420044501,2,1,0,18,0,1,0,0,0,0,4,1,6,1,41,7,-1,-1,-1,3,1,3
2016420044504,1,8,0,4,0,1,0,0,0,0,1,1,1,1,44,7,1997,2,2,4,1,4
2016420044505,1,19,0,18,0,1,1,0,0,0,1,1,6,1,34,6,2494,2,13,4,1,4
2016420044505,2,9,0,3,0,1,0,0,0,0,2,1,6,2,29,6,1560,2,9,6,1,6
2016420044506,1,9,0,17,0,0,0,0,1,0,1,1,5,1,35,6,1600,1,18,-1,-1,-1
2016420044507,1,9,0,18,0,0,0,0,0,0,3,1,5,2,72,10,2400,2,7,5,3,5
2016420044507,2,9,0,18,0,0,0,0,0,0,3,1,5,1,48,8,1560,2,5,4,1,4
2016420044507,3,9,0,18,0,0,0,0,0,0,3,1,6,1,67,10,2179,2,3,5,2,5
2016420044508,1,9,0,7,0,1,0,0,0,0,1,1,5,1,42,7,3996,1,14,3,1,3
2016420044514,1,9,0,18,0,0,0,0,0,0,0,1,6,3,-1,-1,-1,-1,-1,-1,-1,-1
2016420044515,1,19,0,18,8,1,0,0,0,0,1,1,6,1,30,6,2496,2,16,-1,-1,-1
2016420044515,2,9,0,17,0,1,0,0,0,0,1,1,5,2,17,4,1388,1,4,8,1,8
2016420044516,1,9,0,18,0,0,0,0,1,0,1,1,2,2,32,6,1984,1,11,7,1,7
2016420044516,2,9,0,3,0,0,0,0,0,0,2,1,6,1,34,6,1995,2,8,3,1,3
2016420044516,3,9,0,3,0,0,0,0,0,0,2,1,6,1,56,9,1399,2,13,5,1,5
2016420044517,1,9,0,11,0,1,0,0,0,0,1,1,6,1,51,8,2494,8,1,9,1,9
2016420044517,2,19,0,5,0,2,0,0,0,0,2,1,1,1,27,6,2198,2,4,6,1,6
2016420044519,1,9,0,18,0,1,1,0,1,0,1,1,6,1,23,5,1461,2,1,4,1,4
2016420044519,2,9,0,2,0,2,1,0,0,0,2,1,6,3,-1,-1,-1,-1,-1,-1,-1,-1
2016420044519,3,9,0,2,0,2,1,0,0,0,2,1,6,3,-1,-1,-1,-1,-1,-1,-1,-1
2016420044519,4,9,0,2,9,2,0,0,0,0,2,1,6,3,-1,-1,-1,-1,-1,-1,-1,-1
2016420044640,1,19,0,13,0,0,5,0,7,3,1,1,5,1,59,9,1598,1,10,5,1,5
2016420044735,1,16,0,18,0,0,0,0,0,0,3,1,5,2,18,4,-1,-1,-1,7,3,7
2016420044735,2,-1,0,18,0,0,0,0,0,0,1,1,6,3,-1,-1,-1,-1,-1,-1,-1,-1
2016420044816,1,19,0,18,0,1,0,0,0,0,4,1,1,1,51,8,1995,2,3,10,1,10
2016420044818,1,19,0,18,0,1,0,0,0,0,1,1,1,2,28,6,2198,2,4,4,1,4
2016420044818,2,19,0,10,0,1,0,0,0,0,2,1,1,1,54,8,2198,2,2,10,1,10
2016420044818,3,20,0,18,0,1,0,0,0,0,1,1,1,1,43,7,4485,2,1,5,1,5
2016420044828,1,9,0,9,0,6,0,0,0,0,3,1,5,1,20,4,1398,1,2,9,1,9
2016420044828,2,1,0,18,0,1,0,0,0,0,1,1,5,1,24,5,-1,-1,-1,-1,-1,-1
2016420044836,1,9,0,6,0,0,1,0,0,0,1,1,6,1,24,5,-1,-1,-1,6,1,6
2016420044836,2,9,0,14,0,0,1,0,1,0,4,1,5,1,88,11,1598,1,5,9,1,9
2016420044838,1,98,0,18,0,0,0,0,0,0,1,1,6,1,-1,-1,-1,-1,-1,-1,-1,-1
2016420044838,2,9,0,3,0,0,0,0,0,0,2,1,6,2,63,9,998,1,6,3,2,3
2016420044839,1,9,0,18,0,1,0,0,0,0,1,1,6,1,32,6,998,1,1,2,1,2
2016420044839,2,9,0,3,0,1,0,0,0,0,2,1,6,2,42,7,1560,2,8,8,1,8
2016420044840,1,9,0,15,0,1,0,0,0,0,4,1,5,1,52,8,1998,2,12,7,2,7
2016420044841,1,9,0,18,0,1,0,0,0,0,1,1,5,2,48,8,1199,1,14,1,1,1
2016420044917,1,9,0,18,0,0,0,0,0,0,0,1,6,3,-1,-1,-1,-1,-1,-1,-1,-1
2016420044917,2,11,0,5,0,0,0,0,0,0,0,1,1,1,35,6,4461,2,3,3,1,3
2016420044946,1,9,0,13,0,0,0,0,0,0,0,1,6,1,40,7,1390,1,14,4,1,4
2016420044946,2,9,0,17,0,0,0,0,1,4,1,1,6,1,45,7,4806,1,-1,5,3,5
2016420044962,1,9,0,14,0,0,0,0,0,0,1,1,2,1,28,6,2500,1,16,-1,-1,-1
2016420044962,2,9,0,2,0,0,0,0,0,0,4,1,6,3,-1,-1,-1,-1,-1,-1,-1,-1
2016420045008,1,8,0,9,0,0,0,0,0,0,4,1,1,1,61,9,2099,2,10,8,2,8
2016420045008,2,22,0,18,0,0,0,0,0,0,1,1,2,1,58,9,-1,-1,-1,-1,-1,-1
2016420045044,1,9,0,18,0,0,0,0,0,0,1,1,6,2,30,6,1149,1,9,10,2,10
2016420045112,1,9,0,17,0,0,1,0,7,3,3,1,5,2,17,4,-1,-1,-1,-1,-1,-1
2016420045139,1,21,1,12,0,1,0,0,0,0,3,2,1,1,48,8,-1,-1,-1,-1,-1,-1
2016420045139,2,9,0,13,0,1,2,0,2,1,4,1,6,1,61,9,1198,1,9,7,3,7
2016420045194,1,21,0,9,0,8,0,0,0,0,1,1,2,1,19,4,-1,-1,-1,6,1,6
2016420045194,2,9,0,18,0,8,0,0,1,0,3,1,2,2,60,9,1242,1,19,1,1,1
2016420045268,1,9,0,18,0,1,1,10,8,11,1,1,1,1,30,6,1560,2,2,6,1,6
2016420045268,2,9,0,2,0,2,0,0,1,0,3,1,6,3,-1,-1,-1,-1,-1,-1,-1,-1
2016420045302,1,9,0,18,0,0,0,0,0,0,1,1,6,1,-1,-1,1796,1,5,-1,-1,-1
2016420045327,1,3,0,18,0,1,2,0,0,0,3,1,6,1,35,6,125,1,1,4,1,4
2016420045382,1,9,0,9,0,2,0,0,7,11,1,1,6,2,77,11,1242,1,19,9,1,9
2016420045382,2,9,0,18,0,1,0,0,0,0,0,1,6,3,16,4,-1,-1,-1,-1,-1,-1
2016420045382,3,9,0,2,0,2,0,0,0,0,2,1,1,1,38,7,-1,-1,-1,7,1,7
2016420045383,1,9,0,18,0,8,0,0,0,0,1,1,2,2,43,7,1995,2,6,10,1,10
2016420045384,1,9,0,18,0,0,0,0,0,0,1,1,6,2,28,6,1796,1,12,5,1,5
2016420045385,1,10,0,9,0,8,0,0,0,0,3,1,1,1,48,8,2464,2,8,10,1,10
2016420045385,2,9,0,18,0,1,0,0,0,0,1,1,5,1,29,6,2993,2,1,4,1,4
2016420045464,1,9,0,18,0,0,0,0,0,0,2,1,6,1,38,7,1968,2,2,1,1,1
2016420045464,2,98,1,18,0,0,0,0,0,0,1,1,1,1,55,8,-1,-1,-1,-1,-1,-1
2016420045489,1,98,1,12,0,0,0,0,0,0,3,1,1,1,45,7,-1,-1,-1,-1,-1,-1
2016420045489,2,9,0,18,0,0,0,0,0,0,4,1,6,1,43,7,1900,2,17,5,3,5
2016420045496,1,9,0,9,0,0,0,0,0,0,4,1,2,1,23,5,1990,1,21,3,1,3
2016420045496,2,9,0,18,0,0,0,0,0,0,1,1,2,2,56,9,1368,1,1,3,2,3
2016420045498,1,98,0,11,0,1,0,0,0,0,1,1,6,3,-1,-1,-1,-1,-1,-1,-1,-1
2016420045498,2,9,0,3,0,1,0,0,0,0,2,1,5,2,30,6,1395,1,1,7,1,7
2016420045573,1,9,0,18,0,0,0,0,0,0,1,1,6,2,50,8,2143,2,4,2,1,2
2016420045573,2,9,0,18,0,0,0,0,0,0,1,1,5,1,66,10,1499,1,7,8,1,8
2016420045619,1,9,0,18,0,1,0,0,0,0,4,1,2,1,31,6,1995,2,3,8,1,8
2016420045628,1,9,0,18,0,0,0,0,0,0,1,1,5,2,36,7,1753,2,14,8,1,8
2016420045628,2,9,0,18,0,0,0,0,0,0,1,1,5,2,30,6,1596,1,13,10,1,10
2016420045628,3,9,0,4,0,0,0,0,0,0,2,1,5,1,36,7,1587,1,15,3,1,3
2016420045650,1,9,0,18,0,1,0,0,0,0,1,1,6,1,52,8,1149,1,17,7,1,7
2016420045650,2,9,0,3,0,1,0,0,0,0,2,1,6,1,28,6,1587,1,11,9,2,9
2016420045663,1,9,0,14,0,2,0,0,0,0,1,1,6,2,17,4,1149,1,15,3,1,3
2016420045663,2,11,0,2,0,2,0,0,0,0,2,1,1,1,48,8,4500,2,8,9,1,9
2016420045672,1,9,0,3,0,4,0,0,0,0,1,1,2,1,46,8,2967,2,2,10,1,10
2016420045672,2,9,0,18,0,3,5,0,0,0,4,1,5,2,19,4,1199,1,14,4,1,4
2016420045674,1,9,0,4,0,2,0,0,0,0,1,1,6,1,71,10,1388,1,7,3,1,3
2016420045676,1,9,0,5,0,0,0,4,0,0,4,1,5,1,77,11,1461,2,12,7,3,7
2016420045676,2,17,4,10,0,0,0,0,0,0,3,1,1,1,26,6,6788,2,-1,7,2,7
2016420045677,1,9,0,17,0,0,0,0,0,0,1,1,5,2,47,8,1796,1,14,7,1,7
2016420045677,2,9,0,3,0,0,0,0,0,0,2,1,2,1,50,8,1896,2,10,9,3,9
2016420045680,1,9,0,18,0,0,0,0,0,0,1,1,5,2,66,10,1240,1,6,3,1,3
2016420045683,1,9,0,18,0,6,0,0,0,0,1,1,1,1,26,6,1598,1,8,3,1,3
2016420045683,2,9,0,18,0,1,1,0,0,0,3,1,5,2,35,6,1299,1,16,2,1,2
2016420045697,1,9,0,7,0,7,0,0,0,0,1,1,5,2,47,8,1598,1,5,7,2,7
2016420045697,2,9,0,18,0,1,0,0,0,0,4,1,5,1,74,10,1242,1,10,7,2,7
2016420045732,1,9,0,18,0,0,0,0,0,0,3,1,2,2,37,7,1796,1,8,10,1,10
2016420045796,1,9,0,18,0,0,0,4,0,0,1,1,6,1,67,10,954,1,25,8,1,8
2016420045796,2,9,0,2,0,0,1,0,0,0,2,1,6,1,42,7,1360,1,15,8,1,8
2016420045869,1,19,0,5,0,8,0,0,0,0,3,1,2,1,39,7,2198,2,2,3,1,3
2016420045869,2,1,0,18,0,1,0,0,4,0,1,1,2,1,28,6,-1,-1,-1,2,1,2
2016420045933,1,19,0,17,0,0,0,0,7,11,4,1,1,1,52,8,2998,2,5,4,1,4
2016420045933,2,9,0,2,0,0,0,0,0,0,2,1,6,3,-1,-1,-1,-1,-1,-1,-1,-1
2016420045933,3,9,0,2,0,0,0,0,0,0,2,1,6,3,-1,-1,-1,-1,-1,-1,-1,-1
2016420045947,1,9,0,5,0,0,0,0,0,0,0,1,5,1,79,11,1329,1,4,8,1,8
2016420045948,1,9,4,5,0,4,0,0,0,0,1,1,5,1,29,6,2495,2,15,1,1,1
2016420045948,2,9,0,3,0,4,0,0,0,0,2,1,5,1,56,9,1769,1,15,4,1,4
2016420045962,1,9,0,9,0,1,0,0,0,0,1,1,6,1,53,8,1242,1,1,8,3,8
2016420045962,2,3,0,18,0,1,5,0,0,0,1,1,5,1,17,4,125,1,1,6,2,6
2016420045964,1,9,0,18,0,0,0,0,0,0,1,1,5,2,69,10,1600,1,15,6,1,6
2016420045965,1,9,0,9,0,5,0,0,0,0,1,1,5,1,25,5,1124,1,11,8,2,8
2016420045965,2,5,0,18,0,8,0,0,0,0,1,1,2,1,21,5,296,1,1,6,3,6
2016420045966,1,9,0,18,0,2,0,0,0,0,1,1,6,1,66,10,1397,1,13,1,1,1
2016420045966,2,9,0,18,0,1,0,0,0,0,1,1,6,1,39,7,1598,2,6,7,1,7
2016420045990,1,19,0,16,0,0,1,0,0,0,1,1,5,1,42,7,1753,2,14,5,1,5
2016420045990,2,9,0,4,0,0,0,0,0,0,2,1,5,2,48,8,1968,2,10,4,1,4
2016420045990,3,9,0,4,0,0,0,0,0,0,2,1,5,1,28,6,1242,1,13,5,1,5
2016420045990,4,90,0,18,0,0,0,0,0,0,0,1,1,1,37,7,-1,2,2,4,1,4
2016420045992,1,9,0,18,0,2,0,0,0,0,1,1,5,2,34,6,2204,2,9,2,1,2
2016420045997,1,9,0,18,0,2,0,0,0,0,1,1,6,1,20,4,1395,1,1,9,3,9
2016420045999,1,9,0,18,0,1,0,0,0,0,1,1,5,1,64,9,998,1,3,1,1,1
2016420045999,2,9,0,3,0,8,0,0,0,0,2,1,5,2,42,7,1560,2,10,8,3,8
2016420046000,1,9,0,5,0,4,0,0,0,0,3,1,6,1,21,5,1598,1,12,6,1,6
2016420046000,2,3,0,18,0,4,0,0,0,0,1,1,2,1,21,5,124,1,1,1,1,1
2016420046002,1,8,0,18,0,2,0,11,0,0,1,1,1,1,48,8,1896,2,9,1,1,1
2016420046005,1,4,0,18,0,3,0,0,0,0,0,1,2,2,23,5,499,1,9,4,1,4
2016420046006,1,9,0,4,0,1,0,0,0,0,1,1,6,1,-1,-1,-1,-1,-1,-1,-1,-1
2016420046006,2,8,0,3,0,1,0,0,0,0,2,1,1,1,46,8,1995,2,4,3,1,3
2016420046010,1,9,0,18,0,1,0,0,4,0,1,1,6,1,23,5,1781,1,16,2,1,2
2016420046010,2,9,0,3,0,1,0,0,4,1,1,1,5,2,40,7,1587,1,11,9,1,9
2016420046012,1,9,0,18,0,8,0,0,0,0,1,1,6,1,28,6,1360,1,15,6,3,6
2016420046012,2,9,0,18,0,8,0,0,0,0,1,1,1,1,37,7,2993,2,1,-1,-1,-1
2016420046013,1,-1,0,16,0,0,0,0,0,0,0,1,6,3,1,1,-1,-1,-1,-1,-1,-1
2016420046013,2,9,0,17,0,0,0,0,7,9,1,1,5,1,17,4,1242,1,9,4,1,4
2016420046014,1,9,0,5,0,8,0,0,0,0,1,1,5,1,30,6,2204,2,6,3,1,3
2016420046014,2,3,0,18,0,8,5,0,0,0,1,1,5,1,23,5,102,1,13,4,1,4
2016420046015,1,9,0,-1,0,0,0,0,0,0,0,1,6,3,-1,-1,-1,-1,-1,-1,-1,-1
2016420046015,2,9,0,11,0,0,5,0,1,0,1,1,5,2,19,4,1248,2,12,1,1,1
2016420046016,1,9,0,4,0,0,0,0,0,0,1,1,5,1,22,5,1796,1,8,7,3,7
2016420046016,2,8,0,4,0,0,0,0,0,0,2,1,1,1,44,7,2402,2,10,6,1,6
2016420046025,1,9,0,18,0,2,0,0,0,0,1,1,6,3,20,4,-1,-1,-1,-1,-1,-1
2016420046027,1,9,0,18,0,0,0,0,0,0,1,1,6,1,20,4,1242,1,2,2,1,2
2016420046027,2,9,0,18,0,0,0,0,0,0,1,1,5,1,49,8,1199,1,12,-1,-1,-1
2016420046027,3,9,0,18,0,0,0,0,1,0,1,1,2,2,32,6,1086,1,10,6,1,6
2016420046131,1,19,0,4,0,0,1,0,0,0,1,1,1,1,52,8,1248,2,6,4,1,4
2016420046131,2,9,0,4,0,0,0,0,0,0,1,1,6,1,34,6,1968,2,6,9,1,9
2016420046131,3,9,0,3,0,0,0,0,0,0,2,1,6,2,55,8,1390,1,5,3,3,3
2016420046131,4,9,0,3,0,0,0,0,0,0,2,1,2,1,42,7,1871,2,11,4,1,4
2016420046131,5,19,0,10,0,0,0,0,0,0,2,1,1,1,49,8,1560,2,2,9,2,9
2016420046184,1,9,0,17,0,8,0,0,0,0,1,1,5,1,41,7,1900,2,10,1,1,1
2016420046184,2,9,0,18,0,8,0,0,1,0,1,1,6,1,66,10,1242,1,19,2,1,2
2016420046211,1,21,1,18,0,8,5,0,1,2,4,1,1,1,42,7,12580,2,10,5,1,5
2016420046235,1,3,0,18,0,7,2,0,0,0,4,1,6,1,40,7,125,1,1,5,1,5
2016420046235,2,9,0,18,0,2,0,0,0,0,0,1,6,3,-1,-1,-1,-1,-1,-1,-1,-1
2016420046263,1,9,0,4,0,0,0,0,0,0,1,1,5,2,57,9,1498,1,6,10,1,10
2016420046263,2,9,0,4,0,0,0,0,0,0,2,1,6,2,25,5,1242,1,2,1,1,1
2016420046263,3,19,0,2,0,0,0,0,0,0,0,1,6,1,62,9,1995,2,5,6,1,6
2016420046285,1,9,0,11,0,1,0,0,0,0,1,1,6,1,86,11,1998,1,11,6,1,6
2016420046285,2,9,0,3,0,1,0,0,0,0,2,1,6,2,31,6,1242,1,1,10,1,10
2016420046285,3,9,0,3,0,1,0,0,0,0,2,1,6,1,59,9,2967,2,3,10,1,10
2016420046286,1,90,0,7,0,8,0,0,0,0,1,1,6,3,-1,-1,-1,-1,-1,-1,-1,-1
2016420046286,2,1,0,18,0,1,0,0,0,0,3,1,5,1,80,11,-1,-1,-1,2,1,2
2016420046287,1,9,0,4,0,0,0,0,0,0,1,1,5,1,40,7,2987,2,10,4,1,4
2016420046287,2,9,0,4,0,0,0,0,0,0,2,1,5,1,21,5,1390,1,13,9,2,9
2016420046287,3,9,0,4,0,0,0,0,0,0,2,1,5,1,43,7,2198,2,10,2,1,2
2016420046287,4,9,0,4,0,0,0,0,0,0,2,1,5,2,28,6,1995,2,1,10,1,10
2016420046287,5,9,0,4,0,0,0,0,0,0,2,1,5,2,18,4,1124,1,16,3,1,3
2016420046287,6,9,0,4,0,0,0,0,0,0,1,1,5,2,24,5,1242,1,2,9,1,9
2016420046287,7,9,0,4,0,0,0,0,0,0,2,1,5,2,57,9,1242,1,6,4,1,4
2016420046288,1,9,0,18,0,0,5,0,7,4,1,1,6,1,22,5,2494,1,12,3,1,3
2016420046289,1,19,0,9,0,8,0,0,0,0,1,1,5,2,36,7,1896,2,6,7,3,7
2016420046289,2,9,0,18,0,8,0,0,0,0,1,1,5,2,19,4,1399,2,6,10,3,10
2016420046289,3,9,0,3,0,8,0,0,0,0,1,1,5,1,54,8,1910,2,8,8,3,8
2016420046291,1,9,0,18,0,0,0,0,0,0,1,1,6,3,20,4,-1,-1,-1,-1,-1,-1
2016420046293,1,9,0,5,0,4,0,0,0,0,1,1,6,1,56,9,2171,1,13,6,1,6
2016420046294,1,9,0,5,0,5,0,0,0,0,1,1,5,1,49,8,1997,2,-1,4,2,4
2016420046294,2,9,0,18,0,1,0,0,0,0,1,1,5,1,51,8,1910,2,8,2,1,2
2016420046295,1,90,0,5,0,2,0,0,0,0,2,1,2,2,28,6,-1,-1,-1,1,1,1
2016420046295,2,9,0,5,0,2,1,10,0,0,1,1,6,1,43,7,1984,1,12,-1,-1,-1
2016420046296,1,3,0,17,0,1,1,10,1,0,1,1,5,1,25,5,124,1,-1,3,1,3
2016420046297,1,9,0,13,0,0,0,0,0,0,1,1,5,1,19,4,1197,1,5,9,1,9
2016420046297,2,9,0,9,0,0,0,0,0,0,3,1,5,1,20,4,999,1,-1,5,3,5
2016420046353,1,20,0,5,0,0,0,0,0,0,1,1,1,1,-1,-1,2402,2,7,5,1,5
2016420046353,2,9,0,18,0,0,0,0,0,0,4,1,3,2,42,7,1999,1,15,1,1,1
2016420046360,1,3,0,18,0,8,1,0,0,0,0,1,2,1,24,5,124,1,-1,4,1,4
2016420046397,1,9,0,18,0,0,1,0,0,0,1,1,6,2,19,4,1199,1,13,10,1,10
2016420046397,2,19,0,18,0,0,0,0,0,0,2,1,1,1,21,5,2198,2,2,1,1,1
2016420046414,1,9,0,9,0,3,0,0,0,0,3,1,6,1,69,10,1360,1,7,3,1,3
2016420046414,2,21,1,18,0,3,0,0,0,0,4,1,1,1,68,10,12740,2,1,4,1,4
2016420046468,1,9,0,5,0,4,0,0,0,0,1,1,6,1,-1,-1,1560,2,3,9,1,9
2016420046468,2,9,0,3,0,4,0,0,0,0,2,1,6,2,18,4,998,1,6,7,1,7
2016420046471,1,9,0,18,0,3,0,0,0,0,2,1,6,2,-1,-1,1242,1,5,6,1,6
2016420046471,2,9,0,3,0,2,0,0,0,0,1,1,6,1,34,6,-1,-1,-1,7,3,7
2016420046479,1,90,0,18,0,0,0,0,0,0,3,1,6,3,50,8,-1,-1,-1,-1,-1,-1
2016420046490,1,9,0,10,0,5,0,0,0,0,1,1,6,1,82,11,1598,1,10,7,1,7
2016420046490,2,9,0,18,0,8,0,0,0,0,1,1,6,1,35,6,1896,2,7,8,1,8
2016420046505,1,9,0,18,0,0,0,0,0,0,1,1,6,1,26,6,1364,1,7,10,1,10
2016420046508,1,21,1,18,0,8,1,0,0,0,1,1,1,1,57,9,12900,2,6,8,1,8
2016420046508,2,9,0,7,0,2,0,0,1,0,4,1,5,1,42,7,1590,1,13,3,1,3
2016420046551,1,19,0,18,0,0,0,0,0,0,0,1,1,2,42,7,2143,2,4,7,2,7
2016420046551,2,9,0,18,0,0,0,0,0,0,2,1,1,1,57,9,-1,-1,-1,7,1,7
2016420046554,1,9,0,9,0,6,0,0,0,0,3,1,2,1,19,4,1398,2,10,6,1,6
2016420046554,2,9,0,18,0,1,0,0,0,0,3,1,2,2,22,5,1360,1,14,5,1,5
2016420046555,1,9,0,18,0,3,0,0,1,11,1,1,6,1,30,6,1988,1,15,-1,-1,-1
2016420046556,1,9,0,16,0,3,1,0,1,0,3,1,3,1,19,4,1199,1,13,7,3,7
2016420046557,1,9,0,18,0,8,0,0,0,0,1,1,6,3,-1,-1,-1,-1,-1,-1,-1,-1
2016420046558,1,98,1,12,0,0,0,0,0,0,3,1,1,1,47,8,-1,-1,-1,-1,-1,-1
2016420046558,2,9,0,18,0,0,1,0,0,0,4,1,5,2,47,8,1796,1,12,9,3,9
2016420046704,1,98,0,18,0,0,0,0,0,0,3,1,6,3,-1,-1,-1,-1,-1,-1,-1,-1
2016420046850,1,9,0,4,0,0,0,0,0,0,2,1,5,2,33,6,2401,2,9,4,1,4
2016420046850,2,9,0,4,0,0,0,0,0,0,1,1,5,1,22,5,1596,1,3,9,1,9
2016420046850,3,9,0,4,0,0,0,0,0,0,2,1,5,2,47,8,1995,2,11,3,1,3
2016420046850,4,9,0,4,0,0,0,0,0,0,1,1,5,1,23,5,1995,2,1,-1,-1,-1
2016420046850,5,9,0,4,0,0,0,0,0,0,2,1,5,1,29,6,2401,2,9,7,1,7
2016420046850,6,9,0,4,0,0,0,0,0,0,0,1,5,1,33,6,1598,1,15,-1,-1,-1
2016420046850,7,9,0,4,0,0,0,0,0,0,0,1,5,1,26,6,1499,2,1,-1,-1,-1
2016420046850,8,19,0,4,0,0,0,0,0,0,0,1,1,1,44,7,2198,2,1,-1,-1,-1
2016420046850,9,9,0,4,0,0,0,0,0,0,2,1,5,1,22,5,1398,1,1,9,1,9
2016420046883,1,9,0,4,0,1,0,0,0,0,1,1,6,2,33,6,1798,1,8,6,1,6
2016420046883,2,9,0,3,0,7,0,0,0,0,2,1,5,1,67,10,999,1,-1,6,2,6
2016420046976,1,9,0,18,0,0,0,0,0,0,3,1,5,1,69,10,2179,2,14,10,3,10
2016420046976,2,1,0,18,0,0,5,0,0,0,3,1,5,2,51,8,-1,-1,-1,-1,-1,-1
2016420046989,1,9,0,9,0,6,0,0,0,0,0,1,5,1,74,10,1753,2,9,6,1,6
2016420046989,2,4,0,18,0,1,0,0,0,0,0,1,2,1,25,5,244,1,8,4,1,4
2016420046990,1,9,0,17,0,0,0,0,0,0,1,1,2,1,36,7,1998,1,9,1,1,1
2016420046990,2,21,1,17,0,0,0,0,1,0,1,1,1,1,75,10,6871,2,1,6,1,6
2016420047007,1,9,0,9,0,0,0,0,0,0,4,1,5,1,23,5,-1,-1,-1,3,1,3
2016420047007,2,11,0,18,0,0,0,0,0,0,1,1,1,1,40,7,4500,2,4,1,1,1
2016420047055,1,9,0,4,0,0,0,0,0,0,1,1,1,1,50,8,1461,2,11,10,1,10
2016420047055,2,9,0,7,0,0,0,0,0,0,2,1,2,1,44,7,1968,2,2,4,1,4
2016420047125,1,10,0,18,0,0,0,0,0,0,4,1,1,1,67,10,2148,2,8,9,1,9
2016420047212,1,9,0,18,6,2,0,0,0,0,4,1,2,1,-1,-1,1686,2,9,5,1,5
2016420047212,2,9,0,2,6,2,0,0,0,0,0,1,5,1,61,9,1586,1,-1,4,1,4
2016420047237,1,9,0,7,0,0,0,0,0,0,1,1,6,3,16,4,1398,2,4,-1,-1,-1
2016420047237,2,9,0,9,0,0,0,0,0,0,1,1,1,2,51,8,998,1,9,2,1,2
2016420047242,1,9,0,12,0,5,0,0,0,0,3,1,6,2,49,8,1598,1,9,3,2,3
2016420047242,2,90,0,13,0,7,0,0,0,0,4,1,1,1,59,9,2987,2,1,10,2,10
2016420047267,1,9,0,18,0,1,0,0,0,0,1,1,6,2,-1,-1,-1,-1,-1,-1,-1,-1
2016420047279,1,9,0,18,0,1,0,0,0,0,1,1,6,1,87,11,1299,1,15,3,1,3
2016420047279,2,9,0,18,0,1,0,0,0,0,2,1,6,1,68,10,1995,2,7,5,3,5
2016420047280,1,9,0,18,0,0,0,0,1,0,1,1,6,2,26,6,1598,1,12,5,2,5
2016420047280,2,9,0,18,0,0,0,0,0,0,1,1,6,2,34,6,1388,1,13,8,1,8
2016420047281,1,9,0,18,0,8,0,0,0,0,1,1,5,1,29,6,1596,1,13,7,1,7
2016420047281,2,9,0,18,0,8,0,0,1,11,4,1,2,1,49,8,1968,2,7,8,2,8
2016420047286,1,9,0,7,5,0,0,0,1,0,3,1,2,1,47,8,1299,1,19,1,1,1
2016420047286,2,21,1,2,0,0,0,0,0,0,0,1,1,1,34,6,12777,2,7,-1,-1,-1
2016420047312,1,9,0,7,0,8,0,0,0,0,1,1,6,3,-1,-1,-1,-1,-1,-1,-1,-1
2016420047432,1,21,0,5,0,1,0,0,0,0,1,1,1,1,22,5,-1,-1,-1,5,1,5
2016420047432,2,9,0,18,0,1,0,0,0,0,1,1,1,1,52,8,1596,1,2,4,1,4
2016420047440,1,19,0,18,0,1,1,0,0,0,1,1,1,1,23,5,2148,2,5,5,1,5
2016420047440,2,9,0,10,0,1,0,0,0,0,2,1,6,1,56,9,1360,1,11,10,1,10
2016420047440,3,9,0,18,0,1,0,0,1,0,1,1,5,1,47,8,2286,1,36,7,3,7
2016420047461,1,9,0,6,0,1,0,0,0,0,1,1,6,1,-1,-1,1968,2,8,-1,-1,-1
2016420047461,2,9,0,18,0,1,0,0,0,0,1,1,5,2,17,4,1248,2,3,6,3,6
2016420047478,1,9,0,18,0,4,0,0,0,0,1,1,1,1,64,9,1499,2,1,1,1,1
2016420047478,2,9,0,18,0,4,0,0,0,0,2,1,5,2,79,11,1590,1,20,6,1,6
2016420047514,1,9,0,7,0,8,0,0,0,0,4,1,6,2,24,5,1388,1,13,1,1,1
2016420047522,1,9,0,18,0,2,0,4,0,0,1,1,6,1,37,7,1984,1,5,8,1,8
2016420047522,2,20,0,2,6,2,0,0,0,0,3,1,6,3,-1,-1,-1,-1,-1,-1,-1,-1
2016420047522,3,90,0,2,6,2,0,0,0,0,2,1,6,3,-1,-1,-1,-1,-1,-1,-1,-1
2016420047522,4,90,0,2,6,2,0,0,0,0,3,1,6,3,-1,-1,-1,-1,-1,-1,-1,-1
2016420047550,1,9,0,18,0,4,0,0,0,0,1,1,6,2,28,6,1560,2,4,8,1,8
2016420047550,2,9,0,9,0,8,0,0,0,0,4,1,6,2,26,6,1685,2,3,9,3,9