Accident_Index,Vehicle_Reference,Vehicle_Type,Towing_and_Articulation,Vehicle_Manoeuvre,Vehicle_Location-Restricted_Lane,Junction_Location,Skidding_and_Overturning,Hit_Object_in_Carriageway,Vehicle_Leaving_Carriageway,Hit_Object_off_Carriageway,1st_Point_of_Impact,Was_Vehicle_Left_Hand_Drive?,Journey_Purpose_of_Driver,Sex_of_Driver,Age_of_Driver,Age_Band_of_Driver,Engine_Capacity_(CC),Propulsion_Code,Age_of_Vehicle,Driver_IMD_Decile,Driver_Home_Area_Type,Vehicle_IMD_Decile
2016420047559,1,21,1,4,0,0,0,0,0,0,2,2,1,1,48,8,-1,-1,-1,-1,-1,-1
2016420047559,2,21,1,18,0,0,0,0,0,0,1,2,1,1,52,8,-1,-1,-1,2,1,2
2016420047561,1,9,0,18,0,4,0,0,0,0,2,1,2,1,27,6,1896,2,12,2,1,2
2016420047561,2,1,0,18,0,4,2,0,0,0,1,1,2,1,22,5,-1,-1,-1,-1,-1,-1
2016420047568,1,9,0,18,0,2,0,0,0,0,1,1,1,1,42,7,1242,1,2,7,1,7
2016420047568,2,9,0,3,0,2,0,0,0,0,2,1,5,2,63,9,1560,2,9,3,1,3
2016420047568,3,19,0,2,0,2,0,0,0,0,2,1,1,1,43,7,2198,2,1,6,1,6
2016420047582,1,9,0,17,0,0,1,0,1,0,1,1,6,2,18,4,1390,1,10,5,1,5
2016420047588,1,9,0,9,0,8,0,7,7,0,1,1,6,2,68,10,1386,1,13,9,2,9
2016420047596,1,5,0,5,0,8,1,0,0,0,4,1,5,1,25,5,1198,1,5,2,1,2
2016420047597,1,9,0,9,0,6,0,0,0,0,1,1,6,2,36,7,2544,1,16,2,1,2
2016420047597,2,1,0,18,0,1,0,0,0,0,4,1,5,1,36,7,-1,-1,-1,1,1,1
2016420047598,1,9,0,3,0,1,0,0,0,0,4,1,6,1,72,10,1242,1,2,5,2,5
2016420047602,1,9,0,5,0,1,0,0,0,0,3,1,5,2,60,9,1991,2,7,10,2,10
2016420047602,2,9,0,18,0,1,0,0,0,0,1,1,5,2,33,6,1896,2,9,5,2,5
2016420047603,1,9,0,18,0,1,0,0,0,0,1,1,6,2,68,10,1390,1,8,4,1,4
2016420047603,2,9,0,3,0,1,0,0,0,0,2,1,6,1,36,7,1910,2,8,-1,-1,-1
2016420047612,1,9,0,9,0,1,0,0,0,0,4,1,5,1,18,4,1149,1,16,9,2,9
2016420047612,2,9,0,18,0,1,0,0,0,0,1,1,5,2,54,8,1839,1,15,7,2,7
2016420047612,3,9,0,18,0,1,0,0,0,0,1,1,5,2,43,7,2967,2,3,7,3,7
2016420047614,1,9,0,18,0,0,0,0,0,0,1,1,2,1,17,4,1398,1,6,4,2,4
2016420047614,2,9,0,4,0,0,0,0,0,0,2,1,5,1,32,6,1997,2,1,3,1,3
2016420047620,1,9,0,9,0,6,0,0,0,0,3,1,6,1,19,4,999,1,1,3,1,3
2016420047620,2,9,0,10,0,1,0,0,0,0,1,1,6,2,36,7,1896,2,9,3,1,3
2016420047622,1,9,0,18,0,1,0,0,0,0,1,1,5,1,23,5,1781,1,15,8,1,8
2016420047622,2,9,0,10,0,1,0,0,0,0,2,1,5,2,23,5,1461,2,-1,5,3,5
2016420047622,3,9,0,18,0,1,0,0,0,0,1,1,5,1,40,7,3189,1,10,9,1,9
2016420047631,1,9,0,17,0,0,0,0,1,0,3,1,5,2,29,6,1598,1,6,2,1,2
2016420047633,1,9,0,13,0,0,1,0,2,3,3,1,5,1,24,5,1229,1,10,-1,-1,-1
2016420047633,2,19,0,18,0,0,0,0,0,0,3,1,5,2,56,9,2800,2,26,5,1,5
2016420047634,1,5,0,18,0,1,1,0,1,0,4,1,5,1,21,5,675,1,3,2,1,2
2016420047634,2,9,0,18,0,1,0,0,1,0,2,1,5,1,81,11,1240,1,12,10,2,10
2016420047634,3,9,0,18,0,1,0,0,0,0,4,1,2,1,32,6,1461,2,11,8,1,8
2016420047636,1,9,0,18,0,0,0,0,0,0,1,2,3,2,53,8,-1,-1,-1,5,1,5
2016420047636,2,9,0,18,0,0,0,0,0,0,1,1,5,1,39,7,1587,1,7,1,2,1
2016420047688,1,5,0,18,0,1,2,0,0,0,1,1,2,1,41,7,599,1,13,7,1,7
2016420047688,2,19,0,9,0,1,0,0,0,0,1,1,2,1,22,5,2198,2,1,-1,-1,-1
2016420047731,1,9,0,5,0,4,0,0,0,0,1,1,6,1,29,6,2494,1,14,6,1,6
2016420047731,2,1,0,18,0,8,0,0,0,0,4,1,2,1,28,6,-1,-1,-1,5,1,5
2016420047745,1,90,0,5,0,0,0,0,0,0,1,1,1,1,49,8,-1,-1,-1,-1,-1,-1
2016420047745,2,9,0,17,0,0,0,0,0,0,4,1,6,2,56,9,1598,1,3,-1,-1,-1
2016420047774,1,9,0,16,0,1,0,0,0,0,1,1,5,2,19,4,1242,1,6,-1,-1,-1
2016420047774,2,9,0,18,0,1,0,0,0,0,1,1,5,2,56,9,1461,2,2,7,1,7
2016420047864,1,9,0,9,0,8,0,0,0,0,3,1,6,2,24,5,1598,2,3,2,1,2
2016420047864,2,9,0,18,0,8,0,0,0,0,1,1,6,2,27,6,1796,1,9,3,1,3
2016420047907,1,9,0,18,0,0,1,0,0,0,1,1,6,2,32,6,1995,2,10,5,1,5
2016420047907,2,9,0,18,0,0,0,0,0,0,1,1,1,1,21,5,1598,1,12,8,3,8
2016420047911,1,8,0,17,0,0,0,0,2,10,1,2,1,1,56,9,1598,2,1,6,3,6
2016420047914,1,9,0,5,0,4,0,0,0,0,3,1,2,1,39,7,1800,1,17,8,2,8
2016420047914,2,5,0,18,0,8,0,0,7,11,1,1,2,1,28,6,996,1,18,6,3,6
2016420047920,1,9,0,9,0,5,0,0,0,0,1,1,3,2,48,8,1598,1,11,3,1,3
2016420047921,1,9,0,1,0,0,0,0,0,0,2,1,5,1,62,9,-1,-1,-1,5,2,5
2016420047930,1,9,0,18,0,2,0,0,0,0,1,1,6,1,21,5,2198,1,14,-1,-1,-1
2016420047930,2,9,0,18,0,2,0,0,0,0,2,1,6,2,72,10,996,1,5,4,1,4
2016420047950,1,9,0,18,0,1,0,0,0,0,1,1,6,1,23,5,1997,2,13,6,1,6
2016420047950,2,4,0,4,0,1,0,0,0,0,2,1,6,2,40,7,399,1,21,6,1,6
2016420047950,3,5,0,3,0,4,0,0,0,0,3,1,6,1,49,8,599,1,7,6,1,6
2016420048028,1,19,0,5,0,0,0,0,0,0,1,1,1,1,34,6,1996,2,3,2,1,2
2016420048028,2,3,0,18,0,0,0,0,0,0,4,1,5,1,17,4,124,1,7,3,1,3
2016420048088,1,9,0,4,0,1,0,0,0,0,4,1,3,1,29,6,1800,1,16,5,1,5
2016420048094,1,9,0,18,0,0,0,0,0,0,1,1,5,2,27,6,1390,1,14,3,1,3
2016420048094,2,9,0,3,0,0,0,0,0,0,2,1,5,2,19,4,998,1,5,5,2,5
2016420048094,3,9,0,10,0,0,0,0,0,0,2,1,5,1,48,8,1679,1,16,8,3,8
2016420048178,1,9,0,5,0,2,0,0,0,0,3,1,2,1,56,9,-1,-1,-1,10,1,10
2016420048178,2,9,0,14,0,2,1,10,1,0,4,1,2,2,53,8,1599,1,11,5,1,5
2016420048179,1,9,0,17,0,0,0,0,1,0,1,1,5,1,86,11,1242,1,2,3,1,3
2016420048182,1,9,0,17,0,0,2,0,2,0,4,1,6,2,18,4,1390,1,13,4,1,4
2016420048182,2,9,0,18,0,0,0,0,0,0,1,1,6,1,18,4,1149,1,13,6,2,6
2016420048183,1,9,0,18,0,0,1,0,1,0,3,1,5,1,20,4,1997,2,11,4,1,4
2016420048248,1,9,0,18,0,0,0,0,0,0,1,1,6,1,21,5,1910,2,10,3,1,3
2016420048248,2,9,0,4,0,0,0,0,0,0,2,1,6,2,34,6,2987,2,10,1,1,1
2016420048340,1,9,0,5,0,6,0,0,0,0,1,1,2,1,54,8,1995,1,10,3,1,3
2016420048340,2,3,0,18,0,1,2,0,0,0,4,1,6,1,17,4,125,1,-1,6,1,6
2016420048355,1,2,0,4,0,1,1,0,0,0,4,1,4,1,16,4,49,1,10,5,1,5
2016420048425,1,9,0,18,0,0,0,0,0,0,0,1,6,3,-1,-1,-1,-1,-1,-1,-1,-1
2016420048425,2,9,0,18,0,0,2,0,7,0,0,1,2,1,30,6,1560,2,6,10,1,10
2016420048426,1,90,1,12,0,0,0,0,0,0,3,1,1,1,43,7,-1,-1,-1,-1,-1,-1
2016420048426,2,9,0,18,0,0,0,0,0,0,4,1,6,1,72,10,1329,1,4,7,1,7
2016420048441,1,9,0,9,0,4,0,0,0,0,0,1,6,1,50,8,-1,-1,-1,-1,-1,-1
2016420048441,2,1,0,9,0,8,0,0,0,0,0,1,6,1,49,8,-1,-1,-1,9,1,9
2016420048480,1,19,0,5,0,6,0,0,0,0,4,1,1,1,51,8,2402,2,8,7,3,7
2016420048480,2,9,0,18,0,8,0,0,1,0,4,1,6,2,20,4,999,1,17,-1,-1,-1
2016420048522,1,9,0,4,0,0,0,0,0,0,1,1,5,2,64,9,1793,1,14,1,1,1
2016420048531,1,9,0,4,0,0,0,0,0,0,4,1,5,1,65,9,1998,1,2,4,1,4
2016420048582,1,9,0,18,0,1,0,0,0,0,1,1,6,1,26,6,1587,1,16,3,2,3
2016420048582,2,9,0,10,0,1,0,0,0,0,2,1,3,2,49,8,1598,2,1,10,2,10
2016420048616,1,9,0,18,0,6,0,4,1,0,1,1,6,1,44,7,1988,1,11,-1,-1,-1
2016420048616,2,9,0,2,0,6,0,0,0,0,2,1,6,3,-1,-1,-1,-1,-1,-1,-1,-1
2016420048616,3,9,0,2,0,6,0,0,7,11,1,1,6,3,-1,-1,-1,-1,-1,-1,-1,-1
2016420048616,4,9,0,2,0,6,0,0,0,0,2,1,6,3,-1,-1,-1,-1,-1,-1,-1,-1
2016420048723,1,17,0,7,0,5,0,0,0,0,4,1,1,1,42,7,-1,2,9,3,3,3
2016420048724,1,9,0,12,0,3,0,0,0,0,3,1,6,2,24,5,1242,1,14,1,1,1
2016420048724,2,5,0,16,0,8,0,0,0,0,4,1,2,1,23,5,1255,1,1,6,1,6
2016420048730,1,9,0,5,9,0,0,0,0,0,1,1,3,2,28,6,1242,1,10,1,1,1
2016420048730,2,9,0,18,0,0,0,0,0,0,1,1,6,2,35,6,2179,2,13,1,1,1
2016420048730,3,9,0,2,0,0,0,0,0,0,0,1,6,3,-1,-1,-1,-1,-1,-1,-1,-1
2016420048823,1,5,0,18,0,0,0,10,0,0,3,1,2,1,58,9,779,1,4,4,1,4
2016420048825,1,1,0,18,0,4,0,0,0,0,1,1,6,1,49,8,-1,-1,-1,-1,-1,-1
2016420048825,2,9,0,9,0,1,0,0,0,0,4,1,6,2,44,7,1999,1,9,9,1,9
2016420048828,1,9,0,18,0,1,0,0,0,0,4,1,2,2,30,6,1995,2,12,-1,-1,-1
2016420048830,1,9,0,12,0,0,0,0,0,0,3,1,1,2,20,4,998,1,6,8,1,8
2016420048830,2,21,0,18,0,0,0,0,0,0,1,1,1,1,43,7,10837,2,2,1,1,1
2016420048830,3,21,1,18,0,0,0,0,0,0,4,1,1,1,61,9,-1,-1,-1,-1,-1,-1
2016420048831,1,9,0,18,0,8,0,0,7,10,1,1,5,1,33,6,1246,1,11,-1,-1,-1
2016420048831,2,9,0,18,0,8,0,0,0,0,1,1,2,1,27,6,2143,2,2,4,1,4
2016420048931,1,9,0,18,0,0,1,0,0,0,1,1,6,1,59,9,1489,1,18,4,1,4
2016420048931,2,9,0,3,0,0,0,0,0,0,2,1,6,2,26,6,1388,1,10,3,1,3
2016420048965,1,9,0,3,0,2,0,0,0,0,2,1,6,2,55,8,1794,1,14,1,1,1
2016420048965,2,1,0,18,0,2,0,0,0,0,1,1,1,1,54,8,-1,-1,-1,9,1,9
2016420049027,1,9,0,18,0,1,0,0,0,0,1,1,5,1,77,11,1596,1,1,-1,-1,-1
2016420049027,2,9,0,3,0,1,0,0,0,0,2,1,5,2,36,7,1386,1,9,1,2,1
2016420049048,1,9,0,18,0,0,0,0,7,11,1,1,6,1,29,6,1149,1,14,6,3,6
2016420049048,2,9,0,18,0,0,0,0,0,0,2,1,6,1,22,5,1896,2,9,5,2,5
2016420049048,3,9,0,9,0,0,0,0,7,0,3,1,6,1,36,7,1968,2,10,-1,-1,-1
2016420049070,1,98,0,11,0,0,0,0,0,0,4,1,6,3,16,4,-1,-1,-1,-1,-1,-1
2016420049070,2,9,0,15,0,0,1,0,1,0,0,1,2,1,56,9,1997,1,11,1,1,1
2016420049115,1,9,0,12,0,0,0,0,0,0,3,1,5,1,47,8,1242,1,1,7,3,7
2016420049115,2,3,0,15,0,0,0,0,0,0,4,1,5,1,77,11,125,1,1,7,1,7
2016420049118,1,19,0,18,0,8,0,0,0,0,3,1,6,1,52,8,2287,2,9,9,1,9
2016420049118,2,9,0,18,0,8,0,0,0,0,4,1,1,1,29,6,1388,1,5,-1,-1,-1
2016420049122,1,3,0,18,0,1,0,0,0,0,1,1,6,1,19,4,125,1,1,1,1,1
2016420049122,2,9,0,9,0,1,0,0,0,0,3,1,6,1,18,4,1124,1,12,6,1,6
2016420049124,1,9,0,18,0,0,0,0,0,0,3,1,5,1,80,11,1995,2,13,9,1,9
2016420049124,2,1,0,4,0,0,0,0,0,0,2,1,2,1,51,8,-1,-1,-1,7,1,7
2016420049130,1,9,0,18,0,0,0,0,0,0,1,1,6,1,41,7,1686,2,10,5,1,5
2016420049130,2,5,0,18,0,0,2,0,1,0,3,1,5,1,25,5,749,1,11,6,1,6
2016420049137,1,9,0,17,0,0,2,0,7,4,1,1,1,2,32,6,1339,1,12,4,1,4
2016420049142,1,9,0,18,0,0,0,0,0,0,2,1,6,2,-1,-1,1587,1,14,10,1,10
2016420049142,2,98,0,18,0,0,0,0,0,0,1,1,6,3,-1,-1,-1,-1,-1,-1,-1,-1
2016420049145,1,9,0,9,0,8,0,0,0,0,3,1,6,2,-1,-1,1364,1,7,8,1,8
2016420049145,2,9,0,18,0,8,0,0,0,0,1,1,6,1,-1,-1,1984,1,12,7,1,7
2016420049152,1,9,0,18,0,0,0,0,0,0,2,1,6,2,-1,-1,1560,2,3,4,1,4
2016420049152,2,9,0,18,0,0,0,0,0,0,1,1,6,1,-1,-1,1796,1,14,-1,-1,-1
2016420049155,1,9,0,18,0,4,0,0,0,0,1,1,5,1,82,11,1998,2,8,10,1,10
2016420049155,2,9,0,9,0,3,0,0,0,0,1,1,5,2,36,7,1796,1,13,6,1,6
2016420049157,1,9,0,13,0,0,0,0,0,0,1,1,5,1,45,7,1598,1,14,2,1,2
2016420049157,2,9,0,18,0,0,0,0,0,0,1,1,6,1,47,8,1998,1,1,5,1,5
2016420049168,1,9,0,18,0,0,0,0,0,0,1,1,5,2,27,6,1120,2,3,6,2,6
2016420049168,2,9,0,18,0,0,0,0,0,0,2,1,5,1,53,8,1499,2,2,7,1,7
2016420049168,3,90,0,10,0,0,0,0,0,0,2,1,1,1,57,9,-1,-1,-1,7,1,7
2016420049169,1,9,0,17,0,0,0,0,0,0,3,1,6,2,40,7,2495,2,12,6,1,6
2016420049183,1,9,0,5,0,8,0,0,7,0,1,1,2,1,36,7,1753,2,13,-1,-1,-1
2016420049183,2,9,0,7,0,4,0,0,0,0,3,1,6,1,58,9,2143,2,2,-1,-1,-1
2016420049185,1,2,0,4,0,0,0,0,0,0,1,1,6,1,16,4,49,1,3,3,1,3
2016420049185,2,9,0,4,0,0,0,0,0,0,2,1,6,1,-1,-1,-1,-1,-1,-1,-1,-1
2016420049187,1,9,0,4,0,1,0,0,0,0,2,1,5,2,51,8,1229,1,1,6,2,6
2016420049187,2,9,0,3,0,1,0,0,0,0,2,1,5,2,26,6,1461,2,6,4,1,4
2016420049187,3,9,0,18,0,1,0,0,0,0,1,1,5,1,66,10,2987,2,7,7,2,7
2016420049201,1,9,0,18,0,8,0,0,1,0,1,1,6,1,20,4,999,1,2,9,2,9
2016420049201,2,9,0,18,0,2,0,0,1,0,1,1,6,1,38,7,2179,2,7,10,2,10
2016420049202,1,9,0,11,0,8,0,0,0,0,4,1,6,3,-1,-1,-1,-1,-1,-1,-1,-1
2016420049202,2,9,0,18,0,8,2,0,1,4,3,1,5,1,50,8,2497,1,-1,5,3,5
2016420049207,1,9,0,12,0,0,0,0,1,0,4,1,5,1,62,9,1956,2,4,7,1,7
2016420049207,2,5,0,18,0,0,1,0,0,0,1,1,5,1,50,8,647,1,14,5,1,5
2016420049213,1,9,0,18,0,0,2,0,0,0,1,1,6,1,33,6,1461,2,10,2,1,2
2016420049216,1,9,0,16,0,0,1,0,0,0,4,1,5,2,20,4,1596,1,9,-1,-1,-1
2016420049216,2,9,0,18,0,0,0,0,0,0,1,1,5,1,22,5,1364,1,8,10,1,10
2016420049217,1,19,0,18,0,0,0,0,0,0,4,1,1,3,36,7,2287,2,1,10,1,10
2016420049219,1,9,0,18,0,1,0,0,0,0,1,1,6,3,23,5,999,1,16,-1,-1,-1
2016420049219,2,9,0,18,0,4,0,0,0,0,2,1,5,2,40,7,2521,1,9,6,1,6
2016420049223,1,9,0,18,0,2,0,0,0,0,3,1,6,2,29,6,1998,1,14,2,1,2
2016420049224,1,9,0,18,0,1,0,0,0,0,4,1,5,2,23,5,2143,2,2,6,1,6
2016420049224,2,9,0,12,0,1,0,0,0,0,3,1,5,1,28,6,1360,1,12,7,1,7
2016420049224,3,9,0,3,0,1,0,0,0,0,2,1,6,3,-1,-1,-1,-1,-1,-1,-1,-1
2016420049225,1,9,0,3,0,0,1,0,0,0,1,1,5,2,21,5,1299,1,13,7,1,7
2016420049225,2,9,0,3,0,0,0,0,0,0,2,1,5,1,23,5,1398,1,1,3,1,3
2016420049230,1,9,0,9,0,8,0,0,0,0,3,1,2,2,45,7,1596,1,7,7,1,7
2016420049230,2,9,0,18,0,8,0,0,0,0,1,1,2,2,45,7,1339,1,4,10,1,10
2016420049314,2,9,0,17,0,2,1,0,1,2,1,1,6,1,20,4,1596,1,12,6,2,6
2016420049353,1,9,0,18,0,0,0,0,0,0,1,1,2,1,53,8,2000,2,11,10,3,10
2016420049353,2,9,0,18,0,0,0,0,0,0,2,1,2,1,26,6,1248,1,2,-1,1,-1
2016420049353,3,19,0,18,0,0,0,0,0,0,2,1,1,1,29,6,2198,2,2,4,1,4
2016420049382,1,1,0,18,0,0,0,0,0,0,2,1,6,1,25,5,-1,-1,-1,-1,-1,-1
2016420049382,2,9,0,18,0,0,0,0,0,0,1,1,6,2,39,7,1390,1,4,8,1,8
2016420049394,1,19,4,9,0,8,0,0,0,0,1,1,1,1,24,5,2298,2,1,2,3,2
2016420049431,1,9,0,9,0,5,0,0,0,0,1,2,2,2,61,9,998,1,5,9,1,9
2016420049431,2,9,0,18,0,8,1,0,1,0,1,2,6,1,28,6,1997,1,16,9,1,9
2016420049454,1,9,0,6,0,8,0,0,0,0,1,1,3,2,41,7,1560,2,3,1,1,1
2016420049454,2,9,0,7,0,8,1,4,0,0,3,1,1,1,48,8,1242,1,12,6,3,6
2016420049454,3,9,0,2,0,8,0,0,0,0,3,1,3,2,41,7,1560,2,4,4,1,4
2016420049537,1,5,0,17,0,0,2,0,1,0,1,1,5,1,58,9,1170,1,1,4,2,4
2016420049542,1,9,0,18,0,0,0,0,7,0,1,1,6,1,34,6,847,1,18,8,1,8
2016420049542,2,9,0,18,0,0,0,0,0,0,1,1,5,1,76,11,1360,1,8,6,3,6
2016420049581,1,9,0,16,0,0,0,10,0,0,1,1,5,1,25,5,973,1,18,10,2,10
2016420049581,2,9,0,17,0,0,0,0,0,0,1,1,5,2,21,5,1390,1,5,4,1,4
2016420049586,1,9,0,18,0,1,0,0,0,0,1,1,2,1,24,5,1596,1,15,5,1,5
2016420049586,2,19,0,9,0,8,5,0,0,0,4,1,2,1,48,8,1896,2,6,7,3,7
2016420049586,3,19,0,3,0,1,0,0,0,0,3,1,2,1,52,8,2198,2,4,8,1,8
2016420049588,1,9,0,10,0,6,0,0,0,0,1,1,1,1,30,6,1998,1,11,8,1,8
2016420049588,2,9,0,18,0,8,0,0,0,0,1,1,5,2,70,10,1596,1,3,6,1,6
2016420049590,1,9,0,16,0,0,1,0,1,11,1,1,5,1,24,5,1242,1,2,1,2,1
2016420049590,2,9,0,18,0,0,1,0,0,0,1,1,5,1,36,7,1796,1,14,2,1,2
2016420049590,3,9,0,16,0,0,0,0,0,0,1,1,5,1,62,9,1870,2,14,1,1,1
2016420049591,1,1,0,18,0,1,5,0,1,0,4,1,6,1,54,8,-1,-1,-1,4,1,4
2016420049593,1,21,5,18,0,0,0,0,0,0,1,1,1,1,39,7,11946,2,3,6,1,6
2016420049593,2,9,0,18,0,0,0,0,0,0,2,1,5,1,49,8,1149,1,12,-1,-1,-1
2016420049696,1,21,0,5,0,6,0,0,0,0,3,1,1,1,28,6,6370,2,9,-1,-1,-1
2016420049696,2,1,0,18,0,1,5,0,0,0,1,1,6,1,77,11,-1,-1,-1,-1,-1,-1
2016420049773,1,9,0,18,0,0,0,0,0,0,1,1,2,1,20,4,1149,1,14,8,1,8
2016420049773,2,9,0,4,0,0,0,0,0,0,2,1,5,2,51,8,1999,1,10,5,1,5
2016420049773,3,9,0,18,0,0,0,0,0,0,0,1,6,2,35,6,1997,2,9,-1,-1,-1
2016420049867,1,9,0,14,0,2,0,0,0,0,1,1,6,2,22,5,998,1,-1,6,1,6
2016420049867,2,9,0,2,0,2,0,0,0,0,3,1,6,3,-1,-1,-1,-1,-1,-1,-1,-1
2016420049867,3,9,0,2,0,2,0,0,0,0,1,1,6,3,-1,-1,-1,-1,-1,-1,-1,-1
2016420049868,1,9,0,18,0,4,0,0,0,0,1,1,6,1,-1,-1,-1,-1,-1,-1,-1,-1
2016420049868,2,9,0,4,0,4,0,0,0,0,2,1,6,1,29,6,2497,2,19,6,1,6
2016420049869,1,9,0,5,0,1,0,0,0,0,3,1,5,1,20,4,1397,1,14,2,1,2
2016420049869,2,9,0,14,0,2,0,4,0,0,4,1,5,2,59,9,1399,2,9,2,1,2
2016420049869,3,90,0,2,0,2,0,0,0,0,3,1,6,3,-1,-1,-1,-1,-1,-1,-1,-1
2016420049869,4,9,0,2,0,2,0,0,0,0,2,1,6,3,-1,-1,-1,-1,-1,-1,-1,-1
2016420049869,5,9,0,2,0,2,0,0,0,0,2,1,6,3,-1,-1,-1,-1,-1,-1,-1,-1
2016420049871,1,9,0,4,0,1,1,0,0,0,1,1,6,1,73,10,1198,1,2,6,3,6
2016420049871,2,9,0,4,0,1,0,0,0,0,2,1,6,2,45,7,1360,1,6,7,3,7
2016420049871,3,9,0,4,0,1,0,0,0,0,0,1,1,2,37,7,-1,-1,-1,7,3,7
2016420049872,1,9,0,4,0,2,0,0,0,0,1,1,5,1,22,5,1598,2,3,4,1,4
2016420049872,2,9,0,4,0,2,0,0,0,0,2,1,5,1,26,6,998,1,2,8,1,8
2016420049873,1,9,0,9,0,8,0,0,0,0,1,1,6,1,73,10,1753,2,10,3,1,3
2016420049873,2,11,0,18,0,1,0,0,7,0,1,1,1,1,25,5,9000,2,13,3,1,3
2016420049876,1,9,0,12,0,1,0,0,0,0,0,1,6,2,55,8,1582,2,7,-1,-1,-1
2016420049876,2,2,0,18,0,8,2,0,0,0,0,1,6,1,16,4,48,1,7,6,3,6
2016420049878,1,9,0,18,0,0,1,0,7,0,1,1,6,2,27,6,1242,1,4,8,3,8
2016420049879,1,9,0,18,0,0,0,0,0,0,2,1,5,1,28,6,1229,1,12,2,1,2
2016420049879,2,8,0,18,0,0,0,4,4,0,1,1,2,1,57,9,2143,2,2,7,3,7
2016420049887,1,9,0,4,0,1,1,0,0,0,1,1,6,1,46,8,1910,2,12,7,2,7
2016420049887,2,9,0,4,0,1,1,0,0,0,1,1,1,1,33,6,2143,2,3,7,3,7
2016420049887,3,9,0,4,0,1,0,0,0,0,2,1,1,1,42,7,1598,2,1,6,1,6
2016420049906,1,9,0,18,0,1,0,0,0,0,1,1,2,2,26,6,1388,1,7,5,1,5
2016420049906,2,9,0,5,0,1,0,0,0,0,3,1,2,1,53,8,1998,2,12,5,1,5
2016420049916,1,3,0,18,0,0,2,0,0,0,4,1,2,1,28,6,124,1,5,1,1,1
2016420050019,1,9,0,4,0,1,0,0,0,0,1,1,6,2,24,5,1598,1,10,5,2,5
2016420050019,2,9,0,3,0,1,0,0,0,0,2,1,5,2,20,4,1242,1,1,7,2,7
2016420050088,1,9,0,16,0,1,0,0,1,0,1,1,2,1,20,4,1968,2,2,6,1,6
2016420050088,2,9,0,18,0,2,0,0,0,0,1,1,1,1,69,10,1968,2,2,4,1,4
2016420050088,3,9,0,18,0,1,0,0,0,0,1,1,1,1,23,5,1968,2,4,5,1,5
2016420050131,1,9,0,18,0,0,1,0,0,0,1,1,2,2,28,6,2497,1,5,4,1,4
2016420050131,2,90,0,18,0,0,0,0,0,0,3,1,1,1,55,8,1997,2,4,3,1,3
2016420050199,1,9,0,7,0,4,0,0,0,0,3,1,1,2,19,4,1149,1,11,5,2,5
2016420050199,2,1,0,18,0,8,5,0,0,0,1,1,1,1,56,9,-1,-1,-1,4,1,4
2016420050209,1,9,0,7,0,2,0,0,0,0,1,1,5,2,21,5,1461,2,2,8,3,8
2016420050209,2,3,0,18,0,1,0,0,0,0,3,1,5,1,45,7,124,1,3,8,1,8
2016420050211,1,9,0,11,0,3,0,0,0,0,4,1,5,2,61,9,2926,2,13,7,1,7
2016420050211,2,3,0,18,0,8,5,0,0,0,3,1,2,1,62,9,125,1,5,3,1,3
2016420050215,1,9,0,18,0,0,0,0,0,0,1,1,5,1,32,6,-1,-1,-1,3,1,3
2016420050215,2,9,0,2,0,0,0,0,0,0,2,1,1,1,48,8,1200,1,1,10,1,10
2016420050220,1,11,0,18,0,0,0,0,1,0,1,1,5,1,31,6,3900,2,13,2,1,2
2016420050260,1,9,0,18,0,0,0,0,0,0,1,1,6,1,36,7,2148,2,7,2,1,2
2016420050260,2,9,0,18,0,0,0,0,1,11,2,1,6,1,34,6,1956,2,1,8,1,8
2016420050260,3,9,0,18,0,0,0,0,1,4,2,1,6,2,59,9,1329,1,5,9,1,9
2016420050260,4,9,0,18,0,0,0,0,0,0,3,1,6,2,41,7,1598,2,2,3,1,3
2016420050428,1,9,0,1,9,0,0,0,0,0,2,1,2,2,32,6,1396,1,6,1,1,1
2016420050463,1,3,0,4,0,0,2,0,0,0,0,1,2,1,46,8,124,1,11,2,1,2
2016420050469,1,98,4,18,0,0,0,0,0,0,0,1,1,3,-1,-1,-1,-1,-1,-1,-1,-1
2016420050469,2,5,0,13,0,0,5,0,0,0,0,1,5,1,47,8,865,1,5,6,3,6
2016420050528,1,9,0,1,0,0,0,0,7,11,2,1,3,1,37,7,2720,2,8,10,1,10
2016420050528,2,9,0,2,0,0,0,0,0,0,4,1,6,3,-1,-1,-1,-1,-1,-1,-1,-1
2016420050595,1,9,0,18,0,1,0,0,0,0,1,1,6,2,29,6,1399,2,9,9,1,9
2016420050595,2,9,0,3,0,1,0,0,0,0,2,1,6,2,48,8,2231,2,10,9,1,9
2016420050603,1,9,0,9,0,6,0,0,0,0,3,1,2,1,42,7,1388,1,12,8,1,8
2016420050603,2,9,0,17,0,8,0,0,0,0,1,1,6,1,56,9,1461,2,5,8,1,8
2016420050657,1,21,1,18,0,0,2,0,0,0,1,1,1,1,63,9,12419,2,2,7,3,7
2016420050691,1,9,0,9,0,0,1,0,1,4,1,1,5,1,49,8,4663,1,1,8,2,8