Accident_Index,Vehicle_Reference,Vehicle_Type,Towing_and_Articulation,Vehicle_Manoeuvre,Vehicle_Location-Restricted_Lane,Junction_Location,Skidding_and_Overturning,Hit_Object_in_Carriageway,Vehicle_Leaving_Carriageway,Hit_Object_off_Carriageway,1st_Point_of_Impact,Was_Vehicle_Left_Hand_Drive?,Journey_Purpose_of_Driver,Sex_of_Driver,Age_of_Driver,Age_Band_of_Driver,Engine_Capacity_(CC),Propulsion_Code,Age_of_Vehicle,Driver_IMD_Decile,Driver_Home_Area_Type,Vehicle_IMD_Decile
2016420050708,1,19,0,17,0,0,0,0,7,3,1,1,5,1,59,9,1997,2,10,8,2,8
2016420050710,1,9,0,-1,-1,-1,0,-1,-1,0,4,1,5,2,30,6,5461,1,3,7,3,7
2016420050754,1,9,0,9,0,8,0,7,0,0,1,1,5,2,86,11,1329,1,5,4,1,4
2016420050754,2,1,0,18,0,8,0,0,0,0,3,1,6,1,37,7,-1,-1,-1,9,1,9
2016420050760,1,9,0,1,0,1,0,0,0,0,2,1,6,1,51,8,1598,1,3,-1,-1,-1
2016420050760,2,9,0,3,0,1,0,0,0,0,1,1,5,2,64,9,1598,1,12,3,1,3
2016420050760,3,9,0,2,0,1,0,0,0,0,0,1,1,1,39,7,1560,2,7,8,1,8
2016420050789,1,9,0,12,0,0,0,0,0,0,2,1,5,1,55,8,1400,2,10,9,3,9
2016420050789,2,9,0,18,0,0,0,0,4,0,1,1,5,1,26,6,1398,1,2,2,1,2
2016420050789,3,9,0,18,0,0,0,0,0,0,0,1,6,3,-1,-1,-1,-1,-1,-1,-1,-1
2016420050792,1,9,0,18,0,0,1,0,0,0,1,1,6,1,71,10,1560,2,4,5,1,5
2016420050792,2,9,0,4,0,0,0,0,0,0,2,1,2,2,25,5,2143,2,7,7,1,7
2016420050792,3,9,0,4,0,0,0,0,0,0,2,1,1,1,35,6,-1,-1,-1,7,1,7
2016420050793,1,9,0,17,0,0,0,0,1,0,1,1,6,1,73,10,1598,1,5,3,2,3
2016420050794,1,9,0,5,0,8,0,0,0,0,4,1,1,2,57,9,1197,1,2,6,1,6
2016420050794,2,9,0,18,0,8,1,0,0,0,1,1,1,1,31,6,-1,-1,-1,6,1,6
2016420050797,1,9,0,16,0,3,1,7,7,0,1,1,6,1,30,6,3000,1,23,5,1,5
2016420050797,2,9,0,4,0,1,0,0,0,0,3,1,2,1,35,6,2179,2,8,4,1,4
2016420050798,1,9,0,4,0,0,0,0,0,0,2,1,2,1,33,6,-1,-1,-1,2,1,2
2016420050798,2,9,0,4,0,0,0,0,0,0,2,1,6,2,49,8,1598,1,9,4,1,4
2016420050800,1,9,0,16,0,0,5,0,8,11,1,1,5,1,19,4,999,1,1,5,1,5
2016420050802,1,9,0,18,0,1,0,4,0,0,1,1,6,2,47,8,1753,2,17,-1,-1,-1
2016420050802,2,9,0,2,0,1,0,0,7,0,4,1,6,3,-1,-1,-1,-1,-1,-1,-1,-1
2016420050802,3,9,0,2,0,1,0,4,0,0,2,1,6,3,-1,-1,-1,-1,-1,-1,-1,-1
2016420050802,4,9,0,2,0,1,0,0,0,0,2,1,6,3,-1,-1,-1,-1,-1,-1,-1,-1
2016420050817,1,9,0,18,0,1,0,0,0,0,1,1,5,1,27,6,1242,1,13,7,1,7
2016420050817,2,9,0,10,0,5,0,0,0,0,2,1,5,1,21,5,1984,1,10,3,1,3
2016420050818,1,9,0,5,0,0,0,0,0,0,1,1,2,1,29,6,1248,2,11,5,1,5
2016420050818,2,19,0,18,0,0,0,0,0,0,1,1,1,2,23,5,2143,2,1,6,3,6
2016420050820,1,19,0,2,0,0,0,0,0,0,4,1,1,1,42,7,1998,2,15,4,1,4
2016420050820,2,9,0,2,0,0,0,0,0,0,3,1,5,1,25,5,1596,1,3,3,1,3
2016420050821,1,9,0,9,0,6,0,0,0,0,1,1,6,1,24,5,2143,2,3,5,1,5
2016420050821,2,9,0,18,0,8,0,0,1,11,4,1,6,2,40,7,1397,1,8,3,1,3
2016420050822,1,9,0,4,0,0,0,0,0,0,0,1,6,3,-1,-1,-1,-1,-1,-1,-1,-1
2016420050822,2,9,0,4,0,0,0,0,0,0,1,1,5,1,26,6,2490,1,22,4,1,4
2016420050822,3,19,0,4,0,0,0,0,0,0,1,1,5,1,40,7,1461,2,13,3,1,3
2016420050822,4,9,0,4,0,0,0,0,0,0,2,1,5,2,26,6,1242,1,16,2,1,2
2016420050822,5,9,0,4,0,0,0,0,0,0,2,1,5,1,26,6,1988,1,13,6,1,6
2016420050822,6,19,0,4,0,0,0,0,0,0,2,1,5,1,42,7,2143,2,6,1,1,1
2016420050822,7,9,0,4,0,0,0,0,0,0,2,1,5,1,20,4,1598,1,12,2,1,2
2016420050839,1,9,0,18,0,0,0,0,0,0,3,1,6,2,59,9,1499,2,1,10,1,10
2016420050845,1,11,0,18,0,1,0,0,0,0,1,1,1,1,37,7,14618,2,16,4,1,4
2016420050845,2,9,0,10,0,1,0,0,0,0,2,1,1,2,44,7,1461,2,5,7,1,7
2016420050847,1,9,0,4,0,0,1,0,0,0,1,1,5,1,56,9,1493,2,11,6,1,6
2016420050847,2,9,0,4,0,0,0,0,0,0,2,1,5,2,24,5,2143,2,5,5,3,5
2016420050847,3,9,0,10,0,0,0,0,0,0,2,1,5,1,40,7,-1,-1,-1,8,3,8
2016420050850,1,9,0,5,0,8,0,0,0,0,4,1,6,1,27,6,1995,1,6,8,1,8
2016420050850,2,9,0,18,0,1,1,0,0,0,1,1,5,1,19,4,1242,1,4,10,1,10
2016420050853,1,2,0,9,0,4,0,0,0,0,3,1,5,1,24,5,49,1,10,6,1,6
2016420050858,1,9,0,18,0,8,0,0,0,0,1,1,5,1,27,6,1390,1,15,3,1,3
2016420050969,1,9,0,7,0,6,0,0,0,0,3,1,5,2,48,8,996,1,6,6,1,6
2016420050969,2,1,0,18,0,8,0,0,0,0,4,1,6,1,73,10,-1,-1,-1,6,1,6
2016420051101,1,9,0,4,9,0,0,0,0,0,4,1,6,2,64,9,1461,2,3,9,1,9
2016420051116,1,19,0,4,0,0,0,0,0,0,2,1,1,1,45,7,1896,2,6,5,3,5
2016420051116,2,9,0,18,0,0,0,0,0,0,1,1,5,1,19,4,1596,1,15,7,2,7
2016420051175,1,9,0,9,0,8,0,0,0,0,1,1,6,2,37,7,998,1,14,4,1,4
2016420051175,2,9,0,18,0,1,0,0,7,0,1,1,5,1,81,11,1968,2,3,6,1,6
2016420051187,1,9,0,18,0,1,0,0,0,0,1,1,6,1,26,6,1388,1,12,10,1,10
2016420051187,2,9,0,4,0,1,0,0,0,0,2,1,5,1,68,10,1598,1,14,5,1,5
2016420051188,1,90,1,12,0,0,0,0,0,0,1,1,1,1,43,7,-1,-1,-1,-1,-1,-1
2016420051188,2,9,0,18,0,0,1,0,0,0,2,1,5,1,34,6,1560,2,11,4,1,4
2016420051188,3,9,0,18,0,0,0,0,0,0,1,1,5,2,45,7,1984,1,6,7,1,7
2016420051188,4,9,0,18,0,0,0,0,0,0,1,1,5,2,64,9,2148,2,7,4,3,4
2016420051198,1,9,0,18,0,1,0,0,0,0,4,1,6,3,-1,-1,-1,-1,-1,-1,-1,-1
2016420051214,1,9,0,10,0,1,0,0,0,0,1,1,2,1,54,8,1390,1,6,4,1,4
2016420051214,2,5,0,18,0,1,2,0,0,0,1,1,2,1,58,9,647,1,18,5,1,5
2016420051215,1,9,0,8,0,2,0,0,0,0,1,1,5,2,57,9,1951,2,13,6,1,6
2016420051215,2,1,0,18,0,1,0,0,0,0,4,1,2,1,34,6,-1,-1,-1,9,1,9
2016420051228,1,9,0,18,0,0,0,0,0,0,1,1,6,2,-1,-1,-1,-1,-1,-1,-1,-1
2016420051240,1,9,0,18,0,0,0,0,0,0,4,1,1,1,45,7,1686,2,5,9,1,9
2016420051261,1,9,0,18,0,8,0,0,0,0,4,1,2,2,62,9,1596,1,9,9,1,9
2016420051261,2,9,0,7,0,6,0,0,0,0,3,1,2,1,26,6,1956,2,5,5,1,5
2016420051314,1,9,0,3,0,1,0,0,0,0,1,1,2,1,28,6,1229,1,2,1,1,1
2016420051314,2,9,0,3,0,1,0,0,0,0,2,1,2,1,55,8,1329,1,7,8,1,8
2016420051314,3,9,0,3,0,1,0,0,0,0,2,1,2,2,29,6,1229,1,5,3,1,3
2016420051352,1,9,0,18,0,1,0,0,0,0,4,1,6,3,-1,-1,-1,-1,-1,-1,-1,-1
2016420051353,1,9,0,18,0,0,0,0,0,0,4,1,6,1,81,11,1493,2,10,8,2,8
2016420051353,2,1,0,18,0,0,0,0,0,0,3,1,6,2,-1,-1,-1,-1,-1,2,1,2
2016420051380,1,9,0,9,0,8,0,0,0,0,3,1,5,1,35,6,1598,1,14,-1,-1,-1
2016420051380,2,9,0,18,0,8,0,0,0,0,1,1,3,1,30,6,1199,1,13,1,1,1
2016420051413,1,9,0,18,9,0,0,0,7,4,1,1,2,2,26,6,1242,1,11,8,3,8
2016420051438,1,9,0,9,0,8,0,0,0,0,3,1,5,1,43,7,1229,1,6,9,1,9
2016420051438,2,3,0,18,0,1,0,0,0,0,1,1,5,1,27,6,124,1,1,8,1,8
2016420051567,1,9,0,18,0,1,0,0,0,0,1,1,6,2,29,6,1199,1,13,9,1,9
2016420051567,2,9,0,3,0,1,0,0,0,0,2,1,5,2,49,8,1796,1,8,8,1,8
2016420051578,1,9,0,5,0,0,0,0,0,0,1,1,2,2,27,6,1242,1,7,1,1,1
2016420051578,2,9,0,4,0,0,0,0,0,0,2,1,2,2,50,8,1753,2,13,3,1,3
2016420051727,1,9,0,1,9,0,0,0,0,0,2,1,6,3,-1,-1,-1,-1,-1,-1,-1,-1
2016420051756,1,9,0,18,0,0,1,0,2,10,1,1,3,2,42,7,1461,2,13,-1,-1,-1
2016420051781,1,9,0,9,0,2,0,0,0,0,3,1,2,1,50,8,1560,2,4,9,2,9
2016420051781,2,3,0,18,0,1,5,0,0,0,1,1,2,1,21,5,125,1,9,7,3,7
2016420051797,1,9,0,18,0,1,5,2,0,0,1,1,2,1,43,7,1299,1,13,4,1,4
2016420051801,1,21,0,18,0,8,0,0,0,0,1,1,1,1,48,8,11946,2,7,6,3,6
2016420051801,2,9,0,4,0,8,0,0,0,0,2,1,5,1,71,10,1598,1,14,3,1,3
2016420051803,1,1,0,13,0,0,2,0,0,0,1,1,2,1,26,6,-1,-1,-1,-1,-1,-1
2016420051803,2,9,0,18,0,0,0,0,0,0,3,1,2,1,36,7,4163,1,5,-1,-1,-1
2016420051804,1,9,0,12,0,7,0,0,0,0,2,1,5,2,49,8,1769,1,12,3,1,3
2016420051804,2,5,0,18,0,7,0,0,0,0,1,1,5,1,37,7,1215,1,2,9,1,9
2016420051856,1,19,0,4,0,1,0,0,0,0,1,1,6,1,37,7,2402,2,10,7,1,7
2016420051856,2,9,0,3,0,1,0,0,0,0,2,1,6,1,44,7,2198,1,10,8,3,8
2016420051943,1,9,0,18,0,0,0,0,8,0,1,1,6,1,65,9,999,1,9,3,1,3
2016420051945,1,9,0,10,0,2,0,0,0,0,3,1,5,2,38,7,1997,2,1,7,3,7
2016420051945,2,9,0,18,0,1,0,0,0,0,4,1,5,1,63,9,1149,1,16,8,1,8
2016420051951,1,21,1,14,0,8,0,0,0,0,4,1,1,1,58,9,12740,2,3,5,3,5
2016420051951,2,9,0,3,0,8,0,0,0,0,3,1,6,2,41,7,2295,1,17,6,1,6
2016420052024,1,3,0,18,0,1,0,0,0,0,1,1,1,1,17,4,125,1,1,9,2,9
2016420052024,2,19,0,10,0,1,0,0,0,0,2,1,1,1,55,8,1996,2,3,8,1,8
2016420052107,1,9,0,1,0,6,0,0,0,0,2,1,5,2,84,11,999,1,14,2,1,2
2016420052109,1,22,0,5,0,8,0,0,0,0,3,1,3,2,52,8,-1,-1,-1,2,1,2
2016420052109,2,20,0,7,0,8,0,0,0,0,4,1,1,1,45,7,-1,2,12,2,1,2
2016420052112,1,9,0,9,0,8,0,0,0,0,1,1,6,1,67,10,3993,1,4,8,3,8
2016420052112,2,9,0,17,0,1,0,0,0,0,4,1,6,1,59,9,1598,1,15,2,1,2
2016420052113,1,9,0,13,0,1,0,0,7,0,4,1,2,1,34,6,-1,-1,-1,6,3,6
2016420052113,2,21,0,18,0,1,0,0,0,0,4,1,1,1,34,6,6728,2,-1,9,1,9
2016420052190,1,19,0,4,0,0,0,0,0,0,4,1,6,1,70,10,1598,2,-1,7,1,7
2016420052231,2,9,0,18,0,0,0,0,1,0,1,1,6,1,27,6,1968,2,5,7,2,7
2016420052231,3,9,0,18,0,0,0,0,0,0,1,1,2,2,59,9,1461,2,5,8,1,8
2016420052269,1,9,0,18,0,4,0,0,0,0,1,1,6,1,68,10,2397,1,16,7,1,7
2016420052269,2,8,0,3,0,1,1,0,0,0,2,1,6,1,40,7,1560,2,1,6,1,6
2016420052355,1,90,1,18,0,3,0,0,0,0,3,2,1,1,40,7,-1,-1,-1,-1,-1,-1
2016420052355,2,9,0,18,0,3,0,0,0,0,4,1,5,2,67,10,1598,1,10,7,2,7
2016420052409,1,9,0,18,0,0,5,0,0,0,1,1,6,1,76,11,1998,1,18,2,2,2
2016420052409,2,9,0,2,0,0,0,0,0,0,1,1,6,3,-1,-1,-1,-1,-1,-1,-1,-1
2016420052410,1,9,0,4,0,0,0,0,0,0,1,1,5,1,20,4,1398,1,1,9,1,9
2016420052411,1,9,0,4,0,0,0,0,0,0,1,1,6,2,30,6,1596,1,11,8,1,8
2016420052411,2,9,0,4,0,0,0,0,0,0,2,1,6,1,55,8,1560,2,3,10,1,10
2016420052415,1,19,0,4,0,1,0,0,0,0,1,1,1,1,22,5,2143,2,3,2,1,2
2016420052415,2,9,0,3,0,1,0,0,0,0,2,1,1,1,37,7,1910,2,9,1,1,1
2016420052416,1,9,0,9,0,1,0,0,7,0,3,1,5,1,67,10,1796,1,13,6,1,6
2016420052416,2,9,0,13,0,1,0,0,7,0,1,1,5,1,55,8,2494,1,13,6,1,6
2016420052418,1,8,0,18,0,0,0,0,0,0,4,1,6,1,53,8,-1,-1,-1,4,1,4
2016420052419,1,9,0,7,0,0,0,0,0,0,1,1,6,3,-1,-1,-1,-1,-1,-1,-1,-1
2016420052420,1,9,0,18,0,8,2,0,2,10,1,1,6,1,31,6,1596,1,11,7,2,7
2016420052421,1,9,0,5,0,0,0,0,0,0,1,1,5,2,30,6,1975,1,10,9,1,9
2016420052422,1,19,0,1,0,0,0,0,0,0,2,1,1,1,49,8,1598,2,2,8,1,8
2016420052428,1,9,0,18,0,0,0,0,7,0,4,1,2,2,42,7,973,1,16,5,1,5
2016420052428,2,9,0,18,0,0,0,0,0,0,1,1,6,2,22,5,1560,2,6,-1,-1,-1
2016420052433,1,5,0,18,0,3,5,0,0,0,3,1,5,1,45,7,656,1,8,5,1,5
2016420052434,1,19,0,18,0,0,0,0,0,0,1,1,6,1,54,8,1753,2,13,7,1,7
2016420052434,2,9,0,8,0,0,0,0,0,0,2,1,6,2,25,5,1360,1,15,2,1,2
2016420052434,3,9,0,1,0,0,0,0,0,0,2,1,6,2,-1,-1,1298,1,10,5,1,5
2016420052440,1,9,0,18,0,1,0,0,0,0,1,1,6,2,61,9,1796,1,14,9,2,9
2016420052440,2,9,0,18,0,2,0,0,0,0,3,1,5,2,18,4,1299,1,10,4,1,4
2016420052442,1,9,0,17,0,0,1,0,2,4,3,1,5,1,35,6,2298,1,18,5,1,5
2016420052443,1,9,0,18,0,0,0,0,0,0,4,1,2,1,25,5,998,1,3,1,1,1
2016420052443,2,9,0,18,0,0,0,0,0,0,3,1,6,1,46,8,1149,1,10,6,1,6
2016420052446,1,9,0,7,0,0,0,0,0,0,1,1,5,1,-1,-1,1296,1,21,5,1,5
2016420052446,2,9,0,18,0,0,0,0,0,0,1,1,5,1,27,6,1995,2,3,-1,-1,-1
2016420052447,1,9,0,16,0,1,1,0,1,4,3,1,5,1,26,6,1299,1,12,3,1,3
2016420052450,1,9,0,18,0,8,0,0,1,1,1,1,5,1,39,7,1242,1,15,7,1,7
2016420052450,2,9,0,18,0,8,0,0,0,0,1,1,6,1,62,9,2987,2,5,4,1,4
2016420052451,1,9,0,12,0,0,0,7,0,0,3,1,6,1,49,8,1595,1,13,6,1,6
2016420052452,1,9,0,4,0,1,1,0,0,0,1,1,6,1,61,9,1396,2,3,3,1,3
2016420052452,2,9,0,10,0,1,0,0,0,0,2,1,5,2,46,8,1995,2,2,1,3,1
2016420052455,1,5,0,18,0,3,5,0,0,0,3,1,5,1,38,7,998,1,8,1,1,1
2016420052478,1,9,0,6,0,0,0,0,0,0,3,1,6,2,49,8,1598,1,12,3,1,3
2016420052478,2,3,0,15,0,0,2,0,0,0,1,1,6,1,20,4,124,1,14,5,1,5
2016420052483,1,-1,0,18,0,3,0,0,0,0,4,1,6,3,-1,-1,-1,-1,-1,-1,-1,-1
2016420052483,2,3,0,3,0,4,0,0,0,0,1,1,6,1,27,6,125,1,8,4,1,4
2016420052485,1,5,0,14,0,8,0,0,0,0,4,1,5,1,20,4,1215,1,3,4,1,4
2016420052485,2,9,0,5,0,8,0,0,0,0,3,1,5,1,75,10,1999,1,12,1,1,1
2016420052489,1,5,0,16,0,3,2,0,0,0,3,1,6,1,30,6,998,1,12,2,1,2
2016420052623,1,9,0,7,0,2,0,0,0,0,4,1,6,2,56,9,1796,1,15,8,3,8
2016420052623,2,1,0,7,0,1,0,0,0,0,1,1,6,1,12,3,-1,-1,-1,8,3,8
2016420052634,1,9,0,7,0,2,0,0,0,0,1,1,6,2,30,6,1968,2,11,6,1,6
2016420052634,2,9,0,18,0,2,0,0,0,0,2,1,2,2,38,7,1997,2,4,5,1,5
2016420052680,1,9,0,4,7,8,0,0,0,0,3,1,3,2,25,5,1242,1,3,3,1,3
2016420052701,1,19,4,18,0,0,0,0,0,0,1,1,1,1,38,7,2999,2,2,5,2,5
2016420052701,2,19,0,3,0,0,0,0,0,0,2,1,1,1,39,7,2402,2,10,2,1,2
2016420052701,3,9,0,3,0,0,0,0,0,0,2,1,6,1,21,5,1599,1,8,4,1,4
2016420052701,4,9,0,10,0,0,0,0,0,0,2,1,5,2,54,8,1598,1,2,5,1,5
2016420052712,1,9,0,18,0,4,0,0,0,0,0,1,6,2,63,9,1598,1,6,5,1,5
2016420052712,2,11,0,5,0,4,0,0,0,0,0,1,1,1,55,8,3900,2,13,6,1,6
2016420052733,1,98,0,12,0,0,0,0,0,0,0,1,6,1,-1,-1,-1,-1,-1,-1,-1,-1
2016420052733,2,3,0,18,0,0,2,0,7,6,0,1,5,1,23,5,125,1,3,3,1,3
2016420052735,1,9,0,18,0,0,0,0,4,0,1,1,6,2,43,7,2191,2,2,8,1,8
2016420052735,2,90,1,18,0,0,0,0,0,0,3,1,6,3,-1,-1,-1,-1,-1,-1,-1,-1
2016420052737,1,1,0,4,0,0,5,0,0,0,0,1,6,2,40,7,-1,-1,-1,10,3,10
2016420052737,2,9,0,4,0,0,0,0,0,0,0,1,6,3,-1,-1,-1,-1,-1,-1,-1,-1
2016420052739,1,3,0,18,0,0,0,0,1,0,1,1,2,1,24,5,124,1,6,3,1,3
2016420052740,1,9,0,11,0,0,0,0,0,0,4,1,6,2,46,8,1991,2,5,-1,-1,-1
2016420052740,2,5,0,18,0,0,5,0,0,0,3,1,6,1,38,7,996,1,13,9,1,9
2016420052742,1,9,0,12,0,0,1,11,7,11,1,1,2,2,24,5,1598,1,14,9,1,9
2016420052743,1,1,0,18,9,0,0,0,0,0,1,1,6,1,32,6,-1,-1,-1,4,1,4
2016420052743,3,9,0,7,5,0,0,0,0,0,4,1,6,1,52,8,799,2,4,9,1,9
2016420052799,1,1,0,9,0,0,0,0,0,0,2,1,6,1,59,9,-1,-1,-1,4,3,4
2016420052799,2,9,0,18,0,0,0,0,0,0,1,1,6,2,23,5,1968,2,4,3,2,3
2016420052894,1,9,0,11,0,0,0,0,0,0,3,1,6,2,36,7,1598,1,7,6,3,6
2016420052894,2,9,0,3,0,0,0,0,0,0,4,1,5,1,25,5,1149,1,11,3,1,3
2016420052906,1,9,0,4,0,2,0,0,0,0,1,1,1,1,68,10,-1,-1,-1,10,1,10
2016420052906,2,9,0,4,0,2,0,0,0,0,2,1,2,1,22,5,1587,1,9,4,1,4
2016420052906,3,9,0,4,0,2,0,0,0,0,2,1,2,1,59,9,1997,2,5,9,1,9
2016420052912,1,19,0,4,0,0,0,0,0,0,1,1,1,1,50,8,2461,2,8,3,1,3
2016420052912,2,9,0,3,0,0,0,0,0,0,2,1,1,2,37,7,1499,2,3,3,1,3
2016420052912,4,9,0,3,0,0,0,0,0,0,2,1,1,2,30,6,1598,1,6,4,1,4
2016420052912,5,9,0,3,0,0,0,0,0,0,0,1,1,2,26,6,998,1,14,3,1,3
2016420052912,6,9,0,3,0,0,0,0,0,0,0,1,1,1,46,8,1198,1,2,8,1,8
2016420052912,7,19,0,3,0,0,0,0,0,0,0,1,1,1,57,9,1968,2,2,-1,-1,-1
2016420052912,8,9,0,3,0,0,0,0,0,0,2,1,1,1,24,5,999,1,7,4,1,4
2016420052918,1,3,0,4,0,1,1,0,0,0,0,1,2,1,56,9,125,1,4,3,1,3
2016420052918,2,9,0,10,0,1,0,0,0,0,0,1,2,1,52,8,1242,1,1,4,1,4
2016420052922,1,9,0,18,0,0,0,0,0,0,1,1,5,1,74,10,1596,1,14,9,2,9
2016420052922,2,19,0,2,0,0,0,0,0,0,2,1,5,1,58,9,2874,2,18,6,1,6
2016420052934,1,90,0,18,0,8,0,0,0,0,1,1,1,1,46,8,2987,2,2,-1,-1,-1
2016420052934,2,9,0,18,0,8,0,0,0,0,4,1,5,2,34,6,1991,2,6,9,1,9
2016420052934,3,9,0,18,0,1,0,0,0,0,3,1,5,1,70,10,1796,1,9,7,1,7
2016420052934,4,9,0,18,0,1,0,0,0,0,1,1,5,1,45,7,-1,-1,-1,5,1,5
2016420052936,1,9,0,18,0,1,0,0,0,0,3,1,5,2,69,10,1198,1,1,9,1,9
2016420052936,2,9,0,18,0,1,0,0,0,0,1,1,5,2,51,8,1600,1,10,7,1,7
2016420052958,1,9,0,4,0,2,0,0,0,0,1,1,5,2,82,11,1493,1,15,2,1,2
2016420052958,2,9,0,5,0,2,0,0,0,0,2,1,5,2,18,4,998,1,8,2,1,2
2016420052958,3,9,0,5,0,2,0,0,0,0,2,1,5,2,22,5,1596,1,14,10,3,10
2016420052963,1,9,0,9,0,8,0,0,0,0,1,1,6,2,27,6,1951,2,16,3,3,3
2016420052963,2,9,0,17,0,1,1,0,0,0,1,1,6,2,41,7,2000,2,7,4,1,4
2016420053145,1,1,0,18,0,0,2,0,0,0,3,1,1,1,13,3,-1,-1,-1,4,1,4
2016420053145,2,5,0,18,0,0,2,0,0,0,1,1,2,1,56,9,749,1,25,6,3,6
2016420053162,1,9,0,5,0,1,0,0,0,0,1,1,5,1,88,11,998,1,4,9,1,9
2016420053162,2,9,0,3,0,1,0,0,0,0,2,1,6,2,45,7,1598,1,11,10,1,10
2016420053182,1,19,0,6,0,0,0,0,0,0,3,1,1,1,54,8,1996,2,3,3,1,3
2016420053182,2,5,0,13,0,0,0,0,0,0,1,1,6,1,50,8,1043,1,3,-1,-1,-1
2016420053224,1,9,0,18,0,1,0,0,0,0,1,1,6,1,26,6,1896,2,9,1,1,1
2016420053262,1,9,0,18,0,0,0,0,0,0,3,1,5,2,23,5,1124,1,13,7,1,7
2016420053262,2,9,0,18,0,0,1,0,4,0,4,1,2,1,26,6,1000,1,1,2,1,2
2016420053266,1,9,0,18,0,0,0,0,0,0,4,1,2,1,35,6,1988,1,15,8,1,8
2016420053268,1,19,0,4,0,6,0,0,7,0,1,1,1,1,26,6,1560,2,4,5,1,5
2016420053268,2,19,0,18,0,1,0,0,0,0,2,1,1,1,46,8,2494,2,7,9,1,9
2016420053276,1,10,0,18,0,0,0,10,0,0,4,1,1,1,-1,-1,-1,-1,-1,-1,-1,-1
2016420053330,1,8,0,1,0,0,0,0,0,0,2,1,1,1,66,10,-1,-1,-1,9,1,9
2016420053372,1,21,0,18,0,1,0,0,0,0,1,1,1,1,63,9,-1,-1,-1,1,2,1
2016420053372,2,9,0,18,0,1,0,0,0,0,1,1,2,1,47,8,1797,8,2,4,1,4
2016420053386,1,-1,0,18,0,8,0,0,0,0,0,1,6,3,-1,-1,-1,-1,-1,-1,-1,-1
2016420053398,1,90,0,18,0,8,1,0,4,0,4,1,1,1,32,6,8867,2,7,8,1,8
2016420053398,2,9,0,5,0,8,0,0,0,0,3,1,1,2,48,8,1598,1,12,4,1,4
2016420053471,1,9,0,9,0,2,0,0,0,0,3,1,6,1,33,6,-1,-1,-1,4,3,4
2016420053471,2,3,0,18,0,1,0,0,0,0,1,1,6,1,25,5,125,1,1,3,1,3
2016420053472,1,9,0,9,0,0,0,0,0,0,3,1,1,1,29,6,-1,-1,-1,8,1,8
2016420053472,2,9,0,18,0,0,0,0,0,0,1,1,5,1,32,6,1242,1,6,10,1,10
2016420053473,1,9,0,18,0,2,0,0,0,0,0,1,6,3,-1,-1,-1,-1,-1,-1,-1,-1
2016420053473,2,9,0,16,0,1,1,10,0,0,1,1,5,1,17,4,1388,1,13,2,1,2
2016420053486,1,9,0,9,0,6,0,0,0,0,3,1,5,1,84,11,1119,1,23,2,1,2
2016420053486,2,9,0,18,0,8,0,0,0,0,1,1,6,2,23,5,1390,1,13,4,1,4
2016420053487,1,5,0,13,0,0,0,0,0,0,3,1,5,1,44,7,998,1,7,4,1,4
2016420053487,2,5,0,13,0,0,0,0,0,0,0,1,5,1,68,10,918,1,19,4,1,4
2016420053487,3,9,0,18,0,0,0,0,1,10,3,1,5,1,37,7,1995,2,10,9,1,9
2016420053488,1,9,0,18,0,0,1,4,1,0,1,1,5,1,21,5,973,1,15,2,1,2
2016420053488,2,90,0,2,0,0,0,0,4,6,2,1,5,1,52,8,-1,-1,-1,7,3,7
2016420053493,1,9,0,18,0,1,0,0,0,0,1,1,6,1,30,6,1797,8,2,2,1,2
2016420053493,2,9,0,2,0,1,0,0,0,0,3,1,6,3,-1,-1,-1,-1,-1,-1,-1,-1
2016420053493,3,9,0,2,0,1,0,0,0,0,3,1,6,3,-1,-1,-1,-1,-1,-1,-1,-1
2016420053493,4,9,0,2,0,1,0,0,0,0,1,1,6,3,-1,-1,-1,-1,-1,-1,-1,-1
2016420053493,5,9,0,2,0,1,0,0,0,0,1,1,6,3,-1,-1,-1,-1,-1,-1,-1,-1
2016420053497,1,9,0,4,0,0,1,0,0,0,1,1,6,1,49,8,2430,1,17,3,1,3
2016420053497,2,9,0,4,0,0,0,0,0,0,2,1,5,1,51,8,1598,1,2,5,1,5
2016420053501,1,9,0,18,0,3,0,0,0,0,4,1,6,1,24,5,1229,1,2,1,1,1
2016420053501,2,9,0,18,0,4,0,0,0,0,3,1,2,1,57,9,1399,1,9,1,1,1
2016420053504,1,9,0,18,0,0,0,0,0,0,1,1,5,2,25,5,1360,1,9,10,1,10
2016420053504,2,9,0,18,0,0,0,0,0,0,2,1,5,2,21,5,998,1,1,3,1,3
2016420053504,3,9,0,3,0,0,0,0,0,0,2,1,5,1,73,10,1598,1,4,8,2,8
2016420053544,1,9,0,18,0,1,0,0,0,0,1,1,2,2,21,5,1198,1,11,9,1,9
2016420053544,2,9,0,18,0,1,0,0,0,0,2,1,5,2,41,7,1200,1,1,-1,-1,-1
2016420053545,1,9,0,18,0,0,2,0,7,0,1,1,5,2,20,4,1242,1,3,10,1,10
2016420053549,1,9,0,18,0,4,0,0,1,0,1,1,5,1,84,11,1248,1,3,8,1,8