Accident_Index,Vehicle_Reference,Vehicle_Type,Towing_and_Articulation,Vehicle_Manoeuvre,Vehicle_Location-Restricted_Lane,Junction_Location,Skidding_and_Overturning,Hit_Object_in_Carriageway,Vehicle_Leaving_Carriageway,Hit_Object_off_Carriageway,1st_Point_of_Impact,Was_Vehicle_Left_Hand_Drive?,Journey_Purpose_of_Driver,Sex_of_Driver,Age_of_Driver,Age_Band_of_Driver,Engine_Capacity_(CC),Propulsion_Code,Age_of_Vehicle,Driver_IMD_Decile,Driver_Home_Area_Type,Vehicle_IMD_Decile
2016420053549,2,9,0,9,0,8,0,0,7,11,4,1,5,1,24,5,1998,1,20,9,2,9
2016420053554,1,9,0,17,0,1,0,0,1,0,1,1,5,2,18,4,1149,1,11,5,1,5
2016420053558,1,19,0,18,0,0,1,0,0,0,1,1,5,1,47,8,2151,2,13,4,1,4
2016420053558,2,21,1,18,0,0,0,0,0,0,2,1,1,1,39,7,10518,2,3,7,1,7
2016420053561,1,9,0,18,0,0,1,7,0,0,1,1,5,2,27,6,1149,1,12,4,1,4
2016420053572,1,9,0,4,0,1,1,0,0,0,1,1,5,2,38,7,1560,2,8,8,1,8
2016420053572,2,9,0,3,0,1,0,0,0,0,2,1,6,2,23,5,1360,1,11,7,1,7
2016420053572,3,9,0,3,0,1,0,0,0,0,2,1,6,1,69,10,1596,1,7,9,1,9
2016420053573,1,9,0,17,0,0,1,0,0,0,1,1,5,1,33,6,1998,1,11,1,3,1
2016420053573,2,19,0,18,0,0,0,0,1,0,3,1,5,1,54,8,1995,2,4,8,3,8
2016420053574,1,9,0,18,0,0,0,0,0,0,1,1,5,1,42,7,1596,1,15,7,1,7
2016420053574,2,9,0,18,0,0,0,0,1,0,4,1,5,1,52,8,1596,1,11,8,1,8
2016420053576,1,9,0,18,0,0,0,0,1,2,1,2,5,1,54,8,-1,-1,-1,2,1,2
2016420053578,1,9,0,13,0,1,1,4,0,0,1,1,1,1,63,9,1968,2,3,8,1,8
2016420053578,2,9,0,9,0,5,0,0,0,0,3,1,6,2,57,9,796,1,15,4,1,4
2016420053578,3,9,0,2,0,1,0,0,0,0,1,1,6,1,45,7,2993,2,1,-1,-1,-1
2016420053579,1,9,0,9,9,3,0,0,1,2,1,2,5,1,25,5,-1,-1,-1,-1,-1,-1
2016420053584,1,9,0,18,0,0,0,0,0,0,1,1,6,1,70,10,1498,1,-1,4,1,4
2016420053584,2,9,0,18,0,0,0,0,0,0,1,1,6,1,74,10,2902,2,13,5,3,5
2016420053588,1,9,0,18,0,0,1,0,0,0,2,1,6,1,23,5,1598,1,9,-1,3,-1
2016420053588,2,9,0,18,0,0,0,0,0,0,1,1,6,1,27,6,1995,2,12,5,1,5
2016420053591,1,9,0,18,0,0,0,0,0,0,1,1,5,1,64,9,-1,-1,-1,4,1,4
2016420053591,2,9,0,18,0,0,0,0,0,0,2,1,5,2,18,4,1299,1,11,10,1,10
2016420053591,3,9,0,18,0,0,0,0,0,0,2,1,5,1,52,8,1686,2,13,6,1,6
2016420053644,1,11,0,5,0,8,0,4,0,0,1,1,1,1,52,8,4760,2,3,4,1,4
2016420053644,2,19,0,2,0,1,0,0,1,11,2,1,6,3,-1,-1,-1,-1,-1,-1,-1,-1
2016420053644,3,9,0,2,0,1,0,0,1,11,2,1,6,3,-1,-1,-1,-1,-1,-1,-1,-1
2016420053644,4,9,0,2,9,8,0,0,0,0,3,1,6,3,-1,-1,-1,-1,-1,-1,-1,-1
2016420053736,1,9,0,4,0,1,0,0,0,0,2,1,1,1,39,7,1968,2,6,2,1,2
2016420053736,2,9,0,18,0,1,0,0,0,0,1,1,6,1,-1,-1,-1,-1,-1,-1,-1,-1
2016420053787,1,9,0,16,0,8,0,0,0,0,3,1,5,2,79,11,1560,2,1,10,1,10
2016420053801,1,9,0,18,0,0,0,0,0,0,1,1,5,2,51,8,1598,2,4,2,1,2
2016420053801,2,9,0,4,0,0,0,0,0,0,2,1,6,1,52,8,2987,2,11,4,1,4
2016420053801,3,9,0,4,0,0,0,0,0,0,2,1,6,2,52,8,2685,2,13,5,1,5
2016420053804,1,9,0,12,0,8,0,0,0,0,0,1,6,3,-1,-1,-1,-1,-1,-1,-1,-1
2016420053804,2,9,0,18,0,8,2,0,0,0,1,1,2,1,41,7,1596,1,12,3,1,3
2016420053804,3,9,0,18,0,8,2,0,0,0,3,1,6,1,17,4,1596,1,10,4,1,4
2016420053805,1,9,0,17,0,0,1,0,0,0,4,1,5,2,23,5,1108,1,21,5,1,5
2016420053805,2,9,0,16,0,0,0,0,1,0,1,1,5,2,80,11,1339,1,7,7,3,7
2016420054025,1,19,0,18,0,0,1,0,0,0,1,1,1,1,36,7,2298,2,5,3,1,3
2016420054025,2,19,0,18,0,0,0,0,0,0,2,1,6,1,28,6,2143,2,6,8,1,8
2016420054038,1,9,0,6,0,0,0,0,0,0,3,1,6,1,32,6,2148,2,15,1,1,1
2016420054038,2,5,0,18,0,0,2,0,1,0,4,1,6,1,32,6,865,1,3,9,1,9
2016420054109,1,2,0,18,0,1,0,0,0,0,1,1,4,1,16,4,50,1,-1,3,1,3
2016420054109,2,9,0,18,0,1,0,0,0,0,4,1,6,1,82,11,998,1,5,9,1,9
2016420054116,1,9,0,4,0,0,0,0,0,0,1,1,6,1,49,8,1248,1,6,8,1,8
2016420054116,2,9,0,4,0,0,0,0,0,0,2,1,5,2,77,11,1997,2,2,4,1,4
2016420054118,1,9,0,18,0,8,0,0,4,0,1,1,6,1,33,6,998,1,12,2,1,2
2016420054118,2,9,0,18,0,1,0,0,0,0,0,1,1,1,27,6,1560,2,3,6,1,6
2016420054119,1,9,0,18,0,8,0,0,1,7,1,1,6,1,40,7,-1,-1,-1,6,1,6
2016420054128,1,3,0,18,0,0,2,0,1,1,1,1,1,1,18,4,124,1,-1,1,1,1
2016420054190,1,9,0,7,0,6,0,0,0,0,1,1,6,3,-1,-1,-1,-1,-1,-1,-1,-1
2016420054190,2,9,0,5,0,8,0,0,0,0,3,1,5,1,92,11,998,1,11,3,1,3
2016420054213,1,9,0,18,0,0,0,0,0,0,1,1,1,1,27,6,1997,2,7,7,1,7
2016420054213,2,9,0,18,0,0,0,0,0,0,2,1,2,2,32,6,899,1,3,9,1,9
2016420054213,3,9,0,3,0,0,0,0,0,0,2,1,1,1,48,8,-1,-1,-1,3,1,3
2016420054317,1,21,1,18,0,0,0,0,0,0,1,1,1,1,39,7,12740,2,3,9,1,9
2016420054317,2,19,0,3,0,0,0,0,0,0,2,1,1,1,52,8,2187,2,14,5,1,5
2016420054322,1,9,0,9,0,5,0,0,0,0,4,1,5,1,72,10,1998,1,12,7,3,7
2016420054325,1,5,0,18,0,8,0,0,0,0,3,1,5,1,50,8,1301,1,2,4,1,4
2016420054358,1,21,1,18,0,0,0,4,0,0,1,1,1,1,61,9,15607,2,3,-1,-1,-1
2016420054358,2,9,0,4,0,0,0,0,2,7,2,1,5,2,17,4,1198,1,1,-1,-1,-1
2016420054358,3,21,1,18,0,0,0,0,0,0,1,1,1,1,47,8,12902,2,3,10,1,10
2016420054372,1,19,0,10,0,1,0,0,0,0,2,1,1,1,42,7,1868,2,11,8,1,8
2016420054372,2,19,0,4,0,1,0,0,0,0,1,1,1,1,31,6,2198,2,2,5,1,5
2016420054379,1,9,0,18,0,0,0,0,1,4,1,1,1,1,18,4,1198,1,-1,9,2,9
2016420054379,2,9,0,4,0,0,0,0,0,0,0,1,1,1,18,4,1598,2,2,8,2,8
2016420054379,3,17,4,-1,0,0,0,0,0,0,0,1,1,1,56,9,-1,2,12,4,1,4
2016420054380,1,9,0,3,0,1,0,0,0,0,2,1,2,1,24,5,1598,2,5,-1,-1,-1
2016420054380,2,21,0,18,0,1,0,0,0,0,1,1,1,1,49,8,7146,2,9,5,1,5
2016420054381,1,5,0,18,0,0,2,0,7,0,1,1,6,1,34,6,1043,1,6,4,1,4
2016420054381,2,9,0,18,0,0,0,0,0,0,1,1,6,2,43,7,1242,1,5,4,1,4
2016420054382,1,9,0,11,0,0,0,0,1,10,1,1,6,1,69,10,1596,1,5,10,1,10
2016420054382,2,90,1,18,0,0,0,0,0,0,4,1,1,1,44,7,-1,-1,-1,1,1,1
2016420054383,1,9,0,12,0,8,0,0,0,0,3,2,5,1,51,8,-1,-1,-1,-1,-1,-1
2016420054383,2,5,0,13,0,3,0,0,3,1,1,1,2,1,49,8,1690,1,2,6,1,6
2016420054384,1,9,0,9,0,6,0,0,0,0,4,1,5,2,59,9,4367,2,4,8,1,8
2016420054384,2,3,0,18,0,1,0,0,0,0,4,1,2,1,20,4,125,1,6,9,1,9
2016420054386,1,9,0,18,0,0,0,0,7,2,1,1,6,1,28,6,-1,-1,-1,-1,-1,-1
2016420054389,1,9,0,9,0,6,1,0,0,0,1,1,5,2,23,5,-1,-1,-1,5,1,5
2016420054389,2,9,0,18,0,1,0,0,0,0,1,1,5,2,34,6,1149,1,14,5,1,5
2016420054389,3,9,0,2,6,1,0,0,0,0,1,1,6,3,-1,-1,-1,-1,-1,-1,-1,-1
2016420054433,1,9,0,18,0,4,0,0,8,1,1,1,5,2,36,7,1587,1,14,2,1,2
2016420054433,2,9,0,18,0,8,0,0,0,0,4,1,1,1,64,9,-1,-1,-1,-1,-1,-1
2016420054477,1,5,0,16,0,0,0,0,0,0,1,1,5,1,23,5,649,1,9,4,1,4
2016420054477,2,19,0,7,0,0,0,0,0,0,2,1,1,1,31,6,2198,2,4,6,1,6
2016420054489,1,19,0,5,0,8,0,0,0,0,1,1,1,1,62,9,2287,2,1,8,1,8
2016420054489,2,1,0,18,0,1,5,0,0,0,4,1,6,1,36,7,-1,-1,-1,2,1,2
2016420054540,1,9,0,18,0,1,0,0,0,0,1,1,6,1,30,6,2496,1,15,4,1,4
2016420054540,2,9,0,3,0,1,0,0,0,0,2,1,1,1,31,6,1360,1,9,4,1,4
2016420054561,1,9,0,18,0,8,0,0,0,0,1,1,6,2,42,7,1686,2,14,3,3,3
2016420054561,2,9,0,9,0,2,0,0,0,0,4,1,1,2,28,6,1398,1,1,5,1,5
2016420054601,1,9,0,18,0,0,0,0,0,0,1,1,5,1,37,7,1794,1,12,8,3,8
2016420054601,2,9,0,18,0,0,0,0,0,0,2,1,6,2,34,6,2967,2,9,8,1,8
2016420054601,3,9,0,18,0,0,0,0,0,0,4,1,5,2,34,6,2143,2,2,7,1,7
2016420054601,4,9,0,18,0,0,0,0,0,0,2,1,5,1,61,9,-1,-1,-1,3,1,3
2016420054601,5,9,0,18,0,0,0,0,0,0,2,1,6,1,51,8,1991,1,1,3,1,3
2016420054601,6,9,0,18,0,0,0,0,0,0,2,1,6,2,66,10,1242,1,3,4,1,4
2016420054601,7,9,0,18,0,0,0,0,0,0,2,1,6,2,36,7,1896,2,17,10,1,10
2016420054609,1,9,0,18,0,0,0,0,0,0,4,1,6,1,-1,-1,-1,-1,-1,-1,-1,-1
2016420054609,2,1,0,18,0,0,0,0,0,0,0,1,4,1,14,3,-1,-1,-1,5,1,5
2016420054626,1,9,0,18,0,0,0,0,0,0,1,1,6,1,23,5,998,1,6,6,3,6
2016420054626,2,9,0,3,0,0,0,0,0,0,2,1,5,2,30,6,1197,1,5,10,2,10
2016420054663,1,8,0,18,0,0,0,0,7,0,1,1,2,2,58,9,1560,2,5,-1,-1,-1
2016420054665,1,9,0,18,0,0,0,0,0,0,1,1,5,1,17,4,1390,1,7,5,3,5
2016420054665,2,4,0,3,0,0,5,0,0,0,2,1,2,1,53,8,239,1,32,9,2,9
2016420054665,3,9,0,3,0,0,0,0,0,0,2,1,1,1,59,9,1591,1,-1,8,2,8
2016420054667,1,19,0,18,0,0,1,0,0,0,1,1,1,1,20,4,1461,2,4,6,3,6
2016420054667,2,9,0,18,0,0,0,0,1,0,2,1,1,1,30,6,1560,2,2,9,1,9
2016420054667,3,9,0,4,0,0,0,0,0,0,2,1,6,2,47,8,1618,1,3,8,1,8
2016420054668,1,9,0,9,6,1,0,0,0,0,3,1,6,1,32,6,1390,1,12,2,1,2
2016420054668,2,3,0,18,0,8,2,0,0,0,1,1,6,1,18,4,124,1,4,9,1,9
2016420054671,1,9,0,17,0,0,0,0,2,4,1,1,5,2,45,7,1598,1,12,9,1,9
2016420054674,1,1,0,18,0,8,0,0,0,0,3,1,5,1,55,8,-1,-1,-1,9,1,9
2016420054674,2,9,0,14,0,8,0,0,0,0,4,1,6,2,61,9,1596,1,5,8,1,8
2016420054677,1,9,0,12,0,8,1,0,2,0,3,1,6,2,21,5,1242,1,7,7,1,7
2016420054677,2,9,0,18,0,8,0,0,0,0,4,1,6,1,45,7,1997,2,5,9,3,9
2016420054678,1,9,0,4,0,2,0,0,0,0,2,1,5,1,49,8,1997,2,-1,-1,-1,-1
2016420054678,2,9,0,5,0,6,0,0,0,0,1,1,5,1,34,6,1390,1,12,4,1,4
2016420054681,1,9,0,18,0,0,0,0,0,0,1,1,6,1,33,6,1560,2,3,5,1,5
2016420054681,2,9,0,4,0,0,0,0,0,0,2,1,6,1,29,6,1799,1,10,4,3,4
2016420054687,1,9,0,18,0,2,0,0,0,0,1,1,5,2,48,8,1596,1,12,4,1,4
2016420054694,1,9,0,18,0,2,0,0,0,0,1,1,6,3,-1,-1,2976,1,13,-1,-1,-1
2016420054694,2,19,0,18,0,2,0,0,0,0,1,1,6,1,23,5,1753,2,12,1,1,1
2016420054694,3,9,0,18,0,1,0,0,0,0,1,1,6,2,71,10,1399,1,11,3,1,3
2016420054695,1,9,0,11,0,0,0,0,0,0,1,1,2,2,40,7,1686,2,7,6,1,6
2016420054695,2,17,4,18,0,0,0,0,0,0,2,1,1,1,76,11,6728,2,6,5,1,5
2016420054700,1,9,0,18,0,1,1,10,0,0,1,1,5,1,18,4,1895,1,17,-1,-1,-1
2016420054704,1,9,0,18,0,2,0,0,0,0,4,1,6,2,50,8,998,1,2,6,1,6
2016420054704,2,1,0,18,0,1,0,0,0,0,1,1,1,1,39,7,-1,-1,-1,5,1,5
2016420054705,1,19,0,18,0,0,1,0,0,0,1,1,5,1,39,7,2198,2,3,2,1,2
2016420054705,2,9,0,3,0,0,0,0,0,0,4,1,6,1,63,9,1999,1,7,8,1,8
2016420054705,3,9,0,3,0,0,0,0,0,0,2,1,5,2,23,5,1299,1,14,7,1,7
2016420054706,1,5,0,9,0,0,2,0,1,0,1,1,5,1,56,9,1170,1,8,9,1,9
2016420054707,1,20,0,12,0,3,0,0,0,0,3,1,1,1,58,9,-1,2,12,2,1,2
2016420054707,2,5,0,18,0,3,0,0,0,0,1,1,5,1,70,10,865,1,4,5,1,5
2016420054709,1,3,0,14,0,1,0,0,0,0,4,1,5,1,19,4,124,1,-1,9,1,9
2016420054709,2,9,0,18,0,1,0,0,0,0,4,1,6,3,-1,-1,-1,-1,-1,-1,-1,-1
2016420054711,1,9,0,18,0,0,0,0,0,0,4,1,6,1,54,8,1797,8,5,10,1,10
2016420054713,1,9,0,18,0,0,0,0,0,0,3,1,5,1,34,6,1598,1,8,3,1,3
2016420054713,2,9,0,4,0,0,0,0,0,0,0,1,5,1,18,4,1796,2,2,8,1,8
2016420054714,1,90,0,17,0,1,5,0,1,0,1,1,6,1,37,7,-1,-1,-1,6,1,6
2016420054715,1,5,0,5,0,6,0,0,0,0,1,1,5,1,71,10,999,1,4,6,1,6
2016420054716,1,9,0,18,0,0,0,0,0,0,1,1,5,1,61,9,1968,2,4,7,1,7
2016420054716,2,9,0,18,0,0,0,0,0,0,1,1,5,1,34,6,1997,1,12,5,3,5
2016420054719,1,9,0,16,0,0,5,0,7,0,1,1,2,1,19,4,1390,1,12,7,3,7
2016420054720,1,9,0,7,0,4,0,0,0,0,1,1,6,2,14,3,1124,1,15,-1,-1,-1
2016420054723,1,9,0,9,0,1,0,0,0,0,1,1,5,1,27,6,1598,1,12,3,2,3
2016420054913,1,21,0,18,0,0,0,0,0,0,1,1,2,1,28,6,-1,-1,-1,6,1,6
2016420054913,2,90,1,4,0,0,0,0,0,0,2,1,1,1,45,7,-1,-1,-1,8,1,8
2016420054913,3,98,0,11,0,0,0,0,0,0,0,1,6,3,-1,-1,-1,-1,-1,-1,-1,-1
2016420054984,1,5,0,13,0,1,0,0,0,0,1,1,5,1,23,5,660,1,10,6,1,6
2016420054984,2,9,0,9,0,1,0,0,0,0,3,1,5,1,22,5,2793,1,18,9,1,9
2016420055014,1,9,0,13,0,0,1,0,7,9,1,1,6,1,33,6,1596,1,12,5,2,5
2016420055014,2,9,0,17,0,0,0,0,0,0,3,1,5,2,25,5,1997,2,1,3,1,3
2016420055014,3,9,0,16,0,0,0,0,0,0,1,1,6,2,19,4,1199,1,3,6,3,6
2016420055037,1,9,0,4,0,0,1,0,0,0,1,1,5,2,52,8,1995,2,2,3,1,3
2016420055037,2,9,0,4,0,0,0,0,0,0,2,1,5,1,73,10,1995,2,5,10,1,10
2016420055040,1,9,0,4,0,0,0,0,0,0,3,1,2,2,24,5,1368,1,5,6,1,6
2016420055041,1,19,0,7,0,1,0,0,0,0,3,1,6,1,37,7,1998,2,14,2,1,2
2016420055041,2,1,0,18,0,1,2,0,0,0,1,1,2,1,56,9,-1,-1,-1,2,1,2
2016420055044,1,9,0,4,0,0,0,0,0,0,1,1,6,2,22,5,1149,1,8,3,1,3
2016420055044,2,9,0,4,0,0,0,0,0,0,2,1,5,2,20,4,1240,1,11,6,1,6
2016420055044,3,9,0,4,0,0,0,0,0,0,1,1,6,2,22,5,1360,1,14,6,1,6
2016420055045,1,9,0,5,0,6,0,0,0,0,1,1,5,1,84,11,1390,1,6,10,3,10
2016420055045,2,9,0,10,0,8,0,0,0,0,3,1,5,2,42,7,1497,1,14,8,1,8
2016420055052,1,9,0,7,0,8,0,0,0,0,4,1,6,2,59,9,1796,1,13,4,2,4
2016420055052,2,1,0,2,0,1,0,0,0,0,1,1,5,1,42,7,-1,-1,-1,8,2,8
2016420055136,1,9,0,3,0,0,0,0,0,0,1,1,6,1,50,8,1596,1,11,7,3,7
2016420055136,2,9,0,3,0,0,0,0,0,0,1,1,6,2,51,8,-1,-1,-1,3,1,3
2016420055155,1,21,1,12,0,0,0,0,0,0,1,2,1,1,26,6,-1,-1,-1,-1,-1,-1
2016420055155,2,9,0,18,0,0,0,0,0,0,2,1,5,1,42,7,1242,1,6,2,1,2
2016420055156,1,9,0,18,0,8,0,0,0,0,0,1,6,1,-1,-1,-1,-1,-1,-1,-1,-1
2016420055156,2,1,0,18,0,8,0,0,0,0,0,1,5,1,51,8,-1,-1,-1,4,1,4
2016420055269,1,19,0,5,0,2,0,0,0,0,1,1,6,3,20,4,2198,2,8,-1,-1,-1
2016420055269,2,9,0,18,0,1,0,0,0,0,1,1,6,2,42,7,1997,2,8,3,1,3
2016420055275,1,1,0,7,9,3,0,0,0,0,2,1,2,1,17,4,-1,-1,-1,2,1,2
2016420055275,2,9,0,18,0,3,0,0,0,0,1,1,6,3,-1,-1,-1,-1,-1,-1,-1,-1
2016420055335,1,9,0,18,0,1,0,0,0,0,1,1,6,2,-1,-1,1398,1,11,-1,-1,-1
2016420055335,2,9,0,3,0,1,0,0,0,0,2,1,5,1,27,6,1998,1,8,3,1,3
2016420055340,1,9,0,18,0,1,0,0,0,0,1,1,6,1,81,11,1242,1,-1,6,1,6
2016420055340,2,9,0,4,0,2,0,0,0,0,2,1,6,2,59,9,1968,2,11,-1,-1,-1
2016420055343,1,9,0,9,0,8,0,0,0,0,1,1,5,1,46,8,3000,2,22,7,1,7
2016420055343,2,9,0,18,0,8,5,0,0,0,4,1,6,2,66,10,1298,1,15,5,2,5
2016420055348,1,21,1,4,0,4,0,0,0,0,1,2,1,1,39,7,-1,-1,-1,-1,-1,-1
2016420055348,2,19,0,3,0,4,0,0,0,0,2,1,5,2,21,5,2198,2,4,10,1,10
2016420055380,1,9,0,18,0,0,0,0,0,0,1,1,5,2,34,6,1896,2,13,1,1,1
2016420055382,1,9,0,18,0,0,0,0,0,0,4,1,6,1,35,6,1598,1,10,2,1,2
2016420055383,1,9,0,8,5,6,1,0,0,0,4,1,2,1,37,7,1998,1,13,3,1,3
2016420055383,2,1,0,18,5,1,0,0,0,0,1,1,2,1,34,6,-1,-1,-1,-1,-1,-1
2016420055384,1,5,0,18,0,1,1,0,0,0,1,1,2,1,47,8,599,1,16,4,1,4
2016420055384,2,19,0,5,0,1,0,0,0,0,1,1,2,1,42,7,2151,2,15,4,1,4
2016420055385,1,9,0,18,0,0,0,0,0,0,4,1,6,2,39,7,1997,1,8,9,2,9
2016420055634,1,9,0,3,0,1,0,0,0,0,2,1,6,1,55,8,1299,1,16,3,1,3
2016420055634,2,9,0,18,0,1,0,0,0,0,1,1,6,1,26,6,1995,1,15,4,1,4
2016420055792,1,11,0,18,0,0,0,0,0,0,4,1,1,1,56,9,-1,2,13,8,1,8
2016420055801,1,9,0,5,0,0,0,0,0,0,1,1,5,1,25,5,1388,1,12,3,1,3
2016420055830,1,9,0,9,0,8,0,0,0,0,1,1,5,2,37,7,1598,1,9,5,1,5
2016420055830,2,9,0,18,0,8,0,0,0,0,3,1,5,2,26,6,1753,2,16,10,2,10
2016420055842,1,9,0,3,0,1,0,0,0,0,2,1,5,2,20,4,1124,1,8,4,1,4
2016420055842,2,9,0,4,0,8,0,0,0,0,1,1,5,1,25,5,-1,-1,-1,-1,-1,-1
2016420055860,1,5,0,4,0,3,0,0,0,0,1,1,5,1,59,9,750,1,1,6,1,6
2016420055860,2,9,0,4,0,3,0,0,0,0,2,1,2,1,23,5,1388,1,6,3,3,3
2016420055863,1,9,0,4,0,0,0,0,0,0,2,1,5,2,44,7,999,1,1,8,2,8
2016420055863,2,9,0,4,0,0,0,0,0,0,1,1,5,1,30,6,2976,1,14,7,1,7
2016420055864,1,19,0,18,0,0,0,0,0,0,1,1,2,1,59,9,1868,2,11,7,1,7
2016420055864,2,3,0,9,0,0,0,0,0,0,4,1,2,1,30,6,125,1,1,3,1,3
2016420055864,3,9,0,8,0,0,0,0,0,0,3,1,6,2,50,8,3192,1,9,8,1,8
2016420055866,1,9,0,3,0,4,0,0,0,0,1,1,5,1,27,6,2143,2,4,6,1,6
2016420055866,2,9,0,18,0,2,5,0,0,0,1,1,5,2,21,5,1242,1,7,4,1,4
2016420055867,1,9,0,17,0,0,0,10,1,0,4,1,5,2,66,10,1796,1,9,10,1,10
2016420055869,1,9,0,7,0,8,0,0,0,0,1,1,5,1,81,11,1390,1,2,6,3,6
2016420055869,2,21,1,18,0,8,0,0,0,0,1,1,1,1,45,7,12740,2,1,2,1,2
2016420055870,1,9,0,17,9,0,1,0,7,4,1,1,5,1,18,4,998,1,1,8,1,8
2016420055917,1,22,0,18,9,8,0,0,0,0,3,1,6,1,57,9,-1,-1,-1,4,1,4
2016420055917,2,9,0,7,9,8,0,0,0,0,1,1,6,2,-1,-1,-1,-1,-1,-1,-1,-1
2016420056008,1,20,0,13,0,0,0,0,0,0,1,1,1,1,40,7,-1,-1,-1,4,1,4
2016420056008,2,9,0,18,0,0,1,0,1,0,2,1,5,2,39,7,1997,2,8,1,1,1
2016420056032,1,9,0,4,0,1,0,0,0,0,1,1,2,2,30,6,1399,2,10,1,1,1
2016420056032,2,9,0,4,0,1,0,0,0,0,2,1,1,1,23,5,-1,-1,-1,5,1,5
2016420056032,3,9,0,4,0,1,0,0,0,0,2,1,2,2,26,6,1388,1,14,1,1,1
2016420056137,1,9,0,4,0,0,1,4,0,0,1,1,5,1,70,10,1749,1,15,1,1,1
2016420056137,2,9,0,2,0,0,0,0,0,0,2,1,6,3,-1,-1,-1,-1,-1,-1,-1,-1
2016420056200,1,21,1,18,0,0,0,0,0,0,0,1,1,1,55,8,-1,-1,-1,-1,-1,-1
2016420056200,2,9,0,18,0,0,0,0,0,0,1,1,6,2,35,6,1368,1,6,8,2,8
2016420056200,3,9,0,4,0,0,0,0,0,0,2,1,1,1,22,5,-1,-1,-1,1,1,1
2016420056200,4,9,0,4,0,0,0,0,0,0,0,1,5,2,49,8,1997,2,-1,-1,-1,-1
2016420056200,5,9,0,4,0,0,0,0,0,0,0,1,5,1,72,10,1910,2,6,8,3,8
2016420056200,6,9,0,4,0,0,0,0,0,0,2,1,1,2,52,8,1461,2,2,9,3,9
2016420056200,7,90,0,4,0,0,0,0,0,0,1,1,1,2,24,5,2198,2,2,7,1,7
2016420056211,1,9,0,5,0,0,0,0,0,0,3,1,6,1,71,10,1968,2,2,8,1,8
2016420056211,2,1,0,18,5,0,0,0,0,0,1,1,6,1,22,5,-1,-1,-1,6,1,6
2016420056231,1,9,0,18,0,0,0,0,0,0,1,1,5,2,18,4,1395,1,1,-1,-1,-1
2016420056231,2,9,0,7,0,0,0,0,1,11,2,1,5,2,55,8,1396,1,19,6,3,6
2016420056235,1,9,0,18,0,0,0,0,0,0,1,1,6,1,42,7,1686,2,5,1,1,1
2016420056235,2,21,1,18,0,0,0,0,0,0,2,1,1,1,34,6,12740,2,3,1,1,1
2016420056269,1,19,0,18,0,0,0,4,0,0,1,1,1,1,38,7,2488,2,10,-1,-1,-1
2016420056269,2,19,0,3,0,0,0,0,0,0,2,1,1,2,42,7,2198,2,6,5,3,5
2016420056466,1,9,0,18,0,1,0,0,0,0,1,1,6,2,26,6,1299,1,16,8,1,8
2016420056466,2,9,0,4,0,1,0,0,0,0,2,1,5,1,78,11,1242,1,18,6,1,6
2016420056472,1,9,0,18,0,0,0,0,0,0,1,1,6,1,18,4,998,1,-1,8,3,8
2016420056472,2,19,0,18,0,0,0,0,0,0,2,1,1,1,34,6,2143,2,2,6,1,6
2016420056495,1,21,1,9,0,8,0,0,0,0,1,1,1,1,58,9,12902,2,2,6,1,6
2016420056495,2,9,0,7,0,3,0,0,0,0,4,1,2,2,32,6,1598,1,9,2,1,2
2016420056566,1,9,0,18,0,0,0,0,0,0,4,1,5,1,70,10,1998,1,15,5,1,5
2016420056567,1,9,0,18,0,0,0,0,0,0,1,1,6,1,52,8,2993,2,11,9,1,9
2016420056570,1,9,0,18,0,4,0,0,0,0,1,1,5,1,53,8,1991,1,17,6,1,6
2016420056570,2,9,0,18,0,4,0,0,0,0,2,1,5,2,63,9,1329,1,6,6,1,6
2016420056572,1,9,0,3,0,0,0,0,0,0,2,1,6,2,46,8,1242,1,2,2,1,2
2016420056572,2,19,0,18,0,0,0,0,0,0,1,1,2,2,18,4,1248,2,10,9,1,9
2016420056573,1,9,0,18,0,0,0,7,1,0,1,1,6,2,26,6,1242,1,6,9,2,9
2016420056590,1,9,0,18,0,4,0,0,0,0,3,1,6,3,-1,-1,-1,-1,-1,-1,-1,-1
2016420056590,2,3,0,18,0,4,2,0,0,0,1,1,1,1,27,6,108,1,1,4,1,4
2016420056627,1,9,0,7,0,1,0,0,0,0,1,1,5,2,24,5,1399,2,8,6,2,6
2016420056627,2,9,0,18,0,8,0,0,0,0,3,1,5,1,75,10,1984,1,14,7,2,7
2016420056633,1,9,0,18,0,1,0,0,0,0,1,1,6,2,22,5,998,1,17,-1,-1,-1
2016420056633,2,9,0,4,0,1,0,0,0,0,2,1,5,2,27,6,1299,1,15,7,1,7
2016420056634,1,3,0,7,0,3,0,0,0,0,3,1,6,1,21,5,125,1,2,3,1,3
2016420056634,2,9,0,7,0,3,0,0,0,0,4,1,5,2,21,5,1598,1,10,3,1,3
2016420056636,1,3,0,4,0,1,2,0,0,0,1,1,5,1,22,5,-1,-1,-1,4,1,4
2016420056647,1,9,0,16,0,0,2,0,7,0,4,1,6,1,30,6,1199,1,15,3,1,3
2016420056648,1,9,0,18,0,2,0,7,0,0,1,1,5,1,54,8,1596,1,14,6,1,6