Accident_Index,Vehicle_Reference,Vehicle_Type,Towing_and_Articulation,Vehicle_Manoeuvre,Vehicle_Location-Restricted_Lane,Junction_Location,Skidding_and_Overturning,Hit_Object_in_Carriageway,Vehicle_Leaving_Carriageway,Hit_Object_off_Carriageway,1st_Point_of_Impact,Was_Vehicle_Left_Hand_Drive?,Journey_Purpose_of_Driver,Sex_of_Driver,Age_of_Driver,Age_Band_of_Driver,Engine_Capacity_(CC),Propulsion_Code,Age_of_Vehicle,Driver_IMD_Decile,Driver_Home_Area_Type,Vehicle_IMD_Decile
2016420056652,1,9,0,7,0,0,0,0,0,0,1,1,5,2,21,5,1299,1,15,10,1,10
2016420056652,2,9,0,9,0,0,0,0,0,0,1,1,5,1,74,10,1951,2,12,4,1,4
2016420056756,1,9,0,14,0,1,0,0,0,0,1,1,2,2,32,6,1995,2,5,7,3,7
2016420056756,2,3,0,5,0,1,0,0,0,0,3,1,2,1,23,5,124,1,3,7,3,7
2016420056827,1,9,0,4,0,1,0,0,0,0,1,1,6,1,29,6,1598,1,12,4,1,4
2016420056827,2,9,0,3,0,4,0,0,0,0,2,1,6,2,29,6,1242,1,7,2,1,2
2016420056906,1,21,1,18,0,1,1,0,0,0,1,1,1,1,47,8,10837,2,8,2,1,2
2016420056906,2,9,0,3,0,1,0,0,0,0,2,1,6,2,31,6,1399,2,8,3,1,3
2016420056906,3,90,0,3,0,5,0,0,0,0,0,1,1,1,47,8,2987,2,2,6,1,6
2016420056951,1,9,0,5,0,0,0,0,0,0,1,1,6,2,-1,-1,-1,-1,-1,-1,-1,-1
2016420056951,2,9,0,3,0,0,0,0,0,0,4,1,2,1,60,9,-1,-1,-1,5,1,5
2016420057031,1,9,0,18,0,0,0,0,0,0,3,1,5,1,38,7,1399,2,5,3,1,3
2016420057031,2,1,0,18,0,0,0,0,0,0,1,1,5,1,39,7,-1,-1,-1,7,1,7
2016420057031,3,1,0,18,0,0,0,0,0,0,1,1,5,1,44,7,-1,-1,-1,10,1,10
2016420057031,4,1,0,18,0,0,1,0,1,11,1,1,5,1,50,8,-1,-1,-1,6,1,6
2016420057035,1,9,0,18,0,0,1,0,0,0,1,1,2,1,59,9,-1,-1,-1,1,1,1
2016420057035,2,9,0,18,0,0,1,0,0,0,1,1,2,1,60,9,-1,-1,-1,3,1,3
2016420057035,3,9,0,18,0,0,1,0,0,0,2,1,5,2,24,5,898,1,-1,1,1,1
2016420057035,4,9,0,18,0,0,1,0,0,0,2,1,5,2,25,5,1248,2,8,7,1,7
2016420057035,5,9,0,18,0,0,1,0,0,0,2,1,5,1,43,7,1783,1,14,5,1,5
2016420057035,6,9,0,18,0,0,1,0,0,0,2,1,5,1,57,9,1598,1,16,1,1,1
2016420057065,1,9,0,18,0,0,0,0,1,0,1,1,6,1,22,5,2143,2,1,2,1,2
2016420057065,2,9,0,18,0,0,0,0,1,0,1,2,6,1,48,8,1149,1,3,2,1,2
2016420057198,1,9,0,9,0,8,0,0,0,0,1,1,2,1,29,6,1242,1,11,2,1,2
2016420057198,2,5,0,14,0,1,5,0,0,0,4,1,6,1,65,9,1171,1,18,3,1,3
2016420057201,1,9,0,18,0,0,0,0,0,0,1,1,6,1,80,11,1998,1,11,5,1,5
2016420057201,2,9,0,18,0,0,0,0,0,0,2,1,6,1,20,4,1598,1,8,2,1,2
2016420057201,3,9,0,18,0,0,0,0,0,0,2,1,6,1,48,8,1968,2,3,4,2,4
2016420057201,4,9,0,18,0,0,0,0,0,0,2,1,6,2,40,7,1968,2,8,10,1,10
2016420057201,5,9,0,18,0,0,0,0,0,0,2,1,1,1,43,7,1968,2,-1,2,1,2
2016420057213,1,1,0,18,0,0,0,0,0,0,4,1,5,1,11,3,-1,-1,-1,-1,-1,-1
2016420057213,2,9,0,18,0,0,0,0,0,0,3,1,5,2,76,11,1242,1,10,8,3,8
2016420057382,1,9,0,1,9,0,0,0,0,0,2,1,5,1,25,5,1995,2,5,-1,-1,-1
2016420057382,2,9,0,18,0,0,0,0,0,0,0,1,6,3,-1,-1,-1,-1,-1,-1,-1,-1
2016420057432,1,9,0,5,0,8,0,0,0,0,4,1,6,1,41,7,1995,1,10,9,1,9
2016420057462,1,9,0,9,0,5,0,0,0,0,1,1,5,2,41,7,1596,1,12,4,1,4
2016420057462,2,22,0,18,0,6,0,0,0,0,3,1,5,2,77,11,-1,-1,-1,5,1,5
2016420057469,1,9,0,4,0,0,0,0,0,0,2,1,5,1,34,6,1390,1,4,6,1,6
2016420057469,2,9,0,4,0,0,0,0,0,0,1,1,5,1,30,6,1796,1,9,-1,-1,-1
2016420057480,1,9,0,18,0,0,0,0,0,0,1,1,6,3,-1,-1,-1,-1,-1,-1,-1,-1
2016420057480,2,9,0,18,0,0,0,0,4,6,2,1,2,2,25,5,1587,1,11,3,1,3
2016420057480,3,9,0,18,0,0,5,0,1,0,3,1,5,2,38,7,1397,1,5,9,1,9
2016420057481,1,9,0,18,0,0,0,0,1,0,1,1,6,1,19,4,998,1,3,4,1,4
2016420057481,2,9,0,18,0,0,0,0,1,0,1,1,6,1,50,8,1242,1,5,8,1,8
2016420057482,1,9,0,18,0,3,0,0,0,0,3,1,5,2,38,7,2401,2,10,5,3,5
2016420057482,2,9,0,5,0,4,0,0,0,0,4,1,5,2,56,9,1999,2,-1,9,1,9
2016420057483,1,9,0,9,0,6,0,0,0,0,3,1,5,1,26,6,1299,1,15,8,2,8
2016420057483,2,9,0,18,0,1,0,0,0,0,1,1,2,2,32,6,1597,1,19,5,3,5
2016420057712,1,9,0,7,0,7,0,0,0,0,1,1,6,2,-1,-1,-1,-1,-1,-1,-1,-1
2016420057712,2,1,0,18,0,8,0,0,0,0,4,1,6,1,29,6,-1,-1,-1,10,1,10
2016420057742,1,9,0,18,0,8,0,0,3,10,1,1,2,1,50,8,1749,1,14,9,1,9
2016420057742,2,9,0,3,0,8,0,0,0,0,4,1,2,1,54,8,1598,1,15,2,1,2
2016420057805,1,21,0,18,0,0,2,0,2,9,1,1,1,1,65,9,8970,2,18,1,1,1
2016420057805,2,9,0,18,0,0,0,0,0,0,1,1,3,2,41,7,1968,2,1,7,2,7
2016420057820,1,3,0,18,0,0,0,0,4,7,1,1,5,1,17,4,-1,-1,-1,7,1,7
2016420057820,2,9,0,7,0,0,0,0,0,0,0,1,6,2,30,6,1596,1,13,1,1,1
2016420057836,1,9,0,10,0,5,0,0,0,0,1,1,5,2,21,5,1461,2,6,6,3,6
2016420057836,2,9,0,18,0,8,0,0,0,0,1,1,5,2,63,9,1296,1,8,5,1,5
2016420057846,1,9,0,7,0,8,0,0,0,0,1,1,5,2,80,11,1198,1,4,5,1,5
2016420057846,2,9,0,4,0,4,0,0,0,0,1,1,5,1,21,5,-1,-1,-1,6,3,6
2016420057858,1,19,0,4,0,0,0,0,0,0,1,1,1,1,26,6,1248,2,8,4,3,4
2016420057858,2,9,0,3,0,0,0,0,0,0,2,1,1,1,32,6,1995,2,2,8,2,8
2016420057858,3,19,0,3,0,0,0,0,0,0,2,1,1,1,27,6,2198,2,3,6,1,6
2016420057858,4,9,0,3,0,0,0,0,0,0,2,1,1,2,51,8,1968,2,12,7,1,7
2016420057890,1,9,0,18,0,0,0,0,0,0,3,1,5,1,80,11,3222,2,13,6,1,6
2016420057894,1,9,0,4,0,0,0,0,0,0,1,1,1,1,23,5,1560,2,4,-1,-1,-1
2016420057894,2,19,0,4,0,0,0,0,0,0,2,1,1,1,53,8,2287,2,1,4,1,4
2016420057903,1,9,0,2,6,0,0,0,0,0,4,1,5,1,75,10,1595,1,11,8,1,8
2016420057905,1,9,0,5,9,0,0,0,0,0,1,1,5,2,19,4,999,1,-1,4,1,4
2016420057906,1,9,0,18,0,0,0,0,0,0,1,1,6,1,20,4,1388,1,13,8,2,8
2016420057906,2,9,0,18,0,0,0,0,0,0,1,1,2,2,48,8,998,1,2,10,1,10
2016420057907,1,1,0,16,0,6,0,0,0,0,4,1,5,1,11,3,-1,-1,-1,3,1,3
2016420057907,2,9,0,16,0,8,0,0,0,0,4,1,6,2,34,6,1396,2,1,9,1,9
2016420057908,1,5,0,7,0,3,0,0,1,0,1,1,6,1,29,6,645,1,15,7,1,7
2016420057908,2,9,0,18,0,8,0,0,0,0,3,1,6,1,28,6,1996,1,15,5,1,5
2016420057909,1,9,0,18,0,0,2,0,1,4,1,1,6,1,44,7,1560,2,8,3,1,3
2016420057910,1,2,0,18,0,2,1,0,0,0,1,1,5,2,16,4,49,1,1,9,3,9
2016420057910,2,9,0,18,0,1,0,0,0,0,1,1,5,1,42,7,1598,1,14,1,1,1
2016420057997,1,22,0,18,9,1,0,0,0,0,1,1,6,1,61,9,-1,-1,-1,-1,-1,-1
2016420058241,1,9,0,5,0,4,0,0,0,0,1,1,2,2,23,5,1229,1,2,6,1,6
2016420058241,2,1,0,18,0,8,0,0,0,0,4,1,5,1,43,7,-1,-1,-1,9,1,9
2016420058307,1,9,0,18,0,0,0,0,0,0,1,1,5,1,28,6,1596,1,14,6,1,6
2016420058307,2,90,1,18,0,0,0,0,0,0,2,1,1,1,50,8,-1,-1,-1,3,1,3
2016420058311,1,9,0,18,0,4,0,0,0,0,1,1,6,3,-1,-1,-1,-1,-1,-1,-1,-1
2016420058311,2,1,0,18,0,8,0,0,0,0,3,1,2,1,33,6,-1,-1,-1,1,1,1
2016420058313,1,3,0,5,0,1,1,10,0,0,4,1,5,1,28,6,125,1,15,1,1,1
2016420058313,2,9,0,9,0,2,0,0,0,0,0,1,6,3,-1,-1,-1,-1,-1,-1,-1,-1
2016420058340,1,3,0,18,0,0,1,12,0,0,1,1,1,1,47,8,125,1,4,2,1,2
2016420058445,1,9,0,17,0,0,5,0,1,4,3,1,3,2,39,7,1598,1,14,6,3,6
2016420058538,1,9,0,1,0,0,0,0,0,0,2,1,6,1,30,6,-1,-1,-1,4,1,4
2016420058538,2,9,0,4,0,0,0,0,0,0,1,1,1,1,49,8,1968,2,3,8,1,8
2016420058572,1,3,0,7,0,1,0,0,0,0,3,1,5,1,20,4,124,1,-1,2,3,2
2016420058572,2,9,0,9,0,6,0,0,0,0,3,1,6,1,72,10,1686,2,7,5,1,5
2016420058628,1,9,0,12,0,1,0,0,0,0,3,1,5,2,21,5,1598,2,4,9,1,9
2016420058628,2,90,0,18,0,1,0,0,0,0,4,1,1,1,19,4,-1,-1,-1,-1,-1,-1
2016420058679,1,9,0,18,0,0,0,0,0,0,1,1,6,3,-1,-1,1997,2,6,-1,-1,-1
2016420058679,2,9,0,3,0,0,0,0,0,0,2,1,6,1,27,6,1997,1,15,2,1,2
2016420058680,1,9,0,18,0,0,0,0,0,0,1,1,6,2,29,6,1242,1,11,8,3,8
2016420058680,2,9,0,4,0,0,0,0,0,0,2,1,6,2,44,7,2184,2,9,-1,-1,-1
2016420058681,1,3,0,18,0,0,0,0,0,0,1,1,6,2,20,4,124,1,8,4,1,4
2016420058682,1,9,0,16,0,0,0,0,0,0,0,1,6,3,17,4,-1,-1,-1,-1,-1,-1
2016420058682,2,9,0,17,0,0,0,0,1,4,1,1,5,1,20,4,-1,-1,-1,9,1,9
2016420058685,1,19,0,18,0,1,2,7,1,0,1,1,6,1,36,7,2198,2,8,1,1,1
2016420058697,1,11,0,18,0,1,0,0,0,0,4,1,1,1,64,9,4461,2,3,3,1,3
2016420058707,1,9,0,9,0,8,0,0,0,0,4,1,1,2,46,8,875,1,5,1,1,1
2016420058707,2,9,0,18,0,8,0,0,0,0,1,1,5,1,43,7,1975,1,11,1,1,1
2016420058734,1,9,0,18,0,1,0,0,0,0,1,1,6,1,27,6,1968,2,6,2,1,2
2016420058734,2,9,0,4,0,1,0,0,0,0,2,1,1,2,50,8,1396,1,20,4,1,4
2016420058735,1,9,0,18,0,0,0,0,0,0,4,1,5,1,41,7,1995,2,1,5,1,5
2016420058746,1,9,0,18,0,0,1,0,7,4,4,1,5,1,45,7,1596,1,12,3,1,3
2016420058747,1,9,0,4,0,0,0,0,0,0,1,1,5,1,60,9,2995,1,13,8,3,8
2016420058748,1,21,1,18,0,0,0,0,0,0,1,1,1,1,66,10,12900,2,5,4,1,4
2016420058748,2,9,0,18,0,0,0,0,1,11,2,1,6,2,27,6,1995,1,5,6,1,6
2016420058748,3,9,0,18,0,0,0,0,0,0,2,1,6,1,51,8,1598,2,-1,4,1,4
2016420058750,1,9,0,18,0,0,1,0,0,0,1,1,6,1,19,4,1388,1,12,3,1,3
2016420058750,2,9,0,3,0,0,0,0,0,0,2,1,6,1,50,8,1596,1,3,5,1,5
2016420058753,1,9,0,18,0,0,0,0,7,10,1,1,6,1,27,6,2324,1,14,2,1,2
2016420058753,2,9,0,2,9,0,0,0,0,0,2,1,6,3,-1,-1,-1,-1,-1,-1,-1,-1
2016420058755,1,5,0,13,0,0,0,0,4,0,3,1,5,1,30,6,599,1,13,7,2,7
2016420058755,2,19,0,12,0,0,0,0,0,0,3,1,6,1,58,9,2198,2,9,2,1,2
2016420058757,1,9,0,18,0,0,0,0,0,0,3,1,5,2,45,7,1997,1,12,5,1,5
2016420058757,2,9,0,18,0,0,0,0,0,0,4,1,5,1,50,8,1997,2,7,2,1,2
2016420058758,1,9,0,18,0,0,2,10,1,0,1,1,5,1,34,6,1998,1,27,9,1,9
2016420058760,1,5,0,18,0,8,0,0,0,0,4,1,5,1,53,8,1043,1,1,7,1,7
2016420058762,1,9,0,9,0,8,0,0,0,0,1,1,1,2,57,9,999,1,2,10,1,10
2016420058762,2,9,0,18,0,8,1,0,0,0,1,1,1,2,43,7,1988,1,14,6,1,6
2016420058763,1,9,0,9,0,8,0,0,0,0,1,1,5,2,44,7,998,1,11,3,1,3
2016420058763,2,5,0,18,0,1,0,0,0,0,3,1,5,1,50,8,1450,1,12,8,1,8
2016420058769,1,9,0,4,0,0,1,0,0,0,1,1,5,1,45,7,2997,2,23,5,1,5
2016420058769,2,9,0,4,0,0,0,0,0,0,2,1,5,1,67,10,1796,1,13,6,1,6
2016420058772,1,9,0,4,0,0,0,0,0,0,1,1,5,2,23,5,998,1,17,10,2,10
2016420058772,2,9,0,4,0,0,0,0,0,0,2,1,5,1,52,8,2993,2,3,5,1,5
2016420058781,1,9,0,18,9,2,0,0,3,11,1,1,5,1,26,6,-1,-1,-1,8,2,8
2016420058977,1,19,0,4,0,8,0,0,0,0,2,1,1,1,40,7,2143,2,3,-1,-1,-1
2016420058977,2,19,0,3,0,8,0,0,0,0,1,1,2,1,36,7,1995,2,3,3,1,3
2016420059001,1,21,0,11,0,0,0,0,0,0,4,1,1,1,41,7,7698,2,2,-1,-1,-1
2016420059001,2,9,0,18,0,0,1,0,0,0,3,1,5,1,31,6,1896,2,10,7,1,7
2016420059001,3,9,0,18,0,0,1,0,0,0,3,1,6,2,84,11,1796,1,8,-1,-1,-1
2016420059001,4,9,0,18,0,0,0,0,0,0,3,1,6,2,32,6,1388,1,4,4,1,4
2016420059033,1,21,1,11,0,0,0,0,0,0,4,1,1,1,24,5,14190,2,17,8,3,8
2016420059033,2,9,0,18,0,0,0,0,0,0,3,1,5,2,34,6,1248,2,3,5,1,5
2016420059046,1,9,0,7,0,6,0,0,0,0,1,1,6,1,48,8,1984,1,14,3,1,3
2016420059046,2,1,0,18,0,8,0,0,0,0,4,1,3,2,24,5,-1,-1,-1,4,1,4
2016420059099,1,9,0,18,0,8,0,0,0,0,1,1,6,3,-1,-1,-1,-1,-1,-1,-1,-1
2016420059256,1,9,0,18,0,0,0,0,1,4,1,1,5,1,22,5,1596,1,8,7,2,7
2016420059314,1,9,0,2,0,0,0,0,0,0,3,1,6,1,27,6,998,1,10,8,3,8
2016420059314,2,98,0,18,0,0,0,0,0,0,4,1,6,3,-1,-1,-1,-1,-1,-1,-1,-1
2016420059322,1,9,0,18,0,0,0,0,7,4,1,1,2,2,59,9,1997,1,5,9,1,9
2016420059378,1,9,0,18,0,8,0,0,0,0,1,1,6,1,76,11,1797,8,5,9,1,9
2016420059378,2,1,0,18,0,8,2,0,0,0,2,1,2,1,35,6,-1,-1,-1,-1,-1,-1
2016420059385,1,9,0,18,0,1,0,0,0,0,1,1,6,1,27,6,2494,2,8,6,1,6
2016420059385,2,9,0,3,0,1,0,0,0,0,2,1,6,1,22,5,1388,1,13,7,1,7
2016420059391,1,3,0,18,0,1,0,10,0,0,0,1,5,1,18,4,124,1,-1,5,1,5
2016420059421,1,21,1,17,0,8,5,0,1,1,4,1,1,1,39,7,12902,2,3,6,1,6
2016420059422,1,10,0,7,0,4,0,0,0,0,1,1,1,1,45,7,-1,-1,-1,2,1,2
2016420059422,2,1,0,18,0,3,0,0,0,0,1,1,2,2,50,8,-1,-1,-1,4,1,4
2016420059436,1,9,0,18,0,0,0,0,0,0,3,1,6,1,16,4,1596,1,9,-1,-1,-1
2016420059436,2,9,0,18,0,0,0,0,0,0,3,1,5,2,51,8,1197,1,1,7,1,7
2016420059441,1,9,0,9,0,8,5,0,0,0,4,1,6,2,22,5,1461,2,9,2,1,2
2016420059441,2,9,0,18,0,8,0,0,0,0,1,1,5,2,56,9,2143,2,-1,6,2,6
2016420059488,1,9,0,9,0,8,0,0,0,0,3,1,5,2,25,5,1149,1,11,3,1,3
2016420059488,2,3,0,18,0,1,1,0,0,0,1,1,2,1,33,6,124,1,1,5,1,5
2016420059491,1,9,0,7,0,6,0,0,0,0,3,1,5,1,82,11,1753,2,16,7,1,7
2016420059491,2,19,0,18,0,1,0,0,0,0,1,1,1,1,31,6,1598,2,1,8,1,8
2016420059493,1,9,0,18,0,0,0,0,0,0,1,1,6,1,22,5,1783,1,15,-1,3,-1
2016420059493,2,9,0,18,0,0,0,0,0,0,2,1,6,1,34,6,1968,2,8,2,1,2
2016420059493,3,21,1,18,0,0,0,0,0,0,2,1,1,1,59,9,12777,2,3,3,1,3
2016420059495,1,9,5,2,0,0,0,0,0,0,0,1,1,1,22,5,-1,-1,-1,8,1,8
2016420059495,2,9,0,1,0,0,0,0,0,0,3,1,5,2,42,7,1124,1,14,3,1,3
2016420059495,3,9,0,2,0,0,0,0,0,0,3,1,6,3,-1,-1,-1,-1,-1,-1,-1,-1
2016420059501,1,4,0,17,0,8,1,0,1,11,1,1,5,1,19,4,398,1,23,8,1,8
2016420059501,2,19,0,9,0,8,0,0,0,0,4,1,1,1,46,8,2143,2,4,1,1,1
2016420059504,1,9,0,16,0,0,0,0,8,0,1,1,5,1,73,10,998,1,1,5,1,5
2016420059511,1,9,0,9,0,8,0,0,0,0,1,1,5,2,51,8,1591,1,2,7,3,7
2016420059511,2,9,0,18,0,8,0,0,0,0,1,1,5,1,57,9,1596,1,-1,9,2,9
2016420059511,3,9,0,10,0,1,0,0,0,0,3,1,5,2,69,10,1997,1,7,8,1,8
2016420059513,1,3,0,18,0,0,2,0,0,0,3,1,5,2,55,8,49,1,-1,3,1,3
2016420059682,1,9,0,4,0,4,0,0,0,0,1,1,6,1,25,5,1968,2,9,4,1,4
2016420059682,2,9,0,3,0,4,0,0,0,0,2,1,6,2,22,5,2000,2,10,2,1,2
2016420059682,3,9,0,-1,-1,-1,0,-1,-1,0,-1,1,6,2,21,5,1596,1,13,2,1,2
2016420059817,1,9,0,5,0,4,0,0,0,0,1,1,5,1,45,7,1796,1,21,4,1,4
2016420059817,2,19,0,3,0,1,0,0,0,0,2,1,1,1,22,5,2198,2,2,9,1,9
2016420059825,1,9,0,18,0,0,0,0,0,0,4,1,2,1,39,7,1461,2,3,3,1,3
2016420059850,1,21,1,18,0,0,0,0,0,0,1,1,1,1,-1,-1,11705,2,8,-1,-1,-1
2016420059850,2,9,0,18,0,0,0,0,0,0,2,1,6,1,50,8,1596,1,5,5,1,5
2016420059896,1,9,0,9,0,0,0,0,0,0,1,1,5,1,59,9,1396,1,6,3,1,3
2016420059896,2,9,0,16,0,0,0,0,0,0,1,1,5,2,39,7,2400,2,2,9,3,9
2016420060037,1,9,0,5,0,1,0,0,0,0,1,1,5,2,42,7,1598,1,-1,7,1,7
2016420060037,2,9,0,3,0,2,0,0,0,0,2,1,6,2,49,8,799,2,6,6,1,6
2016420060038,1,2,0,18,0,0,5,0,0,0,4,1,5,1,24,5,49,1,22,7,3,7
2016420060039,1,9,0,17,0,0,0,0,0,0,1,1,6,1,24,5,1598,1,15,7,2,7
2016420060039,2,9,0,16,0,0,0,0,0,0,1,1,6,1,78,11,1686,2,13,9,3,9
2016420060040,1,9,0,17,0,0,0,0,0,0,1,1,5,1,18,4,998,1,4,6,1,6
2016420060040,2,9,0,18,0,0,0,0,0,0,1,1,6,1,31,6,1242,1,16,7,1,7
2016420060041,1,9,0,1,9,0,0,0,3,10,3,1,5,2,81,11,1339,1,6,9,1,9
2016420060043,1,9,0,13,0,0,0,0,0,0,4,1,6,1,48,8,2993,2,-1,6,2,6
2016420060043,2,1,0,18,0,0,0,0,1,0,2,1,6,1,23,5,-1,-1,-1,6,3,6
2016420060045,1,9,0,16,0,1,0,0,0,0,3,1,5,2,74,10,1596,1,-1,6,1,6
2016420060045,2,1,0,5,0,6,0,0,0,0,1,1,5,1,21,5,-1,-1,-1,-1,-1,-1
2016420060097,1,9,0,18,0,0,0,0,0,0,3,1,6,1,-1,-1,-1,-1,-1,-1,-1,-1
2016420060097,2,9,0,18,0,0,0,0,0,0,3,1,6,2,55,8,1753,2,9,8,1,8
2016420060251,1,22,0,18,9,0,0,0,0,0,4,1,6,2,-1,-1,-1,3,3,10,1,10
2016420060251,2,9,0,1,9,0,0,0,0,0,2,1,6,2,70,10,-1,-1,-1,3,3,3
2016420060377,1,9,0,1,0,0,0,0,0,0,2,1,6,2,37,7,1995,2,7,9,2,9
2016420060395,1,5,0,18,0,0,2,0,0,0,1,1,2,1,39,7,999,1,5,6,1,6
2016420060395,2,9,0,18,0,0,0,0,0,0,0,1,2,2,28,6,1397,1,7,1,1,1
2016420060419,1,9,0,16,0,1,0,0,0,0,1,1,6,1,36,7,1596,1,12,-1,-1,-1
2016420060419,2,19,0,18,0,2,0,0,0,0,1,1,5,1,33,6,2198,2,3,3,1,3
2016420060419,3,9,0,18,0,1,0,0,0,0,0,1,1,1,37,7,2993,2,2,8,1,8
2016420060542,1,9,0,12,0,0,0,0,1,4,3,1,5,2,69,10,1798,1,2,7,1,7
2016420060542,2,21,1,18,0,0,0,0,0,0,4,1,1,1,55,8,12900,2,5,9,1,9
2016420060545,1,9,0,10,0,1,0,0,0,0,3,1,5,2,36,7,1998,1,12,3,1,3
2016420060545,2,9,0,4,0,1,0,0,0,0,1,1,5,2,20,4,1229,1,1,2,1,2
2016420060547,1,9,0,3,0,0,0,0,0,0,4,1,2,1,52,8,1149,1,15,8,2,8
2016420060547,2,1,0,18,0,0,0,0,0,0,2,1,5,1,23,5,-1,-1,-1,8,1,8
2016420060548,1,9,0,18,0,1,0,0,0,0,1,1,5,2,35,6,1968,2,-1,8,1,8
2016420060548,2,1,0,18,9,6,0,0,0,0,4,1,5,2,7,2,-1,-1,-1,-1,-1,-1
2016420060550,1,9,0,18,0,0,0,0,0,0,4,1,5,1,59,9,1596,1,4,7,1,7
2016420060550,2,1,0,18,9,0,5,0,0,0,1,1,5,1,18,4,-1,-1,-1,7,1,7
2016420060552,1,9,0,16,0,0,2,0,1,0,4,1,5,1,17,4,1360,1,15,10,2,10
2016420060553,1,9,0,9,0,1,0,0,0,0,4,1,5,2,45,7,2400,2,5,8,2,8
2016420060553,2,9,0,18,0,1,0,0,0,0,1,1,1,1,63,9,1242,1,13,6,3,6
2016420060553,3,9,0,10,0,1,0,0,0,0,1,1,6,2,51,8,998,1,4,9,2,9
2016420060592,1,9,0,18,0,0,0,0,0,0,1,1,6,2,43,7,1596,1,1,2,1,2
2016420060592,2,9,0,18,0,0,0,0,0,0,1,1,6,3,-1,-1,1796,1,12,-1,-1,-1
2016420060719,1,9,0,18,0,0,0,0,0,0,4,1,6,2,75,10,2179,2,2,8,1,8
2016420060877,1,9,0,4,0,0,0,0,0,0,1,1,2,1,19,4,1197,1,1,3,1,3
2016420060877,2,9,0,4,0,0,0,0,0,0,2,1,5,2,22,5,1299,1,14,9,1,9
2016420060877,3,9,0,3,0,0,0,0,0,0,2,1,2,1,20,4,1968,2,5,9,1,9
2016420060878,1,20,4,4,0,0,1,0,0,0,1,1,1,1,36,7,9364,2,13,2,1,2
2016420060878,2,9,0,4,0,0,0,0,1,0,2,1,5,2,25,5,1386,1,10,5,1,5
2016420060878,3,20,5,18,0,0,0,0,0,0,1,1,1,1,33,6,9200,2,10,10,1,10
2016420060878,4,20,5,18,0,0,0,0,0,0,1,1,1,1,48,8,12777,2,2,3,1,3
2016420060878,5,19,0,18,0,0,0,0,0,0,2,1,1,1,35,6,2298,2,-1,8,1,8
2016420060878,6,9,0,4,0,0,0,0,0,0,1,1,2,1,63,9,-1,-1,-1,3,2,3
2016420060880,1,9,0,17,0,0,5,0,1,0,3,1,5,2,21,5,1399,2,13,6,3,6
2016420060882,1,9,0,18,0,0,0,0,0,0,1,1,6,1,60,9,-1,-1,-1,-1,-1,-1
2016420060884,1,9,0,18,0,0,0,0,0,0,1,1,5,1,80,11,1242,1,7,2,1,2
2016420060887,1,9,0,18,0,4,1,10,0,0,1,1,6,2,36,7,1956,2,4,-1,-1,-1
2016420060893,1,9,0,18,0,3,2,10,1,0,4,1,6,1,21,5,1149,1,18,4,1,4
2016420060894,1,9,0,18,0,0,0,0,1,0,1,1,2,2,56,9,2496,2,12,3,1,3
2016420060894,2,98,4,2,6,0,0,0,0,0,2,1,6,3,-1,-1,-1,-1,-1,-1,-1,-1
2016420060907,1,9,0,18,0,0,1,0,0,0,1,1,6,3,-1,-1,-1,-1,-1,-1,-1,-1
2016420060907,2,9,0,4,0,0,0,0,0,0,2,1,5,1,61,9,2997,1,9,10,2,10
2016420060914,1,9,0,3,0,1,0,0,0,0,2,1,6,1,53,8,1596,1,2,4,1,4
2016420060914,2,9,0,18,0,1,0,0,0,0,1,1,6,1,18,4,1496,1,1,9,1,9
2016420060917,1,9,0,18,0,0,0,0,0,0,1,1,5,1,36,7,1389,1,14,4,1,4
2016420060918,1,9,0,5,0,4,0,0,0,0,0,1,5,2,50,8,998,1,12,4,1,4
2016420060918,2,9,0,18,0,8,1,0,0,0,2,1,5,1,41,7,1461,2,1,3,1,3
2016420060918,3,9,0,18,0,8,0,0,0,0,1,1,5,1,46,8,1679,1,15,6,1,6
2016420060920,1,9,0,18,0,0,0,0,0,0,1,1,5,2,18,4,998,1,16,8,1,8
2016420060921,1,9,0,18,0,0,0,0,0,0,1,1,5,1,34,6,1496,2,-1,6,1,6
2016420060921,2,9,0,18,0,0,0,0,0,0,2,1,6,1,22,5,1596,1,11,8,1,8
2016420060921,3,9,0,18,0,0,0,0,0,0,2,1,6,2,29,6,1997,2,2,6,1,6
2016420060923,1,9,0,18,0,1,0,0,0,0,1,1,2,1,29,6,1796,1,16,5,1,5
2016420060923,2,9,0,10,0,1,0,0,0,0,2,1,5,2,52,8,998,1,1,5,1,5
2016420060924,1,9,0,3,0,2,0,0,0,0,1,1,5,2,55,8,1599,1,12,5,2,5
2016420060924,2,9,0,10,0,1,0,0,0,0,2,1,5,1,47,8,1896,2,12,2,1,2
2016420060928,1,9,0,5,0,1,0,0,0,0,1,1,5,2,89,11,1389,1,18,9,2,9
2016420060928,2,9,0,16,0,1,0,0,7,10,1,1,5,2,56,9,1560,2,4,-1,-1,-1
2016420060931,1,5,0,17,0,0,2,0,1,0,1,1,6,1,36,7,999,1,7,10,1,10
2016420060932,1,11,0,18,0,8,0,0,0,0,1,1,1,1,42,7,4461,2,2,4,1,4