Accident_Index,Vehicle_Reference,Vehicle_Type,Towing_and_Articulation,Vehicle_Manoeuvre,Vehicle_Location-Restricted_Lane,Junction_Location,Skidding_and_Overturning,Hit_Object_in_Carriageway,Vehicle_Leaving_Carriageway,Hit_Object_off_Carriageway,1st_Point_of_Impact,Was_Vehicle_Left_Hand_Drive?,Journey_Purpose_of_Driver,Sex_of_Driver,Age_of_Driver,Age_Band_of_Driver,Engine_Capacity_(CC),Propulsion_Code,Age_of_Vehicle,Driver_IMD_Decile,Driver_Home_Area_Type,Vehicle_IMD_Decile
2016420060935,1,9,0,17,0,0,0,0,0,0,3,1,6,2,29,6,-1,-1,-1,-1,-1,-1
2016420060935,2,9,0,17,0,0,0,0,1,0,1,1,6,1,38,7,1598,1,16,-1,-1,-1
2016420060936,1,9,0,14,0,0,0,0,0,0,1,1,5,1,23,5,1998,2,10,3,1,3
2016420060936,2,9,0,17,0,0,0,0,0,0,1,1,5,1,31,6,1199,1,13,3,1,3
2016420060938,1,9,0,18,0,0,0,0,7,11,1,1,6,2,47,8,1560,2,-1,1,1,1
2016420061222,1,9,0,18,0,0,1,4,0,0,1,1,5,1,20,4,1043,1,24,9,1,9
2016420061222,2,9,0,2,0,0,0,0,0,0,2,1,5,2,43,7,2184,2,12,3,1,3
2016420061283,1,9,0,18,0,0,5,0,7,3,1,1,6,2,42,7,1299,1,15,7,2,7
2016420061308,1,9,0,16,0,0,0,0,7,4,1,1,6,1,46,8,2497,2,8,9,2,9
2016420061308,2,9,0,17,0,0,0,0,1,0,3,1,6,1,55,8,2000,1,13,2,1,2
2016420061309,1,9,0,9,0,1,0,0,0,0,1,1,5,2,28,6,1596,1,4,10,1,10
2016420061309,2,9,0,18,0,1,0,0,0,0,1,1,5,2,63,9,1200,1,13,8,1,8
2016420061310,1,9,0,18,0,1,1,0,0,0,1,1,5,2,28,6,1999,1,9,7,1,7
2016420061310,2,9,0,4,0,1,0,0,0,0,2,1,1,1,59,9,1896,2,9,4,1,4
2016420061310,3,9,0,4,0,1,0,0,0,0,2,1,5,1,36,7,1242,1,4,6,3,6
2016420061311,1,9,0,5,0,8,0,0,0,0,0,1,5,1,37,7,1995,2,11,10,1,10
2016420061311,2,9,0,18,0,1,2,0,1,9,1,1,5,2,18,4,1149,1,8,8,2,8
2016420061311,3,9,0,3,0,1,0,0,1,0,1,1,2,1,46,8,-1,-1,-1,6,1,6
2016420061311,4,9,0,9,0,8,0,0,0,0,0,1,6,3,33,6,-1,-1,-1,-1,-1,-1
2016420061312,1,9,0,17,9,0,0,0,7,0,1,1,6,1,16,4,1299,1,13,-1,-1,-1
2016420061313,1,9,0,18,0,0,0,4,0,0,1,1,5,2,19,4,998,1,2,8,2,8
2016420061313,2,9,0,2,9,0,0,4,0,0,4,1,5,1,80,11,1395,1,2,8,2,8
2016420061313,3,9,0,2,9,0,0,0,0,0,1,1,6,3,-1,-1,-1,-1,-1,-1,-1,-1
2016420061315,1,5,0,18,0,0,1,0,0,0,4,1,2,1,58,9,996,1,12,8,2,8
2016420061317,1,9,0,18,0,0,1,10,7,11,1,1,6,3,-1,-1,1796,1,13,-1,-1,-1
2016420061318,1,9,0,7,0,0,0,0,0,0,1,1,2,2,23,5,998,1,2,9,1,9
2016420061318,2,11,0,18,0,0,0,0,0,0,1,1,1,1,50,8,9000,2,15,4,1,4
2016420061600,1,4,0,18,0,0,0,0,0,0,1,1,2,1,46,8,244,1,13,5,1,5
2016420061613,1,9,0,18,0,0,1,0,7,0,1,1,2,2,37,7,1360,1,10,7,1,7
2016420061716,1,9,0,18,5,1,0,0,0,0,4,1,2,2,22,5,1461,2,8,3,1,3
2016420061716,2,1,0,18,5,1,0,0,0,0,1,1,6,1,29,6,-1,-1,-1,3,1,3
2016420061716,3,1,0,18,5,1,0,0,0,0,1,1,2,1,41,7,-1,-1,-1,6,1,6
2016420061722,1,9,0,18,0,0,0,0,0,0,1,1,6,1,59,9,2495,2,23,3,1,3
2016420061722,2,9,0,4,0,0,0,0,0,0,2,1,6,2,56,9,1896,2,20,3,1,3
2016420061722,3,19,0,18,0,0,0,0,0,0,1,1,1,1,27,6,2148,2,8,2,1,2
2016420061723,1,3,0,16,0,0,2,0,0,0,4,1,6,1,28,6,124,1,2,3,1,3
2016420061723,2,9,0,18,0,0,0,0,0,0,0,1,6,3,-1,-1,-1,-1,-1,-1,-1,-1
2016420061727,1,9,0,17,0,0,5,0,1,9,1,1,6,2,22,5,998,1,3,8,3,8
2016420061730,1,98,0,9,0,6,0,0,0,0,4,1,6,3,-1,-1,-1,-1,-1,-1,-1,-1
2016420061730,2,3,0,18,0,1,0,0,0,0,1,1,2,1,33,6,125,1,10,5,3,5
2016420061731,1,9,0,18,0,0,0,0,0,0,4,1,5,2,51,8,1242,1,4,-1,-1,-1
2016420061731,2,1,0,18,0,0,0,0,0,0,1,1,4,1,14,3,-1,-1,-1,-1,-1,-1
2016420061796,1,1,0,18,4,0,0,0,0,0,1,1,6,2,11,3,-1,-1,-1,5,1,5
2016420061796,2,9,0,18,0,0,0,0,0,0,1,1,6,1,-1,-1,999,1,1,-1,-1,-1
2016420061898,1,19,0,18,0,0,1,0,0,0,1,1,1,1,24,5,1968,2,2,1,1,1
2016420061898,2,9,0,3,0,0,0,0,0,0,2,1,5,1,55,8,1798,1,7,4,1,4
2016420061898,3,9,0,3,0,0,0,0,0,0,2,1,5,1,53,8,1200,1,1,4,1,4
2016420061898,4,19,0,3,0,0,0,0,0,0,2,1,5,1,38,7,1560,2,6,4,1,4
2016420062032,1,10,0,9,0,4,0,0,0,0,1,1,6,1,-1,-1,-1,-1,-1,-1,-1,-1
2016420062032,2,9,0,18,0,4,0,0,0,0,3,1,6,2,29,6,1124,1,15,8,1,8
2016420062102,1,9,0,18,0,0,0,0,0,0,4,1,6,1,26,6,1896,2,14,-1,-1,-1
2016420062102,2,9,0,12,0,0,0,0,0,0,3,1,6,1,42,7,1910,2,11,8,3,8
2016420062173,1,9,0,18,0,1,0,0,0,0,1,1,6,1,31,6,1596,1,9,3,1,3
2016420062173,2,9,0,3,0,1,0,0,0,0,2,1,2,2,26,6,1390,1,8,8,1,8
2016420062192,1,9,0,5,0,0,0,0,0,0,1,1,5,1,73,10,1560,2,4,5,1,5
2016420062192,2,9,0,4,0,0,0,0,0,0,1,1,5,1,55,8,1998,2,11,7,1,7
2016420062197,1,1,0,18,0,2,5,0,0,0,3,1,5,2,50,8,-1,-1,-1,10,3,10
2016420062199,1,19,0,18,0,0,1,0,0,0,1,1,1,1,50,8,2198,2,5,2,1,2
2016420062199,2,9,0,4,0,0,0,0,0,0,2,1,6,2,54,8,1364,1,7,3,1,3
2016420062200,1,11,0,18,0,8,0,0,0,0,1,1,1,1,42,7,6871,2,6,4,1,4
2016420062200,2,9,0,18,0,1,0,0,0,0,1,1,5,2,19,4,998,1,9,3,3,3
2016420062201,1,9,0,18,0,0,0,0,0,0,1,1,6,2,50,8,1997,2,3,6,1,6
2016420062201,2,8,0,4,0,0,0,0,0,0,2,1,1,1,58,9,1753,2,7,1,1,1
2016420062201,3,9,0,4,0,0,0,0,1,0,0,1,6,3,-1,-1,-1,-1,-1,-1,-1,-1
2016420062201,4,9,0,4,0,0,0,0,0,0,0,1,6,3,-1,-1,-1,-1,-1,-1,-1,-1
2016420062203,1,9,0,17,0,0,1,0,0,0,4,1,5,1,27,6,1990,1,24,1,1,1
2016420062203,2,9,0,16,0,0,0,0,1,0,1,1,2,1,37,7,1999,1,9,8,1,8
2016420062425,1,9,0,7,0,6,0,0,0,0,1,1,5,1,17,4,1398,1,-1,9,1,9
2016420062425,2,9,0,18,0,8,0,0,0,0,1,1,6,1,29,6,1120,1,21,4,1,4
2016420062465,1,19,0,4,0,0,0,0,0,0,1,1,1,1,42,7,2198,2,2,7,3,7
2016420062465,2,9,0,3,0,0,0,0,0,0,2,1,5,2,55,8,1590,1,13,7,1,7
2016420062465,3,9,0,9,0,0,0,0,0,0,2,1,2,2,37,7,1388,1,10,10,1,10
2016420062530,1,9,0,18,0,1,0,0,0,0,1,1,1,2,44,7,2401,2,11,5,1,5
2016420062567,1,9,0,7,0,8,0,0,0,0,1,1,5,2,54,8,998,1,6,5,1,5
2016420062567,2,9,0,18,0,8,0,0,0,0,1,1,5,2,20,4,1242,1,11,3,1,3
2016420062572,1,9,0,16,0,0,1,0,8,0,1,1,6,1,28,6,3311,8,9,2,1,2
2016420062655,1,9,0,18,0,0,0,0,0,0,4,1,6,1,47,8,1587,1,10,2,1,2
2016420062655,2,9,0,18,0,0,0,0,0,0,3,1,2,1,21,5,1388,1,11,2,1,2
2016420062710,1,9,0,18,0,0,0,0,0,0,4,1,6,2,17,4,1422,2,6,5,1,5
2016420062712,1,9,0,18,0,0,0,0,0,0,1,1,5,1,28,6,2143,2,2,6,3,6
2016420062712,2,9,0,10,0,0,0,0,0,0,2,1,2,1,55,8,1497,1,12,10,3,10
2016420062712,3,9,0,18,0,0,0,0,0,0,1,1,2,2,56,9,1796,1,9,4,2,4
2016420062751,1,11,0,4,0,1,0,0,0,0,1,1,1,1,66,10,5850,2,14,4,3,4
2016420062837,1,9,0,18,0,1,0,0,0,0,1,1,6,1,31,6,1197,1,1,4,1,4
2016420062837,2,9,0,4,0,1,0,0,0,0,2,1,1,1,46,8,-1,-1,-1,9,1,9
2016420062837,3,9,0,18,0,1,0,0,0,0,2,1,1,2,31,6,1496,2,1,5,1,5
2016420062853,1,9,0,18,0,1,0,0,0,0,1,1,6,1,39,7,1398,1,15,6,1,6
2016420062853,2,9,0,18,0,1,0,0,0,0,2,1,5,2,58,9,1388,1,13,7,1,7
2016420062855,1,9,0,9,0,1,0,0,0,0,1,1,5,1,85,11,1086,1,9,3,1,3
2016420062855,2,11,0,9,0,1,0,0,0,0,4,1,1,1,31,6,8268,2,14,1,1,1
2016420062856,1,90,1,12,0,0,0,0,0,0,3,2,1,1,39,7,-1,-1,-1,-1,-1,-1
2016420062856,2,9,0,18,0,0,0,0,0,0,4,1,5,2,43,7,1995,2,3,10,1,10
2016420062857,1,3,0,18,0,0,1,0,0,0,1,1,5,1,50,8,124,1,6,5,1,5
2016420062857,2,19,0,3,0,0,0,0,0,0,2,1,1,1,55,8,2143,2,3,4,1,4
2016420062858,1,11,0,18,0,0,0,0,1,0,4,1,1,1,51,8,8268,2,14,1,2,1
2016420062859,1,9,0,3,0,1,0,0,0,0,3,1,5,2,54,8,1973,1,17,6,1,6
2016420062859,2,3,0,14,0,1,0,0,0,0,4,1,2,2,40,7,102,1,9,6,1,6
2016420062862,1,9,0,5,0,8,0,0,0,0,1,1,2,1,58,9,1364,1,2,5,1,5
2016420062862,2,1,0,18,9,1,0,0,0,0,1,1,6,2,29,6,-1,-1,-1,2,1,2
2016420062864,1,9,0,10,0,1,0,0,0,0,2,1,6,1,23,5,1598,1,6,9,1,9
2016420062864,2,9,0,3,0,1,0,0,0,0,1,1,5,2,24,5,1390,1,1,6,1,6
2016420062865,1,9,0,18,0,2,0,0,0,0,0,1,6,1,62,9,1973,1,18,3,1,3
2016420062867,1,9,0,18,0,8,0,0,0,0,3,1,5,2,60,9,1360,1,5,6,1,6
2016420062867,2,1,0,18,0,1,0,0,0,0,1,1,2,1,52,8,-1,-1,-1,8,1,8
2016420062868,1,9,0,17,0,0,2,0,1,0,1,1,6,2,25,5,1598,1,9,8,2,8
2016420062872,1,9,0,18,0,2,0,0,0,0,1,1,6,3,-1,-1,-1,-1,-1,-1,-1,-1
2016420062882,1,9,0,9,0,8,5,0,1,0,1,1,6,3,-1,-1,999,1,3,-1,-1,-1
2016420062882,2,8,0,18,0,1,0,0,1,11,4,1,2,1,45,7,2402,2,11,7,1,7
2016420062899,1,5,0,16,0,0,2,0,7,0,3,1,6,1,49,8,-1,-1,-1,1,2,1
2016420062901,1,9,0,4,0,0,0,0,0,0,1,1,6,1,45,7,-1,-1,-1,3,1,3
2016420062901,2,9,0,4,0,0,0,0,0,0,2,1,5,2,56,9,1240,1,11,7,1,7
2016420062904,1,9,0,18,0,0,0,0,0,0,1,1,6,1,50,8,2199,2,1,3,1,3
2016420062908,1,9,0,18,0,1,0,1,0,0,1,1,6,2,88,11,1397,1,16,7,2,7
2016420062912,1,9,0,3,0,4,0,0,0,0,1,1,6,1,53,8,1388,1,15,3,1,3
2016420062912,2,9,0,3,0,4,0,0,0,0,2,1,6,2,27,6,1242,1,9,2,1,2
2016420062913,1,5,0,18,0,0,2,0,0,0,3,1,6,1,50,8,592,1,27,4,1,4
2016420062913,2,9,0,2,0,0,0,4,0,0,4,1,6,3,-1,-1,-1,-1,-1,-1,-1,-1
2016420062915,1,9,0,18,0,8,0,0,0,0,1,1,5,1,26,6,1995,2,8,3,1,3
2016420062916,1,9,0,18,0,0,0,0,0,0,1,1,6,2,74,10,799,2,6,5,1,5
2016420062917,1,9,0,7,0,3,0,0,0,0,4,1,5,1,37,7,1794,1,12,3,1,3
2016420062917,2,9,0,17,0,8,0,0,0,0,3,1,5,1,36,7,973,1,14,5,1,5
2016420062917,3,9,0,7,0,3,0,0,0,0,1,1,5,1,44,7,2143,2,3,9,1,9
2016420062917,4,9,0,7,0,3,0,0,0,0,2,1,6,1,35,6,1390,1,8,5,3,5
2016420062919,1,9,0,4,0,1,0,0,0,0,1,1,6,1,19,4,973,1,15,5,2,5
2016420062919,2,9,0,18,0,1,0,0,0,0,1,1,6,2,56,9,1360,1,10,5,3,5
2016420062923,1,9,0,17,0,0,1,0,7,9,4,1,5,1,24,5,998,1,30,6,2,6
2016420062931,1,9,0,5,0,1,0,0,0,0,1,1,1,1,68,10,-1,-1,-1,6,3,6
2016420062931,2,9,0,3,0,1,0,0,0,0,2,1,1,2,24,5,1598,1,8,2,1,2
2016420062932,1,9,0,9,0,8,0,0,0,0,1,1,5,2,70,10,1598,1,10,10,1,10
2016420062932,2,9,0,18,0,8,0,0,0,0,1,1,5,2,24,5,1364,1,11,2,1,2
2016420062933,1,9,0,16,0,8,0,0,2,0,1,1,6,1,22,5,1596,1,11,5,1,5
2016420062933,2,3,0,2,9,2,0,0,0,0,1,1,6,3,-1,-1,-1,-1,-1,-1,-1,-1
2016420062936,1,9,0,6,0,0,0,10,2,4,1,1,6,2,22,5,1596,1,11,-1,-1,-1
2016420062936,2,9,0,18,0,0,0,10,0,0,3,1,5,1,50,8,1989,1,16,4,1,4
2016420062941,1,9,0,18,0,1,0,0,0,0,1,1,6,2,40,7,1461,2,3,1,1,1
2016420062941,2,9,0,4,0,1,0,0,0,0,2,1,6,2,47,8,1794,1,10,3,1,3
2016420062942,1,9,0,18,0,0,0,0,7,4,3,1,6,1,31,6,1461,2,12,3,1,3
2016420062954,1,9,0,18,0,0,0,7,0,0,1,1,5,1,38,7,1796,1,13,5,1,5
2016420062954,2,9,0,18,0,0,0,0,0,0,1,1,5,1,35,6,1598,2,1,2,1,2
2016420062954,3,9,0,18,0,0,0,0,0,0,2,1,5,1,53,8,1896,2,13,2,1,2
2016420062955,1,3,0,4,0,4,2,0,0,0,4,1,6,1,23,5,124,1,2,1,1,1
2016420062959,1,9,0,17,0,0,2,0,1,4,1,1,6,1,40,7,1598,1,10,4,1,4
2016420062960,1,5,0,18,0,3,1,10,1,0,1,1,5,1,39,7,649,1,14,7,1,7
2016420062960,2,9,0,18,0,1,0,0,0,0,2,1,5,1,48,8,1749,1,11,1,1,1
2016420062961,1,9,0,18,0,1,0,0,0,0,1,1,5,1,22,5,2494,1,16,6,1,6
2016420062961,2,9,0,18,0,1,0,0,0,0,1,1,5,1,20,4,1398,1,-1,6,1,6
2016420062962,1,3,0,18,0,0,2,0,1,0,2,1,5,1,24,5,125,1,5,3,1,3
2016420062962,2,9,0,18,0,0,0,0,0,0,1,1,6,3,-1,-1,-1,-1,-1,-1,-1,-1
2016420062963,1,9,0,18,0,0,0,0,0,0,1,1,2,1,28,6,1499,2,3,2,1,2
2016420062963,2,21,1,18,0,0,0,0,0,0,2,1,2,1,58,9,10000,2,22,2,1,2
2016420062994,1,9,0,18,0,1,0,0,0,0,1,1,6,2,38,7,1461,2,-1,2,1,2
2016420062994,2,9,0,4,0,1,0,0,0,0,2,1,6,2,26,6,1596,1,11,6,3,6
2016420063058,1,2,0,18,0,0,0,0,1,0,1,1,4,1,16,4,49,1,8,4,1,4
2016420063058,2,9,0,14,0,0,0,0,0,0,1,1,3,2,36,7,1753,2,14,4,1,4
2016420063073,1,-1,0,13,0,8,0,0,0,0,4,1,6,3,-1,-1,-1,-1,-1,-1,-1,-1
2016420063073,2,9,0,9,0,1,0,0,0,0,3,1,6,2,36,7,1997,2,1,9,1,9
2016420063081,1,9,0,4,0,0,0,0,0,0,1,1,2,2,44,7,1596,1,13,3,1,3
2016420063081,2,9,0,4,0,0,0,0,0,0,2,1,2,2,23,5,1598,1,12,7,1,7
2016420063159,1,19,0,18,0,0,1,0,0,0,1,1,1,1,31,6,2198,2,10,7,1,7
2016420063159,2,19,0,18,0,0,0,0,0,0,2,1,1,1,36,7,1598,2,1,4,2,4
2016420063159,3,9,0,18,0,0,0,0,0,0,2,1,1,1,41,7,998,1,4,6,1,6
2016420063159,4,9,0,18,0,0,0,0,0,0,2,1,1,2,32,6,1995,2,4,3,1,3
2016420063193,1,9,0,16,0,0,0,0,0,0,2,1,6,1,34,6,1951,2,14,2,1,2
2016420063193,2,9,0,18,0,0,0,0,0,0,2,1,6,2,54,8,-1,-1,-1,7,3,7
2016420063201,1,9,0,18,0,0,0,0,0,0,1,1,5,1,65,9,1560,2,1,4,1,4
2016420063201,2,9,0,2,0,0,0,0,0,0,2,1,6,3,50,8,1242,1,10,-1,-1,-1
2016420063201,3,9,0,2,0,0,0,0,0,0,2,1,6,3,-1,-1,-1,-1,-1,-1,-1,-1
2016420063209,1,9,0,4,0,1,0,0,0,0,1,1,5,1,36,7,2148,2,10,4,1,4
2016420063209,2,9,0,4,0,1,0,0,0,0,2,1,5,1,36,7,1995,2,6,9,1,9
2016420063233,1,9,0,18,0,0,0,0,0,0,1,1,6,1,-1,-1,2685,2,12,-1,-1,-1
2016420063233,2,9,0,18,0,0,0,0,0,0,2,1,6,1,19,4,1149,1,11,1,1,1
2016420063310,1,9,0,5,8,6,0,0,0,0,1,1,6,1,41,7,1798,1,9,6,1,6
2016420063310,2,9,0,18,0,8,0,0,0,0,1,1,6,2,20,4,1242,1,10,9,1,9
2016420063312,1,9,0,18,0,0,0,0,0,0,1,1,5,2,40,7,1956,2,6,6,1,6
2016420063312,2,9,0,4,0,0,0,0,0,0,2,1,5,2,31,6,1248,2,12,9,1,9
2016420063312,3,19,0,3,0,0,0,0,0,0,2,1,5,1,33,6,2198,2,-1,9,1,9
2016420063314,1,1,0,18,0,8,0,0,0,0,4,1,6,1,71,10,-1,-1,-1,7,1,7
2016420063314,2,9,0,18,0,8,0,0,0,0,1,1,5,1,56,9,1998,1,19,4,3,4
2016420063315,1,5,0,18,0,0,2,4,0,0,1,1,6,1,52,8,998,1,-1,3,1,3
2016420063315,2,9,0,10,0,0,0,0,0,0,2,1,6,2,37,7,1753,2,12,8,3,8
2016420063316,1,9,0,9,0,6,0,0,0,0,3,1,5,1,69,10,1598,1,8,3,1,3
2016420063316,2,5,0,18,0,1,1,0,0,0,1,1,5,2,26,6,998,1,15,5,1,5
2016420063317,1,9,0,4,0,0,0,0,0,0,2,1,6,2,26,6,1399,2,12,1,1,1
2016420063317,2,9,0,4,0,0,0,0,0,0,1,1,6,2,21,5,999,1,2,2,1,2
2016420063317,3,9,0,4,0,0,0,0,0,0,1,1,1,1,23,5,1197,1,-1,10,1,10
2016420063328,1,9,0,16,0,0,0,0,7,4,1,1,6,1,41,7,1968,2,2,6,3,6
2016420063482,1,1,0,18,0,0,5,0,0,0,4,1,4,1,13,3,-1,-1,-1,6,1,6
2016420063482,2,19,0,5,0,0,0,0,0,0,4,1,1,1,44,7,2298,2,1,9,1,9
2016420063499,1,9,0,18,0,0,0,0,0,0,1,1,1,1,37,7,1968,2,3,6,1,6
2016420063499,2,9,0,4,0,0,0,0,0,0,2,1,2,2,40,7,1596,1,14,3,1,3
2016420063554,1,9,0,18,0,0,1,0,1,2,1,1,5,1,88,11,1242,1,15,8,1,8
2016420063696,1,9,0,4,0,0,0,0,0,0,1,1,1,1,19,4,1360,1,14,4,1,4
2016420063696,2,9,0,4,0,0,0,0,0,0,2,1,5,2,53,8,998,1,6,9,1,9
2016420063743,1,9,0,18,0,2,0,0,1,5,1,1,3,2,27,6,1422,2,2,2,3,2
2016420063748,1,9,0,18,0,8,2,0,1,3,1,1,6,1,56,9,1596,1,15,2,1,2
2016420063750,1,9,0,18,0,1,0,0,0,0,1,1,5,1,21,5,1999,1,8,5,1,5
2016420063750,2,19,0,18,0,1,0,0,0,0,1,1,1,1,30,6,2287,2,1,6,1,6
2016420063751,1,9,0,17,0,2,0,0,2,3,1,1,2,2,21,5,1598,1,7,10,1,10
2016420063753,1,21,1,18,0,3,5,10,0,0,4,1,1,1,34,6,12900,2,8,5,2,5
2016420063993,1,9,0,9,0,8,0,0,0,0,3,1,6,1,-1,-1,1560,2,4,10,1,10
2016420063993,2,4,0,14,0,8,0,0,0,0,4,1,6,1,62,9,499,1,8,2,1,2
2016420064041,1,9,0,18,0,0,0,0,8,0,4,1,5,1,25,5,1796,1,18,7,1,7
2016420064083,1,9,0,16,0,0,0,0,0,0,1,1,1,2,32,6,1242,1,4,7,1,7
2016420064083,2,9,0,18,0,0,0,0,0,0,1,1,5,1,48,8,1297,1,24,3,1,3
2016420064096,1,9,0,18,0,0,0,0,0,0,3,1,6,2,55,8,2987,2,6,9,3,9
2016420064096,2,21,0,18,0,0,0,0,0,0,4,1,1,1,55,8,10837,2,5,9,1,9
2016420064140,1,9,0,10,0,2,0,0,0,0,1,1,6,2,35,6,2967,2,-1,-1,-1,-1
2016420064140,2,1,0,18,0,1,0,0,0,0,1,1,6,2,55,8,-1,-1,-1,-1,-1,-1
2016420064143,1,3,0,18,0,8,0,0,0,0,3,1,6,1,36,7,124,1,3,1,1,1
2016420064143,2,9,0,11,0,3,0,0,0,0,4,1,1,1,51,8,1582,2,2,10,1,10
2016420064144,1,9,0,18,0,0,0,0,0,0,1,1,6,1,43,7,1596,1,7,2,1,2
2016420064144,2,9,0,4,0,0,0,0,0,0,2,1,5,2,22,5,999,1,4,-1,-1,-1
2016420064144,3,9,0,4,0,0,0,0,0,0,2,1,5,2,58,9,1598,2,5,7,1,7
2016420064144,4,9,0,4,0,0,0,0,0,0,2,1,6,2,34,6,1798,1,12,1,1,1
2016420064146,1,9,0,18,0,1,0,0,0,0,1,1,5,1,67,10,2191,2,-1,3,1,3
2016420064147,1,9,0,18,0,1,0,0,0,0,1,1,5,1,69,10,1796,1,13,6,3,6
2016420064147,2,9,0,18,0,1,0,0,0,0,1,1,5,1,36,7,1896,2,15,6,1,6
2016420064148,1,10,0,12,0,0,0,0,0,0,3,1,1,1,68,10,2463,2,11,7,1,7
2016420064148,2,9,0,18,0,0,0,0,0,0,4,1,5,1,42,7,1388,1,19,1,1,1
2016420064184,1,9,0,18,0,2,0,0,0,0,4,1,6,1,21,5,1149,1,10,3,1,3
2016420064184,2,9,0,2,0,2,0,0,0,0,3,1,6,1,69,10,1598,1,16,6,1,6
2016420064195,1,9,0,18,0,2,0,0,0,0,1,1,5,2,23,5,1197,1,2,8,1,8
2016420064195,2,9,0,3,0,2,0,0,0,0,2,1,5,2,40,7,2188,2,7,5,1,5
2016420064195,3,9,0,3,0,2,0,0,0,0,2,1,5,2,23,5,1999,2,-1,7,1,7
2016420064202,1,9,0,18,0,0,0,0,0,0,0,1,1,1,47,8,2993,2,-1,8,1,8
2016420064202,2,9,0,14,0,0,1,0,0,0,3,1,6,1,25,5,2979,1,12,-1,-1,-1
2016420064202,3,9,0,18,0,0,0,0,7,0,3,1,6,1,60,9,2184,2,14,9,2,9
2016420064225,1,8,0,5,0,0,0,0,0,0,0,1,1,3,-1,-1,-1,-1,-1,-1,-1,-1
2016420064313,1,-1,0,1,0,5,0,0,0,0,2,1,6,2,-1,-1,-1,-1,-1,-1,-1,-1
2016420064330,1,9,0,7,0,0,0,0,0,0,4,1,5,2,18,4,1598,1,12,9,1,9
2016420064330,2,1,0,18,4,0,5,0,0,0,1,1,6,1,44,7,-1,-1,-1,6,1,6
2016420064391,1,19,0,18,0,2,0,0,0,0,1,1,1,1,41,7,1598,2,-1,8,1,8
2016420064431,1,9,0,5,5,0,0,0,0,0,1,1,6,2,29,6,1349,1,3,9,1,9
2016420064431,2,1,0,18,9,0,5,0,0,0,1,1,4,1,12,3,-1,-1,-1,-1,-1,-1
2016420064435,1,9,0,5,0,8,1,0,0,0,3,1,6,2,20,4,1240,1,13,9,1,9
2016420064435,2,9,0,5,0,8,0,0,0,0,1,1,6,1,67,10,2987,2,3,4,1,4
2016420064439,1,5,0,18,0,0,0,0,0,0,1,1,5,1,53,8,1137,1,12,2,1,2
2016420064439,2,19,0,18,0,0,1,0,0,0,2,1,1,1,24,5,2402,2,5,-1,-1,-1
2016420064439,3,9,0,18,0,0,0,0,0,0,0,1,1,1,38,7,1995,2,4,2,1,2
2016420064441,1,9,0,18,0,1,0,0,0,0,1,1,5,2,53,8,1796,1,2,10,1,10
2016420064441,2,9,0,3,0,1,0,0,0,0,2,1,5,2,36,7,1997,2,5,10,1,10
2016420064441,3,9,0,4,0,1,0,0,0,0,2,1,5,1,17,4,1229,1,9,6,3,6
2016420064444,1,9,0,5,0,4,0,0,0,0,3,1,5,1,18,4,1242,1,13,9,2,9
2016420064444,2,9,0,9,0,3,0,0,0,0,1,1,1,2,59,9,998,1,9,5,1,5
2016420064445,1,9,0,18,0,0,0,0,1,0,1,1,6,2,35,6,1461,2,6,6,1,6
2016420064445,2,9,0,4,0,0,0,0,1,0,2,1,6,1,43,7,1984,1,6,6,1,6
2016420064446,1,3,0,5,0,4,0,0,0,0,3,1,6,2,18,4,125,1,1,6,3,6
2016420064446,2,9,0,5,0,4,0,0,0,0,4,1,2,1,35,6,1995,1,6,4,1,4
2016420064447,1,19,0,18,0,1,0,0,0,0,1,1,1,1,24,5,1248,2,2,3,1,3
2016420064452,1,9,0,18,0,0,2,0,1,0,4,1,5,1,20,4,1229,1,3,6,1,6
2016420064454,1,9,0,1,0,0,0,0,0,0,2,1,6,2,50,8,1389,1,18,9,2,9
2016420064468,1,9,0,11,0,2,0,0,0,0,4,1,2,1,54,8,1339,1,1,1,1,1
2016420064468,2,5,0,18,0,1,1,0,0,0,1,1,2,1,53,8,1783,1,9,2,1,2
2016420064476,1,9,0,9,0,8,0,0,0,0,3,2,5,2,35,6,2993,2,4,5,3,5
2016420064476,2,5,0,18,0,8,0,0,0,0,4,1,5,1,59,9,1250,1,10,9,3,9
2016420064478,1,9,0,7,0,2,0,0,0,0,1,1,5,1,36,7,1896,2,13,9,1,9
2016420064478,2,9,0,2,0,2,0,0,0,0,2,1,6,3,-1,-1,-1,-1,-1,-1,-1,-1
2016420064478,3,19,0,2,0,2,0,0,0,0,2,1,1,1,38,7,2198,2,3,-1,-1,-1
2016420064479,1,9,0,18,0,0,0,0,0,0,1,1,5,1,86,11,1299,1,13,7,1,7
2016420064479,2,9,0,18,0,0,0,0,0,0,1,1,5,1,25,5,1598,1,2,3,1,3
2016420064480,1,9,0,18,0,0,1,0,0,0,1,1,5,1,57,9,1596,1,10,4,1,4