Accident_Index,Vehicle_Reference,Vehicle_Type,Towing_and_Articulation,Vehicle_Manoeuvre,Vehicle_Location-Restricted_Lane,Junction_Location,Skidding_and_Overturning,Hit_Object_in_Carriageway,Vehicle_Leaving_Carriageway,Hit_Object_off_Carriageway,1st_Point_of_Impact,Was_Vehicle_Left_Hand_Drive?,Journey_Purpose_of_Driver,Sex_of_Driver,Age_of_Driver,Age_Band_of_Driver,Engine_Capacity_(CC),Propulsion_Code,Age_of_Vehicle,Driver_IMD_Decile,Driver_Home_Area_Type,Vehicle_IMD_Decile
2016420072464,2,19,0,4,0,0,0,0,0,0,2,1,2,1,47,8,1560,2,-1,4,1,4
2016420072474,1,9,0,18,0,8,0,0,0,0,1,1,6,3,-1,-1,-1,-1,-1,-1,-1,-1
2016420072474,2,3,0,18,0,8,0,0,0,0,3,1,6,2,44,7,125,1,17,4,1,4
2016420072523,1,-1,0,18,0,8,0,0,0,0,1,1,6,2,-1,-1,-1,-1,-1,-1,-1,-1
2016420072523,2,9,0,9,0,5,0,0,0,0,1,1,6,1,19,4,998,1,2,4,1,4
2016420072639,1,9,0,18,0,0,0,0,0,0,1,1,6,1,20,4,-1,-1,-1,-1,-1,-1
2016420072639,2,9,0,18,0,0,0,0,0,0,1,1,5,2,32,6,898,1,1,1,1,1
2016420072653,1,1,0,18,0,0,0,0,0,0,1,1,4,1,13,3,-1,-1,-1,2,1,2
2016420072653,2,9,0,18,0,0,0,0,0,0,1,1,2,2,32,6,875,1,3,9,1,9
2016420072701,1,9,0,13,0,0,0,0,0,0,4,1,6,3,-1,-1,-1,-1,-1,-1,-1,-1
2016420072701,2,1,0,18,0,0,5,0,1,5,3,1,5,1,27,6,-1,-1,-1,1,1,1
2016420072702,1,2,0,17,0,0,1,0,0,0,0,1,5,1,20,4,49,1,3,8,1,8
2016420072702,2,9,0,16,0,0,0,0,0,0,1,1,5,2,18,4,1242,1,6,10,1,10
2016420072703,1,9,0,18,0,8,0,0,7,0,1,1,6,2,86,11,1360,1,12,4,3,4
2016420072703,2,9,0,10,0,8,0,0,0,0,2,1,6,1,38,7,1124,1,9,8,2,8
2016420072840,1,9,0,1,9,0,0,0,0,0,2,1,6,2,-1,-1,1997,2,5,-1,-1,-1
2016420072944,1,9,0,18,0,8,0,0,0,0,1,1,6,1,-1,-1,-1,-1,-1,-1,-1,-1
2016420072960,1,19,0,1,9,0,0,0,0,0,2,1,1,1,48,8,1998,2,11,7,1,7
2016420073000,1,1,0,18,9,0,2,0,0,0,1,1,4,1,12,3,-1,-1,-1,-1,-1,-1
2016420073000,2,9,0,8,9,0,0,0,0,0,4,1,5,2,18,4,1368,1,7,10,1,10
2016420073211,1,9,0,4,0,0,0,0,0,0,2,1,5,2,26,6,1598,2,2,5,1,5
2016420073211,2,9,0,18,0,0,0,0,0,0,1,1,6,1,55,8,1968,2,6,10,1,10
2016420073211,3,9,0,4,0,0,0,0,0,0,1,1,5,1,26,6,1598,1,3,1,1,1
2016420073213,1,90,0,5,0,4,1,0,5,6,1,1,6,1,52,8,6650,1,-1,2,3,2
2016420073213,2,9,0,17,0,8,0,0,4,6,1,1,6,1,44,7,1598,1,1,1,2,1
2016420073216,1,9,0,9,0,6,0,0,0,0,1,1,5,1,68,10,1498,1,-1,10,3,10
2016420073216,2,9,0,18,0,8,0,0,0,0,4,1,5,2,52,8,1386,1,7,10,1,10
2016420073219,1,3,0,13,0,8,5,0,0,0,1,1,6,1,20,4,124,1,13,-1,-1,-1
2016420073219,2,9,0,9,0,8,0,0,0,0,1,1,6,2,30,6,-1,-1,-1,2,1,2
2016420073220,1,19,0,3,0,4,0,0,0,0,1,1,1,1,21,5,2143,2,1,2,1,2
2016420073220,2,9,0,3,0,4,0,0,0,0,2,1,6,2,45,7,1988,1,12,8,2,8
2016420073231,1,9,0,9,0,0,0,0,0,0,3,1,2,1,21,5,1398,1,-1,1,1,1
2016420073231,2,9,0,18,0,0,0,0,0,0,1,1,2,2,19,4,1388,1,12,3,1,3
2016420073236,1,9,0,18,0,0,1,0,0,0,1,1,1,1,60,9,1834,1,13,5,1,5
2016420073236,2,9,0,18,0,0,0,0,0,0,1,1,1,2,52,8,1560,2,11,6,2,6
2016420073236,3,9,5,4,0,0,0,0,0,0,2,1,2,1,24,5,1968,2,9,9,1,9
2016420073236,4,9,0,3,0,0,0,0,0,0,1,1,2,1,28,6,1198,1,13,8,1,8
2016420073236,5,9,0,3,0,0,0,0,0,0,1,1,6,1,28,6,1206,1,6,-1,-1,-1
2016420073236,6,9,0,18,0,0,1,0,0,0,2,1,6,2,42,7,1560,2,6,8,1,8
2016420073236,7,9,0,4,0,0,0,0,0,0,2,1,6,1,67,10,1896,2,8,3,1,3
2016420073418,1,4,0,4,0,1,2,0,0,0,0,1,2,1,51,8,499,1,16,8,2,8
2016420073430,1,-1,0,4,0,4,0,0,0,0,1,1,6,1,-1,-1,-1,-1,-1,-1,-1,-1
2016420073430,2,9,0,3,0,4,0,0,0,0,2,1,6,1,24,5,1988,1,15,6,1,6
2016420073457,1,11,0,18,0,0,0,0,0,0,1,1,1,1,25,5,5132,2,1,9,2,9
2016420073563,1,9,0,18,0,1,0,0,0,0,1,1,5,2,25,5,1242,1,2,9,1,9
2016420073563,2,9,0,18,0,1,0,0,0,0,2,1,6,2,25,5,1200,1,12,4,1,4
2016420073563,3,9,0,18,0,1,0,0,0,0,2,1,5,1,25,5,1968,2,5,2,1,2
2016420073563,4,9,0,18,0,1,0,0,0,0,2,1,2,1,43,7,2993,2,5,7,1,7
2016420073576,1,9,0,5,0,4,0,0,0,0,1,1,5,2,41,7,1997,2,3,7,1,7
2016420073576,2,9,0,18,0,8,0,0,0,0,4,1,6,1,22,5,1395,1,1,1,1,1
2016420073597,1,9,0,18,0,0,1,0,0,0,1,1,5,1,67,10,2495,2,14,3,1,3
2016420073597,2,9,0,3,0,0,0,0,0,0,2,1,5,1,23,5,1997,2,8,2,1,2
2016420073597,3,9,0,18,0,0,0,0,0,0,0,1,1,1,37,7,2993,2,1,7,1,7
2016420073630,1,9,0,7,0,8,0,0,0,0,4,1,1,2,36,7,-1,-1,-1,8,1,8
2016420073630,2,5,0,7,0,8,0,0,0,0,3,1,6,1,48,8,600,1,13,4,1,4
2016420073722,1,4,0,7,0,8,2,0,0,0,4,1,6,1,23,5,499,1,8,4,1,4
2016420073722,2,9,0,18,0,1,0,0,0,0,0,1,1,1,33,6,2993,2,1,-1,-1,-1
2016420073723,1,98,0,5,0,0,0,0,0,0,4,1,6,1,-1,-1,-1,-1,-1,-1,-1,-1
2016420073723,2,1,0,18,0,0,0,0,0,0,3,1,5,1,53,8,-1,-1,-1,3,1,3
2016420073724,1,9,0,17,0,0,0,0,1,4,1,1,5,2,18,4,998,1,8,6,3,6
2016420073725,1,9,0,15,0,2,0,0,0,0,1,1,6,1,27,6,2184,2,7,8,3,8
2016420073726,1,9,0,16,0,2,1,0,0,0,1,1,6,1,18,4,1900,2,11,3,1,3
2016420073726,2,9,0,18,0,1,0,0,0,0,1,1,6,2,23,5,1242,1,10,3,1,3
2016420073728,1,9,0,18,0,2,0,0,0,0,1,1,2,1,42,7,1990,1,23,3,1,3
2016420073728,2,9,0,18,0,3,0,0,0,0,2,1,5,2,38,7,1242,1,10,2,1,2
2016420073734,1,3,0,18,0,0,0,11,1,0,1,1,5,1,44,7,125,1,8,4,1,4
2016420073764,1,9,0,5,0,6,0,0,0,0,1,1,5,1,86,11,1783,1,13,9,1,9
2016420073764,2,9,0,18,0,1,1,0,0,0,3,1,5,2,73,10,1388,1,6,4,1,4
2016420073798,1,9,0,9,0,8,0,0,0,0,1,1,6,2,47,8,1461,2,1,10,3,10
2016420073798,2,1,0,3,0,1,0,0,0,0,1,1,6,1,42,7,-1,-1,-1,10,2,10
2016420074192,1,21,1,4,0,1,5,0,0,0,3,2,1,1,64,9,-1,-1,-1,-1,-1,-1
2016420074230,1,9,0,18,0,0,0,0,0,0,1,1,2,1,28,6,-1,-1,-1,4,1,4
2016420074230,2,9,0,4,0,0,0,0,0,0,2,1,2,2,56,9,1388,1,7,5,1,5
2016420074236,1,9,0,7,0,3,1,10,0,0,1,1,5,1,45,7,1275,1,19,2,1,2
2016420074239,1,20,0,5,0,4,0,0,0,0,1,1,2,1,30,6,2148,2,8,2,1,2
2016420074239,2,9,0,5,0,4,0,0,0,0,2,1,6,2,52,8,1461,2,12,4,1,4
2016420074242,1,90,0,9,0,0,2,0,0,0,0,1,6,1,24,5,-1,-1,-1,-1,-1,-1
2016420074362,1,9,0,18,0,0,0,0,0,0,1,1,1,1,35,6,1598,2,4,3,1,3
2016420074362,2,9,0,4,0,0,0,0,0,0,2,1,6,1,69,10,1199,2,4,9,1,9
2016420074537,1,10,0,9,0,6,0,0,0,0,1,1,1,2,59,9,2198,2,7,5,1,5
2016420074537,2,1,0,18,0,8,0,0,0,0,1,1,6,1,37,7,-1,-1,-1,5,1,5
2016420074560,1,19,0,4,0,0,0,0,0,0,1,1,1,1,41,7,1968,2,6,7,1,7
2016420074560,2,5,0,4,0,0,0,0,0,0,1,1,5,1,56,9,1690,1,5,5,3,5
2016420074560,3,9,0,4,0,0,0,0,0,0,2,1,6,2,46,8,1242,1,4,8,1,8
2016420074567,1,5,0,16,0,0,2,0,0,0,1,1,5,1,22,5,599,1,5,-1,-1,-1
2016420074567,2,5,0,17,0,0,0,0,1,0,1,1,5,1,51,8,599,1,15,3,1,3
2016420074567,3,5,0,17,0,0,0,0,0,0,1,1,5,1,53,8,999,1,4,2,1,2
2016420074567,4,5,0,16,0,0,0,0,0,0,0,1,5,2,50,8,1099,1,9,6,2,6
2016420074621,1,11,0,4,0,0,0,0,0,0,1,1,1,1,62,9,6700,2,3,1,1,1
2016420074635,1,9,0,18,0,3,0,0,0,0,1,1,2,1,27,6,1781,1,13,7,2,7
2016420074636,1,1,0,18,5,0,0,0,0,0,1,1,4,1,13,3,-1,-1,-1,-1,-1,-1
2016420074637,1,2,0,7,0,3,0,0,0,0,4,1,1,1,18,4,49,1,8,4,1,4
2016420074638,1,9,0,18,0,0,0,0,0,0,1,1,6,2,79,11,1493,2,6,3,1,3
2016420074655,1,9,0,18,0,0,0,0,0,0,4,1,6,1,72,10,2198,1,14,3,1,3
2016420074656,1,9,0,18,0,4,0,0,0,0,1,1,6,2,54,8,1997,2,11,8,1,8
2016420074656,2,1,0,18,0,8,0,0,0,0,2,1,6,2,55,8,-1,-1,-1,10,1,10
2016420074663,1,21,1,18,0,0,1,0,0,0,1,1,1,1,55,8,-1,-1,-1,6,3,6
2016420074663,2,20,5,4,0,0,0,0,0,0,2,1,1,1,42,7,9364,2,9,8,1,8
2016420074676,1,9,0,15,0,0,2,0,7,0,0,1,6,1,29,6,1098,1,-1,5,3,5
2016420074679,1,3,0,16,0,0,1,0,0,0,3,1,5,1,18,4,124,1,1,2,3,2
2016420074679,2,9,0,17,0,0,0,0,0,0,3,1,6,2,66,10,1995,2,2,7,2,7
2016420074681,1,9,0,18,0,0,1,0,0,0,1,1,5,1,26,6,1910,2,16,1,1,1
2016420074681,2,9,0,18,0,0,0,0,0,0,2,1,2,1,42,7,1995,2,12,4,1,4
2016420074691,1,9,0,18,0,2,0,0,7,0,1,1,2,1,42,7,1596,1,13,6,1,6
2016420074713,1,1,0,16,0,1,1,0,0,0,1,1,5,1,46,8,-1,-1,-1,7,3,7
2016420074713,2,9,0,17,0,1,0,0,0,0,1,1,2,2,19,4,1242,1,2,5,1,5
2016420074716,1,21,1,18,0,0,0,0,0,0,1,1,1,1,65,9,4462,2,3,7,1,7
2016420074722,1,9,0,18,0,0,5,0,1,2,1,1,5,1,30,6,1600,1,12,7,1,7
2016420074726,1,9,0,18,0,0,2,0,7,0,1,1,5,1,23,5,1998,1,13,7,3,7
2016420074726,2,9,0,18,0,0,0,0,0,0,2,1,6,3,-1,-1,-1,-1,-1,-1,-1,-1
2016420074919,1,9,0,18,0,0,1,6,7,0,4,2,1,2,18,4,1240,1,11,8,3,8
2016420074952,1,9,0,18,0,8,0,0,0,0,1,1,6,3,16,4,2972,1,25,-1,-1,-1
2016420074952,2,9,0,3,0,8,0,0,0,0,3,1,5,2,42,7,1956,2,2,1,1,1
2016420074979,1,9,0,18,0,8,0,0,0,0,3,1,6,2,24,5,1229,1,2,3,1,3
2016420074979,2,9,0,18,0,8,0,0,0,0,1,1,6,1,28,6,1242,1,7,9,1,9
2016420075012,1,9,0,18,0,0,0,0,7,0,1,1,5,2,48,8,1781,1,14,7,1,7
2016420075033,1,19,0,18,0,0,0,0,0,0,1,1,1,1,29,6,2143,2,2,5,1,5
2016420075033,2,1,0,18,0,0,0,0,0,0,3,1,6,1,14,3,-1,-1,-1,2,1,2
2016420075117,1,9,0,18,0,0,0,0,0,0,1,1,5,1,63,9,1998,1,29,7,3,7
2016420075119,1,9,0,3,0,1,0,0,0,0,1,1,5,2,28,6,998,1,10,-1,-1,-1
2016420075119,2,9,0,3,0,1,0,0,0,0,2,1,6,1,40,7,-1,-1,-1,-1,-1,-1
2016420075120,1,9,0,18,0,0,1,0,0,0,3,1,6,1,63,9,1997,2,15,7,1,7
2016420075121,1,9,0,12,0,3,0,0,0,0,1,1,6,2,34,6,1242,1,7,7,1,7
2016420075121,2,9,0,18,0,3,0,0,0,0,4,1,6,1,25,5,1398,1,1,10,1,10
2016420075123,1,9,0,18,0,2,2,0,7,0,1,1,6,1,28,6,1199,1,14,5,1,5
2016420075128,1,9,0,18,0,4,0,0,0,0,1,1,6,2,54,8,2400,2,7,6,3,6
2016420075128,2,1,0,18,0,8,0,0,0,0,4,1,6,1,52,8,-1,-1,-1,9,1,9
2016420075220,1,1,0,18,0,0,0,0,0,0,3,1,5,1,48,8,-1,-1,-1,-1,-1,-1
2016420075220,2,19,0,15,0,0,0,0,0,0,1,1,1,1,34,6,2198,2,3,9,1,9
2016420075225,1,9,0,18,0,3,0,0,0,0,1,1,6,2,55,8,1498,1,-1,1,1,1
2016420075225,2,9,0,18,0,8,0,0,0,0,3,1,6,2,23,5,1242,1,6,8,1,8
2016420075276,1,9,0,18,0,0,0,0,0,0,1,1,2,1,39,7,2143,2,2,6,1,6
2016420075276,2,9,0,4,0,0,0,0,0,0,2,1,5,1,30,6,1896,2,13,6,1,6
2016420075622,1,9,0,16,0,0,1,0,0,0,1,1,6,1,22,5,1199,1,15,5,2,5
2016420075622,2,9,0,18,0,0,1,0,1,0,1,1,5,1,33,6,-1,-1,-1,6,3,6
2016420075667,1,5,0,4,0,2,0,0,0,0,1,1,5,1,24,5,599,1,6,4,1,4
2016420075667,2,9,0,4,0,2,0,0,0,0,2,1,5,2,25,5,1364,1,8,6,3,6
2016420075668,1,9,0,18,0,0,0,0,0,0,1,1,6,1,25,5,1242,1,15,2,1,2
2016420075668,2,9,0,4,0,0,0,0,0,0,2,1,6,2,19,4,998,1,15,7,3,7
2016420075668,3,9,0,4,0,0,0,0,0,0,2,1,6,2,30,6,1560,2,10,4,1,4
2016420075669,1,9,0,18,0,3,0,0,0,0,1,1,5,1,26,6,-1,-1,-1,10,3,10
2016420075669,2,9,0,3,0,3,0,0,0,0,2,1,6,2,37,7,1360,1,5,4,1,4
2016420075669,3,9,0,3,0,3,0,0,0,0,2,1,6,2,46,8,1997,2,2,7,3,7
2016420075671,1,3,0,18,0,8,5,0,0,0,4,1,1,2,37,7,124,1,3,5,2,5
2016420075673,1,9,0,4,0,0,1,0,0,0,1,1,2,1,34,6,-1,-1,-1,9,1,9
2016420075673,2,9,0,4,0,0,0,0,0,0,2,1,6,2,32,6,1398,1,6,5,1,5
2016420075689,1,9,0,18,0,1,0,0,0,0,4,1,6,1,-1,-1,1995,1,11,-1,-1,-1
2016420075717,1,9,0,18,0,0,0,0,0,0,1,1,6,1,-1,-1,1398,1,6,-1,-1,-1
2016420075717,2,9,0,3,0,0,0,0,0,0,2,1,6,1,32,6,-1,-1,-1,9,1,9
2016420075794,1,9,0,16,0,0,0,0,0,0,1,1,2,2,57,9,1149,1,8,4,1,4
2016420075794,2,9,0,17,0,0,0,0,0,0,1,1,1,2,51,8,1242,1,4,9,1,9
2016420075878,1,9,0,4,0,2,0,0,0,0,1,1,5,1,82,11,2495,2,19,3,1,3
2016420076023,1,9,0,7,0,1,0,0,0,0,1,1,6,2,32,6,1968,2,4,2,1,2
2016420076023,2,1,0,7,0,1,0,0,0,0,4,1,6,1,27,6,-1,-1,-1,7,1,7
2016420076040,1,9,0,18,0,0,0,11,0,0,3,1,3,2,67,10,1149,1,6,3,1,3
2016420076166,1,9,0,5,0,4,0,0,0,0,1,1,5,1,46,8,2967,2,2,10,1,10
2016420076166,2,1,0,18,0,8,5,0,0,0,1,1,6,1,60,9,-1,-1,-1,4,1,4
2016420076167,1,9,0,4,0,1,0,0,3,0,1,1,6,2,35,6,1999,1,9,5,1,5
2016420076170,1,9,0,18,0,6,0,0,0,0,1,1,6,1,37,7,1598,2,1,3,1,3
2016420076170,2,9,0,18,0,8,0,0,0,0,1,1,5,1,27,6,1956,2,4,1,1,1
2016420076171,1,9,0,1,0,0,0,0,0,0,2,1,6,1,17,4,1598,2,5,7,1,7
2016420076171,2,9,0,18,0,0,0,0,0,0,4,1,6,2,50,8,3222,2,13,5,1,5
2016420076172,1,9,0,7,0,1,0,0,0,0,1,1,6,2,45,7,1598,1,8,7,1,7
2016420076172,2,9,0,3,0,4,0,0,0,0,3,1,5,2,24,5,1598,2,5,3,1,3
2016420076175,1,9,0,4,0,0,1,0,0,0,2,1,5,2,57,9,1389,1,11,5,1,5
2016420076175,2,9,0,4,0,0,0,4,0,0,1,1,2,2,23,5,1242,1,5,7,1,7
2016420076175,3,90,2,2,0,0,0,0,0,0,2,1,1,1,30,6,4116,2,10,5,1,5
2016420076203,1,9,0,7,0,0,0,0,0,0,1,1,6,2,62,9,998,1,7,9,2,9
2016420076215,1,8,0,18,0,0,0,7,0,0,1,1,1,2,40,7,1686,2,3,5,1,5
2016420076293,1,98,1,12,0,0,0,0,0,0,3,1,1,3,-1,-1,-1,-1,-1,-1,-1,-1
2016420076293,2,9,0,18,0,0,0,0,0,0,4,1,6,2,40,7,1360,1,13,4,1,4
2016420076299,1,11,0,18,0,0,0,0,0,0,0,1,1,1,64,9,11967,2,2,10,2,10
2016420076436,1,9,0,9,0,1,0,0,0,0,1,1,2,2,26,6,1149,1,7,4,1,4
2016420076436,2,9,0,18,0,1,0,0,0,0,1,1,2,1,52,8,1299,1,11,3,3,3
2016420076436,3,19,0,3,0,1,0,0,0,0,3,1,2,1,46,8,1560,2,2,8,1,8
2016420076465,1,9,0,18,0,0,0,0,0,0,3,1,6,2,-1,-1,1348,1,15,3,1,3
2016420076465,2,98,1,18,0,0,0,0,0,0,4,1,1,3,-1,-1,-1,-1,-1,-1,-1,-1
2016420076661,1,9,0,18,0,0,5,0,0,0,1,1,2,1,19,4,2000,1,16,6,3,6
2016420076661,2,9,0,18,0,0,0,0,0,0,3,1,5,2,56,9,1991,1,1,6,3,6
2016420076661,3,9,0,4,0,0,0,0,0,0,2,1,6,1,52,8,1596,1,11,10,1,10
2016420076661,4,21,1,4,0,0,0,0,0,0,2,1,1,1,35,6,12740,2,3,4,1,4
2016420076661,5,21,1,4,0,0,0,0,0,0,1,1,1,1,47,8,12809,2,4,-1,-1,-1
2016420076663,1,9,0,5,0,4,0,0,0,0,1,1,5,1,63,9,3628,2,7,5,3,5
2016420076663,2,1,0,18,0,8,0,0,0,0,4,1,2,1,50,8,-1,-1,-1,7,3,7
2016420076664,1,9,0,16,0,0,1,0,1,0,1,1,5,1,20,4,1399,2,12,5,2,5
2016420076664,2,9,0,17,0,0,0,0,0,0,3,1,6,2,36,7,4164,2,15,3,3,3
2016420076666,1,9,0,17,0,0,0,0,0,0,1,1,5,1,18,4,999,1,2,8,1,8
2016420076667,1,9,0,18,0,2,0,0,0,0,1,1,6,1,86,11,1246,1,10,8,1,8
2016420076667,2,9,0,18,0,1,0,0,0,0,4,1,6,1,38,7,1984,1,12,10,1,10
2016420076669,1,9,0,9,0,8,0,0,0,0,3,1,6,1,19,4,1242,1,17,8,1,8
2016420076669,2,9,0,18,0,8,0,0,0,0,3,1,2,1,41,7,-1,-1,-1,7,1,7
2016420076673,1,9,0,18,0,0,0,0,0,0,1,1,5,1,18,4,1149,1,13,7,2,7
2016420076673,2,19,0,18,0,0,0,0,0,0,1,1,1,1,30,6,1968,2,6,8,1,8
2016420076675,1,9,0,7,0,1,0,0,0,0,4,1,5,1,30,6,1590,1,15,8,1,8
2016420076675,2,1,0,18,0,1,0,0,0,0,1,1,2,1,36,7,-1,-1,-1,8,1,8
2016420076730,1,9,0,9,0,8,0,0,0,0,4,1,2,1,40,7,1595,1,15,4,1,4
2016420076730,2,9,0,18,0,8,0,0,0,0,1,1,2,1,29,6,2000,2,12,8,1,8
2016420076730,3,19,0,18,0,1,0,0,0,0,3,1,2,1,49,8,2198,2,2,6,1,6
2016420077010,1,19,0,18,0,0,0,0,0,0,1,1,1,1,62,9,2198,2,1,3,1,3
2016420077010,2,9,0,3,0,0,0,0,0,0,2,1,5,2,51,8,1956,2,5,6,1,6
2016420077076,1,9,0,5,0,2,0,0,0,0,1,1,5,2,21,5,1598,2,5,4,1,4
2016420077076,2,9,0,18,0,8,0,0,0,0,4,1,5,1,60,9,1781,1,19,5,2,5
2016420077082,1,8,0,18,0,0,0,0,0,0,1,1,1,1,34,6,1598,1,5,2,1,2
2016420077082,2,9,0,9,0,0,0,0,0,0,3,1,3,2,49,8,1598,2,5,1,1,1
2016420077083,1,9,0,4,0,1,0,0,0,0,2,1,5,2,44,7,1596,1,1,10,1,10
2016420077083,2,1,0,18,0,1,0,0,0,0,1,1,6,1,24,5,-1,-1,-1,10,1,10
2016420077084,1,9,0,5,0,8,0,0,0,0,4,1,5,2,42,7,2148,2,7,9,2,9
2016420077084,2,9,0,18,0,1,0,0,7,0,1,1,6,1,32,6,1242,1,13,2,1,2
2016420077084,3,9,0,18,0,1,0,0,0,0,1,1,6,1,32,6,1753,2,14,5,1,5
2016420077085,1,9,0,18,0,0,0,0,0,0,4,1,5,1,74,10,1997,2,8,8,2,8
2016420077085,2,1,0,4,0,0,2,0,0,0,1,1,6,1,12,3,-1,-1,-1,8,2,8
2016420077086,1,9,0,18,0,0,0,0,6,0,1,1,6,1,28,6,1598,1,3,7,1,7
2016420077087,1,9,0,9,0,0,0,0,0,0,3,1,5,2,22,5,1397,1,6,3,3,3
2016420077087,2,9,0,18,0,0,0,0,0,0,1,1,5,1,27,6,1999,1,10,2,1,2
2016420077088,1,19,0,9,0,0,0,0,0,0,4,2,1,1,42,7,2198,2,7,1,1,1
2016420077088,2,9,0,18,0,0,0,0,0,0,1,2,5,1,58,9,2400,2,6,10,1,10
2016420077096,1,9,0,13,0,0,0,0,0,0,4,1,6,2,66,10,1329,1,5,4,1,4
2016420077096,2,1,0,9,0,0,5,0,0,0,3,1,6,1,17,4,-1,-1,-1,-1,-1,-1
2016420077136,1,9,0,5,0,1,0,0,0,0,1,1,1,1,47,8,-1,-1,-1,1,1,1
2016420077167,1,9,0,18,0,0,0,0,0,0,1,1,5,1,51,8,2926,2,14,2,1,2
2016420077167,2,9,0,18,0,0,0,0,0,0,2,1,5,2,66,10,1360,1,9,5,1,5
2016420077185,1,9,0,9,0,8,0,0,0,0,4,1,6,1,21,5,1998,1,12,7,1,7
2016420077185,2,9,0,18,0,8,0,0,0,0,1,1,6,2,27,6,1388,1,10,4,1,4
2016420077189,1,9,0,18,0,0,0,0,0,0,1,1,6,2,46,8,1339,1,3,8,3,8
2016420077189,2,9,0,3,0,0,0,0,0,0,2,1,5,2,59,9,1970,1,17,8,2,8
2016420077190,1,9,0,18,9,2,0,0,0,0,1,1,6,1,-1,-1,-1,-1,-1,-1,-1,-1
2016420077194,1,9,0,9,0,3,0,0,0,0,1,1,5,1,24,5,1596,1,9,3,1,3
2016420077211,1,9,0,1,0,8,0,0,0,0,2,1,5,1,24,5,1798,1,12,3,1,3
2016420077211,2,9,0,18,0,8,0,0,0,0,1,1,6,2,28,6,2987,2,3,1,1,1
2016420077211,3,9,0,18,0,8,0,0,0,0,1,1,1,1,45,7,2993,2,1,6,1,6
2016420077212,1,9,0,18,0,2,0,0,0,0,1,1,6,1,81,11,1398,1,2,4,1,4
2016420077212,2,9,0,18,0,1,0,0,0,0,1,1,5,2,36,7,1299,1,12,4,1,4
2016420077213,1,9,0,18,0,0,1,0,2,2,1,1,5,1,23,5,1995,2,3,5,1,5
2016420077214,1,9,0,18,0,1,0,0,7,1,4,1,2,2,18,4,1242,1,7,9,1,9
2016420077214,2,9,0,18,0,1,0,0,0,0,1,1,5,1,48,8,1986,1,24,2,1,2
2016420077218,1,9,0,18,0,1,0,0,0,0,0,1,6,3,-1,-1,-1,-1,-1,-1,-1,-1
2016420077218,2,9,0,4,0,1,0,0,0,0,2,1,5,2,25,5,1598,1,3,2,1,2
2016420077218,3,5,0,18,0,1,0,0,0,0,1,1,5,1,33,6,1470,1,20,9,1,9
2016420077240,1,9,0,18,0,0,0,4,0,0,1,1,5,2,23,5,1124,1,13,4,1,4
2016420077240,2,9,0,2,0,0,0,0,0,0,2,1,6,3,-1,-1,-1,-1,-1,-1,-1,-1
2016420077359,1,9,0,17,0,0,1,0,1,4,3,1,1,1,26,6,1199,1,13,2,1,2
2016420077389,1,-1,0,18,0,1,0,0,0,0,1,1,1,1,48,8,-1,-1,-1,2,1,2
2016420077389,2,9,0,3,0,1,0,0,0,0,2,1,6,2,20,4,1400,1,10,8,1,8
2016420077389,3,9,0,3,0,1,0,0,0,0,2,1,6,1,59,9,1398,1,2,4,1,4
2016420077477,1,9,0,18,0,0,1,0,0,0,1,1,6,2,31,6,1799,1,8,10,1,10
2016420077477,2,8,0,18,0,0,1,11,0,0,2,1,6,1,34,6,1797,8,6,4,1,4
2016420077477,3,9,0,18,0,0,1,11,0,0,1,1,6,1,36,7,1794,1,8,3,1,3
2016420077477,4,9,0,18,0,0,1,1,0,0,1,1,6,1,52,8,1995,2,6,7,3,7
2016420077477,5,9,0,18,0,0,1,1,0,0,1,1,6,1,26,6,1995,1,10,5,2,5
2016420077486,1,9,0,18,0,8,0,0,0,0,1,1,6,2,29,6,1968,2,11,4,1,4
2016420077486,2,1,0,18,9,8,0,0,1,0,2,1,2,1,43,7,-1,-1,-1,4,1,4
2016420077490,1,9,0,16,0,0,0,0,0,0,3,1,5,2,38,7,1969,2,1,5,1,5
2016420077490,2,8,0,17,0,0,0,0,0,0,3,1,5,1,61,9,2402,2,12,6,1,6
2016420077490,3,21,1,2,6,0,0,0,0,0,2,1,1,1,62,9,12777,2,9,10,1,10
2016420077521,1,9,0,5,0,6,0,0,0,0,1,1,6,2,18,4,1242,1,3,10,1,10
2016420077521,2,9,0,18,0,8,0,0,0,0,4,1,6,2,19,4,998,1,11,6,1,6
2016420077526,1,9,0,13,0,2,1,0,7,0,1,1,6,1,33,6,1598,1,5,4,1,4
2016420077543,1,9,0,18,0,0,1,0,0,0,3,1,6,1,25,5,1242,1,15,-1,-1,-1
2016420077543,2,9,0,18,0,0,0,0,0,0,3,1,5,1,31,6,1560,2,5,6,1,6
2016420077581,1,9,0,5,0,0,0,0,5,0,1,1,5,1,18,4,1229,1,1,9,3,9
2016420077581,2,2,0,5,0,0,0,0,0,0,2,1,1,1,58,9,49,1,-1,7,2,7
2016420077581,3,9,0,5,0,0,0,0,0,0,1,1,1,1,55,8,1598,1,6,7,2,7
2016420077581,4,9,0,18,0,0,0,0,0,0,1,1,6,1,36,7,1596,1,13,6,2,6