Accident_Index,Vehicle_Reference,Vehicle_Type,Towing_and_Articulation,Vehicle_Manoeuvre,Vehicle_Location-Restricted_Lane,Junction_Location,Skidding_and_Overturning,Hit_Object_in_Carriageway,Vehicle_Leaving_Carriageway,Hit_Object_off_Carriageway,1st_Point_of_Impact,Was_Vehicle_Left_Hand_Drive?,Journey_Purpose_of_Driver,Sex_of_Driver,Age_of_Driver,Age_Band_of_Driver,Engine_Capacity_(CC),Propulsion_Code,Age_of_Vehicle,Driver_IMD_Decile,Driver_Home_Area_Type,Vehicle_IMD_Decile
2016420077604,1,9,0,7,0,1,0,0,0,0,1,1,6,1,20,4,1242,1,14,-1,-1,-1
2016420077604,2,9,0,18,0,1,0,0,0,0,1,1,5,2,47,8,1248,2,7,10,1,10
2016420077635,1,9,0,18,0,8,0,0,0,0,1,1,2,2,25,5,998,1,8,10,1,10
2016420077635,2,9,0,10,0,5,0,0,0,0,2,1,6,2,42,7,1587,1,15,8,1,8
2016420077638,1,9,0,11,0,0,2,0,1,4,4,1,5,2,18,4,1229,1,10,10,1,10
2016420077638,2,9,0,-1,0,0,0,0,0,0,1,1,6,3,-1,-1,-1,-1,-1,-1,-1,-1
2016420077640,1,9,0,18,0,0,1,0,0,0,1,1,6,1,18,4,1995,1,13,6,1,6
2016420077641,1,1,0,18,0,0,0,0,0,0,4,1,5,1,9,2,-1,-1,-1,5,1,5
2016420077641,2,9,0,5,0,0,0,0,0,0,1,1,5,1,31,6,1596,1,13,9,1,9
2016420077730,1,1,0,18,0,0,0,0,0,0,3,1,6,1,19,4,-1,-1,-1,3,1,3
2016420077730,2,9,0,18,0,0,0,0,0,0,4,1,6,1,79,11,1997,2,10,4,1,4
2016420077748,1,9,0,18,0,1,0,0,0,0,1,1,1,1,43,7,1598,1,1,2,1,2
2016420077930,1,9,0,14,0,0,0,0,0,0,4,1,6,2,19,4,1149,1,9,9,1,9
2016420077930,2,9,0,3,0,0,0,0,0,0,3,1,6,2,42,7,1984,1,14,7,1,7
2016420077930,3,9,0,3,0,0,0,0,0,0,3,1,6,1,19,4,1328,1,6,5,1,5
2016420077960,1,9,0,18,0,4,1,0,0,0,1,1,6,1,24,5,2979,1,15,2,1,2
2016420078010,1,98,1,4,0,5,0,0,0,0,1,1,1,1,-1,-1,-1,-1,-1,-1,-1,-1
2016420078010,2,9,0,4,0,5,0,0,0,0,2,1,6,2,24,5,1242,1,6,9,2,9
2016420078025,1,9,0,18,0,0,0,4,0,0,1,1,1,2,22,5,1149,1,12,6,3,6
2016420078025,2,9,0,2,0,0,0,0,0,0,3,1,6,3,-1,-1,-1,-1,-1,-1,-1,-1
2016420078057,1,9,0,1,0,0,0,0,0,0,2,2,5,1,82,11,1984,1,11,10,1,10
2016420078057,2,9,0,18,0,0,0,0,0,0,3,2,6,1,53,8,-1,-1,-1,9,1,9
2016420078057,3,9,0,18,0,0,0,0,0,0,4,2,5,2,48,8,1998,2,7,1,1,1
2016420078068,1,9,0,9,0,8,0,0,0,0,1,1,2,1,23,5,1968,2,7,10,1,10
2016420078068,2,9,0,18,0,1,0,0,0,0,1,1,2,1,24,5,1968,2,2,5,3,5
2016420078069,1,9,0,18,9,0,0,0,0,0,4,1,6,2,36,7,1997,2,-1,8,2,8
2016420078069,2,22,0,18,9,0,0,0,0,0,3,1,6,1,83,11,-1,-1,-1,4,1,4
2016420078070,1,9,0,18,0,0,0,0,7,11,1,1,6,1,52,8,2400,2,1,8,1,8
2016420078070,2,9,0,18,0,0,0,0,0,0,3,1,6,1,30,6,1349,1,2,7,2,7
2016420078071,1,9,0,11,0,4,0,9,0,0,1,1,5,1,57,9,1560,2,2,1,1,1
2016420078071,2,9,0,3,0,1,0,0,0,0,3,1,6,1,70,10,-1,-1,-1,9,2,9
2016420078071,3,9,0,3,0,1,0,0,0,0,3,1,6,2,34,6,998,1,3,10,1,10
2016420078071,4,9,0,3,0,1,0,0,0,0,3,1,6,1,28,6,799,2,4,8,1,8
2016420078071,5,9,0,18,0,3,0,0,0,0,3,1,5,1,48,8,-1,-1,-1,6,1,6
2016420078072,1,9,0,17,0,1,0,0,1,4,1,1,5,1,33,6,1796,1,14,8,1,8
2016420078160,1,9,0,9,0,0,0,0,0,0,4,1,1,1,40,7,1997,2,3,6,1,6
2016420078160,2,1,0,18,0,0,0,0,0,0,1,1,6,1,38,7,-1,-1,-1,9,3,9
2016420078324,1,1,0,18,0,0,0,0,0,0,2,1,6,2,-1,-1,-1,-1,-1,7,1,7
2016420078324,2,9,0,18,0,0,0,0,0,0,1,1,6,2,19,4,1598,1,10,8,1,8
2016420078387,1,9,0,18,0,4,0,0,0,0,1,1,6,2,56,9,1499,1,1,2,1,2
2016420078387,2,5,0,18,0,3,2,0,1,0,3,1,2,1,29,6,599,1,11,4,1,4
2016420078423,1,90,1,12,0,0,0,0,0,0,3,2,1,1,54,8,-1,-1,-1,-1,-1,-1
2016420078423,2,9,0,18,0,0,0,0,0,0,4,1,5,1,56,9,1998,2,11,2,1,2
2016420078490,1,9,0,18,0,8,0,0,0,0,3,1,6,2,57,9,1998,1,19,5,1,5
2016420078490,2,9,0,18,0,1,0,0,0,0,1,1,6,2,48,8,1596,1,6,5,1,5
2016420078538,1,9,0,18,0,1,0,0,0,0,1,1,5,2,50,8,3199,1,12,5,1,5
2016420078538,2,1,0,14,0,6,0,0,0,0,1,1,6,1,12,3,-1,-1,-1,5,1,5
2016420078540,1,9,0,18,0,0,0,0,0,0,4,1,2,1,24,5,1598,1,3,4,1,4
2016420078545,1,9,0,16,0,0,0,0,0,0,1,1,1,1,19,4,1149,1,15,7,1,7
2016420078545,2,9,0,17,0,0,0,0,0,0,1,1,6,1,43,7,2148,2,11,2,1,2
2016420078546,1,9,0,9,0,8,0,0,0,0,1,1,6,2,27,6,1364,2,10,5,2,5
2016420078546,2,5,0,18,0,1,0,0,1,0,3,1,2,1,20,4,1100,1,31,1,1,1
2016420078547,1,9,0,9,0,0,0,0,7,0,4,1,5,2,43,7,1995,1,14,6,3,6
2016420078547,2,9,0,17,0,0,1,0,1,0,1,1,5,1,25,5,1896,2,14,7,3,7
2016420078772,1,9,0,9,0,1,0,0,0,0,3,1,2,2,20,4,1598,1,4,5,1,5
2016420078772,2,9,0,18,0,1,1,0,0,0,1,1,2,1,20,4,1242,1,1,1,1,1
2016420078824,1,3,0,18,0,0,2,0,0,0,0,1,2,1,18,4,125,1,7,1,1,1
2016420078833,1,-1,0,18,0,0,0,0,0,0,4,1,6,3,-1,-1,-1,-1,-1,-1,-1,-1
2016420078862,1,3,0,17,0,0,0,0,1,3,4,1,2,1,17,4,125,1,-1,3,3,3
2016420078909,1,9,0,16,0,0,2,0,0,0,3,1,5,2,33,6,1984,1,15,7,1,7
2016420078909,2,9,0,18,0,0,0,0,0,0,3,1,5,1,56,9,1989,1,15,4,1,4
2016420078932,1,1,0,18,0,0,0,0,0,0,3,1,6,1,-1,-1,-1,-1,-1,10,3,10
2016420078932,2,9,0,18,0,0,0,0,0,0,4,1,6,2,-1,-1,1596,1,10,8,3,8
2016420078969,1,9,0,18,0,0,0,0,0,0,1,1,5,1,26,6,1339,1,7,7,1,7
2016420078969,2,9,0,18,0,0,0,0,0,0,2,1,5,1,77,11,1560,2,8,6,1,6
2016420079015,1,9,0,5,0,3,0,0,0,0,3,1,5,2,59,9,1590,1,15,-1,-1,-1
2016420079015,2,1,0,9,0,8,0,0,0,0,1,1,5,1,24,5,-1,-1,-1,1,1,1
2016420079018,1,9,0,17,0,0,2,10,1,11,1,1,6,1,52,8,1061,1,11,6,3,6
2016420079020,1,9,0,18,0,0,1,0,1,4,4,1,1,1,40,7,-1,-1,-1,-1,-1,-1
2016420079022,1,21,0,9,0,1,0,0,0,0,3,1,2,1,54,8,-1,-1,-1,6,1,6
2016420079022,2,3,0,3,0,1,1,0,0,0,1,1,5,1,22,5,125,1,9,1,1,1
2016420079024,1,21,0,18,0,8,0,0,0,0,1,1,1,1,54,8,-1,-1,-1,10,1,10
2016420079024,2,1,0,18,0,8,0,0,0,0,2,1,5,2,49,8,-1,-1,-1,10,1,10
2016420079066,1,90,0,18,0,0,0,0,0,0,1,1,1,1,25,5,2298,2,-1,4,1,4
2016420079066,2,9,0,18,0,0,0,0,0,0,1,1,6,1,57,9,3311,8,11,8,1,8
2016420079093,1,9,0,4,0,0,0,0,0,0,2,1,6,1,43,7,1998,2,12,3,1,3
2016420079093,2,9,0,18,0,0,1,0,0,0,1,1,6,3,-1,-1,-1,-1,-1,-1,-1,-1
2016420079093,3,9,0,18,0,0,0,0,0,0,1,1,6,1,45,7,1870,2,6,5,1,5
2016420079112,1,9,0,9,0,5,0,0,0,0,4,1,1,1,25,5,1496,2,1,10,1,10
2016420079112,2,9,0,18,0,1,0,0,0,0,1,1,5,2,55,8,1598,1,10,10,1,10
2016420079160,1,19,0,5,0,0,0,0,0,0,1,1,1,1,53,8,2143,2,2,2,1,2
2016420079160,2,5,0,18,0,0,5,0,0,0,3,1,5,1,41,7,750,1,5,5,1,5
2016420079175,1,9,0,18,0,0,2,0,8,0,1,1,2,1,66,10,2720,2,8,8,2,8
2016420079337,1,3,0,13,0,1,0,0,0,0,1,1,6,1,22,5,124,1,6,9,1,9
2016420079337,2,9,0,9,0,8,0,0,0,0,3,1,6,2,44,7,2179,2,2,10,1,10
2016420079477,1,9,0,9,0,6,0,0,0,0,1,1,5,1,21,5,1596,1,10,7,1,7
2016420079480,1,9,0,18,0,0,0,0,0,0,1,1,5,2,62,9,1910,2,8,2,1,2
2016420079480,2,19,0,4,0,0,0,0,0,0,2,1,1,1,38,7,1560,2,1,4,1,4
2016420079483,1,9,0,18,0,8,0,0,0,0,1,1,6,1,32,6,-1,-1,-1,7,1,7
2016420079483,2,9,0,10,0,8,0,0,0,0,2,1,6,1,26,6,1995,2,5,6,1,6
2016420079485,1,9,0,7,0,3,0,0,0,0,4,1,6,1,53,8,4282,1,10,7,3,7
2016420079485,2,9,0,18,0,8,0,0,0,0,3,1,6,1,49,8,1956,2,5,10,1,10
2016420079486,1,8,0,18,0,0,1,0,0,0,1,1,1,1,28,6,2499,2,8,2,1,2
2016420079486,2,9,0,4,0,0,0,0,0,0,4,1,2,2,52,8,2198,1,12,10,1,10
2016420079488,1,9,0,7,0,6,0,0,0,0,1,1,5,1,18,4,1360,1,13,9,1,9
2016420079488,2,9,0,18,0,1,0,0,0,0,1,1,5,2,17,4,1388,1,5,7,1,7
2016420079512,1,21,1,12,0,0,0,0,0,0,1,2,1,1,40,7,-1,-1,-1,-1,-1,-1
2016420079512,2,9,0,18,0,0,1,7,0,0,4,1,5,1,57,9,1798,8,2,5,1,5
2016420079528,1,9,0,18,0,8,0,0,0,0,1,1,6,1,34,6,1796,1,14,5,2,5
2016420079528,2,9,0,5,0,8,0,0,0,0,3,1,2,2,32,6,1596,1,12,1,1,1
2016420079565,1,9,0,5,0,1,0,0,0,0,1,1,5,1,24,5,2993,2,4,7,1,7
2016420079566,1,9,0,18,0,0,0,4,0,0,1,1,2,2,27,6,1332,1,18,3,2,3
2016420079566,2,9,0,2,6,0,0,0,0,0,2,1,1,2,47,8,1461,2,3,3,1,3
2016420079568,1,9,0,9,0,8,0,0,0,0,3,1,6,1,43,7,-1,-1,-1,8,1,8
2016420079568,2,9,0,18,0,8,0,0,0,0,1,1,1,1,28,6,1796,1,16,4,1,4
2016420079568,3,9,0,18,0,1,0,0,0,0,1,1,6,1,59,9,1796,1,12,6,1,6
2016420079571,1,8,0,18,0,0,0,0,0,0,1,1,6,2,52,8,-1,-1,-1,7,1,7
2016420079571,2,8,0,18,0,0,0,0,0,0,1,1,1,1,52,8,1995,2,-1,1,1,1
2016420079574,1,9,0,18,0,0,1,0,2,0,1,1,6,2,37,7,2979,1,13,4,1,4
2016420079578,1,11,0,4,0,1,0,0,0,0,1,1,1,1,64,9,5900,2,16,3,1,3
2016420079578,2,9,0,4,0,1,0,0,0,0,2,1,6,2,34,6,1986,2,9,9,2,9
2016420079585,1,9,0,18,0,0,5,0,0,0,1,1,5,1,69,10,3248,1,18,4,1,4
2016420079585,2,9,0,18,0,0,0,0,0,0,1,1,5,1,53,8,2893,1,5,9,1,9
2016420079587,1,3,0,13,0,8,5,0,0,0,1,1,6,1,24,5,124,1,4,7,1,7
2016420079587,2,9,0,9,0,8,0,0,0,0,2,1,6,1,66,10,1995,2,4,10,1,10
2016420079595,1,9,0,18,0,0,0,0,7,0,1,1,5,2,43,7,1398,2,4,5,1,5
2016420079617,1,9,0,18,0,0,0,0,0,0,1,1,1,1,47,8,1995,2,9,6,1,6
2016420079617,2,21,0,18,0,0,0,0,0,0,2,1,1,1,58,9,2402,2,6,2,1,2
2016420079636,1,9,0,18,0,0,1,0,4,0,1,1,5,2,55,8,1582,2,8,3,1,3
2016420079636,2,19,0,18,0,0,1,0,4,0,2,1,6,1,57,9,1995,2,5,8,1,8
2016420079678,1,9,0,18,0,0,0,0,0,0,4,1,6,3,-1,-1,1596,1,12,-1,-1,-1
2016420079678,2,9,0,2,0,0,0,0,0,0,4,1,6,1,31,6,1995,2,2,4,1,4
2016420079705,1,19,0,18,0,8,0,0,0,0,3,1,6,1,-1,-1,2198,2,1,-1,-1,-1
2016420079705,2,9,0,10,0,8,0,0,0,0,4,1,5,2,30,6,1388,1,14,4,1,4
2016420079714,1,9,0,18,0,4,0,0,0,0,1,1,6,1,17,4,998,1,1,3,1,3
2016420079714,2,1,0,9,0,3,0,0,0,0,4,1,6,1,43,7,-1,-1,-1,1,1,1
2016420079849,1,9,0,2,0,0,0,0,0,0,0,1,2,2,51,8,1998,1,13,2,1,2
2016420079849,2,19,0,4,0,0,0,0,0,0,2,1,1,1,40,7,10837,2,1,4,1,4
2016420079849,3,19,0,18,0,0,0,0,0,0,1,1,1,1,49,8,-1,-1,-1,6,1,6
2016420079849,4,19,4,12,0,0,1,0,0,0,1,1,1,1,56,9,-1,-1,-1,9,1,9
2016420079849,5,9,0,18,0,0,0,0,0,0,1,1,6,2,23,5,1968,2,6,7,3,7
2016420079894,1,9,0,3,0,4,0,0,0,0,2,1,5,2,38,7,1299,1,14,2,1,2
2016420079894,2,9,0,18,0,4,0,0,0,0,1,1,5,1,79,11,1598,1,16,-1,-1,-1
2016420079955,1,1,0,12,0,0,0,0,0,0,1,1,5,1,14,3,-1,-1,-1,8,1,8
2016420079955,2,9,0,18,0,0,0,0,0,0,4,1,6,2,70,10,1242,1,14,9,1,9
2016420079956,1,5,0,14,0,0,0,0,0,0,1,1,6,1,-1,-1,-1,-1,-1,-1,-1,-1
2016420079957,1,5,0,9,0,8,1,0,0,0,3,1,5,1,53,8,773,1,4,10,1,10
2016420079958,1,9,0,18,0,2,0,0,0,0,1,1,5,1,43,7,1196,1,20,5,1,5
2016420079958,2,9,0,18,0,1,0,0,0,0,1,1,5,2,41,7,1685,2,3,8,3,8
2016420079959,1,9,0,18,0,0,2,0,1,0,4,1,6,2,43,7,1086,1,10,1,1,1
2016420079959,2,98,0,12,0,0,0,0,0,0,1,1,1,3,-1,-1,-1,-1,-1,-1,-1,-1
2016420079960,1,9,0,18,0,0,0,0,0,0,2,1,5,1,57,9,1968,2,3,-1,-1,-1
2016420079960,2,9,0,18,0,0,0,0,0,0,1,1,6,1,25,5,1124,1,15,6,1,6
2016420079964,1,9,0,18,0,4,1,9,7,0,1,1,6,1,25,5,1968,2,2,4,1,4
2016420079967,1,9,0,18,0,0,1,0,7,0,4,1,6,2,22,5,1299,1,12,4,1,4
2016420079967,2,3,0,18,0,0,0,0,0,0,1,1,5,1,21,5,125,1,5,7,1,7
2016420079977,1,9,0,18,0,1,2,10,7,0,1,1,6,1,18,4,-1,-1,-1,5,3,5
2016420080005,1,9,0,5,0,2,0,0,0,0,2,1,1,1,28,6,599,1,14,5,1,5
2016420080005,2,19,0,5,0,1,0,0,0,0,1,1,1,1,34,6,1560,2,-1,8,1,8
2016420080220,1,9,0,17,0,0,2,0,0,0,1,1,5,1,19,4,1242,1,13,10,3,10
2016420080256,1,-1,0,18,0,0,0,0,0,0,0,1,6,3,-1,-1,-1,-1,-1,-1,-1,-1
2016420080301,1,9,0,18,0,1,0,0,0,0,1,1,6,3,-1,-1,2496,2,12,-1,-1,-1
2016420080301,2,19,0,3,0,1,0,0,0,0,2,1,1,1,25,5,2287,2,-1,4,1,4
2016420080346,1,9,0,9,0,1,0,0,0,0,1,1,6,1,-1,-1,1396,1,19,-1,-1,-1
2016420080346,2,9,0,5,0,6,0,0,0,0,1,1,6,1,33,6,1598,1,11,4,1,4
2016420080408,1,19,0,16,9,2,1,0,7,0,1,1,5,1,34,6,2664,2,14,2,1,2
2016420080409,1,9,0,17,0,0,0,0,0,0,1,1,5,2,20,4,1149,1,1,6,3,6
2016420080409,2,9,0,18,0,0,0,0,0,0,2,1,1,1,42,7,1560,2,3,2,1,2
2016420080411,1,4,0,18,0,0,2,0,1,0,0,1,5,1,52,8,200,1,48,5,1,5
2016420080543,1,9,0,5,0,8,0,0,0,0,4,1,1,1,61,9,-1,-1,-1,10,2,10
2016420080543,2,1,0,18,0,8,0,0,0,0,1,1,6,1,34,6,-1,-1,-1,10,1,10
2016420080700,1,9,0,18,0,0,0,0,0,0,1,1,6,3,-1,-1,-1,-1,-1,-1,-1,-1
2016420080700,2,1,0,18,0,0,0,0,1,0,2,1,6,1,25,5,-1,-1,-1,3,1,3
2016420080827,1,5,0,18,0,1,0,0,0,0,0,1,5,1,47,8,955,1,13,1,1,1
2016420080827,2,9,0,18,0,1,0,0,0,0,0,1,5,1,71,10,1781,1,18,1,1,1
2016420080862,1,21,1,12,0,0,0,0,0,0,3,2,1,1,37,7,-1,-1,-1,-1,-1,-1
2016420080862,2,9,0,18,0,0,1,0,1,0,4,1,5,1,29,6,1995,2,13,8,1,8
2016420080863,1,3,0,18,0,0,5,0,0,0,3,1,5,1,17,4,124,1,2,5,3,5
2016420081080,1,9,0,17,0,0,1,0,0,0,1,1,2,1,20,4,1368,1,10,4,1,4
2016420081080,2,8,0,18,0,0,0,0,0,0,1,1,1,1,50,8,-1,-1,-1,6,3,6
2016420081174,1,1,0,18,0,1,0,0,0,0,3,1,6,1,10,2,-1,-1,-1,9,1,9
2016420081174,2,9,0,4,0,1,0,0,0,0,4,1,6,1,55,8,1598,2,4,9,1,9
2016420081305,1,5,0,13,0,8,2,0,7,0,1,1,6,1,22,5,599,1,8,4,1,4
2016420081305,2,9,0,9,0,8,0,0,0,0,3,1,6,2,84,11,796,1,7,9,2,9
2016420081317,1,9,0,9,0,8,0,0,0,0,4,1,1,1,32,6,1399,2,11,7,1,7
2016420081317,2,5,0,18,0,8,5,0,0,0,1,1,2,1,33,6,955,1,14,2,1,2
2016420081331,1,9,0,9,0,2,0,0,0,0,3,1,6,2,57,9,1995,2,5,10,1,10
2016420081331,2,9,0,18,0,1,0,0,0,0,1,1,6,2,62,9,1560,2,4,8,3,8
2016420081332,1,9,0,5,0,4,0,0,0,0,3,1,2,1,53,8,1997,2,14,4,1,4
2016420081332,2,1,0,18,0,4,2,0,0,0,1,1,6,1,29,6,-1,-1,-1,6,1,6
2016420081333,1,1,0,18,0,0,5,0,0,0,2,1,6,1,16,4,-1,-1,-1,8,1,8
2016420081333,2,9,0,18,0,0,0,0,0,0,1,1,6,3,20,4,-1,-1,-1,-1,-1,-1
2016420081392,1,19,0,3,0,1,0,0,0,0,2,1,1,2,30,6,2143,2,5,7,3,7
2016420081392,2,9,0,18,0,1,1,0,0,0,1,1,6,1,28,6,2490,1,20,2,1,2
2016420081499,1,9,0,18,0,2,0,0,0,0,0,1,6,1,60,9,1400,1,18,3,1,3
2016420081569,1,1,0,18,0,2,1,0,0,0,1,1,6,1,15,3,-1,-1,-1,-1,-1,-1
2016420081569,2,1,0,18,0,1,2,0,0,0,1,1,6,1,67,10,-1,-1,-1,3,1,3
2016420081693,1,9,0,17,0,0,2,0,2,4,1,1,6,2,30,6,1242,1,9,9,2,9
2016420081710,1,9,0,18,0,0,0,0,0,0,1,1,6,2,35,6,2494,1,13,8,1,8
2016420081711,1,3,0,18,0,0,2,0,1,0,4,1,2,1,20,4,125,1,5,6,2,6
2016420081712,1,9,0,9,0,0,0,0,0,0,3,1,5,1,38,7,1910,2,10,2,1,2
2016420081712,2,3,0,18,0,0,0,0,0,0,1,1,5,1,20,4,125,1,8,3,1,3
2016420081714,1,9,0,1,0,6,0,0,0,0,2,1,2,1,30,6,1956,2,4,5,2,5
2016420081714,2,1,0,18,0,1,0,0,0,0,3,1,2,2,53,8,-1,-1,-1,2,1,2
2016420081715,1,9,0,18,0,0,0,0,0,0,4,1,2,1,74,10,998,1,2,9,2,9
2016420081718,1,9,0,18,0,0,0,0,7,0,1,1,5,1,57,9,1598,1,5,8,1,8
2016420081718,2,9,0,18,0,0,0,0,0,0,1,1,5,2,57,9,-1,-1,-1,8,2,8
2016420081719,1,9,0,18,0,0,0,0,0,0,1,1,1,2,25,5,1242,1,4,-1,-1,-1
2016420081720,1,1,0,18,0,8,5,0,0,0,1,1,5,1,37,7,-1,-1,-1,-1,-1,-1
2016420081720,2,11,0,2,0,8,0,0,0,0,2,1,1,1,57,9,-1,2,14,-1,-1,-1
2016420081724,1,9,0,16,0,0,1,0,0,0,1,1,5,1,20,4,1991,1,1,2,1,2
2016420081724,2,9,0,16,0,0,1,0,1,0,2,1,6,1,45,7,1461,2,3,3,1,3
2016420081726,1,9,0,18,0,4,0,0,0,0,1,1,6,3,-1,-1,1781,1,18,-1,-1,-1
2016420081726,2,9,0,9,0,8,0,0,0,0,2,1,2,2,50,8,1248,2,2,8,1,8
2016420081726,3,9,0,9,0,8,0,0,0,0,4,1,5,1,70,10,1198,1,9,5,1,5
2016420081727,1,9,0,18,0,0,1,0,0,0,1,1,2,1,41,7,1299,1,15,3,3,3
2016420081727,2,9,0,10,0,0,0,0,0,0,2,1,2,1,29,6,1498,1,-1,3,1,3
2016420081728,1,9,0,4,0,0,0,0,0,0,1,1,2,2,19,4,1242,1,12,1,1,1
2016420081728,2,9,0,4,0,0,0,0,0,0,1,1,5,1,42,7,2204,2,9,2,1,2
2016420081766,1,1,0,18,9,2,0,0,1,2,1,1,5,1,13,3,-1,-1,-1,-1,-1,-1
2016420081770,1,98,1,18,0,0,0,0,0,0,3,1,6,3,-1,-1,-1,-1,-1,-1,-1,-1
2016420081770,2,20,0,18,0,0,0,0,0,0,3,1,1,1,53,8,4461,2,7,4,1,4
2016420081771,1,9,0,18,0,0,0,0,0,0,1,1,2,2,49,8,1598,1,13,7,1,7
2016420081771,2,9,0,18,0,0,0,0,0,0,2,1,6,1,45,7,2143,2,3,4,1,4
2016420081789,1,9,0,18,0,0,0,0,0,0,1,1,6,3,-1,-1,-1,-1,-1,-1,-1,-1
2016420081791,1,9,0,4,0,1,1,0,0,0,1,1,5,2,26,6,1596,1,15,2,1,2
2016420081791,2,9,0,3,0,1,0,0,0,0,2,1,5,2,40,7,1598,1,8,4,1,4
2016420081791,3,9,0,3,0,1,0,0,0,0,2,1,5,1,32,6,1798,1,12,1,1,1
2016420081798,1,9,0,16,0,2,0,4,0,0,1,1,6,1,42,7,1995,2,6,4,1,4
2016420081798,2,9,0,2,0,2,0,4,0,0,1,1,6,3,-1,-1,-1,-1,-1,-1,-1,-1
2016420081798,3,9,0,2,0,1,0,4,0,0,2,1,6,3,-1,-1,-1,-1,-1,-1,-1,-1
2016420081798,4,9,0,2,0,1,0,4,0,0,2,1,6,3,-1,-1,-1,-1,-1,-1,-1,-1
2016420081806,1,5,0,7,0,7,2,0,0,0,1,1,6,1,24,5,599,1,7,2,1,2
2016420081806,2,9,0,18,0,1,0,0,0,0,0,1,1,1,34,6,2993,2,3,-1,-1,-1
2016420081807,1,9,0,6,8,0,0,0,0,0,1,1,1,2,38,7,1560,2,12,9,1,9
2016420081807,2,9,0,18,0,0,0,0,0,0,4,1,5,2,46,8,1197,1,1,4,1,4
2016420081817,1,9,0,9,0,8,0,0,0,0,1,1,5,1,83,11,1086,1,9,8,3,8
2016420081817,2,5,0,18,0,1,5,0,0,0,1,1,5,1,58,9,955,1,16,6,1,6
2016420081827,1,9,0,17,0,3,0,0,0,0,3,1,5,2,23,5,1587,1,10,3,1,3
2016420081827,2,9,0,9,0,4,0,0,0,0,1,1,5,1,18,4,1388,1,8,1,1,1
2016420081833,1,9,0,9,0,1,2,0,0,0,4,1,5,2,19,4,1149,1,15,9,1,9
2016420081833,2,9,0,18,0,1,1,0,0,0,1,1,5,1,67,10,1798,1,12,1,1,1
2016420081836,1,19,4,18,0,0,0,0,0,0,2,1,1,1,26,6,-1,-1,-1,7,1,7
2016420081836,2,9,0,18,0,0,1,0,0,0,1,1,5,1,40,7,-1,-1,-1,-1,-1,-1
2016420081836,3,9,0,18,0,0,1,11,0,0,1,1,6,2,49,8,1560,2,1,4,1,4
2016420081837,1,9,0,18,0,0,0,0,0,0,1,1,2,1,28,6,1896,2,14,3,1,3
2016420081837,2,9,0,18,0,0,0,0,0,0,1,1,1,2,31,6,1149,1,4,5,1,5
2016420081845,1,20,0,18,0,0,0,0,0,0,0,1,6,1,49,8,2198,2,1,9,1,9
2016420081932,1,9,0,18,0,1,0,0,0,0,1,1,6,2,61,9,1560,2,-1,10,1,10
2016420081932,2,9,0,18,0,1,0,0,0,0,2,1,6,2,23,5,1397,1,8,8,1,8
2016420081948,1,5,0,16,0,0,1,0,8,0,1,1,5,1,56,9,-1,-1,-1,10,1,10
2016420082100,1,9,0,18,0,0,1,0,0,0,1,1,2,2,33,6,1399,2,8,9,1,9
2016420082100,2,19,0,18,0,0,1,0,0,0,1,1,1,1,35,6,2287,2,1,2,1,2
2016420082136,1,9,0,18,0,0,0,0,0,0,1,1,6,2,41,7,998,1,2,4,1,4
2016420082136,2,9,0,3,0,0,0,0,0,0,2,1,3,2,50,8,1400,1,11,1,1,1
2016420082183,1,9,0,1,0,6,0,0,0,0,2,1,5,1,83,11,1999,1,-1,7,3,7
2016420082183,2,9,0,2,0,1,0,0,0,0,4,1,5,1,48,8,1124,1,18,7,1,7
2016420082200,1,9,0,9,0,0,0,0,0,0,3,1,1,1,46,8,1995,2,2,9,3,9
2016420082200,2,3,0,14,4,0,5,0,0,0,1,1,1,1,18,4,124,1,-1,2,1,2
2016420082201,1,9,0,13,0,0,1,0,7,0,4,1,5,1,65,9,1598,1,12,10,2,10
2016420082201,2,9,5,9,0,0,0,0,0,0,3,1,1,1,38,7,-1,-1,-1,6,1,6
2016420082246,1,19,0,18,0,0,0,2,0,0,1,1,1,1,61,9,2143,2,2,5,1,5
2016420082605,1,19,0,18,0,1,0,0,0,0,1,1,1,1,45,7,2402,2,10,4,1,4
2016420082605,2,8,0,18,0,1,0,0,0,0,1,1,1,1,66,10,2402,2,12,6,1,6
2016420082610,1,9,0,17,0,0,0,0,0,0,1,1,5,1,28,6,2143,2,2,8,1,8
2016420082610,2,9,0,17,0,0,0,0,0,0,1,1,5,1,33,6,-1,-1,-1,5,1,5
2016420082622,1,9,0,11,0,1,0,0,0,0,4,1,2,1,54,8,1560,2,3,6,1,6
2016420082624,1,20,1,4,0,0,0,0,0,0,3,1,1,1,51,8,-1,-1,-1,9,2,9
2016420082624,2,22,0,5,0,0,0,0,0,0,1,1,5,1,87,11,-1,-1,-1,-1,-1,-1
2016420082625,1,5,0,16,0,0,2,11,7,9,4,1,5,1,34,6,942,1,9,7,1,7
2016420082953,1,21,0,9,0,6,0,0,0,0,0,1,1,1,27,6,10837,2,-1,4,1,4