Accident_Index,Vehicle_Reference,Vehicle_Type,Towing_and_Articulation,Vehicle_Manoeuvre,Vehicle_Location-Restricted_Lane,Junction_Location,Skidding_and_Overturning,Hit_Object_in_Carriageway,Vehicle_Leaving_Carriageway,Hit_Object_off_Carriageway,1st_Point_of_Impact,Was_Vehicle_Left_Hand_Drive?,Journey_Purpose_of_Driver,Sex_of_Driver,Age_of_Driver,Age_Band_of_Driver,Engine_Capacity_(CC),Propulsion_Code,Age_of_Vehicle,Driver_IMD_Decile,Driver_Home_Area_Type,Vehicle_IMD_Decile
2016420091026,1,3,0,18,0,0,0,0,0,0,1,1,6,1,30,6,124,1,1,4,1,4
2016420091026,2,9,0,18,0,0,0,0,0,0,2,1,6,1,23,5,1399,2,8,9,1,9
2016420091035,1,4,0,15,0,1,0,0,0,0,3,1,2,1,30,6,244,1,9,3,1,3
2016420091035,2,8,0,7,0,6,0,0,0,0,3,1,1,1,48,8,1753,2,11,4,1,4
2016420091114,1,5,0,18,0,0,0,0,0,0,1,1,6,1,-1,-1,749,1,27,6,1,6
2016420091180,1,9,0,18,0,0,1,0,1,2,1,1,6,1,51,8,1242,1,13,6,1,6
2016420091186,1,3,0,17,0,8,2,0,0,0,3,1,5,1,26,6,125,1,1,1,1,1
2016420091235,1,9,0,1,0,0,0,0,0,0,2,1,6,2,48,8,998,1,1,7,1,7
2016420091289,1,9,0,16,0,0,1,0,7,0,3,1,5,2,72,10,1582,2,2,5,3,5
2016420091298,1,9,0,7,0,1,0,0,0,0,1,1,6,1,24,5,1984,1,3,6,3,6
2016420091298,2,9,0,3,0,1,0,0,0,0,2,1,6,2,29,6,1496,2,1,7,1,7
2016420091780,1,9,0,17,0,0,1,0,0,0,1,1,5,1,18,4,1248,2,8,4,1,4
2016420091780,2,9,0,16,0,0,1,0,1,0,1,1,5,2,35,6,1242,1,3,4,1,4
2016420091838,1,9,0,13,0,0,1,0,0,0,1,1,2,1,21,5,1596,1,6,2,1,2
2016420091838,2,10,0,13,0,0,0,0,0,0,4,1,1,1,48,8,-1,-1,-1,5,2,5
2016420091838,3,9,0,4,0,0,0,0,0,0,2,1,6,2,37,7,2967,2,1,6,1,6
2016420091854,1,9,0,17,0,0,0,0,0,0,1,1,6,1,76,11,1591,1,1,8,2,8
2016420091854,2,9,0,16,0,0,0,0,0,0,1,1,6,1,79,11,1997,2,5,5,1,5
2016420091856,1,5,0,16,0,0,0,0,1,0,1,1,6,1,21,5,600,1,4,7,2,7
2016420091856,2,9,0,17,0,0,0,0,1,0,1,1,6,1,44,7,1590,1,17,4,1,4
2016420091857,1,3,0,18,0,1,2,0,0,0,3,1,1,2,21,5,124,1,2,3,1,3
2016420091857,2,9,0,10,0,1,0,0,0,0,1,1,5,1,56,9,1598,2,1,7,3,7
2016420091858,1,9,0,17,0,1,5,7,0,0,1,1,5,2,64,9,1248,2,6,6,1,6
2016420091859,1,9,0,7,0,8,0,0,8,0,1,1,5,1,25,5,1328,1,8,5,1,5
2016420091859,2,9,0,18,0,1,0,0,0,0,4,1,6,1,32,6,1998,2,7,2,1,2
2016420091860,1,21,1,18,0,1,0,0,0,0,2,1,1,1,51,8,12902,2,1,5,3,5
2016420091860,2,22,0,18,9,1,5,0,0,0,0,1,6,2,85,11,-1,-1,-1,8,1,8
2016420091866,1,3,0,18,0,0,0,10,1,0,4,1,5,1,18,4,124,1,6,4,1,4
2016420092145,1,9,0,18,0,8,0,0,0,0,1,1,6,2,39,7,1299,1,8,2,1,2
2016420092145,2,9,0,7,0,8,0,0,0,0,1,1,1,2,19,4,-1,-1,-1,7,1,7
2016420092253,1,9,0,16,0,0,0,0,0,0,1,1,6,2,22,5,2143,2,5,6,3,6
2016420092253,2,9,0,17,0,0,0,0,0,0,1,1,6,2,29,6,2298,1,19,8,3,8
2016420092360,1,9,0,18,0,6,0,0,0,0,3,1,5,2,84,11,1332,1,19,2,1,2
2016420092360,2,9,0,18,0,1,0,0,0,0,1,1,5,1,18,4,1360,1,10,2,1,2
2016420092391,1,3,0,18,0,1,0,0,0,0,1,1,6,1,23,5,125,1,4,1,1,1
2016420092391,2,1,0,5,0,1,0,0,0,0,1,1,6,1,28,6,-1,-1,-1,4,1,4
2016420092426,1,11,0,5,0,1,0,0,0,0,3,1,1,1,60,9,4250,2,9,4,1,4
2016420092427,1,9,0,9,0,1,1,0,0,0,1,1,6,2,41,7,1299,1,18,4,2,4
2016420092427,2,9,0,18,0,1,1,0,7,11,1,1,6,2,34,6,1197,1,2,10,3,10
2016420092428,1,9,0,9,0,6,0,0,0,0,3,1,2,2,48,8,1588,1,12,7,1,7
2016420092428,2,9,0,18,0,1,0,0,0,0,1,1,5,1,50,8,4164,2,9,5,3,5
2016420092429,1,9,0,4,0,0,1,0,1,0,1,1,5,1,58,9,1490,1,11,8,1,8
2016420092429,2,9,0,4,0,0,0,0,0,0,2,1,5,2,24,5,1242,1,5,4,1,4
2016420092429,3,98,0,18,0,0,0,0,0,0,0,1,5,3,-1,-1,-1,-1,-1,-1,-1,-1
2016420092430,1,9,0,18,0,3,0,0,0,0,1,1,2,1,57,9,1397,1,14,1,1,1
2016420092431,1,9,0,18,0,0,0,0,1,0,1,1,5,1,21,5,998,1,6,4,1,4
2016420092431,2,9,0,2,9,0,0,0,0,0,1,1,6,3,-1,-1,-1,-1,-1,-1,-1,-1
2016420092432,1,9,0,16,0,2,0,0,0,0,1,1,6,2,36,7,1587,1,15,4,1,4
2016420092432,2,9,0,18,0,1,0,0,0,0,1,1,6,1,52,8,1997,2,14,10,1,10
2016420092433,1,9,0,7,0,0,0,0,0,0,3,1,2,2,20,4,1598,1,2,7,3,7
2016420092433,2,3,0,18,0,0,0,0,0,0,1,1,6,1,27,6,125,1,6,6,2,6
2016420092499,1,9,0,18,0,0,5,0,1,0,1,1,5,2,69,10,1699,1,10,9,1,9
2016420092499,2,9,0,14,0,0,0,0,0,0,1,1,5,1,59,9,1299,1,14,9,1,9
2016420092499,3,9,0,2,0,0,0,0,0,0,3,1,6,3,-1,-1,-1,-1,-1,-1,-1,-1
2016420092527,1,9,0,18,0,8,0,0,0,0,1,1,6,1,78,11,1299,1,12,1,3,1
2016420092527,2,3,0,9,0,3,0,0,0,0,4,1,6,2,22,5,124,1,-1,2,1,2
2016420092670,1,9,0,13,0,0,0,0,0,0,4,1,5,1,20,4,1590,1,16,7,1,7
2016420092670,2,9,0,9,0,0,0,0,0,0,2,1,1,1,71,10,1560,2,5,7,2,7
2016420092752,1,9,0,18,0,1,0,0,0,0,1,1,5,2,65,9,1896,2,18,2,1,2
2016420092752,2,9,0,18,0,2,0,0,0,0,1,1,5,1,53,8,-1,-1,-1,8,1,8
2016420092767,1,9,0,10,0,6,0,0,0,0,1,1,6,2,44,7,1834,1,15,-1,-1,-1
2016420092767,2,1,0,18,0,8,0,0,0,0,1,1,6,1,44,7,-1,-1,-1,-1,-1,-1
2016420092788,1,3,0,15,0,8,5,0,0,0,1,1,5,1,17,4,124,1,6,-1,-1,-1
2016420092788,2,9,0,9,0,5,0,0,0,0,3,1,1,1,47,8,-1,-1,-1,5,1,5
2016420092792,1,9,0,9,0,2,0,0,0,0,3,1,5,2,23,5,1229,1,11,3,1,3
2016420092792,2,9,0,18,0,1,0,0,0,0,1,1,5,2,48,8,1388,1,6,8,1,8
2016420092796,1,9,0,16,0,8,0,0,0,0,1,1,5,1,50,8,1749,1,13,10,2,10
2016420092796,2,9,0,17,0,8,0,0,0,0,1,1,5,1,53,8,1798,1,14,5,1,5
2016420092797,1,5,0,13,0,1,2,0,0,0,0,1,6,1,68,10,781,1,17,8,1,8
2016420092797,2,9,0,7,0,1,0,0,0,0,0,1,6,3,-1,-1,-1,-1,-1,-1,-1,-1
2016420092798,1,9,0,18,0,0,0,0,0,0,1,1,1,1,50,8,2993,2,-1,10,1,10
2016420092798,2,19,0,18,0,0,0,0,0,0,2,1,1,1,40,7,2464,2,11,7,1,7
2016420092798,3,19,0,17,0,0,0,0,0,0,2,1,1,1,27,6,1995,2,3,9,1,9
2016420092800,1,9,0,3,0,0,1,0,0,0,1,1,5,2,22,5,1329,1,5,8,1,8
2016420092800,2,9,0,3,0,0,1,4,0,0,1,1,6,2,26,6,1461,2,1,2,1,2
2016420092800,3,9,0,18,0,0,1,4,0,0,1,1,6,1,44,7,1998,8,1,6,1,6
2016420092800,4,19,0,18,0,0,0,4,0,0,1,1,2,1,25,5,1686,2,6,5,1,5
2016420092800,5,19,0,4,0,0,0,0,0,0,2,1,2,1,37,7,-1,-1,-1,-1,-1,-1
2016420092802,1,9,0,18,0,0,0,0,0,0,1,1,5,1,68,10,2401,2,9,7,2,7
2016420092802,2,19,0,4,0,0,0,0,5,0,2,1,1,1,21,5,1560,2,4,7,3,7
2016420092817,1,3,0,18,0,0,0,0,0,0,3,1,2,1,24,5,124,1,11,2,1,2
2016420092848,1,9,0,9,0,2,0,0,0,0,4,1,6,1,17,4,1199,1,13,3,1,3
2016420092848,2,3,0,18,0,8,1,0,0,0,1,1,6,1,17,4,125,1,-1,9,1,9
2016420092853,1,4,0,5,0,8,5,0,0,0,3,1,5,1,53,8,278,1,1,4,1,4
2016420092853,2,9,0,18,0,8,0,0,0,0,1,1,5,1,53,8,-1,-1,-1,-1,-1,-1
2016420092855,1,19,0,18,0,1,0,0,7,0,1,1,2,1,43,7,-1,-1,-1,7,3,7
2016420092855,2,21,1,18,0,8,0,0,1,0,3,1,1,1,57,9,12740,2,4,2,1,2
2016420092856,1,9,0,18,0,0,0,0,0,0,1,1,5,2,59,9,1364,1,1,1,1,1
2016420092856,2,90,0,2,0,0,0,0,0,0,1,1,6,3,-1,-1,-1,-1,-1,-1,-1,-1
2016420092859,1,9,0,18,9,0,0,0,0,0,1,1,5,2,50,8,1560,2,6,4,1,4
2016420092859,2,19,0,2,0,0,0,0,0,0,2,1,6,3,-1,-1,-1,-1,-1,-1,-1,-1
2016420092863,1,9,0,5,0,0,0,0,0,0,1,1,6,2,42,7,2902,2,11,2,1,2
2016420092863,2,3,0,4,0,0,5,0,0,0,2,1,6,1,32,6,125,1,6,7,1,7
2016420092872,1,9,0,18,0,2,0,0,0,0,1,1,6,1,-1,-1,2497,2,12,-1,-1,-1
2016420092872,2,9,0,18,0,1,0,0,0,0,1,1,6,1,55,8,1596,1,11,8,1,8
2016420092879,1,-1,0,18,0,8,0,0,0,0,0,1,6,3,-1,-1,-1,-1,-1,-1,-1,-1
2016420092879,2,9,0,9,0,8,0,0,0,0,0,1,6,2,40,7,1686,2,4,7,3,7
2016420092880,1,9,0,18,0,0,0,0,0,0,3,1,6,1,52,8,998,1,12,4,1,4
2016420092880,2,9,0,18,0,0,0,0,0,0,3,1,6,1,66,10,1796,1,14,9,1,9
2016420092880,3,9,0,18,0,0,0,0,0,0,3,1,6,2,52,8,1995,2,1,7,3,7
2016420092880,4,9,0,18,0,0,0,0,1,0,3,1,6,2,20,4,1461,2,2,7,3,7
2016420092881,1,9,0,16,0,0,1,0,0,0,1,1,5,1,17,4,1149,1,7,7,1,7
2016420092884,1,9,0,11,0,0,0,0,0,0,1,1,5,2,68,10,1596,1,15,-1,1,-1
2016420092884,2,9,0,4,0,0,0,0,0,0,2,1,5,1,33,6,1986,2,8,3,1,3
2016420092884,3,9,0,4,0,0,0,0,0,0,2,1,2,1,63,9,1968,2,3,9,3,9
2016420092884,4,9,0,4,0,0,0,0,0,0,2,1,1,2,36,7,1968,2,1,10,1,10
2016420092888,1,9,0,13,0,3,0,0,7,0,1,1,1,1,44,7,1998,1,15,4,1,4
2016420092888,2,90,0,9,0,3,0,0,0,0,3,1,5,1,53,8,-1,-1,-1,-1,-1,-1
2016420092891,1,8,0,18,0,2,0,0,0,0,1,1,1,1,31,6,1995,2,1,4,1,4
2016420092895,1,9,0,9,0,1,0,0,0,0,1,1,6,1,23,5,1598,1,4,10,1,10
2016420092897,1,9,0,18,0,0,0,0,0,0,1,1,6,1,24,5,1968,2,11,7,3,7
2016420092897,2,9,0,18,0,0,0,0,0,0,1,1,6,1,72,10,1560,2,1,6,1,6
2016420092901,1,19,0,18,0,8,0,0,0,0,3,1,1,1,39,7,2198,2,2,3,1,3
2016420092901,2,1,0,9,0,3,0,0,0,0,1,1,5,1,71,10,-1,-1,-1,9,1,9
2016420092905,1,11,0,18,2,0,0,0,0,0,1,1,1,1,51,8,4760,2,3,8,1,8
2016420092905,2,9,0,18,0,0,0,0,0,0,1,1,6,1,27,6,1596,1,10,7,1,7
2016420092905,3,9,0,18,0,0,0,0,0,0,1,1,6,1,36,7,1798,1,3,-1,-1,-1
2016420092906,1,9,0,18,0,0,0,7,7,0,1,1,6,1,54,8,2776,2,11,10,1,10
2016420092909,1,9,0,18,0,8,0,0,0,0,1,1,5,1,32,6,1242,1,16,2,1,2
2016420092909,2,9,0,18,0,8,0,0,7,10,1,1,6,2,25,5,1753,2,15,5,1,5
2016420092909,3,9,0,2,9,8,0,0,0,0,3,1,6,3,-1,-1,-1,-1,-1,-1,-1,-1
2016420092910,1,9,0,18,0,0,0,0,0,0,1,1,5,2,55,8,1248,1,5,10,2,10
2016420092910,2,9,0,18,0,0,0,0,0,0,2,1,1,2,23,5,1499,2,-1,4,1,4
2016420092912,1,8,0,17,0,2,0,0,0,0,3,1,6,3,-1,-1,-1,-1,-1,-1,-1,-1
2016420092913,1,9,0,18,0,0,0,0,1,0,1,1,6,1,25,5,2967,2,2,-1,-1,-1
2016420092913,2,9,0,18,0,0,5,0,2,11,2,1,2,1,29,6,1596,1,9,3,1,3
2016420092914,1,9,0,18,0,1,0,0,0,0,1,1,6,2,29,6,973,1,15,3,1,3
2016420092914,2,9,0,3,0,8,0,0,0,0,2,1,6,2,24,5,1598,2,6,2,1,2
2016420092915,1,9,0,13,0,8,0,0,0,0,4,1,6,3,-1,-1,-1,-1,-1,-1,-1,-1
2016420092915,2,1,0,17,0,8,1,0,0,0,1,1,6,2,53,8,-1,-1,-1,10,1,10
2016420092922,1,9,0,1,9,0,0,0,0,0,2,1,2,1,35,6,-1,-1,-1,3,1,3
2016420092925,1,9,0,18,0,0,0,0,0,0,1,1,6,1,30,6,1968,2,7,9,1,9
2016420092925,2,9,0,4,0,0,0,0,0,0,2,1,6,2,32,6,1242,1,2,3,1,3
2016420092934,1,9,0,18,0,0,1,0,1,0,1,1,5,2,26,6,1299,1,15,1,1,1
2016420092960,1,9,0,18,0,3,1,0,1,0,1,1,5,1,29,6,996,1,4,8,2,8
2016420092997,1,9,0,16,0,0,1,0,1,0,3,1,1,1,29,6,1497,8,7,2,1,2
2016420093046,1,9,0,10,0,5,0,0,0,0,1,1,6,2,54,8,1796,1,9,6,1,6
2016420093046,2,1,0,18,0,5,0,0,0,0,3,1,6,1,45,7,-1,-1,-1,10,1,10
2016420093104,1,19,0,3,0,0,0,0,0,0,2,1,6,1,39,7,2664,2,14,5,3,5
2016420093104,2,9,0,18,0,0,0,0,0,0,1,1,2,2,24,5,998,1,16,6,1,6
2016420093120,1,9,0,4,0,0,0,0,0,0,2,1,5,1,33,6,1997,2,2,-1,-1,-1
2016420093120,2,9,0,4,0,0,0,0,0,0,1,1,1,2,49,8,1951,2,13,8,2,8
2016420093186,1,9,0,18,6,2,0,0,0,0,1,1,5,2,82,11,1598,1,5,10,1,10
2016420093186,2,9,0,2,6,2,0,0,0,0,1,1,6,3,-1,-1,-1,-1,-1,-1,-1,-1
2016420093186,3,9,0,2,6,1,0,0,0,0,1,1,6,3,-1,-1,-1,-1,-1,-1,-1,-1
2016420093221,1,9,0,1,0,2,0,0,0,0,2,1,6,2,49,8,1598,1,9,10,1,10
2016420093277,1,9,0,16,0,0,0,0,0,0,1,1,6,2,57,9,1490,1,8,9,1,9
2016420093277,2,9,0,17,0,0,0,0,0,0,3,1,6,2,33,6,1999,1,8,5,2,5
2016420093278,1,9,0,18,0,0,0,0,0,0,1,1,6,1,33,6,1968,2,6,10,1,10
2016420093278,2,19,0,18,0,0,0,0,0,0,1,1,6,1,53,8,2402,2,11,3,1,3
2016420093322,1,9,0,9,0,5,0,0,0,0,1,1,2,1,56,9,1753,2,14,8,1,8
2016420093322,2,3,0,17,0,1,0,0,0,0,1,1,2,1,23,5,124,1,23,8,1,8
2016420093415,1,5,0,7,0,2,0,0,0,0,4,1,1,1,37,7,1255,1,1,4,1,4
2016420093415,2,1,0,18,0,1,5,0,0,0,1,1,1,1,43,7,-1,-1,-1,4,1,4
2016420093423,1,9,0,18,0,4,0,0,0,0,2,1,6,2,18,4,1242,1,2,1,1,1
2016420093423,2,9,0,18,0,6,0,0,0,0,1,1,6,3,-1,-1,1686,2,15,-1,-1,-1
2016420093470,1,19,0,18,0,0,0,4,4,6,1,1,1,1,51,8,1995,2,7,-1,-1,-1
2016420093470,2,9,0,4,0,0,0,0,0,0,2,1,6,1,42,7,1398,1,1,7,1,7
2016420093470,3,9,0,4,0,0,0,0,0,0,2,1,6,2,22,5,1242,1,1,6,1,6
2016420093470,4,9,0,4,0,0,0,0,0,0,2,1,1,1,42,7,1598,2,1,8,1,8
2016420093470,5,9,0,4,0,0,0,0,0,0,2,1,6,1,62,9,1461,2,4,5,1,5
2016420093470,6,9,0,18,0,0,0,0,0,0,1,1,6,1,46,8,1796,1,12,10,1,10
2016420093511,1,-1,0,18,0,1,0,0,0,0,1,1,6,3,-1,-1,-1,-1,-1,-1,-1,-1
2016420093511,2,1,0,18,0,2,0,0,0,0,1,1,6,1,29,6,-1,-1,-1,1,1,1
2016420093600,1,9,0,15,0,8,0,0,0,0,1,1,5,1,41,7,1598,1,11,3,1,3
2016420093600,2,9,0,2,0,1,0,0,2,0,1,1,6,3,-1,-1,-1,-1,-1,-1,-1,-1
2016420093600,3,9,0,2,0,1,0,0,0,0,2,1,6,3,-1,-1,-1,-1,-1,-1,-1,-1
2016420093600,4,9,0,2,0,1,0,0,0,0,2,1,6,3,-1,-1,-1,-1,-1,-1,-1,-1
2016420093604,1,9,0,5,0,2,0,0,0,0,1,1,5,2,76,11,1796,1,14,4,1,4
2016420093604,2,1,0,18,0,8,0,0,0,0,4,1,6,2,32,6,-1,-1,-1,3,1,3
2016420093687,1,9,0,9,0,1,0,0,0,0,1,1,5,2,68,10,1596,1,8,7,3,7
2016420093687,2,8,0,18,0,1,0,0,0,0,3,1,1,1,51,8,1360,1,6,2,1,2
2016420093691,1,9,0,18,0,0,0,0,0,0,1,1,2,1,32,6,1900,2,17,2,1,2
2016420093691,2,9,0,18,0,0,0,0,0,0,2,1,5,1,58,9,4244,1,9,8,1,8
2016420093697,1,9,0,5,0,2,0,0,3,0,1,1,6,2,84,11,1248,1,3,10,1,10
2016420093736,1,9,0,5,0,2,0,0,0,0,1,1,5,2,69,10,1984,1,13,8,2,8
2016420093736,2,1,0,18,9,8,0,0,0,0,3,1,5,1,53,8,-1,-1,-1,6,1,6
2016420093738,1,1,0,18,0,1,0,0,0,0,1,1,5,1,10,2,-1,-1,-1,3,1,3
2016420093738,2,9,0,18,0,1,0,0,0,0,3,1,5,2,37,7,1995,2,9,4,1,4
2016420093741,1,5,0,16,0,4,0,0,0,0,1,1,6,1,35,6,-1,-1,-1,-1,-1,-1
2016420093741,2,9,0,18,0,3,0,0,0,0,2,1,6,1,19,4,1242,1,19,4,1,4
2016420093742,1,9,0,18,0,0,1,0,0,0,1,1,5,1,23,5,-1,-1,-1,6,2,6
2016420093743,1,9,0,18,0,0,0,0,0,0,2,1,5,1,33,6,1796,1,14,-1,-1,-1
2016420093743,2,9,0,18,0,0,0,0,0,0,1,1,5,1,40,7,1590,1,19,2,1,2
2016420093744,1,11,0,18,9,0,0,0,7,0,1,1,1,1,71,10,9600,2,16,4,1,4
2016420093745,1,9,0,18,0,0,0,0,0,0,1,1,6,1,56,9,1390,1,15,5,1,5
2016420093745,2,9,0,18,0,0,0,0,0,0,1,1,6,1,34,6,1991,2,7,5,1,5
2016420093745,3,9,0,18,0,0,0,0,0,0,0,1,6,1,28,6,2000,2,12,-1,2,-1
2016420093770,1,19,0,5,0,2,0,0,0,0,1,1,1,1,23,5,2198,2,6,3,1,3
2016420093770,2,9,0,17,0,3,0,7,4,1,1,1,2,1,32,6,1560,2,9,7,1,7
2016420093770,3,9,0,13,0,2,0,0,0,0,1,1,6,3,18,4,-1,-1,-1,-1,-1,-1
2016420093950,1,1,0,18,9,1,0,0,0,0,1,1,2,1,27,6,-1,-1,-1,1,1,1
2016420093950,2,9,0,4,0,1,0,0,0,0,4,1,6,1,61,9,1769,1,14,3,1,3
2016420094018,1,3,0,18,0,0,1,10,0,0,1,1,6,1,18,4,125,1,9,7,3,7
2016420094029,1,9,0,3,0,0,0,0,0,0,2,1,6,2,48,8,1997,2,5,6,3,6
2016420094029,2,9,0,18,0,0,0,0,0,0,1,1,6,1,-1,-1,-1,-1,-1,-1,-1,-1
2016420094063,1,9,0,3,0,2,0,0,0,0,2,1,6,2,39,7,1329,1,4,8,1,8
2016420094063,2,21,0,4,0,1,0,0,0,0,1,1,6,1,23,5,12777,2,4,4,1,4
2016420094072,1,9,0,9,0,8,0,0,0,0,1,1,6,2,33,6,1968,2,3,10,3,10
2016420094072,2,5,0,18,0,8,0,0,0,0,3,1,6,1,70,10,650,1,-1,5,3,5
2016420094091,1,9,0,18,0,8,0,0,0,0,1,1,6,1,21,5,1984,1,3,3,2,3
2016420094091,2,9,0,18,0,8,0,0,0,0,4,1,5,2,38,7,1798,1,12,4,3,4
2016420094126,1,9,0,1,0,0,0,0,0,0,0,1,6,1,68,10,2496,2,16,3,1,3
2016420094138,1,9,0,2,0,0,0,0,0,0,2,1,6,3,-1,-1,-1,-1,-1,-1,-1,-1
2016420094138,2,9,0,16,0,0,0,0,0,0,4,1,5,1,75,10,1956,2,3,10,1,10
2016420094144,1,9,0,9,0,8,0,0,0,0,3,1,5,2,48,8,1685,2,2,7,3,7
2016420094144,2,1,0,18,0,1,0,0,0,0,1,1,5,1,69,10,-1,-1,-1,8,1,8
2016420094171,1,9,0,9,0,8,5,0,0,0,4,1,6,2,27,6,1248,1,7,4,1,4
2016420094171,2,9,0,18,0,8,0,0,0,0,1,1,6,2,45,7,2967,2,4,7,1,7
2016420094174,1,9,0,18,0,0,0,0,0,0,2,1,6,1,30,6,999,1,6,4,1,4
2016420094174,2,5,0,18,0,0,5,0,0,0,1,1,2,1,32,6,748,1,12,6,3,6
2016420094183,1,5,0,16,0,0,1,0,1,0,4,1,6,1,32,6,599,1,15,2,1,2
2016420094185,1,9,0,7,0,3,0,0,0,0,1,1,6,1,55,8,1997,2,1,4,1,4
2016420094185,2,9,0,7,0,3,0,0,0,0,2,1,6,1,42,7,1396,2,1,4,1,4
2016420094198,1,4,0,13,0,8,1,4,0,0,4,1,2,1,24,5,250,1,23,1,1,1
2016420094198,2,20,0,9,0,5,0,0,0,0,3,1,1,1,47,8,4461,2,7,3,1,3
2016420094198,3,9,0,2,6,8,0,0,0,0,2,1,6,3,-1,-1,-1,-1,-1,-1,-1,-1
2016420094306,1,9,0,18,0,1,0,0,0,0,1,1,6,2,64,9,1197,1,4,4,1,4
2016420094306,2,9,0,3,0,1,0,0,0,0,2,1,6,1,41,7,1560,2,3,9,1,9
2016420094617,1,9,0,5,9,0,0,0,0,0,4,1,2,2,51,8,1870,2,6,10,1,10
2016420094617,2,1,0,18,9,0,0,0,0,0,1,1,5,1,38,7,-1,-1,-1,1,1,1
2016420094624,1,5,0,4,0,0,1,0,0,0,1,1,5,1,23,5,599,1,7,7,1,7
2016420094624,2,9,0,4,0,0,0,0,0,0,2,1,5,1,27,6,2521,1,6,10,1,10
2016420094625,1,9,0,18,0,0,0,0,0,0,1,1,5,1,55,8,1796,7,11,6,2,6
2016420094625,2,9,0,3,0,0,0,0,0,0,2,1,5,2,37,7,2199,2,5,-1,-1,-1
2016420094625,3,9,0,3,0,0,0,0,0,0,2,1,5,2,51,8,1596,1,7,-1,-1,-1
2016420094625,4,9,0,3,0,0,0,0,0,0,2,1,5,2,32,6,999,1,15,-1,-1,-1
2016420094627,1,90,0,2,0,8,0,4,0,0,2,1,6,1,1,1,4500,2,9,-1,-1,-1
2016420094627,2,90,0,2,0,8,0,0,0,0,4,1,6,1,1,1,-1,-1,-1,-1,-1,-1
2016420094646,1,1,0,18,0,1,0,0,0,0,2,1,6,1,44,7,-1,-1,-1,8,1,8
2016420094646,2,8,0,9,0,1,0,0,0,0,1,1,1,1,69,10,1956,2,5,2,1,2
2016420094669,1,5,0,18,0,0,2,12,0,0,1,1,5,1,53,8,998,1,16,5,3,5
2016420094678,1,9,0,9,0,6,0,0,0,0,3,1,2,1,28,6,1596,1,11,3,1,3
2016420094678,2,1,0,18,0,8,0,0,0,0,1,1,6,1,52,8,-1,-1,-1,6,1,6
2016420094742,1,9,0,18,0,0,0,0,0,0,3,1,6,3,-1,-1,-1,-1,-1,-1,-1,-1
2016420094742,2,9,0,18,0,0,0,0,0,0,3,1,6,2,60,9,1598,1,12,2,1,2
2016420094752,1,9,0,9,0,1,0,0,0,0,4,1,2,2,44,7,1686,2,15,6,1,6
2016420094752,2,1,0,18,0,1,0,0,0,0,1,1,2,2,21,5,-1,-1,-1,3,1,3
2016420094781,1,9,0,18,0,0,0,0,0,0,1,1,2,1,47,8,998,1,7,5,1,5
2016420094781,2,9,0,18,0,0,0,0,0,0,1,1,1,1,22,5,1998,1,12,5,1,5
2016420094786,1,9,0,18,0,0,0,10,1,0,1,1,6,1,83,11,1398,1,4,6,3,6
2016420094833,1,9,0,5,0,8,0,0,0,0,1,1,6,2,19,4,1896,2,11,2,1,2
2016420094833,2,1,0,18,0,8,2,0,0,0,1,1,6,2,32,6,-1,-1,-1,9,1,9
2016420094895,1,9,0,18,0,0,0,0,0,0,3,1,5,2,59,9,1398,2,14,5,1,5
2016420094895,2,9,0,18,0,0,1,0,0,0,3,1,6,1,42,7,2295,1,14,8,1,8
2016420094943,1,90,0,18,9,0,0,0,0,0,1,1,6,1,3,1,-1,-1,-1,10,1,10
2016420094943,2,19,0,5,9,0,0,0,0,0,4,1,1,1,31,6,1996,2,5,8,2,8
2016420094944,1,9,0,9,0,0,0,0,0,0,1,1,2,1,39,7,-1,-1,-1,9,1,9
2016420094944,2,5,0,18,0,0,0,0,0,0,1,1,6,1,54,8,748,1,29,9,2,9
2016420094946,1,5,0,4,0,0,0,0,0,0,1,1,2,1,28,6,600,1,18,8,1,8
2016420094946,2,9,0,4,0,0,0,0,0,0,2,1,6,1,39,7,2987,2,-1,6,1,6
2016420094948,1,9,0,18,0,0,0,0,0,0,1,1,2,1,19,4,1149,1,13,4,1,4
2016420094949,1,9,0,18,0,1,0,0,3,0,1,1,5,2,85,11,1332,1,17,3,1,3
2016420094949,2,9,0,4,0,1,0,0,0,0,2,1,5,2,43,7,999,1,13,9,1,9
2016420094952,1,19,0,18,0,8,0,0,0,0,1,1,5,1,37,7,1499,2,-1,5,1,5
2016420094952,2,9,0,18,0,8,1,7,0,0,4,1,5,2,32,6,1582,2,3,5,1,5
2016420094957,1,9,0,18,0,1,0,0,0,0,1,1,6,1,22,5,999,1,1,10,2,10
2016420094962,1,9,0,18,0,0,0,0,1,0,1,1,6,1,27,6,2993,2,11,9,3,9
2016420094965,1,5,0,13,0,0,0,0,0,0,1,1,6,1,45,7,649,1,2,6,1,6
2016420094965,2,9,0,9,0,0,0,0,0,0,3,1,6,2,41,7,1560,2,4,3,1,3
2016420094972,1,3,0,17,0,0,0,0,1,7,1,1,2,1,22,5,124,1,6,6,1,6
2016420094983,1,9,0,18,0,0,1,7,0,0,1,1,5,1,28,6,1275,1,17,5,1,5