Accident_Index,Vehicle_Reference,Vehicle_Type,Towing_and_Articulation,Vehicle_Manoeuvre,Vehicle_Location-Restricted_Lane,Junction_Location,Skidding_and_Overturning,Hit_Object_in_Carriageway,Vehicle_Leaving_Carriageway,Hit_Object_off_Carriageway,1st_Point_of_Impact,Was_Vehicle_Left_Hand_Drive?,Journey_Purpose_of_Driver,Sex_of_Driver,Age_of_Driver,Age_Band_of_Driver,Engine_Capacity_(CC),Propulsion_Code,Age_of_Vehicle,Driver_IMD_Decile,Driver_Home_Area_Type,Vehicle_IMD_Decile
2016420094984,1,9,0,17,0,0,1,0,7,0,1,1,6,1,20,4,1390,1,4,5,3,5
2016420094984,2,9,0,18,0,0,0,0,1,0,3,1,6,2,68,10,1399,2,4,7,1,7
2016420094987,1,9,0,18,0,0,0,0,0,0,4,1,6,1,30,6,-1,-1,-1,-1,-1,-1
2016420094988,1,9,0,9,0,5,1,10,7,0,1,1,6,1,51,8,993,1,15,9,3,9
2016420094989,1,9,0,9,0,8,0,0,0,0,4,1,6,1,54,8,1560,2,5,10,1,10
2016420094989,2,3,0,18,0,8,2,0,0,0,1,1,6,1,17,4,125,1,4,8,1,8
2016420094990,1,9,0,18,0,0,0,0,0,0,1,1,6,1,27,6,1198,1,12,1,1,1
2016420094990,2,9,0,2,0,0,0,4,0,0,1,1,6,3,-1,-1,-1,-1,-1,-1,-1,-1
2016420094990,3,9,0,2,0,0,0,4,0,0,2,1,6,3,-1,-1,-1,-1,-1,-1,-1,-1
2016420094990,4,9,0,2,0,0,0,0,0,0,2,1,6,3,-1,-1,-1,-1,-1,-1,-1,-1
2016420094992,1,9,0,18,0,3,2,0,6,0,3,1,5,2,19,4,1388,1,11,2,1,2
2016420094993,1,9,0,6,0,2,0,0,0,0,4,1,5,1,60,9,1498,1,16,4,1,4
2016420094993,2,3,0,18,0,1,0,0,0,0,3,1,5,1,67,10,125,1,54,7,1,7
2016420094994,1,9,0,18,0,0,1,0,0,0,4,1,5,2,77,11,1388,1,5,5,1,5
2016420094994,2,19,0,18,0,0,0,0,0,0,2,1,1,1,56,9,2299,2,-1,8,2,8
2016420095001,1,9,0,9,0,6,0,0,0,0,3,1,6,1,29,6,1598,2,-1,2,1,2
2016420095001,2,1,0,18,0,1,5,0,0,0,1,1,2,1,47,8,-1,-1,-1,7,1,7
2016420095003,1,9,0,18,0,1,1,0,0,0,1,1,2,1,29,6,1360,1,32,9,1,9
2016420095011,1,3,0,4,0,1,1,10,0,0,3,1,5,1,19,4,124,1,6,3,1,3
2016420095011,2,97,0,9,0,1,0,0,0,0,0,1,6,3,-1,-1,-1,-1,-1,-1,-1,-1
2016420095014,1,9,0,15,0,8,0,0,0,0,1,1,6,1,52,8,1242,1,1,7,1,7
2016420095014,2,9,0,17,0,8,0,0,0,0,4,1,6,1,28,6,1360,1,9,7,1,7
2016420095017,1,9,0,5,0,8,0,0,0,0,4,1,6,1,28,6,1390,1,6,4,1,4
2016420095017,2,9,0,18,0,8,0,0,0,0,1,1,6,1,36,7,1598,1,4,5,2,5
2016420095019,1,9,0,18,0,0,0,0,0,0,4,1,5,1,59,9,1685,2,2,10,1,10
2016420095019,2,1,0,18,0,0,0,0,0,0,2,1,5,1,42,7,-1,-1,-1,-1,-1,-1
2016420095024,1,9,0,18,0,0,0,0,0,0,1,1,5,2,63,9,1339,1,7,4,1,4
2016420095024,2,9,0,2,0,0,0,0,0,0,0,1,5,1,37,7,1870,2,13,4,1,4
2016420095024,3,9,0,2,0,0,0,0,0,0,0,1,6,3,-1,-1,-1,-1,-1,-1,-1,-1
2016420095025,1,9,0,18,0,0,1,0,4,6,3,1,6,1,30,6,1339,1,8,4,1,4
2016420095026,1,5,0,5,0,8,2,0,0,0,4,1,6,1,40,7,847,1,-1,2,1,2
2016420095027,1,9,0,9,0,6,0,0,0,0,1,1,5,1,68,10,1896,2,12,8,2,8
2016420095027,2,9,0,18,0,1,0,0,0,0,1,1,5,1,41,7,1968,2,-1,6,1,6
2016420095031,1,9,0,10,0,1,0,0,0,0,2,1,6,2,17,4,1242,1,3,5,1,5
2016420095031,2,9,0,15,0,1,0,0,0,0,1,1,6,2,25,5,1686,2,5,4,1,4
2016420095031,3,1,0,16,0,1,0,0,0,0,0,1,2,1,43,7,-1,-1,-1,6,2,6
2016420095033,1,9,0,7,0,8,1,0,0,0,3,1,6,3,18,4,2231,2,8,-1,-1,-1
2016420095033,2,9,0,18,0,1,0,0,0,0,1,1,5,1,56,9,1999,1,9,3,1,3
2016420095157,1,9,0,18,0,1,0,0,0,0,1,1,5,1,60,9,1598,1,6,4,1,4
2016420095184,1,1,0,18,0,0,0,0,0,0,3,1,6,1,-1,-1,-1,-1,-1,7,1,7
2016420095184,2,9,0,18,0,0,0,0,0,0,4,1,6,1,81,11,1364,1,11,7,1,7
2016420095218,1,9,0,18,0,4,0,0,0,0,1,1,6,3,-1,-1,-1,-1,-1,-1,-1,-1
2016420095218,2,9,0,8,0,3,0,0,0,0,2,1,6,2,18,4,1242,1,-1,9,3,9
2016420095315,1,9,0,18,0,1,0,0,0,0,1,1,5,3,-1,-1,-1,-1,-1,-1,-1,-1
2016420095315,2,3,0,9,0,8,2,0,0,0,2,1,5,1,17,4,125,1,2,4,1,4
2016420095350,1,11,0,4,0,0,0,0,0,0,0,1,1,1,57,9,8268,2,15,3,1,3
2016420095358,1,9,0,7,0,6,0,0,0,0,1,1,6,3,-1,-1,-1,-1,-1,-1,-1,-1
2016420095380,1,9,0,7,0,0,0,0,0,0,1,1,5,1,78,11,1795,1,16,6,3,6
2016420095380,2,9,0,18,0,0,0,0,0,0,1,1,5,2,71,10,1598,2,2,8,2,8
2016420095388,1,20,0,18,0,1,0,0,0,0,1,1,1,1,47,8,4250,2,6,2,1,2
2016420095388,2,9,0,4,0,1,0,0,0,0,2,1,6,1,59,9,2993,2,1,7,1,7
2016420095395,1,9,0,18,0,0,1,0,4,0,2,1,6,2,35,6,1229,1,2,7,1,7
2016420095396,1,8,0,18,0,0,0,0,0,0,1,1,1,1,48,8,-1,-1,-1,2,1,2
2016420095396,2,8,0,4,0,0,0,0,1,0,2,1,1,1,39,7,1997,2,3,3,1,3
2016420095397,1,9,0,9,0,8,0,0,0,0,1,1,6,1,42,7,2401,2,12,1,2,1
2016420095397,2,9,0,18,0,1,2,0,1,0,4,1,6,1,38,7,1499,2,1,2,3,2
2016420095398,1,21,1,18,0,0,0,0,0,0,1,1,1,1,58,9,-1,-1,-1,-1,-1,-1
2016420095398,2,9,0,18,0,0,0,0,0,0,2,1,5,2,29,6,2967,2,2,8,1,8
2016420095399,1,3,0,13,0,1,0,0,0,0,1,1,5,1,18,4,124,1,2,4,1,4
2016420095399,2,9,0,9,0,5,0,0,0,0,3,1,5,2,38,7,1248,1,1,4,1,4
2016420095400,1,9,0,18,0,0,0,0,0,0,1,1,2,1,30,6,1248,2,8,6,1,6
2016420095400,2,9,0,18,0,0,0,0,0,0,2,1,1,1,56,9,1797,8,4,2,1,2
2016420095401,1,2,0,18,0,0,0,11,0,0,0,1,5,1,16,4,49,1,12,5,1,5
2016420095403,1,5,0,13,0,0,5,0,0,0,1,1,2,1,25,5,903,1,6,5,1,5
2016420095403,2,20,0,14,0,0,0,0,0,0,2,1,1,2,40,7,4462,2,3,4,1,4
2016420095459,1,8,0,1,0,2,0,0,0,0,2,1,1,1,71,10,2499,2,9,5,1,5
2016420095534,1,9,0,5,0,1,0,0,0,0,1,1,5,2,61,9,2143,2,4,5,1,5
2016420095534,2,5,0,5,0,6,0,0,0,0,2,1,1,1,52,8,953,1,8,8,1,8
2016420095570,1,9,0,5,0,8,0,0,0,0,3,1,6,1,48,8,1560,2,2,6,1,6
2016420095570,2,3,0,18,0,1,0,0,0,0,1,1,6,1,20,4,125,1,3,8,1,8
2016420095583,1,1,0,18,0,1,0,0,0,0,4,1,6,2,50,8,-1,-1,-1,7,1,7
2016420095583,2,9,0,2,0,1,0,0,0,0,3,1,6,1,32,6,2099,1,14,4,1,4
2016420095628,1,9,0,18,0,1,0,0,0,0,1,1,6,1,22,5,-1,-1,-1,8,1,8
2016420095628,2,9,0,18,0,1,0,0,0,0,2,1,6,1,26,6,1910,2,9,4,1,4
2016420095728,1,9,0,18,0,0,0,0,5,0,3,1,1,2,28,6,1598,1,10,10,1,10
2016420095728,2,9,0,18,0,0,0,0,5,0,3,1,1,1,40,7,1560,2,3,2,1,2
2016420095736,1,5,0,11,0,0,2,0,0,0,1,1,2,1,25,5,600,1,12,7,1,7
2016420095736,2,21,0,18,0,0,0,0,0,0,2,1,2,1,30,6,-1,-1,-1,5,1,5
2016420095758,1,9,0,18,0,0,2,10,7,0,3,1,6,2,34,6,1997,2,1,10,2,10
2016420095758,2,9,0,18,0,0,1,0,0,0,3,1,6,2,22,5,1198,1,1,9,1,9
2016420095780,1,9,0,18,0,0,0,0,0,0,1,1,6,3,-1,-1,-1,-1,-1,-1,-1,-1
2016420095780,2,9,0,18,0,0,2,0,4,0,2,1,6,2,60,9,998,1,2,7,1,7
2016420095789,1,9,0,18,0,8,0,0,0,0,1,1,6,1,26,6,1124,1,12,2,1,2
2016420095789,2,9,0,18,0,8,0,0,0,0,1,1,6,1,72,10,1997,2,10,9,3,9
2016420095791,1,9,0,17,0,0,0,0,0,0,0,1,6,3,-1,-1,-1,-1,-1,-1,-1,-1
2016420095791,2,9,0,16,0,0,5,0,1,0,1,1,5,2,18,4,1199,1,1,4,1,4
2016420095804,1,9,0,18,0,0,2,0,0,0,3,1,5,1,36,7,1389,1,17,3,2,3
2016420095804,2,17,4,18,0,0,0,0,0,0,1,1,1,1,53,8,-1,2,7,6,3,6
2016420095805,1,9,0,18,0,0,0,0,0,0,1,1,5,1,39,7,1587,1,15,3,1,3
2016420095805,2,9,0,18,0,0,0,0,0,0,2,1,5,2,54,8,1461,2,-1,7,2,7
2016420095835,1,5,0,18,0,0,0,0,0,0,3,1,6,1,52,8,1402,1,14,6,1,6
2016420095836,1,9,0,9,0,8,0,0,0,0,1,1,5,2,70,10,1229,1,5,10,1,10
2016420095836,2,9,0,18,0,8,0,0,0,0,1,1,5,2,89,11,998,1,17,3,1,3
2016420095839,1,9,0,7,0,2,0,0,0,0,1,1,5,2,47,8,1685,2,2,9,1,9
2016420095839,2,1,0,5,0,1,0,0,0,0,3,1,6,1,63,9,-1,-1,-1,-1,-1,-1
2016420095849,1,9,0,10,0,1,0,0,0,0,3,1,6,1,32,6,2148,2,12,3,2,3
2016420095849,2,5,0,18,0,1,5,0,0,0,4,1,6,1,60,9,1450,1,17,2,1,2
2016420095850,1,9,0,18,0,4,0,0,0,0,3,1,2,2,20,4,1242,1,15,3,1,3
2016420095850,2,1,0,18,0,8,0,0,0,0,1,1,6,2,54,8,-1,-1,-1,9,1,9
2016420095855,1,9,0,5,9,0,0,0,1,10,1,1,5,2,84,11,1299,1,11,7,1,7
2016420095866,1,9,0,18,0,0,0,0,0,0,1,1,6,1,21,5,1229,1,2,10,1,10
2016420095866,2,19,0,3,0,0,0,0,0,0,2,1,6,1,21,5,1560,2,8,10,1,10
2016420095902,1,9,0,2,0,0,0,0,0,0,3,1,6,1,32,6,2099,1,14,4,1,4
2016420095902,2,1,0,18,0,0,0,0,0,0,4,1,6,3,50,8,-1,-1,-1,7,1,7
2016420096215,1,9,0,18,0,0,0,0,0,0,1,1,1,1,29,6,-1,-1,-1,6,1,6
2016420096215,2,9,0,3,0,0,0,0,0,0,2,1,6,1,19,4,1149,1,11,6,1,6
2016420096215,3,9,0,3,0,0,0,0,0,0,2,1,6,1,67,10,-1,-1,-1,9,1,9
2016420096307,1,9,0,18,0,0,0,0,0,0,4,1,6,1,28,6,1395,1,-1,1,1,1
2016420096368,1,9,0,18,0,0,0,0,0,0,0,1,6,3,-1,-1,-1,-1,-1,-1,-1,-1
2016420096368,2,5,0,18,0,0,0,0,0,0,2,1,5,1,48,8,749,1,16,1,1,1
2016420096369,1,5,0,17,0,0,0,0,1,4,1,1,5,1,24,5,1000,1,7,8,1,8
2016420096600,1,-1,0,6,0,8,0,0,0,0,1,1,1,1,-1,-1,-1,-1,-1,8,1,8
2016420096600,2,9,0,18,0,8,0,0,0,0,4,1,6,2,28,6,1240,1,8,10,1,10
2016420096744,1,19,0,9,0,8,0,0,0,0,2,1,1,1,50,8,1968,2,3,-1,-1,-1
2016420096744,2,9,0,18,0,1,1,0,0,0,1,1,5,2,37,7,1995,2,3,4,1,4
2016420096849,1,9,0,18,0,1,0,0,0,0,1,1,6,3,-1,-1,-1,-1,-1,-1,-1,-1
2016420096849,2,5,0,18,0,8,0,0,0,0,2,1,1,2,46,8,798,1,2,9,1,9
2016420096876,1,9,0,4,0,1,0,0,0,0,1,1,5,2,43,7,2361,1,12,4,1,4
2016420096876,2,9,0,4,0,1,0,0,0,0,2,1,5,2,43,7,1242,1,-1,10,1,10
2016420096876,3,9,0,4,0,1,0,0,0,0,2,1,6,1,34,6,1398,1,3,3,1,3
2016420096878,1,9,0,4,0,0,0,0,0,0,0,1,5,2,27,6,1598,1,10,3,1,3
2016420096879,1,19,0,9,0,0,0,0,0,0,1,1,2,1,47,8,1560,2,2,8,2,8
2016420096880,1,9,0,9,0,0,0,0,0,0,4,1,5,1,24,5,2402,2,8,9,3,9
2016420096880,2,3,0,18,0,0,0,0,0,0,1,1,5,1,22,5,124,1,1,7,3,7
2016420096882,1,9,0,5,0,1,0,0,0,0,2,1,2,1,44,7,1388,1,13,3,1,3
2016420096882,2,5,0,5,0,8,0,0,0,0,1,1,6,1,55,8,899,1,2,9,1,9
2016420096883,1,5,0,18,0,0,0,0,7,0,1,1,6,1,45,7,999,1,5,7,1,7
2016420097006,1,9,0,18,0,0,0,0,7,0,1,1,6,1,21,5,1360,1,9,4,1,4
2016420097006,2,9,0,18,0,0,0,0,0,0,1,1,2,2,58,9,1086,1,12,10,1,10
2016420097006,3,9,0,18,0,0,0,0,0,0,1,1,6,2,18,4,998,1,8,7,1,7
2016420097006,4,8,0,4,0,0,0,0,0,0,2,1,6,1,56,9,1956,2,2,9,1,9
2016420097007,1,9,0,5,0,0,0,0,0,0,3,1,2,1,40,7,1461,2,2,3,1,3
2016420097007,2,5,0,18,0,0,2,0,0,0,1,1,6,1,34,6,599,1,2,3,1,3
2016420097007,3,20,0,2,0,0,0,0,0,0,0,1,5,1,39,7,6871,2,8,4,1,4
2016420097041,1,2,0,18,0,0,0,0,0,0,3,1,5,1,18,4,49,1,17,5,3,5
2016420097065,1,90,1,12,0,0,0,0,0,0,3,1,1,1,39,7,-1,-1,-1,-1,-1,-1
2016420097065,2,9,0,18,0,0,2,0,0,0,3,1,6,2,57,9,995,1,8,7,1,7
2016420097135,1,9,0,4,0,2,0,0,0,0,3,1,2,2,44,7,1975,1,11,-1,-1,-1
2016420097168,1,90,0,18,0,0,0,0,0,0,4,1,6,3,-1,-1,-1,-1,-1,-1,-1,-1
2016420097168,2,1,0,18,0,0,0,0,0,0,3,1,6,1,75,10,-1,-1,-1,6,1,6
2016420097172,1,4,0,18,0,1,0,0,0,0,1,1,2,1,41,7,499,1,7,4,1,4
2016420097176,1,90,0,4,0,8,0,0,0,0,1,1,1,2,24,5,2198,2,2,10,1,10
2016420097176,2,9,0,18,0,8,5,0,0,0,4,1,6,2,50,8,1560,2,11,6,1,6
2016420097182,1,2,0,18,0,0,0,4,0,0,2,1,5,1,16,4,49,1,-1,6,1,6
2016420097182,2,9,0,2,0,0,0,4,0,0,2,1,6,3,-1,-1,-1,-1,-1,-1,-1,-1
2016420097228,1,9,0,18,0,0,0,0,0,0,1,1,5,1,67,10,1998,1,10,5,3,5
2016420097228,2,9,0,18,0,0,0,0,0,0,2,1,5,2,27,6,1598,2,6,9,1,9
2016420097230,1,9,0,18,0,0,1,0,7,0,1,1,6,1,34,6,2494,1,15,4,1,4
2016420097230,2,9,0,18,0,0,0,0,0,0,3,1,5,2,47,8,1388,1,5,10,3,10
2016420097230,3,9,0,18,0,0,0,0,0,0,1,1,5,1,49,8,1995,2,-1,5,1,5
2016420097231,1,9,0,18,0,8,0,0,0,0,3,1,5,2,35,6,1560,2,3,2,1,2
2016420097231,2,9,0,18,0,8,0,0,0,0,1,1,5,1,42,7,1798,1,16,2,1,2
2016420097236,1,9,0,14,0,0,5,4,0,0,1,1,5,1,46,8,1598,1,14,5,3,5
2016420097236,2,9,0,2,0,0,0,0,0,0,2,1,6,3,-1,-1,-1,-1,-1,-1,-1,-1
2016420097236,3,9,0,2,0,0,0,0,0,0,2,1,6,3,-1,-1,-1,-1,-1,-1,-1,-1
2016420097236,4,9,0,2,0,0,0,0,0,0,1,1,6,3,-1,-1,-1,-1,-1,-1,-1,-1
2016420097239,1,9,0,18,0,0,0,0,0,0,1,1,5,1,83,11,1997,2,6,8,1,8
2016420097239,2,9,0,18,0,0,0,0,1,0,1,1,5,2,61,9,1395,1,1,3,1,3
2016420097250,1,9,0,1,0,0,0,0,0,0,4,1,6,1,62,9,1595,1,16,8,3,8
2016420097250,2,1,0,18,0,0,5,0,0,0,1,1,6,1,46,8,-1,-1,-1,7,1,7
2016420097263,1,9,0,5,0,4,0,0,0,0,3,1,5,2,69,10,1598,2,6,2,1,2
2016420097263,2,9,0,18,0,8,0,0,0,0,1,1,5,1,25,5,1968,2,10,3,1,3
2016420097271,1,9,0,1,0,8,0,0,0,0,2,1,6,1,24,5,1596,1,10,8,1,8
2016420097274,1,9,0,9,0,8,0,0,0,0,3,1,5,2,40,7,1390,1,6,5,1,5
2016420097274,2,9,0,7,0,8,0,0,0,0,4,1,5,2,62,9,1599,1,13,7,3,7
2016420097278,1,9,0,10,0,0,0,0,0,0,2,1,5,1,48,8,2435,1,15,9,1,9
2016420097278,2,3,0,4,0,0,0,0,0,0,1,1,5,1,20,4,125,1,4,10,1,10
2016420097283,1,9,0,18,0,0,0,0,1,10,1,1,6,1,29,6,1781,1,12,9,2,9
2016420097284,1,9,0,18,0,0,0,0,1,0,1,1,5,2,23,5,1461,2,-1,7,3,7
2016420097290,1,19,0,5,0,6,0,0,0,0,4,1,1,1,35,6,1560,2,2,6,1,6
2016420097290,2,11,0,2,0,1,0,0,0,0,0,1,1,1,45,7,10000,2,26,5,3,5
2016420097290,3,4,0,18,0,1,2,0,0,0,1,1,2,1,51,8,400,1,8,7,1,7
2016420097307,1,9,0,17,0,1,0,0,0,0,1,1,6,1,26,6,1149,1,8,7,1,7
2016420097307,2,3,0,5,0,1,0,0,0,0,1,1,6,1,34,6,124,1,2,2,1,2
2016420097309,1,9,0,18,0,0,1,0,0,0,1,1,6,1,37,7,1587,1,10,3,1,3
2016420097309,2,90,1,12,0,0,0,0,0,0,3,1,1,1,43,7,-1,-1,-1,4,1,4
2016420097311,1,21,1,12,0,0,0,0,0,0,3,2,1,1,26,6,-1,-1,-1,-1,-1,-1
2016420097311,2,9,0,18,0,0,1,0,0,0,4,1,5,1,70,10,2300,1,17,9,1,9
2016420097314,1,9,0,17,0,0,0,0,0,0,1,1,5,2,21,5,1229,1,9,6,1,6
2016420097314,2,3,0,16,0,0,0,0,0,0,1,1,5,1,20,4,124,1,-1,6,3,6
2016420097317,1,9,0,18,0,1,2,0,1,0,0,1,5,2,19,4,1248,1,5,4,1,4
2016420097318,1,9,0,18,0,0,0,0,1,9,3,1,5,1,17,4,1388,1,13,7,1,7
2016420097318,2,9,0,18,0,0,0,0,1,0,3,1,5,2,18,4,1242,1,7,1,1,1
2016420097322,1,9,0,18,0,0,0,0,0,0,1,1,6,1,18,4,1242,1,-1,5,3,5
2016420097322,2,9,0,3,0,0,0,0,0,0,2,1,6,1,46,8,-1,-1,-1,7,1,7
2016420097739,1,9,0,18,0,6,0,0,0,0,1,1,6,2,72,10,1596,1,5,8,1,8
2016420097739,2,9,0,18,0,1,0,0,0,0,1,1,6,2,50,8,1988,1,14,5,2,5
2016420097771,1,19,0,9,0,6,0,0,0,0,3,1,1,1,40,7,1968,2,-1,-1,-1,-1
2016420097771,2,9,0,18,0,1,0,0,0,0,4,1,5,2,56,9,1299,1,13,-1,-1,-1
2016420097793,1,4,0,14,0,1,0,0,0,0,1,1,5,1,50,8,471,1,-1,5,1,5
2016420097793,2,9,0,9,0,1,0,0,0,0,3,1,5,1,27,6,1995,1,12,3,1,3
2016420097794,1,9,0,18,0,1,0,0,0,0,1,1,6,2,40,7,1995,2,9,2,1,2
2016420097794,2,9,0,4,0,1,0,0,0,0,2,1,6,1,39,7,1995,2,10,3,1,3
2016420097797,1,9,0,17,0,0,2,12,1,4,1,1,6,2,22,5,1388,1,12,5,2,5
2016420097800,1,9,0,18,0,0,2,0,7,0,1,1,6,1,23,5,1360,1,15,6,1,6
2016420097801,1,9,0,18,0,8,0,0,0,0,3,1,6,2,22,5,1198,1,12,2,1,2
2016420097801,2,9,0,18,0,8,0,0,0,0,4,1,6,2,32,6,1753,2,10,7,1,7
2016420097989,1,9,0,18,0,4,0,0,0,0,2,1,6,1,27,6,1598,1,3,4,1,4
2016420097989,2,1,0,18,0,4,0,0,0,0,1,1,6,1,26,6,-1,-1,-1,8,1,8
2016420098158,1,9,0,18,0,4,0,0,0,0,1,1,6,1,27,6,1596,1,15,3,1,3
2016420098158,2,3,0,3,0,1,0,0,0,0,2,1,6,1,29,6,125,1,-1,5,1,5
2016420098181,1,9,0,5,0,0,0,0,0,0,3,1,6,3,-1,-1,-1,-1,-1,-1,-1,-1
2016420098181,2,1,0,18,0,0,0,0,0,0,1,1,6,1,34,6,-1,-1,-1,7,1,7
2016420098183,1,-1,0,18,0,0,0,0,0,0,1,1,6,3,-1,-1,-1,-1,-1,-1,-1,-1
2016420098183,2,9,0,1,0,0,0,0,0,0,2,1,5,1,37,7,1997,2,5,8,1,8
2016420098195,1,9,0,13,0,0,0,0,0,0,1,1,1,1,66,10,-1,-1,-1,1,1,1
2016420098195,2,1,0,18,0,0,2,0,1,0,2,1,5,1,63,9,-1,-1,-1,9,1,9
2016420098226,1,4,0,18,0,1,2,0,7,0,1,1,6,1,33,6,-1,-1,-1,-1,-1,-1
2016420098226,2,9,0,7,0,1,0,0,0,0,1,1,2,2,26,6,1995,2,12,3,1,3
2016420098240,1,9,0,18,0,0,0,0,0,0,0,1,6,3,-1,-1,-1,-1,-1,-1,-1,-1
2016420098240,2,1,0,18,0,0,0,0,0,0,0,1,6,1,52,8,-1,-1,-1,4,1,4
2016420098335,1,19,0,18,0,8,0,0,0,0,3,2,1,1,44,7,1560,2,1,6,2,6
2016420098335,2,9,0,9,0,8,0,0,0,0,3,2,1,2,55,8,1229,1,11,8,2,8
2016420098338,1,5,0,18,0,0,2,0,0,0,1,1,2,1,59,9,1157,1,8,9,1,9
2016420098338,2,19,0,5,8,0,0,0,0,0,1,1,1,1,31,6,1997,2,1,7,2,7
2016420098341,1,9,0,7,9,6,0,7,7,6,1,1,5,1,42,7,1149,1,12,2,1,2
2016420098342,1,9,0,17,0,3,0,0,0,0,4,1,5,1,34,6,1598,1,4,5,1,5
2016420098342,2,9,0,5,0,4,0,0,0,0,1,1,2,2,26,6,1600,1,16,2,1,2
2016420098343,1,21,1,18,0,0,0,0,0,0,1,1,1,1,63,9,12777,2,10,8,1,8
2016420098343,2,9,0,4,0,0,0,0,0,0,2,1,5,1,38,7,-1,-1,-1,9,1,9
2016420098345,1,9,0,13,0,3,0,0,0,0,1,1,6,1,29,6,1318,1,-1,9,1,9
2016420098345,2,5,0,15,0,3,2,0,0,0,4,1,2,1,37,7,745,1,2,6,3,6
2016420098351,1,9,0,18,0,1,0,0,1,0,1,1,6,2,19,4,1598,1,14,9,2,9
2016420098351,2,9,0,9,0,1,0,0,0,0,2,1,6,1,37,7,1968,2,6,8,2,8
2016420098352,1,9,0,9,0,3,0,0,0,0,1,1,2,2,24,5,1229,1,11,2,1,2
2016420098587,1,9,0,18,0,2,0,0,0,0,4,1,6,2,30,6,1397,1,4,5,3,5
2016420098758,1,9,0,18,0,3,0,0,0,0,1,1,6,1,41,7,1896,2,13,6,2,6
2016420098758,2,1,0,18,0,8,0,0,0,0,2,1,6,1,22,5,-1,-1,-1,6,1,6
2016420098769,1,9,0,18,0,0,0,0,0,0,2,1,6,2,29,6,1242,1,2,3,1,3
2016420098769,2,9,0,18,0,0,0,0,0,0,1,1,6,1,22,5,1499,2,1,2,1,2
2016420098793,1,9,0,18,0,0,0,0,0,0,1,1,1,1,40,7,2993,2,-1,8,3,8
2016420098793,2,9,0,18,0,0,0,0,0,0,2,1,2,2,41,7,1969,1,1,8,1,8
2016420098860,1,9,0,18,0,0,0,0,0,0,1,1,6,3,-1,-1,-1,-1,-1,-1,-1,-1
2016420098860,2,1,0,18,0,0,0,0,1,0,3,1,6,1,35,6,-1,-1,-1,7,1,7
2016420098869,1,9,0,12,0,0,0,0,0,0,3,1,5,1,20,4,1968,2,10,-1,-1,-1
2016420098869,2,9,0,16,0,0,0,0,0,0,4,1,1,2,29,6,1499,2,1,4,1,4
2016420098870,1,9,0,18,0,4,0,0,0,0,1,1,2,2,60,9,1149,1,6,2,1,2
2016420098870,2,9,0,3,0,4,0,0,0,0,2,1,6,1,59,9,1242,1,16,2,1,2
2016420098872,1,9,0,9,0,0,0,0,0,0,1,1,5,2,43,7,1398,2,11,4,1,4
2016420098872,2,9,0,18,0,0,0,0,0,0,1,1,2,1,85,11,1590,1,11,-1,-1,-1
2016420098873,1,9,0,18,0,0,5,0,1,0,1,1,5,2,72,10,1390,1,19,4,1,4
2016420098874,1,9,0,5,0,2,0,0,0,0,0,1,5,2,40,7,1997,2,2,9,1,9
2016420098876,1,9,0,18,0,4,1,0,0,0,1,1,2,1,32,6,1388,1,13,6,1,6
2016420098876,2,9,0,3,0,4,0,0,0,0,2,1,6,2,22,5,1149,1,6,8,1,8
2016420098877,1,9,0,18,0,1,1,7,0,0,1,1,5,1,78,11,1968,2,-1,8,1,8
2016420098879,1,5,0,17,0,0,1,0,1,0,1,1,5,1,24,5,599,1,8,5,3,5
2016420098880,1,3,0,18,0,1,0,0,0,0,1,1,6,1,17,4,124,1,8,9,1,9
2016420098880,2,3,0,18,0,2,0,0,0,0,1,1,6,1,18,4,124,1,3,8,1,8
2016420098881,1,9,0,18,0,4,0,0,0,0,3,1,2,1,25,5,1388,1,4,9,1,9
2016420098881,2,1,0,9,0,8,0,0,0,0,1,1,2,1,41,7,-1,-1,-1,9,1,9
2016420098887,1,9,0,5,0,3,0,0,0,0,1,1,6,2,42,7,1360,1,11,9,1,9
2016420098887,2,1,0,5,0,3,0,0,0,0,2,1,6,1,60,9,-1,-1,-1,8,1,8
2016420099050,1,19,0,11,0,5,0,0,0,0,4,1,2,1,36,7,1997,2,-1,5,1,5
2016420099119,1,9,0,7,0,1,0,0,0,0,4,1,6,1,65,9,1796,1,12,9,1,9
2016420099119,2,1,0,18,0,1,0,0,0,0,1,1,6,2,40,7,-1,-1,-1,3,1,3
2016420099168,1,9,0,5,0,4,0,0,0,0,1,1,6,2,41,7,1798,1,8,10,1,10
2016420099168,2,3,0,18,0,3,5,0,0,0,0,1,2,1,25,5,124,1,10,10,1,10
2016420099171,1,19,0,18,0,0,0,0,0,0,1,1,6,1,29,6,2464,2,7,2,1,2
2016420099171,2,9,0,3,0,0,0,0,0,0,1,1,5,1,69,10,1560,2,1,4,1,4
2016420099233,1,1,0,18,0,6,0,0,0,0,1,1,6,1,44,7,-1,-1,-1,5,1,5
2016420099233,2,9,0,4,0,1,0,0,0,0,1,1,6,1,51,8,5461,1,10,8,1,8
2016420099280,1,9,0,18,0,8,0,0,0,0,1,1,5,2,21,5,1995,2,1,-1,-1,-1