Accident_Index,Vehicle_Reference,Vehicle_Type,Towing_and_Articulation,Vehicle_Manoeuvre,Vehicle_Location-Restricted_Lane,Junction_Location,Skidding_and_Overturning,Hit_Object_in_Carriageway,Vehicle_Leaving_Carriageway,Hit_Object_off_Carriageway,1st_Point_of_Impact,Was_Vehicle_Left_Hand_Drive?,Journey_Purpose_of_Driver,Sex_of_Driver,Age_of_Driver,Age_Band_of_Driver,Engine_Capacity_(CC),Propulsion_Code,Age_of_Vehicle,Driver_IMD_Decile,Driver_Home_Area_Type,Vehicle_IMD_Decile
2016420099280,2,9,0,18,0,8,0,0,0,0,2,1,6,1,25,5,1968,2,3,9,1,9
2016420099287,1,9,0,9,0,2,0,0,0,0,1,1,5,2,83,11,1600,1,12,5,1,5
2016420099287,2,9,0,18,0,2,0,0,0,0,1,1,5,1,70,10,2295,1,13,6,2,6
2016420099289,1,9,0,9,0,8,5,0,0,0,4,1,6,2,56,9,1598,1,6,2,1,2
2016420099289,2,9,0,18,0,8,0,0,0,0,1,1,6,1,60,9,2993,2,5,9,3,9
2016420099291,1,3,0,13,0,0,5,0,0,0,1,1,6,1,28,6,124,1,-1,-1,-1,-1
2016420099291,2,9,0,10,0,0,0,0,0,0,2,1,5,2,38,7,1242,1,10,2,1,2
2016420099292,1,9,0,18,0,0,5,0,0,0,1,1,5,1,21,5,1124,1,14,5,1,5
2016420099299,1,9,0,9,0,6,0,0,0,0,4,1,1,1,21,5,1388,1,8,3,1,3
2016420099299,2,9,0,18,0,8,0,0,0,0,4,1,1,1,30,6,1997,2,15,6,1,6
2016420099327,1,9,0,5,0,0,0,0,0,0,1,1,5,1,82,11,1800,1,17,10,3,10
2016420099327,2,5,0,18,0,0,2,0,7,0,4,1,1,1,43,7,1043,1,-1,7,2,7
2016420099457,1,9,0,5,0,3,0,0,0,0,3,1,2,2,47,8,1461,2,-1,9,2,9
2016420099457,2,5,0,5,0,3,5,0,0,0,4,1,2,1,48,8,645,1,4,10,2,10
2016420099461,1,9,0,13,0,0,0,0,0,0,1,1,6,1,35,6,1896,2,12,1,1,1
2016420099461,2,9,0,18,0,0,0,0,1,0,1,1,6,2,69,10,1299,1,10,4,2,4
2016420099537,1,9,0,18,0,0,0,0,0,0,1,1,6,1,25,5,3175,1,12,-1,-1,-1
2016420099537,2,9,0,9,0,0,0,0,0,0,3,1,5,1,71,10,1591,1,5,9,1,9
2016420099677,1,9,0,18,0,0,0,0,0,0,1,1,2,1,64,9,2148,2,8,10,1,10
2016420099677,2,9,0,18,0,0,0,0,0,0,1,1,5,2,37,7,1386,1,9,9,1,9
2016420099677,3,9,0,18,0,0,0,0,0,0,3,1,5,2,55,8,1242,1,1,10,1,10
2016420099679,1,9,0,18,0,0,0,0,0,0,1,1,5,2,31,6,1794,1,12,8,1,8
2016420099679,2,9,0,2,0,0,0,0,0,0,2,1,5,1,34,6,1598,2,-1,7,1,7
2016420099679,3,9,0,2,0,0,0,0,0,0,2,1,1,1,38,7,1995,2,1,7,1,7
2016420099680,1,3,0,18,0,1,0,0,0,0,1,1,5,1,21,5,124,1,12,2,1,2
2016420099680,2,9,0,18,0,1,0,0,0,0,2,1,5,2,28,6,999,1,-1,2,1,2
2016420099682,1,9,0,6,0,0,0,0,0,0,4,1,5,1,44,7,1896,2,12,3,1,3
2016420099682,2,5,0,13,0,0,0,0,0,0,1,1,5,1,34,6,847,1,-1,2,1,2
2016420099683,1,11,0,17,0,0,0,0,0,0,1,1,1,1,54,8,6700,2,8,9,1,9
2016420099686,1,9,0,3,0,1,0,0,1,0,1,1,1,1,33,6,1560,2,3,-1,-1,-1
2016420099686,2,9,0,3,0,1,0,0,0,0,2,1,5,2,26,6,1149,1,7,9,1,9
2016420099735,1,9,0,18,0,0,0,0,0,0,4,2,6,2,30,6,1598,2,5,2,1,2
2016420099735,2,19,1,18,0,0,0,0,0,0,0,2,1,1,31,6,-1,-1,-1,6,2,6
2016420099736,1,9,0,9,0,8,0,0,0,0,1,1,6,2,75,10,1360,1,12,8,1,8
2016420099736,2,9,0,18,0,8,0,0,0,0,3,1,6,2,61,9,1598,1,4,5,1,5
2016420099740,1,9,0,18,0,0,0,0,0,0,1,1,5,2,21,5,1242,1,2,5,1,5
2016420099740,2,9,0,3,0,0,0,0,0,0,2,1,5,1,26,6,1368,1,12,4,1,4
2016420099740,3,9,0,3,0,0,0,0,0,0,2,1,5,2,40,7,1390,1,7,4,1,4
2016420099740,4,9,0,3,0,0,0,0,0,0,2,1,5,1,54,8,1984,1,15,10,2,10
2016420099744,1,9,0,5,0,0,0,0,0,0,2,1,5,2,68,10,998,1,15,6,1,6
2016420099744,2,9,0,18,0,0,1,0,0,0,1,1,5,1,25,5,1390,1,7,3,1,3
2016420099745,1,9,0,9,0,4,0,0,0,0,1,1,5,1,28,6,1950,2,16,9,1,9
2016420099745,2,1,0,18,0,1,0,0,0,0,3,1,6,1,46,8,-1,-1,-1,2,1,2
2016420099746,1,9,0,18,0,0,0,0,2,0,1,1,5,1,84,11,-1,-1,-1,6,1,6
2016420099750,1,3,0,18,0,6,0,0,0,0,1,1,6,1,26,6,124,1,7,8,1,8
2016420099750,2,9,0,18,0,6,1,0,1,11,4,1,6,1,27,6,1598,1,7,5,1,5
2016420099751,1,9,0,9,0,8,0,0,0,0,4,1,5,2,52,8,1242,1,2,9,1,9
2016420099751,2,5,0,18,0,8,0,0,0,0,1,1,5,1,53,8,750,1,-1,3,1,3
2016420099755,1,9,0,18,0,0,1,0,1,10,3,1,6,1,21,5,1388,1,10,1,2,1
2016420099763,1,9,0,18,0,0,0,0,0,0,1,1,5,1,33,6,1999,1,8,1,1,1
2016420099763,2,19,0,18,0,0,0,0,0,0,2,1,5,1,34,6,1560,2,2,3,1,3
2016420099764,1,9,0,9,0,2,0,0,0,0,1,1,5,2,39,7,1124,1,12,1,1,1
2016420099764,2,9,0,18,0,1,0,0,0,0,1,1,6,2,26,6,1199,1,14,2,1,2
2016420099765,1,98,1,18,0,0,0,0,0,0,3,1,1,1,59,9,-1,-1,-1,-1,-1,-1
2016420099765,2,9,0,18,0,0,0,0,0,0,4,1,5,1,47,8,1956,2,1,2,1,2
2016420099765,3,9,0,18,0,0,5,7,4,6,4,1,6,1,21,5,1796,1,9,6,2,6
2016420099767,1,9,0,16,0,0,0,0,0,0,1,1,5,1,35,6,1999,1,12,-1,-1,-1
2016420099767,2,9,0,17,0,0,0,0,0,0,3,1,6,1,23,5,1598,1,3,10,1,10
2016420099768,1,98,0,18,0,1,0,0,0,0,1,1,6,1,-1,-1,-1,-1,-1,-1,-1,-1
2016420099768,2,9,0,10,0,1,0,0,0,0,2,1,6,2,19,4,998,1,-1,7,2,7
2016420099768,3,9,0,18,0,1,0,0,0,0,3,1,6,1,82,11,1689,2,14,5,3,5
2016420099769,1,9,0,18,0,0,2,10,5,0,1,1,5,1,36,7,1769,1,11,1,1,1
2016420099774,1,9,0,18,0,0,0,0,0,0,1,1,6,1,33,6,1968,2,1,9,3,9
2016420099774,2,9,0,3,0,0,0,0,0,0,2,1,6,1,32,6,-1,-1,-1,2,1,2
2016420099774,3,9,0,3,0,0,0,0,0,0,2,1,6,1,63,9,-1,-1,-1,7,3,7
2016420099776,1,9,0,18,0,0,0,0,0,0,1,1,6,1,26,6,1997,2,7,6,1,6
2016420099776,2,8,0,18,0,0,0,0,1,0,2,1,5,1,57,9,2402,2,12,7,1,7
2016420099776,3,19,0,18,0,0,0,0,0,0,1,2,1,1,40,7,-1,-1,-1,8,1,8
2016420099777,1,9,0,9,0,1,0,0,0,0,1,1,5,2,35,6,1896,2,16,6,1,6
2016420099777,2,9,0,18,0,1,0,0,0,0,1,1,5,2,69,10,1388,1,10,6,1,6
2016420099784,1,9,0,4,0,1,0,0,0,0,2,1,1,1,21,5,1388,1,9,7,1,7
2016420099784,2,9,0,5,0,4,0,0,0,0,4,1,5,2,30,6,2148,2,7,7,1,7
2016420099797,1,9,0,18,0,1,0,0,0,0,1,1,5,2,63,9,1590,1,13,7,1,7
2016420099797,2,9,0,18,0,1,0,0,0,0,2,1,5,1,43,7,1198,1,7,1,1,1
2016420099797,3,9,0,18,0,1,0,0,0,0,2,1,5,2,48,8,1560,2,2,4,1,4
2016420099801,1,9,0,18,0,0,5,0,1,0,1,1,5,1,37,7,1242,1,17,6,1,6
2016420099804,1,9,0,18,9,0,1,0,1,0,1,1,5,1,23,5,1998,1,7,3,1,3
2016420099804,2,9,0,6,0,0,0,0,0,0,0,1,5,1,22,5,1998,1,8,4,1,4
2016420099804,3,9,0,2,9,0,0,0,1,0,2,1,6,3,-1,-1,-1,-1,-1,-1,-1,-1
2016420099805,1,9,0,5,0,6,0,0,0,0,3,1,5,1,28,6,1798,8,1,3,1,3
2016420099805,2,9,0,18,0,1,0,0,0,0,1,1,6,1,34,6,1910,2,10,4,1,4
2016420099909,1,9,0,7,5,6,0,0,0,0,1,1,6,2,-1,-1,-1,-1,-1,-1,-1,-1
2016420099976,1,9,0,5,0,0,0,0,0,0,3,1,1,1,68,10,1798,8,1,4,1,4
2016420100013,1,9,0,18,0,0,0,0,0,0,1,1,6,3,-1,-1,-1,-1,-1,-1,-1,-1
2016420100013,2,1,0,18,0,0,0,0,0,0,2,1,6,1,14,3,-1,-1,-1,-1,-1,-1
2016420100026,1,2,0,5,0,6,5,0,0,0,1,1,2,1,51,8,49,1,17,6,3,6
2016420100026,2,9,0,17,0,1,0,0,0,0,4,1,5,1,60,9,2000,2,12,5,2,5
2016420100111,1,9,0,9,0,6,0,0,0,0,3,1,6,3,-1,-1,-1,-1,-1,-1,-1,-1
2016420100111,2,1,0,18,0,1,0,0,0,0,0,1,6,1,36,7,-1,-1,-1,7,1,7
2016420100142,1,9,0,5,0,6,0,0,0,0,1,1,5,1,23,5,1596,1,14,2,1,2
2016420100142,2,9,0,18,0,8,0,0,7,0,2,1,5,1,55,8,1997,2,1,10,1,10
2016420100204,1,1,0,18,0,0,0,0,0,0,3,1,5,2,11,3,-1,-1,-1,3,1,3
2016420100204,2,9,0,18,0,0,0,0,0,0,4,1,1,1,44,7,973,1,14,3,1,3
2016420100206,1,9,0,4,0,8,0,0,0,0,1,1,5,2,28,6,998,1,1,9,1,9
2016420100206,2,9,0,4,0,8,0,0,0,0,1,1,2,2,31,6,1995,2,4,7,1,7
2016420100206,3,9,0,4,0,8,0,0,0,0,2,1,5,2,35,6,998,1,1,3,1,3
2016420100207,1,5,0,17,0,8,2,0,1,0,3,1,6,1,49,8,599,1,14,8,1,8
2016420100208,1,9,4,18,0,1,0,7,0,0,1,1,5,1,31,6,1753,2,11,1,1,1
2016420100210,1,9,0,15,0,0,0,0,0,0,2,1,6,1,54,8,2997,1,-1,7,1,7
2016420100210,2,3,0,18,0,0,1,0,0,0,1,1,5,1,17,4,124,1,17,2,1,2
2016420100247,1,9,0,18,0,0,0,0,0,0,2,1,2,1,25,5,1995,2,4,6,1,6
2016420100247,2,19,0,18,0,0,1,0,0,0,1,1,2,1,44,7,1870,2,14,6,2,6
2016420100254,1,9,0,13,0,0,0,0,0,0,4,1,2,2,23,5,1299,1,12,5,1,5
2016420100254,2,1,0,18,0,0,5,0,0,0,3,1,5,2,59,9,-1,-1,-1,10,1,10
2016420100254,3,1,0,18,0,0,5,0,0,0,1,1,5,2,59,9,-1,-1,-1,10,1,10
2016420100514,1,5,0,13,0,8,5,0,7,0,1,1,5,1,23,5,599,1,15,7,1,7
2016420100514,2,9,0,9,0,5,0,0,0,0,3,1,2,1,22,5,2497,1,5,7,3,7
2016420100520,1,9,0,18,0,1,0,0,0,0,-1,1,6,2,25,5,1995,2,5,1,1,1
2016420100520,2,9,0,18,0,1,0,0,0,0,-1,1,6,2,41,7,1560,2,4,10,1,10
2016420100598,1,9,0,18,0,0,0,0,0,0,1,1,6,1,29,6,1598,1,13,1,1,1
2016420100598,2,9,0,4,0,0,0,0,0,0,2,1,6,2,39,7,1968,2,1,4,1,4
2016420100603,1,9,0,18,0,0,0,0,0,0,1,1,2,1,37,7,-1,-1,-1,6,1,6
2016420100603,2,9,0,4,0,0,0,0,0,0,2,1,1,2,49,8,1598,2,2,7,1,7
2016420100603,3,9,0,18,0,0,0,0,0,0,2,1,6,3,-1,-1,-1,-1,-1,-1,-1,-1
2016420100625,1,9,0,18,0,0,0,0,0,0,1,1,5,1,26,6,1896,2,13,7,1,7
2016420100625,2,9,0,18,0,0,0,0,0,0,1,1,5,1,75,10,1997,2,9,8,2,8
2016420100638,1,9,0,1,0,1,0,0,0,0,2,1,5,1,18,4,1242,1,17,1,1,1
2016420100638,2,23,0,2,0,1,5,0,0,0,1,1,1,1,50,8,1170,1,1,9,1,9
2016420100649,1,9,0,18,0,0,0,4,0,0,1,1,5,1,57,9,2143,2,1,2,1,2
2016420100649,2,9,0,2,0,0,0,0,1,0,1,1,6,3,-1,-1,-1,-1,-1,-1,-1,-1
2016420100649,3,90,0,2,5,0,0,0,0,0,2,1,6,3,-1,-1,-1,-1,-1,-1,-1,-1
2016420100695,1,9,0,18,0,2,0,0,0,0,1,1,6,1,-1,-1,1798,1,13,2,1,2
2016420100695,2,1,0,18,0,2,0,0,0,0,2,1,5,2,38,7,-1,-1,-1,5,1,5
2016420100696,1,9,0,11,0,0,0,0,0,0,4,1,6,1,23,5,1197,1,3,5,1,5
2016420100696,2,5,0,18,0,0,0,0,0,0,3,1,2,1,23,5,892,1,19,8,2,8
2016420100697,1,9,0,9,0,8,0,0,0,0,1,1,2,1,50,8,2494,2,11,8,1,8
2016420100697,2,9,0,18,0,8,0,0,0,0,4,1,1,2,28,6,1498,1,9,8,1,8
2016420100698,1,9,0,18,0,8,0,0,0,0,1,1,5,1,30,6,1595,1,20,5,1,5
2016420100698,2,9,0,4,0,8,0,0,0,0,2,1,6,1,24,5,2993,2,9,3,1,3
2016420100701,1,9,0,18,0,0,0,0,1,11,1,1,1,1,44,7,2987,2,4,9,1,9
2016420100702,1,9,0,18,0,0,0,0,0,0,1,1,2,1,39,7,1360,1,11,2,1,2
2016420100702,2,9,0,18,0,0,2,0,4,6,2,1,5,1,32,6,1598,1,-1,2,1,2
2016420100706,1,9,0,5,0,6,2,0,0,0,3,1,6,1,19,4,1598,1,8,-1,-1,-1
2016420100706,2,9,0,18,0,8,0,0,0,0,1,1,5,2,53,8,1299,1,14,4,1,4
2016420100707,1,9,0,9,0,8,0,0,0,0,1,1,6,1,62,9,1997,1,7,10,1,10
2016420100707,2,1,0,18,0,8,0,0,0,0,1,1,6,1,62,9,-1,-1,-1,10,1,10
2016420100718,1,3,0,7,0,2,5,0,0,0,4,1,6,1,24,5,124,1,1,3,1,3
2016420100759,1,98,1,18,0,4,0,0,0,0,3,1,6,3,-1,-1,-1,-1,-1,-1,-1,-1
2016420100759,2,1,0,18,0,4,0,0,0,0,1,1,6,2,36,7,-1,-1,-1,4,1,4
2016420100871,1,5,0,18,0,4,5,0,0,0,1,1,2,2,44,7,649,1,2,5,3,5
2016420100871,2,9,0,18,0,8,0,0,0,0,1,1,6,1,65,9,2720,2,8,6,3,6
2016420101052,1,3,0,13,0,1,0,0,0,0,4,1,5,1,30,6,124,1,7,3,1,3
2016420101052,2,9,0,9,0,2,0,0,0,0,3,1,2,2,27,6,1368,1,7,9,1,9
2016420101052,3,19,0,7,0,1,0,0,0,0,0,1,1,1,47,8,2198,2,4,9,1,9
2016420101138,1,9,0,13,0,0,5,0,0,0,3,1,5,1,29,6,1598,1,13,5,3,5
2016420101138,2,1,0,18,0,0,0,0,0,0,0,1,5,1,58,9,-1,-1,-1,8,1,8
2016420101138,3,9,0,18,0,0,0,0,0,0,0,1,6,3,-1,-1,-1,-1,-1,-1,-1,-1
2016420101139,1,9,0,13,0,0,0,0,0,0,3,1,6,2,48,8,998,1,1,8,1,8
2016420101139,2,5,0,13,0,0,5,0,7,9,1,1,6,1,59,9,1050,1,6,7,3,7
2016420101139,3,9,0,18,0,0,0,0,0,0,0,1,6,3,-1,-1,-1,-1,-1,-1,-1,-1
2016420101142,1,9,0,18,0,0,0,0,0,0,1,1,6,2,21,5,1149,1,5,7,2,7
2016420101142,2,9,0,9,0,0,0,0,0,0,1,1,5,1,41,7,1242,1,18,5,2,5
2016420101144,1,9,0,3,0,0,1,0,0,0,1,1,6,1,50,8,1368,1,-1,10,1,10
2016420101144,2,9,0,3,0,0,0,0,0,0,2,1,6,2,39,7,2148,2,10,6,1,6
2016420101145,1,9,0,18,0,0,0,0,7,0,1,1,5,2,26,6,1600,1,5,5,1,5
2016420101146,1,9,0,18,0,0,0,4,1,0,4,1,5,1,19,4,1364,1,11,2,1,2
2016420101146,2,21,1,2,6,0,0,0,0,0,3,1,1,1,36,7,12777,2,5,9,1,9
2016420101169,1,9,0,16,0,4,2,0,3,1,1,1,5,1,29,6,1560,2,5,3,1,3
2016420101169,2,9,0,18,0,1,0,0,0,0,0,1,5,1,33,6,1560,2,4,3,1,3
2016420101169,3,9,0,18,0,1,0,0,0,0,0,1,1,2,43,7,1560,2,3,8,1,8
2016420101172,1,90,1,12,0,0,0,0,0,0,1,2,1,1,51,8,-1,-1,-1,-1,-1,-1
2016420101172,2,9,0,18,0,0,0,0,0,0,4,1,5,2,52,8,1390,1,13,4,1,4
2016420101327,1,9,0,18,0,1,0,0,0,0,1,1,6,2,26,6,1364,1,9,4,1,4
2016420101435,1,21,1,18,0,0,0,0,0,0,1,1,1,1,60,9,10837,2,2,4,1,4
2016420101435,2,1,0,18,0,0,5,0,1,0,2,1,1,1,26,6,-1,-1,-1,8,1,8
2016420101456,1,9,0,17,0,0,2,0,8,4,3,1,5,1,27,6,1124,1,14,6,2,6
2016420101506,1,19,0,11,0,0,0,0,0,0,0,1,6,1,29,6,-1,-1,-1,9,1,9
2016420101506,2,19,0,18,0,0,0,0,0,0,2,1,2,2,45,7,2464,2,8,6,3,6
2016420101506,3,5,0,18,0,0,5,0,0,0,1,1,6,1,46,8,847,1,1,3,1,3
2016420101508,1,1,0,18,0,0,0,0,0,0,1,1,5,2,8,2,-1,-1,-1,-1,-1,-1
2016420101508,2,19,0,18,0,0,0,0,0,0,4,1,5,1,56,9,1870,2,13,2,1,2
2016420101511,1,9,0,9,0,0,0,0,0,0,4,1,6,2,35,6,1598,1,5,7,1,7
2016420101511,2,3,0,18,0,0,0,0,0,0,1,1,6,1,19,4,124,1,15,7,1,7
2016420101512,1,9,0,18,0,0,0,0,0,0,1,1,6,2,63,9,998,1,15,2,1,2
2016420101513,1,9,0,16,0,0,0,0,7,0,1,1,5,1,58,9,2987,2,5,7,3,7
2016420101514,1,21,1,9,0,8,0,0,0,0,1,1,1,1,42,7,12777,2,1,3,1,3
2016420101514,2,9,0,11,0,3,1,0,0,0,4,1,5,2,30,6,1596,1,4,5,1,5
2016420101526,1,5,0,18,0,0,2,0,0,0,1,1,2,1,37,7,999,1,1,4,1,4
2016420101526,2,9,0,2,0,0,0,0,0,0,1,1,5,1,35,6,1493,2,10,7,1,7
2016420101526,3,9,0,2,0,0,0,0,0,0,3,1,6,3,-1,-1,-1,-1,-1,-1,-1,-1
2016420101547,1,19,0,7,0,6,0,0,0,0,1,1,1,1,55,8,1870,2,11,4,3,4
2016420101547,2,1,0,18,0,6,0,0,0,0,3,1,5,1,28,6,-1,-1,-1,9,1,9
2016420101569,1,5,0,9,0,8,0,0,0,0,4,1,5,2,25,5,695,1,9,3,1,3
2016420101569,2,9,0,5,0,8,0,0,0,0,1,1,5,2,27,6,1242,1,-1,2,1,2
2016420101572,1,9,0,18,0,0,0,0,0,0,0,1,2,1,20,4,1198,1,6,5,1,5
2016420101572,2,5,0,18,0,0,0,0,0,0,1,1,5,1,59,9,1200,1,-1,6,1,6
2016420101572,3,5,0,18,0,0,0,0,0,0,2,1,5,1,29,6,656,1,6,3,1,3
2016420101581,1,9,0,15,0,0,0,0,0,0,1,1,5,2,19,4,1197,1,5,4,1,4
2016420101581,2,1,0,2,0,0,0,0,1,0,2,1,5,1,38,7,-1,-1,-1,-1,-1,-1
2016420101581,3,1,0,2,0,0,0,0,0,0,2,1,5,2,22,5,-1,-1,-1,9,1,9
2016420101581,4,1,0,2,0,0,0,0,0,0,2,1,5,1,25,5,-1,-1,-1,9,1,9
2016420101582,1,9,0,4,0,1,0,0,0,0,1,1,6,2,51,8,1596,1,12,4,3,4
2016420101582,2,9,0,3,0,1,0,0,0,0,2,1,6,1,24,5,1242,1,8,4,1,4
2016420101585,1,9,0,17,0,0,1,0,1,0,1,1,5,1,21,5,1598,1,6,-1,-1,-1
2016420101587,1,9,0,17,0,8,1,0,1,2,3,1,6,2,21,5,1242,1,9,4,1,4
2016420101588,1,9,0,5,0,2,0,0,0,0,2,1,1,1,42,7,993,1,19,-1,-1,-1
2016420101588,2,23,0,3,0,2,0,0,0,0,2,1,1,1,33,6,124,1,4,-1,-1,-1
2016420101590,1,9,0,18,0,0,5,0,0,0,3,1,5,1,19,4,1229,1,11,7,3,7
2016420101592,1,11,0,4,0,0,0,0,0,0,1,1,1,1,64,9,4500,2,7,4,1,4
2016420101592,2,9,0,3,0,0,0,0,0,0,2,1,6,2,41,7,1242,1,12,7,1,7
2016420101592,3,9,0,3,0,0,0,0,0,0,2,1,1,2,49,8,1598,2,-1,10,1,10
2016420101595,1,9,0,17,0,0,0,0,1,4,1,1,2,1,22,5,1199,1,12,6,1,6
2016420101602,1,9,0,17,0,2,0,0,0,0,3,1,6,1,27,6,1596,1,15,3,1,3
2016420101602,2,9,0,16,0,2,0,0,0,0,3,1,6,1,74,10,1798,1,4,9,1,9
2016420101624,1,19,0,16,0,0,0,0,0,0,1,1,5,1,57,9,2402,2,5,10,2,10
2016420101624,2,9,0,17,0,0,0,0,0,0,1,1,5,1,55,8,1956,2,5,3,3,3
2016420101628,1,11,0,18,0,8,0,0,0,0,1,1,1,2,40,7,4250,2,5,4,1,4
2016420101628,2,8,0,3,0,8,0,0,0,0,2,1,1,1,51,8,1997,2,4,8,1,8
2016420101628,3,9,0,10,0,8,0,0,0,0,2,1,5,2,38,7,1618,1,-1,10,1,10
2016420101633,1,9,0,5,0,8,0,0,0,0,1,1,5,1,55,8,2143,2,2,6,3,6
2016420101633,2,2,0,18,0,1,1,0,0,0,3,1,5,1,33,6,49,1,16,4,1,4
2016420101634,1,9,0,12,0,0,0,0,0,0,3,1,5,2,43,7,1995,2,-1,8,1,8
2016420101634,2,9,0,13,0,0,1,0,0,0,4,1,5,1,18,4,1984,1,8,6,3,6
2016420101637,1,9,0,9,0,8,0,0,0,0,1,1,6,2,62,9,1997,1,12,4,1,4
2016420101637,2,8,0,18,0,1,0,0,0,0,1,1,5,1,57,9,1560,2,1,3,1,3
2016420101638,1,9,0,18,0,1,0,0,1,1,1,1,5,1,25,5,2982,2,5,8,3,8
2016420101639,1,9,0,18,0,0,0,0,0,0,1,1,6,1,31,6,1497,1,13,3,1,3
2016420101639,2,9,0,18,0,0,0,0,0,0,1,2,5,1,43,7,1999,2,1,7,3,7
2016420101721,1,9,0,17,0,0,1,0,0,0,1,1,2,1,37,7,1781,1,12,3,1,3
2016420101721,2,9,0,18,0,0,0,0,0,0,1,1,5,2,51,8,998,1,1,2,1,2
2016420101739,1,9,0,18,0,0,0,0,0,0,1,1,5,2,27,6,1596,1,10,2,2,2
2016420101820,1,9,0,18,0,0,0,0,0,0,1,1,1,2,23,5,1242,1,5,9,1,9
2016420101820,2,9,0,2,0,0,0,0,0,0,2,1,1,2,40,7,1198,1,2,9,1,9
2016420101820,3,9,0,2,0,0,0,0,0,0,2,1,1,2,35,6,1995,2,5,9,1,9
2016420101903,1,9,0,17,0,0,1,0,1,11,1,1,2,2,21,5,1299,1,16,6,3,6
2016420101918,1,9,0,18,0,1,0,0,0,0,1,1,1,1,37,7,-1,-1,-1,5,1,5
2016420101918,2,9,0,18,0,1,0,0,0,0,2,1,1,1,61,9,1200,1,-1,10,1,10
2016420101923,1,21,1,18,0,0,0,0,0,0,1,1,1,1,38,7,9200,2,6,3,1,3
2016420101923,2,9,0,4,0,0,0,0,0,0,2,1,5,1,36,7,999,1,6,5,1,5
2016420101939,1,9,0,17,0,0,1,0,0,0,0,1,5,1,26,6,1124,1,16,5,1,5
2016420101950,1,9,0,17,0,0,2,0,2,10,1,1,5,2,18,4,1397,1,9,5,1,5
2016420102072,1,9,0,18,0,1,0,0,0,0,1,1,5,2,20,4,1242,1,2,4,1,4
2016420102073,1,9,0,16,0,0,0,0,0,0,3,1,5,1,27,6,1596,1,14,6,3,6
2016420102073,2,9,0,17,0,0,0,0,1,0,3,1,5,1,51,8,1560,2,10,7,1,7
2016420102073,3,9,0,17,0,0,0,0,0,0,1,1,5,2,55,8,1997,1,11,10,1,10
2016420102075,1,9,0,16,0,0,0,0,7,0,1,1,5,1,21,5,1598,1,14,7,1,7
2016420102083,1,9,0,18,0,1,0,0,0,0,1,1,6,2,36,7,998,1,-1,9,1,9
2016420102083,2,9,0,18,0,1,0,0,0,0,1,1,6,1,36,7,2401,2,12,4,1,4
2016420102084,1,9,0,17,0,0,0,0,1,0,1,1,6,1,25,5,1388,1,13,1,1,1
2016420102160,1,9,0,7,0,3,0,0,0,0,3,1,6,2,38,7,1598,2,3,4,3,4
2016420102160,2,5,0,7,0,3,1,0,0,0,4,1,2,1,45,7,660,1,3,2,1,2
2016420102223,1,19,0,18,0,0,0,0,0,0,1,1,2,1,31,6,1248,2,10,9,2,9
2016420102223,2,9,0,18,0,0,0,0,0,0,2,1,2,2,30,6,1242,1,1,7,1,7
2016420102223,3,21,1,3,0,0,0,0,0,0,2,1,1,1,42,7,12740,2,4,9,3,9
2016420102293,1,-1,0,18,0,2,0,0,0,0,0,1,6,3,25,5,-1,-1,-1,-1,-1,-1
2016420102293,2,3,0,18,0,8,0,0,0,0,0,1,6,1,21,5,125,1,1,3,1,3
2016420102336,1,3,0,4,0,1,2,0,0,0,3,1,5,1,17,4,98,1,29,1,1,1
2016420102382,1,21,1,12,0,1,0,0,0,0,0,1,1,1,34,6,10837,2,8,5,3,5
2016420102382,2,21,0,18,0,1,2,7,5,0,3,1,2,1,40,7,-1,-1,-1,4,1,4
2016420102382,3,9,0,18,0,1,0,0,0,0,0,1,2,1,40,7,1498,1,4,4,2,4
2016420102406,1,9,0,9,0,1,0,0,0,0,4,1,5,1,74,10,1796,1,13,10,2,10
2016420102406,2,5,0,18,0,1,1,0,0,0,1,1,5,1,33,6,1157,1,11,3,1,3
2016420102459,1,9,0,18,0,0,0,0,0,0,1,1,5,1,69,10,1686,2,4,9,1,9
2016420102459,2,9,0,3,0,0,0,0,0,0,2,1,2,2,21,5,1390,1,2,7,1,7
2016420102459,3,9,0,3,0,0,0,0,0,0,2,1,5,1,72,10,1995,2,-1,5,1,5
2016420102466,1,1,0,18,0,0,0,0,0,0,4,1,6,3,-1,-1,-1,-1,-1,-1,-1,-1
2016420102466,2,1,0,18,0,0,0,0,0,0,1,1,5,1,53,8,-1,-1,-1,10,1,10
2016420102467,1,20,0,18,0,0,0,0,0,0,1,2,1,1,19,4,-1,-1,-1,-1,-1,-1
2016420102467,2,19,0,18,0,0,0,0,0,0,1,1,5,2,51,8,1905,2,18,6,1,6
2016420102509,1,9,0,18,0,4,0,0,0,0,1,1,6,1,40,7,1951,2,12,3,1,3
2016420102509,2,9,0,18,0,4,0,0,0,0,2,1,6,2,44,7,1388,1,5,6,1,6
2016420102580,1,9,0,9,0,6,0,0,0,0,1,1,5,2,41,7,1198,1,2,4,1,4