Accident_Index,Vehicle_Reference,Vehicle_Type,Towing_and_Articulation,Vehicle_Manoeuvre,Vehicle_Location-Restricted_Lane,Junction_Location,Skidding_and_Overturning,Hit_Object_in_Carriageway,Vehicle_Leaving_Carriageway,Hit_Object_off_Carriageway,1st_Point_of_Impact,Was_Vehicle_Left_Hand_Drive?,Journey_Purpose_of_Driver,Sex_of_Driver,Age_of_Driver,Age_Band_of_Driver,Engine_Capacity_(CC),Propulsion_Code,Age_of_Vehicle,Driver_IMD_Decile,Driver_Home_Area_Type,Vehicle_IMD_Decile
2016420111264,2,1,0,18,0,8,0,0,0,0,1,1,5,1,26,6,-1,-1,-1,7,1,7
2016420111274,1,5,0,18,0,1,0,0,0,0,1,1,5,1,41,7,550,1,38,5,1,5
2016420111274,2,19,0,4,0,1,0,0,0,0,2,1,5,1,22,5,1995,2,2,5,3,5
2016420111275,1,19,0,17,0,0,1,0,0,0,1,1,1,1,21,5,1968,2,1,1,1,1
2016420111275,2,9,0,18,0,0,0,0,0,0,1,1,5,1,43,7,1968,2,4,4,1,4
2016420111276,1,9,0,18,0,0,5,0,0,0,1,1,2,1,53,8,1598,1,13,5,1,5
2016420111276,2,21,1,18,0,0,0,0,0,0,3,1,1,1,46,8,12809,2,1,2,1,2
2016420111277,1,9,0,18,0,1,0,0,0,0,1,1,6,1,52,8,1995,2,-1,5,1,5
2016420111277,2,9,0,4,0,1,0,0,4,0,2,1,1,2,45,7,1598,1,-1,1,1,1
2016420111277,3,19,0,4,0,1,0,0,1,0,2,1,5,1,37,7,1998,2,10,4,1,4
2016420111277,4,9,0,3,0,1,0,0,0,0,2,1,5,1,19,4,1086,1,11,5,1,5
2016420111277,5,9,0,3,0,1,0,0,0,0,2,1,5,1,47,8,998,1,17,3,1,3
2016420111280,1,9,0,18,0,0,0,0,0,0,0,1,6,1,55,8,-1,-1,-1,-1,-1,-1
2016420111280,2,4,0,18,0,0,5,10,0,0,4,1,2,1,19,4,471,1,2,3,1,3
2016420111281,1,5,0,16,0,0,1,0,0,0,3,1,5,1,33,6,998,1,7,-1,-1,-1
2016420111281,2,9,0,18,0,0,0,0,0,0,1,1,6,1,18,4,1242,1,4,10,2,10
2016420111282,1,19,0,1,0,1,0,0,0,0,2,1,1,1,40,7,1968,2,-1,10,3,10
2016420111308,1,9,0,18,0,0,0,0,0,0,2,1,1,1,56,9,1497,8,9,4,1,4
2016420111308,2,9,0,18,0,0,0,0,0,0,1,1,5,1,64,9,1968,2,9,-1,1,-1
2016420111319,1,9,0,9,0,8,0,0,0,0,3,1,6,1,18,4,996,1,4,5,1,5
2016420111319,2,9,0,18,0,8,0,0,0,0,1,1,6,2,38,7,1560,2,9,6,1,6
2016420111371,1,-1,0,-1,-1,-1,0,-1,-1,0,-1,1,6,1,-1,-1,-1,-1,-1,-1,-1,-1
2016420111371,2,9,0,5,0,8,0,0,0,0,3,1,6,1,39,7,1560,2,11,6,1,6
2016420111375,1,9,0,18,0,0,0,0,0,0,1,1,5,1,19,4,1368,1,6,10,1,10
2016420111378,1,9,0,16,0,0,1,10,2,0,4,1,5,1,33,6,-1,-1,-1,7,3,7
2016420111378,2,1,0,18,0,0,5,0,1,0,1,1,5,1,33,6,-1,-1,-1,2,1,2
2016420111378,3,1,0,18,0,0,5,0,1,0,1,1,5,1,31,6,-1,-1,-1,2,1,2
2016420111380,1,9,0,17,0,0,1,0,0,0,1,1,5,1,34,6,1242,1,10,10,1,10
2016420111380,2,9,0,16,0,0,0,0,0,0,1,1,5,2,45,7,1991,8,-1,9,2,9
2016420111381,1,19,0,9,0,1,0,0,0,0,1,1,1,2,46,8,1870,2,12,3,1,3
2016420111381,2,9,0,18,0,1,0,0,0,0,1,1,5,2,62,9,1997,1,14,3,1,3
2016420111384,1,9,0,5,0,6,1,0,1,11,1,1,5,1,20,4,1990,1,27,9,1,9
2016420111386,1,9,0,18,0,4,0,0,0,0,1,1,6,2,19,4,1242,1,5,2,1,2
2016420111386,2,9,0,5,0,4,0,0,0,0,1,1,6,1,35,6,1910,2,10,1,1,1
2016420111391,1,3,0,18,0,1,2,0,0,0,4,1,5,1,32,6,108,1,4,9,2,9
2016420111416,1,9,0,5,0,3,0,0,7,0,1,1,5,1,74,10,1388,1,12,8,1,8
2016420111416,2,9,0,4,0,4,0,0,0,0,1,1,5,2,40,7,998,1,9,8,1,8
2016420111420,1,9,0,18,0,1,0,0,0,0,1,1,1,1,36,7,2698,2,9,6,1,6
2016420111420,2,9,0,4,0,4,0,0,0,0,2,1,1,2,28,6,999,1,1,7,1,7
2016420111422,1,9,0,14,0,2,0,0,0,0,1,1,5,2,20,4,1086,1,11,6,1,6
2016420111422,2,19,0,18,0,1,0,0,0,0,1,1,6,3,-1,-1,1753,2,12,-1,-1,-1
2016420111428,1,9,0,18,0,1,1,0,0,0,1,1,5,1,36,7,1598,2,1,4,1,4
2016420111428,2,9,0,10,0,1,1,0,1,0,2,1,5,2,18,4,1242,1,3,9,1,9
2016420111428,3,9,0,18,0,1,1,0,0,0,1,1,5,2,45,7,1197,1,1,9,1,9
2016420111429,1,21,1,4,0,1,0,0,0,0,1,1,1,1,38,7,10837,2,1,1,1,1
2016420111429,2,19,0,4,0,1,0,0,0,0,2,1,2,1,39,7,1870,2,12,9,1,9
2016420111431,1,19,0,18,0,1,0,0,0,0,1,1,6,1,30,6,1998,2,14,1,3,1
2016420111431,2,9,0,4,0,1,0,0,0,0,0,1,6,2,39,7,1242,1,18,1,1,1
2016420111432,1,5,0,13,0,0,0,0,0,0,1,1,5,1,51,8,998,1,12,4,1,4
2016420111432,2,9,0,18,0,0,0,0,0,0,3,1,5,1,44,7,1796,1,17,1,3,1
2016420111433,1,9,0,9,0,5,0,0,0,0,2,1,5,2,32,6,1388,1,10,7,1,7
2016420111433,2,9,0,18,0,1,0,0,0,0,1,1,6,1,41,7,1753,2,15,1,1,1
2016420111433,3,3,0,18,0,1,0,0,1,0,4,1,6,1,18,4,125,1,7,1,1,1
2016420111434,1,9,0,4,0,0,0,0,0,0,2,1,5,1,60,9,998,1,1,5,1,5
2016420111434,2,9,0,18,0,0,1,0,0,0,1,1,5,1,75,10,1997,2,13,8,1,8
2016420111434,3,9,0,18,0,0,1,0,0,0,1,1,5,1,26,6,1986,2,9,9,1,9
2016420111437,1,9,0,18,0,1,0,0,0,0,1,1,5,2,26,6,973,1,13,9,1,9
2016420111437,2,9,0,7,0,6,0,0,0,0,3,1,5,2,19,4,1240,1,11,4,1,4
2016420111437,3,9,0,2,0,1,0,0,0,0,4,1,6,3,-1,-1,-1,-1,-1,-1,-1,-1
2016420111438,1,19,0,18,0,2,0,0,3,4,1,1,5,1,24,5,2198,2,8,3,1,3
2016420111441,1,9,0,4,0,1,0,0,0,0,0,1,5,1,27,6,1397,1,9,4,1,4
2016420111441,2,9,0,4,0,1,0,0,0,0,2,1,5,1,25,5,1299,1,16,7,1,7
2016420111441,3,9,0,4,0,1,0,0,0,0,1,1,5,2,42,7,1397,1,8,8,1,8
2016420111459,1,9,0,18,0,6,0,0,0,0,2,1,6,1,-1,-1,2000,1,16,-1,-1,-1
2016420111459,2,9,0,18,0,8,0,0,0,0,1,1,6,2,20,4,1242,1,6,8,2,8
2016420111472,1,9,0,9,0,8,0,0,0,0,0,1,6,3,-1,-1,-1,-1,-1,-1,-1,-1
2016420111472,2,9,0,4,0,8,0,0,0,0,2,1,6,2,53,8,999,1,-1,2,1,2
2016420111472,3,5,0,4,0,8,2,0,0,0,4,1,5,1,33,6,1299,1,10,6,1,6
2016420111542,1,9,0,18,0,0,0,0,0,0,3,1,6,1,34,6,1388,1,9,4,1,4
2016420111542,2,3,0,18,0,0,0,0,0,0,4,1,6,1,16,4,124,1,17,1,1,1
2016420111575,1,9,0,18,0,8,0,0,0,0,1,1,6,2,28,6,1991,2,7,7,1,7
2016420111585,1,9,0,9,0,6,0,0,0,0,1,1,6,1,-1,-1,2500,1,7,-1,-1,-1
2016420111611,1,5,0,4,0,1,1,0,7,1,1,1,2,1,32,6,779,1,5,1,1,1
2016420111629,1,9,0,18,0,2,0,0,0,0,3,1,6,1,19,4,1995,2,3,9,1,9
2016420111629,2,9,0,5,0,2,0,0,0,0,1,1,6,2,-1,-1,3628,2,9,-1,-1,-1
2016420111665,1,9,0,9,0,6,0,0,0,0,4,1,5,1,82,11,1591,1,4,7,1,7
2016420111665,2,1,0,18,0,1,0,0,0,0,2,1,6,1,48,8,-1,-1,-1,10,1,10
2016420111670,1,9,0,18,0,0,0,4,0,0,1,1,6,3,50,8,-1,-1,-1,-1,-1,-1
2016420111670,2,9,0,2,0,0,0,0,0,0,4,1,5,2,53,8,1999,1,9,5,1,5
2016420111677,1,9,0,18,0,0,0,0,0,0,1,1,6,1,35,6,2995,1,4,6,3,6
2016420111677,2,1,0,3,0,0,0,0,0,0,1,1,5,1,19,4,-1,-1,-1,10,2,10
2016420111677,3,1,0,3,0,0,0,0,0,0,0,1,5,1,46,8,-1,-1,-1,10,1,10
2016420111677,4,1,0,3,0,0,0,0,0,0,1,1,5,1,19,4,-1,-1,-1,10,2,10
2016420111677,5,1,0,3,0,0,0,0,0,0,0,1,5,1,20,4,-1,-1,-1,10,2,10
2016420111677,6,1,0,3,0,0,0,0,0,0,1,1,5,1,18,4,-1,-1,-1,10,2,10
2016420111680,1,3,0,18,0,0,0,0,0,0,1,1,6,1,25,5,125,1,-1,3,2,3
2016420111680,2,19,0,4,0,0,0,0,0,0,2,1,2,1,18,4,1399,2,11,9,2,9
2016420111788,1,9,0,18,0,0,0,0,0,0,1,1,5,2,43,7,1560,2,5,3,1,3
2016420111854,1,9,0,18,0,0,1,0,1,9,1,1,6,2,21,5,1299,1,11,8,3,8
2016420111858,1,9,0,18,0,1,0,0,0,0,1,1,2,1,18,4,1598,1,11,1,1,1
2016420111858,2,9,0,1,0,1,0,0,0,0,3,1,5,2,65,9,1796,1,4,1,1,1
2016420111862,1,9,0,12,0,0,1,0,4,6,2,1,5,2,76,11,1600,1,10,9,1,9
2016420111862,2,9,0,18,0,0,1,0,4,6,1,1,1,1,39,7,-1,-1,-1,10,1,10
2016420111864,1,9,0,18,0,0,0,0,0,0,4,1,6,1,28,6,1995,2,5,2,1,2
2016420111865,1,21,1,11,0,2,0,0,0,0,1,1,1,1,36,7,11946,2,6,6,1,6
2016420111865,2,9,0,18,0,2,0,0,0,0,3,1,5,2,29,6,1229,1,6,1,1,1
2016420111866,1,9,0,6,0,0,0,0,0,0,3,1,6,1,42,7,1560,2,1,2,1,2
2016420111866,2,5,0,18,0,0,0,0,0,0,1,1,6,1,39,7,999,1,1,2,1,2
2016420111867,1,9,0,18,0,1,0,0,4,0,4,1,5,1,49,8,1598,1,6,9,1,9
2016420111867,2,19,0,18,0,1,0,0,0,0,1,1,2,1,20,4,2198,2,1,4,1,4
2016420111867,3,19,0,3,0,1,0,0,0,0,2,1,2,1,27,6,1461,2,1,8,3,8
2016420111867,4,19,0,3,0,1,0,0,0,0,2,1,2,1,33,6,2143,2,2,5,3,5
2016420111870,1,9,0,17,0,0,0,0,0,0,1,1,6,2,48,8,2499,1,8,4,1,4
2016420111870,2,9,0,16,0,0,0,0,0,0,1,1,2,1,50,8,1399,2,8,9,2,9
2016420111877,1,9,0,18,9,0,0,4,0,0,1,1,6,2,73,10,1388,1,7,8,1,8
2016420111877,2,9,0,2,9,0,0,0,0,0,2,1,6,3,-1,-1,-1,-1,-1,-1,-1,-1
2016420111877,3,9,0,2,9,0,0,0,0,0,1,1,6,3,-1,-1,-1,-1,-1,-1,-1,-1
2016420111877,4,9,0,2,9,0,0,0,0,0,1,1,6,3,-1,-1,-1,-1,-1,-1,-1,-1
2016420111889,1,90,0,9,0,6,0,0,0,0,3,1,1,1,51,8,-1,-1,-1,9,1,9
2016420111889,2,5,0,18,0,1,1,0,0,0,1,1,2,1,34,6,599,1,10,4,1,4
2016420112074,1,9,0,10,0,1,0,0,0,0,3,1,4,1,17,4,1360,1,6,3,1,3
2016420112074,2,9,0,18,0,1,0,0,0,0,1,1,6,2,35,6,1587,1,14,5,3,5
2016420112155,1,9,0,18,0,1,2,0,3,0,1,1,6,1,77,11,1998,1,10,7,1,7
2016420112155,2,9,0,18,0,1,0,0,0,0,1,1,6,1,53,8,2400,2,3,9,1,9
2016420112170,1,9,0,18,0,0,0,0,1,0,1,1,2,1,30,6,1388,1,13,8,3,8
2016420112203,1,19,0,9,0,6,0,0,0,0,1,1,1,1,31,6,2143,2,-1,3,1,3
2016420112203,2,5,0,18,0,1,0,0,0,0,3,1,5,1,73,10,1690,1,4,10,3,10
2016420112422,1,9,0,18,0,0,0,0,0,0,1,1,6,2,-1,-1,1995,1,4,-1,-1,-1
2016420112422,2,8,0,3,0,0,0,0,0,0,2,1,6,1,31,6,2499,2,4,7,3,7
2016420112422,3,9,0,3,0,0,0,0,0,0,2,1,6,2,53,8,1598,2,3,4,2,4
2016420112481,1,9,0,4,0,0,0,0,0,0,2,1,1,2,28,6,1598,1,6,2,1,2
2016420112481,2,9,0,4,0,0,0,0,0,0,1,1,1,1,27,6,-1,-1,-1,-1,-1,-1
2016420112534,1,9,0,9,0,1,0,0,0,0,1,1,1,2,32,6,998,1,14,7,1,7
2016420112534,2,9,0,3,0,1,0,0,0,0,2,1,3,2,47,8,1395,1,-1,9,2,9
2016420112810,1,9,0,5,0,4,0,0,0,0,1,2,5,1,21,5,-1,-1,-1,-1,-1,-1
2016420112810,2,9,0,4,0,4,0,0,0,0,2,1,1,2,20,4,1200,1,4,2,1,2
2016420112836,1,9,0,13,0,3,0,0,0,0,1,1,5,1,55,8,1997,2,-1,10,1,10
2016420112836,2,1,0,18,0,3,0,0,0,0,2,1,5,1,59,9,-1,-1,-1,6,1,6
2016420112837,1,9,0,18,0,0,0,0,0,0,1,1,6,1,40,7,1149,1,15,3,1,3
2016420112837,2,9,0,4,0,0,0,0,4,0,2,1,6,1,28,6,1598,1,13,-1,3,-1
2016420112840,1,9,0,18,0,2,0,0,0,0,4,1,5,1,58,9,1398,2,13,4,1,4
2016420112843,1,3,0,17,0,0,1,0,1,0,1,1,6,1,21,5,125,1,-1,6,1,6
2016420112844,1,9,0,12,0,0,0,0,0,0,3,1,6,2,42,7,1997,2,7,10,1,10
2016420112844,2,5,0,18,0,0,0,0,0,0,1,1,6,1,50,8,1284,1,11,5,1,5
2016420112893,1,3,0,9,0,8,0,0,0,0,3,1,6,1,23,5,125,1,2,4,1,4
2016420112893,2,9,0,9,0,8,0,0,0,0,1,1,6,1,19,4,1272,1,27,3,1,3
2016420112976,1,11,0,18,0,1,0,0,0,0,0,1,1,1,36,7,-1,2,14,3,1,3
2016420112976,2,9,0,9,0,4,0,0,0,0,0,1,6,2,49,8,1364,1,2,7,1,7
2016420113048,1,3,0,18,0,1,1,0,0,0,0,1,2,1,41,7,124,1,4,10,1,10
2016420113149,1,9,0,9,0,6,0,0,0,0,1,1,5,2,29,6,1398,1,5,4,1,4
2016420113149,2,1,0,18,0,1,0,0,0,0,1,1,5,1,72,10,-1,-1,-1,4,1,4
2016420113150,1,90,0,5,0,1,0,0,0,0,3,1,2,1,34,6,-1,-1,-1,10,1,10
2016420113150,2,5,0,18,0,1,2,0,0,0,1,1,6,1,33,6,644,1,9,2,1,2
2016420113151,1,9,0,18,0,1,0,0,0,0,1,1,6,2,52,8,999,1,-1,2,1,2
2016420113186,1,9,0,18,0,0,0,0,0,0,1,1,5,2,24,5,1242,1,2,10,1,10
2016420113186,2,9,0,4,0,0,0,0,0,0,2,1,6,2,55,8,3200,1,10,7,3,7
2016420113223,1,5,0,18,0,8,0,0,0,0,1,1,1,1,56,9,1300,1,18,8,1,8
2016420113223,2,1,0,18,0,6,0,0,0,0,3,1,6,1,39,7,-1,-1,-1,1,1,1
2016420113276,1,3,0,16,0,1,2,0,0,0,1,1,6,1,25,5,124,1,7,2,1,2
2016420113276,2,21,1,5,0,6,0,0,0,0,3,1,1,1,57,9,12902,2,2,3,1,3
2016420113276,3,19,0,18,0,1,0,0,0,0,0,1,1,1,56,9,2148,2,8,3,1,3
2016420113300,1,9,0,3,0,4,0,0,0,0,2,1,6,1,19,4,1968,2,-1,-1,-1,-1
2016420113300,2,98,0,3,0,4,0,0,0,0,1,1,6,1,64,9,-1,-1,-1,3,1,3
2016420113318,1,4,0,13,0,0,0,0,0,0,1,1,2,1,23,5,373,1,1,9,3,9
2016420113318,2,9,0,9,0,0,0,0,0,0,3,1,1,1,49,8,1598,1,1,10,1,10
2016420113348,1,9,0,11,0,0,0,0,0,0,1,1,6,1,25,5,1399,2,8,-1,-1,-1
2016420113348,2,5,0,11,0,0,0,0,0,0,1,1,5,1,27,6,599,1,13,2,1,2
2016420113348,3,9,0,18,0,0,0,0,0,0,2,1,6,1,61,9,1995,2,9,-1,-1,-1
2016420113490,1,9,0,9,0,6,0,0,0,0,3,1,6,2,45,7,1997,1,1,8,1,8
2016420113490,2,5,0,18,0,1,0,0,0,0,1,1,1,1,50,8,1170,1,3,2,1,2
2016420113578,1,9,0,10,0,1,0,0,0,0,2,1,6,1,72,10,1242,1,6,7,1,7
2016420113578,2,9,0,18,0,1,0,0,0,0,1,1,6,2,-1,-1,1995,2,7,8,1,8
2016420113741,1,9,0,18,0,0,0,0,0,0,1,1,6,2,39,7,-1,-1,-1,1,1,1
2016420113741,2,90,0,18,0,0,0,0,0,0,1,1,1,1,45,7,-1,-1,-1,6,1,6
2016420113742,1,9,0,18,0,0,0,0,1,6,3,1,5,2,21,5,1197,1,3,6,1,6
2016420113743,1,9,0,18,0,2,0,0,0,0,4,1,5,2,52,8,1997,2,13,6,2,6
2016420113745,1,9,0,18,0,1,0,0,0,0,1,1,5,1,33,6,1896,2,9,3,1,3
2016420113746,1,9,0,18,0,4,0,0,0,0,1,1,5,2,22,5,998,1,1,3,1,3
2016420113746,2,90,0,9,0,3,0,0,0,0,1,1,6,1,31,6,-1,-1,-1,4,1,4
2016420113747,1,9,0,18,0,0,0,0,0,0,4,1,5,1,24,5,998,1,4,8,1,8
2016420113749,1,9,0,18,0,0,1,0,4,0,1,1,5,1,36,7,1596,1,14,5,1,5
2016420113833,1,9,0,17,0,2,1,0,0,0,2,1,6,1,38,7,1910,2,8,1,1,1
2016420113833,2,9,0,16,0,1,0,0,7,0,4,1,2,1,28,6,1560,2,10,5,2,5
2016420113834,1,9,0,12,0,0,1,0,5,0,1,1,6,1,19,4,1984,1,16,2,1,2
2016420113834,2,9,0,18,0,0,0,0,0,0,0,1,5,3,-1,-1,-1,-1,-1,-1,-1,-1
2016420113835,1,9,0,18,0,0,0,0,0,0,1,1,5,1,67,10,1560,2,7,3,1,3
2016420113835,2,9,0,18,0,0,0,0,0,0,3,1,5,2,70,10,1598,1,8,7,1,7
2016420113836,1,5,0,16,0,0,2,0,5,0,4,1,2,1,27,6,599,1,22,2,1,2
2016420113838,1,9,0,7,0,8,0,0,0,0,4,1,5,2,80,11,998,1,7,6,1,6
2016420113839,1,9,0,9,0,1,0,0,0,0,1,1,5,1,65,9,1388,1,6,7,3,7
2016420113839,2,9,0,18,0,1,2,0,0,0,1,1,5,2,21,5,1299,1,13,9,3,9
2016420113847,1,9,0,18,0,0,0,0,7,11,1,1,5,1,21,5,1796,1,15,1,1,1
2016420113847,2,9,0,5,0,0,0,0,0,0,1,1,6,2,30,6,1896,2,12,1,1,1
2016420113850,1,9,0,9,0,8,0,0,0,0,1,1,5,1,65,9,1598,1,13,6,1,6
2016420113850,2,3,0,18,0,8,5,0,0,0,4,1,2,2,19,4,125,1,1,6,1,6
2016420113851,1,9,0,16,0,0,5,0,0,0,4,1,5,1,38,7,1560,2,7,6,2,6
2016420113871,1,9,0,5,0,2,1,0,0,0,2,1,6,1,-1,-1,-1,-1,-1,-1,-1,-1
2016420113871,2,9,0,18,0,1,0,0,0,0,1,1,5,2,43,7,3199,6,16,4,1,4
2016420113872,1,9,0,17,0,0,0,0,0,0,1,1,5,2,45,7,1339,1,8,10,1,10
2016420113872,2,9,0,16,0,0,0,0,0,0,1,1,5,1,32,6,1753,2,13,6,1,6
2016420113875,1,9,0,18,0,1,0,0,0,0,1,1,5,1,25,5,1870,2,10,2,1,2
2016420113884,1,9,0,18,0,3,0,0,1,10,1,1,5,1,53,8,3999,1,5,8,1,8
2016420113885,1,19,0,7,0,1,0,0,0,0,1,1,6,3,-1,-1,-1,-1,-1,-1,-1,-1
2016420113885,2,9,0,9,0,4,0,0,0,0,1,1,5,2,20,4,1397,1,8,6,1,6
2016420113889,1,9,0,14,0,1,5,0,1,0,2,1,5,1,36,7,2494,1,13,1,2,1
2016420113889,2,9,0,10,0,1,0,0,0,0,3,1,5,2,27,6,1596,1,5,6,3,6
2016420113894,1,9,0,18,0,0,0,0,0,0,4,1,6,1,53,8,1998,1,1,8,2,8
2016420113945,1,9,0,18,0,8,0,0,0,0,1,1,6,1,39,7,1900,2,10,4,1,4
2016420113945,2,9,0,18,0,4,0,0,0,0,3,1,6,2,48,8,1796,1,8,5,1,5
2016420113968,1,9,0,12,0,0,0,0,0,0,3,1,2,1,39,7,2179,2,5,4,1,4
2016420113968,2,5,0,13,0,0,2,0,0,0,4,1,2,1,54,8,1250,1,6,10,1,10
2016420114146,1,9,0,18,0,7,0,0,0,0,1,1,2,1,33,6,1995,2,5,2,1,2
2016420114146,2,9,0,4,0,7,0,0,0,0,2,1,6,1,34,6,1995,2,3,3,1,3
2016420114147,1,9,0,9,0,6,0,0,0,0,1,1,5,2,65,9,1896,2,12,10,1,10
2016420114147,2,9,0,18,0,8,5,0,0,0,1,1,6,1,88,11,-1,-1,-1,10,1,10
2016420114149,1,9,0,9,0,6,0,0,0,0,1,1,5,1,57,9,1997,1,11,6,2,6
2016420114246,1,9,0,9,0,6,0,0,0,0,1,1,2,2,25,5,998,1,2,8,3,8
2016420114246,2,3,0,18,0,1,0,0,0,0,4,1,2,1,29,6,125,1,2,8,3,8
2016420114305,1,3,0,5,0,0,0,0,0,0,3,1,4,1,17,4,124,1,-1,8,1,8
2016420114305,2,11,0,5,0,0,0,0,0,0,4,1,1,1,53,8,3810,2,13,4,3,4
2016420114338,1,3,0,9,0,4,1,0,0,0,4,1,5,1,47,8,124,1,15,5,1,5
2016420114338,2,9,0,4,0,1,1,0,0,0,1,1,5,1,30,6,1598,1,11,4,1,4
2016420114340,1,9,0,18,0,0,0,0,0,0,1,1,6,1,35,6,1995,2,14,2,1,2
2016420114340,2,9,0,4,0,0,0,0,0,0,2,1,2,1,49,8,-1,3,1,10,1,10
2016420114343,1,9,0,18,0,8,0,0,0,0,1,1,6,1,20,4,1998,1,13,-1,-1,-1
2016420114343,2,9,0,18,0,1,0,0,0,0,1,1,2,2,40,7,1870,2,10,1,3,1
2016420114363,1,9,0,17,0,0,1,0,1,0,1,1,6,2,23,5,2171,1,14,7,1,7
2016420114422,1,9,0,18,0,0,1,0,0,0,1,1,5,1,30,6,-1,-1,-1,7,3,7
2016420114422,2,9,0,18,0,0,0,0,0,0,2,1,2,1,35,6,1968,2,2,6,1,6
2016420114424,1,9,0,18,0,1,0,0,0,0,1,1,6,3,-1,-1,-1,-1,-1,-1,-1,-1
2016420114424,2,9,0,18,0,1,0,0,0,0,2,1,6,2,58,9,1598,1,17,6,1,6
2016420114426,1,90,1,18,0,0,0,5,1,11,1,1,1,1,41,7,-1,-1,-1,2,1,2
2016420114468,1,9,0,18,0,1,5,0,1,7,3,1,6,1,20,4,1997,1,10,4,1,4
2016420114490,1,5,0,18,0,0,0,0,0,0,1,1,6,1,49,8,1000,1,18,9,1,9
2016420114490,2,9,0,18,0,0,0,0,0,0,2,1,6,2,52,8,1596,1,7,8,1,8
2016420114620,1,9,0,15,0,8,0,0,7,4,1,1,2,1,34,6,1242,1,10,7,1,7
2016420114620,2,9,0,9,0,8,0,0,0,0,3,1,2,2,44,7,1560,2,3,1,1,1
2016420114721,1,1,0,18,0,0,5,0,0,0,1,1,4,1,15,3,-1,-1,-1,6,1,6
2016420114721,2,9,0,18,0,0,0,0,0,0,3,1,2,2,28,6,1984,1,4,8,2,8
2016420114737,1,9,0,18,0,1,0,0,0,0,3,1,6,1,72,10,1498,1,-1,6,2,6
2016420114737,2,3,0,18,0,1,0,0,0,0,3,1,6,1,58,9,125,1,-1,7,2,7
2016420114811,1,9,0,16,0,3,1,4,0,0,4,1,6,1,30,6,1597,1,17,7,1,7
2016420114811,2,19,0,5,0,8,0,0,0,0,3,1,1,1,67,10,7698,2,2,9,1,9
2016420114839,1,9,0,5,0,6,0,0,0,0,1,1,5,1,30,6,1598,1,2,4,1,4
2016420114839,2,9,0,18,0,8,0,0,7,0,1,1,5,2,72,10,2401,2,14,5,1,5
2016420114840,1,98,1,12,0,0,0,0,0,0,3,1,1,1,53,8,-1,-1,-1,-1,-1,-1
2016420114840,2,9,0,18,0,0,0,0,1,7,4,1,5,2,32,6,1999,1,6,5,1,5
2016420114841,1,19,0,5,0,4,0,0,0,0,1,1,3,1,59,9,2402,2,13,3,1,3
2016420114841,2,1,0,18,0,8,0,0,0,0,4,1,6,1,44,7,-1,-1,-1,5,1,5
2016420114849,1,98,1,12,0,0,0,0,0,0,3,1,1,1,59,9,-1,-1,-1,-1,-1,-1
2016420114849,2,9,0,18,0,0,0,0,0,0,4,1,1,1,52,8,1796,1,13,8,1,8
2016420114857,1,9,0,18,0,0,0,0,1,11,1,1,6,1,29,6,1461,2,1,3,1,3
2016420114880,1,9,0,5,0,2,0,0,0,0,1,1,6,2,87,11,1396,1,24,4,1,4
2016420115010,1,9,0,18,0,1,0,0,0,0,1,1,6,1,-1,-1,1988,1,16,-1,-1,-1
2016420115010,2,9,0,3,0,4,0,0,0,0,2,1,6,2,32,6,1108,1,13,8,1,8
2016420115013,1,3,0,4,0,1,1,0,0,0,4,1,2,1,27,6,125,1,3,5,1,5
2016420115029,1,9,0,16,0,2,0,0,0,0,1,1,2,1,33,6,1956,2,2,-1,-1,-1
2016420115032,1,19,0,1,0,0,0,0,0,0,2,1,1,1,66,10,1560,2,-1,6,1,6
2016420115032,2,5,0,3,0,0,5,0,0,0,1,1,6,1,57,9,746,1,39,8,1,8
2016420115032,3,98,1,1,0,0,0,0,0,0,0,1,1,3,-1,-1,-1,-1,-1,-1,-1,-1
2016420115056,1,21,1,2,0,0,0,0,0,0,0,1,1,1,50,8,-1,-1,-1,-1,-1,-1
2016420115056,2,21,0,14,0,0,0,0,0,0,1,1,1,1,37,7,7201,2,3,4,1,4
2016420115056,3,19,0,18,0,0,0,0,0,0,2,1,1,1,28,6,1461,2,6,7,2,7
2016420115056,4,5,0,18,0,0,0,0,0,0,1,1,6,1,60,9,660,1,6,9,1,9
2016420115069,1,9,0,9,0,5,0,0,0,0,1,1,6,3,-1,-1,-1,-1,-1,-1,-1,-1
2016420115069,2,3,0,13,0,8,2,0,0,0,2,1,6,1,19,4,124,1,11,5,1,5
2016420115128,1,9,0,5,0,4,0,0,0,0,1,1,6,3,-1,-1,-1,-1,-1,-1,-1,-1
2016420115128,2,1,0,18,0,4,0,0,0,0,4,1,2,1,31,6,-1,-1,-1,4,1,4
2016420115235,1,19,0,2,0,0,0,0,0,0,0,1,6,1,54,8,2198,2,-1,2,1,2
2016420115235,2,9,0,18,0,0,0,0,0,0,4,1,6,2,35,6,-1,-1,-1,-1,-1,-1
2016420115262,1,9,0,5,0,1,0,0,1,0,3,1,6,1,27,6,1995,1,6,9,1,9
2016420115262,2,9,0,18,0,8,0,0,7,0,3,1,6,2,18,4,1399,1,10,2,1,2