Accident_Index,Vehicle_Reference,Vehicle_Type,Towing_and_Articulation,Vehicle_Manoeuvre,Vehicle_Location-Restricted_Lane,Junction_Location,Skidding_and_Overturning,Hit_Object_in_Carriageway,Vehicle_Leaving_Carriageway,Hit_Object_off_Carriageway,1st_Point_of_Impact,Was_Vehicle_Left_Hand_Drive?,Journey_Purpose_of_Driver,Sex_of_Driver,Age_of_Driver,Age_Band_of_Driver,Engine_Capacity_(CC),Propulsion_Code,Age_of_Vehicle,Driver_IMD_Decile,Driver_Home_Area_Type,Vehicle_IMD_Decile
2016420115300,1,19,0,18,0,1,0,0,0,0,1,1,1,1,54,8,3920,2,11,9,2,9
2016420115300,2,9,0,18,0,1,0,0,0,0,3,1,5,2,27,6,1968,2,11,6,1,6
2016420115326,1,9,0,18,0,0,1,0,0,0,1,1,5,1,30,6,2401,2,11,7,1,7
2016420115326,2,9,0,3,0,0,0,0,0,0,2,1,6,2,32,6,1596,1,11,6,1,6
2016420115326,3,9,0,3,0,0,0,0,0,0,2,1,5,2,26,6,1999,1,8,-1,-1,-1
2016420115360,1,9,0,15,0,0,0,0,0,0,4,1,5,2,42,7,2987,2,-1,2,1,2
2016420115360,2,11,0,2,0,0,0,0,0,0,0,1,1,1,38,7,4760,2,3,1,1,1
2016420115362,1,19,0,5,0,0,0,0,0,0,4,1,1,1,25,5,2298,2,5,3,1,3
2016420115363,1,9,0,18,0,8,0,0,0,0,4,1,5,1,26,6,1598,1,11,7,1,7
2016420115363,2,9,0,18,0,8,0,0,0,0,1,1,5,1,42,7,1968,2,3,3,1,3
2016420115369,1,9,0,18,0,0,1,0,1,0,3,1,6,1,17,4,1396,1,12,1,3,1
2016420115371,1,9,0,2,0,0,1,0,0,0,1,1,2,1,21,5,1242,1,2,5,2,5
2016420115371,2,9,0,17,0,0,1,4,0,0,1,1,6,1,64,9,1395,1,1,5,1,5
2016420115382,1,9,0,18,0,0,0,0,0,0,3,1,6,2,32,6,1995,2,1,8,1,8
2016420115382,2,5,0,18,0,0,0,0,0,0,1,1,6,1,51,8,1215,1,1,4,1,4
2016420115556,1,9,0,4,0,1,0,0,0,0,2,1,5,1,30,6,1596,1,8,7,1,7
2016420115556,2,9,0,4,0,1,0,0,0,0,2,1,5,2,22,5,1598,1,5,7,1,7
2016420115556,3,9,0,4,0,1,0,0,0,0,1,1,2,2,19,4,1360,1,8,5,1,5
2016420115682,1,9,0,17,0,7,1,10,7,1,4,1,6,2,19,4,1149,1,13,3,1,3
2016420115711,1,9,0,18,0,8,0,0,0,0,1,1,2,2,63,9,1975,1,11,10,1,10
2016420115711,2,9,0,3,0,1,0,0,0,0,2,1,5,1,40,7,1997,2,2,9,1,9
2016420115711,3,9,0,10,0,1,0,0,0,0,2,1,5,2,44,7,1364,1,10,10,3,10
2016420115714,1,1,0,18,0,6,0,0,0,0,1,1,6,1,42,7,-1,-1,-1,3,1,3
2016420115714,2,9,0,4,0,1,0,0,0,0,4,1,5,1,34,6,2776,2,10,4,1,4
2016420115779,1,9,0,16,0,2,1,0,0,0,4,1,6,1,20,4,1299,1,14,9,2,9
2016420115779,2,9,0,18,0,1,1,0,0,0,1,1,6,1,31,6,2143,2,-1,6,3,6
2016420115796,1,90,1,12,0,0,0,0,0,0,3,2,1,1,48,8,-1,-1,-1,-1,-1,-1
2016420115796,2,9,0,18,0,0,0,0,4,6,4,1,6,2,72,10,1388,1,6,-1,1,-1
2016420115798,1,9,0,4,0,0,1,0,0,0,1,1,5,1,38,7,1124,1,12,1,1,1
2016420115799,1,19,0,4,0,0,0,0,0,0,1,1,2,1,22,5,1560,2,5,9,2,9
2016420115799,2,9,0,4,0,0,0,0,0,0,2,1,6,1,33,6,1796,1,13,2,1,2
2016420115799,3,9,0,4,0,0,0,0,0,0,2,1,6,1,55,8,1995,2,-1,10,1,10
2016420115799,4,9,0,4,0,0,0,0,0,0,1,1,2,2,26,6,1398,1,1,3,1,3
2016420115801,1,9,0,9,0,8,0,0,0,0,1,1,6,1,56,9,2967,2,2,10,1,10
2016420115801,2,9,0,18,0,8,5,0,1,0,1,1,6,1,17,4,999,1,6,6,1,6
2016420115801,3,9,0,10,0,1,0,0,0,0,1,1,6,1,19,4,1242,1,2,7,1,7
2016420115803,1,9,0,18,0,0,1,0,1,0,1,1,6,1,26,6,1596,1,25,4,1,4
2016420115805,1,5,0,13,0,0,5,7,0,0,1,1,2,1,47,8,999,1,6,3,1,3
2016420115806,1,9,0,18,0,0,0,0,7,0,1,1,5,1,35,6,2993,2,8,5,3,5
2016420115806,2,9,0,6,0,0,0,0,7,0,3,1,6,2,54,8,1910,2,10,5,1,5
2016420115846,1,8,0,18,0,4,0,0,0,0,1,1,6,1,-1,-1,-1,-1,-1,-1,-1,-1
2016420115846,2,9,0,3,0,1,0,0,0,0,2,1,6,2,49,8,1339,1,5,5,1,5
2016420115886,1,98,0,18,0,1,0,0,0,0,1,1,6,1,-1,-1,-1,-1,-1,-1,-1,-1
2016420115886,2,1,0,18,5,8,0,0,0,0,4,1,6,2,20,4,-1,-1,-1,2,1,2
2016420115913,1,9,0,9,0,8,0,0,0,0,1,1,6,3,-1,-1,-1,-1,-1,-1,-1,-1
2016420115913,2,9,0,5,0,8,0,0,0,0,3,1,6,2,24,5,2967,2,9,7,3,7
2016420115954,1,9,0,18,0,0,5,4,8,0,1,1,6,2,21,5,1248,2,9,7,3,7
2016420115954,2,21,1,2,0,0,0,0,0,0,0,1,5,1,30,6,4461,2,4,4,1,4
2016420116004,1,9,0,18,0,0,0,0,0,0,3,1,6,2,65,9,1149,1,12,5,1,5
2016420116004,2,1,0,18,0,0,0,0,0,0,1,1,6,2,36,7,-1,-1,-1,6,1,6
2016420116016,1,9,0,1,0,1,0,0,0,0,2,1,6,1,25,5,-1,-1,-1,8,1,8
2016420116077,1,21,0,7,9,6,1,0,0,0,4,1,6,1,59,9,12740,2,5,5,3,5
2016420116156,1,19,0,18,0,0,0,0,0,0,1,1,1,1,40,7,1997,2,1,2,1,2
2016420116156,2,9,0,18,0,0,0,0,0,0,1,1,5,1,68,10,1598,1,-1,3,3,3
2016420116192,1,9,0,9,0,1,0,0,0,0,2,1,6,1,-1,-1,-1,-1,-1,-1,-1,-1
2016420116192,2,3,0,14,0,1,0,0,0,0,1,1,2,1,26,6,124,1,4,3,1,3
2016420116196,1,9,0,9,0,6,0,0,0,0,4,2,6,1,73,10,1499,2,-1,1,1,1
2016420116196,2,9,0,18,0,1,0,0,0,0,4,2,6,1,27,6,1753,2,7,5,2,5
2016420116199,1,9,0,4,0,0,0,0,0,0,1,1,5,1,51,8,2698,2,6,6,1,6
2016420116199,2,9,0,4,0,0,0,0,0,0,1,1,5,1,19,4,-1,-1,-1,4,3,4
2016420116199,3,9,0,4,0,0,0,0,0,0,1,1,5,1,37,7,2706,1,3,9,1,9
2016420116199,4,9,0,4,0,0,0,0,0,0,1,1,6,2,51,8,2143,2,5,10,2,10
2016420116199,5,9,0,4,0,0,0,0,0,0,2,1,5,1,49,8,2993,2,6,6,3,6
2016420116199,6,9,0,3,0,0,0,0,0,0,2,1,5,2,28,6,1461,2,2,10,1,10
2016420116199,7,9,0,3,0,0,0,0,0,0,2,1,5,1,33,6,1799,1,10,3,1,3
2016420116201,1,1,0,18,0,0,2,0,1,0,2,1,5,1,24,5,-1,-1,-1,-1,-1,-1
2016420116201,2,9,0,18,0,0,0,0,0,0,1,1,6,3,-1,-1,-1,-1,-1,-1,-1,-1
2016420116202,1,9,0,18,0,3,0,0,3,0,1,1,5,1,23,5,1968,2,3,8,1,8
2016420116203,1,9,0,4,0,0,0,0,0,0,1,1,5,2,45,7,1390,1,1,9,1,9
2016420116203,2,9,0,4,0,0,0,0,0,0,2,1,1,2,54,8,998,1,2,4,1,4
2016420116207,1,9,0,18,0,0,0,0,0,0,1,1,6,1,25,5,-1,-1,-1,-1,-1,-1
2016420116207,2,9,0,3,0,0,0,0,0,0,2,1,5,1,35,6,999,1,1,-1,-1,-1
2016420116207,3,9,0,3,0,0,0,0,0,0,2,1,6,2,47,8,1461,2,1,1,1,1
2016420116212,1,9,0,9,0,6,0,0,0,0,3,1,2,1,51,8,1956,2,7,4,1,4
2016420116212,2,5,0,18,0,1,5,0,0,0,1,1,2,1,60,9,998,1,14,5,1,5
2016420116228,1,9,0,5,0,1,0,0,0,0,1,1,5,1,67,10,1242,1,8,3,1,3
2016420116228,2,20,0,18,0,1,0,0,0,0,4,1,1,1,44,7,10188,2,10,8,1,8
2016420116276,1,21,1,17,0,0,0,0,0,0,3,1,6,1,29,6,16400,2,1,3,1,3
2016420116276,2,9,0,16,0,0,0,0,0,0,3,1,6,1,50,8,4799,7,11,2,1,2
2016420116291,1,9,0,18,0,0,0,0,0,0,1,1,6,1,29,6,-1,-1,-1,2,1,2
2016420116296,1,19,0,18,0,1,0,0,0,0,3,1,6,1,35,6,1560,2,1,4,1,4
2016420116296,2,4,0,18,0,1,0,0,7,0,1,1,6,1,21,5,487,1,17,3,1,3
2016420116301,1,9,0,18,0,1,0,0,0,0,1,1,6,2,64,9,898,1,2,-1,-1,-1
2016420116301,2,9,0,18,0,1,0,0,0,0,2,1,6,1,57,9,1598,1,20,7,1,7
2016420116305,1,9,0,18,0,0,5,0,1,0,4,1,6,1,36,7,2997,1,23,4,1,4
2016420116308,1,9,0,16,0,2,1,0,5,0,3,1,5,1,65,9,1596,1,11,1,1,1
2016420116308,2,9,0,16,0,1,0,0,0,0,3,1,5,1,46,8,1999,1,14,4,1,4
2016420116309,1,8,0,18,0,8,0,0,0,0,1,1,1,1,45,7,-1,-1,-1,7,2,7
2016420116312,1,9,0,4,0,1,0,0,0,0,2,1,6,1,28,6,4961,1,9,3,1,3
2016420116312,2,9,0,18,0,1,0,0,0,0,1,1,6,2,24,5,1490,1,10,5,3,5
2016420116313,1,5,0,18,0,0,0,0,0,0,1,1,6,1,31,6,750,1,17,4,1,4
2016420116313,2,9,0,18,0,0,0,0,0,0,2,1,5,2,31,6,1242,1,-1,9,1,9
2016420116315,1,9,0,16,0,0,1,0,7,0,1,1,2,1,39,7,1242,1,10,2,1,2
2016420116316,1,5,0,12,0,0,0,0,0,0,4,1,5,1,67,10,865,1,6,10,1,10
2016420116316,2,9,0,4,0,0,0,0,0,0,3,1,6,2,24,5,1299,1,12,8,1,8
2016420116320,1,9,0,18,0,4,0,0,3,0,1,1,5,1,18,4,999,1,7,2,1,2
2016420116321,1,9,0,1,0,0,0,0,0,0,2,1,1,1,48,8,1997,2,1,4,1,4
2016420116323,1,98,0,14,0,0,0,0,0,0,4,1,6,1,-1,-1,-1,-1,-1,-1,-1,-1
2016420116323,2,9,0,2,0,0,0,0,0,0,3,1,6,3,-1,-1,-1,-1,-1,-1,-1,-1
2016420116326,1,9,0,16,0,1,0,0,0,0,1,1,6,1,32,6,-1,-1,-1,4,1,4
2016420116326,2,9,0,17,0,8,0,0,0,0,1,1,5,1,63,9,998,1,1,10,1,10
2016420116329,1,9,0,18,0,8,1,0,0,0,4,1,2,2,45,7,1299,1,18,3,1,3
2016420116330,1,9,0,5,0,8,0,0,0,0,1,1,6,1,19,4,1389,1,19,7,1,7
2016420116330,2,9,0,17,0,8,0,0,0,0,4,1,5,1,31,6,1390,1,4,6,1,6
2016420116336,1,9,0,16,0,0,1,0,0,0,1,1,5,1,32,6,1397,1,26,5,3,5
2016420116336,2,9,0,17,0,0,0,0,0,0,3,1,5,1,53,8,2993,2,4,8,3,8
2016420116337,1,5,0,18,0,0,5,0,1,0,1,1,5,1,39,7,645,1,17,2,1,2
2016420116337,2,9,0,2,0,0,0,0,0,0,2,1,5,2,26,6,1598,1,3,4,1,4
2016420116339,1,9,0,18,0,0,0,0,0,0,1,1,5,1,85,11,1390,1,15,3,1,3
2016420116339,2,9,0,18,0,0,0,0,0,0,1,1,5,1,34,6,1560,2,12,-1,-1,-1
2016420116339,3,9,0,18,0,0,0,0,0,0,1,1,5,1,53,8,1248,1,7,3,1,3
2016420116340,1,8,0,18,0,0,1,0,0,0,1,1,1,1,48,8,2143,2,4,2,1,2
2016420116340,2,9,0,3,0,0,0,0,0,0,2,1,2,2,36,7,1560,2,1,2,1,2
2016420116340,3,9,0,3,0,0,0,0,0,0,2,1,5,2,59,9,2521,1,9,2,1,2
2016420116340,4,9,0,2,0,0,0,0,0,0,0,1,6,1,-1,-1,-1,-1,-1,-1,-1,-1
2016420116342,1,3,0,17,0,0,5,10,1,0,4,1,4,1,17,4,124,1,11,6,1,6
2016420116343,1,9,0,18,0,0,0,4,0,0,1,1,5,2,29,6,1998,1,9,5,2,5
2016420116343,2,8,0,2,0,0,0,1,1,0,2,1,6,3,-1,-1,-1,-1,-1,-1,-1,-1
2016420116343,3,9,0,2,9,0,0,0,0,0,3,1,6,3,-1,-1,-1,-1,-1,-1,-1,-1
2016420116345,1,19,0,18,0,0,5,0,7,0,1,1,2,1,44,7,1870,2,15,4,1,4
2016420116348,1,9,0,18,0,0,5,0,5,0,1,1,2,1,55,8,1560,2,4,6,1,6
2016420116515,1,9,0,18,0,0,0,0,0,0,1,1,2,1,37,7,1108,1,9,5,2,5
2016420116515,2,9,0,3,0,0,0,0,0,0,2,1,2,2,28,6,1398,1,2,4,1,4
2016420116515,3,9,0,3,0,0,0,0,0,0,2,1,2,2,36,7,1242,1,3,9,1,9
2016420116534,1,9,0,12,0,1,0,0,0,0,3,1,6,2,-1,-1,-1,-1,-1,-1,-1,-1
2016420116534,2,9,0,18,0,1,0,0,0,0,4,1,5,1,24,5,1199,1,13,7,1,7
2016420116558,1,9,0,18,0,0,1,0,0,0,1,1,3,2,33,6,1390,1,7,3,1,3
2016420116558,2,9,0,4,0,0,0,0,0,0,2,1,3,2,40,7,1997,2,1,3,1,3
2016420116574,1,9,0,7,0,8,0,7,0,0,1,1,5,1,38,7,1560,2,1,2,1,2
2016420116585,1,11,0,18,0,0,0,0,0,0,0,1,6,1,40,7,3900,2,10,5,3,5
2016420116630,1,9,0,5,0,6,0,0,0,0,4,1,6,2,43,7,1197,1,-1,2,3,2
2016420116630,2,1,0,18,9,1,0,0,0,0,1,1,6,2,17,4,-1,-1,-1,3,1,3
2016420116643,1,19,0,18,0,0,0,0,0,0,1,1,1,1,37,7,2143,2,1,6,1,6
2016420116643,2,3,0,18,0,0,0,0,0,0,1,1,2,1,51,8,124,1,2,6,1,6
2016420116676,1,9,0,16,0,0,1,0,1,4,1,1,6,1,25,5,1242,1,8,5,2,5
2016420116698,1,9,0,-1,-1,0,0,-1,-1,0,2,1,6,1,21,5,1368,1,10,4,1,4
2016420116698,2,9,0,18,0,0,0,0,0,0,2,1,1,2,28,6,1968,2,7,-1,-1,-1
2016420116710,1,9,0,5,0,1,0,0,0,0,4,1,5,2,64,9,1242,1,10,8,1,8
2016420116710,2,1,0,5,0,1,0,0,0,0,3,1,5,1,42,7,-1,-1,-1,7,1,7
2016420116723,1,9,0,7,0,4,0,0,0,0,1,1,5,1,37,7,1781,1,14,-1,-1,-1
2016420116723,2,9,0,4,0,4,0,0,0,0,1,1,5,1,45,7,1560,2,7,9,1,9
2016420116784,1,9,0,12,0,8,0,0,0,0,1,1,5,2,53,8,1590,1,11,4,1,4
2016420116784,2,9,0,13,0,8,0,0,0,0,4,1,1,1,45,7,1560,2,4,-1,-1,-1
2016420116788,1,1,0,18,0,1,5,0,0,0,1,1,2,1,23,5,-1,-1,-1,2,1,2
2016420116788,2,9,0,9,0,1,0,0,0,0,1,1,2,2,19,4,1242,1,1,8,2,8
2016420116796,1,3,0,13,0,0,5,0,0,0,1,1,6,1,18,4,125,1,1,1,1,1
2016420116796,2,9,0,6,0,0,0,0,0,0,3,1,2,1,31,6,1596,1,10,6,1,6
2016420116846,1,11,0,18,0,1,0,0,0,0,1,1,1,1,57,9,4500,2,7,2,1,2
2016420116846,2,1,0,18,9,1,0,0,0,0,4,1,2,1,32,6,-1,-1,-1,7,1,7
2016420116952,1,9,0,5,0,4,0,0,0,0,1,1,5,1,78,11,1398,2,12,6,2,6
2016420116952,2,1,0,5,0,4,5,0,0,0,2,1,5,1,35,6,-1,-1,-1,8,2,8
2016420116963,1,90,0,5,0,4,0,0,0,0,1,1,1,1,25,5,10677,2,-1,7,1,7
2016420116963,2,9,0,5,0,4,0,0,0,0,2,1,6,2,43,7,1242,1,8,4,1,4
2016420116964,1,9,0,15,9,8,0,0,0,0,3,1,6,1,-1,-1,1360,1,14,-1,-1,-1
2016420116964,2,9,0,7,0,5,0,0,0,0,4,1,6,2,47,8,1598,1,12,7,3,7
2016420117042,1,1,0,18,0,1,0,0,0,0,1,1,6,2,-1,-1,-1,-1,-1,-1,-1,-1
2016420117048,1,19,0,9,0,8,0,0,0,0,1,1,1,1,23,5,1248,2,9,7,1,7
2016420117048,2,9,0,18,0,8,0,0,0,0,1,1,5,2,36,7,1870,2,13,4,1,4
2016420117055,1,19,0,6,0,2,0,0,0,0,3,1,1,1,47,8,2299,2,1,5,3,5
2016420117055,2,9,0,18,0,1,0,0,0,0,4,1,5,2,60,9,1329,1,1,7,1,7
2016420117056,1,9,0,7,0,3,1,0,1,0,1,1,5,1,39,7,3246,1,14,2,1,2
2016420117058,1,9,0,17,0,0,0,0,0,0,1,1,1,2,25,5,1248,2,4,3,1,3
2016420117058,2,9,0,16,0,0,1,0,1,0,1,1,6,2,52,8,1560,2,1,4,1,4
2016420117059,1,9,0,14,0,0,0,0,0,0,1,1,5,1,54,8,1242,1,8,4,2,4
2016420117059,2,9,0,9,0,0,0,0,0,0,1,1,5,2,29,6,1560,2,5,4,2,4
2016420117060,1,9,0,4,0,0,0,0,0,0,1,1,5,2,17,4,1242,1,4,3,1,3
2016420117060,2,9,0,4,0,0,0,0,0,0,2,1,6,1,81,11,3993,1,1,6,3,6
2016420117064,1,5,0,18,0,8,5,0,0,0,1,1,2,1,22,5,649,1,7,2,1,2
2016420117064,2,9,0,9,0,8,0,0,0,0,1,1,5,1,46,8,1905,2,18,3,1,3
2016420117083,1,9,0,18,0,8,0,0,0,0,3,1,2,2,38,7,1461,2,5,6,3,6
2016420117083,2,9,0,18,0,1,0,0,0,0,1,1,2,2,60,9,1679,1,14,5,3,5
2016420117084,1,9,0,9,0,4,0,0,0,0,1,1,6,1,29,6,1995,1,6,7,1,7
2016420117084,2,9,0,9,0,8,0,0,0,0,4,1,6,1,39,7,1995,2,9,-1,-1,-1
2016420117110,1,19,0,18,0,0,1,4,0,0,1,1,1,1,37,7,1870,2,10,6,1,6
2016420117110,2,9,0,2,0,0,0,0,0,0,3,1,6,3,-1,-1,-1,-1,-1,-1,-1,-1
2016420117468,1,9,0,18,0,0,0,0,0,0,3,1,6,1,-1,-1,1388,1,16,-1,-1,-1
2016420117468,2,11,0,18,0,0,0,0,0,0,1,1,1,1,52,8,4250,2,14,8,1,8
2016420117519,1,5,0,14,0,6,0,0,0,0,3,1,2,1,46,8,750,1,29,7,1,7
2016420117519,2,1,0,18,0,8,0,0,0,0,0,1,6,1,20,4,-1,-1,-1,-1,-1,-1
2016420117521,1,9,0,18,9,0,1,0,7,0,1,1,5,2,75,10,1400,1,11,3,1,3
2016420117529,1,5,0,18,0,0,5,0,1,0,1,1,6,1,33,6,600,1,17,2,1,2
2016420117530,1,9,0,18,0,0,0,0,0,0,1,1,5,2,19,4,1242,1,1,6,3,6
2016420117530,2,20,0,18,0,0,0,0,0,0,2,1,1,1,30,6,4250,2,7,5,1,5
2016420117530,3,9,0,18,0,0,0,0,0,0,3,1,5,2,51,8,1956,2,3,10,1,10
2016420117530,4,9,0,18,0,0,5,0,4,6,3,1,5,1,18,4,1149,1,11,4,1,4
2016420117531,1,9,0,18,0,6,1,0,3,9,1,1,6,1,-1,-1,1248,2,9,-1,-1,-1
2016420117531,2,9,0,18,0,1,0,0,0,0,0,1,1,1,35,6,1499,2,1,9,1,9
2016420117533,1,9,0,5,0,0,0,0,0,0,3,1,6,1,67,10,1390,1,2,3,1,3
2016420117533,2,5,0,18,0,0,2,0,0,0,1,1,6,1,26,6,599,1,18,5,1,5
2016420117584,1,9,0,4,0,0,0,0,0,0,1,1,1,1,19,4,-1,-1,-1,8,1,8
2016420117584,2,9,0,3,0,0,0,0,0,0,2,1,2,1,41,7,1398,2,4,7,1,7
2016420117584,3,9,0,3,0,0,0,0,0,0,2,1,2,1,34,6,1597,2,-1,9,1,9
2016420117630,1,9,0,7,0,8,0,0,0,0,1,1,5,1,18,4,998,1,1,3,1,3
2016420117630,2,9,0,18,0,8,0,0,0,0,1,1,5,1,46,8,2987,2,9,8,1,8
2016420117793,1,-1,0,18,0,3,0,0,0,0,1,1,6,3,-1,-1,-1,-1,-1,-1,-1,-1
2016420117793,2,19,0,18,0,3,0,0,0,0,2,1,6,1,21,5,2143,2,1,1,1,1
2016420117903,1,9,0,11,6,0,0,4,0,0,1,1,1,1,22,5,2198,2,2,10,1,10
2016420117903,2,19,0,2,6,0,0,0,0,0,2,1,6,3,-1,-1,-1,-1,-1,-1,-1,-1
2016420117931,1,9,0,16,0,5,0,0,1,0,1,1,5,1,30,6,893,1,24,10,1,10
2016420117966,1,9,0,9,0,2,0,0,0,0,3,1,2,1,40,7,1560,2,1,4,1,4
2016420117966,2,5,0,13,0,8,0,0,0,0,1,1,2,1,47,8,1170,1,10,10,1,10
2016420118013,1,9,0,18,0,0,1,0,1,0,3,1,6,1,41,7,2979,1,-1,10,3,10
2016420118015,1,9,0,9,0,1,0,0,0,0,4,1,6,2,58,9,998,1,-1,7,3,7
2016420118015,2,3,0,18,0,5,0,0,1,0,1,1,5,1,17,4,125,1,3,7,3,7
2016420118017,1,98,1,18,0,1,0,0,0,0,1,2,1,1,40,7,-1,-1,-1,-1,-1,-1
2016420118017,2,9,0,10,0,8,1,0,1,0,2,1,6,2,26,6,1398,1,1,4,1,4
2016420118017,3,19,0,4,0,1,0,0,0,0,2,1,1,1,41,7,2143,2,-1,1,1,1
2016420118019,1,9,0,9,0,2,0,0,0,0,1,1,2,2,68,10,1242,1,7,1,1,1
2016420118019,2,5,0,4,0,1,0,0,0,0,3,1,2,1,42,7,649,1,8,1,2,1
2016420118026,1,9,0,4,0,1,0,0,0,0,1,1,5,1,21,5,1598,1,4,8,2,8
2016420118116,1,9,0,18,0,0,0,0,0,0,1,1,6,3,-1,-1,1124,1,15,-1,-1,-1
2016420118116,2,9,0,3,0,0,0,0,0,0,2,1,6,2,27,6,1997,2,2,3,1,3
2016420118196,1,9,0,18,0,1,0,0,0,0,1,1,6,2,39,7,1991,2,10,8,2,8
2016420118196,2,5,0,18,0,1,0,0,0,0,4,1,6,2,40,7,1000,1,8,6,3,6
2016420118206,1,9,0,17,0,8,0,0,0,0,1,1,6,1,57,9,2993,2,5,3,1,3
2016420118206,2,9,0,18,0,8,0,0,0,0,2,1,6,2,21,5,1242,1,6,5,3,5
2016420118227,1,9,0,2,0,2,0,0,0,0,3,1,6,2,53,8,1986,2,10,8,3,8
2016420118227,2,9,0,18,0,1,0,8,0,0,1,1,6,3,-1,-1,-1,-1,-1,-1,-1,-1
2016420118266,1,9,0,9,0,8,0,0,0,0,1,1,2,1,49,8,4244,1,11,8,3,8
2016420118267,1,1,0,7,0,6,0,0,0,0,3,1,6,2,48,8,-1,-1,-1,2,1,2
2016420118267,2,19,0,18,0,8,0,0,0,0,4,1,1,1,66,10,2143,2,2,6,1,6
2016420118309,1,9,0,18,0,1,0,0,0,0,2,1,6,1,46,8,1595,1,1,5,1,5
2016420118309,2,1,0,18,0,1,0,0,0,0,1,1,6,1,47,8,-1,-1,-1,7,1,7
2016420118314,1,9,0,18,0,0,0,0,0,0,1,1,6,1,63,9,5439,1,17,10,2,10
2016420118314,2,21,1,18,0,0,0,0,0,0,4,2,1,1,57,9,-1,-1,-1,-1,-1,-1
2016420118368,1,9,0,6,0,0,0,0,0,0,3,1,2,1,62,9,1242,1,14,1,1,1
2016420118368,2,5,0,18,0,0,5,0,0,0,1,1,2,1,45,7,600,1,4,2,1,2
2016420118418,1,9,0,5,0,2,0,0,0,0,1,1,5,1,71,10,1798,1,7,4,1,4
2016420118418,2,9,0,5,0,2,0,0,0,0,4,1,5,1,84,11,1200,1,-1,2,1,2
2016420118430,1,19,0,18,0,0,0,0,0,0,1,1,1,1,45,7,2143,2,5,9,1,9
2016420118430,2,20,0,18,0,0,0,0,0,0,2,1,1,1,51,8,4461,2,5,7,2,7
2016420118430,3,21,1,5,0,0,0,0,0,0,2,1,1,1,33,6,12902,2,3,3,1,3
2016420118432,1,9,0,18,0,0,0,0,0,0,1,1,6,2,74,10,1197,1,-1,7,3,7
2016420118432,2,9,0,2,0,0,1,0,1,3,2,1,6,3,-1,-1,-1,-1,-1,-1,-1,-1
2016420118438,1,9,0,18,0,0,1,0,0,0,3,1,6,2,28,6,1799,1,8,4,1,4
2016420118438,2,21,1,11,0,0,1,0,0,0,4,1,1,1,-1,-1,12419,2,1,-1,-1,-1
2016420118439,1,1,0,5,4,4,0,0,0,0,4,1,2,1,33,6,-1,-1,-1,4,1,4
2016420118439,2,9,0,18,0,4,0,0,0,0,1,1,6,1,51,8,-1,-1,-1,3,1,3
2016420118441,1,9,0,16,0,0,0,0,7,0,1,1,6,1,56,9,1364,1,2,4,1,4
2016420118442,1,9,0,9,0,6,0,0,0,0,1,1,6,1,73,10,2544,1,16,9,1,9
2016420118442,2,9,0,7,0,6,0,0,0,0,3,1,6,2,19,4,1242,1,7,9,1,9
2016420118443,1,9,0,18,0,1,0,0,0,0,1,1,5,1,25,5,1596,1,11,1,1,1
2016420118443,2,9,0,7,0,6,0,0,0,0,3,1,5,1,24,5,2143,2,1,1,1,1
2016420118444,1,9,0,18,0,1,0,0,0,0,1,1,6,2,-1,-1,-1,-1,-1,-1,-1,-1
2016420118446,1,20,0,9,0,1,0,0,0,0,1,1,6,1,39,7,2402,2,9,-1,-1,-1
2016420118446,2,9,0,17,0,1,0,0,0,0,3,1,6,1,41,7,1896,2,11,10,2,10
2016420118446,3,9,0,2,0,1,0,0,0,0,4,1,6,3,-1,-1,-1,-1,-1,-1,-1,-1
2016420118450,1,9,0,18,0,1,0,0,0,0,4,1,6,1,-1,-1,-1,-1,-1,-1,-1,-1
2016420118450,2,9,0,2,0,1,0,0,0,0,3,1,6,3,-1,-1,-1,-1,-1,-1,-1,-1
2016420118452,1,9,0,18,0,1,0,0,0,0,1,1,5,1,46,8,1388,1,14,8,3,8
2016420118452,2,9,0,3,0,1,0,0,0,0,2,1,5,2,39,7,1461,2,-1,6,2,6
2016420118454,1,9,0,13,0,0,1,0,0,0,1,1,5,1,29,6,1587,1,14,4,1,4
2016420118454,2,9,0,4,0,0,0,0,0,0,1,1,5,2,44,7,1398,2,3,7,2,7
2016420118455,1,9,0,5,0,4,0,0,0,0,3,1,5,2,33,6,1197,1,-1,4,1,4
2016420118455,2,5,0,18,0,8,0,0,0,0,1,1,5,1,55,8,1352,1,5,9,3,9
2016420118456,1,9,0,18,0,8,0,0,0,0,1,1,5,1,19,4,1396,1,11,5,2,5
2016420118456,2,9,0,18,0,8,0,0,7,11,1,1,5,1,75,10,1360,1,11,5,1,5
2016420118459,1,5,0,5,9,1,1,0,0,0,0,1,6,1,52,8,996,1,17,4,2,4
2016420118460,1,9,0,18,0,0,5,0,1,0,1,1,5,1,40,7,1997,2,11,3,3,3
2016420118461,1,9,0,17,9,0,2,0,1,11,1,1,5,1,30,6,1598,1,13,4,1,4
2016420118461,2,9,0,2,9,0,0,0,0,0,0,1,6,3,-1,-1,-1,-1,-1,-1,-1,-1