Accident_Index,Vehicle_Reference,Vehicle_Type,Towing_and_Articulation,Vehicle_Manoeuvre,Vehicle_Location-Restricted_Lane,Junction_Location,Skidding_and_Overturning,Hit_Object_in_Carriageway,Vehicle_Leaving_Carriageway,Hit_Object_off_Carriageway,1st_Point_of_Impact,Was_Vehicle_Left_Hand_Drive?,Journey_Purpose_of_Driver,Sex_of_Driver,Age_of_Driver,Age_Band_of_Driver,Engine_Capacity_(CC),Propulsion_Code,Age_of_Vehicle,Driver_IMD_Decile,Driver_Home_Area_Type,Vehicle_IMD_Decile
2016420118471,1,9,0,18,0,8,0,0,0,0,4,1,6,2,64,9,2143,2,6,9,1,9
2016420118480,1,9,0,18,0,0,0,0,0,0,1,1,5,2,82,11,2498,1,15,5,3,5
2016420118480,2,1,0,18,0,0,0,0,0,0,2,1,5,1,78,11,-1,-1,-1,4,1,4
2016420118481,1,19,0,18,0,0,0,0,0,0,4,1,1,1,48,8,2143,2,-1,6,1,6
2016420118481,2,1,0,18,0,0,0,0,0,0,1,1,6,1,-1,-1,-1,-1,-1,9,3,9
2016420118483,1,9,0,5,0,6,0,0,0,0,1,1,6,2,84,11,1796,1,10,6,2,6
2016420118483,2,9,0,18,0,8,0,0,0,0,1,1,6,1,26,6,1995,2,3,4,1,4
2016420118487,1,9,0,18,0,2,5,0,0,0,3,1,6,2,21,5,1242,1,3,6,1,6
2016420118487,2,9,0,3,0,1,1,0,1,0,3,1,6,2,24,5,1388,1,9,9,1,9
2016420118488,1,9,0,4,0,0,1,4,0,0,1,1,6,1,68,10,2179,2,9,7,3,7
2016420118488,2,9,0,4,0,0,0,0,7,6,2,1,6,1,63,9,1582,2,3,9,1,9
2016420118488,3,90,1,2,6,0,0,0,0,0,3,1,6,3,-1,-1,-1,-1,-1,-1,-1,-1
2016420118540,1,98,1,12,0,0,0,0,0,0,3,1,1,1,42,7,-1,-1,-1,-1,-1,-1
2016420118540,2,9,0,18,0,0,0,0,0,0,4,1,5,1,30,6,1896,2,11,5,1,5
2016420118625,1,-1,0,18,0,8,0,0,0,0,1,1,6,3,-1,-1,-1,-1,-1,-1,-1,-1
2016420118625,2,9,0,18,0,8,0,7,0,0,3,1,6,2,48,8,1998,2,2,1,1,1
2016420118718,1,9,0,18,0,0,0,0,0,0,1,1,6,1,-1,-1,1995,2,12,-1,-1,-1
2016420118718,2,9,0,3,0,0,0,0,0,0,2,1,6,2,38,7,1796,1,8,4,1,4
2016420118806,1,9,0,7,0,3,0,0,0,0,4,1,6,2,45,7,1582,2,1,8,3,8
2016420118806,2,1,0,7,0,3,0,0,0,0,2,1,5,1,45,7,-1,-1,-1,8,2,8
2016420118824,1,9,0,7,0,8,0,0,0,0,1,2,5,1,45,7,-1,-1,-1,-1,-1,-1
2016420118824,2,9,0,7,0,3,5,0,1,0,4,1,5,2,26,6,1242,1,1,4,1,4
2016420118864,1,9,0,16,0,1,0,4,0,0,1,1,6,1,44,7,1588,1,13,4,1,4
2016420118864,2,9,0,2,0,1,0,0,0,0,2,1,6,2,35,6,1596,1,11,10,1,10
2016420118934,1,9,0,6,0,0,0,0,0,0,3,1,1,1,53,8,1200,1,1,3,1,3
2016420118934,2,3,0,18,0,0,0,0,0,0,1,1,5,1,18,4,124,1,-1,7,3,7
2016420118935,1,19,0,18,0,2,0,0,0,0,1,1,1,1,32,6,2198,2,2,2,1,2
2016420118935,2,9,0,4,0,2,0,0,0,0,2,1,6,1,65,9,996,1,5,10,1,10
2016420118935,3,9,0,5,0,2,0,0,0,0,2,1,6,2,65,9,1598,1,12,6,1,6
2016420118935,4,90,1,2,0,2,0,0,0,0,0,2,1,1,29,6,-1,-1,-1,-1,-1,-1
2016420118944,1,9,0,18,0,8,0,0,0,0,1,1,5,1,22,5,2720,2,9,3,1,3
2016420118944,2,9,0,9,0,8,1,0,7,0,3,1,2,1,55,8,1461,2,4,-1,-1,-1
2016420118990,1,9,0,17,0,4,0,0,0,0,1,1,6,2,44,7,1796,1,14,6,1,6
2016420118990,2,1,0,7,0,8,0,0,0,0,2,1,6,1,56,9,-1,-1,-1,6,1,6
2016420119087,1,9,0,18,0,1,0,0,0,0,3,1,6,1,23,5,1598,1,16,4,1,4
2016420119087,2,9,0,18,0,1,0,0,0,0,1,1,6,2,43,7,2902,2,10,8,1,8
2016420119103,1,9,0,17,0,0,2,0,7,0,1,1,5,1,18,4,1390,1,13,6,3,6
2016420119120,1,9,0,18,0,0,0,0,0,0,1,1,6,1,20,4,1242,1,13,8,3,8
2016420119120,2,9,0,18,0,0,0,0,0,0,1,1,6,1,37,7,1686,2,7,7,1,7
2016420119120,3,9,0,18,0,0,0,0,0,0,1,1,2,1,58,9,1995,2,2,9,1,9
2016420119120,4,9,0,4,0,0,1,0,5,6,2,1,2,2,46,8,1598,1,12,5,1,5
2016420119120,5,9,0,18,0,0,0,0,0,0,3,1,2,2,48,8,1496,2,2,10,2,10
2016420119355,1,9,0,4,0,1,0,0,0,0,3,2,2,1,33,6,2148,2,13,-1,-1,-1
2016420119356,1,9,0,18,0,1,0,0,0,0,1,1,5,1,17,4,999,1,-1,8,1,8
2016420119356,2,9,0,9,0,1,0,0,0,0,2,1,5,2,50,8,1399,2,7,8,2,8
2016420119428,1,3,0,16,0,1,0,0,0,0,1,1,2,1,20,4,125,1,8,4,1,4
2016420119428,2,21,0,9,0,2,0,0,0,0,3,1,1,1,64,9,-1,-1,-1,8,1,8
2016420119568,1,9,0,9,0,8,0,0,0,0,3,1,2,2,26,6,1248,2,1,7,1,7
2016420119568,2,9,0,18,0,8,1,0,7,0,1,1,2,2,40,7,1149,1,3,2,1,2
2016420119581,1,-1,0,13,0,3,0,0,0,0,4,1,6,2,-1,-1,-1,-1,-1,-1,-1,-1
2016420119581,2,9,0,9,0,8,1,0,0,0,3,1,6,2,24,5,998,1,7,8,1,8
2016420119827,1,5,0,4,0,1,0,0,0,0,1,1,6,1,-1,-1,599,1,12,-1,-1,-1
2016420119827,2,19,0,9,0,2,0,0,0,0,2,1,6,1,54,8,1995,2,6,1,1,1
2016420119829,1,9,0,5,0,1,0,0,0,0,1,1,6,1,28,6,1995,2,10,1,1,1
2016420119829,2,9,0,5,0,1,0,0,0,0,2,1,6,2,52,8,1995,2,3,-1,-1,-1
2016420119830,1,1,0,18,0,8,5,0,0,0,3,1,5,1,13,3,-1,-1,-1,4,1,4
2016420119830,2,11,0,4,0,1,0,0,0,0,1,1,1,1,58,9,6700,2,-1,5,1,5
2016420119851,1,-1,0,14,0,2,0,0,0,0,0,1,6,3,-1,-1,-1,-1,-1,-1,-1,-1
2016420119851,2,-1,0,14,0,2,0,0,0,0,0,1,6,3,-1,-1,-1,-1,-1,-1,-1,-1
2016420119851,3,1,0,18,0,1,0,0,0,0,1,1,6,1,40,7,-1,-1,-1,10,1,10
2016420119951,1,9,0,18,0,0,0,0,0,0,1,1,6,2,29,6,1998,1,11,3,1,3
2016420119951,2,9,0,3,0,0,0,0,0,0,2,1,6,2,25,5,1390,1,5,3,1,3
2016420120071,1,9,0,6,0,1,0,0,0,0,3,1,6,1,30,6,998,1,2,-1,-1,-1
2016420120071,2,9,0,18,0,1,0,0,0,0,1,1,1,1,43,7,1497,8,8,5,1,5
2016420120126,1,9,0,18,0,4,0,0,0,0,1,1,6,1,18,4,1199,1,13,4,1,4
2016420120126,2,9,0,3,0,1,0,0,0,0,2,1,6,2,49,8,1198,1,5,5,1,5
2016420120147,1,20,4,18,0,0,1,0,0,0,1,1,1,1,24,5,5193,2,5,5,1,5
2016420120147,2,9,0,4,0,0,0,0,0,0,2,1,6,2,34,6,2979,1,12,2,1,2
2016420120147,3,98,1,12,0,0,0,0,0,0,3,1,6,3,-1,-1,-1,-1,-1,-1,-1,-1
2016420120163,1,9,0,5,0,1,0,0,0,0,1,1,6,2,35,6,1796,1,10,5,1,5
2016420120225,1,9,0,18,0,0,0,0,0,0,1,1,5,1,76,11,998,1,2,7,1,7
2016420120225,2,9,0,10,0,0,0,0,0,0,2,1,5,1,31,6,2143,2,3,4,1,4
2016420120227,1,9,0,9,0,8,0,0,0,0,1,1,5,1,17,4,1086,1,11,9,1,9
2016420120227,2,9,0,18,0,1,0,0,0,0,1,1,5,1,34,6,2495,2,18,7,1,7
2016420120231,1,9,0,11,0,0,0,0,0,0,0,1,6,3,-1,-1,-1,-1,-1,-1,-1,-1
2016420120231,2,9,0,4,0,0,0,0,0,0,2,1,5,1,59,9,1798,1,8,8,1,8
2016420120231,3,3,0,18,0,0,0,0,0,0,1,1,2,1,21,5,124,1,-1,8,1,8
2016420120234,1,9,0,9,0,8,0,0,0,0,1,1,5,2,44,7,1997,2,8,3,1,3
2016420120234,2,9,0,17,0,8,0,0,0,0,1,1,6,1,49,8,1598,1,17,4,1,4
2016420120235,1,9,0,12,0,1,1,4,0,0,1,1,2,1,34,6,1995,1,15,1,1,1
2016420120235,2,90,0,2,0,1,0,0,0,0,2,1,5,1,41,7,2800,2,16,2,1,2
2016420120235,3,9,0,18,0,1,0,0,0,0,0,1,6,1,35,6,1796,1,10,4,1,4
2016420120236,1,9,0,18,0,3,0,0,0,0,3,1,6,1,18,4,1397,1,8,7,1,7
2016420120236,3,9,0,18,0,1,0,0,0,0,2,1,2,1,35,6,2204,2,11,4,1,4
2016420120236,4,9,0,18,0,1,0,0,0,0,3,1,6,1,20,4,998,1,2,4,1,4
2016420120236,5,9,0,18,0,4,0,0,0,0,0,1,1,1,30,6,1499,2,1,-1,-1,-1
2016420120236,6,9,0,18,0,3,0,0,0,0,1,1,1,1,35,6,2993,2,-1,-1,-1,-1
2016420120291,1,9,0,18,0,1,0,0,0,0,1,1,2,2,27,6,1995,2,6,10,1,10
2016420120291,2,9,0,7,0,2,0,0,0,0,2,1,2,2,53,8,-1,-1,-1,9,1,9
2016420120504,1,9,0,16,0,0,0,0,0,0,1,1,6,2,27,6,1598,1,9,7,3,7
2016420120504,2,21,1,18,0,0,0,0,0,0,3,1,1,1,54,8,12902,2,3,9,1,9
2016420120556,1,21,1,2,0,0,0,0,0,0,2,1,1,1,54,8,12777,2,5,7,1,7
2016420120556,2,19,0,18,0,0,1,4,0,0,1,1,1,1,37,7,1753,2,11,6,2,6
2016420120556,3,9,0,18,0,0,1,0,0,0,1,1,2,1,22,5,1596,1,5,8,3,8
2016420120556,4,19,0,18,0,0,1,0,0,0,1,1,1,2,55,8,2143,2,3,4,1,4
2016420120572,1,9,0,5,0,0,0,0,0,0,4,1,5,1,23,5,1368,1,3,9,1,9
2016420120599,1,9,0,18,0,1,0,0,0,0,4,1,6,1,38,7,1560,2,7,6,1,6
2016420120600,1,9,0,18,0,0,0,0,0,0,1,1,6,1,47,8,1997,2,3,10,2,10
2016420120600,2,19,0,18,0,0,0,0,0,0,2,1,2,1,22,5,1598,2,3,8,1,8
2016420120600,3,9,0,18,0,0,0,0,0,0,2,1,2,1,50,8,1753,2,8,8,3,8
2016420120603,1,21,1,18,0,0,0,0,0,0,3,1,1,1,58,9,-1,-1,-1,-1,-1,-1
2016420120603,2,21,1,11,0,0,0,0,0,0,3,2,1,1,41,7,-1,-1,-1,-1,-1,-1
2016420120603,3,9,0,18,0,0,2,0,2,0,4,1,5,1,74,10,1598,1,12,2,1,2
2016420120605,1,19,0,17,0,8,0,0,0,0,1,1,6,1,-1,-1,1560,2,-1,-1,-1,-1
2016420120605,2,9,0,4,0,8,0,0,0,0,2,1,6,2,22,5,998,1,4,9,1,9
2016420120605,3,9,0,17,0,8,0,0,0,0,0,1,6,3,-1,-1,-1,-1,-1,-1,-1,-1
2016420120633,1,9,0,18,0,1,0,0,7,0,1,1,2,1,18,4,1461,2,2,7,1,7
2016420120633,2,9,0,9,0,6,0,0,0,0,1,1,5,1,64,9,1798,1,8,5,1,5
2016420120637,1,9,0,18,0,0,0,0,0,0,1,1,6,3,-1,-1,1998,1,-1,-1,-1,-1
2016420120637,2,9,0,3,0,0,0,0,0,0,2,1,6,2,39,7,1598,2,1,5,1,5
2016420120641,1,9,0,15,0,8,0,0,0,0,3,1,6,3,-1,-1,1686,2,6,-1,-1,-1
2016420120641,2,9,0,18,0,8,0,0,0,0,4,1,6,1,39,7,1968,2,9,10,1,10
2016420120650,1,9,0,13,0,8,0,0,0,0,1,1,6,1,-1,-1,-1,-1,-1,-1,-1,-1
2016420120650,2,9,0,9,0,8,0,0,0,0,3,1,6,1,44,7,1560,2,9,10,1,10
2016420120658,1,3,0,13,0,8,0,0,0,0,1,1,6,1,21,5,124,1,7,6,3,6
2016420120658,2,9,0,6,0,8,0,0,0,0,3,1,5,2,30,6,1360,1,8,6,3,6
2016420120661,1,9,0,18,0,8,5,0,0,0,4,1,6,2,81,11,1242,1,5,6,1,6
2016420120661,2,9,0,18,0,8,0,0,0,0,1,1,6,1,50,8,1596,1,14,2,1,2
2016420120661,3,9,0,2,0,1,0,0,0,0,4,1,6,3,-1,-1,-1,-1,-1,-1,-1,-1
2016420120661,4,9,0,2,0,1,0,0,0,0,2,1,6,3,-1,-1,-1,-1,-1,-1,-1,-1
2016420120662,1,9,0,17,0,0,1,0,5,0,1,1,2,2,34,6,1716,2,14,6,1,6
2016420120664,1,9,0,9,0,1,0,0,0,0,1,1,6,2,18,4,1299,1,17,5,1,5
2016420120664,2,9,0,18,0,1,0,0,0,0,1,1,6,2,21,5,1364,1,9,5,3,5
2016420120666,1,9,0,14,0,1,0,0,7,0,1,1,5,1,19,4,1995,2,3,4,1,4
2016420120666,2,9,0,10,0,1,0,0,7,0,1,1,5,2,37,7,1364,1,1,2,1,2
2016420120667,1,19,0,18,0,1,0,0,0,0,1,1,2,1,31,6,1998,2,12,3,1,3
2016420120667,2,9,0,3,0,1,0,0,0,0,2,1,2,1,32,6,3189,1,9,4,1,4
2016420120669,1,9,0,18,0,0,0,0,0,0,1,1,6,2,-1,-1,1896,2,10,-1,-1,-1
2016420120669,2,19,0,4,0,0,0,0,0,0,2,1,6,1,41,7,1248,2,5,3,1,3
2016420120678,1,9,0,18,0,0,1,0,0,0,1,1,6,2,25,5,1149,1,15,8,3,8
2016420120678,2,9,0,18,0,0,0,0,0,0,1,1,6,1,73,10,1997,2,6,7,3,7
2016420120680,1,9,0,7,9,1,0,0,7,11,1,1,5,1,17,4,-1,-1,-1,7,3,7
2016420120683,1,19,0,7,0,0,1,0,0,0,1,1,6,1,34,6,1753,2,12,9,2,9
2016420120683,2,9,0,9,0,0,0,0,0,0,3,1,6,1,18,4,1197,1,1,7,1,7
2016420120686,1,9,0,18,0,0,0,4,0,0,1,1,6,1,24,5,998,1,4,8,1,8
2016420120686,2,9,0,2,0,0,0,0,0,0,1,1,6,3,-1,-1,-1,-1,-1,-1,-1,-1
2016420120688,1,9,0,18,0,0,0,0,0,0,1,1,6,1,17,4,1242,1,17,10,1,10
2016420120688,2,9,0,18,0,0,0,0,0,0,2,1,6,1,17,4,1242,1,8,8,3,8
2016420120690,1,3,0,18,0,1,0,0,0,0,1,1,5,1,28,6,124,1,31,5,2,5
2016420120690,2,9,0,9,0,1,0,0,0,0,1,1,5,1,70,10,2993,2,-1,7,2,7
2016420120691,1,9,0,7,0,4,0,0,3,11,1,1,1,1,34,6,1398,1,-1,7,1,7
2016420120730,1,9,0,7,0,4,0,0,0,0,1,1,6,1,30,6,1498,1,11,3,1,3
2016420120730,2,9,0,3,0,4,0,0,0,0,2,1,6,1,27,6,1197,1,5,5,1,5
2016420120758,1,9,0,18,0,1,0,0,0,0,3,1,6,3,-1,-1,-1,-1,-1,-1,-1,-1
2016420120758,2,1,0,18,0,1,0,0,0,0,1,1,6,1,30,6,-1,-1,-1,5,1,5
2016420120865,1,9,0,18,0,0,0,0,0,0,1,1,6,2,41,7,1364,2,8,1,1,1
2016420120865,2,9,0,4,0,0,0,0,0,0,2,1,6,2,31,6,1984,1,8,7,3,7
2016420120865,3,9,0,4,0,0,0,0,0,0,2,1,6,1,64,9,2184,2,-1,9,2,9
2016420120923,1,9,0,16,0,0,1,0,7,0,3,1,2,1,32,6,1968,2,11,5,1,5
2016420121037,1,9,0,9,0,8,0,0,0,0,1,1,5,1,73,10,1360,1,11,7,2,7
2016420121037,2,9,0,18,0,1,0,0,0,0,1,1,5,2,45,7,1796,1,10,7,2,7
2016420121079,1,9,0,18,0,0,0,0,1,0,3,1,6,1,20,4,1242,1,2,10,2,10
2016420121079,2,9,4,18,0,0,0,0,0,0,3,1,1,1,47,8,-1,-1,-1,8,3,8
2016420121095,1,98,1,12,0,0,0,0,0,0,3,1,6,3,-1,-1,-1,-1,-1,-1,-1,-1
2016420121095,2,9,0,18,0,0,1,0,2,0,4,1,5,2,46,8,1796,1,8,5,1,5
2016420121116,1,21,1,18,0,0,0,0,0,0,1,2,1,1,41,7,-1,-1,-1,-1,-1,-1
2016420121116,2,9,0,18,0,0,0,0,0,0,1,1,5,2,60,9,2993,2,1,10,1,10
2016420121119,1,9,0,14,0,1,5,0,0,0,1,1,5,1,21,5,1124,1,10,6,1,6
2016420121119,2,9,0,2,0,1,0,0,0,0,1,1,6,3,-1,-1,-1,-1,-1,-1,-1,-1
2016420121163,1,9,0,18,0,4,0,0,0,0,1,1,2,2,25,5,1995,2,1,-1,-1,-1
2016420121163,2,9,0,18,0,4,0,0,0,0,2,1,5,2,57,9,1242,1,20,3,1,3
2016420121177,1,5,0,13,0,8,0,0,0,0,1,1,6,1,44,7,998,1,11,3,1,3
2016420121177,2,9,0,9,0,6,0,0,0,0,3,1,6,1,57,9,1796,1,17,4,2,4
2016420121177,3,9,0,3,0,1,0,0,0,0,0,1,6,3,-1,-1,-1,-1,-1,-1,-1,-1
2016420121177,4,9,0,7,0,1,0,0,0,0,0,1,6,3,-1,-1,-1,-1,-1,-1,-1,-1
2016420121177,5,9,0,7,0,1,0,0,0,0,0,1,6,3,-1,-1,-1,-1,-1,-1,-1,-1
2016420121178,1,9,0,9,0,8,0,0,0,0,1,1,5,1,18,4,1229,1,-1,7,1,7
2016420121178,2,9,0,18,0,8,0,0,0,0,1,1,5,2,25,5,1242,1,1,8,1,8
2016420121178,3,9,0,2,0,1,0,0,0,0,3,1,6,1,27,6,-1,-1,-1,8,1,8
2016420121179,1,9,0,9,0,5,0,0,0,0,3,1,3,2,31,6,1560,2,12,10,1,10
2016420121179,2,9,0,18,0,1,0,0,1,0,3,1,3,2,33,6,1598,1,1,9,1,9
2016420121181,1,9,0,18,0,8,0,0,0,0,1,1,1,1,59,9,1560,2,3,9,1,9
2016420121181,2,9,0,7,0,8,0,0,0,0,4,1,5,2,45,7,1395,1,2,3,1,3
2016420121182,1,9,0,18,0,0,0,0,0,0,0,1,6,3,50,8,-1,-1,-1,-1,-1,-1
2016420121182,2,9,0,18,0,0,2,0,2,0,0,1,6,2,21,5,1597,1,12,7,1,7
2016420121183,1,9,0,18,0,0,0,0,0,0,1,1,5,1,87,11,1240,1,8,6,1,6
2016420121183,2,9,0,18,0,0,0,0,0,0,2,1,5,1,76,11,1598,1,3,7,1,7
2016420121183,3,19,0,18,0,0,0,0,0,0,2,1,1,1,37,7,2287,2,-1,4,1,4
2016420121184,1,9,0,18,0,4,0,9,0,0,1,1,6,1,30,6,1364,1,6,3,1,3
2016420121184,2,9,0,18,0,8,5,0,0,0,3,1,5,1,28,6,1229,1,2,4,1,4
2016420121185,1,9,0,16,0,0,1,0,7,0,1,1,5,1,-1,-1,1490,1,12,-1,-1,-1
2016420121186,1,9,0,16,0,0,2,0,7,0,1,1,5,1,20,4,998,1,-1,1,1,1
2016420121189,1,19,0,18,0,0,0,0,0,0,1,1,5,1,37,7,1560,2,2,5,1,5
2016420121299,1,5,0,18,0,3,0,0,0,0,1,1,5,1,46,8,600,1,17,2,1,2
2016420121299,2,9,0,12,0,3,0,0,0,0,3,1,6,1,45,7,1598,1,-1,2,3,2
2016420121588,1,5,0,18,0,0,2,4,1,0,4,1,6,1,35,6,998,1,1,2,1,2
2016420121588,2,9,0,2,0,0,0,0,0,0,3,1,6,3,-1,-1,-1,-1,-1,-1,-1,-1
2016420121688,1,9,0,17,0,0,0,0,0,0,1,1,5,1,23,5,1794,1,13,3,1,3
2016420121688,2,9,0,16,0,0,0,0,0,0,1,1,5,2,18,4,998,1,17,3,1,3
2016420121689,1,9,0,18,0,0,2,0,7,0,3,1,5,1,19,4,1596,1,14,-1,-1,-1
2016420121690,1,19,0,18,0,0,0,0,0,0,1,1,1,1,48,8,2198,2,1,6,1,6
2016420121690,2,9,0,18,0,0,0,0,0,0,1,1,1,2,60,9,1229,1,1,8,1,8
2016420121691,1,9,0,18,0,0,0,0,0,0,1,1,1,2,32,6,1560,2,1,4,1,4
2016420121691,2,9,0,18,0,0,0,0,0,0,1,1,1,2,42,7,1596,1,16,6,1,6
2016420121691,3,9,0,18,0,0,0,0,0,0,3,1,5,1,36,7,2231,2,3,9,1,9
2016420121693,1,1,0,5,0,0,0,0,0,0,3,1,4,1,16,4,-1,-1,-1,3,1,3
2016420121693,2,9,0,18,0,0,0,0,0,0,1,1,5,2,47,8,2995,1,13,10,1,10
2016420121709,1,9,0,18,0,0,0,0,0,0,1,1,6,3,-1,-1,1242,1,3,-1,-1,-1
2016420121858,1,9,0,18,0,0,0,4,0,0,1,1,2,1,23,5,1360,1,7,6,1,6
2016420121858,2,9,0,2,0,0,0,0,0,0,2,1,6,3,-1,-1,-1,-1,-1,-1,-1,-1
2016420121921,1,9,0,18,0,1,0,0,0,0,1,1,6,2,33,6,796,1,8,5,1,5
2016420121921,2,9,0,18,0,1,0,0,0,0,2,1,6,2,20,4,1388,1,11,6,3,6
2016420121987,1,20,0,18,0,8,0,0,0,0,0,1,1,1,-1,-1,2198,2,3,-1,-1,-1
2016420121987,2,9,0,18,0,8,1,0,0,0,0,1,6,2,41,7,1997,2,-1,2,1,2
2016420121993,1,9,0,18,0,1,0,0,0,0,2,1,6,1,69,10,2777,2,7,5,1,5
2016420121993,2,2,0,18,0,1,1,0,0,0,1,1,6,1,23,5,50,1,16,2,1,2
2016420122016,1,9,0,17,0,1,0,0,0,0,1,1,6,1,38,7,1596,1,14,4,1,4
2016420122016,2,9,0,4,0,1,0,0,0,0,2,1,6,2,41,7,1399,2,13,4,1,4
2016420122017,1,9,0,10,0,1,0,0,0,0,2,1,2,2,37,7,1598,1,11,1,1,1
2016420122017,2,9,0,4,0,1,0,0,0,0,2,1,2,2,31,6,1242,1,18,5,2,5
2016420122017,3,19,0,4,0,1,0,0,0,0,1,1,1,1,47,8,2500,2,9,7,1,7
2016420122054,1,9,0,9,0,6,0,0,0,0,1,1,2,2,24,5,999,1,3,7,2,7
2016420122054,2,5,0,18,0,1,5,0,0,0,1,1,2,1,50,8,782,1,5,9,3,9
2016420122059,1,9,0,9,0,6,0,0,0,0,1,1,6,3,-1,-1,-1,-1,-1,-1,-1,-1
2016420122059,2,3,0,18,0,8,0,0,0,0,1,1,6,1,45,7,125,1,1,2,1,2
2016420122068,1,9,0,18,0,0,0,0,0,0,1,1,6,1,28,6,2000,1,12,6,1,6
2016420122068,2,9,0,18,0,0,0,0,0,0,1,1,6,1,31,6,1896,2,11,9,1,9
2016420122076,1,9,0,12,0,6,0,0,0,0,4,1,2,2,22,5,1124,1,10,9,1,9
2016420122076,2,9,0,18,0,8,0,0,0,0,1,1,2,1,34,6,1984,1,9,9,3,9
2016420122076,3,21,0,3,0,8,0,0,0,0,2,1,1,1,47,8,12419,2,3,10,2,10
2016420122196,1,1,0,18,0,2,0,0,0,0,1,1,6,1,20,4,-1,-1,-1,-1,-1,-1
2016420122214,1,9,0,18,0,3,0,0,0,0,4,1,6,1,45,7,1598,1,6,3,1,3
2016420122214,2,9,0,9,0,8,0,0,0,0,3,1,6,1,27,6,1461,2,-1,8,1,8
2016420122217,1,8,0,12,0,0,0,0,0,0,1,1,1,1,68,10,1997,2,7,1,1,1
2016420122217,2,5,0,14,0,0,0,0,0,0,1,1,5,1,47,8,1188,1,24,2,1,2
2016420122218,1,9,0,18,0,0,1,0,0,0,1,1,6,2,21,5,1149,1,6,3,1,3
2016420122218,2,9,0,4,0,0,0,0,0,0,2,1,6,2,31,6,1390,1,19,7,1,7
2016420122218,3,9,0,4,0,0,0,0,0,0,2,1,6,1,40,7,2099,1,14,3,1,3
2016420122219,1,9,0,7,0,2,0,0,0,0,1,1,6,3,-1,-1,-1,-1,-1,-1,-1,-1
2016420122220,1,9,0,18,0,1,1,0,0,0,1,1,5,1,24,5,2496,1,11,1,1,1
2016420122220,2,9,0,4,0,1,0,0,0,0,2,1,5,2,49,8,1388,1,11,5,1,5
2016420122220,3,9,0,18,0,2,0,0,0,0,3,1,5,2,31,6,1596,1,10,3,1,3
2016420122221,1,1,0,18,0,1,0,0,0,0,1,1,2,1,44,7,-1,-1,-1,7,1,7
2016420122222,1,9,0,18,0,0,0,0,2,4,1,1,5,1,67,10,1997,2,8,5,1,5
2016420122224,1,9,0,18,0,0,0,0,1,0,1,1,6,1,34,6,1968,2,1,10,1,10
2016420122241,1,19,0,18,0,2,1,0,0,0,1,1,5,1,74,10,1952,1,27,9,2,9
2016420122355,1,19,0,18,0,1,0,0,0,0,1,1,6,3,-1,-1,2198,2,1,-1,-1,-1
2016420122355,2,9,0,18,0,1,0,0,0,0,3,1,6,2,35,6,1242,1,8,8,2,8
2016420122472,1,9,0,5,0,2,0,0,0,0,4,1,2,1,30,6,1388,1,12,6,1,6
2016420122472,2,5,0,18,0,8,5,0,0,0,1,1,2,1,61,9,650,1,44,4,1,4
2016420122487,1,3,0,13,0,1,0,0,0,0,3,1,2,1,22,5,124,1,-1,9,2,9
2016420122487,2,9,0,18,0,1,0,0,0,0,3,1,5,2,24,5,1596,1,11,8,1,8
2016420122504,1,9,0,13,0,8,0,0,0,0,4,1,6,2,45,7,2179,2,2,5,1,5
2016420122504,2,1,0,18,0,8,0,0,0,0,1,1,2,1,29,6,-1,-1,-1,6,1,6
2016420122511,1,9,0,17,0,0,2,0,1,9,4,1,5,2,18,4,1598,1,11,5,1,5
2016420122637,1,9,0,18,0,0,0,0,0,0,3,1,5,2,53,8,3198,1,17,9,1,9
2016420122696,1,8,0,2,0,0,0,0,0,0,2,1,2,1,57,9,1598,2,1,-1,-1,-1
2016420122696,2,9,0,18,0,0,0,0,1,0,1,1,2,1,21,5,1781,1,13,6,3,6
2016420122702,1,9,0,10,0,8,0,0,0,0,1,1,6,1,23,5,1497,8,1,9,1,9
2016420122702,2,9,0,18,0,8,0,0,0,0,1,1,6,2,29,6,1995,2,5,7,1,7
2016420122703,1,9,0,1,0,1,0,0,0,0,2,1,6,1,34,6,1997,2,3,9,1,9
2016420122704,1,98,1,12,0,0,0,0,0,0,1,2,1,1,40,7,-1,-1,-1,-1,-1,-1
2016420122704,2,9,0,18,0,0,1,0,0,0,4,1,5,1,26,6,1399,2,5,3,1,3
2016420122705,1,9,0,18,0,0,0,0,0,0,4,1,6,1,26,6,998,1,3,8,1,8
2016420122705,2,5,0,18,0,0,1,0,0,0,3,1,1,1,45,7,-1,-1,-1,3,1,3
2016420122706,1,19,0,18,0,8,5,0,7,0,1,1,1,1,37,7,2402,2,14,8,3,8
2016420122706,2,1,0,9,0,8,0,0,0,0,0,1,6,1,40,7,-1,-1,-1,-1,-1,-1
2016420122707,1,9,0,18,0,0,1,0,0,0,1,1,6,1,28,6,1598,1,13,5,1,5
2016420122707,2,9,0,4,0,0,0,0,0,0,2,1,5,1,54,8,-1,-1,-1,1,1,1
2016420122707,3,9,0,4,0,0,0,0,0,0,2,1,5,1,34,6,1910,2,7,8,2,8
2016420122707,4,9,0,4,0,0,0,0,0,0,2,1,5,2,55,8,1299,1,11,4,1,4