Accident_Index,Vehicle_Reference,Vehicle_Type,Towing_and_Articulation,Vehicle_Manoeuvre,Vehicle_Location-Restricted_Lane,Junction_Location,Skidding_and_Overturning,Hit_Object_in_Carriageway,Vehicle_Leaving_Carriageway,Hit_Object_off_Carriageway,1st_Point_of_Impact,Was_Vehicle_Left_Hand_Drive?,Journey_Purpose_of_Driver,Sex_of_Driver,Age_of_Driver,Age_Band_of_Driver,Engine_Capacity_(CC),Propulsion_Code,Age_of_Vehicle,Driver_IMD_Decile,Driver_Home_Area_Type,Vehicle_IMD_Decile
2016420126008,2,3,0,18,0,1,0,0,0,0,1,1,6,1,21,5,125,1,4,10,1,10
2016420126031,1,9,0,18,0,0,0,0,0,0,1,1,6,2,47,8,1796,1,9,4,1,4
2016420126031,2,9,0,18,0,0,0,0,0,0,1,1,2,1,40,7,1395,1,-1,1,1,1
2016420126044,1,19,0,18,0,0,0,0,0,0,1,1,2,1,59,9,2402,2,15,6,3,6
2016420126044,2,9,0,3,0,0,0,0,0,0,2,1,2,2,20,4,1598,1,11,5,1,5
2016420126135,1,9,0,18,0,4,0,0,0,0,1,1,6,1,50,8,1984,1,-1,6,1,6
2016420126135,2,9,0,18,0,4,0,0,0,0,1,1,6,1,31,6,1997,2,4,10,1,10
2016420126135,3,9,0,5,0,4,0,0,0,0,2,1,6,2,22,5,1199,2,3,-1,-1,-1
2016420126135,4,98,0,12,0,4,0,0,0,0,0,1,6,2,40,7,-1,-1,-1,-1,-1,-1
2016420126161,1,9,0,18,0,0,1,7,0,0,1,1,2,2,37,7,1242,1,18,2,1,2
2016420126161,2,20,0,18,0,0,0,0,0,0,1,1,1,1,50,8,-1,-1,-1,4,1,4
2016420126186,1,9,0,6,6,0,0,0,0,0,1,1,6,2,35,6,1968,2,5,6,1,6
2016420126186,2,9,0,18,0,0,0,0,0,0,4,1,6,2,33,6,1598,2,1,6,3,6
2016420126205,1,-1,0,18,0,1,0,0,0,0,1,1,6,1,-1,-1,-1,-1,-1,-1,-1,-1
2016420126205,2,9,0,3,0,1,0,0,0,0,2,1,6,1,27,6,999,1,4,3,1,3
2016420126207,1,1,0,9,0,4,0,0,0,0,1,1,2,1,38,7,-1,-1,-1,-1,-1,-1
2016420126207,2,9,0,18,0,8,0,0,0,0,3,1,6,1,40,7,1461,2,1,9,2,9
2016420126232,1,9,0,10,0,0,0,0,0,0,1,1,5,2,25,5,1596,1,1,4,1,4
2016420126232,2,9,0,18,0,0,0,0,0,0,1,1,1,1,69,10,1995,2,5,3,1,3
2016420126233,1,9,0,18,0,1,0,0,0,0,1,1,6,2,17,4,1242,1,7,7,1,7
2016420126233,2,9,0,9,0,1,0,0,0,0,4,1,6,1,40,7,1998,1,12,6,1,6
2016420126652,1,21,1,18,0,1,0,0,0,0,1,1,6,1,-1,-1,10837,2,-1,-1,-1,-1
2016420126652,2,9,0,3,0,1,0,0,0,0,1,1,6,2,37,7,1999,1,14,4,1,4
2016420126702,1,2,0,12,0,0,5,0,0,0,3,1,6,1,18,4,49,1,5,2,1,2
2016420126702,2,5,0,18,0,0,0,0,0,0,4,1,2,1,48,8,645,1,8,9,1,9
2016420126737,1,9,0,16,0,0,0,0,2,0,1,1,6,1,22,5,1149,1,5,5,2,5
2016420126761,1,21,1,18,0,3,0,0,0,0,3,1,6,1,52,8,15607,2,4,1,1,1
2016420126761,2,9,0,18,0,3,0,0,0,0,4,1,6,2,33,6,1968,2,10,10,1,10
2016420126781,1,9,0,7,0,0,0,0,3,11,1,1,5,1,79,11,1398,1,4,3,1,3
2016420126784,1,9,0,13,0,0,0,0,0,0,3,1,6,3,18,4,2000,2,12,-1,-1,-1
2016420126784,2,9,0,18,0,0,1,0,0,0,3,1,5,2,34,6,1596,1,13,5,2,5
2016420126785,1,9,0,18,0,1,0,0,0,0,1,1,6,3,-1,-1,-1,-1,-1,-1,-1,-1
2016420126785,2,9,0,5,0,1,0,0,0,0,1,1,6,2,53,8,1798,1,14,1,1,1
2016420126787,1,21,1,18,0,0,0,0,2,0,1,1,1,1,22,5,-1,-1,-1,-1,-1,-1
2016420126787,2,9,0,18,0,0,1,0,2,0,1,1,1,1,33,6,-1,-1,-1,3,1,3
2016420126788,1,9,0,5,0,6,0,0,0,0,1,1,5,1,35,6,999,1,7,10,1,10
2016420126789,1,9,0,9,0,8,1,0,3,0,1,1,5,2,30,6,1397,1,8,7,1,7
2016420126790,1,9,0,18,0,1,1,0,1,11,1,1,5,1,50,8,1242,1,5,2,1,2
2016420126791,1,9,0,18,0,1,2,0,1,0,1,1,6,1,17,4,1781,1,15,8,2,8
2016420126791,2,9,0,9,0,8,0,0,0,0,4,1,6,2,32,6,1242,1,13,2,1,2
2016420126836,1,19,0,6,0,1,0,0,0,0,3,1,1,1,48,8,2999,2,5,7,1,7
2016420126836,2,3,0,18,0,1,1,0,0,0,1,1,2,1,17,4,125,1,-1,9,3,9
2016420126940,1,9,0,18,0,0,1,0,0,0,1,1,3,2,48,8,1753,2,14,4,1,4
2016420126940,2,9,0,10,0,0,0,0,0,0,2,1,3,2,45,7,1596,1,9,2,1,2
2016420126946,1,9,0,5,0,0,0,0,0,0,1,1,3,2,35,6,1198,1,8,3,1,3
2016420127023,1,1,0,18,0,0,0,0,0,0,1,1,2,1,31,6,-1,-1,-1,6,1,6
2016420127023,2,9,0,18,0,0,0,0,0,0,1,1,2,2,30,6,998,1,-1,2,1,2
2016420127028,1,23,0,18,0,0,0,0,0,0,1,1,1,1,28,6,108,1,1,1,1,1
2016420127028,2,9,0,1,0,0,0,0,0,0,2,1,6,1,51,8,1390,1,9,9,1,9
2016420127226,1,5,0,13,0,0,1,0,7,0,4,1,6,1,22,5,919,1,13,7,3,7
2016420127226,2,17,0,7,0,0,0,0,0,0,3,1,1,1,65,9,6128,2,6,4,1,4
2016420127230,1,9,0,18,0,8,1,0,1,0,1,1,5,1,24,5,1242,1,17,7,1,7
2016420127237,1,9,0,16,0,0,5,0,0,0,1,1,6,2,22,5,1995,2,10,3,1,3
2016420127242,1,9,0,5,0,6,0,0,0,0,0,1,2,1,56,9,1997,2,1,9,2,9
2016420127242,2,1,0,18,0,8,0,0,1,0,4,1,2,1,26,6,-1,-1,-1,2,1,2
2016420127278,1,19,0,17,0,0,2,0,1,4,1,1,2,1,30,6,1997,2,2,8,1,8
2016420127567,1,9,0,16,0,3,0,0,0,0,4,1,6,2,28,6,1596,1,11,2,1,2
2016420127567,2,9,0,17,0,8,0,0,0,0,3,1,6,2,61,9,998,1,2,8,1,8
2016420127607,1,9,0,16,0,0,0,0,0,0,1,1,1,1,27,6,1395,1,-1,-1,-1,-1
2016420127607,2,9,0,17,0,0,0,0,0,0,1,1,5,2,39,7,2967,2,-1,10,3,10
2016420127651,1,9,0,9,0,5,0,0,0,0,1,1,6,1,49,8,1461,2,2,8,3,8
2016420127699,1,9,0,18,0,0,0,0,0,0,1,1,6,1,23,5,1598,2,3,6,2,6
2016420127699,2,9,0,18,0,0,0,0,0,0,2,1,6,1,27,6,1896,2,14,6,1,6
2016420127716,1,9,0,4,0,0,0,0,0,0,2,1,5,1,57,9,1497,1,13,4,1,4
2016420127716,2,1,0,18,0,0,0,0,0,0,1,1,5,1,20,4,-1,-1,-1,1,1,1
2016420127730,1,9,0,9,0,2,0,0,0,0,1,1,5,1,41,7,2429,1,10,9,1,9
2016420127733,1,9,0,17,0,0,2,0,7,0,3,1,6,1,19,4,1149,1,10,8,1,8
2016420127735,1,9,0,16,0,0,1,0,7,4,1,1,5,1,26,6,5000,1,16,5,2,5
2016420127736,1,9,0,18,0,0,0,0,0,0,1,1,1,1,34,6,-1,-1,-1,7,1,7
2016420127736,2,9,0,18,0,0,0,0,0,0,1,1,5,1,36,7,-1,-1,-1,8,2,8
2016420127736,3,9,0,2,0,0,0,0,0,0,3,1,6,3,-1,-1,-1,-1,-1,-1,-1,-1
2016420127937,1,9,0,5,0,8,0,0,0,0,1,1,5,2,30,6,1686,2,12,4,1,4
2016420127944,1,9,0,4,0,0,0,0,0,0,1,1,6,2,30,6,1360,1,5,5,2,5
2016420127944,2,9,0,3,0,0,0,0,0,0,2,1,5,1,64,9,998,1,2,1,1,1
2016420127944,3,9,0,3,0,0,0,0,0,0,0,1,6,1,-1,-1,-1,-1,-1,-1,-1,-1
2016420127953,1,19,0,12,0,1,0,0,0,0,2,1,1,1,25,5,1560,2,2,2,1,2
2016420127953,2,9,0,18,0,1,0,0,0,0,1,1,5,1,19,4,1598,1,8,5,2,5
2016420127998,1,9,0,16,0,0,1,0,0,0,1,1,3,1,18,4,1199,1,15,5,1,5
2016420127998,2,9,0,4,0,0,0,0,0,0,2,1,3,2,43,7,1560,2,2,9,3,9
2016420128026,1,9,0,18,0,3,0,0,0,0,1,1,6,1,42,7,-1,-1,-1,3,1,3
2016420128029,1,9,0,18,0,1,0,0,0,0,3,1,2,1,52,8,-1,-1,-1,8,2,8
2016420128140,1,9,0,18,0,1,1,0,0,0,1,1,6,1,25,5,1686,2,10,3,1,3
2016420128140,2,9,0,18,0,1,0,0,0,0,2,1,6,2,64,9,1598,1,1,2,1,2
2016420128143,1,3,0,18,0,1,1,0,0,0,1,1,5,1,19,4,102,1,1,3,1,3
2016420128173,1,21,1,18,0,0,0,0,4,0,1,1,1,1,48,8,10677,2,1,2,1,2
2016420128173,2,21,1,4,7,0,0,4,0,0,2,2,1,1,57,9,-1,-1,-1,-1,-1,-1
2016420128173,3,21,1,2,6,0,0,0,1,0,3,1,6,3,-1,-1,-1,-1,-1,-1,-1,-1
2016420128173,4,9,0,18,0,0,0,0,0,0,1,1,1,1,47,8,1997,2,2,8,1,8
2016420128173,5,19,0,18,0,0,0,0,0,0,3,1,1,1,33,6,2198,2,3,2,1,2
2016420128211,1,9,0,18,0,0,0,0,0,0,1,1,6,3,-1,-1,-1,-1,-1,-1,-1,-1
2016420128229,1,9,0,18,0,0,1,0,1,0,1,1,2,2,54,8,1596,1,16,6,1,6
2016420128229,2,9,0,18,0,0,0,0,1,0,3,1,5,1,50,8,2967,2,1,7,2,7
2016420128266,1,9,0,16,0,0,0,0,6,0,1,1,5,2,51,8,1997,1,6,3,1,3
2016420128266,2,9,0,18,0,0,0,0,0,0,1,1,5,2,21,5,999,1,15,7,3,7
2016420128270,1,9,0,18,0,1,0,0,0,0,1,1,6,1,-1,-1,-1,-1,-1,6,2,6
2016420128270,2,9,0,18,0,1,0,0,0,0,2,1,6,1,50,8,1499,2,-1,4,1,4
2016420128275,1,19,0,18,0,0,0,0,0,0,4,1,1,1,23,5,2299,2,4,6,1,6
2016420128275,2,9,0,2,0,0,0,0,0,0,4,1,6,3,-1,-1,-1,-1,-1,-1,-1,-1
2016420128275,3,9,0,2,0,0,0,0,0,0,0,1,6,3,-1,-1,-1,-1,-1,-1,-1,-1
2016420128287,1,9,0,18,0,8,0,0,0,0,1,1,6,2,71,10,1390,1,13,8,2,8
2016420128287,2,9,0,18,0,8,0,0,0,0,1,1,6,2,79,11,1242,1,19,5,1,5
2016420128287,3,9,0,18,0,8,0,0,0,0,1,1,6,1,54,8,3980,1,20,5,3,5
2016420128289,1,9,0,2,9,1,0,0,0,0,1,1,1,1,30,6,2993,2,1,-1,-1,-1
2016420128289,2,1,0,18,0,1,0,0,0,0,1,1,5,1,14,3,-1,-1,-1,-1,-1,-1
2016420128291,1,9,0,18,0,0,0,0,0,0,1,1,5,2,35,6,-1,3,2,10,1,10
2016420128291,2,9,0,18,0,0,1,0,0,0,2,1,5,1,28,6,2143,2,-1,10,1,10
2016420128295,1,9,0,17,0,2,0,0,1,0,1,1,5,1,20,4,2987,2,7,6,1,6
2016420128296,1,9,0,4,0,1,0,0,0,0,3,1,5,2,19,4,998,1,2,5,2,5
2016420128296,2,3,0,18,0,1,0,0,0,0,3,1,2,2,19,4,125,1,1,2,1,2
2016420128298,1,9,0,18,0,0,0,0,0,0,1,1,5,2,25,5,1997,2,-1,4,1,4
2016420128298,2,9,0,4,0,0,0,0,0,0,2,1,5,1,24,5,2143,2,1,2,1,2
2016420128304,1,9,0,5,0,4,0,0,0,0,1,1,6,1,83,11,1299,1,14,5,2,5
2016420128304,2,9,0,5,0,3,0,0,0,0,4,1,6,1,28,6,1997,2,-1,10,1,10
2016420128306,1,9,0,7,0,2,0,0,0,0,1,1,5,2,19,4,1364,1,7,7,1,7
2016420128306,2,9,0,18,0,8,0,0,0,0,3,1,5,2,50,8,1591,1,-1,8,1,8
2016420128307,1,9,0,18,0,8,0,0,7,0,1,1,6,1,74,10,1587,1,9,6,1,6
2016420128307,2,9,0,6,0,8,0,0,0,0,1,1,6,2,45,7,1956,2,4,9,1,9
2016420128307,3,9,0,3,0,1,0,0,0,0,1,1,6,1,48,8,1796,1,5,-1,-1,-1
2016420128309,1,9,0,17,0,0,1,0,1,11,1,1,6,1,27,6,1596,1,13,6,1,6
2016420128311,1,8,0,9,0,8,0,0,0,0,1,1,1,1,39,7,1997,2,6,4,1,4
2016420128314,1,9,0,7,0,8,0,0,0,0,4,1,6,3,18,4,-1,-1,-1,-1,-1,-1
2016420128314,2,1,0,18,0,8,0,0,0,0,1,1,2,1,23,5,-1,-1,-1,2,1,2
2016420128353,1,9,0,9,0,8,0,0,0,0,3,1,2,1,32,6,1968,2,6,8,1,8
2016420128460,1,9,0,3,0,1,0,0,0,0,2,1,1,2,45,7,1399,2,7,8,2,8
2016420128460,2,9,0,5,0,1,0,0,0,0,4,1,6,2,57,9,1200,1,1,8,2,8
2016420128604,1,11,0,18,0,0,0,0,0,0,4,1,1,1,52,8,7300,2,9,1,1,1
2016420128620,1,9,0,16,0,0,1,0,5,6,3,1,6,1,41,7,2979,1,14,1,1,1
2016420128712,1,9,0,18,0,0,0,0,0,0,1,1,5,1,40,7,1995,2,1,8,1,8
2016420128712,2,9,0,18,0,0,0,0,0,0,2,1,5,1,38,7,1395,1,1,1,1,1
2016420128712,3,9,0,18,0,0,0,0,0,0,2,1,5,1,26,6,1968,2,2,10,1,10
2016420128725,1,9,0,18,0,1,1,0,0,0,1,1,6,2,32,6,1997,2,3,5,2,5
2016420128725,2,9,0,3,0,1,0,0,0,0,2,1,6,1,35,6,1796,1,2,8,2,8
2016420128725,3,9,0,3,0,1,0,0,0,0,2,1,6,2,32,6,1388,1,6,9,3,9
2016420128725,4,9,0,10,0,1,0,0,0,0,0,1,6,3,-1,-1,-1,-1,-1,-1,-1,-1
2016420128729,1,9,0,17,0,0,1,0,1,11,1,1,6,1,22,5,998,1,12,6,3,6
2016420128733,1,9,0,16,0,0,0,0,7,0,3,1,5,1,24,5,1560,2,3,10,1,10
2016420128733,2,9,0,17,0,0,0,0,1,3,3,1,5,2,81,11,1596,1,11,6,3,6
2016420128736,1,9,0,18,0,1,0,10,1,4,1,1,5,1,44,7,2993,2,9,9,1,9
2016420128737,1,9,0,5,0,4,0,0,0,0,3,1,6,2,27,6,1995,2,6,7,1,7
2016420128737,2,5,0,18,0,8,1,0,0,0,3,1,6,1,53,8,599,1,13,10,1,10
2016420128738,1,9,0,4,0,4,1,0,0,0,1,1,5,1,62,9,1951,2,13,10,1,10
2016420128738,2,9,0,5,0,4,0,0,0,0,2,1,5,2,45,7,2446,2,24,2,1,2
2016420128739,1,19,0,18,0,4,0,0,0,0,1,1,1,1,58,9,2198,2,2,3,1,3
2016420128739,2,3,0,5,0,4,0,0,0,0,4,1,6,1,28,6,109,1,2,5,2,5
2016420128741,1,9,0,18,0,4,1,0,0,0,1,1,6,1,26,6,1598,1,3,8,1,8
2016420128741,2,9,0,4,0,1,0,0,0,0,1,1,2,1,31,6,1598,1,9,3,1,3
2016420128744,2,9,0,18,0,1,1,0,1,0,1,1,5,2,25,5,1596,1,10,5,1,5
2016420128750,1,9,0,18,0,0,0,0,0,0,1,1,2,1,45,7,1392,1,17,3,1,3
2016420129082,1,9,0,15,0,0,0,0,0,0,4,1,6,1,33,6,1995,1,10,4,1,4
2016420129082,2,1,0,18,0,0,0,0,0,0,3,1,6,1,25,5,-1,-1,-1,5,1,5
2016420129097,1,9,0,18,0,1,0,0,0,0,1,1,2,1,47,8,2993,2,-1,7,2,7
2016420129097,2,9,0,3,0,1,0,0,0,0,0,1,6,1,33,6,1998,2,8,4,1,4
2016420129131,1,9,0,9,0,0,0,0,0,0,4,1,5,2,57,9,1600,2,5,7,2,7
2016420129131,2,2,0,18,0,0,1,0,0,0,1,1,2,1,17,4,49,1,17,6,3,6
2016420129138,1,9,0,5,0,6,0,0,0,0,1,1,2,2,40,7,1686,2,6,2,1,2
2016420129138,2,9,0,18,0,1,0,0,1,0,4,1,1,1,43,7,1999,1,-1,9,1,9
2016420129287,1,9,0,7,0,6,0,0,0,0,1,1,6,1,29,6,1600,1,12,3,1,3
2016420129287,2,9,0,18,0,8,1,0,7,11,1,1,6,1,44,7,1197,1,-1,1,1,1
2016420129292,1,9,0,4,0,2,1,4,0,0,2,1,1,1,25,5,1499,2,1,8,2,8
2016420129292,2,2,0,18,0,2,0,0,0,0,2,1,6,1,26,6,49,1,12,-1,-1,-1
2016420129293,1,19,0,9,0,8,0,0,0,0,1,1,5,1,28,6,2461,2,14,9,1,9
2016420129293,2,9,0,17,0,1,0,0,0,0,4,1,5,2,54,8,1388,1,17,7,1,7
2016420129333,1,9,0,18,0,0,0,0,0,0,4,1,6,2,34,6,2792,1,14,4,1,4
2016420129378,1,5,0,4,0,1,5,0,0,0,4,1,2,1,45,7,599,1,16,7,3,7
2016420129378,2,9,0,10,0,1,0,0,0,0,4,1,2,2,56,9,1560,2,10,6,3,6
2016420129485,1,9,0,18,0,1,0,0,0,0,4,1,2,1,31,6,1968,2,8,5,1,5
2016420129485,2,1,0,18,0,8,0,0,0,0,1,1,6,1,16,4,-1,-1,-1,3,1,3
2016420129505,1,9,0,13,0,0,0,0,0,0,4,1,1,1,26,6,1560,2,7,3,1,3
2016420129505,2,1,0,18,0,0,5,0,0,0,3,1,2,1,19,4,-1,-1,-1,9,1,9
2016420129620,1,9,0,4,0,0,0,0,0,0,1,1,6,3,-1,-1,1986,2,9,-1,-1,-1
2016420129620,2,9,0,4,0,0,0,0,0,0,2,1,6,2,50,8,1596,1,8,4,1,4
2016420129787,1,9,0,1,0,0,0,0,7,0,2,1,5,1,80,11,1598,1,4,10,1,10
2016420129787,2,9,0,2,0,0,0,0,0,0,2,1,6,3,-1,-1,-1,-1,-1,-1,-1,-1
2016420129804,1,9,0,18,0,0,2,0,0,0,3,1,5,1,19,4,-1,-1,-1,6,3,6
2016420129825,1,9,0,18,0,8,0,0,0,0,4,1,5,2,78,11,1198,1,5,3,1,3
2016420129825,2,9,0,18,0,8,0,0,0,0,1,1,5,1,23,5,1360,1,13,5,1,5
2016420129839,1,9,0,16,0,0,0,0,0,0,1,1,3,2,38,7,1198,1,4,10,1,10
2016420129839,2,9,0,17,0,0,1,10,0,0,1,1,2,2,34,6,1997,2,3,9,1,9
2016420129842,1,9,0,18,0,0,0,0,1,0,1,1,6,1,24,5,1686,2,11,8,1,8
2016420129844,1,9,0,18,0,0,0,0,0,0,1,1,6,1,23,5,1598,1,3,3,1,3
2016420129844,2,21,0,18,0,0,0,0,1,4,2,1,1,1,45,7,-1,-1,-1,5,3,5
2016420130004,1,9,0,14,0,1,0,0,0,0,1,1,6,2,77,11,1596,1,8,10,2,10
2016420130018,1,9,0,18,0,1,0,0,0,0,1,1,5,2,58,9,998,1,-1,4,1,4
2016420130155,1,9,0,18,0,0,0,0,0,0,1,1,6,2,21,5,1388,1,6,8,1,8
2016420130161,1,21,0,4,0,0,0,0,0,0,1,1,1,1,26,6,12902,2,-1,5,2,5
2016420130161,2,9,0,4,0,0,0,0,0,0,2,1,6,1,70,10,999,1,-1,3,1,3
2016420130239,1,19,0,18,0,0,0,0,0,0,4,1,6,3,17,4,-1,-1,-1,-1,-1,-1
2016420130239,2,1,0,18,0,0,5,0,1,0,1,1,6,1,17,4,-1,-1,-1,4,3,4
2016420130239,3,9,0,18,0,0,0,0,0,0,4,1,5,1,40,7,1398,1,-1,5,1,5
2016420130258,1,9,0,18,0,0,0,4,0,0,1,1,2,1,18,4,1299,1,14,7,1,7
2016420130258,2,9,0,3,0,0,0,4,0,0,2,1,2,2,41,7,1240,1,7,8,2,8
2016420130258,3,9,0,3,0,0,0,4,0,0,2,1,2,1,41,7,1600,1,12,8,1,8
2016420130258,4,9,0,3,0,0,0,0,0,0,2,1,5,1,41,7,2993,2,2,6,1,6
2016420130288,1,5,0,17,0,1,0,0,0,0,4,1,6,1,26,6,1202,1,-1,2,1,2
2016420130288,2,9,0,5,0,6,0,0,0,0,1,1,1,2,37,7,999,1,7,1,1,1
2016420130310,1,8,0,10,0,6,0,0,0,0,0,1,1,1,42,7,1686,2,6,6,1,6
2016420130310,2,1,0,9,0,5,0,0,0,0,0,1,6,2,20,4,-1,-1,-1,7,1,7
2016420130310,3,1,0,9,0,5,5,0,0,0,3,1,6,2,25,5,-1,-1,-1,7,1,7
2016420130400,1,9,0,18,0,1,0,0,0,0,3,1,6,1,69,10,1995,2,2,8,1,8
2016420130400,2,9,0,18,0,1,0,0,0,0,1,1,1,1,53,8,-1,-1,-1,8,2,8
2016420130448,1,9,0,18,0,8,0,0,0,0,1,1,6,1,-1,-1,-1,-1,-1,-1,-1,-1
2016420130491,1,9,0,18,0,0,0,0,0,0,1,1,6,1,25,5,1997,2,4,3,1,3
2016420130491,2,9,0,4,0,0,0,0,0,0,2,1,6,2,56,9,1910,2,10,3,1,3
2016420130551,1,1,0,18,9,8,0,0,0,0,1,1,6,2,18,4,-1,-1,-1,3,1,3
2016420130626,1,9,0,14,0,4,0,0,0,0,1,1,6,1,-1,-1,1799,1,12,-1,-1,-1
2016420130626,2,9,0,9,0,3,0,0,0,0,0,1,1,1,43,7,-1,-1,-1,1,1,1
2016420130626,3,9,0,9,0,4,1,0,0,0,1,1,6,1,18,4,1398,1,-1,10,1,10
2016420130630,1,4,0,18,0,1,0,0,0,0,1,1,6,1,66,10,395,1,35,2,1,2
2016420130630,2,1,0,18,0,8,0,0,0,0,4,1,4,1,12,3,-1,-1,-1,-1,-1,-1
2016420130697,1,9,0,9,0,5,0,0,0,0,1,1,6,1,42,7,1061,1,11,2,1,2
2016420130697,2,9,0,18,0,1,0,0,0,0,3,1,6,2,53,8,2902,2,13,3,1,3
2016420130735,1,9,0,18,0,0,0,0,0,0,4,1,2,1,23,5,998,1,3,7,1,7
2016420130735,2,1,0,18,0,0,0,0,0,0,2,1,2,1,19,4,-1,-1,-1,1,1,1
2016420130739,1,19,0,18,0,1,0,0,0,0,1,1,5,1,30,6,1995,2,2,-1,-1,-1
2016420130739,2,9,0,4,0,1,0,0,0,0,2,1,5,1,27,6,1242,1,1,-1,-1,-1
2016420130739,3,9,0,4,0,4,0,0,0,0,2,1,5,2,58,9,1360,1,12,1,1,1
2016420130740,1,9,0,9,0,1,0,0,0,0,1,1,2,2,51,8,1896,2,10,9,1,9
2016420130740,2,2,0,18,0,1,5,0,0,0,3,1,2,2,18,4,49,1,2,6,1,6
2016420130741,1,90,0,18,0,0,0,4,0,0,-1,1,6,3,-1,-1,-1,-1,-1,-1,-1,-1
2016420130741,2,9,0,2,0,0,0,0,0,0,3,1,6,2,72,10,1299,1,11,3,1,3
2016420130742,1,9,0,16,0,0,2,0,0,0,1,1,5,1,17,4,998,1,1,9,1,9
2016420130742,2,9,0,17,0,0,0,0,0,0,3,1,5,1,37,7,1995,2,3,10,3,10
2016420130759,1,9,0,4,0,0,0,0,0,0,1,1,2,1,49,8,1968,2,3,8,1,8
2016420130759,2,9,0,4,0,0,0,0,0,0,2,1,2,1,43,7,1598,2,4,-1,1,-1
2016420130762,1,9,0,18,0,1,1,0,1,0,1,1,5,2,19,4,1388,1,4,4,1,4
2016420130779,1,9,0,18,0,0,0,0,0,0,1,1,6,1,19,4,1896,2,7,8,1,8
2016420130779,2,9,0,3,0,0,0,0,0,0,2,1,6,2,23,5,1242,1,14,1,1,1
2016420130786,1,97,0,18,0,0,5,0,0,0,1,1,6,3,-1,-1,-1,-1,-1,-1,-1,-1
2016420130811,1,9,0,18,0,0,0,0,7,0,1,1,5,1,65,9,1796,1,15,5,2,5
2016420130813,1,5,0,17,0,1,0,0,0,0,1,1,5,1,33,6,798,1,8,3,1,3
2016420130813,2,9,0,10,0,1,0,0,0,0,2,1,5,2,39,7,1798,1,7,7,2,7
2016420130817,1,20,0,1,9,0,0,0,0,0,2,1,1,1,24,5,-1,-1,-1,3,1,3
2016420130821,1,9,0,16,0,0,1,0,7,11,1,1,5,1,33,6,1389,1,13,8,1,8
2016420130821,2,9,0,2,5,0,0,0,0,0,2,1,6,3,-1,-1,-1,-1,-1,-1,-1,-1
2016420130821,3,9,0,2,5,0,0,0,0,0,3,1,6,3,-1,-1,-1,-1,-1,-1,-1,-1
2016420130825,1,11,0,18,0,1,0,0,0,0,0,1,1,1,40,7,-1,-1,-1,-1,-1,-1
2016420130825,2,9,0,5,0,8,0,0,0,0,0,1,6,1,-1,-1,-1,-1,-1,-1,-1,-1
2016420130829,1,9,0,7,0,6,0,0,0,0,2,1,6,2,80,11,1390,1,9,10,1,10
2016420130829,2,1,0,18,0,1,0,0,0,0,1,1,1,2,29,6,-1,-1,-1,8,1,8
2016420130830,1,98,0,14,0,0,0,0,0,0,1,1,6,3,-1,-1,-1,-1,-1,-1,-1,-1
2016420130830,2,9,0,4,0,0,0,0,0,0,3,1,5,2,41,7,1248,1,4,2,1,2
2016420130830,3,11,0,2,0,0,0,0,0,0,3,1,1,2,42,7,5900,2,8,2,1,2
2016420130830,4,9,0,4,0,0,0,0,0,0,1,1,5,1,18,4,1242,1,12,5,1,5
2016420130831,1,90,0,1,0,0,0,0,0,0,4,1,1,1,52,8,-1,-1,-1,3,1,3
2016420130831,2,9,0,2,0,0,0,0,0,0,4,1,6,3,-1,-1,-1,-1,-1,-1,-1,-1
2016420130832,1,9,0,18,0,7,0,0,0,0,4,1,5,1,35,6,1398,1,1,6,1,6
2016420130832,2,9,0,18,0,8,0,0,0,0,1,1,5,2,30,6,999,1,7,3,1,3
2016420130833,1,9,0,5,0,2,0,0,7,11,1,1,5,2,72,10,1995,2,4,7,1,7
2016420130834,1,9,0,5,0,2,0,0,0,0,1,1,2,2,52,8,996,1,4,5,2,5
2016420130839,1,9,0,18,0,0,1,0,7,0,1,1,5,1,25,5,1984,1,1,7,2,7
2016420130839,2,9,0,4,0,0,0,0,0,0,2,1,5,2,50,8,1197,1,1,4,1,4
2016420130839,3,9,0,3,0,0,0,0,0,0,2,1,5,2,48,8,1149,1,5,4,1,4
2016420130840,1,9,0,18,0,1,0,0,0,0,1,1,5,1,38,7,2143,2,-1,10,1,10
2016420130840,2,8,0,3,0,1,0,0,0,0,2,1,1,2,51,8,1598,2,5,6,1,6
2016420130840,3,9,0,3,0,1,0,0,0,0,2,1,5,1,33,6,3628,2,6,9,1,9
2016420130865,1,9,0,5,0,4,0,0,0,0,1,1,5,1,45,7,1753,2,9,1,1,1
2016420130865,2,9,0,18,0,2,5,0,1,7,1,1,1,1,49,8,1598,2,-1,8,2,8
2016420130868,1,19,0,18,0,0,0,0,0,0,1,1,1,1,52,8,1560,2,-1,9,1,9
2016420130868,2,9,0,2,0,0,0,0,1,0,2,1,1,1,55,8,1389,1,19,2,1,2
2016420130877,1,9,0,4,7,0,1,0,1,0,1,1,5,2,43,7,1242,1,10,2,1,2
2016420130883,1,4,0,18,0,0,0,0,0,0,3,1,5,1,21,5,330,1,2,-1,-1,-1
2016420130883,2,9,0,18,0,0,0,0,0,0,3,1,5,2,48,8,2143,2,2,6,1,6