Accident_Index,Vehicle_Reference,Vehicle_Type,Towing_and_Articulation,Vehicle_Manoeuvre,Vehicle_Location-Restricted_Lane,Junction_Location,Skidding_and_Overturning,Hit_Object_in_Carriageway,Vehicle_Leaving_Carriageway,Hit_Object_off_Carriageway,1st_Point_of_Impact,Was_Vehicle_Left_Hand_Drive?,Journey_Purpose_of_Driver,Sex_of_Driver,Age_of_Driver,Age_Band_of_Driver,Engine_Capacity_(CC),Propulsion_Code,Age_of_Vehicle,Driver_IMD_Decile,Driver_Home_Area_Type,Vehicle_IMD_Decile
2016420130883,3,19,0,18,0,0,0,0,0,0,3,1,5,1,45,7,2298,2,2,9,1,9
2016420130890,1,9,0,18,0,0,0,0,7,0,1,1,6,1,21,5,998,1,18,10,1,10
2016420130890,2,9,0,2,0,0,0,0,0,0,3,1,6,3,-1,-1,-1,-1,-1,-1,-1,-1
2016420131063,1,9,0,16,0,0,0,0,1,0,1,1,6,1,18,4,1493,1,22,5,3,5
2016420131251,1,5,0,18,0,2,5,0,1,0,1,1,5,1,25,5,749,1,6,9,1,9
2016420131251,2,9,0,9,0,8,0,0,0,0,4,1,6,3,-1,-1,-1,-1,-1,-1,-1,-1
2016420131272,1,97,0,13,0,0,0,0,0,0,1,1,6,1,40,7,-1,-1,-1,-1,-1,-1
2016420131272,2,1,0,18,0,0,5,0,0,0,3,1,4,2,10,2,-1,-1,-1,7,1,7
2016420131403,1,9,0,18,0,0,0,0,0,0,1,1,6,3,-1,-1,1395,1,2,-1,-1,-1
2016420131403,2,9,0,3,0,0,0,0,0,0,2,1,6,1,42,7,1499,2,-1,9,3,9
2016420131421,1,3,0,18,0,0,0,0,0,0,1,1,2,1,24,5,125,1,12,6,3,6
2016420131421,2,19,0,4,0,0,0,0,0,0,2,1,2,1,41,7,2299,2,6,4,1,4
2016420131421,3,9,0,18,0,0,0,12,0,0,0,1,6,1,27,6,1995,2,1,9,1,9
2016420131423,1,9,0,9,0,1,0,0,0,0,4,1,5,2,38,7,2179,2,4,2,1,2
2016420131423,2,9,0,18,0,1,0,0,0,0,1,1,5,1,44,7,1368,1,10,10,1,10
2016420131428,1,9,0,5,0,1,0,0,0,0,1,1,5,1,60,9,3199,1,14,4,1,4
2016420131428,2,9,0,5,0,1,0,0,0,0,2,1,5,2,37,7,1598,1,8,2,1,2
2016420131453,1,11,0,7,0,1,0,0,0,0,4,1,2,1,49,8,8258,2,13,1,1,1
2016420131456,1,3,0,18,0,1,0,0,0,0,1,1,5,1,17,4,125,1,-1,1,2,1
2016420131456,2,9,0,9,0,2,0,0,0,0,3,1,5,2,27,6,1388,1,6,7,2,7
2016420131524,1,21,1,18,0,0,0,0,0,0,3,1,1,1,55,8,12777,2,8,7,2,7
2016420131524,2,9,0,18,0,0,0,0,0,0,1,1,5,1,85,11,1596,1,10,10,2,10
2016420131631,1,9,0,18,0,0,0,0,0,0,4,1,1,2,33,6,2976,1,11,6,1,6
2016420131631,2,98,1,2,0,0,0,0,0,0,0,1,6,1,58,9,-1,-1,-1,8,1,8
2016420131644,1,9,0,7,0,2,0,0,0,0,1,1,6,1,66,10,2497,2,8,4,3,4
2016420131730,1,9,0,1,0,0,0,0,0,0,4,1,1,1,66,10,1968,2,2,8,1,8
2016420131770,1,19,0,4,0,0,0,0,0,0,1,1,1,1,28,6,2198,2,-1,2,1,2
2016420131770,2,19,0,4,0,0,0,0,0,0,2,1,1,1,42,7,2198,2,-1,4,1,4
2016420131770,3,9,0,4,0,0,0,0,0,0,2,1,6,1,57,9,1598,1,11,2,1,2
2016420131770,4,9,0,4,0,0,0,0,0,0,3,1,6,2,38,7,2179,2,2,3,2,3
2016420131800,1,9,0,5,0,4,0,0,0,0,1,1,6,1,23,5,1984,1,-1,6,3,6
2016420131800,2,9,0,18,0,8,0,0,0,0,4,1,6,2,29,6,1587,1,14,3,1,3
2016420131963,1,9,0,18,0,3,0,0,0,0,1,1,6,3,-1,-1,-1,-1,-1,-1,-1,-1
2016420131969,1,98,1,18,0,4,0,0,0,0,1,2,1,1,55,8,-1,-1,-1,-1,-1,-1
2016420131969,2,8,0,18,0,8,0,0,0,0,4,1,1,1,46,8,1560,2,2,1,1,1
2016420131973,1,9,0,17,0,0,1,0,0,0,1,1,1,1,26,6,1199,1,14,5,1,5
2016420131973,2,9,0,16,0,0,0,0,0,0,1,1,5,1,45,7,1999,2,1,6,3,6
2016420132152,1,9,0,9,0,8,0,0,0,0,1,1,5,1,23,5,1422,2,-1,9,1,9
2016420132152,2,9,0,18,0,1,0,0,0,0,3,1,5,1,70,10,1360,1,14,9,1,9
2016420132347,1,9,0,4,0,0,0,0,0,0,2,1,5,1,19,4,1242,1,2,9,1,9
2016420132347,2,19,0,5,0,0,0,0,0,0,1,1,1,1,23,5,-1,-1,-1,-1,-1,-1
2016420132391,1,9,0,9,0,8,0,0,0,0,1,1,5,1,73,10,1997,2,1,5,3,5
2016420132391,2,9,0,18,0,1,0,0,0,0,1,1,5,1,70,10,2143,2,7,10,2,10
2016420132392,1,9,0,14,0,0,0,8,0,0,1,1,6,2,69,10,1248,1,1,9,1,9
2016420132392,2,9,0,2,0,0,0,0,0,0,1,1,6,2,46,8,1461,2,-1,6,1,6
2016420132421,1,9,0,18,0,0,0,0,0,0,3,1,5,1,85,11,1197,1,1,9,2,9
2016420132421,2,19,0,18,0,0,0,0,0,0,3,1,1,1,45,7,2143,2,2,4,1,4
2016420132421,3,9,0,18,0,0,0,0,1,0,0,1,5,2,29,6,2179,2,1,8,2,8
2016420132423,1,9,0,18,0,0,1,0,0,0,4,1,5,2,64,9,1399,1,9,6,2,6
2016420132423,2,9,0,18,0,0,0,0,0,0,1,1,6,1,57,9,1799,1,5,7,3,7
2016420132424,1,21,0,12,0,0,0,0,0,0,1,1,1,1,25,5,-1,-1,-1,6,1,6
2016420132424,2,9,0,3,0,0,0,0,0,0,2,1,1,1,39,7,-1,-1,-1,5,1,5
2016420132424,3,9,0,3,0,0,0,0,0,0,2,1,1,1,37,7,1499,2,-1,7,3,7
2016420132424,4,9,0,4,0,0,0,0,0,0,1,1,6,1,21,5,1198,1,13,7,2,7
2016420132426,1,9,0,18,0,0,1,0,0,0,1,1,6,1,52,8,1399,2,12,5,1,5
2016420132426,2,9,0,4,0,0,0,0,0,0,2,1,6,1,68,10,1968,2,3,8,1,8
2016420132426,3,9,0,4,0,0,0,0,0,0,2,1,6,1,46,8,2494,2,15,5,3,5
2016420132427,1,9,0,9,0,0,0,0,0,0,1,1,5,1,31,6,1560,2,1,6,1,6
2016420132427,2,1,0,18,9,0,0,0,0,0,1,1,6,1,46,8,-1,-1,-1,6,1,6
2016420132428,1,9,0,16,0,0,5,0,7,0,3,1,5,1,39,7,1598,1,16,9,2,9
2016420132430,1,9,0,18,0,8,0,0,0,0,1,1,5,1,24,5,1398,1,-1,3,1,3
2016420132430,2,9,0,5,0,8,0,0,0,0,1,1,2,1,19,4,1149,1,12,2,1,2
2016420132431,1,9,0,18,0,0,2,0,1,0,0,1,6,2,36,7,998,1,19,6,2,6
2016420132608,1,9,5,4,0,1,0,0,0,0,1,1,6,1,-1,-1,1360,1,13,-1,-1,-1
2016420132608,2,98,0,3,0,1,0,0,0,0,2,1,6,1,28,6,-1,-1,-1,-1,-1,-1
2016420132608,3,9,0,4,0,1,0,0,0,0,2,1,6,1,64,9,1997,2,2,3,1,3
2016420132735,1,20,0,12,0,0,0,0,0,0,1,1,1,1,43,7,4462,2,3,4,1,4
2016420132735,2,21,1,18,0,0,0,0,0,0,2,1,1,1,42,7,12809,2,1,5,1,5
2016420132746,1,9,0,18,0,1,0,0,0,0,1,1,5,2,74,10,1997,2,15,7,2,7
2016420132746,2,21,0,3,0,1,0,0,0,0,2,1,1,1,46,8,6692,2,5,2,1,2
2016420132767,1,19,0,9,0,8,0,0,0,0,1,1,6,3,-1,-1,1686,2,10,-1,-1,-1
2016420132767,2,9,0,18,0,2,0,0,0,0,2,1,6,1,69,10,1868,2,17,6,1,6
2016420132838,1,9,0,18,0,1,0,0,0,0,1,1,6,1,18,4,1968,2,12,7,1,7
2016420132838,2,9,0,3,0,4,0,0,0,0,2,1,6,1,66,10,1596,1,3,7,3,7
2016420132883,1,2,0,17,0,1,2,0,0,0,3,1,5,1,16,4,49,1,5,7,3,7
2016420132885,1,20,0,17,0,0,0,0,0,0,1,1,1,1,36,7,4461,2,5,-1,-1,-1
2016420132885,2,1,0,18,0,0,0,0,0,0,2,1,2,1,48,8,-1,-1,-1,-1,-1,-1
2016420132887,1,90,0,18,0,1,0,0,0,0,1,1,1,1,38,7,2400,2,5,7,2,7
2016420132887,2,9,0,9,0,1,0,0,0,0,4,1,3,1,28,6,1596,1,15,-1,-1,-1
2016420132887,3,9,0,3,0,1,0,0,0,0,3,1,6,1,57,9,1242,1,12,2,1,2
2016420132888,1,9,0,9,0,5,0,0,0,0,1,1,6,2,31,6,1461,2,2,9,2,9
2016420132889,1,9,0,18,0,0,0,0,0,0,1,1,6,2,69,10,2148,2,12,5,1,5
2016420132889,2,9,0,18,0,0,0,0,0,0,2,1,6,1,52,8,2993,2,11,6,3,6
2016420132889,3,-1,0,18,0,0,0,0,0,0,2,1,6,3,-1,-1,-1,-1,-1,-1,-1,-1
2016420133153,1,8,0,18,0,2,0,0,0,0,1,1,1,1,35,6,1582,2,4,2,1,2
2016420133200,1,9,0,16,0,0,0,0,7,0,1,1,5,1,74,10,1198,1,2,6,1,6
2016420133214,1,9,0,18,0,0,0,0,0,0,1,1,6,3,-1,-1,-1,-1,-1,-1,-1,-1
2016420133214,2,9,0,3,0,0,0,0,0,0,2,1,6,3,-1,-1,-1,-1,-1,-1,-1,-1
2016420133214,3,9,0,3,0,0,0,0,0,0,2,1,6,1,72,10,2435,1,15,8,3,8
2016420133240,1,9,0,18,0,0,0,0,0,0,1,1,6,1,49,8,1598,1,9,1,1,1
2016420133242,1,9,0,4,0,0,0,0,3,0,3,1,5,2,74,10,1598,1,6,4,1,4
2016420133248,1,1,0,9,0,2,1,0,0,0,0,1,2,1,28,6,-1,-1,-1,-1,-1,-1
2016420133249,1,9,0,9,0,0,0,0,0,0,3,1,2,1,40,7,1753,2,14,9,1,9
2016420133249,2,5,0,18,0,0,5,0,0,0,1,1,2,1,24,5,599,1,8,7,1,7
2016420133252,1,2,0,18,0,4,0,0,0,0,2,1,6,2,16,4,50,1,8,6,1,6
2016420133252,2,9,0,18,0,3,0,0,1,0,1,1,6,3,17,4,-1,-1,-1,-1,-1,-1
2016420133253,1,9,0,10,0,6,0,0,0,0,1,1,5,1,26,6,-1,-1,-1,9,1,9
2016420133253,2,90,0,17,0,8,0,0,5,4,3,1,5,1,60,9,-1,-1,-1,8,1,8
2016420133263,1,98,1,12,0,0,0,0,0,0,3,1,1,3,-1,-1,-1,-1,-1,-1,-1,-1
2016420133263,2,9,0,18,0,0,1,0,0,0,4,1,6,2,36,7,1896,2,7,6,1,6
2016420133288,1,9,0,18,0,0,0,0,0,0,1,1,6,1,48,8,1560,2,11,10,2,10
2016420133288,2,9,0,3,0,0,0,0,0,0,2,1,6,2,33,6,2148,2,8,2,1,2
2016420133325,1,9,0,17,0,1,0,0,0,0,1,1,6,1,21,5,1686,2,8,-1,1,-1
2016420133325,2,21,1,16,0,1,0,0,0,0,1,1,1,1,43,7,9200,2,4,10,1,10
2016420133339,1,19,0,1,0,6,0,0,0,0,2,1,1,1,54,8,2299,2,1,3,1,3
2016420133351,1,9,0,18,9,0,0,0,0,0,1,1,6,1,67,10,1398,1,2,8,1,8
2016420133351,2,1,0,18,9,0,0,0,0,0,2,1,5,1,17,4,-1,-1,-1,4,1,4
2016420133356,1,9,0,2,0,0,0,0,0,0,1,1,6,3,40,7,1995,2,-1,-1,-1,-1
2016420133356,2,9,0,2,0,0,0,0,0,0,2,1,5,3,40,7,-1,-1,-1,-1,-1,-1
2016420133359,1,21,0,18,0,0,0,0,0,0,1,1,1,1,-1,-1,10677,2,2,-1,-1,-1
2016420133359,2,9,0,3,0,0,0,0,0,0,2,1,6,2,39,7,2183,2,5,7,1,7
2016420133362,1,9,0,9,0,3,0,0,0,0,1,1,6,1,20,4,1896,2,9,5,2,5
2016420133378,1,9,0,18,0,2,0,0,0,0,4,1,5,2,51,8,998,1,2,9,3,9
2016420133389,1,9,0,18,0,0,0,0,0,0,1,1,5,1,32,6,1997,2,4,9,1,9
2016420133389,2,9,0,18,0,0,0,0,0,0,2,1,5,2,51,8,1997,2,14,4,1,4
2016420133390,1,9,0,18,0,2,0,0,0,0,1,1,5,1,41,7,1299,1,18,6,2,6
2016420133390,2,9,0,18,0,1,0,0,0,0,1,1,5,2,33,6,1582,2,2,7,1,7
2016420133393,1,9,0,18,0,4,0,0,0,0,4,1,5,2,34,6,1598,1,5,10,1,10
2016420133393,2,9,0,5,0,4,0,0,0,0,4,1,5,2,23,5,1242,1,5,4,1,4
2016420133395,1,9,0,9,0,1,0,0,0,0,3,1,5,2,35,6,1360,1,10,3,1,3
2016420133395,2,1,0,4,0,1,0,0,0,0,1,1,2,1,61,9,-1,-1,-1,2,1,2
2016420133396,1,11,0,5,0,2,0,0,0,0,4,1,1,1,63,9,-1,2,17,8,2,8
2016420133398,1,9,0,18,0,0,1,0,0,0,1,1,6,1,18,4,1360,1,9,10,1,10
2016420133398,2,9,0,10,0,0,0,0,0,0,2,1,5,2,28,6,1753,2,12,6,1,6
2016420133399,1,9,0,18,0,8,0,0,0,0,1,1,5,1,36,7,1560,2,-1,7,2,7
2016420133399,2,8,0,18,0,8,0,0,0,0,4,1,1,1,49,8,1968,2,8,1,1,1
2016420133407,1,9,0,10,0,6,0,0,0,0,3,1,5,1,64,9,1998,2,13,2,1,2
2016420133407,2,5,0,18,0,1,0,0,0,0,1,1,5,1,37,7,1800,1,8,2,1,2
2016420133423,1,90,0,18,0,8,2,0,2,0,4,1,5,1,24,5,-1,-1,-1,1,1,1
2016420133423,2,9,0,2,6,1,0,0,0,0,3,1,6,3,-1,-1,-1,-1,-1,-1,-1,-1
2016420133423,3,9,0,2,0,2,0,0,0,0,3,1,6,3,-1,-1,-1,-1,-1,-1,-1,-1
2016420133431,1,3,0,18,0,0,1,0,0,0,4,1,5,1,47,8,124,1,13,8,1,8
2016420133435,1,21,0,12,0,8,0,0,0,0,3,1,1,1,35,6,10837,2,2,7,1,7
2016420133435,2,5,0,18,0,8,0,0,4,0,1,1,2,1,28,6,599,1,15,2,1,2
2016420133436,1,9,0,9,0,0,0,0,0,0,1,1,5,1,83,11,1398,2,10,4,1,4
2016420133436,2,9,0,18,0,0,0,0,8,0,1,1,5,1,33,6,1560,2,11,2,1,2
2016420133437,1,9,0,18,0,0,0,0,0,0,1,1,5,2,49,8,1198,1,2,9,1,9
2016420133437,2,9,0,18,0,0,0,0,0,0,2,1,5,1,31,6,1910,2,11,7,1,7
2016420133437,3,9,0,4,0,0,0,0,0,0,2,1,5,1,25,5,2993,2,-1,3,1,3
2016420133482,1,9,0,9,0,8,0,0,0,0,3,1,5,1,55,8,2982,2,16,10,2,10
2016420133482,2,3,0,18,0,1,0,0,0,0,1,1,1,1,24,5,125,1,5,2,2,2
2016420133586,1,9,0,5,0,4,0,0,0,0,1,1,5,2,53,8,998,1,1,9,1,9
2016420133586,2,9,0,3,0,1,0,0,0,0,2,1,6,2,37,7,1753,2,7,1,1,1
2016420133602,1,9,0,18,0,0,0,0,0,0,1,1,6,2,29,6,1699,1,8,4,2,4
2016420133602,2,9,0,3,0,0,0,0,0,0,2,1,6,2,30,6,2143,2,-1,8,1,8
2016420133602,3,9,0,3,0,0,0,0,0,0,2,1,6,2,54,8,3226,2,14,3,1,3
2016420133615,1,9,0,18,0,0,0,0,0,0,1,1,2,2,28,6,1598,1,2,4,1,4
2016420133615,2,9,0,18,0,0,0,0,0,0,1,1,2,1,56,9,2143,2,-1,10,1,10
2016420133628,1,9,0,18,0,0,1,0,0,0,1,1,5,1,24,5,1388,1,13,7,1,7
2016420133628,2,9,0,18,0,0,0,0,0,0,3,1,5,1,49,8,2143,2,-1,8,1,8
2016420133714,1,9,0,18,0,0,0,0,0,0,1,1,6,2,-1,-1,1596,1,10,-1,-1,-1
2016420133714,2,9,0,2,0,0,0,0,0,0,2,1,6,2,37,7,2143,2,2,6,3,6
2016420133820,1,9,0,17,0,0,2,0,1,0,4,1,2,1,31,6,1984,1,16,8,1,8
2016420133854,1,9,0,9,0,8,0,0,0,0,1,1,6,1,43,7,-1,-1,-1,8,3,8
2016420133854,2,9,0,18,0,8,0,0,0,0,3,1,6,1,32,6,1242,1,3,4,1,4
2016420133857,1,9,0,18,0,8,0,0,0,0,4,1,5,1,26,6,1896,2,11,3,1,3
2016420133857,2,1,0,18,0,8,5,0,0,0,3,1,5,2,50,8,-1,-1,-1,7,1,7
2016420133882,1,9,0,16,0,0,1,0,2,0,1,1,5,1,17,4,1248,2,10,6,1,6
2016420133882,2,21,1,18,0,0,0,0,0,0,3,1,1,1,46,8,12419,2,6,4,1,4
2016420133929,1,9,0,18,0,0,0,0,0,0,1,1,5,2,54,8,1198,1,4,9,1,9
2016420133929,2,9,0,18,0,0,0,0,0,0,1,1,5,2,31,6,1956,2,3,9,1,9
2016420133929,3,98,1,18,0,0,0,0,0,0,2,1,1,1,54,8,-1,-1,-1,3,1,3
2016420133930,1,9,0,18,0,2,0,0,0,0,1,1,6,1,21,5,1399,2,10,9,2,9
2016420133930,2,9,0,4,0,2,0,0,0,0,2,1,6,2,21,5,1388,1,13,6,1,6
2016420133930,3,9,0,4,0,2,0,0,0,0,2,1,6,1,-1,-1,1461,2,-1,-1,-1,-1
2016420133943,1,9,0,18,0,0,1,0,7,3,1,1,5,2,22,5,1360,1,10,6,1,6
2016420133945,1,9,0,5,0,1,0,0,0,0,4,1,1,1,50,8,898,1,-1,-1,-1,-1
2016420133945,2,1,0,18,0,1,0,0,0,0,1,1,2,1,23,5,-1,-1,-1,6,1,6
2016420133951,1,9,0,4,0,3,0,0,0,0,2,1,5,1,20,4,-1,-1,-1,3,1,3
2016420133951,2,1,0,18,0,8,0,0,0,0,2,1,6,2,49,8,-1,-1,-1,2,1,2
2016420133954,1,9,0,18,0,8,0,0,0,0,4,1,3,2,31,6,1999,2,-1,6,1,6
2016420133968,1,9,0,9,0,8,0,0,0,0,3,1,1,2,36,7,1349,1,6,1,1,1
2016420134011,1,9,0,18,0,3,5,0,0,0,4,1,5,1,28,6,1149,1,7,1,1,1
2016420134154,1,9,0,9,0,5,0,4,0,0,1,1,1,1,19,4,1390,1,9,9,1,9
2016420134154,2,9,0,2,0,1,0,0,0,0,1,1,5,2,45,7,1198,1,2,10,1,10
2016420134171,1,9,0,18,0,0,0,0,0,0,1,1,6,1,44,7,1598,1,14,8,1,8
2016420134171,2,9,0,18,0,0,2,0,7,0,3,1,1,1,48,8,-1,-1,-1,5,1,5
2016420134171,3,9,0,18,0,0,0,0,1,0,1,1,2,2,41,7,1499,1,-1,7,3,7
2016420134198,1,9,0,5,0,0,0,11,0,0,1,1,5,1,45,7,2926,2,12,-1,-1,-1
2016420134198,2,21,4,2,0,0,0,0,0,0,0,1,1,1,45,7,12902,2,3,5,1,5
2016420134299,1,9,0,18,0,2,0,0,0,0,1,1,6,1,45,7,1956,2,4,1,1,1
2016420134313,1,9,0,18,0,0,1,0,1,0,1,1,2,1,25,5,1598,1,10,4,1,4
2016420134419,1,9,0,18,0,2,0,0,0,0,1,1,2,2,69,10,1388,1,10,5,1,5
2016420134420,1,9,0,9,0,5,0,0,0,0,1,1,5,2,69,10,1596,1,-1,6,1,6
2016420134420,2,9,0,18,0,8,0,0,0,0,1,1,5,1,31,6,1339,1,9,6,1,6
2016420134421,1,9,0,5,0,6,0,0,0,0,1,1,5,2,67,10,1388,1,7,10,1,10
2016420134421,2,3,0,5,0,6,5,0,0,0,3,1,5,2,49,8,125,1,14,3,1,3
2016420134423,1,9,0,18,0,0,1,0,0,0,1,1,5,1,55,8,1896,2,13,3,1,3
2016420134424,1,9,0,18,0,0,0,0,1,2,1,1,5,1,20,4,1242,1,-1,7,1,7
2016420134426,1,9,0,16,0,0,2,0,7,0,3,1,5,1,18,4,1590,1,13,6,1,6
2016420134447,1,5,0,17,0,0,0,0,1,9,4,1,2,1,38,7,1050,1,5,7,2,7
2016420134671,1,19,0,18,0,8,0,0,0,0,1,1,1,1,32,6,2143,2,1,1,1,1
2016420134671,2,9,0,18,0,8,0,0,7,0,4,1,5,1,28,6,1596,1,10,10,1,10
2016420134687,1,9,0,14,0,0,0,0,0,0,0,1,6,2,33,6,1598,1,10,3,1,3
2016420134729,1,19,0,5,9,0,0,0,0,0,4,1,1,1,19,4,1248,2,1,9,1,9
2016420134899,1,21,5,1,8,0,0,0,0,0,0,1,1,1,45,7,12777,2,-1,-1,-1,-1
2016420134899,2,8,0,18,0,0,0,0,0,0,1,1,1,1,70,10,1560,2,1,8,1,8
2016420134900,1,9,0,18,0,8,1,0,0,0,3,1,5,2,59,9,1398,1,-1,3,1,3
2016420134900,2,19,0,18,0,3,1,0,0,0,4,1,2,1,27,6,2198,2,9,1,1,1
2016420134901,1,9,0,5,0,3,0,0,0,0,1,1,5,2,56,9,1796,1,16,1,1,1
2016420134901,2,3,0,9,0,3,0,0,0,0,4,1,6,1,23,5,125,1,-1,3,1,3
2016420134902,1,9,0,9,0,0,1,0,0,0,1,1,6,1,64,9,1198,1,5,4,1,4
2016420134902,2,9,0,7,0,0,0,0,0,0,1,1,5,2,25,5,1242,1,4,-1,-1,-1
2016420134905,1,21,1,12,0,0,0,0,0,0,1,1,5,1,36,7,-1,-1,-1,-1,-1,-1
2016420134905,2,9,0,15,0,0,1,0,0,0,4,1,5,2,45,7,1399,1,5,3,1,3
2016420135030,1,9,0,5,0,4,0,0,0,0,1,1,6,2,47,8,1197,1,-1,8,1,8
2016420135030,2,1,0,17,0,8,0,0,0,0,4,1,4,1,15,3,-1,-1,-1,-1,-1,-1
2016420135032,1,9,0,10,0,0,0,0,0,0,3,1,5,2,36,7,1598,2,-1,8,3,8
2016420135032,2,5,0,14,0,0,1,0,0,0,1,1,6,1,55,8,998,1,8,1,1,1
2016420135055,1,9,0,18,0,1,0,0,0,0,1,1,6,1,-1,-1,1796,1,9,7,1,7
2016420135055,2,9,0,3,0,1,0,0,0,0,2,1,6,1,54,8,-1,-1,-1,1,1,1
2016420135128,1,5,0,18,0,1,0,7,0,0,1,1,2,1,51,8,599,1,20,3,1,3
2016420135188,1,9,0,9,0,8,0,0,0,0,4,1,2,1,20,4,1390,1,11,9,1,9
2016420135188,2,5,0,18,0,8,0,0,0,0,1,1,2,1,51,8,1157,1,9,6,3,6
2016420135232,1,9,0,4,0,1,0,0,0,0,1,1,5,1,38,7,1299,1,15,3,1,3
2016420135232,2,9,0,4,0,1,0,0,0,0,2,1,1,1,53,8,3226,2,15,4,1,4
2016420135233,1,9,0,11,0,0,1,0,1,0,4,1,1,2,36,7,1598,2,4,9,1,9
2016420135233,2,19,0,18,0,0,1,0,1,0,3,1,1,1,25,5,1995,2,3,5,1,5
2016420135269,1,98,0,2,0,8,0,0,0,0,3,1,6,3,-1,-1,-1,-1,-1,-1,-1,-1
2016420135269,2,1,0,14,0,1,5,0,0,0,4,1,6,2,22,5,-1,-1,-1,2,1,2
2016420135283,1,9,0,7,0,1,0,0,0,0,1,1,6,1,44,7,-1,-1,-1,10,1,10
2016420135294,1,21,1,18,0,0,0,5,0,0,1,1,1,1,44,7,12900,2,10,7,3,7
2016420135294,2,9,0,18,0,0,0,0,0,0,0,1,5,1,19,4,1598,1,3,10,1,10
2016420135294,3,9,0,2,0,0,0,0,0,0,3,1,6,3,-1,-1,-1,-1,-1,-1,-1,-1
2016420135294,4,9,0,2,0,0,0,0,0,0,3,1,6,3,-1,-1,-1,-1,-1,-1,-1,-1
2016420135303,1,9,0,16,0,2,0,0,0,0,1,1,5,1,21,5,1998,1,12,6,1,6
2016420135303,2,9,0,17,0,1,0,0,0,0,1,1,6,2,23,5,1299,1,9,10,1,10
2016420135324,1,9,0,18,0,0,0,0,0,0,3,1,6,3,-1,-1,-1,-1,-1,-1,-1,-1
2016420135324,2,9,0,18,0,0,0,0,0,0,3,1,6,2,21,5,1599,1,10,2,1,2
2016420135360,1,9,0,3,0,3,0,0,0,0,2,1,5,2,25,5,1229,1,3,4,1,4
2016420135360,2,9,0,3,0,3,0,0,0,0,1,1,5,2,65,9,2494,1,12,7,1,7
2016420135380,1,9,0,9,0,6,0,0,1,0,1,1,5,1,33,6,-1,-1,-1,4,1,4
2016420135380,2,19,0,18,0,1,0,0,1,0,1,1,5,1,31,6,1560,2,1,6,1,6
2016420135381,1,9,0,18,0,2,0,0,0,0,1,1,2,1,59,9,1397,1,4,2,1,2
2016420135381,2,1,0,18,0,2,0,0,0,0,2,1,6,1,73,10,-1,-1,-1,4,1,4
2016420135381,3,9,0,2,0,2,0,0,0,0,3,1,6,3,-1,-1,-1,-1,-1,-1,-1,-1
2016420135385,1,9,0,18,0,0,0,0,0,0,1,1,2,1,45,7,1968,2,2,8,2,8
2016420135385,2,9,0,3,0,0,0,0,0,0,2,1,1,1,34,6,1598,2,1,3,1,3
2016420135385,3,9,0,3,0,0,0,0,0,0,3,1,5,1,72,10,1998,1,11,4,1,4
2016420135387,1,9,0,18,0,1,0,0,0,0,1,1,5,2,68,10,998,1,7,6,1,6
2016420135387,2,22,0,18,0,2,0,0,0,0,3,1,6,2,91,11,-1,-1,-1,-1,-1,-1
2016420135392,1,10,0,18,0,0,1,0,0,0,1,1,1,1,61,9,-1,-1,-1,3,1,3
2016420135392,2,9,0,3,0,0,0,0,0,0,2,1,6,2,82,11,1598,1,7,6,1,6
2016420135392,3,9,0,3,0,0,0,0,0,0,2,1,6,2,34,6,2198,1,8,4,1,4
2016420135393,1,9,0,11,0,0,2,0,1,7,1,1,5,1,23,5,999,1,-1,3,1,3
2016420135393,2,9,0,18,0,0,0,0,0,0,2,1,5,2,44,7,1598,1,1,6,1,6
2016420135395,1,9,0,18,0,8,0,0,2,0,1,1,5,2,21,5,1242,1,-1,4,2,4
2016420135398,1,21,0,5,0,4,0,0,0,0,1,1,1,1,54,8,10837,2,1,8,1,8
2016420135399,1,3,0,16,0,0,5,0,0,0,1,1,5,1,17,4,125,1,6,10,1,10
2016420135399,2,9,0,18,0,0,0,0,0,0,1,1,1,1,60,9,1560,2,-1,5,3,5
2016420135532,1,9,0,5,0,0,0,0,0,0,4,1,3,2,47,8,1329,1,6,-1,-1,-1
2016420135532,2,9,0,18,0,0,0,0,7,9,4,1,5,2,49,8,2967,1,11,-1,-1,-1
2016420135635,1,9,0,18,0,1,0,0,0,0,1,1,6,1,46,8,1598,2,-1,4,1,4
2016420135635,2,9,0,4,0,1,0,0,0,0,2,1,5,2,47,8,1997,2,-1,6,1,6
2016420135635,3,9,0,3,0,1,0,0,0,0,2,1,5,2,26,6,1299,1,11,10,1,10
2016420135635,4,9,0,3,0,1,0,0,0,0,2,1,1,1,46,8,998,1,-1,8,1,8
2016420135684,1,9,0,4,0,3,0,0,0,0,2,1,6,1,40,7,-1,-1,-1,-1,-1,-1
2016420135684,2,9,0,18,0,3,0,0,0,0,1,1,2,2,60,9,1360,1,19,8,1,8
2016420135819,1,9,0,18,0,8,0,0,0,0,4,1,2,2,50,8,1560,2,-1,4,1,4
2016420135819,2,9,0,18,0,8,0,0,0,0,1,1,6,1,51,8,1596,1,14,10,1,10
2016420135819,3,9,0,10,0,1,0,0,0,0,3,1,2,1,49,8,998,1,4,9,2,9