Accident_Index,Vehicle_Reference,Vehicle_Type,Towing_and_Articulation,Vehicle_Manoeuvre,Vehicle_Location-Restricted_Lane,Junction_Location,Skidding_and_Overturning,Hit_Object_in_Carriageway,Vehicle_Leaving_Carriageway,Hit_Object_off_Carriageway,1st_Point_of_Impact,Was_Vehicle_Left_Hand_Drive?,Journey_Purpose_of_Driver,Sex_of_Driver,Age_of_Driver,Age_Band_of_Driver,Engine_Capacity_(CC),Propulsion_Code,Age_of_Vehicle,Driver_IMD_Decile,Driver_Home_Area_Type,Vehicle_IMD_Decile
2016430248020,2,9,0,18,0,8,0,0,0,0,1,1,6,2,71,10,1339,1,9,7,3,7
2016430248046,1,9,0,18,0,0,0,0,0,0,1,1,6,1,35,6,3200,1,14,4,1,4
2016430248046,2,9,0,3,0,0,0,0,0,0,2,1,6,1,21,5,1995,2,8,8,3,8
2016430248046,3,9,0,3,0,0,0,0,0,0,2,1,6,1,19,4,1124,1,16,7,3,7
2016430248046,4,9,0,3,0,0,0,0,0,0,2,1,6,1,29,6,4497,1,3,5,1,5
2016430248048,1,10,0,3,0,1,0,0,0,0,1,1,6,1,48,8,-1,-1,-1,6,3,6
2016430248048,2,9,0,3,0,1,0,0,0,0,2,1,6,1,50,8,-1,-1,-1,9,3,9
2016430248146,1,19,0,18,0,0,0,0,0,0,1,1,6,3,-1,-1,-1,-1,-1,-1,-1,-1
2016430248146,2,9,0,18,0,0,0,0,0,0,2,1,6,2,67,10,-1,-1,-1,9,1,9
2016430248280,1,9,0,16,0,0,1,0,7,4,4,1,6,2,19,4,1299,1,11,8,2,8
2016430248349,1,9,0,14,0,0,0,0,0,0,4,1,6,2,46,8,1997,2,14,9,2,9
2016430248349,2,9,0,5,0,0,0,0,0,0,3,1,6,1,38,7,1968,2,9,5,1,5
2016430248481,1,9,0,18,0,2,0,0,0,0,1,1,6,1,33,6,1582,2,1,5,1,5
2016430248481,2,1,0,9,9,2,0,0,0,0,1,1,6,2,15,3,-1,-1,-1,7,1,7
2016430248902,1,9,0,4,0,1,1,0,0,0,1,1,6,2,30,6,1388,1,12,-1,-1,-1
2016430248902,2,8,0,3,0,1,0,0,0,0,2,1,1,1,49,8,2499,2,11,4,1,4
2016430248953,1,9,0,18,0,0,0,0,0,0,1,1,6,1,29,6,1985,1,20,5,1,5
2016430248953,2,3,0,18,0,0,0,0,0,0,1,1,1,2,23,5,125,1,1,5,1,5
2016430248978,1,9,0,18,0,4,0,0,0,0,1,1,2,1,43,7,1398,1,14,5,1,5
2016430248978,2,1,0,17,0,8,0,0,0,0,3,1,2,1,34,6,-1,-1,-1,6,2,6
2016430249028,1,20,0,18,0,0,1,0,0,0,1,1,1,1,25,5,2402,2,5,5,1,5
2016430249028,2,9,0,18,0,0,0,0,0,0,2,1,6,1,45,7,2993,2,8,9,1,9
2016430249028,3,9,0,18,0,0,0,0,0,0,2,1,6,2,33,6,1968,2,12,5,1,5
2016430249050,1,9,0,9,0,6,0,0,0,0,4,1,6,2,-1,-1,1598,1,8,-1,-1,-1
2016430249050,2,1,0,18,0,1,0,0,0,0,3,1,6,1,-1,-1,-1,-1,-1,5,1,5
2016430249052,1,19,0,5,0,6,0,0,0,0,3,1,6,1,-1,-1,1248,2,5,6,3,6
2016430249052,2,9,0,18,0,8,0,0,0,0,4,1,6,1,27,6,999,1,7,9,1,9
2016430249126,1,1,0,18,0,0,0,0,0,0,1,1,6,1,9,2,-1,-1,-1,7,1,7
2016430249126,2,9,0,18,0,0,0,0,0,0,1,1,6,1,20,4,1598,1,11,7,1,7
2016430249140,1,19,0,17,0,0,2,10,1,10,4,1,1,1,24,5,2148,2,11,2,1,2
2016430249171,1,1,0,18,0,0,0,0,0,0,1,1,4,2,13,3,-1,-1,-1,10,1,10
2016430249171,2,9,0,18,0,0,0,0,0,0,1,1,6,1,-1,-1,-1,-1,-1,-1,-1,-1
2016430249196,1,9,0,9,0,5,0,0,0,0,4,1,6,1,54,8,1796,1,17,-1,-1,-1
2016430249196,2,1,0,18,0,1,0,0,0,0,1,1,6,1,24,5,-1,-1,-1,-1,-1,-1
2016430249215,1,9,0,18,0,0,2,0,1,11,1,1,6,1,21,5,1229,1,8,10,2,10
2016430249258,1,19,0,13,0,0,0,0,0,0,0,1,6,1,-1,-1,-1,-1,-1,-1,-1,-1
2016430249258,2,16,0,18,0,0,0,0,0,0,0,1,6,2,16,4,-1,-1,-1,-1,-1,-1
2016430249288,1,9,0,18,0,0,0,0,1,2,1,1,6,1,74,10,1968,2,5,9,1,9
2016430249427,1,9,0,18,0,0,0,0,0,0,1,1,6,1,-1,-1,1584,1,8,-1,-1,-1
2016430249427,2,9,0,18,0,0,0,0,0,0,2,1,6,2,55,8,1995,2,4,7,3,7
2016430249430,1,9,0,18,0,0,1,0,1,3,4,1,6,2,18,4,998,1,1,9,3,9
2016430249481,1,9,0,18,0,1,0,0,0,0,1,1,1,1,20,4,-1,3,1,5,1,5
2016430249481,2,9,0,10,0,1,0,0,0,0,2,1,6,1,32,6,1560,2,6,10,1,10
2016430249673,1,9,0,16,0,0,0,0,7,10,1,1,6,1,65,9,3200,2,12,3,3,3
2016430250158,1,9,0,18,0,0,0,0,0,0,1,1,2,2,22,5,1248,2,10,9,1,9
2016430250158,2,9,0,4,0,0,0,0,0,0,2,1,2,2,42,7,2143,2,1,7,1,7
2016430250210,1,9,0,18,0,0,0,0,0,0,1,1,6,1,30,6,3000,1,15,-1,-1,-1
2016430250210,2,9,0,2,0,0,0,0,0,0,2,1,2,2,27,6,-1,-1,-1,9,2,9
2016430250217,1,19,0,18,0,0,1,0,0,0,1,1,6,1,54,8,1753,2,8,9,1,9
2016430250217,2,9,0,3,0,0,0,0,0,0,2,1,6,2,44,7,-1,-1,-1,7,1,7
2016430250277,1,9,0,4,0,5,0,0,7,0,1,1,6,1,85,11,2969,2,9,10,3,10
2016430250369,1,8,0,5,0,0,0,0,0,0,0,1,1,1,-1,-1,-1,-1,-1,-1,-1,-1
2016430250416,1,9,0,17,0,0,1,0,1,4,1,1,6,1,19,4,1390,1,8,4,1,4
2016430250423,1,9,0,18,0,1,0,0,7,0,1,1,6,1,23,5,1600,1,18,-1,-1,-1
2016430250423,2,8,0,18,0,1,0,0,0,0,1,1,1,1,38,7,1686,2,4,7,2,7
2016430250516,1,9,0,1,9,0,0,0,0,0,2,1,6,2,-1,-1,1240,1,13,-1,-1,-1
2016430252683,1,19,0,18,0,0,1,0,0,0,1,1,1,1,25,5,2402,2,14,3,1,3
2016430252683,2,9,0,4,0,0,0,0,0,0,2,1,3,2,36,7,1598,1,9,4,1,4
2016430252685,1,9,0,9,0,8,0,0,4,0,3,1,6,1,32,6,1248,2,13,-1,-1,-1
2016430252685,2,9,0,18,0,1,0,0,0,0,1,1,6,1,22,5,1598,1,5,8,3,8
2016430252706,1,9,0,18,0,0,5,0,1,9,1,1,6,1,20,4,2199,2,4,4,1,4
2016430252706,2,20,0,18,0,0,0,0,0,0,2,1,1,1,40,7,4461,2,4,2,1,2
2016430252715,1,9,0,9,0,6,0,0,0,0,0,1,6,3,-1,-1,2143,2,6,-1,-1,-1
2016430252715,2,1,0,18,0,8,1,0,7,11,1,1,6,1,47,8,-1,-1,-1,8,1,8
2016430252715,3,9,0,10,0,1,0,0,0,0,1,1,6,1,-1,-1,-1,-1,-1,-1,-1,-1
2016430252722,1,9,0,17,0,0,1,0,2,4,1,1,6,2,23,5,1598,1,9,10,1,10
2016430252787,1,5,0,11,0,0,0,0,1,0,0,1,6,1,50,8,1188,1,26,3,1,3
2016430252794,1,19,0,9,0,6,0,0,0,0,1,1,1,1,24,5,1598,2,-1,3,1,3
2016430252818,1,9,0,18,0,0,1,2,4,6,1,1,6,2,36,7,2494,1,12,7,1,7
2016430252837,1,9,0,16,0,0,0,0,0,0,3,1,6,1,23,5,5439,1,15,4,1,4
2016430252866,1,9,0,18,0,0,1,7,1,10,1,1,6,2,20,4,1124,1,14,10,1,10
2016430252866,2,9,0,18,0,0,1,7,5,6,2,1,6,2,28,6,1995,2,1,5,1,5
2016430253014,1,9,0,9,0,8,0,0,0,0,1,1,6,1,44,7,2400,2,7,6,1,6
2016430253014,2,9,0,18,0,8,0,0,1,10,1,1,6,1,39,7,2143,2,5,2,1,2
2016430253069,1,9,0,18,0,0,0,10,7,9,4,1,6,1,24,5,-1,-1,-1,5,1,5
2016430253186,1,9,0,16,0,1,0,0,0,0,1,1,6,1,54,8,1985,1,16,6,1,6
2016430253186,2,11,0,17,0,2,1,0,0,0,1,1,1,1,63,9,9600,2,16,5,1,5
2016430253290,1,9,0,18,0,0,0,0,0,0,1,1,1,2,43,7,1796,1,8,3,1,3
2016430253330,1,9,0,18,0,0,0,0,1,10,1,1,6,1,40,7,1781,1,16,-1,-1,-1
2016430253800,1,9,0,9,0,5,0,0,0,0,1,1,1,1,30,6,5461,1,1,2,1,2
2016430253800,2,9,0,18,0,8,0,0,0,0,1,1,6,1,61,9,2987,2,3,9,3,9
2016430253800,3,9,0,3,0,1,0,0,0,0,3,1,6,1,52,8,2979,1,2,10,1,10
2016430253812,1,1,0,9,0,8,0,0,0,0,2,1,6,1,61,9,-1,-1,-1,9,1,9
2016430253812,2,9,0,18,0,4,0,0,0,0,1,1,6,3,-1,-1,1798,8,-1,-1,-1,-1
2016430253835,1,9,0,18,0,0,0,0,0,0,1,1,6,2,-1,-1,1984,1,10,6,1,6
2016430253835,2,9,0,18,0,0,0,0,0,0,2,1,6,1,32,6,1390,1,14,-1,-1,-1
2016430253875,1,11,0,18,0,1,0,0,0,0,4,1,1,1,51,8,5132,2,-1,10,1,10
2016430253875,2,1,0,18,0,6,0,0,0,0,1,1,6,1,9,2,-1,-1,-1,9,1,9
2016430253894,1,9,0,7,0,6,0,0,0,0,1,1,6,2,40,7,1997,1,15,8,1,8
2016430253894,2,1,0,18,0,8,0,0,0,0,4,1,1,1,60,9,-1,-1,-1,5,1,5
2016430253957,1,9,0,18,0,1,0,0,0,0,1,1,6,3,-1,-1,-1,-1,-1,-1,-1,-1
2016430253957,2,9,0,18,0,1,0,0,0,0,2,1,6,2,18,4,1149,1,11,1,1,1
2016430254010,1,9,0,9,0,5,0,0,0,0,1,1,6,1,23,5,1242,1,9,3,1,3
2016430254010,2,1,0,18,0,8,0,0,0,0,1,1,2,1,50,8,-1,-1,-1,7,1,7
2016430254010,3,9,0,10,0,1,0,0,0,0,1,1,6,1,17,4,1600,1,12,3,1,3
2016430254019,1,9,0,18,0,8,0,0,0,0,4,1,2,1,39,7,1781,1,20,6,1,6
2016430254019,2,21,4,9,0,6,0,0,0,0,1,1,1,1,67,10,10837,2,5,3,1,3
2016430254076,1,9,0,18,0,0,0,0,0,0,1,1,2,2,36,7,1797,8,4,2,1,2
2016430254076,2,9,0,3,0,0,0,0,0,0,2,1,2,1,27,6,1496,2,-1,-1,-1,-1
2016430254076,3,19,0,3,0,0,0,0,0,0,2,1,1,1,53,8,2143,2,1,1,1,1
2016430254078,1,9,0,18,0,0,0,0,1,1,1,1,1,2,35,6,1596,1,9,9,1,9
2016430254142,1,9,0,9,0,8,0,0,0,0,1,1,6,2,44,7,2261,1,8,9,1,9
2016430254142,2,1,0,18,0,8,0,0,0,0,1,1,6,1,60,9,-1,-1,-1,8,1,8
2016430254148,1,9,0,4,0,0,0,0,7,2,3,1,6,1,17,4,1390,1,11,10,3,10
2016430254149,1,21,1,6,0,8,0,0,0,0,3,1,1,1,25,5,11967,2,8,4,1,4
2016430254149,2,9,0,12,0,1,0,0,4,1,4,1,6,1,22,5,1248,1,5,10,1,10
2016430254176,1,9,0,16,0,0,0,0,0,0,1,1,6,1,29,6,1596,1,17,7,3,7
2016430254176,2,9,0,17,0,0,0,0,0,0,1,1,6,1,24,5,1995,2,9,4,3,4
2016430254190,1,9,0,6,0,0,0,0,0,0,1,1,1,1,21,5,1339,1,9,10,1,10
2016430254190,2,5,0,13,0,0,0,0,0,0,1,1,6,1,45,7,916,1,17,5,1,5
2016430254223,1,9,0,9,0,6,0,0,0,0,3,1,6,1,26,6,1995,2,4,5,3,5
2016430254223,2,3,0,18,0,1,0,0,0,0,1,1,6,1,18,4,125,1,3,1,1,1
2016430254228,1,9,0,4,0,0,0,0,0,0,1,1,6,1,17,4,1086,1,11,-1,-1,-1
2016430254228,2,9,0,5,0,0,0,0,0,0,2,1,6,2,46,8,1328,1,2,8,2,8
2016430254328,1,9,0,18,0,0,0,0,0,0,1,1,6,3,-1,-1,-1,-1,-1,-1,-1,-1
2016430254361,1,9,0,18,0,0,0,0,0,0,1,1,6,1,33,6,2993,2,6,-1,-1,-1
2016430254361,2,21,1,18,0,0,0,0,0,0,2,1,1,1,39,7,8867,2,8,-1,-1,-1
2016430254401,1,5,0,18,0,8,1,0,0,0,1,1,6,1,49,8,1157,1,13,5,1,5
2016430254401,2,9,0,18,0,8,0,0,0,0,1,1,6,1,80,11,1299,1,9,7,3,7
2016430254447,1,9,0,18,0,0,0,0,0,0,4,1,2,1,59,9,1796,1,4,10,1,10
2016430254478,1,9,0,9,0,6,0,0,0,0,1,1,6,2,53,8,1995,2,10,10,1,10
2016430254478,2,5,0,14,0,8,0,0,0,0,4,1,6,1,53,8,865,1,1,10,1,10
2016430254478,3,9,0,18,0,1,0,0,0,0,0,1,6,3,-1,-1,-1,-1,-1,-1,-1,-1
2016430254544,1,5,0,18,0,1,0,0,0,0,0,1,2,1,26,6,955,1,14,4,1,4
2016430254620,1,3,0,18,0,0,0,0,0,0,1,1,6,1,30,6,124,1,-1,5,1,5
2016430254620,2,9,0,4,0,0,0,0,0,0,2,1,6,1,21,5,998,1,2,6,1,6
2016430254979,1,9,0,17,0,0,1,0,4,6,3,1,6,2,35,6,1995,2,12,4,1,4
2016430255012,1,9,0,9,0,6,0,0,0,0,1,1,6,1,54,8,1896,2,14,4,3,4
2016430255012,2,19,0,18,0,1,0,0,0,0,4,1,1,1,36,7,2287,2,-1,8,1,8
2016430255012,3,9,0,18,0,1,0,0,0,0,3,1,6,2,40,7,998,1,1,7,1,7
2016430255015,1,9,0,18,0,2,0,0,0,0,1,1,1,1,23,5,998,1,2,5,1,5
2016430255019,1,19,0,18,0,0,1,0,0,0,1,1,1,1,26,6,2299,2,3,2,1,2
2016430255019,2,9,0,4,0,0,0,0,0,0,2,1,6,1,58,9,1969,2,2,10,1,10
2016430255048,1,9,0,18,0,2,0,0,0,0,3,1,6,1,50,8,-1,-1,-1,3,1,3
2016430255069,1,9,0,18,0,1,0,0,0,0,4,1,6,2,-1,-1,-1,-1,-1,-1,-1,-1
2016430255081,1,9,0,18,0,2,0,0,0,0,4,1,6,3,-1,-1,-1,-1,-1,-1,-1,-1
2016430255082,1,3,0,18,0,3,0,0,0,0,3,1,2,2,26,6,124,1,4,10,1,10
2016430255086,1,1,0,18,0,0,0,0,0,0,1,1,6,1,20,4,-1,-1,-1,-1,-1,-1
2016430255086,2,19,0,18,0,0,0,0,0,0,1,1,1,1,42,7,1598,2,1,10,1,10
2016430255105,1,9,0,5,0,0,5,0,0,0,4,1,6,1,60,9,1968,2,-1,-1,-1,-1
2016430255105,2,9,0,2,0,0,0,0,0,0,4,1,6,1,-1,-1,1395,1,1,-1,-1,-1
2016430255134,1,9,0,18,0,3,0,2,6,0,1,1,6,2,18,4,1229,1,10,7,1,7
2016430255134,2,9,0,18,0,4,0,0,0,0,1,1,6,1,28,6,1461,2,4,7,1,7
2016430255148,1,5,0,18,0,1,1,0,0,0,4,1,6,1,38,7,998,1,14,8,1,8
2016430255155,1,9,0,9,0,6,1,0,0,0,3,1,1,1,64,9,-1,-1,-1,10,1,10
2016430255155,2,5,0,18,0,8,0,0,7,9,1,1,6,1,50,8,748,1,18,7,1,7
2016430255177,1,8,0,4,0,1,1,0,0,0,2,1,6,1,37,7,1968,2,6,5,1,5
2016430255177,2,9,0,18,0,1,1,0,0,0,1,1,6,1,36,7,1910,2,8,5,1,5
2016430255177,3,8,0,18,0,1,1,0,0,0,1,1,6,1,44,7,-1,-1,-1,10,1,10
2016430255200,1,8,0,18,0,1,0,0,0,0,1,1,1,1,65,9,2143,2,4,7,1,7
2016430255220,1,9,0,9,0,6,1,0,0,0,1,1,1,1,58,9,-1,-1,-1,-1,-1,-1
2016430255220,2,9,0,18,0,1,1,0,0,0,4,1,1,1,26,6,1560,2,7,-1,-1,-1
2016430255255,1,1,0,18,0,0,0,0,0,0,0,1,6,1,67,10,-1,-1,-1,8,2,8
2016430255257,1,1,0,18,9,8,0,0,0,0,1,1,1,1,40,7,-1,-1,-1,9,1,9
2016430255257,2,9,0,1,0,6,0,0,0,0,3,1,1,1,23,5,1598,1,6,3,1,3
2016430255275,1,9,0,18,0,0,0,0,7,4,1,1,6,1,85,11,1360,1,14,9,3,9
2016430255277,1,9,0,9,0,2,0,0,0,0,4,1,6,2,56,9,1296,1,9,-1,-1,-1
2016430255295,1,9,0,18,0,4,0,0,0,0,3,1,6,1,-1,-1,996,1,2,4,1,4
2016430255295,2,1,0,18,0,8,0,0,0,0,1,1,6,1,53,8,-1,-1,-1,8,1,8
2016430255350,1,9,0,18,0,6,0,0,0,0,0,1,6,2,61,9,1998,1,18,9,1,9
2016430255350,2,9,0,18,0,1,0,0,6,7,3,1,6,2,20,4,1596,1,13,3,1,3
2016430255383,1,9,0,18,0,0,0,0,1,0,1,1,6,1,-1,-1,-1,-1,-1,-1,-1,-1
2016430255383,2,90,0,18,0,0,0,0,0,0,4,1,1,1,39,7,-1,3,41,2,1,2
2016430255432,1,9,0,18,0,0,2,0,1,0,4,1,6,1,31,6,1360,1,14,3,1,3
2016430255495,1,9,0,17,0,2,1,0,1,0,3,1,6,1,51,8,1390,1,13,9,1,9
2016430255514,1,9,0,18,0,0,0,0,0,0,1,1,1,1,33,6,-1,-1,-1,9,1,9
2016430255514,2,9,0,18,0,0,0,0,1,0,3,1,6,1,24,5,1398,1,1,5,1,5
2016430255514,3,9,0,18,0,0,0,0,1,0,1,1,1,1,29,6,1598,2,1,9,1,9
2016430255514,4,9,0,18,0,0,0,0,0,0,0,1,1,1,31,6,-1,-1,-1,9,1,9
2016430255536,1,9,0,18,0,4,0,0,0,0,1,1,1,1,58,9,-1,-1,-1,8,1,8
2016430255536,2,1,0,18,0,8,0,0,0,0,3,1,6,1,46,8,-1,-1,-1,10,1,10
2016430255551,1,9,0,9,0,5,0,0,0,0,1,1,6,1,40,7,1997,2,2,9,1,9
2016430255551,2,9,0,18,0,1,0,0,0,0,1,1,6,2,67,10,1796,1,9,10,1,10
2016430255563,1,5,0,16,0,0,1,0,1,11,1,1,6,1,62,9,1600,1,17,8,1,8
2016430255591,1,9,0,18,0,0,0,0,0,0,1,1,6,2,78,11,1396,1,11,6,1,6
2016430255591,2,9,0,18,0,0,0,0,0,0,1,1,6,1,22,5,999,1,-1,10,1,10
2016430255621,1,9,0,2,0,0,0,0,0,0,3,1,2,1,46,8,1998,2,10,3,1,3
2016430255621,2,1,0,14,0,0,0,8,0,0,1,1,2,2,47,8,-1,-1,-1,8,1,8
2016430255671,1,9,0,1,0,1,0,0,0,0,1,1,1,1,49,8,-1,-1,-1,6,2,6
2016430255671,2,1,0,4,0,2,0,0,0,0,1,1,2,1,45,7,-1,-1,-1,10,1,10
2016430255672,1,9,0,18,0,1,0,0,4,0,1,1,6,1,28,6,3999,1,5,5,1,5
2016430255672,2,9,0,3,0,8,0,0,0,0,4,1,6,1,39,7,1956,2,1,5,1,5
2016430255672,3,9,0,18,0,1,0,0,0,0,2,1,6,1,35,6,1149,1,10,3,1,3
2016430255672,4,9,0,3,0,8,0,0,0,0,4,1,6,1,-1,-1,1685,2,2,8,1,8
2016430255790,1,9,0,18,0,0,0,0,0,0,1,1,6,1,22,5,875,1,4,-1,-1,-1
2016430255790,2,9,0,18,0,0,0,0,0,0,2,1,6,2,35,6,1968,2,1,-1,-1,-1
2016430256232,1,9,0,16,0,0,0,0,0,0,1,1,6,1,23,5,1397,1,4,10,1,10
2016430256232,2,9,0,16,0,0,0,0,0,0,2,1,6,1,32,6,2979,1,8,10,1,10
2016430256247,1,9,0,9,0,8,0,0,0,0,3,1,6,1,29,6,1896,2,15,8,1,8
2016430256247,2,3,0,18,0,1,0,0,0,0,1,1,2,1,18,4,125,1,1,2,1,2
2016430256249,1,9,0,9,0,8,0,0,0,0,3,1,6,1,63,9,1968,2,8,3,1,3
2016430256249,2,9,0,18,0,8,0,0,0,0,3,1,6,1,42,7,1968,2,12,10,2,10
2016430256255,1,9,0,18,0,4,0,0,0,0,1,1,1,1,46,8,1968,2,9,5,1,5
2016430256255,2,1,0,18,0,8,0,0,0,0,4,1,1,2,53,8,-1,-1,-1,5,1,5
2016430256309,1,9,0,17,0,8,0,0,0,0,1,1,6,1,-1,-1,2995,1,4,-1,-1,-1
2016430256416,1,9,0,18,0,4,2,9,0,0,1,1,6,1,48,8,1598,1,12,5,1,5
2016430256444,1,8,0,18,0,4,0,0,0,0,1,1,1,1,34,6,1798,8,-1,1,1,1
2016430256444,2,1,0,18,0,8,0,0,0,0,4,1,1,1,28,6,-1,-1,-1,2,1,2
2016430256499,1,9,0,14,0,0,0,0,0,0,4,1,6,2,70,10,999,1,2,8,3,8
2016430256499,2,1,0,14,0,0,0,0,0,0,3,1,6,1,67,10,-1,-1,-1,-1,-1,-1
2016430256499,3,9,0,2,0,0,0,0,0,0,0,1,6,3,-1,-1,-1,-1,-1,-1,-1,-1
2016430256936,1,9,0,18,0,5,0,0,0,0,3,2,6,1,-1,-1,-1,-1,-1,-1,-1,-1
2016430256936,2,9,0,18,0,8,0,0,0,0,4,1,6,1,62,9,1198,1,5,8,2,8
2016430257219,1,9,0,18,0,4,0,0,0,0,1,1,6,1,72,10,1229,1,8,4,1,4
2016430257219,2,9,0,9,0,8,0,0,0,0,0,1,6,2,20,4,1199,1,12,9,1,9
2016430257219,3,9,0,18,0,8,0,0,0,0,3,1,6,2,24,5,1329,1,1,1,1,1
2016430257507,1,9,0,18,0,0,0,6,0,0,1,1,6,1,26,6,1598,2,4,-1,-1,-1
2016430257515,1,9,0,18,0,0,0,0,0,0,1,1,2,1,40,7,1397,1,5,10,1,10
2016430257520,1,9,0,18,0,1,0,0,0,0,1,1,6,1,23,5,3189,1,10,3,1,3
2016430257520,2,9,0,9,0,5,0,0,0,0,1,1,6,1,25,5,1197,1,1,5,3,5
2016430257521,1,8,0,18,0,1,0,0,0,0,1,1,1,1,53,8,-1,-1,-1,3,1,3
2016430257521,2,9,0,10,0,1,0,0,0,0,2,1,6,1,20,4,1229,1,11,4,1,4
2016430257526,1,9,0,14,0,0,0,0,0,0,4,1,6,3,-1,-1,-1,-1,-1,-1,-1,-1
2016430257526,2,9,0,2,0,0,0,0,0,0,0,1,1,2,50,8,1839,1,11,9,1,9
2016430257554,1,9,0,9,0,5,0,0,0,0,4,1,6,1,39,7,1360,1,12,7,3,7
2016430257554,2,9,0,18,0,1,0,0,0,0,1,1,6,2,22,5,1229,1,8,10,1,10
2016430257555,1,9,0,18,0,0,0,0,0,0,1,1,6,2,44,7,1398,1,-1,5,1,5
2016430257559,1,9,0,11,0,0,0,0,0,0,4,1,6,1,-1,-1,1896,2,7,7,1,7
2016430257559,2,3,0,18,0,0,0,0,0,0,3,1,3,1,54,8,-1,-1,-1,4,3,4
2016430257572,1,10,0,14,0,1,0,0,0,0,1,1,6,3,-1,-1,-1,-1,-1,-1,-1,-1
2016430257572,2,9,0,2,6,1,0,0,0,0,2,1,6,1,27,6,1587,1,18,10,1,10
2016430257573,1,9,0,17,0,0,2,0,1,4,4,1,6,1,59,9,1124,1,13,10,1,10
2016430257612,1,19,0,9,0,3,0,0,0,0,1,1,1,1,30,6,-1,-1,-1,9,1,9
2016430257627,1,3,0,9,0,2,5,0,0,0,1,1,2,1,17,4,124,1,8,8,1,8
2016430257627,2,9,0,7,0,2,0,0,0,0,1,1,2,1,68,10,-1,-1,-1,10,1,10
2016430257635,1,9,0,18,0,0,0,0,7,0,1,1,2,2,35,6,796,1,7,7,1,7
2016430257635,2,8,0,18,0,0,0,0,0,0,1,1,1,2,33,6,1339,8,5,8,1,8
2016430257659,1,9,0,18,0,1,1,0,1,7,4,1,6,1,21,5,1299,1,11,8,1,8
2016430257661,1,19,0,18,0,0,0,0,0,0,0,1,1,1,29,6,1870,2,12,7,1,7
2016430257733,1,21,0,18,0,0,0,0,0,0,1,1,1,1,30,6,12777,2,7,9,1,9
2016430257733,2,9,0,4,0,0,0,0,0,0,2,1,6,1,29,6,2354,1,11,4,1,4
2016430257803,1,8,0,18,0,1,1,0,7,2,1,1,1,1,37,7,2499,2,5,-1,-1,-1
2016430257848,1,9,0,4,0,0,0,0,0,0,1,1,6,1,18,4,973,1,13,-1,1,-1
2016430257848,2,9,0,4,0,0,0,0,0,0,2,1,6,1,30,6,2188,2,9,8,1,8
2016430257848,3,9,0,3,0,0,0,0,0,0,2,1,6,1,45,7,1986,2,8,6,1,6
2016430257965,1,9,0,18,0,0,1,10,1,4,3,1,2,2,28,6,1339,1,8,3,1,3
2016430257965,2,9,0,18,0,0,0,0,0,0,3,1,2,1,43,7,-1,-1,-1,9,1,9
2016430260140,1,9,0,18,0,0,0,0,0,0,1,1,6,1,51,8,1242,1,4,10,1,10
2016430260140,2,9,0,3,0,0,0,0,0,0,2,1,6,1,48,8,-1,-1,-1,10,1,10
2016430260142,1,9,0,9,0,5,0,0,0,0,4,1,6,1,18,4,1149,1,5,10,1,10
2016430260142,2,9,0,18,0,8,0,0,0,0,1,1,6,2,29,6,1086,1,8,2,1,2
2016430260148,1,9,0,18,0,0,0,0,0,0,1,1,6,3,83,11,1596,1,12,4,1,4
2016430260148,2,21,0,3,0,0,0,0,0,0,2,1,1,1,51,8,-1,-1,-1,-1,-1,-1
2016430260153,1,9,0,18,0,8,0,0,0,0,1,1,6,2,28,6,1598,1,11,2,1,2
2016430260153,2,9,0,9,0,5,0,0,0,0,1,1,6,1,26,6,1910,2,10,2,1,2
2016430260175,1,9,0,16,0,0,0,0,2,2,4,1,6,1,39,7,1796,1,10,10,3,10
2016430260179,1,1,0,7,0,2,0,0,0,0,1,1,6,1,47,8,-1,-1,-1,4,1,4
2016430260187,1,9,0,18,0,2,0,0,0,0,0,1,6,3,-1,-1,-1,-1,-1,-1,-1,-1
2016430260187,2,9,0,18,0,1,0,0,7,1,1,1,6,2,43,7,1900,2,10,2,1,2
2016430260210,1,9,0,9,0,6,0,0,0,0,1,1,6,2,19,4,998,1,5,7,3,7
2016430260210,2,9,0,18,0,8,0,0,0,0,1,1,1,1,54,8,1994,1,5,10,2,10
2016430260210,3,19,0,7,0,5,0,0,0,0,0,1,6,3,-1,-1,-1,-1,-1,-1,-1,-1
2016430260288,1,9,0,18,0,0,1,0,0,0,1,1,6,2,17,4,1199,1,15,8,1,8
2016430260289,1,9,0,18,0,0,0,0,0,0,1,1,6,1,28,6,1997,1,12,-1,-1,-1
2016430260289,2,9,0,18,0,0,0,0,0,0,2,1,6,2,43,7,-1,-1,-1,5,1,5
2016430260289,3,9,0,18,0,0,0,0,0,0,2,1,6,1,39,7,1896,2,14,4,1,4
2016430260294,1,19,0,18,0,0,0,0,0,0,1,1,2,1,60,9,2143,2,4,9,1,9
2016430260294,2,9,0,18,0,0,1,0,0,0,2,1,6,1,18,4,1360,1,11,10,1,10
2016430260397,1,9,0,5,0,0,0,0,0,0,4,1,6,2,75,10,1339,1,6,7,1,7
2016430260415,1,9,0,18,0,4,0,9,3,1,1,1,2,1,59,9,-1,-1,-1,5,1,5