Accident_Index,Vehicle_Reference,Vehicle_Type,Towing_and_Articulation,Vehicle_Manoeuvre,Vehicle_Location-Restricted_Lane,Junction_Location,Skidding_and_Overturning,Hit_Object_in_Carriageway,Vehicle_Leaving_Carriageway,Hit_Object_off_Carriageway,1st_Point_of_Impact,Was_Vehicle_Left_Hand_Drive?,Journey_Purpose_of_Driver,Sex_of_Driver,Age_of_Driver,Age_Band_of_Driver,Engine_Capacity_(CC),Propulsion_Code,Age_of_Vehicle,Driver_IMD_Decile,Driver_Home_Area_Type,Vehicle_IMD_Decile
2016430260440,1,9,0,7,0,4,0,0,0,0,3,1,6,1,66,10,1997,1,9,5,1,5
2016430260440,2,9,0,18,0,8,0,0,0,0,1,1,6,1,26,6,1998,1,5,8,2,8
2016430260516,1,9,0,18,0,0,0,0,0,0,4,1,6,1,-1,-1,-1,-1,-1,-1,-1,-1
2016430260816,1,9,0,9,0,5,0,0,0,0,3,1,6,1,18,4,998,1,2,3,1,3
2016430260816,2,20,0,18,0,8,0,0,0,0,1,1,6,1,65,9,4580,2,17,-1,-1,-1
2016430261242,1,9,0,7,0,5,0,0,1,0,2,1,6,2,70,10,1318,1,-1,10,1,10
2016430261242,2,11,0,18,2,8,0,0,0,0,1,1,1,1,30,6,4500,2,6,10,1,10
2016430261250,1,9,0,9,0,6,0,0,0,0,4,1,6,1,75,10,1968,2,4,8,3,8
2016430261250,2,5,0,18,0,1,1,0,1,0,3,1,6,1,50,8,998,1,12,10,1,10
2016430261296,1,9,0,17,0,0,2,0,7,9,1,1,1,1,42,7,1769,1,12,5,1,5
2016430261302,1,3,0,13,0,8,1,0,7,10,4,1,6,1,19,4,125,1,1,6,1,6
2016430261302,2,9,0,9,0,5,0,0,0,0,1,1,6,2,43,7,1329,1,6,9,1,9
2016430261383,1,9,0,9,0,0,0,0,0,0,3,1,6,1,54,8,1398,1,3,3,1,3
2016430261383,2,3,0,18,0,0,0,0,0,0,1,1,6,1,19,4,124,1,3,3,1,3
2016430261387,1,9,0,9,0,6,1,0,0,0,3,1,6,2,77,11,1339,1,2,10,1,10
2016430261387,2,9,0,5,0,8,0,0,0,0,1,1,6,1,32,6,2993,2,8,8,1,8
2016430261393,1,1,0,18,0,1,0,0,0,0,1,1,6,1,29,6,-1,-1,-1,7,1,7
2016430261393,2,9,0,8,0,1,0,0,0,0,4,1,6,1,25,5,1368,1,7,-1,-1,-1
2016430261405,1,9,0,18,0,4,0,0,0,0,1,1,6,2,58,9,1598,1,12,8,1,8
2016430261405,2,9,0,9,0,8,0,0,0,0,1,1,6,2,60,9,-1,-1,-1,9,3,9
2016430261420,1,9,0,9,0,5,0,0,0,1,1,1,6,2,36,7,1896,2,13,6,1,6
2016430261420,2,9,0,18,0,8,0,0,0,0,1,1,6,1,34,6,1598,2,2,-1,1,-1
2016430261463,1,9,0,18,0,0,0,0,0,0,1,1,1,1,21,5,1229,1,7,-1,-1,-1
2016430261463,2,1,0,18,0,0,0,0,0,0,2,1,6,2,37,7,-1,-1,-1,9,3,9
2016430261467,1,9,0,18,0,0,0,0,0,0,1,1,6,1,26,6,2148,2,13,-1,-1,-1
2016430261467,2,19,0,4,0,0,0,0,0,0,2,1,1,1,31,6,2198,2,6,7,1,7
2016430261473,1,4,0,17,0,0,0,0,1,0,1,1,1,1,22,5,398,1,25,10,1,10
2016430261473,2,19,0,2,0,0,0,0,0,0,2,1,1,1,56,9,2298,2,-1,8,2,8
2016430261512,1,9,0,7,0,2,2,0,7,2,3,1,6,1,18,4,1149,1,11,-1,-1,-1
2016430261522,1,3,0,4,0,0,0,0,0,0,1,1,2,1,26,6,124,1,5,10,1,10
2016430261522,2,9,0,4,0,0,1,0,0,0,2,1,2,2,48,8,3456,8,5,9,3,9
2016430261563,1,9,0,7,0,4,0,0,0,0,1,1,6,1,49,8,1560,2,6,10,1,10
2016430261563,2,1,0,7,0,4,0,0,0,0,2,1,6,1,30,6,-1,-1,-1,9,1,9
2016430261563,3,9,0,18,0,8,0,0,0,0,0,1,6,3,-1,-1,-1,-1,-1,-1,-1,-1
2016430261575,1,4,0,7,0,3,1,0,0,0,1,1,6,1,62,9,1050,1,1,7,1,7
2016430261575,2,9,0,17,0,8,0,0,0,0,1,1,6,1,38,7,2198,1,12,9,1,9
2016430261597,1,1,0,18,0,8,0,0,3,0,1,1,6,1,16,4,-1,-1,-1,5,1,5
2016430261597,2,9,0,9,0,5,0,0,0,0,1,1,6,1,52,8,1995,2,13,6,1,6
2016430261663,1,9,0,18,0,1,0,0,0,0,1,1,2,1,57,9,-1,-1,-1,10,1,10
2016430261663,2,9,0,9,0,5,0,0,0,0,1,1,2,1,44,7,1598,2,1,-1,-1,-1
2016430261727,1,9,0,18,0,0,0,0,0,0,1,1,6,1,75,10,1061,1,12,-1,-1,-1
2016430261803,1,19,0,1,0,0,0,0,0,0,2,1,1,1,34,6,2287,2,-1,3,1,3
2016430261803,2,1,0,3,0,0,0,0,0,0,1,1,6,1,49,8,-1,-1,-1,9,1,9
2016430262307,1,9,0,18,0,0,0,0,0,0,1,1,6,1,25,5,1995,2,3,9,3,9
2016430262316,1,9,0,18,0,0,0,0,0,0,1,1,6,1,33,6,1998,1,9,-1,-1,-1
2016430262316,2,1,0,18,0,0,0,0,0,0,3,1,6,1,29,6,-1,-1,-1,10,1,10
2016430262320,1,97,0,18,0,0,0,0,0,0,1,1,6,1,-1,-1,-1,-1,-1,-1,-1,-1
2016430262329,1,9,0,18,0,2,0,0,0,0,3,1,6,1,38,7,-1,-1,-1,6,1,6
2016430262331,1,9,0,18,0,0,0,0,0,0,4,1,6,2,-1,-1,-1,-1,-1,-1,-1,-1
2016430262349,1,19,0,11,0,0,0,0,0,0,1,1,1,1,27,6,-1,-1,-1,3,1,3
2016430262349,2,9,0,18,0,0,0,0,1,0,2,1,6,1,61,9,1598,1,9,10,2,10
2016430262363,1,9,0,5,0,4,1,0,7,11,1,1,6,1,26,6,2698,2,8,7,1,7
2016430262405,1,9,0,7,0,6,0,0,0,0,3,1,2,1,-1,-1,-1,-1,-1,6,1,6
2016430262405,2,1,0,18,0,8,0,0,0,0,1,1,2,1,33,6,-1,-1,-1,8,1,8
2016430262406,1,9,0,9,0,5,0,0,0,0,1,1,1,2,31,6,2993,2,4,10,1,10
2016430262406,2,19,0,18,0,8,0,0,0,0,1,1,1,1,29,6,2143,2,6,6,1,6
2016430262435,1,9,0,4,0,1,0,0,0,0,1,1,6,2,19,4,1124,1,15,10,1,10
2016430262437,1,9,0,18,0,5,0,0,0,0,1,1,6,1,56,9,1896,2,14,3,1,3
2016430262437,2,1,0,15,4,8,1,0,0,0,3,1,6,1,58,9,-1,-1,-1,4,1,4
2016430262437,3,11,0,3,0,1,0,0,0,0,0,1,1,3,-1,-1,-1,-1,-1,-1,-1,-1
2016430262438,1,9,0,4,0,0,0,0,0,0,1,1,6,1,29,6,1796,1,7,5,1,5
2016430262438,2,9,0,4,0,0,0,0,0,0,2,1,2,2,49,8,1598,2,2,9,1,9
2016430262438,3,8,0,4,0,0,0,0,0,0,2,1,1,1,36,7,-1,-1,-1,7,1,7
2016430262438,4,9,0,4,0,0,0,0,0,0,2,1,6,1,-1,-1,2143,2,5,-1,-1,-1
2016430262473,1,9,0,18,0,1,0,0,0,0,1,1,6,2,22,5,1360,1,8,9,1,9
2016430262473,2,9,0,10,0,1,0,0,0,0,2,1,6,1,87,11,1590,1,12,9,1,9
2016430262491,1,9,0,9,0,6,0,0,0,0,0,1,6,1,47,8,1598,1,4,3,1,3
2016430262491,2,5,0,18,0,8,1,0,0,0,1,1,6,1,55,8,2294,1,9,10,2,10
2016430262519,1,5,0,18,0,0,0,0,0,0,0,1,6,1,24,5,-1,-1,-1,9,3,9
2016430262520,1,3,0,18,0,4,0,0,0,0,3,1,6,1,34,6,124,1,-1,6,1,6
2016430262520,2,9,0,18,0,4,0,0,0,0,4,1,6,1,71,10,2179,2,2,10,1,10
2016430262568,1,9,0,18,0,0,0,0,0,0,1,1,6,2,20,4,1596,1,13,9,3,9
2016430262568,2,9,0,11,0,0,0,0,0,0,2,1,2,1,44,7,1798,8,3,3,1,3
2016430262586,1,8,0,9,0,6,0,0,0,0,1,1,1,1,57,9,2143,2,2,6,1,6
2016430262586,2,9,0,18,0,8,0,0,1,10,4,1,1,2,37,7,1248,1,4,3,1,3
2016430262590,1,20,0,18,0,1,1,0,0,0,1,1,1,1,23,5,2143,2,6,4,1,4
2016430262590,2,9,0,4,0,1,0,0,0,0,2,1,6,1,24,5,1968,2,6,10,2,10
2016430262590,3,9,0,9,0,5,0,0,0,0,0,1,6,3,-1,-1,-1,-1,-1,-1,-1,-1
2016430262599,1,1,0,18,0,1,0,0,0,0,3,1,2,1,32,6,-1,-1,-1,6,1,6
2016430262599,2,9,0,4,0,1,0,0,0,0,1,1,2,1,55,8,2191,2,3,9,1,9
2016430262601,1,9,0,5,0,0,0,0,0,0,1,1,6,2,30,6,1496,2,1,-1,-1,-1
2016430262601,2,9,0,3,0,0,0,0,0,0,2,1,6,2,44,7,998,1,-1,9,1,9
2016430262601,3,9,0,3,0,0,0,0,0,0,2,1,6,1,40,7,1797,8,6,-1,-1,-1
2016430262607,1,9,0,9,0,5,0,0,0,0,1,1,6,1,26,6,1598,1,12,5,1,5
2016430262607,2,9,0,18,0,8,0,0,0,0,3,1,6,1,26,6,1595,1,5,5,1,5
2016430262659,1,9,0,15,0,8,0,0,0,0,4,1,6,1,21,5,1242,1,13,4,1,4
2016430262659,2,1,0,18,0,2,0,0,0,0,2,1,6,2,35,6,-1,-1,-1,8,1,8
2016430262659,3,9,0,9,0,5,0,0,0,0,0,1,6,3,-1,-1,-1,-1,-1,-1,-1,-1
2016430262698,1,9,0,16,0,2,1,0,7,0,3,1,6,2,51,8,1198,1,14,9,3,9
2016430262698,2,9,0,18,0,1,0,0,0,0,1,1,6,2,51,8,1794,1,8,10,1,10
2016430262756,1,9,0,18,0,0,0,0,0,0,4,1,6,3,-1,-1,-1,-1,-1,-1,-1,-1
2016430262756,2,1,0,18,0,0,0,0,0,0,2,1,3,1,17,4,-1,-1,-1,10,1,10
2016430262948,1,21,1,11,0,0,0,0,0,0,1,1,1,1,40,7,12900,2,8,6,1,6
2016430262948,2,9,0,12,0,0,0,0,2,7,1,1,6,2,37,7,1596,1,9,5,1,5
2016430262948,3,9,0,18,0,0,0,0,0,0,4,1,6,1,22,5,1329,1,-1,-1,-1,-1
2016430263557,1,9,0,13,0,1,0,0,0,0,4,1,6,1,54,8,-1,-1,-1,-1,-1,-1
2016430263557,2,1,0,18,0,1,0,0,0,0,3,1,6,1,28,6,-1,-1,-1,-1,-1,-1
2016430263565,1,9,0,18,0,2,2,0,1,9,4,1,6,1,70,10,1796,1,13,9,2,9
2016430263582,1,9,0,9,0,8,0,10,7,0,3,1,6,1,27,6,2993,2,-1,10,1,10
2016430263582,2,5,0,14,0,1,1,0,0,0,1,1,6,1,39,7,748,1,3,9,1,9
2016430263600,1,1,0,18,0,1,1,0,0,0,1,1,6,1,18,4,-1,-1,-1,2,1,2
2016430263600,2,9,0,8,0,1,0,0,0,0,4,1,6,1,25,5,1390,1,2,10,1,10
2016430263685,1,9,0,1,0,0,0,0,0,0,2,1,6,2,20,4,1198,1,5,8,1,8
2016430263719,1,9,0,9,0,6,0,0,0,0,4,1,6,1,-1,-1,-1,-1,-1,-1,-1,-1
2016430263721,1,9,0,5,0,1,0,0,0,0,4,1,6,1,31,6,1596,1,9,10,1,10
2016430263721,2,1,0,5,0,1,0,0,0,0,3,1,6,1,39,7,-1,-1,-1,9,1,9
2016430263730,1,5,0,4,0,1,1,0,0,0,1,1,6,1,43,7,997,1,14,9,1,9
2016430263730,2,9,4,9,0,8,0,0,0,0,2,1,2,1,63,9,2953,2,14,-1,-1,-1
2016430263751,1,9,0,18,0,1,1,10,1,0,2,1,2,1,27,6,1995,2,12,8,1,8
2016430263751,2,9,0,18,0,2,0,0,0,0,1,1,6,1,74,10,1598,1,7,10,1,10
2016430263762,1,9,0,18,0,2,0,0,0,0,1,1,6,1,83,11,2494,1,17,-1,-1,-1
2016430263762,2,1,0,18,0,2,0,0,0,0,1,1,6,1,12,3,-1,-1,-1,-1,-1,-1
2016430263775,1,9,0,18,0,0,0,7,0,0,1,1,6,1,24,5,-1,-1,-1,8,1,8
2016430263802,1,9,4,3,0,0,0,0,0,0,2,1,6,1,55,8,-1,-1,-1,-1,-1,-1
2016430263821,1,3,0,18,0,8,1,0,0,0,1,1,6,1,31,6,125,1,8,10,1,10
2016430263821,2,9,0,4,0,8,0,0,0,0,2,1,6,2,36,7,1968,2,1,10,1,10
2016430263822,1,9,0,9,0,2,0,0,0,0,1,1,3,2,32,6,1968,1,10,6,1,6
2016430263822,2,1,0,5,0,6,0,0,0,0,4,1,4,1,16,4,-1,-1,-1,8,1,8
2016430263843,1,9,0,13,0,0,1,0,0,0,4,1,6,1,23,5,3239,1,20,7,1,7
2016430263843,2,9,0,18,0,0,0,0,1,0,1,1,2,2,49,8,1149,1,2,10,1,10
2016430263891,1,9,0,1,0,8,0,0,0,0,2,1,6,1,40,7,-1,-1,-1,-1,-1,-1
2016430263891,2,1,0,18,0,8,0,0,0,0,1,1,6,1,51,8,-1,-1,-1,4,1,4
2016430263920,1,9,0,18,6,1,0,0,0,0,1,1,2,1,33,6,1896,2,10,1,1,1
2016430263920,2,19,0,2,6,1,0,0,0,0,2,1,6,1,36,7,2402,2,12,1,1,1
2016430264137,1,9,0,18,0,0,0,0,0,0,4,1,6,2,55,8,-1,-1,-1,-1,-1,-1
2016430264247,1,9,0,18,0,0,0,0,1,4,1,1,6,1,21,5,1598,1,10,10,1,10
2016430264247,2,9,0,18,0,0,0,0,1,0,2,1,6,1,55,8,1995,2,2,4,1,4
2016430264251,1,9,0,9,0,8,0,0,0,0,1,1,6,1,41,7,1999,1,13,9,1,9
2016430264251,2,9,0,18,0,8,0,0,1,0,3,1,6,2,35,6,1984,1,9,9,1,9
2016430264349,1,9,0,18,0,0,0,0,0,0,4,1,6,1,30,6,-1,-1,-1,-1,-1,-1
2016430264349,2,1,0,18,7,0,0,0,1,0,3,1,6,1,12,3,-1,-1,-1,10,1,10
2016430264383,1,9,0,9,0,6,0,0,0,0,3,1,2,1,64,9,1910,2,8,5,1,5
2016430264383,2,3,0,13,0,8,1,0,0,0,1,1,2,1,41,7,114,1,2,10,2,10
2016430264794,1,9,0,17,0,0,0,0,1,4,1,1,6,1,21,5,1242,1,17,2,1,2
2016430264798,1,9,0,9,0,6,0,0,0,0,0,1,1,1,29,6,2400,2,3,8,1,8
2016430264798,2,9,0,9,0,6,0,0,0,0,1,1,6,1,-1,-1,1781,1,16,-1,-1,-1
2016430264798,3,9,0,18,0,8,0,0,1,0,2,1,6,2,34,6,1968,2,10,4,1,4
2016430264812,1,9,0,18,0,0,0,0,0,0,1,1,6,1,78,11,1197,1,2,10,1,10
2016430264812,2,9,0,4,0,0,0,0,0,0,2,1,6,1,32,6,1598,2,4,10,1,10
2016430264812,3,9,0,4,0,0,0,0,0,0,2,1,6,1,54,8,1595,1,6,10,1,10
2016430264843,1,9,0,18,0,8,1,0,0,0,1,1,6,1,-1,-1,2188,2,10,7,1,7
2016430264843,2,9,0,10,0,1,0,0,0,0,2,1,6,1,55,8,1390,1,10,9,1,9
2016430264846,1,4,0,18,0,0,1,0,0,0,1,1,6,1,53,8,-1,-1,-1,9,3,9
2016430264849,1,5,0,17,0,0,1,0,1,9,0,1,6,2,55,8,1043,1,-1,7,2,7
2016430264887,1,21,1,12,0,0,0,0,0,0,3,2,1,1,50,8,-1,-1,-1,-1,-1,-1
2016430264887,2,9,0,18,0,0,0,0,0,0,4,1,2,2,65,9,1498,1,10,10,1,10
2016430264888,1,9,0,6,0,0,0,0,0,0,3,1,6,1,52,8,2993,2,6,6,2,6
2016430264888,2,5,0,18,0,0,0,0,0,0,1,1,6,1,39,7,1084,1,14,8,1,8
2016430264900,1,9,0,5,0,4,0,0,0,0,0,1,6,3,-1,-1,-1,-1,-1,-1,-1,-1
2016430264900,2,3,0,9,0,8,0,0,0,0,0,1,6,2,18,4,125,1,-1,5,1,5
2016430264912,1,9,0,7,0,2,0,0,0,0,4,1,2,1,34,6,1598,2,-1,7,1,7
2016430264912,2,1,0,15,0,2,0,0,0,0,1,1,2,1,28,6,-1,-1,-1,8,1,8
2016430264914,1,1,0,18,0,0,0,0,0,0,1,1,6,2,-1,-1,-1,-1,-1,-1,-1,-1
2016430264962,1,9,0,9,0,6,0,0,0,0,1,1,6,1,-1,-1,-1,-1,-1,-1,-1,-1
2016430265002,1,9,0,5,0,1,0,0,0,0,1,1,6,2,26,6,1398,1,5,2,1,2
2016430265002,2,9,0,3,0,1,0,0,0,0,2,1,6,1,55,8,1598,1,1,6,2,6
2016430265025,1,19,0,16,0,0,0,0,0,0,1,1,1,1,24,5,-1,-1,-1,-1,-1,-1
2016430265025,2,9,0,17,0,0,0,0,7,0,1,1,2,2,27,6,1896,2,8,9,1,9
2016430265048,1,9,0,18,0,4,0,0,0,0,1,1,6,1,-1,-1,1991,2,8,-1,-1,-1
2016430265048,2,1,0,18,0,3,0,0,0,0,4,1,6,1,46,8,-1,-1,-1,8,1,8
2016430267540,1,9,0,18,0,0,0,0,5,1,3,1,6,1,27,6,1200,1,-1,2,1,2
2016430267540,2,9,0,18,0,0,0,0,0,0,0,1,6,1,29,6,2993,2,1,2,1,2
2016430267541,1,9,0,18,0,0,1,0,0,0,1,1,6,1,42,7,1596,1,14,9,1,9
2016430267541,2,9,0,18,0,0,0,0,0,0,2,1,6,2,26,6,1984,1,-1,7,1,7
2016430267561,1,9,0,18,0,0,0,0,5,6,1,1,2,2,18,4,1229,1,8,3,1,3
2016430267565,1,9,0,9,0,2,0,0,0,0,1,1,6,2,20,4,-1,-1,-1,7,1,7
2016430267565,2,1,0,5,0,1,0,0,0,0,1,1,6,1,45,7,-1,-1,-1,5,1,5
2016430267568,1,9,0,18,0,8,0,0,0,0,1,1,6,1,73,10,1339,1,10,9,3,9
2016430267568,2,1,0,18,0,4,0,0,0,0,3,1,6,2,63,9,-1,-1,-1,10,3,10
2016430267572,1,9,0,14,0,0,0,0,0,0,4,1,1,1,36,7,1968,2,4,3,1,3
2016430267582,1,3,0,18,0,1,1,0,0,0,0,1,6,1,38,7,125,1,8,9,1,9
2016430267582,2,9,0,4,0,1,0,0,0,0,0,1,6,3,-1,-1,-1,-1,-1,-1,-1,-1
2016430267617,1,9,0,9,0,1,0,0,7,0,4,1,6,2,40,7,1968,2,-1,10,2,10
2016430267617,2,1,0,18,0,1,0,0,0,0,1,1,6,1,25,5,-1,-1,-1,8,1,8
2016430267622,1,3,0,9,0,8,1,0,0,0,3,1,6,1,30,6,124,1,10,7,3,7
2016430267623,1,9,0,17,0,8,0,0,0,0,3,1,6,1,-1,-1,-1,-1,-1,-1,-1,-1
2016430267623,2,9,0,17,0,8,0,0,1,2,4,1,6,2,-1,-1,-1,-1,-1,-1,-1,-1
2016430267658,1,9,0,9,0,4,0,0,0,0,3,1,2,1,40,7,-1,-1,-1,-1,-1,-1
2016430267658,2,1,0,18,0,8,0,0,0,0,1,1,2,1,40,7,-1,-1,-1,-1,-1,-1
2016430267699,1,9,0,16,0,0,0,0,0,0,1,1,2,1,36,7,1753,2,13,8,1,8
2016430267699,2,19,0,17,0,0,0,0,1,0,3,1,2,1,36,7,1598,2,1,8,3,8
2016430267716,1,9,0,9,0,5,0,0,0,0,1,1,1,1,27,6,1461,2,-1,9,1,9
2016430267716,2,9,0,18,0,8,0,0,0,0,1,1,6,1,39,7,2204,2,10,10,1,10
2016430267719,1,21,4,12,0,0,0,0,0,0,1,2,6,1,59,9,-1,-1,-1,-1,-1,-1
2016430267719,2,9,0,18,0,0,2,0,1,0,2,1,6,1,72,10,1598,1,2,9,1,9
2016430267723,1,3,0,15,0,8,0,0,1,0,1,1,6,1,19,4,125,1,1,10,1,10
2016430267723,2,9,0,7,0,8,0,0,0,0,4,1,6,2,24,5,2521,1,9,10,1,10
2016430267803,1,9,0,18,0,1,0,0,0,0,1,1,6,1,-1,-1,-1,-1,-1,-1,-1,-1
2016430267803,2,9,0,3,0,1,0,0,0,0,2,1,6,1,48,8,1242,1,1,5,1,5
2016430268153,1,1,0,13,0,0,0,0,0,0,1,1,6,1,48,8,-1,-1,-1,10,1,10
2016430268153,2,9,0,18,0,0,0,0,0,0,3,1,6,1,28,6,1995,2,4,2,1,2
2016430268760,1,9,0,12,0,8,1,0,0,0,3,1,6,2,36,7,1799,1,19,-1,-1,-1
2016430268760,2,9,0,13,0,8,2,0,4,0,1,1,6,2,39,7,1598,1,6,5,1,5
2016430268764,1,9,0,4,0,0,1,0,0,0,1,1,6,1,36,7,1149,1,6,3,1,3
2016430268764,2,19,0,4,0,0,0,0,0,0,2,1,6,2,49,8,-1,-1,-1,8,1,8
2016430268773,1,9,0,18,0,0,1,0,0,0,1,1,1,1,42,7,-1,-1,-1,3,1,3
2016430268773,2,19,0,18,0,0,0,0,1,0,1,1,1,1,24,5,2287,2,5,6,3,6
2016430268780,1,9,0,18,0,0,0,11,0,0,1,1,6,1,32,6,1798,1,2,5,1,5
2016430268783,1,9,0,11,0,8,0,0,0,0,2,1,6,2,68,10,1998,1,14,3,1,3
2016430268783,2,5,0,16,0,8,0,10,0,0,1,1,6,1,61,9,1199,1,14,10,1,10
2016430268785,1,9,0,18,0,0,0,0,0,0,1,1,2,1,38,7,1598,1,6,4,1,4
2016430268785,2,9,0,4,0,0,0,0,0,0,2,1,2,1,35,6,1598,1,16,8,1,8
2016430268798,1,9,0,9,0,8,0,0,0,0,1,1,2,2,67,10,1598,2,-1,10,1,10
2016430268805,1,9,0,9,0,5,0,0,0,0,1,1,6,1,20,4,998,1,4,-1,-1,-1
2016430268805,2,1,0,18,0,8,1,0,0,0,3,1,1,1,43,7,-1,-1,-1,7,3,7
2016430268815,1,9,0,18,0,0,0,0,0,0,1,1,6,2,47,8,2499,2,14,-1,-1,-1
2016430268871,1,9,0,9,0,5,0,0,0,0,1,1,6,2,86,11,1600,1,11,10,1,10
2016430268871,2,9,0,18,0,8,0,7,0,0,1,1,6,1,56,9,1998,1,5,9,1,9
2016430268877,1,19,0,12,0,4,0,0,0,0,0,1,6,1,49,8,2143,2,4,9,2,9
2016430268877,2,5,0,13,0,4,1,0,0,0,0,1,2,1,29,6,749,1,5,8,1,8
2016430268886,1,9,0,18,0,0,0,0,0,0,3,1,3,2,64,9,1587,1,10,6,2,6
2016430268908,1,9,0,18,0,8,1,0,1,0,1,1,6,1,19,4,1595,1,6,9,1,9
2016430268923,1,9,0,6,0,8,0,0,0,0,3,1,1,2,50,8,-1,-1,-1,3,1,3
2016430268923,2,3,0,9,0,3,0,0,0,0,1,1,2,1,26,6,124,1,-1,10,1,10
2016430268938,1,8,0,5,0,2,0,0,0,0,3,1,6,1,45,7,1798,8,3,3,1,3
2016430268938,2,2,0,14,0,2,0,0,0,0,4,1,6,1,31,6,50,1,1,3,1,3
2016430268939,1,1,0,18,0,8,0,0,0,0,1,1,6,1,20,4,-1,-1,-1,3,1,3
2016430268939,2,9,0,4,0,1,0,0,0,0,4,1,6,2,50,8,2996,1,8,9,1,9
2016430268948,1,21,1,18,0,0,0,6,0,0,4,1,1,1,60,9,12902,2,2,1,1,1
2016430268997,1,9,0,13,0,0,2,0,7,0,3,1,6,2,30,6,5000,1,2,8,3,8
2016430269060,1,9,0,5,0,6,0,0,0,0,3,1,1,1,59,9,1598,2,2,9,2,9
2016430269060,2,9,0,17,0,8,0,0,0,0,1,1,1,2,47,8,998,1,14,8,1,8
2016430269091,1,9,0,18,0,1,0,0,0,0,1,1,6,1,-1,-1,-1,-1,-1,-1,-1,-1
2016430269091,2,9,0,3,0,1,0,0,0,0,2,1,6,2,52,8,1762,1,18,10,1,10
2016430269102,1,9,0,5,0,8,0,0,0,0,1,1,2,1,39,7,1339,1,13,5,1,5
2016430269102,2,3,0,5,0,8,0,0,0,0,2,1,2,1,17,4,124,1,4,7,1,7
2016430269285,1,4,0,13,0,1,1,0,1,10,3,1,6,1,18,4,124,1,1,4,1,4
2016430269285,2,9,0,9,0,5,0,0,0,0,4,1,1,1,34,6,-1,-1,-1,6,1,6
2016430269473,1,9,0,4,0,1,0,0,0,0,1,1,2,2,19,4,1198,1,4,9,1,9
2016430269473,2,1,0,18,0,6,0,0,0,0,1,1,6,2,26,6,-1,-1,-1,7,1,7
2016430269542,1,9,0,4,0,5,0,0,0,0,1,1,2,1,22,5,1988,1,16,9,1,9
2016430269542,2,3,0,4,0,5,0,0,0,0,2,1,6,1,60,9,-1,-1,-1,9,1,9
2016430269625,1,90,0,13,0,0,0,10,0,0,1,1,6,1,29,6,448,1,7,10,1,10
2016430269625,2,9,0,3,0,0,0,0,0,0,2,1,6,1,24,5,1995,2,1,9,1,9
2016430269625,3,11,0,4,0,0,0,0,0,0,0,1,1,3,-1,-1,-1,-1,-1,-1,-1,-1
2016430269673,1,3,0,15,0,0,0,0,0,0,1,1,6,1,-1,-1,-1,-1,-1,-1,-1,-1
2016430269934,1,9,0,12,0,0,0,0,0,0,0,1,6,3,-1,-1,-1,-1,-1,-1,-1,-1
2016430269934,2,9,0,18,0,0,1,0,5,6,3,1,2,2,58,9,1497,8,8,5,1,5
2016430269951,1,19,4,18,0,1,0,0,0,0,4,1,6,3,-1,-1,-1,-1,-1,-1,-1,-1
2016430269951,2,1,0,18,0,1,0,0,0,0,3,1,6,2,72,10,-1,-1,-1,3,1,3
2016430269953,1,9,0,4,0,8,0,0,0,0,4,1,6,2,69,10,1388,1,10,10,1,10
2016430269953,2,1,0,18,4,8,0,0,0,0,1,1,2,1,27,6,-1,-1,-1,3,1,3
2016430269960,1,21,4,12,0,0,0,0,0,0,3,1,1,1,25,5,-1,-1,-1,-1,-1,-1
2016430269960,2,9,0,11,0,0,0,0,5,4,4,1,6,1,29,6,1461,2,12,7,1,7
2016430270016,1,9,0,9,0,8,0,0,0,0,3,1,6,1,42,7,1998,8,1,7,1,7
2016430270016,2,5,0,18,0,3,0,0,0,0,1,1,6,1,60,9,998,1,15,10,1,10
2016430270018,1,9,0,9,0,8,0,0,0,0,0,1,1,1,38,7,2199,2,-1,10,2,10
2016430270018,2,5,0,18,0,8,0,0,0,0,0,1,6,1,56,9,1188,1,19,10,2,10
2016430270027,1,9,0,18,0,4,0,0,0,0,1,1,1,2,64,9,1598,2,5,8,3,8
2016430270027,2,9,0,18,0,8,0,7,0,0,4,1,1,1,33,6,1995,1,6,7,1,7
2016430270044,1,9,0,18,0,0,0,0,0,0,1,1,6,1,42,7,2204,2,8,3,1,3
2016430270044,2,4,0,4,0,0,0,0,0,0,2,1,6,1,30,6,749,1,9,1,1,1
2016430270083,1,9,0,5,0,4,0,0,0,0,3,1,1,1,17,4,-1,-1,-1,9,3,9
2016430270083,2,5,0,18,0,8,0,0,0,0,1,1,1,1,59,9,599,1,10,7,2,7
2016430270085,1,9,0,9,0,6,0,0,0,0,1,1,1,2,48,8,1995,1,9,1,1,1
2016430270085,2,9,0,9,0,1,0,0,0,0,3,1,6,2,47,8,998,1,6,6,2,6
2016430270107,1,9,0,18,0,0,0,0,0,0,3,1,6,2,56,9,-1,-1,-1,10,1,10
2016430270107,2,1,0,18,0,0,0,0,0,0,1,1,1,1,17,4,-1,-1,-1,10,1,10
2016430270129,1,1,0,18,0,0,0,0,0,0,2,1,6,2,50,8,-1,-1,-1,9,1,9
2016430270129,2,1,0,18,0,0,0,0,0,0,1,1,6,2,50,8,-1,-1,-1,-1,-1,-1