Accident_Index,Vehicle_Reference,Vehicle_Type,Towing_and_Articulation,Vehicle_Manoeuvre,Vehicle_Location-Restricted_Lane,Junction_Location,Skidding_and_Overturning,Hit_Object_in_Carriageway,Vehicle_Leaving_Carriageway,Hit_Object_off_Carriageway,1st_Point_of_Impact,Was_Vehicle_Left_Hand_Drive?,Journey_Purpose_of_Driver,Sex_of_Driver,Age_of_Driver,Age_Band_of_Driver,Engine_Capacity_(CC),Propulsion_Code,Age_of_Vehicle,Driver_IMD_Decile,Driver_Home_Area_Type,Vehicle_IMD_Decile
2016430270134,1,9,0,18,0,3,0,0,0,0,0,1,6,1,80,11,998,1,3,6,1,6
2016430270134,2,9,0,3,0,3,0,0,0,0,1,1,6,1,35,6,-1,-1,-1,2,1,2
2016430270134,3,9,0,18,0,3,0,0,0,0,2,1,6,1,50,8,1560,2,2,2,1,2
2016430270140,1,19,0,9,0,6,0,0,0,0,3,1,1,1,-1,-1,2143,2,2,-1,-1,-1
2016430270140,2,1,0,18,4,8,0,0,0,0,1,1,6,1,27,6,-1,-1,-1,5,1,5
2016430270148,1,9,0,3,0,0,0,0,0,0,1,1,6,1,30,6,1995,2,5,-1,-1,-1
2016430270148,2,9,0,3,0,0,0,0,0,0,2,1,6,2,27,6,1461,2,1,7,2,7
2016430270192,1,9,0,4,0,0,0,0,0,0,1,1,6,3,-1,-1,-1,-1,-1,-1,-1,-1
2016430270192,2,9,0,4,0,0,0,0,0,0,2,1,6,2,49,8,1595,1,14,3,1,3
2016430270222,1,9,0,9,0,6,0,0,0,0,1,1,6,2,-1,-1,1984,2,9,-1,-1,-1
2016430270222,2,1,0,9,0,6,0,0,0,0,4,1,2,1,52,8,-1,-1,-1,6,1,6
2016430270304,1,9,0,9,0,8,0,0,0,0,4,1,6,1,-1,-1,-1,-1,-1,-1,-1,-1
2016430270304,2,1,0,18,0,1,1,0,0,0,1,1,6,1,48,8,-1,-1,-1,8,1,8
2016430270316,1,9,0,18,0,1,0,0,0,0,1,1,6,1,-1,-1,-1,-1,-1,10,1,10
2016430270316,2,9,0,10,0,1,0,0,0,0,2,1,6,2,56,9,3200,1,10,10,1,10
2016430270323,1,9,0,7,0,6,0,0,0,0,1,1,6,2,43,7,1995,1,5,7,2,7
2016430270323,2,9,0,18,0,1,1,0,2,0,4,1,6,2,52,8,1461,2,-1,8,1,8
2016430270355,1,9,0,7,0,5,0,0,0,0,4,1,6,1,-1,-1,1368,1,4,-1,-1,-1
2016430270355,2,1,0,18,0,1,0,0,0,0,3,1,6,2,34,6,-1,-1,-1,7,1,7
2016430270375,1,9,0,3,0,0,0,0,0,0,1,1,6,2,18,4,1242,1,-1,-1,-1,-1
2016430270375,2,9,0,1,0,0,0,0,0,0,2,1,6,1,37,7,1461,2,4,3,1,3
2016430270462,1,9,0,9,0,6,0,0,0,0,1,1,6,1,83,11,1329,1,6,9,1,9
2016430270462,2,9,0,18,0,1,1,0,1,0,4,1,6,1,54,8,2720,2,9,8,1,8
2016430270516,1,8,0,7,0,5,0,0,0,0,4,1,1,1,39,7,1896,2,9,3,1,3
2016430270516,2,1,0,18,0,8,0,0,0,0,1,1,6,1,39,7,-1,-1,-1,5,1,5
2016430270525,1,5,0,14,0,0,0,0,0,0,4,1,2,1,55,8,1200,1,-1,5,1,5
2016430270525,2,9,0,5,0,0,0,0,0,0,3,1,6,1,26,6,1968,2,6,6,1,6
2016430270616,1,9,0,9,0,6,0,0,0,0,1,1,1,1,33,6,1598,2,2,-1,-1,-1
2016430270616,2,9,0,8,0,1,0,0,0,0,1,1,6,1,63,9,1598,1,14,-1,-1,-1
2016430271248,1,9,0,18,0,8,0,0,0,0,1,1,6,2,53,8,998,1,6,9,3,9
2016430271248,2,1,0,9,0,8,0,0,0,0,3,1,6,2,35,6,-1,-1,-1,8,1,8
2016430271264,1,9,0,5,0,1,0,0,0,0,1,1,1,2,23,5,1595,2,6,-1,-1,-1
2016430271264,2,9,0,3,0,1,0,0,0,0,2,1,1,2,51,8,999,1,1,-1,-1,-1
2016430271268,1,9,0,10,0,1,0,0,0,0,2,1,2,2,46,8,1360,1,7,6,2,6
2016430271268,2,9,0,18,0,1,0,0,0,0,1,1,6,3,-1,-1,1596,1,1,-1,-1,-1
2016430271284,1,19,0,9,0,8,0,0,0,0,3,1,1,1,30,6,1248,2,8,10,1,10
2016430271284,2,5,0,18,0,8,0,0,1,4,1,1,6,1,20,4,645,1,11,6,3,6
2016430271285,1,19,0,6,0,8,0,0,0,0,3,1,1,1,36,7,1998,2,13,8,1,8
2016430271285,2,9,0,18,0,1,0,0,0,0,1,1,1,1,46,8,1968,2,4,10,3,10
2016430271286,1,9,0,7,0,5,0,0,0,0,1,1,6,3,-1,-1,1596,1,6,-1,-1,-1
2016430271286,2,1,0,18,0,8,0,0,0,0,3,1,6,1,24,5,-1,-1,-1,9,1,9
2016430271317,1,9,0,9,0,6,0,0,0,0,3,1,6,2,47,8,1248,2,2,10,1,10
2016430271317,2,9,0,18,0,8,0,0,7,11,1,1,6,2,44,7,599,1,13,10,1,10
2016430271322,1,9,0,9,0,6,0,0,0,0,3,1,2,1,61,9,1497,8,1,-1,-1,-1
2016430271322,2,9,0,18,0,8,0,0,0,0,1,1,6,1,76,11,-1,-1,-1,-1,-1,-1
2016430271341,1,1,0,18,0,0,0,0,0,0,3,1,4,2,12,3,-1,-1,-1,2,1,2
2016430271341,2,9,0,18,0,0,0,0,0,0,1,1,6,2,64,9,1598,2,4,7,1,7
2016430271353,1,1,0,5,0,0,0,0,0,0,2,1,6,1,54,8,-1,-1,-1,4,1,4
2016430271353,2,9,0,5,0,0,0,0,0,0,1,1,6,3,-1,-1,-1,-1,-1,-1,-1,-1
2016430271374,1,9,0,11,0,0,1,0,1,0,4,1,6,1,48,8,2143,2,1,10,1,10
2016430271374,2,11,0,13,0,0,0,0,0,0,1,1,1,1,67,10,10960,2,14,5,1,5
2016430271377,1,2,0,18,0,0,0,0,0,0,1,1,6,1,18,4,-1,-1,-1,-1,-1,-1
2016430271377,2,1,0,18,0,0,0,0,0,0,1,1,4,1,13,3,-1,-1,-1,8,2,8
2016430271394,1,21,0,18,0,0,0,0,0,0,4,1,1,1,43,7,6693,2,3,9,2,9
2016430271394,2,90,0,2,0,0,0,0,0,0,2,1,6,1,37,7,-1,-1,-1,9,1,9
2016430271414,1,9,0,18,0,0,1,6,4,6,3,1,1,1,25,5,-1,-1,-1,7,3,7
2016430271418,1,3,0,18,0,0,0,7,0,0,1,1,6,1,24,5,124,1,9,3,1,3
2016430271423,1,1,4,9,0,5,0,0,0,0,0,1,3,1,34,6,-1,-1,-1,3,1,3
2016430271437,1,9,0,18,0,0,1,0,0,0,1,1,6,1,78,11,2495,1,13,9,1,9
2016430271437,2,9,0,3,0,0,0,0,0,0,2,1,6,2,32,6,1587,1,16,1,1,1
2016430271437,3,9,0,3,0,0,0,0,0,0,2,1,6,1,57,9,2685,2,12,8,1,8
2016430271437,4,9,0,12,0,0,0,0,0,0,1,1,6,1,29,6,1149,1,12,4,1,4
2016430271468,1,9,0,4,0,0,1,0,0,0,1,1,6,1,28,6,1396,1,16,6,3,6
2016430271468,2,9,0,4,0,0,0,0,0,0,2,1,6,2,22,5,1198,1,13,4,1,4
2016430271468,3,9,0,4,0,0,0,0,0,0,2,1,6,2,25,5,1598,2,-1,9,1,9
2016430271468,4,9,0,4,0,0,0,0,0,0,2,1,6,1,24,5,1598,2,4,6,1,6
2016430271490,1,9,0,18,0,8,0,0,0,0,1,1,6,2,37,7,1598,1,8,2,1,2
2016430271490,2,9,0,9,0,8,0,0,0,0,3,1,6,1,43,7,2143,12,1,9,2,9
2016430271524,1,9,0,9,0,8,0,0,1,9,3,1,6,1,43,7,1598,2,-1,-1,-1,-1
2016430271524,2,21,1,18,0,8,0,0,0,0,1,1,1,1,49,8,12740,2,1,9,3,9
2016430271546,1,9,0,12,0,2,0,0,0,0,2,1,6,1,59,9,1997,2,4,4,1,4
2016430271546,2,5,0,18,0,2,0,0,0,0,1,1,6,1,59,9,1063,1,16,4,1,4
2016430271548,1,9,0,18,0,0,1,0,0,6,1,1,6,1,35,6,-1,-1,-1,4,1,4
2016430271548,2,21,1,18,0,0,0,0,0,0,2,2,1,1,51,8,-1,-1,-1,-1,-1,-1
2016430271559,1,19,0,18,0,1,0,0,0,0,1,1,6,1,35,6,1560,2,1,9,1,9
2016430271559,2,9,0,3,0,1,0,0,0,0,2,1,6,2,42,7,2967,1,13,4,1,4
2016430271571,1,9,0,4,0,0,0,0,0,0,2,1,6,1,51,8,1341,1,14,2,1,2
2016430271571,2,9,0,18,0,0,0,0,0,0,1,1,6,1,18,4,1388,1,12,5,1,5
2016430271581,1,19,0,13,0,0,0,0,0,0,4,1,6,3,-1,-1,-1,-1,-1,-1,-1,-1
2016430271581,2,1,0,18,0,0,0,0,1,0,3,1,6,1,29,6,-1,-1,-1,8,1,8
2016430271594,1,9,0,18,0,0,0,0,1,4,1,1,6,1,33,6,1796,1,14,2,1,2
2016430271649,1,9,0,18,0,0,0,0,0,0,4,1,6,1,35,6,2698,2,6,9,2,9
2016430271649,2,1,0,18,0,0,0,0,0,0,2,1,6,1,30,6,-1,-1,-1,9,1,9
2016430271649,3,9,0,18,0,0,0,0,0,0,1,1,6,1,34,6,1910,2,10,7,3,7
2016430271660,1,9,0,7,0,6,0,0,0,0,1,1,6,2,41,7,1995,2,-1,9,1,9
2016430271660,2,1,0,18,0,8,0,0,0,0,3,1,6,1,29,6,-1,-1,-1,5,1,5
2016430271698,1,9,0,4,0,0,0,0,1,4,1,1,6,2,28,6,1198,1,4,8,1,8
2016430271698,2,9,0,4,0,0,0,0,0,0,2,1,6,1,37,7,1598,1,5,3,1,3
2016430271787,1,9,0,7,0,6,0,0,0,0,1,1,1,2,71,10,1796,2,2,10,3,10
2016430271787,2,3,0,13,0,1,0,0,0,0,4,1,1,1,46,8,125,1,7,5,1,5
2016430271876,1,19,0,15,0,1,0,0,1,0,1,1,6,1,-1,-1,2198,2,4,-1,-1,-1
2016430271876,2,9,0,3,0,1,0,0,0,0,2,1,2,1,59,9,1364,1,3,6,1,6
2016430272095,1,9,0,4,0,0,0,0,0,0,1,1,6,1,82,11,1560,2,7,10,1,10
2016430272095,2,9,0,4,0,0,0,0,0,0,2,1,6,2,37,7,1997,1,9,10,1,10
2016430272354,1,9,0,18,0,0,0,0,0,0,1,1,1,3,-1,-1,-1,-1,-1,-1,-1,-1
2016430272354,2,8,0,18,0,0,0,0,0,0,2,1,1,3,-1,-1,-1,-1,-1,-1,-1,-1
2016430272355,1,19,0,3,0,1,0,0,0,0,2,1,2,1,55,8,1968,2,5,-1,-1,-1
2016430272355,2,1,0,18,0,1,0,0,0,0,1,1,6,1,12,3,-1,-1,-1,8,3,8
2016430272364,1,9,0,18,0,0,0,0,0,0,1,1,6,2,72,10,1199,1,15,1,1,1
2016430272364,2,9,0,18,0,0,0,0,0,0,2,1,6,1,35,6,998,1,1,8,1,8
2016430272380,1,9,0,18,0,0,0,0,0,0,1,1,6,2,28,6,2179,2,7,10,2,10
2016430272434,1,9,0,4,0,0,0,0,0,0,1,1,6,2,-1,-1,-1,-1,-1,4,1,4
2016430272434,2,9,0,3,0,0,0,0,0,0,2,1,6,2,42,7,2143,2,2,7,1,7
2016430272473,1,9,0,13,0,0,0,0,0,0,4,1,6,2,42,7,1968,2,1,6,2,6
2016430272473,2,3,0,18,0,0,0,0,0,0,3,1,6,2,24,5,124,1,1,5,1,5
2016430272509,1,9,0,18,0,8,0,0,0,0,1,1,6,2,18,4,-1,-1,-1,10,1,10
2016430272509,2,19,0,18,0,1,0,0,0,0,3,1,6,2,45,7,-1,-1,-1,10,3,10
2016430272572,1,9,0,16,0,2,1,0,4,2,3,1,6,1,17,4,1560,2,4,5,2,5
2016430274288,1,8,0,18,0,0,0,0,0,0,1,1,1,1,47,8,2499,2,8,10,1,10
2016430274877,1,9,0,18,0,4,5,9,1,9,3,1,6,1,77,11,1390,1,13,9,3,9
2016430274890,1,1,0,18,0,8,0,0,0,0,1,1,6,1,13,3,-1,-1,-1,10,1,10
2016430274890,2,19,0,7,0,6,0,0,0,0,2,1,6,3,-1,-1,-1,-1,-1,-1,-1,-1
2016430274902,1,9,0,18,0,0,0,0,7,4,4,1,6,1,17,4,1242,1,16,3,1,3
2016430274912,1,9,0,4,0,1,0,0,0,0,3,1,6,2,40,7,3996,2,10,6,1,6
2016430274912,2,1,0,4,0,1,1,0,0,0,2,1,4,1,14,3,-1,-1,-1,7,1,7
2016430274912,3,1,0,18,0,1,0,0,0,0,1,1,4,1,10,2,-1,-1,-1,7,1,7
2016430274919,1,9,0,4,0,1,0,0,0,0,1,1,6,1,75,10,1798,1,5,10,2,10
2016430274919,2,9,0,3,0,1,0,0,0,0,2,1,6,2,48,8,1796,1,7,10,2,10
2016430274923,1,9,0,5,0,0,0,0,0,0,1,1,2,2,86,11,1299,1,9,4,1,4
2016430274931,1,9,0,18,0,6,0,0,0,0,1,1,1,1,59,9,1984,1,13,3,1,3
2016430274931,2,9,0,18,0,8,0,0,0,0,4,1,1,1,23,5,1390,1,3,5,1,5
2016430274935,1,9,0,9,0,4,0,0,0,0,3,1,6,1,52,8,2261,1,8,10,1,10
2016430274935,2,1,0,9,0,8,0,0,0,0,4,1,6,1,47,8,-1,-1,-1,-1,-1,-1
2016430274950,1,9,0,4,0,0,0,0,0,0,1,1,6,2,40,7,1299,1,12,5,1,5
2016430274950,2,9,0,4,0,0,0,0,0,0,2,1,6,2,32,6,1910,2,9,8,1,8
2016430274966,1,9,0,18,0,0,1,0,7,4,1,1,6,1,18,4,998,1,12,9,3,9
2016430274986,1,9,0,9,0,5,0,0,0,0,1,1,2,2,54,8,1197,1,1,10,1,10
2016430274986,2,9,0,18,0,1,0,0,0,0,1,1,2,1,47,8,1769,1,12,3,1,3
2016430275015,1,9,0,4,0,1,0,0,0,0,1,1,1,2,47,8,1995,2,3,10,1,10
2016430275015,2,9,0,3,0,1,0,0,0,0,2,1,1,1,56,9,1388,1,4,5,1,5
2016430275030,1,9,0,4,0,0,0,0,0,0,1,1,6,2,35,6,1149,1,12,10,1,10
2016430275030,2,9,0,4,0,0,0,0,0,0,2,1,6,1,-1,-1,1995,2,4,-1,-1,-1
2016430275084,1,9,0,18,0,0,1,0,1,4,4,1,6,1,23,5,1086,1,10,4,1,4
2016430275103,1,9,0,13,0,1,0,0,0,0,1,1,1,1,18,4,-1,-1,-1,5,1,5
2016430275103,2,9,0,9,0,8,0,0,0,0,3,1,6,2,76,11,1360,1,6,10,1,10
2016430275128,1,11,0,5,0,8,0,0,0,0,0,1,1,1,29,6,7300,2,2,4,1,4
2016430275232,1,9,0,11,0,0,0,0,0,0,1,1,2,2,24,5,1598,2,3,10,1,10
2016430275232,2,21,1,4,0,0,0,0,0,0,2,1,1,1,56,9,12902,2,-1,9,2,9
2016430276020,1,9,0,18,0,8,0,0,0,0,3,1,6,3,-1,-1,2143,2,6,-1,-1,-1
2016430276020,2,1,0,9,0,8,0,0,0,0,4,1,6,2,31,6,-1,-1,-1,6,1,6
2016430276076,1,9,0,18,0,0,0,0,0,0,1,1,6,1,-1,-1,-1,-1,-1,-1,-1,-1
2016430276076,2,9,0,18,0,0,0,0,0,0,1,1,6,1,24,5,-1,-1,-1,6,3,6
2016430276080,1,9,0,18,0,0,0,0,0,0,4,1,6,2,59,9,1389,1,12,-1,-1,-1
2016430276103,1,9,0,18,0,1,0,4,0,0,1,1,6,1,-1,-1,1968,2,1,-1,-1,-1
2016430276117,1,9,0,4,0,0,0,0,0,0,1,1,6,1,60,9,-1,-1,-1,5,1,5
2016430276117,2,9,0,4,0,0,0,0,0,0,2,1,6,1,35,6,2231,2,10,4,1,4
2016430276153,1,19,0,18,0,0,0,0,0,0,4,1,1,3,-1,-1,-1,-1,-1,-1,-1,-1
2016430276153,2,9,0,18,0,0,0,0,0,0,3,1,1,1,25,5,-1,-1,-1,10,1,10
2016430276156,1,9,0,18,0,1,0,0,0,0,1,1,2,2,17,4,998,1,7,10,3,10
2016430276156,2,9,0,4,0,1,0,0,0,0,2,1,2,1,30,6,1799,1,10,-1,-1,-1
2016430276156,3,9,0,10,0,1,0,0,0,0,2,1,2,2,50,8,1968,2,6,10,3,10
2016430276210,1,19,0,18,0,0,0,0,0,0,1,1,6,1,-1,-1,-1,-1,-1,-1,-1,-1
2016430276210,2,1,0,18,0,0,0,0,0,0,2,1,2,1,29,6,-1,-1,-1,9,1,9
2016430277182,1,9,0,1,0,0,0,0,0,0,2,1,1,1,20,4,1242,1,16,9,1,9
2016430277182,2,21,0,1,0,0,0,0,0,0,0,1,1,3,-1,-1,-1,-1,-1,-1,-1,-1
2016430277182,3,21,0,1,0,0,0,0,0,0,0,1,1,3,-1,-1,-1,-1,-1,-1,-1,-1
2016430277189,1,9,0,7,0,5,0,0,0,0,4,1,6,1,40,7,3179,1,11,-1,-1,-1
2016430277189,2,1,0,18,4,8,0,0,0,0,1,1,6,1,25,5,-1,-1,-1,4,1,4
2016430277210,1,9,0,9,0,6,0,0,0,0,3,1,6,1,54,8,2360,1,9,8,1,8
2016430277210,2,3,0,18,0,1,0,0,0,0,1,1,6,1,24,5,124,1,6,8,1,8
2016430277211,1,9,0,9,0,6,0,0,0,0,3,1,6,2,19,4,1248,2,5,5,1,5
2016430277211,2,1,0,18,0,8,0,0,0,0,1,1,6,1,29,6,-1,-1,-1,3,1,3
2016430277216,1,9,0,18,0,0,0,0,0,0,1,1,6,3,-1,-1,-1,-1,-1,-1,-1,-1
2016430277216,2,1,0,18,0,0,0,0,0,0,2,1,6,1,33,6,-1,-1,-1,3,1,3
2016430277220,1,9,0,7,0,6,0,0,0,0,0,1,6,3,-1,-1,-1,-1,-1,-1,-1,-1
2016430277220,2,3,0,18,0,1,1,0,0,0,4,1,6,2,30,6,125,1,5,-1,-1,-1
2016430277224,1,9,0,9,0,6,0,0,0,0,3,1,6,1,-1,-1,1686,2,2,10,2,10
2016430277224,2,4,0,18,0,6,1,0,0,0,4,1,6,1,49,8,790,1,13,7,1,7
2016430277241,1,9,0,9,0,6,0,0,0,0,1,1,6,1,-1,-1,-1,-1,-1,-1,-1,-1
2016430277241,2,9,0,9,0,8,0,0,0,0,3,1,3,2,48,8,3199,1,14,10,1,10
2016430277256,1,97,0,18,0,0,0,0,0,0,0,1,6,1,30,6,-1,-1,-1,-1,-1,-1
2016430277258,1,9,0,18,0,0,0,0,0,0,1,1,3,1,47,8,998,1,14,-1,-1,-1
2016430277258,2,9,0,3,0,0,0,0,0,0,2,1,2,1,24,5,1560,2,9,-1,-1,-1
2016430277258,3,9,0,3,0,0,0,0,0,0,2,1,2,2,47,8,1910,2,11,9,1,9
2016430277266,1,9,0,9,0,8,0,0,0,0,4,1,6,2,48,8,1598,1,6,10,2,10
2016430277266,2,9,0,18,0,8,0,0,0,0,1,1,6,1,46,8,-1,-1,-1,6,3,6
2016430277271,1,9,0,10,0,8,0,0,0,0,1,1,2,1,47,8,2993,2,4,10,1,10
2016430277271,2,9,0,18,0,8,0,0,0,0,1,1,3,2,47,8,1199,1,13,2,1,2
2016430277273,1,9,0,17,0,0,5,6,1,9,1,1,6,2,23,5,1461,2,4,8,1,8
2016430277274,1,9,0,18,0,0,0,0,0,0,1,1,6,1,-1,-1,-1,-1,-1,-1,-1,-1
2016430277276,1,9,0,5,0,0,0,0,0,0,1,1,3,1,33,6,2497,1,13,3,1,3
2016430277295,1,9,0,18,0,4,0,0,0,0,1,1,6,1,-1,-1,1498,1,1,-1,-1,-1
2016430277295,2,9,0,3,0,4,0,0,0,0,2,1,6,2,25,5,-1,-1,-1,10,1,10
2016430277298,1,9,0,7,0,5,1,0,7,4,1,1,6,1,41,7,1840,1,16,9,3,9
2016430277342,1,9,0,7,0,5,0,0,0,0,1,1,6,1,-1,-1,1248,2,2,-1,-1,-1
2016430277370,1,9,0,18,0,0,0,0,0,0,1,1,6,2,60,9,1229,1,11,10,1,10
2016430277370,2,9,0,18,0,0,0,0,0,0,3,1,6,2,53,8,2401,2,15,10,3,10
2016430277370,3,9,0,18,0,0,0,0,0,0,1,1,6,2,42,7,1591,1,-1,10,3,10
2016430277384,1,9,0,18,0,0,0,0,0,0,0,1,6,2,-1,-1,-1,-1,-1,-1,-1,-1
2016430277392,1,9,0,18,0,1,0,0,0,0,3,1,6,1,86,11,1587,1,14,10,1,10
2016430277408,1,9,0,13,0,0,0,0,0,0,1,1,6,1,20,4,1995,1,5,10,1,10
2016430277408,2,1,0,9,0,0,0,0,0,0,2,1,6,1,18,4,-1,-1,-1,7,1,7
2016430277440,1,9,0,14,0,0,0,0,0,0,1,1,6,2,-1,-1,1242,1,11,-1,-1,-1
2016430277456,1,9,0,9,0,8,0,0,0,0,1,1,6,2,22,5,1242,1,6,10,1,10
2016430277456,2,9,0,18,0,4,0,0,0,0,3,1,6,2,41,7,1598,2,5,10,1,10
2016430277509,1,8,0,18,0,0,0,0,0,0,1,1,1,1,22,5,2664,2,14,7,1,7
2016430277627,1,9,0,18,0,2,0,0,1,2,1,1,6,1,27,6,1598,2,5,2,1,2
2016430277734,1,9,0,18,0,8,0,0,0,0,1,1,2,1,49,8,2143,2,4,8,1,8
2016430277734,2,9,0,18,0,8,0,0,0,0,2,1,2,1,32,6,1870,2,16,5,1,5
2016430277823,1,9,0,18,0,0,0,0,0,0,3,1,2,1,45,7,-1,-1,-1,8,2,8
2016430277823,2,9,0,18,0,0,0,0,1,0,3,1,6,2,37,7,1984,2,3,6,3,6
2016430277823,3,9,0,18,0,0,0,0,1,0,3,1,6,1,38,7,1798,1,8,6,3,6
2016430277823,4,9,0,18,0,0,0,0,0,0,2,1,6,1,56,9,1968,2,2,7,2,7
2016430278310,1,9,0,9,0,6,0,0,0,0,3,1,6,1,80,11,1596,1,9,10,1,10
2016430278310,2,2,0,13,0,8,0,0,0,0,1,1,6,1,70,10,49,1,13,8,1,8
2016430278317,1,9,0,7,0,5,0,0,0,0,4,1,3,1,28,6,1390,1,9,10,1,10
2016430278317,2,1,0,18,2,8,0,0,0,0,1,1,1,1,23,5,-1,-1,-1,7,1,7
2016430278329,1,9,0,18,0,8,0,0,0,0,3,1,6,3,-1,-1,-1,-1,-1,-1,-1,-1
2016430278329,2,9,0,18,0,3,0,0,7,1,1,1,6,1,36,7,1390,1,16,7,3,7
2016430278340,1,21,1,17,0,0,5,0,0,1,4,1,1,1,46,8,11946,2,4,2,1,2
2016430278341,1,9,0,4,0,2,0,0,0,0,1,1,3,2,41,7,2231,2,8,3,1,3
2016430278341,2,9,0,4,0,2,0,0,0,0,1,1,3,2,35,6,1461,2,1,6,1,6
2016430278341,3,9,0,3,0,2,0,0,0,0,2,1,1,1,45,7,1976,1,5,3,1,3
2016430278398,1,9,0,18,0,4,1,0,2,6,3,1,6,1,31,6,1995,2,8,-1,-1,-1
2016430278428,1,21,0,18,0,0,0,0,0,0,1,1,1,1,36,7,10837,2,3,3,1,3
2016430278428,2,9,0,18,0,0,0,0,0,0,2,1,6,1,43,7,1299,1,11,6,3,6
2016430278439,1,9,0,9,0,4,0,0,0,0,1,1,6,2,40,7,1198,1,13,5,1,5
2016430278439,2,9,0,18,0,8,0,0,0,0,4,1,6,2,20,4,1120,2,4,10,1,10
2016430278483,1,9,0,5,0,0,0,0,0,0,3,1,6,1,53,8,1598,2,1,10,1,10
2016430278483,2,1,0,18,0,0,0,0,0,0,4,1,6,1,19,4,-1,-1,-1,-1,-1,-1
2016430278518,1,9,0,16,0,0,1,0,0,0,0,1,6,1,22,5,-1,-1,-1,9,1,9
2016430278531,1,9,0,9,0,5,0,0,0,0,1,1,6,1,72,10,1388,1,13,7,3,7
2016430278531,2,9,0,18,0,8,0,0,0,0,1,1,6,2,68,10,1560,2,6,10,1,10
2016430278535,1,21,1,12,0,0,1,0,0,0,4,2,1,1,34,6,-1,-1,-1,-1,-1,-1
2016430278535,2,9,0,18,0,0,1,0,0,0,4,1,2,1,35,6,1895,1,16,4,1,4
2016430278535,3,9,0,18,0,0,5,0,6,10,4,1,6,2,19,4,1198,1,4,10,1,10
2016430278551,1,9,0,4,0,0,0,0,0,0,1,1,6,1,29,6,1870,2,15,4,1,4
2016430278551,2,9,0,4,0,0,0,0,0,0,2,1,6,2,44,7,1951,2,12,7,1,7
2016430278605,1,9,0,18,0,4,0,0,0,0,1,1,6,3,-1,-1,-1,-1,-1,-1,-1,-1
2016430278605,2,9,0,4,0,8,0,0,0,0,4,1,6,2,47,8,1461,2,1,6,1,6
2016430278643,1,9,0,1,9,6,0,0,0,0,2,1,6,1,59,9,1598,1,15,1,1,1
2016430278643,2,1,0,18,9,8,0,0,0,0,1,1,6,2,5,1,-1,-1,-1,2,1,2
2016430278655,1,9,0,18,0,0,0,0,0,0,0,1,1,3,-1,-1,-1,-1,-1,-1,-1,-1
2016430278655,2,2,0,4,0,0,0,0,1,0,1,1,4,2,17,4,49,1,4,5,1,5
2016430278655,3,9,0,3,0,0,0,0,0,0,0,1,6,3,-1,-1,-1,-1,-1,-1,-1,-1
2016430278660,1,9,0,18,0,0,0,0,0,0,1,1,3,1,49,8,1910,2,6,5,2,5
2016430278660,2,9,0,18,0,0,0,0,0,0,1,1,6,1,66,10,1364,2,7,7,1,7
2016430278660,3,9,0,18,0,0,0,0,0,0,3,1,6,1,62,9,2720,2,8,5,3,5
2016430278662,1,9,0,18,0,0,0,0,0,0,4,1,6,2,60,9,1364,1,6,6,1,6
2016430278662,2,1,0,18,0,0,0,0,0,0,3,1,6,1,22,5,-1,-1,-1,8,3,8
2016430278662,3,1,0,18,0,0,0,0,0,0,0,1,6,3,-1,-1,-1,-1,-1,-1,-1,-1
2016430278673,1,9,0,16,0,0,0,0,0,0,1,1,2,1,56,9,1299,1,15,7,1,7
2016430278673,2,9,0,17,0,0,0,0,0,0,3,1,2,1,38,7,1400,1,12,10,1,10
2016430278673,3,9,0,17,0,0,0,0,0,0,3,1,2,1,30,6,-1,-1,-1,10,1,10
2016430278708,1,9,0,18,0,4,0,0,0,0,1,1,6,2,47,8,1753,2,12,9,3,9
2016430278708,2,1,0,9,0,8,0,0,0,0,4,1,1,1,56,9,-1,-1,-1,10,1,10
2016430278744,1,9,0,17,0,0,1,0,1,11,4,1,6,1,24,5,2967,2,10,8,1,8
2016430278778,1,1,0,18,0,0,0,0,0,0,1,1,2,1,22,5,-1,-1,-1,9,1,9
2016430278778,2,9,0,3,0,0,0,0,0,0,2,1,2,2,27,6,1598,2,2,8,3,8
2016430278829,1,9,0,18,0,0,0,0,0,0,1,1,2,1,44,7,2993,2,3,5,1,5
2016430278829,2,9,0,3,0,0,0,0,0,0,2,1,2,2,37,7,1395,1,1,6,1,6
2016430278829,3,9,0,3,0,0,0,0,0,0,2,1,2,2,25,5,1242,1,2,6,1,6
2016430279097,1,9,0,18,0,0,0,0,0,0,1,1,3,2,43,7,1968,2,-1,6,1,6
2016430279097,2,1,0,18,0,0,0,0,0,11,4,1,6,1,21,5,-1,-1,-1,3,1,3
2016430279116,1,9,0,6,0,0,0,0,0,0,4,1,1,1,28,6,1896,2,8,6,1,6
2016430279116,2,1,0,18,0,0,0,0,0,0,1,1,6,1,31,6,-1,-1,-1,3,1,3
2016430279193,1,19,0,4,0,4,0,0,0,0,4,1,2,1,40,7,2143,2,4,8,1,8
2016430279193,2,5,0,4,0,4,0,0,0,0,1,1,6,1,35,6,800,1,4,4,1,4
2016430279197,1,10,0,18,0,1,0,0,0,0,4,1,1,1,65,9,2143,2,5,2,1,2
2016430279197,2,1,0,15,4,1,1,0,0,0,3,1,2,1,27,6,-1,-1,-1,2,1,2
2016430279260,1,9,0,9,0,8,0,0,0,0,4,1,3,2,46,8,1598,1,11,-1,-1,-1