Accident_Index,Vehicle_Reference,Vehicle_Type,Towing_and_Articulation,Vehicle_Manoeuvre,Vehicle_Location-Restricted_Lane,Junction_Location,Skidding_and_Overturning,Hit_Object_in_Carriageway,Vehicle_Leaving_Carriageway,Hit_Object_off_Carriageway,1st_Point_of_Impact,Was_Vehicle_Left_Hand_Drive?,Journey_Purpose_of_Driver,Sex_of_Driver,Age_of_Driver,Age_Band_of_Driver,Engine_Capacity_(CC),Propulsion_Code,Age_of_Vehicle,Driver_IMD_Decile,Driver_Home_Area_Type,Vehicle_IMD_Decile
2016430289443,1,5,0,18,0,8,0,0,0,0,4,1,6,1,38,7,600,1,13,10,1,10
2016430289443,2,9,0,18,0,4,0,0,0,0,1,1,1,2,22,5,1242,1,-1,10,1,10
2016430289449,1,9,0,2,0,8,0,0,0,0,0,1,1,1,25,5,1248,2,-1,-1,-1,-1
2016430289449,2,9,0,1,0,8,0,0,0,0,2,1,1,1,-1,-1,1968,2,2,-1,-1,-1
2016430289479,1,9,0,18,0,4,0,0,0,0,1,1,6,2,40,7,1149,1,3,-1,-1,-1
2016430289479,2,9,0,4,0,4,0,0,0,0,2,1,6,2,31,6,1956,2,2,8,1,8
2016430289493,1,9,0,18,0,0,0,0,0,0,1,1,6,2,-1,-1,1390,1,4,-1,-1,-1
2016430289493,2,9,0,2,0,0,0,0,0,0,2,1,6,1,-1,-1,-1,-1,-1,6,1,6
2016430289541,1,21,0,6,0,2,0,0,0,0,3,1,1,1,58,9,2998,2,3,2,1,2
2016430289541,2,9,0,4,0,2,0,0,0,0,1,1,2,1,22,5,1596,1,2,10,1,10
2016430289647,1,9,0,18,0,0,0,0,0,0,1,1,2,2,26,6,998,1,2,7,1,7
2016430289647,2,8,0,6,0,0,0,0,0,0,3,1,1,1,55,8,2143,2,4,7,1,7
2016430289659,1,9,0,9,0,5,0,0,0,0,3,1,6,2,-1,-1,1598,1,9,6,1,6
2016430289659,2,3,0,13,0,1,0,0,0,0,1,1,6,2,43,7,113,1,-1,10,1,10
2016430289911,1,11,0,18,0,1,0,0,0,0,1,1,1,2,71,10,6370,2,8,7,1,7
2016430289911,2,9,0,9,0,5,0,0,0,0,2,1,6,1,-1,-1,-1,-1,-1,-1,-1,-1
2016430290416,1,9,0,18,0,0,0,0,0,0,2,1,6,1,-1,-1,-1,-1,-1,-1,-1,-1
2016430290416,2,9,0,3,0,0,0,0,0,0,1,1,6,2,31,6,998,1,9,3,1,3
2016430290516,1,9,0,18,0,2,0,0,0,0,1,1,6,1,-1,-1,-1,-1,-1,-1,-1,-1
2016430290516,2,1,0,18,0,2,0,0,0,0,4,1,6,1,18,4,-1,-1,-1,9,1,9
2016430290562,1,9,0,13,0,1,0,0,0,0,1,1,1,1,59,9,2143,2,-1,10,1,10
2016430290562,2,1,0,9,0,1,0,0,0,0,3,1,6,2,41,7,-1,-1,-1,6,1,6
2016430290569,1,9,0,5,8,0,0,0,0,0,1,1,6,1,59,9,1596,1,9,-1,-1,-1
2016430290569,2,9,0,18,0,0,0,0,0,0,4,1,6,2,54,8,1399,2,4,6,1,6
2016430290573,1,3,0,18,0,8,1,0,0,0,3,1,6,2,18,4,124,1,-1,7,1,7
2016430290609,1,9,0,17,0,0,2,10,7,10,1,1,6,1,20,4,-1,-1,-1,10,1,10
2016430290617,1,9,0,18,0,4,0,0,0,0,1,1,1,2,28,6,1598,1,13,10,3,10
2016430290617,2,9,0,18,0,8,0,0,0,0,4,1,1,2,22,5,998,1,3,8,2,8
2016430290617,3,9,0,3,0,1,0,0,0,0,3,1,6,1,49,8,1968,2,7,10,1,10
2016430290626,1,8,0,5,0,4,0,0,0,0,1,1,2,1,44,7,1797,8,4,2,1,2
2016430290626,2,1,0,18,0,8,0,0,0,0,4,1,2,1,23,5,-1,-1,-1,8,1,8
2016430290633,1,19,0,5,0,0,0,0,0,0,1,1,6,1,-1,-1,1868,2,14,-1,-1,-1
2016430290633,2,9,0,18,0,0,1,0,1,0,4,1,6,1,23,5,1796,1,14,8,1,8
2016430290643,1,9,0,18,0,1,0,0,0,0,1,1,6,2,-1,-1,-1,-1,-1,-1,-1,-1
2016430290679,1,9,0,1,0,5,0,0,0,0,2,1,6,2,46,8,1910,2,12,7,1,7
2016430290679,2,9,0,18,0,1,0,0,0,0,1,1,6,2,45,7,1398,1,13,7,1,7
2016430290679,3,9,0,2,0,1,0,0,0,0,2,1,6,3,-1,-1,-1,-1,-1,-1,-1,-1
2016430290681,1,9,0,9,0,5,0,0,0,0,1,1,1,1,55,8,998,1,17,5,1,5
2016430290681,2,1,0,18,0,8,0,0,0,0,1,1,2,1,30,6,-1,-1,-1,10,1,10
2016430290684,1,19,0,9,0,6,0,0,0,0,0,1,1,1,49,8,-1,-1,-1,1,1,1
2016430290684,2,3,0,18,0,1,0,10,0,0,1,1,6,1,19,4,124,1,-1,7,3,7
2016430290699,1,9,0,18,0,1,0,0,0,0,1,1,6,2,19,4,1400,2,9,-1,-1,-1
2016430290699,2,9,0,3,0,1,0,0,0,0,2,1,6,2,52,8,1598,1,13,4,1,4
2016430290702,1,5,0,18,0,1,1,4,0,0,3,1,6,1,32,6,599,1,10,8,1,8
2016430290702,2,9,0,9,0,6,0,0,0,0,4,1,2,2,51,8,1598,1,3,7,1,7
2016430290702,3,9,0,2,0,2,0,0,0,0,2,1,6,2,19,4,1242,1,12,9,1,9
2016430290716,1,9,0,18,0,1,0,0,0,0,1,1,6,1,32,6,-1,3,3,-1,-1,-1
2016430290716,2,9,0,4,0,1,0,0,0,0,2,1,6,1,33,6,1598,1,6,-1,-1,-1
2016430290718,1,3,0,18,0,1,0,0,0,0,1,1,4,1,17,4,125,1,1,7,1,7
2016430290718,2,10,0,9,0,6,0,0,0,0,1,1,1,1,64,9,2402,2,10,7,3,7
2016430290793,1,9,0,18,0,3,0,0,0,0,1,1,6,2,55,8,2685,2,13,3,1,3
2016430290816,1,9,0,18,0,0,0,0,0,0,1,1,6,1,24,5,1598,1,11,5,1,5
2016430290816,2,9,0,18,0,0,0,0,0,0,3,1,6,1,30,6,1968,2,11,2,1,2
2016430290874,1,9,0,16,0,0,1,0,0,0,3,1,6,2,35,6,2706,1,2,10,1,10
2016430290874,2,9,0,17,0,0,0,0,0,0,1,1,6,2,46,8,2231,2,7,10,1,10
2016430290890,1,9,0,18,0,1,0,0,0,0,1,1,6,2,-1,-1,1997,2,4,-1,-1,-1
2016430290890,2,1,0,3,0,1,0,0,0,0,2,1,1,1,43,7,-1,-1,-1,10,1,10
2016430290927,1,9,0,10,0,1,0,0,0,0,2,1,6,1,30,6,-1,-1,-1,-1,-1,-1
2016430290927,2,9,0,18,0,1,0,0,0,0,1,1,6,3,-1,-1,-1,-1,-1,-1,-1,-1
2016430291274,1,9,0,9,0,5,0,0,0,0,3,1,6,1,-1,-1,-1,-1,-1,-1,-1,-1
2016430291274,2,3,0,13,0,1,0,0,0,0,1,1,6,1,21,5,124,1,1,3,1,3
2016430291354,1,9,0,18,0,0,0,0,0,0,4,1,2,1,18,4,1149,1,12,7,3,7
2016430291354,2,1,0,18,0,0,0,0,1,0,3,1,2,2,43,7,-1,-1,-1,7,3,7
2016430291698,1,9,0,5,0,8,0,0,0,0,1,1,6,1,78,11,1994,1,17,9,3,9
2016430291698,2,9,0,18,0,8,0,0,0,0,1,1,2,1,31,6,1299,1,16,7,2,7
2016430291698,3,9,0,3,0,1,0,0,0,0,1,1,6,2,29,6,1998,2,9,7,1,7
2016430291710,1,9,0,17,0,0,2,0,1,0,1,1,6,1,55,8,1796,1,14,4,2,4
2016430291721,1,9,0,18,0,8,0,0,0,0,1,1,6,1,-1,-1,-1,-1,-1,-1,-1,-1
2016430291721,2,9,0,8,0,8,0,0,0,0,2,1,6,1,36,7,1998,1,14,3,1,3
2016430291726,1,9,0,13,0,0,0,0,0,0,3,1,6,1,60,9,1997,2,5,3,1,3
2016430291726,2,1,0,18,0,0,0,0,0,0,3,1,6,1,40,7,-1,-1,-1,10,1,10
2016430291726,3,9,0,18,0,0,0,0,0,0,0,1,6,3,-1,-1,-1,-1,-1,-1,-1,-1
2016430291739,1,9,0,9,0,8,0,0,0,0,4,1,2,1,19,4,1229,1,8,8,3,8
2016430291739,2,9,0,17,0,1,0,0,0,0,1,1,2,2,38,7,1360,1,16,10,1,10
2016430291739,3,9,0,3,0,1,0,0,0,0,3,1,6,2,45,7,2987,2,1,10,1,10
2016430291746,1,9,0,18,0,0,2,10,7,0,4,1,6,1,27,6,1590,1,11,6,2,6
2016430291756,1,9,0,18,0,1,0,0,0,0,1,1,6,1,62,9,1753,2,13,8,1,8
2016430291756,2,9,0,3,0,1,0,0,0,0,2,1,6,2,38,7,1497,1,13,9,1,9
2016430291757,1,9,0,7,0,1,0,0,0,0,4,1,6,3,-1,-1,1596,1,7,-1,-1,-1
2016430291757,2,1,0,18,0,1,0,0,0,0,1,1,6,2,62,9,-1,-1,-1,6,1,6
2016430291758,1,19,0,4,0,0,0,0,0,0,4,1,1,1,-1,-1,-1,-1,-1,-1,-1,-1
2016430291758,2,2,0,4,0,0,0,0,0,0,3,1,1,1,17,4,49,1,10,7,1,7
2016430291771,1,9,0,16,0,8,2,0,1,9,4,1,1,2,22,5,1364,1,10,7,3,7
2016430291776,1,11,0,18,0,8,0,0,0,0,1,1,6,1,47,8,4500,2,5,-1,-1,-1
2016430291776,2,1,0,9,0,8,0,0,0,0,2,1,6,1,40,7,-1,-1,-1,3,1,3
2016430291786,1,19,0,18,0,0,0,0,7,4,1,1,6,1,37,7,2143,2,6,4,1,4
2016430291786,2,9,0,18,0,0,0,0,1,4,1,1,6,2,61,9,1248,1,2,10,1,10
2016430291793,1,9,0,18,0,4,0,0,0,0,1,1,6,2,33,6,1560,2,9,-1,-1,-1
2016430291793,2,3,0,18,0,8,0,0,0,0,4,1,2,2,18,4,115,1,1,-1,-1,-1
2016430291816,1,9,0,17,9,0,0,0,1,0,4,1,6,1,18,4,998,1,7,6,1,6
2016430291820,1,9,0,18,0,0,0,0,0,0,1,1,6,2,23,5,1149,1,12,10,1,10
2016430291832,1,5,0,13,0,8,0,0,0,0,4,1,1,1,51,8,1255,1,7,6,3,6
2016430291832,2,9,0,9,0,5,0,0,0,0,3,1,1,1,58,9,1998,1,1,8,2,8
2016430291834,1,9,0,9,0,6,0,0,0,0,3,1,6,2,44,7,1598,1,12,4,1,4
2016430291834,2,1,0,18,4,1,0,0,0,0,1,1,6,1,52,8,-1,-1,-1,4,1,4
2016430291898,1,9,0,18,0,0,0,0,0,0,1,1,6,1,55,8,1200,1,1,7,1,7
2016430291904,1,9,0,4,0,1,0,0,0,0,1,1,6,2,-1,-1,1595,1,13,2,1,2
2016430291904,2,9,0,4,0,1,0,0,0,0,2,1,6,1,22,5,1242,1,8,8,1,8
2016430291920,1,9,0,7,0,5,0,0,0,0,1,1,6,1,30,6,-1,-1,-1,-1,-1,-1
2016430291920,2,1,0,18,5,8,0,0,0,0,3,1,2,1,16,4,-1,-1,-1,8,1,8
2016430291923,1,9,0,9,0,6,0,0,0,0,2,1,6,3,-1,-1,-1,-1,-1,-1,-1,-1
2016430291923,2,9,0,3,0,1,0,0,0,0,1,1,6,1,67,10,2960,1,24,6,2,6
2016430291989,1,1,0,18,0,1,0,4,0,0,1,1,2,1,22,5,-1,-1,-1,9,3,9
2016430291989,2,9,0,2,0,1,0,0,0,0,2,1,6,1,40,7,-1,-1,-1,1,1,1
2016430292018,1,9,0,18,0,0,0,0,0,0,1,1,6,3,-1,-1,-1,-1,-1,-1,-1,-1
2016430292018,2,9,0,4,0,0,0,0,0,0,2,1,6,1,30,6,1560,2,8,7,1,7
2016430292066,1,9,0,18,0,0,0,0,0,0,4,1,6,1,-1,-1,1596,1,10,4,1,4
2016430292066,2,9,0,18,0,0,0,0,0,0,3,1,6,2,47,8,1870,2,13,4,1,4
2016430292132,1,9,0,18,0,1,0,0,0,0,1,1,1,1,52,8,1397,1,7,9,1,9
2016430292132,2,9,0,3,0,1,0,0,0,0,2,1,3,2,51,8,1984,2,5,9,1,9
2016430292132,3,19,0,3,0,1,0,0,0,0,2,1,1,1,49,8,2198,2,1,10,1,10
2016430292878,1,21,0,18,0,0,0,0,0,0,1,2,1,1,40,7,-1,-1,-1,-1,-1,-1
2016430292878,2,9,0,18,0,0,0,0,0,0,2,1,6,2,38,7,1896,2,8,9,3,9
2016430292878,3,9,0,18,0,0,0,0,0,0,1,1,6,1,60,9,-1,-1,-1,10,1,10
2016430292887,1,9,0,18,0,0,2,0,1,11,1,1,6,1,27,6,1341,1,19,7,1,7
2016430292890,1,9,0,18,0,0,0,0,0,0,1,1,6,1,27,6,1398,1,-1,10,1,10
2016430292890,2,9,0,18,0,0,0,0,0,0,3,1,6,1,39,7,1560,2,11,8,1,8
2016430292890,3,9,0,18,0,0,0,0,0,0,1,1,6,2,50,8,1968,2,4,5,2,5
2016430292905,1,9,0,9,0,5,0,0,0,0,1,1,6,1,37,7,1598,1,15,8,1,8
2016430292905,2,1,0,18,0,8,0,0,0,0,1,1,6,1,26,6,-1,-1,-1,8,1,8
2016430292908,1,9,0,5,0,0,0,0,0,0,3,1,6,1,70,10,1497,1,15,-1,-1,-1
2016430292908,2,1,0,18,0,0,0,0,0,0,4,1,2,2,23,5,-1,-1,-1,3,1,3
2016430292910,1,1,0,18,9,8,0,0,0,0,4,1,6,2,29,6,-1,-1,-1,8,1,8
2016430292910,2,9,0,4,0,8,0,0,0,0,1,1,6,2,46,8,1970,1,12,10,1,10
2016430292933,1,9,0,18,0,0,5,0,0,0,3,1,6,1,43,7,1796,1,13,8,1,8
2016430292933,2,9,0,2,0,0,0,0,7,0,4,1,6,2,48,8,2000,1,11,6,1,6
2016430292973,1,9,0,18,0,1,0,0,0,0,1,1,1,1,50,8,1896,2,8,-1,-1,-1
2016430292973,2,9,0,18,0,1,0,0,0,0,2,1,1,1,25,5,-1,-1,-1,-1,-1,-1
2016430292999,1,5,0,13,0,1,0,0,0,0,1,1,6,1,53,8,998,1,11,4,1,4
2016430292999,2,9,0,10,0,8,0,0,0,0,1,1,2,1,41,7,2993,2,4,9,3,9
2016430292999,3,9,0,18,0,1,0,0,0,0,0,1,6,3,-1,-1,-1,-1,-1,-1,-1,-1
2016430293023,1,9,0,18,0,4,1,10,3,1,1,1,2,2,21,5,1086,1,6,9,3,9
2016430293097,1,9,0,18,0,0,0,0,0,0,1,1,6,1,19,4,1600,1,12,7,1,7
2016430293097,2,9,0,18,0,0,0,0,0,0,1,1,1,1,24,5,2494,2,5,7,3,7
2016430293116,1,9,0,18,0,0,0,0,1,4,1,1,6,1,44,7,1339,1,12,5,1,5
2016430293118,1,9,0,18,0,0,1,0,6,0,1,1,6,2,23,5,1896,2,14,5,1,5
2016430293118,2,9,0,18,0,0,1,0,4,0,1,1,6,1,20,4,1596,1,2,-1,-1,-1
2016430293118,3,21,0,18,0,0,1,0,6,0,1,1,1,1,48,8,4461,2,8,-1,-1,-1
2016430293125,1,21,1,9,0,8,0,0,0,0,1,1,1,1,46,8,12777,2,1,8,1,8
2016430293125,2,9,0,18,0,1,0,0,0,0,1,1,6,1,23,5,1582,2,7,8,3,8
2016430293164,1,9,0,18,0,4,0,0,0,0,1,1,2,2,55,8,1229,1,10,9,1,9
2016430293164,2,1,0,9,0,8,0,0,0,0,4,1,2,1,54,8,-1,-1,-1,10,1,10
2016430293507,1,9,0,4,0,0,0,0,0,0,1,1,6,1,69,10,1560,2,1,7,2,7
2016430293507,2,9,0,4,0,0,0,0,0,0,2,1,6,1,21,5,2967,2,5,3,1,3
2016430293507,3,9,0,4,0,0,0,0,0,0,2,1,6,1,21,5,2143,2,3,10,1,10
2016430293507,4,9,0,4,0,0,0,0,0,0,2,1,6,1,21,5,1398,1,6,3,1,3
2016430293683,1,1,0,9,0,4,0,0,0,0,3,1,6,2,38,7,-1,-1,-1,10,2,10
2016430293683,2,9,0,18,0,3,0,0,0,0,1,1,6,2,-1,-1,2231,2,3,-1,-1,-1
2016430293726,1,9,0,13,0,2,0,0,0,0,2,1,6,1,52,8,2494,1,11,4,1,4
2016430293726,2,11,0,18,0,2,0,0,0,0,1,1,1,1,54,8,4500,2,5,9,1,9
2016430293763,1,9,0,9,0,5,0,0,0,0,4,1,6,1,28,6,1995,2,9,7,1,7
2016430293763,2,9,0,17,0,8,0,0,0,0,3,1,6,2,25,5,1596,1,12,10,1,10
2016430293764,1,3,0,13,0,1,0,0,0,0,1,1,6,1,45,7,647,1,12,4,1,4
2016430293764,2,9,0,9,0,5,0,0,0,0,3,1,6,1,47,8,1968,2,9,5,3,5
2016430293807,1,9,0,18,0,8,0,0,0,0,3,1,6,1,34,6,-1,-1,-1,5,1,5
2016430293807,2,9,0,7,0,8,0,0,0,0,1,1,6,2,55,8,1598,1,12,8,1,8
2016430294046,1,5,0,17,0,0,1,0,1,1,1,1,6,1,43,7,998,1,17,4,1,4
2016430294048,1,9,0,18,0,0,0,0,0,0,3,1,6,1,72,10,1560,2,11,10,1,10
2016430294048,2,9,0,18,0,0,0,0,0,0,3,1,1,1,26,6,1598,2,-1,5,1,5
2016430294054,1,8,0,18,0,2,1,7,7,10,1,1,4,1,44,7,1997,2,6,3,1,3
2016430294058,1,8,0,4,0,1,0,0,0,0,1,1,1,1,-1,-1,1968,2,5,-1,-1,-1
2016430294058,2,9,0,3,0,1,0,0,0,0,2,1,6,2,-1,-1,2148,2,7,-1,-1,-1
2016430294071,1,9,0,5,0,8,0,0,0,0,1,1,2,1,42,7,1896,2,9,3,1,3
2016430294071,2,1,0,18,0,1,0,0,0,0,4,1,2,1,29,6,-1,-1,-1,3,1,3
2016430294074,1,9,0,6,0,6,0,0,0,0,1,1,6,1,42,7,-1,-1,-1,10,3,10
2016430294074,2,5,0,18,0,1,0,0,0,0,1,1,6,1,55,8,918,1,17,7,2,7
2016430294091,1,9,0,18,0,4,0,0,0,0,3,1,6,2,17,4,998,1,2,8,1,8
2016430294091,2,9,0,9,0,8,0,0,0,0,4,1,6,2,34,6,998,1,8,4,1,4
2016430294139,1,3,0,18,0,0,1,0,0,0,4,1,6,1,17,4,124,1,7,9,2,9
2016430294148,1,9,0,17,0,0,0,10,7,7,1,1,2,2,33,6,1995,2,5,7,1,7
2016430294150,1,9,0,7,0,6,0,0,0,0,0,1,6,1,79,11,-1,-1,-1,10,3,10
2016430294150,2,1,0,18,0,1,0,0,0,0,0,1,6,1,32,6,-1,-1,-1,10,1,10
2016430294152,1,19,0,18,0,0,0,0,0,0,4,1,6,3,-1,-1,-1,-1,-1,-1,-1,-1
2016430294160,1,9,0,5,0,6,0,0,0,0,3,1,6,1,56,9,1461,2,2,10,2,10
2016430294160,2,19,0,18,0,8,0,0,0,0,1,1,6,1,47,8,1499,2,-1,5,3,5
2016430294164,1,9,0,18,0,8,0,0,0,0,4,1,2,2,24,5,1229,1,8,4,1,4
2016430294164,2,9,0,18,0,8,0,0,0,0,1,1,6,2,58,9,1984,1,9,10,1,10
2016430294190,1,9,0,13,0,0,0,0,0,0,0,1,1,1,33,6,1968,2,3,10,1,10
2016430294190,2,5,0,13,0,0,0,0,0,0,0,1,6,1,20,4,-1,-1,-1,10,3,10
2016430294190,3,98,0,18,0,0,0,0,0,0,0,1,6,3,-1,-1,-1,-1,-1,-1,-1,-1
2016430294190,4,9,0,18,0,0,0,0,0,0,0,1,6,3,-1,-1,-1,-1,-1,-1,-1,-1
2016430294200,1,9,0,18,0,0,0,0,1,11,3,1,6,1,36,7,1995,2,5,7,1,7
2016430294207,1,9,0,9,0,5,0,0,0,0,1,1,2,1,35,6,1596,1,13,7,1,7
2016430294207,2,1,0,18,4,8,0,0,0,0,1,1,6,1,19,4,-1,-1,-1,3,1,3
2016430294234,1,9,0,18,0,0,0,0,0,0,1,1,1,1,52,8,1995,2,2,9,2,9
2016430294234,2,9,0,4,0,0,0,0,0,0,2,1,1,1,49,8,-1,-1,-1,5,1,5
2016430294234,3,9,0,4,0,0,0,0,0,0,2,1,1,1,37,7,1968,2,1,-1,-1,-1
2016430294259,1,9,0,9,0,8,0,0,4,2,3,1,6,1,92,11,1796,1,10,-1,-1,-1
2016430294259,2,9,0,18,0,1,0,0,0,0,1,1,1,1,33,6,1598,2,-1,5,1,5
2016430294281,1,5,0,13,0,1,0,0,7,0,1,1,6,1,21,5,996,1,17,7,1,7
2016430294281,2,9,0,9,0,8,0,0,0,0,3,1,6,2,54,8,1560,2,9,7,1,7
2016430294292,1,9,0,9,0,5,0,0,0,0,4,1,6,2,46,8,1560,2,2,9,1,9
2016430294292,2,9,0,18,0,8,0,0,0,0,1,1,6,2,52,8,1997,2,-1,-1,-1,-1
2016430294329,1,9,0,18,0,8,0,0,0,0,1,1,6,1,41,7,-1,-1,-1,2,1,2
2016430294329,2,9,0,3,0,8,0,0,0,0,2,1,1,1,21,5,-1,-1,-1,-1,1,-1
2016430294331,1,9,0,9,0,5,0,0,0,0,3,1,2,2,29,6,1560,2,8,9,2,9
2016430294378,1,9,0,18,0,1,0,0,0,0,3,1,1,1,49,8,998,1,11,6,1,6
2016430294378,2,9,0,7,0,6,0,0,0,0,3,1,1,2,34,6,1598,2,6,5,1,5
2016430294423,1,9,0,18,0,0,0,0,5,6,3,1,6,1,57,9,1560,2,11,6,1,6
2016430296819,1,9,0,9,0,1,0,0,0,0,3,1,6,1,-1,-1,-1,-1,-1,4,1,4
2016430296819,2,1,0,18,0,1,0,0,0,0,1,1,1,1,36,7,-1,-1,-1,-1,-1,-1
2016430296820,1,9,0,18,0,8,0,0,0,0,1,1,1,1,49,8,-1,-1,-1,10,1,10
2016430296820,2,9,0,18,0,8,0,0,0,0,1,1,6,1,51,8,1984,1,1,6,3,6
2016430296831,1,9,0,9,0,4,0,0,0,0,3,1,6,1,56,9,-1,-1,-1,-1,-1,-1
2016430296831,2,3,0,18,0,1,0,0,0,0,1,1,6,1,17,4,125,1,11,5,1,5
2016430296842,1,9,0,18,0,0,0,0,0,0,0,1,1,1,48,8,2993,2,1,-1,-1,-1
2016430296842,2,9,0,18,0,0,0,0,0,6,1,1,6,1,23,5,1753,2,6,-1,-1,-1
2016430296851,1,9,0,4,0,0,0,0,0,0,1,1,2,1,38,7,-1,-1,-1,10,3,10
2016430296851,2,9,0,4,0,0,0,0,0,0,2,1,2,2,39,7,1560,2,4,8,1,8
2016430296851,3,1,0,18,0,0,0,0,0,0,0,1,6,3,-1,-1,-1,-1,-1,-1,-1,-1
2016430296853,1,9,0,17,0,1,2,0,1,11,4,1,6,2,26,6,2953,2,11,9,3,9
2016430296860,1,8,0,5,0,0,0,0,0,0,4,1,1,1,-1,-1,-1,-1,-1,-1,-1,-1
2016430296887,1,9,0,18,0,8,0,0,0,0,1,1,6,1,41,7,1997,2,5,4,1,4
2016430296887,2,9,0,18,0,8,0,0,0,0,3,1,6,2,34,6,2987,2,9,4,1,4
2016430296919,1,1,0,18,0,0,0,4,0,0,1,1,2,1,45,7,-1,-1,-1,10,2,10
2016430296919,2,9,0,2,0,0,0,0,0,0,2,1,6,3,-1,-1,-1,-1,-1,-1,-1,-1
2016430296940,1,9,0,4,0,0,0,0,0,0,1,1,6,1,57,9,5439,1,15,10,2,10
2016430296940,2,9,0,3,0,0,0,0,0,0,2,1,6,1,34,6,2400,2,6,9,1,9
2016430297013,1,9,0,7,0,6,0,0,0,0,1,1,6,1,41,7,-1,-1,-1,7,1,7
2016430297013,2,1,0,18,4,8,0,0,0,0,2,1,6,2,26,6,-1,-1,-1,5,1,5
2016430297061,1,9,0,7,0,5,0,0,0,0,0,1,6,3,-1,-1,-1,-1,-1,-1,-1,-1
2016430297061,2,1,0,18,4,8,1,0,0,0,4,1,6,1,25,5,-1,-1,-1,10,1,10
2016430297996,1,19,0,18,0,1,0,0,0,0,1,1,6,1,26,6,1995,2,5,7,1,7
2016430297996,2,9,0,10,0,1,0,0,0,0,2,1,6,2,61,9,1753,2,15,7,1,7
2016430297997,1,9,0,7,0,3,0,0,0,0,4,1,6,2,32,6,1422,2,11,5,1,5
2016430297997,2,9,0,7,0,3,0,0,0,0,3,1,2,1,18,4,1198,1,11,5,1,5
2016430298003,1,9,0,2,0,0,0,0,0,0,3,1,6,1,83,11,1339,1,5,10,1,10
2016430298022,1,11,0,5,0,4,0,0,0,0,0,1,1,1,50,8,9000,2,9,9,1,9
2016430298022,2,9,0,18,0,8,0,0,0,0,0,1,6,3,-1,-1,-1,-1,-1,-1,-1,-1
2016430298024,1,9,0,9,0,8,0,0,0,0,3,1,6,2,21,5,-1,-1,-1,6,1,6
2016430298024,2,9,0,18,0,8,0,0,0,0,1,1,6,1,78,11,1896,2,11,8,3,8
2016430298035,1,9,0,18,0,0,0,0,0,0,1,1,2,2,37,7,1796,1,11,5,1,5
2016430298035,2,8,0,3,0,0,0,0,0,0,2,1,2,1,31,6,1685,2,2,4,1,4
2016430298035,3,9,0,3,0,0,0,0,0,0,2,1,6,2,68,10,998,1,3,10,1,10
2016430298035,4,9,0,3,0,0,0,0,0,0,2,1,2,1,37,7,1968,2,11,5,1,5
2016430298053,1,3,0,14,0,8,0,0,0,0,1,1,6,1,21,5,125,1,16,7,1,7
2016430298053,2,9,0,9,0,6,0,0,0,0,3,1,6,1,43,7,1560,2,2,3,1,3
2016430298061,1,9,0,9,0,4,0,0,0,0,1,1,1,1,55,8,1598,1,9,3,1,3
2016430298061,2,1,0,18,0,8,0,0,0,0,4,1,1,1,54,8,-1,-1,-1,7,1,7
2016430298063,1,5,0,18,0,1,0,0,0,0,1,1,1,1,33,6,1170,1,3,9,3,9
2016430298063,2,9,0,9,0,6,0,0,0,0,3,1,6,2,26,6,1198,1,9,-1,-1,-1
2016430298073,1,9,0,9,0,5,0,0,0,0,3,1,6,1,40,7,1582,2,3,7,1,7
2016430298073,2,9,0,18,0,1,0,0,0,0,1,1,1,1,30,6,-1,-1,-1,9,3,9
2016430298078,1,9,0,9,0,6,0,0,0,0,1,1,2,2,52,8,1686,2,12,9,3,9
2016430298078,2,9,0,18,0,8,0,0,0,0,1,1,6,2,53,8,1242,1,19,8,1,8
2016430298102,1,9,0,17,0,0,0,0,0,0,1,1,2,1,19,4,1242,1,7,10,3,10
2016430298102,2,9,0,3,0,0,0,0,0,0,2,1,2,2,39,7,1461,2,4,4,1,4
2016430298102,3,9,0,3,0,0,0,0,0,0,2,1,2,2,22,5,1968,2,10,9,1,9
2016430298121,1,9,0,18,0,0,0,0,0,0,3,1,2,2,54,8,1461,2,5,8,3,8
2016430298178,1,9,0,4,0,1,0,0,0,0,1,1,2,2,54,8,1086,1,10,6,1,6
2016430298178,2,9,0,3,0,1,0,0,0,0,2,1,2,1,-1,-1,1896,2,11,10,1,10
2016430298178,3,9,0,3,0,1,0,0,0,0,2,1,2,1,38,7,1395,1,-1,6,1,6
2016430298242,1,9,0,18,0,4,0,0,0,0,3,1,6,1,21,5,1248,2,10,7,3,7
2016430298242,2,1,0,18,0,8,0,0,0,0,1,1,6,1,34,6,-1,-1,-1,10,1,10
2016430298280,1,9,0,9,0,8,0,0,0,0,1,1,6,1,25,5,1596,1,9,8,1,8
2016430298280,2,9,0,18,0,8,1,0,0,0,3,1,2,2,34,6,1598,1,6,-1,-1,-1
2016430298329,1,9,0,17,0,0,0,7,1,6,3,1,6,1,30,6,2143,2,4,4,1,4
2016430299084,1,8,0,18,0,0,0,0,0,0,1,1,1,1,30,6,1968,2,9,5,1,5
2016430299105,1,9,0,18,0,8,2,0,0,0,1,1,2,1,36,7,3597,1,7,8,3,8
2016430299105,2,9,0,9,0,5,1,0,0,0,1,1,6,2,51,8,3498,1,5,8,3,8
2016430299105,3,9,0,10,0,1,0,0,0,0,1,1,6,1,69,10,1753,2,10,7,3,7