Accident_Index,Vehicle_Reference,Vehicle_Type,Towing_and_Articulation,Vehicle_Manoeuvre,Vehicle_Location-Restricted_Lane,Junction_Location,Skidding_and_Overturning,Hit_Object_in_Carriageway,Vehicle_Leaving_Carriageway,Hit_Object_off_Carriageway,1st_Point_of_Impact,Was_Vehicle_Left_Hand_Drive?,Journey_Purpose_of_Driver,Sex_of_Driver,Age_of_Driver,Age_Band_of_Driver,Engine_Capacity_(CC),Propulsion_Code,Age_of_Vehicle,Driver_IMD_Decile,Driver_Home_Area_Type,Vehicle_IMD_Decile
2016430319732,1,3,0,18,0,8,0,0,0,0,4,1,2,2,40,7,125,1,1,-1,-1,-1
2016430319761,1,9,0,18,0,4,0,0,0,0,1,1,6,2,80,11,1598,1,16,4,1,4
2016430319761,2,9,0,18,0,8,0,10,1,1,4,1,1,2,27,6,1968,2,6,4,1,4
2016430319790,1,9,0,18,0,0,5,0,0,0,1,1,6,1,48,8,1595,1,9,8,1,8
2016430319790,2,9,0,2,0,0,0,0,0,0,1,1,6,3,-1,-1,1995,2,-1,-1,-1,-1
2016430319790,3,9,0,18,0,0,0,0,0,0,1,1,6,1,39,7,2720,2,10,6,1,6
2016430319790,4,9,0,2,9,0,0,0,0,0,2,1,6,3,-1,-1,1197,1,-1,-1,-1,-1
2016430319790,5,9,0,2,9,0,0,0,0,0,1,1,6,3,-1,-1,-1,-1,-1,-1,-1,-1
2016430319810,1,9,0,9,0,8,0,0,0,0,4,1,1,1,48,8,-1,-1,-1,4,1,4
2016430319810,2,9,0,18,0,1,1,0,1,2,3,1,6,1,38,7,1995,2,10,8,3,8
2016430319922,1,9,0,18,0,0,0,0,0,0,1,1,6,2,25,5,2143,2,3,10,1,10
2016430319922,2,9,0,4,0,0,0,0,0,0,2,1,6,2,33,6,1796,1,7,9,3,9
2016430319922,3,19,0,4,0,0,0,0,0,0,2,1,1,1,28,6,1598,2,-1,1,1,1
2016430319964,1,9,0,18,0,0,0,0,0,0,3,1,2,1,18,4,999,1,14,8,3,8
2016430319964,2,9,0,18,0,0,0,0,0,0,3,1,2,1,60,9,1998,2,10,6,1,6
2016430320024,1,9,0,18,0,0,0,0,0,0,4,1,6,1,-1,-1,-1,-1,-1,-1,-1,-1
2016430320064,1,9,0,18,0,0,0,0,0,0,1,1,6,2,34,6,1995,2,10,-1,-1,-1
2016430320064,2,9,0,5,0,0,0,0,0,0,3,1,6,1,36,7,2188,2,11,3,1,3
2016430320608,1,9,0,13,0,2,1,0,1,7,1,1,6,1,61,9,1910,2,9,9,1,9
2016430320608,2,9,0,1,0,1,0,0,0,0,0,1,6,3,-1,-1,-1,-1,-1,-1,-1,-1
2016430321040,1,9,0,18,0,1,0,0,0,0,1,1,6,1,23,5,1242,1,6,6,1,6
2016430321040,2,9,0,8,0,1,0,0,0,0,2,1,6,2,43,7,1995,2,7,2,1,2
2016430321057,1,9,0,18,0,0,0,0,1,10,1,1,6,2,18,4,1242,1,5,9,1,9
2016430321069,1,9,0,18,0,0,1,0,0,0,1,1,2,1,49,8,1497,1,11,5,1,5
2016430321069,2,9,0,3,0,0,0,0,0,0,2,1,6,1,21,5,998,1,3,3,1,3
2016430321070,1,9,0,18,0,8,0,0,0,0,1,1,6,1,26,6,1685,2,3,10,1,10
2016430321070,2,9,0,18,0,8,0,10,1,4,1,1,6,2,66,10,1329,1,4,4,1,4
2016430321070,3,9,0,18,0,8,0,0,0,0,1,1,6,1,78,11,1596,1,6,8,1,8
2016430321078,1,9,0,18,0,0,0,0,0,0,1,1,6,1,34,6,1582,2,-1,4,1,4
2016430321078,2,9,0,18,0,0,0,0,0,0,2,1,6,2,69,10,1997,1,18,6,1,6
2016430321123,1,9,0,18,0,0,0,0,0,0,0,1,6,3,-1,-1,-1,-1,-1,-1,-1,-1
2016430321123,2,1,0,18,0,0,0,0,0,0,0,1,2,2,-1,-1,-1,-1,-1,9,1,9
2016430321126,1,9,0,16,0,0,2,0,1,9,1,1,6,2,19,4,1242,1,6,5,1,5
2016430321132,1,9,0,3,0,0,0,0,0,0,4,1,6,1,40,7,1995,2,12,-1,-1,-1
2016430321132,2,1,0,15,0,0,0,0,0,0,1,1,2,1,45,7,-1,-1,-1,4,1,4
2016430321142,1,5,0,18,0,3,1,0,0,0,0,1,6,1,30,6,996,1,13,3,1,3
2016430321147,1,9,0,18,0,6,0,0,0,0,4,1,3,2,72,10,1390,1,16,8,3,8
2016430321147,2,9,0,18,0,8,0,0,0,0,1,1,2,1,63,9,1596,1,6,7,1,7
2016430321175,1,9,0,18,0,1,0,0,0,0,1,1,6,1,30,6,-1,-1,-1,-1,-1,-1
2016430321175,2,9,0,3,0,1,0,0,0,0,2,1,6,2,60,9,1995,2,6,10,1,10
2016430321177,1,9,0,9,0,6,0,0,8,10,3,1,6,2,77,11,1498,1,7,10,1,10
2016430321177,2,19,0,16,0,1,1,0,0,0,1,1,1,1,37,7,2461,2,10,6,2,6
2016430321201,1,9,0,18,0,0,5,4,0,0,1,1,6,1,73,10,1998,1,1,9,1,9
2016430321201,2,9,0,2,0,0,0,0,0,0,2,1,6,3,-1,-1,1398,1,2,-1,-1,-1
2016430321201,3,9,0,2,0,0,0,0,0,0,2,1,6,3,-1,-1,-1,-1,-1,-1,-1,-1
2016430321201,4,19,0,2,0,0,0,0,0,0,1,1,6,3,-1,-1,-1,-1,-1,-1,-1,-1
2016430321228,1,9,0,9,0,6,0,0,0,0,3,1,6,2,37,7,1598,1,12,-1,-1,-1
2016430321228,2,9,0,18,0,1,0,0,0,0,1,1,6,2,39,7,1598,1,9,7,1,7
2016430321233,1,19,0,18,0,0,0,0,1,4,1,1,1,1,63,9,1968,2,1,6,1,6
2016430321263,1,9,0,16,0,0,1,0,0,0,1,1,6,1,21,5,1390,1,20,7,1,7
2016430321263,2,9,0,17,0,0,0,0,0,0,1,1,6,2,65,9,1395,1,-1,10,1,10
2016430321268,1,9,0,7,0,5,2,10,1,0,3,1,6,2,21,5,1360,1,9,4,1,4
2016430321278,1,9,0,18,0,0,0,0,0,0,1,1,6,2,74,10,1339,1,10,9,3,9
2016430321278,2,9,0,2,0,0,0,0,0,0,2,1,6,3,-1,-1,1296,1,8,-1,-1,-1
2016430321303,1,9,0,18,0,0,0,0,0,0,1,1,6,1,30,6,1596,1,11,2,1,2
2016430321303,2,9,0,18,0,0,0,0,0,0,1,1,6,2,27,6,-1,-1,-1,7,1,7
2016430321307,1,9,0,18,0,0,5,0,7,0,0,1,2,1,22,5,1229,1,3,10,2,10
2016430321327,1,9,0,18,0,4,0,0,1,0,1,1,6,2,19,4,1229,1,4,9,1,9
2016430321327,2,9,0,9,0,8,0,0,0,0,1,1,6,2,25,5,1999,1,12,10,1,10
2016430321345,1,9,0,18,0,0,0,0,0,0,1,1,6,2,-1,-1,1598,2,2,6,1,6
2016430321345,2,9,0,3,0,0,0,0,0,0,2,1,1,2,31,6,1598,2,1,10,1,10
2016430321345,3,9,0,3,0,0,0,0,0,0,2,1,6,1,-1,-1,1560,2,6,9,3,9
2016430321345,4,9,0,3,0,0,0,0,0,0,2,1,6,1,-1,-1,1242,1,10,6,1,6
2016430321354,1,9,0,18,0,4,0,0,0,0,1,1,6,1,47,8,1590,1,13,10,2,10
2016430321354,2,1,0,18,0,8,0,0,0,0,4,1,6,1,46,8,-1,-1,-1,8,2,8
2016430321363,1,9,0,9,0,6,0,0,0,0,4,1,6,2,54,8,1198,1,3,10,1,10
2016430322244,1,1,0,18,0,8,0,0,0,0,1,1,2,1,52,8,-1,-1,-1,-1,-1,-1
2016430322244,2,9,0,18,0,2,0,0,0,0,3,1,2,1,19,4,1329,1,7,6,1,6
2016430323374,1,1,0,18,9,0,0,0,0,0,4,1,3,1,29,6,-1,-1,-1,4,1,4
2016430323377,1,9,0,18,0,8,0,0,0,0,1,1,6,1,31,6,1149,1,11,10,2,10
2016430323377,2,9,0,18,0,8,0,0,0,0,4,1,6,2,29,6,1399,2,12,4,1,4
2016430323379,1,9,0,18,0,1,0,0,0,0,1,1,6,1,74,10,1396,1,2,5,1,5
2016430323379,2,9,0,4,0,1,0,0,0,0,2,1,6,1,31,6,1896,2,13,5,1,5
2016430323379,3,90,0,9,0,8,0,0,0,0,0,1,1,2,51,8,-1,-1,-1,8,1,8
2016430323397,1,9,0,5,0,6,0,0,0,0,1,1,6,1,35,6,1984,1,6,-1,-1,-1
2016430323397,2,1,0,18,0,1,1,0,0,0,1,1,1,1,27,6,-1,-1,-1,4,1,4
2016430323403,1,19,0,18,0,0,1,0,0,0,1,1,1,1,57,9,2198,2,1,6,1,6
2016430323403,2,21,0,18,0,0,0,0,0,0,2,1,1,1,63,9,10837,2,-1,-1,-1,-1
2016430323407,1,9,0,18,9,6,0,0,0,0,1,1,6,1,-1,-1,-1,-1,-1,-1,-1,-1
2016430323413,1,1,0,17,0,0,0,0,0,0,3,1,6,1,42,7,-1,-1,-1,9,3,9
2016430323433,1,9,0,17,0,0,2,10,1,9,4,1,6,1,24,5,1560,2,11,3,1,3
2016430323442,1,9,0,9,0,7,0,0,0,0,1,1,6,1,31,6,1700,2,17,5,1,5
2016430323442,2,9,0,18,0,1,0,0,0,0,4,1,6,2,31,6,1582,2,8,8,1,8
2016430323490,1,9,0,18,0,0,2,0,1,4,1,1,2,1,33,6,1242,1,14,2,1,2
2016430323497,1,9,0,18,0,0,0,0,0,0,1,1,6,1,77,11,1995,1,14,7,2,7
2016430323507,1,9,0,7,0,6,0,0,0,0,3,1,3,1,36,7,-1,-1,-1,2,1,2
2016430323507,2,1,0,18,0,1,0,0,0,0,3,1,2,2,59,9,-1,-1,-1,7,1,7
2016430323562,1,9,0,4,0,1,1,0,0,0,1,1,6,1,-1,-1,1910,2,8,-1,-1,-1
2016430323562,2,9,0,4,0,1,1,0,0,0,2,1,6,1,59,9,1461,2,4,10,1,10
2016430323618,1,9,0,18,0,0,1,0,6,0,4,1,6,1,52,8,-1,-1,-1,10,1,10
2016430323618,2,9,0,18,0,0,0,0,0,0,1,1,6,1,67,10,999,1,1,-1,-1,-1
2016430323624,1,9,0,17,0,1,1,0,0,0,1,1,1,2,26,6,998,1,-1,9,1,9
2016430323624,2,9,0,3,0,1,0,0,0,0,2,1,1,2,29,6,1598,1,13,3,1,3
2016430323624,3,9,0,3,0,1,0,0,0,0,2,1,6,1,57,9,1598,1,9,6,1,6
2016430324028,1,9,0,18,0,8,0,0,0,0,3,1,6,1,25,5,-1,-1,-1,-1,-1,-1
2016430324075,1,9,0,18,0,4,0,0,0,0,1,1,3,1,40,7,1587,1,11,-1,-1,-1
2016430324075,2,9,0,9,0,3,0,0,0,0,4,1,3,2,33,6,1598,1,11,3,1,3
2016430324106,1,9,0,9,0,5,0,0,0,0,4,1,6,2,18,4,1390,1,10,6,1,6
2016430324106,2,3,0,18,0,1,0,0,0,0,1,1,6,1,24,5,-1,-1,-1,5,1,5
2016430324106,3,9,0,18,0,1,0,0,0,0,1,1,6,1,30,6,-1,-1,-1,5,1,5
2016430326152,1,9,0,18,0,0,0,0,0,0,1,1,6,1,25,5,1598,1,12,-1,-1,-1
2016430326164,1,9,0,9,0,5,0,0,0,0,1,1,6,2,23,5,-1,-1,-1,6,1,6
2016430326164,2,9,0,18,0,8,0,0,0,0,1,1,6,1,48,8,1598,1,11,7,3,7
2016430326164,3,9,0,10,0,1,0,0,0,0,1,1,6,1,54,8,2184,2,11,2,1,2
2016430326170,1,9,0,13,0,0,0,0,7,10,1,1,6,1,21,5,1896,1,18,8,2,8
2016430326170,2,9,0,18,0,0,0,0,0,0,0,1,6,3,-1,-1,-1,-1,-1,-1,-1,-1
2016430326184,1,9,0,9,0,5,0,0,0,0,1,1,6,1,-1,-1,1591,1,2,-1,-1,-1
2016430326184,2,9,0,18,0,8,0,10,1,0,1,1,6,1,28,6,-1,-1,-1,9,1,9
2016430326199,1,9,0,9,0,5,0,0,0,0,1,1,6,1,42,7,1796,1,13,10,1,10
2016430326199,2,5,0,18,0,8,0,0,0,0,1,1,6,1,58,9,124,1,-1,10,2,10
2016430326206,1,9,0,17,0,0,0,0,0,0,1,1,6,1,76,11,1910,2,11,10,1,10
2016430326206,2,9,0,18,0,0,0,0,0,0,1,1,6,2,53,8,1242,1,4,10,1,10
2016430326214,1,9,0,2,0,0,0,0,0,0,3,1,6,1,20,4,1199,1,12,10,1,10
2016430326214,2,1,0,18,0,0,0,8,0,0,1,1,6,2,54,8,-1,-1,-1,6,1,6
2016430326215,1,9,0,18,0,0,0,0,0,0,1,1,6,1,22,5,1199,1,13,9,1,9
2016430326215,2,9,0,4,0,0,0,0,0,0,2,1,6,1,38,7,1997,2,7,10,1,10
2016430326216,1,9,0,4,0,1,0,0,0,0,3,1,6,1,76,11,2497,1,17,3,1,3
2016430326216,2,1,0,18,0,1,0,0,0,0,2,1,6,1,65,9,-1,-1,-1,3,1,3
2016430326229,1,3,0,4,0,1,1,0,0,0,4,1,2,1,20,4,125,1,2,9,1,9
2016430326232,1,9,0,18,0,1,0,0,0,0,1,1,6,2,23,5,1149,1,11,10,1,10
2016430326232,2,9,0,3,0,1,0,0,0,0,2,1,6,2,41,7,1999,2,-1,7,3,7
2016430326251,1,9,0,18,0,0,0,0,7,3,1,1,6,2,69,10,1199,1,14,9,1,9
2016430326287,1,9,0,18,0,0,0,0,0,0,3,1,6,1,72,10,1242,1,9,8,1,8
2016430326287,2,9,0,18,0,0,0,0,0,0,3,1,6,2,57,9,1242,1,1,10,1,10
2016430326290,1,8,0,9,0,8,0,0,0,0,1,1,6,1,40,7,-1,-1,-1,-1,-1,-1
2016430326290,2,1,0,3,0,8,0,0,0,0,1,1,6,2,22,5,-1,-1,-1,6,1,6
2016430326314,1,5,0,18,0,1,1,0,0,0,2,1,2,1,56,9,1293,1,4,10,3,10
2016430326314,2,9,0,9,0,6,1,0,0,0,1,1,2,1,28,6,1598,2,1,9,1,9
2016430326327,1,9,0,18,0,0,0,0,0,0,1,1,6,1,44,7,1797,8,6,-1,-1,-1
2016430326339,1,9,0,18,0,0,0,0,0,0,1,1,6,3,-1,-1,-1,-1,-1,-1,-1,-1
2016430326339,2,1,0,18,0,0,0,0,0,0,3,1,6,1,20,4,-1,-1,-1,7,1,7
2016430326358,1,9,0,9,0,4,0,0,0,0,3,1,6,1,70,10,2199,2,5,10,2,10
2016430326358,2,9,0,18,0,8,0,0,1,2,4,1,6,2,25,5,1560,2,7,5,1,5
2016430326359,1,21,1,11,0,0,0,0,0,0,4,1,1,1,48,8,12419,2,-1,9,1,9
2016430326359,2,9,0,18,0,0,0,0,0,0,3,1,6,1,46,8,998,1,1,9,1,9
2016430326364,1,8,0,5,0,5,0,0,0,0,1,1,1,1,36,7,1896,2,9,-1,-1,-1
2016430326382,1,21,0,18,0,0,0,0,0,0,1,1,1,1,30,6,12809,2,1,6,1,6
2016430326383,1,9,0,13,0,0,1,0,1,11,1,1,6,2,20,4,1590,1,11,5,1,5
2016430326383,2,9,0,18,0,0,0,0,0,0,0,1,6,3,-1,-1,-1,-1,-1,-1,-1,-1
2016430326391,1,9,0,17,0,2,0,0,0,0,1,1,6,2,71,10,1598,1,17,9,3,9
2016430326420,1,9,0,9,0,6,0,0,0,0,1,1,6,2,33,6,2148,2,12,4,1,4
2016430326420,2,9,0,18,0,1,0,0,0,0,4,1,6,1,41,7,1596,1,13,-1,-1,-1
2016430326472,1,9,0,4,0,0,1,0,0,0,1,1,1,2,22,5,1598,1,5,10,1,10
2016430326472,2,9,0,4,0,0,0,0,0,0,2,1,6,1,45,7,1360,1,12,6,1,6
2016430326472,3,9,0,4,0,0,0,0,0,0,2,1,1,1,45,7,1398,1,7,6,1,6
2016430326479,1,9,0,18,0,1,0,0,0,0,1,1,6,1,18,4,1998,2,12,8,1,8
2016430326479,2,9,0,4,0,1,0,0,0,0,2,1,6,1,45,7,3456,8,3,10,1,10
2016430326479,3,9,0,3,0,1,0,0,0,0,2,1,6,2,47,8,1995,2,9,10,1,10
2016430326511,1,19,0,9,0,5,0,0,0,0,1,1,1,1,24,5,2198,2,1,7,2,7
2016430326511,2,1,0,16,0,1,0,0,0,0,1,1,6,1,27,6,-1,-1,-1,3,1,3
2016430326511,3,19,0,3,0,1,0,0,0,0,0,1,6,3,-1,-1,-1,-1,-1,-1,-1,-1
2016430326523,1,9,0,18,0,1,0,0,0,0,1,1,6,2,50,8,-1,-1,-1,3,1,3
2016430326684,1,3,0,18,0,1,0,0,0,0,1,1,2,1,18,4,125,1,5,5,1,5
2016430326684,2,9,0,10,0,1,0,0,0,0,2,1,2,2,22,5,1248,2,2,5,1,5
2016430327355,1,19,0,18,0,0,0,0,0,0,1,1,6,1,-1,-1,1399,2,12,-1,-1,-1
2016430327355,2,9,0,18,0,0,0,0,0,0,1,1,6,1,54,8,1598,1,12,9,2,9
2016430327355,3,9,0,18,0,0,0,0,0,0,1,1,6,2,22,5,-1,-1,-1,10,2,10
2016430327362,1,1,0,9,0,6,0,0,0,0,3,1,6,1,11,3,-1,-1,-1,10,1,10
2016430327362,2,9,0,18,0,1,0,0,0,0,1,1,6,2,47,8,1598,1,13,10,2,10
2016430327376,1,9,0,7,0,4,2,9,3,2,1,1,6,1,84,11,1998,1,17,9,1,9
2016430327389,1,1,0,18,0,4,1,0,0,0,4,1,1,1,58,9,-1,-1,-1,8,3,8
2016430327432,1,9,0,18,0,0,5,10,1,9,4,1,6,1,17,4,1229,1,9,-1,-1,-1
2016430327440,1,1,0,18,0,0,0,0,0,0,1,1,6,1,16,4,-1,-1,-1,2,1,2
2016430327440,2,9,0,3,0,0,0,0,0,0,2,1,6,2,49,8,1198,1,1,8,1,8
2016430327445,1,9,0,12,0,0,1,0,0,0,1,1,6,2,60,9,1591,1,4,10,1,10
2016430327445,2,9,0,18,0,0,0,0,0,0,4,1,6,2,51,8,1968,2,4,9,3,9
2016430327445,3,9,0,11,0,0,0,0,0,0,1,1,6,1,54,8,1198,1,12,8,1,8
2016430327445,4,9,0,18,0,0,0,0,1,0,3,1,6,1,52,8,4966,1,11,5,1,5
2016430327463,1,9,0,17,0,1,1,0,2,10,4,1,1,1,22,5,-1,-1,-1,6,1,6
2016430327466,1,9,0,7,0,2,0,0,0,0,0,1,2,2,49,8,1997,2,13,9,3,9
2016430327466,2,3,0,18,0,2,1,0,0,0,0,1,2,1,23,5,124,1,7,7,3,7
2016430327469,1,21,0,4,0,0,0,0,0,0,1,1,1,1,41,7,10837,2,3,-1,-1,-1
2016430327469,2,9,0,4,0,0,0,0,0,0,2,1,6,2,80,11,2148,2,13,5,1,5
2016430327469,3,19,0,4,0,0,0,0,0,0,2,1,1,1,40,7,1598,2,2,5,1,5
2016430327469,4,9,0,4,0,0,0,0,0,0,2,1,6,1,38,7,1896,2,7,10,2,10
2016430327469,5,9,0,4,0,0,0,0,0,0,2,1,6,1,52,8,5000,1,5,10,1,10
2016430327496,1,9,0,18,0,0,0,0,0,0,1,1,6,1,29,6,1984,1,11,2,1,2
2016430327519,1,9,0,1,0,2,0,0,0,0,2,1,6,2,55,8,1242,1,4,-1,-1,-1
2016430327519,2,1,0,18,0,1,0,0,0,0,1,1,6,2,46,8,-1,-1,-1,10,1,10
2016430327520,1,9,0,18,0,8,0,0,0,0,1,1,6,2,25,5,1968,2,-1,10,1,10
2016430327520,2,9,0,9,0,5,0,0,0,0,3,1,3,2,29,6,1798,1,9,-1,-1,-1
2016430327531,1,9,0,16,0,0,0,0,7,4,1,1,6,2,20,4,1149,1,17,8,1,8
2016430327581,1,21,1,1,0,8,0,0,0,0,2,1,1,1,52,8,-1,-1,-1,-1,-1,-1
2016430327581,2,9,0,18,0,8,0,0,0,0,1,1,6,1,25,5,-1,-1,-1,5,1,5
2016430327589,1,9,0,9,0,8,1,0,1,1,3,1,2,2,32,6,1198,1,13,5,1,5
2016430327589,2,9,0,18,0,1,0,0,0,0,1,1,2,2,24,5,1995,2,8,5,1,5
2016430327625,1,9,0,18,0,3,0,0,0,0,1,1,6,1,43,7,1596,1,11,2,1,2
2016430327631,1,9,0,18,0,2,0,0,1,2,1,1,2,2,18,4,1299,1,8,8,1,8
2016430327655,1,9,0,7,0,5,0,0,0,0,4,1,1,2,47,8,998,1,2,-1,-1,-1
2016430327673,1,19,0,4,0,1,0,0,0,0,1,1,6,1,38,7,1248,2,4,7,1,7
2016430327676,1,9,0,4,0,0,0,0,0,0,4,1,6,2,30,6,1968,2,7,-1,-1,-1
2016430327704,1,9,0,9,0,8,0,0,0,0,1,1,6,2,22,5,1995,2,7,3,1,3
2016430327704,2,9,0,9,0,8,0,0,0,0,4,1,6,1,24,5,1198,1,10,3,1,3
2016430327745,1,9,0,18,0,0,0,0,0,0,1,1,6,1,20,4,1686,2,4,6,1,6
2016430327745,2,9,0,2,0,0,0,0,0,0,2,1,6,1,44,7,1997,2,6,7,3,7
2016430327860,1,9,0,18,0,0,0,0,0,0,1,1,6,1,65,9,1598,2,5,6,3,6
2016430327882,1,5,0,18,0,0,0,0,0,0,1,1,6,1,67,10,885,1,21,5,1,5
2016430327882,2,9,0,9,7,0,0,0,0,0,2,1,6,1,50,8,1598,2,6,7,1,7
2016430328548,1,9,0,18,0,0,0,0,0,0,1,1,6,1,84,11,1197,1,3,10,1,10
2016430328548,2,9,0,4,0,0,0,0,0,0,2,1,6,1,61,9,-1,-1,-1,9,3,9
2016430328583,1,9,0,18,0,3,0,0,0,0,1,1,6,1,33,6,-1,-1,-1,-1,-1,-1
2016430328586,1,9,0,18,0,0,0,0,0,0,1,1,6,2,46,8,1968,2,11,9,1,9
2016430328586,2,1,0,18,0,0,0,0,0,0,2,1,6,1,18,4,-1,-1,-1,-1,-1,-1
2016430328589,1,19,0,17,0,0,0,0,7,0,1,1,1,1,37,7,2198,2,4,10,1,10
2016430328589,2,9,0,16,0,0,0,0,0,0,1,1,6,2,34,6,1984,1,15,9,1,9
2016430328617,1,9,0,18,0,0,0,0,0,0,3,1,6,1,30,6,1229,1,5,-1,-1,-1
2016430328625,1,9,0,7,0,8,0,0,0,0,1,1,6,2,-1,-1,-1,-1,-1,-1,-1,-1
2016430328625,2,9,0,10,0,1,0,0,0,0,3,1,1,2,28,6,1149,1,4,4,1,4
2016430328629,1,9,0,13,0,1,0,0,0,0,4,1,6,1,43,7,1596,1,7,5,1,5
2016430328629,2,9,0,9,0,5,0,0,0,0,3,1,6,2,41,7,1598,1,8,-1,-1,-1
2016430328641,1,2,0,18,0,1,0,0,0,0,1,1,1,2,-1,-1,49,1,1,-1,-1,-1
2016430328641,2,9,0,3,0,1,0,0,0,0,2,1,1,1,29,6,1390,1,5,-1,-1,-1
2016430328661,1,9,0,7,0,8,0,0,0,0,1,1,6,3,-1,-1,-1,-1,-1,-1,-1,-1
2016430328661,2,9,0,18,0,8,0,0,0,0,4,1,6,2,44,7,1360,1,13,5,1,5
2016430328692,1,9,0,18,0,0,0,0,0,0,1,1,1,1,59,9,2143,2,6,-1,-1,-1
2016430328692,2,9,0,18,0,0,0,0,0,0,1,1,6,3,-1,-1,-1,-1,-1,-1,-1,-1
2016430328717,1,9,0,18,0,0,2,0,7,5,3,1,6,2,30,6,875,1,-1,4,1,4
2016430328721,1,9,0,16,0,1,1,0,1,1,3,1,1,1,20,4,1596,1,13,8,3,8
2016430328721,2,9,0,2,0,2,0,0,0,0,2,1,6,3,-1,-1,2495,2,17,6,3,6
2016430328752,1,9,0,4,0,4,0,0,0,0,1,1,2,2,36,7,1596,1,14,7,1,7
2016430328752,2,9,0,4,0,4,0,0,0,0,2,1,2,2,47,8,1598,1,8,5,1,5
2016430328768,1,9,0,17,0,0,0,0,0,0,1,1,2,1,37,7,1398,1,18,6,1,6
2016430328768,2,9,0,16,0,0,0,0,0,0,1,1,2,1,18,4,1596,1,12,9,1,9
2016430328797,1,9,0,18,0,8,0,0,0,0,1,1,2,2,30,6,-1,-1,-1,-1,-1,-1
2016430328797,2,9,0,18,0,8,0,0,0,0,3,1,6,2,31,6,1299,1,14,-1,-1,-1
2016430328818,1,3,0,18,0,0,0,0,1,7,1,1,6,1,22,5,125,1,1,4,1,4
2016430328852,1,9,0,7,0,5,1,10,4,1,1,1,6,1,27,6,1796,1,14,-1,-1,-1
2016430328852,2,9,0,7,0,6,0,0,0,0,3,1,6,3,-1,-1,-1,-1,-1,-1,-1,-1
2016430328878,1,9,0,18,0,6,1,0,0,0,1,1,6,2,18,4,1242,1,7,10,2,10
2016430328878,2,11,0,18,0,8,0,0,0,0,4,1,1,1,27,6,9000,5,3,10,1,10
2016430328889,1,9,0,7,0,4,1,0,0,0,1,1,6,2,19,4,998,1,-1,7,1,7
2016430328889,2,1,0,18,0,8,0,0,0,0,4,1,6,1,41,7,-1,-1,-1,9,1,9
2016430328919,1,9,0,18,0,0,0,0,0,0,1,1,6,2,59,9,1560,2,-1,8,1,8
2016430328930,1,9,0,18,0,1,0,0,0,0,1,1,6,2,-1,-1,-1,-1,-1,-1,-1,-1
2016430329267,1,9,0,5,0,8,0,0,0,0,3,1,6,2,61,9,1398,1,2,7,2,7
2016430329267,2,9,0,5,0,8,0,0,0,0,1,1,6,2,36,7,1995,2,13,7,1,7
2016430329815,1,9,0,9,0,6,0,0,0,0,1,1,6,2,24,5,-1,-1,-1,-1,-1,-1
2016430329815,2,9,0,18,0,1,5,0,0,0,4,1,6,2,44,7,2521,1,6,7,3,7
2016430329854,1,9,0,18,0,0,0,0,0,0,1,1,6,1,36,7,1968,2,7,5,1,5
2016430329854,2,9,0,4,0,0,0,0,0,0,2,1,6,1,58,9,1386,1,7,9,3,9
2016430329854,3,9,0,4,0,0,0,0,0,0,2,1,6,1,63,9,2398,1,16,3,1,3
2016430329870,1,9,0,18,0,0,0,0,0,0,1,1,6,2,35,6,1590,1,14,-1,-1,-1
2016430329870,2,1,0,18,0,0,0,0,0,0,3,1,4,1,16,4,-1,-1,-1,7,1,7
2016430329887,1,9,0,18,0,4,0,0,0,0,1,1,6,1,49,8,1596,1,15,7,1,7
2016430329887,2,1,0,18,0,8,0,0,0,0,4,1,6,2,24,5,-1,-1,-1,10,1,10
2016430329900,1,9,0,5,0,8,0,0,0,0,0,1,6,1,66,10,1461,2,1,6,3,6
2016430329958,1,9,0,7,0,6,0,0,0,0,4,1,6,1,34,6,1598,1,3,7,1,7
2016430329958,2,1,0,18,5,8,0,0,0,0,1,1,6,1,34,6,-1,-1,-1,5,1,5
2016430329959,1,9,0,9,0,5,0,0,0,0,1,1,6,1,22,5,1360,1,10,10,1,10
2016430329959,2,9,0,18,0,8,0,0,0,0,1,1,6,2,23,5,1896,2,12,5,1,5
2016430330013,1,19,0,1,0,0,0,0,0,0,2,1,1,1,46,8,2298,2,2,8,1,8
2016430330061,1,21,0,18,0,0,0,0,0,0,2,1,6,3,-1,-1,-1,-1,-1,-1,-1,-1
2016430330061,2,9,0,18,0,0,1,0,0,0,1,1,6,1,27,6,2183,2,5,4,1,4
2016430330127,1,9,0,17,0,0,1,0,2,3,1,1,6,1,36,7,1910,2,11,10,3,10
2016430330167,1,9,0,16,0,0,1,0,7,4,3,1,6,2,49,8,1229,1,11,10,3,10
2016430330254,1,9,0,9,0,6,0,0,0,0,3,1,2,2,24,5,1598,1,13,5,1,5
2016430330254,2,3,0,14,0,1,0,0,0,0,1,1,2,1,27,6,124,1,1,4,1,4
2016430330316,1,9,0,18,0,0,0,0,0,0,1,1,2,1,52,8,1995,2,6,8,1,8
2016430330316,2,9,0,4,0,0,0,0,0,0,2,1,6,1,66,10,1461,2,2,9,2,9