Accident_Index,Vehicle_Reference,Vehicle_Type,Towing_and_Articulation,Vehicle_Manoeuvre,Vehicle_Location-Restricted_Lane,Junction_Location,Skidding_and_Overturning,Hit_Object_in_Carriageway,Vehicle_Leaving_Carriageway,Hit_Object_off_Carriageway,1st_Point_of_Impact,Was_Vehicle_Left_Hand_Drive?,Journey_Purpose_of_Driver,Sex_of_Driver,Age_of_Driver,Age_Band_of_Driver,Engine_Capacity_(CC),Propulsion_Code,Age_of_Vehicle,Driver_IMD_Decile,Driver_Home_Area_Type,Vehicle_IMD_Decile
2016430341749,2,4,0,4,0,0,0,0,7,11,2,1,2,1,51,8,659,1,11,7,1,7
2016430341749,3,9,0,4,0,0,0,0,0,0,2,1,2,2,39,7,1598,1,6,10,1,10
2016430341898,1,9,0,18,0,1,0,0,0,0,1,1,6,1,38,7,1341,1,14,6,1,6
2016430341898,2,10,0,3,0,1,0,0,0,0,2,1,1,1,32,6,2198,2,5,3,1,3
2016430341968,1,9,0,2,0,0,0,0,0,0,3,1,6,3,-1,-1,1796,1,17,5,1,5
2016430341968,2,1,0,14,0,0,0,8,0,0,1,1,6,2,38,7,-1,-1,-1,9,1,9
2016430342063,1,9,0,1,0,0,0,0,0,0,2,1,6,3,-1,-1,-1,-1,-1,-1,-1,-1
2016430342066,1,9,0,18,0,8,0,0,0,0,1,1,1,2,30,6,1598,2,1,9,1,9
2016430342066,2,9,0,18,0,8,0,0,0,0,3,1,1,1,55,8,1956,2,1,9,3,9
2016430342078,1,9,0,9,0,5,0,0,0,0,3,1,6,1,42,7,1995,2,-1,7,1,7
2016430342078,2,2,0,18,0,8,0,0,0,0,1,1,2,1,16,4,49,1,10,-1,-1,-1
2016430342097,1,19,0,18,0,8,0,0,0,0,1,1,6,1,51,8,2148,2,7,-1,-1,-1
2016430342097,2,9,0,3,0,8,0,0,0,0,2,1,6,1,44,7,1896,2,12,5,1,5
2016430342132,1,9,0,1,0,0,0,0,0,0,2,1,1,2,23,5,1995,2,8,9,3,9
2016430342132,2,8,0,2,0,0,0,0,0,0,2,1,6,1,36,7,1798,8,3,7,1,7
2016430342133,1,9,0,18,0,8,0,0,0,0,1,1,6,1,46,8,1598,1,17,7,2,7
2016430342133,2,9,0,18,0,4,0,0,0,0,3,1,6,1,36,7,1363,2,11,8,1,8
2016430342187,1,11,0,5,2,1,0,0,0,0,1,1,1,1,58,9,-1,-1,-1,10,1,10
2016430342298,1,9,0,5,0,0,0,0,0,0,0,1,6,1,39,7,1339,8,4,5,1,5
2016430342298,2,9,0,5,0,0,5,0,7,9,0,1,6,2,38,7,2204,2,9,5,1,5
2016430342350,1,9,0,1,9,0,0,0,0,0,2,1,6,2,-1,-1,-1,-1,-1,-1,-1,-1
2016430342364,1,9,0,7,0,3,0,0,1,1,1,1,6,2,42,7,1390,1,5,8,1,8
2016430342469,1,9,0,9,0,8,0,0,0,0,1,1,6,2,51,8,1797,8,1,7,1,7
2016430342469,2,9,0,18,0,8,0,4,0,0,4,1,6,2,37,7,1586,1,4,8,1,8
2016430342474,1,8,0,9,0,8,0,0,0,0,0,1,1,1,-1,-1,-1,-1,-1,-1,-1,-1
2016430342474,2,2,0,18,0,1,0,0,0,0,0,1,1,1,23,5,49,1,5,2,1,2
2016430342613,1,9,0,18,0,0,0,0,0,0,3,1,6,1,78,11,1995,2,1,-1,-1,-1
2016430342613,2,9,0,2,0,0,0,0,0,0,4,1,6,3,-1,-1,1199,1,12,-1,-1,-1
2016430342644,1,9,0,9,0,8,0,0,0,0,3,1,6,2,63,9,1598,1,12,-1,-1,-1
2016430342644,2,1,0,18,0,8,0,0,0,0,2,1,6,1,45,7,-1,-1,-1,9,2,9
2016430342929,1,9,0,6,0,0,0,0,0,0,3,1,6,1,30,6,1796,1,14,9,1,9
2016430342929,2,3,0,18,0,0,0,0,0,0,1,1,6,1,36,7,125,1,7,4,1,4
2016430342938,1,9,0,18,0,1,0,0,0,0,1,1,6,1,19,4,1968,2,6,3,1,3
2016430342938,2,9,0,3,0,1,0,0,0,0,2,1,6,1,49,8,1422,2,14,7,1,7
2016430342938,3,9,0,3,0,1,0,0,0,0,2,1,6,2,25,5,1242,1,1,6,1,6
2016430342938,4,9,0,9,0,5,0,0,0,0,0,1,6,3,-1,-1,-1,-1,-1,-1,-1,-1
2016430342939,1,9,0,9,0,5,0,0,0,0,1,1,6,2,74,10,1332,1,17,7,1,7
2016430342939,2,1,0,4,0,8,0,0,0,0,3,1,2,1,23,5,-1,-1,-1,2,1,2
2016430342949,1,9,0,16,0,0,0,0,0,0,1,1,6,1,93,11,1390,1,12,9,1,9
2016430342949,2,17,4,16,0,0,0,0,0,0,2,1,1,1,50,8,2930,2,14,6,3,6
2016430342976,1,9,0,16,0,0,1,0,7,4,1,1,2,2,31,6,1598,1,13,9,1,9
2016430343005,1,9,0,9,0,6,0,0,0,0,0,1,6,2,19,4,1390,1,10,-1,-1,-1
2016430343005,2,3,0,18,0,1,0,0,7,11,1,1,6,1,35,6,125,1,-1,3,1,3
2016430343006,1,9,0,18,0,0,0,0,0,0,4,1,6,2,30,6,1200,1,2,-1,-1,-1
2016430343020,1,3,0,18,0,1,0,0,0,0,0,1,6,1,30,6,124,1,-1,3,1,3
2016430343020,2,19,0,12,0,1,0,0,0,0,3,1,6,1,62,9,2402,2,10,5,3,5
2016430343020,3,9,0,18,0,1,0,0,0,0,4,1,6,2,53,8,2967,2,4,10,3,10
2016430343021,1,19,0,2,0,0,0,0,0,0,3,1,1,1,51,8,1499,2,-1,2,1,2
2016430343021,2,1,0,14,0,0,0,8,0,0,4,1,6,1,51,8,-1,-1,-1,10,1,10
2016430343035,1,1,0,5,0,4,0,0,0,0,3,1,6,1,30,6,-1,-1,-1,-1,-1,-1
2016430343035,2,9,0,5,0,4,0,0,0,0,1,1,6,1,41,7,2700,1,16,6,1,6
2016430343039,1,9,0,18,0,0,0,0,0,0,0,1,1,2,43,7,1956,2,4,5,1,5
2016430343063,1,19,0,13,0,0,0,0,0,0,0,1,1,1,27,6,-1,-1,-1,5,1,5
2016430343063,2,9,0,4,0,0,1,0,0,0,1,1,6,2,23,5,1240,1,8,10,1,10
2016430343063,3,20,0,4,0,0,1,0,0,0,2,1,1,1,64,9,4580,2,-1,5,1,5
2016430343070,1,9,0,18,0,1,0,0,0,0,1,1,6,1,-1,-1,-1,-1,-1,-1,-1,-1
2016430343070,2,1,0,18,0,1,0,0,0,0,2,1,6,2,39,7,-1,-1,-1,6,1,6
2016430343097,1,9,0,9,0,6,0,0,0,0,3,1,6,2,47,8,1198,1,13,5,1,5
2016430343097,2,3,0,18,0,1,0,0,0,0,3,1,6,1,22,5,125,1,2,2,1,2
2016430343109,1,9,0,18,0,0,0,0,0,0,1,1,6,1,26,6,2143,2,5,-1,-1,-1
2016430343109,2,2,0,18,0,0,0,0,0,0,1,1,6,1,20,4,125,1,1,3,1,3
2016430343163,1,9,0,18,0,0,0,0,0,0,1,1,6,1,35,6,-1,-1,-1,-1,-1,-1
2016430343197,1,9,0,9,0,5,0,0,0,0,1,1,6,1,50,8,-1,-1,-1,7,1,7
2016430343197,2,1,0,18,0,8,0,0,0,0,3,1,2,1,23,5,-1,-1,-1,3,1,3
2016430343205,1,9,0,9,0,5,0,0,0,0,3,1,6,1,57,9,1229,1,10,10,1,10
2016430343205,2,5,0,18,0,1,0,0,0,0,1,1,6,1,38,7,-1,-1,-1,10,3,10
2016430343207,1,9,0,17,0,0,1,10,1,3,1,1,6,1,24,5,2000,2,12,5,1,5
2016430343225,1,9,0,9,0,6,0,0,0,0,3,1,6,1,29,6,1200,1,1,9,1,9
2016430343225,2,9,0,18,0,1,0,0,0,0,1,1,6,1,32,6,2435,1,16,4,1,4
2016430343225,3,9,0,8,0,1,0,0,0,0,0,1,1,1,-1,-1,1000,1,2,-1,-1,-1
2016430343239,1,9,0,17,0,0,1,0,1,4,1,1,6,1,18,4,1388,1,10,5,1,5
2016430343242,1,9,0,18,0,2,0,0,0,0,1,1,6,1,32,6,1896,2,11,4,1,4
2016430343242,2,9,0,3,0,2,0,0,0,0,2,1,6,1,29,6,-1,-1,-1,5,1,5
2016430343242,3,9,0,3,0,2,0,0,0,0,2,1,6,1,74,10,1596,1,1,7,2,7
2016430343274,1,21,0,7,0,6,0,0,0,0,2,1,6,1,-1,-1,4500,2,1,-1,-1,-1
2016430343274,2,1,0,7,0,6,0,0,1,0,1,1,6,1,43,7,-1,-1,-1,9,2,9
2016430343290,1,19,0,1,0,0,0,0,0,0,2,1,1,1,54,8,1896,2,8,10,1,10
2016430343451,1,5,0,16,0,0,1,0,0,0,1,1,6,1,30,6,1298,1,15,5,2,5
2016430343451,2,9,0,17,0,0,0,0,1,0,1,1,6,2,76,11,1390,1,15,8,2,8
2016430343486,1,9,0,16,0,0,2,0,2,4,1,1,6,1,21,5,1590,1,13,2,1,2
2016430344188,1,9,0,18,0,0,0,0,0,0,1,1,6,1,76,11,1995,2,1,10,1,10
2016430344188,2,19,0,18,0,0,0,0,0,0,2,1,1,1,36,7,1968,2,3,10,2,10
2016430344188,3,9,0,18,0,0,0,0,0,0,2,1,1,1,45,7,1968,2,3,7,2,7
2016430344231,1,9,0,7,0,6,0,0,0,0,4,1,6,1,72,10,1796,1,14,6,3,6
2016430344231,2,5,0,18,0,1,1,0,0,0,1,1,2,1,24,5,498,1,17,8,1,8
2016430344237,1,1,0,18,0,0,0,0,0,0,1,1,2,1,22,5,-1,-1,-1,3,1,3
2016430344237,2,9,0,5,0,0,0,0,0,0,1,1,2,2,51,8,1596,1,11,9,1,9
2016430344273,1,9,0,17,0,0,2,0,7,9,1,1,6,1,19,4,998,1,17,10,1,10
2016430344338,1,9,0,17,0,0,0,4,1,0,1,1,6,1,85,11,1998,1,17,6,3,6
2016430344338,2,19,0,2,0,0,0,0,0,0,1,1,6,1,42,7,1968,2,2,9,1,9
2016430344353,1,3,0,18,0,1,0,0,7,0,1,1,6,1,30,6,124,1,19,9,3,9
2016430344353,2,9,0,1,0,5,0,0,0,0,2,1,6,1,17,4,1199,1,12,9,3,9
2016430344401,1,9,0,18,0,2,0,0,0,0,3,1,2,1,30,6,1560,2,6,8,2,8
2016430344454,1,9,0,18,0,1,0,0,0,0,1,1,6,2,51,8,-1,-1,-1,3,1,3
2016430344454,2,22,0,18,0,1,0,0,0,0,1,1,6,1,60,9,-1,-1,-1,7,1,7
2016430344539,1,3,0,7,0,8,1,0,0,0,0,1,6,1,25,5,125,1,3,5,1,5
2016430344564,1,21,0,18,0,0,0,0,0,0,4,1,1,1,59,9,-1,-1,-1,6,1,6
2016430344645,1,11,0,5,0,1,0,0,0,0,4,1,3,1,-1,-1,-1,-1,-1,-1,-1,-1
2016430344691,1,4,0,11,0,0,0,0,0,0,2,1,6,2,27,6,296,1,1,5,3,5
2016430344691,2,9,0,18,0,0,0,0,0,0,1,1,6,1,35,6,1991,1,1,-1,-1,-1
2016430344695,1,9,0,9,0,6,0,0,0,0,3,1,6,1,83,11,1598,1,3,9,2,9
2016430344695,2,9,0,18,0,8,0,0,0,0,1,1,6,2,24,5,1560,2,1,8,1,8
2016430344789,1,9,0,18,0,0,0,0,0,0,1,1,6,3,-1,-1,-1,-1,-1,-1,-1,-1
2016430344798,1,1,0,18,0,0,0,4,0,0,1,1,6,2,79,11,-1,-1,-1,9,2,9
2016430344798,2,19,0,2,0,0,0,0,0,0,2,1,6,1,-1,-1,2198,2,5,9,2,9
2016430345150,1,9,0,18,0,1,0,0,0,0,1,1,6,3,-1,-1,-1,-1,-1,-1,-1,-1
2016430345150,2,11,0,7,0,8,0,0,0,0,2,1,1,2,57,9,4461,2,1,4,1,4
2016430345155,1,9,0,4,0,1,0,0,0,0,1,1,6,1,-1,-1,-1,-1,-1,-1,-1,-1
2016430345155,2,9,0,3,0,1,0,0,0,0,2,1,2,2,44,7,1364,1,10,8,1,8
2016430345198,1,9,0,18,0,0,1,0,1,4,1,1,6,2,62,9,1497,8,9,2,1,2
2016430345221,1,9,0,18,0,4,0,10,3,0,1,1,6,1,78,11,995,1,11,9,3,9
2016430345240,1,9,0,4,0,0,0,0,0,0,1,1,1,1,21,5,1197,1,2,5,1,5
2016430345240,2,8,0,18,0,0,0,0,0,0,2,1,6,1,41,7,2143,2,-1,4,1,4
2016430345241,1,21,1,18,0,0,3,0,0,0,1,1,1,1,54,8,11120,2,1,1,1,1
2016430345241,2,21,1,18,0,0,0,0,0,0,2,1,1,1,41,7,11705,2,8,2,1,2
2016430345508,1,9,0,9,0,8,0,0,0,0,1,1,6,1,76,11,1461,2,2,9,2,9
2016430345508,2,9,0,18,0,1,0,0,0,0,1,1,6,1,33,6,1198,1,-1,7,1,7
2016430345512,1,9,0,13,0,0,0,0,0,0,1,1,6,2,24,5,2204,2,7,7,1,7
2016430345512,2,9,0,18,0,0,0,0,0,0,1,1,6,1,56,9,2191,2,3,8,3,8
2016430345512,3,9,0,18,0,0,0,0,1,0,3,1,1,1,29,6,-1,-1,-1,3,1,3
2016430345516,1,9,0,9,0,6,0,0,0,0,1,1,6,2,-1,-1,-1,-1,-1,2,1,2
2016430345516,2,1,0,18,0,8,0,0,0,0,3,1,2,1,36,7,-1,-1,-1,10,1,10
2016430345532,1,9,0,16,0,2,0,0,7,4,3,1,6,1,42,7,1781,1,16,9,1,9
2016430345553,1,9,0,17,0,0,0,0,0,0,1,1,6,2,38,7,-1,3,2,8,1,8
2016430345553,2,1,0,17,0,0,0,0,0,0,3,1,6,1,44,7,-1,-1,-1,10,1,10
2016430345559,1,9,0,18,0,3,5,7,0,0,3,1,6,1,88,11,1796,1,13,8,1,8
2016430345626,1,9,0,18,0,4,0,0,0,0,1,1,6,1,-1,-1,-1,-1,-1,10,1,10
2016430345626,2,9,0,17,0,8,0,0,0,0,2,1,2,2,21,5,1598,1,5,10,1,10
2016430345675,1,9,0,9,0,5,0,0,0,0,4,1,6,2,20,4,995,1,12,9,1,9
2016430345675,2,1,0,18,0,8,0,0,0,0,3,1,2,1,27,6,-1,-1,-1,9,1,9
2016430345724,1,5,0,18,0,0,1,0,0,0,3,1,2,1,36,7,805,1,14,3,1,3
2016430345735,1,1,0,18,0,3,0,0,0,0,2,1,1,2,36,7,-1,-1,-1,6,1,6
2016430345735,2,9,0,5,0,4,0,0,0,0,1,1,1,1,42,7,2143,2,-1,7,1,7
2016430345753,1,9,0,9,0,8,1,0,1,1,1,1,6,1,28,6,1796,1,9,3,1,3
2016430345765,1,9,0,18,0,0,0,0,1,7,1,1,6,2,67,10,1596,1,4,10,1,10
2016430345765,2,11,0,18,0,0,0,0,0,0,4,1,1,1,48,8,4500,2,5,4,1,4
2016430345799,1,9,0,12,0,0,1,0,0,0,3,1,2,2,53,8,1242,1,4,6,1,6
2016430345799,2,9,0,18,0,0,2,0,0,0,4,1,2,1,29,6,1364,2,7,4,1,4
2016430345799,3,9,0,3,0,0,0,0,0,0,3,1,2,1,43,7,1341,1,11,6,1,6
2016430345830,1,9,0,18,0,0,0,0,0,0,3,1,2,2,40,7,1598,2,1,4,1,4
2016430345837,1,9,0,8,0,1,0,0,0,0,1,1,6,2,27,6,1229,1,11,3,1,3
2016430345914,1,9,0,9,0,8,0,0,0,0,4,1,6,1,55,8,1598,1,11,7,1,7
2016430345914,2,9,0,18,0,1,0,0,0,0,1,1,6,1,31,6,1968,2,11,4,1,4
2016430345999,1,9,0,16,0,0,0,0,0,0,1,1,6,1,25,5,2493,1,18,9,1,9
2016430345999,2,19,0,17,0,0,0,0,0,0,1,1,2,1,52,8,2148,2,7,6,2,6
2016430348154,1,9,0,18,0,4,0,0,0,0,3,1,6,1,19,4,998,1,-1,8,1,8
2016430348154,2,9,0,18,0,8,0,0,0,0,1,1,6,1,22,5,1686,2,6,7,1,7
2016430348156,1,3,0,18,0,1,1,0,0,0,1,1,6,1,34,6,125,1,1,7,1,7
2016430348156,2,9,0,4,0,1,0,0,0,0,2,1,6,2,24,5,1299,1,13,6,1,6
2016430348160,1,9,0,18,0,0,0,0,0,0,4,1,6,1,59,9,1997,2,-1,10,1,10
2016430348160,2,90,0,2,0,0,0,0,0,0,0,1,1,1,35,6,-1,-1,-1,4,1,4
2016430348169,1,19,0,18,9,1,0,0,7,0,1,1,6,1,28,6,-1,-1,-1,-1,-1,-1
2016430348170,1,19,0,5,0,0,0,0,0,0,1,1,2,1,50,8,1598,2,1,10,1,10
2016430348170,2,9,0,18,0,0,0,0,1,2,4,1,2,1,37,7,1968,2,3,10,1,10
2016430348176,1,5,0,14,0,0,0,0,0,0,1,1,1,1,50,8,942,1,8,9,3,9
2016430348262,1,19,0,5,0,0,0,0,0,0,1,1,1,1,27,6,-1,-1,-1,4,1,4
2016430348262,2,9,0,18,0,0,0,0,0,0,2,1,6,1,50,8,1398,1,-1,4,1,4
2016430348277,1,9,0,18,0,0,0,0,0,0,4,1,6,1,-1,-1,-1,-1,-1,-1,-1,-1
2016430348329,1,19,0,4,0,0,0,0,0,0,1,1,1,1,23,5,2143,2,-1,9,1,9
2016430348329,2,9,0,4,0,0,0,0,0,0,2,1,1,2,52,8,1598,1,7,2,1,2
2016430348338,1,9,0,5,0,4,0,0,0,0,1,1,2,1,32,6,1248,2,6,5,1,5
2016430348338,2,1,0,18,0,8,0,0,0,0,4,1,6,1,66,10,-1,-1,-1,8,1,8
2016430348361,1,8,0,9,0,8,0,0,0,0,1,1,1,1,56,9,2143,2,6,7,1,7
2016430348361,2,5,0,14,0,8,0,0,0,0,4,1,2,1,44,7,1157,1,13,10,1,10
2016430348362,1,21,1,18,0,0,1,0,0,0,1,1,1,1,48,8,10518,2,7,-1,-1,-1
2016430348362,2,9,0,3,0,0,5,0,1,9,2,1,6,1,28,6,1995,2,-1,10,1,10
2016430348375,1,9,0,15,0,3,0,0,0,0,1,1,6,1,23,5,1124,1,14,10,1,10
2016430348375,2,9,0,18,0,3,0,0,0,0,2,1,6,2,36,7,1997,1,7,2,1,2
2016430348377,1,9,0,18,0,0,5,0,1,4,1,1,6,1,72,10,1840,1,18,7,3,7
2016430348397,1,9,0,9,0,6,0,0,0,0,4,1,6,2,38,7,1598,1,14,3,1,3
2016430348397,2,4,0,18,0,8,0,0,0,0,1,1,6,1,21,5,125,1,-1,6,1,6
2016430348399,1,8,0,18,0,8,0,0,0,0,1,1,1,1,58,9,1560,2,9,4,1,4
2016430348399,2,9,0,18,0,8,0,0,0,0,3,1,2,2,30,6,1995,2,3,7,1,7
2016430348404,1,9,0,18,0,0,0,0,0,0,0,1,1,1,35,6,-1,-1,-1,-1,-1,-1
2016430348425,1,9,0,17,0,0,0,0,0,0,1,1,6,2,21,5,1397,1,7,7,3,7
2016430348425,2,19,0,16,0,0,0,0,1,9,1,1,1,1,61,9,2198,2,2,10,1,10
2016430348783,1,9,0,18,0,0,0,0,0,0,1,1,6,1,32,6,1997,2,5,3,1,3
2016430349326,1,11,0,16,0,8,0,0,0,0,4,1,1,1,39,7,10837,2,-1,10,2,10
2016430349345,1,9,0,18,0,8,0,0,0,0,0,1,6,2,-1,-1,-1,-1,-1,-1,-1,-1
2016430349345,2,9,0,9,0,8,1,0,1,1,1,1,2,1,22,5,1598,1,18,10,1,10
2016430349367,1,8,0,4,0,4,0,0,0,0,1,1,1,1,46,8,-1,-1,-1,8,1,8
2016430349367,2,1,0,18,0,8,0,0,0,0,4,1,6,1,41,7,-1,-1,-1,8,1,8
2016430349380,1,9,0,7,0,6,0,0,0,0,1,1,2,1,37,7,1390,1,11,5,1,5
2016430349380,2,1,0,18,0,8,0,0,0,0,3,1,6,1,20,4,-1,-1,-1,6,1,6
2016430349406,1,9,0,7,0,3,0,0,0,0,2,1,2,1,65,9,-1,-1,-1,7,1,7
2016430349406,2,1,0,18,0,8,0,0,0,0,1,1,2,2,25,5,-1,-1,-1,6,1,6
2016430349434,1,1,0,18,0,0,0,0,0,0,1,1,6,1,17,4,-1,-1,-1,7,1,7
2016430349434,2,9,0,4,0,0,0,0,0,0,3,1,6,2,33,6,1995,2,9,5,1,5
2016430349515,1,9,0,18,0,0,0,0,0,0,1,1,6,1,53,8,1870,2,12,5,1,5
2016430349515,2,9,0,2,0,0,0,0,0,0,2,1,6,1,41,7,1598,1,1,2,1,2
2016430349524,1,9,0,12,0,1,0,0,0,0,3,1,6,3,-1,-1,-1,-1,-1,-1,-1,-1
2016430349524,2,2,0,13,0,1,0,0,0,0,4,1,1,1,28,6,124,1,-1,-1,-1,-1
2016430349589,1,9,0,18,0,1,0,0,0,0,1,1,6,1,35,6,1598,1,6,-1,-1,-1
2016430349589,2,9,0,3,0,1,0,0,0,0,2,1,6,1,45,7,2143,2,2,8,3,8
2016430349597,1,9,0,16,0,0,5,10,7,9,4,1,6,1,17,4,1398,1,5,9,1,9
2016430349597,2,9,0,18,0,0,0,0,0,0,4,1,6,1,80,11,1968,2,1,9,1,9
2016430349667,1,4,0,17,0,0,1,0,0,0,3,1,6,1,28,6,675,1,3,10,1,10
2016430349828,1,9,0,18,0,0,1,0,0,7,3,1,6,1,50,8,1461,2,4,7,1,7
2016430349828,2,9,0,18,0,0,0,0,0,0,4,1,6,2,36,7,999,1,3,4,1,4
2016430349855,1,11,0,18,0,2,0,0,0,0,4,1,1,2,-1,-1,-1,-1,-1,-1,-1,-1
2016430350416,1,9,0,4,0,6,0,0,0,0,0,1,6,2,50,8,2324,1,13,-1,-1,-1
2016430350416,2,9,0,18,0,1,0,0,0,1,1,1,6,2,23,5,1108,1,14,8,1,8
2016430350496,1,21,0,5,0,0,0,0,0,0,1,1,1,1,41,7,6870,2,9,9,1,9
2016430350509,1,9,0,18,0,1,0,0,0,0,1,1,6,1,35,6,-1,-1,-1,-1,-1,-1
2016430350509,2,9,0,10,0,1,0,0,0,0,2,1,6,2,57,9,1299,1,13,3,1,3
2016430350512,1,9,0,18,0,4,0,0,0,0,1,1,6,1,-1,-1,-1,-1,-1,-1,-1,-1
2016430350512,2,9,0,9,0,8,0,0,0,0,4,1,6,1,45,7,3246,1,15,3,1,3
2016430350520,1,9,0,18,0,0,2,0,1,9,1,1,6,2,18,4,1242,1,8,10,3,10
2016430350552,1,1,0,9,0,6,0,0,1,0,1,1,6,1,37,7,-1,-1,-1,9,1,9
2016430350552,2,9,0,18,0,1,0,0,0,0,4,1,6,2,25,5,-1,-1,-1,9,3,9
2016430350562,1,9,0,5,0,0,0,0,0,0,3,1,6,1,42,7,1995,2,7,3,1,3
2016430350562,2,3,0,13,0,0,0,0,0,0,1,1,6,1,22,5,124,1,4,7,1,7
2016430350569,1,9,0,18,0,6,1,7,0,1,1,1,6,1,22,5,1998,1,11,7,1,7
2016430350569,2,9,0,18,0,8,1,0,0,0,1,1,6,1,64,9,1598,1,5,10,1,10
2016430350575,1,9,0,18,0,1,0,0,0,0,1,1,6,1,35,6,1242,1,3,-1,-1,-1
2016430350575,2,9,0,3,0,1,0,0,0,0,2,1,6,1,24,5,998,1,8,8,1,8
2016430350586,1,9,0,18,0,0,0,0,0,0,1,1,6,2,35,6,1108,1,12,2,1,2
2016430350586,2,9,0,18,0,0,0,0,0,0,2,1,6,1,28,6,1984,1,-1,8,2,8
2016430350605,1,9,0,9,0,1,0,0,0,0,1,1,6,1,27,6,1956,2,3,9,1,9
2016430350605,2,2,0,3,0,1,0,0,0,0,4,1,1,1,42,7,-1,-1,-1,5,1,5
2016430350614,1,9,0,14,0,1,1,0,0,0,1,1,1,1,25,5,-1,-1,-1,10,1,10
2016430350614,2,9,0,9,0,5,0,0,3,0,3,1,6,2,57,9,1390,1,13,6,1,6
2016430350616,1,9,0,18,0,1,0,0,0,0,1,1,6,2,64,9,1389,1,12,10,1,10
2016430350616,2,5,0,3,0,1,0,0,0,0,2,1,6,1,52,8,916,1,14,10,1,10
2016430350632,1,9,0,18,0,4,1,0,0,0,1,1,1,2,54,8,1598,1,8,7,1,7
2016430350632,2,1,0,18,4,8,0,0,0,0,2,1,6,1,45,7,-1,-1,-1,4,1,4
2016430350633,1,2,0,13,0,1,0,0,0,0,1,1,6,1,24,5,124,1,1,5,1,5
2016430350633,2,9,0,5,0,6,0,0,0,0,1,1,6,2,27,6,1242,1,7,8,1,8
2016430350648,1,9,0,16,0,0,0,0,0,0,3,1,6,1,51,8,1796,1,17,-1,-1,-1
2016430350648,2,9,0,17,0,0,0,0,1,0,3,1,6,2,40,7,1398,1,1,9,2,9
2016430350653,1,9,0,9,0,8,0,0,0,0,4,1,1,1,31,6,1396,1,17,7,1,7
2016430350716,1,9,0,18,0,0,0,0,0,0,1,1,6,1,40,7,1870,2,7,8,1,8
2016430350716,2,9,0,18,0,0,0,0,0,0,3,1,6,2,50,8,1329,1,2,-1,-1,-1
2016430350716,3,9,0,18,0,0,0,0,0,0,3,1,6,1,17,4,999,1,3,8,3,8
2016430350753,1,8,0,18,0,4,0,0,0,0,1,1,6,1,54,8,1560,2,6,9,1,9
2016430350753,2,9,0,3,0,4,0,0,0,0,2,1,2,2,43,7,1796,1,6,5,1,5
2016430350765,1,8,0,6,0,0,0,0,0,0,1,1,1,1,32,6,2402,2,11,-1,-1,-1
2016430350765,2,1,0,18,0,0,0,0,0,0,1,1,6,1,19,4,-1,-1,-1,10,1,10
2016430350783,1,9,0,18,0,0,1,0,0,0,1,1,6,1,31,6,-1,-1,-1,-1,-1,-1
2016430350783,2,9,0,4,0,0,0,0,0,0,2,1,6,2,45,7,-1,-1,-1,-1,-1,-1
2016430350808,1,9,0,9,0,5,0,0,0,0,1,1,6,1,-1,-1,2148,2,11,-1,-1,-1
2016430350808,2,9,0,18,0,1,0,0,0,0,1,1,6,3,-1,-1,1200,1,13,-1,-1,-1
2016430350808,3,9,0,8,0,1,0,0,0,0,2,1,6,1,30,6,2000,1,11,4,1,4
2016430351657,1,1,0,18,0,0,0,0,0,0,1,1,6,1,50,8,-1,-1,-1,6,1,6
2016430351662,1,9,0,18,0,0,0,0,0,0,2,1,2,1,29,6,-1,-1,-1,-1,-1,-1
2016430351662,2,9,0,13,0,0,0,0,5,6,1,1,2,2,18,4,-1,-1,-1,8,3,8
2016430351662,3,9,0,18,0,0,0,0,5,6,1,1,2,2,70,10,1461,2,10,8,2,8
2016430351662,4,9,0,18,0,0,0,0,0,0,1,1,2,2,51,8,1995,2,14,1,1,1
2016430351677,1,9,0,9,0,5,0,0,0,0,4,1,6,1,40,7,1998,1,11,8,1,8
2016430351677,2,1,0,18,0,1,0,0,0,0,1,1,6,2,29,6,-1,-1,-1,6,1,6
2016430351703,1,9,0,18,0,6,0,0,3,10,3,1,1,2,23,5,-1,-1,-1,2,1,2
2016430351703,2,19,0,18,0,8,0,0,7,10,1,1,2,1,51,8,2402,2,11,10,1,10
2016430351703,3,9,0,18,0,1,0,0,1,0,1,1,6,2,49,8,1461,2,5,8,1,8
2016430351715,1,9,0,18,0,0,0,0,0,0,1,1,2,1,33,6,1598,2,-1,-1,-1,-1
2016430351715,2,20,0,18,0,0,2,0,1,0,3,1,1,1,63,9,3900,2,15,-1,-1,-1
2016430351753,1,19,0,18,0,0,1,0,0,0,1,1,6,3,-1,-1,-1,-1,-1,-1,-1,-1
2016430351753,2,9,0,3,0,0,0,0,0,0,2,1,6,2,63,9,998,1,8,10,2,10
2016430351753,3,9,0,3,0,0,0,0,0,0,2,1,6,1,52,8,1395,1,-1,-1,-1,-1
2016430351756,1,9,0,18,0,8,0,0,0,0,0,1,1,1,32,6,1248,2,3,6,1,6
2016430351756,2,9,0,12,0,8,0,0,0,0,1,1,6,1,48,8,-1,-1,-1,9,1,9
2016430351756,3,9,0,4,0,8,0,0,0,0,2,1,6,2,44,7,1598,1,12,9,2,9