Accident_Index,Vehicle_Reference,Vehicle_Type,Towing_and_Articulation,Vehicle_Manoeuvre,Vehicle_Location-Restricted_Lane,Junction_Location,Skidding_and_Overturning,Hit_Object_in_Carriageway,Vehicle_Leaving_Carriageway,Hit_Object_off_Carriageway,1st_Point_of_Impact,Was_Vehicle_Left_Hand_Drive?,Journey_Purpose_of_Driver,Sex_of_Driver,Age_of_Driver,Age_Band_of_Driver,Engine_Capacity_(CC),Propulsion_Code,Age_of_Vehicle,Driver_IMD_Decile,Driver_Home_Area_Type,Vehicle_IMD_Decile
2016430351773,1,9,0,17,0,0,2,0,1,9,4,1,6,2,54,8,1910,2,9,9,1,9
2016430351846,1,9,0,9,0,6,0,0,0,0,1,1,6,1,51,8,-1,-1,-1,3,1,3
2016430351846,2,1,0,18,0,8,0,0,0,0,3,1,6,2,52,8,-1,-1,-1,-1,-1,-1
2016430351859,1,9,0,18,0,1,0,0,0,0,1,1,1,1,24,5,1596,1,5,5,1,5
2016430351859,2,19,0,18,0,3,0,0,0,0,1,1,6,1,41,7,1560,2,-1,-1,-1,-1
2016430351860,1,9,0,18,0,0,5,0,0,0,3,1,6,1,23,5,1198,1,10,8,3,8
2016430351860,2,9,0,18,0,0,0,0,0,0,3,1,6,1,68,10,1299,1,8,8,1,8
2016430351864,1,9,0,18,0,0,2,0,1,4,1,1,6,2,21,5,998,1,15,-1,-1,-1
2016430351946,1,3,0,18,0,8,1,0,0,0,3,1,6,1,20,4,125,1,-1,8,3,8
2016430351993,1,9,0,9,0,8,0,0,0,0,1,1,6,1,80,11,1198,1,6,7,1,7
2016430351993,2,1,0,18,0,8,0,0,0,0,3,1,6,2,40,7,-1,-1,-1,9,1,9
2016430352014,1,9,0,4,0,0,0,0,0,0,1,1,6,2,53,8,1997,2,4,3,1,3
2016430352014,2,9,0,3,0,0,0,0,0,0,2,1,6,1,73,10,-1,-1,-1,8,3,8
2016430352014,3,9,0,3,0,0,0,0,0,0,2,1,6,1,71,10,1968,2,9,3,1,3
2016430352388,1,9,0,16,0,0,2,0,7,10,1,1,6,1,30,6,1998,1,13,8,3,8
2016430352453,1,9,0,18,0,0,1,0,1,9,1,1,2,2,29,6,998,1,4,7,2,7
2016430352474,1,9,0,18,0,0,2,0,1,4,0,1,6,2,30,6,1240,1,12,5,1,5
2016430352474,2,9,0,18,0,0,0,0,0,0,0,1,6,3,-1,-1,1596,1,12,-1,-1,-1
2016430352501,1,5,0,18,0,0,1,0,0,0,2,1,6,1,28,6,599,1,27,6,1,6
2016430352516,1,9,0,18,0,0,0,0,0,0,4,1,6,1,24,5,1895,1,18,6,1,6
2016430352516,2,9,0,18,0,0,0,0,0,0,1,1,6,2,26,6,1685,2,5,9,3,9
2016430352803,1,9,0,16,0,2,0,0,0,0,1,1,6,1,49,8,-1,-1,-1,9,3,9
2016430352803,2,9,0,17,0,1,0,0,1,10,1,1,6,1,38,7,1997,2,7,9,1,9
2016430352806,1,9,0,18,0,1,0,0,0,0,4,1,6,3,-1,-1,-1,-1,-1,-1,-1,-1
2016430352811,1,2,0,4,0,0,1,0,0,0,3,1,6,1,17,4,49,1,9,4,1,4
2016430352823,1,9,0,18,0,0,0,0,0,0,4,1,6,1,50,8,3956,1,16,-1,-1,-1
2016430352825,1,8,0,4,0,1,0,0,0,0,1,1,6,1,-1,-1,1797,8,4,4,1,4
2016430352858,1,9,0,16,0,0,1,0,1,0,1,1,2,1,28,6,1994,1,12,10,1,10
2016430352858,2,9,0,17,0,0,1,0,1,0,1,1,1,1,33,6,2495,2,13,9,3,9
2016430352861,1,9,0,9,0,4,1,0,0,0,1,1,1,1,39,7,-1,-1,-1,9,1,9
2016430352861,2,1,0,18,0,8,0,0,0,0,1,1,6,1,53,8,-1,-1,-1,10,3,10
2016430352881,1,90,0,18,0,0,0,0,0,0,4,1,1,2,30,6,2198,2,1,-1,-1,-1
2016430352881,2,9,0,4,0,0,0,0,0,0,3,1,6,2,44,7,1686,2,2,6,1,6
2016430352953,1,9,0,18,0,0,1,0,1,9,4,1,6,1,27,6,1242,1,9,10,1,10
2016430352979,1,9,0,9,0,8,0,0,0,0,1,1,3,2,38,7,-1,-1,-1,5,1,5
2016430352979,2,1,0,18,0,8,0,0,0,0,1,1,2,2,36,7,-1,-1,-1,-1,-1,-1
2016430353002,1,9,0,18,0,0,0,0,0,0,1,1,6,2,-1,-1,1598,1,2,10,3,10
2016430353002,2,9,0,3,0,0,0,0,0,0,2,1,6,2,26,6,1753,2,9,9,1,9
2016430353025,1,21,0,18,0,0,0,0,0,0,1,1,1,1,28,6,14190,2,18,9,1,9
2016430353025,2,9,0,18,0,0,0,0,0,0,2,1,6,1,81,11,1988,1,13,7,2,7
2016430353057,1,9,0,7,0,6,0,0,0,0,1,1,6,1,30,6,1997,1,14,2,1,2
2016430353057,2,9,0,18,0,1,0,0,0,0,1,1,6,2,35,6,1896,2,10,2,1,2
2016430355493,1,9,0,18,0,0,0,0,0,0,1,1,6,1,-1,-1,1997,2,16,-1,-1,-1
2016430355493,2,1,0,18,0,0,0,0,0,0,1,1,6,1,44,7,-1,-1,-1,-1,-1,-1
2016430355544,1,19,0,9,0,6,0,0,0,0,3,1,1,1,30,6,-1,-1,-1,-1,-1,-1
2016430355544,2,9,0,18,0,8,0,0,0,0,1,1,6,2,77,11,1398,2,10,6,3,6
2016430355693,1,9,0,14,0,1,0,0,0,0,1,1,6,2,50,8,-1,-1,-1,10,1,10
2016430355693,2,19,0,18,0,2,0,0,1,0,1,1,6,1,31,6,2461,2,4,6,2,6
2016430355693,3,11,0,3,0,1,0,0,0,0,0,1,1,3,-1,-1,-1,-1,-1,-1,-1,-1
2016430355709,1,9,0,9,0,5,0,0,0,0,3,1,6,2,60,9,1587,1,13,5,1,5
2016430355709,2,1,0,10,0,1,0,0,0,0,1,1,1,1,25,5,-1,-1,-1,5,1,5
2016430355765,1,9,0,11,2,0,0,0,0,0,0,1,2,2,28,6,1796,1,16,10,1,10
2016430355765,2,1,0,18,2,0,0,0,0,0,0,1,2,2,-1,-1,-1,-1,-1,10,1,10
2016430355843,1,19,0,18,0,0,0,0,0,0,0,1,6,3,-1,-1,-1,-1,-1,-1,-1,-1
2016430355843,2,2,0,18,0,0,1,0,1,0,4,1,4,2,18,4,49,1,2,5,3,5
2016430356115,1,9,0,17,0,0,1,0,0,0,1,1,6,1,18,4,1388,1,12,7,1,7
2016430356115,2,9,0,18,0,0,0,0,0,0,1,1,6,1,46,8,-1,-1,-1,7,1,7
2016430356136,1,9,0,10,0,1,0,0,0,0,2,1,6,2,46,8,999,1,-1,9,2,9
2016430356136,2,9,0,18,0,1,0,0,0,0,1,1,6,1,20,4,1242,1,7,10,1,10
2016430356223,1,19,0,18,0,0,0,0,0,0,1,1,1,1,30,6,-1,-1,-1,9,1,9
2016430356223,2,19,0,18,0,0,0,0,0,0,2,1,1,1,25,5,1968,2,-1,8,2,8
2016430356223,3,9,0,5,0,0,0,0,0,0,0,1,6,2,67,10,1587,1,13,8,1,8
2016430356638,1,9,0,18,0,0,0,0,0,0,1,1,6,2,23,5,1149,1,17,10,2,10
2016430356638,2,9,0,18,0,0,0,0,0,0,1,1,6,2,19,4,1398,1,2,10,1,10
2016430356662,1,9,0,18,0,3,0,0,0,0,4,1,6,3,-1,-1,-1,-1,-1,-1,-1,-1
2016430356662,2,9,0,18,0,8,0,0,0,0,3,1,6,2,42,7,1796,1,5,10,3,10
2016430356728,1,9,0,7,0,6,0,0,0,0,1,1,6,2,62,9,1000,1,3,6,3,6
2016430356728,2,1,0,18,0,8,0,0,0,0,4,1,1,1,52,8,-1,-1,-1,-1,-1,-1
2016430356791,1,19,0,13,0,4,0,0,0,0,4,1,6,1,50,8,-1,-1,-1,-1,-1,-1
2016430356791,2,9,0,18,0,4,0,0,0,0,3,1,3,2,41,7,1461,2,9,9,3,9
2016430356813,1,1,0,18,0,8,0,0,0,0,1,1,6,1,68,10,-1,-1,-1,9,3,9
2016430356813,2,9,0,18,0,8,0,0,0,0,3,1,6,1,36,7,2000,1,11,10,1,10
2016430356896,1,9,0,18,0,4,0,0,0,0,1,1,6,2,28,6,973,1,13,3,1,3
2016430356896,2,1,0,18,0,8,0,0,0,0,4,1,1,2,60,9,-1,-1,-1,10,1,10
2016430356931,1,3,0,18,0,0,1,0,0,0,4,1,6,2,18,4,124,1,8,4,1,4
2016430356976,1,9,0,12,0,0,0,0,0,0,3,1,6,1,32,6,1996,1,18,7,1,7
2016430356976,2,5,0,18,0,0,0,0,0,0,1,1,6,1,48,8,1084,1,15,5,1,5
2016430357174,1,9,0,7,0,3,0,0,0,0,1,1,6,1,38,7,-1,-1,-1,-1,-1,-1
2016430357174,2,9,0,18,0,4,0,0,0,0,1,1,6,2,22,5,-1,-1,-1,-1,-1,-1
2016430357727,1,9,0,18,0,1,0,0,0,0,0,1,1,1,38,7,2400,2,1,8,1,8
2016430357727,2,9,0,7,0,5,0,0,0,0,1,1,6,1,36,7,1360,1,14,6,1,6
2016430357727,3,9,0,16,0,7,0,0,0,0,1,1,2,1,54,8,-1,-1,-1,8,1,8
2016430357736,1,9,0,18,0,0,0,0,0,0,1,1,1,1,58,9,-1,-1,-1,5,1,5
2016430357736,2,9,0,18,0,0,0,0,0,0,2,1,6,1,62,9,1368,1,4,8,1,8
2016430357765,1,98,0,18,0,1,0,0,0,0,1,1,6,3,-1,-1,-1,-1,-1,-1,-1,-1
2016430357777,1,9,0,9,0,5,0,0,0,0,1,1,6,3,-1,-1,-1,-1,-1,-1,-1,-1
2016430357777,2,1,0,18,0,8,0,0,0,0,3,1,6,1,44,7,-1,-1,-1,8,1,8
2016430357777,3,9,0,7,0,1,0,0,0,0,3,1,1,1,40,7,2993,2,6,4,3,4
2016430357780,1,8,0,18,0,6,0,0,0,0,1,1,6,1,-1,-1,3248,1,16,-1,-1,-1
2016430357795,1,3,0,18,0,4,0,0,0,0,4,1,6,1,31,6,124,1,10,7,1,7
2016430357795,2,9,0,4,0,4,0,0,0,0,2,1,6,2,46,8,1598,1,6,5,1,5
2016430357824,1,9,0,18,0,0,0,0,0,0,1,1,6,3,-1,-1,-1,-1,-1,-1,-1,-1
2016430357824,2,1,0,18,0,0,0,0,0,0,2,1,1,1,58,9,-1,-1,-1,9,1,9
2016430357890,1,5,0,18,0,0,1,0,0,0,3,1,6,1,23,5,750,1,19,4,1,4
2016430357971,1,9,0,17,0,8,0,10,1,3,1,1,6,1,39,7,1390,1,6,3,1,3
2016430357977,1,9,0,5,0,3,0,0,0,0,4,1,1,1,47,8,-1,-1,-1,-1,-1,-1
2016430357992,1,9,0,18,0,0,0,0,0,0,3,1,6,1,48,8,1461,2,-1,10,1,10
2016430357992,2,11,0,3,0,0,0,0,0,0,0,1,1,3,-1,-1,-1,-1,-1,-1,-1,-1
2016430358012,1,9,0,9,0,6,0,0,0,0,1,1,6,2,-1,-1,-1,-1,-1,10,1,10
2016430358012,2,1,0,18,0,1,0,0,0,0,2,1,2,1,44,7,-1,-1,-1,9,1,9
2016430358057,1,9,0,4,0,0,0,0,0,0,1,1,6,2,33,6,1299,1,14,6,1,6
2016430358057,2,9,0,4,0,0,0,0,0,0,2,1,6,2,69,10,1999,2,-1,9,1,9
2016430358116,1,9,0,9,0,6,0,0,0,0,3,1,6,3,71,10,2597,1,13,7,3,7
2016430358116,2,9,0,18,0,1,0,0,0,0,1,1,6,2,39,7,1598,1,14,-1,-1,-1
2016430358188,1,9,0,1,0,1,0,0,0,0,2,1,6,1,-1,-1,1248,2,3,-1,-1,-1
2016430358188,2,9,0,3,0,1,0,0,0,0,1,1,6,1,-1,-1,1598,1,15,9,1,9
2016430358285,1,9,0,17,0,0,0,0,0,0,1,1,2,2,48,8,1200,1,4,6,1,6
2016430358285,2,19,0,16,0,0,0,0,0,0,1,1,6,2,33,6,1686,2,13,8,2,8
2016430358799,1,9,0,18,0,0,0,0,0,0,1,1,6,2,44,7,1596,1,9,8,1,8
2016430358799,2,9,0,3,0,0,0,0,0,0,2,1,2,1,43,7,-1,-1,-1,5,1,5
2016430358799,3,19,0,3,0,0,0,0,0,0,2,1,2,1,26,6,1896,2,8,8,1,8
2016430358807,1,9,0,18,0,0,0,0,1,7,4,1,6,1,24,5,1390,1,13,7,3,7
2016430358854,1,1,0,18,0,0,0,0,0,0,1,1,2,1,28,6,-1,-1,-1,4,1,4
2016430358854,2,9,0,18,0,0,0,0,0,0,3,1,2,1,17,4,1586,1,3,8,1,8
2016430358855,1,9,0,18,0,1,2,7,0,0,1,1,6,1,40,7,1598,1,14,6,1,6
2016430358884,1,9,0,17,0,0,5,0,2,2,1,1,6,1,67,10,1200,1,-1,6,1,6
2016430358898,1,9,0,18,0,6,0,4,3,0,1,1,6,2,84,11,1198,1,13,10,1,10
2016430358898,2,9,0,2,0,2,0,0,0,0,3,1,6,3,-1,-1,1968,2,5,-1,-1,-1
2016430358918,1,9,0,9,0,5,0,0,0,0,1,1,1,2,51,8,1598,2,3,8,1,8
2016430358918,2,9,0,10,0,5,0,0,0,0,2,1,6,1,46,8,2179,2,6,7,3,7
2016430358930,1,9,0,18,0,8,0,0,0,0,1,1,1,1,45,7,-1,-1,-1,9,1,9
2016430358930,2,9,0,18,0,8,0,0,0,0,1,1,6,2,42,7,1896,2,14,5,1,5
2016430359009,1,9,0,9,0,8,0,0,0,0,1,1,1,1,49,8,1797,8,6,3,1,3
2016430359009,2,5,0,5,0,8,0,0,0,0,3,1,1,1,31,6,1100,1,8,7,2,7
2016430359082,1,9,0,18,0,0,0,0,0,0,1,1,6,2,20,4,998,1,5,10,1,10
2016430359089,1,9,0,2,0,0,0,0,0,0,3,1,6,2,35,6,-1,-1,-1,-1,-1,-1
2016430359089,2,1,0,18,0,0,0,0,0,0,4,1,6,1,20,4,-1,-1,-1,1,1,1
2016430359449,1,9,0,18,0,0,0,0,1,2,1,1,6,1,85,11,1753,2,14,7,1,7
2016430359516,1,9,0,18,0,4,0,0,0,0,1,1,6,2,92,11,1389,1,15,10,1,10
2016430359516,2,9,0,9,0,8,0,0,0,0,4,1,3,2,25,5,2401,2,11,5,1,5
2016430359531,1,9,0,9,0,8,0,0,0,0,1,1,6,1,18,4,1995,2,10,9,1,9
2016430359531,2,9,0,18,0,8,0,0,0,0,1,1,6,1,33,6,2378,1,12,10,1,10
2016430359874,1,9,0,9,0,8,0,0,0,0,3,1,6,1,31,6,1968,2,10,3,1,3
2016430359874,2,1,0,18,4,8,0,0,0,0,1,1,6,1,45,7,-1,-1,-1,-1,-1,-1
2016430359878,1,9,0,14,0,0,0,0,0,0,4,1,2,1,53,8,-1,-1,-1,2,1,2
2016430359883,1,9,0,18,0,8,0,0,3,1,1,1,6,1,22,5,1248,2,8,7,3,7
2016430359930,1,9,0,18,0,0,0,0,0,0,1,1,6,2,26,6,1998,2,11,-1,-1,-1
2016430359930,2,9,0,18,0,0,0,0,0,0,2,1,6,2,35,6,1995,2,11,6,2,6
2016430359946,1,9,0,9,0,5,0,0,0,0,1,1,2,1,23,5,1781,1,14,10,2,10
2016430359946,2,9,0,18,0,8,0,0,0,0,1,1,2,1,21,5,1198,1,13,9,3,9
2016430359953,1,9,0,18,0,8,0,7,0,1,1,1,6,2,82,11,1689,2,13,7,3,7
2016430359963,1,9,0,18,0,0,1,0,2,7,1,1,6,1,66,10,1749,1,15,5,1,5
2016430359967,1,4,0,18,0,0,0,0,0,0,1,1,2,1,34,6,471,1,1,7,1,7
2016430359967,2,9,0,4,0,0,0,0,0,0,2,1,6,2,24,5,1149,1,7,-1,-1,-1
2016430359989,1,21,1,12,0,0,0,0,0,0,3,2,1,1,31,6,-1,-1,-1,-1,-1,-1
2016430359989,2,9,0,18,0,0,0,0,5,0,4,1,1,1,34,6,-1,-1,-1,7,1,7
2016430359989,3,9,0,18,0,0,0,0,0,0,1,1,6,1,34,6,1598,1,1,-1,-1,-1
2016430360000,1,9,0,18,0,0,2,0,7,1,1,1,6,1,30,6,2490,1,18,9,1,9
2016430360012,1,9,0,18,0,0,0,0,0,0,1,1,6,1,29,6,-1,-1,-1,1,1,1
2016430360012,2,9,0,4,0,0,0,0,0,0,2,1,6,1,-1,-1,1242,1,14,-1,-1,-1
2016430360039,1,21,0,12,0,0,0,0,0,0,3,1,1,3,-1,-1,-1,-1,-1,-1,-1,-1
2016430360039,2,9,0,18,0,0,0,0,0,0,4,1,6,2,29,6,1895,1,17,3,1,3
2016430360039,3,9,0,18,0,0,0,0,0,0,4,1,6,1,-1,-1,2143,2,2,2,1,2
2016430360115,1,9,0,18,0,0,0,0,0,0,1,1,6,1,26,6,1398,1,15,3,1,3
2016430360115,2,19,0,2,0,0,0,0,0,0,1,1,1,1,23,5,2143,2,2,1,1,1
2016430360143,1,9,0,16,0,1,0,0,1,0,1,1,6,3,30,6,2967,1,12,-1,-1,-1
2016430360143,2,19,0,2,0,1,0,0,0,0,0,1,1,1,55,8,3920,2,10,7,1,7
2016430360143,3,9,0,5,0,1,0,0,0,0,0,1,1,1,38,7,2143,12,3,3,1,3
2016430360180,1,9,0,18,0,8,0,0,0,0,1,1,6,1,63,9,1753,2,9,10,3,10
2016430360180,2,8,0,3,0,8,0,0,0,0,0,1,1,1,45,7,-1,-1,-1,-1,-1,-1
2016430360210,1,9,0,4,0,3,0,0,0,0,1,1,6,1,34,6,1296,1,8,4,1,4
2016430360210,2,9,0,3,0,3,0,0,0,0,2,1,6,2,25,5,1997,2,9,10,2,10
2016430360220,1,9,0,16,0,3,0,0,0,0,1,1,2,2,42,7,4367,2,-1,10,1,10
2016430360304,1,8,0,18,0,1,0,0,1,0,1,1,1,1,49,8,2143,2,-1,9,1,9
2016430360304,2,9,0,3,0,1,0,0,0,0,2,1,2,2,44,7,1198,1,1,9,3,9
2016430362744,1,9,0,7,0,4,0,0,0,0,3,1,6,2,50,8,-1,-1,-1,-1,-1,-1
2016430362744,2,1,0,18,0,8,0,0,0,0,1,1,6,1,24,5,-1,-1,-1,10,1,10
2016430362757,1,9,0,14,0,2,0,0,0,0,1,1,6,2,77,11,1796,1,12,10,1,10
2016430362757,2,9,0,2,0,2,0,0,0,0,2,1,6,3,-1,-1,1560,2,5,-1,-1,-1
2016430362757,3,9,0,2,0,2,0,0,0,0,1,1,6,3,-1,-1,1388,1,9,-1,-1,-1
2016430362761,1,9,0,18,0,3,1,0,0,0,1,1,6,1,18,4,1328,1,11,7,1,7
2016430362761,2,9,0,18,0,4,0,0,0,0,1,1,6,1,49,8,1248,2,8,10,1,10
2016430362763,1,9,0,18,0,2,0,0,0,0,1,1,6,2,-1,-1,1499,1,1,-1,-1,-1
2016430362763,2,9,0,4,0,1,0,0,0,0,1,1,1,2,41,7,2720,2,8,5,1,5
2016430362764,1,9,0,18,0,1,0,0,0,0,1,1,6,1,-1,-1,-1,-1,-1,-1,-1,-1
2016430362770,1,9,0,18,0,4,0,0,0,0,1,1,2,1,-1,-1,999,1,9,-1,-1,-1
2016430362773,1,9,0,16,0,0,2,0,1,9,4,1,6,1,38,7,1998,1,17,7,3,7
2016430362780,1,9,0,18,0,0,1,0,0,0,1,1,2,2,79,11,1328,1,13,9,1,9
2016430362780,2,9,0,4,0,0,0,0,0,0,2,1,2,2,47,8,1796,1,16,6,1,6
2016430362795,1,9,0,18,0,6,0,0,7,11,4,1,6,2,39,7,1598,1,10,5,1,5
2016430362795,2,9,0,18,0,8,0,0,0,0,1,1,6,1,78,11,1560,2,4,10,1,10
2016430362800,1,9,0,18,0,1,0,0,0,0,1,1,1,1,28,6,-1,-1,-1,4,1,4
2016430362800,2,9,0,18,0,1,0,0,0,0,1,1,1,1,26,6,1968,2,1,6,1,6
2016430362800,3,9,0,18,0,1,0,0,0,0,2,1,6,2,61,9,1396,1,1,-1,-1,-1
2016430362805,1,9,0,7,0,5,0,0,0,0,1,1,6,1,60,9,1598,1,16,-1,-1,-1
2016430362805,2,1,0,18,0,8,0,0,0,0,3,1,6,1,16,4,-1,-1,-1,-1,-1,-1
2016430362821,1,9,0,18,0,2,0,0,7,3,4,1,6,1,16,4,1984,1,14,4,1,4
2016430362821,2,9,0,2,0,2,0,0,0,0,1,1,6,3,-1,-1,1582,2,2,-1,-1,-1
2016430362844,1,2,0,14,0,0,0,0,0,0,1,1,6,1,31,6,125,1,-1,9,1,9
2016430362848,1,9,0,9,0,6,0,0,0,0,1,1,6,1,33,6,1596,1,6,10,2,10
2016430362848,2,3,0,18,0,8,0,0,0,0,4,1,6,1,75,10,85,1,15,10,1,10
2016430362860,1,3,0,17,0,0,1,0,1,9,4,1,6,1,20,4,125,1,2,10,2,10
2016430362865,1,9,0,7,0,5,0,0,0,0,0,1,6,1,35,6,1339,1,7,-1,-1,-1
2016430362865,2,1,0,9,0,2,0,0,0,0,3,1,3,1,33,6,-1,-1,-1,3,1,3
2016430362865,3,1,0,9,0,2,0,0,0,0,3,1,4,2,4,1,-1,-1,-1,3,1,3
2016430362866,1,9,0,16,0,0,5,0,8,10,1,1,6,2,27,6,1598,1,3,8,3,8
2016430362878,1,9,0,9,0,6,0,0,0,0,1,1,2,1,64,9,2438,1,17,6,1,6
2016430362878,2,5,0,13,0,1,0,0,0,0,1,1,2,1,26,6,892,1,17,6,1,6
2016430362878,3,9,0,5,0,2,0,0,0,0,2,1,2,1,37,7,2000,2,10,10,2,10
2016430362892,1,9,0,9,0,6,0,0,7,0,3,1,6,1,27,6,1198,1,10,9,3,9
2016430362892,2,5,0,18,0,1,0,0,0,0,1,1,6,1,53,8,955,1,15,9,1,9
2016430362940,1,9,0,18,0,0,0,0,0,0,1,1,6,1,26,6,1896,2,13,-1,-1,-1
2016430362940,2,19,0,4,0,0,0,0,0,0,2,1,2,1,53,8,1499,2,-1,5,1,5
2016430362940,3,19,0,4,0,0,0,0,0,0,2,1,2,1,53,8,1995,2,2,1,1,1
2016430362975,1,9,0,11,0,8,0,0,0,0,4,1,6,1,41,7,-1,-1,-1,1,1,1
2016430362975,2,9,0,18,0,1,0,0,1,1,3,1,6,2,66,10,1598,1,5,10,3,10
2016430363015,1,19,0,9,0,5,0,0,0,0,1,1,6,1,28,6,2198,2,1,9,1,9
2016430363034,1,9,0,7,0,6,0,0,0,0,1,1,2,1,56,9,1396,1,13,5,1,5
2016430363034,2,1,0,18,4,1,0,0,0,0,1,1,2,1,29,6,-1,-1,-1,8,1,8
2016430363043,1,9,0,12,0,0,1,0,5,6,1,1,1,1,46,8,1598,2,1,10,1,10
2016430363046,1,9,0,18,0,4,0,0,5,6,3,1,6,1,27,6,2198,1,9,5,1,5
2016430363096,1,9,0,3,0,1,0,0,0,0,2,1,1,2,28,6,1396,1,4,4,1,4
2016430363096,2,8,0,3,0,1,0,0,0,0,1,1,1,1,69,10,1998,1,11,7,1,7
2016430363106,1,9,0,18,0,1,0,0,0,6,1,1,6,1,26,6,1198,1,2,9,1,9
2016430363188,1,9,0,18,0,0,0,0,0,0,1,1,6,1,55,8,1956,2,4,9,1,9
2016430363188,2,9,0,18,0,0,0,0,1,0,1,1,6,1,67,10,1560,2,-1,1,1,1
2016430363647,1,9,0,7,0,6,0,0,0,0,3,1,6,3,21,5,1395,1,1,4,1,4
2016430363647,2,9,0,18,0,8,0,0,0,0,4,1,6,2,35,6,1799,1,6,2,1,2
2016430363647,3,9,0,18,0,1,0,0,0,0,1,1,1,1,43,7,-1,-1,-1,3,1,3
2016430363693,1,9,0,11,0,8,0,0,0,0,4,1,1,1,25,5,898,1,1,4,1,4
2016430363693,2,5,0,5,0,8,0,0,0,0,3,1,6,1,47,8,649,1,18,5,1,5
2016430363710,1,9,0,18,0,1,0,0,0,0,3,1,6,2,-1,-1,-1,-1,-1,-1,-1,-1
2016430363717,1,9,0,18,0,4,0,0,0,0,1,1,2,1,-1,-1,1956,2,3,7,1,7
2016430363717,2,1,0,9,0,8,0,0,0,0,4,1,2,2,51,8,-1,-1,-1,10,2,10
2016430363738,1,9,0,18,0,0,0,0,0,0,1,1,6,3,-1,-1,-1,-1,-1,-1,-1,-1
2016430363745,1,9,0,18,0,0,0,0,0,0,1,1,1,2,39,7,898,1,-1,5,1,5
2016430363745,2,8,0,3,0,0,0,0,0,0,2,1,6,2,42,7,-1,-1,-1,6,1,6
2016430363745,3,9,0,3,0,0,0,0,0,0,2,1,6,1,-1,-1,-1,-1,-1,-1,-1,-1
2016430363755,1,9,0,9,0,2,0,0,0,0,1,1,6,2,43,7,1598,1,14,10,1,10
2016430363757,1,9,0,14,0,1,0,0,0,0,1,1,2,1,33,6,1229,1,8,7,1,7
2016430363757,2,9,0,9,0,6,0,0,0,0,1,1,6,2,54,8,1598,1,1,2,1,2
2016430363764,1,9,0,18,0,4,0,0,0,0,1,1,6,2,-1,-1,-1,-1,-1,-1,-1,-1
2016430363764,2,1,0,18,0,8,0,0,0,0,1,1,6,1,43,7,-1,-1,-1,7,1,7
2016430363782,1,21,1,12,0,0,0,0,0,0,3,2,1,1,49,8,-1,-1,-1,-1,-1,-1
2016430363782,2,9,0,18,0,0,0,0,0,0,4,1,6,2,28,6,1242,1,1,3,1,3
2016430363789,1,9,0,18,0,0,0,0,0,0,1,1,6,1,60,9,1794,1,11,9,3,9
2016430363789,2,90,0,2,0,0,0,0,0,0,0,1,1,1,38,7,-1,-1,-1,9,1,9
2016430363816,1,9,0,9,0,1,0,0,0,0,1,1,2,2,25,5,1364,1,1,10,2,10
2016430363835,1,9,0,9,0,8,0,0,0,0,1,1,6,1,18,4,1229,1,9,7,1,7
2016430363857,1,19,0,9,0,6,0,0,0,0,3,1,6,1,54,8,1997,2,11,3,1,3
2016430363857,2,5,0,18,0,8,0,0,0,0,1,1,2,1,44,7,750,1,10,2,1,2
2016430363948,1,9,0,18,0,0,0,0,0,0,1,1,6,2,48,8,2148,2,11,7,1,7
2016430363948,2,19,0,4,0,0,0,0,0,0,2,1,1,1,76,11,1753,2,10,9,2,9
2016430363948,3,9,0,3,0,0,0,0,0,0,2,1,6,1,36,7,1896,2,8,4,1,4
2016430363992,1,3,0,18,0,2,1,0,0,0,1,1,6,1,22,5,124,1,2,3,1,3
2016430363992,2,11,0,18,0,1,0,0,0,0,3,1,6,1,37,7,-1,-1,-1,5,1,5
2016430364568,1,21,1,18,0,1,0,0,0,0,1,1,1,1,60,9,12900,2,8,6,1,6
2016430364568,2,9,0,18,0,6,0,0,0,0,2,1,1,1,34,6,1995,2,-1,-1,-1,-1
2016430364569,1,9,0,5,0,1,0,0,0,0,2,1,3,1,47,8,1968,2,7,10,3,10
2016430364569,2,9,0,4,0,1,0,0,0,0,1,1,6,2,42,7,1999,1,7,10,1,10
2016430364575,1,9,0,6,0,0,0,0,0,0,0,1,6,1,37,7,1598,1,8,2,1,2
2016430364575,2,21,1,5,0,0,1,0,0,6,1,1,1,1,51,8,10518,2,2,9,1,9
2016430364575,3,21,1,5,0,0,1,0,0,0,2,1,1,1,51,8,12777,2,-1,6,1,6
2016430364658,1,9,0,18,0,0,0,0,0,0,4,1,6,1,73,10,1587,1,7,4,1,4
2016430364701,1,9,0,18,0,0,0,0,1,4,1,1,6,1,44,7,1242,1,13,7,3,7
2016430364718,1,9,0,18,0,8,0,0,0,0,1,1,6,2,75,10,1339,1,10,9,1,9
2016430364725,1,3,0,13,0,1,0,0,0,0,1,1,6,1,20,4,124,1,9,4,1,4
2016430364725,2,9,0,4,0,1,0,0,0,0,2,1,6,1,42,7,1781,1,15,5,1,5
2016430364772,1,4,0,14,0,8,0,0,0,0,4,1,2,1,21,5,-1,-1,-1,2,1,2
2016430364772,2,9,0,9,0,6,0,0,0,0,1,1,2,1,59,9,1796,1,20,7,1,7