Accident_Index,Vehicle_Reference,Vehicle_Type,Towing_and_Articulation,Vehicle_Manoeuvre,Vehicle_Location-Restricted_Lane,Junction_Location,Skidding_and_Overturning,Hit_Object_in_Carriageway,Vehicle_Leaving_Carriageway,Hit_Object_off_Carriageway,1st_Point_of_Impact,Was_Vehicle_Left_Hand_Drive?,Journey_Purpose_of_Driver,Sex_of_Driver,Age_of_Driver,Age_Band_of_Driver,Engine_Capacity_(CC),Propulsion_Code,Age_of_Vehicle,Driver_IMD_Decile,Driver_Home_Area_Type,Vehicle_IMD_Decile
2016430860316,1,5,0,18,0,0,0,0,0,0,0,1,6,1,20,4,645,1,8,8,1,8
2016430870216,1,9,0,8,0,5,0,0,0,0,1,1,6,1,55,8,1995,2,11,7,3,7
2016430870216,2,19,0,10,0,1,0,0,1,1,1,1,6,2,38,7,1560,2,6,5,1,5
2016430870216,3,9,0,10,0,1,0,0,0,0,1,1,6,1,81,11,1995,2,8,8,1,8
2016430880316,1,9,0,16,0,1,0,10,1,1,1,1,6,2,89,11,1386,1,5,6,1,6
2016430880416,1,9,0,9,0,6,0,0,0,0,0,1,2,2,22,5,1598,1,7,10,1,10
2016430880416,2,9,0,18,0,8,0,0,0,0,3,1,6,1,82,11,-1,-1,-1,9,1,9
2016430880816,1,9,0,7,0,5,0,0,0,0,2,1,6,1,-1,-1,1200,1,1,-1,-1,-1
2016430880816,2,1,0,10,0,1,0,0,0,0,1,1,6,2,38,7,-1,-1,-1,6,1,6
2016430890216,1,9,0,18,0,1,2,4,1,0,3,1,6,1,19,4,1149,1,12,3,1,3
2016430890216,2,9,0,2,0,1,0,0,0,0,4,1,6,3,-1,-1,1390,1,19,-1,-1,-1
2016430890216,3,9,0,2,0,1,0,0,0,0,1,1,6,3,-1,-1,1364,1,11,-1,-1,-1
2016430900416,1,17,4,18,0,0,0,0,0,0,3,1,1,1,63,9,-1,2,10,10,2,10
2016430900416,2,9,0,18,0,0,0,0,0,0,3,1,6,2,47,8,1248,2,10,9,3,9
2016430910216,1,90,0,9,0,6,0,0,0,0,1,1,1,1,28,6,2198,2,1,5,2,5
2016430910216,2,19,0,18,0,1,0,0,0,0,4,1,6,1,43,7,1998,2,12,4,1,4
2016430910316,1,9,0,18,0,4,0,0,0,0,1,1,6,2,-1,-1,-1,-1,-1,9,1,9
2016430910316,2,9,0,18,0,4,0,0,0,0,2,1,6,2,45,7,1360,1,16,7,3,7
2016430910616,1,9,0,18,0,8,0,0,3,1,1,1,6,2,56,9,1242,1,3,10,1,10
2016430910616,2,9,0,18,0,8,0,0,0,0,3,1,6,2,26,6,1997,2,13,5,1,5
2016430920216,1,9,0,9,0,6,0,0,0,0,3,1,6,2,50,8,1596,1,7,10,1,10
2016430920216,2,9,0,18,0,8,0,0,0,0,1,1,6,1,28,6,1968,2,10,10,1,10
2016430920416,1,21,0,11,0,0,0,0,0,0,1,1,1,1,44,7,10837,2,7,10,1,10
2016430920416,2,9,0,18,0,0,0,0,0,0,3,1,6,2,46,8,1997,2,-1,6,1,6
2016430920416,3,9,0,18,0,0,0,0,0,0,1,1,6,1,37,7,1998,1,7,7,1,7
2016430920616,1,9,0,4,0,0,0,0,0,0,1,1,2,1,23,5,-1,-1,-1,-1,-1,-1
2016430920616,2,19,0,4,0,0,0,0,0,0,2,1,1,1,44,7,-1,-1,-1,10,1,10
2016430920716,1,9,0,4,0,1,0,0,0,0,1,1,6,1,-1,-1,1149,1,11,-1,-1,-1
2016430920716,2,9,0,3,0,1,0,0,0,0,2,1,6,1,60,9,1910,2,12,5,1,5
2016430920716,3,9,0,10,0,1,0,0,0,0,0,1,6,3,-1,-1,-1,-1,-1,-1,-1,-1
2016430930416,1,5,0,10,0,1,0,0,0,0,4,1,2,1,48,8,596,1,15,10,1,10
2016430930416,2,1,0,13,0,1,0,0,0,0,3,1,2,1,35,6,-1,-1,-1,10,1,10
2016430930416,3,19,0,4,0,1,0,0,0,0,0,1,6,3,-1,-1,-1,-1,-1,-1,-1,-1
2016430930616,1,9,0,18,0,0,0,6,0,0,3,1,1,1,23,5,-1,-1,-1,9,1,9
2016430930716,1,9,0,18,0,1,0,0,0,0,1,1,2,1,28,6,1599,1,8,4,1,4
2016430930716,2,9,0,18,0,7,0,0,0,0,2,1,2,2,26,6,1368,1,2,8,1,8
2016430930716,3,9,0,18,0,2,0,0,0,0,2,1,6,1,52,8,1499,1,1,6,1,6
2016430940216,1,9,0,18,0,0,0,7,0,0,1,1,6,1,79,11,1086,1,5,7,2,7
2016430940616,1,9,0,17,0,0,0,0,7,1,4,1,6,1,18,4,1242,1,8,10,2,10
2016430940716,1,9,0,9,0,6,0,0,0,0,1,1,6,1,30,6,1995,2,9,10,1,10
2016430940716,2,5,0,13,0,8,0,0,7,11,4,1,6,1,26,6,883,1,22,3,1,3
2016430940716,3,5,0,18,0,2,0,0,0,0,0,1,6,1,33,6,781,1,18,8,1,8
2016430940716,4,9,0,7,0,5,0,0,0,0,0,1,6,2,55,8,1597,1,11,6,1,6
2016430950716,1,9,0,13,0,1,0,0,0,0,1,1,1,1,47,8,-1,-1,-1,9,1,9
2016430950716,2,17,4,9,0,5,0,0,0,0,3,1,1,1,65,9,-1,2,32,6,3,6
2016430950816,1,9,0,9,0,6,0,0,0,0,3,1,6,2,75,10,1086,1,11,10,1,10
2016430950816,2,1,0,10,0,1,0,0,0,0,4,1,6,1,40,7,-1,-1,-1,9,1,9
2016430970216,1,9,0,9,0,6,0,0,1,0,3,1,6,1,26,6,1229,1,6,10,3,10
2016430970216,2,9,0,18,0,8,0,0,0,0,1,1,6,2,38,7,1461,2,4,10,2,10
2016430980316,1,9,0,17,0,0,0,0,1,11,4,1,1,1,37,7,1598,1,7,9,3,9
2016430980816,1,9,0,18,0,0,0,0,0,0,1,1,6,1,-1,-1,1598,2,5,5,1,5
2016430990116,1,19,0,18,0,0,0,0,0,0,1,1,6,1,64,9,1998,2,11,2,1,2
2016430990116,2,9,0,4,0,0,0,0,0,0,2,1,6,2,59,9,1596,1,3,9,1,9
2016430990116,3,9,0,4,0,0,0,0,0,0,2,1,6,2,34,6,1995,2,3,10,1,10
2016430990216,1,9,0,18,0,0,0,0,7,4,1,1,6,2,33,6,3500,1,9,9,2,9
2016430990316,1,9,0,4,0,0,0,0,0,0,1,1,6,2,36,7,1422,2,13,8,1,8
2016430990316,2,9,0,4,0,0,0,0,0,0,1,1,6,1,36,7,1956,2,4,-1,-1,-1
2016430990316,3,9,0,4,0,0,0,0,0,0,2,1,6,1,59,9,-1,-1,-1,6,1,6
2016430990616,1,9,0,3,0,1,0,0,0,0,4,1,6,2,-1,-1,-1,-1,-1,-1,-1,-1
2016430990616,2,1,0,18,0,1,0,0,0,0,1,1,6,1,12,3,-1,-1,-1,7,1,7
2016430990616,3,1,0,18,0,1,0,0,0,0,1,1,6,1,14,3,-1,-1,-1,7,1,7
2016430990716,1,9,0,4,0,0,0,0,0,0,2,1,6,1,50,8,3200,2,14,9,2,9
2016430990716,2,9,0,4,0,0,0,0,0,0,1,1,6,1,-1,-1,-1,-1,-1,-1,-1,-1
2016430990716,3,9,0,4,0,0,0,0,0,0,2,1,6,1,39,7,2499,1,10,7,1,7
2016430990716,4,9,0,4,0,0,0,0,0,0,1,1,6,1,21,5,998,1,9,10,3,10
2016430990816,1,9,0,18,0,0,0,0,1,9,3,1,2,1,47,8,1461,2,5,1,1,1
2016431000216,1,9,0,18,0,3,1,0,1,7,3,1,6,2,27,6,1997,2,14,10,1,10
2016431000216,2,98,0,12,0,3,0,0,0,0,0,1,6,1,-1,-1,-1,-1,-1,-1,-1,-1
2016431010116,1,9,0,16,0,0,1,0,0,0,1,1,2,2,20,4,1598,1,7,10,2,10
2016431010116,2,9,0,18,0,0,0,0,0,0,1,1,2,2,40,7,1422,2,8,7,3,7
2016431010216,1,19,0,13,0,8,0,0,7,10,4,1,1,1,19,4,1753,2,5,8,3,8
2016431010216,2,9,0,9,0,5,0,0,0,0,3,1,6,2,45,7,1388,1,11,7,3,7
2016431020116,1,9,0,18,0,0,2,0,0,0,1,1,6,2,19,4,1242,1,2,2,1,2
2016431020116,2,9,0,3,0,0,0,0,0,0,2,1,6,2,28,6,1598,1,12,3,1,3
2016431020116,3,9,0,3,0,0,0,0,0,0,2,1,6,2,71,10,1360,1,6,6,1,6
2016431020316,1,9,0,9,0,6,0,0,0,0,3,1,6,1,-1,-1,-1,-1,-1,-1,-1,-1
2016431020316,2,1,0,7,0,5,0,0,0,0,3,1,6,1,29,6,-1,-1,-1,7,1,7
2016431030616,1,9,0,18,0,1,0,0,0,0,4,1,6,1,88,11,1598,1,18,10,1,10
2016431050116,1,19,0,18,0,0,1,0,0,0,1,1,6,1,47,8,1997,2,12,-1,-1,-1
2016431050116,2,9,0,4,0,0,0,0,0,0,2,1,6,2,56,9,1997,1,15,9,1,9
2016431050116,3,9,0,10,0,0,0,0,0,0,2,1,6,2,27,6,1598,2,3,4,1,4
2016431050316,1,9,0,9,0,6,0,0,0,0,1,1,2,2,64,9,1686,2,5,10,1,10
2016431050316,2,9,0,18,0,1,0,0,0,0,4,1,6,2,36,7,1753,2,9,5,1,5
2016431050616,1,9,0,9,0,4,0,0,0,0,3,1,6,2,69,10,2400,2,3,6,3,6
2016431050616,2,1,0,18,0,1,0,0,0,0,1,1,6,1,53,8,-1,-1,-1,10,1,10
2016431060716,1,9,0,18,0,0,0,0,0,0,1,1,6,1,29,6,1582,2,2,4,1,4
2016431060716,2,9,0,13,0,0,0,0,0,0,3,1,6,2,49,8,1598,1,6,7,3,7
2016431060716,3,1,0,18,0,0,0,0,0,0,3,1,6,1,42,7,-1,-1,-1,7,2,7
2016431060716,4,9,0,18,0,0,0,0,0,0,3,1,6,1,59,9,1968,2,5,6,1,6
2016431060716,5,9,0,18,0,0,0,0,0,0,3,1,6,1,51,8,1386,1,8,6,1,6
2016431060716,6,9,0,18,0,0,0,0,0,0,3,1,6,2,44,7,2401,2,8,10,2,10
2016431060716,7,9,0,18,0,0,0,0,0,0,3,1,6,2,60,9,1299,1,14,10,1,10
2016431060816,1,9,0,18,8,0,0,0,0,0,1,1,6,2,24,5,1198,1,8,-1,-1,-1
2016431060816,2,3,0,18,0,0,0,0,0,0,4,1,6,1,21,5,125,1,11,5,1,5
2016431070816,1,9,0,18,0,8,0,0,1,4,1,1,6,1,19,4,1395,1,1,-1,-1,-1
2016431070816,2,9,0,9,0,6,0,0,0,0,1,1,6,1,78,11,-1,-1,-1,10,1,10
2016431080316,1,9,0,7,0,6,0,0,0,0,3,1,6,1,47,8,1799,1,10,5,2,5
2016431080316,2,9,0,18,0,8,1,0,0,0,1,1,6,1,20,4,1331,1,21,7,1,7
2016431080516,1,9,0,1,0,5,0,0,0,0,4,1,6,1,75,10,1560,2,1,8,3,8
2016431080516,2,5,0,18,0,1,0,0,0,0,1,1,6,1,57,9,998,1,-1,5,1,5
2016431080716,1,1,0,18,0,0,0,0,0,0,0,1,6,1,52,8,-1,-1,-1,10,3,10
2016431080716,2,9,0,18,0,0,0,0,0,0,3,1,6,1,50,8,-1,-1,-1,1,1,1
2016431090116,1,9,0,17,0,0,1,0,2,4,1,1,6,1,24,5,1968,2,6,3,1,3
2016431090516,1,9,0,18,0,6,0,0,0,0,1,1,6,2,65,9,1598,1,10,10,2,10
2016431090516,2,9,0,18,0,8,1,0,0,0,4,1,6,1,25,5,-1,-1,-1,10,3,10
2016431090716,1,19,0,18,0,8,0,0,0,0,1,1,1,1,27,6,2198,2,8,6,3,6
2016431090716,2,9,0,18,0,8,0,0,0,0,3,1,2,1,59,9,-1,-1,-1,9,2,9
2016431090816,1,9,0,9,0,6,0,0,0,0,3,1,6,1,38,7,1968,2,4,3,1,3
2016431090816,2,9,0,18,0,1,0,0,0,0,1,1,6,2,60,9,1242,1,14,10,1,10
2016431100116,1,9,0,9,0,8,0,0,0,0,1,1,6,2,-1,-1,-1,-1,-1,-1,-1,-1
2016431100116,2,1,0,10,0,8,0,0,0,0,1,1,6,1,77,11,-1,-1,-1,2,1,2
2016431100216,1,21,0,13,0,8,0,0,0,0,3,1,1,1,-1,-1,9200,2,5,-1,-1,-1
2016431100216,2,9,0,18,0,8,0,0,0,0,4,1,6,2,34,6,1896,2,15,3,1,3
2016431110216,1,19,0,18,0,0,1,0,0,0,1,1,6,1,41,7,2488,2,5,-1,-1,-1
2016431110216,2,19,0,18,0,0,0,0,0,0,2,1,6,1,33,6,2461,2,9,6,2,6
2016431110416,1,90,0,18,0,1,0,0,0,0,1,1,1,1,51,8,2987,2,6,10,1,10
2016431110416,2,9,0,9,0,5,0,0,7,10,2,1,6,1,33,6,998,1,5,6,3,6
2016431120716,1,5,0,13,0,8,0,0,0,0,1,1,2,1,40,7,649,1,3,8,1,8
2016431120716,2,9,0,9,0,5,0,0,0,0,3,1,2,2,48,8,1388,1,4,6,1,6
2016431120816,1,9,0,18,0,0,0,0,0,0,1,1,6,1,57,9,-1,-1,-1,5,1,5
2016431120816,2,9,4,18,0,0,0,0,0,0,2,1,6,1,27,6,-1,-1,-1,8,1,8
2016431130416,1,8,0,18,0,1,0,0,0,0,1,1,1,1,69,10,1968,2,4,10,1,10
2016431130416,2,9,0,3,0,1,0,0,0,0,2,1,6,2,57,9,1461,2,2,9,1,9
2016431130716,1,9,0,18,0,1,0,0,0,0,1,1,6,2,42,7,1396,1,16,6,1,6
2016431140116,1,9,0,18,0,1,0,0,0,0,4,1,6,2,42,7,1910,2,8,6,1,6
2016431140716,1,9,0,5,0,2,0,0,0,0,1,1,6,2,30,6,1229,1,3,9,1,9
2016431140716,2,19,0,18,0,2,0,0,0,0,4,1,2,1,47,8,2198,2,-1,10,1,10
2016431150116,1,9,0,17,0,0,1,0,7,4,1,1,2,1,26,6,1988,1,14,7,3,7
2016431150116,2,8,0,17,0,0,0,0,0,0,2,1,3,1,44,7,1995,2,3,10,1,10
2016431150116,3,19,0,2,0,0,0,0,0,0,1,1,2,1,27,6,-1,-1,-1,5,1,5
2016431150716,1,9,0,18,0,1,0,0,0,0,1,1,6,1,53,8,1149,1,9,3,1,3
2016431150716,2,9,0,9,0,5,0,0,0,0,2,1,6,1,33,6,2000,1,12,7,1,7
2016431150816,1,9,0,18,0,0,0,0,0,0,3,1,6,2,55,8,1995,2,1,3,1,3
2016431150816,2,9,0,18,0,0,0,0,0,0,3,1,2,2,55,8,1986,1,7,3,1,3
2016431160116,1,9,0,7,0,3,0,0,0,0,4,1,6,1,59,9,1798,8,2,10,1,10
2016431160216,1,9,0,6,0,0,1,0,7,0,3,1,6,1,35,6,1968,2,10,7,1,7
2016431160216,2,5,0,18,0,0,1,0,0,0,2,1,6,1,25,5,649,1,1,9,1,9
2016431160516,1,9,0,18,0,0,0,0,1,10,1,1,6,2,28,6,1997,2,13,10,1,10
2016431160516,2,9,0,18,0,0,0,0,0,0,0,1,6,3,-1,-1,-1,-1,-1,-1,-1,-1
2016431170116,1,3,0,4,0,1,1,0,0,0,1,1,6,1,43,7,125,1,9,8,1,8
2016431170116,2,9,0,10,0,1,0,0,0,0,2,1,6,2,28,6,2982,2,2,6,1,6
2016431170516,1,1,0,15,0,1,0,0,0,0,3,1,6,1,24,5,-1,-1,-1,-1,-1,-1
2016431170516,2,9,0,7,0,5,0,0,0,0,4,1,6,2,18,4,1242,1,1,10,3,10
2016431180116,1,19,0,4,0,0,0,0,1,9,1,1,1,1,49,8,2143,2,2,7,2,7
2016431180116,2,9,0,3,0,0,0,0,0,0,2,1,6,2,28,6,1598,1,3,9,2,9
2016431180216,1,9,0,9,0,5,0,0,0,0,1,1,1,1,23,5,1984,1,9,4,1,4
2016431180216,2,9,0,18,0,1,0,0,0,0,1,1,1,2,25,5,1995,2,6,3,1,3
2016431180516,1,19,0,18,0,3,0,0,0,0,4,1,1,1,32,6,2461,2,17,7,2,7
2016431180816,1,9,0,18,0,1,0,0,1,6,1,1,6,1,33,6,2987,2,10,8,1,8
2016431190216,1,9,0,9,0,6,0,0,0,0,3,1,6,1,28,6,1590,1,12,7,1,7
2016431190216,2,9,0,18,0,8,0,0,0,0,1,1,2,1,44,7,1995,2,13,-1,-1,-1
2016431190416,1,9,0,18,0,1,0,0,0,0,1,1,6,2,-1,-1,1560,2,5,-1,-1,-1
2016431190416,2,9,0,3,0,1,0,0,0,0,2,1,6,2,50,8,799,2,7,10,1,10
2016431190516,1,5,0,13,0,1,1,0,0,0,4,1,6,1,37,7,599,1,2,-1,-1,-1
2016431190516,2,9,0,9,0,5,0,0,0,0,3,1,6,1,42,7,2199,2,2,9,3,9
2016431190816,1,9,0,9,0,5,0,0,0,0,1,1,1,2,32,6,1360,1,13,1,1,1
2016431190816,2,5,0,18,0,8,0,0,0,0,1,1,6,1,51,8,955,1,13,9,1,9
2016431200116,1,9,0,18,0,0,0,0,0,0,1,1,6,2,67,10,2000,2,12,7,1,7
2016431200816,1,1,0,9,0,5,0,0,0,0,1,1,6,1,48,8,-1,-1,-1,6,1,6
2016431200816,2,9,0,18,0,8,0,0,0,0,4,1,6,1,26,6,1390,1,15,3,1,3
2016431210416,1,19,0,18,0,0,0,0,0,0,4,1,1,1,72,10,1868,2,13,5,1,5
2016431210416,2,19,0,12,0,0,1,0,0,0,3,1,1,1,50,8,2198,2,8,7,1,7
2016431210416,3,9,0,18,0,0,0,0,0,0,2,1,2,2,21,5,1124,1,8,5,1,5
2016431210416,4,9,0,18,0,0,0,0,0,0,2,1,2,1,48,8,2148,2,8,6,3,6
2016431210816,1,9,0,18,0,0,0,0,1,4,1,1,6,2,74,10,3189,1,11,9,1,9
2016431220416,1,9,0,18,0,0,0,0,0,0,0,1,1,1,-1,-1,1598,2,-1,-1,-1,-1
2016431220416,2,9,0,16,0,0,1,0,7,0,1,1,6,1,22,5,1995,2,11,-1,-1,-1
2016431220816,1,19,0,18,0,0,0,0,0,0,1,1,1,1,61,9,2143,2,4,10,1,10
2016431220816,2,9,0,18,0,0,0,0,0,0,2,1,6,1,50,8,1390,1,4,10,1,10
2016431230116,1,9,0,18,0,0,1,0,0,0,1,1,6,1,-1,-1,-1,-1,-1,-1,-1,-1
2016431230116,2,19,0,3,0,0,0,0,0,0,2,1,6,1,65,9,1997,2,9,9,1,9
2016431230216,1,9,0,18,0,0,0,0,0,0,1,1,6,2,20,4,1499,2,3,6,1,6
2016431230216,2,9,0,4,0,0,1,0,0,0,2,1,6,1,45,7,-1,-1,-1,9,2,9
2016431230316,1,9,0,17,0,0,1,0,1,4,1,1,6,2,18,4,1360,1,7,7,3,7
2016431240416,1,9,0,18,0,0,0,0,0,0,4,1,3,2,-1,-1,-1,-1,-1,-1,-1,-1
2016431240516,1,9,0,9,0,3,0,0,0,0,4,1,6,1,71,10,1582,2,6,9,1,9
2016431240816,1,9,0,18,0,0,0,0,0,0,1,1,6,2,23,5,1242,1,4,5,1,5
2016431240816,2,9,0,18,0,0,0,0,0,0,1,1,6,2,52,8,2987,2,8,7,3,7
2016431250116,1,9,0,5,0,6,0,0,0,0,1,1,6,2,33,6,1995,1,5,7,1,7
2016431250116,2,1,0,18,0,1,0,0,0,0,4,1,6,1,62,9,-1,-1,-1,9,3,9
2016431250216,1,9,0,9,0,6,0,0,0,0,1,1,6,3,-1,-1,-1,-1,-1,-1,-1,-1
2016431250216,2,9,0,3,0,1,0,0,0,0,2,1,1,2,22,5,1199,1,1,10,1,10
2016431250316,1,9,0,18,0,4,0,0,0,0,1,1,1,2,33,6,1599,1,11,5,1,5
2016431250316,2,9,0,9,0,8,0,0,0,0,1,1,1,2,21,5,1199,1,12,5,1,5
2016431250716,1,9,0,18,0,0,0,0,0,0,3,1,6,2,17,4,-1,-1,-1,10,1,10
2016431250716,2,9,0,18,0,0,0,0,0,0,0,1,6,1,50,8,-1,-1,-1,6,1,6
2016431260216,1,9,0,18,0,2,0,0,0,0,3,1,6,1,56,9,999,1,2,8,1,8
2016431260316,1,19,0,18,6,0,0,0,0,0,4,1,6,3,-1,-1,-1,-1,-1,-1,-1,-1
2016431270416,1,9,0,8,0,0,0,0,0,0,1,1,1,1,24,5,998,1,13,8,1,8
2016431270416,2,1,0,18,0,0,0,0,0,0,3,1,6,1,11,3,-1,-1,-1,10,3,10
2016431270816,1,21,0,9,0,5,0,0,0,0,1,1,1,1,-1,-1,-1,-1,-1,-1,-1,-1
2016431270816,2,1,0,3,0,1,0,0,0,0,0,1,6,1,69,10,-1,-1,-1,8,2,8
2016431280316,1,9,0,9,0,6,0,0,0,0,3,1,6,1,21,5,-1,-1,-1,-1,-1,-1
2016431280316,2,5,0,13,0,8,0,0,0,0,4,1,2,1,57,9,1649,1,2,9,3,9
2016431280416,1,19,0,4,0,0,0,0,0,0,1,1,6,1,24,5,1870,2,13,4,1,4
2016431280416,2,9,0,3,0,0,0,0,0,0,2,1,6,2,34,6,1997,2,6,5,1,5
2016431280516,1,19,0,18,0,1,0,0,0,0,1,1,1,1,27,6,2198,2,5,9,1,9
2016431280516,2,9,0,3,0,1,0,0,0,0,2,1,1,1,28,6,4735,1,2,9,3,9
2016431280516,3,9,0,3,0,1,0,0,0,0,2,1,6,1,69,10,1995,1,6,6,1,6
2016431280516,4,9,0,10,0,1,0,0,0,0,0,1,6,3,-1,-1,-1,-1,-1,-1,-1,-1
2016431290416,1,9,0,18,0,1,0,0,0,0,1,1,6,1,69,10,-1,-1,-1,10,1,10
2016431290416,2,9,0,3,0,1,0,0,0,0,2,1,6,2,50,8,1968,2,1,-1,-1,-1
2016431290516,1,9,0,16,0,0,0,0,1,7,4,1,6,1,23,5,1149,1,13,10,1,10
2016431310516,1,3,0,13,0,1,0,0,0,0,1,1,6,1,20,4,125,1,3,7,1,7
2016431310516,2,9,0,9,0,5,0,0,0,0,3,1,6,2,49,8,1997,2,4,9,1,9
2016431310816,1,9,0,18,0,0,0,0,0,0,1,1,1,1,35,6,1797,8,7,10,1,10
2016431310816,2,9,0,18,0,0,0,0,0,0,2,1,6,2,25,5,1242,1,5,10,1,10
2016431310816,3,9,0,18,0,0,0,0,0,0,2,1,6,1,34,6,1399,1,5,10,1,10
2016431320316,1,19,0,17,0,0,1,10,1,9,1,1,1,1,20,4,1686,2,10,7,2,7
2016431330216,1,9,0,9,0,4,0,0,0,0,1,1,6,2,44,7,1390,1,2,8,1,8
2016431330716,1,9,0,18,0,0,0,0,1,0,0,1,6,2,60,9,1242,1,8,9,1,9
2016431330716,2,90,4,2,0,0,0,0,0,0,3,1,6,3,-1,-1,-1,-1,-1,-1,-1,-1
2016431350216,1,9,0,18,0,0,0,0,0,0,1,1,6,1,20,4,1242,1,16,8,3,8
2016431350216,2,9,0,18,0,0,0,0,0,0,1,1,6,1,18,4,1560,2,6,10,3,10
2016431350316,1,19,0,18,0,1,0,0,0,0,1,1,1,1,24,5,2287,2,4,9,1,9
2016431350316,2,9,0,10,0,1,0,0,0,0,2,1,6,2,30,6,1995,2,8,6,3,6
2016431350716,1,9,0,16,0,0,0,0,0,0,3,1,6,3,-1,-1,1368,1,7,-1,-1,-1
2016431350716,2,9,0,17,0,0,0,0,0,0,3,1,6,2,46,8,1968,2,2,3,1,3
2016431360116,1,9,0,4,0,1,0,0,0,0,1,1,6,1,45,7,1296,1,8,-1,-1,-1
2016431360116,2,9,0,3,0,1,0,0,0,0,2,1,1,1,20,4,1896,2,12,9,1,9
2016431360216,1,9,0,17,0,0,2,0,7,5,1,1,6,1,21,5,2926,2,11,8,2,8
2016431360216,2,9,0,2,0,0,0,0,0,0,2,1,6,3,-1,-1,1598,1,6,-1,-1,-1
2016431360316,1,90,0,1,0,0,0,0,1,11,2,1,1,1,65,9,-1,-1,-1,10,2,10
2016431360516,1,1,0,17,0,0,0,0,0,0,1,1,6,1,34,6,-1,-1,-1,8,1,8
2016431360716,1,1,0,18,0,0,0,0,0,0,4,1,6,1,56,9,-1,-1,-1,10,1,10
2016431360716,2,9,0,2,0,0,0,0,0,0,2,1,6,3,-1,-1,2995,8,2,-1,-1,-1
2016431370516,1,9,0,18,0,0,0,0,5,6,1,1,6,2,46,8,1598,1,14,3,1,3
2016431370716,1,9,0,16,0,0,0,0,0,0,1,1,6,1,36,7,2993,2,7,8,3,8
2016431370716,2,9,0,17,0,0,0,0,0,0,1,1,6,2,57,9,998,1,4,8,3,8
2016431380116,1,9,0,17,0,0,0,0,2,4,1,1,2,1,40,7,-1,-1,-1,3,1,3
2016431380216,1,9,0,12,0,1,0,0,0,0,3,1,6,2,30,6,1461,2,10,10,1,10
2016431380216,2,9,0,18,0,1,5,0,0,0,4,1,6,2,58,9,1590,1,22,4,2,4
2016431380216,3,9,0,18,0,1,0,0,0,0,1,1,6,2,33,6,1968,2,7,4,1,4
2016431380216,4,9,0,4,0,1,0,0,0,0,2,1,6,2,36,7,1799,1,9,10,2,10
2016431380216,5,9,0,4,0,1,0,0,0,0,2,1,6,1,48,8,1229,1,8,10,1,10
2016431380216,6,9,0,4,0,1,0,0,0,0,0,1,6,3,-1,-1,-1,-1,-1,-1,-1,-1
2016431380316,1,9,0,18,0,0,0,0,0,0,1,1,6,1,66,10,1781,1,13,3,1,3
2016431380316,2,9,0,3,0,0,0,0,0,0,2,1,6,1,44,7,1560,2,2,3,1,3
2016431380516,1,3,0,9,0,4,1,0,0,0,0,1,6,1,22,5,125,1,4,8,1,8
2016431380516,2,9,0,18,0,4,0,0,0,0,0,1,6,2,47,8,1368,1,4,7,1,7
2016431380616,1,9,0,5,0,6,0,0,0,0,4,1,6,1,31,6,1999,2,-1,5,1,5
2016431380616,2,1,0,18,0,8,0,0,0,0,1,1,6,1,28,6,-1,-1,-1,-1,-1,-1
2016431390116,1,9,0,16,0,0,2,0,2,10,3,1,4,1,18,4,1229,1,11,6,3,6
2016431410516,1,9,0,18,0,0,0,0,0,0,1,1,3,1,38,7,2698,2,10,10,1,10
2016431410716,1,1,0,18,0,0,0,0,0,0,1,1,6,1,19,4,-1,-1,-1,10,3,10
2016431410716,2,9,0,2,0,0,0,0,0,0,2,1,2,1,67,10,1991,2,15,9,3,9
2016431410816,1,9,0,7,0,6,0,0,0,0,4,1,6,1,60,9,1997,2,-1,-1,-1,-1
2016431410816,2,9,0,3,0,1,0,0,0,0,0,1,6,1,39,7,1968,2,1,7,1,7
2016431420716,1,9,0,9,0,5,0,0,0,0,4,1,6,2,55,8,1998,1,20,10,1,10
2016431420716,2,9,0,18,0,8,0,0,0,0,3,1,6,2,-1,-1,1149,1,12,-1,-1,-1
2016431430316,1,9,0,9,0,6,0,0,0,0,3,1,6,1,37,7,1968,2,2,10,1,10
2016431430316,2,9,0,18,0,1,0,0,0,0,1,1,6,1,26,6,1388,1,14,5,1,5
2016431430316,3,9,0,18,0,1,0,0,0,0,1,1,6,2,46,8,1339,1,7,7,1,7
2016431430716,1,3,0,9,0,5,0,0,0,0,3,1,6,1,50,8,124,1,4,6,1,6
2016431440116,1,9,0,7,0,5,0,0,0,0,1,1,6,1,72,10,1587,1,13,9,1,9
2016431440216,1,21,0,11,0,0,0,0,0,0,4,1,6,1,31,6,9200,2,4,8,1,8
2016431440216,2,9,0,18,0,0,0,0,2,7,3,1,6,2,59,9,-1,-1,-1,7,1,7
2016431440316,1,19,0,18,0,1,0,0,0,0,1,1,6,1,30,6,2198,2,5,-1,-1,-1
2016431440316,2,9,0,3,0,1,0,0,0,0,2,1,6,2,27,6,1995,2,10,8,1,8
2016431440416,1,9,0,18,0,8,0,0,0,0,1,1,6,2,37,7,1240,1,13,4,1,4