Accident_Index,Vehicle_Reference,Vehicle_Type,Towing_and_Articulation,Vehicle_Manoeuvre,Vehicle_Location-Restricted_Lane,Junction_Location,Skidding_and_Overturning,Hit_Object_in_Carriageway,Vehicle_Leaving_Carriageway,Hit_Object_off_Carriageway,1st_Point_of_Impact,Was_Vehicle_Left_Hand_Drive?,Journey_Purpose_of_Driver,Sex_of_Driver,Age_of_Driver,Age_Band_of_Driver,Engine_Capacity_(CC),Propulsion_Code,Age_of_Vehicle,Driver_IMD_Decile,Driver_Home_Area_Type,Vehicle_IMD_Decile
2016431440416,2,9,0,18,0,8,0,0,1,0,3,1,6,1,59,9,2148,2,11,8,2,8
2016431450816,1,9,0,18,0,8,0,0,0,0,1,1,6,2,17,4,1198,1,10,10,1,10
2016431450816,2,9,0,9,0,8,0,0,0,0,3,1,6,2,25,5,1596,1,14,6,2,6
2016431460416,1,19,0,1,0,1,0,0,0,0,2,1,6,1,-1,-1,1364,1,9,-1,-1,-1
2016431460416,2,9,0,3,0,1,0,0,0,0,1,1,1,1,29,6,1248,2,2,1,1,1
2016431460516,1,9,0,14,0,0,0,0,0,0,4,1,6,3,-1,-1,-1,-1,-1,-1,-1,-1
2016431470116,1,19,0,18,0,2,0,0,0,0,1,1,6,1,63,9,2148,2,9,5,1,5
2016431470116,2,9,0,3,0,2,0,0,0,0,2,1,6,1,40,7,1587,1,13,6,1,6
2016431470116,3,9,0,3,0,2,0,0,0,0,2,1,6,1,81,11,1998,1,20,10,2,10
2016431470416,1,9,0,9,0,6,0,0,0,0,4,1,6,2,37,7,2494,8,2,8,3,8
2016431470416,2,9,0,18,0,1,5,0,0,0,4,1,6,2,19,4,1600,2,6,7,3,7
2016431470516,1,5,0,18,0,1,0,0,0,0,1,1,6,1,34,6,1170,1,11,-1,-1,-1
2016431470516,2,9,0,9,0,5,0,0,0,0,2,1,6,2,22,5,1360,1,11,10,1,10
2016431480316,1,9,0,9,0,8,1,0,3,2,1,1,6,2,40,7,1968,2,4,8,1,8
2016431480416,1,9,0,13,0,1,0,0,0,0,4,1,2,1,51,8,1461,2,5,10,2,10
2016431480416,2,9,0,9,0,1,0,0,1,1,3,1,2,1,44,7,2497,1,10,7,3,7
2016431490116,1,9,0,18,0,0,0,0,0,0,1,1,6,1,-1,-1,-1,-1,-1,-1,-1,-1
2016431490116,2,1,0,18,0,0,0,0,0,0,2,1,2,1,67,10,-1,-1,-1,10,1,10
2016431500316,1,9,0,6,0,8,0,0,0,0,3,1,6,1,70,10,2400,2,3,10,1,10
2016431500316,2,9,0,18,0,8,0,0,0,0,1,1,6,2,60,9,1796,1,14,10,1,10
2016431510616,1,9,0,18,0,0,0,0,5,6,1,1,6,1,25,5,1339,1,11,3,1,3
2016431510616,2,9,0,18,0,0,0,0,0,0,1,1,6,1,47,8,1995,1,5,10,1,10
2016431510816,1,9,0,9,0,6,0,0,0,0,3,1,1,1,25,5,1360,1,10,10,1,10
2016431510816,2,9,0,18,0,1,0,0,0,0,1,1,1,2,23,5,1587,1,9,10,1,10
2016431520616,1,9,0,4,0,0,0,0,0,0,2,1,6,1,36,7,1598,1,11,3,1,3
2016431520616,2,9,0,18,0,0,0,0,0,0,1,1,6,1,36,7,1396,1,16,3,1,3
2016431530516,1,20,0,18,0,8,0,0,0,0,2,1,6,1,48,8,2287,2,6,2,1,2
2016431530516,2,9,0,18,0,4,0,0,0,0,1,1,6,2,40,7,-1,-1,-1,8,2,8
2016431530616,1,9,0,4,0,8,0,0,0,0,1,1,6,1,39,7,1997,2,4,3,1,3
2016431530616,2,3,0,4,0,8,0,0,0,0,1,1,6,1,26,6,124,1,3,7,1,7
2016431540316,1,19,0,18,0,5,1,0,0,0,1,1,2,1,48,8,1248,2,10,3,1,3
2016431540316,2,9,0,5,0,5,0,0,0,0,2,1,2,2,38,7,1400,1,17,10,1,10
2016431540616,1,19,0,18,0,0,2,0,0,0,1,1,6,1,20,4,-1,-1,-1,8,1,8
2016431540616,2,20,0,18,0,0,0,0,0,0,2,1,6,1,54,8,5193,2,3,-1,-1,-1
2016431550316,1,9,0,4,0,1,0,0,0,0,1,1,2,2,40,7,2179,2,3,10,2,10
2016431550316,2,9,0,4,0,1,0,0,0,0,2,1,2,2,40,7,1598,1,5,10,3,10
2016431550316,3,9,0,4,0,1,0,0,0,0,2,1,1,1,40,7,-1,-1,-1,-1,-1,-1
2016431560116,1,9,0,18,0,0,1,0,0,0,1,1,3,1,58,9,2993,2,2,8,3,8
2016431560116,2,1,0,18,0,0,1,0,0,0,0,1,6,1,65,9,-1,-1,-1,9,3,9
2016431560316,1,9,0,9,0,6,0,0,0,0,1,1,6,2,81,11,1598,1,4,10,1,10
2016431560316,2,9,0,18,0,8,0,0,7,0,1,1,6,1,26,6,-1,-1,-1,10,1,10
2016431560516,1,9,0,18,0,0,0,0,0,0,0,1,6,1,44,7,1968,2,1,6,3,6
2016431560516,2,9,0,18,0,0,0,0,1,4,1,1,6,1,42,7,1598,1,11,7,1,7
2016431580516,1,9,0,18,0,0,0,0,0,0,1,1,2,2,68,10,1200,1,2,10,2,10
2016431580516,2,9,0,18,0,0,0,0,0,0,1,1,2,2,66,10,1896,2,14,10,1,10
2016431590116,1,9,0,9,0,6,0,0,0,0,3,1,1,2,40,7,2000,2,9,5,1,5
2016431590116,2,3,0,18,0,1,0,0,0,0,1,1,2,1,35,6,125,1,2,7,1,7
2016431590516,1,8,0,18,0,0,0,0,0,0,1,1,1,1,-1,-1,1896,2,10,3,1,3
2016431590516,2,9,0,2,0,0,0,0,0,0,2,1,6,3,-1,-1,-1,-1,-1,-1,-1,-1
2016431590716,1,9,0,18,0,8,0,0,0,0,1,1,6,1,-1,-1,1956,2,3,-1,-1,-1
2016431590716,2,9,0,18,0,8,0,0,0,0,2,1,6,2,18,4,1397,1,9,10,1,10
2016431600216,1,9,0,16,0,0,0,0,0,0,1,1,6,2,24,5,1199,2,4,8,3,8
2016431600216,2,9,0,17,0,0,0,0,0,0,1,1,6,1,68,10,1968,2,5,8,3,8
2016431600516,1,90,1,7,0,5,0,0,0,0,2,1,1,1,32,6,-1,-1,-1,7,1,7
2016431600616,1,9,0,5,9,6,0,0,0,0,1,1,2,1,38,7,1910,2,8,9,1,9
2016431600816,1,9,0,18,0,0,0,0,0,0,1,1,6,2,79,11,1598,1,7,8,2,8
2016431600816,2,9,0,4,0,0,0,0,0,0,2,1,6,1,31,6,-1,-1,-1,9,2,9
2016431610116,1,9,0,18,0,1,1,0,0,0,1,1,6,1,27,6,1896,2,8,-1,-1,-1
2016431610116,2,9,0,9,0,6,0,0,0,0,3,1,1,2,30,6,2993,2,3,9,2,9
2016431610316,1,9,0,18,0,0,0,0,0,0,1,1,6,1,24,5,1995,2,5,8,3,8
2016431610316,2,9,0,18,0,0,0,0,0,0,1,1,6,1,74,10,1998,2,2,9,3,9
2016431610516,1,9,0,13,0,0,0,0,0,0,0,1,6,3,-1,-1,-1,-1,-1,-1,-1,-1
2016431610516,2,1,0,18,0,0,0,0,0,0,0,1,6,1,18,4,-1,-1,-1,6,1,6
2016431610816,1,9,0,18,0,1,0,0,0,0,1,1,2,1,27,6,-1,-1,-1,5,1,5
2016431610816,2,20,0,4,0,1,0,0,0,0,2,1,2,1,35,6,4462,2,3,7,3,7
2016431610816,3,9,0,10,0,1,0,0,0,0,0,1,6,2,-1,-1,-1,-1,-1,-1,-1,-1
2016431620516,1,9,0,9,0,5,0,0,0,0,1,1,6,2,41,7,1598,1,9,5,1,5
2016431620516,2,5,0,18,0,1,0,0,0,0,1,1,2,1,44,7,1050,1,8,10,2,10
2016431620816,1,9,0,9,0,5,0,0,0,0,4,1,6,1,22,5,-1,-1,-1,10,3,10
2016431620816,2,3,0,18,0,8,0,0,0,0,1,1,6,1,17,4,-1,-1,-1,9,3,9
2016431630216,1,8,0,18,0,0,0,0,0,0,1,1,1,1,50,8,1998,2,6,6,1,6
2016431630316,1,9,0,18,0,3,1,0,0,0,4,1,6,1,24,5,2171,1,13,10,1,10
2016431630316,2,9,0,18,0,4,0,0,0,0,1,1,6,1,45,7,-1,-1,-1,5,1,5
2016431630416,1,9,0,9,0,8,0,0,0,0,4,1,6,2,35,6,1997,2,12,9,1,9
2016431630416,2,9,0,18,0,1,0,0,0,0,1,1,6,2,57,9,1242,1,6,9,1,9
2016431630516,1,9,0,18,0,0,0,0,0,0,1,1,6,3,-1,-1,-1,-1,-1,-1,-1,-1
2016431630616,1,9,0,5,0,1,0,0,0,0,1,1,2,1,23,5,1587,1,14,4,1,4
2016431630616,2,9,0,5,0,1,0,0,0,0,3,1,2,1,33,6,996,1,7,6,1,6
2016431640216,1,9,0,17,0,0,0,0,1,0,1,1,1,2,61,9,1997,2,7,10,2,10
2016431640216,2,9,0,16,0,0,0,0,1,0,1,1,2,1,32,6,1364,1,9,8,3,8
2016431640316,1,9,0,18,0,0,0,0,0,0,1,1,6,1,34,6,1796,1,9,2,1,2
2016431640316,2,9,0,3,0,0,0,0,0,0,2,1,6,1,36,7,1896,2,11,4,1,4
2016431640316,3,9,0,3,0,0,0,0,0,0,2,1,2,1,30,6,1422,2,7,10,1,10
2016431640416,1,9,0,9,0,5,0,0,0,0,1,1,6,1,57,9,1796,1,2,10,3,10
2016431640416,2,1,0,18,0,1,0,0,0,0,1,1,6,1,69,10,-1,-1,-1,6,1,6
2016431650316,1,9,0,18,0,0,5,10,0,0,3,1,2,1,25,5,1598,1,5,2,1,2
2016431650416,1,19,0,5,0,0,0,0,0,0,1,1,6,1,33,6,1998,2,11,5,1,5
2016431650416,2,2,0,2,0,0,0,0,0,0,4,1,6,1,34,6,49,1,2,4,1,4
2016431650516,1,9,0,9,0,4,0,0,0,0,1,1,6,2,34,6,1968,2,8,5,1,5
2016431660116,1,9,0,17,0,1,1,10,0,11,3,1,6,1,27,6,1390,1,7,9,1,9
2016431670616,1,9,0,9,0,5,0,0,0,0,1,1,6,2,33,6,2199,2,4,10,1,10
2016431670616,2,9,0,18,0,8,0,0,0,0,1,1,2,1,27,6,1968,2,1,5,1,5
2016431680116,1,9,0,18,0,0,0,4,0,0,1,1,2,2,53,8,1149,1,10,9,3,9
2016431680116,2,9,0,2,0,0,0,0,7,9,2,1,6,2,21,5,1242,1,17,9,3,9
2016431680216,1,9,0,16,0,0,0,0,0,0,0,1,6,3,-1,-1,-1,-1,-1,-1,-1,-1
2016431680216,2,19,0,17,0,0,0,0,1,1,4,1,6,1,23,5,2198,2,3,10,1,10
2016431690716,1,9,0,9,0,6,0,0,0,0,1,1,6,1,30,6,2494,1,15,4,1,4
2016431690716,2,8,0,18,0,8,0,0,0,0,4,1,1,1,50,8,1910,2,10,10,1,10
2016431710116,1,9,0,18,0,3,1,0,0,0,1,1,2,1,40,7,1896,2,13,8,1,8
2016431710116,2,9,0,3,0,3,0,0,0,0,2,1,1,2,21,5,1248,2,2,10,1,10
2016431710716,1,9,0,17,0,2,0,0,0,0,4,1,6,1,31,6,1995,2,12,3,1,3
2016431710716,2,1,0,18,0,2,0,0,0,0,1,1,6,1,21,5,-1,-1,-1,7,1,7
2016431720116,1,9,0,18,0,0,0,0,0,0,1,1,6,2,23,5,1332,1,18,3,1,3
2016431720116,2,9,0,13,0,0,0,0,4,6,2,1,6,2,42,7,875,1,1,7,1,7
2016431720116,3,9,0,18,0,0,0,0,0,0,0,1,6,3,-1,-1,-1,-1,-1,-1,-1,-1
2016431720216,1,9,0,9,0,6,0,0,0,0,1,1,6,3,-1,-1,-1,-1,-1,-1,-1,-1
2016431720216,2,2,0,18,0,1,0,0,0,0,4,1,6,2,26,6,49,1,4,3,1,3
2016431720616,1,9,0,18,0,6,0,0,0,0,1,1,6,1,21,5,1242,1,5,-1,-1,-1
2016431720616,2,1,0,18,9,8,0,0,0,0,3,1,6,1,14,3,-1,-1,-1,8,1,8
2016431720816,1,9,0,18,0,0,0,0,0,0,1,1,6,2,19,4,-1,-1,-1,6,1,6
2016431720816,2,9,0,18,0,0,0,0,0,0,2,1,1,1,34,6,2987,2,10,8,3,8
2016431730116,1,9,0,1,0,0,0,0,0,0,1,1,6,1,-1,-1,1595,1,11,-1,-1,-1
2016431730116,2,9,0,3,0,0,0,0,0,0,2,1,6,2,22,5,1390,1,4,4,1,4
2016431730116,3,11,0,18,0,0,0,0,0,0,0,1,1,3,-1,-1,-1,-1,-1,-1,-1,-1
2016431730516,1,9,0,18,0,8,0,9,0,0,1,1,1,1,58,9,999,1,2,6,1,6
2016431730516,2,9,0,4,0,8,0,0,0,0,1,1,6,1,35,6,1991,1,-1,5,3,5
2016431750216,1,9,0,2,0,0,0,0,0,0,3,1,6,2,46,8,1598,2,2,8,3,8
2016431750216,2,3,0,18,0,0,0,8,0,0,1,1,6,1,19,4,125,1,1,7,2,7
2016431750416,1,9,0,9,0,5,0,0,0,0,1,1,6,1,60,9,1896,2,11,10,1,10
2016431750416,2,3,0,18,0,1,0,0,0,0,1,1,6,1,25,5,125,1,1,9,1,9
2016431750716,1,9,0,4,0,3,0,0,0,0,2,1,6,1,-1,-1,2987,2,6,-1,-1,-1
2016431750716,2,9,0,18,0,3,0,0,0,0,1,1,6,2,20,4,1061,1,11,9,1,9
2016431760116,1,9,0,18,0,0,0,0,0,0,1,1,2,1,49,8,1995,2,6,6,1,6
2016431760116,2,9,0,18,0,0,0,0,0,0,1,1,2,1,63,9,1598,1,10,6,1,6
2016431760216,1,9,0,18,0,2,0,0,0,0,1,1,6,1,41,7,1389,1,19,4,1,4
2016431760416,1,9,0,4,0,1,0,0,0,0,1,1,6,3,23,5,-1,-1,-1,-1,-1,-1
2016431760416,2,9,0,3,0,1,0,0,0,0,2,1,6,1,26,6,1368,1,1,9,1,9
2016431760516,1,9,0,18,0,0,0,0,0,0,3,1,6,3,-1,-1,-1,-1,-1,-1,-1,-1
2016431760516,2,9,0,18,0,0,0,0,0,0,3,1,2,2,39,7,2143,2,5,4,1,4
2016431770316,1,9,0,9,0,8,0,0,0,0,1,1,6,1,-1,-1,1560,2,1,10,1,10
2016431770316,2,1,0,18,0,8,0,0,0,0,1,1,6,1,44,7,-1,-1,-1,10,1,10
2016431770616,1,9,0,18,0,0,2,0,0,0,1,1,6,2,49,8,1120,2,1,10,1,10
2016431770716,1,9,0,18,0,0,0,0,0,0,3,1,6,2,24,5,998,1,6,7,1,7
2016431770716,2,9,0,18,0,0,0,0,0,0,3,1,6,1,40,7,1995,2,5,9,2,9
2016431770816,1,9,0,9,0,5,0,0,0,0,1,1,2,1,47,8,1896,2,12,10,1,10
2016431770816,2,5,0,18,0,1,0,0,0,0,3,1,2,1,50,8,599,1,19,9,1,9
2016431780816,1,9,0,9,0,6,0,0,0,0,3,1,6,1,33,6,1390,1,9,7,1,7
2016431780816,2,9,0,18,0,8,0,0,0,0,1,1,6,1,33,6,2687,1,9,7,1,7
2016431790316,1,9,0,7,0,5,0,0,0,0,1,1,6,1,38,7,1761,1,15,-1,-1,-1
2016431790316,2,9,0,4,0,1,0,0,0,0,1,1,6,2,27,6,1395,1,2,6,1,6
2016431790616,1,21,0,18,0,0,0,0,0,0,1,1,1,1,41,7,4500,2,2,-1,-1,-1
2016431790616,2,9,0,4,0,0,0,0,0,0,2,1,6,2,23,5,2993,2,3,8,3,8
2016431790616,3,9,0,4,0,0,0,0,0,0,2,1,6,1,-1,-1,1399,2,8,9,3,9
2016431790716,1,9,0,7,0,5,0,0,0,0,0,1,6,1,-1,-1,-1,-1,-1,-1,-1,-1
2016431790716,2,9,0,10,0,5,0,0,0,0,4,1,6,1,65,9,1368,1,12,10,1,10
2016431790716,3,1,0,13,0,8,0,0,0,0,1,1,6,1,49,8,-1,-1,-1,5,1,5
2016431800216,1,9,0,17,0,2,1,0,7,0,1,1,1,2,24,5,1248,2,5,7,1,7
2016431800716,1,9,0,1,0,8,0,0,0,0,2,1,1,1,41,7,-1,-1,-1,8,3,8
2016431800716,2,9,0,3,0,8,0,0,0,0,1,2,6,1,52,8,-1,-1,-1,6,1,6
2016431800816,1,9,0,18,0,0,0,0,0,0,4,1,6,1,30,6,-1,-1,-1,9,1,9
2016431810116,1,9,0,9,0,6,0,0,0,0,1,1,6,2,19,4,998,1,14,10,3,10
2016431810116,2,9,0,18,0,1,0,0,0,0,4,1,6,2,47,8,1796,1,12,9,1,9
2016431810216,1,9,0,18,0,0,0,0,1,4,1,1,6,1,45,7,1398,1,14,10,1,10
2016431810516,1,9,0,9,0,6,0,0,0,0,3,1,6,1,62,9,1318,1,-1,9,1,9
2016431810516,2,9,0,18,0,8,0,0,0,0,1,1,6,1,26,6,1395,1,-1,9,3,9
2016431810816,1,21,0,12,0,0,0,0,0,0,3,2,1,1,55,8,-1,-1,-1,-1,-1,-1
2016431810816,2,9,0,13,0,0,1,0,0,0,4,1,2,1,41,7,1120,2,-1,5,1,5
2016431820216,1,9,0,18,0,0,0,0,0,0,1,1,2,2,22,5,1061,1,10,9,2,9
2016431820216,2,9,0,4,0,0,0,0,0,0,2,1,3,2,40,7,2143,2,5,10,1,10
2016431820516,1,19,0,18,0,0,0,0,0,0,3,1,6,1,-1,-1,-1,-1,-1,-1,-1,-1
2016431820516,2,1,0,18,0,0,0,0,0,0,0,1,6,1,43,7,-1,-1,-1,9,3,9
2016431820816,1,9,0,16,0,0,1,0,1,0,3,1,6,2,31,6,2198,2,11,7,2,7
2016431820816,2,90,0,18,0,0,0,0,0,0,3,1,1,1,39,7,7142,2,8,9,2,9
2016431830416,1,9,0,4,0,1,0,0,0,0,1,1,1,1,54,8,1685,2,1,6,1,6
2016431830416,2,9,0,3,0,1,0,0,7,10,2,1,1,2,25,5,1598,1,2,7,1,7
2016431830816,1,9,0,9,0,5,0,0,0,0,4,1,6,1,75,10,1339,1,11,10,1,10
2016431830816,2,1,0,18,0,8,0,0,0,0,0,1,6,1,38,7,-1,-1,-1,9,2,9
2016431840116,1,9,0,5,8,0,0,0,0,0,4,1,6,2,38,7,1598,1,10,9,1,9
2016431840116,2,9,0,18,0,0,0,0,0,0,3,1,6,1,-1,-1,1388,1,14,4,1,4
2016431840216,1,9,0,16,0,0,0,0,7,4,1,1,6,2,80,11,1199,1,14,3,1,3
2016431840416,1,9,0,9,0,4,0,0,0,0,1,1,2,2,37,7,1339,1,14,8,1,8
2016431840416,2,9,0,17,0,8,0,0,0,0,1,1,2,1,36,7,1461,2,2,5,1,5
2016431840816,1,9,0,9,0,5,0,0,0,0,1,1,6,1,-1,-1,-1,-1,-1,-1,-1,-1
2016431840816,2,9,0,18,0,8,0,0,0,0,3,1,6,1,38,7,2494,2,1,10,1,10
2016431850216,1,9,0,18,0,2,0,0,7,4,1,1,6,1,23,5,1984,1,9,9,1,9
2016431850716,1,1,0,18,0,0,0,0,0,0,3,1,6,1,13,3,-1,-1,-1,8,1,8
2016431850716,2,9,0,18,0,0,0,0,0,0,1,1,6,2,73,10,1493,2,9,10,1,10
2016431860216,1,9,0,18,0,2,0,0,0,0,4,1,6,2,25,5,998,1,3,5,1,5
2016431860216,2,19,0,12,0,2,2,0,6,0,3,1,6,1,35,6,1995,2,2,8,1,8
2016431860216,3,9,0,18,0,2,0,0,0,0,1,1,6,1,76,11,1985,1,24,4,1,4
2016431860216,4,19,0,3,0,2,0,0,0,0,2,1,6,1,25,5,1560,2,9,4,1,4
2016431860216,5,19,0,18,0,2,0,0,0,0,2,1,6,1,49,8,1560,2,5,2,1,2
2016431860216,6,17,0,18,0,2,0,0,0,0,2,1,6,2,29,6,-1,-1,-1,-1,-1,-1
2016431860816,1,9,0,18,0,0,2,10,1,4,1,1,6,2,43,7,1999,1,10,10,2,10
2016431870316,1,9,0,18,0,0,0,0,0,0,3,1,6,1,51,8,1598,2,6,7,1,7
2016431870416,1,90,0,18,0,1,0,0,0,0,1,1,1,1,56,9,7146,2,2,9,1,9
2016431870416,2,9,0,3,0,1,0,0,0,0,2,1,6,2,29,6,1995,2,6,5,1,5
2016431870416,3,9,0,3,0,1,0,0,0,0,2,1,6,1,44,7,1997,2,12,3,1,3
2016431870416,4,9,0,10,0,1,0,0,0,0,2,1,6,1,69,10,2995,1,8,8,1,8
2016431870716,1,9,0,18,0,0,0,0,0,0,4,1,6,2,49,8,2143,2,2,10,1,10
2016431870816,1,1,0,18,0,0,0,10,0,0,4,1,6,1,64,9,-1,-1,-1,6,2,6
2016431880216,1,9,0,15,0,0,0,0,0,0,2,1,6,1,47,8,1598,1,10,10,1,10
2016431880216,2,9,0,18,0,0,0,0,0,0,1,1,6,1,33,6,1339,1,12,-1,-1,-1
2016431880516,1,19,0,9,0,6,0,0,0,0,4,1,1,1,24,5,1598,2,2,1,1,1
2016431880516,2,3,0,18,0,1,0,0,0,0,1,1,6,1,19,4,124,1,5,9,2,9
2016431890416,1,9,0,18,0,2,0,0,0,0,1,1,6,2,18,4,1149,1,12,5,1,5
2016431900216,1,9,0,18,0,0,1,0,0,0,1,1,6,1,64,9,996,1,8,7,1,7
2016431900216,2,9,0,4,0,0,0,0,0,0,2,1,6,1,50,8,2993,2,1,7,3,7
2016431900516,1,9,0,18,0,0,0,0,0,0,1,1,6,1,-1,-1,-1,-1,-1,-1,-1,-1
2016431900516,2,9,0,18,0,0,0,0,0,0,1,1,6,2,34,6,1242,1,6,10,2,10
2016431910216,1,9,0,9,0,5,0,0,0,0,1,1,3,2,43,7,1968,2,3,8,1,8
2016431910716,1,21,0,18,0,0,0,0,0,0,1,1,1,1,61,9,10837,2,3,4,1,4
2016431910716,2,9,0,4,0,0,0,0,0,0,2,1,6,2,53,8,1124,1,11,4,1,4
2016431910716,3,9,0,4,0,0,0,0,0,0,2,1,1,1,64,9,1968,2,3,10,1,10
2016431920116,1,9,0,4,0,1,1,10,1,2,1,1,1,2,23,5,1242,1,5,4,1,4
2016431920216,1,9,0,9,5,6,0,0,0,0,3,1,6,2,-1,-1,1390,1,15,6,1,6
2016431920216,2,19,0,18,0,2,0,0,0,0,1,1,6,1,39,7,1996,2,3,-1,-1,-1
2016431920416,1,19,0,18,0,0,1,0,1,0,1,1,1,1,43,7,2198,2,2,8,1,8
2016431920416,2,21,0,18,0,0,0,0,0,0,2,1,1,1,50,8,12740,2,1,1,1,1
2016431920716,1,3,0,18,0,4,0,0,0,0,3,1,6,1,25,5,124,1,7,4,1,4
2016431930416,1,9,0,9,0,6,0,0,0,0,1,1,2,2,49,8,1997,1,8,9,2,9
2016431930416,2,1,0,17,0,8,0,0,0,0,4,1,2,1,30,6,-1,-1,-1,6,2,6
2016431930516,1,9,0,18,0,0,0,0,0,0,0,1,6,3,-1,-1,-1,-1,-1,-1,-1,-1
2016431930516,2,1,0,4,0,0,0,0,0,0,0,1,6,1,23,5,-1,-1,-1,1,1,1
2016431930516,3,19,0,18,0,0,0,0,0,0,0,1,6,3,-1,-1,-1,-1,-1,-1,-1,-1
2016431930716,1,9,0,18,0,0,0,0,0,0,0,1,6,2,-1,-1,-1,-1,-1,-1,-1,-1
2016431940616,1,9,0,18,0,0,0,0,0,0,1,1,6,1,38,7,1753,2,13,5,1,5
2016431940616,2,9,0,4,0,0,0,0,0,0,2,1,6,1,33,6,2720,2,10,10,1,10
2016431940816,1,9,0,9,0,6,0,0,0,0,1,1,6,2,60,9,2400,2,8,-1,-1,-1
2016431940816,2,9,0,9,0,5,0,0,0,0,3,1,6,2,24,5,1242,1,6,4,1,4
2016431950116,1,9,0,9,0,6,0,0,0,0,1,1,6,1,-1,-1,1995,2,1,-1,-1,-1
2016431950116,2,1,0,18,0,1,0,0,0,0,4,1,6,1,21,5,-1,-1,-1,5,1,5
2016431950816,1,19,0,4,0,0,0,0,0,0,1,1,1,1,28,6,2151,2,12,5,1,5
2016431950816,2,19,0,3,0,0,0,0,0,0,2,1,1,1,43,7,2143,2,5,2,1,2
2016431950816,3,9,0,3,0,0,0,0,0,0,2,1,6,1,72,10,1560,2,5,7,1,7
2016431960416,1,9,0,9,0,6,0,0,0,0,1,1,6,1,51,8,1598,1,16,9,1,9
2016431960416,2,9,0,18,0,8,0,0,0,0,3,1,6,2,68,10,1197,1,1,10,1,10
2016431960516,1,9,0,7,0,5,0,0,0,0,1,1,6,2,30,6,-1,-1,-1,-1,-1,-1
2016431960616,1,9,0,9,0,5,0,0,0,0,1,1,1,1,35,6,1596,1,10,10,1,10
2016431960616,2,1,0,17,0,8,0,0,0,0,1,1,2,1,65,9,-1,-1,-1,-1,-1,-1
2016431970216,1,9,0,9,0,6,0,0,0,0,3,1,6,1,21,5,998,1,-1,10,1,10
2016431970216,2,9,0,17,0,8,0,0,0,0,1,1,6,2,36,7,1242,1,11,8,1,8
2016431970316,1,8,0,18,0,4,0,0,0,0,1,1,1,1,30,6,1461,2,6,9,1,9
2016431970316,2,2,0,9,0,8,0,0,0,0,4,1,6,1,34,6,49,1,2,-1,-1,-1
2016431970516,1,9,0,18,0,0,0,0,0,0,1,1,6,1,36,7,1910,2,8,9,1,9
2016431970516,2,9,0,4,0,0,0,0,0,0,2,1,6,2,48,8,1997,2,7,8,1,8
2016431970516,3,9,0,4,0,0,0,0,0,0,2,1,6,1,66,10,1582,2,2,-1,-1,-1
2016431980216,1,9,0,18,0,0,1,0,2,7,2,1,1,1,26,6,1598,1,7,10,1,10
2016431980516,1,9,0,9,0,8,1,0,0,0,1,1,1,1,59,9,-1,-1,-1,6,1,6
2016431980516,2,9,0,7,0,8,1,0,0,0,2,1,1,1,59,9,1229,1,10,10,1,10
2016431990716,1,9,0,18,0,0,0,0,0,0,4,1,6,1,71,10,1997,2,4,10,1,10
2016432000116,1,9,0,13,0,1,0,0,0,0,1,1,6,1,26,6,1799,1,10,3,1,3
2016432000116,2,1,0,18,0,1,0,0,0,0,2,1,6,1,14,3,-1,-1,-1,5,1,5
2016432000216,1,9,0,18,0,1,1,0,0,0,4,1,2,2,65,9,1248,2,10,2,1,2
2016432000216,2,19,0,9,0,6,0,0,0,0,3,1,1,1,25,5,1995,2,9,9,3,9
2016432000416,1,9,0,6,0,0,0,0,0,0,3,1,6,1,87,11,1560,2,11,8,1,8
2016432000416,2,1,0,18,0,0,0,0,0,0,1,1,6,1,50,8,-1,-1,-1,10,1,10
2016432010116,1,9,0,18,0,1,0,0,0,0,1,1,6,1,-1,-1,1590,1,13,7,1,7
2016432010116,2,9,0,9,0,5,0,0,0,0,3,1,6,1,44,7,1997,2,8,4,3,4
2016432010316,1,9,0,18,0,0,0,0,0,0,1,1,6,3,-1,-1,-1,-1,-1,-1,-1,-1
2016432010316,2,9,0,18,0,0,0,0,0,0,2,1,2,2,32,6,1124,1,12,9,1,9
2016432010316,3,21,0,18,0,0,0,0,0,0,2,1,6,1,38,7,4580,2,10,-1,-1,-1
2016432010416,1,9,5,18,0,8,0,0,0,0,4,1,6,2,45,7,-1,-1,-1,9,3,9
2016432010416,2,1,0,2,0,8,0,0,0,0,0,1,6,2,65,9,-1,-1,-1,10,3,10
2016432010516,1,19,0,4,0,1,0,0,0,0,1,1,1,2,65,9,1499,2,2,10,1,10
2016432010516,2,19,0,4,0,1,0,0,0,0,2,1,1,2,29,6,1461,2,1,7,1,7
2016432010516,3,19,0,3,0,1,0,0,0,0,2,1,1,1,65,9,2198,2,1,5,1,5
2016432010616,1,9,0,18,0,0,0,0,0,0,1,1,2,2,36,7,1296,1,8,7,1,7
2016432010616,2,9,0,3,0,0,0,0,0,0,2,1,2,1,67,10,1461,2,2,4,1,4
2016432010616,3,9,0,4,0,0,0,0,0,0,2,1,2,1,48,8,-1,-1,-1,10,1,10
2016432020116,1,9,0,17,0,0,2,10,1,9,1,1,2,1,48,8,1461,2,9,5,1,5