Accident_Index,Vehicle_Reference,Vehicle_Type,Towing_and_Articulation,Vehicle_Manoeuvre,Vehicle_Location-Restricted_Lane,Junction_Location,Skidding_and_Overturning,Hit_Object_in_Carriageway,Vehicle_Leaving_Carriageway,Hit_Object_off_Carriageway,1st_Point_of_Impact,Was_Vehicle_Left_Hand_Drive?,Journey_Purpose_of_Driver,Sex_of_Driver,Age_of_Driver,Age_Band_of_Driver,Engine_Capacity_(CC),Propulsion_Code,Age_of_Vehicle,Driver_IMD_Decile,Driver_Home_Area_Type,Vehicle_IMD_Decile
2016432020216,1,9,0,9,0,3,0,0,0,0,1,1,6,3,-1,-1,-1,-1,-1,-1,-1,-1
2016432020616,1,9,0,18,0,1,0,0,0,0,1,1,6,1,60,9,1242,1,14,-1,-1,-1
2016432020616,2,9,0,4,0,1,0,0,0,0,2,1,1,1,34,6,1956,2,1,10,2,10
2016432030316,1,9,0,9,0,4,2,0,0,0,3,1,6,2,86,11,998,1,5,6,1,6
2016432030316,2,1,0,9,0,4,0,0,0,0,4,1,6,1,70,10,-1,-1,-1,6,1,6
2016432030616,1,9,0,18,0,4,0,0,0,0,3,1,6,1,40,7,1995,2,3,-1,-1,-1
2016432030616,2,1,0,18,0,8,0,0,0,0,1,1,6,1,39,7,-1,-1,-1,9,3,9
2016432040116,1,9,0,14,0,1,0,0,0,0,4,1,2,1,42,7,1598,2,4,10,1,10
2016432040116,2,11,0,2,0,1,0,0,0,0,0,1,1,1,-1,-1,-1,-1,-1,-1,-1,-1
2016432040216,1,9,0,18,0,0,0,0,0,0,1,1,6,2,84,11,1997,1,13,6,3,6
2016432040216,2,9,0,4,0,0,0,0,0,0,2,1,6,2,54,8,-1,-1,-1,4,1,4
2016432040216,3,9,0,4,0,0,0,0,0,0,2,1,6,1,40,7,1896,2,14,8,3,8
2016432040216,4,9,0,4,0,0,0,0,0,0,2,1,6,2,44,7,1596,1,6,4,1,4
2016432040216,5,9,0,4,0,0,0,0,0,0,0,1,6,2,64,9,1364,1,1,-1,-1,-1
2016432040716,1,9,0,18,0,0,0,0,0,0,1,1,6,2,25,5,1598,1,12,-1,-1,-1
2016432040716,2,9,0,4,0,0,0,0,0,0,2,1,6,1,53,8,2993,2,-1,7,1,7
2016432050116,1,8,0,7,0,5,0,0,0,0,4,1,1,1,-1,-1,-1,-1,-1,-1,-1,-1
2016432050316,1,9,0,9,0,1,0,0,0,0,3,1,6,2,37,7,999,1,8,6,1,6
2016432050316,2,9,0,16,0,1,0,0,0,0,3,1,1,2,57,9,1968,2,8,6,1,6
2016432050416,1,9,0,18,0,8,0,0,0,0,1,1,6,2,46,8,998,1,4,6,1,6
2016432050416,2,9,0,18,0,8,0,0,1,1,1,1,6,2,26,6,1200,1,1,7,2,7
2016432050616,1,9,0,4,0,0,0,0,0,0,1,1,6,1,-1,-1,2720,2,9,-1,-1,-1
2016432050616,2,9,0,3,0,0,0,0,0,0,2,1,1,2,53,8,1995,2,3,9,1,9
2016432060116,1,9,0,14,0,0,5,0,1,0,4,1,6,1,51,8,1975,1,14,3,1,3
2016432060116,2,9,0,18,0,0,0,0,0,0,1,1,6,1,18,4,1299,1,15,7,3,7
2016432060316,1,9,0,18,0,0,1,0,4,6,3,1,6,2,32,6,1124,1,12,10,2,10
2016432060316,2,9,0,18,0,0,0,0,0,0,2,1,1,1,55,8,-1,-1,-1,4,1,4
2016432060416,1,9,0,18,0,0,0,0,0,0,1,1,6,2,-1,-1,-1,-1,-1,-1,-1,-1
2016432060716,1,9,0,9,0,5,0,0,0,0,1,1,6,1,33,6,1984,1,10,9,1,9
2016432060716,2,9,0,18,0,8,0,0,0,0,1,1,2,1,29,6,995,1,11,10,1,10
2016432070116,1,9,0,18,0,0,0,0,0,0,1,1,6,3,-1,-1,-1,-1,-1,-1,-1,-1
2016432070116,2,9,0,3,0,0,0,0,0,0,2,1,6,1,43,7,1595,1,11,9,1,9
2016432070416,1,5,0,18,0,1,0,0,0,0,1,1,6,1,37,7,599,1,13,9,1,9
2016432070416,2,9,0,10,0,1,0,0,0,0,2,1,6,1,46,8,1968,2,10,10,1,10
2016432070616,1,9,0,18,0,0,0,0,0,0,1,1,6,2,32,6,-1,-1,-1,8,1,8
2016432070616,2,9,0,4,0,0,0,0,0,0,2,1,6,1,29,6,1975,1,12,5,2,5
2016432080216,1,9,0,1,0,6,0,0,0,0,2,1,6,2,30,6,-1,-1,-1,10,1,10
2016432090316,1,8,0,18,0,0,0,0,0,0,1,1,1,1,58,9,1997,2,8,3,1,3
2016432090616,1,9,0,12,0,0,0,0,0,0,3,1,6,3,-1,-1,-1,-1,-1,-1,-1,-1
2016432090616,2,9,0,18,0,0,0,0,0,0,4,1,6,2,45,7,1968,2,2,10,1,10
2016432100116,1,9,0,18,0,0,1,0,0,0,1,1,6,2,35,6,1598,1,6,10,1,10
2016432100116,2,19,0,18,0,0,0,0,0,0,1,1,6,1,-1,-1,-1,-1,-1,7,1,7
2016432100616,1,9,0,7,0,6,0,0,0,0,3,1,6,1,82,11,3724,1,13,7,1,7
2016432100616,2,1,0,18,0,8,0,0,0,0,1,1,6,1,61,9,-1,-1,-1,-1,-1,-1
2016432110616,1,2,0,18,0,1,0,0,0,0,1,1,6,1,18,4,49,1,3,6,1,6
2016432110616,2,19,0,10,0,1,0,0,0,0,2,1,6,1,60,9,-1,-1,-1,-1,-1,-1
2016432120116,1,9,0,18,0,0,5,0,7,4,1,1,6,1,17,4,1242,1,9,9,3,9
2016432120216,1,9,0,1,0,6,0,0,0,0,2,1,6,2,39,7,1199,2,4,10,1,10
2016432120216,2,1,0,18,0,1,0,0,0,0,1,1,6,1,41,7,-1,-1,-1,4,1,4
2016432120316,1,3,0,16,0,0,0,0,0,0,3,1,2,1,41,7,124,1,2,4,1,4
2016432120316,2,9,0,17,0,0,0,0,0,0,3,1,2,1,46,8,-1,-1,-1,8,1,8
2016432120416,1,98,0,11,0,8,0,0,0,0,4,1,6,1,50,8,-1,-1,-1,-1,-1,-1
2016432120416,2,9,0,18,0,8,0,0,0,0,3,1,6,1,38,7,1796,1,9,6,1,6
2016432120516,1,9,0,18,0,0,0,0,0,0,1,1,1,1,61,9,1997,2,2,3,1,3
2016432120516,2,9,0,4,0,0,0,0,0,0,2,1,2,1,59,9,1900,2,10,4,1,4
2016432120716,1,1,0,18,0,0,0,0,0,0,1,1,6,1,16,4,-1,-1,-1,10,3,10
2016432120716,2,9,0,4,0,0,0,0,0,0,2,1,6,1,46,8,-1,-1,-1,10,3,10
2016432120716,3,9,0,18,0,0,0,0,0,0,1,1,6,1,44,7,2497,1,11,6,1,6
2016432130116,1,3,0,18,0,8,0,0,0,0,1,1,6,1,27,6,125,1,4,6,1,6
2016432130116,2,9,0,18,0,8,0,0,1,0,4,1,6,2,33,6,1364,1,10,10,1,10
2016432130216,1,9,0,18,0,0,0,0,0,0,1,1,6,1,-1,-1,-1,-1,-1,-1,-1,-1
2016432130216,2,1,0,18,0,0,0,0,0,0,2,1,6,2,59,9,-1,-1,-1,8,2,8
2016432130316,1,19,0,9,0,4,0,0,0,0,2,1,2,1,33,6,1998,2,11,6,1,6
2016432130316,2,5,0,18,0,8,1,0,0,0,1,1,2,1,43,7,-1,-1,-1,8,3,8
2016432130416,1,9,0,18,0,0,0,0,0,0,1,1,6,1,-1,-1,1997,2,7,-1,-1,-1
2016432130416,2,9,0,2,0,0,0,0,0,0,2,1,6,2,57,9,1596,1,13,3,1,3
2016432130516,1,9,0,18,0,8,0,0,0,0,1,1,6,1,50,8,1360,1,9,3,1,3
2016432130716,1,9,0,7,0,6,0,0,0,0,3,1,6,1,63,9,1798,1,10,4,1,4
2016432130716,2,1,0,18,0,8,0,0,0,0,1,1,6,1,63,9,-1,-1,-1,4,1,4
2016432140116,1,9,0,18,0,1,1,0,0,0,1,1,6,1,78,11,1587,1,12,6,1,6
2016432140116,2,9,0,10,0,1,0,0,7,9,2,1,1,1,58,9,2172,2,12,8,3,8
2016432140516,1,9,0,18,0,0,2,0,0,0,1,1,6,1,33,6,998,1,3,5,1,5
2016432140616,1,19,0,18,0,0,0,0,0,0,1,1,1,1,20,4,2198,2,-1,10,1,10
2016432140616,2,9,0,3,0,0,0,0,0,0,2,1,6,2,48,8,1870,2,10,8,3,8
2016432140716,1,9,0,16,0,2,0,0,7,4,1,1,6,1,27,6,1796,1,9,10,1,10
2016432150116,1,9,0,5,0,4,0,0,0,0,3,1,1,1,30,6,1360,1,14,7,1,7
2016432150116,2,4,0,9,0,4,0,0,0,0,3,1,1,1,52,8,955,1,13,5,1,5
2016432150316,1,9,0,9,0,6,0,0,0,0,0,1,6,2,83,11,1339,1,6,10,3,10
2016432150316,2,3,0,18,0,1,0,10,0,0,1,1,6,1,25,5,125,1,11,9,3,9
2016432150416,1,21,1,18,0,0,4,10,5,6,1,1,1,1,40,7,10518,2,5,5,1,5
2016432150516,1,5,0,16,0,0,1,0,7,0,1,1,6,1,59,9,998,1,12,10,1,10
2016432150516,2,9,0,17,0,0,0,0,0,0,1,1,6,1,18,4,999,1,17,8,2,8
2016432150716,1,9,0,18,0,0,1,0,8,7,1,1,6,2,20,4,-1,-1,-1,2,1,2
2016432160416,1,9,0,12,0,0,1,0,7,11,3,1,2,2,24,5,1198,1,11,8,1,8
2016432160416,2,9,0,18,0,0,0,0,0,0,4,1,2,1,22,5,1968,2,6,8,1,8
2016432160516,1,9,0,9,0,5,0,0,0,0,4,1,6,2,38,7,1596,1,14,10,1,10
2016432160516,2,1,0,17,0,8,0,0,0,0,1,1,6,1,69,10,-1,-1,-1,9,1,9
2016432160616,1,9,0,18,0,0,0,0,0,0,1,1,6,1,-1,-1,1896,2,8,-1,-1,-1
2016432160616,2,9,0,3,0,0,0,0,0,0,2,1,6,2,79,11,1596,1,15,9,3,9
2016432160716,1,9,0,9,0,8,0,0,0,0,1,1,6,1,84,11,1998,1,18,10,1,10
2016432160716,2,9,0,18,0,8,0,0,0,0,1,1,6,1,22,5,1229,1,1,8,1,8
2016432170316,1,9,0,18,0,0,1,0,1,4,4,1,6,1,34,6,1995,2,8,8,1,8
2016432170616,1,9,0,9,0,5,0,0,0,0,1,1,6,1,45,7,-1,-1,-1,4,1,4
2016432170616,2,8,0,17,0,8,0,0,0,0,3,1,1,1,58,9,-1,-1,-1,5,1,5
2016432180216,1,9,0,18,0,5,2,0,0,0,4,1,6,2,19,4,1389,1,15,9,2,9
2016432180216,2,9,0,18,0,8,1,0,0,0,1,1,6,1,35,6,1388,1,10,3,1,3
2016432180316,1,9,0,5,0,3,0,0,0,0,4,1,2,2,-1,-1,1598,1,10,-1,-1,-1
2016432180416,1,9,0,9,0,6,0,0,0,0,3,1,6,1,35,6,1390,1,2,5,1,5
2016432180416,2,9,0,18,0,8,1,0,0,0,1,1,6,1,45,7,2967,2,4,9,2,9
2016432180516,1,1,0,18,0,0,0,0,0,0,1,1,6,1,57,9,-1,-1,-1,-1,-1,-1
2016432190116,1,9,0,18,0,0,2,0,7,2,1,1,6,1,20,4,2498,1,17,5,1,5
2016432190216,1,9,0,18,0,0,5,4,7,0,1,1,6,1,89,11,1799,1,8,9,3,9
2016432190216,2,9,0,2,0,0,0,0,0,0,2,1,6,3,-1,-1,1598,1,12,-1,-1,-1
2016432190316,1,9,0,13,0,0,0,0,0,0,4,1,6,2,-1,-1,-1,-1,-1,-1,-1,-1
2016432190316,2,9,0,18,0,0,0,0,0,0,3,1,6,1,27,6,1199,1,12,5,1,5
2016432190416,1,9,0,9,0,5,0,0,0,0,3,1,6,1,25,5,1596,1,5,3,1,3
2016432190416,2,9,0,18,0,1,0,0,0,0,1,1,6,2,33,6,1388,1,11,6,1,6
2016432200216,1,9,0,18,0,0,0,0,0,0,1,1,6,1,56,9,1686,2,16,3,1,3
2016432200216,2,98,0,3,0,0,0,0,6,6,2,1,6,1,46,8,-1,-1,-1,5,1,5
2016432200216,3,9,0,3,0,0,0,0,0,0,2,1,6,1,-1,-1,-1,-1,-1,-1,-1,-1
2016432200216,4,9,0,18,0,0,0,0,0,0,3,1,6,1,34,6,1587,1,8,4,1,4
2016432200216,5,9,0,18,0,0,0,0,0,0,3,1,6,1,53,8,1910,2,10,4,1,4
2016432200416,1,9,0,13,0,0,0,0,0,0,1,1,2,1,49,8,999,1,14,-1,-1,-1
2016432200416,2,9,0,18,0,0,0,0,0,0,1,1,6,2,23,5,1229,1,9,2,1,2
2016432200416,3,9,0,18,0,0,0,0,0,0,0,1,6,3,-1,-1,-1,-1,-1,-1,-1,-1
2016432200516,1,4,0,18,0,1,0,0,0,0,1,1,1,1,51,8,-1,-1,-1,2,1,2
2016432200516,2,9,0,3,0,1,0,0,0,0,2,1,1,1,-1,-1,-1,-1,-1,4,1,4
2016432200516,3,9,0,3,0,1,0,0,0,0,0,1,6,3,-1,-1,-1,-1,-1,-1,-1,-1
2016432200716,1,9,0,14,0,0,0,0,0,0,0,1,1,1,31,6,-1,-1,-1,-1,-1,-1
2016432200716,2,9,0,3,0,0,0,0,0,0,2,1,1,1,32,6,1598,2,5,7,1,7
2016432200716,3,9,0,18,0,0,0,0,0,0,1,1,6,2,33,6,-1,-1,-1,2,1,2
2016432210116,1,9,0,18,0,0,5,0,1,1,0,1,6,1,27,6,999,1,1,2,1,2
2016432210316,1,9,0,18,0,0,0,0,0,0,1,1,6,2,30,6,-1,-1,-1,2,1,2
2016432210316,2,9,0,3,0,0,0,0,0,0,2,1,6,2,30,6,1388,1,8,7,3,7
2016432210316,3,9,0,3,0,0,0,0,0,0,2,1,6,2,31,6,1461,2,1,10,2,10
2016432210316,4,9,0,3,0,0,0,0,0,0,2,1,6,2,38,7,1598,1,14,8,1,8
2016432210416,1,11,0,18,0,0,0,0,0,0,1,1,1,1,41,7,12000,2,6,-1,-1,-1
2016432210416,2,9,0,4,0,0,0,0,0,0,2,1,6,1,40,7,2198,1,10,10,3,10
2016432210416,3,9,0,4,0,0,0,0,0,0,2,1,6,1,41,7,-1,-1,-1,3,1,3
2016432210516,1,9,0,18,0,0,0,0,0,0,1,1,6,1,82,11,1598,1,10,10,1,10
2016432210516,2,9,0,3,0,0,0,0,0,0,2,1,6,2,30,6,1796,1,13,9,1,9
2016432210516,3,9,0,2,0,0,0,0,0,0,4,1,6,3,-1,-1,1598,1,5,-1,-1,-1
2016432210516,4,9,0,18,0,0,0,0,0,0,3,1,6,2,40,7,1997,2,4,10,1,10
2016432210616,1,9,0,18,0,0,0,0,0,0,1,1,6,1,-1,-1,-1,-1,-1,-1,-1,-1
2016432210616,2,1,0,18,0,0,0,0,0,0,2,1,6,1,23,5,-1,-1,-1,4,1,4
2016432210716,1,9,0,16,0,1,0,0,7,1,1,1,6,1,21,5,-1,-1,-1,6,1,6
2016432220216,1,9,0,18,0,0,5,10,1,0,1,1,6,2,39,7,1596,1,14,3,1,3
2016432220516,1,9,0,1,0,0,0,0,0,0,2,1,6,1,-1,-1,1796,1,12,4,1,4
2016432220516,2,9,0,18,0,0,0,0,0,0,4,1,6,1,33,6,1395,1,1,7,1,7
2016432230216,1,9,0,9,0,6,0,0,0,0,1,1,6,1,-1,-1,-1,-1,-1,-1,-1,-1
2016432230216,2,1,0,18,0,1,0,0,0,0,1,1,6,1,23,5,-1,-1,-1,3,1,3
2016432230316,1,9,0,13,0,0,0,0,0,0,0,1,6,3,-1,-1,-1,-1,-1,-1,-1,-1
2016432230316,2,5,0,13,0,0,1,0,0,0,4,1,6,1,48,8,1050,1,10,4,1,4
2016432240116,1,4,0,16,0,0,0,0,0,0,3,1,2,2,26,6,125,1,1,10,1,10
2016432240216,1,9,0,16,0,0,1,0,0,0,1,1,6,1,32,6,1968,2,3,-1,-1,-1
2016432240216,2,9,0,17,0,0,0,0,0,0,1,1,6,2,36,7,1998,1,13,5,1,5
2016432240616,1,9,0,18,0,0,0,0,0,0,1,1,2,1,29,6,-1,-1,-1,-1,-1,-1
2016432240616,2,9,0,18,0,0,0,0,0,0,1,1,6,2,60,9,1998,8,1,8,3,8
2016432250116,1,9,0,18,0,0,0,0,0,0,4,1,2,1,22,5,1299,1,13,10,2,10
2016432250216,1,9,0,16,0,1,0,0,0,0,1,1,6,1,-1,-1,1968,2,1,-1,-1,-1
2016432250216,2,9,0,4,0,1,0,0,0,0,2,1,3,2,45,7,1968,2,9,8,1,8
2016432250316,1,9,0,1,0,1,0,0,0,0,1,1,6,1,80,11,1596,1,2,10,1,10
2016432250316,2,11,0,1,0,1,0,0,0,0,1,1,1,1,40,7,9200,2,14,8,2,8
2016432250716,1,9,0,18,0,0,0,0,0,0,1,1,6,3,-1,-1,-1,-1,-1,-1,-1,-1
2016432250716,2,9,0,18,0,0,0,0,0,0,2,1,6,1,36,7,1995,2,12,-1,-1,-1
2016432260116,1,9,0,18,0,4,0,0,0,0,1,1,6,2,-1,-1,1587,1,9,-1,-1,-1
2016432260116,2,2,0,6,0,8,0,0,0,0,4,1,6,1,16,4,49,1,2,8,2,8
2016432260516,1,9,0,1,0,8,0,0,0,0,2,1,6,3,-1,-1,1896,2,9,-1,-1,-1
2016432260616,1,9,0,17,0,0,1,0,1,11,4,1,6,1,51,8,-1,-1,-1,8,3,8
2016432270116,1,9,0,18,0,1,0,4,0,0,1,1,6,2,68,10,998,1,1,10,1,10
2016432270116,2,9,0,2,0,1,0,4,0,0,2,1,6,3,-1,-1,1199,1,12,10,1,10
2016432270116,3,9,0,2,0,1,0,0,0,0,2,1,6,3,-1,-1,-1,-1,-1,10,1,10
2016432270216,1,9,0,18,0,0,0,4,0,0,1,1,6,2,72,10,1598,2,6,5,1,5
2016432270216,2,90,0,2,0,0,0,0,0,0,2,1,6,1,48,8,6871,2,11,-1,-1,-1
2016432270316,1,9,0,18,0,4,0,0,0,0,1,1,6,3,-1,-1,-1,-1,-1,-1,-1,-1
2016432270716,1,9,0,18,0,1,0,0,0,0,3,1,3,1,44,7,1997,2,9,5,1,5
2016432280216,1,9,0,18,0,4,0,0,0,0,1,1,6,2,65,9,1999,1,5,3,1,3
2016432280216,2,9,0,18,0,1,0,0,0,0,2,1,6,1,45,7,1995,2,8,3,1,3
2016432280316,1,9,0,18,0,1,0,0,7,0,1,1,6,2,27,6,1242,1,3,-1,-1,-1
2016432280316,2,9,0,9,0,5,0,0,0,0,4,1,6,1,56,9,1896,2,9,9,1,9
2016432280616,1,8,0,18,0,2,0,0,0,0,1,1,1,1,42,7,1910,2,7,10,3,10
2016432280716,1,9,0,18,0,0,0,0,0,0,1,1,6,1,22,5,1364,1,7,3,1,3
2016432280716,2,9,0,18,0,0,0,0,0,0,1,1,6,1,40,7,1390,1,6,8,3,8
2016432290116,1,9,0,9,0,5,0,0,0,0,1,1,2,1,53,8,2184,2,10,9,3,9
2016432290116,2,9,0,18,0,1,0,0,0,0,1,1,2,2,20,4,998,1,3,10,2,10
2016432290216,1,9,0,9,0,6,0,0,0,0,3,1,6,1,68,10,1497,8,3,10,1,10
2016432290216,2,19,0,18,0,8,0,0,0,0,1,1,6,1,32,6,2143,2,5,5,1,5
2016432290316,1,9,0,18,0,0,0,0,0,0,1,1,6,1,62,9,1951,2,10,8,1,8
2016432290316,2,9,0,4,0,0,0,0,0,0,2,1,6,1,32,6,1390,1,4,10,1,10
2016432290616,1,9,0,18,0,0,1,0,1,3,3,1,6,1,37,7,1598,1,12,4,1,4
2016432290716,1,9,0,18,0,0,0,0,0,0,1,1,2,2,36,7,1242,1,4,-1,-1,-1
2016432300116,1,9,0,9,0,8,1,0,3,2,1,1,6,2,43,7,1364,1,10,3,1,3
2016432300316,1,9,0,1,0,6,0,0,0,0,2,1,6,2,26,6,3226,2,14,8,1,8
2016432300316,2,9,0,18,0,1,0,0,0,0,1,1,6,2,69,10,1248,1,6,5,1,5
2016432300316,3,9,0,18,0,2,0,0,0,0,2,1,6,1,83,11,1598,1,10,-1,-1,-1
2016432300516,1,9,0,4,0,0,0,0,0,0,1,1,2,1,20,4,2477,2,12,5,1,5
2016432300516,2,9,0,16,0,0,0,0,0,0,1,1,2,1,32,6,1794,1,14,10,1,10
2016432300616,1,21,0,12,0,0,0,0,0,0,3,2,1,1,47,8,-1,-1,-1,-1,-1,-1
2016432300616,2,9,0,18,0,0,0,0,0,0,4,1,6,1,56,9,1794,1,14,7,1,7
2016432300616,3,9,0,18,0,0,0,0,0,0,1,1,6,1,67,10,1968,2,4,9,1,9
2016432300717,1,9,0,18,0,0,0,0,0,0,1,1,6,1,31,6,1598,1,10,6,3,6
2016432300717,2,9,0,3,0,0,0,0,0,0,2,1,6,2,25,5,998,1,7,6,3,6
2016432300717,3,9,0,3,0,0,0,0,0,0,2,1,6,2,25,5,1686,2,9,-1,-1,-1
2016432310116,1,5,0,18,0,0,1,10,0,0,1,1,6,1,34,6,1170,1,11,2,1,2
2016432310316,1,9,0,7,0,6,0,0,0,0,1,1,6,2,-1,-1,-1,-1,-1,-1,-1,-1
2016432310316,2,9,0,18,0,8,0,0,0,0,4,1,6,2,41,7,1870,2,12,9,1,9
2016432310516,1,9,0,16,0,8,0,0,0,0,3,1,6,2,23,5,1995,2,5,9,3,9
2016432310516,2,9,0,17,0,8,0,0,0,0,3,1,6,2,27,6,998,1,7,10,3,10
2016432310616,1,9,0,7,0,5,0,0,0,0,1,1,6,1,30,6,-1,-1,-1,-1,-1,-1
2016432310616,2,9,0,18,0,1,0,0,0,0,2,1,6,2,37,7,-1,-1,-1,3,1,3
2016432310716,1,9,0,9,0,6,0,0,0,0,3,1,6,2,17,4,-1,-1,-1,5,1,5
2016432310716,2,9,0,18,0,8,0,0,0,0,1,1,6,1,33,6,1493,2,10,6,1,6
2016432320116,1,21,0,9,0,4,0,0,0,0,1,1,1,1,46,8,12900,2,4,7,3,7
2016432320116,2,9,0,18,0,8,0,0,0,0,4,1,2,1,49,8,1997,2,13,10,1,10
2016432320316,1,9,0,5,0,0,0,0,0,0,1,1,6,1,-1,-1,-1,-1,-1,-1,-1,-1
2016432320516,1,9,0,18,0,8,0,0,0,0,4,1,6,1,21,5,1461,2,10,4,1,4
2016432320516,2,9,0,18,0,8,0,0,0,0,1,1,6,2,51,8,1995,1,6,10,2,10
2016432320616,1,9,0,9,0,8,0,0,0,0,1,1,6,1,28,6,1497,8,2,8,1,8
2016432320616,2,9,0,18,0,1,0,0,0,0,0,1,6,2,63,9,1870,2,8,5,1,5
2016432330116,1,21,0,18,0,0,0,0,0,0,2,1,1,1,47,8,6693,2,2,9,3,9
2016432330316,1,9,0,18,0,0,0,0,0,0,1,1,6,1,45,7,2993,2,4,9,1,9
2016432330316,2,9,0,4,0,0,0,0,0,0,2,1,2,1,54,8,1596,1,23,3,1,3
2016432330516,1,9,0,18,0,1,0,0,0,0,4,1,6,3,-1,-1,-1,-1,-1,-1,-1,-1
2016432330716,1,9,0,18,0,0,0,0,0,0,1,1,6,2,21,5,1984,1,7,5,3,5
2016432330716,2,9,0,4,0,0,0,0,0,0,2,1,6,1,41,7,1910,2,9,-1,-1,-1
2016432330716,3,9,0,4,0,0,0,0,0,0,2,1,6,1,33,6,1799,1,10,2,1,2
2016432340116,1,9,0,5,0,0,0,0,0,0,3,1,6,1,41,7,2720,2,11,10,1,10
2016432340116,2,9,0,18,0,0,0,0,7,0,1,1,6,1,55,8,1997,2,15,9,1,9
2016432340616,1,9,0,18,0,0,0,0,0,0,4,1,6,3,-1,-1,-1,-1,-1,-1,-1,-1
2016432350516,1,9,0,18,0,4,0,0,0,0,1,1,1,1,31,6,-1,-1,-1,6,1,6
2016432350516,2,9,0,8,0,1,0,0,0,0,3,1,6,1,77,11,1988,1,16,-1,-1,-1
2016432350516,3,9,0,9,0,4,0,0,0,0,0,1,2,2,55,8,1598,1,14,-1,-1,-1
2016432350616,1,19,0,17,0,0,0,0,0,0,1,1,1,1,23,5,2198,2,5,6,1,6
2016432350616,2,9,0,4,0,0,0,0,0,0,2,1,6,1,75,10,-1,-1,-1,9,1,9
2016432350616,3,9,0,4,0,0,0,0,0,0,2,1,6,1,33,6,998,1,1,5,1,5
2016432360116,1,9,0,13,0,0,0,0,7,11,1,1,6,2,23,5,1248,1,6,3,1,3
2016432360116,2,9,0,18,0,0,0,0,0,0,0,1,6,3,-1,-1,-1,-1,-1,-1,-1,-1
2016432360616,1,9,0,18,0,0,0,0,0,0,1,1,6,2,74,10,1392,1,18,1,1,1
2016432360616,2,19,0,18,0,0,0,0,1,7,1,1,6,1,42,7,-1,-1,-1,7,1,7
2016432370116,1,9,0,9,0,6,0,0,0,0,1,1,6,2,-1,-1,2987,2,11,10,1,10
2016432370116,2,1,0,18,0,8,0,0,0,0,1,1,1,1,33,6,-1,-1,-1,9,1,9
2016432370516,1,9,0,9,0,5,0,0,0,0,3,1,6,1,38,7,-1,3,2,10,1,10
2016432370516,2,9,0,18,0,8,0,0,0,0,4,1,2,1,31,6,-1,-1,-1,5,1,5
2016432380516,1,4,0,18,0,0,1,0,0,0,4,1,6,1,21,5,124,1,-1,-1,-1,-1
2016432380516,2,19,0,3,0,0,0,0,0,0,2,1,1,1,56,9,2198,2,2,6,1,6
2016432400516,1,9,0,18,0,0,0,0,1,0,3,1,1,1,52,8,-1,-1,-1,7,1,7
2016432410516,1,9,0,17,0,0,1,0,0,0,1,1,6,1,17,4,1124,1,9,9,2,9
2016432410516,2,5,0,16,0,0,1,0,0,0,1,1,6,1,59,9,999,1,2,7,3,7
2016432410716,1,9,0,7,0,5,0,0,0,0,0,1,2,1,58,9,3800,1,6,10,3,10
2016432410716,2,1,0,18,0,1,0,0,0,0,0,1,6,1,-1,-1,-1,-1,-1,9,3,9
2016432420116,1,9,0,8,0,0,0,0,0,0,2,1,6,2,60,9,-1,-1,-1,10,2,10
2016432420116,2,1,0,18,0,0,0,0,0,0,1,1,6,1,39,7,-1,-1,-1,10,1,10
2016432420116,3,19,0,2,0,0,0,0,0,0,0,1,1,3,-1,-1,-1,-1,-1,-1,-1,-1
2016432430116,1,9,0,17,0,0,2,0,1,11,1,1,6,1,27,6,1596,1,13,2,1,2
2016432440116,1,9,0,18,0,0,0,0,0,0,1,1,1,1,27,6,1389,1,12,2,1,2
2016432440116,2,9,0,18,0,0,0,0,0,0,1,1,1,1,47,8,1686,2,5,7,1,7
2016432440716,1,9,0,6,0,8,0,0,0,0,3,1,6,2,78,11,1598,1,12,10,1,10
2016432440716,2,9,0,18,0,8,0,0,0,0,4,1,6,1,50,8,1598,1,12,5,1,5
2016432450116,1,9,0,18,0,1,0,0,0,0,1,1,6,1,28,6,1598,1,14,4,1,4
2016432450116,2,9,0,8,0,1,0,0,0,0,2,1,6,2,48,8,1461,2,10,10,3,10
2016432460716,1,9,0,13,0,0,0,0,0,0,4,1,6,2,66,10,1598,1,10,9,3,9
2016432460716,2,9,0,18,0,0,0,0,0,0,4,1,6,2,66,10,1461,2,10,-1,-1,-1
2016432470516,1,19,0,18,0,6,5,0,1,0,1,1,2,1,26,6,1461,2,1,-1,-1,-1
2016432470516,2,8,0,18,0,8,1,0,0,0,1,1,1,1,25,5,-1,-1,-1,5,1,5
2016432480116,1,9,0,7,0,6,0,0,0,0,1,1,6,2,54,8,1951,2,16,10,3,10
2016432480516,1,9,0,1,0,0,0,0,0,0,3,1,3,2,35,6,1798,1,8,10,1,10
2016432480516,2,9,0,2,0,0,0,0,0,0,3,1,6,3,-1,-1,-1,-1,-1,-1,-1,-1
2016432480716,1,9,0,9,0,6,1,0,0,0,3,1,6,1,22,5,-1,-1,-1,2,1,2
2016432480716,2,9,0,18,0,8,0,0,0,0,1,1,6,1,57,9,1910,2,11,8,1,8