Accident_Index,Vehicle_Reference,Vehicle_Type,Towing_and_Articulation,Vehicle_Manoeuvre,Vehicle_Location-Restricted_Lane,Junction_Location,Skidding_and_Overturning,Hit_Object_in_Carriageway,Vehicle_Leaving_Carriageway,Hit_Object_off_Carriageway,1st_Point_of_Impact,Was_Vehicle_Left_Hand_Drive?,Journey_Purpose_of_Driver,Sex_of_Driver,Age_of_Driver,Age_Band_of_Driver,Engine_Capacity_(CC),Propulsion_Code,Age_of_Vehicle,Driver_IMD_Decile,Driver_Home_Area_Type,Vehicle_IMD_Decile
201643P056046,2,3,0,3,0,4,0,0,0,0,2,1,2,2,58,9,102,1,1,9,2,9
201643P057046,1,9,0,16,0,2,0,0,0,0,0,1,6,3,-1,-1,-1,-1,-1,-1,-1,-1
201643P057046,2,9,0,17,0,2,0,0,1,10,4,1,1,1,50,8,1995,2,6,10,3,10
201643P057056,1,1,0,18,0,0,0,0,1,0,4,1,6,2,22,5,-1,-1,-1,10,1,10
201643P057066,1,19,0,9,0,5,0,0,0,0,4,1,1,1,30,6,2198,2,2,9,1,9
201643P057066,2,1,0,18,2,8,0,0,0,0,1,1,1,1,47,8,-1,-1,-1,7,3,7
201643P058066,1,9,0,11,0,1,0,0,0,0,1,1,6,2,82,11,1598,1,10,6,1,6
201643P058066,2,9,0,5,0,2,0,0,0,0,1,1,1,2,26,6,1242,1,1,6,1,6
201643P058076,1,19,0,18,0,1,0,0,0,0,4,1,6,1,-1,-1,-1,-1,-1,-1,-1,-1
201643P059056,1,9,0,16,0,1,1,0,0,0,1,1,6,1,17,4,-1,-1,-1,8,3,8
201643P059056,2,9,0,17,0,2,1,0,0,0,1,1,6,1,70,10,1560,2,7,10,2,10
201643P059076,1,9,0,4,0,0,0,0,0,0,2,1,6,2,-1,-1,-1,-1,-1,-1,-1,-1
201643P059076,2,1,0,18,0,0,0,0,0,0,1,1,4,2,15,3,-1,-1,-1,10,1,10
201643P060026,1,9,0,13,0,0,0,0,0,0,4,1,6,1,35,6,-1,-1,-1,-1,-1,-1
201643P060026,2,1,0,18,0,0,0,0,0,0,1,1,6,1,19,4,-1,-1,-1,-1,-1,-1
201643P060046,1,9,0,18,0,0,0,0,0,0,1,1,6,1,69,10,1600,1,16,6,1,6
201643P061016,1,9,0,18,0,0,0,0,0,0,1,1,6,3,-1,-1,-1,-1,-1,-1,-1,-1
201643P061016,2,9,0,3,0,0,0,0,0,0,2,1,6,2,37,7,1197,1,1,6,1,6
201643P061036,1,9,0,17,0,0,1,0,1,10,1,1,2,2,24,5,1399,2,10,4,1,4
201643P061056,1,9,0,18,0,0,0,0,0,0,1,1,6,2,58,9,-1,-1,-1,8,1,8
201643P061056,2,9,0,18,0,0,0,0,0,0,2,1,6,1,57,9,1749,1,15,7,1,7
201643P062026,1,9,0,18,0,1,0,0,0,0,1,1,6,1,-1,-1,-1,-1,-1,-1,-1,-1
201643P062026,2,1,0,10,0,1,0,0,0,0,2,1,6,2,26,6,-1,-1,-1,7,1,7
201643P062056,1,9,0,4,0,0,0,0,0,0,1,1,2,1,35,6,1798,8,3,9,2,9
201643P062056,2,9,0,3,0,0,0,0,0,0,2,1,2,2,42,7,1956,2,2,10,2,10
201643P062056,3,9,0,3,0,0,0,0,0,0,2,1,2,2,45,7,1968,2,6,7,3,7
201643P062076,1,9,0,17,0,0,2,0,2,4,1,1,6,1,36,7,-1,-1,-1,7,3,7
201643P062076,2,9,0,17,0,0,0,0,0,0,4,1,6,1,32,6,1498,1,-1,9,2,9
201643P063026,1,9,0,7,0,3,0,0,0,0,4,1,6,3,-1,-1,-1,-1,-1,-1,-1,-1
201643P063026,2,1,0,5,0,4,0,0,0,0,1,1,6,1,41,7,-1,-1,-1,7,1,7
201643P063056,1,9,0,17,0,0,1,0,7,0,2,1,2,2,26,6,-1,-1,-1,6,3,6
201643P064026,1,9,0,12,0,8,0,0,0,0,1,1,1,1,50,8,1998,2,10,9,3,9
201643P064026,2,9,0,5,0,8,0,0,0,0,4,1,1,2,35,6,1395,1,-1,10,2,10
201643P064036,1,9,0,17,0,0,2,0,7,11,1,1,6,1,39,7,1390,1,13,9,1,9
201643P064046,1,9,0,4,0,0,0,0,0,0,1,1,6,1,50,8,1332,1,17,-1,-1,-1
201643P064046,2,9,0,3,0,0,0,0,0,0,2,1,6,2,35,6,1896,2,11,3,1,3
201643P064086,1,9,0,18,0,0,0,0,0,0,1,1,2,1,20,4,1997,2,3,2,2,2
201643P064086,2,5,0,18,0,0,0,0,0,0,2,1,2,1,41,7,-1,-1,-1,9,1,9
201643P065016,1,19,3,18,0,0,2,0,1,9,1,1,1,2,69,10,-1,-1,-1,1,1,1
201643P065046,1,9,0,17,0,0,0,0,0,0,1,1,6,1,24,5,1390,1,10,2,1,2
201643P065046,2,9,0,16,0,0,0,0,0,0,1,1,6,2,40,7,1896,2,12,10,2,10
201643P066016,1,9,0,7,0,6,0,0,7,0,3,1,6,1,32,6,1395,1,3,3,1,3
201643P066016,2,9,0,18,0,8,0,0,7,0,1,1,6,2,65,9,1198,1,2,9,2,9
201643P066066,1,9,0,18,0,0,5,0,5,6,1,1,1,1,23,5,-1,-1,-1,7,1,7
201643P066066,2,9,0,18,0,0,0,0,0,0,1,1,6,1,68,10,2720,2,11,7,3,7
201643P066066,3,9,0,18,0,0,0,0,0,0,1,1,6,1,54,8,2148,2,12,5,1,5
201643P066066,4,9,0,18,0,0,0,0,0,0,1,1,6,1,77,11,2184,2,13,9,3,9
201643P066066,5,9,0,18,0,0,0,0,0,0,0,1,1,3,-1,-1,-1,-1,-1,-1,-1,-1
201643P066066,6,9,0,18,0,0,0,0,0,0,0,1,1,3,-1,-1,-1,-1,-1,-1,-1,-1
201643P067016,1,9,0,18,0,0,0,0,0,0,3,1,2,1,46,8,-1,-1,-1,9,1,9
201643P067036,1,9,0,7,0,6,0,0,0,0,1,1,6,1,-1,-1,1598,1,9,7,1,7
201643P067036,2,1,0,18,0,1,0,0,0,0,4,1,6,2,48,8,-1,-1,-1,9,1,9
201643P067076,1,9,0,16,0,0,0,0,0,0,1,1,6,1,37,7,2996,1,10,-1,-1,-1
201643P067076,2,9,0,17,0,0,0,0,0,0,1,1,6,1,27,6,-1,-1,-1,10,2,10
201643P068016,1,9,0,18,0,1,0,0,5,6,3,1,6,1,32,6,1360,1,13,6,1,6
201643P068046,1,9,0,9,0,8,0,0,0,0,1,1,1,1,68,10,2401,2,10,7,1,7
201643P068046,2,1,0,18,0,4,0,0,0,0,2,1,2,2,24,5,-1,-1,-1,6,1,6
201643P068056,1,9,0,18,0,6,0,0,0,0,3,1,6,1,21,5,3993,1,1,8,1,8
201643P068056,2,9,0,18,0,8,0,0,0,0,4,1,6,2,34,6,1590,1,12,5,1,5
201643P068066,1,9,0,9,0,6,0,0,0,0,1,1,6,1,70,10,1240,1,13,-1,-1,-1
201643P068066,2,1,0,18,4,8,0,0,0,0,4,1,2,1,32,6,-1,-1,-1,6,1,6
201643P069016,1,9,0,17,0,0,5,0,2,4,1,1,6,1,22,5,1242,1,13,10,1,10
201643P069036,1,9,0,18,0,1,0,0,0,0,1,1,6,1,29,6,-1,-1,-1,6,1,6
201643P069036,2,9,0,3,0,1,0,0,0,0,2,1,1,1,49,8,1985,1,15,6,1,6
201643P069036,3,9,0,3,0,1,0,0,0,0,2,1,1,2,50,8,1396,1,7,10,1,10
201643P069036,4,9,0,3,0,1,0,0,0,0,2,1,6,1,37,7,1598,1,8,8,3,8
201643P069046,1,9,0,4,0,1,0,0,0,0,1,1,6,2,45,7,1329,1,4,10,1,10
201643P069046,2,9,0,4,0,1,0,0,0,0,2,1,6,1,46,8,973,1,13,8,1,8
201643P069046,3,9,0,4,0,1,0,0,0,0,2,1,6,1,19,4,1598,1,13,-1,3,-1
201643P069066,1,9,0,5,0,4,0,0,0,0,1,1,6,2,32,6,1339,1,8,7,1,7
201643P069066,2,1,0,7,0,8,0,0,0,0,4,1,2,1,44,7,-1,-1,-1,7,1,7
201643P069076,1,9,0,6,0,6,0,0,0,0,1,1,6,1,79,11,1796,1,10,6,1,6
201643P069076,2,1,0,18,0,8,0,0,0,0,1,1,6,1,74,10,-1,-1,-1,7,3,7
201643P070046,1,9,0,7,0,5,0,0,0,0,4,1,6,1,35,6,-1,-1,-1,10,1,10
201643P070046,2,1,0,18,0,8,0,0,0,0,3,1,6,1,50,8,-1,-1,-1,9,1,9
201643P071026,1,9,0,4,0,0,0,0,0,0,2,1,2,2,58,9,2967,2,4,7,3,7
201643P071026,2,9,0,18,0,0,0,0,0,0,1,1,1,1,24,5,-1,-1,-1,6,1,6
201643P071026,3,21,0,3,0,0,0,0,0,0,0,1,1,3,-1,-1,-1,-1,-1,-1,-1,-1
201643P071076,1,8,0,18,0,1,0,0,0,0,3,1,6,1,-1,-1,-1,-1,-1,-1,-1,-1
201643P071086,1,9,0,1,9,6,0,0,0,0,2,1,6,1,-1,-1,-1,-1,-1,-1,-1,-1
201643P071086,2,1,0,18,9,8,0,0,0,0,4,1,6,1,9,2,-1,-1,-1,5,1,5
201643P072086,1,9,0,2,0,0,0,0,0,0,3,1,6,2,-1,-1,-1,-1,-1,10,1,10
201643P072086,2,1,0,14,0,0,0,0,0,0,1,1,2,2,27,6,-1,-1,-1,5,1,5
201643P074036,1,9,0,18,0,8,0,0,0,0,1,1,6,2,24,5,-1,-1,-1,6,1,6
201643P074036,2,1,0,18,0,8,0,0,0,0,3,1,6,2,18,4,-1,-1,-1,-1,-1,-1
201643P075026,1,9,0,18,0,2,0,0,0,0,1,1,6,1,33,6,-1,-1,-1,10,1,10
201643P075026,2,22,0,18,0,2,0,0,0,0,4,1,6,1,82,11,-1,-1,-1,2,1,2
201643P075066,1,9,0,18,0,0,0,0,7,11,1,1,6,2,53,8,1896,2,11,9,2,9
201643P075066,2,9,0,18,0,0,0,0,0,0,1,1,6,1,66,10,1948,1,15,9,2,9
201643P076036,1,8,0,9,0,8,0,0,0,0,3,1,1,1,33,6,1798,8,3,10,1,10
201643P076036,2,1,0,4,0,1,0,0,0,0,1,1,2,2,39,7,-1,-1,-1,10,1,10
201643P076076,1,9,0,5,0,6,0,0,0,0,2,1,6,1,-1,-1,-1,-1,-1,-1,-1,-1
201643P076076,2,1,0,18,0,8,0,0,0,0,1,1,6,1,18,4,-1,-1,-1,10,1,10
201643P078046,1,9,0,18,0,0,0,0,0,0,1,1,6,1,50,8,1587,1,14,-1,-1,-1
201643P078046,2,9,0,18,0,0,0,0,0,0,1,1,2,1,32,6,1275,1,17,9,3,9
201643P079056,1,3,0,4,0,0,0,0,0,0,0,1,2,1,21,5,125,1,1,2,1,2
201643P079056,2,9,0,4,0,0,0,0,0,0,0,1,6,3,-1,-1,-1,-1,-1,-1,-1,-1
201643P080026,1,9,0,18,0,1,1,0,0,0,1,1,6,2,30,6,1198,1,7,6,2,6
201643P080026,2,9,0,10,0,1,0,0,0,0,2,1,6,1,66,10,2179,2,2,10,1,10
201643P080066,1,1,0,18,0,8,0,0,0,0,0,1,6,3,-1,-1,-1,-1,-1,-1,-1,-1
201643P080066,2,3,0,18,0,8,1,0,0,0,0,1,2,1,20,4,124,1,1,7,1,7
201643P081016,1,9,0,18,0,0,0,0,2,7,1,1,6,1,49,8,1995,2,10,1,1,1
201643P081026,1,9,0,7,0,8,0,0,0,0,1,1,6,1,50,8,-1,-1,-1,-1,-1,-1
201643P081026,2,1,0,18,0,8,0,0,0,0,4,1,2,1,19,4,-1,-1,-1,5,1,5
201643P081056,1,9,0,7,0,5,0,0,0,0,4,1,6,1,-1,-1,4244,1,11,6,3,6
201643P081056,2,1,0,18,0,8,0,0,0,0,1,1,6,1,43,7,-1,-1,-1,10,1,10
201643P082016,1,9,0,18,0,0,0,0,1,7,1,1,6,1,23,5,1332,1,11,7,1,7
201643P083016,1,9,0,17,0,0,2,0,1,4,1,1,2,2,33,6,2393,1,17,6,1,6
201643P083046,1,21,1,18,0,0,3,0,4,6,1,1,1,1,51,8,12419,2,5,10,1,10
201643P083046,2,21,1,18,0,0,0,0,0,0,2,1,1,1,42,7,-1,-1,-1,-1,-1,-1
201643P083066,1,17,2,13,0,0,0,0,0,0,2,1,1,1,-1,-1,-1,-1,-1,-1,-1,-1
201643P083066,2,1,0,18,0,0,0,0,0,0,3,1,6,1,63,9,-1,-1,-1,10,2,10
201643P083086,1,9,0,18,0,7,0,0,0,0,3,1,6,1,34,6,-1,-1,-1,6,1,6
201643P083086,2,1,0,18,0,8,0,0,0,0,4,1,6,1,57,9,-1,-1,-1,1,1,1
201643P083086,3,9,0,18,0,2,0,0,0,0,1,1,6,3,23,5,-1,-1,-1,8,1,8
201643P084036,1,9,0,9,0,8,0,7,1,10,1,1,2,1,41,7,-1,-1,-1,2,1,2
201643P085016,1,21,0,16,0,0,0,0,7,4,1,1,1,1,31,6,4461,2,7,7,1,7
201643P085026,1,3,0,7,0,6,0,0,7,0,4,1,2,1,32,6,124,1,2,6,2,6
201643P085026,2,19,0,18,0,1,0,0,0,0,0,1,6,3,-1,-1,-1,-1,-1,-1,-1,-1
201643P085036,1,9,0,16,0,0,2,0,2,4,1,1,6,1,17,4,1149,1,9,10,1,10
201643P085056,1,9,0,18,0,0,0,0,0,0,1,1,6,1,21,5,998,1,11,10,1,10
201643P085066,1,9,0,17,0,0,5,0,7,9,1,1,6,1,19,4,1910,2,10,10,2,10
201643P085086,1,9,0,2,0,2,0,0,0,0,3,1,6,2,49,8,1896,2,12,7,1,7
201643P085086,2,1,0,14,0,2,0,8,0,0,1,1,6,2,44,7,-1,-1,-1,-1,-1,-1
201643P086016,1,9,0,5,0,1,0,0,0,0,1,1,1,1,35,6,1595,1,16,2,1,2
201643P086016,2,3,0,3,0,1,0,0,0,0,2,1,1,1,25,5,124,1,6,7,1,7
201643P086046,1,9,0,16,0,0,1,0,7,4,1,1,6,1,45,7,1984,1,7,8,2,8
201643P086056,1,9,0,4,0,1,0,0,0,0,0,1,6,1,32,6,-1,-1,-1,10,1,10
201643P086056,2,1,0,18,0,1,1,0,0,0,0,1,6,2,30,6,-1,-1,-1,5,1,5
201643P086086,1,9,0,12,0,0,0,0,0,0,0,1,6,3,-1,-1,-1,-1,-1,-1,-1,-1
201643P086086,2,9,0,18,0,0,0,0,5,6,1,1,1,2,32,6,1242,1,16,3,1,3
201643P087016,1,9,0,16,0,0,1,10,1,2,3,1,1,1,62,9,1398,1,15,10,1,10
201643P087036,1,9,0,18,0,0,0,0,0,0,1,1,6,1,-1,-1,1997,2,11,-1,-1,-1
201643P087036,2,9,0,18,0,0,0,0,0,0,2,1,1,2,35,6,1896,2,14,10,1,10
201643P087046,1,9,0,9,0,6,0,0,0,0,3,1,6,1,23,5,1796,1,14,-1,-1,-1
201643P087046,2,9,0,18,0,8,1,0,0,0,1,1,6,2,29,6,1560,2,9,9,1,9
201643P087086,1,5,0,18,0,0,1,0,7,0,1,1,6,1,22,5,750,1,4,7,3,7
201643P087086,2,5,0,4,0,0,0,0,0,0,1,1,6,1,56,9,1180,1,18,6,3,6
201643P088016,1,9,0,9,0,6,0,0,0,0,3,1,1,2,-1,-1,-1,-1,-1,-1,-1,-1
201643P088016,2,21,0,3,0,8,0,0,0,0,0,1,1,3,-1,-1,-1,-1,-1,-1,-1,-1
201643P088036,1,9,0,3,0,0,0,0,0,0,4,1,3,2,46,8,1781,1,8,10,1,10
201643P088036,2,1,0,14,5,0,0,8,0,0,1,1,2,1,34,6,-1,-1,-1,10,1,10
201643P088056,1,9,0,9,0,6,0,0,0,0,1,1,6,1,43,7,1968,2,1,1,1,1
201643P088056,2,19,0,18,0,8,0,0,7,9,1,1,1,1,23,5,2299,2,1,4,1,4
201643P088076,1,9,0,18,0,0,2,0,4,11,1,1,6,2,21,5,998,1,2,9,1,9
201643P088086,1,9,0,13,0,2,0,0,0,0,4,1,6,3,-1,-1,-1,-1,-1,-1,-1,-1
201643P088086,2,1,0,18,0,2,0,0,1,0,2,1,6,1,53,8,-1,-1,-1,9,2,9
201643P089016,1,9,0,18,0,0,0,0,7,0,1,1,6,2,20,4,1560,2,5,9,3,9
201643P089016,2,9,0,18,0,0,0,0,0,0,1,1,6,2,42,7,-1,-1,-1,9,1,9
201643P089056,1,9,0,18,0,0,0,0,0,0,1,1,6,1,49,8,-1,-1,-1,-1,-1,-1
201643P089056,2,9,0,18,0,0,0,0,0,0,2,1,2,2,45,7,1390,1,3,9,1,9
201643P089066,1,9,0,18,0,8,0,0,0,0,1,1,6,2,28,6,1390,1,16,10,1,10
201643P089066,2,1,0,18,0,8,0,0,0,0,3,1,6,1,55,8,-1,-1,-1,9,1,9
201643P090016,1,9,0,18,0,0,0,0,0,0,3,1,6,1,70,10,1781,1,12,8,3,8
201643P090016,2,9,0,18,0,0,0,0,0,0,3,1,6,2,42,7,2148,2,7,10,2,10
201643P090036,1,9,0,18,0,0,0,0,0,0,1,1,6,1,41,7,2993,2,10,5,1,5
201643P090036,2,21,1,18,0,0,0,0,0,0,2,1,1,1,66,10,-1,-1,-1,4,1,4
201643P090066,1,20,0,18,0,1,1,0,0,0,1,1,1,1,58,9,4500,2,-1,6,1,6
201643P090066,2,9,0,4,0,1,0,0,0,0,2,1,6,2,52,8,1896,2,14,7,3,7
201643P090066,3,9,0,10,0,1,0,0,0,0,2,1,6,2,29,6,1798,1,16,7,3,7
201643P090076,1,9,0,13,0,0,0,0,0,0,4,1,6,3,-1,-1,1997,2,7,-1,-1,-1
201643P090076,2,1,0,18,0,0,0,0,0,0,3,1,6,1,51,8,-1,-1,-1,10,1,10
201643P090086,1,19,0,9,0,6,0,0,0,0,3,1,1,1,54,8,1753,2,10,6,1,6
201643P090086,2,19,0,18,0,1,0,0,0,0,1,1,1,1,31,6,2198,2,3,5,1,5
201643P091036,1,9,0,18,0,8,0,0,0,0,1,1,6,1,-1,-1,1781,1,17,-1,-1,-1
201643P091036,2,9,0,7,0,5,0,0,0,0,2,1,3,2,44,7,2199,2,2,5,1,5
201643P091056,1,9,0,18,0,0,0,0,7,9,1,1,6,1,87,11,1595,1,15,8,1,8
201643P091066,1,19,0,18,0,1,0,0,0,0,1,1,1,2,28,6,1248,2,1,2,1,2
201643P091066,2,9,0,4,0,1,0,0,0,0,2,1,6,1,46,8,2143,2,1,-1,-1,-1
201643P092016,1,9,0,4,0,0,1,0,0,0,1,1,2,2,65,9,1598,1,4,8,3,8
201643P092016,2,5,0,4,0,0,0,0,1,0,2,1,6,1,56,9,599,1,6,4,1,4
201643P092026,1,19,0,18,0,1,1,0,0,0,1,1,2,1,23,5,1753,2,13,8,2,8
201643P092026,2,9,0,7,0,5,0,0,1,10,2,1,6,1,19,4,1198,1,6,10,1,10
201643P092036,1,9,0,17,0,0,5,0,7,4,1,1,6,2,21,5,1198,1,2,10,2,10
201643P093036,1,9,0,5,0,2,0,0,1,2,4,1,6,1,25,5,-1,-1,-1,9,1,9
201643P093086,1,9,0,18,0,0,0,0,0,0,3,1,6,2,-1,-1,-1,-1,-1,-1,-1,-1
201643P093086,2,11,0,18,0,0,0,0,0,0,3,1,6,1,-1,-1,-1,-1,-1,-1,-1,-1
201643P094016,1,9,0,17,0,0,0,0,0,0,1,1,6,1,50,8,1986,1,29,8,1,8
201643P094016,2,9,0,16,0,0,0,0,0,0,1,1,6,1,59,9,1968,2,3,6,1,6
201643P095056,1,9,0,18,0,1,0,0,0,0,4,1,6,1,40,7,-1,-1,-1,-1,-1,-1
201643P095056,2,1,0,9,0,1,0,0,0,0,3,1,4,2,14,3,-1,-1,-1,9,1,9
201643P095066,1,9,0,18,0,0,0,0,0,0,3,1,6,2,40,7,-1,-1,-1,10,1,10
201643P095066,2,1,0,18,0,0,0,0,1,10,3,1,6,1,59,9,-1,-1,-1,10,3,10
201643P095076,1,19,0,9,0,6,0,0,0,0,3,1,1,1,47,8,2446,2,18,10,1,10
201643P095076,2,3,0,18,0,8,0,0,0,0,1,1,6,2,20,4,125,1,-1,8,1,8
201643P096016,1,9,0,17,0,0,1,0,0,0,1,1,1,1,53,8,1796,1,16,9,3,9
201643P096016,2,19,0,16,0,0,0,0,0,0,1,1,1,1,36,7,1560,2,4,8,3,8
201643P096046,1,19,0,18,0,0,0,0,0,0,0,1,1,1,35,6,1560,2,4,6,2,6
201643P096076,1,9,0,18,0,4,0,0,0,0,1,1,6,1,31,6,1360,1,8,3,1,3
201643P096076,2,5,0,18,0,8,1,0,7,10,4,1,6,1,44,7,-1,-1,-1,9,2,9
201643P097056,1,9,0,6,0,0,0,0,0,0,1,1,1,1,39,7,1794,1,12,2,1,2
201643P097056,2,1,0,18,0,0,0,0,0,0,1,1,6,1,25,5,-1,-1,-1,-1,-1,-1
201643P097076,1,9,0,18,0,0,0,0,0,0,1,1,6,1,48,8,1783,1,13,6,1,6
201643P097076,2,21,1,2,6,0,0,0,0,0,2,1,1,1,23,5,-1,-1,-1,-1,-1,-1
201643P098016,1,9,0,18,0,8,0,0,0,0,1,1,6,3,-1,-1,-1,-1,-1,-1,-1,-1
201643P098016,2,9,0,18,0,8,0,0,0,0,2,1,6,1,34,6,1995,2,3,6,1,6
201643P098016,3,9,0,18,0,8,0,0,0,0,0,1,6,3,-1,-1,-1,-1,-1,-1,-1,-1
201643P098016,4,9,0,18,0,8,0,0,0,0,0,1,6,3,-1,-1,-1,-1,-1,-1,-1,-1
201643P098076,1,1,0,7,0,5,0,0,0,0,1,1,6,1,50,8,-1,-1,-1,-1,-1,-1
201643P099026,1,3,0,17,0,1,0,4,0,0,4,1,6,1,17,4,125,1,1,2,1,2
201643P099026,2,9,0,2,0,2,0,0,0,0,4,1,6,3,-1,-1,-1,-1,-1,-1,-1,-1
201643P099036,1,9,0,5,0,6,0,0,0,0,1,1,6,1,-1,-1,-1,-1,-1,-1,-1,-1
201643P099036,2,1,0,18,9,8,0,0,0,0,1,1,6,1,60,9,-1,-1,-1,9,3,9
201643P100056,1,1,0,9,0,8,0,0,0,0,1,1,6,1,33,6,-1,-1,-1,6,1,6
201643P100056,2,9,0,18,0,8,0,0,0,0,3,1,6,2,52,8,1796,1,6,9,3,9
201643P100076,1,9,0,18,0,0,0,0,0,0,1,1,1,1,60,9,-1,-1,-1,9,1,9
201643P100076,2,19,0,18,0,0,0,0,1,9,1,1,6,1,82,11,-1,-1,-1,4,1,4
201643P101026,1,19,0,17,0,0,0,0,0,0,4,1,1,1,18,4,1461,2,7,6,3,6
201643P101036,1,9,0,4,0,2,1,10,3,4,1,1,6,1,31,6,-1,-1,-1,9,1,9
201643P102046,1,9,0,9,0,5,0,0,0,0,1,1,2,1,47,8,1855,1,18,9,3,9
201643P102046,2,9,0,18,0,1,0,0,0,0,1,1,2,2,39,7,1997,2,8,5,3,5
201643P102056,1,9,0,9,0,8,0,0,0,0,1,1,6,2,35,6,1590,1,5,6,1,6
201643P102056,2,3,0,18,0,1,0,0,0,0,1,1,6,1,30,6,125,1,4,8,2,8
201643P103026,1,9,0,4,0,0,0,0,0,0,1,1,6,1,21,5,1299,1,12,6,1,6
201643P103026,2,1,0,18,0,0,0,0,0,0,1,1,6,1,20,4,-1,-1,-1,4,1,4
201643P103046,1,9,0,18,0,0,0,0,0,0,1,1,6,2,28,6,1596,1,14,8,3,8
201643P103046,2,9,0,3,0,0,0,0,0,0,2,1,6,2,54,8,-1,-1,-1,5,1,5
201643P103046,3,9,0,3,0,0,0,0,0,0,2,1,6,1,52,8,1399,2,5,10,1,10
201643P103056,1,11,0,5,0,0,0,0,0,0,3,1,1,1,36,7,4760,2,4,10,1,10
201643P103056,2,1,0,13,0,0,0,0,0,0,4,1,6,1,51,8,-1,-1,-1,-1,-1,-1
201643P104026,1,9,0,17,0,8,0,0,0,0,0,1,6,1,35,6,2497,2,11,6,1,6
201643P104036,1,9,0,9,9,5,0,0,0,0,1,1,6,1,-1,-1,2295,1,18,-1,-1,-1
201643P104056,1,9,0,1,0,0,0,0,0,0,2,1,6,1,24,5,1587,1,15,4,1,4
201643P104056,2,9,0,4,0,0,0,0,0,0,1,1,6,2,29,6,1598,1,14,5,1,5
201643P104076,1,9,0,9,0,5,0,0,0,0,0,1,6,2,50,8,-1,-1,-1,-1,-1,-1
201643P104076,2,3,0,3,0,1,0,0,0,0,0,1,2,2,55,8,125,1,1,1,1,1
201643P105016,1,9,0,6,0,2,0,0,0,0,4,1,6,1,-1,-1,1242,1,3,10,3,10
201643P105016,2,3,0,13,0,2,0,0,0,0,1,1,4,1,19,4,124,1,7,8,2,8
201643P105026,1,9,0,18,0,0,0,0,0,0,3,1,6,1,53,8,1386,1,4,8,1,8
201643P105026,2,9,0,18,0,0,0,0,0,0,3,1,6,2,27,6,1995,2,6,5,1,5
201643P105036,1,9,0,18,0,0,2,0,7,0,1,1,1,2,20,4,1242,1,6,10,3,10
201643P105046,1,9,0,18,0,1,0,0,0,0,1,1,6,1,30,6,-1,-1,-1,-1,1,-1
201643P105046,2,9,0,3,0,1,0,0,0,0,2,1,6,2,54,8,1197,1,1,10,1,10
201643P105046,3,9,0,3,0,1,0,0,0,0,2,1,6,3,-1,-1,1781,1,14,-1,-1,-1
201643P105056,1,9,0,9,0,6,0,0,0,0,3,1,2,1,60,9,1560,2,3,7,3,7
201643P105056,2,1,0,18,0,8,0,0,0,0,1,1,6,1,19,4,-1,-1,-1,3,1,3
201643P105066,1,9,0,18,0,6,0,0,0,0,3,1,6,1,26,6,1560,2,-1,-1,-1,-1
201643P105066,2,9,0,18,0,8,1,0,0,0,1,1,6,2,49,8,1248,2,5,5,1,5
201643P105076,1,9,0,2,0,0,0,0,0,0,3,1,6,2,-1,-1,-1,-1,-1,-1,-1,-1
201643P105076,2,1,0,18,0,0,0,8,0,0,1,1,6,1,28,6,-1,-1,-1,2,1,2
201643P105086,1,9,0,18,0,0,1,0,5,6,3,1,6,2,25,5,1242,1,3,6,1,6
201643P106036,1,19,0,18,0,0,5,0,7,11,1,1,6,1,51,8,1995,2,2,6,2,6
201643P106056,1,9,0,18,0,2,0,4,1,11,1,1,6,1,40,7,1997,2,7,6,1,6
201643P106056,2,9,0,2,0,2,0,0,0,0,2,1,6,3,-1,-1,1299,1,10,-1,-1,-1
201643P106066,1,9,0,9,0,5,0,0,0,0,4,1,6,1,50,8,2494,8,-1,10,3,10
201643P106066,2,9,0,18,0,8,0,0,0,0,1,1,6,2,41,7,1994,1,12,9,3,9
201643P107066,1,9,0,11,0,8,0,0,0,0,4,1,6,1,55,8,-1,-1,-1,-1,-1,-1
201643P107066,2,9,0,18,0,8,0,0,0,0,3,1,6,1,49,8,1587,1,8,2,1,2
201643P107086,1,9,0,9,0,8,0,0,0,0,3,1,6,3,-1,-1,1560,2,-1,3,1,3
201643P107086,2,1,0,18,0,1,0,0,0,0,1,1,6,1,28,6,-1,-1,-1,10,1,10
201643P108086,1,9,0,5,0,0,0,0,0,0,3,1,6,1,-1,-1,1968,2,3,-1,-1,-1
201643P108086,2,1,0,14,0,0,0,0,0,0,1,1,1,1,19,4,-1,-1,-1,4,1,4
201643P109016,1,9,0,6,0,0,0,0,0,0,3,1,6,1,31,6,1397,1,8,6,2,6
201643P109016,2,3,0,13,0,0,1,0,0,0,1,1,2,1,17,4,124,1,5,10,3,10
201643P109076,1,9,0,18,0,1,1,0,0,0,1,1,6,1,33,6,4806,1,8,7,2,7
201643P109076,2,9,0,10,0,1,0,0,7,0,2,1,6,2,72,10,1242,1,7,9,1,9
201643P110026,1,9,0,18,0,0,1,0,1,9,1,1,6,1,28,6,1596,1,14,4,1,4
201643P110026,2,9,0,18,0,0,1,0,1,9,2,1,6,1,41,7,1995,2,1,9,1,9
201643P110066,1,19,0,18,0,0,0,0,0,0,1,1,1,1,25,5,2143,2,2,9,1,9
201643P111026,1,9,0,18,0,0,0,0,4,6,1,1,6,2,25,5,1995,2,7,10,1,10