Accident_Index,Vehicle_Reference,Vehicle_Type,Towing_and_Articulation,Vehicle_Manoeuvre,Vehicle_Location-Restricted_Lane,Junction_Location,Skidding_and_Overturning,Hit_Object_in_Carriageway,Vehicle_Leaving_Carriageway,Hit_Object_off_Carriageway,1st_Point_of_Impact,Was_Vehicle_Left_Hand_Drive?,Journey_Purpose_of_Driver,Sex_of_Driver,Age_of_Driver,Age_Band_of_Driver,Engine_Capacity_(CC),Propulsion_Code,Age_of_Vehicle,Driver_IMD_Decile,Driver_Home_Area_Type,Vehicle_IMD_Decile
201643P251066,2,11,0,3,0,0,0,0,0,0,0,1,1,3,-1,-1,-1,-1,-1,-1,-1,-1
201643P251086,1,9,0,6,0,0,0,0,0,0,4,1,6,2,29,6,1995,2,2,10,1,10
201643P251086,2,9,0,12,0,0,0,0,0,0,1,1,6,1,44,7,998,1,6,10,2,10
201643P252016,1,9,0,4,0,0,0,0,0,0,1,1,2,2,22,5,995,1,12,2,1,2
201643P252016,2,9,0,4,0,0,0,0,0,0,2,1,6,3,39,7,2979,1,12,6,3,6
201643P252016,3,9,0,4,0,0,0,0,0,0,2,1,6,3,45,7,1398,1,7,8,1,8
201643P252036,1,9,0,16,0,1,0,0,7,11,3,1,1,1,19,4,1390,1,9,10,1,10
201643P252046,1,9,0,9,0,8,0,0,0,0,1,1,1,1,55,8,1596,1,5,3,1,3
201643P252046,2,5,0,13,0,1,1,0,0,0,2,1,2,1,36,7,749,1,3,7,1,7
201643P252056,1,9,0,7,0,5,1,0,1,1,1,1,6,1,54,8,2720,2,9,8,2,8
201643P252066,1,9,0,18,0,0,0,0,0,0,1,1,6,1,-1,-1,-1,-1,-1,-1,-1,-1
201643P252066,2,9,0,3,0,0,0,0,0,0,2,1,6,2,51,8,1769,1,12,9,3,9
201643P253046,1,9,0,18,0,0,0,0,0,0,1,1,6,1,-1,-1,1560,2,9,-1,-1,-1
201643P253046,2,9,0,18,0,0,0,0,0,0,2,1,1,1,25,5,2500,2,17,10,1,10
201643P253066,1,9,0,18,0,0,0,0,4,6,1,1,6,1,22,5,1995,2,7,2,1,2
201643P253066,2,21,1,18,0,0,0,0,0,0,2,1,1,1,33,6,10837,2,1,4,1,4
201643P253086,1,9,0,9,0,6,0,0,0,0,3,1,6,1,84,11,2494,1,15,8,3,8
201643P253086,2,4,0,9,0,2,0,0,0,0,1,1,6,1,49,8,750,1,16,4,1,4
201643P254046,1,3,0,13,0,8,0,0,0,0,3,1,6,1,28,6,124,1,1,1,1,1
201643P254046,2,9,0,9,0,6,0,0,0,0,1,1,1,1,51,8,-1,-1,-1,10,1,10
201643P255066,1,21,1,16,0,0,0,0,1,4,1,1,1,1,54,8,12740,2,3,4,1,4
201643P255086,1,1,0,9,0,2,0,0,0,0,1,1,6,1,15,3,-1,-1,-1,3,1,3
201643P255086,2,9,0,18,0,1,0,0,0,0,1,1,2,2,30,6,1248,2,6,5,1,5
201643P256026,1,9,0,17,0,0,2,0,0,4,1,1,2,2,20,4,1364,1,7,10,2,10
201643P257016,1,9,0,4,0,0,0,0,0,0,1,1,6,1,73,10,1398,1,3,5,1,5
201643P257016,2,9,0,3,0,0,0,0,0,0,2,1,6,2,52,8,1388,1,5,5,1,5
201643P258016,1,9,0,18,0,0,0,0,0,0,1,1,6,1,24,5,1896,2,8,1,1,1
201643P258016,2,1,0,18,0,0,0,0,0,0,1,1,6,1,30,6,-1,-1,-1,5,1,5
201643P258066,1,19,0,18,0,2,0,0,0,0,3,1,1,1,47,8,1995,2,3,4,1,4
201643P259016,1,9,0,18,0,0,0,0,0,0,4,1,6,2,68,10,2400,2,4,10,2,10
201643P259016,2,9,0,18,0,0,0,0,0,0,3,1,6,2,35,6,998,1,2,10,1,10
201643P259026,1,3,0,17,0,0,1,0,1,9,3,1,6,1,18,4,125,1,6,-1,-1,-1
201643P259056,1,9,0,18,0,1,0,0,0,0,1,1,6,1,43,7,1969,2,-1,9,1,9
201643P259056,2,9,0,3,0,1,0,0,0,0,2,1,6,2,52,8,998,1,8,10,1,10
201643P259056,3,9,0,10,0,1,0,0,0,0,2,1,6,2,22,5,1242,1,12,10,1,10
201643P259066,1,9,0,18,0,4,0,0,0,0,3,1,6,2,65,9,2179,2,1,7,3,7
201643P259066,2,1,0,18,0,8,0,0,0,0,1,1,6,2,19,4,-1,-1,-1,10,1,10
201643P259076,1,9,3,13,0,2,0,0,0,0,4,1,6,1,27,6,1968,2,12,-1,-1,-1
201643P259076,2,1,0,18,0,2,0,0,0,0,3,1,2,1,29,6,-1,-1,-1,7,3,7
201643P260016,1,9,0,18,0,0,0,0,0,0,1,1,6,1,28,6,1590,1,15,2,1,2
201643P260016,2,9,0,3,0,0,0,0,0,0,2,1,6,1,46,8,4196,1,12,7,1,7
201643P260026,1,9,0,9,0,6,0,0,0,0,1,1,6,2,83,11,-1,-1,-1,10,2,10
201643P260026,2,9,0,18,0,1,0,0,0,0,1,1,6,2,25,5,1781,1,13,8,3,8
201643P260056,1,9,0,2,0,2,0,0,0,0,3,1,6,1,-1,-1,-1,-1,-1,-1,-1,-1
201643P260056,2,1,0,14,0,1,0,8,0,0,1,1,6,1,35,6,-1,-1,-1,10,1,10
201643P260076,1,9,0,9,0,5,0,0,0,0,1,1,1,2,44,7,1799,1,9,7,2,7
201643P260076,2,1,0,15,0,8,0,0,0,0,3,1,1,1,52,8,-1,-1,-1,10,1,10
201643P260086,1,9,0,18,0,3,0,9,0,0,1,1,6,2,57,9,1124,1,12,4,1,4
201643P260086,2,9,0,18,0,1,0,0,0,0,1,1,6,1,66,10,1149,1,8,10,2,10
201643P261016,1,9,0,5,0,8,0,0,0,0,1,1,6,1,77,11,1495,1,13,5,1,5
201643P261016,2,9,0,18,0,8,0,0,0,0,4,1,6,2,31,6,1598,1,9,9,1,9
201643P261026,1,9,0,9,0,5,0,0,0,0,1,1,6,1,46,8,1596,1,4,9,1,9
201643P261026,2,9,0,18,0,8,0,0,0,0,1,1,6,1,29,6,1595,1,14,6,1,6
201643P261056,1,98,0,18,6,0,0,4,0,0,1,1,1,1,-1,-1,-1,-1,-1,-1,-1,-1
201643P261056,2,9,0,2,6,0,0,0,4,0,2,1,6,1,18,4,1900,2,12,9,1,9
201643P261066,1,9,0,7,0,8,0,0,0,0,4,1,6,2,19,4,1198,1,14,1,1,1
201643P261066,2,1,0,18,4,1,0,0,0,0,1,1,1,1,30,6,-1,-1,-1,8,1,8
201643P261076,1,9,0,10,0,1,0,0,0,0,2,1,6,2,73,10,1329,1,6,8,3,8
201643P261076,2,9,0,3,0,1,0,0,0,0,2,1,6,2,47,8,1796,1,12,5,1,5
201643P261076,3,9,0,4,0,1,0,0,0,0,1,1,6,2,-1,-1,1198,1,12,10,1,10
201643P261086,1,19,0,9,0,6,0,0,0,0,1,1,1,1,27,6,2402,2,6,1,1,1
201643P261086,2,5,0,16,0,1,0,0,0,0,3,1,6,1,49,8,1050,1,6,7,2,7
201643P262076,1,9,0,16,0,0,1,0,7,4,3,1,6,2,45,7,1997,2,12,7,3,7
201643P263016,1,9,0,18,0,0,1,0,1,11,1,1,2,1,33,6,1995,2,10,8,2,8
201643P263026,1,9,0,4,0,0,0,0,0,0,1,1,2,2,26,6,999,1,2,7,3,7
201643P263026,2,9,0,5,0,0,0,0,0,0,2,1,2,1,46,8,2993,2,3,7,1,7
201643P263036,1,9,0,4,0,4,0,0,0,0,1,1,2,2,29,6,1598,1,13,9,1,9
201643P263036,2,9,0,3,0,4,0,0,0,0,2,1,2,2,41,7,1124,1,13,7,1,7
201643P263076,1,9,0,16,0,0,0,0,0,0,0,1,1,1,39,7,1597,1,1,-1,-1,-1
201643P263076,2,9,0,16,0,0,2,0,8,2,3,1,6,1,25,5,1991,1,-1,2,1,2
201643P264036,1,9,0,9,0,6,0,0,0,0,4,1,1,2,27,6,-1,-1,-1,9,1,9
201643P264036,2,20,0,18,0,8,0,0,0,0,1,1,6,2,20,4,-1,-1,-1,9,3,9
201643P264066,1,9,0,5,0,6,0,0,0,0,0,1,6,1,77,11,2143,2,5,8,3,8
201643P265016,1,19,0,18,0,0,0,0,0,0,1,1,6,1,35,6,-1,-1,-1,-1,-1,-1
201643P265016,2,9,0,3,0,0,0,0,0,0,2,1,6,1,34,6,-1,-1,-1,9,1,9
201643P265026,1,9,0,5,0,4,0,0,0,0,1,1,1,1,35,6,1797,8,6,2,1,2
201643P265026,2,1,0,18,0,8,0,0,0,0,4,1,6,1,23,5,-1,-1,-1,-1,-1,-1
201643P265046,1,9,0,18,0,0,0,0,0,0,1,1,6,2,65,9,1388,1,19,9,3,9
201643P265046,2,1,0,18,0,0,0,0,0,0,2,1,6,1,50,8,-1,-1,-1,9,3,9
201643P266036,1,9,0,9,0,5,0,0,0,0,3,1,6,3,-1,-1,1560,2,3,-1,-1,-1
201643P266036,2,1,0,18,0,8,0,0,0,0,1,1,6,2,42,7,-1,-1,-1,6,1,6
201643P266046,1,9,0,7,0,5,0,0,0,0,4,1,6,1,41,7,1995,2,-1,-1,-1,-1
201643P266046,2,9,0,15,0,1,0,0,0,0,3,1,6,2,19,4,1242,1,6,5,1,5
201643P266066,1,9,0,17,0,2,0,0,1,11,4,1,6,2,60,9,1198,1,3,3,1,3
201643P267036,1,9,0,18,0,1,0,0,0,0,1,1,6,2,19,4,1199,1,16,-1,-1,-1
201643P267036,2,9,0,10,0,1,0,0,0,0,2,1,6,1,19,4,1390,1,11,7,3,7
201643P268026,1,9,0,18,0,0,0,0,0,0,1,1,6,1,48,8,2099,1,14,2,1,2
201643P268026,2,8,0,18,0,0,0,0,0,0,2,1,6,1,22,5,-1,-1,-1,2,1,2
201643P268036,1,9,0,9,0,6,0,0,0,0,1,1,6,1,27,6,1796,1,6,10,1,10
201643P268036,2,9,0,18,0,8,0,0,0,0,1,1,6,1,26,6,-1,-1,-1,9,1,9
201643P268046,1,9,0,18,0,1,0,0,0,0,1,1,6,1,71,10,1997,2,12,5,1,5
201643P268056,1,9,0,13,0,1,0,0,0,0,4,1,6,1,50,8,1794,1,9,-1,-1,-1
201643P268056,2,1,0,18,0,1,0,0,0,0,3,1,6,2,28,6,-1,-1,-1,5,1,5
201643P268066,1,9,0,18,0,6,0,0,0,0,1,1,6,2,53,8,2000,2,6,8,1,8
201643P268066,2,9,0,18,0,8,2,0,7,0,2,1,6,1,42,7,1997,2,-1,10,1,10
201643P269016,1,9,0,17,0,0,1,0,2,4,1,1,6,2,49,8,998,1,7,9,2,9
201643P269036,1,9,0,16,0,0,1,0,7,10,4,1,2,1,19,4,1400,2,10,5,1,5
201643P269036,2,9,0,18,0,0,0,0,0,0,1,1,6,2,67,10,1868,2,15,5,3,5
201643P270036,1,9,0,17,0,0,2,0,2,11,4,1,6,1,17,4,1242,1,9,9,1,9
201643P270046,1,9,0,18,0,1,0,0,1,2,1,1,6,2,50,8,1796,1,2,10,3,10
201643P270046,2,9,0,7,0,5,0,0,0,0,4,1,6,2,40,7,-1,-1,-1,10,1,10
201643P271026,1,9,0,7,0,5,0,0,0,0,4,1,6,3,-1,-1,-1,-1,-1,-1,-1,-1
201643P272016,1,9,0,18,0,0,0,0,0,0,1,1,6,1,52,8,1390,1,8,9,3,9
201643P272016,2,10,0,18,0,0,0,0,0,0,1,1,1,1,71,10,2499,2,16,10,1,10
201643P272026,1,9,0,9,0,6,0,0,0,0,4,1,1,1,68,10,-1,-1,-1,7,3,7
201643P272026,2,4,0,14,0,2,0,0,0,0,1,1,2,1,47,8,1600,1,7,-1,-1,-1
201643P272046,1,9,0,18,0,1,0,0,0,0,1,1,6,1,-1,-1,-1,-1,-1,-1,-1,-1
201643P272046,2,1,0,18,0,1,0,0,0,0,4,1,6,1,4,1,-1,-1,-1,2,1,2
201643P272056,1,9,0,18,0,0,5,0,7,0,1,1,2,1,55,8,2497,1,13,-1,-1,-1
201643P273056,1,2,0,18,0,6,0,0,0,0,1,1,6,1,17,4,50,1,-1,9,3,9
201643P273056,2,20,0,9,0,5,0,0,0,0,1,1,6,1,56,9,4461,2,5,3,1,3
201643P273066,1,9,0,5,0,4,0,0,0,0,1,1,6,1,40,7,1995,2,3,3,1,3
201643P273066,2,1,0,18,0,8,0,0,0,0,2,1,1,2,65,9,-1,-1,-1,7,3,7
201643P273086,1,5,0,18,0,0,0,0,0,0,1,1,6,1,39,7,1170,1,1,5,3,5
201643P273086,2,19,0,14,0,0,0,0,0,0,2,1,6,1,28,6,2148,2,11,7,1,7
201643P274016,1,9,0,18,0,0,1,4,0,0,1,1,6,1,18,4,1199,1,16,6,1,6
201643P274016,2,9,0,2,0,0,0,0,1,10,2,1,1,3,-1,-1,2179,2,14,-1,-1,-1
201643P274016,3,19,0,2,0,0,0,0,0,0,2,1,6,3,-1,-1,1399,2,7,-1,-1,-1
201643P274016,4,9,0,2,0,0,0,0,0,0,2,1,6,3,-1,-1,1968,2,5,-1,-1,-1
201643P274046,1,1,0,18,9,0,0,0,0,0,3,1,6,3,-1,-1,-1,-1,-1,-1,-1,-1
201643P274046,2,1,0,18,4,0,0,0,0,0,4,1,6,2,22,5,-1,-1,-1,8,1,8
201643P274056,1,1,0,16,0,0,1,0,0,0,1,1,6,1,48,8,-1,-1,-1,9,1,9
201643P274056,2,9,0,17,0,0,0,0,0,0,1,1,6,2,68,10,1896,2,10,9,3,9
201643P274086,1,1,0,3,0,1,0,0,0,0,1,1,6,1,30,6,-1,-1,-1,-1,-1,-1
201643P274086,2,9,0,18,0,1,0,0,0,0,4,1,6,2,31,6,1984,1,8,8,1,8
201643P275046,1,1,0,18,0,0,0,4,0,0,1,1,6,1,20,4,-1,-1,-1,8,1,8
201643P275046,2,9,0,2,0,0,0,0,0,0,2,1,6,2,48,8,1296,1,8,8,1,8
201643P275086,1,9,0,18,0,0,0,0,7,4,1,1,2,1,67,10,1398,1,2,9,3,9
201643P276026,1,19,0,18,0,1,0,0,0,0,1,1,1,1,27,6,2198,2,2,-1,-1,-1
201643P276026,2,9,0,10,0,1,0,0,0,0,2,1,6,2,25,5,1795,1,18,10,1,10
201643P276036,1,9,0,18,0,0,0,0,0,0,1,1,6,2,-1,-1,-1,-1,-1,-1,-1,-1
201643P276036,2,9,0,3,0,0,0,0,0,0,2,1,2,1,25,5,-1,-1,-1,8,1,8
201643P276086,1,9,0,4,0,0,0,0,0,0,1,1,6,1,45,7,-1,-1,-1,10,1,10
201643P276086,2,9,0,4,0,0,0,0,0,0,2,1,6,1,40,7,1994,2,6,6,3,6
201643P277026,1,9,0,6,8,0,0,0,7,0,1,1,6,2,52,8,1968,2,2,2,1,2
201643P277026,2,9,0,17,0,0,0,0,7,9,1,1,1,2,33,6,1598,2,1,-1,-1,-1
201643P277046,1,9,0,7,0,6,0,0,0,0,3,1,6,1,69,10,1951,2,16,10,1,10
201643P277046,2,1,0,18,0,8,0,0,0,0,1,1,6,2,64,9,-1,-1,-1,10,1,10
201643P278026,1,9,0,16,0,0,2,0,0,0,3,1,6,1,58,9,1248,2,13,6,3,6
201643P278036,1,9,0,18,0,0,0,0,0,0,1,1,6,2,31,6,2401,2,12,7,1,7
201643P278036,2,9,0,18,0,0,0,0,0,0,2,1,6,2,46,8,1349,1,7,9,1,9
201643P278036,3,9,0,18,0,0,0,0,0,0,2,1,6,1,39,7,1997,2,1,10,1,10
201643P279016,1,9,0,6,0,0,0,0,0,0,4,1,6,1,50,8,1560,2,7,5,1,5
201643P279016,2,1,0,18,0,0,0,0,0,0,3,1,2,1,37,7,-1,-1,-1,5,1,5
201643P280016,1,9,0,18,0,4,0,0,0,0,3,1,6,1,38,7,3199,1,17,2,1,2
201643P280016,2,9,0,18,0,8,0,0,0,0,1,1,6,1,51,8,2987,2,4,10,1,10
201643P280016,3,21,0,18,0,8,0,0,0,0,0,1,1,3,-1,-1,-1,-1,-1,-1,-1,-1
201643P280036,1,8,0,1,0,0,0,0,0,0,2,1,1,1,50,8,1997,2,7,-1,-1,-1
201643P280076,1,9,0,7,0,6,0,0,0,0,4,1,6,3,-1,-1,-1,-1,-1,-1,-1,-1
201643P280076,2,1,0,9,0,1,0,0,0,0,1,1,6,1,69,10,-1,-1,-1,9,1,9
201643P281026,1,19,0,9,0,5,0,0,0,0,3,1,6,1,20,4,1998,2,11,-1,-1,-1
201643P281026,2,11,0,9,0,6,0,0,0,0,3,1,6,1,60,9,9000,2,6,10,1,10
201643P281076,1,9,0,16,0,1,1,0,0,0,1,1,6,1,25,5,1331,1,21,-1,-1,-1
201643P281076,2,9,0,3,0,1,0,0,0,0,2,1,6,2,37,7,1685,2,5,8,1,8
201643P282076,1,9,0,18,0,0,0,0,0,0,1,1,6,1,22,5,998,1,13,10,1,10
201643P282076,2,9,0,4,0,0,0,0,0,0,2,1,6,1,39,7,2993,2,6,10,1,10
201643P283016,1,5,0,18,0,0,1,10,0,0,3,1,6,1,65,9,1170,1,2,10,1,10
201643P283036,1,98,0,7,0,3,0,0,0,0,4,1,6,3,-1,-1,-1,-1,-1,-1,-1,-1
201643P283036,2,1,0,17,0,8,0,0,0,0,3,1,2,2,37,7,-1,-1,-1,8,1,8
201643P283066,1,9,0,5,0,4,0,0,0,0,1,1,6,1,52,8,2143,2,2,9,2,9
201643P283066,2,9,0,3,0,4,0,0,0,0,2,1,6,2,63,9,1998,2,8,9,2,9
201643P284016,1,9,0,18,0,2,0,0,0,0,1,1,2,1,17,4,1956,2,3,8,2,8
201643P284016,2,9,0,3,0,2,0,0,0,0,2,1,2,2,52,8,-1,-1,-1,6,1,6
201643P284026,1,9,0,4,0,0,0,0,0,0,1,1,6,1,30,6,2996,1,10,7,1,7
201643P284026,2,9,0,3,0,0,0,0,0,0,2,1,1,1,-1,-1,-1,-1,-1,7,1,7
201643P285046,1,5,0,16,0,0,1,0,7,9,3,1,6,1,33,6,998,1,17,9,1,9
201643P285066,1,19,0,6,0,1,0,0,0,0,2,1,1,1,32,6,2287,2,1,8,3,8
201643P285066,2,9,0,18,0,1,0,0,1,4,1,1,1,2,26,6,1246,1,9,8,1,8
201643P285076,1,17,4,9,0,6,0,0,0,0,0,1,1,1,-1,-1,-1,-1,-1,-1,-1,-1
201643P285076,2,3,0,18,0,1,0,0,0,0,0,1,2,2,19,4,124,1,9,5,1,5
201643P286046,1,9,0,18,0,0,0,2,1,11,1,1,2,2,34,6,905,1,3,8,3,8
201643P286056,1,21,0,18,0,0,0,0,0,0,1,1,1,3,-1,-1,12777,2,1,-1,-1,-1
201643P286056,2,9,0,18,0,0,0,0,0,0,2,1,6,1,41,7,2967,2,1,9,1,9
201643P286066,1,9,0,18,0,1,0,0,0,0,0,1,1,2,37,7,1248,2,4,9,1,9
201643P286066,2,5,0,17,0,2,1,0,1,1,0,1,6,1,25,5,600,1,26,7,3,7
201643P287016,1,9,0,18,0,0,5,10,1,11,4,1,1,1,23,5,3246,1,13,7,1,7
201643P287026,1,1,0,18,0,0,0,0,0,0,4,1,6,1,61,9,-1,-1,-1,-1,-1,-1
201643P287036,1,9,0,9,0,5,0,0,1,0,4,1,6,1,55,8,1598,1,-1,-1,-1,-1
201643P287036,2,9,0,18,0,8,5,0,1,0,1,1,6,1,61,9,1242,1,11,8,2,8
201643P287046,1,1,0,15,4,0,0,10,1,0,1,1,6,1,26,6,-1,-1,-1,-1,-1,-1
201643P287046,2,9,0,7,0,0,0,0,0,0,4,1,1,1,66,10,2179,2,1,6,2,6
201643P288016,1,9,0,9,0,6,0,0,0,0,1,1,6,2,76,11,2204,2,8,8,1,8
201643P288016,2,9,0,18,0,8,0,0,7,4,1,1,6,2,28,6,1560,2,5,7,2,7
201643P288026,1,9,0,17,0,0,2,0,1,10,4,1,6,1,17,4,1390,1,13,5,1,5
201643P288046,1,9,0,7,0,6,0,0,0,0,1,1,6,1,18,4,993,1,16,-1,-1,-1
201643P288046,2,9,0,18,0,8,1,0,0,0,1,1,6,2,18,4,1598,2,4,9,2,9
201643P288066,1,9,0,16,0,0,2,0,7,1,3,1,2,2,38,7,1360,1,12,10,1,10
201643P289016,1,9,0,12,0,3,0,0,0,0,1,1,6,2,45,7,2993,2,5,9,1,9
201643P289016,2,9,0,16,0,3,0,0,0,0,2,1,6,2,49,8,1999,2,1,9,1,9
201643P289016,3,9,0,16,0,3,0,0,0,0,2,1,6,2,61,9,1339,1,4,-1,-1,-1
201643P289036,1,9,0,7,0,5,0,0,0,0,1,1,6,2,85,11,998,1,5,10,1,10
201643P289036,2,1,0,18,0,8,0,0,0,0,4,1,6,1,7,2,-1,-1,-1,6,1,6
201643P289066,1,9,0,12,0,8,0,0,7,7,1,1,6,1,74,10,1388,1,10,-1,-1,-1
201643P289076,1,9,0,9,0,5,0,0,0,0,1,1,2,1,37,7,1685,2,-1,6,1,6
201643P289076,2,9,0,18,0,8,0,0,0,0,1,1,6,2,41,7,998,1,12,10,1,10
201643P290016,1,9,0,18,0,4,0,0,0,0,4,1,6,1,58,9,1753,2,8,9,1,9
201643P290016,2,1,0,18,0,4,0,0,0,0,3,1,2,1,18,4,-1,-1,-1,8,3,8
201643P290026,1,9,0,18,0,1,0,0,0,0,2,1,6,2,49,8,1368,1,5,7,2,7
201643P290026,2,9,0,18,0,1,0,0,0,0,1,1,6,1,39,7,2143,2,4,7,1,7
201643P290066,1,19,0,9,0,8,0,0,0,0,0,1,6,1,-1,-1,2143,2,6,-1,-1,-1
201643P290066,2,22,0,18,0,1,0,0,0,0,0,1,6,1,82,11,-1,-1,-1,-1,-1,-1
201643P291016,1,9,0,9,0,6,0,0,0,0,1,1,6,1,18,4,1229,1,1,8,2,8
201643P291016,2,19,0,17,0,8,0,0,0,0,1,1,6,1,51,8,1900,2,14,8,3,8
201643P291026,1,9,0,9,0,5,0,0,0,0,4,1,6,1,44,7,1997,2,14,2,1,2
201643P291026,2,9,0,18,0,8,0,0,0,0,1,1,1,1,61,9,4196,1,8,-1,-1,-1
201643P291036,1,9,0,18,0,0,0,0,7,0,3,1,2,2,28,6,1598,2,6,5,3,5
201643P291036,2,9,0,18,0,0,0,0,7,0,3,1,6,2,28,6,1398,1,-1,5,3,5
201643P292026,1,9,0,18,0,8,0,0,7,10,3,1,6,1,39,7,1149,1,8,9,1,9
201643P293036,1,21,1,18,0,0,0,0,0,0,1,1,1,1,42,7,-1,-1,-1,1,1,1
201643P293036,2,9,0,18,0,0,0,0,0,0,2,1,6,2,24,5,-1,-1,-1,7,1,7
201643P294026,1,9,0,9,0,8,0,0,0,0,1,1,6,1,-1,-1,2967,2,1,-1,-1,-1
201643P294036,1,9,0,4,0,0,0,0,0,0,1,1,6,2,29,6,1248,2,6,-1,1,-1
201643P294036,2,9,0,3,0,0,0,0,0,0,2,1,6,1,55,8,1798,8,2,6,1,6
201643P294076,1,5,0,7,0,2,0,0,0,0,1,1,6,2,55,8,-1,-1,-1,7,3,7
201643P294076,2,9,0,2,0,2,0,0,0,0,2,1,6,2,28,6,1248,2,2,6,2,6
201643P295056,1,9,0,7,0,3,0,0,0,0,4,1,6,3,-1,-1,1998,1,18,-1,-1,-1
201643P295056,2,1,0,18,0,4,0,0,0,0,1,1,6,2,20,4,-1,-1,-1,7,3,7
201643P296056,1,9,0,18,0,4,0,0,0,0,1,1,6,1,60,9,1587,1,8,-1,-1,-1
201643P296056,2,9,0,18,0,8,5,0,0,0,3,1,6,2,67,10,1910,2,13,10,1,10
201643P297016,1,9,0,6,0,0,0,0,0,0,3,1,6,2,40,7,2720,2,10,9,3,9
201643P297016,2,9,0,5,0,0,0,0,0,0,4,1,6,1,27,6,1998,1,19,4,1,4
201643P297026,1,9,0,18,0,0,0,0,0,0,1,1,6,2,34,6,1242,1,19,4,1,4
201643P297026,2,11,0,3,0,0,0,0,0,0,0,1,1,3,-1,-1,-1,-1,-1,-1,-1,-1
201643P297056,1,9,0,9,0,6,0,0,0,0,1,1,6,1,36,7,3999,1,6,10,3,10
201643P297056,2,9,0,18,0,8,0,0,0,0,3,1,6,2,42,7,998,1,1,10,2,10
201643P297066,1,9,0,5,8,6,0,0,0,0,3,1,6,2,35,6,1968,2,1,5,3,5
201643P297066,2,9,0,18,0,8,0,0,0,0,1,1,6,2,53,8,998,1,4,7,3,7
201643P298036,1,9,0,17,0,0,1,0,7,4,3,1,6,1,57,9,2184,2,13,9,2,9
201643P298036,2,9,0,17,0,0,0,0,0,0,0,1,6,2,59,9,1995,2,7,9,2,9
201643P298076,1,5,0,13,0,2,1,0,0,0,1,1,1,1,26,6,689,1,-1,10,3,10
201643P298076,2,9,0,18,0,2,0,0,0,0,2,1,1,1,24,5,1198,1,12,7,1,7
201643P299036,1,5,0,14,0,0,0,0,0,0,1,1,2,1,30,6,782,1,2,8,1,8
201643P299036,2,9,0,6,0,0,0,0,0,0,3,1,6,1,49,8,2993,2,5,9,1,9
201643P299066,1,9,0,5,0,8,0,0,0,0,4,1,1,1,28,6,1124,1,13,1,1,1
201643P299066,2,9,0,18,0,8,0,0,0,0,1,1,6,2,23,5,1390,1,5,7,3,7
201643P299076,1,9,0,9,0,6,0,0,0,0,3,1,6,1,77,11,1242,1,3,9,1,9
201643P299076,2,1,0,18,0,8,0,0,0,0,1,1,6,1,65,9,-1,-1,-1,10,1,10
201643P300026,1,9,0,9,0,8,1,0,4,0,1,1,6,1,19,4,1910,2,11,4,1,4
201643P300026,2,9,0,18,0,8,1,0,1,0,3,1,6,1,73,10,1995,2,-1,5,1,5
201643P300036,1,9,0,18,0,4,0,0,0,0,1,1,6,2,75,10,1596,1,5,10,2,10
201643P300036,2,19,0,9,0,3,0,0,0,0,3,1,1,1,52,8,1995,2,4,8,3,8
201643P301016,1,9,0,4,0,0,0,0,1,10,1,1,6,1,41,7,1461,2,2,9,1,9
201643P301016,2,9,0,3,0,0,0,0,0,0,2,1,6,1,24,5,-1,-1,-1,8,1,8
201643P301026,1,9,0,3,0,4,0,0,0,0,1,1,6,2,79,11,1364,2,6,10,3,10
201643P301026,2,3,0,5,0,8,0,0,0,0,2,1,6,2,66,10,125,1,8,7,1,7
201643P301076,1,9,0,9,0,5,0,0,0,0,3,1,2,3,47,8,1124,1,15,4,1,4
201643P301076,2,5,0,13,0,1,1,0,0,0,1,1,2,1,54,8,-1,-1,-1,5,1,5
201643P302016,1,9,0,16,0,0,0,0,0,0,1,1,6,2,25,5,2000,1,17,10,3,10
201643P302016,2,9,0,18,0,0,0,0,1,11,1,1,6,1,55,8,1968,2,9,10,2,10
201643P303036,1,9,0,18,0,1,0,0,0,0,4,1,6,1,61,9,2926,2,13,6,1,6
201643P303056,1,9,0,18,0,0,0,0,0,0,4,1,6,3,-1,-1,-1,-1,-1,-1,-1,-1
201643P303076,1,5,0,18,0,8,1,0,0,0,1,1,6,1,50,8,1002,1,25,4,1,4
201643P303076,2,9,0,9,0,6,0,0,0,0,3,1,6,2,51,8,1769,1,11,10,1,10
201643P304036,1,9,0,18,0,0,0,4,0,0,3,1,6,2,64,9,1328,1,9,2,1,2
201643P304036,2,19,0,2,0,0,0,0,0,0,3,1,6,1,49,8,1998,2,11,3,1,3
201643P304036,3,9,0,2,0,0,0,0,0,0,1,1,6,1,34,6,1986,2,8,3,1,3
201643P304066,1,21,1,18,0,0,5,0,2,6,1,1,1,1,53,8,12740,2,2,4,3,4
201643P305016,1,9,0,16,0,0,5,4,0,0,4,1,6,2,32,6,1994,2,15,5,1,5
201643P305016,2,9,0,2,0,0,0,0,0,0,3,1,6,3,-1,-1,1587,1,15,5,1,5
201643P305026,1,9,0,17,0,2,0,0,7,4,1,1,6,2,17,4,1149,1,9,10,1,10
201643P305036,1,9,0,7,0,4,0,0,0,0,1,1,6,2,56,9,1398,1,3,9,1,9