Accident_Index,Vehicle_Reference,Vehicle_Type,Towing_and_Articulation,Vehicle_Manoeuvre,Vehicle_Location-Restricted_Lane,Junction_Location,Skidding_and_Overturning,Hit_Object_in_Carriageway,Vehicle_Leaving_Carriageway,Hit_Object_off_Carriageway,1st_Point_of_Impact,Was_Vehicle_Left_Hand_Drive?,Journey_Purpose_of_Driver,Sex_of_Driver,Age_of_Driver,Age_Band_of_Driver,Engine_Capacity_(CC),Propulsion_Code,Age_of_Vehicle,Driver_IMD_Decile,Driver_Home_Area_Type,Vehicle_IMD_Decile
201643P305036,2,5,0,18,0,3,0,0,0,0,2,1,6,1,52,8,805,1,4,10,1,10
201643P305076,1,9,0,5,0,1,0,0,0,0,1,1,6,2,33,6,1587,1,12,10,2,10
201643P306056,1,9,0,18,0,1,0,0,0,0,2,1,6,2,31,6,1398,2,3,9,1,9
201643P306056,2,9,0,7,0,2,0,0,0,0,1,1,6,2,18,4,1242,1,12,4,1,4
201643P307016,1,9,0,4,0,1,0,0,3,9,1,1,6,1,86,11,2401,2,13,9,3,9
201643P307016,2,9,0,18,0,8,0,0,7,4,4,1,6,2,46,8,2967,1,12,7,1,7
201643P307026,1,5,0,5,0,1,1,0,0,0,1,1,6,1,22,5,1000,1,12,5,1,5
201643P307026,2,5,0,4,0,1,1,0,0,0,2,1,6,1,22,5,-1,-1,-1,10,1,10
201643P307036,1,9,0,18,0,0,0,0,0,0,1,1,6,3,-1,-1,1587,1,14,-1,-1,-1
201643P307036,2,9,0,18,0,0,0,0,0,0,1,1,6,1,20,4,2793,1,16,8,1,8
201643P307036,3,9,0,18,0,0,0,0,0,0,1,1,6,1,36,7,1590,1,12,3,1,3
201643P307056,1,9,0,18,0,0,0,10,1,11,1,1,6,2,18,4,1198,1,5,10,2,10
201643P307076,1,19,0,5,0,8,0,0,0,0,1,1,1,1,35,6,2198,2,2,3,1,3
201643P307076,2,9,0,3,0,8,0,0,0,0,2,1,6,2,78,11,1968,2,5,5,2,5
201643P308016,1,9,0,18,0,4,0,0,0,0,0,1,1,2,45,7,2993,2,6,8,3,8
201643P308016,2,1,0,18,0,8,0,0,0,0,0,1,6,1,43,7,-1,-1,-1,10,1,10
201643P308076,1,20,0,1,0,0,0,0,0,0,1,1,1,1,61,9,4461,2,8,9,1,9
201643P308076,2,1,0,18,0,0,0,0,0,0,1,1,6,2,19,4,-1,-1,-1,7,1,7
201643P309016,1,9,0,9,0,6,0,0,0,0,1,1,6,2,56,9,1388,1,7,9,3,9
201643P309016,2,3,0,14,0,8,0,0,0,0,4,1,6,1,20,4,125,1,11,6,1,6
201643P309026,1,9,0,18,0,4,0,0,0,0,1,1,2,2,53,8,1198,1,7,10,2,10
201643P309026,2,9,0,4,0,4,0,0,0,0,2,1,6,1,-1,-1,-1,-1,-1,-1,-1,-1
201643P309036,1,3,0,18,0,2,0,0,0,0,1,1,1,1,20,4,124,1,6,4,1,4
201643P309056,1,9,0,9,0,6,0,0,0,0,3,1,6,1,79,11,1242,1,15,7,3,7
201643P309056,2,5,0,18,0,8,0,0,0,0,1,1,6,1,26,6,645,1,15,9,1,9
201643P309066,1,3,0,13,0,1,0,0,0,0,1,1,6,1,18,4,124,1,2,9,1,9
201643P309066,2,9,0,9,0,5,0,0,0,0,3,1,6,1,44,7,-1,-1,-1,6,1,6
201643P310016,1,9,0,18,0,0,0,0,1,4,1,1,6,2,33,6,1061,1,12,8,1,8
201643P310056,1,9,0,16,0,0,0,0,0,0,1,1,6,1,17,4,1360,1,8,10,2,10
201643P310056,2,8,0,17,0,0,0,0,0,0,1,1,1,2,54,8,2143,2,-1,10,1,10
201643P310066,1,21,1,18,0,8,1,0,0,0,0,1,1,1,55,8,12900,2,4,8,1,8
201643P310066,2,9,0,7,0,3,0,0,0,0,0,1,6,3,-1,-1,-1,-1,-1,-1,-1,-1
201643P310076,1,9,0,18,0,0,0,0,0,0,3,1,6,2,-1,-1,1686,2,5,-1,-1,-1
201643P310076,2,1,0,18,0,0,0,0,0,0,4,1,6,2,28,6,-1,-1,-1,5,1,5
201643P311036,1,9,0,18,0,1,1,0,0,0,1,1,2,1,34,6,2993,2,8,6,3,6
201643P311036,2,9,0,5,0,6,0,0,0,0,1,1,2,1,81,11,2993,2,5,7,1,7
201643P311056,1,9,0,13,0,0,1,0,0,0,4,1,6,2,33,6,1968,2,5,10,1,10
201643P311056,2,19,4,2,0,0,0,0,0,0,3,1,1,1,45,7,2463,2,10,5,2,5
201643P311066,1,9,0,16,0,0,2,0,1,10,1,1,6,1,41,7,1686,2,13,10,2,10
201643P311076,1,1,0,18,0,0,0,0,0,0,0,1,2,1,27,6,-1,-1,-1,8,1,8
201643P312016,1,9,0,18,0,4,0,0,0,0,0,1,6,2,40,7,1595,1,17,-1,-1,-1
201643P312016,2,5,0,9,0,8,1,0,0,0,0,1,6,1,33,6,749,1,9,8,3,8
201643P312036,1,9,0,18,0,0,0,0,0,0,1,1,6,2,63,9,1596,1,5,9,3,9
201643P312036,2,9,0,4,0,0,0,0,0,0,2,1,6,1,21,5,1242,1,10,5,1,5
201643P312036,3,9,0,4,0,0,0,0,0,0,2,1,6,1,58,9,1364,1,7,9,1,9
201643P312056,1,19,0,18,0,7,0,0,0,0,0,1,6,2,52,8,-1,-1,-1,-1,-1,-1
201643P312056,2,21,0,18,0,1,0,0,0,0,1,1,1,1,34,6,6693,2,3,4,1,4
201643P312076,1,8,0,9,0,6,0,0,0,0,1,1,6,1,60,9,1798,8,-1,-1,-1,-1
201643P312076,2,9,0,18,0,8,1,0,0,0,4,1,6,2,40,7,1598,2,1,9,3,9
201643P313016,1,19,0,9,0,6,0,0,0,0,1,1,1,1,37,7,2198,2,2,7,1,7
201643P313016,2,9,0,17,0,8,0,0,0,0,1,1,1,2,40,7,1668,1,15,9,1,9
201643P313056,1,9,0,18,0,0,1,0,4,6,1,1,6,1,39,7,999,1,1,5,1,5
201643P313056,2,10,0,2,0,0,0,0,1,0,2,1,1,1,37,7,-1,-1,-1,3,1,3
201643P313066,1,9,0,17,0,0,1,6,1,11,1,1,2,1,19,4,1560,2,3,10,1,10
201643P314036,1,9,0,18,0,0,0,0,1,4,1,1,6,1,20,4,-1,-1,-1,9,3,9
201643P314066,1,9,0,18,0,6,0,0,3,9,1,1,6,1,56,9,1598,1,16,10,1,10
201643P314076,1,9,0,18,0,0,1,0,7,4,1,1,6,2,26,6,1999,1,11,2,1,2
201643P315036,1,9,0,18,0,0,0,0,0,0,1,1,6,1,27,6,1198,1,10,9,3,9
201643P315036,2,9,0,3,0,0,0,0,0,0,2,1,6,2,53,8,1995,2,9,4,3,4
201643P315036,3,9,0,3,0,0,0,0,0,0,2,1,6,1,33,6,1598,1,3,8,1,8
201643P315056,1,9,0,18,0,0,0,0,0,0,1,1,6,2,64,9,2720,2,8,9,1,9
201643P315066,1,9,0,3,0,0,0,0,0,0,2,1,1,2,34,6,1496,2,1,7,1,7
201643P315066,2,11,0,18,0,0,0,0,0,0,1,1,1,1,61,9,10800,2,2,1,1,1
201643P315076,1,9,0,9,0,1,0,0,0,0,3,1,6,1,51,8,1390,1,6,5,1,5
201643P315076,2,1,0,14,0,1,0,0,0,0,4,1,6,1,30,6,-1,-1,-1,9,2,9
201643P316036,1,1,0,18,5,1,1,0,0,0,0,1,6,1,53,8,-1,-1,-1,10,1,10
201643P316076,1,9,0,1,0,0,0,0,0,0,3,1,6,1,92,11,1799,1,6,7,1,7
201643P316076,2,9,0,2,0,0,0,0,0,0,2,1,6,3,-1,-1,-1,-1,-1,6,1,6
201643P316076,3,9,0,2,0,0,0,0,0,0,2,1,6,3,-1,-1,1587,1,9,7,1,7
201643P316076,4,9,0,2,0,0,0,0,0,0,2,1,6,3,-1,-1,1598,1,13,7,1,7
201643P317036,1,9,0,18,0,1,0,0,0,0,1,1,6,1,37,7,2495,2,18,8,3,8
201643P317036,2,9,0,10,0,1,0,0,0,0,2,1,6,1,29,6,3189,1,13,9,1,9
201643P317056,1,19,0,18,0,0,1,0,0,0,1,1,1,1,39,7,2198,2,8,8,1,8
201643P317056,2,9,0,4,0,0,0,0,0,0,2,1,1,2,52,8,1598,2,4,7,3,7
201643P317056,3,9,0,3,0,0,0,0,0,0,2,1,1,2,36,7,2143,2,-1,-1,-1,-1
201643P317056,4,9,0,3,0,0,0,0,0,0,2,1,1,1,62,9,2191,2,2,9,2,9
201643P317056,5,9,0,3,0,0,0,0,0,0,2,1,6,3,-1,-1,1560,2,3,-1,-1,-1
201643P317066,1,9,0,7,0,6,0,0,0,0,0,1,6,2,72,10,1560,2,5,9,3,9
201643P317066,2,8,0,18,0,1,0,0,7,9,1,1,1,1,74,10,1968,2,3,10,1,10
201643P317066,3,9,0,18,0,1,0,0,0,0,4,1,6,1,34,6,1995,2,2,10,1,10
201643P317076,1,9,0,9,0,6,0,0,0,0,1,1,6,1,57,9,1997,1,14,3,1,3
201643P317076,2,8,0,18,0,8,1,0,0,0,1,1,1,1,20,4,1598,2,5,9,1,9
201643P318036,1,9,0,7,0,8,0,0,0,0,1,1,3,1,43,7,1995,2,2,9,2,9
201643P318056,1,9,0,7,0,6,0,0,0,0,1,1,6,2,47,8,1390,1,9,9,1,9
201643P318066,1,9,0,1,0,6,0,0,0,0,0,1,6,2,38,7,1360,1,16,6,1,6
201643P318066,2,1,0,18,0,1,1,0,0,0,1,1,1,1,24,5,-1,-1,-1,3,1,3
201643P318066,3,9,0,2,0,2,0,0,0,0,2,1,6,1,46,8,1560,2,2,6,1,6
201643P319036,1,9,0,13,0,8,0,0,0,0,1,1,1,1,59,9,-1,-1,-1,9,2,9
201643P319036,2,9,0,9,0,5,0,0,0,0,3,1,6,1,61,9,2401,2,11,8,1,8
201643P319056,1,19,0,9,0,6,0,0,0,0,1,1,6,3,-1,-1,1598,2,1,-1,-1,-1
201643P319056,2,19,0,18,0,1,0,0,0,0,1,1,1,1,22,5,1598,2,1,9,1,9
201643P319076,1,9,0,18,0,0,0,0,0,0,4,1,6,3,-1,-1,-1,-1,-1,-1,-1,-1
201643P320036,1,9,0,9,0,6,0,0,0,0,1,1,6,2,65,9,1490,1,8,7,3,7
201643P320056,1,5,0,18,0,0,0,0,0,0,1,1,6,1,50,8,1507,1,12,5,3,5
201643P320056,2,9,0,4,0,0,0,0,0,0,2,1,6,1,52,8,2995,1,2,10,1,10
201643P320066,1,9,0,9,0,5,0,0,0,0,2,1,6,1,-1,-1,2143,2,1,-1,-1,-1
201643P320066,2,1,0,17,0,1,0,0,0,0,1,1,1,1,47,8,-1,-1,-1,10,1,10
201643P321056,1,9,0,18,0,0,1,0,1,10,1,1,6,1,22,5,1398,2,9,5,1,5
201643P321056,2,9,0,18,0,0,1,0,1,9,4,1,6,1,28,6,1995,2,10,6,1,6
201643P322036,1,5,0,9,0,6,1,0,0,0,4,1,1,1,38,7,-1,-1,-1,-1,-1,-1
201643P322056,1,9,0,3,0,0,0,0,0,0,4,1,6,1,40,7,-1,-1,-1,3,1,3
201643P322056,2,1,0,15,0,0,0,8,0,0,1,1,6,1,52,8,-1,-1,-1,5,1,5
201643P323036,1,9,0,18,0,8,1,0,0,0,1,1,1,2,35,6,2497,2,9,10,1,10
201643P323036,2,9,0,4,0,2,0,0,0,0,2,1,6,2,23,5,-1,-1,-1,6,1,6
201643P323036,3,9,0,4,0,2,0,0,0,0,2,1,2,2,52,8,1598,2,3,9,3,9
201643P323036,4,8,0,4,0,2,0,0,0,0,2,1,1,1,43,7,2987,2,5,-1,-1,-1
201643P323036,5,8,0,4,0,2,0,0,0,0,2,1,1,1,64,9,2143,2,2,-1,-1,-1
201643P323036,6,9,0,4,0,2,0,0,0,0,2,1,6,2,39,7,-1,-1,-1,10,2,10
201643P323066,1,9,0,18,0,0,0,0,0,0,0,1,6,1,44,7,2268,2,1,10,1,10
201643P323066,2,3,0,4,0,0,1,0,0,0,0,1,6,1,35,6,125,1,1,10,1,10
201643P324016,1,9,0,18,0,2,0,0,0,0,3,1,6,1,-1,-1,1995,2,1,-1,-1,-1
201643P324016,2,9,0,11,0,2,0,0,0,0,4,1,6,1,50,8,-1,-1,-1,9,1,9
201643P324066,1,9,0,18,0,0,0,0,0,0,1,1,6,1,89,11,1995,2,7,10,2,10
201643P324066,2,9,0,18,0,0,0,0,0,0,1,1,6,2,51,8,1240,1,7,8,2,8
201643P324066,3,9,0,18,0,0,0,0,0,0,1,1,6,2,29,6,1149,1,15,-1,-1,-1
201643P325056,1,1,0,18,0,0,0,0,0,0,0,1,6,1,37,7,-1,-1,-1,-1,-1,-1
201643P325056,2,1,0,18,0,0,0,0,0,0,0,1,6,1,-1,-1,-1,-1,-1,-1,-1,-1
201643P325056,3,1,0,18,0,0,0,0,0,0,0,1,6,1,-1,-1,-1,-1,-1,-1,-1,-1
201643P325056,4,1,0,18,0,0,0,0,0,0,0,1,6,3,-1,-1,-1,-1,-1,-1,-1,-1
201643P325056,5,1,0,18,0,0,0,0,0,0,0,1,6,1,-1,-1,-1,-1,-1,-1,-1,-1
201643P325056,6,1,0,18,0,0,0,0,0,0,0,1,6,1,-1,-1,-1,-1,-1,-1,-1,-1
201643P325066,1,9,0,18,0,0,0,0,0,0,1,1,3,2,44,7,1497,8,9,10,2,10
201643P326056,1,9,0,16,0,0,1,0,7,9,4,1,6,1,18,4,1199,1,12,10,1,10
201643P326056,2,9,0,17,0,0,0,0,0,0,1,1,6,2,18,4,1229,1,6,8,3,8
201643P327066,1,19,0,1,9,6,0,0,0,0,2,1,1,1,-1,-1,1598,2,3,-1,-1,-1
201643P327066,2,22,0,18,9,8,0,0,0,0,4,1,6,1,43,7,-1,-1,-1,7,1,7
201643P328036,1,9,0,5,0,0,0,0,0,0,4,1,6,1,58,9,1199,1,15,9,2,9
201643P328036,2,9,0,18,0,0,1,0,0,0,1,1,6,2,21,5,1968,2,8,10,3,10
201643P330036,1,9,0,9,0,6,0,0,0,0,3,1,6,1,93,11,1598,1,15,10,1,10
201643P330036,2,9,0,18,0,8,0,0,0,0,1,1,6,2,-1,-1,1598,2,6,10,2,10
201643P330056,1,9,0,18,0,1,0,0,0,0,1,1,1,1,32,6,2268,2,1,9,1,9
201643P330056,2,9,0,18,0,1,0,0,0,0,2,1,6,2,28,6,998,1,6,4,3,4
201643P331056,1,9,0,13,0,0,0,0,0,0,4,1,6,1,69,10,1422,2,12,6,2,6
201643P331056,2,1,0,12,0,0,0,0,0,0,3,1,6,2,62,9,-1,-1,-1,10,1,10
201643P332036,1,9,0,1,0,1,0,0,0,0,2,1,6,2,-1,-1,-1,-1,-1,-1,-1,-1
201643P332056,1,9,0,17,0,8,0,0,0,0,3,1,6,3,-1,-1,-1,-1,-1,-1,-1,-1
201643P332056,2,5,0,18,0,3,1,0,0,0,4,1,6,1,49,8,-1,-1,-1,-1,-1,-1
201643P333016,1,19,0,18,0,0,1,0,0,0,4,1,1,1,43,7,1598,2,2,9,1,9
201643P333016,2,9,0,2,0,0,0,0,0,0,3,1,6,2,-1,-1,1997,1,8,1,1,1
201643P333016,3,9,0,2,0,0,0,0,0,0,3,1,6,3,-1,-1,-1,-1,-1,-1,-1,-1
201643P333016,4,9,0,2,0,0,0,0,0,0,3,1,6,3,-1,-1,-1,-1,-1,-1,-1,-1
201643P333016,5,9,0,2,0,0,0,0,0,0,3,1,6,3,-1,-1,-1,-1,-1,-1,-1,-1
201643P334016,1,9,0,5,0,4,0,0,0,0,1,1,6,3,-1,-1,-1,-1,-1,-1,-1,-1
201643P334016,2,1,0,17,0,8,0,0,0,0,1,1,6,2,27,6,-1,-1,-1,4,1,4
201643P335016,1,1,0,18,0,0,0,0,0,0,0,1,6,1,85,11,-1,-1,-1,10,3,10
201643P335056,1,9,0,16,0,0,2,0,1,1,1,1,6,1,17,4,1242,1,7,9,3,9
201643P336016,1,9,0,18,0,4,2,0,0,0,0,1,6,2,20,4,998,1,1,1,1,1
201643P336056,1,9,0,18,0,0,0,4,0,0,1,1,6,2,92,11,1390,1,14,10,2,10
201643P336056,2,9,0,2,0,0,0,0,0,0,1,1,6,3,-1,-1,1596,1,11,-1,-1,-1
201643P336056,3,9,0,2,0,0,0,0,0,0,1,1,6,3,-1,-1,1364,1,9,-1,-1,-1
201643P336056,4,19,0,2,0,0,0,0,0,0,1,1,6,3,-1,-1,3920,2,8,-1,-1,-1
201643P337016,1,9,0,4,0,1,0,0,0,0,2,1,6,1,45,7,1998,1,7,9,1,9
201643P337016,2,9,0,5,0,1,0,0,0,0,1,1,6,1,23,5,1296,1,10,10,1,10
201643P341016,1,98,0,11,0,0,0,0,0,0,4,1,6,3,-1,-1,-1,-1,-1,-1,-1,-1
201643P341016,2,9,0,18,0,0,2,0,5,6,3,1,6,2,23,5,1149,1,11,9,3,9
201643P341056,1,9,0,17,0,0,1,0,1,0,1,1,6,1,21,5,998,1,17,3,1,3
201643P341056,2,9,0,16,0,0,0,0,0,0,1,1,6,2,51,8,2993,2,6,7,3,7
201643P342016,1,4,0,18,0,0,0,0,0,0,1,1,6,1,27,6,125,1,8,5,2,5
201643P342016,2,21,0,18,0,0,0,0,0,0,1,1,6,1,35,6,-1,2,10,2,1,2
201643P343016,1,9,0,16,0,0,5,0,7,4,1,1,6,1,23,5,1299,1,15,5,1,5
201643P343056,1,9,0,18,0,1,0,0,0,0,0,1,1,1,45,7,1968,2,3,-1,-1,-1
201643P343056,2,9,0,18,0,8,2,7,0,1,1,1,6,1,31,6,1299,1,16,-1,-1,-1
201643P344016,1,9,0,13,0,0,0,0,0,0,4,1,6,2,84,11,1598,1,17,8,1,8
201643P344016,2,9,0,18,0,0,1,0,0,0,1,1,6,1,49,8,1396,1,18,8,2,8
201643P344016,3,1,0,18,0,0,0,0,0,0,3,1,6,2,29,6,-1,-1,-1,9,1,9
201643P346056,1,21,1,11,0,0,0,0,0,0,4,1,1,1,26,6,11967,2,3,2,1,2
201643P346056,2,9,0,16,0,0,1,0,2,7,3,1,6,1,33,6,1199,1,14,3,1,3
201643P347056,1,9,0,18,0,4,0,0,0,0,3,1,2,2,22,5,998,1,5,9,1,9
201643P347056,2,1,0,18,0,8,0,0,0,0,4,1,2,1,40,7,-1,-1,-1,9,1,9
201643P348016,1,9,0,18,0,2,0,0,7,1,1,1,2,1,38,7,2496,1,13,9,3,9
201643P348056,1,9,0,18,0,0,2,0,1,0,4,1,6,2,32,6,-1,-1,-1,2,1,2
201643P348056,2,9,0,18,0,0,0,0,0,0,1,1,6,1,33,6,1685,2,5,-1,-1,-1
201643P350056,1,9,0,4,0,0,0,0,0,0,1,1,6,1,50,8,1360,1,9,8,1,8
201643P350056,2,9,0,4,0,0,0,0,0,0,1,1,6,2,23,5,1596,1,10,3,1,3
201643P350056,3,9,0,3,0,0,0,0,0,0,2,1,6,1,25,5,1598,1,8,10,1,10
201643P350056,4,9,0,3,0,0,0,0,0,0,2,1,6,3,-1,-1,-1,-1,-1,-1,-1,-1
201643P351056,1,9,0,4,0,0,0,0,0,0,2,1,6,2,50,8,1997,2,12,3,1,3
201643P351056,2,9,0,4,0,0,0,0,0,0,2,1,6,1,64,9,4196,1,8,9,1,9
201643P351056,3,9,0,4,0,0,0,0,0,0,1,1,6,1,26,6,1968,2,8,10,1,10
201643P351056,4,9,0,4,0,0,1,0,0,0,1,1,6,2,42,7,1796,1,8,3,1,3
201643P351056,5,9,0,18,0,0,1,0,0,0,1,1,6,2,24,5,1368,1,7,2,2,2
201643P352056,1,9,0,18,0,4,0,0,7,0,1,1,6,2,24,5,1198,1,2,4,1,4
201643P352056,2,9,0,18,0,8,0,0,1,7,3,1,6,1,53,8,2171,2,12,5,1,5
201643P354056,1,9,0,18,0,2,0,0,0,0,4,1,1,1,39,7,2268,2,2,10,1,10
201643P354056,2,9,0,18,0,2,0,0,1,11,1,1,6,1,16,4,2000,2,7,5,1,5
201643P357056,1,9,0,18,0,0,1,0,0,0,1,1,6,1,43,7,1587,1,9,7,1,7
201643P357056,2,9,0,18,0,0,0,0,0,0,2,1,6,1,46,8,1198,1,11,7,3,7
201643P357056,3,9,0,18,0,0,0,0,0,0,0,1,6,2,44,7,1968,2,8,8,1,8
201643P358016,1,9,0,18,0,0,0,0,0,0,1,1,2,2,27,6,1360,1,15,10,2,10
201643P358016,2,19,0,3,0,0,0,0,0,0,2,1,1,1,42,7,1968,2,5,5,1,5
201643P359016,1,9,0,9,0,6,0,0,0,0,1,1,6,1,17,4,1798,1,15,9,1,9
201643P359016,2,9,0,18,0,8,0,0,0,0,3,1,6,2,54,8,1584,1,11,-1,-1,-1
201643P360016,1,5,0,18,0,1,1,0,0,0,1,1,6,1,52,8,748,1,28,3,1,3
201643P360016,2,9,0,10,0,5,0,0,0,0,2,1,6,1,42,7,1799,1,8,7,1,7
201643P362016,1,9,0,17,0,0,1,0,7,11,1,1,6,2,18,4,1598,1,14,9,3,9
201643P363016,1,9,0,14,0,1,0,0,0,0,1,1,6,3,-1,-1,1396,1,13,-1,-1,-1
201643P363016,2,19,0,9,0,8,0,0,0,0,0,1,1,1,33,6,2198,2,8,1,1,1
201643P364016,1,9,0,18,0,0,0,0,7,10,1,1,6,1,75,10,-1,-1,-1,10,1,10
201643P364016,2,9,0,18,0,0,0,0,1,0,1,1,1,1,53,8,1984,1,1,10,3,10
201643P366016,1,9,0,18,0,8,0,0,0,0,1,1,6,2,29,6,1242,1,7,10,1,10
201643P366016,2,1,0,18,0,8,0,0,0,0,2,1,6,1,67,10,-1,-1,-1,9,3,9
201643P366056,1,9,0,4,0,1,1,0,7,4,1,1,6,1,36,7,1582,2,3,6,3,6
201643P366056,2,9,0,4,0,1,5,0,1,0,2,1,6,2,47,8,1998,1,10,10,1,10
201643P370016,1,9,0,2,0,0,0,0,0,0,3,1,6,2,29,6,1399,2,13,3,1,3
201643P370016,2,9,0,3,0,0,0,0,0,0,2,1,6,2,26,6,1896,2,14,6,1,6
201643P370016,3,9,0,18,0,0,0,0,0,0,1,1,6,3,-1,-1,-1,-1,-1,-1,-1,-1
201643P750316,1,9,0,17,0,0,1,0,1,0,4,1,6,2,32,6,1598,2,3,-1,-1,-1
201643R001016,1,5,0,18,0,0,0,0,0,0,1,1,6,1,47,8,782,1,3,8,1,8
201643R001016,2,9,0,18,0,0,0,0,0,0,1,1,6,1,31,6,1229,1,5,7,1,7
201643R001036,1,9,0,9,0,8,0,0,0,0,4,1,6,1,47,8,1199,1,12,6,1,6
201643R001036,2,9,0,18,0,8,0,0,0,0,1,1,2,2,50,8,1956,2,5,2,1,2
201643R001056,1,9,0,5,0,1,0,0,0,0,1,1,6,1,19,4,1596,1,11,10,1,10
201643R001056,2,9,0,3,0,1,0,0,0,0,2,1,6,1,67,10,1198,1,4,2,1,2
201643R003046,1,9,0,4,0,0,0,0,0,0,1,1,2,2,33,6,1796,1,1,8,2,8
201643R003046,2,9,0,4,0,0,0,0,0,0,2,1,6,2,21,5,1560,2,2,9,1,9
201643R004056,1,9,0,18,0,0,0,0,0,0,1,1,6,1,47,8,1596,1,10,3,1,3
201643R004056,2,9,0,3,0,0,0,0,0,0,2,1,6,1,37,7,1560,2,7,-1,-1,-1
201643R004066,1,9,0,7,0,8,0,0,0,0,1,1,2,1,35,6,2000,1,10,-1,-1,-1
201643R004066,2,1,0,18,0,8,0,0,0,0,1,1,2,1,20,4,-1,-1,-1,5,1,5
201643R004086,1,9,0,5,0,4,0,0,0,0,1,1,6,2,-1,-1,-1,-1,-1,-1,-1,-1
201643R004086,2,1,0,18,0,8,0,0,0,0,1,1,6,1,19,4,-1,-1,-1,10,1,10
201643R005026,1,9,0,18,0,1,0,0,0,0,1,1,6,1,71,10,1598,1,15,9,1,9
201643R005026,2,8,0,3,0,1,0,0,0,0,2,1,1,1,51,8,-1,-1,-1,6,1,6
201643R005026,3,9,0,3,0,1,0,0,0,0,1,1,6,2,61,9,-1,-1,-1,9,1,9
201643R006026,1,9,0,18,0,1,0,0,0,0,1,1,6,2,19,4,998,1,16,6,1,6
201643R006046,1,9,0,7,0,4,0,0,0,0,3,1,1,1,28,6,1590,1,17,4,1,4
201643R006046,2,4,0,18,0,8,0,0,0,0,1,1,1,1,42,7,278,1,1,5,1,5
201643R006056,1,9,0,18,0,8,0,0,0,0,1,1,6,1,20,4,1396,1,16,8,1,8
201643R006056,2,9,0,3,0,1,0,0,0,0,1,1,6,1,41,7,1796,1,10,10,1,10
201643R006056,3,9,0,3,0,1,0,0,0,0,1,1,6,2,24,5,1598,1,13,10,1,10
201643R006056,4,9,0,3,0,1,0,0,0,0,1,1,6,2,34,6,1998,1,6,8,1,8
201643R006066,1,9,0,4,0,0,0,0,0,0,2,1,1,2,28,6,1598,2,1,-1,-1,-1
201643R006066,2,9,0,18,0,0,1,0,0,0,1,1,1,1,38,7,1685,2,2,2,1,2
201643R007026,1,9,0,18,0,1,0,0,0,0,1,1,6,1,25,5,1994,2,17,-1,-1,-1
201643R007026,2,9,0,18,0,1,0,0,0,0,2,1,6,1,29,6,-1,-1,-1,9,1,9
201643R007036,1,9,0,18,0,1,0,0,0,0,1,1,6,2,-1,-1,-1,-1,-1,-1,-1,-1
201643R007036,2,9,0,10,0,1,0,0,0,0,2,1,6,1,44,7,1598,2,1,5,1,5
201643R007046,1,19,0,18,0,8,0,0,1,9,0,1,6,1,55,8,2143,2,5,5,1,5
201643R007066,1,9,0,7,0,6,0,0,0,0,1,1,6,2,69,10,1596,1,12,2,1,2
201643R007066,2,1,0,18,0,8,0,0,0,0,3,1,6,1,24,5,-1,-1,-1,5,1,5
201643R008046,1,5,0,18,0,0,0,0,0,0,0,1,1,1,48,8,1170,1,8,-1,-1,-1
201643R008046,2,9,0,18,0,0,2,0,7,4,1,1,6,1,26,6,1242,1,16,5,1,5
201643R008046,3,9,0,18,0,0,0,0,0,0,1,1,6,2,25,5,1798,1,5,9,1,9
201643R009046,1,9,0,18,0,2,0,7,7,2,1,1,1,1,30,6,1248,2,4,4,1,4
201643R010016,1,9,0,18,0,1,0,0,0,0,1,1,6,2,35,6,-1,-1,-1,-1,-1,-1
201643R010086,1,19,0,18,0,0,1,0,0,0,1,1,6,1,-1,-1,2148,2,10,-1,-1,-1
201643R010086,2,9,0,4,0,0,0,0,0,0,2,1,1,1,44,7,2494,1,16,5,1,5
201643R011016,1,9,0,9,0,8,0,0,0,0,4,1,6,2,66,10,1991,2,8,9,1,9
201643R011016,2,3,0,18,0,8,0,0,0,0,1,1,1,1,37,7,125,1,11,9,1,9
201643R011026,1,9,0,9,0,8,0,0,0,0,4,1,6,1,-1,-1,2494,1,17,8,1,8
201643R011026,2,9,0,18,0,8,0,0,0,0,1,1,6,1,19,4,1242,1,12,3,1,3
201643R011036,1,19,0,5,0,8,0,0,0,0,3,1,1,1,55,8,2402,2,12,4,1,4
201643R011036,2,9,0,18,0,8,0,0,0,0,1,1,6,1,37,7,1598,1,13,7,3,7
201643R011046,1,9,0,18,0,0,0,0,0,0,1,1,6,3,22,5,1968,2,7,7,1,7
201643R011046,2,1,0,9,0,0,0,0,0,0,3,1,6,1,12,3,-1,-1,-1,3,1,3
201643R011056,1,9,0,18,0,0,1,0,1,7,4,1,6,2,27,6,1598,1,10,2,1,2
201643R011056,2,9,0,18,0,0,0,0,0,0,0,1,6,1,72,10,1984,1,11,6,1,6
201643R012056,1,9,0,5,0,6,0,0,0,0,1,1,6,1,49,8,2720,2,8,10,1,10
201643R012056,2,1,0,18,9,8,0,0,0,0,4,1,6,1,42,7,-1,-1,-1,5,1,5
201643R013016,1,9,0,18,0,8,0,0,0,0,4,1,6,2,67,10,1799,1,6,5,1,5