Accident_Index,Vehicle_Reference,Vehicle_Type,Towing_and_Articulation,Vehicle_Manoeuvre,Vehicle_Location-Restricted_Lane,Junction_Location,Skidding_and_Overturning,Hit_Object_in_Carriageway,Vehicle_Leaving_Carriageway,Hit_Object_off_Carriageway,1st_Point_of_Impact,Was_Vehicle_Left_Hand_Drive?,Journey_Purpose_of_Driver,Sex_of_Driver,Age_of_Driver,Age_Band_of_Driver,Engine_Capacity_(CC),Propulsion_Code,Age_of_Vehicle,Driver_IMD_Decile,Driver_Home_Area_Type,Vehicle_IMD_Decile
201643R065076,1,9,0,18,0,0,1,0,0,0,1,1,2,1,33,6,1399,2,12,7,1,7
201643R065076,2,9,0,18,0,0,0,0,1,0,2,1,6,1,40,7,1242,1,3,9,1,9
201643R066036,1,9,0,7,0,6,0,0,0,0,1,1,6,1,25,5,-1,-1,-1,-1,-1,-1
201643R066036,2,22,0,18,0,8,0,0,0,0,4,1,6,1,66,10,-1,-1,-1,3,1,3
201643R066056,1,9,0,9,0,8,0,0,0,0,3,1,6,2,80,11,1598,1,10,9,3,9
201643R066056,2,9,0,18,0,8,0,0,7,11,1,1,1,1,33,6,2982,2,5,8,3,8
201643R066066,1,9,0,18,0,1,0,0,0,0,1,1,6,1,-1,-1,-1,-1,-1,-1,-1,-1
201643R066066,2,9,0,10,0,1,0,0,0,0,2,1,6,1,29,6,1560,2,7,8,2,8
201643R067016,1,9,0,3,0,8,0,0,0,0,2,1,2,1,51,8,-1,-1,-1,7,1,7
201643R067016,2,9,0,3,0,8,0,0,0,0,2,1,6,1,66,10,2993,2,4,9,3,9
201643R067016,3,9,0,18,0,8,1,0,0,0,1,1,2,2,41,7,1299,1,14,10,1,10
201643R067026,1,9,0,11,0,3,1,0,7,0,1,1,6,1,17,4,1229,1,11,10,3,10
201643R067026,2,9,0,2,9,2,0,0,0,0,4,1,6,3,-1,-1,1598,2,3,8,1,8
201643R067026,3,9,0,2,9,2,0,0,0,0,4,1,6,3,-1,-1,-1,-1,-1,8,1,8
201643R067026,4,9,0,2,9,2,0,0,0,0,4,1,6,3,-1,-1,1199,2,3,8,1,8
201643R067066,1,9,0,6,0,0,0,0,0,0,4,1,6,2,26,6,1242,1,3,5,1,5
201643R067066,2,8,0,18,0,0,0,0,0,0,1,1,6,1,44,7,1798,8,2,4,1,4
201643R068056,1,9,0,5,0,1,0,0,0,0,1,1,6,1,55,8,1998,1,14,9,1,9
201643R068056,2,5,0,3,0,1,0,0,0,0,2,1,2,1,57,9,740,1,21,9,1,9
201643R068086,1,9,0,9,0,5,0,0,0,0,1,1,2,1,21,5,2184,2,7,10,1,10
201643R068086,2,9,0,18,0,1,0,0,0,0,1,1,6,2,38,7,1461,2,1,10,2,10
201643R069026,1,9,0,18,0,1,1,0,0,0,1,1,6,1,27,6,1596,1,13,8,1,8
201643R069026,2,9,0,3,0,1,0,0,0,0,2,1,6,1,60,9,1798,8,-1,10,1,10
201643R069026,3,9,0,3,0,1,0,0,0,0,2,1,6,2,19,4,1242,1,5,8,1,8
201643R069066,1,9,0,18,0,0,0,0,0,0,1,1,6,1,-1,-1,1560,2,2,-1,-1,-1
201643R069066,2,1,0,18,0,0,0,0,0,0,2,1,6,1,19,4,-1,-1,-1,4,1,4
201643R070026,1,9,0,9,0,8,0,0,0,0,3,1,6,2,44,7,2967,2,5,9,3,9
201643R070026,2,9,0,18,0,8,0,0,0,0,1,1,2,2,23,5,1364,1,9,8,1,8
201643R070036,1,9,0,4,0,1,0,0,0,0,1,1,6,2,35,6,1339,1,9,5,1,5
201643R070036,2,9,0,4,0,1,0,0,0,0,2,1,6,2,41,7,1242,1,14,4,1,4
201643R070036,3,9,0,3,0,1,0,0,0,0,2,1,6,1,41,7,1896,2,6,5,1,5
201643R070086,1,19,0,11,0,1,0,0,0,0,1,1,1,1,44,7,2198,2,1,4,1,4
201643R070086,2,9,0,4,0,2,0,0,0,0,2,1,6,1,21,5,998,1,1,8,2,8
201643R070086,3,21,0,4,0,1,0,0,0,0,1,1,1,1,49,8,6870,2,9,7,3,7
201643R071016,1,9,0,9,0,5,0,0,7,11,4,1,6,2,26,6,1242,1,8,3,1,3
201643R071016,2,9,0,18,0,8,0,0,0,0,1,1,6,2,27,6,1398,2,6,10,2,10
201643R071046,1,9,0,18,0,0,0,0,0,0,2,1,6,3,-1,-1,-1,-1,-1,-1,-1,-1
201643R071046,2,9,0,18,0,0,0,0,0,0,1,1,6,1,35,6,-1,-1,-1,10,1,10
201643R072026,1,9,0,18,0,0,1,0,1,9,1,1,2,1,40,7,1461,2,12,10,1,10
201643R072046,1,9,0,4,9,0,0,0,1,0,1,1,6,2,80,11,1364,1,8,9,1,9
201643R072046,2,9,0,2,0,0,0,0,0,0,1,1,6,3,-1,-1,1598,1,3,-1,-1,-1
201643R072046,3,9,0,2,0,0,0,0,0,0,2,1,6,3,-1,-1,1248,1,6,-1,-1,-1
201643R072046,4,9,0,2,0,0,0,0,0,0,2,1,6,3,-1,-1,1599,1,8,-1,-1,-1
201643R072066,1,9,0,13,0,8,2,0,0,0,4,1,2,1,20,4,2143,2,1,10,1,10
201643R072066,2,9,0,9,0,5,0,0,0,0,3,1,2,2,53,8,1595,1,13,5,1,5
201643R072066,3,9,0,18,0,2,0,0,0,0,2,1,6,1,18,4,1360,1,8,5,1,5
201643R072076,1,9,0,18,0,0,1,0,5,6,4,1,6,1,27,6,1229,1,4,3,1,3
201643R072076,2,9,0,18,0,0,0,0,0,0,3,1,6,1,47,8,1199,1,13,10,1,10
201643R073026,1,9,0,5,0,8,0,0,0,0,3,1,2,2,47,8,1686,2,5,6,1,6
201643R073026,2,1,0,18,0,8,0,0,0,0,1,1,2,1,42,7,-1,-1,-1,-1,-1,-1
201643R074086,1,9,0,7,0,6,0,0,0,0,1,1,6,2,55,8,1242,1,7,10,2,10
201643R074086,2,1,0,9,0,8,0,0,0,0,2,1,6,1,35,6,-1,-1,-1,8,1,8
201643R075036,1,5,0,18,0,8,1,0,0,0,1,1,6,1,51,8,-1,-1,-1,6,1,6
201643R075036,2,21,0,9,0,8,0,0,0,0,2,1,1,1,56,9,-1,-1,-1,6,1,6
201643R075066,1,9,0,1,0,1,0,0,0,0,2,1,6,1,58,9,1984,1,14,-1,-1,-1
201643R076016,1,3,0,18,0,1,1,0,1,0,3,1,1,1,17,4,124,1,27,6,1,6
201643R076016,2,20,0,10,0,1,0,0,0,0,4,1,6,3,-1,-1,-1,-1,-1,-1,-1,-1
201643R076036,1,9,0,18,0,8,0,0,0,0,1,1,6,1,40,7,1296,1,8,-1,-1,-1
201643R076036,2,9,0,7,0,8,0,0,0,0,3,1,6,2,37,7,-1,-1,-1,3,1,3
201643R076046,1,9,0,18,0,0,1,0,1,4,1,1,6,1,44,7,1896,2,8,5,1,5
201643R076056,1,9,0,1,0,8,0,0,0,0,2,1,6,1,-1,-1,1596,1,13,-1,-1,-1
201643R076066,1,9,0,4,0,0,0,0,0,0,1,1,6,1,61,9,1229,1,8,7,1,7
201643R076066,2,9,0,4,0,0,0,0,0,0,2,1,2,1,49,8,2967,2,1,10,2,10
201643R076066,3,9,0,4,0,0,0,0,0,0,2,1,6,2,49,8,1598,2,3,4,1,4
201643R076066,4,9,0,4,0,0,0,0,0,0,2,1,6,1,52,8,2987,2,9,10,1,10
201643R076086,1,9,0,1,0,0,0,0,0,0,2,1,6,1,20,4,2143,2,3,2,1,2
201643R076086,2,9,0,2,0,0,0,0,0,0,1,1,6,2,-1,-1,1995,2,1,-1,-1,-1
201643R077036,1,9,0,18,0,4,0,0,0,0,3,1,6,2,58,9,1968,2,3,6,1,6
201643R077036,2,1,0,18,0,8,0,0,0,0,1,1,6,1,31,6,-1,-1,-1,5,1,5
201643R077066,1,9,0,18,0,0,0,0,0,0,1,1,6,2,64,9,1197,1,2,7,1,7
201643R077066,2,9,0,3,0,0,0,0,0,0,2,1,6,1,79,11,1968,2,6,9,1,9
201643R078026,1,9,0,1,0,0,0,0,0,0,2,1,6,2,40,7,-1,-1,-1,-1,-1,-1
201643R078066,1,9,0,9,0,6,0,0,0,0,3,1,6,1,82,11,1595,1,1,4,1,4
201643R078066,2,9,0,18,0,1,0,0,0,0,4,1,6,1,32,6,1398,1,15,4,1,4
201643R079026,1,9,0,16,0,2,0,0,7,11,1,1,6,2,20,4,698,1,13,6,3,6
201643R079066,1,9,0,18,0,2,0,0,0,0,1,1,6,1,26,6,1388,1,9,6,1,6
201643R080026,1,9,0,9,0,2,0,0,0,0,1,1,6,1,-1,-1,-1,-1,-1,-1,-1,-1
201643R080036,1,9,0,9,0,5,0,0,0,0,2,1,6,2,41,7,1769,2,20,10,3,10
201643R080036,2,5,0,13,0,1,1,0,0,0,1,1,6,1,50,8,675,1,2,3,1,3
201643R080056,1,9,0,7,0,6,0,0,0,0,1,1,6,1,28,6,1968,2,4,7,1,7
201643R080056,2,9,0,18,0,1,0,0,1,0,4,1,6,1,32,6,1124,1,13,9,1,9
201643R081066,1,9,0,9,0,6,0,0,0,0,1,1,6,2,31,6,2000,1,9,3,1,3
201643R081066,2,9,0,18,0,8,0,0,0,0,4,1,6,2,32,6,-1,-1,-1,5,1,5
201643R082016,1,9,0,11,0,8,0,0,0,0,4,1,6,2,44,7,1968,2,8,10,1,10
201643R082016,2,9,0,18,0,8,0,0,0,0,3,1,6,1,40,7,1598,1,14,4,1,4
201643R082036,1,8,0,5,0,0,0,10,7,4,1,1,1,1,68,10,1560,2,7,-1,-1,-1
201643R082086,1,9,0,16,0,0,2,0,7,0,1,1,6,2,18,4,1397,1,9,10,1,10
201643R083016,1,19,0,9,0,6,0,0,0,0,2,1,2,1,30,6,2198,2,4,10,1,10
201643R083016,2,5,0,18,0,8,0,0,0,11,1,1,2,1,27,6,798,1,7,10,1,10
201643R083036,1,21,1,18,0,1,0,0,0,0,1,1,1,1,55,8,11967,2,5,8,2,8
201643R083086,1,9,0,2,9,1,0,0,0,0,3,1,6,1,-1,-1,1339,8,8,-1,-1,-1
201643R083086,2,1,0,18,4,1,0,0,0,0,1,1,1,1,51,8,-1,-1,-1,3,1,3
201643R084026,1,9,0,18,0,4,0,0,0,0,1,1,1,2,28,6,1968,2,5,2,1,2
201643R084026,2,9,0,4,0,4,0,0,0,0,2,1,1,2,26,6,1995,2,-1,7,1,7
201643R084086,1,9,0,18,0,0,0,0,0,0,1,1,6,2,-1,-1,-1,-1,-1,-1,-1,-1
201643R084086,2,9,0,18,0,0,0,0,0,0,2,1,6,1,38,7,1398,1,6,2,1,2
201643R085026,1,9,0,4,0,0,0,0,0,0,1,1,1,1,41,7,1984,1,9,10,1,10
201643R085026,2,9,0,4,0,0,0,0,0,0,2,1,1,1,30,6,1968,2,1,-1,-1,-1
201643R085026,3,9,0,4,0,0,0,0,0,0,2,1,1,2,-1,-1,998,1,11,10,2,10
201643R085076,1,9,0,18,0,3,0,0,0,0,1,1,2,1,37,7,1560,2,1,10,1,10
201643R085076,2,1,0,18,0,3,0,0,0,0,2,1,2,1,30,6,-1,-1,-1,-1,-1,-1
201643R086016,1,9,0,9,0,8,0,0,0,0,1,1,6,3,-1,-1,-1,-1,-1,-1,-1,-1
201643R086016,2,9,0,9,0,8,0,0,0,0,3,1,2,2,41,7,1499,1,1,10,1,10
201643R087046,1,9,0,16,0,0,1,0,0,0,1,1,2,2,32,6,1796,1,15,10,1,10
201643R087046,2,9,0,17,0,0,0,0,0,0,1,1,2,2,55,8,1197,1,1,5,1,5
201643R087056,1,9,0,9,0,8,0,0,0,0,1,1,6,2,20,4,998,1,4,5,1,5
201643R087056,2,1,0,18,0,8,0,0,0,0,3,1,6,1,60,9,-1,-1,-1,9,3,9
201643R087066,1,9,0,18,0,1,0,0,0,0,1,1,2,2,58,9,4966,1,18,9,1,9
201643R087066,2,9,0,8,0,1,0,0,0,0,2,1,2,1,43,7,1560,2,6,6,1,6
201643R087076,1,9,0,18,0,0,0,0,0,0,1,1,6,1,75,10,2149,2,9,3,1,3
201643R087076,2,9,0,2,0,0,0,0,0,0,2,1,6,3,-1,-1,1598,1,15,-1,-1,-1
201643R088026,1,9,0,18,0,8,0,0,0,0,1,1,6,1,-1,-1,1600,1,12,-1,-1,-1
201643R088026,2,9,0,18,0,8,0,0,0,0,2,1,1,2,45,7,2000,1,16,9,1,9
201643R088046,1,19,0,9,0,6,0,0,0,0,1,1,1,1,74,10,2198,2,3,10,1,10
201643R088046,2,9,0,18,0,8,5,0,1,10,4,1,2,2,29,6,2184,2,7,4,1,4
201643R088066,1,9,0,4,0,0,1,0,0,0,1,1,2,1,24,5,1896,2,12,6,1,6
201643R088066,2,9,0,4,0,0,0,0,0,0,2,1,6,2,20,4,-1,-1,-1,9,1,9
201643R089046,1,9,0,7,0,5,0,0,0,0,4,1,6,1,29,6,2143,2,2,7,1,7
201643R089046,2,1,0,18,4,8,0,0,0,0,1,1,6,1,21,5,-1,-1,-1,3,1,3
201643R089066,1,9,0,9,0,4,0,0,0,0,3,1,3,2,32,6,1461,2,11,2,1,2
201643R089066,2,10,0,9,0,4,0,0,0,0,4,1,1,1,60,9,2143,2,6,9,1,9
201643R090016,1,9,0,18,0,1,0,0,0,0,1,1,6,1,-1,-1,-1,-1,-1,-1,-1,-1
201643R090016,2,9,0,18,0,1,0,0,0,0,2,1,6,2,37,7,1242,1,9,6,1,6
201643R090026,1,9,0,18,0,0,0,0,0,0,1,1,6,2,-1,-1,1975,1,14,10,1,10
201643R090066,1,1,0,18,0,6,0,0,0,0,3,1,4,1,14,3,-1,-1,-1,8,1,8
201643R090066,2,9,0,18,0,3,0,0,0,0,1,1,2,1,25,5,2143,2,5,3,1,3
201643R091016,1,21,1,18,0,0,5,0,1,9,4,1,1,1,57,9,-1,-1,-1,-1,-1,-1
201643R092066,1,9,0,11,0,0,0,0,0,0,1,1,6,1,30,6,1299,1,14,-1,-1,-1
201643R092066,2,9,0,18,0,0,0,0,0,0,2,1,6,2,34,6,1242,1,16,5,1,5
201643R092076,1,3,0,18,0,8,0,0,0,0,4,1,2,1,59,9,125,1,2,6,1,6
201643R092076,2,21,4,5,0,8,0,0,0,0,3,1,1,3,-1,-1,-1,-1,-1,-1,-1,-1
201643R093026,1,9,0,18,0,0,0,0,0,0,3,1,6,2,72,10,1560,2,2,6,1,6
201643R093026,2,9,0,18,0,0,0,0,0,0,3,1,6,2,31,6,1560,2,8,9,1,9
201643R093036,1,9,0,12,0,0,0,0,0,0,1,1,6,1,25,5,2494,1,12,5,1,5
201643R093036,2,9,0,18,0,0,0,0,0,0,4,1,6,2,31,6,1598,1,8,4,1,4
201643R093056,1,9,0,18,0,8,0,0,0,0,1,1,6,1,27,6,998,1,14,3,1,3
201643R093056,2,9,0,4,0,8,0,0,0,0,2,1,6,1,28,6,-1,-1,-1,-1,1,-1
201643R093056,3,9,0,4,0,8,0,0,0,0,2,1,6,1,27,6,1598,1,1,10,1,10
201643R093056,4,9,0,4,0,8,0,0,0,0,2,1,1,2,36,7,1598,2,2,4,1,4
201643R093066,1,9,0,18,0,0,0,0,0,0,3,1,3,2,37,7,1560,2,4,7,1,7
201643R093066,2,1,0,18,9,0,0,0,0,0,1,1,4,1,11,3,-1,-1,-1,10,1,10
201643R093076,1,9,0,18,0,0,0,0,0,0,1,1,6,3,-1,-1,-1,-1,-1,-1,-1,-1
201643R093076,2,1,0,18,0,0,0,0,0,0,2,1,1,1,40,7,-1,-1,-1,9,1,9
201643R094076,1,9,0,18,0,0,0,0,1,11,1,1,6,2,19,4,1870,2,12,10,1,10
201643R095016,1,9,0,11,0,0,0,0,0,0,0,1,6,3,-1,-1,-1,-1,-1,-1,-1,-1
201643R095016,2,9,0,18,0,0,1,0,1,7,4,1,6,1,17,4,-1,-1,-1,10,1,10
201643R095056,1,9,0,9,0,8,0,0,3,10,3,1,6,2,32,6,-1,-1,-1,2,1,2
201643R095056,2,9,0,18,0,8,0,0,0,0,4,1,6,1,22,5,1560,2,6,3,1,3
201643R095076,1,9,0,18,0,0,0,0,0,0,4,1,6,3,-1,-1,-1,-1,-1,-1,-1,-1
201643R095086,1,19,0,18,0,0,0,0,0,0,1,1,2,1,24,5,2198,2,2,5,1,5
201643R095086,2,9,0,3,0,0,0,0,0,0,2,1,2,1,26,6,1995,2,4,7,1,7
201643R096026,1,9,0,18,0,0,0,0,0,0,3,1,3,2,54,8,2987,2,5,10,1,10
201643R096026,2,1,0,18,0,0,0,0,0,0,1,1,4,2,9,2,-1,-1,-1,5,1,5
201643R096076,1,9,0,18,0,0,0,0,0,0,1,1,2,2,32,6,1360,1,10,5,1,5
201643R096076,2,1,0,18,0,0,0,0,0,0,4,1,2,1,29,6,-1,-1,-1,5,1,5
201643R096086,1,90,0,18,0,0,5,0,0,0,1,1,6,1,22,5,686,1,9,3,1,3
201643R096086,2,90,0,18,0,0,0,0,0,0,2,1,6,1,23,5,686,1,8,3,1,3
201643R097016,1,9,0,18,0,0,0,0,0,0,4,1,2,1,60,9,1995,2,9,9,3,9
201643R097016,2,1,0,18,0,0,0,0,0,0,1,1,4,1,16,4,-1,-1,-1,10,1,10
201643R097056,1,19,0,18,0,1,0,0,0,0,1,1,6,1,31,6,2287,2,2,3,1,3
201643R097056,2,9,0,7,0,6,0,0,0,0,2,1,6,2,25,5,1596,1,13,9,1,9
201643R097086,1,9,0,4,0,0,0,0,0,0,0,1,1,1,34,6,1248,2,1,7,1,7
201643R097086,2,9,0,18,0,0,1,4,0,0,1,1,6,1,32,6,-1,-1,-1,-1,-1,-1
201643R097086,3,9,0,2,0,0,0,0,0,0,2,1,6,3,-1,-1,2792,1,9,10,1,10
201643R098016,1,9,0,18,0,8,0,0,0,0,3,1,6,2,40,7,-1,-1,-1,-1,-1,-1
201643R098016,2,9,0,3,0,8,0,0,0,0,3,1,6,2,17,4,1242,1,1,7,3,7
201643R098026,1,9,0,3,0,1,0,0,0,0,2,1,6,1,50,8,1796,1,8,3,1,3
201643R098026,2,9,0,18,0,1,0,0,0,0,1,1,6,1,-1,-1,2967,1,17,7,1,7
201643R098046,1,9,0,18,0,1,0,0,0,0,1,1,6,3,-1,-1,-1,-1,-1,-1,-1,-1
201643R098046,2,19,0,18,0,1,0,0,0,0,2,1,6,1,56,9,2198,2,2,7,1,7
201643R099076,1,9,0,18,0,8,0,0,0,0,1,1,6,3,-1,-1,-1,-1,-1,-1,-1,-1
201643R099076,2,9,0,18,0,8,0,0,0,2,3,1,6,1,22,5,2143,2,5,5,1,5
201643R099076,3,9,0,18,0,1,0,0,0,0,3,1,6,1,24,5,2143,2,1,2,1,2
201643R100016,1,9,0,5,0,1,0,0,0,0,1,1,6,1,55,8,1997,2,8,10,2,10
201643R100036,1,90,0,18,0,0,0,0,0,0,1,1,1,2,46,8,2298,2,1,6,1,6
201643R100076,1,9,0,5,0,1,0,0,1,11,1,1,6,2,67,10,1587,1,23,4,1,4
201643R101036,1,2,0,18,0,8,0,0,0,0,2,1,2,1,26,6,-1,-1,-1,9,1,9
201643R101036,2,19,0,1,0,6,0,0,0,0,1,1,2,1,58,9,6692,2,5,4,1,4
201643R101076,1,9,0,18,0,8,0,0,0,0,1,1,6,1,-1,-1,-1,-1,-1,-1,-1,-1
201643R101076,2,9,0,10,0,5,0,0,0,0,2,1,6,1,44,7,1910,2,9,7,1,7
201643R104016,1,9,0,14,0,0,0,0,0,0,1,1,6,2,-1,-1,-1,-1,-1,-1,-1,-1
201643R104046,1,9,0,15,0,0,0,0,0,0,3,1,6,1,-1,-1,1956,2,2,-1,-1,-1
201643R104046,2,1,0,18,4,0,0,0,0,0,4,1,6,1,43,7,-1,-1,-1,7,1,7
201643R104056,1,9,0,18,0,2,0,0,0,0,1,1,6,1,-1,-1,1586,1,9,3,1,3
201643R104056,2,1,0,18,0,2,0,0,0,0,3,1,4,2,15,3,-1,-1,-1,3,1,3
201643R104076,1,9,0,7,0,3,5,0,0,0,4,1,6,1,52,8,1797,8,5,10,1,10
201643R104076,2,9,0,7,0,3,0,0,0,0,3,1,6,1,25,5,4973,1,28,10,1,10
201643R104086,1,10,0,18,0,0,0,5,0,0,1,1,1,1,63,9,-1,-1,-1,3,1,3
201643R106026,1,9,0,18,0,0,0,0,0,0,1,1,6,1,-1,-1,1798,1,15,-1,-1,-1
201643R106026,2,9,0,3,0,0,0,0,0,0,2,1,6,1,46,8,2496,1,12,3,1,3
201643R106066,1,9,0,7,0,6,0,0,0,0,3,1,6,1,43,7,2993,2,5,8,1,8
201643R106066,2,9,0,18,0,1,0,0,0,0,1,1,6,1,67,10,1339,1,5,7,1,7
201643R107036,1,9,0,9,0,5,0,0,0,0,1,1,6,1,29,6,1596,1,11,10,1,10
201643R107036,2,1,0,18,9,8,0,0,0,0,3,1,4,1,15,3,-1,-1,-1,10,1,10
201643R108016,1,9,0,18,0,1,0,0,0,0,1,1,6,2,41,7,-1,-1,-1,3,1,3
201643R108016,2,9,0,4,0,1,0,0,0,0,2,1,6,1,61,9,2902,2,13,-1,-1,-1
201643R108036,1,9,0,14,0,0,0,0,0,0,4,1,6,1,41,7,-1,-1,-1,7,1,7
201643R108036,2,1,0,18,0,0,0,0,0,0,3,1,6,1,55,8,-1,-1,-1,10,1,10
201643R108056,1,3,0,4,0,1,0,0,1,1,1,1,2,1,26,6,124,1,3,7,1,7
201643R109026,1,9,0,9,0,8,0,0,0,0,0,1,1,1,49,8,1248,2,4,4,1,4
201643R109026,2,1,0,9,0,8,0,0,0,0,0,1,6,1,41,7,-1,-1,-1,-1,-1,-1
201643R109046,1,9,0,18,0,8,0,0,0,0,1,1,6,1,27,6,1968,2,2,7,1,7
201643R109046,2,9,0,18,0,8,0,0,0,0,1,1,6,2,53,8,1997,1,14,6,1,6
201643R109086,1,9,0,18,0,6,0,0,0,0,1,1,6,2,32,6,1598,1,6,7,1,7
201643R109086,2,21,0,18,0,8,1,0,0,0,3,1,1,1,41,7,4461,2,4,5,1,5
201643R110016,1,9,0,18,0,0,1,0,1,4,2,1,1,2,23,5,1995,2,8,9,1,9
201643R111016,1,19,4,4,0,0,0,0,0,0,1,1,1,1,62,9,-1,-1,-1,3,1,3
201643R111046,1,9,0,7,0,6,0,0,0,0,0,1,1,1,27,6,1275,1,17,4,1,4
201643R111046,2,9,0,18,0,1,0,0,0,0,0,1,6,2,58,9,1198,1,1,9,1,9
201643R111076,1,9,0,18,0,3,0,0,0,0,3,1,6,1,-1,-1,1968,2,4,9,1,9
201643R111076,2,3,0,18,0,3,0,0,0,0,4,1,6,1,24,5,124,1,3,5,1,5
201643R112036,1,9,0,16,0,1,0,0,0,0,1,1,6,2,27,6,1397,1,13,3,1,3
201643R114016,1,5,0,13,0,1,0,0,0,0,1,1,6,1,21,5,999,1,5,9,1,9
201643R114016,2,20,1,12,0,1,0,0,0,0,2,1,1,1,52,8,-1,-1,-1,9,1,9
201643R114056,1,5,0,18,0,0,1,0,0,0,4,1,6,1,42,7,899,1,14,6,1,6
201643R114066,1,9,0,18,0,0,0,0,0,0,1,1,6,1,31,6,-1,-1,-1,5,1,5
201643R114066,2,9,0,18,0,0,0,0,0,0,2,1,6,1,52,8,1896,2,12,5,1,5
201643R114086,1,9,0,18,0,0,0,0,1,9,1,1,6,1,33,6,1360,1,9,6,1,6
201643R114086,2,9,0,18,0,0,0,0,0,0,1,1,6,1,56,9,1995,2,3,-1,-1,-1
201643R115026,1,9,0,18,0,0,0,0,0,0,1,1,1,1,30,6,2188,2,8,7,1,7
201643R115026,2,9,0,3,0,0,0,0,0,0,2,1,6,2,37,7,2199,2,6,4,1,4
201643R115056,1,9,0,5,0,4,0,0,0,0,1,1,2,2,34,6,1919,2,8,10,1,10
201643R115056,2,1,0,9,0,8,0,0,0,0,1,1,2,1,27,6,-1,-1,-1,10,1,10
201643R115076,1,9,0,18,0,0,0,0,0,0,1,1,6,1,-1,-1,-1,-1,-1,-1,-1,-1
201643R115076,2,9,0,18,0,0,0,0,0,0,2,1,1,1,41,7,1896,2,8,5,1,5
201643R115086,1,9,0,14,0,0,0,0,0,0,4,1,6,3,-1,-1,2400,2,7,-1,-1,-1
201643R115086,2,19,0,2,0,0,0,0,0,0,3,1,6,1,42,7,1998,2,11,7,1,7
201643R116036,1,19,0,14,0,0,0,0,0,0,4,1,6,1,-1,-1,-1,-1,-1,-1,-1,-1
201643R116036,2,9,0,2,0,0,0,0,0,0,3,1,6,1,32,6,1596,1,11,5,1,5
201643R116056,1,5,0,18,0,0,1,0,1,9,1,1,6,1,32,6,675,1,2,6,3,6
201643R117026,1,9,0,17,0,8,0,0,0,0,1,1,6,2,43,7,1318,1,-1,10,1,10
201643R117026,2,9,0,17,0,8,0,0,0,0,1,1,6,1,89,11,1796,1,9,10,1,10
201643R117036,1,9,0,7,0,5,0,0,0,0,1,1,6,1,-1,-1,-1,-1,-1,-1,-1,-1
201643R117036,2,1,0,18,0,8,0,0,0,0,2,1,6,1,42,7,-1,-1,-1,5,1,5
201643R117056,1,9,0,18,0,1,0,0,0,0,1,1,6,1,63,9,1386,1,4,9,1,9
201643R117056,2,9,0,4,0,1,0,0,0,0,2,1,6,1,74,10,2000,1,11,7,3,7
201643R117056,3,9,0,3,0,1,0,0,0,0,2,1,6,2,63,9,1560,2,1,9,3,9
201643R118026,1,9,0,7,0,3,1,0,5,6,1,1,6,1,21,5,1150,1,11,4,1,4
201643R118046,1,9,0,18,0,1,0,0,0,0,1,1,6,1,31,6,1196,1,20,8,2,8
201643R118046,2,8,0,7,0,8,0,0,0,0,2,1,1,2,25,5,-1,-1,-1,5,1,5
201643R118056,1,9,0,18,0,0,0,0,0,0,3,1,6,1,65,9,1997,1,15,2,1,2
201643R118066,1,9,0,18,0,0,0,0,2,7,4,1,6,1,41,7,2480,1,-1,8,3,8
201643R118086,1,8,0,4,0,0,0,0,0,0,3,1,1,1,57,9,1910,2,7,7,1,7
201643R118086,2,1,0,18,0,0,0,0,0,0,1,1,6,1,19,4,-1,-1,-1,10,1,10
201643R119056,1,5,0,18,0,1,1,0,1,10,1,1,2,1,33,6,600,1,14,10,2,10
201643R121046,1,9,0,9,0,8,0,0,0,0,1,1,2,2,43,7,1596,1,15,8,1,8
201643R121046,2,1,0,18,0,8,0,0,0,0,1,1,6,2,31,6,-1,-1,-1,9,1,9
201643R121056,1,9,0,4,0,0,0,0,0,0,4,1,2,2,33,6,998,1,2,5,1,5
201643R121056,2,9,0,4,0,0,0,0,0,0,3,1,2,2,23,5,1248,1,7,4,1,4
201643R121066,1,9,0,18,0,0,0,0,0,0,1,1,6,2,35,6,1389,1,12,9,1,9
201643R121066,2,9,0,18,0,0,0,0,0,0,2,1,6,1,69,10,4367,2,1,9,3,9
201643R121066,3,8,0,18,0,0,0,0,0,0,2,1,6,1,46,8,-1,-1,-1,10,1,10
201643R121066,4,9,0,18,0,0,0,0,0,0,2,1,6,1,44,7,1999,2,1,5,3,5
201643R124036,1,9,0,2,0,0,0,0,0,0,3,1,1,1,47,8,2401,2,9,4,1,4
201643R124036,2,1,0,14,0,0,0,8,0,0,1,1,6,2,37,7,-1,-1,-1,7,1,7
201643R124056,1,9,0,18,0,0,0,0,0,0,4,1,6,2,51,8,2720,2,10,-1,-1,-1
201643R124086,1,9,0,16,0,0,1,0,0,4,1,1,6,2,46,8,1398,1,1,10,2,10
201643R125036,1,9,0,10,0,1,0,0,0,0,1,1,6,1,32,6,1968,2,7,8,1,8
201643R125036,2,9,0,3,0,1,0,0,0,0,2,1,6,2,42,7,1796,1,6,8,1,8
201643R125036,3,9,0,18,0,1,0,0,0,0,2,1,6,1,45,7,-1,-1,-1,8,1,8
201643R126066,1,9,0,18,0,0,1,0,5,6,1,1,6,1,21,5,1598,1,10,4,1,4