Accident_Index,Vehicle_Reference,Vehicle_Type,Towing_and_Articulation,Vehicle_Manoeuvre,Vehicle_Location-Restricted_Lane,Junction_Location,Skidding_and_Overturning,Hit_Object_in_Carriageway,Vehicle_Leaving_Carriageway,Hit_Object_off_Carriageway,1st_Point_of_Impact,Was_Vehicle_Left_Hand_Drive?,Journey_Purpose_of_Driver,Sex_of_Driver,Age_of_Driver,Age_Band_of_Driver,Engine_Capacity_(CC),Propulsion_Code,Age_of_Vehicle,Driver_IMD_Decile,Driver_Home_Area_Type,Vehicle_IMD_Decile
201643R237016,2,9,0,14,0,1,0,0,0,0,1,1,3,2,29,6,1598,1,11,7,1,7
201643R237066,1,9,0,18,0,0,0,0,0,0,1,1,6,2,87,11,1242,1,13,5,1,5
201643R237066,2,19,0,4,0,0,0,0,0,0,2,1,1,1,39,7,2198,2,-1,3,1,3
201643R237066,3,19,0,3,0,0,0,0,0,0,2,1,1,1,47,8,1995,2,3,2,1,2
201643R238016,1,9,0,9,0,4,0,0,0,0,3,1,3,2,56,9,-1,-1,-1,8,1,8
201643R238016,2,1,0,18,0,8,0,0,0,0,1,1,1,1,41,7,-1,-1,-1,5,1,5
201643R238066,1,9,0,11,0,0,0,0,0,0,1,1,1,1,30,6,1995,2,10,5,1,5
201643R238066,2,9,0,3,0,0,0,0,0,0,2,1,6,1,29,6,1769,1,14,6,1,6
201643R238066,3,9,0,3,0,0,0,0,0,0,2,1,6,1,30,6,1598,1,13,7,1,7
201643R239016,1,9,0,18,0,1,0,0,0,0,1,1,6,3,-1,-1,1397,1,9,-1,-1,-1
201643R239016,2,9,0,3,0,1,0,0,0,0,2,1,6,2,37,7,1587,1,10,10,1,10
201643R239066,1,9,0,1,9,8,0,0,0,0,4,1,2,2,35,6,1598,1,2,5,1,5
201643R239066,2,1,0,18,9,8,0,0,0,0,1,1,6,1,14,3,-1,-1,-1,8,1,8
201643R240016,1,9,0,11,0,0,0,0,0,0,1,1,6,1,48,8,1974,2,17,4,1,4
201643R240016,2,10,0,3,0,0,0,0,0,0,2,1,6,2,21,5,2198,2,1,10,1,10
201643R240016,3,9,0,3,0,0,0,0,0,0,2,1,6,2,35,6,1597,1,18,4,1,4
201643R242016,1,9,0,18,0,0,0,0,0,0,1,1,6,2,56,9,-1,-1,-1,10,1,10
201643R242016,2,9,0,18,0,0,0,0,0,0,2,1,6,1,53,8,-1,-1,-1,8,1,8
201643R243066,1,9,0,6,0,8,0,0,0,0,1,1,1,1,39,7,-1,-1,-1,7,1,7
201643R243066,2,3,0,18,0,8,0,0,0,0,1,1,6,1,19,4,124,1,9,6,1,6
201643R244066,1,8,0,4,0,0,0,0,0,0,1,1,1,1,38,7,-1,-1,-1,4,1,4
201643R244066,2,9,0,4,0,0,0,0,0,0,2,1,2,1,33,6,1598,1,8,4,1,4
201643R245066,1,1,0,18,0,1,0,0,0,0,1,1,1,2,34,6,-1,-1,-1,3,1,3
201643R246066,1,9,0,4,0,0,0,0,0,0,1,1,1,1,40,7,1596,1,4,7,1,7
201643R247066,1,9,0,9,0,2,1,0,1,4,4,1,6,1,17,4,1242,1,9,10,1,10
201643R247076,1,9,0,18,0,0,0,0,0,0,4,1,1,1,44,7,1798,1,11,3,1,3
201643R248066,1,9,0,9,0,6,0,0,0,0,4,1,6,1,-1,-1,-1,-1,-1,-1,-1,-1
201643R248066,2,1,0,18,0,8,0,0,0,0,3,1,2,1,29,6,-1,-1,-1,10,1,10
201643R249076,1,9,0,18,0,4,0,0,0,0,3,1,6,1,28,6,1997,2,13,7,1,7
201643R249076,2,9,0,18,0,8,0,0,0,0,1,1,6,2,29,6,1591,1,-1,8,1,8
201643R250076,1,9,0,11,0,0,0,0,0,0,1,1,2,1,54,8,-1,3,1,-1,-1,-1
201643R250076,2,9,0,2,0,0,0,0,0,0,2,1,6,2,43,7,1968,2,8,9,1,9
201643R251066,1,5,0,18,0,8,0,0,0,0,3,1,6,1,40,7,599,1,15,10,1,10
201643R251066,2,9,0,9,0,6,0,0,0,0,2,1,6,2,55,8,2993,2,10,10,1,10
201643R251076,1,9,0,18,0,2,0,0,0,0,1,1,6,1,25,5,1396,2,-1,6,3,6
201643R251076,2,9,0,12,0,2,0,0,0,0,2,1,1,1,33,6,1797,8,5,8,1,8
201643R252076,1,9,0,9,0,6,0,0,0,0,1,1,2,2,27,6,1242,1,7,10,1,10
201643R252076,2,9,0,18,0,8,0,0,0,0,3,1,2,2,38,7,1598,2,1,10,1,10
201643R257066,1,9,0,18,0,0,0,0,0,0,2,1,1,1,-1,-1,2698,2,9,10,1,10
201643R257066,2,1,0,18,0,0,0,0,1,0,1,1,1,1,32,6,-1,-1,-1,9,1,9
201643R258076,1,8,0,7,5,5,0,0,0,0,1,1,1,1,46,8,1910,2,7,4,1,4
201643R258076,2,1,0,18,5,8,0,0,0,0,1,1,6,1,33,6,-1,-1,-1,3,1,3
201643R259076,1,9,0,14,0,0,1,0,0,0,1,1,6,1,30,6,2792,1,23,-1,-1,-1
201643R259076,2,21,4,18,0,0,0,0,0,0,1,1,1,1,55,8,6700,2,3,3,1,3
201643R261076,1,9,0,4,0,8,0,0,0,0,1,1,6,1,26,6,1998,2,4,4,1,4
201643R261076,2,9,0,5,0,8,0,0,0,0,1,1,6,1,54,8,1461,2,6,5,1,5
201643R267076,1,21,0,7,0,2,0,0,0,0,1,1,6,3,-1,-1,-1,-1,-1,-1,-1,-1
201643R267076,2,9,0,18,0,1,0,0,0,0,3,1,6,1,43,7,1390,1,10,3,1,3
201643R269076,1,9,0,2,0,0,0,0,0,0,3,1,6,1,-1,-1,1896,2,9,-1,-1,-1
201643R269076,2,1,0,18,0,0,0,0,0,0,4,1,6,1,39,7,-1,-1,-1,7,1,7
201643R270076,1,9,0,18,0,0,1,0,2,7,3,1,6,2,26,6,1598,1,15,-1,-1,-1
201643R270076,2,9,0,18,0,0,2,0,0,0,1,1,6,1,67,10,1299,1,15,8,1,8
201643R271076,1,9,0,18,9,0,0,10,3,10,1,1,6,1,71,10,2143,2,7,10,1,10
201643R271076,2,9,0,2,6,0,0,0,0,0,4,1,6,3,-1,-1,3984,1,5,-1,-1,-1
201643R271076,3,9,0,2,6,0,0,0,0,0,4,1,6,3,-1,-1,2993,2,2,-1,-1,-1
201643R273076,1,9,0,18,0,0,0,0,0,0,1,1,6,1,53,8,1086,1,11,10,1,10
201643R273076,2,9,0,3,0,0,0,0,0,0,2,1,6,1,60,9,2261,1,10,4,1,4
201643R273076,3,9,0,3,0,0,0,0,0,0,2,1,6,2,35,6,1968,2,1,6,2,6
201643R274076,1,9,0,18,0,1,5,0,0,0,1,1,6,1,42,7,898,1,1,9,1,9
201643R277076,1,20,0,17,0,8,5,0,1,9,4,1,1,1,49,8,3920,2,7,5,1,5
201643R279076,1,19,0,4,0,0,0,0,0,0,1,1,6,1,41,7,1998,2,10,6,1,6
201643R279076,2,9,0,4,0,0,0,0,0,0,2,1,6,1,19,4,1995,2,8,5,2,5
201643R284076,1,9,0,9,0,8,0,0,0,0,1,1,6,1,27,6,2993,2,-1,5,1,5
201643R284076,2,9,0,18,0,8,0,0,0,0,3,1,6,2,41,7,1364,1,-1,3,1,3
201643R284076,3,9,0,18,0,1,0,0,0,0,1,1,6,2,25,5,1900,2,14,6,1,6
201643S001046,1,9,0,6,0,0,0,0,0,0,3,1,6,1,32,6,2231,2,10,9,3,9
201643S001046,2,5,0,14,0,0,0,0,0,0,1,1,6,1,48,8,1170,1,6,9,3,9
201643S002046,1,9,0,18,0,8,0,0,0,0,3,1,6,1,37,7,1398,1,2,10,1,10
201643S002046,2,9,0,18,0,8,0,0,0,0,4,1,6,2,40,7,1969,1,-1,4,1,4
201643S002076,1,9,0,9,0,8,0,0,0,0,4,1,6,1,33,6,1596,1,13,9,1,9
201643S002076,2,1,0,18,0,1,0,0,0,0,1,1,6,1,53,8,-1,-1,-1,10,1,10
201643S003026,1,9,0,4,0,0,0,0,0,0,1,1,6,2,40,7,2179,2,4,8,1,8
201643S003026,2,9,0,2,0,0,0,0,0,0,2,1,6,1,42,7,1461,2,1,8,1,8
201643S003026,3,9,0,2,0,0,0,0,0,0,2,1,6,1,44,7,1968,2,1,8,1,8
201643S003076,1,9,0,9,0,8,0,0,0,0,1,1,2,1,32,6,1896,2,10,7,1,7
201643S003076,2,9,0,18,0,1,0,0,0,0,1,1,6,1,47,8,1968,2,7,10,2,10
201643S004076,1,9,0,5,0,1,0,0,0,0,1,1,2,2,60,9,1560,2,7,9,3,9
201643S004076,2,9,0,3,0,1,0,0,0,0,2,1,6,2,40,7,996,1,7,8,1,8
201643S005016,1,9,0,18,0,3,5,0,1,7,1,1,6,3,-1,-1,1686,2,12,-1,-1,-1
201643S005076,1,9,0,18,0,1,0,0,0,0,1,1,6,2,64,9,1991,2,7,7,1,7
201643S005076,2,9,0,3,0,1,0,0,0,0,2,1,6,2,37,7,1596,1,12,7,1,7
201643S006036,1,9,0,9,0,6,0,0,0,0,3,1,6,2,30,6,1598,1,4,8,1,8
201643S006036,2,9,0,18,0,1,0,0,7,2,1,1,6,2,18,4,1242,1,3,-1,-1,-1
201643S006066,1,9,0,18,0,8,1,0,4,6,4,1,2,1,23,5,1124,1,16,8,1,8
201643S007016,1,9,0,18,0,8,0,0,3,1,1,1,6,1,36,7,2687,1,9,8,1,8
201643S007056,1,9,0,18,0,0,0,0,0,0,1,1,6,2,-1,-1,-1,-1,-1,-1,-1,-1
201643S007056,2,9,0,18,0,0,0,0,0,0,2,1,6,1,22,5,1596,1,5,8,3,8
201643S007076,1,9,0,9,0,8,0,0,0,0,1,1,6,1,23,5,1995,2,14,8,1,8
201643S007076,2,5,0,18,0,1,0,0,0,0,1,1,6,1,24,5,599,1,16,5,1,5
201643S007086,1,9,0,18,0,0,0,0,0,0,3,1,6,2,18,4,1242,1,11,4,1,4
201643S007086,2,10,0,18,0,0,0,0,0,0,3,1,1,1,49,8,2198,2,1,2,1,2
201643S007086,3,9,0,18,0,0,0,0,0,0,1,1,6,1,47,8,-1,3,-1,8,1,8
201643S008066,1,8,0,5,0,4,0,0,1,0,1,1,1,1,33,6,2143,2,4,3,1,3
201643S008066,2,9,0,18,0,8,0,0,1,0,1,1,2,1,25,5,1799,1,18,3,1,3
201643S008076,1,9,0,9,0,8,0,0,0,0,4,1,6,2,26,6,1686,2,12,2,1,2
201643S008076,2,9,0,18,0,1,0,0,0,0,1,1,2,1,53,8,1796,1,9,2,1,2
201643S008086,1,9,0,18,0,0,0,0,0,0,1,1,6,1,31,6,1199,1,13,5,1,5
201643S008086,2,9,0,3,0,0,0,0,0,0,2,1,6,2,33,6,796,1,11,5,1,5
201643S009016,1,9,0,18,0,4,0,0,0,0,1,1,6,1,-1,-1,1329,1,3,-1,-1,-1
201643S009016,2,1,0,18,0,3,0,0,0,0,4,1,1,1,32,6,-1,-1,-1,10,2,10
201643S009076,1,9,0,18,0,1,0,0,0,0,1,1,6,1,56,9,1560,2,6,7,1,7
201643S009076,2,9,0,10,0,1,0,0,0,0,2,1,6,2,19,4,1198,1,5,10,1,10
201643S010086,1,9,0,18,0,0,0,0,0,0,4,1,6,1,-1,-1,-1,-1,-1,-1,-1,-1
201643S011036,1,9,0,18,0,1,0,0,0,0,4,1,6,1,-1,-1,1398,1,1,-1,-1,-1
201643S011036,2,1,0,18,0,1,0,0,0,0,2,1,1,1,38,7,-1,-1,-1,4,1,4
201643S011086,1,9,0,18,0,0,2,0,1,0,1,1,1,1,41,7,1997,2,15,8,3,8
201643S011086,2,17,5,18,0,0,0,0,1,7,2,1,1,1,64,9,4400,2,11,7,3,7
201643S012056,1,9,0,18,0,0,0,0,1,7,1,1,6,1,37,7,1598,1,7,-1,-1,-1
201643S013036,1,9,0,18,6,0,0,4,1,0,1,1,6,1,51,8,2179,2,2,10,2,10
201643S013036,2,21,1,2,6,0,0,0,0,0,2,1,1,1,66,10,12740,2,2,5,3,5
201643S013056,1,9,0,18,0,0,0,0,0,0,3,1,3,2,36,7,998,1,13,8,1,8
201643S013056,2,9,0,14,0,0,0,0,0,0,1,1,2,2,31,6,1596,1,13,6,1,6
201643S013086,1,1,0,18,0,1,0,0,0,0,4,1,6,1,50,8,-1,-1,-1,-1,-1,-1
201643S013086,2,9,0,18,0,1,0,0,0,0,1,1,6,2,50,8,1461,2,4,10,1,10
201643S014016,1,9,0,18,0,0,0,0,0,0,1,1,6,1,45,7,1596,1,9,8,1,8
201643S014016,2,19,0,2,0,0,0,0,0,0,1,1,6,3,-1,-1,-1,-1,-1,-1,-1,-1
201643S015066,1,9,0,18,0,0,0,0,0,0,1,1,6,1,71,10,1948,1,13,8,1,8
201643S015066,2,21,1,18,0,0,0,0,0,0,2,1,1,1,52,8,12902,2,1,6,2,6
201643S016016,1,9,0,9,0,6,0,0,0,0,3,1,6,2,51,8,1493,2,6,2,1,2
201643S016016,2,9,0,18,0,1,0,0,0,0,1,1,6,2,49,8,1364,1,10,2,1,2
201643S016016,3,19,0,10,0,8,0,0,0,0,1,1,6,1,46,8,1968,2,1,9,2,9
201643S016036,1,9,0,2,0,2,0,0,0,0,2,1,6,2,43,7,993,1,16,1,1,1
201643S016036,2,9,0,18,0,2,0,0,0,0,1,1,6,1,86,11,1329,1,2,9,1,9
201643S018026,1,9,0,12,0,8,0,0,0,0,3,1,6,1,61,9,1798,1,15,-1,-1,-1
201643S018026,2,9,0,18,0,8,0,0,0,0,1,1,6,1,27,6,1582,2,8,6,1,6
201643S018056,1,9,0,18,0,3,0,0,0,0,-1,1,6,1,-1,-1,2198,2,1,9,3,9
201643S018056,2,9,0,18,0,3,0,0,0,0,-1,1,3,2,38,7,1984,1,1,5,1,5
201643S018086,1,4,0,17,0,0,0,10,0,0,1,1,6,1,29,6,124,1,-1,2,1,2
201643S019036,1,9,0,18,0,0,0,0,0,0,1,1,6,2,56,9,1199,1,14,7,1,7
201643S019036,2,9,0,18,0,0,0,0,0,0,2,1,1,2,59,9,1560,2,1,8,3,8
201643S019066,1,9,0,18,0,0,2,0,5,6,3,1,6,1,36,7,2495,2,15,3,1,3
201643S020056,1,5,0,18,0,0,1,0,0,0,4,1,6,1,59,9,649,1,6,9,1,9
201643S020076,1,9,0,18,0,1,0,0,0,0,1,1,2,2,32,6,998,1,3,2,1,2
201643S020076,2,9,0,5,0,6,0,0,0,0,2,1,2,1,43,7,1587,1,15,5,1,5
201643S020086,1,9,0,9,0,8,0,0,0,0,1,1,2,1,60,9,1686,2,12,7,1,7
201643S020086,2,9,0,18,0,1,0,0,1,0,1,1,2,2,52,8,1997,2,9,5,1,5
201643S021056,1,1,0,9,0,2,0,0,0,0,1,1,6,1,29,6,-1,-1,-1,-1,-1,-1
201643S021056,2,9,0,18,0,1,0,0,0,0,4,1,6,3,-1,-1,-1,-1,-1,-1,-1,-1
201643S021066,1,9,0,18,0,1,0,0,0,0,4,1,6,1,-1,-1,-1,-1,-1,-1,-1,-1
201643S021066,2,1,0,18,0,1,0,0,0,0,1,1,6,2,11,3,-1,-1,-1,2,1,2
201643S021086,1,9,0,18,0,0,0,0,0,0,1,1,6,1,25,5,1242,1,2,10,1,10
201643S021086,2,9,0,18,0,0,0,0,0,0,2,1,6,1,33,6,1390,1,8,3,1,3
201643S022016,1,9,0,9,0,8,0,0,7,2,4,1,2,1,18,4,1229,1,3,6,2,6
201643S022016,2,9,0,18,0,1,0,0,0,0,1,1,1,1,55,8,1997,2,4,9,2,9
201643S022056,1,9,0,18,0,4,0,0,0,0,1,1,1,2,39,7,1685,2,4,10,1,10
201643S022056,2,9,0,18,0,8,0,10,0,10,4,1,6,2,84,11,1248,1,4,9,1,9
201643S023026,1,9,0,18,0,1,0,0,0,0,1,1,6,1,25,5,1896,2,8,7,1,7
201643S023066,1,1,0,18,0,1,0,0,1,1,1,1,6,1,45,7,-1,-1,-1,6,3,6
201643S023066,2,9,0,18,0,1,0,0,0,0,0,1,6,1,31,6,1968,2,-1,7,1,7
201643S024016,1,21,4,18,0,1,0,0,0,0,1,1,1,1,33,6,12900,2,7,8,3,8
201643S024016,2,9,0,3,0,1,0,0,3,0,2,1,6,1,57,9,-1,-1,-1,9,1,9
201643S024056,1,9,0,18,0,4,0,9,3,1,1,1,6,2,70,10,998,1,8,8,1,8
201643S024056,2,9,0,18,0,8,0,0,0,0,4,1,6,1,26,6,1500,1,24,2,1,2
201643S024076,1,9,0,2,0,0,0,0,0,0,4,1,6,3,-1,-1,998,1,3,3,1,3
201643S024076,2,1,0,18,9,0,0,0,0,0,1,1,6,1,16,4,-1,-1,-1,9,2,9
201643S025046,1,9,0,9,0,8,0,0,0,0,1,1,2,1,25,5,1461,2,-1,10,2,10
201643S025046,2,9,0,18,0,1,0,0,0,0,1,1,2,2,27,6,2143,2,1,8,1,8
201643S026016,1,21,1,18,0,0,0,0,0,0,1,1,1,1,40,7,11967,2,5,5,1,5
201643S026016,2,9,0,18,0,0,0,0,0,0,1,1,6,1,24,5,1999,1,9,7,1,7
201643S026016,3,9,0,18,0,0,0,0,0,0,1,1,6,1,74,10,1242,1,7,9,1,9
201643S026046,1,9,0,18,0,0,0,0,1,6,1,1,6,2,31,6,1997,2,13,10,2,10
201643S026066,1,9,0,18,0,0,0,0,1,4,1,1,6,1,62,9,1598,1,10,2,1,2
201643S026076,1,9,0,17,0,0,0,0,1,0,1,1,2,2,35,6,1598,1,15,2,1,2
201643S026086,1,5,0,16,0,2,0,0,0,0,1,1,6,1,30,6,929,1,16,5,2,5
201643S026086,2,9,0,17,0,1,0,0,0,0,1,1,6,2,71,10,1341,1,12,10,2,10
201643S027016,1,9,0,5,0,1,0,0,0,0,1,1,1,2,33,6,1242,1,2,9,3,9
201643S027016,2,9,0,3,0,1,0,0,0,0,2,1,6,2,40,7,2400,2,2,9,3,9
201643S027026,1,9,0,12,0,8,0,0,0,0,3,1,6,1,-1,-1,2976,1,13,10,1,10
201643S027026,2,9,0,18,0,8,1,10,1,10,4,1,6,2,44,7,1999,2,1,7,1,7
201643S027036,1,9,0,9,0,4,0,0,0,0,-1,1,6,1,45,7,1753,2,12,-1,-1,-1
201643S027036,2,9,0,18,0,4,0,0,0,0,-1,1,6,1,36,7,1797,8,3,4,1,4
201643S027046,1,98,1,9,0,8,0,0,0,0,1,2,1,1,59,9,-1,-1,-1,-1,-1,-1
201643S027046,2,9,0,18,0,3,5,0,0,0,1,1,6,2,65,9,1598,1,8,8,3,8
201643S027086,1,1,0,18,0,6,0,0,0,0,1,1,6,1,-1,-1,-1,-1,-1,-1,-1,-1
201643S027086,2,9,0,18,0,1,0,0,0,0,3,1,6,2,50,8,998,1,1,7,1,7
201643S028016,1,5,0,18,0,8,0,0,3,0,4,1,6,2,21,5,599,1,6,8,1,8
201643S028016,2,9,0,18,0,8,0,0,0,0,3,1,6,2,34,6,1997,2,12,5,1,5
201643S028066,1,19,0,18,0,8,0,0,0,0,3,1,2,1,33,6,1998,2,15,1,1,1
201643S028066,2,9,0,18,0,8,0,0,0,0,4,1,6,1,27,6,2143,2,4,9,1,9
201643S028076,1,9,0,9,0,6,0,0,0,0,3,1,6,2,64,9,1329,1,5,3,1,3
201643S028076,2,3,0,18,0,1,0,0,0,0,1,1,6,1,74,10,124,1,4,4,1,4
201643S029016,1,9,0,18,0,0,0,0,0,1,1,1,6,2,25,5,1399,1,8,10,3,10
201643S029056,1,9,0,18,0,3,0,0,0,0,0,1,6,3,-1,-1,-1,-1,-1,-1,-1,-1
201643S029056,2,9,0,18,0,3,0,0,0,0,2,1,6,1,21,5,1998,1,9,-1,-1,-1
201643S029056,3,9,0,18,0,3,0,0,0,0,1,1,6,2,25,5,1598,1,5,5,1,5
201643S029076,1,9,0,7,0,6,0,0,0,0,3,1,1,2,35,6,1685,2,3,9,3,9
201643S029076,2,1,0,18,0,8,0,0,0,0,4,1,6,1,34,6,-1,-1,-1,-1,-1,-1
201643S030016,1,9,0,18,0,4,0,0,0,0,1,1,6,3,-1,-1,1998,2,11,-1,-1,-1
201643S030016,2,9,0,18,0,8,0,0,0,0,4,1,1,1,28,6,1339,8,6,1,1,1
201643S030026,1,9,0,18,0,0,1,0,0,0,1,1,6,2,18,4,1299,1,14,4,1,4
201643S030026,2,9,0,3,0,0,0,0,0,0,2,1,6,2,65,9,1595,1,5,8,1,8
201643S030046,1,5,0,7,0,5,1,10,8,1,3,1,6,1,42,7,-1,-1,-1,8,1,8
201643S030056,1,8,0,2,0,2,0,0,0,0,0,1,1,1,35,6,-1,-1,-1,-1,-1,-1
201643S030066,1,9,0,18,0,4,0,0,0,0,1,1,6,1,86,11,1396,1,6,9,1,9
201643S030066,2,1,0,18,0,8,0,0,0,0,4,1,2,1,49,8,-1,-1,-1,9,1,9
201643S030076,1,9,0,18,0,8,0,0,0,0,3,1,1,2,43,7,1968,2,2,8,3,8
201643S030076,2,5,0,9,0,8,0,0,0,0,1,1,1,1,48,8,1352,1,4,8,3,8
201643S031026,1,9,0,18,0,0,0,0,0,0,1,1,1,2,20,4,1395,1,1,7,3,7
201643S031026,2,9,0,18,0,0,0,0,0,0,1,1,6,1,69,10,2148,2,13,3,1,3
201643S031066,1,9,0,9,0,8,0,0,0,0,1,1,1,1,44,7,1339,1,12,2,1,2
201643S031066,2,9,0,18,0,1,0,0,1,7,1,1,6,2,20,4,1398,1,3,9,3,9
201643S032066,1,11,0,18,0,0,0,0,0,0,3,1,1,1,35,6,3900,2,12,2,1,2
201643S033016,1,9,0,4,0,1,0,0,0,0,1,1,1,1,32,6,1997,2,4,-1,-1,-1
201643S033016,2,9,0,3,0,1,0,0,0,0,2,1,1,2,31,6,1496,1,1,7,1,7
201643S033056,1,11,0,18,0,0,0,0,0,0,1,1,1,1,29,6,4250,2,8,8,1,8
201643S034016,1,9,0,18,0,0,0,0,0,0,1,1,6,2,37,7,1248,2,4,5,1,5
201643S034016,2,9,0,4,0,0,0,0,0,0,2,1,6,1,54,8,1300,1,14,5,1,5
201643S034056,1,9,0,7,0,5,0,0,0,0,1,1,2,1,43,7,1896,2,8,3,1,3
201643S034066,1,9,0,9,0,6,0,0,0,0,1,1,6,2,28,6,1229,1,7,6,1,6
201643S034066,2,5,0,18,0,1,0,0,0,0,1,1,6,1,22,5,599,1,10,10,1,10
201643S035046,1,9,0,18,0,0,0,0,0,0,1,1,6,1,51,8,1560,2,5,9,2,9
201643S035046,2,9,0,18,0,0,0,0,0,0,1,1,6,2,47,8,4196,1,8,9,2,9
201643S035046,3,9,0,18,0,0,0,0,0,0,2,1,6,1,52,8,2400,2,1,10,1,10
201643S036016,1,9,0,16,0,0,1,0,1,4,1,1,6,1,31,6,1596,1,12,2,1,2
201643S036036,1,3,0,18,0,1,1,0,0,0,4,1,2,1,19,4,125,1,1,7,3,7
201643S036046,1,19,0,18,0,0,0,4,7,11,3,1,6,1,32,6,2151,2,14,8,2,8
201643S036046,2,9,0,2,0,0,0,0,0,0,4,1,6,1,-1,-1,2720,2,10,7,2,7
201643S036056,1,9,0,18,0,0,0,0,7,4,1,1,6,1,59,9,1328,1,12,9,1,9
201643S036056,2,9,0,18,0,0,0,0,0,0,3,1,6,1,65,9,1956,2,5,4,1,4
201643S036086,1,19,0,5,0,4,0,0,0,0,3,1,2,1,59,9,2198,2,8,7,1,7
201643S036086,2,3,0,18,0,8,0,0,0,0,1,1,6,1,18,4,125,1,1,4,1,4
201643S037016,1,9,0,12,0,2,0,0,0,0,2,1,6,1,63,9,1796,1,9,2,1,2
201643S037016,2,9,0,18,0,2,0,0,0,0,1,1,6,1,22,5,1990,1,24,5,1,5
201643S038016,1,9,0,4,0,1,0,0,0,0,1,1,2,2,36,7,998,1,4,3,1,3
201643S038016,2,9,0,3,0,1,0,0,0,0,2,1,2,1,30,6,2993,2,11,4,1,4
201643S038026,1,9,0,18,0,0,0,0,0,0,2,1,3,2,37,7,1296,1,10,4,1,4
201643S038026,2,9,0,18,0,0,0,0,0,0,1,1,2,1,31,6,1598,1,10,2,1,2
201643S038046,1,9,0,18,0,4,0,0,0,0,1,1,1,1,32,6,1995,2,11,5,1,5
201643S038046,2,3,0,18,0,8,0,0,0,0,1,1,6,1,31,6,124,1,2,6,2,6
201643S039016,1,10,0,18,0,0,0,0,7,0,1,1,1,1,65,9,-1,-1,-1,5,1,5
201643S039016,2,9,0,18,0,0,0,0,1,0,1,1,6,1,60,9,1396,1,6,7,1,7
201643S039016,3,9,0,18,0,0,0,0,1,0,1,1,6,2,66,10,2435,1,15,7,3,7
201643S039046,1,9,0,9,0,6,0,0,0,0,1,1,6,2,20,4,1242,1,6,-1,-1,-1
201643S039046,2,9,0,18,0,1,0,0,0,0,1,1,6,2,20,4,1206,1,3,-1,-1,-1
201643S040016,1,9,0,18,0,1,0,0,0,0,1,1,6,2,52,8,2179,2,3,9,1,9
201643S040016,2,11,0,2,0,1,0,0,0,0,2,1,1,1,34,6,5883,2,15,2,1,2
201643S040016,3,9,0,18,0,1,0,0,0,0,1,1,6,1,54,8,1796,1,9,10,1,10
201643S040016,4,19,0,18,0,1,0,0,0,0,4,1,1,1,41,7,2198,2,1,9,1,9
201643S040016,5,9,0,18,0,1,0,0,0,0,1,1,6,1,66,10,2495,2,17,5,1,5
201643S040026,1,9,0,9,0,8,0,0,0,0,1,1,2,1,37,7,2000,2,12,9,2,9
201643S040026,2,9,0,18,0,1,0,0,0,0,1,1,3,1,27,6,1587,1,13,7,1,7
201643S040036,1,9,0,5,0,4,0,0,0,0,3,1,2,2,24,5,1298,1,16,7,1,7
201643S040036,2,3,0,18,0,8,0,0,0,0,1,1,2,1,17,4,124,1,11,7,1,7
201643S040086,1,21,1,18,0,4,0,0,0,0,1,1,6,1,38,7,12902,2,2,-1,-1,-1
201643S040086,2,3,0,18,0,8,0,0,0,0,4,1,6,1,17,4,124,1,8,9,1,9
201643S041026,1,9,0,18,0,1,0,0,0,0,1,1,6,1,19,4,1997,2,11,3,1,3
201643S041026,2,9,0,18,0,1,0,0,0,0,2,1,6,1,48,8,2996,1,8,-1,-1,-1
201643S041076,1,9,0,18,0,4,0,0,0,0,1,1,6,1,43,7,1995,2,10,9,1,9
201643S041076,2,9,0,18,0,8,0,0,0,0,4,1,6,2,35,6,1984,1,12,5,1,5
201643S042046,1,11,0,18,0,0,0,10,8,1,1,1,1,1,45,7,-1,-1,-1,8,1,8
201643S042076,1,9,0,18,0,8,0,0,0,0,4,1,6,1,35,6,-1,-1,-1,-1,-1,-1
201643S042076,2,1,0,18,0,6,0,0,0,0,1,1,6,1,23,5,-1,-1,-1,3,1,3
201643S043026,1,9,0,18,0,4,1,9,3,1,1,1,6,1,82,11,1998,1,12,4,1,4
201643S043066,1,8,0,18,0,0,0,0,0,0,1,1,6,1,-1,-1,-1,-1,-1,-1,-1,-1
201643S044056,1,3,0,18,0,0,0,0,0,0,4,1,2,1,30,6,124,1,16,9,1,9
201643S044076,1,9,0,12,0,0,0,0,0,0,0,1,6,2,34,6,1998,1,9,7,1,7
201643S044076,2,5,0,18,0,0,1,0,0,0,0,1,2,1,19,4,689,1,2,9,1,9
201643S045056,1,9,0,9,0,8,0,0,0,0,4,1,1,1,28,6,1242,1,-1,10,1,10
201643S045056,2,9,0,18,0,1,0,0,0,0,1,1,6,1,19,4,1124,1,16,2,1,2
201643S045066,1,9,0,18,0,1,0,9,3,0,1,1,6,1,29,6,3000,1,23,9,1,9
201643S045066,2,9,0,4,0,1,0,0,0,0,0,1,6,1,37,7,5461,1,2,10,1,10