Accident_Index,Vehicle_Reference,Vehicle_Type,Towing_and_Articulation,Vehicle_Manoeuvre,Vehicle_Location-Restricted_Lane,Junction_Location,Skidding_and_Overturning,Hit_Object_in_Carriageway,Vehicle_Leaving_Carriageway,Hit_Object_off_Carriageway,1st_Point_of_Impact,Was_Vehicle_Left_Hand_Drive?,Journey_Purpose_of_Driver,Sex_of_Driver,Age_of_Driver,Age_Band_of_Driver,Engine_Capacity_(CC),Propulsion_Code,Age_of_Vehicle,Driver_IMD_Decile,Driver_Home_Area_Type,Vehicle_IMD_Decile
201643S045076,1,21,1,18,0,0,1,0,0,0,1,1,1,1,57,9,12419,2,1,5,3,5
201643S045076,2,9,0,3,0,0,0,0,0,0,2,1,2,1,61,9,1248,2,2,10,1,10
201643S045076,3,9,0,3,0,0,0,0,0,0,2,1,2,1,55,8,2179,2,9,9,2,9
201643S045076,4,9,0,3,0,0,0,0,0,0,2,1,2,2,33,6,1597,2,-1,9,2,9
201643S045086,1,9,0,18,0,0,0,0,0,0,3,1,6,1,18,4,1124,1,14,10,2,10
201643S046066,1,9,0,18,0,4,0,0,1,1,3,1,1,1,66,10,1997,2,4,4,3,4
201643S046066,2,5,0,18,0,8,0,0,0,0,1,1,1,1,36,7,-1,-1,-1,9,1,9
201643S046076,1,9,0,18,0,8,2,9,2,7,1,1,6,1,30,6,2987,2,7,7,1,7
201643S047016,1,9,0,18,0,1,0,0,0,0,1,1,1,1,39,7,998,1,17,2,1,2
201643S047016,2,9,0,18,0,3,0,0,0,0,1,1,2,2,31,6,1599,1,9,2,1,2
201643S047046,1,9,0,6,0,8,0,0,0,0,3,1,2,1,27,6,1598,1,14,9,1,9
201643S047046,2,9,0,18,0,1,0,0,0,0,1,1,2,1,26,6,1390,1,17,10,1,10
201643S047066,1,9,0,9,0,8,0,0,0,0,4,1,6,1,65,9,1560,2,3,4,1,4
201643S047066,2,9,0,18,0,1,1,0,0,0,1,1,6,2,42,7,1598,1,11,5,1,5
201643S048046,1,19,0,18,0,0,1,0,0,0,1,1,6,1,35,6,1995,2,4,5,1,5
201643S048046,2,9,0,3,0,0,0,0,0,0,2,1,1,1,38,7,1910,2,9,2,1,2
201643S048046,3,9,0,3,0,0,0,0,0,0,2,1,6,1,32,6,1598,1,9,8,1,8
201643S048086,1,19,0,1,0,1,0,0,0,0,2,1,1,1,41,7,1968,2,4,2,1,2
201643S048086,2,9,0,8,0,1,0,0,0,0,1,1,6,1,47,8,2967,2,5,10,3,10
201643S049046,1,9,0,7,0,1,0,0,0,0,1,1,2,2,36,7,1388,1,10,7,1,7
201643S049046,2,9,0,8,0,1,0,0,0,0,2,1,2,2,46,8,998,1,6,8,1,8
201643S049086,1,1,0,18,0,6,1,0,0,0,1,1,6,1,26,6,-1,-1,-1,7,1,7
201643S049086,2,9,0,7,0,2,0,0,0,0,4,1,2,2,25,5,-1,-1,-1,5,2,5
201643S050046,1,5,0,14,0,1,0,0,0,0,1,1,1,1,34,6,883,1,7,5,1,5
201643S050046,2,9,0,9,0,8,0,0,0,0,3,1,1,1,59,9,2457,1,11,5,1,5
201643S050086,1,9,0,18,0,0,0,0,0,0,4,1,6,2,35,6,1598,1,14,6,1,6
201643S051026,1,9,0,9,0,6,0,0,0,0,1,1,6,1,31,6,1199,1,13,6,1,6
201643S051026,2,9,0,18,0,1,0,0,0,0,1,1,6,2,37,7,1596,1,8,8,1,8
201643S051036,1,9,0,5,0,8,0,0,0,0,-1,1,6,1,-1,-1,2497,2,8,-1,-1,-1
201643S051036,2,9,0,2,0,8,0,0,0,0,-1,1,6,1,48,8,2204,2,9,7,1,7
201643S051046,1,9,0,18,0,0,2,0,1,0,3,1,6,1,19,4,1364,1,9,10,2,10
201643S051066,1,1,0,9,0,2,0,0,0,0,1,1,6,1,30,6,-1,-1,-1,6,1,6
201643S051066,2,9,0,4,0,1,0,0,0,0,1,1,6,1,30,6,2290,1,15,8,3,8
201643S052036,1,9,0,17,0,0,2,0,7,0,4,1,6,2,22,5,1296,1,10,8,3,8
201643S052046,1,9,0,18,0,1,1,0,0,0,1,1,6,1,28,6,1242,1,16,2,1,2
201643S052046,2,9,0,10,0,1,0,0,0,0,2,1,1,1,53,8,1984,2,6,8,1,8
201643S052066,1,9,0,18,0,2,0,0,0,0,1,1,6,1,19,4,1200,1,13,10,2,10
201643S053036,1,9,0,18,0,0,0,0,0,0,1,1,1,1,42,7,-1,-1,-1,9,1,9
201643S053036,2,8,0,3,0,0,0,0,0,0,2,1,1,1,37,7,-1,-1,-1,1,1,1
201643S053066,1,21,1,18,0,0,0,0,5,6,1,1,1,1,55,8,12580,2,10,-1,-1,-1
201643S054036,1,9,0,5,0,1,0,0,0,0,1,1,6,1,43,7,1598,1,6,10,1,10
201643S054036,2,9,0,3,0,1,0,0,0,0,2,1,6,1,52,8,1988,1,16,3,1,3
201643S054046,1,9,0,9,0,6,0,0,0,0,1,1,6,1,73,10,1798,8,1,5,3,5
201643S054046,2,9,0,18,0,1,1,0,0,0,1,1,2,1,50,8,1242,1,5,7,1,7
201643S054056,1,21,1,1,0,8,0,0,0,0,2,1,6,1,45,7,-1,-1,-1,-1,-1,-1
201643S054056,2,9,0,4,0,1,0,0,0,0,1,1,6,2,36,7,1200,1,2,5,1,5
201643S055026,1,9,0,18,0,4,0,0,0,0,1,1,6,1,31,6,1984,1,14,1,1,1
201643S055026,2,9,0,9,0,3,5,0,0,0,4,1,6,1,34,6,1398,2,5,8,3,8
201643S055036,1,8,0,5,0,2,0,0,0,0,3,1,1,1,24,5,1968,2,7,10,1,10
201643S055066,1,9,0,9,0,8,0,0,0,0,3,1,6,2,47,8,3997,2,9,-1,-1,-1
201643S055066,2,9,0,9,0,6,0,0,0,0,1,1,6,2,28,6,1598,1,10,-1,-1,-1
201643S056016,1,9,0,4,0,1,0,0,0,0,1,1,6,1,-1,-1,1198,1,2,-1,-1,-1
201643S056016,2,9,0,3,0,1,0,0,0,0,2,1,6,1,32,6,1560,2,5,7,1,7
201643S056066,1,1,0,18,0,0,0,0,0,0,1,1,6,1,30,6,-1,-1,-1,5,2,5
201643S056066,2,9,0,18,0,0,0,0,0,0,4,1,6,1,45,7,1596,1,14,7,1,7
201643S056076,1,9,0,9,0,6,0,0,0,0,3,1,6,1,21,5,1198,1,14,3,1,3
201643S056076,2,5,0,18,0,1,0,0,0,0,1,1,6,1,29,6,599,1,12,7,1,7
201643S056086,1,19,0,18,0,0,0,0,0,0,-1,1,6,1,-1,-1,-1,-1,-1,-1,-1,-1
201643S057056,1,9,0,18,0,0,0,0,0,0,1,1,6,1,28,6,1896,2,15,6,2,6
201643S057076,1,19,0,5,0,1,0,0,0,0,1,1,6,1,27,6,1968,2,1,-1,-1,-1
201643S057076,2,9,0,8,0,1,0,0,0,0,2,1,6,1,34,6,1560,2,3,7,1,7
201643S057086,1,9,0,7,0,4,0,0,0,0,3,1,6,1,26,6,1360,1,14,8,1,8
201643S057086,2,1,0,18,0,8,0,0,0,0,1,1,6,1,25,5,-1,-1,-1,9,2,9
201643S058076,1,19,0,2,0,0,0,0,0,0,0,1,6,1,49,8,2143,2,5,5,2,5
201643S058086,1,9,0,18,0,8,0,0,0,0,1,1,6,2,46,8,2143,2,4,8,3,8
201643S058086,2,9,0,9,0,8,0,0,0,0,4,1,6,2,53,8,-1,-1,-1,7,3,7
201643S059036,1,9,0,18,0,1,0,0,0,0,1,1,6,1,-1,-1,1968,2,1,9,3,9
201643S059036,2,9,0,3,0,1,0,0,0,0,2,1,6,1,64,9,1783,1,15,4,1,4
201643S059046,1,9,0,12,0,0,0,0,0,0,1,1,1,2,30,6,1199,1,13,5,1,5
201643S059046,2,9,0,4,0,0,0,0,0,0,2,1,1,1,35,6,1197,2,1,7,1,7
201643S059046,3,9,0,4,0,0,0,0,0,0,2,1,6,2,43,7,1997,2,1,9,3,9
201643S060036,1,9,0,18,0,0,0,0,0,0,3,1,3,1,17,4,999,1,18,9,1,9
201643S060046,1,9,0,18,0,1,0,0,0,0,1,1,2,1,49,8,2987,2,10,1,1,1
201643S060046,2,9,0,2,0,1,0,0,0,0,1,1,6,2,-1,-1,1461,2,4,-1,-1,-1
201643S060056,1,9,0,18,0,0,0,0,0,0,0,1,6,3,-1,-1,-1,-1,-1,-1,-1,-1
201643S060056,2,1,0,18,0,0,0,10,1,0,0,1,6,2,39,7,-1,-1,-1,4,1,4
201643S060086,1,21,1,12,0,0,0,0,0,0,1,2,1,1,52,8,-1,-1,-1,-1,-1,-1
201643S060086,2,9,0,18,0,0,0,0,0,0,4,1,6,1,30,6,1497,8,9,8,1,8
201643S061036,1,9,0,18,0,8,2,10,3,4,1,1,1,1,18,4,1910,2,8,2,1,2
201643S061036,2,9,0,4,0,1,0,0,0,0,1,1,2,1,55,8,1896,2,12,6,1,6
201643S061056,1,9,0,18,0,8,0,0,7,0,1,1,2,2,42,7,1364,1,9,8,1,8
201643S061056,2,9,0,6,0,8,0,0,7,0,3,1,2,2,45,7,1560,2,4,9,2,9
201643S061066,1,5,0,18,0,2,1,0,0,0,3,1,6,1,63,9,865,1,5,7,1,7
201643S061086,1,5,0,18,0,4,1,9,4,0,1,1,6,1,22,5,599,1,22,2,1,2
201643S061086,2,4,0,18,0,8,0,0,0,0,1,1,6,1,65,9,200,1,31,7,1,7
201643S062066,1,9,0,18,0,1,0,0,0,0,2,1,6,1,31,6,2143,2,2,4,1,4
201643S062066,2,9,0,3,0,1,0,0,0,0,1,1,6,2,34,6,1995,1,6,9,1,9
201643S062076,1,5,0,18,0,1,0,0,0,0,1,1,1,1,65,9,599,1,17,5,1,5
201643S062076,2,9,0,9,0,8,0,0,0,0,2,1,1,1,43,7,1896,2,15,7,1,7
201643S063066,1,9,0,18,0,0,0,0,0,0,4,1,6,1,23,5,1398,1,1,8,1,8
201643S063066,2,1,0,18,0,0,0,0,0,0,1,1,6,1,15,3,-1,-1,-1,2,1,2
201643S065026,1,9,0,5,0,1,0,0,0,0,1,1,2,1,35,6,1896,2,7,10,3,10
201643S065026,2,9,0,8,0,1,0,0,0,0,2,1,6,1,52,8,1198,1,7,10,1,10
201643S065046,1,9,0,18,0,1,0,0,0,0,1,1,6,2,-1,-1,1598,1,10,10,3,10
201643S065046,2,9,0,3,0,1,0,0,0,0,2,1,1,1,42,7,1497,8,7,5,1,5
201643S065066,1,97,0,18,9,0,0,0,0,0,1,1,6,1,17,4,-1,-1,-1,-1,-1,-1
201643S067036,1,5,0,18,0,8,0,0,0,0,1,1,6,1,24,5,599,1,21,-1,-1,-1
201643S067036,2,9,0,18,0,8,0,0,0,0,4,1,2,1,54,8,1599,1,12,4,1,4
201643S067056,1,9,0,18,0,0,0,0,0,0,1,1,2,1,26,6,1796,1,12,10,3,10
201643S067056,2,9,0,3,0,0,0,0,0,0,2,1,6,2,29,6,1598,1,11,2,1,2
201643S067066,1,9,0,18,0,4,0,0,0,0,1,1,6,2,41,7,1582,2,5,3,1,3
201643S067066,2,8,0,18,0,8,0,0,0,0,4,1,1,1,37,7,1968,2,4,3,1,3
201643S067086,1,9,0,18,0,0,0,0,0,0,1,1,6,1,51,8,2143,2,2,9,3,9
201643S068016,1,9,0,5,0,0,0,0,0,0,1,1,6,1,45,7,4172,1,6,-1,-1,-1
201643S068016,2,9,0,3,0,0,0,0,0,0,3,1,6,2,34,6,1598,1,8,9,2,9
201643S068066,1,9,0,15,0,0,1,0,0,0,1,1,6,1,21,5,1596,1,1,9,2,9
201643S068066,2,17,4,18,0,0,0,0,0,0,2,1,1,1,42,7,6057,2,4,7,3,7
201643S068066,3,9,0,13,0,0,0,0,0,0,4,1,2,1,44,7,2204,2,6,10,1,10
201643S069016,1,2,0,18,0,2,0,0,0,0,1,1,2,1,36,7,244,1,15,-1,-1,-1
201643S069016,2,9,0,2,0,2,0,0,0,0,2,1,6,2,39,7,1398,1,5,1,1,1
201643S069026,1,8,0,9,0,6,0,0,0,0,3,1,1,1,48,8,1896,2,6,2,1,2
201643S069026,2,9,0,18,0,1,0,0,0,0,1,1,6,2,84,11,1199,1,17,7,1,7
201643S069086,1,21,1,9,0,8,5,9,0,0,3,1,1,1,31,6,12777,2,4,4,3,4
201643S070016,1,9,0,13,0,0,0,0,0,0,1,1,6,1,30,6,2183,2,6,5,1,5
201643S070016,2,20,0,18,0,0,5,0,1,0,1,1,1,1,58,9,-1,-1,-1,7,1,7
201643S070026,1,9,0,9,0,3,1,4,1,2,1,1,6,1,35,6,4966,1,14,1,1,1
201643S070066,1,9,0,3,0,0,0,0,0,0,2,1,6,2,39,7,1499,1,-1,7,2,7
201643S070066,2,19,0,18,0,0,0,0,0,0,1,1,6,1,-1,-1,1686,2,11,9,1,9
201643S070076,1,9,0,18,0,1,0,0,0,0,1,1,6,2,32,6,1596,1,10,8,2,8
201643S070076,2,9,0,3,0,1,0,0,0,0,2,1,6,1,30,6,2143,2,-1,7,1,7
201643S070086,1,9,0,4,0,1,0,0,0,0,1,1,2,1,45,7,1390,1,9,4,1,4
201643S070086,2,9,0,3,0,1,0,0,0,0,2,1,2,1,52,8,998,1,14,1,1,1
201643S071016,1,9,0,9,0,6,0,0,0,0,3,1,2,1,21,5,1390,1,12,5,1,5
201643S071016,2,9,0,18,0,1,0,0,0,0,1,1,2,2,35,6,1461,2,5,8,3,8
201643S071056,1,9,0,18,0,1,0,0,0,0,1,1,6,1,-1,-1,-1,-1,-1,-1,-1,-1
201643S071056,2,9,0,18,0,8,0,0,0,0,4,1,6,2,45,7,1399,2,10,5,1,5
201643S071066,1,9,0,9,0,5,5,0,0,0,4,1,6,1,70,10,1591,1,3,-1,-1,-1
201643S071066,2,19,0,18,0,1,0,0,0,0,1,1,6,1,36,7,2198,2,1,-1,-1,-1
201643S071076,1,9,0,5,0,4,0,0,0,0,1,1,6,1,85,11,1388,1,13,8,2,8
201643S071076,2,1,0,18,0,8,0,0,0,0,4,1,6,1,67,10,-1,-1,-1,7,2,7
201643S072066,1,1,0,18,0,0,0,0,0,0,1,1,6,1,30,6,-1,-1,-1,2,1,2
201643S072066,2,9,0,18,0,0,0,0,0,0,4,1,1,1,38,7,1798,1,5,8,1,8
201643S072076,1,21,1,12,0,0,0,0,0,0,1,2,1,1,23,5,-1,-1,-1,-1,-1,-1
201643S072076,2,9,0,18,0,0,0,0,1,0,4,1,6,1,59,9,1796,1,12,2,1,2
201643S072086,1,9,0,18,0,3,2,0,1,10,1,1,6,1,36,7,1796,1,11,9,2,9
201643S073016,1,9,0,9,0,8,0,0,0,0,1,1,6,2,29,6,1598,1,10,7,1,7
201643S073016,2,9,0,18,0,8,1,0,1,0,3,1,6,1,27,6,1461,2,1,7,1,7
201643S073036,1,19,0,18,0,4,0,0,0,0,1,1,6,1,50,8,1753,2,11,-1,-1,-1
201643S073036,2,9,0,9,0,3,0,0,0,0,4,1,6,1,32,6,1461,2,5,1,1,1
201643S073066,1,1,0,18,0,0,1,0,0,0,1,1,1,1,20,4,-1,-1,-1,9,1,9
201643S073066,2,9,0,18,0,0,0,0,0,0,4,1,6,1,37,7,2000,1,12,7,1,7
201643S073076,1,9,0,9,0,4,0,0,0,0,1,1,6,1,52,8,1399,2,13,6,1,6
201643S073076,2,9,0,18,0,8,0,10,7,11,4,1,6,2,33,6,1596,1,3,1,1,1
201643S073086,1,19,0,18,0,1,0,0,0,0,1,1,6,1,-1,-1,-1,-1,-1,-1,-1,-1
201643S074016,1,9,0,5,0,1,0,0,0,0,1,1,1,1,28,6,1995,2,14,7,1,7
201643S074016,2,9,0,10,0,1,0,0,0,0,2,1,1,1,44,7,1896,2,8,3,1,3
201643S074036,1,3,0,7,0,3,0,0,0,0,4,1,6,1,24,5,124,1,6,2,1,2
201643S074076,1,9,0,6,0,2,0,0,0,0,3,1,6,1,26,6,1995,2,11,-1,-1,-1
201643S074076,2,9,0,13,0,2,0,0,0,0,1,1,6,1,29,6,4735,1,6,8,2,8
201643S074086,1,9,0,18,0,0,0,0,0,0,1,1,6,2,-1,-1,-1,-1,-1,-1,-1,-1
201643S075016,1,9,0,9,0,8,0,0,0,0,4,1,6,2,32,6,998,1,4,7,1,7
201643S075016,2,9,0,18,0,8,0,0,0,0,1,1,6,2,25,5,1124,1,15,1,1,1
201643S075036,1,9,0,18,0,4,0,0,1,0,1,1,6,2,-1,-1,1591,1,2,7,1,7
201643S075036,2,9,0,18,0,8,0,0,0,0,4,1,6,1,-1,-1,1598,2,2,10,1,10
201643S075046,1,9,0,4,0,0,0,0,0,0,1,1,1,1,27,6,998,1,12,2,1,2
201643S075046,2,19,0,4,0,0,0,0,0,0,2,1,2,1,29,6,1995,2,6,9,1,9
201643S075046,3,9,0,4,0,0,0,0,0,0,2,1,1,2,41,7,1995,2,1,8,1,8
201643S075066,1,19,0,6,0,0,0,0,0,0,4,1,1,1,34,6,1995,2,8,5,1,5
201643S075066,2,9,0,18,0,0,0,0,0,0,1,1,6,1,38,7,1800,1,17,4,1,4
201643S075076,1,9,0,11,0,8,0,0,0,0,4,1,6,1,61,9,-1,3,1,4,1,4
201643S075076,2,9,0,18,0,8,0,0,0,0,3,1,6,1,28,6,1595,1,4,4,1,4
201643S076016,1,3,0,17,0,0,1,0,0,0,3,1,2,1,18,4,125,1,1,9,3,9
201643S076036,1,9,0,9,0,4,0,0,0,0,3,1,2,2,33,6,998,1,1,7,1,7
201643S076036,2,9,0,18,0,4,0,0,0,0,1,1,2,1,50,8,999,1,5,5,1,5
201643S076066,1,5,0,18,0,8,0,0,0,0,0,1,6,1,67,10,-1,-1,-1,10,1,10
201643S077026,1,20,0,5,0,1,0,0,0,0,1,1,1,1,50,8,5193,2,6,2,1,2
201643S077026,2,9,0,3,0,1,0,0,0,0,2,1,6,2,46,8,1598,2,5,10,3,10
201643S078056,1,9,0,13,0,0,0,0,0,0,4,1,6,1,54,8,-1,-1,-1,-1,-1,-1
201643S078056,2,1,0,18,0,0,0,0,0,0,3,1,6,1,63,9,-1,-1,-1,9,2,9
201643S079026,1,9,0,18,0,0,0,0,0,0,4,1,6,2,67,10,-1,-1,-1,8,1,8
201643S079036,1,9,0,18,0,0,0,7,0,0,1,1,6,1,40,7,-1,-1,-1,7,1,7
201643S079036,2,9,0,18,0,0,0,0,0,0,1,1,6,1,30,6,1598,1,7,8,1,8
201643S079046,1,9,0,18,0,1,0,0,0,0,1,1,6,2,-1,-1,1108,1,6,-1,-1,-1
201643S079046,2,9,0,3,0,1,0,0,0,0,2,1,6,2,42,7,1061,1,12,4,1,4
201643S079066,1,9,0,9,0,8,0,0,0,0,1,1,6,1,21,5,1997,2,13,1,1,1
201643S079066,2,9,0,18,0,1,0,0,0,0,1,1,6,1,39,7,2460,2,8,-1,-1,-1
201643S080016,1,9,0,7,0,6,0,0,0,0,3,1,6,2,43,7,1390,1,4,8,1,8
201643S080016,2,5,0,18,0,1,0,0,0,0,1,1,6,1,42,7,-1,-1,-1,5,1,5
201643S080056,1,9,0,9,0,8,0,0,0,0,1,1,6,2,84,11,1596,1,5,7,1,7
201643S080056,2,9,0,18,0,1,0,0,0,0,1,1,6,2,25,5,1686,2,12,6,2,6
201643S080066,1,9,0,18,0,0,0,0,0,0,1,1,1,2,47,8,1999,1,12,7,1,7
201643S081016,1,9,0,7,0,5,0,0,0,7,1,1,6,2,32,6,1339,1,13,2,1,2
201643S081056,1,9,0,5,0,1,0,0,0,0,1,1,2,1,39,7,1968,2,11,7,1,7
201643S081056,2,1,0,3,0,1,0,0,0,0,2,1,2,1,55,8,-1,-1,-1,4,1,4
201643S081076,1,9,0,5,0,4,0,0,0,0,3,1,6,1,33,6,1796,1,9,5,1,5
201643S081076,2,1,0,18,0,8,0,0,0,0,1,1,6,1,58,9,-1,-1,-1,8,1,8
201643S081086,1,9,0,9,0,6,0,0,0,0,3,1,6,2,84,11,1086,1,8,1,1,1
201643S081086,2,9,0,18,0,1,1,0,0,0,1,1,6,1,54,8,2700,2,20,2,1,2
201643S082036,1,9,0,9,0,6,0,0,0,0,1,1,6,1,72,10,1360,1,10,1,1,1
201643S082036,2,1,0,9,0,5,0,0,0,0,3,1,6,1,46,8,-1,-1,-1,6,3,6
201643S082056,1,5,0,18,0,2,1,0,0,0,0,1,6,1,40,7,988,1,14,2,1,2
201643S082056,2,9,0,3,0,2,0,0,0,0,0,1,6,2,67,10,1390,1,7,8,1,8
201643S082066,1,21,1,11,0,2,0,0,0,0,1,1,1,1,60,9,12900,2,7,-1,-1,-1
201643S082066,2,9,0,18,0,2,1,0,0,0,3,1,6,1,30,6,1200,1,-1,-1,-1,-1
201643S082076,1,9,0,9,0,6,0,0,0,0,3,1,6,1,47,8,1994,2,12,6,2,6
201643S082076,2,9,0,18,0,1,0,0,0,0,1,1,6,2,29,6,796,1,16,8,3,8
201643S082086,1,9,0,18,0,0,0,0,0,0,1,1,6,2,31,6,1598,1,11,5,1,5
201643S082086,2,1,0,18,0,0,0,0,0,0,3,1,6,1,9,2,-1,-1,-1,-1,-1,-1
201643S083026,1,9,0,18,0,0,0,0,0,0,1,1,6,1,50,8,1798,1,9,10,2,10
201643S083026,2,9,0,18,0,0,0,0,0,0,2,1,6,3,-1,-1,-1,-1,-1,-1,-1,-1
201643S083026,3,9,0,18,0,0,0,0,0,0,1,1,6,3,-1,-1,-1,-1,-1,-1,-1,-1
201643S083066,1,9,0,18,0,0,0,0,1,0,2,1,6,1,65,9,2926,2,16,2,1,2
201643S083066,2,21,1,18,0,0,1,0,0,0,1,2,1,1,26,6,-1,-1,-1,-1,-1,-1
201643S083076,1,9,0,9,0,8,0,0,0,0,4,1,6,1,29,6,1989,1,17,2,1,2
201643S083076,2,9,0,18,0,8,0,0,0,0,1,1,6,1,23,5,1389,1,19,-1,-1,-1
201643S083086,1,9,4,18,0,0,5,0,0,0,2,1,6,1,-1,-1,2184,2,13,-1,-1,-1
201643S083086,2,9,0,18,0,0,0,0,0,0,1,1,6,1,-1,-1,2499,2,12,-1,-1,-1
201643S084016,1,3,0,7,0,5,1,0,0,0,4,1,6,1,22,5,124,1,1,7,3,7
201643S084036,1,9,0,18,0,4,1,9,3,2,1,1,6,1,52,8,1968,2,8,10,1,10
201643S084066,1,9,0,-1,0,6,0,0,0,0,0,1,6,3,-1,-1,-1,-1,-1,-1,-1,-1
201643S084066,2,11,0,18,0,1,0,0,0,0,0,1,1,2,-1,-1,-1,-1,-1,-1,-1,-1
201643S085016,1,9,0,9,0,8,0,0,0,0,4,1,6,2,21,5,1390,1,11,4,1,4
201643S085016,2,9,0,18,0,8,0,0,0,0,1,1,6,2,34,6,1364,1,2,7,2,7
201643S085066,1,9,0,9,0,6,0,0,0,0,1,1,1,1,35,6,-1,-1,-1,8,1,8
201643S085066,2,9,0,18,0,8,0,0,0,0,4,1,6,2,22,5,1197,1,2,1,1,1
201643S086016,1,9,0,18,0,1,0,0,0,0,1,1,6,1,81,11,998,1,7,3,1,3
201643S086016,2,19,0,8,0,1,0,0,0,0,2,1,1,1,42,7,2299,2,3,5,1,5
201643S086056,1,9,0,18,0,1,0,0,0,0,1,1,6,3,-1,-1,1796,1,9,-1,-1,-1
201643S086056,2,9,0,3,0,1,0,0,0,0,2,1,6,1,45,7,-1,-1,-1,3,1,3
201643S087016,1,9,0,18,0,0,0,0,0,0,1,1,6,1,64,9,1364,2,1,7,1,7
201643S087016,2,19,0,4,0,0,0,0,0,0,2,1,1,1,25,5,1968,2,4,-1,-1,-1
201643S087016,3,9,0,3,0,0,0,0,0,0,2,1,1,1,57,9,2993,2,4,8,1,8
201643S087036,1,9,0,18,0,0,0,0,7,7,3,1,1,1,43,7,2494,1,15,5,1,5
201643S088036,1,9,0,7,0,5,0,0,0,0,4,1,6,1,23,5,1197,1,2,7,3,7
201643S088036,2,11,0,18,0,1,0,0,0,0,1,1,1,1,49,8,6370,2,6,7,1,7
201643S088046,1,9,0,5,0,1,0,0,0,0,1,1,6,2,19,4,1149,1,13,9,1,9
201643S088046,2,9,0,4,0,1,0,0,0,0,2,1,6,2,45,7,1197,1,2,9,1,9
201643S088086,1,9,0,18,0,0,0,0,0,0,1,1,6,2,47,8,999,1,1,9,1,9
201643S089046,1,9,0,1,0,0,0,0,0,0,2,1,6,1,25,5,1968,2,12,8,1,8
201643S089046,2,9,0,3,0,0,0,0,0,0,1,1,3,2,40,7,1968,2,8,8,1,8
201643S090036,1,9,0,16,0,0,1,0,8,4,1,1,6,2,18,4,998,1,9,9,1,9
201643S090046,1,9,0,16,0,0,2,0,7,11,1,1,1,1,52,8,-1,-1,-1,9,1,9
201643S090086,1,9,0,18,0,1,0,0,0,0,1,1,6,1,29,6,1461,2,10,6,2,6
201643S090086,2,9,0,3,0,1,0,0,0,0,2,1,6,1,63,9,1796,1,15,8,1,8
201643S092046,1,21,1,12,0,0,0,0,0,0,1,2,1,1,64,9,-1,-1,-1,-1,-1,-1
201643S092046,2,9,0,18,0,0,0,0,0,0,4,1,6,1,40,7,1299,1,15,6,1,6
201643S092056,1,9,0,18,0,2,0,0,0,0,4,1,6,1,32,6,1686,2,9,2,2,2
201643S092066,1,19,0,18,0,1,0,0,0,0,1,1,6,1,-1,-1,2460,2,11,-1,-1,-1
201643S092066,2,9,0,4,0,1,0,0,0,0,2,1,6,2,25,5,1685,2,-1,4,1,4
201643S093036,1,19,0,18,0,3,0,0,0,0,3,1,1,1,55,8,1998,2,11,2,1,2
201643S093056,1,5,0,13,0,0,1,0,0,0,1,1,6,1,21,5,645,1,5,9,3,9
201643S093056,2,9,0,18,0,0,0,0,0,0,2,1,6,1,27,6,2954,1,29,-1,-1,-1
201643S094056,1,9,0,18,0,1,0,0,0,0,1,1,6,2,35,6,1796,1,9,9,3,9
201643S094056,2,9,0,4,0,1,0,0,0,0,2,1,6,1,65,9,1590,1,12,5,1,5
201643S094056,3,9,0,3,0,1,0,0,0,0,2,1,6,1,78,11,1796,1,5,5,1,5
201643S094056,4,9,0,3,0,1,0,0,0,0,2,1,6,2,46,8,1686,2,5,5,2,5
201643S095036,1,9,0,18,0,1,0,0,0,0,1,1,6,1,-1,-1,2143,2,3,7,3,7
201643S095036,2,9,0,10,0,1,0,0,0,0,2,1,6,2,46,8,1796,1,8,10,2,10
201643S095076,1,9,0,18,0,1,1,0,0,0,1,1,6,1,53,8,2148,2,12,3,1,3
201643S095076,2,19,0,18,0,1,0,0,0,0,1,1,1,1,50,8,2143,2,3,-1,-1,-1
201643S096046,1,9,0,9,0,8,5,0,0,0,4,1,2,1,42,7,1197,1,1,7,1,7
201643S096046,2,9,0,18,0,1,0,0,0,0,1,1,2,1,68,10,1199,1,14,6,2,6
201643S096046,3,9,0,10,0,1,0,0,0,0,1,1,6,1,34,6,1796,1,11,4,1,4
201643S097056,1,11,0,5,0,1,0,0,0,0,1,1,6,1,41,7,4250,2,8,2,1,2
201643S097056,2,9,0,3,0,1,0,0,0,0,2,1,3,2,37,7,1598,1,8,9,2,9
201643S098066,1,9,0,18,0,0,0,0,0,0,-1,1,6,3,-1,-1,1560,2,8,-1,-1,-1
201643S098066,2,9,0,18,0,0,0,0,0,0,-1,1,6,1,27,6,1495,1,14,2,1,2
201643S098076,1,9,0,16,0,0,0,0,0,0,1,1,6,1,19,4,1240,1,12,4,1,4
201643S098076,2,9,0,17,0,0,0,0,0,0,1,1,6,1,45,7,1968,2,3,9,3,9
201643S098086,1,9,0,1,0,0,0,0,0,0,2,1,6,1,65,9,1968,2,-1,3,1,3
201643S098086,2,1,0,18,0,0,1,0,0,0,4,1,6,2,26,6,-1,-1,-1,6,1,6
201643S099016,1,9,0,18,0,1,1,0,0,0,1,1,6,2,19,4,1587,1,14,2,1,2