Accident_Index,Vehicle_Reference,Vehicle_Type,Towing_and_Articulation,Vehicle_Manoeuvre,Vehicle_Location-Restricted_Lane,Junction_Location,Skidding_and_Overturning,Hit_Object_in_Carriageway,Vehicle_Leaving_Carriageway,Hit_Object_off_Carriageway,1st_Point_of_Impact,Was_Vehicle_Left_Hand_Drive?,Journey_Purpose_of_Driver,Sex_of_Driver,Age_of_Driver,Age_Band_of_Driver,Engine_Capacity_(CC),Propulsion_Code,Age_of_Vehicle,Driver_IMD_Decile,Driver_Home_Area_Type,Vehicle_IMD_Decile
201643S099016,2,9,0,10,0,1,0,0,0,0,2,1,6,2,54,8,1390,1,11,10,1,10
201643S099066,1,9,0,9,0,6,5,10,1,0,3,1,6,1,73,10,1560,2,4,7,1,7
201643S099066,2,8,0,18,0,1,0,10,4,0,1,1,1,1,47,8,2143,2,5,9,1,9
201643S099066,3,9,0,10,0,1,0,0,0,0,1,1,2,1,53,8,2987,2,1,8,1,8
201643S099086,1,9,0,16,0,0,1,0,1,4,1,1,1,1,58,9,1242,1,10,2,1,2
201643S100016,1,9,0,9,0,8,0,0,0,0,1,1,6,2,41,7,1896,2,12,8,2,8
201643S100016,2,1,0,9,0,8,0,0,0,0,2,1,6,1,52,8,-1,-1,-1,9,2,9
201643S100046,1,9,0,18,0,0,0,0,0,0,1,1,6,1,28,6,1995,2,3,-1,-1,-1
201643S100046,2,9,0,18,0,0,0,0,0,0,2,1,6,2,46,8,1339,1,3,3,1,3
201643S100046,3,9,0,18,0,0,0,0,0,0,2,1,6,1,31,6,1753,2,15,-1,-1,-1
201643S100046,4,19,0,18,0,0,0,0,0,0,2,1,6,1,43,7,2500,2,9,3,1,3
201643S100046,5,9,0,18,0,0,0,0,0,0,2,1,6,2,41,7,1598,2,5,10,1,10
201643S100046,6,9,0,18,0,0,0,0,0,0,2,1,6,1,25,5,998,1,1,9,1,9
201643S100086,1,9,0,9,0,6,0,0,0,0,0,1,6,1,40,7,1896,2,10,2,1,2
201643S100086,2,9,0,18,0,1,0,0,1,4,1,1,6,1,45,7,1596,1,9,5,1,5
201643S101086,1,9,0,4,0,0,0,0,0,0,1,1,6,2,53,8,1598,2,5,9,3,9
201643S101086,2,9,0,4,0,0,0,0,0,0,2,1,6,1,34,6,1995,2,4,4,1,4
201643S101086,3,9,0,4,0,0,1,0,0,0,2,1,6,1,28,6,1598,2,-1,10,1,10
201643S102016,1,9,0,7,0,2,0,10,0,0,2,1,6,3,-1,-1,1896,2,14,-1,-1,-1
201643S102016,2,9,0,18,0,2,0,0,0,0,1,1,6,1,36,7,1796,1,9,8,1,8
201643S102036,1,9,0,7,0,6,0,0,0,0,1,1,6,1,49,8,2959,2,11,2,1,2
201643S102036,2,1,0,18,9,1,0,0,0,0,3,1,2,1,49,8,-1,-1,-1,2,1,2
201643S102046,1,9,0,9,0,6,0,0,0,0,1,1,6,1,20,4,1397,1,15,1,1,1
201643S102046,2,9,0,18,0,1,0,0,0,0,1,1,6,1,31,6,2497,1,15,5,2,5
201643S102076,1,9,0,18,0,1,0,0,0,0,1,1,6,1,23,5,1490,1,9,4,1,4
201643S102076,2,9,0,3,0,1,0,0,0,0,2,1,6,2,44,7,1461,2,6,5,1,5
201643S103016,1,9,0,9,0,6,0,0,0,0,1,1,6,1,27,6,1390,1,15,6,2,6
201643S103016,2,3,0,18,0,1,1,0,4,0,1,1,6,1,20,4,124,1,2,7,1,7
201643S104026,1,9,0,18,0,0,5,7,0,0,1,1,1,2,34,6,1149,1,14,8,1,8
201643S104036,1,9,0,6,0,0,0,0,0,0,3,1,6,1,35,6,1796,1,18,1,1,1
201643S104036,2,5,0,14,0,0,0,0,0,0,1,1,6,1,46,8,599,1,16,1,1,1
201643S104066,1,9,0,18,0,0,0,4,0,0,1,1,6,1,49,8,1390,1,15,6,1,6
201643S104076,1,9,0,5,0,1,0,0,0,0,1,1,2,2,37,7,1910,2,11,2,1,2
201643S104076,2,9,0,3,0,1,0,0,0,0,2,1,6,2,43,7,1229,1,3,4,1,4
201643S105056,1,9,0,18,0,0,0,0,0,0,1,1,6,1,25,5,1360,1,14,2,1,2
201643S105076,1,1,0,18,0,1,0,0,0,0,1,1,6,1,20,4,-1,-1,-1,6,1,6
201643S105076,2,9,0,7,0,1,0,0,0,0,3,1,6,2,43,7,1997,2,5,7,1,7
201643S106016,1,9,0,18,0,0,0,0,0,0,1,1,6,1,46,8,-1,-1,-1,9,3,9
201643S106016,2,9,0,18,0,0,0,0,0,0,2,1,6,2,57,9,1389,1,19,8,3,8
201643S106026,1,9,0,17,0,0,0,0,1,9,1,1,6,1,32,6,1248,2,3,7,1,7
201643S106056,1,9,0,7,0,6,0,0,0,0,1,1,6,2,37,7,998,1,12,9,1,9
201643S106056,2,9,0,18,0,8,5,0,1,0,4,1,6,1,18,4,1461,2,8,8,1,8
201643S107016,1,9,0,18,0,0,0,0,0,0,1,1,2,2,62,9,1248,1,1,8,1,8
201643S107016,2,9,0,3,0,0,0,0,0,0,2,1,6,1,66,10,1390,1,5,8,1,8
201643S107026,1,9,0,5,0,1,0,0,0,0,1,1,6,2,41,7,1984,1,5,8,3,8
201643S107026,2,9,0,3,0,1,0,0,0,0,2,1,3,1,68,10,1560,2,1,9,1,9
201643S107036,1,9,0,18,0,1,1,10,6,0,1,1,1,1,38,7,-1,-1,-1,7,1,7
201643S107036,2,21,1,18,0,1,0,0,0,0,1,1,1,1,50,8,12900,2,5,10,1,10
201643S107046,1,9,0,18,0,1,0,0,0,0,1,1,6,1,-1,-1,1399,1,10,10,1,10
201643S107046,2,9,0,3,0,1,0,0,0,0,2,1,6,1,41,7,1796,1,17,6,1,6
201643S107076,1,9,0,18,0,0,2,0,1,4,4,1,6,2,25,5,1242,1,4,9,3,9
201643S108026,1,19,0,11,0,8,5,0,0,0,1,1,6,2,43,7,2178,2,10,5,1,5
201643S108026,2,11,0,9,0,8,0,0,0,0,1,1,1,1,45,7,-1,-1,-1,4,1,4
201643S108036,1,9,0,18,0,1,0,0,0,0,1,1,6,1,35,6,1796,1,24,-1,-1,-1
201643S108036,2,9,0,3,0,1,0,0,0,0,2,1,6,2,45,7,1968,2,1,8,1,8
201643S108076,1,9,0,18,0,0,0,0,1,0,1,1,6,1,34,6,1796,1,16,3,1,3
201643S108076,2,8,0,2,0,0,0,0,0,0,2,1,6,3,-1,-1,1995,2,12,-1,-1,-1
201643S109016,1,9,0,18,0,0,0,0,0,0,0,1,6,1,-1,-1,1998,1,5,9,1,9
201643S109016,2,1,0,18,0,0,0,0,0,0,0,1,4,1,5,1,-1,-1,-1,9,1,9
201643S109026,1,9,0,9,0,5,0,0,0,0,1,1,2,1,35,6,-1,-1,-1,-1,-1,-1
201643S109026,2,9,0,18,0,1,0,0,0,0,1,1,2,2,31,6,1461,2,6,10,2,10
201643S109066,1,9,0,18,0,1,5,0,0,0,4,1,1,1,38,7,1560,2,9,8,1,8
201643S109066,2,9,0,3,0,1,0,0,0,0,1,1,6,1,66,10,1598,1,17,1,1,1
201643S110016,1,5,0,18,0,1,1,0,0,0,4,1,6,1,39,7,748,1,30,5,1,5
201643S110026,1,9,0,9,0,8,0,0,0,0,1,1,6,1,57,9,1753,2,9,4,1,4
201643S110026,2,9,0,18,0,1,0,0,0,0,1,1,6,2,36,7,1388,1,7,8,1,8
201643S110056,1,9,0,5,0,1,0,0,0,0,1,1,6,2,28,6,1596,1,7,9,1,9
201643S110056,2,9,0,4,0,1,0,0,0,0,2,1,6,1,43,7,1968,2,8,5,1,5
201643S110076,1,9,0,9,0,6,0,0,0,0,3,1,6,2,47,8,1349,1,6,8,1,8
201643S110076,2,5,0,18,0,1,1,0,0,0,1,1,6,1,54,8,1352,1,5,8,1,8
201643S111036,1,9,0,5,0,1,0,0,0,0,1,1,2,2,23,5,1560,2,6,7,1,7
201643S111036,2,9,0,3,0,1,0,0,0,0,2,1,2,1,50,8,1956,2,6,3,1,3
201643S111076,1,9,0,18,0,1,0,0,0,0,1,1,6,2,25,5,1461,2,1,7,1,7
201643S111076,2,9,0,4,0,1,0,0,0,0,2,1,6,1,28,6,1398,1,5,4,1,4
201643S112036,1,3,0,18,0,8,0,0,0,0,1,1,6,1,18,4,125,1,3,9,3,9
201643S112036,2,19,0,18,0,4,0,0,0,0,3,1,6,1,35,6,1753,2,9,-1,-1,-1
201643S112066,1,9,0,4,0,1,0,0,0,0,1,1,6,2,65,9,998,1,2,9,1,9
201643S112066,2,9,0,3,0,1,0,0,0,0,2,1,6,1,32,6,1995,2,2,8,1,8
201643S112066,3,9,0,3,0,1,0,0,0,0,2,1,6,1,26,6,1783,1,12,8,1,8
201643S112076,1,9,0,9,0,6,0,0,0,0,1,1,6,1,26,6,1797,8,5,2,1,2
201643S112076,2,9,0,9,0,8,0,0,0,0,3,1,6,1,32,6,1998,1,15,1,1,1
201643S113036,1,9,0,18,0,0,0,0,0,0,1,1,6,2,57,9,2979,1,1,9,3,9
201643S113036,2,9,0,18,0,0,0,0,0,0,1,1,6,1,49,8,2987,2,6,-1,-1,-1
201643S114046,1,9,0,9,0,8,0,0,0,0,1,1,6,1,18,4,1968,2,8,-1,-1,-1
201643S114046,2,9,0,18,0,1,0,0,0,0,1,1,6,1,43,7,1995,2,9,-1,-1,-1
201643S115036,1,9,0,9,0,6,0,0,0,0,3,1,6,2,72,10,1242,1,10,5,1,5
201643S115036,2,9,0,18,0,1,0,0,0,0,1,1,6,1,24,5,1896,2,12,10,1,10
201643S115046,1,3,0,18,0,8,1,0,0,0,1,1,6,1,17,4,125,1,3,10,2,10
201643S115046,2,19,0,18,0,1,0,0,0,0,3,1,1,1,54,8,-1,-1,-1,3,1,3
201643S116036,1,9,0,18,0,0,1,0,0,0,1,1,6,1,63,9,1596,1,7,3,1,3
201643S116036,2,9,0,18,0,0,1,0,1,9,1,1,6,1,23,5,1399,2,11,3,3,3
201643S116046,1,9,0,18,0,0,1,0,0,0,1,1,6,1,24,5,-1,-1,-1,9,1,9
201643S116046,2,9,0,18,0,0,0,0,0,0,3,1,6,1,37,7,1796,1,15,2,1,2
201643S117016,1,9,0,1,0,2,0,0,0,0,2,1,6,1,-1,-1,1248,1,1,-1,-1,-1
201643S117016,2,9,0,2,0,2,0,0,0,0,1,1,6,2,43,7,1198,1,1,2,1,2
201643S117036,1,9,0,18,0,1,0,0,0,0,1,1,6,1,29,6,1796,1,8,3,1,3
201643S117036,2,9,0,4,0,1,0,0,0,0,2,1,6,1,60,9,-1,-1,-1,8,2,8
201643S118026,1,19,0,4,0,0,0,0,0,0,1,1,2,1,-1,-1,1399,2,8,-1,-1,-1
201643S118026,2,9,0,3,0,0,0,0,0,0,2,1,2,1,27,6,1796,1,12,4,1,4
201643S118036,1,9,0,9,0,8,0,0,1,10,2,1,6,2,37,7,1582,2,3,4,1,4
201643S118036,2,9,0,18,0,1,0,0,1,0,1,1,6,1,59,9,2544,1,17,3,1,3
201643S118046,1,9,0,5,0,1,0,0,0,0,1,1,2,1,26,6,1598,2,3,9,1,9
201643S118046,2,9,0,3,0,1,0,0,0,0,2,1,2,1,36,7,1998,1,15,7,1,7
201643S118056,1,9,0,18,0,0,0,0,0,0,1,1,3,2,-1,-1,1995,2,9,7,1,7
201643S118076,1,9,0,18,0,0,0,0,0,0,1,1,6,2,40,7,1796,1,8,2,1,2
201643S118076,2,1,0,18,0,0,0,0,0,0,1,1,6,1,6,2,-1,-1,-1,1,1,1
201643S119026,1,8,0,18,0,0,0,0,0,0,1,1,6,1,27,6,1497,8,8,-1,-1,-1
201643S119026,2,9,0,3,0,0,0,0,0,0,2,1,6,2,21,5,1390,1,10,10,1,10
201643S119046,1,5,0,11,0,8,0,0,0,0,1,1,6,1,26,6,1352,1,10,1,1,1
201643S119046,2,9,0,18,0,8,0,0,0,0,2,1,6,2,39,7,1968,2,1,10,1,10
201643S119056,1,9,0,4,0,1,0,0,0,0,1,1,6,2,36,7,1984,1,8,8,3,8
201643S119056,2,9,0,3,0,1,0,0,0,0,2,1,6,2,31,6,1396,1,1,5,1,5
201643S119076,1,9,0,18,0,0,1,12,0,0,1,1,6,1,20,4,1229,1,10,1,1,1
201643S120036,1,9,0,9,0,6,0,0,7,4,3,1,6,1,80,11,1686,2,7,8,1,8
201643S120036,2,9,0,18,0,1,0,0,7,4,1,1,6,1,28,6,1598,1,10,8,1,8
201643S120056,1,9,0,18,0,3,1,0,6,0,4,1,6,1,38,7,1794,1,13,9,1,9
201643S120056,2,9,0,18,0,1,0,0,0,0,3,1,6,2,55,8,1498,1,11,10,2,10
201643S120076,1,9,0,5,0,1,0,0,0,0,1,1,6,2,63,9,1388,1,9,9,2,9
201643S120076,2,9,0,3,0,1,0,0,0,0,2,1,6,1,39,7,1343,1,12,1,1,1
201643S121036,1,4,0,18,0,1,0,0,0,0,1,1,6,1,41,7,750,1,2,-1,-1,-1
201643S121036,2,9,0,10,0,1,0,0,0,0,2,1,6,2,45,7,1242,1,1,8,1,8
201643S121046,1,9,0,4,0,1,0,0,0,0,1,1,6,2,28,6,-1,-1,-1,9,1,9
201643S121046,2,9,0,18,0,1,0,0,0,0,2,1,6,2,21,5,1390,1,3,8,1,8
201643S121046,3,9,0,18,0,1,0,0,0,0,0,1,6,2,-1,-1,1388,1,7,-1,-1,-1
201643S122036,1,9,0,9,0,8,0,0,0,0,1,1,1,1,40,7,1229,1,4,4,1,4
201643S122036,2,5,0,18,0,8,0,0,0,0,1,1,6,1,48,8,599,1,20,9,1,9
201643S122046,1,9,0,9,0,6,0,0,0,0,1,1,6,2,36,7,1997,2,3,6,1,6
201643S122046,2,9,0,18,0,1,0,0,0,0,1,1,6,2,25,5,1388,1,8,6,1,6
201643S122056,1,9,0,18,0,0,0,0,0,0,4,1,6,2,74,10,1596,1,7,5,1,5
201643S123016,1,20,0,4,0,0,0,0,0,0,2,1,1,1,50,8,-1,-1,-1,-1,-1,-1
201643S123016,2,9,0,18,0,0,1,0,0,0,1,1,2,1,45,7,1598,1,7,-1,-1,-1
201643S123016,3,9,0,18,0,0,1,0,4,0,1,1,2,1,30,6,-1,-1,-1,-1,-1,-1
201643S123036,1,9,0,18,0,1,0,0,2,0,1,1,2,1,25,5,1799,1,8,3,1,3
201643S123036,2,9,0,7,0,1,0,0,0,0,1,1,1,1,32,6,2993,2,6,5,1,5
201643S123036,3,19,0,2,0,8,0,0,0,0,1,1,6,1,30,6,1753,2,7,8,1,8
201643S123036,4,9,0,2,0,8,0,0,0,0,3,1,6,1,60,9,1598,1,4,-1,-1,-1
201643S123046,1,9,0,1,0,1,0,0,7,0,2,1,6,2,52,8,1598,1,10,7,1,7
201643S123056,1,9,0,18,0,0,0,0,0,0,1,1,2,1,30,6,1968,2,9,5,2,5
201643S123056,2,9,0,18,0,0,0,0,0,0,1,1,6,2,31,6,1396,1,12,6,1,6
201643S123076,1,19,0,5,0,1,0,0,0,0,1,1,6,1,-1,-1,-1,-1,-1,-1,-1,-1
201643S123076,2,9,0,3,0,1,0,0,0,0,2,1,6,1,52,8,1596,1,13,3,1,3
201643S124026,1,9,0,18,0,0,0,0,1,4,1,1,6,1,49,8,1086,1,10,3,1,3
201643S124056,1,9,0,4,0,0,0,0,0,0,2,1,6,2,49,8,1329,1,1,6,1,6
201643S124056,2,9,0,4,0,0,0,0,0,0,1,1,6,1,45,7,1685,2,-1,8,1,8
201643S124056,3,9,0,4,0,0,0,0,0,0,1,1,6,2,41,7,1598,1,4,9,3,9
201643S124056,4,9,0,4,0,0,0,0,0,0,1,1,6,1,24,5,1248,1,2,3,1,3
201643S125026,1,9,0,9,0,8,0,0,0,0,1,1,6,2,39,7,1339,1,7,7,1,7
201643S125026,2,9,0,18,0,1,0,0,0,0,1,1,2,1,40,7,1956,2,3,8,2,8
201643S125046,1,9,0,13,0,0,0,0,0,0,0,1,1,1,30,6,1248,2,3,7,1,7
201643S125046,2,9,0,18,0,0,0,0,0,0,1,1,6,2,25,5,1390,1,10,10,1,10
201643S125046,3,19,0,4,0,0,0,0,0,0,2,1,2,2,52,8,2143,2,1,-1,-1,-1
201643S125056,1,21,1,11,0,0,0,0,0,0,4,1,1,1,44,7,12900,2,5,5,1,5
201643S125056,2,9,0,18,0,0,0,0,1,4,3,1,1,1,29,6,-1,-1,-1,-1,-1,-1
201643S125076,1,9,0,18,0,0,0,0,0,0,1,1,6,3,-1,-1,-1,-1,-1,-1,-1,-1
201643S125076,2,1,0,18,0,0,0,0,0,0,2,1,6,1,67,10,-1,-1,-1,10,2,10
201643S126046,1,9,0,9,0,8,0,0,0,0,1,1,6,2,37,7,1796,1,15,8,1,8
201643S126046,2,9,0,18,0,8,0,0,0,0,1,1,6,1,77,11,2179,2,2,9,2,9
201643S126056,1,9,0,9,0,6,0,0,0,0,1,1,6,1,44,7,-1,-1,-1,9,1,9
201643S126056,2,2,0,18,0,1,1,0,0,0,1,1,6,1,18,4,124,1,4,7,1,7
201643S126066,1,9,0,18,0,4,5,0,0,0,4,1,6,1,48,8,1798,8,-1,-1,-1,-1
201643S126066,2,9,0,18,0,4,0,0,0,0,3,1,6,1,35,6,2179,2,2,9,2,9
201643S126076,1,9,0,18,0,0,1,0,0,0,1,1,6,1,26,6,1368,1,10,9,1,9
201643S126076,2,9,0,4,0,0,0,0,0,0,2,1,6,2,34,6,1360,1,6,10,1,10
201643S126076,3,9,0,4,0,0,0,0,0,0,3,1,6,1,33,6,2393,1,12,-1,-1,-1
201643S126076,4,9,0,4,0,0,0,0,0,0,3,1,6,1,50,8,1984,1,2,10,1,10
201643S127016,1,9,0,5,0,4,0,0,0,0,1,1,6,2,43,7,1598,1,10,3,1,3
201643S127016,2,19,0,9,0,3,0,0,0,0,4,1,6,1,30,6,2299,2,3,3,1,3
201643S127026,1,19,0,12,0,0,0,0,0,0,0,1,6,3,-1,-1,-1,-1,-1,-1,-1,-1
201643S127026,2,9,0,18,0,0,1,0,1,11,2,1,2,1,25,5,2000,1,10,2,1,2
201643S127076,1,9,0,18,0,0,0,0,0,0,1,1,6,2,71,10,1248,1,6,8,1,8
201643S127076,2,9,0,4,0,0,0,0,0,0,2,1,6,1,66,10,1395,1,2,9,1,9
201643S128056,1,9,0,18,0,8,5,0,0,0,4,1,6,2,29,6,1339,1,12,2,1,2
201643S128056,2,9,0,18,0,1,0,0,0,0,1,1,6,2,72,10,1598,2,1,-1,-1,-1
201643S129026,1,19,0,18,0,0,0,0,0,0,1,1,1,1,57,9,2143,2,5,10,1,10
201643S129026,2,9,0,3,0,0,0,0,0,0,2,1,1,2,49,8,2143,12,1,9,1,9
201643S129026,3,9,0,3,0,0,0,0,0,0,2,1,1,1,37,7,2967,2,1,6,1,6
201643S129056,1,9,0,5,0,4,0,0,0,0,1,1,6,2,31,6,-1,-1,-1,2,1,2
201643S129056,2,1,0,18,0,8,0,0,0,0,4,1,6,1,36,7,-1,-1,-1,7,1,7
201643S130026,1,9,0,9,0,6,0,0,0,0,3,1,6,1,20,4,1198,1,3,7,2,7
201643S130026,2,9,0,18,0,1,0,0,0,0,1,1,6,2,22,5,1598,1,16,4,1,4
201643S131026,1,9,0,18,0,8,0,0,0,0,4,1,6,1,36,7,998,1,2,5,1,5
201643S131026,2,9,0,18,0,8,0,0,0,0,1,1,6,1,67,10,1995,2,8,5,1,5
201643S131066,1,9,0,5,9,6,0,0,0,0,1,1,6,1,35,6,-1,-1,-1,-1,-1,-1
201643S131066,2,1,0,18,9,8,0,0,0,0,3,1,4,2,13,3,-1,-1,-1,1,1,1
201643S133076,1,9,0,5,0,4,0,0,0,0,1,1,6,1,39,7,1600,1,17,8,1,8
201643S133076,2,9,0,4,0,4,0,0,0,0,2,1,6,1,17,4,1499,2,1,10,1,10
201643S134026,1,9,0,18,0,0,0,0,0,0,1,1,6,1,52,8,-1,-1,-1,7,3,7
201643S134076,1,9,0,17,0,0,2,0,7,10,1,1,6,2,21,5,1390,1,5,9,3,9
201643S135076,1,5,0,17,0,0,1,0,0,0,0,1,6,1,54,8,1298,1,17,-1,-1,-1
201643S136066,1,9,0,9,0,8,0,0,0,0,4,1,6,1,19,4,1596,1,9,9,1,9
201643S136066,2,9,0,18,0,1,0,0,0,0,1,1,6,2,37,7,1590,1,12,7,1,7
201643S136076,1,9,0,9,0,8,0,0,0,0,4,2,6,1,52,8,-1,-1,-1,-1,-1,-1
201643S136076,2,9,0,18,0,1,0,0,0,0,1,1,6,2,19,4,796,1,14,3,1,3
201643S138026,1,9,0,18,0,6,0,0,0,0,3,1,6,2,35,6,1323,1,16,2,1,2
201643S138026,2,9,0,18,0,1,0,0,0,0,1,1,6,1,62,9,1197,1,1,5,1,5
201643S139016,1,2,0,18,0,4,0,0,0,0,3,1,1,1,23,5,108,1,1,2,1,2
201643S139026,1,9,0,5,0,1,0,0,0,0,1,1,6,2,42,7,1242,1,5,2,1,2
201643S139026,2,9,0,8,0,1,0,0,0,0,2,1,6,2,28,6,1199,1,15,4,1,4
201643S139066,1,19,0,18,0,0,1,0,0,0,1,1,6,1,-1,-1,1753,2,11,-1,-1,-1
201643S139066,2,9,0,4,0,0,0,0,0,0,2,1,1,1,38,7,1686,2,7,4,1,4
201643S140026,1,9,0,18,0,0,0,0,0,0,1,1,6,2,55,8,1796,1,13,7,2,7
201643S140026,2,9,0,18,0,0,0,0,0,0,2,1,6,1,37,7,2143,2,3,10,2,10
201643S140036,1,9,0,16,0,0,1,0,7,3,4,1,6,1,40,7,-1,-1,-1,3,1,3
201643S140056,1,9,0,18,0,0,0,0,0,0,1,1,6,1,37,7,1360,1,14,3,1,3
201643S140056,2,9,0,18,0,0,0,0,0,0,2,1,6,2,60,9,1248,1,-1,6,2,6
201643S141026,1,9,0,18,0,0,1,0,1,7,1,1,6,1,46,8,1499,8,2,8,1,8
201643S142016,1,9,0,9,0,6,0,0,0,0,1,1,6,1,18,4,1149,1,14,5,1,5
201643S142016,2,9,0,18,0,1,0,0,0,0,1,1,6,2,41,7,1998,1,11,7,1,7
201643S142066,1,9,0,5,0,1,0,0,0,0,1,1,6,2,42,7,2993,2,6,8,1,8
201643S142066,2,9,0,3,0,1,0,0,0,0,2,1,6,2,72,10,1984,1,22,8,3,8
201643S143026,1,9,0,9,0,8,0,0,0,0,1,1,6,2,25,5,1299,1,10,5,1,5
201643S143026,2,19,0,18,0,8,0,0,0,0,1,1,6,1,45,7,1560,2,3,8,3,8
201643S143066,1,9,0,4,0,1,0,0,0,0,1,1,6,1,23,5,1198,1,7,4,1,4
201643S143066,2,1,0,18,0,1,1,0,0,0,1,1,6,1,12,3,-1,-1,-1,4,1,4
201643S144016,1,9,0,13,0,1,0,0,0,0,4,1,1,1,31,6,1299,1,10,5,1,5
201643S144016,2,9,0,9,0,1,0,0,0,0,3,1,6,2,33,6,1390,1,15,5,1,5
201643S144066,1,9,0,18,0,1,0,0,0,0,1,1,2,2,71,10,1149,1,15,7,1,7
201643S144066,2,1,0,18,0,1,1,0,0,0,1,1,6,1,13,3,-1,-1,-1,-1,-1,-1
201643S145016,1,21,4,12,0,0,0,0,0,0,1,2,6,1,39,7,-1,-1,-1,-1,-1,-1
201643S145016,2,9,0,18,0,0,1,0,1,7,4,1,2,2,18,4,1299,1,13,4,1,4
201643S145026,1,9,0,12,0,1,0,0,0,0,1,1,2,1,20,4,1968,2,11,7,1,7
201643S145026,2,9,0,18,0,1,0,0,0,0,2,1,2,2,27,6,1200,1,3,8,1,8
201643S145066,1,9,0,16,0,8,0,0,0,0,3,1,6,1,43,7,1198,1,11,-1,-1,-1
201643S145066,2,9,0,17,0,8,0,0,0,0,3,1,6,2,31,6,2148,2,8,8,3,8
201643S146066,1,9,0,18,0,0,0,0,0,0,1,1,6,1,79,11,1598,2,6,7,3,7
201643S146066,2,9,0,18,0,0,0,0,0,0,1,1,2,1,29,6,1796,1,9,4,1,4
201643S146076,1,9,0,7,0,6,0,0,0,0,1,1,6,1,20,4,1229,1,11,-1,-1,-1
201643S146076,2,9,0,18,0,1,0,0,0,0,4,1,6,2,70,10,998,1,10,7,1,7
201643S147036,1,9,0,18,0,0,0,0,0,0,1,1,6,1,39,7,1149,1,8,2,1,2
201643S147036,2,21,2,3,0,0,0,0,0,0,2,1,1,1,63,9,9186,2,3,5,1,5
201643S147036,3,9,0,3,0,0,0,0,0,0,2,1,6,1,42,7,1791,8,5,4,1,4
201643S148036,1,9,0,9,0,8,0,0,0,0,1,1,1,2,34,6,2143,2,1,1,1,1
201643S148036,2,9,0,18,0,8,0,0,0,0,1,1,6,2,28,6,1299,1,15,4,1,4
201643S149076,1,9,0,4,0,1,0,0,0,0,1,1,1,2,41,7,1490,1,8,1,1,1
201643S149076,2,3,0,8,0,1,0,0,0,0,2,1,1,1,43,7,125,1,6,5,1,5
201643S150016,1,9,0,9,0,6,0,0,0,0,3,1,6,2,68,10,1753,2,10,2,1,2
201643S150016,2,4,0,18,0,1,0,0,0,0,1,1,6,1,50,8,599,1,13,6,1,6
201643S150036,1,9,0,18,0,0,2,0,6,6,1,1,6,2,25,5,1364,1,8,7,1,7
201643S150066,1,9,0,18,0,1,0,0,1,11,1,1,6,2,32,6,1598,1,12,6,1,6
201643S151016,1,9,0,7,0,4,1,0,1,7,1,1,6,2,24,5,1242,1,12,10,2,10
201643S151076,1,8,0,18,0,4,0,0,0,0,1,1,1,1,65,9,1797,8,6,5,1,5
201643S151076,2,5,0,9,0,8,0,0,0,0,2,1,2,1,57,9,599,1,19,7,1,7
201643S152016,1,9,0,18,0,1,0,0,0,0,1,1,1,2,22,5,1198,1,11,10,2,10
201643S152016,2,9,0,18,0,1,0,0,0,0,2,1,2,1,52,8,2143,2,2,10,1,10
201643S152066,1,9,0,18,0,0,1,0,0,0,3,1,6,1,64,9,1997,2,10,9,2,9
201643S153066,1,9,0,18,0,1,1,0,0,0,1,1,6,2,31,6,1598,2,4,8,1,8
201643S153066,2,9,0,3,0,1,0,0,0,0,2,1,6,2,24,5,1360,1,9,6,1,6
201643S154016,1,9,0,18,0,0,0,0,0,0,0,1,1,1,34,6,2400,2,4,8,1,8
201643S154016,2,9,0,18,0,0,1,7,0,0,1,1,6,1,27,6,1242,1,17,-1,-1,-1
201643S154016,3,9,0,18,0,0,0,0,0,0,1,1,6,2,43,7,1968,2,2,9,1,9
201643S156016,1,9,0,18,0,0,5,0,1,4,4,1,6,2,26,6,1296,1,9,7,3,7
201643S156066,1,9,0,9,0,6,0,0,0,0,1,1,6,2,41,7,1598,1,10,9,2,9
201643S156066,2,19,0,18,0,1,0,0,0,0,1,1,1,1,43,7,2198,2,1,8,1,8
201643S157016,1,9,0,9,0,5,0,0,0,0,1,1,6,1,35,6,1995,2,10,6,1,6
201643S157016,2,9,0,18,0,1,0,0,0,0,1,1,6,2,20,4,1242,1,17,7,1,7
201643S158016,1,19,0,14,0,0,0,0,0,0,4,1,1,1,34,6,1399,2,6,-1,-1,-1
201643S158066,1,9,0,5,0,4,0,0,0,0,3,1,1,1,72,10,1461,2,1,9,1,9
201643S158066,2,5,0,9,0,8,0,0,0,0,1,1,1,1,38,7,-1,-1,-1,7,1,7
201643S159016,1,9,0,9,0,8,0,0,6,1,4,1,6,1,25,5,1560,2,12,-1,-1,-1
201643S159016,2,9,0,18,0,1,0,0,0,0,1,1,6,1,-1,-1,1560,2,1,-1,-1,-1
201643S160066,1,19,0,5,0,0,0,0,0,0,2,1,1,1,49,8,2198,2,3,7,1,7
201643S161036,1,9,0,18,0,0,0,0,0,0,1,1,6,1,25,5,1599,1,8,5,1,5