Accident_Index,Vehicle_Reference,Vehicle_Type,Towing_and_Articulation,Vehicle_Manoeuvre,Vehicle_Location-Restricted_Lane,Junction_Location,Skidding_and_Overturning,Hit_Object_in_Carriageway,Vehicle_Leaving_Carriageway,Hit_Object_off_Carriageway,1st_Point_of_Impact,Was_Vehicle_Left_Hand_Drive?,Journey_Purpose_of_Driver,Sex_of_Driver,Age_of_Driver,Age_Band_of_Driver,Engine_Capacity_(CC),Propulsion_Code,Age_of_Vehicle,Driver_IMD_Decile,Driver_Home_Area_Type,Vehicle_IMD_Decile
201643S161036,2,9,0,18,0,0,0,0,0,0,1,1,6,1,39,7,2922,1,14,8,1,8
201643S162036,1,9,0,7,0,5,0,0,0,0,1,1,6,2,42,7,2000,2,12,8,1,8
201643S350716,1,9,0,18,0,0,0,0,0,0,1,1,6,1,61,9,1598,1,2,1,1,1
201643S350716,2,19,0,2,0,0,0,0,0,0,2,1,6,1,28,6,2198,2,2,3,1,3
201643SP01701,1,9,0,6,0,0,0,0,0,0,3,1,6,2,65,9,1956,2,2,2,1,2
201643SP01701,2,3,0,14,0,0,0,0,0,0,1,1,6,1,21,5,124,1,-1,5,1,5
201643SP05001,1,2,0,17,0,8,0,0,0,0,4,1,6,2,17,4,125,1,-1,7,3,7
201643SP05401,1,9,0,9,0,4,0,0,0,0,1,1,6,1,-1,-1,1200,1,-1,-1,-1,-1
201643SP05401,2,1,0,18,0,8,0,0,0,0,4,1,2,1,25,5,-1,-1,-1,8,1,8
201643SP07501,1,9,0,4,0,1,0,0,0,0,1,1,6,3,-1,-1,1896,2,14,-1,-1,-1
201643SP07501,2,9,0,3,0,1,0,0,0,0,2,1,3,2,30,6,1390,1,16,6,1,6
201643SP20901,1,9,0,7,0,5,0,0,1,0,0,1,6,3,-1,-1,1796,1,5,-1,-1,-1
201643SP20901,2,9,0,18,0,1,1,0,1,7,1,1,6,2,21,5,1598,1,13,8,1,8
201643SP21001,1,9,0,18,0,1,0,0,0,0,1,1,6,1,-1,-1,998,1,15,2,1,2
201643SP21001,2,9,0,18,0,1,0,0,0,0,2,1,6,1,60,9,1598,1,12,3,1,3
201643SP22401,1,9,0,4,0,1,0,0,0,0,1,1,2,1,34,6,999,1,2,5,1,5
201643SP22401,2,9,0,4,0,2,0,0,0,0,2,1,2,1,46,8,-1,-1,-1,6,1,6
201643SP22401,3,9,0,10,0,1,0,0,0,0,3,1,2,2,47,8,1968,2,4,10,1,10
201643SP22401,4,19,0,18,0,2,0,0,0,0,1,1,1,1,24,5,2298,2,-1,8,1,8
201643T042377,1,9,0,18,0,0,0,0,0,0,1,1,2,2,52,8,1386,1,10,7,1,7
201643T042377,2,9,0,18,0,0,0,0,0,0,2,1,6,2,31,6,2143,2,2,4,1,4
201643T055996,1,9,0,10,0,1,0,0,0,0,3,1,5,2,44,7,1995,2,4,10,1,10
201643T055996,2,9,0,18,0,8,0,0,0,0,4,1,2,2,46,8,2199,2,4,10,1,10
201643T069579,1,9,0,18,0,7,0,0,0,0,2,1,5,1,37,7,1598,2,-1,-1,-1,-1
201643T069579,2,9,0,18,0,7,1,0,0,0,4,1,1,1,36,7,1799,1,7,5,1,5
201643T069579,3,19,0,18,0,1,1,0,0,0,1,1,2,1,36,7,2461,2,6,8,1,8
201643T069579,4,9,0,18,0,1,1,0,0,0,2,1,2,1,27,6,-1,-1,-1,7,1,7
201643T069579,5,9,0,4,0,1,0,0,0,0,2,1,5,1,52,8,1598,1,10,7,1,7
201643T069579,6,19,0,4,0,1,0,0,0,0,2,1,2,1,53,8,2402,2,10,6,2,6
201643T144119,1,9,0,17,0,0,1,0,1,9,1,1,5,1,21,5,1461,2,8,4,1,4
201643T152837,1,19,0,18,0,0,0,0,0,0,1,1,1,1,52,8,-1,-1,-1,-1,-1,-1
201643T152837,2,9,0,12,0,0,0,0,0,0,4,1,1,1,23,5,1389,1,15,-1,-1,-1
201643T152837,3,19,0,18,0,0,0,0,0,0,1,1,1,1,70,10,2198,2,1,-1,-1,-1
201643W001076,1,9,0,18,0,0,0,0,0,0,0,1,6,1,54,8,2996,1,9,9,1,9
201643W001076,2,9,0,4,0,0,0,0,0,0,2,1,6,1,38,7,1968,2,4,5,1,5
201643W001076,3,9,0,12,0,0,0,11,0,0,1,1,6,1,60,9,2993,2,2,10,1,10
201643W001076,4,19,0,1,0,0,0,0,0,0,3,1,6,1,40,7,1968,2,-1,10,1,10
201643W001086,1,9,0,17,0,0,2,0,2,4,4,1,2,1,20,4,2494,1,17,7,3,7
201643W002026,1,9,0,18,0,1,0,0,0,0,1,1,2,1,50,8,2204,2,8,7,1,7
201643W002046,1,9,0,18,0,3,0,0,0,0,1,1,2,2,30,6,1242,1,9,-1,-1,-1
201643W003016,1,9,0,18,0,1,0,0,0,0,1,1,6,3,-1,-1,-1,-1,-1,-1,-1,-1
201643W003036,1,9,0,18,0,0,0,0,0,0,4,1,6,3,45,7,-1,-1,-1,-1,-1,-1
201643W004026,1,19,0,5,0,1,0,0,0,0,1,1,1,1,33,6,2402,2,5,-1,-1,-1
201643W004026,2,9,0,3,0,1,0,0,0,0,2,1,2,2,60,9,875,1,4,10,1,10
201643W004046,1,5,0,18,0,1,0,0,0,0,1,1,6,1,71,10,745,1,2,10,1,10
201643W004046,2,9,0,9,0,5,0,0,0,0,1,1,6,1,52,8,1968,2,2,9,3,9
201643W004076,1,8,0,18,0,1,0,0,0,0,1,1,1,1,40,7,1896,2,11,1,1,1
201643W004076,2,9,0,4,0,1,0,0,0,0,2,1,6,2,20,4,1240,1,12,2,1,2
201643W006016,1,10,0,9,0,5,0,0,0,0,1,1,1,1,51,8,-1,-1,-1,2,1,2
201643W006016,2,2,0,18,0,8,0,0,0,0,3,1,6,1,41,7,124,1,2,2,1,2
201643W006056,1,9,0,9,0,8,0,0,0,0,3,1,6,2,29,6,1199,1,15,2,1,2
201643W006056,2,1,0,18,0,8,0,0,0,0,1,1,2,1,47,8,-1,-1,-1,6,1,6
201643W006066,1,9,0,5,0,6,0,0,0,0,3,1,6,2,-1,-1,-1,-1,-1,-1,-1,-1
201643W006066,2,1,0,18,0,1,0,0,0,0,1,1,2,1,26,6,-1,-1,-1,6,1,6
201643W007016,1,9,0,18,0,8,0,0,0,0,1,1,6,1,69,10,1388,1,14,5,1,5
201643W007016,2,9,0,18,0,8,0,0,0,0,3,1,6,1,37,7,1968,2,4,9,1,9
201643W007026,1,4,0,17,0,8,0,0,0,0,1,1,6,1,23,5,124,1,1,10,1,10
201643W007026,2,9,0,9,0,8,0,0,0,0,1,1,6,1,-1,-1,1399,2,11,9,1,9
201643W007036,1,9,0,5,0,0,0,0,0,0,3,1,3,1,-1,-1,-1,-1,-1,-1,-1,-1
201643W007036,2,1,0,14,0,0,0,0,0,0,4,1,6,1,30,6,-1,-1,-1,9,1,9
201643W009016,1,9,0,9,0,6,0,0,0,0,1,1,2,1,27,6,1598,1,10,8,1,8
201643W009016,2,9,0,18,0,8,0,0,0,0,4,1,2,1,46,8,1240,1,12,2,1,2
201643W010036,1,2,0,18,0,0,0,0,0,0,1,1,4,1,16,4,49,1,8,9,2,9
201643W010036,2,9,0,4,0,0,0,0,0,0,2,1,6,2,23,5,1896,2,19,7,1,7
201643W010076,1,9,0,18,0,1,0,0,0,0,1,1,6,1,39,7,1686,2,14,10,1,10
201643W010076,2,9,0,10,0,1,0,0,0,0,2,1,6,1,43,7,1461,2,2,9,1,9
201643W011056,1,9,0,9,0,8,0,0,0,0,1,1,6,2,60,9,1461,2,1,10,1,10
201643W011056,2,9,0,18,0,8,0,0,0,0,1,1,6,2,74,10,1199,1,13,-1,-1,-1
201643W011076,1,9,0,13,0,1,0,0,0,0,4,1,6,1,50,8,-1,-1,-1,-1,-1,-1
201643W011076,2,1,0,5,0,1,0,10,0,0,3,1,6,2,57,9,-1,-1,-1,10,1,10
201643W012046,1,9,0,18,0,4,0,0,0,0,3,1,6,1,20,4,1124,1,19,10,1,10
201643W012046,2,9,0,9,0,4,0,0,0,0,1,1,6,1,21,5,1299,1,10,10,1,10
201643W013036,1,9,0,9,0,8,0,0,0,0,1,1,6,1,40,7,1968,2,5,10,1,10
201643W013036,2,3,0,18,0,8,0,0,0,0,3,1,6,1,17,4,998,1,4,-1,-1,-1
201643W013046,1,21,0,18,0,1,0,0,0,0,4,1,1,1,38,7,4462,2,2,3,1,3
201643W014036,1,9,0,7,0,6,0,0,0,0,0,1,1,1,47,8,2319,2,4,4,1,4
201643W014036,2,9,0,7,0,6,0,0,3,0,2,1,6,1,19,4,1679,1,17,9,1,9
201643W014036,3,9,0,18,0,8,0,0,0,0,3,1,1,1,55,8,998,1,1,8,1,8
201643W014036,4,9,0,18,0,8,0,0,0,0,0,1,1,2,35,6,1686,2,4,3,1,3
201643W014066,1,9,0,7,9,6,0,0,0,0,1,1,6,2,20,4,-1,-1,-1,-1,-1,-1
201643W015046,1,9,0,4,0,0,0,0,0,0,1,1,2,1,33,6,1598,1,11,5,1,5
201643W015046,2,9,0,3,0,0,0,0,0,0,2,1,1,1,26,6,-1,-1,-1,6,2,6
201643W015046,3,9,0,3,0,0,0,0,0,0,2,1,2,1,59,9,1968,2,10,7,1,7
201643W016046,1,9,0,18,0,8,0,0,0,0,1,1,6,1,-1,-1,-1,-1,-1,-1,-1,-1
201643W016046,2,5,0,9,0,5,0,0,0,0,2,1,6,1,37,7,883,1,27,8,1,8
201643W017046,1,9,0,18,0,1,0,0,0,0,1,1,6,2,51,8,1296,1,8,10,1,10
201643W017046,2,9,0,7,0,6,0,0,0,0,1,1,6,1,44,7,1995,2,12,5,1,5
201643W019086,1,19,0,18,0,1,0,0,0,0,1,1,6,1,25,5,-1,-1,-1,-1,-1,-1
201643W019086,2,9,0,10,0,5,0,0,0,0,2,1,6,2,70,10,1198,1,2,10,1,10
201643W020046,1,9,0,4,0,1,0,0,0,0,2,1,2,1,52,8,1969,2,1,8,3,8
201643W020046,2,3,0,13,0,1,0,0,0,0,1,1,2,1,38,7,847,1,1,5,1,5
201643W020066,1,9,0,18,0,1,5,0,1,4,4,1,6,1,-1,-1,1596,1,11,-1,-1,-1
201643W020086,1,9,0,18,0,6,0,0,0,0,4,1,6,2,28,6,1587,1,9,10,1,10
201643W020086,2,1,0,18,0,8,0,0,0,0,1,1,6,1,58,9,-1,-1,-1,8,1,8
201643W021086,1,9,0,11,0,3,0,0,0,0,4,1,6,1,-1,-1,1498,1,-1,-1,-1,-1
201643W021086,2,9,0,18,0,3,0,0,0,0,3,1,2,1,22,5,-1,-1,-1,10,1,10
201643W022026,1,5,0,18,0,1,1,0,0,0,1,1,6,1,34,6,599,1,15,3,1,3
201643W023076,1,9,0,4,0,1,0,0,0,0,1,1,2,1,26,6,1590,1,18,4,1,4
201643W023076,2,1,0,4,0,1,0,0,0,0,4,1,4,1,13,3,-1,-1,-1,2,1,2
201643W023086,1,9,0,16,0,0,2,0,2,10,4,1,6,1,35,6,1796,1,14,6,3,6
201643W024026,1,9,0,18,0,0,2,0,0,0,3,1,2,2,56,9,1242,1,7,9,3,9
201643W024046,1,9,0,5,0,3,0,0,0,0,4,1,6,3,-1,-1,-1,-1,-1,-1,-1,-1
201643W024046,2,97,0,18,0,8,0,0,0,0,3,1,1,1,37,7,-1,-1,-1,5,1,5
201643W024066,1,5,0,17,0,0,0,10,1,11,4,1,6,1,32,6,675,1,-1,8,1,8
201643W024086,1,9,0,1,0,0,0,0,0,0,2,1,2,2,36,7,1390,1,5,10,1,10
201643W025026,1,9,0,7,0,6,0,0,0,0,1,1,6,2,34,6,1497,1,10,5,1,5
201643W025026,2,9,0,7,0,6,0,0,0,0,2,1,6,1,20,4,1390,1,13,3,1,3
201643W025056,1,9,0,7,0,5,0,0,0,0,0,1,6,2,48,8,2979,1,12,9,1,9
201643W025056,2,1,0,15,0,1,0,0,0,10,3,1,6,1,40,7,-1,-1,-1,7,1,7
201643W025076,1,9,0,9,0,6,0,0,0,0,4,1,6,1,46,8,1783,1,12,9,1,9
201643W025076,2,5,0,18,0,1,0,0,1,0,3,1,6,1,35,6,999,1,1,10,3,10
201643W025086,1,9,0,18,0,0,1,0,0,0,1,1,1,1,24,5,1796,1,7,10,1,10
201643W025086,2,9,0,18,0,0,0,0,0,0,2,1,6,2,45,7,1390,1,18,10,1,10
201643W026026,1,9,0,18,0,0,0,0,0,0,1,1,6,1,-1,-1,-1,-1,-1,-1,-1,-1
201643W026046,1,9,0,3,0,0,0,0,0,0,1,1,6,1,55,8,2179,2,9,5,1,5
201643W026046,2,9,0,3,0,0,0,0,0,0,2,1,6,2,34,6,1968,2,1,10,1,10
201643W026046,3,9,0,3,0,0,0,0,0,0,2,1,6,2,57,9,1124,1,12,10,1,10
201643W026046,4,9,0,3,0,0,0,0,0,0,2,1,6,1,49,8,1229,1,5,3,1,3
201643W026086,1,9,0,16,0,0,5,0,0,0,3,1,6,1,38,7,1299,1,14,10,2,10
201643W027026,1,1,0,4,4,1,0,0,0,0,3,1,6,1,34,6,-1,-1,-1,8,1,8
201643W027026,2,9,0,11,4,1,0,0,0,0,4,1,6,2,-1,-1,-1,-1,-1,-1,-1,-1
201643W027086,1,9,0,16,0,0,0,0,1,4,1,1,6,1,27,6,1199,1,15,10,2,10
201643W029026,1,9,0,18,0,0,0,0,0,0,1,1,1,1,49,8,3199,1,13,10,1,10
201643W029086,1,19,0,16,0,0,1,0,7,9,1,1,1,1,36,7,2198,2,7,8,1,8
201643W030026,1,9,0,7,0,6,0,0,0,0,1,1,6,1,34,6,-1,-1,-1,8,3,8
201643W030026,2,1,0,18,0,8,0,0,0,0,3,1,6,1,92,11,-1,-1,-1,7,1,7
201643W030036,1,19,0,13,0,0,0,0,0,0,4,1,6,1,-1,-1,1598,2,1,-1,-1,-1
201643W030036,2,21,1,18,0,0,0,0,0,0,3,1,1,1,37,7,10308,2,4,10,1,10
201643W030046,1,9,0,4,0,0,0,0,0,0,1,1,6,2,-1,-1,1497,2,-1,-1,-1,-1
201643W030046,2,9,0,4,0,0,0,0,4,6,2,1,6,1,21,5,1896,2,15,10,2,10
201643W030046,3,9,0,4,0,0,0,0,0,0,2,1,6,1,-1,-1,1560,2,12,-1,-1,-1
201643W030046,4,9,0,4,0,0,0,0,0,0,2,1,6,1,36,7,1598,2,2,-1,-1,-1
201643W030066,1,11,0,18,0,0,0,0,0,0,0,1,1,1,53,8,4500,2,5,10,1,10
201643W031036,1,19,0,9,0,5,0,0,0,0,4,1,2,1,40,7,2500,2,10,5,1,5
201643W031036,2,9,0,18,0,8,0,0,0,0,1,1,2,2,51,8,1598,2,2,6,1,6
201643W031066,1,5,0,18,0,0,1,0,0,0,3,1,6,1,45,7,-1,-1,-1,5,1,5
201643W031076,1,19,0,18,0,0,0,0,0,0,1,1,6,1,-1,-1,-1,-1,-1,-1,-1,-1
201643W031076,2,9,0,18,0,0,0,0,0,0,2,1,6,2,40,7,1997,2,6,4,1,4
201643W031076,3,9,0,18,0,0,1,0,0,0,1,1,6,1,50,8,1242,1,12,5,1,5
201643W032046,1,9,0,3,0,1,0,0,0,0,1,1,6,1,-1,-1,1596,1,14,-1,-1,-1
201643W032046,2,9,0,3,0,1,0,0,0,0,2,1,2,1,32,6,1896,2,15,7,1,7
201643W032056,1,9,0,18,0,0,0,0,0,0,1,1,6,2,55,8,1984,1,12,8,1,8
201643W032056,2,1,0,18,0,0,0,0,0,0,2,1,6,1,49,8,-1,-1,-1,8,3,8
201643W032066,1,2,0,18,0,0,1,0,0,0,1,1,6,1,16,4,49,1,3,9,1,9
201643W032066,2,9,0,3,0,0,0,0,0,0,2,1,6,2,62,9,1995,2,1,8,1,8
201643W032076,1,9,0,18,0,0,0,0,0,0,3,1,6,1,42,7,-1,-1,-1,8,3,8
201643W032076,2,9,0,18,0,0,0,0,0,0,3,1,6,2,31,6,1997,2,8,10,1,10
201643W032086,1,20,0,18,0,4,1,0,0,0,1,1,1,1,44,7,-1,-1,-1,6,1,6
201643W032086,2,9,0,18,0,3,0,0,0,0,3,1,6,2,46,8,-1,-1,-1,7,3,7
201643W032086,3,19,0,18,0,3,0,0,0,0,3,1,1,1,26,6,1598,2,5,9,1,9
201643W033026,1,9,0,11,0,1,0,0,0,0,4,1,2,1,60,9,1598,1,6,10,1,10
201643W033026,2,1,0,11,0,1,0,0,0,0,3,1,2,1,38,7,-1,-1,-1,9,3,9
201643W033056,1,9,0,18,0,0,0,0,1,11,1,1,6,2,24,5,998,1,2,5,1,5
201643W033056,2,9,0,18,0,0,0,0,1,0,1,1,6,1,29,6,1598,2,5,8,3,8
201643W033066,1,9,0,3,0,0,0,0,0,0,1,1,6,2,22,5,1229,1,5,8,1,8
201643W033066,2,9,0,18,0,0,0,0,0,0,2,1,6,2,40,7,1598,2,2,8,1,8
201643W033086,1,9,0,4,0,4,0,0,0,0,1,1,6,2,51,8,1199,1,13,9,1,9
201643W033086,2,9,0,4,0,4,0,0,0,0,2,1,2,1,34,6,1968,2,1,-1,-1,-1
201643W034026,1,9,0,18,0,0,0,0,0,0,1,1,6,1,-1,-1,-1,-1,-1,-1,-1,-1
201643W034086,1,9,0,18,0,8,0,0,0,0,3,1,6,1,38,7,1396,2,3,10,3,10
201643W034086,2,9,0,18,0,8,0,0,0,0,1,1,2,1,74,10,1598,1,11,10,1,10
201643W035056,1,1,0,18,0,0,0,0,0,0,1,1,6,1,14,3,-1,-1,-1,-1,-1,-1
201643W035056,2,9,0,18,0,0,0,0,0,0,4,1,1,1,57,9,1997,2,3,6,1,6
201643W035066,1,3,0,9,0,4,0,0,0,0,1,1,6,1,33,6,953,1,10,-1,-1,-1
201643W035066,2,9,0,18,0,8,0,0,0,0,4,1,6,1,46,8,1998,1,16,-1,-1,-1
201643W036026,1,9,0,18,0,0,0,10,1,2,1,1,6,1,26,6,4398,1,12,9,1,9
201643W036066,1,9,0,7,0,1,0,0,0,0,4,1,6,1,40,7,1242,1,9,10,1,10
201643W036066,2,4,0,18,2,1,0,0,0,0,3,1,2,1,20,4,125,1,10,10,1,10
201643W036076,1,1,0,18,9,0,0,0,0,0,4,1,2,1,36,7,-1,-1,-1,9,1,9
201643W037026,1,9,0,18,0,0,0,0,0,1,1,1,6,1,19,4,1388,1,11,2,1,2
201643W037026,2,9,0,3,0,0,0,0,0,0,2,1,6,1,28,6,1149,1,9,-1,-1,-1
201643W037056,1,9,0,7,0,1,0,0,0,0,1,1,6,3,-1,-1,-1,-1,-1,-1,-1,-1
201643W037056,2,9,0,5,0,1,0,0,0,0,2,1,6,2,43,7,1248,2,8,4,1,4
201643W037066,1,9,0,9,0,6,0,0,0,0,3,1,6,1,45,7,1398,1,10,10,1,10
201643W037066,2,3,0,18,0,1,0,0,0,0,1,1,6,1,19,4,125,1,-1,7,1,7
201643W038016,1,9,0,12,0,1,2,0,0,0,2,1,6,2,42,7,998,1,11,5,1,5
201643W038016,2,9,0,18,0,1,0,0,0,0,1,1,6,1,37,7,1499,1,1,10,2,10
201643W038036,1,8,0,3,0,3,0,0,0,0,2,1,6,1,50,8,2143,2,7,2,1,2
201643W038036,2,8,0,4,0,3,0,0,0,0,1,1,6,2,55,8,-1,-1,-1,10,1,10
201643W038056,1,9,0,18,0,0,0,0,1,4,4,1,6,1,39,7,1798,1,12,4,1,4
201643W039016,1,9,0,18,0,0,0,0,1,4,1,1,6,1,46,8,1598,1,11,8,1,8
201643W039046,1,4,0,16,0,0,1,0,0,0,1,1,6,1,18,4,124,1,2,9,2,9
201643W039046,2,9,4,17,0,0,1,0,0,0,1,1,6,1,82,11,-1,-1,-1,8,3,8
201643W040076,1,9,0,18,0,0,5,0,7,0,1,1,6,1,85,11,1360,1,14,9,1,9
201643W040076,2,9,0,2,0,0,0,0,0,0,2,1,6,1,17,4,1149,1,9,-1,-1,-1
201643W041056,1,9,0,18,0,0,0,0,0,0,1,1,6,1,52,8,1560,2,8,8,1,8
201643W042076,1,9,0,18,0,4,0,0,0,0,3,1,6,2,49,8,2188,2,9,10,1,10
201643W042076,2,1,0,9,0,8,0,0,0,0,1,1,6,1,51,8,-1,-1,-1,10,1,10
201643W043076,1,9,0,18,0,8,0,0,0,0,1,1,6,3,-1,-1,-1,-1,-1,-1,-1,-1
201643W043076,2,1,0,9,0,8,0,0,0,0,2,1,6,1,46,8,-1,-1,-1,8,1,8
201643W043086,1,9,0,9,0,8,0,0,0,0,3,1,6,1,29,6,-1,-1,-1,8,1,8
201643W043086,2,9,0,18,0,8,0,0,0,0,1,1,6,1,85,11,1590,1,12,-1,-1,-1
201643W044016,1,9,0,18,0,0,1,0,2,11,3,1,6,1,29,6,2494,1,19,4,1,4
201643W045016,1,9,0,18,0,0,1,0,0,0,1,1,6,1,23,5,2000,2,6,-1,1,-1
201643W045036,1,9,0,4,0,4,0,0,0,0,1,1,6,2,-1,-1,1390,1,5,-1,-1,-1
201643W045036,2,9,0,3,0,4,0,0,0,0,2,1,6,1,48,8,1598,1,13,8,1,8
201643W046046,1,19,0,18,0,0,0,0,0,0,1,1,6,1,28,6,1753,2,5,2,1,2
201643W046046,2,9,0,18,0,0,0,0,0,0,1,1,6,1,24,5,2995,1,3,-1,-1,-1
201643W046086,1,9,0,18,0,0,0,0,0,0,1,1,2,1,35,6,1248,1,-1,2,1,2
201643W046086,2,19,0,18,0,0,0,0,0,0,1,1,2,1,61,9,2198,2,6,8,1,8
201643W047016,1,9,0,17,0,2,1,0,1,11,1,1,1,1,22,5,-1,-1,-1,6,1,6
201643W047046,1,9,0,5,0,0,0,0,0,0,1,1,6,1,30,6,1896,2,14,5,1,5
201643W047046,2,9,0,18,0,0,0,0,0,0,3,1,6,1,37,7,1360,1,9,1,1,1
201643W047066,1,1,0,18,0,1,1,0,0,0,1,1,6,1,35,6,-1,-1,-1,7,1,7
201643W047066,2,9,0,10,0,5,0,0,0,0,2,1,2,1,45,7,1910,2,9,8,1,8
201643W047076,1,9,0,18,0,4,0,0,0,0,1,1,6,1,29,6,1560,2,4,7,1,7
201643W047076,2,1,0,18,0,8,0,0,0,0,2,1,6,1,44,7,-1,-1,-1,10,1,10
201643W047086,1,1,0,17,0,2,0,0,0,0,1,1,6,1,-1,-1,-1,-1,-1,-1,-1,-1
201643W048066,1,8,0,9,0,4,0,0,0,0,1,1,1,1,42,7,2402,2,10,4,1,4
201643W048066,2,1,0,18,0,8,0,0,0,0,4,1,2,2,41,7,-1,-1,-1,7,1,7
201643W048086,1,9,0,17,0,0,2,0,2,10,1,1,6,1,23,5,-1,-1,-1,9,2,9
201643W048086,2,9,0,16,0,0,0,0,0,0,3,1,6,2,48,8,2993,2,6,9,3,9
201643W048086,3,9,0,16,0,0,0,0,0,0,1,1,6,1,49,8,2143,2,5,8,3,8
201643W049016,1,9,0,13,0,0,0,0,0,0,2,1,6,1,44,7,1995,2,5,3,1,3
201643W049016,2,3,0,18,0,0,1,0,0,0,1,1,6,1,21,5,125,1,1,5,1,5
201643W049026,1,9,0,18,0,1,0,0,0,0,1,1,1,2,25,5,1596,1,11,8,1,8
201643W049026,2,9,0,3,0,1,0,0,0,0,2,1,2,1,30,6,1499,1,1,8,1,8
201643W050016,1,9,0,18,0,0,0,0,0,0,1,1,6,1,29,6,1896,2,15,4,1,4
201643W050036,1,8,0,18,0,4,0,0,0,0,1,1,1,1,-1,-1,2148,2,11,10,1,10
201643W050036,2,4,0,3,0,4,0,0,0,0,2,1,6,1,48,8,-1,-1,-1,10,1,10
201643W050076,1,9,0,10,0,4,0,0,0,0,1,1,1,2,54,8,1896,2,12,8,3,8
201643W050076,2,9,0,10,0,4,0,0,0,0,2,1,6,1,44,7,999,1,2,10,1,10
201643W050076,3,8,0,7,0,4,0,0,0,0,3,1,3,1,46,8,1997,2,3,6,1,6
201643W050086,1,19,0,9,0,1,0,0,0,0,3,1,6,1,31,6,2287,2,1,9,3,9
201643W050086,2,5,0,18,0,1,0,0,0,0,1,1,6,1,62,9,1215,1,3,5,1,5
201643W051016,1,9,0,18,0,1,1,0,0,0,1,1,6,1,43,7,2993,2,3,10,1,10
201643W051016,2,9,0,10,0,1,0,0,0,0,2,1,6,1,30,6,1798,1,4,9,1,9
201643W051046,1,9,0,16,0,0,1,0,7,9,1,1,2,2,27,6,-1,-1,-1,9,3,9
201643W051046,2,9,0,17,0,0,2,0,0,0,3,1,2,1,70,10,2987,2,2,7,3,7
201643W051056,1,1,0,18,0,1,0,0,0,0,1,1,6,1,17,4,-1,-1,-1,6,1,6
201643W051056,2,9,0,10,0,1,0,0,0,0,4,1,1,1,52,8,-1,-1,-1,6,1,6
201643W051076,1,9,0,13,0,0,0,0,0,0,4,1,6,3,-1,-1,-1,-1,-1,-1,-1,-1
201643W051076,2,1,0,18,0,0,0,0,0,0,3,1,2,1,44,7,-1,-1,-1,-1,-1,-1
201643W052036,1,9,0,17,0,0,0,0,7,0,1,1,1,1,18,4,1229,1,11,10,1,10
201643W052056,1,9,0,18,0,0,0,0,0,0,1,1,1,1,-1,-1,-1,-1,-1,-1,-1,-1
201643W052056,2,9,0,5,0,0,0,0,0,0,2,1,1,2,30,6,1910,2,9,6,1,6
201643W053026,1,9,0,3,0,1,0,0,0,0,1,1,6,1,60,9,1896,2,10,-1,-1,-1
201643W053026,2,9,0,3,0,2,0,0,0,0,2,1,2,2,23,5,1242,1,2,10,1,10
201643W053026,3,9,0,3,0,2,0,0,0,0,2,1,6,2,30,6,-1,-1,-1,-1,-1,-1
201643W053036,1,9,0,5,0,8,0,0,0,0,3,1,6,2,43,7,1598,1,6,9,1,9
201643W053036,2,3,0,18,0,8,0,0,0,0,1,1,6,1,27,6,125,1,10,10,1,10
201643W053046,1,9,0,11,0,0,0,0,0,0,4,1,6,1,35,6,1796,1,11,2,2,2
201643W053046,2,1,0,18,0,0,0,0,0,0,3,1,6,1,39,7,-1,-1,-1,4,1,4
201643W053056,1,9,0,18,0,0,0,0,0,0,1,1,6,2,32,6,1396,1,4,2,1,2
201643W054036,1,9,0,12,0,7,0,0,0,0,1,1,1,2,29,6,1900,2,12,6,2,6
201643W054036,2,9,0,12,0,7,0,0,0,6,2,1,6,1,23,5,1396,1,14,8,1,8
201643W054036,3,9,0,18,0,1,0,0,0,0,4,1,6,1,27,6,2143,2,1,10,1,10
201643W054036,4,9,0,18,0,1,0,0,0,0,4,1,6,1,29,6,1598,2,2,3,1,3
201643W054036,5,9,0,18,0,1,0,0,0,0,4,1,6,3,-1,-1,1995,2,2,-1,-1,-1
201643W054056,1,9,0,18,0,0,1,0,1,7,1,1,2,2,27,6,1796,1,12,5,1,5
201643W055026,1,9,0,18,0,8,0,0,0,0,1,1,6,1,42,7,1461,2,4,10,1,10
201643W055026,2,9,0,9,0,6,0,0,0,0,3,1,6,2,24,5,998,1,4,7,1,7
201643W055046,1,9,0,18,0,0,1,0,7,3,1,1,6,1,37,7,1560,2,10,7,3,7
201643W055056,1,9,0,7,0,5,0,0,0,0,4,1,6,2,-1,-1,-1,-1,-1,4,1,4
201643W055056,2,1,0,18,4,8,0,0,0,0,1,1,2,1,44,7,-1,-1,-1,10,1,10
201643W055076,1,9,0,17,0,0,2,0,1,11,1,1,6,1,25,5,-1,-1,-1,8,3,8
201643W055076,2,9,0,2,0,0,0,0,0,0,2,1,6,3,-1,-1,-1,-1,-1,-1,-1,-1
201643W055086,1,9,0,9,0,8,0,0,0,0,1,1,6,2,41,7,1997,1,8,10,1,10
201643W055086,2,9,0,18,0,1,0,0,0,0,1,1,6,1,18,4,1198,1,8,10,1,10
201643W056016,1,1,0,18,0,8,0,0,0,0,1,1,2,1,20,4,-1,-1,-1,1,1,1