Accident_Index,Vehicle_Reference,Vehicle_Type,Towing_and_Articulation,Vehicle_Manoeuvre,Vehicle_Location-Restricted_Lane,Junction_Location,Skidding_and_Overturning,Hit_Object_in_Carriageway,Vehicle_Leaving_Carriageway,Hit_Object_off_Carriageway,1st_Point_of_Impact,Was_Vehicle_Left_Hand_Drive?,Journey_Purpose_of_Driver,Sex_of_Driver,Age_of_Driver,Age_Band_of_Driver,Engine_Capacity_(CC),Propulsion_Code,Age_of_Vehicle,Driver_IMD_Decile,Driver_Home_Area_Type,Vehicle_IMD_Decile
201643W056016,2,19,0,9,0,5,0,0,0,0,4,1,1,1,49,8,2402,2,9,2,1,2
201643W056026,1,9,0,18,0,2,0,0,0,0,1,1,6,2,24,5,1598,1,9,6,1,6
201643W056026,2,9,0,18,0,2,0,0,0,0,2,1,6,1,52,8,1229,1,7,-1,-1,-1
201643W056056,1,9,0,9,0,5,0,0,0,0,3,1,6,1,-1,-1,-1,-1,-1,-1,-1,-1
201643W056056,2,2,0,14,0,8,0,0,7,0,1,1,1,1,16,4,49,1,1,6,2,6
201643W056086,1,9,0,9,0,1,0,0,0,0,1,1,6,1,26,6,999,1,1,7,1,7
201643W056086,2,1,0,18,0,1,0,0,0,0,3,1,6,1,59,9,-1,-1,-1,-1,-1,-1
201643W057016,1,9,0,18,0,0,0,0,7,10,1,1,6,1,47,8,1199,1,17,4,1,4
201643W057046,1,9,0,9,0,6,0,0,0,0,3,1,1,1,41,7,1956,2,4,10,1,10
201643W057046,2,4,0,13,0,8,0,0,0,0,1,1,1,1,22,5,125,1,-1,10,1,10
201643W057056,1,9,0,9,0,5,0,0,0,0,1,1,6,2,31,6,1598,1,14,8,1,8
201643W057056,2,9,0,8,0,1,0,0,0,0,4,1,6,1,55,8,-1,-1,-1,9,1,9
201643W057056,3,1,0,18,4,8,0,0,0,0,1,1,6,1,47,8,-1,-1,-1,6,1,6
201643W058026,1,9,0,3,0,7,0,0,0,0,1,1,6,1,56,9,1598,1,2,-1,-1,-1
201643W058026,2,9,0,3,0,7,0,0,1,0,2,1,6,2,56,9,1390,1,2,10,3,10
201643W058066,1,9,0,18,0,0,0,0,0,0,4,1,6,2,21,5,1398,1,1,-1,-1,-1
201643W060056,1,19,0,16,0,0,1,0,0,0,3,1,1,1,26,6,1598,2,1,7,1,7
201643W060056,2,9,0,17,0,0,0,0,1,9,3,1,1,1,49,8,1499,2,-1,6,1,6
201643W061036,1,9,0,18,0,0,0,0,0,0,4,1,2,1,61,9,1596,1,3,9,1,9
201643W061086,1,9,0,18,0,0,0,0,0,0,0,1,6,1,19,4,1995,2,9,3,1,3
201643W062076,1,9,0,18,0,6,0,0,0,0,1,1,6,2,37,7,998,1,4,9,1,9
201643W062076,2,1,0,18,0,8,0,0,0,0,3,1,6,1,54,8,-1,-1,-1,5,1,5
201643W063046,1,9,0,18,0,1,5,0,7,10,1,1,6,1,44,7,1998,1,12,10,3,10
201643W063046,2,9,0,9,0,8,0,0,0,0,0,1,6,1,63,9,1242,1,17,8,1,8
201643W064016,1,9,0,18,0,1,0,0,0,0,1,1,6,1,39,7,2616,1,8,-1,-1,-1
201643W064016,2,9,0,3,0,1,0,0,0,0,2,1,6,2,32,6,1596,1,11,10,1,10
201643W064066,1,19,0,4,0,0,0,0,0,0,1,1,6,1,-1,-1,1870,2,12,-1,-1,-1
201643W064066,2,9,0,4,0,0,0,0,0,0,2,1,6,2,32,6,1796,1,14,2,1,2
201643W064066,3,9,0,4,0,0,0,0,0,0,2,1,6,1,39,7,1386,1,9,5,1,5
201643W064066,4,9,0,4,0,0,0,0,0,0,2,1,6,1,63,9,1995,2,2,9,1,9
201643W065056,1,9,0,18,0,8,0,0,0,0,1,1,6,1,26,6,1598,1,14,5,1,5
201643W065056,2,9,0,18,0,8,0,0,7,0,4,1,6,2,82,11,1242,1,11,10,1,10
201643W065086,1,9,0,5,0,6,0,0,0,0,1,1,6,2,23,5,1598,1,14,10,1,10
201643W065086,2,5,0,14,0,1,1,0,0,0,1,1,6,1,22,5,599,1,9,-1,-1,-1
201643W067056,1,9,0,18,0,8,0,0,1,11,3,1,6,2,77,11,1198,1,5,5,1,5
201643W067056,2,9,0,18,0,8,0,0,1,11,1,1,6,1,45,7,998,1,1,10,1,10
201643W067066,1,9,0,18,0,0,2,0,7,4,3,1,6,3,-1,-1,1997,2,15,-1,-1,-1
201643W068026,1,9,0,4,0,0,0,0,0,0,2,1,6,2,43,7,1781,1,20,4,1,4
201643W068026,2,9,0,4,0,0,0,0,0,0,1,1,6,1,23,5,1242,1,7,10,2,10
201643W069026,1,9,0,9,0,5,0,0,0,0,1,1,6,1,20,4,-1,-1,-1,-1,-1,-1
201643W069026,2,1,0,18,0,1,0,0,0,0,1,1,6,2,55,8,-1,-1,-1,10,1,10
201643W070076,1,9,0,18,0,8,0,0,7,1,1,1,6,1,42,7,1596,1,12,6,1,6
201643W070076,2,9,0,18,0,8,0,0,1,1,1,1,6,2,58,9,1560,2,6,9,1,9
201643W070086,1,9,0,18,0,1,0,0,0,0,2,1,1,1,54,8,-1,-1,-1,9,1,9
201643W070086,2,1,0,18,0,1,0,0,0,0,1,1,6,1,57,9,-1,-1,-1,10,1,10
201643W071026,1,9,0,18,0,1,0,0,0,0,1,1,6,2,20,4,1598,1,4,6,1,6
201643W071036,1,9,0,18,0,0,0,0,0,0,1,1,2,1,30,6,1360,1,17,5,1,5
201643W071036,2,9,0,4,0,0,0,0,0,0,2,1,6,2,31,6,2987,2,8,10,1,10
201643W071066,1,9,0,18,0,0,5,0,6,6,1,1,6,1,24,5,-1,-1,-1,2,1,2
201643W071066,2,9,0,18,0,0,5,0,0,0,1,1,2,1,28,6,1995,1,10,4,1,4
201643W072046,1,9,0,1,0,8,0,0,0,0,2,1,6,3,-1,-1,1242,1,12,-1,-1,-1
201643W072046,2,1,0,5,0,8,0,0,0,0,3,1,2,1,34,6,-1,-1,-1,6,1,6
201643W072066,1,9,0,18,0,0,0,0,0,0,4,1,6,2,-1,-1,-1,-1,-1,-1,-1,-1
201643W072066,2,1,0,18,0,0,0,0,0,0,3,1,6,2,46,8,-1,-1,-1,7,1,7
201643W073036,1,1,0,14,0,0,0,0,0,0,4,1,6,1,30,6,-1,-1,-1,-1,-1,-1
201643W073036,2,9,0,2,0,0,0,0,0,0,3,1,1,1,52,8,-1,-1,-1,6,1,6
201643W074036,1,9,0,4,0,0,0,0,0,0,1,1,6,1,22,5,998,1,1,5,1,5
201643W074036,2,9,0,3,0,0,0,0,0,0,2,1,6,2,43,7,1968,2,8,4,1,4
201643W074076,1,21,0,18,0,0,0,11,0,0,0,1,1,1,51,8,12902,2,2,3,1,3
201643W074076,2,9,0,18,0,0,0,0,0,0,1,1,1,1,62,9,1598,2,4,6,2,6
201643W074086,1,9,0,18,0,0,0,0,0,0,1,1,6,1,18,4,998,1,10,8,3,8
201643W074086,2,9,0,18,0,0,1,0,1,9,1,1,2,1,48,8,3200,2,15,9,1,9
201643W075026,1,9,0,13,0,0,0,0,0,0,1,1,6,2,52,8,1997,2,13,5,1,5
201643W075026,2,9,0,18,0,0,0,0,1,0,1,1,6,1,20,4,1997,2,12,9,3,9
201643W075046,1,9,0,16,0,5,0,0,7,7,1,1,6,1,70,10,2457,1,2,10,1,10
201643W075086,1,9,0,12,0,0,0,10,7,11,1,1,6,2,54,8,1390,1,10,9,2,9
201643W075086,2,9,0,18,0,0,0,0,0,0,3,1,6,1,28,6,1997,1,10,8,1,8
201643W076026,1,1,0,18,0,2,0,0,0,0,0,1,6,1,79,11,-1,-1,-1,-1,-1,-1
201643W076086,1,21,1,18,0,0,0,0,0,0,1,1,1,1,30,6,11967,2,3,4,1,4
201643W076086,2,9,0,4,0,0,0,0,1,0,2,1,1,1,40,7,1999,1,5,7,1,7
201643W076086,3,19,0,4,0,0,0,0,0,0,2,1,1,1,30,6,-1,-1,-1,-1,-1,-1
201643W076086,4,9,4,4,0,0,0,0,0,0,2,1,6,1,45,7,1998,1,10,3,1,3
201643W076086,5,9,0,4,0,0,0,0,0,0,2,1,6,2,45,7,1796,1,10,3,1,3
201643W076086,6,21,0,4,0,0,0,0,0,0,2,1,1,1,-1,-1,12419,2,-1,1,1,1
201643W076086,7,21,1,4,0,0,0,0,0,0,2,1,1,1,30,6,10837,2,5,-1,-1,-1
201643W076086,8,21,1,4,0,0,0,0,0,0,2,1,1,1,-1,-1,12740,2,6,7,2,7
201643W077066,1,9,0,18,0,0,0,0,0,0,4,1,6,1,52,8,1598,1,8,-1,-1,-1
201643W077086,1,9,0,18,0,0,0,0,0,0,3,1,6,1,-1,-1,-1,-1,-1,-1,-1,-1
201643W077086,2,5,0,13,0,0,0,0,0,0,3,1,2,1,25,5,-1,-1,-1,2,1,2
201643W078016,1,1,0,5,0,0,0,0,0,0,3,1,6,1,35,6,-1,-1,-1,3,1,3
201643W078016,2,9,0,18,0,0,0,0,0,0,1,1,6,2,42,7,1796,1,15,5,1,5
201643W079046,1,9,0,5,9,6,0,0,0,0,1,1,2,2,36,7,1686,2,2,8,3,8
201643W080016,1,8,0,7,0,8,0,0,0,0,3,1,1,1,39,7,2499,2,7,3,1,3
201643W080016,2,1,0,18,0,8,0,0,0,0,1,1,2,1,39,7,-1,-1,-1,5,1,5
201643W080056,1,9,0,9,8,8,0,0,0,0,1,1,6,1,43,7,1796,1,6,9,1,9
201643W080056,2,9,0,13,0,8,0,0,0,0,1,1,6,2,24,5,1399,2,6,7,3,7
201643W080056,3,9,0,7,7,1,0,0,0,0,0,1,6,1,28,6,1910,2,9,9,1,9
201643W080076,1,9,0,11,0,1,0,0,0,0,3,1,6,1,-1,-1,-1,-1,-1,5,1,5
201643W080076,2,9,0,4,0,1,0,0,0,0,1,1,1,2,24,5,1461,2,1,10,3,10
201643W080086,1,9,0,18,0,4,0,0,0,0,1,1,6,2,23,5,1968,2,-1,10,1,10
201643W080086,2,9,0,18,0,8,0,0,0,0,4,1,6,1,45,7,1896,2,12,4,1,4
201643W081066,1,9,0,18,7,8,0,0,0,0,1,1,6,1,24,5,1781,1,15,-1,-1,-1
201643W081066,2,9,0,9,0,6,0,0,0,0,0,1,6,1,50,8,1968,2,5,-1,-1,-1
201643W081066,3,9,0,2,6,8,0,0,0,0,2,1,6,2,40,7,1598,1,7,2,1,2
201643W082056,1,1,0,5,0,0,0,0,0,0,4,1,6,1,38,7,-1,-1,-1,5,1,5
201643W082056,2,9,0,18,0,0,0,0,0,0,1,1,6,1,18,4,1196,1,19,5,1,5
201643W082076,1,9,0,18,0,0,0,0,0,0,1,1,6,2,29,6,1498,1,17,2,1,2
201643W082076,2,9,0,18,0,0,0,0,0,0,2,1,6,2,45,7,1598,1,7,3,1,3
201643W082076,3,9,0,18,0,0,0,0,0,0,2,1,1,1,20,4,1390,1,2,10,1,10
201643W083016,1,9,0,9,0,6,0,0,0,0,1,1,1,2,47,8,1968,2,4,9,3,9
201643W083016,2,9,0,9,0,5,0,0,0,0,1,1,1,2,47,8,-1,-1,-1,5,1,5
201643W083046,1,19,0,18,0,0,0,0,0,0,1,1,6,1,65,9,1997,2,12,10,2,10
201643W083046,2,9,0,18,0,0,0,0,0,0,2,1,6,3,-1,-1,-1,-1,-1,-1,-1,-1
201643W083046,3,21,0,18,0,0,0,0,0,0,2,1,6,3,-1,-1,-1,-1,-1,-1,-1,-1
201643W083066,1,1,0,5,0,8,0,0,0,0,3,1,6,1,81,11,-1,-1,-1,7,1,7
201643W083066,2,9,4,5,0,8,0,0,0,0,4,1,6,1,22,5,2993,2,1,9,1,9
201643W083076,1,3,0,18,0,8,0,0,7,0,1,1,6,1,17,4,124,1,2,6,1,6
201643W083086,1,9,0,9,0,5,0,0,0,0,3,1,6,1,65,9,1598,1,2,-1,3,-1
201643W083086,2,2,0,18,0,1,1,0,0,0,1,1,2,1,24,5,124,1,18,8,1,8
201643W084046,1,9,0,16,0,0,0,0,0,0,1,1,2,1,36,7,1360,1,13,10,1,10
201643W084046,2,19,0,17,0,0,0,0,0,0,1,1,1,1,30,6,2143,2,1,6,1,6
201643W084066,1,9,0,18,0,0,0,0,0,0,1,1,6,2,19,4,1299,1,11,10,1,10
201643W084066,2,9,0,18,0,0,0,0,0,0,1,1,2,1,40,7,1422,2,7,10,1,10
201643W084076,1,9,0,18,0,1,0,0,0,0,1,1,6,1,27,6,1364,1,12,7,1,7
201643W084076,2,21,0,5,0,1,0,0,0,0,1,1,1,1,65,9,11967,2,8,3,1,3
201643W085036,1,1,0,13,0,8,0,0,1,0,1,1,6,1,41,7,-1,-1,-1,-1,-1,-1
201643W085046,1,19,0,11,0,1,0,0,0,0,1,1,1,2,30,6,-1,-1,-1,10,1,10
201643W085046,2,9,0,11,0,1,0,0,0,0,2,1,6,1,57,9,-1,-1,-1,4,1,4
201643W085076,1,9,0,1,0,8,0,0,0,0,3,1,6,3,45,7,2993,2,6,9,1,9
201643W086036,1,9,0,18,0,0,1,0,7,10,1,1,6,1,23,5,-1,-1,-1,10,1,10
201643W086076,1,9,0,18,0,8,0,0,7,4,1,1,6,1,79,11,2204,2,9,9,3,9
201643W086086,1,9,0,7,0,8,0,0,0,0,4,1,6,1,55,8,1968,2,1,2,1,2
201643W086086,2,5,0,18,0,8,0,0,0,0,1,1,6,1,69,10,1261,1,12,5,1,5
201643W087016,1,9,0,18,0,4,0,0,0,0,1,1,6,2,-1,-1,1198,1,5,-1,-1,-1
201643W087026,1,9,0,18,0,0,0,0,0,0,0,1,6,3,-1,-1,-1,-1,-1,-1,-1,-1
201643W087026,2,9,0,18,0,0,1,0,1,7,4,1,6,1,20,4,1596,1,9,5,1,5
201643W087076,1,9,0,7,0,8,1,0,0,0,1,1,6,1,29,6,2993,2,6,8,3,8
201643W087076,2,9,0,18,0,1,0,0,0,0,1,1,6,1,38,7,1398,2,3,7,1,7
201643W088016,1,9,0,18,0,0,1,0,0,0,1,1,2,1,46,8,1796,1,16,7,1,7
201643W088016,2,9,0,18,0,0,1,0,0,0,1,1,2,2,23,5,1198,1,4,10,1,10
201643W088086,1,9,0,18,0,0,0,0,0,0,1,1,6,1,34,6,1956,2,2,5,1,5
201643W088086,2,9,0,4,0,0,2,0,4,6,2,1,6,2,23,5,1229,1,8,10,1,10
201643W089066,1,1,0,18,0,8,0,0,0,0,1,1,2,1,30,6,-1,-1,-1,5,1,5
201643W089066,2,9,0,5,0,3,0,0,0,0,3,1,2,2,48,8,2179,2,4,5,1,5
201643W090016,1,9,0,9,0,6,0,0,0,0,4,1,6,1,23,5,-1,-1,-1,5,1,5
201643W090016,2,9,0,18,0,8,0,0,0,0,1,1,6,1,19,4,1248,2,13,1,1,1
201643W090026,1,9,0,18,0,0,2,0,0,0,4,1,6,2,29,6,1360,1,13,4,1,4
201643W090026,2,9,0,18,0,0,1,0,4,6,3,1,6,2,69,10,1461,2,6,8,3,8
201643W090026,3,9,0,18,0,0,0,0,0,0,1,1,6,1,60,9,1242,1,1,-1,-1,-1
201643W090046,1,9,0,9,0,1,0,0,0,0,4,1,6,1,25,5,1396,1,13,7,1,7
201643W090046,2,9,0,18,0,8,0,0,0,0,1,1,2,2,41,7,1299,1,9,9,1,9
201643W090066,1,9,0,18,0,0,0,0,0,0,1,1,6,1,29,6,1796,1,9,5,1,5
201643W090066,2,9,0,18,0,0,0,0,0,0,2,1,6,2,24,5,1242,1,8,10,2,10
201643W090066,3,5,0,18,0,0,0,0,0,0,2,1,6,1,29,6,999,1,-1,8,1,8
201643W090076,1,9,0,7,0,4,0,0,0,0,1,1,6,1,56,9,1997,2,13,8,1,8
201643W090076,2,1,0,9,0,8,0,0,0,0,2,1,6,1,61,9,-1,-1,-1,10,1,10
201643W090086,1,9,4,18,0,0,5,0,0,0,0,1,1,1,23,5,-1,-1,-1,8,1,8
201643W091046,1,9,0,9,0,4,0,0,0,0,3,1,3,1,33,6,1360,1,17,9,1,9
201643W091046,2,1,0,18,0,8,0,0,0,0,1,1,2,1,43,7,-1,-1,-1,10,1,10
201643W091066,1,3,0,4,0,1,1,0,0,0,1,1,1,1,20,4,124,1,2,8,1,8
201643W091066,2,10,0,10,0,1,0,0,0,0,2,1,2,1,45,7,2402,2,6,6,3,6
201643W092016,1,9,0,17,0,0,0,0,1,0,1,1,6,1,32,6,1242,1,17,9,3,9
201643W092016,2,21,0,16,0,0,1,0,0,0,1,1,1,1,27,6,3920,2,10,4,1,4
201643W092066,1,9,0,14,0,0,0,0,0,0,3,1,6,2,30,6,999,1,1,3,1,3
201643W092066,2,9,0,18,0,0,0,0,0,0,3,1,6,3,50,8,2204,2,7,10,1,10
201643W092066,3,9,0,18,0,0,0,0,0,0,0,1,6,3,-1,-1,1388,1,7,4,1,4
201643W093056,1,9,0,4,0,6,0,0,0,0,0,1,3,1,38,7,1995,1,6,10,1,10
201643W093086,1,17,4,16,0,0,1,0,0,0,1,1,1,1,24,5,-1,2,6,6,3,6
201643W093086,2,21,5,17,0,0,0,0,0,0,1,1,1,1,19,4,6370,2,5,8,1,8
201643W094026,1,9,0,18,0,0,2,0,0,0,3,1,2,2,56,9,1328,1,11,9,3,9
201643W094046,1,9,0,18,0,0,2,0,1,4,4,1,6,2,53,8,1596,1,2,7,2,7
201643W095016,1,9,0,11,0,5,0,0,0,0,0,1,6,3,-1,-1,-1,-1,-1,-1,-1,-1
201643W095016,2,9,0,18,0,1,1,0,0,0,1,1,2,2,45,7,1598,2,1,10,1,10
201643W095016,3,9,0,4,0,1,0,0,0,0,2,1,2,1,44,7,3246,1,13,10,1,10
201643W095046,1,9,0,5,0,1,0,0,0,0,0,1,1,1,40,7,-1,-1,-1,6,1,6
201643W095046,2,3,0,5,0,1,0,0,0,0,0,1,1,2,25,5,125,1,1,4,1,4
201643W096016,1,1,0,17,0,0,1,0,0,0,1,1,6,1,54,8,-1,-1,-1,9,3,9
201643W096046,1,21,1,5,0,8,0,0,0,0,1,1,1,1,50,8,10518,2,4,4,1,4
201643W096056,1,9,0,16,0,0,1,0,0,0,1,1,6,1,18,4,1242,1,14,9,3,9
201643W096056,2,8,0,17,0,0,1,0,0,0,1,1,6,1,37,7,1968,2,7,8,1,8
201643W096076,1,9,0,18,0,3,0,0,0,0,1,1,1,1,35,6,-1,-1,-1,5,1,5
201643W096076,2,9,0,3,0,3,0,0,0,0,2,1,6,2,44,7,1242,1,13,5,1,5
201643W096086,1,9,0,18,6,0,0,0,2,7,1,1,6,1,57,9,1598,1,10,2,1,2
201643W097016,1,9,0,7,0,6,0,0,0,0,1,1,6,2,45,7,-1,-1,-1,4,1,4
201643W097016,2,1,0,14,0,8,0,0,0,0,2,1,1,1,47,8,-1,-1,-1,5,1,5
201643W097026,1,9,0,18,0,0,0,0,0,0,1,1,6,1,58,9,1560,2,3,7,3,7
201643W097026,2,1,0,18,0,0,0,0,0,0,2,1,6,1,25,5,-1,-1,-1,-1,-1,-1
201643W097066,1,9,0,18,0,0,1,0,0,7,1,1,6,1,22,5,-1,-1,-1,4,1,4
201643W097066,2,9,0,18,0,0,0,0,0,0,2,1,6,1,36,7,1461,2,7,1,1,1
201643W097066,3,9,0,18,0,0,0,0,0,0,4,1,6,2,28,6,2993,2,3,4,1,4
201643W098056,1,5,0,18,0,0,0,0,4,0,1,1,6,1,62,9,865,1,10,4,1,4
201643W098086,1,9,0,9,0,5,0,0,0,1,4,1,6,2,82,11,995,1,7,10,1,10
201643W098086,2,1,0,18,4,8,0,0,0,0,1,1,2,1,38,7,-1,-1,-1,-1,-1,-1
201643W099016,1,9,0,18,0,0,5,0,1,9,1,1,6,1,29,6,1587,1,11,2,1,2
201643W099056,1,9,0,16,0,0,1,0,7,9,1,1,6,1,55,8,1997,2,-1,8,1,8
201643W099056,2,9,0,17,0,0,5,0,1,9,1,1,6,2,55,8,999,1,1,5,1,5
201643W099086,1,9,0,18,0,8,0,0,0,0,1,1,6,1,28,6,1497,1,15,6,3,6
201643W099086,2,9,0,9,0,8,5,0,1,9,4,1,6,1,19,4,1896,2,10,5,3,5
201643W100036,1,9,4,13,0,0,0,0,0,0,0,1,6,1,73,10,-1,-1,-1,8,3,8
201643W100036,2,16,0,18,0,0,0,0,0,0,0,1,6,2,51,8,-1,-1,-1,5,1,5
201643W101036,1,9,0,18,0,8,0,0,0,0,3,1,1,2,27,6,1997,2,4,10,2,10
201643W101036,2,9,0,18,0,8,0,0,7,1,1,1,2,1,87,11,1896,2,12,10,1,10
201643W101046,1,3,0,18,0,3,1,9,7,10,1,1,6,1,23,5,999,1,-1,8,1,8
201643W101056,1,19,0,6,0,1,0,0,0,0,0,1,6,1,-1,-1,-1,-1,-1,-1,-1,-1
201643W101056,2,11,0,5,0,1,0,0,0,0,0,1,1,1,45,7,-1,-1,-1,9,1,9
201643W101066,1,20,0,13,0,0,0,0,0,0,3,1,1,1,23,5,-1,-1,-1,4,1,4
201643W101066,2,1,0,18,0,0,0,0,0,0,4,1,6,2,24,5,-1,-1,-1,10,1,10
201643W101086,1,1,0,18,0,6,0,0,0,0,1,1,6,1,12,3,-1,-1,-1,9,1,9
201643W101086,2,9,0,18,0,8,0,0,0,0,4,1,6,2,61,9,1499,1,-1,8,3,8
201643W102086,1,9,0,3,0,1,0,0,0,0,1,1,6,3,-1,-1,-1,-1,-1,-1,-1,-1
201643W102086,2,9,0,3,0,1,0,0,0,0,2,1,6,1,25,5,-1,-1,-1,-1,-1,-1
201643W102086,3,9,0,10,0,1,0,0,0,0,3,1,6,1,43,7,2143,2,4,3,1,3
201643W103046,1,9,0,5,0,4,0,0,0,0,3,1,6,2,25,5,1598,1,3,3,1,3
201643W103046,2,1,0,18,0,8,0,0,0,0,1,1,1,1,21,5,-1,-1,-1,2,1,2
201643W103066,1,9,0,18,0,1,0,0,0,0,1,1,6,1,-1,-1,-1,-1,-1,-1,-1,-1
201643W103066,2,9,0,4,0,1,0,0,0,0,2,1,6,1,57,9,-1,-1,-1,6,1,6
201643W103066,3,9,0,4,0,1,0,0,0,0,2,1,6,1,56,9,-1,-1,-1,6,1,6
201643W103086,1,1,0,18,0,8,0,0,0,0,1,1,6,1,12,3,-1,-1,-1,-1,-1,-1
201643W103086,2,9,0,18,0,8,0,0,0,0,3,1,6,2,60,9,1388,1,10,-1,-1,-1
201643W104036,1,4,0,4,0,2,0,0,0,0,1,1,2,1,60,9,-1,-1,-1,5,1,5
201643W104066,1,9,0,18,0,5,5,0,2,7,4,1,6,2,27,6,1686,2,13,5,1,5
201643W105016,1,9,0,18,0,0,1,0,0,0,1,1,6,1,38,7,1497,1,13,7,1,7
201643W105016,2,9,0,18,0,0,0,0,0,0,2,1,6,1,60,9,-1,-1,-1,6,1,6
201643W105016,3,9,0,18,0,0,0,0,0,0,2,1,6,1,55,8,1390,1,8,10,1,10
201643W105026,1,9,0,18,0,0,1,0,5,6,1,1,6,2,31,6,1587,1,11,-1,2,-1
201643W105026,2,9,0,12,0,0,0,0,0,0,0,1,6,3,-1,-1,-1,-1,-1,-1,-1,-1
201643W105056,1,9,0,18,0,0,0,0,0,0,1,1,6,1,19,4,1686,2,11,-1,-1,-1
201643W105056,2,9,0,18,0,0,0,0,0,0,2,1,6,1,18,4,1398,1,1,10,1,10
201643W106056,1,21,1,13,0,0,0,0,0,0,4,2,1,1,43,7,-1,-1,-1,-1,-1,-1
201643W106056,2,1,0,18,0,0,0,0,0,0,3,1,6,1,48,8,-1,-1,-1,9,3,9
201643W106076,1,19,0,1,9,0,0,0,0,0,2,1,6,1,22,5,1998,2,12,10,1,10
201643W107026,1,9,0,18,0,0,0,0,0,0,4,1,6,3,-1,-1,-1,-1,-1,-1,-1,-1
201643W107056,1,9,0,18,0,1,0,0,0,0,1,1,6,1,-1,-1,-1,-1,-1,9,1,9
201643W107056,2,19,0,3,0,1,0,0,0,0,2,1,6,2,29,6,-1,-1,-1,5,1,5
201643W107086,1,9,0,18,0,8,0,0,0,0,1,1,6,2,38,7,1998,1,11,1,1,1
201643W107086,2,9,0,18,0,8,0,0,1,0,1,1,6,1,65,9,-1,-1,-1,9,1,9
201643W108076,1,19,0,18,0,4,0,0,0,0,1,1,2,1,47,8,1995,2,9,9,1,9
201643W108076,2,1,0,3,0,4,0,0,0,0,2,1,2,1,21,5,-1,-1,-1,10,1,10
201643W108086,1,19,0,18,0,1,0,0,0,0,1,1,6,3,-1,-1,-1,-1,-1,-1,-1,-1
201643W108086,2,1,0,18,0,1,0,0,1,0,2,1,6,2,41,7,-1,-1,-1,5,1,5
201643W109066,1,9,0,9,0,5,0,0,0,0,4,1,6,1,34,6,1396,1,14,2,1,2
201643W109066,2,9,0,18,0,8,0,0,0,0,1,1,6,2,53,8,1498,1,-1,-1,-1,-1
201643W109086,1,9,0,4,0,6,0,0,0,0,1,1,6,1,50,8,-1,-1,-1,-1,-1,-1
201643W109086,2,1,0,5,0,8,0,0,0,0,2,1,2,1,36,7,-1,-1,-1,3,1,3
201643W110046,1,9,0,18,0,0,1,0,0,0,1,1,6,2,43,7,1721,1,29,9,1,9
201643W110066,1,9,0,9,0,6,0,0,0,0,3,1,6,2,42,7,1994,2,7,7,3,7
201643W110066,2,3,0,18,0,8,0,0,0,0,1,1,6,1,20,4,125,1,1,7,3,7
201643W111016,1,21,0,18,0,1,0,0,0,0,1,1,1,1,-1,-1,4250,2,15,10,1,10
201643W111036,1,9,0,18,0,3,0,0,0,0,1,1,6,1,20,4,1598,2,6,7,3,7
201643W111036,2,9,0,3,0,3,0,0,0,0,2,1,6,1,40,7,1598,1,13,10,3,10
201643W112066,1,9,0,18,0,0,0,0,0,0,1,1,6,3,-1,-1,-1,-1,-1,-1,-1,-1
201643W112066,2,1,0,18,0,0,0,0,0,0,2,1,6,1,45,7,-1,-1,-1,7,3,7
201643W112086,1,9,0,18,0,1,0,0,0,0,1,1,6,1,42,7,-1,-1,-1,3,1,3
201643W112086,2,1,0,5,0,6,0,0,0,0,4,1,6,1,22,5,-1,-1,-1,5,1,5
201643W113086,1,9,0,7,0,5,0,0,0,0,4,1,6,2,44,7,2290,1,14,7,1,7
201643W113086,2,5,0,18,2,8,0,0,0,0,1,1,6,1,27,6,675,1,3,10,1,10
201643W114036,1,1,0,18,0,6,0,0,0,0,1,1,6,2,27,6,-1,-1,-1,4,1,4
201643W114036,2,9,0,18,0,8,0,0,0,0,3,1,6,1,77,11,-1,-1,-1,9,3,9
201643W114046,1,9,0,7,0,5,0,0,0,0,4,1,6,3,-1,-1,-1,-1,-1,-1,-1,-1
201643W114046,2,1,0,18,4,1,0,0,0,0,3,1,6,2,26,6,-1,-1,-1,3,1,3
201643W114086,1,9,0,2,0,8,0,0,0,0,2,1,6,3,-1,-1,1598,2,1,-1,-1,-1
201643W114086,2,1,0,18,0,8,0,0,0,0,1,1,6,2,10,2,-1,-1,-1,7,1,7
201643W115016,1,9,0,16,0,0,1,0,7,10,1,1,2,1,47,8,1598,1,9,10,3,10
201643W115016,2,9,0,17,0,0,0,0,0,0,1,1,3,2,42,7,3997,2,8,7,3,7
201643W115036,1,9,0,7,0,5,0,0,0,0,4,1,3,2,25,5,2198,2,10,10,1,10
201643W115036,2,1,0,18,4,1,0,0,0,0,1,1,2,1,41,7,-1,-1,-1,9,1,9
201643W115046,1,21,0,18,0,0,0,0,0,0,1,1,1,3,56,9,12777,2,5,3,1,3
201643W115046,2,9,0,18,0,0,1,0,7,0,2,1,2,2,60,9,1596,1,14,7,3,7
201643W115046,3,9,0,18,0,0,0,0,0,0,1,1,6,1,21,5,1229,1,9,10,1,10
201643W115066,1,9,0,14,0,1,0,0,0,0,4,1,6,1,25,5,1984,1,13,3,1,3