Accident_Index,Vehicle_Reference,Vehicle_Type,Towing_and_Articulation,Vehicle_Manoeuvre,Vehicle_Location-Restricted_Lane,Junction_Location,Skidding_and_Overturning,Hit_Object_in_Carriageway,Vehicle_Leaving_Carriageway,Hit_Object_off_Carriageway,1st_Point_of_Impact,Was_Vehicle_Left_Hand_Drive?,Journey_Purpose_of_Driver,Sex_of_Driver,Age_of_Driver,Age_Band_of_Driver,Engine_Capacity_(CC),Propulsion_Code,Age_of_Vehicle,Driver_IMD_Decile,Driver_Home_Area_Type,Vehicle_IMD_Decile
201643W115066,2,9,0,2,0,1,0,0,0,0,3,1,6,3,-1,-1,1598,1,1,-1,-1,-1
201643W115076,1,9,0,18,0,0,1,0,0,0,1,1,6,2,28,6,1242,1,3,9,3,9
201643W115076,2,9,0,4,0,0,0,0,0,0,2,1,6,1,70,10,1197,1,-1,8,2,8
201643W116076,1,9,0,9,0,6,0,0,0,0,1,1,1,1,32,6,1399,2,13,4,1,4
201643W116076,2,9,0,18,0,1,0,0,0,0,4,1,1,1,22,5,1596,1,12,8,2,8
201643W117016,1,9,0,16,0,0,2,0,1,0,1,1,2,2,46,8,1199,1,14,7,3,7
201643W118016,1,9,0,4,0,1,0,0,0,0,1,2,6,1,-1,-1,1781,1,14,-1,-1,-1
201643W118016,2,1,0,18,0,8,0,0,0,0,1,1,1,1,29,6,-1,-1,-1,4,1,4
201643W118036,1,9,0,18,0,0,0,0,0,0,1,1,6,1,-1,-1,1596,1,15,-1,-1,-1
201643W118036,2,9,0,3,0,0,0,0,0,0,2,1,6,1,38,7,1791,8,5,3,1,3
201643W118046,1,5,0,18,0,0,1,0,1,0,0,1,6,1,20,4,955,1,10,4,1,4
201643W118056,1,9,0,4,0,0,0,4,0,0,1,1,2,2,41,7,1991,2,7,9,1,9
201643W118056,2,9,0,3,0,0,0,0,0,0,2,1,6,1,30,6,2393,1,15,9,1,9
201643W118056,3,9,0,3,0,0,0,0,0,0,2,1,2,2,27,6,2996,1,9,10,1,10
201643W118086,1,5,0,11,0,8,1,0,0,0,4,1,6,1,27,6,897,1,12,10,1,10
201643W118086,2,9,0,18,0,8,0,0,0,0,3,1,6,1,35,6,1796,1,3,9,1,9
201643W119046,1,9,0,7,0,8,0,0,0,0,4,1,6,1,-1,-1,1995,2,5,-1,-1,-1
201643W119046,2,1,0,18,0,8,0,0,0,0,3,1,6,1,19,4,-1,-1,-1,8,3,8
201643W119066,1,9,0,9,0,6,0,0,0,0,1,1,6,1,74,10,2148,2,12,5,1,5
201643W119066,2,9,0,18,0,1,0,0,0,0,1,1,6,1,45,7,1199,2,4,8,2,8
201643W119086,1,9,0,13,0,0,0,0,0,0,4,1,6,3,-1,-1,1149,1,18,-1,-1,-1
201643W119086,2,19,0,5,0,0,0,0,0,0,3,1,1,1,57,9,1995,2,4,4,1,4
201643W120056,1,9,0,4,0,1,0,0,0,0,0,1,2,2,48,8,998,1,4,10,2,10
201643W120056,2,5,0,18,0,8,0,0,0,0,1,1,2,1,58,9,998,1,13,10,1,10
201643W120066,1,9,0,9,0,4,0,0,0,0,0,1,6,1,55,8,2000,2,6,-1,-1,-1
201643W120066,2,1,0,9,0,8,0,0,0,0,0,1,6,1,48,8,-1,-1,-1,10,1,10
201643W121046,1,3,0,13,0,0,0,0,0,0,4,1,6,1,19,4,124,1,1,7,1,7
201643W121046,2,9,0,13,0,0,0,0,0,0,3,1,6,2,37,7,998,1,4,7,1,7
201643W121076,1,5,0,18,0,8,0,0,0,0,1,1,1,1,26,6,847,1,1,10,1,10
201643W121076,2,9,0,3,0,8,0,0,0,0,3,1,1,1,42,7,1686,2,11,8,1,8
201643W122016,1,9,0,16,0,0,1,0,0,0,2,1,1,1,20,4,1124,1,15,8,3,8
201643W122016,2,10,0,17,0,0,0,0,0,0,1,1,1,1,43,7,-1,-1,-1,-1,-1,-1
201643W122026,1,9,0,18,0,0,0,0,0,0,1,1,1,1,34,6,2799,1,19,6,1,6
201643W122026,2,19,0,18,0,0,0,0,0,0,2,1,1,1,33,6,2198,2,4,2,1,2
201643W122026,3,9,0,18,0,0,0,0,0,0,2,1,1,1,50,8,2143,2,5,6,1,6
201643W122026,4,9,0,18,0,0,0,0,0,0,2,1,1,2,19,4,1388,1,12,2,1,2
201643W122026,5,9,0,18,0,0,0,0,0,0,2,1,6,3,-1,-1,1598,1,2,-1,-1,-1
201643W123016,1,1,0,18,0,2,0,0,0,0,1,1,6,2,20,4,-1,-1,-1,-1,-1,-1
201643W123016,2,20,0,3,0,2,0,0,0,0,2,1,1,1,57,9,3920,2,11,8,1,8
201643W123036,1,1,0,9,0,8,0,0,0,0,1,1,6,1,16,4,-1,-1,-1,9,1,9
201643W123036,2,21,0,18,0,1,0,0,0,0,4,1,1,1,65,9,6370,2,6,7,1,7
201643W123056,1,9,0,18,0,0,0,0,0,0,1,1,6,2,26,6,1229,1,10,4,1,4
201643W123056,2,1,0,18,0,0,0,0,0,0,3,1,6,1,26,6,-1,-1,-1,3,1,3
201643W123086,1,9,0,18,0,8,0,0,1,0,3,1,6,1,-1,-1,973,1,13,-1,-1,-1
201643W123086,2,9,0,9,0,8,0,0,3,0,4,1,6,1,40,7,1248,1,3,2,1,2
201643W124026,1,9,0,9,0,3,0,0,0,0,1,1,6,1,53,8,1598,1,2,-1,-1,-1
201643W124086,1,9,0,18,0,0,2,0,7,10,4,1,6,1,18,4,-1,-1,-1,4,1,4
201643W125036,1,9,0,5,0,1,0,0,0,0,4,1,6,2,17,4,1364,1,9,-1,-1,-1
201643W125056,1,9,0,4,0,0,1,0,0,0,1,1,6,1,41,7,-1,-1,-1,9,3,9
201643W125056,2,9,0,4,0,0,0,0,0,0,2,1,6,1,28,6,1398,2,7,9,1,9
201643W125056,3,9,0,4,0,0,0,0,0,0,2,1,6,1,75,10,1998,1,3,9,1,9
201643W126056,1,19,0,18,0,4,0,0,0,0,3,1,1,1,50,8,1248,2,2,5,1,5
201643W126056,2,1,0,9,0,8,0,0,0,0,1,1,6,1,49,8,-1,-1,-1,6,2,6
201643W127036,1,9,0,14,0,0,0,0,0,0,1,1,2,1,36,7,-1,-1,-1,7,1,7
201643W127076,1,9,0,4,0,0,0,0,0,0,1,1,2,1,23,5,-1,-1,-1,7,3,7
201643W127076,2,9,0,3,0,0,0,0,0,0,2,1,6,2,75,10,-1,-1,-1,6,3,6
201643W128046,1,9,0,18,0,2,0,0,0,0,1,1,6,1,26,6,-1,-1,-1,10,1,10
201643W128046,2,9,0,18,0,2,0,0,0,0,2,1,6,2,45,7,2993,2,4,-1,-1,-1
201643W129076,1,9,0,18,0,0,0,0,0,0,4,1,6,2,22,5,1595,1,12,6,3,6
201643W129076,2,9,0,2,0,0,0,0,0,0,3,1,6,3,-1,-1,-1,-1,-1,-1,-1,-1
201643W130036,1,9,0,9,0,8,0,0,0,0,4,1,6,1,23,5,1390,1,14,-1,-1,-1
201643W130036,2,2,0,18,0,8,0,0,0,0,1,1,1,1,19,4,114,1,2,2,1,2
201643W130056,1,9,0,18,0,0,5,4,0,0,1,1,6,1,21,5,2179,2,4,6,3,6
201643W130056,2,9,0,2,0,0,0,0,0,0,2,1,6,1,23,5,1997,1,12,4,1,4
201643W130066,1,9,0,18,0,0,0,0,0,0,1,1,6,1,30,6,2290,1,12,1,1,1
201643W130066,2,9,0,2,0,0,0,0,0,0,1,1,6,1,27,6,1388,1,13,-1,-1,-1
201643W131056,1,21,1,7,0,5,0,0,0,0,0,1,1,1,57,9,12902,2,3,1,1,1
201643W131066,1,9,0,18,0,1,0,0,0,0,1,1,6,3,-1,-1,-1,-1,-1,-1,-1,-1
201643W131066,2,9,0,18,0,1,0,0,0,0,2,1,6,3,-1,-1,-1,-1,-1,-1,-1,-1
201643W131066,3,9,0,18,0,1,0,0,0,0,2,1,6,3,-1,-1,-1,-1,-1,-1,-1,-1
201643W131076,1,19,0,18,0,1,0,0,1,0,1,1,1,1,28,6,1968,2,1,7,1,7
201643W131076,2,9,0,18,0,8,0,0,1,0,3,1,1,1,48,8,1998,1,2,8,1,8
201643W132036,1,9,0,4,0,4,0,0,0,0,1,1,6,1,20,4,1242,1,7,4,1,4
201643W132036,2,9,0,4,0,4,0,0,0,0,2,1,6,2,24,5,1398,1,1,2,2,2
201643W132076,1,9,0,18,0,0,0,0,0,0,1,1,6,1,28,6,1995,1,8,10,1,10
201643W133046,1,9,0,18,0,4,0,0,0,0,1,1,6,1,-1,-1,-1,-1,-1,-1,-1,-1
201643W133046,2,9,0,3,0,1,0,0,0,0,2,1,2,1,22,5,1149,1,15,1,1,1
201643W134076,1,9,0,9,0,6,0,0,0,0,1,1,6,2,53,8,1598,1,9,10,1,10
201643W134076,2,5,0,17,0,1,0,0,0,0,1,1,6,1,20,4,656,1,10,8,1,8
201643W134086,1,9,0,18,0,1,0,0,0,0,1,1,6,1,21,5,1399,2,13,-1,-1,-1
201643W134086,2,9,0,3,0,1,0,0,0,0,2,1,6,2,48,8,1796,1,6,10,1,10
201643W135016,1,9,0,5,0,0,0,0,7,10,4,1,6,1,80,11,998,1,4,7,3,7
201643W135026,1,9,0,3,0,1,0,0,0,0,1,1,6,2,-1,-1,-1,-1,-1,-1,-1,-1
201643W135026,2,9,0,3,0,1,0,0,0,0,2,1,6,1,22,5,1198,1,9,7,3,7
201643W135026,3,9,0,3,0,1,0,0,0,0,2,1,6,3,-1,-1,-1,-1,-1,-1,-1,-1
201643W135066,1,9,0,18,0,3,0,0,0,0,1,1,1,1,42,7,2685,2,11,9,2,9
201643W135066,2,4,0,18,0,3,0,0,0,0,2,1,1,1,58,9,395,1,8,4,1,4
201643W136016,1,9,0,18,0,0,0,0,0,0,1,1,1,1,45,7,1248,2,1,-1,-1,-1
201643W136026,1,9,0,9,0,5,5,0,7,1,4,1,6,2,32,6,1598,1,7,8,3,8
201643W136026,2,9,0,18,0,1,0,0,1,1,1,1,6,1,45,7,-1,-1,-1,6,3,6
201643W136036,1,9,0,18,0,8,0,0,0,0,1,1,6,1,60,9,1598,1,14,3,1,3
201643W136086,1,1,0,9,0,8,0,0,0,0,4,1,6,1,58,9,-1,-1,-1,3,1,3
201643W136086,2,9,0,18,0,8,0,0,0,0,1,1,6,1,23,5,999,1,2,10,1,10
201643W137026,1,9,0,18,0,1,0,0,0,0,1,1,6,1,29,6,1796,1,9,9,3,9
201643W137026,2,9,0,3,0,1,0,0,0,0,2,1,6,1,58,9,1997,2,8,3,1,3
201643W137026,3,9,0,3,0,1,0,0,0,0,2,1,6,2,23,5,1397,1,8,9,2,9
201643W138016,1,9,0,16,0,8,0,0,0,0,1,1,6,2,38,7,1598,2,2,9,3,9
201643W138016,2,9,0,17,0,8,0,0,0,0,3,1,6,2,54,8,-1,-1,-1,8,2,8
201643W139016,1,19,0,18,0,0,0,0,0,0,4,1,1,1,38,7,1995,2,3,10,1,10
201643W139026,1,9,0,9,0,6,0,0,0,0,1,1,6,1,32,6,1753,2,9,7,1,7
201643W139026,2,3,0,18,0,1,1,0,0,0,4,1,6,1,34,6,125,1,1,10,1,10
201643W139056,1,9,0,9,0,8,0,0,0,0,3,1,1,1,39,7,1395,8,-1,4,1,4
201643W139056,2,1,0,13,0,8,0,0,0,0,4,1,6,1,63,9,-1,-1,-1,10,1,10
201643W140026,1,9,0,18,0,8,0,0,0,0,1,1,6,1,71,10,-1,-1,-1,4,1,4
201643W140026,2,9,0,9,0,6,0,0,0,0,3,1,6,2,75,10,-1,-1,-1,9,2,9
201643W140066,1,19,0,18,0,0,1,0,4,6,1,1,1,1,30,6,2143,2,3,6,1,6
201643W140066,2,9,0,18,0,0,0,0,0,0,1,1,6,2,35,6,1461,2,1,8,1,8
201643W140066,3,9,0,18,0,0,0,0,0,0,1,1,6,1,26,6,-1,-1,-1,7,1,7
201643W142066,1,9,0,11,0,0,2,0,1,0,1,1,6,2,20,4,1364,1,11,10,2,10
201643W144046,1,9,0,18,0,0,1,0,0,0,3,1,6,2,69,10,1299,1,11,7,2,7
201643W144046,2,19,0,18,0,0,0,0,0,0,4,1,1,1,36,7,2143,2,1,-1,-1,-1
201643W145076,1,9,0,5,0,8,0,0,0,0,3,1,6,2,72,10,1398,1,2,8,2,8
201643W145076,2,9,0,18,0,8,0,0,0,0,1,1,6,2,44,7,1753,2,17,10,1,10
201643W146046,1,1,0,18,0,0,0,0,0,0,1,1,6,2,30,6,-1,-1,-1,10,1,10
201643W146046,2,9,0,2,0,0,0,0,0,0,2,1,6,2,41,7,3498,1,9,10,1,10
201643W147016,1,9,0,18,0,6,0,0,0,0,3,1,6,2,80,11,1388,1,5,10,1,10
201643W147016,2,17,0,18,0,8,0,0,0,0,1,1,2,1,21,5,6788,2,1,-1,-1,-1
201643W147056,1,9,0,18,0,0,0,0,0,0,1,1,6,2,39,7,2143,2,2,-1,-1,-1
201643W147056,2,9,0,18,0,0,0,0,0,0,2,1,6,1,39,7,2143,2,6,10,1,10
201643W147056,3,9,0,18,0,0,0,0,0,0,2,1,6,2,52,8,1781,1,15,10,1,10
201643W149046,1,5,0,18,0,0,1,0,7,4,3,1,6,1,56,9,-1,-1,-1,9,2,9
201643W149086,1,9,0,7,0,3,0,0,0,0,1,1,6,1,32,6,2993,2,5,3,1,3
201643W149086,2,9,0,13,0,3,0,0,0,0,4,1,6,1,36,7,1596,1,8,4,1,4
201643W150046,1,9,0,18,0,1,0,0,0,0,0,1,1,1,-1,-1,2400,2,3,4,1,4
201643W150046,2,9,0,13,0,1,0,0,0,0,1,1,6,1,24,5,1388,1,14,5,1,5
201643W150046,3,9,0,9,0,2,0,0,0,0,1,1,1,2,44,7,1496,2,1,4,1,4
201643W150086,1,9,0,18,0,0,0,0,0,0,4,1,6,2,80,11,1199,2,5,9,3,9
201643W151026,1,5,0,7,0,5,1,0,7,1,1,1,6,1,33,6,748,1,9,5,1,5
201643W151086,1,17,0,18,0,0,0,0,0,0,4,1,1,1,21,5,-1,2,1,9,3,9
201643W152086,1,9,0,18,0,1,0,0,0,0,4,1,6,2,19,4,-1,-1,-1,5,3,5
201643W152086,2,1,0,18,0,1,0,0,0,0,2,1,6,1,24,5,-1,-1,-1,3,1,3
201643W153046,1,9,0,18,0,0,5,0,0,0,1,1,1,1,26,6,1598,2,4,6,1,6
201643W153046,2,9,0,18,0,0,1,0,0,6,2,1,6,2,66,10,1149,1,19,7,1,7
201643W153086,1,9,0,18,0,0,0,0,0,0,1,1,1,1,51,8,-1,-1,-1,5,1,5
201643W153086,2,9,0,18,0,0,0,0,0,0,3,1,6,2,44,7,1598,1,12,9,1,9
201643W154066,1,19,0,1,8,6,0,0,0,0,2,1,6,1,-1,-1,-1,-1,-1,-1,-1,-1
201643W154086,1,9,0,5,5,6,0,0,0,0,1,1,2,1,29,6,-1,-1,-1,1,1,1
201643W154086,2,1,0,5,5,8,0,0,0,0,3,1,6,1,19,4,-1,-1,-1,3,1,3
201643W155016,1,9,0,16,0,1,2,4,7,2,3,1,6,1,22,5,1781,1,15,7,1,7
201643W155016,2,9,0,2,0,2,0,0,0,0,4,1,6,3,-1,-1,1753,2,10,-1,-1,-1
201643W155056,1,9,0,18,0,0,0,0,0,0,1,1,6,1,26,6,-1,-1,-1,7,1,7
201643W155076,1,19,0,18,0,0,1,0,0,0,1,1,1,1,30,6,1995,2,3,6,1,6
201643W155076,2,9,0,18,0,0,0,0,0,0,2,1,6,2,46,8,1968,2,7,6,1,6
201643W155076,3,9,0,18,0,0,0,0,0,0,2,1,6,2,40,7,1389,1,14,7,1,7
201643W155086,1,9,0,12,0,7,0,0,0,0,3,1,2,1,34,6,1749,1,15,9,1,9
201643W155086,2,2,0,18,0,2,0,0,0,0,4,1,1,1,42,7,49,1,4,5,1,5
201643W156016,1,5,0,14,0,0,0,0,0,0,4,1,6,1,45,7,1255,1,9,10,1,10
201643W156026,1,19,0,18,0,0,0,0,0,0,1,1,1,1,30,6,-1,-1,-1,4,1,4
201643W156026,2,20,0,18,0,0,0,0,0,0,2,1,1,1,-1,-1,-1,-1,-1,-1,-1,-1
201643W156046,1,9,0,17,0,0,1,0,1,11,1,1,6,1,33,6,1598,1,12,8,3,8
201643W157056,1,9,0,7,0,6,0,0,0,0,3,1,6,1,41,7,998,1,16,7,1,7
201643W157056,2,1,0,18,0,8,0,0,0,0,1,1,6,1,34,6,-1,-1,-1,3,1,3
201643W157066,1,9,0,18,0,0,0,0,0,0,1,1,6,1,39,7,1984,1,4,-1,-1,-1
201643W157066,2,9,0,18,0,0,0,0,0,0,2,1,6,2,30,6,1329,1,5,4,1,4
201643W157066,3,9,0,18,0,0,0,0,0,0,2,1,6,2,49,8,1587,1,13,10,1,10
201643W158016,1,9,0,12,0,7,1,0,0,0,1,1,2,1,37,7,5204,1,6,10,1,10
201643W158016,2,9,0,12,0,7,0,0,0,0,2,1,6,2,61,9,1197,1,2,6,1,6
201643W158026,1,9,0,5,0,4,0,0,0,0,1,1,1,1,52,8,-1,-1,-1,7,1,7
201643W158026,2,1,0,18,0,8,0,0,0,0,4,1,2,1,45,7,-1,-1,-1,9,1,9
201643W158046,1,9,0,9,0,6,0,0,0,0,1,1,1,2,53,8,1299,1,14,9,1,9
201643W158046,2,5,0,18,0,1,0,0,0,0,1,1,6,1,39,7,998,1,17,6,2,6
201643W158056,1,9,0,18,0,3,1,0,2,1,1,1,6,1,-1,-1,-1,-1,-1,-1,-1,-1
201643W158056,2,9,0,18,0,3,0,0,1,9,3,1,6,1,53,8,4398,1,12,9,1,9
201643W158056,3,9,0,18,0,3,0,0,0,0,0,1,6,3,-1,-1,-1,-1,-1,-1,-1,-1
201643W158086,1,9,0,18,0,2,0,0,0,0,1,1,6,3,-1,-1,-1,-1,-1,-1,-1,-1
201643W158086,2,9,0,18,0,1,0,0,0,0,1,1,6,1,35,6,1598,1,7,3,1,3
201643W159016,1,3,0,17,0,0,0,0,1,0,4,1,6,1,17,4,125,1,8,10,1,10
201643W159046,1,9,0,7,2,8,0,0,0,0,1,1,1,1,63,9,-1,-1,-1,10,1,10
201643W159046,2,1,0,18,0,8,0,0,0,0,2,1,6,1,53,8,-1,-1,-1,-1,-1,-1
201643W159066,1,9,0,18,0,0,0,6,1,10,4,1,6,1,87,11,996,1,3,5,2,5
201643W160066,1,9,0,18,0,0,0,0,0,0,1,1,6,1,82,11,1360,1,17,6,1,6
201643W160066,2,9,0,3,0,0,0,0,0,0,2,1,6,1,81,11,1968,2,9,10,1,10
201643W160066,3,9,0,3,0,0,0,0,0,0,2,1,6,1,61,9,1995,2,1,10,1,10
201643W160076,1,9,0,17,0,0,0,0,0,0,3,2,6,1,42,7,3600,1,14,9,3,9
201643W160076,2,9,0,16,0,0,1,0,0,0,3,1,6,1,30,6,2000,1,10,7,3,7
201643W161056,1,9,0,9,0,1,0,0,0,0,1,1,6,1,21,5,973,1,13,-1,-1,-1
201643W161056,2,9,0,18,0,1,0,0,0,0,1,1,2,2,33,6,1242,1,2,8,1,8
201643W161066,1,1,0,18,9,8,0,0,0,0,1,1,4,1,12,3,-1,-1,-1,10,1,10
201643W161066,2,9,0,9,9,6,0,0,0,0,1,1,6,2,42,7,999,1,1,10,1,10
201643W162016,1,9,0,5,0,8,0,0,0,0,1,1,2,1,38,7,2987,2,-1,4,1,4
201643W162016,2,9,0,18,0,8,0,0,0,0,4,1,2,2,52,8,998,1,11,3,1,3
201643W162026,1,9,0,17,0,0,1,0,0,0,3,1,1,1,36,7,1596,1,6,9,3,9
201643W162026,2,9,0,18,0,0,1,0,1,9,1,1,1,2,23,5,1560,2,4,4,1,4
201643W162046,1,9,0,9,0,1,0,0,0,0,4,1,6,1,68,10,1995,2,9,8,3,8
201643W162046,2,9,0,18,0,1,0,0,0,0,1,1,6,1,21,5,2494,1,17,-1,-1,-1
201643W162056,1,9,0,18,0,0,0,0,1,0,1,1,6,1,27,6,1997,2,1,6,1,6
201643W162056,2,11,0,12,0,0,0,0,0,0,2,1,1,1,48,8,9600,2,18,5,1,5
201643W163026,1,9,0,18,0,0,0,0,1,4,1,1,2,1,18,4,998,1,9,5,1,5
201643W163046,1,9,0,18,0,4,0,0,0,0,1,1,6,3,-1,-1,-1,-1,-1,-1,-1,-1
201643W163046,2,9,0,18,0,4,0,0,0,0,2,1,6,1,50,8,1124,1,14,6,1,6
201643W163046,3,9,0,18,0,4,0,0,0,0,2,1,6,3,-1,-1,-1,-1,-1,-1,-1,-1
201643W163076,1,9,0,6,0,0,0,0,0,0,3,1,6,1,55,8,1986,2,11,-1,-1,-1
201643W163076,2,1,0,14,0,0,0,0,0,0,1,1,6,1,32,6,-1,-1,-1,8,1,8
201643W164056,1,9,0,15,0,1,0,0,0,0,1,1,6,2,26,6,1868,2,17,10,1,10
201643W164066,1,9,0,18,0,0,0,0,0,0,1,1,2,1,45,7,-1,-1,-1,3,1,3
201643W164066,2,1,0,12,2,0,0,0,0,0,3,1,6,1,24,5,-1,-1,-1,6,2,6
201643W164076,1,9,0,18,0,0,0,0,0,0,2,1,3,2,42,7,1296,1,10,3,1,3
201643W164076,2,9,0,18,0,0,0,0,0,0,1,1,6,1,-1,-1,2685,2,12,-1,-1,-1
201643W165066,1,9,0,7,0,4,0,0,0,0,1,1,6,1,-1,-1,1686,2,5,-1,-1,-1
201643W165066,2,1,0,18,0,4,1,0,0,0,2,1,6,1,56,9,-1,-1,-1,8,1,8
201643W165076,1,9,0,9,0,8,0,0,0,0,3,1,1,1,26,6,-1,-1,-1,4,1,4
201643W165076,2,1,0,18,0,8,0,0,0,0,1,1,2,1,48,8,-1,-1,-1,6,1,6
201643W166046,1,21,1,9,0,8,4,0,1,4,4,1,1,1,33,6,12902,2,3,10,1,10
201643W166066,1,1,0,18,0,0,1,0,0,0,3,1,6,2,60,9,-1,-1,-1,6,2,6
201643W166066,2,9,0,3,0,0,0,0,0,0,3,1,6,1,26,6,2000,1,9,5,1,5
201643W166076,1,5,0,13,0,8,1,0,1,10,3,1,6,1,37,7,1215,1,-1,10,2,10
201643W166076,2,9,0,17,0,8,0,0,0,0,3,1,6,1,25,5,-1,-1,-1,6,1,6
201643W168086,1,9,0,18,0,0,0,0,0,0,1,1,6,2,-1,-1,1995,2,12,-1,-1,-1
201643W168086,2,9,0,18,0,0,0,0,0,0,2,1,6,2,31,6,1968,2,-1,9,1,9
201643W169036,1,9,0,18,0,0,0,0,0,0,1,1,6,1,52,8,1496,2,-1,8,1,8
201643W169036,2,9,0,18,0,0,0,0,0,0,2,1,6,1,41,7,1598,2,-1,9,2,9
201643W169036,3,9,0,18,0,0,0,0,0,0,2,1,6,1,46,8,2143,12,3,9,1,9
201643W169036,4,9,0,18,0,0,0,0,0,0,1,1,6,2,25,5,1598,2,4,5,1,5
201643W170016,1,9,0,9,0,5,0,0,0,0,1,1,6,3,21,5,1896,2,18,3,1,3
201643W170016,2,9,0,18,0,1,0,0,0,0,3,1,6,2,29,6,1388,1,13,4,1,4
201643W170036,1,3,0,18,0,1,1,0,0,0,3,1,1,1,28,6,125,1,6,3,1,3
201643W170066,1,11,0,5,0,0,0,0,0,0,0,1,1,3,-1,-1,9000,2,8,3,1,3
201643W171056,1,19,0,11,2,1,0,0,0,0,4,1,6,3,40,7,2143,2,2,-1,1,-1
201643W171056,2,2,0,18,2,1,0,0,0,0,1,1,4,1,17,4,49,1,1,8,1,8
201643W172016,1,9,0,8,0,1,0,0,0,0,4,1,6,1,60,9,1598,1,10,5,1,5
201643W172016,2,1,0,18,9,8,0,0,0,0,1,1,2,1,51,8,-1,-1,-1,4,1,4
201643W172066,1,9,0,18,0,0,0,0,0,0,1,1,6,3,-1,-1,-1,-1,-1,-1,-1,-1
201643W173016,1,9,0,13,0,3,0,0,0,0,4,1,6,1,25,5,-1,-1,-1,-1,-1,-1
201643W173016,2,1,0,18,0,3,0,0,0,0,3,1,2,1,32,6,-1,-1,-1,3,1,3
201643W173026,1,5,0,15,0,1,0,0,0,0,1,1,6,1,25,5,-1,-1,-1,9,1,9
201643W173026,2,9,0,7,0,1,0,0,0,0,4,1,6,1,42,7,1798,1,10,4,1,4
201643W173046,1,9,0,18,0,6,0,0,0,0,1,1,1,1,-1,-1,-1,-1,-1,-1,-1,-1
201643W173046,2,1,0,18,0,1,0,0,0,0,2,1,6,2,30,6,-1,-1,-1,3,1,3
201643W174026,1,3,0,18,0,0,0,0,0,0,3,1,6,1,21,5,125,1,1,5,1,5
201643W174046,1,9,0,7,0,1,0,0,0,0,1,1,1,2,45,7,2685,2,12,7,2,7
201643W174046,2,9,0,18,0,1,0,0,0,0,1,1,1,2,42,7,-1,-1,-1,-1,-1,-1
201643W174086,1,9,0,9,0,8,0,0,0,0,0,1,6,1,37,7,2993,2,1,10,1,10
201643W174086,2,21,0,18,0,8,1,0,1,7,1,1,1,1,53,8,-1,-1,-1,2,2,2
201643W175026,1,9,0,5,0,3,0,0,0,0,1,1,6,1,50,8,1896,2,14,5,1,5
201643W175026,2,9,0,3,0,3,0,0,0,0,2,1,6,2,50,8,1199,1,12,6,1,6
201643W176046,1,9,0,18,0,1,1,0,0,0,1,1,6,2,84,11,1998,1,14,10,2,10
201643W176046,2,9,0,3,0,1,0,0,0,0,2,1,3,2,43,7,1596,1,10,10,2,10
201643W176046,3,9,0,10,0,1,0,0,0,0,2,1,3,1,55,8,1598,2,4,9,1,9
201643W176076,1,9,0,18,0,1,0,0,0,0,1,1,6,2,20,4,1956,2,3,-1,-1,-1
201643W176076,2,9,0,3,0,1,0,0,0,0,2,1,6,1,17,4,1149,1,10,9,3,9
201643W178026,1,11,0,18,0,0,0,0,0,0,4,1,1,1,51,8,6700,2,1,-1,-1,-1
201643W178056,1,9,0,17,0,0,0,0,7,9,1,1,6,1,77,11,1598,1,9,10,2,10
201643W178056,2,1,0,16,0,0,0,0,1,9,1,1,6,1,28,6,-1,-1,-1,5,1,5
201643W179026,1,9,0,18,0,6,0,0,7,11,4,1,1,1,34,6,1493,1,18,5,1,5
201643W179026,2,9,0,18,0,8,0,0,0,0,1,1,6,2,71,10,1199,1,15,10,1,10
201643W179046,1,10,0,1,0,8,0,0,0,0,2,1,6,1,50,8,1998,2,12,3,1,3
201643W179046,2,9,0,9,0,8,0,0,0,0,3,1,6,2,31,6,1598,1,16,10,1,10
201643W179056,1,1,0,18,0,0,0,11,0,0,1,1,6,1,71,10,-1,-1,-1,9,1,9
201643W179076,1,9,0,18,0,8,5,0,1,2,1,1,2,1,37,7,1461,2,5,4,1,4
201643W180046,1,3,0,18,0,0,0,0,0,0,1,1,2,1,26,6,124,1,4,9,1,9
201643W180046,2,9,0,4,0,0,0,0,0,0,2,1,2,1,37,7,2148,2,9,10,1,10
201643W180056,1,9,0,4,0,0,0,0,0,0,1,1,6,1,30,6,2000,1,11,10,2,10
201643W180056,2,9,0,3,0,0,0,0,0,0,2,1,1,1,50,8,1896,2,9,5,1,5
201643W180066,1,9,0,16,0,8,1,10,1,4,3,1,6,2,49,8,1399,1,12,5,1,5
201643W180076,1,9,0,18,0,1,0,0,0,0,1,1,2,2,42,7,2460,2,10,3,1,3
201643W180076,2,11,0,18,0,1,0,0,0,0,2,1,1,1,54,8,9000,5,3,3,1,3
201643W181036,1,9,0,1,0,0,0,0,0,0,2,1,6,1,40,7,1497,1,15,4,1,4
201643W181076,1,9,0,9,0,2,0,0,0,0,1,1,6,1,35,6,1598,1,8,-1,-1,-1
201643W181076,2,9,0,3,0,2,0,0,0,0,2,1,6,1,26,6,1988,1,15,3,1,3
201643W181086,1,5,0,18,0,0,0,0,0,6,1,1,6,1,53,8,1198,1,18,10,1,10
201643W181086,2,9,0,18,0,0,0,0,0,0,2,1,6,1,30,6,1685,2,1,10,2,10