Accident_Index,Vehicle_Reference,Vehicle_Type,Towing_and_Articulation,Vehicle_Manoeuvre,Vehicle_Location-Restricted_Lane,Junction_Location,Skidding_and_Overturning,Hit_Object_in_Carriageway,Vehicle_Leaving_Carriageway,Hit_Object_off_Carriageway,1st_Point_of_Impact,Was_Vehicle_Left_Hand_Drive?,Journey_Purpose_of_Driver,Sex_of_Driver,Age_of_Driver,Age_Band_of_Driver,Engine_Capacity_(CC),Propulsion_Code,Age_of_Vehicle,Driver_IMD_Decile,Driver_Home_Area_Type,Vehicle_IMD_Decile
201643W182036,1,1,0,13,0,1,0,0,0,0,1,1,2,1,21,5,-1,-1,-1,-1,-1,-1
201643W182036,2,8,0,10,0,1,0,0,0,0,3,1,1,1,48,8,2499,2,9,1,1,1
201643W182086,1,9,0,18,0,0,1,0,2,10,4,1,6,1,20,4,999,1,15,10,3,10
201643W183016,1,9,0,18,0,5,0,0,0,0,1,1,6,1,-1,-1,-1,-1,-1,-1,-1,-1
201643W183026,1,9,0,3,0,1,0,0,1,0,4,1,2,2,23,5,1390,1,14,3,1,3
201643W183026,2,1,0,3,0,1,0,0,1,0,3,1,2,1,62,9,-1,-1,-1,9,3,9
201643W183036,1,21,1,18,0,0,1,0,0,0,1,1,1,1,46,8,12777,2,1,3,1,3
201643W183036,2,9,0,18,0,0,0,0,1,0,2,1,6,2,21,5,1199,1,13,9,1,9
201643W183046,1,9,0,18,0,1,1,0,0,0,1,1,2,2,30,6,999,1,1,8,1,8
201643W183046,2,1,0,9,0,6,0,0,0,0,3,1,2,1,29,6,-1,-1,-1,3,1,3
201643W184066,1,9,0,18,0,0,0,0,0,0,1,1,6,2,24,5,1598,1,12,-1,-1,-1
201643W184066,2,9,0,3,0,0,0,0,0,0,2,1,6,1,44,7,1299,1,14,10,1,10
201643W185036,1,19,0,9,0,5,0,0,0,0,1,1,1,1,21,5,1996,2,5,9,2,9
201643W185036,2,9,0,18,0,8,0,0,0,0,1,1,6,2,20,4,998,1,10,9,1,9
201643W185046,1,1,0,18,0,0,0,0,0,0,0,1,6,1,22,5,-1,-1,-1,5,1,5
201643W185066,1,9,0,18,0,1,0,0,0,0,1,1,1,2,43,7,1798,1,10,9,1,9
201643W185066,2,1,0,9,0,6,0,0,0,0,4,1,6,1,14,3,-1,-1,-1,10,1,10
201643W186016,1,9,0,9,0,6,0,0,0,0,4,1,6,1,35,6,1598,2,2,10,1,10
201643W186016,2,9,0,18,0,8,0,0,0,0,3,1,1,2,52,8,1997,2,15,10,1,10
201643W186026,1,9,0,18,0,4,0,0,0,0,1,1,2,1,27,6,998,1,16,-1,-1,-1
201643W186026,2,9,0,7,0,8,0,0,0,0,3,1,2,2,19,4,796,1,14,10,1,10
201643W186036,1,19,0,3,0,1,0,0,0,0,1,1,6,1,-1,-1,2461,2,14,-1,-1,-1
201643W186036,2,9,0,3,0,1,0,0,0,0,2,1,1,1,40,7,1995,2,5,8,1,8
201643W186066,1,9,0,18,0,0,0,4,0,0,1,1,6,1,79,11,2993,2,7,10,1,10
201643W186066,2,11,0,2,0,0,0,0,0,0,2,1,1,1,36,7,9000,5,3,10,1,10
201643W187046,1,19,0,18,0,0,0,0,0,0,1,1,1,1,22,5,-1,-1,-1,-1,-1,-1
201643W187046,2,9,0,3,0,0,0,0,0,0,2,1,6,1,21,5,1968,2,3,-1,1,-1
201643W188036,1,9,0,3,0,0,0,0,0,0,2,1,6,2,33,6,1388,1,8,5,1,5
201643W188036,2,9,0,18,0,0,0,0,0,0,1,1,2,2,-1,-1,-1,-1,-1,-1,-1,-1
201643W188076,1,9,0,18,0,1,0,0,0,0,1,1,6,3,-1,-1,1598,1,9,9,1,9
201643W188076,2,9,0,9,0,8,0,0,0,0,4,1,6,3,-1,-1,1596,1,9,8,1,8
201643W189026,1,9,0,16,0,0,1,0,0,0,1,1,1,1,34,6,-1,-1,-1,8,2,8
201643W189026,2,17,4,17,0,0,1,0,0,0,3,1,1,1,60,9,6788,2,10,8,3,8
201643W189036,1,9,0,9,0,6,0,0,0,0,1,1,2,1,47,8,1794,1,9,10,1,10
201643W189036,2,9,0,18,0,8,0,0,0,0,1,1,6,2,35,6,1997,2,9,10,1,10
201643W190016,1,9,0,17,0,1,1,0,1,0,1,1,6,1,28,6,1598,1,2,9,1,9
201643W190036,1,9,0,18,0,0,0,0,0,0,1,1,2,1,25,5,998,1,17,7,1,7
201643W190036,2,9,0,3,0,0,0,0,0,0,2,1,2,2,20,4,1896,2,9,9,1,9
201643W190066,1,5,0,18,0,8,0,0,0,0,1,1,6,1,38,7,645,1,14,6,1,6
201643W190066,2,9,0,18,0,4,0,0,0,0,3,1,1,1,58,9,2143,2,3,5,1,5
201643W191046,1,9,0,18,0,0,0,0,0,0,1,1,6,2,40,7,-1,-1,-1,-1,-1,-1
201643W191046,2,9,0,3,0,0,0,0,0,0,2,1,1,2,42,7,-1,-1,-1,6,1,6
201643W191046,3,9,0,10,0,0,0,0,0,0,2,1,6,2,25,5,-1,-1,-1,6,1,6
201643W192056,1,9,0,18,0,8,0,0,1,2,1,1,6,2,68,10,1968,2,6,7,3,7
201643W193016,1,19,0,18,0,1,0,0,0,0,1,1,6,1,-1,-1,2198,2,1,-1,-1,-1
201643W193016,2,9,0,3,0,1,0,0,0,0,2,1,2,1,36,7,1994,2,15,-1,-1,-1
201643W193076,1,9,0,6,8,0,0,0,0,0,3,1,6,1,78,11,1299,1,21,9,1,9
201643W193076,2,3,0,14,0,0,0,0,0,0,1,1,6,1,19,4,124,1,1,8,1,8
201643W195016,1,9,0,18,0,0,0,0,0,0,1,1,1,2,45,7,998,1,9,3,1,3
201643W195016,2,9,0,18,0,0,0,0,0,0,1,1,6,2,46,8,1968,2,-1,9,1,9
201643W195036,1,9,0,18,0,3,0,0,0,0,4,1,6,3,-1,-1,-1,-1,-1,-1,-1,-1
201643W195036,2,2,0,9,0,8,0,0,0,0,3,1,6,1,56,9,49,1,5,10,1,10
201643W195076,1,9,0,5,0,8,1,0,1,0,4,1,2,1,44,7,1598,1,10,6,2,6
201643W195076,2,9,0,18,0,1,1,0,1,0,1,1,2,1,41,7,1240,1,11,10,1,10
201643W196016,1,9,0,18,0,4,0,0,0,0,1,1,6,1,45,7,1956,2,3,7,1,7
201643W196016,2,1,0,18,0,8,0,0,0,0,2,1,6,1,39,7,-1,-1,-1,10,1,10
201643W196016,3,1,0,18,0,8,0,0,0,0,2,1,6,1,30,6,-1,-1,-1,9,1,9
201643W196076,1,5,0,9,0,5,0,0,0,0,1,1,6,1,69,10,1170,1,7,8,3,8
201643W196076,2,9,0,18,0,8,1,0,0,0,1,1,6,1,57,9,1968,2,5,9,3,9
201643W197036,1,9,0,18,0,1,0,0,0,0,1,1,6,2,51,8,1997,2,-1,10,1,10
201643W197076,1,3,0,18,0,4,0,0,0,0,1,1,6,1,20,4,125,1,1,3,1,3
201643W197076,2,9,0,9,0,3,0,0,0,0,4,1,6,1,79,11,1498,1,10,4,1,4
201643W197076,3,9,0,10,0,4,0,0,0,0,3,1,6,1,52,8,1686,2,2,3,1,3
201643W198026,1,9,0,18,0,1,0,0,0,0,1,1,2,1,60,9,1248,2,5,8,1,8
201643W198026,2,9,0,3,0,1,0,0,0,0,2,1,2,2,57,9,998,1,9,6,3,6
201643W198056,1,2,0,9,0,8,0,0,0,0,1,1,1,2,44,7,49,1,-1,2,1,2
201643W198056,2,9,0,18,0,8,0,0,0,0,3,1,6,1,41,7,1910,2,9,6,1,6
201643W198066,1,3,0,16,0,1,1,0,0,0,1,1,6,1,17,4,124,1,1,7,3,7
201643W199016,1,9,0,18,0,0,0,0,0,0,1,1,2,1,51,8,1560,2,4,8,3,8
201643W200016,1,5,0,16,0,0,1,0,0,0,3,1,2,1,38,7,779,1,6,4,1,4
201643W200016,2,19,0,17,0,0,0,0,0,0,3,1,1,1,60,9,2287,2,9,9,1,9
201643W200066,1,9,0,7,0,2,0,0,0,0,1,1,6,3,-1,-1,-1,-1,-1,-1,-1,-1
201643W201066,1,9,0,18,0,2,0,0,0,0,1,1,6,1,51,8,1796,1,17,10,2,10
201643W202016,1,9,0,9,0,6,0,0,0,0,3,1,6,2,45,7,1896,2,14,9,1,9
201643W202016,2,19,0,18,0,8,0,0,0,0,1,1,1,1,58,9,2287,2,6,10,1,10
201643W202056,1,9,0,9,0,8,0,0,0,0,1,1,6,1,49,8,2143,2,2,6,1,6
201643W202056,2,1,0,18,0,8,0,0,0,0,4,1,6,2,54,8,-1,-1,-1,7,1,7
201643W202076,1,9,0,18,0,0,1,0,1,7,3,1,6,2,41,7,1796,1,9,2,1,2
201643W203016,1,9,0,3,0,1,0,0,0,0,1,1,6,2,43,7,1997,1,17,10,1,10
201643W203016,2,9,0,3,0,1,0,0,0,0,2,1,6,1,56,9,1900,2,14,8,1,8
201643W203016,3,9,0,18,0,1,0,0,0,0,2,1,6,1,68,10,1796,1,5,9,2,9
201643W203026,1,9,0,4,0,0,0,0,0,0,1,1,2,2,24,5,1986,2,9,9,1,9
201643W203026,2,9,0,4,0,0,0,0,0,0,2,1,6,1,49,8,1198,1,3,10,2,10
201643W203036,1,9,0,18,0,0,0,0,0,0,1,1,6,1,28,6,1968,2,2,3,1,3
201643W203056,1,9,0,18,0,0,0,0,0,0,4,1,6,2,56,9,2000,1,10,10,1,10
201643W203066,1,9,0,18,0,0,0,0,0,0,3,1,6,1,38,7,-1,-1,-1,3,1,3
201643W203066,2,20,0,3,0,0,0,0,0,0,3,1,6,1,-1,-1,4580,2,9,-1,-1,-1
201643W204016,1,5,0,18,0,1,1,0,1,0,1,1,6,1,27,6,-1,-1,-1,-1,-1,-1
201643W204016,2,9,0,9,0,6,0,0,0,0,3,1,6,1,34,6,-1,-1,-1,9,1,9
201643W204056,1,9,0,9,0,6,0,0,0,0,1,1,1,1,32,6,2179,2,6,-1,-1,-1
201643W204056,2,3,0,14,0,1,1,0,0,0,3,1,6,1,24,5,124,1,13,10,1,10
201643W205056,1,9,0,17,0,0,2,0,1,4,3,1,6,2,19,4,1198,1,8,10,3,10
201643W205066,1,9,0,18,0,8,0,0,1,7,1,1,6,2,33,6,1598,1,5,5,1,5
201643W205076,1,9,0,1,0,1,0,0,0,0,2,1,6,1,25,5,-1,-1,-1,-1,-1,-1
201643W205076,2,8,0,6,0,6,0,0,0,0,3,1,1,1,38,7,2664,2,17,5,1,5
201643W206016,1,9,0,18,0,0,1,4,0,0,1,1,6,1,48,8,3498,1,10,8,1,8
201643W206016,2,9,0,18,0,0,1,0,0,0,1,1,6,1,32,6,1796,1,15,10,1,10
201643W206016,3,9,0,2,0,0,0,0,0,0,2,1,6,2,62,9,1598,1,8,5,1,5
201643W206076,1,9,0,14,0,0,2,0,0,0,1,1,1,1,49,8,1598,1,17,4,1,4
201643W206076,2,9,0,2,0,0,0,0,0,0,2,1,6,3,53,8,1796,1,16,8,3,8
201643W207016,1,1,0,18,0,0,1,0,1,9,1,1,6,1,16,4,-1,-1,-1,10,1,10
201643W207036,1,9,0,18,0,2,0,0,0,0,1,1,2,2,50,8,-1,-1,-1,10,1,10
201643W207036,2,19,0,18,0,2,0,0,0,0,2,1,1,1,22,5,2148,2,12,10,1,10
201643W208036,1,21,0,18,0,2,0,10,0,0,3,1,1,1,58,9,5880,2,10,-1,-1,-1
201643W208036,2,21,1,18,0,1,0,0,0,0,3,1,1,1,30,6,11946,2,3,-1,-1,-1
201643W208066,1,9,0,1,0,1,0,0,0,0,2,1,6,2,25,5,-1,-1,-1,-1,-1,-1
201643W209016,1,9,0,18,0,1,0,0,0,0,1,1,6,2,40,7,1596,1,14,2,1,2
201643W209016,2,9,0,10,0,5,0,0,0,0,2,1,6,1,31,6,1596,1,14,4,1,4
201643W209036,1,9,0,18,0,8,0,0,0,0,1,1,6,2,59,9,1590,1,11,9,2,9
201643W209036,2,9,0,18,0,8,0,0,0,0,2,1,6,1,47,8,998,1,6,8,2,8
201643W210036,1,9,0,18,0,0,0,0,0,0,1,1,1,1,49,8,1796,2,3,6,3,6
201643W210036,2,9,0,4,0,0,0,0,0,0,2,1,1,1,44,7,1995,2,2,6,1,6
201643W210036,3,9,0,18,0,0,0,0,0,0,1,1,1,1,64,9,1395,1,1,10,2,10
201643W211026,1,9,0,17,0,2,1,0,1,4,1,1,6,2,21,5,1360,1,14,10,1,10
201643W211046,1,20,0,7,0,1,0,0,0,0,4,1,1,1,21,5,-1,-1,-1,8,2,8
201643W211046,2,11,0,18,2,1,0,0,0,0,3,1,1,1,-1,-1,4500,2,5,5,1,5
201643W211056,1,9,0,4,0,0,0,0,0,0,1,1,6,1,69,10,1397,1,3,10,1,10
201643W211066,1,9,0,16,0,1,1,6,2,10,4,1,6,1,17,4,1797,1,16,5,1,5
201643W211076,1,9,0,18,0,0,0,0,0,6,0,1,6,1,49,8,1900,2,18,5,1,5
201643W212026,1,9,0,18,0,0,0,0,0,0,3,1,1,1,40,7,-1,-1,-1,-1,-1,-1
201643W212046,1,5,0,18,0,8,0,0,0,0,0,1,2,1,35,6,847,1,1,4,1,4
201643W212066,1,9,0,3,0,1,0,0,0,0,1,1,6,1,40,7,1368,1,10,-1,-1,-1
201643W212066,2,9,0,3,0,1,0,0,0,0,2,1,6,1,50,8,-1,-1,-1,9,3,9
201643W213016,1,3,0,16,9,8,0,0,0,0,1,1,6,1,19,4,124,1,9,4,1,4
201643W213016,2,9,0,9,0,6,0,0,0,0,4,1,6,1,35,6,1560,2,12,3,1,3
201643W213066,1,19,0,4,0,1,0,0,7,1,1,1,1,1,27,6,-1,-1,-1,-1,-1,-1
201643W213076,1,9,0,9,0,6,0,0,0,0,1,1,1,1,41,7,-1,-1,-1,10,1,10
201643W213076,2,1,0,18,4,1,0,0,0,0,1,1,6,1,60,9,-1,-1,-1,10,1,10
201643W214066,1,9,0,9,0,6,0,0,0,0,1,1,1,2,46,8,1910,2,7,10,1,10
201643W214066,2,1,0,10,0,8,0,0,0,0,2,1,1,1,40,7,-1,-1,-1,9,1,9
201643W215016,1,4,0,13,0,1,0,0,0,0,1,1,6,1,30,6,125,1,3,3,1,3
201643W215016,2,9,0,9,0,1,0,0,0,0,3,1,6,1,28,6,1896,2,11,10,1,10
201643W215046,1,9,0,18,0,4,0,0,0,0,1,1,2,2,55,8,1984,1,12,8,1,8
201643W215046,2,1,0,9,0,8,0,0,0,0,3,1,2,1,42,7,-1,-1,-1,5,1,5
201643W215066,1,9,0,18,0,1,0,0,0,0,1,1,6,1,31,6,-1,-1,-1,-1,-1,-1
201643W215066,2,9,0,4,0,1,0,0,0,0,2,1,6,2,33,6,1796,1,13,6,1,6
201643W216016,1,9,0,18,0,0,0,12,0,0,2,1,6,1,79,11,1596,1,5,10,1,10
201643W216016,2,9,0,18,0,0,0,0,0,0,1,1,6,1,18,4,1600,1,16,9,1,9
201643W216036,1,9,0,10,0,4,0,0,0,0,1,1,6,1,-1,-1,2198,1,13,-1,-1,-1
201643W216036,2,9,0,10,0,4,0,0,0,0,2,1,6,2,26,6,1388,1,9,1,1,1
201643W216066,1,9,0,18,0,1,0,0,0,0,1,1,2,1,47,8,1598,1,7,4,1,4
201643W216066,2,9,0,3,0,1,0,0,0,0,2,1,2,1,32,6,1596,1,11,6,1,6
201643W217016,1,19,0,13,0,0,0,0,0,0,2,1,6,1,-1,-1,-1,-1,-1,-1,-1,-1
201643W217016,2,1,0,18,0,0,0,0,0,0,1,1,6,1,46,8,-1,-1,-1,10,1,10
201643W217026,1,9,0,18,0,0,0,0,0,0,1,1,1,2,40,7,1360,1,11,7,1,7
201643W217026,2,9,0,18,0,0,0,0,1,10,1,1,6,2,35,6,1242,1,6,9,1,9
201643W217036,1,9,0,18,0,1,1,0,7,1,3,1,6,1,21,5,1840,1,18,5,1,5
201643W217066,1,9,0,18,0,0,1,0,1,11,1,1,6,3,-1,-1,1596,1,11,-1,-1,-1
201643W217066,2,9,0,2,0,0,0,0,0,0,1,1,6,3,-1,-1,1360,1,11,-1,-1,-1
201643W217076,1,9,0,9,0,5,0,0,0,0,0,1,6,2,53,8,2993,2,9,7,3,7
201643W217076,2,1,0,18,0,1,0,0,0,0,0,1,6,1,56,9,-1,-1,-1,7,1,7
201643W218036,1,9,0,18,0,1,0,0,0,0,1,1,6,1,36,7,-1,-1,-1,10,1,10
201643W218036,2,9,0,3,0,1,0,0,0,0,2,1,6,1,17,4,1198,1,12,8,3,8
201643W219036,1,9,0,18,0,1,0,0,0,0,1,1,1,1,22,5,1461,2,1,10,1,10
201643W219036,2,9,0,9,0,8,0,0,0,0,3,2,1,1,54,8,-1,-1,-1,-1,-1,-1
201643W219046,1,3,0,18,0,0,0,0,0,0,1,1,6,1,21,5,124,1,8,4,1,4
201643W219046,2,9,0,18,0,0,0,0,0,0,1,1,6,1,52,8,1685,2,5,10,1,10
201643W219046,3,9,0,2,0,0,0,0,0,0,3,1,6,3,-1,-1,1596,1,3,7,1,7
201643W220026,1,19,0,4,0,0,0,0,0,0,2,1,6,1,31,6,2198,2,2,9,2,9
201643W220026,2,9,0,18,0,0,0,0,0,0,1,1,6,1,58,9,1560,2,5,9,1,9
201643W220046,1,9,0,12,0,6,0,0,0,0,3,1,6,1,46,8,1686,2,5,4,1,4
201643W220046,2,5,0,18,0,1,1,0,0,0,4,1,1,1,51,8,647,1,16,4,1,4
201643W221016,1,21,0,18,0,1,0,0,0,0,4,1,1,1,61,9,6370,2,7,6,1,6
201643W221036,1,9,0,9,0,5,0,0,0,0,3,1,6,2,19,4,1199,1,12,10,1,10
201643W221036,2,4,0,13,0,1,0,0,0,0,1,1,6,1,19,4,471,1,-1,6,1,6
201643W221066,1,9,0,9,0,6,0,0,0,0,1,1,6,1,24,5,1686,2,12,3,1,3
201643W221066,2,9,0,18,0,8,0,0,1,0,3,1,6,1,34,6,1796,1,9,10,1,10
201643W223016,1,9,0,1,9,6,0,0,0,0,3,1,6,2,39,7,1149,1,11,10,1,10
201643W223036,1,9,0,18,0,0,0,0,5,6,1,1,6,2,27,6,1149,1,5,10,1,10
201643W223036,2,9,0,18,0,0,0,0,5,6,1,1,6,2,22,5,1794,1,15,3,1,3
201643W223056,1,21,1,18,0,0,5,0,0,0,1,1,1,1,48,8,10518,2,3,2,1,2
201643W223066,1,5,0,15,9,0,0,0,0,0,1,1,2,1,33,6,-1,-1,-1,7,1,7
201643W223076,1,9,0,3,0,0,0,0,0,0,1,1,6,3,-1,-1,-1,-1,-1,-1,-1,-1
201643W224056,1,9,0,18,9,8,5,10,1,11,4,1,6,1,82,11,1598,1,14,10,1,10
201643W224056,2,9,0,5,9,6,0,0,0,11,3,1,6,2,26,6,1995,1,11,9,1,9
201643W224066,1,9,0,9,0,8,0,0,0,0,1,1,6,1,74,10,1598,1,4,7,1,7
201643W224066,2,1,0,10,0,8,0,0,0,0,1,1,6,1,64,9,-1,-1,-1,6,1,6
201643W224076,1,9,0,18,0,0,0,0,0,0,1,1,6,1,51,8,4398,1,12,3,1,3
201643W224076,2,11,0,18,0,0,0,0,0,0,1,1,1,1,52,8,9000,2,8,8,1,8
201643W225026,1,9,0,18,0,1,0,0,0,0,1,1,1,1,30,6,1896,2,11,9,1,9
201643W225026,2,9,0,4,0,1,0,0,0,0,2,1,6,1,70,10,1968,2,-1,9,3,9
201643W225026,3,9,0,3,0,1,0,0,0,0,2,1,6,1,59,9,1398,1,1,9,3,9
201643W225026,4,9,0,3,0,1,0,0,0,0,2,1,6,1,39,7,1796,2,3,6,3,6
201643W225036,1,9,0,9,0,8,0,0,0,0,1,1,6,1,19,4,1199,1,13,7,1,7
201643W225036,2,9,0,18,0,8,0,0,0,0,3,1,6,1,18,4,998,1,8,7,3,7
201643W225056,1,9,0,18,0,0,5,0,1,0,1,1,2,2,27,6,1840,1,20,4,1,4
201643W226026,1,9,0,14,0,0,0,0,0,0,1,1,6,1,30,6,2967,2,8,9,1,9
201643W226026,2,9,0,18,0,0,0,0,0,0,1,1,6,1,19,4,1596,1,1,10,1,10
201643W226036,1,4,0,7,0,8,0,0,0,0,4,1,2,1,21,5,-1,-1,-1,7,1,7
201643W226046,1,9,0,12,0,0,0,0,0,0,2,1,6,3,-1,-1,2143,2,1,-1,-1,-1
201643W226046,2,4,0,18,0,0,0,0,0,0,1,1,2,1,25,5,998,1,16,4,2,4
201643W226066,1,9,0,5,0,0,0,0,0,0,3,1,6,1,25,5,-1,-1,-1,-1,-1,-1
201643W226066,2,1,0,14,0,0,0,0,0,0,4,1,6,2,18,4,-1,-1,-1,10,1,10
201643W226076,1,9,0,9,0,5,1,0,0,0,1,1,6,1,72,10,1870,2,13,10,1,10
201643W226076,2,9,0,18,0,8,1,0,1,0,1,1,6,1,22,5,1598,1,13,10,1,10
201643W226076,3,9,0,10,0,1,0,0,0,0,1,1,6,2,38,7,1461,2,9,10,1,10
201643W227016,1,9,0,18,0,0,0,0,0,0,1,1,6,3,33,6,1968,2,6,9,2,9
201643W227016,2,9,0,3,0,0,0,0,0,0,2,1,6,3,33,6,1229,1,1,5,1,5
201643W227016,3,9,0,3,0,0,0,0,0,0,2,1,6,2,51,8,1198,1,10,10,1,10
201643W227036,1,9,0,18,0,0,0,0,0,0,1,1,6,1,75,10,1598,1,14,10,1,10
201643W227046,1,9,0,9,0,8,0,0,0,0,4,1,1,2,53,8,1124,1,15,5,1,5
201643W227046,2,1,0,18,0,8,0,0,0,0,1,1,2,1,43,7,-1,-1,-1,10,1,10
201643W227056,1,9,0,4,0,0,0,0,0,0,1,1,6,1,39,7,1753,2,8,5,1,5
201643W227056,2,9,0,4,0,0,0,0,0,0,2,1,6,2,42,7,1796,1,11,4,1,4
201643W227066,1,9,0,18,0,0,0,0,0,0,4,1,6,3,68,10,2495,2,21,-1,-1,-1
201643W227076,1,1,0,18,5,0,0,0,7,0,1,1,6,1,16,4,-1,-1,-1,-1,-1,-1
201643W228026,1,9,0,18,0,5,0,0,0,0,3,1,6,1,19,4,1199,1,12,6,1,6
201643W228036,1,9,0,16,0,0,2,0,7,10,1,1,2,2,21,5,1124,1,15,10,1,10
201643W228046,1,9,0,18,0,0,0,0,0,0,1,1,6,1,-1,-1,1995,2,2,5,1,5
201643W228046,2,9,0,4,0,0,0,0,0,0,2,1,6,2,33,6,1360,1,11,1,1,1
201643W228056,1,9,0,9,0,1,0,0,0,0,0,1,6,2,26,6,1248,1,6,10,1,10
201643W228056,2,1,0,18,0,1,0,0,0,0,0,1,6,2,46,8,-1,-1,-1,10,1,10
201643W228066,1,19,0,18,0,2,0,0,0,0,1,1,6,1,37,7,1968,2,8,9,3,9
201643W228066,2,9,0,18,0,1,0,0,0,0,1,1,6,2,76,11,1968,2,-1,10,2,10
201643W229026,1,9,0,18,0,0,5,0,7,0,3,1,6,2,18,4,1390,1,14,8,2,8
201643W229026,2,9,0,18,0,0,0,0,0,0,1,1,6,2,34,6,1598,2,2,9,1,9
201643W229056,1,9,0,13,0,0,0,0,0,0,4,1,6,2,55,8,-1,-1,-1,4,1,4
201643W229056,2,5,0,18,0,0,0,0,0,0,3,1,1,1,53,8,-1,-1,-1,9,1,9
201643W229066,1,9,0,7,9,1,0,0,0,0,4,1,1,1,33,6,-1,-1,-1,5,1,5
201643W229066,2,1,0,18,9,1,0,0,0,0,1,1,6,1,32,6,-1,-1,-1,-1,-1,-1
201643W229076,1,9,0,3,0,1,0,0,0,0,2,1,1,2,21,5,1242,1,1,-1,-1,-1
201643W229076,2,9,0,4,0,1,0,0,0,0,1,1,1,1,58,9,2656,1,14,10,1,10
201643W229076,3,9,0,4,0,1,0,0,0,0,1,1,1,1,34,6,1968,2,8,10,1,10
201643W230076,1,9,0,18,0,0,0,0,0,0,1,1,6,1,32,6,1753,2,7,4,1,4
201643W230076,2,9,0,2,0,0,0,0,0,0,2,1,6,1,42,7,2000,1,10,-1,-1,-1
201643W231026,1,1,0,9,0,8,0,0,0,0,1,1,6,1,19,4,-1,-1,-1,2,1,2
201643W231026,2,9,0,9,0,8,0,0,0,0,1,1,6,2,21,5,1360,1,9,4,1,4
201643W231046,1,9,0,9,0,8,0,0,0,0,1,1,6,2,20,4,1397,1,7,10,1,10
201643W231046,2,1,0,18,0,8,0,0,0,0,4,1,6,1,42,7,-1,-1,-1,10,1,10
201643W231056,1,9,0,7,0,6,0,0,0,0,1,1,1,1,27,6,-1,-1,-1,-1,-1,-1
201643W231056,2,1,0,18,0,6,0,0,0,0,4,1,1,2,51,8,-1,-1,-1,5,1,5
201643W232026,1,9,0,18,0,1,0,0,0,0,1,1,1,2,48,8,-1,-1,-1,9,1,9
201643W232026,2,9,0,10,0,8,0,0,0,0,2,1,6,2,42,7,1968,2,3,10,1,10
201643W233026,1,9,0,16,0,0,2,0,2,10,1,1,2,1,18,4,1149,1,11,4,1,4
201643W233026,2,9,0,17,0,0,0,0,0,0,1,1,6,2,64,9,1896,2,11,9,3,9
201643W233056,1,9,0,5,0,0,0,0,0,0,0,1,6,1,23,5,2400,2,6,9,1,9
201643W233056,2,9,0,2,0,0,0,0,0,0,0,1,6,2,49,8,1399,1,12,6,1,6
201643W233076,1,9,0,18,0,1,0,0,7,3,1,1,6,2,62,9,998,1,5,10,1,10
201643W234036,1,9,0,18,0,1,0,0,0,0,1,1,1,2,28,6,-1,-1,-1,9,1,9
201643W234056,1,19,0,18,0,0,0,0,0,0,1,1,1,1,34,6,2143,2,2,1,1,1
201643W234056,2,19,0,18,0,0,0,0,0,0,1,1,6,1,69,10,1686,2,13,9,1,9
201643W234056,3,9,0,18,0,0,0,0,0,0,3,1,6,1,47,8,1995,2,8,5,1,5
201643W235056,1,9,0,3,0,1,0,0,0,0,1,1,6,1,32,6,1896,2,11,-1,-1,-1
201643W235056,2,8,0,3,0,1,0,0,0,0,2,1,1,1,34,6,1968,2,5,8,1,8
201643W235076,1,5,0,13,0,1,0,0,0,0,1,1,6,1,35,6,645,1,14,9,3,9
201643W235076,2,19,0,9,0,5,0,0,0,0,2,1,2,1,32,6,2198,2,-1,6,1,6
201643W236056,1,20,0,18,0,1,0,0,1,0,1,1,1,1,70,10,250,1,4,10,1,10
201643W236056,2,9,0,10,0,1,0,0,0,0,2,1,6,1,83,11,1598,1,9,8,3,8
201643W236056,3,21,0,18,0,1,2,0,7,11,1,1,1,1,48,8,3920,2,5,10,1,10
201643W236076,1,1,0,18,0,0,0,0,0,0,1,1,6,1,19,4,-1,-1,-1,10,1,10
201643W236076,2,9,0,4,0,0,0,0,0,0,2,1,6,3,-1,-1,-1,-1,-1,-1,-1,-1
201643W238026,1,9,0,18,0,1,0,0,0,0,3,1,6,1,63,9,1598,1,14,10,1,10
201643W238026,2,1,0,10,0,1,0,0,0,0,2,1,2,1,49,8,-1,-1,-1,10,1,10
201643W238076,1,9,0,7,0,6,0,0,0,0,1,1,6,1,-1,-1,3999,1,8,5,1,5
201643W238076,2,9,0,3,0,2,0,0,0,0,2,1,6,2,22,5,1198,1,2,10,1,10
201643W239026,1,9,0,4,0,1,0,0,0,0,1,1,6,1,24,5,1461,2,-1,8,1,8
201643W239026,2,9,0,3,0,1,0,0,0,0,2,1,6,2,53,8,1598,1,6,-1,-1,-1
201643W244026,1,9,0,18,0,6,0,0,0,0,3,1,6,1,52,8,1753,2,15,6,2,6
201643W244026,2,4,0,18,0,8,1,10,7,0,1,1,6,1,35,6,250,1,1,4,1,4
201643W248026,1,9,0,18,0,0,0,0,0,0,1,1,6,2,57,9,-1,-1,-1,9,1,9