Accident_Index,Vehicle_Reference,Vehicle_Type,Towing_and_Articulation,Vehicle_Manoeuvre,Vehicle_Location-Restricted_Lane,Junction_Location,Skidding_and_Overturning,Hit_Object_in_Carriageway,Vehicle_Leaving_Carriageway,Hit_Object_off_Carriageway,1st_Point_of_Impact,Was_Vehicle_Left_Hand_Drive?,Journey_Purpose_of_Driver,Sex_of_Driver,Age_of_Driver,Age_Band_of_Driver,Engine_Capacity_(CC),Propulsion_Code,Age_of_Vehicle,Driver_IMD_Decile,Driver_Home_Area_Type,Vehicle_IMD_Decile
2016440017296,3,19,0,18,0,1,0,0,0,0,1,1,6,1,59,9,-1,-1,-1,6,1,6
2016440017296,4,9,0,18,0,1,0,0,1,0,1,1,6,2,64,9,1248,2,12,8,3,8
2016440017682,1,9,0,6,0,2,0,0,0,0,3,1,6,2,28,6,1995,2,10,7,1,7
2016440017682,2,1,0,13,0,2,0,0,0,0,1,1,6,1,30,6,-1,-1,-1,10,1,10
2016440017708,1,9,0,18,0,8,2,0,3,1,1,1,6,2,61,9,1349,1,2,10,1,10
2016440017708,2,9,0,17,0,8,0,0,0,0,3,1,2,2,54,8,1388,1,6,10,1,10
2016440017822,1,1,0,18,9,0,0,0,0,0,1,1,6,1,-1,-1,-1,-1,-1,-1,-1,-1
2016440017884,1,8,0,7,0,8,0,0,0,0,3,1,1,1,34,6,1995,2,5,1,1,1
2016440017884,2,1,0,18,0,8,0,0,0,0,4,1,6,1,22,5,-1,-1,-1,3,1,3
2016440017935,1,9,0,18,0,8,0,0,0,0,2,1,6,1,19,4,1198,1,4,7,2,7
2016440017935,2,9,0,18,0,8,0,0,0,0,1,1,6,1,22,5,1390,1,15,7,1,7
2016440017936,1,9,0,18,0,0,2,0,0,0,4,1,6,1,23,5,1360,1,11,3,1,3
2016440018165,1,9,0,18,0,0,1,0,0,0,1,1,6,2,29,6,-1,-1,-1,10,1,10
2016440018165,2,9,0,18,0,0,0,0,1,0,1,1,6,1,42,7,-1,-1,-1,10,1,10
2016440018165,3,9,0,18,0,0,0,0,0,0,4,1,6,1,57,9,3199,1,12,9,1,9
2016440018195,1,21,0,13,0,8,0,0,0,0,4,1,1,1,66,10,9290,2,3,10,1,10
2016440018195,2,2,0,9,0,8,0,0,0,0,3,1,6,2,16,4,50,1,1,4,1,4
2016440018300,1,9,0,18,0,1,0,0,0,0,1,1,6,1,54,8,1275,1,17,8,1,8
2016440018300,2,9,0,18,0,1,0,0,0,0,2,1,6,1,39,7,2494,2,3,10,2,10
2016440018322,1,9,0,18,0,1,1,0,0,0,1,1,2,2,66,10,1598,1,15,10,1,10
2016440018322,2,9,0,10,0,8,0,0,0,0,2,1,2,2,26,6,1968,2,5,8,1,8
2016440018432,1,9,0,3,0,0,0,0,0,0,3,1,6,3,-1,-1,1242,1,6,-1,-1,-1
2016440018432,2,1,0,18,0,0,0,0,0,0,1,1,6,2,29,6,-1,-1,-1,7,1,7
2016440018484,1,9,0,18,0,0,0,0,1,4,1,1,2,2,27,6,1296,1,9,-1,-1,-1
2016440018592,1,9,0,18,0,0,0,0,0,0,1,1,6,1,57,9,1998,1,16,7,2,7
2016440018592,2,9,0,18,0,0,0,0,0,0,1,1,1,1,25,5,-1,-1,-1,6,3,6
2016440018631,1,9,0,18,0,2,0,0,0,0,1,1,1,2,46,8,1598,1,13,6,1,6
2016440018631,2,1,0,12,0,1,0,0,0,0,1,1,6,1,35,6,-1,-1,-1,3,1,3
2016440018702,1,5,0,4,0,8,1,11,0,0,3,1,2,2,25,5,645,1,7,7,1,7
2016440018709,1,9,0,18,0,0,1,0,1,0,1,1,6,1,54,8,1998,1,1,9,1,9
2016440018709,2,9,0,18,0,0,0,0,0,0,3,1,6,2,67,10,1390,1,4,8,3,8
2016440018866,1,19,0,16,0,6,5,0,7,7,3,1,1,1,32,6,2287,2,4,7,1,7
2016440018936,1,3,0,18,0,1,0,0,0,0,1,1,2,1,36,7,125,1,4,10,1,10
2016440018936,2,9,0,6,0,1,0,0,0,0,2,1,6,1,58,9,-1,-1,-1,4,1,4
2016440018952,1,9,0,18,0,0,0,0,0,0,1,1,6,1,35,6,1360,1,15,3,1,3
2016440018952,2,9,0,4,0,0,0,0,0,0,2,1,6,2,27,6,998,1,3,7,1,7
2016440018965,1,9,0,3,0,8,0,0,0,0,1,1,6,1,35,6,1598,1,5,6,1,6
2016440018965,2,9,0,9,0,8,0,0,0,0,3,1,6,1,23,5,1299,1,11,7,1,7
2016440018965,3,9,0,18,0,8,0,0,0,0,1,1,6,2,47,8,-1,-1,-1,3,1,3
2016440019035,1,9,0,16,0,8,1,0,1,4,1,1,2,1,23,5,1149,1,12,6,1,6
2016440019180,1,9,0,2,0,0,0,0,4,0,2,1,6,2,52,8,1275,1,18,10,3,10
2016440019180,2,9,0,2,0,0,0,0,1,0,2,1,2,1,58,9,1390,1,3,10,3,10
2016440019180,3,9,0,18,0,0,0,0,1,0,1,1,2,1,57,9,-1,-1,-1,9,3,9
2016440019447,1,9,0,18,0,0,0,0,0,0,0,1,6,3,-1,-1,-1,-1,-1,-1,-1,-1
2016440019586,1,3,0,17,0,0,0,0,0,0,1,1,4,1,17,4,-1,-1,-1,8,1,8
2016440019586,2,9,0,16,0,0,0,0,0,0,1,1,6,2,30,6,-1,-1,-1,3,1,3
2016440019599,1,9,0,16,0,0,1,0,0,0,1,1,6,1,17,4,1198,1,11,9,1,9
2016440019599,2,9,0,17,0,0,0,0,0,0,1,1,6,2,51,8,2982,2,10,5,3,5
2016440019694,1,9,0,18,0,8,0,0,0,0,1,1,6,3,-1,-1,-1,-1,-1,-1,-1,-1
2016440019694,2,9,0,9,0,8,0,0,0,0,3,1,6,2,39,7,1086,1,12,2,1,2
2016440019694,3,19,0,18,0,8,0,0,0,0,1,1,6,3,-1,-1,-1,-1,-1,-1,-1,-1
2016440019781,1,3,0,7,0,8,0,0,0,0,4,1,6,1,29,6,125,1,6,8,3,8
2016440019786,1,9,0,9,0,8,0,0,0,0,3,1,6,2,70,10,-1,-1,-1,10,2,10
2016440019786,2,3,0,14,0,8,0,0,0,0,1,1,2,1,26,6,124,1,9,10,1,10
2016440019814,1,9,0,18,0,0,0,0,0,0,4,1,3,2,25,5,1560,2,5,2,1,2
2016440019814,2,9,0,12,0,0,0,0,0,0,3,1,6,3,-1,-1,2987,2,10,-1,-1,-1
2016440019979,1,9,0,18,0,0,0,7,0,0,1,1,6,1,78,11,1360,1,7,4,1,4
2016440020357,1,1,0,18,0,8,0,0,0,0,1,1,6,1,16,4,-1,-1,-1,8,1,8
2016440020357,2,9,0,9,0,8,0,0,0,0,1,1,6,1,24,5,1229,1,6,10,1,10
2016440020364,1,9,0,18,0,0,0,0,8,10,3,1,6,2,26,6,1149,1,13,5,1,5
2016440020364,2,9,0,2,0,0,0,0,0,0,2,1,6,3,-1,-1,1781,1,20,-1,-1,-1
2016440020364,3,9,0,2,0,0,0,0,0,0,1,1,6,3,-1,-1,1799,1,6,-1,-1,-1
2016440020364,4,9,0,2,0,0,0,0,0,0,1,1,6,3,-1,-1,2494,8,2,-1,-1,-1
2016440020463,1,9,0,5,0,8,0,0,0,0,1,1,6,2,64,9,1124,1,15,10,2,10
2016440020463,2,1,0,18,0,8,0,0,0,0,2,1,6,1,68,10,-1,-1,-1,10,2,10
2016440020544,1,9,0,16,0,0,1,0,1,4,1,1,6,1,22,5,1590,1,13,3,1,3
2016440020595,1,9,0,3,0,8,0,0,0,0,2,1,6,2,32,6,1560,2,2,6,1,6
2016440020595,2,90,0,1,0,8,0,0,0,0,2,1,1,1,-1,-1,6370,2,5,-1,-1,-1
2016440020642,1,9,0,9,0,5,0,0,0,0,0,1,1,1,27,6,2979,1,13,10,1,10
2016440020660,1,9,0,18,0,0,0,0,0,0,1,1,6,2,21,5,998,1,6,8,1,8
2016440020660,2,9,0,4,0,0,0,0,0,0,2,1,6,1,31,6,1896,2,11,7,1,7
2016440020660,3,19,0,4,0,0,0,0,0,0,2,1,6,1,42,7,1560,2,6,5,1,5
2016440020705,1,9,0,18,0,8,0,0,0,0,1,1,6,2,46,8,1794,1,15,5,1,5
2016440020705,2,9,0,18,0,8,0,0,0,0,3,1,6,2,67,10,602,1,28,8,1,8
2016440020705,3,9,0,3,0,1,0,0,0,0,1,1,6,1,36,7,1598,2,3,9,1,9
2016440020741,1,9,0,5,0,4,0,0,0,0,1,1,2,2,41,7,1796,1,14,6,1,6
2016440020741,2,1,0,18,0,8,0,0,0,0,4,1,6,1,45,7,-1,-1,-1,10,1,10
2016440020779,1,11,0,5,0,0,0,0,0,0,1,1,1,3,-1,-1,-1,-1,-1,-1,-1,-1
2016440020869,1,3,0,17,0,0,1,0,1,0,4,1,6,2,51,8,114,1,3,5,3,5
2016440020937,1,9,0,18,0,0,2,0,1,0,1,1,1,2,30,6,1587,1,10,4,1,4
2016440020985,1,3,0,7,0,8,1,0,0,0,4,1,6,1,21,5,124,1,6,4,2,4
2016440021212,1,19,0,3,0,0,0,0,0,0,3,1,6,2,32,6,2460,2,7,7,3,7
2016440021212,2,9,0,14,0,0,0,0,0,0,3,1,6,1,70,10,-1,-1,-1,8,1,8
2016440021241,1,9,0,18,0,0,1,0,7,4,1,1,2,2,56,9,1968,2,2,7,1,7
2016440021241,2,9,0,18,0,0,1,0,0,0,1,1,6,2,35,6,1796,1,9,7,1,7
2016440021258,1,9,0,18,0,0,1,0,0,0,1,1,2,1,26,6,1868,2,17,9,3,9
2016440021258,2,20,0,3,0,0,0,0,0,0,3,1,1,1,28,6,6692,2,5,1,1,1
2016440021279,1,9,0,3,0,0,0,0,0,0,2,1,2,2,36,7,1798,1,9,3,1,3
2016440021279,2,9,0,18,0,0,0,0,0,0,1,1,2,2,22,5,1596,1,14,7,1,7
2016440021295,1,5,0,17,0,0,1,0,0,0,3,1,2,1,53,8,1215,1,3,4,3,4
2016440021362,1,19,0,18,0,8,0,0,0,0,1,1,1,1,32,6,-1,-1,-1,2,1,2
2016440021362,2,9,0,18,0,8,0,0,0,0,3,1,6,1,30,6,1596,1,12,2,1,2
2016440021478,1,9,0,18,0,3,0,0,0,0,1,1,6,2,72,10,998,1,18,10,1,10
2016440021478,2,9,0,2,0,2,0,0,0,0,2,1,6,1,51,8,1998,1,10,9,1,9
2016440021491,1,19,0,5,0,1,0,0,0,0,1,1,1,2,44,7,1968,2,9,10,1,10
2016440021491,2,9,0,3,0,1,0,0,0,0,2,1,6,1,41,7,1390,1,13,8,1,8
2016440021602,1,19,0,18,0,0,2,0,0,0,1,1,1,1,21,5,1870,2,10,10,1,10
2016440021602,2,9,0,18,0,0,1,0,0,0,1,1,6,2,50,8,998,1,14,6,1,6
2016440021718,1,19,0,8,0,1,0,0,0,0,4,1,1,3,-1,-1,-1,-1,-1,-1,-1,-1
2016440021767,1,9,0,9,0,5,0,0,0,0,3,1,6,1,17,4,1364,1,7,9,1,9
2016440021767,2,9,0,18,0,1,0,0,0,0,1,1,6,2,35,6,1598,1,15,2,1,2
2016440022072,1,2,0,18,0,0,0,0,0,0,1,1,6,1,17,4,49,1,4,4,1,4
2016440022072,2,9,0,18,0,0,0,0,0,0,2,1,2,2,45,7,1797,8,6,10,1,10
2016440022367,1,9,0,5,0,1,0,0,0,0,0,1,1,1,32,6,1598,2,4,5,1,5
2016440022418,1,19,0,16,0,0,0,0,1,3,1,1,1,1,25,5,1598,2,5,6,1,6
2016440022466,1,19,0,18,0,8,0,0,0,0,1,1,6,1,59,9,-1,-1,-1,1,1,1
2016440022466,2,9,0,9,0,8,0,0,0,0,3,1,6,2,60,9,1242,1,14,3,1,3
2016440022536,1,9,0,18,0,0,2,0,7,9,1,1,6,1,60,9,1399,2,6,7,1,7
2016440022536,2,9,0,18,0,0,0,0,1,0,3,1,6,1,47,8,1560,2,5,10,1,10
2016440022536,3,9,0,13,0,0,0,0,0,0,0,1,6,3,-1,-1,-1,-1,-1,-1,-1,-1
2016440022622,1,9,0,3,0,0,0,0,0,0,2,1,6,2,31,6,1461,2,1,3,1,3
2016440022622,2,9,0,4,0,0,0,0,0,0,1,1,6,2,-1,-1,-1,-1,-1,-1,-1,-1
2016440022638,1,3,0,18,0,0,0,0,0,0,1,1,2,1,18,4,124,1,34,6,1,6
2016440022638,2,19,0,2,0,0,0,0,0,0,1,1,6,3,-1,-1,2463,2,10,-1,-1,-1
2016440022731,1,9,0,18,0,1,0,0,0,0,1,1,1,1,47,8,1598,2,4,5,1,5
2016440022731,2,9,0,4,0,1,0,0,0,0,2,1,6,1,34,6,999,1,1,4,1,4
2016440022770,1,9,0,18,0,0,1,0,1,10,1,1,6,1,-1,-1,1996,1,15,-1,-1,-1
2016440022880,1,5,0,18,0,8,0,0,0,0,1,1,6,1,22,5,899,1,17,9,1,9
2016440022880,2,1,0,9,0,8,0,0,0,0,3,1,6,2,22,5,-1,-1,-1,2,1,2
2016440022925,1,2,0,18,0,1,1,0,0,0,4,1,1,2,22,5,114,1,2,7,1,7
2016440022949,1,19,0,9,0,8,0,0,0,0,3,1,6,1,45,7,1560,2,6,10,3,10
2016440022949,2,19,0,18,0,8,0,0,0,0,1,1,6,3,-1,-1,2402,2,6,-1,-1,-1
2016440022974,1,9,0,18,0,0,0,0,0,0,2,1,2,1,44,7,1910,2,11,6,1,6
2016440022974,2,9,0,18,0,0,0,0,0,0,1,1,6,3,-1,-1,1896,2,8,-1,-1,-1
2016440022985,1,9,0,18,0,0,0,0,0,0,1,1,6,3,-1,-1,-1,-1,-1,-1,-1,-1
2016440023015,1,5,0,3,0,0,0,0,0,0,2,1,6,1,41,7,892,1,21,3,1,3
2016440023015,2,9,0,18,0,0,0,0,0,0,1,1,1,2,27,6,1461,2,7,6,1,6
2016440023069,1,9,0,5,0,0,0,0,0,0,1,1,6,2,45,7,1598,1,9,1,1,1
2016440023069,2,9,0,1,0,0,0,0,0,0,2,1,6,2,28,6,1998,1,11,2,1,2
2016440023133,1,9,0,18,0,1,1,0,0,0,1,1,6,2,24,5,1199,1,13,9,1,9
2016440023133,2,9,0,10,0,1,0,0,0,0,2,1,1,1,56,9,1389,1,21,7,1,7
2016440023184,1,9,0,18,0,0,1,0,8,11,1,1,6,1,36,7,1560,2,6,4,1,4
2016440023215,1,19,0,4,0,0,1,0,0,0,0,1,6,1,-1,-1,1915,1,28,-1,-1,-1
2016440023215,2,16,0,18,0,0,0,0,0,0,0,1,6,2,33,6,-1,-1,-1,9,1,9
2016440023353,1,9,0,18,0,8,0,0,0,0,3,1,6,1,29,6,1149,1,15,3,1,3
2016440023353,2,9,0,18,0,8,0,0,0,0,1,1,6,3,-1,-1,1796,1,8,-1,-1,-1
2016440023500,1,9,0,18,0,0,5,0,1,9,4,1,2,1,19,4,1390,1,13,2,1,2
2016440023583,1,9,0,18,0,8,0,0,0,0,1,1,6,1,22,5,-1,-1,-1,2,1,2
2016440023583,2,97,0,9,0,8,0,0,0,0,4,1,6,1,22,5,-1,-1,-1,9,1,9
2016440023693,1,9,0,16,0,8,0,0,7,4,4,1,6,1,18,4,1149,1,13,10,1,10
2016440023849,1,9,0,17,0,0,0,0,1,4,1,1,6,1,51,8,1995,2,4,6,1,6
2016440024298,1,9,0,9,0,8,0,0,0,0,1,1,6,1,46,8,1560,2,8,10,1,10
2016440024298,2,3,0,18,0,8,1,0,7,11,1,1,1,1,41,7,125,1,1,5,1,5
2016440024411,1,1,0,18,9,0,0,0,0,0,1,1,6,1,-1,-1,-1,-1,-1,-1,-1,-1
2016440024782,1,9,0,2,0,0,0,0,0,0,2,1,6,1,-1,-1,1242,1,14,-1,-1,-1
2016440024782,2,9,0,16,0,0,1,0,0,0,1,1,6,1,76,11,1994,2,13,7,2,7
2016440024807,1,9,0,9,0,8,0,0,0,0,2,1,6,3,-1,-1,2435,1,10,-1,-1,-1
2016440024807,2,9,0,18,0,8,1,0,0,0,1,1,6,1,22,5,1910,2,9,10,1,10
2016440025423,1,9,0,18,0,8,0,0,0,0,1,1,2,1,50,8,1798,8,3,7,3,7
2016440025423,2,19,0,1,0,8,0,0,0,0,3,1,1,1,31,6,1995,2,4,4,1,4
2016440025476,1,9,0,3,0,0,0,0,0,0,1,1,1,1,41,7,1968,2,3,10,3,10
2016440025476,2,9,0,18,0,0,0,0,0,0,1,1,1,2,21,5,1149,1,12,8,1,8
2016440025769,1,9,0,18,0,0,0,0,0,0,1,1,6,2,69,10,1998,1,14,7,3,7
2016440025769,2,9,0,3,0,0,0,0,0,0,2,1,2,2,50,8,2967,2,7,7,3,7
2016440025769,3,9,0,18,0,0,0,0,0,0,2,1,6,2,53,8,1995,2,2,7,3,7
2016440026318,1,9,0,17,0,0,0,0,0,0,1,1,6,3,-1,-1,-1,-1,-1,-1,-1,-1
2016440026362,1,9,0,2,0,2,0,0,0,0,2,1,2,2,33,6,1242,1,7,10,1,10
2016440026362,2,19,0,18,0,3,1,0,0,0,1,1,1,1,29,6,2143,2,3,-1,-1,-1
2016440026382,1,9,0,18,0,0,0,0,0,0,1,1,2,1,51,8,1240,1,10,7,1,7
2016440026572,1,9,0,9,0,8,0,0,0,0,3,1,6,1,53,8,1796,1,12,5,1,5
2016440026572,2,3,0,13,0,8,0,0,0,0,1,1,2,1,28,6,124,1,13,3,1,3
2016440026631,1,9,0,8,0,1,0,0,0,0,2,1,6,2,21,5,1299,1,15,9,1,9
2016440026631,2,9,0,18,0,1,0,0,0,0,1,1,2,1,54,8,1896,2,15,9,1,9
2016440026658,1,11,0,18,0,2,0,0,0,0,1,1,1,2,21,5,9000,2,7,2,1,2
2016440026697,1,9,0,7,0,6,0,0,0,0,1,1,6,2,39,7,1598,2,4,10,3,10
2016440026697,2,9,0,13,0,1,0,0,0,0,1,1,6,1,39,7,1461,2,1,9,2,9
2016440026697,3,21,0,18,0,1,0,0,0,0,3,1,6,3,-1,-1,-1,-1,-1,-1,-1,-1
2016440026711,1,9,0,7,0,4,0,0,0,0,3,1,6,2,26,6,1229,1,9,10,1,10
2016440026711,2,1,0,18,0,8,0,0,0,0,1,1,6,1,34,6,-1,-1,-1,6,1,6
2016440026716,1,1,0,18,0,8,0,0,0,0,4,1,2,1,27,6,-1,-1,-1,5,1,5
2016440026716,2,9,0,18,0,4,0,0,0,0,1,1,6,2,37,7,1587,1,15,2,1,2
2016440026990,1,9,0,9,0,8,0,0,0,0,3,1,2,2,30,6,1582,2,2,10,2,10
2016440026990,2,3,0,18,0,8,0,0,0,0,1,1,6,1,20,4,125,1,17,5,1,5
2016440027102,1,9,0,18,0,0,0,0,0,0,4,1,2,1,56,9,1968,2,8,9,3,9
2016440027102,2,1,0,12,0,0,0,0,0,0,3,1,6,1,12,3,-1,-1,-1,9,1,9
2016440027166,1,5,0,18,0,0,1,0,0,0,4,1,2,1,44,7,748,1,36,3,3,3
2016440027181,1,2,0,5,0,0,0,0,0,0,1,1,1,2,53,8,125,1,2,8,1,8
2016440027291,1,9,0,3,0,2,0,0,0,0,2,1,2,2,58,9,999,1,2,6,1,6
2016440027291,2,9,0,9,0,8,0,0,0,0,1,1,1,2,48,8,1997,2,13,4,1,4
2016440027299,1,9,0,18,0,0,1,0,7,4,1,1,3,2,35,6,1598,2,5,7,3,7
2016440027574,1,19,0,2,0,1,0,0,0,0,2,1,1,1,53,8,2148,2,6,3,1,3
2016440027574,2,9,0,2,0,2,0,0,0,0,2,1,6,3,-1,-1,1395,1,4,-1,-1,-1
2016440027574,3,9,0,2,0,1,0,0,0,0,1,1,6,3,-1,-1,1997,2,7,-1,-1,-1
2016440027726,1,9,0,9,0,8,0,0,0,0,1,1,1,2,31,6,1560,2,1,5,1,5
2016440027740,1,9,0,5,0,8,0,0,0,0,1,1,6,3,-1,-1,-1,-1,-1,-1,-1,-1
2016440027740,2,9,0,18,0,8,0,0,0,0,3,1,6,2,68,10,1560,2,1,10,1,10
2016440027913,1,2,0,18,0,8,1,0,0,0,0,1,6,1,17,4,-1,-1,-1,4,2,4
2016440027943,1,2,0,7,0,8,0,0,0,0,1,1,6,1,24,5,50,1,3,4,1,4
2016440027943,2,9,0,18,0,8,0,0,0,0,1,1,6,2,44,7,1999,1,14,4,1,4
2016440027999,1,9,0,9,0,8,0,0,0,0,3,1,6,2,87,11,1998,1,1,-1,-1,-1
2016440028006,1,9,0,9,0,8,0,0,0,0,1,1,6,1,32,6,1199,1,14,5,1,5
2016440028006,2,9,0,18,0,8,0,0,1,2,1,1,6,2,46,8,1596,1,12,8,3,8
2016440028123,1,9,0,16,0,0,2,0,1,9,3,1,6,1,26,6,1242,1,12,5,3,5
2016440028130,1,19,0,18,0,0,1,0,0,0,1,1,1,3,-1,-1,1598,2,1,-1,-1,-1
2016440028130,2,9,0,18,0,0,0,0,0,0,2,1,2,1,33,6,1896,2,9,1,1,1
2016440028149,1,9,0,9,0,8,0,0,0,0,3,1,6,1,43,7,-1,-1,-1,8,1,8
2016440028149,2,2,0,18,0,8,0,0,0,0,1,1,6,1,28,6,49,1,14,7,1,7
2016440028162,1,19,0,18,0,0,0,0,0,0,1,1,2,1,30,6,2148,2,9,6,1,6
2016440028162,2,19,0,2,0,0,0,0,0,0,2,1,6,3,-1,-1,1753,2,9,-1,-1,-1
2016440028173,1,19,0,7,0,8,0,0,0,0,0,1,6,1,44,7,-1,-1,-1,1,1,1
2016440028173,2,5,0,18,0,8,0,0,0,0,0,1,6,1,19,4,599,1,17,6,1,6
2016440028182,1,9,0,9,0,8,0,0,0,0,1,1,6,1,43,7,1086,1,11,3,1,3
2016440028182,2,1,0,18,0,8,0,0,0,0,1,1,6,1,18,4,-1,-1,-1,5,1,5
2016440028192,1,9,0,5,9,8,0,0,0,0,1,1,1,1,72,10,-1,-1,-1,9,1,9
2016440028192,2,1,0,18,9,8,0,0,0,0,2,1,1,1,26,6,-1,-1,-1,1,1,1
2016440028238,1,3,0,16,0,0,1,0,0,0,0,1,6,1,18,4,125,1,3,9,2,9
2016440028250,1,9,0,18,0,1,0,0,0,0,1,1,2,1,34,6,1560,2,3,6,1,6
2016440028250,2,1,0,12,0,1,0,0,0,0,2,1,2,1,48,8,-1,-1,-1,10,2,10
2016440028603,1,9,0,18,0,8,0,0,0,0,0,1,1,2,52,8,999,1,6,7,1,7
2016440028603,2,1,0,18,0,8,0,0,0,0,0,1,1,1,29,6,-1,-1,-1,5,1,5
2016440028746,1,8,0,18,0,0,0,0,0,0,1,1,6,1,43,7,2499,2,2,10,2,10
2016440028746,2,9,0,2,0,0,0,0,0,0,3,1,6,1,50,8,1997,2,5,3,1,3
2016440028765,1,9,0,4,0,1,0,0,0,0,2,1,2,2,53,8,1248,2,7,2,1,2
2016440028765,2,9,0,18,0,1,0,0,0,0,1,1,2,1,-1,-1,2300,1,17,-1,-1,-1
2016440028783,1,9,0,5,0,1,0,0,0,0,1,1,2,1,25,5,2000,1,11,10,1,10
2016440028783,2,9,0,4,0,1,0,0,0,0,2,1,2,2,47,8,1388,1,5,3,1,3
2016440028871,1,9,0,18,0,0,2,0,2,4,1,1,6,1,29,6,1343,1,14,6,1,6
2016440028905,1,9,0,16,0,1,2,0,0,0,1,1,6,1,38,7,1598,2,3,8,1,8
2016440028905,2,9,0,17,0,2,2,0,0,0,1,1,6,2,48,8,2993,2,2,9,3,9
2016440029478,1,11,0,4,0,1,0,0,0,0,0,1,1,1,66,10,-1,-1,-1,6,1,6
2016440029478,2,19,0,18,0,1,0,0,0,0,0,1,6,3,-1,-1,-1,-1,-1,-1,-1,-1
2016440029527,1,9,0,18,0,8,0,0,0,0,1,1,6,2,87,11,1590,1,21,8,3,8
2016440029527,2,9,0,10,0,8,0,0,0,0,2,1,6,1,22,5,1598,1,11,10,1,10
2016440029535,1,11,0,18,0,2,0,0,0,0,4,1,1,1,35,6,7300,2,7,6,1,6
2016440029537,1,9,0,3,0,1,0,0,0,0,2,1,6,1,49,8,1598,1,8,5,1,5
2016440029537,2,9,0,5,0,1,0,0,0,0,1,1,6,1,47,8,4163,1,8,3,1,3
2016440029568,1,19,0,14,0,1,0,0,0,0,1,1,1,1,23,5,2198,2,6,1,1,1
2016440029568,2,11,0,3,0,1,0,0,0,0,0,1,1,3,-1,-1,-1,-1,-1,-1,-1,-1
2016440029663,1,9,0,5,0,4,0,0,0,0,1,1,6,1,41,7,-1,-1,-1,2,1,2
2016440029663,2,1,0,9,0,8,0,0,0,0,4,1,6,2,21,5,-1,-1,-1,10,1,10
2016440029666,1,3,0,13,0,8,0,0,0,0,0,1,2,1,18,4,124,1,8,6,1,6
2016440029679,1,4,0,5,0,1,0,0,0,0,2,1,6,1,27,6,124,1,1,4,1,4
2016440029679,2,9,0,5,0,1,0,0,0,0,1,1,6,1,58,9,1731,1,19,3,1,3
2016440029791,1,9,0,7,0,4,0,0,0,0,1,1,6,1,23,5,1149,1,13,1,1,1
2016440029791,2,1,0,17,0,8,0,0,0,0,4,1,6,1,22,5,-1,-1,-1,3,1,3
2016440029810,1,9,0,4,0,0,0,0,0,0,2,1,2,1,26,6,1796,1,8,4,1,4
2016440029810,2,9,0,18,0,0,0,0,0,0,1,1,6,3,-1,-1,1396,1,13,-1,-1,-1
2016440029816,1,9,0,16,0,0,1,0,7,9,3,1,2,2,23,5,1560,2,9,8,1,8
2016440029818,1,9,0,9,0,5,0,0,0,0,4,1,6,1,53,8,1997,2,9,-1,-1,-1
2016440029818,2,1,0,18,0,1,0,0,0,0,1,1,6,1,46,8,-1,-1,-1,10,1,10
2016440029851,1,19,0,4,0,0,0,0,0,0,2,1,6,1,43,7,1968,2,4,6,1,6
2016440029851,2,9,0,4,0,0,0,0,0,0,1,1,6,2,24,5,1560,2,4,6,1,6
2016440029882,1,9,0,18,0,0,0,0,0,0,4,1,2,3,-1,-1,2171,1,14,-1,-1,-1
2016440030011,1,9,0,18,0,0,2,0,1,4,1,1,6,1,17,4,1229,1,11,5,1,5
2016440030074,1,2,0,18,0,1,0,0,0,0,1,1,6,1,16,4,49,1,10,3,1,3
2016440030177,1,9,0,18,0,2,1,0,1,7,1,1,2,1,35,6,1124,1,10,8,1,8
2016440030274,1,9,0,18,0,0,0,0,0,0,1,1,2,1,28,6,1296,1,10,9,1,9
2016440030274,2,9,0,4,0,0,0,0,0,0,2,1,1,1,48,8,1685,2,4,3,1,3
2016440030274,3,9,0,4,0,0,0,0,0,0,2,1,2,1,25,5,1461,2,3,9,1,9
2016440030646,1,9,0,9,0,8,0,0,0,0,3,1,6,1,69,10,2143,2,1,8,1,8
2016440030646,2,9,0,18,0,1,0,0,0,0,1,1,6,1,65,9,505,1,9,6,3,6
2016440031075,1,9,0,7,0,8,0,0,0,0,3,1,6,1,41,7,1999,1,9,5,1,5
2016440031075,2,19,0,7,0,8,0,0,0,0,4,1,6,1,21,5,2198,2,10,-1,-1,-1
2016440031254,1,9,0,9,0,6,0,0,0,0,1,1,6,3,-1,-1,-1,-1,-1,-1,-1,-1
2016440031306,1,1,0,17,0,8,1,0,0,0,0,1,6,1,34,6,-1,-1,-1,9,1,9
2016440031548,1,9,0,18,0,1,0,0,0,0,1,1,6,1,20,4,1796,1,16,10,1,10
2016440031548,2,9,0,5,0,6,0,0,0,0,3,1,6,1,21,5,2793,1,20,10,2,10
2016440031548,3,19,0,2,0,1,0,0,0,0,2,1,6,1,44,7,1686,2,7,-1,-1,-1
2016440031548,4,9,0,2,0,1,0,0,0,0,1,1,6,1,44,7,1360,1,11,-1,-1,-1
2016440031857,1,9,0,18,0,8,0,0,0,0,1,1,1,1,27,6,1560,2,5,6,1,6
2016440031857,2,3,0,9,0,8,1,0,0,0,2,1,1,1,30,6,124,1,11,9,2,9