Accident_Index,Vehicle_Reference,Vehicle_Type,Towing_and_Articulation,Vehicle_Manoeuvre,Vehicle_Location-Restricted_Lane,Junction_Location,Skidding_and_Overturning,Hit_Object_in_Carriageway,Vehicle_Leaving_Carriageway,Hit_Object_off_Carriageway,1st_Point_of_Impact,Was_Vehicle_Left_Hand_Drive?,Journey_Purpose_of_Driver,Sex_of_Driver,Age_of_Driver,Age_Band_of_Driver,Engine_Capacity_(CC),Propulsion_Code,Age_of_Vehicle,Driver_IMD_Decile,Driver_Home_Area_Type,Vehicle_IMD_Decile
2016440052740,1,9,0,18,0,7,0,0,1,1,3,1,6,2,25,5,1360,1,11,4,1,4
2016440052740,2,9,0,18,0,1,0,0,5,6,4,1,6,2,25,5,1598,2,-1,4,1,4
2016440052740,3,19,0,18,0,1,0,0,0,0,3,1,1,1,36,7,-1,-1,-1,4,1,4
2016440052809,1,9,0,17,0,0,0,0,7,0,1,1,1,1,19,4,-1,-1,-1,8,3,8
2016440053096,1,3,0,18,0,0,0,0,0,0,1,1,2,2,37,7,102,1,9,6,1,6
2016440053224,1,9,0,9,0,8,0,0,0,0,3,1,6,2,62,9,1582,2,3,4,1,4
2016440053224,2,9,0,18,0,8,0,0,0,0,1,1,6,1,39,7,1598,1,16,6,2,6
2016440053261,1,9,0,18,0,0,0,0,0,0,1,1,6,1,47,8,1994,2,19,3,1,3
2016440053318,1,9,0,5,0,1,0,0,0,0,1,1,2,1,36,7,1968,2,1,9,1,9
2016440053318,2,1,0,5,0,1,0,0,0,0,4,1,2,1,40,7,-1,-1,-1,7,1,7
2016440053434,1,9,0,1,0,8,0,0,0,0,2,1,6,1,53,8,1956,2,2,1,1,1
2016440053494,1,1,0,17,0,8,0,0,0,0,4,1,6,1,35,6,-1,-1,-1,6,1,6
2016440053494,2,9,0,5,0,8,0,0,0,0,1,1,6,3,-1,-1,1598,2,3,-1,-1,-1
2016440053622,1,9,0,1,0,8,0,0,0,0,2,1,6,1,36,7,1998,1,9,4,1,4
2016440053633,1,9,0,18,0,8,1,0,0,0,1,1,6,1,59,9,1968,2,2,-1,-1,-1
2016440053633,2,9,0,18,0,8,1,0,0,0,2,1,6,2,40,7,-1,-1,-1,2,1,2
2016440053633,3,9,0,18,0,8,0,0,0,0,2,1,6,2,47,8,1685,2,2,-1,-1,-1
2016440053653,1,9,0,9,0,8,0,0,0,0,1,1,6,1,37,7,1798,1,12,1,1,1
2016440053697,1,9,0,7,0,8,0,0,0,0,1,1,6,2,63,9,1397,1,15,6,1,6
2016440053697,2,1,0,17,0,8,0,0,0,0,2,1,6,2,32,6,-1,-1,-1,3,1,3
2016440053966,1,9,0,16,0,0,1,0,0,0,3,1,6,1,21,5,-1,-1,-1,8,1,8
2016440053966,2,19,0,17,0,0,0,0,0,0,3,1,6,1,27,6,1686,2,14,9,1,9
2016440054002,1,9,0,18,0,0,1,0,1,1,1,1,6,1,55,8,998,1,17,5,3,5
2016440054002,2,9,0,18,0,0,0,0,0,0,1,1,6,2,54,8,2393,1,12,7,3,7
2016440054135,1,11,0,4,0,0,0,0,0,0,1,1,1,3,-1,-1,4500,2,9,-1,-1,-1
2016440054167,1,9,0,11,0,0,0,0,0,0,4,1,6,1,20,4,1598,1,10,8,1,8
2016440054167,2,5,0,18,0,0,0,0,0,0,3,1,6,1,32,6,998,1,9,2,1,2
2016440054193,1,9,0,9,0,8,1,0,0,0,4,1,6,1,19,4,1242,1,10,10,1,10
2016440054193,2,20,0,18,0,8,0,0,0,0,1,1,1,1,32,6,10518,2,9,8,1,8
2016440054332,1,9,0,10,0,1,0,0,0,0,2,1,2,1,31,6,1339,1,14,2,1,2
2016440054332,2,9,0,3,0,1,0,0,0,0,2,1,2,1,45,7,2993,2,1,8,1,8
2016440054332,3,21,1,18,0,1,1,0,0,0,1,1,1,1,47,8,-1,-1,-1,8,1,8
2016440054416,1,9,0,18,0,1,0,0,0,0,1,1,6,2,65,9,1997,2,13,7,1,7
2016440054416,2,1,0,10,0,1,0,0,0,0,2,1,6,1,47,8,-1,-1,-1,8,1,8
2016440054973,1,9,0,9,0,8,0,0,0,0,4,1,1,1,23,5,1497,1,13,9,2,9
2016440054973,2,9,0,18,0,8,0,0,0,0,1,1,6,2,27,6,1999,1,7,9,1,9
2016440055193,1,19,0,18,0,1,0,0,0,0,1,1,1,1,49,8,-1,-1,-1,8,1,8
2016440055258,1,9,0,9,0,8,0,0,0,0,1,1,6,2,29,6,3628,2,7,2,1,2
2016440055258,2,9,0,18,0,8,0,0,0,0,3,1,6,1,54,8,2993,2,7,8,1,8
2016440055298,1,9,0,9,0,8,0,0,0,0,3,1,1,1,45,7,1086,1,7,5,1,5
2016440055298,2,1,0,18,0,8,1,0,0,0,1,1,2,1,42,7,-1,-1,-1,10,1,10
2016440055647,1,9,0,18,0,0,1,0,1,7,1,1,6,1,27,6,1995,2,7,5,1,5
2016440055940,1,9,0,17,0,8,2,0,7,1,1,1,6,1,55,8,1598,1,11,3,1,3
2016440055945,1,9,0,2,0,0,0,0,0,0,3,1,6,1,73,10,1591,1,4,10,2,10
2016440055945,2,1,0,18,0,0,0,0,0,0,1,1,6,1,58,9,-1,-1,-1,2,1,2
2016440056040,1,3,0,18,0,0,0,0,0,0,1,1,6,1,23,5,124,1,12,7,1,7
2016440056040,2,9,0,11,7,0,0,0,0,0,2,1,6,1,47,8,1753,2,12,10,1,10
2016440056075,1,9,0,10,0,1,0,0,0,0,2,1,6,1,54,8,1986,2,9,8,1,8
2016440056075,2,9,0,18,0,1,1,0,0,0,1,1,6,1,36,7,1399,1,11,5,1,5
2016440056187,1,19,0,18,0,1,0,0,0,0,1,1,6,1,45,7,2300,2,12,8,1,8
2016440056187,2,9,0,9,0,8,0,0,0,0,3,1,1,1,64,9,-1,-1,-1,6,1,6
2016440056208,1,9,0,10,0,8,0,0,0,0,2,1,6,2,18,4,1240,1,12,10,1,10
2016440056208,2,9,0,3,0,1,0,0,0,0,2,1,6,1,50,8,1248,1,6,7,1,7
2016440056208,3,9,0,3,0,1,0,0,0,0,2,1,6,1,41,7,1598,1,2,10,1,10
2016440056208,4,9,0,18,0,1,0,0,0,0,1,1,6,1,17,4,1149,1,14,9,1,9
2016440056282,1,9,0,18,0,8,0,0,0,0,1,1,6,1,69,10,1364,1,6,2,1,2
2016440056282,2,9,0,18,0,8,5,0,7,0,4,1,2,1,43,7,1598,2,4,8,1,8
2016440056442,1,9,0,17,0,6,0,0,0,0,1,1,6,1,25,5,1364,1,10,6,1,6
2016440056442,2,9,0,18,0,8,0,0,0,0,4,1,6,1,21,5,1197,1,2,6,1,6
2016440056632,1,9,0,18,0,0,2,0,2,4,3,1,1,1,20,4,1388,1,13,7,3,7
2016440056656,1,19,0,18,0,0,0,0,0,0,1,1,1,1,59,9,1968,2,1,10,2,10
2016440056656,2,2,0,18,0,0,0,0,0,0,2,1,6,1,17,4,49,1,2,10,3,10
2016440056716,1,9,0,18,0,0,0,0,5,6,1,1,6,1,44,7,1598,1,6,7,1,7
2016440056965,1,9,0,2,0,0,0,0,0,0,3,1,6,2,29,6,1582,2,6,4,1,4
2016440056965,2,9,0,14,0,0,0,0,0,0,4,1,6,3,-1,-1,1396,1,16,-1,-1,-1
2016440057048,1,2,0,18,0,1,0,0,0,0,3,1,2,1,18,4,50,1,8,4,1,4
2016440057066,1,9,0,18,0,0,0,0,4,0,1,1,6,1,35,6,1389,1,13,-1,-1,-1
2016440057458,1,9,0,12,0,8,1,0,2,7,1,1,6,1,54,8,1390,1,15,9,1,9
2016440057458,2,9,0,18,0,8,0,0,0,0,1,1,6,1,48,8,1910,2,9,4,1,4
2016440057466,1,9,0,7,0,8,0,0,0,0,4,1,6,1,52,8,-1,-1,-1,3,1,3
2016440057466,2,1,0,18,0,8,0,0,0,0,1,1,6,2,4,1,-1,-1,-1,2,1,2
2016440057612,1,9,0,5,0,1,0,0,0,0,1,1,6,2,21,5,1299,1,10,2,1,2
2016440057612,2,9,0,4,0,1,0,0,0,0,2,1,6,2,26,6,1397,1,5,2,1,2
2016440057664,1,21,0,1,0,0,0,0,0,0,2,1,1,1,-1,-1,-1,-1,-1,-1,-1,-1
2016440057664,2,9,0,18,0,0,0,0,0,0,1,1,6,2,48,8,1198,1,11,10,1,10
2016440057679,1,9,0,18,0,0,0,0,0,0,0,1,6,1,66,10,1390,1,1,7,1,7
2016440057679,2,5,0,18,0,0,0,11,0,0,1,1,6,1,43,7,599,1,14,7,1,7
2016440057699,1,9,0,18,0,0,0,0,0,0,1,1,6,2,48,8,1396,1,19,4,1,4
2016440057712,1,9,0,18,0,0,0,0,0,7,3,1,6,2,28,6,1596,1,10,5,1,5
2016440057724,1,9,0,12,0,8,5,0,7,7,1,1,6,1,42,7,-1,-1,-1,7,3,7
2016440057741,1,9,0,18,0,2,1,0,1,3,1,1,6,1,50,8,2993,2,10,5,1,5
2016440057741,2,9,0,18,0,2,0,0,4,6,2,1,6,2,47,8,1595,1,10,7,1,7
2016440057741,3,9,0,18,0,1,0,11,0,0,1,1,6,1,29,6,1896,2,10,5,1,5
2016440057741,4,9,0,18,0,1,0,11,0,0,1,1,6,1,28,6,2993,2,8,8,1,8
2016440057741,5,19,0,18,0,1,0,11,0,0,1,1,6,1,58,9,1968,2,3,8,1,8
2016440057741,6,9,0,18,0,1,0,11,0,0,1,1,6,3,-1,-1,1968,2,2,-1,-1,-1
2016440057780,1,9,0,18,0,1,5,7,0,0,1,1,6,1,58,9,1198,1,1,9,3,9
2016440057900,1,9,0,18,0,0,0,11,0,0,1,1,2,1,64,9,1399,2,7,9,1,9
2016440058039,1,9,0,18,0,0,5,0,7,1,1,1,6,1,17,4,1242,1,10,9,3,9
2016440058072,1,9,0,9,0,8,0,0,0,0,4,1,6,1,47,8,1360,1,13,6,3,6
2016440058072,2,1,0,18,0,8,0,0,0,0,1,1,6,1,35,6,-1,-1,-1,9,2,9
2016440058172,1,9,0,10,0,8,0,0,0,0,2,1,6,1,37,7,1968,2,11,3,1,3
2016440058172,2,9,0,4,0,8,0,0,0,0,1,1,6,3,-1,-1,1587,1,12,-1,-1,-1
2016440058201,1,9,0,18,0,0,0,0,0,0,1,1,6,1,71,10,875,1,3,10,1,10
2016440058374,1,9,0,18,0,0,0,10,0,0,2,1,6,1,22,5,998,1,2,10,2,10
2016440058374,2,19,0,18,0,0,0,0,0,0,1,1,6,3,-1,-1,-1,-1,-1,-1,-1,-1
2016440058379,1,9,0,1,0,0,0,0,0,0,1,1,1,1,33,6,1598,2,5,4,1,4
2016440058379,2,1,0,18,0,0,0,0,0,0,3,1,4,2,14,3,-1,-1,-1,1,1,1
2016440058747,1,9,0,18,0,2,0,10,7,11,1,1,6,2,68,10,1198,1,4,10,2,10
2016440058855,1,9,0,18,0,0,0,0,0,0,1,1,6,3,-1,-1,1895,1,14,-1,-1,-1
2016440059021,1,9,0,9,0,8,0,0,0,0,1,1,6,1,45,7,1398,1,12,7,1,7
2016440059021,2,9,0,18,0,8,0,0,0,0,1,1,6,2,26,6,1299,1,14,1,1,1
2016440059162,1,9,0,18,0,8,1,0,0,0,4,1,2,2,49,8,1242,1,3,8,1,8
2016440059162,2,9,0,18,0,8,0,0,0,0,1,1,6,3,-1,-1,1796,1,16,-1,-1,-1
2016440059162,3,19,0,2,0,2,0,0,0,0,1,1,6,3,-1,-1,1248,2,10,-1,-1,-1
2016440059269,1,9,0,4,0,1,0,0,0,0,2,1,2,1,34,6,1198,1,10,8,1,8
2016440059269,2,9,0,18,0,1,0,0,0,0,1,1,6,1,22,5,1560,2,9,7,1,7
2016440059270,1,1,0,18,0,8,0,0,0,0,1,1,2,1,25,5,-1,-1,-1,8,1,8
2016440059270,2,9,0,9,0,8,0,0,0,0,3,1,6,1,86,11,1388,1,4,10,1,10
2016440059313,1,9,0,18,0,0,0,0,0,0,2,1,1,1,41,7,1242,1,4,3,1,3
2016440059313,2,5,0,4,0,0,1,0,0,0,1,1,1,1,29,6,996,1,18,3,1,3
2016440059377,1,19,0,18,0,1,1,0,0,0,1,1,2,1,32,6,2298,2,1,10,1,10
2016440059377,2,9,0,18,0,1,0,0,0,0,2,1,3,1,58,9,1753,2,7,9,2,9
2016440059377,3,9,0,10,0,1,0,0,0,0,2,1,2,1,57,9,1399,2,13,8,3,8
2016440059455,1,9,0,5,0,1,0,0,0,0,1,1,6,1,43,7,998,1,16,1,1,1
2016440059455,2,1,0,5,0,1,0,0,0,0,2,1,6,1,35,6,-1,-1,-1,3,1,3
2016440059917,1,1,0,18,0,8,0,0,0,0,1,1,6,1,51,8,-1,-1,-1,5,1,5
2016440059917,2,1,0,9,0,8,0,0,0,0,2,1,6,1,30,6,-1,-1,-1,1,1,1
2016440059994,1,9,0,18,0,0,1,0,0,0,1,1,6,1,68,10,1396,1,19,5,1,5
2016440059994,2,9,0,18,0,0,0,0,0,0,1,1,6,1,68,10,1197,1,2,6,3,6
2016440060004,1,9,0,18,0,0,0,4,0,0,1,1,6,2,89,11,1299,1,16,7,3,7
2016440060004,2,20,0,2,0,0,0,0,0,0,1,1,1,3,-1,-1,2198,2,3,-1,-1,-1
2016440060004,3,20,0,2,0,0,0,0,0,0,2,1,1,3,-1,-1,-1,-1,-1,-1,-1,-1
2016440060061,1,9,0,18,0,0,0,0,0,0,2,1,1,1,53,8,2179,2,2,10,1,10
2016440060061,2,19,0,12,0,0,0,0,0,0,1,1,1,1,43,7,2198,2,2,7,3,7
2016440060077,1,9,0,5,0,1,0,0,0,0,1,1,1,3,-1,-1,2143,2,2,-1,-1,-1
2016440060077,2,1,0,14,0,1,0,0,0,0,4,1,2,1,43,7,-1,-1,-1,10,1,10
2016440060116,1,9,0,18,0,0,0,0,0,0,1,1,2,2,30,6,1598,2,5,5,3,5
2016440060116,2,19,0,4,0,0,0,0,0,0,2,1,2,1,30,6,1995,2,8,5,1,5
2016440060144,1,1,0,18,0,8,0,0,0,0,1,1,6,1,38,7,-1,-1,-1,1,1,1
2016440060144,2,19,0,9,0,8,0,0,0,0,3,1,1,1,-1,-1,4500,2,1,6,3,6
2016440060184,1,9,0,9,0,8,0,0,0,0,1,1,2,2,27,6,1995,2,8,10,1,10
2016440060184,2,2,0,5,0,8,0,0,0,0,3,1,2,1,16,4,49,1,7,9,3,9
2016440060190,1,9,0,9,0,6,0,0,0,0,3,1,6,2,60,9,1587,1,12,6,1,6
2016440060190,2,3,0,18,0,1,0,0,0,0,1,1,6,1,17,4,124,1,2,5,1,5
2016440060212,1,9,0,18,0,0,0,0,1,11,1,1,6,1,88,11,1587,1,9,9,3,9
2016440060226,1,9,0,4,0,8,0,0,1,10,2,1,2,2,58,9,1896,2,9,4,1,4
2016440060226,2,9,0,18,0,8,0,0,0,0,1,1,6,1,-1,-1,1686,2,9,8,1,8
2016440060290,1,9,0,18,0,2,0,0,0,0,1,1,6,1,50,8,1796,1,16,6,1,6
2016440060296,1,20,0,18,0,0,0,0,0,0,0,1,1,3,-1,-1,-1,-1,-1,-1,-1,-1
2016440060296,2,9,0,18,0,0,5,0,1,0,1,1,2,1,38,7,1997,2,10,10,2,10
2016440060296,3,9,0,18,0,0,5,0,0,0,3,1,2,1,39,7,1598,1,10,5,3,5
2016440060296,4,9,0,18,0,0,1,0,0,0,3,1,2,1,33,6,1386,1,10,6,3,6
2016440060452,1,9,0,6,0,1,0,0,0,0,1,1,1,1,42,7,1598,2,5,4,1,4
2016440060452,2,1,0,18,0,2,0,0,0,0,3,1,6,2,19,4,-1,-1,-1,8,1,8
2016440060584,1,9,0,9,0,6,0,0,0,0,1,1,6,1,38,7,1396,1,15,1,1,1
2016440060584,2,1,0,18,0,8,0,0,0,0,4,1,6,2,27,6,-1,-1,-1,3,1,3
2016440060677,1,9,0,6,0,0,0,0,0,0,4,1,2,1,36,7,1968,2,-1,1,1,1
2016440060677,2,9,0,18,0,0,0,0,0,0,1,1,2,2,49,8,1396,1,18,7,1,7
2016440061046,1,9,0,18,0,2,0,4,0,0,1,1,6,2,76,11,1390,1,11,9,3,9
2016440061046,2,9,0,2,0,2,0,0,0,0,2,1,6,1,72,10,1798,1,2,10,1,10
2016440061174,1,9,0,18,0,1,0,0,0,0,4,1,6,1,51,8,1598,2,4,6,1,6
2016440061207,1,19,0,9,0,8,0,0,0,0,3,1,1,1,42,7,1560,2,2,10,1,10
2016440061207,2,9,0,18,0,8,0,0,0,0,1,1,1,1,55,8,1910,2,8,8,1,8
2016440061622,1,9,0,17,0,8,1,0,0,0,2,1,6,2,43,7,1242,1,16,6,3,6
2016440061622,2,19,0,17,0,8,0,0,0,0,2,1,1,1,49,8,2198,2,4,10,1,10
2016440061778,1,9,0,9,0,8,0,0,0,0,0,1,6,1,20,4,973,1,14,7,1,7
2016440061778,2,3,0,18,0,1,1,0,0,0,0,1,6,1,20,4,-1,-1,-1,4,1,4
2016440061916,1,9,0,18,0,0,0,0,1,4,1,1,6,2,19,4,1229,1,4,10,1,10
2016440061981,1,5,0,16,0,2,1,0,0,0,1,1,2,1,36,7,1050,1,1,7,1,7
2016440062036,1,9,0,18,0,0,2,0,0,0,1,1,2,1,22,5,1870,2,11,4,1,4
2016440062057,1,9,0,18,0,0,1,0,0,0,3,1,2,1,29,6,-1,-1,-1,4,1,4
2016440062061,1,9,0,17,0,0,2,10,1,10,0,1,2,2,20,4,1199,1,13,9,1,9
2016440062092,1,3,0,5,0,1,0,0,0,0,0,1,1,1,19,4,124,1,3,7,1,7
2016440062120,1,9,0,18,0,0,0,0,0,0,0,1,1,1,24,5,-1,-1,-1,10,1,10
2016440062120,2,3,0,18,0,0,0,0,0,0,0,1,1,1,36,7,125,1,1,5,1,5
2016440062250,1,9,0,18,0,8,1,0,0,0,1,1,6,2,64,9,1582,2,4,10,1,10
2016440062250,2,9,0,10,0,8,0,0,0,0,1,1,6,1,73,10,1582,2,4,10,1,10
2016440062250,3,9,0,9,0,8,0,0,0,0,0,1,6,3,-1,-1,-1,-1,-1,-1,-1,-1
2016440062290,1,9,0,5,0,0,0,0,0,0,1,1,6,1,68,10,1598,1,11,7,1,7
2016440062290,2,9,0,3,0,0,0,0,0,0,2,1,6,2,30,6,998,1,3,9,1,9
2016440062462,1,21,0,10,0,0,0,0,0,0,2,1,1,3,-1,-1,4461,2,7,-1,-1,-1
2016440062462,2,9,0,18,0,0,0,0,0,0,2,1,2,1,32,6,1598,1,14,3,1,3
2016440062462,3,90,0,18,0,0,0,0,0,0,1,1,1,3,-1,-1,-1,-1,-1,-1,-1,-1
2016440062628,1,19,0,18,0,1,0,0,0,0,2,1,6,1,30,6,2460,2,10,10,3,10
2016440062628,2,9,0,18,0,1,0,0,0,0,1,1,6,3,-1,-1,-1,-1,-1,-1,-1,-1
2016440062712,1,9,0,4,0,1,0,0,0,0,2,1,2,1,42,7,2993,2,9,1,1,1
2016440062712,2,9,0,18,0,1,0,0,0,0,1,1,3,1,45,7,-1,-1,-1,6,1,6
2016440062758,1,9,0,18,0,1,0,0,0,0,1,1,6,1,82,11,1596,1,14,10,1,10
2016440062758,2,9,0,5,0,1,0,0,0,0,2,1,2,1,44,7,-1,-1,-1,9,1,9
2016440062845,1,9,0,5,0,8,0,0,0,0,1,1,2,1,64,9,1997,2,5,8,1,8
2016440062845,2,1,0,18,0,8,0,0,0,0,1,1,2,1,49,8,-1,-1,-1,9,1,9
2016440062859,1,9,0,16,0,0,1,0,2,7,1,1,6,2,47,8,998,1,4,10,1,10
2016440062859,2,90,0,16,0,0,0,0,0,0,3,1,1,1,58,9,6700,2,2,4,1,4
2016440062917,1,11,0,4,0,0,0,0,0,0,0,1,1,1,53,8,6370,2,10,10,2,10
2016440062940,1,1,0,18,0,8,0,0,0,0,4,1,2,1,53,8,-1,-1,-1,10,1,10
2016440062940,2,9,0,7,0,8,0,0,0,0,1,1,6,3,-1,-1,-1,-1,-1,-1,-1,-1
2016440063349,1,1,0,18,0,8,0,0,0,0,1,1,2,1,42,7,-1,-1,-1,8,1,8
2016440063349,2,9,0,7,0,8,0,0,0,0,4,1,6,3,-1,-1,-1,-1,-1,-1,-1,-1
2016440063444,1,9,0,18,0,8,0,0,0,0,1,1,6,2,37,7,1399,2,4,2,1,2
2016440063444,2,9,0,9,0,8,0,0,0,0,4,1,6,2,45,7,1598,2,4,6,1,6
2016440063511,1,9,0,10,0,1,0,0,0,0,2,1,6,2,49,8,1900,2,15,9,2,9
2016440063511,2,9,0,3,0,1,0,0,0,0,2,1,1,2,51,8,1398,2,6,10,1,10
2016440063511,3,9,0,18,0,1,1,0,0,0,1,1,2,1,24,5,1360,1,12,10,1,10
2016440063629,1,19,0,18,0,0,0,0,0,0,1,1,6,1,24,5,1598,2,1,6,1,6
2016440063629,2,9,0,2,0,0,0,0,0,0,2,1,6,2,25,5,1461,2,13,4,1,4
2016440063662,1,9,0,7,0,6,0,0,0,0,1,1,6,1,20,4,1598,1,11,10,3,10
2016440063662,2,9,0,18,0,8,0,0,0,0,4,1,6,1,44,7,2967,2,4,8,3,8
2016440063662,3,9,0,18,0,1,0,0,0,0,1,1,1,1,54,8,-1,-1,-1,6,1,6
2016440063766,1,9,0,10,0,1,0,0,0,0,2,1,6,1,49,8,1995,2,4,5,3,5
2016440063766,2,9,0,18,0,1,0,0,0,0,1,1,6,2,45,7,998,1,8,4,1,4
2016440063790,1,9,0,9,0,8,0,0,0,0,1,1,6,2,66,10,998,1,2,10,1,10
2016440063790,2,9,0,18,0,8,0,0,0,0,1,1,6,2,61,9,1248,1,3,10,1,10
2016440063790,3,9,0,4,0,8,0,0,0,0,1,1,6,1,62,9,1686,2,5,10,1,10
2016440063809,1,9,0,9,0,8,0,0,0,0,1,1,6,1,40,7,1598,1,14,8,1,8
2016440063809,2,5,0,18,0,1,0,0,7,0,4,1,2,1,40,7,599,1,18,8,1,8
2016440063939,1,9,0,4,0,0,0,0,0,0,2,1,6,1,24,5,1242,1,7,4,1,4
2016440063939,2,3,0,18,0,0,0,0,0,0,1,1,6,1,65,9,125,1,2,1,1,1
2016440063961,1,9,0,1,0,0,0,0,0,0,2,1,6,1,44,7,1781,1,15,8,3,8
2016440064021,1,9,0,5,0,4,0,0,0,0,1,1,2,1,55,8,1560,2,10,6,1,6
2016440064021,2,1,0,7,0,8,0,0,0,0,2,1,6,1,28,6,-1,-1,-1,10,1,10
2016440064217,1,9,0,9,0,8,0,0,0,0,3,1,6,2,41,7,1896,2,8,8,1,8
2016440064220,1,9,0,4,0,0,0,0,0,0,2,1,6,2,55,8,1390,1,4,10,1,10
2016440064220,2,9,0,18,0,0,1,0,0,0,1,1,6,2,32,6,1598,1,14,10,1,10
2016440064245,1,9,0,9,0,8,0,0,0,0,3,1,6,2,50,8,1395,1,1,10,1,10
2016440064245,2,5,0,18,0,8,0,0,0,0,1,1,2,1,56,9,885,1,21,4,1,4
2016440064352,1,9,0,10,0,8,0,0,0,0,2,1,6,2,48,8,1248,1,6,9,1,9
2016440064352,2,9,0,18,0,8,0,0,0,0,3,1,6,1,54,8,1999,1,5,6,3,6
2016440064352,3,9,0,18,0,8,0,0,0,0,1,1,6,1,26,6,1999,1,5,9,1,9
2016440064727,1,9,0,16,0,0,0,0,0,0,1,1,6,1,41,7,1590,1,15,8,1,8
2016440064727,2,9,0,17,0,0,0,0,1,0,1,1,6,1,71,10,1598,1,10,7,3,7
2016440064896,1,9,0,18,0,0,0,4,0,0,1,1,6,1,27,6,1396,1,17,8,2,8
2016440064896,2,9,0,2,0,0,0,0,0,0,2,1,6,3,-1,-1,2987,2,10,-1,-1,-1
2016440064974,1,9,0,17,0,0,2,0,1,3,1,1,6,1,41,7,3824,1,9,-1,-1,-1
2016440065090,1,9,0,5,0,8,0,0,0,0,3,1,6,2,75,10,999,1,4,6,1,6
2016440065090,2,9,0,17,0,8,0,0,0,0,4,1,6,1,29,6,998,1,1,8,1,8
2016440065146,1,3,0,18,0,0,0,0,0,0,1,1,6,1,65,9,125,1,8,4,1,4
2016440065146,2,9,0,4,0,0,0,0,0,0,2,1,6,2,70,10,1339,1,10,9,1,9
2016440065334,1,1,0,17,0,1,0,0,0,0,4,1,6,2,23,5,-1,-1,-1,8,1,8
2016440065334,2,9,0,7,0,8,0,0,0,0,1,1,6,3,-1,-1,1956,2,6,-1,-1,-1
2016440065836,1,9,0,18,0,0,0,0,0,0,1,1,6,1,20,4,1242,1,11,10,1,10
2016440065874,1,9,0,18,0,2,0,0,0,0,4,1,6,1,34,6,2497,2,9,7,1,7
2016440066180,1,3,0,9,0,8,0,0,0,0,4,1,6,2,46,8,125,1,10,6,1,6
2016440066180,2,1,0,18,0,8,0,0,0,0,3,1,6,1,27,6,-1,-1,-1,7,1,7
2016440066180,3,1,0,18,0,8,0,0,0,0,3,1,6,1,26,6,-1,-1,-1,7,1,7
2016440066190,1,9,0,18,0,0,0,0,0,0,4,1,6,1,79,11,1198,1,2,7,1,7
2016440066204,1,2,0,18,0,1,1,0,0,0,0,1,6,1,60,9,49,1,2,3,1,3
2016440066204,2,9,0,7,0,8,0,0,0,0,0,1,6,2,45,7,1242,1,5,10,1,10
2016440066257,1,9,0,18,0,0,1,10,8,4,1,1,6,1,41,7,3600,1,15,7,2,7
2016440066258,1,9,0,9,0,8,0,0,0,0,1,1,6,3,-1,-1,1289,1,17,-1,-1,-1
2016440066258,2,1,0,18,0,8,0,0,0,0,3,1,6,1,45,7,-1,-1,-1,6,1,6
2016440066613,1,9,0,9,0,8,0,0,0,0,4,1,6,2,21,5,1360,1,12,8,1,8
2016440066613,2,9,0,18,0,8,0,0,0,0,1,1,6,1,23,5,1364,1,8,2,1,2
2016440066804,1,9,0,18,0,2,0,4,0,0,1,1,6,1,27,6,1997,2,2,10,2,10
2016440066804,2,9,0,2,0,2,0,0,0,0,2,1,6,3,-1,-1,1896,2,14,-1,-1,-1
2016440066804,3,9,0,2,0,2,0,0,0,0,1,1,6,3,-1,-1,2979,1,15,-1,-1,-1
2016440066889,1,9,0,18,0,1,0,0,0,0,2,1,6,1,49,8,1994,2,14,3,1,3
2016440066889,2,19,0,18,0,1,0,0,0,0,1,1,1,3,-1,-1,1248,2,6,-1,-1,-1
2016440066954,1,9,0,9,0,8,0,0,0,0,3,1,2,1,38,7,1598,2,5,5,1,5
2016440066954,2,3,0,18,0,1,0,0,0,0,1,1,2,1,20,4,125,1,-1,2,1,2
2016440067072,1,9,0,14,0,0,0,0,0,0,4,1,6,3,-1,-1,-1,-1,-1,-1,-1,-1
2016440067072,2,9,0,2,0,0,0,0,0,0,4,1,6,1,51,8,2495,2,20,8,3,8
2016440067267,1,9,0,18,0,0,0,0,0,0,1,1,6,2,61,9,2179,2,4,7,3,7
2016440067267,2,9,0,3,0,0,0,0,0,0,2,1,6,1,71,10,1328,1,13,5,1,5
2016440067267,3,9,0,3,0,0,0,0,0,0,2,1,6,1,70,10,2987,2,10,7,3,7
2016440067331,1,1,0,18,0,8,0,0,0,0,4,1,6,1,49,8,-1,-1,-1,1,1,1
2016440067331,2,8,0,7,0,8,0,0,0,0,1,1,1,3,-1,-1,-1,-1,-1,-1,-1,-1
2016440067646,1,9,0,5,0,4,0,0,0,0,1,1,6,1,38,7,1796,1,8,10,1,10
2016440067646,2,5,0,18,0,8,0,0,0,0,4,1,6,2,37,7,929,1,15,5,1,5
2016440067663,1,9,0,5,0,8,0,0,0,0,1,1,1,1,45,7,-1,-1,-1,3,1,3
2016440067738,1,9,0,18,0,0,2,0,1,4,3,1,2,2,24,5,1388,1,17,-1,-1,-1