Accident_Index,Vehicle_Reference,Vehicle_Type,Towing_and_Articulation,Vehicle_Manoeuvre,Vehicle_Location-Restricted_Lane,Junction_Location,Skidding_and_Overturning,Hit_Object_in_Carriageway,Vehicle_Leaving_Carriageway,Hit_Object_off_Carriageway,1st_Point_of_Impact,Was_Vehicle_Left_Hand_Drive?,Journey_Purpose_of_Driver,Sex_of_Driver,Age_of_Driver,Age_Band_of_Driver,Engine_Capacity_(CC),Propulsion_Code,Age_of_Vehicle,Driver_IMD_Decile,Driver_Home_Area_Type,Vehicle_IMD_Decile
2016440085780,2,9,0,18,0,1,0,0,0,0,1,1,6,3,-1,-1,-1,-1,-1,-1,-1,-1
2016440085836,1,9,0,18,0,0,0,4,7,0,1,1,6,2,50,8,1598,1,1,6,1,6
2016440085836,2,9,0,2,0,0,0,0,0,0,1,1,6,3,-1,-1,1598,1,1,-1,-1,-1
2016440085836,3,19,0,2,0,0,0,0,0,0,1,1,6,3,-1,-1,2198,2,4,-1,-1,-1
2016440085882,1,9,0,3,0,0,0,0,0,0,2,1,6,2,38,7,1997,2,10,6,1,6
2016440085882,2,3,0,4,0,0,1,0,0,0,1,1,6,1,19,4,125,1,15,4,1,4
2016440085994,1,9,0,18,0,0,0,0,0,0,4,1,6,3,-1,-1,-1,-1,-1,-1,-1,-1
2016440086043,1,19,0,18,0,2,0,0,0,0,1,1,6,3,-1,-1,-1,-1,-1,-1,-1,-1
2016440086168,1,9,0,9,0,8,0,0,0,0,1,1,2,2,48,8,847,1,16,4,1,4
2016440086168,2,3,0,14,0,8,0,0,0,0,1,1,2,1,19,4,124,1,2,6,1,6
2016440086291,1,19,0,18,0,2,0,0,0,0,1,1,1,1,31,6,2143,2,3,8,1,8
2016440086291,2,9,0,18,0,1,0,0,1,0,1,1,3,2,42,7,1598,1,10,9,1,9
2016440086291,3,21,0,18,0,1,0,0,0,0,1,1,1,1,59,9,7790,2,5,8,1,8
2016440086701,1,9,0,9,0,8,0,0,0,0,4,1,6,2,42,7,1398,1,5,9,1,9
2016440086819,1,8,0,1,0,0,0,0,0,0,2,1,1,3,-1,-1,-1,-1,-1,-1,-1,-1
2016440086842,1,9,0,18,0,1,0,0,0,0,0,1,6,3,-1,-1,-1,-1,-1,-1,-1,-1
2016440086842,2,9,0,18,0,1,0,0,0,0,2,1,6,1,44,7,2967,2,2,2,1,2
2016440086842,3,19,0,18,0,1,1,0,4,6,1,1,6,1,46,8,2198,2,2,5,1,5
2016440086912,1,9,0,18,0,0,0,0,0,0,1,1,1,2,27,6,1242,1,1,2,1,2
2016440086912,2,9,0,18,0,0,0,0,0,0,2,1,1,1,21,5,1968,2,13,10,2,10
2016440086912,3,9,0,18,0,0,0,0,0,0,2,1,6,2,35,6,1896,2,7,6,1,6
2016440086966,1,9,0,18,0,0,0,0,0,0,1,1,6,3,-1,-1,-1,-1,-1,-1,-1,-1
2016440087154,1,9,0,18,0,1,0,0,0,0,1,1,6,1,57,9,1998,1,15,2,1,2
2016440087154,2,9,0,3,0,1,0,0,0,0,2,1,6,2,32,6,1461,2,5,6,2,6
2016440087188,1,9,0,18,0,1,0,0,0,0,1,1,6,3,-1,-1,-1,-1,-1,-1,-1,-1
2016440087234,1,9,0,18,0,0,0,0,1,9,1,1,6,1,46,8,1686,2,20,4,1,4
2016440087234,2,9,0,18,0,0,0,0,1,9,1,1,6,1,44,7,599,1,16,5,3,5
2016440087357,1,19,0,18,9,0,1,0,1,0,4,1,6,1,-1,-1,-1,-1,-1,-1,-1,-1
2016440087373,1,9,0,9,0,8,0,0,0,0,3,1,3,2,33,6,2000,2,6,10,3,10
2016440087373,2,1,0,18,0,8,0,0,0,0,1,1,1,1,40,7,-1,-1,-1,6,1,6
2016440087404,1,9,0,18,0,0,5,0,1,9,1,1,2,1,45,7,1598,1,9,1,1,1
2016440087500,1,9,0,18,0,1,0,0,0,0,1,1,6,2,46,8,1598,1,9,3,1,3
2016440087529,1,9,0,18,0,0,0,0,7,0,3,1,6,1,34,6,1390,1,10,4,1,4
2016440087571,1,19,0,3,0,8,0,0,0,0,2,1,1,1,39,7,1399,2,7,9,1,9
2016440087571,2,9,0,18,0,8,0,0,0,0,1,1,6,1,-1,-1,1796,1,15,-1,-1,-1
2016440087644,1,9,0,17,0,8,2,0,1,0,4,1,6,1,50,8,1956,2,5,9,2,9
2016440087657,1,9,0,3,0,1,0,0,0,0,2,1,6,2,37,7,1388,1,11,9,1,9
2016440087657,2,9,0,4,0,1,0,0,0,0,1,1,6,3,-1,-1,998,1,9,-1,-1,-1
2016440087674,1,9,0,18,0,0,0,0,7,4,1,1,1,1,55,8,-1,-1,-1,9,2,9
2016440087689,1,9,0,18,0,8,0,0,0,0,4,1,6,1,28,6,1560,2,5,3,1,3
2016440087689,2,9,0,9,0,8,0,0,0,0,3,1,6,1,90,11,1390,1,15,7,2,7
2016440087698,1,19,0,12,0,0,0,0,0,0,2,1,2,1,26,6,2143,2,1,4,1,4
2016440087698,2,3,0,13,0,0,0,0,0,0,1,1,6,1,18,4,124,1,14,5,1,5
2016440087705,1,9,0,3,0,1,0,0,0,0,2,1,2,2,49,8,1988,2,12,10,1,10
2016440087705,2,9,0,18,0,1,0,0,0,0,1,1,2,1,27,6,1390,1,5,1,1,1
2016440087712,1,9,0,17,0,0,1,0,0,0,4,1,6,1,24,5,998,1,9,10,1,10
2016440087712,2,9,0,16,0,0,0,0,0,0,1,1,6,1,60,9,2993,2,1,7,1,7
2016440087769,1,9,0,16,0,0,1,0,1,0,4,1,1,1,38,7,1596,1,11,7,1,7
2016440087769,2,9,0,18,0,0,0,0,0,0,1,1,1,1,35,6,2926,2,14,4,1,4
2016440087796,1,9,0,1,0,0,0,0,0,0,2,1,6,3,-1,-1,-1,-1,-1,-1,-1,-1
2016440087892,1,19,0,5,0,1,0,0,0,0,3,1,1,1,41,7,1560,2,2,-1,-1,-1
2016440087892,2,1,0,18,0,8,0,0,0,0,1,1,1,1,39,7,-1,-1,-1,7,1,7
2016440087959,1,1,0,17,0,8,0,0,0,0,1,1,6,2,39,7,-1,-1,-1,2,1,2
2016440087959,2,9,0,1,0,8,0,0,0,0,3,1,6,1,-1,-1,-1,-1,-1,-1,-1,-1
2016440088272,1,9,0,13,0,8,0,0,1,0,4,1,2,1,27,6,1396,2,1,6,3,6
2016440088272,2,19,0,18,0,8,0,0,0,0,3,1,2,1,50,8,2198,2,1,9,1,9
2016440088272,3,21,1,18,0,8,0,0,0,0,1,1,1,1,47,8,9290,2,-1,6,1,6
2016440088704,1,9,0,4,0,0,0,0,0,0,2,1,1,1,47,8,1984,1,15,3,1,3
2016440088704,2,9,0,4,0,0,0,0,0,0,1,1,1,2,35,6,1299,1,12,8,1,8
2016440088750,1,9,0,13,0,0,0,0,0,0,4,1,6,3,-1,-1,-1,-1,-1,-1,-1,-1
2016440088750,2,1,0,18,0,0,0,0,0,0,3,1,6,1,18,4,-1,-1,-1,2,1,2
2016440088782,1,9,0,18,0,0,0,0,0,0,1,1,2,1,31,6,1400,2,9,6,1,6
2016440088782,2,9,0,11,0,0,0,0,1,0,2,1,6,1,69,10,1461,2,1,6,3,6
2016440088782,3,19,0,18,0,0,0,0,0,0,2,1,6,1,51,8,2991,2,4,7,3,7
2016440088815,1,3,0,18,0,2,0,0,0,0,1,1,6,3,-1,-1,-1,-1,-1,-1,-1,-1
2016440088927,1,20,0,12,0,0,0,0,0,0,3,1,1,1,43,7,15607,2,9,7,1,7
2016440088927,2,9,0,18,0,0,0,0,1,7,4,1,6,2,59,9,1397,1,6,6,1,6
2016440088943,1,19,0,18,0,0,0,0,7,3,1,1,1,1,46,8,1997,2,10,7,1,7
2016440089232,1,9,0,18,0,1,0,0,0,0,1,1,6,2,50,8,1498,1,2,2,1,2
2016440089232,2,17,4,18,0,2,0,0,0,0,3,1,1,1,22,5,6728,2,2,7,3,7
2016440089269,1,9,0,18,0,8,0,0,0,0,4,1,6,2,75,10,1242,1,8,6,1,6
2016440089392,1,9,0,18,0,8,0,0,0,0,4,1,1,1,56,9,1198,1,6,9,1,9
2016440089656,1,9,0,18,0,0,0,0,0,0,2,1,6,1,25,5,2295,1,14,3,1,3
2016440089656,2,9,0,18,0,0,0,0,0,0,2,1,6,1,60,9,4367,2,5,10,1,10
2016440089672,1,97,0,7,0,2,0,0,0,0,1,1,6,1,16,4,50,1,5,4,1,4
2016440089672,2,9,0,14,0,1,0,0,0,0,3,1,3,2,34,6,1560,2,7,6,1,6
2016440089763,1,19,0,9,0,8,0,0,0,0,1,1,6,1,30,6,2402,2,8,10,1,10
2016440089763,2,9,0,18,0,8,0,0,0,0,1,1,6,2,22,5,999,1,4,10,1,10
2016440089789,1,9,0,13,0,1,0,0,0,0,3,1,2,1,26,6,1984,1,17,4,1,4
2016440089789,2,9,0,18,0,1,0,0,0,0,1,1,2,1,33,6,1997,2,9,2,1,2
2016440089789,3,9,0,18,0,2,0,0,0,0,3,1,6,2,48,8,1388,1,18,10,1,10
2016440090068,1,9,0,4,0,2,0,0,0,0,2,1,2,2,49,8,1598,1,11,6,1,6
2016440090068,2,9,0,18,0,2,0,0,0,0,1,1,2,2,54,8,1198,1,7,5,3,5
2016440090103,1,9,0,18,0,0,0,0,0,0,1,1,2,1,22,5,1984,1,8,5,1,5
2016440090103,2,19,0,4,0,0,1,0,0,0,2,1,1,1,24,5,1753,2,6,8,1,8
2016440090116,1,9,0,18,0,0,1,0,0,0,1,1,2,2,25,5,1360,1,16,8,1,8
2016440090116,2,19,0,18,0,0,0,0,0,0,2,1,2,1,34,6,2198,2,2,6,1,6
2016440090116,3,9,0,18,0,0,0,0,0,0,2,1,2,1,39,7,1598,2,4,10,1,10
2016440090124,1,1,0,13,0,0,0,0,0,0,1,1,2,1,28,6,-1,-1,-1,4,2,4
2016440090285,1,9,0,18,0,1,0,0,0,0,1,1,6,1,79,11,1398,2,10,10,1,10
2016440090285,2,9,0,10,0,1,0,0,0,0,2,1,6,2,34,6,1998,1,15,9,1,9
2016440090403,1,9,0,1,0,8,0,0,0,0,2,1,6,1,66,10,1956,2,4,3,1,3
2016440090405,1,9,0,7,0,2,0,0,0,0,1,1,6,1,59,9,1968,2,1,3,1,3
2016440090511,1,21,1,18,0,0,0,0,0,0,1,1,1,3,-1,-1,11967,2,2,-1,-1,-1
2016440090511,2,9,0,3,0,0,0,0,0,0,2,1,6,2,49,8,1896,2,13,10,1,10
2016440090529,1,9,0,8,0,1,0,0,0,0,2,1,6,2,45,7,1396,1,13,8,1,8
2016440090529,2,9,0,18,0,1,0,0,0,0,1,1,6,3,-1,-1,998,1,12,-1,-1,-1
2016440090555,1,9,0,18,0,1,0,0,0,0,1,1,6,2,54,8,1390,1,19,9,1,9
2016440090555,2,9,0,10,0,1,0,0,0,0,2,1,6,1,57,9,-1,-1,-1,9,1,9
2016440090558,1,9,0,2,0,0,0,0,0,0,2,1,6,2,62,9,-1,-1,-1,9,1,9
2016440090558,2,19,0,18,0,0,0,4,0,0,1,1,1,1,56,9,1998,2,11,6,1,6
2016440090865,1,9,0,2,0,0,0,0,0,0,3,1,2,1,49,8,1686,2,12,1,1,1
2016440090865,2,1,0,14,0,0,0,0,0,0,1,1,6,1,44,7,-1,-1,-1,1,1,1
2016440090934,1,9,0,3,0,1,0,0,0,0,2,1,2,1,53,8,2993,2,-1,9,1,9
2016440090934,2,9,0,3,0,1,0,0,0,0,2,1,2,1,54,8,1582,2,4,9,1,9
2016440090934,3,19,0,18,0,1,0,0,0,0,1,1,1,1,32,6,2198,2,1,7,1,7
2016440090938,1,9,0,18,0,1,0,0,0,0,1,1,2,2,22,5,1299,1,15,-1,-1,-1
2016440090938,2,9,0,4,0,1,0,0,0,0,2,1,2,1,24,5,1560,2,-1,8,1,8
2016440091022,1,90,0,18,0,0,0,0,0,0,2,1,1,1,41,7,11946,2,8,3,2,3
2016440091022,2,9,0,18,0,0,0,0,0,0,1,1,6,2,41,7,1248,2,2,9,3,9
2016440091022,3,9,0,18,0,0,0,0,0,0,1,1,6,2,55,8,1242,1,1,6,3,6
2016440091022,4,9,0,18,0,0,0,0,0,0,1,1,6,2,40,7,1498,1,7,6,3,6
2016440091167,1,9,0,17,0,8,1,7,0,0,1,1,6,1,37,7,1995,2,2,10,1,10
2016440091218,1,9,0,16,0,0,0,0,0,0,1,1,6,2,29,6,1360,1,8,8,1,8
2016440091218,2,9,0,18,0,0,0,0,0,0,1,1,6,2,51,8,1560,2,3,9,1,9
2016440091354,1,1,0,18,0,0,0,0,0,0,4,1,6,2,40,7,-1,-1,-1,7,1,7
2016440091587,1,1,0,9,0,8,0,0,0,0,1,1,2,1,19,4,-1,-1,-1,4,1,4
2016440091587,2,9,0,7,0,8,0,0,0,0,3,1,6,1,69,10,1086,1,13,2,1,2
2016440091639,1,9,0,5,0,2,0,0,0,0,2,1,2,2,21,5,1248,2,6,4,1,4
2016440091639,2,9,0,9,0,2,1,0,0,0,1,1,2,1,22,5,1989,1,16,3,1,3
2016440091773,1,9,0,18,0,0,0,0,0,0,1,1,6,2,17,4,1364,1,9,7,1,7
2016440091773,2,9,0,18,0,0,0,0,0,0,2,1,6,1,54,8,1997,2,1,9,1,9
2016440091933,1,9,0,9,0,8,0,0,7,0,1,1,6,2,37,7,1598,1,11,3,1,3
2016440091933,2,9,0,18,0,8,0,0,0,0,4,1,6,1,42,7,1900,2,10,3,1,3
2016440091956,1,9,0,18,0,1,0,0,2,11,1,1,6,1,82,11,1598,1,12,3,1,3
2016440092178,1,9,0,3,0,1,0,0,0,0,0,1,6,2,51,8,1242,1,8,5,2,5
2016440092178,2,19,0,18,0,1,0,0,0,0,1,1,6,3,-1,-1,1499,2,3,-1,-1,-1
2016440092281,1,9,0,16,0,1,0,0,1,11,1,1,6,1,36,7,1998,1,15,5,1,5
2016440092416,1,9,0,16,0,8,0,0,1,0,1,1,6,1,33,6,1399,2,11,5,2,5
2016440092416,2,9,0,2,0,8,0,0,0,0,4,1,6,3,-1,-1,1248,1,7,-1,-1,-1
2016440092416,3,9,0,2,0,8,0,0,0,0,2,1,6,3,-1,-1,1968,2,1,-1,-1,-1
2016440092448,1,9,0,18,0,0,0,0,0,0,1,1,6,1,28,6,1999,1,12,3,1,3
2016440092448,2,1,0,18,0,0,1,0,3,0,3,1,6,1,46,8,-1,-1,-1,9,1,9
2016440092528,1,3,0,9,0,8,1,0,0,0,0,1,6,1,18,4,125,1,3,9,2,9
2016440092600,1,21,0,5,0,4,0,0,0,0,1,1,1,1,61,9,-1,-1,-1,-1,-1,-1
2016440092600,2,9,0,5,0,4,0,0,0,1,4,1,6,1,42,7,1560,2,3,4,1,4
2016440092825,1,9,0,13,0,0,0,0,0,0,1,1,1,2,29,6,1796,1,11,2,1,2
2016440092825,2,9,0,18,0,0,0,0,0,0,1,1,6,1,59,9,1975,1,9,9,1,9
2016440092844,1,9,0,16,0,3,1,0,6,0,1,1,6,1,80,11,1598,1,14,8,1,8
2016440092844,2,9,0,18,0,1,0,0,0,0,3,1,6,2,32,6,1582,2,4,10,1,10
2016440092869,1,9,0,18,0,0,2,0,5,6,3,1,3,2,21,5,1390,1,9,2,1,2
2016440092873,1,9,0,11,0,0,0,0,0,0,4,1,6,2,31,6,1598,1,15,-1,-1,-1
2016440092873,2,9,0,18,0,0,0,0,0,0,3,1,6,2,66,10,3956,1,12,5,3,5
2016440092990,1,21,1,18,0,8,0,0,0,0,1,1,1,1,63,9,-1,-1,-1,7,1,7
2016440092990,2,9,0,7,0,4,0,0,0,0,2,1,6,1,23,5,1968,2,9,6,1,6
2016440093078,1,9,0,1,0,8,0,0,0,0,4,1,6,2,23,5,1598,1,16,4,1,4
2016440093078,2,3,0,18,0,8,1,0,0,0,1,1,1,1,30,6,124,1,6,6,1,6
2016440093476,1,9,0,18,0,0,0,0,0,0,2,1,2,2,25,5,1685,2,5,8,1,8
2016440093476,2,9,0,18,0,0,0,0,0,0,1,1,6,2,18,4,1149,1,14,8,1,8
2016440093711,1,9,0,3,0,1,0,0,0,0,2,1,6,1,20,4,1390,1,4,1,1,1
2016440093711,2,8,0,5,0,1,0,0,0,0,1,1,6,1,-1,-1,1896,2,7,-1,-1,-1
2016440093763,1,9,0,4,0,0,0,0,5,6,2,1,6,2,21,5,1299,1,8,1,1,1
2016440093763,2,9,0,18,0,0,0,0,0,0,1,1,1,1,40,7,-1,-1,-1,3,1,3
2016440093763,3,9,0,18,0,0,0,0,0,0,1,1,6,1,30,6,1995,2,2,-1,-1,-1
2016440093952,1,9,0,14,0,1,0,0,0,0,4,1,6,3,-1,-1,-1,-1,-1,-1,-1,-1
2016440094299,1,9,0,9,0,8,0,0,0,0,1,1,6,1,77,11,1598,1,13,2,1,2
2016440094299,2,9,0,18,0,8,0,0,0,0,1,1,6,1,34,6,3993,1,1,8,1,8
2016440094329,1,9,0,18,0,8,0,0,0,0,1,1,6,1,45,7,2498,1,17,2,1,2
2016440094329,2,9,0,9,0,8,0,0,0,0,4,1,6,1,63,9,1598,2,3,9,1,9
2016440094344,1,9,0,18,0,1,0,0,0,0,1,1,6,2,21,5,999,1,3,6,1,6
2016440094344,2,9,0,18,0,1,0,0,0,0,1,1,6,2,38,7,1598,1,3,9,1,9
2016440094452,1,9,0,9,0,8,0,0,0,0,0,1,6,1,43,7,1686,2,3,2,1,2
2016440094499,1,9,0,7,0,8,0,0,0,0,1,1,6,1,75,10,1339,1,11,8,1,8
2016440094541,1,9,0,7,0,8,0,0,0,0,4,1,6,2,26,6,1397,1,7,6,3,6
2016440094541,2,1,0,18,0,8,0,0,0,0,1,1,6,1,20,4,-1,-1,-1,10,1,10
2016440094563,1,1,0,18,0,0,0,0,0,0,2,1,6,1,47,8,-1,-1,-1,7,1,7
2016440094563,2,9,0,18,0,0,0,0,0,0,1,1,6,3,-1,-1,-1,-1,-1,-1,-1,-1
2016440094805,1,9,0,10,0,1,0,0,0,0,2,1,2,1,61,9,1598,2,1,8,1,8
2016440094805,2,9,0,18,0,1,0,0,0,0,1,1,6,3,-1,-1,1896,2,7,-1,-1,-1
2016440094818,1,9,0,7,0,5,0,0,0,0,4,1,2,1,38,7,999,1,2,9,1,9
2016440094818,2,1,0,18,0,1,0,0,0,0,1,1,4,1,13,3,-1,-1,-1,9,1,9
2016440094826,1,19,0,18,0,0,0,0,0,0,1,1,1,1,26,6,1499,2,1,8,1,8
2016440094840,1,1,0,18,0,0,0,0,0,0,3,1,6,1,25,5,-1,-1,-1,9,1,9
2016440094840,2,9,0,18,0,0,0,0,0,0,4,1,6,3,-1,-1,-1,-1,-1,-1,-1,-1
2016440094915,1,9,0,3,0,1,0,0,0,0,2,1,2,1,73,10,2298,1,18,9,1,9
2016440094915,2,9,0,18,0,1,0,0,0,0,1,1,6,2,30,6,998,1,6,9,1,9
2016440095041,1,9,0,9,0,6,0,0,0,0,4,1,3,2,32,6,1388,1,7,8,1,8
2016440095041,2,20,0,5,0,1,0,0,0,0,1,1,1,1,45,7,6728,2,2,5,1,5
2016440095047,1,3,0,18,0,1,1,0,0,0,3,1,2,2,51,8,125,1,-1,1,1,1
2016440095072,1,9,0,10,0,1,0,0,0,0,2,1,6,2,54,8,1896,2,8,7,3,7
2016440095072,2,9,0,18,0,1,0,0,0,0,1,1,6,1,46,8,2993,2,3,8,3,8
2016440095150,1,17,0,18,0,1,0,0,0,0,1,1,1,1,34,6,4485,2,1,3,1,3
2016440095150,2,9,0,18,0,1,0,0,0,0,1,1,6,1,36,7,1686,2,6,5,2,5
2016440095151,1,9,0,9,0,8,0,0,0,0,4,1,6,2,24,5,1299,1,12,3,1,3
2016440095151,2,9,0,18,0,8,0,0,0,0,1,1,2,2,22,5,1149,1,11,10,1,10
2016440095203,1,9,0,18,0,1,0,0,0,0,3,1,6,1,67,10,2387,2,15,4,1,4
2016440095385,1,9,0,18,0,8,0,0,0,0,3,1,2,2,43,7,1299,1,12,6,1,6
2016440095385,2,9,0,18,0,8,0,0,0,0,1,1,2,1,69,10,1995,2,15,-1,-1,-1
2016440095538,1,9,0,18,0,0,0,0,0,0,4,1,6,2,48,8,1586,1,-1,4,1,4
2016440095538,2,1,0,18,0,0,0,0,0,0,1,1,6,1,11,3,-1,-1,-1,2,1,2
2016440095560,1,9,0,4,0,0,0,0,0,0,3,1,6,1,63,9,1061,1,12,5,1,5
2016440095560,2,9,0,11,0,0,0,0,0,0,4,1,6,1,-1,-1,-1,-1,-1,-1,-1,-1
2016440095671,1,9,0,18,0,0,0,0,0,0,1,1,2,1,18,4,1199,1,12,5,3,5
2016440095671,2,19,0,4,0,0,0,0,0,0,2,1,1,1,50,8,1560,2,3,8,1,8
2016440095750,1,9,0,16,0,0,1,0,7,10,1,1,2,2,42,7,1589,1,20,9,2,9
2016440095849,1,9,0,18,0,8,0,0,0,0,1,1,6,1,28,6,3246,1,14,6,1,6
2016440095849,2,9,0,9,0,8,0,0,0,0,1,1,3,2,32,6,1299,1,15,6,3,6
2016440096025,1,9,0,18,0,1,0,0,1,11,1,1,6,1,28,6,2000,1,16,4,1,4
2016440096136,1,1,0,9,0,8,0,0,0,0,1,1,2,2,46,8,-1,-1,-1,9,1,9
2016440096136,2,19,0,9,0,8,0,0,0,0,3,1,2,1,53,8,2402,2,9,8,1,8
2016440096137,1,9,0,7,0,8,0,0,0,0,3,1,1,1,46,8,2993,2,6,10,1,10
2016440096137,2,1,0,18,0,8,0,0,0,0,1,1,1,1,35,6,-1,-1,-1,6,1,6
2016440096190,1,9,0,18,0,0,0,0,0,0,2,1,1,2,35,6,1242,1,4,5,1,5
2016440096190,2,9,0,18,0,0,0,0,0,0,1,1,6,2,53,8,1587,1,10,6,1,6
2016440096207,1,9,0,18,0,0,0,0,1,4,1,1,6,1,21,5,2143,2,4,2,1,2
2016440096282,1,3,0,18,0,0,0,0,0,0,1,1,6,1,20,4,124,1,8,8,1,8
2016440096282,2,9,0,3,0,0,0,0,0,0,2,1,6,1,38,7,1242,1,14,4,1,4
2016440096605,1,9,0,16,0,0,0,0,1,0,3,1,6,1,47,8,1998,1,14,4,1,4
2016440096605,2,9,0,17,0,0,0,0,0,0,4,1,6,2,19,4,1598,1,2,3,3,3
2016440096780,1,9,0,18,0,8,1,0,0,0,1,1,6,1,34,6,2987,2,7,6,2,6
2016440096780,2,9,0,10,0,8,0,0,0,0,2,1,6,2,52,8,1497,1,14,2,1,2
2016440097001,1,9,0,18,0,0,0,0,1,9,1,1,6,1,33,6,1896,2,14,4,1,4
2016440097172,1,9,0,18,0,8,0,0,1,10,3,1,6,1,41,7,1588,1,10,2,1,2
2016440097172,2,9,0,18,0,8,0,0,7,0,1,1,6,1,21,5,1390,1,13,5,1,5
2016440097173,1,9,0,9,0,8,0,0,0,0,1,1,6,2,17,4,1388,1,12,10,1,10
2016440097173,2,19,0,18,0,8,0,0,0,0,1,1,6,1,22,5,1870,2,14,6,1,6
2016440097263,1,9,0,18,0,2,5,0,1,0,1,1,6,1,22,5,1988,1,13,9,1,9
2016440097401,1,17,4,16,0,0,0,0,0,0,0,1,1,3,-1,-1,-1,-1,-1,-1,-1,-1
2016440097401,2,9,0,13,0,0,0,0,0,0,0,1,2,1,45,7,1598,1,11,6,1,6
2016440097401,3,9,0,17,0,0,5,0,0,0,0,1,2,2,38,7,1598,1,11,10,1,10
2016440097771,1,9,0,18,0,8,0,0,1,10,4,1,6,2,24,5,1910,2,9,6,1,6
2016440097771,2,9,0,9,0,8,0,0,0,0,4,1,6,2,87,11,1199,1,15,7,2,7
2016440097832,1,19,0,18,0,8,0,0,0,0,1,1,1,1,39,7,1995,2,6,7,3,7
2016440097832,2,9,0,18,0,8,0,0,0,0,2,1,6,1,42,7,1797,8,6,10,2,10
2016440097843,1,9,0,2,0,0,0,0,0,0,2,1,6,2,23,5,998,1,15,2,1,2
2016440097843,2,9,0,18,0,0,0,0,0,0,1,1,6,3,-1,-1,1341,1,15,-1,-1,-1
2016440098090,1,9,0,17,0,0,0,0,1,10,1,1,6,1,19,4,1390,1,17,10,3,10
2016440098090,2,9,0,16,0,0,0,0,0,0,0,1,6,3,-1,-1,-1,-1,-1,-1,-1,-1
2016440098116,1,9,0,18,0,0,0,0,0,0,4,1,6,3,-1,-1,-1,-1,-1,-1,-1,-1
2016440098514,1,9,0,1,0,1,0,0,0,0,3,1,6,1,18,4,-1,-1,-1,-1,-1,-1
2016440098514,2,1,0,18,0,2,0,0,0,0,1,1,6,1,21,5,-1,-1,-1,7,1,7
2016440098514,3,9,0,2,0,2,0,0,0,0,3,1,6,3,-1,-1,-1,-1,-1,-1,-1,-1
2016440098574,1,9,0,9,0,8,0,0,0,0,4,1,6,1,31,6,1598,1,8,2,1,2
2016440098574,2,9,0,18,0,8,0,0,0,0,1,1,6,1,36,7,998,1,15,6,1,6
2016440098630,1,9,0,5,0,8,0,0,0,0,1,1,6,1,49,8,2143,2,1,-1,-1,-1
2016440098630,2,1,0,18,0,8,0,0,0,0,4,1,6,1,44,7,-1,-1,-1,10,2,10
2016440098678,1,9,0,18,0,0,0,0,0,0,1,1,6,1,31,6,1796,1,17,4,2,4
2016440098678,2,9,0,3,0,0,0,0,0,0,2,1,6,1,23,5,-1,-1,-1,6,1,6
2016440098739,1,9,0,18,0,0,1,0,0,0,1,1,6,1,43,7,1997,1,12,3,1,3
2016440098739,2,9,0,4,0,0,2,0,0,0,2,1,6,2,52,8,1598,1,15,6,3,6
2016440098739,3,21,0,18,0,0,0,0,0,0,3,1,1,1,49,8,15607,2,4,4,1,4
2016440098916,1,9,0,18,0,0,0,0,0,0,3,1,6,2,57,9,1596,1,8,5,1,5
2016440098916,2,1,0,18,0,0,0,0,0,0,3,1,6,1,45,7,-1,-1,-1,9,1,9
2016440098932,1,9,0,18,0,0,0,0,0,0,1,1,6,2,29,6,1896,2,8,10,2,10
2016440098945,1,19,0,9,0,6,5,0,0,0,3,1,2,1,36,7,1968,2,1,2,1,2
2016440098945,2,9,0,18,0,1,1,0,0,0,1,1,6,1,75,10,1598,1,7,10,1,10
2016440098951,1,9,0,5,0,8,0,0,0,0,1,1,2,2,33,6,1998,1,16,8,1,8
2016440098951,2,3,0,18,0,8,0,0,0,0,3,1,2,1,26,6,125,1,1,3,1,3
2016440098955,1,9,0,9,0,8,0,0,0,0,0,1,6,2,30,6,996,1,2,7,1,7
2016440098955,2,9,0,4,0,8,0,0,0,0,1,1,6,2,22,5,1390,1,3,4,1,4
2016440098955,3,2,0,4,0,8,1,0,0,0,2,1,6,1,16,4,49,1,2,5,1,5
2016440098955,4,9,0,5,0,8,0,0,0,0,2,1,6,2,46,8,1229,1,3,3,1,3
2016440098958,1,9,0,9,0,8,0,0,0,0,3,1,2,1,31,6,1461,2,11,3,1,3
2016440098958,2,2,0,13,0,8,1,0,7,2,1,1,6,1,17,4,50,1,4,4,1,4
2016440098973,1,9,0,4,0,0,0,0,0,0,2,1,1,2,37,7,-1,-1,-1,-1,-1,-1
2016440098973,2,3,0,4,0,0,0,0,0,0,1,1,6,2,20,4,125,1,1,2,1,2
2016440099181,1,4,0,13,0,0,0,7,0,0,0,1,1,1,25,5,249,1,35,2,1,2
2016440099181,2,21,0,18,0,0,0,0,0,0,3,1,1,1,54,8,10837,2,3,7,2,7
2016440099236,1,9,0,10,0,8,0,0,0,0,2,1,6,1,18,4,1390,1,14,6,1,6
2016440099236,2,19,0,18,0,8,0,0,0,0,1,1,1,1,36,7,2143,2,-1,1,1,1
2016440099314,1,19,0,18,0,0,0,0,0,0,1,1,1,1,51,8,2143,2,2,7,1,7