Accident_Index,Vehicle_Reference,Vehicle_Type,Towing_and_Articulation,Vehicle_Manoeuvre,Vehicle_Location-Restricted_Lane,Junction_Location,Skidding_and_Overturning,Hit_Object_in_Carriageway,Vehicle_Leaving_Carriageway,Hit_Object_off_Carriageway,1st_Point_of_Impact,Was_Vehicle_Left_Hand_Drive?,Journey_Purpose_of_Driver,Sex_of_Driver,Age_of_Driver,Age_Band_of_Driver,Engine_Capacity_(CC),Propulsion_Code,Age_of_Vehicle,Driver_IMD_Decile,Driver_Home_Area_Type,Vehicle_IMD_Decile
2016440116955,1,4,0,18,0,1,0,0,0,0,1,1,6,1,23,5,400,1,28,7,3,7
2016440116955,2,9,0,18,0,1,0,0,0,0,4,1,1,1,26,6,2720,2,8,-1,-1,-1
2016440116962,1,9,0,18,0,1,5,0,0,0,1,1,6,1,67,10,1339,1,12,6,1,6
2016440116962,2,9,0,2,0,1,0,0,0,0,0,1,6,2,21,5,1199,1,3,2,1,2
2016440116962,3,9,0,2,0,1,0,0,0,0,4,1,6,2,63,9,1598,1,1,-1,-1,-1
2016440116966,1,9,0,18,0,0,1,0,0,0,1,1,6,2,25,5,1242,1,7,8,1,8
2016440116966,2,9,0,4,0,0,0,0,0,0,2,1,6,2,25,5,-1,-1,-1,5,1,5
2016440116966,3,9,0,4,0,0,0,0,0,0,2,1,6,1,23,5,1896,2,16,8,3,8
2016440116966,4,9,0,4,0,0,0,0,0,0,2,1,6,2,52,8,1596,1,3,9,1,9
2016440116968,1,9,0,1,0,8,0,0,0,0,3,1,6,2,30,6,2497,2,11,8,2,8
2016440116968,2,9,0,18,0,8,0,0,0,0,3,1,6,2,39,7,1461,2,3,3,1,3
2016440117036,1,5,0,13,0,8,0,0,1,0,1,1,6,1,37,7,998,1,14,10,1,10
2016440117036,2,9,0,9,0,8,0,0,0,0,2,1,6,1,58,9,1560,2,9,10,2,10
2016440117101,1,9,0,9,0,8,0,0,0,0,3,1,6,1,-1,-1,-1,-1,-1,-1,-1,-1
2016440117101,2,1,0,9,0,8,0,0,0,0,4,1,6,1,51,8,-1,-1,-1,9,1,9
2016440117152,1,5,0,18,0,2,0,10,0,0,0,1,6,2,65,9,-1,-1,-1,10,1,10
2016440117152,2,9,0,4,0,1,0,0,0,0,1,1,6,2,52,8,1973,1,15,10,1,10
2016440117152,3,9,0,2,0,1,0,0,0,0,4,1,6,3,-1,-1,1896,2,10,-1,-1,-1
2016440117164,1,9,0,3,0,2,0,0,0,0,2,1,6,1,23,5,1242,1,12,4,1,4
2016440117164,2,9,0,4,0,1,0,0,0,0,1,1,6,1,-1,-1,1998,2,10,-1,-1,-1
2016440117173,1,9,0,1,0,0,0,0,0,0,2,1,6,1,-1,-1,-1,-1,-1,-1,-1,-1
2016440117173,2,5,0,3,0,0,0,0,0,0,1,1,6,1,54,8,1064,1,21,6,3,6
2016440117214,1,9,0,10,0,8,0,0,0,0,0,1,6,2,51,8,1598,2,5,8,3,8
2016440117214,2,9,0,3,0,8,0,0,0,0,3,1,6,1,23,5,1229,1,10,5,1,5
2016440117214,3,9,0,18,0,8,0,0,0,0,1,1,6,1,70,10,1595,1,15,8,3,8
2016440117214,4,9,0,18,0,8,0,0,0,0,3,1,6,1,41,7,5400,1,51,7,3,7
2016440117236,1,1,0,18,0,1,0,0,0,0,4,1,6,1,36,7,-1,-1,-1,7,1,7
2016440117236,2,9,0,5,0,6,0,0,0,0,1,1,6,3,-1,-1,1343,1,13,-1,-1,-1
2016440117298,1,8,0,9,0,8,0,0,0,0,0,1,1,1,29,6,1560,2,10,2,1,2
2016440117298,2,3,0,18,0,8,0,0,0,0,3,1,6,1,19,4,125,1,14,3,1,3
2016440117566,1,9,0,18,0,0,5,4,0,0,1,1,6,1,50,8,1596,1,9,8,1,8
2016440117566,2,9,0,2,0,0,0,0,0,0,2,1,6,2,58,9,1242,1,6,6,1,6
2016440117566,3,9,0,18,0,0,0,0,0,0,2,1,6,3,-1,-1,1229,1,6,-1,-1,-1
2016440117656,1,9,0,18,0,8,1,0,0,0,1,1,6,2,17,4,1242,1,7,2,1,2
2016440117656,2,9,0,2,0,2,0,0,0,0,3,1,6,1,51,8,1998,2,9,8,1,8
2016440117656,3,9,0,2,0,2,0,0,0,0,3,1,6,3,-1,-1,1560,2,4,-1,-1,-1
2016440117656,4,9,0,2,0,2,0,0,0,0,3,1,6,1,40,7,2993,2,9,8,1,8
2016440117656,5,19,0,2,0,2,0,0,0,0,2,1,6,1,32,6,1998,2,14,8,1,8
2016440117704,1,9,0,18,0,0,0,0,0,0,1,1,6,1,18,4,-1,-1,-1,-1,-1,-1
2016440117704,2,97,0,4,0,0,0,0,0,0,2,1,6,1,59,9,1340,1,5,10,1,10
2016440117886,1,9,0,9,0,8,0,0,0,0,3,1,6,1,41,7,3993,1,2,10,1,10
2016440117886,2,9,0,13,0,8,0,0,0,0,1,1,6,1,25,5,1598,2,3,10,1,10
2016440117975,1,9,0,1,0,8,0,0,0,0,2,1,6,1,40,7,1995,2,1,5,3,5
2016440118022,1,9,0,5,0,1,0,0,0,0,1,1,6,2,61,9,-1,-1,-1,2,1,2
2016440118022,2,9,0,3,0,1,0,0,0,0,2,1,6,1,36,7,-1,-1,-1,10,1,10
2016440118031,1,9,0,5,0,8,0,0,0,0,3,1,6,2,54,8,1198,1,1,10,1,10
2016440118031,2,9,0,18,0,8,0,0,0,0,1,1,6,1,37,7,2290,1,13,10,1,10
2016440118170,1,9,0,18,0,0,0,0,0,0,1,1,6,2,33,6,-1,-1,-1,5,1,5
2016440118300,1,9,0,18,0,1,0,0,0,0,1,1,6,1,25,5,-1,-1,-1,4,1,4
2016440118456,1,9,0,18,0,2,2,0,1,3,1,1,6,1,71,10,1560,2,5,7,2,7
2016440118468,1,9,0,9,0,8,0,0,0,0,1,1,6,2,42,7,1299,1,14,4,1,4
2016440118468,2,9,0,8,0,1,0,0,0,0,1,1,6,1,25,5,1124,1,14,4,1,4
2016440118543,1,9,0,13,0,0,2,0,7,4,4,1,2,1,25,5,1995,1,15,7,1,7
2016440118543,2,9,0,16,0,0,0,0,0,0,0,1,2,1,22,5,1149,1,11,4,3,4
2016440118857,1,9,0,17,0,0,1,0,1,4,1,1,6,2,38,7,1991,2,9,10,1,10
2016440118857,2,9,0,16,0,0,0,0,0,0,0,1,6,3,-1,-1,-1,-1,-1,-1,-1,-1
2016440118867,1,9,0,18,0,0,2,0,1,9,1,1,1,2,26,6,1796,1,14,2,1,2
2016440118867,2,9,0,18,0,0,0,0,0,0,1,1,6,2,41,7,1598,2,4,7,1,7
2016440118905,1,9,0,18,0,0,5,0,1,7,4,1,6,1,28,6,1956,2,3,9,1,9
2016440118905,2,9,0,18,0,0,0,0,0,0,0,1,6,2,27,6,1498,1,1,7,1,7
2016440118934,1,2,0,17,0,8,1,0,0,0,0,1,6,2,16,4,49,1,8,4,1,4
2016440118992,1,9,0,18,0,0,1,0,1,0,2,1,6,2,26,6,1995,2,7,5,1,5
2016440118992,2,9,0,18,0,0,1,0,4,6,1,1,6,1,45,7,1598,2,3,10,3,10
2016440118992,3,9,0,12,0,0,2,0,1,0,1,1,6,1,34,6,1998,2,9,8,2,8
2016440119024,1,9,0,17,0,0,0,0,0,0,1,1,6,1,38,7,1598,2,5,8,2,8
2016440119024,2,9,0,17,0,0,0,0,1,0,3,1,6,2,70,10,1999,2,-1,7,1,7
2016440119024,3,9,0,17,0,0,0,0,0,0,1,1,6,1,35,6,1198,1,1,1,1,1
2016440119032,1,9,0,17,0,0,0,0,0,0,1,1,2,1,19,4,1199,1,12,9,1,9
2016440119099,1,9,0,4,0,1,0,0,0,0,2,1,6,1,50,8,1499,1,2,10,1,10
2016440119099,2,19,0,18,0,1,0,0,0,0,1,1,6,3,-1,-1,1753,2,10,-1,-1,-1
2016440119173,1,9,0,5,0,8,0,0,0,0,1,1,1,1,57,9,1997,2,3,7,3,7
2016440119173,2,1,0,18,0,8,0,0,0,0,4,1,6,1,27,6,-1,-1,-1,5,1,5
2016440119255,1,9,0,17,0,0,0,0,1,2,4,1,6,1,25,5,1596,1,14,2,1,2
2016440119267,1,9,0,17,0,0,1,0,1,10,1,1,6,2,57,9,1240,1,7,8,1,8
2016440119307,1,9,0,5,0,8,0,0,0,0,1,1,6,2,44,7,1198,1,13,6,1,6
2016440119307,2,1,0,18,0,8,1,0,0,0,4,1,6,1,26,6,-1,-1,-1,9,1,9
2016440119367,1,9,0,18,0,2,0,0,0,0,1,1,6,3,-1,-1,-1,-1,-1,-1,-1,-1
2016440119369,1,9,0,18,0,0,2,0,7,10,4,1,6,1,61,9,1995,2,4,8,3,8
2016440119470,1,9,0,18,0,2,0,0,0,0,1,1,6,3,-1,-1,1598,1,11,-1,-1,-1
2016440119537,1,9,0,18,0,0,1,0,7,4,1,1,6,1,23,5,1995,2,11,2,1,2
2016440119566,1,9,0,18,0,2,1,11,0,0,1,1,2,2,24,5,1968,2,1,10,1,10
2016440119803,1,9,0,18,0,8,0,0,0,0,4,1,6,2,23,5,998,1,1,6,3,6
2016440119803,2,3,0,18,0,8,0,0,0,0,1,1,6,1,25,5,125,1,5,5,1,5
2016440119825,1,22,0,7,0,8,5,0,0,0,4,1,6,1,72,10,-1,-1,-1,8,1,8
2016440120000,1,8,0,5,0,0,0,0,0,0,0,1,1,2,-1,-1,-1,-1,-1,-1,-1,-1
2016440120023,1,9,0,18,0,1,1,0,0,0,1,1,6,1,-1,-1,1896,2,15,-1,-1,-1
2016440120023,2,9,0,4,0,1,1,0,0,0,2,1,6,1,55,8,1796,1,14,5,1,5
2016440120023,3,9,0,4,0,1,0,0,0,0,2,1,6,1,50,8,1242,1,3,-1,-1,-1
2016440120034,1,2,0,18,0,2,1,0,0,0,3,1,6,1,16,4,50,1,4,8,1,8
2016440120034,2,9,0,18,0,1,0,0,0,0,3,1,6,3,-1,-1,-1,-1,-1,-1,-1,-1
2016440120034,3,1,0,18,0,2,0,0,0,0,0,1,6,3,-1,-1,-1,-1,-1,-1,-1,-1
2016440120460,1,2,0,18,0,8,0,0,1,0,3,1,6,1,17,4,49,1,1,2,1,2
2016440120460,2,21,0,11,0,8,0,0,0,0,1,1,1,1,69,10,12740,2,1,6,2,6
2016440120514,1,9,0,9,0,5,0,0,0,0,4,1,2,1,47,8,1968,2,3,9,2,9
2016440120514,2,1,0,18,0,1,0,0,0,0,1,1,2,1,24,5,-1,-1,-1,3,1,3
2016440120640,1,9,0,4,0,1,0,0,0,0,2,1,6,2,63,9,1396,1,5,3,1,3
2016440120640,2,9,0,18,0,1,0,0,0,0,1,1,6,1,40,7,1598,1,12,4,1,4
2016440120865,1,9,0,9,0,8,0,0,0,0,4,1,6,1,78,11,1598,1,11,10,1,10
2016440120865,2,9,0,18,0,1,0,0,0,0,1,1,6,1,25,5,5461,1,1,8,1,8
2016440120907,1,3,0,18,0,8,1,0,0,0,1,1,6,2,27,6,125,1,-1,3,1,3
2016440120907,2,9,0,7,0,8,0,0,0,0,2,1,6,1,24,5,1360,1,8,10,1,10
2016440121112,1,1,0,5,0,1,1,0,0,0,1,1,6,1,17,4,-1,-1,-1,1,1,1
2016440121112,2,19,0,3,0,1,0,0,0,0,2,1,6,3,-1,-1,-1,-1,-1,-1,-1,-1
2016440121131,1,5,0,17,0,0,1,0,2,7,1,1,6,1,24,5,599,1,18,4,1,4
2016440121331,1,9,0,18,0,8,0,0,0,0,1,1,6,2,78,11,1364,1,3,9,1,9
2016440121331,2,9,0,18,0,8,0,0,0,0,3,1,6,1,36,7,1685,2,3,3,1,3
2016440121375,1,9,0,17,0,0,0,0,0,0,1,1,6,1,45,7,2179,2,3,5,1,5
2016440121375,2,9,0,2,0,0,0,0,0,0,2,1,6,3,-1,-1,1582,2,4,-1,-1,-1
2016440121375,3,9,0,2,0,0,0,0,0,0,2,1,6,3,-1,-1,996,1,5,-1,-1,-1
2016440121375,4,9,0,2,0,0,0,0,0,0,2,1,6,3,-1,-1,-1,-1,-1,-1,-1,-1
2016440121726,1,9,0,18,0,8,0,0,0,0,1,1,6,2,45,7,1328,1,11,4,1,4
2016440121726,2,9,0,18,0,8,0,0,0,0,4,1,6,2,24,5,1198,1,5,4,1,4
2016440121890,1,9,0,18,0,1,0,0,0,0,3,1,6,2,19,4,1242,1,2,6,1,6
2016440121890,2,9,0,1,0,6,0,0,0,0,2,1,6,3,-1,-1,1753,2,12,-1,-1,-1
2016440121961,1,9,0,9,0,8,0,0,0,0,1,1,6,1,25,5,2204,2,7,8,1,8
2016440121961,2,9,0,18,0,1,0,0,0,0,4,1,6,2,25,5,1422,2,6,8,1,8
2016440122032,1,11,0,13,0,8,0,0,0,0,4,1,1,1,59,9,4461,2,4,3,1,3
2016440122032,2,1,0,18,0,8,0,0,0,0,3,1,6,1,65,9,-1,-1,-1,-1,-1,-1
2016440122238,1,3,0,3,0,1,0,0,0,0,2,1,2,1,23,5,124,1,1,2,1,2
2016440122238,2,9,0,18,0,1,0,0,0,0,1,1,6,1,-1,-1,1397,1,14,2,1,2
2016440122444,1,9,0,18,0,8,0,9,3,10,1,1,6,2,70,10,1560,2,3,7,1,7
2016440122482,1,3,0,17,0,0,0,0,0,0,1,1,6,1,18,4,-1,-1,-1,2,1,2
2016440122482,2,9,0,16,0,0,0,0,0,0,1,1,6,1,27,6,1339,1,4,9,1,9
2016440122551,1,9,0,18,0,0,0,0,0,0,1,1,2,1,46,8,1396,1,17,5,1,5
2016440122565,1,9,0,18,0,0,0,0,0,0,1,1,2,2,-1,-1,1360,1,11,7,2,7
2016440122569,1,9,0,9,0,8,0,0,0,0,3,1,6,1,53,8,1910,2,8,3,1,3
2016440122569,2,3,0,18,0,8,0,0,0,0,1,1,6,1,31,6,124,1,17,6,1,6
2016440122845,1,3,0,18,0,0,0,0,0,11,1,1,6,2,19,4,124,1,4,5,3,5
2016440123275,1,9,0,5,0,8,0,0,0,0,1,1,6,2,30,6,1781,1,19,7,3,7
2016440123275,2,5,0,9,0,8,0,0,0,0,4,1,6,1,28,6,599,1,7,4,1,4
2016440123856,1,9,0,9,0,8,0,0,0,0,1,1,6,2,58,9,1242,1,18,1,1,1
2016440123856,2,1,0,7,0,8,0,0,0,0,3,1,1,2,23,5,-1,-1,-1,5,1,5
2016440123897,1,9,0,7,0,2,0,0,0,0,1,1,6,1,31,6,1560,2,3,2,1,2
2016440123897,2,11,0,18,0,1,0,0,0,0,3,1,1,1,59,9,6696,2,3,4,1,4
2016440123971,1,19,0,4,0,8,0,0,0,0,1,1,6,1,39,7,2402,2,15,6,1,6
2016440123971,2,9,0,18,0,8,0,0,0,0,1,1,6,3,-1,-1,3387,1,10,-1,-1,-1
2016440123971,3,9,0,2,0,8,0,0,0,0,3,1,6,3,-1,-1,-1,-1,-1,-1,-1,-1
2016440124063,1,3,0,17,0,8,1,0,0,0,4,1,6,1,17,4,124,1,1,10,1,10
2016440124108,1,9,0,9,0,8,0,0,0,0,1,1,6,1,20,4,1399,1,7,4,1,4
2016440124108,2,3,0,18,0,8,0,0,0,0,4,1,6,1,20,4,125,1,5,4,1,4
2016440124364,1,9,0,18,0,0,0,0,0,0,4,1,2,1,44,7,-1,-1,-1,3,1,3
2016440124364,2,5,0,4,0,0,0,0,0,0,3,1,2,2,36,7,-1,-1,-1,5,1,5
2016440124488,1,1,0,18,0,0,0,4,0,0,1,1,2,2,29,6,-1,-1,-1,2,1,2
2016440124488,2,9,0,2,0,0,0,0,0,0,3,1,6,3,-1,-1,1229,1,6,-1,-1,-1
2016440124499,1,2,0,18,0,0,0,0,0,0,1,1,6,1,24,5,49,1,4,4,1,4
2016440124499,2,9,0,4,0,0,0,0,0,0,2,1,6,2,34,6,-1,-1,-1,2,1,2
2016440124509,1,9,0,6,0,8,0,0,0,0,3,1,6,2,17,4,1299,1,10,10,3,10
2016440124509,2,9,0,18,0,8,0,0,0,0,1,1,6,1,24,5,1968,2,4,7,1,7
2016440124611,1,8,0,3,0,1,0,0,0,0,2,1,1,1,40,7,-1,-1,-1,10,1,10
2016440124611,2,1,0,18,0,1,0,0,0,0,1,1,6,1,44,7,-1,-1,-1,7,1,7
2016440124882,1,9,0,4,0,1,0,0,0,0,2,1,2,2,22,5,1229,1,3,8,1,8
2016440124882,2,19,0,18,0,1,0,0,0,0,1,1,2,1,31,6,2402,2,6,10,1,10
2016440124882,3,9,0,9,0,8,0,0,0,0,0,1,6,3,-1,-1,2199,2,5,-1,-1,-1
2016440124885,1,9,0,12,0,3,0,0,0,0,3,1,6,1,35,6,1910,2,9,4,2,4
2016440124885,2,5,0,17,0,8,0,0,0,0,4,1,6,1,34,6,745,1,3,4,1,4
2016440125132,1,19,0,18,0,1,0,0,0,0,4,1,6,3,-1,-1,-1,-1,-1,-1,-1,-1
2016440125444,1,9,0,5,0,1,0,0,0,0,2,1,6,2,28,6,1796,1,16,4,1,4
2016440125444,2,9,0,18,0,1,0,0,0,0,1,1,6,2,22,5,1332,1,20,1,1,1
2016440125806,1,9,0,18,0,8,1,0,3,4,1,1,6,2,22,5,1124,1,15,6,2,6
2016440125845,1,9,0,3,0,0,0,0,0,0,2,1,6,2,42,7,1896,2,14,2,1,2
2016440125845,2,9,0,18,0,0,0,0,0,0,1,1,6,1,-1,-1,1998,1,13,-1,-1,-1
2016440125873,1,9,0,18,0,0,2,0,1,1,1,1,2,1,46,8,1598,1,8,5,1,5
2016440125874,1,9,0,18,0,1,1,7,0,0,1,1,2,1,21,5,-1,-1,-1,5,2,5
2016440125876,1,19,0,4,0,4,0,0,0,0,3,1,6,3,-1,-1,1998,2,14,-1,-1,-1
2016440125876,2,9,0,9,0,8,0,0,0,0,1,1,6,1,48,8,1364,1,10,3,1,3
2016440125916,1,1,0,7,0,5,0,0,0,0,4,1,6,1,43,7,-1,-1,-1,8,3,8
2016440125916,2,5,0,18,0,1,1,0,0,0,1,1,6,1,51,8,600,1,3,4,1,4
2016440125951,1,9,0,18,0,0,0,0,0,0,2,1,2,1,30,6,1496,1,-1,10,1,10
2016440125951,2,9,0,18,0,0,0,0,0,0,1,1,2,3,-1,-1,1910,2,11,-1,-1,-1
2016440125951,3,9,0,18,0,0,0,0,0,0,1,1,6,3,-1,-1,1197,1,1,-1,-1,-1
2016440126020,1,9,0,18,0,1,0,0,0,0,4,1,6,1,49,8,1560,2,6,8,3,8
2016440126196,1,1,0,18,0,1,0,0,0,0,1,1,6,1,44,7,-1,-1,-1,4,2,4
2016440126261,1,1,0,18,0,0,0,0,0,0,1,1,6,1,52,8,-1,-1,-1,6,3,6
2016440126261,2,17,0,18,0,0,0,0,0,0,0,1,1,3,-1,-1,-1,-1,-1,-1,-1,-1
2016440126282,1,9,0,18,0,0,0,0,7,3,1,1,6,1,73,10,1997,2,7,7,3,7
2016440126286,1,5,0,18,0,1,1,0,0,0,1,1,6,1,70,10,980,1,24,8,1,8
2016440126358,1,9,0,18,0,0,0,0,0,0,4,1,6,2,27,6,995,1,12,3,1,3
2016440126396,1,9,0,18,0,0,5,0,1,1,1,1,6,2,45,7,1392,1,17,8,1,8
2016440126806,1,3,0,18,0,1,0,0,0,0,1,1,6,1,20,4,-1,-1,-1,3,1,3
2016440126823,1,9,0,16,0,0,0,0,7,7,1,1,6,1,32,6,-1,-1,-1,1,1,1
2016440126944,1,5,0,9,0,8,1,0,0,0,0,1,6,1,32,6,999,1,6,6,1,6
2016440127577,1,9,0,3,0,1,0,0,0,0,2,1,6,1,50,8,1390,1,12,2,1,2
2016440127577,2,9,0,18,0,1,0,0,0,0,1,1,6,3,-1,-1,1995,2,3,-1,-1,-1
2016440127607,1,9,0,1,0,2,0,0,0,0,2,1,6,2,19,4,1242,1,1,2,1,2
2016440128119,1,90,0,17,0,0,0,0,0,0,1,1,1,1,44,7,7146,2,5,5,1,5
2016440128119,2,9,0,16,0,0,0,0,7,0,1,1,1,1,63,9,2993,2,-1,7,3,7
2016440128275,1,9,0,9,0,8,0,0,0,0,3,1,6,1,56,9,3222,2,12,8,1,8
2016440128275,2,9,0,18,0,8,0,0,0,0,1,1,6,2,27,6,1956,2,4,3,1,3
2016440128411,1,9,0,9,0,8,0,0,0,0,0,1,6,3,-1,-1,-1,-1,-1,-1,-1,-1
2016440128411,2,5,0,18,0,8,0,0,1,0,0,1,1,1,27,6,660,1,8,3,1,3
2016440128527,1,97,0,18,0,0,0,0,0,0,3,1,2,1,32,6,49,1,2,2,1,2
2016440128527,2,9,0,5,0,0,0,0,0,0,3,1,6,1,-1,-1,-1,-1,-1,-1,-1,-1
2016440128696,1,9,0,4,0,1,0,0,0,0,2,1,2,1,44,7,-1,-1,-1,2,1,2
2016440128696,2,9,0,4,0,1,0,0,0,0,1,1,6,2,23,5,1686,2,3,4,1,4
2016440128734,1,9,0,9,0,8,0,0,0,0,1,1,6,1,17,4,1242,1,11,9,1,9
2016440128734,2,5,0,13,0,8,1,0,0,0,1,1,6,1,17,4,124,1,7,8,1,8
2016440128734,3,9,0,4,0,1,0,0,0,0,0,1,6,3,-1,-1,-1,-1,-1,-1,-1,-1
2016440128746,1,1,0,18,0,8,0,0,0,0,3,1,6,1,55,8,-1,-1,-1,4,1,4
2016440128746,2,9,0,18,0,8,0,0,0,0,4,1,1,2,52,8,1998,1,7,8,3,8
2016440128756,1,5,0,18,0,8,0,0,0,0,1,1,2,1,59,9,599,1,15,4,1,4
2016440128852,1,9,0,18,0,0,1,0,0,0,4,1,6,2,29,6,1997,2,14,2,1,2
2016440128852,2,9,0,5,0,0,1,0,0,0,3,1,6,2,25,5,1598,1,14,4,1,4
2016440129010,1,9,0,18,0,0,1,0,1,3,1,1,6,2,63,9,998,1,20,1,1,1
2016440129071,1,9,0,9,0,8,0,0,0,0,4,1,6,1,21,5,1360,1,15,7,3,7
2016440129071,2,9,0,18,0,8,0,0,0,0,1,1,6,2,19,4,1198,1,5,10,1,10
2016440129571,1,9,0,8,0,1,0,0,0,0,2,1,6,2,48,8,1149,1,6,3,1,3
2016440129571,2,9,0,5,0,1,0,0,0,0,1,1,1,2,-1,-1,1499,2,2,1,1,1
2016440129679,1,9,0,9,0,8,0,0,0,0,1,1,6,1,43,7,3222,2,11,5,1,5
2016440129696,1,11,0,5,0,0,0,0,0,0,1,1,1,1,45,7,4461,2,4,2,1,2
2016440129993,1,9,0,18,0,2,0,0,0,0,1,1,6,3,-1,-1,-1,-1,-1,-1,-1,-1
2016440130008,1,9,0,18,0,0,1,0,0,0,1,1,6,1,27,6,1598,1,9,3,1,3
2016440130008,2,9,0,18,0,0,0,0,1,0,1,1,6,1,64,9,1461,2,3,1,1,1
2016440130157,1,21,0,17,0,8,0,0,0,0,1,1,1,3,-1,-1,12777,2,4,-1,-1,-1
2016440130550,1,9,0,7,0,8,0,0,1,0,3,1,6,1,40,7,1794,1,14,10,1,10
2016440130550,2,9,0,11,0,8,0,0,0,0,1,1,6,1,20,4,1968,2,4,10,1,10
2016440130639,1,9,0,5,0,8,0,0,0,0,3,1,6,2,26,6,-1,-1,-1,4,1,4
2016440130639,2,9,0,17,0,8,0,0,0,0,1,1,6,1,47,8,1596,1,15,7,1,7
2016440130647,1,19,0,3,0,0,0,0,0,0,2,1,1,1,62,9,1461,2,1,6,1,6
2016440130647,2,9,0,3,0,0,0,0,0,0,2,1,2,2,25,5,-1,-1,-1,9,3,9
2016440130647,3,20,0,18,0,0,1,0,0,0,1,1,1,1,-1,-1,-1,-1,-1,-1,-1,-1
2016440130842,1,9,0,18,0,0,0,0,0,0,4,1,6,1,50,8,1390,2,13,4,1,4
2016440130842,2,1,0,12,0,0,0,0,0,0,3,1,6,1,64,9,-1,-1,-1,2,1,2
2016440131386,1,5,0,18,0,8,0,0,0,0,4,1,6,1,50,8,1584,1,5,9,3,9
2016440131494,1,1,0,18,0,8,0,0,0,0,3,1,6,1,16,4,-1,-1,-1,1,1,1
2016440131494,2,3,0,18,0,2,0,0,0,0,1,1,6,1,17,4,124,1,8,8,1,8
2016440131684,1,8,0,18,0,2,0,0,0,0,1,1,1,3,-1,-1,-1,-1,-1,-1,-1,-1
2016440131860,1,19,0,11,0,0,0,0,0,0,4,1,1,1,26,6,1968,2,10,7,1,7
2016440131860,2,19,0,18,0,0,0,0,0,0,2,1,1,1,34,6,2287,2,8,8,1,8
2016440131860,3,21,1,18,0,0,0,0,0,0,3,1,1,1,29,6,-1,-1,-1,-1,-1,-1
2016440131995,1,9,0,16,0,1,0,10,7,0,1,1,6,1,31,6,1198,1,11,7,3,7
2016440132181,1,3,0,18,0,0,1,0,1,0,1,1,6,1,33,6,124,1,5,5,2,5
2016440132604,1,9,0,1,0,8,0,0,0,0,0,1,6,1,72,10,1584,1,11,7,1,7
2016440132604,2,9,0,18,0,8,0,0,0,0,3,1,6,1,32,6,1968,2,5,7,1,7
2016440132604,3,9,0,5,0,8,0,0,0,0,1,1,6,1,37,7,1599,1,13,5,1,5
2016440132604,4,9,0,2,0,1,0,0,0,0,2,1,6,1,33,6,1596,1,12,-1,-1,-1
2016440132604,5,9,0,2,0,1,0,0,0,0,2,1,6,1,42,7,1997,2,8,-1,-1,-1
2016440132737,1,3,0,4,0,1,0,0,0,0,2,1,2,1,17,4,124,1,9,6,1,6
2016440132737,2,9,0,18,0,1,0,0,0,0,1,1,6,3,-1,-1,-1,-1,-1,-1,-1,-1
2016440132740,1,9,0,18,0,0,1,10,8,5,1,1,6,1,41,7,2494,1,15,6,3,6
2016440132850,1,9,0,10,0,8,0,0,0,0,2,1,2,2,64,9,1596,1,13,7,1,7
2016440132850,2,9,0,18,0,8,0,0,0,0,1,1,6,1,-1,-1,-1,-1,-1,-1,-1,-1
2016440133384,1,11,0,5,0,0,0,0,0,0,0,1,1,3,-1,-1,9000,2,7,-1,-1,-1
2016440133434,1,2,0,17,0,8,0,0,0,0,4,1,1,2,23,5,49,1,3,5,3,5
2016440133434,2,9,0,18,0,4,0,0,0,0,1,1,6,2,35,6,1796,1,12,7,1,7
2016440133697,1,5,0,18,0,1,1,0,0,0,1,1,6,1,48,8,883,1,28,4,1,4
2016440133697,2,9,0,5,0,8,0,0,0,0,3,1,6,1,80,11,2494,1,15,10,1,10
2016440133799,1,9,0,9,0,5,0,0,0,0,3,1,6,2,68,10,1339,1,2,4,3,4
2016440133799,2,5,0,14,0,1,0,0,7,11,1,1,6,1,49,8,499,1,19,2,1,2
2016440133822,1,9,0,9,0,8,0,0,0,0,1,1,6,1,78,11,998,1,15,9,2,9
2016440133822,2,9,0,18,0,8,0,0,0,0,4,1,2,2,60,9,1999,1,9,10,1,10
2016440133848,1,9,0,18,0,1,0,0,0,0,1,1,6,1,50,8,1598,1,15,10,1,10
2016440133848,2,9,0,9,0,8,0,0,0,0,3,1,6,1,34,6,1461,2,12,2,1,2
2016440133895,1,19,0,18,0,0,0,0,0,0,1,1,6,1,20,4,1248,2,7,9,1,9
2016440133895,2,9,0,18,0,0,0,0,0,0,1,1,6,2,49,8,1240,1,10,9,1,9
2016440133903,1,9,0,9,0,8,0,0,0,0,1,1,2,2,18,4,1199,1,14,3,1,3
2016440133903,2,9,0,18,0,8,5,0,0,0,4,1,6,1,65,9,1328,1,13,4,1,4
2016440134099,1,9,0,7,0,8,0,0,0,0,3,1,2,1,58,9,1994,2,14,3,1,3
2016440134099,2,3,0,18,0,8,0,0,7,0,1,1,6,1,17,4,124,1,8,10,1,10
2016440134099,3,19,0,10,0,8,0,0,0,0,1,1,2,1,23,5,1753,2,7,10,1,10
2016440134328,1,3,0,18,0,2,0,0,1,0,1,1,6,1,18,4,124,1,2,2,1,2
2016440134816,1,9,0,18,0,8,0,0,0,0,3,1,6,2,-1,-1,-1,-1,-1,-1,-1,-1