Accident_Index,Vehicle_Reference,Vehicle_Type,Towing_and_Articulation,Vehicle_Manoeuvre,Vehicle_Location-Restricted_Lane,Junction_Location,Skidding_and_Overturning,Hit_Object_in_Carriageway,Vehicle_Leaving_Carriageway,Hit_Object_off_Carriageway,1st_Point_of_Impact,Was_Vehicle_Left_Hand_Drive?,Journey_Purpose_of_Driver,Sex_of_Driver,Age_of_Driver,Age_Band_of_Driver,Engine_Capacity_(CC),Propulsion_Code,Age_of_Vehicle,Driver_IMD_Decile,Driver_Home_Area_Type,Vehicle_IMD_Decile
2016440134816,2,1,0,18,0,8,0,0,0,0,1,1,6,1,44,7,-1,-1,-1,9,1,9
2016440134847,1,9,0,10,0,8,0,0,0,0,0,1,6,2,31,6,1388,1,12,5,1,5
2016440134847,2,9,0,17,0,8,0,0,0,0,4,1,6,2,30,6,1390,1,15,7,1,7
2016440134847,3,9,0,18,0,8,0,0,0,0,1,1,6,1,34,6,2354,1,13,7,3,7
2016440134899,1,20,0,1,0,8,0,0,0,0,0,1,1,2,-1,-1,-1,-1,-1,-1,-1,-1
2016440134899,2,9,0,4,0,1,0,0,0,0,0,1,6,1,38,7,1405,1,12,3,1,3
2016440134899,3,9,0,4,0,1,0,0,0,0,2,1,6,2,71,10,1248,1,6,6,1,6
2016440134899,4,9,0,4,0,1,0,0,0,0,1,1,6,1,53,8,1364,1,1,2,1,2
2016440134899,5,9,0,4,0,1,0,0,0,0,1,1,6,1,58,9,1198,1,11,3,1,3
2016440134933,1,9,0,9,0,8,0,0,0,0,1,1,6,3,-1,-1,-1,-1,-1,-1,-1,-1
2016440134933,2,9,0,18,0,8,0,0,0,0,1,1,6,2,76,11,1339,1,2,9,1,9
2016440135045,1,5,0,18,0,1,0,0,0,0,1,1,6,1,21,5,499,1,14,8,3,8
2016440135045,2,9,0,3,0,1,0,0,0,0,2,1,6,2,47,8,1198,1,10,3,1,3
2016440135293,1,9,0,18,0,0,2,0,1,0,1,1,6,1,54,8,1398,1,4,10,1,10
2016440135294,1,11,0,18,0,2,0,0,0,0,1,1,1,1,47,8,4461,2,4,5,1,5
2016440135322,1,9,0,18,0,8,0,0,0,0,1,1,6,2,35,6,1796,1,10,1,1,1
2016440135612,1,9,0,7,0,4,1,10,1,1,1,1,6,1,26,6,1598,2,4,4,1,4
2016440135901,1,9,0,18,0,1,0,0,0,0,1,1,6,1,26,6,1242,1,1,7,3,7
2016440135901,2,9,0,4,0,1,0,0,0,0,2,1,6,2,33,6,1388,1,6,3,1,3
2016440135995,1,19,0,18,0,1,0,0,0,0,1,1,6,1,22,5,1998,2,14,2,1,2
2016440135995,2,9,0,10,0,1,0,0,0,0,2,1,6,2,47,8,1796,1,14,5,1,5
2016440136000,1,1,0,18,0,0,0,0,0,0,3,1,6,1,41,7,-1,-1,-1,10,1,10
2016440136000,2,9,0,13,0,0,0,0,0,0,4,1,6,3,-1,-1,-1,-1,-1,-1,-1,-1
2016440136027,1,9,0,16,0,0,2,0,0,0,1,1,6,1,73,10,998,1,2,10,2,10
2016440136027,2,11,0,17,0,0,1,0,0,0,1,1,1,1,32,6,4580,2,8,2,1,2
2016440136057,1,9,0,9,0,5,0,0,0,0,4,1,6,1,90,11,1388,1,5,5,3,5
2016440136057,2,4,0,18,0,1,0,0,0,0,1,1,6,1,61,9,175,1,-1,7,1,7
2016440136081,1,9,0,3,0,0,0,0,0,0,2,1,2,1,39,7,1598,1,13,-1,-1,-1
2016440136081,2,9,0,3,0,0,0,0,0,0,2,1,6,2,46,8,1248,1,1,7,1,7
2016440136081,3,9,0,18,0,0,0,0,0,0,1,1,6,1,28,6,1590,1,13,-1,-1,-1
2016440136137,1,9,0,18,0,8,0,0,0,0,0,1,6,2,50,8,1956,2,3,4,1,4
2016440136137,2,9,0,18,0,8,0,0,0,0,0,1,6,1,61,9,1995,2,-1,10,1,10
2016440136283,1,9,0,4,0,0,0,0,0,0,2,1,6,1,17,4,1560,2,5,2,1,2
2016440136283,2,9,0,18,0,0,0,0,0,0,1,1,6,1,19,4,1461,2,1,10,1,10
2016440136290,1,9,0,9,0,6,0,0,0,0,3,1,6,2,23,5,998,1,17,3,1,3
2016440136290,2,9,0,18,0,1,0,0,0,0,1,1,6,1,26,6,1398,2,10,-1,-1,-1
2016440136472,1,9,0,18,0,0,0,0,0,0,1,1,6,2,29,6,1598,1,12,6,1,6
2016440136473,1,9,0,17,0,0,1,0,1,2,1,1,6,1,35,6,1781,1,16,4,1,4
2016440136475,1,9,0,9,0,8,0,0,4,10,3,1,6,2,18,4,1299,1,16,10,1,10
2016440136509,1,9,0,18,0,0,1,0,1,4,1,1,1,2,39,7,1296,1,8,4,1,4
2016440136647,1,3,0,4,0,8,1,0,7,0,1,1,1,1,19,4,124,1,5,9,1,9
2016440136647,2,9,0,4,0,8,0,0,0,0,2,1,1,1,49,8,1968,2,5,-1,-1,-1
2016440136647,3,9,0,4,0,8,0,0,0,0,1,1,1,2,65,9,1995,2,1,7,3,7
2016440136675,1,9,0,5,0,8,0,0,0,0,2,1,2,1,-1,-1,1461,2,2,10,1,10
2016440136675,2,5,0,15,0,8,0,0,0,0,3,1,6,1,54,8,998,1,18,7,1,7
2016440136848,1,9,0,5,0,0,0,0,0,0,4,1,1,1,34,6,1598,2,1,3,1,3
2016440136848,2,9,0,18,0,0,0,0,0,0,1,1,3,2,59,9,1598,1,8,3,1,3
2016440136848,3,9,0,2,0,0,0,0,0,0,1,1,6,3,-1,-1,2148,2,10,-1,-1,-1
2016440137657,1,9,0,10,0,8,0,0,0,0,2,1,2,2,38,7,1598,2,2,10,1,10
2016440137657,2,9,0,13,0,8,0,0,0,0,1,1,2,1,60,9,1995,1,9,10,2,10
2016440137747,1,9,0,9,0,8,0,0,0,0,1,1,6,1,34,6,1598,2,6,1,1,1
2016440137747,2,9,0,4,0,1,0,0,0,0,1,1,6,1,28,6,2198,2,11,2,1,2
2016440137969,1,9,0,18,0,1,0,0,7,0,3,1,1,1,40,7,2993,2,2,9,2,9
2016440137969,2,9,0,9,0,8,0,0,7,0,3,1,1,1,35,6,1493,1,20,9,1,9
2016440138021,1,19,0,18,0,0,1,0,0,0,1,1,1,1,38,7,2143,2,1,1,1,1
2016440138021,2,9,0,18,0,0,0,0,0,0,2,1,2,1,35,6,998,1,17,6,1,6
2016440138113,1,9,0,4,0,1,0,0,0,0,2,1,2,1,29,6,1968,2,5,5,1,5
2016440138113,2,9,0,18,0,1,0,0,0,0,1,1,2,2,40,7,1968,2,4,6,1,6
2016440138592,1,9,3,18,0,0,5,0,2,4,4,1,6,1,61,9,3947,1,17,7,3,7
2016440138659,1,9,0,18,0,8,0,0,0,0,1,1,6,1,52,8,1461,2,3,1,1,1
2016440138659,2,20,0,18,0,8,0,0,0,0,0,1,1,3,-1,-1,-1,-1,-1,-1,-1,-1
2016440138863,1,9,0,7,0,3,0,0,0,0,1,1,6,3,-1,-1,-1,-1,-1,-1,-1,-1
2016440138863,2,1,0,18,0,8,0,0,0,0,3,1,4,1,15,3,-1,-1,-1,3,1,3
2016440138894,1,9,0,3,0,0,0,0,0,0,2,1,6,2,45,7,1598,2,4,10,1,10
2016440138894,2,9,0,18,0,0,0,0,0,0,1,1,6,3,-1,-1,1242,1,1,-1,-1,-1
2016440138905,1,3,0,18,0,2,0,0,0,0,1,1,6,1,24,5,125,1,6,6,1,6
2016440138905,2,9,0,18,0,1,0,0,0,0,1,1,6,1,82,11,999,1,1,10,1,10
2016440138962,1,9,0,18,0,0,0,0,0,0,1,1,6,2,29,6,1595,1,16,10,1,10
2016440138962,2,9,0,3,0,0,0,0,0,0,2,1,6,2,35,6,1198,1,12,10,2,10
2016440138962,3,9,0,3,0,0,0,0,0,0,2,1,6,2,24,5,1242,1,10,4,1,4
2016440138984,1,9,0,18,0,1,0,0,0,0,1,1,6,1,29,6,1598,1,15,8,1,8
2016440139080,1,9,0,18,0,8,0,0,0,0,1,1,6,1,55,8,1598,1,3,1,1,1
2016440139080,2,2,0,18,0,1,0,0,0,0,1,1,2,1,18,4,49,1,4,2,1,2
2016440139147,1,9,0,17,0,0,2,0,1,0,4,1,6,2,17,4,1149,1,17,9,1,9
2016440139166,1,19,0,1,0,0,0,0,0,0,2,1,6,1,40,7,1968,2,4,3,1,3
2016440139166,2,9,0,18,0,0,0,0,0,0,3,1,6,1,40,7,998,1,14,5,1,5
2016440139255,1,9,0,18,0,0,0,0,0,0,1,1,4,1,41,7,1398,1,-1,9,1,9
2016440139255,2,9,0,18,0,0,0,0,0,0,1,1,6,2,56,9,1364,1,1,9,1,9
2016440139359,1,9,0,16,0,0,0,0,3,4,1,1,6,2,16,4,1598,1,6,1,1,1
2016440139639,1,9,0,7,0,4,0,0,0,0,1,1,6,1,73,10,1389,1,14,10,1,10
2016440139639,2,9,0,18,0,1,0,0,0,0,1,1,6,1,61,9,2993,2,4,10,1,10
2016440139643,1,1,0,18,0,0,0,0,0,0,4,1,4,1,12,3,-1,-1,-1,2,1,2
2016440139643,2,9,0,5,0,0,0,0,0,0,3,1,6,3,-1,-1,-1,-1,-1,-1,-1,-1
2016440139858,1,5,0,8,0,1,0,0,0,0,0,1,6,2,56,9,649,1,15,5,1,5
2016440139884,1,9,0,18,0,8,0,0,0,0,1,1,6,1,76,11,1591,1,3,9,1,9
2016440139884,2,9,0,10,0,8,0,0,0,0,2,1,6,2,50,8,1968,2,3,9,1,9
2016440139884,3,9,0,18,0,8,0,0,0,0,3,1,6,2,54,8,1997,2,8,10,1,10
2016440139940,1,21,0,18,0,0,0,0,0,0,1,1,1,1,48,8,4461,2,5,3,1,3
2016440139982,1,9,0,5,0,8,0,0,0,0,1,1,6,1,34,6,1679,1,14,6,1,6
2016440139982,2,1,0,18,0,8,0,0,0,0,4,1,6,1,67,10,-1,-1,-1,5,1,5
2016440140099,1,9,0,9,0,8,0,0,0,0,3,1,6,2,86,11,1339,1,5,10,1,10
2016440140099,2,11,0,18,0,8,0,0,0,0,1,1,1,1,21,5,6700,2,10,8,1,8
2016440140172,1,5,0,17,0,8,0,0,7,0,1,1,1,1,58,9,1198,1,5,9,2,9
2016440140172,2,17,0,5,0,8,0,0,0,0,0,1,1,1,58,9,-1,2,19,8,2,8
2016440140172,3,9,0,16,0,8,0,0,0,0,3,1,6,1,77,11,1591,1,-1,1,1,1
2016440140195,1,1,0,18,0,8,1,0,0,0,4,1,6,1,28,6,-1,-1,-1,6,1,6
2016440140195,2,97,0,9,0,8,0,0,0,0,0,1,6,1,18,4,-1,-1,-1,7,1,7
2016440140376,1,21,0,18,0,1,0,0,0,0,1,1,1,1,57,9,9290,2,2,9,2,9
2016440140376,2,4,0,4,0,8,1,0,0,0,2,1,6,1,54,8,398,1,11,7,3,7
2016440140376,3,4,0,4,0,8,1,0,0,0,2,1,6,1,62,9,228,1,12,5,1,5
2016440140376,4,9,0,18,0,8,0,0,0,0,1,1,6,1,47,8,1968,2,4,7,3,7
2016440140423,1,9,0,18,0,8,0,0,0,0,1,1,6,1,29,6,-1,-1,-1,10,2,10
2016440140423,2,9,0,18,0,8,0,0,1,0,3,1,6,2,63,9,2143,2,-1,4,1,4
2016440140511,1,19,0,18,0,0,0,0,0,0,3,1,6,1,36,7,2402,2,7,8,3,8
2016440140511,2,9,0,18,0,0,0,0,0,0,3,1,2,2,46,8,1560,2,5,3,1,3
2016440140513,1,9,0,18,0,1,0,0,0,0,1,1,6,1,62,9,1582,2,6,6,1,6
2016440140513,2,9,0,4,0,1,0,0,0,0,2,1,6,2,29,6,1582,2,2,2,1,2
2016440140513,3,9,0,4,0,1,0,0,0,0,2,1,6,2,65,9,1329,1,6,9,1,9
2016440140513,4,9,0,4,0,1,0,0,0,0,2,1,6,1,42,7,1984,1,3,9,1,9
2016440140518,1,9,0,9,0,8,0,0,0,0,1,1,6,1,79,11,1199,2,2,10,1,10
2016440140518,2,5,0,18,0,8,0,0,0,0,2,1,2,1,44,7,649,1,7,5,1,5
2016440140535,1,9,0,18,0,1,0,0,0,0,1,1,6,2,64,9,1149,1,5,10,1,10
2016440140535,2,9,0,3,0,1,0,0,0,0,2,1,6,2,51,8,2204,2,10,8,1,8
2016440140535,3,9,0,3,0,2,0,0,0,0,2,1,6,1,43,7,1798,1,8,10,1,10
2016440140566,1,9,0,17,0,0,1,0,7,0,3,1,6,1,25,5,1998,1,12,5,1,5
2016440140566,2,9,0,16,0,0,0,0,1,0,1,1,6,2,47,8,1598,1,15,5,1,5
2016440140566,3,5,0,16,0,0,0,0,0,0,0,1,6,1,46,8,1000,1,19,5,3,5
2016440140609,1,9,0,2,0,2,0,0,0,0,2,1,6,2,81,11,1391,1,20,5,1,5
2016440140687,1,9,0,18,0,1,0,0,0,0,1,1,6,1,20,4,999,1,5,6,1,6
2016440140687,2,1,0,18,0,2,0,0,0,0,4,1,6,2,20,4,-1,-1,-1,1,1,1
2016440140811,1,9,0,18,0,0,0,0,0,0,1,1,6,1,30,6,1596,1,17,10,1,10
2016440140811,2,9,0,18,0,0,0,0,0,0,2,1,1,1,19,4,1598,2,2,5,1,5
2016440141115,1,1,0,18,0,1,0,0,0,0,2,1,2,2,45,7,-1,-1,-1,5,1,5
2016440141115,2,9,0,18,0,1,0,0,0,0,1,1,6,3,-1,-1,1984,1,13,-1,-1,-1
2016440141133,1,9,0,7,0,8,0,0,0,0,1,1,6,2,82,11,-1,-1,-1,5,1,5
2016440141133,2,9,0,18,0,8,0,0,0,0,4,1,6,1,83,11,1240,1,13,6,1,6
2016440141830,1,3,0,13,0,0,0,0,0,0,3,1,6,1,26,6,125,1,4,8,3,8
2016440141830,2,3,0,18,0,0,0,0,1,10,3,1,2,1,32,6,124,1,2,7,1,7
2016440141832,1,9,0,18,0,0,0,0,0,0,2,1,6,1,63,9,1998,1,8,7,3,7
2016440141832,2,9,0,18,0,0,0,0,0,0,1,1,6,3,-1,-1,1198,1,8,-1,-1,-1
2016440141910,1,8,0,18,0,2,0,0,0,0,1,1,1,3,-1,-1,1686,2,4,-1,-1,-1
2016440141910,2,1,0,18,0,8,0,0,0,0,2,1,6,2,18,4,-1,-1,-1,2,1,2
2016440142241,1,9,0,5,0,8,0,0,0,0,3,1,2,1,36,7,1390,1,15,4,1,4
2016440142241,2,1,0,18,0,8,0,0,0,0,1,1,6,1,23,5,-1,-1,-1,7,1,7
2016440142329,1,9,0,18,0,8,0,0,0,0,1,1,2,1,55,8,1796,1,15,4,1,4
2016440142329,2,9,0,18,0,8,0,0,0,0,1,1,2,1,37,7,1686,2,9,4,1,4
2016440142344,1,9,0,16,0,0,1,0,1,4,3,1,1,2,39,7,-1,-1,-1,10,1,10
2016440142439,1,9,0,9,0,8,0,0,0,0,4,1,2,1,46,8,1896,2,13,8,1,8
2016440142439,2,1,0,18,0,1,0,0,0,0,1,1,6,1,19,4,-1,-1,-1,8,1,8
2016440142500,1,19,0,18,0,8,0,0,0,0,3,1,1,1,42,7,4250,2,5,4,1,4
2016440142500,2,3,0,18,0,8,1,0,0,0,1,1,2,1,19,4,125,1,-1,9,1,9
2016440142501,1,9,0,17,0,0,2,0,8,2,3,1,6,1,23,5,1984,1,17,6,1,6
2016440142591,1,1,0,18,0,1,0,0,0,0,1,1,4,1,17,4,-1,-1,-1,7,1,7
2016440142591,2,20,0,3,0,1,0,0,0,0,2,1,6,1,53,8,-1,-1,-1,1,1,1
2016440142647,1,9,0,18,0,3,1,0,7,4,1,1,6,2,20,4,1461,2,9,4,1,4
2016440142897,1,9,0,9,0,8,0,0,0,0,1,1,6,1,48,8,1587,1,13,9,2,9
2016440142897,2,1,0,18,0,8,0,0,0,0,4,1,6,1,44,7,-1,-1,-1,6,1,6
2016440143065,1,9,0,9,0,8,0,0,0,0,2,1,6,1,50,8,1598,2,1,10,1,10
2016440143065,2,19,0,18,0,8,0,0,0,0,1,1,2,1,42,7,2488,2,7,10,1,10
2016440143087,1,9,0,17,0,0,2,0,1,9,1,1,6,1,22,5,1968,2,9,5,2,5
2016440143122,1,9,0,7,0,8,0,0,1,0,3,1,6,1,71,10,2993,2,-1,9,1,9
2016440143122,2,11,0,18,0,1,0,0,0,0,1,1,1,1,43,7,-1,-1,-1,1,1,1
2016440143128,1,19,0,18,0,0,0,0,0,0,1,1,6,1,36,7,1598,2,1,3,1,3
2016440143128,2,9,0,4,0,0,0,0,0,0,2,1,6,2,37,7,1595,1,3,9,3,9
2016440143135,1,9,0,9,0,8,0,0,0,0,3,1,6,2,27,6,1595,1,16,2,1,2
2016440143135,2,9,0,18,0,8,0,0,0,0,1,1,6,1,30,6,1298,1,14,10,2,10
2016440143179,1,9,0,18,0,0,0,0,0,0,2,1,6,2,66,10,1242,1,-1,9,1,9
2016440143179,2,9,0,18,0,0,0,0,0,0,1,1,2,1,51,8,-1,-1,-1,7,1,7
2016440143186,1,9,0,18,0,1,0,0,0,0,3,1,6,2,54,8,1242,1,15,3,1,3
2016440143186,2,9,0,9,0,8,0,0,0,0,1,1,6,3,-1,-1,2685,2,12,-1,-1,-1
2016440143211,1,9,0,17,0,0,1,0,1,4,1,1,6,1,18,4,1299,1,13,8,3,8
2016440143218,1,9,0,9,0,8,0,0,0,0,1,1,6,1,18,4,1149,1,10,9,1,9
2016440143218,2,9,0,7,0,8,0,0,0,0,1,1,6,2,44,7,1598,1,8,8,1,8
2016440143730,1,9,0,18,0,0,2,0,1,0,1,1,6,1,21,5,1242,1,14,8,1,8
2016440144038,1,9,0,9,0,8,0,0,0,0,1,1,1,1,20,4,1390,1,14,9,2,9
2016440144038,2,1,0,18,0,8,0,0,0,0,4,1,6,1,45,7,-1,-1,-1,10,1,10
2016440144193,1,9,0,16,0,0,0,0,1,9,4,1,6,2,18,4,1299,1,10,7,1,7
2016440144327,1,9,0,3,0,1,0,0,0,0,2,1,6,2,34,6,1598,1,5,2,1,2
2016440144327,2,9,0,18,0,1,0,0,0,0,2,1,6,1,45,7,1896,2,11,1,1,1
2016440144426,1,3,0,18,0,8,1,10,1,0,1,1,6,1,20,4,124,1,1,-1,-1,-1
2016440144557,1,9,0,18,0,8,0,0,0,0,4,1,6,1,31,6,2979,1,15,10,1,10
2016440144557,2,9,0,9,0,8,0,0,0,0,1,1,6,1,40,7,1984,1,-1,9,3,9
2016440144569,1,9,0,2,0,0,0,0,0,0,3,1,1,1,36,7,-1,-1,-1,8,1,8
2016440144569,2,1,0,15,0,0,0,0,0,0,1,1,1,1,20,4,-1,-1,-1,4,1,4
2016440144808,1,9,0,17,0,0,2,11,1,11,1,1,6,2,20,4,1596,1,7,9,3,9
2016440144949,1,3,0,4,0,1,1,0,3,0,1,1,2,1,35,6,124,1,2,5,1,5
2016440145103,1,5,0,18,0,8,1,0,0,0,1,1,6,1,57,9,599,1,7,9,1,9
2016440145103,2,9,0,18,0,8,0,0,0,0,4,1,6,2,33,6,1794,1,12,10,1,10
2016440145278,1,9,0,18,0,8,1,0,0,0,1,1,6,1,37,7,1796,1,14,5,1,5
2016440145278,2,9,0,10,0,8,0,0,0,0,2,1,6,2,31,6,1968,2,10,6,2,6
2016440145295,1,1,0,16,0,0,0,0,0,0,1,1,6,2,49,8,-1,-1,-1,6,3,6
2016440145402,1,1,0,18,0,8,0,0,0,0,1,1,6,1,11,3,-1,-1,-1,10,3,10
2016440145402,2,9,0,10,0,8,0,0,0,0,4,1,6,1,43,7,1596,1,4,10,1,10
2016440145521,1,9,0,4,0,8,0,0,0,0,2,1,6,1,48,8,-1,-1,-1,8,2,8
2016440145521,2,9,0,12,0,8,0,0,0,0,1,1,6,1,71,10,4196,1,11,9,3,9
2016440145663,1,3,0,17,0,8,0,0,0,0,4,1,6,1,21,5,124,1,4,9,1,9
2016440145663,2,9,0,5,0,8,0,0,0,0,1,1,6,3,-1,-1,1368,1,1,-1,-1,-1
2016440145966,1,9,0,9,0,8,0,0,0,0,3,1,1,1,49,8,1598,1,15,1,1,1
2016440145966,2,1,0,5,0,8,0,0,0,0,1,1,1,1,48,8,-1,-1,-1,5,1,5
2016440146226,1,9,0,18,0,0,0,0,0,0,4,1,6,1,62,9,1997,2,4,8,1,8
2016440146589,1,21,0,11,0,0,0,0,0,0,0,1,6,3,-1,-1,-1,-1,-1,-1,-1,-1
2016440146589,2,2,0,18,0,0,0,0,0,0,0,1,6,2,42,7,49,1,7,7,1,7
2016440146596,1,9,0,9,0,6,0,0,0,0,1,1,6,1,77,11,1798,1,11,10,1,10
2016440146596,2,19,0,18,0,1,0,0,0,0,3,1,1,1,64,9,2198,2,7,4,3,4
2016440146819,1,2,0,16,0,8,0,0,0,0,1,1,2,1,47,8,-1,-1,-1,4,1,4
2016440146819,2,19,0,9,0,8,0,0,0,0,1,1,6,3,-1,-1,-1,-1,-1,-1,-1,-1
2016440146888,1,9,0,9,0,8,0,0,0,0,1,1,6,2,28,6,1242,1,3,3,1,3
2016440146888,2,3,0,13,0,8,0,0,0,0,0,1,6,1,25,5,124,1,1,4,2,4
2016440146930,1,1,0,18,0,8,0,0,0,0,4,1,6,1,56,9,-1,-1,-1,8,1,8
2016440146930,2,19,0,9,0,4,0,0,0,0,1,1,6,1,48,8,1560,2,1,6,1,6
2016440146955,1,3,0,4,0,0,1,2,0,0,1,1,6,1,37,7,124,1,9,9,1,9
2016440146955,2,9,0,4,0,0,0,0,0,0,2,1,6,1,24,5,1798,1,7,7,2,7
2016440147053,1,1,0,18,0,1,0,0,0,0,1,1,2,1,43,7,-1,-1,-1,7,1,7
2016440147053,2,9,0,9,0,8,0,0,0,0,4,1,6,1,32,6,2435,1,14,6,1,6
2016440147322,1,3,0,7,0,3,0,0,0,0,1,1,6,1,21,5,-1,-1,-1,-1,-1,-1
2016440147322,2,9,0,18,0,8,0,0,0,0,3,1,6,1,19,4,1390,1,8,6,1,6
2016440147444,1,9,0,18,0,0,0,0,0,0,1,1,2,1,38,7,1896,2,6,9,3,9
2016440147444,2,21,0,5,0,0,0,0,0,0,2,1,1,1,49,8,-1,-1,-1,-1,-1,-1
2016440147837,1,9,0,13,0,0,0,0,4,0,4,1,6,2,20,4,1229,1,7,6,1,6
2016440147837,2,21,0,12,0,0,0,0,0,0,3,1,1,1,50,8,12740,2,1,1,1,1
2016440147868,1,9,0,9,0,8,0,0,0,0,1,1,6,2,72,10,999,1,1,10,1,10
2016440148182,1,9,0,3,0,1,0,0,0,0,2,1,6,1,38,7,1368,1,6,10,1,10
2016440148182,2,9,0,4,0,1,0,0,0,0,1,1,6,3,-1,-1,2198,1,8,-1,-1,-1
2016440148230,1,19,0,16,0,0,0,0,0,0,1,1,1,1,32,6,1996,2,6,4,1,4
2016440148230,2,9,0,17,0,0,1,0,1,0,2,1,6,1,70,10,1461,2,3,10,1,10
2016440148346,1,9,0,18,0,0,0,0,0,0,1,1,6,2,29,6,1242,1,18,7,2,7
2016440148444,1,9,0,18,0,0,0,0,0,0,1,1,6,1,42,7,1360,1,15,2,1,2
2016440148444,2,9,0,4,0,0,0,0,0,0,2,1,6,1,45,7,1968,2,1,8,1,8
2016440148449,1,9,0,4,0,0,0,0,0,0,2,1,6,1,37,7,1598,1,3,7,1,7
2016440148449,2,9,0,18,0,0,0,0,0,0,1,1,6,1,25,5,1240,1,11,10,3,10
2016440148449,3,9,0,18,0,0,0,0,0,0,1,1,6,1,35,6,1968,2,4,9,1,9
2016440148515,1,9,0,5,0,4,0,0,0,0,3,1,2,2,54,8,1560,2,4,8,1,8
2016440148515,2,1,0,18,0,8,0,0,0,0,1,1,6,1,33,6,-1,-1,-1,5,1,5
2016440148530,1,1,0,18,0,1,0,0,0,0,4,1,6,1,36,7,-1,-1,-1,3,1,3
2016440148530,2,9,0,5,0,6,0,0,0,0,1,1,6,1,33,6,1248,1,2,3,1,3
2016440148547,1,9,0,9,0,8,0,0,0,0,4,1,6,1,69,10,1360,1,9,10,1,10
2016440148547,2,1,0,18,0,1,0,0,0,0,1,1,6,1,46,8,-1,-1,-1,10,1,10
2016440148679,1,9,0,18,0,0,0,0,5,6,1,1,6,1,53,8,1596,1,9,6,2,6
2016440148679,2,19,0,11,0,0,0,0,0,0,0,1,6,3,-1,-1,-1,-1,-1,-1,-1,-1
2016440148925,1,1,0,18,0,0,0,0,0,0,0,1,2,1,45,7,-1,-1,-1,8,1,8
2016440149070,1,9,0,18,0,0,0,0,0,0,1,1,6,1,78,11,2035,1,10,6,1,6
2016440149070,2,9,0,18,0,0,0,0,0,0,1,1,1,1,23,5,1997,2,4,9,1,9
2016440149085,1,9,0,18,0,0,0,0,0,0,1,1,6,2,58,9,1368,1,7,2,1,2
2016440149541,1,9,0,4,0,2,0,0,0,0,2,1,6,2,35,6,1197,1,4,9,1,9
2016440149541,2,9,0,18,0,2,0,0,0,0,1,1,6,3,-1,-1,1299,1,8,-1,-1,-1
2016440149727,1,9,0,18,0,1,0,0,7,3,1,1,6,1,77,11,2143,2,2,8,1,8
2016440149742,1,9,0,18,0,1,0,0,0,0,3,1,6,1,27,6,1968,2,11,4,1,4
2016440149793,1,5,0,18,0,8,1,0,0,0,1,1,2,1,30,6,800,1,1,10,1,10
2016440149855,1,97,0,18,0,0,0,0,0,0,4,1,6,3,-1,-1,-1,-1,-1,-1,-1,-1
2016440149858,1,1,0,18,0,8,0,0,0,0,1,1,2,1,45,7,-1,-1,-1,10,1,10
2016440149858,2,9,0,7,0,8,0,0,0,0,3,1,2,1,-1,-1,1995,2,2,-1,-1,-1
2016440149870,1,9,0,3,0,0,0,0,0,0,2,1,2,1,45,7,1995,2,13,3,1,3
2016440149870,2,9,0,18,0,0,0,0,0,0,1,1,6,3,70,10,1360,1,15,8,1,8
2016440149884,1,9,0,18,0,1,0,0,0,0,1,1,6,2,70,10,1242,1,6,3,1,3
2016440149884,2,9,0,3,0,1,0,0,0,0,2,1,6,2,55,8,1248,1,1,10,1,10
2016440149884,3,9,0,10,0,1,0,0,0,0,2,1,3,2,30,6,1997,2,13,10,1,10
2016440149894,1,9,0,11,0,0,1,0,1,7,1,1,6,1,48,8,1910,2,7,6,1,6
2016440149894,2,9,0,18,0,0,0,0,0,0,3,1,6,2,51,8,1984,1,7,8,1,8
2016440149894,3,9,0,18,0,0,0,0,0,0,2,1,6,1,42,7,1997,2,11,4,1,4
2016440149919,1,5,0,17,0,8,1,0,0,0,3,1,6,1,44,7,1000,1,8,10,1,10
2016440150122,1,9,0,1,0,2,0,0,0,0,2,1,6,1,72,10,2188,2,10,9,1,9
2016440150133,1,9,0,18,0,0,0,0,0,0,2,1,6,2,29,6,1999,1,9,7,1,7
2016440150133,2,9,0,18,0,0,0,0,0,0,1,1,6,3,-1,-1,1968,2,4,-1,-1,-1
2016440150228,1,9,0,18,0,0,5,0,1,0,1,1,6,2,18,4,875,1,5,7,1,7
2016440150434,1,9,0,4,0,0,0,0,0,0,1,1,2,1,30,6,1596,1,9,1,1,1
2016440150434,2,19,0,4,0,0,0,0,0,0,2,1,2,1,23,5,1248,2,2,5,1,5
2016440150434,3,9,0,4,0,0,0,0,0,0,2,1,2,2,24,5,1364,1,11,3,1,3
2016440150621,1,9,0,7,0,4,0,0,0,0,2,1,6,2,48,8,1686,2,10,8,1,8
2016440150621,2,11,0,5,0,4,0,0,0,0,1,1,1,1,44,7,4461,2,2,8,1,8
2016440151276,1,9,0,9,0,8,0,0,0,0,4,1,6,2,61,9,-1,-1,-1,9,1,9
2016440151276,2,1,0,18,0,8,0,0,0,0,1,1,6,1,29,6,-1,-1,-1,2,1,2
2016440151276,3,1,0,18,0,8,0,0,0,0,1,1,6,2,29,6,-1,-1,-1,2,1,2