Accident_Index,Vehicle_Reference,Vehicle_Type,Towing_and_Articulation,Vehicle_Manoeuvre,Vehicle_Location-Restricted_Lane,Junction_Location,Skidding_and_Overturning,Hit_Object_in_Carriageway,Vehicle_Leaving_Carriageway,Hit_Object_off_Carriageway,1st_Point_of_Impact,Was_Vehicle_Left_Hand_Drive?,Journey_Purpose_of_Driver,Sex_of_Driver,Age_of_Driver,Age_Band_of_Driver,Engine_Capacity_(CC),Propulsion_Code,Age_of_Vehicle,Driver_IMD_Decile,Driver_Home_Area_Type,Vehicle_IMD_Decile
2016440151417,1,11,0,13,0,1,0,0,0,0,1,1,1,1,50,8,6696,2,3,7,1,7
2016440151419,1,9,0,18,0,0,0,0,0,0,1,1,6,1,19,4,-1,-1,-1,2,1,2
2016440152044,1,9,0,18,0,0,1,0,2,7,4,1,6,2,46,8,1240,1,13,5,1,5
2016440152044,2,9,0,18,0,0,0,0,0,0,4,1,2,1,57,9,1986,1,2,5,1,5
2016440152105,1,9,0,3,0,1,0,0,0,0,2,1,2,1,35,6,-1,-1,-1,4,1,4
2016440152105,2,9,0,18,0,1,0,0,0,0,1,1,2,1,52,8,-1,-1,-1,4,1,4
2016440152185,1,19,0,2,0,2,0,0,0,0,4,1,6,3,-1,-1,2198,2,5,-1,-1,-1
2016440152185,2,1,0,18,0,1,0,0,0,0,1,1,6,2,48,8,-1,-1,-1,7,1,7
2016440152206,1,9,0,18,0,1,0,0,0,0,1,1,6,1,32,6,1199,1,15,4,1,4
2016440152206,2,19,0,7,0,6,0,0,0,0,3,1,6,1,37,7,1686,2,13,1,1,1
2016440152274,1,19,0,18,0,0,0,0,0,0,3,1,2,1,45,7,1968,2,3,8,3,8
2016440152274,2,19,0,18,0,0,0,0,0,0,3,1,2,1,23,5,1997,2,6,10,1,10
2016440152325,1,21,0,7,0,1,0,0,0,0,4,1,1,1,41,7,6692,2,7,2,1,2
2016440152325,2,9,0,7,0,1,0,0,1,0,3,1,6,2,64,9,998,1,1,6,1,6
2016440152435,1,9,0,18,0,0,1,0,1,9,1,1,6,2,20,4,1242,1,7,9,3,9
2016440152442,1,9,0,2,0,1,0,0,0,0,3,1,1,1,35,6,1398,2,14,3,1,3
2016440152442,2,1,0,18,2,1,0,0,0,0,1,1,2,1,48,8,-1,-1,-1,5,1,5
2016440152445,1,9,0,18,0,0,0,0,0,0,0,1,6,2,-1,-1,-1,-1,-1,-1,-1,-1
2016440152500,1,19,0,4,0,8,1,0,3,1,1,1,1,1,38,7,2198,2,2,9,3,9
2016440152500,2,9,0,10,0,8,0,0,0,0,3,1,2,2,49,8,1598,2,4,8,1,8
2016440152604,1,9,0,18,0,0,0,0,0,0,1,1,2,1,31,6,1997,2,3,9,1,9
2016440152604,2,9,0,3,0,0,0,0,0,0,2,1,2,1,42,7,1910,2,9,2,1,2
2016440152604,3,9,0,3,0,0,0,0,0,0,2,1,2,1,33,6,1560,2,7,2,1,2
2016440152604,4,19,0,3,0,0,0,0,0,0,2,1,2,1,52,8,1753,2,12,9,1,9
2016440152644,1,9,0,18,0,0,0,0,0,0,4,1,6,1,27,6,1242,1,-1,2,1,2
2016440152675,1,2,0,18,0,0,1,0,0,0,1,1,2,1,32,6,124,1,13,4,1,4
2016440152675,2,9,0,3,0,0,0,0,0,0,2,1,6,1,54,8,1560,2,6,2,1,2
2016440152746,1,5,0,18,0,1,1,0,0,0,1,1,2,1,38,7,600,1,19,2,1,2
2016440152875,1,1,0,5,0,8,0,0,1,1,3,1,2,2,30,6,-1,-1,-1,8,1,8
2016440152875,2,11,0,7,0,8,0,0,0,0,4,1,1,1,-1,-1,-1,-1,-1,-1,-1,-1
2016440152991,1,9,0,18,0,1,1,0,1,7,1,1,6,2,21,5,1299,1,15,6,1,6
2016440153259,1,9,0,18,0,0,0,0,0,0,1,1,6,1,30,6,1299,1,14,2,1,2
2016440153259,2,9,0,4,0,0,0,0,0,0,2,1,2,2,29,6,1995,2,2,4,1,4
2016440153321,1,9,0,1,0,0,0,0,0,0,2,1,6,1,40,7,2184,2,2,8,1,8
2016440153395,1,9,0,18,0,8,0,0,7,11,3,1,6,2,21,5,1796,1,11,8,1,8
2016440153395,2,9,0,9,0,8,0,0,0,0,1,1,6,3,-1,-1,1422,2,8,-1,-1,-1
2016440153491,1,9,0,4,0,1,0,0,0,0,2,1,6,2,42,7,998,1,7,5,1,5
2016440153491,2,9,0,3,0,1,0,0,0,0,2,1,2,1,17,4,1390,1,3,8,3,8
2016440153491,3,9,0,18,0,1,0,0,0,0,1,1,6,3,-1,-1,4511,1,13,-1,-1,-1
2016440153506,1,9,0,7,0,8,0,0,0,0,1,1,6,2,68,10,1598,2,4,5,1,5
2016440153506,2,3,0,18,0,8,0,0,0,0,4,1,6,1,23,5,125,1,-1,5,1,5
2016440153565,1,9,0,9,0,8,0,0,0,0,4,1,6,2,48,8,1598,1,8,6,1,6
2016440153565,2,5,0,18,0,8,0,0,0,0,1,1,6,1,35,6,1262,1,-1,10,1,10
2016440153621,1,9,0,18,0,1,0,0,0,0,1,1,6,1,38,7,1999,1,15,9,1,9
2016440153621,2,5,0,4,0,1,0,0,0,0,2,1,6,1,38,7,-1,-1,-1,9,1,9
2016440153708,1,9,0,3,0,1,0,0,0,0,2,1,6,1,32,6,1596,1,10,7,1,7
2016440153708,2,9,0,18,0,1,0,0,0,0,1,1,6,1,47,8,-1,-1,-1,8,1,8
2016440153829,1,9,0,9,0,8,0,0,1,0,3,1,6,2,22,5,1560,2,4,4,1,4
2016440153829,2,3,0,18,0,8,0,0,0,0,1,1,6,1,20,4,125,1,6,4,1,4
2016440153873,1,5,0,16,0,5,0,10,0,0,4,1,6,1,49,8,656,1,9,3,1,3
2016440154258,1,9,0,18,0,2,0,0,0,0,4,1,6,3,-1,-1,-1,-1,-1,-1,-1,-1
2016440154344,1,9,0,17,0,1,2,0,7,11,1,1,6,1,18,4,1762,1,17,3,1,3
2016440154513,1,9,0,18,0,0,0,0,0,0,1,1,2,1,32,6,1386,1,5,10,1,10
2016440154513,2,9,0,18,0,0,0,0,0,0,1,1,6,2,23,5,1596,1,4,8,1,8
2016440154513,3,9,0,18,0,0,1,0,7,0,1,1,6,1,62,9,1997,2,6,4,1,4
2016440154709,1,9,0,9,0,8,0,0,0,0,1,1,6,2,37,7,1796,1,5,9,1,9
2016440154709,2,9,0,18,0,8,0,0,0,0,1,1,6,1,53,8,1794,1,16,8,1,8
2016440154876,1,9,0,18,0,8,0,0,0,0,4,1,6,1,68,10,1390,1,16,5,3,5
2016440155185,1,9,0,7,0,8,0,0,3,1,1,1,6,1,25,5,1995,2,12,-1,-1,-1
2016440155309,1,9,0,18,0,0,0,0,2,7,4,1,1,1,50,8,1086,1,11,9,1,9
2016440155401,1,9,0,18,0,0,5,0,7,10,3,1,2,1,30,6,1896,2,12,8,3,8
2016440155418,1,3,0,13,0,1,1,0,0,0,1,1,2,1,21,5,124,1,15,6,1,6
2016440155418,2,9,0,9,0,6,0,0,0,0,3,1,2,2,54,8,1997,2,2,6,1,6
2016440155571,1,9,0,13,0,0,1,12,4,4,3,1,2,2,24,5,1360,1,6,5,1,5
2016440155647,1,9,0,4,0,0,0,0,0,0,2,1,2,2,25,5,1364,1,-1,9,1,9
2016440155647,2,21,0,18,0,0,0,0,0,0,1,1,1,1,50,8,12809,2,2,9,3,9
2016440156160,1,9,0,9,0,6,0,0,0,0,3,1,6,3,-1,-1,2179,2,3,-1,-1,-1
2016440156160,2,3,0,18,0,1,1,0,7,0,1,1,6,1,19,4,124,1,13,9,2,9
2016440156161,1,9,0,18,0,2,0,0,0,0,1,1,6,2,37,7,1229,1,3,2,1,2
2016440156161,2,1,0,18,0,2,0,0,0,0,2,1,6,1,60,9,-1,-1,-1,5,1,5
2016440156169,1,9,0,18,0,1,0,0,0,0,4,1,6,1,18,4,1388,1,14,3,1,3
2016440156169,2,1,0,9,0,1,0,0,0,0,1,1,6,1,8,2,-1,-1,-1,8,1,8
2016440156184,1,9,0,18,0,0,0,0,0,0,1,1,2,1,22,5,2494,2,10,4,1,4
2016440156184,2,9,0,4,0,0,0,0,0,0,2,1,2,1,33,6,1560,2,2,5,1,5
2016440156184,3,19,0,4,0,0,0,0,0,0,2,1,1,1,39,7,1560,2,6,7,2,7
2016440156211,1,9,0,1,0,0,0,0,0,0,4,1,6,1,33,6,1997,2,9,9,1,9
2016440156213,1,3,0,18,0,0,1,4,0,0,1,1,6,1,21,5,124,1,2,3,1,3
2016440156213,2,19,0,2,0,0,0,0,0,0,4,1,6,1,57,9,2143,2,3,9,2,9
2016440156213,3,9,0,18,0,0,0,0,0,0,3,1,6,1,24,5,1461,2,5,4,1,4
2016440156214,1,9,0,5,0,4,0,0,0,0,1,1,6,1,19,4,1975,1,9,9,2,9
2016440156214,2,1,0,18,0,8,0,0,0,0,4,1,6,1,32,6,-1,-1,-1,8,1,8
2016440156306,1,9,0,18,0,0,0,0,0,0,1,1,6,1,21,5,1198,1,9,9,2,9
2016440156306,2,9,0,3,0,0,0,0,0,0,2,1,2,1,52,8,1871,2,13,7,1,7
2016440156306,3,9,0,3,0,0,0,0,0,0,2,1,6,1,47,8,1781,1,16,1,1,1
2016440156437,1,9,0,3,0,1,0,0,0,0,2,1,6,1,58,9,1988,2,10,4,1,4
2016440156437,2,9,0,18,0,1,0,0,0,0,1,1,6,1,19,4,1242,1,1,6,1,6
2016440156732,1,9,0,4,0,1,0,0,0,0,2,1,6,2,48,8,1560,2,5,4,1,4
2016440156732,2,9,0,18,0,1,0,0,0,0,1,1,6,1,32,6,1998,1,11,9,2,9
2016440156763,1,9,0,18,0,0,0,0,1,4,1,1,6,2,25,5,1360,1,14,3,1,3
2016440157459,1,11,0,7,0,8,0,0,0,0,0,1,1,1,61,9,6871,2,7,-1,-1,-1
2016440157524,1,19,0,5,0,8,0,0,0,0,1,1,6,3,-1,-1,1998,2,14,-1,-1,-1
2016440157524,2,9,0,18,0,8,0,0,0,0,1,1,6,2,35,6,2204,2,10,4,1,4
2016440157575,1,9,0,18,0,0,1,0,0,0,1,1,6,2,36,7,1896,2,21,3,3,3
2016440157575,2,9,0,18,0,0,0,0,0,0,2,1,6,1,56,9,-1,-1,-1,7,1,7
2016440157656,1,9,0,9,0,2,0,0,0,0,1,1,6,1,27,6,1229,1,3,10,1,10
2016440157670,1,9,0,5,0,8,0,0,0,0,3,1,6,2,18,4,-1,-1,-1,3,1,3
2016440157670,2,9,0,18,0,8,0,0,0,0,1,1,2,1,44,7,-1,-1,-1,5,1,5
2016440157712,1,9,0,18,0,0,0,0,0,0,3,1,6,1,51,8,1997,2,13,8,1,8
2016440157712,2,9,0,18,0,0,0,0,0,0,4,1,6,3,-1,-1,1400,1,18,-1,-1,-1
2016440157756,1,20,0,18,0,0,0,0,0,0,2,1,6,2,36,7,-1,-1,-1,9,1,9
2016440157756,2,9,0,18,0,0,0,0,0,0,1,1,1,3,-1,-1,-1,-1,-1,-1,-1,-1
2016440157808,1,9,0,18,0,8,0,0,0,0,3,1,6,2,20,4,1199,1,15,8,1,8
2016440157808,2,9,0,16,0,8,0,0,0,0,3,1,6,1,31,6,2494,1,18,8,1,8
2016440158180,1,3,0,16,0,0,0,0,0,0,4,1,4,2,19,4,125,1,6,9,3,9
2016440158335,1,9,0,18,0,4,0,0,0,0,3,1,6,1,-1,-1,-1,-1,-1,-1,-1,-1
2016440158335,2,1,0,9,0,8,0,0,0,0,1,1,6,2,41,7,-1,-1,-1,8,1,8
2016440158404,1,9,0,4,0,0,0,0,0,0,2,1,6,2,42,7,1397,1,4,10,1,10
2016440158404,2,9,0,18,0,0,0,0,0,0,1,1,6,2,49,8,1598,1,13,3,1,3
2016440158492,1,9,0,9,0,6,0,0,0,0,4,1,6,1,69,10,1086,1,11,3,1,3
2016440158492,2,9,0,18,0,1,0,0,0,0,1,1,6,3,-1,-1,996,1,6,-1,-1,-1
2016440158789,1,9,0,5,0,4,0,0,0,0,1,1,6,2,35,6,1596,1,2,-1,-1,-1
2016440158789,2,9,0,9,0,8,1,0,0,0,4,1,2,2,19,4,1388,1,7,1,1,1
2016440158855,1,9,0,1,0,6,0,0,0,0,3,1,6,2,40,7,1299,1,20,9,1,9
2016440158892,1,9,0,3,0,1,0,0,0,0,2,1,6,1,41,7,1598,1,17,6,2,6
2016440158892,2,19,0,3,0,1,0,0,1,9,2,1,6,1,43,7,1248,2,11,5,2,5
2016440158892,3,9,0,18,0,1,0,0,0,0,1,1,6,1,92,11,1598,1,10,6,3,6
2016440158945,1,9,0,9,0,8,0,0,0,0,3,1,1,1,43,7,1499,2,1,2,1,2
2016440158945,2,5,0,13,0,8,0,0,0,0,1,1,6,1,25,5,471,1,2,3,1,3
2016440159070,1,9,0,16,0,0,0,0,0,0,1,1,6,1,30,6,1343,1,16,9,3,9
2016440159070,2,9,0,18,0,0,0,0,1,0,1,1,6,2,39,7,1339,1,13,10,1,10
2016440159239,1,5,0,18,0,1,0,7,0,0,4,1,6,1,36,7,750,1,25,5,1,5
2016440159508,1,9,0,18,0,0,0,0,0,0,3,1,1,1,45,7,1997,2,4,7,1,7
2016440159508,2,9,0,18,0,0,1,0,1,1,1,1,6,1,45,7,1396,1,16,6,3,6
2016440159511,1,19,0,18,0,0,0,0,0,0,1,1,2,1,29,6,1998,2,11,3,1,3
2016440159511,2,9,0,18,0,0,0,0,0,0,1,1,1,2,36,7,1598,2,4,9,1,9
2016440159511,3,9,0,4,0,0,0,0,0,0,2,1,2,2,36,7,1968,2,4,9,1,9
2016440159601,1,19,0,2,0,0,0,0,0,0,3,1,2,1,46,8,1753,2,8,5,1,5
2016440159601,2,1,0,18,0,0,0,4,0,0,1,1,2,2,31,6,-1,-1,-1,3,1,3
2016440159605,1,9,0,9,0,5,0,0,7,0,4,1,2,1,26,6,1242,1,7,6,1,6
2016440159605,2,9,0,18,0,1,0,0,0,0,1,1,2,1,49,8,1596,1,9,9,2,9
2016440159605,3,9,0,4,0,1,0,0,0,0,2,1,2,2,31,6,1968,2,9,9,1,9
2016440159605,4,9,0,18,0,1,0,0,0,0,1,1,2,2,19,4,1198,1,12,8,1,8
2016440159605,5,19,0,18,0,1,0,0,0,0,1,1,2,1,55,8,2198,2,5,9,2,9
2016440159605,6,9,0,18,0,1,0,0,0,0,1,1,2,2,42,7,2000,2,10,7,1,7
2016440159605,7,9,0,18,0,1,0,0,0,0,1,1,2,3,-1,-1,1364,1,7,-1,-1,-1
2016440159944,1,9,0,9,0,8,0,0,0,0,3,1,6,2,41,7,1991,1,1,9,1,9
2016440159944,2,1,0,18,0,8,0,0,0,0,1,1,6,1,26,6,-1,-1,-1,4,1,4
2016440159966,1,9,0,1,0,1,0,0,0,0,2,1,6,1,65,9,1798,1,8,3,1,3
2016440159994,1,19,0,18,0,0,0,0,0,0,1,1,6,3,-1,-1,2402,2,13,-1,-1,-1
2016440159994,2,1,0,18,0,0,0,0,0,0,2,1,6,1,70,10,-1,-1,-1,9,2,9
2016440160109,1,1,0,9,0,1,0,0,0,0,3,1,2,2,65,9,-1,-1,-1,8,1,8
2016440160109,2,3,0,13,0,8,0,0,0,0,1,1,6,1,-1,-1,-1,-1,-1,-1,-1,-1
2016440160187,1,9,0,9,0,8,0,0,0,0,1,1,6,1,67,10,-1,-1,-1,4,3,4
2016440160187,2,1,0,18,0,8,0,0,0,0,1,1,6,2,20,4,-1,-1,-1,6,2,6
2016440160275,1,9,0,7,0,8,0,0,0,0,1,1,6,3,-1,-1,-1,-1,-1,-1,-1,-1
2016440160283,1,9,0,18,0,0,0,0,0,0,2,1,6,1,24,5,1968,2,5,8,1,8
2016440160283,2,9,0,18,0,0,0,0,0,0,1,1,6,3,-1,-1,999,1,1,-1,-1,-1
2016440160588,1,3,0,18,0,1,0,0,0,0,1,1,6,1,57,9,125,1,7,2,1,2
2016440160615,1,9,0,9,0,8,0,0,0,0,3,1,6,2,-1,-1,2231,2,9,-1,-1,-1
2016440160615,2,3,0,18,0,8,0,0,0,0,1,1,6,1,18,4,124,1,11,8,1,8
2016440160678,1,9,0,18,0,0,0,0,0,0,1,1,2,1,19,4,1248,2,8,3,1,3
2016440160692,1,9,0,18,0,0,0,0,0,0,1,1,6,2,61,9,2000,2,12,10,1,10
2016440160692,2,9,0,18,0,0,0,0,0,0,1,1,6,2,73,10,1398,1,4,9,1,9
2016440160692,3,9,0,18,0,0,0,0,0,0,1,1,6,1,23,5,1499,1,2,10,2,10
2016440160830,1,9,0,16,0,0,1,0,1,0,3,1,6,2,18,4,1598,1,11,8,3,8
2016440160830,2,9,0,16,0,0,0,0,0,0,1,1,6,2,54,8,2179,2,2,9,3,9
2016440160982,1,17,0,18,0,1,0,0,0,0,1,1,1,1,18,4,6728,2,1,4,3,4
2016440160982,2,19,0,10,0,8,0,0,0,0,2,1,1,1,43,7,1968,2,12,5,2,5
2016440161356,1,1,0,18,0,8,0,0,0,0,2,1,2,1,62,9,-1,-1,-1,3,1,3
2016440161356,2,8,0,13,0,8,0,0,0,0,1,1,1,3,-1,-1,1686,2,5,-1,-1,-1
2016440161404,1,1,0,18,0,0,0,0,0,0,3,1,4,1,14,3,-1,-1,-1,2,1,2
2016440161404,2,9,0,18,0,0,0,0,0,0,4,1,6,1,48,8,898,1,-1,5,1,5
2016440161442,1,9,0,7,0,8,1,0,0,0,1,1,6,1,22,5,-1,-1,-1,9,1,9
2016440161442,2,9,0,18,0,8,0,0,0,0,2,1,6,1,61,9,1992,2,8,9,3,9
2016440161442,3,9,0,7,0,8,0,0,0,0,2,1,6,1,46,8,1796,1,1,9,1,9
2016440161442,4,9,0,18,0,8,0,0,0,0,0,1,6,1,20,4,1248,1,2,7,1,7
2016440161547,1,2,0,3,0,1,0,0,0,0,2,1,6,2,24,5,125,1,-1,2,1,2
2016440161547,2,9,0,5,0,1,0,0,0,0,1,1,2,1,39,7,1769,1,10,-1,-1,-1
2016440162177,1,9,0,18,0,1,0,0,0,0,1,1,6,3,-1,-1,-1,-1,-1,-1,-1,-1
2016440162240,1,9,0,9,0,8,0,0,0,0,3,1,1,1,19,4,998,1,2,4,1,4
2016440162240,2,1,0,13,0,8,0,0,0,0,1,1,1,1,22,5,-1,-1,-1,7,1,7
2016440162291,1,9,0,9,0,8,0,0,0,0,1,1,6,1,30,6,-1,-1,-1,3,1,3
2016440162291,2,5,0,18,0,8,0,0,0,0,1,1,6,1,27,6,636,1,12,1,1,1
2016440162373,1,9,0,18,0,1,5,4,7,0,1,1,6,1,76,11,1587,1,19,8,2,8
2016440162373,2,9,0,2,0,1,0,0,0,0,1,1,6,1,32,6,1896,2,10,-1,-1,-1
2016440162607,1,9,0,18,0,1,0,0,0,0,1,1,6,2,31,6,1995,1,6,10,1,10
2016440162607,2,9,0,3,0,1,0,0,0,0,2,1,6,2,27,6,1995,2,2,10,1,10
2016440162693,1,9,0,18,0,0,1,0,0,0,1,1,6,1,73,10,1969,2,-1,8,3,8
2016440162693,2,9,0,4,0,0,0,0,0,0,2,1,6,1,25,5,1248,2,12,6,1,6
2016440162693,3,9,0,4,0,0,0,0,0,0,2,1,6,2,61,9,1360,1,7,5,1,5
2016440162693,4,9,0,4,0,0,0,0,0,0,2,1,6,1,29,6,1968,2,6,9,1,9
2016440162693,5,9,0,4,0,0,0,0,0,0,2,1,6,1,38,7,1197,1,4,6,1,6
2016440162927,1,9,0,18,0,0,0,0,0,0,1,1,6,1,31,6,1229,1,11,3,1,3
2016440162965,1,9,0,18,0,1,0,0,0,0,3,1,6,1,20,4,1242,1,1,3,1,3
2016440162965,2,9,0,18,0,1,0,0,0,0,3,1,6,1,63,9,1997,2,5,6,1,6
2016440162965,3,9,0,18,0,1,0,0,0,0,1,1,6,2,54,8,1968,2,4,10,1,10
2016440163126,1,9,0,16,0,0,5,0,1,0,1,1,6,1,24,5,1248,2,12,1,1,1
2016440163169,1,9,0,17,0,0,0,0,1,1,1,1,6,1,54,8,1596,1,1,10,2,10
2016440163277,1,9,0,18,0,0,1,0,4,6,1,1,1,1,41,7,1124,1,13,2,1,2
2016440163387,1,9,0,16,0,0,2,0,4,9,1,1,6,2,21,5,1199,1,15,5,1,5
2016440163388,1,9,0,18,0,8,5,7,0,0,4,1,2,2,23,5,1895,1,18,3,1,3
2016440163481,1,9,0,9,0,8,0,0,0,0,1,1,6,1,45,7,1984,1,10,10,2,10
2016440163481,2,3,0,18,0,8,0,0,0,0,4,1,6,1,22,5,125,1,1,3,1,3
2016440163580,1,9,0,7,0,8,0,0,0,0,3,1,6,1,72,10,1332,1,18,5,2,5
2016440163580,2,3,0,18,0,8,0,0,0,0,1,1,6,1,21,5,125,1,-1,1,1,1
2016440163652,1,9,0,3,0,1,0,0,0,0,2,1,6,2,42,7,1197,1,1,-1,-1,-1
2016440163652,2,9,0,18,0,1,0,0,0,0,2,1,6,2,69,10,796,1,6,5,1,5
2016440163664,1,9,0,4,0,8,0,0,0,0,2,1,6,1,34,6,1896,2,20,5,1,5
2016440163664,2,9,0,4,0,8,0,0,0,0,1,1,6,1,17,4,1242,1,12,6,1,6
2016440163669,1,9,0,18,0,8,5,0,0,0,1,1,6,1,90,11,1318,1,1,9,1,9
2016440163669,2,9,0,18,0,8,0,0,0,0,1,1,6,1,30,6,1910,2,7,9,3,9
2016440163872,1,9,0,9,0,8,0,0,0,0,0,1,6,1,37,7,1598,1,4,8,1,8
2016440163872,2,1,0,18,0,8,0,0,0,0,0,1,6,2,39,7,-1,-1,-1,2,1,2
2016440163896,1,9,0,13,0,8,0,0,0,0,4,1,6,1,25,5,1749,1,14,3,2,3
2016440163896,2,1,0,9,0,8,0,0,0,0,3,1,6,2,50,8,-1,-1,-1,9,1,9
2016440163933,1,9,0,5,0,1,0,0,0,0,4,1,6,2,58,9,1149,1,9,10,1,10
2016440164310,1,19,0,18,0,0,0,0,0,0,1,1,6,3,-1,-1,1686,2,12,-1,-1,-1
2016440164530,1,9,0,9,0,8,0,0,0,0,3,1,6,1,45,7,1149,1,14,9,1,9
2016440164530,2,17,0,18,0,8,0,0,0,0,1,1,1,1,57,9,4400,2,1,6,3,6
2016440164626,1,9,0,6,0,8,0,0,0,0,1,1,6,1,29,6,1796,1,16,8,1,8
2016440164626,2,9,0,18,0,8,0,0,0,0,3,1,6,2,22,5,1242,1,9,6,3,6
2016440164626,3,9,0,18,0,8,0,0,0,0,1,1,6,1,46,8,2993,2,4,2,1,2
2016440164628,1,8,0,18,0,0,0,0,0,0,2,1,1,1,37,7,1968,2,4,8,1,8
2016440164628,2,9,0,4,0,0,0,0,0,0,2,1,6,1,30,6,1968,2,13,5,1,5
2016440164628,3,9,0,4,0,0,0,0,0,0,2,1,6,1,26,6,998,1,3,9,2,9
2016440164628,4,9,0,18,0,0,0,0,0,0,1,1,6,2,33,6,1956,2,3,10,3,10
2016440164643,1,8,0,18,2,2,0,0,0,0,3,1,1,1,65,9,2148,2,7,4,1,4
2016440164810,1,2,0,18,0,8,0,0,0,0,1,1,6,1,16,4,49,1,5,10,1,10
2016440164810,2,9,0,9,0,8,0,0,0,0,1,1,6,2,29,6,-1,-1,-1,10,1,10
2016440164903,1,5,0,16,0,0,1,10,0,0,0,1,6,2,44,7,599,1,18,3,1,3
2016440165013,1,9,0,9,0,8,0,0,0,0,1,1,6,3,-1,-1,-1,-1,-1,-1,-1,-1
2016440165358,1,9,0,18,0,8,0,0,0,0,1,1,6,2,77,11,1242,1,11,2,1,2
2016440165358,2,1,0,9,0,8,0,0,0,0,4,1,2,1,51,8,-1,-1,-1,10,1,10
2016440165364,1,9,0,5,0,1,0,0,0,0,0,1,2,1,50,8,1896,2,10,10,1,10
2016440165364,2,9,0,5,0,1,0,0,0,0,2,1,1,1,33,6,1242,1,4,5,1,5
2016440165366,1,9,0,3,0,8,0,0,0,0,2,1,1,1,51,8,2698,2,8,9,1,9
2016440165366,2,9,0,3,0,8,0,0,0,0,2,1,1,1,34,6,1242,1,7,4,1,4
2016440165366,3,9,0,4,0,8,0,0,0,0,2,1,1,1,21,5,1398,1,1,-1,-1,-1
2016440165366,4,9,0,4,0,8,0,0,0,0,1,1,1,2,37,7,1798,1,6,10,1,10
2016440165406,1,9,0,18,0,0,0,0,0,0,2,1,6,1,51,8,1997,2,6,-1,-1,-1
2016440165406,2,9,0,18,0,0,0,0,0,0,1,1,6,1,29,6,999,1,2,7,3,7
2016440165406,3,9,0,18,0,0,0,0,0,0,1,1,6,1,50,8,1956,2,3,-1,-1,-1
2016440165674,1,9,0,9,0,2,0,0,0,0,1,1,6,1,68,10,1395,1,2,5,1,5
2016440165886,1,9,0,9,0,8,0,7,1,10,1,1,6,2,84,11,1396,1,4,-1,-1,-1
2016440165889,1,9,0,18,0,0,0,0,7,0,4,1,6,2,30,6,1997,2,6,7,1,7
2016440165889,2,21,0,12,0,0,0,0,0,0,3,1,1,3,-1,-1,-1,-1,-1,-1,-1,-1
2016440165922,1,9,0,18,0,0,0,0,1,0,3,1,6,2,75,10,1242,1,7,10,2,10
2016440165922,2,9,0,18,0,0,0,0,0,0,3,1,6,1,64,9,1199,1,1,-1,-1,-1
2016440166141,1,9,0,18,0,0,0,0,0,0,1,1,6,2,49,8,1386,1,3,5,1,5
2016440166204,1,9,0,18,0,8,0,0,0,0,1,1,2,1,29,6,1781,1,14,3,1,3
2016440166204,2,9,0,10,0,8,0,0,0,0,2,1,6,2,39,7,-1,-1,-1,8,3,8
2016440166417,1,3,0,13,0,8,0,0,0,0,4,1,6,1,18,4,125,1,6,3,1,3
2016440166417,2,9,0,9,0,8,0,0,0,0,3,1,6,2,40,7,1198,1,2,2,1,2
2016440166500,1,3,0,4,0,8,0,0,0,0,1,1,6,1,48,8,124,1,7,4,1,4
2016440166500,2,9,0,7,0,8,0,0,0,0,2,1,6,1,29,6,1794,1,14,7,1,7
2016440166670,1,1,0,9,0,8,0,0,0,0,1,1,2,1,51,8,-1,-1,-1,8,1,8
2016440166670,2,9,0,9,0,8,0,0,0,0,1,1,2,2,63,9,1796,1,16,4,1,4
2016440166701,1,9,0,5,0,8,0,0,0,0,3,1,6,1,72,10,1968,2,4,4,1,4
2016440166701,2,1,0,9,0,8,0,0,0,0,1,1,6,1,55,8,-1,-1,-1,9,1,9
2016440166733,1,9,0,12,0,2,0,0,0,0,3,1,2,2,54,8,-1,-1,-1,7,1,7
2016440166733,2,5,0,13,0,2,0,0,0,0,1,1,2,1,47,8,599,1,18,10,1,10
2016440166769,1,19,0,18,0,0,1,0,0,0,1,1,1,1,30,6,-1,-1,-1,7,1,7
2016440166769,2,9,0,18,0,0,0,0,0,0,2,1,6,2,56,9,1248,1,5,5,1,5
2016440166769,3,9,0,18,0,0,0,0,0,0,2,1,6,1,48,8,-1,-1,-1,4,1,4
2016440166829,1,9,0,18,0,0,0,0,0,0,2,1,2,2,34,6,2000,1,10,6,1,6
2016440166829,2,9,0,18,0,0,0,0,0,0,2,1,2,2,24,5,1390,1,15,6,1,6
2016440166829,3,9,0,18,0,0,0,0,0,0,2,1,6,1,42,7,2148,2,11,8,1,8
2016440166829,4,19,0,18,0,0,0,0,0,0,1,1,1,1,36,7,6700,2,1,9,1,9
2016440167012,1,9,0,10,0,1,0,0,0,0,2,1,6,1,34,6,-1,3,1,9,1,9
2016440167012,2,9,0,18,0,1,0,0,0,0,1,1,6,3,-1,-1,1598,1,8,-1,-1,-1
2016440167065,1,9,0,12,0,1,0,0,0,0,3,1,6,1,52,8,1896,2,16,4,1,4
2016440167065,2,3,0,18,0,1,0,0,0,0,4,1,6,1,48,8,125,1,3,6,1,6