Accident_Index,Vehicle_Reference,Vehicle_Type,Towing_and_Articulation,Vehicle_Manoeuvre,Vehicle_Location-Restricted_Lane,Junction_Location,Skidding_and_Overturning,Hit_Object_in_Carriageway,Vehicle_Leaving_Carriageway,Hit_Object_off_Carriageway,1st_Point_of_Impact,Was_Vehicle_Left_Hand_Drive?,Journey_Purpose_of_Driver,Sex_of_Driver,Age_of_Driver,Age_Band_of_Driver,Engine_Capacity_(CC),Propulsion_Code,Age_of_Vehicle,Driver_IMD_Decile,Driver_Home_Area_Type,Vehicle_IMD_Decile
2016440167096,1,9,0,9,0,6,0,0,0,0,1,1,6,1,86,11,1390,1,7,10,1,10
2016440167096,2,9,0,18,0,1,0,0,0,0,4,1,6,2,56,9,1560,2,8,9,1,9
2016440167097,1,9,0,12,0,0,0,0,4,6,3,1,1,1,32,6,1390,1,10,7,1,7
2016440167097,2,9,0,18,0,0,1,0,4,6,4,1,6,2,49,8,1596,1,13,4,1,4
2016440167280,1,9,0,18,0,0,2,0,1,9,1,1,6,2,21,5,1997,2,13,5,1,5
2016440167550,1,97,0,18,0,8,1,0,0,0,0,1,1,1,34,6,-1,-1,-1,7,1,7
2016440167550,2,9,0,4,0,8,0,0,0,0,0,1,6,3,-1,-1,-1,-1,-1,-1,-1,-1
2016440167559,1,8,0,18,0,0,0,0,0,0,4,1,1,1,40,7,1997,2,2,4,1,4
2016440167632,1,9,0,18,0,0,0,0,0,0,1,1,6,1,27,6,1995,2,11,3,1,3
2016440167632,2,9,0,18,0,0,0,0,0,0,2,1,2,1,69,10,1560,2,2,10,1,10
2016440167688,1,9,0,6,0,1,0,0,0,0,1,1,6,1,61,9,-1,-1,-1,5,1,5
2016440167700,1,1,0,18,0,0,0,0,1,0,3,1,6,1,15,3,-1,-1,-1,9,1,9
2016440167700,2,9,0,13,0,0,0,0,0,0,4,1,6,3,-1,-1,-1,-1,-1,-1,-1,-1
2016440167895,1,8,0,18,0,0,0,0,0,0,1,1,1,1,34,6,1598,2,5,3,1,3
2016440167895,2,9,0,18,0,0,0,0,0,0,1,1,6,2,35,6,1998,1,14,5,1,5
2016440167895,3,9,0,18,0,0,0,0,0,0,1,1,6,1,42,7,1753,2,9,1,1,1
2016440167895,4,9,0,18,0,0,0,4,0,0,1,1,6,2,47,8,1560,2,7,7,1,7
2016440167895,5,9,0,2,0,0,0,0,0,0,3,1,6,2,47,8,1560,2,7,7,1,7
2016440168150,1,9,0,4,0,0,0,0,0,0,2,1,2,1,56,9,1995,2,9,9,1,9
2016440168150,2,3,0,18,0,0,0,0,0,0,1,1,2,1,18,4,124,1,7,6,1,6
2016440168159,1,9,0,9,0,6,0,0,0,0,4,1,6,2,50,8,1896,2,11,4,1,4
2016440168159,2,3,0,18,0,1,0,0,0,0,1,1,6,2,23,5,-1,-1,-1,8,1,8
2016440168227,1,9,0,3,0,1,0,0,0,0,2,1,6,2,39,7,1368,1,5,6,1,6
2016440168227,2,9,0,18,0,1,1,0,0,0,1,1,6,1,63,9,1397,1,12,2,1,2
2016440168255,1,9,0,18,0,0,0,0,0,0,1,1,6,1,59,9,1390,1,3,3,1,3
2016440168708,1,9,0,9,0,8,0,0,0,0,3,1,6,2,42,7,1896,2,14,9,2,9
2016440168708,2,5,0,13,0,8,1,0,0,0,1,1,6,1,26,6,598,1,19,7,1,7
2016440168833,1,5,0,14,0,1,0,0,7,0,1,1,6,1,44,7,800,1,2,5,1,5
2016440168833,2,9,0,18,0,8,0,0,0,0,3,1,6,1,57,9,1598,1,10,5,1,5
2016440168846,1,8,0,18,0,8,0,0,0,0,1,1,1,1,79,11,1896,2,11,4,1,4
2016440168846,2,19,0,9,0,8,0,0,0,0,3,1,6,1,32,6,1995,2,4,9,1,9
2016440168874,1,8,0,9,0,6,0,0,0,0,1,1,1,1,56,9,1997,2,7,-1,-1,-1
2016440168874,2,1,0,18,0,1,0,0,0,0,4,1,6,1,43,7,-1,-1,-1,4,1,4
2016440169181,1,19,0,5,9,8,0,0,0,0,4,1,1,1,57,9,1868,2,15,4,1,4
2016440169510,1,1,0,18,0,0,0,0,0,0,2,1,2,1,52,8,-1,-1,-1,10,1,10
2016440169510,2,9,0,18,0,0,0,0,0,0,1,1,6,1,64,9,1968,2,6,9,1,9
2016440169696,1,9,0,18,0,2,0,0,0,0,3,1,6,2,42,7,1997,2,1,6,1,6
2016440169696,2,9,0,18,0,1,0,0,0,0,3,1,6,1,32,6,1896,2,10,5,1,5
2016440169700,1,90,0,18,0,1,0,0,0,0,1,1,6,3,-1,-1,2987,2,1,-1,-1,-1
2016440169700,2,9,0,9,0,6,0,0,0,0,3,1,6,1,65,9,2198,2,10,9,1,9
2016440169757,1,21,0,12,0,0,0,0,0,0,3,1,1,1,27,6,-1,-1,-1,4,1,4
2016440169757,2,9,0,13,0,0,0,0,0,0,4,1,6,2,44,7,998,1,12,4,1,4
2016440170074,1,9,0,18,0,8,0,0,0,0,4,1,6,1,35,6,4000,1,11,4,1,4
2016440170074,2,9,0,9,0,8,0,0,0,0,3,1,6,2,41,7,998,1,3,5,1,5
2016440170316,1,9,0,18,0,0,0,0,0,0,1,1,6,1,34,6,1108,1,20,1,1,1
2016440170316,2,9,0,3,0,0,0,0,0,0,2,1,6,2,40,7,1399,1,5,3,1,3
2016440170316,3,9,0,3,0,0,0,0,0,0,2,1,6,1,35,6,1986,2,10,2,1,2
2016440170316,4,9,0,2,0,0,0,0,0,0,3,1,6,1,76,11,2401,1,10,-1,-1,-1
2016440170425,1,21,0,5,0,1,0,0,0,0,1,1,1,1,53,8,12902,2,-1,5,3,5
2016440170498,1,9,0,4,0,0,0,0,0,0,2,1,6,2,36,7,1364,1,9,3,1,3
2016440170498,2,9,0,18,0,0,1,0,0,0,1,1,2,2,23,5,-1,-1,-1,6,1,6
2016440170501,1,2,0,18,0,1,0,0,0,0,3,1,6,1,28,6,49,1,7,6,1,6
2016440170501,2,19,0,9,0,8,0,0,0,0,1,1,2,1,43,7,1298,1,16,6,1,6
2016440170770,1,9,0,1,0,8,0,0,0,0,2,1,6,2,-1,-1,-1,-1,-1,-1,-1,-1
2016440171200,1,9,0,12,0,2,0,0,0,0,0,1,6,2,40,7,1560,2,3,10,2,10
2016440171200,2,9,0,18,0,2,0,0,0,0,0,1,6,1,81,11,1597,1,17,10,2,10
2016440171263,1,9,0,7,0,8,0,0,0,0,3,1,6,1,71,10,1596,1,-1,5,1,5
2016440171263,2,1,0,18,0,8,0,0,0,0,1,1,6,1,27,6,-1,-1,-1,4,1,4
2016440171273,1,9,0,18,0,0,0,0,0,0,3,1,6,1,24,5,1349,1,2,5,1,5
2016440171335,1,1,0,18,0,0,1,0,0,0,1,1,6,1,61,9,-1,-1,-1,10,1,10
2016440171335,2,1,0,18,0,0,1,0,0,0,2,1,6,1,50,8,-1,-1,-1,8,1,8
2016440171335,3,1,0,18,0,0,1,0,0,0,1,1,6,1,51,8,-1,-1,-1,9,1,9
2016440171549,1,1,0,18,0,8,0,0,0,0,3,1,6,1,36,7,-1,-1,-1,4,1,4
2016440171549,2,8,0,9,0,8,0,0,0,0,1,1,6,3,-1,-1,-1,-1,-1,-1,-1,-1
2016440171580,1,9,0,18,0,8,0,0,0,0,1,1,6,2,46,8,1560,2,-1,10,3,10
2016440171580,2,9,0,9,0,8,0,0,0,0,3,1,6,2,41,7,1560,2,5,10,3,10
2016440171589,1,9,0,18,0,1,0,12,0,0,1,1,6,2,46,8,2967,2,-1,9,1,9
2016440171592,1,9,0,18,0,0,0,0,0,0,1,1,6,2,27,6,1598,2,3,5,1,5
2016440171609,1,9,0,4,0,0,0,0,0,0,2,1,6,1,49,8,1896,2,14,3,1,3
2016440171609,2,9,0,4,0,0,0,0,0,0,1,1,6,3,-1,-1,1390,1,14,-1,-1,-1
2016440171905,1,9,0,10,0,8,0,0,0,0,2,1,6,1,19,4,1198,1,7,3,1,3
2016440171905,2,9,0,18,0,8,0,0,0,0,1,1,6,2,46,8,1198,1,8,7,1,7
2016440171940,1,9,0,4,0,1,0,0,0,0,1,1,2,1,36,7,1329,1,6,3,1,3
2016440171940,2,1,0,7,0,5,0,0,0,0,1,1,2,1,21,5,-1,-1,-1,3,1,3
2016440172002,1,9,0,18,0,8,0,0,0,0,1,1,6,1,21,5,1598,2,5,5,1,5
2016440172002,2,1,0,9,0,8,0,0,0,0,4,1,6,1,36,7,-1,-1,-1,4,1,4
2016440172071,1,1,0,18,0,8,0,0,0,0,1,1,6,1,26,6,-1,-1,-1,10,2,10
2016440172071,2,9,0,9,0,8,0,0,0,0,4,1,6,1,34,6,2198,2,2,10,2,10
2016440172136,1,9,0,9,0,8,0,0,0,5,4,1,6,1,75,10,1598,2,5,6,1,6
2016440172136,2,5,0,18,0,8,0,0,0,0,3,1,6,1,22,5,1290,1,7,6,1,6
2016440172219,1,9,0,16,0,8,2,0,0,7,2,1,6,1,18,4,1390,1,11,6,1,6
2016440172493,1,3,0,17,0,1,0,0,0,0,1,1,6,1,18,4,124,1,8,10,1,10
2016440172493,2,9,0,16,0,1,0,0,0,0,1,1,6,2,45,7,1597,1,10,8,1,8
2016440172539,1,9,0,4,0,0,0,0,0,0,2,1,6,1,28,6,1149,1,11,5,1,5
2016440172539,2,9,0,4,0,0,0,0,0,0,2,1,6,1,70,10,3189,1,8,8,1,8
2016440172539,3,9,0,18,0,0,0,0,0,0,1,1,6,1,56,9,2987,2,10,3,1,3
2016440172562,1,9,0,18,0,0,0,0,0,0,1,1,6,2,20,4,1796,1,13,6,1,6
2016440172562,2,9,0,4,0,0,0,0,0,0,2,1,6,1,20,4,1149,1,12,2,1,2
2016440172603,1,9,0,18,0,8,0,0,0,0,1,1,6,1,88,11,1242,1,18,10,1,10
2016440172603,2,9,0,3,0,8,0,0,0,0,2,1,6,2,36,7,1596,1,1,10,1,10
2016440172714,1,9,0,9,0,8,0,0,0,0,3,1,6,1,58,9,1600,2,5,4,1,4
2016440172714,2,5,0,13,0,8,0,0,0,0,1,1,6,1,69,10,1237,1,3,-1,-1,-1
2016440172832,1,3,0,18,0,1,0,0,0,0,1,1,6,2,41,7,124,1,8,4,1,4
2016440172832,2,9,0,9,0,8,0,0,0,0,3,1,6,1,79,11,1398,1,15,4,1,4
2016440173010,1,9,0,18,0,0,1,0,0,0,1,1,6,1,53,8,2204,2,9,7,1,7
2016440173010,2,9,0,18,0,0,1,0,1,0,1,1,6,2,18,4,1149,1,9,8,1,8
2016440173010,3,9,0,18,0,0,1,0,1,0,3,1,6,1,69,10,1560,2,6,4,1,4
2016440173010,4,9,0,18,0,0,1,0,0,0,3,1,6,1,49,8,1149,1,11,7,1,7
2016440173098,1,9,0,9,0,5,0,0,0,0,4,1,6,1,77,11,1999,1,10,7,2,7
2016440173098,2,1,0,18,0,1,0,0,0,0,1,1,6,1,32,6,-1,-1,-1,2,1,2
2016440173118,1,9,0,18,0,8,0,0,0,0,3,1,6,2,41,7,1248,2,6,4,2,4
2016440173118,2,5,0,18,0,8,1,10,7,0,1,1,6,1,21,5,599,1,9,9,1,9
2016440173126,1,9,0,2,0,0,0,0,0,0,3,1,6,1,-1,-1,1390,1,5,-1,-1,-1
2016440173126,2,1,0,18,0,0,0,4,0,0,3,1,6,1,34,6,-1,-1,-1,1,1,1
2016440173188,1,9,0,17,0,0,2,0,7,9,0,1,6,1,20,4,847,1,17,10,2,10
2016440173243,1,9,0,7,0,8,1,0,1,1,1,1,6,1,24,5,2143,2,4,10,3,10
2016440173243,2,9,0,2,0,2,0,0,0,0,2,1,6,1,61,9,-1,-1,-1,-1,-1,-1
2016440173243,3,9,0,2,0,2,0,0,0,0,2,1,6,1,23,5,1242,1,5,-1,-1,-1
2016440173243,4,9,0,2,0,2,0,0,0,0,2,1,6,3,-1,-1,1598,1,16,-1,-1,-1
2016440173243,5,9,0,2,0,2,0,0,0,0,3,1,6,1,57,9,2204,2,10,-1,-1,-1
2016440173243,6,9,0,2,0,2,0,0,0,0,3,1,6,2,23,5,1399,2,4,-1,-1,-1
2016440173531,1,9,0,9,0,2,1,0,0,0,1,1,6,2,21,5,1299,1,14,4,1,4
2016440173733,1,9,0,4,0,1,0,0,0,0,1,1,6,2,31,6,999,1,3,9,1,9
2016440173733,2,19,0,4,0,1,0,0,0,0,2,1,6,1,18,4,-1,-1,-1,10,1,10
2016440173742,1,19,0,18,0,0,0,0,0,0,3,1,6,1,41,7,1995,2,16,5,1,5
2016440173742,2,9,0,13,0,0,1,0,0,0,4,1,6,2,28,6,1870,2,13,4,1,4
2016440173885,1,9,0,9,0,8,0,0,0,0,1,1,6,2,47,8,1248,1,5,9,1,9
2016440173885,2,3,0,18,0,1,0,0,0,0,1,1,6,1,17,4,-1,-1,-1,8,3,8
2016440174131,1,11,0,3,0,2,0,0,0,0,2,1,1,1,31,6,6696,2,3,5,1,5
2016440174131,2,19,0,5,0,2,0,0,0,0,4,1,6,1,55,8,-1,-1,-1,10,1,10
2016440174131,3,3,0,18,0,2,0,0,0,0,1,1,6,1,41,7,124,1,-1,9,1,9
2016440174230,1,21,0,4,0,0,0,0,0,0,1,1,1,1,44,7,6692,2,8,3,1,3
2016440174230,2,9,0,3,0,0,0,0,0,0,2,1,6,2,44,7,1598,1,8,7,1,7
2016440174230,3,9,0,3,0,0,0,0,0,0,2,1,6,1,72,10,1498,1,-1,5,3,5
2016440174230,4,9,0,3,0,0,0,0,0,0,2,1,2,2,58,9,1591,1,3,4,1,4
2016440174346,1,9,0,14,0,8,0,0,0,0,4,1,6,1,72,10,1796,1,15,10,1,10
2016440174346,2,1,0,18,0,8,0,0,0,0,1,1,6,1,52,8,-1,-1,-1,7,3,7
2016440174479,1,9,0,18,0,0,0,0,4,7,1,1,2,1,20,4,1349,1,8,3,1,3
2016440174904,1,9,0,5,0,4,0,0,0,0,3,1,6,1,57,9,-1,-1,-1,-1,-1,-1
2016440174904,2,5,0,18,0,8,0,0,0,0,1,1,2,1,53,8,656,1,7,10,1,10
2016440174927,1,5,0,15,0,8,1,0,0,0,1,1,1,2,22,5,599,1,22,5,1,5
2016440174927,2,9,0,9,0,8,0,0,0,0,4,1,1,1,45,7,-1,-1,-1,2,1,2
2016440174995,1,1,0,15,0,2,0,0,0,0,3,1,2,2,27,6,-1,-1,-1,8,1,8
2016440174995,2,21,0,18,0,2,0,0,0,0,4,1,1,1,61,9,11021,2,13,4,1,4
2016440175020,1,21,0,18,0,8,0,0,0,0,1,1,1,1,33,6,10518,2,8,4,3,4
2016440175020,2,9,0,3,0,8,0,0,0,0,2,1,6,1,34,6,1248,1,7,7,1,7
2016440175042,1,19,0,18,0,0,1,0,0,0,1,1,1,1,62,9,1753,2,14,8,1,8
2016440175042,2,9,0,18,0,0,0,1,0,0,1,1,2,2,36,7,1242,1,14,10,1,10
2016440175042,3,9,0,2,0,0,0,0,0,0,2,1,1,2,18,4,1229,1,11,10,1,10
2016440175042,4,9,0,18,0,0,0,0,0,0,1,1,2,1,43,7,1242,1,4,6,1,6
2016440175085,1,9,0,18,0,8,0,0,0,0,3,1,6,2,42,7,1598,1,14,5,3,5
2016440175085,2,9,0,18,0,8,0,0,0,0,4,1,6,1,73,10,1197,1,3,3,1,3
2016440175207,1,9,0,16,0,0,1,0,7,1,1,1,6,1,31,6,1686,2,10,5,1,5
2016440175292,1,9,0,9,0,8,0,0,0,0,1,1,6,1,68,10,998,1,4,9,3,9
2016440175292,2,3,0,18,0,8,0,0,1,0,3,1,6,1,25,5,125,1,2,6,1,6
2016440175298,1,9,0,3,0,1,0,0,0,0,2,1,6,3,-1,-1,1390,1,8,-1,-1,-1
2016440175298,2,9,0,18,0,1,0,0,0,0,1,1,6,3,-1,-1,-1,-1,-1,-1,-1,-1
2016440175305,1,9,0,16,0,0,0,0,7,4,3,1,1,1,25,5,2993,2,5,2,1,2
2016440175312,1,21,0,4,0,8,0,0,0,0,1,1,1,1,42,7,4461,2,5,7,3,7
2016440175312,2,19,0,4,0,8,0,0,0,0,2,1,1,1,53,8,2148,2,9,9,2,9
2016440175312,3,9,0,18,0,8,0,0,0,0,1,1,6,2,27,6,2401,2,12,10,2,10
2016440175324,1,19,0,3,0,1,0,0,0,0,2,1,6,1,46,8,-1,-1,-1,7,2,7
2016440175324,2,9,0,4,0,1,1,0,0,0,1,1,6,2,82,11,1598,1,19,7,2,7
2016440175407,1,11,0,12,0,0,0,0,0,0,3,1,1,1,26,6,4461,2,3,3,1,3
2016440175407,2,1,0,17,0,0,0,0,0,0,2,1,6,1,50,8,-1,-1,-1,1,1,1
2016440175596,1,9,0,4,0,1,0,0,0,0,2,1,2,1,36,7,1968,2,10,5,1,5
2016440175596,2,9,0,18,0,1,0,0,0,0,1,1,6,2,55,8,1499,1,-1,10,2,10
2016440175596,3,9,0,18,0,1,0,0,0,0,1,1,6,1,57,9,2495,2,18,3,1,3
2016440175596,4,9,0,18,0,1,0,0,0,0,1,1,6,1,64,9,1796,1,11,9,1,9
2016440175617,1,3,0,18,0,8,0,0,0,0,0,1,6,1,17,4,-1,-1,-1,10,1,10
2016440175617,2,9,0,9,0,8,0,0,0,0,0,1,6,2,43,7,1998,2,8,4,1,4
2016440175659,1,9,0,6,0,8,0,0,0,0,1,1,1,1,54,8,1248,1,5,2,1,2
2016440175659,2,1,0,18,0,8,0,0,0,0,2,1,6,1,20,4,-1,-1,-1,2,1,2
2016440175728,1,9,0,10,0,1,0,0,0,0,2,1,6,2,53,8,1390,1,10,3,1,3
2016440175728,2,9,0,5,0,1,0,0,0,0,1,1,1,1,51,8,1685,2,2,9,1,9
2016440175778,1,9,0,10,0,8,0,0,0,0,2,1,6,1,23,5,1560,2,9,10,1,10
2016440175778,2,9,0,18,0,8,0,0,0,0,1,1,6,2,18,4,1149,1,11,9,1,9
2016440176072,1,9,0,18,0,0,5,4,0,0,3,1,2,1,34,6,1560,2,11,2,2,2
2016440176072,2,9,0,2,0,0,0,0,0,0,3,1,6,3,-1,-1,2143,2,-1,-1,-1,-1
2016440176268,1,9,0,9,0,8,0,0,0,0,3,1,2,1,26,6,1679,1,14,6,1,6
2016440176268,2,2,0,18,0,1,1,0,0,0,1,1,2,2,20,4,49,1,12,6,1,6
2016440176412,1,9,0,18,0,1,0,0,0,0,1,1,1,2,46,8,1199,1,14,1,1,1
2016440176412,2,9,0,5,0,1,0,0,0,0,2,1,6,2,70,10,1388,1,7,-1,-1,-1
2016440176416,1,9,0,18,0,0,0,0,0,0,1,1,6,2,28,6,1995,2,10,6,1,6
2016440176416,2,9,0,4,0,0,0,0,0,0,2,1,6,2,34,6,1995,2,4,8,1,8
2016440176615,1,9,0,9,0,8,0,0,0,0,0,1,6,2,21,5,1598,1,8,7,1,7
2016440176615,2,5,0,17,0,8,1,0,0,0,0,1,6,1,54,8,600,1,20,7,1,7
2016440176654,1,9,0,18,0,0,0,0,7,11,1,1,6,2,68,10,1798,1,11,8,1,8
2016440176769,1,9,0,7,0,8,0,0,0,0,4,1,6,2,50,8,1398,1,6,7,1,7
2016440176769,2,1,0,18,0,8,0,0,0,0,1,1,6,2,80,11,-1,-1,-1,4,1,4
2016440177004,1,9,0,18,0,2,0,0,0,0,1,1,6,3,-1,-1,-1,-1,-1,-1,-1,-1
2016440177004,2,1,0,18,0,2,0,0,0,0,3,1,6,2,11,3,-1,-1,-1,6,1,6
2016440177151,1,9,0,4,0,2,0,0,0,0,2,1,2,1,58,9,-1,-1,-1,9,1,9
2016440177151,2,5,0,5,0,2,0,0,0,0,1,1,2,1,61,9,782,1,5,9,1,9
2016440177213,1,21,0,7,0,8,0,0,0,0,4,1,1,1,66,10,11705,2,12,2,1,2
2016440177213,2,1,0,5,0,8,0,0,0,0,3,1,6,1,63,9,-1,-1,-1,2,1,2
2016440177377,1,9,0,5,0,4,0,0,0,0,1,1,6,2,20,4,1240,1,10,8,1,8
2016440177377,2,9,0,3,0,1,0,0,0,0,2,1,6,2,20,4,-1,-1,-1,10,1,10
2016440177708,1,9,0,9,0,8,0,0,0,0,1,1,6,1,57,9,1951,2,12,10,1,10
2016440177708,2,5,0,7,0,8,0,0,0,0,4,1,6,1,24,5,805,1,15,5,1,5
2016440177813,1,9,0,5,0,8,0,0,0,0,3,1,6,2,37,7,1598,2,-1,10,1,10
2016440177813,2,9,0,9,0,8,0,0,0,0,1,1,1,2,34,6,1398,1,3,8,1,8
2016440177903,1,20,0,18,0,0,0,0,0,0,4,1,1,1,55,8,-1,-1,-1,4,1,4
2016440177903,2,1,0,18,0,0,0,0,0,0,3,1,4,1,12,3,-1,-1,-1,4,1,4
2016440178051,1,9,0,9,0,8,0,0,0,0,1,1,6,3,-1,-1,1685,2,3,-1,-1,-1
2016440178057,1,9,0,4,0,8,1,0,5,6,1,1,6,2,35,6,1598,1,9,1,1,1
2016440178057,2,19,0,4,0,8,1,0,0,0,2,1,6,2,42,7,-1,-1,-1,2,1,2
2016440178057,3,19,0,4,0,8,1,0,0,0,1,1,1,1,26,6,2287,2,8,3,1,3
2016440178057,4,9,0,4,0,8,1,0,0,0,1,1,6,2,54,8,1398,2,7,10,1,10
2016440178137,1,9,0,13,0,0,0,0,0,0,4,1,6,1,55,8,5967,1,9,-1,-1,-1
2016440178137,2,1,0,18,0,0,1,0,0,0,3,1,6,1,57,9,-1,-1,-1,10,1,10
2016440178227,1,9,0,18,0,8,0,0,0,0,1,1,6,1,38,7,2204,2,11,4,1,4
2016440178227,2,9,0,18,0,8,0,0,0,0,4,1,6,2,49,8,1396,1,18,2,1,2
2016440178232,1,9,0,13,0,8,1,7,7,0,1,1,1,2,57,9,1991,2,4,10,3,10
2016440178232,2,9,0,9,0,8,1,0,7,0,3,1,1,2,49,8,1598,1,12,9,1,9
2016440178264,1,9,0,13,0,0,0,0,0,0,1,1,6,3,-1,-1,-1,-1,-1,-1,-1,-1
2016440178264,2,1,0,18,0,0,0,0,0,0,2,1,6,1,46,8,-1,-1,-1,5,1,5
2016440178437,1,2,0,16,0,8,0,0,0,0,0,1,4,1,16,4,49,1,4,9,1,9
2016440178549,1,9,0,18,0,0,0,0,0,0,3,1,2,2,50,8,998,1,12,8,3,8
2016440178549,2,9,0,18,0,0,0,0,0,0,1,1,2,3,-1,-1,1560,2,7,-1,-1,-1
2016440178598,1,19,0,6,0,0,0,0,0,0,3,1,1,1,46,8,-1,-1,-1,8,3,8
2016440178598,2,1,0,18,0,0,0,0,0,0,1,1,6,1,34,6,-1,-1,-1,10,1,10
2016440178617,1,9,0,18,0,0,0,0,1,3,1,1,6,2,67,10,1598,2,6,8,2,8
2016440178650,1,9,0,18,0,8,0,0,0,0,4,1,6,2,80,11,1497,8,4,10,1,10
2016440178650,2,3,0,18,0,8,0,0,0,0,1,1,6,1,17,4,124,1,2,4,1,4
2016440178697,1,9,0,18,0,0,0,0,0,0,1,1,6,2,34,6,-1,-1,-1,2,1,2
2016440178777,1,9,0,9,0,8,0,0,0,0,1,1,2,1,44,7,1242,1,7,4,1,4
2016440178777,2,1,0,18,0,8,0,0,0,0,3,1,6,2,19,4,-1,-1,-1,4,1,4
2016440178900,1,9,0,18,0,0,0,0,0,0,1,1,1,1,36,7,1896,2,7,2,1,2
2016440178900,2,1,0,18,0,0,1,7,7,0,3,1,6,1,35,6,-1,-1,-1,3,1,3
2016440179041,1,9,0,18,0,0,0,0,0,0,1,1,6,1,34,6,1968,2,6,5,3,5
2016440179041,2,9,0,18,0,0,2,0,1,9,1,1,6,1,27,6,2792,1,13,10,1,10
2016440179042,1,9,0,18,0,0,0,0,1,9,4,1,6,1,18,4,1198,1,7,8,1,8
2016440179100,1,9,0,18,0,8,0,0,0,0,2,1,2,1,58,9,1689,2,13,3,1,3
2016440179100,2,1,0,18,0,8,0,0,0,0,3,1,6,1,51,8,-1,-1,-1,8,3,8
2016440179126,1,5,0,18,0,8,0,0,0,0,1,1,6,1,42,7,865,1,1,9,1,9
2016440179126,2,9,0,9,0,8,0,0,0,0,3,1,6,1,68,10,-1,-1,-1,9,3,9
2016440179147,1,3,0,18,0,1,0,0,0,0,1,1,6,2,21,5,125,1,2,6,1,6
2016440179147,2,19,0,5,0,1,0,0,0,0,3,1,1,3,20,4,1997,2,12,-1,-1,-1
2016440179160,1,3,0,13,0,0,0,0,0,0,4,1,2,1,54,8,124,1,14,3,1,3
2016440179160,2,9,0,18,0,0,0,0,0,0,3,1,3,2,47,8,2401,2,12,6,1,6
2016440179160,3,9,0,18,0,0,0,0,0,0,3,1,2,2,27,6,1587,1,10,8,1,8
2016440179357,1,9,0,5,0,8,0,0,0,0,1,1,6,2,-1,-1,-1,-1,-1,5,1,5
2016440179357,2,1,0,9,0,8,0,0,0,0,1,1,6,1,63,9,-1,-1,-1,7,1,7
2016440179743,1,9,0,18,0,1,0,0,0,0,1,1,6,1,17,4,1560,2,5,2,1,2
2016440179743,2,9,0,9,0,4,0,0,0,0,2,1,6,1,81,11,1590,1,13,9,1,9
2016440179946,1,3,0,18,0,8,0,10,1,0,3,1,6,1,27,6,124,1,3,5,1,5
2016440179946,2,9,0,18,0,8,0,0,0,0,1,1,6,1,27,6,1598,1,3,5,1,5
2016440180031,1,9,0,3,0,1,0,0,0,0,2,1,2,1,43,7,1598,2,4,9,1,9
2016440180031,2,9,0,18,0,1,0,0,0,0,1,1,2,1,37,7,1461,2,9,-1,-1,-1
2016440180202,1,19,0,18,0,8,0,0,0,0,1,1,6,1,39,7,1560,2,1,4,2,4
2016440180202,2,9,0,9,0,8,0,0,0,0,3,1,6,2,72,10,998,1,2,8,1,8
2016440180424,1,9,0,18,0,5,0,0,0,0,3,1,6,3,-1,-1,-1,-1,-1,-1,-1,-1
2016440180424,2,1,0,13,0,1,0,0,0,0,1,1,6,1,16,4,-1,-1,-1,4,1,4
2016440180438,1,9,0,7,0,8,0,0,0,0,0,1,6,1,31,6,1591,1,-1,9,1,9
2016440180438,2,5,0,18,0,8,0,0,0,0,0,1,6,1,54,8,953,1,8,10,1,10
2016440180438,3,9,0,7,0,8,0,0,0,0,0,1,6,1,48,8,1997,2,16,9,1,9
2016440180986,1,5,0,18,0,0,1,0,0,0,0,1,6,1,37,7,998,1,11,10,1,10
2016440181074,1,3,0,18,0,0,0,0,0,0,1,1,6,1,57,9,125,1,4,7,3,7
2016440181179,1,5,0,18,0,0,0,0,0,0,0,1,6,1,54,8,1200,1,19,5,1,5
2016440181212,1,9,0,18,0,8,0,0,1,10,1,1,6,2,79,11,1339,1,8,5,1,5
2016440181253,1,9,0,5,5,8,0,0,0,0,1,1,6,2,26,6,1198,1,13,9,1,9
2016440181253,2,1,0,18,5,8,0,0,0,0,1,1,6,1,15,3,-1,-1,-1,9,3,9
2016440181327,1,9,0,18,0,1,0,0,0,0,1,1,6,3,-1,-1,-1,-1,-1,-1,-1,-1
2016440181332,1,5,0,18,0,8,0,0,0,0,4,1,2,1,28,6,675,1,4,9,1,9
2016440181332,2,9,0,18,0,8,0,0,0,0,3,1,2,1,23,5,1995,2,8,9,3,9
2016440181454,1,9,0,7,0,8,0,0,0,0,3,1,2,1,33,6,1968,2,5,8,1,8
2016440181454,2,9,0,9,0,8,0,0,0,0,1,1,2,3,-1,-1,2987,2,9,-1,-1,-1
2016440181577,1,9,0,18,0,0,0,0,1,4,1,1,6,1,39,7,1242,1,13,7,1,7
2016440181714,1,5,0,18,0,1,1,0,3,10,1,1,6,1,34,6,599,1,9,6,1,6
2016440181877,1,5,0,17,0,0,0,0,0,0,1,1,6,1,50,8,599,1,9,4,1,4
2016440181932,1,9,0,9,0,8,0,0,0,0,4,1,6,1,52,8,1798,1,14,6,1,6