Accident_Index,Vehicle_Reference,Vehicle_Type,Towing_and_Articulation,Vehicle_Manoeuvre,Vehicle_Location-Restricted_Lane,Junction_Location,Skidding_and_Overturning,Hit_Object_in_Carriageway,Vehicle_Leaving_Carriageway,Hit_Object_off_Carriageway,1st_Point_of_Impact,Was_Vehicle_Left_Hand_Drive?,Journey_Purpose_of_Driver,Sex_of_Driver,Age_of_Driver,Age_Band_of_Driver,Engine_Capacity_(CC),Propulsion_Code,Age_of_Vehicle,Driver_IMD_Decile,Driver_Home_Area_Type,Vehicle_IMD_Decile
2016440197621,2,9,0,4,0,8,0,0,0,0,0,1,2,2,45,7,1349,1,2,7,2,7
2016440197621,3,9,0,18,0,8,0,0,0,0,0,1,3,1,34,6,1248,2,6,10,2,10
2016440197663,1,1,0,14,0,0,0,0,0,0,1,1,6,1,78,11,-1,-1,-1,5,1,5
2016440197663,2,9,0,18,0,0,0,0,0,0,3,1,6,2,25,5,1598,1,4,7,1,7
2016440197664,1,9,0,1,0,8,0,0,0,0,4,1,3,2,34,6,1595,1,3,10,1,10
2016440197664,2,9,0,18,0,1,0,0,0,0,1,1,6,2,41,7,1560,2,9,10,1,10
2016440197707,1,9,0,10,0,1,0,0,0,0,2,1,1,2,37,7,1388,1,3,5,3,5
2016440197707,2,9,0,4,0,1,0,0,0,0,1,1,1,2,66,10,1349,1,7,5,3,5
2016440197728,1,9,0,14,0,1,0,4,0,0,4,1,1,1,36,7,1595,1,11,1,1,1
2016440197728,2,90,0,2,0,1,0,0,0,0,2,1,1,1,43,7,2987,2,1,7,1,7
2016440197864,1,9,0,16,0,2,0,0,0,0,1,1,3,2,33,6,1587,1,15,4,1,4
2016440197864,2,1,0,18,0,1,0,0,0,0,3,1,4,1,11,3,-1,-1,-1,6,1,6
2016440198243,1,9,0,5,0,0,0,0,0,0,4,1,6,1,69,10,1597,1,1,6,2,6
2016440198289,1,9,0,18,0,1,0,0,0,0,2,1,6,2,67,10,1197,1,5,4,1,4
2016440198289,2,1,0,18,0,1,0,0,0,0,1,1,2,2,24,5,-1,-1,-1,3,1,3
2016440198365,1,90,0,4,0,0,0,0,0,0,2,1,6,2,48,8,2980,2,18,9,1,9
2016440198365,2,9,0,4,0,0,0,0,0,0,1,1,6,2,75,10,1349,1,3,7,1,7
2016440198365,3,9,0,4,0,0,0,0,0,0,1,1,6,2,31,6,1240,1,9,8,1,8
2016440198476,1,9,0,18,0,8,0,0,0,0,1,1,6,1,51,8,2143,2,-1,6,1,6
2016440198476,2,9,0,18,0,8,0,0,0,0,3,1,6,1,56,9,4196,1,28,10,2,10
2016440198537,1,9,0,7,0,8,0,0,0,0,4,1,6,2,32,6,-1,-1,-1,4,1,4
2016440198537,2,1,0,18,0,8,0,0,0,0,1,1,2,1,36,7,-1,-1,-1,8,1,8
2016440198713,1,5,0,17,0,8,0,10,0,0,4,1,6,1,22,5,998,1,10,4,1,4
2016440198713,2,9,0,18,0,8,0,0,0,0,0,1,6,3,-1,-1,-1,-1,-1,-1,-1,-1
2016440198794,1,9,0,1,0,8,0,0,0,0,2,1,6,1,58,9,1497,8,2,4,1,4
2016440198794,2,9,0,18,0,8,0,0,0,0,1,1,6,1,86,11,1560,2,8,2,1,2
2016440198815,1,19,4,18,0,0,0,0,0,0,1,1,1,1,-1,-1,2460,2,8,-1,-1,-1
2016440198815,2,9,0,18,0,0,0,0,7,0,1,1,6,1,27,6,-1,-1,-1,4,1,4
2016440199192,1,19,0,17,0,0,0,0,0,0,1,1,6,1,37,7,-1,-1,-1,3,1,3
2016440199192,2,9,0,2,0,0,0,0,0,0,2,1,6,2,-1,-1,1596,1,5,-1,-1,-1
2016440199287,1,1,0,17,0,8,0,0,0,0,4,1,6,1,34,6,-1,-1,-1,10,1,10
2016440199287,2,19,0,5,0,8,0,0,0,0,1,1,1,3,-1,-1,2148,2,6,-1,-1,-1
2016440199305,1,9,0,11,0,0,0,0,0,0,1,1,6,1,38,7,1242,1,8,9,1,9
2016440199305,2,21,0,18,0,0,0,0,0,0,2,1,1,1,28,6,10677,2,2,1,1,1
2016440199458,1,9,0,16,0,0,0,0,0,0,1,1,1,2,65,9,1108,1,12,6,2,6
2016440199458,2,9,0,17,0,0,0,0,0,0,1,1,6,1,-1,-1,1461,2,-1,-1,-1,-1
2016440199460,1,9,0,18,0,0,1,0,0,0,2,1,6,1,23,5,-1,-1,-1,2,1,2
2016440199460,2,9,0,18,0,0,1,0,0,0,1,1,6,2,27,6,1995,1,7,8,1,8
2016440199460,3,9,0,18,0,0,1,0,0,0,1,1,6,2,24,5,1998,2,3,9,2,9
2016440199501,1,9,0,18,0,0,0,0,0,0,3,1,6,2,49,8,1896,2,6,7,3,7
2016440199501,2,9,0,18,0,0,0,0,0,0,3,1,6,2,27,6,1197,1,-1,6,3,6
2016440199520,1,9,0,18,0,0,2,0,5,6,1,1,6,1,18,4,1229,1,3,6,1,6
2016440199784,1,1,0,18,0,0,0,0,0,0,1,1,6,2,8,2,-1,-1,-1,8,1,8
2016440199784,2,9,0,18,0,0,0,0,0,0,3,1,6,2,35,6,1870,2,14,8,1,8
2016440199784,3,9,0,2,0,0,0,0,0,0,4,1,6,1,47,8,1956,2,4,-1,-1,-1
2016440199801,1,9,0,18,0,0,1,0,0,0,1,1,6,1,83,11,1956,2,1,6,3,6
2016440199801,2,9,0,3,0,0,0,0,0,0,2,1,6,1,44,7,1896,2,9,10,1,10
2016440199801,3,9,0,3,0,0,0,0,0,0,2,1,6,2,58,9,1798,1,1,9,2,9
2016440199815,1,9,0,4,0,1,0,0,0,0,2,1,6,2,19,4,1086,1,13,10,1,10
2016440199815,2,9,0,18,0,1,0,0,0,0,1,1,6,1,54,8,1598,1,10,8,3,8
2016440199815,3,9,0,4,0,1,0,0,0,0,2,1,6,3,-1,-1,-1,-1,-1,-1,-1,-1
2016440199847,1,9,0,18,0,1,0,0,0,0,1,1,6,2,19,4,973,1,15,6,1,6
2016440199847,2,9,0,4,0,1,0,0,0,0,2,1,6,2,18,4,1582,2,1,10,1,10
2016440199994,1,9,0,7,0,8,0,0,0,0,4,1,6,2,42,7,1781,1,13,10,1,10
2016440199994,2,1,0,18,0,8,0,0,0,0,1,1,6,1,16,4,-1,-1,-1,10,1,10
2016440200056,1,9,0,18,0,1,0,0,0,0,1,1,6,3,-1,-1,-1,-1,-1,-1,-1,-1
2016440200504,1,9,0,18,0,0,0,0,0,0,1,1,6,2,23,5,1598,1,3,9,1,9
2016440200504,2,9,0,4,0,0,0,0,0,0,2,1,6,2,65,9,1248,2,4,3,1,3
2016440200840,1,9,0,18,0,8,0,0,0,0,1,1,6,2,41,7,1329,1,2,-1,-1,-1
2016440200840,2,1,0,9,0,8,0,0,0,0,4,1,6,2,42,7,-1,-1,-1,10,1,10
2016440201019,1,9,0,18,0,0,0,0,0,0,4,1,6,2,23,5,1398,1,4,-1,-1,-1
2016440201152,1,9,0,18,0,0,2,0,0,0,4,1,6,1,38,7,1910,2,8,8,3,8
2016440201176,1,9,0,9,0,8,0,0,0,0,4,1,6,2,59,9,1390,1,20,1,1,1
2016440201176,2,9,0,18,0,1,0,0,0,0,1,1,6,1,30,6,-1,-1,-1,6,1,6
2016440201411,1,9,0,16,0,0,0,0,0,0,3,1,6,1,18,4,-1,-1,-1,4,3,4
2016440201411,2,9,0,17,0,0,0,0,0,0,3,1,6,1,58,9,-1,-1,-1,4,1,4
2016440201569,1,19,0,1,0,1,0,0,0,0,2,1,1,1,36,7,1598,2,2,10,2,10
2016440201592,1,9,0,7,0,0,0,0,0,0,4,1,6,1,71,10,1598,2,-1,-1,-1,-1
2016440201592,2,9,0,18,0,0,0,0,0,0,1,1,6,2,46,8,1248,1,6,10,2,10
2016440201709,1,9,0,18,0,0,0,0,0,0,0,1,6,1,30,6,1995,1,14,6,3,6
2016440201709,2,19,0,18,0,0,0,0,0,0,0,1,6,3,-1,-1,2461,2,8,-1,-1,-1
2016440201938,1,9,0,18,0,0,0,0,0,0,1,1,6,2,73,10,1586,1,13,9,1,9
2016440201938,2,9,0,2,0,0,0,0,0,0,2,1,2,1,35,6,2993,2,6,9,3,9
2016440202034,1,9,0,17,0,1,1,10,1,0,1,1,2,1,22,5,1686,2,12,8,1,8
2016440202034,2,9,0,16,0,2,0,0,0,0,1,1,2,1,28,6,1598,1,9,3,1,3
2016440202034,3,9,0,16,0,2,0,0,0,0,1,1,2,1,34,6,1595,1,8,6,3,6
2016440202173,1,9,0,2,0,0,0,0,0,0,1,1,6,1,-1,-1,1796,1,13,-1,-1,-1
2016440202173,2,1,0,18,0,0,0,0,0,0,1,1,6,1,12,3,-1,-1,-1,8,1,8
2016440202740,1,19,0,17,0,2,0,0,1,4,1,1,6,1,63,9,2488,2,10,9,3,9
2016440202743,1,9,0,4,0,0,0,0,4,0,0,1,6,2,42,7,1461,2,1,6,1,6
2016440202743,2,21,0,18,0,0,0,0,0,0,2,1,1,1,36,7,-1,-1,-1,10,1,10
2016440202814,1,9,0,18,0,0,0,0,0,0,1,1,6,1,43,7,1600,1,16,10,1,10
2016440202814,2,16,0,18,0,0,0,0,0,0,3,1,6,2,15,3,-1,-1,-1,10,1,10
2016440202834,1,9,0,18,0,0,0,0,0,0,1,1,6,2,69,10,1596,1,2,10,2,10
2016440202862,1,9,0,9,0,5,0,0,0,0,1,1,6,1,49,8,1968,2,1,5,1,5
2016440202864,1,9,0,4,0,0,0,0,0,0,2,1,1,1,38,7,1496,2,1,5,1,5
2016440202864,2,9,0,4,0,0,0,0,0,0,1,1,6,1,63,9,1898,2,12,3,1,3
2016440202910,1,19,0,18,0,1,0,0,0,0,1,1,1,1,24,5,1997,2,1,8,2,8
2016440202910,2,9,0,18,0,1,0,0,0,0,1,1,6,1,62,9,1896,2,6,4,2,4
2016440202910,3,9,0,18,0,1,0,0,0,0,1,1,6,1,62,9,1591,1,3,4,2,4
2016440202911,1,3,0,16,0,1,1,10,0,0,1,1,2,1,20,4,125,1,5,3,1,3
2016440202927,1,9,0,17,0,8,0,0,0,0,3,1,6,2,50,8,1998,1,14,7,3,7
2016440202927,2,9,0,18,0,8,0,0,0,0,4,1,6,2,35,6,1995,2,-1,8,1,8
2016440203140,1,9,0,18,0,1,0,0,0,0,1,1,3,1,48,8,1798,1,13,10,1,10
2016440203143,1,9,0,16,0,0,0,0,0,0,1,1,6,1,-1,-1,1242,1,18,9,2,9
2016440203143,2,9,0,17,0,0,0,0,0,0,1,1,6,2,45,7,1948,1,14,6,1,6
2016440203152,1,9,0,14,0,1,0,0,0,0,0,1,6,1,45,7,1248,2,7,5,1,5
2016440203152,2,9,0,3,0,1,0,0,0,0,0,1,6,3,-1,-1,-1,-1,-1,-1,-1,-1
2016440203180,1,9,0,9,0,8,0,0,7,11,1,1,6,1,61,9,1348,1,14,10,1,10
2016440203180,2,19,0,18,0,8,0,0,0,0,4,1,6,1,42,7,1560,2,6,7,1,7
2016440203402,1,9,0,18,0,0,0,0,0,0,1,1,6,2,68,10,1396,1,16,9,1,9
2016440203448,1,9,0,16,0,0,0,0,0,0,3,1,1,1,41,7,1399,2,9,10,1,10
2016440203448,2,1,0,18,0,0,0,0,0,0,4,1,6,1,15,3,-1,-1,-1,8,1,8
2016440203507,1,90,0,18,0,0,0,0,4,4,1,1,1,1,43,7,2998,2,2,8,1,8
2016440203574,1,9,0,18,0,0,0,0,1,10,1,1,6,1,52,8,1968,2,3,9,2,9
2016440203825,1,9,0,12,0,0,0,0,0,0,3,1,6,1,18,4,1124,1,14,7,1,7
2016440203825,2,1,0,18,0,0,0,0,0,0,1,1,6,1,48,8,-1,-1,-1,2,1,2
2016440203878,1,9,0,18,0,0,1,0,1,7,3,1,6,2,27,6,1598,1,13,9,1,9
2016440203951,1,1,0,18,9,0,0,0,0,0,1,1,6,1,28,6,-1,-1,-1,9,1,9
2016440203984,1,11,0,2,0,2,0,0,0,0,3,1,1,3,-1,-1,7300,2,7,-1,-1,-1
2016440203984,2,11,0,7,0,2,0,0,0,0,4,1,1,3,-1,-1,4461,2,2,-1,-1,-1
2016440204041,1,9,0,18,0,8,0,0,0,0,4,1,6,1,50,8,1984,1,-1,4,1,4
2016440204041,2,9,0,18,0,8,0,0,0,0,3,1,6,1,45,7,1360,1,15,3,1,3
2016440204044,1,1,0,18,0,8,0,0,0,0,4,1,6,1,21,5,-1,-1,-1,4,1,4
2016440204044,2,9,0,5,0,8,0,0,0,0,1,1,6,3,-1,-1,1956,2,3,-1,-1,-1
2016440204124,1,9,0,2,0,0,0,0,0,0,3,1,6,2,50,8,1124,1,14,4,1,4
2016440204124,2,1,0,18,0,0,0,0,0,0,1,1,6,1,39,7,-1,-1,-1,6,1,6
2016440204188,1,3,0,7,0,8,0,0,7,1,1,1,6,1,20,4,124,1,-1,-1,-1,-1
2016440204424,1,11,0,18,0,0,0,5,0,0,4,1,1,1,37,7,8268,2,12,3,1,3
2016440204428,1,19,0,4,0,8,0,0,0,0,2,1,1,1,33,6,-1,-1,-1,5,1,5
2016440204428,2,9,0,4,0,1,0,0,0,0,1,1,6,2,38,7,1560,2,12,9,1,9
2016440204523,1,9,0,3,0,1,0,0,0,0,2,1,6,3,-1,-1,1598,1,8,-1,-1,-1
2016440204523,2,19,0,18,0,1,0,0,0,0,1,1,6,3,-1,-1,2143,2,4,-1,-1,-1
2016440204601,1,9,0,18,0,0,0,0,0,0,1,1,6,1,75,10,1587,1,16,3,1,3
2016440204601,2,9,0,18,0,0,0,0,0,0,1,1,6,2,30,6,-1,-1,-1,9,1,9
2016440204601,3,9,0,18,0,0,0,0,0,0,3,1,6,1,40,7,2953,1,4,8,3,8
2016440204612,1,9,0,18,0,8,0,0,0,0,4,1,6,1,47,8,1596,1,7,8,1,8
2016440204612,2,9,0,5,0,8,0,0,0,0,1,1,6,1,83,11,2204,2,12,10,2,10
2016440205247,1,9,0,12,0,8,0,0,0,0,2,1,6,1,35,6,2231,2,7,6,1,6
2016440205247,2,9,0,18,0,8,0,0,0,0,1,1,6,1,-1,-1,1598,1,9,-1,-1,-1
2016440205363,1,9,0,18,0,0,0,0,0,0,4,1,6,3,-1,-1,-1,-1,-1,-1,-1,-1
2016440205435,1,19,0,7,0,8,0,0,0,0,1,1,2,1,45,7,2198,2,7,4,2,4
2016440205435,2,9,0,18,0,8,0,0,0,0,4,1,6,2,38,7,1997,2,13,7,3,7
2016440205517,1,9,0,16,0,0,0,0,7,4,1,1,6,1,82,11,1996,1,22,7,3,7
2016440205633,1,9,0,3,0,1,0,0,0,0,2,1,2,2,31,6,2184,2,12,10,1,10
2016440205633,2,9,0,5,0,1,0,0,0,0,1,1,2,2,68,10,1390,1,5,10,1,10
2016440205682,1,9,0,18,0,0,0,4,0,0,1,1,6,2,62,9,1199,2,5,10,1,10
2016440205682,2,9,0,2,0,0,0,0,0,0,2,1,6,2,39,7,1599,1,13,10,1,10
2016440205778,1,9,0,9,0,8,0,0,0,0,3,1,6,1,57,9,2000,1,7,8,3,8
2016440205778,2,4,0,14,0,8,0,0,0,0,1,1,6,1,17,4,124,1,2,6,1,6
2016440206233,1,5,0,18,0,0,0,12,0,0,1,1,2,1,48,8,998,1,12,8,1,8
2016440206637,1,90,0,18,0,0,0,0,0,0,1,1,1,1,70,10,2464,2,9,7,1,7
2016440206637,2,9,0,2,0,0,0,0,0,0,2,1,6,2,67,10,1796,2,4,-1,1,-1
2016440206637,3,9,0,2,0,0,0,0,0,0,2,1,6,2,43,7,1598,2,2,7,3,7
2016440206659,1,9,0,18,0,0,0,0,7,0,3,1,6,1,53,8,2494,2,3,4,3,4
2016440206659,2,9,0,18,0,0,0,0,1,0,3,1,6,2,48,8,1149,1,8,7,1,7
2016440206664,1,9,0,18,0,0,0,0,0,0,1,1,6,1,32,6,1998,2,9,6,3,6
2016440206664,2,9,0,18,0,0,0,0,0,0,1,1,6,2,41,7,1995,2,3,10,1,10
2016440206709,1,9,0,18,0,0,0,0,0,0,1,1,1,1,62,9,1896,2,8,3,1,3
2016440206994,1,9,0,5,0,1,0,0,0,0,2,1,2,1,28,6,998,1,-1,7,1,7
2016440206994,2,9,0,5,0,1,0,0,0,0,1,1,6,3,-1,-1,-1,-1,-1,-1,-1,-1
2016440207077,1,9,0,5,0,8,0,0,0,0,3,1,2,1,38,7,1956,2,5,8,1,8
2016440207077,2,9,0,18,0,8,0,0,0,0,1,1,6,1,-1,-1,2720,2,10,5,1,5
2016440207174,1,9,0,7,0,8,0,0,0,0,4,1,6,2,29,6,1596,1,10,10,1,10
2016440207174,2,1,0,18,0,8,0,0,0,0,1,1,6,1,11,3,-1,-1,-1,4,1,4
2016440207262,1,9,0,7,0,8,0,0,0,0,1,1,6,2,21,5,1124,1,12,-1,-1,-1
2016440207262,2,1,0,18,0,8,0,0,0,0,4,1,1,1,21,5,-1,-1,-1,9,1,9
2016440207310,1,1,0,18,9,1,0,0,0,7,1,1,6,1,41,7,-1,-1,-1,3,1,3
2016440207676,1,9,0,18,0,0,5,0,0,6,0,1,2,1,21,5,1229,1,9,7,3,7
2016440207866,1,1,0,18,0,8,0,0,0,0,4,1,6,1,16,4,-1,-1,-1,-1,-1,-1
2016440207888,1,1,0,18,0,0,0,4,0,0,1,1,6,1,53,8,-1,-1,-1,10,1,10
2016440207888,2,9,0,2,0,0,0,0,0,0,2,1,6,2,30,6,1753,2,10,5,1,5
2016440208010,1,9,0,9,0,8,0,0,0,0,1,1,6,1,65,9,2354,1,10,8,1,8
2016440208010,2,97,0,18,0,8,0,0,0,0,4,1,6,1,30,6,-1,-1,-1,4,1,4
2016440208039,1,9,0,4,0,1,0,0,0,0,2,1,6,1,43,7,2496,1,10,10,1,10
2016440208039,2,9,0,4,0,1,0,0,0,0,1,1,2,2,21,5,1086,1,6,3,1,3
2016440208054,1,9,0,18,0,0,1,0,2,7,1,1,2,2,32,6,1198,1,12,2,1,2
2016440208135,1,11,0,18,0,1,0,0,0,0,1,1,1,1,-1,-1,6700,2,8,-1,-1,-1
2016440208135,2,9,0,2,0,2,0,0,0,0,1,1,6,1,-1,-1,1685,2,4,-1,-1,-1
2016440208147,1,9,0,17,0,8,0,0,0,0,3,1,6,3,-1,-1,1896,2,12,-1,-1,-1
2016440208147,2,9,0,17,0,8,0,0,0,0,4,1,6,3,-1,-1,1560,2,3,-1,-1,-1
2016440208166,1,17,4,17,0,8,5,0,0,0,4,1,6,1,22,5,-1,-1,-1,9,1,9
2016440208186,1,9,0,9,0,8,0,0,0,0,1,1,6,3,-1,-1,1598,1,13,-1,-1,-1
2016440208186,2,1,0,18,0,8,0,0,0,0,1,1,6,1,49,8,-1,-1,-1,5,1,5
2016440208201,1,9,0,18,0,0,1,0,0,0,3,1,6,2,79,11,1598,2,4,7,3,7
2016440208201,2,19,0,18,0,0,1,0,1,0,3,1,6,1,50,8,1998,2,11,9,3,9
2016440208254,1,9,0,4,0,0,0,0,0,0,2,1,6,2,45,7,1242,1,4,5,1,5
2016440208254,2,3,0,18,0,0,0,0,0,0,1,1,4,1,21,5,124,1,3,7,1,7
2016440208391,1,9,0,3,0,1,0,0,0,0,2,1,6,1,30,6,2993,2,11,1,1,1
2016440208391,2,9,0,5,0,1,0,0,0,0,1,1,6,3,-1,-1,1396,2,2,-1,-1,-1
2016440208859,1,9,0,18,0,0,0,0,0,0,1,1,1,1,61,9,1798,8,2,10,2,10
2016440208888,1,9,0,17,0,0,0,0,1,4,1,1,6,1,26,6,1896,2,15,8,1,8
2016440209059,1,9,0,18,0,2,0,0,7,0,1,1,6,2,70,10,1596,1,1,10,1,10
2016440209059,2,9,0,2,0,2,0,0,0,0,2,1,1,3,-1,-1,998,1,8,-1,-1,-1
2016440209079,1,9,0,9,0,8,0,0,0,0,3,1,6,2,57,9,1999,1,2,9,1,9
2016440209079,2,1,0,14,0,8,0,0,0,0,1,1,6,1,19,4,-1,-1,-1,5,1,5
2016440209119,1,5,0,18,0,1,0,0,0,0,1,1,6,1,31,6,998,1,11,10,3,10
2016440209134,1,5,0,18,0,8,0,0,0,0,1,1,6,1,33,6,1000,1,6,8,1,8
2016440209134,2,5,0,4,0,8,0,0,0,0,2,1,6,3,-1,-1,1199,1,1,-1,-1,-1
2016440209134,3,9,0,4,0,8,0,0,0,0,2,1,6,3,-1,-1,1598,2,5,-1,-1,-1
2016440209254,1,9,0,9,0,8,0,0,0,0,3,1,6,2,36,7,1364,1,11,4,1,4
2016440209254,2,1,0,18,0,8,0,0,0,0,2,1,6,2,33,6,-1,-1,-1,6,1,6
2016440209280,1,9,0,18,0,8,0,0,0,0,1,1,6,1,50,8,1753,2,8,5,1,5
2016440209280,2,9,0,4,0,8,0,0,0,0,2,1,6,2,43,7,1560,2,3,4,1,4
2016440209343,1,9,0,9,0,8,0,0,0,0,4,1,6,2,79,11,1360,1,10,7,1,7
2016440209343,2,1,0,18,0,8,0,0,0,0,1,1,6,1,46,8,-1,-1,-1,3,1,3
2016440209348,1,9,0,18,0,8,0,0,0,0,1,1,6,2,35,6,1242,1,3,7,1,7
2016440209348,2,9,0,4,0,8,0,0,0,0,2,1,6,1,39,7,2993,2,4,-1,-1,-1
2016440209455,1,3,0,16,0,1,1,0,0,0,0,1,6,1,58,9,2294,1,12,7,3,7
2016440209544,1,9,0,7,0,8,0,0,0,0,1,1,6,1,58,9,1995,2,3,9,1,9
2016440209544,2,1,0,18,0,8,0,0,0,0,4,1,6,1,54,8,-1,-1,-1,4,1,4
2016440209779,1,9,0,18,0,1,0,0,0,0,1,1,6,1,69,10,1997,2,11,8,1,8
2016440209779,2,1,0,3,0,1,0,0,0,0,2,1,6,2,70,10,-1,-1,-1,8,1,8
2016440209943,1,9,0,18,0,8,0,0,0,0,1,1,6,1,32,6,1198,1,14,2,1,2
2016440210089,1,9,0,18,0,8,0,0,0,0,1,1,1,2,66,10,1229,1,6,7,1,7
2016440210089,2,1,0,18,0,8,0,0,0,0,1,1,6,2,56,9,-1,-1,-1,1,1,1
2016440210109,1,9,0,9,0,8,0,0,0,0,1,1,6,2,79,11,1360,1,4,5,3,5
2016440210109,2,3,0,18,0,8,0,0,7,0,1,1,6,1,21,5,125,1,10,6,3,6
2016440210118,1,9,0,18,0,0,0,0,0,0,2,1,2,2,52,8,1956,2,2,9,1,9
2016440210118,2,19,0,18,0,0,0,0,0,0,1,1,2,3,-1,-1,1968,2,3,-1,-1,-1
2016440210173,1,9,0,9,0,6,0,0,0,0,4,1,6,2,83,11,1398,1,1,4,3,4
2016440210173,2,9,0,18,0,1,0,0,0,0,1,1,6,1,56,9,1997,2,16,5,3,5
2016440210307,1,9,0,3,0,0,0,0,0,0,2,1,6,1,60,9,3226,2,14,7,1,7
2016440210307,2,9,0,3,0,0,0,0,0,0,2,1,6,2,75,10,-1,-1,-1,-1,-1,-1
2016440210307,3,9,0,3,0,0,0,0,0,0,2,1,6,1,21,5,-1,-1,-1,4,1,4
2016440210307,4,9,0,18,0,0,0,0,0,0,1,1,6,1,17,4,1242,1,14,8,1,8
2016440210340,1,19,0,18,0,0,0,0,0,0,1,1,1,2,39,7,1461,2,-1,2,1,2
2016440210340,2,9,0,18,0,0,1,0,0,0,4,1,6,1,72,10,2494,8,-1,6,3,6
2016440210403,1,9,0,18,0,2,0,0,0,0,2,1,6,2,53,8,-1,-1,-1,4,1,4
2016440210403,2,9,0,18,0,1,0,0,0,0,1,1,1,2,34,6,2199,2,5,6,1,6
2016440210426,1,5,0,13,0,0,1,0,0,0,1,1,1,1,50,8,1584,1,9,5,1,5
2016440210426,2,9,0,18,0,0,0,0,0,0,2,1,6,1,51,8,2967,2,9,4,1,4
2016440210779,1,5,0,18,0,8,1,0,0,0,1,1,6,1,33,6,995,1,12,7,1,7
2016440210779,2,20,0,18,0,8,0,0,0,0,0,1,6,3,-1,-1,-1,-1,-1,-1,-1,-1
2016440210792,1,9,0,7,0,1,0,0,0,0,1,1,6,2,59,9,-1,-1,-1,5,1,5
2016440210792,2,1,0,5,0,1,0,0,0,0,2,1,6,1,50,8,-1,-1,-1,7,2,7
2016440210849,1,9,0,18,0,1,0,0,1,2,1,1,2,2,32,6,4197,1,10,9,2,9
2016440210891,1,9,0,18,0,8,0,0,1,11,2,1,6,2,53,8,1124,1,11,3,1,3
2016440210891,2,9,0,18,0,8,0,0,0,0,1,1,6,1,-1,-1,1910,2,11,-1,-1,-1
2016440211029,1,9,0,10,0,1,0,0,0,0,2,1,2,2,52,8,1388,1,7,-1,-1,-1
2016440211029,2,9,0,5,0,1,0,0,0,0,1,1,2,1,46,8,1995,2,4,10,2,10
2016440211087,1,9,0,18,0,1,0,0,0,0,4,1,6,1,21,5,3999,1,8,10,1,10
2016440211087,2,1,0,18,0,8,0,0,0,0,1,1,6,1,14,3,-1,-1,-1,6,1,6
2016440211138,1,2,0,18,0,0,0,0,0,0,3,1,6,1,17,4,49,1,10,2,1,2
2016440211138,2,9,0,18,0,0,0,0,0,0,1,1,6,1,20,4,1596,1,8,7,1,7
2016440211151,1,9,0,17,0,8,0,0,0,0,4,1,6,3,-1,-1,1196,1,21,-1,-1,-1
2016440211151,2,9,0,17,0,8,0,0,1,7,3,1,6,2,49,8,1598,2,2,6,1,6
2016440211678,1,5,0,18,0,2,0,0,0,0,1,1,6,1,53,8,1237,1,4,9,1,9
2016440211678,2,1,0,18,0,1,0,0,0,0,1,1,6,1,23,5,-1,-1,-1,4,1,4
2016440212056,1,9,0,7,0,8,0,0,0,0,3,1,6,2,27,6,1248,1,4,4,1,4
2016440212056,2,9,0,16,0,8,0,0,0,0,1,1,6,2,19,4,1329,1,-1,2,1,2
2016440212293,1,19,0,9,0,8,0,0,0,0,4,1,1,1,23,5,1996,2,5,6,1,6
2016440212351,1,9,0,18,0,0,0,0,0,0,1,1,2,1,46,8,1400,1,16,10,1,10
2016440212351,2,1,0,18,0,0,0,0,0,0,1,1,6,2,7,2,-1,-1,-1,4,1,4
2016440212488,1,9,0,16,0,0,2,0,0,0,1,1,2,1,39,7,3200,2,14,9,1,9
2016440212495,1,1,0,18,0,0,1,0,0,0,3,1,2,1,41,7,-1,-1,-1,6,2,6
2016440212495,2,9,4,13,0,0,0,0,0,0,4,1,2,1,53,8,2198,2,3,10,2,10
2016440212545,1,1,0,18,0,0,0,0,0,0,0,1,6,2,44,7,-1,-1,-1,6,3,6
2016440212567,1,9,0,18,0,2,0,0,0,0,1,1,6,1,22,5,998,1,3,4,1,4
2016440212567,2,9,0,18,0,1,0,0,0,0,1,1,6,3,-1,-1,1390,1,11,-1,-1,-1
2016440212567,3,9,0,18,0,1,0,0,0,0,1,1,6,3,-1,-1,2400,2,-1,-1,-1,-1
2016440212956,1,9,0,4,0,0,5,0,0,0,4,1,1,1,21,5,1299,1,12,7,2,7
2016440212956,2,9,0,2,0,0,0,0,0,0,3,1,6,1,-1,-1,1590,1,16,-1,-1,-1
2016440212960,1,9,0,5,0,8,0,0,0,0,1,1,6,1,27,6,1800,1,17,3,1,3
2016440212960,2,9,0,17,0,8,0,0,0,0,1,1,6,1,64,9,-1,-1,-1,7,1,7
2016440213045,1,5,0,18,0,0,0,0,0,0,1,1,1,1,40,7,649,1,6,-1,-1,-1
2016440213045,2,9,0,3,0,0,0,0,0,0,2,1,1,1,50,8,1998,2,11,8,1,8
2016440213067,1,9,0,9,0,8,0,0,0,0,3,1,6,2,47,8,1998,8,-1,8,3,8
2016440213067,2,9,0,18,0,8,0,0,0,0,1,1,6,2,28,6,1364,1,7,9,1,9
2016440213235,1,19,0,18,0,0,0,0,1,0,1,1,1,1,29,6,2143,2,3,3,1,3