Accident_Index,Vehicle_Reference,Vehicle_Type,Towing_and_Articulation,Vehicle_Manoeuvre,Vehicle_Location-Restricted_Lane,Junction_Location,Skidding_and_Overturning,Hit_Object_in_Carriageway,Vehicle_Leaving_Carriageway,Hit_Object_off_Carriageway,1st_Point_of_Impact,Was_Vehicle_Left_Hand_Drive?,Journey_Purpose_of_Driver,Sex_of_Driver,Age_of_Driver,Age_Band_of_Driver,Engine_Capacity_(CC),Propulsion_Code,Age_of_Vehicle,Driver_IMD_Decile,Driver_Home_Area_Type,Vehicle_IMD_Decile
2016440247190,2,19,0,2,0,2,0,0,0,0,1,1,6,1,-1,-1,1995,2,4,-1,-1,-1
2016440247190,3,9,0,2,0,2,0,0,0,0,1,1,6,3,-1,-1,-1,-1,-1,-1,-1,-1
2016440247314,1,9,0,9,0,8,0,0,0,0,4,1,6,2,53,8,1248,1,5,3,1,3
2016440247314,2,9,0,18,0,8,1,0,0,0,1,1,6,1,33,6,1560,2,6,10,1,10
2016440247314,3,19,0,4,0,1,0,0,0,0,2,1,6,1,57,9,1997,2,13,9,3,9
2016440247314,4,9,0,18,0,1,1,0,0,0,1,1,6,1,49,8,1461,2,1,6,1,6
2016440247452,1,9,0,16,0,0,1,0,7,10,0,1,6,1,29,6,-1,-1,-1,1,1,1
2016440247513,1,9,0,4,0,8,0,0,0,0,2,1,6,1,24,5,2495,2,24,9,3,9
2016440247513,2,5,0,18,0,1,1,0,0,0,1,1,6,1,33,6,955,1,1,6,1,6
2016440247513,3,5,0,18,0,1,1,0,0,0,1,1,6,1,46,8,-1,-1,-1,-1,-1,-1
2016440247513,4,5,0,18,0,1,1,0,0,0,1,1,6,1,21,5,-1,-1,-1,5,1,5
2016440247664,1,9,0,18,0,2,0,0,0,0,1,1,6,3,-1,-1,-1,-1,-1,-1,-1,-1
2016440247822,1,9,0,9,0,8,0,0,0,0,1,1,2,1,30,6,1229,1,7,4,1,4
2016440247822,2,1,0,18,0,8,0,0,0,0,1,1,6,1,26,6,-1,-1,-1,3,1,3
2016440247833,1,9,0,18,0,8,0,0,0,0,1,1,2,2,30,6,1399,1,8,9,1,9
2016440247833,2,1,0,18,0,8,0,0,0,0,1,1,4,1,13,3,-1,-1,-1,9,1,9
2016440247856,1,90,0,7,0,2,0,0,0,0,4,1,6,1,33,6,7146,2,3,2,1,2
2016440247870,1,9,0,9,0,8,0,0,0,0,1,1,2,2,32,6,1798,1,12,5,1,5
2016440247870,2,9,0,18,0,8,0,0,1,4,3,1,2,1,53,8,1781,1,16,5,1,5
2016440247910,1,9,0,18,0,8,0,0,0,0,1,1,6,1,26,6,2993,2,7,10,1,10
2016440247910,2,9,0,18,0,8,0,0,0,0,1,1,6,1,-1,-1,1997,1,15,-1,-1,-1
2016440248419,1,10,0,18,0,1,0,0,0,0,4,1,6,1,-1,-1,-1,-1,-1,-1,-1,-1
2016440248650,1,3,0,13,0,8,0,0,0,0,4,1,2,1,18,4,124,1,3,6,1,6
2016440248650,2,9,0,5,0,8,0,0,0,0,1,1,2,1,55,8,2143,2,2,10,1,10
2016440248681,1,19,0,18,0,2,0,0,0,0,4,1,6,3,-1,-1,-1,-1,-1,-1,-1,-1
2016440248814,1,9,0,17,0,0,0,0,0,0,1,1,6,3,-1,-1,-1,-1,-1,-1,-1,-1
2016440248867,1,9,0,9,0,8,0,0,0,0,1,1,6,1,39,7,1997,2,1,9,1,9
2016440248867,2,1,0,18,0,8,0,0,0,0,3,1,6,1,45,7,-1,-1,-1,7,1,7
2016440248952,1,9,0,9,0,6,0,0,0,0,3,1,6,2,19,4,1299,1,11,7,2,7
2016440248952,2,9,0,18,0,1,1,0,0,0,1,1,6,1,48,8,1598,1,11,7,1,7
2016440249051,1,9,0,16,0,1,0,0,0,0,1,1,6,1,39,7,1995,2,12,5,1,5
2016440249051,2,3,0,17,0,2,0,0,0,0,3,1,6,2,18,4,124,1,-1,3,1,3
2016440249331,1,11,0,17,0,0,0,0,0,0,4,1,1,3,-1,-1,6696,2,3,-1,-1,-1
2016440249469,1,9,0,9,0,8,0,0,0,0,1,1,6,2,28,6,1598,1,10,4,1,4
2016440249469,2,9,0,18,0,1,0,0,0,0,1,1,6,1,32,6,1397,1,8,10,1,10
2016440249868,1,19,0,5,0,0,0,0,0,0,3,1,6,1,86,11,970,1,29,4,1,4
2016440249868,2,3,0,18,0,0,0,0,0,0,1,1,2,1,21,5,125,1,3,3,1,3
2016440250009,1,19,0,18,0,0,1,0,0,0,1,1,6,1,46,8,2500,2,10,7,1,7
2016440250009,2,9,0,18,0,0,5,0,0,0,4,1,6,1,27,6,-1,-1,-1,7,3,7
2016440250016,1,9,0,18,0,1,0,0,0,0,1,1,6,3,-1,-1,-1,-1,-1,-1,-1,-1
2016440250047,1,19,0,18,0,1,0,0,0,0,1,1,6,1,51,8,1995,2,7,2,1,2
2016440250047,2,9,0,4,0,1,0,0,0,0,2,1,6,1,49,8,-1,-1,-1,5,1,5
2016440250098,1,9,0,9,0,8,0,0,0,0,4,1,6,2,23,5,1242,1,7,5,1,5
2016440250098,2,9,0,18,0,1,0,0,0,0,1,1,6,2,19,4,1398,1,-1,8,1,8
2016440250150,1,9,0,13,0,1,0,0,0,0,4,1,2,1,56,9,1598,2,5,5,1,5
2016440250150,2,1,0,18,0,1,0,0,0,0,3,1,2,1,27,6,-1,-1,-1,2,1,2
2016440250232,1,9,0,1,0,1,0,0,0,0,2,1,6,3,-1,-1,-1,-1,-1,-1,-1,-1
2016440250258,1,1,0,18,0,1,0,0,0,0,0,1,6,1,54,8,-1,-1,-1,4,1,4
2016440250290,1,9,0,9,0,6,0,0,0,0,3,1,2,2,24,5,1598,1,8,-1,-1,-1
2016440250290,2,9,0,18,0,1,0,7,0,0,1,1,2,2,24,5,1197,1,-1,-1,-1,-1
2016440250290,3,9,0,18,0,1,0,0,0,0,3,1,2,1,-1,-1,1686,2,12,8,1,8
2016440250405,1,19,0,18,0,8,0,0,0,0,1,1,6,1,51,8,2300,2,11,7,3,7
2016440250405,2,9,0,18,0,8,0,0,0,0,4,1,6,1,29,6,1598,1,4,7,1,7
2016440250587,1,9,0,18,0,0,1,0,7,1,1,1,2,1,36,7,1998,1,14,3,1,3
2016440250607,1,2,0,18,0,1,0,0,0,0,4,1,6,1,15,3,-1,-1,-1,2,1,2
2016440250731,1,9,0,18,0,0,0,0,7,2,1,1,6,1,20,4,1598,1,14,7,1,7
2016440250894,1,9,0,5,0,1,0,0,0,0,1,1,2,1,57,9,1390,1,6,9,1,9
2016440250894,2,2,0,3,0,1,0,0,0,0,2,1,2,2,21,5,49,1,3,10,1,10
2016440251010,1,21,0,9,0,8,0,0,0,0,3,1,1,3,-1,-1,-1,-1,-1,-1,-1,-1
2016440251010,2,9,0,9,0,8,0,0,0,0,4,1,2,1,50,8,2792,1,15,2,1,2
2016440251296,1,5,0,4,0,2,0,0,0,0,1,1,6,1,34,6,1200,1,39,10,1,10
2016440251296,2,9,0,4,0,2,0,0,0,0,2,1,1,1,51,8,1598,2,2,10,1,10
2016440251327,1,9,0,18,0,2,0,0,1,3,1,1,2,2,43,7,1794,1,16,2,1,2
2016440251391,1,1,0,18,0,2,0,0,0,0,1,1,6,2,51,8,-1,-1,-1,8,1,8
2016440251475,1,9,0,16,0,0,0,0,0,0,1,1,3,1,41,7,2967,1,11,3,1,3
2016440251550,1,9,0,18,0,1,0,0,0,0,3,1,6,1,24,5,1598,2,2,3,1,3
2016440251550,2,8,0,18,0,2,0,0,0,0,3,1,1,1,43,7,1796,1,13,1,1,1
2016440251550,3,9,0,2,0,2,0,0,0,0,2,1,6,1,52,8,1896,2,9,2,1,2
2016440251657,1,21,1,13,0,0,0,0,0,0,0,1,1,1,47,8,12900,2,5,4,1,4
2016440251657,2,1,0,18,0,0,0,10,0,0,0,1,6,1,27,6,-1,-1,-1,2,1,2
2016440251830,1,5,0,18,0,0,1,0,0,0,1,1,6,1,35,6,-1,-1,-1,6,1,6
2016440251986,1,1,0,18,0,2,0,0,0,0,4,1,6,1,21,5,-1,-1,-1,9,1,9
2016440251986,2,9,0,7,0,6,0,0,0,0,1,1,6,3,-1,-1,1598,1,16,-1,-1,-1
2016440252161,1,9,0,18,0,0,0,12,0,0,1,1,6,2,18,4,1390,1,11,8,2,8
2016440252663,1,9,0,9,0,8,0,0,0,0,1,1,6,2,52,8,1999,2,1,8,3,8
2016440252663,2,9,0,7,0,8,0,0,0,0,3,1,6,2,43,7,1388,1,5,10,1,10
2016440252965,1,9,0,18,0,8,0,0,0,0,1,1,6,2,20,4,1299,1,13,8,1,8
2016440252965,2,9,0,18,0,8,0,0,0,0,4,1,6,2,49,8,698,1,11,3,1,3
2016440252973,1,8,0,3,0,1,0,0,0,0,2,1,1,1,42,7,1598,2,3,5,1,5
2016440252973,2,9,0,18,0,1,0,0,0,0,1,1,6,1,-1,-1,1242,1,18,-1,-1,-1
2016440252974,1,20,0,18,0,0,0,0,0,0,0,1,1,3,-1,-1,-1,-1,-1,-1,-1,-1
2016440253008,1,19,0,18,0,2,0,0,1,10,4,1,1,1,45,7,3920,2,5,9,1,9
2016440253085,1,1,0,18,0,1,0,0,0,0,4,1,6,2,17,4,-1,-1,-1,6,1,6
2016440253085,2,9,0,5,0,6,0,0,0,0,1,1,6,1,82,11,2435,1,11,7,1,7
2016440253118,1,9,0,18,0,0,0,0,0,0,3,1,6,2,58,9,1598,1,9,10,3,10
2016440253121,1,9,0,18,0,0,0,0,0,0,1,1,6,2,71,10,1339,1,11,7,3,7
2016440253121,2,17,0,18,0,0,0,0,0,0,3,1,1,1,-1,-1,-1,2,12,-1,-1,-1
2016440253258,1,9,0,5,0,6,0,0,0,0,3,1,6,1,36,7,1388,1,7,2,1,2
2016440253258,2,9,0,18,0,1,1,0,0,0,1,1,6,1,24,5,1242,1,15,2,1,2
2016440253294,1,19,0,9,0,5,0,0,0,0,3,1,1,1,26,6,-1,-1,-1,4,1,4
2016440253294,2,2,0,13,0,1,0,0,0,0,1,1,6,1,17,4,49,1,5,1,1,1
2016440253413,1,9,0,18,0,1,0,0,0,0,1,1,6,1,26,6,1984,1,1,10,1,10
2016440253413,2,9,0,9,0,6,0,0,0,0,4,1,2,1,37,7,1598,1,10,10,1,10
2016440253525,1,9,0,18,0,8,0,0,0,0,1,1,6,3,-1,-1,-1,-1,-1,-1,-1,-1
2016440253525,2,1,0,18,0,8,0,0,0,0,4,1,6,1,28,6,-1,-1,-1,7,1,7
2016440253536,1,4,0,18,0,0,0,12,0,0,1,1,6,1,54,8,249,1,34,5,1,5
2016440253580,1,4,0,18,0,1,0,0,0,0,1,1,6,1,24,5,398,1,24,5,1,5
2016440253580,2,9,0,9,0,8,0,0,0,0,3,1,6,2,30,6,1984,1,15,2,1,2
2016440253688,1,5,0,13,0,8,0,0,0,0,4,1,2,1,60,9,1063,1,16,8,1,8
2016440253688,2,19,0,18,0,8,0,0,0,0,3,1,1,1,58,9,2151,2,13,10,1,10
2016440253830,1,9,0,5,0,4,0,0,0,0,1,1,6,2,-1,-1,1198,1,5,8,3,8
2016440253830,2,1,0,18,0,8,0,0,0,0,3,1,6,1,5,1,-1,-1,-1,8,3,8
2016440253832,1,9,0,18,0,4,0,0,0,0,1,1,1,1,22,5,-1,-1,-1,3,1,3
2016440253832,2,9,0,18,0,8,0,0,0,0,4,1,1,2,68,10,1360,1,11,10,2,10
2016440253965,1,9,0,2,0,1,0,0,0,0,2,1,6,1,45,7,1587,1,13,4,1,4
2016440253965,2,9,0,1,0,1,0,0,0,0,2,1,6,3,-1,-1,1895,1,17,-1,-1,-1
2016440253999,1,9,0,18,0,1,0,0,0,0,0,1,6,1,34,6,1598,1,5,-1,1,-1
2016440253999,2,9,0,18,0,1,2,0,1,0,0,1,6,1,51,8,3248,1,18,5,1,5
2016440254042,1,9,0,18,0,8,0,0,0,0,1,1,6,2,71,10,1997,2,5,3,1,3
2016440254042,2,9,0,9,0,4,0,0,0,0,3,1,6,3,-1,-1,1598,2,5,-1,-1,-1
2016440254042,3,9,0,9,0,4,0,0,0,0,3,1,6,1,66,10,1998,2,11,6,1,6
2016440254068,1,9,0,13,0,1,0,0,0,0,4,1,6,1,63,9,2987,2,7,3,1,3
2016440254068,2,1,0,18,0,1,0,0,0,0,3,1,6,1,21,5,-1,-1,-1,7,1,7
2016440254426,1,9,0,5,0,1,0,0,0,0,1,1,6,2,43,7,1910,2,9,9,3,9
2016440254426,2,9,0,3,0,1,0,0,0,0,2,1,6,2,56,9,1796,1,5,8,1,8
2016440254433,1,19,0,17,0,0,1,0,2,4,1,1,1,1,42,7,2496,2,21,-1,-1,-1
2016440254433,2,9,0,18,0,0,0,0,0,0,1,1,6,1,93,11,999,1,-1,8,1,8
2016440254464,1,1,0,18,0,1,0,0,0,0,1,1,6,1,19,4,-1,-1,-1,9,1,9
2016440254464,2,9,0,4,0,1,0,0,0,0,2,1,6,1,-1,-1,-1,-1,-1,-1,-1,-1
2016440254476,1,3,0,18,0,0,0,0,0,0,0,1,6,1,21,5,-1,-1,-1,1,1,1
2016440254476,2,9,0,13,0,0,0,0,0,0,0,1,6,3,-1,-1,-1,-1,-1,-1,-1,-1
2016440254623,1,9,0,4,0,1,0,0,0,0,1,1,6,2,55,8,1596,1,6,-1,-1,-1
2016440254623,2,9,0,18,0,1,0,0,0,0,4,1,6,2,37,7,1368,1,8,8,1,8
2016440254650,1,9,0,18,0,0,0,0,0,0,4,1,1,1,47,8,1364,1,7,1,1,1
2016440254659,1,9,0,13,0,0,1,0,0,0,1,1,2,1,24,5,2000,1,22,6,1,6
2016440254659,2,9,0,18,0,0,0,0,0,0,1,1,6,1,43,7,1997,2,8,10,1,10
2016440254659,3,9,0,18,0,0,0,0,0,0,1,1,6,1,37,7,1995,2,6,9,3,9
2016440254759,1,3,0,4,0,1,0,0,0,0,1,1,6,1,23,5,124,1,-1,1,1,1
2016440254759,2,3,0,4,0,1,0,0,0,0,2,1,6,1,21,5,124,1,1,3,1,3
2016440254934,1,3,0,16,0,0,0,10,1,9,1,1,2,1,18,4,125,1,8,9,3,9
2016440254993,1,9,0,18,0,1,0,0,0,0,1,1,6,1,26,6,1598,1,9,10,1,10
2016440255158,1,9,0,17,0,0,0,0,8,11,1,1,6,1,21,5,1240,1,11,7,1,7
2016440255242,1,9,0,18,0,1,0,0,0,0,1,1,6,2,27,6,973,1,13,6,1,6
2016440255242,2,3,0,18,0,1,0,0,0,0,2,1,1,1,44,7,123,1,9,5,1,5
2016440256070,1,9,0,1,9,8,0,0,0,0,2,1,6,1,-1,-1,-1,-1,-1,-1,-1,-1
2016440256070,2,1,0,18,9,8,0,0,0,0,1,1,6,1,14,3,-1,-1,-1,9,3,9
2016440256226,1,9,0,18,0,8,0,0,0,0,3,1,1,1,29,6,1560,2,2,4,1,4
2016440256226,2,1,0,18,0,8,0,0,0,0,1,1,6,1,30,6,-1,-1,-1,4,1,4
2016440256494,1,9,0,17,0,0,1,0,1,2,4,1,6,1,23,5,998,1,8,7,3,7
2016440256527,1,9,0,4,0,0,0,0,0,0,2,1,6,1,53,8,1560,2,1,9,1,9
2016440256527,2,9,0,4,0,0,1,0,0,0,1,1,6,2,22,5,1275,1,18,5,1,5
2016440256617,1,5,0,17,0,8,1,0,0,0,0,1,6,1,34,6,-1,-1,-1,7,1,7
2016440256814,1,9,0,9,0,8,0,0,0,0,3,1,6,1,56,9,1998,1,13,10,2,10
2016440256814,2,3,0,18,0,8,0,0,0,0,1,1,6,1,20,4,124,1,1,4,1,4
2016440256867,1,9,0,2,0,0,0,0,0,0,3,1,6,3,-1,-1,1199,2,5,-1,-1,-1
2016440256870,1,9,0,4,0,1,0,0,0,0,2,1,6,1,33,6,1388,1,9,4,1,4
2016440256870,2,9,0,18,0,1,0,0,0,0,1,1,6,3,-1,-1,-1,-1,-1,-1,-1,-1
2016440256872,1,5,0,7,0,6,0,0,0,0,4,1,6,1,28,6,599,1,18,3,1,3
2016440256878,1,3,0,6,0,0,0,0,0,0,3,1,6,1,18,4,125,1,10,2,1,2
2016440256878,2,9,0,18,0,0,0,0,0,0,1,1,6,1,29,6,-1,-1,-1,6,1,6
2016440256942,1,9,0,16,0,0,1,10,2,2,4,1,6,1,18,4,1995,1,13,6,1,6
2016440257027,1,9,0,1,0,0,0,0,0,0,0,1,2,1,32,6,-1,-1,-1,3,1,3
2016440257122,1,5,0,17,0,0,1,0,2,1,1,1,6,1,36,7,899,1,18,6,1,6
2016440257258,1,9,0,18,0,8,0,0,0,0,3,1,6,1,67,10,1560,2,2,8,1,8
2016440257258,2,9,0,9,0,8,0,0,0,0,1,1,6,3,-1,-1,-1,-1,-1,-1,-1,-1
2016440257271,1,19,0,18,0,0,1,0,0,0,0,1,6,2,73,10,-1,-1,-1,6,1,6
2016440257529,1,1,0,18,0,0,0,0,0,0,3,1,6,1,34,6,-1,-1,-1,1,1,1
2016440257529,2,9,0,18,0,0,0,0,0,0,4,1,6,3,-1,-1,-1,-1,-1,-1,-1,-1
2016440257567,1,19,4,18,0,1,0,0,0,0,3,1,1,3,-1,-1,2998,2,4,-1,-1,-1
2016440257567,2,11,0,18,0,1,0,0,0,0,3,1,1,3,-1,-1,9000,2,8,-1,-1,-1
2016440258020,1,19,0,9,0,4,0,0,0,0,1,1,1,1,64,9,1868,2,12,5,1,5
2016440258020,2,3,0,18,0,8,0,0,0,0,4,1,6,2,20,4,125,1,23,10,1,10
2016440258248,1,9,0,18,0,1,0,0,0,0,1,1,6,1,66,10,2967,2,8,7,3,7
2016440258248,2,9,0,4,0,1,0,0,0,0,2,1,2,2,33,6,1368,1,1,3,1,3
2016440258350,1,9,0,17,0,0,2,0,1,0,1,1,2,2,26,6,1296,1,9,10,1,10
2016440258381,1,9,0,18,0,0,0,0,2,4,2,1,2,2,19,4,1388,1,14,7,3,7
2016440258489,1,9,0,1,0,2,0,0,0,0,2,1,6,1,19,4,1198,1,10,8,1,8
2016440258557,1,9,0,18,0,1,0,0,0,0,1,1,6,3,-1,-1,-1,-1,-1,-1,-1,-1
2016440258557,2,1,0,3,0,1,0,0,0,0,2,1,6,2,15,3,-1,-1,-1,9,1,9
2016440258782,1,19,0,6,0,8,0,0,0,0,3,1,2,1,50,8,-1,-1,-1,1,1,1
2016440258782,2,5,0,13,0,8,0,0,0,0,4,1,2,1,60,9,1284,1,13,1,1,1
2016440258807,1,9,0,11,0,8,0,0,1,7,1,1,6,1,25,5,1686,2,3,4,1,4
2016440258850,1,9,0,9,0,8,0,0,0,0,3,1,2,1,-1,-1,1995,2,8,7,3,7
2016440258850,2,1,0,18,0,8,0,0,0,0,1,1,2,1,46,8,-1,-1,-1,5,1,5
2016440258867,1,19,0,5,0,8,0,0,0,0,1,1,1,1,65,9,1753,2,13,3,3,3
2016440258867,2,9,0,18,0,8,0,0,0,0,3,1,6,1,60,9,1988,1,15,8,1,8
2016440258867,3,9,0,3,0,8,0,0,1,0,1,1,6,2,42,7,898,1,1,4,1,4
2016440258998,1,9,0,18,0,0,0,0,0,0,1,1,2,1,23,5,1598,1,10,4,1,4
2016440258998,2,9,0,4,0,0,0,0,0,0,2,1,6,1,27,6,1995,2,-1,2,2,2
2016440259123,1,9,0,18,0,0,0,0,0,0,1,1,6,2,38,7,1560,2,3,9,2,9
2016440259123,2,9,0,18,0,0,0,0,0,0,2,1,6,3,-1,-1,-1,-1,-1,-1,-1,-1
2016440259123,3,9,0,18,0,0,0,0,0,0,2,1,6,3,-1,-1,-1,-1,-1,-1,-1,-1
2016440259164,1,22,0,5,0,8,0,0,0,0,1,1,6,1,79,11,-1,-1,-1,7,1,7
2016440259164,2,21,1,18,0,8,0,0,0,0,4,1,1,1,33,6,12740,2,2,3,1,3
2016440259515,1,1,0,9,0,8,0,0,0,0,3,1,6,1,46,8,-1,-1,-1,4,1,4
2016440259515,2,9,0,4,0,8,0,0,0,0,0,1,6,2,56,9,1349,1,4,2,1,2
2016440259515,3,90,0,13,0,8,1,0,0,0,1,1,6,1,80,11,2500,2,9,6,2,6
2016440259618,1,9,0,18,0,8,0,0,0,0,1,1,3,2,50,8,1388,1,7,9,3,9
2016440259618,2,9,0,9,0,8,0,0,0,0,4,1,2,1,60,9,2995,1,-1,6,1,6
2016440259618,3,9,0,8,0,8,0,0,0,0,3,1,6,2,61,9,1248,1,3,9,1,9
2016440259710,1,9,0,12,0,8,2,0,1,7,3,1,6,1,23,5,1364,1,7,-1,-1,-1
2016440259710,2,19,0,18,0,8,0,0,0,0,4,1,1,1,46,8,1870,2,10,6,1,6
2016440259723,1,9,0,18,0,0,0,0,1,2,3,1,6,2,26,6,1591,1,1,7,1,7
2016440259827,1,1,0,18,0,1,0,0,0,0,3,1,6,1,29,6,-1,-1,-1,8,1,8
2016440259827,2,19,0,13,0,1,0,0,0,0,3,1,6,3,-1,-1,-1,-1,-1,-1,-1,-1
2016440259836,1,9,0,9,0,8,0,0,0,0,1,1,2,2,24,5,1360,1,13,2,1,2
2016440259836,2,1,0,18,0,8,0,0,0,0,3,1,6,1,18,4,-1,-1,-1,5,1,5
2016440259860,1,19,0,17,0,0,0,0,7,0,0,1,1,1,24,5,2287,2,2,3,1,3
2016440259960,1,9,0,18,0,0,1,0,4,6,1,1,6,1,22,5,1968,2,9,2,1,2
2016440259989,1,9,0,9,0,4,0,0,0,0,3,1,6,2,17,4,998,1,5,10,1,10
2016440259989,2,9,0,18,0,1,1,0,0,0,1,1,1,2,20,4,1397,1,13,7,1,7
2016440260016,1,9,0,18,0,1,0,0,0,0,1,1,6,3,-1,-1,-1,-1,-1,-1,-1,-1
2016440260130,1,9,0,5,0,4,0,0,0,0,1,1,2,1,52,8,1398,1,5,9,1,9
2016440260130,2,1,0,18,0,8,0,0,0,0,4,1,2,1,43,7,-1,-1,-1,10,1,10
2016440260172,1,9,0,18,0,0,0,0,0,0,1,1,6,2,48,8,2231,2,7,7,2,7
2016440260172,2,9,0,4,0,0,0,0,0,0,2,1,6,2,41,7,1461,2,4,2,1,2
2016440260172,3,9,0,4,0,0,0,0,0,0,2,1,6,1,45,7,1995,2,3,6,1,6
2016440260172,4,9,0,4,0,0,0,0,0,0,2,1,6,1,56,9,1995,2,-1,10,1,10
2016440260216,1,1,0,13,0,1,0,0,0,0,1,1,2,1,23,5,-1,-1,-1,10,1,10
2016440260216,2,10,0,7,0,8,0,0,0,0,2,1,1,1,46,8,-1,-1,-1,2,1,2
2016440260495,1,9,0,9,0,6,0,0,0,0,4,1,6,1,63,9,998,1,2,2,1,2
2016440260495,2,1,0,18,0,1,0,0,0,0,1,1,6,1,51,8,-1,-1,-1,4,1,4
2016440260646,1,9,0,1,0,0,0,0,0,0,2,1,6,2,47,8,1598,1,11,4,1,4
2016440260656,1,9,0,1,0,0,0,0,0,0,2,1,1,1,61,9,-1,-1,-1,2,1,2
2016440260659,1,1,0,18,0,2,0,0,0,0,1,1,6,1,18,4,-1,-1,-1,6,1,6
2016440260659,2,9,0,4,0,2,0,0,0,0,2,1,6,1,43,7,2143,2,2,3,1,3
2016440260684,1,5,0,13,0,0,0,0,1,0,4,1,6,1,72,10,997,1,28,9,2,9
2016440260840,1,9,0,18,0,3,1,0,0,7,1,1,2,1,22,5,1360,1,11,3,1,3
2016440260951,1,9,0,5,0,6,0,0,0,0,1,1,6,2,-1,-1,1390,1,8,10,1,10
2016440260951,2,1,0,18,0,8,0,0,0,0,3,1,4,2,15,3,-1,-1,-1,-1,-1,-1
2016440260980,1,9,0,10,0,1,0,0,0,0,2,1,6,1,48,8,2495,2,14,7,1,7
2016440260980,2,10,0,18,0,1,0,0,0,0,1,1,3,2,50,8,-1,-1,-1,1,1,1
2016440260980,3,9,0,18,0,1,0,0,0,0,1,1,6,1,59,9,-1,-1,-1,10,1,10
2016440261066,1,2,0,18,0,1,0,0,0,0,1,1,6,1,16,4,49,1,9,10,1,10
2016440261066,2,9,0,10,0,1,0,0,0,0,2,1,6,2,59,9,2143,2,7,10,1,10
2016440261153,1,9,0,18,0,6,0,0,0,0,3,1,6,1,82,11,998,1,10,7,1,7
2016440261153,2,9,0,18,0,1,0,0,0,0,1,1,6,1,26,6,1599,1,17,2,1,2
2016440261246,1,9,0,4,0,0,0,0,0,0,2,1,6,1,39,7,1995,2,7,4,1,4
2016440261246,2,9,0,18,0,0,0,0,0,0,1,1,1,1,30,6,-1,-1,-1,8,3,8
2016440261318,1,5,0,16,0,0,1,0,0,0,3,1,6,1,43,7,-1,-1,-1,3,1,3
2016440261318,2,17,4,17,0,0,0,0,0,0,1,1,6,1,31,6,6728,2,5,4,3,4
2016440261712,1,9,0,18,0,5,1,0,2,7,1,1,2,2,40,7,1997,2,15,3,1,3
2016440261723,1,9,0,7,0,8,0,0,0,0,4,1,2,1,37,7,1995,2,11,10,1,10
2016440261723,2,1,0,18,0,8,0,0,0,0,1,1,2,1,45,7,-1,-1,-1,9,1,9
2016440261807,1,9,0,4,0,0,0,0,0,0,2,1,6,2,39,7,1398,2,13,4,1,4
2016440261807,2,9,0,4,0,0,0,0,0,0,2,1,6,2,43,7,1242,1,10,10,3,10
2016440261807,3,9,0,18,0,0,0,0,0,0,1,1,6,2,44,7,1560,2,-1,5,1,5
2016440262095,1,5,0,18,0,0,0,0,1,0,0,1,6,1,28,6,636,1,-1,8,1,8
2016440262570,1,9,0,18,0,1,0,0,0,0,1,1,1,1,41,7,3199,1,20,1,1,1
2016440262570,2,9,0,4,0,1,0,0,0,0,2,1,1,1,26,6,1299,1,11,2,1,2
2016440262570,3,19,0,4,0,1,0,0,0,0,2,1,6,1,35,6,1996,2,5,5,1,5
2016440262721,1,9,0,9,0,6,0,0,0,0,1,1,6,2,83,11,1229,1,11,5,1,5
2016440262721,2,9,0,18,0,1,0,0,6,0,3,1,6,2,-1,-1,1390,1,2,10,1,10
2016440262721,3,9,0,18,0,1,0,0,0,0,1,1,6,2,61,9,1685,2,1,10,3,10
2016440262752,1,9,0,18,0,2,0,0,0,0,0,1,6,3,-1,-1,-1,-1,-1,-1,-1,-1
2016440262756,1,9,0,3,0,0,0,0,0,0,2,1,6,2,40,7,1360,1,7,8,3,8
2016440262756,2,9,0,18,0,0,0,0,1,10,3,1,6,2,22,5,998,1,6,10,1,10
2016440262766,1,9,0,18,0,8,0,0,0,0,1,1,6,1,19,4,1396,1,17,5,1,5
2016440262766,2,1,0,18,0,8,0,0,0,0,2,1,6,1,12,3,-1,-1,-1,8,1,8
2016440262788,1,9,0,3,0,0,0,0,0,0,2,1,6,2,43,7,-1,-1,-1,7,3,7
2016440262788,2,9,0,17,0,0,0,0,0,0,1,1,6,1,-1,-1,1386,1,7,-1,-1,-1
2016440262886,1,9,0,18,0,8,0,0,0,0,4,1,6,1,27,6,1587,1,14,8,1,8
2016440262886,2,9,0,5,0,4,0,0,0,0,1,1,6,1,18,4,1388,1,6,9,1,9
2016440262964,1,19,0,16,0,0,0,0,0,0,3,1,6,3,-1,-1,-1,-1,-1,-1,-1,-1
2016440262964,2,9,0,17,0,0,0,0,0,0,3,1,6,2,30,6,1596,1,8,10,1,10
2016440263012,1,1,0,18,0,8,0,0,0,0,1,1,6,1,18,4,-1,-1,-1,-1,-1,-1
2016440263012,2,9,0,18,0,8,0,0,0,0,1,1,6,1,18,4,1900,2,11,6,1,6
2016440263055,1,9,0,18,0,0,0,0,0,0,1,1,6,1,24,5,1951,2,16,4,1,4
2016440263479,1,9,0,18,0,0,5,0,1,4,1,1,2,2,42,7,-1,-1,-1,4,1,4
2016440263501,1,1,0,18,0,0,0,0,0,0,1,1,6,1,44,7,-1,-1,-1,9,1,9
2016440263738,1,9,0,4,0,0,0,0,0,0,1,1,6,1,41,7,1560,2,7,7,1,7