Accident_Index,Vehicle_Reference,Vehicle_Type,Towing_and_Articulation,Vehicle_Manoeuvre,Vehicle_Location-Restricted_Lane,Junction_Location,Skidding_and_Overturning,Hit_Object_in_Carriageway,Vehicle_Leaving_Carriageway,Hit_Object_off_Carriageway,1st_Point_of_Impact,Was_Vehicle_Left_Hand_Drive?,Journey_Purpose_of_Driver,Sex_of_Driver,Age_of_Driver,Age_Band_of_Driver,Engine_Capacity_(CC),Propulsion_Code,Age_of_Vehicle,Driver_IMD_Decile,Driver_Home_Area_Type,Vehicle_IMD_Decile
2016440263738,2,19,0,4,0,0,0,0,0,0,2,1,1,1,29,6,2143,2,4,9,1,9
2016440263738,3,9,0,4,0,0,0,0,0,0,2,1,6,1,35,6,1368,1,7,1,1,1
2016440263743,1,9,0,5,0,8,0,0,0,0,3,1,6,3,-1,-1,1984,1,10,-1,-1,-1
2016440263743,2,1,0,18,0,8,0,0,0,0,4,1,6,2,29,6,-1,-1,-1,4,1,4
2016440263896,1,9,0,12,0,0,0,0,4,7,3,1,6,1,66,10,1587,1,15,3,1,3
2016440263896,2,11,0,18,0,0,0,0,0,0,4,1,1,1,38,7,12902,2,5,3,1,3
2016440263915,1,9,0,18,0,0,0,0,0,0,1,1,6,3,-1,-1,-1,-1,-1,-1,-1,-1
2016440264000,1,9,0,18,0,8,0,0,1,0,3,1,6,1,83,11,1200,1,1,10,3,10
2016440264000,2,19,0,18,0,8,0,0,0,0,1,1,1,1,46,8,2402,2,8,2,1,2
2016440264082,1,9,0,18,0,0,2,0,5,4,1,1,6,1,60,9,2148,2,7,10,1,10
2016440264120,1,9,0,18,0,0,5,0,7,4,1,1,2,1,57,9,998,1,11,4,1,4
2016440264502,1,9,0,17,0,0,0,0,1,11,1,1,6,1,34,6,1229,1,10,2,1,2
2016440264895,1,9,0,18,0,1,0,0,0,0,2,1,6,1,43,7,1999,1,14,5,1,5
2016440264895,2,9,0,18,0,1,0,0,0,0,1,1,6,1,28,6,1389,1,16,7,3,7
2016440265078,1,9,0,9,0,8,0,0,0,0,3,1,6,2,29,6,1995,2,8,10,1,10
2016440265078,2,9,0,18,0,8,0,0,0,0,1,1,6,2,49,8,1582,2,-1,5,1,5
2016440265097,1,9,0,18,0,0,0,0,0,0,0,1,6,1,57,9,2148,2,9,8,1,8
2016440265145,1,9,0,13,0,0,2,0,0,0,4,1,6,1,-1,-1,1968,2,13,-1,-1,-1
2016440265145,2,9,0,18,0,0,0,0,7,11,3,1,6,1,19,4,1149,1,9,8,1,8
2016440265324,1,8,0,5,0,0,0,0,0,0,0,1,1,1,49,8,1598,2,5,9,1,9
2016440265694,1,9,0,18,0,8,0,0,0,0,4,1,6,2,23,5,1242,1,10,3,1,3
2016440265694,2,97,0,18,0,8,0,0,0,0,1,1,6,1,-1,-1,-1,-1,-1,-1,-1,-1
2016440265716,1,9,0,18,0,1,0,0,0,0,1,1,6,1,60,9,1994,1,10,2,1,2
2016440266173,1,9,0,3,0,1,0,0,0,0,2,1,6,1,69,10,1796,1,12,7,1,7
2016440266173,2,9,0,4,0,1,0,0,0,0,1,1,6,3,-1,-1,2987,2,2,-1,-1,-1
2016440266181,1,1,0,18,0,0,0,0,0,0,0,1,6,2,69,10,-1,-1,-1,10,1,10
2016440266258,1,9,0,18,0,0,0,0,0,0,4,1,6,3,-1,-1,1998,1,12,-1,-1,-1
2016440266277,1,9,3,17,0,0,0,0,0,0,2,1,6,1,-1,-1,2179,2,10,-1,-1,-1
2016440266513,1,1,0,4,0,1,0,0,0,0,1,1,6,1,20,4,-1,-1,-1,10,1,10
2016440266513,2,9,0,4,0,1,0,0,0,0,2,1,6,1,-1,-1,1968,2,5,9,1,9
2016440266723,1,9,0,4,0,0,0,0,0,0,2,1,6,2,41,7,1896,2,9,7,1,7
2016440266723,2,9,0,18,0,0,0,0,0,0,1,1,6,1,46,8,-1,-1,-1,7,1,7
2016440266816,1,9,0,17,0,8,1,0,0,0,1,1,6,1,20,4,1390,1,15,4,1,4
2016440266816,2,9,0,18,0,1,0,0,0,0,1,1,6,1,85,11,1870,2,7,6,1,6
2016440266902,1,1,0,9,0,8,0,0,0,0,1,1,2,1,28,6,-1,-1,-1,2,1,2
2016440266902,2,9,0,13,0,8,0,0,0,0,4,1,6,1,-1,-1,-1,-1,-1,-1,-1,-1
2016440266985,1,97,0,18,0,1,0,0,0,0,1,1,6,1,23,5,-1,-1,-1,7,3,7
2016440267200,1,3,0,18,0,0,0,0,0,0,1,1,1,1,49,8,125,1,1,6,1,6
2016440267200,2,9,0,4,0,0,0,0,0,0,2,1,1,2,61,9,1360,1,9,7,1,7
2016440267376,1,97,0,18,0,1,0,0,0,0,3,1,6,3,-1,-1,-1,-1,-1,-1,-1,-1
2016440267376,2,97,0,18,0,1,0,0,0,0,1,1,6,1,-1,-1,-1,-1,-1,-1,-1,-1
2016440267414,1,1,0,18,0,8,0,0,0,0,0,1,2,1,63,9,-1,-1,-1,9,1,9
2016440267414,2,19,0,7,0,8,0,0,0,0,0,1,6,3,-1,-1,-1,-1,-1,-1,-1,-1
2016440267599,1,9,0,4,0,1,0,0,0,0,0,1,1,1,48,8,-1,-1,-1,2,1,2
2016440267599,2,1,0,7,0,1,0,0,0,0,0,1,6,1,68,10,-1,-1,-1,10,1,10
2016440267669,1,3,0,11,0,1,0,0,0,0,4,1,6,1,18,4,125,1,6,2,1,2
2016440267669,2,9,0,4,0,1,0,0,0,0,3,1,2,2,53,8,1796,1,2,4,1,4
2016440267926,1,9,0,17,0,8,0,0,0,0,1,1,6,1,45,7,1999,2,-1,8,3,8
2016440267926,2,9,0,9,0,8,0,0,0,0,1,1,6,1,-1,-1,1388,1,7,-1,-1,-1
2016440267993,1,9,0,5,0,1,0,0,0,0,1,1,6,1,83,11,1905,2,18,8,3,8
2016440267993,2,5,0,3,0,1,0,0,0,0,2,1,6,1,60,9,535,1,21,1,1,1
2016440268097,1,5,0,16,0,0,1,0,7,0,1,1,6,1,28,6,750,1,-1,10,3,10
2016440268097,2,9,0,17,0,0,0,0,0,0,3,1,1,1,44,7,1598,1,3,-1,-1,-1
2016440268127,1,9,0,18,0,8,0,0,0,0,4,1,6,2,37,7,1753,2,8,10,2,10
2016440268127,2,9,0,18,0,4,0,0,0,0,1,1,6,1,64,9,1248,2,6,10,2,10
2016440268129,1,1,0,18,0,6,0,0,0,0,3,1,6,2,26,6,-1,-1,-1,4,1,4
2016440268129,2,9,0,18,0,1,0,0,0,0,1,1,6,1,38,7,-1,-1,-1,6,1,6
2016440268149,1,11,0,9,0,8,0,0,0,0,1,1,1,1,59,9,6370,2,10,3,1,3
2016440268182,1,9,0,18,0,0,0,0,0,0,1,1,6,3,-1,-1,-1,-1,-1,-1,-1,-1
2016440268214,1,5,0,18,0,1,0,0,0,0,1,1,2,1,32,6,998,1,4,8,1,8
2016440268214,2,9,0,6,0,8,0,0,0,0,3,1,2,3,-1,-1,1560,2,2,-1,-1,-1
2016440268225,1,9,0,4,0,2,0,0,0,0,2,1,6,2,55,8,1870,2,8,10,1,10
2016440268225,2,9,0,18,0,2,0,0,0,0,1,1,6,2,36,7,1390,1,4,5,1,5
2016440268225,3,9,0,18,0,2,0,0,0,0,1,1,6,1,26,6,1364,1,-1,7,2,7
2016440268257,1,19,0,17,0,1,0,0,0,0,3,1,6,3,-1,-1,2402,2,6,-1,-1,-1
2016440268257,2,1,0,16,0,1,0,0,0,0,3,1,6,1,30,6,-1,-1,-1,3,1,3
2016440268274,1,10,0,18,0,2,0,0,0,0,4,1,1,2,60,9,2464,2,8,10,1,10
2016440268315,1,9,0,3,0,1,0,0,0,0,2,1,2,2,25,5,1390,1,19,2,1,2
2016440268315,2,9,0,5,0,1,0,0,0,0,1,1,6,2,39,7,1582,2,1,1,1,1
2016440268332,1,9,0,18,0,1,0,0,0,0,1,1,6,1,57,9,1124,1,11,-1,-1,-1
2016440268332,2,9,0,5,0,8,0,0,0,0,3,1,6,1,19,4,1598,1,-1,5,1,5
2016440268403,1,10,0,18,0,2,0,0,7,0,4,1,6,1,27,6,-1,-1,-1,6,1,6
2016440268754,1,5,0,16,0,1,1,0,0,0,0,1,2,1,49,8,749,1,19,9,2,9
2016440268783,1,9,0,13,0,0,2,0,7,2,3,1,6,1,28,6,1896,2,14,1,1,1
2016440268783,2,19,0,18,0,0,0,0,0,0,0,1,6,3,-1,-1,-1,-1,-1,-1,-1,-1
2016440268792,1,9,0,4,0,1,0,0,0,0,2,1,6,1,44,7,1968,2,1,6,1,6
2016440268792,2,9,0,18,0,1,0,0,0,0,1,1,6,2,56,9,1685,2,3,4,1,4
2016440268800,1,19,0,13,0,0,0,0,0,0,0,1,6,3,-1,-1,-1,-1,-1,-1,-1,-1
2016440268800,2,1,0,18,0,0,0,0,1,0,0,1,6,1,71,10,-1,-1,-1,2,1,2
2016440268839,1,9,0,4,0,2,0,0,0,0,2,1,6,1,18,4,1200,1,-1,2,1,2
2016440268839,2,9,0,4,0,2,0,0,0,0,2,1,6,1,28,6,1149,1,14,2,1,2
2016440268839,3,9,0,4,0,2,0,0,0,0,1,1,6,2,56,9,1400,2,12,5,1,5
2016440268842,1,1,0,5,0,1,0,0,0,0,4,1,6,1,25,5,-1,-1,-1,7,1,7
2016440268842,2,9,0,18,0,1,0,0,0,0,1,1,1,1,27,6,3999,1,4,8,1,8
2016440268874,1,5,0,18,0,0,1,0,0,0,1,1,6,1,53,8,644,1,8,8,1,8
2016440268874,2,19,0,18,0,0,0,0,0,0,2,1,1,1,40,7,2998,2,3,3,1,3
2016440268887,1,9,0,13,0,0,0,0,0,0,4,1,1,1,18,4,1198,1,13,5,1,5
2016440268887,2,1,0,18,0,0,0,0,0,0,3,1,1,1,42,7,-1,-1,-1,2,1,2
2016440268957,1,9,0,9,0,1,0,0,0,0,2,1,6,1,38,7,1360,1,10,3,1,3
2016440268957,2,3,0,13,0,1,0,0,0,0,1,1,6,1,23,5,125,1,1,1,1,1
2016440268967,1,9,0,9,0,8,0,0,0,0,3,1,6,2,37,7,1390,1,5,10,1,10
2016440268967,2,20,0,18,0,8,0,0,0,0,1,1,1,1,47,8,9290,2,5,9,1,9
2016440269017,1,9,0,9,0,6,0,0,0,0,1,1,1,1,36,7,1749,1,14,7,1,7
2016440269017,2,9,0,18,0,8,1,0,0,0,4,1,6,2,70,10,1397,1,8,5,1,5
2016440269150,1,9,0,18,0,0,1,0,0,0,3,1,6,1,22,5,1796,1,9,4,1,4
2016440269150,2,9,0,4,0,0,0,0,0,0,2,1,6,1,67,10,1969,2,1,-1,-1,-1
2016440269150,3,9,0,4,0,0,0,0,0,6,4,1,6,1,34,6,2993,2,13,9,1,9
2016440269288,1,9,0,9,0,8,0,0,0,0,4,1,6,2,18,4,1360,1,14,10,1,10
2016440269288,2,9,0,18,0,1,0,0,0,0,1,1,3,2,26,6,1794,1,11,7,1,7
2016440269336,1,9,0,7,0,6,0,0,0,0,1,1,6,1,37,7,999,1,-1,6,1,6
2016440269336,2,1,0,18,0,1,0,0,0,0,4,1,6,1,43,7,-1,-1,-1,10,1,10
2016440269369,1,9,0,9,0,5,0,0,0,0,3,1,1,1,21,5,1598,2,1,4,1,4
2016440269369,2,3,0,13,0,1,0,0,0,0,1,1,6,1,20,4,125,1,11,6,1,6
2016440269369,3,2,0,18,0,1,0,0,0,0,1,1,6,1,16,4,49,1,8,7,1,7
2016440269412,1,5,0,3,0,0,0,0,0,0,2,1,2,1,52,8,599,1,7,2,1,2
2016440269412,2,5,0,3,0,0,0,0,0,0,2,1,2,1,44,7,599,1,9,3,2,3
2016440269412,3,5,0,3,0,0,0,0,0,0,2,1,2,1,48,8,1052,1,17,3,2,3
2016440269412,4,9,0,17,0,0,1,0,0,0,1,1,6,1,27,6,1600,1,23,4,1,4
2016440269466,1,9,0,12,0,2,0,0,0,0,2,1,2,2,19,4,1199,1,15,6,1,6
2016440269466,2,5,0,18,0,8,1,0,0,0,1,1,6,1,29,6,998,1,8,9,3,9
2016440269494,1,9,0,18,0,1,0,0,0,0,1,1,6,2,77,11,1498,1,4,9,1,9
2016440269494,2,9,0,3,0,1,0,0,0,0,2,1,6,2,37,7,1199,1,13,2,1,2
2016440269512,1,5,0,9,0,8,0,0,0,0,3,1,2,1,45,7,749,1,12,4,1,4
2016440269754,1,19,0,5,9,8,0,0,0,0,3,1,6,1,-1,-1,-1,-1,-1,-1,-1,-1
2016440269754,2,1,0,4,9,8,0,0,0,0,1,1,6,1,14,3,-1,-1,-1,3,1,3
2016440269863,1,5,0,18,0,0,0,0,1,0,3,1,6,2,55,8,998,1,-1,6,3,6
2016440269910,1,9,0,17,0,0,2,0,1,9,4,1,6,2,28,6,1998,1,8,10,3,10
2016440270519,1,19,0,7,0,8,0,0,0,0,2,1,1,1,33,6,2198,2,1,1,1,1
2016440270519,2,1,0,18,0,1,0,0,0,0,1,1,6,1,34,6,-1,-1,-1,4,1,4
2016440270591,1,19,0,18,0,0,0,4,0,0,1,1,1,1,52,8,2198,2,-1,3,1,3
2016440270591,2,21,0,2,0,0,0,0,0,0,2,1,1,1,51,8,9290,2,3,9,1,9
2016440270766,1,9,0,7,0,8,0,0,0,0,1,1,6,2,61,9,2179,2,2,4,2,4
2016440270766,2,1,0,18,0,8,0,0,0,0,1,1,6,1,52,8,-1,-1,-1,2,1,2
2016440270867,1,9,0,18,0,0,1,0,0,0,1,1,6,2,42,7,1753,2,14,9,2,9
2016440271050,1,9,0,9,0,8,0,0,0,0,3,1,6,2,50,8,2400,2,5,7,3,7
2016440271050,2,5,0,13,0,8,0,0,7,0,1,1,6,1,25,5,675,1,1,7,3,7
2016440271060,1,9,0,4,0,0,0,0,0,0,2,1,6,2,70,10,1997,2,3,10,1,10
2016440271060,2,9,0,18,0,0,0,0,0,0,1,1,6,2,31,6,1997,2,6,5,1,5
2016440271060,3,5,0,18,0,0,0,0,0,0,1,1,6,1,45,7,600,1,14,8,2,8
2016440271085,1,9,0,4,0,8,0,0,0,6,1,1,6,3,-1,-1,1396,1,3,-1,-1,-1
2016440271085,2,9,0,4,0,8,0,0,0,0,2,1,6,3,-1,-1,1598,1,9,-1,-1,-1
2016440271085,3,9,0,4,0,8,0,0,0,0,4,1,6,3,-1,-1,1796,1,7,-1,-1,-1
2016440271085,4,9,0,4,0,8,0,0,0,0,1,1,6,1,43,7,3996,1,16,7,1,7
2016440271085,5,9,0,4,0,8,0,0,0,0,4,1,6,1,37,7,1598,1,10,10,3,10
2016440271252,1,9,0,2,0,0,0,0,0,11,0,1,6,2,41,7,1461,2,5,4,1,4
2016440271293,1,9,0,18,0,0,5,7,0,0,1,1,6,2,47,8,1587,1,12,5,1,5
2016440271356,1,1,0,18,0,1,0,0,0,0,3,1,6,1,22,5,-1,-1,-1,7,1,7
2016440271356,2,9,0,7,0,1,0,0,0,0,4,1,6,1,57,9,1598,1,12,4,1,4
2016440271602,1,9,0,18,0,8,0,0,0,0,1,1,1,2,48,8,1332,1,18,2,1,2
2016440271602,2,1,0,18,0,8,0,0,0,0,1,1,1,2,48,8,-1,-1,-1,2,1,2
2016440271614,1,9,0,7,0,8,0,0,0,0,0,1,6,3,-1,-1,1797,8,4,-1,-1,-1
2016440271614,2,11,0,18,0,8,0,0,0,0,0,1,1,2,80,11,6370,2,10,-1,-1,-1
2016440271711,1,9,0,13,0,1,0,0,0,0,4,1,6,2,34,6,1796,1,9,8,2,8
2016440271711,2,9,0,12,0,1,0,0,0,0,3,1,6,2,77,11,2997,1,9,10,1,10
2016440271731,1,1,0,18,0,0,0,0,0,0,3,1,6,1,14,3,-1,-1,-1,8,1,8
2016440271731,2,9,0,18,0,0,0,0,0,0,4,1,6,1,31,6,2143,2,4,7,1,7
2016440271737,1,9,0,9,0,8,0,0,0,0,1,1,2,2,50,8,1598,1,13,3,1,3
2016440271737,2,1,0,18,0,8,0,0,0,0,1,1,2,1,67,10,-1,-1,-1,7,1,7
2016440272136,1,1,0,9,0,8,0,0,0,0,4,1,2,1,23,5,-1,-1,-1,3,1,3
2016440272136,2,9,0,18,0,8,0,0,0,0,1,1,6,2,-1,-1,-1,-1,-1,-1,-1,-1
2016440272223,1,8,0,2,0,8,0,0,0,0,2,1,1,1,54,8,1686,2,4,2,1,2
2016440272223,2,1,0,9,0,8,0,0,0,0,1,1,6,1,81,11,-1,-1,-1,-1,-1,-1
2016440272246,1,9,0,18,0,8,0,0,0,0,1,1,6,3,-1,-1,-1,-1,-1,-1,-1,-1
2016440272335,1,19,0,18,0,0,0,0,0,0,4,1,6,3,-1,-1,-1,-1,-1,-1,-1,-1
2016440272335,2,1,0,18,0,0,0,0,0,0,3,1,6,1,47,8,-1,-1,-1,10,2,10
2016440272442,1,1,0,18,0,2,0,0,0,0,1,1,6,2,18,4,-1,-1,-1,8,1,8
2016440272442,2,9,0,18,0,2,0,0,0,0,1,1,1,1,41,7,1461,2,1,8,1,8
2016440272570,1,9,0,18,0,2,0,0,0,0,1,1,6,2,19,4,1598,1,13,9,3,9
2016440272570,2,9,0,4,0,2,0,0,0,0,2,1,6,2,50,8,998,1,14,9,3,9
2016440272570,3,9,0,4,0,2,0,0,0,0,2,1,6,1,50,8,-1,-1,-1,9,3,9
2016440272622,1,1,0,7,0,1,0,0,0,0,3,1,2,2,44,7,-1,-1,-1,8,1,8
2016440272622,2,9,0,7,0,1,0,0,0,0,4,1,2,3,-1,-1,-1,-1,-1,-1,-1,-1
2016440272913,1,9,0,18,0,0,1,10,1,11,1,1,2,1,22,5,1299,1,13,7,1,7
2016440273026,1,19,0,18,0,8,0,0,0,0,1,1,1,1,23,5,1560,2,2,10,1,10
2016440273026,2,9,0,7,0,8,0,0,0,0,2,1,2,1,51,8,2000,1,9,5,1,5
2016440273080,1,9,0,18,0,8,0,0,0,0,1,1,2,1,42,7,1968,2,9,7,1,7
2016440273080,2,9,0,9,0,8,0,0,0,0,1,1,6,2,29,6,2000,2,12,6,1,6
2016440273202,1,9,0,9,0,8,0,0,0,0,1,1,6,1,80,11,998,1,2,10,1,10
2016440273202,2,9,0,18,0,8,0,0,0,0,4,1,6,1,32,6,998,1,14,10,1,10
2016440273277,1,19,4,18,0,0,1,0,0,0,1,1,1,1,47,8,2461,2,13,-1,3,-1
2016440273277,2,9,0,4,0,0,0,0,0,0,2,1,6,2,58,9,1396,1,7,6,1,6
2016440273277,3,9,0,4,0,0,0,0,0,0,2,1,6,1,56,9,2460,2,10,6,3,6
2016440273277,4,9,0,4,0,0,0,0,0,0,2,1,2,1,52,8,2143,2,-1,3,1,3
2016440273376,1,9,0,1,0,0,0,0,0,0,1,1,6,2,51,8,1461,2,1,2,1,2
2016440273470,1,9,3,13,0,0,0,0,0,0,0,1,6,1,58,9,2199,2,3,4,1,4
2016440273470,2,1,0,18,0,0,1,0,0,0,0,1,6,2,31,6,-1,-1,-1,10,1,10
2016440273604,1,9,0,18,0,8,0,0,0,0,1,1,6,1,38,7,1360,1,14,5,1,5
2016440273604,2,1,0,18,0,8,0,0,0,0,1,1,6,1,15,3,-1,-1,-1,-1,-1,-1
2016440273612,1,2,0,9,0,8,0,0,0,0,2,1,6,1,16,4,-1,-1,-1,1,1,1
2016440273612,2,9,0,18,0,8,0,0,0,0,1,1,6,2,18,4,-1,-1,-1,7,1,7
2016440273719,1,9,0,18,0,2,0,0,0,0,1,1,6,3,-1,-1,-1,-1,-1,-1,-1,-1
2016440273793,1,11,0,17,0,8,1,0,0,0,1,1,1,1,29,6,-1,-1,-1,6,1,6
2016440273793,2,9,0,18,0,8,0,10,0,0,3,1,6,3,-1,-1,-1,-1,-1,-1,-1,-1
2016440273822,1,9,0,7,0,8,0,0,0,0,1,1,6,1,35,6,1598,1,9,4,1,4
2016440273822,2,9,0,18,0,8,0,0,0,0,1,1,6,2,36,7,1968,2,7,1,1,1
2016440273827,1,9,0,18,0,2,0,0,0,0,1,1,6,3,-1,-1,1364,1,9,-1,-1,-1
2016440273827,2,9,0,18,0,2,0,0,0,0,2,1,6,2,33,6,1968,2,4,6,1,6
2016440273902,1,9,0,13,0,8,0,0,0,0,1,1,6,1,19,4,998,1,-1,5,1,5
2016440273902,2,9,0,9,0,8,0,0,0,0,3,1,6,1,64,9,1242,1,8,6,3,6
2016440273927,1,9,0,9,0,8,0,0,0,0,3,1,6,1,56,9,1986,1,22,9,2,9
2016440273927,2,1,0,18,0,8,0,0,0,0,1,1,6,1,30,6,-1,-1,-1,7,2,7
2016440273982,1,9,0,18,0,8,0,0,0,0,2,1,6,2,37,7,1242,1,6,1,1,1
2016440273982,2,9,0,18,0,8,1,0,0,0,1,1,6,1,37,7,-1,-1,-1,1,1,1
2016440274046,1,9,0,18,0,0,1,0,4,5,3,1,6,1,30,6,1998,1,15,3,1,3
2016440274493,1,9,0,18,0,1,0,0,0,0,1,1,2,1,64,9,1360,1,16,7,1,7
2016440274493,2,1,0,18,0,1,0,0,0,0,2,1,6,1,63,9,-1,-1,-1,8,1,8
2016440274801,1,9,0,18,0,0,0,0,0,0,3,1,6,1,75,10,1798,1,-1,9,1,9
2016440274801,2,11,0,18,0,0,0,0,0,0,3,1,1,1,58,9,4500,2,9,9,1,9
2016440274867,1,9,0,18,0,1,0,0,0,0,1,1,6,2,75,10,1339,1,6,4,1,4
2016440274948,1,90,0,1,0,2,0,0,0,0,2,1,1,3,-1,-1,-1,-1,-1,-1,-1,-1
2016440275104,1,9,0,18,0,0,0,0,0,0,1,1,6,1,22,5,998,1,3,4,1,4
2016440275135,1,9,0,9,0,1,0,0,0,0,2,1,6,1,48,8,3696,1,6,10,1,10
2016440275135,2,5,0,18,0,1,0,0,0,0,1,1,6,1,29,6,738,1,16,8,1,8
2016440275140,1,9,0,4,0,0,0,0,0,0,1,1,6,1,35,6,1461,2,12,3,1,3
2016440275140,2,9,0,4,0,0,0,0,0,0,2,1,6,2,53,8,1596,1,3,3,1,3
2016440275140,3,9,0,4,0,0,0,0,0,0,2,1,6,2,56,9,999,1,1,3,1,3
2016440275169,1,5,0,18,0,0,0,0,0,0,0,1,6,1,55,8,1690,1,4,6,1,6
2016440275169,2,9,0,18,0,0,0,0,0,0,0,1,6,3,-1,-1,-1,-1,-1,-1,-1,-1
2016440275196,1,9,0,18,0,0,0,0,0,0,4,1,6,2,61,9,1587,1,9,2,1,2
2016440275266,1,9,0,18,0,1,0,0,0,0,1,1,6,1,69,10,-1,-1,-1,2,1,2
2016440275266,2,9,0,9,0,5,0,0,0,0,4,1,6,1,78,11,1298,1,14,4,1,4
2016440275335,1,9,0,18,0,0,0,0,0,0,4,1,6,2,26,6,1560,2,4,1,1,1
2016440275425,1,9,0,18,0,0,0,0,0,0,1,1,1,1,77,11,1995,2,4,1,1,1
2016440275559,1,8,0,5,0,2,0,0,0,0,0,1,6,1,63,9,1197,1,2,1,1,1
2016440275704,1,9,0,18,0,0,0,0,4,6,1,1,4,1,25,5,1968,2,7,10,1,10
2016440275726,1,3,0,16,0,0,0,0,7,4,1,1,6,1,31,6,125,1,19,7,1,7
2016440275865,1,9,0,17,0,2,1,0,7,11,1,1,6,2,21,5,1587,1,11,2,1,2
2016440276078,1,9,0,18,0,1,0,0,0,0,1,1,6,2,50,8,1299,1,15,7,1,7
2016440276078,2,9,0,9,0,5,0,0,0,1,4,1,6,1,50,8,2143,2,2,7,3,7
2016440276237,1,9,0,5,0,4,0,0,0,0,1,1,6,2,41,7,1560,2,5,10,1,10
2016440276237,2,1,0,18,0,8,0,0,0,0,4,1,6,2,53,8,-1,-1,-1,6,1,6
2016440276238,1,9,0,6,0,8,0,0,0,0,4,1,6,2,23,5,1598,1,10,2,1,2
2016440276238,2,9,0,18,0,1,0,0,0,0,2,1,6,2,20,4,1598,1,8,7,1,7
2016440276297,1,9,0,9,0,8,0,0,7,0,1,1,6,1,67,10,1598,2,-1,7,1,7
2016440276297,2,9,0,18,0,8,1,0,0,0,1,1,6,1,-1,-1,1596,1,15,9,2,9
2016440276778,1,9,0,18,0,1,0,4,0,0,1,1,2,1,48,8,1600,2,6,9,2,9
2016440276778,2,19,0,2,0,1,0,0,0,0,2,1,6,1,-1,-1,1686,2,13,-1,-1,-1
2016440276852,1,9,0,10,0,8,0,0,0,0,4,1,1,1,33,6,1968,2,5,4,1,4
2016440276852,2,1,0,18,0,8,0,0,0,0,1,1,6,1,27,6,-1,-1,-1,4,1,4
2016440277109,1,19,0,9,0,8,0,0,0,0,3,1,6,1,50,8,2402,2,10,3,2,3
2016440277109,2,3,0,13,0,8,1,0,0,0,1,1,6,1,34,6,124,1,2,3,2,3
2016440277186,1,9,0,18,0,1,0,0,0,0,1,1,6,1,86,11,2497,1,15,10,1,10
2016440277186,2,9,0,4,0,1,0,0,0,0,2,1,6,2,53,8,1587,1,10,10,1,10
2016440277233,1,9,0,3,0,1,0,0,0,0,2,1,6,2,30,6,1242,1,11,9,1,9
2016440277233,2,10,0,4,0,1,0,0,0,0,2,1,1,1,19,4,-1,-1,-1,8,1,8
2016440277233,3,19,0,18,0,1,0,0,0,0,1,1,3,1,40,7,2198,2,-1,9,1,9
2016440277732,1,5,0,3,0,1,0,0,0,0,2,1,2,1,54,8,750,1,1,5,3,5
2016440277732,2,9,0,18,0,1,0,0,0,0,1,1,6,2,37,7,-1,-1,-1,10,2,10
2016440277804,1,3,0,5,0,8,0,0,0,0,3,1,6,1,22,5,124,1,2,2,1,2
2016440277804,2,3,0,18,0,8,0,0,0,0,1,1,6,1,20,4,125,1,1,5,1,5
2016440277874,1,9,0,3,0,0,0,0,0,0,2,1,2,3,-1,-1,2987,2,5,-1,-1,-1
2016440277874,2,9,0,3,0,0,0,0,0,0,2,1,2,2,45,7,1339,1,12,6,1,6
2016440277874,3,9,0,16,0,0,0,0,0,0,1,1,2,3,-1,-1,1390,1,10,-1,-1,-1
2016440278009,1,9,0,18,0,8,0,0,0,0,1,1,6,1,-1,-1,1364,1,8,4,1,4
2016440278009,2,9,0,1,0,8,0,0,0,0,2,1,6,2,25,5,-1,-1,-1,7,1,7
2016440278117,1,9,0,18,0,8,0,0,1,7,1,1,6,1,17,4,998,1,8,6,1,6
2016440278407,1,3,0,3,0,1,0,0,0,0,2,1,1,2,20,4,124,1,5,1,1,1
2016440278407,2,9,0,4,0,1,0,0,0,0,1,1,1,2,23,5,-1,-1,-1,10,1,10
2016440278445,1,9,0,18,0,1,1,0,0,0,1,1,6,1,27,6,1798,1,5,10,1,10
2016440278445,2,9,0,4,0,1,0,0,0,0,2,1,6,1,23,5,1497,1,12,8,1,8
2016440278445,3,9,0,4,0,1,0,0,0,0,2,1,6,2,63,9,1596,1,1,7,2,7
2016440278456,1,5,0,18,0,0,0,0,0,0,1,1,2,1,55,8,1300,1,7,-1,-1,-1
2016440278456,2,9,0,3,0,0,0,0,0,0,2,1,3,2,44,7,1400,1,16,6,1,6
2016440278527,1,9,0,9,0,8,0,0,0,0,3,1,1,1,24,5,2143,2,4,9,1,9
2016440278527,2,3,0,18,0,8,0,0,0,0,1,1,2,1,25,5,124,1,3,10,3,10
2016440278710,1,9,0,4,0,1,0,0,0,0,2,1,2,1,51,8,1976,1,5,10,1,10
2016440278710,2,19,0,4,0,1,1,0,0,0,1,1,1,1,50,8,2198,2,2,3,1,3
2016440278886,1,19,0,18,0,1,0,0,0,0,2,1,1,1,47,8,-1,-1,-1,-1,-1,-1
2016440278886,2,9,0,18,0,1,0,0,0,0,1,1,6,1,-1,-1,1988,1,14,-1,-1,-1
2016440279240,1,9,0,18,0,0,0,0,0,0,0,1,6,2,50,8,1198,1,7,3,1,3
2016440279375,1,9,0,18,0,1,1,0,0,0,1,1,6,1,61,9,2500,2,14,5,1,5