Accident_Index,Vehicle_Reference,Vehicle_Type,Towing_and_Articulation,Vehicle_Manoeuvre,Vehicle_Location-Restricted_Lane,Junction_Location,Skidding_and_Overturning,Hit_Object_in_Carriageway,Vehicle_Leaving_Carriageway,Hit_Object_off_Carriageway,1st_Point_of_Impact,Was_Vehicle_Left_Hand_Drive?,Journey_Purpose_of_Driver,Sex_of_Driver,Age_of_Driver,Age_Band_of_Driver,Engine_Capacity_(CC),Propulsion_Code,Age_of_Vehicle,Driver_IMD_Decile,Driver_Home_Area_Type,Vehicle_IMD_Decile
2016440327308,2,9,0,3,0,0,0,0,0,0,2,1,2,2,22,5,989,1,10,6,1,6
2016440327308,3,19,0,4,0,0,0,0,0,0,2,1,2,1,59,9,1560,2,-1,-1,-1,-1
2016440327308,4,9,0,18,0,0,0,0,0,0,0,1,2,1,26,6,1461,2,8,8,3,8
2016440327412,1,9,0,8,0,1,0,0,0,0,2,1,6,2,72,10,1496,1,-1,3,3,3
2016440327412,2,9,0,18,0,1,0,0,0,0,1,1,6,3,-1,-1,2993,2,3,-1,-1,-1
2016440327437,1,2,0,18,0,8,0,0,0,0,1,1,6,1,17,4,49,1,1,4,1,4
2016440327437,2,9,0,7,0,8,0,0,0,0,3,1,6,2,63,9,1398,1,1,6,1,6
2016440327672,1,9,0,18,0,8,0,0,0,0,4,1,6,1,29,6,1598,1,11,3,1,3
2016440327672,2,9,0,7,0,8,0,0,0,0,1,1,6,3,-1,-1,1991,2,11,-1,-1,-1
2016440327705,1,9,0,3,0,8,0,0,0,0,2,1,6,2,49,8,1686,2,11,8,1,8
2016440327705,2,19,0,18,0,8,0,0,0,0,1,1,6,1,-1,-1,1997,2,-1,-1,-1,-1
2016440327760,1,2,0,7,0,2,0,0,0,0,4,1,6,1,60,9,125,1,-1,10,1,10
2016440328002,1,1,0,18,0,8,0,0,0,0,3,1,2,1,48,8,-1,-1,-1,6,1,6
2016440328002,2,9,0,7,0,8,0,0,0,0,4,1,2,1,48,8,3498,1,9,-1,1,-1
2016440328042,1,9,0,18,0,1,0,0,0,0,1,1,6,2,36,7,1984,1,13,7,1,7
2016440328062,1,9,0,18,0,4,0,0,0,0,1,1,6,1,37,7,1998,1,11,9,2,9
2016440328062,2,9,0,9,0,8,0,0,0,0,4,1,6,2,27,6,1339,1,13,5,1,5
2016440328089,1,9,0,4,0,1,0,0,0,0,2,1,2,2,20,4,1242,1,13,3,1,3
2016440328089,2,9,0,18,0,1,0,0,0,0,1,1,6,3,-1,-1,1199,1,13,-1,-1,-1
2016440328225,1,9,0,18,0,8,0,0,0,0,1,1,6,1,-1,-1,1595,1,16,-1,-1,-1
2016440328225,2,1,0,18,0,8,0,0,0,0,3,1,6,1,62,9,-1,-1,-1,7,1,7
2016440328265,1,1,0,18,0,0,0,0,0,0,1,1,2,1,28,6,-1,-1,-1,6,1,6
2016440328265,2,9,0,2,0,0,0,0,0,0,3,1,6,3,-1,-1,2143,2,3,-1,-1,-1
2016440328423,1,9,0,3,0,8,0,0,0,0,2,1,6,1,35,6,1461,2,10,4,1,4
2016440328423,2,9,0,18,0,8,0,0,0,0,1,1,2,1,51,8,-1,-1,-1,7,1,7
2016440328438,1,2,0,18,0,8,0,2,0,0,1,1,6,1,17,4,49,1,1,10,1,10
2016440328537,1,9,0,4,0,0,0,0,0,0,2,1,2,2,28,6,1995,2,5,8,1,8
2016440328537,2,9,0,4,0,0,0,0,0,0,2,1,2,2,48,8,1560,2,3,6,1,6
2016440328537,3,9,0,4,0,0,0,0,0,0,1,1,2,1,45,7,1360,1,13,6,1,6
2016440328858,1,9,0,18,0,0,0,0,0,0,4,1,6,3,-1,-1,-1,-1,-1,-1,-1,-1
2016440328859,1,1,0,16,0,0,0,0,0,0,0,1,6,1,68,10,-1,-1,-1,10,1,10
2016440328864,1,9,0,3,0,1,0,0,0,0,2,1,6,1,37,7,1997,2,7,10,1,10
2016440328864,2,9,0,4,0,1,0,0,0,0,1,1,6,2,65,9,1198,1,6,4,1,4
2016440328866,1,9,0,18,0,1,0,0,0,0,1,1,1,1,27,6,1970,1,13,6,1,6
2016440328866,2,9,0,3,0,1,0,0,0,0,2,1,6,2,48,8,1997,2,11,2,1,2
2016440328866,3,9,0,3,0,1,0,0,0,0,2,1,1,1,-1,-1,2393,1,4,3,1,3
2016440328967,1,1,0,9,0,8,0,0,0,0,4,1,2,1,31,6,-1,-1,-1,10,2,10
2016440328967,2,9,0,5,0,4,0,0,0,0,1,1,6,2,42,7,1896,2,11,2,1,2
2016440329148,1,9,0,9,0,6,0,0,0,0,3,1,6,1,-1,-1,2143,2,4,-1,-1,-1
2016440329148,2,3,0,18,0,1,1,0,0,0,1,1,6,1,17,4,-1,-1,-1,5,1,5
2016440329230,1,9,0,18,0,2,0,0,0,0,3,1,6,1,61,9,1797,8,4,9,2,9
2016440329399,1,9,0,4,0,0,0,0,0,0,2,1,2,2,47,8,660,1,24,8,1,8
2016440329399,2,9,0,18,0,0,0,0,0,0,1,1,6,2,19,4,1390,1,13,8,1,8
2016440329598,1,9,0,9,0,8,0,0,0,0,3,1,6,1,25,5,1598,1,3,8,1,8
2016440329598,2,3,0,3,0,8,0,0,0,0,1,1,6,1,17,4,125,1,10,7,1,7
2016440329598,3,3,0,13,0,8,0,0,0,0,1,1,6,1,17,4,124,1,22,9,1,9
2016440329642,1,9,0,9,0,6,0,0,0,0,3,1,6,2,71,10,1582,2,-1,4,1,4
2016440329642,2,5,0,18,0,1,0,0,0,0,1,1,6,1,57,9,599,1,10,5,1,5
2016440329658,1,9,0,18,0,0,0,0,0,0,3,1,6,3,-1,-1,-1,-1,-1,-1,-1,-1
2016440329668,1,3,0,16,0,0,0,0,0,0,1,1,6,1,19,4,125,1,1,2,1,2
2016440329668,2,9,0,18,0,0,0,0,0,0,1,1,6,1,37,7,1587,1,9,1,1,1
2016440329758,1,1,0,18,0,0,0,0,0,0,1,1,6,1,61,9,-1,-1,-1,10,2,10
2016440329758,2,9,0,18,0,0,0,0,0,0,1,1,6,1,61,9,1497,8,1,10,1,10
2016440329963,1,3,0,18,0,0,0,0,0,0,4,1,6,1,21,5,124,1,2,8,1,8
2016440329963,2,9,0,18,0,0,0,0,0,0,3,1,2,1,42,7,1769,1,14,3,1,3
2016440329971,1,9,0,18,0,2,0,0,0,0,1,1,6,2,20,4,1598,2,3,6,2,6
2016440330055,1,9,0,9,0,8,0,0,0,0,1,1,6,1,63,9,1598,1,2,1,1,1
2016440330475,1,9,0,16,0,0,1,0,0,0,1,1,6,2,34,6,-1,-1,-1,8,3,8
2016440330475,2,9,0,17,0,0,0,0,0,0,1,1,6,1,17,4,1598,2,3,8,3,8
2016440330493,1,9,0,4,0,1,0,0,0,0,2,1,6,1,50,8,1390,1,11,4,1,4
2016440330493,2,9,0,18,0,1,0,0,0,0,1,1,6,1,42,7,1995,2,10,7,1,7
2016440330708,1,9,0,18,0,1,0,0,0,0,1,1,6,2,66,10,1998,1,8,10,1,10
2016440330712,1,2,0,4,0,0,1,0,0,0,0,1,2,2,25,5,49,1,7,-1,-1,-1
2016440330761,1,9,0,18,0,1,0,0,0,0,1,1,6,1,66,10,1797,8,1,4,1,4
2016440330942,1,9,0,17,0,0,5,0,0,0,1,1,2,1,17,4,1149,1,9,7,3,7
2016440330946,1,9,0,5,0,8,0,0,0,0,1,1,6,1,34,6,-1,-1,-1,8,1,8
2016440330946,2,9,0,9,0,8,0,0,0,0,1,1,6,2,21,5,1596,1,9,8,1,8
2016440331220,1,9,0,18,0,8,0,0,0,0,1,1,6,1,37,7,1870,2,11,7,1,7
2016440331220,2,9,0,18,0,8,0,0,0,0,1,1,6,3,-1,-1,-1,-1,-1,-1,-1,-1
2016440331254,1,3,0,7,0,8,1,10,1,11,1,1,6,1,23,5,124,1,17,-1,-1,-1
2016440331426,1,1,0,18,0,8,0,0,0,0,3,1,1,2,14,3,-1,-1,-1,5,1,5
2016440331426,2,9,0,4,0,1,0,0,0,0,1,1,2,2,31,6,1968,2,1,5,1,5
2016440331435,1,1,0,3,0,8,0,0,0,0,1,1,6,1,36,7,-1,-1,-1,10,2,10
2016440331435,2,9,0,9,0,8,0,0,0,0,3,1,6,2,26,6,1595,1,10,8,1,8
2016440331442,1,9,0,10,0,8,0,0,0,0,2,1,6,2,57,9,1984,1,13,5,3,5
2016440331442,2,9,0,18,0,8,0,0,0,0,1,1,6,2,36,7,1998,1,9,6,1,6
2016440331475,1,9,0,10,0,1,0,0,0,0,2,1,6,2,53,8,1497,8,11,6,1,6
2016440331475,2,19,0,18,0,1,0,0,0,0,1,1,6,1,19,4,1598,2,2,6,1,6
2016440331575,1,9,0,3,0,0,0,0,0,0,2,1,6,1,51,8,2179,2,8,2,1,2
2016440331575,2,9,0,18,0,0,0,0,0,0,1,1,6,1,-1,-1,-1,-1,-1,-1,-1,-1
2016440331577,1,9,0,18,0,8,0,0,1,11,3,1,6,2,48,8,1389,1,18,9,1,9
2016440331577,2,21,0,11,0,8,0,0,0,0,0,1,1,1,58,9,9200,2,9,3,1,3
2016440331633,1,3,0,4,0,0,1,0,0,0,0,1,6,2,17,4,-1,-1,-1,8,1,8
2016440331633,2,3,0,18,0,0,1,0,0,0,0,1,6,2,35,6,-1,-1,-1,6,1,6
2016440331657,1,9,0,18,0,8,1,0,0,0,1,1,6,1,26,6,2295,1,13,5,1,5
2016440331657,2,9,0,3,0,8,0,0,0,0,2,1,6,1,68,10,1968,2,3,10,2,10
2016440331657,3,9,0,18,0,8,0,0,0,0,1,1,6,1,52,8,1997,2,8,8,3,8
2016440331932,1,19,0,18,0,8,0,0,0,0,1,1,1,1,29,6,2287,2,2,6,1,6
2016440331932,2,9,0,9,0,8,0,0,0,0,3,1,2,1,20,4,1242,1,17,6,1,6
2016440331982,1,11,0,4,0,1,0,0,0,0,0,1,1,1,44,7,6370,2,10,6,1,6
2016440332061,1,8,0,1,0,1,0,0,0,0,2,1,1,1,44,7,-1,-1,-1,9,1,9
2016440332541,1,9,0,17,0,8,0,0,0,0,1,1,6,2,75,10,1295,1,23,8,1,8
2016440332541,2,9,0,16,0,8,0,0,0,0,1,1,6,3,-1,-1,1796,1,10,-1,-1,-1
2016440332750,1,9,0,9,0,8,0,0,0,0,4,1,6,2,64,9,1248,1,6,2,1,2
2016440332750,2,9,0,18,0,1,0,0,0,0,1,1,6,2,48,8,5000,1,6,4,1,4
2016440332808,1,9,0,12,0,0,0,0,1,9,3,1,6,2,18,4,998,1,6,-1,-1,-1
2016440332808,2,9,0,18,0,0,0,0,5,6,3,1,6,1,25,5,1794,1,11,4,1,4
2016440333027,1,9,0,18,0,1,0,0,0,0,1,1,6,2,79,11,1198,1,9,7,1,7
2016440333027,2,9,0,9,0,6,0,0,0,0,3,1,6,1,42,7,3197,1,8,6,1,6
2016440333448,1,1,0,18,0,2,0,0,0,0,1,1,6,1,15,3,-1,-1,-1,3,1,3
2016440333448,2,19,0,2,0,2,0,0,0,0,2,1,1,1,-1,-1,2198,2,2,2,1,2
2016440333479,1,19,0,3,0,1,0,0,0,0,2,1,1,1,36,7,2198,2,2,3,1,3
2016440333479,2,9,0,16,0,1,1,0,0,0,1,1,2,1,29,6,1595,1,15,7,1,7
2016440333495,1,9,0,4,0,0,0,0,0,0,2,1,2,1,46,8,1560,2,2,5,1,5
2016440333495,2,9,0,18,0,0,0,0,0,0,1,1,2,2,23,5,1390,1,11,8,1,8
2016440333522,1,9,0,18,0,0,0,0,4,6,1,1,2,1,26,6,2776,2,11,9,1,9
2016440333563,1,20,0,18,0,1,0,0,0,0,1,1,1,1,24,5,6728,2,1,4,1,4
2016440333563,2,9,0,9,0,6,0,0,0,0,3,1,6,1,83,11,1339,8,2,5,1,5
2016440333603,1,3,0,5,0,1,1,0,0,0,4,1,6,2,28,6,124,1,14,4,1,4
2016440333683,1,9,0,16,0,0,1,0,1,11,1,1,6,2,18,4,2298,1,19,10,1,10
2016440333770,1,9,0,18,0,0,1,10,1,2,3,1,1,1,21,5,-1,-1,-1,4,1,4
2016440333817,1,9,0,18,0,1,0,0,0,0,1,1,6,2,90,11,1497,8,4,10,2,10
2016440333817,2,9,0,10,0,1,0,0,0,0,2,1,6,1,70,10,1984,1,3,9,3,9
2016440334030,1,9,0,18,0,0,0,0,0,0,4,1,6,3,-1,-1,-1,-1,-1,-1,-1,-1
2016440334304,1,9,0,10,0,1,0,0,0,0,2,1,6,1,29,6,1910,2,12,6,1,6
2016440334304,2,9,0,18,0,1,0,0,0,0,1,1,6,2,41,7,1998,2,13,3,1,3
2016440334328,1,3,0,7,0,8,0,0,0,0,3,1,2,1,37,7,125,1,1,6,1,6
2016440334328,2,21,0,11,0,8,0,0,0,0,4,1,1,1,51,8,10837,2,3,-1,-1,-1
2016440334418,1,9,0,18,0,0,0,0,0,0,1,1,6,2,58,9,1242,1,13,8,1,8
2016440334418,2,9,0,18,0,0,0,0,0,0,1,1,6,2,79,11,-1,-1,-1,9,3,9
2016440334418,3,9,0,18,0,0,0,0,0,0,3,1,6,1,54,8,1796,1,5,9,1,9
2016440334668,1,9,0,10,0,8,0,0,0,0,2,1,6,2,43,7,1997,2,7,8,1,8
2016440334668,2,9,0,18,0,8,0,0,0,0,1,1,1,3,-1,-1,1997,2,7,-1,-1,-1
2016440334674,1,9,0,9,0,8,0,0,7,4,1,1,6,1,18,4,1242,1,2,4,1,4
2016440334951,1,19,0,7,0,8,0,0,0,0,4,1,2,2,46,8,1248,2,3,8,1,8
2016440334951,2,1,0,15,0,8,0,0,0,0,1,1,2,1,44,7,-1,-1,-1,8,1,8
2016440334996,1,9,0,4,0,0,0,0,0,0,2,1,2,2,36,7,1199,2,3,2,1,2
2016440334996,2,9,0,4,0,0,0,0,0,0,2,1,2,2,56,9,1910,2,9,4,1,4
2016440334996,3,9,0,18,0,0,0,0,0,0,1,1,2,1,42,7,2979,1,1,4,1,4
2016440335610,1,9,0,7,0,8,0,0,0,0,4,1,6,2,44,7,1360,1,6,8,1,8
2016440335610,2,1,0,18,0,8,0,0,0,0,1,1,6,1,59,9,-1,-1,-1,4,2,4
2016440335714,1,9,0,3,0,0,0,0,0,0,4,1,6,1,20,4,1086,1,13,10,1,10
2016440335714,2,1,0,15,0,0,0,0,0,0,1,1,6,1,43,7,-1,-1,-1,4,1,4
2016440335868,1,9,0,3,0,1,0,0,0,0,2,1,2,2,45,7,1587,1,13,8,1,8
2016440335868,2,9,0,5,0,1,0,0,0,0,1,1,2,1,50,8,2987,2,9,7,2,7
2016440335958,1,5,0,7,0,8,1,0,0,0,1,1,6,1,46,8,748,1,7,6,1,6
2016440335958,2,9,0,9,0,8,0,0,0,0,3,1,6,1,35,6,1597,1,20,2,1,2
2016440336015,1,9,0,7,0,6,0,0,0,0,1,1,6,1,38,7,1591,1,-1,6,1,6
2016440336015,2,1,0,18,0,1,1,0,0,0,4,1,6,1,57,9,-1,-1,-1,1,1,1
2016440336063,1,1,0,18,0,8,1,0,0,0,4,1,2,1,28,6,-1,-1,-1,8,1,8
2016440336063,2,9,0,7,0,4,0,0,0,0,1,1,6,3,-1,-1,-1,-1,-1,-1,-1,-1
2016440336248,1,9,0,18,0,0,1,0,1,4,1,1,6,1,20,4,1598,1,12,10,1,10
2016440336351,1,9,0,9,0,1,0,0,0,10,1,1,6,1,34,6,1124,1,16,5,1,5
2016440336834,1,9,0,5,0,8,0,0,0,0,4,1,6,1,90,11,1997,2,13,6,1,6
2016440336834,2,1,0,5,0,8,0,0,0,0,3,1,6,1,52,8,-1,-1,-1,5,1,5
2016440336950,1,19,0,7,0,2,0,0,0,0,4,1,6,3,-1,-1,-1,-1,-1,-1,-1,-1
2016440337120,1,1,0,18,0,8,0,0,0,0,1,1,2,1,20,4,-1,-1,-1,3,1,3
2016440337120,2,9,0,18,0,8,0,0,0,0,1,1,6,2,35,6,3222,2,11,5,1,5
2016440337133,1,9,0,14,0,0,0,0,0,0,1,1,6,1,80,11,1242,1,15,5,1,5
2016440337133,2,9,0,2,0,0,0,0,0,0,3,1,6,3,-1,-1,1600,2,7,-1,-1,-1
2016440337178,1,9,0,18,0,8,0,0,0,0,3,1,6,1,69,10,2987,2,9,10,1,10
2016440337178,2,9,0,18,0,8,0,0,0,0,3,1,6,3,-1,-1,2290,1,13,-1,-1,-1
2016440337223,1,9,0,13,0,0,0,0,0,0,2,1,6,1,53,8,1968,2,2,10,2,10
2016440337223,2,9,0,13,0,0,2,0,0,0,1,1,6,1,54,8,2000,2,11,10,1,10
2016440337332,1,9,0,18,0,0,0,0,0,0,1,1,6,1,45,7,1339,1,3,2,1,2
2016440337332,2,9,0,18,0,0,0,0,0,0,1,1,6,2,25,5,-1,-1,-1,4,1,4
2016440337387,1,3,0,7,0,8,1,0,0,0,3,1,6,1,18,4,124,1,1,4,1,4
2016440337387,2,9,0,18,0,8,0,0,0,0,4,1,2,1,49,8,1995,2,1,10,1,10
2016440337392,1,9,0,18,0,8,0,0,0,0,1,1,1,2,19,4,1242,1,3,7,1,7
2016440337392,2,1,0,9,0,8,0,0,0,0,1,1,6,1,11,3,-1,-1,-1,3,1,3
2016440337397,1,9,0,5,0,2,0,0,0,0,1,1,6,1,-1,-1,999,1,7,2,1,2
2016440337397,2,4,0,18,0,1,0,0,0,0,1,1,6,1,54,8,150,1,53,2,1,2
2016440337596,1,3,0,18,0,0,0,0,0,0,3,1,6,2,25,5,102,1,12,8,3,8
2016440337596,2,9,0,13,0,0,0,0,0,0,4,1,6,1,33,6,1796,1,12,8,3,8
2016440337665,1,9,0,18,0,0,0,0,1,11,4,1,2,1,18,4,1368,1,8,10,3,10
2016440337713,1,5,0,16,0,0,1,0,0,0,0,1,6,1,65,9,1285,1,-1,9,3,9
2016440337720,1,5,0,18,0,8,1,0,0,0,1,1,6,1,41,7,599,1,11,7,1,7
2016440337720,2,9,0,9,0,8,0,0,0,0,4,1,6,2,37,7,1769,1,15,5,3,5
2016440337720,3,9,0,18,0,8,0,0,0,0,1,1,6,2,27,6,998,1,3,3,1,3
2016440337954,1,9,0,10,0,8,0,0,0,0,0,1,1,2,-1,-1,1968,2,3,-1,-1,-1
2016440337954,2,5,0,18,0,8,1,0,0,0,0,1,1,2,50,8,535,1,25,3,1,3
2016440337959,1,1,0,15,0,1,0,0,1,0,3,1,6,2,38,7,-1,-1,-1,9,1,9
2016440337959,2,9,0,5,0,1,0,0,0,0,4,1,6,1,65,9,3200,2,14,10,1,10
2016440338045,1,1,0,18,0,8,0,0,0,0,4,1,6,1,41,7,-1,-1,-1,8,1,8
2016440338045,2,9,0,18,0,8,0,0,0,0,1,1,6,3,-1,-1,-1,-1,-1,-1,-1,-1
2016440338086,1,9,0,18,0,8,0,0,0,0,1,1,6,1,30,6,1598,2,1,9,3,9
2016440338086,2,9,0,18,0,8,0,0,7,10,4,1,1,1,24,5,1596,1,4,3,1,3
2016440338175,1,9,0,9,0,8,0,0,0,0,1,1,3,2,22,5,1991,1,14,4,1,4
2016440338175,2,1,0,18,0,8,0,0,0,0,1,1,6,2,61,9,-1,-1,-1,8,1,8
2016440338275,1,9,0,13,0,2,0,0,0,0,4,1,6,3,-1,-1,-1,-1,-1,-1,-1,-1
2016440338275,2,1,0,16,0,2,0,0,0,0,1,1,6,1,55,8,-1,-1,-1,10,1,10
2016440338806,1,3,0,18,0,8,0,0,0,0,3,1,2,1,19,4,125,1,3,10,1,10
2016440338806,2,9,0,9,0,8,0,0,0,0,4,1,6,3,-1,-1,-1,-1,-1,-1,-1,-1
2016440338878,1,1,0,18,0,8,0,0,0,0,1,1,6,1,52,8,-1,-1,-1,10,3,10
2016440338878,2,9,0,18,0,8,0,0,0,0,1,1,6,3,-1,-1,998,1,2,-1,-1,-1
2016440338924,1,3,0,18,0,8,0,0,0,0,1,1,6,1,36,7,125,1,7,1,1,1
2016440338924,2,9,0,18,0,8,0,0,0,0,3,1,6,2,55,8,1560,2,6,6,1,6
2016440338963,1,3,0,18,0,8,0,0,0,0,4,1,2,2,34,6,-1,-1,-1,10,1,10
2016440338963,2,9,0,7,0,8,0,0,0,0,1,1,2,2,-1,-1,1360,1,11,-1,-1,-1
2016440338990,1,9,0,13,0,2,0,7,0,0,1,1,6,1,69,10,1596,1,8,7,3,7
2016440338997,1,8,0,18,0,1,0,0,0,0,1,1,1,1,40,7,1598,2,5,2,1,2
2016440339028,1,9,0,18,0,0,5,0,0,0,1,1,6,1,51,8,1798,1,10,9,3,9
2016440339028,2,9,0,2,0,0,0,0,0,0,1,1,6,2,-1,-1,-1,-1,-1,-1,-1,-1
2016440339230,1,9,0,16,0,8,1,0,6,2,4,1,6,1,19,4,1998,1,11,8,1,8
2016440339406,1,9,0,18,0,0,0,0,1,9,1,1,6,1,39,7,1242,1,-1,-1,-1,-1
2016440339413,1,9,0,9,0,8,0,0,0,0,1,1,2,1,24,5,2616,1,12,9,1,9
2016440339413,2,1,0,18,0,8,0,0,0,0,4,1,6,1,63,9,-1,-1,-1,5,1,5
2016440339491,1,9,0,18,0,0,0,0,0,0,1,1,6,2,-1,-1,1598,1,15,8,1,8
2016440339491,2,1,0,18,0,0,0,0,0,0,1,1,6,1,33,6,-1,-1,-1,4,1,4
2016440339658,1,9,0,18,0,0,0,0,0,0,1,1,6,1,38,7,1396,1,17,4,1,4
2016440339658,2,9,0,4,0,0,0,0,0,0,2,1,2,1,46,8,1995,2,3,6,3,6
2016440339667,1,9,0,9,0,2,0,0,0,0,1,1,6,3,-1,-1,1399,1,11,-1,-1,-1
2016440339756,1,9,0,8,0,1,0,0,0,0,2,1,6,2,45,7,1368,1,1,10,1,10
2016440339756,2,9,0,5,0,1,0,0,0,0,1,1,1,1,29,6,1968,2,7,5,1,5
2016440339807,1,9,0,16,0,1,1,0,0,0,1,1,6,1,42,7,1587,1,27,7,3,7
2016440339807,2,9,0,17,0,1,0,0,0,0,1,1,6,1,23,5,1242,1,7,10,1,10
2016440339940,1,9,0,9,0,5,0,0,0,0,4,1,6,1,42,7,1598,1,8,1,1,1
2016440339940,2,9,0,18,0,1,0,0,0,0,1,1,6,1,34,6,1598,1,9,-1,-1,-1
2016440340040,1,9,0,18,0,0,0,0,0,0,1,1,1,1,31,6,1331,1,22,5,1,5
2016440340040,2,9,0,3,0,0,0,0,0,0,2,1,1,3,-1,-1,2204,2,11,-1,-1,-1
2016440340160,1,90,0,18,0,0,1,0,1,11,1,1,1,1,43,7,7146,2,5,3,1,3
2016440340160,2,17,0,4,0,0,0,0,0,0,1,1,2,1,66,10,6728,2,10,7,3,7
2016440340192,1,9,0,18,0,0,0,0,0,0,1,1,6,2,44,7,1590,1,15,4,1,4
2016440340194,1,9,0,17,0,0,0,0,0,0,4,1,6,3,-1,-1,-1,-1,-1,-1,-1,-1
2016440340314,1,9,0,2,0,0,0,0,0,0,0,1,3,1,48,8,1769,1,12,6,1,6
2016440340314,2,1,0,18,0,0,0,0,0,0,3,1,6,2,62,9,-1,-1,-1,10,1,10
2016440340436,1,9,0,13,0,8,1,0,0,0,4,1,6,1,33,6,1598,2,7,-1,-1,-1
2016440340436,2,9,0,18,0,8,0,0,0,0,3,1,2,1,68,10,1598,1,4,5,3,5
2016440340853,1,9,0,18,0,8,0,0,0,0,2,1,1,2,51,8,1598,2,5,6,1,6
2016440340853,2,4,0,18,0,8,0,0,0,0,1,1,6,1,22,5,125,1,14,3,1,3
2016440341362,1,9,0,9,0,8,0,0,7,1,1,1,6,1,72,10,1840,1,21,5,2,5
2016440341461,1,9,0,18,0,0,0,0,0,0,2,1,6,1,38,7,1968,2,2,2,1,2
2016440341461,2,9,0,18,0,0,0,0,0,0,1,1,6,3,-1,-1,1598,1,7,-1,-1,-1
2016440341490,1,9,0,17,0,0,0,0,0,0,1,1,6,1,21,5,1596,1,8,7,1,7
2016440341522,1,9,0,16,0,0,1,10,0,0,3,1,6,1,22,5,-1,-1,-1,9,3,9
2016440341542,1,19,0,9,0,8,0,0,0,0,1,1,6,1,24,5,2198,2,-1,9,1,9
2016440341549,1,19,0,3,0,8,0,0,0,0,2,1,6,1,58,9,1753,2,12,10,1,10
2016440341549,2,9,0,3,0,8,0,0,0,0,2,1,6,1,57,9,1199,1,12,7,1,7
2016440341549,3,9,0,18,0,8,0,0,0,0,1,1,6,1,-1,-1,1149,1,14,-1,-1,-1
2016440341579,1,3,0,18,0,8,0,0,0,0,1,1,6,1,29,6,125,1,-1,7,1,7
2016440341579,2,9,0,4,0,8,0,0,0,0,2,1,6,2,65,9,2400,2,3,8,1,8
2016440341792,1,2,0,18,0,8,1,0,0,0,0,1,2,2,42,7,50,1,8,6,1,6
2016440341792,2,9,0,9,0,8,0,0,0,0,0,1,6,1,58,9,1968,2,6,10,1,10
2016440341920,1,9,0,9,0,8,0,0,0,0,1,1,6,2,49,8,1242,1,6,7,1,7
2016440341920,2,1,0,18,0,8,0,0,0,0,1,1,6,1,27,6,-1,-1,-1,3,1,3
2016440342216,1,9,0,16,0,0,2,0,7,0,0,1,6,1,19,4,1400,1,16,4,1,4
2016440342329,1,9,0,18,0,0,0,0,7,11,1,1,6,1,22,5,1596,1,12,7,3,7
2016440342504,1,5,0,18,0,0,1,0,1,9,3,1,6,1,58,9,790,1,13,3,1,3
2016440342510,1,9,0,18,0,8,0,0,0,0,1,1,6,1,56,9,2184,2,11,5,1,5
2016440342510,2,9,0,9,0,8,0,0,0,0,1,1,6,2,25,5,2184,2,11,2,1,2
2016440342546,1,11,0,18,0,1,0,0,0,0,0,1,1,1,54,8,4500,2,1,2,1,2
2016440342546,2,11,0,18,0,1,0,0,0,0,0,1,1,3,-1,-1,-1,-1,-1,-1,-1,-1
2016440342546,3,9,0,5,0,8,0,0,0,0,0,1,6,3,-1,-1,-1,-1,-1,-1,-1,-1
2016440342676,1,9,0,18,0,8,0,0,0,0,4,1,6,1,40,7,-1,-1,-1,2,1,2
2016440342828,1,3,0,16,0,0,1,0,0,0,1,1,6,1,20,4,125,1,6,2,1,2
2016440342828,2,9,0,17,0,0,0,0,0,0,1,1,6,1,36,7,1339,1,12,-1,-1,-1
2016440343007,1,9,0,18,0,2,0,0,0,0,1,1,6,1,73,10,1991,1,17,1,1,1
2016440343007,2,3,0,18,0,1,0,0,0,0,1,1,2,1,27,6,125,1,1,1,1,1
2016440343024,1,19,0,4,0,0,0,0,0,0,1,1,6,1,53,8,2198,2,4,5,1,5
2016440343024,2,9,0,4,0,0,0,0,0,0,1,1,6,1,49,8,2720,2,10,6,3,6
2016440343156,1,9,0,18,0,8,0,0,0,0,1,1,6,1,-1,-1,-1,-1,-1,-1,-1,-1
2016440343156,2,1,0,18,0,8,0,0,0,0,2,1,6,1,5,1,-1,-1,-1,8,3,8
2016440343397,1,3,0,18,0,0,0,0,0,0,0,1,2,1,21,5,124,1,2,2,1,2
2016440343534,1,9,0,3,0,0,0,0,0,0,2,1,6,1,48,8,1997,2,15,2,1,2
2016440343534,2,9,0,4,0,0,0,0,0,0,2,1,6,1,25,5,1598,2,-1,2,1,2
2016440343534,3,9,0,18,0,0,0,0,0,0,1,1,6,2,21,5,1328,1,13,4,1,4
2016440343570,1,9,0,9,0,5,0,0,0,0,3,1,2,2,23,5,1198,1,7,-1,-1,-1
2016440343570,2,3,0,13,0,1,0,0,0,0,1,1,2,1,17,4,124,1,3,8,1,8
2016440343714,1,9,0,6,0,0,0,0,0,0,4,1,1,1,56,9,1399,2,7,8,1,8
2016440343714,2,9,0,18,0,0,0,0,1,0,1,1,2,1,29,6,-1,-1,-1,9,2,9
2016440343837,1,9,0,9,0,2,0,0,0,0,1,1,6,1,79,11,1364,1,1,10,1,10