Accident_Index,Vehicle_Reference,Vehicle_Type,Towing_and_Articulation,Vehicle_Manoeuvre,Vehicle_Location-Restricted_Lane,Junction_Location,Skidding_and_Overturning,Hit_Object_in_Carriageway,Vehicle_Leaving_Carriageway,Hit_Object_off_Carriageway,1st_Point_of_Impact,Was_Vehicle_Left_Hand_Drive?,Journey_Purpose_of_Driver,Sex_of_Driver,Age_of_Driver,Age_Band_of_Driver,Engine_Capacity_(CC),Propulsion_Code,Age_of_Vehicle,Driver_IMD_Decile,Driver_Home_Area_Type,Vehicle_IMD_Decile
2016440344028,1,9,0,18,0,1,0,0,0,0,2,1,6,2,30,6,1995,2,9,5,1,5
2016440344028,2,9,0,18,0,1,0,0,0,0,1,1,6,1,34,6,1242,1,16,1,1,1
2016440344133,1,9,0,7,0,8,0,7,0,0,1,1,6,1,87,11,1597,1,19,-1,-1,-1
2016440344570,1,9,0,18,0,0,0,0,0,0,4,1,6,3,-1,-1,-1,-1,-1,-1,-1,-1
2016440344648,1,9,0,9,0,6,0,0,0,0,1,1,6,1,49,8,1600,1,17,9,1,9
2016440344648,2,1,0,18,0,1,0,0,0,0,4,1,6,1,39,7,-1,-1,-1,8,1,8
2016440344666,1,1,0,9,0,0,0,10,0,0,1,1,1,2,26,6,-1,-1,-1,9,1,9
2016440344756,1,5,0,16,0,0,0,0,7,11,1,1,6,1,53,8,953,1,12,7,3,7
2016440344845,1,9,0,4,0,1,0,0,0,0,2,1,6,1,31,6,1910,2,9,4,1,4
2016440344845,2,9,0,18,0,1,0,0,0,0,1,1,6,1,22,5,1956,2,-1,8,2,8
2016440344913,1,9,0,18,0,0,2,0,2,4,1,1,6,1,19,4,1242,1,17,6,2,6
2016440344919,1,9,0,18,0,0,0,0,0,0,1,1,6,1,21,5,1461,2,2,2,1,2
2016440344919,2,9,0,18,0,0,0,0,0,0,2,1,6,2,51,8,1796,1,9,5,1,5
2016440344990,1,3,0,18,0,0,0,12,0,0,4,1,2,1,49,8,125,1,4,7,1,7
2016440345054,1,9,0,4,0,1,0,0,0,0,2,1,6,2,26,6,1997,2,9,3,1,3
2016440345054,2,9,0,18,0,1,0,0,0,0,1,1,6,3,-1,-1,2996,1,7,-1,-1,-1
2016440345199,1,9,0,18,0,1,1,0,0,0,1,1,6,1,21,5,1781,1,14,1,1,1
2016440345199,2,20,0,9,0,6,0,0,0,0,4,1,1,1,54,8,4462,2,3,-1,-1,-1
2016440345314,1,9,0,18,0,0,1,0,0,0,1,1,6,1,80,11,1560,2,2,7,3,7
2016440345314,2,9,0,18,0,0,0,0,0,0,2,1,6,2,21,5,1360,1,10,10,1,10
2016440345695,1,9,0,18,0,0,0,0,1,9,4,1,6,1,87,11,1341,1,16,10,1,10
2016440345751,1,9,0,18,0,1,5,0,1,4,4,1,6,2,69,10,-1,-1,-1,7,3,7
2016440345788,1,9,0,18,0,0,1,0,0,0,1,1,2,1,32,6,1968,2,9,9,1,9
2016440345788,2,9,0,3,0,0,0,0,0,0,2,1,6,2,40,7,1968,2,2,10,3,10
2016440345885,1,9,0,3,0,0,0,0,0,0,2,1,6,1,26,6,1910,2,10,1,1,1
2016440345885,2,2,0,18,0,0,0,0,0,0,1,1,1,1,18,4,-1,-1,-1,1,1,1
2016440345923,1,8,0,18,0,0,0,0,0,0,1,1,1,1,31,6,1598,2,5,4,1,4
2016440345994,1,21,0,12,0,8,0,0,0,0,3,1,1,1,52,8,10308,2,4,6,1,6
2016440345994,2,11,0,18,0,8,0,0,0,0,4,1,1,2,60,9,6370,2,10,10,1,10
2016440346009,1,9,0,9,4,8,0,0,0,0,1,1,6,1,91,11,1299,1,9,6,1,6
2016440346009,2,1,0,18,4,8,0,0,0,0,1,1,6,1,16,4,-1,-1,-1,3,1,3
2016440346061,1,1,0,18,0,1,0,0,0,0,1,1,6,1,29,6,-1,-1,-1,3,1,3
2016440346115,1,9,0,9,0,8,0,0,0,0,1,1,6,1,54,8,2982,2,2,10,1,10
2016440346115,2,1,0,18,0,8,0,0,7,11,1,1,6,1,49,8,-1,-1,-1,7,3,7
2016440346144,1,9,0,9,0,8,0,0,0,0,1,1,6,1,29,6,2993,2,-1,9,1,9
2016440346144,2,3,0,18,0,8,0,0,0,0,1,1,6,1,21,5,124,1,2,1,1,1
2016440346192,1,9,0,9,0,8,0,0,0,0,3,1,6,1,87,11,1242,1,9,10,1,10
2016440346192,2,20,0,18,0,8,1,0,0,0,1,1,1,1,46,8,-1,-1,-1,6,2,6
2016440346243,1,1,0,17,0,8,0,0,0,0,4,1,2,1,28,6,-1,-1,-1,1,1,1
2016440346243,2,9,0,18,0,8,0,0,0,0,1,1,6,1,63,9,1796,1,9,3,1,3
2016440346255,1,1,0,18,0,0,0,0,0,0,3,1,6,1,10,2,-1,-1,-1,2,1,2
2016440346255,2,9,0,18,0,0,0,0,0,0,4,1,6,3,-1,-1,-1,-1,-1,-1,-1,-1
2016440346656,1,3,0,14,0,8,0,0,0,0,1,1,2,1,17,4,125,1,-1,2,1,2
2016440346656,2,9,0,9,0,8,0,0,0,0,3,1,2,2,22,5,998,1,16,1,1,1
2016440346836,1,9,0,16,0,1,0,0,0,0,1,1,6,1,48,8,1995,2,3,10,1,10
2016440346836,2,9,0,17,0,2,0,0,0,0,1,1,1,1,28,6,1799,1,8,10,1,10
2016440346879,1,9,0,9,0,8,0,0,0,0,4,1,6,2,53,8,1995,2,-1,3,1,3
2016440346891,1,9,0,18,0,1,0,0,0,0,1,1,6,2,25,5,1389,1,12,2,1,2
2016440346891,2,3,0,7,0,8,0,0,0,0,3,1,6,1,29,6,125,1,13,7,1,7
2016440346918,1,21,0,4,0,0,0,0,0,0,1,1,1,1,56,9,4580,2,4,2,1,2
2016440346918,2,21,0,4,0,0,0,0,0,0,2,1,1,1,68,10,16120,2,3,-1,3,-1
2016440346918,3,21,0,4,0,0,0,0,0,0,2,1,1,1,54,8,16120,2,3,-1,2,-1
2016440346918,4,21,0,4,0,0,0,0,0,0,2,1,1,1,45,7,10837,2,-1,2,1,2
2016440346925,1,9,0,3,0,0,0,0,0,0,2,1,6,2,28,6,1686,2,9,5,1,5
2016440346925,2,9,0,18,0,0,0,0,0,0,1,1,6,2,61,9,1368,1,5,7,2,7
2016440346986,1,9,0,7,0,6,0,0,1,11,1,1,6,1,83,11,1248,1,3,10,1,10
2016440347105,1,9,0,18,0,1,0,0,0,0,4,1,6,2,28,6,1299,1,19,9,1,9
2016440347298,1,9,0,10,0,1,0,0,0,0,2,1,6,1,80,11,1299,1,9,4,3,4
2016440347298,2,3,0,18,0,1,0,0,0,0,1,1,6,1,20,4,124,1,-1,7,1,7
2016440347301,1,9,0,18,0,8,0,0,0,0,1,1,6,1,88,11,1586,1,10,9,1,9
2016440347301,2,9,0,18,0,8,0,0,0,0,4,1,6,2,67,10,1248,1,1,8,1,8
2016440347340,1,9,0,9,0,8,0,0,0,0,1,1,2,1,54,8,1997,2,6,7,1,7
2016440347340,2,3,0,18,0,8,1,0,0,0,3,1,2,1,29,6,124,1,8,4,1,4
2016440347382,1,9,0,18,0,0,0,0,0,0,1,1,2,1,54,8,1997,1,11,4,1,4
2016440347382,2,1,0,18,0,0,0,0,0,0,2,1,2,1,56,9,-1,-1,-1,9,1,9
2016440347445,1,9,0,6,0,8,0,0,0,0,3,1,6,1,58,9,1360,1,10,8,2,8
2016440347445,2,5,0,13,0,8,0,0,0,0,1,1,2,1,24,5,649,1,7,9,1,9
2016440347545,1,1,0,18,0,1,0,0,0,0,4,1,6,1,16,4,-1,-1,-1,6,1,6
2016440347545,2,9,0,5,0,6,0,0,0,0,1,1,6,3,-1,-1,-1,-1,-1,-1,-1,-1
2016440347578,1,9,0,3,0,1,0,0,0,0,2,1,6,1,33,6,1968,2,9,9,1,9
2016440347578,2,19,0,5,0,1,0,0,0,0,1,1,6,2,39,7,-1,-1,-1,3,1,3
2016440347584,1,9,0,18,0,0,0,0,0,0,1,1,6,3,-1,-1,-1,-1,-1,-1,-1,-1
2016440347584,2,1,0,18,0,0,0,0,0,0,3,1,6,1,18,4,-1,-1,-1,2,1,2
2016440347685,1,21,1,18,0,0,3,0,1,11,3,2,1,1,55,8,-1,-1,-1,6,1,6
2016440347685,2,9,0,18,0,0,1,0,2,7,4,1,2,1,57,9,1197,1,1,-1,-1,-1
2016440347926,1,9,0,9,0,8,0,0,0,0,1,1,2,2,52,8,1596,1,24,10,1,10
2016440347926,2,1,0,18,0,8,0,0,0,0,3,1,6,1,15,3,-1,-1,-1,4,1,4
2016440348079,1,9,0,17,0,0,0,0,1,9,1,1,6,1,21,5,-1,-1,-1,5,1,5
2016440348240,1,19,0,4,0,1,0,0,0,0,2,1,1,1,27,6,2143,2,1,-1,-1,-1
2016440348240,2,21,1,18,0,1,1,0,0,0,1,1,1,1,39,7,-1,-1,-1,2,1,2
2016440348381,1,9,0,9,0,8,0,0,0,0,3,1,1,1,66,10,1598,2,-1,10,3,10
2016440348381,2,19,0,18,0,8,0,0,0,0,1,1,6,1,64,9,1998,2,10,8,1,8
2016440348419,1,9,0,18,0,0,1,0,0,0,1,1,6,1,57,9,1905,2,18,10,1,10
2016440348419,2,9,0,4,0,0,0,0,0,0,2,1,6,1,53,8,2997,1,1,10,1,10
2016440348761,1,9,0,7,0,8,0,0,0,0,4,1,6,3,-1,-1,-1,-1,-1,-1,-1,-1
2016440348761,2,1,0,18,0,8,0,0,0,0,1,1,6,1,31,6,-1,-1,-1,3,1,3
2016440348907,1,9,0,7,0,8,0,0,0,0,4,1,6,3,-1,-1,-1,-1,-1,-1,-1,-1
2016440348907,2,1,0,18,0,1,0,0,0,0,1,1,6,2,19,4,-1,-1,-1,3,1,3
2016440348985,1,3,0,18,0,8,0,0,0,0,1,1,6,1,22,5,124,1,1,5,1,5
2016440348985,2,9,0,9,0,8,0,0,0,0,3,1,6,2,44,7,1798,1,7,9,1,9
2016440349053,1,9,0,9,0,6,0,0,0,0,1,1,2,1,26,6,1496,2,1,10,1,10
2016440349053,2,5,0,18,0,1,0,0,0,0,4,1,2,2,22,5,487,1,12,6,1,6
2016440349296,1,9,0,18,0,0,0,0,1,7,2,1,6,1,55,8,1840,1,17,5,1,5
2016440349344,1,9,0,17,0,0,1,0,0,0,1,1,6,1,34,6,1998,1,12,7,1,7
2016440349344,2,9,0,16,0,0,0,0,0,0,1,1,6,2,54,8,1197,1,2,8,1,8
2016440349433,1,9,0,18,0,0,2,0,5,6,1,1,2,2,22,5,1229,1,4,10,1,10
2016440349556,1,9,0,18,0,8,0,0,0,0,3,1,6,1,52,8,-1,-1,-1,2,1,2
2016440349645,1,9,0,9,0,8,0,0,0,0,3,1,6,1,32,6,1200,1,-1,3,1,3
2016440349645,2,9,0,18,0,1,0,0,0,0,1,1,6,3,-1,-1,1998,1,11,-1,-1,-1
2016440349868,1,19,0,18,9,0,0,0,0,0,1,1,1,1,51,8,1900,2,13,3,1,3
2016440350066,1,9,0,18,0,8,0,11,0,0,2,1,6,2,93,11,1798,1,7,2,1,2
2016440350073,1,9,0,5,0,8,0,0,0,0,1,1,6,2,19,4,1197,1,2,10,1,10
2016440350073,2,9,0,17,0,8,0,0,0,0,4,1,6,2,82,11,1242,1,5,9,1,9
2016440350162,1,5,0,13,0,8,0,0,0,0,1,1,6,1,51,8,883,1,12,5,1,5
2016440350162,2,9,0,9,0,8,0,0,0,0,3,1,1,1,39,7,1461,2,10,4,1,4
2016440350278,1,9,0,4,0,1,0,0,0,0,1,1,6,2,26,6,1896,2,7,8,1,8
2016440350278,2,9,0,4,0,1,0,0,0,0,2,1,6,2,38,7,1910,2,8,2,1,2
2016440350278,3,9,0,4,0,1,0,0,0,0,2,1,6,1,41,7,1896,2,12,4,1,4
2016440350322,1,9,0,12,0,0,0,0,0,4,3,1,6,2,36,7,1242,1,11,5,1,5
2016440350322,2,9,0,18,0,0,0,0,0,0,4,1,6,1,59,9,2993,2,5,6,1,6
2016440350327,1,9,0,4,0,1,0,0,0,0,2,1,6,2,41,7,1299,1,10,5,1,5
2016440350327,2,9,0,4,0,1,0,0,0,0,1,1,6,3,-1,-1,2720,2,7,-1,-1,-1
2016440350401,1,9,0,18,0,0,0,0,0,0,1,1,6,1,45,7,-1,-1,-1,2,1,2
2016440350617,1,9,0,1,0,1,0,0,0,0,2,1,6,2,-1,-1,1997,2,9,-1,-1,-1
2016440350617,2,9,0,18,0,1,0,0,0,0,1,1,6,1,37,7,2183,2,5,6,1,6
2016440350839,1,22,0,18,0,8,0,0,0,0,1,1,6,1,44,7,-1,-1,-1,2,1,2
2016440350839,2,9,0,9,0,8,0,0,0,0,1,1,6,3,-1,-1,-1,-1,-1,-1,-1,-1
2016440350890,1,9,0,17,0,0,0,0,2,4,1,1,6,1,32,6,1596,1,7,7,2,7
2016440350925,1,90,0,18,0,0,0,0,0,0,1,1,6,1,70,10,2800,2,9,6,3,6
2016440350956,1,9,0,17,0,0,0,0,8,1,1,1,6,1,18,4,1242,1,9,2,1,2
2016440351285,1,1,0,18,0,1,0,0,0,0,2,1,1,1,42,7,-1,-1,-1,10,1,10
2016440351285,2,9,0,7,0,5,0,0,0,0,4,1,6,3,-1,-1,1390,1,4,-1,-1,-1
2016440351496,1,1,0,18,0,1,0,0,0,0,1,1,6,1,44,7,-1,-1,-1,10,1,10
2016440351681,1,9,0,2,0,0,0,0,0,0,2,1,6,1,30,6,1560,2,3,9,2,9
2016440351681,2,1,0,18,4,0,0,0,0,0,1,1,6,1,25,5,-1,-1,-1,4,1,4
2016440351687,1,9,0,9,0,5,0,0,1,5,4,1,6,1,23,5,1398,1,1,8,1,8
2016440351687,2,11,0,18,0,1,0,0,1,1,1,1,1,1,46,8,-1,-1,-1,3,1,3
2016440351764,1,9,0,18,0,0,0,0,0,0,1,1,6,3,-1,-1,-1,-1,-1,-1,-1,-1
2016440351764,2,1,0,18,0,0,0,0,0,0,2,1,6,1,5,1,-1,-1,-1,4,1,4
2016440352264,1,8,0,16,0,0,2,10,1,9,4,1,6,1,54,8,1910,2,9,2,1,2
2016440352446,1,9,0,18,0,0,2,0,1,0,1,1,6,3,-1,-1,998,1,-1,-1,-1,-1
2016440352446,2,9,0,18,0,0,0,0,0,0,2,1,6,1,29,6,1595,1,11,9,1,9
2016440352539,1,9,0,5,0,0,0,0,0,0,1,1,6,1,47,8,1560,2,2,2,1,2
2016440352613,1,9,0,18,0,0,0,0,0,0,2,1,3,2,50,8,2438,1,19,5,1,5
2016440352613,2,9,0,18,0,0,1,0,0,0,1,1,6,1,49,8,-1,-1,-1,10,2,10
2016440352618,1,5,0,17,0,0,1,0,0,0,3,1,6,1,35,6,599,1,12,-1,-1,-1
2016440352706,1,5,0,16,0,2,1,0,0,0,1,1,6,1,21,5,-1,-1,-1,6,1,6
2016440352706,2,9,0,18,0,1,0,0,0,0,3,1,6,2,58,9,1598,1,8,4,1,4
2016440352812,1,9,0,2,0,1,0,0,0,0,2,1,6,2,51,8,-1,-1,-1,9,1,9
2016440352812,2,1,0,18,0,1,0,4,0,0,1,1,6,1,45,7,-1,-1,-1,10,1,10
2016440352922,1,9,0,9,0,6,0,0,0,0,3,1,6,1,19,4,1149,1,14,8,1,8
2016440352922,2,9,0,18,0,1,1,0,0,0,1,1,6,1,70,10,-1,-1,-1,8,1,8
2016440353002,1,9,0,7,0,6,0,0,0,0,0,1,6,3,-1,-1,-1,-1,-1,-1,-1,-1
2016440353002,2,9,0,18,0,1,0,0,0,0,2,1,6,2,60,9,-1,-1,-1,10,1,10
2016440353002,3,19,0,18,0,1,1,0,0,0,1,1,1,1,47,8,2143,2,1,7,1,7
2016440353783,1,9,0,3,0,1,0,0,0,0,1,1,6,2,17,4,1299,1,12,10,1,10
2016440353783,2,1,0,3,0,1,0,0,0,0,2,1,6,2,54,8,-1,-1,-1,10,1,10
2016440354177,1,9,0,9,0,8,0,0,0,0,1,1,6,1,17,4,1199,1,17,7,1,7
2016440354177,2,1,0,18,0,8,0,0,0,0,3,1,6,2,44,7,-1,-1,-1,7,1,7
2016440354315,1,9,0,17,0,0,0,0,1,4,1,1,2,2,34,6,1388,1,8,1,1,1
2016440354394,1,9,0,4,0,1,0,0,0,0,2,1,6,1,33,6,1200,1,2,4,1,4
2016440354394,2,1,0,18,0,1,0,0,0,0,1,1,1,1,48,8,-1,-1,-1,4,1,4
2016440354406,1,9,0,18,0,1,0,0,0,0,1,1,1,1,35,6,1598,2,5,1,1,1
2016440354458,1,19,0,13,0,1,0,0,0,0,4,1,6,3,-1,-1,-1,-1,-1,-1,-1,-1
2016440354458,2,1,0,18,0,1,0,0,0,0,3,1,6,1,53,8,-1,-1,-1,9,3,9
2016440354534,1,5,0,16,0,0,1,0,0,0,1,1,6,1,73,10,745,1,5,7,3,7
2016440354534,2,9,0,17,0,0,0,0,0,0,3,1,6,1,29,6,1800,1,15,2,1,2
2016440354534,3,9,0,17,0,0,0,0,0,0,3,1,6,1,59,9,1198,1,14,8,1,8
2016440354568,1,9,0,16,0,4,0,9,3,7,3,1,6,1,28,6,1390,1,13,5,1,5
2016440354771,1,1,0,18,0,8,0,0,0,0,1,1,1,1,28,6,-1,-1,-1,10,1,10
2016440354771,2,9,0,9,0,8,0,0,0,0,1,1,6,1,67,10,1598,1,3,1,1,1
2016440354986,1,9,0,13,0,8,0,0,7,4,1,1,6,1,29,6,1753,2,9,5,2,5
2016440354986,2,9,0,9,0,8,0,0,0,0,3,1,6,2,29,6,1995,1,5,10,1,10
2016440355150,1,1,0,13,0,0,0,0,0,0,1,1,6,1,32,6,-1,-1,-1,4,1,4
2016440355150,2,9,0,18,0,0,0,0,0,0,2,1,6,1,-1,-1,-1,-1,-1,-1,-1,-1
2016440355432,1,9,0,3,0,1,0,0,0,0,2,1,6,2,47,8,1995,2,1,10,1,10
2016440355432,2,9,0,18,0,1,0,0,0,0,1,1,6,2,18,4,1598,1,17,9,1,9
2016440355563,1,9,0,18,0,0,2,0,1,0,3,1,6,2,21,5,1360,1,15,4,2,4
2016440355563,2,9,0,18,0,0,1,0,0,0,3,1,6,1,39,7,1868,2,16,4,2,4
2016440355616,1,19,0,9,0,8,0,0,0,0,3,1,1,1,28,6,1560,2,-1,6,1,6
2016440355616,2,3,0,14,0,8,0,0,0,0,1,1,1,2,29,6,108,1,1,3,1,3
2016440355636,1,9,0,9,0,8,0,0,0,0,3,1,6,2,78,11,1956,2,5,9,1,9
2016440355636,2,5,0,18,0,8,0,0,0,0,1,1,1,1,27,6,125,1,1,3,1,3
2016440355830,1,9,0,18,0,8,0,0,0,0,3,1,2,2,46,8,1781,1,14,3,1,3
2016440355830,2,9,0,5,0,8,0,0,0,0,1,1,6,1,32,6,1598,1,11,5,1,5
2016440355852,1,9,0,18,0,8,1,0,0,0,1,1,2,2,47,8,1598,1,12,8,1,8
2016440355852,2,9,0,9,0,8,1,0,0,0,3,1,2,2,49,8,-1,-1,-1,2,1,2
2016440355871,1,9,0,5,0,0,0,0,0,0,0,1,1,2,19,4,1398,1,1,4,1,4
2016440355945,1,21,0,18,0,8,0,0,0,0,1,1,1,1,55,8,12419,2,3,10,1,10
2016440355945,2,5,0,18,0,8,1,0,0,0,2,1,2,1,50,8,1188,1,30,4,1,4
2016440356322,1,9,0,18,0,0,0,0,0,0,1,1,2,1,46,8,1596,1,16,4,1,4
2016440356322,2,9,0,18,0,0,0,0,0,0,2,1,2,2,54,8,1388,1,7,-1,-1,-1
2016440356450,1,9,0,9,0,8,0,0,0,0,1,1,2,2,32,6,2191,2,3,4,1,4
2016440356450,2,1,0,17,0,8,0,0,0,0,4,1,6,2,28,6,-1,-1,-1,10,1,10
2016440356584,1,9,0,12,0,8,0,0,0,0,2,1,2,1,33,6,1998,2,11,5,1,5
2016440356584,2,9,0,18,0,8,5,0,0,0,1,1,6,2,20,4,998,1,9,10,1,10
2016440356784,1,9,0,4,0,8,0,0,0,0,2,1,6,2,38,7,2204,2,9,6,1,6
2016440356784,2,9,0,18,0,8,0,0,0,0,1,1,6,2,-1,-1,1997,2,5,-1,-1,-1
2016440356897,1,9,0,18,0,0,0,0,0,0,1,1,1,2,23,5,1598,2,3,6,1,6
2016440356897,2,19,0,4,0,0,0,0,0,0,2,1,1,3,-1,-1,2298,2,-1,-1,-1,-1
2016440356996,1,5,0,18,0,0,1,0,0,0,1,1,2,1,48,8,599,1,14,9,2,9
2016440356996,2,9,0,4,0,0,0,0,0,0,2,1,6,2,-1,-1,1586,1,3,4,3,4
2016440357053,1,9,0,18,0,0,2,0,7,0,1,1,6,2,86,11,1124,1,10,7,2,7
2016440357191,1,9,0,18,0,0,0,0,5,6,1,1,6,2,33,6,1388,1,14,3,1,3
2016440357258,1,9,0,4,0,1,0,0,0,0,2,1,1,1,31,6,1598,2,3,9,1,9
2016440357258,2,1,0,18,0,1,0,0,0,0,1,1,6,1,15,3,-1,-1,-1,10,1,10
2016440357261,1,9,0,9,0,8,1,0,3,0,1,1,6,2,50,8,1591,1,-1,4,1,4
2016440357317,1,1,0,18,0,0,0,0,0,0,1,1,2,1,30,6,-1,-1,-1,1,1,1
2016440357317,2,9,0,6,0,0,0,0,0,0,3,1,3,1,47,8,1598,1,7,4,1,4
2016440357317,3,9,0,2,0,0,0,0,0,0,2,1,6,2,45,7,1999,1,2,6,1,6
2016440357318,1,9,0,18,0,0,0,0,1,4,3,1,2,1,31,6,1461,2,-1,9,1,9
2016440357318,2,19,0,18,0,0,1,0,0,0,4,1,6,1,35,6,-1,-1,-1,5,1,5
2016440357503,1,9,0,18,0,8,0,0,0,0,3,1,6,3,-1,-1,-1,-1,-1,-1,-1,-1
2016440357503,2,2,0,18,0,8,0,0,0,0,1,1,6,1,16,4,49,1,12,1,1,1
2016440357620,1,9,0,18,0,1,1,0,2,4,1,1,6,2,17,4,1149,1,8,8,3,8
2016440357928,1,9,0,5,0,1,0,0,0,0,1,1,6,1,21,5,1229,1,4,9,1,9
2016440357928,2,5,0,3,0,1,0,0,0,0,2,1,6,1,38,7,649,1,11,5,1,5
2016440357958,1,1,0,18,0,0,0,0,1,0,1,1,2,1,35,6,-1,-1,-1,9,2,9
2016440357958,2,9,0,3,0,0,0,0,0,0,2,1,6,3,-1,-1,-1,-1,-1,-1,-1,-1
2016440358002,1,2,0,18,0,1,0,0,0,0,4,1,4,1,16,4,49,1,4,5,1,5
2016440358300,1,5,0,18,0,0,0,0,0,0,1,1,6,1,24,5,-1,-1,-1,10,3,10
2016440358300,2,9,0,9,8,0,0,0,0,0,3,1,6,2,78,11,1783,1,12,6,3,6
2016440358341,1,9,0,18,0,8,0,0,0,0,1,1,6,2,71,10,1229,1,10,3,1,3
2016440358341,2,9,0,9,0,8,0,0,0,0,3,1,6,2,67,10,999,1,-1,4,1,4
2016440358367,1,5,0,17,0,8,0,0,0,0,2,1,6,1,24,5,599,1,18,7,1,7
2016440358367,2,9,0,17,0,8,0,0,0,0,1,1,6,3,-1,-1,-1,-1,-1,-1,-1,-1
2016440358708,1,2,0,18,0,8,0,0,0,0,1,1,6,1,16,4,50,1,-1,6,1,6
2016440358708,2,9,0,17,0,8,0,0,0,0,3,1,6,1,74,10,1796,1,12,7,1,7
2016440358728,1,9,0,10,0,1,0,0,0,0,2,1,2,2,25,5,1360,1,12,5,1,5
2016440358728,2,19,0,18,0,1,0,0,0,0,1,1,1,1,45,7,-1,-1,-1,3,1,3
2016440358814,1,9,0,7,0,5,0,0,0,0,4,1,6,2,31,6,1997,1,10,4,1,4
2016440358814,2,1,0,15,0,1,0,0,0,0,1,1,6,1,40,7,-1,-1,-1,-1,-1,-1
2016440358819,1,9,0,3,0,8,0,0,0,0,2,1,2,1,54,8,1598,1,9,8,1,8
2016440358819,2,3,0,4,0,8,0,0,0,0,1,1,2,2,22,5,102,1,3,9,1,9
2016440358821,1,9,0,18,0,0,0,0,0,0,1,1,6,1,87,11,1248,1,6,6,1,6
2016440358821,2,9,0,4,0,0,0,0,0,0,2,1,6,2,28,6,1299,1,17,-1,-1,-1
2016440359127,1,9,0,4,0,0,0,0,0,0,2,1,6,2,53,8,1242,1,6,1,1,1
2016440359127,2,9,0,4,0,0,0,0,0,0,2,1,6,2,23,5,1229,1,2,10,1,10
2016440359127,3,9,0,18,0,0,0,0,0,0,1,1,6,1,33,6,1998,1,12,5,1,5
2016440359251,1,1,0,18,0,8,0,0,0,0,4,1,6,1,10,2,-1,-1,-1,2,1,2
2016440359251,2,9,0,5,0,8,0,0,0,0,1,1,6,2,33,6,1124,1,14,5,1,5
2016440359318,1,9,0,18,0,4,0,0,0,0,3,1,6,1,24,5,-1,-1,-1,10,1,10
2016440359318,2,1,0,18,0,8,0,0,0,0,1,1,6,1,40,7,-1,-1,-1,8,1,8
2016440359332,1,1,0,18,0,1,0,0,0,0,4,1,6,1,14,3,-1,-1,-1,3,1,3
2016440359332,2,9,0,5,0,6,0,0,0,0,1,1,6,3,-1,-1,-1,-1,-1,-1,-1,-1
2016440359345,1,9,0,18,0,8,0,0,0,0,1,1,6,1,64,9,1199,1,12,1,1,1
2016440359345,2,5,0,9,0,8,0,0,0,0,1,1,6,1,57,9,599,1,19,5,1,5
2016440359390,1,9,0,18,0,8,0,0,0,0,1,1,6,1,55,8,2393,1,4,9,1,9
2016440359390,2,1,0,18,0,8,0,0,0,0,2,1,6,1,47,8,-1,-1,-1,3,1,3
2016440359406,1,5,0,13,0,0,0,0,0,0,1,1,2,1,60,9,582,1,9,8,1,8
2016440359406,2,9,0,18,0,0,0,0,0,0,2,1,6,1,20,4,1596,1,15,3,1,3
2016440359407,1,9,0,18,0,0,0,0,0,0,1,1,1,1,38,7,-1,-1,-1,7,1,7
2016440359407,2,9,0,4,0,0,0,0,0,0,2,1,2,1,63,9,1246,1,9,7,1,7
2016440359453,1,9,0,18,0,4,0,0,0,0,3,1,2,1,27,6,1753,2,15,2,1,2
2016440359453,2,1,0,18,0,8,0,0,0,0,1,1,2,1,35,6,-1,-1,-1,9,1,9
2016440359680,1,9,0,12,0,8,0,0,0,0,3,1,1,1,60,9,1968,2,7,8,1,8
2016440359680,2,9,0,9,0,8,0,0,0,0,4,1,6,1,34,6,1686,2,5,4,1,4
2016440359893,1,9,0,6,0,0,0,0,0,0,3,1,6,1,57,9,1461,2,5,7,3,7
2016440359893,2,3,0,13,0,0,1,0,7,0,1,1,6,1,18,4,124,1,3,6,2,6
2016440360033,1,9,0,18,0,2,0,0,0,0,1,1,6,1,88,11,1596,1,5,6,1,6
2016440360033,2,9,0,2,0,2,0,0,0,0,2,1,6,1,24,5,1598,1,6,-1,-1,-1
2016440360221,1,9,0,12,0,7,2,0,4,0,3,1,6,2,70,10,1896,2,7,9,1,9
2016440360221,2,9,0,18,0,8,0,0,0,0,4,1,6,1,50,8,1397,1,12,2,1,2
2016440360221,3,9,0,18,0,8,0,0,0,0,4,1,6,2,26,6,1598,1,13,5,1,5
2016440360221,4,9,0,18,0,8,0,0,0,0,1,1,6,1,42,7,1956,2,1,7,1,7
2016440360324,1,9,0,4,0,1,0,0,0,0,2,1,6,1,49,8,1587,1,10,5,1,5
2016440360324,2,9,0,18,0,1,0,0,0,0,1,1,6,3,-1,-1,-1,-1,-1,-1,-1,-1
2016440360328,1,9,0,18,0,0,0,0,0,0,1,1,2,2,23,5,998,1,2,6,1,6
2016440360328,2,9,0,18,0,0,0,0,0,0,1,1,2,1,37,7,1598,2,3,9,1,9
2016440360419,1,9,0,18,0,0,0,0,7,11,1,1,6,2,73,10,1499,1,10,10,3,10
2016440360558,1,9,0,18,0,0,0,0,7,1,1,1,6,2,36,7,2295,1,15,9,2,9