Accident_Index,Vehicle_Reference,Vehicle_Type,Towing_and_Articulation,Vehicle_Manoeuvre,Vehicle_Location-Restricted_Lane,Junction_Location,Skidding_and_Overturning,Hit_Object_in_Carriageway,Vehicle_Leaving_Carriageway,Hit_Object_off_Carriageway,1st_Point_of_Impact,Was_Vehicle_Left_Hand_Drive?,Journey_Purpose_of_Driver,Sex_of_Driver,Age_of_Driver,Age_Band_of_Driver,Engine_Capacity_(CC),Propulsion_Code,Age_of_Vehicle,Driver_IMD_Decile,Driver_Home_Area_Type,Vehicle_IMD_Decile
2016440360678,1,19,0,18,0,0,0,0,0,0,3,1,6,1,32,6,1870,2,10,2,1,2
2016440360678,2,9,0,18,0,0,0,0,0,0,3,1,6,1,39,7,1896,2,11,3,1,3
2016440361207,1,9,0,18,0,1,0,0,0,0,4,1,6,3,-1,-1,-1,-1,-1,-1,-1,-1
2016440361207,2,1,0,18,0,1,0,0,0,0,3,1,6,1,40,7,-1,-1,-1,1,1,1
2016440361264,1,1,0,17,0,8,0,0,0,0,4,1,6,1,39,7,-1,-1,-1,9,1,9
2016440361388,1,9,0,7,0,5,0,0,0,0,3,1,6,1,36,7,998,1,3,10,1,10
2016440361388,2,5,0,18,0,1,0,0,0,0,1,1,6,2,54,8,-1,-1,-1,10,1,10
2016440361393,1,9,0,5,0,6,0,0,0,0,1,1,2,1,24,5,-1,-1,-1,9,3,9
2016440361393,2,22,0,18,0,1,0,0,0,0,3,1,6,2,89,11,-1,-1,-1,10,1,10
2016440361440,1,9,0,18,0,2,1,0,4,0,1,1,6,1,21,5,-1,-1,-1,6,3,6
2016440361440,2,17,0,18,0,2,0,0,0,0,2,1,1,1,19,4,4400,2,9,5,3,5
2016440362014,1,9,0,7,0,8,1,0,0,0,1,1,6,1,40,7,1686,2,3,1,1,1
2016440362014,2,9,0,9,0,8,5,10,0,0,4,1,6,1,18,4,1124,1,12,10,1,10
2016440362279,1,9,0,18,0,8,2,0,7,2,1,1,6,1,19,4,1999,1,11,4,2,4
2016440362444,1,90,0,1,0,8,0,0,0,0,2,1,1,2,46,8,2987,2,3,6,1,6
2016440362444,2,3,0,3,0,8,0,0,0,0,1,1,2,2,21,5,124,1,7,5,3,5
2016440362459,1,1,0,18,0,0,1,0,0,0,4,1,6,1,54,8,-1,-1,-1,10,1,10
2016440362459,2,9,0,2,0,0,0,0,0,0,3,1,6,1,48,8,1995,2,2,9,2,9
2016440362538,1,5,0,18,0,0,0,0,0,0,4,1,6,1,67,10,-1,-1,-1,8,3,8
2016440362541,1,9,0,18,0,1,1,0,0,0,1,1,6,1,56,9,1997,2,11,3,1,3
2016440362541,2,9,0,3,0,1,0,0,0,0,2,1,6,1,43,7,1388,1,8,8,1,8
2016440362541,3,9,0,3,0,1,0,0,0,0,2,1,6,2,55,8,1997,2,12,10,1,10
2016440362550,1,9,0,18,0,1,0,0,0,0,1,1,6,1,43,7,1560,2,1,3,1,3
2016440362550,2,9,0,8,0,1,0,0,0,0,2,1,6,1,38,7,1896,2,8,4,1,4
2016440362845,1,5,0,17,0,8,1,0,0,0,1,1,6,1,28,6,599,1,16,5,1,5
2016440362845,2,9,0,17,0,8,0,0,7,0,2,1,6,2,22,5,1242,1,-1,3,1,3
2016440362846,1,9,0,18,0,1,0,0,7,10,1,1,6,2,22,5,1587,1,11,6,1,6
2016440362846,2,97,0,9,0,8,0,0,0,0,0,1,6,3,-1,-1,-1,-1,-1,-1,-1,-1
2016440362909,1,9,0,18,0,0,5,0,1,4,1,1,6,2,74,10,999,1,1,8,2,8
2016440362922,1,5,0,17,0,0,1,0,0,0,3,1,6,1,19,4,689,1,-1,9,1,9
2016440363142,1,9,0,18,0,8,0,0,0,0,1,1,6,1,20,4,1900,2,10,6,3,6
2016440363142,2,9,0,9,0,8,0,0,0,0,4,1,6,1,38,7,1598,2,-1,1,1,1
2016440363254,1,9,0,18,0,2,0,0,0,0,4,1,6,1,37,7,1896,2,12,7,1,7
2016440363254,2,9,0,18,0,1,0,7,0,0,4,1,6,1,28,6,2926,2,13,9,1,9
2016440363320,1,9,0,18,0,4,0,0,0,0,1,1,2,1,43,7,1896,2,14,1,1,1
2016440363320,2,9,0,18,0,8,0,0,0,0,4,1,2,1,35,6,-1,-1,-1,4,2,4
2016440363334,1,9,0,18,0,8,0,0,0,0,1,1,2,1,63,9,1398,2,7,6,2,6
2016440363334,2,3,0,7,0,4,0,0,0,0,3,1,2,2,55,8,125,1,-1,7,3,7
2016440363373,1,5,0,14,0,1,0,0,0,0,1,1,2,1,20,4,883,1,4,10,2,10
2016440363373,2,9,0,9,0,5,0,0,0,0,3,1,2,2,32,6,1796,1,4,1,1,1
2016440363389,1,9,0,17,0,0,2,0,1,4,1,1,6,1,23,5,1400,1,10,8,3,8
2016440363402,1,9,0,9,0,8,0,0,0,0,1,1,6,2,26,6,1242,1,8,9,1,9
2016440363402,2,9,0,18,0,8,0,0,0,0,1,1,6,2,30,6,1596,1,10,3,1,3
2016440363402,3,9,0,18,0,8,0,0,0,0,1,1,6,2,21,5,1248,2,7,10,2,10
2016440363434,1,9,0,18,0,0,0,0,0,0,1,1,2,2,56,9,1997,1,11,5,1,5
2016440363434,2,9,0,3,0,0,0,0,0,0,2,1,6,2,27,6,1498,1,5,4,2,4
2016440363753,1,1,0,18,0,0,0,0,0,0,3,1,6,1,37,7,-1,-1,-1,7,1,7
2016440363753,2,9,0,13,0,0,0,0,0,0,4,1,6,3,-1,-1,-1,-1,-1,-1,-1,-1
2016440363855,1,9,0,18,0,1,0,0,0,0,1,1,1,2,25,5,1499,1,-1,2,1,2
2016440363855,2,9,0,4,0,1,0,0,0,0,2,1,6,1,33,6,1560,2,8,9,1,9
2016440363939,1,9,0,5,0,4,0,0,0,0,1,1,1,1,41,7,1496,2,-1,8,1,8
2016440363939,2,1,0,18,0,8,0,0,0,0,4,1,6,1,52,8,-1,-1,-1,10,3,10
2016440364004,1,9,0,4,0,0,0,0,0,0,1,1,1,2,38,7,1686,2,4,4,1,4
2016440364004,2,9,0,4,0,0,0,0,0,0,2,1,1,1,53,8,1598,2,6,3,1,3
2016440364087,1,9,0,18,0,0,0,0,0,0,1,1,6,1,22,5,1242,1,11,7,1,7
2016440364087,2,8,0,4,0,0,0,0,0,0,1,1,1,1,-1,-1,1560,2,2,9,1,9
2016440364087,3,9,0,3,0,0,0,0,0,0,2,1,6,1,23,5,1598,1,7,10,3,10
2016440364087,4,9,0,3,0,0,0,0,0,0,2,1,6,1,62,9,1988,1,16,1,1,1
2016440364168,1,1,0,18,0,8,0,0,0,0,1,1,6,1,16,4,-1,-1,-1,9,1,9
2016440364168,2,9,0,18,0,8,0,0,0,0,3,1,6,3,-1,-1,1362,1,2,-1,-1,-1
2016440364184,1,9,0,1,9,8,0,0,0,0,2,1,2,2,59,9,1896,2,7,1,1,1
2016440364222,1,9,0,18,0,1,1,0,0,0,3,1,6,1,25,5,-1,-1,-1,2,1,2
2016440364222,2,9,0,18,0,8,0,0,0,0,1,1,6,1,-1,-1,1679,1,15,10,1,10
2016440364235,1,9,0,18,0,1,0,0,0,0,1,1,2,2,35,6,1598,2,2,8,1,8
2016440364235,2,19,0,3,0,1,0,0,0,0,2,1,2,1,34,6,1995,2,6,10,1,10
2016440364480,1,9,0,9,0,8,0,0,0,0,1,1,6,1,56,9,1364,1,-1,9,3,9
2016440364808,1,2,0,17,0,8,0,0,0,0,1,1,2,1,45,7,-1,-1,-1,7,1,7
2016440365036,1,9,0,17,0,0,2,0,1,0,1,1,6,2,17,4,998,1,16,8,1,8
2016440365155,1,9,0,7,0,8,0,0,0,0,3,1,6,1,75,10,2000,1,13,5,1,5
2016440365155,2,1,0,18,0,8,0,0,0,0,1,1,6,1,17,4,-1,-1,-1,1,1,1
2016440365182,1,19,0,18,0,0,0,0,0,0,1,1,1,1,64,9,2143,2,5,5,1,5
2016440365182,2,9,0,18,0,0,0,0,0,0,2,1,6,1,30,6,1896,2,9,3,1,3
2016440365241,1,9,0,9,0,8,0,0,0,0,0,1,6,1,35,6,2143,12,1,5,1,5
2016440365241,2,5,0,18,0,8,1,0,0,0,4,1,6,1,24,5,-1,-1,-1,2,1,2
2016440365329,1,9,0,7,0,8,0,0,0,0,3,1,6,1,53,8,1388,1,9,3,1,3
2016440365329,2,1,0,18,0,8,0,0,0,0,1,1,6,1,52,8,-1,-1,-1,4,1,4
2016440365428,1,9,0,18,0,0,0,0,0,0,1,1,6,1,31,6,1997,2,8,6,1,6
2016440365428,2,19,0,4,0,0,0,0,0,0,2,1,1,1,50,8,1560,2,2,9,1,9
2016440365531,1,9,0,18,0,0,2,0,0,0,4,1,6,1,19,4,1328,1,11,3,2,3
2016440365627,1,8,0,18,0,0,0,0,0,0,3,1,1,1,32,6,1390,1,5,6,1,6
2016440365822,1,9,0,18,0,0,0,0,0,0,0,1,6,1,32,6,-1,-1,-1,3,3,3
2016440365822,2,1,0,18,0,0,0,0,0,0,0,1,6,1,31,6,-1,-1,-1,4,1,4
2016440365953,1,21,0,12,0,0,0,0,0,0,3,1,1,1,46,8,-1,-1,-1,-1,-1,-1
2016440365953,2,9,0,18,0,0,0,0,1,4,4,1,2,1,59,9,999,1,3,7,1,7
2016440365958,1,9,0,18,0,0,0,0,0,0,1,1,6,2,41,7,1968,2,11,9,3,9
2016440366293,1,9,0,9,0,8,0,0,0,0,3,1,2,1,62,9,1896,2,14,9,1,9
2016440366293,2,1,0,18,0,8,0,0,0,0,1,1,6,2,58,9,-1,-1,-1,7,1,7
2016440366342,1,19,0,18,0,0,0,0,0,0,1,1,1,1,47,8,1598,2,2,-1,-1,-1
2016440366342,2,1,0,18,0,0,0,0,0,0,1,1,6,1,25,5,-1,-1,-1,4,1,4
2016440366465,1,9,0,5,0,1,0,0,0,0,1,1,3,2,42,7,1997,2,12,4,1,4
2016440366465,2,9,0,5,0,1,0,0,0,0,2,1,3,2,27,6,1598,1,8,5,1,5
2016440366469,1,5,0,13,0,0,1,0,0,0,3,1,2,1,33,6,553,1,31,10,1,10
2016440366469,2,9,0,11,0,0,0,0,0,0,4,1,2,1,23,5,1598,1,8,-1,-1,-1
2016440366482,1,9,0,18,0,0,5,0,7,4,1,1,2,1,31,6,1398,1,1,5,1,5
2016440366861,1,9,0,9,0,8,0,0,0,0,1,1,6,1,79,11,1796,1,16,8,3,8
2016440366861,2,9,0,18,0,8,0,0,0,0,3,1,6,2,27,6,1398,1,6,7,3,7
2016440367055,1,19,0,7,0,8,0,0,0,0,4,1,1,1,54,8,2402,2,13,8,1,8
2016440367055,2,1,0,18,0,8,0,0,0,0,1,1,6,2,27,6,-1,-1,-1,8,1,8
2016440367099,1,9,0,5,0,8,0,0,0,0,3,1,6,1,79,11,2400,2,5,5,3,5
2016440367099,2,4,0,18,0,8,0,0,0,0,1,1,6,2,34,6,234,1,21,4,1,4
2016440367283,1,5,0,18,0,8,0,0,0,0,1,1,6,1,60,9,892,1,21,7,1,7
2016440367283,2,3,0,9,0,8,0,0,0,0,3,1,6,1,18,4,124,1,7,10,1,10
2016440367639,1,9,0,9,0,6,0,0,0,0,3,1,6,2,39,7,1396,1,8,7,3,7
2016440367639,2,9,0,18,0,1,0,0,0,0,1,1,6,2,22,5,1390,1,11,6,3,6
2016440367807,1,3,0,18,0,8,1,0,0,0,0,1,2,2,18,4,125,1,-1,2,1,2
2016440367949,1,8,0,18,0,0,0,0,5,6,1,1,1,1,46,8,1598,2,7,3,1,3
2016440367969,1,19,0,4,0,1,0,0,0,0,2,1,1,1,64,9,2402,2,11,6,1,6
2016440367969,2,9,0,18,0,1,0,0,0,0,1,1,6,2,46,8,1598,1,3,7,3,7
2016440368024,1,11,0,4,0,0,0,0,0,0,2,1,1,1,49,8,12000,2,14,4,1,4
2016440368024,2,9,0,18,0,0,0,0,0,0,1,1,6,2,61,9,996,1,1,5,3,5
2016440368064,1,19,0,9,0,8,0,0,0,0,1,1,6,3,-1,-1,1248,2,9,-1,-1,-1
2016440368064,2,1,0,17,0,8,0,0,0,0,4,1,6,1,41,7,-1,-1,-1,7,1,7
2016440368073,1,11,0,18,2,0,0,0,0,0,1,1,1,1,53,8,7790,2,12,6,3,6
2016440368121,1,9,0,17,0,2,0,0,1,9,1,1,1,1,26,6,1781,1,20,8,1,8
2016440368473,1,9,0,11,0,1,0,0,0,0,1,1,6,2,40,7,1395,1,3,4,1,4
2016440368473,2,9,0,3,0,1,0,0,0,0,2,1,2,2,40,7,1124,1,19,4,1,4
2016440368480,1,11,0,18,0,1,0,0,0,0,1,1,1,2,50,8,4500,2,1,5,1,5
2016440368480,2,9,0,10,0,8,0,0,0,0,2,1,2,1,69,10,1560,2,5,9,1,9
2016440368497,1,19,0,18,0,0,0,0,0,0,1,1,1,1,61,9,1499,2,2,-1,-1,-1
2016440368497,2,9,0,2,0,0,0,0,0,0,2,1,6,3,-1,-1,1984,2,3,-1,-1,-1
2016440368497,3,9,0,2,0,0,0,0,0,0,2,1,6,3,-1,-1,1598,2,-1,-1,-1,-1
2016440368497,4,19,0,2,0,0,0,0,0,0,2,1,6,3,-1,-1,-1,-1,-1,-1,-1,-1
2016440368551,1,9,0,18,0,1,0,0,0,0,1,1,6,1,71,10,1598,1,6,10,1,10
2016440368551,2,9,0,4,0,8,0,0,0,0,2,1,6,2,71,10,1995,1,6,6,1,6
2016440368650,1,3,0,3,0,1,0,0,0,0,2,1,6,1,17,4,125,1,12,5,1,5
2016440368650,2,9,0,5,0,1,0,0,0,0,1,1,6,2,53,8,-1,-1,-1,9,1,9
2016440368681,1,9,0,2,0,0,0,0,0,0,4,1,6,3,-1,-1,2902,2,12,-1,-1,-1
2016440368689,1,3,0,18,0,8,0,0,0,0,1,1,6,1,40,7,96,1,8,7,1,7
2016440368689,2,9,0,7,0,8,0,0,0,0,1,1,6,2,-1,-1,2500,2,21,-1,-1,-1
2016440368693,1,9,0,7,0,8,0,0,0,0,4,1,1,1,50,8,1997,2,8,1,1,1
2016440368693,2,1,0,18,0,8,0,0,0,0,1,1,1,1,53,8,-1,-1,-1,9,1,9
2016440368725,1,3,0,16,0,0,1,0,0,0,0,1,6,1,24,5,125,1,-1,10,1,10
2016440368742,1,9,0,9,0,8,0,0,0,0,1,1,6,2,67,10,1360,1,10,7,1,7
2016440368742,2,5,0,18,0,8,0,0,0,0,4,1,6,1,25,5,898,1,18,1,1,1
2016440368799,1,9,0,18,0,0,0,0,0,0,1,1,6,3,-1,-1,1984,1,12,-1,-1,-1
2016440368879,1,19,0,9,0,8,0,0,0,0,3,1,1,1,38,7,6700,2,1,2,1,2
2016440368879,2,20,0,18,0,8,0,0,0,0,1,1,1,1,51,8,-1,-1,-1,4,1,4
2016440368986,1,3,0,18,0,0,0,0,0,0,1,1,6,1,24,5,125,1,1,3,1,3
2016440368986,2,9,0,2,0,0,0,0,0,0,1,1,6,3,-1,-1,1910,2,10,-1,-1,-1
2016440369050,1,3,0,18,0,8,0,0,0,0,1,1,6,1,19,4,125,1,1,7,1,7
2016440369050,2,9,0,7,0,8,0,0,0,0,2,1,6,2,56,9,2179,2,1,6,1,6
2016440369103,1,9,0,18,0,2,0,0,0,0,1,1,6,1,31,6,2204,2,9,4,1,4
2016440369103,2,9,0,2,0,2,0,0,0,0,1,1,6,3,-1,-1,1995,2,4,-1,-1,-1
2016440369103,3,9,0,2,0,2,0,0,0,0,2,1,6,3,-1,-1,1598,1,3,-1,-1,-1
2016440369246,1,2,0,18,0,8,0,0,0,0,1,1,1,2,21,5,-1,-1,-1,8,3,8
2016440369246,2,9,0,10,0,8,0,0,0,0,2,1,1,1,25,5,-1,-1,-1,2,1,2
2016440369427,1,19,0,7,0,8,0,0,0,0,4,1,6,1,39,7,2287,2,5,7,1,7
2016440369427,2,11,0,18,2,8,0,0,0,0,3,1,1,2,43,7,9000,2,12,6,1,6
2016440369465,1,9,0,3,0,1,0,0,0,0,2,1,6,2,42,7,1150,1,8,6,1,6
2016440369465,2,9,0,4,0,1,0,0,0,0,1,1,6,3,-1,-1,1995,2,9,-1,-1,-1
2016440369629,1,9,0,18,0,0,0,0,1,0,3,1,6,1,24,5,1400,1,17,4,2,4
2016440369629,2,9,0,18,0,0,0,0,0,0,2,1,6,2,30,6,2184,2,13,2,1,2
2016440369659,1,9,0,18,0,0,0,0,0,0,4,1,6,2,17,4,1598,1,15,8,1,8
2016440369659,2,9,0,18,0,0,0,0,0,0,1,1,6,3,-1,-1,-1,-1,-1,-1,-1,-1
2016440369832,1,9,0,18,0,0,0,0,0,0,1,1,6,1,32,6,1198,1,8,4,1,4
2016440369832,2,9,0,4,0,0,0,0,0,0,2,1,6,2,47,8,1896,2,11,10,1,10
2016440370188,1,9,0,9,0,8,0,2,0,0,4,1,6,1,37,7,1995,2,10,4,1,4
2016440370188,2,9,0,18,0,8,0,0,0,0,1,1,6,1,55,8,1598,1,5,10,1,10
2016440370297,1,9,0,9,0,8,0,0,0,0,1,1,2,1,50,8,1461,2,5,10,1,10
2016440370297,2,2,0,17,0,8,0,0,0,0,1,1,6,1,16,4,49,1,7,8,3,8
2016440370404,1,9,0,1,0,0,0,0,0,0,4,1,6,1,35,6,1798,1,9,8,1,8
2016440370404,2,9,0,17,0,0,0,0,1,0,1,1,6,1,73,10,1984,1,1,10,2,10
2016440370526,1,9,0,18,0,8,0,0,0,0,3,1,6,1,42,7,1248,2,3,8,1,8
2016440370526,2,9,0,9,0,8,0,0,0,0,3,1,2,1,32,6,-1,-1,-1,9,1,9
2016440370652,1,9,0,18,0,0,2,0,0,0,3,1,2,1,53,8,3217,1,16,6,3,6
2016440370895,1,9,0,9,0,8,0,0,0,0,3,1,6,2,39,7,1995,2,6,10,1,10
2016440370895,2,9,0,18,0,8,0,0,0,0,1,1,6,2,31,6,1896,2,11,10,1,10
2016440370927,1,9,0,18,0,0,1,0,0,0,4,1,1,1,31,6,1149,1,6,5,1,5
2016440370972,1,9,0,9,0,8,0,0,7,1,4,1,1,1,34,6,1598,2,4,2,1,2
2016440370972,2,9,0,7,0,8,0,0,0,0,1,1,6,2,31,6,1995,1,13,3,1,3
2016440370972,3,9,0,8,0,8,0,0,0,0,3,1,6,2,61,9,1598,1,3,3,1,3
2016440371066,1,-1,0,18,0,8,0,0,0,0,4,1,6,3,-1,-1,-1,-1,-1,-1,-1,-1
2016440371144,1,9,0,18,0,0,0,0,0,0,1,1,6,2,49,8,1560,2,7,10,1,10
2016440371144,2,9,0,4,0,0,0,0,0,0,2,1,6,2,51,8,1242,1,2,4,1,4
2016440371176,1,9,0,9,0,8,0,0,0,0,1,1,6,1,62,9,2495,2,20,6,1,6
2016440371176,2,3,0,18,0,1,0,0,0,0,3,1,1,1,19,4,125,1,1,5,1,5
2016440371205,1,9,0,5,0,4,0,0,0,0,1,1,6,1,66,10,2494,1,16,9,1,9
2016440371205,2,1,0,18,0,8,0,0,0,0,4,1,6,1,63,9,-1,-1,-1,10,1,10
2016440371362,1,9,0,11,0,0,0,0,0,0,2,1,2,1,26,6,1598,1,13,8,1,8
2016440371362,2,9,0,18,0,0,0,0,0,0,1,1,2,1,46,8,1999,1,10,3,1,3
2016440371383,1,9,0,18,0,8,0,0,0,0,1,1,6,1,24,5,1995,2,9,10,3,10
2016440371383,2,9,0,18,0,8,0,0,0,0,1,1,6,2,-1,-1,1995,2,-1,-1,-1,-1
2016440371384,1,9,0,3,0,1,0,0,0,0,2,1,2,1,39,7,1896,2,9,2,1,2
2016440371384,2,9,0,18,0,1,0,0,0,0,1,1,6,2,33,6,1686,2,4,10,1,10
2016440371395,1,5,0,4,0,1,0,0,0,0,1,1,6,1,20,4,599,1,17,10,1,10
2016440371395,2,9,0,9,0,1,0,0,0,0,2,1,6,2,19,4,1199,1,13,4,1,4
2016440371492,1,9,0,18,0,1,0,0,0,0,3,1,6,1,41,7,1968,2,8,4,1,4
2016440371492,2,9,0,7,0,8,0,0,0,0,3,1,6,2,31,6,1242,1,4,5,1,5
2016440371588,1,9,0,18,0,0,0,0,1,1,4,1,6,1,22,5,1796,1,11,5,1,5
2016440371610,1,9,0,18,0,1,0,0,0,0,1,1,2,1,57,9,1896,2,12,10,1,10
2016440371610,2,9,0,9,0,8,0,0,0,0,3,1,6,1,18,4,1124,1,15,4,1,4
2016440371836,1,9,0,18,0,2,2,0,1,0,1,1,6,1,31,6,1461,2,10,7,1,7
2016440372129,1,1,0,18,0,0,1,0,0,0,1,1,6,2,50,8,-1,-1,-1,8,1,8
2016440372129,2,1,0,18,0,0,0,0,0,0,2,1,6,1,-1,-1,-1,-1,-1,-1,-1,-1
2016440372146,1,9,0,3,0,1,0,0,0,0,2,1,6,1,52,8,1997,2,7,10,1,10
2016440372146,2,21,0,4,0,1,0,0,0,0,1,1,6,3,-1,-1,6370,2,11,-1,-1,-1
2016440372256,1,9,0,11,0,0,0,0,0,0,0,1,6,2,18,4,1395,1,1,8,3,8
2016440372256,2,9,0,18,0,0,1,0,6,6,1,1,6,2,72,10,-1,-1,-1,5,1,5
2016440372256,3,9,0,18,0,0,1,0,1,1,4,1,6,1,37,7,1753,2,7,9,1,9
2016440372303,1,9,0,9,0,8,0,0,0,0,4,1,6,2,31,6,1686,2,9,3,1,3
2016440372303,2,1,0,18,0,4,0,0,0,0,1,1,6,2,18,4,-1,-1,-1,10,1,10
2016440372361,1,9,0,3,0,1,0,0,0,0,2,1,6,2,19,4,998,1,14,9,1,9
2016440372361,2,21,0,18,0,1,0,0,0,0,1,1,6,3,-1,-1,6870,2,4,-1,-1,-1
2016440372667,1,3,0,18,0,0,1,0,7,11,1,1,6,1,17,4,124,1,-1,1,1,1
2016440372683,1,1,0,5,0,6,0,0,0,0,3,1,2,1,21,5,-1,-1,-1,5,1,5
2016440372683,2,9,0,18,0,1,0,0,0,0,1,1,6,1,20,4,1199,1,12,7,1,7
2016440372712,1,9,0,18,0,8,0,0,0,0,1,1,6,2,64,9,999,1,6,7,1,7
2016440372712,2,9,0,2,0,8,0,0,0,0,2,1,6,3,-1,-1,1998,1,12,-1,-1,-1
2016440372744,1,1,0,18,0,0,0,0,0,0,0,1,6,1,31,6,-1,-1,-1,7,1,7
2016440372744,2,9,0,18,0,0,0,0,0,0,0,1,6,3,-1,-1,-1,-1,-1,-1,-1,-1
2016440372937,1,1,0,18,0,0,0,0,0,0,1,1,6,1,36,7,-1,-1,-1,10,1,10
2016440372937,2,9,0,18,0,0,0,0,0,0,1,1,6,1,-1,-1,2495,2,16,-1,-1,-1
2016440373129,1,9,0,18,0,0,0,0,1,0,1,1,6,2,35,6,1997,2,14,5,1,5
2016440373129,2,19,0,18,0,0,0,0,7,0,1,1,2,1,26,6,1997,2,10,8,2,8
2016440373220,1,9,0,9,0,8,0,0,0,0,3,1,6,1,81,11,1596,1,5,10,1,10
2016440373220,2,2,0,18,0,8,0,0,0,0,1,1,6,1,80,11,85,1,14,8,1,8
2016440373307,1,9,0,12,0,1,0,0,0,0,0,1,6,3,-1,-1,-1,-1,-1,-1,-1,-1
2016440373307,2,11,0,18,0,1,0,0,0,0,0,1,1,1,53,8,4461,2,1,7,1,7
2016440373442,1,1,0,18,0,8,0,0,0,0,1,1,6,1,17,4,-1,-1,-1,6,1,6
2016440373442,2,9,0,18,0,8,0,0,0,0,1,1,6,2,60,9,1339,1,11,8,1,8
2016440373466,1,9,0,18,0,8,5,0,1,0,4,1,6,1,73,10,1386,1,6,9,1,9
2016440373466,2,9,0,18,0,8,0,0,0,0,1,1,6,1,84,11,1422,2,6,5,3,5
2016440373771,1,9,0,18,0,1,0,0,0,0,1,1,6,1,31,6,1598,1,13,5,1,5
2016440373771,2,9,0,3,0,1,0,0,0,0,2,1,6,2,35,6,1968,2,4,6,1,6
2016440373877,1,9,0,7,0,8,0,0,0,0,4,1,2,1,58,9,1596,1,7,9,1,9
2016440373877,2,1,0,15,4,8,0,0,0,0,1,1,6,1,24,5,-1,-1,-1,-1,-1,-1
2016440373903,1,1,0,17,0,8,0,0,0,0,0,1,6,1,47,8,-1,-1,-1,10,1,10
2016440373903,2,9,0,9,0,8,0,0,0,0,0,1,6,3,-1,-1,-1,-1,-1,-1,-1,-1
2016440373975,1,9,0,18,0,0,0,0,0,0,1,1,6,3,-1,-1,1248,1,6,-1,-1,-1
2016440373975,2,9,0,4,0,0,0,0,0,0,2,1,6,2,28,6,1598,1,10,10,1,10
2016440373976,1,9,0,13,0,8,0,0,0,0,1,1,2,1,46,8,1596,1,3,5,1,5
2016440373976,2,9,0,9,0,8,0,0,7,0,3,1,2,2,53,8,1398,2,9,9,2,9
2016440374209,1,9,0,18,0,0,2,0,8,2,1,1,6,1,27,6,1951,2,17,1,1,1
2016440374387,1,9,0,18,0,1,0,0,0,0,1,1,2,2,24,5,1242,1,1,10,1,10
2016440374455,1,9,0,7,0,8,0,0,0,0,4,1,1,2,63,9,2179,2,2,7,3,7
2016440374455,2,1,0,18,0,8,0,0,0,0,3,1,6,1,29,6,-1,-1,-1,8,1,8
2016440374760,1,9,0,3,0,1,0,0,0,0,2,1,6,1,45,7,999,1,-1,4,1,4
2016440374760,2,9,0,4,0,1,0,0,0,0,1,1,6,3,-1,-1,-1,-1,-1,-1,-1,-1
2016440374950,1,5,0,4,0,1,0,0,0,0,2,1,6,1,26,6,1157,1,11,8,1,8
2016440374950,2,9,0,5,0,1,0,0,0,0,1,1,6,1,26,6,2143,2,5,3,1,3
2016440375248,1,1,0,18,0,1,0,0,0,0,3,1,6,1,44,7,-1,-1,-1,10,1,10
2016440375248,2,9,0,9,0,8,0,0,0,0,1,1,6,3,-1,-1,-1,-1,-1,-1,-1,-1
2016440375260,1,9,0,18,0,1,0,0,0,0,1,1,6,2,17,4,1299,1,9,8,3,8
2016440375359,1,9,0,3,0,8,0,0,0,0,2,1,6,1,74,10,1595,1,13,5,1,5
2016440375359,2,9,0,3,0,8,0,0,0,0,2,1,6,3,-1,-1,2967,2,11,-1,-1,-1
2016440375359,3,9,0,3,0,8,0,0,0,0,2,1,6,3,-1,-1,1596,1,7,-1,-1,-1
2016440375359,4,9,0,18,0,8,0,0,0,0,1,1,6,3,-1,-1,2171,1,13,-1,-1,-1
2016440375477,1,9,0,5,0,4,0,0,0,0,1,1,6,2,22,5,-1,-1,-1,9,1,9
2016440375477,2,1,0,18,0,8,0,0,0,0,4,1,6,2,30,6,-1,-1,-1,-1,-1,-1
2016440375490,1,1,0,18,0,8,0,0,0,0,1,1,6,1,34,6,-1,-1,-1,4,1,4
2016440375490,2,9,0,18,0,8,0,0,0,0,4,1,6,1,68,10,1997,2,14,3,1,3
2016440375772,1,9,0,16,0,8,5,0,7,4,1,1,6,1,-1,-1,1596,1,14,5,2,5
2016440375943,1,9,0,18,0,0,0,0,0,0,4,1,2,2,19,4,998,1,4,10,2,10
2016440376150,1,9,0,18,0,1,0,0,8,7,1,1,6,2,61,9,1200,1,3,1,1,1
2016440376150,2,9,0,18,0,1,0,0,0,0,1,1,6,2,21,5,1397,1,9,3,1,3
2016440376150,3,9,0,12,0,1,0,0,0,0,3,1,6,1,37,7,3824,1,10,4,1,4
2016440376454,1,9,0,18,0,0,0,0,0,0,4,1,6,3,-1,-1,2188,2,9,-1,-1,-1
2016440376465,1,5,0,18,0,0,0,0,1,0,1,1,6,1,29,6,865,1,1,9,2,9
2016440376475,1,9,0,18,0,1,0,0,0,0,1,1,1,1,44,7,1800,1,17,4,1,4
2016440376475,2,9,0,18,0,1,0,0,0,0,2,1,2,2,58,9,-1,-1,-1,10,1,10
2016440376509,1,9,0,18,0,1,0,0,0,0,1,1,6,1,30,6,1968,2,7,10,2,10