Accident_Index,Vehicle_Reference,Vehicle_Type,Towing_and_Articulation,Vehicle_Manoeuvre,Vehicle_Location-Restricted_Lane,Junction_Location,Skidding_and_Overturning,Hit_Object_in_Carriageway,Vehicle_Leaving_Carriageway,Hit_Object_off_Carriageway,1st_Point_of_Impact,Was_Vehicle_Left_Hand_Drive?,Journey_Purpose_of_Driver,Sex_of_Driver,Age_of_Driver,Age_Band_of_Driver,Engine_Capacity_(CC),Propulsion_Code,Age_of_Vehicle,Driver_IMD_Decile,Driver_Home_Area_Type,Vehicle_IMD_Decile
2016440391065,1,1,0,18,0,0,0,0,1,0,3,1,6,1,48,8,-1,-1,-1,10,1,10
2016440391065,2,9,0,13,0,0,0,0,0,0,4,1,6,1,71,10,1951,2,10,9,3,9
2016440391096,1,9,0,18,0,0,1,0,4,6,1,1,6,1,41,7,1968,2,7,10,1,10
2016440391096,2,9,0,4,0,0,0,0,0,0,2,1,6,1,67,10,2290,1,20,5,3,5
2016440391152,1,9,0,18,0,0,0,0,0,0,1,1,6,1,59,9,2199,2,1,-1,1,-1
2016440391152,2,9,0,4,0,0,0,0,0,0,2,1,6,1,37,7,998,1,3,4,1,4
2016440391216,1,9,0,9,0,8,1,0,0,0,1,1,6,1,23,5,1796,1,15,2,1,2
2016440391216,2,9,0,18,0,1,0,0,0,0,1,1,1,1,32,6,1560,2,2,4,1,4
2016440391226,1,9,0,18,0,1,0,0,0,0,1,1,6,1,44,7,1398,1,2,7,1,7
2016440391226,2,9,0,7,0,5,5,0,0,0,1,1,6,1,33,6,-1,-1,-1,7,3,7
2016440391549,1,9,0,18,0,0,0,0,0,0,4,1,6,1,42,7,1560,2,11,4,1,4
2016440391549,2,9,0,1,0,0,0,0,0,0,2,1,6,1,67,10,1900,2,11,2,1,2
2016440391549,3,9,0,2,0,0,0,0,0,0,3,1,6,2,31,6,1560,2,10,4,1,4
2016440391688,1,9,0,17,0,0,5,0,7,0,4,1,2,1,36,7,-1,-1,-1,10,1,10
2016440391694,1,9,0,17,0,0,1,0,1,0,1,1,2,1,25,5,-1,-1,-1,1,1,1
2016440391788,1,19,0,3,0,0,0,0,0,0,2,1,1,1,30,6,1870,2,11,9,1,9
2016440391788,2,9,0,3,0,0,0,0,0,0,2,1,2,1,21,5,1560,2,7,5,1,5
2016440391788,3,9,0,18,0,0,1,0,0,0,1,1,2,2,35,6,1360,1,12,6,1,6
2016440391927,1,9,0,18,0,1,0,0,0,0,1,1,6,1,34,6,1596,1,10,4,2,4
2016440391927,2,9,0,4,0,1,0,0,0,0,2,1,1,1,28,6,1997,2,11,3,1,3
2016440391970,1,19,0,18,0,0,0,0,0,0,1,1,1,1,23,5,1560,2,2,1,1,1
2016440391978,1,9,0,17,0,8,0,0,0,0,1,1,1,1,63,9,1339,1,5,7,1,7
2016440391978,2,19,0,16,0,8,1,0,0,0,1,1,6,1,26,6,2198,2,4,5,1,5
2016440391991,1,9,0,18,0,8,0,0,0,0,3,1,6,1,53,8,1596,1,13,1,1,1
2016440391991,2,1,0,7,0,8,0,0,0,0,1,1,6,1,19,4,-1,-1,-1,4,1,4
2016440392010,1,9,0,1,0,2,0,0,0,0,1,1,6,1,84,11,1339,1,8,7,1,7
2016440392311,1,9,0,18,0,1,0,0,0,0,4,1,6,3,-1,-1,-1,-1,-1,-1,-1,-1
2016440392490,1,9,0,7,0,8,0,0,0,0,3,1,1,2,52,8,1796,1,4,4,1,4
2016440392520,1,1,0,18,0,8,0,0,0,0,1,1,6,1,28,6,-1,-1,-1,7,3,7
2016440392520,2,9,0,9,0,8,0,0,0,0,4,1,6,3,-1,-1,-1,-1,-1,-1,-1,-1
2016440392629,1,3,0,18,0,8,0,0,0,0,1,1,6,1,18,4,124,1,4,10,2,10
2016440392629,2,9,0,10,0,8,0,0,0,0,2,1,6,1,52,8,1598,1,5,10,2,10
2016440392754,1,2,0,18,0,8,1,0,0,0,0,1,6,1,16,4,49,1,7,7,1,7
2016440392832,1,9,0,18,0,1,0,0,0,0,1,1,6,2,33,6,1596,1,12,5,1,5
2016440392832,2,21,0,3,0,1,0,0,0,0,2,1,1,1,45,7,6692,2,5,9,1,9
2016440393109,1,9,0,7,0,8,0,0,0,0,1,1,2,2,-1,-1,1390,1,11,9,1,9
2016440393121,1,9,0,18,0,0,0,0,0,0,1,1,2,1,42,7,1870,2,11,4,1,4
2016440393192,1,9,0,4,0,0,0,0,0,0,0,1,6,1,33,6,1596,1,11,10,2,10
2016440393192,2,9,0,4,0,0,0,0,0,0,2,1,1,2,21,5,1240,1,11,8,1,8
2016440393192,3,9,0,18,0,0,0,0,0,0,1,1,6,2,27,6,1390,1,4,9,1,9
2016440393192,4,9,0,18,0,0,0,0,0,0,1,1,6,1,56,9,1995,2,2,9,1,9
2016440393192,5,9,0,18,0,0,0,0,0,0,1,1,6,2,51,8,1598,1,5,6,1,6
2016440393192,6,9,0,18,0,0,0,0,0,0,1,1,6,2,25,5,1229,1,2,4,1,4
2016440393242,1,11,0,18,0,1,0,0,0,0,0,1,1,3,-1,-1,6370,2,9,-1,-1,-1
2016440393242,2,9,0,18,0,8,0,0,0,0,0,1,6,1,27,6,1598,1,11,3,1,3
2016440393244,1,9,0,18,0,0,0,0,8,11,1,1,3,1,61,9,998,1,3,8,1,8
2016440393286,1,90,0,18,0,1,0,0,0,0,0,1,1,1,57,9,2987,2,4,9,2,9
2016440393286,2,9,0,4,0,1,0,0,0,6,2,1,6,1,35,6,2143,2,5,3,1,3
2016440393286,3,9,0,4,0,1,0,0,0,0,2,1,6,1,43,7,1349,1,6,-1,-1,-1
2016440393286,4,9,0,18,0,1,0,0,0,0,1,1,6,1,65,9,1560,2,11,3,1,3
2016440393739,1,9,0,17,0,0,0,0,7,0,1,1,6,2,49,8,1598,1,8,8,3,8
2016440393739,2,9,0,16,0,0,0,0,0,0,1,1,6,2,32,6,3628,2,7,8,3,8
2016440393777,1,9,0,17,0,0,0,0,0,0,4,1,6,2,47,8,998,1,2,10,3,10
2016440393842,1,9,0,18,0,0,1,0,0,0,2,1,2,1,49,8,-1,-1,-1,10,1,10
2016440393842,2,19,0,18,0,0,1,0,0,0,1,1,2,1,-1,-1,1686,2,6,-1,-1,-1
2016440393906,1,10,0,4,0,0,0,0,0,0,2,1,2,3,-1,-1,-1,-1,-1,-1,-1,-1
2016440393906,2,3,0,11,0,0,1,0,0,0,1,1,6,1,17,4,124,1,3,9,1,9
2016440393964,1,9,0,18,0,2,0,0,0,0,3,1,6,1,50,8,1598,1,14,4,1,4
2016440393980,1,9,0,5,0,8,0,0,0,0,1,1,6,1,27,6,3993,1,1,10,3,10
2016440393980,2,1,0,18,0,8,0,0,0,0,1,1,6,1,37,7,-1,-1,-1,1,1,1
2016440394047,1,9,0,7,0,8,0,0,0,0,3,1,2,1,32,6,1995,2,6,7,3,7
2016440394047,2,9,0,18,0,8,0,0,0,0,4,1,2,2,37,7,1560,2,6,10,3,10
2016440394048,1,9,0,18,0,0,0,0,0,0,1,1,6,2,29,6,1242,1,4,8,1,8
2016440394048,2,9,0,4,0,0,0,0,0,0,2,1,6,2,48,8,1242,1,2,9,2,9
2016440394048,3,9,0,4,0,0,0,0,0,0,2,1,6,2,38,7,1799,1,10,10,1,10
2016440394229,1,9,0,18,0,1,0,0,0,0,1,1,6,1,33,6,1598,1,9,3,1,3
2016440394252,1,9,0,18,0,0,0,0,0,0,1,1,6,2,40,7,1242,1,4,1,1,1
2016440394252,2,9,0,18,0,0,0,0,0,0,1,1,6,2,54,8,1997,2,10,6,1,6
2016440394365,1,1,0,18,0,1,0,0,0,0,4,1,6,1,40,7,-1,-1,-1,6,1,6
2016440394365,2,9,0,7,0,6,0,0,0,0,1,1,6,3,-1,-1,-1,-1,-1,-1,-1,-1
2016440394467,1,9,0,9,0,6,0,0,0,0,1,1,6,3,-1,-1,1796,1,13,-1,-1,-1
2016440394467,2,1,0,5,0,1,0,0,0,0,3,1,4,1,11,3,-1,-1,-1,10,2,10
2016440394578,1,9,0,18,0,0,0,0,0,0,1,1,6,1,-1,-1,1560,2,2,8,1,8
2016440394578,2,22,0,18,0,0,0,0,0,0,3,1,6,2,87,11,-1,-1,-1,4,1,4
2016440394615,1,9,0,9,0,6,0,0,0,0,1,1,6,2,54,8,-1,-1,-1,7,1,7
2016440394615,2,9,0,18,0,1,0,0,0,0,4,1,6,2,70,10,1197,1,2,4,1,4
2016440394755,1,9,0,18,0,1,0,0,0,0,1,1,6,2,85,11,1396,1,14,7,1,7
2016440394755,2,2,0,18,0,6,0,0,0,0,4,1,6,1,27,6,49,1,9,10,1,10
2016440394768,1,9,0,18,0,0,0,0,5,6,3,1,6,2,19,4,1984,1,12,3,1,3
2016440394768,2,9,0,18,0,0,0,0,0,0,3,1,2,1,51,8,1968,2,6,9,1,9
2016440394768,3,9,0,18,0,0,0,0,0,0,3,1,2,3,-1,-1,1598,2,3,-1,-1,-1
2016440394866,1,19,0,3,0,0,0,0,0,0,2,1,1,1,28,6,-1,-1,-1,6,1,6
2016440394866,2,19,0,4,0,0,0,0,0,0,1,1,6,3,-1,-1,1598,1,16,1,1,1
2016440394964,1,8,0,18,0,0,0,0,0,0,3,1,1,1,57,9,2499,2,5,7,1,7
2016440395104,1,9,0,9,0,0,0,0,0,0,4,1,6,2,68,10,1968,2,10,9,3,9
2016440395104,2,5,0,18,0,0,0,0,0,0,1,1,6,1,49,8,-1,-1,-1,10,1,10
2016440395199,1,9,0,7,0,8,0,0,0,0,3,1,6,1,79,11,1360,1,8,8,3,8
2016440395199,2,9,0,18,0,1,0,0,0,0,1,1,2,1,53,8,999,1,-1,10,2,10
2016440395209,1,9,0,18,0,1,1,0,0,0,1,1,6,1,28,6,1995,2,11,4,1,4
2016440395209,2,9,0,10,0,1,0,0,0,0,2,1,6,2,52,8,-1,-1,-1,7,1,7
2016440395276,1,9,0,9,0,8,0,0,0,0,3,1,3,2,39,7,1984,1,8,6,1,6
2016440395276,2,9,0,18,0,1,0,0,0,0,1,1,3,2,32,6,1997,2,9,6,2,6
2016440395330,1,9,0,7,0,8,0,0,0,0,1,1,6,1,71,10,1499,2,-1,5,3,5
2016440395458,1,9,0,4,0,1,0,0,0,0,2,1,6,1,25,5,1598,1,13,3,1,3
2016440395458,2,9,0,18,0,1,0,0,0,0,1,1,6,3,-1,-1,-1,-1,-1,-1,-1,-1
2016440395509,1,9,0,18,0,0,0,0,0,0,1,1,6,1,25,5,1995,2,5,9,1,9
2016440395509,2,9,0,4,0,0,0,0,1,9,2,1,6,1,54,8,2490,1,20,5,1,5
2016440395706,1,9,0,18,0,8,0,0,0,0,1,1,6,1,42,7,1968,2,10,10,1,10
2016440395706,2,9,0,17,0,8,0,0,0,0,2,1,6,2,24,5,1388,1,9,5,1,5
2016440395757,1,9,0,18,0,1,5,0,1,2,1,1,6,2,58,9,1598,2,3,4,1,4
2016440395757,2,9,0,18,0,1,0,0,0,0,0,1,6,2,45,7,1896,2,12,10,1,10
2016440395902,1,21,1,18,0,0,5,0,4,6,3,1,1,1,36,7,10837,2,6,5,2,5
2016440395943,1,9,0,18,0,1,0,0,0,0,1,1,6,1,31,6,2720,2,10,8,1,8
2016440395943,2,9,0,9,0,8,0,0,0,0,4,1,6,2,43,7,998,1,-1,5,1,5
2016440395971,1,19,0,18,0,8,0,0,0,0,1,1,1,1,29,6,2151,2,15,3,1,3
2016440395971,2,9,0,4,0,8,0,0,0,0,2,1,2,2,59,9,1560,2,5,-1,-1,-1
2016440395971,3,9,0,3,0,8,0,0,0,0,2,1,6,1,52,8,1360,1,10,9,1,9
2016440395997,1,9,0,18,0,0,0,0,0,0,1,1,6,2,18,4,1598,1,10,6,1,6
2016440396014,1,1,0,18,0,8,0,0,0,0,4,1,6,1,53,8,-1,-1,-1,10,1,10
2016440396014,2,9,0,5,0,4,0,0,0,0,1,1,6,2,33,6,1329,1,2,4,1,4
2016440396092,1,9,0,18,0,1,0,0,0,0,1,1,2,1,72,10,1999,1,6,8,1,8
2016440396092,2,9,0,4,0,1,0,0,0,0,2,1,2,1,45,7,-1,-1,-1,7,1,7
2016440396092,3,9,0,4,0,1,0,0,0,0,2,1,2,2,38,7,1896,2,15,5,1,5
2016440396092,4,9,0,4,0,1,0,0,0,0,2,1,2,1,37,7,1984,1,10,8,1,8
2016440396418,1,9,0,1,0,6,0,0,0,0,2,1,6,3,-1,-1,-1,-1,-1,-1,-1,-1
2016440396865,1,9,0,9,0,8,0,0,0,0,1,1,3,2,35,6,1596,1,5,7,1,7
2016440396865,2,9,0,17,0,8,0,0,1,0,1,1,3,1,37,7,1998,1,8,9,3,9
2016440396896,1,9,0,9,0,8,0,0,0,0,3,1,6,2,75,10,1390,1,7,7,2,7
2016440396896,2,9,0,18,0,8,0,0,1,1,3,1,6,1,31,6,1200,1,1,5,3,5
2016440396995,1,9,0,9,0,8,0,0,0,0,1,1,6,2,65,9,1995,2,8,7,3,7
2016440396995,2,9,0,17,0,8,0,0,0,0,1,1,6,1,21,5,1368,1,6,9,2,9
2016440396995,3,9,0,18,0,8,0,0,0,0,1,1,6,2,31,6,1598,1,12,10,1,10
2016440397055,1,17,4,18,0,0,0,0,0,0,3,1,1,1,35,6,-1,2,9,4,3,4
2016440397055,2,19,0,18,0,0,0,0,0,0,3,1,1,1,40,7,2198,2,1,4,1,4
2016440397136,1,9,0,9,0,8,0,0,0,0,3,1,6,2,21,5,-1,-1,-1,-1,-1,-1
2016440397136,2,3,0,17,0,8,0,0,0,0,1,1,6,1,30,6,124,1,6,4,1,4
2016440397214,1,9,0,18,0,2,5,0,5,6,3,1,6,2,37,7,998,1,9,6,1,6
2016440397619,1,11,0,7,0,8,0,0,0,0,4,1,1,1,28,6,7300,2,9,5,1,5
2016440397639,1,9,0,18,0,1,0,0,0,0,4,1,6,2,49,8,1598,2,5,9,3,9
2016440397639,2,1,0,12,0,1,0,0,0,0,3,1,6,2,33,6,-1,-1,-1,10,1,10
2016440397758,1,9,0,4,0,1,0,0,0,0,1,1,6,2,-1,-1,-1,-1,-1,-1,-1,-1
2016440397990,1,9,0,3,0,0,0,0,0,0,2,1,6,1,23,5,1560,2,7,8,1,8
2016440397990,2,9,0,3,0,0,0,0,0,0,2,1,2,2,20,4,1197,1,3,3,1,3
2016440397990,3,9,0,16,0,0,0,0,0,0,1,1,6,2,52,8,1984,1,8,8,1,8
2016440398020,1,9,0,5,0,0,0,0,0,0,1,1,6,3,-1,-1,2400,2,5,-1,-1,-1
2016440398112,1,9,0,18,0,0,0,0,0,0,1,1,6,2,74,10,1332,1,18,2,1,2
2016440398144,1,9,0,18,0,1,0,0,0,0,2,1,1,2,51,8,1398,1,4,2,1,2
2016440398144,2,9,0,10,0,1,0,0,0,0,2,1,6,1,30,6,1598,1,10,10,1,10
2016440398357,1,9,0,18,0,8,0,0,0,0,1,1,6,2,25,5,1388,1,8,4,1,4
2016440398357,2,9,0,9,0,8,0,0,0,0,3,1,6,2,43,7,1086,1,12,3,1,3
2016440398362,1,1,0,18,0,1,0,0,0,0,1,1,1,1,52,8,-1,-1,-1,10,1,10
2016440398362,2,9,0,2,0,1,0,0,0,0,3,1,6,2,-1,-1,1984,1,7,-1,-1,-1
2016440398621,1,9,0,9,0,8,0,0,0,0,1,1,6,2,26,6,1242,1,7,8,3,8
2016440398621,2,5,0,18,0,8,0,0,0,0,4,1,6,1,42,7,1298,1,7,10,1,10
2016440398725,1,9,0,18,0,8,0,9,3,0,1,1,6,1,20,4,1242,1,10,10,3,10
2016440398796,1,9,0,18,0,0,0,0,0,0,1,1,6,1,36,7,1951,2,13,9,2,9
2016440398798,1,9,0,18,0,0,0,0,0,0,1,1,6,1,68,10,1591,1,4,5,1,5
2016440398798,2,9,0,18,0,0,0,0,0,0,1,1,6,2,55,8,2987,2,10,8,1,8
2016440398926,1,1,0,18,0,2,0,0,0,0,2,1,6,1,59,9,-1,-1,-1,1,1,1
2016440398926,2,3,0,18,0,2,0,0,0,0,1,1,2,1,28,6,124,1,8,6,1,6
2016440399179,1,9,0,4,0,1,0,0,0,0,2,1,6,2,53,8,1240,1,6,9,2,9
2016440399179,2,19,0,18,0,1,0,0,0,0,1,1,6,3,-1,-1,-1,-1,-1,-1,-1,-1
2016440399283,1,9,0,3,0,1,0,0,0,0,2,1,6,2,37,7,1598,1,2,8,1,8
2016440399283,2,19,0,18,0,1,0,0,0,0,1,1,6,3,-1,-1,2402,2,6,-1,-1,-1
2016440399392,1,9,0,3,0,1,0,0,0,0,2,1,6,2,49,8,1499,2,3,3,1,3
2016440399392,2,9,0,4,0,1,0,0,0,0,1,1,6,2,19,4,1197,1,3,9,3,9
2016440399406,1,9,0,4,0,0,0,0,0,0,2,1,6,1,33,6,1994,1,17,-1,-1,-1
2016440399406,2,9,0,11,0,0,0,0,0,0,2,1,6,1,30,6,1598,1,9,5,1,5
2016440399406,3,5,0,18,0,0,0,0,0,0,1,1,6,1,22,5,471,1,3,4,1,4
2016440399479,1,9,0,18,0,1,0,0,0,0,1,1,6,2,45,7,1600,1,16,10,1,10
2016440399479,2,9,0,3,0,1,0,0,0,0,2,1,6,2,39,7,1988,1,14,3,1,3
2016440399545,1,9,0,9,0,5,0,0,0,0,4,1,6,2,44,7,1364,1,8,1,1,1
2016440399545,2,5,0,14,0,1,0,0,0,0,1,1,6,1,23,5,903,1,7,8,1,8
2016440399570,1,9,0,18,0,0,0,0,1,9,4,1,6,1,36,7,1560,2,7,8,1,8
2016440399590,1,9,0,12,0,0,1,0,5,6,3,1,6,1,39,7,1984,1,9,10,1,10
2016440399590,2,9,0,18,0,0,0,0,0,0,1,1,6,1,42,7,1582,2,1,1,1,1
2016440399626,1,9,0,18,0,8,0,0,0,0,1,1,6,3,-1,-1,-1,-1,-1,-1,-1,-1
2016440399626,2,1,0,18,0,8,0,0,0,0,3,1,6,2,13,3,-1,-1,-1,4,1,4
2016440399713,1,9,0,7,0,8,0,0,0,0,3,1,2,1,25,5,1956,2,5,8,3,8
2016440399713,2,9,0,13,0,1,0,0,0,0,1,1,6,1,44,7,1753,2,13,4,1,4
2016440400040,1,9,0,18,0,0,0,0,7,4,1,1,6,1,17,4,1199,1,12,10,1,10
2016440401204,1,9,0,9,0,8,0,0,1,4,1,1,6,1,-1,-1,1679,1,15,-1,-1,-1
2016440401258,1,9,0,18,0,2,0,0,0,0,1,1,1,1,54,8,1240,1,6,9,2,9
2016440401258,2,9,0,18,0,1,0,0,0,0,1,1,1,1,34,6,-1,-1,-1,9,1,9
2016440401299,1,9,0,9,0,8,0,0,0,0,3,1,6,1,49,8,1998,1,11,10,1,10
2016440401299,2,19,0,13,0,1,0,0,0,0,1,1,2,1,21,5,1598,2,2,9,1,9
2016440401416,1,9,0,10,0,8,0,0,0,0,2,1,6,1,41,7,1390,1,5,7,1,7
2016440401416,2,9,0,18,0,8,0,0,0,0,1,1,6,1,37,7,998,1,5,3,1,3
2016440401472,1,9,0,18,0,1,0,0,0,0,1,1,6,2,46,8,2143,2,-1,9,1,9
2016440401558,1,1,0,18,0,8,0,0,0,0,4,1,6,1,33,6,-1,-1,-1,8,1,8
2016440401558,2,9,0,5,0,8,0,0,0,0,1,1,6,1,-1,-1,1796,1,6,4,1,4
2016440401639,1,9,0,18,0,0,0,0,0,0,2,1,3,2,43,7,1598,1,11,10,2,10
2016440401639,2,9,0,18,0,0,0,0,0,0,1,1,6,3,-1,-1,1598,1,11,-1,-1,-1
2016440401719,1,9,0,18,0,0,0,0,0,0,1,1,6,3,-1,-1,-1,-1,-1,-1,-1,-1
2016440401719,2,1,0,15,4,0,0,0,0,0,1,1,6,1,21,5,-1,-1,-1,1,1,1
2016440401737,1,90,0,18,0,0,5,0,5,6,3,1,1,2,47,8,7146,2,5,4,1,4
2016440401768,1,9,0,18,0,0,1,0,0,0,1,1,6,1,75,10,1796,1,12,7,3,7
2016440401768,2,9,0,18,0,0,0,0,4,6,2,1,6,1,72,10,1794,1,9,6,1,6
2016440402196,1,9,0,18,0,1,0,0,0,0,2,1,6,1,65,9,1686,2,11,4,1,4
2016440402196,2,9,0,18,0,1,0,0,0,0,1,1,6,1,18,4,1229,1,9,3,1,3
2016440402279,1,9,0,16,0,0,0,0,0,0,1,1,6,1,40,7,1229,1,6,5,1,5
2016440402279,2,19,0,17,0,0,0,0,0,0,1,1,1,1,33,6,2198,2,-1,1,1,1
2016440402382,1,9,0,18,0,0,5,0,0,0,4,1,6,1,22,5,1388,1,12,8,3,8
2016440402409,1,9,0,16,0,8,5,0,1,0,4,1,6,1,18,4,1560,2,6,8,2,8
2016440402560,1,9,0,4,0,8,0,0,0,0,2,1,2,1,55,8,1598,1,10,-1,-1,-1
2016440402560,2,90,0,7,0,8,0,0,0,0,0,1,1,1,36,7,-1,-1,-1,5,1,5
2016440402560,3,20,0,4,0,8,0,0,0,0,1,1,1,1,52,8,12777,2,5,6,1,6
2016440402640,1,9,0,7,0,8,0,0,0,0,1,1,1,2,34,6,1596,1,16,7,3,7
2016440402640,2,9,0,18,0,8,0,0,0,0,3,1,1,1,51,8,-1,-1,-1,1,1,1
2016440402640,3,9,0,2,0,8,0,0,0,0,4,1,6,3,-1,-1,1582,2,5,-1,-1,-1
2016440402640,4,9,0,2,0,8,0,0,0,0,4,1,6,3,-1,-1,1246,1,9,-1,-1,-1
2016440402984,1,9,0,18,0,2,0,0,0,0,1,1,6,2,21,5,-1,-1,-1,4,1,4
2016440402984,2,19,0,18,0,2,0,0,0,0,2,1,6,3,-1,-1,-1,-1,-1,-1,-1,-1
2016440403030,1,9,0,3,0,0,0,0,0,0,2,1,6,2,20,4,1242,1,7,8,1,8
2016440403030,2,9,0,3,0,0,0,0,0,0,2,1,6,1,29,6,2902,2,9,7,1,7
2016440403030,3,19,0,4,0,0,0,0,0,0,1,1,6,1,74,10,1870,2,16,7,1,7
2016440403090,1,9,0,9,0,8,0,0,0,0,1,1,6,2,77,11,1398,1,4,5,1,5
2016440403090,2,1,0,18,0,8,0,0,0,0,1,1,6,1,44,7,-1,-1,-1,1,1,1
2016440403231,1,9,0,9,0,8,0,0,0,0,4,1,2,2,30,6,1998,2,9,7,1,7
2016440403231,2,9,0,18,0,8,0,0,0,0,3,1,6,2,71,10,1461,2,2,9,1,9
2016440403437,1,9,0,5,0,8,0,0,0,0,3,1,6,1,77,11,1686,2,13,5,1,5
2016440403437,2,19,0,18,0,8,0,0,0,0,1,1,6,1,23,5,1686,2,13,10,1,10
2016440403459,1,9,0,5,9,0,0,0,0,0,1,1,1,1,31,6,1598,2,5,8,1,8
2016440403459,2,1,0,18,9,0,0,0,0,0,3,1,6,1,31,6,-1,-1,-1,5,1,5
2016440403461,1,9,0,4,0,1,0,0,0,0,2,1,6,1,21,5,1390,1,13,4,3,4
2016440403461,2,9,0,18,0,1,0,0,0,0,1,1,6,2,39,7,1598,1,9,2,1,2
2016440403461,3,9,0,18,0,1,0,0,0,0,1,1,6,2,40,7,1360,1,10,2,1,2
2016440403500,1,9,0,4,0,0,0,0,0,0,2,1,6,1,31,6,1339,1,7,3,1,3
2016440403500,2,19,0,18,0,0,0,0,0,0,1,1,2,1,23,5,1560,2,4,6,1,6
2016440403500,3,9,0,4,0,0,0,0,0,0,2,1,6,1,29,6,1996,1,1,5,1,5
2016440403569,1,9,0,4,0,1,0,0,0,0,2,1,6,2,43,7,1560,2,10,5,1,5
2016440403569,2,9,0,4,0,1,0,0,0,0,2,1,6,1,56,9,1794,1,15,1,1,1
2016440403569,3,9,0,4,0,1,0,0,0,0,2,1,6,1,25,5,1560,2,3,5,1,5
2016440403569,4,9,0,18,0,1,1,0,0,0,1,1,6,1,46,8,2198,2,9,7,1,7
2016440403576,1,9,0,10,0,8,0,0,0,0,2,1,6,1,57,9,3000,2,21,5,3,5
2016440403576,2,9,0,18,0,1,1,0,0,0,1,1,6,2,25,5,1598,1,15,4,2,4
2016440403628,1,20,0,13,0,8,0,0,0,0,1,1,1,3,-1,-1,-1,-1,-1,-1,-1,-1
2016440403628,2,1,0,18,0,8,0,0,0,0,2,1,2,1,28,6,-1,-1,-1,6,1,6
2016440403643,1,9,0,17,0,0,0,0,1,4,1,1,6,2,72,10,1560,2,-1,8,3,8
2016440403655,1,9,0,18,0,8,0,0,0,0,0,1,6,2,22,5,1149,1,-1,5,1,5
2016440403655,2,21,1,5,0,8,0,0,0,0,0,1,6,3,-1,-1,-1,-1,-1,-1,-1,-1
2016440403784,1,2,0,14,0,2,0,0,0,0,4,1,6,1,17,4,49,1,11,3,1,3
2016440404295,1,1,0,18,0,8,0,0,0,0,1,1,6,2,53,8,-1,-1,-1,4,1,4
2016440404295,2,9,0,7,0,8,0,0,0,0,1,1,6,1,72,10,2143,2,1,4,1,4
2016440404303,1,19,0,9,0,8,0,0,0,0,3,1,2,1,38,7,2477,2,6,2,1,2
2016440404303,2,2,0,18,0,8,0,0,0,0,1,1,2,1,52,8,49,1,2,4,1,4
2016440404329,1,9,0,17,0,0,1,0,1,0,1,1,6,2,21,5,1360,1,11,4,2,4
2016440404337,1,9,0,18,0,1,0,0,0,0,1,1,6,1,26,6,2993,2,1,9,2,9
2016440404337,2,9,0,3,0,1,0,0,0,0,2,1,6,2,26,6,1596,1,15,2,1,2
2016440404345,1,19,0,9,0,8,0,0,0,0,1,1,1,1,51,8,1560,2,4,10,1,10
2016440404345,2,1,0,18,0,8,0,0,0,0,1,1,6,1,41,7,-1,-1,-1,9,1,9
2016440404472,1,2,0,18,0,0,0,0,0,0,1,1,2,1,16,4,50,1,1,8,1,8
2016440404472,2,9,0,2,0,0,0,0,0,0,2,1,6,3,-1,-1,1799,1,10,-1,-1,-1
2016440404569,1,9,0,16,0,0,2,0,0,0,3,1,6,1,23,5,1598,2,2,2,1,2
2016440404569,2,9,0,17,0,0,1,0,0,0,3,1,6,2,33,6,1598,1,11,9,1,9
2016440404633,1,9,0,18,0,0,0,0,0,0,1,1,1,1,46,8,1753,2,8,7,1,7
2016440404633,2,9,0,18,0,0,0,0,0,0,1,1,2,1,27,6,-1,-1,-1,4,1,4
2016440404633,3,9,0,18,0,0,0,0,0,0,2,1,6,2,46,8,1968,2,1,8,1,8
2016440404808,1,9,0,18,0,1,0,0,0,0,1,1,6,3,-1,-1,-1,-1,-1,-1,-1,-1
2016440404808,2,1,0,18,0,2,0,0,0,0,1,1,6,1,10,2,-1,-1,-1,2,1,2
2016440404823,1,9,0,9,0,8,0,0,0,0,4,1,1,1,23,5,1242,1,10,4,1,4
2016440404823,2,1,0,18,0,8,0,0,0,0,1,1,2,2,20,4,-1,-1,-1,5,1,5
2016440404862,1,9,0,18,0,0,0,0,0,0,2,1,6,1,75,10,1395,1,-1,10,1,10
2016440404862,2,9,0,18,0,0,0,0,0,0,1,1,6,1,22,5,1753,2,15,9,1,9
2016440404980,1,2,0,18,0,1,0,0,0,0,1,1,6,1,18,4,50,1,2,8,3,8
2016440404980,2,9,0,12,0,2,0,0,0,0,4,1,6,2,27,6,1995,2,4,2,1,2
2016440404997,1,3,0,4,0,2,0,0,0,0,1,1,6,1,74,10,85,1,25,10,1,10
2016440404997,2,9,0,3,0,2,0,0,0,0,2,1,6,2,18,4,999,1,2,10,1,10
2016440405083,1,9,0,18,0,8,1,0,0,0,1,1,6,2,23,5,1360,1,16,10,2,10
2016440405083,2,8,0,10,0,8,0,0,0,0,2,1,1,1,33,6,2143,2,4,10,1,10
2016440405264,1,9,0,12,0,8,0,0,0,0,3,1,6,2,21,5,1364,1,12,2,1,2
2016440405264,2,3,0,18,0,8,0,0,0,0,4,1,6,1,22,5,125,1,2,6,1,6