Accident_Index,Vehicle_Reference,Vehicle_Type,Towing_and_Articulation,Vehicle_Manoeuvre,Vehicle_Location-Restricted_Lane,Junction_Location,Skidding_and_Overturning,Hit_Object_in_Carriageway,Vehicle_Leaving_Carriageway,Hit_Object_off_Carriageway,1st_Point_of_Impact,Was_Vehicle_Left_Hand_Drive?,Journey_Purpose_of_Driver,Sex_of_Driver,Age_of_Driver,Age_Band_of_Driver,Engine_Capacity_(CC),Propulsion_Code,Age_of_Vehicle,Driver_IMD_Decile,Driver_Home_Area_Type,Vehicle_IMD_Decile
2016440421056,2,9,0,18,0,1,0,0,0,0,1,1,2,2,35,6,1499,1,1,5,1,5
2016440421515,1,21,0,18,0,0,0,0,0,0,3,1,6,1,53,8,10837,2,1,6,2,6
2016440421515,2,9,0,18,0,0,0,0,5,6,4,1,6,1,21,5,1242,1,14,7,1,7
2016440421515,3,9,0,18,0,0,0,0,0,0,2,1,6,1,35,6,1998,1,9,8,1,8
2016440421515,4,9,0,18,0,0,0,0,0,0,2,1,6,1,48,8,1395,1,-1,9,1,9
2016440421515,5,9,0,18,0,0,0,0,0,0,1,1,6,1,27,6,1968,2,8,5,1,5
2016440421527,1,9,0,12,0,0,0,0,0,0,4,1,6,2,55,8,1796,1,9,7,3,7
2016440421527,2,9,0,18,0,0,0,0,0,0,3,1,6,1,62,9,2188,2,11,3,1,3
2016440421548,1,9,0,18,0,1,0,0,0,0,1,1,3,2,38,7,1360,1,13,8,1,8
2016440421705,1,1,0,18,0,8,0,0,0,0,1,1,2,1,62,9,-1,-1,-1,9,3,9
2016440421705,2,9,0,9,0,4,0,0,0,0,3,1,6,2,34,6,2967,2,2,9,3,9
2016440421776,1,9,0,5,0,0,0,0,0,0,1,1,6,1,69,10,-1,-1,-1,10,3,10
2016440421849,1,9,0,9,0,8,0,0,0,0,1,1,6,3,-1,-1,-1,-1,-1,-1,-1,-1
2016440422207,1,9,0,18,0,0,0,0,0,0,1,1,6,1,73,10,1398,1,2,6,1,6
2016440422207,2,9,0,3,0,0,0,0,0,0,2,1,6,2,51,8,1598,2,5,10,1,10
2016440422256,1,9,0,13,0,2,0,0,0,0,1,1,6,3,-1,-1,-1,-1,-1,-1,-1,-1
2016440422256,2,1,0,9,0,2,0,0,0,0,3,1,6,1,14,3,-1,-1,-1,1,1,1
2016440422575,1,9,0,3,0,1,0,0,0,0,2,1,6,1,32,6,1910,2,13,7,1,7
2016440422575,2,9,0,5,0,1,0,0,0,0,1,1,6,1,23,5,1390,1,7,10,1,10
2016440422634,1,9,0,18,0,0,0,0,0,0,1,1,6,1,-1,-1,1360,1,10,-1,-1,-1
2016440422634,2,9,0,4,0,0,0,0,0,0,2,1,6,1,32,6,1900,2,10,8,1,8
2016440422694,1,9,0,18,0,0,0,0,0,0,1,1,6,1,24,5,1596,1,2,1,1,1
2016440422906,1,9,0,18,0,0,1,0,0,0,1,1,2,1,61,9,2099,1,14,5,1,5
2016440422906,2,19,0,4,0,0,1,0,0,0,2,1,2,1,31,6,2287,2,4,5,1,5
2016440422906,3,9,0,4,0,0,1,0,0,0,2,1,2,1,33,6,1598,2,1,5,1,5
2016440422906,4,9,0,4,0,0,0,0,0,0,2,1,2,1,56,9,1995,1,6,6,1,6
2016440423017,1,9,0,9,0,8,0,0,0,0,4,1,2,1,18,4,1086,1,12,2,1,2
2016440423017,2,9,0,18,0,1,0,0,0,0,1,1,2,1,28,6,1229,1,5,9,1,9
2016440423020,1,11,0,18,0,1,1,0,0,0,1,1,1,1,26,6,-1,-1,-1,6,3,6
2016440423020,2,19,0,4,0,1,0,0,0,0,2,1,1,1,48,8,2198,2,9,9,1,9
2016440423043,1,9,0,18,0,4,0,9,0,0,1,1,6,1,54,8,1399,1,8,8,1,8
2016440423081,1,19,0,4,0,0,0,0,0,0,2,1,1,1,30,6,2299,2,5,-1,-1,-1
2016440423081,2,9,0,18,0,0,1,0,0,0,1,1,2,3,-1,-1,1999,1,8,-1,-1,-1
2016440423083,1,9,0,18,0,0,1,0,1,1,1,1,2,1,21,5,1596,1,12,10,1,10
2016440423093,1,9,0,4,0,0,0,0,0,0,2,1,6,1,58,9,2926,2,15,7,3,7
2016440423093,2,2,0,18,0,0,0,0,0,0,1,1,6,2,16,4,487,1,20,7,1,7
2016440423169,1,9,0,4,0,1,0,0,0,0,1,1,6,2,71,10,1598,1,14,9,1,9
2016440423169,2,4,0,4,0,1,0,0,0,0,2,1,6,1,75,10,249,1,4,9,1,9
2016440423273,1,9,0,18,0,0,0,0,0,0,4,1,6,1,40,7,1461,2,1,10,1,10
2016440423273,2,1,0,5,0,0,0,0,0,0,1,1,6,1,28,6,-1,-1,-1,4,1,4
2016440423316,1,9,0,18,0,1,0,0,1,0,1,1,2,2,33,6,-1,-1,-1,4,1,4
2016440423316,2,9,0,9,0,5,0,0,0,0,4,1,2,2,31,6,2496,2,14,2,1,2
2016440423354,1,9,0,4,0,1,0,0,0,0,1,1,6,3,-1,-1,-1,-1,-1,-1,-1,-1
2016440423354,2,1,0,4,0,1,0,0,0,0,2,1,6,1,21,5,-1,-1,-1,6,1,6
2016440423403,1,9,0,18,0,1,2,0,3,9,1,1,6,1,17,4,998,1,10,8,1,8
2016440423694,1,3,0,18,0,8,0,0,0,0,4,1,6,1,17,4,125,1,-1,5,1,5
2016440423694,2,9,0,18,0,8,0,0,0,0,1,1,6,2,43,7,2967,2,-1,10,1,10
2016440423784,1,9,0,9,0,8,0,0,0,0,1,1,6,1,33,6,-1,-1,-1,6,1,6
2016440423819,1,9,0,18,0,0,5,0,0,0,1,1,6,2,23,5,1590,1,18,7,1,7
2016440423819,2,9,0,2,0,0,0,0,0,0,1,1,6,3,-1,-1,1598,1,12,-1,-1,-1
2016440423834,1,19,0,9,0,2,0,0,0,0,3,1,2,1,22,5,1560,2,1,5,1,5
2016440423980,1,19,0,5,0,8,0,0,0,0,1,1,2,1,59,9,1686,2,4,10,1,10
2016440423980,2,9,0,9,0,8,0,0,0,0,1,1,2,1,30,6,1560,2,3,10,1,10
2016440424005,1,3,0,18,0,8,1,0,0,0,4,1,6,1,17,4,124,1,-1,9,1,9
2016440424017,1,9,0,7,0,2,0,0,0,0,1,1,6,3,-1,-1,-1,-1,-1,-1,-1,-1
2016440424206,1,9,0,18,0,8,0,0,0,0,1,1,2,1,39,7,1968,2,2,9,1,9
2016440424206,2,1,0,17,0,8,0,0,0,0,4,1,6,1,49,8,-1,-1,-1,5,3,5
2016440424309,1,3,0,18,0,8,0,0,0,0,1,1,1,1,25,5,125,1,4,9,1,9
2016440424309,2,9,0,9,0,8,0,0,0,0,4,1,2,2,39,7,-1,-1,-1,6,1,6
2016440424376,1,9,0,1,0,8,0,0,0,0,2,1,1,2,32,6,1590,1,14,4,1,4
2016440424376,2,9,0,1,0,8,0,0,0,0,2,1,1,2,-1,-1,1582,2,5,-1,-1,-1
2016440424380,1,9,0,9,0,8,0,0,0,0,3,1,6,2,27,6,1598,1,14,3,1,3
2016440424380,2,9,0,18,0,8,0,0,0,0,1,1,6,2,25,5,1368,1,3,9,2,9
2016440424435,1,9,0,18,0,0,0,0,0,0,1,1,6,3,-1,-1,-1,-1,-1,-1,-1,-1
2016440424776,1,9,0,9,0,8,0,0,0,0,1,1,1,1,46,8,-1,-1,-1,-1,-1,-1
2016440424776,2,1,0,18,0,8,0,0,0,0,1,1,6,1,61,9,-1,-1,-1,8,1,8
2016440425057,1,5,0,16,0,2,1,0,0,0,0,1,1,2,53,8,618,1,14,3,1,3
2016440425374,1,5,0,16,0,1,1,0,0,0,3,1,2,1,41,7,899,1,14,6,1,6
2016440425431,1,9,0,18,0,0,0,0,4,0,1,1,2,2,35,6,1969,2,-1,7,1,7
2016440425541,1,9,0,8,0,1,0,0,0,0,2,1,2,1,54,8,1360,1,9,2,1,2
2016440425541,2,9,0,3,0,1,0,0,0,0,1,1,2,1,32,6,1796,1,12,5,1,5
2016440425720,1,1,0,18,0,1,0,0,0,0,0,1,6,1,62,9,-1,-1,-1,9,1,9
2016440425720,2,90,0,18,0,2,0,0,0,0,0,1,6,3,-1,-1,-1,-1,-1,-1,-1,-1
2016440425891,1,8,0,16,0,2,0,0,0,0,1,1,1,1,77,11,2402,2,14,-1,-1,-1
2016440425896,1,9,0,9,0,1,0,0,0,0,0,1,6,1,77,11,1396,1,7,5,1,5
2016440425896,2,19,0,18,0,1,0,0,0,0,1,1,1,1,43,7,2287,2,1,1,1,1
2016440425896,3,9,0,18,0,1,0,0,0,0,1,1,6,1,40,7,1896,1,18,6,1,6
2016440426208,1,9,0,9,0,8,0,0,7,1,4,1,1,1,42,7,1686,2,5,3,1,3
2016440426208,2,90,0,18,0,1,0,0,0,0,1,1,1,1,64,9,6370,2,5,5,1,5
2016440426346,1,9,0,18,0,2,0,0,0,0,1,1,6,1,72,10,2998,1,-1,8,1,8
2016440426899,1,9,0,16,0,0,1,0,7,4,1,1,6,1,26,6,1994,1,18,8,1,8
2016440427285,1,9,0,18,0,0,1,0,4,6,1,1,6,1,30,6,1199,1,12,8,1,8
2016440427390,1,9,0,9,0,8,0,0,0,0,4,1,1,1,31,6,1422,2,8,1,1,1
2016440427390,2,9,0,18,0,8,0,0,0,0,1,1,6,1,27,6,1598,1,11,5,1,5
2016440427432,1,9,0,9,0,8,0,0,0,0,3,1,6,3,-1,-1,2401,2,12,-1,-1,-1
2016440427515,1,9,0,10,0,1,0,0,0,0,2,1,6,1,34,6,1461,2,9,7,3,7
2016440427515,2,9,0,4,0,1,0,0,0,0,1,1,6,3,-1,-1,-1,-1,-1,-1,-1,-1
2016440427523,1,9,0,9,0,8,0,0,0,0,3,1,1,1,60,9,1997,1,3,6,3,6
2016440427523,2,9,0,18,0,8,0,0,0,0,1,1,6,1,49,8,1956,2,2,10,1,10
2016440427530,1,2,0,7,0,8,0,0,0,0,4,1,6,1,17,4,49,1,1,8,3,8
2016440427550,1,9,0,16,0,2,1,10,4,2,4,1,6,1,20,4,1396,1,13,10,1,10
2016440427558,1,3,0,18,0,2,1,0,1,3,1,1,6,1,22,5,124,1,1,4,1,4
2016440427635,1,11,0,18,0,1,0,0,0,0,0,1,1,1,49,8,9000,2,12,7,1,7
2016440427635,2,9,0,1,0,6,0,0,0,0,0,1,6,3,-1,-1,-1,-1,-1,-1,-1,-1
2016440427650,1,9,0,9,0,8,0,0,0,0,3,1,6,2,37,7,1399,2,10,8,3,8
2016440427650,2,3,0,13,0,8,0,0,7,0,1,1,6,1,18,4,124,1,5,7,1,7
2016440427663,1,9,0,18,0,1,0,0,0,0,1,1,6,2,41,7,1390,1,14,4,1,4
2016440427663,2,9,0,18,0,8,0,0,0,0,4,1,6,2,51,8,1339,1,5,5,1,5
2016440427663,3,9,0,18,0,8,0,0,0,0,3,1,6,1,44,7,1598,1,12,1,1,1
2016440427789,1,9,0,18,0,8,0,0,0,0,3,1,6,1,27,6,2191,2,1,10,1,10
2016440427789,2,2,0,18,0,8,0,0,0,0,1,1,6,2,16,4,50,1,-1,6,1,6
2016440427811,1,9,0,18,0,0,1,4,0,0,1,1,6,2,59,9,1242,1,15,4,1,4
2016440427811,2,9,0,2,0,0,0,0,0,0,3,1,6,3,-1,-1,2179,2,3,-1,-1,-1
2016440427829,1,9,0,7,0,5,0,0,0,0,4,1,6,1,-1,-1,1390,1,12,2,1,2
2016440427829,2,3,0,18,0,1,0,0,0,0,1,1,2,1,17,4,125,1,1,3,1,3
2016440428047,1,9,0,9,0,8,0,0,0,0,3,1,6,2,23,5,1240,1,9,7,1,7
2016440428047,2,9,0,18,0,1,0,0,0,0,1,1,6,1,29,6,3239,1,20,10,1,10
2016440428399,1,9,0,5,0,4,0,0,0,0,3,1,6,1,83,11,1997,1,2,7,3,7
2016440428399,2,1,0,18,0,8,0,0,0,0,1,1,6,1,32,6,-1,-1,-1,3,1,3
2016440428450,1,9,0,16,0,0,0,0,0,0,1,1,6,1,55,8,2204,2,11,7,3,7
2016440428479,1,9,0,18,0,2,2,10,1,2,1,1,6,1,26,6,3950,1,15,5,1,5
2016440428689,1,9,0,18,0,0,0,0,0,0,3,1,6,2,25,5,1598,1,3,4,1,4
2016440428689,2,9,0,11,0,0,0,0,0,0,4,1,6,1,68,10,1198,1,11,4,1,4
2016440428923,1,9,0,9,0,8,0,0,0,0,4,1,1,1,20,4,1461,2,11,2,1,2
2016440428923,2,2,0,18,0,8,0,0,0,0,1,1,6,1,25,5,49,1,8,2,1,2
2016440428925,1,9,0,18,0,0,0,0,0,0,3,1,6,1,71,10,1598,1,8,6,1,6
2016440429001,1,9,0,18,0,8,0,0,0,0,3,1,6,2,23,5,1598,2,2,5,1,5
2016440429001,2,9,0,18,0,8,0,0,0,0,0,1,6,3,-1,-1,-1,-1,-1,-1,-1,-1
2016440429001,3,9,0,18,0,8,0,0,0,0,4,1,6,3,-1,-1,1995,1,13,-1,-1,-1
2016440429151,1,9,0,16,0,0,2,10,0,0,3,1,6,1,18,4,1362,1,4,5,1,5
2016440429190,1,9,0,7,0,8,0,0,0,0,3,1,2,2,58,9,1596,1,1,8,1,8
2016440429190,2,1,0,18,0,8,0,0,0,0,1,1,2,1,35,6,-1,-1,-1,-1,-1,-1
2016440429255,1,5,0,8,0,1,0,0,0,0,2,1,1,1,51,8,798,1,3,7,1,7
2016440429255,2,9,0,18,0,1,0,0,0,0,1,1,6,2,26,6,1242,1,6,6,1,6
2016440429304,1,9,0,4,0,0,0,0,5,6,2,1,2,2,23,5,1598,1,3,9,1,9
2016440429304,2,19,0,18,0,0,0,0,0,0,1,1,1,1,32,6,2148,2,7,3,1,3
2016440429342,1,9,0,4,0,0,0,0,0,0,1,1,3,2,32,6,1991,2,8,6,1,6
2016440429342,2,9,0,4,0,0,0,0,0,0,2,1,2,2,27,6,1596,1,16,6,1,6
2016440429342,3,9,0,18,0,0,0,0,0,0,2,1,2,2,30,6,1248,1,3,8,1,8
2016440429342,4,9,0,4,0,0,0,0,0,0,2,1,2,2,30,6,1560,2,8,7,1,7
2016440429511,1,9,0,9,0,8,0,0,0,0,1,1,6,3,-1,-1,1199,1,12,-1,-1,-1
2016440429511,2,1,0,9,0,8,0,0,0,0,2,1,6,1,44,7,-1,-1,-1,9,1,9
2016440429557,1,1,0,18,0,8,0,0,0,0,3,1,6,2,20,4,-1,-1,-1,3,1,3
2016440429557,2,9,0,18,0,8,0,0,0,0,1,1,6,2,51,8,1598,1,14,3,1,3
2016440429747,1,9,0,4,0,8,0,0,7,10,2,1,6,2,39,7,1968,2,9,6,1,6
2016440429747,2,9,0,9,0,8,0,0,0,0,1,1,1,1,34,6,1997,2,1,10,1,10
2016440430177,1,9,0,9,0,8,0,0,0,0,1,1,6,1,48,8,1995,2,10,3,1,3
2016440430177,2,22,0,10,0,8,0,0,0,0,1,1,6,1,88,11,-1,-1,-1,2,1,2
2016440430257,1,9,0,18,0,8,0,0,0,0,3,1,1,2,32,6,1461,2,5,10,1,10
2016440430257,2,5,0,7,0,8,0,0,0,0,4,1,1,2,30,6,645,1,10,4,1,4
2016440430269,1,9,0,16,0,0,0,0,0,0,1,1,6,2,23,5,1200,1,1,9,1,9
2016440430269,2,9,0,17,0,0,5,0,1,0,1,1,6,2,32,6,1339,1,13,6,2,6
2016440430301,1,2,0,18,0,0,1,0,0,0,1,1,6,1,16,4,50,1,12,10,1,10
2016440430388,1,9,0,9,0,8,0,0,0,0,1,1,6,2,31,6,-1,-1,-1,9,1,9
2016440430388,2,1,0,18,0,8,0,0,0,0,4,1,2,1,18,4,-1,-1,-1,9,1,9
2016440430409,1,8,0,18,0,1,0,0,0,0,1,1,1,1,28,6,1896,2,7,4,1,4
2016440430452,1,9,0,16,0,8,0,0,0,7,1,1,6,2,18,4,1198,1,12,9,1,9
2016440430943,1,9,0,5,0,8,0,0,0,0,1,1,6,2,35,6,1998,1,14,4,1,4
2016440430943,2,1,0,17,0,8,0,0,0,0,1,1,6,1,28,6,-1,-1,-1,8,1,8
2016440430973,1,9,0,18,0,2,0,0,0,0,1,1,2,1,23,5,1900,2,11,9,3,9
2016440430973,2,9,0,18,0,2,1,0,0,0,2,1,1,2,42,7,1200,1,1,3,1,3
2016440431111,1,19,0,1,0,8,0,0,0,0,2,1,1,1,53,8,2143,2,1,5,1,5
2016440431112,1,9,0,9,0,8,0,0,0,0,3,1,2,2,26,6,1197,1,-1,9,1,9
2016440431112,2,3,0,18,0,8,0,0,0,0,1,1,2,1,37,7,124,1,1,6,1,6
2016440431118,1,19,0,18,0,1,0,0,0,1,1,1,1,1,33,6,2143,2,2,4,1,4
2016440431128,1,9,0,7,0,8,0,0,0,0,1,1,6,1,82,11,3597,1,4,-1,-1,-1
2016440431128,2,9,0,18,0,8,0,0,0,0,4,1,6,2,67,10,1587,1,17,5,1,5
2016440431143,1,19,0,7,0,5,0,0,0,0,4,1,2,1,21,5,1560,2,1,7,1,7
2016440431143,2,1,0,15,0,1,0,0,0,0,1,1,2,1,25,5,-1,-1,-1,1,1,1
2016440431251,1,9,0,13,0,0,0,0,0,0,4,1,6,2,66,10,1396,1,15,4,1,4
2016440431251,2,1,0,18,0,0,0,0,0,0,3,1,6,2,20,4,-1,-1,-1,7,1,7
2016440431468,1,9,0,18,0,0,0,0,0,0,1,1,6,2,36,7,1598,1,10,5,1,5
2016440431468,2,9,0,18,0,0,0,0,0,0,1,1,3,2,36,7,1598,1,2,3,1,3
2016440431473,1,9,0,3,0,1,0,0,0,0,2,1,6,1,84,11,1598,1,12,2,1,2
2016440431473,2,9,0,18,0,1,0,0,0,0,1,1,6,3,-1,-1,-1,-1,-1,-1,-1,-1
2016440431754,1,9,0,3,0,0,0,0,0,0,2,1,2,1,37,7,1968,2,4,7,1,7
2016440431754,2,19,0,18,0,0,0,0,0,0,1,1,6,1,48,8,2143,2,6,9,3,9
2016440431784,1,9,0,7,0,8,0,0,0,0,1,1,6,1,51,8,-1,-1,-1,5,1,5
2016440431824,1,20,0,9,0,8,0,0,0,0,4,1,1,1,59,9,3900,2,13,6,1,6
2016440431824,2,9,0,18,0,8,0,0,0,0,1,1,2,2,33,6,1984,1,12,3,1,3
2016440431831,1,9,0,7,0,1,0,0,0,0,2,1,6,2,38,7,2720,2,11,7,1,7
2016440431831,2,1,0,18,0,1,0,0,0,0,1,1,6,1,46,8,-1,-1,-1,-1,-1,-1
2016440431893,1,9,0,18,0,0,0,0,0,0,2,1,6,1,36,7,1461,2,-1,5,1,5
2016440431893,2,9,0,4,0,0,0,0,0,0,2,1,6,2,24,5,2979,1,13,6,3,6
2016440431893,3,9,0,18,0,0,0,0,0,0,1,1,6,1,53,8,1497,2,-1,8,1,8
2016440431950,1,9,0,18,0,0,5,7,0,0,1,1,6,2,79,11,973,1,13,5,1,5
2016440431952,1,9,0,18,0,8,0,0,0,0,1,1,6,1,27,6,1598,1,8,3,1,3
2016440431952,2,3,0,18,0,8,0,0,0,0,1,1,6,1,18,4,125,1,1,6,1,6
2016440432024,1,3,0,18,0,8,1,0,0,0,1,1,6,1,19,4,124,1,2,6,1,6
2016440432024,2,9,0,9,0,8,0,0,0,0,3,1,6,1,36,7,1968,2,1,8,1,8
2016440432381,1,9,0,18,0,1,0,0,0,0,1,1,4,1,61,9,1796,1,6,9,1,9
2016440432418,1,9,0,18,0,0,1,0,0,0,1,1,6,1,39,7,1968,2,1,6,1,6
2016440432418,2,9,0,4,0,0,1,0,0,0,2,1,6,2,24,5,-1,-1,-1,8,1,8
2016440432418,3,9,0,4,0,0,1,0,0,0,2,1,6,2,22,5,1248,2,5,5,1,5
2016440432418,4,9,0,4,0,0,0,0,0,0,1,1,6,1,48,8,1560,2,9,10,1,10
2016440432434,1,9,0,18,0,2,0,0,0,0,1,1,6,3,-1,-1,-1,-1,-1,-1,-1,-1
2016440432531,1,9,0,18,0,0,0,0,0,0,1,1,6,1,20,4,1598,2,3,7,3,7
2016440432531,2,19,0,4,0,0,0,0,0,0,2,1,1,1,46,8,4461,2,5,5,1,5
2016440432534,1,9,0,18,0,1,0,0,0,0,1,1,1,3,-1,-1,-1,-1,-1,-1,-1,-1
2016440432666,1,9,0,18,0,8,0,0,0,0,1,1,6,2,-1,-1,998,1,1,10,1,10
2016440432666,2,9,0,18,0,8,0,0,0,0,2,1,6,2,65,9,1388,1,11,8,1,8
2016440432726,1,11,0,5,0,0,0,0,0,0,0,1,1,1,-1,-1,-1,-1,-1,-1,-1,-1
2016440432977,1,19,0,18,0,8,0,0,0,0,3,1,1,1,22,5,2143,2,-1,10,1,10
2016440432977,2,9,0,18,0,1,0,0,0,0,1,1,6,2,48,8,1781,1,15,10,1,10
2016440433190,1,19,0,9,0,6,0,0,0,0,1,1,6,3,-1,-1,-1,-1,-1,-1,-1,-1
2016440433190,2,11,0,18,0,1,0,0,0,0,3,1,6,3,-1,-1,6370,2,10,-1,-1,-1
2016440433225,1,9,0,7,0,6,0,0,1,0,1,1,4,1,17,4,-1,-1,-1,9,1,9
2016440433276,1,9,0,5,0,2,0,0,0,0,4,1,6,1,70,10,1998,1,12,-1,-1,-1
2016440433290,1,20,0,18,0,0,0,0,0,0,4,1,6,1,-1,-1,-1,-1,-1,-1,-1,-1
2016440433322,1,9,0,9,0,1,0,0,0,0,2,1,6,1,62,9,1197,1,3,-1,-1,-1
2016440433322,2,9,0,18,0,1,0,0,0,0,1,1,2,1,49,8,1197,1,5,10,3,10
2016440433322,3,9,0,18,0,1,0,0,0,0,1,1,6,1,52,8,2204,2,9,8,2,8
2016440433337,1,9,0,18,0,0,0,0,0,0,1,1,6,2,69,10,1229,1,11,5,1,5
2016440433337,2,9,0,4,0,0,0,0,0,0,2,1,6,1,23,5,2967,2,8,8,3,8
2016440433469,1,21,0,18,0,0,0,0,0,0,1,1,1,1,41,7,6370,2,5,4,2,4
2016440433469,2,2,0,18,0,0,0,0,0,0,2,1,2,2,22,5,49,1,4,4,1,4
2016440433557,1,1,0,18,9,8,0,0,7,0,0,1,6,1,42,7,-1,-1,-1,9,1,9
2016440433630,1,19,0,6,0,0,0,0,0,0,1,1,1,1,55,8,2143,2,1,3,1,3
2016440433630,2,9,0,18,0,0,0,0,0,0,4,1,6,1,28,6,1339,1,8,2,1,2
2016440433885,1,5,0,18,0,8,0,0,0,0,3,1,6,1,24,5,749,1,10,2,1,2
2016440433885,2,9,0,9,0,8,0,0,0,0,1,1,6,1,22,5,1199,1,14,2,1,2
2016440434134,1,21,0,4,0,1,0,0,0,0,1,1,1,1,55,8,8500,2,21,10,1,10
2016440434134,2,9,0,4,0,1,0,0,0,0,2,1,6,1,75,10,998,1,16,9,1,9
2016440434134,3,9,0,4,0,1,0,0,0,0,2,1,6,2,57,9,2497,2,9,9,1,9
2016440434134,4,9,0,10,0,8,0,0,0,0,2,1,6,2,58,9,1499,1,-1,10,1,10
2016440434264,1,19,0,9,0,8,0,0,0,0,3,1,1,1,35,6,1560,2,-1,10,1,10
2016440434521,1,19,0,18,0,0,0,0,0,0,4,1,6,3,-1,-1,-1,-1,-1,-1,-1,-1
2016440434704,1,1,0,18,0,8,0,0,0,0,1,1,6,1,20,4,-1,-1,-1,3,1,3
2016440434704,2,9,0,9,0,8,0,0,0,0,1,1,6,1,-1,-1,-1,-1,-1,-1,-1,-1
2016440434704,3,9,0,10,0,1,0,0,0,0,3,1,6,1,-1,-1,1598,1,8,-1,-1,-1
2016440434711,1,9,0,18,0,0,0,0,0,0,1,1,2,2,52,8,1364,1,1,8,1,8
2016440434711,2,9,0,18,0,0,0,0,0,0,2,1,2,1,58,9,1998,8,-1,10,1,10
2016440434735,1,3,0,18,0,8,1,0,0,0,1,1,2,1,18,4,124,1,3,9,1,9
2016440434735,2,9,0,9,0,8,0,0,0,0,1,1,2,1,35,6,-1,-1,-1,9,1,9
2016440434812,1,3,0,4,0,8,1,0,0,0,0,1,6,2,17,4,124,1,9,5,1,5
2016440434855,1,9,0,18,0,0,0,0,0,0,0,1,6,2,22,5,1896,2,11,5,1,5
2016440434855,2,3,0,18,0,0,0,0,0,0,0,1,6,1,38,7,-1,-1,-1,6,1,6
2016440434961,1,9,0,18,0,8,0,12,0,0,1,1,2,1,41,7,-1,-1,-1,10,2,10
2016440435200,1,9,0,6,0,8,0,0,0,0,3,1,2,1,23,5,1229,1,5,2,1,2
2016440435200,2,5,0,18,0,8,0,0,0,0,1,1,2,1,52,8,900,1,-1,6,1,6
2016440435224,1,9,0,18,0,8,0,0,0,0,4,1,2,1,32,6,1968,2,6,2,1,2
2016440435224,2,19,0,7,0,8,0,0,0,0,1,1,2,3,-1,-1,2999,2,1,-1,-1,-1
2016440435268,1,5,0,18,0,2,1,0,0,0,1,1,6,1,28,6,599,1,14,7,1,7
2016440435268,2,9,0,4,0,2,0,0,0,0,2,1,6,1,38,7,1598,1,14,8,1,8
2016440435358,1,9,0,2,0,0,0,0,0,0,3,1,3,1,30,6,2351,1,13,1,1,1
2016440435358,2,9,0,17,0,0,0,8,0,0,1,1,6,2,70,10,1598,1,6,2,1,2
2016440435537,1,9,0,9,0,6,0,0,0,0,3,1,6,1,66,10,2494,1,28,8,3,8
2016440435537,2,9,0,18,0,1,0,0,0,0,1,1,6,2,60,9,1086,1,10,1,1,1
2016440435568,1,9,0,18,0,0,0,0,1,0,1,1,2,1,19,4,999,1,18,6,3,6
2016440435568,2,9,0,18,0,0,0,0,1,0,1,1,2,2,45,7,1995,2,5,10,1,10
2016440435871,1,9,0,9,0,0,0,0,0,0,1,1,6,1,73,10,1998,1,17,3,1,3
2016440435952,1,9,0,9,0,8,0,0,0,0,1,1,6,2,55,8,1242,1,3,5,1,5
2016440435952,2,1,0,18,0,1,0,0,0,0,4,1,6,1,55,8,-1,-1,-1,-1,-1,-1
2016440435992,1,90,0,5,0,0,0,0,0,0,1,1,1,1,-1,-1,5880,2,10,-1,-1,-1
2016440435992,2,11,0,2,0,0,0,0,0,0,3,1,1,1,-1,-1,3900,2,11,-1,-1,-1
2016440436001,1,9,0,4,0,0,0,0,0,0,2,1,6,1,18,4,998,1,14,5,1,5
2016440436001,2,9,0,4,0,0,0,0,0,0,2,1,6,2,31,6,999,1,-1,4,1,4
2016440436001,3,9,0,4,0,0,0,0,0,0,2,1,6,2,52,8,-1,-1,-1,8,1,8
2016440436001,4,9,0,18,0,0,0,0,0,0,1,1,6,1,26,6,1596,1,13,1,1,1
2016440436063,1,9,0,13,0,0,0,0,0,0,4,1,6,3,-1,-1,1598,1,12,-1,-1,-1
2016440436063,2,1,0,18,0,0,0,0,0,0,3,1,6,1,36,7,-1,-1,-1,8,1,8
2016440436119,1,97,0,18,0,8,0,0,0,0,0,1,6,2,39,7,-1,-1,-1,1,1,1
2016440436119,2,9,0,9,0,8,0,0,0,0,0,1,6,3,-1,-1,1598,1,10,-1,-1,-1
2016440436146,1,9,0,4,0,0,0,0,0,0,2,1,6,1,30,6,1398,1,6,2,1,2
2016440436146,2,9,0,4,0,0,0,0,0,0,1,1,6,3,-1,-1,1995,1,8,-1,-1,-1
2016440436167,1,9,0,18,0,1,0,0,0,0,1,1,2,2,35,6,1600,2,5,9,3,9
2016440436167,2,9,0,3,0,1,0,0,0,0,2,1,2,1,44,7,2143,2,4,9,1,9
2016440436228,1,3,0,3,0,1,0,0,0,0,2,1,6,1,17,4,125,1,2,8,1,8
2016440436228,2,9,0,18,0,1,0,0,0,0,1,1,2,2,38,7,1248,1,3,3,1,3
2016440436311,1,9,0,18,0,0,1,0,7,11,1,1,6,3,-1,-1,1988,1,13,-1,-1,-1
2016440436324,1,9,0,18,0,1,0,0,0,0,1,1,6,1,34,6,1781,1,15,3,1,3
2016440436324,2,9,0,2,0,2,0,0,0,0,4,1,6,1,20,4,1390,1,14,5,1,5