Accident_Index,Vehicle_Reference,Vehicle_Type,Towing_and_Articulation,Vehicle_Manoeuvre,Vehicle_Location-Restricted_Lane,Junction_Location,Skidding_and_Overturning,Hit_Object_in_Carriageway,Vehicle_Leaving_Carriageway,Hit_Object_off_Carriageway,1st_Point_of_Impact,Was_Vehicle_Left_Hand_Drive?,Journey_Purpose_of_Driver,Sex_of_Driver,Age_of_Driver,Age_Band_of_Driver,Engine_Capacity_(CC),Propulsion_Code,Age_of_Vehicle,Driver_IMD_Decile,Driver_Home_Area_Type,Vehicle_IMD_Decile
2016440463841,1,9,0,14,0,2,0,0,0,0,1,1,2,1,22,5,1598,1,14,8,1,8
2016440463849,1,3,0,18,0,0,1,0,0,0,0,1,6,1,20,4,124,1,5,4,1,4
2016440463849,2,9,0,18,0,0,0,0,0,0,1,1,6,1,-1,-1,1124,1,14,-1,-1,-1
2016440463972,1,1,0,18,0,8,0,0,0,0,4,1,2,1,53,8,-1,-1,-1,4,1,4
2016440463972,2,19,0,7,0,6,0,0,0,0,1,1,6,3,-1,-1,1686,2,11,-1,-1,-1
2016440464114,1,19,0,18,0,8,0,0,0,0,1,1,2,1,54,8,2499,2,13,9,1,9
2016440464114,2,9,0,5,0,8,0,7,8,1,3,1,2,2,24,5,998,1,16,6,1,6
2016440464127,1,9,0,7,9,8,0,0,0,0,1,1,6,1,50,8,1749,1,12,8,1,8
2016440464193,1,9,0,5,0,0,0,0,0,0,1,1,6,3,-1,-1,1973,1,15,-1,-1,-1
2016440464266,1,9,0,18,0,0,0,6,1,11,1,1,6,2,86,11,1242,1,7,10,1,10
2016440464266,2,20,0,18,0,0,0,0,0,0,0,1,6,3,-1,-1,-1,-1,-1,-1,-1,-1
2016440464410,1,9,0,18,0,0,0,0,1,9,1,1,6,2,56,9,1898,1,14,9,1,9
2016440464410,2,11,0,18,0,0,0,0,1,9,0,1,1,1,-1,-1,9000,2,1,9,1,9
2016440464452,1,9,0,18,0,8,5,0,3,9,1,1,6,1,27,6,1390,1,11,4,1,4
2016440464485,1,9,0,18,0,2,0,4,0,0,1,1,6,1,75,10,1560,2,2,6,2,6
2016440464485,2,19,0,2,0,2,0,4,0,0,2,1,6,3,-1,-1,2179,2,13,-1,-1,-1
2016440464485,3,19,0,2,0,2,0,0,0,0,2,1,6,3,-1,-1,-1,-1,-1,-1,-1,-1
2016440464510,1,9,0,18,0,1,1,0,0,10,1,1,6,3,-1,-1,954,1,21,-1,-1,-1
2016440464531,1,9,0,4,0,0,0,0,0,0,2,1,6,1,44,7,2993,2,2,7,1,7
2016440464531,2,10,0,18,0,0,0,0,0,0,1,1,6,1,51,8,2463,2,10,9,1,9
2016440464559,1,9,0,18,0,8,0,0,2,4,1,1,6,2,20,4,1149,1,12,10,2,10
2016440464675,1,1,0,9,0,0,0,10,0,0,1,1,6,1,30,6,-1,-1,-1,5,1,5
2016440465011,1,9,0,18,0,0,0,0,0,0,4,1,1,1,19,4,1124,1,18,10,1,10
2016440465272,1,9,0,18,0,2,0,0,0,0,1,1,6,3,-1,-1,1197,1,-1,-1,-1,-1
2016440465313,1,9,0,16,0,8,1,0,1,2,1,1,2,2,28,6,1396,1,15,6,1,6
2016440465347,1,19,0,17,0,8,0,0,0,0,1,1,1,1,33,6,1995,2,3,9,3,9
2016440465347,2,9,0,17,0,8,0,0,0,0,4,1,6,3,-1,-1,-1,-1,-1,-1,-1,-1
2016440465442,1,9,0,9,0,8,0,0,0,0,3,1,6,2,20,4,1329,1,5,5,1,5
2016440465442,2,9,0,18,0,8,0,0,0,0,1,1,6,1,69,10,1329,1,5,10,1,10
2016440465514,1,9,0,18,0,0,0,0,0,0,1,1,1,1,33,6,-1,-1,-1,7,1,7
2016440465514,2,9,0,18,0,0,0,0,0,0,2,1,6,2,48,8,1598,1,7,9,1,9
2016440465514,3,9,0,18,0,0,0,0,0,0,2,1,6,2,56,9,1598,1,6,8,3,8
2016440465562,1,9,0,10,0,1,0,0,0,0,2,1,6,1,53,8,1995,2,1,9,1,9
2016440465562,2,9,0,18,0,1,0,0,0,0,1,1,6,1,18,4,1198,1,4,8,1,8
2016440465565,1,9,0,17,0,0,1,0,1,0,2,1,6,1,33,6,3999,1,4,9,1,9
2016440465716,1,9,0,18,0,0,0,0,0,0,1,1,6,1,60,9,1951,2,12,3,1,3
2016440465722,1,9,0,18,0,0,2,0,1,0,0,1,6,1,35,6,1988,1,14,6,1,6
2016440465857,1,9,0,16,0,0,2,0,1,4,1,1,6,1,21,5,1242,1,9,3,1,3
2016440465880,1,9,0,18,0,1,0,4,1,0,1,1,6,1,48,8,1248,1,-1,7,1,7
2016440465880,2,9,0,2,0,1,0,0,0,0,2,1,6,3,-1,-1,1598,1,12,-1,-1,-1
2016440465901,1,9,0,18,0,2,0,0,0,0,1,1,6,2,53,8,2000,2,11,-1,-1,-1
2016440465901,2,9,0,18,0,2,0,0,0,0,1,1,6,1,51,8,1598,2,1,10,1,10
2016440466369,1,9,0,18,0,0,0,4,0,0,1,1,2,2,60,9,1686,2,14,8,1,8
2016440466369,2,9,0,2,0,0,0,0,0,0,2,1,6,3,-1,-1,1791,8,5,-1,-1,-1
2016440466563,1,9,0,3,0,0,0,0,0,0,4,1,6,2,36,7,2685,2,12,4,1,4
2016440466584,1,9,0,18,0,8,0,0,2,7,1,1,6,2,48,8,1398,1,4,8,1,8
2016440466584,2,9,0,18,0,8,0,0,0,0,0,1,6,3,-1,-1,-1,-1,-1,-1,-1,-1
2016440466584,3,9,0,12,0,8,0,0,0,0,0,1,6,3,-1,-1,-1,-1,-1,-1,-1,-1
2016440466586,1,9,0,18,0,2,0,0,0,0,3,1,6,1,32,6,-1,-1,-1,4,3,4
2016440466586,2,9,0,18,0,1,0,0,0,0,1,1,6,1,35,6,1895,1,17,6,2,6
2016440466809,1,9,0,18,0,0,0,0,0,0,2,1,6,1,20,4,1364,1,2,4,1,4
2016440466809,2,9,0,18,0,0,0,0,0,0,1,1,6,1,39,7,1398,2,13,-1,-1,-1
2016440466833,1,9,0,4,0,8,0,0,0,0,1,1,6,1,-1,-1,2151,2,17,-1,-1,-1
2016440466833,2,9,0,4,0,8,0,0,0,0,2,1,6,1,67,10,1598,1,1,4,1,4
2016440467167,1,9,0,4,0,0,0,0,0,0,2,1,6,1,55,8,1240,1,7,4,1,4
2016440467167,2,1,0,18,0,0,0,0,0,0,1,1,6,1,48,8,-1,-1,-1,10,1,10
2016440467305,1,21,0,18,0,7,0,0,0,0,3,2,1,1,53,8,-1,-1,-1,-1,-1,-1
2016440467305,2,9,0,18,0,8,0,0,0,0,4,1,2,2,55,8,1199,2,3,7,1,7
2016440467356,1,9,0,18,0,8,0,0,0,0,1,1,6,1,47,8,2497,1,9,2,1,2
2016440467356,2,9,0,4,0,8,1,0,0,0,4,1,2,2,37,7,1596,1,9,7,1,7
2016440467357,1,9,0,14,0,0,0,0,0,0,1,1,6,2,48,8,1598,2,4,10,2,10
2016440467357,2,9,0,18,0,0,0,0,0,0,1,1,6,2,27,6,1360,1,16,3,1,3
2016440467357,3,9,0,2,0,0,0,0,0,0,1,1,6,1,56,9,2720,2,7,8,3,8
2016440467357,4,9,0,2,0,0,0,0,0,0,0,1,6,3,-1,-1,1988,2,11,-1,-1,-1
2016440467447,1,4,0,4,0,0,0,0,0,0,1,1,6,1,19,4,124,1,-1,7,1,7
2016440467447,2,9,0,18,0,0,0,0,0,0,2,1,6,1,61,9,1292,1,13,5,1,5
2016440467638,1,9,0,3,0,1,0,0,0,0,2,1,6,1,46,8,1753,2,14,4,1,4
2016440467638,2,9,0,18,0,1,0,0,0,0,1,1,6,1,37,7,1390,1,9,4,1,4
2016440467691,1,9,0,1,0,1,0,0,0,0,0,1,6,2,61,9,1296,1,9,3,1,3
2016440467860,1,9,0,18,0,1,0,0,0,0,3,1,6,3,-1,-1,-1,-1,-1,-1,-1,-1
2016440467947,1,9,0,3,0,8,0,0,0,0,2,1,6,2,37,7,1386,1,9,9,1,9
2016440467947,2,21,0,18,0,8,1,0,0,0,1,1,6,1,53,8,4461,2,5,-1,2,-1
2016440468097,1,9,0,18,0,0,0,0,0,0,1,1,6,2,69,10,1590,1,13,-1,-1,-1
2016440468097,2,1,0,18,0,0,0,0,0,0,1,1,4,1,13,3,-1,-1,-1,8,1,8
2016440468266,1,9,0,7,0,4,0,0,0,0,0,1,6,1,73,10,1598,1,3,7,1,7
2016440468266,2,1,0,18,0,8,1,0,0,0,0,1,2,1,60,9,-1,-1,-1,4,1,4
2016440468271,1,9,0,18,0,2,0,0,0,0,1,1,2,1,39,7,2946,1,15,6,1,6
2016440468271,2,1,0,18,0,2,0,0,0,0,2,1,6,1,46,8,-1,-1,-1,3,1,3
2016440468288,1,9,0,18,0,0,0,0,0,0,1,1,6,1,68,10,1596,1,11,3,1,3
2016440468288,2,9,0,4,0,0,0,0,0,0,2,1,6,1,57,9,-1,-1,-1,6,1,6
2016440468320,1,9,0,9,0,8,0,0,0,0,1,1,6,3,-1,-1,-1,-1,-1,-1,-1,-1
2016440468474,1,9,0,18,0,0,0,0,0,0,1,1,6,3,-1,-1,1339,8,3,-1,-1,-1
2016440468474,2,1,0,18,0,0,0,0,0,0,4,1,6,1,47,8,-1,-1,-1,3,1,3
2016440468716,1,9,0,16,0,0,0,0,7,4,1,1,6,1,45,7,2143,2,4,8,3,8
2016440468761,1,19,0,18,0,1,0,12,0,0,1,1,1,1,46,8,2299,2,-1,9,2,9
2016440468781,1,9,0,4,0,0,0,0,0,0,2,1,2,1,37,7,1461,2,1,3,1,3
2016440468781,2,9,0,4,0,0,0,0,0,0,1,1,2,1,42,7,1597,1,7,4,1,4
2016440468781,3,9,0,4,0,0,0,0,0,0,2,1,2,1,41,7,2685,2,11,3,1,3
2016440468781,4,9,0,4,0,0,0,0,0,0,1,1,2,1,21,5,1390,1,14,10,1,10
2016440468813,1,9,0,7,0,8,0,0,0,0,3,1,1,2,57,9,1229,1,2,1,1,1
2016440468813,2,9,0,18,0,8,0,0,0,0,1,1,6,2,24,5,1229,1,6,4,1,4
2016440468827,1,9,0,18,0,0,0,0,0,0,4,1,6,3,-1,-1,1798,1,12,-1,-1,-1
2016440468827,2,9,0,3,0,0,0,0,0,0,2,1,6,2,25,5,1124,1,16,3,1,3
2016440468844,1,20,0,5,0,0,0,0,7,11,3,1,1,1,37,7,2287,2,2,6,1,6
2016440468844,2,9,0,18,0,0,1,0,0,0,4,1,2,2,60,9,1389,1,11,8,1,8
2016440468848,1,9,0,18,0,2,0,0,1,0,1,1,2,1,40,7,3724,1,11,-1,-1,-1
2016440469039,1,9,0,18,0,1,2,0,1,11,4,1,2,2,20,4,1242,1,10,8,1,8
2016440469057,1,9,0,18,0,0,0,0,0,0,2,1,6,1,54,8,1560,2,3,8,2,8
2016440469057,2,9,0,18,0,0,0,10,0,0,1,1,6,2,75,10,1998,1,10,6,3,6
2016440469142,1,1,0,18,0,8,0,0,0,0,4,1,6,1,50,8,-1,-1,-1,3,1,3
2016440469142,2,9,0,5,0,8,0,0,0,0,1,1,6,3,-1,-1,1198,1,5,-1,-1,-1
2016440469187,1,1,0,18,0,1,0,0,0,0,4,1,6,1,18,4,-1,-1,-1,5,1,5
2016440469187,2,9,0,5,0,6,0,0,0,0,1,1,6,2,55,8,1753,2,11,4,1,4
2016440469270,1,9,0,3,0,2,0,0,0,0,2,1,6,2,40,7,1598,1,5,8,1,8
2016440469270,2,9,0,3,0,2,0,0,0,0,2,1,6,1,44,7,1896,2,9,8,1,8
2016440469270,3,9,0,18,0,1,0,0,0,0,1,1,6,2,23,5,1598,1,10,8,1,8
2016440469270,4,9,0,18,0,1,0,0,0,0,1,1,6,1,50,8,1995,1,6,10,1,10
2016440469288,1,9,0,9,0,8,0,0,0,0,1,1,6,2,68,10,1388,1,8,6,1,6
2016440469288,2,9,0,18,0,8,0,0,0,0,4,1,6,1,35,6,1149,1,6,7,1,7
2016440469530,1,9,0,3,0,8,0,0,0,0,3,1,6,2,25,5,1560,2,-1,2,1,2
2016440469530,2,9,0,9,0,8,0,0,0,0,1,1,6,1,40,7,1951,2,12,5,1,5
2016440469604,1,9,0,3,0,1,0,0,0,0,2,1,6,2,28,6,1124,1,13,9,1,9
2016440469604,2,9,0,4,0,1,0,0,0,0,1,1,6,3,-1,-1,1998,1,10,-1,-1,-1
2016440469750,1,9,0,3,0,0,0,0,0,0,2,1,6,2,34,6,1598,1,7,7,1,7
2016440469750,2,9,0,4,0,0,0,0,0,0,2,1,6,1,37,7,1753,2,10,-1,-1,-1
2016440469750,3,9,0,18,0,0,0,0,0,0,1,1,6,3,-1,-1,1198,1,10,-1,-1,-1
2016440469781,1,9,0,9,0,8,0,0,0,0,1,1,6,1,52,8,1798,8,3,10,1,10
2016440469781,2,4,0,18,0,8,0,0,0,0,1,1,6,1,57,9,248,1,3,8,1,8
2016440469883,1,9,0,9,0,8,0,0,0,0,1,1,6,2,-1,-1,698,1,12,-1,-1,-1
2016440469883,2,1,0,18,0,8,0,0,0,0,1,1,6,1,17,4,-1,-1,-1,1,1,1
2016440469936,1,9,0,10,0,8,0,0,0,0,3,1,6,1,55,8,1974,2,16,8,1,8
2016440469936,2,3,0,18,0,8,1,0,0,0,3,1,6,1,18,4,125,1,5,8,1,8
2016440469947,1,9,0,18,0,0,1,0,0,0,1,1,2,1,68,10,1968,2,4,5,3,5
2016440469947,2,9,0,18,0,0,0,0,0,0,1,1,1,1,33,6,-1,-1,-1,6,2,6
2016440469947,3,9,0,18,0,0,1,0,0,0,2,1,6,3,-1,-1,2400,2,3,-1,-1,-1
2016440470082,1,9,0,14,0,0,0,0,0,0,3,1,6,2,31,6,6749,1,1,1,1,1
2016440470438,1,9,0,9,0,8,0,0,0,0,1,1,3,2,30,6,1598,1,14,-1,-1,-1
2016440470469,1,9,0,18,0,0,0,0,0,0,2,1,1,2,61,9,1598,2,-1,10,1,10
2016440470469,2,9,0,18,0,0,0,0,0,0,1,1,6,3,-1,-1,1997,2,13,-1,-1,-1
2016440470614,1,9,0,4,0,0,0,0,0,0,1,1,6,2,27,6,1497,8,1,9,1,9
2016440470959,1,5,0,16,0,2,1,0,0,0,0,1,1,1,44,7,1000,1,-1,7,3,7
2016440470974,1,9,0,18,0,0,1,0,1,11,1,1,6,2,47,8,1461,2,13,10,1,10
2016440471225,1,9,0,7,0,8,0,0,0,0,1,1,6,1,41,7,1968,2,4,8,1,8
2016440471225,2,1,0,18,0,8,0,0,0,0,1,1,6,1,16,4,-1,-1,-1,3,1,3
2016440471393,1,5,0,9,0,8,0,0,0,0,1,1,6,1,28,6,1157,1,19,1,1,1
2016440471393,2,3,0,18,0,8,0,0,0,0,3,1,6,1,39,7,124,1,11,7,3,7
2016440471503,1,9,0,4,0,0,0,0,0,0,2,1,6,3,-1,-1,-1,-1,-1,-1,-1,-1
2016440471503,2,9,0,4,0,0,0,0,0,0,2,1,6,2,51,8,1360,1,11,4,1,4
2016440471503,3,19,0,4,0,0,0,0,0,0,1,1,6,1,27,6,2402,2,11,7,3,7
2016440471713,1,9,0,18,0,0,0,0,0,0,1,1,6,3,-1,-1,-1,-1,-1,-1,-1,-1
2016440471746,1,9,0,18,0,8,0,0,0,0,1,1,1,2,47,8,1229,1,1,3,1,3
2016440471750,1,9,0,18,0,0,0,0,7,0,3,1,2,2,30,6,1587,1,13,6,2,6
2016440471750,2,9,0,18,0,0,0,0,1,9,3,1,2,1,49,8,1995,2,1,10,1,10
2016440471790,1,9,0,4,0,8,0,0,7,3,3,1,6,1,65,9,2148,2,12,6,1,6
2016440471790,2,9,0,18,0,8,0,0,0,0,1,1,6,2,36,7,-1,-1,-1,-1,-1,-1
2016440471865,1,3,0,18,0,0,0,0,1,0,1,1,2,1,27,6,125,1,2,7,3,7
2016440471865,2,9,0,18,0,0,0,0,0,0,0,1,6,2,-1,-1,1910,2,10,-1,-1,-1
2016440471917,1,9,0,9,0,8,0,0,0,0,3,1,6,1,51,8,1360,1,13,3,1,3
2016440471917,2,11,0,18,0,8,0,0,0,0,1,1,1,2,57,9,6700,2,-1,3,1,3
2016440471976,1,9,0,18,0,8,0,0,0,0,1,1,6,1,22,5,-1,-1,-1,3,1,3
2016440471976,2,9,0,5,0,8,0,0,0,0,3,1,6,1,67,10,1497,8,10,2,1,2
2016440471976,3,9,0,2,0,2,0,0,0,0,2,1,6,3,-1,-1,1796,1,13,-1,-1,-1
2016440471976,4,9,0,2,0,2,0,0,0,0,2,1,6,3,-1,-1,1560,2,4,-1,-1,-1
2016440472334,1,9,0,18,0,1,0,0,0,0,0,1,6,1,64,9,-1,-1,-1,7,1,7
2016440472615,1,9,0,4,0,0,0,0,0,0,2,1,6,1,46,8,-1,-1,-1,5,1,5
2016440472615,2,9,0,18,0,0,0,0,0,0,2,1,6,1,19,4,1968,2,8,8,3,8
2016440472615,3,9,0,18,0,0,0,0,0,0,1,1,6,2,25,5,1968,2,-1,7,3,7
2016440472681,1,9,0,18,0,0,0,0,0,0,2,1,2,1,32,6,998,1,-1,5,1,5
2016440472681,2,19,0,18,0,0,0,0,0,0,1,1,2,1,27,6,2198,2,2,7,2,7
2016440472681,3,9,0,18,0,0,0,0,0,0,1,1,2,1,34,6,2143,2,4,9,1,9
2016440472684,1,9,0,18,0,8,0,0,0,0,1,1,6,1,28,6,1590,1,12,7,1,7
2016440472747,1,9,0,9,0,8,0,0,0,0,1,1,6,2,73,10,1197,1,-1,8,3,8
2016440472747,2,9,0,18,0,8,0,0,0,0,1,1,1,2,51,8,2985,2,11,9,1,9
2016440472996,1,9,0,13,0,2,0,0,0,0,1,1,6,1,22,5,2148,2,11,8,1,8
2016440473074,1,8,0,5,0,0,0,0,0,0,0,1,1,1,28,6,1598,2,2,1,1,1
2016440473085,1,9,0,18,5,8,0,0,0,0,1,1,1,1,46,8,1910,2,9,1,1,1
2016440473085,2,1,0,18,5,8,0,0,0,0,4,1,1,1,60,9,-1,-1,-1,4,1,4
2016440473097,1,1,0,18,0,8,0,0,0,0,1,1,2,1,19,4,-1,-1,-1,10,1,10
2016440473097,2,9,0,7,0,8,0,0,0,0,3,1,6,3,-1,-1,-1,-1,-1,-1,-1,-1
2016440473506,1,1,0,18,0,8,0,0,0,0,4,1,1,1,42,7,-1,-1,-1,-1,-1,-1
2016440473506,2,9,0,7,0,8,0,0,0,0,1,1,6,2,64,9,1395,1,3,-1,-1,-1
2016440473547,1,19,0,5,0,8,0,0,0,0,1,1,1,1,57,9,2143,2,1,6,1,6
2016440473547,2,9,0,9,0,8,1,0,0,0,3,1,6,2,30,6,1896,2,11,3,1,3
2016440473586,1,9,0,18,0,1,0,0,0,0,1,1,6,2,52,8,1582,2,-1,3,1,3
2016440473586,2,9,0,1,0,1,0,0,0,0,1,1,6,1,32,6,1364,1,2,3,1,3
2016440473811,1,9,0,18,0,0,0,0,0,0,1,1,6,2,61,9,1998,1,13,8,3,8
2016440473811,2,9,0,18,0,0,0,0,0,0,1,1,6,1,59,9,1598,1,7,7,3,7
2016440473921,1,1,0,18,0,8,0,0,0,0,4,1,2,1,47,8,-1,-1,-1,8,1,8
2016440473921,2,9,0,7,0,8,0,0,0,0,1,1,6,3,-1,-1,-1,-1,-1,-1,-1,-1
2016440473976,1,9,0,5,0,8,0,0,0,0,3,1,6,1,45,7,1598,1,2,6,1,6
2016440473976,2,9,0,18,0,8,0,0,0,0,1,1,6,2,22,5,1149,1,11,5,1,5
2016440474003,1,9,0,18,0,0,0,0,0,0,2,1,6,2,33,6,1796,1,8,4,1,4
2016440474003,2,9,0,18,0,0,0,0,0,0,1,1,6,3,-1,-1,2993,2,3,-1,-1,-1
2016440474128,1,1,0,18,0,0,1,0,0,0,1,1,6,1,20,4,-1,-1,-1,7,3,7
2016440474128,2,9,0,2,0,0,0,0,0,0,3,1,6,1,19,4,1229,1,7,9,1,9
2016440474338,1,9,0,17,0,0,0,0,8,10,4,1,6,1,21,5,998,1,16,10,1,10
2016440474412,1,9,0,18,0,0,5,0,8,10,1,1,6,2,35,6,1800,1,16,7,1,7
2016440474467,1,9,0,18,0,2,1,0,0,0,1,1,2,1,26,6,1989,1,16,5,3,5
2016440474467,2,9,0,2,0,2,0,0,0,0,2,1,6,3,-1,-1,1896,2,7,-1,-1,-1
2016440474490,1,9,0,17,0,0,1,0,8,7,1,1,6,1,32,6,1598,1,9,9,1,9
2016440474619,1,9,0,18,0,0,1,0,7,9,0,1,2,1,30,6,1686,2,5,4,1,4
2016440474746,1,9,0,7,0,8,0,0,0,0,3,1,6,1,78,11,1968,2,2,9,3,9
2016440474746,2,1,0,18,0,8,0,0,0,0,2,1,6,1,52,8,-1,-1,-1,9,1,9
2016440474940,1,8,0,9,0,8,0,0,0,0,1,1,1,1,47,8,1598,2,-1,6,1,6
2016440474940,2,3,0,18,0,8,0,0,0,0,1,1,6,1,50,8,125,1,53,5,1,5
2016440475037,1,19,0,18,0,1,0,0,0,0,1,1,2,1,29,6,2198,2,9,-1,-1,-1
2016440475037,2,9,0,3,0,1,0,0,0,0,2,1,6,1,31,6,2500,1,24,9,1,9
2016440475229,1,4,0,18,0,0,1,0,2,10,1,1,6,1,24,5,999,1,11,4,1,4
2016440475229,2,4,0,18,0,0,1,0,2,10,1,1,6,2,23,5,398,1,25,10,1,10
2016440475383,1,9,0,16,0,1,0,0,0,0,1,1,6,1,17,4,1390,1,11,9,1,9
2016440475383,2,9,0,2,0,2,0,0,0,0,1,1,6,3,-1,-1,1582,2,2,-1,-1,-1
2016440475477,1,9,0,18,0,8,0,0,0,0,1,1,6,1,18,4,1242,1,10,7,3,7
2016440475477,2,9,0,18,0,8,0,7,0,0,4,1,6,1,31,6,1598,2,4,8,1,8
2016440475838,1,9,0,18,0,0,1,0,0,11,3,1,6,1,18,4,1388,1,9,5,1,5
2016440475846,1,9,0,18,0,8,1,0,0,0,3,1,1,1,21,5,1598,1,17,3,1,3
2016440476280,1,9,0,18,0,8,0,0,0,0,1,1,6,1,77,11,1396,1,6,9,1,9
2016440476280,2,9,0,9,0,8,0,0,0,0,1,1,1,2,33,6,2993,2,1,10,1,10
2016440476293,1,90,0,9,0,2,0,0,0,0,0,1,6,1,65,9,-1,-1,-1,5,1,5
2016440476355,1,9,0,9,0,8,0,0,7,4,1,1,6,1,26,6,1998,1,20,3,1,3
2016440476502,1,9,0,18,0,0,0,0,0,0,1,1,6,2,63,9,1560,2,3,9,3,9
2016440476502,2,9,0,18,0,0,0,0,0,0,1,1,6,1,19,4,1396,1,7,9,1,9
2016440476514,1,9,0,12,0,0,0,0,0,0,0,1,6,3,-1,-1,-1,-1,-1,-1,-1,-1
2016440476514,2,9,0,18,0,0,0,0,0,7,3,1,6,2,29,6,1388,1,10,2,1,2
2016440476514,3,9,0,18,0,0,0,0,0,7,0,1,6,2,28,6,2191,2,-1,8,1,8
2016440476589,1,9,0,5,0,2,0,0,0,0,0,1,6,1,41,7,1991,2,6,6,1,6
2016440476589,2,1,0,14,0,2,0,0,0,0,0,1,2,2,56,9,-1,-1,-1,5,1,5
2016440476649,1,19,0,18,0,0,0,0,0,11,1,1,6,1,57,9,2402,2,11,9,1,9
2016440476864,1,9,0,16,0,0,0,0,7,4,1,1,6,1,26,6,-1,-1,-1,6,1,6
2016440476971,1,9,0,9,0,8,0,0,0,0,1,1,1,1,52,8,1975,1,10,7,1,7
2016440476971,2,19,0,18,0,8,0,0,0,0,1,1,1,1,35,6,1560,2,1,2,1,2
2016440477371,1,1,0,18,0,8,0,0,0,0,4,1,6,1,18,4,-1,-1,-1,2,1,2
2016440477371,2,9,0,18,0,8,0,0,0,0,1,1,6,1,43,7,1896,2,10,4,1,4
2016440477623,1,1,0,18,0,0,0,0,0,0,3,1,2,1,46,8,-1,-1,-1,10,1,10
2016440477623,2,9,0,13,0,0,0,0,0,0,4,1,6,1,-1,-1,2488,2,8,-1,-1,-1
2016440477671,1,9,0,16,0,2,0,0,4,6,1,1,6,2,27,6,1598,1,12,3,1,3
2016440477717,1,1,0,18,0,8,0,0,0,0,4,1,6,1,59,9,-1,-1,-1,9,1,9
2016440477717,2,9,0,7,0,8,0,0,0,0,1,1,6,2,-1,-1,-1,-1,-1,-1,-1,-1
2016440477746,1,9,0,18,0,0,0,0,1,4,1,1,2,1,44,7,1461,2,1,10,1,10
2016440477872,1,9,0,18,0,1,0,0,8,7,1,1,6,1,25,5,1229,1,5,7,2,7
2016440477872,2,21,0,3,0,1,0,0,0,0,2,1,1,3,-1,-1,12777,2,4,-1,-1,-1
2016440477880,1,9,0,4,0,2,0,0,0,0,2,1,2,2,37,7,-1,-1,-1,6,1,6
2016440477880,2,9,0,18,0,2,0,0,0,0,1,1,6,1,28,6,1587,1,12,3,1,3
2016440477921,1,9,0,18,0,8,1,0,1,4,1,1,2,2,24,5,-1,-1,-1,8,3,8
2016440477961,1,9,0,3,0,1,0,0,0,0,2,1,6,2,21,5,1598,1,6,2,1,2
2016440477961,2,9,0,4,0,1,0,0,0,0,1,1,6,3,-1,-1,1149,1,11,-1,-1,-1
2016440477963,1,11,0,7,0,8,0,0,0,0,4,1,1,1,57,9,6700,2,-1,4,1,4
2016440478078,1,9,0,18,0,2,0,0,0,0,4,1,1,1,27,6,-1,-1,-1,10,1,10
2016440478206,1,9,0,18,0,0,5,0,1,9,3,1,6,1,20,4,1299,1,10,5,3,5
2016440478591,1,1,0,18,0,8,0,0,0,0,4,1,6,2,32,6,-1,-1,-1,1,1,1
2016440478591,2,9,0,18,0,8,0,0,0,0,1,1,3,1,60,9,-1,-1,-1,4,3,4
2016440478658,1,1,0,18,0,8,0,0,0,0,1,1,6,1,60,9,-1,-1,-1,4,1,4
2016440478658,2,9,0,18,0,8,0,0,0,0,0,1,6,3,-1,-1,-1,-1,-1,-1,-1,-1
2016440478721,1,9,0,9,0,8,0,0,0,0,1,1,6,2,41,7,1398,2,9,4,1,4
2016440478721,2,9,0,18,0,8,0,0,0,0,1,1,6,1,67,10,998,1,1,8,3,8
2016440478721,3,9,0,3,0,1,0,0,0,0,1,1,6,1,47,8,2685,2,13,8,1,8
2016440478812,1,9,0,12,0,0,0,0,0,0,3,1,6,2,38,7,1799,1,7,5,1,5
2016440478812,2,3,0,18,0,0,0,0,0,0,1,1,6,1,32,6,-1,-1,-1,6,1,6
2016440478930,1,9,0,16,0,0,0,0,0,0,0,1,6,1,73,10,1560,2,6,7,3,7
2016440478930,2,9,0,17,0,0,0,0,0,0,1,1,6,1,80,11,1332,1,6,5,3,5
2016440478964,1,9,0,18,0,8,0,0,0,0,3,1,6,2,23,5,1360,1,11,5,1,5
2016440478964,2,9,0,17,0,8,0,0,0,0,1,1,1,1,46,8,1560,2,5,-1,-1,-1
2016440479134,1,9,0,5,0,1,0,0,0,0,1,1,6,2,58,9,2231,2,4,10,1,10
2016440479136,1,5,0,18,0,8,0,0,0,0,3,1,1,1,56,9,-1,-1,-1,9,1,9
2016440479136,2,9,0,18,0,8,0,0,0,0,1,1,6,3,-1,-1,1199,1,15,-1,-1,-1
2016440479217,1,9,0,18,0,1,0,0,0,0,1,1,6,1,33,6,1896,2,15,2,1,2
2016440479217,2,19,0,9,0,1,0,0,0,0,3,1,6,1,30,6,2198,2,-1,-1,-1,-1
2016440479264,1,9,0,2,0,0,0,0,0,0,3,1,6,1,71,10,1591,1,7,3,1,3
2016440479264,2,1,0,18,0,0,1,0,0,0,1,1,6,2,19,4,-1,-1,-1,2,1,2
2016440479404,1,9,0,18,0,2,0,0,0,0,1,1,6,1,23,5,1598,1,9,1,1,1
2016440479426,1,9,0,17,0,8,1,0,0,0,1,1,6,1,32,6,1997,2,3,10,1,10