Accident_Index,Vehicle_Reference,Vehicle_Type,Towing_and_Articulation,Vehicle_Manoeuvre,Vehicle_Location-Restricted_Lane,Junction_Location,Skidding_and_Overturning,Hit_Object_in_Carriageway,Vehicle_Leaving_Carriageway,Hit_Object_off_Carriageway,1st_Point_of_Impact,Was_Vehicle_Left_Hand_Drive?,Journey_Purpose_of_Driver,Sex_of_Driver,Age_of_Driver,Age_Band_of_Driver,Engine_Capacity_(CC),Propulsion_Code,Age_of_Vehicle,Driver_IMD_Decile,Driver_Home_Area_Type,Vehicle_IMD_Decile
2016450038203,1,3,0,18,0,8,1,0,0,0,1,1,6,1,28,6,124,1,1,6,1,6
2016450038203,2,9,0,5,0,1,0,0,0,0,1,1,5,2,79,11,1968,2,5,8,1,8
2016450038208,1,9,0,18,0,0,0,0,0,0,3,1,2,1,37,7,1396,1,11,9,1,9
2016450038208,2,3,0,18,0,0,2,0,0,0,4,1,5,1,18,4,-1,-1,-1,5,3,5
2016450038208,3,19,0,18,0,0,0,0,0,0,3,1,5,1,-1,-1,1910,2,14,5,3,5
2016450038218,1,9,0,18,0,2,0,0,0,0,4,1,6,1,68,10,2148,2,7,10,1,10
2016450038220,1,1,0,5,0,3,5,0,0,0,2,1,5,1,26,6,-1,-1,-1,10,1,10
2016450038220,2,9,0,5,0,3,0,0,0,0,1,1,5,1,-1,-1,2183,2,5,10,1,10
2016450038230,1,9,0,18,0,1,0,0,0,0,4,1,6,2,84,11,1242,1,8,10,2,10
2016450038230,2,9,0,5,0,6,0,0,0,0,1,1,6,1,29,6,1791,8,5,10,1,10
2016450038254,1,9,0,18,0,0,0,0,0,0,0,1,2,2,40,7,1896,2,13,-1,-1,-1
2016450038254,2,1,0,18,0,0,0,0,0,0,0,1,2,1,32,6,-1,-1,-1,9,1,9
2016450038255,1,9,0,17,0,0,2,0,7,4,1,1,5,1,50,8,2198,2,4,4,1,4
2016450038262,1,9,0,9,0,1,0,0,0,0,1,1,6,2,32,6,1199,1,14,-1,-1,-1
2016450038262,2,9,0,18,0,8,0,0,0,0,1,1,6,2,32,6,2494,8,1,-1,-1,-1
2016450038313,1,19,0,3,0,1,0,0,0,0,2,1,5,1,49,8,1870,2,12,-1,-1,-1
2016450038313,2,9,0,4,0,1,0,0,0,0,1,1,5,2,21,5,1398,1,1,8,1,8
2016450038319,1,9,0,9,0,5,0,0,0,0,4,1,6,2,54,8,999,1,2,-1,-1,-1
2016450038319,2,9,0,18,0,4,0,0,0,0,1,1,6,1,73,10,1998,1,14,5,1,5
2016450038331,1,2,0,18,0,3,0,0,0,0,2,1,1,1,16,4,49,1,1,5,1,5
2016450038331,2,9,0,18,0,3,0,0,0,0,0,1,1,3,50,8,-1,-1,-1,-1,-1,-1
2016450038338,1,1,0,16,0,8,0,0,0,0,4,1,1,1,28,6,-1,-1,-1,5,1,5
2016450038338,2,9,0,18,0,4,0,0,0,0,1,1,6,3,-1,-1,-1,-1,-1,-1,-1,-1
2016450038343,1,9,0,5,0,1,0,0,0,0,2,1,6,1,47,8,4197,1,10,9,3,9
2016450038343,2,9,0,18,0,1,0,0,0,0,1,1,6,2,-1,-1,2198,1,14,8,1,8
2016450038345,1,9,0,2,0,0,0,0,0,0,1,1,6,2,39,7,2720,2,8,8,1,8
2016450038356,1,1,0,18,0,1,0,0,0,0,4,1,1,1,41,7,-1,-1,-1,-1,-1,-1
2016450038356,2,9,0,18,0,1,0,0,0,0,3,1,3,1,43,7,1368,1,8,10,1,10
2016450038359,1,9,0,17,0,8,1,0,7,6,1,1,6,1,50,8,1560,2,7,7,3,7
2016450038367,1,1,0,18,0,0,0,0,0,0,0,1,6,1,12,3,-1,-1,-1,10,2,10
2016450038373,1,1,0,9,0,8,0,0,0,0,0,1,6,1,61,9,-1,-1,-1,10,1,10
2016450038377,1,9,0,18,0,0,0,4,1,0,1,1,2,1,26,6,1399,2,10,10,1,10
2016450038377,2,9,0,2,0,0,0,0,0,0,2,1,6,1,-1,-1,1598,2,3,9,1,9
2016450038377,3,9,0,2,0,0,0,0,0,0,2,1,6,2,-1,-1,1794,1,8,9,1,9
2016450038380,1,19,0,9,0,5,0,0,0,0,1,1,1,1,63,9,1560,2,1,10,2,10
2016450038381,1,19,0,18,0,0,0,4,0,0,1,1,1,1,61,9,2143,2,2,-1,-1,-1
2016450038381,2,9,0,2,0,0,0,0,1,2,2,1,6,1,51,8,1599,1,13,9,1,9
2016450038382,1,19,0,18,0,0,0,0,0,0,4,1,6,2,28,6,-1,-1,-1,6,1,6
2016450038393,1,9,0,15,0,0,0,0,1,0,4,1,1,1,26,6,1560,2,11,9,1,9
2016450038397,1,9,0,18,0,8,1,0,1,2,4,1,5,2,23,5,1242,1,1,10,1,10
2016450038397,2,9,0,18,0,8,0,0,0,0,1,1,5,1,38,7,2198,2,3,5,2,5
2016450038413,1,9,0,9,0,3,0,0,0,0,1,1,6,1,67,10,1968,2,6,-1,-1,-1
2016450038413,2,1,0,18,0,4,0,0,0,0,1,1,6,1,61,9,-1,-1,-1,5,1,5
2016450038425,1,9,0,18,0,0,1,0,1,10,2,1,5,1,28,6,1794,1,12,9,1,9
2016450038425,2,9,0,18,0,0,1,0,1,7,1,1,5,1,32,6,2143,2,5,6,1,6
2016450038505,1,9,0,18,0,4,0,0,0,0,1,1,5,2,27,6,1796,1,6,5,1,5
2016450038505,2,9,0,18,0,8,0,0,1,0,1,1,5,2,73,10,1229,1,6,7,2,7
2016450038511,1,9,0,9,0,6,0,0,0,0,1,1,2,2,41,7,1910,2,8,10,1,10
2016450038516,1,1,0,18,0,8,5,0,0,0,4,1,5,1,45,7,-1,-1,-1,4,1,4
2016450038516,2,9,0,18,0,8,0,0,0,0,1,1,6,1,-1,-1,-1,-1,-1,-1,-1,-1
2016450038518,1,9,0,3,0,3,0,0,0,0,3,1,1,2,21,5,1242,1,13,7,1,7
2016450038518,2,20,0,3,0,3,0,0,0,0,1,1,1,1,66,10,12900,2,5,3,1,3
2016450038526,1,9,0,9,0,6,0,0,0,0,1,1,5,1,80,11,1388,1,5,9,1,9
2016450038526,2,9,0,18,0,1,1,0,1,0,1,1,5,2,23,5,998,1,10,8,1,8
2016450038528,1,9,0,18,0,0,0,0,0,0,2,1,2,2,30,6,1984,1,12,2,1,2
2016450038528,2,9,0,4,0,0,0,0,0,0,1,1,1,1,43,7,1598,2,6,3,1,3
2016450038535,1,9,0,9,0,6,0,0,0,0,1,1,5,1,28,6,1968,2,10,6,1,6
2016450038535,2,3,0,14,0,1,5,0,0,0,1,1,5,1,21,5,125,1,8,9,3,9
2016450038536,1,9,0,18,0,1,0,0,0,0,1,1,1,2,37,7,1598,1,15,-1,-1,-1
2016450038545,1,9,0,5,0,4,0,0,0,0,1,1,1,1,23,5,1686,2,11,5,1,5
2016450038545,2,9,0,5,0,4,0,0,0,0,1,1,6,2,50,8,1364,1,7,4,1,4
2016450038545,3,9,0,5,0,4,0,0,0,0,2,1,6,2,44,7,1400,1,11,7,1,7
2016450038549,1,9,0,18,0,1,0,0,0,0,4,1,5,2,50,8,1496,1,1,8,1,8
2016450038551,1,9,0,18,0,0,0,0,1,11,1,1,6,2,44,7,1498,1,7,10,1,10
2016450038557,1,9,0,18,0,0,0,0,0,0,1,1,2,2,21,5,1229,1,3,9,2,9
2016450038557,2,19,0,2,0,0,0,0,0,0,2,1,6,1,45,7,2402,2,6,9,1,9
2016450038567,1,3,0,18,0,8,2,0,0,0,0,1,5,1,20,4,-1,-1,-1,8,1,8
2016450038567,2,9,0,18,0,8,0,0,0,0,0,1,6,3,-1,-1,-1,-1,-1,-1,-1,-1
2016450038571,1,9,0,17,0,1,2,0,2,2,1,1,2,1,26,6,1995,1,13,6,1,6
2016450038578,1,21,1,12,0,0,0,0,0,0,1,1,1,1,26,6,-1,-1,-1,-1,-1,-1
2016450038578,2,9,0,18,0,0,0,0,0,0,4,1,5,1,35,6,1988,2,9,9,1,9
2016450038590,1,9,0,5,0,0,0,0,1,0,1,1,5,2,81,11,1995,1,7,9,1,9
2016450038602,1,8,0,18,0,8,0,0,0,0,4,1,2,1,28,6,1598,2,2,6,1,6
2016450039668,1,9,0,18,0,0,0,0,0,0,1,1,6,2,39,7,2179,2,4,10,2,10
2016450039727,1,9,0,16,0,0,1,0,5,4,1,1,5,1,46,8,1686,2,9,7,1,7
2016450039740,1,1,0,18,0,0,0,0,1,0,3,1,6,1,38,7,-1,-1,-1,10,1,10
2016450039740,2,9,0,13,0,0,0,0,0,0,4,1,6,2,18,4,1198,1,10,9,3,9
2016450039750,1,9,0,18,0,0,0,0,0,0,2,1,1,2,61,9,-1,-1,-1,9,1,9
2016450039750,2,9,0,18,0,0,0,0,0,0,1,1,6,2,50,8,1560,2,2,3,1,3
2016450039770,1,1,0,18,0,8,0,0,0,0,4,1,6,1,50,8,-1,-1,-1,6,1,6
2016450039770,2,9,0,18,0,8,0,0,0,0,1,1,6,1,50,8,-1,-1,-1,-1,-1,-1
2016450039822,1,1,0,18,0,1,0,0,0,0,1,1,2,1,25,5,-1,-1,-1,8,1,8
2016450039822,2,9,0,18,0,1,0,0,0,0,3,1,6,1,84,11,1997,1,28,9,1,9
2016450039905,1,9,0,4,0,1,0,0,0,0,1,1,6,2,44,7,1896,2,11,10,1,10
2016450040051,1,9,0,18,0,0,0,0,0,0,1,1,2,2,33,6,1797,8,4,8,1,8
2016450040051,2,9,0,3,0,0,0,0,0,0,2,1,2,1,34,6,1389,1,15,9,1,9
2016450040051,3,9,0,3,0,0,0,0,0,0,2,1,2,2,53,8,1364,2,2,6,1,6
2016450040051,4,9,0,3,0,0,0,0,0,0,2,1,5,1,50,8,2979,1,2,4,1,4
2016450040060,1,9,0,9,0,5,0,0,0,0,1,1,6,1,28,6,1590,1,15,8,1,8
2016450040060,2,1,0,4,0,1,0,0,0,0,1,1,6,1,44,7,-1,-1,-1,8,1,8
2016450040067,1,19,0,4,0,0,5,0,0,0,4,1,1,1,26,6,2198,2,7,2,1,2
2016450040085,1,9,0,18,0,0,0,0,0,0,1,1,2,1,27,6,1798,1,12,5,1,5
2016450040085,2,9,0,2,0,0,0,0,0,0,1,1,6,1,-1,-1,2143,2,3,10,1,10
2016450040100,1,9,0,18,0,0,0,0,0,0,1,1,2,2,25,5,1587,1,12,8,1,8
2016450040100,2,9,0,3,0,0,0,0,0,0,2,1,2,1,54,8,1995,2,1,10,1,10
2016450040100,3,9,0,4,0,0,0,0,0,0,2,1,2,1,33,6,999,1,1,-1,-1,-1
2016450040115,1,19,0,9,0,6,0,0,0,0,1,1,1,1,52,8,2198,2,2,10,1,10
2016450040115,2,9,0,18,0,1,0,0,0,0,1,1,2,2,49,8,1598,1,3,7,1,7
2016450040120,1,9,0,9,0,8,0,7,0,0,4,1,6,1,79,11,1395,1,3,9,1,9
2016450040120,2,9,0,18,0,1,0,0,0,0,1,1,6,1,68,10,1197,1,4,10,1,10
2016450040150,1,9,0,18,0,0,0,0,0,0,1,1,1,2,30,6,1390,2,14,8,1,8
2016450040150,2,9,0,18,0,0,0,0,0,0,2,1,6,1,49,8,1497,1,11,8,1,8
2016450040150,3,9,0,18,0,0,0,0,0,0,2,1,2,2,36,7,1896,2,11,6,1,6
2016450040159,1,9,0,18,0,0,0,0,0,0,1,1,6,1,60,9,-1,-1,-1,4,3,4
2016450040159,2,16,0,18,0,0,0,0,0,0,3,1,6,2,23,5,-1,-1,-1,9,3,9
2016450040262,1,9,0,18,0,0,0,0,0,0,1,1,6,1,42,7,-1,-1,-1,-1,-1,-1
2016450040328,1,9,0,18,0,0,0,4,0,0,4,1,5,2,65,9,1896,2,8,10,1,10
2016450040328,2,9,0,2,0,0,0,4,0,0,2,1,5,1,25,5,1997,2,1,6,1,6
2016450040328,3,9,0,2,0,0,0,4,0,0,2,1,5,2,45,7,999,1,17,6,1,6
2016450040328,4,9,0,2,0,0,0,4,0,0,2,1,5,2,44,7,998,1,10,6,1,6
2016450040328,5,9,0,2,0,0,0,0,0,0,2,1,6,1,-1,-1,1997,2,8,6,1,6
2016450040369,1,9,0,18,0,8,0,0,0,0,3,1,6,1,23,5,1596,1,11,8,1,8
2016450040369,2,9,0,6,0,8,0,0,0,0,1,1,6,1,36,7,1968,2,3,10,1,10
2016450040374,1,9,0,10,0,5,0,0,0,0,2,1,5,2,25,5,2688,2,15,7,1,7
2016450040374,2,9,0,18,0,1,0,0,0,0,2,1,5,2,62,9,1389,1,12,8,1,8
2016450040383,1,9,0,9,0,5,0,0,0,0,1,1,5,1,19,4,1198,1,10,-1,-1,-1
2016450040383,2,3,0,18,0,1,2,0,0,0,1,1,5,1,50,8,124,1,7,7,3,7
2016450040387,1,9,0,5,0,1,0,0,3,0,4,1,5,1,57,9,1998,1,14,8,2,8
2016450040387,2,19,0,18,0,1,0,0,0,0,1,1,1,1,37,7,1399,2,7,3,1,3
2016450040402,1,3,0,18,0,1,0,0,0,0,4,1,6,1,24,5,115,1,1,5,1,5
2016450040402,2,9,0,9,0,5,0,0,0,0,1,1,6,2,71,10,1386,1,12,8,1,8
2016450040409,1,9,0,18,0,1,0,0,0,0,2,1,6,1,64,9,1363,2,11,10,1,10
2016450040409,2,9,0,18,0,1,0,0,0,0,1,1,2,1,23,5,1149,1,11,8,3,8
2016450040420,1,9,0,18,0,0,0,0,0,0,1,1,6,1,24,5,2521,1,8,2,1,2
2016450040420,2,9,0,18,0,0,0,0,0,0,2,1,6,1,26,6,2496,2,11,5,1,5
2016450040423,1,9,0,9,0,5,0,0,0,0,1,1,6,2,82,11,1246,1,10,6,1,6
2016450040423,2,1,0,18,0,8,0,0,0,0,1,1,6,1,22,5,-1,-1,-1,9,1,9
2016450040431,1,9,0,18,0,0,0,0,0,0,1,1,6,1,22,5,973,1,18,9,1,9
2016450040446,1,9,0,9,0,0,0,0,0,0,1,1,6,2,33,6,1968,2,8,10,1,10
2016450040446,2,3,0,18,0,0,1,0,0,0,1,1,6,1,19,4,124,1,3,9,1,9
2016450040482,1,9,0,18,0,0,0,0,1,10,1,1,6,1,83,11,1339,1,13,8,3,8
2016450040482,2,9,0,3,0,0,0,0,0,0,2,1,6,1,48,8,1999,1,10,3,1,3
2016450040489,1,9,0,3,0,1,0,0,0,0,2,1,2,1,56,9,2987,2,10,4,1,4
2016450040489,2,9,0,18,0,1,0,0,0,0,1,1,6,1,-1,-1,2171,1,15,6,1,6
2016450040538,1,9,0,3,0,0,0,0,0,0,2,1,5,2,30,6,1796,1,14,4,1,4
2016450040538,2,9,0,4,0,0,0,0,0,0,1,1,6,3,43,7,-1,-1,-1,-1,-1,-1
2016450040557,1,19,0,18,0,0,0,0,0,0,1,1,5,1,53,8,2188,2,13,10,1,10
2016450040557,2,8,0,18,0,0,0,0,0,0,2,1,5,2,69,10,1560,2,4,5,1,5
2016450040558,1,1,0,18,9,8,5,0,0,0,4,1,5,2,37,7,-1,-1,-1,6,1,6
2016450040558,2,9,0,1,9,6,0,0,0,0,2,1,6,1,49,8,2401,2,12,10,1,10
2016450040560,1,19,0,2,0,0,0,0,0,0,0,1,1,1,22,5,2287,2,5,9,1,9
2016450040560,2,9,0,18,0,0,0,0,0,0,0,1,5,1,68,10,1598,1,2,8,1,8
2016450040568,1,9,0,5,0,6,0,0,0,0,1,1,2,2,37,7,1598,1,5,9,1,9
2016450040568,2,1,0,18,0,1,0,0,0,0,1,1,2,1,32,6,-1,-1,-1,-1,-1,-1
2016450040573,1,9,0,18,0,0,0,0,0,0,1,1,6,3,42,7,2793,1,17,-1,-1,-1
2016450040573,2,19,0,18,0,0,0,0,0,0,2,1,1,1,30,6,2151,2,12,2,1,2
2016450040574,1,9,0,3,0,0,0,0,0,0,2,1,3,2,40,7,2987,2,7,9,3,9
2016450040574,2,9,0,3,0,0,0,0,0,0,2,1,2,1,43,7,1968,2,5,5,1,5
2016450040574,3,19,0,3,0,0,0,0,0,0,2,1,1,1,48,8,2198,2,2,10,1,10
2016450040574,4,9,0,18,0,0,0,0,0,0,1,1,1,2,26,6,2967,2,10,9,2,9
2016450040581,1,9,0,12,0,0,0,0,0,0,1,1,5,1,38,7,1956,2,7,8,3,8
2016450040581,2,9,0,18,0,0,1,0,0,0,3,1,5,1,50,8,2499,2,13,10,1,10
2016450040597,1,9,0,16,0,0,1,0,0,0,1,1,5,1,20,4,1199,1,15,9,1,9
2016450040597,2,9,0,18,0,0,0,0,0,0,1,1,5,1,74,10,1796,1,12,10,2,10
2016450040598,1,9,0,18,0,0,0,0,0,0,1,1,6,1,69,10,998,1,3,9,2,9
2016450040598,2,19,0,5,0,0,0,0,0,0,1,1,6,1,29,6,2198,2,5,10,3,10
2016450040599,1,9,0,18,0,0,0,0,0,0,1,1,2,3,25,5,1896,2,18,9,2,9
2016450040599,2,9,0,18,0,0,0,0,0,0,1,1,2,2,35,6,1998,1,11,9,2,9
2016450040607,1,9,0,9,0,6,0,0,0,0,3,1,5,1,20,4,1496,2,1,8,1,8
2016450040607,2,3,0,18,0,1,1,0,0,0,1,1,1,1,20,4,125,1,1,6,3,6
2016450040611,1,9,0,5,0,1,0,0,0,0,1,1,6,2,80,11,1590,1,11,8,1,8
2016450040611,2,90,0,18,0,8,0,0,0,0,1,1,1,1,61,9,7142,2,9,7,1,7
2016450040615,1,19,0,9,0,8,0,0,0,0,4,1,1,1,27,6,1598,2,1,2,1,2
2016450040615,2,9,0,18,0,8,0,0,0,0,1,1,5,1,42,7,1560,2,1,8,2,8
2016450040615,3,9,0,18,0,1,0,0,1,0,1,1,5,1,37,7,1798,1,13,10,1,10
2016450040618,1,9,0,18,0,0,0,0,0,0,1,1,5,2,73,10,1390,1,3,8,1,8
2016450040618,2,9,0,4,0,0,0,0,0,0,3,1,5,2,57,9,2993,2,10,8,1,8
2016450040622,1,9,0,18,0,1,0,0,0,0,1,1,1,2,55,8,999,1,1,8,1,8
2016450040628,1,9,0,18,0,1,5,0,1,11,1,1,1,1,56,9,1995,2,3,-1,-1,-1
2016450040639,1,9,0,7,0,1,0,0,0,0,1,1,6,1,33,6,1598,1,11,10,1,10
2016450040641,1,9,0,18,0,0,0,0,0,0,1,1,6,1,48,8,1910,2,11,9,1,9
2016450040651,1,9,0,13,0,0,0,0,1,0,1,1,5,1,85,11,1329,1,3,5,1,5
2016450040651,2,21,1,3,0,0,0,0,0,0,1,1,1,1,33,6,12900,2,4,10,2,10
2016450040651,3,9,0,18,0,0,0,0,0,0,1,1,1,1,66,10,1998,1,9,7,1,7
2016450040652,1,9,0,5,0,8,0,0,0,0,1,1,5,1,53,8,1149,1,14,6,1,6
2016450040652,2,9,0,9,0,5,0,0,0,0,1,1,5,2,47,8,1560,2,12,9,1,9
2016450040659,1,1,0,10,0,1,0,0,0,0,1,1,2,1,47,8,-1,-1,-1,10,1,10
2016450040659,2,1,0,10,0,1,0,0,0,0,4,1,2,1,47,8,-1,-1,-1,10,1,10
2016450040659,3,9,0,5,0,1,0,0,0,0,1,1,6,1,41,7,1685,2,4,10,1,10
2016450040666,1,9,0,18,0,0,0,0,0,0,1,1,6,1,33,6,1798,1,13,5,1,5
2016450040666,2,9,0,3,0,0,0,0,0,0,2,1,2,1,55,8,3200,1,10,10,1,10
2016450040674,1,1,0,18,0,0,0,0,0,0,1,1,2,1,53,8,-1,-1,-1,10,1,10
2016450040694,1,9,0,16,0,0,0,0,0,0,1,1,6,1,33,6,1582,2,1,9,3,9
2016450040704,1,9,0,2,0,0,0,0,0,0,2,1,1,1,30,6,2143,2,3,5,1,5
2016450040704,2,9,0,2,0,0,0,0,0,0,1,1,1,1,59,9,-1,-1,-1,5,1,5
2016450040844,1,9,0,18,0,8,0,0,0,0,1,1,6,1,-1,-1,-1,-1,-1,-1,-1,-1
2016450040844,2,9,0,4,0,8,0,0,0,0,3,1,3,2,34,6,3311,8,10,3,1,3
2016450040866,1,5,0,18,0,1,0,0,0,0,2,1,5,1,26,6,600,1,12,9,1,9
2016450040866,2,9,0,9,0,6,0,0,0,0,0,1,2,1,46,8,1591,1,1,9,1,9
2016450040869,1,9,0,9,0,8,0,0,0,0,1,1,2,1,50,8,1560,2,4,9,1,9
2016450040869,2,9,0,18,0,1,0,0,0,0,1,1,2,2,18,4,998,1,9,9,1,9
2016450040869,3,9,0,18,0,8,0,0,0,0,1,1,1,2,51,8,1124,1,15,2,1,2
2016450040872,1,90,0,18,0,0,0,0,0,0,1,1,6,1,35,6,6370,2,7,5,1,5
2016450040875,1,3,0,18,0,1,0,0,0,0,1,1,5,1,18,4,124,1,2,9,2,9
2016450040875,2,9,0,9,0,5,0,0,0,0,1,1,5,1,29,6,1896,2,14,3,1,3
2016450040884,1,9,0,18,0,0,0,0,0,0,2,1,6,1,80,11,1997,2,12,9,2,9
2016450040884,2,9,0,18,0,0,0,0,0,0,2,1,6,1,22,5,1582,2,6,5,3,5
2016450040884,3,9,0,18,0,0,0,0,0,0,2,1,2,1,50,8,2143,2,6,10,1,10
2016450040884,4,9,0,18,0,0,0,0,0,0,1,1,6,1,20,4,1997,2,4,1,1,1
2016450040884,5,9,0,18,0,0,1,0,0,0,1,1,6,1,25,5,1390,1,11,9,1,9
2016450040884,6,9,0,18,0,0,1,0,0,0,1,1,6,2,47,8,1598,1,16,8,1,8
2016450040892,1,19,0,18,0,0,0,0,0,0,1,1,1,1,42,7,2402,2,7,10,1,10
2016450040892,2,9,0,4,0,0,0,0,1,4,2,1,5,1,30,6,1598,1,11,9,1,9
2016450040892,3,9,0,4,0,0,0,0,0,0,2,1,5,2,57,9,1299,1,16,-1,-1,-1
2016450040892,4,9,0,18,0,0,0,0,0,0,2,1,5,2,18,4,1198,1,2,9,1,9
2016450040895,1,3,0,18,0,1,0,0,0,0,1,1,1,1,41,7,124,1,5,5,1,5
2016450040895,2,9,0,9,0,5,0,0,0,0,1,1,2,2,46,8,1870,2,11,7,1,7
2016450040901,1,9,0,17,0,2,1,0,0,5,1,1,5,2,18,4,1149,1,12,9,1,9
2016450040901,2,9,0,2,8,2,0,0,0,0,0,1,5,1,34,6,1598,2,3,4,1,4
2016450040912,1,9,0,18,0,0,0,0,0,0,1,1,6,2,78,11,1242,1,6,10,1,10
2016450040912,2,9,0,3,0,0,0,0,0,0,2,1,3,2,37,7,5461,1,2,8,3,8
2016450040918,1,21,0,4,0,0,0,0,0,0,1,1,1,1,50,8,12740,2,4,5,1,5
2016450040918,2,9,0,4,0,0,0,0,0,0,2,1,2,1,25,5,2143,2,5,5,1,5
2016450040918,3,9,0,18,0,0,0,0,0,0,1,1,6,3,-1,-1,-1,-1,-1,-1,-1,-1
2016450040924,1,19,0,4,0,0,0,0,0,0,1,1,1,1,24,5,2198,2,4,10,1,10
2016450040924,2,19,0,3,0,0,0,0,0,0,2,1,1,1,27,6,1753,2,5,5,1,5
2016450040935,1,19,0,9,0,8,0,0,0,0,4,1,1,1,43,7,1998,2,13,6,2,6
2016450040935,2,9,0,18,0,1,0,0,0,0,1,1,6,1,62,9,1797,8,4,5,1,5
2016450040956,1,9,0,18,0,0,0,0,0,0,2,1,6,2,43,7,2324,1,14,9,1,9
2016450040956,2,9,0,4,0,0,0,0,0,0,1,1,1,1,41,7,2402,2,8,10,1,10
2016450040961,1,9,0,18,0,0,0,0,7,2,1,1,5,2,55,8,1596,1,12,10,1,10
2016450040993,1,9,0,18,0,1,0,0,0,0,1,1,2,1,18,4,1242,1,9,4,1,4
2016450040993,2,9,0,5,0,6,0,0,0,0,3,1,2,2,71,10,1149,1,3,8,1,8
2016450041018,1,9,0,16,0,0,2,0,8,0,1,1,6,1,39,7,1796,1,17,4,1,4
2016450041021,1,9,0,5,0,6,0,0,0,0,1,1,6,2,73,10,1598,1,9,10,1,10
2016450041021,2,1,0,18,0,1,0,0,0,0,4,1,6,2,48,8,-1,-1,-1,10,1,10
2016450041022,1,9,0,17,0,0,0,0,0,0,1,1,1,1,30,6,999,1,1,7,1,7
2016450041022,2,9,0,16,0,0,0,0,0,0,1,1,2,2,55,8,1598,1,9,10,1,10
2016450041026,1,9,0,18,0,0,0,0,0,0,1,1,5,2,82,11,998,1,14,9,2,9
2016450041026,2,9,0,2,0,0,0,0,0,0,2,1,5,2,44,7,1995,2,2,8,3,8
2016450041030,1,9,0,3,0,1,0,0,0,0,2,1,3,2,24,5,1242,1,19,4,1,4
2016450041030,2,19,0,18,0,1,0,0,0,0,1,1,1,1,58,9,1968,2,2,5,1,5
2016450041050,1,9,0,18,0,2,1,0,0,0,1,1,5,2,55,8,998,1,1,9,3,9
2016450041054,1,9,0,2,0,1,0,4,0,0,1,1,6,1,27,6,-1,-1,-1,-1,-1,-1
2016450041054,2,9,0,2,0,2,0,0,1,0,2,1,6,2,23,5,1796,1,15,-1,-1,-1
2016450041060,1,9,0,5,0,4,0,0,0,0,1,1,2,3,40,7,1560,2,5,8,1,8
2016450041060,2,9,0,4,0,4,0,0,0,0,2,1,6,2,62,9,998,1,15,5,2,5
2016450041088,1,9,0,9,0,6,0,0,0,0,1,1,3,2,44,7,1689,2,15,5,1,5
2016450041088,2,1,0,18,0,8,0,0,0,0,1,1,6,1,21,5,-1,-1,-1,4,1,4
2016450041101,1,9,0,5,0,0,0,0,0,0,1,1,3,2,40,7,1339,1,7,10,1,10
2016450041101,2,1,0,18,0,0,5,0,0,0,1,1,4,1,14,3,-1,-1,-1,7,1,7
2016450041110,1,9,0,15,0,1,0,0,0,0,1,1,1,1,67,10,1598,2,4,6,1,6
2016450041110,2,9,0,10,0,5,0,0,0,0,2,1,6,1,57,9,1461,2,6,10,3,10
2016450041117,1,19,0,3,0,0,0,0,0,0,2,1,1,1,57,9,2402,2,6,6,1,6
2016450041117,2,9,0,3,0,0,0,0,0,0,2,1,5,2,30,6,1390,1,4,3,1,3
2016450041117,3,9,0,18,0,0,0,0,0,0,1,1,5,1,73,10,2926,2,12,10,1,10
2016450041125,1,9,0,9,0,5,0,0,0,0,0,1,5,1,53,8,996,1,4,10,1,10
2016450041125,2,9,0,18,0,1,1,0,0,0,0,1,5,1,34,6,1753,2,6,4,1,4
2016450041132,1,9,0,3,0,0,0,0,0,0,2,1,6,2,38,7,1422,2,13,3,1,3
2016450041132,2,9,0,3,0,0,0,0,0,0,2,1,2,1,21,5,1388,1,9,9,3,9
2016450041132,3,9,0,18,0,0,1,0,0,0,1,1,6,2,21,5,1149,1,15,9,1,9
2016450041134,1,9,0,1,0,0,0,0,0,0,2,1,5,1,76,11,2143,2,4,9,1,9
2016450041137,1,9,0,18,0,0,2,0,1,0,1,1,1,2,22,5,1198,1,14,6,1,6
2016450041137,2,9,0,18,0,0,2,0,4,0,3,1,2,1,25,5,-1,-1,-1,6,1,6
2016450041145,1,9,0,18,0,0,1,0,1,0,1,1,5,1,23,5,3498,1,7,7,2,7
2016450041146,1,9,0,10,0,6,0,0,0,0,2,1,5,1,53,8,1198,1,4,8,1,8
2016450041146,2,9,0,18,0,1,0,0,0,0,1,1,5,1,-1,-1,2967,2,1,10,1,10
2016450041149,1,9,0,14,0,2,0,4,0,0,1,1,5,2,80,11,1598,1,7,10,1,10
2016450041149,2,9,0,2,0,2,0,0,0,0,1,1,5,2,-1,-1,1598,1,9,10,1,10
2016450041149,3,9,0,2,0,2,0,0,0,0,2,1,5,2,-1,-1,1395,1,3,10,1,10
2016450041169,1,9,0,14,0,2,0,0,0,0,3,1,2,2,24,5,1598,1,6,7,1,7