Accident_Index,Vehicle_Reference,Vehicle_Type,Towing_and_Articulation,Vehicle_Manoeuvre,Vehicle_Location-Restricted_Lane,Junction_Location,Skidding_and_Overturning,Hit_Object_in_Carriageway,Vehicle_Leaving_Carriageway,Hit_Object_off_Carriageway,1st_Point_of_Impact,Was_Vehicle_Left_Hand_Drive?,Journey_Purpose_of_Driver,Sex_of_Driver,Age_of_Driver,Age_Band_of_Driver,Engine_Capacity_(CC),Propulsion_Code,Age_of_Vehicle,Driver_IMD_Decile,Driver_Home_Area_Type,Vehicle_IMD_Decile
2016450041169,2,9,0,18,0,1,0,0,0,0,0,1,5,1,45,7,1781,1,14,5,3,5
2016450041169,3,9,0,2,0,1,0,0,0,0,4,1,5,1,78,11,1229,1,2,6,3,6
2016450041178,1,9,0,4,0,1,0,0,0,0,1,1,2,2,44,7,-1,-1,-1,8,1,8
2016450041178,2,19,4,7,0,1,0,0,0,0,1,1,1,1,50,8,2198,2,3,8,2,8
2016450041178,3,19,4,3,0,4,0,0,0,0,2,1,1,1,68,10,2198,2,4,1,1,1
2016450041181,1,9,0,18,0,1,0,0,0,0,2,1,1,2,30,6,-1,-1,-1,6,1,6
2016450041181,2,9,0,3,0,1,0,0,0,0,2,1,1,2,33,6,1198,1,8,8,1,8
2016450041181,3,9,0,3,0,1,0,0,0,0,2,1,2,1,26,6,1794,1,16,9,1,9
2016450041184,1,1,0,18,4,1,2,0,0,0,0,1,5,1,58,9,-1,-1,-1,8,1,8
2016450041211,1,9,0,4,0,0,0,0,0,0,2,1,5,2,47,8,1390,1,5,10,1,10
2016450041211,2,9,0,18,0,0,1,0,0,0,1,1,5,1,35,6,2179,2,2,10,1,10
2016450041218,1,9,0,18,0,0,2,0,0,0,1,1,6,3,-1,-1,2972,1,21,-1,-1,-1
2016450041229,1,9,0,18,0,0,0,0,0,0,1,1,5,2,22,5,1968,2,4,10,1,10
2016450041229,2,9,0,18,0,0,0,0,0,0,2,1,5,1,18,4,1242,1,8,10,1,10
2016450041229,3,9,0,18,0,0,0,0,0,0,2,1,5,1,21,5,1368,1,8,8,1,8
2016450041231,1,9,0,18,0,0,1,0,0,0,1,1,6,1,33,6,1229,1,11,-1,-1,-1
2016450041315,1,9,0,18,0,0,0,0,7,1,1,1,6,1,43,7,1590,1,22,8,1,8
2016450041328,1,1,0,9,0,0,0,0,0,0,0,1,6,1,55,8,-1,-1,-1,9,1,9
2016450041332,1,9,0,18,0,1,0,0,0,0,1,1,5,2,88,11,1389,1,13,9,1,9
2016450041339,1,9,0,18,0,0,1,7,0,0,4,1,1,1,39,7,1995,2,2,-1,-1,-1
2016450041339,2,9,0,18,0,0,1,0,0,0,3,1,5,1,45,7,1997,2,11,-1,1,-1
2016450041369,1,9,0,17,0,0,2,0,1,0,1,1,5,1,23,5,1582,2,6,7,2,7
2016450041372,1,9,0,4,0,0,0,0,0,0,2,1,5,1,46,8,1995,1,13,8,1,8
2016450041372,2,9,0,18,0,0,0,0,0,0,1,1,6,1,24,5,1560,2,6,2,1,2
2016450041374,1,9,0,18,0,0,1,0,1,0,1,1,2,1,32,6,3246,1,13,8,1,8
2016450041374,2,9,0,5,0,0,0,0,0,0,0,1,6,3,-1,-1,-1,-1,-1,-1,-1,-1
2016450041384,1,9,0,18,0,0,2,0,7,0,1,1,6,2,44,7,1596,1,13,8,3,8
2016450041413,1,9,0,4,0,0,0,0,0,0,2,1,5,2,28,6,3222,2,12,8,2,8
2016450041413,2,9,0,4,0,0,0,0,0,0,1,1,5,1,31,6,998,1,14,8,1,8
2016450041414,1,9,0,18,0,0,0,0,0,0,1,1,2,1,60,9,505,1,9,5,2,5
2016450041414,2,9,0,4,0,0,0,0,0,0,2,1,2,2,50,8,1598,1,8,10,1,10
2016450041414,3,90,0,18,0,0,0,0,0,0,0,1,6,3,-1,-1,-1,-1,-1,-1,-1,-1
2016450041418,1,9,0,17,0,0,0,0,1,1,1,1,6,1,31,6,5439,1,15,10,1,10
2016450041419,1,9,0,18,0,1,0,0,0,0,1,1,5,2,22,5,998,1,7,9,1,9
2016450041419,2,9,0,9,0,8,0,0,0,0,4,1,5,2,82,11,1339,1,11,8,1,8
2016450041421,1,9,0,7,0,5,0,0,0,0,1,1,5,1,82,11,1360,1,9,7,1,7
2016450041426,1,9,0,18,0,0,2,0,0,0,3,1,6,2,25,5,1905,2,20,-1,-1,-1
2016450041427,1,9,0,3,0,0,0,0,0,0,2,1,2,1,48,8,1560,2,1,10,1,10
2016450041427,2,19,0,5,0,0,0,0,0,0,1,1,1,1,33,6,2198,2,3,4,1,4
2016450041432,1,5,0,15,0,1,0,0,0,0,1,1,5,1,38,7,806,1,3,4,1,4
2016450041432,2,9,0,7,0,5,0,0,0,0,4,1,5,1,44,7,3628,2,9,7,3,7
2016450041440,1,9,0,18,0,0,1,0,0,0,1,1,6,2,39,7,1329,1,7,10,2,10
2016450041450,1,9,0,5,0,0,0,0,0,0,0,1,5,2,55,8,1199,1,12,10,1,10
2016450041451,1,4,0,3,0,0,0,0,0,0,0,1,6,3,-1,-1,-1,-1,-1,-1,-1,-1
2016450041454,1,1,0,18,0,1,0,0,0,0,4,1,1,1,33,6,-1,-1,-1,6,1,6
2016450041454,2,9,0,5,0,6,0,0,0,0,1,1,3,2,26,6,1560,2,5,8,1,8
2016450041458,1,9,0,18,0,0,0,0,0,0,1,1,6,2,32,6,1242,1,6,-1,-1,-1
2016450041461,1,9,0,17,0,0,1,0,1,4,1,1,1,2,32,6,998,1,11,3,1,3
2016450041465,1,9,0,18,0,4,0,0,0,0,1,1,2,1,57,9,1560,2,2,10,1,10
2016450041465,2,1,0,18,0,8,0,0,0,0,3,1,1,1,42,7,-1,-1,-1,6,1,6
2016450041535,1,9,0,14,0,0,0,0,0,0,1,1,5,2,38,7,1598,1,9,8,1,8
2016450041546,1,9,0,9,0,6,0,0,0,0,3,1,5,1,36,7,1587,1,13,8,1,8
2016450041546,2,3,0,18,0,1,5,0,0,0,3,1,5,2,36,7,124,1,3,6,1,6
2016450041556,1,9,0,18,0,0,2,0,0,0,1,1,2,1,42,7,1198,1,11,10,1,10
2016450041557,1,9,0,18,0,0,2,0,7,0,0,1,2,2,40,7,1560,2,3,-1,-1,-1
2016450041559,1,9,0,16,0,0,1,0,1,0,1,1,2,2,62,9,1332,1,18,10,1,10
2016450041571,1,9,0,18,0,0,1,0,1,0,1,1,5,2,44,7,1598,1,15,10,1,10
2016450041574,1,9,0,14,0,8,0,0,0,0,1,1,2,2,23,5,1360,1,12,10,1,10
2016450041574,2,17,0,10,0,5,0,0,0,0,1,1,1,1,31,6,4525,2,1,6,1,6
2016450041575,1,9,0,16,0,2,1,0,7,9,1,1,3,2,17,4,1198,1,11,-1,-1,-1
2016450041577,1,9,0,5,0,1,0,0,1,4,1,1,3,2,24,5,1598,2,5,8,1,8
2016450041577,2,9,0,9,0,6,0,0,0,0,0,1,2,1,33,6,1998,1,12,9,1,9
2016450041580,1,9,0,18,0,1,0,0,0,0,1,1,6,1,60,9,1796,1,13,8,1,8
2016450041580,2,1,0,7,0,1,0,0,0,0,2,1,6,2,41,7,-1,-1,-1,5,1,5
2016450041601,1,9,0,18,0,0,0,0,0,0,1,1,6,1,37,7,-1,-1,-1,2,1,2
2016450041601,2,9,0,18,0,0,0,0,0,0,1,1,1,1,48,8,1798,8,1,4,1,4
2016450041601,3,9,0,4,0,0,0,0,0,0,1,1,6,1,50,8,1995,2,2,9,1,9
2016450041602,1,3,0,16,0,1,1,0,0,0,0,1,1,1,63,9,124,1,13,8,3,8
2016450041603,1,9,0,17,0,1,1,0,0,0,1,1,2,2,22,5,1299,1,11,9,1,9
2016450041603,2,9,0,16,0,1,0,0,0,0,1,1,2,2,46,8,1598,1,7,7,1,7
2016450041606,1,9,0,18,0,0,1,0,0,0,1,1,6,1,62,9,1956,2,4,-1,-1,-1
2016450041606,2,21,1,18,0,0,0,0,0,0,3,1,6,1,45,7,-1,-1,-1,-1,-1,-1
2016450041606,3,9,0,18,0,0,0,0,0,0,3,1,6,1,64,9,2993,2,5,9,3,9
2016450041607,1,4,0,18,0,0,2,0,0,0,4,1,1,1,44,7,278,1,1,10,1,10
2016450041617,1,5,0,11,0,4,0,0,0,0,0,1,2,2,37,7,645,1,9,10,1,10
2016450041617,2,9,0,18,0,4,0,0,0,0,0,1,6,1,41,7,-1,-1,-1,-1,-1,-1
2016450041618,1,5,0,5,0,1,1,0,0,0,4,1,2,1,34,6,649,1,6,5,1,5
2016450041621,1,1,0,7,0,3,0,0,0,0,4,1,5,2,63,9,-1,-1,-1,8,1,8
2016450041621,2,9,0,5,0,4,0,0,0,0,1,1,5,1,67,10,1461,2,2,-1,-1,-1
2016450041624,1,9,0,17,0,0,1,0,0,0,1,1,2,2,23,5,1242,1,10,9,3,9
2016450041624,2,9,0,17,0,0,0,0,0,0,1,1,1,1,38,7,2231,2,7,9,1,9
2016450041628,1,9,0,3,0,1,0,0,0,0,1,1,6,1,38,7,-1,-1,-1,-1,-1,-1
2016450041628,2,2,0,18,0,1,0,0,0,0,2,1,6,2,16,4,49,1,1,5,1,5
2016450041630,1,9,0,4,0,1,0,0,0,0,2,1,2,1,24,5,-1,-1,-1,6,1,6
2016450041630,2,9,0,18,0,1,0,0,0,0,1,1,6,1,27,6,1995,2,8,9,1,9
2016450041631,1,19,0,18,0,1,0,0,0,0,1,1,1,1,62,9,6692,2,7,10,2,10
2016450041631,2,19,0,4,0,8,1,0,7,0,2,1,1,1,32,6,1248,2,4,7,1,7
2016450041634,1,9,0,17,0,0,1,0,1,0,1,1,5,2,60,9,1108,1,15,10,1,10
2016450041636,1,9,0,9,0,5,0,0,0,0,1,1,5,1,23,5,1390,1,7,3,1,3
2016450041636,2,1,0,18,0,1,0,0,0,0,1,1,5,1,16,4,-1,-1,-1,9,3,9
2016450041638,1,9,0,16,0,2,0,0,0,0,1,1,5,1,37,7,1560,2,9,6,1,6
2016450041638,2,9,0,17,0,1,0,0,0,0,1,1,5,1,68,10,1796,1,10,10,1,10
2016450041639,1,9,0,18,0,1,0,0,0,0,4,1,6,3,41,7,-1,-1,-1,-1,-1,-1
2016450041640,1,9,0,18,0,1,5,9,0,0,1,1,5,1,29,6,998,1,14,4,1,4
2016450041641,1,9,0,9,0,1,2,0,0,0,0,1,6,2,41,7,1598,1,7,10,1,10
2016450041642,1,9,0,18,0,1,0,0,0,0,1,1,5,1,28,6,1171,1,22,8,3,8
2016450041642,2,9,0,10,0,1,0,0,0,0,1,1,5,2,47,8,1595,1,8,5,2,5
2016450041646,1,19,0,18,0,1,1,0,7,0,1,1,1,1,30,6,-1,-1,-1,6,1,6
2016450041646,2,9,0,18,0,1,0,0,1,0,1,1,5,1,67,10,1368,1,1,-1,-1,-1
2016450041653,1,19,0,18,0,1,0,0,0,0,3,1,1,1,37,7,-1,-1,-1,-1,-1,-1
2016450041653,2,9,0,18,0,1,0,0,0,0,4,1,5,1,58,9,1998,2,7,9,1,9
2016450041692,1,9,0,18,0,3,0,0,0,0,4,1,5,2,53,8,1599,1,10,5,1,5
2016450041692,2,9,0,18,0,4,0,0,0,0,1,1,6,2,57,9,998,1,16,2,1,2
2016450041700,1,9,0,18,0,0,0,0,0,0,1,1,1,1,27,6,1997,2,2,3,1,3
2016450041700,2,9,0,18,0,0,0,0,0,0,3,1,1,1,50,8,1598,2,1,7,1,7
2016450041700,3,9,0,18,0,0,0,0,0,0,1,1,5,1,49,8,-1,-1,-1,-1,-1,-1
2016450041706,1,9,0,1,0,1,0,0,0,0,2,1,6,1,29,6,1999,2,1,6,1,6
2016450041715,1,9,0,16,0,1,2,0,8,4,3,1,6,1,17,4,1999,1,8,8,1,8
2016450041716,1,9,0,17,0,0,1,0,1,0,4,1,1,2,42,7,998,1,1,8,1,8
2016450041716,2,9,0,4,0,0,1,0,0,0,1,1,2,2,30,6,1398,1,12,7,1,7
2016450041725,1,9,0,17,0,0,1,0,1,0,1,1,6,2,59,9,1124,1,12,3,1,3
2016450041725,2,21,1,9,0,0,0,0,0,0,3,1,1,1,46,8,-1,-1,-1,-1,-1,-1
2016450041746,1,19,0,6,0,1,0,0,0,0,1,1,5,1,28,6,2461,2,11,5,1,5
2016450041746,2,1,0,18,0,1,0,0,0,0,1,1,2,2,44,7,-1,-1,-1,10,1,10
2016450041753,1,9,0,9,0,6,0,0,0,0,4,1,2,2,28,6,2000,2,5,6,3,6
2016450041753,2,9,0,18,0,8,0,0,0,0,1,1,2,2,56,9,1796,1,9,4,3,4
2016450041771,1,9,0,18,0,4,0,0,0,0,4,1,6,2,64,9,999,1,1,-1,-1,-1
2016450041771,2,9,0,7,0,4,0,0,0,0,1,1,6,1,46,8,1997,1,1,10,1,10
2016450041781,1,9,0,9,0,6,0,0,0,0,3,1,2,2,51,8,1598,1,2,3,1,3
2016450041781,2,3,0,18,0,1,5,0,0,0,1,1,5,1,40,7,102,1,10,3,1,3
2016450041795,1,1,0,18,0,0,0,0,0,0,1,1,5,1,45,7,-1,-1,-1,4,1,4
2016450041802,1,9,0,9,0,6,0,0,0,0,1,1,5,2,69,10,1587,1,10,7,1,7
2016450041802,2,9,0,18,0,1,0,0,0,0,1,1,5,1,59,9,999,1,6,10,1,10
2016450041805,1,9,0,18,0,0,1,0,0,0,1,1,6,1,42,7,2198,2,2,8,3,8
2016450041805,2,9,0,18,0,0,0,0,0,0,2,1,6,1,66,10,1364,1,10,9,1,9
2016450041829,1,9,0,17,0,1,0,0,0,0,3,1,2,2,46,8,1198,1,1,9,1,9
2016450041829,2,5,0,18,0,1,0,0,0,0,0,1,6,1,25,5,899,1,18,-1,-1,-1
2016450041829,3,9,0,18,0,1,0,0,0,0,0,1,1,1,36,7,1560,2,2,8,1,8
2016450041832,1,1,0,18,0,0,0,0,0,0,1,1,2,2,39,7,-1,-1,-1,9,1,9
2016450041832,2,9,0,18,0,0,0,0,0,0,1,1,6,3,-1,-1,-1,-1,-1,-1,-1,-1
2016450041835,1,9,0,18,0,0,0,0,0,0,1,1,5,1,30,6,5000,1,7,5,1,5
2016450041835,2,9,0,3,0,0,0,0,0,0,2,1,5,2,34,6,1598,2,3,10,2,10
2016450041835,3,19,0,3,0,0,0,0,0,0,2,1,6,1,-1,-1,1753,2,3,8,1,8
2016450041842,1,1,0,18,0,0,1,0,0,0,0,1,6,1,81,11,-1,-1,-1,8,1,8
2016450041849,1,9,0,18,0,0,0,0,0,0,1,1,2,1,55,8,4735,1,4,7,3,7
2016450041849,2,9,0,3,0,0,0,0,0,0,2,1,6,1,51,8,2720,2,10,7,1,7
2016450041849,3,9,0,10,0,0,0,0,0,0,0,1,1,1,46,8,2993,2,4,-1,-1,-1
2016450041870,1,9,0,18,0,0,2,0,1,9,4,1,5,1,77,11,2972,1,10,6,3,6
2016450041952,1,9,0,18,0,0,1,0,7,6,1,1,5,2,22,5,1598,1,8,6,1,6
2016450041955,1,19,0,18,0,1,0,0,0,0,1,1,2,1,60,9,2187,2,15,9,1,9
2016450041960,1,9,0,1,0,2,0,0,0,0,2,1,5,1,47,8,1997,2,8,9,1,9
2016450042039,1,19,0,18,0,0,0,0,0,0,1,1,2,1,47,8,2987,2,10,7,1,7
2016450042044,1,9,0,18,0,0,0,0,0,0,1,1,5,1,42,7,1398,1,2,8,1,8
2016450042044,2,9,0,18,0,0,0,0,0,0,1,1,5,2,71,10,1339,1,4,6,1,6
2016450042054,1,19,0,18,0,0,0,0,0,0,4,1,1,1,37,7,-1,-1,-1,2,1,2
2016450042054,2,5,0,14,0,0,2,0,7,0,1,1,6,1,21,5,919,1,11,5,3,5
2016450042060,1,1,0,18,0,1,0,0,0,0,4,1,2,1,47,8,-1,-1,-1,6,2,6
2016450042060,2,9,0,5,0,1,0,0,0,0,1,1,6,1,-1,-1,1596,1,10,4,1,4
2016450042080,1,20,0,18,0,1,0,0,0,0,1,1,1,1,46,8,-1,-1,-1,5,1,5
2016450042080,2,9,0,9,0,6,0,0,0,0,3,1,6,1,46,8,1968,2,7,-1,-1,-1
2016450042084,1,9,0,3,0,0,0,0,0,0,2,1,6,2,32,6,1560,2,11,8,1,8
2016450042084,2,9,0,4,0,0,0,0,0,0,1,1,6,1,36,7,2996,1,8,6,1,6
2016450042127,1,9,0,14,0,0,0,0,0,0,1,1,2,1,63,9,1598,1,12,10,1,10
2016450042127,2,9,0,18,0,0,0,0,0,0,1,1,2,2,44,7,1984,1,9,9,1,9
2016450042127,3,9,0,2,0,0,0,0,0,0,0,1,6,3,-1,-1,-1,-1,-1,-1,-1,-1
2016450042133,1,11,0,18,0,0,0,0,0,0,1,1,1,1,49,8,6871,2,7,4,1,4
2016450042154,1,9,0,4,0,0,0,0,0,0,2,1,6,1,36,7,1968,2,4,-1,-1,-1
2016450042154,2,9,0,3,0,0,0,0,0,0,2,1,6,2,30,6,1595,1,10,9,1,9
2016450042154,3,9,0,11,0,0,0,0,0,0,1,1,6,2,53,8,1995,2,11,9,1,9
2016450042269,1,11,0,18,0,3,0,0,0,0,1,1,1,1,25,5,4580,2,9,3,1,3
2016450042269,2,9,0,18,0,8,0,0,0,0,2,1,6,2,53,8,1229,1,1,9,1,9
2016450042269,3,9,0,18,0,8,0,0,0,0,1,1,6,1,76,11,1870,2,10,5,1,5
2016450042276,1,9,0,18,0,1,0,0,1,2,1,1,5,1,34,6,2000,2,12,6,3,6
2016450042311,1,9,0,18,0,1,1,0,0,0,1,1,6,1,23,5,1598,1,7,8,3,8
2016450042311,2,9,0,18,0,1,0,0,0,0,2,1,6,2,49,8,1900,2,12,7,3,7
2016450042311,3,9,0,18,0,1,0,0,0,0,2,1,6,1,53,8,875,1,5,10,2,10
2016450042311,4,9,0,10,0,5,0,0,0,0,2,1,2,1,58,9,1598,2,4,8,1,8
2016450042316,1,3,0,18,0,1,2,0,0,0,4,1,5,1,20,4,125,1,5,10,1,10
2016450042343,1,9,0,18,0,1,0,0,0,0,1,1,6,2,61,9,-1,-1,-1,8,3,8
2016450042343,2,19,0,18,0,1,0,0,0,0,3,1,1,1,22,5,1968,2,6,10,2,10
2016450042345,1,9,0,5,0,4,0,0,0,0,1,1,5,1,82,11,1389,1,11,9,1,9
2016450042345,2,3,0,3,0,4,0,0,0,0,2,1,5,1,31,6,124,1,7,10,1,10
2016450042346,1,9,0,18,9,5,0,0,0,0,1,1,6,1,84,11,1598,1,13,9,1,9
2016450042349,1,9,0,18,0,1,1,0,0,0,1,1,5,1,28,6,1235,1,25,5,1,5
2016450042349,2,9,0,9,0,5,0,0,0,0,2,1,5,1,38,7,1968,2,2,7,2,7
2016450042363,1,9,0,18,0,1,0,4,0,0,4,1,5,1,85,11,1388,1,7,9,1,9
2016450042363,2,9,0,2,0,1,0,0,0,0,3,1,6,1,-1,-1,2143,2,4,7,1,7
2016450042371,1,9,0,4,0,1,0,0,0,0,1,1,6,1,18,4,1198,1,4,10,1,10
2016450042371,2,5,0,5,0,1,0,0,0,0,1,1,6,1,56,9,805,1,15,8,1,8
2016450042396,1,9,0,18,0,0,0,0,0,0,1,1,2,2,20,4,1149,1,13,3,1,3
2016450042396,2,9,0,4,0,0,0,0,0,0,2,1,2,1,51,8,1956,2,2,7,1,7
2016450042396,3,9,0,18,0,0,0,0,0,0,2,1,2,1,32,6,1896,2,12,7,1,7
2016450042404,1,9,0,9,0,6,0,0,0,0,1,1,1,1,28,6,1598,1,12,10,3,10
2016450042404,2,19,0,17,0,1,0,0,0,0,4,1,2,1,55,8,1560,2,1,10,1,10
2016450042412,1,9,0,17,0,0,1,0,0,0,1,1,2,2,22,5,1240,1,12,8,3,8
2016450042431,1,9,0,18,0,1,1,0,0,0,4,1,6,1,21,5,2979,1,1,3,1,3
2016450042560,1,9,0,9,0,5,0,0,0,0,1,1,5,1,42,7,1896,2,11,7,1,7
2016450042560,2,9,0,18,0,8,0,0,0,0,3,1,1,1,49,8,2996,1,-1,10,1,10
2016450042565,1,9,0,9,0,5,0,0,0,0,3,1,5,1,56,9,1997,2,3,8,1,8
2016450042565,2,3,0,13,0,1,5,0,0,0,1,1,5,1,58,9,125,1,20,9,1,9
2016450042570,1,9,0,9,0,6,0,0,0,0,4,1,6,1,35,6,1197,1,5,6,1,6
2016450042572,2,9,0,17,0,0,0,0,1,0,4,1,6,1,93,11,1998,1,17,10,1,10
2016450042577,1,9,0,17,0,0,0,0,0,0,1,1,5,1,28,6,1598,1,10,3,1,3
2016450042577,2,9,0,16,0,0,0,0,0,0,1,1,5,1,33,6,2179,2,13,7,1,7
2016450042592,1,9,0,16,0,4,0,0,0,0,1,1,5,2,58,9,1999,1,6,8,1,8
2016450042592,2,1,0,18,0,8,0,0,0,0,3,1,5,2,11,3,-1,-1,-1,5,1,5
2016450042599,1,9,0,6,0,0,0,0,0,0,3,1,6,1,50,8,2148,2,9,3,1,3
2016450042599,2,9,0,18,0,0,0,0,0,0,1,1,1,1,51,8,1896,2,9,7,1,7
2016450042659,1,9,0,2,0,0,0,0,0,0,4,1,6,2,42,7,1995,2,1,9,1,9
2016450042659,2,9,0,18,0,0,0,0,0,0,3,1,6,2,76,11,1598,1,9,10,1,10
2016450042880,1,9,0,9,0,6,0,0,0,0,3,1,1,1,45,7,1598,2,1,4,3,4
2016450042880,2,9,0,18,0,8,0,0,0,0,1,1,6,2,45,7,1798,1,12,9,2,9
2016450042881,1,9,0,4,0,0,0,0,0,0,1,1,6,1,30,6,1582,2,4,5,1,5
2016450042881,2,9,0,4,0,0,0,0,0,0,1,1,6,3,53,8,-1,-1,-1,-1,-1,-1
2016450042881,3,9,0,4,0,0,0,0,0,0,4,1,6,3,45,7,-1,-1,-1,-1,-1,-1
2016450042902,1,19,0,18,0,1,0,0,0,0,1,1,6,1,23,5,2402,2,9,10,1,10
2016450042902,2,9,0,9,0,5,0,0,0,0,2,1,2,2,27,6,1984,1,15,3,1,3
2016450042902,3,9,0,3,0,1,0,0,0,0,1,1,2,2,47,8,1461,2,4,10,1,10
2016450042905,1,9,0,3,0,0,0,0,0,0,1,1,6,2,35,6,1956,2,3,1,1,1
2016450042905,2,9,0,18,0,0,0,0,0,0,2,1,6,2,23,5,1995,1,14,8,1,8
2016450042913,1,9,0,4,0,1,0,0,0,0,2,1,5,2,19,4,1198,1,14,8,1,8
2016450042913,2,9,0,4,0,1,0,0,0,0,1,1,6,1,20,4,1390,1,11,9,1,9
2016450042919,1,5,0,18,0,0,2,0,0,0,0,1,2,1,24,5,599,1,20,9,1,9
2016450042919,2,9,0,3,0,0,0,0,0,0,2,1,1,1,54,8,1560,2,3,-1,-1,-1
2016450042920,1,9,0,18,0,0,0,0,0,0,3,1,6,1,67,10,1910,2,9,10,1,10
2016450042924,1,21,1,12,0,1,0,0,0,0,3,1,1,3,-1,-1,-1,-1,-1,-1,-1,-1
2016450042924,2,9,0,18,0,1,0,0,0,0,4,1,6,2,24,5,1149,1,6,4,1,4
2016450042933,1,19,0,3,0,1,0,0,0,0,2,1,2,1,45,7,1598,2,1,5,1,5
2016450042933,2,9,0,18,0,1,0,0,0,0,1,1,6,2,39,7,1598,1,8,6,1,6
2016450042936,1,9,0,9,0,4,0,0,0,0,1,1,2,1,18,4,1388,1,13,7,1,7
2016450042936,2,1,0,18,0,1,2,0,0,0,1,1,2,1,46,8,-1,-1,-1,7,1,7
2016450042947,1,9,0,17,0,0,1,0,0,0,1,1,6,1,31,6,1364,2,7,9,1,9
2016450042958,1,9,0,18,0,0,0,0,0,0,1,1,6,2,46,8,1598,1,6,5,1,5
2016450042971,1,9,0,9,0,6,0,0,0,0,1,1,6,2,30,6,1596,1,11,9,1,9
2016450042971,2,1,0,18,0,1,0,0,0,0,4,1,6,2,34,6,-1,-1,-1,7,1,7
2016450042974,1,1,0,18,0,1,0,0,0,0,0,1,6,1,38,7,-1,-1,-1,10,1,10
2016450043156,1,9,0,6,0,0,0,0,0,0,4,1,6,2,54,8,1198,1,1,4,2,4
2016450043156,2,21,1,18,0,0,0,0,4,0,1,1,1,1,53,8,6700,2,1,9,1,9
2016450043180,1,9,0,4,0,0,0,0,0,0,2,1,1,1,35,6,1339,8,8,3,1,3
2016450043180,2,9,0,18,0,0,0,0,0,0,1,1,6,1,46,8,1598,2,4,6,1,6
2016450043182,1,19,0,4,0,0,0,0,0,0,1,1,1,1,44,7,1598,2,1,6,1,6
2016450043182,2,9,0,4,0,0,0,0,0,0,2,1,6,1,59,9,2497,1,13,3,1,3
2016450043182,3,19,0,4,0,0,0,0,0,0,1,1,1,1,37,7,1968,2,6,3,1,3
2016450043182,4,9,0,3,0,0,0,0,0,0,2,1,2,1,41,7,2204,2,8,5,3,5
2016450043188,1,9,0,18,0,0,0,0,0,0,3,1,5,2,46,8,998,1,1,8,1,8
2016450043188,2,9,0,4,0,0,0,0,0,0,3,1,2,2,45,7,1794,1,14,7,1,7
2016450043188,3,9,0,2,0,0,0,0,0,0,3,1,6,1,-1,-1,1968,2,7,7,1,7
2016450043188,4,9,0,2,0,0,0,0,0,0,3,1,6,1,-1,-1,1984,1,10,7,1,7
2016450043193,1,9,0,9,0,1,0,0,0,0,4,1,2,1,35,6,1598,2,2,9,1,9
2016450043193,2,4,0,18,0,1,0,0,0,0,1,1,2,1,20,4,471,1,2,10,1,10
2016450043209,1,9,0,18,0,0,0,0,0,0,2,1,5,1,23,5,1598,1,11,5,2,5
2016450043209,2,9,0,18,0,0,0,0,0,0,1,1,6,3,-1,-1,-1,-1,-1,-1,-1,-1
2016450043225,1,9,0,9,0,4,0,0,0,0,3,1,6,1,37,7,1895,1,16,5,1,5
2016450043225,2,9,0,4,0,1,0,0,0,0,1,1,6,2,51,8,1240,1,11,6,2,6
2016450043232,1,9,0,4,0,2,0,0,0,0,2,1,1,1,28,6,1896,2,13,9,1,9
2016450043232,2,9,0,4,0,2,0,0,0,0,1,1,1,1,32,6,998,1,11,6,1,6
2016450043241,1,9,0,18,0,2,0,0,0,0,1,1,5,1,26,6,1198,1,10,10,1,10
2016450043241,2,9,0,3,0,2,0,0,0,0,2,1,5,2,33,6,1587,1,9,3,1,3
2016450043241,3,9,0,3,0,1,0,0,0,0,0,1,5,1,54,8,2231,2,9,4,1,4
2016450043250,1,9,0,18,0,0,0,0,0,0,1,1,2,1,20,4,1997,1,1,8,1,8
2016450043250,2,9,0,8,0,0,0,0,0,0,2,1,6,3,49,8,1596,1,3,-1,-1,-1
2016450043299,1,9,0,18,0,0,1,0,0,0,1,1,6,2,18,4,1149,1,9,10,3,10
2016450043387,1,19,0,9,0,6,0,0,0,0,4,1,2,1,29,6,1968,2,2,4,1,4
2016450043387,2,4,0,18,0,8,0,0,0,0,4,1,1,1,55,8,249,1,15,8,1,8
2016450043399,1,9,0,18,0,8,0,0,0,0,3,1,5,1,46,8,1797,8,4,10,1,10
2016450043399,2,9,0,9,0,6,0,0,0,0,1,1,3,2,37,7,1590,1,16,10,1,10
2016450043405,1,3,0,18,0,8,0,0,0,0,3,1,2,1,59,9,125,1,13,8,1,8
2016450043405,2,9,0,18,0,6,0,0,0,0,1,1,6,1,49,8,1598,1,7,5,1,5
2016450043408,1,9,0,5,0,8,0,0,0,0,1,1,5,1,33,6,1796,1,7,8,1,8
2016450043408,2,9,0,18,0,4,0,0,0,0,1,1,5,2,86,11,1086,1,7,8,1,8
2016450043409,1,9,0,4,0,0,0,0,0,0,2,1,2,1,55,8,1998,1,1,-1,-1,-1
2016450043409,2,9,0,18,0,0,0,0,0,0,2,1,2,1,29,6,-1,-1,-1,5,1,5