Accident_Index,Vehicle_Reference,Vehicle_Type,Towing_and_Articulation,Vehicle_Manoeuvre,Vehicle_Location-Restricted_Lane,Junction_Location,Skidding_and_Overturning,Hit_Object_in_Carriageway,Vehicle_Leaving_Carriageway,Hit_Object_off_Carriageway,1st_Point_of_Impact,Was_Vehicle_Left_Hand_Drive?,Journey_Purpose_of_Driver,Sex_of_Driver,Age_of_Driver,Age_Band_of_Driver,Engine_Capacity_(CC),Propulsion_Code,Age_of_Vehicle,Driver_IMD_Decile,Driver_Home_Area_Type,Vehicle_IMD_Decile
2016450052994,2,19,0,3,0,0,0,0,0,0,1,1,6,1,38,7,1686,2,13,7,1,7
2016450052994,3,9,0,3,0,0,0,0,0,0,2,1,6,1,67,10,1984,1,1,10,1,10
2016450053044,1,9,0,4,0,0,1,0,0,0,2,1,5,1,24,5,998,1,-1,6,1,6
2016450053044,2,9,0,4,0,0,0,0,0,0,1,1,5,2,25,5,1497,1,11,10,1,10
2016450053044,3,9,0,4,0,0,0,0,0,0,1,1,5,1,70,10,1598,2,4,9,3,9
2016450053044,4,9,0,4,0,0,0,0,0,0,1,1,5,1,26,6,1968,2,9,7,1,7
2016450053044,5,9,0,4,0,0,1,0,0,0,1,1,5,1,26,6,1198,1,4,7,1,7
2016450053044,6,9,0,18,0,0,0,0,0,0,1,1,5,1,38,7,1896,2,14,7,2,7
2016450053044,7,9,0,18,0,0,0,0,0,0,1,1,5,1,48,8,2401,2,8,3,1,3
2016450053093,1,9,0,9,0,6,0,0,0,0,1,1,5,1,36,7,1360,1,9,10,1,10
2016450053093,2,9,0,18,0,1,0,0,0,0,4,1,2,1,37,7,3175,1,11,9,1,9
2016450053100,1,9,0,9,0,5,0,0,0,0,4,1,5,2,17,4,1242,1,5,10,3,10
2016450053100,2,9,0,18,0,8,0,0,0,0,1,1,2,1,57,9,1951,2,16,10,1,10
2016450053151,1,9,0,18,0,1,0,0,0,0,1,1,6,1,36,7,1360,1,16,4,1,4
2016450053228,1,9,0,18,0,1,0,0,1,4,1,1,5,1,41,7,1124,1,11,2,1,2
2016450053237,1,9,0,16,0,0,2,0,1,0,4,1,2,1,42,7,1388,1,13,4,1,4
2016450053237,2,9,0,16,0,0,2,0,1,4,1,1,6,1,34,6,1461,2,3,4,1,4
2016450053275,1,9,0,11,0,0,0,0,0,0,4,1,5,1,74,10,-1,-1,-1,9,1,9
2016450053275,2,9,0,18,0,0,0,0,0,0,2,1,5,2,33,6,1598,1,4,4,1,4
2016450053289,1,9,0,18,0,0,0,0,0,0,1,1,6,1,88,11,2179,2,6,6,1,6
2016450053289,2,9,0,18,0,0,0,0,0,0,2,1,6,2,36,7,2198,2,9,8,1,8
2016450053289,3,9,0,3,0,0,0,4,0,0,2,1,6,1,70,10,1997,1,17,8,1,8
2016450053289,4,5,0,3,0,0,0,0,0,0,2,1,6,1,53,8,675,1,-1,10,1,10
2016450053298,1,3,0,3,0,8,0,0,0,0,2,1,5,1,18,4,124,1,-1,10,1,10
2016450053298,2,9,0,18,0,8,0,0,0,0,1,1,5,2,27,6,1596,1,9,9,1,9
2016450053308,1,9,0,18,0,0,2,0,7,0,1,1,6,1,18,4,1598,1,4,10,1,10
2016450053310,1,9,0,3,0,0,0,0,0,0,1,1,3,2,43,7,2179,2,9,7,1,7
2016450053310,2,9,0,17,0,0,0,0,0,0,4,1,5,1,17,4,1595,1,13,8,1,8
2016450053310,3,19,0,2,0,0,0,0,0,0,0,1,5,1,36,7,2494,2,13,2,1,2
2016450053313,1,21,0,11,0,1,0,0,0,0,1,1,1,1,30,6,10837,2,1,2,1,2
2016450053313,2,9,0,18,0,1,1,0,0,0,3,1,2,2,44,7,1798,1,6,10,1,10
2016450053313,3,9,0,3,0,1,0,0,0,0,4,1,1,2,44,7,1997,1,11,6,1,6
2016450053314,1,9,0,18,0,0,0,0,0,0,1,1,6,3,-1,-1,-1,-1,-1,-1,-1,-1
2016450053314,2,9,0,18,0,0,0,0,4,0,2,1,6,2,36,7,1956,2,2,7,2,7
2016450053314,3,9,0,18,0,0,0,0,0,0,4,1,6,1,44,7,1956,2,2,7,2,7
2016450053335,1,19,0,1,0,5,0,0,0,0,2,1,1,1,65,9,6692,2,5,2,1,2
2016450053335,2,1,0,17,0,1,0,0,0,0,1,1,5,1,38,7,-1,-1,-1,9,1,9
2016450053366,1,9,0,3,0,0,0,0,0,0,2,1,5,2,34,6,1968,2,8,6,1,6
2016450053366,2,9,0,3,0,0,0,0,0,0,1,1,5,2,26,6,1248,2,8,9,1,9
2016450053373,1,9,0,18,0,0,0,0,0,0,3,1,5,1,80,11,1348,1,14,4,1,4
2016450053391,1,9,0,18,0,0,1,0,0,0,1,1,1,2,42,7,998,1,17,9,1,9
2016450053391,2,9,0,3,0,0,0,0,0,0,2,1,1,1,38,7,2497,2,12,5,1,5
2016450053623,1,9,0,18,0,0,0,0,0,0,2,1,6,2,24,5,1397,1,8,10,1,10
2016450053623,2,9,0,18,0,0,0,0,0,0,1,1,6,1,23,5,1390,1,13,10,1,10
2016450053638,1,1,0,18,0,0,0,0,0,0,2,1,5,1,68,10,-1,-1,-1,7,2,7
2016450053638,2,9,0,18,0,0,0,0,0,0,1,1,6,2,40,7,-1,-1,-1,-1,-1,-1
2016450053646,1,9,0,5,0,0,0,0,0,0,1,1,5,2,19,4,1598,2,5,7,2,7
2016450053646,2,9,0,17,0,0,0,0,0,0,4,1,2,1,32,6,2198,2,8,9,1,9
2016450053649,1,9,0,3,0,1,0,0,0,0,2,1,6,1,57,9,1997,2,8,10,1,10
2016450053649,2,19,0,4,0,7,0,0,0,0,1,1,6,1,35,6,2143,2,1,7,1,7
2016450053656,1,9,0,18,0,4,0,0,0,0,1,1,2,2,33,6,1998,1,13,9,1,9
2016450053656,2,1,0,18,0,8,0,0,0,0,2,1,4,2,12,3,-1,-1,-1,9,1,9
2016450053666,1,9,0,5,0,6,0,0,0,0,1,1,5,1,34,6,3799,1,2,10,1,10
2016450053666,2,9,0,18,0,1,0,0,0,0,1,1,1,1,44,7,1390,1,4,10,1,10
2016450053680,1,9,0,18,9,0,0,0,7,10,1,1,5,2,82,11,1587,1,14,10,1,10
2016450053689,1,9,0,2,0,2,0,0,0,0,0,1,3,2,46,8,1798,1,8,4,1,4
2016450053689,2,19,0,5,0,2,0,0,0,0,0,1,1,1,60,9,-1,-1,-1,-1,-1,-1
2016450053848,1,9,0,1,0,2,0,0,0,0,2,1,6,2,-1,-1,1596,1,5,10,1,10
2016450053898,1,9,0,18,0,1,0,0,0,0,2,1,1,1,19,4,1149,1,9,8,1,8
2016450053898,2,9,0,18,0,6,0,0,0,0,1,1,6,1,69,10,2143,2,2,10,1,10
2016450053934,1,9,0,9,0,5,0,0,0,0,1,1,6,1,27,6,1956,2,2,5,1,5
2016450054000,1,9,0,16,0,0,0,4,0,0,1,1,5,1,72,10,2171,1,13,10,1,10
2016450054000,2,9,0,2,0,0,0,4,0,0,1,1,5,1,57,9,998,1,12,9,1,9
2016450054000,3,9,0,2,0,0,0,0,0,0,1,1,5,1,79,11,1991,2,9,1,1,1
2016450054004,1,9,0,3,0,0,0,0,0,0,2,1,5,1,72,10,1598,2,5,9,1,9
2016450054004,2,9,0,18,0,0,0,0,0,0,1,1,5,2,19,4,1390,1,16,10,1,10
2016450054036,1,19,0,5,0,1,0,0,0,0,1,1,1,1,70,10,1995,2,6,10,1,10
2016450054177,1,1,0,18,0,1,0,0,0,0,0,1,5,1,50,8,-1,-1,-1,9,1,9
2016450054177,2,9,0,9,0,5,0,0,0,0,0,1,6,1,-1,-1,1994,1,17,9,1,9
2016450054181,1,9,0,18,0,1,0,0,0,0,1,1,3,2,50,8,2148,2,14,9,1,9
2016450054181,2,9,0,4,0,1,0,0,0,0,2,1,2,1,36,7,1999,1,-1,5,1,5
2016450054240,1,9,0,13,0,1,0,0,7,10,1,1,5,1,20,4,1198,1,6,8,3,8
2016450054240,2,9,0,9,0,5,0,0,7,10,1,1,5,1,49,8,1396,1,6,-1,-1,-1
2016450054242,1,9,0,9,0,6,0,0,0,0,1,1,5,1,25,5,1587,1,15,3,1,3
2016450054242,2,9,0,18,0,8,5,0,0,0,3,1,5,1,19,4,1296,1,48,7,1,7
2016450054265,1,9,0,5,0,6,0,0,0,0,1,1,5,1,27,6,973,1,16,6,1,6
2016450054265,2,5,0,18,0,1,0,0,0,0,1,1,5,1,20,4,645,1,11,9,1,9
2016450054429,1,9,0,13,0,0,0,0,0,0,4,1,6,1,24,5,1797,8,4,10,1,10
2016450054429,2,1,0,17,0,0,0,0,0,0,3,1,6,1,47,8,-1,-1,-1,5,1,5
2016450054429,3,1,0,17,0,0,0,0,0,0,3,1,6,1,50,8,-1,-1,-1,8,1,8
2016450054462,1,9,0,9,0,6,0,0,0,0,3,1,2,2,27,6,1598,1,2,8,1,8
2016450054462,2,3,0,18,0,8,0,0,0,0,1,1,5,1,20,4,125,1,2,6,1,6
2016450054518,1,1,0,3,0,1,0,0,0,0,2,1,6,1,32,6,-1,-1,-1,8,1,8
2016450054518,2,9,0,18,0,1,0,0,0,0,1,1,6,3,-1,-1,1395,1,2,-1,-1,-1
2016450054590,1,9,0,18,0,8,0,0,0,0,1,1,6,2,37,7,-1,-1,-1,-1,-1,-1
2016450054590,2,9,0,18,0,4,0,0,0,0,0,1,6,1,50,8,3226,2,16,-1,-1,-1
2016450054590,3,9,0,18,0,8,0,0,0,0,1,1,6,1,30,6,4511,1,11,10,1,10
2016450054755,1,3,0,4,0,1,0,0,0,0,1,1,6,1,18,4,124,1,10,5,1,5
2016450054755,2,9,0,9,0,5,0,0,0,0,1,1,6,2,88,11,1086,1,10,9,1,9
2016450054760,1,9,0,6,0,0,0,0,0,0,0,1,5,2,67,10,1600,2,6,6,1,6
2016450054760,2,3,0,18,0,0,2,0,0,0,1,1,5,1,40,7,125,1,-1,7,1,7
2016450054798,1,19,0,18,0,0,1,0,0,0,1,1,1,1,21,5,2298,2,3,6,1,6
2016450054798,2,9,0,4,0,0,0,0,0,0,2,1,5,1,45,7,1956,2,6,10,1,10
2016450054798,3,9,0,18,0,0,0,0,0,0,2,1,2,1,46,8,2926,2,13,5,2,5
2016450054798,4,9,0,18,0,0,0,0,0,0,2,1,5,1,60,9,2143,2,1,7,3,7
2016450054819,1,19,0,4,0,0,0,0,0,0,1,1,2,1,26,6,2464,2,8,6,3,6
2016450054819,2,9,0,3,0,0,0,0,0,0,2,1,2,1,33,6,1360,1,9,6,3,6
2016450054819,3,9,0,3,0,0,0,0,0,0,2,1,6,2,55,8,3456,8,2,9,3,9
2016450054819,4,9,0,3,0,0,0,0,0,0,2,1,6,2,57,9,1896,2,13,6,3,6
2016450054829,1,9,0,3,0,2,0,0,0,0,2,1,2,1,50,8,1781,1,24,4,1,4
2016450054829,2,19,0,18,0,2,0,0,0,0,1,1,1,1,48,8,2198,2,3,10,1,10
2016450054843,1,9,0,16,0,0,1,0,7,0,4,1,2,1,18,4,1124,1,12,2,1,2
2016450054852,1,9,0,18,0,0,0,0,0,0,3,1,3,2,43,7,2976,1,13,9,1,9
2016450054870,1,3,0,18,0,1,2,0,0,0,3,1,5,1,55,8,125,1,1,5,1,5
2016450055073,1,9,0,18,0,0,0,0,0,0,2,1,5,2,34,6,1598,1,1,5,1,5
2016450055073,2,9,0,17,0,0,0,0,1,0,1,1,5,1,29,6,1598,1,5,9,1,9
2016450055078,1,9,0,18,0,0,0,0,0,0,1,1,5,2,27,6,2143,2,1,10,1,10
2016450055078,2,19,0,13,0,0,0,0,0,0,0,1,2,1,36,7,2198,2,4,-1,-1,-1
2016450055091,1,1,0,18,0,1,0,0,0,0,3,1,5,2,40,7,-1,-1,-1,6,1,6
2016450055091,2,20,0,7,0,5,0,0,0,0,4,1,6,1,24,5,-1,-1,-1,-1,-1,-1
2016450055113,1,9,0,9,0,6,0,0,0,0,1,1,5,2,81,11,1596,1,6,9,1,9
2016450055113,2,1,0,18,0,1,0,0,0,0,1,1,5,1,28,6,-1,-1,-1,10,1,10
2016450055116,1,9,0,18,0,6,0,0,7,9,1,1,6,2,88,11,1399,1,9,6,1,6
2016450055116,2,9,0,18,0,1,0,0,1,7,3,1,6,1,47,8,2179,2,7,9,1,9
2016450055118,1,9,0,18,0,0,5,4,0,0,1,1,6,1,38,7,1895,1,16,8,1,8
2016450055118,2,9,0,2,0,0,0,0,0,0,2,1,5,2,-1,-1,1398,1,1,8,1,8
2016450055118,3,19,0,2,0,0,0,0,0,0,2,1,6,1,41,7,1560,2,1,4,1,4
2016450055118,4,9,0,18,0,0,0,0,0,0,3,1,6,1,51,8,1975,1,11,7,1,7
2016450055122,1,9,0,18,0,0,0,0,1,0,3,1,5,2,51,8,1587,1,14,7,3,7
2016450055122,2,9,0,18,0,0,0,0,2,2,4,1,5,1,54,8,2993,2,4,10,3,10
2016450055122,3,9,0,18,0,0,0,0,0,0,1,1,2,1,42,7,2494,1,17,10,1,10
2016450055153,1,9,0,9,0,5,0,0,0,0,1,1,5,2,53,8,1896,2,9,10,1,10
2016450055153,2,1,0,18,0,1,0,0,1,0,1,1,5,1,62,9,-1,-1,-1,9,1,9
2016450055163,1,19,0,18,0,1,0,0,0,0,4,1,6,1,48,8,2500,2,6,5,2,5
2016450055163,2,9,0,18,0,1,0,0,0,0,3,1,6,1,30,6,1595,1,14,9,1,9
2016450055182,1,9,0,9,0,3,0,0,0,0,1,1,5,1,34,6,1390,1,14,5,1,5
2016450055182,2,9,0,18,0,8,0,0,0,0,3,1,5,1,37,7,2521,1,8,4,1,4
2016450055196,1,4,0,18,0,4,1,9,0,0,1,1,6,1,41,7,599,1,13,4,1,4
2016450055223,1,3,0,18,0,1,2,0,0,0,3,1,5,1,25,5,125,1,12,10,1,10
2016450055223,2,9,0,9,0,5,0,0,0,0,0,1,5,1,59,9,2987,2,3,9,1,9
2016450055225,1,9,0,4,0,1,0,0,0,0,2,1,6,2,19,4,999,1,6,10,1,10
2016450055225,2,5,0,16,0,1,2,0,7,4,2,1,6,1,55,8,847,1,1,6,2,6
2016450055415,1,9,0,12,0,0,0,0,4,4,3,1,5,1,84,11,1299,1,10,8,3,8
2016450055415,2,9,0,18,0,0,0,0,0,0,4,1,5,1,71,10,1796,1,15,-1,-1,-1
2016450055454,1,9,0,18,0,0,2,0,0,0,1,1,1,1,40,7,1399,1,10,8,3,8
2016450055454,2,9,0,4,0,0,0,0,0,0,2,1,5,1,55,8,2179,2,8,5,1,5
2016450055467,1,9,0,18,0,8,0,0,0,0,2,1,5,2,25,5,1499,2,1,-1,-1,-1
2016450055467,2,9,0,3,0,2,0,0,0,0,2,1,5,2,63,9,1598,1,13,7,1,7
2016450055467,3,9,0,18,0,1,0,0,0,0,1,1,6,1,23,5,2143,2,4,8,1,8
2016450055494,1,9,0,18,0,0,2,0,1,0,2,1,2,1,43,7,1796,1,10,7,2,7
2016450055494,2,9,0,13,0,0,0,0,0,0,1,1,1,1,45,7,1753,2,14,8,3,8
2016450055502,1,9,0,18,0,1,0,0,1,0,1,1,6,1,66,10,1582,2,1,-1,-1,-1
2016450055502,2,9,0,18,0,8,0,0,7,0,1,1,6,1,25,5,1398,2,14,9,1,9
2016450055509,1,9,0,18,0,0,1,11,7,4,1,1,5,1,51,8,1598,1,12,6,1,6
2016450055524,1,9,0,2,0,0,0,0,0,0,0,1,5,1,-1,-1,1798,1,9,10,1,10
2016450055524,2,1,0,18,0,0,0,8,0,0,1,1,2,1,40,7,-1,-1,-1,5,1,5
2016450055533,1,1,0,18,0,0,0,4,0,0,1,1,6,1,33,6,-1,-1,-1,8,3,8
2016450055533,2,19,0,2,0,0,0,0,0,0,2,1,1,1,29,6,1598,2,1,-1,-1,-1
2016450055578,1,11,0,1,0,1,0,0,0,0,2,1,1,1,57,9,4500,2,7,9,1,9
2016450055578,2,9,0,3,0,2,0,0,0,0,1,1,2,1,40,7,1560,2,4,8,2,8
2016450055609,1,9,0,9,0,5,0,0,0,0,1,1,6,2,74,10,1997,2,15,7,3,7
2016450055609,2,9,0,18,0,8,0,0,1,0,1,1,6,1,65,9,1798,1,3,3,1,3
2016450055617,1,9,0,18,0,1,0,0,0,0,1,1,2,1,49,8,2993,2,1,9,1,9
2016450055617,2,9,0,3,0,1,0,0,0,0,2,1,2,2,30,6,1986,2,8,7,1,7
2016450055617,3,9,0,3,0,1,0,0,0,0,2,1,2,2,26,6,1798,1,2,8,1,8
2016450055617,4,9,0,3,0,1,0,0,0,0,2,1,2,2,49,8,1598,1,13,7,1,7
2016450055719,1,5,0,13,0,0,1,0,7,4,1,1,6,1,23,5,599,1,17,6,1,6
2016450055719,2,9,0,18,0,0,0,0,0,0,1,1,6,2,71,10,1398,1,6,5,1,5
2016450055719,3,17,0,18,0,0,0,0,0,0,0,1,1,1,34,6,6728,2,1,3,1,3
2016450055739,1,19,0,18,0,1,0,0,0,0,1,1,1,2,51,8,1560,2,1,7,1,7
2016450055883,1,9,0,5,0,8,0,0,0,0,1,1,5,2,25,5,1686,2,11,9,1,9
2016450055883,2,9,0,18,0,8,0,0,0,0,4,1,5,2,54,8,3824,1,10,10,1,10
2016450055892,1,1,0,18,0,8,0,0,0,0,3,1,5,1,46,8,-1,-1,-1,9,1,9
2016450055892,2,9,0,18,0,8,2,0,0,0,3,1,5,2,-1,-1,1198,1,6,9,1,9
2016450055919,1,9,0,18,0,8,0,0,0,0,1,1,1,2,35,6,998,1,-1,5,1,5
2016450055919,2,9,0,18,0,8,0,0,0,0,1,1,1,1,65,9,1582,2,1,6,1,6
2016450055927,1,5,0,18,0,0,0,0,0,0,4,1,6,1,75,10,828,1,39,-1,-1,-1
2016450055927,2,9,0,18,0,0,0,0,0,0,2,1,6,1,82,11,-1,-1,-1,8,1,8
2016450055934,1,3,0,7,0,5,0,0,0,0,2,1,2,1,32,6,124,1,-1,-1,-1,-1
2016450055934,2,9,0,18,0,1,0,0,0,0,1,1,2,1,30,6,1398,1,1,8,1,8
2016450055951,1,9,0,9,0,5,0,0,0,0,1,1,5,2,57,9,998,1,9,9,1,9
2016450055951,2,1,0,18,0,8,0,0,0,0,1,1,5,1,49,8,-1,-1,-1,10,1,10
2016450055958,1,9,0,9,0,1,0,0,0,0,2,1,5,2,66,10,1329,1,7,10,3,10
2016450055958,2,9,0,18,0,1,0,0,0,0,1,1,5,1,49,8,1910,2,8,10,1,10
2016450055967,1,1,0,17,0,0,2,0,0,0,1,1,6,1,57,9,-1,-1,-1,10,1,10
2016450055967,2,19,0,16,0,0,1,0,0,0,1,1,6,1,61,9,2494,2,13,6,3,6
2016450055991,1,9,0,4,0,1,0,0,0,0,1,1,2,1,77,11,1598,1,6,4,1,4
2016450055991,2,9,0,18,0,1,0,0,0,0,2,1,6,1,27,6,2378,1,11,2,1,2
2016450056004,1,5,0,18,0,4,0,9,0,0,0,1,6,1,44,7,1050,1,6,10,1,10
2016450056011,1,9,0,2,0,0,0,0,0,0,3,1,5,1,48,8,4497,1,3,10,1,10
2016450056011,2,1,0,18,0,0,0,4,0,0,1,1,5,2,68,10,-1,-1,-1,9,1,9
2016450056028,1,9,0,3,0,4,1,0,0,0,3,1,2,1,35,6,2143,2,1,9,3,9
2016450056028,2,21,0,18,0,4,0,0,0,0,4,1,6,3,-1,-1,-1,-1,-1,-1,-1,-1
2016450056040,1,9,0,9,0,4,0,0,0,0,3,1,5,1,74,10,1591,1,9,7,2,7
2016450056040,2,1,0,18,0,8,0,0,0,0,1,1,5,1,46,8,-1,-1,-1,6,1,6
2016450056092,1,9,0,9,0,8,0,0,0,0,1,1,2,1,46,8,-1,-1,-1,4,2,4
2016450056092,2,1,0,18,0,8,0,0,0,0,2,1,5,2,18,4,-1,-1,-1,9,1,9
2016450056255,1,9,0,9,0,6,0,0,0,0,1,1,5,1,27,6,1298,1,17,5,1,5
2016450056255,2,1,0,18,0,1,0,0,0,0,1,1,5,1,43,7,-1,-1,-1,6,1,6
2016450056262,1,9,0,18,0,0,1,0,0,0,1,1,5,2,18,4,1229,1,9,6,3,6
2016450056265,1,9,0,3,0,0,0,0,0,0,2,1,6,1,58,9,1800,1,17,10,1,10
2016450056265,2,9,0,18,0,0,0,0,0,0,1,1,6,3,-1,-1,-1,-1,-1,-1,-1,-1
2016450056282,1,9,0,13,0,1,2,7,0,0,1,1,6,1,47,8,1796,1,13,7,3,7
2016450056282,2,9,0,13,0,1,0,0,0,0,2,1,6,2,54,8,1248,2,2,6,1,6
2016450056296,1,9,0,9,0,6,0,0,0,0,1,1,5,1,82,11,1396,1,3,10,1,10
2016450056296,2,9,0,18,0,8,0,0,0,0,1,1,5,2,69,10,1197,1,6,10,1,10
2016450056302,1,9,0,17,0,1,0,0,0,0,1,1,2,1,47,8,1984,1,13,6,3,6
2016450056302,2,9,0,10,0,5,0,0,0,0,2,1,6,2,47,8,1598,1,11,7,1,7
2016450056320,1,9,0,18,0,8,0,0,7,6,1,1,5,2,66,10,1388,1,7,10,1,10
2016450056337,1,8,0,18,0,0,0,0,0,0,0,1,6,3,-1,-1,-1,-1,-1,-1,-1,-1
2016450056362,1,9,0,4,0,0,0,0,0,0,2,1,6,2,38,7,1992,2,9,10,2,10
2016450056362,2,19,0,4,0,0,0,0,0,0,2,1,6,1,38,7,1560,2,8,10,2,10
2016450056362,3,9,0,3,0,0,0,0,0,0,1,1,6,1,33,6,1796,2,4,9,1,9
2016450056380,1,9,0,18,0,0,5,10,1,0,1,1,5,1,26,6,1997,2,16,6,1,6
2016450056401,1,1,0,9,0,8,0,0,0,0,0,1,5,2,35,6,-1,-1,-1,8,1,8
2016450056429,1,9,0,17,0,0,0,0,0,0,1,1,5,2,49,8,2400,2,8,9,1,9
2016450056429,2,1,0,16,0,0,0,0,0,0,1,1,5,1,38,7,-1,-1,-1,10,1,10
2016450056667,1,9,0,18,0,0,0,0,0,0,3,1,5,2,38,7,1598,2,2,8,3,8
2016450056667,2,1,0,18,0,0,0,0,0,0,1,1,5,1,41,7,-1,-1,-1,9,1,9
2016450056688,1,9,0,18,9,8,1,0,1,4,1,1,2,2,24,5,796,1,16,3,1,3
2016450056690,1,1,0,18,9,6,0,0,0,0,3,1,4,2,15,3,-1,-1,-1,10,1,10
2016450056690,2,9,0,9,0,1,0,0,0,0,1,1,2,1,30,6,1390,1,20,9,1,9
2016450056693,1,19,0,18,0,0,0,0,0,0,3,1,1,1,23,5,1686,2,12,8,1,8
2016450056699,1,9,0,18,0,8,0,0,1,2,4,1,5,1,89,11,1499,2,1,-1,-1,-1
2016450056701,1,9,0,17,0,0,0,0,0,0,1,1,5,1,66,10,1560,2,3,4,3,4
2016450056701,2,5,0,7,0,0,1,0,0,0,1,1,5,1,42,7,942,1,7,9,1,9
2016450056707,1,9,0,18,0,0,0,0,1,0,1,1,6,2,49,8,2993,2,11,7,1,7
2016450056718,1,9,0,4,0,0,0,0,0,0,0,1,6,2,-1,-1,-1,-1,-1,-1,-1,-1
2016450056721,1,1,0,5,5,0,5,0,0,0,0,1,5,1,35,6,-1,-1,-1,6,1,6
2016450056734,1,9,0,18,0,1,0,0,0,0,2,1,6,1,69,10,2993,2,1,10,3,10
2016450056734,2,19,0,18,0,1,0,0,0,0,1,1,1,2,34,6,1248,2,9,8,1,8
2016450056738,1,9,0,18,0,0,0,0,0,0,4,1,5,2,36,7,1753,2,13,5,1,5
2016450056739,1,9,0,3,0,0,0,0,0,0,2,1,2,2,47,8,1560,2,4,-1,-1,-1
2016450056739,2,9,0,3,0,0,0,0,0,0,2,1,2,1,65,9,1591,1,1,10,1,10
2016450056739,3,9,0,4,0,0,0,0,0,0,1,1,6,2,36,7,2793,1,18,-1,-1,-1
2016450056754,1,1,0,18,5,0,0,0,0,0,1,1,2,2,31,6,-1,-1,-1,9,1,9
2016450056758,1,9,0,2,6,0,0,0,0,0,2,1,5,2,34,6,1598,1,7,8,1,8
2016450056773,1,1,0,18,0,0,0,0,0,0,0,1,6,1,37,7,-1,-1,-1,8,1,8
2016450056782,1,9,0,18,0,0,1,0,0,0,1,1,2,2,48,8,2993,2,8,8,3,8
2016450056782,2,9,0,4,0,0,0,0,0,0,2,1,1,1,77,11,-1,-1,-1,10,1,10
2016450056782,3,9,0,4,0,0,0,0,0,0,2,1,1,2,33,6,1995,2,2,9,1,9
2016450056787,1,1,0,17,0,0,0,0,0,0,0,1,6,1,57,9,-1,-1,-1,10,1,10
2016450056791,1,19,0,4,0,1,0,0,0,0,2,1,1,1,-1,-1,2198,2,2,8,1,8
2016450056791,2,19,0,4,0,1,0,0,0,0,1,1,1,1,-1,-1,2198,2,3,8,1,8
2016450056806,1,9,0,7,0,1,0,0,0,0,0,1,6,2,60,9,1329,1,6,6,3,6
2016450056806,2,1,0,5,0,1,0,0,0,0,0,1,6,1,-1,-1,-1,-1,-1,10,1,10
2016450057048,1,9,0,10,0,2,0,0,0,0,1,1,5,2,53,8,998,1,10,7,2,7
2016450057048,2,9,0,18,0,1,5,0,0,0,3,1,2,1,25,5,1242,1,12,9,1,9
2016450057069,1,9,0,3,0,4,0,0,0,0,2,1,1,1,41,7,1995,2,2,3,1,3
2016450057069,2,9,0,18,0,4,0,0,0,0,1,1,6,3,-1,-1,1198,1,11,-1,-1,-1
2016450057072,1,9,0,18,0,3,0,0,0,0,3,1,5,2,19,4,1229,1,9,6,1,6
2016450057072,2,9,0,18,0,3,0,0,0,0,4,1,6,2,22,5,2148,2,8,4,1,4
2016450057074,1,20,0,11,0,0,0,0,0,0,0,1,6,3,40,7,-1,-1,-1,-1,-1,-1
2016450057074,2,9,0,18,0,0,0,0,0,0,4,1,5,2,26,6,1598,1,11,1,1,1
2016450057074,3,9,0,18,0,0,0,0,0,0,3,1,5,1,57,9,1598,2,1,7,1,7
2016450057074,4,19,0,18,0,0,0,0,0,0,2,1,1,1,57,9,-1,-1,-1,5,1,5
2016450057080,1,9,4,18,0,2,2,0,4,6,3,1,1,1,31,6,4554,1,14,8,1,8
2016450057098,1,19,0,18,0,0,0,0,0,0,1,1,6,1,50,8,-1,-1,-1,5,1,5
2016450057109,1,9,0,7,0,6,0,0,0,0,3,1,5,1,59,9,2179,2,4,-1,-1,-1
2016450057109,2,9,0,18,0,8,2,0,7,0,1,1,5,2,89,11,1598,1,5,10,1,10
2016450057117,1,1,0,18,9,0,0,0,1,0,0,1,5,1,21,5,-1,-1,-1,8,1,8
2016450057153,1,20,1,4,0,0,1,0,0,0,1,1,1,1,44,7,10518,2,9,9,1,9
2016450057153,2,9,0,4,0,0,0,0,0,0,2,1,6,2,32,6,1995,2,8,10,1,10
2016450057153,3,19,0,4,0,0,0,0,0,0,2,1,1,1,29,6,1248,2,9,2,1,2
2016450057155,1,9,0,5,0,0,0,0,0,0,3,1,1,1,37,7,1968,2,1,9,1,9
2016450057155,2,9,0,18,0,0,0,0,7,0,1,1,1,2,41,7,999,1,1,10,1,10
2016450057160,1,9,0,18,0,1,0,0,0,0,1,1,2,2,36,7,1389,1,18,-1,-1,-1
2016450057160,2,9,0,3,0,1,0,0,0,0,2,1,1,1,38,7,1997,2,5,6,1,6
2016450057160,3,9,0,3,0,1,0,0,0,0,2,1,6,2,26,6,1997,2,1,2,1,2
2016450057178,1,9,0,18,0,0,0,0,0,0,1,1,5,1,45,7,1896,2,16,6,1,6
2016450057178,2,9,0,4,0,0,0,0,0,0,2,1,5,1,50,8,2143,2,1,-1,1,-1