Accident_Index,Vehicle_Reference,Vehicle_Type,Towing_and_Articulation,Vehicle_Manoeuvre,Vehicle_Location-Restricted_Lane,Junction_Location,Skidding_and_Overturning,Hit_Object_in_Carriageway,Vehicle_Leaving_Carriageway,Hit_Object_off_Carriageway,1st_Point_of_Impact,Was_Vehicle_Left_Hand_Drive?,Journey_Purpose_of_Driver,Sex_of_Driver,Age_of_Driver,Age_Band_of_Driver,Engine_Capacity_(CC),Propulsion_Code,Age_of_Vehicle,Driver_IMD_Decile,Driver_Home_Area_Type,Vehicle_IMD_Decile
2016450057184,1,9,0,4,0,1,0,0,0,0,1,1,3,2,40,7,1242,1,3,10,2,10
2016450057184,2,9,0,4,0,1,0,0,0,0,2,1,5,1,54,8,1339,8,9,5,1,5
2016450057190,1,9,0,17,0,2,0,0,0,0,1,1,5,1,19,4,998,1,8,-1,-1,-1
2016450057197,1,9,0,18,0,0,0,0,0,0,1,1,6,1,33,6,1360,1,8,3,1,3
2016450057197,2,9,0,4,0,0,0,0,0,0,2,1,6,2,49,8,1781,1,17,5,1,5
2016450057197,3,9,0,4,0,0,0,0,0,0,0,1,1,1,27,6,1560,2,3,8,1,8
2016450057217,1,9,0,3,0,0,0,0,0,0,2,1,6,1,36,7,1995,2,6,9,1,9
2016450057217,2,9,0,18,0,0,1,0,0,0,1,1,6,1,33,6,1995,2,12,10,1,10
2016450057231,1,9,0,2,0,0,0,0,0,0,1,1,3,2,44,7,1590,1,14,7,1,7
2016450057231,2,9,0,1,0,0,0,0,0,0,2,1,5,1,17,4,1586,1,1,10,1,10
2016450057249,1,5,0,4,0,0,0,0,0,0,1,1,2,1,36,7,599,1,15,5,3,5
2016450057249,2,19,0,4,0,0,0,0,0,0,2,1,1,1,61,9,1997,2,4,9,1,9
2016450057251,1,9,0,18,0,0,0,0,0,0,1,1,2,2,27,6,1598,1,8,4,1,4
2016450057251,2,9,0,18,0,0,0,0,0,0,2,1,5,1,69,10,1587,1,9,9,1,9
2016450057254,1,9,0,18,0,4,0,0,0,0,1,1,5,1,46,8,2400,2,5,3,1,3
2016450057254,2,5,0,11,0,3,0,0,0,0,4,1,2,1,48,8,599,1,8,10,1,10
2016450057255,1,9,0,7,0,6,0,0,0,0,1,1,5,1,43,7,998,1,3,3,1,3
2016450057255,2,9,0,18,0,1,0,0,0,0,1,1,5,1,35,6,1598,2,2,8,1,8
2016450057554,1,9,0,9,0,6,0,0,0,0,3,1,5,1,31,6,1984,1,11,8,1,8
2016450057554,2,1,0,18,0,8,0,0,0,0,1,1,6,1,48,8,-1,-1,-1,10,1,10
2016450057559,1,21,1,13,0,0,0,0,0,0,4,1,1,1,36,7,-1,-1,-1,-1,-1,-1
2016450057559,2,1,0,18,0,0,0,0,0,0,3,1,5,1,72,10,-1,-1,-1,10,1,10
2016450057602,1,9,0,9,0,5,0,0,0,0,2,1,5,2,52,8,875,1,2,7,2,7
2016450057602,2,9,0,3,0,1,0,0,0,0,2,1,2,1,43,7,1896,2,13,4,1,4
2016450057602,3,9,0,18,0,1,0,0,0,0,1,1,2,2,58,9,1329,1,5,10,1,10
2016450057618,1,9,0,6,0,0,0,0,0,0,3,1,6,1,33,6,1870,2,13,4,1,4
2016450057618,2,5,0,13,0,0,0,0,0,0,1,1,6,1,53,8,645,1,12,7,1,7
2016450057630,1,1,0,9,0,0,0,0,0,0,2,1,6,1,15,3,-1,-1,-1,10,1,10
2016450057630,2,3,0,18,0,0,0,0,0,0,1,1,6,3,-1,-1,-1,-1,-1,-1,-1,-1
2016450057640,1,5,0,16,0,0,1,0,5,10,4,1,5,1,22,5,645,1,5,6,1,6
2016450057647,1,9,0,3,0,4,0,0,0,0,2,1,5,2,19,4,998,1,9,4,1,4
2016450057647,2,9,0,4,0,4,0,0,0,0,1,1,6,3,-1,-1,-1,-1,-1,-1,-1,-1
2016450057660,1,9,0,18,0,1,5,9,3,4,1,1,5,1,57,9,1339,1,10,8,1,8
2016450057661,1,9,0,3,0,0,0,0,0,0,0,1,1,1,48,8,1997,2,3,8,1,8
2016450057661,2,19,0,18,0,0,0,0,0,0,1,1,1,1,40,7,2198,2,1,5,1,5
2016450057661,3,9,0,4,0,0,0,0,0,0,2,1,2,2,55,8,1242,1,10,9,2,9
2016450057661,4,9,0,18,0,0,0,0,0,0,0,1,6,3,-1,-1,-1,-1,-1,-1,-1,-1
2016450057665,1,9,0,18,0,1,0,0,0,0,1,1,4,2,33,6,1998,2,11,6,1,6
2016450057665,2,1,0,18,0,8,5,0,0,0,3,1,5,1,11,3,-1,-1,-1,10,1,10
2016450057945,1,9,0,3,0,1,0,0,0,0,2,1,5,1,40,7,1598,1,8,6,1,6
2016450057945,2,9,0,3,0,1,0,0,0,0,2,1,5,1,40,7,999,1,23,7,1,7
2016450057945,3,9,0,18,0,7,0,0,0,0,1,1,1,1,26,6,1598,2,1,10,1,10
2016450057959,1,1,0,18,0,1,0,0,0,0,1,1,1,1,68,10,-1,-1,-1,8,1,8
2016450057959,2,9,0,9,0,5,0,0,0,0,3,1,1,1,51,8,2148,2,12,5,1,5
2016450057964,1,1,0,18,0,0,1,11,0,0,0,1,5,2,57,9,-1,-1,-1,5,2,5
2016450057974,1,9,0,9,0,5,0,0,0,0,3,1,6,2,64,9,1598,1,8,8,3,8
2016450057974,2,9,0,18,0,1,0,0,0,0,1,1,5,2,24,5,1360,1,16,10,1,10
2016450058016,1,9,0,18,0,1,0,0,0,0,1,1,3,1,47,8,2993,2,7,9,1,9
2016450058016,2,1,0,18,0,1,0,0,0,0,1,1,6,1,37,7,-1,-1,-1,10,1,10
2016450058122,1,9,0,18,0,8,0,0,1,0,4,1,5,2,60,9,1248,2,8,10,1,10
2016450058153,1,1,0,17,0,1,1,0,0,0,3,1,5,1,43,7,-1,-1,-1,8,2,8
2016450058368,1,19,0,4,0,0,0,0,0,0,0,1,1,1,32,6,2299,2,2,10,1,10
2016450058368,2,9,0,18,0,0,0,0,0,0,0,1,5,2,27,6,1598,1,12,5,1,5
2016450058409,1,9,0,18,0,0,0,0,0,0,4,1,2,1,33,6,2183,2,5,10,1,10
2016450058435,1,9,0,18,0,0,0,4,1,0,1,1,1,2,25,5,1587,1,15,10,1,10
2016450058435,2,19,0,2,6,0,0,0,0,0,2,1,1,1,52,8,1686,2,12,6,1,6
2016450058474,1,9,0,18,0,4,0,0,0,0,2,1,6,2,47,8,1995,1,4,9,1,9
2016450058474,2,9,0,9,0,4,0,0,0,0,1,1,6,2,37,7,1400,1,16,2,1,2
2016450058476,1,9,0,11,0,1,0,0,0,0,0,1,2,1,36,7,1956,2,-1,3,1,3
2016450058476,2,19,0,18,0,1,2,0,1,9,1,1,2,1,52,8,1997,2,13,10,1,10
2016450058778,1,3,0,4,0,8,0,0,0,0,4,1,2,1,29,6,124,1,10,8,1,8
2016450058778,2,9,0,7,0,6,0,0,0,0,1,1,6,2,19,4,1499,1,-1,9,1,9
2016450058802,1,9,0,18,0,0,0,0,0,0,1,1,2,1,19,4,1360,1,14,5,1,5
2016450058802,2,9,0,3,0,0,0,0,0,0,2,1,5,1,74,10,1299,1,20,5,3,5
2016450058802,3,9,0,3,0,0,0,0,0,0,2,1,5,1,45,7,1796,1,14,8,1,8
2016450058840,1,9,0,18,0,3,0,0,0,0,1,1,1,2,20,4,1364,2,10,9,1,9
2016450058840,2,21,1,5,0,4,0,0,0,0,2,1,6,1,42,7,-1,-1,-1,-1,-1,-1
2016450058842,1,4,0,15,0,0,0,0,2,10,4,1,5,1,20,4,471,1,1,9,1,9
2016450058842,2,21,1,11,0,0,0,0,0,0,4,1,1,1,59,9,12900,2,10,7,1,7
2016450058863,1,9,0,16,0,0,2,0,6,0,4,1,6,2,19,4,1299,1,15,2,1,2
2016450058867,1,4,0,18,0,0,1,12,0,0,3,1,6,1,50,8,1215,1,1,10,1,10
2016450058875,1,9,0,3,0,1,0,0,0,0,2,1,2,1,52,8,1248,1,6,-1,-1,-1
2016450058875,2,19,0,5,0,1,0,0,0,0,1,1,2,1,35,6,1998,2,15,5,1,5
2016450058879,1,9,0,3,0,1,0,0,0,0,2,1,5,2,31,6,1498,1,4,9,1,9
2016450058879,2,9,0,18,0,1,0,0,0,0,1,1,5,2,37,7,2179,2,6,10,1,10
2016450058888,1,19,0,18,0,3,0,0,1,0,1,1,1,1,53,8,1968,2,1,4,1,4
2016450058921,1,9,0,18,0,0,0,0,0,0,2,1,6,1,41,7,1596,1,11,4,1,4
2016450058921,2,9,0,18,0,0,0,0,0,0,1,1,6,1,65,9,1596,1,2,5,1,5
2016450058971,1,9,0,5,0,0,0,0,0,0,0,1,6,2,25,5,998,1,5,10,1,10
2016450058971,2,3,0,18,0,0,0,0,0,0,0,1,1,2,28,6,125,1,4,9,1,9
2016450059136,1,9,0,18,0,0,0,0,0,0,1,1,6,1,20,4,1598,1,13,10,1,10
2016450059152,1,3,0,18,0,0,0,0,0,0,1,1,5,1,21,5,125,1,1,8,1,8
2016450059191,1,9,0,18,0,0,0,0,7,5,3,1,6,1,77,11,3498,1,10,10,1,10
2016450059191,2,9,0,18,0,0,0,0,0,0,3,1,6,2,69,10,1149,1,10,10,1,10
2016450059215,1,9,0,1,0,0,0,0,0,0,2,1,5,2,37,7,1968,2,1,10,2,10
2016450059223,1,19,0,3,0,1,0,0,0,0,2,1,6,1,-1,-1,1560,2,2,1,1,1
2016450059223,2,9,0,3,0,1,0,0,0,0,1,1,2,2,55,8,1968,2,3,4,1,4
2016450059237,1,9,0,18,0,2,1,0,1,2,3,1,5,2,35,6,1582,2,6,10,1,10
2016450059249,1,9,0,18,0,0,0,0,0,0,1,1,2,1,50,8,1995,2,-1,-1,-1,-1
2016450059249,2,9,0,3,0,0,0,0,0,0,2,1,1,2,63,9,1997,1,7,-1,-1,-1
2016450059280,1,9,0,18,0,1,0,0,0,0,1,1,5,2,85,11,1984,1,15,9,1,9
2016450059280,2,9,0,10,0,6,0,0,0,0,3,1,2,1,55,8,1149,1,12,-1,-1,-1
2016450059284,1,9,0,9,0,5,0,0,0,0,1,1,6,1,-1,-1,1796,1,10,10,1,10
2016450059302,1,9,0,5,0,4,0,0,0,0,1,1,1,1,30,6,-1,-1,-1,10,1,10
2016450059302,2,1,0,18,0,8,0,0,0,0,2,1,6,1,41,7,-1,-1,-1,8,2,8
2016450059311,1,3,0,18,0,0,2,0,0,0,1,1,5,1,19,4,125,1,1,8,1,8
2016450059311,2,9,0,2,0,0,0,0,0,0,2,1,5,1,53,8,1587,1,11,5,1,5
2016450059311,3,9,0,2,0,0,0,0,0,0,2,1,5,3,30,6,1398,2,5,-1,-1,-1
2016450059348,1,9,0,18,0,1,5,0,0,0,1,1,2,1,49,8,1296,1,9,4,1,4
2016450059348,2,21,0,7,0,6,0,0,0,0,2,1,1,1,70,10,6692,2,7,10,1,10
2016450059571,1,9,0,4,0,1,0,0,0,0,3,1,6,2,48,8,1399,2,10,4,1,4
2016450059577,1,1,0,18,0,1,0,0,0,0,3,1,6,1,17,4,-1,-1,-1,9,1,9
2016450059577,2,19,0,14,0,1,0,0,0,0,3,1,6,3,-1,-1,2402,2,9,-1,-1,-1
2016450059629,1,9,0,18,0,0,0,0,0,0,1,1,6,1,-1,-1,3000,2,16,-1,-1,-1
2016450059629,2,9,0,18,0,0,0,0,0,0,2,1,6,1,36,7,1984,1,11,4,1,4
2016450059653,1,9,0,9,0,5,0,0,1,0,1,1,6,1,26,6,1597,2,2,6,1,6
2016450059653,2,9,0,18,0,1,0,0,0,0,1,1,6,2,50,8,1598,1,2,9,1,9
2016450059656,1,9,0,9,0,5,0,0,0,0,4,1,5,2,53,8,1995,2,2,9,3,9
2016450059656,2,9,0,18,0,1,0,0,0,0,1,1,5,1,29,6,1388,1,14,10,3,10
2016450059681,1,9,0,18,0,0,0,0,0,0,2,1,5,1,40,7,1989,1,16,2,1,2
2016450059681,2,9,0,3,0,0,0,0,0,0,2,1,5,1,33,6,2199,2,6,9,3,9
2016450059681,3,9,0,4,0,0,0,0,0,0,1,1,5,1,34,6,1896,2,13,-1,-1,-1
2016450059681,4,9,0,4,0,0,0,0,0,0,0,1,5,1,56,9,1598,1,7,4,1,4
2016450059681,5,9,0,18,0,0,0,0,0,0,2,1,5,1,21,5,2295,1,18,5,1,5
2016450059681,6,9,0,18,0,0,1,1,0,0,1,1,5,1,49,8,-1,-1,-1,5,1,5
2016450059681,7,9,0,18,0,0,0,1,0,0,1,1,6,1,-1,-1,1994,1,16,10,1,10
2016450059685,1,9,0,16,0,0,0,0,0,0,1,1,6,2,18,4,-1,-1,-1,4,1,4
2016450059685,2,9,0,17,0,0,0,0,0,0,1,1,6,1,17,4,1242,1,17,-1,-1,-1
2016450059698,1,9,0,18,0,0,1,0,0,0,1,1,1,1,61,9,1679,1,16,9,1,9
2016450059698,2,19,0,9,0,0,0,0,0,0,1,1,1,1,47,8,2982,2,4,6,2,6
2016450059698,3,9,0,2,0,0,0,0,0,0,1,1,6,1,34,6,1968,2,7,8,1,8
2016450059715,1,9,0,12,0,0,0,0,0,0,2,1,6,2,45,7,1248,1,1,8,1,8
2016450059715,2,9,0,18,0,0,0,0,0,0,0,1,6,1,51,8,2967,2,4,9,1,9
2016450059715,3,4,0,18,0,0,0,0,0,0,1,1,6,1,49,8,1170,1,2,3,1,3
2016450059745,1,9,0,18,0,4,2,0,3,0,1,1,5,1,43,7,1998,1,11,3,1,3
2016450059769,1,8,0,4,0,1,0,0,0,0,1,1,2,1,75,10,2402,2,13,8,1,8
2016450059769,2,9,0,18,0,1,0,0,6,0,3,1,6,2,52,8,7400,1,49,8,1,8
2016450059774,1,9,0,5,0,1,0,0,0,0,4,1,5,1,73,10,1396,1,3,9,1,9
2016450059774,2,1,0,18,0,1,0,0,0,0,1,1,2,1,51,8,-1,-1,-1,6,1,6
2016450059789,1,9,0,18,0,0,0,0,0,0,3,1,5,1,18,4,1242,1,8,6,1,6
2016450059789,2,9,0,18,0,0,0,0,0,0,1,1,5,1,20,4,1596,1,13,2,1,2
2016450059864,1,1,0,18,0,0,0,0,1,0,3,1,6,1,35,6,-1,-1,-1,10,3,10
2016450059864,2,9,0,18,0,0,0,0,0,0,4,1,6,3,-1,-1,-1,-1,-1,-1,-1,-1
2016450060115,1,5,0,15,0,1,0,0,0,0,1,1,5,1,26,6,750,1,2,8,1,8
2016450060115,2,19,0,9,0,1,0,0,0,0,3,1,1,1,55,8,2402,2,8,5,1,5
2016450060165,1,9,0,18,0,0,1,0,0,0,3,1,2,2,30,6,1999,1,9,4,1,4
2016450060183,1,9,0,18,0,1,0,0,0,0,1,1,1,1,54,8,2967,2,6,10,1,10
2016450060241,1,5,0,18,0,0,0,12,0,0,3,1,5,1,49,8,636,1,12,8,1,8
2016450060276,1,9,0,12,0,0,0,0,0,0,1,1,5,1,37,7,1598,2,4,7,1,7
2016450060276,2,5,0,18,0,0,1,0,0,0,3,1,2,1,28,6,1170,1,9,5,1,5
2016450060276,3,9,0,18,0,0,0,0,0,0,3,1,5,2,45,7,999,1,2,8,3,8
2016450060295,1,9,0,18,0,0,0,0,0,0,1,1,6,3,-1,-1,-1,-1,-1,-1,-1,-1
2016450060295,2,9,0,18,0,0,0,0,1,3,1,1,6,1,34,6,2922,1,13,7,1,7
2016450060336,1,9,0,18,0,0,1,0,0,0,1,1,5,1,43,7,3311,8,10,2,1,2
2016450060336,2,21,1,18,0,0,0,0,0,0,2,1,1,1,37,7,12740,2,1,9,1,9
2016450060507,1,9,0,18,0,1,1,11,0,0,1,1,6,1,59,9,-1,-1,-1,6,3,6
2016450060586,1,9,0,18,0,0,0,0,0,0,1,1,5,2,79,11,995,1,10,9,1,9
2016450060606,1,9,0,2,0,0,0,0,0,0,1,1,1,1,25,5,1910,2,11,1,1,1
2016450060606,2,19,0,4,0,0,0,0,0,0,2,1,1,2,27,6,2198,2,2,3,1,3
2016450060615,1,9,0,9,0,6,0,0,0,0,1,1,2,2,25,5,999,1,1,5,1,5
2016450060615,2,1,0,18,0,1,5,0,0,0,3,1,6,1,28,6,-1,-1,-1,3,1,3
2016450060624,1,9,0,3,0,0,0,0,0,0,2,1,1,2,31,6,1388,1,13,4,1,4
2016450060624,2,9,0,18,0,0,0,0,0,0,1,1,6,1,-1,-1,-1,-1,-1,9,1,9
2016450060631,1,9,0,18,0,0,1,0,0,0,1,1,6,2,27,6,1242,1,3,2,1,2
2016450060631,2,19,0,18,0,0,0,0,0,0,0,1,6,3,-1,-1,-1,-1,-1,-1,-1,-1
2016450060633,1,9,0,18,0,1,0,0,0,0,1,1,3,2,40,7,1997,1,22,9,1,9
2016450060659,1,9,0,3,0,1,0,0,0,0,2,1,2,2,27,6,1248,1,5,7,1,7
2016450060659,2,9,0,18,0,1,0,0,0,0,1,1,2,1,27,6,1968,2,4,4,1,4
2016450060659,3,9,0,9,0,5,0,0,0,0,2,1,2,2,41,7,1910,2,5,7,1,7
2016450060665,1,9,0,18,0,0,0,0,0,0,1,1,1,2,22,5,1242,1,4,10,1,10
2016450060665,2,9,0,10,0,0,0,0,0,0,2,1,2,1,56,9,1995,2,12,5,1,5
2016450060666,1,9,0,5,0,6,0,0,0,0,4,1,2,2,21,5,1560,2,7,1,1,1
2016450060666,2,9,0,18,0,1,0,0,0,0,1,1,1,2,63,9,1795,1,16,10,3,10
2016450060666,3,21,0,10,0,1,0,0,0,0,1,1,2,1,29,6,-1,-1,-1,5,2,5
2016450060666,4,9,0,11,0,1,0,0,0,0,1,1,1,1,58,9,1997,2,4,6,1,6
2016450060689,1,9,0,18,0,0,0,0,0,0,1,1,5,2,18,4,1242,1,1,10,1,10
2016450060702,1,9,0,9,0,6,0,0,0,0,1,1,6,2,-1,-1,1590,1,17,7,1,7
2016450060702,2,1,0,18,0,1,5,0,0,0,4,1,4,1,12,3,-1,-1,-1,9,1,9
2016450060807,1,9,0,18,0,0,2,0,1,0,4,1,6,1,22,5,1149,1,14,7,1,7
2016450060813,1,9,0,15,0,0,0,0,0,0,4,1,6,2,58,9,1796,1,2,5,1,5
2016450060813,2,11,0,5,0,0,0,0,0,0,3,1,1,1,58,9,5883,2,14,6,1,6
2016450060823,1,1,0,17,0,0,1,0,0,0,0,1,6,2,20,4,-1,-1,-1,9,1,9
2016450060831,1,9,0,18,0,5,0,0,0,0,1,1,2,2,45,7,1388,1,13,8,1,8
2016450060831,2,21,1,9,0,4,0,0,0,0,3,1,1,1,54,8,-1,-1,-1,-1,-1,-1
2016450060861,1,9,0,5,0,0,0,0,0,0,1,1,6,2,57,9,1796,1,9,6,1,6
2016450060861,2,9,0,4,0,0,0,0,0,0,2,1,6,1,52,8,1995,2,3,8,1,8
2016450060975,1,1,0,18,0,0,0,0,0,0,3,1,5,1,64,9,-1,-1,-1,7,1,7
2016450060980,1,9,0,18,0,0,0,0,0,0,1,1,6,1,39,7,1896,2,13,6,1,6
2016450060991,1,9,0,18,0,4,0,0,0,0,1,1,2,2,48,8,1461,2,1,10,1,10
2016450060991,2,9,0,18,0,3,0,0,0,0,4,1,2,2,53,8,1398,1,13,10,1,10
2016450060995,1,9,0,18,0,0,0,0,0,0,1,1,5,1,28,6,1995,2,6,10,1,10
2016450060995,2,9,0,4,0,0,0,0,0,0,2,1,5,2,21,5,999,1,1,10,1,10
2016450060995,3,9,0,4,0,0,0,0,0,0,2,1,5,1,40,7,4999,1,7,10,1,10
2016450061000,1,9,0,18,0,0,0,0,0,0,1,1,6,2,49,8,1339,1,13,5,1,5
2016450061000,2,9,0,2,0,0,0,0,0,0,1,1,6,1,64,9,647,8,1,-1,-1,-1
2016450061086,1,9,0,18,0,8,0,0,0,0,1,1,2,2,31,6,1560,2,6,10,1,10
2016450061089,1,9,0,18,0,0,0,0,0,0,1,1,5,3,-1,-1,1968,2,9,-1,-1,-1
2016450061089,2,9,0,18,0,0,0,0,0,0,2,1,2,1,24,5,1360,1,11,7,1,7
2016450061090,1,9,0,18,0,1,0,0,0,0,1,1,6,2,31,6,995,1,10,7,1,7
2016450061090,2,9,0,18,0,1,0,0,0,0,2,1,6,1,73,10,1364,1,1,10,1,10
2016450061106,1,9,0,18,0,0,0,0,0,0,2,1,2,1,33,6,1560,2,5,5,1,5
2016450061106,2,9,0,18,0,0,0,0,0,0,1,1,6,2,41,7,1461,2,4,5,2,5
2016450061118,1,9,0,18,0,1,0,0,0,0,1,1,6,1,26,6,998,1,1,7,1,7
2016450061118,2,9,0,18,0,1,0,0,0,0,2,1,6,2,-1,-1,1395,1,1,3,1,3
2016450061122,1,9,0,18,0,0,1,0,0,0,1,1,5,1,20,4,1597,1,7,4,2,4
2016450061122,2,9,0,18,0,0,1,0,0,0,1,1,5,1,38,7,1999,1,7,9,1,9
2016450061128,1,9,0,18,0,0,1,0,0,0,1,1,6,1,48,8,1364,2,2,9,1,9
2016450061128,2,9,0,4,0,0,0,0,0,0,2,1,6,1,48,8,2993,2,3,9,1,9
2016450061128,3,9,0,4,0,0,0,0,0,0,2,1,6,1,-1,-1,1389,1,21,4,1,4
2016450061128,4,9,0,4,0,0,0,0,0,0,2,1,6,1,28,6,1198,1,2,3,1,3
2016450061142,1,1,0,18,0,0,5,0,0,0,1,1,5,2,27,6,-1,-1,-1,9,1,9
2016450061156,1,9,0,4,0,0,0,0,0,0,0,1,6,3,-1,-1,-1,-1,-1,-1,-1,-1
2016450061156,2,9,0,4,0,0,1,0,0,0,2,1,6,1,32,6,1461,2,6,10,1,10
2016450061156,3,9,0,4,0,0,1,0,0,0,2,1,6,1,53,8,2497,1,17,7,1,7
2016450061156,4,9,0,18,0,0,1,0,0,0,1,1,6,1,47,8,1910,2,11,4,1,4
2016450061356,1,9,0,18,0,0,0,0,7,0,1,1,6,2,79,11,1587,1,16,6,1,6
2016450061356,2,9,0,18,0,0,0,0,0,0,1,1,6,1,55,8,998,1,2,10,1,10
2016450061356,3,9,0,18,0,0,0,0,0,0,1,1,6,2,58,9,1995,2,4,8,3,8
2016450061371,1,21,0,18,0,0,0,0,0,0,1,1,1,1,38,7,4461,2,5,2,1,2
2016450061371,2,9,0,4,0,0,0,0,0,0,2,1,1,1,45,7,1968,2,-1,6,3,6
2016450061371,3,9,0,18,0,0,0,0,0,0,3,1,6,2,36,7,1685,2,5,10,1,10
2016450061371,4,9,0,18,0,0,0,0,0,0,2,1,1,1,47,8,1968,2,2,5,1,5
2016450061386,1,9,0,18,0,0,0,0,0,0,1,1,6,1,22,5,2616,1,8,10,1,10
2016450061386,2,9,0,18,0,0,0,0,0,0,4,1,2,1,44,7,1896,2,10,5,1,5
2016450061394,1,9,0,18,0,0,0,0,7,0,1,1,5,1,19,4,1400,1,16,8,1,8
2016450061394,2,9,0,5,0,0,0,0,0,0,1,1,5,2,42,7,996,1,2,8,1,8
2016450061402,1,9,0,2,0,0,0,0,0,0,0,1,6,1,34,6,1995,2,1,10,1,10
2016450061402,2,19,0,1,0,0,0,0,0,0,0,1,2,1,32,6,2198,2,2,4,1,4
2016450061423,1,9,0,7,0,6,0,0,0,0,1,1,6,2,27,6,1598,1,5,4,1,4
2016450061423,2,19,0,18,0,1,0,0,0,0,4,1,1,1,31,6,2143,2,3,9,1,9
2016450061474,1,9,0,13,0,0,1,0,1,0,1,1,2,1,34,6,1796,1,8,2,1,2
2016450061474,2,9,0,18,0,0,0,0,1,0,3,1,2,1,25,5,1596,1,14,10,1,10
2016450061477,1,9,0,18,0,0,0,0,0,0,1,1,6,1,36,7,1198,1,2,9,1,9
2016450061477,2,9,0,18,0,0,0,0,0,0,3,1,6,2,43,7,1997,2,7,-1,-1,-1
2016450061477,3,9,0,18,0,0,0,0,0,0,3,1,6,1,22,5,1560,2,2,9,1,9
2016450061508,1,9,0,7,0,5,0,0,0,0,1,1,6,1,39,7,1797,8,5,8,1,8
2016450061530,1,9,0,9,0,5,0,0,0,0,2,1,6,1,47,8,1997,2,12,9,2,9
2016450061530,2,9,4,18,0,1,0,0,0,0,1,1,6,1,72,10,2500,2,25,8,1,8
2016450061531,1,9,0,18,0,0,0,0,0,0,3,1,6,2,89,11,1339,1,10,10,2,10
2016450061531,2,9,0,18,0,0,0,0,0,0,3,1,6,1,-1,-1,1197,1,-1,10,2,10
2016450061546,1,9,0,18,0,8,0,0,0,0,3,1,6,1,37,7,1742,1,7,10,1,10
2016450061812,1,9,0,18,0,0,0,4,0,0,1,1,6,3,-1,-1,-1,-1,-1,-1,-1,-1
2016450061812,2,9,0,18,0,0,0,4,0,0,1,1,6,1,24,5,-1,-1,-1,-1,-1,-1
2016450061812,3,9,0,2,0,0,0,0,0,0,2,1,6,1,50,8,1984,1,8,6,1,6
2016450061812,4,9,0,2,0,0,0,0,0,0,2,1,6,1,58,9,-1,-1,-1,9,1,9
2016450061812,5,9,0,2,0,0,0,0,0,0,2,1,5,2,22,5,1198,1,2,9,1,9
2016450061813,1,9,0,9,9,5,0,0,7,0,3,1,2,1,41,7,-1,-1,-1,10,2,10
2016450061813,2,4,0,13,0,1,0,0,7,0,3,1,2,1,56,9,499,1,22,5,1,5
2016450061815,1,5,0,18,0,0,0,0,0,0,1,1,6,1,59,9,1050,1,6,5,1,5
2016450061815,2,9,0,18,0,0,0,0,0,0,1,1,6,1,63,9,1984,1,2,8,1,8
2016450061858,1,9,0,18,0,0,0,0,0,0,1,1,6,2,39,7,1995,2,3,9,1,9
2016450061867,1,9,0,17,0,0,0,0,1,0,3,1,2,1,47,8,998,1,1,10,2,10
2016450061867,2,19,0,18,0,0,0,0,1,0,3,1,1,1,52,8,2198,2,4,8,3,8
2016450061910,1,9,0,18,0,1,0,0,0,0,2,1,6,1,39,7,2143,2,2,7,1,7
2016450061910,2,1,0,18,0,6,0,0,0,0,4,1,6,1,34,6,-1,-1,-1,8,1,8
2016450061945,1,9,0,3,0,1,0,0,0,0,2,1,6,2,24,5,1198,1,10,4,1,4
2016450061945,2,9,0,18,0,1,0,0,0,0,1,1,2,2,51,8,1560,2,9,10,1,10
2016450061945,3,9,0,3,0,1,0,0,0,0,0,1,1,1,27,6,1560,2,2,8,1,8
2016450061970,1,9,0,18,0,0,0,0,0,0,2,1,5,2,45,7,1242,1,4,5,1,5
2016450061970,2,9,0,18,0,0,0,0,0,0,2,1,5,2,32,6,1461,2,2,8,2,8
2016450061970,3,9,0,18,0,0,0,0,0,0,1,1,5,2,32,6,1498,1,8,9,1,9
2016450061970,4,19,0,18,0,0,0,0,0,0,1,1,5,1,45,7,1997,2,-1,-1,-1,-1
2016450061971,1,9,0,16,0,4,0,0,0,0,4,1,1,1,43,7,1997,1,4,7,1,7
2016450061971,2,1,0,18,0,3,0,0,1,0,2,1,6,2,27,6,-1,-1,-1,7,1,7
2016450062009,1,9,0,4,0,0,0,0,0,0,1,1,6,1,36,7,998,1,8,4,1,4
2016450062009,2,9,0,4,0,0,0,0,0,0,2,1,1,2,44,7,1598,2,1,4,1,4
2016450062017,1,9,0,18,0,0,0,0,1,10,1,1,6,1,80,11,2457,1,9,9,3,9
2016450062017,2,21,1,18,0,0,0,0,0,0,2,1,1,1,26,6,-1,-1,-1,-1,-1,-1
2016450062017,3,9,0,4,0,0,0,0,1,10,1,1,5,2,48,8,1968,2,5,9,3,9
2016450062017,4,9,0,4,0,0,0,0,0,0,1,1,5,2,54,8,1242,1,6,10,2,10
2016450062017,5,20,0,18,0,0,0,0,0,0,2,1,6,3,-1,-1,-1,-1,-1,-1,-1,-1
2016450062072,1,9,0,9,0,1,0,0,0,0,1,1,6,2,33,6,1299,1,12,8,1,8