Accident_Index,Vehicle_Reference,Vehicle_Type,Towing_and_Articulation,Vehicle_Manoeuvre,Vehicle_Location-Restricted_Lane,Junction_Location,Skidding_and_Overturning,Hit_Object_in_Carriageway,Vehicle_Leaving_Carriageway,Hit_Object_off_Carriageway,1st_Point_of_Impact,Was_Vehicle_Left_Hand_Drive?,Journey_Purpose_of_Driver,Sex_of_Driver,Age_of_Driver,Age_Band_of_Driver,Engine_Capacity_(CC),Propulsion_Code,Age_of_Vehicle,Driver_IMD_Decile,Driver_Home_Area_Type,Vehicle_IMD_Decile
2016450062072,2,9,0,18,0,1,0,0,0,0,1,1,1,1,57,9,1968,2,8,5,1,5
2016450062256,1,9,0,16,0,3,0,0,0,0,0,1,6,1,79,11,2497,1,14,8,3,8
2016450062256,2,9,0,16,0,3,0,0,0,0,2,1,5,1,42,7,2993,2,1,10,1,10
2016450062256,3,9,0,16,0,3,0,0,0,0,1,1,2,2,35,6,1149,1,8,3,1,3
2016450062280,1,9,0,4,0,0,0,0,0,0,1,1,5,2,20,4,1124,1,12,10,1,10
2016450062280,2,9,0,18,0,0,0,0,0,0,2,1,5,2,20,4,1388,1,7,7,1,7
2016450062301,1,9,0,18,0,0,0,0,0,0,1,1,1,2,27,6,-1,-1,-1,5,1,5
2016450062301,2,9,0,18,0,0,0,0,0,0,2,1,1,1,-1,-1,1968,2,7,5,1,5
2016450062301,3,9,0,18,0,0,0,0,0,0,0,1,1,3,-1,-1,1339,1,4,-1,-1,-1
2016450062330,1,9,0,18,0,1,0,0,0,0,3,1,5,1,45,7,998,1,2,5,1,5
2016450062330,2,19,0,18,0,1,0,0,0,0,4,1,6,1,34,6,1998,2,13,7,1,7
2016450062336,1,9,0,18,0,0,0,0,0,0,1,1,5,2,39,7,1995,2,4,6,3,6
2016450062336,2,9,0,3,0,0,0,0,0,0,2,1,5,2,45,7,1395,1,2,10,1,10
2016450062336,3,9,0,3,0,0,0,0,0,0,2,1,2,2,29,6,1997,2,4,6,1,6
2016450062340,1,9,0,18,0,0,0,0,0,0,1,1,6,2,54,8,2987,2,7,8,1,8
2016450062340,2,9,0,1,0,0,0,0,0,0,1,1,6,3,45,7,1590,1,16,6,3,6
2016450062353,1,9,0,18,0,0,0,0,0,0,1,1,5,2,40,7,1995,2,5,10,1,10
2016450062353,2,9,0,6,0,0,0,0,0,0,1,1,5,2,29,6,1198,1,2,10,1,10
2016450062357,1,9,0,18,9,0,0,0,0,0,1,1,5,2,33,6,1329,1,2,10,1,10
2016450062366,1,9,0,18,0,2,0,0,0,0,1,1,6,1,58,9,1242,1,3,5,2,5
2016450062388,1,9,0,17,0,1,0,0,1,0,1,1,6,1,57,9,1390,1,14,7,1,7
2016450062414,1,1,0,18,0,0,0,0,0,0,1,1,6,2,40,7,-1,-1,-1,8,1,8
2016450062427,1,9,0,18,0,0,0,0,0,0,1,1,1,1,20,4,1229,1,2,6,1,6
2016450062429,1,9,0,18,0,0,5,0,7,0,1,1,5,1,18,4,1242,1,9,-1,-1,-1
2016450062600,1,9,0,18,0,0,0,0,0,0,1,1,5,2,42,7,2776,2,3,10,1,10
2016450062600,2,9,0,3,0,0,0,0,0,0,2,1,5,2,55,8,998,1,1,9,3,9
2016450062603,1,9,0,3,0,1,0,0,0,0,2,1,6,1,36,7,1299,1,11,8,3,8
2016450062603,2,9,0,18,0,1,0,0,0,0,1,1,6,1,36,7,1998,8,-1,7,1,7
2016450062662,1,9,0,9,0,6,0,0,0,0,1,1,2,2,36,7,1984,1,5,7,1,7
2016450062662,2,3,0,14,0,8,0,0,0,0,4,1,2,1,18,4,125,1,1,4,1,4
2016450062758,1,1,0,18,0,0,0,0,0,0,1,1,6,1,32,6,-1,-1,-1,10,1,10
2016450062758,2,9,0,18,0,0,0,0,0,0,1,1,6,3,-1,-1,-1,-1,-1,-1,-1,-1
2016450063009,1,1,0,18,0,8,5,0,0,0,4,1,5,1,72,10,-1,-1,-1,8,1,8
2016450063009,2,9,0,18,0,8,0,0,0,0,3,1,6,1,68,10,1796,1,2,9,1,9
2016450063011,1,9,0,18,0,6,0,0,0,0,1,1,1,2,23,5,998,1,5,10,1,10
2016450063011,2,20,1,18,0,1,0,0,0,0,4,1,1,1,51,8,3920,2,5,6,1,6
2016450063019,1,9,0,18,0,0,0,0,0,0,1,1,5,1,20,4,-1,-1,-1,5,1,5
2016450063019,2,19,0,18,0,0,0,0,0,0,1,1,2,1,44,7,1686,2,13,6,1,6
2016450063046,1,9,0,4,0,0,0,0,0,0,1,1,6,1,18,4,1299,1,15,3,1,3
2016450063046,2,9,0,4,0,0,0,0,0,0,2,1,6,1,34,6,1560,2,6,3,1,3
2016450063062,1,9,0,10,0,1,0,0,0,0,0,1,5,2,19,4,973,1,14,4,1,4
2016450063062,2,9,0,18,0,1,0,0,0,0,4,1,6,1,-1,-1,-1,-1,-1,-1,-1,-1
2016450063069,1,9,0,17,0,4,0,10,0,0,1,1,6,1,19,4,1149,1,17,8,1,8
2016450063084,1,19,0,9,0,6,0,0,0,0,1,1,1,1,26,6,1968,2,1,5,1,5
2016450063084,2,9,0,18,0,1,0,0,0,0,4,1,6,2,68,10,-1,-1,-1,10,1,10
2016450063108,1,9,0,18,0,8,0,0,0,0,1,1,2,1,-1,-1,998,1,16,9,1,9
2016450063108,2,19,0,18,0,6,0,0,0,0,4,1,1,1,-1,-1,2998,2,-1,8,3,8
2016450063109,1,5,0,18,0,0,2,0,0,0,1,1,1,1,59,9,1300,1,3,10,1,10
2016450063109,2,9,0,18,0,0,0,0,0,0,2,1,2,1,49,8,1997,2,5,10,1,10
2016450063109,3,9,0,18,0,0,0,0,0,0,1,1,6,2,50,8,1461,2,9,8,2,8
2016450063124,1,9,0,18,0,1,0,0,0,0,1,1,6,1,23,5,2179,2,4,1,1,1
2016450063125,1,9,0,16,0,0,0,0,1,0,1,1,1,2,19,4,1198,1,7,8,3,8
2016450063132,1,1,0,18,0,0,0,0,0,0,1,1,6,1,60,9,-1,-1,-1,10,1,10
2016450063337,1,11,0,4,0,0,0,0,0,0,0,1,1,1,52,8,9000,2,10,10,2,10
2016450063345,1,19,0,18,0,8,0,0,0,0,1,1,1,1,56,9,1995,2,4,10,1,10
2016450063345,2,9,0,18,0,8,0,0,0,0,2,1,2,2,34,6,1000,1,4,10,1,10
2016450063345,3,9,0,12,0,8,0,0,0,0,0,1,6,3,-1,-1,-1,-1,-1,-1,-1,-1
2016450063359,1,19,0,4,0,0,0,0,0,0,1,1,1,1,47,8,2998,2,5,8,1,8
2016450063359,2,9,0,4,0,0,0,0,4,6,2,1,6,1,38,7,1598,1,3,10,1,10
2016450063359,3,9,0,4,0,0,0,0,0,0,2,1,4,2,20,4,998,1,7,6,1,6
2016450063359,4,19,0,4,0,0,0,0,0,0,2,1,1,1,21,5,1598,2,2,6,1,6
2016450063369,1,9,0,3,0,3,0,0,0,0,2,1,5,2,49,8,1299,1,15,9,1,9
2016450063369,2,9,0,3,0,3,0,0,0,0,1,1,2,2,25,5,1398,1,2,5,1,5
2016450063369,3,9,0,3,0,3,0,0,0,0,1,1,5,1,81,11,1796,1,10,3,1,3
2016450063369,4,9,0,5,0,3,0,0,0,0,1,1,5,1,27,6,1364,1,9,4,1,4
2016450063372,1,9,0,2,6,0,0,0,0,0,1,1,3,2,35,6,1896,2,9,9,1,9
2016450063372,2,9,0,1,6,0,0,4,0,0,2,1,6,2,24,5,1598,1,15,10,3,10
2016450063389,1,9,5,18,0,0,1,0,0,0,2,1,6,1,37,7,1896,2,14,9,1,9
2016450063389,2,9,0,18,0,0,0,0,1,0,1,1,6,1,55,8,999,1,2,10,3,10
2016450063389,3,19,5,18,0,0,1,0,0,0,2,1,6,1,-1,-1,1868,2,17,-1,-1,-1
2016450063410,1,19,0,18,0,0,0,0,0,0,0,1,1,1,31,6,-1,-1,-1,5,1,5
2016450063410,2,9,0,5,0,0,0,0,0,0,0,1,6,2,39,7,1896,2,12,10,1,10
2016450063420,1,19,0,4,0,1,0,0,0,0,1,1,2,1,48,8,1753,2,12,2,1,2
2016450063420,2,9,0,4,0,1,0,0,0,0,2,1,2,2,48,8,1968,2,-1,7,3,7
2016450063420,3,10,0,4,0,1,0,0,0,0,4,1,3,2,45,7,2298,2,5,10,1,10
2016450063452,1,9,0,18,0,0,0,0,0,0,1,1,6,1,20,4,1395,1,-1,10,1,10
2016450063452,2,19,0,18,0,0,0,0,0,0,3,1,6,2,42,7,-1,-1,-1,-1,-1,-1
2016450063455,1,19,0,17,0,0,0,0,1,2,4,1,5,1,44,7,1998,2,12,10,1,10
2016450063457,1,9,0,18,0,0,0,0,0,0,0,1,6,1,79,11,1859,1,10,7,1,7
2016450063463,1,9,0,4,0,0,1,0,0,0,1,1,5,1,24,5,-1,-1,-1,9,2,9
2016450063463,2,9,0,18,0,0,0,0,0,0,1,1,6,1,36,7,2461,2,10,-1,-1,-1
2016450063492,1,9,0,18,0,0,5,10,8,4,1,1,5,1,77,11,1497,1,11,6,3,6
2016450063493,1,9,0,18,0,1,0,0,0,0,1,1,6,1,75,10,1398,2,7,-1,-1,-1
2016450063493,2,9,0,18,0,1,0,0,0,0,1,1,6,1,18,4,1242,1,5,-1,-1,-1
2016450063502,1,9,0,2,0,0,0,0,0,0,3,1,5,2,29,6,1910,2,9,-1,-1,-1
2016450063502,2,9,0,4,0,0,0,0,0,0,1,1,5,1,49,8,-1,-1,-1,8,1,8
2016450063511,1,5,0,16,0,0,0,0,5,6,3,1,5,1,39,7,998,1,9,2,1,2
2016450063516,1,9,0,18,0,0,0,0,0,0,1,1,1,1,49,8,1368,1,1,9,1,9
2016450063516,2,1,0,18,0,0,0,0,0,0,3,1,1,1,51,8,-1,-1,-1,10,1,10
2016450063518,1,9,0,18,0,2,0,0,0,0,1,1,2,2,46,8,1798,1,9,6,1,6
2016450063551,1,9,0,16,0,1,0,0,0,0,3,1,5,1,33,6,1600,1,11,10,1,10
2016450063551,2,9,0,18,0,1,0,0,0,0,1,1,5,1,63,9,1731,1,17,8,3,8
2016450063551,3,9,0,10,0,5,0,0,0,0,0,1,5,1,17,4,1000,1,16,9,3,9
2016450063578,1,19,0,5,0,6,0,0,0,0,3,1,1,1,20,4,2287,2,1,5,1,5
2016450063578,2,9,0,17,0,1,0,0,0,0,1,1,5,1,83,11,1988,1,15,4,1,4
2016450063761,1,1,0,13,0,1,5,0,0,0,1,1,5,1,49,8,-1,-1,-1,8,1,8
2016450063761,2,9,0,9,0,6,0,0,0,0,3,1,6,1,-1,-1,1984,2,5,6,1,6
2016450063810,1,19,0,18,0,0,0,4,0,0,1,1,1,1,21,5,1753,2,13,5,1,5
2016450063810,2,9,0,2,0,0,0,4,0,0,4,1,6,2,-1,-1,1995,2,-1,8,1,8
2016450063810,3,9,0,2,0,0,1,4,0,0,1,1,6,1,-1,-1,2362,1,14,8,1,8
2016450063810,4,9,0,2,0,0,0,4,0,0,1,1,6,1,-1,-1,2993,2,5,8,1,8
2016450063823,1,9,0,16,0,1,1,0,1,0,1,1,5,1,28,6,1781,1,16,2,1,2
2016450063860,1,21,1,4,0,8,0,0,0,0,1,1,1,1,29,6,12809,2,1,6,1,6
2016450063860,2,9,0,4,0,8,0,0,0,0,2,1,5,2,69,10,1199,1,17,4,1,4
2016450063874,1,1,0,13,4,0,0,0,0,0,1,1,5,1,42,7,-1,-1,-1,8,1,8
2016450063874,2,19,0,13,0,0,0,0,0,0,2,1,6,3,-1,-1,-1,-1,-1,-1,-1,-1
2016450063890,1,9,0,3,0,0,0,0,0,0,3,1,5,1,22,5,2521,1,10,6,1,6
2016450063890,2,9,0,4,0,0,0,0,0,0,2,1,6,3,-1,-1,1598,1,12,-1,-1,-1
2016450063904,1,1,0,18,0,0,0,0,0,0,3,1,6,1,51,8,-1,-1,-1,4,1,4
2016450063904,2,20,4,13,0,0,0,0,0,0,4,1,5,3,-1,-1,-1,-1,-1,-1,-1,-1
2016450063906,1,9,0,9,0,8,0,0,7,0,3,1,5,1,48,8,998,1,7,8,3,8
2016450063906,2,9,0,18,0,1,0,0,4,0,1,1,5,1,57,9,2231,2,4,9,3,9
2016450063917,1,9,0,18,0,0,0,0,0,0,1,1,6,2,54,8,1490,1,7,10,3,10
2016450063951,1,9,0,16,0,0,0,0,0,0,1,1,2,2,38,7,1149,1,7,4,1,4
2016450063951,2,9,0,17,0,0,0,0,0,0,1,1,6,2,70,10,1587,1,10,10,1,10
2016450063975,1,9,0,18,0,0,0,0,0,0,1,1,6,1,23,5,2499,2,13,4,1,4
2016450063975,2,9,0,18,0,0,0,0,0,0,2,1,2,2,29,6,1995,2,14,5,1,5
2016450063975,3,9,0,3,0,0,0,0,0,0,2,1,1,1,31,6,1248,2,5,-1,-1,-1
2016450063977,1,9,0,18,0,0,0,0,0,0,1,1,6,2,78,11,1341,1,11,6,2,6
2016450064053,1,3,0,10,0,5,0,0,0,0,2,1,6,1,22,5,124,1,9,8,1,8
2016450064053,2,9,0,18,0,1,0,0,0,0,1,1,1,1,29,6,1956,2,5,5,1,5
2016450064157,1,9,0,2,0,0,0,0,0,0,4,1,5,2,40,7,1999,1,8,5,1,5
2016450064157,2,19,0,18,0,0,0,0,0,0,1,1,6,1,-1,-1,2143,2,6,3,1,3
2016450064185,1,9,0,18,0,0,0,0,0,0,1,1,5,2,-1,-1,1560,2,4,10,1,10
2016450064187,1,19,0,18,0,0,0,0,0,0,2,1,6,1,66,10,1560,2,4,6,1,6
2016450064187,2,1,0,18,0,0,0,0,0,0,1,1,6,1,29,6,-1,-1,-1,10,1,10
2016450064194,1,1,0,18,0,0,0,0,1,0,0,1,5,1,28,6,-1,-1,-1,10,1,10
2016450064194,2,9,0,18,0,0,0,0,0,0,0,1,6,1,38,7,3628,2,9,8,1,8
2016450064213,1,9,0,18,0,0,0,0,0,0,3,1,6,1,27,6,1968,2,4,6,1,6
2016450064213,2,9,0,18,0,0,0,0,0,0,1,1,6,2,-1,-1,1968,2,2,-1,-1,-1
2016450064234,1,19,0,4,0,0,0,0,0,0,2,1,1,1,44,7,1598,2,-1,-1,-1,-1
2016450064234,2,9,0,4,0,0,0,0,0,0,2,1,2,1,44,7,2993,2,6,9,1,9
2016450064234,3,9,0,18,0,0,0,0,0,0,1,1,2,1,49,8,1396,1,2,-1,-1,-1
2016450064234,4,19,0,18,0,0,0,0,0,0,1,1,1,1,49,8,2464,2,9,10,2,10
2016450064236,1,9,0,4,0,0,0,0,0,0,2,1,2,2,42,7,1968,2,2,9,1,9
2016450064236,2,9,0,4,0,0,0,0,0,0,1,1,2,2,20,4,1396,1,16,10,1,10
2016450064241,1,9,0,18,0,0,0,0,0,0,4,1,5,2,33,6,999,1,2,10,1,10
2016450064241,2,9,0,15,0,0,0,0,0,0,3,1,6,3,-1,-1,-1,-1,-1,-1,-1,-1
2016450064255,1,9,0,3,0,1,0,0,0,0,2,1,1,1,23,5,998,1,3,7,1,7
2016450064255,2,9,0,18,0,1,0,0,0,0,1,1,6,2,-1,-1,1197,1,4,10,1,10
2016450064260,1,9,0,5,0,0,0,0,0,0,1,1,1,2,38,7,1396,1,2,7,1,7
2016450064260,2,2,0,15,0,0,0,0,0,0,1,1,5,1,16,4,49,1,15,7,1,7
2016450064262,1,3,0,18,0,0,2,0,1,0,1,1,2,1,20,4,124,1,5,10,3,10
2016450064262,2,9,0,2,0,0,0,0,0,0,1,1,1,1,45,7,1560,2,3,-1,-1,-1
2016450064262,3,9,0,2,0,0,0,0,0,0,0,1,1,1,-1,-1,1997,2,2,8,1,8
2016450064262,4,9,0,18,0,0,0,0,0,0,0,1,1,1,45,7,1499,2,-1,8,1,8
2016450064562,1,9,0,5,0,4,0,0,0,0,4,1,2,2,50,8,1997,2,6,10,2,10
2016450064562,2,19,0,9,0,4,0,0,0,0,4,1,1,1,54,8,10518,2,8,9,1,9
2016450064562,3,9,0,5,0,4,0,0,0,0,3,1,3,2,48,8,1364,1,8,10,1,10
2016450064571,1,9,0,18,0,6,0,0,0,0,0,1,5,2,18,4,1198,1,3,10,3,10
2016450064571,2,9,0,18,0,1,0,0,0,0,4,1,2,1,51,8,1598,2,7,6,1,6
2016450064576,1,9,0,3,0,1,0,0,0,0,2,1,2,1,29,6,1199,1,13,5,1,5
2016450064576,2,9,0,18,0,1,0,0,0,0,1,1,6,1,-1,-1,1997,2,10,7,1,7
2016450064579,1,9,0,4,0,0,0,0,0,0,1,1,6,1,18,4,1868,2,15,6,3,6
2016450064579,2,9,0,3,0,0,0,0,0,0,2,1,5,2,45,7,998,1,10,7,1,7
2016450064579,3,9,0,3,0,0,0,0,0,0,2,1,5,1,45,7,1984,1,13,4,1,4
2016450064595,1,9,0,9,0,6,0,0,0,0,1,1,6,1,-1,-1,-1,-1,-1,-1,-1,-1
2016450064595,2,1,0,7,0,5,0,0,0,0,1,1,6,1,15,3,-1,-1,-1,9,3,9
2016450064599,1,21,0,4,0,0,0,0,0,0,1,1,6,3,-1,-1,-1,-1,-1,-1,-1,-1
2016450064599,2,9,0,3,0,0,0,0,0,0,2,1,5,2,25,5,1595,1,15,6,1,6
2016450064606,1,19,0,17,0,0,0,0,0,0,3,1,1,1,29,6,2402,2,13,4,1,4
2016450064606,2,9,0,16,0,0,0,0,0,0,3,1,6,1,63,9,2776,2,9,5,1,5
2016450064616,1,19,0,18,0,1,0,0,0,0,1,1,1,1,26,6,-1,-1,-1,-1,-1,-1
2016450064616,2,9,0,4,0,8,0,0,0,0,2,1,5,2,40,7,1984,1,1,10,1,10
2016450064617,1,9,0,5,0,0,0,0,0,0,1,1,5,1,19,4,1595,1,4,9,1,9
2016450064617,2,9,0,5,0,0,0,0,0,0,2,1,3,2,43,7,998,1,14,10,1,10
2016450064617,3,9,0,5,0,0,0,0,0,0,2,1,1,1,46,8,1968,2,3,4,1,4
2016450064620,1,21,1,18,0,0,1,0,0,0,1,1,1,1,51,8,-1,-1,-1,-1,-1,-1
2016450064620,2,9,0,18,0,0,5,0,1,0,2,1,5,1,59,9,998,1,2,-1,-1,-1
2016450064634,1,9,0,4,0,1,0,0,0,0,3,1,5,1,68,10,4196,1,13,9,1,9
2016450064634,2,9,0,18,0,1,0,0,0,0,4,1,5,2,59,9,2979,1,12,8,3,8
2016450064645,1,9,0,5,0,4,0,0,0,0,1,1,6,2,20,4,1587,1,9,9,1,9
2016450064645,2,1,0,5,0,4,0,0,0,0,2,1,6,1,48,8,-1,-1,-1,4,1,4
2016450064654,1,9,0,18,0,0,0,0,0,0,1,1,6,1,28,6,1398,1,2,8,1,8
2016450064661,1,9,0,18,0,0,0,0,0,0,1,1,6,2,23,5,998,1,6,10,1,10
2016450064661,2,9,0,18,0,0,0,0,0,0,2,1,6,1,33,6,1796,1,7,7,1,7
2016450064861,1,9,0,18,0,0,0,0,0,0,1,1,2,1,43,7,998,1,16,5,1,5
2016450064861,2,11,0,18,0,0,0,0,0,0,1,1,1,1,56,9,5883,2,14,5,1,5
2016450064865,1,9,0,16,0,1,0,0,0,0,1,1,5,2,22,5,1000,1,3,7,1,7
2016450064865,2,9,0,17,0,8,0,0,0,0,3,1,5,2,44,7,1984,1,7,7,1,7
2016450064868,1,9,0,4,0,1,0,0,0,0,4,1,6,2,21,5,1598,2,3,8,1,8
2016450064868,2,1,0,3,4,1,0,0,1,0,1,1,2,2,30,6,-1,-1,-1,7,1,7
2016450064888,1,9,0,17,0,0,0,0,1,0,1,1,5,1,25,5,-1,-1,-1,7,1,7
2016450064889,1,9,0,3,0,4,0,0,0,0,1,1,6,1,51,8,1596,1,5,4,1,4
2016450064889,2,9,0,3,0,4,0,0,7,0,2,1,1,2,34,6,1598,1,10,4,1,4
2016450064915,1,2,0,13,0,1,2,0,0,0,1,1,5,1,18,4,124,1,1,8,1,8
2016450064915,2,9,0,9,0,1,0,0,0,0,2,1,5,1,40,7,2143,2,3,9,1,9
2016450064923,1,9,0,5,0,4,0,0,0,0,3,1,2,2,34,6,2793,1,17,8,3,8
2016450064923,2,1,0,17,0,8,0,0,0,0,4,1,6,1,42,7,-1,-1,-1,10,1,10
2016450064924,1,3,0,9,0,8,5,0,0,0,1,1,1,1,27,6,108,1,4,-1,-1,-1
2016450064924,2,9,0,18,0,3,0,0,0,0,1,1,5,1,69,10,1595,1,1,3,1,3
2016450064930,1,21,0,12,0,0,0,0,0,0,1,1,1,1,64,9,-1,-1,-1,-1,-1,-1
2016450064930,2,9,0,18,0,0,1,0,1,0,1,1,5,2,33,6,1968,2,6,6,1,6
2016450064978,1,9,0,9,0,2,0,0,0,0,3,1,1,2,31,6,1997,2,-1,8,1,8
2016450064978,2,19,0,18,0,1,0,0,0,0,1,1,1,1,32,6,2402,2,6,9,2,9
2016450064979,1,9,0,18,0,0,0,0,1,0,1,1,6,1,38,7,1596,1,10,10,1,10
2016450064983,1,11,0,18,0,0,0,0,0,0,0,1,1,1,32,6,8268,2,10,10,1,10
2016450064990,1,9,0,18,0,1,0,0,0,0,1,1,6,2,18,4,1299,1,11,10,1,10
2016450064991,1,9,0,7,0,6,2,0,0,0,1,1,6,2,61,9,1229,1,11,4,1,4
2016450064991,2,9,0,18,0,1,0,0,0,0,3,1,6,2,49,8,1390,1,4,8,1,8
2016450064991,3,9,0,18,0,1,1,0,0,0,3,1,6,1,27,6,-1,-1,-1,9,1,9
2016450065329,1,1,0,18,4,1,5,0,0,0,1,1,1,1,53,8,-1,-1,-1,7,3,7
2016450065329,2,9,0,9,0,5,0,0,0,0,4,1,6,2,61,9,1596,1,2,5,3,5
2016450065377,1,9,0,18,0,0,0,0,0,0,1,1,6,2,30,6,1984,1,16,-1,-1,-1
2016450065377,2,9,0,3,0,0,0,0,0,0,2,1,6,3,35,6,1997,2,8,8,1,8
2016450065377,3,9,0,3,0,0,0,0,0,0,2,1,6,1,20,4,1388,1,12,8,2,8
2016450065427,1,9,0,18,0,0,1,0,0,0,1,1,6,1,78,11,1596,1,6,9,1,9
2016450065427,2,9,0,18,0,0,0,0,0,0,0,1,6,2,34,6,1896,2,19,10,1,10
2016450065427,3,8,0,18,0,0,0,0,0,0,2,1,1,1,51,8,2499,2,2,10,1,10
2016450065427,4,9,0,18,0,0,0,0,0,0,2,1,2,1,34,6,1910,2,11,-1,-1,-1
2016450065428,1,9,0,18,0,8,0,0,0,0,1,1,5,1,53,8,1796,1,12,4,1,4
2016450065428,2,9,0,9,0,5,0,0,0,0,4,1,5,1,30,6,1968,2,10,5,1,5
2016450065456,1,1,0,18,0,0,5,0,0,0,1,1,6,2,41,7,-1,-1,-1,10,1,10
2016450065456,2,9,0,13,0,0,0,0,0,0,4,1,6,1,49,8,-1,-1,-1,6,3,6
2016450065495,1,9,0,9,0,6,0,0,0,0,1,1,5,2,53,8,2199,2,5,9,1,9
2016450065495,2,1,0,18,0,1,0,0,0,0,4,1,6,2,17,4,-1,-1,-1,10,1,10
2016450065500,1,1,0,14,0,2,0,0,0,0,4,1,6,2,48,8,-1,-1,-1,10,1,10
2016450065500,2,19,0,2,0,1,0,0,0,0,3,1,1,1,41,7,2143,2,2,3,1,3
2016450065522,1,9,0,1,0,0,0,0,0,0,2,1,6,2,84,11,988,1,24,9,1,9
2016450065538,1,9,0,18,0,2,0,0,0,0,1,1,6,2,37,7,1686,2,10,10,1,10
2016450065545,1,9,0,9,0,6,0,0,0,0,1,1,2,2,59,9,1598,1,15,2,1,2
2016450065545,2,9,0,18,0,1,0,0,0,0,1,1,5,2,52,8,1598,1,7,6,1,6
2016450065604,1,9,0,18,0,1,0,0,0,0,1,1,6,1,57,9,3199,1,15,7,1,7
2016450065621,1,9,0,9,0,6,0,0,0,0,1,1,2,2,41,7,1600,1,12,10,1,10
2016450065621,2,9,0,18,0,1,0,0,0,0,3,1,6,1,39,7,1796,1,10,6,1,6
2016450065656,1,9,0,18,0,0,0,0,0,0,3,1,6,1,72,10,1968,2,8,8,1,8
2016450065656,2,21,1,18,0,0,0,0,0,0,4,1,1,1,35,6,15569,2,1,9,1,9
2016450065656,3,21,1,18,0,0,0,0,0,0,4,1,1,1,23,5,12809,2,4,-1,-1,-1
2016450065656,4,9,0,18,0,0,0,0,0,0,4,1,1,1,28,6,1598,1,2,3,1,3
2016450065656,5,20,1,18,0,0,0,0,0,0,2,1,1,1,63,9,-1,-1,-1,-1,-1,-1
2016450065750,1,9,0,1,0,0,0,0,0,0,2,1,6,2,-1,-1,1951,2,12,9,1,9
2016450065756,1,9,0,9,0,2,0,0,0,0,1,1,3,2,36,7,1598,1,8,10,1,10
2016450065756,2,9,0,17,0,2,0,0,0,0,1,1,2,2,24,5,1598,1,12,10,1,10
2016450065772,1,19,0,18,0,0,0,0,0,0,1,1,1,1,73,10,1248,2,-1,7,1,7
2016450065772,2,1,0,18,0,0,2,0,1,0,2,1,2,1,26,6,-1,-1,-1,10,1,10
2016450065774,1,9,0,5,0,6,0,0,0,0,1,1,5,2,51,8,1968,2,4,10,1,10
2016450065774,2,9,0,18,0,1,0,0,0,0,4,1,5,1,52,8,6208,1,2,10,3,10
2016450065781,1,9,0,7,0,0,1,0,0,0,4,1,5,2,43,7,599,1,14,9,1,9
2016450065781,2,21,0,18,0,0,0,0,0,0,1,1,2,1,49,8,5193,2,8,7,3,7
2016450065794,1,9,0,16,9,0,0,0,1,10,1,1,5,1,46,8,1242,1,2,7,3,7
2016450065794,2,9,0,2,9,0,0,0,0,0,0,1,6,3,-1,-1,1995,2,5,-1,-1,-1
2016450065815,1,1,0,18,9,0,0,0,0,0,1,1,6,1,-1,-1,-1,-1,-1,4,1,4
2016450065819,1,9,0,17,0,1,0,0,7,11,1,1,5,1,29,6,1870,2,14,8,1,8
2016450065819,2,9,0,9,0,6,0,0,0,0,1,1,5,1,29,6,2143,2,5,9,1,9
2016450065819,3,9,0,2,0,2,0,0,0,0,1,1,6,1,-1,-1,1598,1,8,9,1,9
2016450065828,1,9,0,18,0,0,0,0,0,0,1,1,2,2,26,6,2148,2,13,7,1,7
2016450065834,1,5,0,4,0,4,0,0,0,0,1,1,5,1,69,10,1137,1,12,7,1,7
2016450065834,2,9,0,5,0,4,0,0,0,0,2,1,1,2,32,6,1349,1,7,-1,-1,-1
2016450065845,1,9,0,18,0,1,0,0,0,0,1,1,6,1,80,11,1598,1,15,7,1,7
2016450065845,2,9,0,18,0,6,0,0,0,0,1,1,1,1,55,8,1598,2,5,-1,-1,-1
2016450065867,1,9,0,18,0,8,0,0,0,0,1,1,5,2,60,9,1798,1,11,5,1,5
2016450065899,1,1,0,18,0,0,1,0,0,0,1,1,6,1,20,4,-1,-1,-1,8,3,8
2016450065912,1,9,0,9,0,1,0,0,0,0,1,1,6,1,76,11,1998,1,9,5,1,5
2016450066085,1,1,0,18,0,0,0,0,0,0,0,1,6,1,54,8,-1,-1,-1,10,1,10
2016450066124,1,9,0,18,0,1,0,0,0,0,4,1,6,1,30,6,1590,1,13,5,1,5
2016450066124,2,9,0,18,0,1,0,0,0,0,1,1,6,2,49,8,2393,1,14,9,3,9
2016450066146,1,9,0,18,0,1,0,0,0,0,1,1,6,3,-1,-1,-1,-1,-1,-1,-1,-1
2016450066161,1,19,0,18,0,1,0,0,0,0,1,1,1,2,28,6,1248,2,9,8,1,8
2016450066161,2,19,0,3,0,1,0,0,0,0,1,1,1,1,50,8,2143,2,1,4,1,4
2016450066162,1,21,1,4,0,0,0,0,0,0,2,1,1,1,38,7,-1,-1,-1,-1,-1,-1