Accident_Index,Vehicle_Reference,Vehicle_Type,Towing_and_Articulation,Vehicle_Manoeuvre,Vehicle_Location-Restricted_Lane,Junction_Location,Skidding_and_Overturning,Hit_Object_in_Carriageway,Vehicle_Leaving_Carriageway,Hit_Object_off_Carriageway,1st_Point_of_Impact,Was_Vehicle_Left_Hand_Drive?,Journey_Purpose_of_Driver,Sex_of_Driver,Age_of_Driver,Age_Band_of_Driver,Engine_Capacity_(CC),Propulsion_Code,Age_of_Vehicle,Driver_IMD_Decile,Driver_Home_Area_Type,Vehicle_IMD_Decile
2016450070438,2,9,0,4,0,0,0,0,0,0,2,1,5,1,59,9,1598,1,6,7,1,7
2016450070438,3,9,0,4,0,0,0,0,0,0,2,1,5,1,19,4,698,1,11,5,1,5
2016450070438,4,9,0,4,0,0,0,0,0,0,2,1,2,3,34,6,2199,2,4,3,1,3
2016450070442,1,9,0,18,0,0,0,0,0,0,1,1,6,2,36,7,1242,1,3,10,1,10
2016450070442,2,9,0,18,0,0,0,0,0,0,2,1,2,1,44,7,1796,1,10,9,1,9
2016450070463,1,9,0,18,0,0,0,0,4,0,3,1,2,2,22,5,1388,1,13,-1,-1,-1
2016450070464,1,5,0,9,0,6,0,0,0,0,1,1,6,1,43,7,745,1,1,3,1,3
2016450070464,2,19,0,18,0,1,0,0,0,0,1,1,1,1,45,7,1995,2,4,7,1,7
2016450070475,1,9,0,1,9,0,0,0,1,11,1,1,5,1,79,11,1596,1,3,9,1,9
2016450070483,1,9,0,18,0,0,0,0,0,0,2,1,6,2,40,7,1197,1,3,10,1,10
2016450070483,2,1,0,18,0,0,0,0,0,0,1,1,6,1,17,4,-1,-1,-1,10,1,10
2016450070713,1,3,0,13,0,1,5,0,0,0,1,1,2,1,20,4,124,1,4,2,1,2
2016450070713,2,19,0,9,0,1,0,0,0,0,3,1,1,1,58,9,2143,2,4,10,1,10
2016450070717,1,9,0,18,0,1,0,0,0,0,1,1,6,1,51,8,998,1,1,8,1,8
2016450070721,1,9,0,4,0,0,0,0,0,0,1,1,5,1,69,10,1598,1,6,9,3,9
2016450070721,2,9,0,4,0,0,0,0,0,0,2,1,5,2,27,6,1198,1,9,5,1,5
2016450070721,3,9,0,4,0,0,0,0,0,0,2,1,6,1,61,9,1997,2,3,9,1,9
2016450070753,1,19,0,18,0,0,0,0,0,0,1,1,1,1,32,6,1968,2,1,2,1,2
2016450070753,2,9,0,18,0,0,0,0,0,0,2,1,2,2,58,9,1108,1,6,-1,-1,-1
2016450070756,1,9,0,18,0,0,0,0,0,0,1,1,3,1,44,7,1995,2,4,10,1,10
2016450070756,2,5,0,13,0,0,0,0,0,0,4,1,2,1,41,7,600,1,16,9,1,9
2016450070762,1,9,0,18,0,1,0,0,0,0,2,1,6,1,25,5,998,1,10,2,1,2
2016450070762,2,9,0,15,0,1,0,0,0,0,1,1,6,1,21,5,999,1,-1,7,1,7
2016450070768,1,9,0,18,0,0,5,0,0,0,1,1,6,2,18,4,1149,1,13,-1,-1,-1
2016450070771,1,20,0,12,0,0,0,0,0,0,1,1,1,1,58,9,10837,2,4,9,1,9
2016450070771,2,9,0,18,0,0,0,0,0,0,2,1,6,2,35,6,898,1,2,-1,-1,-1
2016450070771,3,9,0,4,0,0,0,0,0,0,2,1,6,2,58,9,1995,1,8,8,1,8
2016450070771,4,19,0,18,0,0,0,0,0,0,2,1,1,1,49,8,1896,2,11,6,1,6
2016450070771,5,9,0,3,0,0,0,0,0,0,2,1,2,2,40,7,1597,1,6,10,1,10
2016450070791,1,3,0,18,0,1,0,0,0,0,1,1,2,1,39,7,125,1,3,9,1,9
2016450070791,2,19,0,7,0,5,0,0,0,0,2,1,1,1,43,7,1598,2,1,9,1,9
2016450070799,1,1,0,18,0,8,0,0,0,0,1,1,2,1,20,4,-1,-1,-1,-1,-1,-1
2016450070799,2,9,0,5,0,1,0,0,0,0,3,1,6,2,-1,-1,-1,-1,-1,-1,-1,-1
2016450070825,1,9,0,3,0,4,0,0,0,0,2,1,5,1,29,6,1229,1,9,-1,-1,-1
2016450070825,2,20,0,5,0,1,0,0,0,0,1,1,1,1,66,10,4250,2,4,-1,-1,-1
2016450070829,1,9,0,4,0,5,0,0,0,0,2,1,6,2,35,6,1995,2,1,9,2,9
2016450070829,2,9,0,4,0,1,0,0,0,0,1,1,6,1,18,4,1198,1,12,8,2,8
2016450070829,3,9,0,4,0,1,0,0,0,0,1,1,6,1,28,6,1275,1,18,4,1,4
2016450070888,1,9,0,18,0,0,1,0,0,0,1,1,6,1,23,5,1389,1,13,4,1,4
2016450070975,1,9,0,18,0,0,0,0,0,0,2,1,1,2,37,7,1587,1,15,7,1,7
2016450070975,2,9,0,18,0,0,0,0,0,0,1,1,6,1,-1,-1,-1,-1,-1,8,3,8
2016450071054,1,9,0,9,0,6,0,0,0,0,1,1,1,1,44,7,1984,1,5,9,1,9
2016450071054,2,5,0,14,0,1,2,0,0,0,1,1,6,1,62,9,649,1,6,5,1,5
2016450071060,1,19,0,9,0,2,0,0,0,0,1,1,1,1,33,6,2148,2,8,6,1,6
2016450071060,2,9,0,18,0,1,0,0,1,9,4,1,6,2,77,11,1242,1,4,6,3,6
2016450071064,1,9,0,11,0,1,1,0,0,0,2,1,5,2,43,7,1995,2,5,2,1,2
2016450071064,2,9,0,18,0,8,0,0,0,0,4,1,5,1,53,8,1984,1,9,-1,-1,-1
2016450071064,3,21,1,18,0,1,0,0,0,0,1,1,1,1,41,7,-1,-1,-1,-1,-1,-1
2016450071069,1,9,0,18,0,4,0,0,0,0,2,1,1,2,45,7,1598,1,4,8,3,8
2016450071069,2,1,0,4,0,1,0,0,0,0,1,1,5,2,52,8,-1,-1,-1,9,3,9
2016450071084,1,9,0,5,0,6,0,0,0,0,3,1,1,1,39,7,1598,2,4,6,1,6
2016450071084,2,1,0,18,0,1,5,0,0,0,4,1,5,1,64,9,-1,-1,-1,6,1,6
2016450071097,1,9,0,1,4,1,0,0,0,0,2,1,6,1,58,9,1997,1,1,9,1,9
2016450071097,2,1,0,18,4,1,2,0,0,0,1,1,6,1,16,4,-1,-1,-1,10,1,10
2016450071102,1,9,0,18,0,1,0,0,1,0,1,1,5,2,42,7,1360,1,7,8,1,8
2016450071102,2,9,0,9,0,5,0,0,0,0,4,1,6,1,68,10,1995,2,5,8,1,8
2016450071104,1,3,0,4,0,0,0,0,0,0,2,1,5,1,29,6,1137,1,17,5,1,5
2016450071104,2,1,0,18,0,0,0,0,0,0,1,1,5,1,54,8,-1,-1,-1,10,1,10
2016450071126,1,9,0,7,0,1,0,0,0,0,1,1,6,1,63,9,2663,2,18,6,1,6
2016450071128,1,9,0,18,0,1,0,0,0,0,4,1,5,1,50,8,998,1,5,4,1,4
2016450071128,2,9,0,7,0,6,0,0,0,0,1,1,5,2,48,8,2979,1,13,-1,-1,-1
2016450071132,1,1,0,18,0,0,0,0,0,0,3,1,6,1,31,6,-1,-1,-1,-1,-1,-1
2016450071132,2,9,0,18,0,0,0,0,0,0,4,1,2,1,65,9,1796,1,8,10,1,10
2016450071147,1,9,0,18,0,0,1,0,6,0,1,1,6,2,41,7,1229,1,9,5,1,5
2016450071150,1,21,0,11,0,0,0,0,0,0,4,1,1,1,24,5,10837,2,4,5,1,5
2016450071150,2,9,0,18,0,0,0,0,0,0,1,1,6,2,73,10,1229,1,6,9,1,9
2016450071168,1,19,0,18,0,0,0,0,0,0,3,1,1,1,54,8,2402,2,10,10,3,10
2016450071168,2,5,0,18,0,0,0,0,0,0,4,1,2,1,43,7,675,1,4,10,3,10
2016450071173,1,9,0,18,0,0,0,0,0,0,3,1,5,1,60,9,1197,1,1,2,1,2
2016450071173,2,9,0,4,6,0,0,0,0,0,4,1,1,1,28,6,-1,-1,-1,5,1,5
2016450071174,1,9,0,4,0,0,0,0,0,0,1,1,5,1,53,8,1995,2,13,3,1,3
2016450071174,2,9,0,4,0,0,0,0,0,0,2,1,5,2,20,4,2191,2,3,8,1,8
2016450071176,1,9,0,7,9,0,0,10,0,0,1,1,6,1,63,9,1560,2,2,8,3,8
2016450071196,1,9,0,1,0,0,0,0,0,0,2,1,6,2,43,7,1995,2,4,10,1,10
2016450071205,1,9,0,18,0,4,0,0,0,0,1,1,6,1,66,10,1200,1,3,5,1,5
2016450071205,2,1,0,9,0,4,5,0,0,0,3,1,2,1,39,7,-1,-1,-1,5,1,5
2016450071209,1,9,0,18,0,1,0,0,0,0,1,1,6,1,87,11,1149,1,8,6,1,6
2016450071209,2,9,0,18,0,1,0,0,0,0,1,1,6,2,56,9,1339,1,10,10,1,10
2016450071231,1,1,0,18,0,0,0,0,0,0,1,1,2,1,40,7,-1,-1,-1,7,1,7
2016450071231,2,9,0,4,0,0,0,0,0,0,4,1,6,2,-1,-1,1598,1,9,9,3,9
2016450071233,1,9,0,18,0,0,0,0,0,0,4,1,2,1,49,8,2496,2,15,10,1,10
2016450071233,2,1,0,18,0,0,0,0,0,0,2,1,5,1,55,8,-1,-1,-1,8,2,8
2016450071251,1,9,0,9,0,5,0,0,0,0,3,1,5,1,93,11,1497,1,14,7,1,7
2016450071270,1,9,0,3,0,0,0,0,0,0,1,1,6,1,44,7,1597,2,2,8,1,8
2016450071280,1,90,0,2,0,0,0,0,0,0,2,1,1,1,56,9,4250,2,7,9,1,9
2016450071280,2,19,0,18,0,0,0,0,0,0,1,1,1,1,35,6,-1,-1,-1,2,2,2
2016450071295,1,9,0,18,0,4,0,0,0,0,1,1,5,2,30,6,1781,1,16,4,3,4
2016450071295,2,9,0,5,0,3,0,0,0,0,4,1,2,2,43,7,1299,1,16,8,1,8
2016450071320,1,9,0,5,0,6,0,0,0,0,1,1,5,1,17,4,1598,1,13,6,3,6
2016450071320,2,9,0,18,0,8,2,0,1,0,3,1,5,2,21,5,1149,1,14,10,2,10
2016450071333,1,1,0,18,0,0,5,10,1,0,1,1,2,1,44,7,-1,-1,-1,6,1,6
2016450071343,1,9,0,5,0,0,0,0,0,0,1,1,2,1,27,6,1390,1,14,4,1,4
2016450071343,2,9,0,3,0,0,0,0,0,0,2,1,2,2,29,6,1329,1,7,10,1,10
2016450071413,1,9,0,5,0,0,0,0,0,0,1,1,6,2,32,6,1397,1,8,4,1,4
2016450071413,2,5,0,18,0,0,0,0,0,0,1,1,6,1,46,8,998,1,9,9,1,9
2016450071426,1,9,0,16,0,0,1,0,7,4,1,1,2,1,31,6,1796,1,13,5,1,5
2016450071524,1,9,0,18,0,0,0,0,0,0,2,1,2,1,46,8,1497,8,9,6,1,6
2016450071524,2,9,0,18,0,0,0,0,0,0,1,1,1,1,31,6,1560,2,5,4,1,4
2016450071529,1,20,1,12,0,7,0,0,0,0,1,1,1,1,44,7,-1,-1,-1,6,2,6
2016450071550,1,5,0,14,0,0,2,0,7,11,1,1,5,1,49,8,998,1,-1,4,1,4
2016450071551,1,9,0,18,0,6,0,0,0,0,1,1,5,1,33,6,1598,1,10,-1,-1,-1
2016450071551,2,3,0,18,0,1,0,0,0,0,1,1,5,1,50,8,-1,-1,-1,8,1,8
2016450071551,3,9,0,3,0,1,0,0,0,0,0,1,5,2,25,5,1328,1,10,-1,-1,-1
2016450071562,1,9,0,18,0,8,0,0,0,0,1,1,1,1,60,9,2183,2,6,7,1,7
2016450071562,2,9,0,18,0,8,1,0,7,0,4,1,6,2,51,8,1995,2,-1,10,3,10
2016450071571,1,9,0,18,0,0,0,0,0,0,4,1,5,2,21,5,1299,1,16,5,3,5
2016450071571,2,1,0,18,0,0,0,0,0,0,3,1,2,2,58,9,-1,-1,-1,8,1,8
2016450071583,1,9,0,16,0,0,0,0,0,0,1,1,5,1,20,4,998,1,3,9,1,9
2016450071583,2,9,0,18,0,0,0,0,0,0,1,1,5,1,59,9,1995,2,12,3,1,3
2016450071586,1,1,0,16,0,0,0,0,7,0,1,1,2,1,27,6,-1,-1,-1,8,1,8
2016450071594,1,9,0,18,0,0,0,4,0,0,3,1,1,3,-1,-1,-1,-1,-1,-1,-1,-1
2016450071594,2,9,0,2,0,0,0,0,0,0,4,1,6,2,55,8,1968,2,3,7,1,7
2016450071601,1,9,0,18,0,1,0,0,0,0,1,1,6,1,29,6,5461,1,-1,10,1,10
2016450071601,2,5,0,18,0,1,0,0,1,0,2,1,6,1,46,8,649,1,14,4,1,4
2016450071640,1,1,0,4,0,0,0,0,0,0,1,1,5,1,71,10,-1,-1,-1,8,2,8
2016450071640,2,9,0,18,0,0,0,0,0,0,3,1,6,2,-1,-1,1598,1,4,3,1,3
2016450071643,1,9,0,18,0,0,0,0,0,0,1,1,5,1,21,5,1149,1,6,9,1,9
2016450071643,2,9,0,3,0,0,0,0,0,0,2,1,5,2,54,8,1689,2,17,8,1,8
2016450071661,1,5,0,18,0,0,2,12,0,0,1,1,1,1,54,8,650,1,11,5,2,5
2016450071680,1,9,0,5,0,6,0,0,0,0,3,1,2,2,41,7,1685,2,4,10,1,10
2016450071680,2,4,0,18,0,1,5,0,0,0,3,1,2,1,47,8,998,1,10,5,1,5
2016450071691,1,1,0,18,0,5,5,0,0,0,0,1,6,1,47,8,-1,-1,-1,10,1,10
2016450071709,1,1,0,4,0,0,1,0,0,0,3,1,6,1,51,8,-1,-1,-1,9,3,9
2016450071727,1,9,0,18,0,0,0,0,2,0,1,1,6,1,40,7,1986,2,11,6,1,6
2016450071758,1,9,0,9,0,1,0,0,0,0,1,1,6,1,88,11,1997,1,19,-1,-1,-1
2016450071758,2,1,0,18,0,1,0,0,0,0,1,1,6,1,35,6,-1,-1,-1,9,1,9
2016450071787,1,9,0,7,0,5,0,0,0,0,4,1,6,1,54,8,1969,2,-1,8,3,8
2016450071787,2,5,0,14,0,1,1,0,0,0,4,1,6,1,51,8,1202,1,4,10,2,10
2016450071814,1,9,0,4,0,0,0,0,0,0,2,1,1,1,47,8,1995,2,4,1,1,1
2016450071814,2,9,0,4,0,0,0,0,0,0,2,1,6,1,29,6,1498,1,1,10,1,10
2016450071814,3,8,0,18,0,0,0,0,0,0,1,1,1,1,68,10,2499,2,9,4,1,4
2016450071980,1,9,0,18,0,0,0,4,0,0,1,1,5,2,73,10,1240,1,7,8,1,8
2016450071980,2,9,0,2,0,0,0,0,0,0,1,1,6,2,33,6,4197,1,9,10,1,10
2016450071980,3,9,0,2,0,0,0,0,0,0,2,1,6,2,44,7,2143,2,3,10,1,10
2016450071985,1,9,0,4,0,0,0,0,0,0,1,1,6,1,67,10,1896,2,14,-1,3,-1
2016450071985,2,9,0,18,0,0,0,0,0,0,2,1,2,1,56,9,1598,2,4,5,3,5
2016450071988,1,9,0,9,0,5,0,0,0,0,4,1,5,1,62,9,1951,2,10,8,1,8
2016450071988,2,1,0,18,0,1,0,0,0,0,1,1,5,1,52,8,-1,-1,-1,-1,2,-1
2016450072008,1,9,0,9,0,0,0,0,0,0,1,1,2,1,40,7,999,1,-1,-1,-1,-1
2016450072008,2,9,0,18,0,0,1,0,1,10,4,1,5,2,36,7,1753,2,7,5,2,5
2016450072030,1,9,0,9,0,1,0,0,0,0,1,1,2,1,28,6,1596,1,11,10,1,10
2016450072030,2,9,0,17,0,1,0,0,0,0,1,1,2,1,26,6,1796,1,9,9,1,9
2016450072045,1,9,0,18,0,4,0,0,0,0,3,1,2,2,58,9,1799,1,6,5,1,5
2016450072045,2,1,0,18,0,8,0,0,0,0,4,1,5,1,50,8,-1,-1,-1,-1,-1,-1
2016450072052,1,9,0,18,0,0,0,0,0,0,1,1,5,1,27,6,1595,1,11,9,2,9
2016450072052,2,9,0,4,0,0,0,0,0,0,2,1,5,2,38,7,2720,2,10,10,1,10
2016450072080,1,9,0,17,0,0,1,0,1,4,1,1,5,1,21,5,1896,2,7,-1,-1,-1
2016450072091,1,9,0,17,0,0,2,0,1,9,1,1,1,2,32,6,1997,2,11,4,1,4
2016450072102,1,9,0,4,0,0,0,0,0,0,0,1,2,1,61,9,1390,1,12,7,3,7
2016450072102,2,9,0,4,0,0,0,0,0,0,0,1,6,1,-1,-1,1499,1,2,8,1,8
2016450072102,3,9,0,4,0,0,0,0,0,0,0,1,6,1,56,9,-1,-1,-1,8,1,8
2016450072102,4,5,0,4,0,0,0,0,0,0,1,1,6,1,69,10,1000,1,1,8,1,8
2016450072112,1,9,0,18,0,0,0,0,0,0,3,1,6,3,35,6,-1,-1,-1,-1,-1,-1
2016450072222,1,9,0,17,0,0,5,0,0,0,4,1,2,1,45,7,2979,1,14,9,1,9
2016450072249,1,19,0,1,0,0,0,0,0,0,2,1,1,1,22,5,2287,2,1,5,1,5
2016450072249,2,9,0,2,0,0,0,0,0,0,1,1,5,1,67,10,1497,8,3,7,3,7
2016450072254,1,9,0,18,0,0,0,0,0,0,3,1,6,2,36,7,2143,2,6,8,1,8
2016450072254,2,9,0,18,0,0,0,0,0,0,4,1,6,3,45,7,-1,-1,-1,-1,-1,-1
2016450072263,1,9,0,18,0,0,0,0,7,0,0,1,6,1,60,9,1590,1,16,9,1,9
2016450072264,1,19,0,9,0,2,0,0,0,0,0,1,1,1,51,8,1560,2,1,7,1,7
2016450072368,1,1,0,18,0,8,0,0,0,0,2,1,6,1,41,7,-1,-1,-1,4,1,4
2016450072368,2,9,0,18,0,4,0,0,0,0,1,1,6,1,20,4,1499,2,-1,10,1,10
2016450072389,1,9,0,15,0,0,0,0,0,0,4,1,6,2,52,8,2996,2,18,10,1,10
2016450072397,1,9,0,18,0,0,0,0,0,0,1,1,6,1,86,11,1795,1,11,9,1,9
2016450072397,2,20,0,4,0,0,0,0,0,0,2,1,6,1,26,6,-1,-1,-1,7,1,7
2016450072397,3,9,0,4,0,0,0,0,0,0,2,1,6,1,65,9,2179,2,4,7,1,7
2016450072405,1,9,0,16,0,0,0,10,7,1,4,1,6,1,28,6,1595,1,13,10,1,10
2016450072416,1,90,0,18,0,6,0,0,0,0,1,1,6,1,18,4,-1,-1,-1,8,1,8
2016450072416,2,9,0,18,0,1,0,0,0,0,1,1,6,2,22,5,899,1,3,7,1,7
2016450072416,3,9,0,18,0,1,0,0,0,0,3,1,6,1,67,10,1248,2,5,8,3,8
2016450072425,1,1,0,18,0,1,0,0,0,0,1,1,2,2,56,9,-1,-1,-1,7,3,7
2016450072425,2,5,0,18,0,1,0,0,0,0,1,1,6,1,-1,-1,652,1,9,10,3,10
2016450072431,1,3,0,18,0,0,1,0,0,0,1,1,6,1,20,4,124,1,5,10,1,10
2016450072431,2,9,0,18,0,0,0,0,0,0,3,1,6,2,65,9,899,1,3,-1,-1,-1
2016450072439,1,9,0,16,0,0,1,0,7,4,1,1,2,1,26,6,1596,1,11,8,3,8
2016450072442,1,9,0,9,0,4,0,0,0,0,1,1,3,2,43,7,2400,2,3,10,1,10
2016450072442,2,5,0,14,0,8,0,0,0,0,1,1,2,1,22,5,645,1,-1,8,3,8
2016450072455,1,9,0,18,0,1,0,0,0,0,2,1,6,2,24,5,1368,1,2,10,2,10
2016450072455,2,9,0,4,0,1,0,0,0,0,1,1,5,2,84,11,998,1,10,10,1,10
2016450072490,1,9,0,18,0,0,5,4,0,0,1,1,6,2,36,7,1560,2,11,5,1,5
2016450072490,2,9,0,2,0,0,0,0,0,0,4,1,6,1,-1,-1,1339,1,14,5,1,5
2016450072491,1,9,0,18,0,0,1,0,4,0,1,1,2,1,29,6,1753,2,13,7,3,7
2016450072493,1,9,0,17,0,8,0,0,0,0,3,1,5,1,33,6,998,1,13,-1,-1,-1
2016450072493,2,9,0,5,0,4,0,0,0,0,1,1,5,1,45,7,1997,2,11,10,1,10
2016450072513,1,9,0,11,0,0,0,0,0,0,1,1,2,1,46,8,1995,2,11,10,1,10
2016450072513,2,9,0,18,0,0,0,0,0,0,2,1,1,1,39,7,3200,2,3,2,1,2
2016450072514,1,9,0,18,0,0,1,0,2,0,4,1,6,1,25,5,1995,2,1,2,1,2
2016450072520,1,9,0,18,0,1,0,0,0,0,1,1,2,2,18,4,1242,1,13,5,1,5
2016450072520,2,9,0,10,0,5,0,0,0,0,2,1,3,2,54,8,1395,1,2,10,1,10
2016450072521,1,9,0,18,0,0,0,0,0,0,1,1,5,1,19,4,998,1,4,10,1,10
2016450072521,2,20,1,3,0,0,0,0,0,0,2,1,1,1,52,8,12740,2,2,4,3,4
2016450072534,1,9,0,16,0,0,1,0,7,0,1,1,6,1,52,8,1995,2,1,10,1,10
2016450072554,1,1,0,16,0,0,0,0,0,0,0,1,5,1,32,6,-1,-1,-1,8,1,8
2016450072554,2,9,0,18,0,0,0,0,0,0,0,1,5,2,36,7,1499,1,1,10,1,10
2016450072554,3,9,0,2,6,0,0,0,0,0,0,1,5,3,-1,-1,-1,-1,-1,-1,-1,-1
2016450072555,1,9,0,18,0,0,0,0,1,0,4,1,2,2,48,8,1986,2,9,2,1,2
2016450072555,2,9,0,18,0,0,0,0,1,0,1,1,1,2,41,7,1242,1,7,-1,-1,-1
2016450072655,1,9,0,17,0,0,1,0,1,0,1,1,1,2,22,5,1598,1,14,6,3,6
2016450072757,1,9,0,4,0,0,0,0,0,0,1,1,5,1,37,7,1950,2,-1,10,2,10
2016450072757,2,9,0,4,0,0,0,0,0,0,1,1,5,1,77,11,1985,1,19,7,3,7
2016450072800,1,9,0,4,0,0,0,11,0,0,1,1,1,1,46,8,1896,2,13,5,1,5
2016450072800,2,9,0,14,0,0,0,11,0,0,1,1,6,1,20,4,1595,1,2,9,1,9
2016450072812,1,9,0,18,0,3,1,0,0,0,4,1,2,2,22,5,1299,1,11,6,1,6
2016450072817,1,9,0,18,0,5,0,0,0,0,2,1,1,1,37,7,999,1,1,-1,-1,-1
2016450072817,2,9,0,3,0,5,0,0,0,0,2,1,1,2,19,4,1598,1,4,-1,-1,-1
2016450072817,3,9,0,4,0,5,0,0,0,0,2,1,2,2,53,8,1896,2,11,10,1,10
2016450072817,4,9,0,18,0,5,0,0,0,0,1,1,2,2,23,5,1242,1,1,-1,-1,-1
2016450072817,5,19,0,12,0,5,0,0,0,0,1,1,1,1,27,6,2287,2,2,9,1,9
2016450072836,1,9,0,18,0,4,0,0,0,0,1,1,5,2,40,7,1796,1,12,5,1,5
2016450072836,2,5,0,9,0,8,0,0,0,0,0,1,5,1,43,7,806,1,1,9,1,9
2016450072850,1,9,0,17,0,0,0,0,1,4,1,1,6,2,29,6,1596,1,12,7,3,7
2016450072855,1,9,0,9,0,6,0,0,0,0,1,1,5,1,83,11,1598,1,9,10,1,10
2016450072855,2,9,0,18,0,1,0,0,0,0,1,1,5,2,65,9,1753,2,9,9,1,9
2016450072858,1,9,0,18,0,0,0,0,0,0,1,1,2,2,30,6,2204,2,8,7,2,7
2016450072858,2,9,0,18,0,0,0,0,0,0,2,1,2,2,20,4,1968,2,-1,1,1,1
2016450072880,1,19,0,18,0,1,0,0,0,0,1,1,1,1,37,7,1753,2,12,9,1,9
2016450072880,2,9,0,9,0,6,0,0,0,0,1,1,6,1,67,10,2148,2,10,10,1,10
2016450072882,1,19,0,5,0,6,0,0,0,0,1,1,6,1,25,5,1998,2,13,8,1,8
2016450072882,2,1,0,18,0,1,0,0,0,0,1,1,6,1,38,7,-1,-1,-1,10,1,10
2016450072884,1,9,0,16,0,0,0,0,0,0,1,1,1,2,47,8,1598,1,10,5,1,5
2016450072884,2,19,0,17,0,0,0,0,0,0,1,1,2,2,61,9,1499,2,1,8,1,8
2016450072896,1,3,0,18,0,0,0,10,0,0,3,1,2,2,16,4,125,1,-1,10,1,10
2016450072932,1,9,0,4,0,0,1,0,0,0,1,1,1,1,38,7,1910,2,8,-1,-1,-1
2016450072932,2,9,0,3,0,0,1,0,5,0,2,1,5,1,49,8,998,1,20,8,3,8
2016450072932,3,9,0,4,0,0,0,0,0,0,2,1,1,1,34,6,-1,-1,-1,-1,-1,-1
2016450072932,4,19,0,3,0,0,1,0,0,0,2,1,1,1,41,7,-1,-1,-1,-1,-1,-1
2016450072951,1,9,0,9,0,5,0,0,0,0,1,1,1,2,22,5,998,1,6,10,2,10
2016450072951,2,9,0,17,0,1,0,0,0,0,1,1,1,1,54,8,2487,2,16,3,1,3
2016450072971,1,9,0,18,0,1,0,0,0,0,1,1,6,2,30,6,1910,2,12,5,1,5
2016450072989,1,19,0,18,0,0,0,0,0,0,1,1,1,1,-1,-1,1870,2,11,-1,-1,-1
2016450072989,2,19,0,3,0,0,0,0,0,0,2,1,1,2,38,7,1560,2,9,9,1,9
2016450072994,1,1,0,18,0,1,1,0,0,0,0,1,6,1,35,6,-1,-1,-1,4,1,4
2016450072994,2,9,0,9,0,6,0,0,0,0,0,1,6,3,35,6,-1,-1,-1,-1,-1,-1
2016450073030,1,9,0,4,0,0,0,0,0,0,2,1,6,2,22,5,1242,1,3,3,1,3
2016450073030,2,9,0,4,0,0,0,0,0,0,1,1,2,2,39,7,1796,1,10,10,1,10
2016450073057,1,3,0,4,0,0,1,0,0,0,4,1,2,1,30,6,125,1,1,5,1,5
2016450073084,1,9,0,18,0,0,1,0,5,0,1,1,6,2,37,7,1398,2,12,7,3,7
2016450073128,1,9,0,17,0,0,1,0,2,0,1,1,6,2,19,4,1240,1,11,4,1,4
2016450073190,1,9,0,3,0,3,0,0,0,0,1,1,6,2,54,8,1584,1,12,8,1,8
2016450073190,2,9,0,3,0,3,0,0,0,0,2,1,6,1,-1,-1,1242,1,16,4,1,4
2016450073190,3,9,0,3,0,3,0,0,0,0,4,1,6,3,-1,-1,-1,-1,-1,-1,-1,-1
2016450073318,1,9,0,18,0,0,0,0,0,0,3,1,6,1,21,5,1598,1,2,2,1,2
2016450073318,2,9,0,18,0,0,0,0,0,0,4,1,1,1,-1,-1,2499,2,15,10,3,10
2016450073343,1,9,0,18,0,0,0,0,0,0,1,1,5,1,35,6,2826,2,18,8,1,8
2016450073343,2,9,0,18,0,0,1,0,1,0,2,1,5,1,34,6,1984,1,9,4,1,4
2016450073343,3,9,0,2,5,0,0,0,0,0,3,1,6,1,-1,-1,1796,1,15,8,3,8
2016450073358,1,9,0,16,0,3,0,0,0,0,1,1,5,1,19,4,1596,1,10,-1,-1,-1
2016450073358,2,9,0,18,0,8,0,0,0,0,1,1,5,1,28,6,1995,2,5,-1,-1,-1
2016450073376,1,19,0,18,0,0,1,0,0,0,1,1,1,1,60,9,2143,2,4,7,1,7
2016450073376,2,9,0,3,0,0,0,0,0,0,2,1,5,2,44,7,1796,1,10,5,1,5
2016450073376,3,9,0,4,0,0,0,0,0,0,2,1,5,1,48,8,1248,2,8,5,1,5
2016450073376,4,9,0,3,0,0,0,0,0,0,2,1,5,2,32,6,2143,2,3,4,1,4
2016450073387,1,9,0,17,0,1,0,0,0,0,1,1,6,2,47,8,2494,1,12,6,3,6
2016450073387,2,9,0,5,0,6,0,0,0,0,1,1,6,2,36,7,2979,1,7,10,1,10
2016450073391,1,9,0,9,0,5,0,0,0,0,3,1,3,2,39,7,1986,2,8,7,1,7
2016450073391,2,2,0,13,0,1,0,0,0,0,4,1,4,1,17,4,49,1,4,6,1,6
2016450073392,1,9,0,14,0,0,0,0,0,0,1,1,1,1,41,7,1910,2,5,6,1,6
2016450073392,2,9,0,16,0,0,0,0,0,0,1,1,6,1,23,5,1242,1,14,5,1,5
2016450073395,1,3,0,18,0,1,0,0,0,0,1,1,2,1,46,8,125,1,10,9,1,9
2016450073395,2,9,0,18,0,1,0,0,0,0,4,1,1,1,48,8,1461,2,5,4,1,4
2016450073416,1,9,0,4,0,1,1,0,0,0,1,1,6,1,19,4,1149,1,18,8,1,8