Accident_Index,Vehicle_Reference,Vehicle_Type,Towing_and_Articulation,Vehicle_Manoeuvre,Vehicle_Location-Restricted_Lane,Junction_Location,Skidding_and_Overturning,Hit_Object_in_Carriageway,Vehicle_Leaving_Carriageway,Hit_Object_off_Carriageway,1st_Point_of_Impact,Was_Vehicle_Left_Hand_Drive?,Journey_Purpose_of_Driver,Sex_of_Driver,Age_of_Driver,Age_Band_of_Driver,Engine_Capacity_(CC),Propulsion_Code,Age_of_Vehicle,Driver_IMD_Decile,Driver_Home_Area_Type,Vehicle_IMD_Decile
2016450073416,2,9,0,18,0,1,0,0,0,0,1,1,6,2,70,10,1582,2,5,10,1,10
2016450073416,3,9,0,18,0,1,0,0,0,0,2,1,1,1,45,7,-1,-1,-1,8,1,8
2016450073416,4,9,0,18,0,1,0,0,0,0,0,1,6,3,-1,-1,-1,-1,-1,-1,-1,-1
2016450073424,1,4,0,18,0,0,0,0,0,0,1,1,2,1,24,5,599,1,19,8,1,8
2016450073424,2,9,0,6,0,0,0,0,0,0,3,1,6,2,65,9,1395,1,2,7,1,7
2016450073431,1,9,0,16,0,0,0,0,7,0,4,1,6,2,47,8,1339,1,13,9,1,9
2016450073435,1,1,0,18,0,2,0,0,0,0,3,1,5,1,25,5,-1,-1,-1,6,1,6
2016450073442,1,9,4,18,0,0,4,0,1,7,4,1,1,1,35,6,2402,2,6,7,3,7
2016450073485,1,22,0,18,9,0,0,0,0,0,1,1,6,1,-1,-1,-1,-1,-1,4,1,4
2016450073548,1,9,0,2,0,0,0,0,0,0,2,1,5,1,46,8,1388,1,12,5,1,5
2016450073548,2,9,0,18,0,0,0,0,0,0,1,1,2,1,56,9,1997,2,5,7,1,7
2016450073769,1,9,0,18,0,0,0,0,0,0,1,1,2,2,26,6,998,1,-1,8,1,8
2016450073769,2,9,0,4,0,0,0,0,0,0,2,1,1,1,45,7,1968,2,1,4,1,4
2016450073769,3,9,0,4,0,0,0,0,0,0,2,1,2,2,31,6,1339,1,9,5,1,5
2016450073769,4,9,0,4,0,0,0,0,0,0,2,1,2,2,27,6,1798,2,1,10,1,10
2016450073770,1,9,0,7,0,1,0,0,0,0,1,1,5,2,81,11,1390,1,8,6,1,6
2016450073770,2,9,0,18,0,1,0,0,0,0,1,1,5,2,46,8,1598,1,15,10,1,10
2016450073778,1,9,0,5,0,5,0,0,0,0,4,1,2,2,51,8,998,1,1,10,1,10
2016450073778,2,9,0,18,0,8,0,0,1,0,1,1,6,2,42,7,1984,2,2,10,2,10
2016450073804,1,9,0,4,0,0,0,0,0,0,2,1,2,2,55,8,2494,8,-1,10,1,10
2016450073804,2,9,0,18,0,0,0,0,0,0,1,1,5,1,20,4,1398,2,14,10,1,10
2016450073816,1,9,0,3,0,1,0,0,0,0,2,1,6,2,51,8,1995,2,3,10,1,10
2016450073816,2,9,0,18,0,1,0,0,0,0,1,1,6,2,40,7,1587,1,15,7,1,7
2016450073818,1,9,0,18,0,0,0,0,0,0,1,1,5,1,57,9,2393,2,-1,10,1,10
2016450073818,2,1,0,18,0,0,0,0,0,0,2,1,6,1,45,7,-1,-1,-1,6,1,6
2016450073829,1,9,0,9,0,5,0,0,0,0,4,1,6,2,55,8,1328,1,14,10,1,10
2016450073829,2,1,0,17,0,1,0,0,0,0,1,1,6,1,37,7,-1,-1,-1,7,1,7
2016450073835,1,9,0,3,0,0,0,0,0,0,2,1,5,1,41,7,2179,2,9,10,1,10
2016450073835,2,9,0,16,0,0,0,0,0,0,1,1,5,2,25,5,1490,1,9,10,1,10
2016450073858,1,9,0,5,0,6,0,0,0,0,4,1,2,1,42,7,1794,1,13,7,1,7
2016450073858,2,1,0,18,0,1,0,0,0,0,1,1,2,1,36,7,-1,-1,-1,9,1,9
2016450073886,1,9,0,18,0,0,0,0,0,0,2,1,5,1,61,9,1596,1,9,10,2,10
2016450073886,2,9,0,18,0,0,0,0,0,0,2,1,5,1,50,8,1900,2,10,8,3,8
2016450073886,3,9,0,18,0,0,0,0,0,0,1,1,5,1,78,11,1997,1,5,-1,-1,-1
2016450073904,1,9,0,18,0,8,0,0,0,0,1,1,5,1,78,11,1598,1,10,8,1,8
2016450073904,2,9,0,5,0,8,0,0,2,0,4,1,5,1,42,7,2231,2,10,8,1,8
2016450073920,1,9,0,18,0,0,0,0,0,0,1,1,5,2,17,4,1598,1,10,8,1,8
2016450073920,2,9,0,3,0,0,0,0,0,0,2,1,5,2,25,5,1242,1,3,8,3,8
2016450073920,3,9,0,3,0,0,0,0,0,0,2,1,2,2,48,8,796,1,15,10,1,10
2016450073927,1,9,0,18,0,0,0,0,0,0,1,1,1,1,37,7,-1,-1,-1,4,1,4
2016450073927,2,9,0,18,0,0,0,0,0,0,2,1,6,2,20,4,1198,1,8,9,1,9
2016450073928,1,9,0,18,0,0,0,0,0,0,3,1,6,1,48,8,1598,1,3,4,2,4
2016450073928,2,9,0,5,6,0,0,0,0,0,4,1,6,2,36,7,1598,2,1,5,3,5
2016450073928,3,9,0,2,0,0,0,0,0,0,4,1,6,1,50,8,2457,1,9,6,3,6
2016450073947,1,9,0,18,0,8,0,0,0,0,3,1,5,1,27,6,2987,2,10,6,2,6
2016450073947,2,9,0,9,0,5,0,0,0,0,1,1,5,2,54,8,1596,1,15,7,1,7
2016450073954,1,9,0,4,0,0,0,0,0,0,1,1,6,1,34,6,1995,2,5,4,1,4
2016450073954,2,9,0,4,0,0,0,0,0,0,2,1,6,1,41,7,1997,2,6,7,1,7
2016450073968,1,2,0,4,0,0,0,0,0,0,2,1,5,2,48,8,124,1,4,7,1,7
2016450074079,1,5,0,17,0,1,0,0,0,0,1,1,6,1,21,5,599,1,16,8,1,8
2016450074079,2,9,0,7,0,5,0,0,0,0,2,1,6,1,63,9,1124,1,16,8,3,8
2016450074094,1,9,0,5,0,1,0,0,0,0,1,1,6,1,83,11,1796,1,19,8,1,8
2016450074094,2,9,0,4,0,1,0,0,0,0,2,1,6,1,36,7,2198,1,14,9,1,9
2016450074268,1,9,0,18,0,0,0,0,0,0,2,1,6,1,46,8,1461,2,2,9,1,9
2016450074268,2,19,0,18,0,0,1,0,0,0,1,1,2,1,21,5,1998,2,12,9,1,9
2016450074290,1,8,0,3,0,0,0,0,0,0,3,1,6,1,-1,-1,1997,2,6,-1,-1,-1
2016450074290,2,1,0,4,0,0,0,8,0,0,0,1,5,2,23,5,-1,-1,-1,7,1,7
2016450074296,1,9,0,9,0,5,0,0,0,0,1,1,6,2,58,9,1590,1,15,9,3,9
2016450074296,2,3,0,18,0,1,0,0,0,0,4,1,6,1,51,8,124,1,3,10,3,10
2016450074304,1,9,0,5,0,4,0,0,0,0,1,1,5,2,51,8,2204,2,10,10,3,10
2016450074304,2,1,0,5,0,8,0,0,0,0,4,1,5,2,42,7,-1,-1,-1,8,3,8
2016450074305,1,11,0,17,0,3,1,0,0,0,1,1,1,1,46,8,9360,2,5,6,3,6
2016450074308,1,9,0,18,0,1,1,0,0,0,1,1,1,1,37,7,1198,1,12,8,1,8
2016450074308,2,9,0,18,0,1,0,0,0,0,1,1,1,1,51,8,1796,1,15,6,1,6
2016450074318,1,9,0,9,0,6,0,0,0,0,3,1,6,2,72,10,1998,1,13,10,1,10
2016450074318,2,1,0,18,0,1,0,0,0,0,1,1,6,1,31,6,-1,-1,-1,5,1,5
2016450074326,1,9,0,18,0,0,0,0,0,0,0,1,6,2,37,7,1200,1,4,10,1,10
2016450074339,1,11,0,9,0,1,0,0,0,0,0,1,1,1,48,8,6374,2,5,5,1,5
2016450074342,1,9,0,18,0,0,0,0,0,0,1,1,6,1,34,6,1995,2,9,10,1,10
2016450074342,2,9,0,18,0,0,0,0,0,0,1,1,6,1,24,5,1968,2,8,5,1,5
2016450074345,1,9,0,5,0,0,0,0,0,0,2,1,6,3,-1,-1,-1,-1,-1,-1,-1,-1
2016450074347,1,9,0,17,0,0,1,0,0,0,1,1,5,1,33,6,1590,1,15,5,3,5
2016450074347,2,9,0,16,0,0,0,0,0,0,1,1,2,1,65,9,2495,2,15,-1,-1,-1
2016450074348,1,9,0,18,0,1,0,0,0,0,1,1,5,2,73,10,1242,1,7,8,3,8
2016450074367,1,9,0,9,0,3,1,10,0,0,4,1,6,1,25,5,1598,1,9,4,1,4
2016450074370,1,9,0,18,0,0,0,0,0,0,1,1,5,2,34,6,1197,1,1,7,1,7
2016450074370,2,9,0,4,0,0,0,0,0,0,2,1,5,2,55,8,1242,1,6,9,1,9
2016450074371,1,9,0,18,0,0,0,12,0,0,1,1,6,1,17,4,1242,1,3,9,2,9
2016450074371,2,9,0,18,0,0,0,0,0,0,1,1,6,1,70,10,1242,1,11,1,1,1
2016450074384,1,1,0,17,0,0,0,0,1,0,1,1,2,1,46,8,-1,-1,-1,3,1,3
2016450074392,1,9,0,18,0,1,0,0,0,0,4,1,5,1,90,11,1997,1,16,9,1,9
2016450074392,2,1,0,9,0,1,0,0,0,0,4,1,5,1,77,11,-1,-1,-1,9,1,9
2016450074403,1,1,0,18,0,0,0,0,0,0,0,1,5,1,27,6,-1,-1,-1,2,1,2
2016450074404,1,9,0,4,0,0,0,0,0,0,1,1,2,2,28,6,1390,1,11,4,1,4
2016450074404,2,9,0,3,0,0,0,0,0,0,2,1,1,2,22,5,998,1,16,4,1,4
2016450074408,1,19,0,18,0,0,0,0,0,0,2,1,6,1,47,8,1968,2,5,10,2,10
2016450074408,2,9,0,18,0,0,0,0,0,0,1,1,6,1,81,11,2143,2,1,8,3,8
2016450074411,1,9,0,4,0,1,0,0,0,0,1,1,5,1,17,4,1299,1,14,5,2,5
2016450074411,2,9,0,3,0,1,0,0,0,0,2,1,5,2,20,4,1461,2,7,10,1,10
2016450074411,3,9,0,3,0,1,0,0,0,0,2,1,5,1,76,11,998,1,20,8,3,8
2016450074411,4,9,0,3,0,1,0,0,0,0,2,1,1,1,31,6,1797,8,6,6,1,6
2016450074446,1,5,0,18,0,0,0,0,0,0,1,1,6,1,62,9,1170,1,6,7,1,7
2016450074446,2,9,0,18,0,0,0,0,0,0,2,1,6,1,78,11,-1,-1,-1,9,3,9
2016450074459,1,9,0,18,0,8,0,0,0,0,1,1,5,1,49,8,-1,-1,-1,6,1,6
2016450074459,2,9,0,9,0,8,1,0,0,0,1,1,5,2,21,5,973,1,13,-1,-1,-1
2016450074463,1,1,0,13,0,0,0,0,0,0,1,1,6,1,32,6,-1,-1,-1,10,1,10
2016450074463,2,9,0,7,0,0,0,0,0,0,3,1,6,1,-1,-1,1368,1,5,10,1,10
2016450074780,1,9,0,18,0,0,5,10,1,0,4,1,5,1,56,9,2720,2,7,4,3,4
2016450074793,1,9,0,5,0,1,0,0,0,0,3,1,6,1,91,11,1398,1,-1,9,1,9
2016450074793,2,9,0,18,0,1,0,0,0,0,1,1,6,2,44,7,1968,2,5,10,1,10
2016450074837,1,9,0,16,0,0,0,0,0,0,3,1,5,1,31,6,1995,2,1,6,1,6
2016450074848,1,9,0,9,0,5,0,0,0,0,4,1,6,1,59,9,2143,2,3,10,1,10
2016450074848,2,9,0,18,0,1,0,0,0,0,4,1,6,1,69,10,2996,1,8,7,3,7
2016450074904,1,19,0,18,0,0,1,0,4,0,1,1,5,1,52,8,1870,2,11,9,1,9
2016450074904,2,9,0,18,0,0,1,0,1,0,1,1,5,2,21,5,1149,1,10,8,1,8
2016450074911,1,9,0,2,0,0,0,0,0,0,0,1,1,1,44,7,-1,-1,-1,8,1,8
2016450074911,2,9,0,18,0,0,0,0,0,0,4,1,6,1,-1,-1,-1,-1,-1,-1,-1,-1
2016450074921,1,5,0,14,0,1,0,0,0,0,4,1,2,1,39,7,750,1,4,9,1,9
2016450074921,2,9,0,3,0,1,0,0,0,0,3,1,6,2,63,9,3000,1,5,10,1,10
2016450074921,3,9,0,3,0,1,0,0,0,0,0,1,2,1,21,5,1998,1,17,10,1,10
2016450074972,1,9,0,18,0,0,0,0,0,0,1,1,6,2,26,6,1364,1,9,8,1,8
2016450074972,2,9,0,18,0,0,0,0,0,0,1,1,6,3,50,8,-1,-1,-1,-1,-1,-1
2016450074997,1,9,0,18,0,0,0,0,0,0,1,1,6,2,48,8,1124,1,15,6,1,6
2016450075219,1,9,0,9,0,6,0,0,0,0,1,1,2,2,35,6,1998,1,10,8,1,8
2016450075219,2,1,0,9,0,5,0,0,0,0,1,1,1,1,30,6,-1,-1,-1,3,1,3
2016450075229,1,3,0,18,0,5,0,0,0,0,2,1,5,2,24,5,125,1,1,7,1,7
2016450075229,2,3,0,4,0,1,1,0,0,0,1,1,5,1,23,5,124,1,-1,7,1,7
2016450075234,1,9,0,18,0,1,0,0,0,0,1,1,2,1,49,8,2148,2,12,9,2,9
2016450075234,2,19,0,10,0,5,0,0,0,0,2,1,1,1,30,6,-1,-1,-1,5,2,5
2016450075249,1,9,0,18,0,1,0,0,0,0,1,1,5,2,80,11,1598,1,20,8,1,8
2016450075249,2,9,0,18,0,1,0,0,0,0,1,1,5,2,47,8,1390,1,5,10,1,10
2016450075263,1,9,0,1,0,1,0,0,0,0,2,1,5,2,41,7,1896,2,16,10,1,10
2016450075298,1,9,0,18,0,0,1,0,4,0,4,1,6,2,32,6,1299,1,16,7,1,7
2016450075298,2,9,0,4,0,0,1,0,0,0,3,1,2,1,37,7,2993,2,3,2,1,2
2016450075298,3,9,0,18,0,0,0,0,0,0,0,1,6,3,-1,-1,-1,-1,-1,-1,-1,-1
2016450075298,4,9,0,2,0,0,0,0,0,0,4,1,5,1,49,8,1999,1,13,8,1,8
2016450075302,1,1,0,18,0,1,2,0,0,0,1,1,5,1,39,7,-1,-1,-1,10,1,10
2016450075302,2,9,0,9,0,6,0,0,0,0,4,1,6,2,59,9,2967,2,2,7,3,7
2016450075307,1,1,0,18,9,0,0,0,0,0,1,1,6,3,40,7,-1,-1,-1,-1,-1,-1
2016450075318,1,9,0,3,0,1,0,0,0,0,0,1,3,1,71,10,1998,2,3,8,1,8
2016450075337,1,9,0,18,0,0,0,0,0,0,1,1,5,2,46,8,1995,2,2,9,1,9
2016450075337,2,9,0,3,0,0,0,0,0,0,1,1,5,2,42,7,998,1,-1,10,1,10
2016450075337,3,9,0,3,0,0,0,0,0,0,2,1,5,2,28,6,1598,2,2,10,1,10
2016450075345,1,4,0,4,0,0,2,0,0,0,0,1,2,1,24,5,659,1,9,-1,-1,-1
2016450075350,1,9,0,3,0,1,0,0,0,0,2,1,5,2,18,4,1149,1,6,7,2,7
2016450075350,2,9,0,18,0,1,0,0,0,0,1,1,5,1,24,5,1242,1,6,7,3,7
2016450075399,1,9,0,17,0,1,0,0,0,0,3,1,6,2,58,9,1968,2,4,10,1,10
2016450075399,2,4,0,11,0,1,0,0,0,0,4,1,6,1,59,9,1000,1,15,9,3,9
2016450075477,1,9,0,18,0,1,0,0,1,2,1,1,6,1,34,6,-1,-1,-1,8,1,8
2016450075498,1,9,0,18,0,0,0,0,0,0,1,1,6,2,80,11,1332,1,20,10,1,10
2016450075574,1,9,0,18,0,0,1,0,2,0,1,1,5,1,21,5,1995,1,11,8,1,8
2016450075590,1,9,0,18,0,0,1,0,1,4,2,1,5,1,20,4,2198,1,9,2,1,2
2016450075745,1,4,0,18,0,5,1,0,0,0,0,1,5,1,36,7,955,1,16,10,3,10
2016450075745,2,9,0,18,0,3,0,0,0,0,0,1,6,2,62,9,1798,1,1,9,3,9
2016450075779,1,9,0,4,0,0,1,0,1,0,1,1,6,2,36,7,1360,1,13,7,1,7
2016450075779,2,9,0,2,0,0,0,0,0,0,0,1,6,2,18,4,1560,2,1,10,2,10
2016450075779,3,9,0,2,0,0,0,0,0,0,0,1,6,1,38,7,1995,2,9,3,1,3
2016450075781,1,9,0,17,0,0,0,0,1,4,1,1,5,2,43,7,1149,1,14,9,1,9
2016450075781,2,9,0,16,0,0,0,0,0,0,0,1,5,3,-1,-1,-1,-1,-1,-1,-1,-1
2016450075808,1,19,0,18,0,0,5,0,8,4,1,1,5,1,26,6,2198,2,5,8,1,8
2016450075808,2,9,0,13,0,0,0,0,0,0,3,1,5,1,54,8,2967,2,1,8,3,8
2016450075817,1,9,0,9,0,5,0,0,0,0,3,1,5,1,83,11,1341,1,12,10,1,10
2016450075817,2,3,0,18,0,1,0,0,0,0,1,1,2,1,20,4,124,1,1,10,1,10
2016450075825,1,19,0,4,0,0,0,0,0,0,1,1,5,2,40,7,1868,2,12,1,1,1
2016450075825,2,9,0,3,0,0,0,0,0,0,2,1,5,1,52,8,1896,2,15,3,1,3
2016450075826,1,9,0,18,0,1,0,0,0,0,1,1,6,1,39,7,1598,1,2,5,1,5
2016450075852,1,9,0,18,0,0,0,4,0,0,1,1,6,1,34,6,1998,2,11,6,1,6
2016450075852,2,9,0,2,0,0,0,0,0,0,0,1,6,2,20,4,1124,1,13,3,2,3
2016450075852,3,9,0,2,0,0,0,0,0,0,0,1,6,1,36,7,1198,1,2,6,1,6
2016450075852,5,9,0,2,0,0,0,4,0,0,0,1,6,1,20,4,1198,1,6,8,1,8
2016450075852,6,9,0,2,0,0,0,4,0,0,0,1,6,2,45,7,1124,1,11,9,1,9
2016450075852,7,9,0,2,0,0,0,4,0,0,0,1,6,2,36,7,1596,1,13,6,1,6
2016450075864,1,19,0,18,0,1,1,0,0,0,3,1,1,1,46,8,2488,2,7,-1,-1,-1
2016450075864,2,9,0,9,0,6,0,0,0,0,1,1,6,2,64,9,973,1,14,5,3,5
2016450075871,1,9,0,16,0,0,2,0,8,10,3,1,2,2,36,7,2000,1,10,9,1,9
2016450075891,1,9,0,3,0,1,0,0,0,0,2,1,1,2,24,5,1598,1,11,9,1,9
2016450075891,2,9,0,4,0,1,0,0,0,0,1,1,2,1,38,7,1398,1,1,10,1,10
2016450075926,1,9,0,18,0,0,0,0,0,0,1,1,2,2,31,6,1339,1,6,8,1,8
2016450075937,1,9,0,17,0,0,5,0,0,0,0,1,6,1,44,7,1598,1,1,7,1,7
2016450076212,1,9,0,17,0,0,0,0,0,0,1,1,5,2,40,7,1997,2,7,8,1,8
2016450076212,2,1,0,16,0,0,1,0,0,0,1,1,5,2,34,6,-1,-1,-1,10,1,10
2016450076264,1,4,0,18,0,3,5,0,1,0,1,1,5,1,36,7,999,1,3,9,1,9
2016450076264,2,4,0,18,0,4,0,0,3,10,2,1,5,1,21,5,373,1,1,8,1,8
2016450076298,1,9,0,18,0,1,0,0,0,0,1,1,5,1,63,9,1598,1,2,5,1,5
2016450076298,2,8,0,10,0,8,0,0,0,0,2,1,5,1,68,10,2499,2,8,6,1,6
2016450076298,3,19,0,9,0,5,0,0,0,0,2,1,1,1,31,6,-1,-1,-1,-1,-1,-1
2016450076304,1,9,0,4,0,0,0,0,0,0,3,1,6,1,44,7,1598,1,12,3,1,3
2016450076304,2,19,0,18,0,0,0,0,0,0,1,1,6,1,50,8,2464,2,7,10,3,10
2016450076314,1,9,0,18,0,0,5,10,0,0,1,1,1,1,44,7,998,1,19,8,1,8
2016450076324,1,5,0,18,0,1,0,0,0,0,1,1,2,1,53,8,1170,1,3,8,3,8
2016450076324,2,9,0,9,0,1,0,0,0,0,1,1,6,1,29,6,1598,2,-1,8,1,8
2016450076366,1,1,0,18,0,0,0,0,0,0,0,1,5,2,53,8,-1,-1,-1,8,3,8
2016450076380,1,9,0,11,0,0,0,0,0,0,0,1,5,2,48,8,1999,2,1,9,3,9
2016450076380,2,21,1,18,0,0,0,0,0,0,2,1,1,3,-1,-1,-1,-1,-1,-1,-1,-1
2016450076462,1,20,0,18,0,0,0,0,0,0,4,1,6,1,-1,-1,-1,-1,-1,-1,-1,-1
2016450076501,1,9,0,9,0,6,0,0,0,0,1,1,1,1,51,8,1840,1,14,8,3,8
2016450076501,2,1,0,18,0,1,1,0,0,0,1,1,2,1,24,5,-1,-1,-1,10,1,10
2016450076570,1,9,0,9,0,0,0,0,0,0,1,1,5,2,40,7,2987,2,7,9,1,9
2016450076570,2,9,0,18,0,0,0,0,0,0,1,1,5,2,48,8,1995,2,-1,9,3,9
2016450076580,1,1,0,18,0,0,0,0,0,0,0,1,6,2,32,6,-1,-1,-1,5,1,5
2016450076632,1,9,0,14,0,0,0,0,0,0,4,1,6,1,59,9,1995,2,3,7,1,7
2016450076644,1,9,0,4,0,0,0,0,0,0,1,1,6,3,40,7,-1,-1,-1,-1,-1,-1
2016450076644,2,9,0,4,0,0,0,0,0,0,4,1,6,2,27,6,1390,1,7,8,1,8
2016450076644,3,9,0,4,0,0,0,0,0,0,2,1,2,2,38,7,1242,1,2,10,1,10
2016450076724,1,9,0,18,0,0,0,0,0,0,2,1,1,2,21,5,1149,1,13,6,1,6
2016450076724,2,9,0,18,0,0,0,0,0,0,1,1,1,2,29,6,1390,1,5,9,1,9
2016450076729,1,9,0,18,9,0,0,0,0,0,1,1,5,1,-1,-1,1968,2,3,9,1,9
2016450076758,1,9,0,16,0,1,1,0,7,0,2,1,5,1,25,5,1124,1,11,10,1,10
2016450076771,1,19,0,18,0,1,0,0,0,0,4,1,1,1,44,7,2198,2,2,7,1,7
2016450076771,2,9,0,5,0,6,0,0,0,0,3,1,5,2,23,5,1364,1,8,5,1,5
2016450076800,1,9,0,18,0,1,0,0,0,0,1,1,6,3,-1,-1,-1,-1,-1,-1,-1,-1
2016450076821,1,9,0,9,0,5,0,0,0,0,3,1,5,2,49,8,1794,1,10,10,1,10
2016450076821,2,1,0,18,0,1,5,0,0,0,1,1,5,1,-1,-1,-1,-1,-1,10,1,10
2016450076834,1,9,0,18,0,0,1,0,7,0,1,1,5,1,19,4,-1,-1,-1,7,1,7
2016450076837,1,9,0,12,0,0,0,0,0,0,1,1,1,1,53,8,-1,-1,-1,7,2,7
2016450076837,2,9,0,18,0,0,0,0,0,0,3,1,5,2,56,9,2993,2,10,10,2,10
2016450076850,1,9,0,18,0,1,0,0,0,0,3,1,5,1,72,10,1968,2,10,10,1,10
2016450076864,1,9,0,9,0,5,0,0,0,0,1,1,6,2,48,8,899,1,3,7,1,7
2016450076864,2,1,0,18,0,1,0,0,0,0,1,1,6,2,-1,-1,-1,-1,-1,5,1,5
2016450076967,1,19,0,13,0,0,0,0,0,0,1,1,1,1,51,8,1598,2,4,6,1,6
2016450076967,2,21,1,18,0,0,0,0,0,0,2,1,1,1,28,6,12777,2,3,1,1,1
2016450076969,1,9,0,18,0,0,0,0,0,0,1,1,6,2,70,10,1360,1,13,10,1,10
2016450077092,1,1,0,18,0,0,5,0,0,0,3,1,5,1,37,7,-1,-1,-1,5,1,5
2016450077092,2,9,0,13,0,0,0,0,0,0,4,1,5,3,-1,-1,-1,-1,-1,-1,-1,-1
2016450077093,1,9,0,4,0,0,0,0,0,0,2,1,2,1,31,6,1685,2,1,-1,-1,-1
2016450077093,2,9,0,4,0,0,0,0,0,0,1,1,2,1,34,6,1968,2,1,-1,-1,-1
2016450077097,1,9,0,18,0,0,0,0,0,0,1,1,6,2,-1,-1,1995,1,9,-1,-1,-1
2016450077097,2,9,0,18,0,0,0,0,0,0,2,1,6,1,43,7,1997,2,1,6,2,6
2016450077098,1,9,0,16,0,0,1,0,7,0,1,1,2,2,17,4,973,1,13,5,1,5
2016450077099,1,9,0,4,0,1,0,0,0,0,2,1,1,1,19,4,998,1,15,-1,-1,-1
2016450077099,2,1,0,18,0,1,0,0,0,0,1,1,5,1,34,6,-1,-1,-1,9,1,9
2016450077100,1,19,4,4,0,0,0,0,0,0,1,1,5,1,-1,-1,2198,2,1,-1,-1,-1
2016450077100,2,9,0,4,0,0,0,0,0,0,2,1,5,1,57,9,1598,2,-1,-1,3,-1
2016450077102,1,9,0,18,0,0,0,0,0,0,1,1,6,2,51,8,1999,2,-1,9,1,9
2016450077103,1,9,0,18,0,0,0,0,0,0,1,1,5,1,31,6,1395,1,2,9,1,9
2016450077103,2,9,0,18,0,0,0,0,0,0,1,1,5,2,51,8,-1,-1,-1,7,1,7
2016450077104,1,4,0,18,0,0,0,0,0,0,3,1,6,1,52,8,487,1,24,9,1,9
2016450077105,1,21,1,18,0,0,0,0,0,0,1,1,1,1,63,9,-1,-1,-1,-1,-1,-1
2016450077105,2,9,0,18,0,0,0,0,1,0,2,1,6,1,55,8,1992,2,9,10,1,10
2016450077106,1,2,0,17,0,0,0,0,1,0,1,1,5,1,18,4,108,1,2,-1,-1,-1
2016450077107,1,9,0,18,0,1,0,0,0,0,1,1,1,1,25,5,998,1,17,4,1,4
2016450077107,2,9,0,18,0,1,0,0,0,0,2,1,2,1,52,8,1998,2,13,9,1,9
2016450077109,1,9,0,5,0,6,0,0,0,0,1,1,1,1,44,7,2967,2,3,9,1,9
2016450077109,2,5,0,14,0,1,1,0,0,0,4,1,5,1,24,5,599,1,13,10,1,10
2016450077111,1,4,0,18,0,0,0,0,0,0,1,1,6,1,36,7,400,1,6,7,1,7
2016450077114,1,9,0,9,0,6,0,0,0,0,1,1,1,1,62,9,2494,8,1,7,3,7
2016450077114,2,1,0,18,0,1,5,0,0,0,1,1,6,1,61,9,-1,-1,-1,8,3,8
2016450077116,1,3,0,13,0,0,1,0,0,0,3,1,2,1,51,8,125,1,-1,5,1,5
2016450077116,2,9,0,18,0,0,0,0,0,0,3,1,2,1,53,8,1995,2,2,10,2,10
2016450077118,1,9,0,1,0,0,0,4,0,0,3,1,3,1,78,11,2400,2,-1,9,1,9
2016450077118,2,9,0,2,0,0,0,0,0,0,2,1,3,1,50,8,2982,2,14,5,1,5
2016450077123,1,9,0,18,9,0,0,4,0,0,1,1,6,1,19,4,1124,1,16,8,1,8
2016450077123,2,9,0,2,0,0,0,0,0,0,2,1,6,1,43,7,1995,2,1,10,1,10
2016450077126,1,9,0,7,0,6,0,0,0,0,2,1,6,1,-1,-1,1910,2,11,6,1,6
2016450077126,2,3,0,15,0,1,0,0,0,0,1,1,6,1,17,4,125,1,1,6,1,6
2016450077126,3,19,0,9,0,5,0,0,0,0,0,1,6,1,50,8,-1,-1,-1,6,1,6
2016450077128,1,9,0,10,0,1,0,0,0,0,2,1,5,2,29,6,1248,2,6,9,2,9
2016450077128,2,9,0,18,0,1,0,0,0,0,1,1,6,3,-1,-1,-1,-1,-1,-1,-1,-1
2016450077133,1,9,0,16,0,0,5,0,0,0,1,1,5,1,38,7,1390,1,11,9,1,9
2016450077133,2,9,0,17,0,0,0,0,0,0,1,1,5,1,30,6,1797,8,6,3,1,3
2016450077134,1,9,0,11,0,0,0,0,0,0,3,1,6,3,-1,-1,-1,-1,-1,-1,-1,-1
2016450077134,2,9,0,13,0,0,0,0,0,0,4,1,6,1,35,6,1598,2,3,-1,-1,-1
2016450077137,1,9,0,5,0,0,0,0,0,0,3,1,5,2,26,6,1968,2,-1,6,1,6
2016450077143,1,9,0,4,0,0,0,0,0,0,2,1,5,1,17,4,1870,2,6,10,1,10
2016450077143,2,9,0,18,0,0,0,0,0,0,1,1,5,1,72,10,998,1,1,8,3,8
2016450077147,1,9,0,17,0,0,1,0,1,0,1,1,5,1,34,6,1124,1,16,9,1,9
2016450077152,1,1,0,9,0,0,1,0,0,0,0,1,5,1,56,9,-1,-1,-1,10,1,10
2016450077156,1,9,0,4,0,0,0,0,0,0,2,1,1,1,50,8,-1,-1,-1,-1,-1,-1
2016450077156,2,9,0,18,0,0,0,0,0,0,1,1,6,2,72,10,1587,1,15,8,1,8
2016450077158,1,1,0,18,9,0,5,0,0,0,0,1,5,1,70,10,-1,-1,-1,9,1,9
2016450077164,1,9,0,3,0,0,0,0,0,0,0,1,5,1,31,6,1995,2,-1,10,1,10