Accident_Index,Vehicle_Reference,Vehicle_Type,Towing_and_Articulation,Vehicle_Manoeuvre,Vehicle_Location-Restricted_Lane,Junction_Location,Skidding_and_Overturning,Hit_Object_in_Carriageway,Vehicle_Leaving_Carriageway,Hit_Object_off_Carriageway,1st_Point_of_Impact,Was_Vehicle_Left_Hand_Drive?,Journey_Purpose_of_Driver,Sex_of_Driver,Age_of_Driver,Age_Band_of_Driver,Engine_Capacity_(CC),Propulsion_Code,Age_of_Vehicle,Driver_IMD_Decile,Driver_Home_Area_Type,Vehicle_IMD_Decile
2016450082070,1,9,0,9,9,6,0,0,0,0,4,1,6,2,39,7,1997,1,6,7,1,7
2016450082070,2,4,0,18,0,1,0,0,0,0,1,1,6,1,35,6,124,1,2,9,1,9
2016450082119,1,9,0,9,0,5,0,0,0,0,2,1,5,1,25,5,3982,1,-1,9,3,9
2016450082119,2,9,0,18,0,8,0,0,0,0,1,1,5,1,25,5,2148,2,8,4,1,4
2016450082228,1,9,0,7,0,6,0,0,0,0,1,1,6,1,32,6,1995,2,8,7,1,7
2016450082228,2,1,0,18,0,1,0,0,0,0,4,1,6,1,55,8,-1,-1,-1,9,1,9
2016450082233,1,1,0,18,9,1,0,0,0,0,4,1,6,1,16,4,-1,-1,-1,5,1,5
2016450082233,2,9,0,1,0,6,0,0,0,0,1,1,3,1,62,9,1242,1,16,8,1,8
2016450082277,1,9,0,5,0,8,0,0,0,0,1,1,2,2,40,7,1998,1,10,10,3,10
2016450082283,1,9,0,4,0,0,0,0,0,0,2,1,2,1,26,6,1686,2,9,2,1,2
2016450082283,2,19,0,18,0,0,0,0,0,0,1,1,6,1,28,6,1968,2,3,3,1,3
2016450082293,1,9,0,18,0,0,0,0,0,0,4,1,6,1,-1,-1,1560,2,11,3,1,3
2016450082293,2,9,0,3,0,0,0,0,0,0,3,1,6,1,29,6,1968,2,4,10,1,10
2016450082323,1,9,0,13,0,0,0,0,0,0,1,1,6,2,64,9,1596,1,2,7,3,7
2016450082323,2,21,1,18,0,0,0,0,0,0,2,1,1,1,54,8,12900,2,7,3,1,3
2016450082326,1,9,0,18,0,1,0,0,0,0,1,1,6,1,60,9,-1,-1,-1,10,1,10
2016450082326,2,9,0,4,0,1,0,0,0,0,2,1,6,2,52,8,1598,1,11,6,1,6
2016450082326,3,9,0,4,0,1,0,0,0,0,3,1,1,2,35,6,1598,1,9,10,2,10
2016450082355,1,19,0,4,0,0,0,0,0,0,3,1,2,1,55,8,1868,2,16,8,1,8
2016450082355,2,9,0,18,0,0,0,0,0,0,1,1,2,1,57,9,1896,2,12,2,1,2
2016450082355,3,19,0,4,0,0,0,0,0,0,2,1,2,1,43,7,1560,2,2,9,1,9
2016450082355,4,9,0,18,0,0,0,0,0,0,1,1,2,1,53,8,1396,2,1,10,3,10
2016450082355,5,9,0,4,0,0,0,0,0,0,2,1,6,2,47,8,1149,1,8,9,1,9
2016450082355,6,9,0,4,0,0,0,0,0,0,1,1,2,2,27,6,1349,1,9,9,1,9
2016450082357,1,9,0,18,0,0,5,0,1,0,4,1,5,1,18,4,1396,1,-1,10,1,10
2016450082358,1,9,0,9,0,5,0,0,0,0,2,1,1,1,53,8,1198,1,13,5,1,5
2016450082358,2,9,0,4,0,1,0,0,0,0,0,1,5,2,40,7,2488,2,3,9,3,9
2016450082358,3,4,0,14,0,1,2,0,0,0,1,1,2,1,44,7,600,1,2,9,2,9
2016450082362,1,9,0,16,0,6,5,0,8,0,4,1,6,1,24,5,1598,1,19,7,1,7
2016450082362,2,9,0,3,0,5,0,0,0,0,1,1,6,1,32,6,1400,1,12,9,3,9
2016450082363,1,9,0,4,0,0,1,0,0,0,2,1,5,2,21,5,1299,1,15,-1,-1,-1
2016450082363,2,9,0,18,0,0,0,0,0,0,1,1,5,2,33,6,1997,2,4,5,1,5
2016450082370,1,5,0,4,0,1,0,0,0,0,1,1,1,1,33,6,670,1,4,2,1,2
2016450082370,2,9,0,18,0,1,0,0,0,0,3,1,6,1,30,6,1560,2,5,6,1,6
2016450082379,1,9,0,6,0,0,0,0,0,0,4,1,1,1,58,9,-1,-1,-1,5,1,5
2016450082379,2,1,0,18,0,0,0,0,0,0,1,1,6,1,43,7,-1,-1,-1,10,1,10
2016450082413,1,21,0,18,0,1,0,0,0,0,1,1,5,1,45,7,-1,-1,-1,5,1,5
2016450082413,2,9,0,10,0,5,0,0,0,0,3,1,1,2,38,7,1390,1,4,5,1,5
2016450082430,1,9,0,2,6,0,0,0,0,0,0,1,1,1,32,6,2993,2,2,8,1,8
2016450082454,1,19,0,9,0,6,0,0,0,0,3,1,1,1,21,5,2148,2,12,9,3,9
2016450082454,2,1,0,18,0,1,0,0,0,0,1,1,6,1,27,6,-1,-1,-1,7,3,7
2016450082468,1,9,0,17,0,0,0,0,0,0,1,1,6,1,83,11,3724,1,13,9,3,9
2016450082468,2,19,0,18,0,0,1,0,0,0,1,1,2,1,65,9,1753,2,11,8,3,8
2016450082481,1,9,0,4,0,0,0,0,0,0,1,1,5,2,25,5,1299,1,15,8,1,8
2016450082481,2,8,0,3,0,0,0,0,0,0,2,1,1,1,44,7,1956,2,6,5,1,5
2016450082518,1,9,0,18,0,0,0,0,0,0,2,1,5,2,33,6,2179,2,2,10,1,10
2016450082518,2,9,0,18,0,0,0,0,0,0,2,1,5,2,26,6,1242,1,-1,-1,-1,-1
2016450082518,3,9,0,18,0,0,0,0,0,0,2,1,1,1,30,6,-1,-1,-1,5,1,5
2016450082547,1,19,0,4,0,1,0,0,0,0,1,1,1,1,26,6,1870,2,9,10,1,10
2016450082547,2,19,0,3,0,1,0,0,0,0,2,1,1,1,56,9,1598,2,3,9,2,9
2016450082563,1,1,0,18,0,0,0,0,0,0,0,1,6,1,73,10,-1,-1,-1,10,1,10
2016450082563,2,2,0,18,0,0,0,0,0,0,2,1,6,1,21,5,49,1,2,9,1,9
2016450082612,1,9,0,18,0,0,0,0,4,0,4,1,2,2,30,6,998,1,10,8,1,8
2016450082612,2,9,0,18,0,0,0,0,1,7,1,1,6,1,85,11,1396,1,13,8,3,8
2016450082616,1,9,0,17,0,0,2,0,0,0,1,1,6,1,21,5,1229,1,7,-1,-1,-1
2016450082715,1,9,0,9,0,5,0,0,0,0,1,1,6,2,19,4,1229,1,8,7,1,7
2016450082715,2,5,0,18,0,1,5,0,0,0,1,1,6,1,52,8,903,1,8,9,1,9
2016450082715,3,9,0,10,0,1,0,0,0,0,1,1,1,1,39,7,2148,2,10,6,1,6
2016450082734,1,9,0,17,0,0,0,0,1,4,1,1,5,1,26,6,1560,2,7,-1,1,-1
2016450082811,1,8,0,5,0,6,0,0,0,0,1,1,1,1,38,7,1968,2,2,-1,-1,-1
2016450082814,1,9,0,4,0,0,0,0,0,0,1,1,6,2,45,7,1389,1,16,10,1,10
2016450082814,2,9,0,3,0,0,0,0,0,0,2,1,6,1,38,7,1598,2,2,2,1,2
2016450082833,1,9,0,3,0,4,0,0,0,0,2,1,6,1,30,6,1598,1,14,-1,-1,-1
2016450082833,2,9,0,4,0,1,0,0,0,0,1,1,6,1,28,6,1999,1,8,10,1,10
2016450082858,1,9,0,18,0,0,0,0,7,3,1,1,5,1,55,8,1242,1,4,9,1,9
2016450082860,1,9,0,18,0,0,0,11,0,0,1,1,6,2,23,5,1686,2,5,8,2,8
2016450082876,1,9,0,17,0,0,1,0,1,10,1,1,6,2,20,4,998,1,8,9,1,9
2016450082896,1,9,0,1,0,0,0,4,0,0,2,1,5,1,24,5,1596,1,11,8,1,8
2016450082896,2,9,0,2,0,0,0,0,0,0,1,1,5,1,-1,-1,1995,2,13,-1,-1,-1
2016450082896,3,9,0,2,0,0,0,0,0,0,2,1,6,3,-1,-1,-1,-1,-1,-1,-1,-1
2016450082896,4,9,0,2,0,0,0,0,0,0,1,1,6,3,-1,-1,-1,-1,-1,-1,-1,-1
2016450082904,1,9,0,18,0,0,1,0,0,0,2,1,2,1,-1,-1,1761,1,16,10,1,10
2016450082904,2,9,0,18,0,0,0,0,0,0,1,1,6,2,-1,-1,1560,2,6,8,1,8
2016450082904,3,9,0,18,0,0,0,0,0,0,3,1,6,3,-1,-1,1797,8,5,2,1,2
2016450082906,1,3,0,4,0,1,1,0,0,0,3,1,6,1,19,4,125,1,-1,8,1,8
2016450082906,2,9,0,4,0,1,0,0,0,0,0,1,6,2,43,7,1998,1,18,10,3,10
2016450082906,3,21,0,1,0,1,0,0,0,0,0,1,1,1,35,6,12740,2,4,10,2,10
2016450082925,1,21,0,12,0,0,0,0,0,0,3,1,1,1,56,9,-1,-1,-1,-1,-1,-1
2016450082925,2,9,0,13,0,0,1,0,0,0,4,1,6,1,61,9,1248,2,9,7,3,7
2016450083057,1,19,0,4,0,0,0,0,0,0,1,1,6,1,54,8,1968,2,-1,-1,-1,-1
2016450083057,2,9,0,3,0,0,0,0,0,0,2,1,6,2,66,10,1388,1,9,9,3,9
2016450083057,3,9,0,4,0,0,0,0,0,0,1,1,6,1,40,7,1598,2,6,-1,-1,-1
2016450083098,1,9,0,10,0,5,0,0,0,0,2,1,5,1,21,5,1242,1,9,9,1,9
2016450083098,2,9,0,3,0,1,0,0,0,0,2,1,5,1,38,7,1968,2,10,9,1,9
2016450083098,3,9,0,16,0,1,0,0,0,0,1,1,5,1,72,10,2967,2,3,9,1,9
2016450083126,1,1,0,7,0,5,0,0,0,0,0,1,6,1,34,6,-1,-1,-1,8,1,8
2016450083126,2,9,0,9,0,5,0,0,0,0,0,1,6,1,60,9,3800,1,1,8,1,8
2016450083136,1,9,0,4,0,4,0,0,0,0,1,1,5,2,35,6,2495,2,13,10,3,10
2016450083136,2,9,0,18,0,1,0,0,0,0,3,1,5,2,27,6,1198,1,5,8,3,8
2016450083151,1,9,0,4,0,0,0,0,0,0,2,1,2,1,55,8,2996,1,6,6,3,6
2016450083151,2,9,0,4,0,0,1,0,0,0,1,1,2,1,20,4,1299,1,14,6,3,6
2016450083155,1,9,0,4,0,0,0,0,0,0,2,1,6,1,22,5,1299,1,12,2,1,2
2016450083155,2,9,0,18,0,0,0,0,0,0,1,1,6,1,19,4,1242,1,7,9,1,9
2016450083202,1,9,0,18,0,0,0,0,0,0,1,1,2,2,40,7,1396,1,2,10,1,10
2016450083204,1,9,0,18,0,0,2,0,0,0,1,1,6,2,19,4,1299,1,8,10,2,10
2016450083215,1,9,0,9,0,6,0,0,0,0,1,1,5,2,34,6,1797,8,5,4,1,4
2016450083215,2,9,0,18,0,1,0,0,0,0,4,1,1,2,27,6,1299,1,8,3,1,3
2016450083221,1,9,0,8,0,1,0,0,0,0,2,1,6,2,52,8,1199,1,12,4,1,4
2016450083221,2,9,0,7,0,1,0,0,0,0,1,1,6,2,-1,-1,1997,2,6,2,1,2
2016450083221,3,9,0,7,0,1,0,0,0,0,1,1,6,3,-1,-1,-1,-1,-1,-1,-1,-1
2016450083252,1,9,0,7,0,3,0,0,0,0,4,1,3,2,40,7,1999,1,9,10,1,10
2016450083271,1,9,0,18,0,0,0,0,0,0,1,1,2,2,52,8,1995,2,2,-1,-1,-1
2016450083271,2,21,1,18,0,0,0,0,0,0,2,1,1,1,37,7,-1,-1,-1,6,3,6
2016450083273,1,9,0,17,0,0,0,0,0,0,1,1,5,1,45,7,2179,2,3,8,3,8
2016450083273,2,1,0,16,0,0,2,0,0,0,1,1,6,1,35,6,-1,-1,-1,-1,-1,-1
2016450083275,1,20,4,12,0,1,0,0,0,0,1,1,5,1,61,9,6871,2,1,4,1,4
2016450083275,2,9,0,18,0,1,0,0,5,0,4,1,5,2,57,9,1598,1,10,7,3,7
2016450083275,3,9,0,12,0,1,0,0,0,0,3,1,5,1,34,6,1242,1,14,10,1,10
2016450083280,1,9,0,18,0,0,0,0,0,0,1,1,5,1,56,9,1769,1,11,3,1,3
2016450083280,2,19,0,18,0,0,0,0,0,0,2,1,1,1,50,8,6370,2,6,6,1,6
2016450083287,1,9,0,18,0,1,0,0,0,0,1,1,5,2,26,6,1242,1,3,10,1,10
2016450083292,1,9,0,18,0,1,0,0,1,0,1,1,2,2,27,6,1299,1,12,5,1,5
2016450083300,1,11,0,18,0,0,0,0,0,0,0,1,1,1,38,7,-1,-1,-1,7,1,7
2016450083312,1,9,0,9,0,6,0,0,0,0,1,1,5,2,57,9,1332,1,11,10,1,10
2016450083312,2,9,0,18,0,1,1,0,0,0,1,1,2,1,30,6,1124,1,18,8,1,8
2016450083328,1,4,0,17,0,0,0,0,1,4,1,1,5,1,46,8,-1,-1,-1,10,1,10
2016450083373,1,9,0,18,0,0,0,0,0,0,1,1,6,1,53,8,1991,2,11,2,1,2
2016450083373,2,9,0,4,0,0,0,0,0,0,2,1,6,1,30,6,1968,2,7,10,1,10
2016450083373,3,9,0,18,0,0,0,0,0,0,2,1,6,2,29,6,1799,1,6,9,1,9
2016450083386,1,11,0,4,0,0,0,0,0,0,0,1,1,1,61,9,9000,2,8,4,1,4
2016450083422,1,9,0,17,0,0,0,0,1,0,1,1,5,1,29,6,2460,2,12,6,1,6
2016450083461,1,9,0,18,0,0,0,0,0,0,1,1,3,2,66,10,1386,1,8,8,1,8
2016450083461,2,9,0,2,0,0,0,0,0,0,2,1,3,1,74,10,1997,1,4,10,1,10
2016450083637,1,9,0,18,0,0,0,0,0,0,1,1,2,1,62,9,2496,2,12,8,1,8
2016450083637,2,21,4,2,6,0,0,0,0,0,3,1,1,1,47,8,12419,2,5,-1,-1,-1
2016450083640,1,9,0,18,0,0,0,0,0,0,1,1,2,2,48,8,1560,2,9,5,1,5
2016450083769,1,9,0,5,0,4,0,0,1,0,1,1,5,1,43,7,1248,2,11,8,1,8
2016450083769,2,1,0,17,0,8,5,0,1,0,2,1,5,1,59,9,-1,-1,-1,10,1,10
2016450083769,3,1,0,18,0,8,5,0,0,0,0,1,6,2,57,9,-1,-1,-1,10,1,10
2016450083774,1,9,0,7,0,5,0,0,0,0,1,1,5,1,76,11,1997,1,14,10,1,10
2016450083778,1,4,0,13,0,1,0,0,0,0,4,1,6,1,28,6,779,1,6,9,1,9
2016450083778,2,9,0,7,0,6,0,0,0,0,1,1,6,1,31,6,1796,1,21,-1,-1,-1
2016450083782,1,9,0,18,0,8,0,0,0,0,4,1,2,2,26,6,1499,1,1,9,1,9
2016450083782,2,9,0,9,0,5,0,0,0,0,4,1,6,1,22,5,2987,2,6,9,1,9
2016450083798,1,5,0,12,0,0,5,0,0,0,3,1,5,1,61,9,1200,1,12,10,3,10
2016450083798,2,9,0,13,0,0,0,0,0,0,4,1,5,2,38,7,1124,1,17,10,1,10
2016450083815,1,9,0,5,0,8,0,0,0,0,3,1,5,2,50,8,998,1,11,9,1,9
2016450083815,2,4,0,14,0,1,0,0,0,0,4,1,5,1,58,9,656,1,7,8,1,8
2016450083833,1,9,0,9,0,6,0,0,0,0,3,1,2,2,63,9,1197,1,2,5,1,5
2016450083833,2,90,0,18,0,1,0,0,0,0,1,1,1,1,24,5,2987,2,6,10,1,10
2016450083855,1,9,0,16,0,0,0,0,0,0,1,1,1,1,34,6,1197,1,1,7,1,7
2016450083855,2,9,0,18,0,0,0,0,0,0,1,1,5,1,59,9,1984,1,19,6,1,6
2016450083976,1,9,0,18,0,0,0,0,0,0,1,1,2,1,51,8,1560,2,7,8,1,8
2016450083977,1,9,0,18,0,8,0,0,0,0,3,1,5,1,21,5,1399,2,8,10,1,10
2016450083977,2,19,0,7,0,8,0,0,0,0,4,1,1,1,48,8,-1,-1,-1,10,1,10
2016450083983,1,9,0,17,0,0,2,0,7,10,1,1,1,2,19,4,1124,1,15,7,1,7
2016450084005,1,9,0,16,0,0,1,0,1,1,1,1,2,1,54,8,1798,1,11,4,1,4
2016450084010,1,9,0,9,0,5,0,10,8,10,4,1,5,1,20,4,2979,1,13,-1,-1,-1
2016450084021,1,5,0,18,0,0,1,0,0,0,0,1,5,1,23,5,645,1,12,9,1,9
2016450084026,1,3,0,17,0,0,1,0,1,0,1,1,5,1,19,4,125,1,3,7,3,7
2016450084029,1,9,0,7,0,6,0,0,0,0,4,1,1,1,41,7,1246,1,11,3,1,3
2016450084029,2,1,0,18,5,1,0,0,0,0,1,1,5,2,26,6,-1,-1,-1,3,1,3
2016450084032,1,9,0,18,0,1,0,0,0,0,1,1,5,1,25,5,2231,2,9,3,1,3
2016450084032,2,9,0,3,0,1,0,0,0,0,2,1,5,2,58,9,1797,8,6,9,1,9
2016450084032,3,9,0,10,0,5,0,0,0,0,0,1,5,2,32,6,1339,1,6,7,1,7
2016450084042,1,9,0,9,0,6,0,0,0,0,0,1,5,1,30,6,1388,1,12,10,1,10
2016450084042,2,1,0,16,0,1,0,0,0,0,0,1,5,1,35,6,-1,-1,-1,-1,-1,-1
2016450084051,1,1,0,18,0,5,0,0,0,0,4,1,5,1,59,9,-1,-1,-1,4,1,4
2016450084051,2,1,0,18,0,5,0,0,0,0,3,1,5,1,55,8,-1,-1,-1,4,1,4
2016450084057,1,9,0,18,0,1,1,0,0,0,1,1,5,2,23,5,999,1,18,9,1,9
2016450084057,2,9,0,10,0,5,0,0,0,0,2,1,5,1,37,7,2143,2,5,7,1,7
2016450084072,1,9,0,18,0,0,0,0,0,0,2,1,2,1,35,6,1956,2,-1,9,1,9
2016450084072,2,19,0,18,0,0,0,0,0,0,1,1,6,3,-1,-1,-1,-1,-1,-1,-1,-1
2016450084077,1,1,0,18,0,1,0,0,0,0,3,1,5,1,38,7,-1,-1,-1,6,1,6
2016450084077,2,9,0,13,0,1,0,0,0,0,4,1,5,3,-1,-1,-1,-1,-1,-1,-1,-1
2016450084150,1,9,0,9,0,5,0,0,0,0,3,1,2,2,20,4,1124,1,11,9,1,9
2016450084150,2,3,0,13,0,8,0,0,0,0,4,1,5,1,17,4,124,1,-1,9,1,9
2016450084172,1,9,0,7,0,8,0,0,0,0,3,1,5,1,69,10,1796,1,12,9,2,9
2016450084172,2,9,0,4,0,8,0,0,0,0,3,1,5,2,25,5,1248,1,2,9,1,9
2016450084188,1,9,0,18,0,1,0,0,0,0,1,1,5,2,27,6,1796,1,14,8,1,8
2016450084188,2,9,0,5,0,6,0,0,0,0,3,1,5,2,19,4,1242,1,4,7,3,7
2016450084205,1,9,0,18,0,0,0,0,0,0,1,1,3,1,47,8,2993,2,5,10,1,10
2016450084205,2,1,0,18,0,0,0,0,0,0,1,1,6,1,18,4,-1,-1,-1,10,1,10
2016450084209,1,9,0,4,0,0,0,0,0,0,2,1,5,1,62,9,1499,2,-1,7,1,7
2016450084209,2,19,0,18,0,0,1,0,0,0,1,1,1,1,31,6,2198,2,2,6,3,6
2016450084210,1,9,0,18,0,0,0,0,0,0,4,1,2,2,35,6,1781,1,12,2,1,2
2016450084210,2,9,0,18,0,0,0,0,0,0,1,1,2,1,36,7,1995,2,6,10,1,10
2016450084215,1,3,0,4,0,1,1,0,0,0,3,1,6,1,18,4,125,1,1,6,1,6
2016450084218,1,9,0,18,0,0,0,0,0,0,1,1,6,1,57,9,1598,1,8,10,1,10
2016450084227,1,9,0,4,0,0,0,0,0,0,1,1,6,1,18,4,1364,1,9,2,1,2
2016450084227,2,5,0,4,0,0,0,0,0,0,2,1,2,1,49,8,853,1,-1,6,1,6
2016450084227,3,9,0,4,0,0,0,0,0,0,4,1,6,1,29,6,2967,1,12,10,1,10
2016450084236,1,3,0,18,0,1,2,0,0,0,0,1,2,1,52,8,124,1,10,4,1,4
2016450084240,1,9,0,16,0,0,0,0,0,0,3,1,2,2,40,7,1910,2,11,5,1,5
2016450084240,2,9,0,17,0,0,0,0,0,0,1,1,2,1,35,6,1968,2,1,5,1,5
2016450084263,1,9,0,14,0,1,2,0,2,0,4,1,1,2,54,8,2493,1,12,9,1,9
2016450084263,2,9,0,18,0,1,0,0,1,0,3,1,1,1,23,5,1781,1,14,9,1,9
2016450084273,1,11,0,9,0,6,0,0,0,0,3,1,1,1,26,6,4500,2,5,5,1,5
2016450084273,2,5,0,16,0,1,2,0,0,0,1,1,6,1,26,6,599,1,19,10,2,10
2016450084276,1,9,0,18,0,8,0,0,0,0,1,1,5,1,82,11,1328,1,9,10,3,10
2016450084279,1,9,0,18,0,0,0,0,0,0,0,1,6,3,-1,-1,-1,-1,-1,-1,-1,-1
2016450084279,2,9,0,18,0,0,0,0,0,0,3,1,2,1,26,6,1332,1,19,10,1,10
2016450084279,3,19,0,18,0,0,0,0,0,0,4,1,2,1,24,5,1995,2,3,6,1,6
2016450084288,1,1,0,17,0,0,0,0,0,0,0,1,5,1,66,10,-1,-1,-1,6,1,6
2016450084323,1,9,0,18,0,0,0,0,0,0,2,1,5,1,22,5,1398,2,12,9,1,9
2016450084323,2,9,0,18,0,0,0,0,0,0,1,1,2,1,18,4,-1,-1,-1,5,3,5
2016450084323,3,9,0,18,0,0,0,0,0,0,1,1,2,2,60,9,1248,1,3,8,1,8
2016450084344,1,4,0,4,0,0,0,0,0,0,0,1,2,1,34,6,244,1,9,8,1,8
2016450084358,1,9,0,18,0,0,0,0,0,0,1,1,5,2,22,5,999,1,2,4,1,4
2016450084397,1,9,0,7,0,8,0,0,0,0,2,1,6,1,35,6,-1,-1,-1,8,1,8
2016450084397,2,9,0,18,0,3,0,0,0,0,1,1,6,2,35,6,1997,2,1,9,1,9
2016450084397,3,9,0,18,0,8,0,0,0,0,0,1,6,3,-1,-1,-1,-1,-1,-1,-1,-1
2016450084453,1,1,0,18,0,0,5,0,0,0,3,1,5,2,39,7,-1,-1,-1,9,1,9
2016450084460,1,1,0,18,0,0,0,0,0,0,1,1,5,1,65,9,-1,-1,-1,10,3,10
2016450084497,1,1,0,18,0,1,1,0,0,0,4,1,2,2,41,7,-1,-1,-1,5,3,5
2016450084497,2,9,0,5,0,6,0,0,0,0,1,1,2,1,25,5,1951,2,10,5,3,5
2016450084525,1,9,0,18,0,1,0,0,0,0,1,1,1,2,25,5,1999,1,8,10,1,10
2016450084525,2,9,0,18,0,1,0,0,0,0,2,1,3,2,49,8,1124,1,13,5,1,5
2016450084525,3,9,0,3,0,1,0,0,0,0,2,1,6,2,43,7,1998,1,11,-1,-1,-1
2016450084617,1,9,0,4,0,0,0,0,0,0,1,1,5,2,37,7,1995,2,6,9,1,9
2016450084617,2,9,0,3,0,0,0,0,0,0,2,1,2,1,38,7,1968,2,1,10,1,10
2016450084617,3,9,0,3,0,0,0,0,0,0,2,1,5,1,49,8,2393,1,14,9,1,9
2016450084617,4,9,0,3,0,0,0,0,0,0,2,1,5,1,40,7,1794,1,16,3,1,3
2016450084665,1,9,0,4,0,0,0,0,0,0,2,1,1,1,26,6,2000,1,12,2,1,2
2016450084665,2,9,0,4,0,0,0,0,0,0,2,1,5,2,38,7,1968,2,6,10,1,10
2016450084665,3,19,0,18,0,0,0,0,0,0,1,1,6,1,34,6,-1,-1,-1,3,1,3
2016450084672,1,9,0,18,0,0,0,0,0,0,0,1,5,2,80,11,1598,1,18,5,1,5
2016450084685,1,9,0,11,0,0,0,0,0,0,4,1,2,2,36,7,1798,1,9,5,1,5
2016450084685,2,5,0,15,0,0,0,0,0,0,1,1,2,1,43,7,955,1,13,6,3,6
2016450084686,1,9,0,9,0,6,0,0,0,0,4,1,5,2,79,11,1598,1,9,10,1,10
2016450084686,2,9,0,18,0,8,0,0,0,0,1,1,2,1,25,5,1910,2,12,8,1,8
2016450084702,1,9,0,13,0,1,0,0,0,0,1,1,5,1,29,6,1910,2,10,6,3,6
2016450084702,2,2,0,9,0,5,0,0,0,0,2,1,5,1,18,4,49,1,2,6,3,6
2016450084707,1,9,0,9,0,1,0,0,0,0,1,1,6,1,38,7,998,1,12,4,1,4
2016450084707,2,9,0,5,0,1,0,0,0,0,1,1,6,2,19,4,1600,1,16,8,1,8
2016450084744,1,9,0,18,0,1,0,0,0,0,1,1,5,1,17,4,1242,1,1,10,3,10
2016450084744,2,9,0,9,0,5,0,0,0,0,2,1,6,1,71,10,1895,1,17,-1,-1,-1
2016450084756,1,9,0,17,0,0,0,0,0,0,1,1,5,2,37,7,1586,1,7,9,1,9
2016450084756,2,9,0,18,0,0,0,0,0,0,3,1,5,2,51,8,1997,1,14,-1,-1,-1
2016450084757,1,9,0,4,0,0,0,0,0,0,2,1,6,1,56,9,2993,2,2,9,1,9
2016450084757,2,9,0,4,0,0,0,0,0,0,2,1,6,2,71,10,1596,1,3,7,1,7
2016450084757,3,9,0,18,0,0,0,0,0,0,1,1,6,1,33,6,1956,2,5,8,1,8
2016450084757,4,9,0,18,0,0,0,0,0,0,1,1,6,1,62,9,2993,2,2,10,1,10
2016450084757,5,9,0,18,0,0,0,0,0,0,1,1,6,1,20,4,1364,1,11,10,1,10
2016450084770,1,9,0,9,0,5,0,0,0,0,4,1,5,1,49,8,1498,1,7,8,1,8
2016450084770,2,1,0,18,0,8,0,0,0,0,1,1,5,1,48,8,-1,-1,-1,9,1,9
2016450084772,1,9,0,18,0,2,0,0,0,0,1,1,6,2,17,4,998,1,-1,3,1,3
2016450084772,2,9,0,7,0,6,0,0,0,0,2,1,6,2,54,8,1995,2,1,7,1,7
2016450084783,1,9,0,5,0,1,2,0,0,0,1,1,6,1,24,5,1984,1,10,6,1,6
2016450084787,1,9,0,18,0,2,0,0,0,0,1,1,2,1,25,5,1360,1,11,5,1,5
2016450084787,2,9,0,3,0,3,0,0,0,0,2,1,1,2,19,4,1198,1,9,10,1,10
2016450084787,3,9,0,3,0,5,0,0,0,0,2,1,2,1,33,6,1984,1,8,8,1,8
2016450084798,1,9,0,6,0,0,0,0,0,0,3,1,5,1,77,11,1390,1,7,7,3,7
2016450084798,2,19,0,18,0,0,1,0,0,0,1,1,1,1,48,8,2446,2,19,10,2,10
2016450084821,1,9,0,18,0,1,5,0,1,0,4,1,6,2,30,6,1598,1,-1,7,3,7
2016450084821,2,9,0,9,0,6,0,0,0,0,1,1,6,2,20,4,1360,1,14,9,1,9
2016450084834,1,9,0,18,0,1,0,0,0,0,1,1,6,2,38,7,1061,1,11,-1,-1,-1
2016450084850,1,21,0,18,0,0,0,0,0,0,0,1,6,3,-1,-1,-1,-1,-1,-1,-1,-1
2016450084850,2,1,0,18,0,0,0,0,0,0,0,1,6,1,51,8,-1,-1,-1,3,1,3
2016450084873,1,9,0,18,0,4,0,0,0,0,3,1,2,2,37,7,1598,1,3,10,1,10
2016450084873,2,9,0,18,0,8,2,0,0,0,3,1,2,2,28,6,-1,-1,-1,9,1,9
2016450084890,1,9,0,9,0,8,0,0,0,0,1,1,6,1,20,4,1390,1,2,10,3,10
2016450084890,2,9,0,18,0,8,0,0,0,0,1,1,6,2,25,5,1390,1,2,9,3,9
2016450084917,1,21,0,4,0,0,0,0,0,0,2,1,1,1,24,5,5880,2,12,4,1,4
2016450084917,2,21,1,18,0,0,0,0,0,0,1,1,1,1,33,6,12777,2,8,1,1,1
2016450085012,1,2,0,18,0,1,0,7,1,7,1,1,4,1,18,4,124,1,-1,10,1,10
2016450085014,1,9,0,18,0,0,0,0,0,0,2,1,6,2,54,8,1598,1,2,8,1,8
2016450085021,1,9,0,18,0,1,0,0,0,0,3,1,6,3,-1,-1,-1,-1,-1,-1,-1,-1
2016450085076,1,9,0,18,0,0,0,0,0,0,1,1,6,1,37,7,1995,2,11,4,1,4
2016450085152,1,9,0,16,0,8,1,0,7,11,1,1,6,1,22,5,1896,2,13,8,1,8
2016450085152,2,9,0,17,0,8,0,0,1,0,1,1,6,1,21,5,1598,1,12,9,1,9