Accident_Index,Vehicle_Reference,Vehicle_Type,Towing_and_Articulation,Vehicle_Manoeuvre,Vehicle_Location-Restricted_Lane,Junction_Location,Skidding_and_Overturning,Hit_Object_in_Carriageway,Vehicle_Leaving_Carriageway,Hit_Object_off_Carriageway,1st_Point_of_Impact,Was_Vehicle_Left_Hand_Drive?,Journey_Purpose_of_Driver,Sex_of_Driver,Age_of_Driver,Age_Band_of_Driver,Engine_Capacity_(CC),Propulsion_Code,Age_of_Vehicle,Driver_IMD_Decile,Driver_Home_Area_Type,Vehicle_IMD_Decile
2016450085167,1,9,0,3,0,1,0,0,0,0,2,1,5,1,30,6,3246,1,13,4,1,4
2016450085167,2,9,0,18,0,1,0,0,0,0,1,1,5,1,79,11,1799,1,9,10,1,10
2016450085176,1,9,0,4,0,0,0,0,0,0,2,1,6,2,38,7,1968,2,4,6,1,6
2016450085176,2,9,0,18,0,0,0,0,0,0,1,1,6,1,24,5,-1,-1,-1,7,1,7
2016450085179,1,9,0,18,0,0,0,11,0,0,1,1,5,1,68,10,1991,2,7,10,1,10
2016450085179,2,9,0,18,0,0,0,11,0,0,1,1,5,2,27,6,1598,1,6,8,1,8
2016450085207,1,9,0,18,0,0,0,0,0,0,1,1,5,1,53,8,1461,2,-1,10,1,10
2016450085216,1,9,0,5,0,0,0,0,0,0,3,1,2,1,41,7,1796,1,10,10,1,10
2016450085216,2,1,0,4,0,0,0,0,0,0,1,1,6,1,44,7,-1,-1,-1,10,1,10
2016450085239,1,9,0,18,9,8,0,0,1,0,1,1,6,2,47,8,998,1,1,6,1,6
2016450085239,2,9,0,18,0,1,0,0,0,0,1,1,6,2,44,7,2179,2,9,9,1,9
2016450085243,1,9,0,5,0,8,0,0,0,0,1,1,5,2,37,7,1997,1,11,5,1,5
2016450085243,2,1,0,18,0,8,0,0,0,0,2,1,5,1,50,8,-1,-1,-1,9,1,9
2016450085281,1,3,0,9,0,8,0,0,0,0,3,1,1,1,29,6,108,1,8,8,1,8
2016450085286,1,9,0,16,0,0,0,0,0,0,1,1,5,1,43,7,1596,1,8,6,2,6
2016450085305,1,9,0,18,0,0,0,0,0,0,1,1,5,1,88,11,1242,1,6,8,1,8
2016450085455,1,1,0,18,0,0,0,0,0,0,0,1,5,2,51,8,-1,-1,-1,-1,-1,-1
2016450085496,1,1,0,18,0,1,0,0,0,0,3,1,2,1,39,7,-1,-1,-1,10,1,10
2016450085496,2,9,0,18,0,1,0,0,0,0,4,1,6,1,54,8,2143,2,2,-1,-1,-1
2016450085523,1,19,0,5,0,4,0,0,0,0,1,1,5,2,48,8,1248,2,10,-1,-1,-1
2016450085523,2,1,0,17,0,8,0,0,0,0,4,1,5,1,46,8,-1,-1,-1,7,1,7
2016450085539,1,9,0,18,0,0,0,0,0,0,1,1,6,2,21,5,1598,1,12,9,1,9
2016450085539,2,9,0,18,0,0,0,0,0,0,2,1,6,1,45,7,1582,2,3,9,1,9
2016450085571,1,1,0,14,0,1,0,10,0,0,4,1,2,2,28,6,-1,-1,-1,-1,-1,-1
2016450085579,1,9,0,18,0,8,0,0,0,0,3,1,5,2,67,10,1388,1,6,4,1,4
2016450085593,1,3,0,5,0,4,0,0,0,0,1,1,2,1,18,4,125,1,11,2,1,2
2016450085593,2,9,0,9,0,3,0,0,0,0,1,1,6,2,89,11,1242,1,16,7,3,7
2016450085595,1,9,0,4,0,0,0,0,0,0,2,1,2,2,26,6,1242,1,2,8,3,8
2016450085595,2,9,0,4,0,0,0,0,0,0,2,1,2,1,39,7,1149,1,18,10,1,10
2016450085595,3,19,0,18,0,0,1,0,0,0,1,1,2,1,32,6,1248,2,1,7,1,7
2016450085600,1,9,0,18,0,0,2,0,0,0,3,1,5,1,21,5,1199,1,13,10,1,10
2016450085643,1,9,0,5,0,6,0,0,0,0,1,1,6,3,-1,-1,-1,-1,-1,-1,-1,-1
2016450085653,1,9,0,7,0,1,0,0,0,0,1,1,5,1,77,11,1339,1,4,9,1,9
2016450085664,1,1,0,18,0,0,0,0,0,0,0,1,2,1,52,8,-1,-1,-1,3,1,3
2016450085664,2,19,0,13,0,0,0,0,0,0,0,1,6,3,-1,-1,-1,-1,-1,-1,-1,-1
2016450085699,1,3,0,4,0,1,0,0,0,0,0,1,6,1,40,7,-1,-1,-1,10,1,10
2016450085699,2,9,0,4,0,1,0,0,0,0,0,1,6,1,20,4,999,1,3,5,1,5
2016450085708,1,9,0,16,0,0,1,0,4,0,1,1,1,2,32,6,1984,1,13,10,1,10
2016450085756,1,19,0,4,0,0,1,0,2,0,1,1,5,1,24,5,1753,2,9,8,3,8
2016450085778,1,9,0,18,0,0,0,0,0,0,4,1,1,1,-1,-1,1560,2,3,8,1,8
2016450085778,2,1,0,18,0,0,0,0,0,0,3,1,6,1,-1,-1,-1,-1,-1,-1,-1,-1
2016450085780,1,1,0,18,9,0,0,0,0,0,0,1,2,1,31,6,-1,-1,-1,7,1,7
2016450085825,1,1,0,18,0,0,0,0,0,0,3,1,5,1,26,6,-1,-1,-1,9,1,9
2016450085841,1,1,0,5,0,0,0,0,0,0,0,1,5,1,63,9,-1,-1,-1,10,2,10
2016450085985,1,1,0,5,0,2,0,0,0,0,0,1,6,2,47,8,-1,-1,-1,10,2,10
2016450085986,1,9,0,18,0,0,0,0,0,0,1,1,6,1,68,10,1995,2,2,10,3,10
2016450086029,1,9,0,4,0,1,0,0,0,0,1,1,5,2,29,6,1339,1,5,9,1,9
2016450086029,2,9,0,4,0,1,0,0,0,0,2,1,5,2,20,4,1149,1,12,5,1,5
2016450086034,1,9,0,5,0,0,0,0,1,0,1,1,5,1,65,9,2776,2,8,7,1,7
2016450086034,2,19,0,18,0,0,0,0,0,0,1,1,1,1,22,5,2402,2,7,6,2,6
2016450086034,3,9,0,2,0,0,0,0,1,0,3,1,6,1,55,8,3498,1,10,7,1,7
2016450086039,1,9,0,18,0,8,0,0,0,0,1,1,5,1,28,6,1995,2,5,1,1,1
2016450086039,2,9,0,7,0,6,0,0,0,0,1,1,5,1,50,8,2143,2,3,9,1,9
2016450086039,3,9,0,18,0,8,0,0,0,0,1,1,5,2,71,10,1900,2,11,6,1,6
2016450086050,1,19,0,4,0,0,1,0,0,0,1,1,1,1,58,9,-1,-1,-1,3,1,3
2016450086050,2,11,0,4,0,0,0,0,0,0,3,1,1,1,46,8,9000,2,2,8,1,8
2016450086062,1,9,0,4,0,8,0,0,0,0,4,1,5,2,25,5,2000,2,10,5,1,5
2016450086062,2,9,0,18,0,1,0,0,0,0,1,1,5,2,50,8,1896,2,11,7,3,7
2016450086068,1,9,0,18,0,0,0,4,0,0,4,1,6,2,60,9,1395,1,1,9,1,9
2016450086068,2,9,0,2,0,0,0,0,0,0,2,1,6,2,36,7,1596,1,4,9,1,9
2016450086068,3,9,0,2,0,0,0,0,0,0,3,1,6,1,77,11,1796,1,8,10,1,10
2016450086095,1,9,0,18,0,0,0,0,0,0,3,1,5,1,88,11,1798,1,5,8,1,8
2016450086098,1,9,0,18,0,1,0,0,0,0,4,1,6,2,27,6,2967,2,-1,10,1,10
2016450086098,2,1,0,9,0,5,0,0,1,0,2,1,6,1,25,5,-1,-1,-1,10,2,10
2016450086107,1,3,0,18,0,1,0,0,0,0,3,1,5,1,20,4,124,1,2,6,1,6
2016450086107,2,9,0,9,0,1,0,0,0,0,1,1,2,2,30,6,1242,1,13,9,3,9
2016450086107,3,20,0,18,0,8,0,0,0,0,0,1,6,3,-1,-1,-1,-1,-1,-1,-1,-1
2016450086118,1,9,0,18,0,1,0,0,0,0,1,1,2,1,64,9,1598,1,9,9,3,9
2016450086118,2,9,0,10,0,5,0,0,0,0,2,1,3,1,45,7,2776,2,9,6,3,6
2016450086119,1,3,0,14,0,1,5,0,0,0,4,1,6,1,22,5,125,1,-1,3,1,3
2016450086119,2,9,0,9,0,6,0,0,0,0,1,1,2,2,41,7,1199,1,13,9,1,9
2016450086141,1,9,0,18,0,0,0,0,0,0,1,1,6,1,88,11,1198,1,1,7,2,7
2016450086141,2,9,0,4,0,0,0,0,0,0,1,1,6,2,35,6,1997,2,2,6,1,6
2016450086143,1,19,0,1,0,0,0,0,0,0,2,1,6,1,48,8,1598,2,1,8,1,8
2016450086145,1,1,0,18,0,0,1,0,0,0,0,1,5,2,33,6,-1,-1,-1,8,1,8
2016450086146,1,9,0,9,0,6,0,0,0,0,1,1,6,2,20,4,1200,1,1,9,1,9
2016450086146,2,1,0,18,0,8,0,0,0,0,2,1,2,2,46,8,-1,-1,-1,9,1,9
2016450086150,1,9,0,9,0,1,0,0,0,0,3,1,5,2,20,4,1242,1,6,10,1,10
2016450086150,2,1,0,18,0,1,0,0,0,0,1,1,5,1,12,3,-1,-1,-1,10,1,10
2016450086162,1,9,0,18,0,0,0,0,0,0,1,1,2,1,47,8,2835,2,17,9,2,9
2016450086166,1,19,0,18,0,0,0,0,0,0,1,1,1,1,68,10,2496,2,19,10,1,10
2016450086175,1,9,0,18,0,0,0,0,0,0,1,1,6,1,49,8,2457,1,12,4,1,4
2016450086175,2,9,0,18,0,0,0,0,0,0,2,1,2,2,29,6,1598,2,3,7,3,7
2016450086176,1,9,0,18,0,0,2,0,0,0,1,1,6,2,19,4,1299,1,15,7,2,7
2016450086188,1,9,0,17,0,8,0,0,0,0,1,1,2,1,61,9,998,1,18,8,1,8
2016450086188,2,9,0,8,0,8,0,0,0,0,3,1,1,1,17,4,995,1,6,10,1,10
2016450086198,1,19,0,11,0,0,0,0,0,0,4,1,2,1,46,8,1968,2,-1,10,1,10
2016450086198,2,9,0,2,0,0,0,0,0,0,3,1,6,1,40,7,1995,1,10,9,3,9
2016450086198,3,9,0,18,0,0,0,0,0,0,0,1,6,3,-1,-1,-1,-1,-1,-1,-1,-1
2016450086216,1,9,0,5,0,1,0,0,0,0,4,1,6,2,48,8,1200,1,1,8,1,8
2016450086386,1,1,0,18,0,0,0,0,0,0,0,1,1,1,21,5,-1,-1,-1,8,1,8
2016450086388,1,5,0,4,0,0,1,0,0,0,0,1,2,1,56,9,675,1,7,10,1,10
2016450086389,1,1,0,9,0,1,0,0,0,0,0,1,1,1,51,8,-1,-1,-1,10,1,10
2016450086389,2,9,0,18,0,1,0,0,0,0,1,1,6,3,50,8,-1,-1,-1,-1,-1,-1
2016450086390,1,9,0,17,0,0,1,0,1,4,4,1,5,1,89,11,1796,1,13,6,2,6
2016450086391,1,5,0,13,0,1,2,0,7,0,3,1,2,1,55,8,599,1,16,5,1,5
2016450086399,1,9,0,18,0,8,0,0,0,0,4,1,2,3,50,8,-1,-1,-1,-1,-1,-1
2016450086399,2,9,0,18,0,8,0,0,0,0,1,1,6,2,51,8,998,1,13,7,1,7
2016450086402,1,9,0,18,0,3,2,0,1,0,1,1,5,2,68,10,1998,1,1,9,3,9
2016450086403,1,9,0,12,0,0,0,0,5,0,1,1,3,2,37,7,1796,1,12,5,1,5
2016450086452,1,19,0,1,0,0,0,4,0,0,2,1,6,1,59,9,2402,2,12,3,1,3
2016450086452,2,9,0,2,0,0,0,0,0,0,3,1,6,1,-1,-1,1399,1,11,4,1,4
2016450086460,1,9,0,16,0,0,0,0,0,0,1,1,5,1,34,6,1590,1,13,10,1,10
2016450086471,1,9,0,18,0,0,1,10,2,0,1,1,6,1,70,10,998,1,8,10,1,10
2016450086479,1,9,0,18,0,1,0,0,0,0,1,1,5,1,47,8,2179,2,7,-1,-1,-1
2016450086479,2,9,0,18,0,8,0,0,0,0,4,1,2,1,22,5,1149,1,16,9,1,9
2016450086488,1,4,0,18,0,8,5,0,0,0,4,1,2,1,59,9,400,1,8,5,1,5
2016450086493,1,9,0,18,0,0,0,0,0,0,1,1,6,1,48,8,1995,2,5,10,1,10
2016450086493,2,9,0,18,0,0,0,0,0,0,2,1,6,2,39,7,1339,1,-1,6,2,6
2016450086493,3,9,0,18,0,0,0,0,0,0,2,1,6,1,41,7,2191,2,1,3,2,3
2016450086505,1,9,0,5,0,0,0,0,1,3,3,1,3,2,33,6,1596,1,2,8,1,8
2016450086505,2,9,0,5,0,0,0,0,0,0,4,1,5,1,36,7,1796,1,10,10,2,10
2016450086517,1,9,0,17,0,0,1,0,1,2,4,1,5,2,18,4,1299,1,14,8,1,8
2016450086522,1,9,0,9,0,6,0,0,0,0,3,1,5,1,31,6,2148,2,7,5,1,5
2016450086522,2,9,0,18,0,8,0,0,0,0,1,1,2,1,48,8,1390,1,18,5,1,5
2016450086537,1,9,0,7,0,1,2,0,1,1,1,1,5,1,26,6,1386,1,4,7,1,7
2016450086561,1,9,0,18,0,1,0,0,0,0,1,1,1,1,61,9,2400,2,4,10,1,10
2016450086561,2,9,0,3,0,1,0,0,0,0,2,1,6,1,81,11,1596,1,8,10,1,10
2016450086561,3,9,0,10,0,5,0,0,0,0,2,1,6,2,38,7,2982,2,9,9,3,9
2016450086562,1,9,0,4,0,0,1,0,0,0,1,1,5,1,30,6,1596,1,2,9,1,9
2016450086562,2,9,0,4,0,0,0,0,0,0,2,1,5,1,33,6,2995,1,6,9,1,9
2016450086575,1,2,0,18,0,0,1,0,0,0,3,1,1,1,17,4,49,1,8,5,1,5
2016450086575,2,9,0,6,0,0,0,0,0,0,4,1,1,2,33,6,1299,1,14,7,1,7
2016450086579,1,9,0,18,0,4,0,0,0,0,3,1,6,1,71,10,2494,2,-1,4,1,4
2016450086579,2,1,0,18,0,8,0,0,0,0,1,1,6,1,-1,-1,-1,-1,-1,6,1,6
2016450086598,1,9,0,18,0,0,0,0,0,0,1,1,1,1,46,8,2143,2,-1,-1,-1,-1
2016450086598,2,9,0,4,0,0,0,0,0,0,2,1,5,2,59,9,999,1,2,3,1,3
2016450086599,1,9,0,18,0,3,0,0,0,0,0,1,6,3,40,7,-1,-1,-1,-1,-1,-1
2016450086599,2,9,0,16,0,3,0,0,7,0,3,1,6,2,53,8,799,2,6,8,1,8
2016450086608,1,9,0,4,0,1,0,0,0,0,1,1,5,2,24,5,1299,1,10,9,1,9
2016450086608,2,9,0,4,0,1,0,0,0,0,1,1,5,1,24,5,1497,1,12,10,1,10
2016450086609,1,9,0,18,0,0,1,0,0,0,1,1,6,1,21,5,999,1,17,8,1,8
2016450086609,2,9,0,18,0,0,0,0,0,0,1,1,6,1,58,9,1968,2,8,8,3,8
2016450086631,1,9,0,18,0,0,0,0,0,0,1,1,1,2,28,6,1149,1,13,10,1,10
2016450086631,2,9,0,2,0,0,0,0,0,0,2,1,6,1,67,10,1999,2,-1,10,1,10
2016450086633,1,9,0,18,0,0,0,0,0,0,4,1,2,1,53,8,2494,8,1,5,1,5
2016450086633,2,9,0,11,0,0,0,0,0,0,4,1,2,1,26,6,1598,2,-1,3,1,3
2016450086633,3,9,0,18,0,0,0,0,0,0,3,1,5,2,36,7,2400,2,6,2,1,2
2016450086633,4,9,0,18,0,0,1,0,0,0,1,1,5,2,81,11,1998,1,12,8,1,8
2016450086634,1,9,0,18,0,0,1,0,4,0,1,1,5,1,55,8,1598,1,14,8,1,8
2016450086652,1,1,0,16,0,0,0,0,0,0,1,1,6,1,58,9,-1,-1,-1,10,1,10
2016450086652,2,19,0,2,0,0,0,0,0,0,1,1,1,1,52,8,3920,2,10,6,1,6
2016450086655,1,9,0,18,0,4,5,9,3,0,1,1,6,1,21,5,1968,2,8,9,1,9
2016450086687,1,9,0,18,0,0,0,0,0,0,0,1,6,2,51,8,1600,1,5,10,1,10
2016450086697,1,5,0,16,0,0,0,0,8,0,3,1,6,1,28,6,748,1,19,6,1,6
2016450086707,1,5,0,13,0,1,0,0,0,0,3,1,6,1,34,6,998,1,3,-1,-1,-1
2016450086707,2,9,0,9,0,6,0,0,0,0,3,1,6,3,-1,-1,2996,1,8,-1,-1,-1
2016450086707,3,9,0,3,0,1,0,0,0,0,3,1,6,3,-1,-1,1999,1,6,-1,-1,-1
2016450086846,1,9,0,18,0,0,0,0,0,0,4,1,6,1,71,10,2993,2,6,10,2,10
2016450086878,1,9,0,2,0,0,0,0,0,0,0,1,6,2,51,8,998,1,6,9,2,9
2016450086878,2,9,0,1,0,0,0,0,0,0,0,1,6,1,40,7,1968,2,4,5,1,5
2016450086879,1,1,0,18,0,0,0,0,0,0,3,1,4,1,15,3,-1,-1,-1,7,3,7
2016450086879,2,9,0,18,0,0,0,0,0,0,4,1,6,3,-1,-1,2496,2,12,-1,-1,-1
2016450086917,1,9,0,9,0,5,0,0,0,0,1,1,2,1,34,6,1248,2,8,7,3,7
2016450086917,2,9,0,18,0,1,0,0,0,0,1,1,2,2,42,7,1248,1,5,10,2,10
2016450086926,1,1,0,18,0,8,0,0,0,0,3,1,6,1,32,6,-1,-1,-1,8,1,8
2016450086926,2,9,0,5,0,4,0,0,0,0,4,1,6,1,-1,-1,1363,2,12,10,1,10
2016450086970,1,1,0,3,0,0,0,0,0,0,0,1,6,2,24,5,-1,-1,-1,5,1,5
2016450086970,2,9,0,3,0,0,0,0,0,0,0,1,6,2,-1,-1,-1,-1,-1,-1,-1,-1
2016450086982,1,9,0,18,0,1,0,0,0,0,1,1,6,1,40,7,1995,2,5,10,1,10
2016450086982,2,9,0,8,0,1,0,0,0,0,2,1,6,2,33,6,1590,1,15,8,1,8
2016450086984,1,9,0,3,0,1,0,0,0,0,1,1,2,2,28,6,1995,2,10,9,1,9
2016450086984,2,9,0,3,0,1,0,0,0,0,2,1,2,2,24,5,1395,1,1,10,1,10
2016450086986,1,9,0,3,0,6,0,0,0,0,1,1,6,2,26,6,1229,1,-1,4,1,4
2016450086986,2,9,0,18,0,6,0,0,0,0,2,1,1,1,33,6,1560,2,8,2,1,2
2016450087014,1,9,0,18,0,0,0,0,0,0,1,1,5,2,36,7,1560,2,3,6,2,6
2016450087038,1,9,0,18,0,0,0,0,0,0,1,1,2,1,40,7,-1,-1,-1,6,1,6
2016450087038,2,9,0,18,0,0,0,0,0,0,3,1,6,3,40,7,-1,-1,-1,-1,-1,-1
2016450087048,1,9,0,10,0,6,0,0,0,0,1,1,2,2,43,7,1995,2,7,8,2,8
2016450087048,2,5,0,14,0,1,0,0,0,0,1,1,2,1,24,5,998,1,13,9,2,9
2016450087051,1,9,0,9,0,6,0,0,0,0,1,1,2,1,25,5,1598,1,11,7,1,7
2016450087051,2,1,0,18,0,1,0,0,0,0,1,1,2,2,45,7,-1,-1,-1,4,1,4
2016450087060,1,9,0,9,0,6,0,0,0,0,1,1,2,1,24,5,1360,1,14,4,1,4
2016450087060,2,9,0,18,0,1,1,0,0,0,1,1,2,1,59,9,1396,1,17,8,1,8
2016450087074,1,3,0,18,0,1,0,0,0,0,1,1,6,1,19,4,124,1,6,5,1,5
2016450087074,2,9,0,18,0,4,0,0,0,0,4,1,6,3,-1,-1,-1,-1,-1,-1,-1,-1
2016450087091,1,9,0,5,0,0,0,0,0,0,2,1,1,2,24,5,1242,1,6,7,1,7
2016450087091,2,9,0,5,0,0,0,0,0,0,2,1,6,2,66,10,998,1,1,10,2,10
2016450087091,3,19,0,3,0,0,0,0,0,0,1,1,1,1,49,8,2400,2,14,4,1,4
2016450087096,1,9,0,8,0,0,0,0,0,0,4,1,6,2,27,6,1360,1,12,5,1,5
2016450087110,1,9,0,9,0,1,0,0,0,0,1,1,5,1,43,7,1968,2,-1,5,1,5
2016450087110,2,9,0,7,0,1,0,0,0,0,1,1,1,2,54,8,1968,2,7,4,1,4
2016450087113,1,5,0,18,0,1,2,0,0,0,1,1,6,1,24,5,675,1,5,-1,-1,-1
2016450087113,2,9,0,9,0,5,0,0,0,0,4,1,1,1,36,7,1997,1,14,2,1,2
2016450087131,1,9,0,16,0,0,0,0,0,0,1,1,5,2,84,11,1992,2,9,8,1,8
2016450087131,2,90,5,18,0,0,0,0,0,0,3,1,1,1,63,9,6700,2,-1,1,1,1
2016450087135,1,19,0,4,0,0,0,0,0,0,1,1,1,1,60,9,1997,2,3,9,1,9
2016450087135,2,19,0,18,0,0,0,0,0,0,2,1,2,1,24,5,2198,2,2,2,1,2
2016450087258,1,9,0,16,0,0,0,0,0,0,1,1,2,1,24,5,1388,1,11,10,1,10
2016450087285,1,9,0,4,0,0,0,0,0,0,2,1,2,1,53,8,1968,2,1,8,3,8
2016450087285,2,9,0,4,0,0,0,0,0,0,2,1,5,2,67,10,1240,1,7,8,1,8
2016450087285,3,9,0,4,0,0,0,0,0,0,2,1,5,2,25,5,1587,1,17,2,1,2
2016450087285,4,19,0,18,0,0,0,0,0,0,1,1,1,1,32,6,6370,2,6,3,1,3
2016450087292,1,9,0,3,0,0,0,0,0,0,2,1,5,1,26,6,1242,1,8,10,1,10
2016450087292,2,9,0,18,0,0,0,0,0,0,1,1,1,1,26,6,1995,2,3,4,1,4
2016450087316,1,9,0,4,0,0,0,0,0,0,2,1,5,2,40,7,1995,2,3,9,1,9
2016450087316,2,9,0,3,0,0,0,0,0,0,2,1,5,2,82,11,1896,1,17,9,1,9
2016450087316,3,19,0,4,0,0,0,0,0,0,1,1,5,1,69,10,2198,2,9,7,1,7
2016450087328,1,19,0,18,0,0,0,0,0,0,1,1,1,1,47,8,1598,2,1,3,1,3
2016450087367,1,9,0,18,0,1,0,0,0,0,1,1,6,2,24,5,1299,1,17,4,1,4
2016450087367,2,9,0,9,0,6,0,0,0,0,3,1,6,2,82,11,1198,1,7,10,1,10
2016450087387,1,9,0,3,0,0,0,0,0,0,2,1,5,2,66,10,1998,1,14,10,1,10
2016450087387,2,1,0,4,0,0,0,0,0,0,1,1,2,1,53,8,-1,-1,-1,9,1,9
2016450087408,1,9,0,18,0,0,0,0,0,0,1,1,5,1,35,6,1360,1,10,5,1,5
2016450087408,2,9,0,18,0,0,0,0,0,0,3,1,5,1,51,8,2497,1,10,10,1,10
2016450087427,1,9,0,10,0,5,0,0,0,0,2,1,2,2,49,8,2993,2,2,10,1,10
2016450087427,2,1,0,4,0,1,0,0,0,0,1,1,5,1,36,7,-1,-1,-1,10,1,10
2016450087436,1,9,0,1,0,0,0,0,0,0,2,1,6,1,20,4,1900,2,9,6,1,6
2016450087442,1,9,0,9,0,5,0,0,0,0,1,1,2,1,64,9,1586,1,7,8,1,8
2016450087452,1,9,0,9,0,5,0,0,0,0,4,1,6,1,17,4,999,1,13,9,2,9
2016450087452,2,3,0,18,0,1,0,0,0,0,1,1,2,1,32,6,124,1,1,5,1,5
2016450087457,1,9,0,18,0,0,0,0,0,0,1,1,6,1,55,8,4367,2,1,7,3,7
2016450087457,2,9,0,18,0,0,0,0,0,0,2,1,6,1,54,8,2987,2,1,6,3,6
2016450087457,3,19,0,18,0,0,0,0,0,0,2,1,6,1,38,7,1598,2,2,10,1,10
2016450087457,4,9,0,18,0,0,0,0,0,0,2,1,6,1,55,8,2143,2,1,7,1,7
2016450087482,1,9,0,3,0,0,0,0,0,0,2,1,5,1,42,7,1598,1,12,4,1,4
2016450087482,2,9,0,4,0,0,0,0,0,0,1,1,6,1,65,9,2198,2,8,9,1,9
2016450087482,3,9,0,4,0,0,0,0,0,0,0,1,6,3,40,7,-1,-1,-1,-1,-1,-1
2016450087483,1,9,0,18,0,0,0,0,0,0,4,1,2,2,41,7,1364,1,-1,2,1,2
2016450087483,2,4,0,18,0,0,1,0,0,0,3,1,2,1,35,6,750,1,2,4,2,4
2016450087486,1,9,0,9,0,5,0,0,0,0,4,1,2,2,59,9,1968,2,9,7,1,7
2016450087486,2,5,0,18,0,1,2,0,0,0,1,1,6,1,53,8,675,1,9,6,1,6
2016450087502,1,9,0,18,0,0,0,0,0,0,2,1,5,1,-1,-1,1242,1,14,8,1,8
2016450087502,2,9,0,18,0,0,0,0,0,0,1,1,6,3,-1,-1,-1,-1,-1,-1,-1,-1
2016450087504,1,9,0,16,0,0,1,0,0,0,1,1,6,1,25,5,998,1,10,7,3,7
2016450087504,2,19,0,18,0,0,0,0,0,0,1,1,6,1,30,6,2143,2,2,-1,-1,-1
2016450087514,1,9,0,18,0,0,0,0,0,0,1,1,1,2,30,6,1582,2,9,7,1,7
2016450087514,2,9,0,2,0,0,0,0,0,0,2,1,6,2,43,7,1598,1,4,9,1,9
2016450087514,3,9,0,2,0,0,0,0,0,0,0,1,6,2,44,7,2000,7,12,9,1,9
2016450087520,1,1,0,18,0,1,0,0,0,0,3,1,6,2,26,6,-1,-1,-1,9,1,9
2016450087520,2,9,0,9,0,5,0,0,0,0,1,1,6,2,40,7,2494,8,1,10,1,10
2016450087557,1,4,0,18,0,1,0,0,0,0,3,1,2,1,27,6,125,1,4,8,3,8
2016450087557,2,9,0,5,0,6,0,0,0,0,3,1,2,1,49,8,1299,1,13,5,1,5
2016450087559,1,9,0,18,0,1,0,0,0,0,1,1,5,1,23,5,1598,1,13,5,1,5
2016450087582,1,19,0,4,0,0,0,0,0,0,1,1,1,1,40,7,2198,2,-1,9,1,9
2016450087582,2,9,0,4,0,0,0,0,0,0,2,1,5,1,71,10,1999,1,8,3,1,3
2016450087582,3,9,0,4,0,0,0,0,0,0,2,1,5,2,22,5,1360,1,8,7,1,7
2016450087582,4,9,0,4,0,0,0,0,0,0,2,1,5,2,44,7,1398,1,11,10,1,10
2016450087582,5,9,0,4,0,0,0,0,0,0,2,1,5,1,66,10,2179,2,2,7,3,7
2016450087583,1,9,0,18,0,1,0,0,0,0,1,1,6,1,59,9,1797,8,3,2,1,2
2016450087583,2,9,0,4,0,1,0,0,0,0,2,1,2,1,29,6,2976,1,12,3,1,3
2016450087583,3,9,0,4,0,1,0,0,0,0,2,1,6,1,26,6,1995,2,2,9,1,9
2016450087593,1,9,0,7,0,6,0,0,0,0,1,1,6,2,34,6,1796,1,12,10,1,10
2016450087593,2,9,0,18,0,1,0,0,0,0,4,1,6,2,47,8,2776,2,8,10,1,10
2016450087615,1,1,0,18,0,0,0,0,0,0,3,1,2,2,55,8,-1,-1,-1,7,2,7
2016450087615,2,9,0,13,0,0,0,0,0,0,3,1,6,2,80,11,1591,1,7,10,2,10
2016450087624,1,9,0,3,0,1,0,0,0,0,1,1,6,1,23,5,1984,1,14,1,1,1
2016450087624,2,9,0,7,0,1,0,0,0,0,2,1,6,2,32,6,998,1,14,7,1,7
2016450087724,1,9,0,18,0,0,0,0,0,0,1,1,6,1,53,8,1598,1,12,7,1,7
2016450087724,2,9,0,18,0,0,0,0,0,0,3,1,6,2,50,8,999,1,-1,8,1,8
2016450087751,1,9,0,9,0,6,0,0,0,0,3,1,6,2,67,10,1595,1,19,10,1,10
2016450087751,2,1,0,18,0,8,0,0,0,0,1,1,1,1,40,7,-1,-1,-1,5,1,5
2016450087770,1,9,0,18,0,1,0,0,0,0,3,1,5,2,43,7,1242,1,5,10,1,10
2016450087770,2,9,0,9,0,5,0,0,0,0,3,1,5,1,60,9,3993,1,1,10,1,10
2016450087848,1,9,0,9,0,1,0,0,0,0,2,1,1,1,53,8,1396,2,3,10,1,10
2016450087848,2,9,0,18,0,8,0,0,0,0,1,1,6,1,76,11,1910,2,6,10,1,10
2016450087848,3,9,0,9,0,1,0,0,0,0,1,1,6,2,40,7,1299,1,15,-1,-1,-1
2016450087865,1,1,0,18,0,1,5,0,0,0,1,1,6,1,48,8,-1,-1,-1,8,1,8
2016450087865,2,9,0,7,0,5,0,0,0,0,4,1,6,2,27,6,1229,1,6,10,1,10
2016450087890,1,9,0,3,0,1,0,0,0,0,2,1,1,1,23,5,1398,1,14,8,1,8
2016450087890,2,19,0,18,0,1,0,0,0,0,1,1,5,1,-1,-1,1560,2,2,-1,-1,-1