Accident_Index,Vehicle_Reference,Vehicle_Type,Towing_and_Articulation,Vehicle_Manoeuvre,Vehicle_Location-Restricted_Lane,Junction_Location,Skidding_and_Overturning,Hit_Object_in_Carriageway,Vehicle_Leaving_Carriageway,Hit_Object_off_Carriageway,1st_Point_of_Impact,Was_Vehicle_Left_Hand_Drive?,Journey_Purpose_of_Driver,Sex_of_Driver,Age_of_Driver,Age_Band_of_Driver,Engine_Capacity_(CC),Propulsion_Code,Age_of_Vehicle,Driver_IMD_Decile,Driver_Home_Area_Type,Vehicle_IMD_Decile
2016450087901,1,5,0,13,0,1,2,0,0,0,1,1,1,1,35,6,998,1,2,9,1,9
2016450087901,2,9,0,9,0,5,0,0,0,0,3,1,1,1,50,8,-1,-1,-1,8,3,8
2016450087908,1,9,0,3,0,1,0,0,0,0,2,1,5,2,19,4,1199,1,15,10,1,10
2016450087908,2,9,0,3,0,1,0,0,0,0,1,1,6,2,37,7,1586,1,9,8,1,8
2016450087924,1,19,0,1,0,1,0,0,0,0,2,1,6,1,41,7,2148,2,9,4,1,4
2016450087929,1,9,0,7,0,4,0,0,0,0,1,1,3,2,37,7,1896,2,8,6,1,6
2016450087929,2,1,0,11,0,8,0,0,0,0,2,1,4,1,38,7,-1,-1,-1,8,1,8
2016450087938,1,9,0,1,6,1,0,0,0,0,2,1,2,2,31,6,1242,1,14,3,1,3
2016450087938,2,9,0,10,6,1,0,0,0,0,1,1,2,1,36,7,1685,2,1,10,1,10
2016450087949,1,9,0,18,0,0,0,0,0,0,1,1,6,1,57,9,1796,1,10,1,1,1
2016450087953,1,19,0,18,0,0,0,0,0,0,1,1,1,1,20,4,1598,2,5,3,1,3
2016450087953,2,9,0,18,0,0,0,0,0,0,2,1,1,1,46,8,2000,2,6,9,2,9
2016450087953,3,9,0,18,0,0,0,0,0,0,0,1,6,3,40,7,-1,-1,-1,-1,-1,-1
2016450087967,1,9,0,17,0,8,5,0,2,0,1,1,6,2,19,4,1198,1,9,-1,-1,-1
2016450087993,1,9,0,18,0,0,5,12,0,0,4,1,5,2,32,6,-1,-1,-1,8,1,8
2016450088010,1,9,0,18,0,0,0,0,0,0,1,1,5,1,84,11,1323,1,15,9,1,9
2016450088010,2,90,0,2,0,0,0,0,0,0,2,1,1,1,56,9,-1,-1,-1,6,1,6
2016450088012,1,9,0,17,0,8,0,0,0,0,3,1,6,1,17,4,1390,1,8,10,1,10
2016450088012,2,5,0,17,0,8,0,0,0,0,1,1,6,1,51,8,1450,1,12,10,2,10
2016450088027,1,11,0,4,0,0,0,0,0,0,0,1,1,1,44,7,6700,2,9,8,1,8
2016450088036,1,9,0,16,0,3,0,0,0,0,3,1,3,1,42,7,2979,1,1,10,1,10
2016450088047,1,9,0,5,0,1,0,0,0,0,2,1,1,1,49,8,1995,2,4,10,1,10
2016450088047,2,9,0,3,0,4,0,0,0,0,1,1,1,1,31,6,1339,1,7,4,1,4
2016450088053,1,9,0,4,0,1,0,0,0,0,1,1,6,1,50,8,-1,1,-1,9,3,9
2016450088053,2,9,0,3,0,4,0,0,0,0,2,1,3,2,47,8,1242,1,18,10,1,10
2016450088056,1,9,0,9,0,6,0,0,0,0,3,1,1,1,67,10,1950,2,-1,7,1,7
2016450088056,2,9,0,18,0,8,0,0,0,0,1,1,1,1,30,6,1995,2,-1,8,1,8
2016450088061,1,19,0,4,0,0,0,0,0,0,1,1,6,1,54,8,1248,2,9,5,1,5
2016450088061,2,9,0,4,0,0,0,0,0,0,2,1,2,1,19,4,1197,1,-1,8,1,8
2016450088061,3,9,5,4,0,0,0,0,0,0,2,1,5,2,65,9,996,1,7,10,1,10
2016450088091,1,9,0,18,0,6,0,0,0,0,1,1,5,1,21,5,1994,1,11,10,3,10
2016450088091,2,9,0,18,0,1,0,0,0,0,0,1,1,1,53,8,2993,2,3,8,1,8
2016450088091,3,9,0,18,0,8,0,0,0,0,3,1,1,1,30,6,2993,2,1,8,1,8
2016450088294,1,9,0,15,0,0,0,0,0,0,1,1,5,2,71,10,1797,8,4,10,1,10
2016450088294,2,9,0,18,0,0,0,0,0,0,1,1,3,2,52,8,1329,1,3,7,1,7
2016450088312,1,1,0,18,0,0,5,0,0,0,0,1,6,1,50,8,-1,-1,-1,10,1,10
2016450088313,1,9,0,18,0,8,1,0,0,0,1,1,2,2,36,7,1598,1,5,9,1,9
2016450088313,2,9,0,8,0,5,0,0,0,0,2,1,3,1,47,8,1762,1,16,8,1,8
2016450088321,1,4,0,18,0,0,2,0,0,0,4,1,2,1,39,7,998,1,14,7,2,7
2016450088321,2,9,0,18,0,0,0,0,0,0,0,1,5,1,54,8,2993,2,3,9,2,9
2016450088321,3,9,0,18,0,0,0,0,0,0,1,1,1,1,29,6,1560,2,6,3,1,3
2016450088325,1,9,0,6,0,0,0,0,0,0,3,1,6,2,36,7,1364,2,6,6,1,6
2016450088325,2,4,0,14,0,0,0,0,0,0,1,1,1,1,43,7,955,1,15,8,1,8
2016450088328,1,9,0,9,0,3,0,0,0,0,4,1,2,1,19,4,1360,1,10,7,1,7
2016450088328,2,9,0,4,0,4,0,0,0,0,1,1,5,2,42,7,1798,1,9,8,1,8
2016450088336,1,9,0,16,0,0,0,0,0,0,1,1,6,2,29,6,1498,1,9,8,3,8
2016450088336,2,9,0,17,0,0,0,0,0,0,1,1,2,2,26,6,1395,1,1,7,1,7
2016450088350,1,9,0,18,0,0,0,0,0,0,2,1,5,1,64,9,1986,2,10,7,3,7
2016450088350,2,1,0,18,0,0,0,0,0,0,1,1,6,1,75,10,-1,-1,-1,10,1,10
2016450088357,1,9,0,9,0,0,0,0,0,0,1,1,6,2,65,9,1388,1,7,-1,-1,-1
2016450088357,2,1,0,18,0,0,0,0,0,0,1,1,2,1,37,7,-1,-1,-1,8,1,8
2016450088358,1,1,0,18,0,0,0,0,0,0,0,1,6,1,49,8,-1,-1,-1,6,1,6
2016450088368,1,1,0,18,0,0,0,0,0,0,1,1,6,1,51,8,-1,-1,-1,7,1,7
2016450088368,2,1,0,18,0,0,0,0,0,0,2,1,6,1,50,8,-1,-1,-1,7,1,7
2016450088379,1,9,0,16,0,0,1,0,1,4,2,1,6,2,36,7,1796,1,15,6,1,6
2016450088379,2,9,0,18,0,0,0,0,0,0,3,1,2,2,19,4,1396,1,14,7,1,7
2016450088379,3,9,0,16,0,0,0,0,0,0,1,1,6,2,25,5,1461,2,4,2,1,2
2016450088379,4,9,0,18,0,0,0,0,0,0,0,1,6,3,-1,-1,-1,-1,-1,-1,-1,-1
2016450088380,1,9,0,18,0,6,0,0,0,0,1,1,1,1,50,8,1796,1,9,4,1,4
2016450088380,2,1,0,16,0,1,0,0,0,0,3,1,6,1,20,4,-1,-1,-1,10,3,10
2016450088391,1,9,0,3,0,1,0,0,0,0,1,1,1,1,30,6,-1,-1,-1,7,1,7
2016450088391,2,9,0,3,0,1,0,0,0,0,2,1,5,2,45,7,1598,1,11,10,1,10
2016450088393,1,9,0,3,0,0,0,0,0,0,2,1,6,1,32,6,1598,2,5,4,1,4
2016450088393,2,9,0,4,0,0,0,0,0,0,1,1,6,2,76,11,1124,1,15,6,1,6
2016450088408,1,9,0,7,0,1,0,0,0,0,3,1,2,2,39,7,1598,1,8,8,3,8
2016450088408,2,20,1,7,0,1,0,0,0,0,4,1,1,1,45,7,-1,-1,-1,7,2,7
2016450088414,1,9,0,18,0,0,0,0,1,4,1,1,5,1,24,5,1910,2,11,10,2,10
2016450088415,1,5,0,18,0,0,1,12,0,0,1,1,6,1,43,7,649,1,5,10,1,10
2016450088430,1,5,0,7,0,3,0,0,0,0,4,1,2,1,48,8,1261,1,10,10,1,10
2016450088430,2,9,0,9,0,8,0,0,0,0,3,1,2,2,30,6,1364,1,3,-1,-1,-1
2016450088436,1,9,0,5,0,7,0,0,0,0,4,1,6,1,27,6,1599,1,11,4,1,4
2016450088436,2,21,1,3,0,7,0,0,0,0,3,1,1,1,52,8,12902,2,1,5,2,5
2016450088440,1,9,0,18,0,1,0,0,0,0,1,1,2,2,36,7,1956,2,1,6,1,6
2016450088440,2,9,0,18,0,8,0,0,0,0,1,1,6,2,30,6,1368,1,-1,10,1,10
2016450088441,1,1,0,18,0,2,0,0,0,0,1,1,1,2,26,6,-1,-1,-1,6,1,6
2016450088441,2,9,0,7,0,1,0,0,0,0,4,1,6,1,57,9,1956,2,5,9,1,9
2016450088450,1,1,0,18,0,0,0,0,1,0,1,1,5,1,36,7,-1,-1,-1,10,1,10
2016450088451,1,11,0,4,0,0,0,0,0,0,0,1,1,1,49,8,4500,2,6,4,1,4
2016450088454,1,3,0,9,0,1,0,0,0,0,2,1,2,1,52,8,125,1,1,6,1,6
2016450088454,2,3,0,18,0,1,0,0,2,0,1,1,6,1,22,5,124,1,1,7,1,7
2016450088459,1,3,0,18,0,1,0,0,0,0,1,1,6,1,26,6,125,1,2,10,1,10
2016450088459,2,9,0,5,0,6,0,0,0,0,3,1,6,1,50,8,1360,1,12,6,1,6
2016450088460,1,9,0,9,0,1,0,0,0,0,4,1,6,2,-1,-1,-1,-1,-1,-1,-1,-1
2016450088460,2,1,0,9,0,1,2,0,0,0,3,1,6,1,17,4,-1,-1,-1,10,1,10
2016450088477,1,9,0,11,0,0,0,0,0,0,1,1,6,1,22,5,1984,1,14,6,1,6
2016450088477,2,9,0,4,0,0,0,0,0,0,2,1,6,1,77,11,1796,1,4,10,3,10
2016450088512,1,9,0,9,0,0,0,0,0,0,3,1,6,1,17,4,1390,1,17,10,1,10
2016450088536,1,1,0,7,0,8,5,0,0,0,0,1,6,1,40,7,-1,-1,-1,9,1,9
2016450088551,1,9,0,18,0,1,0,0,0,0,0,1,6,3,-1,-1,-1,-1,-1,-1,-1,-1
2016450088553,1,4,0,18,0,0,0,0,0,0,4,1,2,1,20,4,471,1,-1,7,1,7
2016450088553,2,9,0,11,0,0,0,0,0,0,0,1,6,3,40,7,-1,-1,-1,-1,-1,-1
2016450088553,3,9,0,18,0,0,0,0,0,0,3,1,2,1,34,6,1560,2,6,7,1,7
2016450088765,1,9,0,18,0,1,0,0,0,0,1,1,2,2,34,6,1560,2,6,7,2,7
2016450088765,2,19,0,5,0,6,1,0,0,0,3,1,5,1,40,7,-1,-1,-1,5,3,5
2016450088769,1,5,0,13,0,1,0,0,0,0,4,1,2,1,27,6,599,1,5,9,1,9
2016450088769,2,9,0,9,0,5,0,0,0,0,4,1,6,2,44,7,1984,1,-1,8,1,8
2016450088774,1,9,0,1,9,0,0,0,0,0,2,1,5,2,38,7,1796,1,8,10,1,10
2016450088775,1,9,0,18,0,0,0,0,0,0,1,1,2,1,55,8,2793,1,15,5,1,5
2016450088775,2,9,0,18,0,0,0,0,0,0,2,1,6,1,42,7,1598,2,2,5,1,5
2016450088775,3,19,0,18,0,0,0,0,0,0,2,1,1,1,48,8,2299,2,1,8,2,8
2016450088775,4,9,0,18,0,0,0,0,0,0,2,1,1,1,62,9,1910,2,8,5,1,5
2016450088775,5,9,0,18,0,0,0,0,0,0,2,1,6,2,67,10,1796,1,11,10,1,10
2016450088811,1,9,0,18,0,0,0,0,0,0,1,1,6,1,78,11,2993,2,4,5,1,5
2016450088811,2,9,0,4,0,0,0,0,0,0,2,1,1,1,43,7,2143,2,4,5,1,5
2016450088817,1,19,0,4,0,0,1,0,0,0,1,1,1,1,28,6,2198,2,2,3,1,3
2016450088817,2,9,0,4,0,0,1,0,0,0,2,1,5,2,46,8,1598,1,14,9,1,9
2016450088817,3,9,0,4,0,0,0,0,0,0,2,1,5,2,40,7,1896,2,12,5,1,5
2016450088831,1,9,0,18,0,0,0,0,0,0,1,1,6,2,25,5,1461,2,7,7,1,7
2016450088831,2,9,0,18,0,0,0,0,0,0,1,1,6,1,72,10,4196,1,7,-1,-1,-1
2016450088856,1,9,0,4,0,0,0,0,0,0,1,1,6,1,25,5,1360,1,14,6,1,6
2016450088856,2,9,0,4,0,0,0,0,0,0,2,1,6,1,33,6,1995,2,3,10,1,10
2016450088869,1,9,0,18,0,0,1,0,8,0,1,1,1,1,35,6,1560,2,11,7,1,7
2016450088879,1,9,0,4,0,1,0,0,0,0,1,1,3,2,48,8,1349,1,6,5,1,5
2016450088879,2,9,0,4,0,1,0,0,0,0,2,1,1,2,43,7,1329,1,1,5,1,5
2016450088897,1,1,0,18,0,0,0,0,1,0,0,1,6,1,44,7,-1,-1,-1,9,1,9
2016450088899,1,1,0,18,0,8,5,0,0,0,0,1,5,1,49,8,-1,-1,-1,3,1,3
2016450088952,1,9,0,9,0,6,0,0,0,0,3,1,5,2,70,10,1591,1,-1,9,1,9
2016450088952,2,1,0,18,0,8,0,0,0,0,1,1,5,1,39,7,-1,-1,-1,10,1,10
2016450088953,1,1,0,18,0,1,0,0,0,0,1,1,6,2,55,8,-1,-1,-1,9,1,9
2016450088953,2,9,0,9,0,5,0,0,0,0,0,1,6,2,37,7,1796,2,3,9,1,9
2016450088954,1,9,0,3,0,0,0,0,0,0,2,1,5,2,50,8,1560,2,7,10,1,10
2016450088954,2,9,0,4,0,0,0,0,0,0,1,1,6,1,27,6,1598,1,11,2,1,2
2016450088961,1,9,0,17,0,0,5,0,1,0,1,1,6,2,31,6,1388,1,6,8,1,8
2016450088964,1,9,0,9,0,5,0,0,0,0,3,1,5,1,77,11,1998,2,7,5,3,5
2016450088964,2,1,0,18,0,8,0,0,0,0,1,1,5,1,42,7,-1,-1,-1,5,1,5
2016450088976,1,1,0,18,0,0,0,11,0,0,1,1,5,1,30,6,-1,-1,-1,5,1,5
2016450088988,1,9,0,18,0,8,0,0,0,0,3,1,5,1,26,6,1560,2,3,6,1,6
2016450088988,2,9,0,4,0,4,0,0,0,0,1,1,5,1,24,5,1560,2,4,8,1,8
2016450089001,1,9,0,18,0,0,0,0,0,0,1,1,6,2,33,6,1198,1,3,3,1,3
2016450089001,2,9,0,4,0,0,0,0,0,0,2,1,6,2,33,6,1598,2,2,7,2,7
2016450089004,1,9,0,18,0,2,5,0,0,0,4,1,6,2,57,9,2720,2,7,9,1,9
2016450089004,2,9,0,5,0,6,0,0,0,0,1,1,6,2,49,8,1798,1,8,9,1,9
2016450089009,1,9,0,18,0,4,0,0,0,0,1,1,1,1,73,10,1398,1,8,10,3,10
2016450089009,2,5,0,18,0,8,0,0,0,0,3,1,6,1,41,7,1170,1,2,8,1,8
2016450089014,1,9,0,4,0,1,0,0,0,0,1,1,1,1,40,7,-1,-1,-1,9,1,9
2016450089014,2,9,0,3,0,1,0,0,0,0,2,1,1,1,35,6,1332,1,17,8,1,8
2016450089015,1,9,0,3,0,0,0,0,0,0,2,1,5,2,38,7,1591,1,4,6,1,6
2016450089015,2,9,0,18,0,0,0,0,0,0,1,1,5,1,29,6,1781,1,11,8,1,8
2016450089027,1,9,0,18,0,0,0,0,0,0,1,1,1,1,45,7,1910,2,12,3,1,3
2016450089027,2,9,0,2,0,0,0,0,0,0,2,1,6,2,40,7,1242,1,6,10,3,10
2016450089027,3,9,0,2,0,0,0,0,0,0,1,1,6,1,33,6,3498,1,11,8,1,8
2016450089027,4,9,0,2,0,0,0,0,0,0,1,1,6,1,33,6,1796,1,15,8,1,8
2016450089037,1,9,0,18,0,0,0,0,0,0,2,1,6,2,26,6,2148,2,15,10,1,10
2016450089037,2,9,0,18,0,0,0,0,0,0,1,1,1,1,53,8,2993,2,1,6,1,6
2016450089042,1,1,0,16,0,0,2,0,0,0,1,1,2,1,46,8,-1,-1,-1,10,1,10
2016450089042,2,19,0,13,0,0,0,0,0,0,2,1,6,3,-1,-1,-1,-1,-1,-1,-1,-1
2016450089051,1,20,0,12,0,0,0,0,0,0,1,1,1,1,56,9,-1,-1,-1,-1,-1,-1
2016450089051,2,9,0,18,0,0,0,0,0,0,2,1,5,1,32,6,1339,1,14,4,1,4
2016450089052,1,9,0,4,0,1,0,0,0,0,1,1,2,1,44,7,1360,1,14,8,1,8
2016450089052,2,3,0,3,0,1,0,0,0,0,2,1,2,1,21,5,125,1,-1,10,1,10
2016450089060,1,9,0,18,0,0,0,0,0,0,0,1,2,1,66,10,1596,1,16,3,1,3
2016450089078,1,19,0,2,0,0,0,0,0,0,4,1,1,1,37,7,2198,2,8,-1,-1,-1
2016450089080,1,9,0,18,0,3,0,0,0,0,3,1,6,2,38,7,1995,2,3,6,1,6
2016450089080,2,20,0,18,0,8,0,0,0,0,1,1,6,1,38,7,10837,2,-1,-1,-1,-1
2016450089101,1,19,0,4,0,0,0,0,0,0,1,1,1,1,43,7,2143,2,4,6,2,6
2016450089101,2,9,0,3,0,0,0,0,0,0,2,1,2,1,49,8,1998,1,14,8,1,8
2016450089116,1,5,0,14,0,8,0,0,0,0,1,1,1,1,43,7,1170,1,3,10,1,10
2016450089116,2,9,0,9,0,5,0,0,0,0,3,1,1,1,40,7,1968,2,11,9,1,9
2016450089126,1,9,0,18,0,0,0,0,0,0,1,1,2,1,21,5,1686,2,8,3,1,3
2016450089126,2,9,0,4,0,0,0,0,0,0,2,1,5,1,29,6,2993,2,6,9,1,9
2016450089152,1,9,0,9,0,6,0,0,0,0,3,1,5,1,39,7,1995,2,2,7,1,7
2016450089152,2,4,0,3,6,1,0,0,0,0,4,1,5,2,48,8,-1,-1,-1,10,1,10
2016450089369,1,9,0,5,0,6,0,0,0,0,1,1,5,1,37,7,3700,1,13,7,2,7
2016450089369,2,9,0,18,0,8,1,0,0,0,3,1,2,1,56,9,1197,1,5,10,2,10
2016450089369,3,9,0,4,0,1,0,0,0,0,1,1,5,2,61,9,2987,2,1,10,3,10
2016450089403,1,9,0,18,0,0,0,0,0,0,3,1,6,1,32,6,1796,1,14,8,3,8
2016450089403,2,9,0,3,0,0,0,0,0,0,2,1,6,2,52,8,2231,2,10,5,1,5
2016450089413,1,9,0,18,0,8,0,0,0,0,4,1,2,1,50,8,1968,2,5,-1,1,-1
2016450089413,2,9,0,5,0,6,0,0,0,0,3,1,2,2,53,8,2979,1,13,8,1,8
2016450089422,1,9,0,4,0,1,0,0,0,0,1,1,1,1,23,5,1968,2,6,7,2,7
2016450089422,2,19,0,10,0,5,0,0,0,0,2,1,1,1,33,6,2460,2,12,10,3,10
2016450089434,1,9,0,17,0,0,0,10,0,0,2,1,5,1,18,4,1390,1,6,8,1,8
2016450089442,1,19,0,2,0,0,0,0,0,0,0,1,1,1,30,6,-1,-1,-1,-1,-1,-1
2016450089442,2,9,0,3,0,0,0,0,0,0,2,1,6,3,30,6,-1,-1,-1,-1,-1,-1
2016450089442,3,1,0,13,0,0,2,0,0,0,1,1,2,1,32,6,-1,-1,-1,10,1,10
2016450089464,1,9,0,18,0,0,2,7,1,2,1,1,6,1,42,7,1781,1,14,4,1,4
2016450089464,2,9,0,18,0,0,0,0,0,0,0,1,1,1,31,6,1499,2,-1,8,1,8
2016450089480,1,1,0,18,0,2,0,0,1,0,4,1,5,1,15,3,-1,-1,-1,10,1,10
2016450089625,1,4,0,17,0,0,0,0,0,0,4,1,5,1,23,5,675,1,3,10,1,10
2016450089625,2,1,0,17,0,0,0,11,0,0,3,1,5,1,38,7,-1,-1,-1,10,1,10
2016450089703,1,9,0,18,0,1,0,0,0,0,3,1,5,1,63,9,1968,1,7,10,1,10
2016450089703,2,9,0,9,0,8,0,0,0,0,1,1,1,2,37,7,1339,8,2,1,1,1
2016450089747,1,9,0,16,0,0,0,0,0,0,1,1,6,1,34,6,2457,1,6,10,1,10
2016450089747,2,19,0,17,0,0,0,0,1,0,1,1,6,1,58,9,1868,2,17,6,1,6
2016450089782,1,9,0,18,0,1,0,0,3,0,1,1,5,1,23,5,1242,1,5,9,1,9
2016450090087,1,9,0,18,0,0,0,0,0,0,1,1,6,1,40,7,1968,2,4,-1,-1,-1
2016450090087,2,9,0,18,0,0,0,0,0,0,3,1,6,2,51,8,1997,1,10,4,1,4
2016450090087,3,9,0,16,0,0,0,0,0,0,1,1,6,2,77,11,2324,1,17,10,1,10
2016450090102,1,9,0,9,0,6,0,0,0,0,3,1,5,2,36,7,1360,1,16,8,3,8
2016450090102,2,9,0,18,0,1,0,0,0,0,1,1,3,1,38,7,1591,1,4,9,1,9
2016450090138,1,9,0,4,0,0,0,0,0,0,2,1,6,2,62,9,1984,1,19,5,1,5
2016450090138,2,9,0,4,0,0,0,0,0,0,1,1,6,1,40,7,1997,2,14,10,1,10
2016450090138,3,9,0,4,0,0,0,0,0,0,2,1,6,2,41,7,1598,1,12,9,1,9
2016450090138,4,9,0,5,0,0,0,0,0,0,2,1,6,1,46,8,1686,2,15,2,1,2
2016450090166,1,1,0,9,0,8,0,0,0,0,0,1,5,1,40,7,-1,-1,-1,7,1,7
2016450090166,2,9,0,9,0,8,0,0,0,0,0,1,6,3,-1,-1,-1,-1,-1,-1,-1,-1
2016450090220,1,1,0,18,0,0,0,0,0,0,3,1,5,1,14,3,-1,-1,-1,6,1,6
2016450090220,2,20,0,4,0,0,0,0,0,0,2,1,1,2,55,8,-1,-1,-1,3,1,3
2016450090253,1,9,0,4,0,0,0,0,0,0,3,1,6,1,28,6,1796,1,14,7,1,7
2016450090259,1,9,0,5,0,0,0,0,0,0,0,1,1,1,26,6,1108,1,9,10,1,10
2016450090259,2,9,0,18,0,0,0,0,0,0,1,1,6,1,26,6,1400,1,10,8,3,8
2016450090282,1,9,0,17,0,8,1,0,7,0,4,1,5,2,49,8,1386,1,12,5,2,5
2016450090295,1,9,0,18,0,0,2,0,0,0,4,1,6,2,17,4,1598,1,9,8,1,8
2016450090333,1,9,0,18,0,1,0,0,0,0,3,1,6,2,46,8,1598,1,13,3,1,3
2016450090333,2,9,0,18,0,1,0,0,0,0,1,1,6,1,29,6,1248,2,9,-1,-1,-1
2016450090621,1,9,0,18,0,0,0,0,0,0,1,1,6,1,18,4,1198,1,14,3,1,3
2016450090621,2,1,0,18,0,0,5,0,0,0,2,1,6,1,17,4,-1,-1,-1,3,1,3
2016450090658,1,9,0,18,0,0,0,0,0,0,1,1,3,2,46,8,1998,1,1,8,1,8
2016450090663,1,9,0,18,0,0,0,0,0,0,1,1,6,2,54,8,1497,1,16,3,1,3
2016450090663,2,9,0,2,0,0,0,0,0,0,1,1,6,3,50,8,1390,1,2,-1,-1,-1
2016450090696,1,3,0,9,0,3,2,0,0,0,4,1,6,2,26,6,125,1,5,7,1,7
2016450090701,1,9,0,5,0,6,0,0,0,0,1,1,5,2,53,8,3604,1,1,10,1,10
2016450090701,2,1,0,18,0,1,0,0,0,0,2,1,5,1,31,6,-1,-1,-1,10,1,10
2016450090792,1,9,0,16,0,2,0,0,0,0,3,1,6,3,-1,-1,-1,-1,-1,-1,-1,-1
2016450090823,1,9,0,4,0,0,1,0,0,0,1,1,2,2,58,9,1360,1,14,9,2,9
2016450090823,2,9,0,18,0,0,1,0,0,0,1,1,1,1,48,8,1796,1,9,-1,-1,-1
2016450090823,3,9,0,18,0,0,0,0,0,0,2,1,1,1,38,7,1794,1,13,5,1,5
2016450091090,1,9,0,4,0,1,0,0,0,0,0,1,2,2,30,6,1686,2,3,6,1,6
2016450091090,2,9,0,18,0,1,0,0,0,0,0,1,6,2,29,6,1596,1,10,3,1,3
2016450091090,3,9,0,18,0,1,0,0,1,10,1,1,6,1,18,4,1598,1,14,9,1,9
2016450091117,1,9,0,3,0,6,0,0,0,0,1,1,5,2,47,8,1598,2,4,10,1,10
2016450091117,2,9,0,18,0,1,0,0,0,0,1,1,5,1,19,4,1995,1,4,10,1,10
2016450091117,3,9,0,10,0,5,0,0,0,0,1,1,5,1,37,7,1598,2,4,10,1,10
2016450091193,1,9,0,9,0,6,0,0,0,0,3,1,5,2,89,11,1339,1,10,10,1,10
2016450091193,2,10,0,18,0,8,0,0,0,0,1,1,5,1,72,10,-1,-1,-1,10,1,10
2016450091210,1,8,0,4,0,1,0,0,0,0,1,1,1,1,47,8,2198,2,2,5,1,5
2016450091210,2,9,0,8,0,2,0,0,0,0,2,1,5,2,72,10,2401,2,10,7,1,7
2016450091222,1,9,0,10,0,6,0,0,0,0,3,1,5,2,41,7,2967,2,3,9,1,9
2016450091222,2,1,0,18,0,8,0,0,0,0,1,1,5,1,40,7,-1,-1,-1,6,1,6
2016450091255,1,9,0,18,0,0,0,0,0,0,1,1,1,1,37,7,1798,8,4,5,1,5
2016450091256,1,19,0,18,0,0,0,0,0,0,3,1,6,2,25,5,1997,2,4,4,1,4
2016450091256,2,9,0,18,0,0,0,0,0,0,4,1,6,3,-1,-1,-1,-1,-1,-1,-1,-1
2016450091258,1,9,0,9,0,6,0,0,0,0,3,1,6,2,41,7,1396,1,12,9,1,9
2016450091258,2,1,0,18,0,1,0,0,0,0,1,1,6,1,51,8,-1,-1,-1,9,1,9
2016450091320,1,9,0,18,0,0,0,0,0,0,3,1,5,2,17,4,-1,-1,-1,7,1,7
2016450091320,2,19,0,18,0,0,0,0,0,0,4,1,5,1,54,8,2402,2,13,-1,-1,-1
2016450091356,1,1,0,18,0,1,0,0,0,0,4,1,5,1,53,8,-1,-1,-1,3,1,3
2016450091356,2,19,0,9,0,5,0,0,0,0,3,1,5,2,40,7,2402,2,13,10,1,10
2016450091412,1,1,0,9,0,0,5,0,0,0,2,1,5,1,-1,-1,-1,-1,-1,8,1,8
2016450091412,2,9,0,18,0,0,0,0,0,0,1,1,6,2,29,6,1595,1,13,4,1,4
2016450091465,1,9,0,4,0,1,0,0,0,0,1,1,5,2,48,8,3499,1,38,10,1,10
2016450091465,2,9,0,5,0,6,0,0,3,10,1,1,5,1,55,8,1896,2,13,5,1,5
2016450091543,1,9,0,18,0,0,0,0,0,0,2,1,6,1,42,7,1988,1,14,5,1,5
2016450091543,2,20,0,18,0,0,0,0,0,0,1,1,1,1,20,4,-1,-1,-1,8,2,8
2016450091543,3,19,0,18,0,0,0,0,0,0,1,1,1,1,37,7,1598,2,1,8,1,8
2016450091564,1,1,0,18,0,1,0,0,0,0,3,1,6,1,55,8,-1,-1,-1,6,1,6
2016450091564,2,9,0,18,0,1,0,0,0,0,1,1,5,2,31,6,1329,1,-1,8,1,8
2016450091578,1,9,0,10,0,5,0,0,0,0,0,1,6,2,36,7,1910,2,9,7,2,7
2016450091578,2,9,0,18,0,1,0,0,0,0,2,1,6,2,-1,-1,1596,1,10,-1,-1,-1
2016450091596,1,4,0,16,0,8,0,0,0,0,1,1,2,1,19,4,321,1,1,10,1,10
2016450091596,2,9,0,5,0,4,0,0,0,0,1,1,2,2,54,8,1368,1,5,6,1,6
2016450091642,1,9,0,4,0,0,0,0,0,0,2,1,5,1,72,10,1995,2,1,10,1,10
2016450091642,2,9,0,4,0,0,0,0,0,0,0,1,5,2,37,7,1368,1,2,9,1,9
2016450091674,1,9,0,18,0,0,1,0,0,0,1,1,6,1,22,5,1598,1,13,9,3,9
2016450091761,1,9,0,18,0,8,0,0,0,0,0,1,6,2,78,11,1499,1,1,7,3,7
2016450091761,2,3,0,18,0,8,0,0,0,0,1,1,6,1,20,4,124,1,1,10,1,10
2016450091761,3,9,0,18,0,8,0,0,0,0,1,1,6,3,-1,-1,-1,-1,-1,-1,-1,-1
2016450091793,1,9,0,18,0,0,0,0,0,0,1,1,6,2,31,6,1598,1,10,9,1,9
2016450091793,3,9,0,18,0,0,0,0,0,0,1,1,6,1,-1,-1,1339,1,2,10,2,10
2016450091813,1,5,0,18,0,0,0,0,0,0,1,1,2,1,-1,-1,649,1,5,10,1,10
2016450091813,2,9,0,18,0,0,0,0,0,0,2,1,6,2,-1,-1,1598,2,1,-1,-1,-1
2016450091813,3,9,0,18,0,0,0,0,0,0,2,1,6,3,-1,-1,-1,-1,-1,-1,-1,-1