Accident_Index,Vehicle_Reference,Vehicle_Type,Towing_and_Articulation,Vehicle_Manoeuvre,Vehicle_Location-Restricted_Lane,Junction_Location,Skidding_and_Overturning,Hit_Object_in_Carriageway,Vehicle_Leaving_Carriageway,Hit_Object_off_Carriageway,1st_Point_of_Impact,Was_Vehicle_Left_Hand_Drive?,Journey_Purpose_of_Driver,Sex_of_Driver,Age_of_Driver,Age_Band_of_Driver,Engine_Capacity_(CC),Propulsion_Code,Age_of_Vehicle,Driver_IMD_Decile,Driver_Home_Area_Type,Vehicle_IMD_Decile
2016450095553,3,9,0,4,0,0,0,0,0,0,2,1,2,1,31,6,1339,8,7,6,1,6
2016450095559,1,9,0,3,0,1,0,0,0,0,2,1,5,2,36,7,1198,1,1,9,1,9
2016450095559,2,9,0,18,0,1,0,0,0,0,1,1,1,1,-1,-1,2685,2,13,5,1,5
2016450095573,1,9,0,18,0,1,0,0,0,0,1,1,2,1,20,4,1362,1,3,6,1,6
2016450095573,2,9,0,18,0,1,0,0,0,0,2,1,6,2,35,6,1248,2,10,7,1,7
2016450095575,1,9,0,18,0,0,0,0,0,0,1,1,5,2,40,7,2993,2,13,4,1,4
2016450095575,2,9,0,18,0,0,0,0,0,0,1,1,5,2,42,7,1794,1,15,10,3,10
2016450095577,1,9,0,18,0,0,0,0,0,0,1,1,5,2,66,10,1339,1,4,5,1,5
2016450095589,1,9,0,3,0,8,0,4,0,0,2,1,6,2,45,7,1498,1,5,3,1,3
2016450095589,2,9,0,5,0,8,0,0,0,0,1,1,6,1,31,6,1596,1,10,8,1,8
2016450095589,3,19,0,2,0,1,0,0,0,0,3,1,6,1,56,9,2460,2,11,9,1,9
2016450095610,1,9,0,6,0,0,0,0,0,0,1,1,1,1,38,7,1798,8,2,5,2,5
2016450095610,2,4,0,13,0,0,0,0,0,0,4,1,5,1,38,7,583,1,19,-1,-1,-1
2016450095618,1,9,0,5,0,3,0,0,0,0,3,1,6,2,41,7,1796,1,6,10,1,10
2016450095618,2,19,0,5,0,3,0,0,0,0,4,1,2,1,27,6,1996,2,2,9,1,9
2016450095625,1,1,0,18,0,0,0,0,0,0,1,1,6,2,27,6,-1,-1,-1,2,1,2
2016450095626,1,9,0,17,0,0,1,0,1,10,1,1,6,3,-1,-1,1997,2,7,-1,-1,-1
2016450095626,2,9,0,17,0,0,0,0,0,0,0,1,1,1,26,6,2993,2,1,8,1,8
2016450095626,3,9,0,2,0,0,0,0,0,0,4,1,5,3,-1,-1,2698,2,8,-1,-1,-1
2016450095626,4,9,0,2,0,0,0,0,0,0,4,1,5,3,-1,-1,796,1,8,-1,-1,-1
2016450095626,5,9,0,2,0,0,0,0,0,0,2,1,5,3,-1,-1,1598,2,2,-1,-1,-1
2016450095630,1,9,0,5,0,8,0,0,3,0,4,1,6,1,19,4,1242,1,9,5,1,5
2016450095630,2,1,0,5,0,8,0,0,0,0,3,1,6,1,-1,-1,-1,-1,-1,-1,-1,-1
2016450095646,1,9,0,7,0,1,2,10,0,0,1,1,6,2,19,4,1596,1,18,10,1,10
2016450095706,1,9,0,4,0,0,0,0,0,0,1,1,1,1,52,8,2149,2,8,-1,-1,-1
2016450095706,2,19,0,4,0,0,0,0,0,0,2,1,1,1,40,7,1560,2,1,8,1,8
2016450095706,3,9,0,4,0,0,0,0,0,0,2,1,5,2,22,5,998,1,5,2,1,2
2016450095770,1,9,0,18,0,0,0,0,0,0,2,1,1,1,34,6,1598,2,4,3,1,3
2016450095770,2,9,0,18,0,0,0,0,0,0,2,1,5,1,46,8,2488,1,12,-1,-1,-1
2016450095770,3,9,0,18,0,0,0,0,0,0,1,1,2,1,66,10,1398,1,4,7,1,7
2016450095880,1,5,0,18,0,0,0,0,1,0,1,1,5,1,35,6,998,1,-1,4,1,4
2016450095882,1,1,0,18,0,1,0,0,0,0,3,1,6,1,41,7,-1,-1,-1,9,1,9
2016450095882,2,9,0,9,0,5,0,0,0,0,3,1,6,1,50,8,1796,1,15,4,1,4
2016450095895,1,1,0,18,0,0,0,0,0,0,1,1,6,1,22,5,-1,-1,-1,5,1,5
2016450095895,2,9,0,18,0,0,0,0,0,0,4,1,6,2,40,7,-1,-1,-1,-1,-1,-1
2016450095898,1,9,0,18,0,8,1,0,0,0,1,1,5,1,41,7,1997,1,15,6,1,6
2016450095898,2,9,0,18,0,8,1,0,1,0,3,1,5,2,17,4,1390,1,16,10,1,10
2016450095899,1,9,0,10,0,1,0,0,0,0,4,1,5,2,23,5,1398,1,1,8,1,8
2016450095899,2,9,0,18,0,1,0,0,0,0,3,1,6,1,-1,-1,1422,2,1,-1,-1,-1
2016450095906,1,9,0,9,0,5,0,0,0,0,1,1,5,1,80,11,1896,2,15,9,3,9
2016450095906,2,9,0,18,0,2,0,0,0,0,1,1,5,2,68,10,1598,1,13,7,3,7
2016450095926,1,9,0,9,0,6,0,0,0,0,1,1,6,2,37,7,1988,2,12,8,1,8
2016450095926,2,3,0,18,0,1,0,0,0,0,1,1,2,2,21,5,659,1,6,6,1,6
2016450095930,1,9,0,1,0,1,0,0,0,0,2,1,6,1,42,7,1910,2,8,8,1,8
2016450095946,1,9,0,4,0,1,0,0,0,0,2,1,1,1,45,7,1840,1,14,5,1,5
2016450095946,2,9,0,4,0,1,0,0,0,0,2,1,6,2,34,6,1968,2,10,5,1,5
2016450095946,3,9,0,18,0,1,0,0,0,0,1,1,1,1,67,10,1598,1,3,10,2,10
2016450095949,1,9,0,10,0,5,0,0,0,0,2,1,5,2,23,5,1198,1,4,10,1,10
2016450095949,2,9,0,3,0,1,0,0,0,0,2,1,5,2,25,5,1360,1,4,7,1,7
2016450095949,3,19,0,4,0,1,0,0,0,0,1,1,1,1,46,8,2143,2,2,6,1,6
2016450095950,1,9,0,8,0,1,0,0,0,0,2,1,6,1,21,5,1398,2,12,2,1,2
2016450095950,2,9,0,7,0,2,0,0,0,0,0,1,6,2,60,9,1124,1,16,9,1,9
2016450095951,1,19,0,18,0,0,0,0,1,4,1,1,5,1,30,6,1910,2,14,5,1,5
2016450095956,1,3,0,16,0,3,2,0,0,0,1,1,6,1,26,6,125,1,2,5,1,5
2016450095966,1,9,0,9,0,0,0,0,7,0,2,1,6,1,27,6,1390,1,10,8,2,8
2016450095966,2,3,0,18,0,0,0,0,0,0,1,1,1,1,40,7,-1,-1,-1,10,1,10
2016450095979,1,5,0,14,0,1,0,0,0,0,1,1,6,1,28,6,675,1,8,9,1,9
2016450095979,2,9,0,9,0,5,0,0,0,0,4,1,6,2,56,9,1994,1,10,10,1,10
2016450095987,1,19,0,18,0,4,0,0,0,0,1,1,1,1,41,7,2143,2,-1,4,1,4
2016450095987,2,9,0,18,0,8,0,0,0,0,1,1,6,2,18,4,1149,1,13,7,1,7
2016450095990,1,9,0,18,0,0,0,0,0,0,1,1,5,2,26,6,1360,1,16,10,1,10
2016450095991,1,9,0,14,0,0,0,0,0,0,0,1,5,2,48,8,1198,1,11,8,1,8
2016450095991,2,19,0,5,0,0,0,0,0,0,0,1,1,1,35,6,2287,2,4,6,1,6
2016450096012,1,9,0,18,0,0,0,0,0,0,3,1,5,1,79,11,1598,1,5,5,1,5
2016450096012,2,9,0,18,0,0,0,0,0,0,1,1,2,2,49,8,998,1,2,6,1,6
2016450096012,3,19,0,18,0,0,5,0,0,0,4,1,1,1,45,7,2287,2,4,7,2,7
2016450096020,1,9,4,9,0,5,3,0,0,0,1,1,6,1,84,11,2184,2,11,4,1,4
2016450096020,2,9,0,18,0,8,0,0,0,0,1,1,6,2,49,8,2495,1,14,10,1,10
2016450096041,1,9,0,10,0,1,0,0,0,0,4,1,2,2,36,7,1896,2,9,4,2,4
2016450096041,2,9,0,5,0,1,0,0,0,0,3,1,6,2,37,7,998,1,9,9,1,9
2016450096043,1,9,0,16,0,8,1,0,0,0,3,1,6,1,75,10,2498,1,43,10,1,10
2016450096043,2,11,0,18,0,8,0,0,0,0,3,1,1,1,30,6,4461,2,3,3,1,3
2016450096043,3,9,0,3,0,8,0,0,0,0,1,1,6,1,45,7,1995,2,3,9,1,9
2016450096052,1,9,0,4,0,0,0,0,0,0,0,1,6,2,21,5,1329,1,3,9,3,9
2016450096052,2,9,0,4,0,0,0,0,0,0,2,1,1,2,23,5,1582,2,3,8,1,8
2016450096052,3,9,0,4,0,0,1,0,0,0,1,1,1,1,25,5,1968,2,3,5,1,5
2016450096054,1,9,0,18,0,0,0,0,0,0,1,1,5,1,39,7,1997,12,4,7,3,7
2016450096054,2,9,0,18,0,0,0,0,0,0,1,1,5,2,31,6,2993,2,1,8,1,8
2016450096073,1,9,0,4,0,0,0,0,0,0,2,1,6,1,67,10,1461,2,2,9,1,9
2016450096073,2,9,0,5,0,0,0,0,0,0,1,1,6,2,54,8,1368,1,7,10,1,10
2016450096076,1,1,0,4,0,1,0,0,0,0,2,1,5,2,50,8,-1,-1,-1,10,1,10
2016450096076,2,1,0,18,0,1,0,0,0,0,1,1,5,2,13,3,-1,-1,-1,10,1,10
2016450096079,1,9,0,10,0,5,0,0,0,0,1,1,5,2,20,4,1198,1,8,2,1,2
2016450096079,2,9,0,18,0,8,0,0,0,0,1,1,5,1,29,6,1910,2,8,8,1,8
2016450096081,1,9,0,3,0,1,0,0,0,0,2,1,2,2,47,8,1783,1,14,4,1,4
2016450096081,2,9,0,3,0,1,0,0,0,0,2,1,2,2,46,8,1360,1,13,6,1,6
2016450096081,3,9,0,18,0,1,0,0,0,0,1,1,2,1,18,4,1395,1,-1,10,1,10
2016450096087,1,19,0,2,0,0,0,0,0,0,3,1,6,1,35,6,1995,2,8,5,1,5
2016450096087,2,9,0,18,0,0,0,0,0,0,1,1,6,1,22,5,1598,1,5,8,1,8
2016450096100,1,9,0,18,0,8,0,0,0,0,3,1,6,1,47,8,1781,1,14,6,1,6
2016450096100,2,9,0,18,0,8,0,0,0,0,4,1,6,2,19,4,1149,1,18,10,1,10
2016450096109,1,9,0,18,0,0,0,0,0,0,1,1,2,1,38,7,1360,1,15,6,1,6
2016450096109,2,21,1,18,0,0,0,0,0,0,3,1,1,1,52,8,-1,-1,-1,-1,-1,-1
2016450096113,1,9,0,5,0,0,0,0,0,0,1,1,1,1,32,6,998,1,2,4,1,4
2016450096113,2,9,0,18,0,0,0,0,0,0,1,1,5,1,19,4,1229,1,9,10,1,10
2016450096115,1,9,0,2,0,2,0,0,0,0,2,1,6,1,46,8,1598,2,2,8,1,8
2016450096115,2,9,0,5,0,6,0,0,0,0,1,1,6,2,69,10,3199,1,12,-1,-1,-1
2016450096166,1,9,0,18,0,0,0,0,0,0,1,1,6,2,19,4,1242,1,7,6,3,6
2016450096166,2,9,0,18,0,0,0,0,0,0,1,1,6,1,54,8,1598,1,7,6,1,6
2016450096173,1,9,0,4,0,0,0,0,0,0,0,1,6,1,22,5,1598,1,10,10,1,10
2016450096173,2,9,0,4,0,0,0,0,0,0,0,1,1,1,31,6,1999,1,3,8,1,8
2016450096177,1,3,0,15,0,1,0,0,0,0,4,1,5,1,18,4,125,1,-1,6,1,6
2016450096177,2,9,0,5,0,6,0,0,0,0,1,1,5,1,69,10,1998,1,14,6,1,6
2016450096186,1,9,0,3,0,0,0,0,0,0,2,1,2,1,34,6,2793,1,16,9,1,9
2016450096186,2,19,0,5,0,0,0,0,0,0,1,1,2,1,32,6,1598,2,1,6,1,6
2016450096213,1,9,0,18,0,0,0,0,0,0,1,1,2,2,24,5,1242,1,-1,2,1,2
2016450096231,1,9,0,18,0,0,0,0,0,0,1,1,1,1,49,8,1598,1,4,6,1,6
2016450096324,1,9,0,18,0,0,0,11,0,0,1,1,6,2,25,5,1995,2,-1,10,1,10
2016450096334,1,9,0,16,0,0,0,0,0,0,1,1,2,2,47,8,2500,1,12,5,1,5
2016450096334,2,9,0,17,0,0,0,0,0,0,1,1,5,1,51,8,-1,-1,-1,-1,-1,-1
2016450096401,1,20,0,18,0,0,0,0,0,0,1,1,1,1,41,7,9290,2,4,7,1,7
2016450096401,2,19,0,2,6,0,0,0,1,0,2,1,1,1,70,10,2143,2,5,2,1,2
2016450096410,1,9,0,18,0,0,1,0,1,0,4,1,6,1,50,8,1398,1,10,8,1,8
2016450096457,1,9,0,9,0,5,0,0,0,0,2,1,6,1,29,6,1956,2,-1,3,1,3
2016450096457,2,9,0,4,0,1,0,0,0,0,2,1,6,1,56,9,2143,12,3,3,1,3
2016450096457,3,9,0,4,0,1,0,0,0,0,2,1,6,1,25,5,1598,1,9,10,1,10
2016450096457,4,9,0,4,0,1,0,0,0,0,1,1,6,1,51,8,1339,1,10,4,1,4
2016450096458,1,9,0,9,0,3,0,0,0,0,3,1,2,1,59,9,1797,1,17,9,1,9
2016450096458,2,3,0,5,0,4,1,0,0,0,1,1,6,1,17,4,125,1,19,9,1,9
2016450096463,1,9,0,4,0,8,0,0,0,0,0,1,6,1,43,7,1598,1,17,6,1,6
2016450096481,1,9,0,3,0,0,0,0,0,0,2,1,5,1,47,8,1781,1,14,5,1,5
2016450096481,2,9,0,18,0,0,0,0,0,0,1,1,5,1,-1,-1,1461,2,9,-1,-1,-1
2016450096486,1,9,0,18,0,1,1,0,1,3,1,1,2,2,23,5,1149,1,1,10,1,10
2016450096513,1,9,0,16,0,0,2,0,1,4,1,1,5,1,49,8,1587,1,15,5,1,5
2016450096517,1,9,0,16,0,1,0,0,0,0,4,1,6,2,56,9,1598,1,16,9,3,9
2016450096517,2,9,0,17,0,1,0,0,0,0,3,1,6,2,31,6,1586,1,8,9,1,9
2016450096519,1,9,0,4,0,0,0,0,0,0,0,1,6,1,81,11,1386,1,10,9,1,9
2016450096519,2,9,0,18,0,0,0,0,0,0,2,1,6,2,47,8,1598,1,7,2,1,2
2016450096519,3,9,0,18,0,0,0,0,0,0,1,1,6,2,21,5,1242,1,1,10,2,10
2016450096521,1,9,0,18,0,0,0,0,0,0,2,1,2,1,61,9,1591,1,4,5,1,5
2016450096521,2,9,0,18,0,0,0,0,0,0,1,1,6,1,27,6,-1,-1,-1,8,1,8
2016450096521,3,9,0,2,0,0,0,0,0,0,2,1,6,1,-1,-1,2993,2,11,7,1,7
2016450096566,1,9,0,4,0,0,5,0,0,0,1,1,6,1,41,7,2199,2,-1,9,3,9
2016450096566,2,19,0,18,0,0,0,0,0,0,0,1,1,1,33,6,-1,-1,-1,9,1,9
2016450096592,1,19,0,4,0,0,0,0,0,0,1,1,6,1,30,6,1896,2,7,8,1,8
2016450096592,2,9,0,4,0,0,0,0,0,0,2,1,6,2,38,7,1968,2,7,4,1,4
2016450096592,3,9,0,4,0,0,0,0,0,0,2,1,6,2,32,6,1796,1,11,8,1,8
2016450096623,1,9,0,18,0,0,0,0,0,0,1,1,1,1,39,7,1598,2,2,10,1,10
2016450096636,1,9,0,18,0,0,0,0,0,0,1,1,6,1,63,9,5461,1,10,10,1,10
2016450096906,1,1,0,18,4,0,0,0,0,0,1,1,5,1,48,8,-1,-1,-1,10,1,10
2016450096906,2,9,0,1,4,0,0,0,0,0,2,1,5,2,56,9,1598,1,4,9,1,9
2016450096929,1,9,0,5,0,4,0,0,0,0,3,1,5,2,46,8,1395,1,2,8,1,8
2016450096929,2,1,0,18,0,8,5,0,0,0,4,1,5,1,42,7,-1,-1,-1,10,1,10
2016450096967,1,9,0,18,0,0,0,0,0,0,1,1,6,2,52,8,1699,1,8,-1,-1,-1
2016450096967,2,9,0,4,0,0,0,0,0,0,2,1,6,2,47,8,1598,1,14,2,1,2
2016450096967,3,9,0,3,0,0,0,0,0,0,2,1,6,1,35,6,1968,2,5,6,2,6
2016450096998,1,9,0,18,0,0,0,0,0,0,1,1,2,2,54,8,1299,1,9,10,1,10
2016450096998,2,9,0,4,0,0,0,0,0,0,2,1,2,1,29,6,1198,1,12,2,1,2
2016450097018,1,9,0,4,0,0,0,0,0,0,1,1,6,2,39,7,1591,1,2,7,3,7
2016450097018,2,9,0,4,0,0,0,0,0,0,2,1,6,1,34,6,1968,2,7,-1,-1,-1
2016450097048,1,9,0,16,0,0,0,0,0,0,3,1,1,1,58,9,1598,1,12,10,1,10
2016450097048,2,9,0,17,0,0,0,0,0,0,3,1,5,2,46,8,1600,1,11,10,1,10
2016450097095,1,20,0,18,0,8,1,0,0,0,1,1,1,1,65,9,-1,-1,-1,-1,-1,-1
2016450097095,2,9,0,9,0,6,1,0,0,0,3,1,6,2,82,11,1389,1,12,10,2,10
2016450097370,1,9,0,4,0,1,0,0,0,0,2,1,6,1,69,10,1997,2,1,10,1,10
2016450097370,2,9,0,18,0,1,0,0,0,0,1,1,6,3,-1,-1,1560,2,2,-1,-1,-1
2016450097378,1,21,0,18,0,0,0,0,0,0,4,1,1,1,42,7,12900,2,5,1,1,1
2016450097378,2,9,0,18,0,0,1,0,1,7,3,1,5,1,55,8,1360,1,15,10,2,10
2016450097383,1,9,0,18,0,1,0,0,0,0,1,1,6,3,45,7,-1,-1,-1,-1,-1,-1
2016450097398,1,1,0,18,0,0,0,0,0,0,1,1,6,1,26,6,-1,-1,-1,9,1,9
2016450097398,2,9,0,18,0,0,0,0,0,0,1,1,6,2,-1,-1,1596,1,8,8,1,8
2016450097416,1,9,0,2,0,0,0,0,0,0,3,1,2,1,53,8,1400,1,9,-1,-1,-1
2016450097416,2,9,0,18,0,0,1,0,0,0,1,1,5,1,74,10,1248,1,-1,9,1,9
2016450097434,1,9,0,18,0,0,0,0,0,0,1,1,2,2,33,6,1390,1,11,10,2,10
2016450097434,2,19,0,18,0,0,0,0,0,0,2,1,1,1,59,9,-1,-1,-1,6,2,6
2016450097438,1,9,0,18,0,1,0,0,0,0,1,1,6,2,70,10,2993,2,6,9,1,9
2016450097438,2,9,0,18,0,1,0,0,0,0,1,1,6,1,34,6,1229,1,9,10,1,10
2016450097443,1,1,0,18,0,0,5,0,0,0,2,1,5,1,12,3,-1,-1,-1,10,1,10
2016450097443,2,9,0,18,0,0,0,0,0,0,1,1,6,3,25,5,-1,-1,-1,-1,-1,-1
2016450097473,1,9,0,4,0,0,0,0,0,0,2,1,6,1,67,10,1200,1,1,5,1,5
2016450097473,2,9,0,4,0,0,0,0,0,0,1,1,6,1,49,8,2143,2,3,7,1,7
2016450097485,1,9,0,18,0,0,5,0,1,0,1,1,6,1,50,8,1685,2,1,5,1,5
2016450097497,1,9,0,18,0,0,0,0,2,0,1,1,5,1,26,6,1984,1,3,9,3,9
2016450097497,2,9,0,4,0,0,0,0,4,0,2,1,5,2,35,6,1796,1,9,8,1,8
2016450097535,1,9,0,4,0,0,0,0,0,0,2,1,6,2,63,9,2179,2,3,10,1,10
2016450097535,2,9,0,4,0,0,0,0,0,0,1,1,6,2,36,7,1596,1,15,8,1,8
2016450097542,1,9,0,18,0,6,0,0,0,0,1,1,6,1,60,9,2191,2,2,8,1,8
2016450097542,2,1,0,18,0,1,0,0,0,0,1,1,6,1,28,6,-1,-1,-1,6,1,6
2016450097584,1,9,0,18,0,1,0,0,0,0,1,1,6,3,-1,-1,-1,-1,-1,-1,-1,-1
2016450097584,2,1,0,18,0,1,0,0,0,0,1,1,6,1,19,4,-1,-1,-1,7,1,7
2016450097598,1,9,0,18,0,0,0,0,0,0,3,1,2,1,70,10,-1,-1,-1,8,1,8
2016450097603,1,19,0,17,0,8,1,0,0,0,1,1,1,1,45,7,-1,-1,-1,10,1,10
2016450097603,2,9,0,4,0,8,0,0,0,0,2,1,6,2,27,6,1360,1,15,8,1,8
2016450097822,1,9,0,18,0,1,0,0,0,0,4,1,6,3,-1,-1,3996,1,16,-1,-1,-1
2016450097833,1,9,0,18,0,1,0,0,0,0,1,1,6,2,48,8,1997,2,8,2,1,2
2016450097833,2,1,0,18,0,8,0,0,0,0,1,1,5,2,12,3,-1,-1,-1,4,1,4
2016450097834,1,19,0,7,0,6,0,10,1,0,1,1,1,1,32,6,2402,2,6,-1,-1,-1
2016450097837,1,19,0,4,0,0,0,0,0,0,1,1,6,1,40,7,2148,2,7,2,1,2
2016450097837,2,9,0,4,0,0,0,0,0,0,2,1,1,2,23,5,1242,1,1,10,1,10
2016450097839,1,9,0,17,0,0,1,0,1,0,4,1,2,1,26,6,1199,1,12,9,1,9
2016450097846,1,9,0,4,0,1,0,0,0,0,2,1,1,1,29,6,1968,2,3,9,1,9
2016450097846,2,90,0,18,0,1,0,0,0,0,1,1,6,1,-1,-1,-1,-1,-1,2,1,2
2016450097846,3,9,0,18,0,1,0,10,0,0,4,1,6,1,-1,-1,2354,1,7,8,1,8
2016450097853,1,9,0,9,0,6,0,0,0,0,1,1,1,2,49,8,1997,2,7,5,1,5
2016450097853,2,9,0,18,0,1,0,0,0,0,3,1,5,2,32,6,1997,1,8,5,1,5
2016450097858,1,2,0,18,0,1,1,0,0,0,0,1,6,1,16,4,49,1,14,8,1,8
2016450097906,1,9,0,1,9,0,0,0,0,0,1,1,5,2,45,7,-1,-1,-1,8,1,8
2016450097917,1,9,0,18,0,0,0,0,0,0,3,1,6,3,40,7,-1,-1,-1,-1,-1,-1
2016450097917,2,9,0,18,0,0,0,0,0,0,3,1,6,2,52,8,3600,1,13,8,2,8
2016450097917,3,19,0,18,0,0,0,0,0,0,4,1,2,1,34,6,2143,2,5,3,1,3
2016450097917,4,10,0,18,0,0,0,0,1,0,4,1,1,1,60,9,-1,-1,-1,6,1,6
2016450097938,1,19,0,18,0,1,0,0,0,0,1,1,2,1,30,6,1248,2,9,-1,-1,-1
2016450097938,2,9,0,9,0,6,0,0,0,0,1,1,2,1,36,7,1984,1,12,-1,-1,-1
2016450097939,1,9,0,16,0,0,1,0,7,4,1,1,5,1,18,4,1198,1,13,10,1,10
2016450097939,2,9,0,18,0,0,0,0,7,4,4,1,5,2,50,8,1995,2,3,10,3,10
2016450097946,1,9,0,18,0,0,0,0,0,0,2,1,5,3,50,8,1461,2,11,-1,-1,-1
2016450097946,2,9,0,18,0,0,0,0,0,0,0,1,1,1,42,7,-1,-1,-1,9,1,9
2016450097946,3,9,0,18,0,0,0,0,0,0,0,1,1,1,30,6,1560,2,2,-1,-1,-1
2016450097946,4,9,0,18,0,0,0,0,0,0,0,1,1,1,21,5,1582,2,1,8,1,8
2016450097946,5,9,0,18,0,0,0,0,0,0,4,1,6,1,39,7,1968,2,7,5,1,5
2016450097958,1,9,0,18,0,4,1,0,0,0,1,1,5,2,66,10,1329,1,3,10,1,10
2016450097958,2,9,0,18,0,3,0,0,1,0,4,1,5,1,45,7,1461,2,2,10,1,10
2016450097964,1,9,0,18,0,0,2,0,8,4,1,1,2,2,19,4,1248,1,6,10,1,10
2016450097976,1,9,0,18,0,0,0,0,0,0,1,1,6,1,42,7,1499,2,-1,10,1,10
2016450097976,2,9,0,18,0,0,0,0,0,0,1,1,6,1,31,6,1560,2,4,-1,-1,-1
2016450097976,3,9,0,18,0,0,0,0,0,0,1,1,6,1,28,6,3800,1,5,3,1,3
2016450097981,1,19,0,18,0,1,0,0,0,0,1,1,1,1,39,7,2461,2,5,9,1,9
2016450097981,2,9,0,3,0,8,0,0,0,0,2,1,5,2,74,10,1989,1,13,8,1,8
2016450097987,1,9,0,10,0,5,0,0,0,0,0,1,6,1,37,7,3192,1,9,8,1,8
2016450097987,2,9,0,18,0,1,0,0,0,0,2,1,6,1,37,7,1560,2,7,-1,-1,-1
2016450097987,3,9,0,18,0,1,0,0,0,0,1,1,6,2,29,6,1397,1,14,9,1,9
2016450098000,1,21,1,18,0,0,0,0,0,0,1,1,1,1,52,8,-1,-1,-1,-1,-1,-1
2016450098000,2,9,0,18,0,0,1,0,0,0,4,1,5,2,25,5,1242,1,7,5,1,5
2016450098000,3,90,1,18,0,0,0,0,0,0,1,1,1,1,42,7,12130,2,11,4,3,4
2016450098032,1,9,0,16,0,0,0,0,0,0,1,1,6,1,28,6,1999,1,8,3,1,3
2016450098060,1,9,0,4,0,0,0,0,0,0,1,1,5,1,43,7,1998,2,9,6,1,6
2016450098060,2,9,0,3,0,0,0,0,0,0,2,1,5,1,34,6,1598,1,8,3,1,3
2016450098076,1,9,0,18,0,4,0,0,0,0,1,1,5,1,58,9,4735,1,6,10,1,10
2016450098076,2,9,0,17,0,8,0,0,0,0,4,1,2,1,51,8,1598,1,16,8,1,8
2016450098093,1,19,0,18,0,1,0,0,0,0,1,1,1,1,36,7,2143,2,3,2,1,2
2016450098093,2,19,0,3,0,1,0,0,0,0,2,1,1,1,35,6,2461,2,8,3,1,3
2016450098093,3,9,0,3,0,1,0,0,0,0,2,1,1,1,46,8,1796,1,2,7,1,7
2016450098093,4,9,0,3,0,1,0,0,0,0,2,1,6,1,45,7,1461,2,6,5,1,5
2016450098148,1,9,0,16,0,0,1,0,1,0,1,1,6,1,27,6,1781,1,15,8,1,8
2016450098363,1,9,0,15,0,0,2,0,0,0,4,1,5,2,71,10,1339,1,1,6,1,6
2016450098363,2,9,0,2,0,0,0,0,0,0,3,1,6,2,-1,-1,1396,1,7,7,3,7
2016450098363,3,9,0,2,0,0,0,0,0,0,2,1,6,1,-1,-1,1598,1,14,4,1,4
2016450098430,1,9,0,3,0,0,0,0,0,0,2,1,6,1,45,7,1596,1,4,10,1,10
2016450098430,2,9,0,3,0,0,0,0,0,0,1,1,6,2,20,4,1388,1,10,10,2,10
2016450098468,1,1,0,17,0,6,0,0,3,0,1,1,6,1,52,8,-1,-1,-1,5,1,5
2016450098468,2,19,0,17,0,8,1,0,0,0,1,1,5,1,23,5,2402,2,8,10,1,10
2016450098503,1,19,0,18,0,0,1,0,0,0,1,1,6,1,53,8,1686,2,15,-1,-1,-1
2016450098546,1,9,0,18,0,0,0,0,0,0,1,1,6,1,26,6,2500,1,16,9,1,9
2016450098556,1,9,0,16,0,0,2,0,7,0,1,1,5,1,17,4,1149,1,11,9,1,9
2016450098564,1,9,0,18,0,4,1,0,7,0,3,1,5,1,42,7,2800,1,14,3,1,3
2016450098564,2,19,0,9,0,8,1,0,7,0,1,1,2,1,28,6,1598,2,-1,7,1,7
2016450098589,1,9,0,18,0,0,0,0,1,0,1,1,5,2,32,6,2967,2,2,10,1,10
2016450098602,1,9,0,18,0,8,1,0,1,0,1,1,6,1,18,4,1198,1,11,3,1,3
2016450098611,1,9,0,17,0,0,0,0,0,0,1,1,5,1,24,5,1199,1,13,5,1,5
2016450098611,2,9,0,16,0,0,0,0,0,0,1,1,5,2,56,9,1956,2,7,10,1,10
2016450098633,1,3,0,17,0,2,2,0,1,0,1,1,6,1,18,4,124,1,-1,3,1,3
2016450098670,1,2,0,3,0,0,0,0,0,0,0,1,5,1,28,6,49,1,8,7,1,7
2016450098670,2,1,0,3,0,0,0,0,0,0,0,1,2,1,40,7,-1,-1,-1,10,1,10
2016450098891,1,9,0,18,0,0,0,10,0,0,4,1,5,2,38,7,1968,2,1,8,1,8
2016450098899,1,9,0,14,0,1,0,4,0,0,1,1,2,1,26,6,1798,1,10,8,1,8
2016450098899,2,9,0,18,0,2,0,0,0,0,1,1,5,2,41,7,1998,1,13,7,1,7
2016450098899,3,19,0,2,0,1,0,0,0,0,4,1,6,3,-1,-1,2198,2,2,-1,-1,-1
2016450098912,1,9,0,9,0,6,0,0,0,0,2,1,5,2,66,10,1461,2,1,6,1,6
2016450098912,2,5,0,18,0,1,2,0,0,0,1,1,2,1,26,6,660,1,6,6,3,6
2016450098926,1,9,0,18,0,0,0,0,0,0,4,1,5,1,38,7,1968,2,-1,-1,-1,-1
2016450098926,2,5,0,18,0,0,0,0,0,0,3,1,2,1,46,8,1198,1,1,7,1,7