Accident_Index,Vehicle_Reference,Vehicle_Type,Towing_and_Articulation,Vehicle_Manoeuvre,Vehicle_Location-Restricted_Lane,Junction_Location,Skidding_and_Overturning,Hit_Object_in_Carriageway,Vehicle_Leaving_Carriageway,Hit_Object_off_Carriageway,1st_Point_of_Impact,Was_Vehicle_Left_Hand_Drive?,Journey_Purpose_of_Driver,Sex_of_Driver,Age_of_Driver,Age_Band_of_Driver,Engine_Capacity_(CC),Propulsion_Code,Age_of_Vehicle,Driver_IMD_Decile,Driver_Home_Area_Type,Vehicle_IMD_Decile
2016450103803,3,9,0,4,0,0,0,0,0,0,2,1,1,1,40,7,1968,2,3,-1,-1,-1
2016450103821,1,9,0,5,0,1,0,0,0,0,2,1,6,1,30,6,2616,1,8,6,1,6
2016450103821,2,9,0,17,0,1,0,0,0,0,1,1,1,2,38,7,1000,1,-1,8,1,8
2016450103854,1,9,0,18,0,0,0,0,0,0,1,1,6,2,43,7,1968,2,1,8,1,8
2016450103854,2,9,0,3,0,0,0,0,0,0,2,1,2,1,60,9,3199,1,16,4,3,4
2016450103860,1,9,0,18,0,8,0,0,1,0,3,1,5,2,29,6,1299,1,12,9,2,9
2016450103860,2,9,0,18,0,8,0,0,1,0,1,1,3,2,30,6,1598,1,13,5,2,5
2016450103861,1,9,0,17,0,1,0,0,1,0,3,1,1,2,33,6,1149,1,7,10,3,10
2016450103861,2,9,0,9,0,6,0,0,7,0,2,1,6,1,45,7,1398,1,6,10,2,10
2016450103869,1,9,0,18,0,0,0,0,7,0,1,1,6,1,50,8,1968,2,10,7,1,7
2016450103890,1,5,0,18,0,1,0,0,0,0,1,1,2,1,30,6,599,1,17,5,1,5
2016450103890,2,19,0,5,0,8,0,0,0,0,2,1,1,1,43,7,2198,2,1,8,1,8
2016450103912,1,9,0,17,0,1,0,0,0,0,3,1,6,2,83,11,1339,1,3,10,1,10
2016450103912,2,9,0,16,0,1,0,0,0,0,3,1,6,1,73,10,1388,1,5,10,1,10
2016450103914,1,9,0,9,0,6,1,0,0,0,1,1,5,2,40,7,698,1,13,1,1,1
2016450103914,2,9,0,18,0,1,0,0,0,0,1,1,5,2,75,10,1587,1,12,10,1,10
2016450103915,1,9,0,11,0,0,0,0,0,0,0,1,6,1,40,7,-1,-1,-1,-1,-1,-1
2016450103915,2,1,0,18,0,0,5,0,1,0,0,1,5,1,67,10,-1,-1,-1,7,1,7
2016450103930,1,1,0,18,0,0,0,0,0,0,1,1,6,1,40,7,-1,-1,-1,10,1,10
2016450103930,2,9,0,6,0,0,0,0,0,0,1,1,6,2,-1,-1,-1,-1,-1,10,3,10
2016450104052,1,9,0,5,0,0,1,0,1,0,2,1,5,2,42,7,1796,1,11,10,1,10
2016450104335,1,9,0,9,0,1,0,0,0,0,1,1,6,1,53,8,1199,1,13,5,1,5
2016450104378,1,9,0,18,0,0,1,4,0,0,1,1,2,2,36,7,1242,1,7,8,1,8
2016450104378,2,9,0,2,0,0,0,0,0,0,3,1,5,2,27,6,1596,1,9,6,2,6
2016450104378,3,9,0,2,0,0,0,0,0,0,1,1,5,1,-1,-1,1598,1,12,6,2,6
2016450104388,1,9,0,2,0,0,0,0,0,10,2,1,6,2,41,7,1498,1,2,10,1,10
2016450104425,1,4,0,5,0,2,0,0,0,0,4,1,5,1,48,8,498,1,14,6,3,6
2016450104425,2,9,0,5,0,2,0,0,0,0,2,1,5,2,60,9,1398,1,3,7,1,7
2016450104426,1,9,0,4,0,0,1,0,0,0,1,1,6,2,19,4,1149,1,12,10,3,10
2016450104426,2,9,0,4,0,0,1,0,0,0,2,1,1,1,62,9,1968,2,1,7,3,7
2016450104426,3,9,0,18,0,0,0,0,0,0,2,1,1,1,56,9,1598,2,2,10,1,10
2016450104426,4,9,0,3,0,0,0,0,0,0,2,1,6,1,41,7,1560,2,2,10,1,10
2016450104426,5,9,0,3,0,0,0,0,0,0,4,1,6,1,53,8,1596,1,14,10,2,10
2016450104428,1,9,0,1,0,0,0,0,0,0,2,1,6,1,50,8,1339,1,10,10,1,10
2016450104428,2,9,0,2,0,0,0,0,0,0,1,1,6,1,52,8,6262,1,-1,10,1,10
2016450104452,1,1,0,18,0,1,0,0,0,0,1,1,5,1,15,3,-1,-1,-1,10,3,10
2016450104452,2,19,0,5,0,6,0,0,0,0,4,1,6,1,32,6,2198,2,5,9,2,9
2016450104459,1,21,1,18,0,0,0,0,0,0,3,1,1,1,32,6,12777,2,8,7,1,7
2016450104459,2,9,0,18,0,0,0,0,0,0,3,1,6,2,41,7,1796,1,10,10,1,10
2016450104675,1,9,0,10,0,0,0,0,0,0,1,1,6,1,72,10,1999,1,7,10,1,10
2016450104675,2,1,0,18,0,0,0,0,0,0,1,1,6,1,73,10,-1,-1,-1,10,1,10
2016450104715,1,1,0,18,0,0,5,0,0,0,3,1,5,1,18,4,-1,-1,-1,10,1,10
2016450104715,2,19,0,13,0,0,0,0,0,0,4,1,6,1,64,9,1868,2,12,6,3,6
2016450104793,1,9,0,13,0,0,0,0,0,0,1,1,6,1,27,6,1781,1,17,8,3,8
2016450104793,2,5,0,13,0,0,2,0,7,0,1,1,2,1,65,9,1043,1,3,9,1,9
2016450104793,3,17,0,18,0,0,0,0,0,0,0,1,1,1,18,4,-1,2,15,3,1,3
2016450104821,1,9,0,18,0,0,0,0,0,0,4,1,6,1,67,10,2720,2,10,10,1,10
2016450104821,2,1,0,15,0,0,0,0,0,0,3,1,2,1,55,8,-1,-1,-1,10,3,10
2016450104827,1,9,0,14,0,0,0,0,0,0,4,1,2,2,23,5,1360,1,11,6,1,6
2016450104827,2,9,0,5,0,0,0,0,0,0,3,1,6,2,40,7,1389,1,10,5,1,5
2016450104840,1,9,0,9,0,5,0,0,0,0,2,1,6,2,21,5,1198,1,8,10,3,10
2016450104840,2,19,0,18,0,1,0,0,0,0,1,1,1,1,54,8,-1,-1,-1,-1,-1,-1
2016450104855,1,9,0,4,0,0,0,0,0,0,2,1,1,1,25,5,1598,1,14,8,1,8
2016450104855,2,19,0,3,0,0,0,0,0,0,2,1,1,1,21,5,2143,2,2,5,1,5
2016450104857,1,9,0,18,0,0,0,0,0,0,2,1,5,1,57,9,1910,2,10,7,1,7
2016450104857,2,9,0,18,0,0,0,0,0,0,1,1,6,3,-1,-1,-1,-1,-1,-1,-1,-1
2016450104859,1,19,0,18,0,0,0,0,0,0,1,1,1,1,52,8,-1,-1,-1,6,1,6
2016450104859,2,9,0,18,0,0,1,0,0,0,3,1,6,1,56,9,1360,1,14,5,1,5
2016450104874,1,9,0,9,0,5,0,0,0,0,3,1,1,2,39,7,1968,2,5,8,1,8
2016450104874,2,5,0,18,0,1,1,0,0,0,1,1,5,1,61,9,998,1,14,7,1,7
2016450104892,1,9,0,9,0,5,0,0,0,0,4,1,5,2,74,10,1968,2,5,-1,-1,-1
2016450104892,2,4,0,18,0,1,5,0,0,0,1,1,5,1,51,8,535,1,23,10,3,10
2016450104898,1,9,0,18,0,0,0,0,4,6,3,1,6,1,24,5,2979,1,10,4,1,4
2016450104917,1,9,0,17,0,0,0,0,7,4,1,1,6,1,35,6,1598,1,13,9,1,9
2016450104931,1,9,0,4,0,1,1,0,0,0,1,1,6,2,19,4,1299,1,12,5,1,5
2016450104931,2,9,0,3,0,1,0,0,0,0,2,1,6,2,21,5,1598,1,9,7,1,7
2016450104931,3,9,0,18,0,1,0,0,0,0,2,1,6,2,26,6,1398,1,-1,8,1,8
2016450105071,1,5,0,18,0,0,0,0,0,0,3,1,2,1,37,7,988,1,13,4,1,4
2016450105071,2,9,0,9,0,0,0,0,0,0,1,1,1,2,27,6,1349,1,3,6,1,6
2016450105229,1,9,0,9,0,5,0,0,0,0,1,1,1,1,31,6,-1,-1,-1,4,1,4
2016450105229,2,3,0,18,0,1,0,0,0,0,1,1,6,1,18,4,-1,-1,-1,4,1,4
2016450105262,1,9,0,4,0,0,0,0,0,0,2,1,6,2,45,7,1686,2,4,5,1,5
2016450105262,2,9,0,18,0,0,0,0,0,0,1,1,6,2,21,5,1242,1,7,10,1,10
2016450105303,1,9,0,18,0,8,0,0,0,0,3,1,1,1,82,11,1339,1,12,10,1,10
2016450105303,2,9,0,9,0,8,0,0,0,0,1,1,6,1,78,11,1600,1,15,10,1,10
2016450105309,1,9,0,6,0,1,0,0,0,0,3,1,6,1,54,8,2495,2,18,10,2,10
2016450105309,2,5,0,13,0,8,0,0,0,0,1,1,6,1,40,7,599,1,4,9,1,9
2016450105325,1,9,0,7,0,6,0,0,0,0,3,1,6,2,85,11,1590,1,14,10,1,10
2016450105325,2,3,0,18,0,1,0,0,0,0,1,1,6,1,59,9,124,1,1,5,1,5
2016450105356,1,9,0,12,0,1,0,9,0,0,1,1,2,2,33,6,1896,2,13,9,1,9
2016450105356,2,9,0,3,0,1,0,0,0,0,3,1,2,1,23,5,3246,1,13,8,1,8
2016450105361,1,9,0,10,0,0,0,0,0,0,0,1,1,1,46,8,2987,2,9,10,3,10
2016450105361,2,2,0,18,0,0,2,0,0,0,0,1,5,1,23,5,49,1,-1,10,2,10
2016450105393,1,9,0,17,0,0,1,0,0,0,1,1,6,1,25,5,1364,1,9,7,1,7
2016450105393,2,9,0,18,0,0,0,0,0,0,1,1,6,1,25,5,1124,1,14,9,3,9
2016450105411,1,1,0,18,0,0,5,0,1,0,1,1,2,1,38,7,-1,-1,-1,10,1,10
2016450105419,1,19,0,17,0,3,0,0,0,0,0,1,1,1,47,8,2198,2,8,8,1,8
2016450105456,1,9,0,6,0,0,0,0,0,0,3,1,2,1,55,8,1242,1,7,4,2,4
2016450105456,2,5,0,14,0,0,2,0,0,0,1,1,5,1,45,7,649,1,5,2,1,2
2016450105533,1,1,0,18,0,0,5,0,1,10,3,1,5,1,17,4,-1,-1,-1,10,1,10
2016450105533,2,9,0,13,0,0,0,0,0,0,4,1,6,3,45,7,-1,-1,-1,-1,-1,-1
2016450105740,1,9,0,5,0,0,0,0,0,0,1,1,1,2,27,6,999,1,1,6,1,6
2016450105772,1,9,0,16,0,0,1,0,0,0,4,1,6,2,22,5,1596,1,13,7,2,7
2016450105772,2,9,0,2,0,0,0,0,0,0,3,1,6,2,29,6,998,1,2,6,1,6
2016450105782,1,4,0,18,0,1,0,0,7,0,1,1,2,1,47,8,998,1,24,8,3,8
2016450105782,2,19,0,9,0,5,0,0,0,0,3,1,2,1,30,6,2300,2,11,6,3,6
2016450105808,1,9,0,4,0,0,0,0,0,0,2,1,6,2,37,7,1896,2,9,5,1,5
2016450105808,2,9,0,4,0,0,0,0,0,0,2,1,6,1,35,6,2987,2,6,10,1,10
2016450105808,3,9,0,4,0,0,0,0,0,0,1,1,6,2,69,10,2993,2,6,3,1,3
2016450105816,1,9,0,9,0,5,0,0,0,0,4,1,6,2,27,6,1461,2,3,8,1,8
2016450105816,2,1,0,15,0,8,0,0,0,0,1,1,6,1,18,4,-1,-1,-1,6,1,6
2016450105867,1,1,0,18,0,1,0,0,0,0,1,1,5,2,59,9,-1,-1,-1,4,1,4
2016450105867,2,9,0,18,0,6,0,0,0,0,1,1,1,1,37,7,1995,2,4,5,1,5
2016450105873,1,9,0,3,0,0,0,0,0,0,1,1,6,2,63,9,1968,2,8,10,1,10
2016450105873,2,9,0,4,0,0,0,0,0,0,2,1,1,2,57,9,2191,2,2,-1,-1,-1
2016450105901,1,21,1,18,0,0,0,0,0,0,2,1,1,1,59,9,12777,2,2,10,1,10
2016450105901,2,9,0,4,0,0,0,0,0,0,1,1,1,1,65,9,898,1,1,-1,-1,-1
2016450105924,1,19,0,18,0,8,5,0,0,0,3,1,1,1,41,7,1560,2,2,8,1,8
2016450105924,2,9,0,5,0,6,0,0,0,0,1,1,5,2,34,6,1587,1,15,7,1,7
2016450106371,1,9,0,5,0,6,0,0,0,0,1,1,6,2,35,6,2143,2,7,8,1,8
2016450106371,2,1,0,10,0,6,0,0,0,0,2,1,6,1,39,7,-1,-1,-1,2,1,2
2016450106390,1,9,0,18,0,1,0,0,0,0,1,1,6,1,60,9,1596,1,10,10,1,10
2016450106390,2,9,0,18,0,1,0,0,0,0,2,1,2,1,53,8,1598,1,10,10,1,10
2016450106394,1,9,0,18,0,0,0,0,0,0,1,1,6,1,22,5,2494,1,15,8,1,8
2016450106394,2,19,0,2,0,0,0,0,0,0,3,1,6,1,40,7,2402,2,6,6,1,6
2016450106445,1,9,0,9,0,5,0,0,0,0,3,1,2,1,42,7,1997,2,-1,8,1,8
2016450106445,2,5,0,18,0,1,0,0,0,0,1,1,2,1,25,5,745,1,-1,6,1,6
2016450106453,1,3,0,18,0,1,0,0,0,0,1,1,2,1,17,4,125,1,-1,7,1,7
2016450106453,2,9,0,10,0,5,0,0,0,0,2,1,2,1,34,6,1998,1,9,8,1,8
2016450106783,1,9,0,18,0,0,0,0,0,0,1,1,6,1,38,7,1800,1,17,7,1,7
2016450106783,2,9,0,3,0,0,0,0,0,0,2,1,1,2,56,9,1910,2,8,7,1,7
2016450106833,1,9,0,18,0,1,0,0,0,0,1,1,2,1,43,7,1796,1,4,5,1,5
2016450106833,2,9,0,10,0,5,0,0,0,0,2,1,2,2,31,6,1248,1,2,10,1,10
2016450106852,1,9,0,3,0,1,0,0,0,0,2,1,6,1,41,7,2993,2,-1,5,1,5
2016450106852,2,9,0,4,0,1,0,0,0,0,2,1,2,2,25,5,1197,1,4,9,1,9
2016450106852,3,9,0,16,0,1,0,0,0,0,1,1,2,1,38,7,1560,2,9,8,1,8
2016450106876,1,19,0,14,0,1,0,0,0,0,1,1,6,1,39,7,1870,2,11,6,1,6
2016450106876,2,9,0,2,0,1,0,0,0,0,2,1,6,1,-1,-1,1968,2,2,2,1,2
2016450106876,3,9,0,2,0,1,0,0,0,0,2,1,6,1,-1,-1,1753,2,8,2,1,2
2016450106878,1,3,0,18,0,0,1,0,0,0,1,1,5,1,28,6,125,1,1,10,1,10
2016450106878,2,9,0,3,0,0,0,0,0,0,2,1,5,2,56,9,1796,1,10,10,1,10
2016450106911,1,9,0,9,0,6,0,0,0,0,1,1,6,2,77,11,1198,1,3,10,1,10
2016450106911,2,9,0,18,0,1,0,0,0,0,1,1,6,2,46,8,3498,1,9,10,1,10
2016450106929,1,9,0,18,0,0,0,0,0,0,1,1,5,2,77,11,1791,8,5,9,1,9
2016450106929,2,9,0,3,0,0,0,0,0,0,2,1,5,2,51,8,1995,2,1,7,3,7
2016450106929,3,20,0,3,0,0,0,0,0,0,2,1,2,1,40,7,6370,2,10,9,1,9
2016450106941,1,11,0,18,0,0,0,0,0,0,1,1,6,3,-1,-1,-1,-1,-1,-1,-1,-1
2016450107012,1,19,0,18,0,0,0,0,0,0,1,1,5,1,21,5,1598,2,4,4,1,4
2016450107012,2,9,0,3,0,0,0,0,0,0,2,1,5,2,25,5,-1,-1,-1,-1,-1,-1
2016450107154,1,9,0,9,0,5,0,0,0,0,3,1,6,1,42,7,1995,2,9,4,1,4
2016450107154,2,9,0,18,0,1,1,0,0,0,1,1,2,2,30,6,1299,1,13,8,1,8
2016450107203,1,9,0,9,0,5,0,0,0,0,4,1,5,2,21,5,1798,1,-1,-1,-1,-1
2016450107203,2,9,0,18,0,8,0,0,0,0,1,1,5,2,44,7,1995,2,3,10,1,10
2016450107216,1,9,0,17,0,8,1,0,0,0,4,1,5,2,25,5,1248,2,7,7,1,7
2016450107223,1,9,0,9,0,4,0,0,0,0,1,1,5,1,18,4,1242,1,2,-1,1,-1
2016450107223,2,1,0,18,0,8,0,0,0,0,2,1,5,1,66,10,-1,-1,-1,9,1,9
2016450107237,1,9,0,18,0,8,0,0,0,0,1,1,2,1,49,8,1686,2,6,6,1,6
2016450107237,2,9,0,18,0,8,0,0,0,0,4,1,5,2,73,10,1197,1,1,9,2,9
2016450107241,1,19,0,18,0,0,0,0,0,0,1,1,1,1,44,7,1968,2,6,10,1,10
2016450107241,2,9,0,18,0,0,0,0,0,0,2,1,5,1,49,8,2198,2,11,3,1,3
2016450107241,3,9,0,4,0,0,0,0,0,0,0,1,6,3,-1,-1,-1,-1,-1,-1,-1,-1
2016450107249,1,9,0,18,0,0,0,0,0,0,1,1,1,1,36,7,2143,2,4,3,1,3
2016450107249,2,9,0,18,0,0,0,0,0,0,2,1,6,1,-1,-1,1796,1,8,10,1,10
2016450107249,3,9,0,18,0,0,0,0,0,0,2,1,6,2,-1,-1,2987,2,1,8,1,8
2016450107265,1,9,0,9,0,8,0,0,0,0,1,1,6,2,52,8,2198,2,7,10,3,10
2016450107277,1,9,0,18,0,8,1,0,1,0,1,1,5,1,17,4,1598,1,13,4,1,4
2016450107277,2,9,0,18,0,1,0,0,0,0,0,1,1,1,26,6,1499,2,-1,8,1,8
2016450107287,1,9,0,17,6,1,0,0,0,0,4,1,5,1,68,10,2184,2,10,5,1,5
2016450107295,1,9,0,18,0,0,0,4,0,0,4,1,6,1,32,6,-1,-1,-1,9,1,9
2016450107295,2,9,0,2,0,0,0,0,0,0,1,1,6,1,-1,-1,2494,1,18,8,1,8
2016450107311,1,5,0,13,0,0,0,0,0,0,4,1,2,1,45,7,1170,1,-1,8,1,8
2016450107311,2,9,0,6,0,0,0,0,0,0,3,1,1,2,27,6,1242,1,2,10,1,10
2016450107332,1,9,0,4,0,0,0,0,0,0,1,1,5,1,31,6,2184,2,13,5,1,5
2016450107332,2,20,0,4,0,0,0,0,0,0,2,1,1,1,54,8,12740,2,1,5,1,5
2016450107361,1,9,0,4,0,0,0,0,0,0,1,1,5,1,67,10,1896,2,8,7,1,7
2016450107361,2,9,0,4,0,0,0,0,0,0,2,1,5,1,69,10,1968,2,5,9,1,9
2016450107361,3,9,0,4,0,0,0,0,0,0,1,1,5,1,28,6,1984,1,10,-1,-1,-1
2016450107361,4,9,0,4,0,0,0,0,0,0,2,1,5,1,33,6,1600,2,6,-1,-1,-1
2016450107399,1,9,0,18,0,0,0,0,0,0,3,1,1,2,21,5,-1,-1,-1,6,2,6
2016450107399,2,19,0,18,0,0,0,0,0,0,4,1,6,1,40,7,-1,-1,-1,-1,-1,-1
2016450107407,1,9,0,18,0,0,0,0,0,0,1,1,1,2,47,8,-1,3,1,9,2,9
2016450107407,2,8,0,5,0,0,0,0,0,0,2,1,1,1,27,6,1797,8,6,7,1,7
2016450107459,1,9,0,16,0,0,0,0,8,0,1,1,6,2,18,4,1124,1,11,10,1,10
2016450107630,1,1,0,18,0,6,5,0,0,0,2,1,5,1,13,3,-1,-1,-1,5,1,5
2016450107630,2,5,0,18,0,1,5,0,0,0,1,1,2,1,50,8,745,1,17,3,1,3
2016450107661,1,1,0,18,0,0,2,8,0,0,1,1,5,1,58,9,-1,-1,-1,10,1,10
2016450107661,2,9,0,2,0,0,0,0,0,0,4,1,5,1,59,9,898,1,2,10,3,10
2016450107664,1,1,0,18,0,1,0,0,0,0,4,1,2,1,24,5,-1,-1,-1,7,1,7
2016450107664,2,9,0,9,0,5,0,0,0,0,1,1,6,2,37,7,2084,1,12,-1,-1,-1
2016450107708,1,9,0,5,0,0,0,0,0,0,1,1,6,2,-1,-1,1560,2,8,2,1,2
2016450107708,2,9,0,18,0,0,0,0,0,0,1,1,6,1,-1,-1,1995,2,12,6,2,6
2016450107719,1,9,0,18,0,0,0,0,0,0,1,1,6,1,45,7,1596,1,2,10,2,10
2016450107719,2,19,0,18,0,0,0,0,0,0,1,1,6,1,26,6,2143,2,2,3,1,3
2016450107726,1,9,0,4,0,0,1,0,7,4,4,1,1,1,52,8,1995,1,11,3,1,3
2016450107727,1,9,0,7,9,6,0,0,0,0,1,1,5,1,25,5,1396,1,5,2,1,2
2016450107727,2,1,0,18,4,8,0,0,0,0,4,1,5,1,48,8,-1,-1,-1,7,1,7
2016450107759,1,9,0,18,0,4,5,0,0,0,1,1,6,1,30,6,1242,1,11,10,1,10
2016450107768,1,1,0,18,0,0,0,0,0,0,2,1,5,1,26,6,-1,-1,-1,-1,-1,-1
2016450107768,2,9,0,18,0,0,0,0,0,0,1,1,5,1,81,11,1108,1,6,9,1,9
2016450107784,1,9,0,17,0,8,0,6,2,0,3,1,5,1,22,5,1995,1,7,9,1,9
2016450107787,1,1,0,18,0,0,0,0,0,0,3,1,5,2,47,8,-1,-1,-1,5,1,5
2016450107787,2,9,0,13,0,0,0,0,0,0,1,1,6,2,69,10,1699,1,5,10,1,10
2016450107801,1,9,0,17,0,0,1,0,0,0,3,1,5,2,24,5,1598,1,10,6,2,6
2016450107801,2,9,0,16,0,0,0,0,0,0,1,1,5,2,38,7,1399,1,11,6,2,6
2016450107814,1,9,0,18,0,0,0,0,0,0,1,1,1,1,37,7,1398,1,8,7,1,7
2016450107814,2,20,0,4,0,0,0,0,0,0,2,1,1,1,39,7,-1,-1,-1,4,1,4
2016450107815,1,19,0,4,0,8,0,0,0,0,1,1,6,1,64,9,1598,2,1,10,1,10
2016450107815,2,9,0,5,0,8,0,0,0,0,2,1,6,1,36,7,-1,-1,-1,5,1,5
2016450107815,3,9,0,4,0,8,0,0,0,0,0,1,1,1,43,7,2993,2,1,8,1,8
2016450107825,1,9,0,5,0,4,0,0,0,0,1,1,1,2,46,8,1686,2,3,5,1,5
2016450107825,2,9,0,18,0,8,0,0,7,0,3,1,1,2,34,6,1598,1,8,3,1,3
2016450107826,1,3,0,4,0,0,2,0,0,0,0,1,1,1,47,8,998,1,1,10,1,10
2016450107851,1,9,0,18,0,0,0,0,0,0,0,1,6,3,-1,-1,-1,-1,-1,-1,-1,-1
2016450107851,2,9,0,18,0,0,0,0,0,0,1,1,5,1,33,6,1596,1,11,8,1,8
2016450107884,1,9,0,18,0,0,0,0,0,0,2,1,5,2,47,8,1560,2,3,7,1,7
2016450107884,2,9,0,4,0,0,0,0,0,0,2,1,5,1,45,7,1685,2,3,6,1,6
2016450107884,3,9,0,18,0,0,0,0,0,0,1,1,5,1,55,8,-1,-1,-1,-1,-1,-1
2016450107884,4,9,0,18,0,0,0,0,0,0,1,1,5,1,67,10,1396,1,3,10,1,10
2016450108100,1,1,0,18,0,1,0,0,0,0,1,1,5,1,66,10,-1,-1,-1,-1,-1,-1
2016450108100,2,19,0,18,0,6,0,0,0,0,1,1,1,1,42,7,2459,2,14,-1,-1,-1
2016450108112,1,9,0,18,0,8,0,0,0,0,1,1,5,2,38,7,-1,-1,-1,8,1,8
2016450108112,2,9,0,18,0,8,0,0,0,0,1,1,5,2,58,9,1360,1,8,4,1,4
2016450108112,3,19,0,18,0,1,0,0,0,0,4,1,1,1,39,7,1598,2,-1,3,1,3
2016450108156,1,9,0,4,0,0,0,0,0,0,1,1,2,1,48,8,1995,2,2,8,1,8
2016450108156,2,9,0,5,0,0,0,0,0,0,2,1,2,1,52,8,1689,2,13,10,1,10
2016450108156,3,9,0,5,0,0,0,0,0,0,2,1,2,2,47,8,2987,2,7,6,1,6
2016450108175,1,9,0,5,0,6,0,0,0,0,1,1,2,1,32,6,1388,1,12,8,3,8
2016450108175,2,9,0,18,0,1,0,0,0,0,4,1,2,1,59,9,1590,1,16,9,1,9
2016450108210,1,9,0,17,0,0,2,0,7,0,2,1,1,2,25,5,1349,1,3,7,2,7
2016450108215,1,9,0,3,0,1,0,0,0,0,2,1,2,2,29,6,1388,1,5,10,1,10
2016450108215,2,9,0,18,0,1,0,0,0,0,1,1,5,1,24,5,998,1,14,7,3,7
2016450108231,1,5,0,11,0,0,5,0,0,0,1,1,5,1,64,9,1200,1,16,9,1,9
2016450108233,1,1,0,7,0,3,5,0,0,0,2,1,2,1,37,7,-1,-1,-1,10,1,10
2016450108233,2,9,0,5,0,1,0,0,0,0,1,1,2,1,-1,-1,-1,-1,-1,-1,-1,-1
2016450108244,1,9,0,3,0,0,0,0,0,0,2,1,3,2,42,7,2993,2,6,9,1,9
2016450108244,2,9,0,3,0,0,0,0,0,0,2,1,3,2,41,7,1970,1,14,9,1,9
2016450108244,3,9,0,18,0,0,0,0,0,0,1,1,2,2,25,5,1797,8,5,7,1,7
2016450108272,1,9,0,18,0,8,0,7,7,0,1,1,1,1,30,6,1896,2,8,9,1,9
2016450108284,1,9,0,18,0,8,0,0,0,0,1,1,1,2,22,5,1800,1,13,7,1,7
2016450108284,2,9,0,18,0,8,0,0,0,0,3,1,1,1,25,5,1198,1,4,8,1,8
2016450108284,3,9,0,4,0,1,0,0,0,0,1,1,2,2,25,5,1349,1,6,8,1,8
2016450108286,1,9,0,17,0,0,1,0,1,4,1,1,5,1,45,7,2494,1,17,10,1,10
2016450108293,1,1,0,18,0,1,0,0,0,0,1,1,6,2,56,9,-1,-1,-1,5,1,5
2016450108293,2,19,0,7,0,6,0,0,0,0,3,1,6,1,-1,-1,1598,2,5,5,1,5
2016450108666,1,9,0,5,0,1,0,0,0,0,4,1,5,1,74,10,1596,1,18,8,3,8
2016450108666,2,5,0,4,0,1,2,0,0,0,1,1,1,1,49,8,1137,1,17,8,1,8
2016450108677,1,9,0,4,0,0,0,0,0,0,1,1,5,1,59,9,1560,2,2,10,1,10
2016450108677,2,9,0,4,0,0,0,0,0,0,2,1,5,1,82,11,1769,1,12,10,1,10
2016450108677,3,9,0,3,0,0,0,0,0,0,2,1,2,1,23,5,1995,1,9,10,1,10
2016450108677,4,9,0,4,0,0,0,0,0,0,2,1,5,2,76,11,2922,1,21,10,1,10
2016450108714,1,9,0,14,0,0,0,0,0,0,4,1,1,1,43,7,2993,2,3,2,1,2
2016450108731,1,9,0,2,0,8,0,0,0,0,3,1,5,2,52,8,1995,1,6,2,1,2
2016450108731,2,1,0,18,0,8,0,0,0,0,1,1,5,2,32,6,-1,-1,-1,2,1,2
2016450108734,1,9,0,16,0,0,0,0,0,0,1,1,2,1,33,6,1171,1,21,10,1,10
2016450108734,2,9,0,17,0,0,0,0,0,0,1,1,5,2,69,10,2231,2,3,10,3,10
2016450108768,1,9,0,18,0,8,0,12,0,0,1,1,2,1,38,7,1598,1,10,10,1,10
2016450108768,2,4,0,18,0,8,0,12,0,0,0,1,2,1,53,8,955,1,17,10,2,10
2016450108781,1,9,0,3,0,0,0,0,0,0,0,1,5,1,31,6,-1,-1,-1,4,1,4
2016450108781,2,9,0,18,0,0,0,0,0,0,1,1,5,1,56,9,2993,2,7,10,1,10
2016450108781,3,9,0,18,0,0,0,0,7,4,4,1,5,1,49,8,1781,1,13,10,1,10
2016450108789,1,3,0,16,0,0,0,0,0,0,2,1,6,1,19,4,125,1,1,8,1,8
2016450108789,2,3,0,18,0,0,5,0,0,0,1,1,6,2,18,4,124,1,-1,8,1,8
2016450108792,1,9,0,18,0,8,0,0,0,0,1,1,5,1,82,11,2290,1,15,-1,-1,-1
2016450108794,1,9,0,18,0,4,0,0,0,0,1,1,2,1,62,9,1797,8,3,5,1,5
2016450108794,2,1,0,9,0,8,0,0,0,0,1,1,6,1,27,6,-1,-1,-1,8,1,8
2016450108809,1,9,0,3,0,1,0,0,0,0,2,1,5,1,38,7,1995,2,4,8,1,8
2016450108809,2,9,0,18,0,1,0,0,0,0,1,1,5,2,70,10,1364,1,6,10,1,10
2016450108832,1,9,0,4,0,0,0,0,0,0,1,1,6,2,22,5,-1,-1,-1,10,1,10
2016450108832,2,9,0,4,0,0,0,0,0,0,2,1,6,2,67,10,1599,1,11,9,1,9
2016450108832,3,9,0,4,0,0,0,0,0,0,2,1,6,1,37,7,1968,2,-1,10,1,10
2016450108832,4,9,0,4,0,0,0,0,0,0,1,1,6,1,54,8,1896,2,8,-1,-1,-1