Accident_Index,Vehicle_Reference,Vehicle_Type,Towing_and_Articulation,Vehicle_Manoeuvre,Vehicle_Location-Restricted_Lane,Junction_Location,Skidding_and_Overturning,Hit_Object_in_Carriageway,Vehicle_Leaving_Carriageway,Hit_Object_off_Carriageway,1st_Point_of_Impact,Was_Vehicle_Left_Hand_Drive?,Journey_Purpose_of_Driver,Sex_of_Driver,Age_of_Driver,Age_Band_of_Driver,Engine_Capacity_(CC),Propulsion_Code,Age_of_Vehicle,Driver_IMD_Decile,Driver_Home_Area_Type,Vehicle_IMD_Decile
2016450113973,1,9,0,13,0,0,0,0,0,0,3,1,2,1,45,7,1368,1,6,10,1,10
2016450113973,2,9,0,13,0,0,0,0,0,0,1,1,6,2,56,9,2400,2,5,7,3,7
2016450113977,1,9,0,4,0,0,0,0,0,0,2,1,6,2,35,6,1794,1,13,5,1,5
2016450113977,2,9,0,2,0,0,0,0,0,0,1,1,3,1,42,7,1461,2,2,5,1,5
2016450113999,1,9,0,18,0,0,0,0,0,0,1,1,6,2,74,10,1200,1,2,10,2,10
2016450114001,1,9,0,9,0,5,0,0,0,0,4,1,2,1,37,7,1242,1,3,9,1,9
2016450114001,2,9,0,18,2,1,0,0,0,0,1,1,6,1,24,5,1364,1,10,3,1,3
2016450114007,1,3,0,18,0,8,5,0,0,0,3,1,2,2,34,6,125,1,2,10,1,10
2016450114007,2,9,0,9,0,6,0,0,0,0,0,1,6,3,35,6,-1,-1,-1,-1,-1,-1
2016450114016,1,9,0,18,0,0,0,0,0,0,1,1,6,1,19,4,1124,1,11,7,1,7
2016450114024,1,19,0,4,0,0,0,0,0,0,1,1,1,1,23,5,2287,2,8,10,3,10
2016450114024,2,9,0,4,0,0,0,0,0,0,2,1,6,2,28,6,1560,2,4,7,1,7
2016450114024,3,9,0,4,0,0,0,0,0,0,2,1,2,1,41,7,1461,2,8,10,1,10
2016450114024,4,9,0,4,0,0,0,0,0,0,0,1,1,2,44,7,1598,1,5,9,2,9
2016450114064,1,3,0,14,0,0,5,0,0,0,3,1,6,1,38,7,124,1,12,2,1,2
2016450114094,1,19,0,18,0,0,0,0,0,0,3,1,1,1,21,5,2143,2,-1,-1,-1,-1
2016450114126,1,21,1,18,0,0,1,0,0,0,1,1,1,1,39,7,-1,-1,-1,-1,-1,-1
2016450114126,2,20,0,4,0,0,0,0,0,0,2,1,1,1,41,7,-1,-1,-1,-1,-1,-1
2016450114126,3,9,0,4,0,0,0,0,0,0,2,1,1,2,31,6,1973,1,16,6,3,6
2016450114126,4,19,0,4,0,0,0,0,0,0,2,1,1,1,45,7,2198,2,8,7,3,7
2016450114136,1,9,0,18,0,0,0,0,0,0,2,1,6,1,78,11,-1,-1,-1,6,3,6
2016450114136,2,9,0,18,0,0,0,0,0,0,1,1,6,1,-1,-1,698,1,12,8,1,8
2016450114157,1,1,0,4,9,0,0,0,0,0,1,1,6,2,40,7,-1,-1,-1,7,1,7
2016450114188,1,9,0,18,0,0,0,0,0,0,1,1,6,1,22,5,1999,1,11,-1,-1,-1
2016450114188,2,9,0,18,0,0,0,0,0,0,1,1,6,2,30,6,1198,1,10,-1,-1,-1
2016450114188,3,9,0,18,0,0,0,0,0,0,1,1,6,1,45,7,2231,2,10,-1,-1,-1
2016450114202,1,9,0,18,0,0,0,0,0,0,1,1,6,1,-1,-1,-1,-1,-1,-1,-1,-1
2016450114404,1,9,0,9,0,6,0,0,0,0,3,1,5,1,70,10,1598,2,1,5,1,5
2016450114404,2,3,0,18,0,1,0,0,0,0,1,1,5,1,41,7,124,1,14,7,1,7
2016450114413,1,9,0,4,0,0,0,0,0,0,2,1,5,1,24,5,1910,2,11,5,1,5
2016450114413,2,19,0,18,0,0,0,0,0,0,2,1,1,1,33,6,2143,2,5,10,1,10
2016450114413,3,9,0,4,0,0,0,0,0,0,1,1,5,1,56,9,2099,1,14,5,1,5
2016450114413,4,9,0,4,0,0,0,0,0,0,2,1,1,1,54,8,-1,-1,-1,9,1,9
2016450114413,5,9,0,4,0,0,0,0,0,0,0,1,5,2,46,8,2179,2,3,10,1,10
2016450114413,6,9,0,4,0,0,0,0,0,0,2,1,1,1,26,6,1998,1,7,3,1,3
2016450114413,7,9,0,2,0,0,0,0,0,0,0,1,5,1,45,7,1995,2,9,10,1,10
2016450114413,8,9,0,2,0,0,0,0,0,0,0,1,2,1,45,7,1896,2,13,8,1,8
2016450114445,1,9,0,9,0,6,0,0,0,0,1,1,6,2,56,9,1248,1,-1,5,2,5
2016450114445,2,9,0,18,0,1,0,0,0,0,4,1,6,2,48,8,1896,2,13,4,2,4
2016450114451,1,9,0,18,0,1,0,0,0,0,1,1,2,2,22,5,1242,1,4,10,2,10
2016450114451,2,9,0,4,0,1,0,0,0,0,2,1,2,1,26,6,1124,1,15,10,2,10
2016450114457,1,9,0,18,0,0,0,0,0,0,2,1,2,1,20,4,1596,1,7,10,1,10
2016450114457,3,4,0,15,0,0,1,0,0,0,1,1,6,1,40,7,1050,1,5,6,1,6
2016450114500,1,9,0,11,0,0,0,0,0,0,4,1,2,2,25,5,1360,1,6,8,1,8
2016450114500,2,4,0,15,0,0,0,0,0,0,3,1,2,1,35,6,649,1,8,7,2,7
2016450114513,1,9,0,4,0,1,0,0,0,0,2,1,1,1,50,8,2290,1,15,8,1,8
2016450114513,2,9,0,3,0,1,0,0,0,0,1,1,5,2,33,6,1242,1,3,5,1,5
2016450114515,1,9,0,17,0,1,0,0,0,0,1,1,6,2,40,7,2204,2,11,10,2,10
2016450114515,2,9,0,5,0,6,0,0,0,0,3,1,6,1,67,10,1799,1,17,10,1,10
2016450114519,1,9,0,9,0,6,0,0,0,0,4,1,2,2,37,7,1598,1,8,-1,-1,-1
2016450114519,2,9,0,18,0,1,0,0,0,0,1,1,3,2,17,4,998,1,5,10,3,10
2016450114538,1,9,0,5,0,1,0,0,0,0,1,1,5,1,49,8,1995,2,2,7,1,7
2016450114538,2,9,0,9,0,8,0,0,0,0,4,1,5,2,29,6,1598,1,6,10,1,10
2016450114546,1,9,0,18,0,8,0,0,7,0,1,1,6,2,42,7,1229,1,12,8,1,8
2016450114546,2,21,0,18,0,1,0,0,7,0,1,1,1,1,45,7,4461,2,8,8,1,8
2016450114550,1,19,0,1,0,6,0,0,0,0,2,1,1,1,20,4,1461,2,3,8,1,8
2016450114551,1,1,0,4,0,0,0,0,0,0,3,1,5,1,80,11,-1,-1,-1,9,1,9
2016450114551,2,9,0,18,0,0,0,0,0,0,4,1,5,2,87,11,1242,1,2,5,1,5
2016450114555,1,5,0,13,0,1,1,0,0,0,3,1,6,1,27,6,998,1,7,7,1,7
2016450114555,2,9,0,18,0,1,0,0,0,0,2,1,6,2,31,6,1999,2,1,5,1,5
2016450114564,1,9,0,18,0,6,0,0,0,0,3,1,6,2,17,4,1390,1,15,-1,-1,-1
2016450114564,2,9,0,18,0,1,0,0,0,0,4,1,6,1,-1,-1,1988,1,14,-1,-1,-1
2016450114580,1,9,0,18,0,1,0,0,0,0,1,1,6,1,53,8,1397,1,6,7,2,7
2016450114580,2,9,0,9,0,6,0,0,0,0,1,1,6,1,43,7,1998,1,12,6,1,6
2016450114601,1,1,0,18,9,1,5,0,0,0,0,1,5,1,49,8,-1,-1,-1,9,1,9
2016450114606,1,9,0,18,0,0,0,0,0,0,1,1,6,1,23,5,2143,2,-1,-1,-1,-1
2016450114606,2,9,0,18,0,0,0,0,4,6,3,1,6,1,53,8,1968,2,3,6,1,6
2016450114606,3,9,0,18,0,0,0,0,0,0,1,1,6,1,56,9,1397,1,7,6,1,6
2016450114616,1,9,0,9,0,5,0,0,0,0,3,1,5,1,17,4,998,1,1,9,1,9
2016450114616,2,3,0,18,0,8,5,0,0,0,1,1,5,1,22,5,124,1,7,10,1,10
2016450114618,1,19,0,18,0,0,0,0,1,4,1,1,1,1,46,8,1248,2,4,5,1,5
2016450114641,1,9,0,1,0,0,0,0,0,0,2,1,6,2,29,6,1995,2,10,4,1,4
2016450114660,1,9,0,18,0,0,0,0,0,0,2,1,6,2,41,7,1229,1,7,10,1,10
2016450114660,2,9,0,18,0,0,0,0,0,0,1,1,6,2,33,6,2688,2,14,8,1,8
2016450114665,1,9,0,18,0,0,0,0,0,0,4,1,6,3,40,7,1905,2,17,-1,-1,-1
2016450114679,1,2,0,9,0,5,5,0,0,0,4,1,5,1,16,4,49,1,13,-1,-1,-1
2016450114679,2,9,0,18,0,8,0,0,0,0,1,1,6,2,25,5,1896,2,10,9,1,9
2016450114884,1,9,0,18,0,1,0,0,0,0,1,1,5,1,40,7,1995,2,1,5,1,5
2016450114884,2,19,0,18,0,2,0,0,0,0,2,1,1,1,51,8,1598,2,-1,8,1,8
2016450114884,3,9,0,4,0,2,0,0,0,0,2,1,4,2,36,7,1598,1,9,6,1,6
2016450114910,1,3,0,18,0,1,0,0,0,0,1,1,6,1,48,8,124,1,5,-1,-1,-1
2016450114910,2,9,0,18,0,1,0,0,0,0,0,1,6,2,43,7,1390,1,8,-1,-1,-1
2016450114912,1,9,0,10,0,6,0,0,0,0,1,1,2,2,50,8,1324,1,14,9,1,9
2016450114912,2,1,0,18,0,8,0,0,0,0,3,1,4,1,15,3,-1,-1,-1,9,1,9
2016450114945,1,9,0,4,0,4,1,0,1,0,1,1,6,1,22,5,1390,1,6,10,1,10
2016450114953,1,9,0,9,0,6,0,0,0,0,1,1,6,2,58,9,1242,1,1,9,1,9
2016450114953,2,3,0,18,0,8,0,0,0,0,1,1,1,2,47,8,124,1,5,6,1,6
2016450114982,1,9,0,18,0,0,0,0,0,0,1,1,2,1,46,8,1968,2,-1,9,1,9
2016450114982,2,1,0,18,0,0,5,0,0,0,2,1,6,2,20,4,-1,-1,-1,9,1,9
2016450114990,1,3,0,18,0,0,1,0,0,0,0,1,6,2,18,4,125,1,4,9,1,9
2016450114998,1,1,0,18,0,8,0,0,0,0,2,1,6,1,51,8,-1,-1,-1,-1,-1,-1
2016450114998,2,9,0,18,0,4,0,0,0,0,1,1,6,2,-1,-1,1598,1,10,10,1,10
2016450115031,1,9,0,16,0,0,0,0,0,0,1,1,5,1,28,6,1149,1,18,7,3,7
2016450115031,2,9,0,4,0,0,0,0,0,0,1,1,5,1,62,9,1360,1,9,10,2,10
2016450115068,1,9,0,9,0,4,0,0,0,0,1,1,2,1,50,8,1229,1,10,8,1,8
2016450115068,2,1,0,18,0,8,0,0,0,0,4,1,6,2,24,5,-1,-1,-1,9,1,9
2016450115100,1,9,0,18,0,8,0,0,0,0,2,1,6,2,51,8,1461,2,1,7,1,7
2016450115100,2,9,0,18,0,8,0,0,0,0,1,1,5,1,40,7,1998,2,13,2,1,2
2016450115131,1,9,0,4,0,0,0,0,1,0,2,1,5,1,67,10,1339,1,4,9,3,9
2016450115131,2,9,0,18,0,0,0,0,0,0,1,1,5,2,34,6,2204,2,11,9,1,9
2016450115137,1,9,0,18,0,0,0,0,0,0,3,1,5,2,22,5,1198,1,3,8,1,8
2016450115152,1,19,0,12,0,1,0,0,0,0,3,1,1,1,49,8,2198,2,5,6,1,6
2016450115152,2,5,0,3,0,1,0,7,7,7,4,1,2,1,39,7,999,1,2,9,1,9
2016450115162,1,9,0,9,0,6,0,0,0,0,1,1,2,1,38,7,1296,1,9,10,1,10
2016450115162,2,9,0,18,0,1,0,0,0,0,1,1,2,1,35,6,-1,-1,-1,7,3,7
2016450115336,1,1,0,18,0,0,1,0,0,0,0,1,6,1,70,10,-1,-1,-1,10,1,10
2016450115341,1,9,0,18,0,0,0,0,0,0,4,1,5,2,66,10,1339,1,9,10,1,10
2016450115341,2,1,0,18,0,0,0,0,0,0,3,1,2,2,46,8,-1,-1,-1,10,1,10
2016450115411,1,9,0,18,0,1,0,0,0,0,1,1,3,2,46,8,1995,2,2,5,1,5
2016450115411,2,9,0,5,0,6,0,0,0,0,1,1,6,2,25,5,1596,1,12,10,1,10
2016450115422,1,1,0,18,0,1,0,0,0,0,1,1,6,1,76,11,-1,-1,-1,7,1,7
2016450115422,2,9,0,9,0,5,0,0,0,0,4,1,6,1,24,5,2231,2,9,8,1,8
2016450115438,1,2,0,5,0,8,0,0,0,0,1,1,6,3,-1,-1,-1,-1,-1,-1,-1,-1
2016450115438,2,9,0,18,0,8,0,0,0,0,4,1,6,2,43,7,2199,2,3,8,2,8
2016450115456,1,9,0,18,0,0,0,0,0,0,0,1,6,2,35,6,1598,2,-1,5,1,5
2016450115456,2,19,0,18,0,0,0,0,0,0,0,1,6,1,35,6,2402,2,5,7,1,7
2016450115456,3,9,0,18,0,0,0,0,0,0,2,1,6,1,36,7,1968,2,2,9,1,9
2016450115466,1,5,0,18,0,0,5,0,0,0,1,1,5,1,32,6,660,1,10,4,1,4
2016450115466,2,5,0,18,0,0,5,0,0,0,1,1,6,1,-1,-1,599,1,16,-1,-1,-1
2016450115466,3,5,0,18,0,0,0,0,0,0,3,1,5,1,24,5,599,1,6,7,1,7
2016450115466,4,9,0,4,0,0,0,0,0,0,2,1,5,1,39,7,2497,1,10,10,3,10
2016450115470,1,9,0,3,0,4,0,0,1,0,2,1,2,2,51,8,1598,2,-1,3,1,3
2016450115470,2,9,0,18,0,4,0,0,0,0,1,1,6,1,74,10,1796,1,14,4,1,4
2016450115471,1,9,0,18,0,8,0,0,0,0,1,1,3,2,37,7,1999,1,8,5,1,5
2016450115471,2,9,0,18,0,8,0,0,0,0,2,1,2,2,25,5,1242,1,5,10,1,10
2016450115475,1,9,0,9,0,5,0,0,0,0,3,1,1,2,45,7,1596,1,12,10,1,10
2016450115475,2,4,0,13,0,1,0,0,7,0,4,1,6,1,53,8,618,1,14,10,1,10
2016450115510,1,9,0,17,0,0,2,0,0,0,1,1,2,1,24,5,1390,1,11,6,1,6
2016450115513,1,9,0,18,0,0,0,0,0,0,1,1,2,1,21,5,1968,2,2,4,1,4
2016450115513,2,9,0,4,0,0,0,0,0,0,2,1,6,2,29,6,1968,2,8,10,1,10
2016450115513,3,9,0,18,0,0,0,0,0,0,2,1,6,3,40,7,-1,-1,-1,-1,-1,-1
2016450115519,1,9,0,18,0,4,0,0,0,0,2,1,2,2,27,6,1900,2,11,3,1,3
2016450115519,2,9,0,18,0,4,0,0,0,0,1,1,2,3,-1,-1,-1,-1,-1,-1,-1,-1
2016450115527,1,9,0,4,0,0,0,0,0,0,0,1,1,1,44,7,1984,1,-1,6,1,6
2016450115527,2,9,0,4,0,0,1,0,0,0,2,1,6,1,47,8,1798,1,-1,9,1,9
2016450115527,3,9,0,18,0,0,0,0,0,0,1,1,6,1,77,11,1598,1,9,9,2,9
2016450115551,1,9,0,18,0,0,0,0,0,0,1,1,6,1,71,10,2143,2,4,8,1,8
2016450115551,2,19,0,18,0,0,0,0,0,0,0,1,6,1,26,6,2402,2,14,10,3,10
2016450115562,1,9,0,18,0,1,0,0,0,0,1,1,1,2,25,5,999,1,6,9,1,9
2016450115562,2,9,0,3,0,8,0,0,0,0,2,1,3,2,45,7,1968,2,2,7,3,7
2016450115570,1,9,0,18,0,0,0,0,0,0,4,1,1,2,57,9,1497,8,-1,4,1,4
2016450115570,2,3,0,3,0,0,0,0,0,0,1,1,2,1,55,8,125,1,-1,-1,-1,-1
2016450115578,1,9,0,16,0,1,0,0,0,0,1,1,6,1,17,4,1198,1,5,9,2,9
2016450115579,1,9,0,4,0,1,0,0,0,0,1,1,5,2,65,9,1598,1,4,3,1,3
2016450115579,2,9,0,3,0,1,0,0,0,0,2,1,3,2,35,6,1339,1,12,9,1,9
2016450115584,1,9,0,18,0,0,0,0,0,0,1,1,6,2,-1,-1,1299,1,9,4,1,4
2016450115584,2,9,0,4,0,0,0,0,0,0,2,1,6,3,-1,-1,1600,2,6,-1,-1,-1
2016450115584,3,19,0,4,0,0,0,0,0,0,1,1,6,3,-1,-1,2198,2,1,-1,-1,-1
2016450115597,1,22,0,18,0,2,0,0,0,0,0,1,5,2,79,11,-1,-1,-1,6,1,6
2016450115609,1,19,0,4,0,0,1,0,0,0,1,1,5,1,24,5,-1,-1,-1,4,1,4
2016450115609,2,9,0,18,0,0,0,0,0,0,2,1,2,2,37,7,1397,1,3,5,1,5
2016450115619,1,9,0,9,0,6,0,0,0,0,3,1,5,1,36,7,-1,-1,-1,9,1,9
2016450115619,2,1,0,18,0,1,0,0,0,0,1,1,5,1,44,7,-1,-1,-1,10,1,10
2016450115632,1,9,0,18,0,1,1,0,0,0,1,1,1,1,29,6,1797,8,2,10,1,10
2016450115632,2,1,0,18,0,6,0,0,0,0,1,1,4,1,13,3,-1,-1,-1,8,1,8
2016450115633,1,20,0,11,0,8,0,0,0,0,4,1,1,1,54,8,12777,2,2,-1,-1,-1
2016450115633,2,9,0,18,0,8,1,0,0,0,3,1,1,1,50,8,1968,2,5,4,1,4
2016450115653,1,9,0,4,0,4,0,0,0,0,1,1,6,1,70,10,1686,2,14,4,1,4
2016450115653,2,19,0,3,0,4,0,0,0,0,2,1,1,1,27,6,-1,-1,-1,3,1,3
2016450115827,1,9,0,3,0,0,0,0,0,0,2,1,5,2,24,5,1246,1,11,6,1,6
2016450115827,2,19,0,18,0,0,0,0,0,0,1,1,5,1,40,7,1870,2,11,8,1,8
2016450115857,1,9,0,18,0,0,0,0,0,0,1,1,5,1,40,7,1753,2,9,9,1,9
2016450115857,2,9,0,3,0,0,0,0,0,0,2,1,5,2,37,7,1796,1,14,10,1,10
2016450115887,1,9,0,18,0,1,0,0,0,0,1,1,6,1,54,8,2198,1,12,5,1,5
2016450115887,2,9,0,10,0,5,0,0,0,0,2,1,2,1,57,9,1999,1,14,10,1,10
2016450115901,1,9,0,9,0,6,0,0,0,0,1,1,2,2,38,7,2143,2,-1,6,1,6
2016450115901,2,9,0,18,0,8,0,0,0,0,1,1,2,2,60,9,1242,1,1,7,1,7
2016450115916,1,1,0,18,9,0,0,0,0,0,1,1,6,1,18,4,-1,-1,-1,-1,-1,-1
2016450115948,1,3,0,4,0,1,1,0,0,0,3,1,1,1,23,5,125,1,4,5,1,5
2016450115949,1,19,0,18,0,0,0,0,0,0,2,1,1,1,31,6,2402,2,9,8,1,8
2016450115949,2,9,0,18,0,0,0,0,6,6,1,1,5,1,20,4,1390,1,15,6,1,6
2016450115976,1,1,0,18,0,0,0,0,0,0,1,1,5,1,57,9,-1,-1,-1,10,3,10
2016450115976,2,1,0,18,0,0,0,0,0,0,2,1,5,2,38,7,-1,-1,-1,10,1,10
2016450115981,1,19,0,18,0,0,0,0,0,0,0,1,1,2,44,7,2143,2,2,8,1,8
2016450115981,2,1,0,18,0,0,1,0,0,0,0,1,5,1,45,7,-1,-1,-1,10,1,10
2016450115981,3,1,0,18,0,0,1,0,0,0,0,1,5,1,38,7,-1,-1,-1,4,1,4
2016450115981,4,1,0,18,0,0,1,0,0,0,0,1,5,1,45,7,-1,-1,-1,9,1,9
2016450115982,1,9,0,9,0,0,0,0,0,0,2,1,6,2,32,6,1395,1,3,10,1,10
2016450115982,2,9,0,4,0,0,0,0,0,0,2,1,6,2,22,5,1242,1,10,-1,-1,-1
2016450115982,3,19,0,18,0,0,0,0,0,0,1,1,6,1,66,10,1560,2,7,-1,-1,-1
2016450115993,1,9,0,18,0,0,0,0,0,0,2,1,6,1,34,6,1998,1,5,5,2,5
2016450115993,2,9,0,18,0,0,0,0,0,0,1,1,6,1,29,6,1598,1,10,8,1,8
2016450115999,1,9,0,3,0,0,0,0,0,0,2,1,6,2,33,6,1781,1,15,-1,-1,-1
2016450115999,2,9,0,18,0,0,0,0,0,0,1,1,6,1,-1,-1,2143,2,4,4,1,4
2016450116008,1,9,0,18,0,0,0,0,0,0,1,1,6,2,29,6,2987,2,5,10,1,10
2016450116008,2,9,0,18,0,0,0,0,0,0,2,1,6,1,33,6,4367,2,2,-1,-1,-1
2016450116010,1,9,0,12,0,0,0,0,0,0,4,1,2,2,53,8,1596,1,-1,9,1,9
2016450116010,2,9,0,18,0,0,0,0,0,0,4,1,5,1,49,8,2987,2,5,3,1,3
2016450116010,3,21,1,3,0,0,0,0,0,0,2,1,5,1,71,10,12900,2,6,3,1,3
2016450116015,1,19,0,18,0,0,0,0,0,0,1,1,1,1,25,5,2148,2,7,3,1,3
2016450116015,2,9,0,4,0,0,0,0,0,0,2,1,5,1,51,8,1999,1,-1,10,1,10
2016450116015,3,9,0,4,0,0,0,0,0,0,2,1,5,1,54,8,1248,1,7,8,1,8
2016450116015,4,19,0,18,0,0,0,0,0,0,4,1,1,1,24,5,1753,2,10,6,1,6
2016450116015,5,9,0,18,0,0,0,0,0,0,4,1,5,1,68,10,1753,2,7,3,3,3
2016450116015,6,19,0,4,0,0,0,0,0,0,4,1,5,1,68,10,2143,2,1,6,1,6
2016450116028,1,19,0,4,0,0,0,0,0,0,2,1,5,1,21,5,-1,-1,-1,6,1,6
2016450116028,2,9,0,4,0,0,0,0,0,0,2,1,5,1,50,8,1910,2,8,6,3,6
2016450116028,3,9,0,18,0,0,0,0,0,0,1,1,5,2,41,7,1794,1,8,8,1,8
2016450116058,1,9,0,18,0,0,0,0,0,0,2,1,6,2,42,7,1229,1,5,7,1,7
2016450116058,2,9,0,18,0,0,0,0,0,0,1,1,6,1,55,8,1798,1,4,-1,-1,-1
2016450116058,3,9,0,18,0,0,0,0,0,0,1,1,6,1,43,7,1968,2,12,-1,-1,-1
2016450116058,4,9,0,18,0,0,0,0,0,0,1,1,6,2,54,8,1995,2,-1,-1,-1,-1
2016450116063,1,9,0,10,0,5,0,0,0,0,2,1,2,2,61,9,1349,1,3,9,3,9
2016450116063,2,9,0,15,0,1,0,0,0,0,0,1,6,3,30,6,-1,-1,-1,-1,-1,-1
2016450116063,3,3,0,4,0,1,0,0,0,0,1,1,2,1,29,6,124,1,2,9,3,9
2016450116463,1,9,0,9,0,8,0,0,0,0,1,1,5,1,45,7,1596,1,14,-1,-1,-1
2016450116463,2,9,0,9,0,8,0,0,0,0,3,1,2,2,26,6,1560,2,2,4,1,4
2016450116467,1,9,0,3,0,1,0,0,0,0,2,1,5,1,58,9,1598,2,1,7,1,7
2016450116467,2,9,0,18,0,1,0,0,0,0,1,1,5,1,48,8,2171,1,12,9,3,9
2016450116516,1,3,0,18,0,1,0,0,0,0,1,1,6,1,18,4,125,1,1,8,1,8
2016450116516,2,9,0,9,0,5,0,0,0,0,2,1,1,1,33,6,1997,2,-1,10,1,10
2016450116552,1,9,0,18,0,1,0,0,0,0,1,1,3,2,55,8,1686,2,3,6,1,6
2016450116552,2,9,0,9,0,5,0,0,0,0,4,1,6,2,36,7,1968,2,8,5,1,5
2016450116575,1,1,0,18,0,0,0,0,0,0,0,1,6,1,41,7,-1,-1,-1,8,1,8
2016450116642,1,9,0,16,0,0,2,0,0,0,0,1,2,1,29,6,1299,1,16,7,1,7
2016450116725,1,3,0,18,0,3,0,0,0,0,4,1,5,2,20,4,125,1,1,8,1,8
2016450116815,1,9,0,10,0,5,0,0,0,0,2,1,5,1,35,6,-1,-1,-1,9,1,9
2016450116815,2,19,0,18,0,1,0,0,0,0,1,1,6,1,34,6,2198,2,8,5,1,5
2016450116816,1,9,0,18,0,0,0,0,0,0,1,1,6,3,35,6,-1,-1,-1,-1,-1,-1
2016450116839,1,9,0,18,0,1,0,0,0,0,1,1,5,1,52,8,1995,2,12,7,1,7
2016450116839,2,1,0,18,0,8,0,0,0,0,3,1,5,1,11,3,-1,-1,-1,8,1,8
2016450116850,1,9,0,17,0,0,0,0,1,0,1,1,5,1,26,6,1149,1,8,10,2,10
2016450116852,1,9,0,18,0,4,0,0,0,0,1,1,6,2,43,7,1339,1,2,-1,-1,-1
2016450116852,2,1,0,9,0,1,0,0,0,0,4,1,6,2,33,6,-1,-1,-1,10,1,10
2016450116870,1,9,0,7,0,6,0,0,0,0,1,1,5,2,24,5,1390,1,2,7,1,7
2016450116870,2,9,0,18,0,1,0,0,0,0,1,1,5,2,63,9,1896,2,8,10,1,10
2016450116885,1,9,0,9,0,5,0,0,0,0,3,1,6,2,46,8,1968,2,9,10,1,10
2016450116885,2,3,0,13,0,1,0,0,0,0,1,1,4,1,17,4,125,1,12,7,1,7
2016450116894,1,9,0,18,0,1,0,0,0,0,4,1,6,2,66,10,1390,1,4,8,3,8
2016450116897,1,9,0,9,0,6,0,0,0,0,3,1,6,1,48,8,2926,2,13,10,2,10
2016450116897,2,1,0,18,0,1,0,0,0,0,1,1,6,1,-1,-1,-1,-1,-1,-1,-1,-1
2016450116907,1,9,0,18,0,0,1,0,0,0,1,1,2,1,37,7,1598,1,8,-1,-1,-1
2016450116908,1,9,0,17,0,0,0,0,1,0,1,1,5,2,45,7,1969,2,1,10,1,10
2016450116908,2,17,4,16,0,0,0,0,0,0,1,1,1,1,49,8,6788,2,9,8,3,8
2016450116935,1,1,0,18,4,0,5,0,0,0,1,1,1,2,18,4,-1,-1,-1,9,1,9
2016450116935,2,3,0,18,0,0,2,0,0,0,1,1,1,1,17,4,124,1,-1,5,1,5
2016450116937,1,9,0,16,0,0,0,0,7,4,1,1,2,1,38,7,1997,2,3,9,1,9
2016450116958,1,9,0,13,0,0,5,10,0,0,1,1,6,1,54,8,1998,1,12,10,1,10
2016450117120,1,9,0,4,0,1,0,0,0,0,2,1,5,2,55,8,1598,1,10,5,1,5
2016450117120,2,9,0,4,0,1,0,0,0,0,1,1,2,1,36,7,1598,2,5,9,1,9
2016450117136,1,9,0,9,0,6,0,0,0,0,1,1,5,1,38,7,1994,1,18,2,1,2
2016450117136,2,9,0,18,0,1,0,0,0,0,1,1,5,1,89,11,1598,1,13,10,1,10
2016450117166,1,9,0,18,0,0,0,0,0,0,1,1,6,1,44,7,2987,2,-1,-1,-1,-1
2016450117166,2,9,0,3,0,0,0,0,0,0,2,1,1,2,45,7,1598,1,5,10,3,10
2016450117166,3,9,0,3,0,0,0,0,0,0,2,1,1,1,35,6,1597,2,1,7,1,7
2016450117178,1,9,0,16,0,0,2,0,5,0,1,1,5,1,18,4,1242,1,7,10,1,10
2016450117178,2,19,0,16,0,0,5,0,1,0,1,1,5,1,39,7,2198,2,-1,6,1,6
2016450117183,1,5,0,16,0,3,0,0,0,0,4,1,2,1,58,9,781,1,17,9,1,9
2016450117203,1,5,0,18,0,0,0,0,0,0,3,1,2,1,43,7,647,1,7,9,1,9
2016450117209,1,9,0,18,0,0,1,0,5,6,4,1,2,2,23,5,1242,1,1,8,1,8
2016450117209,2,20,0,18,0,0,0,0,0,0,3,1,1,1,55,8,-1,-1,-1,-1,-1,-1
2016450117218,1,22,0,18,0,0,0,0,0,0,1,1,6,2,74,10,-1,-1,-1,9,1,9
2016450117218,2,9,0,18,0,0,0,0,0,0,4,1,6,2,82,11,1275,1,18,5,2,5
2016450117224,1,9,0,18,0,8,0,0,0,0,1,1,2,2,50,8,1360,1,12,9,1,9
2016450117224,2,9,0,18,0,8,0,0,0,0,3,1,1,2,26,6,1968,2,8,6,1,6
2016450117248,1,1,0,18,0,8,5,0,0,0,2,1,5,1,34,6,-1,-1,-1,10,1,10
2016450117248,2,1,0,18,0,8,5,0,0,0,1,1,5,1,45,7,-1,-1,-1,7,1,7
2016450117248,3,1,0,18,0,8,5,0,0,0,1,1,5,1,46,8,-1,-1,-1,9,1,9
2016450117254,1,9,0,9,0,5,0,0,0,0,1,1,2,2,52,8,1398,2,4,9,1,9
2016450117254,2,1,0,18,0,1,5,0,0,0,1,1,2,1,25,5,-1,-1,-1,10,1,10
2016450117257,1,1,0,18,0,1,0,0,0,0,1,1,6,1,54,8,-1,-1,-1,8,1,8