Accident_Index,Vehicle_Reference,Vehicle_Type,Towing_and_Articulation,Vehicle_Manoeuvre,Vehicle_Location-Restricted_Lane,Junction_Location,Skidding_and_Overturning,Hit_Object_in_Carriageway,Vehicle_Leaving_Carriageway,Hit_Object_off_Carriageway,1st_Point_of_Impact,Was_Vehicle_Left_Hand_Drive?,Journey_Purpose_of_Driver,Sex_of_Driver,Age_of_Driver,Age_Band_of_Driver,Engine_Capacity_(CC),Propulsion_Code,Age_of_Vehicle,Driver_IMD_Decile,Driver_Home_Area_Type,Vehicle_IMD_Decile
2016450117257,2,9,0,9,0,1,0,0,0,0,4,1,6,1,-1,-1,-1,-1,-1,-1,-1,-1
2016450117288,1,9,0,18,0,0,2,0,0,0,4,1,5,1,74,10,1598,1,2,10,1,10
2016450117288,2,21,1,18,0,0,0,0,0,0,0,1,1,1,29,6,12740,2,-1,5,1,5
2016450117607,1,9,0,18,0,0,0,0,0,0,1,1,6,3,25,5,2993,2,12,-1,-1,-1
2016450117616,1,1,0,18,0,0,0,0,0,0,1,1,4,1,13,3,-1,-1,-1,7,1,7
2016450117616,2,9,0,18,0,0,0,0,0,0,1,1,6,2,19,4,1242,1,4,8,1,8
2016450117642,1,9,0,3,0,0,0,0,0,0,0,1,5,3,-1,-1,-1,-1,-1,-1,-1,-1
2016450117642,2,9,0,3,0,0,0,0,0,0,0,1,5,3,-1,-1,-1,-1,-1,-1,-1,-1
2016450117642,3,11,0,3,0,0,0,0,0,0,0,1,1,1,19,4,3900,2,9,8,1,8
2016450117644,1,9,0,9,0,6,0,0,0,0,1,1,2,2,40,7,2231,2,9,10,3,10
2016450117644,2,3,0,18,0,6,0,0,0,0,4,1,2,1,41,7,124,1,10,10,3,10
2016450117655,1,9,0,18,0,1,1,0,1,0,4,1,5,2,20,4,1242,1,5,9,1,9
2016450117655,2,9,0,7,0,6,0,0,1,0,1,1,5,1,86,11,1591,1,4,7,1,7
2016450117655,3,9,0,2,0,1,0,0,0,0,3,1,5,1,52,8,1598,1,16,9,1,9
2016450117662,1,9,0,16,0,3,0,0,0,0,2,1,6,2,52,8,1951,2,13,5,1,5
2016450117662,2,9,0,18,0,4,0,0,0,0,1,1,5,1,-1,-1,3628,2,6,10,3,10
2016450117669,1,9,0,18,0,0,0,0,0,0,3,1,1,1,36,7,-1,-1,-1,6,1,6
2016450117671,1,3,0,18,0,1,5,0,7,0,1,1,5,1,21,5,124,1,1,7,1,7
2016450117682,1,19,0,9,0,5,0,0,0,0,1,1,1,1,32,6,1560,2,1,2,1,2
2016450117682,2,3,0,18,0,1,0,0,0,0,1,1,2,1,28,6,124,1,1,9,1,9
2016450117707,1,1,0,18,0,8,0,0,0,0,2,1,1,2,-1,-1,-1,-1,-1,8,1,8
2016450117707,2,9,0,18,0,6,0,0,0,0,1,1,6,3,-1,-1,1242,1,9,-1,-1,-1
2016450117709,1,21,1,2,6,0,0,0,0,0,2,1,1,1,58,9,-1,-1,-1,-1,-1,-1
2016450117709,2,9,0,18,0,0,0,0,0,0,1,1,2,1,50,8,1390,1,7,4,1,4
2016450117709,3,19,0,11,0,0,0,0,0,0,0,1,6,3,-1,-1,-1,-1,-1,-1,-1,-1
2016450117717,1,9,0,7,0,6,0,0,0,0,3,1,5,1,63,9,1497,8,9,2,1,2
2016450117717,2,1,0,18,0,8,2,0,0,0,1,1,6,1,15,3,-1,-1,-1,7,1,7
2016450117721,1,9,0,4,0,0,0,0,0,0,2,1,6,1,71,10,1994,1,4,9,2,9
2016450117721,2,19,0,4,0,0,0,0,0,0,2,1,1,1,32,6,-1,-1,-1,-1,-1,-1
2016450117721,3,9,0,18,0,0,0,0,0,0,1,1,6,2,36,7,998,1,2,7,1,7
2016450117725,1,9,0,5,0,0,0,0,0,0,0,1,1,1,30,6,2148,2,13,10,1,10
2016450117740,1,9,0,18,0,1,0,0,0,0,1,1,5,2,52,8,1997,2,6,-1,-1,-1
2016450117740,2,19,0,18,0,1,0,0,0,0,1,1,1,1,61,9,1995,2,4,6,1,6
2016450117749,1,9,0,18,0,0,5,0,8,4,1,1,2,1,59,9,998,1,1,10,1,10
2016450117765,1,21,0,12,0,0,0,0,0,0,4,1,2,2,51,8,-1,-1,-1,-1,-1,-1
2016450117765,2,9,0,18,0,0,0,0,0,0,4,1,6,1,53,8,1991,2,8,5,1,5
2016450117766,1,3,0,18,0,0,1,0,0,0,3,1,6,2,40,7,124,1,9,-1,-1,-1
2016450117784,1,9,0,18,0,1,0,0,7,4,1,1,5,1,53,8,1560,2,4,3,1,3
2016450117785,1,19,0,18,0,1,0,0,0,0,1,1,2,1,29,6,2198,2,4,5,1,5
2016450117785,2,9,0,10,0,1,0,0,0,0,1,1,3,2,36,7,1499,2,1,3,1,3
2016450117796,1,9,0,18,0,1,0,0,0,0,1,1,1,1,37,7,1997,2,4,8,1,8
2016450117843,1,9,0,18,0,0,1,0,0,0,1,1,5,2,29,6,1242,1,10,3,1,3
2016450117843,2,9,0,18,0,0,5,0,0,0,3,1,5,1,54,8,3498,1,11,9,1,9
2016450118048,1,1,0,10,0,0,5,0,0,0,1,1,5,1,71,10,-1,-1,-1,10,1,10
2016450118048,2,9,0,18,0,0,0,0,0,0,3,1,6,1,22,5,1364,1,10,10,1,10
2016450118051,1,9,0,5,0,3,0,0,1,0,1,1,6,3,21,5,1896,2,12,7,1,7
2016450118055,1,3,0,18,0,8,5,0,0,0,4,1,1,1,32,6,125,1,16,6,1,6
2016450118055,2,9,0,18,0,4,0,0,0,0,1,1,2,1,38,7,973,1,13,9,1,9
2016450118062,1,9,0,4,0,0,0,0,0,0,1,1,6,1,36,7,1951,2,11,6,3,6
2016450118062,2,9,0,4,0,0,0,0,0,0,2,1,6,2,51,8,-1,-1,-1,7,1,7
2016450118062,3,9,0,4,0,0,0,0,0,0,2,1,6,2,21,5,-1,-1,-1,2,1,2
2016450118066,1,9,0,18,0,0,0,0,1,0,1,1,6,1,39,7,2495,2,14,7,1,7
2016450118081,1,9,0,5,0,4,0,0,0,0,3,1,5,1,67,10,1686,2,3,5,1,5
2016450118081,2,1,0,18,0,8,0,0,7,0,2,1,5,2,25,5,-1,-1,-1,8,1,8
2016450118103,1,9,0,18,9,2,0,0,3,10,1,1,3,2,27,6,1796,1,13,10,1,10
2016450118145,1,3,0,18,0,0,0,0,0,0,0,1,6,1,18,4,125,1,4,10,2,10
2016450118145,2,9,0,13,0,0,0,0,0,0,0,1,6,3,-1,-1,-1,-1,-1,-1,-1,-1
2016450118145,3,9,0,18,0,0,0,0,0,0,0,1,6,3,-1,-1,-1,-1,-1,-1,-1,-1
2016450118148,1,9,0,16,0,0,0,0,0,0,1,1,5,1,37,7,1799,1,10,-1,-1,-1
2016450118148,2,19,0,2,0,0,0,0,0,0,2,1,6,1,41,7,1598,2,5,10,1,10
2016450118148,3,9,0,2,0,0,0,0,0,0,2,1,6,1,52,8,1968,2,1,10,1,10
2016450118161,1,9,0,18,0,0,0,0,0,0,2,1,5,1,77,11,1590,1,12,8,1,8
2016450118161,2,9,0,18,0,0,0,0,0,0,1,1,5,2,49,8,-1,-1,-1,7,2,7
2016450118163,1,19,0,7,0,5,0,0,1,0,4,1,1,1,25,5,1461,2,4,8,1,8
2016450118163,2,9,0,18,0,1,0,0,1,0,3,1,1,1,59,9,1956,2,4,10,1,10
2016450118164,1,3,0,17,0,0,1,0,0,0,0,1,6,1,41,7,124,1,22,8,1,8
2016450118187,1,2,0,4,0,0,1,0,0,0,0,1,1,2,16,4,50,1,2,6,1,6
2016450118191,1,4,0,4,0,0,0,0,0,0,2,1,6,1,46,8,-1,-1,-1,7,2,7
2016450118191,2,9,0,4,0,0,0,0,0,0,1,1,6,2,17,4,999,1,16,3,1,3
2016450118194,1,9,0,17,0,0,0,0,0,0,1,1,5,1,62,9,2401,2,8,9,3,9
2016450118194,2,9,0,16,0,0,0,0,0,0,1,1,5,1,51,8,1769,1,14,8,1,8
2016450118201,1,9,0,9,0,6,0,0,0,0,1,1,6,2,20,4,1200,1,2,8,1,8
2016450118201,2,19,0,18,0,8,0,0,0,0,4,1,2,1,58,9,1560,2,2,5,1,5
2016450118232,1,5,0,18,0,0,5,0,0,0,1,1,1,1,29,6,636,1,11,7,1,7
2016450118232,2,9,0,11,0,0,0,0,0,0,4,1,2,2,20,4,973,1,13,10,2,10
2016450118534,1,9,0,4,0,2,0,0,0,0,2,1,2,2,40,7,1149,1,7,9,1,9
2016450118534,2,9,0,4,0,2,0,0,0,0,1,1,1,1,30,6,1395,1,2,6,1,6
2016450118534,3,9,0,4,0,5,0,0,0,0,1,1,6,1,33,6,1997,2,10,4,1,4
2016450118534,4,19,0,4,0,2,0,0,0,0,1,1,1,1,30,6,1598,2,-1,6,1,6
2016450118535,1,9,0,16,0,0,0,0,7,0,1,1,6,2,24,5,1968,2,-1,4,1,4
2016450118545,1,21,0,18,0,0,0,0,0,0,1,1,5,1,44,7,-1,-1,-1,-1,-1,-1
2016450118545,2,9,0,18,0,0,0,0,0,0,1,1,5,2,32,6,-1,-1,-1,6,1,6
2016450118547,1,9,0,9,0,5,0,0,0,0,1,1,1,2,36,7,1400,1,9,10,1,10
2016450118547,2,9,0,18,0,1,0,0,0,0,1,1,1,2,19,4,1124,1,8,5,1,5
2016450118577,1,9,0,5,0,0,0,0,0,0,1,1,3,2,38,7,1389,1,13,9,1,9
2016450118581,1,9,0,18,0,1,0,0,3,0,4,1,5,1,24,5,1229,1,7,10,1,10
2016450118581,2,9,0,18,0,1,0,0,0,0,1,1,5,2,51,8,2231,2,9,8,3,8
2016450118582,1,9,0,2,0,0,0,0,0,0,2,1,1,1,42,7,1956,2,5,10,1,10
2016450118582,2,9,0,18,0,0,0,0,0,0,1,1,3,2,27,6,2999,2,10,3,1,3
2016450118586,1,9,0,18,0,0,0,0,0,0,2,1,2,1,26,6,1995,2,6,8,1,8
2016450118586,2,9,0,4,0,0,0,0,0,0,3,1,1,1,32,6,1796,2,2,10,1,10
2016450118586,3,9,0,18,0,0,0,0,0,0,1,1,5,2,44,7,1248,2,4,10,3,10
2016450118586,4,20,0,18,0,0,0,0,0,0,4,1,1,1,26,6,10837,2,-1,7,1,7
2016450118598,1,9,0,16,0,0,2,0,7,4,1,1,5,1,41,7,1975,1,9,6,1,6
2016450118601,1,9,0,4,0,1,0,0,0,0,2,1,6,2,25,5,1753,2,11,10,1,10
2016450118601,2,20,0,16,0,7,0,0,0,0,1,1,1,1,47,8,10518,2,4,5,1,5
2016450118603,1,9,0,9,0,6,0,0,0,0,1,1,2,2,44,7,998,1,3,8,1,8
2016450118603,2,1,0,10,0,5,0,0,0,0,1,1,6,1,31,6,-1,-1,-1,6,1,6
2016450118624,1,1,0,18,0,0,0,0,0,0,1,1,6,1,54,8,-1,-1,-1,-1,-1,-1
2016450118630,1,9,0,9,0,5,0,0,0,0,1,1,5,1,70,10,1968,2,6,8,1,8
2016450118630,2,9,0,18,0,1,0,0,0,0,1,1,5,2,65,9,1598,1,14,6,3,6
2016450118631,1,9,0,3,0,1,1,0,0,0,2,1,5,2,62,9,1395,1,3,10,1,10
2016450118631,2,9,0,18,0,1,1,0,0,0,1,1,5,1,79,11,2457,1,10,10,1,10
2016450118637,1,9,0,4,0,0,0,0,0,0,2,1,6,2,43,7,599,1,14,8,3,8
2016450118637,2,9,0,4,0,0,1,0,0,0,1,1,6,1,41,7,1388,1,19,-1,-1,-1
2016450118640,1,9,0,5,0,1,0,0,0,0,3,1,2,1,32,6,-1,-1,-1,9,1,9
2016450118640,2,3,0,15,0,1,2,0,1,10,2,1,6,1,19,4,125,1,1,5,1,5
2016450118680,1,9,0,18,0,0,1,0,0,0,1,1,5,2,84,11,1248,2,8,7,3,7
2016450118683,1,1,0,18,0,0,0,0,0,0,1,1,6,1,16,4,-1,-1,-1,9,1,9
2016450118683,2,9,0,18,0,0,0,0,0,0,2,1,6,3,-1,-1,-1,-1,-1,-1,-1,-1
2016450118698,1,9,0,18,0,4,0,0,0,0,1,1,6,1,62,9,1998,1,5,10,2,10
2016450118698,2,9,0,18,0,4,0,0,0,0,2,1,6,2,-1,-1,1149,1,10,10,1,10
2016450118699,1,3,0,18,0,0,0,0,0,0,1,1,2,1,26,6,124,1,6,2,1,2
2016450118699,2,19,0,4,0,0,0,0,0,0,2,1,6,3,-1,-1,-1,-1,-1,-1,-1,-1
2016450118726,1,9,0,5,0,6,0,0,0,0,1,1,2,1,36,7,1798,1,7,6,1,6
2016450118726,2,9,0,18,0,8,0,0,7,0,4,1,5,2,42,7,1598,1,15,6,3,6
2016450118759,1,9,0,1,0,6,0,0,0,0,3,1,2,1,32,6,1598,1,4,10,1,10
2016450118759,2,9,0,18,0,1,0,0,0,0,1,1,1,2,23,5,1390,1,7,10,1,10
2016450118776,1,9,0,4,0,0,0,0,0,0,1,1,2,1,33,6,1968,2,5,9,1,9
2016450118781,1,9,0,9,0,5,0,0,0,0,1,1,2,2,24,5,1248,1,-1,10,2,10
2016450118781,2,10,0,18,0,8,0,0,0,0,1,1,1,1,37,7,2402,2,11,-1,-1,-1
2016450118797,1,5,0,18,0,0,5,0,0,0,1,1,1,1,38,7,644,1,7,5,1,5
2016450118882,1,9,0,18,0,0,0,0,0,0,1,1,2,1,65,9,-1,-1,-1,-1,-1,-1
2016450119005,1,9,0,3,0,0,0,0,0,0,2,1,2,2,18,4,1240,1,12,6,1,6
2016450119005,2,9,0,4,0,0,0,0,0,0,1,1,6,2,38,7,1598,2,5,8,1,8
2016450119011,1,9,0,18,0,0,0,0,0,0,1,1,3,2,36,7,1240,1,8,7,1,7
2016450119015,1,9,0,5,0,4,0,0,0,0,1,1,1,1,26,6,1995,2,1,5,1,5
2016450119015,2,19,0,5,0,4,1,0,0,0,3,1,1,1,66,10,1499,2,-1,10,1,10
2016450119033,1,9,0,3,0,1,0,0,0,0,1,1,3,2,45,7,1598,1,2,10,1,10
2016450119053,1,1,0,18,0,1,0,0,0,0,1,1,6,1,49,8,-1,-1,-1,5,1,5
2016450119053,2,9,0,9,0,1,0,0,0,0,4,1,6,2,23,5,1198,1,3,8,3,8
2016450119065,1,9,0,11,0,0,0,0,0,0,0,1,6,3,-1,-1,-1,-1,-1,-1,-1,-1
2016450119065,2,9,0,4,0,0,1,0,0,0,2,1,2,2,19,4,1364,1,7,7,1,7
2016450119065,3,9,0,2,0,0,0,0,0,0,2,1,6,1,42,7,1596,1,12,4,1,4
2016450119065,4,9,0,4,0,0,0,0,0,0,2,1,1,1,61,9,1968,2,3,2,1,2
2016450119065,5,9,0,18,0,0,1,0,0,0,2,1,2,2,43,7,1206,1,6,9,1,9
2016450119065,6,9,0,18,0,0,0,0,0,0,1,1,2,1,32,6,2497,2,13,2,1,2
2016450119066,1,9,0,4,0,1,0,0,0,0,1,1,5,2,73,10,973,1,13,8,1,8
2016450119066,2,9,0,5,0,1,0,0,0,0,2,1,5,2,50,8,999,1,-1,10,1,10
2016450119105,1,20,0,18,0,0,0,0,0,0,1,1,1,1,60,9,-1,-1,-1,-1,-1,-1
2016450119105,2,9,0,18,0,0,0,0,0,0,2,1,5,1,73,10,-1,-1,-1,-1,-1,-1
2016450119105,3,9,0,18,0,0,0,0,0,0,2,1,5,1,33,6,2400,2,4,-1,-1,-1
2016450119105,4,9,0,18,0,0,0,0,0,0,2,1,5,1,49,8,1596,1,9,2,1,2
2016450119105,5,9,0,18,0,0,0,0,0,0,4,1,6,1,25,5,1388,1,7,-1,-1,-1
2016450119112,1,19,0,9,0,6,0,0,0,0,3,1,6,1,49,8,-1,-1,-1,-1,-1,-1
2016450119112,2,9,0,18,0,1,0,0,0,0,1,1,2,1,45,7,1598,2,-1,10,2,10
2016450119132,1,9,0,7,9,6,0,0,0,0,4,1,2,2,50,8,1197,1,5,7,3,7
2016450119152,1,9,0,18,0,0,0,0,0,0,1,1,3,1,52,8,2204,2,7,10,1,10
2016450119152,2,9,0,4,0,0,0,0,0,0,2,1,5,2,57,9,1796,1,8,10,1,10
2016450119152,3,9,0,18,0,0,0,0,0,0,4,1,5,1,49,8,1998,1,12,6,2,6
2016450119153,1,2,0,14,0,8,0,0,0,0,4,1,2,1,16,4,49,1,-1,9,1,9
2016450119153,2,9,0,9,0,6,0,0,0,0,1,1,3,1,40,7,1590,1,13,9,1,9
2016450119170,1,9,0,18,0,4,0,0,0,0,1,1,2,2,27,6,1198,1,12,-1,-1,-1
2016450119170,2,9,0,17,0,5,0,0,0,0,3,1,1,1,52,8,1242,1,1,2,1,2
2016450119200,1,9,0,4,0,0,0,0,0,0,4,1,6,2,71,10,1598,2,3,-1,-1,-1
2016450119251,1,9,0,1,8,0,0,0,0,0,2,1,5,2,47,8,1395,1,-1,6,1,6
2016450119384,1,1,0,18,0,8,1,0,0,0,3,1,5,1,11,3,-1,-1,-1,9,1,9
2016450119384,2,9,0,18,0,1,0,0,0,0,1,1,2,2,24,5,1362,1,4,5,1,5
2016450119386,1,9,0,18,0,1,0,0,0,0,1,1,6,2,49,8,1461,2,5,8,1,8
2016450119386,2,9,0,7,0,6,0,0,0,0,1,1,6,2,64,9,998,1,-1,8,1,8
2016450119386,3,9,0,2,0,1,0,0,0,0,1,1,6,1,86,11,1598,2,6,-1,-1,-1
2016450119386,4,9,0,2,0,1,0,0,0,0,1,1,6,2,-1,-1,1998,1,13,8,1,8
2016450119390,1,5,0,18,0,1,0,0,0,0,1,1,2,1,37,7,1290,1,7,10,1,10
2016450119390,2,9,0,9,0,6,0,0,0,0,1,1,2,1,61,9,1299,1,14,7,1,7
2016450119404,1,9,0,18,0,0,0,0,0,0,0,1,6,3,-1,-1,-1,-1,-1,-1,-1,-1
2016450119404,2,9,0,18,0,0,0,0,0,0,0,1,2,1,59,9,1910,2,10,10,1,10
2016450119404,3,4,0,18,0,0,2,0,0,0,0,1,5,1,51,8,395,1,3,10,1,10
2016450119430,1,9,0,7,0,7,0,0,0,0,1,1,6,2,19,4,1235,1,26,9,1,9
2016450119430,2,9,0,3,0,2,0,0,0,0,2,1,6,2,49,8,1995,2,5,9,1,9
2016450119432,1,9,0,7,0,6,0,0,1,0,1,1,5,1,84,11,1797,8,5,10,1,10
2016450119434,1,9,0,3,0,0,0,0,0,0,2,1,5,1,56,9,2199,2,-1,-1,-1,-1
2016450119434,2,9,0,3,0,0,0,0,0,0,2,1,5,1,49,8,998,1,18,7,1,7
2016450119434,3,9,0,4,0,0,0,0,0,0,2,1,5,1,28,6,1386,1,12,9,1,9
2016450119434,4,9,0,18,0,0,0,0,0,0,1,1,5,2,26,6,2000,1,9,9,1,9
2016450119442,1,1,0,18,0,1,0,0,0,0,1,1,5,1,62,9,-1,-1,-1,8,1,8
2016450119442,2,9,0,4,0,5,0,0,0,0,2,1,6,3,-1,-1,-1,-1,-1,-1,-1,-1
2016450119457,1,9,0,11,0,0,0,0,0,0,4,1,5,1,45,7,1968,2,6,6,1,6
2016450119457,2,5,0,14,0,0,5,0,0,0,4,1,2,1,24,5,998,1,11,5,1,5
2016450119475,1,9,0,5,0,6,0,0,0,0,1,1,2,2,41,7,1360,1,13,-1,-1,-1
2016450119475,2,9,0,18,0,1,0,0,0,0,1,1,2,1,37,7,2000,2,11,7,1,7
2016450119490,1,21,0,4,0,0,0,0,0,0,2,1,1,2,32,6,-1,-1,-1,9,1,9
2016450119490,2,9,0,18,0,0,0,0,0,0,0,1,2,1,20,4,1199,1,13,4,1,4
2016450119498,1,9,0,5,0,6,0,0,0,0,1,1,2,2,66,10,1242,1,11,7,1,7
2016450119498,2,1,0,18,0,4,0,0,0,0,3,1,2,1,31,6,-1,-1,-1,6,1,6
2016450119504,1,9,0,18,0,0,0,0,0,0,1,1,1,2,86,11,999,1,3,10,1,10
2016450119504,2,9,0,3,0,0,0,0,0,0,3,1,6,2,42,7,2720,2,7,8,1,8
2016450119504,3,9,0,2,0,0,0,0,0,0,1,1,5,2,-1,-1,1896,2,12,9,1,9
2016450119510,1,9,0,18,0,0,0,0,0,0,1,1,6,1,30,6,1360,1,13,1,1,1
2016450119510,2,9,0,2,0,0,0,0,0,0,2,1,5,1,25,5,1596,1,12,9,1,9
2016450119526,1,9,0,18,0,0,0,0,0,0,3,1,6,3,-1,-1,-1,-1,-1,-1,-1,-1
2016450119528,1,9,0,18,0,1,0,0,0,0,1,1,6,1,67,10,1390,1,16,4,3,4
2016450119528,2,9,0,18,0,1,0,0,0,0,1,1,6,1,-1,-1,2835,2,18,8,3,8
2016450119544,1,9,0,18,0,1,0,0,1,1,1,1,5,1,31,6,1997,2,-1,3,1,3
2016450119546,1,9,0,4,0,0,0,0,0,0,2,1,6,2,36,7,1598,1,13,5,1,5
2016450119546,2,9,0,18,0,0,0,0,0,0,1,1,6,1,51,8,1998,1,12,10,1,10
2016450119572,1,9,0,18,0,0,0,0,0,0,2,1,6,2,21,5,1242,1,14,-1,-1,-1
2016450119572,2,9,0,4,0,0,0,0,0,0,1,1,6,2,26,6,1997,2,2,6,1,6
2016450119575,1,19,0,5,0,2,0,0,0,0,1,1,2,1,43,7,2198,2,1,6,1,6
2016450119575,2,9,0,4,0,1,0,0,0,0,2,1,5,1,50,8,1995,2,1,8,1,8
2016450119575,3,9,0,4,0,2,0,0,0,0,2,1,3,2,36,7,1997,2,11,9,1,9
2016450119575,4,9,0,3,0,2,0,0,0,0,2,1,3,2,45,7,2179,2,1,8,1,8
2016450119591,1,21,1,12,0,7,0,0,0,0,3,1,1,3,40,7,-1,-1,-1,-1,-1,-1
2016450119591,2,9,0,18,0,2,0,0,0,0,4,1,1,2,52,8,1242,1,2,10,1,10
2016450119599,1,9,0,18,0,0,0,0,0,0,1,1,5,2,61,9,1364,1,8,-1,-1,-1
2016450119599,2,19,0,18,0,0,0,0,0,0,3,1,5,1,41,7,1560,2,1,8,1,8
2016450119626,1,9,0,4,0,1,0,0,0,0,2,1,2,2,49,8,1995,2,13,9,1,9
2016450119626,2,9,0,4,0,1,0,0,0,0,2,1,2,2,34,6,1997,1,4,9,1,9
2016450119626,3,9,0,18,0,1,0,0,0,0,1,1,6,1,25,5,1598,1,8,2,1,2
2016450119634,1,9,0,9,0,6,0,0,0,0,1,1,5,1,71,10,1588,1,16,7,1,7
2016450119634,2,9,0,18,0,8,0,0,0,0,4,1,5,2,44,7,1968,2,3,6,1,6
2016450119644,1,9,0,18,0,1,0,0,0,0,1,1,2,2,21,5,1499,2,2,10,1,10
2016450119644,2,9,0,18,0,1,0,0,0,0,2,1,2,1,41,7,1582,2,1,8,1,8
2016450119644,3,9,0,18,0,1,0,0,0,0,2,1,1,1,33,6,2497,2,4,6,1,6
2016450119687,1,9,0,2,0,0,0,4,0,0,2,1,1,1,63,9,2435,1,17,5,1,5
2016450119687,2,9,0,18,0,0,0,0,0,0,1,1,6,2,35,6,1197,1,-1,2,1,2
2016450119692,1,9,0,16,0,0,0,0,0,0,1,1,2,1,39,7,1995,2,17,9,1,9
2016450119692,2,9,0,17,0,0,0,0,0,0,1,1,2,1,55,8,1910,2,8,-1,-1,-1
2016450119743,1,9,0,18,0,0,0,0,0,0,1,1,5,1,50,8,1998,1,13,6,1,6
2016450119743,2,9,0,18,0,0,0,0,0,0,2,1,1,1,58,9,1997,2,1,10,1,10
2016450119867,1,9,0,18,0,1,0,0,0,0,1,1,2,1,24,5,1798,1,7,7,1,7
2016450119884,1,2,0,14,0,1,2,0,0,0,1,1,2,1,16,4,49,1,13,8,1,8
2016450119884,2,19,0,9,0,6,0,0,0,0,3,1,1,1,50,8,2198,2,2,4,1,4
2016450119898,1,9,0,5,0,1,0,0,0,0,1,1,2,2,32,6,1461,2,9,7,1,7
2016450119898,2,9,0,18,0,1,0,0,0,0,4,1,1,1,48,8,1598,2,3,5,1,5
2016450119928,1,9,0,9,0,6,0,0,0,0,1,1,6,1,26,6,998,1,1,-1,-1,-1
2016450119928,2,9,0,18,0,8,0,0,0,0,4,1,6,1,36,7,1598,1,14,9,1,9
2016450119972,1,3,0,18,0,0,1,0,0,0,0,1,6,1,19,4,125,1,-1,5,1,5
2016450119996,1,9,0,18,0,4,0,0,0,0,1,1,6,1,50,8,1968,2,5,3,1,3
2016450119996,2,9,0,3,0,4,0,0,0,0,2,1,6,1,39,7,2143,2,3,6,1,6
2016450120019,1,9,0,3,0,1,0,0,0,0,2,1,6,1,-1,-1,1461,2,2,9,2,9
2016450120019,2,9,0,4,0,1,0,0,0,0,1,1,6,1,32,6,1798,1,11,4,1,4
2016450120027,1,9,0,18,0,0,0,0,0,0,1,1,2,1,48,8,1896,2,11,10,1,10
2016450120027,2,9,0,3,0,0,0,0,0,0,2,1,5,2,59,9,998,1,1,9,1,9
2016450120027,3,9,0,3,0,0,0,0,0,0,2,1,5,1,50,8,1598,1,9,10,1,10
2016450120027,4,9,0,3,0,0,0,0,0,0,2,1,5,2,21,5,1596,1,2,-1,1,-1
2016450120036,1,9,0,3,0,0,0,0,0,0,2,1,6,1,58,9,4367,2,4,8,3,8
2016450120036,2,9,0,18,0,0,0,0,0,0,1,1,1,1,21,5,698,1,12,4,1,4
2016450120069,1,8,0,7,0,5,0,0,0,0,4,1,1,1,45,7,1461,2,4,5,1,5
2016450120123,1,20,0,12,0,0,0,0,0,0,3,1,1,1,39,7,-1,-1,-1,-1,-1,-1
2016450120123,2,9,0,18,0,0,0,0,0,0,4,1,6,2,46,8,1685,2,5,7,1,7
2016450120135,1,9,0,9,0,5,0,0,0,0,1,1,6,2,84,11,1242,1,7,10,1,10
2016450120135,2,9,0,18,0,1,0,0,0,0,1,1,1,1,72,10,1781,1,17,7,2,7
2016450120136,1,20,1,18,0,0,0,0,0,0,3,1,1,1,55,8,-1,-1,-1,-1,-1,-1
2016450120136,2,9,0,18,0,0,5,0,0,0,4,1,5,1,31,6,1061,1,12,3,1,3
2016450120178,1,9,0,17,0,1,0,0,0,0,4,1,5,1,23,5,999,1,4,5,3,5
2016450120178,2,9,0,16,0,1,1,11,0,0,1,1,5,2,51,8,1590,1,17,9,3,9
2016450120181,1,9,0,18,0,1,0,0,0,0,1,1,6,1,26,6,1796,1,21,8,2,8
2016450120181,2,9,0,10,0,5,0,0,0,0,2,1,6,2,29,6,2199,2,7,5,1,5
2016450120202,1,9,0,3,0,1,0,0,0,0,2,1,5,2,45,7,1360,1,13,5,1,5
2016450120202,2,9,0,4,0,1,0,0,0,0,1,1,5,1,35,6,1956,2,7,7,1,7
2016450120286,1,19,0,18,0,0,0,0,0,0,1,1,1,1,29,6,1995,2,4,6,1,6
2016450120286,2,19,0,18,0,0,0,0,0,0,2,1,1,1,41,7,1995,2,9,6,1,6
2016450120286,3,9,0,18,0,0,0,0,0,0,2,1,5,1,52,8,1968,2,9,10,1,10
2016450120287,1,9,0,5,0,4,0,0,0,0,3,1,6,1,74,10,2401,2,8,6,3,6
2016450120287,2,1,0,7,0,8,0,0,0,0,2,1,6,1,53,8,-1,-1,-1,6,1,6
2016450120295,1,9,0,4,0,0,0,0,0,0,1,1,5,1,54,8,1968,2,1,6,1,6
2016450120295,2,9,0,4,0,0,0,0,0,0,2,1,5,1,60,9,-1,-1,-1,10,2,10
2016450120307,1,9,0,3,0,4,0,0,0,0,2,1,6,2,19,4,999,1,3,6,1,6
2016450120307,2,9,0,3,0,4,0,0,0,0,1,1,6,1,-1,-1,1198,1,7,-1,-1,-1
2016450120316,1,5,0,18,0,8,2,0,0,0,3,1,2,2,44,7,749,1,3,10,1,10
2016450120326,1,4,0,18,0,0,1,0,0,0,0,1,5,1,43,7,599,1,18,4,1,4