Accident_Index,Vehicle_Reference,Vehicle_Type,Towing_and_Articulation,Vehicle_Manoeuvre,Vehicle_Location-Restricted_Lane,Junction_Location,Skidding_and_Overturning,Hit_Object_in_Carriageway,Vehicle_Leaving_Carriageway,Hit_Object_off_Carriageway,1st_Point_of_Impact,Was_Vehicle_Left_Hand_Drive?,Journey_Purpose_of_Driver,Sex_of_Driver,Age_of_Driver,Age_Band_of_Driver,Engine_Capacity_(CC),Propulsion_Code,Age_of_Vehicle,Driver_IMD_Decile,Driver_Home_Area_Type,Vehicle_IMD_Decile
2016450120332,1,3,0,15,0,0,1,0,0,0,0,1,6,1,20,4,124,1,8,10,1,10
2016450120332,2,9,0,4,0,0,0,0,0,0,2,1,2,1,51,8,1587,1,9,10,1,10
2016450120332,3,9,0,4,0,0,0,0,0,0,1,1,6,1,21,5,2993,2,6,8,1,8
2016450120332,4,8,0,4,0,0,0,0,0,0,1,1,1,1,41,7,1797,8,7,6,1,6
2016450120336,1,19,0,10,0,6,0,0,0,0,1,1,1,1,22,5,2198,2,3,8,1,8
2016450120336,2,1,0,18,0,1,0,0,0,0,1,1,5,2,52,8,-1,-1,-1,10,1,10
2016450120340,1,9,0,18,0,8,0,0,7,1,1,1,5,1,17,4,1360,1,18,-1,-1,-1
2016450120344,1,9,0,16,0,0,1,0,0,0,4,1,2,1,40,7,2800,2,9,6,1,6
2016450120344,2,9,0,17,0,0,0,0,0,0,1,1,6,2,60,9,1997,1,7,10,1,10
2016450120359,1,9,0,18,0,0,0,0,1,3,1,1,2,2,48,8,1364,1,5,9,1,9
2016450120359,2,9,0,18,0,0,0,0,0,0,0,1,6,3,-1,-1,-1,-1,-1,-1,-1,-1
2016450120367,1,9,0,5,0,6,0,0,0,0,3,1,2,2,22,5,1390,1,13,6,1,6
2016450120367,2,1,0,18,0,1,0,0,0,0,3,1,1,1,53,8,-1,-1,-1,8,1,8
2016450120389,1,9,0,9,0,5,0,0,0,0,1,1,2,2,24,5,1242,1,6,9,1,9
2016450120391,1,9,0,9,0,8,0,0,1,10,1,1,5,1,96,11,1796,1,12,-1,-1,-1
2016450120399,1,9,0,18,0,0,1,0,6,0,4,1,1,2,25,5,1242,1,6,8,1,8
2016450120409,1,9,0,9,0,6,0,0,0,0,2,1,2,2,30,6,1461,2,2,5,3,5
2016450120409,2,9,0,7,0,2,0,0,0,0,1,1,6,2,22,5,1598,1,12,5,1,5
2016450120423,1,5,0,14,0,0,0,0,0,0,4,1,6,1,38,7,675,1,2,10,1,10
2016450120423,2,9,0,12,0,0,0,0,0,0,3,1,6,1,35,6,1598,2,2,-1,-1,-1
2016450120433,1,5,0,13,0,0,5,0,0,0,3,1,5,1,54,8,1215,1,1,6,1,6
2016450120433,2,9,0,9,0,0,0,0,0,0,4,1,6,1,45,7,1995,2,11,4,1,4
2016450120441,1,1,0,4,0,1,0,0,0,0,1,1,5,2,51,8,-1,-1,-1,10,1,10
2016450120441,2,9,0,3,0,1,0,0,0,0,2,1,5,2,29,6,1349,1,2,7,1,7
2016450120474,1,9,0,18,0,0,0,0,0,0,1,1,6,2,25,5,1595,1,7,8,1,8
2016450120482,1,9,0,18,0,0,0,0,0,0,2,1,6,1,19,4,1242,1,15,10,3,10
2016450120482,2,9,0,18,0,0,0,0,0,0,1,1,6,1,44,7,1197,1,5,10,1,10
2016450120755,1,21,1,5,0,6,0,0,0,0,0,1,1,3,-1,-1,-1,-1,-1,-1,-1,-1
2016450120755,2,9,0,18,0,1,0,0,0,0,0,1,6,3,-1,-1,-1,-1,-1,-1,-1,-1
2016450120755,3,9,0,18,0,1,0,0,0,0,2,1,6,1,74,10,1598,2,2,4,1,4
2016450120755,4,9,0,18,0,1,0,0,0,0,1,1,6,2,65,9,1339,8,5,10,1,10
2016450120783,1,9,0,7,0,4,0,0,0,0,1,1,6,3,-1,-1,-1,-1,-1,-1,-1,-1
2016450120783,2,9,0,9,0,4,0,0,0,0,2,1,5,2,66,10,1598,2,4,6,1,6
2016450120797,1,1,0,18,0,1,0,0,0,0,1,1,2,1,37,7,-1,-1,-1,10,1,10
2016450120797,2,9,0,10,0,5,0,0,0,0,4,1,5,2,22,5,1198,1,10,2,1,2
2016450120802,1,9,0,18,0,0,2,0,0,0,0,1,5,1,18,4,1198,1,9,4,1,4
2016450120808,1,9,0,18,0,0,0,0,0,0,1,1,6,1,45,7,1560,2,1,8,2,8
2016450120823,1,9,0,4,0,0,0,0,0,0,2,1,6,1,20,4,1199,2,5,8,1,8
2016450120823,2,9,0,3,0,0,0,0,0,0,2,1,6,2,23,5,-1,-1,-1,-1,-1,-1
2016450120823,3,9,0,18,0,0,0,0,0,0,2,1,2,1,37,7,-1,-1,-1,3,1,3
2016450120823,4,9,0,18,0,0,1,0,0,0,1,1,2,1,74,10,2993,2,1,7,1,7
2016450120836,1,9,0,9,0,5,0,0,0,0,4,1,5,1,83,11,1973,1,27,5,1,5
2016450120836,2,1,0,18,0,1,2,0,0,0,1,1,2,1,27,6,-1,-1,-1,4,1,4
2016450120836,3,1,0,18,0,1,0,0,0,0,0,1,5,1,22,5,-1,-1,-1,10,1,10
2016450120842,1,9,0,17,0,0,0,0,0,0,1,1,5,1,77,11,998,1,4,8,3,8
2016450120842,2,9,0,16,0,0,0,0,0,0,1,1,2,1,55,8,1995,2,9,5,1,5
2016450120885,1,9,0,9,0,8,0,0,0,0,2,1,5,1,65,9,1395,1,2,8,1,8
2016450120885,2,3,0,18,0,8,0,0,0,0,1,1,5,1,20,4,125,1,1,9,1,9
2016450120885,3,9,0,18,0,4,0,0,0,0,0,1,6,3,45,7,-1,-1,-1,-1,-1,-1
2016450120946,1,9,0,4,0,0,0,0,0,0,1,1,5,1,46,8,999,1,1,5,1,5
2016450120946,2,9,0,18,0,0,0,0,0,0,2,1,5,1,41,7,1769,1,12,4,1,4
2016450121008,1,9,0,18,0,0,0,0,0,0,1,1,5,2,46,8,2400,2,2,8,3,8
2016450121008,2,9,0,18,0,0,0,0,0,0,2,1,2,1,26,6,1956,2,3,8,2,8
2016450121008,3,9,0,18,0,0,0,0,0,0,2,1,5,2,42,7,1349,1,8,8,1,8
2016450121092,1,9,0,18,0,0,0,0,0,0,2,1,2,1,51,8,1461,2,1,9,1,9
2016450121092,2,9,0,4,0,0,0,0,0,0,2,1,5,2,44,7,1599,1,12,10,1,10
2016450121092,3,9,0,18,0,0,0,0,0,0,1,1,2,1,46,8,2499,1,9,9,2,9
2016450121097,1,1,0,18,0,4,0,0,0,0,2,1,2,1,35,6,-1,-1,-1,-1,-1,-1
2016450121097,2,9,0,18,0,4,0,0,0,0,1,1,2,1,70,10,1329,1,5,6,1,6
2016450121109,1,1,0,18,0,0,0,0,0,0,1,1,2,1,23,5,-1,-1,-1,-1,-1,-1
2016450121109,2,9,0,18,0,0,0,0,0,0,2,1,6,2,-1,-1,1364,2,9,7,1,7
2016450121137,1,9,0,9,0,0,0,0,0,0,4,1,6,1,70,10,1598,1,14,8,1,8
2016450121137,2,3,0,18,0,0,0,0,0,0,4,1,6,1,39,7,125,1,-1,5,1,5
2016450121156,1,9,0,18,0,0,0,0,0,0,1,1,2,1,57,9,1997,2,8,9,1,9
2016450121203,1,9,0,18,0,0,0,0,0,0,3,1,5,1,30,6,973,1,13,2,1,2
2016450121203,2,9,0,18,0,0,0,0,0,0,4,1,5,1,33,6,1956,2,4,5,2,5
2016450121203,3,9,0,18,0,0,0,0,0,0,1,1,5,1,53,8,1997,2,11,7,3,7
2016450121219,1,19,0,18,0,0,0,0,0,0,1,1,1,1,48,8,2402,2,13,6,3,6
2016450121219,2,19,0,3,0,0,0,0,0,0,2,1,1,1,33,6,2143,2,1,5,1,5
2016450121219,3,9,0,3,0,0,0,0,0,0,0,1,6,2,27,6,1364,1,8,6,1,6
2016450121236,1,9,0,18,0,1,0,0,0,0,0,1,6,3,40,7,-1,-1,-1,-1,-1,-1
2016450121236,2,5,0,18,0,1,2,0,0,0,1,1,2,1,35,6,999,1,8,5,3,5
2016450121236,3,9,0,9,0,5,0,0,0,0,1,1,6,1,48,8,2993,2,3,10,1,10
2016450121236,4,9,0,3,0,1,0,0,0,0,2,1,6,1,46,8,2495,2,13,10,1,10
2016450121273,1,9,0,17,0,0,0,0,0,0,3,1,2,1,30,6,1896,2,13,5,1,5
2016450121273,2,9,0,16,0,0,0,0,0,0,3,1,6,1,57,9,1598,2,4,4,1,4
2016450121282,1,9,0,7,0,7,0,0,0,0,1,1,6,1,48,8,2958,2,12,9,3,9
2016450121282,2,1,0,18,0,8,0,0,0,0,1,1,2,1,25,5,-1,-1,-1,6,1,6
2016450121284,1,9,0,9,0,6,0,0,0,0,3,1,1,2,51,8,1781,1,16,3,1,3
2016450121284,2,9,0,18,0,8,0,0,0,0,1,1,5,1,53,8,1798,1,14,4,1,4
2016450121328,1,9,0,5,0,0,0,0,0,0,2,1,6,2,33,6,1598,2,3,10,1,10
2016450121328,2,9,0,3,0,0,0,0,0,0,2,1,5,2,40,7,1390,1,3,9,1,9
2016450121328,3,9,0,18,0,0,0,0,0,0,1,1,6,2,22,5,998,1,4,8,1,8
2016450121338,1,9,0,5,0,4,0,0,0,0,1,1,5,1,77,11,998,1,2,4,1,4
2016450121338,2,9,0,3,0,1,0,0,0,0,2,1,5,1,45,7,1799,1,9,5,1,5
2016450121346,1,9,0,9,0,6,0,0,0,0,3,1,6,2,56,9,2494,1,14,10,1,10
2016450121346,2,9,0,18,0,1,0,0,0,0,0,1,6,1,47,8,1968,2,4,10,1,10
2016450121346,3,21,1,18,0,8,0,0,0,0,1,1,1,1,42,7,-1,-1,-1,-1,-1,-1
2016450121387,1,9,0,9,0,6,0,0,0,0,1,1,5,2,33,6,1796,1,6,8,1,8
2016450121387,2,1,0,18,9,8,0,0,0,0,4,1,2,1,33,6,-1,-1,-1,5,1,5
2016450121733,1,9,0,15,2,0,0,0,0,0,1,1,6,1,-1,-1,1499,1,-1,7,3,7
2016450121733,2,1,0,18,0,0,0,0,0,0,4,1,6,1,26,6,-1,-1,-1,8,1,8
2016450121748,1,9,0,18,0,0,0,0,0,0,2,1,5,2,42,7,1598,1,6,7,1,7
2016450121748,2,9,0,18,0,0,0,0,0,0,1,1,5,1,32,6,1968,2,6,9,1,9
2016450121781,1,20,0,12,0,0,0,0,1,6,1,1,5,1,50,8,-1,-1,-1,3,1,3
2016450121781,2,9,0,18,0,0,0,0,0,0,2,1,5,2,27,6,1388,1,13,1,1,1
2016450121781,3,9,0,18,0,0,0,0,0,0,1,1,5,1,41,7,2499,2,13,-1,-1,-1
2016450121790,1,1,0,18,0,0,0,0,0,0,3,1,6,2,26,6,-1,-1,-1,-1,-1,-1
2016450121790,2,9,0,3,0,0,0,0,0,0,3,1,6,3,-1,-1,-1,-1,-1,-1,-1,-1
2016450121851,1,20,0,18,0,1,0,0,0,0,1,1,5,2,32,6,-1,-1,-1,4,1,4
2016450121851,2,9,0,3,0,1,0,0,0,0,2,1,5,2,43,7,1299,1,15,7,1,7
2016450121851,3,9,0,3,0,1,0,0,0,0,2,1,5,2,80,11,1149,1,13,9,1,9
2016450121851,4,9,0,3,0,1,0,0,0,0,2,1,5,1,47,8,1997,2,14,7,1,7
2016450121857,1,9,0,18,0,0,0,0,0,0,1,1,6,2,92,11,1198,1,5,10,3,10
2016450121947,1,9,0,18,0,0,0,0,0,0,2,1,6,2,-1,-1,1390,1,12,3,1,3
2016450121947,2,9,0,18,0,0,0,0,0,0,1,1,6,3,-1,-1,1598,2,2,-1,-1,-1
2016450121955,1,9,0,3,0,1,0,0,0,0,2,1,6,1,51,8,1798,1,9,4,1,4
2016450121955,2,9,0,3,0,1,0,0,0,0,2,1,6,2,30,6,1598,1,10,4,1,4
2016450121955,3,9,0,3,0,1,0,0,0,0,1,1,6,1,80,11,1240,1,10,6,1,6
2016450121960,1,1,0,17,0,1,0,0,0,0,0,1,6,1,20,4,-1,-1,-1,8,1,8
2016450121989,1,3,0,18,0,8,2,0,0,0,1,1,1,1,42,7,124,1,-1,4,1,4
2016450121989,2,9,0,9,0,8,0,0,0,0,4,1,5,2,17,4,1229,1,6,9,1,9
2016450121992,1,9,0,9,0,5,0,0,0,0,4,1,6,2,26,6,1496,1,1,8,1,8
2016450121992,2,9,0,18,0,8,0,0,0,0,1,1,6,2,36,7,1197,1,5,10,1,10
2016450121996,1,9,0,7,0,5,1,0,7,1,1,1,5,1,35,6,1598,1,11,7,1,7
2016450122005,1,9,0,18,0,0,0,0,0,0,1,1,5,1,82,11,1086,1,12,10,1,10
2016450122005,2,9,0,2,0,0,0,0,0,0,1,1,6,1,35,6,1598,1,10,10,1,10
2016450122041,1,9,0,9,0,6,0,0,0,0,1,1,1,1,19,4,1968,2,5,7,1,7
2016450122041,2,21,1,18,0,1,0,0,0,0,3,1,1,1,47,8,6370,2,10,1,1,1
2016450122170,1,1,0,18,0,0,5,11,0,0,1,1,5,2,30,6,-1,-1,-1,9,1,9
2016450122170,2,1,0,18,0,0,0,0,0,0,1,1,2,1,30,6,-1,-1,-1,6,1,6
2016450122245,1,9,0,3,0,0,0,0,0,0,3,1,5,2,47,8,1796,1,11,3,1,3
2016450122245,2,9,0,18,0,0,0,0,0,0,1,1,5,1,75,10,-1,-1,-1,9,1,9
2016450122274,1,1,0,18,0,8,0,0,0,0,1,1,1,1,47,8,-1,-1,-1,3,1,3
2016450122274,2,9,0,9,0,6,0,0,0,0,3,1,6,2,57,9,1896,2,15,8,3,8
2016450122301,1,9,0,18,0,0,0,0,0,0,3,1,5,2,30,6,1870,2,14,6,1,6
2016450122301,2,9,0,18,0,0,0,0,0,0,4,1,5,1,52,8,2204,2,11,9,1,9
2016450122301,3,9,0,12,0,0,0,0,0,0,0,1,5,3,-1,-1,-1,-1,-1,-1,-1,-1
2016450122338,1,1,0,18,9,6,0,0,0,0,2,1,2,2,57,9,-1,-1,-1,6,1,6
2016450122338,2,9,0,18,0,1,0,0,0,0,1,1,6,2,-1,-1,1998,1,1,9,1,9
2016450122351,1,9,0,10,0,6,0,0,0,0,2,1,5,1,25,5,1560,2,8,10,1,10
2016450122351,2,9,0,18,0,1,0,0,0,0,1,1,5,1,21,5,1599,1,8,10,1,10
2016450122353,1,9,0,18,0,0,0,0,0,0,1,1,5,1,91,11,1997,1,15,8,1,8
2016450122402,1,9,0,17,0,0,0,0,0,0,1,1,5,1,84,11,1248,1,4,-1,-1,-1
2016450122418,1,19,0,17,0,0,1,0,7,9,4,1,6,1,20,4,1686,2,14,6,3,6
2016450122441,1,9,0,3,0,1,1,0,0,0,1,1,6,1,49,8,3498,1,11,6,1,6
2016450122441,2,9,0,10,0,5,0,0,0,0,2,1,6,1,82,11,1598,1,8,9,1,9
2016450122447,1,9,0,18,0,0,0,0,0,0,1,1,6,2,27,6,2497,2,11,4,1,4
2016450122470,1,3,0,17,0,0,2,0,0,0,3,1,6,1,20,4,125,1,-1,5,1,5
2016450122471,1,3,0,18,0,1,0,0,0,0,1,1,6,2,21,5,124,1,2,10,1,10
2016450122471,2,9,0,18,0,1,0,0,0,0,2,1,6,2,-1,-1,1248,1,6,9,1,9
2016450122474,1,9,0,18,0,0,1,0,1,7,4,1,5,1,42,7,1984,1,12,5,1,5
2016450122474,2,19,0,12,0,0,1,0,0,0,3,1,6,3,-1,-1,-1,-1,-1,-1,-1,-1
2016450122520,1,9,0,18,0,0,0,0,1,0,1,1,5,2,37,7,1796,1,12,5,1,5
2016450122520,2,9,0,18,0,0,0,0,0,0,1,1,5,1,34,6,1968,2,8,7,2,7
2016450122549,1,9,0,4,0,0,0,0,0,0,2,1,5,2,58,9,2987,2,6,9,3,9
2016450122549,2,9,0,18,0,0,0,0,0,0,2,1,5,1,29,6,1900,2,11,5,1,5
2016450122549,3,9,0,18,0,0,0,0,0,0,1,1,5,2,50,8,1248,1,3,3,1,3
2016450122755,1,9,0,3,0,0,0,0,0,0,2,1,1,1,50,8,5998,1,3,7,3,7
2016450122755,2,9,0,4,0,0,0,0,0,0,2,1,2,1,42,7,1968,2,9,3,1,3
2016450122755,3,9,0,18,0,0,0,0,0,0,1,1,2,1,48,8,2993,2,6,10,1,10
2016450122796,1,9,0,18,0,8,0,0,0,0,3,1,6,1,27,6,1390,1,6,7,1,7
2016450122796,2,9,0,9,0,6,0,0,0,0,1,1,6,2,47,8,1796,1,11,6,1,6
2016450122796,3,9,0,18,0,8,0,0,0,0,3,1,6,2,46,8,1997,1,6,10,1,10
2016450122803,1,9,0,18,0,1,0,0,0,0,1,1,5,2,61,9,1242,1,8,-1,-1,-1
2016450122803,2,1,0,18,0,1,0,0,0,0,2,1,6,1,35,6,-1,-1,-1,-1,-1,-1
2016450122806,1,9,0,7,0,3,0,0,0,0,1,1,6,3,30,6,1781,1,14,-1,-1,-1
2016450122806,2,9,0,10,0,4,1,0,0,0,3,1,5,2,49,8,1197,1,1,10,1,10
2016450122825,1,9,0,16,0,0,0,0,0,0,3,1,6,1,24,5,1995,2,2,7,1,7
2016450122825,2,19,0,17,0,0,0,0,0,0,1,1,1,2,36,7,2499,2,13,10,1,10
2016450122840,1,9,0,7,0,3,0,0,0,0,1,1,6,1,70,10,1197,1,2,8,1,8
2016450122840,2,1,0,7,0,3,0,0,0,0,1,1,2,1,42,7,-1,-1,-1,10,1,10
2016450122848,1,9,0,18,0,2,0,0,0,0,1,1,1,2,38,7,998,1,4,10,3,10
2016450122848,2,1,0,9,0,5,0,0,0,0,1,1,5,1,25,5,-1,-1,-1,-1,-1,-1
2016450122917,1,9,0,18,0,0,0,0,0,0,0,1,6,3,-1,-1,-1,-1,-1,-1,-1,-1
2016450122917,2,9,0,18,0,0,0,0,0,0,2,1,6,2,43,7,2199,2,1,9,1,9
2016450122917,3,9,0,18,0,0,0,0,0,0,1,1,1,2,30,6,998,1,4,6,1,6
2016450123334,1,9,0,3,0,0,0,0,0,0,1,1,6,1,-1,-1,-1,-1,-1,8,1,8
2016450123334,2,9,0,4,0,0,0,0,0,0,2,1,6,1,31,6,1598,2,-1,9,1,9
2016450123335,1,9,0,9,0,5,0,0,0,0,3,1,5,2,48,8,2987,2,2,9,1,9
2016450123335,2,9,0,18,0,1,0,0,0,0,1,1,6,1,-1,-1,1797,8,7,4,1,4
2016450123357,1,3,0,18,0,0,1,0,0,0,3,1,2,1,38,7,102,1,2,7,1,7
2016450123359,1,9,0,18,0,0,0,0,0,0,1,1,6,1,89,11,898,1,1,6,1,6
2016450123359,2,21,0,2,0,0,0,0,0,0,2,1,1,1,63,9,8970,2,11,-1,-1,-1
2016450123385,1,9,0,18,0,0,0,0,0,0,1,1,6,1,60,9,1798,8,2,3,1,3
2016450123385,2,9,0,3,0,0,0,0,0,0,2,1,1,1,42,7,1596,1,-1,9,3,9
2016450123385,3,9,0,3,0,0,0,0,0,0,2,1,6,1,25,5,1796,2,2,10,1,10
2016450123387,1,9,0,7,0,3,0,0,0,0,1,1,6,2,49,8,1995,2,3,10,1,10
2016450123403,1,9,0,18,0,5,0,0,0,0,2,1,5,2,35,6,1998,1,13,10,1,10
2016450123403,2,9,0,4,0,1,0,0,0,0,2,1,5,2,34,6,2967,2,5,10,1,10
2016450123403,3,9,0,4,0,1,0,0,0,0,1,1,1,1,23,5,1951,2,12,10,1,10
2016450123407,1,9,0,7,0,3,1,0,0,0,1,1,1,2,19,4,1198,1,13,10,1,10
2016450123415,1,19,0,9,0,6,0,0,0,0,4,1,2,1,45,7,1997,2,9,7,1,7
2016450123415,2,3,0,18,0,8,0,0,1,0,1,1,6,1,17,4,125,1,3,-1,-1,-1
2016450123447,1,9,0,16,0,0,1,0,7,0,4,1,6,1,29,6,998,1,5,4,1,4
2016450123456,1,20,0,5,0,4,0,0,0,0,3,1,1,1,27,6,10837,2,2,8,1,8
2016450123456,2,3,0,18,0,3,5,0,0,0,1,1,6,1,26,6,108,1,1,10,1,10
2016450123483,1,9,0,18,0,0,0,0,0,0,1,1,2,2,37,7,1598,1,11,10,1,10
2016450123772,1,9,0,18,0,0,0,0,0,0,3,1,6,3,-1,-1,-1,-1,-1,-1,-1,-1
2016450123792,1,9,0,1,0,0,0,0,0,0,1,1,6,3,40,7,973,1,17,-1,-1,-1
2016450123801,1,1,0,18,9,0,2,0,0,0,1,1,4,1,15,3,-1,-1,-1,9,1,9
2016450123803,1,1,0,16,0,0,1,0,0,0,0,1,5,2,33,6,-1,-1,-1,3,1,3
2016450123803,2,9,0,18,0,0,0,0,0,0,0,1,6,3,-1,-1,-1,-1,-1,-1,-1,-1
2016450123805,1,9,0,18,0,8,0,0,0,0,1,1,3,2,42,7,2967,2,-1,9,1,9
2016450123818,1,9,0,9,0,5,0,0,0,0,1,1,5,1,34,6,1599,1,13,8,1,8
2016450123818,2,9,0,18,2,8,0,0,0,0,1,1,1,1,27,6,-1,-1,-1,7,1,7
2016450123940,1,9,0,4,0,1,1,0,0,0,1,1,6,1,20,4,998,1,12,10,1,10
2016450123940,2,9,0,4,0,1,0,0,0,0,2,1,6,2,64,9,1200,1,1,8,1,8
2016450123940,3,9,0,4,0,1,0,0,0,0,2,1,6,1,44,7,1997,2,2,9,1,9
2016450123961,1,9,0,9,0,6,0,0,0,0,1,1,6,2,63,9,1339,1,11,9,1,9
2016450123961,2,5,0,18,0,1,0,0,0,0,1,1,6,1,54,8,600,1,11,6,1,6
2016450123999,1,11,0,16,0,0,1,0,0,0,4,1,1,2,46,8,4580,2,9,8,1,8
2016450123999,2,9,0,17,0,0,0,0,0,0,1,1,6,2,45,7,1598,1,5,-1,-1,-1
2016450124008,1,9,0,16,0,0,1,0,1,0,4,1,6,2,28,6,1198,1,7,10,2,10
2016450124008,2,5,0,16,0,0,5,0,1,0,3,1,6,1,54,8,1100,1,18,10,1,10
2016450124034,1,9,0,18,0,1,0,0,0,0,1,1,6,2,27,6,1086,1,6,6,1,6
2016450124034,2,9,0,2,0,2,0,0,0,0,2,1,5,2,-1,-1,1596,1,11,6,1,6
2016450124034,3,9,0,2,0,2,0,0,0,0,2,1,6,2,27,6,1598,1,11,7,1,7
2016450124063,1,9,0,17,0,0,5,0,7,0,1,1,5,1,39,7,1386,1,7,9,1,9
2016450124174,1,1,0,17,0,8,5,0,0,0,2,1,6,2,25,5,-1,-1,-1,10,1,10
2016450124174,2,9,0,17,0,8,0,0,0,0,1,1,6,1,35,6,-1,-1,-1,-1,-1,-1
2016450124248,1,9,0,18,0,2,0,0,0,0,2,1,2,1,30,6,2148,2,13,10,1,10
2016450124248,2,9,0,5,0,1,0,0,0,0,1,1,1,2,42,7,1910,2,8,6,1,6
2016450124264,1,9,0,3,0,0,0,0,0,0,2,1,3,2,51,8,1995,2,2,9,3,9
2016450124264,2,9,0,18,0,0,0,0,0,0,1,1,6,1,32,6,1108,1,11,3,1,3
2016450124265,1,9,0,3,0,4,0,0,0,0,2,1,5,2,44,7,1997,2,8,9,1,9
2016450124265,2,9,0,18,0,4,0,0,0,0,1,1,6,3,-1,-1,-1,-1,-1,-1,-1,-1
2016450124290,1,3,0,17,0,1,0,0,2,0,1,1,1,1,19,4,124,1,4,5,2,5
2016450124290,2,9,0,10,0,6,0,0,0,0,0,1,5,1,45,7,2360,1,8,10,3,10
2016450124314,1,9,0,4,0,0,0,0,0,0,1,1,1,2,43,7,1242,1,8,7,1,7
2016450124324,1,9,0,18,0,0,0,0,0,0,1,1,2,1,27,6,1910,2,8,7,1,7
2016450124331,1,9,0,18,0,1,0,0,0,0,1,1,5,2,40,7,1360,1,11,3,1,3
2016450124331,2,9,0,3,0,1,0,0,0,0,2,1,5,1,20,4,1199,1,14,9,1,9
2016450124331,3,9,0,3,0,1,0,0,0,0,2,1,5,1,42,7,1229,1,10,-1,-1,-1
2016450124348,1,9,0,5,0,1,0,0,0,0,1,1,6,3,-1,-1,-1,-1,-1,-1,-1,-1
2016450124348,2,9,0,5,0,1,0,0,0,0,2,1,6,2,41,7,998,1,1,7,1,7
2016450124355,1,9,0,18,9,2,0,0,1,0,1,1,5,1,53,8,2656,1,13,9,1,9
2016450124371,1,9,0,18,0,1,0,0,0,0,1,1,6,1,49,8,2470,2,24,8,1,8
2016450124371,2,9,0,7,0,1,0,0,0,0,1,1,6,2,28,6,1596,1,3,10,1,10
2016450124379,1,9,0,4,0,0,0,0,0,0,1,1,5,2,30,6,1598,1,8,-1,-1,-1
2016450124379,2,9,0,3,0,0,0,0,0,0,2,1,5,2,28,6,1596,1,5,8,3,8
2016450124388,1,9,0,18,0,4,0,0,0,0,1,1,6,1,21,5,1349,1,7,8,3,8
2016450124388,2,9,0,18,0,8,0,0,0,0,4,1,6,1,22,5,1999,2,-1,8,1,8
2016450124389,1,9,0,18,0,8,0,0,0,0,1,1,5,1,50,8,2199,2,-1,10,1,10
2016450124389,2,3,0,18,0,8,0,0,0,0,1,1,5,1,53,8,125,1,2,3,1,3
2016450124419,1,9,0,18,0,4,0,0,3,0,1,1,5,1,29,6,1998,1,-1,9,3,9
2016450124421,1,9,0,18,0,1,1,0,0,0,3,1,6,1,28,6,3600,1,13,9,1,9
2016450124448,1,9,0,18,0,0,2,0,7,0,1,1,5,1,39,7,1587,1,10,9,1,9
2016450124475,1,9,0,17,0,0,1,0,8,0,1,1,5,1,40,7,1229,1,6,5,1,5
2016450124475,2,9,0,18,0,0,0,0,0,0,4,1,2,1,53,8,2400,2,4,8,1,8
2016450124495,1,11,0,4,0,1,0,0,0,0,0,1,1,1,46,8,6700,2,4,3,1,3
2016450124537,1,9,0,17,0,1,0,0,0,0,3,1,6,1,20,4,1242,1,6,5,2,5
2016450124547,1,3,0,17,0,0,1,0,0,0,1,1,6,2,28,6,125,1,4,8,1,8
2016450124561,1,19,0,2,0,0,0,0,0,0,3,1,1,1,38,7,1560,2,1,1,1,1
2016450124561,2,1,0,18,0,0,0,0,0,0,1,1,5,1,46,8,-1,-1,-1,10,1,10
2016450124561,3,1,0,18,0,0,0,0,0,0,1,1,5,1,41,7,-1,-1,-1,9,1,9
2016450124561,4,1,0,18,0,0,0,0,0,0,1,1,5,1,44,7,-1,-1,-1,6,1,6
2016450124728,1,9,0,10,0,5,0,0,0,0,0,1,6,2,-1,-1,2993,2,9,10,1,10
2016450124728,2,9,0,3,0,1,0,0,0,0,2,1,6,2,20,4,998,1,2,6,1,6
2016450124728,3,5,0,4,0,1,1,0,0,0,2,1,6,1,25,5,900,1,18,6,1,6
2016450124728,4,9,0,4,0,1,1,0,0,0,1,1,6,1,52,8,1597,1,12,6,2,6
2016450124797,1,9,0,18,0,1,0,7,1,0,1,1,6,1,68,10,-1,-1,-1,-1,-1,-1
2016450124802,1,1,0,9,0,8,5,0,0,0,3,1,6,1,45,7,-1,-1,-1,8,1,8
2016450124802,2,9,0,18,0,4,0,0,0,0,4,1,6,3,-1,-1,1599,1,7,-1,-1,-1
2016450124809,1,9,0,18,0,0,0,0,0,0,3,1,6,2,57,9,1968,2,7,10,1,10
2016450124809,2,90,0,18,0,0,0,0,0,0,4,1,6,1,-1,-1,6800,1,10,6,1,6
2016450124831,1,9,0,18,0,0,0,0,0,0,1,1,6,1,20,4,1390,1,8,6,1,6
2016450124831,2,9,0,18,0,0,0,0,0,0,1,1,6,2,61,9,1796,1,17,5,1,5
2016450124848,1,5,0,17,0,0,0,0,1,2,1,1,2,1,60,9,865,1,7,9,1,9
2016450124853,1,9,0,18,0,0,0,0,0,0,1,1,2,1,26,6,1995,2,14,7,1,7
2016450124966,1,9,0,16,0,2,5,0,1,0,1,1,5,1,21,5,1390,1,15,8,1,8