Accident_Index,Vehicle_Reference,Vehicle_Type,Towing_and_Articulation,Vehicle_Manoeuvre,Vehicle_Location-Restricted_Lane,Junction_Location,Skidding_and_Overturning,Hit_Object_in_Carriageway,Vehicle_Leaving_Carriageway,Hit_Object_off_Carriageway,1st_Point_of_Impact,Was_Vehicle_Left_Hand_Drive?,Journey_Purpose_of_Driver,Sex_of_Driver,Age_of_Driver,Age_Band_of_Driver,Engine_Capacity_(CC),Propulsion_Code,Age_of_Vehicle,Driver_IMD_Decile,Driver_Home_Area_Type,Vehicle_IMD_Decile
2016450143032,1,3,0,18,0,1,1,0,0,0,0,1,5,1,29,6,125,1,1,5,1,5
2016450143032,2,9,0,9,0,5,0,0,0,0,0,1,5,1,35,6,-1,-1,-1,-1,-1,-1
2016450143033,1,19,0,18,0,0,0,0,4,0,3,1,1,1,30,6,1560,2,4,4,1,4
2016450143033,2,9,0,18,0,0,0,0,4,0,4,1,6,2,32,6,1968,2,3,7,1,7
2016450143037,1,9,0,18,0,0,0,11,0,0,1,1,5,1,76,11,999,1,18,10,1,10
2016450143039,1,9,0,18,0,0,0,0,0,0,1,1,6,3,40,7,-1,-1,-1,-1,-1,-1
2016450143043,1,9,0,18,0,0,0,0,1,6,1,1,6,2,20,4,1398,1,2,9,1,9
2016450143044,1,9,0,7,0,2,0,0,0,0,3,1,6,2,61,9,1248,1,-1,4,1,4
2016450143044,2,19,0,10,0,1,0,0,0,0,0,1,6,1,66,10,1753,2,10,4,1,4
2016450143046,1,1,0,18,0,0,5,0,0,0,3,1,5,2,20,4,-1,-1,-1,4,1,4
2016450143051,1,9,0,18,0,0,1,0,1,0,1,1,6,1,66,10,1590,1,23,8,1,8
2016450143058,1,9,0,16,0,3,2,0,1,0,1,1,6,1,23,5,1587,1,10,2,1,2
2016450143062,1,9,0,3,0,4,0,0,0,0,2,1,6,2,32,6,1339,1,7,7,1,7
2016450143062,2,9,0,5,0,1,0,0,0,0,1,1,6,1,43,7,5461,1,4,10,1,10
2016450143154,1,1,0,18,0,0,0,0,0,0,1,1,6,1,71,10,-1,-1,-1,8,1,8
2016450143168,1,9,0,4,0,0,0,0,0,0,1,1,6,2,77,11,1596,1,9,9,1,9
2016450143168,2,9,0,4,0,0,0,0,0,0,2,1,6,1,31,6,1461,2,9,8,2,8
2016450143212,1,3,0,4,0,0,0,0,0,0,3,1,6,1,90,11,85,1,15,5,1,5
2016450143225,1,9,0,18,0,0,0,0,0,0,1,1,6,1,26,6,1598,1,7,10,1,10
2016450143225,2,9,0,4,0,0,0,0,0,0,2,1,6,1,44,7,2401,2,11,6,3,6
2016450143236,1,9,0,11,0,8,0,0,0,0,0,1,6,3,29,6,-1,-1,-1,-1,-1,-1
2016450143236,2,3,0,17,0,8,0,0,1,0,1,1,6,1,17,4,124,1,3,6,1,6
2016450143289,1,9,0,17,0,0,1,0,0,0,1,1,6,1,51,8,1999,1,15,5,1,5
2016450143293,1,9,0,5,0,6,0,0,0,0,3,1,6,1,49,8,2143,2,1,7,1,7
2016450143293,2,5,0,18,0,1,0,0,0,0,1,1,2,1,47,8,745,1,9,6,1,6
2016450143364,1,9,0,18,0,0,0,0,0,0,1,1,6,2,27,6,1197,1,-1,6,3,6
2016450143382,1,9,0,18,0,0,0,0,0,0,4,1,6,1,40,7,-1,-1,-1,-1,-1,-1
2016450143408,1,9,0,17,0,8,1,0,1,1,1,1,5,2,48,8,998,1,12,5,3,5
2016450143431,1,19,0,18,0,0,0,0,0,0,1,1,1,1,19,4,-1,-1,-1,10,1,10
2016450143431,2,9,0,18,0,0,0,0,0,0,2,1,5,2,25,5,1998,1,13,9,1,9
2016450143474,1,9,0,4,0,0,0,0,0,0,1,1,6,2,30,6,1461,2,6,9,3,9
2016450143474,2,9,0,3,0,0,0,0,0,0,2,1,6,2,30,6,1349,1,6,7,1,7
2016450143544,1,9,0,18,0,0,0,0,0,0,1,1,5,1,46,8,1598,2,2,10,1,10
2016450143544,2,9,0,18,0,0,0,0,0,0,1,1,2,1,22,5,1598,1,8,5,1,5
2016450143544,3,9,0,18,0,0,0,0,0,0,0,1,6,3,40,7,-1,-1,-1,-1,-1,-1
2016450143557,1,9,0,4,0,1,0,0,0,0,2,1,6,1,54,8,1968,2,1,4,1,4
2016450143557,2,1,0,18,0,1,0,0,0,0,1,1,1,1,35,6,-1,-1,-1,5,1,5
2016450143568,1,9,0,7,0,6,0,10,0,0,0,1,5,2,32,6,1598,2,4,4,1,4
2016450143568,2,1,0,18,0,2,0,10,0,0,0,1,6,1,43,7,-1,-1,-1,7,1,7
2016450143585,1,9,0,18,0,7,0,0,1,0,1,1,6,1,33,6,1994,1,13,10,1,10
2016450143600,1,9,0,18,0,0,0,4,0,0,1,1,6,2,89,11,1390,1,12,6,3,6
2016450143600,2,9,0,2,0,0,0,0,0,0,1,1,6,2,47,8,1895,1,16,10,1,10
2016450143609,1,9,0,16,0,1,2,0,1,0,1,1,6,2,32,6,1996,1,14,9,1,9
2016450143629,1,9,0,18,0,0,0,0,0,0,1,1,6,1,29,6,1998,1,17,5,1,5
2016450143640,1,8,0,9,0,6,0,0,0,0,1,1,5,1,49,8,2496,1,11,3,1,3
2016450143640,2,9,0,18,0,1,0,0,0,0,1,1,2,1,32,6,1590,1,11,9,1,9
2016450143650,1,9,0,18,0,1,0,0,0,0,0,1,6,1,34,6,1796,1,13,6,1,6
2016450143657,1,9,0,18,0,0,0,0,1,0,1,1,1,2,71,10,1997,2,-1,4,1,4
2016450143657,2,9,0,18,0,0,1,0,2,0,2,1,6,2,53,8,1895,1,18,8,2,8
2016450143677,1,2,0,4,0,1,0,0,0,0,1,1,6,2,17,4,49,1,7,10,1,10
2016450143677,2,9,0,4,0,1,0,0,0,0,2,1,6,1,59,9,1797,8,6,10,1,10
2016450143690,1,9,0,3,0,0,0,0,0,0,2,1,2,1,26,6,998,1,-1,9,1,9
2016450143690,2,9,0,4,0,0,0,0,0,0,1,1,1,1,50,8,1956,2,2,10,1,10
2016450143690,3,9,0,4,0,0,0,0,0,0,2,1,2,1,39,7,1995,2,1,9,3,9
2016450143690,4,9,0,4,0,0,0,0,0,0,1,1,1,2,30,6,1598,1,4,10,1,10
2016450143690,5,9,0,4,0,0,1,0,0,0,1,1,2,2,58,9,1364,2,1,10,1,10
2016450143697,1,5,0,13,0,1,0,0,7,0,4,1,5,1,40,7,999,1,3,6,1,6
2016450143697,2,9,0,9,0,5,0,0,0,0,1,1,5,2,38,7,1242,1,12,7,1,7
2016450143699,1,19,0,18,0,0,0,0,0,0,0,1,6,1,28,6,2287,2,7,8,1,8
2016450143699,2,9,0,11,0,0,0,0,0,0,2,1,6,1,40,7,2199,2,2,5,1,5
2016450143704,1,1,0,18,0,0,0,0,0,0,0,1,4,2,16,4,-1,-1,-1,7,1,7
2016450143704,2,1,0,18,0,0,0,0,0,0,0,1,4,2,16,4,-1,-1,-1,10,1,10
2016450143793,1,9,0,5,0,8,0,0,0,0,1,1,5,2,22,5,1364,1,7,6,1,6
2016450143793,2,9,0,18,0,3,0,0,0,0,3,1,5,2,18,4,998,1,9,5,1,5
2016450143826,1,9,0,18,0,4,0,9,0,0,1,1,5,2,77,11,1360,1,9,9,2,9
2016450143852,1,9,0,3,0,0,0,0,0,0,2,1,6,2,21,5,1229,1,3,9,1,9
2016450143852,2,9,0,18,0,0,0,0,0,0,1,1,6,1,50,8,1560,2,5,10,2,10
2016450143981,1,9,0,18,0,0,5,0,0,0,1,1,5,2,55,8,2490,2,19,-1,-1,-1
2016450144007,1,9,0,9,0,6,0,0,0,0,3,1,2,2,36,7,1582,2,7,7,2,7
2016450144019,1,9,0,18,0,0,0,0,0,0,2,1,6,1,22,5,1200,1,-1,4,1,4
2016450144019,2,9,0,18,0,0,0,0,0,0,1,1,6,3,-1,-1,3189,1,9,-1,-1,-1
2016450144061,1,9,0,4,0,0,0,0,0,0,1,1,6,1,61,9,2435,1,20,10,1,10
2016450144061,2,9,0,18,0,0,0,0,0,0,4,1,6,2,31,6,1364,1,9,5,1,5
2016450144061,3,21,1,18,0,0,0,0,0,0,3,1,1,1,62,9,-1,-1,-1,-1,-1,-1
2016450144104,1,9,0,18,0,0,0,0,0,0,4,1,6,3,-1,-1,-1,-1,-1,-1,-1,-1
2016450144104,2,1,0,18,0,0,0,0,0,0,3,1,6,1,58,9,-1,-1,-1,10,1,10
2016450144418,1,9,0,14,0,0,0,0,0,0,4,1,6,1,-1,-1,1997,2,8,-1,-1,-1
2016450144429,1,9,0,18,0,0,0,0,0,0,1,1,5,2,27,6,1242,1,14,10,2,10
2016450144452,1,9,0,18,0,0,0,0,0,0,1,1,5,1,41,7,1229,1,11,5,1,5
2016450144452,2,19,0,18,0,0,0,0,0,0,2,1,5,1,28,6,-1,-1,-1,1,1,1
2016450144456,1,9,0,18,0,0,0,0,0,0,1,1,6,1,27,6,1796,1,21,-1,-1,-1
2016450144490,1,9,0,18,0,1,0,0,0,0,1,1,6,3,35,6,998,1,-1,-1,-1,-1
2016450144490,2,9,0,2,0,1,0,0,0,0,4,1,6,3,40,7,2148,2,14,-1,-1,-1
2016450144508,1,9,0,18,0,0,0,0,4,0,1,1,6,2,36,7,2993,2,1,9,3,9
2016450144511,1,9,0,16,0,0,5,0,7,4,4,1,5,2,63,9,1598,1,6,10,3,10
2016450144511,2,9,0,17,0,0,0,0,0,0,4,1,5,2,54,8,1598,1,15,6,1,6
2016450144515,1,9,0,9,0,3,0,0,0,0,4,1,6,1,67,10,1399,1,10,7,1,7
2016450144515,2,9,0,18,0,4,0,0,0,0,1,1,6,1,71,10,4293,1,11,8,1,8
2016450144518,1,9,0,10,0,6,0,0,0,0,2,1,5,2,37,7,1398,1,4,4,1,4
2016450144518,2,19,0,18,0,1,0,0,0,0,1,1,6,3,50,8,-1,-1,-1,-1,-1,-1
2016450144536,1,9,0,18,0,1,0,0,0,0,1,1,5,2,21,5,1242,1,8,9,1,9
2016450144536,2,9,0,9,0,5,0,0,0,0,1,1,5,1,61,9,1896,2,11,10,1,10
2016450144536,3,9,0,3,0,1,0,0,0,0,4,1,5,2,48,8,2987,2,2,8,1,8
2016450144551,1,9,0,18,0,0,0,0,1,0,1,1,5,1,26,6,1783,7,14,10,1,10
2016450144556,1,9,0,18,0,0,0,0,0,0,1,1,1,1,50,8,2143,2,-1,9,1,9
2016450144556,2,9,0,4,0,0,0,0,0,0,2,1,2,1,47,8,1995,2,6,6,1,6
2016450144563,1,9,0,16,0,0,5,0,0,0,1,1,5,1,22,5,1598,1,6,6,1,6
2016450144624,1,9,0,13,0,0,0,0,0,0,1,1,6,2,80,11,1390,1,3,10,3,10
2016450144624,2,1,0,18,0,0,5,0,0,0,2,1,6,1,72,10,-1,-1,-1,7,3,7
2016450144639,1,9,0,18,0,0,0,0,0,0,1,1,5,1,73,10,1991,1,1,-1,1,-1
2016450144639,2,11,0,4,0,0,0,0,0,0,2,1,5,1,24,5,10837,2,-1,7,2,7
2016450144643,1,3,0,18,0,1,2,0,0,0,3,1,6,1,28,6,125,1,8,9,1,9
2016450144643,2,9,0,9,0,6,0,0,0,0,1,1,6,1,91,11,1596,1,14,6,1,6
2016450144686,1,9,0,5,0,1,0,0,0,0,1,1,6,1,28,6,1699,1,12,5,1,5
2016450144686,2,9,0,18,0,8,0,0,0,0,4,1,6,1,28,6,6208,1,6,5,1,5
2016450144701,1,9,0,5,0,1,0,0,0,0,1,1,1,1,20,4,1968,2,5,8,3,8
2016450144701,2,9,0,3,0,1,0,0,0,0,2,1,2,2,47,8,1598,2,4,9,1,9
2016450144712,1,9,0,17,0,0,1,0,1,5,1,1,5,1,18,4,1368,1,-1,10,3,10
2016450144738,1,9,0,18,0,0,0,0,0,0,2,1,2,2,37,7,1997,2,4,10,1,10
2016450144738,2,9,0,18,0,0,0,0,0,0,1,1,2,1,57,9,2685,2,14,-1,-1,-1
2016450144738,3,9,0,18,0,0,0,0,0,0,1,1,6,2,60,9,2494,8,-1,7,3,7
2016450144738,4,19,0,18,0,0,0,0,0,0,1,1,6,1,64,9,2143,2,3,-1,-1,-1
2016450144751,1,9,0,18,0,1,0,0,0,0,4,1,6,2,26,6,1796,1,9,8,1,8
2016450144751,2,9,0,18,0,6,0,0,0,0,2,1,6,1,-1,-1,1781,1,19,8,1,8
2016450144767,1,90,0,18,0,0,0,0,0,0,0,1,6,3,50,8,-1,-1,-1,-1,-1,-1
2016450144798,1,9,0,16,0,0,1,0,0,0,3,1,6,1,19,4,1390,1,13,9,1,9
2016450144878,1,1,0,9,0,6,0,0,0,0,2,1,6,1,38,7,-1,-1,-1,3,1,3
2016450144878,2,9,0,9,0,6,0,0,0,0,1,1,6,2,37,7,1461,2,3,-1,-1,-1
2016450144909,1,3,0,4,0,1,0,0,1,0,1,1,2,1,17,4,124,1,19,4,1,4
2016450144923,1,9,0,18,0,0,0,0,1,1,1,1,5,2,44,7,1969,2,-1,10,1,10
2016450144923,2,19,0,3,0,0,0,0,0,0,2,1,1,1,37,7,2298,2,-1,3,1,3
2016450144929,1,9,0,18,0,0,0,0,0,0,1,1,1,1,42,7,1956,2,2,8,1,8
2016450144929,2,9,0,12,0,0,0,0,0,0,2,1,6,2,44,7,1498,1,7,4,1,4
2016450145110,1,9,0,18,0,1,0,0,0,0,4,1,6,2,34,6,1368,1,-1,9,3,9
2016450145110,2,21,1,12,0,1,0,0,0,0,3,1,1,1,-1,-1,-1,-1,-1,-1,-1,-1
2016450145178,1,9,0,13,0,0,0,0,0,0,4,1,6,1,58,9,1986,1,23,10,1,10
2016450145178,2,1,0,18,0,0,0,0,0,0,3,1,6,1,-1,-1,-1,-1,-1,-1,-1,-1
2016450145195,1,9,0,18,0,0,2,0,1,0,1,1,6,1,19,4,1596,1,3,6,1,6
2016450145231,1,3,0,4,0,0,2,0,0,0,3,1,2,1,21,5,124,1,2,9,1,9
2016450145233,1,9,0,18,0,0,0,0,0,0,1,1,6,2,30,6,1398,1,1,6,1,6
2016450145233,2,9,0,18,0,0,0,0,0,0,2,1,6,1,50,8,1497,8,8,-1,-1,-1
2016450145234,1,1,0,18,5,0,1,0,0,0,1,1,2,2,40,7,-1,-1,-1,10,2,10
2016450145235,1,9,0,18,0,0,2,0,7,9,3,1,6,1,17,4,1388,1,12,10,1,10
2016450145236,1,9,0,18,0,0,0,0,0,0,4,1,6,1,68,10,1596,1,6,9,1,9
2016450145236,2,20,0,18,0,0,0,0,0,0,3,2,1,1,50,8,-1,-1,-1,-1,-1,-1
2016450145239,1,9,0,17,0,0,1,0,7,10,1,1,6,1,54,8,3200,2,4,4,3,4
2016450145258,1,3,0,18,0,0,5,0,0,0,0,1,6,1,67,10,124,1,14,8,1,8
2016450145260,1,1,0,10,0,4,5,0,0,0,0,1,6,1,76,11,-1,-1,-1,10,1,10
2016450145261,1,1,0,18,0,0,2,0,0,0,1,1,5,2,45,7,-1,-1,-1,6,1,6
2016450145262,1,9,0,7,0,5,1,0,3,0,1,1,6,1,26,6,1360,1,12,5,1,5
2016450145264,1,9,0,18,0,0,0,0,0,0,1,1,6,1,19,4,1598,1,10,-1,-1,-1
2016450145264,2,21,1,18,0,0,0,0,0,0,2,1,1,1,45,7,-1,-1,-1,-1,-1,-1
2016450145266,1,9,0,18,0,0,0,0,0,0,1,1,2,2,36,7,1390,1,9,9,1,9
2016450145267,1,19,0,12,0,0,1,0,0,0,3,1,6,1,29,6,1995,2,4,10,1,10
2016450145271,1,9,0,18,0,0,0,0,0,0,1,1,2,1,36,7,2401,2,10,9,1,9
2016450145271,2,9,0,18,0,0,0,0,0,0,2,1,5,1,51,8,1339,1,9,10,1,10
2016450145271,3,9,0,18,0,0,0,0,0,0,3,1,5,1,35,6,1242,1,2,8,1,8
2016450145273,1,9,0,17,0,1,1,0,1,1,1,1,5,2,17,4,998,1,9,4,3,4
2016450145276,1,9,0,18,0,0,1,0,2,0,3,1,6,2,18,4,1242,1,8,10,1,10
2016450145279,1,9,0,18,0,0,0,0,0,0,1,1,5,2,23,5,1197,1,2,10,1,10
2016450145281,1,9,0,9,0,2,0,0,0,0,0,1,6,2,66,10,1386,1,9,8,1,8
2016450145283,1,9,0,16,0,4,1,0,1,7,1,1,2,2,30,6,1999,1,13,10,1,10
2016450145285,1,9,0,18,0,0,0,0,0,0,4,1,5,2,30,6,1587,1,12,4,2,4
2016450145287,1,9,0,18,0,1,1,0,7,0,1,1,6,2,18,4,1198,1,10,9,1,9
2016450145288,1,9,0,16,0,0,0,0,0,0,3,1,5,2,58,9,1390,1,15,3,1,3
2016450145292,1,9,0,18,0,0,0,0,0,0,1,1,6,2,63,9,1329,1,3,6,1,6
2016450145292,2,9,0,4,0,0,0,0,0,0,2,1,6,2,62,9,1796,1,16,10,1,10
2016450145293,1,9,0,9,0,5,0,0,0,0,4,1,5,2,37,7,1796,1,12,7,1,7
2016450145293,2,3,0,18,0,1,5,0,0,0,1,1,2,1,30,6,124,1,13,7,1,7
2016450145294,1,9,0,18,0,4,0,0,0,0,1,1,2,1,18,4,1998,2,12,9,1,9
2016450145294,2,9,0,3,0,1,0,0,0,0,2,1,5,2,36,7,1198,1,2,-1,-1,-1
2016450145300,1,9,0,10,0,5,0,0,0,0,3,1,3,1,37,7,2996,1,8,5,3,5
2016450145300,2,5,0,13,0,1,0,0,0,0,4,1,2,1,23,5,645,1,10,6,1,6
2016450145301,1,3,0,18,0,0,5,0,7,10,1,1,5,1,24,5,125,1,8,2,1,2
2016450145306,1,19,0,18,0,4,0,0,0,0,1,1,1,1,40,7,2494,2,12,6,1,6
2016450145306,2,9,0,9,0,3,0,0,0,0,4,1,5,2,41,7,1796,1,14,8,2,8
2016450145309,1,9,0,18,0,0,0,0,0,0,4,1,6,3,-1,-1,-1,-1,-1,-1,-1,-1
2016450145312,1,19,0,18,0,0,0,0,0,0,3,1,6,3,50,8,-1,-1,-1,-1,-1,-1
2016450145318,1,19,0,9,0,0,0,0,0,0,1,2,1,1,50,8,-1,-1,-1,-1,-1,-1
2016450145318,2,5,0,16,0,0,1,0,0,0,3,1,2,1,40,7,599,1,12,8,1,8
2016450145324,1,9,0,9,0,8,0,0,0,0,0,1,6,2,61,9,1598,1,11,10,2,10
2016450145327,1,9,0,18,0,1,0,0,0,0,1,1,5,2,38,7,1240,1,7,5,1,5
2016450145327,2,9,0,9,0,5,0,0,0,0,2,1,1,1,45,7,-1,-1,-1,10,3,10
2016450145352,1,5,0,18,0,1,1,9,1,0,1,1,6,1,55,8,670,1,4,3,1,3
2016450145355,1,19,0,18,0,0,0,0,0,0,1,1,1,1,53,8,1560,2,2,10,1,10
2016450145363,1,19,0,18,0,1,0,0,0,0,2,1,6,1,50,8,-1,-1,-1,3,1,3
2016450145363,2,9,0,18,0,1,0,0,0,0,1,1,6,1,32,6,1995,2,4,-1,-1,-1
2016450145459,1,9,0,9,0,6,0,0,0,0,0,1,3,2,42,7,2993,2,9,8,1,8
2016450145459,2,3,0,18,0,1,5,0,0,0,0,1,2,1,22,5,124,1,-1,-1,-1,-1
2016450145496,1,9,0,18,9,0,0,0,0,0,1,1,5,1,28,6,1997,2,10,1,1,1
2016450145499,1,9,0,18,0,1,0,0,0,0,1,1,5,2,20,4,998,1,6,10,1,10
2016450145499,2,9,0,4,0,1,0,0,0,0,1,1,5,1,42,7,2993,2,6,10,1,10
2016450145522,1,9,0,18,9,0,0,0,1,0,1,1,5,1,27,6,1796,1,12,3,1,3
2016450145544,1,9,0,5,0,6,0,0,0,0,1,1,2,2,60,9,998,1,10,10,1,10
2016450145582,1,9,0,11,0,0,1,0,0,0,2,1,5,2,19,4,998,1,12,6,1,6
2016450145589,1,9,0,3,0,1,0,0,0,0,2,1,6,1,43,7,1896,2,10,9,1,9
2016450145589,2,9,0,18,0,1,0,0,0,0,2,1,6,1,23,5,1956,2,-1,10,1,10
2016450145589,3,9,0,18,0,1,0,0,0,0,2,1,6,1,49,8,1968,2,11,10,1,10
2016450145589,4,20,0,18,0,1,0,0,0,0,1,1,1,1,40,7,-1,-1,-1,10,1,10
2016450145626,1,9,0,18,0,0,0,0,0,0,1,1,5,2,34,6,1870,2,11,9,2,9
2016450145626,2,9,0,4,0,0,0,0,0,0,2,1,5,1,81,11,1998,2,16,10,1,10
2016450145626,3,9,0,4,0,0,0,0,0,0,2,1,3,1,38,7,1997,2,2,6,3,6
2016450145631,1,3,0,16,0,8,1,0,0,0,0,1,5,1,18,4,125,1,1,6,1,6
2016450145644,1,9,0,1,0,0,0,0,0,0,0,1,6,1,86,11,1796,1,5,9,2,9
2016450145690,1,9,0,18,0,1,0,0,0,0,2,1,3,2,42,7,2500,2,13,10,1,10
2016450145690,2,9,0,4,0,1,0,0,0,0,1,1,3,2,39,7,1968,2,-1,10,3,10
2016450145811,1,9,0,18,0,0,1,0,1,4,1,1,5,1,46,8,1968,2,12,8,1,8
2016450145818,1,9,0,18,0,0,0,0,1,0,4,1,1,1,33,6,-1,-1,-1,3,1,3
2016450145856,1,9,0,17,0,2,0,0,0,0,1,1,5,1,22,5,1560,2,5,5,1,5
2016450145946,1,9,0,9,0,8,0,0,0,0,1,1,5,1,38,7,2179,2,2,10,1,10
2016450145946,2,1,0,18,0,8,0,0,0,0,1,1,5,1,33,6,-1,-1,-1,10,1,10
2016450145953,1,11,0,18,0,0,0,0,0,0,0,1,6,1,63,9,4500,2,9,9,1,9
2016450145965,1,9,0,5,0,2,0,0,0,0,1,1,5,2,74,10,1197,1,-1,10,1,10
2016450146005,1,9,0,4,0,8,0,0,0,0,1,1,1,1,31,6,1968,2,11,6,1,6
2016450146005,2,9,0,3,0,8,0,0,0,0,2,1,1,2,26,6,1499,2,-1,-1,-1,-1
2016450146023,1,9,0,18,0,0,0,0,0,0,1,1,5,1,29,6,1598,1,5,6,1,6
2016450146023,2,19,0,4,0,0,0,0,0,0,2,1,5,1,26,6,-1,-1,-1,-1,-1,-1
2016450146258,1,9,0,11,0,0,1,0,0,0,1,1,5,1,38,7,1781,1,16,8,1,8
2016450146258,2,9,0,17,0,0,1,0,1,10,2,1,5,2,45,7,2996,1,11,6,1,6
2016450146288,1,9,0,7,0,4,0,0,0,0,1,1,5,1,45,7,2188,2,7,10,1,10
2016450146288,2,3,0,5,0,4,0,0,0,0,4,1,5,1,28,6,125,1,1,10,1,10
2016450146327,1,19,0,11,0,0,0,0,0,0,4,1,1,1,27,6,10518,2,3,9,2,9
2016450146327,2,9,0,18,0,0,0,0,0,0,3,1,5,2,25,5,1349,1,3,4,1,4
2016450146350,1,1,0,18,0,0,0,0,0,0,1,1,6,1,47,8,-1,-1,-1,10,1,10
2016450146350,2,9,0,18,0,0,0,0,0,0,2,1,6,3,-1,-1,2143,2,2,5,1,5
2016450146370,1,9,0,5,0,6,0,0,0,0,2,1,2,2,41,7,1968,2,5,10,1,10
2016450146370,2,9,0,17,0,8,1,0,0,0,1,1,2,2,48,8,1956,2,2,9,2,9
2016450146423,1,9,0,17,0,0,1,0,1,2,3,1,1,2,73,10,1332,1,18,9,1,9
2016450146673,1,9,0,3,0,1,0,0,0,0,3,1,5,2,42,7,1997,2,3,8,1,8
2016450146673,2,19,0,9,0,5,0,0,0,0,4,1,1,1,50,8,-1,-1,-1,6,1,6
2016450146708,1,9,0,4,0,0,0,0,0,0,1,1,3,2,33,6,1198,1,8,9,1,9
2016450146708,2,9,0,3,0,0,0,0,0,0,0,1,2,2,59,9,1360,1,8,10,1,10
2016450146756,1,9,0,8,0,1,0,0,0,0,0,1,5,2,26,6,1896,2,14,7,1,7
2016450146756,2,9,0,7,0,1,0,0,0,0,1,1,5,1,34,6,1360,1,11,6,1,6
2016450146822,1,9,0,12,0,0,0,0,0,0,1,1,5,1,18,4,1229,1,11,9,1,9
2016450146822,2,9,0,4,0,0,0,0,0,0,2,1,5,1,46,8,-1,-1,-1,5,1,5
2016450146891,1,9,0,16,0,0,1,0,0,0,1,1,2,2,33,6,1753,2,15,10,1,10
2016450146929,1,9,0,18,0,0,0,0,0,0,1,1,2,1,23,5,1399,2,4,8,3,8
2016450146929,2,9,0,2,0,0,0,0,0,0,2,1,6,2,52,8,2295,1,17,-1,-1,-1
2016450146975,1,9,0,18,0,0,0,0,0,0,1,1,6,1,26,6,1368,1,-1,-1,-1,-1
2016450147237,1,1,0,18,0,0,2,12,0,0,1,1,5,2,57,9,-1,-1,-1,8,2,8
2016450147292,1,9,0,18,0,0,0,0,8,0,3,1,5,2,69,10,1560,2,10,5,1,5
2016450147432,1,3,0,14,0,1,2,0,0,0,1,1,1,2,39,7,124,1,9,9,1,9
2016450147432,2,9,0,9,0,6,0,0,0,0,3,1,1,2,48,8,1598,1,8,10,1,10
2016450147447,1,9,0,4,0,0,0,0,0,0,1,1,1,2,18,4,1199,1,12,5,1,5
2016450147447,2,9,0,18,0,0,0,0,0,0,2,1,6,1,27,6,1598,1,10,-1,-1,-1
2016450147447,3,9,0,4,0,0,0,0,0,0,0,1,6,1,59,9,1910,2,11,10,1,10
2016450147447,4,9,0,4,0,0,0,0,0,0,0,1,6,2,71,10,1329,1,3,7,1,7
2016450147566,1,9,0,16,0,0,1,0,1,4,1,1,6,1,28,6,-1,-1,-1,2,1,2
2016450147568,1,9,0,18,0,0,1,0,1,4,1,1,6,1,18,4,998,1,13,9,1,9
2016450147569,1,9,0,17,0,0,2,0,7,9,3,1,1,1,42,7,-1,-1,-1,7,1,7
2016450147573,1,9,0,7,0,0,0,7,1,10,1,1,6,2,27,6,998,1,14,7,1,7
2016450147586,1,9,0,18,0,8,1,0,0,0,4,1,1,1,47,8,1997,2,1,3,1,3
2016450147586,2,9,0,18,0,1,0,0,0,0,1,1,5,1,57,9,2204,2,10,7,1,7
2016450147593,1,9,0,18,0,0,0,0,0,0,1,1,6,2,26,6,1598,1,9,4,1,4
2016450147593,2,9,0,4,0,0,0,0,0,0,2,1,6,1,39,7,1896,2,11,10,1,10
2016450147597,1,9,0,4,0,0,0,0,0,0,1,1,6,2,22,5,1390,1,7,8,3,8
2016450147597,2,9,0,4,0,0,0,0,0,0,2,1,6,1,86,11,2000,1,17,10,1,10
2016450147597,3,9,0,4,0,0,0,0,0,0,2,1,6,1,47,8,1968,2,-1,10,1,10
2016450147600,1,9,0,7,0,5,0,0,0,0,1,1,6,1,45,7,1596,1,13,5,1,5
2016450147602,1,9,0,18,0,0,0,0,7,0,1,1,6,1,45,7,1984,1,14,4,1,4
2016450147602,2,9,0,2,6,0,0,0,0,0,3,1,6,2,37,7,1242,1,4,4,1,4
2016450147602,3,9,0,2,6,0,0,0,0,0,2,1,6,1,48,8,1999,2,-1,5,1,5
2016450147602,4,9,0,2,6,0,0,0,0,0,1,1,6,1,40,7,1968,2,4,8,3,8
2016450147602,5,9,0,2,6,0,0,0,0,0,1,1,6,2,38,7,1388,1,8,6,3,6
2016450147602,6,9,0,2,6,0,0,0,0,0,1,1,6,2,37,7,1598,2,-1,8,1,8
2016450147606,1,9,0,16,0,0,0,0,8,11,1,1,2,2,38,7,1198,1,11,8,1,8
2016450147608,1,9,0,18,0,0,1,0,1,4,1,1,5,1,46,8,1398,1,6,7,2,7
2016450147609,1,9,0,16,0,0,0,0,0,0,1,1,1,1,25,5,-1,-1,-1,6,1,6
2016450147609,2,9,0,18,0,0,0,0,0,0,0,1,1,1,48,8,1896,2,12,5,1,5
2016450147611,1,9,0,5,0,4,0,0,0,0,3,1,6,1,29,6,2231,2,4,5,1,5