Accident_Index,Vehicle_Reference,Vehicle_Type,Towing_and_Articulation,Vehicle_Manoeuvre,Vehicle_Location-Restricted_Lane,Junction_Location,Skidding_and_Overturning,Hit_Object_in_Carriageway,Vehicle_Leaving_Carriageway,Hit_Object_off_Carriageway,1st_Point_of_Impact,Was_Vehicle_Left_Hand_Drive?,Journey_Purpose_of_Driver,Sex_of_Driver,Age_of_Driver,Age_Band_of_Driver,Engine_Capacity_(CC),Propulsion_Code,Age_of_Vehicle,Driver_IMD_Decile,Driver_Home_Area_Type,Vehicle_IMD_Decile
2016450147611,2,1,0,18,0,4,0,0,0,0,2,1,6,1,40,7,-1,-1,-1,5,1,5
2016450147613,1,9,0,18,0,3,0,0,0,0,4,1,5,2,23,5,1339,1,10,8,1,8
2016450147618,1,9,0,17,0,0,1,0,1,0,1,1,5,2,17,4,998,1,19,10,2,10
2016450147969,1,3,0,17,0,8,2,0,0,0,0,1,6,1,20,4,125,1,-1,5,1,5
2016450148236,1,2,0,18,0,0,0,0,1,0,0,1,1,1,19,4,49,1,6,2,1,2
2016450148257,1,9,0,7,0,0,0,0,0,0,1,1,6,2,53,8,1997,2,4,10,1,10
2016450148257,2,1,0,18,2,0,0,0,0,0,1,1,6,1,32,6,-1,-1,-1,10,1,10
2016450148282,1,9,0,18,0,0,5,0,2,4,1,1,6,2,18,4,1229,1,11,9,1,9
2016450148317,1,9,0,17,0,0,1,0,1,0,1,1,6,2,44,7,1299,1,16,8,1,8
2016450148337,1,19,0,9,0,8,0,9,0,0,1,1,6,3,-1,-1,1997,2,10,-1,-1,-1
2016450148361,1,19,0,18,0,0,0,0,0,0,0,1,6,3,-1,-1,-1,-1,-1,-1,-1,-1
2016450148361,2,9,0,2,6,0,0,0,0,0,0,1,6,3,-1,-1,1781,1,26,-1,-1,-1
2016450148361,3,16,0,18,0,0,0,0,0,0,0,1,5,2,37,7,-1,-1,-1,8,1,8
2016450148379,1,9,0,10,0,5,0,0,0,0,2,1,5,1,68,10,1997,2,6,6,3,6
2016450148379,2,9,0,18,0,1,0,0,0,0,1,1,6,2,-1,-1,1798,1,15,9,2,9
2016450148716,1,90,0,11,0,0,2,0,1,10,2,1,6,1,84,11,1997,2,11,10,2,10
2016450148729,1,9,0,18,0,3,0,0,1,2,1,1,6,2,33,6,1149,1,11,9,1,9
2016450148729,2,19,0,9,0,8,0,0,0,0,1,1,6,3,-1,-1,-1,-1,-1,-1,-1,-1
2016450148767,1,5,0,16,0,0,1,11,0,0,1,1,6,1,21,5,599,1,23,7,1,7
2016450148791,1,9,0,18,0,0,0,0,0,0,1,1,6,2,77,11,1796,1,11,8,1,8
2016450148791,2,9,0,18,0,0,0,0,0,0,2,1,6,2,47,8,1248,1,1,7,3,7
2016450148830,1,9,0,17,0,0,2,0,1,0,1,1,6,1,24,5,973,1,18,6,1,6
2016450148858,1,3,0,18,0,0,0,0,0,0,0,1,2,2,19,4,124,1,15,6,1,6
2016450148858,2,9,0,5,0,0,0,0,0,0,3,1,6,3,-1,-1,-1,-1,-1,-1,-1,-1
2016450148877,1,9,0,18,0,5,0,0,0,0,1,1,6,1,59,9,2967,2,4,9,1,9
2016450149113,1,9,0,18,0,0,0,0,0,0,1,1,6,1,90,11,1997,2,7,9,1,9
2016450149113,2,9,0,18,0,0,0,0,0,0,2,1,2,1,45,7,1998,8,-1,10,1,10
2016450149113,3,9,0,12,0,0,0,0,0,0,2,1,6,3,40,7,-1,-1,-1,-1,-1,-1
2016450149113,4,9,0,18,0,0,0,0,0,0,2,1,6,1,40,7,1596,1,7,8,1,8
2016450149113,5,9,0,18,0,0,0,0,0,0,2,1,2,1,41,7,1995,2,-1,10,1,10
2016450149214,1,9,0,18,0,5,0,0,0,0,1,1,6,2,69,10,1796,1,10,6,3,6
2016450149214,2,9,0,4,0,1,0,0,0,0,2,1,2,1,39,7,1995,2,-1,6,1,6
2016450149240,1,2,0,4,0,0,2,0,0,0,0,1,2,1,17,4,49,1,1,10,1,10
2016450149261,1,9,0,5,0,2,0,0,7,0,1,1,6,1,70,10,1968,2,3,8,3,8
2016450149261,2,9,0,18,0,8,0,0,0,0,1,1,6,1,56,9,1968,2,4,6,3,6
2016450149291,1,9,0,9,0,5,0,0,0,0,4,1,6,2,51,8,998,1,13,9,1,9
2016450149291,2,9,0,18,0,1,0,0,0,0,1,1,6,2,27,6,1149,1,14,4,1,4
2016450149331,1,9,0,18,0,0,1,10,0,0,1,1,6,1,27,6,998,1,15,10,1,10
2016450149331,2,9,0,4,0,0,0,0,0,0,2,1,6,1,23,5,1995,2,10,10,2,10
2016450149331,3,20,0,16,0,0,1,0,0,0,1,1,6,1,23,5,-1,-1,-1,10,1,10
2016450149371,1,9,0,17,0,0,0,0,1,3,1,1,6,2,25,5,1395,1,1,10,1,10
2016450149666,1,9,0,11,0,1,0,0,0,0,3,1,6,3,40,7,-1,-1,-1,-1,-1,-1
2016450149666,2,4,0,18,0,1,0,0,0,0,4,1,2,1,29,6,1215,1,3,9,1,9
2016450149689,1,1,0,-1,-1,0,0,0,0,3,-1,1,1,3,-1,-1,-1,-1,-1,-1,-1,-1
2016450149689,2,9,0,4,0,1,0,0,0,0,2,1,1,1,64,9,1598,2,1,7,1,7
2016450149689,3,9,0,18,0,1,0,0,0,0,1,1,6,1,38,7,1242,1,12,10,1,10
2016450149783,1,19,0,4,0,0,0,0,0,0,2,1,1,1,37,7,1560,2,1,4,1,4
2016450149783,2,1,0,18,0,0,0,0,0,0,1,1,6,1,40,7,-1,-1,-1,7,1,7
2016450149875,1,9,0,18,0,8,5,0,0,0,1,1,6,3,30,6,1997,2,9,-1,-1,-1
2016450149875,2,9,0,7,0,6,0,0,0,0,1,1,5,1,63,9,1242,1,6,9,3,9
2016450152287,1,9,0,4,0,0,0,0,0,0,2,1,1,1,39,7,1995,2,8,4,1,4
2016450152287,2,9,0,18,0,0,0,0,0,0,1,1,6,1,58,9,-1,-1,-1,8,1,8
2016450155769,1,9,0,4,0,0,0,0,0,0,2,1,6,1,43,7,1956,2,5,8,1,8
2016450155769,2,1,0,18,0,0,0,0,0,0,1,1,6,1,30,6,-1,-1,-1,10,1,10
2016450156665,1,9,0,18,0,1,0,0,0,0,1,1,6,1,50,8,2179,2,8,-1,-1,-1
2016450156665,2,9,0,4,0,5,0,0,0,0,2,1,6,2,61,9,1595,1,-1,-1,-1,-1
2016450158180,1,9,0,18,0,1,0,0,0,0,1,1,6,1,49,8,1388,1,10,4,1,4
2016450158180,2,9,0,4,0,8,0,0,0,0,2,1,6,1,35,6,1597,1,7,3,1,3
2016450158180,3,9,0,4,0,2,0,0,0,0,2,1,1,1,56,9,2995,1,-1,7,1,7
2016450164404,1,9,0,18,0,0,1,0,0,0,1,1,2,2,20,4,-1,-1,-1,10,1,10
2016450167398,1,9,0,18,0,0,0,0,0,0,1,1,6,1,17,4,1229,1,3,6,1,6
2016460015026,1,9,0,18,0,0,0,0,0,0,0,1,6,1,24,5,1396,1,15,2,1,2
2016460015026,2,2,0,18,0,0,0,0,0,0,0,1,6,1,23,5,49,1,4,2,1,2
2016460038930,1,9,0,16,0,0,0,0,5,2,3,1,6,2,24,5,1398,2,10,-1,-1,-1
2016460038932,1,9,0,18,0,1,0,0,0,0,1,1,6,1,89,11,1749,1,15,-1,-1,-1
2016460038932,2,9,0,18,0,1,0,0,0,0,1,1,6,1,44,7,-1,-1,-1,-1,-1,-1
2016460038938,1,9,0,17,0,0,0,0,7,9,1,1,2,1,52,8,2495,2,13,9,3,9
2016460038938,2,17,0,17,0,0,0,0,0,0,2,1,1,1,25,5,-1,-1,-1,5,1,5
2016460038975,1,9,0,7,0,6,0,0,0,0,3,1,2,1,54,8,-1,-1,-1,-1,-1,-1
2016460038975,2,1,0,18,0,8,0,0,0,0,1,1,2,1,38,7,-1,-1,-1,-1,-1,-1
2016460039030,1,9,0,18,0,0,0,0,5,0,3,1,6,2,34,6,-1,-1,-1,-1,-1,-1
2016460039054,1,9,0,18,0,0,1,0,1,4,1,1,6,1,37,7,2393,1,18,-1,-1,-1
2016460039114,1,9,0,18,0,2,0,0,0,0,3,1,6,1,43,7,1796,1,8,6,1,6
2016460039378,1,9,0,18,0,1,0,0,0,0,1,1,6,1,36,7,1242,1,9,8,1,8
2016460039480,1,9,0,9,0,1,0,0,0,0,3,1,1,1,45,7,-1,-1,-1,9,1,9
2016460039480,2,9,0,18,0,8,0,0,0,0,1,1,6,1,24,5,998,1,21,7,1,7
2016460039621,1,9,0,18,0,8,0,0,0,0,1,1,6,1,39,7,-1,-1,-1,-1,-1,-1
2016460039621,2,9,0,18,0,8,0,4,7,0,3,1,6,1,22,5,-1,-1,-1,-1,-1,-1
2016460039621,3,9,0,2,6,2,0,0,0,0,4,1,6,2,58,9,-1,-1,-1,-1,-1,-1
2016460039666,1,9,0,18,0,0,0,10,0,0,1,1,2,1,39,7,1796,1,12,4,1,4
2016460039666,2,9,0,18,0,0,1,0,0,0,1,1,6,1,69,10,2324,1,15,7,1,7
2016460039666,3,9,0,18,0,0,0,0,0,0,3,1,6,1,54,8,1796,1,7,6,1,6
2016460039666,4,9,0,18,0,0,0,0,0,0,3,1,6,1,19,4,999,1,17,3,1,3
2016460039853,1,9,0,18,0,8,0,0,0,0,3,1,6,1,50,8,1598,2,3,4,1,4
2016460039853,2,9,0,18,0,8,0,0,0,0,1,1,6,1,51,8,1461,2,14,6,1,6
2016460039871,1,9,0,18,0,8,0,7,7,10,3,1,6,1,87,11,-1,-1,-1,-1,-1,-1
2016460039946,1,9,0,18,0,1,0,0,0,0,1,1,6,1,30,6,1753,2,9,9,1,9
2016460039946,2,9,0,4,0,1,0,0,0,0,2,1,6,2,33,6,1364,1,1,10,1,10
2016460040173,1,9,0,18,0,0,0,4,0,0,1,1,5,1,31,6,1968,2,11,1,1,1
2016460040173,2,19,0,2,0,0,0,4,0,0,2,1,5,1,32,6,2198,2,4,5,1,5
2016460040173,3,19,0,2,0,0,0,0,0,0,2,1,5,1,49,8,2143,2,3,5,1,5
2016460040216,1,9,0,16,0,0,1,0,1,0,4,1,6,1,50,8,1229,1,7,3,1,3
2016460040216,2,17,0,17,0,0,0,0,0,0,0,1,6,3,-1,-1,-1,-1,-1,-1,-1,-1
2016460040322,1,19,0,18,0,0,0,0,0,0,1,1,1,1,40,7,10800,2,2,10,1,10
2016460040322,2,9,0,18,0,0,0,0,0,0,1,1,6,2,61,9,1497,1,14,1,1,1
2016460040388,1,9,0,18,0,0,0,0,0,0,4,1,6,1,-1,-1,1598,1,13,1,1,1
2016460040554,1,9,0,18,0,0,0,0,0,0,1,1,6,1,40,7,-1,-1,-1,-1,-1,-1
2016460040555,1,9,0,18,0,0,0,0,0,0,1,1,6,1,17,4,1388,1,8,-1,-1,-1
2016460040555,2,9,0,3,0,0,0,0,0,0,2,1,6,1,23,5,1560,2,4,9,1,9
2016460040555,3,9,0,3,0,0,0,0,0,0,2,1,6,2,30,6,1043,1,20,9,1,9
2016460040584,1,9,0,5,0,1,0,0,0,0,1,1,6,2,78,11,1242,1,2,8,1,8
2016460040584,2,9,0,17,0,2,0,0,0,0,1,1,6,1,29,6,2496,2,12,3,1,3
2016460040645,1,9,0,13,0,0,0,0,0,0,4,1,2,1,32,6,1998,2,8,4,1,4
2016460040645,2,9,0,18,0,0,0,0,0,0,3,1,6,1,53,8,1461,2,2,4,1,4
2016460040662,1,9,0,5,0,4,0,0,0,0,1,1,6,1,68,10,1596,1,10,2,1,2
2016460040662,2,1,0,17,0,2,0,0,0,0,4,1,2,1,35,6,-1,-1,-1,1,1,1
2016460040703,1,9,0,1,0,0,0,0,0,0,2,1,6,1,56,9,2497,2,9,4,2,4
2016460040714,1,97,0,13,0,0,0,0,0,0,3,1,6,1,-1,-1,-1,-1,-1,-1,-1,-1
2016460040714,2,9,0,18,0,0,0,0,0,0,3,1,6,2,55,8,1240,1,11,7,1,7
2016460040718,1,19,5,18,0,0,5,0,1,0,0,1,1,1,47,8,1996,2,6,7,1,7
2016460040726,1,19,0,9,0,1,1,0,0,0,1,1,6,1,44,7,2402,2,12,3,1,3
2016460040726,2,9,0,18,0,1,0,0,0,0,3,1,6,1,50,8,1598,1,13,4,1,4
2016460040729,1,3,0,14,0,0,1,0,0,0,1,1,6,1,35,6,125,1,5,4,3,4
2016460040729,2,9,0,17,0,0,0,0,0,0,1,1,6,2,24,5,1900,2,16,-1,-1,-1
2016460040730,1,9,0,18,0,1,0,0,0,0,1,1,6,1,45,7,2143,2,4,8,1,8
2016460040742,1,9,0,17,0,0,5,0,0,0,1,1,1,2,37,7,1686,2,2,8,1,8
2016460040742,2,20,0,4,0,0,0,0,0,0,3,1,1,1,54,8,-1,-1,-1,10,1,10
2016460040769,1,9,0,9,0,5,0,0,0,0,4,1,6,2,20,4,1242,1,9,3,1,3
2016460040769,2,9,0,18,0,8,0,0,0,0,1,1,6,1,61,9,1498,1,8,10,1,10
2016460040769,3,9,0,8,0,1,0,0,0,0,1,1,6,1,48,8,-1,-1,-1,5,1,5
2016460040773,1,9,0,3,0,0,0,0,0,0,3,1,6,1,71,10,1984,2,4,7,3,7
2016460040773,2,9,0,18,0,0,0,0,7,0,4,1,2,2,30,6,1590,1,11,4,1,4
2016460040773,3,9,0,3,0,0,0,0,0,0,3,1,6,2,53,8,1998,1,18,7,1,7
2016460040815,1,9,0,18,0,0,0,0,0,0,1,1,6,2,25,5,-1,-1,-1,-1,-1,-1
2016460040815,2,9,0,3,0,0,0,0,0,0,1,1,6,1,74,10,-1,-1,-1,-1,-1,-1
2016460040848,1,9,0,16,0,0,0,0,0,0,1,1,3,2,28,6,-1,-1,-1,-1,-1,-1
2016460040850,1,9,0,9,0,8,0,0,0,0,1,1,6,1,77,11,1591,1,4,4,1,4
2016460040850,2,9,0,18,0,1,0,0,0,0,1,1,6,1,20,4,1368,1,10,5,1,5
2016460040876,1,19,0,12,0,1,0,0,0,0,3,1,6,1,40,7,2299,2,2,3,1,3
2016460040876,2,9,0,3,0,1,0,0,0,0,4,1,6,2,27,6,1299,1,13,4,3,4
2016460040878,1,5,0,7,0,3,1,0,0,0,3,1,1,1,37,7,-1,-1,-1,-1,-1,-1
2016460040905,1,1,0,18,0,0,0,0,0,0,0,1,1,1,56,9,-1,-1,-1,-1,-1,-1
2016460040947,1,2,0,15,0,0,0,0,0,0,1,1,5,1,23,5,-1,-1,-1,2,1,2
2016460040950,1,9,0,18,0,0,0,0,1,4,1,1,1,1,36,7,-1,-1,-1,7,3,7
2016460040967,1,8,0,18,0,0,0,0,0,0,1,1,1,1,51,8,-1,-1,-1,-1,-1,-1
2016460040987,1,-1,0,18,0,0,0,0,0,0,0,1,6,3,-1,-1,-1,-1,-1,-1,-1,-1
2016460040987,2,9,0,18,0,0,0,0,0,0,2,1,6,2,21,5,1390,1,16,6,1,6
2016460041002,1,9,0,16,0,3,5,0,0,0,1,1,6,2,18,4,1149,1,5,2,1,2
2016460041082,1,9,0,5,0,4,0,0,0,0,1,1,1,1,81,11,1364,1,-1,4,1,4
2016460041082,2,1,0,17,0,3,0,0,0,0,2,1,2,2,25,5,-1,-1,-1,2,1,2
2016460041251,1,3,0,18,0,0,0,10,1,0,4,1,2,1,27,6,125,1,9,-1,-1,-1
2016460041272,1,9,0,18,0,8,0,0,0,0,1,1,1,1,27,6,2495,2,15,6,2,6
2016460041272,2,9,0,18,0,8,0,0,0,0,2,1,1,2,22,5,1197,1,1,-1,-1,-1
2016460041272,3,9,0,18,0,8,0,0,0,0,2,1,1,2,35,6,1968,2,4,6,1,6
2016460041351,1,19,0,11,0,0,1,0,0,0,4,1,2,1,20,4,1499,2,1,9,1,9
2016460041351,2,21,0,12,0,0,1,0,0,0,2,1,1,1,24,5,-1,-1,-1,-1,-1,-1
2016460041351,3,9,0,18,0,0,1,0,0,0,3,1,6,1,50,8,2261,1,9,6,1,6
2016460041351,4,9,0,18,0,0,1,0,0,0,3,1,2,1,37,7,1968,2,1,5,1,5
2016460041351,5,9,0,18,0,0,1,0,0,0,2,1,6,1,55,8,1896,2,11,10,1,10
2016460041351,6,5,0,18,0,0,1,0,4,0,3,1,2,1,48,8,805,1,8,8,1,8
2016460041355,1,9,0,18,0,0,0,0,0,0,1,1,6,1,29,6,2987,2,8,5,1,5
2016460041355,2,9,0,18,0,0,0,0,0,0,3,1,6,1,28,6,1896,2,13,4,1,4
2016460041431,1,9,0,18,0,0,1,4,0,0,1,1,6,1,33,6,1796,1,17,5,1,5
2016460041431,2,9,0,2,0,0,0,0,0,0,4,1,6,2,-1,-1,1388,1,9,3,1,3
2016460041431,3,9,0,2,0,0,0,0,0,0,4,1,6,1,45,7,1794,1,11,2,1,2
2016460041431,4,9,0,2,0,0,0,0,0,0,2,1,6,2,-1,-1,1400,1,9,3,1,3
2016460041431,5,9,0,2,0,0,0,0,0,0,1,1,6,2,44,7,1086,1,10,2,1,2
2016460041434,1,9,0,9,0,5,0,0,0,0,1,1,6,1,48,8,1798,1,8,7,2,7
2016460041434,2,9,0,18,0,1,0,0,0,0,1,1,6,1,39,7,1968,2,4,3,1,3
2016460041434,3,9,0,18,0,1,0,0,0,0,1,1,6,1,29,6,1596,1,15,10,1,10
2016460041445,1,9,0,18,0,0,0,0,0,0,1,1,1,1,18,4,1364,1,9,2,1,2
2016460041445,2,9,0,18,0,0,5,0,0,0,3,1,1,1,28,6,-1,-1,-1,6,1,6
2016460041445,3,9,0,18,0,0,0,0,0,0,3,1,1,1,48,8,-1,-1,-1,4,1,4
2016460041445,4,9,0,18,0,0,0,0,0,0,0,1,6,2,19,4,-1,-1,-1,9,1,9
2016460041452,1,19,0,18,0,0,5,0,5,6,1,1,1,1,24,5,2300,2,12,2,1,2
2016460041478,1,9,0,18,0,0,0,0,0,0,1,1,6,1,54,8,-1,-1,-1,5,1,5
2016460041478,2,1,0,18,0,0,0,0,0,0,2,1,6,1,36,7,-1,-1,-1,5,1,5
2016460041491,1,9,0,5,0,1,1,0,0,0,3,1,6,1,71,10,1798,1,43,7,3,7
2016460041491,2,9,0,18,0,1,1,0,7,0,1,1,6,2,49,8,1997,2,11,7,1,7
2016460041497,1,9,0,11,0,1,0,0,0,0,0,1,6,3,-1,-1,1598,2,4,2,1,2
2016460041497,2,11,0,18,0,1,0,0,0,0,0,1,1,1,37,7,6370,2,4,6,1,6
2016460041501,1,9,0,9,0,1,0,0,0,0,1,1,6,1,30,6,1596,1,14,4,1,4
2016460041501,2,9,0,18,0,1,0,0,0,0,1,1,6,1,68,10,1362,1,4,7,1,7
2016460041502,1,9,0,9,0,4,0,0,0,0,1,1,1,1,65,9,-1,-1,-1,-1,-1,-1
2016460041502,2,5,0,10,0,1,0,0,0,0,3,1,6,1,34,6,-1,-1,-1,-1,-1,-1
2016460041503,1,9,0,18,0,1,5,10,4,0,3,1,6,1,25,5,1998,1,13,4,1,4
2016460041521,1,2,0,4,0,0,1,0,0,0,4,1,6,1,16,4,49,1,5,2,1,2
2016460041538,1,9,0,18,0,0,2,0,1,0,4,1,6,1,26,6,1598,1,12,4,1,4
2016460041553,1,9,0,18,0,6,0,0,0,0,3,1,6,2,51,8,-1,-1,-1,-1,-1,-1
2016460041553,2,9,0,5,0,8,0,0,0,0,1,1,6,1,22,5,-1,-1,-1,-1,-1,-1
2016460041581,1,9,0,18,0,0,0,-1,0,0,1,1,6,1,50,8,1984,1,3,4,1,4
2016460041691,1,9,0,18,0,2,0,11,1,5,1,1,6,1,17,4,-1,-1,-1,-1,-1,-1
2016460041694,1,9,0,18,0,1,0,0,0,0,1,1,6,1,-1,-1,1560,2,9,4,2,4
2016460041694,2,9,0,8,0,1,0,0,0,0,2,1,1,2,54,8,1248,1,7,4,3,4
2016460041703,1,9,0,18,0,0,1,0,0,0,1,1,6,1,36,7,-1,-1,-1,-1,-1,-1
2016460041703,2,9,0,18,0,0,0,0,0,0,2,1,6,3,-1,-1,-1,-1,-1,-1,-1,-1
2016460041703,3,9,0,18,0,0,1,0,0,0,1,1,6,2,48,8,1240,1,10,9,3,9
2016460041703,4,9,0,18,0,0,1,0,0,0,1,1,6,2,20,4,1299,1,9,5,2,5
2016460041726,1,9,0,18,0,1,0,0,0,0,1,1,6,2,31,6,796,1,11,2,1,2
2016460041726,2,9,0,4,0,1,0,0,0,0,2,1,6,1,59,9,2179,2,9,6,3,6
2016460041755,1,21,1,18,0,0,0,0,0,0,0,2,1,3,-1,-1,-1,-1,-1,-1,-1,-1
2016460041755,2,23,0,18,0,0,1,0,0,0,0,1,1,2,28,6,-1,-1,-1,1,1,1
2016460041756,1,9,0,18,0,8,0,0,0,0,1,1,6,1,46,8,-1,-1,-1,6,3,6
2016460041756,2,9,0,4,0,8,0,0,0,0,2,1,6,2,28,6,1910,2,6,5,3,5
2016460041758,1,9,0,18,0,0,0,0,0,0,1,1,6,1,49,8,-1,-1,-1,-1,-1,-1
2016460041758,2,9,0,18,0,0,0,0,0,0,2,1,6,1,46,8,2143,2,4,-1,-1,-1
2016460041758,3,9,0,18,0,0,0,0,0,0,2,1,6,2,34,6,1242,1,4,10,1,10
2016460041758,4,9,0,18,0,0,0,0,0,0,2,1,6,2,43,7,1598,1,5,9,1,9
2016460041774,1,9,0,17,0,0,0,0,2,0,1,1,6,1,24,5,1598,1,12,9,1,9
2016460041797,1,3,0,18,0,0,0,0,0,0,1,1,1,2,25,5,125,1,5,5,1,5
2016460041797,2,9,0,18,0,0,0,0,0,0,2,1,6,2,39,7,1598,1,14,10,1,10
2016460041803,1,9,0,9,0,5,0,0,0,0,4,1,6,1,21,5,1598,1,15,-1,-1,-1
2016460041803,2,9,0,18,0,8,0,0,0,0,1,1,6,1,46,8,-1,-1,-1,-1,-1,-1
2016460041813,1,9,0,18,0,0,0,0,0,0,1,1,1,1,60,9,1229,1,11,1,1,1
2016460041813,2,9,0,3,0,0,0,0,0,0,2,1,1,2,25,5,1598,2,2,8,1,8
2016460041819,1,9,0,18,0,0,0,0,1,11,1,1,6,2,24,5,1595,1,16,2,1,2
2016460041841,1,9,0,18,0,0,1,0,1,0,4,1,6,1,64,9,2497,2,14,7,1,7
2016460041841,2,21,0,18,0,0,0,0,0,0,3,1,1,1,45,7,-1,-1,-1,-1,-1,-1
2016460041841,3,21,0,2,6,0,0,0,0,0,3,1,6,1,58,9,-1,-1,-1,-1,-1,-1
2016460041841,4,21,0,2,6,0,0,0,0,0,3,1,6,1,40,7,-1,-1,-1,-1,-1,-1
2016460041841,5,21,0,2,6,0,0,0,0,0,3,1,6,1,44,7,-1,-1,-1,-1,-1,-1
2016460041854,1,2,0,18,0,0,1,0,0,0,0,1,6,2,17,4,-1,-1,-1,-1,-1,-1
2016460041856,1,9,0,18,0,0,0,0,1,0,4,1,6,1,29,6,1986,2,11,3,1,3
2016460041856,2,21,1,18,6,0,0,0,0,0,2,2,1,1,34,6,-1,-1,-1,-1,-1,-1
2016460041865,1,9,0,13,0,0,0,0,0,0,1,1,5,1,43,7,2148,2,11,5,1,5
2016460041865,2,9,0,6,0,0,0,0,0,0,3,1,5,1,24,5,1198,1,11,4,1,4
2016460041913,1,19,0,18,0,0,0,0,0,0,1,1,1,1,26,6,1598,2,1,2,1,2
2016460041913,2,9,0,4,0,0,0,0,0,0,2,1,1,2,46,8,1248,1,5,3,1,3
2016460041988,1,9,0,18,0,0,0,0,0,0,3,1,6,2,32,6,1339,1,8,4,1,4
2016460042005,1,9,0,18,0,0,0,0,0,0,0,1,6,3,-1,-1,-1,-1,-1,-1,-1,-1
2016460042005,2,9,0,18,0,0,0,0,0,0,2,1,1,1,24,5,-1,-1,-1,7,1,7
2016460042005,3,9,0,18,0,0,0,0,0,0,1,1,6,1,39,7,-1,-1,-1,7,1,7
2016460042007,1,9,0,18,0,0,0,0,0,0,3,1,1,1,61,9,-1,-1,-1,6,1,6
2016460042007,2,1,0,14,0,0,0,0,0,0,1,1,6,2,26,6,-1,-1,-1,5,2,5
2016460042040,1,9,0,1,0,0,0,0,0,0,1,1,6,1,39,7,1968,2,9,7,1,7
2016460042048,1,9,0,18,0,1,0,0,0,0,1,1,6,1,47,8,1997,2,11,-1,-1,-1
2016460042048,2,9,0,7,0,6,0,0,0,0,3,1,6,3,-1,-1,-1,-1,-1,-1,-1,-1
2016460042066,1,9,0,18,0,0,0,0,0,0,4,1,1,1,57,9,-1,-1,-1,6,2,6
2016460042128,1,9,0,18,0,1,0,0,0,0,0,1,6,1,54,8,2685,2,13,9,2,9
2016460042128,2,9,0,18,0,3,0,0,0,0,4,1,6,1,57,9,1299,1,14,3,1,3
2016460042128,3,9,0,5,0,3,0,0,0,0,1,1,6,1,36,7,-1,-1,-1,3,1,3
2016460042167,1,9,0,11,0,0,0,0,0,0,2,1,1,1,35,6,2400,2,1,9,1,9
2016460042167,2,5,0,13,0,0,0,0,0,0,1,1,1,1,59,9,988,1,14,6,1,6
2016460042206,1,9,0,12,0,8,0,0,0,0,3,1,1,2,45,7,1242,1,1,4,1,4
2016460042206,2,9,0,18,0,8,0,0,0,0,4,1,6,1,43,7,1560,2,6,9,1,9
2016460042226,1,9,0,-1,-1,0,0,-1,-1,0,-1,1,6,1,35,6,1598,1,8,7,1,7
2016460042226,2,9,0,-1,-1,0,0,-1,-1,0,-1,1,6,2,33,6,2231,2,10,7,3,7
2016460042226,3,9,0,-1,-1,0,0,-1,-1,0,-1,1,6,2,25,5,1910,2,9,9,1,9
2016460042248,1,9,0,14,0,0,0,4,0,0,1,1,2,2,52,8,1296,1,9,5,1,5
2016460042248,2,9,0,2,0,0,0,0,0,0,2,1,1,1,44,7,-1,-1,-1,-1,-1,-1
2016460042249,1,9,0,9,0,2,0,0,0,0,1,1,2,2,53,8,1388,1,9,7,2,7
2016460042249,2,3,0,18,0,1,0,0,0,0,1,1,2,1,22,5,124,1,7,4,2,4
2016460042294,1,5,0,18,0,4,2,0,0,0,1,1,6,1,33,6,-1,-1,-1,-1,-1,-1
2016460042295,1,9,0,3,0,0,0,0,0,0,1,1,2,1,47,8,-1,-1,-1,10,1,10
2016460042295,2,9,0,3,0,0,0,0,0,0,2,1,6,2,41,7,1560,2,4,7,1,7
2016460042295,3,9,0,3,0,0,0,0,0,0,2,1,6,2,31,6,1496,2,1,3,1,3
2016460042297,1,9,0,18,0,0,0,0,0,0,1,1,6,1,84,11,-1,-1,-1,-1,-1,-1
2016460042297,2,9,0,2,0,0,0,0,0,0,2,1,6,1,30,6,-1,-1,-1,-1,-1,-1
2016460042326,1,9,0,18,0,0,0,0,1,0,1,1,1,1,32,6,-1,-1,-1,7,2,7
2016460042356,1,11,0,18,0,1,0,0,0,0,0,1,1,1,58,9,9600,2,20,7,3,7
2016460042367,1,9,0,16,0,0,0,10,0,0,1,1,6,2,51,8,1560,2,9,7,1,7
2016460042376,1,9,0,1,0,0,0,11,0,0,2,1,1,1,33,6,1560,2,6,1,1,1
2016460042388,1,19,0,18,0,0,1,0,4,0,1,1,1,1,24,5,1598,2,1,-1,-1,-1
2016460042388,2,9,0,18,0,0,1,0,1,0,2,1,1,1,48,8,1398,1,4,7,1,7
2016460042402,1,9,0,4,0,0,0,0,0,0,3,1,6,1,68,10,2993,2,6,-1,-1,-1
2016460042402,2,9,0,3,0,0,0,0,0,0,2,1,6,1,49,8,4367,2,2,6,3,6
2016460042402,3,9,0,3,0,0,0,0,0,0,2,1,6,1,19,4,1360,1,16,9,1,9
2016460042402,4,19,0,18,0,0,0,0,0,0,0,1,6,3,-1,-1,-1,-1,-1,-1,-1,-1
2016460042402,5,9,0,18,0,0,0,0,4,0,1,1,6,2,54,8,1368,1,1,9,1,9
2016460042402,6,9,0,18,0,0,0,0,0,0,2,1,6,1,34,6,3498,1,9,4,3,4