Accident_Index,Vehicle_Reference,Vehicle_Type,Towing_and_Articulation,Vehicle_Manoeuvre,Vehicle_Location-Restricted_Lane,Junction_Location,Skidding_and_Overturning,Hit_Object_in_Carriageway,Vehicle_Leaving_Carriageway,Hit_Object_off_Carriageway,1st_Point_of_Impact,Was_Vehicle_Left_Hand_Drive?,Journey_Purpose_of_Driver,Sex_of_Driver,Age_of_Driver,Age_Band_of_Driver,Engine_Capacity_(CC),Propulsion_Code,Age_of_Vehicle,Driver_IMD_Decile,Driver_Home_Area_Type,Vehicle_IMD_Decile
2016460042418,1,9,0,18,0,0,0,0,0,0,1,1,6,1,58,9,1596,1,3,2,1,2
2016460042426,1,20,0,18,0,0,0,4,0,0,1,2,6,1,57,9,-1,-1,-1,-1,-1,-1
2016460042426,2,21,1,2,6,0,0,0,0,0,2,1,1,1,44,7,6693,2,3,8,1,8
2016460042439,1,4,0,18,0,1,0,0,0,0,1,1,1,1,26,6,-1,-1,-1,-1,-1,-1
2016460042439,2,9,0,2,0,1,0,0,0,0,1,1,6,2,-1,-1,-1,-1,-1,-1,-1,-1
2016460042454,1,9,0,9,0,1,0,0,0,0,1,1,6,1,19,4,1296,1,17,6,1,6
2016460042454,2,1,0,18,0,1,0,0,0,0,1,1,2,1,19,4,-1,-1,-1,2,1,2
2016460042455,1,9,0,18,0,8,0,0,3,10,1,1,6,1,31,6,-1,-1,-1,5,1,5
2016460042455,2,9,0,18,0,8,0,0,1,10,1,1,6,2,36,7,1910,2,10,3,1,3
2016460042462,1,9,0,1,0,0,0,0,0,0,2,1,6,1,42,7,-1,-1,-1,6,2,6
2016460042462,2,9,0,3,0,0,0,0,0,0,3,1,1,1,45,7,2979,1,1,5,3,5
2016460042506,1,9,0,18,0,1,0,0,0,0,1,1,6,3,-1,-1,-1,-1,-1,-1,-1,-1
2016460042506,2,9,0,18,0,1,0,0,0,0,2,1,6,2,35,6,1086,1,9,2,1,2
2016460042519,1,9,0,4,0,1,0,0,0,0,1,1,6,1,64,9,2995,1,15,7,3,7
2016460042519,2,9,0,18,0,1,0,0,0,0,1,1,6,2,35,6,1596,1,9,3,1,3
2016460042519,3,9,0,18,0,1,0,0,0,0,0,1,6,1,58,9,1956,2,4,6,1,6
2016460042543,1,9,0,18,0,0,2,0,1,0,4,1,6,1,30,6,-1,-1,-1,-1,-1,-1
2016460042549,1,9,0,10,0,1,0,0,0,0,3,1,2,2,43,7,1388,1,11,6,1,6
2016460042595,1,9,0,1,0,0,0,11,0,0,2,1,1,2,24,5,1499,2,1,2,1,2
2016460042609,1,9,0,3,0,0,1,0,0,0,1,1,1,2,26,6,-1,-1,-1,-1,-1,-1
2016460042609,2,9,0,3,0,0,0,0,0,0,2,1,1,1,29,6,-1,-1,-1,-1,-1,-1
2016460042609,3,9,0,3,0,0,0,0,0,0,2,1,1,1,57,9,-1,-1,-1,-1,-1,-1
2016460042632,1,3,0,18,0,1,2,0,0,0,1,1,6,1,25,5,125,1,2,7,3,7
2016460042632,2,9,0,9,0,1,0,0,0,0,4,1,6,1,26,6,1596,1,14,3,1,3
2016460042645,1,9,0,18,0,0,0,0,0,0,1,1,2,2,22,5,1388,1,8,9,1,9
2016460042645,2,9,0,18,0,0,0,0,0,0,2,1,2,1,29,6,1991,1,2,-1,-1,-1
2016460042665,1,9,0,18,0,0,5,0,0,0,4,1,2,1,21,5,1198,1,7,7,1,7
2016460042674,1,9,0,18,0,0,0,0,0,0,1,1,2,2,21,5,-1,-1,-1,-1,-1,-1
2016460042676,1,5,0,18,0,4,0,0,0,0,1,1,6,1,20,4,-1,-1,-1,5,1,5
2016460042676,2,9,0,18,0,4,0,0,0,0,1,1,6,2,29,6,2776,2,9,7,1,7
2016460042680,1,9,0,9,0,5,0,0,0,0,2,1,6,1,48,8,1968,2,3,9,1,9
2016460042687,1,9,0,17,0,8,0,0,0,0,1,1,6,1,38,7,-1,-1,-1,-1,-1,-1
2016460042687,2,1,0,17,0,4,0,0,0,0,2,1,6,1,29,6,-1,-1,-1,-1,-1,-1
2016460042697,1,4,0,18,0,1,5,0,0,0,1,1,1,1,39,7,-1,-1,-1,-1,-1,-1
2016460042697,2,9,0,9,0,1,0,0,0,0,1,1,3,1,41,7,-1,-1,-1,-1,-1,-1
2016460042699,1,9,0,9,0,1,0,0,0,0,4,1,6,1,67,10,1598,1,3,4,1,4
2016460042713,1,9,0,18,0,0,0,0,0,0,1,1,6,1,38,7,-1,-1,-1,-1,-1,-1
2016460042713,2,1,0,18,0,0,0,0,0,0,1,1,4,1,11,3,-1,-1,-1,-1,-1,-1
2016460042716,1,9,0,18,0,4,0,0,0,0,1,1,6,3,34,6,1397,1,5,2,1,2
2016460042716,2,9,0,8,0,4,0,0,0,0,2,1,6,1,47,8,1796,1,7,7,1,7
2016460042728,1,9,0,18,0,0,0,0,0,0,1,1,1,1,42,7,1797,8,5,4,1,4
2016460042731,1,9,0,7,0,6,0,0,0,0,3,1,6,2,40,7,1390,1,16,4,2,4
2016460042731,2,9,0,18,0,1,0,0,0,0,1,1,2,1,72,10,1598,1,5,8,2,8
2016460042733,1,9,0,18,0,0,0,0,0,0,1,1,1,1,25,5,-1,-1,-1,-1,-1,-1
2016460042733,2,9,0,18,0,0,0,0,0,0,1,1,2,1,22,5,1229,1,4,7,3,7
2016460042735,1,9,0,7,0,6,0,0,0,0,1,1,3,2,28,6,-1,-1,-1,-1,-1,-1
2016460042735,2,9,0,18,0,1,0,0,7,0,2,1,3,1,52,8,-1,-1,-1,-1,-1,-1
2016460042740,1,9,0,18,0,0,0,0,0,0,1,1,2,2,21,5,1598,1,13,3,1,3
2016460042747,1,9,0,18,0,0,0,6,0,0,1,1,2,1,22,5,1229,1,9,5,2,5
2016460042747,2,9,0,18,0,0,0,6,0,0,3,1,1,2,77,11,1242,1,14,-1,-1,-1
2016460042748,1,9,0,18,0,1,0,0,0,0,1,1,6,1,28,6,2143,2,4,5,1,5
2016460042748,2,9,0,3,0,1,0,0,0,0,2,1,6,2,37,7,1997,2,8,3,1,3
2016460042748,3,9,0,5,0,1,0,0,0,0,2,1,6,1,24,5,1248,2,9,5,1,5
2016460042801,1,9,0,9,0,2,0,0,0,0,1,1,6,3,-1,-1,-1,-1,-1,-1,-1,-1
2016460042925,1,9,0,3,0,1,0,0,0,0,1,1,3,1,41,7,1598,1,14,3,1,3
2016460042928,1,9,0,18,0,0,0,0,0,0,2,1,1,1,38,7,2231,2,10,-1,-1,-1
2016460042928,2,9,0,18,0,0,1,0,0,0,1,1,1,2,56,9,1149,1,3,-1,-1,-1
2016460042928,3,9,0,2,0,0,0,0,0,0,3,1,6,3,-1,-1,1968,2,11,-1,-1,-1
2016460042929,1,9,0,18,0,1,1,0,0,0,1,1,6,1,24,5,1360,1,13,2,1,2
2016460042929,2,9,0,14,0,1,0,0,0,0,1,1,6,1,41,7,1794,1,9,8,1,8
2016460042939,1,9,0,1,0,1,0,0,0,0,2,1,6,3,-1,-1,1598,1,15,-1,-1,-1
2016460042939,2,5,0,18,0,1,2,0,0,0,1,1,6,1,65,9,1000,1,29,6,3,6
2016460042942,1,9,0,9,0,8,0,0,0,0,4,1,6,2,36,7,-1,-1,-1,-1,-1,-1
2016460042942,2,9,0,18,0,8,0,0,0,0,1,1,6,1,22,5,-1,-1,-1,-1,-1,-1
2016460042951,1,9,0,9,0,5,0,0,0,0,1,1,1,1,43,7,1997,2,1,6,2,6
2016460042951,2,9,0,10,0,1,0,0,0,0,0,1,6,1,36,7,1364,1,-1,6,1,6
2016460042951,3,1,0,18,0,8,0,0,0,0,1,1,6,1,24,5,-1,-1,-1,9,1,9
2016460042969,1,9,0,4,0,0,0,0,0,0,1,1,1,2,24,5,1598,1,10,3,1,3
2016460042969,2,9,0,3,0,0,0,0,0,0,2,1,6,2,23,5,1242,1,6,7,3,7
2016460042970,1,9,0,17,0,0,1,0,1,0,1,1,6,2,21,5,-1,-1,-1,-1,-1,-1
2016460042970,2,9,0,16,0,0,1,0,1,0,3,1,6,2,44,7,-1,-1,-1,-1,-1,-1
2016460042976,1,9,0,9,0,1,0,0,0,0,0,1,6,1,23,5,-1,-1,-1,2,1,2
2016460042976,2,3,0,3,0,1,0,0,0,0,1,1,2,1,22,5,124,1,6,-1,-1,-1
2016460042984,1,9,0,18,0,0,0,0,0,0,3,1,6,1,54,8,-1,-1,-1,7,1,7
2016460042984,2,9,0,11,0,0,0,0,0,0,4,1,6,1,21,5,1998,1,9,8,1,8
2016460042992,1,9,0,5,0,1,0,0,0,0,1,1,6,1,20,4,1598,1,8,8,1,8
2016460043006,1,9,0,9,0,4,0,0,0,0,0,1,5,1,42,7,1896,2,18,2,1,2
2016460043006,2,9,0,18,0,1,0,12,7,0,3,1,5,2,27,6,1398,1,16,8,1,8
2016460043010,1,9,0,17,0,0,2,0,1,0,4,1,6,2,23,5,1149,1,8,8,3,8
2016460043013,1,9,0,18,0,0,1,0,1,9,4,1,2,1,30,6,-1,-1,-1,-1,-1,-1
2016460043024,1,9,0,4,0,0,0,0,1,0,3,1,6,1,34,6,-1,-1,-1,6,1,6
2016460043024,2,9,0,4,0,0,0,0,0,0,2,1,6,1,42,7,1596,1,14,3,1,3
2016460043024,3,9,0,4,0,0,0,0,1,0,2,1,6,1,46,8,1390,1,13,6,1,6
2016460043024,4,9,0,4,0,0,0,0,0,0,4,1,6,1,39,7,-1,-1,-1,1,1,1
2016460043031,1,9,0,9,0,1,0,0,0,0,4,1,6,1,75,10,1895,1,16,7,3,7
2016460043031,2,1,0,18,0,1,0,0,0,0,1,1,6,1,60,9,-1,-1,-1,5,1,5
2016460043033,1,9,0,10,0,1,0,0,0,0,4,1,6,1,39,7,1390,1,9,9,1,9
2016460043037,1,9,0,4,0,0,0,0,0,0,1,1,6,1,45,7,-1,-1,-1,4,1,4
2016460043037,2,9,0,4,0,0,0,0,0,0,2,1,3,2,45,7,1390,1,14,2,1,2
2016460043037,3,9,0,3,0,0,0,0,0,0,2,1,2,2,49,8,999,1,4,8,3,8
2016460043040,1,9,0,18,0,1,1,0,0,0,1,1,6,1,53,8,-1,-1,-1,10,2,10
2016460043040,2,9,0,18,0,1,0,0,0,0,2,1,6,1,55,8,3179,1,11,6,1,6
2016460043227,1,5,0,18,0,1,1,0,0,0,4,1,1,1,57,9,-1,-1,-1,-1,-1,-1
2016460043248,1,9,0,7,0,1,0,0,0,0,1,1,6,3,-1,-1,1590,1,11,6,1,6
2016460043248,2,1,0,18,4,1,2,0,0,0,2,1,1,1,33,6,-1,-1,-1,5,1,5
2016460043253,1,9,0,18,0,0,0,0,0,0,1,1,6,2,23,5,1197,1,1,10,1,10
2016460043253,2,9,0,18,0,0,0,0,0,0,2,1,6,1,38,7,1596,1,11,-1,-1,-1
2016460043265,1,9,0,17,0,0,5,0,1,0,4,1,1,1,22,5,1598,2,4,3,1,3
2016460043266,1,9,0,16,0,1,5,0,0,0,1,1,6,1,42,7,1796,1,13,6,2,6
2016460043278,1,9,0,4,0,1,0,0,0,0,1,1,6,1,55,8,1587,1,15,6,2,6
2016460043278,2,9,0,4,0,1,0,0,0,0,2,1,6,1,49,8,-1,-1,-1,6,3,6
2016460043328,1,9,0,11,0,0,1,0,2,7,4,1,6,1,24,5,1390,1,17,3,1,3
2016460043328,2,9,0,18,0,0,1,0,1,0,3,1,6,2,25,5,1598,1,10,6,3,6
2016460043355,1,9,0,17,0,8,0,0,0,0,0,1,6,3,-1,-1,-1,-1,-1,-1,-1,-1
2016460043355,2,9,0,16,0,8,1,0,7,9,1,1,6,2,18,4,1199,1,13,6,2,6
2016460043365,1,9,0,18,0,1,0,0,0,0,1,1,2,2,22,5,1248,2,9,5,1,5
2016460043371,1,9,0,9,0,5,0,0,0,0,4,1,6,2,18,4,1149,1,11,5,3,5
2016460043371,2,4,0,18,0,1,0,0,0,0,1,1,6,1,39,7,-1,-1,-1,-1,-1,-1
2016460043383,1,9,0,18,0,1,0,0,0,0,4,1,6,2,-1,-1,-1,-1,-1,-1,-1,-1
2016460043388,1,9,0,7,0,6,0,0,0,0,1,1,6,3,-1,-1,1598,1,14,-1,-1,-1
2016460043388,2,9,0,7,0,6,0,0,0,0,3,1,6,2,56,9,1198,1,5,2,1,2
2016460043410,1,9,0,12,0,8,0,0,0,0,3,1,1,1,28,6,1596,1,3,2,1,2
2016460043410,2,9,0,17,0,8,0,0,0,0,4,1,1,2,18,4,1242,1,2,9,3,9
2016460043420,1,9,0,18,0,0,0,0,1,0,0,1,6,3,30,6,-1,-1,-1,-1,-1,-1
2016460043420,2,9,0,18,0,0,0,0,0,0,1,1,6,1,67,10,1998,8,1,6,3,6
2016460043420,3,9,0,8,0,0,0,0,0,0,2,1,6,1,34,6,1995,2,5,6,1,6
2016460043503,1,3,0,18,0,0,5,0,1,0,1,1,6,1,26,6,-1,-1,-1,-1,-1,-1
2016460043529,1,9,0,5,0,0,0,0,1,0,1,1,6,1,-1,-1,1422,2,12,4,1,4
2016460043545,1,9,0,4,0,0,0,0,0,0,1,1,6,3,-1,-1,-1,-1,-1,-1,-1,-1
2016460043545,2,4,0,2,0,0,0,0,0,0,2,1,6,1,25,5,124,1,2,10,1,10
2016460043545,3,19,0,2,0,0,0,0,0,0,2,1,6,1,45,7,1560,2,4,9,2,9
2016460043563,1,9,0,9,0,5,0,0,0,0,4,1,6,1,58,9,2378,1,10,8,1,8
2016460043563,2,1,0,18,0,8,0,0,0,0,1,1,6,1,27,6,-1,-1,-1,-1,-1,-1
2016460043597,1,19,0,18,0,0,0,0,0,0,4,1,6,1,64,9,2143,2,1,9,1,9
2016460043604,1,9,0,18,0,0,1,0,0,0,1,1,6,1,-1,-1,-1,-1,-1,-1,-1,-1
2016460043604,2,9,0,18,0,0,0,0,0,0,2,1,1,2,43,7,1248,2,8,2,1,2
2016460043626,1,3,0,17,0,1,1,0,0,0,3,1,6,1,21,5,124,1,4,-1,-1,-1
2016460043640,1,3,0,16,0,2,1,0,0,0,1,1,1,1,18,4,125,1,3,1,1,1
2016460043640,2,9,0,2,0,8,0,0,0,0,3,1,6,1,39,7,-1,-1,-1,4,1,4
2016460043644,1,9,0,8,0,6,0,0,0,0,1,1,6,2,25,5,1396,1,15,5,1,5
2016460043644,2,9,0,18,0,8,1,0,0,0,1,1,6,1,23,5,1840,1,16,1,1,1
2016460043664,1,9,4,17,0,0,0,0,1,0,1,1,6,1,60,9,-1,-1,-1,-1,-1,-1
2016460043664,2,9,0,16,0,0,0,0,7,0,1,1,6,1,24,5,1986,2,9,7,3,7
2016460043675,1,9,0,18,0,0,0,0,0,0,1,1,6,1,-1,-1,-1,-1,-1,-1,-1,-1
2016460043680,1,9,0,18,0,0,5,0,7,0,1,1,6,1,31,6,-1,-1,-1,-1,-1,-1
2016460043681,1,9,0,18,0,0,0,4,0,0,4,1,6,1,39,7,2793,6,20,5,1,5
2016460043681,2,9,0,2,0,0,0,0,0,0,3,1,6,2,56,9,1461,2,2,6,1,6
2016460043689,1,9,0,9,0,6,0,0,0,0,3,1,2,1,29,6,1968,2,10,4,1,4
2016460043689,2,9,0,18,0,1,0,0,0,0,1,1,2,1,49,8,-1,-1,-1,7,1,7
2016460043724,1,9,0,18,0,1,0,0,0,0,1,1,6,1,46,8,2688,2,15,4,1,4
2016460043724,2,19,0,18,0,1,0,0,0,0,2,1,6,1,42,7,2402,2,7,4,1,4
2016460043736,1,9,0,9,0,6,0,0,0,0,1,1,1,2,45,7,1598,1,4,4,1,4
2016460043736,2,1,0,18,0,8,1,0,0,0,4,1,1,1,-1,-1,-1,-1,-1,9,2,9
2016460043746,1,9,0,7,0,1,0,0,0,0,0,1,1,2,33,6,1596,1,14,5,1,5
2016460043746,2,2,0,18,0,1,1,0,0,0,4,1,6,1,44,7,49,1,5,9,2,9
2016460043757,1,3,0,18,0,1,0,0,0,0,1,1,6,2,-1,-1,100,1,13,7,1,7
2016460043757,2,9,0,6,0,1,0,0,0,0,3,1,6,2,-1,-1,1497,1,15,8,1,8
2016460043781,1,9,0,9,0,6,0,0,0,0,1,1,6,2,19,4,998,1,8,2,1,2
2016460043781,2,5,0,10,0,1,0,0,0,0,4,1,2,1,22,5,1170,1,5,3,1,3
2016460043796,1,9,0,9,0,5,0,0,0,0,1,1,6,1,52,8,2495,2,12,6,3,6
2016460043796,2,1,0,18,0,1,0,0,0,0,4,1,2,1,49,8,-1,-1,-1,8,2,8
2016460043808,1,19,0,18,0,1,0,0,0,0,1,1,6,1,52,8,1560,2,8,7,3,7
2016460043808,2,9,0,10,0,1,0,0,0,0,2,1,6,1,27,6,3628,2,9,8,2,8
2016460043834,1,19,0,5,0,0,0,0,0,0,1,1,6,1,66,10,2300,2,11,6,3,6
2016460043834,2,9,0,5,0,0,0,0,0,0,2,1,6,1,33,6,-1,-1,-1,7,1,7
2016460043837,1,9,0,1,0,0,0,0,0,0,2,1,6,3,-1,-1,973,1,14,-1,-1,-1
2016460043837,2,9,0,18,0,0,0,0,0,0,3,1,6,1,-1,-1,1998,1,19,3,1,3
2016460043837,3,9,0,18,0,0,0,0,0,0,1,1,1,1,-1,-1,2993,2,2,-1,-1,-1
2016460043844,1,9,0,9,0,6,0,0,0,0,3,1,6,1,58,9,1461,2,5,6,1,6
2016460043844,2,1,0,18,0,8,0,0,0,0,1,1,6,1,16,4,-1,-1,-1,10,1,10
2016460043850,1,9,0,18,0,0,1,0,1,0,3,1,6,1,42,7,1598,2,6,6,2,6
2016460043850,2,9,0,18,0,0,0,0,1,0,3,1,6,2,55,8,998,1,10,2,1,2
2016460043854,1,8,0,18,0,8,0,0,0,0,3,1,2,1,58,9,1560,2,4,2,1,2
2016460043854,2,9,0,18,0,8,0,0,0,0,1,1,6,2,21,5,1229,1,1,10,1,10
2016460043854,3,9,0,2,0,1,0,0,0,0,2,1,6,2,-1,-1,1399,2,12,1,1,1
2016460043858,1,9,0,18,0,1,0,0,0,0,4,1,6,1,30,6,1229,1,4,8,3,8
2016460043859,1,9,0,7,0,6,0,0,0,0,1,1,6,2,66,10,-1,-1,-1,8,1,8
2016460043859,2,11,0,18,0,1,0,0,0,0,3,1,1,1,48,8,4461,2,3,4,3,4
2016460043870,1,9,0,18,0,0,0,0,0,0,3,1,6,2,37,7,1997,2,10,6,3,6
2016460043876,1,9,0,3,0,0,0,0,0,0,1,1,6,1,29,6,1596,1,7,9,1,9
2016460043881,1,9,0,9,0,6,0,0,0,0,4,1,6,1,55,8,1198,1,3,5,1,5
2016460043881,2,1,0,18,0,1,0,0,0,0,1,1,6,1,18,4,-1,-1,-1,6,1,6
2016460043893,1,9,0,18,0,2,0,0,0,0,1,1,2,1,26,6,-1,-1,-1,-1,-1,-1
2016460043893,2,9,0,18,0,1,0,0,0,0,3,1,2,2,25,5,1976,1,6,3,1,3
2016460043893,3,9,0,18,0,1,0,0,0,0,2,1,6,1,68,10,1339,1,7,4,2,4
2016460043933,1,9,0,5,0,0,0,0,0,0,2,1,6,1,88,11,1328,1,6,6,3,6
2016460043933,2,9,0,3,0,0,0,0,0,0,1,1,6,1,45,7,-1,-1,-1,2,1,2
2016460043963,1,9,0,5,0,6,0,0,0,0,1,1,6,1,52,8,1197,1,4,4,1,4
2016460043963,2,9,0,18,0,8,0,0,0,0,1,1,6,1,61,9,1968,2,4,6,1,6
2016460043979,1,9,0,18,0,1,0,0,0,0,1,1,6,2,22,5,1798,1,6,8,1,8
2016460043979,2,9,0,3,0,1,0,0,0,0,2,1,6,1,70,10,1798,8,1,10,1,10
2016460044014,1,9,0,4,0,8,0,0,0,0,1,1,6,1,38,7,1198,1,13,2,1,2
2016460044014,2,9,0,4,0,8,0,0,0,0,2,1,6,3,35,6,-1,-1,-1,-1,-1,-1
2016460044017,1,9,0,18,0,1,5,0,0,0,1,1,6,1,25,5,1242,1,9,2,1,2
2016460044020,1,9,0,4,0,0,0,0,0,0,1,1,6,1,27,6,-1,-1,-1,9,1,9
2016460044020,2,9,0,4,0,0,0,0,0,0,2,1,6,1,50,8,1499,2,2,8,1,8
2016460044020,3,9,0,4,0,0,0,0,0,0,2,1,6,1,34,6,1798,1,8,3,1,3
2016460044053,1,9,0,5,0,1,0,0,0,0,1,1,6,1,29,6,2099,1,13,2,1,2
2016460044053,2,1,0,18,0,1,0,0,0,0,4,1,6,1,5,1,-1,-1,-1,-1,-1,-1
2016460044056,1,9,0,18,0,0,0,0,0,0,1,1,6,1,68,10,3456,8,7,-1,-1,-1
2016460044056,2,21,0,18,0,0,0,0,0,0,1,1,6,1,38,7,4500,2,1,2,1,2
2016460044075,1,1,0,18,0,0,0,0,0,0,1,1,4,1,16,4,-1,-1,-1,6,1,6
2016460044075,2,9,0,18,0,0,0,0,0,0,1,1,3,1,67,10,1593,1,24,5,2,5
2016460044075,3,9,0,18,0,0,0,0,0,0,2,1,2,2,19,4,1242,1,5,9,1,9
2016460044087,1,9,0,4,0,0,0,0,0,0,1,1,6,3,35,6,-1,-1,-1,-1,-1,-1
2016460044087,2,9,0,4,0,0,0,0,0,0,2,1,1,2,33,6,1395,1,2,8,1,8
2016460044087,3,9,0,4,0,0,0,0,0,0,1,1,1,1,23,5,1242,1,7,6,1,6
2016460044087,4,9,0,4,0,0,0,0,0,0,2,1,1,2,49,8,1396,1,7,8,1,8
2016460044087,5,9,0,4,0,0,0,0,0,0,1,1,2,2,27,6,998,1,5,9,1,9
2016460044087,6,9,0,4,0,0,0,0,0,0,2,1,2,1,23,5,1596,1,10,-1,-1,-1
2016460044087,7,9,0,4,0,0,0,0,0,0,1,1,2,1,23,5,1229,1,3,9,1,9
2016460044087,8,9,0,4,0,0,0,0,0,0,4,1,1,1,34,6,2987,2,10,1,1,1
2016460044087,9,9,0,18,0,0,0,0,0,0,4,1,1,1,50,8,-1,-1,-1,6,3,6
2016460044087,10,3,0,4,0,0,0,0,0,0,1,1,2,1,24,5,123,1,1,3,1,3
2016460044087,11,9,0,4,0,0,0,0,0,0,1,1,2,2,24,5,1998,1,9,4,1,4
2016460044087,12,19,0,4,0,0,0,0,0,0,1,1,2,1,50,8,1868,2,13,9,1,9
2016460044087,13,9,0,4,0,0,0,0,0,0,2,1,2,1,27,6,1560,2,2,7,1,7
2016460044094,1,9,0,5,0,0,0,0,0,0,3,2,6,1,20,4,1796,1,12,1,1,1
2016460044094,2,1,0,18,0,0,0,0,0,0,1,1,1,1,46,8,-1,-1,-1,3,1,3
2016460044096,1,3,0,13,0,0,0,0,0,0,1,1,6,1,17,4,124,1,3,7,1,7
2016460044096,2,9,0,18,0,0,0,0,0,0,2,1,6,1,23,5,1398,1,4,2,1,2
2016460044103,1,9,0,18,0,0,0,0,0,0,1,1,6,2,22,5,1422,2,1,7,3,7
2016460044103,2,9,0,3,0,0,0,0,0,0,2,1,6,1,-1,-1,1598,1,9,-1,-1,-1
2016460044111,1,9,0,18,0,0,0,0,0,0,1,1,2,1,54,8,1242,1,4,5,1,5
2016460044111,2,9,0,2,0,0,0,0,0,0,2,1,6,1,34,6,1910,2,9,5,1,5
2016460044126,1,9,0,7,0,6,0,0,0,0,1,1,6,1,26,6,1988,1,14,5,3,5
2016460044126,2,9,0,18,0,1,0,0,0,0,1,1,1,1,46,8,-1,-1,-1,-1,-1,-1
2016460044126,3,9,0,18,0,1,0,0,0,0,2,1,1,1,-1,-1,2993,2,2,7,1,7
2016460044129,1,9,0,9,0,6,0,0,0,0,3,1,6,1,63,9,1343,1,12,3,1,3
2016460044129,2,9,0,16,0,1,0,0,0,0,1,1,6,1,28,6,1781,1,12,6,1,6
2016460044131,1,10,0,18,0,1,0,0,0,0,1,1,1,1,35,6,-1,-1,-1,1,1,1
2016460044131,2,9,0,3,0,1,0,0,0,0,2,1,6,3,-1,-1,-1,-1,-1,-1,-1,-1
2016460044244,1,9,0,5,0,2,0,0,0,0,0,1,6,1,81,11,1596,1,10,4,1,4
2016460044250,1,9,0,10,0,1,0,0,0,0,1,1,6,2,56,9,998,1,15,4,1,4
2016460044250,2,5,0,18,0,1,0,0,0,0,1,1,6,1,22,5,645,1,8,6,2,6
2016460044256,1,1,0,18,9,0,0,4,0,0,1,1,6,1,26,6,-1,-1,-1,4,2,4
2016460044256,2,9,0,2,0,0,0,0,0,0,4,1,6,2,46,8,1598,1,5,-1,-1,-1
2016460044274,1,3,0,4,0,0,0,0,0,0,1,1,2,1,18,4,125,1,1,4,3,4
2016460044284,1,9,0,9,0,6,0,0,0,0,3,1,6,1,71,10,-1,-1,-1,8,1,8
2016460044284,2,9,0,18,0,1,0,0,0,0,1,1,6,2,20,4,1229,1,2,2,1,2
2016460044291,1,19,0,18,0,0,0,0,0,0,1,1,6,1,23,5,2287,2,2,8,1,8
2016460044291,2,21,1,18,0,0,0,0,0,0,3,1,6,1,62,9,-1,-1,-1,-1,-1,-1
2016460044297,1,90,0,18,0,1,0,0,0,0,1,1,6,3,-1,-1,-1,-1,-1,-1,-1,-1
2016460044301,1,9,0,7,0,6,0,0,0,0,1,1,1,2,25,5,1798,1,3,8,3,8
2016460044301,2,9,0,8,0,6,0,0,0,0,2,1,1,2,55,8,1388,1,16,9,1,9
2016460044317,1,9,0,14,0,0,0,0,0,0,1,1,6,2,49,8,1198,1,10,9,3,9
2016460044317,2,9,0,18,0,0,0,0,0,0,2,1,6,1,48,8,1796,1,11,3,1,3
2016460044317,3,9,0,2,0,0,0,0,0,0,2,1,6,1,-1,-1,1229,1,3,6,3,6
2016460044366,1,9,0,10,0,4,0,0,0,0,4,1,6,1,34,6,1870,2,16,5,3,5
2016460044366,2,9,0,3,0,4,0,0,0,0,3,1,6,1,17,4,1242,1,8,6,1,6
2016460044366,3,9,0,7,0,4,0,0,0,0,3,1,6,2,17,4,998,1,16,5,3,5
2016460044373,1,9,0,17,0,0,0,0,0,0,4,1,6,1,43,7,1761,1,16,3,2,3
2016460044373,2,9,0,16,0,0,0,0,0,0,1,1,6,1,34,6,1560,2,3,7,2,7
2016460044382,1,9,0,18,0,0,2,0,0,0,2,1,6,1,70,10,1951,2,11,4,1,4
2016460044385,1,9,0,4,0,0,0,0,0,0,1,1,6,1,37,7,1242,1,2,10,1,10
2016460044385,2,9,0,4,0,0,0,0,0,0,2,1,6,2,54,8,1598,1,3,3,1,3
2016460044389,1,9,0,18,0,1,0,0,0,0,1,1,6,2,32,6,1995,2,6,5,1,5
2016460044389,2,9,0,4,0,1,0,0,0,0,2,1,2,2,53,8,1596,1,11,9,1,9
2016460044400,1,9,0,18,0,0,1,0,0,0,1,1,1,1,51,8,1199,1,17,8,1,8
2016460044400,2,9,0,18,0,0,0,0,0,0,3,1,1,2,42,7,1995,2,2,5,1,5
2016460044401,1,9,0,18,0,0,0,0,0,0,4,1,1,1,-1,-1,1248,1,5,9,1,9
2016460044401,2,5,0,18,0,0,0,0,0,0,3,1,1,1,47,8,1250,1,14,9,1,9
2016460044428,1,9,0,18,0,1,0,0,0,0,1,1,6,2,20,4,1995,1,6,9,1,9
2016460044428,2,9,0,18,0,1,0,0,0,0,1,1,6,2,28,6,1360,1,10,5,2,5
2016460044434,1,19,0,9,0,8,0,0,0,0,4,1,1,1,23,5,2198,2,5,4,1,4
2016460044434,2,9,0,18,0,1,0,0,0,0,4,1,6,1,79,11,2435,1,14,4,2,4
2016460044440,1,9,0,9,0,6,0,0,0,0,4,1,6,2,34,6,1560,2,3,9,1,9
2016460044440,2,11,0,18,0,1,0,0,0,0,3,1,1,1,31,6,3900,2,13,6,1,6
2016460044540,1,20,0,18,0,0,0,0,0,0,0,1,6,1,33,6,2402,2,6,7,1,7
2016460044540,2,9,0,18,0,0,0,0,1,0,1,1,6,2,37,7,1461,2,5,3,1,3
2016460044540,3,9,0,18,0,0,0,0,0,0,2,1,6,1,29,6,-1,-1,-1,7,1,7