Accident_Index,Vehicle_Reference,Vehicle_Type,Towing_and_Articulation,Vehicle_Manoeuvre,Vehicle_Location-Restricted_Lane,Junction_Location,Skidding_and_Overturning,Hit_Object_in_Carriageway,Vehicle_Leaving_Carriageway,Hit_Object_off_Carriageway,1st_Point_of_Impact,Was_Vehicle_Left_Hand_Drive?,Journey_Purpose_of_Driver,Sex_of_Driver,Age_of_Driver,Age_Band_of_Driver,Engine_Capacity_(CC),Propulsion_Code,Age_of_Vehicle,Driver_IMD_Decile,Driver_Home_Area_Type,Vehicle_IMD_Decile
2016460044540,4,9,0,18,0,0,0,0,0,0,4,1,6,1,60,9,1400,2,9,2,1,2
2016460044571,1,9,0,18,0,1,0,0,0,0,1,1,6,1,-1,-1,-1,-1,-1,-1,-1,-1
2016460044571,2,2,0,5,0,1,0,0,0,0,1,1,6,1,17,4,49,1,-1,3,1,3
2016460044593,1,9,0,7,0,1,0,0,0,0,1,1,1,1,66,10,1560,2,5,8,1,8
2016460044593,2,9,0,18,0,1,1,0,0,0,1,1,6,2,22,5,1242,1,5,7,3,7
2016460044594,1,9,0,18,0,0,5,0,1,11,4,1,1,1,20,4,1242,1,19,9,1,9
2016460044606,1,21,0,12,0,8,0,0,0,0,3,2,1,1,44,7,-1,-1,-1,-1,-1,-1
2016460044606,2,9,0,18,0,8,0,0,1,7,4,1,6,1,36,7,1910,2,8,1,1,1
2016460044609,1,9,0,7,0,1,1,0,0,0,1,1,6,2,20,4,1248,2,7,8,1,8
2016460044609,2,9,0,4,0,1,0,0,0,0,3,1,6,1,27,6,1596,1,11,-1,-1,-1
2016460044630,1,9,0,4,0,0,0,0,0,0,1,1,6,2,27,6,1995,2,4,9,1,9
2016460044630,2,9,0,4,0,0,0,0,0,0,2,1,6,1,52,8,1199,2,3,10,1,10
2016460044630,3,9,0,4,0,0,0,0,0,0,2,1,6,2,33,6,1461,2,4,5,1,5
2016460044634,1,9,0,7,0,5,0,0,0,0,2,1,6,1,75,10,1598,1,8,4,3,4
2016460044634,2,1,0,18,0,1,0,0,0,0,1,1,6,1,44,7,-1,-1,-1,8,1,8
2016460044635,1,9,0,16,0,0,0,0,0,0,3,1,6,1,25,5,1956,2,7,1,1,1
2016460044635,2,9,0,17,0,0,0,0,0,0,3,1,6,1,42,7,1390,1,8,2,1,2
2016460044676,1,9,0,18,0,0,0,0,0,0,1,1,1,2,22,5,1229,1,3,6,1,6
2016460044676,2,9,0,4,0,0,0,0,0,0,2,1,1,2,70,10,1339,1,9,10,3,10
2016460044676,3,9,0,4,0,0,0,0,0,0,2,1,1,2,46,8,1796,1,14,2,1,2
2016460044685,1,9,0,18,0,1,0,0,0,0,2,1,6,1,36,7,1598,1,15,6,1,6
2016460044685,2,9,0,8,0,1,0,0,0,0,1,1,6,1,23,5,2993,2,6,5,3,5
2016460044691,1,9,0,18,0,0,0,0,1,0,1,1,1,1,23,5,1679,1,15,9,2,9
2016460044714,1,9,0,18,0,5,0,0,2,0,1,1,6,2,49,8,1229,1,3,9,1,9
2016460044718,1,11,0,18,0,1,1,0,0,0,1,1,1,1,43,7,-1,-1,-1,1,1,1
2016460044718,2,9,0,8,0,1,0,0,0,0,2,1,6,2,24,5,1149,1,8,9,2,9
2016460044718,3,9,0,9,0,1,0,0,0,0,4,1,6,1,54,8,1984,1,15,5,3,5
2016460044743,1,9,0,18,0,0,0,0,0,0,1,1,6,1,36,7,1598,1,13,8,1,8
2016460044743,2,9,0,9,0,0,0,0,0,0,2,1,6,1,39,7,2494,1,13,10,1,10
2016460044746,1,9,0,18,0,0,0,0,0,0,1,1,2,2,49,8,1598,1,10,7,1,7
2016460044752,1,9,0,5,0,2,0,0,0,0,3,1,1,2,27,6,1595,1,5,6,1,6
2016460044752,2,3,0,18,0,2,0,0,0,0,1,1,1,1,18,4,125,1,5,7,1,7
2016460044772,1,9,0,9,0,5,0,0,0,0,1,1,2,2,34,6,2993,2,12,8,1,8
2016460044772,2,9,0,18,0,1,0,0,0,0,1,1,6,2,22,5,-1,-1,-1,2,1,2
2016460044797,1,9,0,18,0,0,0,4,0,0,1,1,6,2,42,7,1995,2,6,8,3,8
2016460044797,2,9,0,2,0,0,0,0,0,0,2,1,6,1,-1,-1,1910,2,9,7,1,7
2016460044797,3,9,0,2,0,0,0,0,0,0,2,1,6,2,-1,-1,1229,1,12,7,1,7
2016460044846,1,9,0,18,0,3,0,0,0,0,0,1,6,3,35,6,-1,-1,-1,-1,-1,-1
2016460044846,2,11,0,18,0,3,0,0,0,0,0,1,1,1,53,8,4580,2,7,6,3,6
2016460044894,1,9,0,18,0,4,0,0,0,0,1,1,1,3,30,6,1587,1,8,-1,-1,-1
2016460044894,2,9,0,18,0,8,0,0,0,0,4,1,1,1,30,6,-1,-1,-1,-1,-1,-1
2016460044921,1,9,0,9,0,5,0,0,0,0,3,1,2,1,62,9,1398,2,13,2,3,2
2016460044921,2,3,0,18,0,1,1,0,0,0,1,1,2,1,33,6,125,1,1,6,2,6
2016460044937,1,9,0,9,0,6,0,0,0,0,1,1,1,1,38,7,1199,1,13,2,1,2
2016460044937,2,9,0,18,0,1,0,0,0,0,1,1,6,1,20,4,1400,1,16,2,1,2
2016460044948,1,2,0,18,0,1,0,0,0,0,1,1,6,1,16,4,-1,-1,-1,4,1,4
2016460044948,2,9,0,18,0,8,0,0,0,0,4,1,6,2,29,6,1995,2,9,8,1,8
2016460044998,1,9,4,18,0,0,0,0,0,0,2,1,6,1,25,5,-1,-1,-1,4,3,4
2016460044999,1,9,0,9,0,6,1,0,0,0,1,1,6,2,33,6,1598,1,12,3,2,3
2016460044999,2,3,0,18,0,1,1,0,0,0,1,1,2,1,19,4,125,1,2,4,3,4
2016460045050,1,9,0,9,0,5,0,0,0,0,4,1,6,1,26,6,-1,-1,-1,7,1,7
2016460045050,2,9,0,17,0,1,0,0,0,0,1,1,6,1,26,6,1242,1,7,6,1,6
2016460045076,1,3,0,18,0,0,2,0,0,0,4,1,2,2,24,5,124,1,4,6,1,6
2016460045082,1,9,0,18,0,0,0,0,0,0,1,1,6,3,-1,-1,-1,-1,-1,-1,-1,-1
2016460045082,2,9,0,18,0,0,0,0,0,0,2,1,1,1,65,9,-1,-1,-1,9,3,9
2016460045083,1,9,0,18,0,0,0,0,0,0,1,1,6,3,-1,-1,-1,-1,-1,-1,-1,-1
2016460045083,2,9,0,18,0,0,0,0,0,0,2,1,1,1,65,9,-1,-1,-1,9,3,9
2016460045084,1,21,0,18,0,0,0,0,0,0,1,1,1,1,45,7,-1,-1,-1,-1,-1,-1
2016460045084,2,9,0,12,0,0,0,0,0,0,4,1,6,2,47,8,1389,1,18,7,1,7
2016460045084,3,21,1,2,6,0,0,0,0,0,3,1,1,1,52,8,-1,-1,-1,-1,-1,-1
2016460045084,4,21,1,2,6,0,0,0,0,0,3,1,1,2,27,6,-1,-1,-1,-1,-1,-1
2016460045096,1,9,0,18,0,2,0,0,0,0,1,1,6,1,-1,-1,-1,-1,-1,6,1,6
2016460045096,2,9,0,7,0,6,0,0,0,0,2,1,6,2,50,8,1229,1,9,4,1,4
2016460045132,1,9,0,-1,-1,0,0,-1,-1,0,-1,1,6,1,29,6,2354,1,12,2,1,2
2016460045136,1,9,0,18,0,1,0,4,0,0,1,1,6,2,20,4,-1,-1,-1,8,3,8
2016460045136,2,9,0,2,0,1,0,0,0,0,1,1,6,1,35,6,-1,-1,-1,1,1,1
2016460045136,3,9,0,2,0,1,0,0,0,0,1,1,6,1,40,7,-1,-1,-1,1,1,1
2016460045136,4,9,0,2,0,1,0,0,0,0,1,1,6,1,40,7,1997,2,10,1,1,1
2016460045137,1,4,0,18,0,1,1,0,0,0,1,1,6,1,43,7,583,1,15,6,1,6
2016460045137,2,9,0,7,0,1,0,0,0,0,2,1,6,2,41,7,1997,2,5,3,1,3
2016460045149,1,9,0,5,0,1,0,0,0,0,0,1,6,2,56,9,1398,1,3,2,1,2
2016460045149,2,9,0,4,0,1,0,0,0,0,2,1,6,1,51,8,1598,1,7,6,1,6
2016460045149,3,3,0,18,0,1,1,0,0,0,1,1,6,1,19,4,125,1,7,1,1,1
2016460045156,1,9,0,18,0,0,1,0,1,0,1,1,5,2,28,6,1242,1,8,2,1,2
2016460045156,2,9,0,18,0,0,0,0,0,0,1,1,5,1,26,6,1753,2,6,8,1,8
2016460045189,1,9,0,9,0,6,0,4,0,0,1,1,6,1,68,10,1360,1,12,6,1,6
2016460045189,2,9,0,2,0,1,0,0,0,0,1,1,6,1,56,9,1560,2,2,6,1,6
2016460045189,3,9,0,2,0,1,0,0,0,0,1,1,6,1,56,9,2972,1,20,6,1,6
2016460045189,4,9,0,18,0,1,0,0,0,0,1,1,6,2,41,7,1587,1,11,6,1,6
2016460045200,1,9,0,18,0,1,0,0,0,0,1,1,6,1,77,11,1339,1,3,10,3,10
2016460045200,2,9,0,4,0,1,0,0,0,0,2,1,6,1,41,7,-1,-1,-1,5,3,5
2016460045237,1,1,0,7,0,1,1,0,0,0,0,1,6,1,50,8,-1,-1,-1,7,1,7
2016460045244,1,9,0,18,0,0,1,0,0,0,1,1,6,1,31,6,2179,2,8,5,1,5
2016460045244,2,9,0,4,0,0,0,0,0,0,2,1,6,2,52,8,1598,1,10,6,1,6
2016460045244,3,9,0,4,0,0,0,0,0,0,2,1,6,1,40,7,-1,-1,-1,7,1,7
2016460045250,1,9,0,14,0,2,0,0,0,0,4,1,6,1,71,10,999,1,7,1,1,1
2016460045250,2,9,0,5,0,2,0,0,0,0,3,1,6,2,38,7,1997,2,5,3,1,3
2016460045265,1,9,0,5,0,1,0,0,0,0,1,1,6,2,74,10,1240,1,10,-1,-1,-1
2016460045265,2,9,0,3,0,1,0,0,0,0,2,1,6,2,66,10,698,1,13,3,1,3
2016460045275,1,5,0,18,0,1,0,0,0,0,1,1,6,1,69,10,865,1,-1,8,1,8
2016460045275,2,9,0,8,0,6,0,0,0,0,2,1,6,2,41,7,1598,1,19,3,1,3
2016460045283,1,9,0,18,0,0,0,0,0,0,1,1,6,2,56,9,1149,1,18,2,1,2
2016460045288,1,4,0,18,0,0,2,0,0,0,3,1,2,1,66,10,249,1,7,6,2,6
2016460045293,1,21,0,1,0,0,0,0,0,0,2,1,6,1,-1,-1,-1,-1,-1,-1,-1,-1
2016460045309,1,9,0,18,0,3,0,0,0,0,2,1,6,1,18,4,1199,1,13,10,1,10
2016460045309,2,3,0,9,0,4,0,0,0,0,1,1,6,1,21,5,100,1,13,5,1,5
2016460045318,1,21,1,18,0,0,0,0,0,0,1,1,1,1,30,6,12900,2,5,6,1,6
2016460045318,2,9,0,2,0,0,0,0,0,0,2,1,6,1,79,11,1896,2,14,9,2,9
2016460045321,1,9,0,2,0,0,0,0,0,0,0,1,6,3,-1,-1,1229,1,1,-1,-1,-1
2016460045321,2,16,0,18,0,0,0,0,0,0,0,1,6,2,14,3,-1,-1,-1,6,3,6
2016460045353,1,9,0,5,9,1,0,0,0,0,1,1,6,2,-1,-1,-1,-1,-1,-1,-1,-1
2016460045355,1,9,0,18,0,1,0,0,0,0,1,1,6,1,26,6,1998,1,8,2,1,2
2016460045366,1,9,0,18,0,2,0,7,0,0,1,1,1,1,21,5,1360,1,14,5,1,5
2016460045387,1,21,1,18,0,2,0,0,0,0,4,1,1,1,58,9,11705,2,8,3,1,3
2016460045387,2,1,0,18,0,2,0,0,0,0,3,1,6,2,73,10,-1,-1,-1,4,3,4
2016460045390,1,9,0,18,0,0,1,0,1,0,1,1,6,1,20,4,1390,1,14,10,1,10
2016460045393,1,9,0,18,0,1,0,0,0,0,1,1,2,1,20,4,1388,1,14,2,1,2
2016460045404,1,20,0,12,0,0,0,0,0,0,3,1,1,1,39,7,-1,-1,-1,-1,-1,-1
2016460045404,2,9,0,18,0,0,0,0,0,0,4,1,6,2,30,6,1984,1,16,3,1,3
2016460045404,3,9,0,18,0,0,0,0,4,6,1,1,6,1,65,9,1560,2,1,2,1,2
2016460045407,1,9,0,18,0,0,0,0,0,0,1,1,6,2,49,8,1560,2,6,8,3,8
2016460045408,1,9,0,3,0,1,0,0,0,0,1,1,6,1,38,7,1400,1,17,4,1,4
2016460045408,2,9,0,3,0,1,0,0,0,0,2,1,6,2,23,5,1796,1,8,1,1,1
2016460045447,1,9,0,18,0,8,0,0,0,0,3,1,6,2,39,7,1329,1,6,1,1,1
2016460045447,2,9,0,18,0,8,0,0,0,0,4,1,6,1,62,9,2295,1,18,1,1,1
2016460045472,1,9,0,4,0,0,1,0,0,0,1,1,2,1,46,8,1975,1,14,3,1,3
2016460045472,2,21,1,18,0,0,1,0,1,0,1,1,1,1,52,8,-1,-1,-1,-1,-1,-1
2016460045473,1,3,0,14,0,1,1,0,0,0,3,1,2,1,20,4,125,1,1,2,1,2
2016460045476,1,9,0,18,0,8,0,0,7,0,3,1,1,1,28,6,1598,2,4,1,1,1
2016460045476,2,9,0,18,0,8,0,0,0,0,3,1,6,2,45,7,1596,1,13,1,1,1
2016460045485,1,9,0,18,0,0,1,0,0,0,1,1,6,2,18,4,2993,2,1,-1,-1,-1
2016460045485,2,9,0,18,0,0,0,0,0,0,1,1,6,1,47,8,2494,2,4,9,3,9
2016460045502,1,9,0,18,0,0,0,0,0,0,1,1,6,1,21,5,998,1,1,3,1,3
2016460045502,2,19,0,3,0,0,0,0,0,0,2,1,1,1,54,8,1560,2,4,8,1,8
2016460045502,3,9,0,3,0,0,0,0,0,0,2,1,1,2,36,7,1598,2,3,2,1,2
2016460045518,1,9,0,9,0,6,0,0,0,0,3,1,6,3,-1,-1,-1,-1,-1,-1,-1,-1
2016460045518,2,2,0,18,0,1,0,0,0,0,1,1,2,1,22,5,-1,-1,-1,1,1,1
2016460045533,1,19,0,18,0,4,0,0,0,0,1,1,6,1,50,8,2198,2,8,2,1,2
2016460045533,2,9,0,18,0,1,0,0,0,0,2,1,1,1,43,7,1197,1,1,2,1,2
2016460045540,1,9,0,9,0,6,0,0,0,0,3,1,6,1,79,11,1769,1,14,2,1,2
2016460045540,2,9,0,18,0,1,0,0,2,0,1,1,6,1,46,8,1598,1,5,2,1,2
2016460045548,1,21,1,18,0,0,1,0,0,0,1,1,1,1,45,7,-1,-1,-1,-1,-1,-1
2016460045548,2,9,0,18,0,0,0,0,0,0,2,1,6,1,71,10,2500,2,24,4,2,4
2016460045549,1,9,0,12,0,7,1,7,0,0,1,1,6,1,18,4,1396,1,13,3,1,3
2016460045564,1,9,0,18,0,1,0,0,0,0,1,1,2,1,46,8,1368,1,10,7,1,7
2016460045576,1,9,0,7,0,1,0,0,0,0,3,1,6,1,19,4,1997,2,14,2,1,2
2016460045576,2,9,0,18,0,1,0,0,0,0,4,1,1,2,35,6,1388,1,11,4,1,4
2016460045581,1,2,0,18,0,0,0,0,0,0,1,1,6,3,37,7,124,1,4,-1,-1,-1
2016460045581,2,9,0,2,0,0,0,0,0,0,2,1,6,1,37,7,1910,2,10,4,1,4
2016460045581,3,9,0,2,0,0,0,0,0,0,2,1,6,1,37,7,1560,2,10,-1,-1,-1
2016460045585,1,9,0,18,0,0,0,0,0,0,0,1,5,1,23,5,1781,1,16,-1,-1,-1
2016460045590,1,9,0,16,0,0,1,6,0,0,4,1,6,2,29,6,1598,2,5,-1,-1,-1
2016460045592,1,9,0,18,0,0,1,0,4,6,1,1,6,2,29,6,1242,1,15,3,1,3
2016460045592,2,9,0,18,0,0,1,0,4,6,1,1,6,2,21,5,1390,1,17,9,1,9
2016460045610,1,9,0,18,0,1,0,0,0,0,1,1,3,1,67,10,1560,2,2,1,3,1
2016460045610,2,9,0,10,0,1,0,0,0,0,2,1,6,2,28,6,1995,2,6,1,3,1
2016460045622,1,9,0,3,0,1,0,0,0,0,1,1,6,1,47,8,1896,2,6,3,1,3
2016460045622,2,9,0,4,0,1,0,0,0,0,2,1,2,2,19,4,1197,1,1,10,1,10
2016460045624,1,9,0,17,0,5,0,0,0,0,4,1,6,1,62,9,1997,2,7,5,1,5
2016460045639,1,9,0,18,0,0,0,0,0,0,3,1,6,1,21,5,1197,1,2,9,1,9
2016460045653,1,9,0,9,0,6,0,0,0,0,3,1,6,1,32,6,1598,1,10,2,1,2
2016460045653,2,1,0,18,0,1,0,0,0,0,1,1,6,1,22,5,-1,-1,-1,10,1,10
2016460045662,1,21,1,11,0,0,0,0,0,0,2,1,1,1,35,6,-1,-1,-1,-1,-1,-1
2016460045662,2,9,0,18,0,0,0,0,0,0,3,1,6,1,42,7,1995,2,6,2,1,2
2016460045687,1,21,1,18,0,6,0,0,0,0,3,1,1,1,-1,-1,-1,-1,-1,-1,-1,-1
2016460045687,2,9,0,18,0,6,0,0,0,0,2,1,1,1,25,5,1397,1,12,5,1,5
2016460045701,1,9,0,9,0,8,0,0,0,0,1,1,6,2,25,5,1229,1,2,-1,-1,-1
2016460045701,2,9,0,4,0,8,0,0,0,0,2,1,6,2,43,7,1248,1,5,-1,-1,-1
2016460045701,3,9,0,18,0,8,0,0,0,0,0,1,6,3,70,10,-1,-1,-1,-1,-1,-1
2016460045710,1,9,0,5,0,0,0,0,0,0,3,1,6,1,79,11,1796,1,9,4,1,4
2016460045726,1,20,0,9,0,5,0,0,0,0,4,1,1,1,60,9,4462,2,3,3,1,3
2016460045726,2,9,0,18,0,1,0,0,0,0,1,1,6,2,67,10,1349,1,6,9,1,9
2016460045739,1,9,0,18,0,0,0,0,0,0,1,1,2,1,63,9,1753,2,16,5,2,5
2016460045739,2,9,0,18,0,0,0,0,0,0,2,1,2,1,29,6,1248,2,3,5,1,5
2016460045739,3,9,0,18,0,0,0,0,0,0,2,1,2,1,40,7,2179,2,1,10,1,10
2016460045760,1,9,0,18,0,0,0,0,0,0,1,1,6,2,55,8,1229,1,4,9,1,9
2016460045760,2,19,0,18,0,0,0,0,0,0,1,1,6,1,30,6,1998,2,13,3,1,3
2016460045768,1,9,0,17,0,4,0,9,8,0,2,1,6,1,58,9,1248,1,2,2,1,2
2016460045768,2,9,0,18,0,8,0,0,0,0,1,1,6,1,54,8,1998,1,6,9,2,9
2016460045777,1,5,0,18,0,8,0,0,0,0,1,1,2,1,21,5,1255,1,2,5,1,5
2016460045779,1,9,0,4,0,4,0,0,0,0,1,1,6,3,-1,-1,1598,1,13,10,1,10
2016460045779,2,9,0,4,0,4,0,0,0,0,2,1,6,3,-1,-1,-1,-1,-1,-1,-1,-1
2016460045779,3,9,0,4,0,4,0,0,0,0,2,1,6,2,23,5,1398,1,2,5,1,5
2016460045783,1,9,0,7,0,1,0,0,0,0,3,1,6,1,30,6,1598,1,12,-1,-1,-1
2016460045783,2,9,0,3,0,1,0,0,0,0,1,1,6,2,27,6,1299,1,14,9,3,9
2016460045853,1,9,0,9,0,1,0,0,0,0,4,1,6,2,51,8,1596,1,3,9,1,9
2016460045853,2,2,0,18,0,1,0,0,0,0,4,1,6,1,16,4,-1,-1,-1,8,1,8
2016460045854,1,19,0,18,0,0,0,0,0,0,0,1,1,1,38,7,2148,2,8,7,1,7
2016460045854,2,9,0,3,0,0,0,0,0,0,2,1,6,2,36,7,1242,1,7,10,1,10
2016460045884,1,9,0,16,0,0,0,0,7,0,1,1,6,2,17,4,1198,1,12,9,3,9
2016460045903,1,9,0,16,0,0,0,0,7,0,3,1,6,1,46,8,1995,2,2,1,1,1
2016460045937,1,9,0,7,0,1,0,0,0,0,0,1,6,1,89,11,1799,1,12,8,1,8
2016460045937,2,9,0,18,0,1,0,0,0,0,2,1,6,1,61,9,1998,2,2,-1,-1,-1
2016460045941,1,9,0,18,0,6,0,0,0,0,4,1,6,1,78,11,1590,1,16,8,1,8
2016460045941,2,9,0,18,0,8,0,0,0,0,1,1,6,1,31,6,1242,1,10,4,1,4
2016460045941,3,9,0,3,0,1,0,0,0,0,1,1,6,1,58,9,1598,1,6,9,3,9
2016460045974,1,9,0,18,0,0,1,0,7,11,1,1,1,2,51,8,1242,1,6,5,2,5
2016460045978,1,9,0,18,0,0,0,0,0,0,1,1,6,1,36,7,2171,1,13,4,3,4
2016460045978,2,9,0,3,0,0,0,0,0,0,2,1,6,1,52,8,1598,1,2,5,1,5
2016460045978,3,9,0,3,0,0,0,0,0,0,2,1,6,1,51,8,4367,2,4,-1,-1,-1
2016460046017,1,9,0,18,0,1,0,0,0,0,1,1,6,1,63,9,1242,1,7,10,3,10
2016460046017,2,9,0,3,0,4,0,0,0,0,2,1,6,2,38,7,1598,1,14,7,3,7
2016460046032,1,9,0,9,0,5,0,0,0,0,1,1,1,2,28,6,998,1,1,6,1,6
2016460046032,2,9,0,18,0,1,0,0,0,0,1,1,6,1,19,4,1368,1,7,9,3,9
2016460046066,1,9,0,5,0,0,0,0,0,0,3,1,6,2,19,4,1124,1,15,10,1,10
2016460046095,1,9,0,16,0,2,1,4,0,0,1,1,6,2,19,4,1364,1,8,2,1,2
2016460046095,2,9,0,2,9,2,0,4,0,0,2,1,6,1,48,8,2204,2,7,1,1,1
2016460046095,3,9,0,2,9,2,0,0,0,0,2,1,6,2,27,6,1896,2,7,1,1,1
2016460046133,1,9,0,18,0,5,0,0,0,0,1,1,6,2,31,6,1560,2,10,7,1,7
2016460046133,2,9,0,3,0,8,0,0,0,0,2,1,6,2,34,6,1598,2,2,9,1,9
2016460046133,3,9,0,3,0,8,0,0,0,0,2,1,6,1,51,8,2993,2,1,9,1,9
2016460046170,1,9,0,18,0,5,0,0,0,0,2,1,6,1,65,9,1598,1,12,3,1,3
2016460046170,2,19,0,18,0,5,0,0,0,0,1,1,6,1,27,6,-1,-1,-1,9,1,9
2016460046195,1,9,0,9,0,6,0,0,0,0,1,1,1,1,53,8,1997,2,5,1,1,1
2016460046195,2,9,0,18,0,1,0,0,0,0,1,1,6,1,46,8,1390,1,15,1,1,1
2016460046213,1,21,0,12,0,0,0,0,0,0,3,1,1,1,49,8,-1,-1,-1,-1,-1,-1
2016460046213,2,9,0,18,0,0,0,0,1,0,4,1,6,2,28,6,1360,1,13,6,1,6
2016460046214,1,9,0,14,0,0,0,0,0,0,4,1,6,1,56,9,1360,1,10,8,2,8
2016460046255,1,21,0,18,6,0,0,0,0,0,1,1,6,1,31,6,-1,-1,-1,2,1,2
2016460046255,2,20,0,2,6,0,0,0,0,0,2,1,1,1,48,8,7698,2,1,4,1,4
2016460046302,1,9,0,18,0,0,0,0,1,0,1,1,6,2,24,5,998,1,6,9,1,9
2016460046338,1,3,0,17,0,0,0,0,0,0,1,1,6,1,26,6,98,1,11,6,1,6
2016460046338,2,9,0,16,0,0,0,0,0,0,1,1,6,1,30,6,1587,1,13,3,1,3
2016460046339,1,9,0,18,0,4,1,0,0,0,1,1,6,2,23,5,1124,1,10,2,1,2
2016460046359,1,9,0,5,0,4,0,0,0,0,1,1,2,2,45,7,1229,1,7,2,1,2
2016460046359,2,1,0,18,0,8,0,0,0,0,1,1,2,1,37,7,-1,-1,-1,-1,-1,-1
2016460046361,1,9,0,18,0,6,0,0,0,0,4,1,6,2,38,7,1390,1,18,10,3,10
2016460046361,2,9,0,18,0,8,0,0,0,0,1,1,6,2,28,6,1248,2,8,8,3,8
2016460046366,1,9,0,14,0,0,0,0,0,0,1,1,6,1,27,6,1910,2,13,4,1,4
2016460046366,2,9,0,2,0,0,0,0,0,0,0,1,6,1,60,9,2199,2,2,9,1,9
2016460046386,1,21,0,18,0,0,0,0,0,0,1,2,1,1,26,6,-1,-1,-1,-1,-1,-1
2016460046386,2,9,0,18,0,0,0,0,0,0,2,1,6,2,24,5,1199,2,1,2,1,2
2016460046425,1,9,0,17,0,0,0,0,0,0,1,1,6,1,61,9,2495,2,19,2,3,2
2016460046425,2,9,0,16,0,0,0,0,0,0,1,1,6,1,49,8,1461,2,11,3,1,3
2016460046432,1,11,0,2,0,2,0,0,0,0,0,1,1,1,68,10,-1,2,16,5,1,5
2016460046436,1,9,0,4,0,1,0,0,0,0,1,1,1,1,24,5,-1,-1,-1,1,1,1
2016460046436,2,9,0,3,0,1,0,0,0,0,2,1,1,1,39,7,-1,-1,-1,2,1,2
2016460046489,1,9,0,18,0,0,0,0,0,0,1,1,6,1,30,6,2494,8,1,6,2,6
2016460046489,2,9,0,18,0,0,0,0,0,0,1,1,6,1,27,6,1422,2,12,1,1,1
2016460046489,3,9,0,4,0,0,0,0,0,0,3,1,6,2,42,7,1956,2,7,6,3,6
2016460046489,4,1,0,18,0,0,0,0,0,0,0,1,6,1,-1,-1,-1,-1,-1,1,1,1
2016460046498,1,9,0,16,0,0,1,0,1,0,1,1,3,2,37,7,1590,1,11,9,1,9
2016460046498,2,9,0,18,0,0,0,0,0,0,1,1,6,1,75,10,1596,1,11,6,3,6
2016460046498,3,9,0,16,0,0,1,0,0,0,1,1,2,1,47,8,1368,1,7,8,1,8
2016460046564,1,3,0,18,0,8,1,0,1,0,0,1,6,1,26,6,125,1,1,6,1,6
2016460046569,1,9,0,17,0,0,2,0,0,0,1,1,1,2,26,6,1360,1,12,8,1,8
2016460046569,2,11,0,17,0,0,0,0,0,0,1,1,1,1,50,8,3900,2,12,1,1,1
2016460046569,3,9,0,18,0,0,0,0,0,0,2,1,6,2,46,8,1685,2,3,10,3,10
2016460046570,1,3,0,7,0,6,1,0,0,0,1,1,6,1,23,5,125,1,2,7,2,7
2016460046570,2,9,0,18,0,1,0,0,0,0,1,1,6,1,21,5,1149,1,8,7,2,7
2016460046581,1,1,0,18,0,2,0,0,0,0,0,1,6,3,-1,-1,-1,-1,-1,-1,-1,-1
2016460046588,1,19,0,4,0,0,1,0,0,0,1,1,1,1,26,6,2143,2,6,7,1,7
2016460046588,2,9,0,4,0,0,1,0,0,0,2,1,6,1,19,4,1149,1,9,6,1,6
2016460046588,3,9,0,3,0,0,0,0,0,0,2,1,6,1,83,11,1997,2,7,6,3,6
2016460046603,1,9,0,18,0,0,0,0,1,9,4,1,6,2,53,8,1595,1,13,7,2,7
2016460046613,1,9,0,18,0,1,0,0,0,0,1,1,6,2,30,6,1299,1,11,6,1,6
2016460046613,2,9,0,10,0,5,0,0,0,0,2,1,6,1,54,8,-1,-1,-1,9,2,9
2016460046630,1,9,0,9,0,5,0,0,7,0,1,1,6,1,17,4,998,1,8,5,2,5
2016460046639,1,9,0,18,0,0,0,0,0,0,2,1,6,3,-1,-1,-1,-1,-1,-1,-1,-1
2016460046639,2,9,0,18,0,0,0,0,0,0,1,1,6,1,34,6,1910,2,9,4,1,4
2016460046691,1,9,0,18,0,0,0,12,0,0,1,1,6,2,50,8,1796,1,11,1,3,1
2016460046701,1,9,0,9,0,6,0,0,0,0,4,1,2,1,19,4,1968,2,1,10,2,10
2016460046701,2,9,0,18,0,1,1,0,7,9,1,1,2,2,29,6,1998,1,2,4,1,4
2016460046713,1,9,0,18,0,0,0,0,0,0,1,1,6,1,48,8,1997,2,14,7,1,7
2016460046713,2,9,0,18,0,0,0,0,0,0,1,1,6,2,43,7,1596,1,8,5,1,5
2016460046724,1,9,0,18,0,1,0,0,0,0,1,1,6,1,19,4,1242,1,9,-1,-1,-1
2016460046724,2,9,0,3,0,1,0,0,0,0,2,1,6,1,23,5,875,1,2,7,1,7
2016460046742,1,9,0,5,0,0,0,0,0,0,0,1,1,1,-1,-1,1598,2,4,7,1,7
2016460046751,1,9,0,18,0,2,0,0,0,0,4,1,6,3,-1,-1,-1,-1,-1,-1,-1,-1
2016460046764,1,9,0,9,0,6,0,0,0,0,1,1,6,2,47,8,1596,1,15,4,2,4
2016460046764,2,9,0,18,0,1,0,0,7,0,2,1,6,1,54,8,2496,2,11,6,2,6
2016460046764,3,9,0,2,0,1,0,4,2,0,1,1,6,1,21,5,1198,1,14,4,2,4