Accident_Index,Vehicle_Reference,Vehicle_Type,Towing_and_Articulation,Vehicle_Manoeuvre,Vehicle_Location-Restricted_Lane,Junction_Location,Skidding_and_Overturning,Hit_Object_in_Carriageway,Vehicle_Leaving_Carriageway,Hit_Object_off_Carriageway,1st_Point_of_Impact,Was_Vehicle_Left_Hand_Drive?,Journey_Purpose_of_Driver,Sex_of_Driver,Age_of_Driver,Age_Band_of_Driver,Engine_Capacity_(CC),Propulsion_Code,Age_of_Vehicle,Driver_IMD_Decile,Driver_Home_Area_Type,Vehicle_IMD_Decile
2016460059901,1,9,0,18,0,1,0,0,0,0,1,1,1,1,84,11,1598,1,12,9,1,9
2016460059901,2,9,0,3,0,1,0,0,0,0,2,1,6,1,49,8,1896,2,10,8,1,8
2016460059901,3,9,0,3,0,1,0,0,0,0,2,1,6,1,48,8,1956,2,3,5,1,5
2016460059904,1,9,0,5,0,6,0,0,0,0,4,1,6,2,72,10,1275,1,23,1,1,1
2016460059904,2,9,0,18,0,1,0,0,0,0,3,1,6,1,81,11,2290,1,17,3,1,3
2016460059910,1,9,0,18,0,0,0,0,0,0,1,1,6,1,77,11,1422,2,8,9,2,9
2016460059912,1,1,0,18,0,8,0,0,0,0,3,1,6,1,21,5,-1,-1,-1,9,1,9
2016460059912,2,9,0,18,0,1,0,0,0,0,2,1,1,2,38,7,-1,-1,-1,10,1,10
2016460059922,1,19,0,18,0,1,0,4,0,0,1,1,6,1,70,10,2402,2,6,2,1,2
2016460059922,2,9,0,18,0,1,0,0,0,0,3,1,6,1,31,6,1598,1,12,6,3,6
2016460059922,3,9,0,2,0,1,0,0,0,0,4,1,6,1,36,7,2980,2,21,2,1,2
2016460059922,4,9,0,2,0,8,0,0,0,0,4,1,6,1,40,7,1905,2,21,2,1,2
2016460059922,5,9,0,2,0,8,0,0,0,0,3,1,6,1,48,8,1598,1,14,7,1,7
2016460059922,6,9,0,2,0,2,0,0,0,0,3,1,6,2,34,6,1598,1,12,2,1,2
2016460059922,7,9,0,2,0,2,0,0,0,0,4,1,6,1,49,8,-1,-1,-1,1,1,1
2016460060001,1,2,0,18,0,0,0,0,0,0,1,1,2,1,54,8,125,1,11,4,1,4
2016460060001,2,9,0,18,0,0,0,0,0,0,2,1,6,1,31,6,1998,2,12,8,1,8
2016460060052,1,9,0,18,0,1,0,0,0,0,1,1,6,1,24,5,1596,1,16,4,1,4
2016460060052,2,9,0,4,0,1,0,0,0,0,3,1,6,2,47,8,1598,1,11,-1,-1,-1
2016460060052,3,9,0,18,0,1,0,0,0,0,1,1,6,1,59,9,1198,1,12,4,2,4
2016460060072,1,9,0,12,0,0,0,0,0,0,3,1,1,1,34,6,-1,-1,-1,-1,-1,-1
2016460060072,2,9,0,18,0,0,0,0,1,10,4,1,6,2,45,7,1497,1,11,6,1,6
2016460060101,1,9,0,18,0,0,0,0,7,11,1,1,2,2,31,6,1984,1,14,-1,-1,-1
2016460060140,1,9,0,18,0,8,1,0,0,0,4,1,6,1,45,7,1295,1,30,10,1,10
2016460060140,2,4,0,18,0,8,0,0,0,0,1,1,6,1,68,10,373,1,3,6,2,6
2016460060146,1,9,0,18,0,0,0,0,0,0,1,1,6,1,48,8,-1,-1,-1,2,1,2
2016460060146,2,9,0,18,0,0,0,0,0,0,2,1,6,2,47,8,1598,1,9,6,2,6
2016460060150,1,9,0,18,0,2,0,0,0,0,1,1,6,2,67,10,1998,1,14,4,1,4
2016460060150,2,3,0,18,0,1,0,0,0,0,1,1,6,1,52,8,125,1,4,-1,-1,-1
2016460060277,1,9,0,5,9,1,0,0,0,0,4,1,2,2,19,4,996,1,2,4,1,4
2016460060277,2,9,0,18,0,1,0,0,0,0,1,1,6,1,20,4,1496,1,-1,7,1,7
2016460060307,1,9,0,18,0,0,0,0,0,0,1,1,6,1,27,6,2987,2,5,9,1,9
2016460060307,2,9,0,18,0,0,0,0,0,0,2,1,6,2,37,7,1598,1,13,10,3,10
2016460060327,1,9,0,18,0,0,0,0,0,0,1,1,6,1,23,5,1388,1,13,2,1,2
2016460060327,2,9,0,18,0,0,0,0,0,0,2,1,6,2,55,8,1587,1,14,6,1,6
2016460060327,3,9,0,18,0,0,0,0,0,0,0,1,6,1,-1,-1,-1,-1,-1,-1,-1,-1
2016460060368,1,9,0,18,0,0,0,0,0,0,0,1,6,2,19,4,1388,1,12,4,1,4
2016460060400,1,9,0,10,0,6,0,0,0,0,3,1,2,1,22,5,1995,1,12,5,1,5
2016460060400,2,9,0,18,0,8,0,0,0,0,1,1,6,1,45,7,1461,2,5,9,1,9
2016460060431,1,9,0,18,0,0,1,0,1,0,2,1,6,1,25,5,1198,1,8,7,2,7
2016460060431,2,21,1,18,0,0,0,0,0,0,1,1,1,1,44,7,-1,-1,-1,-1,-1,-1
2016460060460,1,9,0,8,0,1,0,0,0,0,1,1,6,1,64,9,1560,2,10,6,1,6
2016460060460,2,1,0,9,0,5,0,0,0,0,1,1,6,1,10,2,-1,-1,-1,7,3,7
2016460060464,1,9,0,18,0,0,1,0,4,6,1,1,6,2,29,6,1870,2,12,5,1,5
2016460060559,1,9,0,16,0,8,0,0,7,4,1,1,6,1,49,8,1988,2,10,8,3,8
2016460060567,1,5,0,17,0,0,0,10,0,0,4,1,6,1,60,9,1084,1,17,9,1,9
2016460060570,1,9,0,18,0,4,0,0,0,0,1,1,6,3,-1,-1,-1,-1,-1,-1,-1,-1
2016460060570,2,1,0,9,0,3,0,0,0,0,2,1,6,1,23,5,-1,-1,-1,6,1,6
2016460060579,1,9,0,4,0,0,0,0,1,10,1,1,6,1,22,5,1560,2,9,5,1,5
2016460060579,2,9,0,3,0,0,0,0,0,0,4,1,6,1,20,4,1968,2,3,4,1,4
2016460060595,1,9,5,18,0,0,0,0,1,7,1,1,6,2,49,8,1769,1,15,3,2,3
2016460060595,2,9,5,18,0,0,0,0,0,0,1,1,2,1,31,6,1997,2,5,4,1,4
2016460060600,1,9,0,18,0,0,5,4,0,0,1,1,6,1,40,7,1560,2,3,3,1,3
2016460060600,2,9,0,2,0,0,0,4,0,0,2,1,6,3,-1,-1,1390,1,9,-1,-1,-1
2016460060600,3,9,0,2,0,0,0,4,0,0,2,1,6,3,-1,-1,1686,2,6,-1,-1,-1
2016460060600,4,9,0,2,0,0,0,4,0,0,2,1,6,3,-1,-1,1781,1,12,-1,-1,-1
2016460060600,5,9,0,2,0,0,0,0,0,0,2,1,6,3,-1,-1,1998,2,4,-1,-1,-1
2016460060600,6,9,0,2,0,0,0,0,0,0,2,1,6,3,-1,-1,2993,2,13,-1,-1,-1
2016460060600,7,9,0,2,0,0,0,0,0,0,2,1,6,3,-1,-1,1595,1,13,-1,-1,-1
2016460060610,1,9,0,18,0,0,0,0,0,0,3,1,6,1,44,7,1587,1,11,2,1,2
2016460060610,2,9,0,18,0,0,0,0,0,0,3,1,1,1,44,7,-1,-1,-1,10,1,10
2016460060612,1,9,0,17,0,0,0,0,0,0,1,1,6,1,45,7,-1,-1,-1,-1,-1,-1
2016460060612,2,9,0,16,0,0,0,0,0,0,1,1,6,2,77,11,1198,1,14,5,3,5
2016460060629,1,9,0,18,0,1,0,0,0,0,1,1,1,1,77,11,1598,1,11,1,1,1
2016460060629,2,9,0,10,0,8,0,0,0,0,2,1,6,2,37,7,1098,1,-1,1,1,1
2016460060656,1,21,1,11,0,0,0,0,0,0,1,2,1,1,61,9,-1,-1,-1,-1,-1,-1
2016460060656,2,9,0,18,0,0,0,0,1,0,2,1,6,2,31,6,1242,1,9,3,1,3
2016460060668,1,9,0,15,0,3,0,0,0,0,4,1,6,1,45,7,1248,1,2,8,3,8
2016460060668,2,9,0,18,0,3,0,0,0,0,3,1,6,1,25,5,1422,2,2,7,1,7
2016460060675,1,11,0,5,0,2,0,0,0,0,0,1,1,1,51,8,4580,2,8,6,1,6
2016460060676,1,9,0,18,0,0,5,0,0,0,1,1,6,1,31,6,2171,1,12,8,3,8
2016460060690,1,9,0,18,0,1,1,0,1,10,1,1,6,1,18,4,1390,1,13,3,1,3
2016460060710,1,9,0,4,0,1,0,0,0,0,1,1,2,1,27,6,-1,-1,-1,8,3,8
2016460060710,2,9,0,18,0,6,0,0,0,0,4,1,6,2,30,6,1560,2,5,4,1,4
2016460060734,1,9,0,17,0,1,0,0,0,0,1,1,6,2,39,7,1796,1,11,8,2,8
2016460060734,2,9,0,16,0,1,0,0,0,0,1,1,6,2,33,6,1461,2,1,-1,-1,-1
2016460060785,1,9,0,18,0,0,2,0,1,10,4,1,6,1,49,8,1973,1,15,7,1,7
2016460060788,1,9,0,18,0,2,0,0,0,0,1,1,1,2,23,5,-1,-1,-1,7,1,7
2016460060788,2,9,0,4,0,2,0,0,0,0,2,1,1,2,40,7,1968,2,-1,8,2,8
2016460060799,1,9,0,18,0,0,0,0,0,0,4,1,6,3,-1,-1,-1,-1,-1,-1,-1,-1
2016460060808,1,9,0,18,0,0,0,10,1,0,1,1,2,1,33,6,1598,1,14,-1,-1,-1
2016460060916,1,9,0,15,0,1,0,0,0,0,1,1,1,1,51,8,1499,2,1,6,1,6
2016460060916,2,9,0,14,0,1,0,0,0,0,3,1,6,2,31,6,1229,1,12,1,1,1
2016460060939,1,19,0,18,0,0,0,0,0,0,0,1,6,1,-1,-1,-1,-1,-1,-1,-1,-1
2016460060939,2,5,0,18,0,0,1,0,0,0,2,1,2,1,46,8,583,1,27,7,3,7
2016460060950,1,9,0,18,0,0,0,0,0,0,4,1,6,1,47,8,1796,1,11,2,1,2
2016460060950,2,4,0,18,0,0,0,10,0,0,2,1,2,1,22,5,200,1,1,6,1,6
2016460060954,1,9,0,9,0,5,0,0,0,0,3,1,2,2,24,5,1910,2,9,8,2,8
2016460060954,2,9,0,18,0,8,0,0,0,0,3,1,2,2,61,9,1242,1,4,3,1,3
2016460060988,1,11,0,18,0,0,0,0,0,0,0,1,1,1,40,7,9000,2,6,2,1,2
2016460060990,1,5,0,18,0,1,0,0,0,0,1,1,6,1,32,6,998,1,9,2,1,2
2016460060998,1,9,0,11,2,0,0,0,0,0,0,1,6,1,-1,-1,2143,2,2,10,1,10
2016460060998,2,11,0,18,2,0,0,0,0,0,0,1,1,1,38,7,4500,2,7,3,1,3
2016460061079,1,9,0,18,0,1,0,0,0,0,1,1,6,1,-1,-1,-1,-1,-1,-1,-1,-1
2016460061079,2,9,0,8,0,1,0,0,0,0,2,1,2,2,28,6,2979,1,16,6,1,6
2016460061094,1,9,0,9,0,1,0,0,0,0,1,1,6,2,42,7,1388,1,6,6,1,6
2016460061094,2,2,0,15,0,1,1,7,0,0,4,1,2,1,16,4,49,1,3,4,1,4
2016460061097,1,9,0,9,0,1,0,0,0,0,4,1,2,1,35,6,1242,1,12,9,1,9
2016460061097,2,9,0,18,0,1,0,0,0,0,4,1,3,1,36,7,1598,2,3,5,1,5
2016460061127,1,9,0,18,0,0,0,0,0,0,1,1,6,1,83,11,1395,1,3,8,2,8
2016460061127,2,9,0,18,0,0,0,0,0,0,2,1,6,2,69,10,1797,8,6,-1,-1,-1
2016460061127,3,9,0,18,0,0,0,0,0,0,3,1,6,1,24,5,1598,2,6,10,1,10
2016460061136,1,11,0,18,0,0,0,0,0,0,0,1,1,1,45,7,5850,2,14,6,1,6
2016460061166,1,9,0,18,0,0,0,0,0,0,4,1,6,2,68,10,-1,-1,-1,-1,-1,-1
2016460061212,1,9,0,14,0,0,0,0,0,0,4,1,3,1,52,8,1197,1,3,8,1,8
2016460061221,1,9,0,9,0,8,0,0,0,0,0,1,6,1,24,5,1998,1,7,5,1,5
2016460061221,2,1,0,18,0,8,0,0,0,0,0,1,6,1,52,8,-1,-1,-1,9,2,9
2016460061254,1,9,0,6,0,1,0,0,0,0,4,1,6,2,-1,-1,1398,1,4,5,1,5
2016460061254,2,9,0,18,0,1,0,0,0,0,1,1,2,1,40,7,1598,1,13,5,1,5
2016460061306,1,9,0,18,0,0,0,0,0,0,1,1,6,1,-1,-1,1896,2,12,3,1,3
2016460061306,2,9,0,18,0,0,0,0,0,0,2,1,6,2,48,8,1499,1,-1,-1,-1,-1
2016460061319,1,9,0,18,0,1,0,0,0,0,1,1,6,2,-1,-1,1685,2,2,-1,-1,-1
2016460061319,2,9,0,3,0,1,0,0,0,0,2,1,6,1,26,6,998,1,14,3,1,3
2016460061319,3,9,0,10,0,5,0,0,0,0,2,1,6,2,52,8,1598,1,4,7,1,7
2016460061322,1,98,0,9,0,6,0,0,0,0,4,1,6,1,-1,-1,-1,-1,-1,-1,-1,-1
2016460061322,2,1,0,17,0,8,0,0,0,0,4,1,6,1,52,8,-1,-1,-1,1,1,1
2016460061324,1,19,0,18,0,8,0,0,0,0,1,1,6,1,37,7,1753,2,5,9,1,9
2016460061324,2,9,0,18,0,8,0,0,0,0,1,1,6,2,40,7,1108,1,15,-1,-1,-1
2016460061330,1,9,0,18,0,1,0,0,0,0,4,1,6,3,-1,-1,1199,1,14,-1,-1,-1
2016460061330,2,9,0,9,0,5,0,0,0,0,4,1,6,2,35,6,1769,1,11,6,1,6
2016460061385,1,9,0,18,0,1,0,0,0,0,1,1,1,1,39,7,1596,1,10,8,2,8
2016460061385,2,9,0,8,0,7,0,0,2,0,2,1,1,2,24,5,1197,1,1,4,3,4
2016460061442,1,21,0,5,0,4,0,0,0,0,1,2,6,3,-1,-1,-1,-1,-1,-1,-1,-1
2016460061442,2,9,0,5,0,4,0,0,0,0,2,1,6,1,35,6,1598,2,1,-1,3,-1
2016460061545,1,9,0,18,0,1,0,0,0,0,1,1,6,1,30,6,1388,1,12,7,1,7
2016460061545,2,9,0,18,0,1,0,0,0,0,2,1,6,2,45,7,1596,1,9,6,1,6
2016460061565,1,9,0,18,0,1,0,0,0,0,1,1,6,1,61,9,-1,-1,-1,6,1,6
2016460061565,2,9,0,18,0,1,0,0,0,0,1,1,6,2,47,8,2401,2,11,6,2,6
2016460061565,3,9,0,18,0,1,0,0,0,0,3,1,6,1,27,6,1797,1,24,3,1,3
2016460061597,1,19,0,18,0,8,0,0,0,0,1,1,6,1,62,9,1560,2,2,7,1,7
2016460061608,1,9,0,18,0,8,0,0,0,0,4,1,6,3,-1,-1,-1,-1,-1,-1,-1,-1
2016460061610,1,9,0,18,0,0,0,0,0,0,1,1,6,2,21,5,1198,1,5,4,1,4
2016460061610,2,9,0,2,0,0,0,0,0,0,2,1,6,2,21,5,1398,1,1,7,1,7
2016460061619,1,9,0,18,0,4,0,0,0,0,1,1,6,1,50,8,-1,-1,-1,-1,-1,-1
2016460061619,2,9,0,18,0,8,0,0,0,0,1,1,6,1,46,8,-1,-1,-1,-1,-1,-1
2016460061625,1,10,0,18,0,3,0,0,0,0,4,1,6,1,25,5,-1,-1,-1,-1,-1,-1
2016460061625,2,1,0,18,0,3,0,0,0,0,3,1,6,1,33,6,-1,-1,-1,6,1,6
2016460061633,1,97,0,18,0,0,0,0,0,0,0,1,6,1,21,5,-1,-1,-1,1,1,1
2016460061636,1,9,0,18,0,0,1,0,1,0,4,1,6,1,21,5,998,1,3,9,2,9
2016460061653,1,9,0,18,0,0,1,0,0,0,3,1,2,2,36,7,1399,2,8,9,1,9
2016460061662,1,9,0,1,9,1,0,0,0,0,2,1,6,1,37,7,2290,1,13,1,1,1
2016460061670,1,9,0,17,0,0,0,0,0,0,1,1,6,2,59,9,1586,1,8,8,3,8
2016460061670,2,9,0,16,0,0,0,0,0,0,1,1,6,1,21,5,1364,1,13,3,1,3
2016460061680,1,9,0,18,0,0,0,0,0,0,3,1,6,2,58,9,1591,1,4,6,3,6
2016460061680,2,21,0,18,0,0,0,0,0,0,3,1,1,1,34,6,12777,2,7,-1,-1,-1
2016460061734,1,9,0,3,0,0,0,0,0,0,0,1,6,2,-1,-1,1587,1,13,2,1,2
2016460061734,2,9,0,3,0,0,0,0,0,0,0,1,6,2,24,5,998,1,4,5,2,5
2016460061737,1,9,0,18,0,2,0,0,0,0,1,1,6,3,-1,-1,1242,1,19,-1,-1,-1
2016460061737,2,9,0,18,0,2,0,0,0,0,1,1,6,1,-1,-1,-1,-1,-1,-1,-1,-1
2016460061737,3,9,0,18,0,2,0,0,0,0,0,1,1,1,38,7,1560,2,3,8,1,8
2016460061757,1,19,0,17,0,0,0,0,0,0,3,1,2,1,35,6,2402,2,5,3,1,3
2016460061757,2,9,0,16,0,0,0,0,0,0,3,1,6,2,26,6,1461,2,1,7,2,7
2016460061768,1,9,0,9,0,5,0,11,1,0,1,1,6,2,26,6,998,1,13,6,1,6
2016460061768,2,9,0,18,0,8,0,0,0,0,1,1,6,1,47,8,1956,2,1,7,1,7
2016460061784,1,9,0,9,0,8,0,0,0,0,1,1,6,2,65,9,-1,-1,-1,7,1,7
2016460061784,2,9,0,18,0,1,0,0,0,0,4,1,6,2,36,7,1798,1,10,9,1,9
2016460061794,1,9,0,18,0,1,0,0,0,0,1,1,6,1,-1,-1,1590,1,13,-1,-1,-1
2016460061794,2,9,0,18,0,1,0,0,0,0,4,1,6,1,50,8,1598,1,5,7,2,7
2016460061795,1,9,0,13,0,0,0,0,0,0,1,1,6,1,72,10,1598,1,9,4,3,4
2016460061795,2,9,0,18,0,0,1,0,1,0,2,1,6,1,71,10,1799,1,18,1,1,1
2016460061795,3,9,0,4,0,0,0,0,0,0,1,1,6,2,26,6,-1,-1,-1,5,2,5
2016460061795,4,9,0,2,0,0,0,0,0,0,3,1,6,1,70,10,1685,2,2,-1,-1,-1
2016460061872,1,9,0,18,0,0,0,0,0,0,1,1,6,1,19,4,1598,1,13,3,1,3
2016460061872,2,9,0,2,0,0,0,0,0,0,1,1,6,2,37,7,1582,2,3,9,1,9
2016460061872,3,9,0,2,0,0,0,0,0,0,1,1,6,1,37,7,1998,2,1,-1,-1,-1
2016460061872,4,9,0,2,0,0,0,0,0,0,1,1,6,1,31,6,1999,1,11,9,1,9
2016460061872,5,9,0,18,0,0,0,0,0,0,0,1,1,1,37,7,1499,2,1,7,1,7
2016460061934,1,19,0,5,0,1,0,0,0,0,1,1,6,1,23,5,1968,2,1,-1,-1,-1
2016460061934,2,9,0,4,0,1,0,0,0,0,2,1,6,1,35,6,1198,1,14,1,1,1
2016460061942,1,9,0,9,0,5,0,0,0,0,4,1,6,1,58,9,-1,-1,-1,7,1,7
2016460061942,2,9,0,18,0,1,0,0,0,0,1,1,1,1,41,7,-1,-1,-1,8,1,8
2016460061942,3,9,0,8,0,1,0,0,0,0,1,1,6,2,62,9,1598,1,2,3,1,3
2016460061992,1,9,0,17,0,1,0,0,0,0,1,1,6,1,20,4,1043,1,23,3,1,3
2016460062014,1,19,0,3,0,1,0,0,0,0,1,1,1,1,56,9,1399,2,6,8,1,8
2016460062014,2,4,0,3,0,1,0,0,0,0,2,1,6,2,54,8,200,1,7,6,3,6
2016460062030,1,1,0,9,0,2,0,0,0,0,1,1,5,1,14,3,-1,-1,-1,6,2,6
2016460062030,2,9,0,18,0,1,0,0,0,0,3,1,2,1,75,10,1364,1,10,6,2,6
2016460062038,1,21,0,4,0,8,0,0,0,0,3,2,6,1,37,7,-1,-1,-1,-1,-1,-1
2016460062038,2,9,0,9,0,8,0,0,0,0,4,1,6,1,33,6,2597,1,14,4,1,4
2016460062041,1,19,0,18,0,0,0,0,0,0,1,1,1,1,26,6,1598,2,1,9,1,9
2016460062041,2,9,0,4,0,0,0,0,0,0,2,1,6,2,44,7,1995,2,2,9,1,9
2016460062069,1,9,0,18,0,3,1,9,1,0,1,1,6,2,35,6,1596,1,15,2,1,2
2016460062091,1,9,0,18,0,0,5,0,1,3,4,1,6,2,48,8,1598,1,9,3,1,3
2016460062104,1,1,0,18,0,8,0,0,0,0,1,1,6,1,35,6,-1,-1,-1,4,1,4
2016460062104,2,9,0,18,0,5,0,0,0,0,1,1,6,1,30,6,1896,2,11,-1,-1,-1
2016460062114,1,9,0,17,0,0,0,0,0,0,1,1,1,2,23,5,1360,1,10,4,3,4
2016460062114,2,9,0,16,0,0,0,0,0,0,1,1,6,1,22,5,1242,1,11,4,2,4
2016460062143,1,9,0,18,0,8,0,0,0,0,4,1,2,2,50,8,1984,1,-1,9,1,9
2016460062143,2,1,0,18,0,8,0,0,0,0,3,1,6,1,7,2,-1,-1,-1,9,1,9
2016460062157,1,9,0,18,0,0,5,0,0,0,1,1,6,2,48,8,1968,2,6,1,1,1
2016460062157,2,9,0,2,0,0,0,0,0,0,2,1,6,1,-1,-1,1198,1,2,5,3,5
2016460062206,1,9,0,18,0,0,0,0,0,0,1,1,6,1,26,6,1910,2,11,2,1,2
2016460062210,1,9,0,9,0,6,0,0,7,0,1,1,6,1,49,8,1124,1,14,5,3,5
2016460062210,2,9,0,18,0,6,0,0,0,0,3,1,6,1,38,7,1686,2,9,3,1,3
2016460062210,3,9,0,3,0,1,0,0,1,0,3,1,6,1,52,8,4163,1,9,6,3,6
2016460062242,1,3,0,18,0,1,0,0,0,0,1,1,6,1,34,6,-1,-1,-1,-1,-1,-1
2016460062242,2,9,0,7,0,6,0,0,0,0,4,1,1,2,50,8,3200,2,9,5,3,5
2016460062249,1,9,0,18,0,4,0,0,0,0,1,1,6,2,59,9,1390,1,6,7,3,7
2016460062249,2,9,0,9,0,3,0,0,0,0,4,1,6,1,61,9,998,1,7,10,1,10
2016460062262,1,9,0,18,0,4,0,0,0,0,1,1,2,1,45,7,1753,2,6,2,1,2
2016460062262,2,11,0,18,0,3,0,0,0,0,4,1,2,1,30,6,9000,2,8,4,1,4
2016460062272,1,9,0,16,0,1,0,0,7,0,3,1,6,2,62,9,1596,1,14,2,1,2
2016460062272,2,9,0,17,0,2,0,0,1,0,3,1,6,1,20,4,998,1,-1,7,1,7
2016460062386,1,9,0,9,0,1,0,0,0,0,0,1,6,2,40,7,2688,2,15,4,2,4
2016460062386,2,9,0,18,0,6,0,0,1,0,1,1,6,2,24,5,1686,2,3,8,3,8
2016460062422,1,9,0,18,0,0,0,0,1,0,1,1,6,1,26,6,1596,1,11,2,1,2
2016460062529,1,9,0,18,0,0,0,0,0,0,1,1,6,2,33,6,2488,2,10,6,3,6
2016460062529,2,9,0,3,0,0,0,0,0,0,2,1,6,1,58,9,1398,2,13,9,1,9
2016460062529,3,9,0,3,0,0,0,0,0,0,2,1,6,2,55,8,1998,1,1,6,3,6
2016460062555,1,9,0,9,0,6,0,0,0,0,1,1,6,1,55,8,-1,-1,-1,2,1,2
2016460062555,2,9,0,18,0,1,0,10,8,10,1,1,6,2,53,8,1390,1,11,8,1,8
2016460062577,1,9,0,18,0,0,1,0,5,0,1,1,6,1,51,8,2993,2,12,3,1,3
2016460062580,1,4,0,18,0,0,1,0,0,0,0,1,6,1,55,8,1700,1,12,6,1,6
2016460062587,1,9,0,18,0,0,0,0,0,0,0,1,5,3,-1,-1,-1,-1,-1,-1,-1,-1
2016460062587,2,1,0,18,0,0,0,4,0,0,1,1,5,1,61,9,-1,-1,-1,2,1,2
2016460062627,1,2,0,18,0,0,5,0,0,0,1,1,6,1,16,4,49,1,1,10,1,10
2016460062653,1,9,0,18,0,1,0,0,0,0,1,1,2,2,40,7,1753,2,15,2,1,2
2016460062653,2,9,0,4,0,1,0,0,0,0,2,1,6,1,45,7,1596,1,1,9,1,9
2016460062653,3,9,0,7,0,5,0,0,0,0,0,1,6,2,27,6,1399,2,10,2,3,2
2016460062656,1,9,0,8,0,0,0,0,0,0,1,1,2,2,-1,-1,1498,1,-1,6,1,6
2016460062656,2,1,0,18,0,0,0,0,0,0,2,1,2,1,51,8,-1,-1,-1,7,3,7
2016460062676,1,97,0,18,0,0,1,0,0,0,1,1,6,1,-1,-1,-1,-1,-1,-1,-1,-1
2016460062691,1,9,0,12,0,0,0,0,0,0,1,1,6,1,26,6,1390,1,9,9,1,9
2016460062691,2,9,0,18,0,0,0,0,0,0,2,1,6,1,56,9,1329,1,5,6,1,6
2016460062691,3,9,0,18,0,0,0,0,0,0,4,1,6,2,31,6,1598,1,6,6,2,6
2016460062694,1,9,0,9,0,1,0,0,1,0,1,1,6,2,77,11,1598,1,10,3,1,3
2016460062696,1,5,0,4,0,1,0,0,0,0,1,1,6,1,51,8,599,1,16,7,1,7
2016460062696,2,9,0,4,0,1,0,0,0,0,2,1,6,2,84,11,996,1,3,7,1,7
2016460062700,1,9,0,18,0,0,1,0,0,0,1,1,6,1,-1,-1,-1,-1,-1,-1,-1,-1
2016460062700,2,9,0,18,0,0,0,0,0,0,3,1,2,2,24,5,1242,1,7,7,3,7
2016460062729,1,9,0,18,0,1,0,7,0,0,3,1,6,1,77,11,1498,1,1,9,2,9
2016460062742,1,9,0,18,0,0,0,0,0,0,2,1,1,2,23,5,1198,1,2,9,3,9
2016460062742,2,21,0,18,0,0,0,0,0,0,1,1,2,1,31,6,6692,2,7,9,1,9
2016460062749,1,9,0,9,0,5,0,0,0,0,3,1,6,1,34,6,1198,1,2,6,1,6
2016460062749,2,3,0,18,0,1,0,0,1,0,1,1,4,1,17,4,124,1,10,8,1,8
2016460062749,3,9,0,2,0,2,0,0,0,0,2,1,6,1,66,10,-1,-1,-1,-1,-1,-1
2016460062756,1,9,0,18,0,3,0,0,0,0,1,1,6,2,81,11,1991,1,17,10,1,10
2016460062756,2,9,0,3,0,4,0,0,0,0,2,1,6,1,54,8,1329,1,1,8,3,8
2016460062778,1,9,0,7,0,6,0,0,0,0,1,1,6,2,-1,-1,-1,-1,-1,3,1,3
2016460062778,2,1,0,18,0,8,0,0,0,0,4,1,6,2,49,8,-1,-1,-1,5,1,5
2016460062869,1,11,0,5,0,0,0,0,0,0,1,1,1,1,42,7,4461,2,3,3,1,3
2016460062984,1,1,0,18,0,1,0,0,0,0,1,1,6,1,42,7,-1,-1,-1,9,1,9
2016460063010,1,11,0,18,3,1,0,0,0,0,1,1,1,1,55,8,7300,2,12,5,3,5
2016460063141,1,9,0,18,0,5,0,0,0,0,0,1,6,1,48,8,1598,1,6,3,1,3
2016460063168,1,3,0,13,0,8,0,0,0,0,1,1,6,1,19,4,-1,-1,-1,7,2,7
2016460063168,2,9,0,9,0,5,0,0,0,0,4,1,6,2,44,7,1199,1,13,5,3,5
2016460063169,1,19,0,18,0,4,0,0,0,0,1,1,6,1,35,6,1753,2,10,2,1,2
2016460063169,2,9,0,4,0,4,0,0,0,0,2,1,6,2,45,7,1199,1,12,8,3,8
2016460063169,3,9,0,4,0,4,0,0,0,0,2,1,6,1,35,6,1388,1,14,4,2,4
2016460063194,1,9,0,18,9,0,0,0,1,0,4,1,6,2,28,6,1595,2,6,5,1,5
2016460063208,1,9,0,9,0,6,0,0,0,0,1,1,6,2,30,6,1596,1,6,-1,-1,-1
2016460063208,2,9,0,18,0,1,0,0,0,0,4,1,6,1,25,5,1998,1,-1,5,3,5
2016460063243,1,9,0,9,0,5,0,0,0,0,4,1,2,1,28,6,1686,2,14,-1,-1,-1
2016460063243,2,9,0,18,0,1,0,0,0,0,1,1,6,2,21,5,1984,1,12,7,3,7
2016460063243,3,9,0,3,0,8,0,0,0,0,1,1,6,1,62,9,-1,-1,-1,-1,-1,-1
2016460063270,1,11,0,18,0,1,0,0,0,0,0,1,1,1,51,8,8268,2,12,5,1,5
2016460063327,1,9,0,18,0,0,0,0,0,0,1,1,6,1,44,7,1489,1,18,3,2,3
2016460063327,2,1,0,18,0,0,0,0,0,0,3,1,6,1,67,10,-1,-1,-1,9,1,9
2016460063333,1,9,0,9,0,5,0,0,0,0,3,1,2,1,51,8,1248,2,10,7,1,7
2016460063333,2,1,0,18,0,1,1,0,0,0,1,1,6,1,28,6,-1,-1,-1,4,1,4
2016460063447,1,9,0,18,0,1,0,0,0,0,1,1,6,1,43,7,1149,1,13,10,1,10