Accident_Index,Vehicle_Reference,Vehicle_Type,Towing_and_Articulation,Vehicle_Manoeuvre,Vehicle_Location-Restricted_Lane,Junction_Location,Skidding_and_Overturning,Hit_Object_in_Carriageway,Vehicle_Leaving_Carriageway,Hit_Object_off_Carriageway,1st_Point_of_Impact,Was_Vehicle_Left_Hand_Drive?,Journey_Purpose_of_Driver,Sex_of_Driver,Age_of_Driver,Age_Band_of_Driver,Engine_Capacity_(CC),Propulsion_Code,Age_of_Vehicle,Driver_IMD_Decile,Driver_Home_Area_Type,Vehicle_IMD_Decile
2016460063447,2,9,0,3,0,1,0,0,0,0,2,1,6,2,68,10,-1,-1,-1,10,1,10
2016460063488,1,9,0,18,0,0,0,0,0,0,1,1,6,2,37,7,-1,-1,-1,-1,-1,-1
2016460063488,2,1,0,18,0,0,0,0,0,0,3,1,6,2,43,7,-1,-1,-1,5,1,5
2016460063504,1,9,0,4,0,1,1,0,0,0,1,1,2,1,52,8,1198,1,1,6,3,6
2016460063600,1,9,0,18,0,0,0,0,0,0,1,1,6,2,87,11,1197,1,3,8,1,8
2016460063600,2,9,0,2,0,0,0,0,0,0,1,1,6,2,50,8,1497,8,3,10,1,10
2016460063600,3,9,0,2,0,0,0,0,0,0,1,1,6,1,66,10,1999,2,-1,7,1,7
2016460063754,1,9,0,17,0,0,0,0,0,0,1,1,6,1,22,5,1995,1,12,9,1,9
2016460063754,2,9,0,2,0,0,0,0,0,0,2,1,6,1,31,6,1149,1,14,5,2,5
2016460063763,1,9,0,4,0,1,0,0,0,0,1,1,3,1,19,4,999,1,1,10,1,10
2016460063765,1,9,0,15,0,1,0,0,0,0,4,1,6,2,68,10,1396,2,1,8,1,8
2016460063765,2,1,0,18,0,1,0,0,0,0,3,1,6,1,57,9,-1,-1,-1,3,1,3
2016460063770,1,9,0,18,0,0,0,0,0,0,1,1,6,2,49,8,1242,1,8,4,1,4
2016460063775,1,9,0,18,0,0,0,0,0,0,1,1,6,2,33,6,1995,1,6,3,1,3
2016460063775,2,9,0,18,0,0,0,0,0,0,2,1,6,1,31,6,1360,1,9,9,3,9
2016460063782,1,9,0,4,0,0,0,0,0,0,1,1,1,1,21,5,1242,1,10,6,3,6
2016460063782,2,9,0,4,0,0,0,0,0,0,2,1,1,2,59,9,1242,1,2,5,1,5
2016460063801,1,8,0,2,0,0,0,0,0,0,0,1,6,1,48,8,1997,2,12,10,1,10
2016460063809,1,9,0,18,0,8,1,0,0,0,1,1,6,3,-1,-1,-1,-1,-1,-1,-1,-1
2016460063809,2,8,0,10,0,1,0,0,0,0,1,1,1,1,32,6,1896,2,11,5,1,5
2016460063830,1,9,0,10,0,1,0,0,0,0,3,1,6,1,35,6,1798,1,9,1,1,1
2016460063830,2,9,0,18,0,1,0,0,0,0,1,1,3,2,32,6,1896,2,13,1,1,1
2016460063841,1,9,0,5,0,2,0,0,0,0,0,1,6,1,18,4,998,1,11,3,1,3
2016460063841,2,9,0,18,0,1,0,0,0,0,1,1,6,1,34,6,1390,1,18,7,1,7
2016460063844,1,3,0,18,0,0,0,0,0,0,4,1,5,1,47,8,125,1,8,6,1,6
2016460063844,2,9,0,18,0,0,0,0,0,0,1,1,5,2,53,8,1390,1,6,3,1,3
2016460063847,1,21,0,18,0,0,0,0,0,0,1,1,1,1,49,8,10518,2,8,1,1,1
2016460063847,2,9,0,18,0,0,0,0,0,0,2,1,6,1,46,8,1956,2,3,7,1,7
2016460063847,3,9,0,18,0,0,0,0,0,0,2,1,2,1,54,8,2143,2,1,4,1,4
2016460063847,4,9,0,18,0,0,0,0,0,0,2,1,2,1,24,5,-1,-1,-1,2,1,2
2016460063847,5,9,0,18,0,0,0,0,0,0,2,1,6,1,71,10,1388,1,7,4,2,4
2016460063879,1,9,0,18,0,0,1,0,0,0,1,1,5,1,23,5,1896,2,13,4,2,4
2016460063900,1,9,0,5,0,0,5,0,0,0,4,1,6,1,44,7,1997,2,15,5,1,5
2016460063900,2,9,0,18,0,0,0,0,0,0,1,1,6,2,30,6,1364,1,3,7,1,7
2016460063903,1,9,0,18,0,1,0,0,0,0,1,1,6,1,45,7,995,1,3,2,1,2
2016460063903,2,9,0,9,0,1,0,0,0,0,2,1,6,1,23,5,1149,1,13,2,1,2
2016460063911,1,9,0,18,0,1,0,0,0,0,1,1,6,1,26,6,1995,2,4,5,1,5
2016460063911,2,9,0,3,0,1,0,0,0,0,2,1,1,2,32,6,1242,1,2,8,2,8
2016460063911,3,9,0,3,0,1,0,0,0,0,2,1,6,2,25,5,2179,2,1,8,1,8
2016460063979,1,9,0,18,0,0,0,0,0,0,1,1,6,1,33,6,1896,2,17,3,1,3
2016460063979,2,9,0,18,0,0,0,0,1,10,2,1,6,2,29,6,1461,2,2,1,1,1
2016460063998,1,9,0,18,0,8,0,0,0,0,4,1,6,1,87,11,1798,8,4,8,1,8
2016460063998,2,9,0,2,0,8,0,0,0,0,3,1,6,2,30,6,1598,1,14,1,1,1
2016460064000,1,9,0,18,0,0,0,0,0,0,3,1,6,2,-1,-1,1198,1,13,-1,-1,-1
2016460064000,2,9,0,2,0,0,0,0,0,0,4,1,6,1,30,6,1796,1,9,9,1,9
2016460064000,3,9,0,18,0,0,0,0,0,0,1,1,6,2,24,5,1198,1,10,5,1,5
2016460064008,1,5,0,11,0,2,1,0,0,0,3,1,5,1,51,8,865,1,8,6,2,6
2016460064010,1,9,0,18,0,0,0,0,1,0,1,1,6,1,17,4,1229,1,11,8,2,8
2016460064014,1,9,0,4,0,0,0,0,0,0,1,1,6,2,20,4,1360,1,12,6,1,6
2016460064014,2,9,0,3,0,0,0,0,0,0,2,1,1,1,57,9,-1,-1,-1,6,1,6
2016460064021,1,9,0,18,0,0,1,0,2,11,3,1,6,1,31,6,-1,-1,-1,8,1,8
2016460064021,2,9,0,18,0,0,0,0,0,0,4,1,2,1,52,8,-1,-1,-1,4,2,4
2016460064024,1,9,0,7,0,5,0,0,0,0,1,1,6,2,25,5,1984,1,9,1,1,1
2016460064024,2,9,0,18,0,1,0,0,0,0,3,1,6,2,43,7,1242,1,3,7,3,7
2016460064030,1,5,0,13,0,0,0,0,0,0,3,1,6,1,48,8,-1,-1,-1,1,1,1
2016460064030,2,9,0,18,0,0,0,0,0,0,0,1,6,1,29,6,1896,2,13,9,1,9
2016460064040,1,9,0,18,0,4,0,0,0,0,3,1,6,1,42,7,1497,1,13,2,1,2
2016460064040,2,19,0,18,0,4,0,0,0,0,3,1,1,1,35,6,2198,2,3,3,1,3
2016460064050,1,2,0,18,0,0,0,0,1,0,1,1,1,1,65,9,49,1,6,6,3,6
2016460064063,1,9,0,18,0,1,0,0,0,0,1,1,6,1,27,6,1598,1,13,6,1,6
2016460064063,2,19,0,3,0,1,0,0,0,0,2,1,1,1,27,6,2143,2,2,2,1,2
2016460064090,1,9,0,18,0,0,0,0,0,0,1,1,6,2,25,5,1995,2,5,10,1,10
2016460064090,2,9,0,4,0,0,0,0,0,0,2,1,6,1,83,11,1390,1,13,6,1,6
2016460064099,1,9,0,3,0,4,0,0,0,0,1,1,6,1,-1,-1,-1,-1,-1,-1,-1,-1
2016460064099,2,9,0,3,0,4,0,0,0,0,2,1,6,2,31,6,3189,1,11,7,1,7
2016460064109,1,9,0,18,0,0,1,0,1,0,1,1,6,2,22,5,1598,1,10,6,3,6
2016460064109,2,9,0,18,0,0,0,0,1,0,1,1,6,2,54,8,-1,-1,-1,5,3,5
2016460064121,1,9,0,18,0,0,0,0,0,0,1,1,6,2,47,8,1586,1,9,2,1,2
2016460064150,1,9,0,12,0,2,0,0,0,0,3,1,6,1,26,6,-1,-1,-1,4,1,4
2016460064150,2,3,0,18,0,2,5,0,0,0,4,1,6,1,33,6,125,1,-1,-1,-1,-1
2016460064155,1,4,0,18,0,0,5,0,0,0,0,1,6,1,51,8,500,1,49,7,1,7
2016460064162,1,9,0,12,0,0,0,0,0,0,2,1,6,1,-1,-1,1596,1,10,1,1,1
2016460064162,2,5,0,18,0,0,0,0,0,0,3,1,6,1,29,6,865,1,10,4,1,4
2016460064167,1,9,0,4,0,0,0,0,0,0,1,1,6,1,26,6,-1,-1,-1,7,1,7
2016460064167,2,9,0,4,0,0,0,0,0,0,2,1,6,1,45,7,-1,-1,-1,8,3,8
2016460064167,3,9,0,4,0,0,0,0,0,0,2,1,6,1,55,8,1395,1,3,9,2,9
2016460064167,4,9,0,4,0,0,0,0,0,0,1,1,6,1,24,5,1769,1,12,3,1,3
2016460064186,1,21,1,3,0,8,0,0,0,0,1,1,1,1,30,6,9186,2,3,-1,-1,-1
2016460064186,2,9,0,3,0,8,0,0,0,0,2,1,1,1,26,6,998,1,3,-1,-1,-1
2016460064188,1,1,0,18,5,1,5,0,0,0,0,1,6,1,29,6,-1,-1,-1,4,1,4
2016460064212,1,9,0,17,0,0,0,0,1,4,1,1,6,1,42,7,1896,2,13,-1,-1,-1
2016460064214,1,5,0,18,0,0,0,0,0,0,1,1,6,1,25,5,498,1,18,-1,-1,-1
2016460064214,2,9,0,18,0,0,0,0,0,0,2,1,6,1,43,7,1597,2,2,5,1,5
2016460064240,1,19,0,18,0,0,5,0,1,0,4,1,2,1,51,8,1560,2,9,6,1,6
2016460064243,1,9,0,7,0,2,0,0,0,0,1,1,6,1,-1,-1,-1,-1,-1,10,1,10
2016460064243,2,1,0,7,0,2,0,0,0,0,2,1,6,1,15,3,-1,-1,-1,9,3,9
2016460064254,1,9,0,16,0,0,0,0,0,0,3,1,2,1,17,4,998,1,6,6,1,6
2016460064254,2,9,0,17,0,0,0,0,0,0,1,1,2,2,25,5,1390,1,5,5,3,5
2016460064275,1,21,0,18,0,0,0,0,0,0,1,1,1,1,53,8,12777,2,2,4,3,4
2016460064275,2,9,0,18,0,0,0,0,0,0,2,1,6,2,69,10,1229,1,10,10,1,10
2016460064275,3,21,0,18,0,0,0,0,0,0,2,1,1,1,43,7,6370,2,1,7,3,7
2016460064278,1,9,0,18,0,0,0,0,0,0,1,1,2,1,22,5,1242,1,10,6,1,6
2016460064278,2,9,0,18,0,0,0,0,0,0,2,1,6,1,37,7,-1,-1,-1,5,1,5
2016460064297,1,9,0,7,0,4,0,0,0,0,3,1,6,1,38,7,1984,1,10,3,1,3
2016460064297,2,9,0,18,0,8,0,0,0,0,4,1,6,1,27,6,2616,1,8,7,3,7
2016460064309,1,20,0,16,0,1,0,0,0,0,1,1,1,1,38,7,12740,2,4,5,3,5
2016460064309,2,19,0,3,0,1,0,0,0,0,2,1,1,1,48,8,2287,2,-1,5,2,5
2016460064309,3,9,0,10,0,1,0,0,1,0,2,1,6,1,32,6,1242,1,7,6,1,6
2016460064325,1,21,1,18,0,0,0,0,0,0,1,1,1,1,-1,-1,-1,-1,-1,-1,-1,-1
2016460064325,2,9,0,3,0,0,0,0,0,0,2,1,2,1,39,7,2494,1,12,7,1,7
2016460064333,1,9,0,18,0,0,0,0,0,0,1,1,6,2,72,10,1339,1,9,4,3,4
2016460064333,2,9,0,2,0,0,0,0,0,0,2,1,6,1,-1,-1,1596,1,9,6,1,6
2016460064345,1,9,0,7,0,1,0,0,0,0,1,1,2,2,44,7,998,1,2,-1,-1,-1
2016460064345,2,9,0,18,0,1,0,0,0,0,1,1,2,1,21,5,1598,1,6,7,1,7
2016460064364,1,9,0,18,0,0,0,0,0,0,0,1,2,3,-1,-1,-1,-1,-1,-1,-1,-1
2016460064364,2,9,0,18,0,0,0,0,1,0,1,1,6,2,52,8,1995,2,1,4,3,4
2016460064396,1,9,0,18,0,0,0,0,0,0,1,1,1,1,46,8,-1,-1,-1,-1,-1,-1
2016460064396,2,9,0,18,0,0,0,0,0,0,2,1,1,1,33,6,1997,1,3,-1,-1,-1
2016460064409,1,9,0,18,0,0,0,0,0,0,3,1,6,1,45,7,1896,2,10,4,2,4
2016460064409,2,9,0,18,0,0,0,0,0,0,3,1,6,1,61,9,4244,1,12,7,3,7
2016460064412,1,9,0,1,0,0,0,0,0,0,0,1,6,1,-1,-1,-1,-1,-1,-1,-1,-1
2016460064423,1,9,0,18,0,0,5,4,0,0,1,1,6,1,29,6,1390,1,11,10,1,10
2016460064423,2,9,0,2,0,0,0,0,1,0,2,1,6,2,-1,-1,996,1,7,9,1,9
2016460064455,1,9,0,18,0,0,2,10,7,0,1,1,6,1,17,4,1560,2,7,6,3,6
2016460064455,2,9,0,18,0,0,0,0,0,0,1,1,6,2,46,8,1596,1,14,9,2,9
2016460064517,1,9,0,16,0,0,0,0,1,11,1,1,6,1,29,6,2000,1,16,6,1,6
2016460064517,2,9,0,16,0,0,0,0,1,3,1,1,6,1,71,10,998,1,-1,-1,-1,-1
2016460064517,3,9,0,17,0,0,0,0,0,0,3,1,6,1,30,6,1598,1,7,8,2,8
2016460064518,1,1,0,18,0,0,0,11,0,0,1,1,6,1,60,9,-1,-1,-1,9,3,9
2016460064527,1,19,0,4,0,1,0,0,0,0,1,1,1,1,34,6,2143,2,2,-1,-1,-1
2016460064527,2,9,0,10,0,1,0,0,0,0,2,1,1,1,39,7,1956,2,1,6,1,6
2016460064544,1,9,0,7,0,3,0,0,0,0,4,1,6,1,43,7,2793,1,18,2,1,2
2016460064544,2,9,0,9,0,8,0,0,0,0,3,1,6,1,25,5,998,1,2,8,1,8
2016460064551,1,3,0,18,0,1,0,0,0,0,1,1,6,1,27,6,124,1,1,5,1,5
2016460064551,2,9,0,3,0,1,0,0,0,0,2,1,6,2,34,6,1388,1,14,-1,-1,-1
2016460064585,1,9,0,9,0,8,0,0,0,0,1,1,6,1,18,4,1198,1,9,5,2,5
2016460064585,2,9,0,18,0,8,0,0,0,0,1,1,6,1,26,6,1560,2,7,6,1,6
2016460064631,1,9,0,6,0,2,0,0,0,0,4,1,2,1,31,6,1796,1,14,1,1,1
2016460064631,2,4,0,18,0,1,1,0,0,0,3,1,6,1,31,6,600,1,11,7,1,7
2016460064649,1,20,1,12,0,7,0,0,0,0,3,2,1,1,46,8,-1,-1,-1,-1,-1,-1
2016460064649,2,9,0,18,0,8,1,0,2,0,4,1,6,1,50,8,1229,1,4,9,2,9
2016460064681,1,5,0,18,0,0,0,0,0,0,1,1,6,1,52,8,749,1,15,3,1,3
2016460064681,2,9,0,3,0,0,0,0,0,0,2,1,1,1,23,5,1998,1,11,9,2,9
2016460064685,1,9,0,9,0,5,0,0,0,0,4,1,6,1,24,5,-1,-1,-1,5,1,5
2016460064685,2,9,0,18,0,1,0,0,0,0,1,1,1,1,-1,-1,-1,-1,-1,-1,-1,-1
2016460064700,1,1,0,18,0,1,0,0,0,0,1,1,1,1,32,6,-1,-1,-1,4,1,4
2016460064700,2,9,0,7,0,8,0,0,0,0,4,1,6,1,47,8,1598,1,2,6,1,6
2016460064704,1,2,0,18,0,0,0,0,0,0,1,1,6,1,16,4,49,1,1,10,1,10
2016460064704,2,9,0,3,0,0,0,0,0,0,2,1,1,2,27,6,1560,2,6,9,1,9
2016460064709,1,9,0,16,0,1,0,0,0,0,4,1,6,2,44,7,-1,-1,-1,-1,-1,-1
2016460064716,1,9,0,18,0,8,0,0,0,0,4,1,6,1,27,6,1997,2,7,5,2,5
2016460064716,2,9,0,18,0,8,0,0,0,0,4,1,6,1,43,7,1560,2,11,5,2,5
2016460064718,1,9,0,9,0,5,0,0,0,0,1,1,6,1,30,6,998,1,1,5,1,5
2016460064730,1,90,0,16,0,0,2,0,0,0,1,1,6,1,-1,-1,-1,-1,-1,-1,-1,-1
2016460064730,2,9,0,17,0,0,0,0,0,0,1,1,6,1,55,8,2179,2,2,3,1,3
2016460064754,1,9,0,18,0,1,0,0,0,0,1,1,6,3,-1,-1,-1,-1,-1,-1,-1,-1
2016460064754,2,11,0,3,0,1,0,0,0,0,2,1,6,1,42,7,-1,-1,-1,-1,-1,-1
2016460064813,1,19,0,18,0,0,0,0,0,0,1,1,6,1,59,9,2287,2,2,3,3,3
2016460064813,2,3,0,13,0,0,0,0,0,0,1,1,6,1,17,4,124,1,-1,1,1,1
2016460064984,1,9,0,18,0,1,1,0,0,0,1,1,6,1,23,5,1390,1,14,1,1,1
2016460064984,2,9,0,3,0,1,0,0,0,0,2,1,6,2,22,5,1596,1,10,10,1,10
2016460065015,1,9,0,18,0,0,0,0,0,0,1,1,2,2,51,8,1587,1,12,2,1,2
2016460065015,2,9,0,3,0,0,0,0,0,0,2,1,6,2,34,6,1390,1,6,7,1,7
2016460065074,1,4,0,18,0,1,0,0,0,0,0,1,6,1,66,10,865,1,3,2,1,2
2016460065083,1,9,0,9,0,1,0,0,0,0,1,1,5,1,27,6,998,1,1,2,1,2
2016460065090,1,9,0,18,0,0,0,0,0,0,4,1,6,1,20,4,1753,2,8,3,1,3
2016460065090,2,9,0,18,0,0,0,0,0,0,3,1,6,2,58,9,2184,2,7,6,3,6
2016460065138,1,3,0,4,0,1,0,0,0,0,1,1,6,1,18,4,124,1,4,3,1,3
2016460065138,2,9,0,9,0,1,0,0,0,0,2,1,6,2,45,7,-1,-1,-1,4,1,4
2016460065247,1,9,0,9,0,6,0,0,0,0,3,1,6,1,-1,-1,1796,1,16,-1,-1,-1
2016460065247,2,1,0,18,0,1,2,0,0,0,1,1,6,1,54,8,-1,-1,-1,1,1,1
2016460065262,1,9,0,3,0,4,0,0,0,0,1,1,6,1,64,9,1995,1,15,5,1,5
2016460065262,2,9,0,3,0,4,0,0,0,0,2,1,6,2,40,7,996,1,5,4,1,4
2016460065276,1,9,0,18,0,0,0,0,5,6,3,1,6,2,25,5,1229,1,5,-1,-1,-1
2016460065310,1,9,0,18,0,8,0,0,1,2,1,1,6,1,59,9,118,1,12,1,1,1
2016460065349,1,9,0,18,0,6,0,0,0,0,0,1,6,1,46,8,1298,1,15,6,1,6
2016460065349,2,4,0,18,0,8,0,0,0,0,0,1,6,1,60,9,395,1,4,6,1,6
2016460065353,1,11,0,4,0,4,0,0,0,0,1,1,2,1,47,8,6700,2,5,3,1,3
2016460065353,2,9,0,4,0,4,0,0,0,0,2,1,1,1,70,10,1339,1,6,5,1,5
2016460065361,1,9,0,17,0,0,0,0,0,0,3,1,6,1,46,8,1998,1,13,6,1,6
2016460065361,2,1,0,16,0,0,0,0,0,0,1,1,6,1,11,3,-1,-1,-1,6,1,6
2016460065364,1,9,0,18,0,0,0,0,0,0,1,1,6,3,-1,-1,-1,-1,-1,-1,-1,-1
2016460065382,1,11,0,5,0,2,0,0,0,0,0,1,1,1,42,7,-1,-1,-1,-1,-1,-1
2016460065404,1,9,0,9,0,6,0,0,0,0,1,1,6,2,18,4,1598,1,10,7,1,7
2016460065404,2,5,0,17,0,8,0,0,0,0,1,1,6,1,32,6,649,1,2,5,2,5
2016460065406,1,4,0,13,0,8,0,0,0,0,1,1,6,1,21,5,124,1,1,6,1,6
2016460065406,2,9,0,9,0,5,0,0,0,0,3,1,1,1,30,6,1999,1,10,1,1,1
2016460065435,1,9,0,18,0,0,0,0,0,0,1,1,6,2,43,7,1896,2,11,9,1,9
2016460065435,2,9,0,3,0,0,0,0,0,0,2,1,6,1,42,7,1360,1,17,7,1,7
2016460065435,3,9,0,3,0,0,0,0,0,0,2,1,1,1,35,6,1969,2,1,9,1,9
2016460065443,1,5,0,16,0,3,1,0,0,0,1,1,6,1,48,8,1340,1,4,10,1,10
2016460065443,2,9,0,18,0,1,0,0,0,0,3,1,6,1,51,8,2979,1,2,10,1,10
2016460065443,3,5,0,18,0,1,0,0,0,0,1,1,6,1,50,8,999,1,5,9,1,9
2016460065448,1,9,0,6,0,0,0,0,0,0,3,1,5,1,22,5,1248,2,10,1,1,1
2016460065448,2,3,0,18,0,0,0,0,0,0,1,1,2,1,27,6,124,1,1,3,1,3
2016460065463,1,9,0,18,0,0,0,0,0,0,1,1,6,2,54,8,1871,2,12,3,1,3
2016460065463,2,9,0,3,0,0,0,0,0,0,2,1,6,2,23,5,2143,2,1,5,3,5
2016460065474,1,20,0,18,0,0,0,0,0,0,1,1,6,1,45,7,2488,2,4,5,1,5
2016460065474,2,9,0,18,0,0,0,0,0,0,1,1,2,1,21,5,1598,1,8,9,2,9
2016460065475,1,5,0,13,0,1,0,0,0,0,0,1,6,1,57,9,747,1,17,8,2,8
2016460065475,2,19,0,9,0,5,0,0,0,0,0,1,6,3,-1,-1,-1,-1,-1,-1,-1,-1
2016460065479,1,98,0,7,9,5,0,0,1,0,4,1,6,3,-1,-1,-1,-1,-1,-1,-1,-1
2016460065482,1,9,0,18,0,0,0,0,1,0,1,1,1,2,32,6,1598,1,12,3,1,3
2016460065491,1,9,0,18,0,1,0,0,0,0,1,1,6,1,32,6,1997,2,12,7,3,7
2016460065491,2,9,0,4,0,1,0,0,0,0,2,1,6,1,59,9,-1,-1,-1,6,3,6
2016460065499,1,9,0,5,0,6,0,0,0,0,1,1,6,2,60,9,1461,2,2,6,1,6
2016460065499,2,1,0,18,0,8,0,0,0,0,3,1,6,2,19,4,-1,-1,-1,10,1,10
2016460065502,1,9,0,1,0,0,0,4,0,0,2,1,1,2,33,6,973,1,13,3,1,3
2016460065502,2,9,0,2,0,0,0,0,0,0,1,1,5,1,77,11,1596,1,15,3,1,3
2016460065507,1,9,0,18,0,4,0,0,0,0,1,1,6,2,26,6,1497,1,13,2,1,2
2016460065507,2,9,0,18,0,4,0,0,3,0,2,1,6,2,38,7,1596,1,9,3,1,3
2016460065515,1,9,0,18,0,1,0,0,0,0,1,1,6,1,37,7,2987,2,10,4,1,4
2016460065515,2,9,0,4,0,1,0,0,0,0,2,1,6,1,56,9,1997,2,4,10,1,10
2016460065515,3,9,0,4,0,1,0,0,0,0,2,1,6,2,28,6,1386,1,7,-1,-1,-1
2016460065521,1,9,0,18,0,0,0,0,0,0,0,1,6,3,-1,-1,-1,-1,-1,-1,-1,-1
2016460065521,2,9,0,18,0,0,1,0,2,2,1,1,6,2,22,5,1229,1,7,7,1,7
2016460065531,1,19,0,18,0,1,0,0,0,0,1,1,6,1,35,6,1998,2,14,-1,-1,-1
2016460065531,2,9,0,5,0,1,0,0,0,0,2,1,1,1,43,7,1598,1,4,3,1,3
2016460065532,1,9,0,5,0,6,0,0,0,0,1,1,6,1,47,8,2979,1,13,2,1,2
2016460065532,2,5,0,18,0,8,2,0,0,0,2,1,6,1,74,10,999,1,1,9,1,9
2016460065552,1,9,0,13,0,0,0,0,0,0,4,1,6,1,62,9,1498,1,7,4,1,4
2016460065552,2,1,0,18,0,0,0,0,0,0,3,1,1,1,33,6,-1,-1,-1,1,1,1
2016460065559,1,9,0,18,0,0,0,0,0,0,1,1,6,1,36,7,-1,-1,-1,3,1,3
2016460065559,2,9,0,18,0,0,0,0,0,0,2,1,6,2,47,8,1598,1,15,3,1,3
2016460065560,1,5,0,18,0,8,1,0,0,0,1,1,6,1,51,8,998,1,5,6,1,6
2016460065560,2,9,0,7,0,6,0,0,0,0,1,1,1,1,54,8,-1,-1,-1,6,3,6
2016460065560,3,9,0,18,0,1,0,1,0,0,1,1,6,2,20,4,1200,1,1,5,1,5
2016460065572,1,3,0,4,0,6,0,0,0,0,1,1,6,1,17,4,124,1,7,10,1,10
2016460065572,2,9,0,18,0,1,0,0,0,0,4,1,6,2,37,7,1968,2,7,7,3,7
2016460065576,1,9,0,7,0,6,0,0,7,11,1,1,6,1,87,11,1598,1,13,4,1,4
2016460065583,1,9,0,18,0,1,0,0,0,0,2,1,6,1,45,7,1798,1,13,1,1,1
2016460065583,2,1,0,18,0,1,1,0,0,0,1,1,6,1,52,8,-1,-1,-1,1,1,1
2016460065584,1,9,0,18,0,1,0,0,0,0,1,1,2,2,26,6,1798,1,6,6,1,6
2016460065584,2,9,0,3,0,1,0,0,0,0,2,1,2,1,30,6,1388,1,12,8,1,8
2016460065594,1,9,0,18,0,1,0,0,0,0,1,1,6,1,-1,-1,-1,-1,-1,-1,-1,-1
2016460065594,2,9,0,3,0,1,0,0,0,0,2,1,6,2,23,5,1398,2,10,6,1,6
2016460065629,1,9,0,5,0,6,0,0,0,0,3,1,2,2,36,7,1499,1,-1,9,3,9
2016460065629,2,3,0,18,0,8,0,0,0,0,1,1,2,1,19,4,124,1,4,4,1,4
2016460065633,1,9,0,18,0,4,0,0,0,0,1,1,2,2,19,4,1296,1,9,3,1,3
2016460065633,2,3,0,18,0,3,0,0,0,0,4,1,1,1,24,5,125,1,6,1,1,1
2016460065640,1,9,0,18,0,1,0,0,0,0,1,1,6,1,21,5,1560,2,2,4,1,4
2016460065654,1,5,0,7,0,3,0,0,0,0,3,1,1,1,29,6,-1,-1,-1,4,1,4
2016460065655,1,9,0,18,0,8,0,0,0,0,1,1,6,1,52,8,1396,1,13,6,1,6
2016460065655,2,9,0,18,0,8,0,0,0,0,2,1,6,2,48,8,-1,-1,-1,8,1,8
2016460065655,3,9,0,18,0,8,0,0,0,0,2,1,6,2,28,6,1108,1,8,2,1,2
2016460065670,1,9,0,18,0,1,0,0,0,0,1,1,6,1,37,7,1997,2,-1,7,1,7
2016460065670,2,9,0,18,0,1,0,0,0,0,1,1,6,1,49,8,1422,2,14,2,1,2
2016460065670,3,9,0,18,0,1,0,0,0,0,2,1,6,1,57,9,1995,2,6,3,1,3
2016460065676,1,9,0,6,0,8,0,0,0,0,3,1,6,2,25,5,1587,1,15,10,1,10
2016460065676,2,9,0,6,0,1,0,0,0,0,1,1,6,1,40,7,2231,2,9,4,3,4
2016460065702,1,9,0,1,0,6,0,0,0,0,2,1,6,1,37,7,1197,1,5,7,1,7
2016460065702,2,9,0,18,0,1,0,0,0,0,3,1,6,2,49,8,1360,1,15,6,1,6
2016460065712,1,9,0,18,0,4,0,0,0,0,3,1,5,1,35,6,1968,2,2,7,1,7
2016460065712,2,11,0,9,0,3,0,0,0,0,1,1,1,1,46,8,-1,2,15,6,1,6
2016460065713,1,9,0,18,0,0,0,0,0,0,1,1,6,2,38,7,2993,2,6,8,1,8
2016460065713,2,9,0,6,0,0,0,0,0,0,4,1,6,2,28,6,1596,1,10,4,1,4
2016460065715,1,9,0,18,0,1,0,0,0,0,1,1,6,3,-1,-1,-1,-1,-1,-1,-1,-1
2016460065715,2,9,0,3,0,1,0,0,0,0,2,1,2,2,27,6,1242,1,8,2,1,2
2016460065723,1,9,0,9,0,6,0,0,0,0,3,1,2,2,20,4,998,1,1,3,1,3
2016460065723,2,9,0,18,0,1,0,0,0,0,1,1,6,2,30,6,1995,2,10,5,1,5
2016460065735,1,3,0,4,0,1,1,0,0,0,1,1,1,2,17,4,-1,-1,-1,4,2,4
2016460065735,2,9,0,4,0,1,0,0,0,0,2,1,1,1,60,9,1596,1,9,6,1,6
2016460065737,1,9,0,1,0,8,0,0,0,0,2,1,1,1,48,8,3222,2,13,2,1,2
2016460065737,2,9,0,18,0,8,0,0,0,0,1,1,1,1,20,4,1396,1,11,3,1,3
2016460065752,1,9,0,18,0,0,0,0,5,6,3,1,6,2,25,5,1497,1,14,5,1,5
2016460065759,1,9,0,18,0,0,0,0,0,0,1,1,2,2,24,5,1398,1,-1,9,1,9
2016460065759,2,9,0,18,0,0,0,0,0,0,2,1,2,1,44,7,1598,2,1,6,2,6
2016460065759,3,9,0,18,0,0,0,0,0,0,2,1,6,1,28,6,1799,1,10,7,1,7
2016460065759,4,9,0,18,0,0,0,0,0,0,2,1,1,1,20,4,1198,1,3,7,3,7
2016460065762,1,9,0,18,0,1,0,0,0,0,3,1,1,2,36,7,999,1,2,4,1,4
2016460065762,2,9,0,18,0,2,0,0,0,0,3,1,1,1,67,10,1497,8,8,3,1,3
2016460065769,1,9,0,18,0,0,0,0,0,0,1,1,6,1,21,5,1199,1,13,4,1,4