Accident_Index,Vehicle_Reference,Vehicle_Type,Towing_and_Articulation,Vehicle_Manoeuvre,Vehicle_Location-Restricted_Lane,Junction_Location,Skidding_and_Overturning,Hit_Object_in_Carriageway,Vehicle_Leaving_Carriageway,Hit_Object_off_Carriageway,1st_Point_of_Impact,Was_Vehicle_Left_Hand_Drive?,Journey_Purpose_of_Driver,Sex_of_Driver,Age_of_Driver,Age_Band_of_Driver,Engine_Capacity_(CC),Propulsion_Code,Age_of_Vehicle,Driver_IMD_Decile,Driver_Home_Area_Type,Vehicle_IMD_Decile
2016460065769,2,9,0,18,0,0,0,0,0,0,3,1,6,1,49,8,1560,2,10,3,1,3
2016460065775,1,9,0,18,0,0,0,0,0,0,1,1,1,1,39,7,1984,2,9,4,1,4
2016460065775,2,9,0,3,0,0,0,0,0,0,2,1,6,1,32,6,1598,1,3,1,1,1
2016460065775,3,9,0,3,0,0,0,0,0,0,2,1,1,2,38,7,1871,2,14,4,1,4
2016460065784,1,9,0,11,0,0,0,0,0,0,4,1,6,2,24,5,1997,2,13,2,1,2
2016460065784,2,21,0,18,0,0,0,0,0,0,3,1,6,1,-1,-1,-1,-1,-1,-1,-1,-1
2016460065791,1,9,0,9,0,6,0,0,0,0,3,1,3,2,31,6,1598,1,5,2,1,2
2016460065791,2,11,0,18,0,1,0,0,0,0,3,1,1,1,29,6,6696,2,1,8,1,8
2016460065793,1,9,0,4,0,0,0,0,0,0,1,1,1,2,41,7,2494,2,3,2,1,2
2016460065793,2,8,0,18,0,0,0,0,0,0,1,1,2,1,31,6,1560,2,3,-1,-1,-1
2016460065794,1,21,0,18,0,0,0,0,0,0,2,1,1,1,33,6,6871,2,12,1,1,1
2016460065794,2,9,0,18,0,0,0,0,0,0,1,1,6,2,51,8,1388,1,13,9,1,9
2016460065794,3,9,0,18,0,0,0,0,0,0,1,1,6,1,32,6,-1,-1,-1,8,1,8
2016460065796,1,9,0,5,0,2,0,0,0,0,1,1,6,1,46,8,1598,2,3,5,1,5
2016460065800,1,9,0,5,0,1,1,0,1,10,3,1,3,2,35,6,1598,1,12,2,1,2
2016460065800,2,9,0,18,0,1,0,0,0,0,1,1,6,2,20,4,998,1,2,8,1,8
2016460065802,1,9,0,18,0,1,0,0,0,0,1,1,6,1,34,6,2268,2,2,10,3,10
2016460065802,2,9,0,3,0,1,0,0,0,0,2,1,6,2,29,6,1968,2,3,5,3,5
2016460065807,1,9,0,18,0,1,0,0,0,0,3,1,6,1,-1,-1,1996,1,15,-1,-1,-1
2016460065807,2,9,0,18,0,1,0,0,0,0,1,1,1,2,21,5,1598,1,7,3,1,3
2016460065816,1,9,0,18,0,0,0,0,0,0,1,1,6,3,-1,-1,-1,-1,-1,-1,-1,-1
2016460065827,1,9,0,18,0,4,0,0,0,0,3,1,6,1,21,5,1596,1,13,4,1,4
2016460065827,2,9,0,9,0,8,0,0,0,0,1,1,6,2,62,9,1582,2,9,6,1,6
2016460065836,1,9,0,9,0,6,0,0,0,0,0,1,6,2,34,6,1968,2,12,9,1,9
2016460065836,2,3,0,4,0,1,1,0,0,0,0,1,2,2,37,7,125,1,4,3,1,3
2016460065875,1,9,0,18,0,4,0,0,0,0,0,1,6,2,-1,-1,-1,-1,-1,-1,-1,-1
2016460065875,2,4,0,18,0,8,1,10,7,0,0,1,6,1,25,5,675,1,9,3,1,3
2016460065908,1,9,0,18,0,0,0,0,0,0,4,1,2,1,25,5,1360,1,6,8,1,8
2016460065908,2,1,0,18,0,0,0,0,0,0,3,1,6,1,23,5,-1,-1,-1,6,1,6
2016460065921,1,9,0,18,0,8,0,0,0,0,3,1,6,1,-1,-1,1686,2,3,4,1,4
2016460065921,2,9,0,18,0,8,0,0,0,0,3,1,6,1,31,6,1124,1,6,6,1,6
2016460065922,1,3,0,13,0,1,0,0,0,0,1,1,6,1,25,5,124,1,8,2,1,2
2016460065922,2,19,0,9,0,1,0,0,0,0,3,1,1,1,34,6,1968,2,4,7,1,7
2016460065929,1,9,0,9,0,6,0,0,0,0,0,1,6,3,-1,-1,998,1,9,-1,-1,-1
2016460065929,2,1,0,18,0,1,0,0,0,0,0,1,6,1,15,3,-1,-1,-1,1,1,1
2016460065932,1,1,0,18,9,1,0,0,0,0,1,1,6,1,12,3,-1,-1,-1,3,1,3
2016460065932,2,9,0,9,9,5,0,0,0,0,4,1,6,2,60,9,1686,2,3,8,1,8
2016460065940,1,9,0,4,0,0,1,0,0,0,1,1,2,1,36,7,1868,2,14,3,1,3
2016460065940,2,9,0,3,0,0,0,0,0,0,2,1,1,1,31,6,-1,-1,-1,3,1,3
2016460065955,1,9,0,18,0,1,0,0,0,0,1,1,6,1,37,7,-1,-1,-1,9,1,9
2016460065955,2,9,0,3,0,1,0,0,0,0,2,1,1,2,20,4,1360,1,15,6,1,6
2016460065964,1,9,0,18,0,6,0,0,3,11,1,1,6,2,28,6,1870,2,10,4,3,4
2016460065964,2,9,0,18,0,8,0,0,0,0,4,1,6,2,34,6,1360,1,6,4,2,4
2016460065970,1,21,0,12,0,1,0,0,0,0,3,1,1,1,27,6,-1,-1,-1,-1,-1,-1
2016460065970,2,9,0,18,0,1,0,0,0,0,4,1,2,2,32,6,1998,2,12,4,3,4
2016460065986,1,9,0,18,0,0,0,0,0,0,1,1,1,1,42,7,1332,1,19,2,1,2
2016460065986,2,9,0,18,0,0,1,0,0,0,2,1,1,1,29,6,-1,-1,-1,-1,-1,-1
2016460065992,1,5,0,9,0,5,0,0,0,0,1,1,6,1,35,6,645,1,11,4,1,4
2016460065992,2,9,0,18,0,8,0,0,0,0,3,1,6,1,40,7,1598,1,14,6,1,6
2016460065992,3,9,0,4,0,1,0,0,0,0,1,1,6,2,48,8,2993,2,10,8,1,8
2016460066001,1,9,0,18,0,2,0,0,0,0,3,1,3,2,34,6,1339,1,11,5,1,5
2016460066016,1,9,0,9,0,5,0,0,0,0,1,1,6,1,24,5,-1,-1,-1,1,1,1
2016460066016,2,9,0,18,0,1,0,0,0,0,4,1,6,1,24,5,1596,1,12,1,1,1
2016460066047,1,19,0,11,0,0,0,0,2,0,4,1,1,1,42,7,2198,2,5,3,1,3
2016460066048,1,9,0,5,0,8,0,0,0,0,4,1,6,1,30,6,1198,1,12,1,1,1
2016460066048,2,9,0,18,0,1,0,0,0,0,1,1,6,1,43,7,1896,2,10,2,1,2
2016460066052,1,5,0,13,0,0,0,0,0,0,1,1,2,1,31,6,800,1,1,3,1,3
2016460066052,2,9,0,9,0,0,0,0,0,0,3,1,6,1,26,6,2993,2,13,1,1,1
2016460066053,1,9,0,9,0,1,0,0,1,0,1,1,6,3,-1,-1,-1,-1,-1,-1,-1,-1
2016460066053,2,9,0,5,0,4,0,0,0,0,2,1,6,2,47,8,-1,-1,-1,9,1,9
2016460066078,1,9,0,4,0,0,0,0,0,0,1,1,6,1,60,9,3311,8,11,5,1,5
2016460066078,2,9,0,4,0,0,0,0,0,0,2,1,6,1,27,6,1968,2,1,3,1,3
2016460066078,3,9,0,4,0,0,0,0,0,0,2,1,6,1,30,6,2204,2,9,4,1,4
2016460066078,4,9,0,4,0,0,0,0,0,0,2,1,6,2,33,6,1995,1,6,7,1,7
2016460066088,1,9,0,1,0,8,0,0,0,0,0,1,2,1,32,6,3199,1,17,4,2,4
2016460066089,1,9,0,4,0,0,1,0,0,0,1,1,6,1,27,6,1598,1,13,5,1,5
2016460066089,2,9,0,4,0,0,0,0,0,0,2,1,6,1,41,7,2993,2,3,-1,-1,-1
2016460066089,3,9,0,4,0,0,0,0,0,0,2,1,6,1,28,6,1598,1,8,9,1,9
2016460066094,1,9,0,18,0,1,0,0,0,0,1,1,6,2,28,6,1360,1,14,-1,-1,-1
2016460066094,2,9,0,4,0,1,0,0,0,0,2,1,6,2,35,6,1560,2,2,5,2,5
2016460066130,1,9,0,18,0,2,0,0,0,0,1,1,6,1,-1,-1,1997,2,8,-1,-1,-1
2016460066130,2,9,0,3,0,2,0,0,0,0,2,1,6,1,-1,-1,1124,1,18,3,1,3
2016460066130,3,9,0,3,0,2,0,0,0,0,2,1,6,1,19,4,1229,1,3,4,1,4
2016460066134,1,9,0,9,0,5,0,0,0,0,3,1,6,1,-1,-1,1995,2,10,7,3,7
2016460066151,1,9,0,18,0,6,0,0,0,0,1,1,6,1,37,7,1598,1,13,3,1,3
2016460066151,2,9,0,18,0,8,0,0,0,0,2,1,6,1,20,4,998,1,10,3,1,3
2016460066151,3,9,0,2,9,2,0,0,0,0,2,1,6,1,19,4,973,1,14,2,1,2
2016460066152,1,19,0,16,0,0,0,0,0,0,0,1,1,1,37,7,1753,2,4,-1,-1,-1
2016460066152,2,3,0,16,0,0,0,10,0,0,0,1,6,1,20,4,125,1,3,10,2,10
2016460066165,1,9,0,18,0,8,0,0,0,0,3,1,1,1,42,7,-1,-1,-1,6,3,6
2016460066165,2,9,0,18,0,8,0,0,0,0,1,1,6,1,52,8,1900,2,15,1,1,1
2016460066178,1,9,0,18,0,1,0,0,0,0,1,1,6,2,50,8,1995,2,4,9,2,9
2016460066178,2,9,0,18,0,1,0,0,0,0,2,1,6,1,68,10,1242,1,20,7,1,7
2016460066186,1,9,0,18,0,8,0,0,0,0,1,1,6,1,48,8,1598,1,13,3,1,3
2016460066186,2,5,0,18,0,8,0,0,0,0,3,1,6,1,21,5,645,1,10,1,1,1
2016460066200,1,5,0,16,0,0,0,0,0,0,1,1,1,1,34,6,-1,-1,-1,7,3,7
2016460066200,2,9,0,18,0,0,0,0,0,0,2,1,1,1,62,9,1299,1,8,6,3,6
2016460066203,1,9,0,18,0,1,0,0,0,0,1,1,2,1,38,7,1834,1,14,3,1,3
2016460066203,2,9,0,18,0,1,0,0,0,0,2,1,2,2,-1,-1,998,1,-1,2,1,2
2016460066215,1,9,0,9,0,5,0,0,0,0,4,1,6,1,65,9,1988,1,13,4,1,4
2016460066215,2,1,0,18,0,8,0,0,0,0,1,1,6,2,36,7,-1,-1,-1,6,1,6
2016460066235,1,9,0,17,0,0,0,0,1,0,1,1,1,1,19,4,998,1,1,10,1,10
2016460066241,1,3,0,14,0,1,1,0,0,0,1,1,4,1,17,4,125,1,14,2,1,2
2016460066241,2,9,0,5,0,1,0,0,0,0,1,1,2,2,51,8,1242,1,14,2,1,2
2016460066242,1,21,1,12,0,0,0,0,0,0,1,1,1,1,41,7,-1,-1,-1,-1,-1,-1
2016460066242,2,9,0,11,0,0,0,0,0,0,3,1,6,1,69,10,1339,1,8,3,1,3
2016460066242,3,9,0,18,0,0,0,0,0,0,4,1,6,1,25,5,2143,2,2,2,1,2
2016460066251,1,9,0,9,0,5,0,0,0,0,1,1,6,1,77,11,1995,2,13,4,3,4
2016460066251,2,9,0,18,0,8,0,0,0,0,1,1,6,1,22,5,1600,1,11,4,2,4
2016460066252,1,9,0,14,0,0,0,0,0,0,1,1,6,1,66,10,1560,2,9,7,1,7
2016460066254,1,9,0,14,0,0,0,0,0,0,1,1,6,2,65,9,1360,1,11,2,1,2
2016460066268,1,1,0,18,0,0,0,0,-1,0,1,1,6,1,14,3,-1,-1,-1,9,2,9
2016460066277,1,9,0,5,0,6,0,0,0,0,3,1,6,3,-1,-1,-1,-1,-1,-1,-1,-1
2016460066277,2,2,0,17,0,8,0,0,0,0,4,1,6,1,17,4,49,1,7,1,1,1
2016460066282,1,9,0,9,0,6,0,0,0,0,1,1,2,1,42,7,999,1,1,1,1,1
2016460066282,2,9,0,18,0,8,0,0,0,0,1,1,6,2,25,5,999,1,14,6,1,6
2016460066297,1,9,0,6,0,6,0,0,0,0,1,1,6,1,53,8,1248,2,5,2,1,2
2016460066297,2,9,0,18,0,8,0,0,0,0,4,1,1,1,41,7,1968,2,4,-1,-1,-1
2016460066299,1,9,0,15,0,0,0,0,1,0,1,1,2,1,36,7,1398,1,6,7,1,7
2016460066302,1,9,0,18,0,8,0,0,0,0,1,1,1,2,43,7,-1,-1,-1,7,1,7
2016460066302,2,9,0,18,0,8,0,0,0,0,1,1,6,1,21,5,1299,1,13,10,1,10
2016460066317,1,9,0,9,0,6,0,0,0,0,4,1,6,2,41,7,998,1,14,5,3,5
2016460066317,2,5,0,18,0,8,0,0,0,0,1,1,6,1,61,9,680,1,9,7,2,7
2016460066330,1,9,0,18,0,0,0,0,0,0,1,1,6,2,52,8,1240,1,13,7,1,7
2016460066330,2,9,0,2,0,0,0,0,0,0,2,1,6,2,36,7,2295,1,12,1,1,1
2016460066330,3,9,0,2,0,0,0,0,0,0,1,1,6,3,-1,-1,1968,2,11,-1,-1,-1
2016460066337,1,9,0,9,0,6,0,4,7,0,1,1,6,2,23,5,1598,1,14,2,1,2
2016460066337,2,9,0,2,0,2,0,0,0,0,1,1,6,1,18,4,1248,2,8,8,1,8
2016460066463,1,9,0,9,0,5,0,0,0,0,1,1,1,1,41,7,1560,2,4,5,1,5
2016460066463,2,9,0,18,0,1,0,0,1,0,1,1,6,1,20,4,1596,1,11,8,3,8
2016460066468,1,3,0,4,0,2,0,0,0,0,1,1,6,1,23,5,124,1,2,7,1,7
2016460066468,2,10,0,4,0,2,0,0,0,0,2,1,1,1,67,10,2198,2,4,1,1,1
2016460066474,1,98,0,5,0,0,0,0,0,0,1,1,1,1,37,7,-1,-1,-1,-1,-1,-1
2016460066474,2,9,0,3,0,0,0,0,0,0,2,1,6,1,34,6,1910,2,11,3,1,3
2016460066495,1,1,0,18,0,8,0,0,0,0,1,1,2,1,44,7,-1,-1,-1,6,1,6
2016460066495,2,9,0,18,0,8,0,0,0,0,3,1,1,1,19,4,1198,1,11,9,1,9
2016460066518,1,9,0,4,0,0,0,0,0,0,1,1,6,2,21,5,1299,1,12,7,1,7
2016460066518,2,9,0,3,0,0,0,0,0,0,2,1,2,2,25,5,1390,1,6,7,1,7
2016460066543,1,3,0,12,5,3,0,0,0,0,1,1,6,1,51,8,124,1,2,4,2,4
2016460066543,2,9,0,18,0,3,0,0,0,0,4,1,6,1,42,7,1390,1,5,4,1,4
2016460066550,1,9,0,5,0,4,0,0,0,0,3,1,6,1,18,4,2967,2,5,9,1,9
2016460066550,2,9,0,18,0,3,0,0,0,0,1,1,6,2,64,9,1388,1,4,5,1,5
2016460066554,1,9,0,11,0,0,0,0,0,0,1,1,6,1,37,7,-1,-1,-1,-1,-1,-1
2016460066554,2,9,0,12,0,0,0,0,0,0,2,1,6,2,19,4,1242,1,10,10,1,10
2016460066554,3,9,0,18,0,0,0,0,0,0,1,1,6,2,60,9,1422,1,10,3,1,3
2016460066562,1,9,0,18,0,0,0,0,0,0,4,1,6,1,62,9,1781,1,14,6,1,6
2016460066565,1,9,0,4,0,8,0,0,0,0,1,1,2,2,56,9,1198,1,2,2,1,2
2016460066565,2,9,0,9,0,5,0,0,0,0,2,1,2,1,33,6,1560,2,11,4,1,4
2016460066573,1,3,0,18,0,2,1,0,0,0,0,1,6,1,27,6,125,1,7,1,1,1
2016460066601,1,4,0,18,0,1,0,0,0,0,1,1,6,1,65,9,1215,1,1,5,1,5
2016460066601,2,4,0,18,0,1,0,0,0,0,2,1,6,1,72,10,782,1,8,3,1,3
2016460066601,3,9,0,18,0,1,0,0,0,0,2,1,6,2,23,5,1388,1,9,5,1,5
2016460066618,1,9,0,12,0,0,1,0,0,0,4,1,6,1,21,5,1242,1,16,6,3,6
2016460066618,2,9,0,18,0,0,0,0,0,0,1,1,6,1,42,7,1968,2,6,8,3,8
2016460066653,1,9,0,18,0,0,1,0,8,10,3,1,6,1,35,6,2497,1,9,-1,-1,-1
2016460066653,2,9,0,18,0,0,0,0,0,0,1,1,1,1,25,5,1968,2,6,6,1,6
2016460066663,1,9,0,7,0,5,0,0,0,0,4,1,6,1,60,9,-1,-1,-1,-1,-1,-1
2016460066663,2,3,0,9,0,1,0,0,0,0,1,1,6,1,25,5,125,1,2,2,1,2
2016460066677,1,9,0,16,0,0,0,0,0,0,3,1,6,2,76,11,1360,1,16,7,1,7
2016460066677,2,9,0,17,0,0,0,0,0,0,3,1,6,2,67,10,1395,1,2,10,1,10
2016460066677,3,9,0,17,0,0,0,0,0,0,3,1,6,2,38,7,1242,1,-1,6,1,6
2016460066688,1,20,0,18,0,0,0,0,1,0,1,1,6,1,61,9,-1,-1,-1,-1,-1,-1
2016460066688,2,21,1,18,0,0,0,0,0,0,2,1,6,1,25,5,-1,-1,-1,-1,-1,-1
2016460066706,1,9,0,18,0,0,0,0,0,0,1,1,6,2,20,4,1242,1,6,-1,-1,-1
2016460066706,2,9,0,18,0,0,0,0,0,0,2,1,6,1,24,5,1598,1,9,8,1,8
2016460066724,1,9,0,13,0,0,0,0,0,0,1,1,6,3,-1,-1,-1,-1,-1,-1,-1,-1
2016460066724,2,9,0,18,0,0,1,0,1,4,2,1,6,2,17,4,1242,1,4,6,3,6
2016460066731,1,19,0,4,0,0,1,0,0,0,1,1,1,1,24,5,1598,2,2,10,1,10
2016460066731,2,9,0,4,0,0,0,0,0,0,1,1,6,1,45,7,1596,1,10,1,1,1
2016460066731,3,9,0,4,0,0,0,0,0,0,2,1,6,1,25,5,1997,2,14,4,1,4
2016460066750,1,9,0,5,0,4,0,0,0,0,3,1,1,2,61,9,1598,2,5,10,2,10
2016460066750,2,2,0,18,0,8,0,0,0,0,1,1,6,1,16,4,50,1,-1,8,3,8
2016460066752,1,9,0,9,0,6,0,0,0,0,1,1,1,1,43,7,-1,-1,-1,2,1,2
2016460066752,2,9,0,18,0,8,1,0,0,0,3,1,6,2,50,8,1461,2,1,4,2,4
2016460066768,1,9,0,12,0,0,1,0,5,6,1,1,6,1,25,5,2143,2,-1,2,1,2
2016460066772,1,9,0,7,0,1,0,0,0,0,1,1,3,2,39,7,2497,2,4,7,1,7
2016460066772,2,9,0,7,0,2,0,0,0,0,1,1,2,1,41,7,1598,1,14,10,1,10
2016460066833,1,11,0,18,0,1,0,0,0,0,1,1,1,1,51,8,7300,2,12,6,1,6
2016460066833,2,9,0,4,0,1,0,0,0,0,2,1,3,1,48,8,-1,-1,-1,8,1,8
2016460066860,1,9,0,7,0,0,0,0,0,0,1,1,6,2,29,6,1769,1,13,5,1,5
2016460066860,2,9,0,4,0,0,0,0,0,0,4,1,6,2,46,8,1587,1,15,5,3,5
2016460066917,1,21,1,4,0,0,1,0,0,0,3,1,1,1,49,8,12740,2,3,5,1,5
2016460066917,2,9,0,4,0,0,0,0,0,0,2,1,6,1,69,10,1248,1,2,10,1,10
2016460066917,3,9,0,4,0,0,0,0,0,0,2,1,6,1,23,5,1248,1,4,10,1,10
2016460066945,1,9,0,11,0,1,0,0,0,0,4,1,2,1,23,5,2521,1,9,6,1,6
2016460066945,2,5,0,18,0,1,0,0,0,0,3,1,2,1,63,9,883,1,11,9,1,9
2016460066953,1,9,0,18,0,0,0,0,1,7,3,1,6,1,21,5,1199,1,12,2,1,2
2016460066953,2,9,0,18,0,0,0,0,0,0,4,1,6,1,58,9,2179,2,2,4,1,4
2016460066987,1,9,0,18,0,0,0,0,0,0,1,1,6,1,26,6,3498,1,8,5,1,5
2016460066997,1,9,0,18,0,0,1,0,0,0,1,1,6,2,-1,-1,1796,1,10,5,1,5
2016460067051,1,19,0,4,0,1,0,0,0,0,1,1,1,1,25,5,1996,2,2,9,1,9
2016460067051,2,9,0,3,0,1,0,0,0,0,2,1,6,1,71,10,1699,1,10,6,3,6
2016460067057,1,9,0,4,0,0,0,0,0,0,1,1,2,1,40,7,1956,2,3,6,1,6
2016460067057,2,9,0,3,0,0,0,0,0,0,2,1,2,1,55,8,1896,2,13,1,1,1
2016460067057,3,9,0,3,0,0,0,0,0,0,2,1,2,1,31,6,1956,2,3,4,1,4
2016460067057,4,9,0,3,0,0,0,0,0,0,2,1,2,1,42,7,1997,2,-1,5,1,5
2016460067057,5,9,0,3,0,0,0,0,0,0,2,1,2,1,39,7,2199,2,3,6,1,6
2016460067057,6,9,0,3,0,0,0,0,0,0,2,1,2,2,44,7,1595,1,7,7,1,7
2016460067078,1,9,0,18,0,0,0,0,0,0,1,1,6,2,37,7,2171,1,13,2,1,2
2016460067078,2,9,0,3,0,0,0,0,1,10,2,1,6,1,35,6,1499,1,-1,7,1,7
2016460067078,3,9,0,4,0,0,0,0,0,0,0,1,6,3,-1,-1,-1,-1,-1,-1,-1,-1
2016460067078,4,9,0,18,0,0,0,0,0,0,3,1,6,1,31,6,1398,2,13,8,1,8
2016460067128,1,5,0,18,0,6,0,0,0,0,2,1,6,1,47,8,1340,1,20,2,1,2
2016460067128,2,9,0,18,0,8,0,0,0,0,3,1,6,1,41,7,1797,8,2,-1,-1,-1
2016460067136,1,9,0,18,0,0,0,0,4,6,1,1,6,1,26,6,2231,2,9,2,1,2
2016460067173,1,9,0,13,0,2,0,0,0,0,4,1,6,1,52,8,2993,2,7,8,1,8
2016460067173,2,1,0,5,0,2,0,0,0,0,3,1,6,1,37,7,-1,-1,-1,6,1,6
2016460067174,1,9,0,18,0,0,0,0,1,0,0,1,6,1,49,8,-1,-1,-1,-1,-1,-1
2016460067190,1,19,0,4,0,0,0,0,0,0,1,1,2,1,54,8,2998,2,4,8,1,8
2016460067190,2,9,0,3,0,0,0,0,0,0,2,1,6,2,67,10,-1,-1,-1,6,1,6
2016460067190,3,9,0,3,0,0,0,0,0,0,2,1,6,1,18,4,1149,1,11,8,1,8
2016460067190,4,9,0,3,0,0,0,0,0,0,2,1,6,1,25,5,1360,1,13,2,1,2
2016460067217,1,9,0,18,0,0,0,0,0,0,4,1,1,1,54,8,1798,1,5,10,1,10
2016460067267,1,11,0,18,0,4,0,0,0,0,1,2,1,1,37,7,-1,-1,-1,-1,-1,-1
2016460067267,2,9,0,18,0,4,0,0,0,0,2,1,6,1,37,7,-1,-1,-1,3,1,3
2016460067315,1,9,0,17,0,0,5,0,0,0,4,1,6,1,-1,-1,1796,1,17,3,1,3
2016460067327,1,9,0,14,0,0,0,0,0,0,4,1,6,3,-1,-1,-1,-1,-1,-1,-1,-1
2016460067332,1,9,0,9,0,6,0,0,0,0,0,1,6,1,22,5,-1,-1,-1,2,1,2
2016460067332,2,3,0,18,0,1,1,0,0,0,0,1,6,1,32,6,-1,-1,-1,2,1,2
2016460067348,1,20,0,18,0,1,1,0,0,0,1,1,6,1,45,7,6700,2,2,7,1,7
2016460067348,2,9,0,3,0,1,0,0,0,0,2,1,6,1,27,6,1998,1,10,1,1,1
2016460067367,1,21,4,17,0,0,4,0,0,0,0,1,1,1,35,6,12902,2,1,6,2,6
2016460067392,1,1,0,18,0,0,0,0,0,0,0,1,6,1,50,8,-1,-1,-1,5,1,5
2016460067425,1,9,0,18,0,0,0,0,7,0,1,1,6,1,53,8,-1,-1,-1,-1,-1,-1
2016460067425,2,9,0,18,0,0,0,0,0,0,1,1,6,2,73,10,1086,1,11,5,1,5
2016460067437,1,9,0,16,0,8,5,11,0,0,3,1,6,2,18,4,1240,1,12,3,1,3
2016460067440,1,9,0,18,0,0,0,0,0,0,4,1,6,1,35,6,1968,2,9,1,1,1
2016460067504,1,9,0,12,0,0,0,0,0,0,3,1,1,3,-1,-1,-1,-1,-1,-1,-1,-1
2016460067504,2,19,0,18,0,0,0,0,4,6,4,1,1,1,66,10,2402,2,15,4,2,4
2016460067527,1,3,0,17,0,1,0,0,0,0,1,1,1,1,24,5,108,1,1,7,2,7
2016460067527,2,9,0,10,0,8,0,0,0,0,2,1,6,1,45,7,1560,2,1,8,1,8
2016460067529,1,4,0,14,0,0,0,0,0,0,4,1,6,1,41,7,599,1,10,1,1,1
2016460067551,1,9,0,13,0,8,0,0,0,0,4,1,6,2,51,8,2993,2,6,6,3,6
2016460067551,2,1,0,9,0,1,0,0,0,0,1,1,6,1,16,4,-1,-1,-1,7,3,7
2016460067760,1,9,0,18,0,1,0,0,0,0,1,1,2,1,44,7,-1,-1,-1,5,1,5
2016460067760,2,9,0,3,0,1,0,0,0,0,4,1,6,2,30,6,1598,1,3,5,1,5
2016460067760,3,9,0,3,0,1,0,0,0,0,2,1,6,2,32,6,1197,1,1,7,1,7
2016460067760,4,9,0,3,0,1,0,6,0,0,2,1,6,1,27,6,-1,-1,-1,8,1,8
2016460067764,1,3,0,17,0,0,1,0,1,0,1,1,2,1,29,6,124,1,4,4,1,4
2016460067773,1,9,0,1,0,2,0,0,0,0,2,1,6,1,24,5,1299,1,15,7,1,7
2016460067773,2,9,0,2,0,2,0,0,0,0,1,1,6,2,49,8,1596,1,4,5,1,5
2016460067776,1,9,0,18,0,2,0,0,0,0,1,1,2,1,51,8,1895,1,19,8,1,8
2016460067776,2,1,0,18,0,2,0,0,0,0,3,1,1,1,13,3,-1,-1,-1,8,1,8
2016460067779,1,9,0,18,0,0,0,0,0,0,4,1,6,2,41,7,1582,2,-1,10,1,10
2016460067779,2,9,0,2,0,0,0,0,0,0,3,1,6,2,-1,-1,1299,1,14,8,1,8
2016460067798,1,9,0,12,0,0,0,0,0,0,1,1,6,1,54,8,1200,1,-1,4,2,4
2016460067798,2,9,0,18,0,0,0,0,0,0,1,1,6,1,78,11,1968,2,2,4,2,4
2016460067834,1,9,0,18,0,0,1,0,0,0,1,1,6,1,24,5,1984,1,7,9,1,9
2016460067834,2,19,0,18,0,0,2,0,1,0,2,1,1,1,48,8,2198,2,3,5,1,5
2016460067834,3,9,0,18,0,0,0,0,1,0,3,1,2,2,61,9,1590,1,4,8,1,8
2016460067837,1,9,0,1,0,6,0,0,0,0,2,1,6,3,30,6,-1,-1,-1,-1,-1,-1
2016460067837,2,9,0,18,0,1,0,0,0,0,4,1,6,2,40,7,1991,2,5,7,1,7
2016460067939,1,19,0,4,0,0,1,0,0,0,1,1,6,1,35,6,2198,2,7,7,1,7
2016460067939,2,9,0,3,0,0,0,0,0,0,2,1,6,2,35,6,1399,2,11,4,3,4
2016460067947,1,9,0,18,0,8,0,0,0,0,3,1,6,2,47,8,1595,1,4,4,2,4
2016460067947,2,9,0,18,0,8,0,0,0,0,4,1,6,1,66,10,1896,2,9,5,3,5
2016460067955,1,9,0,18,0,0,1,0,1,0,1,1,6,2,40,7,1910,2,10,4,1,4
2016460067955,2,9,0,18,0,0,1,0,1,0,1,1,6,1,39,7,-1,-1,-1,5,1,5
2016460068002,1,3,0,18,0,0,0,0,0,0,1,1,6,1,24,5,-1,-1,-1,4,1,4
2016460068004,1,9,0,18,0,0,1,10,4,6,3,1,6,1,35,6,1598,1,8,1,1,1
2016460068004,2,21,1,18,0,0,0,0,0,0,1,1,2,1,27,6,12777,2,8,5,3,5
2016460068042,1,9,0,5,0,0,0,0,0,0,1,1,5,2,26,6,1796,1,11,4,1,4
2016460068042,2,9,0,18,0,0,0,0,0,0,4,1,1,2,20,4,1399,1,9,3,1,3
2016460068043,1,9,0,18,0,0,1,0,1,4,1,1,2,1,51,8,2993,2,9,-1,-1,-1
2016460068043,2,9,0,18,0,0,0,0,0,0,2,1,6,1,51,8,2902,2,10,7,2,7
2016460068054,1,21,0,18,0,0,0,0,0,0,1,1,6,1,-1,-1,12902,2,3,4,1,4
2016460068054,2,9,0,18,0,0,0,0,0,0,2,1,6,1,35,6,1598,1,8,8,1,8
2016460068058,1,21,1,18,0,0,0,0,0,0,2,1,1,1,39,7,12419,2,1,1,1,1
2016460068058,2,20,0,18,0,0,0,0,1,7,1,1,1,1,20,4,-1,-1,-1,-1,-1,-1
2016460068085,1,9,0,18,0,0,0,0,5,6,3,1,6,2,67,10,1386,1,11,-1,1,-1
2016460068168,1,9,0,4,0,0,0,0,4,6,2,1,6,1,-1,-1,-1,-1,-1,-1,-1,-1
2016460068168,2,9,0,18,0,0,0,0,4,6,1,1,6,2,17,4,1198,1,2,6,3,6