Accident_Index,Vehicle_Reference,Vehicle_Type,Towing_and_Articulation,Vehicle_Manoeuvre,Vehicle_Location-Restricted_Lane,Junction_Location,Skidding_and_Overturning,Hit_Object_in_Carriageway,Vehicle_Leaving_Carriageway,Hit_Object_off_Carriageway,1st_Point_of_Impact,Was_Vehicle_Left_Hand_Drive?,Journey_Purpose_of_Driver,Sex_of_Driver,Age_of_Driver,Age_Band_of_Driver,Engine_Capacity_(CC),Propulsion_Code,Age_of_Vehicle,Driver_IMD_Decile,Driver_Home_Area_Type,Vehicle_IMD_Decile
2016460068217,1,11,0,18,0,2,0,0,0,0,4,1,1,2,56,9,4461,2,4,-1,-1,-1
2016460068228,1,9,0,4,0,2,0,0,0,0,1,1,1,1,28,6,998,1,18,1,1,1
2016460068271,1,9,0,18,0,3,0,0,0,0,1,1,6,1,-1,-1,1910,2,9,9,1,9
2016460068271,2,1,0,18,0,8,0,0,0,0,4,1,6,1,20,4,-1,-1,-1,9,1,9
2016460068311,1,9,0,9,0,1,0,0,0,0,3,1,6,1,86,11,1988,1,16,6,1,6
2016460068311,2,9,0,18,0,1,0,0,0,0,4,1,6,1,24,5,1560,2,10,2,1,2
2016460068314,1,11,0,5,3,0,0,0,0,0,0,1,1,1,27,6,6370,2,4,2,1,2
2016460068329,1,9,0,18,0,0,0,0,0,0,1,1,6,2,37,7,1329,1,3,9,1,9
2016460068337,1,9,0,7,0,6,0,0,0,0,1,1,6,1,59,9,2179,2,13,4,1,4
2016460068337,2,3,0,9,0,6,0,0,0,0,1,1,6,1,77,11,124,1,4,3,1,3
2016460068341,1,19,0,18,0,0,0,0,0,0,1,1,1,1,62,9,1560,2,2,6,3,6
2016460068341,2,9,0,18,0,0,0,0,0,0,1,1,6,2,36,7,2688,2,12,9,3,9
2016460068362,1,9,0,18,0,0,5,4,1,7,1,1,6,1,69,10,3199,1,18,2,1,2
2016460068362,2,9,0,4,0,0,0,0,0,0,2,1,6,1,31,6,1560,2,2,5,1,5
2016460068362,3,9,0,11,0,0,0,0,0,0,1,1,6,1,28,6,1956,2,3,10,3,10
2016460068380,1,9,0,18,0,0,0,0,0,0,4,1,6,1,22,5,-1,-1,-1,1,1,1
2016460068380,2,19,0,18,0,0,0,0,0,0,3,1,6,1,30,6,2287,2,2,1,1,1
2016460068380,3,9,0,18,0,0,0,0,0,0,3,1,6,2,41,7,-1,-1,-1,3,1,3
2016460068380,4,9,0,18,0,0,0,0,0,0,0,1,1,1,-1,-1,-1,-1,-1,-1,-1,-1
2016460068382,1,9,0,18,0,0,0,0,0,0,0,1,6,3,-1,-1,-1,-1,-1,-1,-1,-1
2016460068382,2,3,0,17,0,0,0,0,0,0,4,1,6,1,38,7,125,1,-1,2,1,2
2016460068400,1,9,0,1,0,1,0,0,0,0,2,1,6,1,33,6,1896,2,13,6,1,6
2016460068423,1,5,0,18,0,6,1,0,0,0,0,1,2,1,21,5,689,1,2,2,1,2
2016460068441,1,9,0,18,0,0,0,0,0,0,1,1,1,1,56,9,-1,-1,-1,10,1,10
2016460068441,2,9,0,18,0,0,0,0,0,0,1,1,6,1,48,8,-1,-1,-1,9,1,9
2016460068441,3,9,0,3,0,0,0,0,0,0,2,1,1,2,50,8,1560,2,2,8,3,8
2016460068444,1,9,0,7,0,3,0,0,0,0,1,1,2,1,44,7,1598,1,6,4,1,4
2016460068444,2,1,0,7,0,3,0,0,0,0,2,1,5,1,50,8,-1,-1,-1,1,1,1
2016460068452,1,9,0,1,9,6,0,0,0,0,2,1,6,2,34,6,1783,1,15,1,1,1
2016460068461,1,9,0,1,0,0,5,0,0,0,0,1,6,2,29,6,1299,1,13,10,1,10
2016460068470,1,9,0,17,0,0,0,0,0,0,2,1,2,2,36,7,-1,-1,-1,6,1,6
2016460068470,2,9,0,17,0,0,0,0,0,0,1,1,6,1,28,6,1834,1,14,2,1,2
2016460068470,3,21,1,16,0,0,0,0,0,0,0,1,1,1,-1,-1,-1,-1,-1,-1,-1,-1
2016460068531,1,9,0,18,0,0,0,0,0,0,1,1,6,3,23,5,-1,-1,-1,-1,-1,-1
2016460068531,2,9,0,18,0,0,0,0,0,0,2,1,6,1,23,5,1598,1,14,2,1,2
2016460068552,1,19,0,18,0,1,0,0,0,0,4,1,1,1,-1,-1,1868,2,12,8,3,8
2016460068552,2,1,0,18,0,1,0,0,0,0,1,1,6,1,67,10,-1,-1,-1,8,3,8
2016460068563,1,9,0,5,0,0,0,0,0,0,1,1,6,1,-1,-1,1598,2,4,7,1,7
2016460068623,1,11,0,18,0,3,0,0,1,11,1,1,1,1,55,8,4500,2,9,4,1,4
2016460068623,2,9,0,2,0,1,0,0,1,0,1,1,6,3,-1,-1,1240,1,7,-1,-1,-1
2016460068623,3,9,0,2,0,1,0,0,1,0,3,1,6,3,-1,-1,1587,1,10,-1,-1,-1
2016460068639,1,9,0,18,0,0,0,0,0,0,4,1,2,1,54,8,1399,2,10,3,2,3
2016460068669,1,9,0,18,0,0,0,0,0,0,1,1,2,1,19,4,998,1,8,5,1,5
2016460068669,2,9,0,18,0,0,0,0,0,0,2,1,2,2,31,6,2204,2,10,4,1,4
2016460068671,1,9,0,12,0,0,0,0,4,0,3,1,6,1,58,9,-1,-1,-1,10,1,10
2016460068671,2,9,0,18,0,0,0,0,4,0,4,1,6,1,56,9,2656,1,13,1,1,1
2016460068671,3,9,0,18,0,0,5,0,2,0,2,1,6,2,53,8,1298,1,15,7,1,7
2016460068681,1,9,0,9,0,6,0,0,0,0,1,1,6,1,84,11,1364,1,9,6,1,6
2016460068681,2,9,0,17,0,1,0,0,0,0,1,1,1,2,54,8,-1,-1,-1,5,1,5
2016460068712,1,9,0,5,0,6,0,0,0,0,1,1,6,1,43,7,1362,1,3,2,1,2
2016460068712,2,9,0,18,0,8,0,0,0,0,1,1,6,2,35,6,998,1,15,4,3,4
2016460068751,1,9,0,18,0,0,0,0,0,0,4,1,6,2,60,9,1560,2,3,7,3,7
2016460068754,1,9,0,18,0,2,0,4,0,0,1,1,6,1,24,5,4163,1,8,9,2,9
2016460068754,2,8,0,2,0,2,0,0,0,0,2,1,1,1,35,6,2143,2,5,6,1,6
2016460068756,1,9,0,18,0,1,0,0,0,0,4,1,6,1,68,10,998,1,2,10,1,10
2016460068756,2,1,0,18,0,8,0,0,0,0,1,1,6,1,35,6,-1,-1,-1,6,1,6
2016460068765,1,9,0,18,0,0,0,4,0,0,1,1,6,1,18,4,2967,2,10,6,1,6
2016460068765,2,9,0,2,0,0,0,0,0,0,1,1,6,2,31,6,1598,1,15,5,1,5
2016460068765,3,9,0,2,0,0,0,0,0,0,2,1,6,1,24,5,1364,2,11,5,1,5
2016460068765,4,9,0,2,0,0,0,0,0,0,1,1,6,1,55,8,1995,2,11,5,1,5
2016460068765,5,9,0,2,0,0,0,0,0,0,2,1,6,1,55,8,1997,1,12,5,1,5
2016460068765,6,9,0,2,0,0,0,0,0,0,4,1,6,2,36,7,1388,1,13,5,1,5
2016460068778,1,9,0,18,0,0,0,0,0,0,1,1,6,1,38,7,-1,-1,-1,4,3,4
2016460068778,2,9,0,18,0,0,0,0,0,0,2,1,6,1,61,9,1586,1,11,4,3,4
2016460068791,1,9,0,18,0,7,0,0,4,0,4,1,2,1,20,4,1396,1,12,5,1,5
2016460068791,2,21,0,2,0,8,0,0,0,0,3,1,6,1,42,7,-1,-1,-1,-1,-1,-1
2016460068853,1,9,0,18,0,0,0,0,0,0,1,1,6,2,34,6,875,1,2,9,1,9
2016460068912,1,4,0,18,0,1,0,0,0,0,0,1,6,1,31,6,600,1,14,1,1,1
2016460068929,1,9,0,9,0,6,0,0,0,0,3,1,6,2,52,8,1997,2,9,3,1,3
2016460068929,2,9,0,18,0,8,0,0,0,0,1,1,2,1,22,5,1198,1,12,1,1,1
2016460068947,1,9,0,18,0,0,0,0,0,0,1,1,6,2,43,7,1998,2,12,3,1,3
2016460068947,2,9,0,4,0,0,0,0,0,0,2,1,6,2,52,8,1769,1,15,1,1,1
2016460068947,3,9,0,4,0,0,0,0,0,0,2,1,6,2,19,4,1242,1,15,10,2,10
2016460068947,4,9,0,4,0,0,0,0,0,0,2,1,6,2,25,5,1364,1,10,4,1,4
2016460068977,1,9,0,18,0,1,0,0,0,0,1,1,6,1,42,7,1598,1,14,7,1,7
2016460068977,2,9,0,3,0,1,0,0,0,0,2,1,6,2,25,5,998,1,-1,9,1,9
2016460069003,1,5,0,17,0,0,1,0,0,0,1,1,1,1,29,6,599,1,18,-1,-1,-1
2016460069008,1,9,0,18,0,1,0,0,0,0,4,1,6,1,44,7,2000,1,12,7,1,7
2016460069026,1,9,0,18,0,1,0,0,0,0,1,1,6,1,67,10,-1,-1,-1,-1,1,-1
2016460069026,2,9,0,3,0,1,0,0,0,0,2,1,6,1,65,9,1794,1,9,2,1,2
2016460069026,3,9,0,3,0,1,0,0,0,0,2,1,6,2,24,5,1242,1,1,2,1,2
2016460069030,1,9,0,18,0,0,0,0,5,2,1,1,6,3,-1,-1,2799,1,18,-1,-1,-1
2016460069030,2,9,0,18,0,0,0,0,0,0,0,1,1,2,-1,-1,1560,2,4,-1,-1,-1
2016460069030,3,9,0,18,0,0,0,0,0,0,0,1,1,1,-1,-1,1560,2,2,-1,-1,-1
2016460069030,4,9,0,18,0,0,0,0,0,0,2,1,6,1,34,6,1560,2,1,7,1,7
2016460069071,1,19,0,1,0,0,0,0,0,0,4,1,2,1,50,8,1598,2,1,1,1,1
2016460069094,1,9,0,18,0,1,0,0,0,0,1,1,6,2,49,8,1339,1,13,7,1,7
2016460069094,2,9,0,7,0,5,0,0,0,0,2,1,6,2,43,7,2171,1,11,4,3,4
2016460069105,1,9,0,17,0,4,0,0,0,0,4,1,6,2,-1,-1,1984,1,9,8,1,8
2016460069105,2,9,0,18,0,4,0,0,0,0,3,1,6,2,25,5,1242,1,1,8,1,8
2016460069130,1,9,0,18,2,1,0,0,0,0,1,1,6,1,46,8,1598,1,9,3,1,3
2016460069171,1,9,0,18,0,1,0,0,0,0,1,1,6,2,27,6,1999,1,10,7,3,7
2016460069171,2,9,0,3,0,1,0,0,0,0,2,1,6,1,52,8,2435,1,17,7,1,7
2016460069179,1,3,0,4,0,0,0,0,0,0,1,1,6,1,24,5,-1,-1,-1,4,1,4
2016460069179,2,9,0,3,0,0,0,0,0,0,2,1,6,1,47,8,1956,2,-1,8,1,8
2016460069179,3,9,0,4,0,0,0,0,0,0,2,1,6,1,24,5,1870,2,10,3,1,3
2016460069190,1,9,0,8,0,1,0,0,0,0,2,1,6,1,32,6,1242,1,4,4,1,4
2016460069190,2,9,0,18,0,1,0,0,0,0,1,1,6,2,-1,-1,2993,2,8,1,1,1
2016460069200,1,9,0,7,0,6,0,4,3,11,1,1,6,2,58,9,1339,1,12,8,1,8
2016460069200,2,9,0,2,0,1,0,0,0,0,4,1,6,2,37,7,1598,1,12,8,1,8
2016460069200,3,9,0,2,0,1,0,0,0,0,3,1,6,2,32,6,1598,1,6,4,1,4
2016460069204,1,9,0,18,0,6,0,0,0,0,1,1,6,2,37,7,1598,1,18,1,1,1
2016460069204,2,9,0,2,0,1,0,0,0,0,3,1,6,2,71,10,998,1,7,6,1,6
2016460069230,1,9,0,1,0,2,0,0,0,0,2,1,2,1,68,10,1596,1,5,8,1,8
2016460069230,2,9,0,3,0,1,0,0,0,0,1,1,6,1,37,7,2295,1,13,4,1,4
2016460069266,1,9,0,18,0,0,5,0,1,7,1,1,1,2,34,6,1560,2,9,1,1,1
2016460069267,1,3,0,4,0,2,1,0,0,0,0,1,6,1,23,5,125,1,1,5,1,5
2016460069272,1,9,0,18,0,1,0,0,1,0,1,1,6,1,49,8,-1,-1,-1,2,1,2
2016460069272,2,9,0,10,0,1,0,0,0,0,2,1,6,1,35,6,1390,1,13,-1,-1,-1
2016460069272,3,9,0,18,0,1,0,0,0,0,1,1,6,1,58,9,1560,2,7,6,3,6
2016460069296,1,9,0,4,0,4,0,0,0,0,3,1,6,1,50,8,1910,2,12,5,1,5
2016460069326,1,9,0,4,0,0,0,0,0,0,3,1,2,2,34,6,1461,2,12,4,1,4
2016460069338,1,9,0,18,0,2,0,0,0,0,1,1,6,1,26,6,-1,-1,-1,3,1,3
2016460069338,2,9,0,2,0,2,0,0,0,0,1,1,6,1,30,6,1956,2,3,4,1,4
2016460069338,3,9,0,2,0,2,0,0,0,0,1,1,6,1,42,7,1364,1,9,4,1,4
2016460069338,4,9,0,2,0,2,0,0,0,0,1,1,6,1,42,7,1587,1,12,3,1,3
2016460069338,5,9,0,2,0,2,0,0,0,0,2,1,6,1,42,7,1598,1,12,3,1,3
2016460069387,1,9,0,18,0,1,0,0,0,0,1,1,6,1,47,8,1910,2,6,1,1,1
2016460069387,2,9,0,18,0,6,0,0,0,0,1,1,6,1,-1,-1,-1,-1,-1,7,3,7
2016460069401,1,9,0,1,0,6,0,0,0,0,2,1,6,1,-1,-1,1598,1,6,4,3,4
2016460069401,2,1,0,17,0,1,0,0,0,0,2,1,6,1,53,8,-1,-1,-1,2,1,2
2016460069465,1,9,0,4,0,0,0,0,0,0,1,1,1,1,33,6,-1,-1,-1,7,3,7
2016460069465,2,9,0,3,0,0,0,0,0,0,2,1,6,2,34,6,1988,1,13,4,1,4
2016460069465,3,9,0,3,0,0,0,0,0,0,2,1,6,2,55,8,1388,1,4,10,3,10
2016460069522,1,9,0,1,0,1,0,0,0,0,2,1,6,1,26,6,1332,1,11,9,1,9
2016460069543,1,9,0,18,0,0,0,0,7,4,1,1,6,2,50,8,1242,1,11,8,1,8
2016460069556,1,9,0,2,0,0,0,0,0,0,0,1,6,1,61,9,-1,-1,-1,8,1,8
2016460069556,2,9,0,18,0,0,0,0,0,0,1,1,1,1,39,7,-1,-1,-1,3,1,3
2016460069565,1,9,0,18,0,0,0,0,1,4,1,1,2,2,18,4,1149,1,16,7,3,7
2016460069585,1,9,0,18,0,1,0,0,0,0,1,1,1,1,63,9,-1,-1,-1,7,1,7
2016460069588,1,9,0,16,0,1,0,0,0,0,1,1,6,2,39,7,1997,1,4,6,1,6
2016460069588,2,9,0,10,0,1,0,0,0,0,2,1,6,1,21,5,1198,1,7,-1,-1,-1
2016460069592,1,9,0,4,0,1,0,0,0,0,1,1,6,2,80,11,1991,2,6,8,1,8
2016460069597,1,20,0,2,0,1,0,0,0,0,4,1,1,1,64,9,-1,-1,-1,3,1,3
2016460069617,1,9,0,3,0,0,0,0,0,0,0,1,6,3,-1,-1,-1,-1,-1,-1,-1,-1
2016460069617,2,9,0,18,0,0,0,0,0,0,4,1,6,1,78,11,1596,1,9,9,1,9
2016460069617,3,19,0,2,0,0,0,0,0,0,3,1,6,3,-1,-1,2198,2,6,-1,-1,-1
2016460069627,1,1,0,18,0,0,0,0,0,0,0,1,6,2,59,9,-1,-1,-1,9,1,9
2016460069653,1,9,0,18,0,0,2,0,2,10,4,1,2,1,26,6,1461,2,15,5,1,5
2016460069683,1,9,0,18,0,0,0,0,7,0,0,1,2,1,37,7,1390,1,7,6,2,6
2016460069689,1,9,0,11,0,1,0,0,1,10,1,1,1,1,34,6,1149,1,11,3,1,3
2016460069731,1,3,0,18,0,1,0,0,0,0,1,1,6,1,29,6,125,1,-1,3,1,3
2016460069731,2,9,0,9,0,5,0,0,0,0,3,1,6,1,43,7,1390,1,12,10,1,10
2016460069734,1,9,0,9,9,5,0,0,0,0,1,1,6,1,50,8,2295,1,13,2,1,2
2016460069765,1,9,0,18,0,2,0,0,0,0,1,1,6,3,24,5,1984,1,1,10,1,10
2016460069765,2,9,0,9,0,6,0,0,0,0,4,1,6,2,32,6,998,1,8,6,1,6
2016460069783,1,9,0,18,0,0,1,0,0,0,1,1,6,2,31,6,1248,1,1,4,2,4
2016460069783,2,9,0,18,0,0,1,0,0,0,3,1,6,1,35,6,1587,1,9,4,2,4
2016460069801,1,9,0,6,0,0,0,0,0,0,3,1,3,1,43,7,-1,-1,-1,4,1,4
2016460069801,2,4,0,14,0,0,0,0,0,0,1,1,6,1,50,8,278,1,-1,-1,-1,-1
2016460069802,1,9,0,18,0,0,0,0,0,0,1,1,6,1,60,9,2838,1,61,4,1,4
2016460069802,2,9,0,3,0,0,0,0,0,0,2,1,6,1,68,10,-1,-1,-1,3,1,3
2016460069831,1,9,0,16,0,2,0,0,0,0,1,1,1,2,57,9,1840,1,16,6,3,6
2016460069831,2,9,0,17,0,1,0,0,0,0,1,1,2,1,61,9,1397,1,7,4,2,4
2016460069873,1,9,0,3,0,1,0,0,0,0,1,1,6,3,-1,-1,-1,-1,-1,5,3,5
2016460069873,2,11,0,4,0,1,0,0,0,0,2,1,1,1,42,7,4580,2,7,5,1,5
2016460069888,1,2,0,18,0,2,0,0,0,0,1,1,6,1,18,4,50,1,-1,9,1,9
2016460069913,1,9,0,18,0,1,0,10,1,3,4,1,6,1,21,5,1598,1,8,7,1,7
2016460069987,1,9,0,18,0,1,0,0,0,0,1,1,6,1,37,7,-1,-1,-1,-1,-1,-1
2016460069987,2,9,0,5,0,6,0,0,0,0,1,1,6,1,23,5,-1,-1,-1,3,1,3
2016460070000,1,9,0,7,0,6,0,0,0,0,1,1,6,1,36,7,1995,2,4,8,1,8
2016460070000,2,5,0,18,0,8,1,0,0,0,4,1,6,1,21,5,998,1,63,6,3,6
2016460070030,1,9,0,18,0,0,5,0,7,3,3,1,3,2,52,8,998,1,5,9,3,9
2016460070032,1,9,0,5,0,6,0,0,0,0,1,1,1,2,19,4,1398,1,1,5,2,5
2016460070032,2,9,0,18,0,8,0,0,0,0,1,1,1,1,38,7,-1,-1,-1,6,1,6
2016460070063,1,1,0,18,0,8,0,0,0,0,1,1,6,2,46,8,-1,-1,-1,10,1,10
2016460070063,2,9,0,4,0,6,0,0,0,0,1,1,1,1,37,7,1968,2,3,10,3,10
2016460070071,1,9,0,18,0,1,0,0,0,0,1,1,6,1,25,5,1560,2,5,8,1,8
2016460070071,2,9,0,18,0,1,0,0,0,0,2,1,6,2,37,7,1598,1,11,9,1,9
2016460070071,3,9,0,18,0,1,0,0,0,0,2,1,6,2,22,5,1242,1,5,9,1,9
2016460070080,1,9,0,9,0,5,0,0,0,0,4,1,1,1,22,5,-1,-1,-1,7,1,7
2016460070080,2,9,0,18,0,1,0,0,0,0,1,1,6,2,34,6,1560,2,3,7,3,7
2016460070090,1,21,1,4,0,0,0,0,0,0,1,1,1,1,53,8,12777,2,2,4,1,4
2016460070090,2,9,0,3,0,0,0,0,0,0,2,1,2,1,30,6,1596,1,14,-1,-1,-1
2016460070090,3,9,0,3,0,0,0,0,0,0,2,1,2,1,56,9,1999,2,-1,7,2,7
2016460070094,1,9,0,18,0,1,1,0,0,0,1,1,6,1,37,7,-1,-1,-1,-1,-1,-1
2016460070131,1,19,0,12,0,1,0,0,0,0,3,1,2,1,27,6,2198,2,7,6,1,6
2016460070131,2,9,0,18,0,1,0,0,0,0,4,1,2,2,25,5,1995,2,11,2,1,2
2016460070142,1,9,0,5,0,1,0,0,0,0,1,1,1,1,25,5,1995,2,4,6,1,6
2016460070142,2,9,0,18,0,1,0,0,0,0,2,1,1,1,27,6,1388,1,11,2,1,2
2016460070142,3,9,0,18,0,1,0,0,0,0,2,1,1,1,29,6,1900,2,12,1,1,1
2016460070149,1,9,0,18,0,8,0,0,0,0,3,1,6,2,64,9,1360,1,9,3,1,3
2016460070149,2,9,0,18,0,3,0,0,0,0,1,1,6,1,18,4,1149,1,15,5,2,5
2016460070150,1,9,0,18,0,0,0,0,0,0,1,1,6,1,37,7,1461,2,6,9,1,9
2016460070150,2,21,0,18,0,0,0,0,0,0,2,1,1,1,61,9,12777,2,1,6,3,6
2016460070156,1,9,0,9,0,5,0,0,0,0,4,1,6,1,33,6,1968,2,5,4,1,4
2016460070156,2,5,0,9,0,5,0,0,0,0,3,1,6,1,29,6,-1,-1,-1,4,1,4
2016460070166,1,9,0,2,0,0,0,0,0,0,3,1,6,2,26,6,1242,1,16,2,1,2
2016460070166,2,9,0,18,0,0,0,4,0,0,4,1,6,1,54,8,1398,1,6,3,1,3
2016460070176,1,9,0,14,0,0,0,0,0,0,4,1,2,2,65,9,1390,1,8,8,1,8
2016460070176,2,9,0,5,0,0,0,0,0,0,3,1,2,2,51,8,1598,1,5,9,1,9
2016460070178,1,9,0,1,0,1,0,0,0,0,2,1,6,1,79,11,-1,-1,-1,9,3,9
2016460070178,2,9,0,3,0,1,0,0,0,0,3,1,6,2,55,8,1598,1,7,10,1,10
2016460070185,1,9,0,18,0,0,0,0,0,0,1,1,6,2,-1,-1,1796,1,11,5,1,5
2016460070211,1,9,0,18,0,1,0,0,0,0,1,1,1,2,49,8,1598,1,3,9,1,9
2016460070216,1,1,0,18,0,1,0,0,0,0,1,1,4,1,10,2,-1,-1,-1,7,1,7
2016460070216,2,9,0,5,0,1,0,0,0,0,3,1,1,1,48,8,1598,2,4,6,1,6
2016460070217,1,9,0,17,0,0,2,10,8,11,3,1,6,1,23,5,-1,-1,-1,7,1,7
2016460070235,1,9,0,18,0,0,0,4,0,0,1,1,6,1,49,8,1598,2,3,10,2,10
2016460070235,2,9,0,2,0,0,0,0,0,0,2,1,6,3,-1,-1,-1,-1,-1,-1,-1,-1
2016460070238,1,9,0,18,0,1,0,0,0,0,1,1,6,1,29,6,2000,2,10,10,3,10
2016460070238,2,9,0,18,0,1,0,0,0,0,2,1,6,1,19,4,1998,2,10,10,3,10
2016460070249,1,11,0,18,0,1,0,0,0,0,0,1,6,1,56,9,9000,2,7,6,3,6
2016460070253,1,9,0,18,0,0,0,0,0,0,1,1,6,2,37,7,-1,-1,-1,-1,-1,-1
2016460070253,2,9,0,2,0,0,0,0,0,0,4,1,6,2,61,9,1998,1,22,9,2,9
2016460070315,1,9,0,18,0,0,0,0,4,6,1,1,6,1,71,10,1598,1,11,5,1,5
2016460070320,1,9,0,5,0,2,0,0,0,0,0,1,6,1,-1,-1,1995,2,8,-1,-1,-1
2016460070326,1,9,0,9,0,5,0,0,0,0,4,1,2,2,39,7,-1,-1,-1,10,2,10
2016460070326,2,5,0,18,0,1,1,0,0,0,1,1,2,1,24,5,644,1,10,9,3,9
2016460070343,1,9,0,18,0,1,0,0,1,0,3,1,6,1,41,7,1124,1,11,5,3,5
2016460070343,2,9,0,18,0,1,0,0,0,0,3,1,6,2,64,9,4554,1,14,9,1,9
2016460070344,1,9,0,9,0,4,0,0,0,0,1,1,6,2,56,9,1560,2,7,5,1,5
2016460070344,2,9,0,18,0,8,0,0,0,0,4,1,6,2,28,6,1198,1,2,8,1,8
2016460070353,1,9,0,13,0,1,0,0,0,0,4,1,2,1,33,6,-1,-1,-1,10,1,10
2016460070353,2,1,0,9,0,1,0,0,0,0,3,1,6,1,84,11,-1,-1,-1,8,3,8
2016460070369,1,9,0,1,0,6,0,0,0,0,2,1,6,2,49,8,1968,2,3,4,3,4
2016460070369,2,3,0,18,0,1,2,0,0,0,1,1,6,1,19,4,125,1,1,8,2,8
2016460070402,1,9,0,9,0,1,0,0,0,0,1,1,6,2,81,11,1988,1,12,9,1,9
2016460070402,2,9,0,18,0,1,0,0,0,0,1,1,6,2,31,6,1596,1,13,6,1,6
2016460070402,3,9,0,4,0,1,0,0,0,0,1,1,6,1,61,9,1195,1,19,9,2,9
2016460070407,1,9,0,12,0,2,0,0,0,0,4,1,6,1,49,8,1796,1,13,5,1,5
2016460070407,2,5,0,18,0,2,0,0,0,0,3,1,6,1,27,6,599,1,19,3,1,3
2016460070415,1,9,0,4,0,1,0,0,0,0,2,1,6,2,23,5,1686,2,3,5,1,5
2016460070415,2,9,0,4,0,1,0,0,0,0,1,1,6,1,55,8,973,1,13,6,1,6
2016460070415,3,9,0,4,0,1,0,0,0,0,1,1,6,2,20,4,998,1,8,4,1,4
2016460070437,1,9,0,4,9,6,0,0,0,0,1,1,6,1,66,10,2993,2,3,9,1,9
2016460070454,1,9,0,9,0,6,0,0,0,0,1,1,1,2,49,8,-1,-1,-1,10,1,10
2016460070454,2,9,0,18,0,1,0,0,0,0,3,1,6,2,-1,-1,1988,1,13,5,2,5
2016460070462,1,2,0,16,0,1,1,0,0,0,3,1,1,1,39,7,48,1,7,9,1,9
2016460070462,2,9,0,3,0,1,0,0,0,0,0,1,6,1,-1,-1,-1,-1,-1,-1,-1,-1
2016460070471,1,9,0,9,0,5,1,0,0,0,1,1,6,1,34,6,1598,1,6,7,1,7
2016460070471,2,1,0,18,0,1,0,0,0,0,2,1,6,1,14,3,-1,-1,-1,2,1,2
2016460070480,1,9,0,18,0,8,0,0,0,0,1,1,6,1,58,9,-1,-1,-1,-1,-1,-1
2016460070480,2,9,0,18,0,3,0,0,0,0,4,1,6,1,19,4,1398,1,1,5,1,5
2016460070491,1,9,0,9,0,5,0,0,0,0,4,1,2,1,21,5,1000,1,16,8,1,8
2016460070491,2,9,0,18,0,1,0,0,0,0,1,1,2,1,45,7,1995,2,10,9,3,9
2016460070500,1,9,0,18,0,1,0,0,0,0,3,1,6,2,22,5,1395,1,-1,10,2,10
2016460070504,1,9,0,1,0,0,0,0,0,0,2,1,6,3,-1,-1,-1,-1,-1,-1,-1,-1
2016460070504,2,9,0,3,0,0,0,0,0,0,1,1,1,2,32,6,1968,2,3,2,1,2
2016460070519,1,19,0,16,0,0,0,0,0,0,4,1,1,1,24,5,2198,2,2,9,1,9
2016460070519,2,9,0,17,0,0,0,0,0,0,4,1,1,1,57,9,1997,1,1,4,2,4
2016460070524,1,9,0,17,0,1,0,0,1,10,1,1,6,1,62,9,1560,2,6,9,1,9
2016460070528,1,9,0,5,0,8,0,0,0,0,1,1,2,2,25,5,1753,2,14,2,1,2
2016460070528,2,9,0,18,0,1,0,0,0,0,4,1,2,2,25,5,1199,2,3,5,1,5
2016460070539,1,9,0,9,0,5,0,0,0,0,1,1,6,1,19,4,1368,1,5,8,3,8
2016460070539,2,9,0,18,0,1,0,0,0,0,1,1,6,1,72,10,1587,1,11,9,1,9
2016460070540,1,9,0,16,0,0,1,0,7,4,1,1,6,1,36,7,1598,1,13,7,1,7
2016460070544,1,9,0,12,0,0,0,0,0,0,0,1,6,3,-1,-1,-1,-1,-1,-1,-1,-1
2016460070544,2,1,0,18,0,0,0,10,0,0,1,1,1,1,36,7,-1,-1,-1,9,1,9
2016460070551,1,9,0,18,0,0,0,0,0,0,1,1,6,1,25,5,-1,-1,-1,-1,-1,-1
2016460070551,2,9,0,4,0,0,0,0,0,0,2,1,6,2,26,6,1360,1,9,9,1,9
2016460070551,3,9,0,3,0,0,0,0,0,0,2,1,6,2,21,5,1360,1,10,7,3,7
2016460070554,1,9,0,1,0,2,0,0,0,0,2,1,3,1,25,5,1998,2,14,1,1,1
2016460070554,2,9,0,18,0,1,0,0,0,0,1,1,2,2,38,7,1229,1,9,2,1,2
2016460070559,1,5,0,16,0,2,0,0,7,7,1,1,6,1,27,6,-1,-1,-1,5,2,5
2016460070563,1,1,0,18,0,1,0,0,0,0,1,1,6,1,26,6,-1,-1,-1,-1,-1,-1
2016460070563,2,9,0,3,0,1,0,0,0,0,4,1,1,1,62,9,1997,2,4,2,1,2
2016460070687,1,9,0,4,0,0,1,0,1,0,3,1,6,2,61,9,-1,-1,-1,-1,-1,-1
2016460070687,2,9,0,18,0,0,0,0,0,0,2,1,2,1,29,6,-1,-1,-1,6,1,6
2016460070703,1,9,0,18,0,0,1,4,0,0,1,1,6,1,18,4,1984,1,15,5,1,5
2016460070703,2,19,0,2,0,0,0,4,0,0,2,1,6,1,31,6,2198,2,2,5,3,5
2016460070703,3,19,0,2,0,0,0,0,0,0,1,1,6,1,31,6,2143,2,-1,5,3,5
2016460070706,1,9,0,18,0,0,0,0,0,0,1,1,6,1,35,6,1910,2,11,9,2,9