Accident_Index,Vehicle_Reference,Vehicle_Type,Towing_and_Articulation,Vehicle_Manoeuvre,Vehicle_Location-Restricted_Lane,Junction_Location,Skidding_and_Overturning,Hit_Object_in_Carriageway,Vehicle_Leaving_Carriageway,Hit_Object_off_Carriageway,1st_Point_of_Impact,Was_Vehicle_Left_Hand_Drive?,Journey_Purpose_of_Driver,Sex_of_Driver,Age_of_Driver,Age_Band_of_Driver,Engine_Capacity_(CC),Propulsion_Code,Age_of_Vehicle,Driver_IMD_Decile,Driver_Home_Area_Type,Vehicle_IMD_Decile
2016460081602,2,9,0,4,0,0,0,0,0,0,3,1,6,1,20,4,1242,1,10,7,3,7
2016460081616,1,9,0,18,0,8,0,0,0,0,2,1,6,1,-1,-1,1598,1,11,8,1,8
2016460081616,2,19,0,18,0,1,0,0,0,0,1,1,6,2,22,5,2198,2,9,6,3,6
2016460081616,3,9,0,18,0,1,0,0,0,0,2,1,6,1,-1,-1,2143,2,4,5,1,5
2016460081616,4,21,0,18,0,1,0,0,0,0,2,1,6,3,-1,-1,-1,-1,-1,-1,-1,-1
2016460081669,1,9,0,18,0,0,1,4,0,0,1,1,2,1,43,7,1796,1,15,8,1,8
2016460081669,2,9,0,2,0,0,0,0,0,0,2,1,6,1,-1,-1,1951,2,14,-1,-1,-1
2016460081709,1,9,0,-1,-1,-1,0,-1,-1,0,-1,1,6,1,32,6,2199,2,3,9,1,9
2016460081709,2,9,0,-1,-1,-1,0,-1,-1,0,-1,1,6,2,43,7,1596,1,15,5,1,5
2016460081838,1,9,0,18,0,0,0,0,0,0,1,1,6,1,-1,-1,1798,1,11,-1,-1,-1
2016460081838,2,9,0,3,0,0,0,0,0,0,2,1,6,1,19,4,1398,1,4,10,3,10
2016460081851,1,21,0,5,8,6,0,0,0,0,0,1,2,1,48,8,-1,-1,-1,-1,-1,-1
2016460081851,2,9,0,16,0,8,0,0,0,0,2,1,6,2,55,8,1150,1,9,5,1,5
2016460081851,3,9,0,16,0,8,0,0,0,0,1,1,6,2,19,4,1199,1,12,9,2,9
2016460081857,1,1,0,18,0,0,0,0,0,0,1,1,6,1,15,3,-1,-1,-1,3,1,3
2016460081857,2,9,0,18,0,0,0,0,0,0,3,1,6,1,48,8,-1,-1,-1,3,1,3
2016460081888,1,9,0,18,0,0,1,0,1,3,1,1,2,1,29,6,1199,1,16,6,1,6
2016460081894,1,9,0,18,0,0,0,0,0,0,1,1,6,2,27,6,1299,1,9,6,1,6
2016460081894,2,9,0,4,0,0,0,0,0,0,2,1,1,1,42,7,1598,1,5,7,1,7
2016460081934,1,11,0,4,0,0,0,0,0,0,0,1,1,1,46,8,6370,2,4,8,1,8
2016460081940,1,9,0,18,0,2,0,0,0,0,4,1,6,1,22,5,1199,1,15,3,1,3
2016460081976,1,2,0,18,0,6,0,0,0,0,4,1,6,1,15,3,49,1,12,4,1,4
2016460081976,2,9,0,18,0,8,0,0,0,0,1,1,1,1,46,8,2179,2,13,1,1,1
2016460082026,1,9,0,18,0,1,0,0,0,0,1,1,6,1,-1,-1,1870,2,13,-1,-1,-1
2016460082026,2,9,0,18,0,1,0,0,0,0,2,1,6,2,36,7,1598,1,2,6,2,6
2016460082028,1,9,0,18,0,1,5,10,0,0,1,1,2,2,34,6,1229,1,10,3,1,3
2016460082028,2,9,0,9,0,1,0,0,0,0,2,1,2,1,26,6,1999,1,8,4,3,4
2016460082121,1,9,0,3,0,0,0,0,0,0,1,1,6,1,-1,-1,1968,2,11,-1,-1,-1
2016460082121,2,9,0,3,0,0,0,0,0,0,2,1,6,1,28,6,1248,2,6,7,1,7
2016460082143,1,9,0,18,0,0,0,0,1,0,1,1,6,1,70,10,1598,2,1,-1,-1,-1
2016460082182,1,9,0,9,0,8,0,0,0,0,4,1,6,1,46,8,-1,-1,-1,5,1,5
2016460082182,2,9,0,18,0,1,0,0,1,0,1,1,6,2,47,8,1598,1,7,4,3,4
2016460082195,1,9,0,18,0,6,0,0,0,0,1,1,6,2,43,7,1390,1,5,9,3,9
2016460082195,2,9,0,18,0,8,0,0,7,1,2,1,6,2,31,6,1910,2,8,6,2,6
2016460082198,1,3,0,13,0,0,0,0,0,0,0,1,6,1,18,4,125,1,-1,6,1,6
2016460082198,2,17,0,18,0,0,0,0,0,0,0,1,1,1,27,6,6728,2,2,-1,-1,-1
2016460082203,1,9,0,5,0,6,0,0,0,0,0,1,6,1,67,10,2993,2,11,9,3,9
2016460082203,2,11,0,4,0,1,0,0,0,0,2,1,1,1,53,8,10000,2,27,4,1,4
2016460082203,3,5,0,4,0,1,1,0,0,0,1,1,6,1,49,8,748,1,10,3,1,3
2016460082207,1,9,0,3,0,1,0,0,0,0,1,1,2,1,24,5,1596,1,11,7,1,7
2016460082207,2,9,0,3,0,1,0,0,0,0,2,1,2,1,66,10,1388,1,10,6,3,6
2016460082210,1,9,0,18,0,0,1,0,0,0,3,1,6,1,61,9,1276,1,44,9,2,9
2016460082210,2,9,0,18,0,0,0,4,0,0,3,1,6,1,78,11,1098,1,50,9,3,9
2016460082210,3,9,0,2,0,0,0,0,0,0,3,1,6,1,26,6,1149,1,3,7,3,7
2016460082219,1,9,0,4,0,0,0,0,0,0,1,1,1,1,-1,-1,1498,1,6,-1,-1,-1
2016460082219,2,9,0,3,0,0,0,0,0,0,2,1,6,2,52,8,1497,8,2,8,1,8
2016460082220,1,9,0,18,0,1,0,0,0,0,1,1,6,3,-1,-1,1196,1,20,5,1,5
2016460082220,2,9,0,18,0,8,0,0,0,0,3,1,6,1,58,9,-1,-1,-1,2,1,2
2016460082252,1,9,0,18,0,1,0,0,0,0,0,1,6,1,59,9,1248,2,9,-1,-1,-1
2016460082279,1,9,0,18,0,2,0,0,0,0,3,1,6,1,81,11,1798,8,4,8,1,8
2016460082294,1,9,0,18,0,0,0,0,7,11,0,1,6,1,29,6,1984,1,1,5,3,5
2016460082312,1,9,0,18,0,0,1,0,4,6,1,1,6,2,38,7,2143,2,1,9,1,9
2016460082447,1,9,0,5,0,1,0,0,0,0,3,1,6,1,47,8,1995,1,12,2,1,2
2016460082447,2,9,0,18,0,1,0,0,0,0,1,1,6,2,34,6,1997,2,15,3,1,3
2016460082609,1,9,0,17,0,0,0,0,0,0,3,1,6,1,19,4,1796,1,19,2,3,2
2016460082609,2,9,0,16,0,0,0,0,0,0,3,1,6,1,42,7,1598,1,10,5,1,5
2016460082615,1,9,0,9,0,6,0,0,7,0,3,1,6,2,47,8,2496,2,11,5,1,5
2016460082615,2,9,0,18,0,8,0,0,0,0,1,1,2,2,18,4,998,1,-1,-1,-1,-1
2016460082615,3,9,0,18,0,8,0,0,0,0,1,1,1,1,84,11,1598,2,-1,6,3,6
2016460082631,1,9,0,1,0,6,0,0,0,0,2,1,6,1,68,10,1390,1,7,7,1,7
2016460082631,2,3,0,18,0,8,1,0,0,0,0,1,6,1,21,5,125,1,2,4,1,4
2016460082631,3,9,0,18,0,1,0,0,0,0,3,1,6,1,38,7,1198,1,1,5,1,5
2016460082634,1,9,0,18,0,0,0,0,0,0,1,1,6,1,55,8,2993,2,7,5,1,5
2016460082634,2,9,0,4,0,0,0,0,0,0,1,1,6,1,48,8,-1,-1,-1,10,1,10
2016460082634,3,9,0,4,0,0,0,0,0,0,1,1,6,2,43,7,1598,2,6,4,2,4
2016460082639,1,9,0,18,0,0,0,0,0,0,1,1,6,1,26,6,1995,2,7,8,3,8
2016460082639,2,9,0,18,0,0,0,0,4,0,3,1,6,2,57,9,-1,-1,-1,9,1,9
2016460082641,1,9,0,18,0,0,0,0,0,0,1,1,1,1,34,6,1598,1,7,3,2,3
2016460082641,2,9,0,4,0,0,0,0,0,0,2,1,6,2,23,5,1390,1,14,8,1,8
2016460082641,3,9,0,10,0,0,0,0,0,0,2,1,6,1,37,7,1896,2,18,7,3,7
2016460082657,1,1,0,7,0,8,1,0,0,0,4,1,1,1,42,7,-1,-1,-1,7,1,7
2016460082681,1,9,0,4,0,2,0,0,0,0,3,1,6,1,58,9,2440,2,26,6,1,6
2016460082681,2,9,0,4,0,8,0,0,0,0,3,1,6,2,34,6,1783,1,14,6,1,6
2016460082693,1,9,0,7,0,6,0,0,0,0,3,1,6,3,-1,-1,1124,1,6,-1,-1,-1
2016460082693,2,9,0,7,0,5,0,0,0,0,3,1,6,2,45,7,1995,2,13,3,2,3
2016460082704,1,19,0,18,0,0,0,0,0,0,1,1,1,1,35,6,2143,2,7,6,1,6
2016460082704,2,9,0,4,0,0,0,0,0,0,1,1,6,1,22,5,-1,-1,-1,6,2,6
2016460082704,3,9,0,4,0,0,0,0,0,0,2,1,6,1,35,6,-1,-1,-1,8,2,8
2016460082704,4,9,0,18,0,0,0,0,0,0,2,1,6,1,35,6,1988,1,17,4,1,4
2016460082704,5,9,0,18,0,0,0,0,0,0,2,1,6,2,45,7,1598,1,5,5,1,5
2016460082716,1,9,0,18,0,0,1,0,1,0,1,1,1,1,31,6,1910,2,8,4,1,4
2016460082726,1,9,0,4,0,0,0,0,0,0,1,1,6,2,36,7,2494,1,17,4,1,4
2016460082726,2,9,0,4,0,0,0,0,0,0,2,1,6,2,56,9,999,1,1,8,3,8
2016460082726,3,9,0,4,0,0,0,0,0,0,2,1,6,2,42,7,1368,1,3,-1,-1,-1
2016460082728,1,3,0,18,0,2,0,0,1,0,0,1,6,1,18,4,124,1,4,6,3,6
2016460082745,1,21,1,18,0,0,0,0,0,0,1,1,1,1,58,9,5880,2,8,9,1,9
2016460082745,2,21,1,2,0,0,1,0,1,4,3,1,1,1,29,6,-1,-1,-1,-1,-1,-1
2016460082761,1,9,0,18,0,0,0,0,0,0,1,1,2,1,44,7,1968,2,1,8,1,8
2016460082761,2,9,0,3,0,0,0,0,0,0,2,1,2,1,45,7,1242,1,15,3,1,3
2016460082788,1,9,0,4,0,0,0,0,0,0,1,1,6,1,19,4,1296,1,10,8,2,8
2016460082788,2,9,0,4,0,0,0,0,0,0,2,1,6,2,43,7,2143,2,2,4,2,4
2016460082790,1,5,0,4,0,8,1,0,0,0,1,1,6,1,71,10,1052,1,18,9,1,9
2016460082796,1,19,0,4,0,0,0,0,0,0,1,1,2,1,25,5,1753,2,14,4,1,4
2016460082796,2,9,0,3,0,0,0,0,0,0,2,1,3,2,27,6,1596,1,4,6,3,6
2016460082796,3,9,0,3,0,0,0,0,0,0,2,1,3,2,41,7,1596,1,7,4,1,4
2016460082796,4,9,0,3,0,0,0,0,0,0,2,1,2,1,53,8,1796,1,12,-1,-1,-1
2016460082796,5,9,0,3,0,0,0,0,0,0,2,1,6,2,57,9,1997,2,6,6,1,6
2016460082819,1,9,0,9,0,8,0,0,0,0,3,1,6,1,30,6,1796,1,7,2,1,2
2016460082819,2,2,0,18,0,6,0,0,0,0,1,1,6,1,16,4,49,1,2,2,1,2
2016460082839,1,9,0,18,0,0,0,0,1,4,1,1,6,1,70,10,1587,1,13,4,2,4
2016460082874,1,4,0,16,0,0,0,0,0,0,0,1,1,1,57,9,1200,1,20,6,1,6
2016460082874,2,5,0,16,0,0,0,0,0,0,4,1,1,1,54,8,1340,1,23,7,1,7
2016460082881,1,1,0,18,0,0,0,0,0,0,2,1,6,1,13,3,-1,-1,-1,5,1,5
2016460082881,2,5,0,15,0,0,0,0,0,0,1,1,6,1,28,6,645,1,14,6,1,6
2016460082883,1,9,0,9,0,1,0,0,0,0,3,1,6,1,59,9,1968,2,8,5,3,5
2016460082883,2,9,0,18,0,8,0,0,0,0,4,1,6,2,68,10,1596,1,5,5,2,5
2016460082986,1,9,0,18,0,0,0,0,1,0,1,1,6,1,63,9,1461,2,12,6,1,6
2016460082999,1,9,0,18,0,0,0,0,0,0,1,1,6,3,-1,-1,1968,2,11,-1,-1,-1
2016460083055,1,19,0,18,0,0,0,0,0,0,4,1,1,1,36,7,-1,-1,-1,9,1,9
2016460083065,1,3,0,18,0,8,1,0,0,0,1,1,6,1,37,7,124,1,-1,3,1,3
2016460083065,2,9,0,1,0,6,0,0,0,0,2,1,6,2,50,8,2993,2,3,9,1,9
2016460083065,3,9,0,2,0,2,0,0,0,0,2,1,6,3,-1,-1,-1,-1,-1,-1,-1,-1
2016460083068,1,9,0,2,0,1,0,0,0,0,3,1,6,1,81,11,1248,1,6,5,1,5
2016460083068,2,1,0,18,0,6,0,0,0,0,1,1,6,2,63,9,-1,-1,-1,5,1,5
2016460083069,1,3,0,3,0,0,0,0,0,0,1,1,6,2,37,7,-1,-1,-1,-1,-1,-1
2016460083069,2,9,0,3,0,0,0,0,0,0,1,1,6,1,49,8,1968,2,5,8,1,8
2016460083069,3,9,0,3,0,0,0,0,0,0,0,1,6,1,46,8,1461,2,1,6,1,6
2016460083072,1,9,0,18,0,2,0,0,0,0,1,1,6,2,26,6,996,1,6,4,1,4
2016460083073,1,9,0,18,0,0,0,0,0,0,1,1,6,1,27,6,973,1,16,6,1,6
2016460083073,2,9,0,18,0,0,0,0,0,0,1,1,6,2,50,8,1229,1,7,8,1,8
2016460083084,1,9,0,9,0,8,0,0,0,0,1,1,6,1,44,7,1995,2,11,3,1,3
2016460083084,2,2,0,18,0,8,0,0,0,0,3,1,6,1,47,8,50,1,-1,6,1,6
2016460083088,1,9,0,9,0,6,0,0,1,0,4,1,6,2,28,6,1968,2,10,9,1,9
2016460083088,2,9,0,18,0,8,0,0,0,0,1,1,6,1,-1,-1,2688,2,15,7,3,7
2016460083103,1,9,0,18,0,1,0,0,0,0,1,1,6,1,38,7,1364,2,8,7,1,7
2016460083103,2,9,0,3,0,3,0,0,0,0,2,1,6,2,45,7,998,1,3,5,1,5
2016460083109,1,9,0,18,0,3,0,0,0,0,0,1,6,3,-1,-1,-1,-1,-1,-1,-1,-1
2016460083109,2,9,0,18,0,3,0,0,5,3,1,1,6,2,63,9,-1,-1,-1,3,1,3
2016460083133,1,9,0,18,0,0,0,0,0,0,1,1,6,1,21,5,1198,1,3,10,1,10
2016460083133,2,9,0,18,0,0,0,0,0,0,2,1,6,2,46,8,1969,2,-1,9,3,9
2016460083141,1,9,0,5,0,8,0,0,0,0,3,1,6,1,69,10,2776,2,4,10,1,10
2016460083141,2,4,0,17,0,8,0,0,0,0,1,1,6,1,49,8,749,1,15,4,2,4
2016460083161,1,9,0,18,0,0,0,0,0,0,1,1,6,1,33,6,1341,1,11,4,1,4
2016460083161,2,9,0,18,0,0,0,0,0,0,1,1,6,1,40,7,1598,2,-1,10,2,10
2016460083161,3,9,0,2,0,0,0,0,0,0,3,1,6,2,38,7,1124,1,13,6,3,6
2016460083176,1,2,0,18,0,1,0,0,0,0,0,1,6,1,18,4,-1,-1,-1,-1,-1,-1
2016460083176,2,3,0,18,0,1,0,0,0,0,1,1,6,1,27,6,124,1,8,7,1,7
2016460083195,1,9,0,4,0,0,1,0,0,0,1,1,2,2,20,4,1984,1,16,5,3,5
2016460083195,2,9,0,4,0,0,0,0,0,0,2,1,1,1,40,7,-1,-1,-1,10,3,10
2016460083196,1,9,0,18,0,0,0,0,0,0,4,1,6,1,-1,-1,-1,-1,-1,-1,-1,-1
2016460083200,1,9,0,18,0,6,0,0,0,0,2,1,6,1,84,11,1948,1,16,1,1,1
2016460083200,2,9,0,18,0,8,0,0,0,0,1,1,6,1,48,8,1596,1,10,3,1,3
2016460083223,1,9,0,9,0,2,0,0,0,0,1,1,6,2,56,9,1598,1,14,3,1,3
2016460083223,2,9,0,18,0,1,0,0,0,0,1,1,6,2,52,8,2497,2,10,1,1,1
2016460083282,1,9,0,18,0,0,1,0,1,0,1,1,6,1,52,8,-1,-1,-1,4,3,4
2016460083284,1,9,0,17,0,0,1,0,1,0,1,1,6,1,33,6,2495,2,12,10,1,10
2016460083330,1,9,0,18,0,0,0,0,0,0,4,1,6,2,43,7,1149,1,17,9,1,9
2016460083330,2,9,0,2,0,0,0,0,0,0,3,1,6,2,52,8,2204,2,10,9,1,9
2016460083338,1,20,0,18,0,0,0,0,0,0,1,1,6,1,30,6,-1,-1,-1,3,1,3
2016460083338,2,9,0,18,0,0,0,0,0,0,2,1,6,1,85,11,1200,1,-1,7,1,7
2016460083338,3,9,0,13,0,0,0,0,0,0,0,1,1,1,40,7,1560,2,4,-1,-1,-1
2016460083378,1,9,0,9,0,5,1,0,0,0,1,1,6,2,20,4,1796,1,14,6,3,6
2016460083378,2,9,0,18,0,1,1,0,0,0,1,1,6,2,22,5,1390,1,10,8,1,8
2016460083403,1,9,0,9,0,5,0,0,0,0,1,1,2,1,72,10,2494,2,5,8,1,8
2016460083403,2,1,0,18,0,1,0,0,0,0,3,1,6,1,50,8,-1,-1,-1,9,1,9
2016460083404,1,9,0,18,0,0,0,12,0,0,1,1,6,2,52,8,1499,2,-1,-1,-1,-1
2016460083464,1,9,0,18,0,0,0,0,0,0,1,1,6,2,89,11,999,1,11,4,3,4
2016460083464,2,21,0,2,0,0,0,0,0,0,2,1,1,1,50,8,6700,2,1,4,3,4
2016460083481,1,9,0,18,0,0,1,0,0,0,1,1,6,1,33,6,1798,8,4,2,1,2
2016460083515,1,9,0,18,0,1,0,0,0,0,4,1,6,1,24,5,1339,1,9,6,3,6
2016460083515,2,9,0,18,0,1,0,0,0,0,4,1,6,1,29,6,-1,-1,-1,8,3,8
2016460083535,1,19,0,2,0,1,0,0,0,0,0,1,6,1,62,9,2143,2,2,8,1,8
2016460083535,2,9,0,18,0,1,0,0,0,0,4,1,6,1,65,9,1398,2,13,2,1,2
2016460083535,3,1,0,18,0,6,0,0,0,0,3,1,6,1,10,2,-1,-1,-1,6,1,6
2016460083542,1,9,0,9,0,6,0,0,0,0,3,1,6,2,63,9,1598,1,10,3,1,3
2016460083542,2,9,0,18,0,1,0,0,0,0,1,1,6,1,37,7,1388,1,13,9,1,9
2016460083545,1,21,0,9,0,5,0,0,0,0,2,1,1,1,56,9,10837,2,6,-1,-1,-1
2016460083639,1,9,0,9,0,5,0,0,0,0,4,1,2,1,23,5,1896,2,14,6,1,6
2016460083639,2,3,0,18,0,1,0,0,0,0,1,1,2,2,24,5,125,1,3,4,1,4
2016460083643,1,9,0,18,0,0,0,0,0,0,0,1,6,2,78,11,1956,2,3,-1,-1,-1
2016460083645,1,9,0,7,0,1,0,0,0,0,1,1,6,2,40,7,1769,1,12,8,1,8
2016460083645,2,9,0,18,0,1,0,0,0,0,1,1,6,1,54,8,998,1,17,6,1,6
2016460083674,1,9,0,18,0,1,0,0,0,0,1,1,6,2,64,9,1388,1,9,10,1,10
2016460083675,1,9,0,13,0,0,0,0,0,0,2,1,6,1,65,9,1461,2,6,9,2,9
2016460083675,2,11,0,18,0,0,0,0,0,0,1,1,1,1,62,9,3900,2,10,6,2,6
2016460083725,1,9,0,9,0,1,0,0,0,0,1,1,6,1,37,7,1242,1,15,2,1,2
2016460083725,2,1,0,18,0,1,0,0,0,0,1,1,6,2,19,4,-1,-1,-1,3,1,3
2016460083768,1,9,0,18,0,6,0,0,0,0,3,1,6,1,-1,-1,2765,2,23,4,3,4
2016460083768,2,3,0,18,0,1,5,7,7,0,1,1,6,1,23,5,124,1,7,1,1,1
2016460083781,1,9,0,5,0,0,0,0,0,0,1,1,6,1,49,8,1598,1,6,7,1,7
2016460083781,2,1,0,18,0,0,1,0,0,0,1,1,6,1,27,6,-1,-1,-1,3,1,3
2016460083821,1,9,0,18,0,0,0,0,0,0,3,1,6,1,31,6,2000,2,17,6,1,6
2016460083858,1,3,0,17,0,0,1,0,0,0,0,1,6,1,40,7,124,1,1,2,1,2
2016460083865,1,9,0,2,0,0,0,0,0,0,0,1,1,1,70,10,1582,2,2,2,1,2
2016460083887,1,9,0,7,0,8,0,0,0,0,3,1,6,2,39,7,-1,-1,-1,-1,-1,-1
2016460083887,2,9,0,4,0,8,0,0,0,0,4,1,6,2,39,7,1598,1,12,-1,-1,-1
2016460083894,1,9,0,9,0,2,0,0,0,0,1,1,6,1,36,7,1968,2,8,-1,-1,-1
2016460083894,2,9,0,17,0,1,0,0,0,0,4,1,6,1,63,9,1997,2,6,4,1,4
2016460083909,1,9,0,5,0,1,0,0,0,0,1,1,6,1,24,5,2500,1,18,2,1,2
2016460083909,2,9,0,3,0,1,0,0,0,0,2,1,6,2,41,7,1198,1,3,7,2,7
2016460083911,1,9,0,9,0,2,0,0,0,0,0,1,6,2,19,4,1198,1,13,6,1,6
2016460083911,2,1,0,18,0,1,0,0,0,0,0,1,6,1,41,7,-1,-1,-1,7,1,7
2016460083920,1,9,0,18,0,4,0,0,1,2,0,1,6,3,-1,-1,1995,2,10,-1,-1,-1
2016460083945,1,3,0,18,0,0,0,0,0,0,0,1,6,1,19,4,124,1,15,3,1,3
2016460084144,1,9,0,17,0,0,0,0,0,0,1,1,6,3,-1,-1,1796,1,17,-1,-1,-1
2016460084144,2,19,0,16,0,0,0,0,0,0,3,1,6,1,30,6,1753,2,8,9,1,9
2016460084147,1,9,0,16,0,0,0,0,0,0,1,1,6,1,18,4,973,1,14,4,3,4
2016460084147,2,9,0,17,0,0,0,0,0,0,3,1,6,1,36,7,1200,1,-1,6,1,6
2016460084148,1,19,0,4,0,1,0,0,0,0,1,1,1,1,20,4,1753,2,12,1,3,1
2016460084148,2,9,0,9,0,1,0,0,0,0,2,1,2,1,59,9,-1,-1,-1,8,1,8
2016460084156,1,9,0,3,0,6,0,0,0,0,0,1,6,1,34,6,1598,1,17,1,1,1
2016460084156,2,9,0,3,0,6,0,0,0,0,0,1,6,2,25,5,1199,2,5,7,1,7
2016460084163,1,21,0,18,0,2,0,0,0,0,0,1,1,1,25,5,12777,2,3,3,1,3
2016460084170,1,9,0,18,0,0,0,0,0,0,1,1,6,2,57,9,1248,1,7,5,2,5
2016460084170,2,9,0,2,0,0,0,0,0,0,4,1,6,1,51,8,1951,2,14,4,2,4
2016460084185,1,97,0,18,0,0,0,0,0,0,1,1,6,1,-1,-1,-1,-1,-1,-1,-1,-1
2016460084185,2,2,0,18,0,0,0,0,0,0,1,1,6,1,29,6,124,1,2,6,1,6
2016460084190,1,9,0,18,0,0,0,0,0,0,3,1,6,2,89,11,1242,1,3,5,2,5
2016460084190,2,9,0,18,0,0,0,0,0,0,3,1,6,2,32,6,2360,1,15,10,1,10
2016460084191,1,9,0,18,0,0,0,0,0,0,0,1,6,2,26,6,1598,1,-1,1,1,1
2016460084200,1,21,0,7,0,0,0,0,0,0,1,1,1,1,61,9,10677,2,2,5,1,5
2016460084200,2,5,0,16,0,0,0,0,0,0,4,1,6,1,64,9,649,1,14,7,1,7
2016460084203,1,9,0,9,0,2,0,0,0,0,1,1,1,1,57,9,1910,2,12,3,1,3
2016460084203,2,9,0,18,0,1,0,0,0,0,1,1,2,1,27,6,1995,2,4,1,1,1
2016460084204,1,9,0,9,0,6,0,0,0,0,1,1,6,2,29,6,1499,2,1,1,1,1
2016460084204,2,9,0,18,0,8,0,0,0,0,3,1,1,1,53,8,-1,-1,-1,-1,-1,-1
2016460084208,1,9,0,9,0,6,0,0,0,0,0,1,6,3,-1,-1,-1,-1,-1,-1,-1,-1
2016460084208,2,9,0,8,0,1,0,0,1,0,3,1,6,2,54,8,1198,1,2,6,2,6
2016460084208,3,9,0,18,0,8,0,0,0,0,1,1,2,1,21,5,1229,1,5,7,2,7
2016460084225,1,9,0,9,0,1,0,0,0,0,1,1,6,2,60,9,2143,2,-1,8,2,8
2016460084225,2,9,0,18,0,1,0,0,0,0,1,1,6,1,59,9,1956,2,3,5,2,5
2016460084225,3,9,0,10,0,1,0,0,0,0,1,1,6,1,49,8,-1,-1,-1,4,1,4
2016460084243,1,9,0,18,0,6,0,0,0,0,3,1,6,1,30,6,-1,-1,-1,5,1,5
2016460084243,2,9,0,18,0,8,0,0,0,0,1,1,6,1,48,8,1396,1,2,6,3,6
2016460084249,1,9,0,18,0,0,0,0,0,0,1,1,6,1,72,10,1997,2,3,10,3,10
2016460084249,2,1,0,18,0,0,0,0,0,0,1,1,6,1,11,3,-1,-1,-1,8,1,8
2016460084275,1,9,0,18,0,0,0,0,0,0,1,1,3,1,87,11,1389,1,21,5,1,5
2016460084275,2,9,0,18,0,0,0,0,0,0,1,1,6,2,39,7,1798,1,15,-1,-1,-1
2016460084292,1,9,0,18,0,1,0,0,0,0,1,1,6,2,42,7,-1,-1,-1,3,1,3
2016460084292,2,10,0,3,0,1,0,0,0,0,2,1,1,1,25,5,-1,-1,-1,2,1,2
2016460084372,1,9,0,18,0,0,1,0,0,0,4,1,1,2,44,7,2143,2,1,6,3,6
2016460084399,1,5,0,3,0,2,0,0,0,0,4,1,6,1,66,10,1801,1,1,2,1,2
2016460084399,2,21,0,12,0,2,0,0,0,0,3,2,1,1,37,7,-1,-1,-1,-1,-1,-1
2016460084402,1,9,0,4,0,1,0,0,0,0,2,1,1,2,57,9,995,1,9,1,2,1
2016460084402,2,9,0,18,0,1,0,0,0,0,1,1,6,2,82,11,1198,1,9,6,1,6
2016460084454,1,9,0,9,0,6,0,0,0,0,3,1,6,1,50,8,1896,2,11,3,1,3
2016460084454,2,9,0,18,0,1,0,0,0,0,4,1,2,2,36,7,1299,1,15,9,1,9
2016460084461,1,9,0,3,0,1,0,0,0,0,1,1,6,1,28,6,1389,1,13,5,1,5
2016460084461,2,9,0,3,0,1,0,0,0,0,2,1,2,1,37,7,1496,2,1,-1,-1,-1
2016460084468,1,9,0,4,0,0,0,0,0,0,1,1,6,1,24,5,1197,1,-1,5,1,5
2016460084483,1,9,0,11,0,0,1,0,1,7,4,1,6,2,35,6,1299,1,11,-1,-1,-1
2016460084483,2,9,0,12,0,0,0,0,0,0,0,1,6,3,32,6,-1,-1,-1,-1,-1,-1
2016460084484,1,9,0,5,0,7,0,0,0,0,1,1,2,2,39,7,1997,1,10,3,1,3
2016460084484,2,9,0,8,0,7,0,0,0,0,2,1,2,1,25,5,1229,1,7,10,1,10
2016460084484,3,9,0,8,0,7,0,0,0,0,2,1,2,2,47,8,2204,2,8,9,1,9
2016460084564,1,9,0,17,0,0,0,0,0,0,1,1,6,2,24,5,1461,2,1,9,1,9
2016460084564,2,9,0,17,0,0,0,0,0,0,2,1,6,1,25,5,1951,2,11,7,3,7
2016460084595,1,9,0,18,0,8,0,0,0,0,4,1,6,1,33,6,2987,2,7,3,1,3
2016460084670,1,4,0,18,0,3,2,0,0,0,0,1,6,1,66,10,1312,1,9,10,1,10
2016460084722,1,9,0,13,0,0,2,0,1,7,4,1,6,1,27,6,1198,1,10,5,1,5
2016460084736,1,9,0,1,9,6,0,0,0,0,2,1,6,2,48,8,1390,1,3,7,1,7
2016460084736,2,1,0,2,9,8,0,0,0,0,1,1,6,2,7,2,-1,-1,-1,7,1,7
2016460084758,1,9,0,18,0,0,0,0,0,0,1,1,2,2,34,6,998,1,2,-1,-1,-1
2016460084758,2,9,0,3,0,0,0,0,0,0,2,1,2,1,29,6,1560,2,2,6,3,6
2016460084758,3,9,0,3,0,0,0,0,0,0,2,1,6,2,40,7,1968,1,9,9,1,9
2016460084779,1,9,0,4,0,0,0,0,0,0,1,1,6,2,18,4,1390,1,14,1,1,1
2016460084779,2,9,0,4,0,0,0,0,0,0,2,1,6,2,27,6,1968,2,6,8,2,8
2016460084779,3,9,0,4,0,0,0,0,0,0,2,1,6,2,46,8,1596,1,7,9,1,9
2016460084779,4,9,0,4,0,0,0,0,0,0,2,2,6,1,43,7,-1,-1,-1,9,2,9
2016460084852,1,9,0,17,0,0,0,0,0,0,0,1,6,3,35,6,-1,-1,-1,-1,-1,-1
2016460084852,2,9,0,16,0,0,2,0,1,0,1,1,6,1,17,4,1198,1,12,7,2,7
2016460084855,1,9,0,18,0,0,0,0,0,0,1,1,1,3,-1,-1,-1,-1,-1,-1,-1,-1