Accident_Index,Vehicle_Reference,Vehicle_Type,Towing_and_Articulation,Vehicle_Manoeuvre,Vehicle_Location-Restricted_Lane,Junction_Location,Skidding_and_Overturning,Hit_Object_in_Carriageway,Vehicle_Leaving_Carriageway,Hit_Object_off_Carriageway,1st_Point_of_Impact,Was_Vehicle_Left_Hand_Drive?,Journey_Purpose_of_Driver,Sex_of_Driver,Age_of_Driver,Age_Band_of_Driver,Engine_Capacity_(CC),Propulsion_Code,Age_of_Vehicle,Driver_IMD_Decile,Driver_Home_Area_Type,Vehicle_IMD_Decile
2016460084855,2,9,0,18,0,0,0,0,7,0,2,1,1,1,53,8,1598,1,1,9,2,9
2016460084855,3,9,0,18,0,0,0,0,0,0,2,1,1,1,33,6,1560,2,7,2,1,2
2016460084855,4,9,0,18,0,0,0,0,0,0,4,1,1,1,34,6,2993,2,8,7,1,7
2016460084870,1,9,0,5,0,0,0,0,0,0,1,1,6,2,51,8,-1,-1,-1,2,1,2
2016460084870,2,9,0,3,0,0,0,0,0,0,2,1,6,2,49,8,-1,-1,-1,2,1,2
2016460084887,1,9,0,18,0,1,0,0,0,0,4,1,6,2,29,6,1995,2,2,7,1,7
2016460084887,2,1,0,9,0,6,0,0,0,0,1,1,6,1,10,2,-1,-1,-1,2,1,2
2016460084910,1,9,0,3,0,1,0,0,0,0,1,1,6,1,22,5,1390,1,9,3,1,3
2016460084910,2,9,0,3,0,1,0,0,0,0,2,1,2,1,28,6,1362,1,2,1,1,1
2016460084932,1,9,0,18,0,0,0,0,0,0,4,1,3,2,36,7,1796,1,3,5,1,5
2016460085029,1,9,0,18,0,1,0,0,7,10,1,1,1,1,39,7,1598,2,1,-1,-1,-1
2016460085029,2,9,0,9,0,5,0,0,1,0,3,1,2,2,32,6,1596,1,5,5,1,5
2016460085048,1,1,0,18,0,6,0,0,0,0,3,1,6,1,38,7,-1,-1,-1,-1,-1,-1
2016460085048,2,9,0,18,0,1,0,0,0,0,1,1,6,1,29,6,1995,2,12,4,2,4
2016460085063,1,9,0,8,0,1,0,0,0,0,1,1,2,1,44,7,1560,2,7,5,1,5
2016460085063,2,9,0,8,0,1,0,0,0,0,2,1,6,2,34,6,1386,1,9,8,2,8
2016460085073,1,1,0,18,0,2,0,0,0,0,1,1,4,1,11,3,-1,-1,-1,9,1,9
2016460085073,2,9,0,18,0,8,0,0,0,0,4,1,6,2,37,7,-1,-1,-1,9,1,9
2016460085082,1,9,0,18,0,1,1,0,0,0,1,1,6,1,26,6,-1,-1,-1,10,1,10
2016460085082,2,9,0,10,0,8,0,0,0,0,2,1,6,2,43,7,1124,1,14,4,3,4
2016460085084,1,19,0,14,0,0,0,0,0,0,2,1,1,1,-1,-1,2198,2,1,4,1,4
2016460085084,2,9,0,16,0,0,0,0,0,0,1,1,6,2,62,9,1461,2,1,6,2,6
2016460085121,1,9,0,18,0,0,0,0,0,0,3,1,6,1,-1,-1,1796,2,4,5,1,5
2016460085121,2,-1,0,18,0,0,0,0,0,0,3,1,6,3,-1,-1,-1,-1,-1,-1,-1,-1
2016460085125,1,9,0,9,0,5,0,0,0,0,1,1,6,1,21,5,-1,-1,-1,4,1,4
2016460085125,2,9,0,18,0,1,0,0,0,0,3,1,6,2,42,7,1598,1,10,9,1,9
2016460085180,1,9,0,11,0,1,0,0,0,0,1,1,6,2,35,6,1461,2,9,6,1,6
2016460085185,1,9,0,18,0,0,0,0,0,0,1,1,6,3,-1,-1,1968,2,11,-1,-1,-1
2016460085211,1,3,0,18,0,8,1,0,0,0,4,1,6,2,28,6,125,1,16,3,1,3
2016460085223,1,98,0,9,0,8,0,0,0,0,4,1,6,1,-1,-1,-1,-1,-1,-1,-1,-1
2016460085223,2,1,0,18,0,8,0,0,0,0,1,1,6,1,50,8,-1,-1,-1,-1,-1,-1
2016460085244,1,3,0,18,0,0,1,0,0,0,0,1,6,2,18,4,125,1,1,10,1,10
2016460085245,1,9,0,18,0,4,1,10,4,6,3,1,6,1,18,4,1598,1,4,9,1,9
2016460085289,1,2,0,18,0,0,0,0,0,0,0,1,6,1,27,6,124,1,15,4,1,4
2016460085313,1,9,0,17,0,8,0,0,2,7,1,1,6,2,73,10,1124,1,16,1,1,1
2016460085342,1,9,0,4,0,1,0,0,0,0,3,1,1,1,55,8,1560,2,3,6,1,6
2016460085357,1,20,0,9,0,5,0,0,0,0,3,1,1,1,23,5,-1,-1,-1,2,2,2
2016460085357,2,9,0,18,0,1,0,0,0,0,3,1,6,1,64,9,1956,2,3,6,1,6
2016460085379,1,9,0,9,0,1,0,0,0,0,4,1,6,1,48,8,2495,2,16,6,1,6
2016460085379,2,9,0,18,0,1,1,0,0,0,1,1,6,1,48,8,1200,1,26,4,1,4
2016460085489,1,9,0,9,0,6,0,0,0,0,1,1,6,1,43,7,-1,-1,-1,10,1,10
2016460085489,2,1,0,18,0,8,0,0,0,0,2,1,6,2,58,9,-1,-1,-1,9,1,9
2016460085493,1,9,0,7,0,8,1,4,0,0,2,1,6,1,21,5,1295,1,23,2,1,2
2016460085493,2,9,0,2,0,2,0,0,0,0,2,1,6,1,-1,-1,1299,1,15,-1,-1,-1
2016460085515,1,9,0,18,0,0,0,0,0,0,1,1,6,2,37,7,1995,2,3,2,1,2
2016460085515,2,9,0,4,0,0,0,0,0,0,2,1,1,1,41,7,1339,8,4,2,1,2
2016460085527,1,9,0,18,0,1,0,0,0,0,1,1,6,2,26,6,1388,1,12,4,1,4
2016460085527,2,9,0,18,0,1,0,0,0,0,2,1,6,2,19,4,1242,1,10,10,1,10
2016460085533,1,9,0,18,0,0,0,0,0,0,1,1,1,1,39,7,-1,-1,-1,6,1,6
2016460085533,2,9,0,3,0,0,0,0,0,0,1,1,3,2,44,7,1598,2,3,6,1,6
2016460085533,3,9,0,3,0,0,0,0,0,0,2,1,3,2,33,6,1360,1,12,4,1,4
2016460085552,1,9,0,11,0,8,0,0,0,0,0,1,6,1,62,9,-1,-1,-1,-1,-1,-1
2016460085552,2,9,0,18,0,8,0,11,1,0,1,1,1,1,29,6,1598,2,1,10,2,10
2016460085591,1,9,0,18,0,3,0,0,0,0,4,1,6,1,50,8,-1,-1,-1,-1,-1,-1
2016460085591,2,9,0,18,0,3,0,0,0,0,2,1,6,1,19,4,1995,2,5,6,1,6
2016460085608,1,9,0,4,0,1,0,0,0,0,1,1,6,2,39,7,1242,1,-1,9,1,9
2016460085608,2,9,0,4,0,1,0,0,0,0,2,1,1,2,41,7,-1,-1,-1,7,1,7
2016460085673,1,9,0,18,0,0,0,0,0,0,0,1,6,3,37,7,-1,-1,-1,-1,-1,-1
2016460085673,2,9,0,18,0,0,0,0,0,0,1,1,6,1,46,8,-1,-1,-1,9,1,9
2016460085673,3,9,0,18,0,0,0,0,0,0,2,1,6,2,26,6,1591,1,1,7,3,7
2016460085693,1,9,0,18,0,0,2,10,0,0,4,1,6,1,28,6,1390,1,13,6,1,6
2016460085713,1,20,1,11,0,1,0,0,0,0,4,1,1,1,58,9,-1,-1,-1,2,1,2
2016460085713,2,9,0,14,0,1,0,0,0,0,3,1,6,2,74,10,1997,2,7,8,1,8
2016460085729,1,9,0,17,0,5,2,0,1,0,1,1,2,2,28,6,1995,2,14,-1,-1,-1
2016460085732,1,9,0,18,0,1,0,0,0,0,1,1,2,1,31,6,-1,-1,-1,6,3,6
2016460085732,2,9,0,18,0,1,0,0,0,0,2,1,1,2,44,7,1399,2,5,-1,-1,-1
2016460085804,1,9,0,18,0,2,0,0,0,0,1,1,2,2,31,6,1398,1,2,5,1,5
2016460085804,2,9,0,18,0,2,0,0,0,0,3,1,6,1,72,10,1399,1,13,6,1,6
2016460085824,1,9,0,18,0,0,0,0,0,0,1,1,6,3,25,5,-1,-1,-1,-1,-1,-1
2016460085851,1,9,0,18,0,0,0,0,0,0,1,1,6,1,32,6,1796,1,14,2,1,2
2016460085851,2,19,0,2,0,0,0,0,0,0,2,1,5,1,33,6,1870,2,14,-1,-1,-1
2016460085858,1,9,0,7,0,0,0,0,0,0,1,1,6,1,72,10,1196,1,23,6,1,6
2016460085858,2,9,0,9,0,0,0,0,0,0,4,1,6,2,25,5,1598,1,1,6,1,6
2016460085865,1,9,0,18,0,0,1,0,2,0,1,1,6,2,41,7,1598,1,12,1,1,1
2016460085868,1,9,0,1,0,0,0,0,0,0,0,1,1,1,49,8,1598,2,4,7,1,7
2016460085918,1,21,0,12,0,0,0,0,0,0,3,2,6,1,29,6,-1,-1,-1,-1,-1,-1
2016460085918,2,9,0,13,0,0,1,0,2,0,4,1,1,2,61,9,1796,1,12,8,1,8
2016460085943,1,5,0,10,0,1,0,0,0,0,0,1,6,1,44,7,-1,-1,-1,-1,-1,-1
2016460085960,1,9,0,18,0,0,1,0,5,0,1,1,6,1,22,5,1995,2,9,2,1,2
2016460085997,1,9,0,9,0,8,0,0,0,0,4,1,1,1,24,5,-1,-1,-1,6,1,6
2016460085997,2,9,0,18,0,8,0,0,0,0,1,1,6,2,33,6,1798,1,9,2,1,2
2016460086011,1,9,0,9,0,6,0,0,0,0,1,1,1,1,72,10,1390,1,13,9,2,9
2016460086011,2,9,0,16,0,1,0,0,0,0,1,1,1,1,25,5,-1,-1,-1,9,2,9
2016460086013,1,21,1,12,0,0,0,0,0,0,3,1,6,3,-1,-1,-1,-1,-1,-1,-1,-1
2016460086013,2,9,0,13,0,0,1,0,0,0,4,1,2,2,45,7,-1,-1,-1,6,3,6
2016460086013,3,9,0,13,0,0,1,0,8,0,1,1,1,1,-1,-1,-1,-1,-1,7,2,7
2016460086015,1,9,0,18,0,0,0,4,0,0,1,1,1,1,73,10,1796,1,12,-1,-1,-1
2016460086015,2,9,0,2,0,0,0,4,1,0,2,1,6,2,61,9,1235,1,27,3,1,3
2016460086015,3,9,0,2,0,0,0,0,0,0,2,1,6,2,-1,-1,1242,1,11,5,1,5
2016460086017,1,9,0,7,0,8,0,0,0,0,4,1,6,1,45,7,1997,2,14,4,1,4
2016460086017,2,1,0,18,4,1,0,0,0,0,1,1,4,1,15,3,-1,-1,-1,1,1,1
2016460086021,1,9,0,18,0,0,0,4,1,0,1,1,6,1,18,4,1229,1,1,4,1,4
2016460086021,2,9,0,2,0,0,0,0,1,0,1,1,6,1,72,10,1997,2,12,8,1,8
2016460086038,1,19,0,18,0,2,0,0,0,0,4,1,1,1,-1,-1,-1,-1,-1,5,3,5
2016460086038,2,9,0,18,0,2,0,0,0,0,3,1,6,2,24,5,1598,1,3,1,1,1
2016460086051,1,4,0,18,0,1,1,4,0,0,4,1,6,1,40,7,264,1,12,-1,-1,-1
2016460086051,2,9,0,2,0,1,0,0,0,0,3,1,6,1,36,7,2204,2,12,1,1,1
2016460086103,1,21,1,12,0,0,0,0,0,0,3,2,1,1,27,6,-1,-1,-1,-1,-1,-1
2016460086103,2,9,0,13,0,0,0,0,0,0,4,1,6,2,42,7,1398,1,5,6,1,6
2016460086153,1,5,0,3,0,1,0,0,0,0,1,1,6,1,46,8,-1,-1,-1,8,1,8
2016460086153,2,9,0,3,0,1,0,0,0,0,2,1,6,1,54,8,1896,2,14,3,1,3
2016460086156,1,9,0,18,0,0,1,0,0,0,1,1,6,1,27,6,-1,-1,-1,5,1,5
2016460086156,2,9,0,3,0,0,0,0,0,0,2,1,6,2,38,7,1496,2,2,5,1,5
2016460086168,1,9,0,18,0,0,0,0,0,0,1,1,6,1,49,8,2401,2,14,6,1,6
2016460086170,1,9,0,18,0,0,1,0,0,0,1,1,6,1,89,11,1240,1,9,4,1,4
2016460086170,2,9,0,3,0,0,0,0,0,0,2,1,1,1,42,7,1968,2,1,6,1,6
2016460086191,1,9,0,17,0,1,2,0,1,0,0,1,2,1,37,7,998,1,15,3,1,3
2016460086206,1,9,0,4,0,1,0,0,0,0,1,1,2,1,28,6,1968,2,-1,7,3,7
2016460086206,2,9,0,3,0,8,0,0,0,0,2,1,2,1,22,5,-1,-1,-1,2,1,2
2016460086206,3,9,0,3,0,8,0,0,0,0,1,1,2,2,29,6,1560,2,4,6,1,6
2016460086206,4,9,0,3,0,2,0,0,0,0,2,1,1,2,37,7,1390,1,15,7,1,7
2016460086214,1,9,0,18,0,0,1,0,0,0,1,1,6,1,38,7,2148,2,12,2,1,2
2016460086214,2,9,0,18,0,0,1,0,0,0,1,1,6,1,44,7,1895,1,17,6,1,6
2016460086231,1,20,0,4,0,0,0,0,0,0,1,1,1,1,26,6,12900,2,6,4,1,4
2016460086231,2,9,0,4,0,0,0,0,0,0,2,1,1,1,31,6,1995,2,6,10,1,10
2016460086231,3,9,0,4,0,0,0,0,0,0,2,1,1,2,51,8,1598,1,-1,4,1,4
2016460086244,1,9,0,9,0,1,0,0,7,0,3,1,6,2,25,5,1197,1,1,8,1,8
2016460086269,1,9,0,5,0,2,0,0,0,0,3,1,6,2,19,4,1240,1,11,6,2,6
2016460086269,2,5,0,18,0,1,0,0,0,0,1,1,6,1,22,5,1690,1,2,5,1,5
2016460086272,1,9,0,17,0,0,0,10,1,4,0,1,6,2,19,4,1895,1,15,3,1,3
2016460086287,1,9,0,17,0,2,0,0,1,2,4,1,6,2,28,6,1685,2,-1,7,1,7
2016460086292,1,9,0,5,0,0,0,0,0,0,1,1,2,1,32,6,1796,1,15,6,1,6
2016460086292,2,9,0,4,0,0,0,0,0,0,2,1,6,2,64,9,3199,1,15,10,2,10
2016460086294,1,9,0,3,0,0,0,0,0,0,3,1,6,2,31,6,1598,1,4,3,1,3
2016460086294,2,5,0,3,0,0,0,0,0,0,1,1,6,1,38,7,998,1,10,7,1,7
2016460086300,1,9,0,18,0,3,0,0,0,0,1,1,6,1,24,5,-1,-1,-1,2,1,2
2016460086300,2,9,0,4,0,3,0,0,0,0,2,1,6,1,30,6,1242,1,16,1,1,1
2016460086306,1,9,0,4,0,0,0,0,0,0,1,1,1,1,46,8,1686,2,4,8,1,8
2016460086307,1,9,0,3,0,1,0,0,0,0,1,1,6,2,24,5,1390,1,11,1,1,1
2016460086307,2,9,0,3,0,1,0,0,0,0,0,1,6,1,18,4,1242,1,10,8,3,8
2016460086307,3,9,0,3,0,1,0,0,0,0,4,1,6,1,35,6,1998,2,10,3,1,3
2016460086319,1,2,0,18,0,4,0,0,0,0,0,1,6,1,16,4,49,1,14,7,1,7
2016460086326,1,9,0,18,0,0,1,0,0,0,1,1,6,1,26,6,1686,2,4,2,1,2
2016460086326,2,9,0,4,0,0,0,0,0,0,2,1,6,1,58,9,1997,2,6,8,1,8
2016460086326,3,9,0,4,0,0,1,0,0,0,1,1,6,2,21,5,1198,1,12,5,1,5
2016460086326,4,9,0,4,0,0,0,0,0,0,2,1,1,1,65,9,-1,-1,-1,3,1,3
2016460086326,5,9,0,4,0,0,0,0,0,0,2,1,6,1,71,10,1968,1,11,4,1,4
2016460086329,1,5,0,4,0,4,5,0,3,0,3,1,6,1,48,8,1250,1,13,7,3,7
2016460086337,1,9,0,17,0,0,0,0,1,10,4,1,6,2,41,7,-1,-1,-1,9,1,9
2016460086344,1,9,0,18,0,1,0,0,0,0,1,1,1,2,19,4,1124,1,12,4,1,4
2016460086344,2,9,0,10,0,5,0,0,0,0,2,1,6,2,46,8,1598,1,11,1,1,1
2016460086350,1,9,0,5,0,1,0,0,2,0,3,1,6,2,85,11,1299,1,15,10,1,10
2016460086350,2,1,0,18,0,8,0,0,0,0,0,1,6,1,33,6,-1,-1,-1,9,1,9
2016460086413,1,1,0,16,0,0,0,0,0,0,1,1,6,1,27,6,-1,-1,-1,8,1,8
2016460086413,2,20,0,17,0,0,0,0,0,0,3,1,1,1,58,9,2300,2,12,3,1,3
2016460086431,1,9,0,6,0,0,0,0,1,0,3,1,6,1,36,7,2457,1,2,9,1,9
2016460086431,2,19,0,18,0,0,0,0,0,0,1,1,1,2,21,5,1598,2,3,6,2,6
2016460086431,3,9,0,3,0,0,0,0,0,0,3,1,6,1,32,6,2990,1,22,10,1,10
2016460086432,1,19,0,5,0,4,1,0,0,0,1,1,6,1,19,4,1686,2,11,3,1,3
2016460086473,1,9,0,18,0,1,0,0,0,0,0,1,1,2,29,6,1339,1,10,3,1,3
2016460086473,2,2,0,18,0,1,0,0,0,0,0,1,1,1,38,7,49,1,2,2,1,2
2016460086480,1,9,0,1,0,0,0,0,0,0,2,1,6,2,57,9,1339,1,10,1,1,1
2016460086486,1,9,0,18,0,0,0,0,0,0,1,1,6,1,19,4,995,1,9,9,1,9
2016460086486,2,9,0,18,0,0,0,0,0,0,1,1,6,1,26,6,1560,2,10,7,3,7
2016460086518,1,9,0,17,0,2,0,0,0,0,0,1,6,3,-1,-1,1798,1,3,-1,-1,-1
2016460086518,2,9,0,17,0,2,0,0,0,0,0,1,6,1,22,5,1299,1,12,2,1,2
2016460086531,1,9,0,9,0,2,0,0,0,0,1,1,2,1,27,6,2926,2,15,3,1,3
2016460086531,2,9,0,18,0,8,0,0,3,0,1,1,6,1,43,7,1598,1,9,7,1,7
2016460086552,1,9,0,18,0,0,0,0,0,0,4,1,6,1,74,10,1582,2,6,2,1,2
2016460086578,1,9,0,17,9,0,0,0,1,2,0,1,6,1,19,4,2521,1,10,1,1,1
2016460086585,1,4,0,18,0,0,0,4,0,0,1,1,6,1,25,5,-1,-1,-1,4,3,4
2016460086585,2,21,1,2,0,0,0,0,0,0,0,1,1,1,-1,-1,10518,2,5,-1,-1,-1
2016460086628,1,9,0,15,0,0,0,11,0,0,1,1,6,1,40,7,998,1,2,4,1,4
2016460086639,1,9,0,17,0,0,0,0,0,0,3,1,6,1,37,7,-1,-1,-1,6,3,6
2016460086639,2,9,0,17,0,0,0,0,0,0,3,1,6,2,52,8,1461,2,4,6,1,6
2016460086673,1,9,0,7,0,6,0,0,0,0,1,1,6,1,26,6,1995,2,12,5,1,5
2016460086673,2,5,0,18,0,1,0,0,0,0,3,1,6,1,48,8,750,1,10,6,1,6
2016460086714,1,1,0,18,0,0,0,12,0,0,0,1,6,1,37,7,-1,-1,-1,8,1,8
2016460086714,2,1,0,18,0,0,2,12,0,0,1,1,6,1,53,8,-1,-1,-1,6,1,6
2016460086714,3,1,0,18,0,0,2,12,0,0,1,1,6,1,43,7,-1,-1,-1,6,3,6
2016460086722,1,9,0,14,0,2,0,0,0,0,1,1,6,1,24,5,1242,1,1,9,1,9
2016460086722,2,9,0,14,0,2,0,0,0,0,1,1,6,2,40,7,1364,1,11,-1,-1,-1
2016460086735,1,9,0,5,0,4,0,0,0,0,1,1,6,1,33,6,1798,1,8,2,1,2
2016460086735,2,9,0,5,0,4,0,0,0,0,2,1,6,1,76,11,1560,2,2,4,1,4
2016460086744,1,9,0,3,0,1,0,0,0,0,1,1,6,2,27,6,1399,2,4,3,1,3
2016460086744,2,9,0,3,0,1,0,0,0,0,1,1,6,1,47,8,1399,2,5,3,1,3
2016460086772,1,9,0,12,0,0,0,0,0,0,3,1,6,1,36,7,1998,1,13,8,1,8
2016460086772,2,3,0,13,0,0,0,0,0,0,4,1,2,2,27,6,125,1,1,5,1,5
2016460086773,1,4,0,18,0,0,0,0,0,0,1,1,6,1,43,7,-1,-1,-1,6,1,6
2016460086773,2,9,0,11,0,0,0,0,0,0,2,1,6,1,62,9,1995,2,-1,7,1,7
2016460086778,1,19,0,4,0,8,0,0,0,0,1,1,1,1,29,6,-1,-1,-1,-1,-1,-1
2016460086778,2,19,0,3,0,8,0,0,0,0,2,1,1,1,37,7,1560,2,-1,-1,-1,-1
2016460086825,1,9,0,9,0,6,0,0,0,0,1,1,6,1,-1,-1,2720,2,7,7,2,7
2016460086826,1,9,0,18,0,0,0,10,0,0,1,1,6,2,33,6,1399,2,8,4,1,4
2016460086826,2,9,0,18,0,0,0,0,0,0,1,1,6,2,-1,-1,1796,1,5,7,1,7
2016460086828,1,9,0,2,0,2,0,0,0,0,0,1,1,2,30,6,1242,1,7,7,1,7
2016460086830,1,9,0,18,0,3,0,0,1,2,1,1,6,2,29,6,999,1,3,9,1,9
2016460086830,2,9,0,18,0,1,0,0,0,0,0,1,6,1,-1,-1,1596,1,15,6,1,6
2016460086831,1,90,0,18,0,1,0,0,0,0,1,1,1,1,15,3,-1,-1,-1,2,1,2
2016460086831,2,9,0,18,0,1,0,0,0,0,3,1,6,1,35,6,2967,2,9,7,1,7
2016460086836,1,5,0,16,0,6,0,0,0,0,3,1,2,1,23,5,125,1,-1,10,2,10
2016460086836,2,1,0,16,0,6,0,0,0,0,4,1,6,1,29,6,-1,-1,-1,10,1,10
2016460086858,1,9,0,3,0,1,0,0,0,0,1,1,6,2,39,7,2993,2,3,6,1,6
2016460086858,2,9,0,3,0,1,0,0,0,0,2,1,6,1,42,7,1951,2,14,9,1,9
2016460086873,1,9,0,18,0,0,0,0,1,0,0,1,2,2,54,8,1497,8,9,5,1,5
2016460086896,1,9,0,17,0,1,0,0,0,0,4,1,6,2,21,5,998,1,2,8,1,8
2016460086896,2,21,1,9,0,1,0,0,0,0,3,1,1,1,40,7,12740,2,-1,1,1,1
2016460086975,1,19,0,18,0,0,0,0,0,0,4,1,6,1,63,9,1598,2,-1,9,1,9
2016460086977,1,9,0,18,0,0,0,0,0,0,1,1,1,2,37,7,1364,1,9,4,1,4
2016460086977,2,9,0,18,0,0,0,0,0,0,2,1,1,2,57,9,-1,-1,-1,8,1,8
2016460087049,1,9,0,18,0,0,0,0,0,0,1,1,6,1,29,6,1598,1,15,5,1,5
2016460087049,2,9,0,2,0,0,0,0,0,0,4,1,6,1,66,10,2401,2,10,9,1,9
2016460087049,3,9,0,2,0,0,0,0,0,0,1,1,6,1,30,6,1995,2,-1,7,1,7
2016460087049,4,9,0,2,0,0,0,0,0,0,2,1,6,2,80,11,1997,1,4,6,1,6
2016460087059,1,9,0,3,0,1,0,0,0,0,1,1,6,2,36,7,1997,2,11,2,1,2
2016460087059,2,9,0,3,0,1,0,0,0,0,1,1,6,2,23,5,1328,1,12,2,1,2
2016460087059,3,9,0,3,0,1,0,0,0,0,1,1,6,1,49,8,1199,1,12,3,1,3
2016460087084,1,9,0,17,0,0,0,0,0,0,1,1,6,1,34,6,1149,1,13,2,1,2
2016460087133,1,9,0,4,0,1,0,0,0,0,1,1,6,2,18,4,998,1,12,6,1,6
2016460087133,2,9,4,3,0,1,0,0,0,0,2,1,6,1,28,6,-1,-1,-1,1,1,1
2016460087145,1,9,0,18,0,0,0,0,0,0,1,1,6,1,-1,-1,1995,1,8,-1,-1,-1
2016460087145,2,9,0,3,0,0,0,0,0,0,2,1,6,2,50,8,1248,2,2,6,1,6
2016460087145,3,9,0,4,0,0,0,0,0,0,0,1,6,1,20,4,1360,1,13,7,1,7
2016460087148,1,9,0,18,0,0,0,0,4,6,3,1,6,2,33,6,1242,1,3,2,1,2
2016460087157,1,9,0,18,0,0,0,0,0,0,4,1,6,1,69,10,1386,1,5,6,3,6
2016460087182,1,9,0,18,0,1,1,0,0,0,4,1,6,1,37,7,-1,-1,-1,3,1,3
2016460087204,1,9,0,4,0,8,0,0,0,0,2,1,6,2,38,7,1497,8,11,4,1,4
2016460087204,2,9,0,18,0,8,0,0,0,0,1,1,6,1,64,9,1461,2,12,5,1,5
2016460087268,1,2,0,9,0,2,5,0,0,0,4,1,6,1,18,4,50,1,7,3,1,3
2016460087268,2,9,0,9,0,1,0,0,0,0,0,1,1,1,34,6,1968,2,7,-1,-1,-1
2016460087268,3,9,0,18,0,2,0,0,0,0,3,1,2,1,25,5,998,1,3,7,1,7
2016460087280,1,9,0,18,0,1,1,0,1,0,1,1,6,1,46,8,1998,1,13,7,3,7
2016460087280,2,9,0,9,0,5,0,0,0,0,2,1,6,1,21,5,1199,1,13,5,3,5
2016460087290,1,9,0,4,0,4,0,0,0,0,1,1,6,2,34,6,1398,1,13,5,1,5
2016460087290,2,9,0,4,0,4,0,0,0,0,2,1,6,1,33,6,998,1,3,2,1,2
2016460087301,1,9,0,18,0,0,0,0,0,0,1,1,6,1,-1,-1,1997,2,13,4,1,4
2016460087301,2,9,0,18,0,0,0,0,0,0,2,1,2,2,23,5,1360,1,9,10,1,10
2016460087308,1,5,0,4,0,0,1,0,0,0,1,1,6,1,43,7,1052,1,24,1,1,1
2016460087308,2,9,0,4,0,0,0,0,0,0,2,1,6,1,44,7,1242,1,4,2,1,2
2016460087320,1,9,0,5,0,1,0,0,0,0,0,1,1,2,41,7,1997,2,-1,-1,-1,-1
2016460087320,2,1,0,7,0,2,1,0,0,0,0,1,6,2,41,7,-1,-1,-1,3,1,3
2016460087321,1,9,0,4,0,1,1,0,0,0,3,1,6,2,41,7,1560,2,1,-1,-1,-1
2016460087321,2,3,0,9,0,1,0,0,0,0,1,1,6,1,19,4,124,1,6,-1,-1,-1
2016460087327,1,9,0,9,0,8,0,0,0,0,4,1,2,1,37,7,-1,-1,-1,4,1,4
2016460087327,2,5,0,18,0,1,0,0,0,0,1,1,2,1,52,8,996,1,8,9,2,9
2016460087348,1,5,0,13,0,3,0,0,0,0,4,1,1,1,35,6,781,1,17,6,1,6
2016460087348,2,9,0,7,0,3,0,0,0,0,3,1,6,1,61,9,1685,2,3,9,1,9
2016460087372,1,9,0,18,6,0,1,0,1,2,1,1,2,1,63,9,1560,2,6,4,1,4
2016460087373,1,9,0,18,0,1,0,0,0,0,1,1,6,1,46,8,1951,2,15,1,1,1
2016460087373,2,3,0,18,0,1,0,0,0,0,1,1,6,1,32,6,124,1,4,1,1,1
2016460087386,1,20,1,18,0,0,1,0,0,0,1,1,1,1,35,6,-1,-1,-1,-1,-1,-1
2016460087386,2,20,1,4,0,0,0,0,0,0,2,1,1,1,48,8,-1,-1,-1,-1,-1,-1
2016460087390,1,3,0,9,7,1,0,0,0,0,3,1,1,1,33,6,125,1,4,2,1,2
2016460087390,2,9,0,18,0,1,0,0,0,0,4,1,1,1,40,7,1598,1,2,4,1,4
2016460087398,1,2,0,18,0,0,0,0,0,0,1,1,1,1,18,4,125,1,13,2,1,2
2016460087398,2,9,0,4,0,0,0,0,0,0,2,1,1,2,68,10,1493,2,11,4,1,4
2016460087399,1,9,0,13,0,0,0,0,0,0,2,1,6,1,48,8,-1,-1,-1,9,1,9
2016460087399,2,1,0,17,0,0,0,0,0,0,1,1,6,1,27,6,-1,-1,-1,9,1,9
2016460087417,1,21,1,12,0,0,0,0,0,0,3,1,6,1,57,9,-1,-1,-1,-1,-1,-1
2016460087417,2,9,0,18,0,0,0,0,0,0,4,1,6,2,45,7,1299,1,9,-1,-1,-1
2016460087431,1,2,0,18,0,0,0,0,0,0,1,1,6,1,16,4,50,1,1,2,2,2
2016460087431,2,9,0,18,0,0,0,0,0,0,2,1,6,1,17,4,1560,2,9,2,2,2
2016460087432,1,4,0,7,0,4,0,0,0,0,4,1,1,2,36,7,773,1,-1,10,2,10
2016460087432,2,9,0,18,0,4,0,0,0,0,3,1,3,2,51,8,1395,1,2,9,2,9
2016460087465,1,3,0,18,0,1,0,4,0,0,1,1,6,1,26,6,96,1,8,3,1,3
2016460087465,2,2,0,4,0,1,0,0,0,0,2,1,6,1,26,6,49,1,6,5,1,5
2016460087465,3,9,0,2,0,1,0,0,0,0,3,1,6,1,-1,-1,1995,2,3,3,1,3
2016460087465,4,9,0,2,0,1,0,0,0,0,2,1,6,1,63,9,1598,1,14,3,1,3
2016460087467,1,9,0,18,0,0,0,0,0,0,3,1,6,1,-1,-1,1900,2,18,-1,-1,-1
2016460087467,2,9,0,2,0,0,0,0,0,0,3,1,1,1,34,6,1968,2,9,1,1,1
2016460087479,1,9,0,18,0,0,0,0,0,0,1,1,6,1,-1,-1,1796,1,15,8,1,8
2016460087479,2,9,0,18,0,0,0,0,0,0,2,1,6,2,-1,-1,1496,2,1,4,1,4