Accident_Index,Vehicle_Reference,Vehicle_Type,Towing_and_Articulation,Vehicle_Manoeuvre,Vehicle_Location-Restricted_Lane,Junction_Location,Skidding_and_Overturning,Hit_Object_in_Carriageway,Vehicle_Leaving_Carriageway,Hit_Object_off_Carriageway,1st_Point_of_Impact,Was_Vehicle_Left_Hand_Drive?,Journey_Purpose_of_Driver,Sex_of_Driver,Age_of_Driver,Age_Band_of_Driver,Engine_Capacity_(CC),Propulsion_Code,Age_of_Vehicle,Driver_IMD_Decile,Driver_Home_Area_Type,Vehicle_IMD_Decile
2016460099630,1,9,0,18,0,0,0,0,0,0,1,1,6,1,28,6,1896,2,9,-1,-1,-1
2016460099630,2,9,0,3,0,0,0,0,0,0,2,1,6,2,42,7,1461,2,1,1,1,1
2016460099630,3,9,0,3,0,0,0,0,0,0,2,1,6,2,54,8,1995,2,5,5,1,5
2016460099648,1,9,0,18,0,0,1,0,0,0,1,1,6,1,18,4,1360,1,15,-1,-1,-1
2016460099668,1,9,0,3,0,4,0,0,0,0,1,1,6,1,67,10,1956,2,3,9,3,9
2016460099668,2,1,0,18,0,1,0,0,0,0,1,1,6,2,43,7,-1,-1,-1,7,1,7
2016460099748,1,21,1,18,0,0,0,5,0,0,1,1,1,1,63,9,12816,2,13,2,1,2
2016460099748,2,21,1,18,0,0,0,5,0,0,1,1,1,1,53,8,-1,-1,-1,-1,-1,-1
2016460099748,3,5,0,18,0,0,0,0,0,0,0,1,6,1,73,10,689,1,1,2,1,2
2016460099771,1,9,0,18,0,0,5,0,8,4,3,1,6,2,80,11,998,1,10,5,2,5
2016460099810,1,9,0,18,0,1,1,0,0,0,1,1,6,3,-1,-1,1968,2,11,-1,-1,-1
2016460099810,2,9,0,10,0,2,1,0,0,0,1,1,6,1,36,7,1598,1,15,7,3,7
2016460099810,3,9,0,10,0,6,1,0,0,0,1,1,1,1,56,9,1896,2,11,3,1,3
2016460099813,1,9,0,9,0,0,0,0,0,0,1,1,6,2,-1,-1,-1,-1,-1,-1,-1,-1
2016460099946,1,9,0,16,0,0,0,6,0,0,1,1,6,1,19,4,1242,1,11,6,2,6
2016460099982,1,19,0,16,0,0,1,0,0,0,1,1,6,1,-1,-1,1868,2,17,-1,-1,-1
2016460099982,2,9,0,18,0,0,0,0,0,0,1,1,6,1,25,5,1368,1,7,3,2,3
2016460099999,1,9,0,18,0,0,0,0,0,0,1,1,6,3,-1,-1,-1,-1,-1,-1,-1,-1
2016460099999,2,9,0,5,0,0,0,0,0,0,4,1,6,2,48,8,1329,1,4,5,1,5
2016460100005,1,9,0,11,0,3,0,0,0,0,1,1,6,1,35,6,2495,2,20,-1,-1,-1
2016460100005,2,9,0,18,0,3,0,0,0,0,2,1,6,2,24,5,1197,1,2,7,1,7
2016460100029,1,5,0,13,0,0,0,0,0,0,1,1,2,1,24,5,821,1,1,6,2,6
2016460100029,2,9,0,9,0,0,0,0,0,0,3,1,2,1,62,9,998,1,-1,7,1,7
2016460100072,1,9,0,5,0,8,0,0,0,0,3,1,6,1,57,9,1988,1,16,4,1,4
2016460100072,2,9,0,18,0,8,0,0,0,0,1,1,6,2,37,7,1896,2,16,-1,-1,-1
2016460100074,1,19,0,18,0,0,0,0,0,0,0,1,1,1,56,9,1560,2,1,1,1,1
2016460100188,1,5,0,1,0,0,0,10,0,0,4,1,6,1,55,8,1584,1,9,9,1,9
2016460100202,1,9,0,16,0,1,0,0,0,0,1,1,6,1,36,7,1997,2,14,5,1,5
2016460100202,2,9,0,9,0,6,0,0,0,0,3,1,6,2,20,4,1299,1,12,1,1,1
2016460100213,1,9,0,6,0,0,0,0,0,0,1,1,6,1,68,10,998,1,1,10,1,10
2016460100213,2,3,0,18,0,0,1,0,0,0,2,1,6,1,17,4,125,1,-1,5,1,5
2016460100219,1,9,0,18,0,0,0,0,0,0,1,1,6,2,47,8,1598,1,3,5,1,5
2016460100219,2,9,0,3,0,0,0,0,0,0,2,1,6,1,26,6,2979,1,13,7,1,7
2016460100232,1,9,0,6,0,0,0,0,0,0,3,1,6,2,21,5,1968,2,3,8,1,8
2016460100232,2,9,0,18,0,0,0,0,0,0,4,1,6,2,50,8,1598,1,2,7,1,7
2016460100331,1,9,0,1,0,0,0,0,0,0,0,1,6,1,37,7,1997,2,9,6,1,6
2016460100331,2,1,0,1,0,0,0,0,0,0,0,1,6,1,35,6,-1,-1,-1,8,1,8
2016460100393,1,9,0,18,0,8,0,0,0,0,0,1,6,3,-1,-1,-1,-1,-1,-1,-1,-1
2016460100393,2,9,0,18,0,2,1,0,4,0,1,1,6,1,39,7,1199,1,17,1,1,1
2016460100441,1,9,0,4,0,1,0,0,0,0,4,1,6,1,35,6,-1,-1,-1,-1,-1,-1
2016460100441,2,1,0,4,0,1,0,0,0,0,3,1,1,1,44,7,-1,-1,-1,2,1,2
2016460100447,1,9,0,18,0,0,0,0,0,0,0,1,6,1,47,8,2143,2,3,6,1,6
2016460100455,1,19,0,18,0,8,0,0,0,0,3,1,6,1,-1,-1,1870,2,12,-1,-1,-1
2016460100455,2,1,0,9,0,8,0,0,0,0,4,1,6,1,54,8,-1,-1,-1,8,1,8
2016460100459,1,19,0,18,0,1,0,0,0,0,1,1,6,1,37,7,2198,2,3,7,3,7
2016460100459,2,9,0,18,0,1,0,0,0,0,1,1,6,1,37,7,1997,2,11,7,1,7
2016460100472,1,21,0,11,0,0,0,0,0,0,3,2,1,1,39,7,-1,-1,-1,-1,-1,-1
2016460100472,2,9,0,18,0,0,0,0,0,0,4,1,6,2,45,7,1598,1,9,10,1,10
2016460100474,1,9,0,18,0,0,0,0,1,0,1,1,6,1,33,6,2979,1,13,6,1,6
2016460100495,1,9,0,9,0,1,2,10,1,0,1,1,6,1,37,7,1560,2,9,2,1,2
2016460100550,1,9,0,9,0,8,0,0,0,0,4,1,6,2,39,7,1299,1,14,10,1,10
2016460100550,2,1,0,18,0,8,0,0,0,0,1,1,6,1,-1,-1,-1,-1,-1,-1,-1,-1
2016460100563,1,9,0,16,0,6,0,0,0,0,3,1,5,1,26,6,1149,1,17,3,1,3
2016460100563,2,9,0,10,0,1,0,0,0,0,1,1,2,2,31,6,1560,2,7,9,1,9
2016460100574,1,9,0,18,0,4,0,0,0,0,1,1,6,1,20,4,1364,1,8,2,1,2
2016460100574,2,9,0,18,0,4,0,0,0,0,2,1,6,1,40,7,1461,2,3,3,1,3
2016460100574,3,9,0,18,0,8,0,0,0,0,0,1,6,3,-1,-1,1598,2,3,-1,-1,-1
2016460100647,1,19,0,3,0,0,0,0,0,0,0,1,6,3,-1,-1,2402,2,9,-1,-1,-1
2016460100647,2,5,0,3,0,0,0,0,0,0,1,1,6,1,75,10,600,1,25,4,1,4
2016460100705,1,9,0,1,0,8,0,0,0,0,2,1,6,1,20,4,2967,2,4,6,1,6
2016460100726,1,9,0,4,0,1,0,0,0,0,1,1,6,1,36,7,2993,2,12,2,1,2
2016460100741,1,9,0,18,0,1,0,0,0,0,1,1,6,2,31,6,1390,1,9,3,1,3
2016460100741,2,9,0,7,0,1,0,0,0,0,2,1,6,1,28,6,-1,-1,-1,3,1,3
2016460100773,1,2,0,5,0,4,0,0,0,0,3,1,4,1,16,4,49,1,26,4,3,4
2016460100773,2,9,0,5,0,4,0,0,0,0,1,1,6,1,19,4,1124,1,12,6,1,6
2016460100795,1,9,0,18,0,0,0,0,0,0,0,1,6,1,21,5,1388,1,11,2,1,2
2016460100815,1,9,0,17,0,1,1,0,0,0,1,1,6,1,18,4,1198,1,13,3,1,3
2016460100815,2,9,0,2,0,1,0,0,0,0,2,1,6,1,37,7,1798,8,4,8,1,8
2016460100815,3,9,0,2,0,1,0,0,0,0,2,1,6,1,37,7,1794,1,12,9,1,9
2016460100815,4,9,0,2,0,1,0,0,0,0,3,1,6,1,37,7,1461,2,8,2,1,2
2016460100850,1,5,0,13,0,0,0,0,0,0,1,1,6,1,46,8,999,1,9,4,1,4
2016460100850,2,9,0,4,0,0,0,0,0,0,1,1,6,1,25,5,1198,1,1,-1,-1,-1
2016460100850,3,9,0,4,0,0,0,0,0,0,4,1,6,3,-1,-1,-1,-1,-1,-1,-1,-1
2016460100862,1,9,0,18,0,4,0,0,0,0,0,1,6,3,-1,-1,-1,-1,-1,-1,-1,-1
2016460100862,2,9,0,18,0,4,0,0,0,0,1,1,6,2,71,10,1591,1,-1,3,1,3
2016460100899,1,9,0,18,0,1,2,7,4,0,1,1,6,1,50,8,1332,1,6,7,1,7
2016460100904,1,1,0,1,0,0,0,0,0,0,0,1,6,1,12,3,-1,-1,-1,2,1,2
2016460100904,2,9,0,18,0,0,0,0,0,0,1,1,6,2,36,7,2497,2,-1,-1,-1,-1
2016460100908,1,4,0,18,0,1,0,0,0,0,1,1,6,1,21,5,398,1,9,5,1,5
2016460100908,2,9,0,3,0,1,0,0,0,0,2,1,6,1,71,10,2967,2,1,9,1,9
2016460100920,1,21,0,11,0,0,5,12,0,0,4,1,1,1,-1,-1,10837,2,-1,7,1,7
2016460100920,2,9,0,18,0,0,5,12,0,0,3,1,6,1,34,6,1596,1,4,2,1,2
2016460100928,1,9,0,18,0,0,1,0,4,0,1,1,6,1,72,10,1360,1,4,8,1,8
2016460100928,2,9,0,18,0,0,0,0,0,0,3,1,6,1,26,6,1388,1,5,2,1,2
2016460100928,3,9,0,4,0,0,1,0,0,0,1,1,6,2,29,6,1527,2,14,2,1,2
2016460100928,4,9,0,18,0,0,0,0,0,0,2,1,6,1,27,6,1968,2,4,6,1,6
2016460100938,1,9,0,-1,-1,0,0,-1,-1,0,-1,1,6,2,-1,-1,1499,2,3,2,1,2
2016460100938,2,9,0,-1,-1,0,0,-1,-1,0,-1,1,6,2,23,5,1198,1,5,3,1,3
2016460101006,1,9,0,12,0,0,0,7,4,0,3,1,6,1,32,6,1200,1,1,2,1,2
2016460101098,1,1,0,3,0,0,0,0,0,0,1,1,6,1,43,7,-1,-1,-1,6,3,6
2016460101152,1,9,0,9,0,5,0,0,0,0,4,1,6,1,31,6,1998,2,8,9,1,9
2016460101152,2,1,0,18,0,1,0,0,0,0,0,1,6,1,-1,-1,-1,-1,-1,-1,-1,-1
2016460101155,1,9,0,18,0,0,0,0,0,0,1,1,6,1,21,5,1598,2,-1,7,3,7
2016460101155,2,9,0,18,0,0,0,0,0,0,2,1,6,1,38,7,1598,2,-1,5,1,5
2016460101161,1,9,0,18,0,0,0,0,0,0,1,1,6,1,29,6,1968,2,9,2,1,2
2016460101161,2,9,0,2,0,0,1,0,0,0,4,1,6,1,-1,-1,1998,2,10,6,1,6
2016460101171,1,9,0,5,0,0,0,0,0,0,0,1,1,1,34,6,1598,2,4,1,1,1
2016460101211,1,1,0,17,0,1,0,0,0,0,0,1,6,2,29,6,-1,-1,-1,4,1,4
2016460101213,1,9,0,7,0,1,0,0,0,0,4,1,6,2,60,9,1995,2,5,3,2,3
2016460101213,2,1,0,18,0,1,0,0,0,0,1,1,6,2,53,8,-1,-1,-1,9,1,9
2016460101256,1,11,0,9,0,2,0,0,0,0,1,1,1,1,32,6,-1,2,15,3,1,3
2016460101256,2,3,0,9,0,2,0,0,0,0,2,1,6,1,26,6,102,1,-1,7,3,7
2016460101274,1,9,0,18,0,0,0,0,0,0,1,1,6,1,50,8,1783,1,14,4,3,4
2016460101329,1,9,0,10,0,6,0,0,0,0,4,1,6,1,26,6,1587,1,14,10,1,10
2016460101329,2,9,0,18,0,2,0,0,0,0,3,1,6,1,33,6,1998,2,7,8,1,8
2016460101346,1,1,0,18,0,0,0,0,0,0,0,1,6,1,31,6,-1,-1,-1,4,1,4
2016460101390,1,3,0,15,0,1,5,0,0,0,1,1,2,1,18,4,124,1,4,9,1,9
2016460101390,2,9,0,18,0,1,0,0,0,0,1,1,2,1,45,7,1461,2,6,10,1,10
2016460101390,3,10,0,10,0,1,0,0,0,0,3,1,1,1,55,8,-1,-1,-1,-1,-1,-1
2016460101482,1,9,0,9,0,0,0,0,0,0,4,1,6,3,-1,-1,-1,-1,-1,-1,-1,-1
2016460101482,2,1,0,10,0,0,5,0,0,0,1,1,6,1,15,3,-1,-1,-1,6,1,6
2016460101485,1,9,0,5,0,6,0,0,0,0,1,1,6,1,84,11,2495,2,13,6,3,6
2016460101485,2,1,0,9,0,5,5,0,0,0,3,1,6,2,30,6,-1,-1,-1,6,2,6
2016460101620,1,19,0,18,0,0,5,0,1,4,1,1,1,1,22,5,1753,2,6,3,1,3
2016460101648,1,9,0,4,0,0,0,0,0,0,1,1,6,2,22,5,1598,1,10,4,2,4
2016460101648,2,9,0,4,0,0,0,0,0,0,2,1,6,2,61,9,1968,2,7,8,1,8
2016460101648,3,19,2,2,0,0,0,0,0,0,0,1,1,1,42,7,2402,2,9,5,1,5
2016460101649,1,9,0,18,0,8,0,0,0,0,1,1,6,2,35,6,1998,1,18,3,2,3
2016460101649,2,9,0,18,0,8,0,0,0,0,0,1,6,2,44,7,1149,1,15,4,1,4
2016460101660,1,1,0,18,0,0,0,0,0,0,1,1,6,1,50,8,-1,-1,-1,7,1,7
2016460101688,1,9,0,17,0,0,0,0,1,0,1,1,1,1,50,8,1229,1,10,4,2,4
2016460101699,1,9,0,18,0,0,0,0,0,0,0,1,6,1,23,5,1124,1,14,10,1,10
2016460101704,1,9,0,18,0,0,0,0,0,0,3,1,6,2,19,4,1598,1,16,8,1,8
2016460101704,2,19,0,18,0,0,0,0,0,0,3,1,6,1,34,6,2198,2,3,7,3,7
2016460101725,1,9,0,5,0,2,0,0,0,0,0,1,6,2,51,8,1968,2,2,4,1,4
2016460101725,2,5,0,18,0,2,1,0,0,0,0,1,6,1,25,5,1998,1,12,4,1,4
2016460101735,1,3,0,18,0,0,0,0,0,0,0,1,6,1,21,5,124,1,21,3,1,3
2016460101761,1,97,0,18,0,0,0,0,0,0,0,1,6,1,50,8,-1,-1,-1,8,1,8
2016460101774,1,4,0,18,0,0,2,0,4,0,1,1,6,1,22,5,1043,1,-1,2,1,2
2016460101791,1,9,0,18,0,8,0,0,0,0,0,1,6,3,-1,-1,-1,-1,-1,-1,-1,-1
2016460101791,2,9,0,18,0,8,0,0,1,0,1,1,2,1,24,5,1896,2,12,5,2,5
2016460101791,3,9,0,18,0,8,0,0,0,0,1,1,2,1,-1,-1,1998,2,8,8,2,8
2016460101812,1,9,0,5,0,1,0,0,0,0,1,1,2,1,29,6,1999,1,9,10,1,10
2016460101812,2,9,0,18,0,1,0,0,0,0,1,1,6,2,27,6,1242,1,3,1,1,1
2016460101857,1,1,0,5,0,2,0,0,1,0,1,1,6,1,67,10,-1,-1,-1,-1,-1,-1
2016460101857,2,11,0,5,0,2,0,0,0,0,0,1,1,1,55,8,9000,2,7,3,1,3
2016460101861,1,9,0,18,0,1,0,0,0,0,1,1,6,1,81,11,1386,1,8,7,1,7
2016460101861,2,9,0,10,0,1,0,0,0,0,2,1,6,1,18,4,998,1,11,8,2,8
2016460101877,1,9,0,16,0,0,0,0,1,0,1,1,6,1,33,6,1242,1,16,2,1,2
2016460101917,1,4,0,18,0,8,0,0,0,0,3,1,6,1,35,6,955,1,10,3,1,3
2016460101917,2,9,0,5,0,4,0,0,0,0,1,1,6,2,52,8,1560,2,8,8,3,8
2016460102001,1,9,0,18,0,0,1,0,0,0,1,1,6,1,39,7,1997,2,13,2,1,2
2016460102001,2,9,0,18,0,0,0,0,0,0,1,1,6,1,22,5,1299,1,16,5,3,5
2016460102030,1,9,0,18,0,0,0,0,0,0,2,1,1,1,20,4,998,1,-1,2,1,2
2016460102030,2,9,0,18,0,0,0,0,0,0,1,1,1,1,27,6,1999,2,-1,2,1,2
2016460102046,1,9,0,7,0,4,0,0,0,0,1,1,6,2,88,11,1390,1,17,6,3,6
2016460102046,2,9,0,9,0,3,1,0,0,0,4,1,6,2,63,9,1598,1,3,1,1,1
2016460102056,1,22,0,18,0,6,0,0,0,0,4,1,6,1,77,11,-1,-1,-1,8,1,8
2016460102056,2,9,0,18,0,1,0,0,0,0,1,1,6,2,48,8,2461,2,12,9,1,9
2016460102066,1,19,0,18,0,0,1,0,0,0,1,1,1,1,45,7,1461,2,-1,3,1,3
2016460102066,2,21,0,18,0,0,0,0,0,0,2,1,1,1,63,9,10677,2,1,2,3,2
2016460102070,1,9,0,18,0,0,0,0,0,0,3,1,6,1,41,7,1998,2,12,5,1,5
2016460102070,2,9,0,18,0,0,1,0,0,0,1,1,6,1,54,8,1124,1,11,5,1,5
2016460102089,1,20,1,18,0,0,0,0,0,0,3,1,1,1,55,8,-1,-1,-1,-1,-1,-1
2016460102089,2,9,0,18,0,0,5,0,1,0,3,1,6,1,39,7,1493,1,18,8,1,8
2016460102093,1,9,0,18,0,0,0,0,0,0,1,1,6,3,-1,-1,-1,-1,-1,-1,-1,-1
2016460102095,1,9,0,4,0,0,0,0,0,0,1,1,6,1,18,4,1124,1,14,5,1,5
2016460102095,2,9,0,3,0,0,0,0,0,0,2,1,2,2,52,8,1598,1,14,3,1,3
2016460102098,1,21,1,12,0,0,0,0,0,0,4,1,1,1,51,8,12419,2,-1,5,2,5
2016460102098,2,9,0,18,0,0,0,0,0,0,3,1,6,1,76,11,1124,1,20,10,1,10
2016460102104,1,9,0,18,0,0,0,0,0,0,4,1,6,2,40,7,1598,1,16,3,1,3
2016460102104,2,19,0,18,0,0,0,0,0,0,3,1,1,1,26,6,2198,2,10,4,1,4
2016460102128,1,9,0,18,0,0,0,0,0,0,0,1,6,2,37,7,1388,1,4,8,1,8
2016460102132,1,9,0,18,0,0,0,0,0,0,1,1,6,1,42,7,2179,2,5,9,1,9
2016460102132,2,20,0,18,0,0,0,0,0,0,2,1,1,1,50,8,2148,2,7,1,1,1
2016460102132,3,19,0,18,0,0,0,0,0,0,2,1,1,1,38,7,1499,2,1,9,1,9
2016460102171,1,9,0,2,6,0,0,0,0,0,0,1,6,2,39,7,1398,1,3,3,1,3
2016460102200,1,9,0,4,0,0,0,0,0,0,1,1,2,1,45,7,1686,2,14,2,1,2
2016460102200,2,9,0,4,0,0,0,0,0,0,2,1,6,2,18,4,1596,1,12,7,1,7
2016460102240,1,9,0,18,0,1,0,0,0,0,1,1,6,1,29,6,-1,-1,-1,7,3,7
2016460102240,2,9,0,10,0,1,0,0,0,0,2,1,6,1,27,6,1598,1,9,8,3,8
2016460102376,1,9,0,12,0,0,0,0,0,0,3,1,1,1,21,5,1360,1,14,2,1,2
2016460102376,2,9,0,18,0,0,0,0,0,0,4,1,6,2,65,9,1596,1,2,7,1,7
2016460102389,1,9,0,18,0,1,0,0,0,0,1,1,6,2,31,6,1397,1,15,5,2,5
2016460102389,2,9,0,18,0,1,0,0,0,0,2,1,6,1,62,9,1398,1,4,6,1,6
2016460102401,1,9,0,18,0,4,0,0,0,0,1,1,6,1,49,8,1364,2,2,1,1,1
2016460102401,2,9,0,4,0,4,0,0,0,0,2,1,6,1,46,8,1598,1,5,9,2,9
2016460102401,3,9,0,4,0,4,0,0,0,0,2,1,6,1,75,10,-1,-1,-1,-1,-1,-1
2016460102438,1,9,0,7,0,8,0,0,0,0,1,1,5,1,33,6,1999,1,12,3,1,3
2016460102441,1,1,0,18,0,0,0,0,0,0,0,1,6,1,74,10,-1,-1,-1,2,1,2
2016460102447,1,9,0,18,0,0,2,0,0,0,1,1,1,1,30,6,-1,-1,-1,4,1,4
2016460102469,1,19,0,18,0,1,0,0,0,0,4,1,6,1,-1,-1,2198,2,4,2,1,2
2016460102499,1,1,0,3,0,0,0,0,0,0,1,1,6,1,55,8,-1,-1,-1,7,2,7
2016460102583,1,9,0,1,0,0,0,0,0,0,0,1,6,1,49,8,-1,-1,-1,5,1,5
2016460102583,2,9,0,1,0,0,0,0,0,0,0,1,6,1,27,6,4197,1,10,7,3,7
2016460102584,1,9,0,18,0,0,1,0,7,0,4,1,6,1,36,7,2143,2,1,9,2,9
2016460102584,2,9,0,18,0,0,0,0,1,0,3,1,6,1,46,8,2143,2,3,3,1,3
2016460102584,3,9,0,18,0,0,0,0,0,0,0,1,6,2,-1,-1,1560,2,2,6,1,6
2016460102597,1,9,0,18,0,0,0,0,1,4,3,1,6,1,72,10,1360,1,15,10,3,10
2016460102602,1,9,0,18,0,1,0,0,0,0,4,1,6,2,30,6,1968,2,3,4,1,4
2016460102602,2,19,0,18,0,1,0,0,0,0,1,1,6,2,55,8,-1,-1,-1,6,3,6
2016460102603,1,9,0,18,0,0,0,0,0,0,1,1,6,1,44,7,1998,1,7,9,3,9
2016460102603,2,9,0,18,0,0,0,0,0,0,2,1,6,2,53,8,1582,2,2,-1,-1,-1
2016460102624,1,9,0,18,0,0,0,0,0,0,1,1,6,3,-1,-1,-1,-1,-1,-1,-1,-1
2016460102627,1,9,0,18,0,1,0,0,0,0,1,1,6,2,53,8,2979,1,2,5,2,5
2016460102646,1,5,0,17,0,0,1,0,0,0,4,1,6,1,20,4,-1,-1,-1,-1,-1,-1
2016460102646,2,9,0,16,0,0,0,0,0,0,4,1,6,1,37,7,1364,1,10,-1,-1,-1
2016460102674,1,97,0,18,0,0,0,0,0,0,0,1,6,1,-1,-1,-1,-1,-1,-1,-1,-1
2016460102674,2,3,0,18,0,0,2,0,0,0,0,1,1,1,38,7,-1,-1,-1,9,1,9
2016460102694,1,1,0,18,0,1,0,0,0,0,1,1,6,2,27,6,-1,-1,-1,5,1,5
2016460102722,1,9,0,18,0,0,0,0,0,0,1,1,6,1,72,10,1275,1,17,7,3,7
2016460102722,2,17,4,18,0,0,0,0,0,0,3,1,1,1,62,9,15930,2,6,7,3,7
2016460102728,1,9,0,18,0,1,0,0,0,0,1,1,6,1,30,6,1400,1,17,4,3,4
2016460102728,2,20,1,18,0,1,0,0,0,0,4,1,6,1,40,7,3920,2,13,3,1,3
2016460102728,3,9,0,18,0,1,0,0,0,0,0,1,1,1,-1,-1,1560,2,4,-1,-1,-1
2016460102773,1,9,0,9,0,6,0,0,0,0,1,1,6,2,35,6,1689,2,12,6,1,6
2016460102773,2,9,0,18,0,1,0,0,0,0,1,1,6,1,19,4,1198,1,11,7,3,7
2016460102786,1,9,0,9,0,5,0,0,0,0,1,1,6,2,68,10,998,1,2,7,2,7
2016460102786,2,1,0,18,0,1,0,0,0,0,4,1,6,1,48,8,-1,-1,-1,3,1,3
2016460102806,1,9,0,18,0,1,1,10,7,0,1,1,6,2,68,10,1900,2,16,8,2,8
2016460102811,1,5,0,18,0,0,0,0,0,0,1,1,6,1,60,9,805,1,19,6,1,6
2016460102811,2,9,0,18,0,0,0,0,0,0,2,1,6,3,-1,-1,-1,-1,-1,-1,-1,-1
2016460102815,1,9,0,6,0,8,0,0,0,0,1,1,6,1,-1,-1,-1,-1,-1,-1,-1,-1
2016460102815,2,9,0,3,0,1,0,0,0,0,1,1,6,1,46,8,2143,2,2,2,1,2
2016460102825,1,19,0,4,0,1,0,0,1,0,2,1,1,1,45,7,2143,2,6,3,1,3
2016460102825,2,19,0,4,0,1,0,0,0,0,1,1,1,1,44,7,2148,2,9,5,1,5
2016460102825,3,9,0,4,0,1,0,0,0,0,1,1,1,1,30,6,-1,-1,-1,3,1,3
2016460102838,1,1,0,17,0,0,0,0,0,0,0,1,6,1,43,7,-1,-1,-1,6,2,6
2016460102841,1,9,0,18,0,0,0,0,0,0,4,1,6,1,88,11,1686,2,13,5,3,5
2016460102841,2,9,0,2,0,0,0,0,0,0,4,1,6,2,36,7,1560,2,6,5,3,5
2016460102841,3,9,0,2,0,0,0,0,0,0,2,1,6,1,37,7,1597,2,3,5,3,5
2016460102847,1,9,0,18,0,0,0,0,0,0,1,1,6,2,51,8,1598,1,10,10,1,10
2016460102847,2,9,0,4,0,0,0,0,0,0,2,1,6,2,44,7,2179,2,1,-1,-1,-1
2016460102865,1,4,0,18,0,0,0,0,0,0,4,1,6,1,19,4,279,1,8,5,1,5
2016460102869,1,11,0,4,0,0,0,0,0,0,0,1,1,1,50,8,4250,2,10,3,1,3
2016460102887,1,9,0,9,0,5,0,0,0,0,3,1,6,1,44,7,-1,-1,-1,2,1,2
2016460102887,2,4,0,18,0,1,0,0,0,0,4,1,6,1,24,5,645,1,4,2,1,2
2016460102892,1,9,0,18,0,0,0,0,1,0,1,1,6,1,28,6,2204,2,10,6,1,6
2016460102908,1,9,0,18,0,0,0,0,0,0,4,1,6,2,65,9,1390,1,8,9,2,9
2016460102908,2,9,0,2,0,0,0,0,0,0,3,1,6,1,47,8,2967,2,-1,9,2,9
2016460102908,3,9,0,2,0,0,0,0,0,0,0,1,6,2,35,6,1995,2,1,9,2,9
2016460102937,1,9,0,9,0,6,0,0,0,0,1,1,2,2,22,5,1242,1,5,9,3,9
2016460102937,2,9,0,18,0,8,0,0,0,0,4,1,2,2,60,9,-1,-1,-1,10,3,10
2016460102966,1,19,0,18,0,2,0,0,1,0,1,1,1,1,19,4,2198,2,-1,9,2,9
2016460102969,1,9,0,16,0,0,0,0,0,0,1,1,1,1,38,7,-1,-1,-1,5,3,5
2016460102969,2,9,0,17,0,0,0,0,0,0,2,1,6,1,34,6,1997,2,11,6,1,6
2016460102981,1,9,0,9,0,2,0,0,0,0,3,1,6,1,71,10,998,1,2,4,1,4
2016460102981,2,4,0,18,0,1,1,0,0,0,1,1,6,1,60,9,1731,1,2,6,1,6
2016460103005,1,3,0,18,0,0,0,0,0,0,1,1,6,1,18,4,124,1,4,3,1,3
2016460103005,2,9,0,18,0,0,0,0,0,0,2,1,6,1,56,9,2993,2,6,2,1,2
2016460103014,1,9,0,3,0,0,0,0,0,0,1,1,1,1,90,11,1598,1,12,-1,-1,-1
2016460103014,2,20,0,10,0,0,0,0,0,0,2,1,6,1,53,8,2198,2,4,4,1,4
2016460103015,1,1,0,4,0,0,0,0,0,0,1,1,1,2,43,7,-1,-1,-1,9,1,9
2016460103089,1,9,0,18,0,0,0,0,0,0,1,1,6,3,-1,-1,-1,-1,-1,-1,-1,-1
2016460103119,1,9,0,5,0,4,0,0,0,0,1,1,6,2,29,6,1229,1,2,2,1,2
2016460103119,2,9,0,10,0,4,0,0,0,0,2,1,6,1,67,10,1198,1,5,3,1,3
2016460103212,1,17,0,18,0,0,0,0,0,0,2,1,6,3,-1,-1,-1,-1,-1,4,3,4
2016460103212,2,1,0,18,0,0,0,0,0,0,1,1,6,1,51,8,-1,-1,-1,8,1,8
2016460103232,1,9,0,18,0,0,0,0,0,0,1,1,6,1,33,6,1400,1,9,7,1,7
2016460103232,2,9,0,18,0,0,0,0,0,0,1,1,6,2,29,6,-1,-1,-1,-1,3,-1
2016460103233,1,9,0,18,0,0,0,0,0,0,4,1,6,1,20,4,-1,-1,-1,9,1,9
2016460103233,2,5,0,18,0,0,0,0,0,0,1,1,2,1,47,8,1237,1,2,8,1,8
2016460103235,1,9,0,18,0,8,0,0,0,0,4,1,6,1,53,8,2987,2,7,9,3,9
2016460103247,1,9,0,9,0,1,0,0,0,0,1,1,6,2,64,9,1197,1,6,9,2,9
2016460103247,2,9,0,18,0,1,0,0,0,0,1,1,2,2,22,5,998,1,10,9,1,9
2016460103256,1,9,0,18,0,8,0,0,0,0,3,1,6,1,59,9,1968,2,6,10,1,10
2016460103256,2,5,0,7,0,3,0,0,0,0,4,1,6,2,21,5,645,1,14,2,1,2
2016460103257,1,11,0,18,0,0,0,0,0,0,1,1,6,1,50,8,4250,2,11,5,1,5
2016460103264,1,9,0,18,0,0,0,0,0,0,1,1,6,1,72,10,1586,1,8,6,2,6
2016460103264,2,9,0,18,0,0,0,0,0,0,2,1,6,2,57,9,1587,1,14,3,1,3
2016460103291,1,9,0,18,0,0,0,0,0,0,1,1,6,1,35,6,1995,2,2,5,1,5
2016460103291,2,9,0,18,0,0,0,0,0,0,2,1,6,1,72,10,999,1,-1,9,1,9