Accident_Index,Vehicle_Reference,Vehicle_Type,Towing_and_Articulation,Vehicle_Manoeuvre,Vehicle_Location-Restricted_Lane,Junction_Location,Skidding_and_Overturning,Hit_Object_in_Carriageway,Vehicle_Leaving_Carriageway,Hit_Object_off_Carriageway,1st_Point_of_Impact,Was_Vehicle_Left_Hand_Drive?,Journey_Purpose_of_Driver,Sex_of_Driver,Age_of_Driver,Age_Band_of_Driver,Engine_Capacity_(CC),Propulsion_Code,Age_of_Vehicle,Driver_IMD_Decile,Driver_Home_Area_Type,Vehicle_IMD_Decile
2016460103293,1,9,0,2,0,0,0,4,0,0,3,1,6,2,-1,-1,-1,-1,-1,5,1,5
2016460103293,2,1,0,14,0,0,0,0,0,0,4,1,6,1,71,10,-1,-1,-1,7,1,7
2016460103302,1,9,0,9,0,0,0,0,0,0,3,1,1,1,48,8,1598,2,-1,7,1,7
2016460103302,2,9,0,18,0,0,0,0,0,0,1,1,6,1,70,10,-1,-1,-1,-1,-1,-1
2016460103306,1,1,0,18,0,0,0,0,0,0,1,1,6,3,-1,-1,-1,-1,-1,-1,-1,-1
2016460103306,2,8,0,18,0,0,0,0,0,0,2,1,6,3,-1,-1,-1,-1,-1,-1,-1,-1
2016460103314,1,9,0,18,0,8,0,0,0,0,4,1,6,2,33,6,1984,1,7,10,1,10
2016460103314,2,3,0,9,0,8,0,0,0,0,4,1,6,1,21,5,125,1,9,10,1,10
2016460103314,3,9,0,18,0,1,0,0,0,0,0,1,6,1,45,7,1968,2,1,10,3,10
2016460103318,1,9,0,16,0,0,0,0,7,0,1,1,6,1,22,5,-1,-1,-1,-1,-1,-1
2016460103319,1,9,0,18,0,0,0,0,0,0,1,1,6,1,20,4,1598,1,8,2,1,2
2016460103319,2,9,0,18,0,0,0,0,0,0,4,1,6,1,39,7,1582,2,1,5,1,5
2016460103319,3,9,0,18,0,0,0,0,0,0,1,1,6,1,58,9,-1,-1,-1,3,1,3
2016460103339,1,9,0,4,0,1,0,0,0,0,1,1,2,1,26,6,1598,2,4,7,1,7
2016460103339,2,9,0,4,0,1,0,0,0,0,2,1,2,2,46,8,1598,1,10,9,1,9
2016460103352,1,9,0,18,0,0,0,0,0,0,1,1,6,1,30,6,1597,2,3,3,1,3
2016460103352,2,9,0,2,0,0,0,0,0,0,3,1,6,2,25,5,1390,1,11,4,1,4
2016460103352,3,9,0,18,0,0,0,0,0,0,3,1,1,1,28,6,1968,2,3,7,1,7
2016460103352,4,9,0,18,0,0,0,0,0,0,0,1,1,1,45,7,2993,2,2,-1,-1,-1
2016460103388,1,9,0,18,0,0,0,0,0,0,3,1,1,3,37,7,-1,-1,-1,6,1,6
2016460103388,2,9,0,4,0,0,0,0,0,0,4,1,6,2,34,6,2979,1,15,6,1,6
2016460103389,1,9,0,18,0,0,0,0,0,0,1,1,6,2,55,8,1598,1,12,7,1,7
2016460103407,1,9,0,18,0,1,0,0,0,0,1,1,6,1,22,5,1998,1,15,-1,-1,-1
2016460103407,2,9,0,18,0,1,0,0,0,0,4,1,6,1,21,5,1598,1,7,2,1,2
2016460103415,1,9,0,18,0,0,0,0,0,0,4,1,6,2,45,7,1590,1,14,4,1,4
2016460103415,2,1,0,18,0,0,2,0,0,0,1,1,6,1,9,2,-1,-1,-1,3,1,3
2016460103423,1,9,0,18,0,0,0,0,0,0,1,1,6,1,87,11,1596,1,6,4,2,4
2016460103423,2,9,0,2,0,0,0,0,0,0,2,1,6,1,54,8,998,1,5,5,2,5
2016460103423,3,9,0,2,0,0,0,0,0,0,2,1,6,1,27,6,-1,-1,-1,7,2,7
2016460103475,1,21,0,3,0,0,0,0,0,0,0,2,6,1,49,8,-1,-1,-1,-1,-1,-1
2016460103475,2,9,0,3,0,0,0,0,0,0,4,1,6,2,35,6,2179,2,2,3,1,3
2016460103502,1,9,0,18,0,0,0,0,0,0,1,1,1,1,67,10,1998,2,4,6,1,6
2016460103502,2,3,0,7,0,0,0,0,0,0,4,1,2,1,55,8,1000,1,2,10,1,10
2016460103511,1,9,0,4,0,2,0,0,0,0,0,1,6,1,73,10,1968,2,13,6,1,6
2016460103511,2,9,0,4,0,2,0,0,0,0,2,1,6,2,53,8,2143,2,6,-1,-1,-1
2016460103511,3,9,0,4,0,2,0,0,0,0,0,1,6,2,35,6,1769,1,14,6,1,6
2016460103538,1,1,0,7,0,1,1,0,0,0,1,1,2,1,28,6,-1,-1,-1,9,3,9
2016460103538,2,9,0,8,0,1,0,0,0,0,1,1,2,2,49,8,2143,2,5,9,1,9
2016460103540,1,3,0,3,0,0,0,0,0,0,4,1,6,1,18,4,124,1,1,4,1,4
2016460103552,1,2,0,18,0,0,0,0,0,0,1,1,1,1,17,4,49,1,1,5,1,5
2016460103552,2,19,0,2,0,0,0,0,0,0,2,1,1,1,34,6,2198,2,1,5,3,5
2016460103581,1,9,0,18,0,0,0,0,0,0,4,1,6,1,-1,-1,1796,1,13,-1,-1,-1
2016460103667,1,1,0,18,0,1,0,0,0,0,1,1,6,1,10,2,-1,-1,-1,3,1,3
2016460103667,2,9,0,18,0,1,0,0,0,0,1,1,6,1,78,11,1582,2,-1,10,1,10
2016460103668,1,1,0,18,9,1,0,0,0,0,1,1,6,2,35,6,-1,-1,-1,2,1,2
2016460103668,2,9,0,18,0,5,0,0,0,0,1,1,6,1,19,4,1590,1,12,5,1,5
2016460103675,1,9,0,18,0,0,0,0,0,0,0,1,6,1,-1,-1,-1,-1,-1,5,1,5
2016460103688,1,16,0,18,0,0,0,0,0,0,0,1,6,1,54,8,-1,-1,-1,6,1,6
2016460103696,1,1,0,18,0,1,0,0,0,0,1,1,6,2,-1,-1,-1,-1,-1,-1,-1,-1
2016460103696,2,9,0,18,0,6,0,0,0,0,1,1,6,2,50,8,1598,1,6,5,1,5
2016460103707,1,9,0,18,0,0,0,0,0,0,4,1,6,1,37,7,2231,2,8,3,1,3
2016460103742,1,9,0,7,0,6,0,0,0,0,1,1,6,1,17,4,1199,1,13,8,1,8
2016460103742,2,9,0,18,0,8,0,0,0,0,1,1,6,2,68,10,1198,1,7,6,1,6
2016460103742,3,9,0,18,0,8,0,0,0,0,1,1,6,2,25,5,999,1,2,7,1,7
2016460103749,1,9,0,18,0,1,0,0,0,0,1,1,6,2,25,5,998,1,10,7,1,7
2016460103752,1,9,0,1,0,0,0,0,0,0,0,1,6,1,-1,-1,-1,-1,-1,-1,-1,-1
2016460103760,1,1,0,18,0,0,0,0,0,0,3,1,6,3,-1,-1,-1,-1,-1,-1,-1,-1
2016460103760,2,9,0,18,0,0,0,0,0,0,3,1,6,2,61,9,1598,1,7,5,3,5
2016460103761,1,1,0,18,0,1,0,0,0,0,3,1,6,1,18,4,-1,-1,-1,9,3,9
2016460103761,2,9,0,10,0,1,0,0,0,0,4,1,6,1,49,8,1896,2,13,6,3,6
2016460103770,1,9,0,18,0,0,0,0,0,0,1,1,6,3,37,7,2401,2,11,-1,-1,-1
2016460103770,2,11,0,5,0,0,0,0,0,0,0,1,1,3,46,8,4250,2,8,6,1,6
2016460103790,1,9,0,18,0,0,0,0,0,0,4,1,6,2,51,8,-1,-1,-1,3,1,3
2016460103806,1,9,0,15,0,0,0,4,0,0,4,1,1,1,26,6,1598,1,8,8,3,8
2016460103806,2,9,0,18,0,0,0,0,0,0,3,1,1,2,54,8,-1,-1,-1,4,3,4
2016460103844,1,21,0,5,0,1,0,0,0,0,1,1,1,1,33,6,9000,2,12,7,1,7
2016460103844,2,9,0,4,0,1,0,0,0,0,2,1,6,2,36,7,1598,2,1,2,1,2
2016460103847,1,9,0,3,0,4,0,0,0,0,2,1,6,2,52,8,-1,-1,-1,9,1,9
2016460103847,2,19,0,18,0,1,0,0,0,0,1,1,6,1,47,8,6700,2,1,-1,-1,-1
2016460103870,1,9,0,9,0,1,0,0,0,0,3,1,6,2,55,8,1197,1,4,5,2,5
2016460103870,2,3,0,18,0,8,2,0,0,0,1,1,6,1,18,4,124,1,-1,-1,-1,-1
2016460103870,3,9,0,3,0,2,0,0,0,0,1,1,6,2,48,8,1995,2,3,7,3,7
2016460103877,1,9,0,18,0,1,0,0,0,0,1,1,6,1,23,5,1389,1,15,-1,-1,-1
2016460103877,2,9,0,9,0,1,0,0,0,0,2,1,6,1,37,7,1986,2,9,10,2,10
2016460103924,1,19,0,4,0,0,0,0,0,0,1,1,1,1,54,8,-1,-1,-1,-1,-1,-1
2016460103924,2,19,0,18,0,0,0,0,0,0,2,1,1,1,44,7,-1,-1,-1,-1,-1,-1
2016460103926,1,9,0,18,9,0,0,0,7,0,1,1,6,1,83,11,1998,1,14,9,1,9
2016460103937,1,9,0,18,0,2,0,0,0,0,1,1,6,1,81,11,1198,1,2,-1,-1,-1
2016460103937,2,9,0,11,0,2,0,0,0,0,4,1,6,1,66,10,1390,1,15,2,1,2
2016460103947,1,9,0,17,0,0,0,0,7,0,1,1,2,1,21,5,1298,1,17,7,2,7
2016460103952,1,9,0,18,0,0,0,0,0,0,1,1,6,3,-1,-1,-1,-1,-1,-1,-1,-1
2016460103952,2,1,0,18,0,0,0,0,0,0,2,1,6,1,24,5,-1,-1,-1,9,1,9
2016460103955,1,9,0,18,0,0,0,10,0,0,4,1,2,1,62,9,-1,-1,-1,4,1,4
2016460103973,1,11,0,4,0,3,0,0,0,0,1,1,1,1,30,6,6696,2,3,5,1,5
2016460103973,2,9,0,3,0,2,0,0,0,0,2,1,6,2,35,6,1999,2,-1,9,1,9
2016460104012,1,9,0,18,0,2,0,4,7,10,4,1,1,2,61,9,1956,2,-1,6,3,6
2016460104012,2,9,0,2,0,2,0,0,0,0,3,1,6,2,67,10,1798,1,2,8,1,8
2016460104054,1,9,0,4,0,0,0,0,0,0,1,1,6,1,49,8,-1,-1,-1,-1,-1,-1
2016460104054,2,9,0,4,0,0,0,0,0,0,2,1,6,2,28,6,1490,1,9,2,1,2
2016460104074,1,9,0,18,0,0,0,0,0,0,0,1,1,2,37,7,998,1,3,7,1,7
2016460104183,1,19,0,16,0,0,0,0,0,0,3,1,1,1,53,8,2148,2,7,4,1,4
2016460104183,2,9,0,17,0,0,0,0,0,0,3,1,6,2,50,8,1560,2,9,5,3,5
2016460104252,1,2,0,18,0,4,1,-1,0,0,0,1,6,2,16,4,50,1,12,3,1,3
2016460104264,1,9,0,12,0,0,0,0,7,10,1,1,6,1,37,7,2792,1,15,2,1,2
2016460104266,1,9,0,18,0,1,0,0,0,0,1,1,6,1,-1,-1,1598,1,11,6,3,6
2016460104266,2,9,0,2,0,1,0,0,0,0,2,1,6,1,35,6,2143,2,2,3,2,3
2016460104288,1,9,0,12,0,0,0,0,0,0,0,1,6,3,-1,-1,-1,-1,-1,-1,-1,-1
2016460104288,2,3,0,12,0,0,1,0,0,0,3,1,2,1,33,6,125,1,-1,3,1,3
2016460104291,1,1,0,17,0,0,1,0,1,7,1,1,6,1,31,6,-1,-1,-1,5,3,5
2016460104317,1,3,0,18,0,0,0,0,0,0,4,1,1,1,28,6,124,1,5,3,1,3
2016460104329,1,9,0,18,0,0,0,0,0,0,3,1,1,2,57,9,-1,-1,-1,6,3,6
2016460104329,2,1,0,18,0,0,0,0,0,0,3,1,6,1,28,6,-1,-1,-1,3,1,3
2016460104392,1,9,0,18,0,0,0,0,0,0,1,1,2,2,26,6,1240,1,10,6,1,6
2016460104410,1,19,0,4,0,0,0,0,0,0,1,1,1,1,28,6,1968,2,2,9,1,9
2016460104410,2,19,0,4,0,0,0,0,0,0,2,1,1,1,22,5,1968,2,-1,10,1,10
2016460104410,3,9,0,4,0,0,0,0,0,0,2,1,6,2,56,9,1997,1,2,8,3,8
2016460104417,1,9,0,17,0,0,1,0,0,0,1,1,6,1,20,4,1590,1,21,4,1,4
2016460104417,2,9,0,18,0,0,0,0,0,0,3,1,6,2,44,7,1910,2,9,7,1,7
2016460104447,1,3,0,10,0,1,0,0,0,0,1,1,6,1,19,4,124,1,2,2,1,2
2016460104447,2,9,0,18,0,1,0,0,0,0,2,1,6,1,42,7,1798,1,13,3,1,3
2016460104455,1,9,0,18,0,0,0,0,0,0,1,1,6,1,59,9,998,1,17,1,1,1
2016460104455,2,9,0,18,0,0,0,4,0,0,1,1,6,2,50,8,1362,1,2,10,1,10
2016460104455,3,9,0,2,0,0,0,0,0,0,4,1,6,1,31,6,1330,1,25,7,1,7
2016460104503,1,11,0,18,0,0,0,0,0,0,0,1,1,1,61,9,-1,-1,-1,6,1,6
2016460104503,2,9,0,18,0,0,0,0,1,0,0,1,6,2,31,6,2143,2,3,5,2,5
2016460104617,1,9,0,18,0,1,0,0,0,0,1,1,6,3,-1,-1,-1,-1,-1,-1,-1,-1
2016460104644,1,9,0,17,0,4,0,0,2,0,1,1,6,1,18,4,1596,1,11,10,1,10
2016460104654,1,9,0,18,0,0,1,0,1,0,1,1,2,1,38,7,1679,1,15,6,1,6
2016460104705,1,9,0,18,0,0,0,0,0,0,1,1,3,2,34,6,1598,2,2,8,1,8
2016460104731,1,9,0,1,0,8,0,0,0,0,0,1,6,1,33,6,1997,2,5,6,1,6
2016460104731,2,9,0,10,0,1,0,0,0,0,4,1,6,2,28,6,1461,2,1,7,3,7
2016460104737,1,9,0,13,9,1,0,0,7,0,1,1,6,1,48,8,1798,1,1,4,1,4
2016460104778,1,9,0,4,0,8,0,4,7,0,1,1,6,2,-1,-1,1560,2,2,3,1,3
2016460104778,2,9,0,4,0,0,0,0,0,0,0,1,1,1,30,6,1968,2,3,6,1,6
2016460104778,3,9,0,18,0,1,0,0,0,0,0,1,6,1,25,5,1796,1,8,6,1,6
2016460104778,4,9,0,2,0,0,0,0,0,0,0,1,6,1,-1,-1,1339,1,10,-1,-1,-1
2016460104781,1,9,0,14,0,0,0,0,0,0,1,1,6,2,63,9,1686,2,4,1,3,1
2016460104781,2,9,0,18,0,0,0,0,0,0,1,1,1,1,27,6,2198,2,1,6,1,6
2016460104782,1,3,0,4,0,0,2,0,0,0,0,1,6,1,17,4,124,1,-1,6,1,6
2016460104867,1,19,0,18,0,1,1,0,0,0,0,1,1,1,-1,-1,-1,-1,-1,-1,-1,-1
2016460104867,2,9,0,4,0,1,0,0,0,0,1,1,6,1,27,6,1498,1,1,6,1,6
2016460104867,3,9,0,4,0,1,0,0,0,0,1,1,6,2,44,7,1560,2,4,7,1,7
2016460104887,1,9,0,17,0,0,0,0,0,0,1,1,6,1,88,11,1332,1,10,8,1,8
2016460104887,2,9,0,2,0,0,0,0,0,0,2,1,6,1,-1,-1,1986,2,10,10,1,10
2016460104887,3,9,0,2,0,0,0,0,0,0,2,1,6,2,-1,-1,1200,1,-1,6,1,6
2016460104887,4,9,0,2,0,0,0,0,0,0,2,1,6,1,-1,-1,1339,1,3,10,1,10
2016460104899,1,97,0,18,0,0,0,0,0,0,1,1,6,1,18,4,-1,-1,-1,5,1,5
2016460104953,1,9,0,18,0,3,0,0,0,0,1,1,1,1,50,8,-1,-1,-1,7,3,7
2016460104953,2,9,0,18,0,3,0,0,0,0,2,1,6,1,67,10,2179,2,4,10,2,10
2016460104954,1,19,0,2,0,0,0,0,0,0,3,1,6,1,22,5,1248,2,3,6,2,6
2016460104954,2,1,0,18,0,0,0,0,0,0,1,1,6,2,46,8,-1,-1,-1,1,1,1
2016460104988,1,21,0,1,0,0,0,0,0,0,2,1,1,1,28,6,4461,2,8,10,1,10
2016460104988,2,19,0,18,0,0,0,0,0,0,4,1,1,1,47,8,2188,2,13,7,1,7
2016460105003,1,9,0,18,0,1,0,0,0,0,1,1,6,1,27,6,-1,-1,-1,3,1,3
2016460105003,2,9,0,18,0,1,0,0,0,0,2,1,6,2,46,8,1242,1,1,4,1,4
2016460105081,1,21,0,18,0,0,0,0,0,0,2,2,1,3,37,7,-1,-1,-1,-1,-1,-1
2016460105081,2,9,0,18,0,0,0,0,0,0,1,1,6,2,45,7,1461,2,9,5,3,5
2016460105158,1,2,0,5,0,0,0,0,0,0,4,1,6,1,17,4,49,1,2,9,2,9
2016460105158,2,1,0,3,0,0,0,0,0,0,3,1,6,1,13,3,-1,-1,-1,9,2,9
2016460105163,1,21,0,12,0,0,0,0,0,0,3,2,1,1,40,7,-1,-1,-1,-1,-1,-1
2016460105163,2,9,0,18,0,0,0,0,0,0,4,1,1,1,58,9,1896,2,6,6,1,6
2016460105167,1,9,0,7,0,2,0,0,0,0,0,1,6,3,37,7,998,1,15,4,1,4
2016460105167,2,23,0,18,0,8,0,0,0,0,0,1,6,2,37,7,-1,-1,-1,9,1,9
2016460105185,1,9,0,18,0,3,1,0,0,0,4,1,6,1,26,6,998,1,1,6,3,6
2016460105185,2,98,0,5,0,4,0,0,0,0,3,1,1,1,33,6,-1,-1,-1,-1,-1,-1
2016460105198,1,5,0,16,0,0,1,0,0,0,1,1,6,1,35,6,998,1,8,1,1,1
2016460105198,2,9,0,18,0,0,0,0,0,0,1,1,6,1,44,7,-1,-1,-1,9,1,9
2016460105199,1,9,0,13,0,1,0,0,7,0,3,1,2,1,46,8,1968,2,10,1,1,1
2016460105199,2,9,0,18,0,1,0,0,1,0,4,1,2,1,58,9,1794,1,9,10,1,10
2016460105200,1,5,0,5,0,0,1,0,0,0,0,1,2,1,39,7,1402,1,12,6,2,6
2016460105202,1,9,0,18,0,6,0,0,0,0,1,1,6,1,27,6,1598,1,8,3,1,3
2016460105202,2,9,0,9,0,6,0,0,0,0,2,1,6,2,54,8,1197,1,3,6,3,6
2016460105221,1,9,0,18,0,1,0,0,0,0,3,1,6,1,84,11,1598,1,10,2,1,2
2016460105222,1,9,0,18,0,0,0,0,0,0,3,1,2,1,46,8,1422,2,1,9,1,9
2016460105222,2,11,0,2,0,0,0,0,0,0,0,1,1,2,31,6,3900,2,12,-1,-1,-1
2016460105228,1,1,0,18,0,0,0,0,2,0,1,1,6,1,20,4,-1,-1,-1,2,1,2
2016460105228,2,9,0,2,0,0,0,0,0,0,4,1,6,3,-1,-1,1560,2,4,-1,-1,-1
2016460105246,1,9,0,17,0,0,0,0,0,0,1,1,6,1,49,8,-1,-1,-1,8,2,8
2016460105249,1,9,0,5,0,6,0,0,0,0,4,1,6,1,73,10,1360,1,7,5,2,5
2016460105249,2,20,0,18,0,1,0,0,0,0,4,1,1,1,30,6,-1,-1,-1,8,1,8
2016460105277,1,9,0,18,0,8,0,0,0,0,4,1,6,1,50,8,-1,-1,-1,10,1,10
2016460105277,2,9,0,18,0,1,0,0,0,0,1,1,2,2,55,8,1329,1,5,10,1,10
2016460105282,1,9,0,18,0,0,0,0,0,0,1,1,1,1,45,7,1299,1,12,4,1,4
2016460105299,1,20,0,1,0,1,0,0,0,0,2,1,6,1,-1,-1,-1,-1,-1,-1,-1,-1
2016460105299,2,1,0,18,0,1,0,0,0,0,3,1,6,2,10,2,-1,-1,-1,2,1,2
2016460105314,1,9,0,4,0,0,0,0,0,0,1,1,6,2,54,8,-1,-1,-1,10,1,10
2016460105317,1,9,0,16,0,0,1,0,1,10,1,1,2,1,18,4,1299,1,15,5,3,5
2016460105329,1,21,0,4,0,1,0,0,0,0,1,1,1,1,25,5,9200,2,4,7,1,7
2016460105334,1,9,0,16,0,3,2,0,1,9,4,1,6,2,57,9,1390,1,12,4,3,4
2016460105342,1,9,0,16,0,0,0,0,0,0,1,1,2,1,29,6,1796,1,14,5,1,5
2016460105342,2,9,0,18,0,0,0,0,0,0,1,1,6,2,67,10,1991,2,9,9,3,9
2016460105343,1,9,0,18,0,2,0,0,0,0,1,1,6,2,79,11,1242,1,12,4,3,4
2016460105343,2,9,0,4,0,2,0,0,0,0,2,1,6,1,47,8,1360,1,14,-1,-1,-1
2016460105350,1,9,0,9,0,8,0,0,0,0,1,1,6,2,58,9,1461,2,11,5,3,5
2016460105350,2,2,0,18,0,1,0,0,0,0,4,1,6,1,17,4,50,1,4,2,1,2
2016460105369,1,9,0,18,0,0,0,0,0,0,1,1,6,1,78,11,1998,2,9,4,3,4
2016460105369,2,9,0,4,0,0,0,0,0,0,2,1,6,1,41,7,1328,1,9,3,1,3
2016460105369,3,9,0,4,0,0,0,0,0,0,2,1,6,1,47,8,1599,1,12,8,1,8
2016460105381,1,3,0,18,0,0,5,0,0,0,3,1,6,1,28,6,123,1,1,2,1,2
2016460105392,1,9,0,18,0,4,0,0,0,0,1,1,6,1,35,6,1968,2,1,-1,-1,-1
2016460105392,2,9,0,18,0,4,0,0,0,0,3,1,1,1,40,7,1995,2,2,2,1,2
2016460105400,1,3,0,7,0,8,1,0,0,0,0,1,6,1,17,4,125,1,12,8,3,8
2016460105416,1,1,0,18,0,1,0,0,0,0,1,1,6,2,47,8,-1,-1,-1,3,1,3
2016460105416,2,19,0,18,0,1,0,0,0,0,4,1,6,1,44,7,2402,2,6,2,1,2
2016460105440,1,1,0,18,9,0,0,0,0,0,4,1,6,1,27,6,-1,-1,-1,5,1,5
2016460105440,2,19,0,18,0,0,0,0,0,0,1,1,6,1,62,9,1868,2,13,2,1,2
2016460105442,1,9,0,18,0,1,0,0,0,0,0,1,6,1,-1,-1,1896,2,8,3,1,3
2016460105442,2,9,0,4,0,1,0,0,0,0,1,1,2,1,50,8,1781,1,14,6,1,6
2016460105449,1,9,0,9,0,1,0,0,0,0,4,1,6,1,17,4,1200,1,-1,10,1,10
2016460105449,2,1,0,18,0,1,0,0,0,0,1,1,6,1,51,8,-1,-1,-1,4,1,4
2016460105510,1,9,0,16,0,0,1,0,1,0,2,1,2,2,40,7,1242,1,17,4,1,4
2016460105515,1,9,0,18,0,1,0,0,0,0,1,1,6,2,44,7,1968,2,2,10,3,10
2016460105515,2,20,0,18,0,1,0,0,0,0,1,1,1,1,28,6,2143,2,2,3,1,3
2016460105519,1,1,0,18,0,0,0,0,0,0,1,1,6,1,23,5,-1,-1,-1,-1,-1,-1
2016460105519,2,9,0,6,0,0,0,0,0,0,4,1,6,1,28,6,1896,1,18,1,1,1
2016460105535,1,9,0,18,0,8,1,0,0,0,1,1,6,2,33,6,1360,1,13,6,1,6
2016460105535,2,20,0,4,0,8,0,0,0,0,2,1,1,1,41,7,2143,2,2,6,1,6
2016460105550,1,9,0,18,0,0,1,0,0,0,1,1,6,1,43,7,2967,2,6,8,1,8
2016460105550,2,9,0,18,0,0,0,0,0,0,2,1,6,2,36,7,1598,1,8,5,1,5
2016460105680,1,9,0,18,0,0,0,0,0,0,1,1,6,3,-1,-1,-1,-1,-1,-1,-1,-1
2016460105680,2,9,0,18,0,0,0,0,0,0,1,1,6,1,56,9,1796,1,14,2,1,2
2016460105681,1,1,0,9,9,0,0,0,0,0,3,1,6,2,8,2,-1,-1,-1,8,3,8
2016460105699,1,9,0,18,0,0,0,0,1,0,1,1,1,2,17,4,1422,2,11,7,3,7
2016460105713,1,9,0,9,0,5,1,0,7,0,4,1,6,1,65,9,1596,1,-1,-1,-1,-1
2016460105713,2,9,0,18,0,8,0,0,0,0,1,1,6,2,54,8,-1,-1,-1,6,1,6
2016460105718,1,9,0,4,0,0,0,0,0,0,2,1,6,1,33,6,1686,2,4,-1,-1,-1
2016460105718,2,9,0,18,0,0,0,0,0,0,1,1,6,1,52,8,-1,-1,-1,1,1,1
2016460105727,1,9,0,9,0,1,0,0,0,0,1,1,6,2,31,6,1986,2,9,5,2,5
2016460105727,2,4,0,18,0,1,0,0,0,0,1,1,6,1,25,5,599,1,7,1,1,1
2016460105742,1,20,0,4,0,0,0,0,0,0,2,1,1,1,38,7,-1,-1,-1,5,1,5
2016460105742,2,9,0,3,0,0,0,0,0,0,0,1,6,2,19,4,1275,1,-1,3,1,3
2016460105767,1,9,0,18,0,0,0,0,0,0,1,1,2,1,22,5,2198,2,10,2,1,2
2016460105767,2,9,0,4,0,0,0,0,8,0,2,1,2,1,20,4,1229,1,1,8,1,8
2016460105779,1,1,0,18,0,0,0,0,0,0,0,1,6,1,16,4,-1,-1,-1,1,1,1
2016460105788,1,9,0,18,0,0,0,0,0,0,2,1,6,1,52,8,-1,-1,-1,1,1,1
2016460105788,2,9,0,18,0,0,0,0,0,0,1,1,1,1,51,8,2685,2,13,4,1,4
2016460105792,1,9,0,18,0,0,0,0,0,0,1,1,6,1,35,6,-1,-1,-1,4,1,4
2016460105792,2,9,0,2,0,0,0,0,0,0,2,1,6,1,35,6,1910,2,12,5,2,5
2016460105792,3,9,0,3,0,0,0,0,0,0,2,1,6,2,-1,-1,1598,2,1,4,1,4
2016460105801,1,3,0,18,0,0,1,0,0,0,2,1,6,1,18,4,125,1,-1,4,1,4
2016460105801,2,9,0,18,0,0,0,0,0,0,0,1,6,1,18,4,1242,1,3,7,1,7
2016460105824,1,9,0,18,0,1,0,0,0,0,3,1,1,1,61,9,2902,2,11,8,1,8
2016460105824,2,3,0,9,0,2,0,0,0,0,1,1,1,1,23,5,125,1,3,-1,-1,-1
2016460105843,1,9,0,4,0,0,5,0,1,0,4,1,6,2,18,4,998,1,16,4,3,4
2016460105897,1,9,0,18,0,0,0,0,0,0,2,1,6,1,18,4,2143,2,3,5,1,5
2016460105897,2,9,0,18,0,0,0,0,0,0,1,1,6,1,34,6,1998,1,13,3,1,3
2016460105904,1,9,0,9,0,6,0,0,0,0,1,1,6,1,79,11,1598,1,10,10,3,10
2016460105904,2,3,0,18,0,1,0,0,0,0,1,1,2,1,44,7,124,1,3,2,1,2
2016460105938,1,21,1,18,0,0,0,0,0,0,4,2,6,1,52,8,-1,-1,-1,-1,-1,-1
2016460105938,2,1,0,18,0,0,0,0,1,0,2,1,1,1,65,9,-1,-1,-1,10,1,10
2016460105940,1,9,0,18,0,0,0,0,7,0,1,1,2,2,52,8,998,1,-1,6,2,6
2016460105944,1,9,0,18,0,4,0,0,0,0,1,1,6,1,30,6,1796,1,13,4,1,4
2016460105944,2,9,0,18,0,4,0,0,0,0,3,1,6,2,49,8,1598,1,3,6,3,6
2016460105947,1,1,0,18,0,2,0,0,0,0,1,1,6,1,18,4,-1,-1,-1,3,1,3
2016460105947,2,9,0,3,0,2,0,0,0,0,2,1,6,1,87,11,999,1,2,6,1,6
2016460105965,1,5,0,18,0,0,1,0,0,0,1,1,6,1,23,5,599,1,15,-1,-1,-1
2016460105965,2,9,0,9,0,0,0,0,0,0,1,1,6,1,25,5,1599,1,7,4,1,4
2016460105995,1,9,0,3,0,2,0,0,0,0,1,1,1,1,23,5,1390,1,17,1,1,1
2016460105995,2,9,0,3,0,2,0,0,0,0,2,1,6,1,19,4,1587,1,14,5,1,5
2016460106012,1,9,0,5,0,6,0,0,0,0,4,1,6,2,24,5,1968,2,2,6,1,6
2016460106012,2,9,0,18,0,1,0,0,0,0,1,1,6,2,25,5,1422,2,10,1,1,1
2016460106034,1,9,0,18,0,5,0,0,0,0,1,1,6,2,32,6,1598,1,11,5,1,5
2016460106034,2,21,1,2,0,1,0,0,0,0,1,1,1,1,46,8,-1,-1,-1,-1,-1,-1
2016460106041,1,9,0,4,0,0,0,0,0,0,1,1,6,3,-1,-1,-1,-1,-1,-1,-1,-1
2016460106041,2,9,0,4,0,0,0,0,0,0,1,1,6,1,18,4,998,1,10,10,1,10
2016460106041,3,9,0,4,0,0,0,0,0,0,2,1,6,1,-1,-1,-1,-1,-1,7,1,7
2016460106041,4,9,0,4,0,0,0,0,0,0,2,1,6,2,-1,-1,-1,-1,-1,3,1,3
2016460106042,1,9,0,18,0,1,0,0,0,0,1,1,2,1,-1,-1,2143,2,3,9,1,9
2016460106042,2,9,0,10,0,1,0,0,0,0,2,1,2,1,29,6,1997,2,8,10,1,10
2016460106042,3,9,0,18,0,1,0,0,0,0,3,1,2,1,58,9,-1,-1,-1,7,3,7
2016460106042,4,9,0,18,0,1,0,0,0,0,3,1,2,3,-1,-1,-1,-1,-1,-1,-1,-1