Accident_Index,Vehicle_Reference,Vehicle_Type,Towing_and_Articulation,Vehicle_Manoeuvre,Vehicle_Location-Restricted_Lane,Junction_Location,Skidding_and_Overturning,Hit_Object_in_Carriageway,Vehicle_Leaving_Carriageway,Hit_Object_off_Carriageway,1st_Point_of_Impact,Was_Vehicle_Left_Hand_Drive?,Journey_Purpose_of_Driver,Sex_of_Driver,Age_of_Driver,Age_Band_of_Driver,Engine_Capacity_(CC),Propulsion_Code,Age_of_Vehicle,Driver_IMD_Decile,Driver_Home_Area_Type,Vehicle_IMD_Decile
2016460106072,1,9,0,15,0,1,0,0,0,0,3,1,6,1,38,7,1997,2,12,3,1,3
2016460106072,2,9,0,10,0,1,0,0,0,0,3,1,6,2,36,7,1998,1,9,1,1,1
2016460106079,1,3,0,18,0,1,5,10,0,0,4,1,2,1,25,5,124,1,-1,4,1,4
2016460106079,2,9,0,5,0,6,0,0,0,0,0,1,6,2,30,6,1461,2,7,7,3,7
2016460106083,1,3,0,6,0,3,0,0,0,0,0,1,6,1,75,10,798,1,33,10,1,10
2016460106110,1,3,0,18,0,0,1,0,0,0,3,1,6,1,19,4,125,1,10,4,3,4
2016460106110,2,9,0,3,0,0,0,0,0,0,4,1,6,2,32,6,1598,1,9,6,2,6
2016460106110,3,9,0,3,0,0,0,0,0,0,3,1,6,2,53,8,1968,2,7,3,1,3
2016460106197,1,19,3,18,0,0,4,0,4,1,3,1,6,1,29,6,2477,2,5,8,1,8
2016460106199,1,3,0,18,0,2,0,4,0,0,1,1,6,1,18,4,124,1,2,8,1,8
2016460106199,2,9,0,2,0,2,0,0,0,0,2,1,6,1,-1,-1,1781,1,13,-1,-1,-1
2016460106199,3,9,0,2,0,2,0,0,0,0,0,1,6,2,-1,-1,1360,1,16,-1,-1,-1
2016460106215,1,9,0,5,0,0,0,0,0,0,1,1,6,2,20,4,1200,1,-1,7,3,7
2016460106233,1,9,0,18,0,8,0,0,0,0,1,1,6,2,47,8,-1,-1,-1,4,2,4
2016460106233,2,9,0,18,0,1,0,0,0,0,2,1,6,2,47,8,1582,2,-1,2,1,2
2016460106238,1,5,0,4,0,1,1,0,0,0,4,1,6,2,46,8,645,1,16,8,1,8
2016460106256,1,9,0,11,0,3,0,0,0,0,4,1,6,1,41,7,2143,2,4,3,1,3
2016460106256,2,5,0,18,0,3,1,0,0,0,3,1,6,1,48,8,1000,1,7,8,2,8
2016460106289,1,3,0,13,0,8,0,0,0,0,1,1,6,3,-1,-1,124,1,2,-1,-1,-1
2016460106289,2,9,0,9,0,2,0,0,0,0,3,1,6,1,21,5,998,1,13,1,1,1
2016460106297,1,9,0,16,0,1,0,0,0,0,1,1,6,1,92,11,1329,1,4,8,1,8
2016460106297,2,9,0,2,0,1,0,0,0,0,2,1,6,1,-1,-1,1685,2,2,8,1,8
2016460106344,1,9,0,5,0,8,0,0,0,0,1,1,2,1,40,7,1149,1,-1,4,1,4
2016460106344,2,1,0,18,0,3,0,0,0,0,4,1,6,1,29,6,-1,-1,-1,3,1,3
2016460106389,1,9,0,18,0,0,0,0,0,0,1,1,5,2,-1,-1,1598,1,3,7,1,7
2016460106389,2,9,0,3,0,0,0,0,0,0,2,1,5,1,50,8,1997,1,9,2,1,2
2016460106470,1,9,0,1,0,0,0,0,0,0,0,1,6,3,-1,-1,1360,1,15,-1,-1,-1
2016460106470,2,9,0,1,0,0,0,0,0,0,0,1,6,3,-1,-1,1396,1,12,-1,-1,-1
2016460106470,3,9,0,1,0,0,0,0,0,0,0,1,6,3,-1,-1,1461,2,6,-1,-1,-1
2016460106522,1,9,0,9,0,1,0,0,0,0,3,1,6,1,19,4,1399,2,7,1,3,1
2016460106522,2,9,0,18,0,1,0,0,0,0,4,1,6,2,44,7,1968,2,1,1,3,1
2016460106548,1,9,0,16,0,0,0,0,0,0,1,1,6,1,22,5,1398,1,2,4,3,4
2016460106548,2,9,0,17,0,0,0,0,0,0,1,1,6,3,-1,-1,-1,-1,-1,-1,-1,-1
2016460106583,1,9,0,4,0,0,0,0,0,0,4,1,6,2,17,4,999,1,6,9,1,9
2016460106624,1,9,0,16,0,1,1,0,7,5,3,1,6,1,24,5,1396,1,13,4,2,4
2016460106646,1,9,0,17,0,0,0,0,7,9,4,1,6,1,21,5,1840,1,17,5,2,5
2016460106646,2,9,0,16,0,0,0,0,0,0,1,1,6,1,84,11,1560,2,3,8,1,8
2016460106689,1,9,0,18,0,0,0,0,8,0,1,1,2,1,55,8,1364,2,6,6,1,6
2016460106700,1,9,0,18,0,0,0,0,0,0,1,1,6,2,23,5,875,1,5,4,1,4
2016460106700,2,1,0,18,0,0,0,0,0,0,2,1,6,1,53,8,-1,-1,-1,6,3,6
2016460106718,1,9,0,9,0,8,0,0,1,10,3,1,5,1,35,6,1199,1,13,4,1,4
2016460106718,2,9,0,18,0,8,0,0,0,0,4,1,1,1,30,6,1560,2,4,6,1,6
2016460106781,1,9,0,14,0,0,5,4,0,0,4,1,6,2,51,8,1360,1,16,6,1,6
2016460106781,2,9,0,2,0,0,0,0,0,0,3,1,6,1,36,7,-1,-1,-1,8,1,8
2016460106824,1,9,0,18,0,0,2,0,0,0,0,1,6,1,37,7,-1,-1,-1,-1,-1,-1
2016460106824,2,9,5,18,0,0,0,0,0,0,3,1,6,2,37,7,2685,2,13,8,2,8
2016460106957,1,19,0,18,0,0,0,0,0,0,1,1,1,1,32,6,1560,2,2,3,1,3
2016460106957,2,9,0,18,0,0,0,0,0,0,2,1,6,2,50,8,1598,1,8,8,1,8
2016460106998,1,9,0,4,0,0,0,0,0,0,1,1,1,1,25,5,2179,2,3,7,1,7
2016460106998,2,9,0,4,0,0,0,0,0,0,2,1,6,1,73,10,2143,2,1,4,1,4
2016460107032,1,9,0,10,0,5,0,0,0,0,0,1,6,3,-1,-1,-1,-1,-1,-1,-1,-1
2016460107032,2,11,0,18,0,4,0,0,0,0,0,1,6,1,64,9,4461,2,1,7,1,7
2016460107068,1,4,0,18,0,0,1,0,0,0,4,1,6,1,41,7,998,1,5,5,2,5
2016460107077,1,9,0,1,0,0,0,0,0,0,0,1,6,2,26,6,1598,1,3,8,3,8
2016460107077,2,3,0,1,0,0,0,0,0,0,0,1,6,1,20,4,-1,-1,-1,1,1,1
2016460107099,1,9,0,18,0,8,0,0,0,0,1,1,1,1,59,9,1686,2,3,2,1,2
2016460107099,2,9,0,9,0,8,0,0,0,0,1,1,6,1,19,4,1149,1,12,7,1,7
2016460107106,1,9,0,18,0,0,0,0,0,0,1,1,6,1,35,6,1597,1,16,4,3,4
2016460107106,2,9,0,18,0,0,0,0,0,0,1,1,6,1,69,10,1910,2,8,9,2,9
2016460107581,1,9,0,18,0,0,0,0,0,0,1,1,6,3,32,6,1598,1,15,-1,-1,-1
2016460107586,1,9,0,16,0,0,0,0,0,0,1,1,6,2,52,8,1390,1,12,4,3,4
2016460107586,2,9,0,17,0,0,0,0,0,0,1,1,6,2,31,6,1560,2,5,6,3,6
2016460107590,1,9,0,18,0,0,2,0,1,0,2,1,6,1,32,6,1595,1,20,4,2,4
2016460107593,1,9,0,1,0,0,0,0,0,0,2,1,6,1,69,10,-1,-1,-1,7,1,7
2016460107593,2,9,0,2,0,0,0,0,0,0,1,1,6,2,19,4,1086,1,10,6,3,6
2016460107594,1,9,0,18,0,0,1,0,7,0,3,1,6,1,18,4,1796,1,13,3,1,3
2016460107604,1,9,0,18,0,1,0,0,0,0,1,1,6,1,-1,-1,1560,2,1,1,1,1
2016460107604,2,9,0,3,0,1,0,0,0,0,2,1,6,2,50,8,1598,2,3,8,1,8
2016460107605,1,9,0,18,0,0,0,0,0,0,1,1,1,1,29,6,1198,1,5,3,1,3
2016460107605,2,20,0,18,0,0,0,7,0,0,2,1,2,1,52,8,-1,-1,-1,4,1,4
2016460107616,1,9,0,18,0,0,0,0,0,0,1,1,6,1,47,8,1587,1,10,9,1,9
2016460107616,2,9,0,18,0,0,0,0,0,0,2,1,2,2,20,4,998,1,5,7,1,7
2016460107618,1,9,0,18,0,0,0,7,0,0,0,1,1,1,27,6,2143,2,4,-1,-1,-1
2016460107619,1,9,0,9,0,5,0,0,0,0,1,1,1,1,44,7,-1,-1,-1,3,1,3
2016460107619,2,3,0,17,0,5,0,0,0,0,1,1,6,1,21,5,124,1,7,1,1,1
2016460107654,1,5,0,15,0,0,5,0,1,0,4,1,6,1,20,4,599,1,17,4,1,4
2016460107662,1,9,0,18,0,0,0,0,0,0,1,1,6,1,21,5,-1,-1,-1,8,1,8
2016460107662,2,21,1,18,0,0,0,0,0,0,2,1,6,1,60,9,11967,2,7,3,1,3
2016460107665,1,9,0,18,0,1,0,0,0,0,1,1,6,2,37,7,1461,2,7,2,1,2
2016460107665,2,9,0,3,0,1,0,0,0,0,2,1,2,2,46,8,1390,1,15,1,1,1
2016460107665,3,9,0,3,0,1,0,0,0,0,2,1,2,2,22,5,1390,1,7,6,1,6
2016460107672,1,9,0,1,0,0,0,0,0,0,0,1,6,2,-1,-1,1328,1,13,-1,-1,-1
2016460107672,2,1,0,1,0,0,0,0,0,0,0,1,6,1,12,3,-1,-1,-1,9,1,9
2016460107678,1,9,0,5,0,0,0,0,0,0,1,1,2,1,35,6,1796,1,13,4,1,4
2016460107712,1,9,0,1,0,0,0,0,0,0,0,1,6,2,24,5,1360,1,10,6,1,6
2016460107712,2,9,0,1,0,0,0,0,0,0,0,1,6,1,22,5,1560,2,11,-1,-1,-1
2016460107716,1,9,0,18,0,0,0,0,0,0,0,1,6,1,38,7,1995,2,5,3,1,3
2016460107716,2,9,0,4,0,0,0,0,0,0,1,1,1,2,43,7,1598,1,9,10,1,10
2016460107717,1,9,0,18,0,0,0,0,0,0,3,1,6,1,-1,-1,1360,1,16,-1,-1,-1
2016460107717,2,4,0,18,0,0,2,0,0,0,4,1,6,1,46,8,929,1,14,2,1,2
2016460107725,1,9,0,12,0,0,1,0,0,0,3,1,6,2,27,6,1248,1,2,3,1,3
2016460107725,2,21,1,11,0,0,0,0,0,0,4,1,1,1,60,9,8867,2,8,10,1,10
2016460107725,3,9,0,18,0,0,0,0,0,0,1,1,6,1,54,8,2494,8,-1,8,1,8
2016460107725,4,19,0,18,0,0,0,0,0,0,3,1,1,1,49,8,-1,-1,-1,5,1,5
2016460107725,5,19,0,4,0,0,0,0,0,0,2,1,1,1,43,7,1560,2,3,3,1,3
2016460107725,6,9,0,18,0,0,0,0,0,0,0,1,6,3,-1,-1,-1,-1,-1,-1,-1,-1
2016460107785,1,20,0,18,0,1,0,0,0,0,1,1,6,1,44,7,-1,-1,-1,7,1,7
2016460107785,2,9,0,18,0,1,0,0,0,0,1,1,6,2,43,7,1995,2,3,-1,-1,-1
2016460107795,1,1,0,1,0,0,0,0,0,0,0,1,6,1,-1,-1,-1,-1,-1,-1,-1,-1
2016460107802,1,97,0,18,0,0,0,4,0,0,1,1,6,1,25,5,-1,-1,-1,6,1,6
2016460107802,2,19,0,2,0,0,0,0,0,0,2,1,6,1,29,6,2198,2,2,4,2,4
2016460107807,1,9,0,13,0,0,0,0,0,0,2,1,6,1,41,7,1997,12,3,6,1,6
2016460107807,2,5,0,13,0,0,0,0,0,0,1,1,6,1,34,6,998,1,8,5,3,5
2016460107817,1,9,0,7,0,4,0,0,0,0,1,1,6,2,73,10,1242,1,7,7,1,7
2016460107817,2,1,0,18,0,8,0,0,0,0,2,1,6,1,54,8,-1,-1,-1,3,1,3
2016460107824,1,4,0,17,0,1,0,0,1,2,1,1,6,1,45,7,390,1,16,7,1,7
2016460107867,1,9,0,9,0,0,0,0,0,0,1,1,6,2,-1,-1,1240,1,13,-1,-1,-1
2016460107867,2,1,0,18,0,0,0,0,0,0,1,1,2,1,20,4,-1,-1,-1,3,1,3
2016460107871,1,9,0,16,0,3,1,0,0,0,1,1,6,2,23,5,1149,1,7,2,1,2
2016460107877,1,9,0,4,0,0,0,0,0,0,1,1,3,2,38,7,1796,1,13,3,1,3
2016460107877,2,9,0,4,0,0,0,0,0,0,2,1,2,2,19,4,1242,1,4,5,3,5
2016460107900,1,9,0,18,0,4,0,0,0,0,1,1,6,2,54,8,1299,1,17,3,2,3
2016460107900,2,9,0,18,0,8,0,0,0,0,4,1,2,2,54,8,1398,1,-1,9,2,9
2016460107918,1,9,0,5,0,6,0,0,0,0,1,1,6,1,21,5,1999,1,11,-1,-1,-1
2016460107928,1,5,0,16,0,0,0,0,7,0,1,1,6,1,37,7,997,1,27,4,2,4
2016460107989,1,9,0,9,0,1,0,0,0,0,3,1,6,1,39,7,1999,2,1,4,3,4
2016460107989,2,9,0,18,0,1,0,0,0,0,1,1,6,1,46,8,1120,2,3,2,1,2
2016460107999,1,9,0,18,0,0,0,0,0,0,4,1,6,1,69,10,1968,2,1,9,2,9
2016460108001,1,9,0,18,0,1,0,0,0,0,1,1,1,1,41,7,-1,-1,-1,4,3,4
2016460108001,2,9,0,3,0,1,0,0,0,0,2,1,6,1,19,4,1364,1,11,8,1,8
2016460108001,3,9,0,3,0,1,0,0,0,0,2,1,6,2,46,8,1197,1,-1,5,1,5
2016460108001,4,9,0,3,0,1,0,0,0,0,2,1,6,2,47,8,1197,1,-1,4,1,4
2016460108002,1,9,0,18,0,8,0,0,0,0,3,1,6,1,22,5,1299,1,14,1,1,1
2016460108002,2,9,0,4,0,8,0,0,0,0,4,1,1,1,43,7,1968,2,3,-1,-1,-1
2016460108002,3,9,0,4,0,8,0,0,0,0,3,1,1,1,36,7,1968,2,3,-1,-1,-1
2016460108002,4,9,0,2,0,8,0,0,0,0,3,1,6,2,-1,-1,1560,2,9,4,1,4
2016460108004,1,21,0,4,0,0,0,0,0,0,1,1,1,1,34,6,6700,2,2,4,1,4
2016460108004,2,9,0,4,0,0,1,0,0,0,1,1,6,2,32,6,999,1,8,4,1,4
2016460108004,3,9,0,4,0,0,0,0,0,0,1,1,6,1,33,6,1796,1,10,3,1,3
2016460108027,1,9,0,18,0,0,1,0,1,0,1,1,6,2,47,8,1910,2,11,-1,-1,-1
2016460108054,1,9,0,3,0,0,0,0,0,0,0,1,6,1,92,11,973,1,14,7,1,7
2016460108082,1,9,0,4,0,0,0,0,0,0,1,1,1,1,22,5,-1,-1,-1,6,1,6
2016460108082,2,9,0,4,0,0,0,0,0,0,2,1,6,1,81,11,1390,1,13,7,1,7
2016460108082,3,9,0,4,0,0,0,0,0,0,2,1,6,2,66,10,1329,1,5,8,1,8
2016460108085,1,9,0,18,0,4,1,0,1,0,1,1,6,1,24,5,1598,1,14,4,3,4
2016460108085,2,9,0,18,0,4,0,0,0,0,3,1,1,1,38,7,2400,2,3,7,1,7
2016460108085,3,9,0,18,0,4,0,0,0,0,3,1,1,1,37,7,2993,2,1,7,1,7
2016460108085,4,9,0,18,0,4,0,0,0,0,4,1,1,1,50,8,2993,2,2,7,1,7
2016460108085,5,9,0,18,0,4,0,0,0,0,3,1,1,1,40,7,2993,2,-1,7,1,7
2016460108085,6,9,0,18,0,4,0,0,0,0,4,1,1,1,32,6,-1,-1,-1,7,1,7
2016460108090,1,9,0,18,0,1,0,0,0,0,1,1,6,1,23,5,1598,1,14,4,1,4
2016460108090,2,9,0,3,0,1,0,0,0,0,2,1,1,2,47,8,1149,1,11,4,1,4
2016460108095,1,19,0,4,0,0,0,0,0,0,1,1,6,1,37,7,2198,2,1,-1,-1,-1
2016460108095,2,9,0,4,0,0,0,0,0,0,2,1,6,1,37,7,1396,1,18,1,1,1
2016460108116,1,9,0,3,0,5,0,0,0,0,1,1,6,3,-1,-1,1796,1,10,-1,-1,-1
2016460108116,2,9,0,18,0,1,0,0,0,0,4,1,6,1,21,5,1598,2,4,1,1,1
2016460108162,1,2,0,18,0,6,0,0,7,0,1,1,6,1,16,4,49,1,3,3,1,3
2016460108162,2,9,0,18,0,8,0,0,0,0,3,1,2,1,24,5,1587,1,9,3,1,3
2016460108179,1,1,0,18,0,0,0,0,0,0,1,1,6,2,11,3,-1,-1,-1,2,1,2
2016460108179,2,9,0,18,0,0,0,0,0,0,4,1,6,2,58,9,1198,1,3,2,1,2
2016460108190,1,1,0,18,0,1,0,0,0,0,0,1,6,1,15,3,-1,-1,-1,7,1,7
2016460108192,1,9,0,18,0,0,0,0,0,0,1,1,2,1,59,9,-1,-1,-1,6,1,6
2016460108217,1,1,0,16,0,0,0,0,0,0,1,1,6,1,46,8,-1,-1,-1,9,1,9
2016460108217,2,11,0,13,0,0,0,0,0,0,3,1,1,1,45,7,9200,2,14,2,1,2
2016460108235,1,9,0,5,0,8,0,0,0,0,1,1,6,2,29,6,998,1,8,3,1,3
2016460108235,2,9,0,11,0,8,0,0,0,0,4,1,1,1,32,6,2993,2,2,3,1,3
2016460108239,1,9,0,9,0,6,0,0,0,0,3,1,6,1,67,10,1364,1,6,9,1,9
2016460108239,2,9,0,18,0,1,0,0,0,0,4,1,6,2,23,5,1598,2,-1,7,3,7
2016460108245,1,1,0,18,0,1,1,0,7,0,1,1,3,1,12,3,-1,-1,-1,2,1,2
2016460108245,2,9,0,2,9,1,0,0,0,0,4,1,6,2,20,4,1598,1,6,2,1,2
2016460108261,1,9,0,18,0,0,0,0,0,0,1,1,6,1,-1,-1,1796,1,13,5,1,5
2016460108261,2,1,0,4,0,0,0,0,0,0,1,1,6,1,12,3,-1,-1,-1,3,1,3
2016460108267,1,9,0,4,0,0,1,0,0,0,1,1,6,1,25,5,1360,1,11,2,1,2
2016460108267,2,9,0,3,0,0,0,0,0,0,2,1,6,2,33,6,-1,-1,-1,1,1,1
2016460108267,3,9,0,3,0,0,0,0,0,0,2,1,6,2,37,7,1968,2,12,3,1,3
2016460108267,4,9,0,3,0,0,0,0,0,0,2,1,6,1,48,8,1997,2,8,3,1,3
2016460108275,1,9,0,3,0,0,0,0,0,0,1,1,2,1,48,8,2494,1,12,1,1,1
2016460108275,2,9,0,3,0,0,0,0,0,0,2,1,1,1,38,7,1798,8,3,5,1,5
2016460108281,1,9,0,18,0,0,1,0,0,0,1,1,6,1,26,6,1997,2,17,3,1,3
2016460108281,2,9,0,10,0,0,0,0,0,0,2,1,2,2,34,6,1388,1,11,3,1,3
2016460108287,1,3,0,18,0,5,0,0,0,0,2,1,6,1,22,5,-1,-1,-1,1,1,1
2016460108287,2,9,0,18,0,3,0,0,0,0,1,1,6,1,47,8,1124,1,13,1,1,1
2016460108303,1,9,0,18,0,0,0,0,8,6,3,1,6,1,25,5,998,1,2,3,1,3
2016460108323,1,9,0,12,0,0,0,0,0,0,2,1,1,1,29,6,1598,2,-1,10,1,10
2016460108323,2,9,0,18,0,0,5,0,7,0,1,1,6,1,39,7,1242,1,4,-1,-1,-1
2016460108351,1,21,1,7,0,1,0,0,0,0,0,1,1,1,53,8,-1,-1,-1,-1,-1,-1
2016460108351,2,9,0,18,0,1,0,0,0,0,0,1,6,1,20,4,1198,1,9,8,1,8
2016460108358,1,9,0,18,0,8,0,7,1,0,3,1,6,3,37,7,1598,1,15,-1,-1,-1
2016460108358,2,9,0,18,0,1,0,0,0,0,1,1,6,2,40,7,1248,2,3,9,1,9
2016460108372,1,9,0,18,0,2,0,0,0,0,1,1,6,1,35,6,1598,1,10,7,2,7
2016460108372,2,9,0,18,0,4,0,0,0,0,2,1,6,2,35,6,1995,1,6,10,1,10
2016460108373,1,21,1,12,0,0,0,0,0,0,1,2,1,2,55,8,-1,-1,-1,-1,-1,-1
2016460108373,2,9,0,18,0,0,1,0,5,6,4,1,2,1,62,9,1596,1,12,7,1,7
2016460108381,1,9,0,17,0,0,0,0,0,0,3,1,6,2,23,5,1587,1,15,6,1,6
2016460108397,1,9,0,5,0,0,0,0,0,0,1,1,6,1,18,4,1200,1,3,1,1,1
2016460108397,2,9,0,18,0,0,0,0,0,0,1,1,6,2,31,6,1199,1,2,6,3,6
2016460108405,1,9,0,18,0,0,0,0,0,0,2,1,1,1,28,6,1242,1,17,1,1,1
2016460108415,1,9,0,18,0,1,0,0,0,0,0,1,2,2,25,5,1329,1,1,1,1,1
2016460108415,2,9,0,10,0,1,0,0,0,0,0,1,1,1,47,8,1598,1,3,10,3,10
2016460108455,1,3,0,16,0,3,2,0,0,0,0,1,2,1,22,5,124,1,1,9,1,9
2016460108472,1,2,0,18,0,0,0,0,0,0,1,1,6,1,19,4,125,1,5,4,3,4
2016460108472,2,9,0,3,0,0,0,0,0,0,2,1,2,1,22,5,-1,-1,-1,-1,-1,-1
2016460108481,1,9,0,18,0,1,5,4,0,0,1,1,6,2,17,4,1198,1,10,6,1,6
2016460108481,2,9,0,2,0,1,0,0,0,0,3,1,6,2,52,8,1388,1,9,10,2,10
2016460108494,1,11,0,9,0,6,0,0,0,0,0,1,1,3,36,7,6700,2,1,7,2,7
2016460108494,2,9,0,18,0,1,0,0,0,0,0,1,1,1,71,10,2290,1,19,9,1,9
2016460108516,1,9,0,9,0,6,0,0,0,0,1,1,6,2,33,6,1596,1,9,9,1,9
2016460108516,2,9,0,9,0,8,0,0,0,0,4,1,6,1,46,8,1527,2,18,7,1,7
2016460108596,1,20,0,1,9,0,0,0,0,0,0,1,1,1,38,7,-1,-1,-1,5,1,5
2016460108613,1,5,0,5,0,0,0,0,0,0,0,1,6,1,22,5,689,1,2,2,1,2
2016460108616,1,9,0,18,0,0,0,0,0,0,4,1,6,1,29,6,-1,-1,-1,2,1,2
2016460108616,2,20,0,18,0,0,2,0,0,0,4,1,6,1,31,6,-1,-1,-1,4,1,4
2016460108687,1,5,0,13,0,1,0,0,0,0,4,1,6,1,29,6,998,1,-1,9,2,9
2016460108687,2,9,0,9,0,1,0,0,0,0,3,1,6,1,53,8,1896,2,9,6,3,6
2016460108710,1,9,0,18,0,2,0,0,0,0,1,1,6,1,25,5,1399,1,11,3,1,3
2016460108710,2,9,0,18,0,1,0,0,0,0,1,1,6,1,20,4,1198,1,10,7,1,7
2016460108739,1,9,0,4,0,1,0,0,0,0,1,1,6,1,48,8,1598,1,2,6,2,6
2016460108739,2,19,0,10,0,1,0,0,0,0,0,1,1,1,36,7,2198,2,1,2,1,2
2016460108739,3,11,0,4,0,1,0,0,0,0,2,1,1,1,24,5,4250,2,7,3,1,3
2016460108766,1,9,0,4,0,4,1,0,0,0,1,1,2,2,18,4,1198,1,13,10,1,10
2016460108868,1,11,0,2,0,0,0,0,0,0,0,1,1,1,50,8,5883,2,15,1,2,1
2016460108880,1,8,0,18,0,8,0,0,0,0,1,1,1,2,-1,-1,-1,-1,-1,-1,-1,-1
2016460108882,1,11,0,5,0,4,0,0,0,0,0,1,1,1,48,8,4500,2,9,4,1,4
2016460108882,2,9,0,7,0,3,0,0,0,0,0,1,6,1,43,7,1895,1,17,3,1,3
2016460108922,1,9,0,18,0,0,0,0,0,0,1,1,6,1,67,10,1997,2,4,6,1,6
2016460108934,1,21,0,18,0,0,0,0,0,0,1,1,1,1,52,8,12419,2,1,-1,-1,-1
2016460108934,2,9,0,2,0,0,0,0,0,0,2,1,6,2,26,6,-1,-1,-1,4,1,4
2016460109036,1,9,0,16,0,0,1,0,7,3,1,1,6,1,24,5,1761,1,18,9,3,9
2016460109096,1,9,0,9,0,2,0,0,0,0,1,1,6,1,-1,-1,-1,-1,-1,-1,-1,-1
2016460109096,2,3,0,18,0,1,0,0,0,0,3,1,6,1,51,8,124,1,-1,8,1,8
2016460109119,1,19,0,9,0,5,0,0,0,0,4,1,1,1,49,8,2198,2,-1,4,1,4
2016460109119,2,5,0,18,0,1,0,0,0,0,1,1,6,1,47,8,999,1,-1,10,1,10
2016460109120,1,9,0,13,0,5,0,0,0,0,1,1,6,1,29,6,1396,1,18,4,1,4
2016460109120,2,9,0,18,0,5,0,0,0,0,1,1,6,2,33,6,1298,1,15,5,3,5
2016460109161,1,11,0,14,0,0,0,0,0,0,4,1,1,1,-1,-1,7300,2,12,7,1,7
2016460109174,1,19,0,18,0,5,0,0,0,0,2,1,6,1,29,6,1753,2,11,2,1,2
2016460109174,2,9,0,11,0,1,0,4,0,0,1,1,6,2,49,8,998,1,10,8,1,8
2016460109174,3,9,0,18,0,5,0,0,0,0,1,1,6,2,59,9,1329,1,7,6,1,6
2016460109196,1,17,4,18,0,0,0,0,0,0,0,1,1,1,17,4,4525,2,1,-1,-1,-1
2016460109196,2,9,0,18,0,0,0,11,0,0,1,1,6,2,66,10,996,1,3,4,2,4
2016460109196,3,9,0,18,0,0,0,11,0,0,1,1,6,1,65,9,1398,2,7,5,2,5
2016460109211,1,21,1,5,0,4,0,0,0,0,1,1,1,1,51,8,10308,2,6,1,1,1
2016460109211,2,9,0,5,0,4,0,0,0,0,2,1,6,2,37,7,1124,1,11,3,1,3
2016460109259,1,9,0,1,0,1,0,0,0,0,0,1,6,2,-1,-1,1086,1,12,6,3,6
2016460109259,2,9,0,1,0,8,0,0,0,0,0,1,6,2,29,6,-1,-1,-1,2,2,2
2016460109263,1,9,0,18,0,4,2,0,0,0,1,1,6,1,18,4,1149,1,11,10,1,10
2016460109273,1,9,0,5,9,0,0,0,1,0,1,1,6,1,44,7,1197,1,1,5,1,5
2016460109273,2,9,0,2,9,0,0,0,0,0,1,1,6,1,-1,-1,1998,1,6,6,1,6
2016460109279,1,9,0,18,0,0,0,0,0,0,4,1,6,2,29,6,-1,-1,-1,10,1,10
2016460109279,2,1,0,18,9,0,0,0,1,0,1,1,6,2,11,3,-1,-1,-1,3,1,3
2016460109307,1,1,0,18,0,0,0,0,0,0,1,1,6,1,42,7,-1,-1,-1,7,1,7
2016460109307,2,1,0,18,0,0,0,0,0,0,2,1,6,1,47,8,-1,-1,-1,6,1,6
2016460109307,3,1,0,18,0,0,0,0,0,0,3,1,6,1,12,3,-1,-1,-1,7,1,7
2016460109332,1,9,0,8,0,1,0,0,0,0,4,1,6,1,68,10,1242,1,12,7,2,7
2016460109337,1,9,0,11,0,8,0,0,0,0,2,1,6,1,-1,-1,1461,2,5,-1,-1,-1
2016460109337,2,11,0,5,0,8,0,0,0,0,1,1,1,1,43,7,9200,2,9,5,1,5
2016460109351,1,9,0,18,0,1,0,0,0,0,1,1,2,1,76,11,2143,2,5,3,1,3
2016460109354,1,21,0,12,0,0,0,0,0,0,0,1,2,1,45,7,9186,2,3,2,1,2
2016460109354,2,5,0,4,0,0,1,0,0,0,0,1,6,1,69,10,885,1,19,2,1,2
2016460109361,1,3,0,4,0,0,0,0,0,0,2,1,6,1,21,5,125,1,3,2,1,2
2016460109361,2,9,0,4,0,0,0,0,0,0,1,1,6,1,27,6,999,1,-1,8,1,8
2016460109388,1,9,0,5,0,0,0,0,0,0,1,1,6,2,40,7,1242,1,7,2,1,2
2016460109388,2,1,0,18,0,0,0,0,0,0,4,1,6,1,38,7,-1,-1,-1,-1,-1,-1
2016460109443,1,1,0,18,9,1,0,0,0,0,1,1,6,1,53,8,-1,-1,-1,2,1,2
2016460109443,2,9,0,18,0,1,0,0,0,0,1,1,6,2,18,4,1396,1,11,6,1,6
2016460109474,1,1,0,18,0,0,0,0,0,0,0,1,6,1,35,6,-1,-1,-1,9,1,9
2016460109497,1,3,0,18,0,1,0,0,0,0,0,1,6,1,18,4,100,1,13,8,3,8
2016460109504,1,9,0,18,0,1,0,0,0,0,1,1,6,2,-1,-1,1395,1,1,6,1,6
2016460109504,2,9,0,3,0,1,0,0,0,0,2,1,2,2,29,6,-1,-1,-1,7,1,7
2016460109546,1,19,0,18,0,1,0,0,0,0,1,1,1,1,59,9,1560,2,1,6,1,6
2016460109546,2,9,0,10,0,1,0,0,0,0,2,1,6,2,54,8,1395,1,2,5,3,5
2016460109546,3,9,0,18,0,1,0,0,0,0,3,1,6,1,30,6,4163,1,10,5,3,5