Accident_Index,Vehicle_Reference,Vehicle_Type,Towing_and_Articulation,Vehicle_Manoeuvre,Vehicle_Location-Restricted_Lane,Junction_Location,Skidding_and_Overturning,Hit_Object_in_Carriageway,Vehicle_Leaving_Carriageway,Hit_Object_off_Carriageway,1st_Point_of_Impact,Was_Vehicle_Left_Hand_Drive?,Journey_Purpose_of_Driver,Sex_of_Driver,Age_of_Driver,Age_Band_of_Driver,Engine_Capacity_(CC),Propulsion_Code,Age_of_Vehicle,Driver_IMD_Decile,Driver_Home_Area_Type,Vehicle_IMD_Decile
2016460109555,1,9,0,1,0,1,0,0,0,0,0,1,6,2,35,6,1560,2,8,6,1,6
2016460109647,1,9,0,18,0,0,0,0,0,0,3,1,6,1,51,8,1896,2,16,8,2,8
2016460109647,2,9,0,18,0,0,0,0,0,0,3,1,2,2,51,8,1998,1,14,7,1,7
2016460109713,1,9,0,18,0,2,0,0,0,0,1,1,1,1,22,5,998,1,2,10,1,10
2016460109740,1,9,0,3,0,6,0,0,0,0,3,1,6,2,43,7,1242,1,16,6,1,6
2016460109740,2,17,0,4,0,1,0,0,0,0,1,1,6,1,78,11,-1,-1,-1,5,3,5
2016460109760,1,9,0,18,0,0,0,0,0,0,1,1,6,1,18,4,1149,1,15,6,3,6
2016460109760,2,9,0,4,0,0,0,0,0,0,2,1,1,1,33,6,1560,2,4,1,1,1
2016460109790,1,19,0,17,0,0,1,0,0,0,1,1,2,1,51,8,2500,2,10,4,3,4
2016460109790,2,9,0,17,0,0,0,0,0,0,2,1,2,2,22,5,1560,2,7,4,3,4
2016460109790,3,9,0,17,0,0,0,0,0,0,2,1,2,1,40,7,2993,2,3,4,3,4
2016460109798,1,9,0,7,0,3,0,10,0,0,3,1,6,2,52,8,1299,1,11,3,1,3
2016460109798,2,9,0,18,0,3,0,0,0,0,4,1,6,1,20,4,1364,1,10,-1,-1,-1
2016460109822,1,9,0,18,0,0,1,0,2,0,4,1,6,1,53,8,2996,1,8,4,1,4
2016460109822,2,9,0,18,0,0,0,0,0,0,3,1,6,1,42,7,1587,1,16,7,2,7
2016460109833,1,9,0,18,0,0,0,0,1,0,4,1,6,1,37,7,1149,1,12,4,1,4
2016460109836,1,9,0,3,0,6,0,0,0,0,1,1,6,1,64,9,1200,1,1,7,1,7
2016460109896,1,9,0,2,0,0,0,0,0,0,0,1,1,1,46,8,1998,2,1,10,1,10
2016460109962,1,9,0,11,0,8,0,0,0,0,4,1,6,2,18,4,1242,1,14,3,1,3
2016460109962,2,21,0,18,0,8,0,0,0,0,3,1,1,1,33,6,9364,2,13,4,1,4
2016460109968,1,9,0,4,0,1,0,0,0,0,4,1,6,1,70,10,1390,1,3,8,1,8
2016460109968,2,1,0,18,0,1,0,0,0,0,1,1,6,1,-1,-1,-1,-1,-1,9,1,9
2016460109993,1,9,0,17,0,0,1,0,0,0,1,1,6,1,48,8,1360,1,11,4,2,4
2016460109993,2,9,0,18,0,0,0,0,0,0,1,1,6,1,17,4,1149,1,6,5,2,5
2016460110013,1,9,0,18,0,2,0,0,0,0,1,1,6,1,38,7,2495,2,24,6,3,6
2016460110026,1,90,0,17,9,8,2,0,0,0,0,1,6,1,36,7,-1,-1,-1,9,1,9
2016460110030,1,9,0,9,0,0,0,0,0,0,0,1,1,1,22,5,1560,2,3,5,1,5
2016460110030,2,9,0,18,0,0,0,0,0,0,2,1,6,2,20,4,1587,1,13,1,1,1
2016460110030,3,9,0,2,0,0,0,0,0,0,0,1,6,1,-1,-1,1598,1,16,2,1,2
2016460110085,1,20,0,18,0,0,0,0,0,0,1,1,6,1,46,8,-1,-1,-1,8,1,8
2016460110085,2,9,0,18,0,0,0,0,0,0,1,1,6,1,76,11,1200,1,2,7,3,7
2016460110145,1,9,0,5,0,4,0,0,0,0,1,1,2,1,57,9,2987,2,7,4,1,4
2016460110145,2,9,0,4,0,4,0,0,0,0,2,1,2,1,51,8,1497,1,13,4,1,4
2016460110145,3,9,0,4,0,4,0,0,0,0,2,1,6,2,69,10,1388,1,12,10,1,10
2016460110202,1,9,0,17,0,0,5,0,1,11,1,1,6,1,25,5,1799,1,9,-1,-1,-1
2016460110207,1,9,0,18,0,0,0,0,0,0,4,1,6,2,50,8,1598,1,11,9,1,9
2016460110207,2,9,0,18,0,0,0,0,0,0,3,1,6,1,41,7,1900,2,18,8,2,8
2016460110236,1,9,0,18,0,0,0,0,7,0,1,1,6,1,24,5,1390,1,10,1,1,1
2016460110243,1,9,0,9,0,1,0,0,0,0,1,1,6,2,84,11,1248,1,6,7,2,7
2016460110243,2,9,0,18,0,2,0,0,0,0,1,1,6,1,77,11,1781,1,15,7,3,7
2016460110251,1,9,0,4,0,0,0,0,0,0,1,1,6,1,19,4,1299,1,10,4,1,4
2016460110251,2,9,0,4,0,0,0,0,0,0,1,1,6,1,55,8,1360,1,12,1,1,1
2016460110257,1,4,0,18,0,8,1,0,1,0,3,1,6,2,23,5,471,1,-1,2,1,2
2016460110282,1,9,0,18,0,0,0,0,0,0,1,1,6,1,39,7,1598,1,10,10,1,10
2016460110282,2,9,0,18,0,0,0,0,0,0,1,1,2,1,43,7,1968,2,2,10,1,10
2016460110282,3,9,0,18,0,0,0,0,0,0,1,1,6,2,31,6,1598,1,3,10,1,10
2016460110316,1,21,0,18,0,3,0,0,0,0,1,2,1,1,48,8,-1,-1,-1,-1,-1,-1
2016460110316,2,9,0,18,0,3,0,0,0,0,2,1,6,1,52,8,1998,2,8,3,1,3
2016460110319,1,9,0,5,0,0,0,0,0,0,1,1,6,2,37,7,-1,-1,-1,-1,-1,-1
2016460110319,2,9,0,2,0,0,0,0,0,0,2,1,6,1,50,8,1969,2,-1,5,2,5
2016460110353,1,9,0,7,0,1,0,0,0,0,-1,1,6,3,35,6,1753,2,11,-1,-1,-1
2016460110353,2,9,0,9,0,1,0,0,0,0,3,1,6,1,41,7,1242,1,13,2,1,2
2016460110353,3,9,0,7,0,1,0,0,0,0,1,1,6,1,35,6,2400,2,1,-1,-1,-1
2016460110375,1,9,0,4,0,1,0,0,0,0,1,1,2,2,22,5,1587,1,12,4,1,4
2016460110375,2,9,0,4,0,1,0,0,0,0,2,1,2,2,34,6,1685,2,-1,3,1,3
2016460110386,1,9,0,18,0,8,0,0,0,0,2,1,6,1,47,8,-1,-1,-1,-1,-1,-1
2016460110386,2,9,0,9,0,8,0,0,0,0,1,1,6,2,61,9,1198,1,2,7,1,7
2016460110408,1,9,0,18,0,2,0,7,0,0,1,1,6,1,21,5,-1,-1,-1,-1,-1,-1
2016460110425,1,9,0,18,0,0,5,0,0,0,1,1,6,3,-1,-1,-1,-1,-1,-1,-1,-1
2016460110436,1,19,0,18,0,0,0,0,0,0,3,1,6,1,45,7,1560,2,1,1,1,1
2016460110436,2,21,0,15,0,0,0,0,0,0,4,1,6,1,61,9,6692,2,4,10,1,10
2016460110478,1,9,0,5,0,0,0,0,0,0,3,1,6,1,50,8,1798,8,2,10,1,10
2016460110478,2,3,0,14,0,0,0,0,0,0,4,1,4,1,17,4,124,1,7,5,1,5
2016460110489,1,9,0,18,0,0,0,0,0,0,1,1,6,1,23,5,1753,2,12,7,3,7
2016460110489,2,9,0,2,0,0,0,0,0,0,2,1,6,3,37,7,2979,1,2,-1,-1,-1
2016460110499,1,9,0,18,0,0,0,0,0,0,3,1,6,1,76,11,1498,1,1,4,1,4
2016460110503,1,9,0,18,0,0,0,10,0,0,4,1,6,2,84,11,1796,1,6,4,1,4
2016460110503,2,1,0,18,0,0,0,0,0,0,2,1,6,1,50,8,-1,-1,-1,-1,-1,-1
2016460110520,1,9,0,18,0,0,5,0,1,0,4,1,6,2,38,7,1242,1,5,1,1,1
2016460110534,1,9,0,16,0,1,0,0,0,0,1,1,2,1,45,7,1298,1,14,2,1,2
2016460110534,2,21,1,17,0,2,0,0,0,0,1,1,1,1,37,7,-1,2,-1,4,1,4
2016460110606,1,9,0,5,0,2,0,0,0,0,4,1,6,2,50,8,1364,1,1,6,1,6
2016460110607,1,4,0,15,0,1,0,0,0,0,1,1,6,1,28,6,125,1,10,1,1,1
2016460110607,2,9,0,7,0,5,0,0,0,0,4,1,6,1,80,11,1796,7,12,8,2,8
2016460110621,1,3,0,17,0,1,2,0,1,0,0,1,6,1,21,5,124,1,-1,1,1,1
2016460110621,2,9,0,16,0,1,0,0,0,0,0,1,6,3,-1,-1,-1,-1,-1,-1,-1,-1
2016460110639,1,9,0,1,0,0,0,0,0,0,0,1,6,2,-1,-1,1598,1,10,6,1,6
2016460110672,1,9,0,18,0,0,0,0,4,0,1,1,6,1,50,8,1396,1,17,10,1,10
2016460110680,1,9,0,16,0,0,0,0,0,0,1,1,6,1,22,5,1124,1,18,1,1,1
2016460110685,1,9,0,4,0,1,0,0,0,0,1,1,1,2,73,10,1398,2,13,4,1,4
2016460110707,1,1,0,18,0,1,1,0,0,0,1,1,1,1,23,5,-1,-1,-1,-1,-1,-1
2016460110721,1,11,0,18,0,1,0,0,0,0,4,1,1,1,35,6,9000,2,8,8,1,8
2016460110721,2,17,0,3,0,1,0,0,0,0,1,1,1,1,21,5,6788,2,2,5,3,5
2016460110725,1,9,0,13,0,1,0,0,0,0,0,1,6,3,-1,-1,-1,-1,-1,-1,-1,-1
2016460110725,2,9,0,18,0,1,1,0,0,0,1,1,6,1,49,8,973,1,13,3,1,3
2016460110746,1,9,0,18,0,1,0,0,0,0,1,1,6,2,17,4,1242,1,-1,4,1,4
2016460110746,2,9,0,3,0,2,0,0,0,0,2,1,6,2,34,6,1798,1,10,1,1,1
2016460110746,3,9,0,3,0,2,0,0,0,0,2,1,6,2,38,7,1242,1,11,9,1,9
2016460110746,4,9,0,3,0,2,0,0,0,0,2,1,6,3,-1,-1,-1,-1,-1,-1,-1,-1
2016460110751,1,3,0,13,0,0,1,0,0,0,3,1,6,1,27,6,124,1,15,3,1,3
2016460110751,2,9,0,7,0,0,0,0,0,0,4,1,6,2,38,7,999,1,10,2,1,2
2016460110751,3,9,0,18,0,0,0,0,0,0,1,1,6,1,52,8,1560,2,8,2,1,2
2016460110751,4,9,0,18,0,0,0,0,0,0,1,1,6,1,47,8,5000,1,7,7,1,7
2016460110754,1,9,0,5,6,0,0,0,0,0,4,1,1,2,56,9,1598,2,3,3,1,3
2016460110770,1,9,0,18,0,1,0,0,0,0,4,1,6,1,70,10,1318,1,-1,5,1,5
2016460110770,2,1,0,18,0,1,1,0,0,0,1,1,6,1,11,3,-1,-1,-1,5,1,5
2016460110773,1,9,0,18,0,1,0,0,0,0,1,1,6,1,29,6,2494,1,12,4,1,4
2016460110793,1,5,0,16,0,0,1,0,7,0,1,1,6,1,42,7,599,1,7,6,3,6
2016460110795,1,9,0,3,0,0,0,0,0,0,3,1,6,1,32,6,1587,1,13,4,1,4
2016460110795,2,4,0,3,0,0,0,0,0,0,4,1,6,1,48,8,-1,-1,-1,3,1,3
2016460110859,1,9,0,18,0,0,0,0,0,0,1,1,6,2,30,6,1796,1,10,2,1,2
2016460110859,2,9,0,4,0,0,0,7,0,0,2,1,6,1,28,6,-1,-1,-1,3,1,3
2016460110867,1,9,0,18,0,0,0,0,0,0,4,1,6,2,-1,-1,1398,2,13,4,1,4
2016460110867,2,9,0,18,0,0,0,0,0,0,3,1,6,1,21,5,1343,1,12,1,1,1
2016460110895,1,1,0,12,0,0,0,0,0,0,1,1,6,1,15,3,-1,-1,-1,5,1,5
2016460110931,1,9,0,7,0,4,0,0,0,0,3,1,6,2,83,11,1298,1,13,2,1,2
2016460110931,2,9,0,18,0,4,0,0,0,0,4,1,1,1,59,9,998,1,-1,2,1,2
2016460110950,1,21,1,18,0,0,0,0,7,0,1,2,1,1,45,7,-1,-1,-1,-1,-1,-1
2016460110966,1,9,0,9,0,8,1,0,0,0,4,1,6,1,76,11,1796,1,3,10,1,10
2016460110966,2,5,0,18,0,8,2,0,0,0,1,1,6,1,29,6,998,1,12,5,1,5
2016460110979,1,2,0,18,0,1,0,0,0,0,1,1,6,1,17,4,49,1,3,5,1,5
2016460110979,2,9,0,4,0,1,0,0,0,0,2,1,6,1,-1,-1,1797,8,6,3,1,3
2016460110986,1,1,0,3,0,0,0,0,0,0,1,1,6,1,30,6,-1,-1,-1,3,1,3
2016460110986,2,9,0,18,0,0,0,0,0,0,2,1,6,2,41,7,1598,1,7,10,1,10
2016460111048,1,9,0,4,0,1,0,0,0,0,0,1,6,1,-1,-1,-1,-1,-1,-1,-1,-1
2016460111048,2,9,0,18,0,1,0,0,0,0,1,1,2,1,39,7,1497,8,6,1,1,1
2016460111048,3,9,0,4,0,1,0,0,0,0,1,1,5,2,52,8,1997,2,9,5,1,5
2016460111048,4,9,0,3,0,1,0,0,0,0,2,1,5,2,33,6,1910,2,8,4,1,4
2016460111076,1,9,0,17,0,0,0,0,1,4,1,1,6,1,37,7,1796,1,12,4,2,4
2016460111085,1,19,0,1,0,1,0,0,0,0,2,1,1,1,29,6,1997,2,9,1,1,1
2016460111097,1,9,0,10,0,2,0,0,0,0,3,1,2,1,25,5,1149,1,12,6,3,6
2016460111097,2,3,0,18,0,1,0,0,0,0,1,1,6,1,18,4,124,1,16,10,1,10
2016460111108,1,9,0,15,0,0,0,0,0,0,1,1,6,1,27,6,2143,2,-1,7,1,7
2016460111108,2,9,0,18,0,0,0,0,0,0,1,1,6,1,45,7,1796,1,8,2,1,2
2016460111111,1,9,0,6,8,0,0,0,0,0,3,1,1,2,39,7,1560,2,5,8,1,8
2016460111111,2,9,0,18,0,0,0,0,0,0,1,1,1,2,32,6,1086,1,8,6,1,6
2016460111119,1,9,0,17,0,0,1,0,0,0,4,1,6,2,18,4,1124,1,15,8,2,8
2016460111119,2,9,0,16,0,0,0,0,0,0,3,1,2,1,40,7,1560,2,5,3,1,3
2016460111121,1,9,0,5,0,1,0,0,0,0,1,1,3,2,33,6,1991,2,8,2,1,2
2016460111129,1,1,0,18,0,1,0,0,0,0,0,1,6,2,18,4,-1,-1,-1,10,1,10
2016460111143,1,9,0,18,0,5,5,7,0,0,1,1,2,1,78,11,1598,2,1,8,3,8
2016460111170,1,9,0,18,0,1,0,0,0,0,4,1,2,1,36,7,1587,1,9,1,1,1
2016460111173,1,9,0,18,0,0,5,0,0,0,3,1,6,1,31,6,1389,1,14,7,2,7
2016460111173,2,9,0,18,0,0,0,0,0,0,4,1,6,1,44,7,2497,2,15,6,3,6
2016460111173,3,9,0,18,0,0,0,0,0,0,1,1,6,1,46,8,-1,-1,-1,-1,-1,-1
2016460111173,4,9,0,18,0,0,0,0,0,0,2,1,6,1,45,7,1527,2,15,1,1,1
2016460111204,1,5,0,13,0,1,0,0,0,0,4,1,6,1,37,7,1050,1,3,4,1,4
2016460111204,2,9,0,9,0,1,0,0,0,0,3,1,3,2,45,7,1240,1,11,1,1,1
2016460111227,1,98,0,18,0,0,0,0,0,0,4,1,6,3,-1,-1,-1,-1,-1,-1,-1,-1
2016460111374,1,9,0,18,9,2,0,0,1,7,1,1,5,1,18,4,1598,1,15,8,1,8
2016460111374,2,9,0,2,9,2,0,0,0,0,1,1,6,3,-1,-1,-1,-1,-1,-1,-1,-1
2016460111374,3,9,0,2,9,1,0,0,0,0,1,1,6,3,-1,-1,-1,-1,-1,-1,-1,-1
2016460111374,4,9,0,2,9,1,0,0,0,0,3,1,6,3,-1,-1,-1,-1,-1,-1,-1,-1
2016460111382,1,9,0,9,0,6,0,0,1,0,3,1,6,2,85,11,998,1,8,6,2,6
2016460111382,2,9,0,18,0,1,0,0,0,0,1,1,6,1,22,5,1242,1,16,-1,-1,-1
2016460111424,1,19,0,4,0,1,0,0,3,1,1,1,1,1,24,5,2287,2,-1,5,1,5
2016460111453,1,9,0,3,0,0,0,0,0,0,4,1,6,1,58,9,3179,1,13,10,1,10
2016460111453,2,9,0,3,0,0,0,0,0,0,3,1,6,1,56,9,1242,1,17,-1,-1,-1
2016460111461,1,19,0,18,0,0,0,0,1,10,1,1,6,1,26,6,-1,-1,-1,7,3,7
2016460111461,2,21,0,18,0,0,0,0,2,0,2,1,1,1,53,8,12913,2,8,2,1,2
2016460111463,1,9,0,18,0,5,0,0,0,0,1,1,6,2,-1,-1,2995,1,12,8,1,8
2016460111463,2,5,0,18,0,5,0,0,0,0,1,1,6,1,31,6,749,1,9,10,3,10
2016460111469,1,9,0,9,0,1,0,0,0,0,4,1,3,3,-1,-1,1339,1,7,-1,-1,-1
2016460111469,2,1,0,18,0,1,1,0,0,0,1,1,6,1,37,7,-1,-1,-1,7,1,7
2016460111476,1,9,0,3,0,0,0,0,0,0,4,1,2,2,58,9,999,1,1,7,3,7
2016460111513,1,9,0,1,0,1,0,0,0,0,2,1,6,3,-1,-1,2171,1,12,-1,-1,-1
2016460111513,2,9,0,18,0,1,0,0,0,0,1,1,6,2,32,6,1560,2,1,5,2,5
2016460111516,1,9,0,11,0,0,0,0,0,0,3,1,6,2,55,8,1390,1,4,4,1,4
2016460111516,2,21,1,18,0,0,0,0,0,0,1,2,1,1,52,8,-1,-1,-1,-1,-1,-1
2016460111516,3,19,0,18,0,0,0,0,0,0,1,1,1,1,37,7,1968,2,1,2,1,2
2016460111628,1,9,0,4,0,0,0,0,0,0,1,1,6,2,25,5,1149,1,6,-1,-1,-1
2016460111628,2,19,0,3,0,0,0,0,0,0,2,1,6,1,41,7,1753,2,5,-1,-1,-1
2016460111628,3,9,0,3,0,0,0,0,0,0,2,1,6,1,37,7,-1,-1,-1,6,3,6
2016460111633,1,9,0,8,0,6,0,0,0,0,3,1,6,1,70,10,1388,1,2,4,1,4
2016460111633,2,9,0,17,0,1,1,0,0,0,1,1,1,2,28,6,998,1,5,6,1,6
2016460111683,1,9,0,14,0,1,0,0,7,0,1,1,6,1,39,7,1995,2,8,7,1,7
2016460111683,2,9,0,2,0,1,0,0,0,0,1,1,6,1,-1,-1,2191,2,3,4,2,4
2016460111703,1,21,1,2,6,0,0,0,0,0,2,1,1,1,42,7,-1,-1,-1,-1,-1,-1
2016460111703,2,9,0,18,0,0,0,4,0,0,1,1,6,2,64,9,1229,1,8,7,1,7
2016460111717,1,9,0,18,0,2,0,0,0,0,4,1,6,2,28,6,1598,1,13,3,1,3
2016460111717,2,9,0,2,0,2,0,0,0,0,3,1,6,3,-1,-1,-1,-1,-1,-1,-1,-1
2016460111747,1,9,0,18,0,0,2,0,2,0,4,1,6,1,22,5,-1,-1,-1,2,1,2
2016460111751,1,9,0,5,0,0,5,4,0,0,1,1,6,1,23,5,1896,2,10,7,1,7
2016460111751,2,9,0,2,0,0,0,0,0,0,3,1,6,2,-1,-1,1991,2,8,-1,-1,-1
2016460111752,1,9,0,4,0,0,0,0,0,0,1,1,2,1,22,5,1149,1,11,10,1,10
2016460111752,2,9,0,4,0,0,0,0,0,0,2,1,1,2,50,8,1685,2,-1,5,1,5
2016460111778,1,9,0,18,0,1,0,0,0,0,1,1,6,2,-1,-1,-1,-1,-1,-1,-1,-1
2016460111778,2,9,0,3,0,1,0,0,0,0,2,1,1,2,27,6,1242,1,7,3,1,3
2016460111806,1,5,0,9,0,1,0,0,0,0,4,1,6,1,-1,-1,1384,1,13,-1,-1,-1
2016460111806,2,20,0,18,0,5,0,0,0,0,3,1,2,1,31,6,-1,-1,-1,1,1,1
2016460111817,1,9,0,18,0,8,0,0,0,0,1,1,6,1,-1,-1,1796,1,15,3,1,3
2016460111817,2,9,0,18,0,8,0,0,0,0,2,1,6,2,-1,-1,1598,1,14,4,1,4
2016460111820,1,5,0,5,0,8,0,0,0,0,1,1,6,2,66,10,618,1,10,8,2,8
2016460111820,2,9,0,18,0,8,0,0,0,0,4,1,6,1,20,4,1242,1,11,5,1,5
2016460111872,1,9,0,6,0,0,0,0,0,0,3,1,6,1,31,6,1390,1,15,5,1,5
2016460111872,2,3,0,18,0,0,0,0,0,0,1,1,6,2,31,6,124,1,-1,-1,-1,-1
2016460111873,1,9,0,4,0,0,0,0,0,0,1,1,2,2,30,6,1995,2,4,4,1,4
2016460111873,2,9,0,3,0,0,0,0,0,0,2,1,3,2,47,8,1200,1,1,3,1,3
2016460111884,1,21,1,1,7,0,0,0,0,0,2,1,1,1,42,7,12809,2,1,7,2,7
2016460111884,2,19,0,2,6,0,0,0,0,0,2,1,6,1,46,8,1870,2,10,-1,-1,-1
2016460112027,1,9,0,18,0,1,0,4,0,0,1,1,6,1,68,10,1248,1,-1,-1,-1,-1
2016460112027,2,9,0,18,0,1,0,4,7,1,1,1,6,2,18,4,998,1,10,6,3,6
2016460112027,3,9,0,2,0,1,0,0,0,0,2,1,6,1,42,7,-1,-1,-1,4,3,4
2016460112027,4,9,0,2,0,1,0,0,0,0,3,1,6,2,59,9,1796,1,13,7,2,7
2016460112040,1,9,0,9,0,6,0,0,0,0,3,1,5,2,20,4,1242,1,4,4,1,4
2016460112040,2,9,0,18,0,8,0,0,0,0,1,1,2,2,18,4,1149,1,11,6,1,6
2016460112078,1,9,0,17,0,0,0,0,0,0,1,1,6,1,52,8,1368,1,7,10,1,10
2016460112175,1,9,0,2,6,0,0,0,0,0,0,1,6,1,33,6,-1,-1,-1,8,3,8
2016460112175,2,9,0,7,0,0,0,0,0,0,0,1,6,2,44,7,1461,2,8,4,2,4
2016460112175,3,9,0,4,0,0,0,0,0,0,0,1,6,3,-1,-1,-1,-1,-1,-1,-1,-1
2016460112175,4,9,0,4,0,0,0,0,0,0,0,1,6,1,71,10,1364,1,1,4,2,4
2016460112175,5,9,0,5,0,0,0,0,0,0,1,1,6,2,52,8,1997,1,14,9,2,9
2016460112188,1,11,0,18,0,1,0,0,0,0,0,1,6,1,35,6,4760,2,3,-1,-1,-1
2016460112201,1,9,0,17,0,0,0,0,0,0,1,1,6,1,38,7,1753,2,11,6,1,6
2016460112201,2,9,0,16,0,0,0,0,0,0,1,1,6,2,37,7,1560,2,-1,9,3,9
2016460112250,1,9,0,7,0,8,0,0,0,0,1,1,6,1,32,6,1910,2,7,6,1,6
2016460112250,2,9,0,9,0,8,0,0,0,0,4,1,1,2,55,8,998,1,1,6,1,6
2016460112270,1,9,0,9,0,5,0,0,0,0,4,1,6,1,-1,-1,-1,-1,-1,9,1,9
2016460112270,2,1,0,18,0,1,0,0,0,0,1,1,6,1,41,7,-1,-1,-1,5,1,5
2016460112274,1,9,0,18,0,0,0,0,0,0,0,1,6,3,37,7,-1,-1,-1,-1,-1,-1
2016460112274,2,1,0,18,0,0,0,0,0,0,0,1,6,2,15,3,-1,-1,-1,1,1,1
2016460112305,1,9,0,18,0,1,0,0,0,0,2,1,6,1,73,10,2982,2,18,-1,-1,-1
2016460112305,2,9,0,18,0,1,0,0,0,0,1,1,6,1,21,5,998,1,-1,9,1,9
2016460112322,1,9,0,18,0,1,0,0,1,1,3,1,6,1,23,5,1390,1,14,1,1,1
2016460112322,2,9,0,18,0,2,0,0,0,0,3,1,1,1,38,7,1560,2,2,6,1,6
2016460112322,3,9,0,18,0,1,0,0,0,0,0,1,1,1,-1,-1,1560,2,2,7,1,7
2016460112370,1,9,0,18,0,0,0,0,0,0,0,1,6,1,-1,-1,1229,1,5,9,1,9
2016460112370,2,1,0,3,9,0,0,0,0,0,4,1,6,1,15,3,-1,-1,-1,6,3,6
2016460112377,1,9,0,18,0,0,5,0,0,0,1,1,6,1,31,6,1769,1,14,5,1,5
2016460112377,2,9,0,18,0,0,5,0,1,0,2,1,6,1,77,11,1795,1,17,8,1,8
2016460112385,1,3,0,18,6,6,0,0,0,0,1,1,6,1,21,5,124,1,13,2,1,2
2016460112411,1,2,0,5,0,2,0,0,0,0,0,1,6,1,17,4,50,1,-1,4,1,4
2016460112411,2,1,0,18,0,1,0,0,0,0,0,1,6,1,25,5,-1,-1,-1,1,1,1
2016460112419,1,9,0,7,0,8,0,0,0,0,0,1,6,1,49,8,-1,-1,-1,5,1,5
2016460112429,1,1,0,12,0,5,0,10,7,0,1,1,6,1,28,6,-1,-1,-1,7,3,7
2016460112429,2,9,0,18,0,1,0,0,0,0,1,1,1,2,23,5,998,1,9,7,1,7
2016460112515,1,9,0,18,0,1,0,0,0,0,1,1,6,2,41,7,1597,2,3,6,1,6
2016460112562,1,9,0,18,0,1,5,0,0,0,1,1,6,1,25,5,1975,1,15,-1,-1,-1
2016460112562,2,9,0,2,0,2,0,0,0,0,3,1,6,3,25,5,1289,1,21,-1,-1,-1
2016460112585,1,9,0,3,0,0,0,0,0,0,1,1,6,2,55,8,1198,1,6,9,3,9
2016460112585,2,9,0,3,0,0,0,0,0,0,2,1,1,2,34,6,1499,2,1,2,1,2
2016460112600,1,20,0,18,0,2,0,0,0,0,3,1,1,1,37,7,-1,-1,-1,-1,-1,-1
2016460112621,1,1,0,18,0,6,0,0,0,0,3,1,6,1,17,4,-1,-1,-1,4,1,4
2016460112621,2,9,0,18,0,8,0,0,0,0,1,1,6,2,29,6,1686,2,13,1,1,1
2016460112623,1,9,0,4,0,2,0,0,0,0,1,1,6,2,25,5,1242,1,6,5,2,5
2016460112623,2,9,0,10,0,2,0,0,0,0,2,1,6,2,25,5,1299,1,15,6,2,6
2016460112635,1,9,0,18,0,0,0,0,0,0,3,1,6,2,35,6,998,1,6,9,2,9
2016460112635,2,3,0,13,0,0,1,0,0,0,4,1,6,1,26,6,124,1,2,5,3,5
2016460112644,1,9,0,18,0,0,0,0,0,0,1,1,6,2,31,6,1229,1,10,6,2,6
2016460112710,1,9,0,9,0,0,0,0,0,0,1,1,6,2,49,8,1388,1,10,8,1,8
2016460112710,2,8,0,18,0,0,0,0,0,0,4,1,1,1,64,9,1997,2,2,3,1,3
2016460112754,1,9,0,18,0,0,0,0,1,0,1,1,6,1,65,9,1968,2,6,7,3,7
2016460112754,2,9,0,2,6,0,0,0,0,0,2,1,1,2,39,7,1240,1,11,8,1,8
2016460112767,1,9,0,1,0,1,0,0,0,0,1,1,6,1,35,6,1997,2,14,-1,-1,-1
2016460112767,2,9,0,16,0,1,1,0,3,0,3,1,6,2,35,6,1995,2,8,5,2,5
2016460112805,1,1,0,18,0,0,5,0,0,0,4,1,4,1,10,2,-1,-1,-1,10,1,10
2016460112805,2,9,0,18,0,0,0,0,0,0,1,1,5,2,18,4,1560,2,1,8,1,8
2016460112839,1,9,0,18,0,0,0,0,0,0,1,1,2,1,48,8,1199,1,13,4,1,4
2016460112860,1,17,0,18,0,0,0,0,0,0,1,1,1,1,61,9,-1,-1,-1,-1,-1,-1
2016460112860,2,9,0,18,0,0,0,0,0,0,4,1,2,1,23,5,1248,1,1,2,1,2
2016460112861,1,9,0,12,0,0,0,0,0,0,0,1,6,3,-1,-1,-1,-1,-1,-1,-1,-1
2016460112861,2,9,0,18,0,0,0,0,1,0,3,1,6,1,56,9,1998,1,13,7,3,7
2016460112861,3,9,0,18,0,0,0,0,0,0,4,1,6,1,43,7,1896,2,14,6,1,6
2016460112861,4,9,0,18,0,0,0,0,0,0,1,1,6,1,61,9,-1,-1,-1,4,2,4
2016460112863,1,9,0,18,0,1,5,0,0,0,1,1,6,1,29,6,1781,1,12,8,1,8
2016460112863,2,9,0,5,0,1,0,0,0,0,1,1,6,1,19,4,1242,1,1,10,3,10
2016460112894,1,19,0,18,0,0,0,0,0,0,1,1,6,1,28,6,1598,2,2,4,1,4
2016460112894,2,9,0,3,0,0,0,0,0,0,2,1,6,2,49,8,998,1,3,5,1,5
2016460112894,3,9,0,3,0,0,0,0,0,0,2,1,6,1,76,11,1997,2,12,9,1,9
2016460112894,4,9,0,3,0,0,0,0,0,0,2,1,1,1,54,8,998,1,12,7,3,7
2016460112894,5,9,0,3,0,0,0,0,0,0,2,1,6,1,50,8,1796,1,14,9,1,9
2016460112912,1,9,0,18,0,0,0,0,0,0,4,1,6,1,65,9,1995,2,6,6,3,6