Accident_Index,Vehicle_Reference,Vehicle_Type,Towing_and_Articulation,Vehicle_Manoeuvre,Vehicle_Location-Restricted_Lane,Junction_Location,Skidding_and_Overturning,Hit_Object_in_Carriageway,Vehicle_Leaving_Carriageway,Hit_Object_off_Carriageway,1st_Point_of_Impact,Was_Vehicle_Left_Hand_Drive?,Journey_Purpose_of_Driver,Sex_of_Driver,Age_of_Driver,Age_Band_of_Driver,Engine_Capacity_(CC),Propulsion_Code,Age_of_Vehicle,Driver_IMD_Decile,Driver_Home_Area_Type,Vehicle_IMD_Decile
2016460112918,1,5,0,18,0,0,0,0,0,0,1,1,6,1,29,6,598,1,17,-1,-1,-1
2016460112928,1,19,0,18,0,0,0,0,0,0,1,1,6,1,46,8,1968,2,1,8,1,8
2016460112928,2,9,0,3,0,0,0,0,0,0,2,1,6,1,44,7,1560,2,2,4,2,4
2016460112928,3,9,0,3,0,0,0,0,0,0,2,1,6,1,46,8,1997,2,9,4,2,4
2016460112948,1,9,0,18,0,0,0,0,0,0,1,1,6,1,24,5,1086,1,10,2,1,2
2016460112948,2,9,0,18,0,0,0,0,0,0,2,1,6,1,62,9,1968,2,2,9,1,9
2016460112948,3,9,0,18,0,0,0,0,0,0,2,1,6,2,33,6,1086,1,7,8,1,8
2016460112948,4,9,0,18,0,0,0,0,0,0,2,1,6,3,-1,-1,-1,-1,-1,-1,-1,-1
2016460112948,5,9,0,18,0,0,0,0,0,0,2,1,6,2,31,6,1388,1,4,6,1,6
2016460112982,1,9,0,5,0,6,0,0,0,0,1,1,6,2,20,4,1124,1,11,-1,-1,-1
2016460112982,2,1,0,18,0,8,0,0,0,0,1,1,6,2,26,6,-1,-1,-1,4,1,4
2016460113031,1,9,0,16,0,1,0,10,0,0,1,1,6,1,17,4,2401,2,11,2,1,2
2016460113031,2,9,0,2,0,2,0,0,0,0,2,1,6,2,50,8,1956,2,2,4,1,4
2016460113044,1,11,0,2,2,0,0,0,0,0,4,1,6,1,-1,-1,3900,2,11,-1,-1,-1
2016460113052,1,9,0,18,0,0,0,0,0,0,1,1,6,2,41,7,1498,1,9,8,3,8
2016460113052,2,9,0,8,0,0,0,0,0,0,2,1,2,2,54,8,2179,2,4,5,2,5
2016460113062,1,9,0,18,0,2,0,0,1,0,1,1,6,1,18,4,1399,2,7,-1,-1,-1
2016460113062,2,9,0,2,0,2,0,0,0,0,2,1,6,1,18,4,1497,8,8,-1,-1,-1
2016460113071,1,9,0,18,0,1,1,10,0,0,3,1,6,1,26,6,1968,2,11,4,2,4
2016460113073,1,1,0,18,0,0,0,11,0,0,1,1,6,1,70,10,-1,-1,-1,-1,-1,-1
2016460113108,1,9,0,7,0,1,0,0,0,0,4,1,6,2,39,7,1390,1,5,10,1,10
2016460113108,2,2,0,18,0,1,0,0,0,0,1,1,4,2,16,4,49,1,5,8,3,8
2016460113121,1,3,0,18,0,2,0,0,0,0,1,1,6,1,19,4,125,1,1,6,1,6
2016460113121,2,9,0,3,0,2,0,0,0,0,2,1,6,2,40,7,1086,1,7,6,2,6
2016460113167,1,3,0,18,0,8,0,0,0,0,1,1,6,1,20,4,124,1,9,5,2,5
2016460113180,1,19,0,5,0,2,0,0,0,0,1,1,6,1,37,7,1998,2,15,1,1,1
2016460113180,2,9,0,5,0,2,0,0,0,0,3,1,6,1,88,11,1339,1,7,5,1,5
2016460113312,1,9,0,18,0,0,0,0,0,0,1,1,6,1,31,6,1794,1,11,4,1,4
2016460113312,2,9,0,4,0,0,0,0,0,0,1,1,6,1,27,6,1781,1,15,10,1,10
2016460113312,3,9,0,18,0,0,0,0,0,0,2,1,6,1,37,7,1781,1,12,1,1,1
2016460113366,1,9,0,17,0,8,1,10,7,10,1,1,6,1,30,6,1995,2,10,7,1,7
2016460113382,1,9,0,17,0,6,1,0,0,0,1,1,6,2,21,5,1388,1,10,4,1,4
2016460113382,2,9,0,3,0,1,0,0,0,0,3,1,6,1,41,7,1388,1,12,-1,-1,-1
2016460113382,3,9,0,3,0,1,0,0,0,0,1,1,6,2,39,7,1299,1,16,2,1,2
2016460113481,1,9,0,18,0,1,0,0,0,0,1,1,6,2,19,4,1198,1,1,7,1,7
2016460113481,2,9,0,10,0,1,0,0,0,0,2,1,6,2,26,6,1360,1,9,8,1,8
2016460113543,1,9,0,5,0,0,0,0,0,0,1,1,2,1,27,6,1497,1,15,6,3,6
2016460113543,2,9,0,4,0,0,0,0,0,0,2,1,2,2,48,8,1689,2,13,8,3,8
2016460113563,1,9,0,18,0,0,0,0,1,0,1,1,6,2,73,10,1198,1,4,6,3,6
2016460113568,1,5,0,13,0,0,0,0,0,0,1,1,6,1,34,6,-1,-1,-1,10,1,10
2016460113568,2,9,0,18,0,0,0,0,0,0,4,1,6,1,50,8,1910,2,9,7,3,7
2016460113570,1,11,0,18,0,8,0,0,0,0,0,1,1,1,48,8,-1,2,15,2,1,2
2016460113580,1,3,0,16,0,1,0,0,0,0,4,1,2,2,29,6,125,1,1,5,3,5
2016460113589,1,3,0,11,0,0,0,0,0,0,1,1,6,1,19,4,124,1,-1,3,1,3
2016460113589,2,9,0,18,0,0,0,0,0,0,2,1,6,2,20,4,998,1,-1,10,1,10
2016460113592,1,9,0,9,0,0,0,0,0,0,1,1,1,1,-1,-1,1149,1,14,3,1,3
2016460113597,1,3,0,18,0,8,1,0,0,0,1,1,2,1,20,4,124,1,9,10,3,10
2016460113597,2,9,0,4,0,8,0,0,0,0,2,1,6,1,34,6,1390,1,6,8,1,8
2016460113606,1,4,0,4,0,0,0,0,0,0,1,1,6,1,18,4,125,1,-1,9,2,9
2016460113606,2,9,0,4,0,0,0,0,0,0,2,1,6,2,34,6,1997,2,5,8,1,8
2016460113619,1,9,0,5,0,1,0,0,0,0,1,1,1,1,61,9,-1,-1,-1,8,3,8
2016460113619,2,9,0,18,0,1,0,0,0,0,2,1,6,1,50,8,2231,2,6,7,1,7
2016460113634,1,9,0,1,0,0,0,0,0,0,2,1,6,2,53,8,-1,-1,-1,9,2,9
2016460113634,2,9,0,18,0,0,0,0,0,0,1,1,2,1,32,6,1796,1,6,7,1,7
2016460113673,1,9,0,4,0,0,1,0,1,7,1,1,6,2,33,6,1796,1,14,4,1,4
2016460113680,1,9,0,16,0,0,1,0,7,0,4,1,6,1,20,4,1149,1,11,2,1,2
2016460113682,1,9,0,5,0,1,0,0,0,0,1,1,6,3,37,7,1997,1,4,-1,-1,-1
2016460113682,2,9,0,18,0,1,2,0,0,0,3,1,6,1,32,6,-1,-1,-1,2,1,2
2016460113684,1,8,0,6,0,0,0,0,0,0,1,1,1,1,-1,-1,1596,1,12,1,1,1
2016460113684,2,1,0,15,0,0,0,0,0,0,1,1,6,1,48,8,-1,-1,-1,6,1,6
2016460113698,1,3,0,18,0,0,0,0,7,0,0,1,6,1,23,5,124,1,15,5,1,5
2016460113698,2,9,0,18,0,0,0,0,0,0,0,1,6,1,72,10,1386,1,3,6,3,6
2016460113713,1,9,0,7,0,3,0,0,0,0,2,1,6,1,61,9,-1,-1,-1,9,1,9
2016460113713,2,9,0,7,0,2,0,0,0,0,1,1,6,2,40,7,1996,2,4,5,1,5
2016460113725,1,97,0,18,0,0,0,0,0,0,1,1,6,1,17,4,-1,-1,-1,6,1,6
2016460113725,2,9,0,5,0,0,0,0,0,0,1,1,6,1,38,7,1390,1,9,9,1,9
2016460113905,1,9,0,7,0,1,0,0,0,0,1,1,6,2,54,8,2171,2,15,5,3,5
2016460113905,2,9,0,18,0,1,0,0,0,0,1,1,3,2,34,6,1596,1,6,8,2,8
2016460113910,1,21,1,4,0,8,0,0,0,0,4,1,1,3,-1,-1,-1,-1,-1,-1,-1,-1
2016460113919,1,9,0,9,0,6,0,0,0,0,1,1,2,1,45,7,1998,1,11,8,1,8
2016460113919,2,1,0,9,0,6,0,0,0,0,2,1,2,1,41,7,-1,-1,-1,3,1,3
2016460113974,1,9,0,18,0,0,0,0,0,0,4,1,6,2,57,9,1240,1,11,1,1,1
2016460113974,2,19,0,10,0,0,0,0,0,0,3,1,6,1,16,4,1560,2,-1,5,1,5
2016460114000,1,9,0,18,0,0,0,0,0,0,1,1,6,1,21,5,1968,2,3,2,1,2
2016460114000,2,9,0,14,0,0,0,0,7,0,1,1,6,1,27,6,1596,1,11,2,1,2
2016460114002,1,9,0,18,0,0,0,0,0,0,3,1,6,3,-1,-1,-1,-1,-1,-1,-1,-1
2016460114002,2,1,0,18,0,0,0,0,1,0,4,1,1,1,19,4,-1,-1,-1,5,2,5
2016460114006,1,97,0,18,0,0,1,0,0,0,1,1,6,1,16,4,50,1,2,8,2,8
2016460114023,1,9,0,9,0,1,0,0,0,0,1,1,6,2,41,7,2400,2,6,4,3,4
2016460114023,2,9,0,18,0,1,0,0,0,0,1,1,6,1,61,9,2993,2,-1,9,2,9
2016460114044,1,3,0,18,0,1,0,0,0,0,1,1,6,1,30,6,-1,-1,-1,1,1,1
2016460114044,2,9,0,18,0,1,0,0,0,0,2,1,6,2,55,8,1240,1,11,4,1,4
2016460114059,1,1,0,18,0,0,0,0,0,0,1,1,6,2,15,3,-1,-1,-1,5,3,5
2016460114059,2,9,0,2,0,0,0,0,0,0,3,1,6,2,55,8,1149,1,10,6,3,6
2016460114059,3,9,0,3,0,0,0,0,0,0,0,1,6,2,-1,-1,-1,-1,-1,5,3,5
2016460114074,1,9,0,18,0,1,2,0,0,0,1,1,6,1,19,4,-1,-1,-1,7,1,7
2016460114086,1,4,0,18,0,0,2,0,0,0,1,1,6,1,26,6,999,1,11,3,1,3
2016460114087,1,4,0,18,0,1,0,0,0,0,1,1,6,1,24,5,498,1,13,-1,-1,-1
2016460114108,1,9,0,7,0,4,0,0,0,0,3,1,1,1,42,7,1364,1,-1,-1,-1,-1
2016460114108,2,21,0,18,0,3,0,0,0,0,4,1,1,1,28,6,-1,-1,-1,2,1,2
2016460114109,1,9,0,18,0,0,0,0,0,0,4,1,6,2,70,10,1339,1,5,7,2,7
2016460114110,1,20,0,1,0,0,0,0,0,0,2,1,1,1,25,5,-1,-1,-1,7,1,7
2016460114125,1,9,0,9,0,5,0,0,0,0,4,1,6,1,75,10,1968,2,7,3,1,3
2016460114125,2,1,0,18,0,1,0,0,0,0,1,1,6,1,36,7,-1,-1,-1,6,1,6
2016460114128,1,9,0,18,0,0,0,0,1,0,4,1,6,3,-1,-1,-1,-1,-1,-1,-1,-1
2016460114163,1,9,0,18,0,0,0,0,0,0,3,1,1,2,43,7,1997,2,5,2,1,2
2016460114173,1,20,0,1,9,0,0,0,0,0,0,1,6,1,-1,-1,-1,-1,-1,-1,-1,-1
2016460114184,1,9,0,18,0,0,0,0,0,0,1,1,6,1,75,10,1197,1,-1,4,1,4
2016460114184,2,9,0,2,0,0,0,0,0,0,3,1,6,2,40,7,1242,1,8,4,1,4
2016460114201,1,9,0,5,8,0,0,0,0,0,3,1,1,2,33,6,1956,2,2,6,1,6
2016460114201,2,9,0,18,0,0,0,0,0,0,4,1,3,2,46,8,1997,2,1,7,3,7
2016460114201,3,9,0,2,6,0,0,0,0,0,1,1,6,2,52,8,1398,1,16,8,3,8
2016460114206,1,9,0,18,0,0,0,0,0,0,1,1,6,2,53,8,1399,1,-1,10,1,10
2016460114206,2,9,0,3,0,0,0,0,0,0,2,1,6,2,84,11,1248,1,4,10,2,10
2016460114222,1,9,0,10,0,1,0,0,0,0,1,1,2,2,24,5,1299,1,16,6,2,6
2016460114222,2,9,0,18,0,1,0,0,8,10,4,1,2,2,22,5,1240,1,7,10,1,10
2016460114239,1,9,0,18,0,0,0,0,0,0,1,1,6,1,22,5,1398,1,-1,2,1,2
2016460114252,1,9,0,18,0,1,0,0,0,0,1,1,6,1,92,11,1598,1,10,8,1,8
2016460114360,1,9,0,18,0,0,1,11,1,0,0,1,6,1,93,11,1275,1,18,4,1,4
2016460114465,1,9,0,17,0,1,0,0,3,0,1,1,6,1,19,4,998,1,1,3,1,3
2016460114481,1,9,0,2,0,2,0,0,0,0,1,1,6,1,47,8,1896,2,11,5,1,5
2016460114481,2,9,0,15,0,2,0,0,0,0,1,1,6,2,52,8,1242,1,5,3,1,3
2016460114532,1,9,0,16,0,0,1,0,4,0,1,1,2,1,42,7,1149,1,13,1,1,1
2016460114549,1,9,0,18,0,0,0,0,0,0,1,1,6,1,-1,-1,1197,1,2,-1,-1,-1
2016460114549,2,1,0,18,0,0,0,0,0,0,0,1,2,2,-1,-1,-1,-1,-1,-1,-1,-1
2016460114570,1,9,0,1,0,1,0,0,0,0,2,1,6,1,18,4,1242,1,15,4,1,4
2016460114570,2,1,0,3,0,1,0,0,0,0,1,1,6,1,26,6,-1,-1,-1,1,1,1
2016460114573,1,1,0,18,0,0,0,0,0,0,0,1,6,1,45,7,-1,-1,-1,6,3,6
2016460114573,2,9,0,2,0,0,0,0,0,0,2,1,6,1,27,6,1969,2,1,5,3,5
2016460114598,1,9,0,9,0,1,1,0,0,0,1,1,6,1,21,5,1242,1,18,5,1,5
2016460114598,2,9,0,18,0,1,1,0,0,0,3,1,6,2,32,6,2993,2,10,7,3,7
2016460114652,1,9,0,4,0,1,0,0,0,0,1,1,2,2,45,7,2946,7,15,7,1,7
2016460114652,2,9,0,9,0,6,0,0,0,0,1,1,2,1,22,5,-1,-1,-1,2,1,2
2016460114657,1,9,0,18,0,0,0,0,0,0,3,1,6,1,57,9,1598,1,16,6,1,6
2016460114659,1,9,0,7,0,6,0,0,0,0,1,1,6,3,-1,-1,-1,-1,-1,-1,-1,-1
2016460114668,1,9,0,9,0,5,0,0,0,0,1,1,6,1,41,7,1800,1,16,1,1,1
2016460114690,1,9,0,4,0,0,0,0,0,0,1,1,6,1,36,7,1587,1,12,6,1,6
2016460114690,2,21,0,4,0,0,0,0,0,0,2,1,1,2,42,7,12740,2,3,2,1,2
2016460114951,1,9,0,11,0,0,5,0,0,0,0,1,6,1,34,6,-1,-1,-1,1,1,1
2016460115078,1,9,0,18,0,6,0,0,0,0,4,1,6,2,19,4,1248,2,3,6,3,6
2016460115078,2,9,0,18,0,1,0,0,0,0,1,1,6,2,49,8,1598,1,5,3,1,3
2016460115078,3,9,0,4,0,1,0,0,0,0,1,1,6,2,43,7,1968,2,1,7,3,7
2016460115113,1,9,0,18,0,0,0,0,0,0,1,1,6,1,25,5,1995,2,10,4,1,4
2016460115125,1,9,0,13,0,0,0,0,1,0,3,1,6,1,38,7,1560,2,1,8,1,8
2016460115125,2,9,0,18,0,0,0,0,0,0,4,1,2,1,61,9,2993,2,2,6,3,6
2016460115130,1,9,0,18,0,0,0,0,0,0,1,1,6,1,71,10,2979,1,13,6,1,6
2016460115130,2,9,0,3,0,0,0,0,0,0,2,1,2,2,63,9,1360,1,13,5,1,5
2016460115168,1,9,0,18,0,1,0,0,0,0,1,1,6,3,37,7,1968,2,1,-1,-1,-1
2016460115168,2,9,0,3,0,1,0,0,0,0,2,1,6,1,41,7,1896,2,10,4,1,4
2016460115210,1,9,0,18,0,1,0,10,1,10,3,1,6,1,23,5,1124,1,15,7,3,7
2016460115222,1,9,0,18,0,0,0,0,0,0,0,1,6,2,42,7,1598,1,3,5,1,5
2016460115249,1,9,0,1,0,0,0,0,0,0,0,1,6,2,22,5,1598,2,4,6,1,6
2016460115249,2,9,0,1,0,0,0,0,0,0,0,1,6,1,-1,-1,1995,2,5,3,1,3
2016460115254,1,9,0,18,0,1,0,0,0,0,1,1,6,1,26,6,1598,1,14,3,1,3
2016460115254,2,9,0,3,0,2,0,0,0,0,2,1,6,2,32,6,2976,1,13,5,1,5
2016460115254,3,9,0,3,0,2,0,0,0,0,2,1,6,2,36,7,1560,2,9,5,1,5
2016460115276,1,9,0,9,0,6,0,0,0,0,1,1,6,2,21,5,1395,1,1,9,1,9
2016460115276,2,9,0,18,0,8,0,0,0,0,1,1,6,1,61,9,1388,1,10,6,2,6
2016460115301,1,20,0,18,0,1,1,0,0,0,1,1,1,1,35,6,5193,2,3,4,1,4
2016460115301,2,9,0,4,0,1,0,0,0,0,2,1,2,2,46,8,1598,1,3,7,1,7
2016460115307,1,4,0,13,0,0,1,0,0,0,0,1,6,1,30,6,125,1,9,5,1,5
2016460115347,1,9,0,13,0,0,2,0,1,4,1,1,6,1,26,6,973,1,13,1,1,1
2016460115350,1,21,0,18,0,0,0,0,0,0,3,2,6,1,55,8,-1,-1,-1,-1,-1,-1
2016460115350,2,9,0,18,0,0,0,0,0,0,2,1,6,1,72,10,2461,2,17,3,2,3
2016460115365,1,9,0,18,0,0,0,0,1,0,1,1,6,1,30,6,1598,1,12,6,1,6
2016460115365,2,21,0,18,0,0,0,0,7,0,1,1,1,1,28,6,7698,2,2,3,1,3
2016460115365,3,9,0,18,0,0,0,0,0,0,0,1,6,2,-1,-1,1997,2,5,6,3,6
2016460115378,1,9,0,9,0,5,0,0,0,0,1,1,6,1,30,6,1910,2,11,3,1,3
2016460115378,2,3,0,18,0,2,5,0,0,0,1,1,6,1,20,4,125,1,-1,4,3,4
2016460115384,1,9,0,18,0,0,2,0,0,0,0,1,6,1,35,6,1598,1,14,2,1,2
2016460115394,1,9,0,13,9,1,1,0,7,0,3,1,6,1,45,7,1998,1,14,4,1,4
2016460115394,2,9,0,18,0,1,0,0,0,0,3,1,6,2,59,9,1984,1,9,-1,-1,-1
2016460115465,1,9,0,18,0,1,1,0,1,5,1,1,6,1,57,9,1560,2,9,7,1,7
2016460115465,2,9,0,7,0,5,0,0,0,0,2,1,6,2,75,10,1796,1,9,3,2,3
2016460115465,3,9,0,3,0,2,0,0,0,0,2,1,1,1,-1,-1,2143,2,3,2,1,2
2016460115469,1,9,0,5,0,6,0,0,0,0,4,1,6,3,-1,-1,1998,1,18,-1,-1,-1
2016460115469,2,3,0,18,0,8,0,0,0,0,1,1,6,1,32,6,125,1,1,4,1,4
2016460115474,1,9,0,9,0,1,0,0,0,0,3,1,3,2,29,6,1753,2,7,6,2,6
2016460115474,2,1,0,18,0,1,1,0,0,0,1,1,2,1,40,7,-1,-1,-1,4,1,4
2016460115485,1,9,0,18,0,0,0,0,0,0,1,1,6,1,62,9,1598,1,7,10,1,10
2016460115486,1,9,0,18,0,0,0,0,0,0,4,1,6,1,19,4,1242,1,8,5,1,5
2016460115486,2,9,0,18,0,0,0,0,0,0,1,1,6,1,32,6,1560,2,10,3,1,3
2016460115492,1,9,0,9,0,2,0,0,0,0,4,1,6,1,17,4,1198,1,10,6,1,6
2016460115492,2,1,0,18,0,1,0,0,0,0,0,1,6,1,59,9,-1,-1,-1,8,1,8
2016460115518,1,1,0,18,9,0,0,0,2,0,1,1,2,2,48,8,-1,-1,-1,9,1,9
2016460115518,2,9,0,18,6,0,0,0,0,0,4,1,3,1,26,6,1560,2,9,7,1,7
2016460115536,1,21,1,11,0,6,0,0,0,0,0,1,6,1,30,6,-1,-1,-1,-1,-1,-1
2016460115536,2,9,0,18,0,6,0,0,0,0,2,1,6,1,30,6,2987,2,4,2,1,2
2016460115536,3,9,0,18,0,6,0,0,0,0,1,1,6,1,38,7,1598,1,3,4,1,4
2016460115536,4,9,0,18,0,6,0,0,0,0,1,1,6,2,19,4,1229,1,11,9,1,9
2016460115542,1,9,0,9,0,1,0,0,0,0,1,1,6,2,51,8,1229,1,10,2,1,2
2016460115542,2,9,0,18,0,1,0,0,0,0,1,1,6,1,28,6,1995,2,8,5,1,5
2016460115573,1,9,0,18,0,0,0,4,0,0,1,1,6,2,57,9,1968,2,7,-1,-1,-1
2016460115573,2,9,0,2,0,0,1,4,0,0,2,1,6,3,-1,-1,1999,1,10,-1,-1,-1
2016460115573,3,9,0,2,0,0,1,4,0,0,1,1,6,3,-1,-1,1896,2,15,-1,-1,-1
2016460115573,4,9,0,2,0,0,1,4,0,0,1,1,6,3,-1,-1,1343,1,13,-1,-1,-1
2016460115573,5,9,0,2,0,0,1,0,0,0,1,1,6,3,-1,-1,1599,1,10,-1,-1,-1
2016460115596,1,9,0,9,0,3,0,0,0,0,1,1,6,1,18,4,999,1,2,5,1,5
2016460115596,2,9,0,18,0,4,0,0,0,0,3,1,6,2,37,7,1242,1,1,5,1,5
2016460115598,1,1,0,5,0,0,0,0,0,0,3,1,6,1,-1,-1,-1,-1,-1,-1,-1,-1
2016460115598,2,9,0,16,0,0,0,0,0,0,1,1,6,1,23,5,998,1,3,9,1,9
2016460115627,1,9,0,18,0,0,0,0,0,0,1,1,6,2,18,4,1242,1,17,-1,-1,-1
2016460115627,2,9,0,3,0,0,0,0,0,0,2,1,6,2,19,4,1596,1,11,7,3,7
2016460115627,3,9,0,8,0,0,0,0,0,0,2,1,6,2,81,11,1242,1,8,7,2,7
2016460115639,1,9,0,18,0,3,0,0,0,0,1,1,6,2,37,7,-1,-1,-1,4,1,4
2016460115639,2,9,0,9,0,4,0,0,0,0,4,1,6,2,42,7,1997,2,9,4,1,4
2016460115659,1,9,0,4,0,1,0,0,0,0,1,1,2,2,23,5,1388,1,12,8,3,8
2016460115659,2,9,0,4,0,1,0,0,0,0,2,1,2,1,73,10,-1,-1,-1,8,3,8
2016460115659,3,9,0,4,0,1,0,0,0,0,2,1,2,2,47,8,998,1,2,8,3,8
2016460115672,1,9,0,5,0,1,0,0,0,0,1,1,6,1,32,6,-1,-1,-1,-1,-1,-1
2016460115691,1,20,0,18,0,1,0,0,0,0,1,1,2,1,48,8,2402,2,14,5,2,5
2016460115691,2,9,0,18,0,1,0,0,0,0,2,1,6,1,66,10,1995,2,8,8,3,8
2016460115691,3,9,0,18,0,1,0,0,0,0,2,1,1,2,41,7,1598,2,3,10,1,10
2016460115693,1,9,0,3,0,4,0,0,0,0,3,1,6,2,68,10,-1,-1,-1,6,1,6
2016460115693,2,4,0,17,0,8,2,0,0,0,4,1,6,1,60,9,125,1,-1,5,1,5
2016460115709,1,9,0,4,0,0,0,0,0,0,1,1,6,1,36,7,1560,2,2,5,3,5
2016460115709,2,9,0,4,0,0,0,0,0,0,2,1,6,1,37,7,1124,1,12,2,1,2
2016460115709,3,9,0,3,0,0,0,0,0,0,2,1,6,1,45,7,2996,1,9,6,3,6
2016460115810,1,9,0,18,0,4,0,9,1,2,1,1,6,2,40,7,1995,2,15,5,1,5
2016460115821,1,20,0,12,0,7,0,0,0,0,3,1,1,1,35,6,-1,-1,-1,4,1,4
2016460115821,2,11,0,18,0,8,1,0,0,0,4,1,3,1,39,7,11967,2,12,6,1,6
2016460115840,1,4,0,18,0,8,1,0,0,0,3,1,1,1,54,8,1170,1,8,3,1,3
2016460115875,1,9,0,18,0,0,0,0,0,0,3,1,6,3,-1,-1,-1,-1,-1,-1,-1,-1
2016460115904,1,9,0,18,0,0,0,0,0,0,1,1,6,2,-1,-1,-1,-1,-1,-1,-1,-1
2016460115904,2,1,0,1,0,0,0,0,0,0,0,1,4,1,13,3,-1,-1,-1,6,2,6
2016460115923,1,20,0,18,0,0,0,0,0,0,1,1,1,1,29,6,-1,-1,-1,9,1,9
2016460115923,2,9,0,3,0,0,0,0,0,0,2,1,6,1,23,5,1896,2,12,5,1,5
2016460115923,3,21,1,3,0,0,0,0,0,0,2,1,1,1,45,7,11967,2,5,1,2,1
2016460115961,1,9,0,18,0,1,0,0,0,0,0,1,6,3,-1,-1,-1,-1,-1,-1,-1,-1
2016460115961,2,11,0,5,0,1,0,0,0,0,0,1,1,1,34,6,4760,2,3,4,1,4
2016460115988,1,9,0,9,0,6,0,0,0,0,1,1,6,3,75,10,-1,-1,-1,-1,-1,-1
2016460115988,2,1,0,18,0,8,0,0,0,0,1,1,6,2,37,7,-1,-1,-1,5,3,5
2016460115991,1,9,0,17,0,0,2,0,1,0,4,1,6,2,23,5,1596,1,10,5,2,5
2016460115998,1,9,0,9,0,1,0,0,0,0,3,1,6,1,66,10,1797,8,2,5,1,5
2016460115998,2,9,0,18,0,1,0,0,0,0,3,1,6,2,62,9,1896,2,10,4,3,4
2016460116011,1,9,0,18,0,0,1,0,0,0,3,1,1,1,27,6,1598,1,16,6,1,6
2016460116011,2,9,0,18,0,0,0,0,0,0,1,1,1,1,30,6,1339,1,4,4,1,4
2016460116037,1,20,0,4,0,0,1,0,0,0,1,1,1,1,32,6,-1,-1,-1,2,1,2
2016460116037,2,9,0,3,0,0,0,0,0,0,2,1,6,2,27,6,1242,1,5,7,2,7
2016460116037,3,9,0,3,0,0,0,0,0,0,2,1,6,2,37,7,1796,1,14,1,1,1
2016460116044,1,9,0,13,0,0,0,0,0,0,1,1,2,1,32,6,1796,1,2,1,1,1
2016460116044,2,21,1,18,0,0,0,0,0,0,2,2,1,1,41,7,-1,-1,-1,-1,-1,-1
2016460116075,1,9,0,4,0,0,0,0,0,0,1,1,6,1,17,4,998,1,1,9,1,9
2016460116075,2,9,0,4,0,0,0,0,0,0,2,1,6,2,53,8,1598,1,2,1,1,1
2016460116075,3,9,0,4,0,0,0,0,0,0,2,1,6,1,73,10,2720,2,9,10,1,10
2016460116100,1,9,0,17,0,0,0,0,0,0,1,1,1,1,59,9,-1,-1,-1,5,3,5
2016460116100,2,9,0,16,0,0,0,0,0,0,1,1,1,1,69,10,-1,-1,-1,4,1,4
2016460116109,1,9,0,18,0,0,0,0,0,0,1,1,6,2,61,9,1560,2,-1,7,3,7
2016460116109,2,9,0,2,0,0,0,0,0,0,1,1,6,2,35,6,1242,1,9,3,1,3
2016460116109,3,9,0,2,0,0,0,0,0,0,1,1,6,2,33,6,1242,1,8,3,1,3
2016460116128,1,19,0,18,0,0,0,0,0,0,1,1,2,1,20,4,1686,2,11,8,1,8
2016460116128,2,9,0,18,0,0,0,0,0,0,2,1,6,1,38,7,2720,2,11,8,1,8
2016460116128,3,19,0,18,0,0,0,0,0,0,1,1,2,1,21,5,-1,-1,-1,5,1,5
2016460116130,1,9,0,10,0,1,0,0,0,0,3,1,6,2,17,4,1124,1,12,7,1,7
2016460116130,2,9,0,18,0,8,0,0,0,0,1,1,6,2,47,8,1997,2,5,2,1,2
2016460116144,1,9,0,18,0,0,0,0,0,0,4,1,6,1,85,11,2204,2,9,8,3,8
2016460116153,1,9,0,13,0,0,0,0,0,0,1,1,6,1,25,5,1360,1,8,6,3,6
2016460116153,2,9,0,9,0,0,0,0,0,0,3,1,6,1,41,7,1598,1,9,6,3,6
2016460116164,1,9,0,18,0,3,0,0,0,0,1,1,6,2,33,6,1595,1,12,6,1,6
2016460116169,1,9,0,7,0,3,1,0,0,0,3,1,6,1,20,4,1400,1,16,1,1,1
2016460116169,2,9,0,7,0,3,1,1,0,0,4,1,2,1,55,8,1956,2,2,9,1,9
2016460116172,1,21,0,7,0,1,0,0,0,0,4,1,1,1,56,9,6370,2,10,9,1,9
2016460116172,2,22,0,18,0,1,0,0,0,0,3,1,6,1,92,11,-1,-1,-1,7,1,7
2016460116179,1,98,0,1,0,2,0,0,0,0,4,1,6,3,-1,-1,-1,-1,-1,-1,-1,-1
2016460116180,1,5,0,18,0,0,1,0,0,0,1,1,6,1,26,6,865,1,-1,5,1,5
2016460116180,2,9,0,4,0,0,0,0,0,0,2,1,6,1,-1,-1,-1,-1,-1,-1,-1,-1
2016460116187,1,9,0,18,0,0,5,0,0,0,4,1,1,1,21,5,1587,1,11,8,1,8
2016460116191,1,20,1,2,0,0,0,0,0,0,2,1,1,1,44,7,-1,-1,-1,8,3,8
2016460116191,2,3,0,18,0,0,0,4,0,0,1,1,6,1,17,4,124,1,13,6,1,6
2016460116356,1,9,0,15,0,0,0,0,1,0,4,1,6,1,25,5,2993,2,1,10,1,10
2016460116356,2,9,0,18,0,0,0,0,7,0,1,1,6,1,19,4,-1,-1,-1,6,2,6
2016460116356,3,9,0,18,0,0,0,4,0,0,3,1,6,2,25,5,1461,2,2,7,1,7