Accident_Index,Vehicle_Reference,Vehicle_Type,Towing_and_Articulation,Vehicle_Manoeuvre,Vehicle_Location-Restricted_Lane,Junction_Location,Skidding_and_Overturning,Hit_Object_in_Carriageway,Vehicle_Leaving_Carriageway,Hit_Object_off_Carriageway,1st_Point_of_Impact,Was_Vehicle_Left_Hand_Drive?,Journey_Purpose_of_Driver,Sex_of_Driver,Age_of_Driver,Age_Band_of_Driver,Engine_Capacity_(CC),Propulsion_Code,Age_of_Vehicle,Driver_IMD_Decile,Driver_Home_Area_Type,Vehicle_IMD_Decile
2016460119191,2,9,0,12,0,0,0,0,0,0,3,1,6,2,22,5,1596,1,10,4,1,4
2016460119191,3,9,0,18,0,0,0,0,0,0,4,1,6,1,27,6,1598,1,14,7,1,7
2016460119192,1,9,0,18,0,0,0,0,0,0,3,1,6,1,68,10,2967,1,12,7,2,7
2016460119207,1,9,0,18,0,0,0,0,0,0,1,1,6,2,31,6,1598,1,7,2,1,2
2016460119217,1,9,0,18,0,1,1,0,0,0,1,1,6,1,40,7,-1,-1,-1,6,2,6
2016460119217,2,9,0,9,0,1,0,0,0,0,2,1,6,1,25,5,1390,1,7,3,1,3
2016460119218,1,4,0,18,0,1,1,0,0,0,1,1,2,1,26,6,125,1,1,3,1,3
2016460119244,1,9,0,18,0,1,0,0,0,0,1,1,6,2,-1,-1,1461,2,10,4,1,4
2016460119244,2,1,0,18,0,8,0,0,0,0,2,1,4,2,13,3,-1,-1,-1,5,1,5
2016460119288,1,20,0,11,0,0,0,0,2,7,4,1,6,1,31,6,-1,-1,-1,7,1,7
2016460119451,1,9,0,18,0,0,2,0,1,0,4,1,6,1,22,5,1061,1,11,3,1,3
2016460119497,1,9,0,18,0,2,0,0,0,0,1,1,6,1,28,6,1388,1,15,-1,-1,-1
2016460119497,2,9,0,18,0,2,0,0,0,0,4,1,6,2,20,4,-1,-1,-1,5,1,5
2016460119511,1,9,0,18,0,1,0,0,0,0,1,1,6,1,25,5,1598,1,15,4,1,4
2016460119511,2,9,0,18,0,2,0,0,0,0,1,1,6,2,36,7,1396,1,7,9,3,9
2016460119511,3,9,0,8,0,1,0,0,0,0,1,1,6,2,57,9,1798,1,7,9,3,9
2016460119511,4,9,0,18,0,1,0,0,0,0,0,1,6,1,49,8,1329,1,7,8,1,8
2016460119515,1,9,0,5,0,2,0,0,0,0,1,1,6,2,81,11,1498,1,14,2,1,2
2016460119515,2,3,0,18,0,1,1,0,0,0,3,1,6,1,40,7,125,1,6,4,1,4
2016460119518,1,9,0,9,0,6,0,0,7,0,3,1,6,1,67,10,1798,8,-1,8,1,8
2016460119518,2,9,0,18,0,6,0,0,7,0,1,1,6,2,35,6,1248,2,2,9,1,9
2016460119518,3,9,0,18,0,6,0,0,7,0,1,1,6,2,25,5,1242,1,8,7,1,7
2016460119547,1,9,0,18,0,8,0,0,0,0,1,2,6,1,23,5,-1,-1,-1,6,3,6
2016460119547,2,19,0,18,0,8,1,0,0,0,4,1,1,2,35,6,1248,2,3,5,1,5
2016460119547,3,9,0,18,0,8,0,0,0,0,4,1,6,1,21,5,1461,2,-1,6,1,6
2016460119577,1,1,0,12,0,7,1,0,0,0,0,1,6,1,-1,-1,-1,-1,-1,10,2,10
2016460119577,2,9,4,18,0,3,0,0,0,0,0,1,6,3,-1,-1,-1,-1,-1,-1,-1,-1
2016460119579,1,9,0,4,0,0,0,0,0,0,1,1,6,2,38,7,1388,1,6,4,1,4
2016460119579,2,9,0,2,0,0,0,4,0,0,1,1,6,3,-1,-1,-1,-1,-1,3,1,3
2016460119600,1,11,0,4,0,0,0,0,0,0,0,1,1,1,36,7,4250,2,5,10,1,10
2016460119616,1,9,0,4,0,0,0,0,0,0,0,1,6,2,18,4,-1,-1,-1,4,3,4
2016460119616,2,9,0,4,0,0,0,0,0,0,0,1,6,1,58,9,1997,2,2,7,1,7
2016460119616,3,9,0,4,0,0,0,0,0,0,1,1,6,2,50,8,1598,1,16,3,1,3
2016460119618,1,9,0,18,0,0,0,0,0,0,0,1,6,2,80,11,1360,1,11,8,1,8
2016460119618,2,1,0,18,0,0,0,0,0,0,0,1,6,1,83,11,-1,-1,-1,8,1,8
2016460119636,1,9,0,18,0,2,0,0,0,0,0,1,6,3,37,7,-1,-1,-1,-1,-1,-1
2016460119636,2,11,0,5,0,2,0,0,0,0,0,1,1,1,37,7,-1,-1,-1,5,1,5
2016460119661,1,9,0,4,0,0,0,0,0,0,1,1,1,1,-1,-1,-1,-1,-1,7,1,7
2016460119661,2,9,0,4,0,0,0,0,0,0,2,1,6,1,39,7,-1,-1,-1,4,2,4
2016460119661,3,9,0,4,0,0,0,0,0,0,2,1,2,1,45,7,3222,2,12,5,1,5
2016460119679,1,9,0,-1,-1,-1,0,-1,-1,0,-1,1,6,1,23,5,1995,2,9,-1,-1,-1
2016460119679,2,1,0,-1,-1,-1,0,-1,-1,0,-1,1,2,1,35,6,-1,-1,-1,4,1,4
2016460119705,1,9,0,18,0,8,0,0,0,0,3,1,6,1,87,11,1124,1,15,-1,-1,-1
2016460119705,2,9,0,5,0,8,0,0,0,0,3,1,1,1,21,5,-1,-1,-1,3,1,3
2016460119740,1,9,0,4,0,0,0,0,0,0,1,1,1,1,25,5,-1,-1,-1,4,1,4
2016460119740,2,9,0,4,0,0,0,0,0,0,2,1,1,2,42,7,1798,1,17,3,1,3
2016460119740,3,9,0,4,0,0,0,0,0,0,2,1,3,1,25,5,1598,1,9,2,1,2
2016460119746,1,20,0,12,0,0,0,0,0,0,1,1,1,1,36,7,-1,-1,-1,6,1,6
2016460119746,2,19,0,18,0,0,0,0,0,0,2,1,1,1,37,7,-1,-1,-1,-1,-1,-1
2016460119832,1,9,0,18,0,0,0,0,0,0,1,1,6,1,-1,-1,1994,2,19,-1,-1,-1
2016460119832,2,9,0,3,0,0,0,0,0,0,2,1,2,2,22,5,1360,1,10,1,1,1
2016460119839,1,9,0,18,0,0,0,0,0,0,4,1,6,1,-1,-1,1896,2,13,-1,-1,-1
2016460119839,2,9,0,5,0,0,0,0,0,0,1,1,1,2,35,6,1595,1,-1,3,1,3
2016460119909,1,9,0,4,0,0,0,0,0,0,1,1,2,2,35,6,1868,2,15,2,1,2
2016460119909,2,9,0,4,0,0,0,0,0,0,2,1,2,2,44,7,1796,1,8,4,1,4
2016460119909,3,9,0,4,0,0,0,0,0,0,2,1,2,2,21,5,1598,1,7,9,1,9
2016460119909,4,9,0,4,0,0,0,0,0,0,2,1,2,2,39,7,1997,2,1,10,1,10
2016460119909,5,9,0,18,0,0,0,0,0,0,2,1,6,2,40,7,1991,2,8,5,1,5
2016460119964,1,9,0,14,0,8,0,4,0,0,1,1,2,1,64,9,-1,-1,-1,5,2,5
2016460119964,2,9,0,2,0,8,0,0,0,0,2,1,6,1,49,8,-1,-1,-1,10,1,10
2016460120013,1,9,0,11,0,0,0,0,0,0,1,1,6,1,33,6,1995,2,10,9,2,9
2016460120013,2,9,0,18,0,0,0,0,0,0,2,1,6,2,74,10,1596,1,15,2,1,2
2016460120013,3,9,0,18,0,0,0,0,0,0,2,1,6,2,53,8,1968,2,-1,6,1,6
2016460120013,4,9,0,18,0,0,0,0,0,0,2,1,6,1,57,9,1495,1,14,7,1,7
2016460120026,1,9,0,18,0,0,0,0,0,0,3,1,6,1,44,7,1753,2,9,-1,-1,-1
2016460120026,2,21,1,18,0,0,0,0,0,0,4,1,1,1,34,6,11967,2,6,3,1,3
2016460120026,3,21,1,18,0,0,0,0,0,0,0,1,1,1,45,7,12900,2,8,-1,-1,-1
2016460120035,1,9,0,5,0,6,0,0,0,0,0,1,6,1,21,5,1242,1,15,8,1,8
2016460120035,2,5,0,14,0,1,0,0,0,0,0,1,6,1,60,9,649,1,5,2,1,2
2016460120051,1,9,0,18,0,0,0,0,0,0,1,1,6,2,76,11,998,1,15,7,1,7
2016460120053,1,9,0,9,0,5,0,0,0,0,4,1,6,1,35,6,1461,2,1,10,2,10
2016460120053,2,1,0,18,0,1,0,0,0,0,1,1,6,1,48,8,-1,-1,-1,7,1,7
2016460120053,3,1,0,18,0,1,0,0,0,0,1,1,6,1,46,8,-1,-1,-1,10,2,10
2016460120065,1,9,0,17,0,0,1,0,0,0,1,1,6,1,20,4,1199,1,14,9,1,9
2016460120065,2,9,0,16,0,0,0,0,0,0,1,1,6,2,48,8,1998,1,10,5,3,5
2016460120079,1,9,0,5,0,6,0,0,0,0,1,1,2,1,37,7,-1,-1,-1,1,1,1
2016460120079,2,9,0,5,0,6,0,0,0,0,2,1,6,1,58,9,-1,-1,-1,5,2,5
2016460120080,1,21,1,18,0,1,0,0,0,0,3,2,1,1,26,6,-1,-1,-1,-1,-1,-1
2016460120080,2,9,0,18,0,1,0,0,0,0,4,1,6,1,38,7,1686,2,11,3,1,3
2016460120109,1,9,0,18,0,0,1,0,4,6,3,1,2,1,53,8,1870,2,13,10,1,10
2016460120116,1,9,0,18,0,0,0,0,0,0,2,1,6,2,37,7,1896,2,14,5,1,5
2016460120116,2,9,0,2,0,0,0,0,0,0,2,1,6,2,26,6,1896,2,15,2,1,2
2016460120150,1,9,0,18,0,1,0,0,0,0,2,1,6,1,-1,-1,1149,1,15,9,1,9
2016460120150,2,9,0,18,0,1,0,0,0,0,1,1,6,1,76,11,1398,1,2,8,1,8
2016460120167,1,9,0,18,0,0,0,0,0,0,1,1,6,2,48,8,1796,1,9,3,1,3
2016460120167,2,9,0,4,0,0,0,0,4,0,2,1,2,3,24,5,-1,-1,-1,-1,-1,-1
2016460120167,3,20,0,4,0,0,0,0,0,0,2,1,2,1,21,5,2198,2,4,4,1,4
2016460120167,4,9,0,4,0,0,0,0,0,0,2,1,2,1,47,8,-1,-1,-1,10,1,10
2016460120207,1,20,0,12,0,0,0,0,0,0,3,1,1,1,46,8,-1,-1,-1,-1,-1,-1
2016460120207,2,9,0,11,0,0,0,0,0,0,4,1,6,1,78,11,1596,1,5,9,2,9
2016460120244,1,9,0,18,0,0,0,0,0,0,1,1,6,1,-1,-1,1796,1,11,1,1,1
2016460120244,2,19,0,10,0,0,0,0,0,0,2,1,6,1,32,6,1686,2,7,3,1,3
2016460120248,1,9,0,7,0,5,0,0,0,0,1,1,6,1,83,11,1242,1,10,7,2,7
2016460120248,2,9,0,18,0,1,0,0,0,0,0,1,6,1,29,6,-1,-1,-1,5,2,5
2016460120248,3,9,0,1,0,1,0,0,0,0,0,1,6,2,78,11,1995,2,2,7,2,7
2016460120248,4,9,0,1,0,1,0,0,0,0,0,1,6,2,71,10,1461,2,11,7,2,7
2016460120256,1,9,0,9,0,8,0,0,0,0,3,1,6,1,69,10,1599,1,12,7,2,7
2016460120256,2,9,0,18,0,1,0,0,0,0,1,1,1,1,43,7,-1,-1,-1,8,3,8
2016460120280,1,9,0,18,0,0,0,0,0,0,1,1,6,2,43,7,1360,1,11,4,1,4
2016460120283,1,9,0,3,0,0,0,0,0,0,3,1,1,1,38,7,1461,2,1,9,1,9
2016460120283,2,9,0,14,0,0,0,0,0,0,1,1,1,1,33,6,-1,-1,-1,9,1,9
2016460120301,1,9,0,18,0,0,0,0,0,0,1,1,6,1,32,6,1984,1,10,7,1,7
2016460120301,2,9,0,18,0,0,0,0,0,0,2,1,6,1,21,5,1598,1,1,3,1,3
2016460120305,1,11,0,4,0,0,0,0,0,0,0,1,1,3,-1,-1,-1,-1,-1,-1,-1,-1
2016460120339,1,3,0,18,0,1,0,0,0,0,4,1,6,1,21,5,125,1,-1,7,1,7
2016460120339,2,9,0,3,0,1,0,0,0,0,2,1,6,1,47,8,-1,-1,-1,5,1,5
2016460120376,1,9,0,11,0,0,0,0,0,0,2,1,1,1,40,7,1997,2,4,2,1,2
2016460120376,2,9,0,18,0,0,0,0,0,0,1,1,1,1,26,6,-1,-1,-1,6,1,6
2016460120398,1,9,0,9,0,1,0,0,0,0,3,1,1,1,37,7,1596,1,15,7,3,7
2016460120398,2,4,0,13,0,1,0,0,0,0,1,1,2,1,48,8,599,1,18,9,1,9
2016460120401,1,9,0,11,0,0,0,0,0,0,1,1,6,2,60,9,-1,-1,-1,4,3,4
2016460120401,2,20,4,18,0,0,0,0,0,0,2,1,6,1,52,8,-1,-1,-1,7,1,7
2016460120419,1,3,0,14,0,0,0,0,0,0,1,1,6,1,21,5,125,1,1,4,1,4
2016460120434,1,4,0,6,0,3,0,0,0,0,3,1,6,1,65,9,885,1,16,9,1,9
2016460120448,1,9,0,9,0,4,0,0,0,0,3,1,6,1,37,7,1781,1,14,5,3,5
2016460120448,2,9,0,18,0,1,0,0,0,0,3,1,6,2,50,8,1997,2,14,2,1,2
2016460120466,1,21,1,12,0,0,0,0,0,0,3,2,1,1,48,8,-1,-1,-1,-1,-1,-1
2016460120466,2,9,0,18,0,0,0,0,1,0,4,1,6,2,26,6,1998,1,12,9,1,9
2016460120470,1,9,0,5,0,6,0,0,0,0,4,1,6,1,54,8,1999,1,7,6,3,6
2016460120470,2,9,0,18,0,1,0,0,0,0,3,1,6,2,45,7,1360,1,5,8,1,8
2016460120496,1,9,0,5,0,0,0,0,0,0,1,1,6,1,22,5,1560,2,9,9,1,9
2016460120496,2,20,0,5,0,0,0,0,0,0,1,1,6,1,21,5,-1,-1,-1,10,1,10
2016460120510,1,9,0,18,0,0,0,0,4,0,1,1,2,2,56,9,1398,1,1,8,3,8
2016460120510,2,9,0,18,0,0,0,0,4,0,2,1,2,1,50,8,1560,2,1,7,1,7
2016460120521,1,9,0,18,0,1,0,0,0,0,1,1,6,1,25,5,1242,1,15,10,3,10
2016460120521,2,9,0,10,0,1,0,0,0,0,2,1,6,2,32,6,1598,1,8,3,2,3
2016460120545,1,9,0,18,0,8,0,0,0,0,1,1,6,2,60,9,1242,1,10,2,1,2
2016460120545,2,9,0,18,0,8,0,0,0,0,1,1,6,1,40,7,1388,1,15,7,1,7
2016460120545,3,9,0,3,0,1,0,0,0,0,2,1,6,2,19,4,-1,-1,-1,4,2,4
2016460120545,4,9,0,4,0,1,0,0,0,0,0,1,6,3,-1,-1,-1,-1,-1,-1,-1,-1
2016460120571,1,20,0,18,0,0,1,0,0,0,1,1,1,1,29,6,-1,-1,-1,1,1,1
2016460120571,2,9,0,5,0,0,0,0,0,0,2,1,1,2,47,8,1560,2,1,5,3,5
2016460120571,3,9,0,5,0,0,0,0,0,0,2,1,1,1,41,7,1499,8,1,5,2,5
2016460120588,1,11,0,18,0,0,0,0,7,0,3,1,6,1,39,7,-1,-1,-1,1,1,1
2016460120588,2,9,0,18,0,0,0,0,7,0,3,1,6,2,39,7,1968,2,5,4,1,4
2016460120700,1,9,0,2,0,2,0,0,0,0,3,1,6,2,17,4,1390,1,13,5,3,5
2016460120700,2,1,0,18,0,2,0,8,0,0,1,1,6,1,20,4,-1,-1,-1,3,1,3
2016460120701,1,1,0,18,0,0,0,0,0,0,1,1,6,1,47,8,-1,-1,-1,10,3,10
2016460120721,1,9,0,18,0,1,0,0,0,0,1,1,6,1,55,8,1951,2,15,7,3,7
2016460120721,2,9,0,9,0,1,0,0,7,0,2,1,6,2,67,10,1388,1,13,9,2,9
2016460120769,1,9,0,18,0,1,0,0,0,0,1,1,2,2,32,6,1248,1,5,9,2,9
2016460120769,2,9,0,10,0,1,0,0,0,0,2,1,6,2,-1,-1,-1,-1,-1,-1,-1,-1
2016460120869,1,20,0,1,0,3,0,11,0,0,2,1,6,3,-1,-1,2999,2,10,-1,-1,-1
2016460120869,2,9,0,18,0,3,0,0,0,0,1,1,1,1,36,7,1499,2,1,-1,-1,-1
2016460120985,1,9,0,18,0,0,0,0,0,0,1,1,2,2,33,6,1388,1,6,2,1,2
2016460120985,2,9,0,9,0,0,0,0,0,0,2,1,2,2,28,6,1598,1,11,2,1,2
2016460121045,1,9,0,18,0,2,0,0,0,0,1,1,4,1,17,4,1242,1,4,9,1,9
2016460121046,1,9,0,9,0,6,0,0,0,0,1,1,6,1,51,8,1200,1,2,6,1,6
2016460121046,2,9,0,9,0,6,0,7,0,0,3,1,6,1,45,7,1995,2,3,6,1,6
2016460121191,1,9,0,18,0,0,0,0,0,0,1,1,6,3,-1,-1,-1,-1,-1,-1,-1,-1
2016460121191,2,9,0,18,0,0,0,0,0,0,2,1,2,1,63,9,1598,1,6,8,1,8
2016460121205,1,9,0,3,0,1,0,0,0,0,1,1,6,1,-1,-1,1598,1,8,8,1,8
2016460121205,2,9,0,4,0,1,0,0,0,0,2,1,6,1,-1,-1,1590,1,12,9,3,9
2016460121205,3,9,0,10,0,1,0,0,0,0,2,1,6,1,75,10,1242,1,-1,8,2,8
2016460121276,1,5,0,18,0,1,1,4,0,0,1,1,6,1,32,6,779,1,2,2,1,2
2016460121276,2,9,0,2,0,1,0,0,0,0,0,1,6,3,-1,-1,1229,1,3,-1,-1,-1
2016460121276,3,9,0,2,0,1,0,0,0,0,0,1,6,3,-1,-1,1896,2,10,-1,-1,-1
2016460121317,1,9,0,4,0,1,1,0,0,0,1,1,6,3,-1,-1,1895,1,16,-1,-1,-1
2016460121317,2,9,0,4,0,1,0,0,0,0,2,1,6,1,27,6,1988,1,14,4,2,4
2016460121317,3,9,0,4,0,1,0,0,0,0,2,1,6,2,62,9,999,1,3,3,1,3
2016460121317,4,9,0,18,0,1,0,0,0,0,2,1,6,2,35,6,2295,1,15,2,1,2
2016460121339,1,9,0,10,0,7,0,0,0,0,1,1,6,2,75,10,1968,2,2,7,3,7
2016460121339,2,9,0,18,0,1,0,0,0,0,4,1,6,2,29,6,1686,2,5,6,1,6
2016460121359,1,1,0,18,0,0,0,0,0,0,1,1,6,1,21,5,-1,-1,-1,7,1,7
2016460121359,2,9,0,8,0,0,0,0,0,0,4,1,6,1,41,7,2993,2,2,4,3,4
2016460121415,1,9,0,9,0,1,0,0,0,0,1,1,6,1,79,11,1242,1,5,4,2,4
2016460121415,2,1,0,18,0,1,0,0,0,0,1,1,6,1,17,4,-1,-1,-1,7,2,7
2016460121471,1,11,0,2,0,0,0,0,0,0,0,1,1,1,65,9,6870,2,15,2,1,2
2016460121533,1,9,0,18,0,0,0,0,0,0,1,1,1,1,59,9,2495,2,21,6,1,6
2016460121533,2,9,0,4,0,0,0,0,0,0,2,1,1,2,48,8,1598,1,13,2,1,2
2016460121549,1,9,0,18,0,1,0,0,0,0,0,1,6,1,32,6,1422,2,-1,6,1,6
2016460121738,1,9,0,18,0,5,2,0,0,0,1,1,6,1,21,5,1298,1,17,3,1,3
2016460121759,1,9,0,6,0,0,1,0,0,0,1,1,2,1,34,6,1968,2,9,10,1,10
2016460121759,2,3,0,18,0,0,1,0,0,0,1,1,2,1,27,6,124,1,4,1,1,1
2016460121787,1,9,0,18,0,1,0,0,0,0,1,1,6,1,18,4,1242,1,12,9,1,9
2016460121787,2,9,0,18,0,1,0,0,0,0,2,1,6,2,25,5,1390,1,4,10,1,10
2016460121828,1,9,0,18,0,0,0,0,0,0,1,1,6,1,23,5,-1,-1,-1,8,1,8
2016460121828,2,9,0,18,0,0,0,0,0,0,1,1,6,2,56,9,1679,1,16,6,3,6
2016460121828,3,9,0,18,0,0,0,0,0,0,3,1,6,1,51,8,2290,1,13,8,1,8
2016460121860,1,98,0,12,0,2,0,0,0,0,1,1,6,3,37,7,-1,-1,-1,-1,-1,-1
2016460121860,2,2,0,18,0,8,1,0,0,0,4,1,6,1,70,10,150,1,54,4,1,4
2016460121919,1,9,0,6,0,0,0,0,0,0,1,1,6,2,19,4,998,1,8,3,3,3
2016460121919,2,9,0,18,0,0,0,0,0,0,1,1,6,1,77,11,1560,2,2,-1,1,-1
2016460121970,1,9,0,18,0,1,0,0,0,0,1,1,6,3,35,6,-1,-1,-1,-1,-1,-1
2016460121970,2,9,0,10,0,1,0,0,0,0,2,1,6,1,59,9,1560,2,4,7,3,7
2016460122062,1,9,0,9,0,8,0,0,0,0,0,1,6,2,56,9,1686,2,2,5,1,5
2016460122062,2,11,0,18,0,1,0,0,0,0,0,1,1,1,-1,-1,8268,2,14,6,3,6
2016460122080,1,9,0,18,0,0,0,0,0,0,1,1,6,2,53,8,1499,1,-1,6,1,6
2016460122080,2,9,0,3,0,0,0,0,0,0,2,1,6,2,56,9,1398,1,2,8,1,8
2016460122080,3,9,0,3,0,0,0,0,0,0,2,1,6,1,28,6,1598,2,3,9,1,9
2016460122097,1,9,0,1,0,1,0,0,0,0,0,1,6,1,-1,-1,1598,1,7,3,1,3
2016460122135,1,9,0,4,0,1,0,0,0,0,1,1,6,1,26,6,3498,1,11,5,1,5
2016460122135,2,9,0,4,0,1,0,0,0,0,2,1,6,1,26,6,1997,2,1,5,2,5
2016460122251,1,97,0,18,0,0,0,0,0,0,1,1,6,3,-1,-1,-1,-1,-1,-1,-1,-1
2016460122251,2,9,0,5,0,0,0,0,0,0,1,1,6,1,52,8,3301,1,18,3,1,3
2016460122251,3,9,0,2,0,0,0,0,0,0,4,1,6,1,57,9,1598,1,6,3,1,3
2016460122254,1,4,0,18,0,2,0,0,0,0,3,1,6,1,55,8,124,1,16,5,3,5
2016460122255,1,20,0,5,0,0,0,0,0,0,3,1,6,1,37,7,-1,-1,-1,-1,-1,-1
2016460122255,2,5,0,16,0,0,0,0,0,0,1,1,6,1,45,7,749,1,5,8,1,8
2016460122277,1,9,0,18,0,0,0,0,0,0,1,1,2,2,27,6,998,1,10,8,3,8
2016460122295,1,9,0,1,0,1,0,0,0,0,2,1,6,1,34,6,-1,-1,-1,8,1,8
2016460122295,2,3,0,18,0,1,0,0,0,0,1,1,6,1,19,4,124,1,2,7,3,7
2016460122332,1,9,0,1,0,0,0,0,0,0,2,1,6,1,74,10,1242,1,18,4,2,4
2016460122332,2,9,0,18,0,0,0,0,0,0,3,1,6,2,47,8,1497,8,-1,6,3,6
2016460122332,3,9,0,2,0,0,0,0,0,0,1,1,6,1,-1,-1,1242,1,13,4,2,4
2016460122332,4,19,0,2,0,0,0,0,0,0,1,1,6,1,-1,-1,-1,-1,-1,4,2,4
2016460122337,1,9,0,2,9,0,0,0,0,0,4,1,6,2,44,7,1560,2,4,9,1,9
2016460122337,2,23,0,5,0,0,0,0,0,0,1,1,2,1,17,4,49,1,3,2,1,2
2016460122363,1,1,0,18,0,6,2,10,0,0,0,1,6,1,88,11,-1,-1,-1,7,1,7
2016460122382,1,9,0,18,0,0,0,0,0,0,4,1,2,1,39,7,-1,-1,-1,4,1,4
2016460122406,1,9,0,18,0,0,0,0,0,0,2,1,2,2,61,9,1198,1,3,7,1,7
2016460122406,2,9,0,18,0,0,0,0,0,0,1,1,6,2,62,9,999,1,-1,5,1,5
2016460122409,1,9,0,18,0,2,0,0,0,0,4,1,6,1,88,11,1061,1,11,7,1,7
2016460122442,1,9,0,5,0,0,0,0,1,0,1,1,6,1,87,11,1591,1,9,9,2,9
2016460122456,1,9,0,14,0,0,0,4,0,0,1,1,6,1,74,10,1582,2,4,10,2,10
2016460122456,2,9,0,2,0,0,0,0,0,0,3,1,6,1,57,9,3993,1,-1,8,3,8
2016460122505,1,3,0,18,0,1,0,0,0,0,3,1,1,1,23,5,125,1,5,7,1,7
2016460122506,1,9,0,10,0,6,0,0,0,0,4,1,1,1,53,8,1948,1,14,6,1,6
2016460122506,2,1,0,10,0,1,0,0,0,0,1,1,6,1,62,9,-1,-1,-1,1,1,1
2016460122515,1,9,0,14,0,1,0,4,0,0,4,1,6,1,81,11,1582,2,1,7,3,7
2016460122515,2,9,0,2,0,1,0,0,0,0,2,1,6,1,37,7,-1,-1,-1,6,3,6
2016460122521,1,9,0,13,0,8,0,0,0,0,0,1,6,3,-1,-1,-1,-1,-1,-1,-1,-1
2016460122521,2,11,0,7,0,8,0,0,0,0,0,1,1,1,30,6,6700,2,8,2,1,2
2016460122524,1,9,0,18,0,0,0,0,0,0,1,1,6,1,21,5,1560,2,10,7,2,7
2016460122532,1,4,0,18,0,0,1,0,0,0,0,1,6,1,50,8,649,1,7,10,1,10
2016460122556,1,21,0,18,0,8,0,0,0,0,3,2,1,1,42,7,-1,-1,-1,-1,-1,-1
2016460122556,2,9,0,18,0,8,0,0,0,0,4,1,6,2,49,8,1360,1,10,3,1,3
2016460122574,1,9,0,18,0,3,0,7,1,0,1,1,6,1,32,6,1995,2,3,5,2,5
2016460122581,1,9,0,17,0,8,0,0,0,0,1,1,6,3,-1,-1,-1,-1,-1,-1,-1,-1
2016460122581,2,1,0,17,0,8,1,0,0,0,4,1,6,1,13,3,-1,-1,-1,7,3,7
2016460122585,1,11,0,17,0,8,0,0,0,0,1,1,1,1,32,6,2998,2,9,1,1,1
2016460122585,2,9,0,3,0,8,0,0,0,0,2,1,2,2,32,6,1598,2,2,8,1,8
2016460122591,1,9,0,18,0,4,0,0,0,0,0,1,6,3,-1,-1,-1,-1,-1,-1,-1,-1
2016460122591,2,1,0,18,0,3,0,0,0,0,0,1,6,1,37,7,-1,-1,-1,7,1,7
2016460122598,1,4,0,8,0,0,0,0,0,0,0,1,6,1,62,9,649,1,-1,5,1,5
2016460122633,1,9,0,18,0,7,0,0,0,0,1,1,2,1,24,5,1364,1,9,9,3,9
2016460122633,2,9,0,18,0,7,0,0,0,0,1,1,2,3,45,7,2231,2,1,9,1,9
2016460122633,3,9,0,18,0,7,0,0,0,0,2,1,2,1,57,9,2967,2,1,2,1,2
2016460122654,1,9,0,6,0,8,0,0,0,0,2,1,6,1,48,8,1870,2,15,4,2,4
2016460122654,2,9,0,3,0,8,0,0,0,0,1,1,6,1,60,9,1598,1,13,7,2,7
2016460122662,1,9,0,17,0,0,1,12,7,4,1,1,6,1,18,4,-1,-1,-1,9,2,9
2016460122681,1,9,0,18,0,4,0,0,0,0,1,1,6,1,66,10,2148,2,8,6,1,6
2016460122726,1,9,0,18,0,0,0,0,0,0,1,1,6,1,-1,-1,1196,1,19,-1,-1,-1
2016460122738,1,9,0,18,0,8,1,0,0,0,1,1,6,1,22,5,1299,1,16,1,1,1
2016460122738,2,9,0,18,0,1,0,0,0,0,0,1,1,1,30,6,1968,2,3,3,1,3
2016460122760,1,9,0,18,0,0,0,0,0,0,4,1,6,2,32,6,1388,1,13,5,1,5
2016460122763,1,9,0,16,0,0,0,0,0,0,3,1,6,2,42,7,-1,-1,-1,7,3,7
2016460122763,2,9,0,17,0,0,0,0,0,0,3,1,6,1,63,9,2179,2,2,6,1,6
2016460122790,1,9,0,18,0,0,0,0,7,0,1,1,6,1,86,11,1721,1,25,2,1,2
2016460122790,2,9,0,2,0,0,0,0,0,0,3,1,6,3,-1,-1,1598,1,12,-1,-1,-1
2016460122793,1,9,0,18,0,0,0,0,0,0,1,1,6,1,43,7,2777,2,8,9,1,9
2016460122793,2,9,0,18,0,0,0,0,0,0,2,1,1,1,48,8,-1,-1,-1,4,3,4
2016460122809,1,21,1,12,0,0,0,0,0,0,1,1,1,1,43,7,-1,-1,-1,-1,-1,-1
2016460122809,2,9,0,18,0,0,0,0,0,0,4,1,2,2,28,6,1600,1,12,10,1,10
2016460122838,1,9,0,18,0,1,0,0,0,0,1,1,2,1,49,8,1360,1,11,2,1,2
2016460122838,2,9,0,9,0,1,0,0,0,0,1,1,5,1,22,5,1598,1,11,6,1,6
2016460122857,1,2,0,18,0,0,0,0,0,0,1,1,6,1,19,4,49,1,8,2,1,2
2016460122857,2,2,0,9,0,0,0,0,0,0,2,1,6,1,18,4,49,1,6,7,1,7
2016460122857,3,19,0,18,0,0,0,0,0,0,0,1,1,1,31,6,2198,2,3,-1,-1,-1
2016460122870,1,9,0,4,0,0,0,0,0,0,1,1,1,1,60,9,1299,1,8,3,1,3
2016460122870,2,1,0,3,0,0,0,0,0,0,2,1,6,2,30,6,-1,-1,-1,3,1,3
2016460122890,1,9,0,1,0,8,0,0,0,0,0,1,6,2,46,8,1248,2,11,7,1,7