Accident_Index,Vehicle_Reference,Vehicle_Type,Towing_and_Articulation,Vehicle_Manoeuvre,Vehicle_Location-Restricted_Lane,Junction_Location,Skidding_and_Overturning,Hit_Object_in_Carriageway,Vehicle_Leaving_Carriageway,Hit_Object_off_Carriageway,1st_Point_of_Impact,Was_Vehicle_Left_Hand_Drive?,Journey_Purpose_of_Driver,Sex_of_Driver,Age_of_Driver,Age_Band_of_Driver,Engine_Capacity_(CC),Propulsion_Code,Age_of_Vehicle,Driver_IMD_Decile,Driver_Home_Area_Type,Vehicle_IMD_Decile
2016460122890,2,9,0,1,0,8,0,0,0,0,0,1,6,2,28,6,1240,1,9,3,1,3
2016460122901,1,9,0,18,0,0,0,0,0,0,1,1,6,3,-1,-1,-1,-1,-1,-1,-1,-1
2016460122995,1,9,0,9,0,1,0,0,0,0,1,1,5,1,42,7,2290,1,14,1,1,1
2016460122995,2,9,0,18,0,1,0,0,0,0,4,1,5,1,25,5,1242,1,6,7,1,7
2016460123069,1,1,0,18,0,1,0,10,0,0,1,1,6,1,26,6,-1,-1,-1,-1,-1,-1
2016460123237,1,9,0,16,0,1,0,0,1,0,1,1,1,1,45,7,-1,-1,-1,5,1,5
2016460123245,1,9,0,9,9,5,0,0,0,0,1,1,6,1,49,8,1991,2,8,5,3,5
2016460123245,2,1,0,18,0,8,0,0,0,0,3,1,6,1,38,7,-1,-1,-1,10,1,10
2016460123250,1,9,0,18,0,0,0,0,2,7,1,1,2,1,60,9,1390,1,9,4,1,4
2016460123250,2,9,0,18,0,0,0,0,0,0,1,1,6,1,63,9,-1,-1,-1,7,1,7
2016460123252,1,9,0,18,0,0,0,0,0,0,4,1,6,1,27,6,1596,1,16,8,3,8
2016460123273,1,3,0,18,0,0,1,0,1,0,1,1,6,1,20,4,99,1,36,4,1,4
2016460123344,1,9,0,7,0,1,0,0,0,0,1,1,5,3,-1,-1,-1,-1,-1,-1,-1,-1
2016460123344,2,1,0,17,0,1,0,0,0,0,3,1,2,1,22,5,-1,-1,-1,2,1,2
2016460123366,1,9,0,5,0,0,0,0,0,0,1,1,6,1,55,8,1798,1,9,9,2,9
2016460123442,1,3,0,18,0,1,0,0,0,0,1,1,6,1,-1,-1,125,1,2,-1,-1,-1
2016460123442,2,9,0,5,0,1,0,0,0,0,1,1,6,1,32,6,3628,2,10,6,1,6
2016460123446,1,9,0,18,0,0,0,0,0,0,0,1,6,2,38,7,1329,1,2,9,1,9
2016460123446,2,9,0,18,0,0,0,0,0,0,1,1,6,1,29,6,1968,2,2,6,1,6
2016460123454,1,9,0,4,0,8,0,0,0,0,1,1,5,2,23,5,1910,2,9,9,1,9
2016460123466,1,9,0,1,0,0,0,0,0,0,0,1,6,1,34,6,1596,1,15,8,1,8
2016460123466,2,9,0,1,0,0,0,0,0,0,0,1,6,2,31,6,1461,2,-1,9,1,9
2016460123489,1,9,0,18,0,0,0,0,0,0,1,1,6,2,26,6,1362,1,2,9,2,9
2016460123489,2,9,0,18,0,0,2,0,0,0,2,1,6,1,16,4,-1,-1,-1,4,3,4
2016460123493,1,9,0,18,0,0,0,0,0,0,1,1,6,2,18,4,1200,1,-1,1,1,1
2016460123493,2,9,0,2,0,0,0,0,0,0,4,1,6,2,37,7,1995,2,3,6,1,6
2016460123500,1,9,0,7,0,1,0,0,0,0,3,1,6,1,90,11,1360,1,9,6,1,6
2016460123500,2,5,0,18,0,1,2,0,0,0,1,1,6,1,65,9,600,1,16,7,1,7
2016460123505,1,9,0,6,0,0,0,0,0,0,3,1,6,2,52,8,999,1,5,-1,-1,-1
2016460123505,2,9,0,18,0,0,0,0,0,0,1,1,6,2,40,7,1198,1,13,6,1,6
2016460123520,1,9,0,6,0,1,0,0,0,0,1,1,6,2,19,4,1242,1,10,7,3,7
2016460123520,2,9,0,18,0,1,0,0,0,0,1,1,6,1,34,6,2198,1,13,6,1,6
2016460123526,1,9,0,18,0,0,0,0,0,0,3,1,6,2,54,8,1968,2,7,8,2,8
2016460123532,1,9,0,18,0,1,0,0,0,0,1,1,6,1,58,9,1398,1,5,9,1,9
2016460123532,2,9,0,3,0,1,0,0,0,0,2,1,6,1,36,7,1149,1,13,3,1,3
2016460123532,3,4,0,3,0,1,0,0,0,0,2,1,6,1,35,6,125,1,3,3,1,3
2016460123532,4,9,0,3,0,1,0,0,0,0,2,1,6,2,76,11,1398,1,3,8,2,8
2016460123648,1,9,0,18,0,0,0,0,0,0,1,1,2,1,65,9,1956,2,2,3,1,3
2016460123648,2,5,0,18,0,0,0,0,0,0,2,1,2,1,49,8,899,1,14,4,1,4
2016460123684,1,9,0,18,0,0,0,0,0,0,1,1,1,2,29,6,1240,1,10,1,1,1
2016460123685,1,9,0,10,0,6,0,0,0,0,4,1,2,2,46,8,2429,1,9,6,1,6
2016460123685,2,9,0,4,0,1,0,0,1,0,1,1,2,2,33,6,-1,-1,-1,7,2,7
2016460123687,1,9,0,3,0,1,0,0,0,0,1,1,6,2,53,8,1598,1,13,7,1,7
2016460123687,2,9,0,18,0,1,0,0,0,0,2,1,6,1,35,6,1968,2,3,-1,-1,-1
2016460123692,1,9,0,5,0,0,0,0,0,0,0,1,6,2,19,4,1229,1,-1,4,1,4
2016460123692,2,1,0,18,0,0,0,0,0,0,0,1,6,2,36,7,-1,-1,-1,2,1,2
2016460123701,1,3,0,18,0,1,0,0,0,0,1,1,6,2,18,4,125,1,-1,3,1,3
2016460123701,2,9,0,18,0,1,0,0,0,0,2,1,6,1,-1,-1,1364,1,7,7,3,7
2016460123760,1,3,0,15,0,0,0,0,0,0,4,1,6,1,17,4,124,1,22,7,3,7
2016460123760,2,9,0,15,0,0,0,0,0,0,0,1,1,1,38,7,1968,2,4,2,1,2
2016460123783,1,9,0,9,0,4,0,0,0,0,1,1,1,2,20,4,1242,1,10,6,1,6
2016460123783,2,19,0,18,0,8,0,0,0,0,4,1,6,1,22,5,1560,2,2,2,1,2
2016460123864,1,5,0,18,0,4,1,9,7,0,1,1,6,1,38,7,998,1,13,10,1,10
2016460123889,1,19,0,18,0,1,0,0,0,0,3,1,6,1,-1,-1,1998,2,12,9,3,9
2016460123889,2,9,0,10,0,1,0,0,0,0,4,1,6,2,35,6,1598,1,9,1,1,1
2016460123900,1,9,0,5,0,1,0,0,0,0,4,1,6,2,50,8,1493,2,10,6,1,6
2016460123900,2,9,0,17,0,8,0,0,0,0,1,1,6,1,77,11,1591,1,4,3,1,3
2016460123923,1,9,0,18,0,0,0,0,0,0,1,1,6,2,25,5,1591,1,1,3,1,3
2016460123923,2,9,0,4,0,0,0,0,0,0,2,1,6,1,61,9,1796,1,15,-1,-1,-1
2016460123923,3,9,0,4,0,0,0,0,0,0,2,1,6,1,37,7,1560,2,4,4,1,4
2016460123935,1,9,0,18,0,0,0,0,0,0,2,1,6,1,67,10,1798,1,14,1,1,1
2016460123953,1,9,0,18,0,1,0,0,0,0,1,1,6,1,51,8,1999,2,-1,5,3,5
2016460123953,2,9,0,9,0,6,0,0,0,0,1,1,6,1,79,11,1991,2,4,7,1,7
2016460123953,3,9,0,18,0,1,0,0,2,0,1,1,6,1,86,11,1198,1,7,10,1,10
2016460123981,1,11,0,18,0,1,0,0,0,0,1,1,1,1,35,6,4500,2,7,3,1,3
2016460123981,2,9,0,18,0,1,0,0,0,0,2,1,6,1,37,7,2143,2,5,4,1,4
2016460124036,1,9,0,18,0,0,0,0,0,0,1,1,6,1,-1,-1,-1,-1,-1,-1,-1,-1
2016460124036,2,9,0,18,0,0,0,0,0,0,2,1,6,1,26,6,1968,2,1,7,3,7
2016460124052,1,9,0,5,0,1,0,0,0,0,1,1,6,2,63,9,1389,1,11,6,1,6
2016460124052,2,1,0,18,0,1,0,0,0,0,1,1,2,1,55,8,-1,-1,-1,7,3,7
2016460124106,1,9,0,9,0,0,0,0,0,0,3,1,6,3,-1,-1,-1,-1,-1,-1,-1,-1
2016460124106,2,3,0,18,0,0,1,0,0,0,1,1,6,1,33,6,124,1,-1,-1,-1,-1
2016460124161,1,9,0,18,0,0,0,0,0,0,1,1,6,1,18,4,998,1,9,5,3,5
2016460124161,2,19,0,18,0,0,0,0,0,0,2,1,2,1,49,8,-1,-1,-1,3,1,3
2016460124164,1,5,0,4,0,0,0,0,0,0,1,1,2,1,27,6,599,1,12,5,1,5
2016460124164,2,9,0,4,0,0,0,0,0,0,2,1,1,1,31,6,-1,-1,-1,8,2,8
2016460124169,1,9,0,18,0,1,0,0,0,0,1,1,6,1,-1,-1,-1,-1,-1,-1,-1,-1
2016460124169,2,9,0,18,0,1,0,0,0,0,2,1,6,1,34,6,1910,2,9,2,1,2
2016460124169,3,9,0,2,0,1,0,0,0,0,4,1,6,2,36,7,1995,2,11,3,1,3
2016460124171,1,9,0,10,0,2,0,0,0,0,1,1,6,1,32,6,2143,2,3,-1,-1,-1
2016460124171,2,9,0,18,0,1,5,0,0,0,3,1,6,2,55,8,1339,1,8,7,1,7
2016460124187,1,9,0,1,0,0,0,0,0,0,0,1,6,2,19,4,1242,1,6,3,1,3
2016460124187,2,9,0,1,0,0,0,0,0,0,0,1,6,2,39,7,998,1,10,8,1,8
2016460124190,1,9,0,18,0,6,0,0,0,0,1,1,6,2,49,8,2359,1,8,10,1,10
2016460124190,2,9,0,18,0,1,2,0,1,0,1,1,6,2,29,6,796,1,13,5,1,5
2016460124244,1,9,0,16,0,8,0,0,0,0,1,1,6,3,-1,-1,-1,-1,-1,-1,-1,-1
2016460124244,2,9,0,17,0,8,0,0,0,0,4,1,6,2,68,10,2179,2,3,6,3,6
2016460124246,1,9,0,8,0,5,0,0,0,0,1,1,6,2,53,8,998,1,8,9,2,9
2016460124246,2,9,0,18,0,8,0,0,0,0,1,1,6,2,68,10,1598,1,3,2,2,2
2016460124269,1,9,0,9,0,1,0,0,0,0,3,1,6,1,27,6,1587,1,14,3,1,3
2016460124269,2,11,0,13,0,5,0,0,1,0,4,1,1,1,53,8,5883,2,13,3,1,3
2016460124280,1,19,0,5,0,1,0,0,0,0,4,1,1,1,59,9,-1,-1,-1,2,1,2
2016460124280,2,5,0,18,0,1,0,4,0,0,1,1,6,1,56,9,656,1,10,2,1,2
2016460124280,3,9,0,2,0,2,0,4,0,0,1,1,6,1,-1,-1,1498,1,5,7,1,7
2016460124280,4,9,0,2,0,2,0,0,0,0,2,1,6,2,-1,-1,998,1,1,7,1,7
2016460124295,1,9,0,1,0,0,0,0,0,0,0,1,6,2,49,8,1198,1,5,3,2,3
2016460124297,1,9,0,7,0,0,0,0,0,0,3,1,6,2,31,6,1299,1,13,4,1,4
2016460124297,2,1,0,18,0,0,2,0,0,0,1,1,6,1,43,7,-1,-1,-1,5,1,5
2016460124316,1,9,0,11,0,1,0,0,0,0,4,1,6,3,-1,-1,-1,-1,-1,-1,-1,-1
2016460124316,2,1,0,18,0,1,0,0,0,0,1,1,6,1,14,3,-1,-1,-1,8,1,8
2016460124321,1,5,0,14,0,1,0,0,0,0,1,1,6,1,65,9,645,1,9,7,1,7
2016460124321,2,9,0,10,0,1,0,0,0,0,1,1,6,1,45,7,1685,2,2,8,1,8
2016460124321,3,9,0,3,0,1,0,0,0,0,2,1,6,2,65,9,2290,1,11,6,1,6
2016460124321,4,9,0,3,0,1,0,0,0,0,3,1,6,1,26,6,1248,1,7,9,3,9
2016460124337,1,9,0,12,0,0,0,0,0,0,1,1,6,1,44,7,1596,1,11,1,1,1
2016460124337,2,9,0,18,0,0,0,0,0,0,2,1,6,2,40,7,1995,2,-1,5,1,5
2016460124362,1,9,0,18,0,0,0,0,0,0,1,1,6,1,37,7,1598,1,11,1,1,1
2016460124362,2,1,0,18,0,0,0,0,0,0,0,1,6,1,37,7,-1,-1,-1,6,2,6
2016460124363,1,20,0,4,0,0,0,0,0,0,1,1,6,1,35,6,-1,-1,-1,1,1,1
2016460124363,2,9,0,3,0,0,0,0,0,0,2,1,6,2,20,4,1299,1,10,3,1,3
2016460124363,3,9,0,3,0,0,0,0,0,0,2,1,6,2,49,8,998,1,2,10,1,10
2016460124385,1,5,0,18,0,0,0,0,0,0,1,1,2,1,44,7,1261,1,13,9,1,9
2016460124385,2,9,0,4,0,0,0,0,0,0,2,1,2,1,57,9,2987,2,2,9,1,9
2016460124408,1,9,0,18,0,1,0,0,0,0,2,1,6,1,24,5,1242,1,13,4,1,4
2016460124408,2,9,0,18,0,1,0,0,0,0,1,1,6,1,56,9,1596,1,4,8,1,8
2016460124408,3,9,0,18,0,1,0,0,0,0,3,1,6,1,-1,-1,1686,2,6,1,1,1
2016460124414,1,9,0,18,0,0,0,4,0,0,1,1,2,1,73,10,1968,2,3,8,2,8
2016460124414,2,9,0,2,0,0,0,0,0,0,2,1,6,2,76,11,1896,2,6,9,1,9
2016460124432,1,9,0,18,0,0,0,0,0,0,1,1,2,2,35,6,1296,1,8,5,1,5
2016460124434,1,21,0,5,0,1,0,0,0,0,4,1,1,1,28,6,6693,2,3,6,1,6
2016460124434,2,9,0,5,0,1,0,0,0,0,3,1,6,1,33,6,1995,2,3,1,1,1
2016460124457,1,5,0,18,0,0,0,12,0,0,1,1,2,1,43,7,600,1,9,4,1,4
2016460124468,1,9,0,18,0,0,0,0,0,0,0,1,6,3,-1,-1,1968,2,7,-1,-1,-1
2016460124490,1,9,0,18,0,4,0,0,0,0,1,1,1,1,30,6,-1,-1,-1,6,1,6
2016460124490,2,9,0,18,0,8,0,0,0,0,4,1,2,1,54,8,1783,1,14,6,2,6
2016460124554,1,9,0,18,0,0,0,0,0,0,1,1,6,1,22,5,1398,2,7,6,3,6
2016460124579,1,9,0,17,0,1,0,11,0,0,4,1,6,2,46,8,2993,2,2,9,1,9
2016460124618,1,98,0,18,0,0,0,0,0,0,4,1,6,3,-1,-1,-1,-1,-1,-1,-1,-1
2016460124696,1,8,0,3,0,1,0,0,0,0,1,1,6,1,44,7,2499,2,5,4,1,4
2016460124696,2,9,0,18,0,1,0,0,0,0,2,1,6,1,40,7,1796,1,14,-1,-1,-1
2016460124714,1,3,0,4,0,0,1,0,0,0,1,1,6,1,21,5,124,1,1,10,1,10
2016460124714,2,9,0,3,0,0,0,0,0,0,2,1,6,2,58,9,1339,1,11,10,1,10
2016460124729,1,9,0,3,0,0,1,0,0,0,1,1,6,2,41,7,2000,2,11,10,3,10
2016460124729,2,19,0,4,0,0,0,0,0,0,2,1,1,1,44,7,2287,2,3,3,1,3
2016460124750,1,5,0,13,0,1,0,0,0,0,1,1,1,1,41,7,656,1,7,9,1,9
2016460124750,2,9,0,10,0,1,0,0,0,0,3,1,1,2,50,8,1995,2,4,8,3,8
2016460124757,1,9,0,18,0,1,0,0,0,0,2,1,6,2,30,6,1198,1,3,5,1,5
2016460124757,2,9,0,18,0,1,0,0,0,0,1,1,6,2,29,6,1896,2,14,5,2,5
2016460124763,1,9,0,7,0,4,0,0,0,0,4,1,6,2,66,10,1587,1,6,5,2,5
2016460124763,2,9,0,9,0,3,0,0,0,0,1,1,6,1,18,4,1229,1,7,8,1,8
2016460124764,1,19,0,9,0,6,0,0,0,0,1,1,1,1,31,6,2198,2,6,4,1,4
2016460124764,2,9,0,18,0,8,0,0,0,0,1,1,6,2,25,5,1988,1,15,7,3,7
2016460124799,1,20,0,18,0,0,0,0,1,0,1,1,1,1,21,5,-1,-1,-1,9,2,9
2016460124799,2,20,1,18,0,0,0,0,0,0,2,1,1,1,39,7,-1,-1,-1,-1,-1,-1
2016460124849,1,9,0,4,0,0,0,0,0,0,1,1,2,2,20,4,998,1,8,10,1,10
2016460124849,2,9,0,4,0,0,0,0,0,0,2,1,6,2,60,9,1390,1,3,10,1,10
2016460124885,1,9,0,11,0,0,1,0,0,0,1,1,1,1,26,6,-1,-1,-1,3,1,3
2016460124885,2,9,0,4,0,0,0,0,0,0,3,1,1,1,44,7,-1,-1,-1,-1,-1,-1
2016460124885,3,9,0,4,0,0,0,0,0,0,2,1,6,1,69,10,1395,1,-1,10,1,10
2016460124906,1,19,0,7,0,0,0,0,0,0,1,1,2,1,20,4,2499,2,12,4,1,4
2016460124906,2,19,0,10,0,0,0,0,0,0,3,1,6,1,59,9,1996,2,2,8,1,8
2016460124906,3,9,0,10,0,0,0,0,0,0,1,1,6,1,35,6,1400,1,8,6,1,6
2016460124960,1,9,0,1,0,1,0,10,3,0,2,1,3,2,-1,-1,2720,2,8,7,3,7
2016460124973,1,3,0,17,0,0,1,0,0,0,1,1,6,1,16,4,-1,-1,-1,4,1,4
2016460124973,2,9,0,16,0,0,0,0,0,0,1,1,6,3,-1,-1,-1,-1,-1,-1,-1,-1
2016460124982,1,9,0,18,0,0,0,0,1,0,0,1,6,1,18,4,1396,1,12,7,3,7
2016460125092,1,3,0,9,0,1,0,0,0,0,1,1,6,1,37,7,124,1,8,5,1,5
2016460125092,2,9,0,7,0,8,0,0,0,0,3,1,6,1,24,5,1995,2,6,3,1,3
2016460125111,1,9,0,5,0,1,0,0,0,0,3,1,6,2,35,6,1997,2,2,6,1,6
2016460125111,2,9,0,17,0,1,5,0,0,0,4,1,6,2,17,4,-1,-1,-1,10,1,10
2016460125138,1,9,0,11,0,0,0,0,0,0,4,1,6,1,77,11,1339,8,7,5,1,5
2016460125138,2,21,1,12,0,0,0,0,0,0,3,2,1,1,53,8,-1,-1,-1,-1,-1,-1
2016460125171,1,19,0,9,2,6,0,0,0,0,4,1,2,1,45,7,1560,2,4,6,1,6
2016460125171,2,5,0,18,0,1,0,0,0,0,1,1,2,1,22,5,599,1,13,6,1,6
2016460125187,1,9,0,18,0,1,0,0,0,0,1,1,6,1,48,8,1997,2,14,1,1,1
2016460125187,2,9,0,10,0,6,0,0,0,0,3,1,6,1,20,4,1390,1,10,4,1,4
2016460125191,1,9,0,17,0,0,1,0,0,0,1,1,6,1,40,7,-1,-1,-1,8,1,8
2016460125191,2,9,0,16,0,0,0,0,0,0,1,1,2,1,-1,-1,-1,-1,-1,-1,-1,-1
2016460125199,1,9,0,18,0,6,0,0,0,0,1,1,6,2,58,9,1998,1,2,4,1,4
2016460125199,2,9,0,3,0,6,0,0,0,0,2,1,6,1,43,7,1910,2,9,3,1,3
2016460125206,1,9,0,5,0,1,0,0,0,0,3,1,1,2,21,5,1560,2,4,6,3,6
2016460125206,2,9,0,18,0,1,1,0,0,0,1,1,6,1,27,6,1600,1,24,2,1,2
2016460125208,1,9,0,18,0,1,0,0,0,0,1,1,6,1,31,6,3200,1,9,7,1,7
2016460125208,2,11,5,18,0,1,0,0,0,0,1,1,1,1,34,6,-1,-1,-1,4,1,4
2016460125218,1,11,0,18,0,0,0,0,0,0,1,1,1,2,49,8,4461,2,2,10,1,10
2016460125223,1,1,0,4,5,0,1,0,0,0,4,1,6,1,55,8,-1,-1,-1,-1,-1,-1
2016460125233,1,3,0,4,0,4,1,0,0,0,0,1,2,1,20,4,124,1,2,5,1,5
2016460125309,1,9,0,18,0,0,0,11,5,0,1,1,6,2,24,5,1590,1,11,1,1,1
2016460125383,1,9,0,18,0,0,0,0,0,0,1,1,1,2,27,6,1896,2,11,7,3,7
2016460125383,2,9,0,13,0,0,0,0,0,0,3,1,1,1,52,8,3175,1,13,10,2,10
2016460125383,3,11,0,5,0,0,0,0,0,0,0,1,3,1,58,9,7300,2,12,7,3,7
2016460125385,1,9,0,13,0,1,0,4,0,0,1,1,6,1,18,4,1398,1,-1,3,1,3
2016460125385,2,9,0,8,0,1,0,0,0,0,1,1,6,1,46,8,1199,1,14,3,1,3
2016460125385,3,9,0,2,0,2,0,0,0,0,1,1,6,1,-1,-1,1360,1,15,4,1,4
2016460125385,4,9,0,2,0,2,0,0,0,0,2,1,6,2,52,8,1968,2,1,1,1,1
2016460125458,1,9,0,18,0,1,0,0,0,0,1,1,6,1,26,6,998,1,2,4,1,4
2016460125458,2,9,0,4,0,1,0,0,0,0,2,1,6,2,50,8,999,1,2,9,2,9
2016460125556,1,9,0,5,0,0,0,0,0,0,0,1,6,1,25,5,2143,2,2,-1,-1,-1
2016460125556,2,9,0,15,0,0,0,0,0,0,1,1,6,1,53,8,-1,-1,-1,10,2,10
2016460125556,3,9,0,18,0,0,0,0,0,0,1,1,6,1,78,11,1388,1,10,10,1,10
2016460125580,1,5,0,18,0,0,0,0,0,0,1,1,6,1,28,6,599,1,9,7,1,7
2016460125580,2,21,0,13,0,0,0,0,0,0,2,1,1,1,23,5,12900,2,7,7,1,7
2016460125713,1,9,0,11,0,1,1,0,1,11,2,1,6,2,17,4,999,1,2,5,3,5
2016460125713,2,21,1,18,0,1,0,0,0,0,1,2,1,1,53,8,12777,2,7,3,1,3
2016460125713,3,9,0,2,0,1,0,0,0,0,1,1,6,2,25,5,-1,-1,-1,1,1,1
2016460125728,1,9,0,18,0,0,0,0,0,0,1,1,6,1,25,5,1360,1,18,-1,-1,-1
2016460125728,2,9,0,18,0,0,2,0,1,10,3,1,6,2,25,5,1995,2,-1,5,1,5
2016460125744,1,3,0,18,0,0,1,0,1,0,1,1,4,1,17,4,125,1,10,6,3,6
2016460125903,1,9,0,18,0,0,0,0,0,0,1,1,6,2,29,6,-1,-1,-1,9,1,9
2016460125903,2,9,0,4,0,0,0,0,0,0,2,1,1,1,29,6,-1,-1,-1,5,1,5
2016460125908,1,9,0,18,0,2,0,0,0,0,1,1,6,1,67,10,1686,2,14,5,1,5
2016460125918,1,9,0,3,0,8,0,0,0,0,1,1,6,3,-1,-1,1753,2,14,-1,-1,-1
2016460125918,2,9,0,3,0,8,0,0,0,0,2,1,6,2,57,9,1396,1,3,10,1,10
2016460125960,1,9,0,18,0,1,0,0,0,0,1,1,6,1,54,8,1910,2,9,1,1,1
2016460125960,2,9,0,10,0,1,0,0,0,0,2,1,2,2,32,6,2993,2,11,5,1,5
2016460125987,1,9,0,5,0,2,0,0,0,0,4,1,6,2,48,8,1299,1,12,2,1,2
2016460126000,1,9,0,18,0,1,0,0,3,0,4,1,1,1,-1,-1,1968,2,-1,4,1,4
2016460126000,2,9,0,18,0,1,0,0,1,0,3,1,2,1,57,9,1798,1,14,1,1,1
2016460126030,1,9,0,9,0,1,0,0,0,0,1,1,6,2,25,5,1360,1,11,3,1,3
2016460126030,2,9,0,18,0,1,0,0,0,0,4,1,6,2,28,6,1560,2,1,2,1,2
2016460126039,1,1,0,18,0,0,0,0,0,0,1,1,6,2,47,8,-1,-1,-1,7,2,7
2016460126039,2,9,0,2,6,0,0,0,0,0,2,1,6,2,-1,-1,1598,1,16,5,3,5
2016460126061,1,9,0,18,0,1,0,0,0,0,1,1,5,1,-1,-1,-1,-1,-1,2,1,2
2016460126061,2,9,0,3,0,1,0,0,0,0,2,1,5,1,65,9,1995,2,8,7,2,7
2016460126085,1,9,0,18,0,0,0,0,0,0,1,1,1,1,36,7,1242,1,13,9,3,9
2016460126085,2,9,0,2,0,0,0,0,0,0,2,1,6,1,59,9,-1,-1,-1,9,1,9
2016460126085,3,9,0,18,0,0,0,0,1,0,3,1,1,1,32,6,1197,1,1,4,1,4
2016460126085,4,9,0,2,0,0,0,0,0,0,0,1,1,2,38,7,1997,2,13,2,1,2
2016460126105,1,9,0,1,0,0,0,0,0,0,3,1,5,1,20,4,1242,1,14,2,1,2
2016460126105,2,9,0,18,0,0,0,0,0,0,1,1,5,1,35,6,-1,-1,-1,1,1,1
2016460126241,1,9,0,4,0,1,0,0,0,0,1,1,6,3,-1,-1,-1,-1,-1,1,1,1
2016460126241,2,9,0,3,0,1,0,0,0,0,2,1,6,1,50,8,1360,1,12,7,1,7
2016460126244,1,9,0,12,0,0,0,0,0,0,3,1,6,2,33,6,1242,1,10,6,1,6
2016460126244,2,9,0,13,0,0,0,0,0,0,4,1,6,2,45,7,1956,2,7,1,1,1
2016460126251,1,9,0,9,0,6,0,0,0,0,1,1,6,1,24,5,1199,1,15,3,1,3
2016460126257,1,9,0,18,0,0,5,11,0,0,4,1,6,1,28,6,2496,1,14,7,1,7
2016460126257,2,98,0,18,0,0,1,4,0,0,1,1,6,1,36,7,-1,-1,-1,2,1,2
2016460126268,1,9,0,3,0,0,0,0,0,0,1,1,6,1,27,6,1229,1,11,3,1,3
2016460126268,2,9,0,3,0,0,0,0,0,0,2,1,6,2,43,7,1398,2,3,9,1,9
2016460126285,1,9,0,18,0,0,1,0,0,0,1,1,6,1,47,8,2902,2,11,1,3,1
2016460126285,2,9,0,3,0,0,0,0,0,0,2,1,6,1,53,8,1364,1,7,5,1,5
2016460126353,1,9,0,18,0,0,0,0,0,0,1,1,1,1,27,6,-1,-1,-1,8,1,8
2016460126353,2,9,0,18,0,0,0,0,0,0,1,1,6,1,67,10,1997,2,14,7,2,7
2016460126403,1,9,0,18,0,0,0,0,0,0,1,1,6,3,-1,-1,-1,-1,-1,-1,-1,-1
2016460126403,2,9,0,18,0,0,0,0,0,0,3,1,6,2,29,6,1596,1,11,4,1,4
2016460126409,1,9,0,4,5,0,0,0,0,0,4,1,6,1,70,10,1398,1,4,4,1,4
2016460126472,1,9,0,8,0,8,0,0,0,0,3,1,1,1,21,5,-1,-1,-1,3,1,3
2016460126472,2,9,0,18,0,1,0,0,0,0,3,1,6,1,43,7,-1,-1,-1,10,1,10
2016460126474,1,21,0,12,0,0,0,0,0,0,3,2,6,1,30,6,-1,-1,-1,-1,-1,-1
2016460126474,2,9,0,18,0,0,0,0,0,0,4,1,6,1,26,6,1390,1,14,8,2,8
2016460126496,1,3,0,4,0,0,2,0,0,0,1,1,6,1,22,5,124,1,8,1,1,1
2016460126496,2,9,0,4,0,0,0,0,0,0,2,1,6,2,52,8,1997,1,14,8,2,8
2016460126520,1,9,0,5,0,0,0,0,0,0,4,1,2,2,47,8,1997,2,2,10,2,10
2016460126520,2,9,0,18,0,0,0,0,0,0,4,1,2,1,31,6,1984,1,8,5,1,5
2016460126530,1,9,0,18,0,1,5,0,0,0,0,1,6,2,22,5,1390,1,12,1,1,1
2016460126565,1,9,0,18,0,4,0,0,0,0,1,1,6,2,30,6,1799,1,10,7,1,7
2016460126565,2,1,0,9,0,3,0,0,0,0,2,1,6,1,52,8,-1,-1,-1,7,1,7
2016460126824,1,9,0,4,0,1,0,0,0,0,1,1,6,2,50,8,1197,1,3,7,1,7
2016460126920,1,9,0,16,0,0,0,0,0,0,1,1,6,1,60,9,-1,-1,-1,8,2,8
2016460126920,2,9,0,18,0,0,0,0,0,0,1,1,6,2,53,8,1997,2,-1,5,3,5
2016460126921,1,9,0,18,0,2,1,0,0,0,1,1,6,1,34,6,-1,-1,-1,6,1,6
2016460126931,1,9,0,18,0,0,0,0,1,0,1,1,6,2,67,10,1390,1,15,3,1,3
2016460126966,1,9,0,4,0,5,0,0,0,0,4,1,2,2,22,5,1600,1,10,3,1,3
2016460126994,1,19,0,4,0,1,0,0,0,0,1,1,1,1,28,6,2143,2,2,9,1,9
2016460126994,2,9,0,8,0,1,0,0,0,0,2,1,6,2,46,8,1598,1,1,4,3,4
2016460126995,1,3,0,18,0,1,0,0,0,0,4,1,6,1,18,4,124,1,2,6,1,6
2016460126995,2,9,0,18,0,1,0,0,0,0,1,1,1,1,46,8,-1,-1,-1,9,1,9
2016460127006,1,22,0,18,9,1,0,0,0,0,1,1,6,2,56,9,-1,-1,-1,3,1,3
2016460127029,1,9,0,5,0,0,0,0,0,0,0,1,6,1,74,10,1587,1,13,8,1,8
2016460127029,2,2,0,4,0,0,1,0,0,0,0,1,6,1,17,4,49,1,5,2,1,2
2016460127039,1,9,0,7,0,0,0,0,0,0,3,1,6,1,49,8,-1,-1,-1,9,1,9
2016460127046,1,9,0,17,0,0,1,0,0,0,4,1,1,1,21,5,1248,2,9,6,1,6