Accident_Index,Vehicle_Reference,Vehicle_Type,Towing_and_Articulation,Vehicle_Manoeuvre,Vehicle_Location-Restricted_Lane,Junction_Location,Skidding_and_Overturning,Hit_Object_in_Carriageway,Vehicle_Leaving_Carriageway,Hit_Object_off_Carriageway,1st_Point_of_Impact,Was_Vehicle_Left_Hand_Drive?,Journey_Purpose_of_Driver,Sex_of_Driver,Age_of_Driver,Age_Band_of_Driver,Engine_Capacity_(CC),Propulsion_Code,Age_of_Vehicle,Driver_IMD_Decile,Driver_Home_Area_Type,Vehicle_IMD_Decile
2016460127046,2,9,0,18,0,0,1,0,0,0,1,1,1,2,28,6,1388,1,8,6,1,6
2016460127069,1,9,0,18,0,0,5,0,1,0,1,1,1,1,59,9,5000,1,5,10,2,10
2016460127069,2,9,0,18,0,0,5,0,1,0,4,1,1,1,37,7,998,1,2,9,1,9
2016460127102,1,5,0,13,0,0,1,0,0,0,1,1,1,1,54,8,779,1,3,6,1,6
2016460127102,2,21,0,5,0,0,0,0,0,0,3,1,1,1,59,9,-1,-1,-1,-1,-1,-1
2016460127107,1,9,0,18,0,0,0,0,0,0,1,1,1,1,51,8,998,1,7,10,2,10
2016460127127,1,9,0,9,0,7,0,0,1,0,1,1,2,2,51,8,1364,1,2,6,1,6
2016460127127,2,9,0,18,0,1,1,0,0,0,1,1,2,2,47,8,1598,2,3,7,1,7
2016460127137,1,9,0,9,0,6,0,0,0,0,3,1,1,1,64,9,-1,-1,-1,5,1,5
2016460127137,2,3,0,18,0,1,0,0,0,0,1,1,5,1,20,4,124,1,9,6,1,6
2016460127164,1,9,0,18,0,8,0,0,0,0,1,1,6,2,27,6,998,1,-1,7,1,7
2016460127164,2,9,0,9,0,8,0,0,0,0,3,1,6,2,29,6,1598,1,4,10,1,10
2016460127209,1,9,0,18,0,0,0,0,0,0,4,1,2,1,57,9,1461,2,11,6,1,6
2016460127214,1,2,0,16,0,0,0,0,0,0,0,1,2,1,16,4,49,1,14,6,1,6
2016460127229,1,9,0,16,0,1,0,0,0,0,3,1,5,2,40,7,2231,2,4,4,2,4
2016460127229,2,9,0,18,0,2,0,0,0,0,3,1,5,1,35,6,1364,1,1,4,2,4
2016460127256,1,3,0,18,0,0,0,0,0,0,1,1,6,1,21,5,124,1,-1,7,3,7
2016460127256,2,21,0,18,0,0,0,0,0,0,1,1,1,1,61,9,3920,2,7,2,1,2
2016460127287,1,9,0,18,0,0,0,0,0,0,1,1,1,2,32,6,999,1,2,1,1,1
2016460127287,2,9,0,18,0,0,0,0,0,0,2,1,1,2,20,4,1969,2,1,9,2,9
2016460127305,1,9,0,18,0,0,0,0,0,0,3,1,6,1,24,5,1798,1,14,7,1,7
2016460127305,2,3,0,18,0,0,0,0,0,0,1,1,6,1,17,4,125,1,2,7,1,7
2016460127354,1,9,0,5,0,0,0,0,0,0,1,1,6,2,62,9,1198,1,2,3,3,3
2016460127354,2,9,0,18,0,0,0,0,0,0,1,1,6,1,76,11,1896,2,8,5,1,5
2016460127369,1,9,0,18,0,0,5,11,0,0,1,1,1,2,32,6,2143,2,1,-1,1,-1
2016460127369,2,19,0,18,0,0,0,0,0,0,1,1,1,1,29,6,1998,2,12,6,2,6
2016460127376,1,20,0,12,0,0,0,0,0,0,3,1,1,1,53,8,-1,-1,-1,-1,-1,-1
2016460127376,2,9,0,18,0,0,0,0,4,0,4,1,2,2,28,6,1995,2,1,7,1,7
2016460127377,1,9,0,9,0,8,0,0,0,0,1,1,6,1,-1,-1,-1,-1,-1,-1,-1,-1
2016460127377,2,9,0,18,0,8,0,0,0,0,1,1,6,1,69,10,1388,1,7,7,2,7
2016460127400,1,9,0,18,0,0,0,0,0,0,1,1,6,2,-1,-1,1796,1,10,6,1,6
2016460127400,2,9,0,18,0,0,0,0,0,0,2,1,6,1,82,11,1999,1,1,8,2,8
2016460127422,1,9,0,7,0,6,0,0,0,0,0,1,6,1,72,10,1587,1,9,7,1,7
2016460127422,2,9,0,18,0,1,0,0,0,0,0,1,6,1,42,7,1969,8,-1,10,1,10
2016460127424,1,9,0,18,0,0,1,0,8,4,0,1,1,2,45,7,1360,1,8,8,1,8
2016460127453,1,9,0,9,0,2,0,0,0,0,1,1,6,1,17,4,1198,1,11,9,1,9
2016460127453,2,9,0,18,0,1,0,0,0,0,4,1,6,2,23,5,1242,1,7,6,2,6
2016460127453,3,9,0,18,0,1,0,0,0,0,3,1,6,1,75,10,1968,2,7,10,1,10
2016460127457,1,9,0,2,0,0,0,0,0,0,3,1,6,1,60,9,1984,1,7,4,1,4
2016460127457,2,1,0,18,0,0,0,0,0,0,4,1,6,1,48,8,-1,-1,-1,5,3,5
2016460127473,1,9,0,18,0,0,0,0,0,0,1,1,5,1,40,7,1242,1,15,5,1,5
2016460127473,2,19,0,3,0,0,0,0,0,0,0,1,1,1,28,6,2287,2,-1,8,1,8
2016460127478,1,9,0,18,0,1,0,0,3,0,1,1,6,2,25,5,1242,1,9,3,1,3
2016460127480,1,9,0,18,0,0,1,11,2,0,1,1,1,1,47,8,2143,2,6,9,1,9
2016460127509,1,9,0,18,0,0,1,0,0,0,1,1,6,1,49,8,1998,2,3,5,1,5
2016460127509,2,9,0,2,0,0,0,0,0,0,2,1,6,3,-1,-1,-1,-1,-1,-1,-1,-1
2016460127509,3,9,0,2,0,0,0,0,0,0,1,1,6,3,-1,-1,1596,1,9,-1,-1,-1
2016460127536,1,9,0,1,0,1,0,0,0,0,1,1,6,2,24,5,1198,1,8,10,2,10
2016460127536,2,1,0,18,0,1,0,0,0,0,2,1,6,1,-1,-1,-1,-1,-1,8,2,8
2016460127543,1,9,0,4,0,0,0,0,0,0,1,1,2,2,55,8,1998,2,12,1,1,1
2016460127543,2,9,0,4,0,0,0,0,0,0,2,1,6,2,42,7,2148,2,11,2,1,2
2016460127543,3,9,0,3,0,0,0,0,0,0,0,1,1,1,28,6,1499,2,1,8,1,8
2016460127544,1,9,0,18,0,0,0,0,0,0,1,1,6,3,40,7,1560,2,8,2,1,2
2016460127544,2,20,1,18,0,0,0,0,0,0,2,1,1,1,52,8,-1,-1,-1,6,1,6
2016460127616,1,3,0,18,0,1,1,0,0,0,0,1,1,1,19,4,124,1,5,5,2,5
2016460127662,1,9,0,16,0,0,1,0,1,0,3,1,6,1,28,6,3246,1,15,7,1,7
2016460127676,1,9,0,18,0,8,0,0,0,0,1,1,6,1,52,8,1560,2,2,7,1,7
2016460127676,2,1,0,18,0,8,0,0,0,0,1,1,6,1,53,8,-1,-1,-1,7,1,7
2016460127701,1,9,0,3,0,0,0,0,0,0,1,1,6,3,-1,-1,-1,-1,-1,-1,-1,-1
2016460127701,2,3,0,3,0,0,0,0,0,0,4,1,6,1,17,4,124,1,1,8,2,8
2016460127738,1,9,0,18,0,0,1,0,5,0,1,1,6,1,19,4,1388,1,7,8,1,8
2016460127744,1,9,0,3,0,0,0,0,0,0,1,1,6,1,31,6,1995,2,11,8,1,8
2016460127744,2,9,0,4,0,0,0,0,0,0,2,1,6,2,22,5,1242,1,14,8,1,8
2016460127766,1,9,0,3,0,1,0,0,0,0,1,1,6,3,-1,-1,998,1,7,-1,-1,-1
2016460127766,2,9,0,4,0,1,0,0,0,0,2,1,6,1,40,7,1997,2,4,4,1,4
2016460127791,1,9,0,18,0,3,0,0,0,0,1,1,6,2,21,5,1599,1,12,5,2,5
2016460127791,2,9,0,18,0,4,0,0,0,0,4,1,6,1,52,8,998,1,13,7,2,7
2016460127796,1,9,0,18,0,1,0,0,3,0,1,1,6,2,-1,-1,-1,-1,-1,-1,-1,-1
2016460127796,2,9,0,18,0,1,0,0,3,0,3,1,6,2,48,8,1299,1,11,5,1,5
2016460127812,1,9,0,10,0,1,0,0,0,0,4,1,6,2,39,7,2231,2,3,1,1,1
2016460127812,2,9,0,18,0,1,0,0,0,0,1,1,6,2,20,4,998,1,12,5,1,5
2016460127818,1,9,0,18,0,0,0,0,0,0,1,1,6,1,19,4,1198,1,6,10,2,10
2016460127818,2,9,0,18,0,0,0,0,0,0,2,1,6,2,59,9,1598,2,1,1,1,1
2016460127825,1,21,1,18,0,0,0,0,0,0,4,1,1,1,51,8,12740,2,-1,10,3,10
2016460127825,2,9,0,18,0,0,0,0,0,0,3,1,1,2,24,5,1398,1,-1,3,1,3
2016460127825,3,19,0,18,0,0,0,0,0,0,3,1,1,1,37,7,2143,2,3,2,1,2
2016460127859,1,1,0,1,9,1,0,0,0,0,1,1,3,1,14,3,-1,-1,-1,-1,-1,-1
2016460127859,2,9,0,4,0,6,0,0,0,0,1,1,1,1,66,10,1796,1,4,7,1,7
2016460127862,1,3,0,4,0,0,1,0,0,0,3,1,2,1,54,8,125,1,-1,3,1,3
2016460127862,2,9,0,1,9,0,0,0,0,0,0,1,5,1,55,8,1599,1,11,5,1,5
2016460127879,1,9,0,4,0,0,0,0,0,0,1,1,6,1,25,5,1910,2,9,-1,-1,-1
2016460127879,2,9,0,18,0,0,0,0,0,0,2,1,1,1,46,8,1998,1,12,5,1,5
2016460127885,1,1,0,9,0,1,1,0,0,0,3,1,6,1,27,6,-1,-1,-1,8,2,8
2016460127894,1,9,0,18,0,0,0,0,0,0,1,1,1,2,35,6,2143,2,3,1,1,1
2016460127894,2,9,0,18,0,0,0,0,0,0,2,1,6,1,55,8,1197,1,-1,10,1,10
2016460127895,1,9,0,18,0,6,0,0,0,0,1,1,2,1,26,6,2171,1,15,1,1,1
2016460127895,2,9,0,18,0,1,0,0,7,0,4,1,2,1,62,9,1461,2,1,5,3,5
2016460127896,1,3,0,18,0,1,0,2,0,0,1,1,6,1,17,4,124,1,9,7,3,7
2016460127900,1,9,0,4,0,1,0,0,0,0,4,1,6,2,38,7,-1,-1,-1,-1,-1,-1
2016460127900,2,9,0,18,0,1,0,0,0,0,1,1,6,2,31,6,1598,1,7,7,2,7
2016460127905,1,9,0,18,0,3,1,0,0,0,1,1,1,2,18,4,1397,1,9,4,3,4
2016460127905,2,19,0,18,0,4,0,0,0,0,3,1,1,1,41,7,2402,2,5,5,1,5
2016460127928,1,9,0,18,0,0,0,0,0,0,1,1,2,2,46,8,4921,2,11,10,1,10
2016460127928,2,9,0,2,0,0,0,0,0,0,2,1,1,1,45,7,1422,2,11,2,1,2
2016460127951,1,9,0,18,0,0,1,0,7,0,4,1,6,1,18,4,1360,1,12,4,1,4
2016460127997,1,9,0,9,0,6,0,0,0,0,1,1,1,2,35,6,2362,1,14,5,2,5
2016460127997,2,19,0,17,0,1,0,0,0,0,4,1,1,1,33,6,2463,2,12,5,3,5
2016460127997,3,9,0,16,0,1,0,0,0,0,1,1,1,2,38,7,2720,2,7,5,3,5
2016460128108,1,9,0,18,0,0,1,7,7,0,1,1,6,1,20,4,1598,1,10,6,1,6
2016460128144,1,9,0,9,0,5,0,0,0,0,4,1,6,2,33,6,2143,2,2,9,1,9
2016460128144,2,5,0,18,0,8,0,0,0,0,1,1,6,1,65,9,600,1,9,5,1,5
2016460128145,1,9,0,18,0,0,0,0,1,11,1,1,6,2,32,6,1749,1,13,3,2,3
2016460128242,1,9,0,9,0,2,0,0,0,0,1,1,6,1,52,8,2199,2,4,2,1,2
2016460128318,1,9,0,9,0,5,0,0,0,0,4,1,1,2,67,10,2495,2,12,5,2,5
2016460128318,2,4,0,18,0,1,1,0,0,0,1,1,2,1,36,7,487,1,15,6,1,6
2016460128330,1,3,0,18,0,0,0,0,0,0,3,1,1,1,21,5,108,1,-1,2,1,2
2016460128339,1,9,0,18,0,0,0,0,0,0,4,1,6,1,59,9,2987,2,9,2,2,2
2016460128339,2,9,0,2,0,0,0,0,0,0,4,1,6,2,37,7,1794,1,11,6,1,6
2016460128349,1,21,0,12,0,0,0,0,0,0,1,1,1,1,50,8,-1,-1,-1,-1,-1,-1
2016460128349,2,9,0,18,0,0,0,0,0,0,2,1,6,1,25,5,998,1,12,-1,-1,-1
2016460128358,1,9,0,9,0,0,2,0,7,0,1,1,6,1,27,6,1560,2,11,3,1,3
2016460128371,1,9,0,18,0,1,0,0,0,0,1,1,6,1,35,6,1398,2,11,5,3,5
2016460128441,1,9,0,17,0,8,1,0,0,0,1,1,1,1,45,7,1998,2,10,5,1,5
2016460128444,1,9,0,18,0,0,0,0,0,0,1,1,6,1,37,7,-1,-1,-1,-1,-1,-1
2016460128450,1,9,0,18,0,1,0,0,0,0,1,1,6,2,37,7,-1,-1,-1,-1,-1,-1
2016460128450,2,1,0,7,0,1,0,0,0,0,2,1,2,1,32,6,-1,-1,-1,1,1,1
2016460128468,1,9,0,18,0,1,0,0,0,0,3,1,6,2,18,4,1124,1,13,2,1,2
2016460128468,2,20,0,18,0,1,0,0,0,0,4,1,6,1,38,7,-1,-1,-1,4,1,4
2016460128477,1,9,0,15,0,2,0,0,0,0,3,1,6,3,-1,-1,-1,-1,-1,-1,-1,-1
2016460128477,2,16,0,18,0,2,0,0,0,0,2,1,6,2,62,9,-1,-1,-1,6,3,6
2016460128478,1,20,0,18,0,0,1,0,0,0,1,1,1,1,24,5,-1,-1,-1,10,2,10
2016460128478,2,9,0,10,0,0,0,0,0,0,2,1,6,2,30,6,1598,2,1,10,3,10
2016460128517,1,9,0,18,0,1,0,0,0,0,1,1,6,3,-1,-1,1998,2,9,-1,-1,-1
2016460128517,2,1,0,18,0,1,0,0,0,0,2,1,6,1,13,3,-1,-1,-1,4,1,4
2016460128544,1,9,0,18,0,1,0,11,0,0,4,1,6,1,41,7,1781,1,13,7,2,7
2016460128544,2,20,0,18,0,1,0,0,0,0,0,2,6,1,46,8,-1,-1,-1,-1,-1,-1
2016460128545,1,19,0,18,0,0,0,0,0,0,1,1,6,1,19,4,1997,2,15,8,3,8
2016460128545,2,9,0,18,0,0,0,0,0,0,1,1,6,2,44,7,1995,2,4,8,3,8
2016460128545,3,20,0,3,0,0,0,0,0,0,0,1,6,1,47,8,-1,-1,-1,6,3,6
2016460128623,1,21,1,18,0,8,0,0,0,0,1,2,1,1,29,6,-1,-1,-1,-1,-1,-1
2016460128623,2,9,0,11,0,3,0,0,0,0,4,1,1,2,37,7,1968,2,2,5,1,5
2016460128643,1,9,0,5,0,0,0,0,0,0,4,1,3,2,44,7,2179,2,1,7,3,7
2016460128711,1,9,0,5,0,0,0,0,0,0,4,1,5,1,63,9,1587,1,11,2,1,2
2016460128711,2,9,0,5,0,0,0,0,0,0,2,1,5,2,39,7,1956,2,1,6,1,6
2016460128716,1,9,0,5,0,1,0,0,0,0,1,1,2,1,33,6,1995,2,13,3,1,3
2016460128716,2,9,0,18,0,1,0,0,0,0,4,1,2,1,22,5,1560,2,5,1,1,1
2016460128746,1,9,0,18,0,8,0,10,7,0,0,1,6,1,37,7,1388,1,14,2,1,2
2016460128746,2,1,0,18,0,8,0,0,0,0,3,1,6,1,16,4,-1,-1,-1,6,1,6
2016460128746,3,9,0,2,0,8,0,0,0,0,2,1,5,2,30,6,1598,1,5,8,2,8
2016460128751,1,9,0,18,0,1,0,0,0,0,4,1,6,2,29,6,1124,1,16,7,1,7
2016460128753,1,9,0,18,0,5,0,0,0,0,1,1,6,1,27,6,1956,2,6,3,1,3
2016460128753,2,9,0,18,0,5,0,0,0,0,2,1,6,1,28,6,2148,2,10,9,1,9
2016460128765,1,9,0,4,0,1,0,0,0,0,1,1,6,3,-1,-1,1997,2,11,4,1,4
2016460128765,2,8,0,3,0,1,0,0,0,0,2,1,2,1,-1,-1,1968,2,8,1,1,1
2016460128772,1,9,0,8,0,8,0,0,0,0,1,1,1,2,28,6,996,1,4,8,1,8
2016460128772,2,9,0,5,0,8,0,0,0,0,1,1,6,1,58,9,-1,-1,-1,4,3,4
2016460128774,1,9,0,18,0,0,0,0,0,0,1,1,6,3,-1,-1,-1,-1,-1,-1,-1,-1
2016460128774,2,9,0,18,0,0,0,0,0,0,2,1,6,2,66,10,1240,1,9,8,1,8
2016460128778,1,9,0,18,0,0,1,0,0,0,1,1,6,2,27,6,1086,1,13,6,1,6
2016460128792,1,9,0,4,0,1,0,0,0,0,1,1,6,1,37,7,1582,2,5,8,1,8
2016460128792,2,9,0,4,0,1,0,0,0,0,2,1,6,2,17,4,1242,1,4,4,1,4
2016460128806,1,9,0,4,0,3,0,0,0,0,4,1,6,1,21,5,1910,2,9,1,1,1
2016460128806,2,9,0,13,0,3,0,0,0,0,3,1,6,1,23,5,1364,1,-1,1,1,1
2016460128820,1,9,0,7,0,8,0,0,0,0,4,1,6,1,54,8,1796,1,11,5,1,5
2016460128820,2,1,0,18,0,8,0,0,0,0,3,1,6,1,17,4,-1,-1,-1,-1,-1,-1
2016460128821,1,9,0,18,0,0,0,0,0,0,1,1,1,1,29,6,-1,-1,-1,5,2,5
2016460128821,2,9,0,18,0,0,0,0,0,0,1,1,6,2,52,8,1997,2,7,7,2,7
2016460128829,1,9,0,5,0,1,0,0,0,0,1,1,6,1,73,10,1600,1,5,1,1,1
2016460128829,2,9,0,18,0,8,0,0,0,0,4,1,6,2,43,7,-1,-1,-1,-1,-1,-1
2016460128853,1,9,0,18,0,0,0,0,0,0,1,1,2,1,21,5,-1,-1,-1,4,1,4
2016460128853,2,9,0,3,0,0,0,0,0,0,2,1,2,1,60,9,1968,2,-1,8,1,8
2016460128870,1,3,0,4,0,0,1,0,0,0,3,1,2,1,40,7,124,1,14,3,1,3
2016460128898,1,9,0,5,0,1,0,0,0,0,1,1,2,1,44,7,1348,1,14,3,1,3
2016460128918,1,98,0,11,0,0,0,0,0,0,0,1,1,3,-1,-1,-1,-1,-1,-1,-1,-1
2016460128918,2,9,0,18,0,0,0,0,0,0,1,1,6,2,47,8,-1,-1,-1,5,3,5
2016460128918,3,9,0,18,0,0,0,0,0,0,2,1,6,1,33,6,1590,1,12,5,1,5
2016460128925,1,9,0,18,0,8,0,0,0,0,1,1,6,2,40,7,1753,2,10,6,3,6
2016460128925,2,9,0,10,0,8,0,0,0,0,2,1,6,1,18,4,1229,1,9,6,3,6
2016460128938,1,9,0,7,0,0,0,10,0,0,3,1,6,1,17,4,1242,1,8,7,1,7
2016460129035,1,21,1,12,0,0,0,0,0,0,0,1,1,1,50,8,-1,-1,-1,-1,-1,-1
2016460129035,2,9,0,18,0,0,1,0,0,0,1,1,6,1,50,8,1497,8,1,7,3,7
2016460129035,3,9,0,18,0,0,0,0,0,0,1,1,1,1,69,10,1339,1,4,9,1,9
2016460129035,4,20,0,18,0,0,5,0,0,0,4,1,6,1,56,9,-1,-1,-1,4,3,4
2016460129038,1,9,0,4,0,1,0,0,0,0,1,1,1,1,17,4,998,1,14,9,1,9
2016460129038,2,9,0,9,0,4,0,0,1,0,2,1,1,2,35,6,1598,1,10,8,1,8
2016460129054,1,9,0,17,0,0,0,0,0,0,3,1,6,1,80,11,1769,1,13,7,1,7
2016460129054,2,9,0,16,0,0,0,0,0,0,3,1,2,2,43,7,998,1,-1,-1,-1,-1
2016460129072,1,9,0,18,0,5,1,7,0,0,4,1,2,2,30,6,1360,1,18,2,1,2
2016460129083,1,9,0,4,0,1,0,0,0,0,2,1,6,1,30,6,1910,2,10,3,1,3
2016460129083,2,9,0,4,0,1,0,0,0,0,1,1,6,1,36,7,1994,1,24,2,1,2
2016460129091,1,9,0,3,0,1,0,0,0,0,1,1,6,1,23,5,1995,2,9,9,1,9
2016460129091,2,9,0,3,0,1,0,0,0,0,2,1,6,2,47,8,1598,1,14,9,1,9
2016460129102,1,9,0,4,0,0,0,0,0,0,1,1,6,1,17,4,1149,1,15,4,1,4
2016460129102,2,9,0,4,0,0,0,0,0,0,2,1,6,2,32,6,1399,2,8,1,1,1
2016460129129,1,9,0,18,0,1,0,0,0,0,1,1,1,1,40,7,-1,-1,-1,2,1,2
2016460129129,2,9,0,4,0,1,0,0,0,0,2,1,6,2,34,6,1386,1,10,3,1,3
2016460129154,1,8,0,9,0,1,0,0,0,0,1,1,3,1,21,5,1968,2,6,4,1,4
2016460129154,2,9,0,18,0,1,0,0,0,0,3,1,2,2,26,6,1968,2,9,6,2,6
2016460129154,3,9,0,8,0,1,0,0,1,0,3,1,2,1,69,10,1108,1,6,6,3,6
2016460129206,1,9,0,7,0,3,0,0,1,0,1,1,5,1,20,4,1388,1,5,9,1,9
2016460129219,1,9,0,18,0,0,0,0,1,0,1,1,6,1,71,10,2198,2,8,8,2,8
2016460129251,1,9,0,18,0,4,5,9,1,2,1,1,6,1,47,8,3123,1,9,8,1,8
2016460129264,1,9,0,12,0,0,0,0,0,0,3,1,2,1,39,7,1997,2,8,3,1,3
2016460129264,2,4,0,13,0,0,0,0,0,0,4,1,2,1,65,9,645,1,10,-1,-1,-1
2016460129294,1,3,0,17,0,4,1,0,0,0,0,1,1,1,22,5,125,1,3,5,1,5
2016460129305,1,9,0,17,0,0,0,0,1,0,1,1,6,1,25,5,1598,1,11,10,3,10
2016460129307,1,9,0,18,0,0,0,0,0,0,1,1,6,1,26,6,1870,2,14,7,3,7
2016460129307,2,9,0,18,0,0,0,0,0,0,1,1,6,2,52,8,-1,-1,-1,10,1,10
2016460129326,1,9,0,16,0,0,0,0,0,0,1,1,6,2,43,7,1229,1,8,10,3,10
2016460129326,2,9,0,17,0,0,0,0,0,0,1,1,6,2,52,8,1968,2,-1,8,3,8
2016460129383,1,19,0,7,0,0,0,0,0,0,1,1,1,1,60,9,2287,2,4,3,1,3
2016460129383,2,9,0,18,0,0,0,0,0,0,1,1,1,1,61,9,1796,1,9,6,1,6
2016460129401,1,9,0,16,0,8,0,0,0,0,1,1,6,1,26,6,-1,-1,-1,5,3,5
2016460129401,2,9,0,17,0,8,0,0,0,0,1,1,6,1,26,6,1896,2,15,5,2,5
2016460129408,1,9,0,3,0,0,0,0,0,0,1,1,5,1,26,6,1398,1,5,7,1,7
2016460129408,2,9,0,3,0,0,0,0,0,0,2,1,5,1,36,7,1998,2,1,2,1,2
2016460129408,3,9,0,3,0,0,0,0,0,0,2,1,5,2,33,6,1598,1,5,8,1,8
2016460129416,1,9,0,5,0,6,0,0,0,0,1,1,6,1,20,4,1968,2,1,8,3,8
2016460129416,2,9,0,18,0,1,0,0,0,0,1,1,6,2,25,5,1242,1,9,6,1,6
2016460129430,1,9,0,3,0,0,0,0,0,0,1,1,6,2,28,6,1984,1,7,7,1,7
2016460129471,1,9,0,17,0,0,0,0,7,0,1,1,6,1,19,4,1198,1,13,9,2,9
2016460129476,1,5,0,13,0,1,0,0,0,0,1,1,1,1,35,6,847,1,1,6,1,6
2016460129476,2,9,0,9,0,5,0,0,0,0,3,1,6,2,63,9,1598,2,1,10,3,10
2016460129479,1,9,0,18,0,0,0,0,0,0,1,1,6,1,20,4,1596,1,13,9,1,9
2016460129479,2,9,0,3,0,0,0,0,0,0,2,1,6,1,60,9,1956,2,4,10,3,10
2016460129506,1,9,0,9,0,6,0,0,0,0,1,1,5,2,67,10,1598,1,10,6,2,6
2016460129506,2,9,0,3,0,2,0,0,0,0,3,1,5,2,26,6,998,1,9,7,1,7
2016460129568,1,9,0,18,0,0,0,0,0,0,1,1,6,1,24,5,998,1,2,8,1,8
2016460129568,2,9,0,18,0,0,0,0,0,0,2,1,3,1,45,7,-1,-1,-1,7,1,7
2016460129568,3,9,0,18,0,0,0,0,0,0,0,1,6,3,-1,-1,-1,-1,-1,-1,-1,-1
2016460129570,1,9,0,15,0,0,0,4,0,0,1,1,6,2,25,5,1149,1,12,7,1,7
2016460129570,2,9,0,2,0,0,0,0,1,0,2,1,6,1,30,6,-1,-1,-1,7,1,7
2016460129579,1,9,0,18,0,1,0,0,0,0,1,1,6,1,53,8,1560,2,4,3,2,3
2016460129624,1,9,0,16,0,0,0,0,7,0,1,1,6,1,24,5,1199,1,14,6,3,6
2016460129624,2,9,0,17,0,0,0,0,1,0,1,1,2,1,35,6,1968,2,3,7,3,7
2016460129626,1,9,0,18,0,0,0,0,0,0,1,1,6,2,50,8,1794,1,12,7,1,7
2016460129626,2,9,0,18,0,0,0,0,0,0,2,1,6,2,45,7,1499,1,-1,10,3,10
2016460129626,3,9,0,18,0,0,0,0,0,0,2,1,6,2,41,7,-1,-1,-1,2,1,2
2016460129641,1,11,0,4,0,2,0,11,0,0,1,1,1,2,40,7,6870,2,15,6,2,6
2016460129664,1,8,0,6,0,1,0,0,0,0,3,1,1,1,39,7,1998,2,10,8,1,8
2016460129664,2,9,0,18,0,1,0,0,7,0,0,1,6,2,18,4,1229,1,8,5,1,5
2016460129716,1,9,0,9,0,2,0,0,0,0,4,1,1,1,62,9,-1,-1,-1,1,1,1
2016460129716,2,5,0,18,0,1,0,0,0,0,1,1,6,1,61,9,1298,1,6,10,2,10
2016460129735,1,9,0,18,0,0,0,0,0,0,1,1,6,1,31,6,-1,-1,-1,10,2,10
2016460129735,2,19,0,18,0,0,0,0,0,0,2,1,6,1,37,7,2298,2,5,4,1,4
2016460129745,1,9,0,18,0,0,1,0,1,0,2,1,6,2,40,7,1598,1,14,3,1,3
2016460129784,1,9,0,17,0,0,1,0,1,0,1,1,6,2,30,6,1781,1,16,7,3,7
2016460129791,1,21,1,18,0,1,0,0,0,0,3,1,1,1,37,7,12740,2,-1,5,1,5
2016460129791,2,9,0,18,0,1,0,0,0,0,4,1,6,1,23,5,1598,1,14,4,1,4
2016460129806,1,9,0,18,0,1,0,0,0,0,4,1,6,1,49,8,1796,1,5,4,1,4
2016460129806,2,3,0,18,0,1,0,0,0,0,3,1,6,1,54,8,680,1,3,4,1,4
2016460129826,1,9,0,18,0,1,0,0,0,0,1,1,6,2,82,11,1994,1,19,7,3,7
2016460129826,2,9,0,18,0,1,0,0,0,0,2,1,6,1,43,7,-1,-1,-1,4,1,4
2016460129841,1,9,0,18,0,0,2,0,1,4,1,1,6,1,20,4,973,1,15,5,1,5
2016460129843,1,1,0,18,0,0,0,0,0,0,1,1,6,2,63,9,-1,-1,-1,5,1,5
2016460129843,2,9,0,18,0,0,0,0,0,0,1,1,2,1,52,8,998,1,10,1,1,1
2016460129850,1,3,0,18,0,0,1,0,0,0,1,1,6,1,34,6,125,1,1,5,2,5
2016460129850,2,9,0,2,0,0,0,0,0,0,3,1,6,1,49,8,-1,-1,-1,4,1,4
2016460129850,3,9,0,2,0,0,0,0,0,0,0,1,6,2,53,8,-1,-1,-1,6,3,6
2016460129884,1,21,0,12,0,0,0,0,0,0,1,2,1,1,39,7,-1,-1,-1,-1,-1,-1
2016460129884,2,19,0,18,0,0,0,0,0,0,2,1,1,1,52,8,1997,2,10,6,1,6
2016460129884,3,9,0,18,0,0,0,0,0,0,1,1,6,1,60,9,1896,2,7,7,1,7
2016460129895,1,9,0,9,0,5,1,0,1,7,1,1,6,1,29,6,1995,2,5,3,1,3
2016460129895,2,9,0,9,0,5,0,0,0,0,0,1,1,1,37,7,1968,2,3,7,1,7
2016460129941,1,9,0,12,0,0,0,0,0,0,1,1,6,1,27,6,2494,1,13,4,1,4
2016460129941,2,9,0,18,0,0,0,0,0,0,2,1,6,1,47,8,1289,1,20,8,1,8
2016460129949,1,9,0,10,0,1,0,0,0,0,1,1,2,1,27,6,1685,2,1,6,1,6
2016460129949,2,9,0,18,0,1,0,0,0,0,4,1,6,2,29,6,1997,2,3,-1,-1,-1
2016460129958,1,11,0,5,0,0,0,0,0,0,0,1,1,2,-1,-1,-1,-1,-1,3,1,3
2016460129965,1,3,0,17,0,8,1,0,0,0,0,1,6,1,22,5,124,1,7,2,1,2
2016460129966,1,3,0,18,0,0,0,0,0,0,1,1,5,1,23,5,125,1,-1,9,1,9
2016460129966,2,9,0,10,0,0,0,0,0,0,2,1,5,1,45,7,-1,-1,-1,7,1,7
2016460129974,1,11,0,18,0,8,0,0,0,0,3,1,6,3,-1,-1,-1,-1,-1,-1,-1,-1