Accident_Index,Vehicle_Reference,Vehicle_Type,Towing_and_Articulation,Vehicle_Manoeuvre,Vehicle_Location-Restricted_Lane,Junction_Location,Skidding_and_Overturning,Hit_Object_in_Carriageway,Vehicle_Leaving_Carriageway,Hit_Object_off_Carriageway,1st_Point_of_Impact,Was_Vehicle_Left_Hand_Drive?,Journey_Purpose_of_Driver,Sex_of_Driver,Age_of_Driver,Age_Band_of_Driver,Engine_Capacity_(CC),Propulsion_Code,Age_of_Vehicle,Driver_IMD_Decile,Driver_Home_Area_Type,Vehicle_IMD_Decile
2016460129974,2,9,0,9,0,8,0,0,0,0,4,1,6,2,21,5,1198,1,2,7,1,7
2016460129980,1,9,0,18,0,0,0,0,2,6,2,1,6,1,26,6,1390,1,10,1,1,1
2016460130008,1,9,0,18,0,1,0,0,1,0,0,1,6,1,86,11,1242,1,11,9,1,9
2016460130021,1,9,0,3,0,8,0,0,0,0,4,1,6,2,-1,-1,-1,-1,-1,-1,-1,-1
2016460130044,1,1,0,18,0,0,0,0,0,0,3,1,6,1,9,2,-1,-1,-1,5,1,5
2016460130044,2,9,0,18,0,0,0,0,0,0,1,1,6,1,27,6,1364,1,7,6,1,6
2016460130055,1,9,0,18,0,0,1,0,0,0,1,1,1,2,25,5,1598,1,-1,4,3,4
2016460130055,2,9,0,18,0,0,0,0,0,0,2,1,1,1,28,6,973,1,13,5,1,5
2016460130072,1,21,1,18,0,4,0,0,0,0,4,1,1,3,-1,-1,-1,-1,-1,-1,-1,-1
2016460130072,2,9,0,18,0,4,0,0,0,0,3,1,6,1,28,6,1598,1,14,3,1,3
2016460130077,1,9,0,16,0,0,5,0,7,0,4,1,6,1,18,4,1339,1,14,2,3,2
2016460130077,2,9,0,18,0,0,0,0,1,0,1,1,6,2,46,8,1586,1,8,4,3,4
2016460130086,1,9,0,18,0,5,0,0,1,7,1,1,6,2,21,5,1299,1,15,2,1,2
2016460130095,1,4,0,18,0,2,0,0,0,0,1,1,2,1,17,4,-1,-1,-1,2,1,2
2016460130101,1,5,0,13,0,0,0,0,0,0,1,1,2,1,19,4,656,1,11,5,1,5
2016460130101,2,19,0,11,0,0,0,0,0,0,4,1,1,1,33,6,1598,2,5,5,3,5
2016460130107,1,9,0,5,0,0,0,0,0,0,4,1,6,1,76,11,1560,2,9,9,1,9
2016460130107,2,9,0,18,0,0,0,0,0,0,3,1,6,2,38,7,1781,1,12,7,1,7
2016460130108,1,3,0,4,0,1,2,0,1,0,1,1,6,1,18,4,125,1,2,5,2,5
2016460130124,1,9,0,18,0,0,0,0,0,0,1,1,6,2,35,6,1618,1,-1,7,3,7
2016460130129,1,9,0,18,0,0,0,0,0,0,0,1,6,1,68,10,1997,1,8,6,1,6
2016460130144,1,9,0,9,0,8,0,0,0,0,1,1,6,2,38,7,1910,2,10,1,1,1
2016460130144,2,20,0,2,0,2,0,0,0,0,1,1,6,3,35,6,-1,-1,-1,-1,-1,-1
2016460130218,1,9,0,3,0,1,0,0,0,0,1,1,5,1,23,5,2198,2,8,3,1,3
2016460130218,2,9,0,3,0,1,0,0,0,0,2,1,5,1,20,4,1149,1,9,3,1,3
2016460130232,1,19,0,1,0,8,0,0,0,0,0,1,6,1,-1,-1,2198,2,1,1,1,1
2016460130232,2,9,0,1,0,4,1,0,0,0,0,1,1,2,49,8,1299,1,10,7,1,7
2016460130254,1,9,0,9,0,8,0,0,0,0,1,1,4,1,47,8,1753,2,12,8,1,8
2016460130254,2,9,0,18,0,8,0,0,0,0,1,1,6,3,-1,-1,-1,-1,-1,-1,-1,-1
2016460130254,3,9,0,10,0,8,0,0,0,0,1,1,4,2,40,7,1995,2,11,7,1,7
2016460130265,1,19,0,18,0,1,0,0,0,0,1,1,1,1,39,7,1995,2,3,6,2,6
2016460130265,2,19,0,4,0,1,0,0,0,0,2,1,1,1,51,8,-1,-1,-1,9,1,9
2016460130265,3,9,0,4,0,1,0,0,0,0,2,1,1,1,31,6,-1,-1,-1,3,1,3
2016460130269,1,9,0,16,0,1,0,0,1,0,0,1,5,1,23,5,1896,2,13,5,3,5
2016460130314,1,9,0,18,0,4,0,0,0,0,1,1,6,2,30,6,1124,1,12,1,1,1
2016460130314,2,9,0,9,0,4,0,0,0,0,1,1,6,2,20,4,1598,1,11,7,1,7
2016460130323,1,21,0,12,0,0,0,0,0,0,3,1,1,1,57,9,12902,2,-1,1,1,1
2016460130323,2,9,0,18,0,0,0,0,1,0,4,1,6,1,37,7,1390,1,9,7,1,7
2016460130344,1,17,0,18,0,0,0,0,0,0,1,1,1,1,47,8,-1,-1,-1,-1,-1,-1
2016460130344,2,9,0,18,0,0,0,0,0,0,2,1,1,1,57,9,1796,1,10,6,1,6
2016460130345,1,9,0,18,0,0,0,0,0,0,4,1,6,2,60,9,5439,1,10,-1,-1,-1
2016460130345,2,9,0,18,0,0,0,0,1,0,1,1,6,1,82,11,1318,1,1,9,1,9
2016460130389,1,9,0,16,0,2,0,0,0,0,1,1,6,1,81,11,999,1,10,8,1,8
2016460130393,1,5,0,17,0,4,0,0,0,0,1,1,6,1,62,9,999,1,6,9,3,9
2016460130393,2,9,0,17,0,8,0,0,0,0,1,1,6,2,61,9,1461,2,5,7,3,7
2016460130409,1,9,0,4,0,0,0,0,0,0,1,1,2,1,44,7,1968,2,2,8,1,8
2016460130409,2,9,0,2,9,0,0,0,0,0,2,1,6,1,55,8,1124,1,12,2,1,2
2016460130422,1,9,0,16,0,8,0,0,0,0,1,1,6,1,28,6,1149,1,8,5,2,5
2016460130422,2,9,0,17,0,8,0,0,0,0,1,1,6,1,34,6,1461,2,5,2,1,2
2016460130428,1,9,0,5,0,8,0,0,0,0,2,1,6,1,86,11,1198,1,5,5,1,5
2016460130428,2,3,0,17,0,8,0,0,0,0,1,1,2,1,19,4,124,1,2,4,3,4
2016460130444,1,9,0,18,9,0,0,0,1,11,3,1,6,1,20,4,1598,1,13,5,1,5
2016460130444,2,9,0,18,0,0,0,0,0,0,4,1,6,1,30,6,1968,2,3,-1,-1,-1
2016460130444,3,9,0,18,0,0,0,0,0,0,4,1,6,1,37,7,2993,2,2,-1,-1,-1
2016460130465,1,9,0,18,0,2,0,0,0,0,1,1,6,1,24,5,999,1,7,3,1,3
2016460130481,1,9,0,18,0,0,0,0,0,0,4,1,6,1,40,7,-1,-1,-1,-1,-1,-1
2016460130481,2,1,0,18,0,0,1,0,0,0,3,1,6,1,54,8,-1,-1,-1,6,1,6
2016460130506,1,9,0,9,0,2,0,0,0,0,3,1,2,2,26,6,1242,1,10,7,1,7
2016460130506,2,9,0,18,0,1,0,0,0,0,1,1,2,1,23,5,-1,-1,-1,5,1,5
2016460130544,1,19,0,7,0,4,0,0,0,0,2,1,6,1,37,7,-1,-1,-1,-1,-1,-1
2016460130544,2,9,0,7,0,4,0,0,0,0,1,1,6,2,20,4,1587,1,10,-1,-1,-1
2016460130613,1,9,0,18,0,0,1,0,0,0,1,1,2,1,52,8,-1,-1,-1,6,1,6
2016460130613,2,9,0,18,0,0,0,0,0,0,2,1,6,1,82,11,1587,1,10,7,1,7
2016460130613,3,9,0,18,0,0,0,0,0,0,2,1,6,1,52,8,1560,2,1,10,1,10
2016460130615,1,3,0,4,0,0,1,0,0,0,1,1,2,1,31,6,124,1,1,6,1,6
2016460130663,1,9,0,5,0,8,5,0,0,0,3,1,6,2,22,5,1388,1,12,2,1,2
2016460130663,2,9,0,18,0,1,0,0,0,0,1,1,2,2,25,5,998,1,1,4,3,4
2016460130717,1,19,0,18,0,6,0,0,0,0,4,1,1,1,44,7,1996,2,6,10,1,10
2016460130717,2,4,0,18,0,1,0,0,0,0,1,1,2,1,24,5,748,1,12,4,3,4
2016460130910,1,9,0,7,0,6,0,0,0,0,1,1,2,1,23,5,-1,-1,-1,6,3,6
2016460130910,2,21,0,18,0,1,0,0,0,0,1,1,2,1,47,8,4462,2,3,3,1,3
2016460130913,1,9,0,18,0,0,0,0,0,0,3,1,6,2,71,10,1951,2,11,6,2,6
2016460130913,2,9,0,18,0,0,0,0,0,0,4,1,6,2,54,8,1199,1,14,6,1,6
2016460130940,1,9,0,11,7,0,0,7,1,0,3,1,2,2,72,10,1587,1,13,10,2,10
2016460130940,2,98,0,2,6,0,0,0,0,0,3,1,2,1,28,6,-1,-1,-1,4,1,4
2016460131060,1,5,0,9,0,1,0,0,0,0,1,1,2,1,52,8,595,1,12,8,1,8
2016460131093,1,9,0,18,0,0,0,0,0,0,1,1,6,1,69,10,1596,1,4,2,1,2
2016460131093,2,9,0,1,0,0,0,0,0,0,3,1,6,1,49,8,1598,1,9,1,1,1
2016460131093,3,9,0,2,0,0,0,0,0,0,4,1,6,3,-1,-1,1199,1,12,-1,-1,-1
2016460131093,4,9,0,18,0,0,0,0,0,0,3,1,6,2,45,7,1339,1,13,-1,-1,-1
2016460131126,1,9,0,18,0,1,0,0,0,0,1,1,6,1,22,5,-1,-1,-1,1,1,1
2016460131126,2,9,0,3,0,1,0,0,0,0,0,1,6,2,67,10,1198,1,9,5,1,5
2016460131169,1,9,0,18,0,1,0,0,0,0,1,1,6,3,-1,-1,-1,-1,-1,-1,-1,-1
2016460131169,2,1,0,18,0,1,0,0,0,0,1,1,6,1,44,7,-1,-1,-1,4,1,4
2016460131169,3,9,0,2,0,1,0,0,0,0,1,1,6,1,19,4,-1,-1,-1,2,1,2
2016460131232,1,9,0,18,0,0,0,0,0,0,1,1,6,1,22,5,2000,1,7,6,2,6
2016460131232,2,9,0,2,9,0,0,0,0,0,4,1,6,3,-1,-1,1560,2,8,-1,-1,-1
2016460131437,1,9,0,11,0,0,0,0,0,0,1,1,6,1,73,10,1461,2,2,9,1,9
2016460131437,2,1,0,9,0,0,0,0,0,0,1,1,6,2,19,4,-1,-1,-1,-1,-1,-1
2016460131443,1,9,0,18,0,1,0,0,0,0,1,1,6,1,43,7,1598,1,-1,1,1,1
2016460131443,2,23,0,18,0,8,0,0,0,0,3,1,6,1,19,4,125,1,4,5,3,5
2016460131445,1,9,0,18,0,8,0,0,0,0,1,1,1,2,25,5,1397,1,14,4,3,4
2016460131452,1,9,0,5,0,0,0,0,0,0,1,1,1,1,74,10,1870,2,10,7,1,7
2016460131452,2,9,0,5,0,0,0,0,0,0,2,1,2,2,51,8,998,1,-1,7,3,7
2016460131452,3,8,0,5,0,0,0,0,0,0,2,1,2,1,43,7,1896,2,6,4,1,4
2016460131454,1,9,0,3,0,0,0,0,0,0,4,1,3,1,24,5,1399,2,13,6,1,6
2016460131454,2,1,0,15,0,0,5,0,0,0,3,1,1,1,46,8,-1,-1,-1,2,1,2
2016460131458,1,9,0,18,7,0,0,0,0,0,0,1,6,1,44,7,2497,2,11,6,1,6
2016460131466,1,9,0,18,0,0,0,0,0,0,1,1,6,2,23,5,1124,1,17,10,3,10
2016460131472,1,9,0,9,0,1,0,0,0,0,0,1,6,1,28,6,995,1,11,4,1,4
2016460131472,2,9,0,3,0,1,0,0,0,0,1,1,6,1,28,6,-1,-1,-1,-1,-1,-1
2016460131478,1,9,0,18,0,0,0,0,0,0,4,1,6,1,41,7,-1,-1,-1,7,1,7
2016460131516,1,9,0,7,0,2,0,0,0,0,3,1,2,1,23,5,1229,1,7,-1,-1,-1
2016460131516,2,1,0,18,0,1,0,0,0,0,1,1,2,1,32,6,-1,-1,-1,7,1,7
2016460131584,1,9,0,9,0,1,0,0,0,0,1,1,2,2,43,7,1598,1,14,2,1,2
2016460131584,2,9,0,18,0,1,0,0,0,0,1,1,2,1,57,9,1299,1,11,6,3,6
2016460131701,2,3,0,5,0,2,0,0,0,0,3,1,2,1,36,7,-1,-1,-1,7,1,7
2016460131703,1,9,0,18,0,0,1,0,1,0,-1,1,6,1,68,10,1560,2,5,8,2,8
2016460131711,1,9,0,18,0,0,0,0,0,0,1,1,1,3,52,8,1968,2,8,8,1,8
2016460131711,2,9,0,18,0,0,0,0,0,0,2,1,1,2,52,8,1989,1,17,9,1,9
2016460131725,1,9,0,18,0,0,0,0,0,0,3,1,6,3,35,6,-1,-1,-1,-1,-1,-1
2016460131725,2,9,0,18,0,0,0,0,0,0,3,1,6,2,59,9,1895,1,16,5,1,5
2016460131747,1,9,0,18,0,0,0,0,0,0,1,1,6,1,85,11,1299,1,12,-1,-1,-1
2016460131747,2,5,0,18,0,0,0,0,1,0,1,1,2,1,60,9,1085,1,15,-1,-1,-1
2016460131756,1,21,1,18,0,0,0,0,0,0,1,1,1,1,35,6,12809,2,4,-1,-1,-1
2016460131756,2,21,1,3,0,0,0,0,0,0,2,1,1,1,52,8,5880,2,3,8,1,8
2016460131769,1,19,0,16,0,0,0,0,7,0,1,1,1,1,35,6,1870,2,11,10,2,10
2016460131769,2,9,0,18,0,0,0,0,1,0,1,1,1,1,39,7,2685,2,12,7,1,7
2016460131773,1,9,0,18,0,4,0,0,0,0,1,1,6,1,23,5,1988,1,12,6,1,6
2016460131773,2,9,0,18,0,4,0,0,0,0,2,1,6,1,50,8,1956,2,2,2,1,2
2016460131782,1,9,0,16,0,1,0,0,0,0,0,1,6,1,-1,-1,1248,1,3,6,3,6
2016460131782,2,3,0,14,0,1,2,4,0,0,3,1,1,1,30,6,124,1,-1,7,2,7
2016460131832,1,3,0,18,0,0,0,0,0,0,1,1,6,1,22,5,124,1,3,6,1,6
2016460131832,2,9,0,3,0,0,0,0,0,0,2,1,6,2,17,4,998,1,2,-1,-1,-1
2016460131865,1,9,0,10,0,1,0,0,0,0,1,1,6,1,68,10,1997,2,5,2,1,2
2016460131865,2,1,0,18,0,1,0,0,0,0,1,1,6,1,61,9,-1,-1,-1,2,1,2
2016460131913,1,9,0,11,0,0,0,0,0,0,1,1,5,2,23,5,1388,1,12,2,1,2
2016460131913,2,9,0,17,0,0,0,0,7,0,2,1,5,2,20,4,998,1,12,5,1,5
2016460131967,1,9,0,18,0,0,2,0,1,0,4,1,6,1,69,10,1368,1,7,4,2,4
2016460131967,2,9,0,2,0,0,0,0,0,0,0,1,6,2,37,7,1968,2,1,8,1,8
2016460131967,3,9,0,18,0,0,1,0,1,0,1,1,6,1,26,6,1896,2,14,10,3,10
2016460131971,1,9,0,18,0,0,0,0,0,0,1,1,6,2,23,5,1997,2,7,7,3,7
2016460131971,2,21,2,18,0,0,0,0,0,0,2,1,1,1,51,8,10837,2,4,10,1,10
2016460131972,1,9,0,18,0,0,0,0,0,0,1,1,1,1,31,6,1956,2,1,3,1,3
2016460131972,2,8,0,3,0,0,0,0,0,0,2,1,1,1,41,7,1997,2,8,1,1,1
2016460131972,3,9,0,3,0,0,0,0,0,0,2,1,6,2,47,8,1587,1,14,2,1,2
2016460131991,1,9,0,9,0,0,0,0,0,0,4,1,6,2,23,5,2143,2,1,7,1,7
2016460131991,2,2,0,18,0,0,0,0,0,0,1,1,6,1,16,4,49,1,10,2,1,2
2016460131994,1,9,0,9,0,1,0,0,0,0,3,1,6,2,81,11,1332,1,6,1,1,1
2016460131994,2,1,0,18,0,1,0,0,0,0,1,1,6,1,22,5,-1,-1,-1,1,1,1
2016460131995,1,9,0,18,0,0,0,0,0,0,0,1,6,1,-1,-1,1956,2,1,4,1,4
2016460131995,2,9,0,18,0,0,0,0,0,0,0,1,6,2,60,9,1798,1,15,8,1,8
2016460132013,1,1,0,18,9,1,2,0,1,0,1,1,6,1,29,6,-1,-1,-1,7,1,7
2016460132018,1,9,0,18,0,0,0,0,0,0,2,1,6,1,75,10,1968,2,9,6,1,6
2016460132018,2,9,0,3,0,0,0,0,0,0,1,1,6,2,42,7,2148,2,11,2,1,2
2016460132038,1,9,0,15,0,0,0,0,0,0,4,1,6,3,-1,-1,-1,-1,-1,-1,-1,-1
2016460132038,2,1,0,18,0,0,0,0,0,0,3,1,6,1,40,7,-1,-1,-1,3,1,3
2016460132042,1,9,0,18,0,1,1,0,0,0,1,1,6,1,37,7,1984,1,10,3,1,3
2016460132042,2,9,0,4,0,1,0,0,0,0,2,1,6,2,44,7,1299,1,15,3,2,3
2016460132074,1,1,0,18,0,8,0,0,0,0,1,1,6,1,35,6,-1,-1,-1,6,1,6
2016460132090,1,3,0,18,0,1,0,0,0,0,0,1,2,1,16,4,-1,-1,-1,1,1,1
2016460132096,1,9,0,12,0,0,0,0,0,0,1,1,1,1,28,6,-1,-1,-1,7,1,7
2016460132096,2,4,0,12,0,0,0,0,0,0,4,1,2,1,54,8,125,1,1,9,1,9
2016460132108,1,9,0,18,0,1,0,0,0,0,1,1,6,2,25,5,2926,2,11,5,3,5
2016460132108,2,9,0,9,0,1,0,0,0,0,1,1,6,2,32,6,1248,1,1,7,3,7
2016460132116,1,9,0,9,0,8,0,0,0,0,4,1,6,1,-1,-1,1360,1,13,1,1,1
2016460132116,2,9,0,18,0,8,0,0,0,0,1,1,6,1,24,5,-1,-1,-1,4,2,4
2016460132193,1,9,0,18,0,0,0,0,0,0,1,1,1,2,19,4,998,1,2,6,1,6
2016460132193,2,9,0,4,0,0,0,0,0,0,2,1,2,2,64,9,2494,1,17,-1,-1,-1
2016460132236,1,2,0,9,0,4,0,0,0,0,1,1,6,2,30,6,124,1,4,9,1,9
2016460132236,2,9,0,18,0,8,5,0,0,0,1,1,6,2,63,9,-1,-1,-1,7,3,7
2016460132257,1,9,0,9,0,1,0,0,0,0,1,1,2,2,29,6,1896,2,13,7,1,7
2016460132257,2,19,0,18,0,1,0,0,0,0,1,1,2,1,55,8,2287,2,1,7,1,7
2016460132264,1,9,0,16,0,1,0,0,1,0,1,1,6,1,-1,-1,1242,1,7,5,1,5
2016460132264,2,21,1,18,8,7,0,0,0,0,3,2,1,1,57,9,-1,-1,-1,-1,-1,-1
2016460132293,1,9,0,17,0,6,2,0,7,0,0,1,2,1,22,5,1596,1,13,7,1,7
2016460132311,1,9,0,18,0,8,0,0,0,0,1,1,6,2,21,5,1299,1,14,6,3,6
2016460132311,2,9,0,18,0,8,0,0,0,0,3,1,6,1,64,9,3200,2,15,5,3,5
2016460132319,1,9,0,17,0,8,0,0,0,0,3,1,6,1,26,6,2143,2,1,5,1,5
2016460132319,2,9,0,17,0,8,0,0,0,0,1,1,6,3,-1,-1,-1,-1,-1,-1,-1,-1
2016460132348,1,9,0,18,0,8,0,0,0,0,1,1,6,1,-1,-1,-1,-1,-1,-1,-1,-1
2016460132348,2,9,0,18,0,8,0,0,0,0,1,1,6,2,-1,-1,2460,2,11,-1,-1,-1
2016460132348,3,9,0,18,0,8,0,0,0,0,2,1,6,2,-1,-1,875,1,4,-1,-1,-1
2016460132348,4,9,0,18,0,8,0,0,0,0,1,1,6,1,33,6,-1,-1,-1,2,1,2
2016460132373,1,9,0,18,0,0,0,0,0,0,1,1,6,2,61,9,2295,1,18,4,1,4
2016460132385,1,11,0,18,0,1,0,0,0,0,0,1,1,1,29,6,-1,-1,-1,7,1,7
2016460132396,1,9,0,5,9,0,0,0,0,0,1,1,6,2,37,7,1587,1,13,8,1,8
2016460132396,2,1,0,18,9,0,0,0,0,0,1,1,4,1,14,3,-1,-1,-1,10,1,10
2016460132403,1,19,0,18,0,1,0,0,0,0,0,1,6,1,46,8,2198,2,5,-1,-1,-1
2016460132412,1,9,0,17,0,0,0,0,0,0,4,1,3,2,31,6,1598,1,11,2,1,2
2016460132417,1,9,0,18,0,0,1,0,1,0,1,1,6,2,34,6,1799,1,16,7,2,7
2016460132464,1,9,0,18,0,0,0,0,0,0,1,1,6,1,70,10,1197,1,-1,4,1,4
2016460132464,2,9,0,18,0,0,0,0,0,0,2,1,6,2,21,5,1242,1,8,3,1,3
2016460132464,3,19,0,18,0,0,0,0,0,0,2,1,1,1,62,9,2300,2,10,7,1,7
2016460132471,1,21,1,12,0,0,0,0,0,0,3,1,1,1,50,8,-1,-1,-1,-1,-1,-1
2016460132471,2,9,0,18,0,0,0,0,0,0,4,1,6,2,33,6,1590,1,14,10,1,10
2016460132471,3,20,0,18,0,0,0,0,0,0,1,1,6,1,50,8,-1,-1,-1,4,1,4
2016460132510,1,9,0,1,9,0,0,0,0,0,2,1,6,2,-1,-1,1242,1,10,7,1,7
2016460132510,2,22,0,18,9,0,0,0,0,0,1,1,6,2,65,9,-1,-1,-1,7,1,7
2016460132517,1,21,1,18,0,0,0,0,0,0,1,1,1,3,-1,-1,-1,-1,-1,-1,-1,-1
2016460132517,2,9,0,18,0,0,0,0,0,0,3,1,6,2,57,9,1560,2,8,3,1,3
2016460132535,1,9,0,15,0,1,0,0,0,0,1,1,2,1,26,6,2993,2,6,8,3,8
2016460132535,2,9,0,9,0,5,0,0,0,0,2,1,6,2,36,7,1997,1,6,9,2,9
2016460132540,1,9,0,18,0,1,0,0,0,0,1,1,1,2,37,7,999,1,17,2,1,2
2016460132540,2,9,0,10,0,1,0,0,0,0,2,1,1,1,37,7,1422,2,12,-1,-1,-1
2016460132550,1,9,0,18,0,0,0,0,0,0,3,1,1,1,55,8,1499,2,1,8,1,8
2016460132555,1,9,0,9,0,6,0,0,0,0,1,1,2,1,35,6,-1,-1,-1,7,3,7
2016460132555,2,1,0,18,0,1,0,0,0,0,1,1,6,1,59,9,-1,-1,-1,7,3,7
2016460132567,1,9,0,4,0,1,0,0,0,0,2,1,6,2,-1,-1,1390,1,13,3,1,3
2016460132567,2,9,0,18,0,1,1,0,0,0,1,1,6,1,21,5,1197,1,-1,3,1,3
2016460132567,3,9,0,18,0,1,1,0,0,0,1,1,6,1,38,7,1242,1,10,6,1,6
2016460132591,1,9,0,18,0,0,0,0,0,0,3,1,6,1,35,6,1596,1,12,1,1,1
2016460132612,1,9,0,18,0,0,0,0,0,0,1,1,6,2,25,5,1242,1,6,2,1,2
2016460132612,2,9,0,18,0,0,0,0,0,0,2,1,6,1,-1,-1,3189,1,12,8,3,8
2016460132634,1,9,0,18,0,1,0,0,0,0,3,1,6,2,42,7,2268,2,1,10,1,10
2016460132634,2,9,0,9,0,1,0,0,0,0,4,1,6,1,26,6,1598,2,5,8,1,8
2016460132709,1,9,0,16,0,0,5,0,0,0,0,1,6,1,48,8,-1,-1,-1,6,1,6
2016460132745,1,9,0,18,0,0,0,0,0,0,4,1,6,2,22,5,1368,1,4,5,1,5
2016460132749,1,9,0,18,0,0,0,0,0,0,1,1,6,1,-1,-1,-1,-1,-1,-1,-1,-1
2016460132783,1,9,0,7,0,2,0,0,0,0,4,1,6,1,50,8,998,1,8,6,1,6
2016460132783,2,9,0,9,0,1,0,0,0,0,3,1,6,1,31,6,2199,2,1,10,1,10
2016460132784,1,9,0,9,0,1,0,0,0,0,1,1,1,1,31,6,2295,1,15,2,1,2
2016460132784,2,1,0,18,0,1,0,0,0,0,1,1,1,1,41,7,-1,-1,-1,8,3,8
2016460132797,1,9,0,18,0,0,0,0,0,0,1,1,3,2,-1,-1,1242,1,2,8,1,8
2016460132797,2,9,0,18,0,0,0,0,0,0,1,1,1,2,31,6,1299,1,10,6,1,6
2016460132828,1,1,0,18,0,0,0,0,0,0,0,1,5,1,14,3,-1,-1,-1,7,1,7
2016460132828,2,19,0,18,0,0,0,0,0,0,4,1,5,1,25,5,2198,2,-1,7,1,7
2016460132855,1,9,0,18,0,0,0,0,0,0,3,1,6,1,35,6,-1,-1,-1,-1,-1,-1
2016460132896,1,9,0,18,0,0,1,4,1,0,1,1,6,1,72,10,1242,1,3,8,1,8
2016460132896,2,9,0,2,0,0,1,0,4,0,2,1,6,2,69,10,1391,1,20,6,2,6
2016460132905,1,9,0,18,0,8,0,0,0,0,1,1,6,1,25,5,1910,2,9,2,1,2
2016460132905,2,9,0,18,0,8,0,0,0,0,2,1,6,1,36,7,-1,-1,-1,1,1,1
2016460132905,3,9,0,18,0,8,0,0,0,0,2,1,6,2,30,6,1386,1,4,8,1,8
2016460132905,4,9,0,18,0,8,0,0,0,0,2,1,6,2,29,6,1995,2,5,7,1,7
2016460132913,1,9,0,18,0,0,0,0,0,0,1,1,6,3,-1,-1,-1,-1,-1,-1,-1,-1
2016460132933,1,9,0,9,0,6,0,0,0,0,0,1,6,2,56,9,1997,2,12,4,3,4
2016460132933,2,3,0,18,0,1,1,0,0,0,0,1,6,1,65,9,124,1,10,5,3,5
2016460132948,1,9,0,13,0,1,0,0,0,0,1,1,6,1,19,4,1360,1,11,4,1,4
2016460132966,1,9,0,18,0,1,0,0,0,0,1,1,6,2,89,11,1248,1,3,-1,-1,-1
2016460132966,2,9,0,9,0,8,0,0,0,0,1,1,6,1,25,5,-1,-1,-1,5,1,5
2016460132969,1,20,0,1,0,1,0,0,0,0,2,1,6,3,-1,-1,-1,-1,-1,-1,-1,-1
2016460132969,2,2,0,18,0,1,0,0,0,0,0,1,6,1,16,4,49,1,1,3,1,3
2016460132975,1,9,0,5,0,4,0,0,0,0,2,1,6,1,79,11,1598,1,9,3,1,3
2016460132975,2,9,0,4,0,4,0,0,0,0,0,1,6,2,32,6,1997,2,4,7,1,7
2016460133009,1,9,0,18,0,0,0,0,0,0,0,1,6,1,-1,-1,-1,-1,-1,-1,-1,-1
2016460133009,2,9,0,18,0,0,0,0,1,3,4,1,2,2,21,5,1299,1,14,3,1,3
2016460133012,1,9,0,18,0,0,0,0,0,0,0,1,6,2,37,7,-1,-1,-1,-1,-1,-1
2016460133012,2,9,0,2,0,0,0,0,0,0,0,1,6,2,43,7,-1,-1,-1,6,3,6
2016460133025,1,9,0,3,0,0,0,0,0,0,4,1,1,1,59,9,1997,2,7,1,1,1
2016460133065,1,9,0,18,0,0,5,4,0,0,1,1,2,1,19,4,1596,1,14,1,1,1
2016460133065,2,9,0,2,0,0,0,4,0,0,3,1,6,2,-1,-1,1896,2,14,3,1,3
2016460133065,3,9,0,2,0,0,0,0,0,0,2,1,6,2,-1,-1,1598,1,3,2,1,2
2016460133066,1,9,0,18,0,0,0,0,0,0,1,1,6,2,51,8,998,1,10,5,2,5
2016460133066,2,9,0,3,0,0,0,0,0,0,2,1,6,1,38,7,1995,2,-1,-1,-1,-1
2016460133066,3,9,0,3,0,0,0,0,0,0,2,1,6,2,22,5,1968,2,-1,5,3,5
2016460133070,1,8,0,18,9,0,0,0,0,0,1,1,1,1,46,8,1968,2,9,2,1,2
2016460133092,1,9,0,18,0,0,0,0,0,0,1,1,6,2,86,11,1124,1,10,7,2,7
2016460133092,2,9,0,4,0,0,0,0,0,0,1,1,6,1,20,4,1339,1,9,3,3,3
2016460133092,3,9,0,3,0,0,0,0,0,0,2,1,6,1,26,6,1968,2,2,6,1,6
2016460133099,1,9,0,18,0,0,0,0,0,0,1,1,6,1,31,6,-1,-1,-1,9,1,9
2016460133099,2,9,0,18,0,0,0,0,0,0,2,1,6,2,19,4,1360,1,8,8,1,8
2016460133099,3,9,0,18,0,0,0,0,0,0,2,1,6,1,22,5,1108,1,9,8,1,8
2016460133111,1,9,0,4,0,0,1,11,8,0,1,1,6,1,21,5,1242,1,15,5,3,5
2016460133137,1,9,0,18,0,0,0,0,0,0,1,1,6,1,-1,-1,-1,-1,-1,-1,-1,-1
2016460133137,2,9,0,18,0,0,0,0,0,0,2,1,6,1,76,11,1997,2,12,2,1,2
2016460133175,1,3,0,18,0,0,1,0,0,0,0,1,1,2,18,4,125,1,-1,3,1,3
2016460133412,1,9,0,18,0,0,0,0,0,0,1,1,2,1,66,10,1995,2,12,4,2,4
2016460133508,2,9,0,1,0,0,0,0,0,0,1,1,6,1,34,6,1997,1,13,4,2,4
2016460133525,1,9,0,9,0,1,0,0,0,0,1,1,6,1,57,9,1905,2,20,5,1,5
2016460133525,2,1,0,18,0,8,0,0,0,0,1,1,6,2,27,6,-1,-1,-1,4,1,4
2016460133563,1,20,0,5,0,8,0,0,0,0,4,1,1,1,-1,-1,-1,-1,-1,5,2,5