Accident_Index,Vehicle_Reference,Vehicle_Type,Towing_and_Articulation,Vehicle_Manoeuvre,Vehicle_Location-Restricted_Lane,Junction_Location,Skidding_and_Overturning,Hit_Object_in_Carriageway,Vehicle_Leaving_Carriageway,Hit_Object_off_Carriageway,1st_Point_of_Impact,Was_Vehicle_Left_Hand_Drive?,Journey_Purpose_of_Driver,Sex_of_Driver,Age_of_Driver,Age_Band_of_Driver,Engine_Capacity_(CC),Propulsion_Code,Age_of_Vehicle,Driver_IMD_Decile,Driver_Home_Area_Type,Vehicle_IMD_Decile
2016460139059,2,9,0,2,0,0,0,0,0,0,2,1,6,1,29,6,1910,2,10,4,1,4
2016460139060,1,9,0,5,0,6,0,0,0,0,4,1,1,1,56,9,-1,-1,-1,1,1,1
2016460139060,2,9,0,18,0,1,0,0,0,0,1,1,2,2,47,8,1598,1,17,4,1,4
2016460139084,1,9,0,18,0,8,0,0,0,0,4,1,6,1,28,6,1596,1,15,3,1,3
2016460139084,2,9,0,5,0,8,0,0,0,0,0,1,2,2,49,8,1686,2,14,5,2,5
2016460139124,1,9,0,18,0,0,0,0,0,0,4,1,6,3,-1,-1,-1,-1,-1,-1,-1,-1
2016460139141,1,9,0,18,0,0,0,0,0,0,1,1,2,2,41,7,998,1,4,6,1,6
2016460139141,2,21,1,2,0,0,0,0,0,0,1,1,1,1,51,8,12419,2,1,3,1,3
2016460139143,1,9,0,18,0,0,0,0,0,0,1,1,6,1,47,8,1956,2,5,2,1,2
2016460139143,2,11,0,18,0,0,0,0,0,0,3,1,1,2,29,6,6700,2,8,10,1,10
2016460139170,1,9,0,18,0,0,0,0,0,0,1,1,6,1,38,7,-1,-1,-1,-1,-1,-1
2016460139170,2,1,0,18,0,0,0,0,0,0,2,1,6,1,76,11,-1,-1,-1,6,3,6
2016460139191,1,9,0,18,0,0,0,0,0,0,4,1,6,1,29,6,-1,-1,-1,10,3,10
2016460139191,2,9,0,2,0,0,0,0,0,0,3,1,6,1,37,7,1598,1,7,10,3,10
2016460139240,1,9,0,18,0,0,0,0,2,0,1,1,6,1,23,5,998,1,14,9,1,9
2016460139245,1,2,0,18,0,0,1,0,0,0,1,1,6,1,73,10,49,1,5,7,1,7
2016460139275,1,9,0,18,0,1,0,0,0,0,1,1,6,1,71,10,1587,1,15,-1,-1,-1
2016460139275,2,19,4,6,0,1,0,0,0,0,4,1,1,1,52,8,-1,-1,-1,-1,-1,-1
2016460139280,1,5,0,16,0,0,0,0,0,0,1,1,2,1,20,4,501,1,6,9,1,9
2016460139280,2,9,0,5,0,0,0,0,0,0,3,1,1,1,36,7,2982,2,5,8,3,8
2016460139312,1,9,0,18,0,0,0,0,0,0,1,1,6,2,47,8,1560,2,3,5,1,5
2016460139312,2,9,0,18,0,0,0,0,0,0,3,1,6,1,66,10,999,1,-1,6,3,6
2016460139312,3,9,0,18,0,0,0,0,0,0,3,1,6,1,52,8,1995,2,7,8,2,8
2016460139327,1,9,0,18,0,1,0,0,0,0,1,1,6,2,86,11,1397,1,15,6,1,6
2016460139327,2,9,0,18,0,1,0,0,0,0,1,1,6,2,41,7,998,1,2,5,1,5
2016460139351,1,9,0,4,0,1,0,0,0,0,1,1,6,1,52,8,2143,2,-1,9,1,9
2016460139351,2,9,0,3,0,1,0,0,0,0,2,1,3,2,25,5,1461,2,11,2,1,2
2016460139374,1,9,0,5,0,6,0,0,0,0,0,1,6,1,29,6,1149,1,7,10,1,10
2016460139374,2,3,0,18,0,1,1,0,0,0,0,1,6,1,22,5,124,1,7,2,1,2
2016460139390,1,9,0,9,0,8,0,0,0,0,3,1,6,2,27,6,1582,2,1,8,1,8
2016460139390,2,9,0,18,0,1,1,0,0,0,1,1,6,1,21,5,1596,1,16,8,1,8
2016460139404,1,9,0,4,0,0,0,0,0,0,1,1,6,1,47,8,1951,2,12,4,1,4
2016460139404,2,9,0,4,0,0,0,0,0,0,2,1,6,2,44,7,1587,1,10,1,1,1
2016460139415,1,9,0,18,0,0,0,0,0,0,1,1,6,1,48,8,1600,1,5,2,1,2
2016460139421,1,9,0,17,0,0,5,0,7,0,4,1,6,2,19,4,1149,1,8,6,2,6
2016460139433,1,9,0,18,0,0,0,0,0,0,1,1,2,1,37,7,1149,1,4,10,1,10
2016460139433,2,9,0,4,0,0,0,0,0,0,2,1,1,2,43,7,1598,1,12,5,1,5
2016460139453,1,9,0,3,0,0,0,0,0,0,1,1,6,1,37,7,1124,1,13,-1,-1,-1
2016460139453,2,3,0,2,0,0,0,0,0,0,1,1,6,1,27,6,-1,-1,-1,4,1,4
2016460139463,1,1,0,18,0,0,1,0,0,0,4,1,3,1,-1,-1,-1,-1,-1,-1,-1,-1
2016460139463,2,9,0,1,0,0,0,0,0,0,0,1,1,2,37,7,1240,1,7,5,2,5
2016460139474,1,20,0,18,0,0,0,0,1,0,3,1,6,3,37,7,-1,-1,-1,-1,-1,-1
2016460139475,1,9,0,18,0,0,0,0,0,0,1,1,6,2,49,8,1796,1,11,4,1,4
2016460139475,2,3,0,18,0,0,0,0,0,0,0,1,6,1,23,5,124,1,4,1,1,1
2016460139479,1,3,0,18,0,0,5,0,0,0,3,1,2,1,65,9,124,1,2,2,1,2
2016460139479,2,21,1,7,0,0,0,0,0,0,4,1,1,1,31,6,12777,2,9,3,1,3
2016460139504,1,9,0,6,0,0,0,0,0,0,3,1,6,1,52,8,1986,2,8,8,1,8
2016460139504,2,3,0,13,0,0,0,0,0,0,1,1,2,1,25,5,124,1,9,10,1,10
2016460139517,1,9,0,17,0,0,0,0,1,0,1,1,6,1,50,8,1560,2,6,8,3,8
2016460139517,2,9,0,18,0,0,0,0,0,0,1,1,2,1,51,8,1989,1,16,1,1,1
2016460139519,1,4,0,18,0,0,0,0,0,0,1,1,6,1,23,5,487,1,27,-1,-1,-1
2016460139551,1,9,0,3,0,0,0,0,0,0,1,1,2,1,18,4,998,1,10,8,2,8
2016460139551,2,19,0,3,0,0,0,0,0,0,2,1,1,1,44,7,1560,2,2,2,1,2
2016460139558,1,9,0,18,0,0,5,0,1,0,1,1,2,1,22,5,1598,2,5,5,3,5
2016460139558,2,9,0,18,0,0,0,0,0,0,2,1,6,1,26,6,2993,2,12,3,1,3
2016460139565,1,19,0,18,0,2,0,0,0,0,4,1,6,1,30,6,1461,2,1,4,1,4
2016460139565,2,9,0,18,0,2,0,0,0,0,1,1,6,1,45,7,1598,1,8,7,1,7
2016460139583,1,4,0,4,0,0,1,0,0,0,1,1,1,1,31,6,125,1,4,6,1,6
2016460139583,2,19,0,3,0,0,0,0,0,0,2,1,6,1,52,8,1753,2,7,4,1,4
2016460139589,1,9,0,2,0,0,0,0,0,0,2,1,6,2,34,6,-1,-1,-1,6,3,6
2016460139589,2,19,0,18,0,0,0,0,0,0,1,1,2,1,36,7,2198,2,6,4,2,4
2016460139589,3,9,0,18,0,0,0,0,0,0,1,1,2,2,58,9,1398,1,1,6,3,6
2016460139605,1,9,0,3,0,0,0,0,0,0,1,1,6,3,-1,-1,-1,-1,-1,-1,-1,-1
2016460139605,2,1,0,18,0,0,2,0,0,0,4,1,6,1,17,4,-1,-1,-1,4,3,4
2016460139614,1,21,0,9,0,5,0,0,0,0,4,1,1,1,51,8,12777,2,-1,2,1,2
2016460139614,2,9,0,18,0,1,0,0,0,0,1,1,6,2,32,6,1598,1,9,2,1,2
2016460139616,1,9,0,6,0,0,0,0,0,0,3,1,6,1,52,8,1242,1,9,10,1,10
2016460139616,2,9,0,18,0,0,0,0,0,0,1,1,6,1,21,5,1781,1,14,9,1,9
2016460139626,1,9,0,18,0,1,0,0,0,0,1,1,6,2,28,6,1997,1,8,7,1,7
2016460139626,2,9,0,9,0,1,0,0,0,0,1,1,6,1,33,6,1596,1,10,9,1,9
2016460139645,1,9,0,18,0,8,0,0,0,0,4,1,6,3,-1,-1,-1,-1,-1,-1,-1,-1
2016460139656,1,9,0,18,0,1,0,0,0,0,1,1,6,1,36,7,1499,1,1,4,1,4
2016460139656,2,9,0,4,0,1,0,0,0,0,2,1,6,1,51,8,1968,2,2,7,1,7
2016460139656,3,9,0,4,0,1,0,0,0,0,2,1,6,1,41,7,1998,1,10,7,1,7
2016460139658,1,9,0,18,0,0,2,0,0,0,1,1,6,1,41,7,998,1,2,8,1,8
2016460139658,2,9,0,18,0,0,2,0,0,0,2,1,6,2,46,8,1229,1,2,1,1,1
2016460139665,1,9,0,18,0,0,0,0,0,0,1,1,2,1,44,7,1950,2,16,1,1,1
2016460139670,1,9,0,5,0,2,0,0,0,0,1,1,6,2,64,9,999,1,4,8,1,8
2016460139692,1,9,0,18,0,0,0,0,0,0,1,1,1,1,23,5,1396,1,15,3,1,3
2016460139692,2,20,0,18,0,0,0,0,0,0,3,1,1,1,39,7,-1,-1,-1,8,1,8
2016460139692,3,19,0,18,0,0,0,0,0,0,1,1,1,1,38,7,3920,2,8,9,1,9
2016460139694,1,5,0,18,0,1,0,7,0,0,1,1,6,1,23,5,644,1,15,5,1,5
2016460139769,1,9,0,18,0,0,0,0,0,0,1,1,6,3,30,6,-1,-1,-1,-1,-1,-1
2016460139865,1,9,0,9,0,8,0,0,0,0,3,1,5,2,32,6,1364,1,11,1,1,1
2016460139880,1,9,0,5,0,0,0,0,0,0,3,1,6,1,40,7,1560,2,10,2,1,2
2016460139890,1,9,0,18,0,8,0,0,0,0,1,1,6,1,23,5,2521,1,10,7,1,7
2016460139890,2,9,0,9,0,6,0,0,1,0,4,1,6,2,70,10,1796,1,13,8,1,8
2016460139902,1,9,0,9,0,6,0,0,0,0,-1,1,5,1,18,4,1995,2,6,4,1,4
2016460139902,2,9,0,3,0,1,0,0,1,1,4,1,5,1,66,10,1956,2,-1,4,3,4
2016460139909,1,9,0,18,0,1,0,0,0,0,1,1,6,1,72,10,1587,1,14,9,2,9
2016460139909,2,9,0,18,0,1,0,0,0,0,1,1,6,1,25,5,-1,-1,-1,8,2,8
2016460139927,1,9,0,16,0,0,5,0,5,0,3,1,6,1,18,4,1248,2,4,3,1,3
2016460139935,1,9,0,9,0,1,0,0,0,0,1,1,6,2,20,4,1796,1,17,9,1,9
2016460139960,1,9,0,4,0,0,0,0,0,0,1,1,6,2,40,7,2494,1,14,2,1,2
2016460139960,2,9,0,4,0,0,0,0,0,0,2,1,6,1,51,8,1995,2,6,10,1,10
2016460139960,3,9,0,4,0,0,0,0,0,0,2,1,6,2,23,5,1395,1,1,2,1,2
2016460139960,4,9,0,4,0,0,0,0,0,0,2,1,6,1,72,10,1956,2,5,9,1,9
2016460139972,1,9,0,12,0,0,1,0,7,0,1,1,5,1,57,9,1242,1,13,5,1,5
2016460139972,2,21,1,18,0,0,0,0,0,0,1,1,1,1,47,8,12900,2,5,5,2,5
2016460139972,3,21,0,18,0,0,0,0,0,0,1,1,1,1,26,6,11705,2,9,4,1,4
2016460139986,1,9,0,18,0,1,0,0,0,0,4,1,6,1,37,7,1769,1,11,4,2,4
2016460140008,1,9,0,17,0,0,1,10,1,10,1,1,6,1,17,4,1587,1,15,2,1,2
2016460140008,2,20,0,18,0,0,0,0,0,0,0,1,1,1,34,6,2143,2,6,3,1,3
2016460140031,1,9,0,18,0,1,0,0,0,0,1,1,6,2,48,8,1390,1,15,7,1,7
2016460140031,2,9,0,7,0,2,0,0,0,0,4,1,6,2,43,7,1198,1,9,4,1,4
2016460140106,1,9,0,2,0,0,0,0,0,0,3,1,6,2,56,9,1598,1,13,9,1,9
2016460140106,2,1,0,18,0,0,0,0,0,0,1,1,6,1,13,3,-1,-1,-1,4,1,4
2016460140132,1,9,0,18,0,0,0,0,0,0,1,1,6,2,42,7,1596,1,10,2,1,2
2016460140132,2,9,0,18,0,0,1,0,0,0,1,1,6,1,21,5,-1,-1,-1,3,1,3
2016460140188,1,9,0,9,0,8,0,0,0,0,1,1,6,2,23,5,1968,2,7,2,1,2
2016460140188,2,9,0,18,0,8,0,0,0,0,3,1,1,1,36,7,1598,1,3,5,1,5
2016460140239,1,9,0,18,0,0,0,0,4,7,1,1,6,1,22,5,1229,1,9,4,1,4
2016460140254,1,9,0,18,0,0,0,0,0,0,1,1,6,1,34,6,1995,2,5,5,1,5
2016460140609,1,10,0,18,0,0,0,0,0,0,4,1,1,2,31,6,-1,-1,-1,2,1,2
2016460140611,1,9,0,9,0,5,0,0,0,0,4,1,6,1,30,6,1388,1,14,-1,-1,-1
2016460140611,2,3,0,18,0,8,1,0,0,0,1,1,6,1,20,4,125,1,-1,10,1,10
2016460140621,1,9,0,3,9,0,0,0,1,0,1,1,6,1,79,11,1951,2,12,5,3,5
2016460140642,1,9,0,4,0,1,0,0,0,0,1,1,6,1,22,5,1124,1,12,1,1,1
2016460140642,2,9,0,18,0,1,0,0,0,0,2,1,6,2,36,7,1596,1,16,4,1,4
2016460140658,1,1,0,18,0,1,0,0,0,0,3,1,6,1,74,10,-1,-1,-1,3,1,3
2016460140658,2,9,0,18,0,1,0,0,0,0,1,1,6,2,30,6,1910,2,10,1,1,1
2016460140708,1,9,0,18,0,8,0,0,0,0,0,1,6,2,40,7,1598,1,9,3,1,3
2016460140708,2,9,0,7,0,8,0,0,0,0,4,1,6,2,28,6,1598,1,10,2,1,2
2016460140710,1,9,0,1,0,5,0,0,0,0,2,1,6,1,53,8,1896,2,9,8,1,8
2016460140740,1,9,0,18,0,0,0,0,0,0,1,1,6,1,-1,-1,-1,-1,-1,-1,-1,-1
2016460140740,2,9,0,18,0,0,0,0,0,0,0,1,6,2,-1,-1,1753,2,8,4,1,4
2016460140741,1,9,0,18,0,1,0,0,0,0,0,1,1,1,32,6,1598,2,-1,3,1,3
2016460140741,2,9,0,18,0,1,0,0,0,0,1,1,6,1,29,6,1499,2,3,8,1,8
2016460140741,3,9,0,4,0,1,0,0,0,0,2,1,1,2,28,6,1229,1,1,4,1,4
2016460140748,1,1,0,18,5,0,0,12,0,0,1,1,6,1,40,7,-1,-1,-1,4,1,4
2016460140750,1,9,0,18,0,0,0,0,0,0,1,1,6,1,72,10,1242,1,7,5,1,5
2016460140769,1,9,0,18,0,0,0,0,0,0,0,1,6,1,41,7,-1,-1,-1,7,2,7
2016460140770,1,9,0,17,0,0,0,0,0,0,1,1,6,1,51,8,2446,2,15,5,3,5
2016460140770,2,9,0,16,0,0,1,0,0,0,1,1,6,1,49,8,1560,2,5,8,1,8
2016460140771,1,22,0,18,9,0,0,0,0,0,1,1,6,3,30,6,-1,-1,-1,-1,-1,-1
2016460140818,1,9,0,9,0,6,0,0,0,0,1,1,6,1,44,7,2204,2,6,8,1,8
2016460140818,2,9,0,17,0,1,0,0,0,0,1,1,6,1,43,7,1390,1,15,3,1,3
2016460140825,1,9,0,18,0,0,0,0,0,0,1,1,6,1,79,11,1998,1,13,2,1,2
2016460140825,2,9,0,15,0,0,0,0,0,0,1,1,6,2,33,6,2499,1,9,4,1,4
2016460140835,1,1,0,18,9,0,0,0,0,0,1,1,4,1,12,3,-1,-1,-1,4,1,4
2016460140835,2,9,0,2,0,0,0,0,0,0,0,1,5,1,-1,-1,2198,1,13,10,1,10
2016460140849,1,19,0,18,0,0,0,0,0,0,1,1,6,1,41,7,2198,2,5,3,1,3
2016460140849,2,9,0,18,0,0,0,0,1,0,2,1,2,1,32,6,1686,2,9,4,2,4
2016460140922,1,9,0,18,0,0,0,0,0,0,4,1,6,1,77,11,1248,1,2,4,1,4
2016460140931,1,5,0,18,0,0,1,0,0,0,4,1,2,1,52,8,-1,-1,-1,8,3,8
2016460140941,1,9,0,6,0,6,0,0,7,0,3,1,1,1,30,6,1560,2,2,3,1,3
2016460140941,2,9,0,18,0,8,0,0,0,0,1,1,6,2,39,7,998,1,1,3,1,3
2016460140985,1,9,0,1,0,0,0,0,0,0,1,1,6,1,37,7,1796,1,12,-1,-1,-1
2016460140985,2,20,0,2,0,0,0,0,0,0,2,1,1,1,29,6,2287,2,3,4,1,4
2016460141013,1,9,0,12,0,1,1,0,0,0,4,1,2,1,-1,-1,-1,-1,-1,-1,-1,-1
2016460141013,2,1,0,5,0,2,0,0,0,0,3,1,5,1,31,6,-1,-1,-1,8,1,8
2016460141016,1,9,0,18,0,1,0,0,0,0,1,1,6,1,28,6,-1,-1,-1,6,3,6
2016460141016,2,9,0,3,0,1,0,0,0,0,2,1,6,1,37,7,1598,2,-1,10,1,10
2016460141016,3,9,0,3,0,1,0,0,0,0,2,1,6,2,66,10,2496,1,12,10,1,10
2016460141023,1,9,0,18,0,0,0,0,0,0,1,1,1,1,47,8,1896,2,11,3,1,3
2016460141023,2,9,0,18,0,0,0,0,0,0,2,1,6,3,-1,-1,-1,-1,-1,-1,-1,-1
2016460141032,1,9,0,7,0,4,0,0,0,0,3,1,1,1,56,9,2777,2,7,10,1,10
2016460141032,2,9,0,9,0,8,0,0,1,0,4,1,5,2,29,6,1398,1,6,3,1,3
2016460141054,1,9,0,4,0,0,1,0,0,0,1,1,2,2,39,7,1398,1,-1,10,3,10
2016460141054,2,9,0,10,0,0,0,0,0,0,2,1,2,2,28,6,1124,1,10,1,1,1
2016460141057,1,9,0,15,0,0,0,0,0,0,4,1,6,1,78,11,1498,1,-1,4,1,4
2016460141057,2,1,0,15,0,0,0,0,0,0,2,1,6,2,67,10,-1,-1,-1,4,1,4
2016460141060,1,9,0,18,0,1,0,0,1,0,1,1,6,1,37,7,1796,1,13,9,1,9
2016460141060,2,9,0,18,0,1,0,0,0,0,2,1,6,1,51,8,-1,-1,-1,10,1,10
2016460141069,1,4,0,8,0,6,0,0,0,0,0,1,6,2,-1,-1,125,1,1,10,1,10
2016460141069,2,11,0,18,0,1,0,0,0,0,0,1,1,2,53,8,5900,2,12,8,1,8
2016460141157,1,9,0,18,0,1,5,7,1,0,4,1,6,1,74,10,1995,2,3,-1,-1,-1
2016460141287,1,9,0,1,0,0,0,0,0,0,0,1,6,2,28,6,1984,1,16,-1,-1,-1
2016460141289,1,97,0,18,0,0,0,0,0,0,3,1,6,3,37,7,-1,-1,-1,-1,-1,-1
2016460141289,2,9,0,18,0,0,0,0,0,0,1,1,6,2,46,8,1998,1,11,8,1,8
2016460141299,1,9,0,17,0,0,0,0,0,0,0,1,2,2,44,7,998,1,8,1,1,1
2016460141299,2,20,0,16,0,0,0,0,0,0,0,1,1,1,44,7,2143,2,1,4,1,4
2016460141324,1,9,0,18,0,0,0,0,0,0,1,1,6,1,18,4,1199,1,15,3,2,3
2016460141324,2,9,0,18,0,0,0,0,0,0,2,1,6,2,42,7,-1,-1,-1,4,1,4
2016460141369,1,9,0,18,0,2,0,0,3,0,1,1,1,1,40,7,1797,8,5,5,2,5
2016460141369,2,9,0,18,0,1,0,0,0,0,3,1,1,2,40,7,1598,1,11,1,1,1
2016460141435,1,9,0,18,0,1,0,0,0,0,1,1,6,2,27,6,1242,1,10,4,3,4
2016460141435,2,5,0,3,0,1,0,0,0,0,2,1,6,1,44,7,660,1,5,6,1,6
2016460141491,1,9,0,13,0,0,1,0,0,0,4,1,2,1,45,7,1910,2,9,9,1,9
2016460141491,2,98,0,18,0,0,0,0,0,0,0,1,6,3,-1,-1,-1,-1,-1,-1,-1,-1
2016460141493,1,17,5,9,0,8,0,0,0,0,4,1,1,1,26,6,-1,2,9,9,3,9
2016460141493,2,9,0,18,0,1,0,0,0,0,1,1,2,1,55,8,-1,-1,-1,10,3,10
2016460141493,3,9,0,18,0,1,0,0,0,0,1,1,6,1,41,7,1969,2,1,6,3,6
2016460141493,4,9,0,18,0,1,1,0,0,0,1,1,6,1,41,7,1997,2,12,7,1,7
2016460141551,1,9,0,18,0,0,1,0,4,6,1,1,6,2,50,8,1461,2,6,7,3,7
2016460141554,1,9,0,18,0,8,0,0,7,0,3,1,1,1,25,5,-1,-1,-1,9,1,9
2016460141554,2,21,1,18,0,8,0,0,0,0,4,1,1,1,37,7,12740,2,3,8,3,8
2016460141556,1,3,0,12,0,0,0,0,0,0,4,1,2,1,-1,-1,-1,-1,-1,7,3,7
2016460141556,2,9,0,18,0,0,0,0,0,0,3,1,2,1,-1,-1,1896,2,7,7,3,7
2016460141600,1,20,1,12,0,0,0,0,0,0,3,1,1,1,60,9,-1,-1,-1,-1,-1,-1
2016460141600,2,9,0,18,0,0,0,0,1,0,4,1,1,2,51,8,1797,8,1,5,2,5
2016460141601,1,9,0,5,0,0,0,0,0,0,1,1,6,1,41,7,1364,1,1,6,2,6
2016460141601,2,9,0,18,0,0,0,0,0,0,0,1,6,1,-1,-1,1200,1,3,3,1,3
2016460141611,1,9,0,18,0,1,0,0,0,0,1,1,6,2,43,7,1242,1,7,3,1,3
2016460141622,1,9,0,18,0,8,0,0,0,0,4,1,6,1,39,7,1796,1,10,5,1,5
2016460141622,2,9,0,18,0,8,0,0,0,0,3,1,2,1,49,8,1499,2,-1,9,1,9
2016460141622,3,21,0,18,0,8,0,0,0,0,4,1,2,1,43,7,4009,2,8,6,3,6
2016460141669,1,9,0,5,0,0,0,0,0,0,4,1,6,1,81,11,1390,1,15,8,3,8
2016460141675,1,9,0,18,0,1,0,0,0,0,2,1,1,2,48,8,998,1,8,9,1,9
2016460141675,2,9,0,18,0,1,1,0,0,0,1,1,1,2,36,7,2993,2,-1,8,2,8
2016460141705,1,9,0,11,0,0,1,0,2,0,2,1,6,1,60,9,1988,1,13,9,1,9
2016460141717,1,21,0,18,0,1,0,0,0,0,1,1,1,1,-1,-1,-1,-1,-1,2,1,2
2016460141717,2,9,0,10,0,1,0,0,0,0,2,1,6,1,-1,-1,1560,2,1,5,1,5
2016460141742,1,9,0,17,0,1,1,0,0,0,1,1,6,1,29,6,1781,1,18,2,1,2
2016460141742,2,11,0,16,0,1,1,0,1,0,1,1,6,1,52,8,6700,2,-1,2,1,2
2016460141746,1,19,0,9,0,5,0,0,0,0,1,1,6,1,26,6,1995,2,2,7,1,7
2016460141753,1,3,0,4,0,0,0,0,0,0,4,1,1,1,18,4,-1,-1,-1,7,2,7
2016460141798,1,9,0,16,0,0,0,0,2,0,1,1,2,1,35,6,1870,2,12,9,1,9
2016460141798,2,11,0,17,0,0,0,0,0,0,3,1,1,1,41,7,9000,2,7,2,1,2
2016460141798,3,9,0,18,0,0,0,0,0,0,1,1,2,1,45,7,2143,2,2,6,1,6
2016460141809,1,20,4,12,0,0,0,0,0,0,3,1,1,1,31,6,-1,-1,-1,-1,-1,-1
2016460141809,2,9,0,18,0,0,1,0,0,0,4,1,2,1,24,5,1229,1,12,5,1,5
2016460141831,1,9,0,5,0,1,0,0,0,0,1,1,6,1,24,5,1994,2,13,1,3,1
2016460141841,1,9,0,18,0,0,0,0,2,0,1,1,6,1,47,8,1599,1,11,2,1,2
2016460141841,2,9,0,2,0,0,0,0,0,0,4,1,2,2,49,8,1398,2,11,3,1,3
2016460141841,3,9,0,2,0,0,0,0,0,0,3,1,6,1,34,6,2987,2,11,5,3,5
2016460141841,4,9,0,18,0,0,0,0,0,0,1,1,6,1,37,7,1390,1,14,8,1,8
2016460141841,5,9,0,18,0,0,0,0,0,0,1,1,6,2,21,5,1995,2,9,6,1,6
2016460141845,1,9,0,18,0,0,2,0,1,3,0,1,6,2,28,6,1598,1,15,-1,-1,-1
2016460141876,1,20,0,18,0,0,0,0,1,10,1,1,6,3,-1,-1,-1,-1,-1,-1,-1,-1
2016460141876,2,9,0,2,0,0,0,0,0,0,4,1,6,1,48,8,1870,2,11,9,1,9
2016460141940,1,11,0,18,0,0,0,0,0,0,1,1,1,1,20,4,6700,2,-1,7,1,7
2016460141960,1,9,0,18,0,0,0,0,0,0,0,1,6,3,-1,-1,-1,-1,-1,-1,-1,-1
2016460141960,2,3,0,18,0,0,0,0,1,0,4,1,6,2,25,5,125,1,2,3,1,3
2016460141968,1,9,0,9,0,1,0,0,0,0,1,1,6,2,76,11,1318,1,-1,9,2,9
2016460141968,2,9,0,18,0,1,0,0,0,0,1,1,6,2,46,8,1560,2,9,8,3,8
2016460141977,1,9,0,17,0,0,0,0,0,0,1,1,6,2,19,4,1149,1,13,5,1,5
2016460141977,2,9,0,16,0,0,0,0,0,0,3,1,6,1,67,10,1149,1,12,5,1,5
2016460141979,1,19,0,18,0,0,1,0,0,0,1,1,1,1,59,9,-1,-1,-1,-1,-1,-1
2016460141979,2,20,1,2,0,0,0,0,0,0,2,1,1,1,57,9,-1,-1,-1,-1,-1,-1
2016460141987,1,90,0,2,9,0,2,0,0,0,0,1,6,1,35,6,-1,-1,-1,2,1,2
2016460141994,1,9,0,18,0,2,0,0,4,6,1,1,6,1,46,8,1596,1,11,6,1,6
2016460141994,2,9,0,18,0,2,1,0,5,6,2,1,6,2,48,8,1991,2,7,8,1,8
2016460141994,3,20,0,18,0,2,1,0,0,0,1,1,2,1,37,7,2148,2,7,10,1,10
2016460141994,4,9,0,18,0,2,0,0,1,0,0,1,2,2,22,5,1499,2,1,8,1,8
2016460142027,1,3,0,18,0,1,0,0,0,0,1,1,2,1,47,8,125,1,-1,3,1,3
2016460142045,1,9,0,7,0,1,0,0,0,0,1,1,6,1,60,9,1999,1,8,7,2,7
2016460142045,2,11,0,18,0,1,0,0,0,0,4,1,1,1,28,6,5900,2,12,5,1,5
2016460142063,1,9,0,9,0,6,0,0,1,0,1,1,6,2,42,7,1206,1,5,8,1,8
2016460142063,2,9,0,18,0,8,0,0,0,0,1,1,1,1,36,7,-1,-1,-1,8,1,8
2016460142075,1,9,0,18,0,4,1,0,1,7,0,1,6,1,45,7,1248,2,6,8,1,8
2016460142128,1,9,0,18,0,8,0,0,0,0,3,1,1,1,28,6,2993,2,5,8,1,8
2016460142128,2,9,0,18,0,1,0,0,0,0,1,1,6,2,36,7,1596,1,15,1,1,1
2016460142183,1,9,0,18,0,0,0,0,0,0,1,1,6,1,26,6,1781,1,12,5,1,5
2016460142183,2,98,5,18,0,0,0,0,0,0,2,1,1,1,37,7,-1,-1,-1,-1,-1,-1
2016460142236,1,9,0,18,0,0,5,0,1,0,1,1,6,1,19,4,998,1,12,7,1,7
2016460142236,2,9,0,18,0,0,0,0,0,0,1,1,6,2,53,8,1399,2,6,6,1,6
2016460142246,1,9,0,14,0,0,5,0,0,0,1,1,6,1,87,11,1997,1,23,9,1,9
2016460142246,2,9,0,2,0,0,0,4,0,0,2,1,6,1,19,4,1149,1,16,6,3,6
2016460142276,1,9,0,15,0,0,0,0,0,0,0,1,1,1,50,8,-1,-1,-1,-1,-1,-1
2016460142276,2,5,0,12,0,0,1,0,0,0,0,1,2,1,40,7,750,1,29,1,1,1
2016460142276,3,9,0,18,0,0,2,0,0,0,1,1,2,1,51,8,1329,1,5,5,1,5
2016460142343,1,9,0,18,0,0,0,0,0,0,1,1,6,3,-1,-1,-1,-1,-1,-1,-1,-1
2016460142343,2,9,0,18,0,0,0,0,0,0,2,1,2,2,22,5,1753,2,15,3,1,3
2016460142348,1,9,0,5,0,2,0,0,0,0,3,1,6,2,68,10,1995,2,14,3,1,3
2016460142348,2,9,0,18,0,1,0,0,0,0,1,1,6,2,22,5,1398,2,10,6,3,6
2016460142367,1,9,0,12,0,0,0,0,0,0,2,1,6,1,36,7,-1,-1,-1,-1,-1,-1
2016460142367,2,9,0,18,0,0,0,0,0,0,3,1,1,2,32,6,1591,1,8,3,1,3
2016460142378,1,9,0,9,0,0,0,0,0,0,3,1,1,1,44,7,-1,-1,-1,9,1,9
2016460142378,2,1,0,18,0,0,0,0,0,0,3,1,2,1,25,5,-1,-1,-1,2,1,2
2016460142412,1,9,0,18,0,0,0,0,0,0,1,1,6,2,18,4,999,1,-1,6,1,6
2016460142412,2,9,0,4,0,0,0,0,0,0,2,1,1,1,51,8,1968,2,2,10,1,10