Accident_Index,Vehicle_Reference,Vehicle_Type,Towing_and_Articulation,Vehicle_Manoeuvre,Vehicle_Location-Restricted_Lane,Junction_Location,Skidding_and_Overturning,Hit_Object_in_Carriageway,Vehicle_Leaving_Carriageway,Hit_Object_off_Carriageway,1st_Point_of_Impact,Was_Vehicle_Left_Hand_Drive?,Journey_Purpose_of_Driver,Sex_of_Driver,Age_of_Driver,Age_Band_of_Driver,Engine_Capacity_(CC),Propulsion_Code,Age_of_Vehicle,Driver_IMD_Decile,Driver_Home_Area_Type,Vehicle_IMD_Decile
2016460149465,1,9,0,18,0,0,0,4,0,0,1,1,6,2,75,10,1299,1,18,4,1,4
2016460149465,2,9,0,2,0,0,0,0,1,0,1,1,6,2,36,7,1598,2,5,7,1,7
2016460149731,1,1,0,18,0,1,1,0,0,0,0,1,6,2,68,10,-1,-1,-1,7,1,7
2016460150498,1,9,0,18,0,0,0,0,0,0,1,1,6,2,83,11,1396,1,6,10,1,10
2016460150498,2,9,0,2,0,0,0,0,0,0,1,1,6,1,-1,-1,1968,2,1,9,1,9
2016460150698,1,9,0,9,0,8,0,0,0,0,1,1,6,1,31,6,1679,1,16,4,1,4
2016460150698,2,9,0,18,0,8,0,0,0,0,1,1,1,1,39,7,1998,1,8,9,1,9
2016460150922,1,9,0,15,0,0,0,0,0,0,2,1,2,2,20,4,1149,1,13,5,1,5
2016460150922,2,5,0,18,0,0,0,0,0,0,1,1,6,1,21,5,645,1,5,2,1,2
2016460151716,1,9,0,18,0,1,0,0,7,0,1,1,6,1,35,6,2521,1,10,2,1,2
2016460151716,2,9,0,18,0,1,0,0,7,0,2,1,6,2,34,6,1796,1,9,3,1,3
2016460151716,3,9,0,2,0,1,0,0,0,0,2,1,6,1,18,4,1242,1,6,8,1,8
2016460151716,4,9,0,2,9,1,0,0,0,0,4,1,6,1,28,6,1598,1,15,3,1,3
2016460151831,1,9,0,9,0,6,0,0,0,0,3,1,6,1,55,8,1596,1,6,-1,-1,-1
2016460151831,2,9,0,18,0,1,0,0,0,0,1,1,6,2,70,10,1086,1,12,3,1,3
2016460151893,1,9,0,9,0,1,0,0,0,0,1,1,6,1,43,7,1798,1,11,2,1,2
2016460151893,2,9,0,10,0,1,0,0,0,0,1,1,6,1,36,7,1598,1,8,2,1,2
2016460152191,1,9,0,18,0,0,0,0,0,0,1,1,6,2,35,6,1560,2,5,8,3,8
2016460152191,2,9,0,18,0,0,0,0,0,0,1,1,6,2,74,10,1390,1,9,7,1,7
2016460152923,1,9,0,18,0,0,0,4,0,0,1,1,6,1,31,6,1997,2,10,7,1,7
2016460152923,2,9,0,2,0,0,0,0,0,0,1,1,6,1,30,6,2987,2,6,7,1,7
2016460153507,1,9,0,18,0,1,2,10,0,0,1,1,6,1,41,7,-1,-1,-1,7,1,7
2016460153669,1,9,0,3,0,1,0,0,0,0,0,1,6,1,78,11,1560,2,9,6,1,6
2016460153682,1,9,0,18,0,0,2,0,0,0,1,1,6,2,22,5,1248,2,8,6,2,6
2016460153682,2,9,0,18,0,0,0,0,0,0,0,1,6,1,30,6,1868,2,14,1,1,1
2016460153891,1,5,0,18,0,1,0,0,0,0,1,1,6,1,55,8,1237,1,1,7,1,7
2016460153891,2,9,0,7,0,1,0,0,0,0,2,1,6,1,25,5,3189,1,9,3,1,3
2016460154791,1,9,0,3,0,0,0,0,0,0,1,1,6,1,21,5,1149,1,9,9,1,9
2016460154791,2,9,0,3,0,0,0,0,0,0,1,1,6,1,30,6,1997,1,10,5,1,5
2016460156171,1,9,0,11,0,0,0,0,0,0,4,1,6,1,48,8,1598,2,7,10,1,10
2016460156171,2,5,0,18,0,0,0,0,0,0,3,1,6,1,52,8,649,1,-1,6,1,6
2016460157046,1,9,0,4,0,1,1,0,0,0,1,1,2,1,20,4,1275,1,21,7,3,7
2016460157046,2,9,0,18,0,2,0,0,0,0,1,1,6,2,21,5,1229,1,9,7,2,7
2016460157558,1,9,0,7,0,8,0,0,0,0,1,1,6,1,-1,-1,-1,-1,-1,-1,-1,-1
2016460157558,2,1,0,9,0,8,1,0,0,0,3,1,6,1,30,6,-1,-1,-1,10,1,10
2016460158069,1,20,0,18,0,0,1,0,0,0,1,1,1,1,24,5,-1,-1,-1,6,1,6
2016460158069,2,19,0,18,0,0,0,0,0,0,2,1,1,2,40,7,1968,2,-1,3,1,3
2016460158862,1,9,0,13,0,1,0,0,7,0,1,1,2,1,27,6,1598,1,14,4,1,4
2016460158862,2,9,0,9,0,6,0,0,7,0,3,1,2,1,53,8,-1,-1,-1,7,1,7
2016460159937,1,3,0,18,0,0,0,0,7,0,1,1,6,1,42,7,124,1,1,7,1,7
2016460160420,1,9,0,18,0,0,0,0,0,0,3,1,1,1,37,7,1560,2,2,-1,-1,-1
2016460160491,1,9,0,5,0,3,0,0,0,0,1,1,6,2,19,4,3456,8,4,10,1,10
2016460160491,2,9,0,3,0,8,0,0,0,0,2,1,6,1,57,9,1360,1,10,7,2,7
2016460161226,1,22,0,18,9,0,0,0,0,0,4,1,6,1,89,11,-1,-1,-1,3,1,3
2016460166507,1,9,0,12,0,7,0,0,0,0,1,1,6,1,71,10,-1,-1,-1,5,1,5
2016460166507,2,9,0,2,0,7,0,0,0,0,2,1,6,2,58,9,1396,1,6,3,1,3
2016460166507,3,9,0,2,0,7,0,0,0,0,2,1,6,1,33,6,1596,1,8,3,1,3
2016460167026,1,9,0,16,0,2,1,0,2,0,1,1,6,1,30,6,-1,-1,-1,7,1,7
2016460167729,1,9,0,3,0,0,0,0,0,0,1,1,6,1,38,7,-1,-1,-1,2,1,2
2016460167729,2,9,0,3,0,0,0,0,0,0,4,1,6,1,48,8,2597,1,13,8,1,8
2016460171132,1,9,0,1,0,6,0,0,0,0,2,1,6,1,75,10,1582,2,-1,-1,-1,-1
2016460172590,1,1,0,18,0,1,0,0,0,0,0,1,6,1,33,6,-1,-1,-1,4,1,4
2016460175892,1,9,0,18,0,0,0,7,1,0,1,1,6,1,35,6,1956,2,2,7,1,7
2016460176063,1,9,0,18,0,0,0,7,1,0,1,1,6,1,40,7,2497,1,11,2,1,2
2016460176524,1,9,0,18,0,1,0,0,0,0,1,1,2,1,27,6,-1,-1,-1,8,3,8
2016460176524,2,9,0,3,0,1,0,0,0,0,2,1,2,2,24,5,999,1,1,6,3,6
2016460176524,3,9,0,3,0,1,0,0,0,0,2,1,2,1,45,7,1598,1,10,9,1,9
2016460179827,1,9,0,5,0,3,0,0,0,0,1,1,1,2,51,8,-1,-1,-1,7,1,7
2016460180874,1,9,0,3,0,1,0,0,0,0,1,1,6,2,20,4,1390,1,5,7,1,7
2016460265399,1,9,0,18,0,0,5,0,7,0,1,1,6,1,22,5,1149,1,14,-1,-1,-1
2016460265399,2,9,0,2,9,0,0,0,0,0,3,1,6,3,-1,-1,1398,2,13,5,2,5
2016460265414,1,9,0,7,0,2,0,0,0,0,1,1,6,1,44,7,1845,1,20,10,1,10
2016460265414,2,9,0,7,0,2,0,0,0,0,2,1,6,2,50,8,-1,-1,-1,8,3,8
2016460265421,1,9,0,12,0,0,1,0,1,0,2,1,6,1,36,7,1598,1,14,10,1,10
2016460265421,2,9,0,18,0,0,1,0,1,10,1,1,6,1,31,6,1598,1,14,7,1,7
2016460265432,1,9,0,18,0,0,0,0,0,0,1,1,2,1,40,7,1956,2,1,9,1,9
2016460265435,1,9,0,17,0,0,0,0,7,4,1,1,6,2,28,6,1360,1,11,8,1,8
2016460265440,1,9,0,18,0,1,0,0,0,0,1,1,6,1,25,5,1679,1,15,4,3,4
2016460265440,2,9,0,3,1,1,0,0,0,0,2,1,6,2,25,5,1198,1,3,7,1,7
2016460265445,1,9,0,18,0,1,0,0,0,0,1,1,2,1,44,7,1910,2,10,-1,-1,-1
2016460265450,1,9,0,18,0,0,0,0,0,0,1,1,6,2,22,5,996,1,3,9,1,9
2016460265450,2,9,0,18,0,0,0,0,0,0,2,1,6,2,22,5,1242,1,2,1,1,1
2016460265455,1,9,0,18,0,1,0,0,7,2,1,1,1,1,36,7,1461,2,1,6,1,6
2016460265455,2,21,0,18,0,1,0,0,0,0,1,1,1,1,30,6,12419,2,6,10,1,10
2016460265469,1,9,0,18,0,7,1,0,1,10,1,1,6,2,44,7,1753,2,14,6,1,6
2016460265475,1,9,0,13,0,0,1,0,0,7,1,1,6,1,43,7,698,1,12,9,1,9
2016460265475,2,9,0,18,0,0,0,0,0,7,2,1,6,1,35,6,-1,-1,-1,10,3,10
2016460265476,1,9,0,18,0,0,0,0,0,0,1,1,6,1,40,7,2720,2,11,-1,-1,-1
2016460265476,2,9,0,18,0,0,0,0,0,0,1,1,6,1,43,7,998,1,1,-1,-1,-1
2016460265491,1,9,0,9,0,5,0,0,0,0,4,1,6,1,42,7,1995,2,8,8,2,8
2016460265491,2,3,0,18,0,1,0,0,0,0,1,1,6,1,16,4,-1,-1,-1,8,1,8
2016460265496,1,9,0,4,0,0,1,0,0,0,1,1,3,1,39,7,1910,2,9,5,1,5
2016460265496,2,9,0,18,0,0,0,0,0,0,1,1,6,2,50,8,1984,2,10,-1,-1,-1
2016460265498,1,9,0,9,0,8,0,0,0,0,1,1,2,1,22,5,1398,1,5,9,1,9
2016460265500,1,9,0,18,0,0,0,0,0,0,1,1,6,1,62,9,1598,1,12,-1,-1,-1
2016460265500,2,9,0,4,0,0,0,0,0,0,2,1,6,1,20,4,1390,1,15,-1,-1,-1
2016460265500,3,9,0,4,0,0,0,0,0,0,2,1,6,1,54,8,1395,1,1,-1,-1,-1
2016460265500,4,9,0,4,0,0,0,0,0,0,2,1,6,2,50,8,1968,2,2,-1,-1,-1
2016460265511,1,8,0,18,0,1,0,0,0,0,4,1,1,1,31,6,2402,2,10,3,1,3
2016460265516,1,9,0,18,0,0,0,0,1,0,1,1,2,1,51,8,1461,2,11,6,1,6
2016460265539,1,9,0,6,8,7,0,0,0,0,4,1,6,1,68,10,1998,1,12,-1,-1,-1
2016460265539,2,9,0,18,0,2,0,0,0,0,3,1,1,2,48,8,-1,-1,-1,-1,-1,-1
2016460265550,1,1,0,18,0,0,0,0,0,0,0,1,6,1,57,9,-1,-1,-1,7,1,7
2016460265554,1,9,0,18,0,0,5,0,5,6,3,1,6,1,24,5,1995,2,4,4,1,4
2016460265556,1,9,0,18,0,0,0,0,0,0,4,1,3,2,39,7,1999,1,12,2,1,2
2016460265561,1,9,0,9,0,6,0,0,0,0,1,1,6,2,43,7,1796,1,9,3,1,3
2016460265562,1,9,0,18,0,0,0,0,0,0,1,1,2,1,44,7,1242,1,10,7,1,7
2016460265562,2,21,1,2,0,0,0,0,0,0,2,1,1,1,28,6,15607,2,14,-1,-1,-1
2016460265563,1,19,0,12,0,0,0,0,0,0,0,1,1,1,27,6,2143,2,2,-1,-1,-1
2016460265563,2,9,0,18,0,0,1,0,0,0,2,1,2,2,58,9,1910,2,7,-1,-1,-1
2016460265563,3,9,0,18,0,0,1,0,0,0,1,1,2,1,29,6,1124,1,13,-1,-1,-1
2016460265564,1,9,0,18,0,0,1,0,0,0,1,1,6,1,63,9,1997,2,16,2,1,2
2016460265564,2,9,0,3,0,0,0,0,0,0,2,1,6,1,24,5,1360,1,5,1,1,1
2016460265565,1,19,0,9,0,6,0,0,0,0,3,1,1,1,45,7,2461,2,7,3,1,3
2016460265565,2,3,0,18,0,8,0,0,0,0,1,1,6,1,29,6,124,1,13,4,1,4
2016460265568,1,9,0,18,0,0,1,4,0,0,1,1,1,1,26,6,1598,1,13,8,1,8
2016460265568,2,9,0,2,9,0,0,0,0,0,2,1,6,1,-1,-1,1686,2,4,2,2,2
2016460265569,1,9,0,17,0,0,0,0,0,0,1,1,6,3,-1,-1,-1,-1,-1,-1,-1,-1
2016460265569,2,9,0,16,0,0,0,0,0,0,1,1,6,2,46,8,1149,1,10,9,2,9
2016460265570,1,9,0,4,0,1,0,0,0,0,1,1,1,1,74,10,1997,2,8,10,1,10
2016460265570,2,9,0,4,0,4,0,0,0,0,2,1,6,1,56,9,-1,-1,-1,10,1,10
2016460265572,1,9,0,7,0,5,0,0,0,0,1,1,6,1,42,7,-1,-1,-1,6,1,6
2016460265578,1,21,0,18,0,1,0,0,0,0,3,2,1,3,-1,-1,-1,-1,-1,-1,-1,-1
2016460265578,2,9,0,18,0,1,0,0,0,0,4,1,6,2,39,7,998,1,16,5,1,5
2016460265583,1,9,0,4,0,1,0,0,0,0,1,1,6,3,-1,-1,-1,-1,-1,-1,-1,-1
2016460265583,2,9,0,3,0,1,0,0,0,0,2,1,6,2,45,7,1968,2,7,8,2,8
2016460265587,1,9,0,9,0,5,0,0,0,0,1,1,6,2,34,6,1364,1,9,5,1,5
2016460265588,1,9,0,18,0,6,0,0,0,0,4,1,6,3,-1,-1,-1,-1,-1,-1,-1,-1
2016460265590,1,3,0,18,0,0,0,0,0,0,1,1,6,1,17,4,-1,-1,-1,3,2,3
2016460265590,2,8,0,18,0,0,0,0,0,0,4,1,1,1,46,8,1896,2,7,3,1,3
2016460265591,1,9,0,18,0,0,0,0,8,10,1,1,6,1,31,6,1398,2,14,-1,-1,-1
2016460265591,2,9,0,2,9,0,0,0,0,0,2,1,6,3,-1,-1,1596,1,10,-1,-1,-1
2016460265591,3,9,0,2,9,0,0,0,0,0,2,1,6,3,-1,-1,2967,2,10,-1,-1,-1
2016460265592,1,1,0,18,0,1,1,0,0,0,1,1,1,1,44,7,-1,-1,-1,10,3,10
2016460265592,2,9,0,9,0,1,0,0,0,0,2,1,1,2,24,5,1124,1,12,-1,-1,-1
2016460265595,1,9,0,18,9,1,0,0,0,0,1,1,1,1,55,8,1329,1,7,3,1,3
2016460265598,1,19,0,4,0,1,0,0,0,0,4,1,6,3,-1,-1,-1,-1,-1,-1,-1,-1
2016460265600,1,3,0,17,0,8,1,0,0,0,2,1,1,1,17,4,125,1,4,2,1,2
2016460265602,1,5,0,15,0,0,1,0,0,0,4,1,1,1,50,8,599,1,15,3,1,3
2016460265602,2,9,0,12,0,0,0,0,0,0,0,1,1,1,19,4,1242,1,7,2,1,2
2016460265604,1,9,0,11,0,5,0,7,1,7,1,1,1,1,49,8,1596,1,14,-1,-1,-1
2016460265606,1,9,0,16,0,0,5,0,1,0,1,1,6,1,25,5,998,1,17,8,2,8
2016460265611,1,5,0,4,0,1,1,0,0,0,1,1,1,1,26,6,600,1,2,2,1,2
2016460265611,2,9,0,4,0,1,0,0,0,0,2,1,1,1,22,5,1995,2,8,2,1,2
2016460265614,1,9,0,16,0,0,0,0,0,0,1,1,6,1,44,7,2495,2,14,8,3,8
2016460265614,2,9,0,17,0,0,0,0,1,9,1,1,6,1,63,9,1598,1,14,5,3,5
2016460265618,1,21,1,18,0,1,1,0,0,0,1,1,1,1,52,8,6692,2,5,2,1,2
2016460265618,2,9,0,10,0,1,0,0,0,0,2,1,6,2,45,7,1360,1,18,3,1,3
2016460265626,1,3,0,9,0,5,1,0,0,0,0,1,6,1,16,4,-1,-1,-1,6,1,6
2016460265632,1,9,0,18,0,2,0,0,0,0,1,1,1,3,-1,-1,-1,-1,-1,-1,-1,-1
2016460265635,1,9,0,18,0,1,0,0,0,0,1,1,1,2,47,8,1956,2,2,6,3,6
2016460265635,2,9,0,3,0,1,0,0,0,0,2,1,6,2,41,7,1968,2,2,10,2,10
2016460265635,3,9,0,10,0,1,0,0,0,0,2,1,6,1,17,4,1242,1,7,8,3,8
2016460265637,1,5,0,18,0,8,1,0,0,0,4,1,6,1,34,6,600,1,4,3,1,3
2016460265641,1,9,0,9,0,6,0,0,0,0,1,1,6,1,88,11,1368,1,9,5,3,5
2016460265641,2,3,0,18,0,1,0,0,7,1,1,1,1,1,28,6,125,1,2,2,1,2
2016460265644,1,9,0,18,0,1,0,0,0,0,1,1,6,3,-1,-1,1582,2,3,-1,-1,-1
2016460265644,2,9,0,4,0,1,0,0,0,0,2,1,6,2,17,4,1198,1,5,9,1,9
2016460265645,1,9,0,18,0,5,0,0,1,7,1,1,6,2,72,10,-1,-1,-1,8,1,8
2016460265646,1,9,0,9,0,6,0,0,0,0,1,1,6,3,-1,-1,-1,-1,-1,-1,-1,-1
2016460265646,2,1,0,18,0,1,0,0,1,0,1,1,6,1,45,7,-1,-1,-1,-1,-1,-1
2016460265647,1,9,0,18,0,0,0,0,0,0,3,1,6,1,58,9,1995,2,3,3,1,3
2016460265647,2,1,0,18,0,0,0,0,0,0,4,1,6,1,71,10,-1,-1,-1,9,1,9
2016460265648,1,9,0,7,0,1,0,0,0,0,1,1,6,1,85,11,1598,1,7,-1,-1,-1
2016460265651,1,9,0,18,0,0,0,0,0,0,0,1,6,1,20,4,1461,2,1,1,3,1
2016460265651,2,9,0,18,0,0,0,0,0,0,3,1,6,1,20,4,1242,1,1,10,1,10
2016460265652,1,9,0,7,0,2,0,0,0,0,1,1,2,1,27,6,-1,-1,-1,8,3,8
2016460265652,2,9,0,18,0,1,0,0,0,0,1,1,2,1,24,5,1600,1,12,-1,-1,-1
2016460265658,1,9,0,11,0,0,0,0,7,10,1,1,2,2,45,7,1149,1,8,7,1,7
2016460265658,2,19,0,18,0,0,0,0,0,0,1,1,6,1,53,8,2151,2,13,8,1,8
2016460265662,1,9,0,18,0,8,0,0,0,0,1,1,6,2,71,10,1968,2,7,6,3,6
2016460265662,2,9,0,9,0,8,0,0,1,0,3,1,6,1,40,7,-1,-1,-1,6,1,6
2016460265667,1,3,0,17,0,1,1,0,0,0,1,1,6,1,64,9,125,1,5,9,1,9
2016460265672,1,9,0,5,0,0,0,0,0,0,1,1,6,3,-1,-1,-1,-1,-1,-1,-1,-1
2016460265673,1,9,0,14,0,5,0,0,0,0,0,1,6,3,-1,-1,-1,-1,-1,-1,-1,-1
2016460265673,2,1,0,18,0,1,0,10,0,0,0,1,1,2,50,8,-1,-1,-1,5,1,5
2016460265678,1,19,0,4,0,0,1,0,0,0,2,1,6,3,-1,-1,-1,-1,-1,-1,-1,-1
2016460265678,2,9,0,18,0,0,1,0,0,0,1,1,6,1,17,4,1199,1,13,4,1,4
2016460265682,1,9,0,18,0,1,0,0,1,0,4,1,2,1,60,9,1988,1,14,6,3,6
2016460265682,2,21,0,18,0,1,0,0,1,0,1,1,1,1,48,8,6370,2,6,6,1,6
2016460265683,1,9,0,18,0,5,1,0,0,0,1,1,6,2,31,6,1598,1,18,-1,-1,-1
2016460265684,1,9,0,18,0,0,0,0,1,4,1,1,6,2,31,6,1299,1,13,6,3,6
2016460265685,1,9,0,5,0,6,0,0,0,0,4,1,6,2,78,11,2143,2,2,8,3,8
2016460265685,2,9,0,18,0,1,0,0,0,0,1,1,2,1,50,8,2143,2,3,9,2,9
2016460265685,3,9,0,3,0,1,0,0,0,0,3,1,1,2,28,6,1900,2,12,8,3,8
2016460265685,4,9,0,3,0,1,0,0,0,0,1,1,6,1,42,7,1995,2,6,10,2,10
2016460265686,1,9,0,18,0,0,0,0,0,0,1,1,6,1,46,8,1229,1,6,6,1,6
2016460265686,2,21,0,18,0,0,1,0,0,0,1,1,1,1,34,6,-1,2,13,1,1,1
2016460265687,1,9,0,9,0,1,0,0,0,0,4,1,1,1,36,7,1679,1,15,10,1,10
2016460265687,2,9,0,18,0,1,0,0,0,0,1,1,1,2,52,8,1798,1,4,7,3,7
2016460265695,1,9,0,18,0,4,0,0,0,0,3,1,1,1,31,6,1998,2,14,-1,-1,-1
2016460265695,2,9,0,9,0,3,0,0,0,0,4,1,1,1,63,9,-1,-1,-1,8,1,8
2016460265697,1,9,0,18,0,0,1,10,1,9,0,1,6,1,23,5,1900,2,18,-1,-1,-1
2016460265701,1,9,0,18,0,0,0,0,0,0,4,1,6,1,30,6,1997,2,15,3,1,3
2016460265703,1,9,0,15,0,0,0,0,0,0,1,1,2,1,29,6,1598,1,12,7,3,7
2016460265703,2,9,0,2,0,0,0,0,0,0,1,1,6,2,71,10,1995,2,5,6,3,6
2016460265706,1,9,0,9,0,6,0,0,0,0,1,1,6,3,-1,-1,-1,-1,-1,-1,-1,-1
2016460265706,2,9,0,18,0,8,0,0,0,0,1,1,6,1,73,10,1242,1,3,3,1,3
2016460265707,1,9,0,11,0,0,0,0,0,0,4,1,2,2,52,8,1560,2,3,5,1,5
2016460265707,2,5,0,18,0,0,0,0,0,0,3,1,2,1,23,5,649,1,1,7,3,7
2016460265708,1,19,0,7,0,5,0,0,1,6,4,1,1,1,25,5,-1,-1,-1,6,1,6
2016460265708,2,21,1,18,0,1,0,0,0,0,1,1,1,1,42,7,12419,2,3,4,1,4
2016460265716,1,9,0,18,0,1,0,0,1,0,1,1,6,1,34,6,1398,2,13,9,1,9
2016460265747,1,9,0,18,0,1,0,0,0,0,1,1,6,1,77,11,1329,1,6,10,3,10
2016460265749,1,9,0,18,0,0,5,0,0,0,1,1,6,3,-1,-1,-1,-1,-1,-1,-1,-1
2016460265749,2,9,0,18,0,0,5,0,1,0,4,1,2,1,59,9,1390,1,11,5,1,5
2016460265761,1,9,0,13,0,0,0,0,0,0,1,1,6,2,36,7,1997,2,14,-1,-1,-1
2016460265761,2,9,0,10,0,0,0,0,0,0,2,1,6,2,22,5,1596,1,9,3,1,3
2016460265771,1,9,0,18,0,0,0,0,0,0,1,1,6,2,42,7,1997,2,16,6,3,6
2016460265771,2,9,0,4,0,0,0,0,0,0,2,1,6,1,36,7,1796,1,9,9,1,9
2016460265773,1,9,0,18,0,1,0,0,7,10,1,1,6,1,30,6,1461,2,1,4,2,4
2016460265774,1,11,0,7,0,1,0,0,0,0,4,1,1,1,42,7,-1,-1,-1,7,1,7
2016460265776,1,19,0,5,0,0,0,0,0,0,3,1,6,3,-1,-1,2463,2,10,5,1,5
2016460265776,2,3,0,18,0,0,0,0,0,0,1,1,6,1,17,4,124,1,5,-1,-1,-1
2016460265780,1,9,0,9,0,2,0,0,0,0,1,1,6,1,87,11,2597,1,15,6,3,6
2016460265780,2,1,0,18,0,1,0,0,0,0,4,1,6,1,40,7,-1,-1,-1,9,1,9
2016460265782,1,9,0,4,0,0,0,0,0,0,1,1,6,2,34,6,1560,2,9,1,1,1
2016460265782,2,9,0,3,0,0,0,0,0,0,2,1,6,2,41,7,1600,1,17,1,1,1
2016460265782,3,9,0,3,0,0,0,0,0,0,2,1,6,2,45,7,1742,1,5,7,1,7
2016460265783,1,9,0,9,0,8,0,0,7,0,4,1,6,1,32,6,1997,2,8,8,2,8
2016460265783,2,9,0,18,0,1,0,0,0,0,1,1,6,1,33,6,1796,1,13,4,3,4
2016460265784,1,9,0,18,0,0,0,0,0,0,1,1,6,1,46,8,1999,1,13,-1,-1,-1
2016460265786,1,9,0,7,0,6,0,0,0,0,3,1,6,1,69,10,1999,1,9,4,3,4
2016460265786,2,9,0,18,0,1,0,0,0,0,1,1,2,1,43,7,1896,2,13,7,1,7
2016460265787,1,9,0,4,0,0,0,0,0,0,1,1,1,2,19,4,1229,1,3,-1,-1,-1
2016460265787,2,9,0,4,0,0,0,0,0,0,1,1,1,2,32,6,1198,1,3,8,3,8
2016460265787,3,9,0,4,0,0,0,0,0,0,2,1,1,2,21,5,1242,1,2,6,3,6
2016460265788,1,9,0,9,0,1,0,0,0,0,4,1,6,1,34,6,1995,2,16,5,2,5
2016460265788,2,5,0,18,0,1,0,0,0,0,1,1,6,1,22,5,883,1,7,3,1,3
2016460265790,1,19,0,9,0,6,0,0,0,0,1,1,6,1,51,8,1598,2,4,-1,-1,-1
2016460265790,2,9,0,18,0,8,0,0,0,0,1,1,6,1,57,9,1870,2,16,7,1,7
2016460265798,1,3,0,7,0,8,0,0,0,0,4,1,6,1,19,4,-1,-1,-1,4,1,4
2016460265799,1,9,0,18,0,0,0,0,7,0,1,1,1,2,43,7,1200,1,1,10,1,10
2016460265799,2,9,0,18,0,0,0,0,0,0,2,1,1,1,62,9,5998,1,1,8,3,8
2016460265803,1,9,0,9,0,6,0,0,0,0,2,1,6,1,56,9,1497,8,10,9,1,9
2016460265803,2,9,0,18,0,1,0,0,0,0,1,1,6,2,21,5,1299,1,15,-1,-1,-1
2016460265805,1,9,0,18,0,0,0,0,7,10,1,1,3,1,79,11,1796,1,15,10,1,10
2016460265808,1,9,0,9,0,6,1,0,0,0,1,1,6,2,41,7,-1,-1,-1,2,1,2
2016460265808,2,2,0,14,0,1,0,0,0,0,1,1,6,2,20,4,49,1,14,1,1,1
2016460265809,1,9,0,9,0,8,0,0,0,0,3,1,6,2,36,7,1461,2,2,9,1,9
2016460265809,2,5,0,13,0,1,0,0,0,0,1,1,6,1,46,8,-1,-1,-1,4,1,4
2016460265810,1,9,0,4,0,0,1,0,0,0,1,1,1,2,19,4,-1,-1,-1,3,2,3
2016460265810,2,9,0,4,0,0,0,0,0,0,2,1,1,2,27,6,1229,1,4,5,3,5
2016460265812,1,9,0,18,0,1,0,0,0,0,4,1,6,3,-1,-1,1968,2,11,10,1,10
2016460265812,2,1,0,18,0,1,0,0,0,0,3,1,6,1,39,7,-1,-1,-1,10,1,10
2016460265819,1,1,0,18,0,6,0,0,0,0,3,1,6,2,30,6,-1,-1,-1,6,1,6
2016460265819,2,9,0,18,0,3,0,0,0,0,1,1,6,3,-1,-1,-1,-1,-1,-1,-1,-1
2016460265825,1,9,0,4,0,1,0,0,0,0,1,1,6,3,-1,-1,1598,1,14,-1,-1,-1
2016460265825,2,4,0,3,0,1,0,0,0,0,2,1,6,1,24,5,124,1,9,4,3,4
2016460265826,1,9,0,18,0,0,1,0,1,4,4,1,6,2,18,4,1124,1,14,-1,-1,-1
2016460265828,1,9,0,18,0,6,0,0,0,0,4,1,6,2,40,7,1248,1,7,8,3,8
2016460265828,2,19,0,2,0,1,0,0,0,0,3,1,6,1,42,7,-1,-1,-1,8,2,8
2016460265837,1,9,0,18,0,1,0,0,0,0,1,1,2,1,58,9,1999,1,15,4,1,4
2016460265837,2,9,0,18,0,1,0,0,0,0,2,1,1,2,46,8,1956,2,5,1,1,1
2016460265838,1,9,0,18,0,1,0,0,0,0,3,1,6,3,-1,-1,-1,-1,-1,-1,-1,-1
2016460265838,2,9,0,5,0,2,0,0,0,0,3,1,6,2,26,6,1686,2,9,6,1,6
2016460265840,1,9,0,9,0,2,0,0,0,0,1,1,6,1,43,7,1594,1,7,7,1,7
2016460265840,2,5,0,18,0,1,0,0,0,0,2,1,1,2,24,5,649,1,2,6,1,6
2016460265841,1,9,0,17,0,0,2,0,8,10,1,1,1,1,58,9,1560,2,7,6,3,6
2016460265843,1,9,0,18,0,0,0,0,0,0,4,1,1,2,54,8,998,1,4,4,3,4
2016460265844,1,19,0,18,0,0,0,0,0,0,1,1,6,1,28,6,1399,2,5,4,3,4
2016460265844,2,9,0,18,0,0,0,0,1,0,2,1,6,2,52,8,1198,1,1,-1,-1,-1
2016460265845,1,9,0,18,0,8,0,0,0,0,4,1,6,1,19,4,1396,1,16,1,1,1
2016460265845,2,9,0,5,0,4,0,0,0,0,3,1,6,1,20,4,1998,1,12,8,1,8
2016460265846,1,9,0,1,9,1,0,0,0,0,3,1,6,2,50,8,1299,1,9,-1,-1,-1
2016460265847,1,9,0,9,0,6,0,0,0,0,1,1,6,1,89,11,1124,1,15,1,1,1
2016460265851,1,9,0,18,0,0,0,0,0,0,1,1,6,1,25,5,1391,1,16,4,1,4
2016460265851,2,9,0,18,0,0,0,0,0,0,1,1,6,1,31,6,1994,1,15,5,1,5
2016460265853,1,9,0,9,0,6,0,0,0,0,1,1,6,2,65,9,1956,2,5,7,3,7
2016460265853,2,9,0,18,0,1,1,0,0,0,1,1,2,1,21,5,-1,-1,-1,9,2,9
2016460265854,1,9,0,18,0,0,2,0,7,4,4,1,6,1,21,5,1596,1,11,2,1,2