Accident_Index,Vehicle_Reference,Vehicle_Type,Towing_and_Articulation,Vehicle_Manoeuvre,Vehicle_Location-Restricted_Lane,Junction_Location,Skidding_and_Overturning,Hit_Object_in_Carriageway,Vehicle_Leaving_Carriageway,Hit_Object_off_Carriageway,1st_Point_of_Impact,Was_Vehicle_Left_Hand_Drive?,Journey_Purpose_of_Driver,Sex_of_Driver,Age_of_Driver,Age_Band_of_Driver,Engine_Capacity_(CC),Propulsion_Code,Age_of_Vehicle,Driver_IMD_Decile,Driver_Home_Area_Type,Vehicle_IMD_Decile
2016460265856,1,9,0,18,0,0,0,0,0,0,1,1,6,2,24,5,1242,1,17,7,2,7
2016460265856,2,9,0,3,0,0,0,0,0,0,2,1,1,1,50,8,1870,2,14,4,1,4
2016460265859,1,9,0,18,0,0,1,0,7,3,3,1,6,1,85,11,-1,-1,-1,6,3,6
2016460265862,1,9,0,18,0,0,1,0,0,0,1,1,6,1,24,5,1598,1,13,4,1,4
2016460265862,2,9,0,3,0,0,0,0,0,0,2,1,6,1,49,8,1995,2,2,7,1,7
2016460265863,1,9,0,18,0,1,0,0,0,0,4,1,1,3,-1,-1,-1,-1,-1,-1,-1,-1
2016460265864,1,9,0,9,0,6,0,0,0,0,1,1,6,1,53,8,1368,1,2,5,3,5
2016460265864,2,5,0,18,0,1,0,0,1,1,1,1,6,1,27,6,998,1,9,5,1,5
2016460265868,1,9,0,7,0,4,0,0,0,0,1,1,6,1,-1,-1,1956,2,3,9,1,9
2016460265868,2,9,0,18,0,3,0,0,0,0,2,1,1,2,44,7,1242,1,11,2,1,2
2016460265869,1,9,0,18,0,0,0,0,7,4,3,1,2,2,32,6,2993,2,3,10,3,10
2016460265869,2,9,0,18,0,0,0,0,1,4,3,1,2,2,19,4,1242,1,9,9,2,9
2016460265872,1,9,0,16,0,0,1,0,0,0,1,1,2,1,34,6,1242,1,15,8,1,8
2016460265872,2,9,0,3,0,0,0,0,0,0,2,1,2,2,60,9,1968,2,4,-1,-1,-1
2016460265873,1,9,0,16,0,0,1,0,1,4,1,1,6,1,60,9,1388,1,7,7,3,7
2016460265873,2,9,0,17,0,0,2,0,1,4,1,1,6,1,24,5,1997,2,4,10,1,10
2016460265880,1,9,0,17,0,0,1,0,7,0,1,1,2,2,32,6,1598,1,15,9,1,9
2016460265881,1,9,0,7,0,6,0,0,0,0,3,1,6,1,70,10,1598,1,13,9,1,9
2016460265881,2,9,0,18,0,1,0,0,0,0,4,1,2,1,44,7,1995,2,5,8,1,8
2016460265886,1,9,0,18,0,6,0,0,7,0,4,1,6,2,29,6,973,1,13,3,1,3
2016460265886,2,10,0,18,0,8,0,0,7,0,1,1,6,2,67,10,1998,2,13,6,1,6
2016460265887,1,9,0,18,0,0,1,0,8,6,1,1,6,1,51,8,-1,-1,-1,6,1,6
2016460265887,2,9,0,3,0,0,0,0,0,0,2,1,6,1,68,10,2179,2,5,9,2,9
2016460265887,3,9,0,3,0,0,0,0,0,0,2,1,6,2,36,7,1200,1,1,1,3,1
2016460265888,1,9,0,9,0,5,0,0,0,0,1,1,6,1,50,8,1395,1,1,8,2,8
2016460265888,2,4,0,18,0,8,0,0,0,0,3,1,6,1,23,5,124,1,1,-1,-1,-1
2016460265889,1,11,0,18,0,0,0,0,0,0,0,1,1,3,-1,-1,-1,-1,-1,-1,-1,-1
2016460265889,2,11,0,18,0,0,0,0,0,0,0,1,1,3,-1,-1,-1,-1,-1,-1,-1,-1
2016460265890,1,9,0,9,0,5,0,0,0,0,1,1,6,1,46,8,1997,1,4,5,1,5
2016460265890,2,4,0,18,0,1,0,0,0,0,1,1,6,1,68,10,399,1,9,4,1,4
2016460265891,1,1,0,12,0,0,0,0,0,0,3,1,6,3,-1,-1,-1,-1,-1,-1,-1,-1
2016460265891,2,9,0,18,0,0,0,0,0,0,4,1,1,1,49,8,2099,1,13,1,1,1
2016460265892,1,9,0,18,0,4,0,0,0,0,1,1,6,1,39,7,1598,1,14,2,1,2
2016460265892,2,1,0,18,0,8,0,0,0,0,1,1,6,1,25,5,-1,-1,-1,7,1,7
2016460265894,1,9,0,18,0,0,0,0,0,0,1,1,1,2,21,5,-1,-1,-1,4,1,4
2016460265894,2,9,0,18,0,0,0,0,0,0,1,1,1,2,36,7,1598,1,10,3,1,3
2016460265896,1,9,0,18,0,4,0,10,3,1,1,1,2,1,52,8,-1,-1,-1,-1,-1,-1
2016460265897,1,9,0,4,0,0,0,0,0,0,4,1,6,2,41,7,1360,1,10,8,2,8
2016460265903,1,9,0,5,0,2,0,0,0,0,1,1,3,1,18,4,1149,1,13,4,1,4
2016460265905,1,4,0,5,0,0,0,0,0,0,1,1,1,1,15,3,-1,-1,-1,1,1,1
2016460265905,2,9,0,18,0,0,0,0,0,0,3,1,6,1,42,7,-1,-1,-1,2,1,2
2016460265906,1,9,0,18,0,1,0,0,0,0,1,1,6,1,24,5,1360,1,9,5,1,5
2016460265906,2,9,0,3,0,1,0,0,0,0,2,1,2,2,56,9,973,1,13,5,1,5
2016460265909,1,9,0,18,0,8,0,0,0,0,3,1,6,2,45,7,1399,2,4,8,1,8
2016460265909,2,9,0,18,0,8,0,0,0,0,3,1,2,2,55,8,-1,-1,-1,-1,-1,-1
2016460265910,1,9,0,18,0,1,0,0,0,0,1,1,2,2,47,8,1560,2,6,9,2,9
2016460265910,2,9,0,4,0,1,0,0,0,0,2,1,6,2,34,6,1596,1,12,9,2,9
2016460265913,1,9,0,18,0,2,0,0,0,0,1,1,6,3,-1,-1,-1,-1,-1,-1,-1,-1
2016460265918,1,9,0,9,0,6,0,0,1,0,3,1,6,2,46,8,1896,2,9,7,3,7
2016460265918,2,19,0,18,0,8,0,0,0,0,1,1,1,1,23,5,1753,2,14,9,3,9
2016460265923,1,9,0,17,0,0,1,0,0,0,3,1,1,1,31,6,1781,1,17,9,1,9
2016460265923,2,9,0,16,0,0,0,0,0,0,1,1,2,2,51,8,1086,1,7,10,1,10
2016460265924,1,9,0,16,0,0,0,0,8,4,1,1,6,1,18,4,-1,-1,-1,10,1,10
2016460265928,1,9,0,11,0,8,5,0,0,0,4,1,6,2,19,4,998,1,6,-1,-1,-1
2016460265928,2,9,0,18,0,8,0,0,0,0,3,1,6,2,54,8,1198,1,9,8,3,8
2016460265930,1,9,0,18,0,0,0,0,0,0,1,1,6,1,34,6,2967,2,4,4,1,4
2016460265932,1,9,0,5,0,5,0,0,0,0,1,1,6,1,30,6,1598,2,5,2,1,2
2016460265934,1,9,0,18,0,0,0,0,0,0,1,1,2,2,42,7,2231,2,1,4,1,4
2016460265935,1,9,0,18,0,3,0,0,0,0,1,1,6,2,24,5,1388,1,12,-1,-1,-1
2016460265935,2,9,0,4,0,3,0,0,0,0,2,1,6,1,21,5,1149,1,12,-1,-1,-1
2016460265935,3,9,0,4,0,1,0,0,0,0,3,1,6,1,53,8,1395,1,1,-1,-1,-1
2016460265937,1,9,0,13,0,0,1,10,8,10,1,1,2,1,24,5,1242,1,11,4,1,4
2016460265937,2,9,0,18,0,0,0,0,0,0,0,1,6,3,-1,-1,-1,-1,-1,-1,-1,-1
2016460265938,1,9,0,18,0,2,0,0,0,0,1,1,2,2,37,7,1329,1,6,-1,-1,-1
2016460265947,1,9,0,18,0,0,0,0,0,0,1,1,6,3,-1,-1,-1,-1,-1,-1,-1,-1
2016460265969,1,9,0,18,0,1,0,0,0,0,1,1,6,1,30,6,-1,-1,-1,1,1,1
2016460265969,2,9,0,3,0,1,0,0,0,0,2,1,6,1,34,6,1360,7,9,7,1,7
2016460265971,1,9,0,9,0,6,0,0,0,0,1,1,2,1,24,5,1497,1,15,-1,-1,-1
2016460265971,2,9,0,18,0,1,0,0,0,0,4,1,1,1,21,5,-1,-1,-1,-1,-1,-1
2016460265973,1,9,0,18,0,1,0,0,0,0,1,1,6,1,31,6,2000,1,9,-1,-1,-1
2016460265973,2,9,0,3,0,1,0,0,0,0,2,1,6,1,30,6,1560,2,2,-1,-1,-1
2016460265973,3,9,0,10,0,1,0,0,0,0,2,1,6,2,72,10,1242,1,7,-1,-1,-1
2016460265980,1,9,0,13,0,1,0,0,0,0,1,1,6,1,78,11,1499,1,1,10,1,10
2016460265980,2,20,0,9,0,5,0,0,0,0,3,1,1,1,57,9,-1,-1,-1,9,1,9
2016460265983,1,9,0,18,0,0,1,0,8,9,1,1,6,1,35,6,1595,1,17,9,3,9
2016460265984,1,9,0,9,0,6,0,0,0,0,1,1,6,1,43,7,2967,2,3,10,3,10
2016460265984,2,9,0,18,0,1,0,0,0,0,1,1,6,2,20,4,995,1,9,7,1,7
2016460265987,1,9,0,18,0,0,0,0,0,0,0,1,6,3,-1,-1,-1,-1,-1,-1,-1,-1
2016460265987,2,9,0,18,0,0,0,0,4,0,1,1,6,2,25,5,1299,1,14,4,1,4
2016460266003,1,9,0,18,0,1,0,0,0,0,1,1,6,3,-1,-1,-1,-1,-1,-1,-1,-1
2016460266006,1,9,0,18,0,8,1,0,0,0,3,1,2,1,24,5,-1,-1,-1,3,1,3
2016460266008,1,9,0,9,0,8,0,0,0,0,3,1,1,2,40,7,998,1,2,7,1,7
2016460266008,2,9,0,18,0,1,0,0,0,0,1,1,6,1,30,6,1560,2,3,2,1,2
2016460266010,1,9,0,9,0,5,1,0,0,0,1,1,6,2,24,5,1796,1,13,8,1,8
2016460266010,2,9,0,18,0,1,1,0,0,0,1,1,6,1,66,10,1968,2,3,10,3,10
2016460266010,3,9,0,10,0,1,0,0,0,0,4,1,6,2,39,7,1598,1,8,4,2,4
2016460266016,1,9,0,9,0,5,0,0,0,0,1,1,1,1,28,6,-1,-1,-1,6,2,6
2016460266016,2,1,0,18,0,1,0,0,0,0,1,1,6,2,35,6,-1,-1,-1,1,1,1
2016460266017,1,9,0,18,0,0,2,0,7,9,0,1,6,1,17,4,973,1,14,6,3,6
2016460266018,1,9,0,17,0,0,5,0,0,0,1,1,6,1,19,4,1397,1,9,9,2,9
2016460266020,1,9,0,18,0,8,5,0,8,2,1,1,2,1,22,5,-1,-1,-1,-1,-1,-1
2016460266026,1,9,0,18,0,6,0,0,0,0,1,1,3,2,42,7,1686,2,11,-1,-1,-1
2016460266026,2,9,0,3,0,6,0,0,0,0,2,1,3,2,46,8,1997,2,6,-1,-1,-1
2016460266026,3,9,0,3,0,6,0,0,0,0,2,1,3,2,37,7,1390,1,11,-1,-1,-1
2016460266027,1,3,0,18,0,1,0,0,0,0,1,1,6,1,16,4,125,1,1,-1,-1,-1
2016460266027,2,9,0,2,0,1,0,0,0,0,2,1,6,3,-1,-1,-1,-1,-1,-1,-1,-1
2016460266028,1,9,0,9,0,1,0,0,0,0,1,1,6,1,43,7,1896,2,8,1,1,1
2016460266028,2,9,0,18,0,1,0,0,0,0,1,1,6,2,18,4,1198,1,3,6,1,6
2016460266029,1,9,0,18,0,0,0,0,0,0,4,1,6,3,-1,-1,-1,-1,-1,-1,-1,-1
2016460266030,1,9,0,18,0,0,0,0,0,0,1,1,6,1,-1,-1,-1,-1,-1,-1,-1,-1
2016460266030,2,9,0,3,0,0,0,0,0,0,2,1,6,2,23,5,1242,1,4,5,3,5
2016460266034,1,1,0,18,0,0,0,0,0,0,3,1,2,2,20,4,-1,-1,-1,-1,-1,-1
2016460266034,2,1,0,18,0,0,0,0,0,0,1,1,2,1,64,9,-1,-1,-1,6,3,6
2016460266035,1,9,0,18,0,3,0,0,0,0,1,1,6,1,25,5,1968,2,11,4,1,4
2016460266035,2,9,0,18,0,4,0,0,0,0,1,1,6,1,39,7,1948,1,14,8,1,8
2016460266036,1,9,0,9,0,8,0,0,0,0,4,1,1,2,50,8,1956,2,5,3,1,3
2016460266036,2,4,0,18,0,8,0,0,0,0,1,1,1,1,41,7,124,1,3,2,1,2
2016460266038,1,9,0,16,0,1,0,0,7,4,1,1,6,1,30,6,1399,2,9,1,1,1
2016460266040,1,4,0,16,0,0,1,0,0,0,1,1,1,1,54,8,-1,-1,-1,7,3,7
2016460266042,1,1,0,18,0,0,0,0,0,0,1,1,6,1,27,6,-1,-1,-1,6,1,6
2016460266042,2,9,0,18,0,0,0,0,0,0,4,1,6,2,23,5,1390,1,11,7,1,7
2016460266050,1,9,0,16,0,0,1,0,7,4,1,1,1,1,19,4,1124,1,15,6,1,6
2016460266055,1,19,0,18,0,1,0,0,0,0,1,1,6,1,52,8,1686,2,7,5,1,5
2016460266055,2,9,0,18,0,1,0,0,0,0,2,1,1,1,32,6,1753,2,9,1,2,1
2016460266056,1,9,0,18,0,0,0,0,0,0,1,1,6,2,22,5,1229,1,2,-1,-1,-1
2016460266056,2,9,0,18,0,0,0,0,0,0,2,1,6,1,31,6,1998,1,12,-1,-1,-1
2016460266057,1,21,1,18,0,0,0,0,1,0,1,2,1,1,32,6,-1,-1,-1,-1,-1,-1
2016460266057,2,9,0,18,0,0,1,0,1,0,4,1,2,1,28,6,1995,2,6,4,1,4
2016460266059,1,21,0,12,0,0,0,0,0,0,3,2,1,1,44,7,-1,-1,-1,-1,-1,-1
2016460266059,2,9,0,18,0,0,0,0,1,7,4,1,2,2,56,9,1360,1,11,-1,-1,-1
2016460266060,1,9,0,5,0,4,0,0,0,0,0,1,6,3,-1,-1,-1,-1,-1,-1,-1,-1
2016460266060,2,4,0,18,0,8,0,0,0,0,0,1,2,1,21,5,125,1,1,5,2,5
2016460266061,1,9,0,18,0,0,1,0,0,0,1,1,6,1,28,6,1388,1,14,3,1,3
2016460266061,2,9,0,18,0,0,0,0,0,0,2,1,6,1,38,7,1797,8,7,9,2,9
2016460266061,3,19,0,18,0,0,0,0,0,0,2,1,6,1,17,4,2198,2,1,2,3,2
2016460266061,4,9,0,18,0,0,0,0,0,0,2,1,6,1,53,8,1968,2,1,8,1,8
2016460266062,1,9,0,18,0,0,0,0,1,0,3,1,6,1,29,6,1390,1,17,1,1,1
2016460266062,2,9,0,18,0,0,0,0,0,0,4,1,1,1,41,7,2993,2,2,3,1,3
2016460266062,3,9,0,18,0,0,0,0,0,0,2,1,1,1,49,8,1587,1,10,1,1,1
2016460266063,1,9,0,18,0,8,1,0,0,0,1,1,2,1,31,6,-1,-1,-1,1,1,1
2016460266063,2,9,0,10,0,8,0,0,0,0,2,1,6,1,69,10,2148,2,8,2,2,2
2016460266065,1,9,0,4,0,0,0,0,0,0,2,1,6,1,53,8,-1,-1,-1,-1,-1,-1
2016460266065,2,9,0,4,0,0,1,0,0,0,1,1,6,1,22,5,1796,1,14,5,2,5
2016460266065,3,9,0,4,0,0,0,0,0,0,2,1,6,1,56,9,2685,2,12,2,1,2
2016460266065,4,9,0,4,0,0,0,0,0,0,2,1,6,1,30,6,1995,2,4,7,2,7
2016460266068,1,9,0,7,0,6,0,0,0,0,2,1,1,1,25,5,1124,1,15,4,1,4
2016460266068,2,9,0,18,0,1,0,0,0,0,1,1,2,2,55,8,4398,1,13,8,1,8
2016460266069,1,9,0,18,0,0,0,0,0,0,1,1,6,2,62,9,-1,-1,-1,8,3,8
2016460266069,2,9,0,18,0,0,0,0,0,0,2,1,6,2,47,8,1339,1,10,7,3,7
2016460266069,3,9,0,18,0,0,0,0,0,0,2,1,6,1,36,7,-1,-1,-1,-1,-1,-1
2016460266071,1,9,0,17,0,0,0,0,1,4,1,1,6,1,21,5,1124,1,13,6,1,6
2016460266077,1,9,0,11,0,1,0,0,0,0,1,1,6,1,62,9,2148,2,8,10,1,10
2016460266077,2,9,0,4,0,1,0,0,0,0,2,1,2,1,23,5,1461,2,2,9,1,9
2016460266077,3,9,0,4,0,1,0,0,0,0,2,1,2,1,33,6,1956,2,5,2,1,2
2016460266079,1,9,0,7,0,5,0,0,3,10,1,1,6,2,65,9,1995,2,5,10,2,10
2016460266090,1,9,0,18,0,1,0,0,0,0,4,1,6,2,31,6,1390,1,5,9,2,9
2016460266090,2,1,0,18,0,6,0,0,0,0,1,1,6,1,7,2,-1,-1,-1,1,1,1
2016460266091,1,9,0,9,0,8,0,0,0,0,4,1,6,2,29,6,1199,1,15,-1,-1,-1
2016460266091,2,2,0,18,0,8,0,0,0,0,1,1,6,1,16,4,49,1,9,3,1,3
2016460266092,1,9,0,18,0,0,5,4,0,0,1,1,6,2,55,8,1560,2,10,-1,-1,-1
2016460266092,2,9,0,2,0,0,0,0,0,0,2,1,6,1,30,6,-1,-1,-1,7,2,7
2016460266093,1,9,0,9,0,8,0,0,0,0,4,1,2,1,26,6,1796,1,14,-1,-1,-1
2016460266093,2,9,0,18,0,4,0,0,0,0,3,1,2,2,54,8,1598,1,8,-1,-1,-1
2016460266095,1,9,0,18,0,0,0,0,0,0,1,1,6,1,75,10,899,1,2,-1,-1,-1
2016460266099,1,9,0,18,0,0,0,0,1,10,2,1,2,1,32,6,1242,1,14,2,1,2
2016460266099,2,21,0,18,0,0,0,0,0,0,1,1,1,1,33,6,-1,-1,-1,-1,-1,-1
2016460266100,1,9,0,18,0,1,0,0,0,0,1,1,2,1,29,6,1598,1,4,5,1,5
2016460266100,2,9,0,18,0,1,0,0,0,0,1,1,3,2,53,8,1598,1,16,6,3,6
2016460266100,3,9,0,18,0,1,0,0,0,0,1,1,3,2,30,6,1598,7,12,8,1,8
2016460266100,4,9,0,2,0,1,0,0,0,0,1,1,3,1,30,6,2148,2,14,5,1,5
2016460266103,1,3,0,18,0,4,0,10,1,0,3,1,6,1,20,4,124,1,2,-1,-1,-1
2016460266104,1,9,0,18,0,3,0,0,0,0,1,1,6,1,23,5,1968,2,10,6,1,6
2016460266104,2,9,0,4,0,3,0,0,0,0,2,1,6,1,41,7,1968,2,2,8,1,8
2016460266106,1,9,0,18,0,0,1,0,1,9,3,1,2,1,25,5,2000,1,8,7,1,7
2016460266107,1,9,0,16,0,0,1,0,0,0,1,1,6,1,38,7,1389,1,12,3,1,3
2016460266107,2,19,0,17,0,0,1,0,0,0,1,1,6,1,53,8,-1,-1,-1,2,1,2
2016460266108,1,9,0,18,0,8,0,0,0,0,1,1,6,2,55,8,1995,2,2,6,1,6
2016460266108,2,3,0,18,0,8,0,0,0,0,1,1,6,1,22,5,-1,-1,-1,3,1,3
2016460266111,1,21,1,18,0,0,0,0,0,0,1,2,1,1,54,8,-1,-1,-1,-1,-1,-1
2016460266111,2,9,0,3,0,0,0,0,0,0,2,1,6,1,27,6,1388,1,13,4,3,4
2016460266111,3,20,0,3,0,0,0,0,0,0,2,1,1,1,57,9,3920,2,8,3,1,3
2016460266127,1,9,0,18,0,1,0,0,0,0,1,1,6,1,24,5,1242,1,9,8,1,8
2016460266127,2,9,0,4,0,1,0,0,0,0,2,1,6,1,40,7,1197,1,3,8,1,8
2016460266128,1,9,0,9,0,6,0,0,0,0,3,1,6,2,65,9,1997,1,6,8,3,8
2016460266128,2,9,0,18,0,1,0,0,0,0,1,1,6,2,20,4,1395,1,1,6,1,6
2016460266129,1,9,0,17,0,0,1,0,1,0,1,1,6,1,44,7,1149,1,10,7,3,7
2016460266130,1,9,0,4,0,1,1,0,0,0,1,1,2,2,45,7,-1,-1,-1,9,2,9
2016460266130,2,9,0,4,0,1,0,0,0,0,2,1,6,1,78,11,1968,2,7,-1,-1,-1
2016460266130,3,9,0,4,0,1,0,0,0,0,2,1,6,2,51,8,1910,2,8,-1,-1,-1
2016460266148,1,9,0,5,0,4,0,0,0,0,1,1,2,1,61,9,1995,2,6,5,1,5
2016460266148,2,9,0,5,0,4,0,0,0,0,2,1,1,1,44,7,-1,-1,-1,-1,-1,-1
2016460266149,1,19,0,4,0,0,0,0,0,0,1,1,1,1,34,6,2287,2,3,7,1,7
2016460266149,2,9,0,4,0,0,0,0,0,0,2,1,1,2,19,4,-1,-1,-1,3,1,3
2016460266149,3,9,0,4,0,0,0,0,0,0,2,1,6,2,56,9,-1,-1,-1,-1,-1,-1
2016460266149,4,9,0,3,0,0,0,0,0,0,2,1,6,2,53,8,1968,2,2,10,1,10
2016460266150,1,9,0,9,0,1,0,0,0,0,1,1,3,2,28,6,1360,1,9,8,1,8
2016460266150,2,1,0,5,0,8,0,0,0,0,3,1,4,1,13,3,-1,-1,-1,-1,-1,-1
2016460266152,1,9,0,5,0,6,0,0,0,0,1,1,6,1,35,6,1461,2,2,-1,-1,-1
2016460266152,2,9,0,18,0,8,0,0,0,0,4,1,6,2,44,7,1390,1,5,-1,-1,-1
2016460266167,1,9,0,16,0,0,1,0,7,4,4,1,2,1,50,8,-1,-1,-1,-1,-1,-1
2016460266167,2,9,0,17,0,0,0,0,0,0,1,1,2,1,50,8,1198,1,2,7,3,7
201646T046125,1,9,0,16,0,0,1,6,1,4,1,1,2,1,22,5,-1,-1,-1,3,1,3
201646T050416,1,9,0,18,0,0,0,0,0,0,4,1,5,2,59,9,1598,1,8,9,1,9
201646T050416,2,9,0,18,0,0,1,0,0,0,1,1,6,2,33,6,1769,1,12,5,1,5
201646T050416,3,9,4,18,0,0,0,0,0,0,1,1,6,1,-1,-1,-1,-1,-1,-1,-1,-1
2016471600009,1,3,0,15,0,1,1,0,0,0,0,1,6,1,53,8,124,1,15,7,1,7
2016471600009,2,9,0,15,0,1,0,0,0,0,0,1,6,1,39,7,1896,2,14,9,2,9
2016471600009,3,9,0,10,0,2,0,0,0,0,0,1,6,1,20,4,-1,-1,-1,-1,-1,-1
2016471600013,1,9,0,9,0,8,0,0,0,0,1,1,6,1,36,7,1398,1,1,9,1,9
2016471600013,2,1,0,18,0,8,0,0,0,0,3,1,6,1,39,7,-1,-1,-1,4,1,4
2016471600027,1,9,0,9,0,1,0,0,0,0,3,1,6,1,71,10,1587,1,9,8,3,8
2016471600031,1,9,0,16,0,0,2,0,0,0,1,1,6,1,29,6,2198,1,11,5,1,5
2016471600034,1,9,0,18,0,0,5,0,1,10,1,1,6,1,42,7,1997,2,13,6,2,6
2016471600037,1,9,0,18,0,2,0,0,0,0,3,1,2,1,57,9,1999,1,14,3,1,3
2016471600038,1,9,0,18,0,0,0,0,1,4,1,1,6,2,24,5,1598,1,13,1,1,1
2016471600038,2,9,0,18,0,0,0,0,0,0,0,1,1,1,38,7,2993,2,3,6,1,6
2016471600040,1,11,0,5,8,0,0,0,0,4,4,1,6,1,45,7,9000,2,9,2,1,2
2016471600046,1,19,0,2,0,2,0,0,0,0,0,1,1,1,59,9,2198,2,3,10,1,10
2016471600046,2,9,0,9,0,6,0,0,0,0,1,1,6,2,89,11,1339,1,7,10,1,10
2016471600046,3,9,0,18,0,1,0,0,0,0,4,1,1,2,36,7,1995,2,5,8,1,8
2016471600047,1,9,0,2,0,1,0,0,0,0,3,1,6,1,30,6,1988,1,12,10,1,10
2016471600047,2,1,0,18,0,1,0,0,0,0,1,1,6,1,58,9,-1,-1,-1,3,1,3
2016471600061,1,9,0,9,0,1,0,0,0,0,1,1,6,1,70,10,1339,1,12,7,1,7
2016471600061,2,1,0,18,0,1,0,0,0,0,3,1,1,1,37,7,-1,-1,-1,2,1,2
2016471600063,1,9,0,9,0,6,0,0,0,0,1,1,6,1,27,6,-1,-1,-1,8,1,8
2016471600063,2,9,0,18,0,1,0,0,0,0,1,1,6,1,57,9,2149,2,9,8,1,8
2016471600064,1,9,0,18,0,4,0,0,0,0,1,1,1,1,35,6,-1,-1,-1,2,1,2
2016471600064,2,3,0,18,0,4,0,0,0,0,2,1,6,1,21,5,124,1,3,8,1,8
2016471600066,1,9,0,5,0,6,0,0,0,0,1,1,6,1,55,8,2401,2,11,5,1,5
2016471600066,2,1,0,18,0,1,0,0,0,0,3,1,6,1,36,7,-1,-1,-1,3,1,3
2016471600075,1,1,0,18,0,1,0,0,7,0,1,1,6,1,21,5,-1,-1,-1,1,1,1
2016471600075,2,9,0,9,0,8,0,0,0,0,3,1,6,1,33,6,1999,1,1,7,1,7
2016471600076,1,9,0,18,0,0,1,0,0,0,4,1,2,1,35,6,1339,1,7,4,1,4
2016471600077,1,9,0,6,0,1,0,0,0,0,3,1,6,2,29,6,1198,1,5,6,1,6
2016471600077,2,2,0,18,0,1,0,0,0,0,1,1,1,1,20,4,125,1,13,5,1,5
2016471600078,1,9,0,17,0,0,0,0,0,4,4,1,6,1,26,6,2993,2,9,5,1,5
2016471600081,1,9,0,18,0,8,0,0,1,1,1,1,1,1,17,4,1598,1,8,10,1,10
2016471600083,1,9,0,18,0,8,0,0,0,0,1,1,2,1,38,7,998,1,9,5,1,5
2016471600083,2,3,0,9,0,8,0,0,0,0,4,1,2,1,17,4,125,1,11,10,2,10
2016471600086,1,9,0,9,0,8,0,0,0,0,3,1,2,1,25,5,-1,-1,-1,4,1,4
2016471600086,2,1,0,18,0,8,0,0,0,0,4,1,1,1,33,6,-1,-1,-1,4,1,4
2016471600087,1,8,0,3,0,4,0,0,0,0,1,1,1,1,41,7,1896,2,10,4,1,4
2016471600087,2,9,0,3,0,4,0,0,0,0,2,1,2,1,34,6,998,1,19,5,1,5
2016471600089,1,9,0,18,0,1,0,0,0,0,1,1,1,1,48,8,-1,-1,-1,9,1,9
2016471600089,2,9,0,18,0,1,0,0,0,0,2,1,6,1,18,4,1995,2,14,2,1,2
2016471600089,3,9,0,10,0,1,0,0,0,0,2,1,6,1,52,8,2976,1,14,6,1,6
2016471600091,1,9,0,18,0,0,0,0,0,0,4,1,6,3,40,7,-1,-1,-1,-1,-1,-1
2016471600096,1,9,0,9,0,8,0,0,0,0,1,1,6,2,52,8,1360,1,9,8,3,8
2016471600096,2,9,0,18,0,1,0,0,0,0,4,1,6,1,68,10,1339,1,2,4,3,4
2016471600097,1,1,0,4,0,1,0,0,0,0,1,1,6,1,64,9,-1,-1,-1,4,1,4
2016471600097,2,9,0,2,0,1,0,0,0,0,1,1,6,3,-1,-1,-1,-1,-1,-1,-1,-1
2016471600098,1,9,0,9,0,1,0,0,0,0,4,1,6,1,26,6,998,1,22,3,1,3
2016471600098,2,2,0,18,0,1,0,0,0,0,1,1,6,1,17,4,49,1,2,4,1,4
2016471600099,1,9,0,18,0,1,0,0,0,0,1,1,6,3,36,7,-1,-1,-1,-1,-1,-1
2016471600099,2,9,0,9,0,1,0,0,0,0,2,1,6,1,19,4,1799,1,10,4,1,4
2016471600101,1,9,0,18,0,0,0,0,0,0,1,1,6,1,50,8,1595,1,11,10,2,10
2016471600102,1,9,0,18,0,0,0,0,0,0,3,1,6,3,30,6,-1,-1,-1,-1,-1,-1
2016471600104,1,9,0,18,0,0,0,11,7,4,1,1,6,1,45,7,1998,1,1,9,2,9
2016471600106,1,9,0,9,0,1,0,0,0,0,4,1,6,2,74,10,1989,1,16,8,1,8
2016471600106,2,3,0,18,0,1,0,0,0,0,1,1,6,1,37,7,124,1,6,9,1,9
2016471600108,1,3,0,18,0,1,1,0,0,0,1,1,1,1,65,9,125,1,1,3,1,3
2016471600108,2,8,0,4,0,1,0,0,0,0,2,1,1,1,48,8,1598,2,6,3,1,3
2016471600109,1,9,0,18,0,0,0,4,0,0,4,1,6,1,91,11,2143,2,3,6,1,6
2016471600109,2,9,0,2,0,0,0,4,0,0,2,1,6,3,-1,-1,1781,1,16,-1,-1,-1
2016471600109,3,9,0,2,0,0,0,0,0,0,2,1,6,3,-1,-1,1598,1,14,-1,-1,-1
2016471600110,1,9,0,8,0,1,0,0,0,0,4,1,6,1,29,6,1798,1,8,6,1,6
2016471600111,1,9,0,18,0,0,5,0,0,0,1,1,6,2,32,6,1390,1,15,6,1,6
2016471600111,2,9,0,2,0,0,0,0,0,0,2,1,1,3,-1,-1,1591,1,3,-1,-1,-1
2016471600112,1,1,0,18,0,0,0,0,0,0,1,1,2,1,26,6,-1,-1,-1,5,1,5
2016471600112,2,9,0,2,0,0,0,0,0,0,3,1,6,3,-1,-1,1998,1,15,-1,-1,-1
2016471600113,1,9,0,18,0,2,0,0,0,0,4,1,6,3,-1,-1,-1,-1,-1,-1,-1,-1