Accident_Index,Vehicle_Reference,Vehicle_Type,Towing_and_Articulation,Vehicle_Manoeuvre,Vehicle_Location-Restricted_Lane,Junction_Location,Skidding_and_Overturning,Hit_Object_in_Carriageway,Vehicle_Leaving_Carriageway,Hit_Object_off_Carriageway,1st_Point_of_Impact,Was_Vehicle_Left_Hand_Drive?,Journey_Purpose_of_Driver,Sex_of_Driver,Age_of_Driver,Age_Band_of_Driver,Engine_Capacity_(CC),Propulsion_Code,Age_of_Vehicle,Driver_IMD_Decile,Driver_Home_Area_Type,Vehicle_IMD_Decile
2016471600380,1,9,0,18,0,1,0,0,0,0,1,1,6,2,40,7,2438,1,23,-1,-1,-1
2016471600380,2,9,0,18,0,8,0,0,0,0,4,1,6,2,44,7,1910,2,13,2,1,2
2016471600384,1,9,0,7,0,4,0,0,0,0,1,1,6,2,22,5,1598,1,9,9,3,9
2016471600384,2,1,0,18,0,8,0,0,0,0,4,1,1,1,55,8,-1,-1,-1,7,3,7
2016471600386,1,9,0,18,0,0,0,12,0,0,1,1,6,1,37,7,1997,2,2,4,1,4
2016471600387,1,9,0,10,0,1,0,0,0,0,1,1,6,2,75,10,1124,1,14,9,1,9
2016471600387,2,9,0,18,0,1,0,0,0,0,1,1,6,2,36,7,1968,2,8,7,2,7
2016471600388,1,9,0,18,0,1,1,0,1,4,1,1,1,2,46,8,1299,1,9,6,1,6
2016471600390,1,9,0,9,0,1,0,0,0,0,4,1,6,1,29,6,1997,2,8,6,1,6
2016471600390,2,1,0,18,4,1,0,0,0,0,1,1,2,1,30,6,-1,-1,-1,8,3,8
2016471600392,1,9,0,18,0,1,0,4,0,0,4,1,6,3,-1,-1,-1,-1,-1,-1,-1,-1
2016471600392,2,9,0,2,0,1,0,0,0,0,3,1,3,3,-1,-1,1461,2,7,-1,-1,-1
2016471600393,1,9,0,17,0,0,1,0,1,0,3,1,6,2,42,7,1598,1,2,2,1,2
2016471600393,2,9,0,16,0,0,0,0,1,0,3,1,2,1,60,9,1910,2,8,8,1,8
2016471600394,1,19,0,18,9,0,0,0,0,0,4,1,6,3,-1,-1,-1,-1,-1,-1,-1,-1
2016471600395,1,9,0,18,0,0,0,0,0,0,0,1,6,3,-1,-1,-1,-1,-1,-1,-1,-1
2016471600395,2,20,0,18,0,0,0,0,0,0,0,1,6,1,21,5,-1,-1,-1,7,1,7
2016471600396,1,9,0,18,0,1,0,0,0,0,1,1,6,1,29,6,1124,1,12,6,1,6
2016471600396,2,3,0,4,0,1,0,0,0,0,2,1,2,1,22,5,124,1,10,8,1,8
2016471600396,3,9,0,18,0,8,0,0,0,0,0,1,6,1,-1,-1,-1,-1,-1,-1,-1,-1
2016471600397,1,19,0,18,0,8,0,0,7,11,1,1,1,1,47,8,2998,2,2,3,1,3
2016471600397,2,9,0,18,0,8,0,0,0,0,1,1,6,2,69,10,1968,2,8,9,1,9
2016471600402,1,19,0,18,0,1,0,0,0,0,1,1,1,1,49,8,2461,2,6,6,1,6
2016471600403,1,9,0,18,0,0,5,0,2,10,4,1,6,2,21,5,1364,1,10,5,1,5
2016471600404,1,9,0,11,0,3,0,0,0,0,4,1,6,2,66,10,1598,1,3,6,1,6
2016471600404,2,9,0,18,0,3,0,0,0,0,3,1,2,1,28,6,999,1,2,5,1,5
2016471600407,1,11,0,4,0,1,0,0,0,0,1,1,1,1,52,8,9360,2,4,2,1,2
2016471600408,1,2,0,18,0,1,0,0,0,0,4,1,2,1,51,8,49,1,12,1,1,1
2016471600410,1,19,0,18,0,0,0,0,0,0,1,1,1,1,44,7,1868,2,12,2,1,2
2016471600416,1,9,0,18,0,2,0,10,1,2,4,1,6,1,64,9,993,1,15,3,1,3
2016471600416,2,19,0,2,0,2,0,0,0,0,3,1,6,3,-1,-1,1996,2,4,-1,-1,-1
2016471600417,1,9,0,18,0,0,1,0,7,4,1,1,6,1,19,4,1598,1,15,8,3,8
2016471600419,1,8,0,18,0,2,0,0,0,0,3,1,1,1,60,9,1996,2,6,3,1,3
2016471600419,2,3,0,18,0,8,0,0,0,0,1,1,6,1,43,7,125,1,8,8,1,8
2016471600420,1,9,0,18,0,1,0,0,0,0,3,1,6,2,30,6,1600,1,17,3,1,3
2016471600421,1,9,0,9,0,5,0,0,0,0,1,1,6,2,42,7,1200,1,2,1,1,1
2016471600423,1,9,0,18,0,0,0,0,1,9,1,1,6,2,73,10,1595,1,6,9,3,9
2016471600423,2,9,0,18,0,0,0,0,0,0,3,1,6,2,51,8,1199,1,17,10,1,10
2016471600423,3,9,0,18,0,0,0,0,1,9,1,1,2,2,24,5,1598,1,8,8,1,8
2016471600425,1,9,0,4,9,0,0,0,0,0,4,1,6,1,40,7,1984,1,8,-1,-1,-1
2016471600427,1,9,0,18,0,1,0,0,0,0,1,1,6,1,-1,-1,1390,1,16,-1,-1,-1
2016471600427,2,9,0,3,0,1,0,0,0,0,2,1,2,2,63,9,1796,1,11,9,1,9
2016471600429,1,9,0,18,0,0,1,0,1,1,2,1,6,2,61,9,1364,1,10,6,3,6
2016471600431,1,9,0,9,0,4,0,0,0,0,3,1,6,2,77,11,1240,1,7,3,1,3
2016471600431,2,1,0,9,0,8,0,0,0,0,4,1,1,1,35,6,-1,-1,-1,2,1,2
2016471600434,1,8,0,16,0,1,0,0,7,11,1,1,1,1,54,8,1997,2,9,8,1,8
2016471600436,1,19,0,5,0,0,0,0,0,0,1,1,6,1,63,9,1995,2,2,9,1,9
2016471600436,2,9,0,2,0,0,0,0,0,0,2,1,6,2,27,6,1984,1,9,1,1,1
2016471600438,1,9,0,17,0,1,1,0,0,0,2,1,6,2,23,5,1396,1,19,4,1,4
2016471600438,2,19,0,16,0,2,0,0,0,0,1,1,6,1,40,7,1995,2,4,4,1,4
2016471600440,1,1,0,18,0,1,0,0,0,0,3,1,6,2,21,5,-1,-1,-1,7,1,7
2016471600440,2,11,0,13,0,1,0,0,0,0,4,1,1,1,66,10,9360,2,3,2,1,2
2016471600443,1,9,0,5,0,0,0,0,0,0,1,1,3,2,48,8,1388,1,8,8,1,8
2016471600444,1,9,0,18,0,0,1,0,1,4,1,1,6,2,18,4,1388,1,10,9,3,9
2016471600445,1,9,0,12,0,0,0,0,0,0,1,1,6,2,20,4,998,1,3,4,1,4
2016471600445,2,9,0,2,0,0,0,0,0,0,2,1,1,2,39,7,2979,1,2,6,1,6
2016471600450,1,19,0,9,0,6,0,0,0,0,1,1,1,1,46,8,1896,2,10,4,1,4
2016471600450,2,1,0,18,0,1,0,0,0,0,1,1,2,1,45,7,-1,-1,-1,-1,-1,-1
2016471600451,1,8,0,9,0,8,0,0,0,0,1,1,6,1,53,8,1896,2,9,8,2,8
2016471600452,1,9,0,4,0,4,0,0,0,11,1,1,1,2,58,9,1598,2,1,5,2,5
2016471600452,2,9,0,9,0,3,1,10,1,11,4,1,6,2,44,7,1360,1,11,-1,-1,-1
2016471600453,1,9,0,9,0,8,0,0,0,0,1,1,6,2,57,9,1587,1,14,4,1,4
2016471600453,2,8,0,17,0,8,0,0,0,0,1,1,1,1,27,6,2231,2,7,6,1,6
2016471600455,1,9,0,18,0,8,0,0,0,0,1,1,6,1,21,5,1360,1,12,8,1,8
2016471600455,2,9,0,3,0,8,0,0,0,0,2,1,6,1,40,7,2776,2,1,10,1,10
2016471600455,3,9,0,3,0,8,0,0,0,0,2,1,1,1,60,9,998,1,3,8,1,8
2016471600457,1,9,0,18,0,0,0,0,0,0,1,1,6,1,80,11,1597,1,19,4,1,4
2016471600457,2,9,0,2,0,0,0,0,0,0,0,1,6,3,-1,-1,1360,1,9,-1,-1,-1
2016471600458,1,9,0,9,0,6,0,0,0,0,4,1,1,1,30,6,-1,-1,-1,2,1,2
2016471600458,2,9,0,18,0,1,0,0,0,0,4,1,6,2,33,6,2700,1,14,4,1,4
2016471600458,3,19,0,9,0,1,0,0,0,0,0,1,1,1,43,7,-1,-1,-1,-1,-1,-1
2016471600460,1,5,0,17,0,4,1,0,3,1,1,1,6,1,30,6,750,1,2,5,1,5
2016471600462,1,9,0,9,0,6,0,0,0,0,1,1,6,2,69,10,2184,2,12,8,1,8
2016471600462,2,9,0,18,0,1,0,10,1,0,4,1,6,2,52,8,1598,1,13,3,1,3
2016471600463,1,19,0,18,0,4,1,0,1,11,1,1,2,1,29,6,2464,2,8,4,1,4
2016471600466,1,9,0,17,0,0,5,0,7,9,3,1,6,1,35,6,1598,1,8,6,1,6
2016471600473,1,9,0,18,0,1,0,0,0,0,0,1,6,3,-1,-1,-1,-1,-1,-1,-1,-1
2016471600473,2,11,0,5,0,1,0,0,0,0,0,1,1,1,51,8,9360,2,3,3,1,3
2016471600474,1,9,0,18,0,1,0,0,0,0,1,1,6,2,27,6,1390,1,11,3,1,3
2016471600474,2,9,0,18,0,1,0,0,0,0,2,1,6,1,44,7,998,1,2,8,1,8
2016471600475,1,19,0,9,0,5,0,0,0,0,4,1,1,1,59,9,1248,2,1,6,2,6
2016471600475,2,1,0,17,0,8,0,0,0,0,1,1,2,2,18,4,-1,-1,-1,6,3,6
2016471600477,1,9,0,18,0,1,0,0,0,0,1,1,6,1,22,5,1242,1,13,9,1,9
2016471600477,2,9,0,10,0,1,0,0,0,0,2,1,6,2,51,8,998,1,12,6,1,6
2016471600479,1,9,0,18,0,1,0,4,0,0,2,1,6,1,34,6,2993,2,10,5,1,5
2016471600479,2,9,0,2,0,1,5,0,1,11,2,1,6,3,-1,-1,998,1,1,-1,-1,-1
2016471600480,1,9,0,7,0,4,0,0,0,0,1,1,6,1,82,11,1598,1,5,3,1,3
2016471600480,2,9,0,7,0,4,0,0,0,0,2,1,6,2,64,9,1587,1,9,3,1,3
2016471600481,1,9,0,18,0,0,2,0,0,0,1,1,6,1,36,7,1595,1,19,-1,-1,-1
2016471600481,2,9,0,2,0,0,0,0,0,0,2,1,6,1,41,7,1998,1,3,5,1,5
2016471600484,1,3,0,18,0,0,0,0,0,0,3,1,6,1,46,8,125,1,9,9,1,9
2016471600484,2,9,0,2,0,0,0,0,0,0,0,1,6,1,24,5,1997,1,3,8,2,8
2016471600484,3,9,0,18,0,0,0,0,0,0,1,1,6,1,54,8,1997,2,9,9,1,9
2016471600488,1,8,0,9,0,2,0,0,0,0,1,1,1,1,47,8,1968,2,7,4,1,4
2016471600489,1,9,0,18,0,1,0,0,0,0,1,1,6,3,-1,-1,1598,1,7,-1,-1,-1
2016471600489,2,9,0,3,0,1,0,0,0,0,4,1,6,2,20,4,1299,1,12,3,1,3
2016471600490,1,9,0,18,0,4,0,0,0,0,1,1,6,1,52,8,1968,2,6,3,2,3
2016471600490,2,9,0,18,0,4,0,0,0,0,2,1,6,1,60,9,1896,2,9,9,1,9
2016471600492,1,5,0,18,0,1,0,0,0,0,3,1,6,1,19,4,1050,1,1,3,1,3
2016471600492,2,9,0,18,0,8,0,0,0,0,3,1,6,1,39,7,1995,2,7,10,1,10
2016471600495,1,9,0,18,0,1,0,0,0,0,1,1,6,1,35,6,1598,1,8,5,1,5
2016471600495,2,9,0,9,0,1,0,0,0,0,2,1,6,2,68,10,1997,1,1,6,2,6
2016471600496,1,9,0,9,0,1,0,0,0,0,3,1,6,2,21,5,1299,1,12,3,1,3
2016471600496,2,3,0,18,0,1,0,0,0,0,1,1,2,2,17,4,124,1,1,5,1,5
2016471600497,1,9,0,17,0,0,1,0,8,4,3,1,6,1,38,7,1598,1,7,8,3,8
2016471600498,1,9,0,9,0,8,1,0,0,0,1,1,6,1,17,4,1390,1,14,10,1,10
2016471600498,2,9,0,18,0,8,0,0,0,0,4,1,6,1,62,9,1795,1,18,9,3,9
2016471600499,1,4,0,18,0,8,0,0,0,0,1,1,1,1,25,5,216,1,22,1,1,1
2016471600499,2,9,0,9,0,4,0,0,0,0,2,1,1,1,56,9,1596,1,14,6,3,6
2016471600502,1,9,0,6,0,0,0,0,0,0,0,1,6,3,-1,-1,-1,-1,-1,-1,-1,-1
2016471600502,2,9,0,18,0,0,1,0,0,0,1,1,2,2,18,4,1149,1,13,6,1,6
2016471600502,3,9,0,18,0,0,0,0,0,0,2,1,2,2,46,8,1991,2,7,7,1,7
2016471600502,4,9,0,18,0,0,0,0,0,0,2,1,2,2,30,6,1999,1,7,7,1,7
2016471600502,5,9,0,18,0,0,0,0,0,0,2,1,6,2,58,9,1200,1,3,7,1,7
2016471600503,1,9,0,9,0,1,0,0,0,0,1,1,2,1,37,7,1598,1,13,4,1,4
2016471600503,2,5,0,18,0,8,0,0,0,0,1,1,2,1,23,5,599,1,14,5,1,5
2016471600504,1,9,0,18,0,1,0,0,0,0,1,1,6,1,41,7,1198,1,2,6,1,6
2016471600506,1,9,0,9,0,8,0,0,0,0,3,1,2,1,43,7,-1,-1,-1,6,1,6
2016471600507,1,2,0,9,0,2,0,0,0,0,3,1,6,1,27,6,-1,-1,-1,-1,-1,-1
2016471600507,2,1,0,18,0,8,0,0,0,0,1,1,1,1,28,6,-1,-1,-1,6,1,6
2016471600508,1,8,0,18,0,6,0,0,0,0,1,1,1,1,37,7,1986,2,11,6,1,6
2016471600509,1,8,0,1,0,0,0,0,0,0,2,1,1,1,50,8,1796,1,9,8,1,8
2016471600510,1,9,0,5,0,1,0,0,0,0,1,1,6,1,30,6,-1,-1,-1,-1,-1,-1
2016471600510,2,9,0,5,0,1,0,0,0,0,1,1,6,2,39,7,1591,1,3,8,1,8
2016471600511,1,9,0,18,0,0,0,0,0,0,0,1,6,3,-1,-1,-1,-1,-1,-1,-1,-1
2016471600511,2,3,0,18,0,0,0,0,1,9,1,1,1,2,30,6,113,1,1,5,1,5
2016471600513,1,9,0,18,0,0,0,0,0,0,4,1,6,3,-1,-1,-1,-1,-1,-1,-1,-1
2016471600515,1,9,0,18,0,1,0,0,0,0,3,1,6,2,30,6,1124,1,9,10,1,10
2016471600516,1,9,0,18,0,0,0,0,0,0,1,1,6,1,56,9,2967,2,4,6,3,6
2016471600516,2,9,0,18,0,0,0,0,7,0,1,1,6,1,67,10,1999,2,1,9,1,9
2016471600517,1,9,0,18,0,8,0,0,0,0,3,1,1,2,35,6,2000,2,19,1,1,1
2016471600518,1,9,0,18,0,0,0,0,0,0,1,1,2,1,37,7,1598,2,1,10,1,10
2016471600518,2,11,0,5,0,0,0,0,0,0,0,1,1,3,-1,-1,-1,-1,-1,-1,-1,-1
2016471600521,1,10,0,18,0,0,0,0,0,0,4,1,1,1,35,6,2402,2,8,8,1,8
2016471600522,1,9,0,4,0,1,0,0,0,0,1,1,6,3,-1,-1,-1,-1,-1,-1,-1,-1
2016471600523,1,9,0,18,0,0,0,12,7,10,1,1,6,1,36,7,1753,2,12,7,1,7
2016471600524,1,9,0,4,0,1,0,0,0,0,0,1,3,2,41,7,1598,1,8,8,1,8
2016471600525,1,9,0,18,0,0,0,0,0,0,1,1,6,2,47,8,1399,2,6,4,1,4
2016471600525,2,9,0,18,0,0,0,0,0,0,1,1,6,2,38,7,1398,2,10,5,1,5
2016471600526,1,19,0,1,0,2,0,0,0,0,2,1,1,1,55,8,1995,2,9,3,1,3
2016471600527,1,9,0,9,0,1,0,0,1,11,1,1,6,1,79,11,1598,1,7,7,1,7
2016471600534,1,19,0,18,0,1,0,0,0,0,3,1,6,1,38,7,1870,2,10,5,1,5
2016471600534,2,9,0,18,0,8,0,0,0,0,3,1,6,1,65,9,1968,2,3,10,1,10
2016471600535,1,9,0,5,0,1,0,0,0,0,1,1,6,2,30,6,1390,1,8,9,1,9
2016471600535,2,8,0,3,0,1,0,0,0,0,2,1,2,1,46,8,1560,2,7,6,1,6
2016471600536,1,9,0,7,0,5,0,0,0,0,4,1,2,1,25,5,1799,1,8,10,1,10
2016471600536,2,1,0,18,0,1,0,0,0,0,1,1,2,1,53,8,-1,-1,-1,2,1,2
2016471600538,1,9,0,18,0,8,0,0,0,0,1,1,2,1,40,7,1995,2,11,7,1,7
2016471600538,2,9,0,18,0,8,0,0,7,2,1,1,2,1,45,7,1896,2,8,6,1,6
2016471600539,1,9,0,18,0,0,0,0,0,0,4,1,6,3,-1,-1,-1,-1,-1,-1,-1,-1
2016471600539,2,1,0,18,0,0,0,0,1,9,3,1,2,1,45,7,-1,-1,-1,3,1,3
2016471600542,1,9,0,18,0,4,1,10,0,0,3,1,6,2,23,5,1329,1,6,6,1,6
2016471600542,2,9,0,9,0,3,0,0,0,0,1,1,6,2,26,6,-1,-1,-1,7,1,7
2016471600543,1,9,0,18,0,2,0,0,0,0,1,1,6,2,83,11,1388,1,14,8,2,8
2016471600543,2,9,0,10,0,2,0,0,0,0,2,1,2,2,26,6,1586,1,1,2,1,2
2016471600544,1,9,0,9,0,6,0,0,0,0,3,1,3,2,37,7,1600,1,16,9,1,9
2016471600544,2,1,0,18,0,1,0,0,0,0,1,1,6,1,54,8,-1,-1,-1,6,1,6
2016471600545,1,9,0,18,0,6,0,0,0,0,3,1,6,1,41,7,1598,1,9,8,1,8
2016471600545,2,9,0,18,0,1,0,0,0,0,1,1,6,2,25,5,998,1,10,8,1,8
2016471600546,1,19,0,18,0,1,0,0,0,0,1,1,6,3,-1,-1,1598,2,2,-1,-1,-1
2016471600546,2,9,0,3,0,1,0,0,0,0,2,1,6,1,36,7,1598,1,11,4,1,4
2016471600547,1,9,0,9,0,6,0,0,0,0,0,1,6,3,-1,-1,-1,-1,-1,-1,-1,-1
2016471600547,2,9,0,16,0,1,0,0,0,0,1,1,1,1,19,4,998,1,1,4,1,4
2016471600547,3,9,0,17,0,1,0,0,0,0,1,1,1,1,30,6,1968,2,2,4,1,4
2016471600549,1,9,0,18,0,1,0,0,0,0,1,1,2,2,61,9,998,1,15,2,1,2
2016471600553,1,3,0,18,0,0,1,0,1,0,1,1,6,1,19,4,124,1,7,8,1,8
2016471600553,2,9,0,3,0,0,0,0,0,0,1,1,2,1,45,7,1329,1,5,8,1,8
2016471600555,1,9,0,2,0,0,0,0,0,0,1,1,6,1,31,6,1200,1,2,3,1,3
2016471600555,2,1,0,14,0,0,0,4,0,0,3,1,6,1,22,5,-1,-1,-1,4,1,4
2016471600556,1,19,0,9,0,2,0,0,0,0,1,1,6,1,71,10,-1,-1,-1,7,1,7
2016471600557,1,9,0,18,0,1,0,4,1,0,3,1,6,1,72,10,2191,2,3,7,1,7
2016471600557,2,9,0,10,0,1,0,0,0,0,4,1,6,2,28,6,1242,1,3,9,3,9
2016471600559,1,9,0,9,0,6,0,0,0,0,3,1,6,1,77,11,1968,2,4,6,3,6
2016471600559,2,3,0,18,0,8,0,0,0,0,1,1,6,1,29,6,125,1,1,9,2,9
2016471600561,1,9,0,18,0,2,0,0,0,0,1,1,6,3,-1,-1,-1,-1,-1,-1,-1,-1
2016471600564,1,9,0,5,0,1,0,0,0,0,0,1,6,2,40,7,1461,2,2,8,1,8
2016471600564,2,3,0,18,0,2,1,0,0,0,0,1,6,1,33,6,49,1,1,4,1,4
2016471600566,1,9,0,5,0,1,0,0,0,0,1,1,1,1,23,5,1598,2,1,3,1,3
2016471600566,2,1,0,18,0,1,0,0,0,0,4,1,4,1,16,4,-1,-1,-1,1,1,1
2016471600569,1,4,0,13,0,1,0,0,7,4,1,1,6,1,23,5,125,1,2,10,1,10
2016471600569,2,9,0,9,0,5,0,0,0,0,3,1,6,1,73,10,2495,2,21,6,3,6
2016471600577,1,9,0,18,0,0,0,4,0,0,1,1,6,1,28,6,1360,1,17,8,2,8
2016471600577,2,9,0,2,0,0,0,0,0,0,2,1,6,3,-1,-1,3000,2,21,-1,-1,-1
2016471600578,1,9,0,6,0,8,0,0,0,0,1,1,6,1,35,6,1596,1,17,7,1,7
2016471600578,2,9,0,18,0,8,0,0,0,0,3,1,6,2,26,6,1699,1,8,8,1,8
2016471600580,1,8,0,2,0,0,0,0,0,0,3,1,6,1,50,8,1584,7,10,-1,-1,-1
2016471600580,2,1,0,14,0,0,0,4,0,0,1,1,6,2,27,6,-1,-1,-1,2,1,2
2016471600581,1,9,0,11,0,1,0,0,0,0,3,1,6,1,25,5,1398,1,3,4,2,4
2016471600581,2,9,0,18,0,1,0,10,0,0,3,1,6,1,42,7,-1,3,4,1,1,1
2016471600582,1,19,0,5,0,0,0,0,0,0,3,1,1,1,58,9,1995,2,6,2,1,2
2016471600582,2,4,0,18,0,0,0,0,0,0,4,1,6,1,69,10,124,1,9,4,1,4
2016471600583,1,3,0,4,0,1,0,0,0,0,1,1,1,1,29,6,125,1,1,5,1,5
2016471600583,2,9,0,9,0,1,0,0,0,0,4,1,2,1,40,7,2351,1,14,6,1,6
2016471600584,1,9,0,9,0,5,0,0,0,0,1,1,6,1,34,6,1590,1,15,9,1,9
2016471600584,2,9,0,18,0,1,0,0,0,0,1,1,6,2,21,5,1149,1,14,10,1,10
2016471600586,1,9,0,18,0,8,0,0,0,0,1,1,2,1,53,8,1149,1,3,1,1,1
2016471600587,1,9,0,1,5,6,0,0,0,0,2,1,6,2,53,8,1339,1,13,8,1,8
2016471600588,1,9,0,18,0,0,0,0,0,0,4,1,6,2,71,10,1339,1,7,7,1,7
2016471600588,2,9,0,2,0,0,0,0,0,0,3,1,6,3,-1,-1,1995,2,6,-1,-1,-1
2016471600588,3,9,0,2,0,0,0,0,0,0,2,1,6,3,-1,-1,-1,-1,-1,-1,-1,-1
2016471600588,4,9,0,2,0,0,0,0,0,0,2,1,6,3,-1,-1,1242,1,10,-1,-1,-1
2016471600588,5,9,0,2,0,0,0,0,0,0,2,1,6,3,-1,-1,1598,1,6,-1,-1,-1
2016471600588,6,9,0,2,0,0,0,0,0,0,2,1,6,3,-1,-1,2400,2,3,-1,-1,-1
2016471600589,1,9,0,9,0,5,0,0,0,0,1,1,1,1,53,8,1598,1,8,6,1,6
2016471600590,1,9,0,18,0,0,0,0,0,0,1,1,6,1,18,4,1388,1,11,6,3,6
2016471600590,2,9,0,3,0,0,0,0,0,0,2,1,2,2,52,8,1599,1,13,9,1,9
2016471600591,1,9,0,5,0,6,0,0,0,0,1,1,2,1,69,10,1328,1,9,7,3,7
2016471600591,2,1,0,18,0,8,0,0,0,0,4,1,6,2,28,6,-1,-1,-1,9,2,9
2016471600593,1,9,0,13,0,0,5,0,1,11,4,1,1,1,61,9,1242,1,16,5,2,5
2016471600593,2,9,0,18,0,0,0,0,0,0,0,1,6,1,74,10,1248,2,12,4,3,4
2016471600593,3,9,0,18,0,0,0,0,0,0,0,1,6,1,30,6,-1,-1,-1,-1,-1,-1
2016471600594,1,9,0,17,0,0,1,0,1,4,1,1,2,1,42,7,1560,2,3,4,1,4
2016471600595,1,9,0,18,0,0,0,0,1,4,1,1,6,2,17,4,1242,1,15,9,1,9
2016471600596,1,9,0,5,0,6,0,0,0,0,1,1,1,1,40,7,-1,-1,-1,3,1,3
2016471600596,2,1,0,17,0,1,0,0,0,0,1,1,1,1,29,6,-1,-1,-1,8,1,8
2016471600597,1,9,0,18,0,0,0,0,0,0,1,1,6,2,19,4,796,1,14,7,1,7
2016471600597,2,9,0,4,0,0,0,0,0,0,2,1,6,1,66,10,-1,-1,-1,9,2,9
2016471600597,3,17,0,18,9,0,0,0,0,0,0,1,6,1,30,6,6788,2,4,5,1,5
2016471600597,4,9,0,18,0,0,0,0,0,0,0,1,6,1,30,6,-1,-1,-1,-1,-1,-1
2016471600598,1,9,0,9,0,6,0,0,0,0,3,1,6,2,21,5,1242,1,1,7,1,7
2016471600598,2,1,0,18,0,1,0,0,0,0,1,1,6,1,39,7,-1,-1,-1,2,1,2
2016471600599,1,9,0,9,0,5,0,0,0,0,1,1,6,1,24,5,1598,2,3,6,1,6
2016471600600,1,9,0,9,0,1,0,0,0,0,1,1,6,2,35,6,-1,-1,-1,-1,-1,-1
2016471600601,1,9,0,17,0,0,0,0,2,4,4,1,6,1,23,5,1598,1,18,9,1,9
2016471600602,1,9,0,18,0,2,0,0,0,0,0,1,6,1,56,9,1560,2,2,3,1,3
2016471600602,2,2,0,18,0,1,1,0,0,0,0,1,1,1,16,4,124,1,2,2,1,2
2016471600604,1,1,0,18,0,8,0,0,0,0,1,1,6,1,38,7,-1,-1,-1,6,1,6
2016471600604,2,8,0,18,0,8,0,0,0,0,4,1,1,1,42,7,1560,2,4,3,1,3
2016471600605,1,19,0,18,0,4,0,0,0,0,1,1,6,1,30,6,1995,2,2,4,1,4
2016471600605,2,9,0,18,0,4,0,0,7,1,1,1,6,2,32,6,1461,2,2,3,1,3
2016471600607,1,9,0,17,0,0,5,0,7,0,1,1,6,1,18,4,1496,2,1,5,3,5
2016471600608,1,9,0,9,0,5,0,0,0,0,4,1,6,1,-1,-1,-1,-1,-1,-1,-1,-1
2016471600613,1,9,0,9,0,1,0,0,0,0,1,1,6,2,31,6,1124,1,16,5,1,5
2016471600613,2,1,0,7,0,1,0,0,0,0,3,1,6,1,35,6,-1,-1,-1,6,1,6
2016471600614,1,9,0,5,0,1,0,0,0,0,1,1,6,1,29,6,1968,2,6,3,1,3
2016471600614,2,9,0,3,0,1,0,0,0,0,2,1,6,1,21,5,1229,1,11,5,1,5
2016471600615,1,9,0,18,0,1,0,0,0,0,1,1,6,3,-1,-1,1242,1,4,-1,-1,-1
2016471600615,2,9,0,5,0,4,0,0,0,0,2,1,6,2,66,10,2000,1,12,10,1,10
2016471600619,1,8,0,18,0,4,0,0,0,0,1,1,1,1,53,8,-1,-1,-1,8,1,8
2016471600619,2,1,0,9,0,8,0,0,0,0,4,1,6,1,36,7,-1,-1,-1,4,1,4
2016471600621,1,9,0,13,0,0,0,0,0,0,4,1,6,1,24,5,998,1,7,7,1,7
2016471600621,2,1,0,18,0,0,0,0,1,0,0,1,6,2,53,8,-1,-1,-1,10,1,10
2016471600625,1,9,0,9,0,6,0,0,0,0,1,1,6,1,24,5,1586,1,5,7,3,7
2016471600625,2,9,0,18,0,8,0,0,2,11,4,1,6,1,51,8,1493,1,19,7,1,7
2016471600626,1,3,0,13,0,0,0,0,0,0,4,1,6,1,22,5,125,1,2,9,1,9
2016471600626,2,19,0,9,0,0,0,0,0,0,3,1,6,1,52,8,1998,2,14,6,1,6
2016471600627,1,9,0,18,0,8,0,0,0,0,1,1,6,1,36,7,1598,1,11,2,1,2
2016471600627,2,9,0,18,0,8,0,0,0,0,1,1,6,1,31,6,998,1,1,2,1,2
2016471600628,1,9,0,1,0,1,0,0,0,0,3,1,6,2,20,4,1598,2,3,9,1,9
2016471600628,2,11,0,9,0,2,0,0,0,0,3,1,1,1,35,6,9000,2,12,4,1,4
2016471600630,1,9,0,17,0,8,1,0,1,2,1,1,6,1,36,7,1400,2,10,10,1,10
2016471600630,2,9,0,2,9,8,0,0,0,0,2,1,6,3,-1,-1,1496,1,1,-1,-1,-1
2016471600635,1,1,0,11,0,4,0,0,0,0,4,1,6,1,54,8,-1,-1,-1,7,1,7
2016471600635,2,9,0,18,0,4,0,0,1,0,3,1,6,2,58,9,1598,1,8,10,2,10
2016471600636,1,9,0,18,0,4,0,0,0,0,1,1,6,3,-1,-1,-1,-1,-1,-1,-1,-1
2016471600636,2,9,0,3,0,4,0,0,0,0,2,1,6,2,49,8,1998,2,5,10,3,10
2016471600636,3,9,0,3,0,4,0,0,0,0,2,1,1,2,51,8,1988,1,15,9,2,9
2016471600637,1,9,0,18,0,6,0,0,0,0,1,1,6,1,27,6,1598,1,19,2,1,2
2016471600637,2,3,0,18,0,8,0,0,0,0,4,1,6,2,61,9,125,1,1,1,1,1
2016471600639,1,9,0,9,0,5,0,0,0,0,1,1,6,1,32,6,1242,1,11,4,1,4
2016471600642,1,9,0,18,0,1,0,0,0,0,4,1,6,1,22,5,1398,2,13,10,2,10
2016471600642,2,8,0,18,0,1,0,0,0,0,3,1,1,1,42,7,1896,2,8,1,1,1