Accident_Index,Vehicle_Reference,Vehicle_Type,Towing_and_Articulation,Vehicle_Manoeuvre,Vehicle_Location-Restricted_Lane,Junction_Location,Skidding_and_Overturning,Hit_Object_in_Carriageway,Vehicle_Leaving_Carriageway,Hit_Object_off_Carriageway,1st_Point_of_Impact,Was_Vehicle_Left_Hand_Drive?,Journey_Purpose_of_Driver,Sex_of_Driver,Age_of_Driver,Age_Band_of_Driver,Engine_Capacity_(CC),Propulsion_Code,Age_of_Vehicle,Driver_IMD_Decile,Driver_Home_Area_Type,Vehicle_IMD_Decile
2016471600643,1,9,0,1,9,0,0,0,0,0,2,1,6,2,39,7,-1,-1,-1,8,1,8
2016471600644,1,19,0,16,0,0,1,0,1,4,1,1,2,1,52,8,2198,2,2,5,3,5
2016471600645,1,9,0,1,0,6,0,10,1,0,2,1,3,3,30,6,2987,2,6,-1,-1,-1
2016471600652,1,9,0,7,0,6,0,0,0,0,1,1,6,1,50,8,1591,1,4,7,1,7
2016471600652,2,1,0,18,0,1,0,0,0,0,1,1,6,1,44,7,-1,-1,-1,8,1,8
2016471600654,1,9,0,4,0,8,0,0,0,0,1,1,6,3,-1,-1,998,1,14,-1,-1,-1
2016471600654,2,8,0,3,0,1,0,0,0,0,2,1,1,1,33,6,1560,2,7,4,1,4
2016471600657,1,9,0,18,0,0,0,0,7,10,1,1,6,1,64,9,1995,2,14,8,3,8
2016471600658,1,9,0,18,0,8,5,0,3,0,1,1,6,1,17,4,1197,1,3,10,1,10
2016471600659,1,9,0,18,0,0,0,10,0,0,3,1,6,1,35,6,1390,1,14,9,3,9
2016471600659,2,9,0,18,0,0,0,0,0,0,3,1,6,2,17,4,1242,1,6,10,1,10
2016471600659,3,9,0,18,0,0,0,0,0,0,3,1,6,2,51,8,1896,2,12,10,1,10
2016471600660,1,9,0,18,0,0,0,0,0,0,1,1,2,2,37,7,996,1,6,9,1,9
2016471600660,2,19,0,3,0,0,0,0,0,0,2,1,1,1,48,8,2198,2,2,5,1,5
2016471600660,3,21,0,2,0,0,0,0,0,0,0,1,6,3,-1,-1,-1,-1,-1,-1,-1,-1
2016471600661,1,19,0,1,0,0,0,0,0,0,2,1,6,1,58,9,-1,-1,-1,2,1,2
2016471600663,1,9,0,18,0,8,0,0,0,0,1,1,6,1,18,4,1968,2,5,6,1,6
2016471600663,2,9,0,18,0,8,0,0,1,0,1,1,6,2,35,6,1781,1,14,5,3,5
2016471600663,3,9,0,2,0,2,0,0,0,0,2,1,6,3,-1,-1,-1,-1,-1,-1,-1,-1
2016471600663,4,21,0,2,0,2,0,0,0,0,1,1,6,3,-1,-1,3920,2,12,-1,-1,-1
2016471600664,1,9,0,16,0,0,0,0,7,4,1,1,6,1,21,5,998,1,13,10,1,10
2016471600664,2,11,0,18,0,0,0,0,7,1,1,1,3,1,61,9,5883,2,13,4,1,4
2016471600665,1,9,0,18,0,2,0,0,0,0,4,1,6,3,-1,-1,-1,-1,-1,-1,-1,-1
2016471600665,2,9,0,2,0,2,0,0,0,0,4,1,6,2,35,6,1461,2,3,7,1,7
2016471600668,1,9,0,9,0,6,0,0,0,0,3,1,2,2,51,8,1560,2,7,6,1,6
2016471600668,2,4,0,18,0,1,0,0,0,0,1,1,6,1,48,8,899,1,18,4,1,4
2016471600674,1,19,0,18,0,8,0,0,0,0,1,1,6,3,-1,-1,-1,-1,-1,-1,-1,-1
2016471600674,2,1,0,16,0,8,0,0,0,0,3,1,6,1,40,7,-1,-1,-1,8,2,8
2016471600677,1,9,0,9,0,5,0,0,7,0,4,1,6,2,38,7,1390,1,5,7,1,7
2016471600677,2,3,0,18,0,8,0,0,0,0,1,1,1,1,24,5,125,1,3,6,1,6
2016471600678,1,9,0,17,0,0,1,0,7,4,1,1,6,1,46,8,1590,1,17,8,1,8
2016471600683,1,8,0,18,0,2,0,0,0,0,1,1,6,3,-1,-1,-1,-1,-1,-1,-1,-1
2016471600683,2,9,0,18,0,2,0,0,0,0,2,1,6,2,31,6,-1,-1,-1,1,1,1
2016471600683,3,9,0,18,0,1,0,0,0,0,0,1,6,3,-1,-1,-1,-1,-1,-1,-1,-1
2016471600684,1,9,0,4,0,0,0,0,0,0,1,1,6,2,51,8,1600,1,18,6,1,6
2016471600684,2,9,0,3,0,0,0,0,0,0,2,1,6,2,35,6,998,1,5,7,1,7
2016471600685,1,9,0,9,0,4,0,0,0,0,1,1,6,2,27,6,1399,1,8,6,1,6
2016471600685,2,9,0,18,0,4,0,0,0,0,1,1,6,2,72,10,1328,1,14,7,2,7
2016471600687,1,1,0,13,0,1,0,0,7,11,1,1,6,1,62,9,-1,-1,-1,8,3,8
2016471600687,2,21,0,4,0,1,0,0,0,0,3,1,1,1,42,7,-1,-1,-1,10,1,10
2016471600688,1,9,0,17,0,8,1,0,0,0,1,1,6,2,52,8,1461,2,1,8,3,8
2016471600688,2,9,0,16,0,8,1,0,0,0,1,1,1,2,33,6,1997,2,7,6,3,6
2016471600691,1,9,0,17,0,0,2,0,7,9,1,1,6,1,20,4,1124,1,12,7,3,7
2016471600692,1,9,0,18,0,6,0,0,0,0,1,1,6,2,79,11,1598,1,5,7,1,7
2016471600692,2,9,0,18,0,8,0,0,0,0,3,1,6,2,21,5,1598,2,6,2,1,2
2016471600694,1,5,0,10,0,6,0,0,0,0,1,1,6,1,61,9,1470,1,19,5,1,5
2016471600694,2,1,0,18,0,8,0,0,0,0,1,1,6,1,40,7,-1,-1,-1,5,1,5
2016471600695,1,9,0,4,0,1,0,0,0,0,1,1,6,2,45,7,1397,1,14,1,1,1
2016471600695,2,9,0,5,0,1,0,0,0,0,2,1,6,2,51,8,1796,1,13,1,1,1
2016471600696,1,8,0,18,0,5,0,0,4,1,4,1,6,1,62,9,1360,1,7,4,1,4
2016471600696,2,9,0,18,0,8,0,0,0,0,1,1,6,1,26,6,1910,2,10,5,1,5
2016471600699,1,9,0,18,0,3,0,0,0,0,3,1,6,2,75,10,1248,1,4,6,1,6
2016471600699,2,3,0,18,0,3,0,0,0,0,4,1,6,2,75,10,124,1,6,2,1,2
2016471600701,1,9,0,18,0,0,0,0,0,0,1,1,6,1,52,8,2495,2,26,6,1,6
2016471600701,2,9,0,3,0,0,0,0,0,0,2,1,6,1,25,5,1242,1,1,4,1,4
2016471600701,3,9,0,3,0,0,0,0,0,0,2,1,6,2,37,7,1149,1,5,8,1,8
2016471600701,4,9,0,3,0,0,0,0,0,0,2,1,6,2,56,9,1499,1,1,6,3,6
2016471600703,1,3,0,18,4,8,0,0,0,0,1,1,6,1,21,5,124,1,8,1,1,1
2016471600703,2,19,0,7,0,8,0,0,0,0,3,1,1,1,20,4,2198,2,2,6,3,6
2016471600703,3,9,0,3,0,2,0,0,0,0,2,1,6,2,67,10,1400,1,10,8,1,8
2016471600705,1,9,0,18,0,1,0,0,0,0,1,1,6,2,28,6,1560,2,10,8,3,8
2016471600705,2,9,0,3,0,1,0,0,0,0,2,1,1,2,45,7,1368,1,1,8,3,8
2016471600705,3,21,0,1,0,8,0,0,0,0,0,1,6,3,40,7,-1,-1,-1,-1,-1,-1
2016471600707,1,9,0,7,7,8,0,0,0,0,1,1,6,2,24,5,1199,1,16,2,1,2
2016471600707,2,1,0,15,0,1,0,0,0,0,2,1,6,1,41,7,-1,-1,-1,5,1,5
2016471600710,1,9,0,18,0,1,1,0,0,0,1,1,6,1,39,7,2495,2,20,6,3,6
2016471600710,2,9,0,3,0,1,0,0,0,0,2,1,1,1,52,8,-1,-1,-1,4,1,4
2016471600710,3,9,0,3,0,1,0,0,0,0,2,1,6,2,31,6,2000,2,11,6,1,6
2016471600710,4,9,0,3,0,1,0,0,0,0,2,1,1,1,62,9,1995,2,1,8,1,8
2016471600710,5,9,0,9,0,1,0,0,0,0,0,1,6,1,-1,-1,-1,-1,-1,-1,-1,-1
2016471600713,1,9,0,18,0,0,1,0,1,10,1,1,6,2,68,10,1998,2,12,5,3,5
2016471600714,1,9,0,5,0,1,0,0,0,0,3,1,6,2,38,7,1796,1,16,9,1,9
2016471600714,2,1,0,18,0,1,0,0,0,0,1,1,6,1,27,6,-1,-1,-1,3,1,3
2016471600715,1,9,0,4,0,4,0,0,1,2,1,1,6,2,83,11,999,1,16,6,1,6
2016471600716,1,10,0,18,9,0,0,0,7,9,3,1,3,1,77,11,2198,2,3,5,3,5
2016471600717,1,9,0,4,9,1,0,0,0,0,1,1,2,1,28,6,999,1,3,10,1,10
2016471600718,1,9,0,2,0,0,0,0,0,0,3,1,6,1,50,8,-1,-1,-1,3,1,3
2016471600718,2,1,0,18,0,0,0,0,0,0,1,1,6,1,39,7,-1,-1,-1,5,1,5
2016471600719,1,9,0,17,0,2,0,0,1,10,1,1,6,2,79,11,1600,2,7,3,1,3
2016471600721,1,9,0,9,0,1,0,0,0,0,1,1,6,2,25,5,1329,1,6,9,1,9
2016471600721,2,9,0,18,0,1,0,0,0,0,3,1,6,2,35,6,999,1,1,2,1,2
2016471600724,1,9,0,18,0,1,5,0,0,0,3,1,6,2,75,10,1329,1,1,8,3,8
2016471600724,2,9,0,18,0,1,0,0,7,11,4,1,6,1,77,11,2967,2,9,6,2,6
2016471600726,1,9,0,18,0,1,5,0,1,9,4,1,6,2,29,6,1596,1,10,5,3,5
2016471600727,1,19,0,9,0,1,1,0,1,4,1,1,1,1,31,6,2143,2,3,3,1,3
2016471600729,1,9,0,17,0,0,1,0,7,0,1,1,1,2,24,5,998,1,3,10,1,10
2016471600729,2,9,0,16,0,0,1,0,0,0,3,1,1,1,53,8,1896,2,10,9,2,9
2016471600730,1,9,0,18,0,0,0,0,0,0,3,1,3,2,40,7,3192,1,10,-1,-1,-1
2016471600731,1,9,0,18,0,0,0,0,0,0,1,1,6,2,72,10,1386,1,6,6,1,6
2016471600732,1,11,0,18,0,8,0,0,0,0,0,1,6,1,74,10,4461,2,1,9,2,9
2016471600732,2,19,0,5,0,1,0,0,0,0,0,1,1,1,29,6,2143,2,2,3,1,3
2016471600733,1,1,0,18,0,0,0,0,0,0,1,1,6,1,40,7,-1,-1,-1,4,1,4
2016471600733,2,9,0,2,0,0,0,0,0,0,2,1,6,3,-1,-1,1339,1,14,-1,-1,-1
2016471600738,1,9,0,10,0,2,0,0,0,0,3,1,6,1,20,4,1229,1,5,4,1,4
2016471600738,2,1,0,18,0,8,0,0,0,0,1,1,6,1,17,4,-1,-1,-1,5,1,5
2016471600739,1,9,0,18,0,0,0,0,0,0,3,1,1,1,39,7,2967,1,15,6,1,6
2016471600740,1,9,0,9,0,0,0,0,0,0,1,1,6,2,62,9,1896,2,11,5,1,5
2016471600740,2,21,0,17,0,0,0,0,0,0,1,1,1,1,58,9,6370,2,8,4,1,4
2016471600742,1,5,0,16,0,0,1,0,7,9,3,1,6,1,52,8,998,1,-1,8,1,8
2016471600743,1,8,0,18,0,0,0,0,0,0,1,1,1,1,39,7,1560,2,4,7,1,7
2016471600743,2,9,0,2,0,0,0,0,0,0,1,1,6,1,42,7,2979,1,11,4,1,4
2016471600744,1,1,0,18,9,1,0,0,0,0,1,1,2,2,30,6,-1,-1,-1,3,1,3
2016471600744,2,9,0,4,0,1,0,0,0,0,1,1,6,1,65,9,1560,2,10,5,2,5
2016471600745,1,9,0,18,0,1,0,0,0,0,1,1,6,2,65,9,2316,1,18,8,1,8
2016471600745,2,1,0,18,0,1,0,10,0,0,1,1,6,1,44,7,-1,-1,-1,2,1,2
2016471600746,1,9,0,5,0,0,0,0,0,0,3,1,6,1,42,7,1995,2,7,4,1,4
2016471600746,2,19,0,18,0,0,2,0,0,0,4,1,2,1,46,8,-1,-1,-1,7,1,7
2016471600747,1,9,0,16,0,0,0,0,7,4,1,1,6,1,26,6,1596,1,15,7,1,7
2016471600747,2,9,0,16,0,0,0,0,0,0,0,1,1,1,32,6,1997,2,1,6,1,6
2016471600750,1,9,0,13,0,8,0,0,0,0,3,1,6,3,-1,-1,-1,-1,-1,-1,-1,-1
2016471600750,2,9,0,18,0,8,0,0,0,0,3,1,6,1,23,5,998,1,5,5,1,5
2016471600751,1,9,0,4,0,0,0,0,0,0,0,1,6,1,40,7,-1,-1,-1,-1,-1,-1
2016471600751,2,11,0,4,0,0,0,0,0,0,0,1,6,1,35,6,5900,2,8,3,1,3
2016471600755,1,5,0,13,0,0,1,7,7,0,1,1,6,1,49,8,750,1,10,5,1,5
2016471600755,2,9,0,18,0,0,0,0,0,0,4,1,6,1,35,6,1984,1,11,5,3,5
2016471600755,3,9,0,18,0,0,0,0,0,0,0,1,6,3,40,7,-1,-1,-1,-1,-1,-1
2016471600756,1,9,0,18,0,0,1,0,1,4,4,1,6,2,19,4,1229,1,9,5,1,5
2016471600758,1,9,0,18,0,1,1,0,0,0,1,1,6,1,60,9,1769,2,22,6,1,6
2016471600758,2,9,0,18,0,8,0,0,0,0,2,1,2,1,32,6,1995,2,10,10,1,10
2016471600758,3,9,0,2,0,8,0,0,0,0,0,1,6,3,-1,-1,1229,1,11,-1,-1,-1
2016471600760,1,9,0,17,0,0,2,0,1,0,1,1,6,1,40,7,1598,2,1,5,3,5
2016471600761,1,9,0,5,0,8,0,0,0,0,0,1,6,3,-1,-1,-1,-1,-1,-1,-1,-1
2016471600761,2,3,0,4,0,8,0,0,0,0,0,1,6,1,21,5,-1,-1,-1,5,2,5
2016471600762,1,9,0,18,0,0,0,0,0,0,1,1,6,1,49,8,1560,2,4,5,3,5
2016471600762,2,9,0,4,0,0,0,0,0,0,2,1,6,2,40,7,1591,1,6,9,2,9
2016471600762,3,9,0,4,0,0,0,0,0,0,2,1,6,2,25,5,1398,1,1,8,1,8
2016471600763,1,9,0,17,0,0,0,0,1,11,3,1,6,2,48,8,973,1,17,4,1,4
2016471600765,1,5,0,17,0,0,1,0,1,0,4,1,6,1,28,6,600,1,14,10,1,10
2016471600766,1,9,0,18,0,2,1,0,7,11,2,1,6,2,19,4,1229,1,1,4,1,4
2016471600766,2,9,0,18,0,1,1,0,0,0,1,1,6,1,41,7,1999,1,9,5,1,5
2016471600773,1,9,0,5,0,2,0,0,0,0,4,1,6,2,40,7,1587,1,11,10,1,10
2016471600773,2,1,0,4,0,2,0,0,0,0,3,1,6,2,35,6,-1,-1,-1,10,1,10
2016471600775,1,9,0,18,0,2,0,0,0,0,1,1,6,2,22,5,1596,1,9,6,1,6
2016471600775,2,9,0,3,0,2,0,0,0,0,2,1,6,1,17,4,1910,2,10,8,1,8
2016471600777,1,9,0,17,0,0,0,0,1,10,1,1,2,1,46,8,-1,-1,-1,4,1,4
2016471600777,2,9,0,17,0,0,0,0,0,0,2,1,3,2,47,8,1499,2,1,2,1,2
2016471600778,1,9,0,6,0,8,0,0,0,0,0,1,6,1,40,7,-1,-1,-1,-1,-1,-1
2016471600778,2,11,0,7,0,6,0,0,0,0,0,1,1,1,29,6,9360,2,3,10,1,10
2016471600781,1,19,0,4,0,1,1,0,1,11,1,1,1,1,23,5,2198,2,3,10,1,10
2016471600781,2,9,0,10,0,1,0,0,0,0,2,1,6,2,42,7,2457,1,7,6,3,6
2016471600782,1,9,0,18,0,6,0,0,3,1,1,1,1,1,33,6,1368,1,9,7,1,7
2016471600782,2,9,0,18,0,8,0,0,1,10,3,1,2,2,45,7,1598,2,6,8,3,8
2016471600784,1,9,0,10,0,2,0,0,0,0,3,1,6,2,55,8,2976,1,12,10,1,10
2016471600784,2,3,0,18,0,1,0,0,0,0,1,1,6,1,19,4,124,1,15,9,2,9
2016471600785,1,9,0,18,0,1,1,0,1,6,1,1,6,1,79,11,1997,1,9,8,1,8
2016471600786,1,9,0,18,0,1,0,0,0,0,1,1,6,1,40,7,1995,2,2,6,3,6
2016471600786,2,9,0,3,0,1,0,0,0,0,2,1,6,1,45,7,1995,2,10,8,1,8
2016471600787,1,9,0,1,0,0,0,0,0,0,2,1,6,1,46,8,2996,2,18,6,3,6
2016471600790,1,9,0,1,0,5,0,0,0,0,2,1,6,1,35,6,1995,2,14,6,1,6
2016471600790,2,5,0,18,0,8,0,0,0,0,1,1,6,1,46,8,1170,1,12,3,1,3
2016471600792,1,9,0,18,0,2,0,0,0,0,1,1,6,2,35,6,1388,1,7,4,1,4
2016471600795,1,9,0,2,0,2,0,0,0,0,3,1,6,1,19,4,1198,1,11,4,1,4
2016471600795,2,1,0,14,0,2,0,8,0,0,1,1,6,1,62,9,-1,-1,-1,4,1,4
2016471600804,1,9,0,9,0,1,0,0,0,0,1,1,6,1,67,10,2401,2,8,9,3,9
2016471600804,2,9,0,18,0,1,1,0,1,11,3,1,6,1,38,7,1398,2,13,5,1,5
2016471600805,1,9,0,18,0,0,0,0,0,0,1,1,6,2,74,10,1995,1,6,8,3,8
2016471600805,2,9,0,18,0,0,0,0,0,0,1,1,1,1,28,6,1598,1,4,6,3,6
2016471600809,1,9,0,13,0,1,0,0,0,0,4,1,6,2,20,4,-1,-1,-1,3,1,3
2016471600809,2,9,0,10,0,1,0,0,0,0,3,1,1,1,32,6,2499,1,10,5,1,5
2016471600810,1,9,0,18,0,1,0,0,1,11,1,1,6,1,25,5,1391,1,21,-1,-1,-1
2016471600810,2,9,0,18,0,1,0,0,0,0,1,1,6,1,17,4,1390,1,12,7,3,7
2016471600812,1,19,0,18,0,1,0,0,0,0,1,1,2,1,33,6,2143,2,6,6,1,6
2016471600812,2,9,0,18,0,1,0,0,0,0,2,1,6,1,59,9,2720,2,11,7,3,7
2016471600812,3,11,0,18,2,1,0,0,0,0,3,1,1,1,26,6,7300,2,2,5,1,5
2016471600815,1,9,0,13,0,0,1,0,0,0,1,1,1,2,24,5,1796,1,16,7,3,7
2016471600815,2,11,0,18,0,0,1,0,1,0,1,1,1,1,43,7,-1,2,6,5,1,5
2016471600815,3,21,0,18,0,0,0,0,0,0,0,1,1,1,58,9,10837,2,1,6,1,6
2016471600819,1,9,0,7,0,1,0,0,0,0,3,1,2,2,55,8,1240,1,9,7,1,7
2016471600819,2,4,0,17,0,1,0,0,0,0,1,1,2,1,31,6,125,1,2,4,1,4
2016471600821,1,19,0,9,0,8,0,0,0,0,0,1,6,3,30,6,-1,-1,-1,-1,-1,-1
2016471600821,2,11,0,10,0,8,0,0,0,0,0,1,6,1,47,8,9360,2,3,3,1,3
2016471600828,1,9,0,4,0,4,0,0,0,0,1,1,6,1,46,8,-1,-1,-1,4,1,4
2016471600828,2,9,0,3,0,4,0,0,0,0,2,1,6,2,39,7,1998,2,10,4,1,4
2016471600829,1,9,0,18,0,0,0,0,0,0,4,1,6,1,76,11,1590,1,17,9,1,9
2016471600830,1,21,0,18,0,1,0,0,0,0,4,1,1,2,57,9,4500,2,2,2,1,2
2016471600831,1,9,0,16,0,0,5,0,7,4,1,1,6,1,78,11,1229,1,9,10,1,10
2016471600832,1,19,0,9,0,8,0,0,0,0,3,1,6,1,27,6,1996,2,4,2,1,2
2016471600832,2,1,0,18,4,8,0,0,0,0,4,1,6,1,26,6,-1,-1,-1,-1,-1,-1
2016471600837,1,9,0,17,0,0,2,0,1,0,4,1,2,2,33,6,1199,1,14,8,1,8
2016471600838,1,9,0,17,0,0,2,0,1,0,1,1,2,2,22,5,1124,1,14,4,1,4
2016471600840,1,9,0,11,0,0,0,0,0,0,0,1,6,1,21,5,-1,-1,-1,-1,-1,-1
2016471600840,2,9,0,18,0,0,1,0,1,4,1,1,2,1,49,8,-1,-1,-1,6,1,6
2016471600842,1,9,0,18,0,2,0,0,0,0,1,1,3,1,47,8,-1,-1,-1,9,1,9
2016471600842,2,9,0,18,0,2,0,0,0,0,2,1,1,1,54,8,1198,1,13,8,1,8
2016471600842,3,9,0,18,0,2,0,0,0,0,2,1,2,1,53,8,1796,2,2,8,1,8
2016471600844,1,19,0,6,0,8,0,0,0,0,2,1,1,1,48,8,1968,2,3,2,1,2
2016471600844,2,3,0,18,0,8,0,0,0,0,1,1,2,1,24,5,124,1,1,2,1,2
2016471600846,1,9,0,4,0,0,0,0,0,0,1,1,6,2,54,8,1341,1,12,6,1,6
2016471600846,2,9,0,4,0,0,0,0,0,0,2,1,1,1,43,7,1794,1,8,4,1,4
2016471600846,3,9,0,4,0,0,0,0,0,0,2,1,6,2,30,6,1598,1,5,9,3,9
2016471600848,1,9,0,4,0,2,0,0,1,2,1,1,1,2,21,5,1199,1,16,3,1,3
2016471600849,1,9,0,18,0,0,2,0,0,0,4,1,6,2,28,6,1598,1,11,9,2,9
2016471600850,1,1,0,18,0,8,0,0,0,0,1,1,6,1,16,4,-1,-1,-1,9,1,9
2016471600850,2,9,0,9,0,8,0,0,0,0,3,1,2,1,57,9,998,1,3,8,1,8
2016471600852,1,9,0,18,0,2,0,0,0,0,1,1,6,1,32,6,1598,1,3,7,1,7
2016471600852,2,9,0,4,0,2,0,0,0,0,2,1,2,1,40,7,1598,2,1,8,1,8
2016471600852,3,9,0,9,0,2,0,0,0,0,0,1,6,1,40,7,1984,1,15,4,1,4
2016471600855,1,9,0,9,0,8,0,0,0,0,1,1,6,2,35,6,1497,8,10,1,1,1
2016471600855,2,9,0,18,0,8,0,0,0,0,1,1,6,2,79,11,1240,1,6,10,1,10
2016471600857,1,9,0,5,0,6,0,0,0,0,1,1,6,1,67,10,1360,1,4,9,1,9
2016471600857,2,1,0,18,0,8,0,0,0,0,1,1,6,1,26,6,-1,-1,-1,4,1,4
2016471600862,1,9,0,16,0,0,1,0,0,0,1,1,2,1,22,5,1968,2,5,4,1,4
2016471600862,2,9,0,17,0,0,2,0,0,0,3,1,6,1,54,8,2982,2,11,6,3,6
2016471600866,1,9,0,4,0,0,5,10,1,4,1,1,6,1,19,4,1390,1,13,8,3,8
2016471600867,1,9,0,18,0,0,1,0,1,10,4,1,1,1,36,7,1968,2,9,4,1,4
2016471600867,2,19,0,18,0,0,1,0,1,0,1,1,1,1,36,7,1560,2,2,8,1,8
2016471600869,1,11,0,18,2,2,0,0,0,0,1,1,3,1,62,9,12000,2,14,10,1,10
2016471600871,1,4,0,5,0,4,0,0,0,0,3,1,2,1,17,4,124,1,1,6,3,6
2016471600871,2,9,0,5,0,4,0,0,0,0,4,1,2,2,21,5,1198,1,6,9,1,9
2016471600874,1,9,0,16,0,0,2,10,7,4,1,1,6,1,71,10,1796,1,12,4,1,4
2016471600875,1,9,0,18,0,0,5,0,7,3,1,1,6,1,17,4,-1,-1,-1,8,2,8
2016471600876,1,9,0,18,4,0,1,4,0,0,1,1,6,1,54,8,1998,1,19,1,1,1
2016471600876,2,1,0,18,4,0,1,4,0,0,1,1,2,2,19,4,-1,-1,-1,6,1,6
2016471600879,1,9,0,9,0,6,0,0,0,0,1,1,6,1,50,8,1596,1,4,-1,-1,-1
2016471600879,2,9,0,9,0,5,0,0,1,0,3,1,6,2,53,8,1360,1,12,6,1,6
2016471600881,1,9,0,3,0,4,0,0,0,0,1,1,6,1,35,6,1397,1,14,1,1,1
2016471600881,2,9,0,3,0,4,0,0,0,0,2,1,6,2,21,5,1596,1,4,3,1,3
2016471600882,1,8,0,9,0,6,0,0,0,0,3,1,6,2,21,5,1229,1,3,2,1,2
2016471600882,2,9,0,18,0,1,0,0,0,0,1,1,6,2,53,8,1598,1,19,7,1,7
2016471600883,1,9,0,18,0,0,1,0,7,4,3,1,6,1,37,7,1493,1,20,6,1,6
2016471600885,1,9,0,18,0,1,0,0,0,0,1,1,6,1,35,6,-1,-1,-1,2,1,2
2016471600886,1,8,0,9,0,6,0,0,0,0,3,1,1,1,36,7,1560,2,4,2,1,2
2016471600887,1,9,0,18,0,0,0,0,0,0,4,1,6,1,85,11,1796,1,16,10,1,10
2016471600888,1,9,0,18,0,2,1,0,5,6,3,1,6,1,25,5,1587,1,12,7,1,7
2016471600888,2,9,0,18,0,8,0,0,0,0,4,1,6,2,31,6,2148,2,14,4,1,4
2016471600889,1,9,0,18,0,1,2,0,1,1,3,1,6,1,19,4,1388,1,19,4,1,4
2016471600890,1,9,0,9,9,8,0,0,7,0,1,1,6,3,-1,-1,-1,-1,-1,-1,-1,-1
2016471600894,1,9,0,18,0,2,0,0,0,0,3,1,6,1,32,6,1390,1,13,9,1,9
2016471600894,2,9,0,18,0,2,0,0,0,0,3,1,6,2,57,9,1781,1,13,6,3,6
2016471600894,3,9,0,18,0,1,0,0,0,0,3,1,6,1,57,9,1560,2,5,3,1,3
2016471600895,1,9,0,18,0,0,1,0,0,0,1,1,6,2,73,10,1390,1,12,8,3,8
2016471600895,2,9,0,3,0,0,0,0,0,0,2,1,6,1,24,5,2926,2,15,9,3,9
2016471600895,3,9,0,3,0,0,0,0,0,0,2,1,6,1,56,9,2143,2,6,10,1,10
2016471600897,1,9,0,18,0,1,0,0,0,0,4,1,6,1,63,9,1339,1,8,6,2,6
2016471600897,2,1,0,18,0,1,0,0,0,0,3,1,6,1,52,8,-1,-1,-1,1,1,1
2016471600899,1,9,0,9,0,8,0,0,0,0,3,1,6,2,24,5,1242,1,10,9,2,9
2016471600899,2,9,0,18,0,1,0,0,0,0,1,1,6,1,73,10,1998,1,13,6,3,6
2016471600900,1,9,0,18,0,1,0,0,0,0,1,1,6,2,29,6,1984,1,8,6,2,6
2016471600900,2,9,0,4,0,1,0,0,0,0,2,1,6,2,25,5,1242,1,3,10,1,10
2016471600904,1,9,0,18,0,0,0,0,0,4,1,1,6,1,21,5,1975,1,13,9,2,9
2016471600906,1,9,0,18,0,8,0,0,0,0,1,1,6,3,-1,-1,-1,-1,-1,-1,-1,-1
2016471600907,1,19,0,18,0,0,0,4,0,0,4,1,6,1,49,8,1998,2,13,1,1,1
2016471600907,2,8,0,2,0,0,0,0,0,0,0,1,6,3,-1,-1,1798,1,6,-1,-1,-1
2016471600910,1,9,0,18,0,0,5,0,1,10,4,1,6,1,47,8,1995,2,4,8,3,8
2016471600914,1,9,0,18,0,0,5,0,1,0,0,1,1,1,35,6,1199,1,12,7,1,7
2016471600915,1,9,0,4,0,0,0,0,0,0,1,1,6,1,80,11,1362,1,3,4,1,4
2016471600915,2,9,0,10,0,0,0,0,0,0,2,1,2,1,33,6,1200,1,1,10,3,10
2016471600915,3,9,0,18,0,0,0,0,0,0,3,1,6,1,50,8,-1,-1,-1,-1,-1,-1
2016471600920,1,9,0,10,0,6,0,0,0,0,1,1,6,1,22,5,1599,1,15,4,1,4
2016471600920,2,9,0,18,0,8,0,0,1,11,4,1,6,2,30,6,1686,2,10,4,1,4
2016471600921,1,9,0,18,0,0,0,0,0,0,1,1,6,2,40,7,2987,2,1,5,1,5
2016471600921,2,9,0,3,0,0,0,0,0,0,2,1,6,1,57,9,1386,1,9,10,1,10
2016471600921,3,19,0,3,0,0,0,0,0,0,0,1,6,1,25,5,2198,2,5,5,3,5
2016471600922,1,9,0,17,0,0,5,0,1,4,1,1,6,1,28,6,1998,2,14,-1,-1,-1
2016471600923,1,9,0,9,0,6,0,0,0,0,1,1,6,2,54,8,1197,1,1,8,1,8
2016471600923,2,1,0,18,0,8,0,0,0,0,4,1,2,1,58,9,-1,-1,-1,10,1,10
2016471600926,1,9,0,17,0,0,0,0,0,0,1,1,2,1,53,8,2179,2,1,6,3,6
2016471600926,2,9,0,16,0,0,0,0,0,0,1,1,2,1,41,7,2188,2,13,5,2,5
2016471600927,1,21,5,18,0,0,0,0,0,0,1,2,6,1,30,6,-1,-1,-1,-1,-1,-1
2016471600927,2,9,0,18,0,0,0,0,0,0,4,1,1,1,51,8,-1,-1,-1,9,1,9
2016471600927,3,8,0,18,0,0,0,0,0,0,3,1,1,1,43,7,1997,2,3,7,1,7