Accident_Index,Vehicle_Reference,Vehicle_Type,Towing_and_Articulation,Vehicle_Manoeuvre,Vehicle_Location-Restricted_Lane,Junction_Location,Skidding_and_Overturning,Hit_Object_in_Carriageway,Vehicle_Leaving_Carriageway,Hit_Object_off_Carriageway,1st_Point_of_Impact,Was_Vehicle_Left_Hand_Drive?,Journey_Purpose_of_Driver,Sex_of_Driver,Age_of_Driver,Age_Band_of_Driver,Engine_Capacity_(CC),Propulsion_Code,Age_of_Vehicle,Driver_IMD_Decile,Driver_Home_Area_Type,Vehicle_IMD_Decile
2016471601179,2,9,0,18,0,1,0,0,1,11,2,1,2,2,54,8,998,1,1,7,1,7
2016471601180,1,9,0,1,0,1,0,0,0,0,2,1,6,2,51,8,2993,2,4,4,3,4
2016471601182,1,9,0,16,0,0,1,0,7,9,1,1,6,1,48,8,1343,1,12,7,2,7
2016471601183,1,22,0,18,0,0,0,0,0,0,1,1,6,1,-1,-1,-1,-1,-1,9,1,9
2016471601184,1,9,0,18,0,0,0,0,0,0,1,1,6,1,64,9,1124,1,14,6,1,6
2016471601184,2,9,0,2,0,0,0,0,0,0,2,1,6,3,-1,-1,-1,-1,-1,-1,-1,-1
2016471601188,1,9,0,18,0,0,5,0,1,4,1,1,6,2,26,6,1199,1,12,2,1,2
2016471601193,1,9,0,5,0,4,0,0,0,0,0,1,6,1,76,11,1341,1,11,6,3,6
2016471601193,2,5,0,18,0,8,0,0,0,0,0,1,6,1,24,5,599,1,19,4,1,4
2016471601195,1,1,0,9,0,5,0,0,0,0,4,1,6,1,28,6,-1,-1,-1,4,1,4
2016471601195,2,4,0,18,0,1,0,0,0,0,1,1,6,1,44,7,-1,-1,-1,-1,-1,-1
2016471601197,1,9,0,9,0,1,0,0,0,0,4,1,6,1,40,7,1984,1,4,4,1,4
2016471601197,2,9,0,18,0,1,0,0,0,0,1,1,6,2,38,7,1390,1,15,8,1,8
2016471601199,1,9,0,18,0,2,0,0,0,0,1,1,6,2,73,10,2035,1,10,9,2,9
2016471601199,2,9,0,18,0,1,0,0,0,0,1,1,6,1,56,9,1968,2,1,9,1,9
2016471601201,1,9,0,9,0,5,0,0,0,0,1,1,6,1,34,6,1388,1,13,3,1,3
2016471601201,2,1,0,9,0,5,0,0,0,0,2,1,6,1,49,8,-1,-1,-1,4,1,4
2016471601202,1,9,0,18,0,1,0,0,0,0,1,1,3,2,36,7,1598,1,5,4,1,4
2016471601202,2,9,0,4,0,1,0,0,0,0,2,1,3,2,36,7,1598,1,9,4,1,4
2016471601202,3,8,0,4,0,1,0,0,0,0,2,1,1,1,32,6,1896,2,13,4,1,4
2016471601205,1,9,0,18,0,1,0,0,0,0,2,1,6,1,25,5,998,1,1,7,1,7
2016471601207,1,5,0,9,0,8,1,0,0,0,0,1,6,1,54,8,1000,1,19,4,1,4
2016471601207,2,9,0,18,0,1,0,0,0,0,0,1,6,2,41,7,1999,1,11,4,1,4
2016471601208,1,19,0,11,0,4,0,0,0,0,0,1,1,3,-1,-1,-1,-1,-1,-1,-1,-1
2016471601208,2,9,0,18,0,1,0,0,0,0,3,1,6,1,26,6,1149,1,15,6,1,6
2016471601208,3,9,0,18,0,1,0,0,0,0,1,1,6,1,30,6,1600,1,26,4,1,4
2016471601211,1,9,0,18,0,1,0,0,0,0,0,1,6,3,-1,-1,-1,-1,-1,-1,-1,-1
2016471601211,2,9,0,18,0,3,1,7,0,10,1,1,6,1,18,4,1124,1,16,3,1,3
2016471601214,1,1,0,18,0,0,0,0,0,0,1,1,6,1,62,9,-1,-1,-1,7,1,7
2016471601214,2,1,0,18,0,0,0,0,0,0,2,1,6,1,40,7,-1,-1,-1,-1,-1,-1
2016471601215,1,9,0,18,0,0,0,0,0,0,4,1,6,2,68,10,1598,1,15,5,1,5
2016471601219,1,9,0,18,0,4,0,9,0,0,1,1,6,1,30,6,1598,1,12,2,1,2
2016471601222,1,2,0,18,0,1,0,10,0,0,1,1,6,1,16,4,49,1,6,6,2,6
2016471601222,2,9,0,2,0,2,0,0,0,0,0,1,6,1,55,8,1560,2,10,7,1,7
2016471601227,1,9,0,4,0,4,0,0,0,0,3,1,6,1,21,5,1799,1,9,4,1,4
2016471601227,2,9,0,3,0,4,0,0,0,0,0,1,6,1,43,7,1198,1,11,7,1,7
2016471601229,1,9,0,4,0,1,0,0,0,0,1,1,6,1,50,8,1998,2,11,6,1,6
2016471601229,2,9,0,3,0,1,0,0,0,0,2,1,1,2,40,7,2993,2,1,7,1,7
2016471601230,1,9,0,9,0,5,0,0,0,0,1,1,1,2,66,10,1248,1,7,5,1,5
2016471601230,2,9,0,18,0,2,0,0,0,0,3,1,1,1,20,4,1390,1,2,4,1,4
2016471601231,1,9,0,18,0,0,0,0,0,0,1,1,6,2,18,4,1149,1,12,6,1,6
2016471601231,2,9,0,2,0,0,0,0,0,0,0,1,6,3,-1,-1,2685,2,12,-1,-1,-1
2016471601233,1,3,0,18,0,1,1,0,0,0,4,1,6,1,19,4,124,1,5,4,1,4
2016471601233,2,9,0,7,0,2,0,0,0,0,4,1,6,2,51,8,999,1,1,1,1,1
2016471601234,1,9,0,1,0,0,0,0,0,0,2,1,6,1,40,7,-1,-1,-1,-1,-1,-1
2016471601236,1,9,0,18,0,0,0,0,0,0,4,1,6,1,35,6,1999,1,3,1,1,1
2016471601237,1,9,0,7,0,0,0,0,0,0,1,1,6,1,51,8,1968,2,5,7,1,7
2016471601237,2,1,0,18,0,0,0,0,0,0,1,1,6,1,32,6,-1,-1,-1,8,1,8
2016471601238,1,4,0,14,0,1,0,0,7,0,1,1,6,1,34,6,400,1,26,10,1,10
2016471601238,2,9,0,9,0,6,0,0,0,0,3,1,6,1,38,7,1299,1,16,3,1,3
2016471601239,1,9,0,9,0,8,0,0,0,0,1,1,6,2,39,7,2204,2,8,4,1,4
2016471601239,2,9,0,18,0,8,0,0,0,0,3,1,6,1,45,7,2354,1,10,6,1,6
2016471601241,1,1,0,18,0,0,0,0,0,10,1,1,6,1,50,8,-1,-1,-1,4,1,4
2016471601242,1,9,0,5,0,6,0,0,0,0,3,1,6,2,55,8,1360,1,10,3,1,3
2016471601242,2,9,0,18,0,1,0,0,0,0,1,1,6,1,27,6,1896,2,8,4,1,4
2016471601244,1,3,0,16,0,0,1,0,0,0,1,1,2,2,26,6,124,1,3,2,1,2
2016471601244,2,9,0,3,0,0,0,0,0,0,2,1,6,2,46,8,1995,2,7,4,1,4
2016471601245,1,9,0,18,0,4,0,0,0,0,3,1,6,1,50,8,-1,-1,-1,-1,-1,-1
2016471601245,2,9,0,18,0,3,0,0,0,0,1,1,6,2,25,5,898,1,1,10,1,10
2016471601247,1,9,0,9,0,3,0,0,0,0,3,1,6,2,35,6,-1,-1,-1,-1,-1,-1
2016471601247,2,9,0,18,0,3,1,0,0,0,1,1,6,2,42,7,1998,2,2,10,1,10
2016471601248,1,9,0,18,0,2,0,0,0,0,1,1,6,3,-1,-1,-1,-1,-1,-1,-1,-1
2016471601248,2,9,0,4,0,2,0,0,0,0,2,1,6,1,24,5,1229,1,8,7,1,7
2016471601249,1,9,0,1,9,1,0,0,0,0,2,1,6,3,-1,-1,1390,1,15,-1,-1,-1
2016471601257,1,9,0,18,0,0,0,10,7,0,1,2,6,1,34,6,1560,2,12,6,2,6
2016471601257,2,9,0,18,0,0,0,0,1,0,1,1,6,1,42,7,1896,2,14,6,3,6
2016471601263,1,9,0,9,0,8,0,0,0,0,3,1,6,2,24,5,1597,1,9,5,1,5
2016471601263,2,8,0,18,0,8,0,0,0,0,1,1,1,1,48,8,1797,8,2,4,1,4
2016471601266,1,9,0,18,0,0,0,0,0,0,0,1,6,1,31,6,1997,2,6,7,1,7
2016471601266,2,9,0,10,0,0,0,0,0,0,2,1,1,1,71,10,1360,1,15,9,1,9
2016471601266,3,9,0,18,0,0,1,0,0,0,1,1,6,2,24,5,1368,1,7,10,1,10
2016471601267,1,1,0,18,0,8,0,0,0,0,0,1,4,1,12,3,-1,-1,-1,3,1,3
2016471601267,2,9,0,5,0,6,0,0,0,0,3,1,6,1,76,11,-1,-1,-1,7,1,7
2016471601268,1,9,0,3,0,2,0,0,0,0,4,1,2,1,29,6,1598,1,1,5,1,5
2016471601268,2,1,0,14,0,2,0,0,0,0,1,1,2,1,58,9,-1,-1,-1,5,1,5
2016471601269,1,9,0,18,0,1,0,0,0,0,1,1,6,2,55,8,875,1,1,8,1,8
2016471601269,2,9,0,10,0,1,0,0,0,0,2,1,3,2,37,7,1896,2,7,10,2,10
2016471601270,1,9,0,13,0,1,0,0,0,0,4,1,6,3,-1,-1,-1,-1,-1,-1,-1,-1
2016471601270,2,9,0,3,0,1,0,0,0,0,0,1,6,1,25,5,-1,-1,-1,-1,-1,-1
2016471601273,1,9,0,18,0,1,0,7,0,2,1,1,2,1,23,5,1998,2,15,4,1,4
2016471601274,1,9,0,16,0,0,1,0,0,11,1,1,1,2,58,9,1590,1,14,1,1,1
2016471601276,1,9,0,9,0,6,0,0,0,0,1,1,2,2,25,5,1364,1,11,9,1,9
2016471601276,2,5,0,18,0,8,0,0,0,0,1,1,6,1,38,7,649,1,5,6,1,6
2016471601278,1,9,0,18,0,0,0,0,0,0,1,1,6,2,46,8,998,1,8,4,1,4
2016471601279,1,9,0,10,0,1,0,0,0,0,4,1,2,1,29,6,1598,1,18,5,3,5
2016471601279,2,19,0,18,0,1,0,0,0,0,1,1,2,1,61,9,2143,2,1,4,2,4
2016471601280,1,9,0,18,0,8,0,0,3,9,1,1,6,1,21,5,1248,2,5,10,1,10
2016471601281,1,9,0,17,0,0,1,0,0,0,1,1,2,2,39,7,1998,1,13,10,2,10
2016471601281,2,9,0,18,0,0,0,0,0,0,1,1,2,2,48,8,1598,2,2,9,1,9
2016471601283,1,9,0,17,0,0,0,0,1,4,1,1,6,1,22,5,2143,2,2,9,3,9
2016471601288,1,9,0,4,0,1,0,0,0,0,1,1,6,1,37,7,1363,2,12,3,1,3
2016471601288,2,9,0,4,0,1,0,0,0,0,2,1,6,1,30,6,1995,2,4,8,1,8
2016471601289,1,9,0,9,0,8,0,0,0,0,1,1,6,1,32,6,1796,1,13,6,3,6
2016471601289,2,9,0,10,0,8,0,0,0,0,1,1,6,2,47,8,1991,1,-1,9,3,9
2016471601290,1,9,0,11,0,3,0,0,0,0,4,1,1,1,39,7,1969,2,1,9,2,9
2016471601290,2,4,0,5,0,3,0,0,0,0,1,1,2,1,26,6,499,1,12,4,1,4
2016471601291,1,9,0,18,0,1,0,0,0,0,1,1,6,1,41,7,1461,2,12,8,1,8
2016471601291,2,9,0,7,0,1,1,0,1,0,2,1,6,2,21,5,1199,1,14,5,1,5
2016471601292,1,9,0,9,0,5,0,0,0,0,4,1,6,1,90,11,1497,1,14,8,1,8
2016471601292,2,9,0,18,0,1,0,0,0,0,1,1,6,1,80,11,1896,2,7,7,1,7
2016471601293,1,9,0,18,0,1,0,0,0,0,1,1,6,1,58,9,1598,1,16,7,1,7
2016471601293,2,1,0,18,0,1,0,0,0,0,3,1,2,1,55,8,-1,-1,-1,2,1,2
2016471601294,1,9,0,18,0,0,0,0,0,0,1,1,2,1,35,6,1497,1,13,4,1,4
2016471601294,2,9,0,3,0,0,0,0,0,0,2,1,2,1,26,6,1596,1,11,1,1,1
2016471601296,1,9,0,18,0,1,0,0,0,0,4,1,2,1,19,4,1272,1,27,7,1,7
2016471601296,2,1,0,18,0,1,0,0,0,0,2,1,6,1,59,9,-1,-1,-1,8,1,8
2016471601297,1,9,0,16,0,0,0,0,0,0,1,1,6,1,31,6,2993,2,12,10,2,10
2016471601297,2,9,0,17,0,0,0,0,1,0,1,1,6,2,55,8,1339,1,9,9,2,9
2016471601298,1,9,0,16,0,0,0,0,0,0,1,1,6,1,20,4,-1,-1,-1,-1,-1,-1
2016471601298,2,9,0,17,0,0,0,0,0,0,3,1,6,2,29,6,1598,1,8,4,1,4
2016471601300,1,19,0,18,0,6,0,0,0,0,1,1,1,1,52,8,1996,2,5,8,1,8
2016471601300,2,1,0,18,0,8,0,0,0,0,1,1,6,2,21,5,-1,-1,-1,7,1,7
2016471601301,1,9,0,18,0,0,0,0,0,0,1,1,6,1,83,11,6230,1,-1,6,3,6
2016471601301,2,1,0,18,0,0,0,0,0,0,2,1,6,2,54,8,-1,-1,-1,8,3,8
2016471601302,1,9,0,5,0,6,0,0,0,0,3,1,6,2,45,7,973,1,13,4,1,4
2016471601302,2,9,0,18,0,1,0,0,0,0,1,1,6,2,48,8,1360,1,13,1,1,1
2016471601303,1,9,0,18,0,4,0,0,0,0,1,1,6,1,36,7,1560,2,1,7,1,7
2016471601303,2,9,0,18,0,8,0,0,0,0,1,1,6,2,67,10,-1,-1,-1,4,1,4
2016471601304,1,1,0,16,0,0,0,0,0,0,1,1,6,1,40,7,-1,-1,-1,3,1,3
2016471601304,2,9,0,17,0,0,0,0,0,0,1,1,6,1,70,10,1783,1,13,8,1,8
2016471601309,1,9,0,18,0,0,0,0,0,0,1,1,6,1,62,9,998,1,4,9,3,9
2016471601309,2,9,0,2,0,0,0,0,0,0,3,1,6,2,57,9,999,1,17,10,1,10
2016471601312,1,9,0,5,9,6,0,0,0,0,3,1,6,1,21,5,1598,1,11,9,1,9
2016471601314,1,9,0,18,0,8,0,0,0,0,1,1,6,2,60,9,1796,1,9,7,1,7
2016471601314,2,3,0,18,0,8,0,0,0,0,4,1,6,1,46,8,124,1,2,7,1,7
2016471601316,1,9,0,18,0,0,0,0,7,2,1,1,2,2,24,5,1198,1,4,4,2,4
2016471601316,2,9,0,18,0,0,0,11,0,0,1,1,6,1,65,9,1584,1,10,8,2,8
2016471601316,3,9,0,18,0,0,0,11,0,0,1,1,6,2,48,8,2996,1,8,7,1,7
2016471601317,1,21,0,3,0,0,0,0,0,0,1,1,1,1,53,8,10800,2,2,8,1,8
2016471601318,1,9,0,18,0,4,0,0,0,0,3,2,6,2,55,8,1399,1,9,10,1,10
2016471601318,2,1,0,18,0,8,0,0,0,0,3,1,1,2,33,6,-1,-1,-1,7,1,7
2016471601319,1,9,0,9,0,6,0,0,0,0,1,1,6,2,20,4,1248,2,7,6,1,6
2016471601319,2,9,0,3,0,2,0,0,0,0,4,1,6,2,21,5,1198,1,2,9,1,9
2016471601320,1,19,0,9,0,1,0,0,0,0,1,1,1,1,49,8,2198,2,9,1,1,1
2016471601320,2,1,0,18,4,1,0,0,0,0,1,1,6,2,46,8,-1,-1,-1,1,1,1
2016471601322,1,9,0,4,0,1,0,0,0,0,1,1,6,3,-1,-1,-1,-1,-1,-1,-1,-1
2016471601325,1,9,0,5,0,2,0,0,0,0,1,1,6,2,65,9,1329,1,4,7,1,7
2016471601325,2,2,0,5,0,1,0,0,0,0,3,1,1,1,16,4,50,1,8,5,1,5
2016471601328,1,9,0,18,0,4,0,0,0,0,1,1,6,1,60,9,1560,2,4,3,1,3
2016471601328,2,1,0,18,0,4,0,0,0,0,4,1,2,1,29,6,-1,-1,-1,10,1,10
2016471601329,1,9,0,18,0,8,0,0,0,0,4,1,6,1,19,4,1240,1,12,10,1,10
2016471601330,1,9,0,18,0,1,0,0,0,0,3,1,6,1,20,4,1896,2,15,10,1,10
2016471601332,1,8,0,9,0,6,0,0,0,0,3,1,1,1,43,7,2499,2,6,1,1,1
2016471601332,2,1,0,18,0,1,0,0,0,0,1,1,6,2,51,8,-1,-1,-1,3,1,3
2016471601333,1,22,0,17,9,0,0,10,0,0,1,1,6,1,67,10,-1,-1,-1,2,1,2
2016471601334,1,9,0,3,0,1,0,0,0,0,4,1,6,2,73,10,1995,2,10,9,1,9
2016471601334,2,9,0,2,0,1,0,0,0,0,0,1,6,3,-1,-1,2473,1,21,-1,-1,-1
2016471601338,1,9,0,17,0,0,2,0,1,0,0,1,6,2,21,5,1242,1,5,10,1,10
2016471601341,1,9,0,18,0,0,0,0,0,0,1,1,6,2,83,11,1973,1,15,6,1,6
2016471601341,2,9,0,2,0,0,0,0,0,0,4,1,6,3,-1,-1,1242,1,3,-1,-1,-1
2016471601341,3,9,0,2,0,0,0,0,0,0,2,1,6,3,-1,-1,1390,1,14,-1,-1,-1
2016471601341,4,9,0,2,0,0,0,0,0,0,1,1,6,3,-1,-1,1986,2,9,-1,-1,-1
2016471601341,5,9,0,2,0,0,0,0,0,0,1,1,6,3,-1,-1,1396,1,7,-1,-1,-1
2016471601342,1,9,0,10,0,1,0,0,0,0,4,1,6,2,24,5,1242,1,11,4,1,4
2016471601342,2,9,0,18,0,2,0,0,0,0,3,1,6,2,52,8,1598,2,6,3,1,3
2016471601345,1,9,0,18,0,6,0,0,0,0,1,1,6,2,74,10,1197,1,-1,9,1,9
2016471601345,2,9,0,18,0,1,0,0,0,0,3,1,6,1,44,7,1798,1,1,8,1,8
2016471601346,1,9,0,18,0,1,0,0,0,0,1,1,6,2,58,9,1598,1,7,5,1,5
2016471601346,2,9,0,3,0,1,0,0,0,0,2,1,6,1,43,7,1998,2,11,10,1,10
2016471601346,3,9,0,9,0,6,0,0,0,0,0,1,6,1,-1,-1,-1,-1,-1,-1,-1,-1
2016471601349,1,8,0,18,0,0,0,0,0,0,4,1,1,1,48,8,1995,2,13,2,1,2
2016471601350,1,9,0,17,0,0,0,0,1,11,1,1,6,1,21,5,1582,2,8,6,1,6
2016471601352,1,9,0,5,0,6,0,0,0,0,1,1,6,2,27,6,1149,1,15,9,2,9
2016471601352,2,9,0,18,0,8,0,0,0,0,1,1,6,1,34,6,1991,2,6,9,1,9
2016471601353,1,9,0,10,0,8,0,0,0,0,1,1,6,1,35,6,1596,1,5,8,1,8
2016471601353,2,9,0,18,0,1,0,0,0,0,1,1,6,1,53,8,1995,2,5,6,1,6
2016471601354,1,9,0,18,0,1,0,0,0,0,1,1,6,1,81,11,1896,2,14,9,1,9
2016471601356,1,9,0,17,0,0,2,10,2,3,2,1,6,1,18,4,1229,1,12,9,1,9
2016471601358,1,9,0,18,0,0,1,0,7,4,2,1,2,2,52,8,4163,1,11,8,1,8
2016471601359,1,9,0,18,0,0,0,0,0,0,3,1,2,1,54,8,1988,1,13,3,1,3
2016471601360,1,9,0,18,0,1,0,0,0,0,4,1,6,3,-1,-1,-1,-1,-1,-1,-1,-1
2016471601360,2,1,0,18,0,1,0,0,0,0,0,1,6,2,18,4,-1,-1,-1,4,1,4
2016471601362,1,5,0,13,0,8,0,0,7,0,3,1,6,1,29,6,599,1,21,6,2,6
2016471601362,2,9,0,9,0,8,0,0,0,0,1,1,6,1,45,7,1248,2,8,1,1,1
2016471601363,1,8,0,4,0,1,0,0,0,0,1,1,1,1,46,8,1560,2,4,1,1,1
2016471601363,2,8,0,4,0,1,0,0,0,0,2,1,1,2,45,7,1560,2,8,2,1,2
2016471601363,3,9,0,4,0,1,0,0,0,0,2,1,6,1,20,4,-1,-1,-1,9,2,9
2016471601364,1,2,0,18,0,1,0,0,0,0,3,1,6,1,18,4,124,1,2,5,1,5
2016471601365,1,9,0,9,0,8,1,0,0,11,1,1,6,1,38,7,1781,1,18,7,1,7
2016471601366,1,19,0,18,0,8,0,0,0,0,4,1,6,3,-1,-1,-1,-1,-1,-1,-1,-1
2016471601367,1,9,0,18,0,6,0,7,0,0,4,1,6,3,50,8,-1,-1,-1,-1,-1,-1
2016471601367,2,1,0,18,4,6,0,0,0,0,1,1,6,1,15,3,-1,-1,-1,8,1,8
2016471601369,1,9,0,18,0,0,0,0,1,11,1,1,6,2,71,10,1796,1,12,6,3,6
2016471601370,1,11,0,5,0,1,0,0,0,0,1,1,1,1,40,7,-1,-1,-1,2,1,2
2016471601370,2,8,0,14,0,1,0,0,0,0,1,1,1,1,39,7,1997,2,9,6,1,6
2016471601373,1,9,0,18,0,8,0,0,0,0,3,1,6,1,48,8,1198,1,1,6,1,6
2016471601373,2,9,0,2,6,1,0,0,0,0,3,1,6,3,-1,-1,1798,1,11,-1,-1,-1
2016471601373,3,9,0,2,0,1,0,0,0,0,2,1,6,3,-1,-1,1124,1,13,-1,-1,-1
2016471601374,1,9,0,18,0,0,0,0,0,0,1,1,3,2,36,7,2179,2,6,10,1,10
2016471601374,2,9,0,3,0,0,0,0,0,0,2,1,6,1,49,8,1956,2,2,7,1,7
2016471601374,3,9,0,3,0,0,0,0,0,0,2,1,6,2,55,8,2204,2,10,8,3,8
2016471601375,1,9,0,18,0,8,0,0,0,0,1,1,6,1,69,10,1398,1,1,9,2,9
2016471601375,2,9,0,18,0,8,0,0,0,0,4,1,6,1,40,7,1995,2,2,8,3,8
2016471601385,1,9,0,18,0,0,0,0,0,0,1,1,6,2,75,10,1339,1,11,10,2,10
2016471601385,2,9,0,18,0,0,0,0,0,0,2,1,6,1,18,4,1968,2,1,9,1,9
2016471601386,1,9,0,9,0,6,0,0,0,0,1,1,1,1,26,6,-1,-1,-1,10,3,10
2016471601386,2,11,0,18,0,8,0,0,0,0,1,1,1,1,53,8,5132,2,1,6,1,6
2016471601387,1,9,0,13,0,8,0,0,0,0,4,1,6,1,55,8,1299,1,14,6,3,6
2016471601387,2,1,0,18,0,8,0,0,0,0,1,1,6,1,83,11,-1,-1,-1,8,3,8
2016471601389,1,19,0,18,0,1,0,0,0,0,1,1,1,1,52,8,2400,2,13,2,1,2
2016471601389,2,3,0,4,0,1,0,0,0,0,2,1,1,2,28,6,124,1,5,2,1,2
2016471601390,1,9,0,18,0,0,0,0,1,9,1,1,6,3,30,6,1399,2,12,-1,-1,-1
2016471601391,1,9,0,18,0,1,0,0,0,0,1,1,6,1,25,5,1870,2,12,9,1,9
2016471601391,2,9,0,3,0,1,0,0,0,0,2,1,6,2,20,4,1242,1,4,10,1,10
2016471601391,3,9,0,10,0,2,0,0,0,0,2,1,6,1,54,8,1598,1,12,9,1,9
2016471601394,1,9,0,5,0,0,0,0,0,0,4,1,1,1,34,6,1497,1,16,5,1,5
2016471601395,1,9,0,7,0,0,0,0,1,0,1,1,6,2,77,11,1596,1,1,6,1,6
2016471601396,1,9,0,7,0,6,0,0,0,0,1,1,3,2,40,7,2179,2,8,3,1,3
2016471601396,2,9,0,18,0,1,0,0,0,0,4,1,6,2,51,8,1229,1,11,9,1,9
2016471601397,1,3,0,18,0,1,0,0,1,0,1,1,6,1,20,4,125,1,3,6,2,6
2016471601397,2,9,0,7,0,5,0,0,0,0,2,1,6,1,78,11,3227,2,15,7,3,7
2016471601397,3,9,0,18,0,1,0,0,0,0,1,1,6,2,78,11,999,1,1,5,2,5
2016471601397,4,10,0,3,0,1,0,0,0,0,0,1,1,1,65,9,2143,2,2,7,2,7
2016471601398,1,9,0,18,0,4,0,0,0,0,3,1,6,2,70,10,1991,1,2,6,2,6
2016471601398,2,4,0,9,0,3,0,0,0,0,4,1,2,1,24,5,-1,-1,-1,7,2,7
2016471601399,1,9,0,9,0,5,0,0,0,0,4,1,6,2,30,6,1399,1,6,7,1,7
2016471601399,2,9,0,18,0,8,0,0,0,0,1,1,6,1,27,6,1398,1,4,6,1,6
2016471601400,1,9,0,18,0,1,0,0,0,0,1,1,6,1,34,6,-1,-1,-1,10,1,10
2016471601400,2,9,0,18,0,1,5,0,1,0,3,1,6,1,62,9,2922,6,19,9,2,9
2016471601402,1,9,0,18,0,0,1,0,0,0,1,1,6,1,19,4,1199,1,13,7,1,7
2016471601402,2,9,0,18,0,0,0,0,0,0,2,1,6,1,30,6,2179,2,4,6,1,6
2016471601405,1,8,0,18,0,0,0,0,0,0,4,1,1,1,45,7,1796,1,13,3,1,3
2016471601408,1,9,0,9,0,6,0,0,0,0,3,1,6,2,60,9,1388,1,14,10,1,10
2016471601408,2,9,0,18,0,1,0,0,0,0,1,1,6,1,48,8,493,1,2,8,1,8
2016471601410,1,1,0,4,0,2,1,0,0,0,1,1,2,1,36,7,-1,-1,-1,8,1,8
2016471601410,2,9,0,4,0,2,0,0,0,0,2,1,1,2,53,8,2362,1,15,8,1,8
2016471601411,1,9,0,18,0,0,0,0,0,0,1,1,6,1,39,7,-1,-1,-1,9,1,9
2016471601411,2,1,0,18,0,0,0,0,0,0,4,1,4,1,13,3,-1,-1,-1,10,2,10
2016471601412,1,9,0,18,0,1,0,0,0,0,1,1,6,1,36,7,2204,2,9,4,1,4
2016471601412,2,9,0,18,0,1,0,0,0,0,2,1,2,2,47,8,1995,1,12,2,1,2
2016471601412,3,9,0,7,0,5,0,0,0,0,0,1,3,2,35,6,1997,2,9,8,1,8
2016471601414,1,11,0,18,0,1,0,0,0,0,0,1,1,1,51,8,9000,2,9,9,1,9
2016471601416,1,19,0,4,0,0,0,0,0,0,1,1,1,1,44,7,1753,2,13,8,1,8
2016471601416,2,9,0,3,0,0,0,0,0,0,2,1,2,2,36,7,1461,2,5,9,3,9
2016471601416,3,9,0,3,0,0,0,0,0,0,2,1,2,1,32,6,1997,1,17,5,2,5
2016471601422,1,9,0,4,0,0,1,0,0,0,1,1,6,1,20,4,1124,1,14,10,1,10
2016471601422,2,9,0,4,0,0,0,0,0,0,2,1,6,1,21,5,1895,1,16,4,1,4
2016471601423,1,9,0,5,0,8,0,0,0,0,1,1,6,1,46,8,1596,1,14,6,1,6
2016471601423,2,9,0,18,0,1,0,0,0,0,1,1,6,2,21,5,998,1,2,9,1,9
2016471601424,1,9,0,5,0,6,0,0,0,0,0,1,6,3,-1,-1,-1,-1,-1,-1,-1,-1
2016471601424,2,11,0,18,0,1,0,0,0,0,0,1,1,2,21,5,9360,2,4,1,1,1
2016471601425,1,11,0,4,0,0,0,0,0,0,3,1,1,1,55,8,4760,2,4,2,1,2
2016471601427,1,9,0,17,0,0,5,0,1,11,4,1,2,1,37,7,1242,1,12,9,3,9
2016471601429,1,9,0,5,0,6,0,0,0,0,1,1,6,1,34,6,998,1,16,-1,-1,-1
2016471601429,2,11,0,18,0,8,0,0,0,0,3,1,1,1,53,8,4760,2,4,5,1,5
2016471601430,1,9,0,18,0,0,0,0,0,0,3,1,6,1,43,7,1998,2,11,7,2,7
2016471601430,2,9,0,18,0,0,0,0,0,0,3,1,2,1,49,8,2143,2,2,5,2,5
2016471601431,1,9,0,9,0,2,0,0,0,0,3,1,6,1,40,7,1984,1,12,9,2,9
2016471601431,2,9,0,18,0,1,1,0,0,0,1,1,6,2,40,7,954,1,22,5,3,5
2016471601434,1,9,0,18,0,8,0,0,0,0,4,1,2,1,25,5,2171,1,14,6,1,6
2016471601434,2,9,0,18,0,1,0,0,0,0,1,1,1,2,52,8,1248,1,1,4,1,4
2016471601437,1,9,0,1,0,6,0,0,0,0,0,1,6,3,30,6,-1,-1,-1,-1,-1,-1
2016471601437,2,11,0,18,0,1,0,0,0,0,0,1,1,2,51,8,9000,2,7,2,1,2
2016471601438,1,2,0,4,0,2,1,0,0,0,4,1,4,2,16,4,49,1,1,5,1,5
2016471601439,1,9,0,9,0,4,0,0,0,0,1,1,6,1,20,4,-1,-1,-1,-1,-1,-1
2016471601439,2,9,0,18,0,8,0,0,0,0,4,1,6,1,21,5,1229,1,5,5,1,5
2016471601440,1,9,0,18,0,8,0,0,0,0,4,1,6,1,28,6,-1,-1,-1,3,1,3
2016471601440,2,1,0,18,0,8,0,0,0,0,1,1,6,1,52,8,-1,-1,-1,4,1,4
2016471601441,1,9,0,5,0,6,0,0,0,0,3,1,6,1,57,9,2000,1,10,10,1,10
2016471601441,2,1,0,18,0,1,0,0,0,0,1,1,2,1,19,4,-1,-1,-1,6,2,6
2016471601443,1,9,0,1,9,0,0,0,0,11,3,1,6,1,68,10,1596,1,15,8,2,8
2016471601444,1,9,0,9,0,2,0,0,0,0,3,1,6,2,78,11,998,1,6,8,2,8