Accident_Index,Vehicle_Reference,Vehicle_Type,Towing_and_Articulation,Vehicle_Manoeuvre,Vehicle_Location-Restricted_Lane,Junction_Location,Skidding_and_Overturning,Hit_Object_in_Carriageway,Vehicle_Leaving_Carriageway,Hit_Object_off_Carriageway,1st_Point_of_Impact,Was_Vehicle_Left_Hand_Drive?,Journey_Purpose_of_Driver,Sex_of_Driver,Age_of_Driver,Age_Band_of_Driver,Engine_Capacity_(CC),Propulsion_Code,Age_of_Vehicle,Driver_IMD_Decile,Driver_Home_Area_Type,Vehicle_IMD_Decile
2016471601444,2,9,0,18,0,1,0,0,0,0,1,1,6,1,49,8,1396,1,16,5,2,5
2016471601447,1,9,0,9,0,4,0,0,0,0,1,1,6,1,59,9,1596,1,9,6,1,6
2016471601447,2,9,0,18,0,4,0,0,0,0,2,1,6,1,37,7,1988,1,13,5,1,5
2016471601448,1,9,0,18,0,0,1,10,0,11,1,1,2,1,28,6,-1,-1,-1,1,1,1
2016471601448,2,9,0,18,0,0,0,0,0,0,0,1,6,3,-1,-1,-1,-1,-1,-1,-1,-1
2016471601449,1,9,0,18,0,1,0,0,7,0,1,1,6,2,80,11,1386,1,9,9,1,9
2016471601449,2,9,0,2,0,1,0,0,0,0,2,1,6,3,-1,-1,1242,1,15,-1,-1,-1
2016471601449,3,9,0,2,0,1,0,0,0,0,2,1,6,3,-1,-1,1598,1,10,-1,-1,-1
2016471601449,4,9,0,2,0,2,0,0,0,0,1,1,6,3,-1,-1,2488,1,12,-1,-1,-1
2016471601451,1,9,0,9,0,3,0,0,0,0,3,1,6,1,80,11,2967,2,8,7,1,7
2016471601451,2,22,0,18,0,6,0,0,0,0,2,1,6,1,76,11,-1,-1,-1,5,1,5
2016471601453,1,9,0,18,0,0,0,0,0,0,3,1,6,1,74,10,998,1,15,8,3,8
2016471601453,2,9,0,18,0,0,0,0,0,4,1,1,6,2,59,9,2295,1,17,6,1,6
2016471601455,1,9,0,18,0,0,0,0,0,0,4,1,6,1,47,8,1985,1,17,2,1,2
2016471601456,1,9,0,18,0,0,0,0,0,0,1,1,6,2,24,5,1995,2,2,6,1,6
2016471601456,2,8,0,2,0,0,0,0,0,0,2,1,1,1,26,6,1995,2,3,1,1,1
2016471601460,1,9,0,16,0,0,1,10,2,4,3,1,2,2,25,5,1781,1,15,6,1,6
2016471601461,1,9,0,9,0,6,0,0,0,0,3,1,6,1,27,6,1896,2,15,5,1,5
2016471601461,2,9,0,18,0,8,0,0,0,0,4,1,6,1,20,4,1198,1,10,10,1,10
2016471601463,1,9,0,5,0,4,0,0,0,0,1,1,6,2,45,7,-1,-1,-1,-1,-1,-1
2016471601463,2,1,0,18,0,8,0,0,0,0,2,1,6,1,33,6,-1,-1,-1,3,1,3
2016471601464,1,9,0,3,0,0,0,0,0,0,4,1,6,1,34,6,1796,1,7,3,1,3
2016471601464,2,1,0,15,0,0,0,0,0,0,3,1,6,1,47,8,-1,-1,-1,3,1,3
2016471601466,1,9,0,7,0,6,0,0,0,0,3,1,2,2,60,9,1242,1,1,10,1,10
2016471601466,2,9,0,18,0,1,0,0,0,0,1,1,6,1,70,10,1560,2,7,8,3,8
2016471601467,1,9,0,18,0,0,0,0,0,0,1,1,6,2,46,8,1461,2,1,7,1,7
2016471601467,2,19,4,2,0,0,0,0,0,0,0,1,6,3,-1,-1,-1,-1,-1,-1,-1,-1
2016471601468,1,19,0,6,0,0,0,0,0,0,3,1,6,1,82,11,1598,2,2,8,1,8
2016471601468,2,9,0,18,0,0,1,0,0,0,1,1,6,1,70,10,1998,1,10,8,1,8
2016471601469,1,9,0,9,0,6,0,0,0,0,1,1,6,1,48,8,2494,1,13,2,1,2
2016471601469,2,9,0,18,0,1,0,0,0,0,1,1,6,2,22,5,1995,2,7,6,3,6
2016471601470,1,9,0,13,0,0,0,0,0,0,4,1,1,1,35,6,-1,-1,-1,8,1,8
2016471601470,2,1,0,18,0,0,0,0,1,0,3,1,6,1,84,11,-1,-1,-1,6,1,6
2016471601475,1,9,0,18,0,0,0,0,7,9,1,1,6,1,17,4,1299,1,12,8,1,8
2016471601475,2,9,0,18,0,0,0,0,1,9,1,1,6,1,44,7,1968,2,3,4,1,4
2016471601476,1,9,0,18,0,2,0,0,0,0,1,1,6,1,42,7,1968,2,-1,10,1,10
2016471601478,1,19,0,9,0,6,0,0,0,0,3,1,1,1,32,6,2198,2,10,9,1,9
2016471601478,2,9,0,18,0,1,0,0,0,0,1,1,6,2,26,6,1240,1,6,5,1,5
2016471601481,1,9,0,16,0,0,0,0,1,3,1,1,6,1,51,8,1598,1,18,6,1,6
2016471601484,1,9,0,9,0,8,0,0,0,0,1,1,6,2,42,7,999,1,1,9,1,9
2016471601484,2,1,0,18,0,8,0,0,0,0,1,1,6,2,24,5,-1,-1,-1,3,1,3
2016471601485,1,9,0,18,0,8,0,0,0,0,1,1,6,1,46,8,2902,2,12,4,1,4
2016471601485,2,1,0,18,4,8,0,0,0,0,1,1,2,1,40,7,-1,-1,-1,9,1,9
2016471601487,1,3,0,18,0,0,0,0,0,0,1,1,6,1,27,6,124,1,2,1,1,1
2016471601487,2,19,0,4,0,0,0,0,0,0,2,1,1,1,44,7,2143,2,1,7,1,7
2016471601488,1,5,0,15,0,0,0,0,4,10,4,1,6,1,45,7,1690,1,1,5,1,5
2016471601488,2,9,0,18,0,0,0,0,0,0,2,1,6,1,76,11,1799,1,10,10,1,10
2016471601488,3,9,0,18,0,0,0,0,0,0,0,1,6,1,27,6,1600,2,5,4,1,4
2016471601489,1,9,0,18,0,0,0,7,2,1,1,1,1,1,68,10,1560,2,6,3,1,3
2016471601489,2,9,0,18,0,0,0,0,0,0,1,1,1,1,37,7,1598,1,11,4,1,4
2016471601490,1,5,0,17,0,0,1,0,0,0,0,1,6,1,75,10,904,1,40,3,1,3
2016471601490,2,9,0,18,0,0,0,0,0,0,3,1,6,1,25,5,-1,-1,-1,9,2,9
2016471601490,3,19,0,18,0,0,0,0,0,0,1,1,6,1,26,6,1995,2,3,6,2,6
2016471601494,1,11,0,7,0,8,0,0,0,0,3,1,1,1,59,9,6700,2,5,5,3,5
2016471601494,2,1,0,18,0,8,0,0,0,0,1,1,6,1,50,8,-1,-1,-1,6,1,6
2016471601496,1,3,0,18,0,0,1,0,0,0,1,1,6,1,23,5,124,1,8,7,3,7
2016471601496,2,9,0,18,0,0,0,0,0,0,2,1,1,1,32,6,1299,1,11,9,2,9
2016471601498,1,9,0,18,0,0,0,0,1,11,1,1,6,3,-1,-1,-1,-1,-1,-1,-1,-1
2016471601498,2,19,0,2,9,0,0,0,0,0,4,1,6,3,-1,-1,2402,2,5,-1,-1,-1
2016471601498,3,9,0,18,0,0,0,0,1,11,1,1,1,1,29,6,1997,2,4,8,1,8
2016471601498,4,9,0,18,0,0,0,0,1,11,1,2,1,1,55,8,1997,2,3,5,1,5
2016471601499,1,9,0,18,0,0,0,0,0,0,1,1,6,1,62,9,1120,1,19,10,2,10
2016471601499,2,9,0,1,0,0,0,0,0,0,1,1,6,1,72,10,1998,2,1,6,2,6
2016471601499,3,9,0,2,0,0,0,0,0,0,1,1,6,3,-1,-1,-1,-1,-1,-1,-1,-1
2016471601502,1,9,0,7,0,5,0,0,0,0,4,1,6,1,45,7,1598,1,7,9,1,9
2016471601502,2,1,0,18,0,1,0,0,0,0,3,1,6,1,31,6,-1,-1,-1,5,1,5
2016471601508,1,9,0,9,0,1,0,0,0,0,4,1,6,2,24,5,998,1,6,8,1,8
2016471601508,2,3,0,18,0,1,0,0,0,0,1,1,6,1,18,4,125,1,3,10,2,10
2016471601508,3,9,0,10,0,1,0,0,0,0,0,1,6,1,20,4,1390,1,17,8,1,8
2016471601511,1,9,0,18,0,1,0,0,0,0,2,1,1,2,23,5,1997,2,12,8,1,8
2016471601511,2,9,0,7,0,5,0,0,0,0,2,1,1,1,27,6,1997,2,3,3,1,3
2016471601514,1,9,0,18,0,0,1,0,2,4,1,1,6,1,36,7,1598,1,10,4,1,4
2016471601515,1,9,0,18,0,0,0,0,0,0,1,1,6,2,28,6,1995,1,13,4,1,4
2016471601515,2,9,0,18,0,0,0,0,0,0,1,1,6,1,45,7,1364,1,6,7,1,7
2016471601515,3,9,0,9,0,0,0,0,0,0,3,1,6,1,20,4,1968,2,6,8,1,8
2016471601517,1,9,0,18,0,0,0,0,0,0,1,1,6,1,74,10,1560,2,2,10,1,10
2016471601517,2,9,0,18,0,0,0,0,0,0,1,1,6,1,24,5,1560,2,3,1,1,1
2016471601518,1,9,0,9,0,6,0,0,0,0,3,1,6,2,45,7,1797,8,2,8,1,8
2016471601518,2,3,0,18,0,8,0,0,7,0,1,1,6,1,20,4,125,1,24,1,1,1
2016471601518,3,9,0,3,0,1,0,0,0,0,1,1,6,1,90,11,998,1,4,1,1,1
2016471601518,4,19,0,2,0,2,0,0,0,0,0,1,6,1,46,8,1598,2,1,4,1,4
2016471601521,1,9,0,18,0,0,1,0,1,1,3,1,6,1,21,5,3498,1,9,6,3,6
2016471601521,2,9,0,18,0,0,0,0,1,4,1,1,6,1,19,4,1998,1,11,6,3,6
2016471601522,1,19,0,7,0,6,0,0,0,0,1,1,6,1,56,9,1868,2,11,10,1,10
2016471601522,2,9,0,9,0,5,0,0,0,0,3,1,6,1,55,8,1197,1,1,2,1,2
2016471601525,1,9,0,18,0,1,0,0,0,0,1,1,6,1,19,4,-1,-1,-1,10,2,10
2016471601525,2,9,0,9,0,1,0,0,0,0,3,1,6,2,37,7,1598,2,6,6,1,6
2016471601527,1,9,0,18,0,1,0,0,0,0,3,1,6,2,33,6,1248,1,4,4,1,4
2016471601529,1,9,0,18,0,0,0,0,0,0,1,1,6,2,44,7,1390,1,2,8,2,8
2016471601529,2,19,0,4,0,0,0,0,0,0,2,1,1,1,53,8,2143,2,5,9,1,9
2016471601529,3,9,0,4,0,0,0,0,0,0,2,1,6,1,67,10,1596,1,11,8,2,8
2016471601534,1,1,0,18,0,6,0,0,0,0,1,1,6,1,17,4,-1,-1,-1,7,1,7
2016471601534,2,9,0,18,0,8,0,0,0,0,4,1,2,1,48,8,1998,1,15,9,1,9
2016471601534,3,9,0,18,0,8,0,0,0,0,4,1,6,1,61,9,2000,1,12,4,1,4
2016471601540,1,9,0,18,0,1,0,0,0,0,1,1,6,1,51,8,2148,2,7,6,1,6
2016471601540,2,19,0,18,0,1,0,0,0,0,1,1,1,1,45,7,6370,2,13,8,1,8
2016471601541,1,19,0,18,0,0,0,0,0,0,0,1,6,1,34,6,2198,2,3,6,3,6
2016471601541,2,9,0,18,0,0,0,0,0,0,1,1,6,1,64,9,1242,1,12,6,2,6
2016471601542,1,9,0,1,9,0,0,0,0,0,2,1,6,2,75,10,1389,1,18,2,1,2
2016471601543,1,9,0,5,0,0,0,0,0,0,3,1,6,1,59,9,1595,1,7,7,3,7
2016471601543,2,3,0,16,0,0,0,0,0,0,1,1,6,1,20,4,125,1,3,5,3,5
2016471601543,3,4,0,16,0,0,0,0,1,11,4,1,6,1,22,5,399,1,25,2,1,2
2016471601545,1,9,0,18,0,4,0,0,0,0,1,1,6,1,56,9,1598,2,3,9,1,9
2016471601545,2,9,0,18,0,8,0,0,0,0,4,1,6,1,29,6,1995,2,11,7,1,7
2016471601546,1,9,0,5,0,1,0,0,0,0,1,1,6,2,51,8,1198,1,8,9,1,9
2016471601546,2,1,0,18,0,8,0,0,0,0,4,1,6,1,53,8,-1,-1,-1,9,1,9
2016471601549,1,11,0,5,0,2,0,0,0,0,0,1,1,2,54,8,9360,2,4,5,1,5
2016471601550,1,9,0,3,0,4,0,0,0,0,1,2,6,1,51,8,1870,2,10,-1,-1,-1
2016471601554,1,9,0,9,0,8,0,0,0,0,1,1,6,2,26,6,2000,1,17,4,1,4
2016471601554,2,9,0,18,0,8,0,0,0,0,1,1,6,1,69,10,1497,8,1,6,1,6
2016471601555,1,21,0,5,8,0,0,0,0,0,0,1,6,3,-1,-1,-1,-1,-1,-1,-1,-1
2016471601555,2,9,0,18,0,0,1,0,0,0,2,1,6,1,64,9,2494,1,16,9,1,9
2016471601555,3,9,0,18,0,0,0,0,0,0,1,1,6,1,55,8,998,1,5,8,1,8
2016471601556,1,9,0,16,0,0,1,0,8,10,1,1,6,3,35,6,1910,2,10,-1,-1,-1
2016471601558,1,9,0,18,0,2,0,0,0,0,1,1,6,1,24,5,1598,1,14,4,1,4
2016471601559,1,9,0,18,0,0,0,0,0,0,1,1,2,2,27,6,1984,1,4,3,1,3
2016471601559,2,9,0,4,0,0,0,0,0,0,2,1,6,1,36,7,1240,1,11,1,1,1
2016471601561,1,9,0,9,0,0,0,0,0,0,1,1,6,2,78,11,1240,1,8,4,2,4
2016471601561,2,9,0,18,0,0,0,0,0,0,1,1,6,2,46,8,1968,2,6,4,2,4
2016471601563,1,9,0,9,0,8,1,7,0,0,4,1,6,2,52,8,1587,1,10,6,2,6
2016471601563,2,9,0,18,0,1,0,0,0,0,1,1,6,2,32,6,998,1,2,7,1,7
2016471601564,1,1,0,18,0,0,0,0,0,0,0,1,6,2,57,9,-1,-1,-1,8,1,8
2016471601564,2,19,0,18,0,0,0,0,0,0,0,1,6,1,24,5,1896,2,8,8,1,8
2016471601564,3,1,0,18,0,0,1,0,0,0,1,1,6,1,40,7,-1,-1,-1,8,1,8
2016471601567,1,9,0,16,0,0,0,0,0,0,1,1,6,2,68,10,1968,2,3,5,2,5
2016471601567,2,21,1,17,0,0,0,0,0,0,1,1,1,1,57,9,6692,2,4,2,1,2
2016471601568,1,9,0,18,0,0,0,0,0,0,4,1,6,1,21,5,2979,1,8,3,1,3
2016471601570,1,9,0,18,0,8,0,0,0,0,1,1,6,1,19,4,2495,2,16,6,3,6
2016471601570,2,9,0,10,0,8,0,0,0,0,2,1,6,2,47,8,1339,1,11,3,1,3
2016471601572,1,9,0,18,0,8,0,0,0,0,0,1,6,1,-1,-1,-1,-1,-1,-1,-1,-1
2016471601572,2,9,0,18,0,8,0,0,0,0,0,1,6,1,17,4,-1,-1,-1,2,1,2
2016471601573,1,19,0,1,0,1,0,0,0,0,2,1,6,1,56,9,2494,2,6,7,1,7
2016471601573,2,9,0,2,0,1,0,0,0,0,1,1,6,2,47,8,1896,2,9,4,1,4
2016471601576,1,9,0,18,0,0,0,0,0,0,1,1,6,2,45,7,1796,1,7,8,1,8
2016471601576,2,11,0,4,0,0,0,0,0,0,2,1,1,1,54,8,9360,2,3,3,1,3
2016471601576,3,9,0,4,0,0,0,0,0,0,1,1,2,2,44,7,1396,1,11,7,1,7
2016471601577,1,9,0,18,0,0,0,0,0,0,1,1,6,3,30,6,-1,-1,-1,-1,-1,-1
2016471601578,1,9,0,18,0,4,0,0,0,0,1,1,6,1,38,7,2231,2,10,10,1,10
2016471601578,2,9,0,3,0,4,0,0,0,0,2,1,6,1,42,7,1399,1,8,8,1,8
2016471601579,1,9,0,14,0,1,0,0,0,0,1,1,6,1,50,8,-1,-1,-1,4,1,4
2016471601579,2,9,0,2,0,1,0,0,0,0,1,1,6,2,27,6,1598,2,-1,4,1,4
2016471601580,1,9,0,9,0,2,0,0,0,0,1,1,6,2,26,6,1598,2,4,2,1,2
2016471601580,2,9,0,18,0,1,0,0,7,4,1,1,6,1,27,6,2494,1,16,3,1,3
2016471601581,1,9,0,1,0,8,0,0,0,0,2,1,6,1,37,7,1997,2,5,3,1,3
2016471601582,1,9,0,7,0,8,0,0,0,0,4,1,6,1,35,6,1973,1,17,1,1,1
2016471601582,2,1,0,18,0,8,0,0,0,0,1,1,4,1,15,3,-1,-1,-1,6,1,6
2016471601583,1,1,0,5,0,1,0,0,0,0,1,1,2,1,18,4,-1,-1,-1,4,1,4
2016471601583,2,9,0,9,0,1,0,0,0,0,4,1,6,1,64,9,1984,1,5,-1,-1,-1
2016471601584,1,9,0,9,0,8,0,0,0,0,3,1,2,1,54,8,-1,3,1,10,1,10
2016471601584,2,4,0,15,0,8,0,0,0,0,4,1,6,1,32,6,125,1,-1,6,1,6
2016471601590,1,11,0,3,0,0,0,0,0,0,0,1,6,1,50,8,9000,2,9,10,1,10
2016471601591,1,9,0,5,0,1,0,0,0,0,3,1,1,1,44,7,1399,1,11,7,1,7
2016471601593,1,9,0,9,0,8,0,0,0,0,1,1,2,1,28,6,1242,1,7,4,1,4
2016471601593,2,1,0,18,0,8,0,0,0,0,1,1,6,1,25,5,-1,-1,-1,3,1,3
2016471601595,1,9,0,18,0,1,0,0,0,0,1,1,6,2,74,10,1360,1,7,8,3,8
2016471601595,2,20,0,3,0,1,0,0,0,0,2,1,1,1,57,9,7201,2,9,8,2,8
2016471601596,1,9,0,9,0,6,0,0,0,0,3,1,6,1,76,11,1390,1,12,7,2,7
2016471601596,2,9,0,18,0,1,0,0,0,0,1,1,6,2,55,8,1998,2,11,2,1,2
2016471601598,1,9,0,9,0,4,0,0,0,0,1,1,6,1,35,6,1968,2,7,-1,-1,-1
2016471601598,2,9,0,8,0,1,0,0,0,0,2,1,6,1,44,7,1600,1,17,8,1,8
2016471601598,3,9,0,3,0,1,0,0,0,0,2,1,6,2,35,6,2993,2,1,-1,-1,-1
2016471601601,1,9,0,18,0,1,0,0,0,0,1,1,6,3,-1,-1,-1,-1,-1,-1,-1,-1
2016471601601,2,9,0,4,0,1,0,0,0,0,0,1,1,1,20,4,-1,-1,-1,-1,-1,-1
2016471601602,1,9,0,18,0,0,0,0,0,0,1,1,6,1,50,8,1900,2,10,7,1,7
2016471601602,2,3,0,18,0,0,0,0,1,0,2,1,6,1,49,8,124,1,25,8,3,8
2016471601603,1,9,0,9,0,8,0,0,0,0,1,1,6,1,19,4,1360,1,16,6,1,6
2016471601603,2,9,0,18,0,8,0,0,0,0,1,1,6,2,84,11,1242,1,17,7,1,7
2016471601604,1,9,0,18,0,8,5,0,8,10,3,1,6,2,33,6,1587,1,12,5,3,5
2016471601605,1,9,0,18,0,0,2,0,1,4,1,1,6,1,40,7,1596,1,12,3,1,3
2016471601605,2,9,0,18,0,0,0,0,0,0,3,1,6,1,37,7,2926,2,14,8,3,8
2016471601611,1,9,0,4,0,2,0,0,0,0,1,1,6,1,50,8,1968,2,1,-1,-1,-1
2016471601611,2,9,0,2,0,2,0,0,0,0,2,1,6,3,-1,-1,1229,1,10,-1,-1,-1
2016471601611,3,9,0,2,0,2,0,0,0,0,2,1,6,3,-1,-1,1198,1,11,-1,-1,-1
2016471601613,1,11,0,5,0,0,0,0,0,0,0,1,6,1,55,8,4500,2,4,4,1,4
2016471601614,1,9,0,13,0,0,0,0,0,0,4,1,6,3,30,6,-1,-1,-1,-1,-1,-1
2016471601614,2,1,0,16,0,0,0,0,0,0,3,1,6,1,41,7,-1,-1,-1,8,1,8
2016471601616,1,5,0,18,0,1,1,0,1,0,1,1,6,1,28,6,790,1,15,3,1,3
2016471601616,2,9,0,10,0,1,0,0,0,0,2,1,6,1,55,8,1968,2,5,8,3,8
2016471601617,1,9,0,18,0,1,0,0,0,0,1,1,6,2,49,8,2996,1,-1,8,1,8
2016471601619,1,9,0,9,0,8,0,0,0,0,4,1,6,1,22,5,1398,1,13,5,3,5
2016471601619,2,9,0,18,0,8,0,0,0,0,3,1,6,2,44,7,1968,2,1,10,2,10
2016471601623,1,9,0,4,0,1,0,0,0,0,3,1,6,3,-1,-1,1400,1,12,-1,-1,-1
2016471601623,2,9,0,3,0,1,0,0,0,0,4,1,1,2,60,9,1240,1,11,6,1,6
2016471601623,3,9,0,3,0,1,0,0,0,0,4,1,6,1,40,7,-1,-1,-1,-1,-1,-1
2016471601624,1,9,0,18,0,0,0,0,0,0,1,1,6,1,53,8,1590,1,22,1,1,1
2016471601627,1,9,0,18,0,0,0,0,0,0,1,1,6,1,78,11,1896,2,14,7,1,7
2016471601627,2,9,0,18,0,0,0,0,0,0,1,1,6,1,76,11,1951,2,14,7,3,7
2016471601627,3,9,0,2,9,0,0,0,1,0,2,1,6,3,-1,-1,898,1,-1,-1,-1,-1
2016471601630,1,9,0,18,0,7,0,0,3,7,1,1,6,1,26,6,2000,2,10,10,1,10
2016471601633,1,9,0,18,0,0,2,0,4,4,1,1,6,1,24,5,2995,1,5,-1,-1,-1
2016471601633,2,9,0,18,0,0,0,0,0,0,2,1,6,2,61,9,1896,2,14,5,1,5
2016471601636,1,9,0,9,0,8,0,0,0,0,4,1,6,2,62,9,1598,1,4,6,3,6
2016471601636,2,3,0,18,0,1,0,0,0,0,1,1,6,1,20,4,125,1,1,6,3,6
2016471601636,3,3,0,18,0,1,0,0,0,0,1,1,6,1,19,4,124,1,1,6,1,6
2016471601636,4,9,0,3,0,1,0,0,0,0,3,1,6,1,69,10,1997,2,7,9,3,9
2016471601637,1,9,0,18,0,4,0,0,0,0,1,1,6,2,50,8,1198,1,-1,7,1,7
2016471601637,2,9,0,3,0,4,0,0,0,0,2,1,6,2,27,6,1896,2,13,4,1,4
2016471601641,1,9,0,9,0,6,0,0,0,0,3,1,1,2,28,6,1242,1,18,3,1,3
2016471601641,2,8,0,18,0,8,0,0,7,5,1,1,2,1,69,10,1598,1,11,2,1,2
2016471601642,1,9,0,18,0,2,0,0,0,0,1,1,2,1,41,7,1995,1,8,4,1,4
2016471601642,2,11,0,2,0,2,0,0,0,0,2,1,1,1,36,7,5132,2,1,6,1,6
2016471601643,1,5,0,16,0,0,1,0,7,0,1,1,6,1,21,5,645,1,15,8,1,8
2016471601643,2,9,0,17,0,0,0,0,0,0,1,1,6,1,50,8,1596,1,5,7,3,7
2016471601648,1,9,0,18,0,8,5,0,1,10,1,1,2,1,40,7,1598,2,1,7,1,7
2016471601648,2,9,0,18,0,3,0,0,0,0,2,1,2,2,51,8,998,1,2,6,1,6
2016471601649,1,9,0,4,7,0,0,0,0,0,1,1,6,1,79,11,1599,1,12,3,1,3
2016471601649,2,19,0,2,6,0,0,0,0,0,2,1,1,1,39,7,2198,2,1,5,1,5
2016471601650,1,9,0,9,0,6,0,0,0,0,3,1,2,2,22,5,1598,1,6,6,3,6
2016471601650,2,9,0,17,0,1,0,0,0,0,4,1,6,2,44,7,1799,1,8,6,3,6
2016471601653,1,9,0,17,0,0,1,0,7,0,2,1,6,1,17,4,1349,1,5,7,1,7
2016471601653,2,9,0,16,0,0,1,0,1,0,1,1,6,1,36,7,1390,1,5,9,1,9
2016471601655,1,9,0,18,0,1,0,4,0,0,1,1,6,1,28,6,899,1,3,4,2,4
2016471601655,2,9,0,2,0,1,0,0,0,0,2,1,6,3,-1,-1,1995,2,4,-1,-1,-1
2016471601656,1,9,0,11,0,1,0,0,0,0,4,1,6,3,-1,-1,-1,-1,-1,-1,-1,-1
2016471601656,2,9,0,18,0,1,0,0,0,0,3,1,6,1,52,8,1461,2,6,8,1,8
2016471601658,1,1,0,9,0,1,0,0,0,0,3,1,1,1,33,6,-1,-1,-1,4,1,4
2016471601658,2,4,0,13,0,1,0,0,0,0,1,1,6,1,29,6,124,1,3,3,1,3
2016471601660,1,9,0,18,0,0,0,0,0,0,1,1,6,2,49,8,1596,1,9,7,1,7
2016471601664,1,19,0,9,0,6,0,0,0,0,1,1,1,1,21,5,2402,2,8,8,1,8
2016471601664,2,9,0,18,0,1,0,0,0,0,4,1,2,1,55,8,2231,2,6,8,1,8
2016471601664,3,9,0,18,0,1,0,0,0,0,1,1,6,2,39,7,1461,2,2,10,1,10
2016471601665,1,9,0,9,0,8,0,0,0,0,1,1,6,2,35,6,-1,-1,-1,-1,-1,-1
2016471601665,2,1,0,18,0,8,0,0,0,0,1,1,6,2,61,9,-1,-1,-1,7,1,7
2016471601666,1,5,0,18,0,0,1,0,0,0,1,1,6,1,66,10,649,1,23,5,1,5
2016471601666,2,9,0,18,0,0,0,0,0,0,2,1,6,1,45,7,5000,1,7,9,1,9
2016471601667,1,19,0,1,0,8,0,0,0,0,2,1,6,1,44,7,2198,2,3,8,3,8
2016471601668,1,9,0,9,0,5,0,0,0,0,1,1,6,1,60,9,2500,2,13,9,1,9
2016471601668,2,9,0,18,0,8,0,0,0,0,1,1,6,1,20,4,1242,1,3,10,1,10
2016471601670,1,9,0,18,0,1,0,0,0,0,1,1,6,2,25,5,1149,1,11,8,1,8
2016471601670,2,5,0,18,0,1,0,0,0,0,2,1,2,1,51,8,1170,1,8,9,1,9
2016471601671,1,21,0,18,0,1,0,0,0,0,1,1,1,1,27,6,6692,2,5,7,3,7
2016471601671,2,9,0,3,0,1,0,0,0,0,2,1,6,2,33,6,1360,1,13,9,2,9
2016471601671,3,9,0,10,0,1,0,0,0,0,2,1,6,2,36,7,1794,1,11,7,3,7
2016471601673,1,21,0,9,0,0,0,0,0,0,0,1,1,1,35,6,6700,2,2,3,1,3
2016471601673,2,3,0,18,0,0,0,0,0,0,0,1,6,1,48,8,1100,1,17,4,1,4
2016471601674,1,9,0,5,0,0,0,0,0,0,1,1,6,1,35,6,1900,2,16,4,1,4
2016471601674,2,3,0,18,0,0,0,0,0,0,1,1,6,1,18,4,124,1,9,5,1,5
2016471601675,1,9,0,18,0,8,0,0,0,0,4,1,1,1,39,7,1560,2,2,5,1,5
2016471601675,2,9,0,9,0,8,0,0,0,0,3,1,1,1,54,8,-1,-1,-1,2,1,2
2016471601677,1,9,0,18,0,8,0,0,0,0,3,1,6,1,82,11,1975,1,12,9,1,9
2016471601677,2,1,0,9,0,8,0,0,0,0,4,1,2,2,29,6,-1,-1,-1,3,1,3
2016471601678,1,9,0,9,0,6,0,0,0,0,1,1,6,2,30,6,1560,2,6,9,1,9
2016471601678,2,9,0,18,0,8,0,0,0,0,3,1,6,2,21,5,998,1,17,3,1,3
2016471601680,1,9,0,3,0,4,0,0,0,0,1,1,6,3,-1,-1,-1,-1,-1,-1,-1,-1
2016471601680,2,9,0,3,0,4,0,0,0,0,2,1,6,1,37,7,1339,1,6,8,1,8
2016471601682,1,9,0,18,0,0,0,0,0,0,1,1,6,1,45,7,1364,1,5,6,1,6
2016471601682,2,9,0,18,0,0,0,0,0,0,2,1,6,1,63,9,1360,1,9,9,1,9
2016471601684,1,11,0,5,2,0,0,0,0,5,4,1,1,1,67,10,11000,2,10,10,1,10
2016471601688,1,9,0,18,0,0,5,0,1,4,1,1,6,1,40,7,1597,1,26,10,2,10
2016471601691,1,11,0,18,0,8,0,0,0,0,4,1,1,1,55,8,12580,2,14,6,1,6
2016471601691,2,1,0,18,0,8,0,0,0,0,3,1,6,1,16,4,-1,-1,-1,1,1,1
2016471601693,1,9,0,2,0,1,0,0,0,0,3,1,6,2,52,8,1896,2,13,3,1,3
2016471601693,2,1,0,14,0,1,1,0,0,0,1,1,6,1,47,8,-1,-1,-1,6,1,6
2016471601693,3,9,0,13,0,1,0,0,0,0,0,1,6,1,38,7,2000,1,17,3,1,3
2016471601694,1,9,0,11,0,4,0,0,0,0,4,1,6,1,40,7,1596,1,20,-1,-1,-1
2016471601694,2,9,0,3,0,4,0,0,0,0,4,1,6,2,32,6,2179,2,12,6,1,6
2016471601697,1,11,0,4,0,1,0,0,0,0,0,1,1,2,44,7,9600,2,18,7,1,7
2016471601699,1,9,0,18,0,1,0,0,0,0,3,1,6,1,50,8,1596,1,12,2,1,2
2016471601702,1,9,0,9,0,5,0,0,0,0,1,1,6,2,83,11,1242,1,11,9,1,9
2016471601702,2,1,0,18,0,8,0,0,0,0,1,1,6,1,24,5,-1,-1,-1,10,1,10
2016471601703,1,9,0,16,0,0,0,0,0,0,3,1,6,2,77,11,1198,1,9,6,2,6
2016471601703,2,9,0,17,0,0,0,0,0,0,3,1,6,2,65,9,1997,1,3,9,2,9