Accident_Index,Vehicle_Reference,Vehicle_Type,Towing_and_Articulation,Vehicle_Manoeuvre,Vehicle_Location-Restricted_Lane,Junction_Location,Skidding_and_Overturning,Hit_Object_in_Carriageway,Vehicle_Leaving_Carriageway,Hit_Object_off_Carriageway,1st_Point_of_Impact,Was_Vehicle_Left_Hand_Drive?,Journey_Purpose_of_Driver,Sex_of_Driver,Age_of_Driver,Age_Band_of_Driver,Engine_Capacity_(CC),Propulsion_Code,Age_of_Vehicle,Driver_IMD_Decile,Driver_Home_Area_Type,Vehicle_IMD_Decile
2016471601967,2,9,0,18,0,8,0,0,0,0,2,1,6,1,46,8,1422,2,13,3,1,3
2016471601968,1,8,0,9,0,8,0,0,0,0,1,1,6,1,68,10,1596,1,8,7,3,7
2016471601968,2,4,0,18,0,1,0,0,0,0,1,1,2,1,18,4,125,1,3,7,3,7
2016471601977,1,5,0,11,0,8,0,0,0,0,1,1,6,1,46,8,1299,1,13,3,1,3
2016471601977,2,9,0,18,0,8,0,0,0,0,3,1,6,1,39,7,1834,1,14,2,1,2
2016471601978,1,9,0,9,0,3,1,0,1,10,3,1,6,2,25,5,1596,1,14,2,1,2
2016471601980,1,9,0,9,0,8,0,0,0,0,3,1,6,2,42,7,1968,2,8,5,1,5
2016471601980,2,9,0,18,0,1,0,0,0,0,1,1,6,1,66,10,1998,1,16,1,1,1
2016471601981,1,20,0,18,0,8,0,0,0,0,3,1,6,1,52,8,6174,2,10,3,1,3
2016471601985,1,9,0,18,0,1,0,0,0,0,1,1,6,3,-1,-1,-1,-1,-1,-1,-1,-1
2016471601985,2,9,0,18,0,1,0,0,0,0,2,1,6,1,63,9,1598,1,7,7,1,7
2016471601986,1,9,0,18,0,1,0,0,0,0,1,1,6,1,30,6,1796,1,16,2,1,2
2016471601986,2,9,0,18,0,1,0,0,0,0,2,1,6,2,29,6,1598,1,10,5,1,5
2016471601989,1,9,0,18,0,0,0,0,0,0,4,1,6,1,73,10,1396,1,5,4,1,4
2016471601989,2,9,0,2,0,0,0,0,0,0,3,1,6,3,-1,-1,1560,2,1,-1,-1,-1
2016471601989,3,9,0,2,0,0,0,0,0,0,2,1,6,3,-1,-1,1796,1,11,-1,-1,-1
2016471601990,1,9,0,18,0,0,0,0,7,0,1,1,6,2,78,11,2400,2,6,6,3,6
2016471601990,2,9,0,7,0,0,0,0,0,0,3,1,6,1,67,10,3436,1,3,8,1,8
2016471601990,3,9,0,18,0,0,0,0,0,0,1,1,6,1,81,11,1397,1,4,8,1,8
2016471601992,1,1,0,18,0,1,0,0,0,1,1,1,1,1,45,7,-1,-1,-1,7,1,7
2016471601994,1,1,0,18,0,0,0,0,0,0,1,1,2,1,42,7,-1,-1,-1,1,1,1
2016471601995,1,9,0,18,0,1,0,0,0,0,1,1,6,1,63,9,1388,1,17,10,2,10
2016471601995,2,9,0,10,0,5,0,0,0,0,2,1,6,1,18,4,1242,1,13,8,1,8
2016471601998,1,1,0,18,9,1,0,0,0,0,0,1,6,1,79,11,-1,-1,-1,9,1,9
2016471601998,2,9,0,18,0,2,0,0,0,0,0,1,6,1,50,8,1598,2,1,10,1,10
2016471601999,1,9,0,18,0,2,0,0,0,0,4,1,6,3,-1,-1,-1,-1,-1,-1,-1,-1
2016471601999,2,1,0,18,9,2,0,0,0,0,3,1,6,1,46,8,-1,-1,-1,8,1,8
2016471602001,1,19,0,18,0,1,0,0,0,0,1,1,1,1,25,5,2143,2,5,4,1,4
2016471602001,2,9,0,3,0,1,0,0,1,0,2,1,2,2,28,6,1686,2,1,7,1,7
2016471602001,3,19,0,4,0,1,0,0,0,0,2,1,2,1,41,7,1248,2,10,2,1,2
2016471602002,1,1,0,7,0,8,0,0,0,0,1,1,6,1,26,6,-1,-1,-1,1,1,1
2016471602002,2,9,0,4,0,8,0,0,0,0,3,1,6,1,48,8,1598,1,11,1,1,1
2016471602004,1,11,0,18,0,1,0,0,0,0,1,1,1,1,31,6,9000,2,11,1,1,1
2016471602004,2,9,0,4,0,1,0,0,0,0,2,1,6,1,44,7,1948,1,15,7,1,7
2016471602004,3,9,0,9,0,8,0,0,0,0,2,1,6,2,30,6,1598,1,8,6,1,6
2016471602005,1,9,0,9,0,1,0,0,0,0,0,1,6,1,81,11,1997,1,15,8,1,8
2016471602005,2,11,0,18,0,8,0,0,0,0,0,1,1,1,54,8,5132,2,1,-1,-1,-1
2016471602007,1,1,0,18,0,1,0,0,0,0,1,1,6,1,18,4,-1,-1,-1,2,1,2
2016471602007,2,9,0,4,0,1,0,0,0,0,2,1,6,1,62,9,-1,-1,-1,2,1,2
2016471602010,1,9,0,1,0,1,0,0,0,0,2,1,6,2,67,10,1596,1,13,6,1,6
2016471602011,1,9,0,8,0,4,0,0,0,0,1,1,6,2,73,10,1360,1,13,5,2,5
2016471602011,2,9,0,8,0,4,0,0,0,0,2,1,6,1,51,8,1998,1,20,4,1,4
2016471602012,1,9,0,9,0,8,0,0,0,0,4,1,1,1,59,9,2204,2,9,4,1,4
2016471602012,2,3,0,18,0,1,0,0,0,0,1,1,6,1,24,5,124,1,2,1,1,1
2016471602014,1,19,0,18,0,1,0,0,0,0,1,1,6,3,40,7,2464,2,8,-1,-1,-1
2016471602014,2,9,0,3,0,1,0,0,0,0,2,1,6,2,71,10,1598,1,2,4,1,4
2016471602016,1,9,0,9,0,8,0,0,0,0,1,1,1,1,48,8,999,1,-1,2,1,2
2016471602016,2,9,0,18,0,1,0,0,1,10,3,1,6,1,55,8,1896,2,12,7,1,7
2016471602017,1,9,0,4,0,2,0,0,0,0,1,1,6,1,33,6,-1,-1,-1,6,1,6
2016471602017,2,1,0,18,4,8,0,0,0,0,1,1,6,1,36,7,-1,-1,-1,7,1,7
2016471602018,1,11,0,5,6,0,0,0,0,0,4,1,1,3,-1,-1,-1,-1,-1,-1,-1,-1
2016471602024,1,19,0,13,0,0,0,0,0,0,4,1,1,1,53,8,2402,2,11,7,1,7
2016471602024,2,1,0,18,0,0,0,0,0,0,3,1,2,1,28,6,-1,-1,-1,8,1,8
2016471602025,1,90,0,7,0,6,0,0,0,0,0,1,1,1,30,6,-1,-1,-1,-1,-1,-1
2016471602025,2,11,0,18,0,1,0,0,0,0,0,1,1,2,26,6,9360,2,4,7,1,7
2016471602026,1,19,0,18,0,0,0,0,1,0,3,1,6,1,54,8,2464,2,8,8,1,8
2016471602026,2,9,0,18,0,0,0,0,0,0,4,1,6,1,42,7,1560,2,7,7,1,7
2016471602028,1,11,0,18,0,6,0,0,0,0,1,1,1,1,57,9,4760,2,4,3,1,3
2016471602030,1,9,0,9,0,1,0,0,0,0,1,1,6,1,52,8,1329,1,1,4,1,4
2016471602030,2,9,0,18,0,1,0,0,1,0,1,1,6,1,66,10,1997,2,16,5,1,5
2016471602031,1,9,0,4,0,1,0,0,0,0,1,1,6,2,71,10,1248,1,6,4,1,4
2016471602031,2,9,0,4,0,1,0,0,0,0,2,1,6,2,30,6,1685,2,3,4,1,4
2016471602036,1,9,0,18,0,1,5,0,0,0,4,1,6,2,85,11,1341,1,15,6,1,6
2016471602036,2,9,0,2,0,1,0,0,0,0,3,1,6,3,-1,-1,1242,1,1,-1,-1,-1
2016471602038,1,9,0,18,0,0,0,0,0,0,1,1,6,2,25,5,1380,1,11,7,1,7
2016471602038,2,9,0,4,0,0,0,0,0,0,2,1,6,1,67,10,1796,1,19,6,1,6
2016471602039,1,19,0,7,0,8,0,0,0,0,1,1,2,1,29,6,1560,2,1,1,1,1
2016471602039,2,9,0,18,0,1,0,0,0,0,1,1,6,1,69,10,1242,1,7,4,1,4
2016471602042,1,9,0,18,0,4,0,0,0,0,1,1,6,2,40,7,1968,2,2,3,1,3
2016471602042,2,9,0,3,0,4,0,0,0,0,2,1,6,1,61,9,1995,2,14,5,1,5
2016471602045,1,9,0,17,0,0,0,0,0,0,1,1,6,2,42,7,1240,1,11,8,1,8
2016471602045,2,19,0,16,0,0,0,0,0,0,4,1,2,1,50,8,1598,2,1,5,1,5
2016471602046,1,9,0,18,0,1,0,0,0,0,1,1,6,3,21,5,1560,2,8,10,1,10
2016471602046,2,9,0,3,0,1,0,0,0,0,2,1,6,2,22,5,1598,1,4,6,1,6
2016471602048,1,9,4,14,0,1,0,0,0,0,4,1,6,1,57,9,2720,2,9,8,2,8
2016471602050,1,9,0,13,0,1,2,0,1,4,4,1,6,1,19,4,1198,1,14,3,1,3
2016471602050,2,19,0,9,0,5,0,0,0,0,2,1,1,1,40,7,2402,2,5,6,1,6
2016471602051,1,11,0,18,0,0,0,0,0,0,1,1,1,1,35,6,9000,2,7,5,1,5
2016471602052,1,9,0,9,0,8,0,0,0,0,1,1,1,2,36,7,1850,1,16,8,1,8
2016471602052,2,9,0,18,0,8,0,0,0,0,3,1,2,2,45,7,2204,2,8,9,1,9
2016471602057,1,9,0,4,0,0,0,0,0,0,1,1,6,1,19,4,1229,1,9,2,1,2
2016471602058,1,9,0,9,0,6,0,0,0,0,4,1,6,1,17,4,1390,1,14,10,1,10
2016471602058,2,9,0,18,0,1,0,0,7,11,4,1,6,1,72,10,2179,2,9,6,1,6
2016471602060,1,9,0,5,0,6,0,0,0,0,3,1,6,1,24,5,-1,-1,-1,3,1,3
2016471602060,2,5,0,18,0,8,0,0,0,0,4,1,6,1,44,7,865,1,1,1,1,1
2016471602062,1,11,0,18,0,0,0,0,0,0,1,1,1,1,69,10,5900,2,12,4,1,4
2016471602062,2,9,0,2,0,0,0,0,0,0,2,1,6,2,23,5,1368,1,6,7,1,7
2016471602065,1,21,1,18,0,1,0,0,0,0,4,1,1,1,68,10,11967,2,5,10,1,10
2016471602066,1,9,0,18,0,0,0,0,1,0,1,1,6,2,76,11,1798,8,-1,8,1,8
2016471602066,2,9,0,4,0,0,0,0,1,0,2,1,6,1,39,7,1598,1,9,6,1,6
2016471602066,3,20,0,4,0,0,0,0,0,0,2,1,6,1,64,9,-1,-1,-1,8,3,8
2016471602066,4,9,0,4,0,0,0,0,0,0,2,1,6,1,69,10,1598,1,3,9,3,9
2016471602068,1,11,0,4,2,1,0,0,0,0,0,1,1,3,50,8,-1,-1,-1,-1,-1,-1
2016471602068,2,1,0,18,2,1,0,0,1,0,0,1,6,1,67,10,-1,-1,-1,7,1,7
2016471602069,1,9,0,16,0,0,0,0,0,0,1,1,6,1,54,8,1991,2,12,7,3,7
2016471602069,2,9,0,16,0,0,0,0,0,0,2,1,6,1,46,8,1998,1,13,6,3,6
2016471602070,1,19,0,18,0,0,0,0,0,0,1,1,1,1,53,8,2143,2,4,3,1,3
2016471602070,2,9,0,4,0,0,0,0,1,0,2,1,6,2,29,6,1769,2,23,10,1,10
2016471602072,1,3,0,18,0,7,0,0,0,0,4,1,6,2,51,8,125,1,1,5,1,5
2016471602073,1,9,0,17,0,0,0,0,0,0,1,1,6,1,30,6,1598,1,16,7,3,7
2016471602073,2,9,0,16,0,0,0,0,0,0,1,1,6,2,57,9,1598,1,5,7,3,7
2016471602074,1,9,0,5,0,6,0,0,0,0,1,1,6,1,88,11,1596,1,16,7,1,7
2016471602074,2,9,0,18,0,2,0,0,0,0,1,1,6,1,29,6,998,1,-1,8,1,8
2016471602076,1,9,0,18,0,2,0,0,0,0,1,1,6,1,38,7,1229,1,2,1,1,1
2016471602076,2,9,0,18,0,2,0,0,0,0,2,1,6,1,45,7,3189,1,12,6,1,6
2016471602076,3,9,0,18,0,2,0,0,0,0,2,1,6,1,29,6,1498,1,7,5,1,5
2016471602077,1,3,0,18,0,8,0,0,0,0,1,1,6,1,31,6,125,1,1,-1,-1,-1
2016471602077,2,9,0,9,0,8,0,0,0,0,1,1,6,2,26,6,1198,1,10,1,1,1
2016471602078,1,9,0,4,0,0,0,0,0,0,2,1,6,1,22,5,2494,1,18,9,1,9
2016471602078,2,9,0,18,0,0,0,0,0,0,1,1,6,1,26,6,2494,1,20,7,1,7
2016471602078,3,9,0,18,0,0,0,0,0,0,3,1,6,1,24,5,1796,1,17,8,1,8
2016471602078,4,9,0,18,0,0,0,0,0,0,1,1,6,1,18,4,999,1,15,7,1,7
2016471602078,5,9,0,18,0,0,0,0,0,0,1,1,6,1,20,4,1968,2,12,8,1,8
2016471602078,6,9,0,18,0,0,0,0,0,0,1,1,6,1,23,5,1998,1,10,2,1,2
2016471602081,1,9,0,18,0,0,1,0,1,2,1,1,6,1,19,4,1679,1,18,8,3,8
2016471602081,2,9,0,2,0,0,0,0,0,0,3,1,6,3,-1,-1,1560,2,2,-1,-1,-1
2016471602085,1,9,0,18,0,8,0,0,0,0,1,1,6,3,45,7,-1,-1,-1,-1,-1,-1
2016471602085,2,9,0,18,0,8,0,0,0,0,3,1,6,2,32,6,998,1,10,4,1,4
2016471602087,1,9,0,9,0,5,0,0,0,0,1,1,6,2,53,8,1461,2,5,4,1,4
2016471602087,2,1,0,18,0,8,0,0,1,0,3,1,6,1,36,7,-1,-1,-1,8,1,8
2016471602088,1,9,4,18,0,0,0,0,1,10,1,1,1,1,44,7,-1,-1,-1,7,2,7
2016471602088,2,9,0,3,0,0,0,0,0,0,2,1,6,2,81,11,1391,1,15,4,1,4
2016471602088,3,9,0,14,0,0,0,0,0,0,1,1,6,1,54,8,998,1,3,5,2,5
2016471602089,1,9,0,5,0,6,0,0,0,0,1,1,6,2,87,11,1149,1,5,5,1,5
2016471602089,2,9,0,18,0,8,0,0,0,0,1,1,1,1,29,6,1582,2,1,7,1,7
2016471602093,1,9,0,18,0,8,0,0,0,0,1,1,2,1,42,7,1199,1,15,5,1,5
2016471602093,2,1,0,9,0,2,0,0,0,0,2,1,2,1,39,7,-1,-1,-1,5,1,5
2016471602096,1,9,0,18,0,0,5,0,7,10,3,1,2,2,18,4,1149,1,11,7,1,7
2016471602097,1,9,0,18,0,3,0,0,0,0,1,1,2,2,42,7,2143,2,3,8,1,8
2016471602098,1,5,0,18,0,4,0,0,0,0,0,1,6,1,30,6,599,1,9,4,1,4
2016471602099,1,5,0,16,0,1,0,0,0,0,4,1,6,1,27,6,675,1,9,2,1,2
2016471602099,2,9,0,17,0,1,0,0,0,0,1,1,6,2,48,8,1896,2,11,10,1,10
2016471602100,1,2,0,13,0,1,0,0,0,0,1,1,6,1,20,4,50,1,4,9,1,9
2016471602100,2,9,0,18,0,2,0,0,0,0,1,1,6,1,51,8,1968,2,1,5,1,5
2016471602101,1,9,0,18,0,0,1,0,0,0,1,1,6,1,85,11,1580,1,20,4,3,4
2016471602101,2,9,0,4,0,0,0,0,0,0,2,1,6,2,68,10,998,1,3,6,1,6
2016471602101,3,21,0,18,0,0,0,0,0,0,0,1,6,3,-1,-1,-1,-1,-1,-1,-1,-1
2016471602103,1,9,0,4,0,1,0,0,0,0,1,1,6,2,72,10,1360,1,4,8,1,8
2016471602103,2,1,0,3,0,1,0,0,0,0,2,1,6,1,20,4,-1,-1,-1,3,1,3
2016471602108,1,9,0,9,0,1,0,0,0,0,3,1,6,2,20,4,1199,1,1,5,3,5
2016471602108,2,9,0,18,0,1,0,0,0,0,1,1,6,2,40,7,1753,2,6,8,3,8
2016471602109,1,1,0,18,0,1,0,0,0,0,1,1,6,1,33,6,-1,-1,-1,3,1,3
2016471602109,2,9,0,18,0,1,0,0,0,0,4,1,6,1,75,10,1360,1,12,7,1,7
2016471602112,1,19,0,18,0,0,0,0,1,0,1,1,1,1,27,6,1968,2,4,3,1,3
2016471602112,2,9,0,18,0,0,0,0,0,0,1,1,1,2,38,7,2776,2,9,10,1,10
2016471602113,1,9,0,9,0,0,0,0,0,0,3,1,2,2,51,8,998,1,1,8,1,8
2016471602113,2,3,0,18,0,0,0,0,0,0,4,1,2,1,44,7,-1,-1,-1,6,1,6
2016471602116,1,9,0,18,0,2,0,0,0,0,3,1,6,1,26,6,3430,1,27,5,1,5
2016471602116,2,1,0,18,0,1,0,0,0,0,4,1,6,1,29,6,-1,-1,-1,8,1,8
2016471602117,1,9,0,18,0,8,0,0,3,4,3,1,6,1,62,9,995,1,11,3,1,3
2016471602118,1,9,0,18,0,2,0,0,0,0,3,1,6,2,31,6,1896,2,9,5,1,5
2016471602118,2,9,0,18,0,1,0,0,0,0,1,1,6,1,33,6,1299,1,13,7,1,7
2016471602119,1,19,0,18,0,0,1,0,1,4,1,1,6,1,23,5,-1,-1,-1,8,3,8
2016471602119,2,9,0,4,0,0,0,0,0,0,2,1,6,1,33,6,1229,1,8,5,2,5
2016471602119,3,9,0,3,0,0,0,0,0,0,0,1,6,1,40,7,1995,2,1,3,1,3
2016471602119,4,9,0,10,0,0,0,0,0,0,0,1,6,1,61,9,-1,-1,-1,8,2,8
2016471602119,5,9,0,18,0,0,2,0,0,0,1,1,2,1,30,6,1368,1,7,6,2,6
2016471602119,6,5,0,18,0,0,0,0,1,0,1,1,6,1,36,7,-1,-1,-1,10,1,10
2016471602120,1,9,0,18,0,8,0,0,0,0,1,1,6,1,33,6,1242,1,16,7,1,7
2016471602120,2,9,0,7,0,8,0,0,0,0,3,1,6,1,21,5,1896,2,14,6,1,6
2016471602121,1,11,0,9,0,8,0,0,0,0,1,1,1,1,23,5,9000,2,11,5,1,5
2016471602121,2,1,0,18,4,1,0,0,0,0,1,1,2,1,23,5,-1,-1,-1,7,1,7
2016471602121,3,11,0,4,2,1,0,0,0,0,0,1,1,1,38,7,11967,2,8,10,1,10
2016471602122,1,9,0,18,0,0,1,6,0,0,3,1,6,1,18,4,1390,1,14,9,1,9
2016471602123,1,9,0,18,0,8,0,0,0,0,1,1,6,2,66,10,1582,2,3,5,1,5
2016471602123,2,9,0,10,0,1,0,0,0,0,2,1,6,1,29,6,998,1,10,2,1,2
2016471602124,1,8,0,3,0,2,0,0,0,0,3,1,1,1,34,6,1791,8,5,4,1,4
2016471602125,1,9,0,18,0,1,0,0,1,11,1,1,6,1,39,7,1796,1,14,8,1,8
2016471602126,1,9,0,18,0,8,0,0,0,0,1,1,6,1,64,9,1360,1,13,8,1,8
2016471602126,2,9,0,9,0,8,0,0,0,0,3,1,6,2,56,9,1618,1,-1,4,2,4
2016471602129,1,9,0,18,0,0,0,0,0,0,1,1,6,1,18,4,1349,1,6,7,1,7
2016471602129,2,9,0,1,0,0,0,0,0,0,2,1,6,1,26,6,2143,2,3,5,1,5
2016471602136,1,3,0,18,0,0,1,0,0,0,1,1,6,2,34,6,108,1,3,4,1,4
2016471602136,2,9,0,4,0,0,0,0,0,0,2,1,6,1,22,5,1329,1,1,1,1,1
2016471602144,1,9,0,13,0,0,1,0,0,0,1,1,6,1,32,6,1896,2,12,1,1,1
2016471602144,2,9,0,10,0,0,0,0,0,0,2,1,6,2,30,6,1686,2,12,5,3,5
2016471602144,3,9,0,18,0,0,1,0,0,0,3,1,2,1,58,9,1560,2,6,8,1,8
2016471602146,1,9,0,4,0,1,0,0,0,0,1,1,2,1,29,6,1199,1,14,6,1,6
2016471602146,2,20,0,8,0,1,0,0,0,0,2,1,1,1,37,7,-1,-1,-1,5,1,5
2016471602146,3,9,0,8,0,1,0,0,0,0,2,1,2,1,32,6,1596,1,10,9,1,9
2016471602147,1,9,0,9,0,6,0,0,1,0,4,1,6,1,25,5,1360,1,14,3,1,3
2016471602147,2,1,0,18,0,1,0,0,0,0,1,1,6,1,54,8,-1,-1,-1,8,1,8
2016471602150,1,9,0,17,0,1,1,0,1,10,1,1,2,1,50,8,1796,1,7,8,1,8
2016471602150,2,9,0,7,0,6,0,0,1,10,3,1,2,1,30,6,1598,1,14,7,3,7
2016471602152,1,9,0,18,0,1,0,0,0,0,1,1,6,2,25,5,1398,1,1,3,1,3
2016471602152,2,1,0,9,0,1,0,0,0,0,3,1,1,1,24,5,-1,-1,-1,4,1,4
2016471602153,1,8,0,1,0,0,0,0,0,0,2,1,1,1,-1,-1,1797,8,1,1,1,1
2016471602153,2,9,0,2,0,0,0,0,0,0,3,1,1,1,48,8,1397,1,5,1,1,1
2016471602154,1,9,0,4,0,0,0,0,0,0,1,1,6,1,23,5,1368,1,5,8,1,8
2016471602154,2,9,0,4,0,0,0,0,0,0,2,1,6,1,54,8,2993,2,10,9,1,9
2016471602155,1,1,0,16,0,0,0,11,0,0,3,1,6,2,51,8,-1,-1,-1,10,1,10
2016471602157,1,9,0,18,0,1,0,0,0,0,1,1,6,1,65,9,1598,1,9,1,1,1
2016471602157,2,2,0,7,0,1,0,0,0,0,1,1,6,1,18,4,49,1,14,1,1,1
2016471602159,1,9,0,18,0,0,5,4,0,0,1,1,6,2,79,11,1598,1,3,6,2,6
2016471602159,2,9,0,2,0,0,0,0,0,0,2,1,6,3,-1,-1,999,1,3,-1,-1,-1
2016471602159,3,9,0,2,0,0,0,0,0,0,2,1,6,3,-1,-1,1242,1,4,-1,-1,-1
2016471602160,1,9,0,17,0,0,2,0,7,9,1,1,6,2,59,9,1998,1,11,5,1,5
2016471602161,1,19,0,18,0,1,0,0,0,0,4,1,6,1,59,9,2143,2,4,8,1,8
2016471602161,2,19,0,10,0,1,0,0,7,1,1,1,1,1,53,8,2198,2,-1,3,1,3
2016471602162,1,3,0,18,0,0,0,0,0,0,1,1,6,1,37,7,-1,-1,-1,2,1,2
2016471602162,2,9,0,2,0,0,0,0,0,0,2,1,6,3,-1,-1,1584,1,11,-1,-1,-1
2016471602163,1,3,0,18,0,1,0,0,0,0,1,1,6,1,19,4,124,1,-1,7,1,7
2016471602163,2,9,0,3,0,1,0,0,0,0,2,1,6,2,27,6,1360,1,5,6,1,6
2016471602164,1,9,0,18,0,0,0,0,2,11,1,1,2,1,29,6,1364,1,12,2,1,2
2016471602165,1,9,0,18,0,0,0,0,0,0,1,1,6,2,66,10,1598,1,4,10,2,10
2016471602165,2,9,0,18,0,0,0,0,7,0,1,1,6,2,46,8,1299,1,8,9,2,9
2016471602166,1,9,0,12,0,1,1,0,0,0,1,1,2,1,19,4,1199,1,13,10,1,10
2016471602166,2,9,0,12,0,1,1,0,0,0,2,1,2,2,24,5,1198,1,5,7,1,7
2016471602167,1,9,0,16,0,0,0,0,2,10,4,1,6,1,20,4,1240,1,10,5,1,5
2016471602167,2,19,0,17,0,0,0,0,0,0,1,1,2,2,42,7,1753,2,13,2,1,2
2016471602169,1,9,0,17,0,8,1,0,1,11,1,1,6,1,23,5,898,1,-1,-1,-1,-1
2016471602171,1,8,0,3,0,1,0,0,0,0,0,1,6,1,-1,-1,1560,2,3,-1,-1,-1
2016471602173,1,11,0,18,0,1,0,0,0,0,0,1,1,1,30,6,3900,2,13,4,1,4
2016471602173,2,9,0,5,0,6,0,0,0,0,0,1,6,1,30,6,-1,-1,-1,-1,-1,-1
2016471602178,1,20,0,18,0,0,0,0,0,0,4,1,6,3,35,6,-1,-1,-1,-1,-1,-1
2016471602179,1,9,0,18,0,1,0,0,1,0,1,1,6,1,26,6,1796,1,13,6,2,6
2016471602179,2,9,0,5,0,6,0,0,0,0,3,1,1,1,48,8,999,1,5,7,1,7
2016471602181,1,9,0,18,0,1,0,0,0,0,4,1,6,2,77,11,-1,-1,-1,6,1,6
2016471602181,2,9,0,2,0,2,0,0,0,0,1,1,6,3,-1,-1,1896,2,14,-1,-1,-1
2016471602182,1,9,0,5,0,0,1,0,0,0,1,1,6,2,20,4,998,1,6,8,1,8
2016471602182,2,9,0,3,0,0,0,0,0,0,2,1,6,2,32,6,2143,2,4,8,1,8
2016471602186,1,20,0,18,0,1,0,0,0,0,1,1,1,1,59,9,9200,2,9,5,3,5
2016471602186,2,9,0,10,0,1,0,0,0,0,2,1,6,1,84,11,1598,1,7,6,1,6
2016471602190,1,9,0,10,0,6,0,0,0,0,3,1,6,1,20,4,1598,1,12,1,1,1
2016471602190,2,1,0,18,0,8,0,0,0,0,1,1,6,1,29,6,-1,-1,-1,9,2,9
2016471602194,1,19,0,9,0,6,0,0,0,0,3,1,1,1,30,6,1968,2,1,4,1,4
2016471602194,2,9,0,18,0,1,0,0,0,0,1,1,6,1,18,4,1149,1,13,8,3,8
2016471602195,1,9,0,18,0,0,1,0,0,0,1,1,6,1,21,5,1242,1,14,5,1,5
2016471602195,2,9,0,5,0,0,0,0,0,0,2,1,6,2,30,6,1339,1,11,5,1,5
2016471602195,3,9,0,18,0,0,1,0,0,0,1,1,6,2,17,4,1598,1,11,7,1,7
2016471602196,1,9,0,18,0,0,0,0,7,0,3,1,6,2,85,11,1275,1,16,10,2,10
2016471602196,2,9,0,18,0,0,0,0,0,0,1,1,6,2,60,9,1197,1,3,9,2,9
2016471602197,1,9,0,16,0,0,1,0,7,4,1,1,1,1,30,6,1598,1,20,2,1,2
2016471602198,1,9,0,16,0,1,0,10,7,4,1,1,6,1,25,5,1242,1,12,8,2,8
2016471602199,1,9,0,4,0,1,0,0,0,0,1,1,3,1,55,8,1998,2,4,3,1,3
2016471602199,2,1,0,18,9,8,0,0,0,0,1,1,6,1,21,5,-1,-1,-1,4,1,4
2016471602209,1,19,0,7,0,5,0,0,0,0,1,1,6,1,40,7,-1,-1,-1,-1,-1,-1
2016471602209,2,1,0,15,0,1,0,0,0,0,3,1,6,1,35,6,-1,-1,-1,7,1,7
2016471602211,1,9,0,18,0,1,0,0,0,0,1,2,6,1,30,6,-1,-1,-1,-1,-1,-1
2016471602211,2,9,0,10,0,8,0,0,0,0,1,1,2,2,45,7,1598,1,11,9,1,9
2016471602217,1,9,0,9,0,4,0,0,0,0,0,1,6,3,-1,-1,-1,-1,-1,-1,-1,-1
2016471602217,2,11,0,5,0,8,0,0,0,0,0,1,6,1,73,10,8270,2,16,2,1,2
2016471602218,1,9,0,18,0,1,0,0,0,0,2,1,6,1,81,11,5211,1,-1,10,2,10
2016471602218,2,9,0,7,0,5,0,0,0,0,2,1,1,2,40,7,1596,1,9,5,3,5
2016471602219,1,9,0,18,0,0,1,0,0,0,1,1,2,1,32,6,1598,2,3,6,1,6
2016471602219,2,9,0,18,0,0,0,0,0,0,2,1,2,2,24,5,1198,1,1,10,1,10
2016471602221,1,1,0,18,0,0,1,0,0,0,1,1,6,2,40,7,-1,-1,-1,4,1,4
2016471602222,1,9,0,16,0,0,1,0,8,4,4,1,6,2,23,5,1124,1,15,8,1,8
2016471602224,1,9,0,16,0,0,0,0,7,11,1,1,6,2,18,4,1242,1,2,6,1,6
2016471602225,1,9,0,16,0,0,5,0,7,0,1,1,1,1,20,4,1984,1,3,9,3,9
2016471602228,1,9,0,18,0,1,1,0,0,0,1,1,6,2,44,7,1598,1,10,10,1,10
2016471602228,2,9,0,6,0,8,0,0,0,0,3,1,6,1,26,6,2316,1,20,6,3,6
2016471602229,1,9,0,18,0,0,0,0,1,4,1,1,6,2,27,6,1242,1,4,7,1,7
2016471602230,1,9,0,18,0,0,0,0,1,1,1,1,6,1,19,4,1391,1,21,8,2,8
2016471602231,1,9,0,18,0,8,0,0,0,0,4,1,6,1,80,11,1341,1,13,9,1,9
2016471602231,2,5,0,18,0,8,0,0,0,0,1,1,6,1,40,7,847,1,1,10,1,10
2016471602232,1,21,1,9,0,8,0,0,0,0,1,2,1,1,50,8,-1,-1,-1,-1,-1,-1
2016471602232,2,9,0,18,0,3,0,0,0,0,4,1,6,2,40,7,-1,-1,-1,4,1,4
2016471602234,1,9,0,18,0,0,0,0,0,0,1,1,6,2,43,7,1896,2,14,8,1,8
2016471602234,2,19,0,2,0,0,0,0,0,0,2,1,6,1,60,9,1560,2,1,-1,-1,-1
2016471602235,1,9,0,9,0,5,0,0,0,0,3,1,6,2,33,6,1956,2,4,8,2,8
2016471602235,2,1,0,18,0,1,0,0,0,0,1,1,1,1,50,8,-1,-1,-1,6,3,6