Accident_Index,Vehicle_Reference,Vehicle_Type,Towing_and_Articulation,Vehicle_Manoeuvre,Vehicle_Location-Restricted_Lane,Junction_Location,Skidding_and_Overturning,Hit_Object_in_Carriageway,Vehicle_Leaving_Carriageway,Hit_Object_off_Carriageway,1st_Point_of_Impact,Was_Vehicle_Left_Hand_Drive?,Journey_Purpose_of_Driver,Sex_of_Driver,Age_of_Driver,Age_Band_of_Driver,Engine_Capacity_(CC),Propulsion_Code,Age_of_Vehicle,Driver_IMD_Decile,Driver_Home_Area_Type,Vehicle_IMD_Decile
2016471602497,1,9,0,18,0,1,0,0,0,0,3,1,6,3,-1,-1,-1,-1,-1,-1,-1,-1
2016471602497,2,1,0,10,0,1,0,0,0,0,4,1,6,1,40,7,-1,-1,-1,7,1,7
2016471602502,1,9,0,18,0,0,1,0,0,0,1,1,6,1,24,5,1242,1,16,7,3,7
2016471602502,2,9,0,18,0,0,0,0,0,0,1,1,6,2,57,9,1995,2,11,7,3,7
2016471602503,1,9,0,9,0,8,0,0,0,0,3,1,6,1,28,6,1598,1,16,6,3,6
2016471602503,2,9,0,18,0,8,0,0,0,0,1,1,6,1,44,7,898,1,1,2,1,2
2016471602504,1,9,0,4,0,1,0,0,0,0,1,1,6,1,24,5,1796,1,16,5,1,5
2016471602504,2,1,0,18,0,1,0,0,0,0,3,1,6,1,79,11,-1,-1,-1,4,1,4
2016471602506,1,9,0,5,0,1,0,0,0,0,2,1,6,1,18,4,1248,2,12,10,1,10
2016471602506,2,11,0,18,0,1,0,0,0,0,1,1,1,1,35,6,5883,2,14,3,1,3
2016471602508,1,9,0,7,0,5,0,0,0,0,0,1,6,1,34,6,1998,2,9,7,1,7
2016471602510,1,9,0,18,0,2,0,0,0,0,3,1,6,1,42,7,1240,1,13,3,1,3
2016471602510,2,5,0,13,0,2,0,0,0,0,4,1,6,1,34,6,-1,-1,-1,2,1,2
2016471602510,3,9,0,7,0,2,0,0,0,0,0,1,6,3,40,7,-1,-1,-1,-1,-1,-1
2016471602512,1,9,0,9,0,3,0,0,0,0,0,1,6,3,30,6,-1,-1,-1,-1,-1,-1
2016471602512,2,9,0,18,0,4,0,0,0,0,1,1,6,1,28,6,1796,1,6,5,1,5
2016471602512,3,9,0,18,0,4,0,0,0,0,3,1,6,1,58,9,2495,2,16,8,1,8
2016471602514,1,9,0,18,0,0,0,4,0,0,1,1,2,1,18,4,1368,1,7,7,1,7
2016471602514,2,9,0,2,0,0,0,0,0,0,1,1,6,3,-1,-1,1598,1,5,-1,-1,-1
2016471602515,1,9,0,18,0,0,0,11,1,0,1,1,6,1,39,7,1598,1,9,6,1,6
2016471602516,1,9,0,18,0,0,0,0,0,0,4,1,1,1,52,8,2488,2,11,5,3,5
2016471602516,2,1,0,18,0,0,0,0,0,0,3,1,6,1,58,9,-1,-1,-1,9,1,9
2016471602517,1,9,0,7,0,5,0,0,0,0,1,1,2,2,19,4,998,1,1,9,1,9
2016471602517,2,1,0,18,0,1,0,0,0,0,2,1,6,1,50,8,-1,-1,-1,8,1,8
2016471602519,1,4,0,18,0,3,1,0,0,0,3,1,6,1,25,5,749,1,18,7,1,7
2016471602520,1,9,0,9,0,6,0,0,0,0,3,1,2,1,40,7,2143,2,1,9,1,9
2016471602520,2,1,0,18,0,8,0,0,0,0,1,1,6,2,33,6,-1,-1,-1,9,1,9
2016471602520,3,11,0,3,0,1,0,0,0,0,0,1,1,1,45,7,11000,2,11,2,1,2
2016471602521,1,5,0,18,0,0,1,0,0,6,1,1,6,1,37,7,750,1,12,8,1,8
2016471602521,2,19,0,1,0,0,0,0,0,0,0,1,6,1,27,6,2402,2,15,2,1,2
2016471602522,1,1,0,18,4,8,0,0,0,0,1,1,6,1,58,9,-1,-1,-1,6,1,6
2016471602522,2,21,1,7,4,8,0,0,0,0,4,1,1,1,41,7,7146,2,4,7,1,7
2016471602524,1,5,0,16,0,8,1,0,0,0,3,1,6,1,46,8,1198,1,7,8,1,8
2016471602524,2,9,0,17,0,8,0,0,0,0,0,1,6,2,72,10,1198,1,1,9,2,9
2016471602526,1,19,0,4,0,1,0,0,0,0,1,1,1,1,43,7,-1,-1,-1,4,1,4
2016471602526,2,19,0,4,0,1,0,0,0,0,2,1,1,2,25,5,1598,2,1,8,1,8
2016471602527,1,9,0,9,0,1,0,0,0,0,1,1,6,1,22,5,1590,1,13,5,3,5
2016471602527,2,5,0,18,0,1,0,0,1,0,1,1,6,2,45,7,750,1,1,9,2,9
2016471602527,3,5,0,18,0,1,0,0,0,0,1,1,6,1,51,8,1195,1,2,8,3,8
2016471602528,1,9,0,3,0,1,0,0,0,0,1,1,6,3,-1,-1,-1,-1,-1,-1,-1,-1
2016471602528,2,9,0,8,0,1,0,0,0,0,2,1,3,2,39,7,1999,1,9,7,3,7
2016471602530,1,9,0,18,0,2,0,0,0,0,1,1,6,1,28,6,1596,1,12,4,1,4
2016471602532,1,5,0,13,0,1,1,0,1,0,1,1,6,1,65,9,1000,1,8,6,1,6
2016471602532,2,9,0,9,0,5,0,0,0,0,3,1,6,2,44,7,2184,2,12,8,3,8
2016471602533,1,9,0,9,0,5,0,0,0,0,1,1,6,1,48,8,1598,1,6,9,1,9
2016471602533,2,9,0,18,0,1,0,0,0,0,1,1,6,2,44,7,2191,2,3,3,1,3
2016471602535,1,9,0,18,0,0,2,0,0,11,1,1,6,2,29,6,1895,1,16,8,1,8
2016471602535,2,9,0,2,0,0,0,0,1,11,2,1,6,3,-1,-1,1997,2,14,-1,-1,-1
2016471602535,3,9,0,2,0,0,0,0,0,0,2,1,6,3,-1,-1,1596,1,14,-1,-1,-1
2016471602536,1,9,0,5,9,1,0,0,1,0,4,1,6,1,29,6,1199,1,14,1,1,1
2016471602538,1,9,0,9,0,5,0,0,0,0,4,1,6,2,30,6,998,1,8,3,1,3
2016471602538,2,3,0,18,0,8,0,0,0,0,1,1,2,1,24,5,125,1,2,6,1,6
2016471602539,1,9,0,14,0,1,0,0,0,0,4,1,1,1,50,8,1199,1,14,8,1,8
2016471602539,2,9,0,2,0,1,0,0,1,0,3,1,1,3,-1,-1,1796,1,8,-1,-1,-1
2016471602544,1,9,0,16,0,0,1,0,0,0,1,1,6,2,58,9,1596,1,14,10,1,10
2016471602544,2,9,0,17,0,0,0,0,0,0,1,1,6,1,50,8,2993,2,3,7,3,7
2016471602545,1,9,0,16,0,7,1,0,0,7,1,1,2,2,24,5,1149,1,11,2,1,2
2016471602548,1,9,0,9,0,5,0,0,0,0,4,1,6,3,-1,-1,1527,2,16,-1,-1,-1
2016471602548,2,5,0,18,0,1,0,0,0,0,4,1,6,1,22,5,999,1,8,5,1,5
2016471602549,1,9,0,17,0,0,1,0,1,4,1,1,6,2,44,7,698,1,10,4,1,4
2016471602550,1,9,0,18,0,5,0,0,1,0,1,1,6,1,23,5,1781,1,13,7,1,7
2016471602550,2,9,0,18,0,1,0,0,0,0,2,1,6,2,45,7,1248,2,7,7,1,7
2016471602552,1,9,0,17,0,0,0,0,0,0,1,1,6,1,21,5,1242,1,2,3,1,3
2016471602552,2,19,0,18,0,0,0,0,1,0,1,1,1,1,30,6,2148,2,7,1,1,1
2016471602554,1,9,0,18,0,0,2,10,0,0,1,1,6,2,90,11,1198,1,13,8,1,8
2016471602555,1,9,0,9,0,8,0,0,0,0,1,1,6,3,-1,-1,-1,-1,-1,-1,-1,-1
2016471602555,2,1,0,7,0,8,0,0,0,0,1,1,6,2,15,3,-1,-1,-1,2,1,2
2016471602556,1,9,0,18,0,0,0,0,7,4,1,1,2,1,27,6,3246,1,15,6,3,6
2016471602557,1,3,0,18,0,4,1,0,0,0,3,1,6,1,18,4,124,1,1,6,1,6
2016471602558,1,9,0,18,0,0,0,0,0,0,1,1,6,1,77,11,1587,1,10,6,1,6
2016471602558,2,9,0,2,0,0,0,0,0,0,2,1,6,3,-1,-1,1582,2,3,-1,-1,-1
2016471602563,1,9,0,4,0,0,0,0,0,0,1,1,6,1,34,6,1896,2,8,6,1,6
2016471602563,2,9,0,3,0,0,0,0,0,0,2,1,6,1,20,4,1242,1,3,10,1,10
2016471602572,1,9,0,16,0,2,1,0,0,0,1,2,6,1,18,4,-1,-1,-1,10,1,10
2016471602572,2,9,0,18,0,2,0,0,0,0,0,1,6,1,19,4,1597,1,23,10,2,10
2016471602572,3,9,0,17,0,2,0,0,1,4,1,1,6,2,75,10,1896,2,16,9,1,9
2016471602572,4,8,0,17,0,2,1,0,0,0,1,1,1,1,31,6,1598,2,4,6,1,6
2016471602574,1,9,0,18,0,0,1,0,0,0,1,1,6,2,39,7,1598,1,13,8,1,8
2016471602574,2,17,4,18,0,0,0,0,0,0,3,1,1,1,34,6,4525,2,6,5,3,5
2016471602576,1,9,0,9,0,6,0,0,0,0,1,1,6,2,18,4,998,1,8,7,1,7
2016471602576,2,9,0,18,0,1,0,0,0,0,4,1,6,2,54,8,998,1,14,6,1,6
2016471602576,3,9,0,2,0,1,0,0,0,0,2,1,6,3,-1,-1,2199,2,2,-1,-1,-1
2016471602576,4,9,0,2,0,1,0,0,0,0,1,1,6,3,-1,-1,2199,2,4,-1,-1,-1
2016471602577,1,9,0,18,0,1,0,0,0,0,4,1,6,2,23,5,1390,1,10,7,1,7
2016471602577,2,9,0,2,0,1,0,0,0,0,3,1,6,3,-1,-1,1910,2,10,-1,-1,-1
2016471602577,3,9,0,2,0,1,0,0,0,0,2,1,6,3,-1,-1,1560,2,9,-1,-1,-1
2016471602580,1,9,0,18,0,8,0,0,0,0,3,1,6,1,58,9,999,1,-1,-1,-1,-1
2016471602580,2,9,0,9,0,3,0,0,0,0,4,1,6,2,30,6,1229,1,10,5,1,5
2016471602580,3,9,0,18,0,3,0,0,0,0,0,1,6,1,67,10,1242,1,10,4,1,4
2016471602581,1,5,0,17,0,0,1,0,0,0,1,1,2,1,47,8,645,1,13,9,1,9
2016471602583,1,9,0,18,0,0,0,0,0,0,1,1,6,1,28,6,3724,1,13,1,1,1
2016471602583,2,9,0,2,0,0,0,0,0,0,0,1,6,2,41,7,2496,2,12,1,1,1
2016471602583,3,9,0,4,0,0,0,0,0,0,2,1,6,1,44,7,1332,1,18,1,1,1
2016471602586,1,9,0,18,0,0,0,0,0,0,1,1,6,3,30,6,1598,1,15,-1,-1,-1
2016471602587,1,9,0,9,0,8,0,0,7,0,1,1,6,1,21,5,1149,1,17,6,1,6
2016471602587,2,9,0,18,0,8,0,0,1,0,3,1,6,1,78,11,1896,2,8,8,1,8
2016471602590,1,9,0,18,0,0,0,0,0,0,1,1,2,1,66,10,1461,2,3,10,1,10
2016471602590,2,9,0,4,0,0,0,0,0,0,2,1,2,2,23,5,1390,1,10,4,1,4
2016471602591,1,9,0,3,0,0,0,0,0,0,1,1,6,1,83,11,1560,2,2,7,1,7
2016471602592,1,19,0,18,0,0,0,0,0,0,1,1,1,1,27,6,1598,2,1,7,1,7
2016471602592,2,1,0,18,0,0,0,0,1,0,2,1,6,1,34,6,-1,-1,-1,8,1,8
2016471602593,1,9,0,18,0,0,0,0,0,0,1,1,6,2,58,9,1998,1,17,7,3,7
2016471602593,2,9,0,4,0,0,0,0,0,0,2,1,1,1,50,8,1499,2,1,2,1,2
2016471602594,1,9,0,4,0,7,0,0,0,0,1,1,6,1,61,9,1499,2,-1,4,1,4
2016471602594,2,9,0,4,0,7,0,0,7,4,2,1,2,2,45,7,999,1,9,5,1,5
2016471602597,1,9,0,3,0,8,0,0,0,0,1,1,1,2,27,6,1596,1,15,9,1,9
2016471602597,2,9,0,3,0,1,0,0,0,0,2,1,6,1,39,7,1794,1,11,3,1,3
2016471602599,1,9,0,5,0,0,0,0,0,0,1,1,6,1,43,7,1796,1,14,10,1,10
2016471602599,2,1,0,18,0,0,0,0,0,0,1,1,6,1,36,7,-1,-1,-1,8,1,8
2016471602601,1,9,0,4,0,0,0,0,0,0,0,1,6,1,66,10,1560,2,1,1,1,1
2016471602601,2,9,0,4,0,0,0,0,0,0,1,1,6,1,61,9,1398,1,1,8,1,8
2016471602601,3,4,0,4,0,0,0,0,0,0,3,1,6,1,49,8,1188,1,17,1,1,1
2016471602603,1,1,0,18,0,0,0,0,0,0,1,1,6,1,45,7,-1,-1,-1,8,3,8
2016471602603,2,19,0,2,0,0,0,0,0,0,2,1,6,3,-1,-1,1995,2,7,-1,-1,-1
2016471602604,1,19,0,18,0,0,0,0,0,0,3,1,6,1,50,8,-1,-1,-1,3,1,3
2016471602604,2,9,0,18,0,0,0,0,0,0,3,1,6,1,40,7,-1,-1,-1,2,1,2
2016471602608,1,9,0,9,9,1,0,0,0,0,1,1,6,2,17,4,1388,1,11,5,1,5
2016471602608,2,9,0,18,0,1,0,0,0,0,4,1,1,1,21,5,-1,-1,-1,9,1,9
2016471602613,1,9,0,9,0,5,0,0,0,0,1,1,6,2,34,6,1560,2,2,8,1,8
2016471602613,2,1,0,18,0,1,0,0,0,0,1,1,2,1,35,6,-1,-1,-1,1,1,1
2016471602613,3,9,0,2,0,1,0,0,0,0,3,1,6,3,-1,-1,998,1,3,-1,-1,-1
2016471602614,1,9,0,16,0,0,0,0,1,4,1,1,6,2,20,4,1242,1,15,9,2,9
2016471602615,1,5,0,18,0,3,0,0,1,9,1,1,2,1,61,9,-1,-1,-1,6,1,6
2016471602615,2,9,0,12,0,3,0,0,0,0,0,1,6,3,-1,-1,-1,-1,-1,-1,-1,-1
2016471602617,1,9,0,18,0,0,0,0,0,0,1,1,2,2,20,4,1229,1,1,10,1,10
2016471602617,2,9,0,4,0,0,0,0,0,0,2,1,2,1,49,8,1998,2,4,7,1,7
2016471602617,3,9,0,3,0,0,0,0,0,0,2,1,2,1,31,6,1968,2,3,3,1,3
2016471602619,1,3,0,18,0,1,0,0,0,0,1,1,1,1,24,5,124,1,8,3,1,3
2016471602620,1,9,0,18,0,0,0,0,0,0,1,1,6,2,27,6,1242,1,12,7,1,7
2016471602620,2,5,0,2,0,0,0,0,0,0,2,1,6,3,-1,-1,2294,1,8,-1,-1,-1
2016471602620,3,19,0,2,0,0,0,0,0,0,2,1,6,3,-1,-1,2464,2,6,-1,-1,-1
2016471602622,1,9,0,18,0,0,0,0,0,0,1,1,6,2,37,7,1149,1,8,4,1,4
2016471602622,2,9,0,18,0,0,0,0,0,0,2,1,2,1,37,7,1397,1,13,9,1,9
2016471602622,3,9,0,18,0,0,0,0,0,0,2,1,2,2,48,8,4244,1,9,10,1,10
2016471602623,1,9,0,18,0,4,0,0,1,0,1,1,2,1,20,4,1200,1,-1,4,1,4
2016471602623,2,9,0,17,0,4,0,0,1,10,4,1,1,1,27,6,2000,2,12,2,1,2
2016471602625,1,9,0,10,0,8,0,0,0,0,3,1,6,1,85,11,1560,2,6,4,1,4
2016471602625,2,9,0,18,0,8,0,0,0,0,1,1,6,2,70,10,1995,2,11,8,1,8
2016471602625,3,9,0,7,9,6,0,0,0,0,1,1,1,1,45,7,1560,2,3,10,1,10
2016471602626,1,21,0,11,0,3,0,0,0,0,1,1,1,1,36,7,6871,2,2,7,1,7
2016471602626,2,9,0,18,0,2,1,0,6,0,3,1,6,1,19,4,1199,1,12,10,1,10
2016471602626,3,9,0,18,0,1,1,0,1,0,3,1,6,1,79,11,1197,1,2,7,3,7
2016471602626,4,20,0,18,0,1,0,0,0,0,2,1,1,1,25,5,9200,2,9,9,3,9
2016471602630,1,19,0,5,0,1,0,0,0,0,1,1,2,1,38,7,2800,2,18,5,1,5
2016471602630,2,9,0,5,0,1,0,0,0,0,2,1,6,2,71,10,1398,1,7,4,1,4
2016471602631,1,9,0,18,0,1,0,0,0,0,1,1,6,2,59,9,1796,1,15,5,1,5
2016471602631,2,9,0,4,0,1,0,0,0,0,2,1,6,2,43,7,1984,1,6,9,2,9
2016471602631,3,9,0,9,0,5,0,0,0,0,0,1,6,3,30,6,-1,-1,-1,-1,-1,-1
2016471602633,1,9,0,18,0,1,0,0,0,0,1,1,6,1,49,8,1598,1,9,4,1,4
2016471602633,2,9,0,3,0,1,0,0,0,0,2,1,6,2,69,10,1398,1,-1,8,1,8
2016471602634,1,9,0,18,0,0,0,0,0,0,1,1,2,2,58,9,1796,1,13,7,1,7
2016471602634,2,9,0,18,0,0,0,0,1,3,3,1,6,2,47,8,2500,1,5,3,1,3
2016471602634,3,9,0,2,0,0,0,0,0,0,1,1,6,3,-1,-1,1587,1,14,-1,-1,-1
2016471602635,1,9,0,18,0,1,0,0,0,0,1,1,6,1,28,6,-1,-1,-1,8,1,8
2016471602635,2,9,0,13,0,1,0,0,0,0,3,1,6,1,29,6,1998,1,10,6,2,6
2016471602635,3,9,0,17,0,1,0,0,0,0,1,1,6,1,65,9,1910,2,8,7,1,7
2016471602636,1,9,0,18,0,8,0,0,0,0,1,1,6,2,40,7,1596,1,1,6,1,6
2016471602636,2,1,0,18,0,8,0,0,0,0,4,1,6,1,41,7,-1,-1,-1,4,1,4
2016471602638,1,9,0,18,0,0,0,0,0,0,4,1,6,3,-1,-1,-1,-1,-1,-1,-1,-1
2016471602640,1,9,0,9,0,6,0,0,0,0,4,1,2,1,61,9,1598,1,14,10,1,10
2016471602640,2,9,0,18,0,1,0,0,0,0,1,1,6,2,35,6,1086,1,7,10,1,10
2016471602641,1,19,0,15,0,8,0,0,0,0,1,1,6,1,40,7,-1,-1,-1,-1,-1,-1
2016471602641,2,5,0,9,0,8,0,0,0,0,3,1,6,1,43,7,903,1,1,6,1,6
2016471602642,1,9,0,9,2,6,0,0,0,0,0,1,6,3,-1,-1,-1,-1,-1,-1,-1,-1
2016471602642,2,11,0,18,2,8,0,0,0,0,0,1,1,1,58,9,9360,2,4,9,3,9
2016471602643,1,9,0,9,0,6,0,0,0,0,3,1,6,1,47,8,1900,2,16,5,1,5
2016471602643,2,2,0,14,0,1,0,0,0,0,1,1,6,2,19,4,49,1,2,4,1,4
2016471602643,3,20,0,4,0,1,0,0,0,0,0,1,6,1,-1,-1,-1,-1,-1,-1,-1,-1
2016471602647,1,9,0,4,0,1,0,0,0,0,1,1,6,2,68,10,1798,1,12,8,1,8
2016471602647,2,19,0,4,0,1,0,0,0,0,2,1,1,1,52,8,2198,2,3,7,1,7
2016471602649,1,9,0,18,0,8,0,0,0,0,1,1,6,1,26,6,1800,1,17,1,1,1
2016471602649,2,1,0,18,0,8,0,0,0,0,2,1,4,1,12,3,-1,-1,-1,6,3,6
2016471602650,1,9,0,5,0,2,0,0,0,0,1,1,6,1,30,6,1988,1,15,-1,-1,-1
2016471602650,2,9,0,18,0,1,0,0,0,0,1,1,6,1,27,6,1995,1,12,2,1,2
2016471602652,1,9,0,18,0,1,0,0,0,0,4,1,6,1,65,9,1560,2,2,4,1,4
2016471602653,1,9,0,7,0,6,0,0,0,0,3,1,6,2,66,10,1968,2,5,2,1,2
2016471602653,2,9,0,18,0,1,1,0,6,0,4,1,6,1,24,5,1781,1,17,4,1,4
2016471602653,3,9,0,18,0,1,1,0,0,0,1,1,6,2,25,5,1596,1,14,3,1,3
2016471602656,1,9,0,18,0,2,0,0,0,0,1,1,6,1,19,4,998,1,8,8,1,8
2016471602656,2,9,0,18,0,1,0,0,0,0,1,1,6,1,42,7,973,1,15,9,1,9
2016471602656,3,9,0,18,0,1,0,0,0,0,1,1,6,1,19,4,1242,1,10,4,1,4
2016471602657,1,9,0,18,9,1,0,0,1,1,1,1,6,1,27,6,-1,-1,-1,5,1,5
2016471602658,1,9,0,18,0,1,0,0,0,0,1,1,6,2,35,6,2495,2,17,2,1,2
2016471602658,2,9,0,4,0,1,0,0,0,0,2,1,6,1,53,8,1598,1,13,7,1,7
2016471602658,3,9,0,10,0,1,0,0,0,0,2,1,6,2,72,10,1360,1,8,1,1,1
2016471602659,1,3,0,18,0,0,1,12,0,0,1,1,2,1,21,5,124,1,2,9,1,9
2016471602660,1,9,0,18,0,1,0,0,0,0,1,1,6,2,80,11,1339,1,7,8,3,8
2016471602660,2,9,0,18,0,1,0,0,0,0,1,1,6,1,36,7,-1,-1,-1,8,1,8
2016471602662,1,9,0,7,0,1,0,0,0,0,1,2,6,1,24,5,1896,2,14,6,1,6
2016471602662,2,10,0,8,0,3,0,0,0,0,2,1,1,1,42,7,2198,2,5,3,1,3
2016471602663,1,1,0,18,0,1,0,0,0,0,3,1,6,1,14,3,-1,-1,-1,1,1,1
2016471602663,2,9,0,7,0,1,0,0,0,0,1,1,6,2,20,4,998,1,2,8,1,8
2016471602665,1,21,1,7,0,1,0,0,0,0,3,1,6,1,54,8,10837,2,1,1,1,1
2016471602665,2,4,0,3,0,1,0,0,0,0,2,1,2,1,37,7,675,1,4,9,1,9
2016471602668,1,9,0,16,0,1,0,0,7,11,1,1,6,1,20,4,1198,1,2,3,1,3
2016471602669,1,5,0,18,0,0,1,10,0,0,3,1,6,1,48,8,1255,1,7,3,1,3
2016471602672,1,5,0,13,0,0,0,0,0,0,1,1,6,1,56,9,1078,1,6,1,1,1
2016471602672,2,9,0,9,0,0,0,0,0,0,3,1,6,1,49,8,1968,2,7,6,1,6
2016471602672,3,9,0,2,0,0,0,0,0,0,3,1,6,3,-1,-1,1997,2,1,-1,-1,-1
2016471602672,4,19,0,18,0,0,0,0,0,0,0,1,1,1,38,7,1399,2,5,4,1,4
2016471602673,1,9,0,9,0,5,0,0,0,0,4,1,6,1,50,8,1461,2,5,7,1,7
2016471602673,2,3,0,18,0,8,0,0,0,0,1,1,6,1,20,4,125,1,5,4,1,4
2016471602674,1,9,0,5,0,4,0,0,0,0,3,1,6,2,61,9,1400,1,16,5,2,5
2016471602674,2,3,0,9,0,8,1,0,0,0,4,1,6,1,51,8,125,1,1,10,1,10
2016471602675,1,9,0,17,0,0,1,0,1,4,1,1,6,1,19,4,1124,1,13,9,1,9
2016471602676,1,9,0,18,0,0,0,0,0,0,3,1,6,1,57,9,1686,2,5,8,1,8
2016471602676,2,9,0,18,0,0,0,0,0,0,3,1,6,1,56,9,1910,2,12,9,2,9
2016471602677,1,9,0,14,0,0,0,4,0,0,1,1,6,1,24,5,1248,1,3,4,1,4
2016471602677,2,9,0,2,0,0,0,0,0,0,2,1,6,1,38,7,-1,-1,-1,9,3,9
2016471602681,1,9,0,5,0,6,0,0,0,0,1,1,6,1,85,11,1582,2,6,10,1,10
2016471602681,2,5,0,18,0,1,0,0,0,0,1,1,6,1,37,7,749,1,14,4,1,4
2016471602684,1,9,0,18,0,0,0,0,7,0,1,1,6,1,62,9,1461,2,11,1,1,1
2016471602684,2,9,0,18,0,0,0,0,0,0,1,1,6,1,29,6,1461,2,9,7,1,7
2016471602684,3,9,0,18,0,0,0,0,0,0,0,1,6,1,26,6,1364,1,1,1,1,1
2016471602685,1,9,0,18,0,0,0,0,0,0,0,1,6,2,31,6,1870,2,11,7,3,7
2016471602685,2,9,0,18,0,0,0,0,0,0,0,1,6,2,32,6,2298,1,19,7,3,7
2016471602685,3,5,0,18,0,0,1,0,0,0,0,1,6,1,30,6,865,1,11,5,1,5
2016471602686,1,9,0,18,0,0,0,0,4,6,1,1,6,1,23,5,1360,1,13,5,1,5
2016471602687,1,3,0,18,0,1,0,10,1,0,1,1,6,1,18,4,125,1,1,-1,-1,-1
2016471602689,1,5,0,18,0,0,0,0,1,0,0,1,6,1,38,7,1170,1,2,5,2,5
2016471602690,1,5,0,13,0,1,1,10,0,0,3,1,6,1,28,6,599,1,15,4,1,4
2016471602690,2,9,0,18,0,1,0,0,0,0,1,1,1,1,-1,-1,1997,2,3,5,1,5
2016471602690,3,9,0,18,0,1,0,0,0,0,0,1,6,3,-1,-1,-1,-1,-1,-1,-1,-1
2016471602691,1,9,0,18,0,0,0,0,0,7,4,1,6,1,19,4,1229,1,7,8,1,8
2016471602692,1,9,0,7,0,2,0,0,1,2,1,1,6,2,29,6,1360,1,14,7,1,7
2016471602695,1,9,0,9,0,6,0,0,0,0,1,1,2,1,69,10,1995,2,9,10,1,10
2016471602695,2,9,0,18,0,8,0,0,1,0,1,1,2,1,26,6,2494,1,25,8,1,8
2016471602702,1,9,0,18,0,0,0,0,0,0,1,1,6,3,-1,-1,1242,1,19,-1,-1,-1
2016471602702,2,9,0,3,0,0,0,0,0,0,2,1,6,1,43,7,1461,2,-1,6,3,6
2016471602703,1,9,0,18,0,0,0,0,0,0,1,1,6,2,60,9,2902,2,7,7,1,7
2016471602703,2,9,0,10,0,0,0,0,0,0,2,1,6,1,58,9,1461,2,7,8,3,8
2016471602708,1,9,0,1,0,8,0,0,0,0,2,1,6,3,-1,-1,1398,2,13,-1,-1,-1
2016471602711,1,9,0,9,0,5,0,0,0,0,1,1,6,1,84,11,1499,2,1,6,2,6
2016471602711,2,4,0,18,0,8,0,0,0,0,1,1,6,1,19,4,248,1,28,10,1,10
2016471602712,1,9,0,18,0,0,0,0,0,0,1,1,6,1,21,5,1499,2,1,10,1,10
2016471602712,2,9,0,2,6,0,0,0,0,0,2,1,6,3,-1,-1,1461,2,10,-1,-1,-1
2016471602712,3,9,0,2,0,0,0,0,0,0,2,1,6,3,-1,-1,1997,1,9,-1,-1,-1
2016471602712,4,9,0,2,0,0,0,0,0,0,2,1,1,3,-1,-1,1598,2,4,-1,-1,-1
2016471602715,1,9,0,17,0,1,0,0,1,11,1,1,6,1,57,9,1364,1,1,4,1,4
2016471602716,1,9,0,2,0,0,0,4,0,11,2,1,6,2,82,11,659,1,8,10,1,10
2016471602716,2,9,0,2,0,0,0,0,0,0,2,1,6,3,-1,-1,1390,1,2,-1,-1,-1
2016471602718,1,8,0,9,0,8,0,0,0,0,3,1,1,2,47,8,998,1,3,10,1,10
2016471602718,2,1,0,18,0,8,0,0,0,0,1,1,6,1,22,5,-1,-1,-1,6,1,6
2016471602724,1,21,0,16,0,0,0,0,0,0,0,1,1,1,30,6,-1,-1,-1,-1,-1,-1
2016471602724,2,9,0,17,0,0,0,0,1,3,4,1,6,2,41,7,1796,1,14,2,1,2
2016471602725,1,9,0,7,0,0,0,0,0,0,0,1,6,1,50,8,-1,-1,-1,-1,-1,-1
2016471602725,2,11,0,4,0,0,0,0,0,0,0,1,1,2,51,8,8268,2,12,4,1,4
2016471602727,1,3,0,18,0,0,1,0,0,0,1,1,2,2,20,4,125,1,-1,8,1,8
2016471602729,1,9,0,18,0,8,0,0,0,0,1,1,6,2,39,7,1910,2,8,4,1,4
2016471602729,2,9,0,18,0,8,0,0,7,11,4,1,6,1,45,7,1389,1,15,7,1,7
2016471602731,1,9,0,18,0,1,0,0,0,0,1,1,6,3,-1,-1,-1,-1,-1,-1,-1,-1
2016471602733,1,19,0,18,0,0,0,0,0,0,1,1,1,1,29,6,2143,2,5,8,2,8
2016471602733,2,9,0,4,0,0,1,0,0,0,1,1,6,2,30,6,1896,2,7,6,1,6
2016471602734,1,9,0,7,0,5,0,0,0,0,4,1,3,2,39,7,1997,2,9,1,1,1
2016471602734,2,1,0,4,0,1,0,0,0,0,3,1,2,1,26,6,-1,-1,-1,1,1,1
2016471602736,1,9,0,16,0,0,5,0,0,0,0,1,6,2,24,5,1299,1,15,7,1,7
2016471602737,1,9,0,18,0,0,2,0,1,4,1,1,6,1,24,5,2494,1,16,6,1,6
2016471602738,1,9,0,16,0,0,2,4,7,0,4,1,6,1,23,5,998,1,8,3,1,3
2016471602738,2,9,0,2,0,0,0,0,0,0,3,1,1,1,36,7,2993,2,3,6,1,6
2016471602739,1,9,0,4,0,1,0,0,0,0,2,1,6,1,40,7,-1,-1,-1,7,1,7
2016471602739,2,9,0,18,0,1,0,0,0,0,1,1,6,1,76,11,1998,1,16,10,1,10
2016471602740,1,9,0,7,0,8,0,0,0,0,2,1,6,2,49,8,2143,2,4,5,1,5