Accident_Index,Vehicle_Reference,Vehicle_Type,Towing_and_Articulation,Vehicle_Manoeuvre,Vehicle_Location-Restricted_Lane,Junction_Location,Skidding_and_Overturning,Hit_Object_in_Carriageway,Vehicle_Leaving_Carriageway,Hit_Object_off_Carriageway,1st_Point_of_Impact,Was_Vehicle_Left_Hand_Drive?,Journey_Purpose_of_Driver,Sex_of_Driver,Age_of_Driver,Age_Band_of_Driver,Engine_Capacity_(CC),Propulsion_Code,Age_of_Vehicle,Driver_IMD_Decile,Driver_Home_Area_Type,Vehicle_IMD_Decile
2016471602740,2,1,0,7,0,8,0,0,0,0,1,1,6,1,47,8,-1,-1,-1,10,1,10
2016471602741,1,19,0,18,0,0,0,0,0,0,1,1,6,1,30,6,1248,2,3,-1,-1,-1
2016471602741,2,9,0,18,0,0,0,0,0,0,2,1,6,1,25,5,1149,1,6,3,1,3
2016471602742,1,9,0,16,0,2,0,0,0,0,0,1,6,1,40,7,-1,-1,-1,-1,-1,-1
2016471602742,2,9,0,17,0,1,0,0,1,10,1,1,1,2,37,7,1910,2,9,9,1,9
2016471602743,1,9,0,18,0,4,0,0,0,0,1,1,6,2,19,4,-1,-1,-1,6,1,6
2016471602743,2,1,0,18,0,8,0,0,0,0,1,1,6,2,22,5,-1,-1,-1,3,1,3
2016471602744,1,9,0,11,0,3,0,0,0,0,4,1,6,3,-1,-1,-1,-1,-1,-1,-1,-1
2016471602744,2,2,0,18,0,8,0,0,0,0,1,1,2,1,17,4,124,1,-1,6,1,6
2016471602745,1,9,0,18,0,1,0,0,0,0,0,1,6,1,40,7,-1,-1,-1,-1,-1,-1
2016471602748,1,9,0,1,0,1,0,0,0,0,2,1,1,1,45,7,998,1,1,8,1,8
2016471602749,1,9,0,14,0,1,0,0,0,0,1,1,6,2,61,9,1198,1,12,1,1,1
2016471602749,2,8,0,9,0,1,0,0,0,0,1,1,6,1,33,6,1797,8,1,2,1,2
2016471602749,3,11,0,3,0,1,0,0,0,0,0,1,6,1,-1,-1,-1,-1,-1,-1,-1,-1
2016471602751,1,9,0,1,0,0,0,0,0,0,2,1,6,1,35,6,-1,-1,-1,-1,-1,-1
2016471602751,2,9,0,3,0,0,0,0,0,0,1,1,6,2,30,6,1896,2,10,5,1,5
2016471602753,1,9,0,9,0,6,0,0,0,0,1,1,6,1,73,10,1998,1,2,10,1,10
2016471602753,2,5,0,14,0,1,0,0,0,0,0,1,2,1,40,7,649,1,1,6,1,6
2016471602755,1,9,0,9,0,1,0,0,0,0,4,1,6,1,22,5,2706,1,1,9,3,9
2016471602755,2,9,0,18,0,1,0,0,0,0,1,1,6,2,49,8,1498,1,4,10,1,10
2016471602755,3,9,0,4,0,1,0,0,0,0,1,1,6,2,25,5,1398,2,13,5,2,5
2016471602758,1,9,0,18,0,1,0,0,0,0,1,1,6,1,68,10,1991,2,9,6,1,6
2016471602758,2,9,0,18,0,1,0,0,0,0,2,1,1,1,50,8,1399,2,6,7,1,7
2016471602759,1,9,0,18,0,0,0,0,6,10,1,1,6,1,25,5,1796,1,24,1,1,1
2016471602760,1,9,0,18,0,1,0,10,7,10,1,1,6,2,24,5,1598,1,9,1,1,1
2016471602765,1,9,0,7,0,5,0,0,0,0,2,1,6,3,-1,-1,1598,1,9,-1,-1,-1
2016471602765,2,1,0,18,0,8,0,0,0,0,1,1,6,1,29,6,-1,-1,-1,3,1,3
2016471602766,1,9,0,5,0,1,0,4,0,0,4,1,6,1,64,9,1956,2,3,4,1,4
2016471602766,2,9,0,2,0,2,0,0,0,0,0,1,6,3,-1,-1,998,1,1,-1,-1,-1
2016471602768,1,20,0,1,0,1,0,0,0,0,2,1,6,1,30,6,-1,-1,-1,-1,-1,-1
2016471602768,2,9,0,1,0,1,0,0,0,0,2,1,6,2,26,6,1229,1,11,2,1,2
2016471602771,1,9,0,17,0,0,2,0,8,4,1,1,6,2,17,4,1229,1,12,6,3,6
2016471602771,2,9,0,16,0,0,0,0,0,0,0,1,6,3,-1,-1,-1,-1,-1,-1,-1,-1
2016471602772,1,9,0,18,0,0,1,12,1,1,1,1,2,2,26,6,1560,2,6,10,1,10
2016471602773,1,2,0,17,0,0,1,4,0,0,4,1,4,1,16,4,49,1,2,1,1,1
2016471602773,2,9,0,2,0,0,0,0,0,0,2,1,6,3,-1,-1,1364,1,8,-1,-1,-1
2016471602776,1,9,0,5,0,6,0,0,0,0,0,1,6,1,35,6,-1,-1,-1,-1,-1,-1
2016471602776,2,1,0,18,0,8,0,0,0,0,0,1,6,1,13,3,-1,-1,-1,10,2,10
2016471602780,1,9,0,9,0,6,0,0,0,0,3,1,6,1,47,8,1229,1,11,8,1,8
2016471602780,2,9,0,18,0,1,0,0,0,0,1,1,6,2,43,7,1242,1,8,4,1,4
2016471602782,1,9,0,18,0,1,0,0,0,0,1,1,6,2,27,6,1229,1,9,2,1,2
2016471602782,2,9,0,18,0,1,0,0,0,0,2,1,6,1,48,8,1997,2,11,4,1,4
2016471602782,3,9,0,9,0,5,0,0,0,0,0,1,6,3,-1,-1,-1,-1,-1,-1,-1,-1
2016471602783,1,9,0,9,0,8,0,0,0,0,1,1,6,1,85,11,1994,1,15,10,3,10
2016471602783,2,9,0,18,0,8,1,0,0,0,1,1,6,2,86,11,1200,1,1,5,2,5
2016471602784,1,9,0,18,0,1,0,0,0,0,1,1,6,1,20,4,1896,2,12,8,1,8
2016471602785,1,9,0,18,0,8,0,0,0,0,3,1,6,1,53,8,1984,1,9,6,3,6
2016471602785,2,3,0,18,0,8,0,0,1,0,1,1,6,1,18,4,125,1,4,4,3,4
2016471602789,1,9,0,7,0,8,0,0,0,0,4,1,2,1,44,7,1199,1,16,5,1,5
2016471602789,2,9,0,18,0,8,0,0,7,4,1,1,2,1,28,6,1600,1,16,6,1,6
2016471602791,1,9,0,9,0,8,0,0,0,0,3,1,6,2,21,5,-1,-1,-1,5,2,5
2016471602791,2,9,0,18,0,8,0,0,0,0,4,1,6,2,27,6,996,1,3,8,1,8
2016471602797,1,9,0,13,0,1,0,0,0,0,3,1,6,1,36,7,1968,2,6,5,1,5
2016471602797,2,5,0,4,0,1,0,0,0,0,3,1,6,1,28,6,599,1,15,5,1,5
2016471602798,1,9,0,9,0,8,0,0,1,0,1,1,6,1,79,11,998,1,9,3,1,3
2016471602798,2,9,0,18,0,1,1,0,0,0,1,1,1,1,41,7,-1,-1,-1,5,3,5
2016471602800,1,8,0,18,0,2,0,0,0,0,3,1,6,1,-1,-1,-1,-1,-1,-1,-1,-1
2016471602801,1,9,0,18,0,1,0,0,0,0,4,1,1,3,-1,-1,-1,-1,-1,-1,-1,-1
2016471602803,1,1,0,15,0,8,0,0,0,0,1,1,6,1,46,8,-1,-1,-1,1,1,1
2016471602803,2,9,0,9,0,8,0,0,0,0,1,1,6,2,42,7,1997,2,-1,7,1,7
2016471602804,1,9,0,18,0,0,1,0,0,0,1,1,6,1,26,6,-1,-1,-1,6,3,6
2016471602804,2,9,0,18,0,0,0,0,0,0,2,1,2,2,23,5,1395,1,-1,9,1,9
2016471602805,1,9,0,7,0,6,0,0,0,0,1,1,6,1,45,7,1796,1,10,-1,-1,-1
2016471602805,2,9,0,18,0,8,0,0,0,0,4,1,6,1,34,6,1199,1,15,5,1,5
2016471602806,1,9,0,18,0,2,0,0,0,0,0,1,6,2,68,10,1997,2,2,7,1,7
2016471602807,1,9,0,7,0,1,0,0,0,0,1,1,1,2,27,6,999,1,8,6,1,6
2016471602807,2,3,0,18,0,4,1,0,0,0,1,1,6,1,18,4,-1,-1,-1,10,1,10
2016471602809,1,9,0,9,0,2,0,0,0,0,3,1,6,2,45,7,1998,8,1,10,1,10
2016471602809,2,9,0,18,0,1,0,0,0,0,2,1,6,1,34,6,1910,2,10,5,1,5
2016471602810,1,9,0,16,0,0,0,0,7,10,1,1,1,2,18,4,1198,1,14,9,3,9
2016471602811,1,9,0,18,0,0,0,0,0,0,3,1,6,1,28,6,1984,1,14,9,2,9
2016471602811,2,9,0,18,0,0,0,0,0,0,3,1,6,1,25,5,1994,1,14,6,2,6
2016471602813,1,9,0,18,0,1,1,0,1,4,1,1,6,1,23,5,1998,1,12,6,1,6
2016471602814,1,9,0,7,0,8,0,10,0,0,1,1,6,1,19,4,1242,1,4,10,1,10
2016471602814,2,11,0,2,0,2,0,0,0,0,1,1,1,1,45,7,10837,2,-1,2,1,2
2016471602818,1,3,0,18,0,0,0,12,0,0,1,1,2,2,20,4,124,1,11,5,1,5
2016471602820,1,9,0,9,0,6,0,0,0,0,3,1,6,1,25,5,1596,1,10,4,1,4
2016471602820,2,9,0,17,0,1,0,0,0,0,1,1,6,2,25,5,1781,1,14,6,1,6
2016471602821,1,11,0,5,0,1,0,0,0,0,1,1,1,1,40,7,-1,-1,-1,1,1,1
2016471602822,1,9,0,18,0,6,0,0,0,0,1,1,3,2,21,5,1753,2,15,9,2,9
2016471602822,2,19,0,3,0,2,0,0,0,0,2,1,1,1,50,8,1686,2,11,7,3,7
2016471602823,1,9,0,18,0,3,0,0,0,0,1,1,6,2,25,5,1199,1,15,3,1,3
2016471602823,2,9,0,18,0,3,0,0,0,0,2,1,6,2,30,6,1461,2,5,6,1,6
2016471602824,1,19,0,8,0,1,0,0,0,0,1,1,6,2,51,8,1560,2,-1,9,1,9
2016471602824,2,9,0,18,0,1,0,0,0,0,1,1,6,2,52,8,1360,1,13,9,1,9
2016471602825,1,8,0,9,0,8,0,0,0,0,1,1,6,2,24,5,1149,1,12,7,1,7
2016471602825,2,1,0,18,0,8,0,0,0,0,1,1,2,1,25,5,-1,-1,-1,9,1,9
2016471602826,1,9,0,9,0,6,0,0,0,0,3,1,6,2,77,11,1389,1,12,2,1,2
2016471602826,2,11,0,18,0,8,0,0,0,0,1,1,1,1,59,9,6700,2,6,1,1,1
2016471602828,1,9,0,9,0,1,0,0,0,0,1,1,3,1,42,7,1997,2,9,3,1,3
2016471602828,2,9,0,18,0,1,0,0,0,0,1,1,6,2,40,7,1198,1,1,4,1,4
2016471602829,1,3,0,18,0,8,0,0,0,0,1,1,2,1,23,5,124,1,1,7,2,7
2016471602829,2,9,0,9,0,8,0,0,0,0,3,1,6,2,28,6,1598,2,3,5,2,5
2016471602830,1,8,0,18,0,4,0,0,0,0,1,1,6,2,79,11,1339,1,9,8,1,8
2016471602830,2,1,0,9,0,8,0,0,0,0,3,1,6,1,77,11,-1,-1,-1,9,1,9
2016471602831,1,5,0,18,0,0,0,0,0,0,0,1,2,1,46,8,599,1,13,8,3,8
2016471602833,1,11,0,4,0,0,0,0,0,0,4,1,1,1,31,6,9000,2,12,4,1,4
2016471602836,1,9,0,5,0,4,0,0,0,0,3,2,6,2,31,6,-1,-1,-1,-1,-1,-1
2016471602836,2,9,0,7,0,3,1,0,7,2,4,1,6,2,28,6,1240,1,12,2,1,2
2016471602837,1,5,0,16,0,0,0,0,0,0,1,1,6,1,54,8,1043,1,1,3,1,3
2016471602837,2,9,0,18,0,0,0,0,0,0,1,1,6,1,52,8,1598,1,13,6,1,6
2016471602839,1,9,0,9,0,8,0,0,0,0,3,1,6,1,30,6,998,1,2,8,1,8
2016471602839,2,5,0,16,0,1,0,0,7,4,1,1,6,1,22,5,636,1,2,5,3,5
2016471602840,1,9,0,9,0,8,0,0,0,0,1,1,6,3,-1,-1,-1,-1,-1,-1,-1,-1
2016471602840,2,2,0,18,0,8,0,0,0,0,1,1,6,1,24,5,49,1,13,1,1,1
2016471602841,1,9,0,4,0,2,0,0,0,0,2,1,6,3,17,4,1242,1,14,6,1,6
2016471602841,2,9,0,4,0,2,0,0,0,0,0,1,6,2,38,7,1997,2,7,5,1,5
2016471602842,1,9,0,18,0,0,0,4,1,11,1,1,6,1,24,5,2143,2,3,7,1,7
2016471602842,2,9,0,2,0,0,0,0,0,0,3,1,6,3,-1,-1,1598,1,2,-1,-1,-1
2016471602844,1,1,0,18,0,1,0,0,0,0,1,1,6,1,44,7,-1,-1,-1,6,1,6
2016471602844,2,9,0,2,0,2,0,0,0,0,3,1,6,3,-1,-1,1598,1,6,-1,-1,-1
2016471602845,1,9,0,18,0,1,0,4,0,0,1,1,6,2,18,4,1998,1,14,1,1,1
2016471602845,2,9,0,2,0,1,0,0,0,0,1,1,6,3,-1,-1,1229,1,5,-1,-1,-1
2016471602850,1,9,0,18,0,0,1,0,0,0,1,1,6,2,38,7,2993,2,6,4,1,4
2016471602851,1,9,0,18,0,6,0,0,0,0,3,1,6,1,81,11,1360,1,6,5,1,5
2016471602851,2,9,0,18,0,8,0,0,0,0,1,1,6,1,73,10,1596,1,9,4,1,4
2016471602853,1,9,0,16,0,0,0,0,7,4,1,1,6,1,84,11,1395,1,2,6,3,6
2016471602854,1,9,0,6,0,8,0,0,0,0,1,2,6,1,22,5,-1,-1,-1,-1,-1,-1
2016471602854,2,9,0,9,0,8,0,0,0,0,1,1,6,1,52,8,1968,2,3,8,1,8
2016471602855,1,9,0,18,0,0,2,0,1,0,1,1,6,1,41,7,1968,2,2,3,1,3
2016471602856,1,1,0,7,0,5,0,0,0,0,1,1,2,1,28,6,-1,-1,-1,10,1,10
2016471602858,1,9,0,18,0,8,1,0,1,0,1,1,6,2,47,8,1339,1,11,10,2,10
2016471602858,2,9,0,4,0,8,0,0,4,0,1,1,6,1,19,4,998,1,-1,10,1,10
2016471602858,3,9,0,18,0,8,0,0,0,0,2,1,6,1,26,6,1984,1,1,5,1,5
2016471602858,4,9,0,18,0,8,0,0,0,0,1,1,6,2,58,9,1896,2,13,5,1,5
2016471602858,5,9,0,18,0,8,0,0,0,0,2,1,6,1,22,5,1149,1,-1,6,1,6
2016471602858,6,9,0,18,0,8,0,0,0,0,1,1,6,1,33,6,1896,2,12,5,1,5
2016471602858,7,4,0,18,0,8,0,0,0,0,0,1,6,1,20,4,471,1,-1,7,1,7
2016471602859,1,21,1,18,0,8,0,0,0,0,4,1,1,1,25,5,-1,-1,-1,-1,-1,-1
2016471602859,2,9,0,18,0,8,0,0,0,0,3,1,6,2,55,8,1396,1,3,3,1,3
2016471602860,1,5,0,13,0,8,0,0,0,0,4,1,6,1,54,8,1043,1,2,5,1,5
2016471602860,2,17,0,9,0,8,0,0,0,0,3,1,1,1,26,6,-1,2,7,6,3,6
2016471602861,1,19,0,16,0,6,0,0,0,0,1,1,1,1,34,6,9200,2,9,3,1,3
2016471602861,2,9,0,16,0,6,0,0,0,0,1,1,1,1,48,8,1364,1,7,8,2,8
2016471602862,1,9,0,7,5,5,0,0,0,0,1,1,6,2,-1,-1,-1,-1,-1,-1,-1,-1
2016471602862,2,1,0,18,4,1,0,0,0,0,1,1,6,1,40,7,-1,-1,-1,9,1,9
2016471602863,1,9,0,18,0,0,0,0,0,0,1,1,6,3,-1,-1,-1,-1,-1,-1,-1,-1
2016471602863,2,9,0,2,0,0,0,0,0,0,0,1,6,3,-1,-1,1999,1,9,-1,-1,-1
2016471602864,1,9,0,17,0,0,2,10,7,11,1,1,6,1,20,4,1497,1,14,4,1,4
2016471602865,1,9,0,7,0,6,0,0,0,0,0,1,6,2,35,6,1248,2,12,2,1,2
2016471602865,2,5,0,18,0,8,1,0,1,0,1,1,6,1,55,8,929,1,15,10,1,10
2016471602871,1,9,0,4,0,0,0,0,0,0,1,1,3,1,34,6,1587,1,14,2,2,2
2016471602871,2,9,0,4,0,0,0,0,0,0,2,1,6,2,46,8,1560,2,9,4,2,4
2016471602871,3,9,0,4,0,0,0,0,0,0,2,1,6,2,27,6,1999,1,1,2,1,2
2016471602871,4,9,0,4,0,0,0,0,0,0,2,1,3,1,34,6,-1,-1,-1,5,1,5
2016471602875,1,9,0,2,0,0,0,0,0,0,3,2,6,2,40,7,1596,1,8,6,3,6
2016471602875,2,9,0,18,0,0,0,0,0,0,4,2,6,1,78,11,2199,2,4,8,1,8
2016471602877,1,11,0,4,0,1,0,0,0,0,0,1,6,1,62,9,5132,2,1,3,1,3
2016471602877,2,9,0,18,0,1,0,0,0,0,0,1,6,1,-1,-1,-1,-1,-1,-1,-1,-1
2016471602880,1,9,0,9,0,8,0,0,4,0,1,1,6,2,41,7,1242,1,10,6,1,6
2016471602880,2,9,0,18,0,8,0,0,0,0,1,1,6,2,32,6,2993,2,7,9,1,9
2016471602881,1,9,0,18,0,0,2,0,1,11,1,1,6,2,19,4,1242,1,4,8,3,8
2016471602882,1,11,0,5,0,2,0,0,0,0,0,1,1,2,25,5,9360,2,5,3,1,3
2016471602883,1,9,0,18,0,1,0,0,1,2,1,1,6,2,36,7,2493,1,15,3,1,3
2016471602883,2,9,0,18,0,1,0,0,0,0,4,1,1,1,56,9,1499,2,-1,8,1,8
2016471602883,3,9,0,2,0,1,0,0,0,0,3,1,6,3,-1,-1,1598,2,3,-1,-1,-1
2016471602884,1,9,0,18,0,0,0,4,0,0,1,1,6,1,64,9,1199,1,12,3,1,3
2016471602884,2,9,0,2,0,0,0,0,0,0,2,1,6,3,-1,-1,1598,1,15,-1,-1,-1
2016471602885,1,9,0,18,7,6,0,0,1,10,1,1,6,2,24,5,1360,1,10,10,2,10
2016471602887,1,3,0,18,0,1,0,0,0,0,1,1,6,1,20,4,124,1,2,6,1,6
2016471602891,1,9,0,18,0,0,0,0,0,0,1,1,6,1,20,4,-1,-1,-1,-1,-1,-1
2016471602900,1,9,0,6,0,2,0,0,0,0,4,1,6,2,34,6,1598,2,5,4,1,4
2016471602900,2,5,0,18,0,8,1,0,0,0,1,1,6,1,53,8,583,1,27,5,1,5
2016471602905,1,9,0,9,0,5,0,0,0,0,1,2,6,1,28,6,-1,-1,-1,-1,-1,-1
2016471602905,2,9,0,18,0,2,0,0,0,0,3,1,6,2,29,6,998,1,7,10,1,10
2016471602906,1,9,0,18,0,1,0,0,0,0,1,1,6,1,27,6,1984,1,17,2,1,2
2016471602906,2,9,0,3,0,1,0,0,0,0,2,1,6,1,49,8,1997,2,-1,2,1,2
2016471602908,1,9,0,18,0,0,0,7,0,0,1,1,6,1,18,4,998,1,2,3,1,3
2016471602911,1,9,0,11,0,0,0,0,0,0,4,1,6,1,52,8,998,1,25,1,1,1
2016471602911,2,5,0,18,0,0,0,0,0,0,3,1,6,1,38,7,806,1,1,3,1,3
2016471602913,1,9,0,18,0,6,0,0,3,0,3,1,6,1,76,11,998,1,-1,-1,-1,-1
2016471602913,2,9,0,18,0,8,0,0,0,0,1,1,6,2,52,8,2495,2,12,7,2,7
2016471602914,1,19,0,6,0,1,0,0,0,0,4,1,2,1,31,6,1968,2,1,5,1,5
2016471602914,2,19,5,4,0,2,0,7,6,2,3,1,1,1,49,8,2198,2,4,2,1,2
2016471602915,1,9,0,18,0,4,0,0,0,0,1,1,6,2,65,9,998,1,14,6,1,6
2016471602918,1,9,0,18,0,1,0,0,0,0,1,1,6,1,75,10,1328,1,16,2,1,2
2016471602918,2,9,0,3,0,1,0,0,0,0,2,1,6,1,41,7,1360,1,10,2,1,2
2016471602920,1,9,0,17,0,0,1,0,1,4,1,1,2,2,23,5,1360,1,10,-1,-1,-1
2016471602921,1,9,0,9,0,5,0,0,0,0,4,1,6,1,74,10,1242,1,9,10,1,10
2016471602921,2,1,0,18,0,1,0,0,0,0,1,1,6,1,43,7,-1,-1,-1,9,1,9
2016471602922,1,9,0,7,0,1,0,0,0,0,4,1,6,1,55,8,-1,-1,-1,-1,-1,-1
2016471602923,1,1,0,18,5,0,0,0,0,0,1,1,6,1,30,6,-1,-1,-1,-1,-1,-1
2016471602925,1,9,0,18,0,8,1,0,0,0,1,1,6,2,28,6,1796,1,9,5,1,5
2016471602925,2,9,0,18,0,8,1,10,0,1,1,1,6,2,67,10,1390,1,4,8,1,8
2016471602927,1,9,0,7,0,2,0,0,0,0,4,1,6,2,50,8,-1,-1,-1,-1,-1,-1
2016471602930,1,9,0,9,0,5,0,0,0,0,1,1,6,3,24,5,1560,2,2,4,1,4
2016471602932,1,9,0,18,0,1,0,0,0,0,3,1,6,1,83,11,1388,1,9,10,1,10
2016471602932,2,9,0,18,0,2,0,0,0,0,3,1,6,1,38,7,1896,2,8,8,2,8
2016471602933,1,19,0,17,0,0,0,0,0,0,1,1,6,1,55,8,-1,-1,-1,-1,-1,-1
2016471602933,2,9,0,16,0,0,0,0,1,11,3,1,2,1,44,7,-1,-1,-1,9,3,9
2016471602935,1,9,0,18,0,2,0,0,0,0,1,1,6,1,51,8,1984,1,15,4,1,4
2016471602936,1,9,0,18,0,8,0,0,0,0,1,1,6,2,44,7,2295,1,16,9,1,9
2016471602936,2,9,0,18,0,1,0,0,0,0,1,1,6,2,52,8,698,1,12,9,1,9
2016471602936,3,9,0,2,0,1,0,0,0,0,3,1,6,3,-1,-1,1299,1,15,-1,-1,-1
2016471602943,1,9,0,9,0,6,0,0,0,0,1,1,6,1,73,10,1197,1,-1,10,3,10
2016471602943,2,9,0,4,0,1,0,0,0,0,1,1,3,2,49,8,1796,1,14,7,3,7
2016471602943,3,20,1,18,0,1,0,0,0,0,0,1,1,1,47,8,7146,2,8,9,2,9
2016471602944,1,11,0,4,0,0,0,0,0,0,0,1,1,1,35,6,5132,2,1,3,1,3
2016471602945,1,19,0,18,0,0,0,0,0,0,1,1,6,1,53,8,2198,2,8,4,1,4
2016471602945,2,9,0,18,0,0,0,0,0,0,2,1,1,2,53,8,1598,1,3,4,1,4
2016471602945,3,9,0,18,0,0,0,0,0,0,2,1,2,1,40,7,1997,12,2,7,1,7
2016471602945,4,9,0,18,0,0,0,0,0,0,2,1,2,1,27,6,1422,2,14,4,1,4
2016471602946,1,9,0,16,0,0,1,0,0,0,1,1,2,2,22,5,1390,1,19,6,3,6
2016471602946,2,9,0,17,0,0,0,0,0,0,1,1,2,1,56,9,1560,2,3,6,3,6
2016471602949,1,9,0,4,0,0,0,0,7,11,1,1,6,1,90,11,1796,1,9,6,1,6
2016471602949,2,9,0,4,0,0,0,0,0,0,2,1,6,2,43,7,1198,1,11,6,1,6
2016471602953,1,9,0,17,0,0,5,0,1,9,1,1,6,2,57,9,1995,2,6,9,2,9
2016471602956,1,8,0,18,0,0,1,0,0,0,1,1,1,1,43,7,1686,2,4,4,1,4
2016471602956,2,9,0,18,0,0,0,0,0,0,2,1,6,1,59,9,2460,2,8,6,1,6
2016471602956,3,9,0,18,0,0,0,0,0,0,3,1,1,1,45,7,1560,2,2,8,1,8
2016471602957,1,90,0,18,0,0,0,0,0,0,0,1,6,3,-1,-1,-1,-1,-1,-1,-1,-1
2016471602957,2,9,0,18,0,0,0,0,0,0,1,1,6,2,54,8,1395,1,-1,4,1,4
2016471602959,1,19,0,18,0,0,0,0,0,0,1,1,6,1,30,6,1998,2,11,-1,-1,-1
2016471602959,2,9,0,3,0,0,0,0,0,0,2,1,3,1,36,7,2400,2,3,5,1,5
2016471602960,1,9,0,18,0,1,0,0,0,0,3,1,3,2,23,5,1368,1,9,4,1,4
2016471602961,1,9,0,18,0,1,0,0,0,0,1,1,6,1,35,6,1995,2,8,-1,-1,-1
2016471602961,2,9,0,18,0,1,0,0,0,0,2,1,6,1,60,9,1598,1,10,7,1,7
2016471602962,1,19,0,1,0,0,0,0,0,0,2,1,1,1,25,5,1598,2,9,7,1,7
2016471602972,1,9,0,18,0,0,0,0,0,2,1,1,6,1,32,6,1796,1,10,9,1,9
2016471602978,1,9,0,18,0,0,5,0,8,10,3,1,6,1,32,6,1596,1,11,8,2,8
2016471602979,1,9,0,18,0,1,0,0,0,0,1,1,6,2,40,7,2993,2,5,8,1,8
2016471602979,2,9,0,4,0,1,0,0,0,0,2,1,6,2,63,9,1395,1,-1,10,3,10
2016471602980,1,9,0,16,0,5,1,0,7,7,1,1,2,1,32,6,1587,1,13,3,1,3
2016471602981,1,9,0,15,0,0,0,0,0,0,3,1,6,2,28,6,1995,1,10,5,3,5
2016471602981,2,9,0,18,0,0,0,0,0,0,4,1,6,2,44,7,1560,2,3,5,1,5
2016471602983,1,9,0,18,0,1,0,0,0,0,1,1,6,2,19,4,1587,1,11,2,1,2
2016471602983,2,9,0,18,0,1,0,0,0,0,2,1,6,2,68,10,1329,1,3,3,1,3
2016471602985,1,9,0,10,0,6,0,0,0,0,3,1,6,1,26,6,-1,-1,-1,7,3,7
2016471602985,2,3,0,18,0,8,1,0,0,0,3,1,6,1,20,4,124,1,1,4,1,4
2016471602987,1,1,0,18,0,0,0,0,0,0,0,1,6,1,4,1,-1,-1,-1,2,1,2
2016471602990,1,9,0,3,0,3,0,0,0,0,1,1,2,1,53,8,1798,1,-1,8,3,8
2016471602990,2,9,0,9,0,3,0,0,0,0,2,1,6,2,35,6,1197,1,1,10,1,10
2016471602991,1,9,0,9,0,8,0,0,0,0,3,1,6,3,-1,-1,1796,1,13,-1,-1,-1
2016471602994,1,9,0,18,0,0,5,0,2,10,3,1,6,1,19,4,1389,1,20,1,1,1
2016471602994,2,9,0,18,0,0,0,0,0,0,1,1,6,1,58,9,1895,1,18,6,3,6
2016471602994,3,9,0,18,0,0,0,0,0,0,0,1,6,3,-1,-1,-1,-1,-1,-1,-1,-1
2016471602996,1,9,0,18,0,0,0,0,0,0,1,1,6,2,45,7,1390,1,8,4,1,4
2016471602996,2,9,0,4,0,0,0,0,0,0,2,1,6,2,67,10,1599,1,6,10,1,10
2016471602996,3,9,0,4,0,0,0,0,0,0,2,1,6,1,52,8,1998,2,14,1,1,1
2016471602996,4,9,0,18,0,0,0,0,0,0,2,1,6,1,47,8,-1,-1,-1,7,1,7
2016471602997,1,11,0,2,2,1,0,0,0,0,0,1,1,1,62,9,9000,2,11,4,1,4
2016471602999,1,9,0,13,0,8,0,0,0,0,3,1,6,3,-1,-1,-1,-1,-1,-1,-1,-1
2016471602999,2,1,0,18,0,8,0,0,0,0,3,1,6,2,18,4,-1,-1,-1,3,1,3
2016471603000,1,9,0,18,0,0,0,0,7,0,1,1,6,2,25,5,1598,1,7,6,3,6
2016471603000,2,9,0,18,0,0,0,0,0,0,1,1,6,1,54,8,1198,1,4,9,1,9
2016471603001,1,9,0,4,0,0,0,0,0,0,1,1,6,2,43,7,898,1,1,5,1,5
2016471603001,2,9,0,4,0,0,0,0,0,0,2,1,6,2,43,7,1560,2,3,3,1,3
2016471603002,1,9,0,18,0,8,0,0,0,0,3,1,6,1,62,9,998,1,3,4,1,4
2016471603003,1,9,0,1,0,0,0,0,0,0,2,1,6,3,-1,-1,3960,1,22,-1,-1,-1
2016471603003,2,9,0,4,0,0,0,0,0,0,1,1,1,1,40,7,1997,2,1,5,1,5
2016471603010,1,9,0,18,0,1,0,0,0,0,1,1,6,1,43,7,1596,1,10,7,1,7
2016471603011,1,1,0,18,0,0,0,0,0,0,1,1,2,2,27,6,-1,-1,-1,4,1,4
2016471603011,2,9,0,4,0,0,0,0,0,0,2,1,6,2,37,7,1995,2,7,8,1,8
2016471603014,1,9,0,18,0,8,0,0,0,0,1,1,6,2,29,6,1360,1,11,3,1,3
2016471603014,2,9,0,18,0,8,0,0,0,0,3,1,6,1,87,11,-1,-1,-1,9,1,9
2016471603015,1,9,0,4,0,0,1,0,0,0,1,1,6,1,93,11,1360,1,12,10,1,10
2016471603015,2,9,0,3,0,0,0,0,0,0,2,1,6,1,85,11,2997,1,13,10,2,10
2016471603016,1,9,0,18,0,0,0,0,0,0,1,1,6,3,20,4,1753,2,10,-1,-1,-1
2016471603016,2,9,0,18,0,0,0,0,0,0,2,1,6,1,46,8,1560,2,11,10,2,10
2016471603017,1,8,0,2,0,0,0,0,0,0,4,1,1,1,36,7,2184,2,7,3,1,3
2016471603020,1,1,0,18,0,1,0,0,0,0,1,1,6,1,31,6,-1,-1,-1,-1,-1,-1