Accident_Index,Vehicle_Reference,Vehicle_Type,Towing_and_Articulation,Vehicle_Manoeuvre,Vehicle_Location-Restricted_Lane,Junction_Location,Skidding_and_Overturning,Hit_Object_in_Carriageway,Vehicle_Leaving_Carriageway,Hit_Object_off_Carriageway,1st_Point_of_Impact,Was_Vehicle_Left_Hand_Drive?,Journey_Purpose_of_Driver,Sex_of_Driver,Age_of_Driver,Age_Band_of_Driver,Engine_Capacity_(CC),Propulsion_Code,Age_of_Vehicle,Driver_IMD_Decile,Driver_Home_Area_Type,Vehicle_IMD_Decile
2016471603263,2,9,0,18,0,0,0,0,1,10,1,1,6,1,26,6,2457,1,10,6,3,6
2016471603263,3,90,0,18,0,0,0,0,0,0,0,1,6,3,30,6,-1,-1,-1,-1,-1,-1
2016471603270,1,9,0,7,0,4,0,0,0,0,1,1,6,1,26,6,1995,2,11,-1,-1,-1
2016471603270,2,9,0,9,0,3,0,0,0,0,2,1,6,1,47,8,1598,1,2,5,1,5
2016471603274,1,9,0,12,0,2,0,0,0,0,4,1,6,2,77,11,1242,1,3,10,1,10
2016471603274,2,9,0,13,0,2,1,10,7,11,4,1,6,1,30,6,1975,1,12,6,1,6
2016471603275,1,19,0,17,0,0,0,0,1,4,1,1,2,1,56,9,2402,2,5,9,1,9
2016471603276,1,3,0,18,0,0,1,0,0,0,1,1,6,1,22,5,124,1,4,10,3,10
2016471603276,2,10,0,3,0,0,0,0,0,0,0,1,6,1,74,10,-1,-1,-1,10,3,10
2016471603278,1,9,0,9,0,8,0,0,0,0,4,1,6,2,54,8,1396,1,5,5,3,5
2016471603278,2,5,0,16,0,8,0,0,7,4,4,1,6,1,39,7,988,1,12,3,1,3
2016471603282,1,9,0,18,0,2,0,4,0,0,4,1,6,1,77,11,2496,1,14,6,1,6
2016471603282,2,9,0,2,6,1,0,0,0,0,3,1,6,2,30,6,1968,2,2,4,1,4
2016471603285,1,9,0,12,0,7,0,0,0,0,3,1,6,1,18,4,1390,1,16,2,1,2
2016471603285,2,9,0,18,0,8,0,0,0,0,4,1,6,1,62,9,1246,1,10,3,1,3
2016471603289,1,9,0,5,0,6,0,0,0,0,3,1,6,1,58,9,2790,1,10,4,1,4
2016471603289,2,2,0,15,0,1,0,0,0,0,1,1,2,1,25,5,49,1,4,3,1,3
2016471603290,1,9,0,10,0,6,0,0,0,0,3,1,6,1,59,9,1598,1,8,2,1,2
2016471603290,2,9,0,18,0,8,0,0,0,0,1,1,1,1,67,10,1339,1,6,8,1,8
2016471603291,1,9,0,18,0,1,0,0,0,0,1,1,6,2,25,5,998,1,1,9,1,9
2016471603291,2,9,0,18,0,1,0,0,0,0,2,1,6,2,34,6,1618,1,1,8,1,8
2016471603291,3,9,0,10,0,1,0,0,0,0,2,1,6,1,18,4,1199,1,15,8,3,8
2016471603292,1,9,0,18,0,1,0,0,0,0,4,1,6,3,30,6,-1,-1,-1,-1,-1,-1
2016471603293,1,1,0,17,0,2,0,0,1,7,1,1,6,1,33,6,-1,-1,-1,1,1,1
2016471603294,1,9,0,18,0,0,1,0,7,3,1,1,6,1,50,8,1896,2,12,7,1,7
2016471603295,1,9,0,9,0,0,2,0,1,10,1,1,6,1,83,11,1951,2,10,7,3,7
2016471603296,1,19,0,18,0,0,0,0,0,0,1,1,1,1,48,8,1968,2,2,6,1,6
2016471603296,2,9,0,4,0,0,0,0,0,0,2,1,6,2,65,9,2400,2,6,8,3,8
2016471603298,1,9,0,18,0,1,0,0,0,0,1,1,6,1,29,6,1910,2,11,4,1,4
2016471603298,2,9,0,5,0,2,1,0,0,0,2,1,6,2,29,6,1086,1,11,2,1,2
2016471603302,1,9,0,9,0,8,0,0,0,0,1,1,6,1,81,11,1390,1,6,-1,-1,-1
2016471603302,2,9,0,18,0,1,0,0,7,11,4,1,1,1,47,8,-1,-1,-1,8,1,8
2016471603303,1,9,0,3,0,1,0,0,0,0,1,1,2,2,31,6,1896,2,7,5,1,5
2016471603303,2,9,0,4,0,1,0,0,0,0,2,1,2,2,34,6,1149,1,5,7,1,7
2016471603309,1,9,0,3,0,3,0,0,0,0,1,1,6,2,40,7,1596,1,11,6,1,6
2016471603309,2,9,0,5,0,4,0,0,0,0,2,1,6,1,45,7,1968,2,-1,4,1,4
2016471603318,1,9,0,13,0,8,0,0,0,0,4,1,6,3,25,5,1390,1,15,-1,-1,-1
2016471603318,2,1,0,18,0,8,0,0,0,0,0,1,6,2,44,7,-1,-1,-1,3,1,3
2016471603338,1,9,0,18,0,0,0,0,0,0,1,1,6,1,25,5,1596,1,15,5,1,5
2016471603348,1,9,0,18,0,1,1,0,0,0,1,1,6,2,22,5,1124,1,15,6,2,6
2016471603348,2,21,0,10,0,8,0,0,0,0,2,1,1,1,67,10,6692,2,5,9,2,9
2016471603358,1,9,0,5,0,4,0,0,0,0,1,1,6,2,24,5,1149,1,9,10,1,10
2016471603358,2,9,0,5,0,4,0,0,0,0,2,1,6,2,48,8,1998,1,14,1,1,1
2016471603373,1,9,0,18,0,8,5,10,1,11,1,1,6,1,93,11,996,1,5,2,1,2
2016471603374,1,9,0,18,0,1,0,0,0,0,1,1,6,2,27,6,1769,1,12,4,1,4
2016471603374,2,9,0,10,0,1,0,0,0,0,2,1,6,1,37,7,1794,1,13,2,1,2
2016471603378,1,9,0,16,0,0,0,0,0,0,1,1,2,1,32,6,2497,1,14,1,1,1
2016471603379,1,9,0,4,0,1,0,0,0,0,1,1,6,3,-1,-1,-1,-1,-1,-1,-1,-1
2016471603379,2,9,0,3,0,4,0,0,0,0,2,1,6,1,23,5,1796,1,11,9,2,9
2016471603382,1,9,0,18,0,6,0,0,0,0,3,1,1,1,45,7,2793,1,17,8,3,8
2016471603382,2,4,0,18,0,1,0,0,0,0,1,1,1,1,22,5,471,1,2,10,2,10
2016471603385,1,9,0,9,0,5,0,0,0,0,4,1,6,2,84,11,1598,1,10,4,3,4
2016471603385,2,10,0,18,0,8,0,0,0,0,1,1,3,1,66,10,2402,2,11,10,1,10
2016471603391,1,19,0,18,0,4,0,0,0,0,1,1,1,1,25,5,2461,2,7,4,1,4
2016471603391,2,9,0,4,0,4,0,0,0,0,2,1,6,1,68,10,1995,2,12,7,3,7
2016471603397,1,5,0,7,0,6,1,0,1,0,4,1,6,1,38,7,749,1,27,4,1,4
2016471603422,1,9,0,3,0,4,0,0,0,0,1,1,6,1,36,7,1995,2,3,4,1,4
2016471603422,2,9,0,3,0,4,0,0,0,0,2,1,6,2,31,6,1364,1,9,3,1,3
2016471603424,1,11,0,5,0,1,0,0,0,0,0,1,1,1,28,6,9000,2,9,8,1,8
2016471603428,1,11,0,4,0,1,0,0,0,0,0,1,1,1,26,6,9360,2,3,4,1,4
2016471603434,1,9,0,18,0,1,0,0,0,0,1,1,6,1,45,7,1997,2,5,2,1,2
2016471603434,2,9,0,10,0,1,0,0,0,0,2,1,6,2,26,6,1596,1,11,4,1,4
2016471603435,1,8,0,18,0,1,0,0,0,0,1,1,6,1,40,7,-1,-1,-1,4,1,4
2016471603435,2,9,0,4,0,1,0,0,0,0,2,1,6,2,50,8,1968,2,12,9,1,9
2016471603436,1,8,0,18,0,1,0,0,0,0,0,1,1,1,37,7,1997,2,6,6,1,6
2016471603443,1,9,0,5,0,8,0,0,0,0,1,1,6,1,29,6,1686,2,10,4,1,4
2016471603443,2,9,0,18,0,8,1,0,0,0,3,1,6,2,29,6,1124,1,13,7,1,7
2016471603443,3,9,0,2,0,2,0,0,0,0,2,1,6,3,-1,-1,2993,2,11,-1,-1,-1
2016471603443,4,9,0,2,0,2,0,0,0,0,2,1,6,3,-1,-1,1598,1,11,-1,-1,-1
2016471603444,1,9,0,18,0,0,0,0,0,0,1,2,6,2,30,6,1493,1,18,4,1,4
2016471603444,2,9,0,18,0,0,0,0,0,0,1,2,6,1,27,6,2996,1,11,6,1,6
2016471603445,1,9,0,9,0,4,0,0,0,0,3,1,6,2,30,6,1386,1,9,8,1,8
2016471603445,2,9,0,18,0,4,0,0,0,0,1,1,6,1,45,7,1598,1,13,8,1,8
2016471603447,1,19,0,13,0,0,0,0,0,0,1,1,6,3,-1,-1,-1,-1,-1,-1,-1,-1
2016471603447,2,1,0,18,0,0,0,0,0,0,3,1,6,2,51,8,-1,-1,-1,7,1,7
2016471603448,1,9,0,17,0,0,0,0,1,4,1,1,6,1,25,5,1995,2,8,9,2,9
2016471603449,1,5,0,18,0,0,0,0,3,0,1,1,6,1,23,5,599,1,10,4,1,4
2016471603449,2,9,0,18,0,0,0,0,0,0,3,1,6,1,33,6,1461,2,3,9,1,9
2016471603450,1,9,0,7,0,8,0,0,0,0,1,1,6,1,61,9,1994,1,18,6,3,6
2016471603452,1,1,0,9,0,1,0,0,0,0,4,1,4,1,12,3,-1,-1,-1,1,1,1
2016471603452,2,9,0,18,0,2,0,0,0,0,1,1,6,1,46,8,2231,2,8,1,1,1
2016471603457,1,9,0,18,0,1,5,0,7,1,3,1,1,1,17,4,1199,1,15,9,1,9
2016471603457,2,9,0,9,0,8,0,0,0,0,1,1,3,2,38,7,1461,2,4,4,1,4
2016471603460,1,3,0,18,0,0,0,0,0,0,1,1,6,1,21,5,124,1,8,5,1,5
2016471603460,2,9,0,3,0,0,0,0,0,0,2,1,6,2,40,7,999,1,2,7,1,7
2016471603461,1,20,0,4,0,0,0,0,0,0,1,1,1,1,37,7,6693,2,3,4,1,4
2016471603461,2,9,0,4,0,0,0,0,0,0,2,1,6,2,43,7,1339,1,6,9,2,9
2016471603461,3,9,0,18,0,0,0,0,1,0,0,1,6,3,50,8,-1,-1,-1,-1,-1,-1
2016471603462,1,9,0,18,0,6,0,0,0,0,1,1,6,2,18,4,998,1,10,5,1,5
2016471603462,2,9,0,18,0,8,0,0,0,0,4,1,6,2,22,5,1149,1,5,6,1,6
2016471603463,1,9,0,18,0,0,0,0,0,0,1,1,1,1,65,9,-1,-1,-1,8,1,8
2016471603463,2,9,0,18,0,0,0,0,0,0,2,1,6,1,78,11,1596,1,7,10,1,10
2016471603463,3,19,0,18,0,0,0,0,0,0,2,1,1,1,29,6,2287,2,4,2,1,2
2016471603465,1,3,0,16,0,0,1,0,0,0,1,1,6,1,18,4,125,1,-1,8,1,8
2016471603465,2,9,0,17,0,0,0,0,0,0,1,1,6,2,74,10,1329,1,6,4,1,4
2016471603466,1,1,0,18,0,0,0,0,0,0,1,1,6,1,56,9,-1,-1,-1,2,1,2
2016471603467,1,9,0,9,0,0,0,0,1,0,1,1,6,1,74,10,1242,1,10,8,2,8
2016471603467,2,9,0,2,6,0,0,0,0,0,1,1,6,3,-1,-1,2148,2,12,-1,-1,-1
2016471603468,1,4,0,18,0,8,0,0,0,0,1,1,6,2,25,5,-1,-1,-1,-1,-1,-1
2016471603468,2,9,0,9,0,8,0,0,0,0,1,1,6,2,42,7,1796,1,11,10,2,10
2016471603474,1,9,0,18,0,0,0,0,1,0,3,1,6,1,40,7,-1,-1,-1,7,1,7
2016471603474,2,9,0,18,0,0,0,0,0,0,1,2,6,2,28,6,3000,1,5,4,1,4
2016471603477,1,9,0,18,0,2,0,0,3,10,1,1,6,2,81,11,2496,1,10,8,1,8
2016471603477,2,9,0,2,0,8,0,0,0,0,3,1,6,3,-1,-1,999,1,4,-1,-1,-1
2016471603477,3,9,0,2,0,8,0,0,1,0,4,1,6,3,-1,-1,1497,8,1,-1,-1,-1
2016471603477,4,1,0,2,9,8,0,0,0,0,1,1,6,3,-1,-1,-1,-1,-1,-1,-1,-1
2016471603479,1,9,0,17,0,8,0,0,0,0,1,1,6,3,-1,-1,-1,-1,-1,-1,-1,-1
2016471603479,2,1,0,9,0,6,0,0,0,0,1,1,6,2,32,6,-1,-1,-1,8,1,8
2016471603483,1,9,0,18,0,0,0,0,0,0,1,1,6,1,31,6,1796,1,16,6,1,6
2016471603484,1,19,0,13,0,0,0,0,0,0,4,2,6,3,40,7,-1,-1,-1,-1,-1,-1
2016471603484,2,1,0,18,0,0,0,0,1,0,3,1,6,1,30,6,-1,-1,-1,8,1,8
2016471603485,1,9,0,18,0,2,0,0,0,0,1,1,6,1,30,6,1396,1,13,5,1,5
2016471603485,2,9,0,3,0,2,0,0,0,0,2,1,2,2,28,6,1299,1,14,4,1,4
2016471603485,3,9,0,3,0,2,0,0,0,0,2,1,6,1,50,8,-1,-1,-1,9,1,9
2016471603487,1,9,0,18,0,1,0,0,0,0,1,1,6,2,27,6,1242,1,1,9,2,9
2016471603487,2,9,0,10,0,1,0,0,0,0,2,1,6,1,40,7,1995,1,13,9,3,9
2016471603489,1,9,0,18,0,0,0,0,0,0,3,1,6,2,73,10,1198,1,11,8,3,8
2016471603490,1,9,0,9,0,8,0,0,0,0,1,1,6,3,-1,-1,1199,1,16,-1,-1,-1
2016471603490,2,1,0,18,0,1,0,0,0,0,4,1,6,1,48,8,-1,-1,-1,8,1,8
2016471603492,1,9,0,18,0,8,0,0,0,0,4,1,6,2,36,7,-1,-1,-1,6,1,6
2016471603492,2,9,0,18,0,8,0,0,0,0,3,1,6,2,36,7,-1,-1,-1,8,2,8
2016471603494,1,19,0,9,0,6,0,0,0,0,0,1,1,1,31,6,2198,2,1,3,1,3
2016471603494,2,5,0,16,0,1,1,0,7,0,0,1,6,1,60,9,999,1,2,8,3,8
2016471603495,1,9,0,18,0,6,0,0,1,0,3,1,6,1,25,5,1995,2,5,-1,-1,-1
2016471603495,2,9,0,18,0,8,0,0,0,0,1,1,1,1,20,4,999,1,3,2,1,2
2016471603496,1,9,0,17,0,0,1,10,0,4,3,1,6,2,30,6,1984,1,8,7,1,7
2016471603498,1,1,0,18,0,0,0,0,0,0,0,1,1,1,38,7,-1,-1,-1,9,1,9
2016471603499,1,19,0,17,0,0,0,0,7,0,1,1,6,3,-1,-1,2400,2,11,-1,-1,-1
2016471603499,2,9,0,16,0,0,0,0,1,0,1,1,6,2,18,4,1240,1,8,4,1,4
2016471603504,1,9,0,3,0,1,0,0,0,0,1,1,6,3,30,6,1587,1,13,-1,-1,-1
2016471603504,2,9,0,3,0,1,0,0,0,0,2,1,6,2,63,9,1200,1,1,8,1,8
2016471603508,1,9,0,16,0,0,0,0,7,4,1,1,6,1,25,5,1390,1,12,8,2,8
2016471603509,1,8,0,7,0,6,0,0,0,0,1,1,1,1,69,10,1797,8,2,4,1,4
2016471603509,2,9,0,18,0,6,0,0,0,0,4,1,6,1,28,6,1686,2,14,4,1,4
2016471603510,1,9,0,18,0,6,0,0,0,0,1,1,6,2,26,6,1896,2,11,2,1,2
2016471603510,2,9,0,9,0,8,0,0,0,0,3,1,6,2,45,7,1398,1,2,2,1,2
2016471603510,3,3,0,18,0,8,0,0,0,0,1,1,6,1,20,4,124,1,6,4,2,4
2016471603511,1,9,0,6,0,6,5,0,0,0,4,1,6,2,88,11,1339,1,13,1,1,1
2016471603511,2,9,0,18,0,1,2,0,1,1,3,1,6,2,23,5,1679,1,14,6,1,6
2016471603513,1,9,0,18,0,8,1,7,2,7,4,1,2,1,66,10,1796,1,13,6,1,6
2016471603514,1,9,0,18,0,4,0,0,0,0,1,1,1,1,31,6,1598,2,1,5,1,5
2016471603514,2,1,0,18,0,3,0,0,0,0,4,1,6,1,67,10,-1,-1,-1,8,3,8
2016471603515,1,9,0,18,0,1,5,0,0,0,4,1,6,1,35,6,-1,-1,-1,-1,1,-1
2016471603517,1,9,0,18,0,6,0,0,0,0,1,1,3,2,37,7,1242,1,12,5,1,5
2016471603517,2,9,0,18,0,1,0,0,0,0,1,1,3,1,73,10,1360,1,15,8,1,8
2016471603518,1,9,0,18,0,3,0,0,0,0,1,1,6,1,72,10,5500,1,14,6,3,6
2016471603518,2,9,0,18,0,3,0,0,0,0,2,1,6,1,53,8,2993,2,7,6,2,6
2016471603524,1,5,0,4,0,1,1,0,0,0,4,1,2,1,42,7,645,1,17,1,1,1
2016471603525,1,9,0,17,0,0,1,0,1,4,1,1,6,1,29,6,1560,2,12,8,1,8
2016471603525,2,9,0,16,0,0,0,0,1,0,1,1,6,2,43,7,1598,2,2,8,3,8
2016471603526,1,9,0,4,0,1,0,0,0,0,1,1,6,1,31,6,1996,1,22,4,1,4
2016471603526,2,9,0,4,0,1,0,0,0,0,2,1,6,2,45,7,1496,1,-1,6,1,6
2016471603528,1,9,0,1,0,0,0,0,0,0,2,1,6,1,49,8,1598,1,10,7,2,7
2016471603529,1,9,0,18,0,0,0,0,6,0,1,1,6,1,40,7,1461,2,6,8,1,8
2016471603529,2,9,0,2,0,0,0,0,0,0,0,1,6,3,-1,-1,1997,2,9,-1,-1,-1
2016471603529,3,9,0,2,0,0,0,0,0,0,0,1,6,3,-1,-1,1686,2,13,-1,-1,-1
2016471603529,4,9,0,18,0,0,0,0,0,0,1,1,6,2,32,6,1124,1,4,6,1,6
2016471603531,1,9,0,14,0,0,0,0,0,0,0,1,6,1,40,7,2720,2,9,-1,-1,-1
2016471603531,2,1,0,18,0,0,0,0,0,0,0,1,6,1,37,7,-1,-1,-1,4,1,4
2016471603531,3,9,0,2,0,0,0,0,0,0,0,1,6,3,-1,-1,-1,-1,-1,-1,-1,-1
2016471603535,1,9,0,4,0,0,0,0,0,0,1,1,6,2,61,9,1398,1,7,2,1,2
2016471603535,2,9,0,4,0,0,0,0,0,0,2,1,6,1,18,4,1149,1,10,6,2,6
2016471603539,1,9,0,9,0,6,0,0,0,0,0,2,6,1,63,9,-1,-1,-1,6,3,6
2016471603539,2,5,0,18,0,1,1,0,1,1,0,1,1,1,31,6,599,1,6,4,1,4
2016471603541,1,9,0,18,0,0,0,0,0,0,1,1,6,1,23,5,1120,2,3,6,2,6
2016471603541,2,3,0,18,0,0,0,0,0,0,1,1,6,1,18,4,124,1,7,6,2,6
2016471603545,1,19,0,17,0,0,0,0,1,4,1,1,6,1,27,6,2402,2,9,5,3,5
2016471603546,1,9,0,17,0,0,0,0,1,4,1,1,2,1,27,6,1905,2,17,1,1,1
2016471603547,1,1,0,18,0,1,0,0,0,0,1,1,2,1,17,4,-1,-1,-1,7,1,7
2016471603547,2,9,0,18,0,5,0,0,0,0,1,1,2,1,39,7,1986,2,9,10,1,10
2016471603551,1,9,0,17,0,0,1,0,0,0,1,1,1,1,29,6,1596,1,13,4,1,4
2016471603551,2,9,0,16,0,0,0,0,0,0,1,1,1,1,21,5,-1,-1,-1,6,3,6
2016471603552,1,9,0,17,0,0,1,0,7,0,1,1,6,2,26,6,1988,2,10,7,1,7
2016471603552,2,1,0,16,0,0,0,0,1,0,1,1,6,1,49,8,-1,-1,-1,7,1,7
2016471603554,1,9,4,18,0,0,1,0,0,0,1,1,1,1,39,7,2495,2,15,2,1,2
2016471603554,2,9,0,18,0,0,0,0,1,0,1,1,1,2,64,9,1991,8,-1,6,3,6
2016471603556,1,9,0,9,0,4,0,0,0,0,3,1,6,1,76,11,2967,2,11,9,1,9
2016471603556,2,9,0,5,0,4,0,0,0,0,1,1,6,1,27,6,-1,-1,-1,3,1,3
2016471603557,1,19,0,18,0,0,0,0,0,0,1,1,1,1,28,6,-1,-1,-1,6,1,6
2016471603557,2,9,0,18,0,0,0,0,0,0,2,1,6,1,31,6,1598,1,12,5,1,5
2016471603557,3,9,0,18,0,0,0,0,0,0,2,1,6,1,44,7,1798,1,3,2,1,2
2016471603558,1,9,0,18,0,4,0,0,0,0,1,1,6,2,47,8,999,1,2,8,1,8
2016471603558,2,9,0,18,0,4,0,0,0,0,3,1,6,1,27,6,1896,2,13,3,1,3
2016471603560,1,9,0,18,0,0,0,0,7,11,1,1,6,1,85,11,-1,-1,-1,7,3,7
2016471603560,2,9,0,18,0,0,0,0,0,0,1,1,6,2,45,7,1956,2,5,6,2,6
2016471603560,3,9,0,18,0,0,0,0,1,0,1,1,6,1,46,8,1598,2,1,7,1,7
2016471603563,1,9,0,18,0,1,0,0,0,0,1,1,6,1,54,8,1598,2,1,6,3,6
2016471603563,2,9,0,3,0,1,0,0,0,0,2,1,6,1,62,9,2179,2,6,9,2,9
2016471603563,3,19,0,3,0,1,0,0,0,0,2,1,6,1,51,8,1896,2,10,8,1,8
2016471603563,4,9,0,10,0,1,0,0,0,0,0,1,6,1,-1,-1,-1,-1,-1,-1,-1,-1
2016471603564,1,9,0,18,0,0,1,0,1,10,3,1,6,1,31,6,1995,2,5,9,1,9
2016471603564,2,19,0,18,0,0,0,0,0,0,2,1,1,1,31,6,2198,2,9,9,1,9
2016471603565,1,9,0,17,0,0,2,0,1,9,3,1,2,2,29,6,1124,1,15,7,3,7
2016471603566,1,1,0,18,0,1,1,0,0,0,1,1,1,3,-1,-1,-1,-1,-1,-1,-1,-1
2016471603566,2,16,0,5,0,6,0,0,0,0,3,1,1,2,29,6,-1,-1,-1,10,1,10
2016471603567,1,9,0,18,0,1,0,0,0,0,1,1,6,1,91,11,1598,1,6,10,3,10
2016471603567,2,19,0,18,0,1,0,0,0,0,4,1,1,1,47,8,2148,2,9,5,3,5
2016471603568,1,9,0,1,0,0,0,0,0,0,2,1,1,1,61,9,-1,-1,-1,3,1,3
2016471603569,1,9,0,4,0,1,0,0,0,0,1,1,6,1,50,8,1999,1,10,2,1,2
2016471603569,2,9,0,3,0,1,0,0,0,0,2,1,6,2,35,6,1598,1,7,7,1,7
2016471603570,1,9,0,2,0,0,0,4,0,0,2,1,6,2,61,9,1560,2,1,8,1,8
2016471603570,2,9,0,2,0,0,0,0,0,0,1,1,6,3,-1,-1,1798,8,-1,8,1,8
2016471603572,1,9,0,9,0,6,0,0,0,0,1,1,6,2,31,6,1368,1,9,7,1,7
2016471603572,2,9,0,18,0,2,0,0,0,0,2,1,6,2,31,6,1242,1,3,7,1,7
2016471603572,3,9,0,18,0,1,0,0,0,0,0,1,6,3,40,7,-1,-1,-1,-1,-1,-1
2016471603576,1,9,0,18,0,0,0,0,0,0,1,1,6,2,42,7,2720,2,11,9,3,9
2016471603576,2,1,0,18,0,0,0,0,1,0,2,1,6,1,55,8,-1,-1,-1,9,1,9
2016471603578,1,9,0,9,0,8,0,0,0,0,1,1,6,2,34,6,1596,1,12,8,3,8
2016471603578,2,9,0,18,0,8,0,0,0,0,3,1,6,2,29,6,1991,2,13,8,1,8
2016471603580,1,9,0,18,0,2,0,0,0,0,1,1,6,1,20,4,1995,1,13,5,1,5
2016471603580,2,9,0,2,0,2,0,0,0,0,2,1,6,1,33,6,1598,1,10,5,1,5
2016471603580,3,9,0,2,0,2,0,0,0,0,2,1,6,2,52,8,999,1,2,6,3,6
2016471603582,1,9,0,7,4,5,0,0,0,0,1,1,6,2,34,6,1398,1,-1,4,1,4
2016471603582,2,1,0,18,4,8,0,0,0,0,4,1,6,1,22,5,-1,-1,-1,3,1,3
2016471603584,1,5,0,14,0,1,0,0,7,9,4,1,6,1,21,5,599,1,6,5,2,5
2016471603584,2,9,0,10,0,1,0,0,0,0,3,1,6,2,39,7,1968,2,9,7,3,7
2016471603587,1,90,0,16,0,0,0,0,0,0,0,1,1,3,-1,-1,-1,-1,-1,-1,-1,-1
2016471603587,2,9,0,17,0,0,1,0,0,0,1,1,2,1,32,6,-1,-1,-1,6,3,6
2016471603587,3,9,0,17,0,0,0,0,0,0,2,1,2,2,20,4,1339,1,12,6,3,6
2016471603587,4,9,0,3,0,0,0,0,0,0,2,1,1,2,17,4,1560,2,1,10,2,10
2016471603588,1,9,0,16,0,1,0,0,0,0,1,1,3,2,34,6,1596,1,13,7,1,7
2016471603588,2,9,0,3,0,1,0,0,0,0,2,1,6,2,37,7,1598,1,12,8,1,8
2016471603588,3,9,0,3,0,1,0,0,0,0,2,1,6,2,50,8,1988,1,14,8,1,8
2016471603589,1,9,0,18,0,0,0,0,0,0,1,1,6,1,40,7,1999,1,13,-1,-1,-1
2016471603589,2,9,0,18,0,0,0,0,0,0,2,1,6,1,30,6,1248,2,12,2,1,2
2016471603592,1,19,0,9,0,6,0,0,0,0,3,1,1,1,26,6,2198,2,8,4,1,4
2016471603592,2,9,0,16,0,8,0,0,0,0,1,1,3,1,17,4,1598,1,10,10,2,10
2016471603594,1,3,0,9,0,2,1,0,0,0,3,1,6,1,34,6,124,1,6,6,1,6
2016471603596,1,9,0,9,0,8,0,0,0,0,1,1,6,1,37,7,1781,1,26,7,1,7
2016471603596,2,4,0,18,0,1,0,0,0,0,1,1,6,1,23,5,125,1,1,2,1,2
2016471603604,1,8,0,17,0,0,1,0,7,0,4,1,6,2,23,5,1596,1,7,8,1,8
2016471603604,2,8,0,17,0,0,0,0,0,0,3,1,6,1,20,4,1149,1,11,6,1,6
2016471603605,1,9,0,9,0,6,0,0,0,0,3,1,2,1,52,8,1590,1,23,1,1,1
2016471603605,2,9,0,17,0,1,0,0,0,0,1,1,6,2,32,6,1329,1,6,7,3,7
2016471603606,1,9,0,5,0,1,0,0,0,0,3,1,6,2,72,10,2979,1,15,9,1,9
2016471603606,2,11,0,14,0,1,0,0,0,0,4,1,1,1,63,9,9000,2,10,8,1,8
2016471603606,3,19,0,2,0,1,0,0,0,0,0,1,6,1,40,7,-1,-1,-1,-1,-1,-1
2016471603606,4,11,0,18,0,1,0,0,0,0,0,1,1,1,40,7,-1,-1,-1,-1,-1,-1
2016471603608,1,9,0,18,0,2,5,0,0,0,1,1,6,2,19,4,999,1,2,4,1,4
2016471603608,2,9,0,2,0,2,0,0,0,0,4,1,6,3,-1,-1,1560,2,9,-1,-1,-1
2016471603608,3,9,0,2,0,2,0,0,0,0,4,1,6,3,-1,-1,1242,1,4,-1,-1,-1
2016471603608,4,9,0,2,0,2,0,0,0,0,4,1,6,3,-1,-1,1560,2,9,-1,-1,-1
2016471603608,5,9,0,2,0,2,0,0,0,0,4,1,6,3,-1,-1,1596,1,6,-1,-1,-1
2016471603608,6,9,0,2,0,2,0,0,0,0,3,1,6,3,-1,-1,1997,2,9,-1,-1,-1
2016471603608,7,9,0,2,0,2,0,0,0,0,3,1,6,3,-1,-1,1582,2,7,-1,-1,-1
2016471603609,1,1,0,18,0,2,0,0,0,0,1,1,1,1,27,6,-1,-1,-1,9,3,9
2016471603609,2,9,0,9,0,2,0,0,0,0,1,1,3,2,31,6,1997,2,2,1,1,1
2016471603613,1,9,0,4,0,0,0,0,0,0,1,1,6,1,-1,-1,-1,-1,-1,-1,-1,-1
2016471603613,2,9,0,4,0,0,0,0,0,0,0,1,6,1,-1,-1,-1,-1,-1,-1,-1,-1
2016471603615,1,9,0,4,0,8,0,0,0,0,1,1,6,2,20,4,1339,1,6,6,1,6
2016471603615,2,9,0,10,0,8,0,0,0,0,2,1,6,2,59,9,1984,1,5,7,1,7
2016471603616,1,9,0,18,4,2,0,0,0,0,4,1,6,2,30,6,1956,2,6,8,1,8
2016471603616,2,1,0,18,4,2,0,0,0,0,3,1,6,1,32,6,-1,-1,-1,3,1,3
2016471603617,1,9,0,18,0,0,0,0,7,0,1,1,1,1,40,7,1595,1,8,4,1,4
2016471603617,2,9,0,18,0,0,0,0,1,5,3,1,6,1,65,9,1248,2,12,4,1,4
2016471603617,3,9,0,18,0,0,0,0,1,0,1,1,6,2,32,6,998,1,2,7,1,7
2016471603618,1,9,0,4,0,1,0,0,0,0,1,1,6,2,35,6,1598,1,14,1,1,1
2016471603618,2,9,0,3,0,1,0,0,0,0,2,1,6,2,29,6,1753,2,8,4,1,4
2016471603618,3,9,0,3,0,1,0,0,0,0,2,1,6,2,48,8,-1,-1,-1,3,1,3
2016471603621,1,9,0,17,0,2,1,0,7,0,1,1,2,1,36,7,1855,1,17,6,2,6
2016471603621,2,19,0,16,0,1,0,0,1,0,1,1,2,1,46,8,2299,2,1,5,1,5
2016471603622,1,9,0,17,0,0,5,0,7,9,1,1,6,2,18,4,1229,1,11,9,1,9