Accident_Index,Vehicle_Reference,Vehicle_Type,Towing_and_Articulation,Vehicle_Manoeuvre,Vehicle_Location-Restricted_Lane,Junction_Location,Skidding_and_Overturning,Hit_Object_in_Carriageway,Vehicle_Leaving_Carriageway,Hit_Object_off_Carriageway,1st_Point_of_Impact,Was_Vehicle_Left_Hand_Drive?,Journey_Purpose_of_Driver,Sex_of_Driver,Age_of_Driver,Age_Band_of_Driver,Engine_Capacity_(CC),Propulsion_Code,Age_of_Vehicle,Driver_IMD_Decile,Driver_Home_Area_Type,Vehicle_IMD_Decile
2016471603623,1,9,0,18,0,2,2,0,3,4,1,1,2,2,21,5,1390,1,9,4,1,4
2016471603624,1,9,0,9,0,6,0,0,0,0,3,1,6,1,62,9,2204,2,9,6,1,6
2016471603624,2,4,0,18,0,8,1,0,0,0,1,1,6,1,23,5,124,1,1,4,1,4
2016471603626,1,9,0,7,4,6,0,0,0,0,1,1,6,2,80,11,1242,1,14,6,1,6
2016471603626,2,1,0,18,5,1,0,0,0,0,3,1,2,1,40,7,-1,-1,-1,4,1,4
2016471603627,1,9,0,8,0,6,0,0,0,0,2,1,6,2,30,6,1242,1,5,8,3,8
2016471603627,2,9,0,8,0,1,0,0,0,0,1,1,6,1,35,6,1248,2,10,7,3,7
2016471603631,1,9,0,4,0,1,0,0,0,0,1,1,2,1,26,6,1998,1,13,3,1,3
2016471603631,2,9,0,4,0,1,0,0,0,0,2,1,6,2,51,8,1198,1,2,6,1,6
2016471603632,1,3,0,9,0,8,0,0,0,0,1,1,6,1,23,5,125,1,1,1,1,1
2016471603632,2,9,0,18,0,8,0,0,0,0,1,1,6,2,57,9,1339,1,5,1,1,1
2016471603634,1,9,0,18,0,0,2,0,0,0,0,1,6,1,75,10,2088,2,19,6,1,6
2016471603637,1,9,0,9,0,8,0,0,0,0,3,1,6,1,29,6,1956,2,6,1,1,1
2016471603637,2,9,0,18,0,1,0,0,0,0,3,1,6,1,28,6,1753,2,17,4,1,4
2016471603639,1,9,0,12,0,3,0,0,0,0,3,1,6,2,20,4,1149,1,13,7,1,7
2016471603639,2,9,0,18,0,3,0,0,0,0,4,1,6,1,28,6,2148,2,8,5,1,5
2016471603642,1,9,0,18,0,0,0,0,0,0,4,1,6,1,80,11,2993,2,-1,9,1,9
2016471603643,1,5,0,18,0,0,0,0,0,0,0,1,6,1,32,6,942,1,9,9,1,9
2016471603644,1,20,0,18,0,8,0,0,0,0,1,1,1,1,32,6,4899,2,8,3,1,3
2016471603644,2,20,0,10,0,5,0,0,0,0,2,1,1,1,45,7,2982,2,8,8,1,8
2016471603645,1,11,0,18,0,2,0,0,0,0,4,1,6,1,56,9,9360,2,3,2,1,2
2016471603648,1,5,0,18,0,0,0,0,0,0,1,1,6,1,37,7,998,1,15,5,1,5
2016471603648,2,9,0,18,0,0,0,0,0,0,2,1,6,1,51,8,1984,2,5,7,1,7
2016471603649,1,9,0,18,0,0,0,0,0,0,1,1,6,1,29,6,1124,1,14,1,1,1
2016471603649,2,9,0,4,0,0,0,0,0,0,2,1,6,1,26,6,1339,1,9,10,1,10
2016471603650,1,9,0,18,0,1,0,0,0,0,1,1,6,1,27,6,1598,2,6,7,1,7
2016471603650,2,9,0,18,0,1,0,0,0,0,2,1,6,2,24,5,1998,1,9,9,1,9
2016471603652,1,9,0,7,0,8,1,0,2,10,1,1,1,2,58,9,2198,1,14,8,1,8
2016471603655,1,9,0,7,0,5,0,0,0,0,4,1,6,1,19,4,998,1,7,7,1,7
2016471603655,2,1,0,5,4,8,0,0,0,0,3,1,6,1,50,8,-1,-1,-1,7,3,7
2016471603655,3,1,0,5,4,8,0,0,0,0,3,1,6,1,47,8,-1,-1,-1,6,1,6
2016471603657,1,19,0,18,0,0,0,0,7,4,1,1,6,1,35,6,1870,2,13,10,1,10
2016471603658,1,3,0,18,0,1,1,0,0,0,1,1,6,2,27,6,124,1,4,9,1,9
2016471603658,2,9,0,4,0,1,0,0,0,0,2,1,2,2,43,7,1598,1,10,8,1,8
2016471603659,1,9,0,9,0,1,0,0,0,0,1,1,6,1,19,4,1197,1,3,6,1,6
2016471603659,2,9,0,18,0,2,0,0,0,0,2,1,6,2,60,9,1995,1,13,7,1,7
2016471603662,1,9,0,10,4,6,0,0,0,0,3,1,6,1,45,7,1598,1,11,8,1,8
2016471603662,2,1,0,4,4,1,0,0,0,0,1,1,6,1,16,4,-1,-1,-1,10,1,10
2016471603664,1,9,0,5,0,0,0,0,0,0,3,1,6,1,25,5,1242,1,10,2,1,2
2016471603664,2,9,0,18,0,0,0,0,0,0,4,1,6,2,57,9,1388,1,8,9,1,9
2016471603665,1,9,0,7,0,6,0,0,0,0,2,1,6,1,71,10,1951,2,13,3,1,3
2016471603665,2,9,0,18,0,2,0,0,0,0,1,1,2,1,37,7,1108,1,14,1,1,1
2016471603666,1,9,0,18,0,0,0,0,0,0,1,1,2,1,29,6,-1,-1,-1,6,3,6
2016471603666,2,9,0,18,0,0,0,0,1,0,1,1,6,1,50,8,1598,1,2,8,1,8
2016471603667,1,9,0,17,0,0,0,0,0,0,1,1,6,2,30,6,1600,1,17,6,2,6
2016471603667,2,9,0,16,0,0,5,0,0,0,1,1,1,1,59,9,998,1,8,9,2,9
2016471603668,1,9,0,4,0,0,1,0,0,0,1,1,6,2,65,9,1896,2,7,9,1,9
2016471603668,2,9,0,2,0,0,0,10,0,0,2,1,6,1,71,10,2496,1,13,8,1,8
2016471603670,1,1,0,18,0,0,0,0,0,0,3,1,6,1,52,8,-1,-1,-1,10,3,10
2016471603670,2,9,0,18,0,0,0,0,0,0,3,1,6,1,45,7,3824,1,9,9,3,9
2016471603671,1,9,0,18,0,0,0,0,0,0,1,2,6,2,22,5,1198,1,8,4,1,4
2016471603671,2,9,0,18,0,0,0,0,0,0,2,1,6,1,38,7,1598,1,12,5,1,5
2016471603671,3,9,0,2,0,0,0,0,0,0,0,1,6,2,42,7,1900,2,11,3,1,3
2016471603672,1,9,0,18,0,4,0,0,0,0,1,1,6,2,19,4,993,1,16,5,1,5
2016471603672,2,5,0,18,0,8,0,0,0,0,4,1,6,1,48,8,599,1,6,-1,-1,-1
2016471603674,1,9,0,17,0,2,1,0,0,0,1,2,6,1,60,9,-1,-1,-1,4,2,4
2016471603674,2,9,0,16,0,1,0,0,1,11,1,1,6,1,77,11,1461,2,6,9,1,9
2016471603675,1,9,0,1,0,6,0,0,0,0,2,1,6,3,-1,-1,1368,1,12,-1,-1,-1
2016471603682,1,9,0,18,0,8,5,0,0,0,4,1,2,2,28,6,1368,1,5,1,1,1
2016471603682,2,9,0,2,0,8,0,0,0,0,0,1,6,3,-1,-1,1329,1,7,-1,-1,-1
2016471603683,1,9,0,18,0,0,0,0,7,0,1,1,6,2,22,5,1598,1,14,3,1,3
2016471603684,1,9,0,18,0,0,0,0,0,0,1,1,6,1,28,6,1598,2,3,3,1,3
2016471603684,2,9,0,18,0,0,0,0,0,0,2,1,6,1,70,10,2720,2,10,5,1,5
2016471603684,3,9,0,18,0,0,0,0,0,0,2,1,6,1,26,6,1997,2,8,3,1,3
2016471603685,1,9,0,4,0,1,0,0,0,0,1,1,1,1,75,10,1762,1,17,4,1,4
2016471603685,2,9,0,18,0,4,0,0,0,0,4,1,6,1,51,8,2969,2,9,5,1,5
2016471603686,1,9,0,12,0,7,0,0,0,0,1,1,6,1,18,4,-1,-1,-1,-1,-1,-1
2016471603686,2,9,0,18,0,1,1,7,0,6,1,1,1,2,27,6,1198,1,12,7,1,7
2016471603688,1,19,0,5,0,8,0,0,0,0,4,1,2,1,64,9,1870,2,12,4,1,4
2016471603688,2,9,0,18,0,8,0,0,0,0,0,1,6,2,28,6,1998,1,11,1,1,1
2016471603689,1,21,1,9,0,5,0,0,0,0,4,2,1,1,23,5,-1,-1,-1,-1,-1,-1
2016471603689,2,5,0,18,0,1,0,0,0,0,1,1,6,1,52,8,1043,1,-1,3,1,3
2016471603694,1,19,0,7,0,1,0,0,0,0,4,1,1,1,48,8,2198,2,3,6,1,6
2016471603694,2,5,0,18,2,1,0,0,0,0,1,1,6,1,28,6,1157,1,16,8,1,8
2016471603697,1,9,0,5,0,7,0,0,0,0,1,1,6,2,50,8,-1,3,1,8,1,8
2016471603697,2,1,0,18,0,8,0,0,0,0,2,1,6,1,30,6,-1,-1,-1,6,1,6
2016471603698,1,19,0,9,0,8,0,0,0,0,3,1,6,1,40,7,1560,2,-1,9,1,9
2016471603698,2,5,0,18,0,1,0,0,0,0,4,1,6,1,27,6,649,1,1,7,1,7
2016471603699,1,19,0,7,0,5,0,0,0,0,1,1,6,3,-1,-1,2198,2,5,-1,-1,-1
2016471603699,2,9,0,7,0,2,0,0,0,0,2,1,1,1,44,7,1997,2,12,4,1,4
2016471603700,1,9,0,1,9,0,0,0,0,0,2,1,6,2,82,11,1339,1,3,6,1,6
2016471603701,1,9,0,18,0,5,0,0,7,10,3,1,1,2,19,4,-1,-1,-1,8,3,8
2016471603703,1,1,0,18,0,8,0,0,0,0,3,1,6,1,36,7,-1,-1,-1,5,1,5
2016471603703,2,9,0,10,0,8,0,0,0,0,1,1,6,1,45,7,1339,1,10,3,1,3
2016471603704,1,9,0,5,0,1,0,0,0,0,1,1,1,1,48,8,1968,2,7,3,1,3
2016471603704,2,1,0,18,0,1,0,0,0,0,1,1,6,1,45,7,-1,-1,-1,5,1,5
2016471603705,1,9,0,18,0,6,0,0,0,0,3,1,2,2,55,8,1199,1,17,3,1,3
2016471603706,1,9,0,1,0,8,0,0,0,0,2,1,6,1,28,6,2490,1,21,2,1,2
2016471603707,1,9,0,1,0,0,0,0,0,0,3,1,6,2,86,11,1242,1,8,8,1,8
2016471603707,2,9,0,2,0,0,0,0,0,0,1,1,6,3,-1,-1,1599,1,8,-1,-1,-1
2016471603708,1,9,0,18,0,0,0,0,0,0,1,1,6,1,81,11,1496,1,1,10,1,10
2016471603708,2,9,0,18,0,0,0,0,0,0,1,1,6,1,70,10,2497,1,10,10,1,10
2016471603708,3,9,0,18,0,0,0,0,0,0,1,1,6,1,65,9,1951,2,13,6,3,6
2016471603711,1,9,0,18,0,2,0,0,1,0,1,1,6,2,35,6,1896,2,12,6,1,6
2016471603711,2,9,0,3,0,2,0,0,0,0,2,1,2,1,43,7,1248,2,10,4,1,4
2016471603712,1,9,0,17,0,0,0,0,0,0,1,1,6,3,-1,-1,-1,-1,-1,-1,-1,-1
2016471603712,2,9,0,16,0,0,0,0,0,0,1,1,2,1,55,8,1596,1,12,10,1,10
2016471603714,1,9,0,13,0,8,1,7,0,0,1,1,6,1,24,5,1896,2,8,4,1,4
2016471603714,2,19,0,7,0,1,2,0,0,0,2,1,6,1,27,6,1870,2,11,7,3,7
2016471603714,3,9,0,13,0,1,0,0,0,0,0,1,6,3,-1,-1,-1,-1,-1,-1,-1,-1
2016471603716,1,9,0,18,0,0,0,0,1,11,1,1,6,2,33,6,1389,1,14,4,1,4
2016471603716,2,20,5,18,0,0,0,0,0,0,0,1,1,3,30,6,-1,-1,-1,-1,-1,-1
2016471603717,1,9,0,18,0,8,0,0,0,0,1,1,6,2,75,10,1360,1,14,7,1,7
2016471603722,1,9,0,18,0,4,0,0,0,0,3,1,2,1,55,8,1956,2,5,9,1,9
2016471603722,2,1,0,9,0,8,0,0,0,0,1,1,6,1,37,7,-1,-1,-1,8,3,8
2016471603723,1,9,0,7,0,8,0,0,0,0,1,1,6,1,51,8,1997,2,10,5,1,5
2016471603723,2,1,0,18,0,8,0,0,0,0,4,1,6,1,15,3,-1,-1,-1,4,1,4
2016471603725,1,9,0,18,0,4,0,0,0,0,1,1,6,2,25,5,1242,1,13,6,2,6
2016471603725,2,9,0,18,0,3,0,0,2,11,3,1,2,2,20,4,998,1,5,5,1,5
2016471603727,1,9,0,18,0,1,0,0,0,0,1,1,6,1,19,4,1598,1,6,10,3,10
2016471603727,2,9,0,3,0,1,0,0,1,0,2,1,6,2,39,7,1364,1,1,9,2,9
2016471603727,3,20,0,18,0,2,0,0,0,0,1,1,6,1,47,8,4500,2,9,7,3,7
2016471603728,1,9,0,18,0,1,0,0,0,0,1,1,6,2,73,10,796,1,7,4,1,4
2016471603728,2,9,0,10,0,5,0,0,0,0,2,1,6,2,40,7,1397,1,8,5,1,5
2016471603730,1,3,0,16,0,0,1,0,0,0,1,1,6,1,24,5,124,1,3,9,3,9
2016471603730,2,9,0,17,0,0,0,0,0,0,1,1,6,1,70,10,1968,2,7,10,3,10
2016471603731,1,9,0,18,0,0,0,0,0,0,1,1,6,2,89,11,1360,1,11,8,3,8
2016471603731,2,9,0,2,0,0,0,0,0,0,2,1,6,2,58,9,1197,1,1,5,3,5
2016471603734,1,9,0,18,0,0,0,0,0,0,1,1,6,2,34,6,1397,1,9,9,3,9
2016471603734,2,9,0,18,0,0,0,0,1,0,1,1,6,1,51,8,2967,2,4,6,2,6
2016471603734,3,9,0,18,0,0,0,0,1,10,1,1,6,1,37,7,2000,2,7,9,1,9
2016471603735,1,8,0,9,0,5,0,0,0,0,1,1,1,1,44,7,1997,2,6,3,1,3
2016471603738,1,9,0,18,0,8,0,0,0,0,1,1,6,2,51,8,2435,1,14,7,1,7
2016471603738,2,9,0,18,0,8,0,0,0,0,4,1,6,1,56,9,2685,2,15,4,1,4
2016471603739,1,19,0,18,0,1,0,0,0,0,1,1,6,1,46,8,2151,2,13,3,1,3
2016471603739,2,9,0,4,0,1,0,0,0,0,2,1,6,1,29,6,1587,1,9,4,1,4
2016471603739,3,9,0,4,0,1,0,0,0,0,2,1,6,1,68,10,1998,1,11,5,1,5
2016471603739,4,11,0,5,0,6,0,0,0,0,0,1,1,1,40,7,-1,-1,-1,-1,-1,-1
2016471603745,1,9,0,17,0,2,1,0,2,10,1,1,1,2,24,5,1396,1,15,6,3,6
2016471603746,1,19,0,13,0,8,0,0,0,0,1,1,1,1,55,8,2198,2,3,4,1,4
2016471603746,2,19,0,9,0,8,0,0,0,0,3,1,1,1,61,9,1598,2,9,6,3,6
2016471603750,1,5,0,5,0,8,0,0,0,0,1,1,6,1,35,6,125,1,-1,9,1,9
2016471603750,2,9,0,18,0,8,0,0,0,0,1,1,6,2,52,8,1998,1,14,6,1,6
2016471603750,3,9,0,7,0,8,0,0,0,0,0,1,6,1,21,5,-1,-1,-1,-1,-1,-1
2016471603751,1,8,0,18,0,0,0,11,0,0,1,1,1,1,35,6,2231,2,9,9,1,9
2016471603756,1,9,0,7,0,8,0,0,0,0,1,1,6,1,72,10,1597,1,14,9,3,9
2016471603756,2,5,0,18,0,8,0,0,0,0,0,1,6,1,24,5,600,1,12,2,1,2
2016471603758,1,9,0,1,0,8,0,0,0,0,2,1,6,1,72,10,1364,1,1,5,2,5
2016471603758,2,9,0,2,0,1,0,0,0,0,2,1,6,2,19,4,1596,1,13,7,2,7
2016471603759,1,9,0,18,0,0,0,0,0,0,1,1,6,2,32,6,1229,1,8,9,1,9
2016471603759,2,9,0,18,0,0,0,0,0,0,2,1,6,1,44,7,2191,2,1,5,1,5
2016471603762,1,9,0,18,0,3,0,0,0,0,0,1,6,1,55,8,-1,-1,-1,-1,-1,-1
2016471603762,2,20,0,18,0,3,0,0,0,0,0,1,1,2,48,8,-1,-1,-1,5,1,5
2016471603765,1,9,0,18,0,0,0,0,0,0,1,1,2,2,21,5,1242,1,5,9,1,9
2016471603765,2,9,0,4,0,0,0,0,0,0,2,1,6,2,50,8,1397,1,8,7,1,7
2016471603765,3,9,0,4,0,0,0,0,0,0,2,1,1,1,42,7,-1,-1,-1,8,1,8
2016471603767,1,8,0,9,0,1,0,0,0,0,1,1,1,2,50,8,-1,-1,-1,6,1,6
2016471603767,2,5,0,18,0,1,0,0,0,0,1,1,6,1,34,6,1700,1,-1,9,1,9
2016471603768,1,3,0,18,0,2,1,0,0,0,0,1,6,1,18,4,49,1,-1,4,1,4
2016471603769,1,8,0,7,0,5,0,0,0,0,4,1,1,1,49,8,1896,2,6,9,1,9
2016471603769,2,1,0,18,4,1,0,0,0,0,1,1,6,1,30,6,-1,-1,-1,1,1,1
2016471603771,1,19,0,5,0,1,0,0,0,0,1,1,2,1,43,7,1995,2,9,8,1,8
2016471603771,2,3,0,5,0,1,0,0,0,0,3,1,6,1,54,8,800,1,18,2,1,2
2016471603772,1,9,0,5,0,1,0,0,0,0,0,1,6,1,50,8,999,1,3,1,1,1
2016471603772,2,1,0,7,9,6,0,0,0,0,4,1,2,1,22,5,-1,-1,-1,7,1,7
2016471603773,1,4,0,15,0,4,0,0,0,0,1,1,6,1,39,7,1052,1,20,9,1,9
2016471603773,2,9,0,4,0,1,0,0,0,0,4,1,6,2,55,8,1124,1,8,9,1,9
2016471603775,1,9,0,18,0,6,0,0,0,0,3,1,6,1,76,11,1596,1,11,3,1,3
2016471603775,2,9,0,18,0,8,0,0,0,0,1,1,6,2,54,8,1591,1,-1,9,1,9
2016471603777,1,8,0,18,0,0,0,0,0,0,3,1,6,2,23,5,1598,1,2,4,1,4
2016471603778,1,3,0,17,0,8,1,0,1,0,1,1,6,1,18,4,124,1,1,4,2,4
2016471603779,1,9,0,16,0,0,5,0,0,0,1,1,6,1,20,4,1490,1,11,5,3,5
2016471603783,1,9,0,16,0,0,0,0,7,4,1,1,6,1,21,5,1149,1,14,9,2,9
2016471603784,1,5,0,16,0,2,1,0,7,0,3,1,6,1,42,7,918,1,17,3,1,3
2016471603784,2,9,0,18,0,2,0,0,0,0,3,1,6,1,63,9,2000,2,11,7,2,7
2016471603784,3,19,0,18,0,2,0,0,0,0,1,1,6,1,55,8,1997,2,4,10,3,10
2016471603785,1,9,0,9,0,5,0,0,0,0,1,1,2,2,51,8,1686,2,4,10,1,10
2016471603785,2,5,0,18,0,8,0,0,1,11,1,1,2,1,52,8,1170,1,2,8,1,8
2016471603788,1,20,0,9,0,5,0,0,0,0,1,1,6,1,49,8,-1,-1,-1,1,1,1
2016471603788,2,1,0,18,0,1,0,0,1,0,1,1,6,1,42,7,-1,-1,-1,9,1,9
2016471603797,1,9,0,18,0,0,0,0,0,0,1,1,6,1,17,4,998,1,27,10,1,10
2016471603797,2,9,0,18,0,0,0,0,0,0,2,1,6,1,51,8,1679,1,17,5,1,5
2016471603799,1,9,0,4,0,2,0,0,0,0,1,1,6,2,20,4,1390,1,11,1,1,1
2016471603799,2,9,0,4,0,2,0,0,0,0,0,1,6,2,56,9,1560,2,3,7,1,7
2016471603801,1,9,0,5,0,1,0,0,0,0,1,1,6,1,70,10,1598,1,11,1,1,1
2016471603801,2,5,0,5,0,1,0,0,0,0,4,1,6,1,34,6,599,1,3,7,1,7
2016471603804,1,9,0,3,0,0,0,0,0,0,4,1,6,1,69,10,1498,1,17,1,1,1
2016471603804,2,1,0,18,0,0,0,0,0,0,4,1,6,1,21,5,-1,-1,-1,2,1,2
2016471603806,1,9,0,5,0,1,0,0,0,0,1,1,6,2,18,4,996,1,8,8,1,8
2016471603807,1,3,0,16,0,0,1,0,8,7,1,1,6,1,21,5,124,1,4,9,1,9
2016471603808,1,9,0,4,0,0,0,0,0,0,1,1,6,2,62,9,1686,2,2,2,1,2
2016471603808,2,9,0,3,0,0,0,0,0,0,2,1,6,1,36,7,1582,2,6,5,1,5
2016471603809,1,9,0,18,0,4,0,0,0,0,3,1,6,2,18,4,1753,2,9,1,1,1
2016471603809,2,9,0,9,0,3,0,0,0,0,4,1,6,2,27,6,1598,2,5,6,1,6
2016471603810,1,5,0,17,0,0,1,0,0,0,0,1,6,1,63,9,1197,1,1,6,3,6
2016471603812,1,8,0,18,0,8,0,0,0,0,1,1,1,1,23,5,1582,2,7,3,1,3
2016471603812,2,9,0,18,0,8,0,0,0,0,3,1,1,2,60,9,1997,2,11,3,1,3
2016471603816,1,9,0,16,0,0,0,0,8,4,1,1,6,1,22,5,1598,1,15,10,3,10
2016471603817,1,9,0,18,0,4,1,9,0,7,1,1,6,2,20,4,1596,1,14,5,1,5
2016471603821,1,9,0,10,0,6,0,0,0,0,3,1,6,1,84,11,1298,1,11,7,1,7
2016471603821,2,4,0,18,0,1,0,0,0,0,1,1,6,1,27,6,124,1,-1,2,1,2
2016471603825,1,9,0,18,0,0,0,0,0,0,1,1,2,1,22,5,1598,1,15,-1,-1,-1
2016471603825,2,9,0,3,0,0,0,0,0,0,2,1,6,2,18,4,995,1,12,3,1,3
2016471603825,3,9,0,1,0,0,0,0,0,0,4,1,6,2,40,7,-1,-1,-1,-1,-1,-1
2016471603826,1,9,0,9,0,1,0,0,0,0,1,1,6,1,45,7,-1,-1,-1,-1,-1,-1
2016471603826,2,1,0,18,0,1,0,0,0,0,3,1,1,1,55,8,-1,-1,-1,8,1,8
2016471603828,1,19,0,18,0,0,0,0,0,0,1,1,1,1,40,7,2461,2,6,6,3,6
2016471603828,2,9,0,4,0,0,0,0,4,6,2,1,6,2,65,9,1198,1,5,6,2,6
2016471603829,1,19,0,18,0,1,1,0,0,0,1,1,1,1,21,5,2198,2,4,5,1,5
2016471603829,2,9,0,10,0,5,0,0,0,0,2,1,6,2,51,8,1598,1,14,6,2,6
2016471603830,1,9,0,18,0,4,0,0,0,0,3,1,6,2,58,9,1896,2,6,9,1,9
2016471603830,2,1,0,9,0,8,0,0,0,0,1,1,1,1,52,8,-1,-1,-1,9,1,9
2016471603831,1,9,0,16,0,0,1,0,0,0,3,1,6,1,20,4,1598,1,13,9,3,9
2016471603831,2,1,0,17,0,0,0,0,1,0,3,1,6,1,40,7,-1,-1,-1,9,1,9
2016471603834,1,21,0,1,0,0,0,0,0,0,2,1,6,1,30,6,-1,-1,-1,-1,-1,-1
2016471603834,2,9,0,18,0,0,0,0,0,0,4,1,6,2,29,6,1242,1,7,6,1,6
2016471603835,1,9,0,18,0,8,0,0,0,0,1,1,6,1,61,9,1595,1,15,6,1,6
2016471603835,2,5,0,18,0,1,0,0,0,0,2,1,6,1,26,6,929,1,15,7,1,7
2016471603837,1,9,0,12,0,0,1,0,5,6,3,1,6,2,19,4,1299,1,16,3,1,3
2016471603838,1,9,0,18,0,3,0,0,0,0,1,2,6,1,53,8,-1,-1,-1,-1,-1,-1
2016471603838,2,1,0,18,0,4,0,0,0,0,1,1,6,2,54,8,-1,-1,-1,4,1,4
2016471603841,1,11,0,18,0,1,0,0,0,0,4,1,6,1,64,9,-1,-1,-1,6,1,6
2016471603843,1,9,0,5,0,1,0,0,0,0,3,1,6,2,65,9,1242,1,7,5,3,5
2016471603843,2,1,0,13,0,1,0,0,0,0,3,1,6,2,24,5,-1,-1,-1,8,1,8
2016471603844,1,9,0,18,0,1,1,0,0,0,1,1,6,1,67,10,1988,2,10,10,1,10
2016471603844,2,9,0,18,0,1,5,0,0,0,4,1,1,2,43,7,1248,1,1,8,1,8
2016471603845,1,9,0,14,0,0,0,0,0,0,4,1,6,1,62,9,2902,2,7,6,1,6
2016471603845,2,9,0,2,0,0,0,0,0,0,3,1,6,1,23,5,1229,1,9,9,1,9
2016471603847,1,19,0,18,0,0,0,0,0,0,1,1,1,1,40,7,2402,2,16,8,1,8
2016471603847,2,1,0,18,0,0,0,0,1,0,2,1,1,2,31,6,-1,-1,-1,2,1,2
2016471603848,1,9,0,18,0,0,0,0,0,0,1,1,6,2,73,10,1390,1,12,6,3,6
2016471603848,2,9,0,18,0,0,0,0,0,0,2,1,6,1,55,8,1598,1,8,10,1,10
2016471603849,1,9,0,2,0,0,0,0,0,0,3,1,6,1,41,7,1598,1,6,6,3,6
2016471603849,2,1,0,18,0,0,0,0,0,0,1,1,1,1,49,8,-1,-1,-1,1,1,1
2016471603850,1,9,0,18,0,2,0,0,0,0,1,1,6,2,21,5,2494,1,14,7,1,7
2016471603851,1,9,0,18,0,0,0,0,0,0,3,1,6,1,43,7,-1,-1,-1,5,1,5
2016471603851,2,9,0,18,0,0,0,0,0,0,4,1,6,1,35,6,1997,2,5,8,1,8
2016471603854,1,8,0,2,2,2,0,0,0,0,3,1,6,1,57,9,1598,2,3,1,1,1
2016471603854,2,1,0,18,2,2,0,8,0,0,1,1,2,2,20,4,-1,-1,-1,4,1,4
2016471603855,1,19,0,9,0,2,0,0,0,0,3,1,1,1,38,7,-1,-1,-1,9,1,9
2016471603855,2,11,0,18,0,1,0,0,0,0,4,1,1,1,52,8,3900,2,12,1,1,1
2016471603856,1,5,0,17,0,0,0,0,1,4,1,1,6,1,47,8,636,1,14,3,1,3
2016471603861,1,9,0,18,0,0,0,0,0,0,1,1,6,2,19,4,1391,1,17,10,2,10
2016471603861,2,9,0,4,0,0,0,0,0,0,0,1,6,2,40,7,2184,2,-1,7,1,7
2016471603862,1,1,0,18,0,0,0,0,0,0,3,1,2,1,19,4,-1,-1,-1,9,3,9
2016471603862,2,9,0,13,0,0,0,0,0,0,4,1,1,3,-1,-1,-1,-1,-1,-1,-1,-1
2016471603863,1,19,0,18,0,8,0,0,0,0,4,1,6,3,30,6,-1,-1,-1,-1,-1,-1
2016471603863,2,1,0,18,0,8,0,0,0,0,2,1,6,1,28,6,-1,-1,-1,3,1,3
2016471603864,1,9,0,9,0,6,0,0,0,0,3,1,6,1,87,11,1242,1,6,4,1,4
2016471603864,2,9,0,18,0,1,0,0,0,0,1,1,1,1,28,6,1461,2,2,1,1,1
2016471603866,1,19,0,10,0,4,0,0,0,0,1,1,6,1,20,4,-1,-1,-1,5,1,5
2016471603866,2,1,0,18,0,8,0,0,0,0,4,1,6,1,21,5,-1,-1,-1,10,1,10
2016471603869,1,9,0,5,0,8,0,0,0,0,1,1,6,3,-1,-1,1948,2,16,-1,-1,-1
2016471603869,2,1,0,18,0,8,0,0,0,0,1,1,1,1,34,6,-1,-1,-1,7,1,7
2016471603874,1,11,0,18,0,0,0,0,0,0,4,1,1,1,57,9,6700,2,8,4,1,4
2016471603874,2,9,0,3,0,0,0,0,0,0,3,1,6,2,19,4,1198,1,14,6,1,6
2016471603875,1,9,0,18,0,2,0,0,0,0,2,1,6,1,43,7,999,1,15,1,1,1
2016471603876,1,9,0,18,0,1,0,0,0,0,1,1,6,1,18,4,1248,1,4,10,1,10
2016471603876,2,9,0,18,0,3,0,0,0,0,1,1,6,2,26,6,1390,1,4,6,1,6
2016471603879,1,3,0,15,0,1,0,0,0,0,1,1,6,1,26,6,124,1,17,1,1,1
2016471603879,2,9,0,9,0,8,0,0,0,0,4,1,6,1,71,10,1988,1,12,3,1,3
2016471603881,1,19,0,16,0,0,1,0,0,0,4,1,1,1,35,6,-1,-1,-1,7,1,7
2016471603881,2,19,0,17,0,0,0,0,0,0,1,1,1,1,40,7,-1,-1,-1,3,2,3
2016471603882,1,9,0,13,0,5,0,0,0,0,4,1,6,2,50,8,-1,-1,-1,-1,-1,-1
2016471603882,2,1,0,18,0,1,0,0,0,0,3,1,2,1,28,6,-1,-1,-1,6,1,6
2016471603883,1,9,0,17,0,0,1,0,8,4,1,1,6,2,20,4,1360,1,13,9,2,9
2016471603884,1,9,0,7,0,2,0,0,0,0,0,1,6,2,70,10,998,1,12,6,1,6
2016471603884,2,3,0,18,0,1,1,0,0,0,3,1,1,1,26,6,114,1,2,7,1,7
2016471603885,1,9,0,9,0,6,0,0,0,0,2,1,6,2,30,6,1198,1,8,6,1,6
2016471603885,2,9,0,18,0,8,0,0,0,0,1,1,6,2,61,9,1396,1,13,3,1,3
2016471603886,1,9,0,18,0,0,0,0,0,0,1,1,6,1,43,7,1968,2,8,8,2,8
2016471603886,2,9,0,18,0,0,0,0,0,0,1,1,6,1,50,8,2987,2,7,7,1,7
2016471603887,1,8,0,18,0,3,0,0,0,0,3,1,1,1,53,8,1997,2,2,1,1,1