Accident_Index,Vehicle_Reference,Vehicle_Type,Towing_and_Articulation,Vehicle_Manoeuvre,Vehicle_Location-Restricted_Lane,Junction_Location,Skidding_and_Overturning,Hit_Object_in_Carriageway,Vehicle_Leaving_Carriageway,Hit_Object_off_Carriageway,1st_Point_of_Impact,Was_Vehicle_Left_Hand_Drive?,Journey_Purpose_of_Driver,Sex_of_Driver,Age_of_Driver,Age_Band_of_Driver,Engine_Capacity_(CC),Propulsion_Code,Age_of_Vehicle,Driver_IMD_Decile,Driver_Home_Area_Type,Vehicle_IMD_Decile
2016471603887,2,1,0,18,0,3,0,0,0,0,1,1,6,1,20,4,-1,-1,-1,3,1,3
2016471603887,3,8,0,18,0,3,0,0,0,0,1,1,1,1,39,7,1997,2,2,3,1,3
2016471603890,1,9,0,9,0,8,0,0,0,0,1,1,2,1,40,7,2179,2,4,7,1,7
2016471603890,2,9,0,18,0,1,0,0,1,1,1,1,2,1,59,9,3600,1,13,8,3,8
2016471603894,1,19,0,1,9,1,0,0,1,0,2,1,3,1,34,6,1598,2,-1,10,1,10
2016471603895,1,9,0,18,0,0,0,0,0,0,0,1,6,1,60,9,1598,1,5,8,1,8
2016471603895,2,1,0,18,0,0,1,0,0,0,0,1,6,1,41,7,-1,-1,-1,8,1,8
2016471603897,1,9,0,16,0,3,1,0,0,0,1,1,6,1,89,11,1339,1,11,5,3,5
2016471603897,2,9,0,17,0,1,1,0,0,0,3,1,6,1,47,8,2720,2,11,8,3,8
2016471603898,1,4,0,18,0,7,0,0,0,0,1,1,6,1,17,4,125,1,12,8,3,8
2016471603898,2,9,0,12,0,1,0,0,0,0,2,1,6,1,35,6,1999,2,1,6,1,6
2016471603899,1,9,0,9,0,6,0,0,0,0,3,1,2,2,39,7,1560,2,1,5,1,5
2016471603899,2,5,0,18,0,8,0,0,0,0,1,1,2,2,35,6,798,1,7,10,1,10
2016471603901,1,9,0,18,0,8,0,0,0,0,1,1,1,1,48,8,1560,2,1,2,1,2
2016471603901,2,9,0,18,0,8,0,0,0,0,3,1,2,1,48,8,1242,1,7,9,3,9
2016471603902,1,9,0,18,0,0,0,0,0,0,3,1,3,1,45,7,2400,2,-1,7,3,7
2016471603904,1,19,0,1,0,1,0,0,0,0,2,1,6,3,30,6,-1,-1,-1,-1,-1,-1
2016471603905,1,19,0,1,0,1,0,0,0,0,2,1,6,1,60,9,-1,-1,-1,-1,-1,-1
2016471603905,2,9,0,8,0,1,0,0,0,0,1,1,2,2,18,4,1149,1,7,9,1,9
2016471603906,1,9,0,5,0,4,0,0,0,0,1,2,6,1,23,5,-1,-1,-1,3,1,3
2016471603906,2,9,0,5,0,4,0,0,0,0,2,1,6,2,23,5,1149,1,5,8,1,8
2016471603909,1,9,0,9,0,2,0,0,0,0,3,1,6,2,68,10,1587,1,12,5,2,5
2016471603910,1,9,0,10,0,6,0,0,0,0,4,1,6,1,70,10,1498,1,9,8,1,8
2016471603910,2,1,0,18,5,1,0,4,0,0,1,1,4,1,17,4,-1,-1,-1,7,1,7
2016471603911,1,8,0,9,0,5,0,0,0,0,0,2,6,1,48,8,1997,1,26,8,1,8
2016471603911,2,3,0,18,2,1,1,0,0,0,0,1,6,1,33,6,125,1,4,8,1,8
2016471603912,1,5,0,18,0,1,0,0,0,0,1,1,6,1,31,6,599,1,10,2,1,2
2016471603912,2,9,0,18,0,1,0,0,0,0,2,1,1,2,38,7,998,1,3,3,1,3
2016471603913,1,9,0,18,0,0,0,0,0,0,1,1,6,2,66,10,1108,1,6,5,2,5
2016471603913,2,9,0,18,0,0,0,0,0,0,1,1,6,2,21,5,1242,1,10,4,1,4
2016471603915,1,2,0,18,0,8,0,0,0,0,1,1,6,1,37,7,124,1,11,2,1,2
2016471603915,2,9,0,8,0,8,0,0,0,0,2,1,6,2,27,6,1956,2,6,7,1,7
2016471603915,3,19,0,7,0,6,0,0,0,0,0,1,6,3,46,8,-1,-1,-1,-1,-1,-1
2016471603916,1,3,0,4,0,1,0,0,1,0,1,1,2,1,27,6,124,1,14,7,1,7
2016471603916,2,9,0,10,0,1,0,0,0,0,2,1,2,2,41,7,2995,1,14,10,1,10
2016471603918,1,9,0,18,0,0,0,0,0,0,4,1,6,2,22,5,1229,1,10,7,1,7
2016471603919,1,21,0,9,0,8,5,0,0,2,4,1,1,1,36,7,10677,2,2,2,1,2
2016471603920,1,9,0,5,0,1,0,0,0,0,1,1,6,1,89,11,1248,1,3,8,1,8
2016471603920,2,21,0,5,0,2,0,0,0,0,0,1,1,1,52,8,-1,-1,-1,2,1,2
2016471603921,1,9,0,1,9,2,0,0,0,0,2,1,6,2,61,9,2231,2,7,6,3,6
2016471603924,1,19,0,18,0,8,0,0,0,0,1,1,1,3,-1,-1,2143,2,1,-1,-1,-1
2016471603925,1,9,0,9,0,5,0,0,1,0,2,1,6,2,69,10,1197,1,3,8,3,8
2016471603925,2,1,0,18,0,1,0,0,0,0,1,1,6,1,40,7,-1,-1,-1,10,1,10
2016471603928,1,19,0,18,0,0,0,0,0,0,4,1,6,3,50,8,-1,-1,-1,-1,-1,-1
2016471603928,2,19,0,2,0,0,0,0,0,0,0,1,6,3,-1,-1,-1,-1,-1,-1,-1,-1
2016471603929,1,9,0,9,0,6,0,0,0,0,1,1,6,1,26,6,1794,1,13,6,1,6
2016471603929,2,5,0,14,0,1,1,0,0,0,1,1,6,1,22,5,599,1,2,3,1,3
2016471603933,1,19,0,9,0,6,0,0,0,0,1,1,1,1,44,7,2198,2,6,4,3,4
2016471603933,2,9,0,4,0,1,0,0,0,0,3,1,6,1,40,7,1590,1,11,6,1,6
2016471603933,3,9,0,3,0,2,0,0,0,0,3,1,1,1,48,8,1560,2,5,10,1,10
2016471603934,1,9,0,18,0,0,0,0,1,0,1,1,6,1,47,8,1124,1,14,-1,-1,-1
2016471603934,2,9,0,18,0,0,0,0,1,0,1,1,6,1,38,7,1198,1,10,1,1,1
2016471603936,1,9,0,18,0,0,0,4,0,0,1,1,6,2,28,6,1798,1,11,6,2,6
2016471603936,2,19,0,2,0,0,0,4,0,0,2,1,6,3,-1,-1,1598,2,1,-1,-1,-1
2016471603936,3,9,0,2,0,0,0,0,0,0,2,1,6,3,-1,-1,1596,1,1,-1,-1,-1
2016471603937,1,9,0,17,0,0,0,0,1,3,1,1,6,1,22,5,-1,-1,-1,9,1,9
2016471603938,1,9,0,5,0,0,0,0,0,0,0,1,6,1,30,6,1995,2,8,10,1,10
2016471603938,2,11,0,18,0,0,0,0,0,0,0,1,1,1,44,7,4500,2,9,8,1,8
2016471603939,1,9,0,16,0,0,0,0,7,10,1,1,6,2,87,11,1149,1,-1,8,3,8
2016471603939,2,17,0,17,0,0,0,0,0,0,3,1,1,1,55,8,4525,2,1,8,3,8
2016471603941,1,9,0,14,0,0,0,0,0,0,4,1,6,1,64,9,1984,2,5,10,1,10
2016471603941,2,9,0,2,0,0,0,0,0,0,1,1,6,3,-1,-1,1834,1,19,-1,-1,-1
2016471603944,1,1,0,18,0,0,0,0,0,0,1,1,6,1,55,8,-1,-1,-1,10,2,10
2016471603944,2,19,0,2,0,0,0,0,0,0,2,1,1,1,39,7,2143,2,6,6,1,6
2016471603947,1,9,0,18,0,8,1,0,0,0,4,1,6,1,27,6,1988,1,12,8,1,8
2016471603949,1,5,0,18,0,0,1,0,0,0,1,1,6,1,57,9,499,1,17,10,1,10
2016471603950,1,9,0,1,0,2,0,0,0,0,2,1,6,1,25,5,1595,1,8,-1,-1,-1
2016471603950,2,9,0,3,0,4,0,0,0,0,1,1,6,2,26,6,1199,1,12,-1,-1,-1
2016471603951,1,9,0,17,0,1,0,0,7,11,1,1,6,2,39,7,1461,2,5,6,1,6
2016471603956,1,9,0,18,0,0,0,0,0,0,1,1,6,1,36,7,1984,1,11,2,1,2
2016471603956,2,9,0,4,0,0,0,0,0,0,2,1,6,1,70,10,1597,1,19,7,1,7
2016471603956,3,9,0,3,0,0,0,0,0,0,2,1,6,2,62,9,1995,2,4,8,1,8
2016471603957,1,9,0,18,0,0,5,4,0,0,4,1,6,1,61,9,1591,1,2,4,1,4
2016471603957,2,9,0,2,0,0,0,4,0,0,1,1,6,3,-1,-1,1388,1,12,-1,-1,-1
2016471603957,3,9,0,2,0,0,0,0,0,0,2,1,6,3,-1,-1,1497,1,14,-1,-1,-1
2016471603958,1,8,0,9,0,8,5,0,0,0,3,1,1,1,53,8,1598,1,3,2,1,2
2016471603958,2,19,0,18,0,8,0,0,0,0,1,1,1,1,61,9,2143,2,7,4,1,4
2016471603959,1,5,0,14,0,1,0,0,0,0,1,1,6,1,49,8,999,1,6,6,1,6
2016471603959,2,9,0,9,0,8,0,0,0,0,3,1,6,2,25,5,1997,2,7,9,2,9
2016471603962,1,9,0,18,0,1,0,0,0,0,1,1,6,2,63,9,1598,1,16,7,1,7
2016471603962,2,9,0,10,0,1,0,0,0,0,2,1,6,1,34,6,973,1,13,2,1,2
2016471603963,1,9,0,18,0,1,0,0,0,0,1,1,6,1,36,7,1229,1,10,2,1,2
2016471603963,2,9,0,18,0,1,0,0,0,0,2,1,6,2,48,8,1995,2,1,9,1,9
2016471603964,1,9,0,9,0,6,0,0,0,0,3,1,6,2,43,7,1560,2,8,9,1,9
2016471603964,2,9,0,18,0,8,1,0,0,0,1,1,6,1,48,8,1834,1,15,8,2,8
2016471603965,1,9,0,4,0,0,0,0,1,11,1,1,6,2,67,10,996,1,7,6,2,6
2016471603965,2,9,0,2,9,0,0,0,0,0,3,1,6,3,-1,-1,-1,-1,-1,-1,-1,-1
2016471603965,3,9,0,2,9,0,0,0,0,0,3,1,6,3,-1,-1,1198,1,6,-1,-1,-1
2016471603966,1,19,0,18,0,8,1,0,0,0,1,1,6,3,-1,-1,1998,2,14,-1,-1,-1
2016471603966,2,9,0,9,0,8,1,0,0,0,3,1,6,2,46,8,1896,2,11,7,1,7
2016471603971,1,9,0,5,0,0,0,4,0,0,1,1,6,1,24,5,1910,2,11,6,3,6
2016471603971,2,3,0,3,0,0,0,0,0,0,2,1,6,1,29,6,124,1,-1,4,1,4
2016471603972,1,9,0,18,0,0,0,0,0,0,3,1,6,2,55,8,1199,1,2,-1,-1,-1
2016471603972,2,1,0,18,4,0,0,0,0,0,3,1,6,1,52,8,-1,-1,-1,7,1,7
2016471603973,1,9,0,18,0,0,0,0,0,0,3,1,3,2,29,6,1991,2,7,2,1,2
2016471603973,2,9,0,18,0,0,0,0,0,0,3,1,6,1,69,10,1997,1,16,3,1,3
2016471603978,1,9,0,9,0,2,0,0,0,0,4,1,2,2,27,6,1461,2,1,8,3,8
2016471603978,2,5,0,18,0,1,0,0,0,0,4,1,2,2,56,9,1255,1,4,8,1,8
2016471603982,1,9,0,5,0,0,0,0,0,0,1,1,6,2,48,8,2777,2,7,8,3,8
2016471603982,2,9,0,18,0,0,0,0,0,0,1,1,1,1,30,6,-1,-1,-1,10,1,10
2016471603984,1,9,0,1,0,2,0,0,7,10,1,1,6,1,75,10,1339,1,12,9,2,9
2016471603989,1,9,0,18,0,4,0,0,0,0,1,1,6,2,44,7,2171,2,13,1,1,1
2016471603989,2,9,0,3,0,4,0,0,0,0,2,1,6,1,41,7,1360,1,16,9,1,9
2016471603990,1,9,0,18,0,8,0,0,0,0,3,1,6,1,36,7,-1,-1,-1,7,1,7
2016471603990,2,9,0,18,0,3,0,0,0,0,4,1,2,1,35,6,1997,2,8,4,1,4
2016471603991,1,9,0,7,0,5,0,0,0,0,4,1,6,2,31,6,1587,1,14,8,1,8
2016471603991,2,1,0,18,4,8,0,0,0,0,3,1,6,1,30,6,-1,-1,-1,4,1,4
2016471603992,1,11,0,18,0,2,0,0,0,0,0,1,6,2,38,7,5132,2,-1,2,1,2
2016471603997,1,9,0,18,0,4,0,0,0,0,1,1,6,1,30,6,1600,1,17,3,1,3
2016471603997,2,9,0,18,0,8,0,0,0,0,4,1,6,2,60,9,1199,2,3,4,1,4
2016471603998,1,9,0,18,0,0,2,0,2,9,1,1,6,1,58,9,5000,1,1,7,3,7
2016471603999,1,3,0,9,0,6,0,0,0,0,1,1,2,1,33,6,124,1,2,8,3,8
2016471603999,2,9,0,18,0,8,0,0,0,0,1,1,2,1,41,7,2148,2,10,5,3,5
2016471604000,1,9,0,9,0,6,0,0,0,0,3,1,6,2,29,6,1587,1,9,6,1,6
2016471604000,2,5,0,18,0,8,0,0,0,0,1,1,6,2,58,9,903,1,1,1,1,1
2016471604001,1,19,0,18,0,0,0,0,8,10,3,1,1,1,55,8,2148,2,14,3,1,3
2016471604001,2,21,1,18,0,0,0,0,0,0,4,1,1,1,49,8,12777,2,1,5,2,5
2016471604003,1,1,0,18,9,6,0,0,0,0,1,1,6,2,54,8,-1,-1,-1,6,3,6
2016471604003,2,9,0,7,0,3,0,0,0,0,4,1,2,1,50,8,1197,1,1,6,3,6
2016471604006,1,9,0,9,0,5,0,0,0,0,4,1,2,2,51,8,1685,2,-1,2,1,2
2016471604006,2,1,0,15,0,1,0,0,0,0,4,1,1,1,38,7,-1,-1,-1,6,1,6
2016471604006,3,19,0,3,0,1,0,0,0,0,0,1,6,1,-1,-1,-1,-1,-1,-1,-1,-1
2016471604008,1,9,0,13,0,0,0,0,0,0,1,1,6,1,19,4,1955,1,27,6,3,6
2016471604008,2,9,0,18,0,0,0,0,0,0,1,1,1,2,34,6,998,1,1,8,1,8
2016471604009,1,9,0,6,0,8,0,0,0,0,3,1,6,1,21,5,998,1,4,3,1,3
2016471604009,2,1,5,18,0,1,0,0,0,0,1,1,6,1,43,7,-1,-1,-1,6,1,6
2016471604010,1,9,0,17,0,0,0,0,1,1,1,1,6,1,88,11,1339,1,9,10,1,10
2016471604010,2,21,0,18,0,0,1,0,7,1,1,1,1,1,54,8,12777,2,2,4,1,4
2016471604014,1,8,0,18,0,1,0,0,1,0,1,1,1,1,68,10,1560,2,5,3,1,3
2016471604014,2,21,0,18,0,2,1,0,7,11,1,1,1,1,35,6,12777,2,2,3,1,3
2016471604015,1,9,0,9,0,6,0,0,0,0,3,1,6,2,78,11,1299,1,11,9,3,9
2016471604015,2,9,0,18,0,1,0,0,0,0,1,1,6,1,42,7,1086,1,10,7,3,7
2016471604018,1,1,0,18,0,0,0,0,0,0,1,1,6,1,31,6,-1,-1,-1,3,1,3
2016471604018,2,19,0,2,0,0,0,0,0,0,2,1,6,3,-1,-1,1896,2,16,-1,-1,-1
2016471604020,1,5,0,18,0,1,0,0,0,0,1,1,6,1,24,5,988,1,13,6,2,6
2016471604020,2,9,0,4,0,1,0,0,0,0,2,1,6,1,32,6,1587,1,15,5,3,5
2016471604021,1,9,0,4,0,0,0,0,0,0,4,1,1,2,35,6,1998,1,8,6,1,6
2016471604022,1,1,0,18,0,0,0,0,0,0,3,1,6,1,8,2,-1,-1,-1,1,1,1
2016471604022,2,9,0,16,0,0,0,0,0,0,1,1,2,1,52,8,1242,1,11,6,2,6
2016471604023,1,9,0,10,0,1,0,0,0,0,1,1,1,1,32,6,1984,1,7,10,1,10
2016471604023,2,4,0,18,0,1,0,0,0,0,1,1,6,1,43,7,749,1,27,5,1,5
2016471604024,1,9,0,16,0,0,5,0,1,0,4,1,6,1,22,5,1299,1,11,6,1,6
2016471604027,1,9,0,11,2,1,0,0,0,0,2,1,6,2,24,5,998,1,1,9,3,9
2016471604027,2,11,0,18,2,1,0,0,0,0,1,1,1,2,47,8,9000,2,12,2,1,2
2016471604028,1,9,0,4,0,8,0,0,0,0,1,1,6,2,48,8,1781,1,13,2,1,2
2016471604028,2,9,0,3,0,2,0,0,0,0,2,1,6,1,50,8,2993,2,11,5,1,5
2016471604030,1,9,0,18,0,4,0,0,0,0,1,1,6,2,30,6,1598,1,8,6,3,6
2016471604030,2,9,0,3,0,4,0,0,0,0,2,1,6,2,27,6,2295,1,14,9,1,9
2016471604031,1,21,0,8,0,1,0,0,0,0,0,1,1,1,50,8,-1,-1,-1,2,1,2
2016471604031,2,1,0,14,0,1,0,0,0,0,3,1,6,1,33,6,-1,-1,-1,8,1,8
2016471604032,1,9,0,18,0,1,0,0,0,0,1,1,6,2,45,7,2179,2,6,2,1,2
2016471604032,2,9,0,18,0,1,0,0,0,0,2,1,6,1,22,5,2000,1,10,8,1,8
2016471604034,1,9,0,18,0,0,0,0,0,0,1,1,2,1,20,4,1598,1,12,5,3,5
2016471604034,2,9,0,2,6,0,0,0,0,0,2,1,1,1,57,9,-1,-1,-1,4,1,4
2016471604036,1,9,0,6,0,0,0,0,0,0,3,1,6,1,19,4,1390,1,5,3,1,3
2016471604036,2,9,0,18,0,0,0,0,0,0,1,1,6,1,-1,-1,-1,-1,-1,10,3,10
2016471604037,1,9,0,7,0,5,0,4,0,0,1,1,1,2,26,6,1560,2,2,7,1,7
2016471604037,2,9,0,2,0,2,0,10,1,0,2,1,6,3,-1,-1,1598,1,6,-1,-1,-1
2016471604037,3,9,0,18,0,5,0,0,0,0,0,1,6,3,-1,-1,2698,2,6,-1,-1,-1
2016471604038,1,9,0,9,0,2,0,0,0,0,4,1,6,1,20,4,1493,1,17,9,1,9
2016471604038,2,1,0,18,0,1,0,0,0,0,1,1,6,1,20,4,-1,-1,-1,10,1,10
2016471604039,1,9,0,18,0,0,0,0,0,0,1,1,6,1,30,6,1598,1,14,9,1,9
2016471604039,2,19,0,3,0,0,0,0,0,0,2,1,6,1,31,6,1686,2,6,4,1,4
2016471604041,1,19,0,5,0,1,0,0,0,0,1,1,6,1,45,7,2143,2,1,-1,-1,-1
2016471604041,2,9,0,3,0,1,0,0,0,0,2,1,6,2,41,7,2199,2,5,7,1,7
2016471604042,1,9,0,9,0,8,0,0,0,0,1,1,6,2,34,6,1685,2,2,7,1,7
2016471604042,2,1,0,10,0,1,0,0,0,0,0,1,6,1,38,7,-1,-1,-1,4,1,4
2016471604044,1,5,0,9,0,8,0,0,2,10,1,1,6,1,53,8,599,1,22,7,1,7
2016471604044,2,9,0,18,0,8,0,0,0,0,0,1,6,3,-1,-1,-1,-1,-1,-1,-1,-1
2016471604046,1,9,0,14,0,1,0,0,0,0,4,1,6,2,32,6,1490,1,11,4,1,4
2016471604048,1,9,0,1,0,6,0,0,0,0,2,1,6,1,30,6,1997,1,2,5,1,5
2016471604048,2,9,0,18,0,1,0,0,0,0,1,1,6,1,61,9,1995,2,9,9,1,9
2016471604050,1,5,0,18,0,0,1,0,0,0,1,1,6,1,56,9,1832,1,13,8,3,8
2016471604050,2,19,0,18,0,0,0,12,0,0,2,1,6,1,43,7,-1,-1,-1,9,3,9
2016471604054,1,9,0,18,0,1,0,0,0,0,1,1,6,2,50,8,1796,1,10,5,1,5
2016471604054,2,9,0,4,0,1,0,0,0,0,2,1,6,1,45,7,2179,2,7,7,1,7
2016471604054,3,9,0,4,0,1,0,0,0,0,0,1,6,1,50,8,-1,-1,-1,-1,-1,-1
2016471604054,4,9,0,4,0,1,0,0,0,0,0,1,6,1,50,8,-1,-1,-1,-1,-1,-1
2016471604055,1,1,0,18,0,3,0,0,0,0,1,1,6,1,37,7,-1,-1,-1,7,1,7
2016471604055,2,9,0,18,0,3,0,0,0,0,2,1,6,2,54,8,1590,1,15,1,1,1
2016471604057,1,9,0,18,0,1,0,0,0,0,1,1,6,1,19,4,1200,1,-1,-1,-1,-1
2016471604057,2,11,0,3,0,1,0,0,0,0,2,1,1,1,58,9,9360,2,4,4,1,4
2016471604057,3,19,0,2,0,1,0,0,0,0,0,1,1,3,-1,-1,2198,2,4,-1,-1,-1
2016471604058,1,3,0,13,0,0,0,0,0,0,4,1,2,1,19,4,124,1,-1,8,1,8
2016471604058,2,19,0,12,0,0,0,0,0,0,3,1,2,1,33,6,2402,2,6,3,1,3
2016471604059,1,9,0,1,0,1,0,0,0,0,0,1,6,1,40,7,-1,-1,-1,7,1,7
2016471604059,2,11,0,18,0,1,0,0,0,0,0,1,1,1,43,7,9000,2,8,6,1,6
2016471604060,1,9,0,18,0,0,0,0,0,0,2,1,6,2,25,5,1397,1,8,2,1,2
2016471604060,2,1,0,18,0,0,0,0,0,0,1,1,6,1,65,9,-1,-1,-1,8,1,8
2016471604061,1,19,0,1,0,0,0,0,0,0,2,1,6,1,43,7,1997,2,2,3,1,3
2016471604061,2,9,0,18,0,0,0,0,0,0,1,1,1,1,35,6,1984,1,2,6,1,6
2016471604066,1,9,0,9,0,8,0,0,0,0,3,1,6,1,52,8,1998,2,7,2,1,2
2016471604066,2,9,0,18,0,8,0,0,0,0,1,1,6,1,68,10,1598,1,8,5,3,5
2016471604070,1,11,0,5,0,0,0,0,0,0,1,1,1,1,58,9,7300,2,2,4,1,4
2016471604073,1,9,0,17,0,0,0,0,1,11,1,1,2,1,61,9,1299,1,9,5,1,5
2016471604074,1,19,0,2,9,0,0,0,0,0,4,1,1,1,30,6,1560,2,5,-1,-1,-1
2016471604075,1,9,0,18,0,2,0,0,0,0,1,1,6,2,20,4,998,1,2,6,3,6
2016471604075,2,9,0,18,0,2,0,0,0,0,2,1,1,2,34,6,1560,2,3,5,1,5
2016471604075,3,9,0,18,0,2,0,0,0,0,0,1,6,3,-1,-1,-1,-1,-1,-1,-1,-1
2016471604077,1,9,0,8,0,1,0,0,0,0,0,1,6,1,43,7,1390,1,14,3,1,3
2016471604077,2,1,0,8,0,1,0,0,0,0,2,1,6,1,51,8,-1,-1,-1,6,1,6
2016471604080,1,11,0,18,0,1,0,0,0,0,0,1,1,1,41,7,11000,2,11,1,1,1
2016471604083,1,19,0,18,0,1,0,0,0,0,1,1,1,1,38,7,1870,2,10,1,1,1
2016471604083,2,9,0,2,0,1,0,0,0,0,2,1,6,1,52,8,1198,1,9,4,1,4
2016471604083,3,9,0,2,0,2,0,0,0,0,2,1,6,3,-1,-1,1390,1,8,-1,-1,-1
2016471604084,1,9,0,17,0,8,0,0,0,0,4,1,2,2,42,7,1968,2,3,8,2,8
2016471604087,1,9,0,9,0,2,0,0,0,0,1,1,6,1,50,8,1984,1,9,6,3,6
2016471604087,2,9,0,18,0,1,0,0,7,0,1,1,6,1,57,9,1598,1,11,7,3,7
2016471604088,1,9,0,1,0,6,0,0,0,0,2,1,6,3,-1,-1,-1,-1,-1,-1,-1,-1
2016471604088,2,1,0,18,0,2,0,0,0,0,1,1,6,2,21,5,-1,-1,-1,8,1,8
2016471604089,1,9,0,18,0,0,0,4,0,0,1,1,6,1,18,4,1400,1,17,10,1,10
2016471604089,2,9,0,2,0,0,0,0,0,0,1,1,6,3,-1,-1,1796,1,14,-1,-1,-1
2016471604090,1,9,0,18,0,0,0,0,0,0,1,1,6,2,34,6,1598,1,10,10,1,10
2016471604091,1,9,0,9,0,8,5,0,0,0,3,1,6,1,47,8,1598,2,6,5,3,5
2016471604091,2,9,0,18,0,1,0,0,0,0,1,1,6,2,23,5,998,1,4,4,1,4
2016471604092,1,9,0,18,0,0,0,0,0,0,1,1,2,2,21,5,-1,-1,-1,7,3,7
2016471604094,1,9,0,18,0,0,0,0,0,1,1,1,6,1,86,11,1297,1,26,8,1,8
2016471604094,2,9,0,18,0,0,0,0,0,0,2,1,1,1,45,7,1995,2,1,7,1,7
2016471604094,3,9,0,18,0,0,0,0,0,0,1,1,6,2,27,6,1596,1,5,6,2,6
2016471604099,1,21,0,7,0,8,0,0,0,0,4,1,1,1,47,8,9364,2,14,2,1,2
2016471604099,2,1,0,18,4,8,0,0,0,0,1,1,6,1,27,6,-1,-1,-1,1,1,1
2016471604100,1,5,0,16,0,0,1,0,1,0,0,1,6,1,44,7,998,1,11,3,1,3
2016471604101,1,9,0,1,9,1,0,0,0,0,2,1,6,1,71,10,1840,1,17,10,3,10
2016471604103,1,9,0,5,0,1,0,0,0,0,1,1,6,1,35,6,1968,2,9,6,1,6
2016471604103,2,3,0,3,0,1,0,0,0,0,2,1,6,1,34,6,125,1,6,1,1,1
2016471604104,1,9,0,5,0,6,0,0,3,0,1,1,6,2,69,10,1598,2,4,6,3,6
2016471604104,2,9,0,18,0,8,0,0,0,0,1,1,6,1,68,10,1596,1,11,10,2,10
2016471604105,1,9,0,7,0,2,0,0,0,0,3,1,6,1,35,6,1910,2,11,7,1,7
2016471604105,2,9,0,7,0,2,0,0,0,0,4,1,6,1,44,7,1597,2,1,3,1,3
2016471604106,1,19,0,18,0,8,1,0,0,0,1,1,6,1,29,6,2148,2,13,4,1,4
2016471604106,2,9,0,10,0,8,0,0,0,0,0,1,6,1,22,5,998,1,6,5,1,5
2016471604108,1,9,0,5,8,1,0,0,7,11,1,1,6,2,73,10,1339,1,7,7,1,7
2016471604109,1,9,0,7,0,5,0,0,0,0,4,1,6,2,83,11,1769,1,16,9,2,9
2016471604109,2,9,0,2,0,2,0,0,0,0,0,1,6,3,-1,-1,1240,1,13,-1,-1,-1
2016471604111,1,5,0,17,0,2,1,0,1,0,0,1,6,1,43,7,1078,1,9,3,1,3
2016471604112,1,9,0,9,0,2,0,0,0,11,1,1,6,1,23,5,2198,1,9,7,1,7
2016471604114,1,9,0,7,0,1,0,0,0,0,4,1,1,1,59,9,1995,2,5,10,1,10
2016471604114,2,1,0,5,4,1,0,0,0,0,1,1,6,1,27,6,-1,-1,-1,3,1,3
2016471604115,1,9,0,9,0,8,0,0,0,0,1,1,6,1,74,10,1598,1,6,10,1,10
2016471604115,2,1,0,18,0,8,0,0,0,0,1,1,6,1,55,8,-1,-1,-1,10,3,10
2016471604115,3,9,0,9,0,6,0,0,0,0,0,1,6,2,47,8,1242,1,3,9,2,9
2016471604116,1,1,0,18,0,0,0,0,0,0,1,1,6,1,41,7,-1,-1,-1,5,1,5
2016471604116,2,19,0,2,0,0,0,0,0,0,0,1,1,3,-1,-1,-1,-1,-1,-1,-1,-1
2016471604117,1,9,0,9,0,6,0,0,0,0,1,1,6,1,59,9,1596,1,-1,4,1,4
2016471604117,2,9,0,18,0,1,0,0,0,0,4,1,6,2,47,8,1997,2,2,6,1,6
2016471604121,1,9,0,1,0,0,0,0,0,0,2,1,1,1,39,7,4966,7,10,7,1,7
2016471604121,2,9,0,2,0,0,0,0,0,0,1,1,6,3,-1,-1,1364,1,6,-1,-1,-1
2016471604123,1,9,0,18,0,0,0,0,0,0,1,1,6,1,37,7,1975,1,10,6,1,6
2016471604123,2,9,0,18,0,0,0,0,0,0,2,1,6,2,53,8,1991,1,1,5,3,5
2016471604123,3,9,0,4,0,0,0,0,0,0,0,1,6,1,33,6,-1,-1,-1,-1,-1,-1
2016471604124,1,9,0,18,0,1,0,7,1,0,1,1,2,1,22,5,1108,1,15,8,1,8
2016471604125,1,9,0,2,0,0,0,0,0,0,3,1,6,3,-1,-1,1598,1,8,-1,-1,-1
2016471604125,2,1,0,18,0,0,0,8,0,0,2,1,6,1,68,10,-1,-1,-1,4,1,4
2016471604127,1,9,0,4,0,0,0,0,0,0,1,1,2,1,17,4,1397,1,12,5,3,5
2016471604127,2,9,0,4,0,0,0,0,0,0,2,1,2,2,41,7,1248,1,4,9,1,9
2016471604127,3,9,0,2,0,0,0,0,0,0,0,1,6,3,30,6,-1,-1,-1,-1,-1,-1
2016471604135,1,21,0,18,0,0,1,0,0,0,1,1,1,1,27,6,9600,2,17,5,1,5
2016471604135,2,20,0,18,0,0,0,0,1,0,1,1,1,1,41,7,-1,-1,-1,3,1,3
2016471604138,1,9,0,2,0,0,0,0,0,0,3,1,6,1,40,7,1242,1,14,7,1,7
2016471604138,2,1,0,14,0,0,0,8,0,0,1,1,6,2,47,8,-1,-1,-1,9,1,9
2016471604138,3,1,0,18,0,0,0,0,0,0,1,1,6,1,49,8,-1,-1,-1,9,1,9