Accident_Index,Vehicle_Reference,Vehicle_Type,Towing_and_Articulation,Vehicle_Manoeuvre,Vehicle_Location-Restricted_Lane,Junction_Location,Skidding_and_Overturning,Hit_Object_in_Carriageway,Vehicle_Leaving_Carriageway,Hit_Object_off_Carriageway,1st_Point_of_Impact,Was_Vehicle_Left_Hand_Drive?,Journey_Purpose_of_Driver,Sex_of_Driver,Age_of_Driver,Age_Band_of_Driver,Engine_Capacity_(CC),Propulsion_Code,Age_of_Vehicle,Driver_IMD_Decile,Driver_Home_Area_Type,Vehicle_IMD_Decile
2016471604400,2,9,0,18,0,0,0,0,0,0,1,1,6,2,46,8,1910,2,8,8,1,8
2016471604400,3,17,4,18,0,0,0,0,0,0,3,1,1,1,34,6,6728,2,-1,5,3,5
2016471604401,1,9,0,6,0,2,0,0,2,10,1,1,6,2,38,7,1973,1,16,4,1,4
2016471604401,2,8,0,2,0,2,0,0,0,0,4,1,6,3,-1,-1,1997,2,17,-1,-1,-1
2016471604402,1,9,0,18,0,0,0,0,0,0,3,1,6,1,49,8,4197,1,11,9,2,9
2016471604402,2,5,0,13,0,0,0,0,0,0,4,1,6,1,26,6,650,1,14,5,1,5
2016471604402,3,5,0,13,0,0,0,0,0,0,0,1,6,1,26,6,599,1,15,4,1,4
2016471604403,1,19,0,14,0,1,0,0,0,0,1,1,1,1,49,8,2198,2,7,8,1,8
2016471604403,2,11,0,2,0,1,0,0,0,0,0,1,1,1,30,6,-1,-1,-1,-1,-1,-1
2016471604405,1,9,0,18,0,8,0,0,0,0,1,1,6,3,-1,-1,-1,-1,-1,-1,-1,-1
2016471604410,1,9,0,18,0,0,0,0,0,0,1,1,6,1,30,6,1896,2,15,-1,-1,-1
2016471604410,2,9,0,3,0,0,0,0,0,0,2,1,6,2,41,7,1086,1,6,2,1,2
2016471604412,1,9,0,17,0,0,0,0,0,0,3,1,6,1,46,8,1998,1,13,6,2,6
2016471604412,2,1,0,16,0,0,1,0,0,0,1,1,6,1,37,7,-1,-1,-1,5,2,5
2016471604413,1,9,0,9,0,8,0,0,0,0,1,1,6,1,50,8,1968,2,6,9,1,9
2016471604413,2,3,0,10,0,2,0,0,0,0,2,1,6,2,55,8,125,1,5,7,1,7
2016471604415,1,9,0,10,0,5,0,0,0,0,3,1,1,2,62,9,1229,1,5,6,3,6
2016471604415,2,5,0,13,0,1,1,0,7,10,4,1,6,1,74,10,1043,1,3,6,1,6
2016471604417,1,9,0,17,0,0,0,0,0,0,1,1,6,1,60,9,1910,2,10,5,3,5
2016471604417,2,9,0,5,8,0,0,0,0,0,0,1,6,1,-1,-1,-1,-1,-1,-1,-1,-1
2016471604418,1,9,0,18,0,0,0,0,0,0,1,1,6,1,22,5,1199,1,16,2,1,2
2016471604418,2,9,0,18,0,0,0,0,0,0,2,1,6,1,22,5,998,1,-1,2,1,2
2016471604418,3,9,0,18,0,0,0,0,0,0,2,1,6,1,49,8,1598,1,3,7,1,7
2016471604420,1,20,0,9,0,6,0,0,0,0,3,1,1,1,34,6,-1,-1,-1,-1,-1,-1
2016471604420,2,20,0,18,0,1,0,0,0,0,1,1,1,1,46,8,2496,2,20,5,2,5
2016471604422,1,9,0,11,0,3,0,0,0,0,1,1,6,1,40,7,2698,2,9,9,1,9
2016471604422,2,9,0,18,0,3,0,0,0,0,3,1,6,2,18,4,1198,1,9,9,2,9
2016471604425,1,9,0,16,0,0,0,0,0,0,1,1,6,1,26,6,1796,1,12,8,1,8
2016471604425,2,9,0,18,0,0,0,0,0,0,1,1,6,2,27,6,1388,1,10,2,1,2
2016471604425,3,9,0,18,0,0,0,0,0,0,1,1,6,1,49,8,2261,1,10,3,3,3
2016471604432,1,11,0,5,2,0,0,0,0,0,1,1,1,1,55,8,9000,2,7,9,1,9
2016471604432,2,11,0,2,0,0,0,0,0,0,0,1,1,1,30,6,-1,-1,-1,-1,-1,-1
2016471604436,1,9,0,18,0,1,0,0,0,0,1,1,6,1,27,6,1596,1,9,3,1,3
2016471604436,2,9,0,2,0,2,0,0,0,0,2,1,6,3,-1,-1,1753,2,12,-1,-1,-1
2016471604439,1,9,0,9,0,6,0,0,0,0,0,1,6,1,79,11,1493,1,17,10,2,10
2016471604439,2,5,0,18,0,1,0,0,0,0,0,1,6,1,75,10,1063,1,14,9,1,9
2016471604440,1,9,0,18,0,0,0,0,0,0,1,1,6,1,55,8,1368,1,9,9,1,9
2016471604442,1,9,0,4,0,0,0,0,0,0,1,1,6,1,63,9,2143,2,-1,4,1,4
2016471604444,1,9,0,18,0,2,0,0,0,0,1,1,6,3,30,6,-1,-1,-1,-1,-1,-1
2016471604445,1,9,0,3,0,1,0,0,0,0,2,1,6,1,31,6,1587,1,8,1,1,1
2016471604445,2,9,0,3,0,1,0,0,0,0,1,1,6,2,28,6,1368,1,7,9,1,9
2016471604447,1,9,0,18,0,6,0,0,3,1,1,1,6,1,33,6,2993,2,9,4,1,4
2016471604448,1,9,0,9,0,8,0,0,0,0,3,1,6,2,46,8,-1,-1,-1,10,3,10
2016471604448,2,9,0,16,0,1,0,0,0,0,1,1,6,1,29,6,1598,1,1,5,1,5
2016471604449,1,9,0,17,0,8,0,0,0,0,3,1,6,2,56,9,1296,1,8,8,1,8
2016471604451,1,9,0,16,0,0,0,0,7,4,1,1,6,1,20,4,-1,-1,-1,5,3,5
2016471604452,1,9,0,18,0,0,1,0,2,4,1,1,2,2,28,6,1596,1,13,10,1,10
2016471604452,2,9,0,18,0,0,0,0,0,0,0,1,2,1,21,5,1343,1,11,4,1,4
2016471604453,1,9,0,18,0,2,0,0,0,0,1,1,6,2,28,6,1988,1,16,1,1,1
2016471604453,2,9,0,18,0,2,0,0,0,0,1,1,6,1,40,7,998,1,-1,3,1,3
2016471604453,3,9,0,18,0,2,0,0,0,0,2,1,6,1,33,6,1242,1,-1,-1,-1,-1
2016471604454,1,9,0,3,0,1,0,0,0,0,1,1,6,2,31,6,1197,1,4,4,1,4
2016471604454,2,9,0,3,0,1,0,0,0,0,2,1,6,2,49,8,1968,2,5,10,3,10
2016471604454,3,9,0,3,0,1,0,0,0,0,2,1,6,1,68,10,1248,1,5,9,1,9
2016471604456,1,9,0,18,0,0,0,0,0,0,0,1,6,3,40,7,-1,-1,-1,-1,-1,-1
2016471604458,1,9,0,16,0,0,1,10,1,9,3,1,6,2,55,8,1242,1,4,9,1,9
2016471604460,1,3,0,15,0,1,0,0,0,0,1,1,6,1,27,6,124,1,1,5,1,5
2016471604460,2,8,0,2,0,1,0,0,0,0,2,1,1,3,-1,-1,1598,2,6,-1,-1,-1
2016471604461,1,9,0,9,0,6,0,0,0,0,1,1,6,2,36,7,1598,1,11,3,1,3
2016471604461,2,9,0,16,0,8,0,0,0,0,1,1,6,1,51,8,2521,1,13,1,1,1
2016471604462,1,9,0,18,0,8,5,0,0,0,3,1,6,1,24,5,1389,1,18,10,1,10
2016471604462,2,9,0,2,0,1,0,0,0,0,3,1,6,3,-1,-1,2184,2,12,-1,-1,-1
2016471604462,3,9,0,2,0,1,0,0,0,0,2,1,6,3,-1,-1,1910,2,9,-1,-1,-1
2016471604464,1,5,0,18,0,0,1,11,1,10,1,1,6,1,55,8,-1,-1,-1,8,2,8
2016471604466,1,9,0,18,0,8,0,0,0,0,4,1,2,1,58,9,-1,-1,-1,3,1,3
2016471604466,2,1,0,18,0,8,0,0,0,0,1,1,2,2,42,7,-1,-1,-1,4,1,4
2016471604475,1,9,0,18,0,2,0,0,0,0,3,1,6,1,56,9,1995,2,-1,7,3,7
2016471604477,1,9,0,18,0,2,0,0,0,0,3,1,6,1,34,6,1598,1,5,1,1,1
2016471604477,2,11,0,10,0,1,0,0,0,0,0,1,1,1,50,8,-1,-1,-1,-1,-1,-1
2016471604480,1,20,0,7,0,5,0,0,0,0,4,1,6,1,62,9,-1,-1,-1,3,1,3
2016471604480,2,1,0,18,4,1,0,0,0,0,1,1,6,1,35,6,-1,-1,-1,6,1,6
2016471604482,1,8,0,7,0,6,0,0,0,0,1,1,1,2,50,8,1598,2,3,1,1,1
2016471604482,2,1,0,18,4,8,0,0,0,0,4,1,6,2,51,8,-1,-1,-1,6,1,6
2016471604485,1,9,0,18,0,3,0,0,0,0,1,1,2,1,41,7,2171,2,13,7,1,7
2016471604488,1,9,0,6,0,0,0,0,0,0,3,1,6,2,20,4,-1,-1,-1,-1,-1,-1
2016471604488,2,1,0,14,0,0,0,0,0,0,1,1,6,1,36,7,-1,-1,-1,5,1,5
2016471604489,1,19,0,9,0,5,0,0,0,0,1,1,1,1,40,7,1598,2,1,4,1,4
2016471604489,2,5,0,18,0,1,0,0,0,0,1,1,6,1,54,8,1170,1,11,2,3,2
2016471604489,3,90,0,10,0,6,0,0,0,0,0,1,6,3,-1,-1,-1,-1,-1,-1,-1,-1
2016471604490,1,9,0,8,0,6,0,0,0,0,1,1,6,1,28,6,998,1,12,5,1,5
2016471604490,2,3,0,10,0,2,0,0,0,0,2,1,6,1,26,6,124,1,4,4,1,4
2016471604491,1,9,0,4,0,1,0,0,0,0,1,1,6,2,18,4,998,1,9,4,1,4
2016471604491,2,9,0,4,0,1,0,0,0,0,2,1,6,1,48,8,1598,1,1,9,1,9
2016471604492,1,9,0,7,0,6,1,0,6,2,3,1,6,1,40,7,3799,1,4,3,1,3
2016471604493,1,9,0,6,0,8,0,0,0,0,3,1,6,1,20,4,1248,2,10,4,1,4
2016471604493,2,11,0,18,0,1,1,0,0,0,1,1,1,1,37,7,9000,2,8,4,1,4
2016471604494,1,9,0,7,0,8,0,0,0,0,4,1,6,1,29,6,-1,-1,-1,4,1,4
2016471604494,2,8,0,18,0,8,0,0,0,0,3,1,1,1,27,6,2143,2,1,4,1,4
2016471604495,1,9,0,12,0,0,0,0,0,0,0,1,6,3,-1,-1,-1,-1,-1,-1,-1,-1
2016471604495,2,9,0,18,0,0,1,0,5,6,1,1,2,2,38,7,1596,1,9,9,1,9
2016471604502,1,5,0,14,0,2,0,0,0,0,4,1,6,1,48,8,1255,1,2,8,1,8
2016471604504,1,9,0,18,0,0,0,4,0,0,3,1,6,2,23,5,1149,1,9,1,1,1
2016471604504,2,9,0,2,0,0,0,0,0,0,4,1,6,3,-1,-1,1910,2,9,-1,-1,-1
2016471604507,1,9,0,18,0,1,0,0,0,0,1,1,6,2,19,4,998,1,5,10,2,10
2016471604507,2,9,0,18,0,1,0,0,0,0,1,1,6,2,81,11,1242,1,7,5,3,5
2016471604514,1,9,0,18,0,0,0,0,0,0,1,1,6,2,75,10,1198,1,4,9,1,9
2016471604514,2,9,0,18,0,0,0,0,0,0,1,1,2,1,62,9,1398,1,1,4,1,4
2016471604515,1,20,0,18,0,1,0,0,0,0,1,1,1,1,41,7,-1,-1,-1,4,1,4
2016471604515,2,9,0,18,0,1,0,0,0,0,1,1,6,2,48,8,1796,1,6,10,3,10
2016471604516,1,9,0,1,9,8,5,0,8,10,2,1,6,2,76,11,1295,1,24,9,3,9
2016471604521,1,5,0,18,0,0,0,0,0,0,1,1,6,1,47,8,599,1,10,6,1,6
2016471604521,2,9,0,3,0,0,0,0,0,0,2,1,6,1,69,10,1998,1,14,9,1,9
2016471604522,1,9,0,4,0,1,0,0,0,0,1,1,6,2,37,7,2179,2,7,7,3,7
2016471604522,2,19,0,4,0,1,0,0,0,0,2,1,1,1,40,7,2143,2,-1,5,1,5
2016471604522,3,9,0,4,0,2,0,0,0,0,2,1,6,2,54,8,1999,1,9,10,1,10
2016471604522,4,9,0,10,0,8,0,0,0,0,2,1,6,1,45,7,1968,2,3,9,1,9
2016471604523,1,9,0,18,0,4,0,0,0,0,1,1,6,1,66,10,1598,1,4,4,1,4
2016471604523,2,9,0,18,0,4,0,0,0,0,2,1,6,1,46,8,1870,2,12,5,1,5
2016471604527,1,19,0,5,0,8,0,0,0,0,1,1,2,1,33,6,1248,2,5,2,1,2
2016471604527,2,9,0,4,0,8,0,0,0,0,2,1,6,1,22,5,3199,1,13,9,2,9
2016471604528,1,9,0,9,0,5,0,0,1,2,1,1,6,1,20,4,1339,1,12,2,1,2
2016471604529,1,9,0,18,0,4,0,0,0,0,1,1,6,2,40,7,1362,1,2,10,1,10
2016471604529,2,1,0,18,0,8,0,0,0,0,4,1,6,1,30,6,-1,-1,-1,9,1,9
2016471604530,1,9,0,17,0,0,0,10,1,4,1,1,6,1,21,5,-1,-1,-1,-1,-1,-1
2016471604532,1,9,0,18,0,1,0,0,0,0,1,1,2,1,20,4,1229,1,10,10,1,10
2016471604532,2,9,0,3,0,1,0,0,0,0,2,1,2,1,39,7,1968,2,6,8,1,8
2016471604532,3,9,0,3,0,1,0,0,0,0,2,1,2,1,47,8,1598,2,1,4,1,4
2016471604532,4,9,0,9,0,1,0,0,0,0,2,1,2,2,29,6,1995,2,10,8,3,8
2016471604534,1,9,0,9,0,8,0,0,0,0,1,1,6,1,19,4,1598,1,8,10,1,10
2016471604534,2,9,0,18,0,8,0,0,0,0,1,1,6,2,36,7,1896,2,9,10,1,10
2016471604536,1,9,0,17,0,0,0,0,0,0,1,1,6,1,34,6,1998,1,12,7,1,7
2016471604536,2,9,0,16,0,0,0,0,0,0,1,1,6,2,61,9,1968,2,3,6,3,6
2016471604537,1,1,0,18,0,0,0,0,0,0,4,1,6,1,12,3,-1,-1,-1,4,1,4
2016471604537,2,9,0,18,0,0,0,0,0,0,1,1,2,2,48,8,2183,2,6,6,1,6
2016471604538,1,8,0,18,0,0,0,0,0,0,1,1,1,1,60,9,1995,2,6,3,1,3
2016471604538,2,9,0,3,0,0,0,0,0,0,2,1,6,1,46,8,1598,1,13,5,1,5
2016471604538,3,9,0,3,0,0,0,0,0,0,2,1,6,1,30,6,-1,-1,-1,-1,-1,-1
2016471604541,1,9,0,18,0,0,1,0,1,0,1,1,6,1,38,7,1598,1,12,8,1,8
2016471604541,2,9,0,18,0,0,0,0,0,0,0,1,1,1,28,6,1598,2,3,5,1,5
2016471604542,1,9,0,16,0,0,0,0,7,11,1,1,6,1,21,5,1781,1,12,5,1,5
2016471604542,2,9,0,16,0,0,0,0,0,0,0,1,1,1,35,6,2993,2,1,8,1,8
2016471604544,1,9,0,18,0,4,2,9,7,7,1,1,6,1,33,6,2295,1,16,4,1,4
2016471604544,2,9,0,18,0,1,0,0,0,0,0,1,1,1,47,8,1997,2,1,1,1,1
2016471604545,1,9,0,7,0,6,0,0,0,0,1,1,6,2,30,6,1896,2,12,3,1,3
2016471604545,2,9,0,18,0,2,0,0,0,0,4,1,6,2,25,5,1197,1,-1,4,1,4
2016471604546,1,9,0,17,0,0,1,0,0,0,1,1,6,1,23,5,1998,1,21,6,2,6
2016471604546,2,9,0,13,0,0,0,0,1,0,3,1,6,1,58,9,1796,1,13,9,3,9
2016471604546,3,16,0,18,0,0,0,0,0,0,0,1,6,2,54,8,-1,-1,-1,9,3,9
2016471604547,1,1,0,18,0,0,0,0,0,0,1,1,6,1,20,4,-1,-1,-1,-1,-1,-1
2016471604547,2,9,0,18,0,0,0,0,0,0,2,1,6,2,45,7,1598,1,10,6,3,6
2016471604548,1,9,0,18,0,1,0,0,0,0,1,1,6,2,25,5,1364,1,9,10,2,10
2016471604548,2,9,0,9,0,1,0,0,0,0,2,1,6,2,61,9,1984,1,-1,5,2,5
2016471604549,1,8,0,18,0,0,0,0,0,0,0,1,1,1,40,7,1997,2,9,6,1,6
2016471604551,1,21,0,18,0,0,0,0,0,0,1,1,6,3,-1,-1,-1,-1,-1,-1,-1,-1
2016471604551,2,9,0,18,0,0,0,0,0,0,1,1,6,1,87,11,1246,1,10,8,3,8
2016471604552,1,19,0,6,0,8,0,0,0,0,4,1,1,2,45,7,1997,2,12,6,1,6
2016471604552,2,1,0,18,0,8,0,0,0,0,1,1,2,1,28,6,-1,-1,-1,7,1,7
2016471604553,1,9,0,7,2,6,0,0,0,0,3,1,6,2,46,8,1598,1,9,7,1,7
2016471604553,2,3,0,18,0,8,0,0,0,0,1,1,6,2,19,4,125,1,1,3,1,3
2016471604554,1,11,0,5,0,1,0,0,0,0,0,1,1,1,56,9,9000,2,8,4,1,4
2016471604555,1,19,0,16,0,0,2,0,0,10,4,1,1,1,43,7,2198,2,2,2,1,2
2016471604556,1,19,0,18,0,1,0,0,0,0,1,1,6,1,45,7,2143,2,3,2,1,2
2016471604556,2,9,0,3,0,1,0,0,0,0,2,1,6,2,25,5,-1,-1,-1,9,1,9
2016471604556,3,9,0,10,0,1,0,0,0,0,0,1,6,3,30,6,-1,-1,-1,-1,-1,-1
2016471604562,1,9,0,18,0,0,0,0,1,10,4,1,6,2,59,9,2000,1,11,7,3,7
2016471604562,2,21,0,18,0,0,0,0,0,0,0,1,6,3,-1,-1,-1,-1,-1,-1,-1,-1
2016471604564,1,3,0,4,0,1,1,0,0,0,3,1,6,1,19,4,125,1,2,8,1,8
2016471604565,1,9,0,18,0,2,0,4,0,0,3,1,6,2,41,7,1685,2,2,2,1,2
2016471604565,2,9,0,2,0,1,0,0,0,0,4,1,6,3,-1,-1,2179,2,6,-1,-1,-1
2016471604569,1,9,0,18,0,1,0,0,0,0,1,1,6,1,25,5,1596,1,17,-1,-1,-1
2016471604569,2,9,0,10,0,1,0,0,0,0,2,1,6,1,30,6,1896,2,15,3,1,3
2016471604570,1,9,0,18,0,0,0,4,1,0,1,1,6,2,34,6,2143,2,1,6,1,6
2016471604570,2,9,0,2,0,0,0,0,0,0,2,1,6,1,87,11,1339,1,3,10,2,10
2016471604573,1,9,0,7,0,2,0,0,0,0,4,1,2,2,62,9,1598,1,9,1,1,1
2016471604573,2,9,0,18,0,2,0,0,0,0,1,1,6,2,42,7,1998,1,17,1,1,1
2016471604574,1,11,0,18,0,1,0,0,0,0,0,1,1,1,46,8,9360,2,5,10,1,10
2016471604575,1,9,0,18,0,1,0,0,0,0,1,1,1,3,-1,-1,-1,-1,-1,-1,-1,-1
2016471604575,2,9,0,4,0,1,0,0,0,0,2,1,6,1,62,9,2987,2,3,7,3,7
2016471604577,1,3,0,18,0,0,0,0,4,0,1,1,6,1,21,5,125,1,1,9,1,9
2016471604577,2,9,3,12,0,0,0,0,0,0,3,1,6,1,66,10,2204,2,8,7,1,7
2016471604578,1,9,0,18,0,0,0,0,0,0,1,1,6,1,74,10,2982,2,14,9,1,9
2016471604578,2,9,0,18,0,0,0,12,0,0,0,1,6,2,47,8,2143,2,3,10,1,10
2016471604581,1,5,0,18,0,1,1,0,0,0,1,1,6,1,25,5,883,1,4,6,2,6
2016471604581,2,1,0,18,0,2,1,0,0,0,1,1,6,1,23,5,-1,-1,-1,6,1,6
2016471604582,1,9,0,18,0,1,0,0,0,0,1,1,6,2,23,5,1197,1,-1,6,1,6
2016471604583,1,3,0,18,0,1,0,0,0,0,1,1,6,1,17,4,124,1,-1,5,1,5
2016471604583,2,9,0,2,0,2,0,0,0,0,3,1,6,3,-1,-1,1198,1,5,-1,-1,-1
2016471604584,1,9,0,18,0,4,0,0,0,0,1,2,6,1,42,7,-1,-1,-1,-1,-1,-1
2016471604584,2,9,0,18,0,3,0,0,0,0,4,1,6,2,26,6,1200,1,-1,8,1,8
2016471604585,1,8,0,9,0,8,0,0,0,0,3,1,1,1,27,6,1995,2,9,3,1,3
2016471604585,2,5,0,13,0,8,0,0,0,0,4,1,6,1,30,6,645,1,11,4,1,4
2016471604589,1,9,0,7,0,1,5,0,1,11,3,1,6,2,23,5,998,1,1,8,1,8
2016471604589,2,9,0,18,0,8,5,0,7,11,1,1,6,1,45,7,2902,2,12,8,3,8
2016471604591,1,19,0,1,0,0,0,0,0,0,2,1,1,1,40,7,-1,-1,-1,-1,-1,-1
2016471604591,2,2,0,4,0,0,0,0,0,0,1,1,6,1,22,5,125,1,-1,6,1,6
2016471604592,1,19,0,7,0,5,0,0,0,0,4,1,6,1,52,8,2148,2,7,6,1,6
2016471604592,2,1,0,18,2,1,0,0,0,0,1,1,6,1,47,8,-1,-1,-1,6,1,6
2016471604593,1,9,0,3,0,0,0,0,0,0,1,1,6,2,34,6,1199,1,14,3,1,3
2016471604593,2,9,0,3,0,0,0,0,0,0,2,1,6,1,33,6,1900,2,11,1,1,1
2016471604594,1,9,0,9,0,6,0,0,0,0,1,1,6,1,71,10,1598,1,5,8,1,8
2016471604594,2,9,0,18,0,8,0,0,0,0,1,1,6,1,26,6,1199,1,13,1,1,1
2016471604598,1,9,0,7,0,5,0,0,0,0,4,1,6,1,46,8,1598,1,1,8,1,8
2016471604599,1,9,0,18,0,4,0,0,0,0,1,1,6,3,-1,-1,-1,-1,-1,-1,-1,-1
2016471604599,2,9,0,18,0,8,0,0,0,0,2,1,6,2,24,5,1390,1,13,2,1,2
2016471604600,1,19,0,9,0,5,0,0,0,0,1,1,1,1,70,10,1870,2,12,9,2,9
2016471604600,2,3,0,18,0,1,0,0,0,0,1,1,2,1,20,4,125,1,3,7,1,7
2016471604601,1,3,0,18,0,2,0,0,0,0,2,1,6,1,32,6,125,1,3,2,1,2
2016471604601,2,1,0,18,2,1,0,0,0,0,1,1,6,1,31,6,-1,-1,-1,3,1,3
2016471604602,1,9,0,9,0,6,0,0,0,0,1,1,6,1,30,6,1390,1,5,9,2,9
2016471604602,2,1,0,18,0,1,0,0,0,0,4,1,6,2,38,7,-1,-1,-1,6,1,6
2016471604603,1,9,0,18,0,0,0,0,0,0,3,1,6,2,44,7,1560,2,-1,6,3,6
2016471604603,2,9,0,18,0,0,0,0,1,0,3,1,6,2,39,7,998,1,15,1,1,1
2016471604606,1,9,0,2,0,0,0,0,0,0,3,1,6,2,35,6,2199,2,5,8,3,8
2016471604606,2,1,0,18,0,0,0,0,0,0,1,1,6,1,45,7,-1,-1,-1,5,1,5
2016471604608,1,9,0,18,0,0,0,0,0,0,1,2,6,1,54,8,-1,-1,-1,-1,-1,-1
2016471604608,2,9,0,3,0,0,0,0,0,0,2,1,6,1,73,10,1386,1,5,8,3,8
2016471604608,3,9,0,18,0,0,0,0,0,0,0,1,1,2,37,7,1997,2,6,8,3,8
2016471604609,1,19,0,18,0,1,0,0,0,0,1,1,1,1,24,5,1968,2,6,8,1,8
2016471604609,2,9,0,10,0,5,0,0,0,0,2,1,6,1,40,7,1560,2,4,6,3,6
2016471604609,3,9,0,18,0,1,0,0,1,11,1,1,6,1,69,10,1242,1,1,5,1,5
2016471604610,1,9,0,18,0,0,0,0,0,0,1,1,6,1,72,10,1339,1,10,9,1,9
2016471604613,1,9,0,5,0,0,0,0,0,0,4,1,6,1,21,5,1299,1,11,10,1,10
2016471604614,1,11,0,5,0,4,0,0,0,0,1,1,1,1,27,6,5883,2,15,4,1,4
2016471604614,2,9,0,5,0,4,0,0,0,0,2,1,6,2,31,6,1995,2,3,5,1,5
2016471604615,1,9,0,9,0,8,0,0,0,0,0,1,6,3,-1,-1,1461,2,2,-1,-1,-1
2016471604615,2,11,0,18,2,1,0,0,0,0,0,1,1,1,26,6,-1,-1,-1,5,1,5
2016471604619,1,9,0,17,0,0,2,0,1,10,1,1,6,1,22,5,1598,1,10,2,1,2
2016471604620,1,9,0,18,0,0,0,0,0,0,1,1,6,2,17,4,1398,2,10,8,1,8
2016471604620,2,9,0,18,0,0,0,0,0,0,2,1,6,2,28,6,1956,2,1,3,1,3
2016471604621,1,9,0,18,0,0,0,0,0,0,1,2,6,3,30,6,-1,-1,-1,-1,-1,-1
2016471604621,2,1,0,18,0,0,0,0,0,0,2,1,2,1,30,6,-1,-1,-1,2,1,2
2016471604622,1,21,0,18,0,0,0,0,0,0,4,1,6,3,30,6,-1,-1,-1,4,3,4
2016471604622,2,19,0,18,0,0,0,0,0,0,4,1,6,1,48,8,2198,2,1,6,3,6
2016471604623,1,9,0,6,0,1,0,0,0,0,0,1,1,1,36,7,-1,-1,-1,7,1,7
2016471604625,1,9,0,9,0,6,0,0,0,0,3,1,6,1,19,4,1390,1,11,-1,-1,-1
2016471604625,2,4,0,18,0,8,0,0,0,0,1,1,6,1,44,7,499,1,15,2,1,2
2016471604627,1,1,0,18,0,1,0,0,0,0,1,1,6,1,15,3,-1,-1,-1,9,1,9
2016471604627,2,9,0,18,0,8,0,0,0,0,4,1,6,1,48,8,2953,2,13,3,1,3
2016471604627,3,21,1,2,0,1,0,0,0,0,0,1,1,1,55,8,10677,2,2,2,1,2
2016471604630,1,9,0,18,0,3,0,0,0,2,1,1,6,1,19,4,1124,1,14,2,1,2
2016471604631,1,4,0,5,0,4,0,0,0,0,1,1,2,1,35,6,647,1,16,9,1,9
2016471604631,2,9,0,5,0,4,0,0,0,0,2,1,6,1,30,6,-1,-1,-1,-1,-1,-1
2016471604633,1,9,0,9,0,8,0,0,0,0,4,1,1,1,36,7,1900,2,12,5,1,5
2016471604633,2,9,0,18,0,8,0,0,0,0,1,1,6,2,54,8,1386,1,4,5,2,5
2016471604634,1,19,0,18,0,3,0,0,0,0,1,1,6,1,52,8,2198,2,3,10,1,10
2016471604634,2,9,0,18,0,3,0,0,0,0,2,1,6,1,30,6,-1,-1,-1,3,1,3
2016471604635,1,5,0,16,0,1,0,0,0,0,1,1,6,1,21,5,645,1,9,4,1,4
2016471604635,2,9,0,17,0,2,1,0,1,0,1,1,6,2,26,6,1149,1,8,10,1,10
2016471604636,1,9,0,18,0,8,0,0,0,0,1,1,6,2,29,6,1598,1,13,3,1,3
2016471604636,2,9,0,5,0,6,0,0,0,0,3,1,6,1,32,6,1587,1,11,5,1,5
2016471604639,1,9,0,7,0,1,0,0,0,0,0,1,6,3,-1,-1,1595,1,8,-1,-1,-1
2016471604639,2,1,0,7,0,1,0,0,0,0,4,1,6,1,32,6,-1,-1,-1,8,3,8
2016471604641,1,9,0,1,0,6,0,0,0,0,2,1,6,1,29,6,2720,2,11,7,1,7
2016471604641,2,9,0,3,0,1,0,0,0,0,1,1,6,2,32,6,1596,1,1,6,1,6
2016471604642,1,9,0,18,0,0,0,0,0,0,4,1,6,1,63,9,1587,1,11,10,1,10
2016471604643,1,9,0,5,0,4,0,0,0,0,1,1,2,2,50,8,998,1,13,6,1,6
2016471604643,2,1,0,18,0,8,0,0,0,0,2,1,6,1,64,9,-1,-1,-1,4,1,4
2016471604645,1,9,0,16,0,0,0,0,0,0,1,1,6,2,76,11,1198,1,9,8,1,8
2016471604645,2,9,0,17,0,0,0,0,0,0,1,1,6,1,43,7,2720,2,9,7,2,7
2016471604648,1,9,0,18,0,0,0,0,0,0,4,1,6,1,74,10,3969,1,18,4,1,4
2016471604648,2,9,0,2,0,0,0,0,0,0,3,1,6,3,-1,-1,1798,1,4,-1,-1,-1
2016471604650,1,9,4,9,0,5,0,0,0,0,4,1,6,1,31,6,2982,2,14,8,1,8
2016471604650,2,5,0,18,0,1,0,0,0,0,1,1,6,1,30,6,1157,1,16,6,1,6
2016471604650,3,9,0,18,0,1,0,0,0,0,1,1,6,2,24,5,1242,1,5,6,2,6
2016471604651,1,9,0,18,0,8,0,0,0,0,1,1,6,2,46,8,1328,1,12,6,3,6
2016471604651,2,9,0,10,0,8,0,0,0,0,2,1,2,2,26,6,1496,2,-1,8,3,8
2016471604652,1,9,0,17,0,0,2,0,1,4,1,1,6,2,19,4,1299,1,14,9,3,9
2016471604657,1,5,0,13,0,0,0,0,1,0,4,1,6,1,32,6,1137,1,16,3,1,3
2016471604657,2,9,0,18,0,0,0,0,0,0,3,1,1,1,26,6,1988,1,15,6,1,6
2016471604657,3,19,0,3,0,0,0,0,0,0,2,1,1,1,53,8,-1,-1,-1,4,1,4
2016471604660,1,4,0,17,0,0,0,0,1,9,1,1,2,1,24,5,124,1,2,9,2,9