Accident_Index,Vehicle_Reference,Vehicle_Type,Towing_and_Articulation,Vehicle_Manoeuvre,Vehicle_Location-Restricted_Lane,Junction_Location,Skidding_and_Overturning,Hit_Object_in_Carriageway,Vehicle_Leaving_Carriageway,Hit_Object_off_Carriageway,1st_Point_of_Impact,Was_Vehicle_Left_Hand_Drive?,Journey_Purpose_of_Driver,Sex_of_Driver,Age_of_Driver,Age_Band_of_Driver,Engine_Capacity_(CC),Propulsion_Code,Age_of_Vehicle,Driver_IMD_Decile,Driver_Home_Area_Type,Vehicle_IMD_Decile
2016471604663,1,9,0,4,0,0,0,0,0,0,1,1,2,2,25,5,1242,1,13,8,1,8
2016471604663,2,9,0,3,0,0,0,0,0,0,2,1,2,2,36,7,1895,1,15,2,1,2
2016471604664,1,9,0,11,0,0,0,0,0,0,1,1,6,1,25,5,1900,2,11,8,1,8
2016471604664,2,3,0,15,0,0,1,0,0,0,1,1,6,1,26,6,123,1,2,6,1,6
2016471604666,1,9,0,7,0,5,0,0,0,0,1,1,6,2,17,4,1398,1,3,5,1,5
2016471604666,2,1,0,9,0,1,0,0,0,0,1,1,6,1,49,8,-1,-1,-1,9,3,9
2016471604667,1,9,0,18,0,0,0,0,0,0,0,1,6,3,-1,-1,-1,-1,-1,-1,-1,-1
2016471604667,2,9,0,18,0,0,5,0,7,10,3,1,1,1,26,6,1149,1,14,1,1,1
2016471604671,1,9,4,18,0,0,0,0,0,0,4,1,6,3,30,6,-1,-1,-1,-1,-1,-1
2016471604672,1,9,0,18,0,0,0,0,0,0,1,1,6,2,36,7,1560,2,8,2,1,2
2016471604674,1,3,0,4,0,1,1,0,0,0,4,1,2,1,18,4,124,1,-1,4,1,4
2016471604676,1,9,0,18,0,3,0,0,0,0,3,1,6,1,45,7,1968,2,2,8,2,8
2016471604676,2,5,0,18,0,3,0,0,1,0,4,1,6,1,49,8,1043,1,1,10,2,10
2016471604678,1,9,0,18,0,0,5,0,1,0,1,1,6,2,86,11,1242,1,8,8,3,8
2016471604678,2,9,0,3,0,0,0,0,0,0,2,1,6,2,41,7,1598,1,1,7,1,7
2016471604678,3,9,0,2,0,0,0,0,0,0,0,1,1,1,50,8,1598,2,3,6,1,6
2016471604679,1,9,0,18,0,6,0,0,0,0,1,1,1,1,74,10,1388,1,13,8,1,8
2016471604679,2,19,0,18,0,1,1,0,1,10,3,1,1,1,31,6,2402,2,8,9,1,9
2016471604682,1,9,0,18,0,5,0,0,0,0,4,1,2,1,37,7,1896,2,13,1,1,1
2016471604682,2,9,0,18,0,8,0,0,0,0,1,1,6,2,72,10,2156,1,20,7,3,7
2016471604691,1,9,0,9,0,1,0,0,0,0,1,1,6,1,27,6,1242,1,4,7,1,7
2016471604691,2,19,0,18,0,1,0,0,0,0,3,1,2,1,43,7,1560,2,9,8,1,8
2016471604692,1,9,0,9,0,6,0,0,0,0,1,1,6,2,37,7,1598,1,5,7,1,7
2016471604692,2,9,0,18,0,1,0,0,0,0,4,1,6,1,74,10,998,1,2,10,1,10
2016471604693,1,5,0,13,0,1,0,0,0,0,4,1,6,1,48,8,1250,1,8,7,3,7
2016471604693,2,9,0,9,0,5,0,0,0,0,3,1,1,2,19,4,1242,1,5,5,3,5
2016471604694,1,9,0,18,0,1,0,0,0,0,1,1,6,1,65,9,1598,1,3,3,1,3
2016471604694,2,9,0,3,0,1,0,0,0,0,2,1,6,2,30,6,1229,1,6,1,1,1
2016471604694,3,9,0,10,0,1,0,0,0,0,2,1,6,1,45,7,1598,1,13,10,2,10
2016471604695,1,9,0,18,0,0,0,0,0,0,4,1,6,3,-1,-1,-1,-1,-1,-1,-1,-1
2016471604696,1,9,0,18,0,8,0,0,1,0,1,1,6,1,72,10,3436,1,7,8,3,8
2016471604696,2,9,0,2,0,2,0,0,1,0,2,1,2,2,22,5,998,1,14,5,3,5
2016471604697,1,9,0,18,0,6,0,0,0,0,4,1,6,2,88,11,998,1,8,5,1,5
2016471604697,2,9,0,18,0,8,0,0,2,11,3,1,6,2,40,7,1422,2,7,3,1,3
2016471604698,1,9,0,18,0,2,0,0,0,0,1,1,6,3,-1,-1,-1,-1,-1,-1,-1,-1
2016471604698,2,9,0,18,0,1,0,0,0,0,1,1,6,1,18,4,1798,1,8,6,1,6
2016471604699,1,3,0,13,0,8,0,0,0,0,1,1,6,1,18,4,124,1,14,3,1,3
2016471604699,2,9,0,9,0,8,0,0,0,0,3,1,6,1,48,8,2204,2,11,5,1,5
2016471604700,1,9,0,18,0,0,0,0,0,0,4,1,6,1,49,8,1360,1,12,3,1,3
2016471604703,1,9,0,18,0,0,0,0,0,0,0,1,6,3,30,6,-1,-1,-1,-1,-1,-1
2016471604703,2,9,0,18,0,0,0,0,0,0,1,1,6,1,85,11,1399,2,7,10,2,10
2016471604704,1,9,0,18,0,0,0,0,0,0,1,1,6,1,46,8,1598,1,14,8,1,8
2016471604704,2,9,0,4,0,0,0,0,0,0,2,1,6,1,31,6,-1,-1,-1,2,1,2
2016471604705,1,21,1,18,0,2,0,0,0,0,1,1,1,1,25,5,12902,2,3,7,1,7
2016471604705,2,11,0,18,0,2,0,0,0,0,2,1,1,1,59,9,4500,2,3,4,1,4
2016471604705,3,10,0,18,0,2,0,0,0,0,2,1,1,1,27,6,2500,2,9,1,1,1
2016471604709,1,9,0,18,0,0,0,0,0,0,3,1,6,1,24,5,1596,1,10,8,1,8
2016471604711,1,9,0,18,0,1,1,0,1,11,1,1,6,1,21,5,1364,1,12,3,1,3
2016471604711,2,90,0,9,0,6,1,0,0,0,4,1,6,1,63,9,2198,2,8,10,1,10
2016471604712,1,1,0,18,0,2,0,0,0,0,1,1,6,1,13,3,-1,-1,-1,6,1,6
2016471604712,2,9,0,14,0,2,0,0,0,0,1,1,6,1,47,8,1198,1,13,7,3,7
2016471604715,1,9,0,18,0,0,0,0,0,0,3,1,6,1,54,8,1242,1,1,7,3,7
2016471604715,2,9,0,18,0,0,0,0,0,0,3,1,6,2,57,9,1242,1,-1,10,2,10
2016471604717,1,9,0,16,0,0,0,0,0,0,1,1,6,1,28,6,1995,2,14,3,1,3
2016471604717,2,9,0,17,0,0,0,0,0,0,1,1,6,2,59,9,1984,1,5,3,2,3
2016471604718,1,9,0,18,0,1,0,0,0,1,1,1,6,1,21,5,1781,1,16,9,1,9
2016471604718,2,9,0,9,0,6,0,0,0,0,4,1,6,1,28,6,1360,1,14,10,1,10
2016471604718,3,9,0,2,0,2,0,0,0,0,3,1,6,3,-1,-1,998,1,4,-1,-1,-1
2016471604719,1,8,0,5,0,1,0,0,0,0,1,1,1,1,40,7,1910,2,8,1,1,1
2016471604720,1,19,0,18,0,0,0,0,7,9,1,1,6,1,26,6,1896,2,8,7,3,7
2016471604720,2,9,0,18,0,0,0,0,1,9,1,1,6,2,25,5,1968,2,11,9,1,9
2016471604721,1,9,0,5,0,0,0,0,0,0,1,1,6,1,79,11,1999,1,10,5,1,5
2016471604721,2,5,0,18,0,0,1,0,1,0,1,1,6,1,21,5,899,1,16,5,3,5
2016471604722,1,9,0,7,0,5,0,0,0,0,1,1,6,1,19,4,1596,1,11,2,1,2
2016471604722,2,1,0,18,4,1,0,0,0,0,1,1,6,1,18,4,-1,-1,-1,6,1,6
2016471604723,1,5,0,18,0,0,0,0,0,0,1,1,6,1,50,8,988,1,12,10,1,10
2016471604723,2,9,0,18,0,0,0,0,0,0,1,1,6,1,53,8,1399,2,7,7,3,7
2016471604726,1,1,0,9,0,6,0,0,0,0,3,1,6,1,14,3,-1,-1,-1,4,1,4
2016471604726,2,9,0,18,0,8,0,0,0,0,1,1,6,1,38,7,1988,1,14,10,1,10
2016471604726,3,9,0,4,0,1,0,0,0,0,0,1,6,1,-1,-1,-1,-1,-1,-1,-1,-1
2016471604727,1,19,0,18,0,1,0,0,0,0,1,1,1,1,31,6,2143,2,3,4,1,4
2016471604727,2,9,0,9,0,6,0,0,0,0,3,1,1,1,38,7,1560,2,4,-1,-1,-1
2016471604728,1,5,0,13,0,1,0,0,7,0,4,1,6,1,35,6,865,1,-1,1,1,1
2016471604728,2,9,0,9,0,5,0,0,0,0,3,1,6,1,29,6,1198,1,13,1,1,1
2016471604729,1,9,0,7,0,5,0,0,0,0,1,1,6,2,60,9,1396,1,7,9,1,9
2016471604730,1,9,0,16,0,8,2,0,7,10,1,1,6,1,20,4,1598,1,14,5,1,5
2016471604731,1,9,0,9,0,8,0,0,0,0,4,1,6,1,85,11,1390,1,8,6,2,6
2016471604731,2,9,0,18,0,1,0,0,0,0,1,1,6,2,61,9,1995,2,-1,5,3,5
2016471604734,1,9,0,17,0,1,0,0,0,0,1,1,6,1,17,4,1995,2,5,10,1,10
2016471604734,2,9,0,4,0,1,0,0,1,10,2,1,6,2,48,8,2199,2,3,7,1,7
2016471604739,1,1,0,16,0,0,0,0,0,0,3,1,6,1,30,6,-1,-1,-1,-1,-1,-1
2016471604739,2,9,0,17,0,0,0,0,0,0,3,1,6,1,83,11,1796,1,12,8,1,8
2016471604742,1,19,0,18,0,0,0,0,0,0,0,1,1,1,42,7,2402,2,13,4,1,4
2016471604742,2,9,0,2,0,0,0,0,0,0,4,1,6,1,42,7,1598,1,3,4,1,4
2016471604744,1,9,0,18,0,5,0,0,0,0,1,1,6,2,40,7,1598,2,5,-1,-1,-1
2016471604747,1,19,0,7,0,6,0,0,0,0,1,1,6,1,23,5,1753,2,10,8,2,8
2016471604747,2,9,0,18,0,8,0,0,0,0,4,1,6,2,20,4,999,1,3,8,1,8
2016471604749,1,9,0,18,0,0,0,0,7,7,1,1,2,1,23,5,1896,2,13,7,1,7
2016471604749,2,20,0,18,0,0,0,0,0,0,2,1,2,1,62,9,-1,-1,-1,5,3,5
2016471604749,3,9,0,18,0,0,0,0,0,0,0,1,2,1,35,6,1951,2,11,8,3,8
2016471604749,4,9,0,18,0,0,0,0,0,0,1,1,2,2,22,5,1598,1,8,8,1,8
2016471604751,1,9,0,7,0,8,0,0,0,0,1,1,6,3,-1,-1,-1,-1,-1,-1,-1,-1
2016471604752,1,9,0,18,0,0,0,0,1,7,1,1,6,1,81,11,1498,1,-1,6,2,6
2016471604753,1,9,0,6,0,8,0,0,1,10,1,1,6,2,32,6,1598,1,11,8,1,8
2016471604757,1,8,0,18,0,0,0,0,0,0,1,1,6,1,60,9,2143,2,-1,3,1,3
2016471604757,2,19,0,4,0,0,0,0,0,0,2,1,6,1,46,8,2198,2,2,-1,1,-1
2016471604758,1,11,0,5,0,1,0,0,0,0,0,1,1,1,30,6,9000,2,9,5,1,5
2016471604764,1,9,0,5,0,8,0,0,0,0,4,1,6,1,40,7,1560,2,6,5,1,5
2016471604764,2,9,0,18,0,8,0,10,0,0,1,1,6,1,44,7,1910,2,7,9,1,9
2016471604765,1,9,0,9,1,8,0,0,0,0,1,1,6,2,24,5,1328,1,11,6,1,6
2016471604765,2,9,0,18,0,1,0,0,0,0,1,1,6,1,41,7,1299,1,11,8,1,8
2016471604766,1,5,0,18,0,8,0,0,0,0,4,1,6,1,47,8,1200,1,-1,9,3,9
2016471604766,2,9,0,9,0,6,0,0,0,0,1,1,6,2,32,6,1248,2,8,8,1,8
2016471604767,1,19,0,1,0,2,0,0,0,0,2,1,6,3,-1,-1,1560,2,5,-1,-1,-1
2016471604768,1,1,0,18,0,1,1,0,0,0,1,1,6,2,11,3,-1,-1,-1,8,1,8
2016471604768,2,9,0,4,0,1,0,0,0,0,4,1,6,2,40,7,1390,1,4,8,1,8
2016471604769,1,3,0,13,0,0,0,10,0,0,1,1,2,2,32,6,124,1,1,10,1,10
2016471604769,2,9,0,18,0,0,0,0,0,0,0,1,6,3,21,5,-1,-1,-1,-1,-1,-1
2016471604771,1,4,0,13,0,1,0,0,0,0,1,1,6,1,18,4,125,1,6,7,2,7
2016471604771,2,9,0,9,0,5,0,0,0,0,3,1,6,1,74,10,1197,1,1,9,1,9
2016471604773,1,9,0,4,0,0,1,0,0,0,1,1,1,1,61,9,1422,2,14,9,1,9
2016471604773,2,9,0,2,0,0,0,0,0,0,2,1,6,3,-1,-1,-1,-1,-1,-1,-1,-1
2016471604773,3,9,0,2,0,0,0,0,0,0,2,1,6,3,-1,-1,-1,-1,-1,-1,-1,-1
2016471604774,1,9,0,16,0,3,0,0,0,0,1,1,6,2,25,5,1781,1,22,-1,-1,-1
2016471604774,2,9,0,4,0,4,0,0,0,0,1,1,6,1,24,5,2099,1,13,5,1,5
2016471604776,1,3,0,18,0,0,0,0,0,0,1,1,6,1,28,6,124,1,7,2,1,2
2016471604776,2,9,0,3,0,0,0,0,0,0,2,1,1,1,65,9,1596,1,7,6,1,6
2016471604776,3,9,0,3,0,0,0,0,0,0,2,1,6,2,31,6,996,1,6,9,1,9
2016471604777,1,9,0,4,0,0,0,0,1,0,1,1,6,1,29,6,1999,1,14,6,1,6
2016471604777,2,9,0,4,0,0,0,0,0,0,2,1,6,1,-1,-1,1995,2,4,-1,-1,-1
2016471604777,3,9,0,2,6,0,0,0,0,0,2,1,6,3,-1,-1,1905,2,17,-1,-1,-1
2016471604778,1,9,0,18,0,0,0,0,7,0,1,1,6,2,48,8,2494,8,1,6,2,6
2016471604778,2,9,0,2,6,0,0,0,0,0,1,1,6,3,-1,-1,1985,1,16,-1,-1,-1
2016471604779,1,9,0,18,0,1,0,0,0,0,1,1,6,1,87,11,1298,1,10,10,3,10
2016471604779,2,9,0,10,0,1,0,0,0,0,2,1,6,2,59,9,1596,1,11,8,1,8
2016471604779,3,9,0,18,0,1,0,0,0,0,1,1,6,1,23,5,1461,2,7,10,2,10
2016471604780,1,1,0,18,0,0,0,0,0,0,2,1,6,2,46,8,-1,-1,-1,10,1,10
2016471604781,1,9,0,18,0,0,0,0,0,0,2,1,6,1,25,5,-1,-1,-1,4,1,4
2016471604781,2,9,0,3,0,0,0,0,0,0,1,1,6,1,25,5,1995,1,9,9,1,9
2016471604781,3,9,0,3,0,0,0,0,0,0,2,1,6,2,42,7,1598,1,2,8,1,8
2016471604785,1,9,0,18,0,4,0,0,0,0,1,1,1,2,74,10,1796,1,10,8,3,8
2016471604785,2,5,0,18,0,8,0,0,0,0,2,1,1,1,38,7,1170,1,6,-1,-1,-1
2016471604787,1,9,0,5,0,6,0,0,0,0,1,1,6,2,70,10,1343,1,12,9,1,9
2016471604787,2,1,0,18,0,2,0,0,0,0,4,1,6,1,20,4,-1,-1,-1,8,1,8
2016471604788,1,9,0,7,0,1,0,0,0,0,4,1,6,3,-1,-1,-1,-1,-1,-1,-1,-1
2016471604788,2,1,0,18,0,1,0,0,0,0,4,1,6,2,45,7,-1,-1,-1,6,1,6
2016471604789,1,9,0,18,0,8,0,0,0,0,4,1,6,1,35,6,2000,2,10,9,1,9
2016471604789,2,2,0,7,0,5,0,0,0,0,3,1,6,2,44,7,49,1,5,2,1,2
2016471604790,1,9,0,18,0,2,0,0,0,0,1,1,6,1,35,6,2771,1,18,9,3,9
2016471604790,2,19,0,3,0,2,0,0,0,0,2,1,2,1,47,8,1870,2,13,8,1,8
2016471604790,3,9,0,3,0,2,0,0,0,0,2,1,6,1,47,8,2000,2,9,8,3,8
2016471604790,4,9,0,3,0,2,0,0,0,0,2,1,6,1,55,8,1997,2,2,9,1,9
2016471604790,5,9,0,3,0,2,0,0,0,0,2,1,6,1,77,11,1998,1,4,9,3,9
2016471604791,1,11,0,18,0,0,0,0,0,0,4,1,1,1,39,7,5900,2,10,4,1,4
2016471604791,2,1,0,18,9,0,0,0,0,0,1,1,6,1,9,2,-1,-1,-1,2,1,2
2016471604793,1,9,0,16,0,1,0,0,0,0,4,1,6,1,59,9,1598,2,5,7,1,7
2016471604794,1,9,0,16,0,2,0,0,0,0,1,1,6,3,-1,-1,2148,2,9,-1,-1,-1
2016471604794,2,19,0,4,0,2,0,0,0,0,1,1,6,1,43,7,1996,2,4,3,1,3
2016471604795,1,9,0,5,0,2,0,0,0,0,1,1,6,1,30,6,1587,1,14,4,1,4
2016471604795,2,1,0,18,0,8,0,0,0,0,4,1,6,1,5,1,-1,-1,-1,4,1,4
2016471604796,1,9,0,18,0,8,0,0,0,0,1,1,6,2,23,5,1598,1,1,4,1,4
2016471604796,2,9,0,18,0,8,0,0,0,0,2,1,6,2,39,7,998,1,1,5,2,5
2016471604796,3,9,0,18,0,8,0,0,0,0,2,1,1,1,73,10,1956,2,-1,-1,-1,-1
2016471604796,4,9,0,18,0,8,0,0,0,0,2,1,6,2,22,5,1399,1,11,5,2,5
2016471604798,1,9,0,9,0,1,0,0,0,0,1,1,6,2,65,9,1598,1,5,9,1,9
2016471604798,2,9,0,18,0,8,0,0,0,0,1,1,6,1,70,10,998,1,5,5,3,5
2016471604800,1,9,0,12,0,1,0,0,0,0,3,1,6,1,45,7,1969,2,2,8,1,8
2016471604800,2,9,0,18,0,1,0,0,0,0,4,1,2,1,47,8,1968,2,3,4,1,4
2016471604804,1,90,0,18,0,0,0,0,0,0,3,1,1,1,38,7,2987,2,8,10,1,10
2016471604806,1,5,0,17,0,0,0,0,1,10,1,1,6,1,23,5,599,1,2,7,1,7
2016471604807,1,9,0,3,0,1,0,0,0,0,1,1,6,3,30,6,2143,2,5,-1,-1,-1
2016471604807,2,9,0,1,0,1,0,0,0,0,2,1,6,1,51,8,1598,1,8,8,2,8
2016471604808,1,1,0,13,0,8,0,0,0,0,1,1,6,1,32,6,-1,-1,-1,6,1,6
2016471604808,2,8,0,9,0,8,0,0,0,0,3,1,1,1,42,7,1910,2,6,8,1,8
2016471604809,1,9,0,7,0,6,0,0,0,0,3,1,6,2,60,9,2495,2,12,9,3,9
2016471604809,2,9,0,18,0,8,0,0,0,0,4,1,6,2,55,8,1461,2,7,8,1,8
2016471604810,1,19,0,18,0,8,0,0,0,0,1,1,6,1,39,7,1753,2,11,5,1,5
2016471604810,2,9,0,4,0,8,0,0,0,0,2,1,6,2,35,6,1598,1,14,6,1,6
2016471604811,1,9,0,18,0,0,0,0,7,11,3,1,6,2,20,4,1496,2,2,4,2,4
2016471604811,2,9,0,18,0,0,0,0,0,0,3,1,6,1,36,7,1968,2,3,2,1,2
2016471604811,3,19,0,18,0,0,0,0,0,0,1,1,1,1,47,8,2198,2,9,2,1,2
2016471604813,1,22,0,18,0,0,0,10,0,0,1,1,6,1,82,11,-1,-1,-1,1,1,1
2016471604814,1,9,0,18,0,0,0,0,0,0,4,1,6,1,74,10,1396,2,4,7,1,7
2016471604814,2,1,0,18,0,0,0,0,0,0,3,1,6,1,34,6,-1,-1,-1,7,1,7
2016471604815,1,9,0,9,0,6,0,0,0,0,3,1,2,2,19,4,996,1,3,1,2,1
2016471604815,2,21,0,18,0,8,0,0,0,0,1,1,1,1,45,7,-1,-1,-1,1,2,1
2016471604819,1,9,0,18,0,1,0,0,0,0,1,1,6,1,75,10,1364,2,9,6,1,6
2016471604819,2,9,0,10,0,1,0,0,0,0,2,1,6,1,80,11,996,1,3,2,1,2
2016471604820,1,9,0,18,0,1,0,4,0,0,1,1,6,1,49,8,998,1,10,3,1,3
2016471604820,2,90,0,2,0,1,0,0,0,0,2,1,6,3,-1,-1,1896,2,10,-1,-1,-1
2016471604820,3,90,0,2,0,1,0,0,0,0,2,2,6,3,-1,-1,-1,-1,-1,-1,-1,-1
2016471604821,1,9,0,7,0,4,0,0,0,0,1,1,6,1,36,7,1956,2,2,4,1,4
2016471604821,2,1,0,18,0,3,0,0,0,0,2,1,6,1,67,10,-1,-1,-1,7,1,7
2016471604824,1,9,0,10,0,1,0,0,0,0,0,1,6,1,63,9,999,1,14,2,1,2
2016471604824,2,1,0,18,0,1,0,0,0,0,0,1,6,2,62,9,-1,-1,-1,3,1,3
2016471604825,1,21,0,16,0,0,0,0,0,0,3,1,1,3,-1,-1,-1,-1,-1,-1,-1,-1
2016471604825,2,11,0,17,0,0,0,0,0,0,3,1,1,1,38,7,8300,2,10,6,1,6
2016471604826,1,20,0,18,0,2,0,0,0,0,4,1,6,1,30,6,-1,-1,-1,-1,-1,-1
2016471604826,2,1,0,18,0,2,0,0,1,10,3,1,2,1,44,7,-1,-1,-1,10,2,10
2016471604827,1,9,0,18,0,0,2,0,2,4,1,1,6,1,19,4,1242,1,10,8,1,8
2016471604828,1,11,0,18,0,2,0,0,0,0,0,1,1,1,60,9,6696,2,3,3,1,3
2016471604829,1,9,0,18,0,0,0,0,0,0,1,1,2,1,37,7,1499,2,2,3,1,3
2016471604829,2,21,1,18,0,0,1,0,0,0,1,1,1,1,39,7,12777,2,2,6,3,6
2016471604831,1,9,0,18,0,0,0,0,0,0,1,1,6,1,34,6,1781,1,15,6,1,6
2016471604831,2,9,0,12,0,0,0,0,6,0,2,1,6,1,24,5,1388,1,10,7,1,7
2016471604831,3,9,0,18,0,0,0,0,0,0,1,1,6,1,60,9,1242,1,3,10,1,10
2016471604832,1,9,0,18,0,0,0,0,0,0,1,1,2,1,42,7,1560,2,1,5,1,5
2016471604833,1,9,0,18,0,3,0,0,0,0,3,1,6,2,25,5,1997,2,12,3,1,3
2016471604833,2,5,0,18,0,3,1,10,0,0,1,1,6,1,61,9,582,1,12,5,1,5
2016471604835,1,9,0,18,0,8,1,0,0,0,1,1,6,1,23,5,1968,2,2,8,1,8
2016471604835,2,9,0,9,0,8,0,0,0,0,3,1,6,1,46,8,1390,1,15,6,2,6
2016471604835,3,9,0,2,0,8,0,0,0,0,1,1,6,3,-1,-1,2996,2,6,-1,-1,-1
2016471604835,4,9,0,2,0,8,0,0,0,0,1,1,6,3,-1,-1,1968,2,10,-1,-1,-1
2016471604836,1,9,0,4,0,1,0,0,0,0,4,1,6,1,57,9,1339,1,5,7,1,7
2016471604837,1,9,0,18,0,0,0,0,1,1,1,1,6,3,27,6,1781,1,14,6,1,6
2016471604837,2,9,0,18,0,0,0,0,7,1,1,1,6,3,19,4,1199,1,16,7,1,7
2016471604837,3,9,0,18,0,0,0,0,0,0,0,1,6,1,30,6,-1,-1,-1,-1,-1,-1
2016471604838,1,9,0,7,0,0,0,0,0,0,4,1,6,1,27,6,1587,1,12,3,1,3
2016471604838,2,3,0,18,0,0,0,0,0,0,1,1,6,1,32,6,125,1,24,3,1,3
2016471604839,1,9,0,5,0,4,1,0,0,0,1,2,6,1,64,9,1360,1,13,8,1,8
2016471604839,2,1,0,18,0,3,0,0,0,0,2,1,6,1,36,7,-1,-1,-1,4,1,4
2016471604840,1,9,0,6,0,0,0,0,0,0,1,1,6,2,39,7,1242,1,14,4,1,4
2016471604840,2,1,0,18,0,0,0,0,0,0,2,1,6,1,25,5,-1,-1,-1,4,1,4
2016471604842,1,5,0,17,0,0,1,0,1,0,4,1,6,1,61,9,689,1,-1,4,1,4
2016471604844,1,9,0,13,0,8,0,0,0,0,0,1,6,3,-1,-1,-1,-1,-1,-1,-1,-1
2016471604844,2,9,0,18,0,8,0,4,0,0,1,1,6,2,81,11,2231,2,8,7,1,7
2016471604844,3,9,0,2,0,8,0,0,0,0,3,1,6,3,-1,-1,1781,1,16,-1,-1,-1
2016471604845,1,5,0,18,0,1,0,0,0,0,1,1,6,1,30,6,750,1,1,7,1,7
2016471604846,1,9,0,4,0,4,0,0,0,0,1,1,6,3,38,7,-1,-1,-1,-1,-1,-1
2016471604846,2,9,0,3,0,4,0,0,0,0,4,1,6,2,28,6,1951,2,11,-1,-1,-1
2016471604847,1,1,0,18,9,1,0,0,0,0,1,1,6,1,28,6,-1,-1,-1,3,1,3
2016471604848,1,9,0,18,0,1,0,0,0,0,1,1,6,1,30,6,2922,1,13,4,1,4
2016471604848,2,9,0,9,0,1,0,0,0,0,4,1,6,1,40,7,1598,2,2,4,1,4
2016471604849,1,11,0,5,0,4,0,0,0,0,0,1,1,1,35,6,6700,2,6,3,1,3
2016471604849,2,4,0,18,0,8,1,0,0,0,0,1,2,1,46,8,249,1,6,4,1,4
2016471604850,1,9,0,5,0,2,0,0,0,0,1,1,2,1,39,7,1600,2,6,6,1,6
2016471604850,2,9,0,18,0,8,1,0,1,0,4,1,1,2,36,7,1397,1,14,5,1,5
2016471604851,1,1,0,17,0,0,0,0,0,0,1,1,1,1,27,6,-1,-1,-1,2,1,2
2016471604851,2,9,0,2,0,0,0,0,0,0,3,1,6,3,-1,-1,2987,2,4,-1,-1,-1
2016471604852,1,9,0,17,0,0,0,0,0,0,3,1,6,1,89,11,1388,1,5,9,3,9
2016471604852,2,9,0,17,0,0,0,0,1,0,3,1,6,2,74,10,1560,2,3,9,3,9
2016471604853,1,9,0,7,0,3,0,0,0,0,1,1,6,2,65,9,1242,1,6,9,1,9
2016471604853,2,9,0,4,0,1,0,0,0,0,1,1,6,2,67,10,998,1,2,8,1,8
2016471604856,1,5,0,18,0,0,1,0,0,0,1,1,6,1,49,8,899,1,19,4,1,4
2016471604856,2,9,0,4,0,0,0,0,0,0,2,1,6,1,58,9,1995,2,2,3,1,3
2016471604857,1,9,0,18,0,4,0,0,0,0,3,1,6,1,65,9,1388,1,16,4,1,4
2016471604857,2,9,0,9,0,4,0,0,0,0,1,1,6,2,78,11,898,1,1,9,3,9
2016471604858,1,9,0,9,0,5,0,0,0,0,1,1,6,1,34,6,1598,1,1,2,1,2
2016471604858,2,1,0,18,0,8,0,0,0,0,0,1,6,1,27,6,-1,-1,-1,9,1,9
2016471604860,1,9,0,9,0,8,0,0,0,0,4,1,2,1,41,7,1870,2,13,5,1,5
2016471604860,2,9,0,18,0,8,0,0,0,0,1,1,6,1,46,8,1599,1,14,4,1,4
2016471604862,1,9,0,16,0,0,0,0,1,0,1,1,6,2,49,8,1598,1,9,10,3,10
2016471604862,2,19,0,17,0,0,0,0,1,0,1,1,1,2,55,8,2198,2,3,9,1,9
2016471604863,1,9,0,2,0,0,0,0,0,0,3,1,6,2,30,6,1329,1,1,9,1,9
2016471604863,2,9,0,18,0,0,0,0,0,0,4,1,6,1,54,8,1995,2,9,7,3,7
2016471604866,1,4,0,13,0,3,0,0,0,0,1,1,6,1,65,9,1170,1,1,1,1,1
2016471604866,2,19,0,7,0,8,0,0,0,0,3,1,6,1,52,8,2143,2,5,10,2,10
2016471604868,1,9,3,18,0,0,0,0,0,0,1,1,6,1,69,10,1956,2,2,10,2,10
2016471604868,2,9,0,18,0,0,0,0,0,0,1,1,6,1,53,8,2993,2,-1,9,2,9
2016471604868,3,9,0,18,0,0,0,0,0,0,1,1,6,1,56,9,1124,1,11,8,1,8
2016471604869,1,1,0,18,0,0,0,11,0,0,1,1,6,1,58,9,-1,-1,-1,8,1,8
2016471604871,1,9,0,18,0,4,0,0,0,0,3,1,1,2,46,8,1396,1,2,7,1,7
2016471604871,2,1,0,18,0,3,0,0,0,0,1,1,1,1,48,8,-1,-1,-1,8,1,8
2016471604872,1,9,0,5,0,1,0,0,0,0,1,1,6,3,30,6,998,1,13,-1,-1,-1
2016471604872,2,9,0,18,0,1,0,0,0,0,1,1,6,1,34,6,1995,1,9,6,1,6
2016471604874,1,1,0,18,0,0,0,4,0,0,1,1,6,1,51,8,-1,-1,-1,10,2,10
2016471604874,2,19,0,2,0,0,0,0,0,0,2,1,6,3,-1,-1,2198,2,10,-1,-1,-1
2016471604877,1,5,0,3,0,1,0,0,0,0,1,1,6,3,-1,-1,-1,-1,-1,-1,-1,-1
2016471604877,2,1,0,3,4,1,0,0,0,0,2,1,6,2,45,7,-1,-1,-1,6,1,6
2016471604881,1,1,0,18,0,6,0,0,0,0,3,1,6,1,41,7,-1,-1,-1,5,1,5
2016471604881,2,9,0,18,0,6,1,0,0,0,4,1,6,2,30,6,995,1,6,4,1,4
2016471604882,1,9,0,4,0,0,0,0,0,0,4,2,6,2,81,11,1586,1,8,2,2,2