Accident_Index,Vehicle_Reference,Vehicle_Type,Towing_and_Articulation,Vehicle_Manoeuvre,Vehicle_Location-Restricted_Lane,Junction_Location,Skidding_and_Overturning,Hit_Object_in_Carriageway,Vehicle_Leaving_Carriageway,Hit_Object_off_Carriageway,1st_Point_of_Impact,Was_Vehicle_Left_Hand_Drive?,Journey_Purpose_of_Driver,Sex_of_Driver,Age_of_Driver,Age_Band_of_Driver,Engine_Capacity_(CC),Propulsion_Code,Age_of_Vehicle,Driver_IMD_Decile,Driver_Home_Area_Type,Vehicle_IMD_Decile
2016471604886,1,9,0,18,0,4,0,0,0,0,1,2,6,1,45,7,-1,-1,-1,-1,-1,-1
2016471604886,2,9,0,9,0,3,0,0,0,0,4,1,6,2,29,6,-1,-1,-1,1,1,1
2016471604887,1,9,0,18,0,1,0,0,0,0,1,1,6,2,30,6,1199,1,15,9,3,9
2016471604887,2,9,0,10,0,5,0,0,0,0,1,1,6,2,25,5,1596,1,18,6,2,6
2016471604888,1,9,0,18,0,0,0,0,0,0,1,1,6,1,33,6,1968,2,5,7,1,7
2016471604888,2,9,0,4,0,0,0,0,0,0,2,1,6,1,24,5,1360,1,12,10,1,10
2016471604888,3,9,0,4,0,0,0,0,0,0,2,1,6,2,36,7,1868,2,15,6,1,6
2016471604892,1,9,0,18,0,8,0,0,0,0,4,1,6,1,26,6,1124,1,16,6,1,6
2016471604892,2,9,0,18,0,8,0,0,0,0,1,1,6,1,77,11,1951,2,13,7,3,7
2016471604893,1,3,0,9,0,6,0,0,0,0,4,1,6,1,17,4,124,1,10,4,2,4
2016471604893,2,9,0,18,0,8,0,0,0,0,1,1,6,2,78,11,1596,1,8,9,2,9
2016471604896,1,9,0,9,0,8,0,0,0,0,3,1,6,1,53,8,1499,2,1,4,1,4
2016471604896,2,9,0,18,0,8,0,0,0,0,1,1,6,2,80,11,1149,1,10,3,3,3
2016471604898,1,9,0,12,0,0,0,0,0,0,1,1,6,2,19,4,2685,2,12,7,1,7
2016471604898,2,9,0,18,0,0,0,0,0,0,2,1,6,2,50,8,1910,2,9,4,1,4
2016471604899,1,9,0,7,0,5,0,0,0,0,1,1,1,2,61,9,999,1,15,2,1,2
2016471604900,1,9,0,5,0,8,0,10,3,11,1,1,6,2,79,11,1332,1,19,1,1,1
2016471604902,1,21,1,9,0,8,0,0,0,0,3,1,1,1,31,6,-1,-1,-1,2,1,2
2016471604902,2,5,0,18,0,8,0,0,0,0,4,1,2,1,54,8,645,1,33,10,1,10
2016471604902,3,9,0,18,0,8,0,0,0,0,1,1,2,1,30,6,2402,2,8,6,3,6
2016471604905,1,9,0,18,0,1,0,0,0,0,1,1,6,2,20,4,973,1,13,5,1,5
2016471604905,2,9,0,3,0,1,0,0,0,0,2,1,6,1,35,6,1397,1,5,7,1,7
2016471604908,1,9,0,5,0,4,0,0,0,0,1,1,6,1,31,6,1461,2,3,8,1,8
2016471604908,2,1,0,18,0,8,0,0,0,0,4,1,6,1,48,8,-1,-1,-1,6,3,6
2016471604909,1,9,0,18,0,8,0,0,0,0,3,1,6,2,30,6,1968,2,-1,2,1,2
2016471604909,2,8,0,18,0,8,0,0,0,0,4,1,6,1,51,8,1994,2,13,5,1,5
2016471604912,1,22,0,18,9,2,0,0,0,0,0,1,6,1,83,11,-1,-1,-1,5,2,5
2016471604916,1,9,0,1,0,0,0,0,0,0,2,1,6,3,20,4,1242,1,2,5,1,5
2016471604916,2,1,0,18,0,0,0,0,0,0,0,1,6,1,14,3,-1,-1,-1,5,1,5
2016471604917,1,9,0,18,0,0,0,0,0,0,1,1,6,1,32,6,2143,2,1,8,1,8
2016471604920,1,19,0,16,0,0,0,0,1,10,3,1,6,1,19,4,1560,2,3,3,1,3
2016471604920,2,9,0,17,0,0,0,0,1,10,3,1,6,1,51,8,1598,2,1,8,3,8
2016471604921,1,9,0,16,0,1,1,0,0,0,3,1,2,1,20,4,1349,1,3,7,3,7
2016471604921,2,9,0,17,0,2,1,0,7,0,3,1,2,1,25,5,-1,-1,-1,6,1,6
2016471604922,1,9,0,13,0,7,0,0,0,0,1,1,1,1,63,9,-1,-1,-1,3,1,3
2016471604922,2,1,0,18,0,1,0,0,0,0,2,1,2,1,44,7,-1,-1,-1,7,1,7
2016471604924,1,9,0,9,0,5,0,0,0,0,3,1,6,1,68,10,1242,1,8,8,1,8
2016471604924,2,3,0,13,0,8,1,10,7,7,1,1,6,1,18,4,125,1,6,4,1,4
2016471604927,1,3,0,18,0,2,0,0,1,0,1,1,6,1,16,4,-1,-1,-1,7,1,7
2016471604927,2,9,0,18,0,8,1,0,0,0,1,1,2,1,30,6,1798,1,2,7,1,7
2016471604927,3,9,0,2,9,2,0,0,0,0,1,1,6,3,-1,-1,1598,1,12,-1,-1,-1
2016471604927,4,19,0,2,0,2,0,0,0,0,2,1,6,3,-1,-1,2198,2,1,-1,-1,-1
2016471604929,1,9,0,18,0,0,0,0,0,0,1,1,6,2,67,10,2987,2,10,8,1,8
2016471604929,2,9,0,18,0,0,0,0,0,0,2,1,6,2,56,9,1598,1,8,3,1,3
2016471604933,1,9,0,18,0,1,0,0,0,0,1,1,6,1,30,6,1390,1,15,-1,-1,-1
2016471604933,2,9,0,3,0,1,0,0,0,0,2,1,6,1,25,5,998,1,6,2,1,2
2016471604935,1,9,0,5,0,8,0,0,0,0,1,1,1,1,36,7,1598,1,4,3,1,3
2016471604935,2,1,0,18,0,1,0,0,0,0,1,1,1,1,30,6,-1,-1,-1,9,1,9
2016471604935,3,20,0,2,0,1,0,0,0,0,0,1,1,3,-1,-1,-1,-1,-1,-1,-1,-1
2016471604937,1,1,0,17,0,1,0,0,0,0,1,1,6,1,60,9,-1,-1,-1,-1,-1,-1
2016471604937,2,9,0,16,0,8,0,0,0,0,1,1,6,2,77,11,1360,1,14,9,1,9
2016471604938,1,9,0,9,0,6,0,0,0,0,1,1,6,1,74,10,5462,1,9,10,1,10
2016471604938,2,10,0,10,0,5,0,0,0,0,3,1,1,2,43,7,-1,-1,-1,9,3,9
2016471604939,1,8,0,7,0,8,0,0,0,0,1,1,6,1,47,8,-1,-1,-1,3,1,3
2016471604939,2,1,0,18,0,2,0,0,0,0,4,1,2,1,49,8,-1,-1,-1,9,1,9
2016471604940,1,9,0,3,0,1,0,0,0,0,1,1,6,2,68,10,1242,1,-1,2,1,2
2016471604940,2,1,0,15,0,1,0,0,0,0,4,1,6,2,19,4,-1,-1,-1,5,1,5
2016471604941,1,9,0,9,0,6,0,0,0,0,1,1,1,1,57,9,1995,2,2,-1,1,-1
2016471604941,2,4,0,18,0,8,0,0,0,0,4,1,6,1,19,4,124,1,1,10,1,10
2016471604943,1,9,0,5,9,0,0,0,0,0,1,1,2,2,24,5,1198,1,4,4,1,4
2016471604943,2,9,0,18,0,0,0,0,0,0,4,1,6,2,69,10,1799,1,7,9,1,9
2016471604945,1,9,0,17,0,8,0,0,0,0,3,1,6,2,17,4,1388,1,8,10,1,10
2016471604945,2,5,0,17,0,8,0,0,0,0,4,1,6,1,56,9,1690,1,1,4,1,4
2016471604947,1,9,0,4,0,4,0,0,0,0,1,1,6,1,35,6,1595,1,11,6,1,6
2016471604947,2,9,0,3,0,4,0,0,0,0,2,1,6,2,24,5,1086,1,12,5,1,5
2016471604949,1,19,0,16,0,0,1,0,0,0,1,1,2,1,61,9,1868,2,16,6,1,6
2016471604949,2,9,0,3,0,0,0,0,0,0,0,1,6,2,70,10,1248,1,6,8,2,8
2016471604950,1,1,0,14,4,1,0,0,0,0,1,1,6,1,10,2,-1,-1,-1,10,1,10
2016471604950,2,9,0,18,0,1,0,0,0,0,1,1,2,2,58,9,1086,1,10,8,1,8
2016471604951,1,9,0,18,0,5,0,0,0,0,4,1,6,2,20,4,1781,1,17,4,1,4
2016471604951,2,1,0,18,0,1,0,0,0,0,1,1,6,1,44,7,-1,-1,-1,5,1,5
2016471604952,1,9,0,17,0,0,0,0,0,0,1,1,6,1,34,6,1299,1,12,4,1,4
2016471604952,2,19,0,16,0,0,0,0,0,0,3,1,6,1,63,9,2402,2,6,3,1,3
2016471604954,1,9,0,16,0,0,0,0,0,0,3,2,6,1,53,8,-1,-1,-1,-1,-1,-1
2016471604954,2,9,0,16,0,0,0,0,0,0,4,1,2,2,37,7,999,1,2,6,3,6
2016471604955,1,1,0,18,5,0,0,0,1,0,0,1,6,1,44,7,-1,-1,-1,8,3,8
2016471604956,1,9,0,9,0,6,0,0,0,0,3,1,6,1,34,6,1870,2,9,4,1,4
2016471604956,2,5,0,18,0,8,1,0,0,0,1,1,6,1,52,8,955,1,11,6,1,6
2016471604957,1,9,0,18,0,1,0,0,0,0,1,1,6,1,30,6,1968,2,6,5,3,5
2016471604957,2,9,0,9,0,1,0,0,0,0,2,1,6,2,34,6,1360,1,6,5,2,5
2016471604958,1,11,0,3,0,0,0,0,0,1,3,1,1,1,57,9,4461,2,2,9,2,9
2016471604958,2,9,0,18,0,0,0,0,0,0,1,1,6,1,50,8,6208,1,3,7,2,7
2016471604960,1,9,0,17,0,0,2,0,0,9,1,1,6,2,20,4,1242,1,7,10,1,10
2016471604961,1,9,0,17,0,0,2,0,2,4,3,1,2,1,31,6,1596,1,13,8,1,8
2016471604962,1,9,0,5,0,0,0,0,0,0,4,1,6,1,77,11,1596,1,14,8,1,8
2016471604962,2,3,0,18,0,0,0,0,0,0,1,1,6,1,26,6,125,1,10,8,1,8
2016471604962,3,9,0,2,0,0,0,0,0,0,2,1,6,3,-1,-1,1242,1,12,-1,-1,-1
2016471604964,1,9,0,18,0,6,0,0,0,0,3,1,6,2,45,7,1999,1,3,9,1,9
2016471604964,2,1,0,18,0,1,0,0,0,0,4,1,6,1,34,6,-1,-1,-1,8,1,8
2016471604966,1,9,0,9,0,8,0,0,0,0,3,1,6,2,45,7,1839,1,13,10,1,10
2016471604966,2,9,0,9,0,8,0,0,0,0,3,1,6,1,64,9,1497,8,11,6,1,6
2016471604968,1,9,0,18,0,8,0,0,0,0,1,1,6,1,23,5,1598,2,-1,6,1,6
2016471604968,2,9,0,3,0,8,0,0,0,0,2,1,6,1,29,6,1198,1,7,4,1,4
2016471604968,3,19,0,3,0,8,0,0,0,0,2,1,6,1,21,5,1248,2,4,7,1,7
2016471604969,1,9,0,17,0,2,1,0,0,0,4,1,6,1,24,5,1753,2,10,8,1,8
2016471604969,2,9,0,16,0,1,0,0,0,0,1,1,2,1,63,9,1995,2,3,10,1,10
2016471604970,1,8,0,9,0,8,0,0,0,0,1,1,1,1,58,9,2143,2,3,4,1,4
2016471604973,1,9,0,18,0,0,0,0,0,0,1,1,6,2,17,4,-1,-1,-1,-1,-1,-1
2016471604973,2,1,0,18,0,0,0,0,0,0,2,1,6,2,17,4,-1,-1,-1,7,1,7
2016471604974,1,9,0,18,0,1,0,0,0,0,1,1,2,2,19,4,1229,1,9,5,1,5
2016471604974,2,9,0,3,0,1,0,0,0,0,2,1,6,1,33,6,2993,2,10,9,1,9
2016471604975,1,9,0,9,4,6,0,0,0,0,3,1,6,2,23,5,1586,1,12,4,1,4
2016471604975,2,1,0,18,4,1,0,0,0,0,1,1,6,1,24,5,-1,-1,-1,5,1,5
2016471604976,1,9,0,17,0,1,0,0,1,10,1,1,6,1,53,8,-1,-1,-1,4,1,4
2016471604977,1,19,0,18,0,1,0,0,0,0,1,1,1,1,23,5,2494,2,14,2,1,2
2016471604977,2,19,0,4,0,1,0,0,0,0,2,1,6,1,35,6,1998,2,15,4,1,4
2016471604979,1,8,0,17,0,1,0,0,0,0,1,1,1,1,30,6,1997,2,5,5,1,5
2016471604979,2,9,0,18,0,1,0,0,0,0,3,1,6,2,30,6,2171,1,12,3,1,3
2016471604980,1,19,0,18,0,1,0,0,0,0,1,1,1,1,62,9,1968,2,4,5,1,5
2016471604980,2,9,0,8,0,1,0,0,0,0,2,1,6,1,22,5,999,1,1,2,1,2
2016471604983,1,9,0,18,0,0,1,0,0,0,1,1,6,1,43,7,1493,2,11,5,1,5
2016471604983,2,9,0,18,0,0,0,2,1,2,2,1,6,1,18,4,1124,1,14,8,2,8
2016471604984,1,9,0,7,0,8,0,0,0,0,1,1,2,2,49,8,1339,1,4,7,1,7
2016471604984,2,1,0,18,0,8,0,0,0,0,2,1,2,1,33,6,-1,-1,-1,8,1,8
2016471604985,1,9,0,1,0,0,0,0,0,0,0,1,6,2,71,10,1396,1,5,9,1,9
2016471604985,2,8,0,18,0,0,1,0,0,0,0,1,1,1,39,7,2148,2,9,8,3,8
2016471604987,1,9,0,18,0,0,1,0,1,0,1,1,2,1,45,7,1796,1,8,7,1,7
2016471604987,2,9,0,18,0,0,0,0,1,11,2,1,6,2,25,5,2698,2,8,8,1,8
2016471604987,3,9,0,18,0,0,0,0,0,0,1,1,6,2,34,6,1968,2,2,9,1,9
2016471604989,1,9,0,9,0,5,0,0,0,0,4,1,6,1,23,5,1124,1,13,5,3,5
2016471604989,2,4,0,18,0,1,0,0,0,0,1,1,6,1,24,5,124,1,29,4,1,4
2016471604990,1,9,0,5,0,4,0,0,0,0,1,1,6,2,58,9,1999,1,10,4,1,4
2016471604990,2,9,0,5,0,4,0,0,0,0,2,1,6,2,59,9,1339,1,9,4,1,4
2016471604991,1,9,0,18,0,8,0,0,0,0,1,1,6,2,31,6,1199,1,15,1,1,1
2016471604991,2,9,0,18,0,5,0,0,0,0,4,1,6,1,74,10,1985,1,20,1,1,1
2016471604991,3,11,0,2,0,1,0,0,0,0,0,1,6,1,40,7,-1,-1,-1,-1,-1,-1
2016471604993,1,9,0,18,0,1,0,0,0,0,1,1,6,3,28,6,1997,2,9,4,1,4
2016471604993,2,9,0,3,0,1,0,0,0,0,2,1,6,2,50,8,998,1,5,2,1,2
2016471604995,1,9,0,16,0,1,1,4,1,11,1,1,6,1,23,5,2494,1,18,1,1,1
2016471604995,2,9,0,2,0,1,0,0,0,0,2,1,6,3,-1,-1,1596,1,2,-1,-1,-1
2016471604995,3,9,0,2,0,1,0,0,0,0,1,1,6,3,-1,-1,1596,1,3,-1,-1,-1
2016471604995,4,9,0,2,0,1,0,0,0,0,2,1,6,3,-1,-1,1299,1,15,-1,-1,-1
2016471604996,1,9,0,18,0,4,0,0,0,0,1,1,1,1,50,8,4966,1,13,2,1,2
2016471604996,2,9,0,4,0,4,0,0,0,0,2,1,6,2,69,10,1339,1,7,5,1,5
2016471605000,1,19,0,18,0,0,0,0,0,0,1,1,1,1,31,6,2198,2,3,7,1,7
2016471605000,2,9,0,4,0,0,0,0,0,0,2,1,6,2,56,9,1200,1,-1,5,2,5
2016471605001,1,19,0,5,0,4,0,0,0,0,1,1,1,1,22,5,2299,2,6,7,3,7
2016471605001,2,9,0,18,0,8,0,0,0,0,1,1,6,2,25,5,1390,1,16,9,1,9
2016471605001,3,9,0,3,0,1,0,0,0,0,3,1,1,1,45,7,2179,2,1,8,3,8
2016471605002,1,19,0,16,0,0,1,0,0,0,1,1,2,1,53,8,1896,2,7,7,3,7
2016471605003,1,9,0,12,0,4,0,0,0,0,0,2,6,3,-1,-1,-1,-1,-1,-1,-1,-1
2016471605003,2,4,0,4,0,4,1,0,0,0,0,1,2,1,18,4,125,1,1,6,1,6
2016471605004,1,9,0,17,0,0,2,0,8,4,4,1,2,1,26,6,1390,1,12,9,3,9
2016471605007,1,9,4,4,0,1,1,0,0,0,1,1,1,1,38,7,2982,2,8,2,2,2
2016471605007,2,9,0,18,0,1,0,0,1,9,3,1,6,2,46,8,999,1,1,5,1,5
2016471605008,1,1,0,4,0,4,1,0,0,0,1,1,6,1,38,7,-1,-1,-1,9,2,9
2016471605008,2,9,0,4,0,4,0,0,0,0,2,1,6,1,21,5,-1,-1,-1,-1,-1,-1
2016471605009,1,9,0,11,0,8,0,0,0,0,4,1,6,3,21,5,-1,-1,-1,-1,-1,-1
2016471605009,2,9,0,18,0,8,0,0,5,6,3,1,6,1,31,6,2497,1,7,8,1,8
2016471605010,1,9,0,18,0,8,0,0,0,0,1,1,2,1,41,7,1598,1,9,7,3,7
2016471605010,2,9,0,18,0,8,0,0,1,11,3,1,2,1,21,5,1242,1,2,3,1,3
2016471605013,1,9,0,18,0,1,0,4,1,2,2,1,6,1,37,7,1799,1,10,7,1,7
2016471605013,2,9,0,4,0,1,0,0,0,0,3,1,6,1,82,11,1339,1,3,7,1,7
2016471605013,3,9,0,2,0,1,0,0,0,0,3,1,6,3,-1,-1,998,1,1,-1,-1,-1
2016471605013,4,9,0,2,0,1,0,0,1,0,4,1,6,3,-1,-1,2398,1,18,-1,-1,-1
2016471605015,1,9,0,7,0,6,0,0,0,0,3,1,1,1,26,6,1242,1,10,1,1,1
2016471605015,2,2,0,18,0,8,0,0,0,0,1,1,1,1,26,6,108,1,3,3,1,3
2016471605017,1,8,0,5,0,0,0,0,0,0,0,1,1,3,-1,-1,-1,-1,-1,-1,-1,-1
2016471605019,1,9,0,18,0,0,0,0,7,4,1,1,6,1,72,10,1242,1,20,7,3,7
2016471605023,1,5,0,13,0,0,0,0,0,0,4,1,6,1,33,6,675,1,10,8,3,8
2016471605023,2,21,1,18,0,0,0,0,0,0,0,1,6,3,-1,-1,-1,-1,-1,-1,-1,-1
2016471605023,3,21,1,18,0,0,0,0,0,0,0,1,1,1,40,7,12777,2,2,4,1,4
2016471605026,1,9,0,18,0,8,0,0,0,0,0,1,1,1,56,9,-1,-1,-1,5,1,5
2016471605026,2,9,0,18,0,8,0,0,0,0,2,1,3,2,45,7,1598,1,12,7,1,7
2016471605027,1,9,0,9,0,8,0,0,0,0,1,1,6,1,60,9,1398,1,1,4,2,4
2016471605028,1,9,0,9,0,5,0,0,0,0,4,1,6,1,36,7,2143,2,-1,5,1,5
2016471605028,2,1,0,18,0,8,0,0,0,0,1,1,6,1,58,9,-1,-1,-1,10,1,10
2016471605029,1,8,0,18,0,1,0,0,0,0,1,1,6,2,69,10,1124,1,7,10,1,10
2016471605029,2,9,0,18,0,1,0,0,0,0,2,1,6,1,25,5,1995,2,10,7,1,7
2016471605030,1,5,0,16,0,0,0,0,0,0,1,1,6,1,47,8,885,1,18,9,1,9
2016471605030,2,9,0,17,0,0,0,0,0,0,1,1,6,1,56,9,1598,2,1,10,1,10
2016471605030,3,9,0,18,0,0,0,0,0,0,1,1,6,2,64,9,1329,1,4,10,1,10
2016471605031,1,9,0,5,0,4,0,0,0,0,1,1,6,1,67,10,1596,1,6,4,1,4
2016471605031,2,5,0,7,0,3,0,0,0,0,4,1,6,2,62,9,798,1,6,3,1,3
2016471605032,1,9,0,18,0,0,0,0,0,0,3,1,6,3,-1,-1,-1,-1,-1,-1,-1,-1
2016471605033,1,9,0,18,0,1,0,0,0,0,1,1,6,1,55,8,3123,1,11,7,1,7
2016471605033,2,9,0,17,0,1,0,0,0,0,3,1,1,2,36,7,999,1,15,2,1,2
2016471605034,1,9,0,18,0,1,0,0,0,0,1,1,6,1,69,10,1390,1,9,8,1,8
2016471605035,1,9,0,16,0,8,0,0,7,4,1,1,6,1,22,5,1229,1,11,3,1,3
2016471605036,1,9,0,5,0,4,0,0,0,0,1,1,2,2,44,7,1598,1,9,8,3,8
2016471605036,2,1,0,9,4,8,0,0,0,0,4,1,2,1,44,7,-1,-1,-1,9,1,9
2016471605039,1,90,0,18,0,0,0,0,0,0,1,1,6,3,-1,-1,-1,-1,-1,-1,-1,-1
2016471605039,2,1,0,18,0,0,0,0,0,0,3,1,6,1,34,6,-1,-1,-1,9,3,9
2016471605042,1,9,0,18,0,2,5,10,0,7,1,1,6,2,33,6,698,1,11,10,1,10
2016471605044,1,9,0,9,0,8,2,0,1,1,1,1,6,1,47,8,4701,7,15,5,1,5
2016471605044,2,9,0,18,0,1,0,0,0,0,0,1,1,1,47,8,1997,2,4,1,1,1
2016471605045,1,9,0,18,0,5,0,0,0,0,1,1,6,1,52,8,1598,1,13,6,1,6
2016471605045,2,9,0,18,0,1,0,0,0,0,1,1,6,1,78,11,2720,2,10,4,1,4
2016471605046,1,9,0,18,0,1,0,0,0,0,2,1,6,3,-1,-1,-1,-1,-1,-1,-1,-1
2016471605046,2,9,0,4,0,1,0,0,0,0,2,1,6,1,26,6,1391,1,14,7,1,7
2016471605047,1,9,0,18,0,1,0,0,8,4,1,1,6,2,77,11,1388,1,12,9,1,9
2016471605049,1,1,0,18,0,6,0,0,0,0,1,1,6,1,23,5,-1,-1,-1,4,1,4
2016471605049,2,9,0,18,0,6,0,0,0,0,3,1,6,2,32,6,1197,1,1,3,1,3
2016471605054,1,9,0,3,0,1,0,0,0,0,4,1,6,3,52,8,1598,1,5,2,1,2
2016471605054,2,9,0,3,0,1,0,0,0,0,3,1,6,2,49,8,1798,8,3,2,1,2
2016471605064,1,9,0,5,0,2,0,0,0,0,1,1,6,3,-1,-1,-1,-1,-1,-1,-1,-1
2016471605064,2,3,0,5,0,2,0,0,0,0,2,1,6,1,22,5,124,1,8,5,1,5
2016471605067,1,1,0,18,9,1,0,0,0,0,1,1,1,2,21,5,-1,-1,-1,4,1,4
2016471605067,2,9,0,8,0,6,0,0,0,0,4,1,1,2,40,7,1753,2,8,3,1,3
2016471605068,1,21,0,18,0,0,0,0,0,0,4,1,6,3,-1,-1,-1,-1,-1,-1,-1,-1
2016471605070,1,9,0,5,0,6,0,0,0,0,3,1,2,2,56,9,1598,1,17,5,1,5
2016471605070,2,9,0,18,0,1,1,0,0,0,1,1,2,2,66,10,999,1,4,4,1,4
2016471605078,1,9,0,18,0,3,0,0,0,0,3,1,6,2,52,8,1589,1,16,4,1,4
2016471605080,1,9,0,18,0,0,1,0,0,0,1,1,6,1,42,7,1242,1,-1,1,1,1
2016471605080,2,90,0,18,0,0,0,0,0,0,2,1,6,1,63,9,1900,2,16,10,1,10
2016471605083,1,9,0,18,0,0,5,0,1,1,4,1,6,1,18,4,1242,1,14,3,1,3
2016471605084,1,9,0,3,0,1,0,0,0,0,1,1,6,1,30,6,2776,2,12,3,1,3
2016471605084,2,9,0,3,0,1,0,0,0,0,2,1,6,1,40,7,1896,2,10,10,1,10
2016471605086,1,20,0,16,0,0,1,0,0,0,1,1,6,1,-1,-1,-1,-1,-1,-1,-1,-1
2016471605086,2,9,0,3,0,0,0,0,0,0,3,1,6,2,36,7,1997,2,9,8,3,8
2016471605088,1,19,0,17,0,1,0,0,0,0,4,1,6,1,69,10,1248,2,11,2,1,2
2016471605088,2,9,0,17,0,1,0,0,0,0,1,1,6,2,52,8,1299,1,11,3,1,3
2016471605089,1,1,0,18,0,8,0,0,0,0,3,1,6,1,16,4,-1,-1,-1,2,1,2
2016471605089,2,9,0,18,0,8,0,0,0,0,1,1,6,1,51,8,1586,1,-1,5,1,5
2016471605090,1,9,0,18,0,0,0,0,0,0,3,1,6,1,35,6,1242,1,12,2,1,2
2016471605090,2,9,0,18,0,0,0,0,0,0,3,1,6,1,25,5,4941,1,15,4,3,4
2016471605090,3,9,0,18,0,0,0,0,0,0,1,1,6,1,55,8,1461,2,6,5,1,5
2016471605091,1,1,0,18,0,1,0,0,0,0,1,1,6,2,12,3,-1,-1,-1,4,1,4
2016471605091,2,9,0,18,0,1,0,0,0,0,3,1,6,1,67,10,1242,1,1,8,1,8
2016471605092,1,9,0,18,0,1,0,0,0,0,1,1,1,1,18,4,-1,-1,-1,2,1,2
2016471605092,2,1,0,18,0,1,0,0,0,0,4,1,6,2,62,9,-1,-1,-1,5,1,5
2016471605094,1,9,0,18,0,8,0,0,0,0,4,2,6,1,40,7,-1,-1,-1,-1,-1,-1
2016471605094,2,9,0,18,0,1,0,0,0,0,1,1,2,2,49,8,999,1,6,2,1,2
2016471605095,1,9,0,4,0,0,0,0,0,0,2,1,6,2,54,8,1968,2,11,9,1,9
2016471605095,2,19,0,18,0,0,0,0,0,0,1,1,1,1,42,7,1996,2,4,9,1,9
2016471605095,3,9,0,18,0,0,0,0,0,0,1,1,2,2,36,7,1796,1,16,5,1,5
2016471605096,1,9,0,18,0,2,0,0,0,0,1,1,1,1,43,7,2793,1,18,9,1,9
2016471605096,2,21,1,18,0,1,0,0,0,0,1,1,1,1,35,6,-1,-1,-1,4,1,4
2016471605096,3,90,0,2,0,1,0,0,0,0,1,1,6,3,-1,-1,2800,2,11,-1,-1,-1
2016471605097,1,9,0,18,0,0,0,0,0,0,1,1,1,1,37,7,-1,-1,-1,5,1,5
2016471605097,2,9,0,3,0,0,0,0,0,0,2,1,1,1,27,6,-1,-1,-1,8,1,8
2016471605097,3,9,0,3,0,0,0,0,0,0,2,1,6,1,25,5,2720,2,9,7,3,7
2016471605097,4,9,0,3,0,0,0,0,0,0,2,1,6,2,66,10,1198,1,4,6,2,6
2016471605098,1,9,0,18,0,0,0,0,0,0,0,1,6,1,27,6,1781,1,15,1,1,1
2016471605101,1,9,0,18,0,0,0,0,7,0,1,1,6,1,24,5,2987,2,8,10,1,10
2016471605101,2,9,0,2,0,0,0,0,0,0,2,1,6,3,-1,-1,1595,1,15,-1,-1,-1
2016471605101,3,9,0,2,6,0,0,0,0,0,2,1,6,3,-1,-1,1197,1,4,-1,-1,-1
2016471605101,4,9,0,2,6,0,0,0,0,0,1,1,6,3,-1,-1,1587,1,13,-1,-1,-1
2016471605102,1,9,0,7,0,6,0,0,0,0,0,1,6,3,30,6,-1,-1,-1,-1,-1,-1
2016471605102,2,1,0,18,0,1,0,0,0,0,0,1,6,2,34,6,-1,-1,-1,3,1,3
2016471605103,1,9,0,2,0,1,0,0,0,0,3,1,6,2,55,8,1499,1,-1,8,1,8
2016471605103,2,1,0,14,0,1,0,0,0,0,1,1,6,2,52,8,-1,-1,-1,7,1,7
2016471605109,1,9,0,18,0,8,0,0,0,0,1,1,1,1,30,6,2993,2,4,6,1,6
2016471605109,2,9,0,18,0,8,1,0,3,11,2,1,6,1,20,4,1149,1,14,3,1,3
2016471605114,1,9,0,9,0,5,0,0,0,0,1,1,6,2,37,7,1794,1,11,9,2,9
2016471605114,2,9,0,18,0,8,0,0,0,0,1,1,2,1,30,6,1246,1,11,8,3,8
2016471605114,3,9,0,8,0,1,0,0,0,0,1,1,6,1,46,8,1753,2,14,8,3,8
2016471605115,1,9,0,1,0,0,0,0,0,0,2,1,6,1,61,9,2993,2,5,7,3,7
2016471605115,2,4,0,18,0,0,0,0,0,0,1,1,6,1,54,8,660,1,1,10,1,10
2016471605118,1,20,5,16,0,0,0,0,0,0,3,1,1,1,26,6,-1,-1,-1,9,3,9
2016471605118,2,19,0,17,0,0,0,0,0,0,3,1,1,1,53,8,2461,2,13,9,2,9
2016471605119,1,2,0,12,0,4,0,0,0,0,0,1,6,2,55,8,49,1,12,10,1,10
2016471605119,2,9,0,15,0,8,0,0,0,0,0,1,6,1,55,8,1198,1,14,10,1,10
2016471605120,1,9,0,9,0,1,0,0,0,0,4,1,6,1,56,9,1390,1,2,3,1,3
2016471605120,2,9,0,18,0,8,0,0,0,0,1,1,2,2,46,8,1995,2,1,10,1,10
2016471605122,1,8,0,18,0,4,0,0,0,0,1,1,1,1,53,8,1997,2,5,1,1,1
2016471605122,2,1,0,18,0,8,0,0,0,0,4,1,6,2,22,5,-1,-1,-1,10,1,10
2016471605123,1,9,0,9,0,8,0,0,1,0,1,1,6,2,81,11,999,1,1,10,1,10
2016471605123,2,9,0,18,0,8,0,0,0,0,1,1,6,1,49,8,1895,1,16,6,3,6
2016471605124,1,11,0,5,0,1,0,0,0,0,1,1,1,1,28,6,9000,2,7,6,1,6
2016471605124,2,21,0,5,0,1,0,0,0,0,2,1,1,1,40,7,4500,2,9,7,1,7