Accident_Index,Vehicle_Reference,Vehicle_Type,Towing_and_Articulation,Vehicle_Manoeuvre,Vehicle_Location-Restricted_Lane,Junction_Location,Skidding_and_Overturning,Hit_Object_in_Carriageway,Vehicle_Leaving_Carriageway,Hit_Object_off_Carriageway,1st_Point_of_Impact,Was_Vehicle_Left_Hand_Drive?,Journey_Purpose_of_Driver,Sex_of_Driver,Age_of_Driver,Age_Band_of_Driver,Engine_Capacity_(CC),Propulsion_Code,Age_of_Vehicle,Driver_IMD_Decile,Driver_Home_Area_Type,Vehicle_IMD_Decile
2016471605124,3,19,0,10,0,1,0,0,0,0,2,1,1,1,60,9,1598,1,2,7,1,7
2016471605129,1,9,0,18,0,0,0,0,0,0,1,1,6,1,52,8,1240,1,13,2,1,2
2016471605130,1,9,0,16,0,1,1,0,0,0,3,1,6,2,20,4,998,1,4,8,1,8
2016471605130,2,9,0,17,0,1,0,0,0,0,3,1,6,1,54,8,1596,1,7,7,1,7
2016471605132,1,9,0,4,0,1,0,0,0,0,1,1,6,1,25,5,1299,1,14,3,1,3
2016471605132,2,9,0,3,0,1,0,0,0,0,2,1,6,2,25,5,1242,1,13,3,1,3
2016471605132,3,9,0,10,0,1,0,0,0,0,2,1,6,2,40,7,1396,1,16,7,1,7
2016471605134,1,9,0,18,0,0,0,0,0,0,1,1,1,1,30,6,-1,-1,-1,9,3,9
2016471605134,2,9,0,18,0,0,0,0,0,0,3,1,6,2,72,10,1390,1,4,9,2,9
2016471605138,1,9,0,18,0,8,0,0,0,0,3,1,6,2,40,7,1991,1,1,-1,-1,-1
2016471605138,2,11,0,18,2,1,0,0,0,0,1,1,1,1,40,7,9000,2,11,2,1,2
2016471605139,1,3,0,5,0,0,0,4,0,0,1,1,6,2,60,9,125,1,-1,4,3,4
2016471605139,2,9,0,2,0,0,0,0,0,0,2,1,6,3,-1,-1,1364,1,12,-1,-1,-1
2016471605140,1,3,0,4,0,0,1,0,0,0,1,1,6,2,44,7,124,1,5,1,1,1
2016471605140,2,19,0,4,0,0,0,0,0,0,2,1,1,1,35,6,2143,2,1,6,1,6
2016471605141,1,9,0,18,0,0,2,4,0,0,1,1,6,2,38,7,2993,2,-1,4,1,4
2016471605141,2,9,0,2,0,0,0,0,1,0,2,1,6,3,-1,-1,1248,1,4,-1,-1,-1
2016471605144,1,9,0,17,0,1,0,0,1,1,1,1,6,3,30,6,1598,1,3,-1,-1,-1
2016471605145,1,2,0,17,0,2,0,0,0,10,4,1,6,1,70,10,-1,-1,-1,4,1,4
2016471605146,1,9,0,5,0,1,0,0,0,0,0,1,6,1,23,5,1560,2,9,5,1,5
2016471605146,2,1,0,18,0,1,0,0,0,0,3,1,6,1,40,7,-1,-1,-1,3,1,3
2016471605147,1,9,0,18,0,1,0,0,0,0,1,1,6,1,21,5,1598,1,13,10,1,10
2016471605147,2,9,0,4,0,1,0,0,0,0,2,1,6,1,34,6,1998,2,13,4,1,4
2016471605148,1,9,0,18,0,0,0,0,0,0,3,1,6,1,23,5,1199,1,13,6,1,6
2016471605149,1,1,0,18,0,0,0,10,0,0,0,1,6,2,59,9,-1,-1,-1,8,2,8
2016471605150,1,9,0,9,0,1,0,0,0,0,1,1,6,2,91,11,998,1,16,9,1,9
2016471605150,2,4,0,18,0,8,0,0,0,0,1,1,6,1,21,5,125,1,9,6,1,6
2016471605152,1,1,0,18,0,8,0,0,0,0,1,1,1,2,20,4,-1,-1,-1,4,1,4
2016471605152,2,9,0,18,0,4,0,0,0,0,1,1,2,1,50,8,1339,1,12,5,1,5
2016471605156,1,9,0,13,0,1,0,0,0,0,1,1,6,2,35,6,998,1,3,7,1,7
2016471605156,2,9,0,4,0,1,0,0,0,0,2,1,6,2,36,7,1618,1,3,7,1,7
2016471605158,1,9,0,9,0,8,0,0,0,0,4,1,6,1,50,8,1560,2,11,3,1,3
2016471605158,2,9,0,18,0,1,0,0,0,0,1,1,6,2,55,8,998,1,8,10,1,10
2016471605160,1,9,0,18,0,1,0,0,0,0,1,1,6,1,70,10,1198,1,5,5,2,5
2016471605160,2,9,0,3,0,1,0,0,0,0,2,1,6,1,48,8,-1,-1,-1,6,3,6
2016471605162,1,9,0,18,0,4,0,0,0,0,1,1,6,3,-1,-1,-1,-1,-1,-1,-1,-1
2016471605162,2,9,0,3,0,4,0,0,0,0,2,1,6,2,33,6,1781,1,12,10,1,10
2016471605163,1,9,0,18,0,1,0,0,0,0,1,1,6,1,30,6,1598,1,13,9,1,9
2016471605163,2,9,0,3,0,1,0,0,0,0,2,1,6,2,84,11,2987,2,8,7,3,7
2016471605168,1,9,0,18,0,1,0,0,0,0,4,1,6,2,22,5,1242,1,11,5,3,5
2016471605169,1,19,0,9,0,8,0,0,0,0,1,1,1,1,28,6,2198,2,1,7,1,7
2016471605169,2,1,0,18,0,1,1,0,0,0,1,1,6,1,58,9,-1,-1,-1,5,1,5
2016471605170,1,9,0,7,0,6,0,0,1,0,1,1,6,1,21,5,1968,2,-1,10,1,10
2016471605170,2,11,0,18,0,8,0,0,0,0,4,1,1,1,42,7,5132,2,1,6,1,6
2016471605171,1,9,0,18,0,1,0,0,1,0,1,1,6,1,35,6,-1,-1,-1,-1,-1,-1
2016471605171,2,1,0,18,0,1,0,0,0,0,2,1,6,1,12,3,-1,-1,-1,9,2,9
2016471605172,1,9,0,18,0,0,0,0,0,0,3,1,6,1,31,6,898,1,1,7,3,7
2016471605172,2,9,0,18,0,0,0,0,0,0,4,1,6,2,27,6,-1,-1,-1,8,3,8
2016471605173,1,9,0,9,0,8,0,0,0,0,4,1,6,2,46,8,999,1,-1,8,1,8
2016471605174,1,9,0,7,0,6,0,0,0,0,1,1,6,1,47,8,2143,2,-1,8,1,8
2016471605174,2,3,0,18,0,8,0,0,0,0,1,1,6,1,40,7,124,1,8,6,1,6
2016471605175,1,9,0,12,0,0,0,0,0,0,3,1,1,1,24,5,1968,2,2,3,1,3
2016471605175,2,5,0,18,0,0,1,0,0,0,1,1,6,1,37,7,749,1,12,10,1,10
2016471605177,1,9,0,18,0,0,1,0,5,6,1,1,6,1,53,8,1796,1,15,4,1,4
2016471605179,1,9,0,8,6,1,0,0,0,0,1,1,6,1,83,11,1968,2,-1,-1,-1,-1
2016471605179,2,8,0,16,0,1,0,0,7,4,4,1,1,1,38,7,1560,2,6,5,1,5
2016471605180,1,9,0,7,0,1,0,0,0,0,1,1,6,1,22,5,1598,1,11,2,1,2
2016471605180,2,8,0,18,0,1,0,0,0,0,2,1,6,1,34,6,1797,8,2,7,1,7
2016471605181,1,19,0,11,0,3,0,0,0,0,4,1,6,3,-1,-1,-1,-1,-1,-1,-1,-1
2016471605181,2,5,0,18,0,3,0,0,0,0,3,1,6,1,50,8,1690,1,5,6,3,6
2016471605182,1,3,0,18,0,0,1,0,0,0,0,1,6,1,17,4,-1,-1,-1,10,1,10
2016471605182,2,9,0,4,0,0,0,0,0,0,0,1,6,1,30,6,-1,-1,-1,-1,-1,-1
2016471605183,1,9,0,18,0,0,0,0,0,0,1,1,6,1,44,7,1124,1,18,6,1,6
2016471605183,2,9,0,3,0,0,0,0,0,0,2,1,6,1,46,8,2720,2,11,7,1,7
2016471605183,3,9,0,3,0,0,0,0,0,0,2,1,6,1,27,6,1149,1,-1,4,1,4
2016471605184,1,9,0,9,0,8,0,0,0,0,1,1,6,2,43,7,1995,2,9,10,1,10
2016471605184,2,1,0,18,0,8,0,0,0,0,3,1,6,1,17,4,-1,-1,-1,4,1,4
2016471605186,1,3,0,4,0,4,0,10,7,0,1,1,6,1,52,8,998,1,11,3,1,3
2016471605188,1,9,0,3,0,7,0,0,0,0,1,1,6,1,37,7,1968,2,6,4,1,4
2016471605188,2,9,0,3,0,7,0,0,0,0,2,1,6,2,45,7,2776,2,9,10,1,10
2016471605189,1,9,0,18,0,0,0,0,1,10,1,1,6,2,24,5,1598,1,7,3,1,3
2016471605191,1,9,0,18,0,0,0,0,1,4,3,1,1,1,33,6,1798,1,11,5,1,5
2016471605192,1,9,0,18,0,1,0,0,0,0,4,1,6,2,24,5,1998,2,2,4,1,4
2016471605192,2,1,0,18,0,1,0,0,0,0,3,1,6,1,63,9,-1,-1,-1,6,1,6
2016471605193,1,5,0,16,0,2,0,0,0,0,3,1,6,2,46,8,649,1,4,4,1,4
2016471605193,2,9,0,17,0,1,0,0,0,0,3,1,6,1,52,8,1997,2,16,7,1,7
2016471605194,1,9,0,17,0,0,1,0,7,4,1,1,6,1,21,5,1242,1,20,2,3,2
2016471605196,1,1,0,18,0,0,0,10,1,0,1,1,6,1,65,9,-1,-1,-1,8,1,8
2016471605198,1,9,0,13,0,3,0,0,0,0,2,1,6,3,-1,-1,-1,-1,-1,-1,-1,-1
2016471605198,2,4,0,18,0,8,0,0,0,0,3,1,6,1,69,10,487,1,12,8,1,8
2016471605199,1,9,0,18,0,8,0,0,0,0,1,1,6,3,-1,-1,954,1,17,-1,-1,-1
2016471605199,2,9,0,7,0,8,0,0,0,0,2,1,6,2,33,6,1910,2,11,10,1,10
2016471605200,1,9,0,9,0,1,0,0,0,0,1,1,6,1,49,8,1968,2,11,10,1,10
2016471605200,2,3,0,18,0,1,0,0,0,0,3,1,6,1,71,10,125,1,55,5,1,5
2016471605204,1,9,0,18,0,8,0,0,0,0,1,1,6,1,18,4,1298,1,12,6,3,6
2016471605204,2,9,0,3,0,8,0,0,0,0,2,1,6,2,19,4,1229,1,12,6,1,6
2016471605206,1,9,0,18,0,4,0,0,0,0,1,1,6,2,89,11,1598,1,3,9,2,9
2016471605206,2,1,0,9,0,1,0,0,0,0,1,1,6,1,23,5,-1,-1,-1,5,3,5
2016471605207,1,9,0,9,0,8,0,0,0,0,1,1,6,2,79,11,998,1,14,5,3,5
2016471605207,2,9,0,9,0,8,0,0,0,0,3,1,2,1,50,8,1598,1,7,8,3,8
2016471605214,1,9,0,13,0,8,0,0,0,0,4,1,6,2,85,11,1991,2,5,10,2,10
2016471605214,2,1,0,10,0,1,0,0,1,10,3,1,1,2,49,8,-1,-1,-1,8,3,8
2016471605215,1,3,0,18,0,0,1,0,0,0,3,1,2,1,34,6,125,1,2,4,1,4
2016471605215,2,9,0,18,0,0,0,0,0,0,4,1,2,2,41,7,2993,2,8,6,1,6
2016471605218,1,19,0,18,0,1,0,0,0,0,1,1,1,1,39,7,1996,2,2,9,1,9
2016471605218,2,9,0,3,0,1,0,0,0,0,2,1,6,2,40,7,1596,1,11,6,1,6
2016471605218,3,19,0,3,0,1,0,0,0,0,2,1,6,2,48,8,-1,-1,-1,5,1,5
2016471605218,4,9,0,9,0,1,0,0,0,0,0,1,1,1,-1,-1,-1,-1,-1,-1,-1,-1
2016471605220,1,19,0,3,0,1,0,0,0,0,1,1,6,1,61,9,2143,2,3,4,1,4
2016471605220,2,9,0,3,0,8,0,0,0,0,2,1,6,2,46,8,1597,7,7,6,1,6
2016471605221,1,9,0,17,0,0,0,0,0,0,1,2,6,1,44,7,-1,-1,-1,-1,-1,-1
2016471605221,2,9,0,16,0,0,0,0,0,0,1,1,6,1,86,11,1299,1,14,10,3,10
2016471605222,1,9,0,13,0,1,0,0,0,0,3,1,6,2,26,6,-1,-1,-1,6,1,6
2016471605222,2,16,0,5,0,1,0,0,0,0,4,1,6,2,40,7,-1,-1,-1,10,1,10
2016471605224,1,9,0,17,0,0,5,0,2,11,1,1,6,2,80,11,1600,2,5,9,1,9
2016471605226,1,9,0,4,0,2,0,0,0,0,1,1,6,1,25,5,1598,2,-1,3,1,3
2016471605226,2,9,0,4,0,2,0,0,0,0,0,1,6,2,51,8,1598,1,10,6,3,6
2016471605227,1,9,4,18,0,0,4,0,0,7,3,1,1,1,30,6,2495,2,20,3,1,3
2016471605230,1,19,0,1,0,5,0,0,0,2,2,1,6,1,70,10,2798,2,11,4,1,4
2016471605231,1,9,0,18,0,1,0,0,0,0,1,1,6,1,20,4,-1,-1,-1,6,3,6
2016471605231,2,9,0,4,0,1,0,0,0,0,2,1,6,2,39,7,1560,2,4,6,1,6
2016471605231,3,9,0,9,0,5,0,0,0,0,0,1,6,3,-1,-1,-1,-1,-1,-1,-1,-1
2016471605235,1,19,0,18,0,0,0,0,0,0,1,1,6,2,24,5,2198,2,9,7,3,7
2016471605235,2,9,0,3,0,0,0,0,0,0,2,1,6,2,23,5,1242,1,1,7,1,7
2016471605236,1,9,0,15,0,2,0,0,0,0,1,1,6,3,30,6,-1,-1,-1,-1,-1,-1
2016471605236,2,9,0,3,0,2,0,0,0,0,2,1,6,2,46,8,1590,1,15,6,1,6
2016471605239,1,9,0,4,0,0,0,0,0,0,1,1,6,2,70,10,1390,1,18,10,2,10
2016471605239,2,9,0,3,0,0,0,0,0,0,2,1,6,2,53,8,-1,-1,-1,3,1,3
2016471605241,1,9,0,18,0,2,0,0,0,0,1,1,6,3,30,6,-1,-1,-1,-1,-1,-1
2016471605241,2,1,0,18,0,2,0,0,0,0,2,1,6,2,19,4,-1,-1,-1,5,1,5
2016471605243,1,9,0,5,0,4,0,0,0,0,1,1,6,2,42,7,1598,1,14,3,1,3
2016471605243,2,1,0,18,0,8,0,0,0,0,2,1,2,1,35,6,-1,-1,-1,8,1,8
2016471605243,3,9,0,18,0,4,0,0,0,0,1,1,6,2,38,7,1422,2,7,7,1,7
2016471605244,1,9,0,6,0,2,0,0,0,0,1,1,6,1,30,6,1587,1,11,10,1,10
2016471605244,2,8,0,18,0,1,2,0,0,0,1,1,1,1,43,7,1686,2,3,5,1,5
2016471605245,1,9,0,18,0,3,0,0,0,0,1,1,6,1,65,9,1339,1,7,7,1,7
2016471605245,2,19,0,18,0,4,0,0,0,0,3,1,1,1,29,6,2198,2,3,7,1,7
2016471605246,1,9,0,18,0,0,0,0,0,0,1,1,2,1,28,6,2926,2,15,-1,-1,-1
2016471605246,2,1,0,18,0,0,0,0,1,0,2,1,2,1,24,5,-1,-1,-1,5,1,5
2016471605247,1,9,0,2,0,0,0,0,0,0,3,1,6,1,72,10,1240,1,12,5,1,5
2016471605247,2,1,0,18,0,0,0,0,0,0,1,1,6,1,30,6,-1,-1,-1,4,1,4
2016471605248,1,9,0,18,0,0,0,0,0,0,1,1,6,1,37,7,1896,2,10,3,1,3
2016471605248,2,9,0,3,0,0,0,0,0,0,2,1,6,2,35,6,4367,2,1,8,1,8
2016471605248,3,9,0,3,0,0,0,0,0,0,2,1,6,2,46,8,1997,1,13,2,1,2
2016471605249,1,9,0,13,0,0,0,0,0,0,1,1,6,1,69,10,1999,1,6,9,1,9
2016471605249,2,1,0,18,0,0,0,0,0,0,2,1,6,1,34,6,-1,-1,-1,7,1,7
2016471605250,1,19,0,18,0,4,0,0,0,0,1,1,1,1,43,7,2459,2,14,4,1,4
2016471605250,2,9,0,18,0,4,0,0,0,0,4,1,6,2,22,5,4282,1,7,7,3,7
2016471605250,3,9,0,3,0,2,0,0,0,0,1,1,6,1,46,8,1968,2,2,8,3,8
2016471605252,1,9,0,18,0,1,0,0,0,0,1,1,6,1,40,7,1364,1,8,-1,-1,-1
2016471605252,2,9,0,3,0,1,0,0,0,0,2,1,6,2,25,5,1390,1,3,8,1,8
2016471605252,3,9,0,3,0,1,0,0,0,0,2,1,6,2,23,5,998,1,4,-1,-1,-1
2016471605253,1,17,0,16,0,0,0,0,0,0,0,1,6,1,-1,-1,-1,-1,-1,-1,-1,-1
2016471605253,2,1,0,17,0,0,0,0,0,0,0,1,1,1,66,10,-1,-1,-1,10,1,10
2016471605255,1,9,0,18,0,0,0,0,0,0,4,1,6,3,30,6,1796,1,5,-1,-1,-1
2016471605255,2,1,0,18,0,0,0,0,0,0,3,1,6,1,16,4,-1,-1,-1,10,1,10
2016471605257,1,9,0,18,0,1,0,0,0,0,1,1,2,2,21,5,1248,2,8,2,1,2
2016471605258,1,9,0,18,0,1,0,0,0,0,4,1,6,1,84,11,1598,1,10,7,1,7
2016471605262,1,9,0,13,0,0,0,0,0,0,4,1,6,1,82,11,1339,1,7,8,1,8
2016471605262,2,1,0,18,0,0,0,0,0,0,3,1,6,1,39,7,-1,-1,-1,5,3,5
2016471605265,1,9,0,9,0,6,0,0,0,0,3,1,6,2,64,9,998,1,9,5,2,5
2016471605265,2,5,0,18,0,1,0,0,0,0,1,1,6,1,51,8,1600,1,6,3,1,3
2016471605266,1,9,0,18,0,0,5,0,1,2,1,1,6,1,44,7,1242,1,3,9,1,9
2016471605267,1,9,0,13,0,8,0,0,0,0,4,1,1,2,34,6,1390,1,16,4,1,4
2016471605267,2,1,0,17,0,8,0,0,0,0,3,1,6,1,51,8,-1,-1,-1,8,1,8
2016471605268,1,9,0,18,0,0,1,0,7,0,1,1,2,1,52,8,1461,2,5,10,1,10
2016471605268,2,9,0,18,0,0,1,0,1,0,3,1,6,1,39,7,1896,2,12,5,1,5
2016471605269,1,19,0,13,0,0,0,0,0,0,1,1,1,1,39,7,2151,2,14,4,1,4
2016471605269,2,1,0,18,0,0,0,10,1,0,2,1,2,1,33,6,-1,-1,-1,8,1,8
2016471605272,1,9,0,7,0,6,0,0,0,0,1,1,6,1,68,10,-1,-1,-1,2,1,2
2016471605272,2,1,0,18,0,7,0,0,0,0,4,1,3,2,16,4,-1,-1,-1,2,1,2
2016471605277,1,1,0,15,0,0,0,0,1,0,1,1,2,1,16,4,-1,-1,-1,7,3,7
2016471605277,2,9,0,4,0,0,0,0,0,0,2,1,2,1,44,7,1199,1,13,1,1,1
2016471605278,1,21,0,18,0,3,0,0,0,0,1,2,6,1,38,7,-1,-1,-1,-1,-1,-1
2016471605278,2,9,0,18,0,3,0,0,0,0,2,1,6,1,32,6,1839,1,12,3,1,3
2016471605280,1,9,0,5,0,1,0,0,0,0,3,1,6,1,42,7,1560,2,9,6,1,6
2016471605280,2,1,0,18,0,1,0,0,0,0,1,1,1,1,52,8,-1,-1,-1,7,1,7
2016471605281,1,8,0,17,0,0,5,10,1,0,4,1,1,1,39,7,1997,2,7,3,1,3
2016471605283,1,9,0,18,0,0,0,0,0,0,4,1,6,1,51,8,1461,2,6,-1,-1,-1
2016471605283,2,9,0,18,0,0,0,0,1,0,1,1,6,1,62,9,1590,1,17,4,3,4
2016471605286,1,11,0,18,0,2,0,0,0,0,1,1,1,2,26,6,9000,2,6,4,1,4
2016471605287,1,9,0,18,0,0,0,0,2,7,1,1,6,2,44,7,1685,2,4,9,1,9
2016471605287,2,9,0,18,0,0,0,0,1,11,1,1,6,2,62,9,989,1,12,6,3,6
2016471605288,1,9,0,10,0,2,0,0,0,0,1,1,2,2,26,6,875,1,2,8,1,8
2016471605288,2,9,0,18,0,1,0,0,0,0,1,1,2,1,48,8,-1,-1,-1,9,2,9
2016471605289,1,9,0,18,0,1,0,0,0,0,1,1,6,1,23,5,1587,1,14,2,1,2
2016471605289,2,9,0,4,0,1,0,0,0,0,2,1,6,1,44,7,1998,2,10,1,1,1
2016471605290,1,9,0,9,0,8,0,0,0,0,1,1,6,2,18,4,1364,1,9,7,1,7
2016471605290,2,9,0,18,0,8,0,0,0,0,3,1,6,1,27,6,1360,1,18,3,1,3
2016471605291,1,9,0,18,0,4,0,0,0,0,1,1,6,1,69,10,3189,1,10,9,1,9
2016471605291,2,1,0,18,0,8,0,0,0,0,4,1,2,1,44,7,-1,-1,-1,3,1,3
2016471605294,1,9,0,18,0,8,1,10,1,7,4,1,6,2,23,5,998,1,9,10,1,10
2016471605294,2,9,0,18,0,8,0,0,0,0,0,1,6,3,-1,-1,-1,-1,-1,-1,-1,-1
2016471605296,1,9,0,16,0,0,1,0,8,10,1,1,2,1,35,6,1998,1,12,9,1,9
2016471605296,2,9,0,2,9,0,0,0,0,0,3,1,6,3,-1,-1,1198,1,5,-1,-1,-1
2016471605297,1,9,0,18,0,1,0,0,0,0,1,1,6,1,22,5,4398,1,12,7,1,7
2016471605297,2,9,0,4,0,1,0,0,1,11,2,1,6,2,23,5,998,1,10,7,1,7
2016471605301,1,9,0,9,0,1,0,0,0,0,1,1,6,2,19,4,1995,2,4,7,1,7
2016471605301,2,1,0,18,0,1,0,0,0,0,3,1,6,2,35,6,-1,-1,-1,2,1,2
2016471605304,1,9,0,17,0,0,2,0,1,0,4,1,6,1,18,4,1390,1,10,2,1,2
2016471605305,1,9,0,16,0,1,1,0,7,10,3,2,6,1,27,6,1910,2,10,9,3,9
2016471605305,2,9,0,17,0,1,1,0,0,0,3,1,6,1,70,10,2987,2,2,5,2,5
2016471605306,1,8,0,18,0,0,0,0,0,0,1,1,1,1,67,10,1560,2,4,8,3,8
2016471605306,2,9,0,18,0,0,0,0,0,0,1,1,6,1,61,9,1597,2,-1,7,1,7
2016471605306,3,9,0,18,0,0,0,0,0,0,1,1,6,1,19,4,998,1,15,6,3,6
2016471605307,1,9,0,9,0,1,0,0,0,0,1,1,6,2,68,10,-1,-1,-1,9,1,9
2016471605307,2,9,0,18,0,1,0,0,0,0,3,1,6,1,68,10,1200,1,2,9,2,9
2016471605308,1,1,0,18,0,2,0,0,0,0,0,1,6,2,26,6,-1,-1,-1,8,1,8
2016471605308,2,9,0,18,0,2,0,0,0,0,0,1,6,2,48,8,2987,2,4,8,1,8
2016471605310,1,9,0,18,0,1,0,0,0,0,3,1,6,1,29,6,2967,2,9,10,2,10
2016471605315,1,9,0,17,0,0,1,0,8,4,1,1,6,1,23,5,998,1,2,5,2,5
2016471605316,1,21,1,18,0,0,0,0,0,0,1,1,1,1,33,6,11705,2,4,3,1,3
2016471605316,2,21,1,18,0,0,0,0,0,0,2,1,1,1,36,7,12419,2,-1,10,1,10
2016471605319,1,9,0,18,0,1,0,0,0,0,3,1,6,1,38,7,1995,2,5,10,1,10
2016471605319,2,9,0,9,0,5,0,0,0,0,1,1,6,2,53,8,1390,1,8,6,1,6
2016471605321,1,3,0,9,0,8,0,10,1,0,1,1,6,2,14,3,125,1,10,2,1,2
2016471605322,1,9,0,18,0,0,0,0,0,0,1,1,6,2,21,5,1390,1,12,6,3,6
2016471605322,2,9,0,18,0,0,0,0,0,0,1,1,6,1,39,7,1686,2,12,3,1,3
2016471605323,1,9,0,5,0,6,0,0,0,0,3,1,6,2,53,8,2184,2,11,8,1,8
2016471605323,2,5,0,17,0,1,0,0,0,0,1,1,6,1,37,7,899,1,17,1,1,1
2016471605324,1,9,0,18,0,0,1,0,1,4,3,1,2,2,19,4,1299,1,9,10,1,10
2016471605325,1,5,0,16,0,0,0,0,0,0,1,1,6,1,24,5,599,1,2,6,1,6
2016471605325,2,9,0,17,0,0,0,0,0,0,3,1,6,1,43,7,1989,1,16,5,2,5
2016471605326,1,3,0,18,0,0,0,0,7,0,1,1,6,2,21,5,125,1,-1,10,1,10
2016471605326,2,9,0,18,0,0,0,0,0,0,1,1,6,1,68,10,-1,-1,-1,3,1,3
2016471605327,1,9,0,9,0,6,0,0,0,0,1,1,6,2,75,10,1598,2,7,5,3,5
2016471605327,2,9,0,18,0,1,2,0,1,0,1,1,1,1,21,5,1390,1,9,3,1,3
2016471605328,1,1,0,7,9,8,0,0,1,1,1,1,6,1,51,8,-1,-1,-1,9,1,9
2016471605329,1,9,0,7,7,0,0,0,0,0,4,1,6,1,22,5,1497,1,15,5,3,5
2016471605329,2,5,0,15,0,0,0,0,1,0,1,1,6,1,57,9,903,1,4,9,2,9
2016471605329,3,9,0,2,6,0,0,0,0,0,4,1,6,1,45,7,998,1,1,10,1,10
2016471605330,1,10,0,4,0,8,0,0,0,0,1,1,6,1,38,7,2198,2,4,9,1,9
2016471605330,2,9,0,3,0,8,0,0,0,0,2,1,1,2,38,7,1596,1,13,6,1,6
2016471605331,1,9,0,9,0,5,0,0,0,0,1,1,2,1,54,8,1197,1,1,6,3,6
2016471605331,2,9,0,4,0,1,0,0,0,0,1,1,1,1,55,8,1984,1,17,5,3,5
2016471605332,1,19,0,4,0,1,0,0,0,0,1,1,6,3,-1,-1,1997,2,-1,-1,-1,-1
2016471605332,2,9,0,8,0,1,0,0,0,0,2,1,6,1,56,9,1587,1,13,5,3,5
2016471605336,1,3,0,18,0,1,1,0,0,0,0,1,2,2,52,8,125,1,-1,6,1,6
2016471605338,1,9,0,18,0,0,0,0,0,0,2,1,6,3,-1,-1,1761,1,19,-1,-1,-1
2016471605338,2,9,0,18,0,0,0,0,0,0,2,1,6,2,41,7,1598,1,8,6,1,6
2016471605339,1,9,0,18,0,1,0,0,0,0,1,1,6,1,33,6,-1,-1,-1,9,1,9
2016471605339,2,9,0,18,0,1,0,0,0,0,2,1,6,1,63,9,2902,2,12,8,3,8
2016471605341,1,9,0,16,0,2,2,0,1,11,3,1,6,1,20,4,999,1,19,9,3,9
2016471605343,1,9,0,16,0,0,0,0,7,0,4,1,1,1,18,4,1348,1,14,5,2,5
2016471605343,2,9,0,17,0,0,0,0,0,0,1,1,6,2,25,5,1242,1,7,6,1,6
2016471605344,1,9,0,18,0,4,0,0,0,0,1,1,6,3,50,8,-1,-1,-1,-1,-1,-1
2016471605344,2,1,0,18,0,2,0,0,0,0,1,1,6,1,25,5,-1,-1,-1,2,1,2
2016471605347,1,9,0,16,0,1,0,0,0,0,1,1,6,2,43,7,1364,1,1,3,1,3
2016471605347,2,9,0,9,0,1,0,0,0,0,4,1,6,1,18,4,1229,1,12,7,3,7
2016471605349,1,9,0,9,0,1,0,0,0,0,1,1,6,1,54,8,1997,2,-1,-1,-1,-1
2016471605349,2,9,0,18,0,1,5,0,1,11,1,1,6,1,77,11,796,1,8,7,3,7
2016471605351,1,9,0,9,0,1,0,0,0,0,1,1,6,1,44,7,1796,1,10,4,1,4
2016471605351,2,1,0,18,0,1,0,0,0,0,1,1,6,1,39,7,-1,-1,-1,3,1,3
2016471605353,1,9,0,5,0,0,0,0,1,3,1,1,6,1,22,5,1753,2,16,2,1,2
2016471605354,1,9,0,9,0,5,0,0,0,0,3,1,6,2,62,9,1968,2,7,8,1,8
2016471605354,2,4,0,13,0,1,0,0,0,0,4,1,6,2,26,6,125,1,3,3,1,3
2016471605355,1,9,0,18,0,1,0,0,0,0,1,1,2,1,45,7,-1,-1,-1,5,1,5
2016471605355,2,9,0,3,0,1,0,0,0,0,2,1,6,1,25,5,1399,2,13,4,1,4
2016471605356,1,9,0,9,0,1,0,0,0,0,4,1,1,1,55,8,1998,8,1,2,1,2
2016471605356,2,1,0,18,0,1,0,0,0,0,1,1,1,1,48,8,-1,-1,-1,7,1,7
2016471605357,1,9,0,18,0,1,0,0,0,0,1,1,6,1,-1,-1,-1,-1,-1,-1,-1,-1
2016471605358,1,9,0,5,0,4,0,0,0,0,1,1,6,1,61,9,1968,2,4,8,1,8
2016471605358,2,1,0,18,0,3,0,0,0,0,2,1,6,1,59,9,-1,-1,-1,7,1,7
2016471605361,1,9,0,17,0,1,0,0,0,0,1,1,6,1,33,6,1984,1,11,5,2,5
2016471605361,2,9,0,3,0,1,0,0,0,0,2,1,2,2,46,8,1600,1,10,8,3,8
2016471605361,3,9,0,10,0,5,0,0,0,0,2,1,6,2,43,7,1197,1,2,10,2,10
2016471605362,1,9,0,18,0,8,0,0,0,0,1,1,6,2,43,7,1560,2,4,8,1,8
2016471605362,2,9,0,10,0,1,0,0,0,0,2,1,6,2,47,8,1200,1,1,9,2,9
2016471605362,3,21,0,18,0,8,0,0,0,0,1,1,1,1,46,8,9290,2,2,9,1,9
2016471605363,1,9,0,18,0,0,0,0,0,0,1,1,6,1,40,7,1968,2,8,4,3,4
2016471605363,2,9,0,4,0,0,0,0,0,0,2,1,6,1,64,9,1968,2,2,6,1,6
2016471605363,3,9,0,4,0,0,0,0,0,0,2,1,6,1,55,8,1997,2,4,6,3,6