Accident_Index,Vehicle_Reference,Vehicle_Type,Towing_and_Articulation,Vehicle_Manoeuvre,Vehicle_Location-Restricted_Lane,Junction_Location,Skidding_and_Overturning,Hit_Object_in_Carriageway,Vehicle_Leaving_Carriageway,Hit_Object_off_Carriageway,1st_Point_of_Impact,Was_Vehicle_Left_Hand_Drive?,Journey_Purpose_of_Driver,Sex_of_Driver,Age_of_Driver,Age_Band_of_Driver,Engine_Capacity_(CC),Propulsion_Code,Age_of_Vehicle,Driver_IMD_Decile,Driver_Home_Area_Type,Vehicle_IMD_Decile
2016471605584,2,19,0,18,0,0,0,0,0,0,3,1,6,1,34,6,1499,2,1,2,1,2
2016471605587,1,19,0,12,0,0,0,0,0,0,4,1,1,1,55,8,1998,2,11,7,1,7
2016471605587,2,5,0,12,0,0,0,0,0,0,4,1,6,1,36,7,996,1,11,2,1,2
2016471605588,1,9,0,4,0,0,0,0,0,0,1,1,1,1,50,8,1596,1,9,7,2,7
2016471605588,2,9,0,4,0,0,0,0,0,0,2,1,6,1,30,6,1499,2,3,8,1,8
2016471605589,1,9,0,5,0,2,0,0,0,0,3,1,6,2,47,8,1998,8,-1,8,1,8
2016471605590,1,9,0,18,0,0,0,0,0,0,1,1,6,1,35,6,1997,2,4,9,1,9
2016471605590,2,9,0,18,0,0,0,0,0,0,2,1,6,2,36,7,2993,2,4,6,1,6
2016471605590,3,19,0,18,7,0,0,0,0,0,0,1,6,1,-1,-1,-1,-1,-1,-1,-1,-1
2016471605592,1,9,0,9,0,5,0,0,0,0,1,1,6,2,64,9,1328,1,6,7,1,7
2016471605592,2,1,0,18,0,1,0,0,0,0,1,1,2,2,35,6,-1,-1,-1,5,1,5
2016471605593,1,9,0,18,0,4,0,0,0,0,1,1,6,2,43,7,1242,1,6,9,1,9
2016471605593,2,9,0,3,0,4,0,0,0,0,2,1,6,1,52,8,1796,1,7,8,1,8
2016471605595,1,21,1,12,0,0,0,0,0,0,3,2,1,1,47,8,-1,-1,-1,-1,-1,-1
2016471605595,2,9,0,18,0,0,0,0,0,0,4,1,6,2,49,8,1998,1,13,10,1,10
2016471605596,1,9,0,18,0,0,1,0,0,0,4,1,1,1,51,8,2993,2,2,6,1,6
2016471605596,2,9,0,18,0,0,1,0,0,0,3,1,6,1,16,4,1248,2,7,-1,-1,-1
2016471605596,3,9,0,2,0,0,0,0,0,0,3,1,6,3,-1,-1,3301,1,19,-1,-1,-1
2016471605596,4,9,0,2,0,0,0,0,0,0,3,1,1,3,-1,-1,1275,1,18,-1,-1,-1
2016471605598,1,3,0,18,0,0,1,10,0,0,1,1,2,2,22,5,125,1,2,7,1,7
2016471605599,1,1,0,18,9,6,0,0,0,0,1,1,6,1,17,4,-1,-1,-1,4,1,4
2016471605599,2,9,0,4,0,1,0,0,0,0,4,1,1,1,50,8,1753,2,6,3,1,3
2016471605602,1,9,0,18,0,3,1,10,2,3,4,1,6,1,20,4,2993,2,9,9,1,9
2016471605604,1,9,0,9,0,5,0,0,0,0,1,1,6,2,18,4,1124,1,11,2,1,2
2016471605604,2,1,0,18,0,8,0,0,0,0,1,1,6,1,18,4,-1,-1,-1,8,1,8
2016471605605,1,9,0,18,0,0,0,0,0,0,1,1,1,1,67,10,1796,1,7,10,1,10
2016471605605,2,19,0,17,0,0,0,0,0,0,1,1,1,1,56,9,2143,2,2,5,1,5
2016471605605,3,9,0,17,0,0,0,0,0,0,1,1,6,1,35,6,1390,1,10,3,1,3
2016471605606,1,9,0,1,9,0,0,0,0,0,2,1,6,1,75,10,2143,2,1,7,3,7
2016471605611,1,9,0,12,0,4,0,0,0,0,1,1,6,3,-1,-1,1596,1,13,-1,-1,-1
2016471605611,2,1,0,3,0,4,0,0,0,0,2,1,6,2,60,9,-1,-1,-1,10,1,10
2016471605614,1,9,0,7,0,6,0,0,0,0,1,1,6,1,50,8,1984,1,5,10,1,10
2016471605614,2,1,0,18,0,8,0,0,0,0,4,1,6,1,44,7,-1,-1,-1,10,1,10
2016471605615,1,9,0,8,0,4,0,0,0,0,1,1,6,2,57,9,2698,2,8,10,1,10
2016471605615,2,1,0,8,0,4,0,0,0,0,2,1,6,1,44,7,-1,-1,-1,9,1,9
2016471605616,1,9,0,9,0,8,0,0,0,0,4,1,2,2,44,7,998,1,6,1,1,1
2016471605616,2,1,0,18,0,8,0,0,0,0,1,1,2,1,28,6,-1,-1,-1,1,1,1
2016471605617,1,9,0,17,0,1,1,0,2,10,1,1,1,1,69,10,1390,1,14,10,1,10
2016471605618,1,9,0,18,0,4,0,0,0,0,1,1,6,1,70,10,2435,1,17,7,3,7
2016471605618,2,9,0,18,0,4,0,0,0,0,2,1,6,1,81,11,1242,1,2,10,1,10
2016471605621,1,9,0,15,0,1,0,0,0,0,0,1,6,1,30,6,-1,-1,-1,-1,-1,-1
2016471605621,2,11,0,15,0,1,0,0,0,0,0,1,1,1,64,9,9000,2,9,7,1,7
2016471605622,1,9,0,18,0,1,0,0,0,0,1,1,6,3,30,6,-1,-1,-1,-1,-1,-1
2016471605622,2,1,0,18,0,8,0,0,0,0,3,1,6,1,23,5,-1,-1,-1,5,1,5
2016471605623,1,9,0,18,0,0,2,0,0,11,3,1,6,2,68,10,1390,1,9,6,1,6
2016471605628,1,9,0,18,0,2,0,0,0,0,1,1,1,1,60,9,1796,1,15,3,1,3
2016471605628,2,9,0,3,0,2,0,0,0,0,2,1,6,1,47,8,1998,2,10,6,2,6
2016471605628,3,9,0,3,0,2,0,0,0,0,2,1,6,1,61,9,1686,2,11,5,1,5
2016471605631,1,9,0,7,0,2,0,0,1,10,1,1,6,2,50,8,1388,1,6,8,1,8
2016471605631,2,9,0,18,0,1,0,0,1,9,1,1,6,1,36,7,1598,2,2,5,2,5
2016471605634,1,21,1,18,0,0,0,0,0,0,1,1,1,1,37,7,12809,2,3,2,1,2
2016471605634,2,9,0,18,0,0,0,0,0,0,2,1,6,2,36,7,1496,2,-1,7,1,7
2016471605634,3,9,0,18,0,0,0,0,0,0,2,1,6,1,45,7,2497,1,7,6,1,6
2016471605635,1,9,0,18,0,0,0,7,0,0,1,1,6,1,54,8,1242,1,19,1,2,1
2016471605637,1,9,0,16,0,0,1,0,0,0,3,1,6,1,57,9,1686,2,21,7,1,7
2016471605637,2,19,0,17,0,0,0,0,0,0,1,1,1,1,51,8,1753,2,11,1,1,1
2016471605638,1,9,0,18,0,0,0,0,2,4,1,1,6,1,50,8,3600,6,20,6,1,6
2016471605639,1,5,0,13,0,8,0,0,0,0,1,1,6,1,35,6,1293,1,5,10,2,10
2016471605639,2,9,0,9,0,8,0,0,0,0,3,1,6,1,35,6,1498,1,-1,6,1,6
2016471605640,1,9,0,18,0,1,0,0,0,0,1,1,6,1,65,9,1999,1,13,9,1,9
2016471605640,2,9,0,3,0,1,0,0,0,0,2,1,3,2,48,8,1360,1,13,6,1,6
2016471605641,1,9,0,9,0,8,0,0,0,0,1,1,1,1,37,7,1390,1,3,10,1,10
2016471605641,2,1,0,18,0,1,0,0,0,0,1,1,2,1,45,7,-1,-1,-1,6,1,6
2016471605644,1,3,0,15,0,2,1,0,0,0,4,1,6,1,17,4,-1,-1,-1,7,3,7
2016471605644,2,9,0,18,0,1,0,0,0,0,1,1,6,1,48,8,1596,1,12,8,1,8
2016471605646,1,9,0,18,0,1,0,0,0,0,1,1,6,2,47,8,998,1,16,9,2,9
2016471605646,2,9,0,7,0,1,0,0,0,0,2,1,6,2,39,7,1598,2,-1,8,2,8
2016471605647,1,5,0,18,0,8,0,0,0,0,4,1,6,1,57,9,-1,-1,-1,-1,-1,-1
2016471605647,2,9,0,18,0,8,0,0,0,0,1,1,6,2,44,7,1598,1,11,4,1,4
2016471605648,1,9,0,18,0,1,0,0,0,0,4,1,6,2,38,7,1984,1,-1,8,1,8
2016471605650,1,9,0,18,0,0,1,0,2,1,1,1,6,1,22,5,1796,1,15,4,1,4
2016471605651,1,9,0,17,0,0,5,0,1,4,4,1,6,2,18,4,995,1,11,7,3,7
2016471605655,1,9,0,18,0,0,0,0,0,0,4,1,6,2,49,8,1582,2,3,10,1,10
2016471605657,1,11,0,5,2,8,0,0,0,0,0,1,1,1,50,8,9000,2,8,3,1,3
2016471605658,1,9,0,9,0,5,0,0,0,0,4,1,6,2,24,5,1149,1,15,7,2,7
2016471605658,2,4,0,18,0,1,0,0,0,0,1,1,6,1,21,5,124,1,1,2,1,2
2016471605659,1,9,0,18,0,2,5,0,1,9,3,1,2,1,19,4,1390,1,12,2,1,2
2016471605662,1,19,0,18,0,4,0,0,1,0,1,2,1,1,47,8,-1,-1,-1,-1,-1,-1
2016471605662,2,9,0,18,0,4,0,0,1,0,4,1,2,1,37,7,1968,2,7,7,1,7
2016471605664,1,5,0,18,0,1,0,0,0,0,0,1,1,1,22,5,998,1,7,4,1,4
2016471605664,2,11,0,7,0,2,0,0,0,0,0,1,1,1,27,6,4500,2,4,1,1,1
2016471605666,1,9,0,5,0,4,0,0,0,0,4,1,6,2,62,9,-1,-1,-1,6,3,6
2016471605666,2,9,0,18,0,3,0,0,0,0,0,1,6,2,18,4,1051,1,12,3,1,3
2016471605668,1,1,0,5,0,0,0,0,0,0,1,1,6,1,18,4,-1,-1,-1,2,1,2
2016471605668,2,9,0,18,0,0,0,0,0,0,1,1,6,1,70,10,1600,1,22,2,1,2
2016471605670,1,9,0,18,0,1,0,0,0,0,1,1,2,2,40,7,1910,2,9,4,1,4
2016471605670,2,9,0,9,0,6,0,0,0,0,4,1,2,2,43,7,1995,2,12,4,1,4
2016471605673,1,9,0,18,0,1,0,0,0,0,1,1,6,1,47,8,1984,1,15,-1,-1,-1
2016471605673,2,8,0,3,0,1,0,0,0,0,2,1,1,1,42,7,1560,2,4,4,1,4
2016471605675,1,19,0,18,0,0,1,0,0,0,1,1,2,1,47,8,2198,2,3,-1,-1,-1
2016471605675,2,19,0,3,0,0,0,0,0,0,2,1,2,1,59,9,2460,2,9,9,1,9
2016471605675,3,9,0,3,0,0,0,0,0,0,2,1,6,1,24,5,1242,1,8,7,1,7
2016471605676,1,9,0,9,0,1,0,0,0,0,3,1,6,1,27,6,1796,1,13,4,1,4
2016471605676,2,1,0,18,0,1,0,0,0,0,1,1,6,1,35,6,-1,-1,-1,1,1,1
2016471605677,1,9,0,18,0,0,0,0,0,0,1,1,6,1,68,10,1349,1,6,8,1,8
2016471605678,1,9,0,18,0,8,0,0,0,0,4,1,6,1,17,4,1490,1,8,6,3,6
2016471605678,2,9,0,18,0,1,0,0,0,0,1,1,6,2,66,10,1328,1,10,7,1,7
2016471605679,1,9,0,18,0,4,0,9,1,1,1,1,6,1,25,5,1596,1,2,1,1,1
2016471605680,1,9,0,10,0,2,0,0,0,0,3,1,6,2,42,7,1598,1,8,9,1,9
2016471605680,2,1,0,18,0,1,0,0,0,0,1,1,6,1,23,5,-1,-1,-1,3,1,3
2016471605681,1,9,0,17,0,3,1,0,7,3,3,1,6,1,49,8,3600,1,14,6,1,6
2016471605683,1,1,0,18,0,0,0,0,0,0,1,1,6,1,30,6,-1,-1,-1,7,3,7
2016471605683,2,9,0,18,0,0,0,0,0,0,3,1,6,2,39,7,1896,2,11,8,1,8
2016471605685,1,9,0,1,0,0,0,0,0,0,2,1,6,2,84,11,2494,1,14,6,3,6
2016471605685,2,9,0,2,0,0,0,0,0,0,1,1,6,3,-1,-1,1318,1,-1,-1,-1,-1
2016471605686,1,9,0,12,0,2,0,0,0,0,1,1,1,3,30,6,-1,-1,-1,-1,-1,-1
2016471605686,2,1,0,17,0,2,0,0,0,0,1,1,6,2,32,6,-1,-1,-1,9,1,9
2016471605690,1,9,0,18,0,3,0,0,0,0,1,1,6,3,30,6,-1,-1,-1,-1,-1,-1
2016471605690,2,1,0,18,0,2,0,0,0,0,2,1,1,2,16,4,-1,-1,-1,8,1,8
2016471605691,1,19,0,18,0,0,0,0,0,0,4,1,1,1,31,6,2148,2,7,5,1,5
2016471605692,1,8,0,6,0,1,0,0,0,0,3,1,3,1,33,6,1968,2,2,4,1,4
2016471605692,2,20,4,18,0,8,0,0,0,0,1,1,1,1,61,9,5193,2,10,9,2,9
2016471605695,1,5,0,17,0,0,0,0,0,0,1,1,6,1,45,7,998,1,6,4,1,4
2016471605696,1,9,0,9,0,6,0,0,0,0,3,1,6,1,80,11,1499,1,-1,5,2,5
2016471605696,2,5,0,18,0,8,1,0,0,0,1,1,6,1,72,10,659,1,25,5,2,5
2016471605697,1,9,0,16,0,0,1,0,0,0,1,1,6,1,23,5,1796,1,12,8,1,8
2016471605697,2,9,0,18,0,0,0,0,1,10,1,1,6,1,89,11,998,1,1,10,1,10
2016471605697,3,9,0,18,0,0,0,0,0,0,1,1,6,1,47,8,1388,1,10,8,3,8
2016471605698,1,9,0,9,0,8,0,0,0,0,3,1,2,1,40,7,1910,2,11,7,1,7
2016471605698,2,3,0,18,0,1,1,0,0,0,1,1,6,1,24,5,124,1,3,2,1,2
2016471605703,1,19,0,7,0,6,0,0,0,0,1,1,1,1,23,5,2143,2,2,3,1,3
2016471605703,2,4,0,16,0,1,0,0,0,0,1,1,6,1,61,9,1170,1,1,9,2,9
2016471605704,1,11,0,9,0,8,0,0,0,0,1,1,1,1,41,7,9360,2,3,6,1,6
2016471605705,1,11,0,18,0,0,0,0,0,0,0,1,6,1,34,6,5132,2,1,6,1,6
2016471605706,1,9,0,5,0,3,0,0,0,0,1,1,1,1,40,7,1490,1,8,7,1,7
2016471605706,2,1,0,18,0,8,0,0,0,0,1,1,6,1,19,4,-1,-1,-1,10,1,10
2016471605708,1,9,0,9,0,6,0,0,0,0,1,1,6,1,30,6,1396,1,6,10,1,10
2016471605708,2,2,0,14,0,8,0,0,0,0,4,1,6,1,16,4,49,1,11,7,1,7
2016471605713,1,9,0,18,0,0,0,0,0,0,1,1,6,1,55,8,1242,1,12,5,1,5
2016471605714,1,9,0,18,0,4,0,0,0,0,1,1,6,2,19,4,1360,1,9,5,1,5
2016471605714,2,9,0,18,0,4,0,0,0,0,2,1,6,1,44,7,1596,1,11,4,1,4
2016471605716,1,1,0,13,0,1,0,0,0,0,1,1,6,1,24,5,-1,-1,-1,7,1,7
2016471605716,2,9,0,9,0,5,0,0,0,0,3,1,1,2,33,6,1248,1,2,2,1,2
2016471605719,1,9,0,9,0,8,0,0,0,0,2,1,1,2,55,8,1595,1,14,9,1,9
2016471605719,2,1,0,18,0,8,0,0,0,0,1,1,6,1,30,6,-1,-1,-1,7,1,7
2016471605720,1,9,0,9,0,4,0,0,0,0,3,1,1,1,48,8,-1,-1,-1,10,1,10
2016471605720,2,1,0,18,0,4,0,0,0,0,1,1,6,1,48,8,-1,-1,-1,4,2,4
2016471605721,1,9,0,7,0,6,0,0,0,0,1,1,2,1,43,7,1397,1,14,8,1,8
2016471605721,2,1,0,7,0,6,0,0,0,0,3,1,1,2,52,8,-1,-1,-1,8,1,8
2016471605722,1,9,0,18,0,0,0,0,1,2,1,1,6,1,20,4,-1,-1,-1,8,1,8
2016471605726,1,9,0,5,0,0,0,0,0,0,1,1,6,1,26,6,1587,1,14,8,1,8
2016471605726,2,9,0,18,0,0,0,0,0,0,1,1,6,2,65,9,1598,1,9,3,1,3
2016471605727,1,9,0,18,0,1,0,0,0,0,1,1,6,1,29,6,998,1,3,10,1,10
2016471605727,2,9,0,18,0,1,0,0,0,0,2,1,6,2,26,6,2143,2,-1,4,1,4
2016471605727,3,9,0,18,0,2,0,0,0,0,0,1,6,3,40,7,-1,-1,-1,-1,-1,-1
2016471605728,1,19,0,5,0,6,0,0,0,0,1,1,6,1,40,7,-1,-1,-1,-1,-1,-1
2016471605728,2,1,0,18,0,1,0,0,0,0,1,1,6,2,15,3,-1,-1,-1,6,1,6
2016471605730,1,9,0,18,0,1,0,0,0,0,1,1,6,1,63,9,4367,2,3,10,1,10
2016471605730,2,9,0,3,0,1,0,0,0,0,1,1,6,2,24,5,1582,2,2,4,1,4
2016471605731,1,9,0,9,0,4,0,0,0,0,1,1,6,1,27,6,1995,1,5,9,1,9
2016471605731,2,5,0,9,0,5,0,0,0,0,1,1,6,1,40,7,645,1,-1,8,3,8
2016471605733,1,9,0,13,0,8,0,0,0,0,1,1,6,2,28,6,1595,1,13,4,1,4
2016471605733,2,1,0,9,0,1,0,0,0,0,3,1,6,1,54,8,-1,-1,-1,8,1,8
2016471605737,1,9,0,18,0,1,0,0,0,0,1,1,6,1,44,7,1995,2,3,8,3,8
2016471605739,1,19,0,17,0,2,2,0,0,10,4,1,1,1,27,6,2402,2,5,2,1,2
2016471605739,2,19,0,16,0,1,0,0,0,0,3,1,1,1,66,10,2148,2,9,10,1,10
2016471605740,1,9,0,9,0,8,0,0,0,0,1,1,1,1,53,8,1985,1,18,7,3,7
2016471605740,2,1,0,13,0,8,0,0,0,0,4,1,6,1,62,9,-1,-1,-1,1,1,1
2016471605740,3,9,0,3,0,8,0,0,0,0,0,1,6,1,30,6,-1,-1,-1,-1,-1,-1
2016471605741,1,9,0,18,0,1,0,0,3,0,1,1,6,1,81,11,1398,1,3,7,3,7
2016471605741,2,9,0,18,0,1,0,0,0,0,1,1,6,2,41,7,1598,1,10,3,1,3
2016471605742,1,9,0,18,0,0,0,0,0,0,1,1,6,1,18,4,1398,1,14,7,2,7
2016471605742,2,9,0,18,0,0,0,0,0,0,2,1,6,2,55,8,999,1,-1,8,1,8
2016471605742,3,11,0,5,0,0,0,0,0,0,0,1,6,1,-1,-1,-1,-1,-1,-1,-1,-1
2016471605744,1,9,0,15,0,0,0,0,0,0,3,1,2,1,26,6,1896,2,13,8,3,8
2016471605744,2,9,0,18,0,0,0,0,1,0,4,1,2,1,43,7,1984,1,7,5,1,5
2016471605746,1,9,0,18,0,0,0,0,0,0,0,1,6,1,23,5,1995,2,4,8,1,8
2016471605746,2,9,0,18,0,0,0,0,0,0,2,1,6,1,66,10,1242,1,1,6,2,6
2016471605746,3,9,0,4,0,0,0,0,0,0,0,1,6,1,63,9,-1,-1,-1,6,1,6
2016471605749,1,19,0,18,0,1,0,0,0,0,1,1,6,1,72,10,-1,-1,-1,6,3,6
2016471605751,1,9,0,18,0,0,0,0,1,1,4,1,6,2,28,6,1149,1,13,9,2,9
2016471605752,1,9,0,18,0,8,0,0,1,4,1,1,6,2,34,6,1598,1,11,9,1,9
2016471605753,1,9,0,9,0,6,0,0,0,0,1,1,6,2,45,7,1798,1,5,7,1,7
2016471605753,2,9,0,18,0,1,0,0,0,0,4,1,6,2,21,5,1242,1,1,4,1,4
2016471605757,1,9,0,18,0,0,0,0,0,0,1,1,4,2,18,4,1198,1,13,10,1,10
2016471605757,2,9,0,18,0,0,0,0,0,0,2,1,6,2,31,6,1364,1,7,5,1,5
2016471605758,1,9,0,18,0,2,0,0,0,0,2,1,6,2,40,7,1997,2,11,4,1,4
2016471605761,1,9,0,7,0,6,0,0,0,0,1,1,2,2,29,6,1124,1,12,4,1,4
2016471605761,2,9,0,2,0,2,0,0,7,0,3,1,2,3,-1,-1,1388,1,14,-1,-1,-1
2016471605761,3,9,0,3,0,2,0,0,0,0,3,1,2,1,50,8,1984,1,14,4,1,4
2016471605762,1,9,0,11,0,0,0,0,0,0,3,1,1,2,59,9,999,1,3,9,1,9
2016471605762,2,8,0,12,0,0,1,0,5,6,1,1,1,1,50,8,1796,1,11,5,1,5
2016471605764,1,9,0,9,0,8,0,0,0,0,1,1,6,2,34,6,1398,1,13,3,1,3
2016471605765,1,9,0,18,0,8,0,0,0,0,1,1,6,3,-1,-1,-1,-1,-1,-1,-1,-1
2016471605765,2,1,0,9,0,8,0,0,0,0,3,1,6,1,36,7,-1,-1,-1,3,1,3
2016471605769,1,9,0,2,0,8,0,0,0,0,3,1,6,3,-1,-1,1598,1,7,-1,-1,-1
2016471605769,2,9,0,18,0,8,0,0,0,0,4,1,6,1,55,8,1586,1,-1,1,1,1
2016471605769,3,9,0,3,0,8,0,0,0,0,1,1,1,2,46,8,1598,1,9,6,3,6
2016471605771,1,9,0,18,0,0,0,0,4,6,1,1,6,2,21,5,1108,1,7,4,1,4
2016471605772,1,9,0,4,0,1,0,0,0,0,1,1,6,2,67,10,999,1,2,3,1,3
2016471605772,2,3,0,4,0,4,0,0,0,0,2,1,6,1,22,5,124,1,4,6,1,6
2016471605773,1,9,0,1,7,1,0,0,0,0,2,1,6,1,29,6,1753,2,13,3,1,3
2016471605774,1,9,0,18,0,8,0,0,0,0,1,1,6,1,28,6,1598,1,12,6,1,6
2016471605774,2,1,0,9,0,8,0,0,0,0,2,1,6,1,55,8,-1,-1,-1,8,1,8
2016471605779,1,9,0,18,0,0,1,0,0,0,1,1,6,1,23,5,1941,1,11,2,1,2
2016471605779,2,1,0,18,0,0,0,0,0,0,2,1,6,2,42,7,-1,-1,-1,6,1,6
2016471605782,1,9,0,9,0,2,0,0,0,0,4,1,6,1,60,9,-1,-1,-1,2,1,2
2016471605782,2,4,0,4,0,1,1,0,0,0,1,1,6,1,28,6,396,1,27,1,1,1
2016471605783,1,9,0,5,2,6,0,0,0,0,3,1,6,2,20,4,1598,1,12,8,1,8
2016471605783,2,9,0,16,0,1,0,0,0,0,4,1,6,1,23,5,1242,1,11,4,1,4
2016471605785,1,9,0,9,0,8,0,0,0,0,1,1,6,2,30,6,1360,1,9,4,1,4
2016471605785,2,1,0,18,0,8,0,0,0,0,1,1,1,2,35,6,-1,-1,-1,4,1,4
2016471605786,1,9,0,18,0,0,0,0,0,0,0,1,2,1,49,8,1968,2,12,3,1,3
2016471605786,2,5,0,18,0,0,0,0,1,0,0,1,6,1,43,7,660,1,9,7,1,7
2016471605787,1,90,0,18,0,1,0,0,0,0,1,1,6,1,70,10,2370,2,22,8,2,8
2016471605787,2,9,0,7,0,1,0,0,1,11,2,1,6,2,34,6,1598,1,11,8,1,8
2016471605788,1,9,0,9,0,1,0,0,0,0,3,1,6,1,19,4,1368,1,6,7,1,7
2016471605788,2,5,0,13,0,1,0,0,0,0,1,1,6,1,38,7,1137,1,12,10,1,10
2016471605789,1,9,0,9,0,5,0,0,0,0,1,1,6,1,47,8,1998,1,-1,8,1,8
2016471605789,2,1,0,18,0,8,0,0,0,0,3,1,6,2,57,9,-1,-1,-1,8,1,8
2016471605791,1,19,0,9,0,6,0,0,0,0,1,1,1,1,26,6,2198,2,-1,3,1,3
2016471605791,2,8,0,18,0,8,0,0,0,0,4,1,1,1,33,6,1560,2,3,-1,-1,-1
2016471605792,1,9,0,18,0,0,5,10,1,0,1,1,6,1,45,7,1527,2,15,3,1,3
2016471605794,1,9,0,4,0,1,1,0,0,0,1,1,6,2,27,6,1124,1,15,6,1,6
2016471605794,2,9,0,3,0,1,0,0,0,0,2,1,6,1,57,9,1685,2,1,5,1,5
2016471605794,3,9,0,10,0,1,0,0,0,0,0,1,6,3,30,6,-1,-1,-1,-1,-1,-1
2016471605795,1,19,0,18,0,0,5,0,5,6,1,1,1,1,27,6,1868,2,12,4,1,4
2016471605796,1,4,0,9,0,6,0,0,0,0,1,1,6,1,29,6,125,1,-1,6,2,6
2016471605796,2,9,0,18,0,1,0,0,0,0,1,1,6,2,81,11,1349,1,2,5,1,5
2016471605796,3,9,0,4,0,1,0,0,0,0,0,1,6,1,51,8,1461,2,8,9,1,9
2016471605799,1,9,0,18,0,0,0,0,0,0,1,1,6,1,43,7,1364,1,10,6,3,6
2016471605801,1,20,0,15,0,0,0,0,0,0,0,1,6,1,54,8,5861,2,23,8,3,8
2016471605801,2,5,0,18,0,0,1,0,1,11,1,1,6,1,51,8,999,1,7,8,2,8
2016471605801,3,1,0,18,0,0,0,0,0,0,0,1,6,1,49,8,-1,-1,-1,3,1,3
2016471605801,4,1,0,18,0,0,0,0,0,0,0,1,6,3,28,6,-1,-1,-1,-1,1,-1
2016471605801,5,1,0,18,0,0,0,0,0,0,0,1,6,1,32,6,-1,-1,-1,4,2,4
2016471605802,1,9,0,9,0,6,0,0,0,0,1,1,1,1,24,5,1753,2,13,2,1,2
2016471605802,2,9,0,18,0,1,0,0,0,0,1,1,6,1,29,6,1587,1,13,2,1,2
2016471605803,1,5,0,18,0,1,0,0,0,0,3,1,1,1,23,5,-1,-1,-1,-1,-1,-1
2016471605803,2,9,0,18,0,1,0,0,0,0,4,1,1,1,31,6,1984,1,2,8,1,8
2016471605804,1,9,0,18,0,0,0,0,0,0,1,1,6,2,21,5,1598,1,3,10,1,10
2016471605804,2,9,0,2,0,0,0,0,0,0,0,1,2,1,36,7,1868,2,12,7,1,7
2016471605805,1,9,0,9,0,6,0,0,0,0,1,1,6,1,87,11,1598,1,20,8,3,8
2016471605805,2,9,0,18,0,8,0,0,0,0,4,1,6,1,74,10,996,1,1,9,1,9
2016471605806,1,5,0,17,0,0,0,0,0,0,1,1,6,1,23,5,649,1,1,8,1,8
2016471605807,1,9,0,18,0,1,0,0,0,0,1,1,6,2,30,6,1560,2,1,4,1,4
2016471605807,2,9,0,3,0,1,0,0,0,0,2,1,1,1,24,5,1596,1,12,6,1,6
2016471605810,1,9,0,9,0,2,0,0,0,0,4,1,6,1,60,9,2143,2,4,7,3,7
2016471605810,2,9,0,18,0,2,0,0,0,0,1,1,6,2,32,6,2143,2,5,8,1,8
2016471605811,1,1,0,16,0,8,0,0,0,0,4,1,2,1,49,8,-1,-1,-1,2,1,2
2016471605812,1,90,0,18,0,0,0,0,0,0,4,1,6,1,78,11,2700,2,10,9,3,9
2016471605812,2,9,0,2,0,0,0,0,0,0,4,1,6,3,-1,-1,1598,1,1,-1,-1,-1
2016471605814,1,9,0,13,0,0,0,0,0,0,0,1,6,1,60,9,1997,2,9,7,3,7
2016471605814,2,90,5,18,0,0,5,0,0,0,0,1,6,1,53,8,-1,-1,-1,6,3,6
2016471605815,1,9,0,9,0,2,0,0,0,0,1,1,6,3,-1,-1,-1,-1,-1,-1,-1,-1
2016471605818,1,9,0,1,0,1,0,0,0,0,2,1,6,3,45,7,1796,1,10,-1,-1,-1
2016471605818,2,1,0,18,0,1,0,0,1,10,1,1,6,1,23,5,-1,-1,-1,7,1,7
2016471605820,1,5,0,13,0,0,1,0,0,0,3,1,6,1,35,6,998,1,7,8,1,8
2016471605820,2,9,0,18,0,0,0,0,0,0,0,1,6,1,68,10,1560,2,9,8,1,8
2016471605820,3,9,0,18,0,0,0,0,0,0,0,1,6,1,48,8,1598,1,3,2,1,2
2016471605820,4,9,0,18,0,0,0,0,0,0,1,1,1,2,57,9,1229,1,4,10,2,10
2016471605821,1,9,0,6,0,4,0,0,0,0,1,1,6,2,52,8,998,1,2,7,1,7
2016471605821,2,19,0,18,0,3,0,0,0,0,2,1,6,2,39,7,-1,-1,-1,8,3,8
2016471605824,1,3,0,17,0,0,1,0,1,9,1,1,6,2,28,6,125,1,1,3,1,3
2016471605826,1,9,0,18,0,0,1,0,0,0,1,1,6,2,38,7,1360,1,13,6,1,6
2016471605826,2,19,0,18,0,0,0,0,0,0,2,1,6,1,54,8,1461,2,6,9,3,9
2016471605829,1,9,0,18,0,0,0,0,0,0,3,1,6,2,35,6,1499,2,1,5,1,5
2016471605829,2,5,0,13,0,0,0,0,0,0,4,1,6,1,17,4,749,1,18,5,1,5
2016471605829,3,9,0,18,0,0,0,0,0,0,4,1,1,1,34,6,-1,-1,-1,1,1,1
2016471605830,1,9,0,11,0,0,0,0,2,2,1,1,1,1,51,8,1598,1,9,9,1,9
2016471605831,1,19,0,9,0,6,0,0,0,0,1,1,1,1,47,8,2464,2,8,4,1,4
2016471605831,2,9,0,18,0,1,0,0,0,0,1,1,6,2,47,8,1995,2,3,10,1,10