Accident_Index,Vehicle_Reference,Vehicle_Type,Towing_and_Articulation,Vehicle_Manoeuvre,Vehicle_Location-Restricted_Lane,Junction_Location,Skidding_and_Overturning,Hit_Object_in_Carriageway,Vehicle_Leaving_Carriageway,Hit_Object_off_Carriageway,1st_Point_of_Impact,Was_Vehicle_Left_Hand_Drive?,Journey_Purpose_of_Driver,Sex_of_Driver,Age_of_Driver,Age_Band_of_Driver,Engine_Capacity_(CC),Propulsion_Code,Age_of_Vehicle,Driver_IMD_Decile,Driver_Home_Area_Type,Vehicle_IMD_Decile
2016471605832,1,9,0,11,0,3,0,0,0,0,4,1,6,1,58,9,1598,1,9,10,1,10
2016471605832,2,9,0,18,0,3,0,0,0,0,3,1,6,1,41,7,1582,2,3,7,1,7
2016471605833,1,9,0,4,0,4,0,0,0,0,1,1,6,1,30,6,1587,1,14,10,1,10
2016471605833,2,9,0,4,0,4,0,0,0,0,2,1,6,1,44,7,1798,1,8,7,1,7
2016471605834,1,9,0,9,0,8,0,0,0,0,1,1,6,1,20,4,2792,1,14,6,1,6
2016471605834,2,9,0,18,0,2,0,0,0,0,3,1,6,2,53,8,1598,2,-1,7,1,7
2016471605834,3,9,0,18,0,1,0,0,0,0,3,1,6,1,50,8,1995,1,11,4,1,4
2016471605835,1,9,0,9,0,8,0,0,0,0,4,1,6,1,22,5,1598,2,5,3,1,3
2016471605836,1,5,0,18,0,0,0,4,0,0,1,1,6,1,44,7,727,1,28,1,1,1
2016471605836,2,9,0,4,0,0,0,0,0,0,1,1,6,1,64,9,2499,1,7,9,1,9
2016471605838,1,9,0,5,0,2,0,0,0,0,1,1,6,2,20,4,1086,1,11,5,1,5
2016471605838,2,9,0,18,0,1,0,0,0,0,4,1,6,1,32,6,1560,2,11,4,1,4
2016471605840,1,9,0,1,9,6,0,0,0,0,2,1,6,1,30,6,1598,1,16,7,1,7
2016471605842,1,9,0,16,0,8,0,0,1,7,4,1,6,2,18,4,1242,1,7,8,1,8
2016471605843,1,9,0,5,0,8,0,0,0,0,4,1,6,2,25,5,1229,1,2,5,1,5
2016471605843,2,1,0,18,0,8,0,0,0,0,1,1,6,2,50,8,-1,-1,-1,4,1,4
2016471605845,1,19,0,6,0,0,0,0,0,0,3,1,6,1,38,7,2198,2,3,4,1,4
2016471605845,2,9,0,18,0,0,0,0,0,0,4,1,6,2,29,6,1598,1,9,1,1,1
2016471605846,1,8,0,6,0,0,1,0,1,0,4,1,1,1,54,8,1598,2,5,2,1,2
2016471605846,2,9,0,18,0,0,1,0,1,0,1,1,6,1,58,9,-1,-1,-1,7,1,7
2016471605846,3,9,0,2,6,0,0,0,0,0,2,1,6,3,-1,-1,1461,2,8,-1,-1,-1
2016471605847,1,19,0,18,0,1,0,0,0,0,1,1,1,1,30,6,1560,2,5,7,1,7
2016471605847,2,8,0,3,0,1,0,0,0,0,2,1,1,1,56,9,1968,2,4,10,1,10
2016471605847,3,9,0,3,0,1,0,0,0,0,2,1,6,1,89,11,1296,1,8,6,1,6
2016471605848,1,9,0,9,0,6,0,0,0,0,4,1,6,2,74,10,1339,1,8,9,3,9
2016471605848,2,9,0,18,0,8,0,0,0,0,1,1,6,2,45,7,1560,2,6,4,1,4
2016471605853,1,9,0,9,0,8,0,0,0,0,3,1,6,2,44,7,2987,2,11,6,1,6
2016471605853,2,1,0,18,0,8,0,0,0,0,1,1,2,2,45,7,-1,-1,-1,6,1,6
2016471605854,1,5,0,18,0,0,1,0,0,0,0,1,1,1,41,7,600,1,13,9,1,9
2016471605854,2,21,1,13,0,0,0,0,0,0,0,1,6,3,-1,-1,-1,-1,-1,-1,-1,-1
2016471605854,3,21,0,11,0,0,0,0,0,0,0,1,6,3,-1,-1,-1,-1,-1,-1,-1,-1
2016471605856,1,9,0,18,0,0,0,0,0,0,2,1,2,1,36,7,2993,2,5,6,3,6
2016471605856,2,5,0,18,0,0,0,0,0,0,1,1,6,1,45,7,599,1,18,7,1,7
2016471605856,3,21,0,2,0,0,0,0,0,0,0,1,1,1,30,6,12913,2,9,3,1,3
2016471605857,1,1,0,18,0,6,0,0,0,0,1,1,6,1,15,3,-1,-1,-1,4,1,4
2016471605857,2,19,0,18,0,8,0,0,0,0,1,1,1,2,30,6,2198,2,2,6,1,6
2016471605858,1,9,0,16,0,0,2,10,0,0,4,1,6,1,18,4,1400,1,16,8,1,8
2016471605859,1,9,0,18,0,0,0,0,0,0,4,1,6,2,23,5,1596,1,8,10,3,10
2016471605859,2,11,0,2,0,0,0,0,0,0,0,1,1,1,45,7,9360,2,5,2,1,2
2016471605860,1,9,0,18,0,4,1,0,1,10,1,1,1,2,23,5,1399,1,-1,5,1,5
2016471605860,2,9,0,9,0,4,0,0,0,0,1,1,1,2,29,6,1995,2,8,3,1,3
2016471605860,3,9,0,18,0,1,0,0,0,0,3,1,1,1,20,4,1360,1,14,5,1,5
2016471605861,1,3,0,14,0,1,0,0,0,0,1,1,2,1,23,5,124,1,-1,9,1,9
2016471605861,2,9,0,9,0,6,0,0,0,0,1,1,6,2,48,8,1397,1,6,10,1,10
2016471605861,3,20,0,3,0,1,0,0,0,0,0,1,1,1,50,8,9200,2,11,3,1,3
2016471605862,1,9,0,18,0,1,0,0,0,0,1,1,6,2,19,4,1598,1,13,8,1,8
2016471605862,2,9,0,18,0,1,0,0,0,0,1,1,6,1,31,6,2982,2,7,9,2,9
2016471605864,1,9,0,18,0,1,0,0,0,0,1,1,6,1,63,9,1560,2,4,7,1,7
2016471605866,1,9,0,5,0,4,0,0,0,0,3,1,6,2,50,8,1364,1,12,9,1,9
2016471605866,2,1,0,18,0,8,0,0,0,0,1,1,2,1,40,7,-1,-1,-1,6,1,6
2016471605867,1,5,0,16,0,0,0,0,1,0,1,1,2,2,37,7,696,1,7,3,1,3
2016471605867,2,9,0,17,0,0,0,0,0,0,3,1,2,1,51,8,1360,1,23,7,1,7
2016471605867,3,5,0,16,0,0,0,0,1,0,1,1,2,1,57,9,583,1,24,5,1,5
2016471605870,1,5,0,13,0,1,0,0,1,11,1,1,2,1,48,8,1000,1,-1,10,1,10
2016471605870,2,9,0,9,0,1,0,0,0,0,3,1,6,2,25,5,2143,2,2,6,3,6
2016471605871,1,9,0,18,0,0,0,0,0,0,4,1,6,2,73,10,1598,1,7,10,2,10
2016471605871,2,1,0,18,0,0,0,0,0,0,2,1,6,1,40,7,-1,-1,-1,8,3,8
2016471605874,1,1,0,9,0,6,1,0,0,0,4,1,6,1,13,3,-1,-1,-1,7,1,7
2016471605874,2,9,0,18,0,1,0,0,0,0,3,1,6,2,51,8,1461,2,7,7,1,7
2016471605876,1,9,0,18,0,1,0,0,0,0,1,1,6,1,74,10,1388,1,4,8,3,8
2016471605876,2,9,0,18,0,2,1,0,0,0,1,1,6,1,57,9,1968,2,1,7,1,7
2016471605878,1,9,0,16,0,8,0,0,0,0,1,1,6,2,80,11,998,1,2,10,1,10
2016471605878,2,9,0,17,0,8,0,0,0,0,1,1,6,2,46,8,1560,2,8,4,1,4
2016471605879,1,9,0,4,0,0,0,0,0,0,1,1,6,1,23,5,1596,1,17,3,1,3
2016471605879,2,9,0,4,0,0,0,0,0,0,2,1,6,1,30,6,2967,2,6,4,1,4
2016471605880,1,9,0,9,0,2,0,0,7,3,4,1,6,1,21,5,1388,1,7,2,1,2
2016471605881,1,9,0,9,0,6,0,0,0,0,3,1,6,1,64,9,1598,1,3,8,1,8
2016471605881,2,5,0,13,0,1,0,0,0,0,1,1,6,1,27,6,599,1,15,7,1,7
2016471605882,1,3,0,18,0,2,0,10,7,0,3,1,6,1,17,4,124,1,5,6,2,6
2016471605883,1,9,0,9,0,6,2,0,3,11,4,1,6,1,23,5,1781,1,10,1,1,1
2016471605886,1,9,0,4,0,0,0,0,0,0,1,1,1,2,44,7,998,1,7,10,1,10
2016471605886,2,9,0,4,0,0,0,0,0,0,2,1,6,2,59,9,1461,2,2,8,1,8
2016471605887,1,9,0,9,0,8,0,0,0,0,4,1,6,2,38,7,2191,2,-1,10,1,10
2016471605887,2,3,0,18,0,1,1,0,0,0,3,1,2,1,27,6,125,1,3,4,1,4
2016471605889,1,9,0,7,0,4,0,0,0,0,1,1,6,1,45,7,2495,2,17,7,1,7
2016471605889,2,1,0,3,0,4,0,0,0,0,2,1,6,1,41,7,-1,-1,-1,10,1,10
2016471605890,1,5,0,16,0,0,1,0,0,0,4,1,6,1,26,6,998,1,4,8,1,8
2016471605890,2,9,0,17,0,0,0,0,1,10,3,1,6,1,26,6,1390,1,10,9,2,9
2016471605892,1,3,0,18,0,8,0,0,0,0,4,1,4,1,17,4,125,1,11,3,1,3
2016471605893,1,9,0,18,0,1,0,0,0,0,1,1,6,1,52,8,999,1,-1,3,1,3
2016471605893,2,21,1,4,0,1,0,0,0,0,2,1,1,1,44,7,12740,2,1,7,1,7
2016471605893,3,9,0,9,0,8,0,0,0,0,0,1,6,3,40,7,-1,-1,-1,-1,-1,-1
2016471605894,1,19,0,1,0,1,0,0,0,0,2,1,1,1,23,5,2198,2,1,-1,-1,-1
2016471605894,2,4,0,2,0,2,0,0,0,0,1,1,6,1,63,9,-1,-1,-1,2,1,2
2016471605896,1,11,0,18,0,1,0,0,0,0,4,1,1,3,-1,-1,9000,2,2,-1,-1,-1
2016471605896,2,1,0,18,0,1,0,0,0,0,3,1,6,1,25,5,-1,-1,-1,2,1,2
2016471605899,1,9,0,18,0,0,5,7,0,0,1,1,6,1,19,4,998,1,12,7,1,7
2016471605901,1,9,0,9,0,5,0,0,0,0,4,1,6,1,21,5,1368,1,10,3,1,3
2016471605901,2,1,0,18,0,8,0,0,0,0,1,1,6,1,19,4,-1,-1,-1,3,1,3
2016471605902,1,1,0,18,5,8,0,0,0,0,1,1,6,1,27,6,-1,-1,-1,9,2,9
2016471605902,2,9,0,5,0,6,0,0,0,0,1,1,6,1,55,8,1796,1,18,10,1,10
2016471605903,1,9,0,16,0,8,0,0,0,0,1,1,2,1,20,4,1242,1,9,9,1,9
2016471605905,1,1,0,18,0,0,0,0,0,0,1,1,6,1,25,5,-1,-1,-1,3,1,3
2016471605905,2,9,0,5,0,0,0,0,0,0,4,1,6,1,56,9,1589,1,19,8,1,8
2016471605906,1,9,0,4,0,0,2,0,1,0,1,1,6,2,58,9,1341,1,18,6,3,6
2016471605906,2,9,0,3,0,0,0,0,0,0,4,1,1,1,30,6,1560,2,-1,3,1,3
2016471605907,1,9,0,16,0,8,0,0,7,9,1,1,6,2,46,8,1461,2,-1,7,1,7
2016471605908,1,9,0,9,0,1,0,0,0,0,3,1,6,1,66,10,998,1,17,6,1,6
2016471605908,2,9,0,18,0,1,0,0,0,0,1,1,6,1,22,5,1997,1,15,1,1,1
2016471605916,1,9,0,9,0,8,0,0,0,0,1,1,6,1,38,7,1198,1,12,4,1,4
2016471605916,2,3,0,18,0,1,0,0,0,0,1,1,6,1,44,7,125,1,-1,9,1,9
2016471605918,1,9,0,12,0,0,0,0,0,0,3,1,6,1,24,5,1995,2,10,8,1,8
2016471605918,2,9,0,13,0,0,0,0,0,0,4,1,6,2,28,6,1598,2,1,2,1,2
2016471605919,1,9,0,17,0,0,1,0,0,0,1,1,6,2,21,5,1299,1,14,9,1,9
2016471605919,2,9,0,18,0,0,0,0,0,0,1,1,6,2,44,7,1598,1,11,8,1,8
2016471605920,1,9,0,4,0,2,1,0,0,0,1,1,6,2,37,7,1248,2,9,7,2,7
2016471605920,2,9,0,18,0,1,5,0,0,0,4,1,6,1,77,11,1461,2,1,9,1,9
2016471605923,1,9,0,18,0,8,0,4,0,0,1,1,6,1,54,8,1586,1,2,6,1,6
2016471605923,2,9,0,18,0,8,0,0,0,0,1,1,6,2,34,6,1240,1,6,3,1,3
2016471605923,3,9,0,2,0,2,0,0,0,0,2,1,6,3,-1,-1,1686,2,13,-1,-1,-1
2016471605923,4,9,0,2,0,2,0,0,0,0,2,1,6,3,-1,-1,1598,1,7,-1,-1,-1
2016471605923,5,19,0,2,0,2,0,0,0,0,3,1,6,3,-1,-1,-1,-1,-1,-1,-1,-1
2016471605924,1,9,0,18,0,0,5,0,0,0,3,1,6,1,20,4,1299,1,14,6,1,6
2016471605927,1,1,0,18,0,0,0,10,1,0,1,1,6,1,71,10,-1,-1,-1,4,1,4
2016471605929,1,9,0,9,0,5,0,0,0,0,1,1,6,2,56,9,1560,2,7,8,1,8
2016471605929,2,9,0,18,0,8,0,0,0,0,1,1,6,1,65,9,1328,1,14,6,1,6
2016471605934,1,9,0,18,0,0,0,0,0,0,1,1,6,1,45,7,1968,2,6,9,2,9
2016471605934,2,9,0,4,0,0,0,0,0,0,2,1,1,1,66,10,1197,1,2,3,1,3
2016471605935,1,9,0,9,0,5,0,0,0,0,1,1,2,1,41,7,1997,2,11,3,1,3
2016471605935,2,3,0,18,0,1,0,0,0,0,1,1,1,1,28,6,124,1,5,6,1,6
2016471605937,1,4,0,18,0,1,0,4,1,11,3,1,6,1,22,5,124,1,-1,9,2,9
2016471605937,2,9,0,18,0,2,0,0,0,0,3,1,6,1,27,6,1798,1,8,6,3,6
2016471605937,3,9,0,2,0,2,0,0,0,0,2,1,6,3,-1,-1,-1,-1,-1,-1,-1,-1
2016471605941,1,5,0,18,0,8,0,0,2,11,1,1,6,1,66,10,798,1,6,4,1,4
2016471605942,1,9,0,18,0,0,0,0,0,0,1,1,6,2,20,4,-1,-1,-1,-1,-1,-1
2016471605942,2,9,0,18,0,0,0,0,0,0,3,1,2,2,41,7,1781,1,13,8,1,8
2016471605942,3,9,0,2,0,0,0,0,0,0,3,1,6,3,-1,-1,-1,-1,-1,-1,-1,-1
2016471605943,1,1,0,9,0,8,0,0,0,0,1,1,4,1,17,4,-1,-1,-1,4,1,4
2016471605943,2,3,0,18,0,8,0,0,0,0,1,1,1,1,21,5,124,1,11,8,1,8
2016471605945,1,9,0,7,0,4,0,0,0,0,1,1,2,2,42,7,1999,2,-1,9,1,9
2016471605945,2,1,0,18,0,8,0,0,0,0,4,1,6,1,70,10,-1,-1,-1,10,1,10
2016471605946,1,5,0,14,0,1,0,0,0,0,4,1,6,1,31,6,599,1,17,3,1,3
2016471605946,2,9,0,10,0,1,0,0,0,0,2,1,6,2,62,9,2799,1,22,10,1,10
2016471605947,1,9,0,18,0,0,0,0,0,0,4,1,6,1,78,11,1798,1,3,8,1,8
2016471605947,2,1,0,18,0,0,0,0,0,0,3,1,6,1,55,8,-1,-1,-1,5,3,5
2016471605952,1,9,0,9,0,5,0,0,0,0,4,1,6,2,53,8,1998,1,14,6,3,6
2016471605952,2,5,0,18,0,8,0,0,0,0,1,1,6,1,53,8,599,1,11,5,3,5
2016471605953,1,9,0,16,0,0,2,0,7,4,3,1,6,1,49,8,3696,1,-1,9,2,9
2016471605954,1,9,0,5,0,1,0,0,0,0,3,1,6,1,30,6,1968,2,3,5,1,5
2016471605954,2,1,0,18,0,1,0,0,0,0,4,1,2,2,23,5,-1,-1,-1,4,1,4
2016471605955,1,9,0,18,0,0,0,0,0,0,3,1,6,2,39,7,1968,2,8,-1,-1,-1
2016471605955,2,9,0,18,0,0,0,0,0,0,3,1,6,1,20,4,1910,2,11,4,3,4
2016471605957,1,9,0,17,0,1,0,0,0,0,0,1,6,1,59,9,1984,1,4,4,1,4
2016471605957,2,4,0,16,0,8,0,0,0,0,0,1,6,2,39,7,883,1,-1,8,1,8
2016471605959,1,9,0,9,0,2,0,0,0,0,1,1,6,1,61,9,1794,1,12,1,1,1
2016471605962,1,9,0,9,0,1,0,0,0,0,4,1,6,2,22,5,973,1,15,4,1,4
2016471605962,2,1,0,18,0,1,0,0,0,0,3,1,2,2,22,5,-1,-1,-1,8,1,8
2016471605963,1,9,0,13,0,1,0,0,0,0,4,1,1,1,37,7,1753,2,7,3,1,3
2016471605963,2,9,0,9,0,8,0,0,0,0,3,1,6,2,54,8,1998,2,10,1,1,1
2016471605966,1,19,0,7,0,1,0,0,0,0,3,1,1,1,34,6,2402,2,7,4,1,4
2016471605966,2,8,0,7,0,2,0,0,0,0,1,1,1,1,64,9,1870,2,5,10,1,10
2016471605967,1,9,0,18,0,2,0,0,0,0,1,1,2,1,30,6,1997,2,14,7,1,7
2016471605969,1,9,0,18,0,4,0,0,0,0,1,1,6,2,36,7,1598,1,6,10,1,10
2016471605969,2,1,0,18,0,8,0,0,0,0,4,1,6,1,50,8,-1,-1,-1,10,1,10
2016471605970,1,9,0,18,0,0,0,0,0,0,1,1,6,2,44,7,1587,1,14,9,1,9
2016471605970,2,19,0,18,0,0,0,0,0,0,2,1,1,1,57,9,2000,2,14,7,2,7
2016471605972,1,9,0,9,0,8,0,0,0,0,3,1,6,3,-1,-1,-1,-1,-1,-1,-1,-1
2016471605972,2,1,0,18,0,8,0,0,0,0,1,1,6,1,29,6,-1,-1,-1,7,1,7
2016471605973,1,5,0,7,0,8,0,0,0,0,0,1,6,1,52,8,599,1,11,6,1,6
2016471605974,1,23,0,18,0,0,0,10,0,0,1,1,6,1,52,8,-1,-1,-1,9,1,9
2016471605976,1,9,0,1,0,0,0,0,0,0,2,1,6,2,48,8,1598,1,3,1,1,1
2016471605976,2,9,0,2,0,0,0,0,0,0,0,1,6,1,72,10,1999,1,9,6,1,6
2016471605978,1,9,0,18,0,0,0,0,0,0,3,1,6,2,44,7,1596,1,5,8,1,8
2016471605981,1,5,0,18,0,1,0,0,0,0,1,1,6,1,50,8,553,1,20,2,1,2
2016471605981,2,9,0,4,0,1,0,0,0,0,3,1,6,2,49,8,998,1,8,10,1,10
2016471605982,1,9,0,6,0,0,0,0,0,0,3,1,6,2,42,7,1598,2,-1,7,3,7
2016471605982,2,5,0,14,0,0,0,0,0,0,1,1,6,1,35,6,1783,1,-1,3,1,3
2016471605983,1,9,0,18,0,8,0,0,0,0,1,1,2,2,43,7,1198,1,9,8,1,8
2016471605983,2,9,0,18,0,8,0,0,0,0,1,1,2,2,24,5,1332,1,18,4,1,4
2016471605985,1,9,0,9,0,8,0,0,0,0,1,1,1,2,22,5,998,1,1,7,1,7
2016471605985,2,9,0,18,0,8,0,0,0,0,1,1,1,2,41,7,1364,1,9,6,1,6
2016471605986,1,9,0,9,0,5,0,0,0,0,3,1,2,1,47,8,1896,2,12,6,2,6
2016471605986,2,5,0,14,0,1,1,0,0,0,4,1,2,1,35,6,900,1,14,3,1,3
2016471605986,3,21,0,4,0,1,0,0,0,0,0,1,1,3,-1,-1,-1,-1,-1,-1,-1,-1
2016471605990,1,9,0,9,0,5,0,0,0,0,1,1,2,2,25,5,698,1,12,1,1,1
2016471605990,2,9,0,18,0,1,0,0,0,0,1,1,2,1,29,6,1596,1,13,5,3,5
2016471605991,1,9,0,7,0,6,0,0,0,0,3,1,6,2,42,7,1242,1,3,6,3,6
2016471605991,2,3,0,18,0,8,0,0,0,0,1,1,6,2,28,6,113,1,-1,8,1,8
2016471605993,1,9,0,18,0,1,0,0,0,0,1,1,2,1,58,9,1997,2,3,3,1,3
2016471605993,2,4,0,4,0,1,0,0,1,0,2,1,2,1,46,8,124,1,1,6,1,6
2016471605997,1,9,0,18,0,0,0,0,0,0,4,1,6,2,30,6,-1,-1,-1,-1,-1,-1
2016471605997,2,11,0,3,0,0,0,0,0,0,0,1,1,1,-1,-1,-1,-1,-1,-1,-1,-1
2016471605999,1,9,0,18,0,0,0,0,0,0,4,1,3,2,36,7,1598,1,13,3,1,3
2016471606001,1,1,0,18,0,0,0,0,0,0,1,1,6,2,11,3,-1,-1,-1,5,2,5
2016471606001,2,90,0,5,0,0,0,0,0,0,1,1,6,1,65,9,3500,1,12,8,3,8
2016471606002,1,3,0,18,0,1,0,0,0,0,1,1,2,1,20,4,125,1,-1,5,1,5
2016471606002,2,9,0,9,0,1,0,0,0,0,2,1,6,1,24,5,1968,2,9,10,1,10
2016471606003,1,9,0,3,0,1,0,0,0,0,1,1,6,1,30,6,1598,1,7,-1,-1,-1
2016471606003,2,9,0,3,0,1,0,0,0,0,2,1,6,1,64,9,1560,2,11,4,1,4
2016471606006,1,1,0,5,0,1,0,0,0,0,3,1,6,2,22,5,-1,-1,-1,9,1,9
2016471606006,2,5,0,14,0,1,1,0,0,0,1,1,6,1,54,8,1100,1,15,9,1,9
2016471606006,3,9,0,3,0,1,0,0,0,0,1,1,6,2,31,6,1699,1,8,5,1,5
2016471606007,1,11,0,18,0,1,0,0,0,0,0,1,1,1,50,8,9360,2,5,1,1,1
2016471606008,1,9,0,18,0,4,0,9,0,1,1,1,6,1,23,5,1229,1,4,7,2,7
2016471606008,2,9,0,18,0,8,0,0,0,0,2,1,6,1,57,9,1248,1,3,8,1,8
2016471606012,1,9,0,5,0,6,0,0,0,0,1,1,6,1,50,8,1686,2,14,8,1,8
2016471606012,2,9,0,8,0,1,0,0,0,0,2,1,6,1,35,6,2231,2,8,8,1,8
2016471606013,1,4,0,7,0,5,0,0,0,0,1,1,6,1,19,4,124,1,-1,4,1,4
2016471606013,2,9,0,3,0,2,0,0,0,0,2,1,2,1,47,8,1198,1,3,5,1,5
2016471606013,3,19,0,4,0,1,0,0,0,0,3,1,1,1,43,7,2198,2,2,7,1,7
2016471606015,1,8,0,18,0,1,0,0,0,0,4,1,6,1,40,7,1896,2,6,5,1,5
2016471606017,1,5,0,14,0,8,1,0,0,0,1,1,6,1,47,8,599,1,15,3,1,3
2016471606021,1,9,0,9,2,8,0,0,0,0,0,1,6,3,40,7,2995,1,11,-1,-1,-1
2016471606021,2,11,0,5,2,8,0,0,0,0,0,1,1,1,45,7,9360,2,3,2,1,2
2016471606023,1,9,0,18,0,1,1,0,0,0,1,1,6,1,48,8,2993,2,2,10,1,10
2016471606023,2,9,0,4,0,1,0,0,0,0,2,1,6,1,83,11,1600,1,5,8,1,8
2016471606023,3,9,0,4,0,1,0,0,0,0,2,1,6,1,22,5,1398,1,5,9,1,9
2016471606023,4,9,0,18,0,1,0,0,0,0,0,1,6,3,26,6,-1,-1,-1,-1,-1,-1
2016471606023,5,20,0,4,0,1,0,0,0,0,0,1,1,1,49,8,4485,2,1,2,1,2
2016471606024,1,4,0,18,0,2,0,0,0,0,3,1,6,1,36,7,-1,-1,-1,5,1,5
2016471606024,2,9,0,18,0,1,0,0,0,0,1,1,2,1,22,5,999,1,3,4,1,4
2016471606026,1,9,0,9,0,5,0,0,7,11,4,1,6,1,58,9,1198,1,9,8,3,8
2016471606026,2,9,0,16,0,8,1,0,0,0,1,1,6,1,43,7,1997,2,10,4,1,4
2016471606026,3,9,0,18,0,8,0,0,0,0,3,1,6,2,41,7,1197,1,-1,2,1,2
2016471606028,1,19,0,18,0,0,0,0,0,0,0,1,6,3,-1,-1,-1,-1,-1,-1,-1,-1
2016471606028,2,9,0,18,0,0,0,0,0,0,4,1,6,1,68,10,1997,2,6,6,2,6
2016471606028,3,1,0,18,0,0,0,0,0,0,3,1,2,1,20,4,-1,-1,-1,6,2,6
2016471606029,1,1,0,7,0,1,0,0,0,0,1,1,2,1,40,7,-1,-1,-1,7,3,7
2016471606032,1,9,0,10,0,1,0,0,0,0,1,1,2,1,58,9,1584,1,11,7,1,7
2016471606032,2,9,0,18,0,1,1,0,0,0,4,1,6,2,41,7,1124,1,13,7,1,7
2016471606034,1,9,0,9,0,6,0,0,0,0,3,1,6,1,85,11,2495,2,15,-1,-1,-1
2016471606034,2,5,0,18,0,1,0,0,0,0,1,1,6,1,32,6,998,1,5,10,1,10
2016471606035,1,1,0,18,0,8,0,0,0,0,3,1,6,1,15,3,-1,-1,-1,6,1,6
2016471606035,2,9,0,4,0,1,0,0,0,0,1,1,6,1,19,4,1984,1,15,1,1,1
2016471606036,1,9,0,13,0,0,1,0,8,1,4,1,6,1,19,4,-1,-1,-1,5,2,5
2016471606036,2,9,0,13,0,0,0,0,2,10,3,1,6,1,20,4,1686,2,4,5,2,5
2016471606036,3,9,0,18,0,0,0,0,7,4,3,1,6,2,59,9,1995,2,12,5,1,5
2016471606039,1,9,0,2,0,2,0,0,0,0,3,1,6,1,50,8,1364,1,-1,-1,-1,-1
2016471606039,2,1,0,18,0,1,0,0,0,0,3,1,6,1,50,8,-1,-1,-1,8,1,8
2016471606043,1,9,0,18,0,1,0,0,0,0,1,1,2,1,33,6,-1,-1,-1,1,1,1
2016471606043,2,9,0,3,0,1,0,0,0,0,2,1,6,2,46,8,1364,1,10,6,1,6
2016471606043,3,9,0,3,0,1,0,0,0,0,2,1,2,2,27,6,1299,1,8,7,1,7
2016471606044,1,19,0,18,0,1,0,0,0,0,1,1,6,1,25,5,1598,2,5,7,1,7
2016471606044,2,9,0,18,0,1,0,0,0,0,2,1,6,2,42,7,1598,2,-1,1,1,1
2016471606045,1,9,0,5,0,4,0,0,0,0,1,1,6,1,47,8,-1,-1,-1,7,1,7
2016471606045,2,9,0,3,0,4,0,0,0,0,2,1,6,2,25,5,1499,2,1,6,1,6
2016471606048,1,9,0,18,0,0,0,0,7,0,1,1,6,2,51,8,1461,2,-1,2,1,2
2016471606048,2,19,0,2,0,0,0,0,0,0,3,1,6,3,-1,-1,1968,2,6,-1,-1,-1
2016471606050,1,9,0,9,0,5,0,0,0,0,1,1,6,2,54,8,1598,1,1,9,1,9
2016471606050,2,19,0,18,0,8,0,0,0,0,1,1,6,1,69,10,2477,2,10,8,3,8
2016471606051,1,9,0,17,0,0,5,0,1,0,4,1,6,2,31,6,1596,1,15,7,1,7
2016471606053,1,9,0,7,0,4,0,0,0,0,4,1,2,2,45,7,1299,1,17,6,1,6
2016471606053,2,1,0,7,0,4,0,0,0,0,3,1,6,2,20,4,-1,-1,-1,3,1,3
2016471606054,1,9,0,18,0,1,0,0,0,0,1,1,6,2,24,5,1360,1,17,10,3,10
2016471606054,2,9,0,8,0,1,0,0,0,0,2,1,6,2,34,6,1598,1,10,7,1,7
2016471606055,1,9,0,9,0,6,0,0,1,0,3,1,2,1,51,8,2393,2,-1,8,3,8
2016471606055,2,9,0,16,0,1,0,0,1,0,1,1,2,1,22,5,998,1,1,10,2,10
2016471606057,1,3,0,18,0,0,0,0,0,0,3,1,6,1,20,4,125,1,4,2,1,2
2016471606057,2,9,0,4,0,0,0,0,0,0,0,1,6,1,30,6,-1,-1,-1,-1,-1,-1
2016471606061,1,9,0,18,0,2,0,0,1,0,1,1,6,1,23,5,1870,2,12,7,1,7
2016471606061,2,9,0,9,0,8,0,0,0,0,2,1,6,1,75,10,1995,2,7,8,1,8
2016471606061,3,9,0,18,0,1,0,0,0,0,1,1,6,2,44,7,1595,2,7,5,1,5
2016471606062,1,9,0,16,0,8,0,0,0,0,3,1,6,1,20,4,1598,1,15,5,2,5
2016471606062,2,9,0,17,0,8,0,0,0,0,1,1,6,2,35,6,2295,1,15,5,3,5
2016471606064,1,9,0,17,0,0,1,0,1,10,1,1,6,2,22,5,1598,1,10,5,1,5
2016471606066,1,19,0,9,0,5,0,0,0,0,1,1,6,3,30,6,1868,2,15,-1,-1,-1
2016471606066,2,9,0,17,0,8,0,0,0,0,1,1,6,1,62,9,2685,2,11,1,1,1
2016471606069,1,9,0,9,0,8,0,0,1,0,1,1,6,1,32,6,1422,2,1,7,1,7
2016471606069,2,9,0,18,0,8,0,0,7,0,1,1,6,1,55,8,2902,2,11,4,1,4
2016471606070,1,90,0,18,0,0,0,0,0,11,1,1,6,2,51,8,2198,2,1,6,3,6
2016471606070,2,9,0,2,0,0,0,0,0,0,0,1,6,3,-1,-1,-1,-1,-1,-1,-1,-1
2016471606071,1,9,0,18,0,0,0,0,0,1,1,1,6,2,37,7,2198,1,10,7,3,7
2016471606072,1,9,0,13,0,0,0,0,0,0,1,1,6,1,73,10,1998,1,17,4,1,4