Accident_Index,Vehicle_Reference,Vehicle_Type,Towing_and_Articulation,Vehicle_Manoeuvre,Vehicle_Location-Restricted_Lane,Junction_Location,Skidding_and_Overturning,Hit_Object_in_Carriageway,Vehicle_Leaving_Carriageway,Hit_Object_off_Carriageway,1st_Point_of_Impact,Was_Vehicle_Left_Hand_Drive?,Journey_Purpose_of_Driver,Sex_of_Driver,Age_of_Driver,Age_Band_of_Driver,Engine_Capacity_(CC),Propulsion_Code,Age_of_Vehicle,Driver_IMD_Decile,Driver_Home_Area_Type,Vehicle_IMD_Decile
2016471606072,2,1,0,18,0,0,0,0,0,0,4,1,6,1,41,7,-1,-1,-1,6,1,6
2016471606073,1,9,0,18,0,8,0,0,0,0,1,1,6,2,49,8,2494,1,17,9,1,9
2016471606073,2,9,0,18,0,8,0,0,0,0,4,1,6,1,37,7,1956,2,4,4,1,4
2016471606075,1,3,0,18,0,0,0,0,0,0,3,1,6,1,22,5,125,1,2,9,1,9
2016471606075,2,5,0,18,0,0,0,0,0,0,4,1,6,1,40,7,-1,-1,-1,-1,-1,-1
2016471606076,1,9,0,1,0,5,0,0,0,0,2,1,6,1,70,10,993,1,14,4,1,4
2016471606077,1,3,0,11,0,8,1,10,0,0,1,1,6,1,19,4,124,1,16,9,1,9
2016471606078,1,9,0,16,0,0,0,0,2,11,1,1,6,1,19,4,1388,1,11,8,1,8
2016471606079,1,9,0,9,0,5,0,0,0,0,1,1,2,1,49,8,1299,1,15,3,1,3
2016471606079,2,1,0,10,0,6,0,0,0,0,1,1,2,1,54,8,-1,-1,-1,5,3,5
2016471606082,1,9,0,18,0,3,0,0,0,0,1,1,6,1,50,8,1686,2,8,7,1,7
2016471606082,2,9,0,9,0,3,0,0,0,0,1,1,6,1,21,5,1364,2,3,6,1,6
2016471606083,1,9,0,9,0,6,0,0,0,0,1,1,6,2,24,5,1896,2,8,8,1,8
2016471606083,2,1,0,17,0,1,0,0,0,0,4,1,6,1,58,9,-1,-1,-1,8,1,8
2016471606085,1,9,0,17,0,0,0,0,0,0,1,1,3,2,46,8,1461,2,7,8,3,8
2016471606086,1,9,0,7,0,5,0,0,0,0,4,1,6,2,27,6,1341,1,11,7,1,7
2016471606086,2,1,0,18,4,1,0,0,1,0,3,1,6,1,60,9,-1,-1,-1,4,1,4
2016471606089,1,5,0,18,0,1,1,10,0,0,3,1,6,1,50,8,998,1,8,10,1,10
2016471606091,1,5,0,18,0,0,0,0,0,0,1,1,1,1,42,7,487,1,8,7,1,7
2016471606092,1,9,0,3,0,4,0,0,0,0,1,1,6,2,52,8,1560,2,9,9,1,9
2016471606092,2,9,0,3,0,4,0,0,0,0,2,1,6,2,38,7,1560,2,2,9,2,9
2016471606093,1,5,0,13,0,1,1,10,0,0,1,1,6,1,39,7,599,1,12,3,1,3
2016471606093,2,9,0,18,0,8,0,0,0,0,0,1,6,1,49,8,1968,2,9,3,1,3
2016471606094,1,9,0,9,0,8,0,0,0,0,1,1,6,2,20,4,998,1,10,8,1,8
2016471606094,2,3,0,18,0,8,0,0,0,0,1,1,2,1,23,5,124,1,6,4,1,4
2016471606095,1,2,0,9,0,1,1,0,0,0,3,1,6,1,22,5,125,1,10,5,1,5
2016471606096,1,9,0,7,0,4,0,0,0,0,1,1,1,1,53,8,1991,8,-1,7,1,7
2016471606096,2,9,0,18,0,8,0,0,0,0,2,1,1,1,60,9,1998,1,3,10,1,10
2016471606097,1,9,0,18,0,2,0,0,0,0,1,1,6,1,82,11,1390,1,8,6,1,6
2016471606097,2,9,0,4,0,2,0,0,0,0,2,1,6,1,78,11,1242,1,12,2,1,2
2016471606098,1,9,0,18,0,0,0,0,0,0,1,1,6,2,25,5,1149,1,14,8,1,8
2016471606098,2,19,0,4,0,0,0,0,0,0,2,1,1,1,52,8,2198,2,1,6,3,6
2016471606099,1,9,0,3,0,0,0,0,0,0,1,1,6,1,79,11,998,1,10,7,1,7
2016471606099,2,9,0,3,0,0,0,0,0,0,2,1,3,2,46,8,1461,2,11,6,1,6
2016471606100,1,9,0,17,0,2,0,0,8,2,1,1,6,1,58,9,998,1,3,8,1,8
2016471606101,1,9,0,7,0,6,0,0,0,0,1,1,6,1,31,6,1390,1,13,5,1,5
2016471606101,2,8,0,18,0,1,0,0,0,0,1,1,1,1,27,6,1995,2,4,5,1,5
2016471606102,1,9,0,6,0,1,0,0,0,0,4,1,6,2,35,6,1679,1,17,2,1,2
2016471606102,2,5,0,18,0,1,1,0,0,0,1,1,6,1,45,7,599,1,19,3,1,3
2016471606103,1,19,0,18,0,8,0,0,0,0,1,1,6,1,40,7,1686,2,10,10,1,10
2016471606103,2,9,0,3,0,1,0,0,0,0,2,1,6,1,29,6,1997,2,12,3,1,3
2016471606103,3,9,0,9,0,6,0,0,0,0,0,1,6,1,30,6,-1,-1,-1,-1,-1,-1
2016471606104,1,9,0,5,0,4,0,0,0,0,1,1,6,2,34,6,998,1,9,7,1,7
2016471606104,2,9,0,5,0,4,0,0,0,0,2,1,6,2,42,7,1242,1,10,3,1,3
2016471606106,1,9,0,18,0,2,0,0,0,0,4,1,6,1,68,10,1598,2,5,4,1,4
2016471606106,2,8,0,2,0,2,0,0,0,0,0,1,6,1,63,9,1587,1,7,3,1,3
2016471606107,1,19,0,18,0,3,0,0,7,0,3,1,1,1,40,7,2143,2,4,9,1,9
2016471606107,2,19,0,18,0,3,0,0,7,0,4,1,1,1,53,8,1461,2,5,9,1,9
2016471606109,1,1,0,9,0,8,0,0,0,0,1,1,6,1,42,7,-1,-1,-1,2,1,2
2016471606109,2,9,0,2,0,2,0,0,0,0,2,1,6,3,-1,-1,-1,-1,-1,-1,-1,-1
2016471606111,1,9,0,9,0,8,0,0,0,0,3,1,2,1,36,7,2480,1,5,6,1,6
2016471606111,2,9,0,18,0,8,0,0,0,0,1,1,2,1,56,9,2179,2,2,9,1,9
2016471606112,1,9,0,2,0,0,0,0,0,0,0,1,6,1,27,6,2996,1,8,1,1,1
2016471606112,2,3,0,18,0,0,1,0,0,0,1,1,6,1,17,4,125,1,5,5,1,5
2016471606112,3,11,0,18,0,0,0,0,0,0,1,1,1,1,67,10,9000,2,7,1,1,1
2016471606114,1,9,0,17,0,0,0,0,1,4,1,1,6,1,18,4,1388,1,14,7,3,7
2016471606115,1,9,0,16,0,2,0,10,0,0,1,1,6,1,26,6,-1,-1,-1,9,3,9
2016471606115,2,9,0,17,0,1,0,0,0,0,3,1,6,2,66,10,1360,1,7,4,3,4
2016471606116,1,9,0,17,0,0,0,0,0,0,1,1,6,1,24,5,1995,2,5,4,1,4
2016471606116,2,19,0,16,0,0,0,0,0,0,1,1,1,1,54,8,2198,2,2,7,1,7
2016471606118,1,9,0,18,0,0,1,0,0,0,1,1,1,2,27,6,1242,1,2,10,1,10
2016471606118,2,9,0,4,0,0,0,0,0,0,2,1,1,2,27,6,-1,-1,-1,-1,-1,-1
2016471606118,3,9,0,18,0,0,0,0,0,0,1,1,1,1,58,9,2149,2,9,8,3,8
2016471606118,4,9,0,4,0,0,0,0,0,0,2,1,1,1,31,6,2995,1,3,4,1,4
2016471606118,5,9,0,18,0,0,1,0,0,0,1,1,1,1,31,6,1497,1,15,9,1,9
2016471606118,6,9,0,4,0,0,1,0,0,0,2,1,1,1,57,9,1497,8,3,9,1,9
2016471606119,1,9,0,18,0,4,0,0,0,0,1,1,6,3,-1,-1,-1,-1,-1,-1,-1,-1
2016471606119,2,1,0,18,0,3,0,0,0,0,2,1,4,1,11,3,-1,-1,-1,8,1,8
2016471606120,1,9,0,7,0,1,0,0,0,0,1,1,6,1,64,9,1242,1,13,1,1,1
2016471606120,2,9,0,7,0,1,0,0,0,0,2,1,6,1,36,7,3301,1,15,4,1,4
2016471606122,1,9,0,18,0,8,0,0,0,0,1,1,1,2,60,9,1794,1,7,6,1,6
2016471606122,2,9,0,18,0,8,0,0,0,0,4,1,1,1,70,10,1197,1,-1,5,1,5
2016471606124,1,19,0,18,0,8,0,0,0,0,1,1,6,1,35,6,1560,2,7,4,1,4
2016471606124,2,9,0,18,0,3,0,0,0,0,2,1,6,2,47,8,1197,1,2,1,1,1
2016471606126,1,9,0,7,0,6,0,0,0,0,1,1,6,2,34,6,1997,1,12,1,1,1
2016471606126,2,9,0,18,0,1,0,0,0,0,4,1,1,2,62,9,1388,1,6,4,1,4
2016471606127,1,11,0,18,0,1,0,0,0,0,1,1,1,1,48,8,9000,2,9,8,1,8
2016471606128,1,9,0,18,0,5,0,0,0,0,1,1,6,2,54,8,1870,2,13,5,1,5
2016471606128,2,5,0,18,0,1,0,0,0,0,1,1,6,1,45,7,1050,1,8,7,1,7
2016471606129,1,19,0,18,0,8,0,0,0,0,1,1,6,1,58,9,2299,2,-1,8,1,8
2016471606130,1,9,0,7,0,4,0,0,0,0,1,1,2,1,42,7,-1,-1,-1,10,1,10
2016471606130,2,9,0,9,0,8,0,0,0,0,4,1,6,2,53,8,1988,1,15,3,1,3
2016471606132,1,9,0,18,0,2,0,0,0,0,1,1,6,1,19,4,1390,1,12,9,1,9
2016471606132,2,11,0,3,2,2,0,0,0,0,0,1,1,1,57,9,7300,2,2,7,1,7
2016471606134,1,5,0,16,0,0,0,0,0,0,1,1,6,1,52,8,1157,1,17,1,1,1
2016471606134,2,9,0,3,0,0,0,0,0,0,2,1,6,2,52,8,999,1,-1,3,1,3
2016471606135,1,19,0,18,0,1,0,0,0,0,4,1,1,1,32,6,1248,2,2,1,1,1
2016471606138,1,9,0,9,0,8,0,0,0,0,4,1,2,1,52,8,1870,2,11,3,1,3
2016471606138,2,3,0,18,0,8,0,0,0,0,1,1,6,1,27,6,125,1,-1,6,1,6
2016471606140,1,9,0,1,9,0,0,0,1,0,2,1,6,2,61,9,1598,1,4,9,1,9
2016471606140,2,9,0,2,0,0,0,0,0,0,1,1,6,3,-1,-1,998,1,2,-1,-1,-1
2016471606143,1,19,0,18,0,0,0,0,0,0,1,1,1,1,35,6,2143,2,-1,3,1,3
2016471606143,2,8,0,3,0,0,0,0,0,0,2,1,1,1,47,8,1896,2,9,6,1,6
2016471606143,3,9,0,3,0,0,0,0,0,0,2,1,6,1,69,10,1997,1,4,10,1,10
2016471606144,1,9,0,7,4,5,0,0,0,0,4,1,6,3,-1,-1,-1,-1,-1,-1,-1,-1
2016471606144,2,1,0,18,4,8,0,0,0,0,1,1,4,1,14,3,-1,-1,-1,10,1,10
2016471606146,1,9,0,1,0,0,0,0,0,0,4,1,6,3,31,6,998,1,2,6,3,6
2016471606146,2,9,0,3,0,0,0,0,0,0,3,1,6,2,66,10,1197,1,3,7,1,7
2016471606146,3,9,0,3,0,0,0,0,0,0,3,1,6,1,33,6,1398,1,-1,4,1,4
2016471606146,4,9,0,2,0,0,0,0,0,0,0,1,1,1,41,7,2993,2,2,6,1,6
2016471606146,5,9,0,18,0,0,0,0,0,0,0,1,1,1,38,7,1997,2,1,1,1,1
2016471606149,1,21,0,18,0,0,0,0,1,4,1,1,1,1,55,8,6370,2,7,5,1,5
2016471606149,2,21,0,2,0,0,0,0,0,0,2,1,1,1,44,7,9364,2,10,6,1,6
2016471606150,1,9,0,18,0,0,0,0,0,0,4,1,6,1,50,8,-1,-1,-1,-1,-1,-1
2016471606152,1,9,0,18,0,8,0,0,0,0,1,1,2,2,24,5,1598,1,4,3,1,3
2016471606152,2,9,0,10,0,8,0,0,0,0,2,1,2,2,23,5,1197,1,-1,7,1,7
2016471606153,1,9,0,12,0,1,0,0,0,0,0,1,6,3,-1,-1,-1,-1,-1,-1,-1,-1
2016471606153,2,11,0,18,0,2,0,0,0,0,0,1,1,1,42,7,11967,2,8,1,1,1
2016471606155,1,19,0,5,0,1,0,0,0,0,3,1,1,1,66,10,1560,2,-1,7,1,7
2016471606155,2,5,0,13,0,1,0,0,7,0,4,1,2,1,51,8,847,1,3,3,1,3
2016471606158,1,19,0,6,0,8,0,0,0,0,1,1,6,1,44,7,1753,2,11,7,1,7
2016471606159,1,9,0,5,0,6,0,0,0,0,3,1,6,2,50,8,1390,1,12,9,1,9
2016471606159,2,19,0,18,0,8,0,0,0,0,0,1,2,1,61,9,1896,2,10,10,1,10
2016471606160,1,9,0,18,0,2,1,0,7,0,1,1,6,1,20,4,1560,2,3,3,1,3
2016471606160,2,9,0,7,0,6,0,0,0,0,2,1,6,1,28,6,1598,1,5,5,1,5
2016471606160,3,9,0,18,0,8,1,0,0,0,1,1,6,3,-1,-1,1994,1,14,-1,-1,-1
2016471606161,1,9,0,16,0,1,1,0,8,11,1,1,6,1,22,5,2143,2,1,10,1,10
2016471606164,1,9,0,5,0,1,0,0,0,0,1,1,6,2,23,5,998,1,7,1,1,1
2016471606164,2,9,0,3,0,1,0,0,0,0,2,1,6,1,25,5,1995,2,4,7,1,7
2016471606165,1,9,0,9,0,6,0,0,0,0,3,1,2,1,32,6,1968,2,8,9,1,9
2016471606165,2,3,0,18,0,8,0,0,0,0,1,1,2,1,40,7,124,1,15,10,1,10
2016471606167,1,9,0,18,0,8,0,0,0,0,3,1,6,1,56,9,2143,2,1,7,1,7
2016471606167,2,2,0,18,0,8,0,0,0,0,1,1,6,1,16,4,50,1,-1,7,2,7
2016471606171,1,9,0,4,0,0,0,0,0,0,1,1,6,2,32,6,1591,1,6,4,1,4
2016471606171,2,8,0,4,0,0,0,0,0,0,3,1,1,1,58,9,1598,1,5,3,1,3
2016471606171,3,9,0,4,0,0,0,0,0,0,4,1,6,1,66,10,1999,1,12,8,3,8
2016471606174,1,9,0,7,0,6,0,0,0,0,1,1,1,1,50,8,1997,1,13,3,1,3
2016471606174,2,5,0,14,0,8,0,0,0,0,4,1,6,1,32,6,670,1,4,10,1,10
2016471606175,1,9,0,6,0,2,0,0,0,0,3,1,6,1,62,9,1783,1,13,1,1,1
2016471606175,2,3,0,18,0,2,0,0,0,0,4,1,6,1,19,4,124,1,12,6,1,6
2016471606176,1,1,0,18,0,0,0,0,0,0,1,1,6,1,78,11,-1,-1,-1,10,3,10
2016471606179,1,1,0,13,0,0,0,0,0,0,3,1,2,1,53,8,-1,-1,-1,1,1,1
2016471606179,2,9,0,18,0,0,0,0,0,0,3,1,6,1,61,9,1598,1,17,1,1,1
2016471606181,1,9,0,9,0,1,0,0,0,0,1,1,6,2,26,6,1360,1,16,4,1,4
2016471606181,2,9,0,18,0,1,0,0,0,0,1,1,2,1,33,6,1400,1,16,1,1,1
2016471606182,1,9,0,7,0,6,0,0,0,0,1,1,6,1,36,7,-1,-1,-1,6,3,6
2016471606183,1,9,0,9,0,8,0,0,0,0,3,1,6,1,54,8,1560,2,9,6,1,6
2016471606183,2,9,0,18,0,3,0,0,0,0,4,1,6,1,37,7,1598,2,2,10,1,10
2016471606185,1,9,0,18,0,0,0,4,0,0,1,1,6,1,88,11,1560,2,3,8,3,8
2016471606185,2,9,0,2,0,0,0,0,0,0,1,1,6,1,42,7,-1,-1,-1,9,2,9
2016471606185,3,9,0,2,0,0,0,0,0,0,4,1,6,1,19,4,1149,1,10,10,3,10
2016471606186,1,9,0,18,0,0,0,0,1,4,1,1,6,1,21,5,1330,1,21,6,1,6
2016471606187,1,9,0,1,0,1,0,0,0,0,2,1,6,2,63,9,1299,1,13,9,1,9
2016471606188,1,9,0,9,0,8,0,0,0,0,3,1,6,2,29,6,2477,2,12,5,1,5
2016471606188,2,9,0,18,0,8,0,0,0,0,3,1,6,2,49,8,1364,1,1,6,2,6
2016471606188,3,9,0,18,0,1,0,0,0,0,1,1,6,1,59,9,2400,2,7,10,1,10
2016471606189,1,9,0,18,0,8,0,0,0,0,1,1,6,1,42,7,1796,1,13,2,1,2
2016471606189,2,9,0,18,0,8,0,0,0,0,3,1,6,2,65,9,2143,2,-1,8,1,8
2016471606190,1,20,0,18,9,0,1,0,1,0,3,1,1,1,38,7,-1,-1,-1,6,3,6
2016471606190,2,9,0,7,9,0,0,0,1,0,3,1,6,1,48,8,2290,1,14,10,1,10
2016471606191,1,9,0,9,0,5,0,10,0,10,4,1,6,2,23,5,1229,1,8,10,1,10
2016471606191,2,9,0,7,0,5,0,0,0,0,1,1,6,1,60,9,2198,1,13,8,1,8
2016471606192,1,1,0,16,0,0,0,0,7,4,1,1,6,1,45,7,-1,-1,-1,4,1,4
2016471606193,1,1,0,18,0,1,0,0,0,0,1,1,6,1,29,6,-1,-1,-1,3,1,3
2016471606193,2,9,0,4,0,1,0,0,0,0,1,1,6,1,48,8,3222,2,11,10,3,10
2016471606194,1,9,0,16,0,0,0,0,0,0,1,1,6,1,24,5,1905,2,19,9,3,9
2016471606194,2,9,0,17,0,0,0,0,0,0,1,1,2,2,54,8,1498,1,4,7,3,7
2016471606195,1,9,0,5,0,0,0,0,0,0,3,1,6,1,59,9,1997,2,11,6,1,6
2016471606195,2,5,0,18,0,0,0,0,0,0,4,1,6,1,44,7,903,1,3,5,1,5
2016471606196,1,9,0,15,0,3,0,0,0,0,1,1,6,1,29,6,1900,2,12,2,1,2
2016471606196,2,19,0,2,0,3,0,0,0,0,2,1,1,1,55,8,2402,2,10,-1,-1,-1
2016471606197,1,19,0,18,0,0,1,0,0,0,1,1,6,1,24,5,1560,2,1,9,2,9
2016471606197,2,9,0,10,0,0,0,0,7,0,2,1,6,1,54,8,1968,2,3,10,2,10
2016471606197,3,9,0,18,0,0,0,0,0,0,3,1,6,1,48,8,2179,2,3,10,2,10
2016471606200,1,9,0,6,0,1,0,0,0,0,1,1,6,2,30,6,1968,2,10,7,1,7
2016471606200,2,9,0,18,0,1,0,0,0,0,4,1,6,1,21,5,1362,1,3,2,1,2
2016471606202,1,9,0,18,0,8,1,0,0,0,4,1,1,1,24,5,1968,2,2,8,1,8
2016471606202,2,9,0,18,0,8,1,0,0,0,1,1,6,1,25,5,1598,1,5,10,1,10
2016471606203,1,9,0,18,0,0,0,0,0,0,1,1,6,1,21,5,1995,2,11,10,2,10
2016471606203,2,9,0,18,0,0,0,0,0,0,1,1,6,2,72,10,1339,1,7,8,1,8
2016471606203,3,19,0,18,0,0,0,0,0,0,1,1,6,1,42,7,2402,2,6,10,3,10
2016471606204,1,11,0,9,0,6,0,0,0,0,4,1,1,1,47,8,4250,2,7,5,1,5
2016471606204,2,3,0,18,0,8,1,0,0,0,3,1,6,1,21,5,124,1,2,3,1,3
2016471606208,1,11,0,4,0,0,0,0,0,0,0,1,1,1,53,8,9000,2,2,4,1,4
2016471606208,2,1,0,18,0,0,0,10,1,0,4,1,6,2,30,6,-1,-1,-1,3,1,3
2016471606214,1,9,0,18,0,1,5,0,7,2,1,1,6,1,26,6,2993,2,5,5,1,5
2016471606214,2,9,0,18,0,1,0,0,0,0,0,1,1,1,44,7,1984,1,1,9,2,9
2016471606214,3,9,0,9,0,6,0,0,0,0,3,1,6,2,19,4,1368,1,6,6,1,6
2016471606214,4,9,0,18,0,1,0,0,0,0,1,1,6,1,27,6,1896,2,16,9,1,9
2016471606215,1,9,0,5,0,4,0,0,0,0,3,1,6,2,22,5,1398,1,3,8,3,8
2016471606215,2,1,0,18,0,8,0,0,0,0,1,1,6,1,16,4,-1,-1,-1,6,1,6
2016471606216,1,9,0,16,0,0,1,0,7,4,1,1,2,1,19,4,998,1,17,7,3,7
2016471606219,1,9,0,16,0,0,1,0,0,0,4,1,6,2,30,6,1598,1,10,3,1,3
2016471606219,2,9,0,18,0,0,0,0,0,0,3,1,6,1,31,6,1596,1,10,4,1,4
2016471606221,1,1,0,18,9,1,0,0,0,0,1,1,6,1,16,4,-1,-1,-1,-1,-1,-1
2016471606221,2,9,0,18,9,6,0,0,0,0,3,1,6,2,46,8,998,1,6,4,1,4
2016471606222,1,9,0,11,0,0,0,0,0,0,2,1,6,2,30,6,-1,-1,-1,-1,-1,-1
2016471606222,2,1,0,18,0,0,1,0,0,0,1,1,1,1,16,4,-1,-1,-1,10,1,10
2016471606223,1,8,0,18,0,8,0,0,0,0,3,1,6,1,48,8,1896,2,6,8,1,8
2016471606223,2,1,0,18,0,8,0,0,0,0,4,1,6,1,15,3,-1,-1,-1,9,1,9
2016471606225,1,9,0,18,0,0,1,0,4,6,1,1,6,1,74,10,1339,1,6,9,1,9
2016471606229,1,9,0,18,0,0,1,0,0,0,1,1,6,2,52,8,1400,1,16,10,1,10
2016471606229,2,9,0,4,0,0,0,0,0,0,2,1,6,1,42,7,1900,2,10,10,2,10
2016471606229,3,9,0,10,0,0,0,0,0,0,2,1,6,2,66,10,1956,2,6,10,3,10
2016471606230,1,9,0,18,0,2,0,0,1,11,1,1,6,1,45,7,1390,1,16,6,3,6
2016471606231,1,9,0,9,0,6,0,0,0,0,3,1,6,1,66,10,1798,1,2,2,1,2
2016471606231,2,5,0,18,0,1,1,0,0,0,1,1,2,1,48,8,1441,1,4,6,3,6
2016471606235,1,8,0,18,0,2,0,0,0,0,1,1,1,1,38,7,2000,1,11,1,1,1
2016471606235,2,9,0,18,0,2,0,0,0,0,2,1,6,1,49,8,1895,1,16,1,1,1
2016471606235,3,9,0,18,0,2,0,0,0,0,2,1,6,1,45,7,1598,1,12,2,1,2
2016471606238,1,9,0,18,0,0,0,0,1,0,3,1,6,1,28,6,1896,2,13,8,3,8
2016471606238,2,19,0,4,0,0,0,0,0,0,2,1,1,1,36,7,1968,2,-1,4,1,4
2016471606239,1,9,0,16,0,0,0,0,1,10,1,1,6,1,39,7,1686,2,8,8,3,8
2016471606242,1,9,0,9,0,5,0,0,0,0,4,1,6,2,30,6,1360,1,15,6,1,6
2016471606242,2,1,0,18,0,1,0,0,0,0,1,1,4,1,18,4,-1,-1,-1,8,1,8
2016471606242,3,9,0,3,0,1,0,0,0,0,0,1,6,3,30,6,-1,-1,-1,-1,-1,-1
2016471606243,1,9,0,18,0,4,0,0,0,0,3,1,6,1,21,5,1397,1,13,6,1,6
2016471606243,2,1,0,18,0,8,0,0,0,0,1,1,2,2,27,6,-1,-1,-1,9,1,9
2016471606246,1,9,0,18,0,0,0,0,0,0,1,1,3,2,36,7,1598,1,9,7,1,7
2016471606246,2,9,0,4,0,0,0,0,0,0,2,1,1,2,30,6,1598,1,14,6,1,6
2016471606247,1,9,0,9,0,6,0,0,0,0,3,1,2,1,42,7,1598,1,10,4,1,4
2016471606247,2,3,0,18,0,8,0,0,0,0,1,1,2,1,26,6,125,1,6,2,1,2
2016471606251,1,21,1,18,0,8,0,0,0,0,1,2,1,1,41,7,-1,-1,-1,-1,-1,-1
2016471606251,2,9,0,3,0,8,0,0,0,0,2,1,6,2,45,7,1199,1,14,7,1,7
2016471606251,3,5,0,10,0,8,0,0,0,0,2,1,6,1,56,9,649,1,15,7,1,7
2016471606253,1,9,0,18,0,4,0,0,0,0,1,1,6,1,20,4,1598,2,4,7,2,7
2016471606253,2,1,0,18,0,8,0,0,0,0,4,1,6,1,64,9,-1,-1,-1,10,1,10
2016471606254,1,11,0,18,0,1,0,0,0,0,1,1,1,3,30,6,-1,-1,-1,-1,-1,-1
2016471606256,1,9,0,9,0,8,0,0,3,1,1,1,6,1,68,10,1582,2,3,5,1,5
2016471606258,1,9,0,1,0,8,0,0,0,0,2,1,6,1,23,5,998,1,16,8,2,8
2016471606258,2,5,0,18,0,8,1,10,1,0,3,1,6,1,55,8,885,1,19,5,3,5
2016471606259,1,9,0,17,0,2,1,0,1,0,1,1,6,2,44,7,2477,2,11,5,3,5
2016471606260,1,9,0,18,0,8,0,0,3,11,1,1,6,1,84,11,998,1,-1,6,1,6
2016471606260,2,20,0,18,0,8,0,0,0,0,3,1,1,1,30,6,-1,-1,-1,7,1,7
2016471606261,1,5,0,13,0,1,0,0,0,0,1,1,6,1,50,8,999,1,9,5,1,5
2016471606261,2,19,0,9,0,5,0,0,0,0,3,1,1,1,37,7,2402,2,9,7,3,7
2016471606262,1,9,0,18,0,0,5,12,0,0,1,1,1,2,27,6,1596,1,13,5,2,5
2016471606263,1,9,0,18,0,0,1,0,7,9,4,1,6,2,17,4,1229,1,10,6,1,6
2016471606263,2,9,0,18,0,0,0,0,0,0,4,1,6,1,47,8,1248,1,3,8,1,8
2016471606264,1,9,0,5,0,1,0,0,0,0,1,1,6,1,46,8,1587,1,14,5,1,5
2016471606265,1,9,0,12,0,0,1,0,1,10,1,1,6,1,45,7,1587,1,11,2,1,2
2016471606265,2,21,0,18,0,0,0,0,0,0,0,1,1,3,30,6,-1,-1,-1,-1,-1,-1
2016471606265,3,21,0,18,0,0,0,0,0,0,0,1,1,3,30,6,-1,-1,-1,-1,-1,-1
2016471606266,1,9,0,9,0,8,0,0,0,0,3,1,6,1,40,7,1598,2,2,6,1,6
2016471606266,2,3,0,13,0,8,0,0,0,0,1,1,6,1,21,5,125,1,2,3,1,3
2016471606270,1,9,0,11,0,7,0,0,0,0,2,1,6,1,30,6,1198,1,6,7,1,7
2016471606270,2,9,0,18,0,7,0,0,0,0,0,1,6,2,38,7,1587,1,8,8,1,8
2016471606274,1,4,0,18,0,1,0,7,0,0,1,1,6,1,37,7,487,1,9,10,1,10
2016471606274,2,9,0,2,0,1,0,0,0,0,0,1,6,3,-1,-1,-1,-1,-1,-1,-1,-1
2016471606276,1,3,0,4,0,0,1,0,0,0,3,1,6,1,24,5,125,1,-1,1,1,1
2016471606277,1,3,0,18,0,0,0,0,0,0,1,1,6,1,18,4,124,1,-1,1,1,1
2016471606277,2,9,0,2,0,0,0,4,0,0,1,1,6,3,-1,-1,1596,1,15,-1,-1,-1
2016471606277,3,19,0,2,0,0,0,0,0,0,4,1,6,3,-1,-1,1995,2,9,-1,-1,-1
2016471606279,1,9,0,18,0,0,1,0,0,0,1,1,6,1,83,11,1397,1,15,10,1,10
2016471606279,2,9,0,18,0,0,0,0,0,6,2,1,6,1,49,8,1587,1,11,6,1,6
2016471606282,1,9,0,18,0,0,0,0,2,4,1,1,6,1,66,10,2993,2,9,6,3,6
2016471606282,2,9,0,18,0,0,0,0,0,0,1,1,6,2,19,4,1086,1,11,8,1,8
2016471606285,1,9,0,7,4,8,0,0,0,0,4,1,6,3,-1,-1,-1,-1,-1,-1,-1,-1
2016471606285,2,1,0,18,4,8,0,0,0,0,1,1,2,2,26,6,-1,-1,-1,6,1,6
2016471606287,1,90,0,18,0,0,0,0,0,0,1,1,6,3,-1,-1,-1,-1,-1,-1,-1,-1
2016471606288,1,19,0,12,0,0,0,0,0,0,3,1,6,1,57,9,2198,2,10,4,1,4
2016471606288,2,9,0,18,0,0,0,0,1,9,1,1,6,2,30,6,2204,2,8,2,1,2
2016471606289,1,9,0,18,0,4,0,0,0,0,1,1,6,3,35,6,1360,1,12,-1,-1,-1
2016471606289,2,9,0,4,0,4,0,0,0,0,2,1,6,2,18,4,1242,1,7,9,1,9
2016471606290,1,9,0,18,0,2,0,0,0,0,4,1,6,1,22,5,1598,1,7,8,1,8
2016471606292,1,11,0,18,0,8,0,0,0,0,3,1,1,3,30,6,11000,2,12,-1,-1,-1
2016471606292,2,9,0,18,0,8,0,0,0,0,3,1,6,1,37,7,-1,-1,-1,6,3,6
2016471606294,1,9,0,9,0,6,0,0,0,0,1,1,6,1,68,10,1998,1,21,6,1,6
2016471606294,2,5,0,18,0,1,0,0,7,0,1,1,6,1,46,8,953,1,7,10,1,10
2016471606295,1,2,0,18,0,1,0,0,0,0,1,1,6,1,28,6,125,1,2,8,1,8
2016471606295,2,9,0,6,0,1,0,0,0,0,2,1,1,1,51,8,1461,2,4,7,1,7
2016471606296,1,9,0,7,0,6,0,0,0,0,1,1,6,2,39,7,1798,1,12,4,1,4