Accident_Index,Vehicle_Reference,Vehicle_Type,Towing_and_Articulation,Vehicle_Manoeuvre,Vehicle_Location-Restricted_Lane,Junction_Location,Skidding_and_Overturning,Hit_Object_in_Carriageway,Vehicle_Leaving_Carriageway,Hit_Object_off_Carriageway,1st_Point_of_Impact,Was_Vehicle_Left_Hand_Drive?,Journey_Purpose_of_Driver,Sex_of_Driver,Age_of_Driver,Age_Band_of_Driver,Engine_Capacity_(CC),Propulsion_Code,Age_of_Vehicle,Driver_IMD_Decile,Driver_Home_Area_Type,Vehicle_IMD_Decile
2016471606296,2,9,0,18,0,1,0,0,0,0,4,1,6,2,58,9,1598,1,16,10,2,10
2016471606298,1,9,0,18,0,2,0,0,0,0,3,1,6,1,40,7,1896,2,14,10,1,10
2016471606298,2,9,0,18,0,1,0,0,0,0,1,1,6,2,68,10,1360,1,9,1,1,1
2016471606300,1,11,0,18,0,8,0,0,0,0,0,1,1,1,52,8,9000,2,7,5,1,5
2016471606300,2,9,0,5,0,6,0,0,0,0,0,1,6,1,30,6,-1,-1,-1,-1,-1,-1
2016471606304,1,3,0,16,0,0,0,0,0,0,1,1,6,1,18,4,125,1,5,5,1,5
2016471606304,2,9,0,1,0,0,0,0,0,0,2,1,6,1,59,9,1198,1,5,7,1,7
2016471606306,1,9,0,9,0,6,0,0,0,0,2,1,6,2,54,8,1699,1,8,9,2,9
2016471606306,2,9,0,18,0,2,0,0,0,0,1,1,6,3,18,4,1389,1,22,-1,-1,-1
2016471606307,1,19,0,7,0,4,0,0,0,0,1,1,1,1,63,9,1753,2,8,6,1,6
2016471606307,2,1,0,18,0,8,0,0,0,0,3,1,1,1,55,8,-1,-1,-1,5,1,5
2016471606311,1,9,0,18,0,0,0,0,0,0,1,1,6,1,59,9,999,1,-1,7,2,7
2016471606311,2,9,0,18,0,0,0,0,0,0,1,1,6,1,71,10,1198,1,12,7,3,7
2016471606314,1,9,0,18,0,0,0,0,0,0,1,1,6,2,24,5,1999,1,7,6,1,6
2016471606314,2,9,0,3,0,0,0,0,0,0,2,1,6,1,40,7,1591,1,1,3,1,3
2016471606315,1,9,0,14,0,0,0,0,0,0,1,1,6,1,65,9,1389,1,11,10,1,10
2016471606319,1,9,0,4,0,1,0,0,0,0,1,1,6,1,50,8,1685,2,2,-1,-1,-1
2016471606319,2,9,0,10,0,1,0,0,0,0,2,1,6,1,63,9,1896,2,12,8,3,8
2016471606327,1,9,0,7,0,1,0,0,0,0,1,1,6,3,-1,-1,-1,-1,-1,-1,-1,-1
2016471606327,2,3,0,18,0,1,0,0,0,0,3,1,6,1,34,6,107,1,3,1,1,1
2016471606331,1,9,0,18,0,2,0,0,0,0,1,1,6,1,40,7,1686,2,13,3,1,3
2016471606331,2,9,0,18,0,2,0,0,0,0,2,1,6,2,28,6,1299,1,11,2,1,2
2016471606331,3,9,0,6,0,1,0,0,0,0,0,1,6,1,30,6,1796,1,7,-1,-1,-1
2016471606332,1,9,0,18,0,2,0,0,0,0,1,1,6,1,-1,-1,-1,-1,-1,-1,-1,-1
2016471606333,1,9,0,9,0,6,0,0,0,0,3,1,2,2,22,5,1398,1,3,4,1,4
2016471606333,2,9,0,18,0,1,0,0,0,0,1,1,6,2,68,10,1598,1,8,10,1,10
2016471606334,1,9,0,10,0,6,0,0,0,0,1,1,6,1,37,7,1587,1,13,4,1,4
2016471606334,2,9,0,9,0,6,0,0,0,0,2,1,6,2,25,5,1598,1,11,4,1,4
2016471606337,1,9,0,18,0,0,0,0,2,4,1,1,6,1,21,5,1796,1,14,4,1,4
2016471606337,2,9,0,18,0,0,0,0,0,0,1,1,6,2,48,8,1560,2,-1,6,1,6
2016471606340,1,19,0,7,0,1,0,0,0,0,1,1,2,1,38,7,-1,-1,-1,7,1,7
2016471606340,2,1,0,17,0,1,0,0,0,0,1,1,1,1,24,5,-1,-1,-1,7,1,7
2016471606341,1,9,0,17,0,8,0,0,1,0,4,1,6,1,19,4,1299,1,12,9,1,9
2016471606342,1,9,0,18,0,0,0,0,0,0,1,1,2,1,33,6,1769,1,13,1,1,1
2016471606344,1,1,0,9,0,1,0,0,0,0,1,1,6,1,33,6,-1,-1,-1,3,1,3
2016471606344,2,19,0,18,0,6,0,0,0,0,4,1,1,1,46,8,1560,2,2,7,1,7
2016471606345,1,9,0,18,0,0,0,0,0,0,2,1,6,1,58,9,999,1,3,10,2,10
2016471606345,2,9,0,18,0,0,0,0,0,0,2,1,6,1,67,10,1598,1,9,10,1,10
2016471606345,3,9,0,18,0,0,0,0,0,0,1,1,6,1,44,7,1956,2,1,8,1,8
2016471606345,4,9,0,18,0,0,0,0,0,0,0,1,1,1,35,6,2993,2,1,6,1,6
2016471606346,1,9,0,13,0,0,2,0,1,4,1,1,6,1,50,8,6208,1,4,8,1,8
2016471606346,2,10,0,18,0,0,2,0,1,4,3,1,6,1,50,8,2800,2,12,3,1,3
2016471606346,3,5,0,18,0,0,0,0,0,0,0,1,6,1,49,8,1198,1,5,7,1,7
2016471606347,1,9,0,7,2,5,0,0,0,0,1,1,1,1,61,9,1796,1,9,8,1,8
2016471606347,2,1,0,18,4,1,0,0,0,0,4,1,6,2,20,4,-1,-1,-1,10,1,10
2016471606349,1,9,0,18,0,1,0,7,0,0,1,2,6,1,69,10,-1,-1,-1,6,1,6
2016471606349,2,19,0,18,0,1,0,0,0,0,1,1,6,1,61,9,2000,2,15,6,1,6
2016471606350,1,9,0,18,0,0,0,0,0,0,1,1,6,1,36,7,1390,1,17,9,3,9
2016471606352,1,11,0,4,2,1,0,0,0,0,0,1,1,1,52,8,9360,2,3,7,1,7
2016471606356,1,9,0,18,0,0,0,0,0,0,1,1,6,2,27,6,1248,1,3,6,3,6
2016471606356,2,9,0,3,0,0,0,0,0,0,2,1,6,1,19,4,1364,1,2,7,1,7
2016471606357,1,3,0,5,0,2,0,0,0,0,4,1,6,1,28,6,125,1,2,6,1,6
2016471606357,2,1,0,18,0,8,0,0,0,0,4,1,6,1,59,9,-1,-1,-1,7,1,7
2016471606358,1,9,0,17,0,8,0,0,0,0,1,1,6,1,74,10,1796,1,9,8,1,8
2016471606358,2,9,0,16,0,8,0,0,0,0,1,1,6,1,34,6,1349,1,8,9,1,9
2016471606360,1,9,0,18,0,0,0,0,0,0,1,1,1,1,47,8,1686,2,2,7,1,7
2016471606360,2,9,0,3,0,0,0,0,0,0,3,1,6,1,37,7,1587,1,9,3,1,3
2016471606361,1,9,0,18,0,0,0,10,0,0,1,1,6,1,30,6,2496,1,13,5,3,5
2016471606361,2,9,0,3,0,0,0,0,0,0,1,1,1,1,32,6,2179,2,3,5,1,5
2016471606362,1,9,0,5,0,2,0,0,0,0,3,1,6,3,-1,-1,-1,-1,-1,-1,-1,-1
2016471606362,2,2,0,18,0,8,0,0,0,0,4,1,6,1,16,4,49,1,3,10,1,10
2016471606365,1,9,0,18,0,3,0,0,1,2,3,1,6,1,22,5,1124,1,11,10,1,10
2016471606367,1,5,0,18,0,0,1,0,0,0,3,1,2,1,32,6,649,1,6,-1,-1,-1
2016471606367,2,8,0,18,0,0,0,0,0,0,1,1,1,1,47,8,1753,2,7,4,1,4
2016471606370,1,9,0,18,0,1,0,0,0,0,1,1,6,2,36,7,1995,2,10,9,1,9
2016471606370,2,9,0,18,0,1,0,0,0,0,2,1,6,2,58,9,2987,2,5,9,1,9
2016471606371,1,9,0,18,0,1,0,0,0,0,1,1,1,1,87,11,2793,1,16,8,1,8
2016471606371,2,9,0,9,0,8,0,0,0,0,4,1,6,1,32,6,1995,2,12,8,1,8
2016471606373,1,9,0,4,0,0,0,0,0,0,1,1,6,1,20,4,1388,1,12,7,1,7
2016471606375,1,5,0,4,0,0,1,0,1,0,1,1,6,1,60,9,998,1,8,10,2,10
2016471606375,2,9,0,18,0,0,0,0,0,0,2,1,6,1,24,5,1242,1,14,5,2,5
2016471606377,1,9,0,6,9,6,0,0,0,0,4,1,6,2,18,4,1086,1,11,6,3,6
2016471606377,2,9,0,18,0,1,0,0,0,0,1,1,6,2,86,11,1368,1,12,7,3,7
2016471606378,1,9,0,18,0,0,1,0,1,2,1,1,6,1,24,5,1896,2,12,1,1,1
2016471606382,1,9,0,7,0,4,0,0,0,0,1,1,6,2,21,5,1086,1,6,6,1,6
2016471606382,2,9,0,18,0,3,0,0,0,0,4,1,1,1,36,7,-1,-1,-1,9,2,9
2016471606384,1,3,0,18,0,1,0,0,0,0,1,1,2,1,30,6,124,1,8,8,1,8
2016471606384,2,19,0,9,0,3,0,0,0,0,3,1,1,1,25,5,1560,2,1,4,1,4
2016471606385,1,9,0,18,0,0,0,0,0,0,4,1,6,1,46,8,1596,1,13,6,1,6
2016471606385,2,1,0,18,0,0,0,0,0,0,1,1,6,1,29,6,-1,-1,-1,9,1,9
2016471606387,1,8,0,18,0,8,0,0,0,0,1,1,6,1,56,9,1998,1,8,4,1,4
2016471606392,1,19,0,18,0,1,0,0,0,0,1,1,6,1,25,5,1560,2,4,-1,-1,-1
2016471606392,2,9,0,8,0,1,0,0,0,0,2,1,6,2,29,6,1799,1,5,10,3,10
2016471606394,1,9,0,16,0,0,5,0,1,4,4,1,6,1,60,9,1587,1,15,8,1,8
2016471606394,2,9,0,17,0,0,0,0,0,0,0,1,6,3,-1,-1,-1,-1,-1,-1,-1,-1
2016471606395,1,9,0,6,0,1,0,0,0,0,3,1,6,3,-1,-1,-1,-1,-1,-1,-1,-1
2016471606395,2,2,0,3,0,1,0,0,0,0,4,1,1,1,27,6,125,1,1,1,1,1
2016471606396,1,19,0,18,0,1,0,0,0,0,1,1,1,1,24,5,2143,2,1,4,1,4
2016471606396,2,9,0,3,0,1,0,0,0,0,2,1,6,2,35,6,1968,2,5,1,1,1
2016471606396,3,9,0,3,0,1,0,0,0,0,2,1,2,1,39,7,1997,1,10,6,1,6
2016471606397,1,9,0,17,0,0,2,0,8,4,4,1,6,2,49,8,1587,1,9,6,1,6
2016471606398,1,9,0,17,0,0,0,0,1,4,4,1,6,1,17,4,1248,1,1,5,2,5
2016471606398,2,9,0,17,0,0,0,0,0,0,0,1,1,1,46,8,1997,2,7,9,2,9
2016471606399,1,21,0,18,0,4,0,0,1,0,4,1,1,1,34,6,9365,2,7,10,1,10
2016471606403,1,9,0,18,0,8,0,0,0,0,1,1,6,1,81,11,1199,1,15,10,1,10
2016471606403,2,9,0,18,0,8,0,0,0,0,1,1,1,1,54,8,1968,2,5,1,1,1
2016471606404,1,9,0,18,2,0,0,0,0,0,1,1,6,2,38,7,1229,1,6,4,1,4
2016471606407,1,9,0,5,0,1,0,0,0,0,1,1,6,1,-1,-1,1997,2,10,7,1,7
2016471606407,2,9,0,5,0,4,0,0,0,0,2,1,6,1,25,5,1560,2,-1,6,1,6
2016471606408,1,9,0,18,0,5,0,0,7,0,1,1,6,1,33,6,1995,2,12,7,1,7
2016471606408,2,9,0,9,0,1,0,0,1,0,3,1,6,1,77,11,1995,2,5,5,3,5
2016471606410,1,9,0,18,0,2,0,0,0,0,3,1,6,1,73,10,1991,2,9,10,1,10
2016471606411,1,9,0,14,0,1,0,0,0,0,1,1,6,1,42,7,-1,-1,-1,4,1,4
2016471606411,2,11,0,3,0,1,0,0,0,0,0,1,6,1,36,7,9000,2,6,9,1,9
2016471606412,1,19,0,9,0,8,0,0,0,0,1,1,6,1,47,8,1298,1,15,3,1,3
2016471606413,1,9,0,18,0,0,2,0,1,1,1,1,6,1,22,5,1360,1,12,10,1,10
2016471606414,1,9,0,18,0,1,0,0,0,0,1,1,6,2,52,8,1061,1,11,8,1,8
2016471606414,2,4,0,5,0,6,0,0,0,0,3,1,6,1,25,5,125,1,2,4,1,4
2016471606415,1,9,0,16,0,0,1,0,7,9,1,1,6,1,23,5,1798,1,1,5,3,5
2016471606423,1,1,0,9,0,1,0,0,0,0,3,1,6,2,34,6,-1,-1,-1,4,1,4
2016471606423,2,11,0,13,0,1,0,0,0,0,4,1,6,1,27,6,3900,2,10,3,1,3
2016471606424,1,19,0,18,0,1,0,0,7,1,1,1,1,1,68,10,2488,2,3,10,1,10
2016471606424,2,9,0,18,0,1,1,0,0,0,1,1,2,2,27,6,1796,1,10,9,1,9
2016471606425,1,9,0,9,0,6,0,0,0,0,1,1,6,2,72,10,1388,1,6,10,2,10
2016471606425,2,9,0,18,0,1,0,0,0,0,4,1,6,2,21,5,1910,2,10,4,1,4
2016471606426,1,9,0,5,0,2,0,0,0,0,3,1,6,2,54,8,1248,2,12,4,1,4
2016471606426,2,9,0,18,0,2,0,0,0,0,4,1,6,2,25,5,1560,2,10,3,1,3
2016471606427,1,11,0,7,0,8,0,0,0,0,0,1,1,1,68,10,5132,2,-1,6,1,6
2016471606428,1,9,0,18,0,0,0,0,0,0,3,1,6,2,25,5,1686,2,11,4,1,4
2016471606428,2,9,0,18,0,0,0,0,0,0,4,1,6,1,46,8,-1,-1,-1,7,1,7
2016471606431,1,4,0,18,0,1,1,0,0,0,3,1,1,1,52,8,459,1,14,2,1,2
2016471606432,1,9,0,18,0,0,0,0,0,0,3,1,6,2,58,9,1598,1,9,6,2,6
2016471606432,2,9,0,18,0,0,0,0,0,0,3,1,6,2,69,10,1798,8,-1,7,1,7
2016471606432,3,19,0,18,0,0,0,0,0,0,1,1,1,1,37,7,1560,2,2,2,1,2
2016471606433,1,9,0,3,0,4,0,0,0,0,1,1,2,1,53,8,1781,1,13,5,1,5
2016471606433,2,9,0,3,0,4,0,0,0,0,2,1,6,1,37,7,1299,1,15,8,1,8
2016471606435,1,19,0,17,0,0,0,0,1,0,3,1,1,1,50,8,2198,2,2,4,1,4
2016471606435,2,21,1,16,0,0,0,0,0,0,3,2,1,1,55,8,-1,-1,-1,-1,-1,-1
2016471606437,1,9,0,18,0,0,0,0,0,0,0,1,2,1,55,8,-1,-1,-1,4,1,4
2016471606437,2,9,0,18,0,0,0,0,2,4,1,1,1,1,48,8,1595,1,10,8,1,8
2016471606437,3,9,4,2,0,0,0,0,0,0,0,1,6,1,30,6,-1,-1,-1,-1,-1,-1
2016471606439,1,9,0,9,0,8,0,0,0,0,3,1,2,2,23,5,998,1,8,1,1,1
2016471606439,2,9,0,16,0,8,0,0,0,0,1,1,6,2,30,6,1199,1,13,9,2,9
2016471606441,1,19,0,7,4,8,0,0,0,0,4,1,1,1,50,8,-1,-1,-1,6,1,6
2016471606441,2,1,0,15,4,8,0,0,0,0,4,1,6,1,38,7,-1,-1,-1,6,1,6
2016471606442,1,9,0,4,0,4,0,0,0,0,1,1,6,1,43,7,1968,2,9,8,1,8
2016471606442,2,19,0,5,0,4,0,0,0,0,1,1,1,1,58,9,2151,2,13,8,2,8
2016471606443,1,5,0,17,0,0,1,0,1,0,3,1,6,1,36,7,1130,1,12,2,1,2
2016471606448,1,9,0,17,0,0,1,0,2,7,4,1,6,2,27,6,998,1,6,9,1,9
2016471606451,1,19,0,16,0,1,1,0,7,0,1,1,6,1,57,9,2198,2,9,10,1,10
2016471606451,2,9,0,9,0,5,0,0,0,0,3,1,6,1,50,8,2199,1,21,2,1,2
2016471606452,1,9,0,18,0,0,1,0,1,4,2,1,6,1,28,6,2521,1,8,7,1,7
2016471606452,2,9,0,12,0,0,0,0,0,0,0,1,6,2,60,9,999,1,4,7,1,7
2016471606455,1,9,0,18,0,0,0,4,0,0,1,1,6,1,43,7,1753,2,12,8,1,8
2016471606455,2,19,0,2,0,0,0,0,0,7,2,1,1,1,27,6,2299,2,3,5,1,5
2016471606455,3,9,0,18,0,0,0,0,0,0,4,1,6,2,52,8,1339,1,8,8,1,8
2016471606455,4,9,0,2,0,0,0,0,0,0,0,1,6,2,25,5,1391,1,17,3,1,3
2016471606457,1,9,0,18,0,0,0,0,2,1,4,1,6,1,87,11,1396,1,3,1,1,1
2016471606458,1,9,0,9,0,5,0,0,0,0,3,1,1,1,48,8,1995,2,8,8,1,8
2016471606458,2,4,0,9,0,5,0,0,0,0,1,1,1,1,33,6,125,1,-1,4,1,4
2016471606459,1,9,0,18,0,5,0,0,0,7,3,1,6,1,72,10,1590,1,13,8,3,8
2016471606460,1,19,0,18,0,0,0,0,0,0,1,1,6,1,22,5,1868,2,12,3,1,3
2016471606460,2,9,0,3,0,0,0,0,0,0,2,1,6,2,31,6,1560,2,2,3,1,3
2016471606461,1,9,0,17,0,1,0,0,1,10,1,1,6,2,32,6,1796,1,17,7,1,7
2016471606462,1,9,0,13,0,0,0,0,0,0,1,1,2,1,46,8,2354,1,11,4,1,4
2016471606462,2,1,0,18,0,0,0,10,1,0,0,1,2,1,59,9,-1,-1,-1,8,1,8
2016471606462,3,21,0,18,0,0,0,0,0,0,3,1,1,1,29,6,12777,2,-1,9,1,9
2016471606464,1,19,0,18,0,0,1,0,0,0,1,1,1,1,41,7,2402,2,16,8,3,8
2016471606464,2,9,0,18,0,0,0,0,0,0,1,1,1,2,55,8,1591,1,2,6,1,6
2016471606469,1,19,0,14,0,2,0,0,0,0,1,1,6,1,31,6,1870,2,14,7,1,7
2016471606471,1,5,0,16,0,0,1,0,7,0,1,1,6,1,63,9,865,1,6,8,1,8
2016471606471,2,9,0,17,0,0,0,0,0,0,1,1,6,1,37,7,1598,2,-1,9,3,9
2016471606472,1,9,0,9,0,6,0,0,0,0,1,1,6,1,19,4,1598,1,12,8,1,8
2016471606472,2,3,0,18,0,1,1,0,0,10,4,1,6,1,19,4,125,1,2,5,1,5
2016471606473,1,9,0,18,0,8,0,0,1,0,1,1,6,1,29,6,1997,1,13,10,1,10
2016471606473,2,11,0,18,0,8,0,0,1,11,1,1,1,1,29,6,4500,2,7,10,1,10
2016471606474,1,9,0,5,0,6,0,0,0,7,3,1,6,1,78,11,1395,1,3,4,1,4
2016471606474,2,9,0,18,0,8,0,0,0,0,1,1,6,1,55,8,1968,2,-1,10,1,10
2016471606474,3,9,0,18,0,1,0,0,0,0,4,1,6,1,19,4,1390,1,1,-1,-1,-1
2016471606475,1,9,0,18,0,4,0,0,0,0,4,1,2,1,55,8,1956,2,4,9,1,9
2016471606475,2,1,0,18,0,4,0,0,0,0,3,1,6,1,72,10,-1,-1,-1,9,1,9
2016471606477,1,3,0,18,0,1,0,0,0,0,1,1,6,1,17,4,124,1,-1,4,1,4
2016471606477,2,9,0,2,0,1,0,0,0,0,3,1,6,3,-1,-1,1368,1,8,-1,-1,-1
2016471606478,1,9,0,9,0,1,0,0,0,0,1,1,6,2,72,10,1086,1,11,10,1,10
2016471606478,2,9,0,18,0,1,0,0,0,0,1,1,6,1,71,10,1498,1,9,6,2,6
2016471606479,1,9,0,14,0,0,0,0,0,0,1,1,6,3,33,6,1598,1,11,1,1,1
2016471606479,2,3,0,18,0,0,0,0,0,0,1,1,6,1,17,4,124,1,1,1,1,1
2016471606479,3,11,0,4,2,0,0,0,0,0,0,1,1,2,40,7,9000,2,11,6,1,6
2016471606482,1,9,0,18,0,0,0,0,0,0,1,1,2,2,25,5,998,1,1,9,1,9
2016471606482,2,20,0,4,0,0,0,0,0,0,2,1,1,1,26,6,2998,2,1,8,1,8
2016471606483,1,9,0,9,0,6,0,0,0,0,1,1,6,1,30,6,2967,2,8,10,3,10
2016471606483,2,8,0,18,0,8,0,0,0,0,1,1,6,2,19,4,1598,1,11,9,3,9
2016471606485,1,9,0,17,0,0,2,0,7,4,1,1,1,1,49,8,1910,2,9,7,3,7
2016471606486,1,9,0,18,0,0,0,0,1,0,1,1,1,2,22,5,1198,1,8,5,3,5
2016471606489,1,4,0,4,0,4,1,11,0,0,3,1,6,1,36,7,125,1,-1,2,1,2
2016471606490,1,11,0,18,0,2,0,0,0,0,4,1,1,1,57,9,5132,2,1,4,1,4
2016471606491,1,9,0,18,0,1,0,4,0,0,1,1,6,2,90,11,1339,1,10,6,1,6
2016471606491,2,9,0,2,0,1,0,0,0,0,3,1,6,3,-1,-1,1798,1,2,-1,-1,-1
2016471606496,1,9,0,17,0,0,2,0,7,10,4,1,6,1,19,4,1994,1,15,6,3,6
2016471606497,1,9,0,6,0,2,0,0,0,0,3,1,6,1,25,5,1598,1,7,3,1,3
2016471606497,2,9,0,18,0,2,0,0,0,0,1,1,6,1,34,6,1229,1,4,3,1,3
2016471606499,1,5,0,18,0,0,0,0,0,0,1,1,6,1,26,6,999,1,6,-1,-1,-1
2016471606499,2,4,0,4,0,0,0,0,0,0,2,1,6,1,30,6,-1,-1,-1,-1,-1,-1
2016471606499,3,5,0,18,0,0,0,10,1,0,0,1,6,1,33,6,988,1,12,4,1,4
2016471606501,1,9,0,4,0,8,0,0,0,0,3,1,6,1,47,8,2792,1,7,6,1,6
2016471606501,2,9,0,18,0,8,0,0,0,0,4,1,6,1,49,8,1560,2,5,8,1,8
2016471606509,1,9,0,18,0,0,0,0,0,0,1,1,6,1,22,5,1200,1,12,-1,-1,-1
2016471606509,2,9,0,18,0,0,0,0,0,0,2,1,2,2,28,6,1398,2,9,4,1,4
2016471606515,1,9,0,13,0,8,0,0,0,0,3,1,6,2,29,6,2993,2,4,10,1,10
2016471606515,2,19,0,7,0,8,0,0,0,0,1,1,1,1,47,8,1686,2,14,8,1,8
2016471606515,3,17,0,18,0,8,0,0,0,0,0,1,1,1,30,6,-1,-1,-1,-1,-1,-1
2016471606516,1,19,0,18,0,1,0,0,0,0,1,1,1,1,50,8,1686,2,12,2,1,2
2016471606517,1,9,0,4,0,0,0,0,0,0,1,1,2,2,47,8,1598,2,4,7,2,7
2016471606517,2,19,0,4,0,0,0,0,0,0,1,1,2,1,30,6,2442,2,-1,6,1,6
2016471606517,3,9,0,4,0,0,0,0,0,0,2,1,6,2,61,9,1198,1,8,8,1,8
2016471606517,4,9,0,6,0,0,0,0,1,0,0,1,6,1,21,5,-1,-1,-1,-1,-1,-1
2016471606518,1,9,0,9,0,8,0,0,0,0,4,1,6,2,43,7,1198,1,5,1,1,1
2016471606518,2,5,0,18,0,8,0,0,0,0,1,1,6,2,39,7,600,1,16,1,1,1
2016471606520,1,9,0,18,0,6,2,0,1,1,1,1,6,1,24,5,1360,1,7,8,3,8
2016471606520,2,9,0,18,0,8,5,0,1,0,4,1,2,1,49,8,1991,2,10,4,1,4
2016471606521,1,9,0,18,0,0,0,0,0,0,4,1,2,1,23,5,1242,1,9,5,2,5
2016471606524,1,9,0,18,0,0,1,10,1,11,1,1,6,1,23,5,-1,-1,-1,3,1,3
2016471606524,2,9,0,18,0,0,0,0,0,0,0,1,1,1,36,7,1997,2,4,1,1,1
2016471606525,1,19,0,9,0,8,0,0,0,0,1,1,1,1,42,7,1968,2,-1,10,1,10
2016471606525,2,4,0,13,0,8,0,0,0,0,4,1,1,1,21,5,125,1,-1,8,1,8
2016471606525,3,9,0,3,0,1,0,0,0,0,0,1,6,1,-1,-1,-1,-1,-1,-1,-1,-1
2016471606526,1,19,0,18,0,2,0,4,1,0,1,1,1,1,63,9,2143,2,2,9,3,9
2016471606526,2,9,0,2,0,2,0,0,1,0,2,1,6,1,68,10,1560,2,7,10,1,10
2016471606526,3,19,0,7,0,5,0,0,0,0,0,1,6,3,-1,-1,-1,-1,-1,-1,-1,-1
2016471606527,1,9,0,4,0,1,0,0,0,0,0,1,1,1,24,5,1560,2,5,8,1,8
2016471606527,2,11,0,3,0,1,0,0,0,0,0,1,1,3,-1,-1,-1,-1,-1,-1,-1,-1
2016471606528,1,21,0,18,0,0,1,0,0,0,1,1,1,1,53,8,6870,2,15,8,1,8
2016471606528,2,9,0,18,0,0,0,0,0,0,2,1,6,2,69,10,1296,1,8,8,2,8
2016471606528,3,9,0,18,0,0,0,0,0,0,2,1,6,1,73,10,-1,-1,-1,6,1,6
2016471606529,1,9,0,7,0,1,0,0,0,0,4,1,6,1,77,11,1560,2,2,6,1,6
2016471606529,2,1,0,16,0,1,0,0,0,0,1,1,6,2,39,7,-1,-1,-1,6,1,6
2016471606530,1,9,0,18,0,4,0,0,0,0,1,1,6,1,25,5,1753,2,9,3,1,3
2016471606530,2,9,0,3,0,4,0,0,0,0,2,1,6,2,17,4,1124,1,13,8,1,8
2016471606533,1,9,0,18,0,0,0,0,0,0,1,1,2,1,50,8,2720,2,8,6,1,6
2016471606533,2,9,0,4,0,0,0,0,0,0,2,1,6,2,33,6,1388,1,7,2,1,2
2016471606533,3,9,0,3,0,0,0,0,0,0,2,1,6,1,30,6,1395,1,3,5,1,5
2016471606535,1,1,0,18,0,8,0,0,0,0,3,1,6,1,64,9,-1,-1,-1,6,3,6
2016471606535,2,9,0,9,0,8,0,0,0,0,1,1,6,2,89,11,1390,1,11,10,2,10
2016471606540,1,8,0,14,0,1,0,0,0,0,3,1,6,3,30,6,-1,-1,-1,-1,-1,-1
2016471606540,2,9,0,9,0,5,0,0,0,0,0,1,1,1,50,8,3000,2,18,10,1,10
2016471606543,1,9,0,5,0,2,0,0,0,0,1,1,2,2,26,6,1986,2,10,6,3,6
2016471606543,2,1,0,17,0,1,0,0,0,0,4,1,2,1,51,8,-1,-1,-1,7,2,7
2016471606544,1,3,0,18,6,0,0,0,1,0,3,1,2,1,44,7,124,1,6,6,1,6
2016471606544,2,9,0,18,0,0,0,0,1,0,0,1,6,2,56,9,1389,1,19,4,1,4
2016471606544,3,9,0,18,0,0,0,0,0,0,0,1,1,1,43,7,1997,2,3,3,1,3
2016471606545,1,9,0,18,0,0,0,0,0,0,4,1,2,1,35,6,1796,1,10,4,1,4
2016471606545,2,1,0,18,0,0,0,0,0,0,2,1,6,1,47,8,-1,-1,-1,8,3,8
2016471606547,1,9,0,18,0,0,0,0,0,0,1,1,2,2,41,7,1398,1,5,5,3,5
2016471606547,2,19,0,3,0,0,0,0,0,0,2,1,6,1,44,7,1968,2,6,6,2,6
2016471606547,3,9,0,3,0,0,0,0,0,0,2,1,6,1,30,6,1796,1,11,6,3,6
2016471606550,1,8,0,7,0,5,0,0,0,0,4,1,1,1,56,9,1968,2,2,3,1,3
2016471606550,2,1,0,18,4,1,0,0,0,0,1,1,6,2,42,7,-1,-1,-1,6,1,6
2016471606551,1,9,0,9,0,6,0,0,0,0,1,1,3,1,38,7,1598,1,4,8,1,8
2016471606552,1,9,0,2,0,0,0,0,0,0,1,1,6,2,71,10,1998,2,12,6,2,6
2016471606552,2,11,0,18,0,0,0,0,0,0,4,1,6,1,52,8,4500,2,4,7,1,7
2016471606553,1,8,0,5,0,0,0,0,0,0,0,1,6,2,49,8,1598,1,9,9,3,9
2016471606553,2,3,0,18,0,0,1,0,0,0,4,1,6,1,24,5,124,1,3,9,3,9
2016471606557,1,1,0,18,0,0,0,12,0,0,1,1,1,1,55,8,-1,-1,-1,10,1,10
2016471606558,1,8,0,18,0,2,0,0,0,0,1,1,1,1,38,7,1584,1,9,7,1,7
2016471606561,1,9,0,7,0,1,0,0,0,0,4,1,6,1,35,6,1391,1,14,1,1,1
2016471606561,2,1,0,18,4,1,0,0,0,0,1,1,6,1,48,8,-1,-1,-1,5,1,5
2016471606563,1,11,0,5,0,8,0,0,0,0,1,1,1,2,47,8,6700,2,6,2,1,2
2016471606563,2,9,0,5,0,8,0,0,0,0,2,1,1,1,43,7,1796,1,9,6,3,6
2016471606565,1,9,0,18,0,0,0,0,0,0,3,1,6,2,52,8,1598,1,16,2,1,2
2016471606565,2,9,0,18,0,0,0,0,1,0,1,1,6,1,65,9,1999,1,8,9,1,9
2016471606572,1,19,0,5,0,1,0,0,0,0,2,1,1,1,43,7,1753,2,3,7,1,7