Accident_Index,Vehicle_Reference,Vehicle_Type,Towing_and_Articulation,Vehicle_Manoeuvre,Vehicle_Location-Restricted_Lane,Junction_Location,Skidding_and_Overturning,Hit_Object_in_Carriageway,Vehicle_Leaving_Carriageway,Hit_Object_off_Carriageway,1st_Point_of_Impact,Was_Vehicle_Left_Hand_Drive?,Journey_Purpose_of_Driver,Sex_of_Driver,Age_of_Driver,Age_Band_of_Driver,Engine_Capacity_(CC),Propulsion_Code,Age_of_Vehicle,Driver_IMD_Decile,Driver_Home_Area_Type,Vehicle_IMD_Decile
2016471606863,2,9,0,18,0,8,0,0,0,0,1,1,2,2,32,6,1461,2,9,5,1,5
2016471606863,3,9,0,10,0,1,0,0,0,0,1,1,6,2,60,9,1598,2,-1,10,1,10
2016471606864,1,9,0,9,0,6,0,0,0,0,3,1,6,1,40,7,1197,1,1,4,1,4
2016471606864,2,1,0,18,0,1,0,0,0,0,1,1,6,1,49,8,-1,-1,-1,7,1,7
2016471606865,1,19,0,9,0,6,0,0,0,0,1,1,6,1,30,6,2198,2,1,7,1,7
2016471606865,2,9,0,18,0,1,0,0,0,0,1,1,6,1,86,11,1896,2,8,10,3,10
2016471606865,3,9,0,3,0,1,0,0,0,0,1,1,6,1,50,8,-1,-1,-1,10,1,10
2016471606866,1,9,0,9,0,6,0,0,0,0,1,1,6,2,33,6,1397,1,15,8,1,8
2016471606866,2,19,0,18,0,1,0,0,0,0,3,1,1,1,44,7,1997,2,10,4,1,4
2016471606867,1,19,0,18,0,0,0,0,0,0,1,1,6,1,27,6,2463,2,12,9,1,9
2016471606867,2,9,0,18,0,0,0,0,0,0,2,1,1,1,25,5,-1,-1,-1,7,3,7
2016471606870,1,9,0,16,0,0,1,0,0,0,1,1,6,1,94,11,-1,-1,-1,5,1,5
2016471606870,2,9,0,17,0,0,0,0,0,0,1,1,6,1,39,7,-1,-1,-1,7,1,7
2016471606871,1,19,0,3,0,2,0,0,0,0,3,1,2,1,26,6,1968,2,3,10,1,10
2016471606871,2,1,0,18,0,2,0,0,0,0,4,1,6,2,53,8,-1,-1,-1,5,1,5
2016471606873,1,9,0,1,0,0,0,0,0,0,2,1,6,2,17,4,998,1,1,8,1,8
2016471606873,2,3,0,18,0,0,0,0,0,0,1,1,6,1,21,5,-1,-1,-1,9,1,9
2016471606875,1,9,0,18,0,1,0,0,0,0,4,1,6,1,84,11,1896,2,10,10,1,10
2016471606879,1,9,0,13,0,0,0,0,0,0,3,1,6,1,29,6,2099,1,11,6,2,6
2016471606879,2,5,0,13,0,0,0,0,1,0,4,1,6,1,47,8,1157,1,17,7,2,7
2016471606879,3,9,0,18,0,0,0,0,0,0,0,1,6,3,-1,-1,-1,-1,-1,-1,-1,-1
2016471606880,1,9,0,18,0,8,0,0,0,0,1,1,6,2,76,11,1968,2,5,9,1,9
2016471606880,2,20,0,2,0,8,0,0,0,0,0,1,1,3,-1,-1,11705,2,11,-1,-1,-1
2016471606881,1,9,0,18,0,0,0,0,0,0,3,1,6,1,86,11,1198,1,3,9,1,9
2016471606881,2,9,0,2,0,0,0,0,0,0,4,1,6,3,-1,-1,1995,2,1,-1,-1,-1
2016471606883,1,9,0,18,0,0,0,0,0,0,1,1,6,1,79,11,1598,2,-1,10,1,10
2016471606883,2,19,0,18,0,0,2,0,0,0,1,1,2,1,34,6,2461,2,13,9,1,9
2016471606885,1,4,0,13,0,0,0,0,0,0,1,1,6,1,25,5,998,1,13,-1,-1,-1
2016471606885,2,9,0,18,0,0,0,0,0,0,0,1,6,3,-1,-1,-1,-1,-1,-1,-1,-1
2016471606887,1,8,0,18,0,1,0,0,0,0,1,1,1,1,28,6,1910,2,8,4,1,4
2016471606888,1,3,0,17,0,0,1,0,1,0,4,1,2,1,25,5,124,1,-1,3,1,3
2016471606890,1,9,0,11,0,2,0,0,1,11,1,1,6,1,27,6,1199,1,14,5,1,5
2016471606891,1,19,0,18,0,0,0,0,0,0,1,1,2,1,49,8,1998,2,10,3,1,3
2016471606893,1,9,0,18,0,0,0,0,0,0,1,1,6,2,77,11,1796,1,8,10,1,10
2016471606894,1,19,0,17,0,8,1,0,0,0,1,1,6,1,31,6,2461,2,7,4,1,4
2016471606894,2,19,0,16,0,8,0,0,0,0,1,1,1,1,34,6,1995,2,8,5,1,5
2016471606898,1,8,0,9,0,5,0,0,0,0,1,1,1,1,64,9,1685,2,-1,8,1,8
2016471606898,2,1,0,18,0,8,0,0,0,0,1,1,2,1,56,9,-1,-1,-1,9,1,9
2016471606899,1,9,0,16,0,2,1,0,7,4,1,1,6,2,18,4,1598,1,7,4,1,4
2016471606900,1,9,0,9,0,4,0,0,0,0,1,1,2,1,33,6,1587,1,12,3,1,3
2016471606900,2,1,0,9,0,4,0,0,0,0,1,1,1,2,54,8,-1,-1,-1,7,1,7
2016471606907,1,9,0,5,0,6,0,0,0,0,1,1,6,1,83,11,1598,1,14,5,1,5
2016471606907,2,9,0,18,0,8,0,0,0,0,1,1,6,2,18,4,1149,1,14,5,1,5
2016471606908,1,9,0,18,0,0,0,0,0,0,1,1,6,2,35,6,1461,2,7,-1,-1,-1
2016471606908,2,1,0,5,0,0,0,0,0,0,3,1,6,1,19,4,-1,-1,-1,10,1,10
2016471606912,1,3,0,18,0,0,1,4,0,0,1,1,6,1,32,6,125,1,-1,8,1,8
2016471606912,2,9,0,2,0,0,0,0,0,0,2,1,6,3,-1,-1,1968,2,5,-1,-1,-1
2016471606913,1,1,0,9,0,2,0,0,0,0,4,1,6,1,22,5,-1,-1,-1,4,1,4
2016471606913,2,9,0,4,0,1,0,0,0,0,1,1,6,2,50,8,1124,1,9,4,1,4
2016471606914,1,9,0,6,0,0,0,0,0,0,3,1,1,2,22,5,1390,1,7,1,1,1
2016471606914,2,1,0,18,0,0,0,0,0,0,1,1,6,2,36,7,-1,-1,-1,3,1,3
2016471606915,1,9,0,9,0,6,0,0,0,0,3,1,2,2,48,8,1396,1,-1,8,1,8
2016471606915,2,9,0,18,0,8,0,0,0,0,1,1,1,2,39,7,1390,1,11,3,1,3
2016471606917,1,9,0,7,0,6,0,0,0,0,3,1,6,2,73,10,1229,1,10,6,3,6
2016471606917,2,9,0,17,0,1,0,0,0,0,1,1,6,2,44,7,998,1,-1,8,1,8
2016471606919,1,19,0,7,0,4,0,0,0,0,4,1,2,1,30,6,1968,2,2,8,1,8
2016471606919,2,11,0,5,3,4,0,0,0,0,1,1,6,1,42,7,7300,2,2,4,1,4
2016471606920,1,9,0,16,0,0,1,0,1,4,3,1,6,1,21,5,1493,1,17,7,3,7
2016471606921,1,9,0,12,0,0,0,0,0,0,2,1,2,2,54,8,1360,1,16,8,1,8
2016471606921,2,9,0,18,0,0,0,0,0,0,1,1,2,2,49,8,1560,2,9,6,1,6
2016471606922,1,9,0,6,0,0,0,0,0,0,4,1,6,2,48,8,1461,2,10,3,1,3
2016471606922,2,5,0,13,0,0,0,0,0,0,1,1,2,1,45,7,997,1,28,1,1,1
2016471606923,1,9,0,9,0,1,0,0,0,0,1,1,6,2,38,7,1587,1,11,6,3,6
2016471606923,2,9,0,18,0,1,0,0,1,10,1,1,2,1,43,7,999,1,3,3,1,3
2016471606924,1,9,0,9,0,5,0,0,0,0,1,1,6,2,72,10,1590,1,11,9,2,9
2016471606924,2,9,0,18,0,8,0,0,0,0,1,1,6,1,41,7,1781,1,16,8,1,8
2016471606926,1,19,0,18,0,0,0,0,0,0,1,1,6,1,-1,-1,1968,2,1,-1,-1,-1
2016471606926,2,9,0,2,0,0,0,0,0,0,2,1,1,3,-1,-1,998,1,14,-1,-1,-1
2016471606928,1,9,0,18,0,1,0,4,0,0,1,1,6,2,47,8,1968,2,10,6,1,6
2016471606928,2,19,0,2,0,1,0,0,0,0,2,1,1,3,-1,-1,1598,2,2,-1,-1,-1
2016471606929,1,9,0,13,0,0,0,0,0,0,0,1,6,2,28,6,998,1,-1,7,1,7
2016471606929,2,9,0,18,0,0,1,0,7,11,1,1,2,1,21,5,1398,1,1,2,1,2
2016471606933,1,9,0,14,0,0,0,0,0,0,1,1,1,1,21,5,-1,-1,-1,6,2,6
2016471606934,1,9,0,18,0,0,0,0,0,0,3,1,6,2,76,11,1368,1,6,4,1,4
2016471606934,2,9,0,18,0,0,0,0,1,0,3,1,6,1,78,11,1984,1,-1,9,1,9
2016471606934,3,9,0,18,0,0,0,0,1,0,3,1,6,2,54,8,1998,1,13,6,3,6
2016471606937,1,9,0,18,0,1,0,0,2,7,1,1,6,1,27,6,1968,2,-1,9,3,9
2016471606937,2,9,0,10,0,5,0,0,0,0,2,1,6,1,58,9,1596,1,10,9,2,9
2016471606938,1,9,0,17,0,0,2,0,1,4,3,1,6,1,18,4,1149,1,12,6,2,6
2016471606939,1,21,1,11,0,0,0,0,0,0,4,1,1,1,49,8,12419,2,3,2,1,2
2016471606939,2,9,0,18,0,0,0,0,0,0,3,1,2,2,25,5,1598,1,6,4,1,4
2016471606940,1,9,0,9,0,5,0,0,0,0,3,1,6,2,43,7,1596,1,13,10,2,10
2016471606940,2,1,0,18,0,1,0,0,0,0,1,1,6,1,25,5,-1,-1,-1,-1,-1,-1
2016471606941,1,9,0,16,0,0,0,0,8,10,1,1,6,2,18,4,1299,1,17,7,3,7
2016471606941,2,9,0,17,0,0,0,0,0,0,1,1,6,1,45,7,1997,2,8,5,3,5
2016471606943,1,9,0,18,0,8,1,0,4,0,1,1,6,2,38,7,973,1,14,6,1,6
2016471606943,2,19,0,18,0,6,1,0,4,0,3,1,1,1,39,7,2143,2,1,2,1,2
2016471606947,1,9,0,16,0,0,1,0,0,4,1,1,6,1,20,4,1149,1,8,6,1,6
2016471606947,2,9,0,17,0,0,1,0,0,0,1,1,6,1,33,6,1596,1,6,1,1,1
2016471606951,1,9,0,9,0,8,0,0,4,1,3,1,6,2,56,9,1598,1,2,6,1,6
2016471606951,2,9,0,18,0,8,0,0,0,0,1,1,6,1,33,6,1997,2,7,3,1,3
2016471606954,1,9,0,4,0,0,0,0,0,0,1,1,6,1,34,6,2494,1,12,10,1,10
2016471606954,2,9,0,3,0,0,0,0,0,0,2,1,6,2,28,6,996,1,6,2,1,2
2016471606954,3,9,0,3,0,0,0,0,0,0,2,1,6,1,31,6,1984,1,13,1,1,1
2016471606956,1,9,0,13,0,8,0,0,0,0,1,1,6,1,23,5,-1,-1,-1,10,1,10
2016471606956,2,9,0,3,0,8,0,0,0,0,3,1,6,2,50,8,1992,2,10,6,1,6
2016471606956,3,9,0,10,0,8,0,0,0,0,0,1,6,1,30,6,-1,-1,-1,-1,-1,-1
2016471606957,1,9,0,18,0,4,0,0,0,0,1,1,6,2,21,5,1299,1,12,7,1,7
2016471606957,2,11,0,9,0,3,0,0,0,0,4,1,6,2,50,8,9360,2,3,2,1,2
2016471606958,1,9,0,5,0,1,0,0,0,0,1,1,6,1,34,6,1598,1,9,4,1,4
2016471606961,1,11,0,18,0,3,0,0,0,0,1,1,1,1,45,7,6700,2,6,8,1,8
2016471606961,2,3,0,11,0,3,0,0,0,0,2,1,1,1,22,5,125,1,-1,4,1,4
2016471606963,1,9,0,18,0,8,0,10,1,11,1,1,6,3,-1,-1,1968,2,9,-1,-1,-1
2016471606963,2,9,0,18,0,2,0,0,0,0,2,1,6,1,55,8,-1,-1,-1,8,2,8
2016471606963,3,9,0,2,0,2,0,0,0,0,2,1,6,3,-1,-1,-1,-1,-1,-1,-1,-1
2016471606963,4,9,0,2,0,8,0,0,7,0,1,1,6,3,-1,-1,1796,1,13,-1,-1,-1
2016471606964,1,9,0,18,0,8,0,0,0,0,1,1,6,1,77,11,1388,1,13,3,1,3
2016471606964,2,9,0,18,0,8,0,0,0,0,3,1,6,1,42,7,1984,1,7,3,1,3
2016471606965,1,9,0,18,0,2,0,0,0,0,1,1,1,1,56,9,998,1,14,9,1,9
2016471606966,1,9,0,17,0,1,0,0,0,0,3,1,6,2,19,4,1398,1,5,4,1,4
2016471606967,1,1,0,18,0,8,0,0,0,0,3,1,1,2,14,3,-1,-1,-1,6,1,6
2016471606967,2,9,0,18,0,1,0,0,0,0,1,1,6,2,24,5,998,1,5,8,1,8
2016471606968,1,9,0,9,0,8,0,0,0,0,3,1,6,1,46,8,1582,2,5,6,1,6
2016471606968,2,8,0,4,0,8,0,0,0,0,1,1,1,1,44,7,1560,2,5,5,1,5
2016471606969,1,1,0,18,0,8,0,0,0,0,1,1,6,1,27,6,-1,-1,-1,2,1,2
2016471606969,2,9,0,18,0,8,0,0,0,0,4,1,6,1,35,6,1686,2,9,2,1,2
2016471606970,1,9,0,11,0,0,0,0,5,6,4,1,6,2,28,6,1390,1,3,7,1,7
2016471606970,2,9,0,18,0,0,0,0,0,0,3,1,6,2,37,7,1199,1,3,9,1,9
2016471606971,1,5,0,15,0,1,0,0,0,0,3,1,6,1,29,6,1170,1,3,1,1,1
2016471606971,2,11,0,18,0,1,0,0,0,0,0,1,1,1,-1,-1,-1,-1,-1,-1,-1,-1
2016471606975,1,9,0,18,0,8,0,0,8,10,1,1,6,1,24,5,1597,1,19,4,1,4
2016471606975,2,9,0,9,0,8,0,0,0,0,3,1,6,1,23,5,1242,1,4,6,1,6
2016471606977,1,9,0,12,0,0,0,0,0,0,1,1,6,1,33,6,1968,2,8,8,1,8
2016471606977,2,9,0,18,0,0,0,0,0,0,1,1,6,2,70,10,1329,1,3,9,1,9
2016471606980,1,9,0,18,0,0,0,0,0,0,1,1,6,1,28,6,1998,2,4,3,1,3
2016471606980,2,2,0,18,0,0,1,0,5,10,2,1,6,1,28,6,49,1,-1,8,1,8
2016471606982,1,9,0,18,0,0,1,0,1,0,3,1,2,1,47,8,1390,1,15,3,1,3
2016471606982,2,9,0,18,0,0,0,0,1,0,3,1,2,1,23,5,1560,2,3,9,1,9
2016471606983,1,8,0,7,4,5,0,0,0,0,4,1,1,1,28,6,1968,2,-1,5,1,5
2016471606983,2,1,0,18,4,1,0,0,0,0,1,1,6,1,29,6,-1,-1,-1,7,1,7
2016471606984,1,9,0,13,0,0,1,0,0,0,1,1,1,1,61,9,1799,1,9,5,1,5
2016471606984,2,17,0,4,0,0,0,0,0,0,2,1,1,1,53,8,6728,2,5,10,3,10
2016471606993,1,9,0,9,0,8,0,0,0,0,1,1,2,2,22,5,1398,1,-1,3,1,3
2016471606993,2,9,0,17,0,8,0,0,0,0,4,1,2,2,33,6,1390,1,5,4,1,4
2016471606995,1,19,0,9,0,1,0,0,0,0,1,1,1,2,43,7,1248,2,1,4,1,4
2016471606995,2,9,0,18,0,1,0,0,0,0,1,1,1,1,29,6,2184,2,12,8,3,8
2016471606998,1,11,0,7,0,8,0,0,0,0,1,1,1,1,51,8,4250,2,4,8,1,8
2016471606998,2,9,0,8,0,8,0,0,0,0,4,1,6,2,53,8,2171,1,13,6,1,6
2016471606999,1,9,0,18,0,8,0,0,0,11,1,1,2,2,68,10,1998,1,11,7,1,7
2016471606999,2,9,0,18,0,8,0,0,0,0,4,1,2,1,39,7,1242,1,18,4,1,4
2016471606999,3,9,0,2,0,2,0,0,0,0,1,1,6,3,-1,-1,2435,1,15,-1,-1,-1
2016471607000,1,9,0,9,0,8,0,0,0,0,1,1,6,1,52,8,1598,1,5,3,1,3
2016471607000,2,3,0,18,0,8,0,0,0,0,1,1,6,1,20,4,125,1,12,6,1,6
2016471607001,1,9,0,13,0,0,0,0,7,0,1,1,2,1,20,4,2497,1,10,10,3,10
2016471607001,2,9,0,18,0,0,0,0,1,0,1,1,6,2,59,9,1242,1,11,9,3,9
2016471607001,3,9,0,18,0,0,0,0,7,4,3,1,6,1,44,7,1461,2,-1,8,1,8
2016471607001,4,9,0,18,0,0,0,0,0,0,0,1,6,1,36,7,1499,2,-1,3,1,3
2016471607003,1,20,0,1,0,6,0,0,0,0,2,1,1,1,57,9,-1,-1,-1,8,1,8
2016471607004,1,9,0,9,0,8,0,0,0,0,4,1,6,1,24,5,1149,1,-1,7,1,7
2016471607004,2,9,0,18,0,8,0,0,0,0,1,1,6,2,30,6,1398,1,6,1,1,1
2016471607007,1,9,0,17,0,0,2,4,1,2,1,1,6,1,25,5,2495,2,13,8,1,8
2016471607007,2,19,0,2,0,0,0,0,0,0,2,1,6,3,-1,-1,2460,2,12,-1,-1,-1
2016471607007,3,9,0,2,0,0,0,0,0,0,2,1,6,3,-1,-1,1798,1,2,-1,-1,-1
2016471607008,1,9,0,7,0,2,0,0,0,0,1,1,3,1,18,4,1398,2,13,7,3,7
2016471607008,2,9,0,18,0,1,0,0,0,0,1,1,3,2,37,7,2198,1,14,5,2,5
2016471607009,1,9,0,18,0,0,0,0,0,11,1,1,6,1,58,9,1587,1,15,3,1,3
2016471607011,1,9,0,9,0,8,0,0,0,0,4,1,6,2,58,9,1896,2,8,6,3,6
2016471607011,2,20,0,18,0,8,0,0,0,0,1,1,1,1,33,6,4250,2,6,2,1,2
2016471607012,1,9,0,18,0,0,0,0,0,0,1,1,1,1,40,7,1968,2,4,7,1,7
2016471607012,2,9,0,4,0,0,0,0,0,0,2,1,6,2,28,6,1598,1,9,6,1,6
2016471607013,1,9,0,9,0,1,0,0,0,0,1,1,2,1,55,8,1896,2,9,6,1,6
2016471607014,1,9,0,9,0,5,0,0,0,0,1,1,6,1,24,5,1998,1,3,9,1,9
2016471607015,1,9,0,18,0,0,0,7,0,0,1,1,1,1,30,6,2793,1,18,10,1,10
2016471607016,1,9,0,12,0,0,0,0,4,0,2,1,6,1,40,7,1781,1,11,4,1,4
2016471607016,2,9,0,18,0,0,0,0,1,0,1,1,6,1,36,7,1596,1,1,6,1,6
2016471607016,3,9,0,18,0,0,0,0,0,0,2,1,6,1,51,8,1396,1,17,10,1,10
2016471607016,4,9,0,18,0,0,0,0,4,0,2,1,6,2,49,8,998,1,2,6,2,6
2016471607017,1,9,0,7,0,6,0,0,0,0,1,1,2,1,32,6,2171,1,12,9,1,9
2016471607017,2,9,0,18,0,1,1,4,0,0,1,1,2,1,35,6,1997,2,13,8,1,8
2016471607017,3,9,0,2,0,2,0,0,0,0,1,1,6,3,-1,-1,1591,1,-1,-1,-1,-1
2016471607018,1,9,0,18,0,6,0,0,3,11,1,1,6,2,51,8,1598,1,3,9,3,9
2016471607019,1,19,0,9,0,6,0,0,0,0,3,1,1,1,21,5,2198,2,2,4,1,4
2016471607019,2,9,0,18,0,1,0,0,0,0,1,1,6,2,58,9,2198,1,9,6,3,6
2016471607020,1,9,0,18,0,0,0,0,0,0,1,1,6,1,80,11,1988,1,18,3,1,3
2016471607020,2,9,0,2,0,0,0,0,0,0,2,1,6,3,-1,-1,1461,2,6,-1,-1,-1
2016471607021,1,9,0,13,0,0,0,0,7,0,4,1,2,1,29,6,1988,1,13,8,1,8
2016471607021,2,9,0,18,0,0,0,0,0,0,1,1,6,2,26,6,1240,1,8,8,1,8
2016471607022,1,9,0,16,0,0,0,0,0,0,1,1,6,2,20,4,1299,1,11,10,1,10
2016471607022,2,9,0,17,0,0,0,0,0,0,1,1,2,1,45,7,1984,1,10,10,1,10
2016471607027,1,9,0,7,0,5,0,0,0,0,4,1,2,2,45,7,2179,2,9,4,1,4
2016471607032,1,9,0,9,0,5,0,0,0,0,4,1,6,2,75,10,1199,1,15,5,3,5
2016471607032,2,9,0,18,0,8,0,0,0,0,1,1,6,2,72,10,1910,2,10,4,1,4
2016471607032,3,11,0,3,0,1,0,0,0,0,0,1,1,1,-1,-1,-1,-1,-1,-1,-1,-1
2016471607035,1,19,0,5,0,2,0,0,0,0,1,1,1,1,19,4,2143,2,-1,7,1,7
2016471607035,2,9,0,18,0,2,1,0,0,0,3,1,2,1,21,5,1396,1,14,6,1,6
2016471607036,1,9,0,1,0,8,0,0,0,0,3,1,6,2,-1,-1,1839,1,12,5,3,5
2016471607036,2,1,0,16,0,8,0,0,0,0,1,1,6,1,68,10,-1,-1,-1,7,2,7
2016471607038,1,8,0,18,0,4,0,0,0,0,1,1,6,1,37,7,1497,8,7,4,1,4
2016471607038,2,19,0,3,0,4,0,0,0,0,2,1,6,1,48,8,1753,2,14,3,1,3
2016471607040,1,9,0,18,0,1,0,0,0,0,1,1,6,1,26,6,-1,-1,-1,7,1,7
2016471607040,2,9,0,18,0,1,0,0,0,0,2,1,6,1,51,8,1968,2,-1,8,1,8
2016471607040,3,9,0,18,0,1,0,0,0,0,2,2,6,2,47,8,1560,2,8,6,1,6
2016471607046,1,9,0,9,0,1,0,0,0,0,1,1,6,1,43,7,1896,2,15,7,1,7
2016471607047,1,3,0,13,0,0,0,0,0,0,1,1,2,1,25,5,124,1,1,9,1,9
2016471607047,2,8,0,18,0,0,0,0,0,0,3,1,2,1,28,6,1797,8,6,7,1,7
2016471607048,1,9,0,18,0,8,0,0,7,0,4,1,6,1,23,5,1360,1,14,1,1,1
2016471607048,2,9,0,18,0,8,0,0,0,0,1,1,6,1,24,5,1753,2,13,3,1,3
2016471607049,1,9,0,18,0,0,0,0,0,0,1,1,6,1,18,4,4367,2,2,4,1,4
2016471607049,2,9,0,4,0,0,0,0,0,0,2,1,1,1,45,7,2993,2,1,9,2,9
2016471607049,3,9,0,4,0,0,0,0,0,0,0,1,1,1,42,7,2993,2,1,9,2,9
2016471607050,1,9,0,9,0,8,0,0,0,0,1,1,6,2,62,9,1398,2,11,3,1,3
2016471607050,2,9,0,5,0,1,0,0,0,0,1,1,6,1,56,9,1396,1,21,6,1,6
2016471607052,1,9,0,18,0,1,0,0,0,0,1,1,6,2,51,8,1997,1,15,5,1,5
2016471607052,2,9,0,18,0,1,0,0,0,0,2,1,6,1,32,6,1360,1,7,3,1,3
2016471607054,1,9,0,6,0,8,0,0,0,0,3,1,6,1,57,9,1988,1,15,5,1,5
2016471607054,2,1,0,18,0,1,0,0,0,0,1,1,6,2,39,7,-1,-1,-1,8,1,8
2016471607055,1,9,0,18,0,8,0,0,0,0,1,1,6,2,48,8,1560,2,5,9,1,9
2016471607055,2,9,0,4,0,8,0,0,0,0,2,1,6,2,55,8,1497,1,12,5,2,5
2016471607055,3,9,0,3,0,8,0,0,0,0,2,1,6,2,55,8,2184,2,6,9,3,9
2016471607057,1,9,0,5,0,2,0,0,0,0,1,1,6,1,78,11,1398,1,4,8,1,8
2016471607057,2,9,0,17,0,8,0,0,0,0,1,1,6,1,73,10,1997,2,1,3,1,3
2016471607064,1,8,0,5,0,2,0,0,0,0,4,1,1,1,60,9,1598,2,5,6,1,6
2016471607065,1,9,0,18,0,1,0,0,0,0,1,1,6,1,82,11,1598,1,15,10,1,10
2016471607065,2,9,0,18,0,8,0,0,0,0,4,1,6,1,67,10,1796,1,16,9,1,9
2016471607065,3,19,0,2,0,2,0,0,0,0,1,1,6,3,-1,-1,2198,2,1,-1,-1,-1
2016471607067,1,9,0,16,0,1,0,0,0,0,1,1,6,1,18,4,1796,1,1,5,1,5
2016471607067,2,19,0,16,0,1,0,0,0,0,0,1,1,1,28,6,2198,2,2,8,1,8
2016471607067,3,9,0,17,0,1,0,0,0,0,1,1,2,1,27,6,1968,2,8,7,1,7
2016471607068,1,5,0,18,0,0,0,12,0,0,1,1,2,1,53,8,997,1,21,2,1,2
2016471607069,1,19,0,10,0,1,0,0,0,0,1,1,1,1,29,6,2402,2,5,3,1,3
2016471607069,2,8,0,18,0,1,0,0,0,0,1,1,1,1,52,8,1797,8,5,3,1,3
2016471607070,1,8,0,18,0,0,0,0,0,0,4,1,1,1,56,9,1968,2,9,6,1,6
2016471607070,2,1,0,18,0,0,0,0,0,0,3,1,6,1,80,11,-1,-1,-1,8,1,8
2016471607073,1,9,0,5,0,6,0,0,0,10,4,1,6,1,19,4,1598,2,1,3,1,3
2016471607073,2,9,0,18,0,8,0,0,0,0,1,1,1,2,32,6,1997,2,4,2,1,2
2016471607075,1,9,0,12,0,8,0,0,0,0,3,1,6,1,52,8,1397,1,14,5,2,5
2016471607075,2,5,0,18,0,8,0,0,0,0,1,1,6,1,67,10,953,1,12,6,1,6
2016471607076,1,9,0,7,4,1,0,0,0,0,4,1,6,3,-1,-1,-1,-1,-1,-1,-1,-1
2016471607076,2,1,0,18,4,1,0,0,0,0,1,1,1,2,28,6,-1,-1,-1,1,1,1
2016471607077,1,1,0,2,0,0,0,0,0,0,0,1,6,1,90,11,-1,-1,-1,3,1,3
2016471607078,1,9,0,18,0,0,0,0,0,0,1,1,2,1,57,9,1998,2,8,8,1,8
2016471607078,2,9,0,18,0,0,0,0,0,0,2,1,6,1,26,6,1910,2,10,6,3,6
2016471607082,1,9,0,1,0,1,0,0,0,0,2,1,6,1,52,8,1496,2,2,8,1,8
2016471607083,1,9,0,18,0,8,0,0,0,0,3,1,6,2,31,6,2487,2,16,9,1,9
2016471607083,2,1,0,18,0,8,1,0,0,0,1,1,2,1,22,5,-1,-1,-1,10,1,10
2016471607085,1,9,0,5,0,8,0,0,0,0,1,1,6,2,44,7,1796,1,8,3,1,3
2016471607085,2,9,0,5,0,8,0,0,0,0,2,1,6,2,41,7,1248,1,1,7,2,7
2016471607087,1,9,0,1,0,1,0,0,0,0,2,1,6,1,65,9,2993,2,13,8,1,8
2016471607088,1,11,0,4,0,0,0,0,0,0,0,1,1,2,24,5,9000,2,7,6,1,6
2016471607089,1,9,0,18,0,1,0,0,0,0,0,1,6,1,-1,-1,-1,-1,-1,-1,-1,-1
2016471607089,2,9,0,18,0,1,2,0,7,9,0,1,6,2,19,4,1596,1,10,6,1,6
2016471607093,1,9,0,18,0,2,0,0,0,0,1,1,6,1,29,6,1364,1,10,4,1,4
2016471607093,2,19,0,2,0,2,0,0,0,0,2,1,6,1,27,6,1461,2,14,1,1,1
2016471607094,1,9,0,18,0,0,0,0,0,0,0,1,6,1,51,8,1596,1,8,3,1,3
2016471607094,2,4,0,18,0,0,1,0,0,0,4,1,6,1,19,4,398,1,28,6,1,6
2016471607095,1,9,0,18,0,4,5,0,8,2,1,1,6,1,93,11,1998,1,13,10,1,10
2016471607095,2,9,0,18,0,3,0,0,0,0,4,1,6,1,48,8,1598,2,6,9,1,9
2016471607096,1,9,0,18,0,8,0,0,0,0,1,1,6,1,48,8,998,1,5,10,1,10
2016471607096,2,9,0,18,0,8,5,0,0,0,4,1,6,2,21,5,1298,1,13,7,3,7
2016471607097,1,9,0,7,0,5,0,0,0,0,4,1,6,2,50,8,1086,1,8,-1,-1,-1
2016471607097,2,1,0,18,0,1,0,0,0,0,1,1,6,1,35,6,-1,-1,-1,6,1,6
2016471607100,1,9,0,18,0,2,0,0,0,0,1,1,6,1,40,7,1598,1,7,2,1,2
2016471607100,2,9,0,18,0,1,0,0,0,0,2,1,6,2,66,10,1587,1,15,5,1,5
2016471607100,3,9,0,1,0,1,0,0,0,0,0,1,6,1,30,6,-1,-1,-1,-1,-1,-1
2016471607102,1,9,0,18,0,1,0,0,0,0,4,1,6,1,37,7,1781,1,17,10,2,10
2016471607103,1,9,0,7,0,1,0,0,0,0,1,1,6,1,18,4,1596,1,9,9,1,9
2016471607106,1,9,0,18,0,1,0,0,0,0,1,1,6,3,-1,-1,-1,-1,-1,-1,-1,-1
2016471607106,2,9,0,4,0,1,0,0,0,0,2,1,6,2,24,5,1600,2,7,7,1,7
2016471607108,1,9,0,18,0,2,0,0,0,11,1,1,6,1,29,6,1799,1,10,4,1,4
2016471607109,1,9,0,18,0,2,0,0,0,0,1,1,6,1,-1,-1,-1,-1,-1,-1,-1,-1
2016471607110,1,3,0,4,0,1,0,0,0,0,3,1,6,1,70,10,125,1,-1,3,1,3
2016471607111,1,4,0,16,0,0,0,0,0,0,1,1,6,2,57,9,649,1,-1,3,1,3