Accident_Index,Vehicle_Reference,Vehicle_Type,Towing_and_Articulation,Vehicle_Manoeuvre,Vehicle_Location-Restricted_Lane,Junction_Location,Skidding_and_Overturning,Hit_Object_in_Carriageway,Vehicle_Leaving_Carriageway,Hit_Object_off_Carriageway,1st_Point_of_Impact,Was_Vehicle_Left_Hand_Drive?,Journey_Purpose_of_Driver,Sex_of_Driver,Age_of_Driver,Age_Band_of_Driver,Engine_Capacity_(CC),Propulsion_Code,Age_of_Vehicle,Driver_IMD_Decile,Driver_Home_Area_Type,Vehicle_IMD_Decile
2016480137060,2,1,0,18,0,8,0,0,0,0,1,1,5,2,29,6,-1,-1,-1,5,1,5
2016480137117,1,9,0,12,0,0,0,0,0,0,2,1,5,1,54,8,1995,2,6,2,1,2
2016480137117,2,5,0,18,0,0,0,0,0,0,1,1,5,1,49,8,599,1,13,7,1,7
2016480137142,1,9,0,9,0,8,0,0,0,0,4,1,5,1,49,8,1591,1,1,3,1,3
2016480137142,2,4,0,18,0,8,0,0,0,0,1,1,5,1,33,6,779,1,4,2,1,2
2016480137157,1,8,0,18,0,8,0,0,0,0,1,1,1,1,30,6,1997,2,5,3,1,3
2016480137157,2,8,0,18,0,8,0,0,0,0,1,1,1,1,46,8,1997,2,1,-1,-1,-1
2016480137617,1,5,0,18,0,8,0,0,0,0,1,1,5,1,53,8,805,1,18,3,1,3
2016480137630,1,3,0,14,0,1,0,0,0,0,4,1,1,1,40,7,108,1,3,2,1,2
2016480137752,1,8,0,18,0,1,0,0,0,0,1,1,1,1,48,8,-1,-1,-1,4,1,4
2016480137825,1,1,0,18,5,1,0,0,0,0,1,1,2,2,29,6,-1,-1,-1,5,1,5
2016480137834,1,11,0,18,0,2,0,0,0,0,1,1,1,1,59,9,4500,2,2,4,1,4
2016480141368,1,8,0,18,0,2,0,0,0,0,1,1,1,1,35,6,1797,8,4,9,1,9
2016480141368,2,1,0,18,0,2,0,0,0,0,2,1,5,1,17,4,-1,-1,-1,3,1,3
2016480141390,1,90,0,18,9,1,0,0,0,0,4,1,1,1,61,9,1505,2,4,6,1,6
2016480141465,1,9,0,18,0,8,0,0,0,0,1,1,5,1,31,6,1797,8,2,2,1,2
2016480141465,2,1,0,18,0,8,0,0,0,0,4,1,5,2,23,5,-1,-1,-1,3,1,3
2016480141476,1,9,0,5,0,1,0,0,0,0,1,1,1,1,41,7,2143,2,2,5,1,5
2016480141476,2,9,0,3,0,1,0,0,0,0,2,1,1,1,31,6,-1,-1,-1,1,1,1
2016480141476,3,9,0,3,0,1,0,0,0,0,2,1,1,1,49,8,-1,-1,-1,9,1,9
2016480141632,1,9,0,18,0,8,0,0,0,0,3,1,6,1,29,6,1197,1,3,2,1,2
2016480141632,2,9,0,9,0,8,0,0,0,0,1,1,6,1,30,6,1797,8,6,3,1,3
2016480141815,1,4,0,18,0,8,0,0,0,0,1,1,5,1,49,8,249,1,2,5,1,5
2016480141815,2,9,0,9,0,8,0,0,0,0,4,1,5,1,39,7,1796,1,10,4,1,4
2016480141840,1,1,0,18,0,8,0,0,0,0,1,1,2,1,53,8,-1,-1,-1,2,1,2
2016480141840,2,9,0,7,0,8,0,0,0,0,4,1,1,1,35,6,1598,2,2,-1,-1,-1
2016480141873,1,19,0,18,0,1,0,0,0,0,4,1,1,1,35,6,2402,2,9,5,1,5
2016480142351,1,8,0,6,0,1,0,0,0,0,3,1,1,1,58,9,1798,8,2,1,1,1
2016480142351,2,1,0,18,0,1,0,0,0,0,4,1,4,2,25,5,-1,-1,-1,2,1,2
2016480142437,1,19,0,1,0,1,0,0,0,0,2,1,1,1,74,10,-1,-1,-1,2,1,2
2016480142806,1,9,0,18,0,2,0,0,0,0,1,1,6,1,26,6,1598,2,-1,8,1,8
2016480143259,1,9,0,18,0,1,0,0,0,0,4,1,1,1,47,8,-1,-1,-1,3,1,3
2016480143279,1,8,0,2,0,0,0,0,0,0,2,1,1,1,63,9,2143,2,5,8,1,8
2016480143279,2,1,0,18,0,0,0,0,0,0,1,1,2,1,20,4,-1,-1,-1,1,1,1
2016480143304,1,1,0,18,5,1,0,0,0,0,1,1,2,2,28,6,-1,-1,-1,4,1,4
2016480143304,2,1,0,2,5,1,0,0,0,0,2,1,2,1,28,6,-1,-1,-1,3,1,3
2016480143414,1,8,0,18,0,1,0,0,0,0,3,1,1,1,53,8,1997,2,-1,5,1,5
2016480143736,1,19,0,2,0,2,0,0,0,0,3,1,1,1,32,6,2143,2,3,9,1,9
2016480143736,2,1,0,18,0,2,0,0,0,0,4,1,2,1,37,7,-1,-1,-1,8,1,8
2016480143758,1,9,0,2,0,2,0,0,0,0,3,1,1,1,49,8,1560,2,3,3,1,3
2016480143758,2,1,0,18,0,2,0,0,0,0,4,1,5,1,50,8,-1,-1,-1,3,1,3
2016480144139,1,19,0,18,0,1,0,0,0,0,1,1,1,1,38,7,2461,2,10,2,1,2
2016480148377,1,1,0,18,0,1,0,0,0,0,1,1,6,2,58,9,-1,-1,-1,2,1,2
2016480148377,2,8,0,2,0,1,0,0,0,0,4,1,1,1,52,8,-1,-1,-1,-1,-1,-1
2016480148726,1,3,0,18,0,2,0,0,0,0,1,1,2,1,44,7,125,1,6,4,1,4
2016480148726,2,8,0,2,0,2,0,0,0,0,3,1,1,1,39,7,2499,2,5,5,1,5
2016480153241,1,9,0,9,0,8,0,0,0,0,4,1,5,2,28,6,1598,1,7,4,1,4
2016480153241,2,1,0,18,0,8,0,0,0,0,1,1,5,1,53,8,-1,-1,-1,2,1,2
2016500039618,1,19,0,14,0,1,0,0,0,0,4,1,1,1,51,8,1560,2,6,1,1,1
2016500039865,1,9,0,5,0,6,0,0,1,1,1,1,5,1,86,11,1386,1,8,6,2,6
2016500039865,2,9,0,18,0,1,0,0,0,0,1,1,5,1,67,10,1798,8,4,5,1,5
2016500041399,1,9,0,1,0,1,0,0,0,0,2,1,5,1,31,6,1390,1,18,3,1,3
2016500041997,1,9,0,18,0,8,0,0,7,0,1,1,5,1,26,6,1150,1,10,1,1,1
2016500042259,1,19,0,9,0,5,0,0,0,0,1,1,1,1,32,6,2143,2,6,6,1,6
2016500042259,2,5,0,10,0,1,5,0,0,0,4,1,2,1,24,5,998,1,7,7,1,7
2016500042264,1,9,3,5,0,0,2,7,0,0,1,1,6,3,-1,-1,1197,1,1,-1,-1,-1
2016500042264,2,9,0,18,0,0,0,0,0,0,1,1,6,1,70,10,1834,1,15,5,3,5
2016500042512,1,9,0,11,0,0,0,0,0,0,1,1,1,1,23,5,-1,-1,-1,4,3,4
2016500042512,2,9,0,11,0,0,0,0,0,0,2,1,6,1,46,8,2000,2,7,5,2,5
2016500042848,1,3,0,18,0,7,0,0,0,0,3,1,5,2,17,4,124,1,1,3,1,3
2016500043132,1,9,0,9,0,6,0,0,0,0,3,1,6,2,80,11,1590,1,15,1,2,1
2016500043132,2,9,0,18,0,1,0,0,0,0,1,1,6,1,50,8,1598,1,8,8,1,8
2016500043238,1,9,0,18,0,4,0,0,0,0,3,1,6,1,74,10,2387,2,9,5,3,5
2016500043238,2,9,0,18,0,4,0,0,0,0,3,1,5,1,25,5,1995,2,11,5,1,5
2016500043400,1,9,0,18,0,0,0,0,0,0,1,1,5,1,66,10,-1,-1,-1,4,2,4
2016500043400,2,1,0,18,0,0,5,0,1,0,2,1,5,1,76,11,-1,-1,-1,-1,-1,-1
2016500043467,1,9,0,9,0,5,0,0,0,0,1,1,5,2,71,10,1598,1,20,4,1,4
2016500043467,2,9,0,18,0,1,0,0,0,0,1,1,5,1,27,6,1994,1,13,1,1,1
2016500043491,1,90,0,-1,-1,-1,0,-1,-1,0,-1,1,1,2,43,7,-1,-1,-1,4,3,4
2016500043491,2,9,0,-1,-1,-1,0,-1,-1,0,-1,1,5,2,56,9,1390,1,3,5,3,5
2016500043629,1,9,0,12,0,0,0,0,0,0,3,1,1,2,48,8,1968,2,8,5,1,5
2016500043629,2,9,0,18,0,0,5,0,8,10,0,1,6,1,85,11,1493,2,7,7,1,7
2016500043630,1,9,0,3,0,1,0,0,0,0,1,1,5,1,74,10,1590,1,12,4,3,4
2016500043630,2,9,0,3,0,1,0,0,0,0,2,1,5,2,48,8,1984,1,9,4,3,4
2016500043642,1,9,0,10,0,6,0,0,0,0,1,1,6,1,78,11,1598,2,3,6,1,6
2016500043642,2,19,0,18,0,1,0,0,0,0,1,1,1,1,50,8,1870,2,13,2,1,2
2016500043935,1,9,0,9,0,1,0,0,0,0,1,1,5,1,69,10,1796,1,16,4,3,4
2016500043935,2,9,0,18,0,1,0,0,0,0,1,1,5,1,36,7,1329,1,4,7,3,7
2016500043965,1,9,0,18,0,1,0,0,0,0,4,1,2,1,21,5,1360,1,12,4,1,4
2016500044006,1,9,0,9,0,1,0,0,0,0,1,1,3,2,30,6,1598,2,4,6,1,6
2016500044006,2,9,0,18,0,1,0,0,7,2,3,1,3,2,17,4,1199,1,13,7,1,7
2016500044040,1,9,0,15,0,1,0,0,3,10,1,1,5,2,32,6,1997,2,13,9,1,9
2016500044061,1,1,0,18,0,4,0,0,0,0,1,1,1,3,-1,-1,-1,-1,-1,-1,-1,-1
2016500044061,2,9,0,18,0,8,0,0,0,0,1,1,5,2,20,4,1198,1,11,7,2,7
2016500044176,1,9,0,18,0,0,0,0,0,0,1,1,3,2,34,6,1796,1,13,6,2,6
2016500044176,2,9,0,18,0,0,0,0,0,0,2,1,1,1,44,7,-1,-1,-1,6,1,6
2016500044176,3,9,0,18,0,0,0,0,0,0,2,1,2,2,35,6,1598,1,5,6,2,6
2016500044544,1,19,0,18,0,0,2,0,8,0,1,1,5,1,43,7,1896,2,12,4,3,4
2016500044566,1,9,0,17,0,0,0,0,2,0,4,1,5,2,27,6,1388,1,13,3,1,3
2016500044822,1,9,0,4,0,0,0,0,0,0,3,1,6,2,30,6,1995,2,13,-1,-1,-1
2016500044822,2,9,0,18,0,0,0,0,0,0,1,1,6,1,30,6,1910,2,11,1,1,1
2016500044844,1,9,0,9,0,5,0,0,0,0,3,1,2,2,28,6,1968,2,4,5,3,5
2016500044844,2,9,0,13,0,1,0,0,7,11,1,1,2,1,20,4,1389,1,15,-1,-1,-1
2016500044850,1,9,0,18,0,1,0,0,0,0,1,1,6,1,47,8,1596,1,11,9,3,9
2016500044850,2,9,0,8,0,1,0,0,0,0,2,1,6,1,57,9,1461,2,3,7,1,7
2016500044850,3,9,0,9,0,1,0,0,0,0,0,1,6,1,68,10,1240,1,11,5,1,5
2016500044876,1,9,0,4,0,1,0,0,0,0,1,1,2,2,57,9,1596,1,14,7,1,7
2016500044876,2,9,0,4,0,1,0,0,0,0,1,1,1,2,49,8,1399,2,8,4,1,4
2016500044876,3,9,0,4,0,1,0,0,0,0,2,1,5,1,44,7,1390,1,13,4,1,4
2016500044876,4,9,0,4,0,1,0,0,0,0,2,1,5,2,23,5,1086,1,11,7,2,7
2016500044913,1,9,0,4,0,0,1,0,0,0,1,1,1,2,27,6,1360,1,15,5,1,5
2016500044913,2,9,0,4,0,0,0,0,0,0,2,1,1,2,53,8,1124,1,14,7,1,7
2016500044938,1,9,0,5,0,0,0,0,0,0,3,1,6,2,47,8,3301,1,13,9,3,9
2016500044938,2,1,0,18,0,0,0,0,0,0,1,1,4,1,13,3,-1,-1,-1,9,3,9
2016500045085,1,9,0,17,0,0,5,0,7,0,1,1,2,2,35,6,1951,2,12,5,3,5
2016500045100,1,3,0,3,0,1,1,0,0,0,0,1,6,1,54,8,124,1,7,1,1,1
2016500045395,1,9,0,18,0,0,0,0,0,0,4,1,6,1,45,7,1598,1,9,3,1,3
2016500045399,1,9,0,1,0,1,0,0,0,0,2,1,5,2,50,8,2494,1,15,9,1,9
2016500045401,1,21,0,18,0,1,1,0,0,0,1,1,1,1,27,6,-1,-1,-1,4,1,4
2016500045401,2,9,0,8,0,5,0,0,1,0,4,1,2,2,51,8,1242,1,13,8,1,8
2016500045705,1,4,0,13,0,1,0,0,0,0,3,1,6,1,78,11,200,1,5,8,1,8
2016500045705,2,19,0,12,0,1,0,0,0,0,1,1,6,1,46,8,1995,2,2,5,1,5
2016500045750,1,9,0,18,0,0,0,0,0,0,1,1,5,2,59,9,998,1,6,5,1,5
2016500046026,1,9,0,18,0,0,0,0,1,4,1,1,5,1,37,7,998,1,2,7,3,7
2016500046047,1,9,0,17,0,1,1,4,7,0,0,1,5,1,82,11,1240,1,13,8,1,8
2016500046047,2,9,0,2,0,1,0,0,0,0,1,1,6,1,27,6,1598,2,4,9,1,9
2016500046047,3,9,0,2,0,1,0,0,0,0,0,1,6,1,26,6,1200,1,1,4,1,4
2016500046090,1,9,0,18,0,0,0,0,0,0,1,1,2,1,55,8,1598,2,4,5,1,5
2016500046090,2,9,0,18,0,0,0,0,0,0,2,1,2,1,62,9,1686,2,4,9,1,9
2016500046317,1,9,0,9,0,6,0,12,7,7,4,1,6,1,26,6,1997,2,11,9,1,9
2016500046317,2,9,4,18,0,1,0,12,0,0,1,1,6,1,48,8,1896,2,18,5,2,5
2016500046504,1,9,0,18,0,1,0,0,0,0,1,1,5,1,37,7,1686,2,6,1,1,1
2016500046504,2,97,0,18,0,1,0,0,0,0,1,1,6,1,40,7,49,1,14,1,1,1
2016500046504,3,9,0,18,0,1,0,0,0,0,1,1,5,1,75,10,1339,1,4,5,1,5
2016500046510,1,9,0,9,0,8,0,0,0,0,4,1,5,1,49,8,998,1,2,4,1,4
2016500046510,2,9,0,18,0,8,1,0,0,0,1,1,5,2,61,9,1248,1,4,8,1,8
2016500046582,1,9,0,18,0,1,0,0,0,0,1,1,6,3,-1,-1,-1,-1,-1,-1,-1,-1
2016500046645,1,9,0,4,0,1,0,0,0,0,1,1,5,1,50,8,1589,1,18,6,3,6
2016500046645,2,9,0,2,0,1,0,0,0,0,2,1,5,2,50,8,1995,2,4,5,2,5
2016500046986,1,9,0,15,0,1,0,0,0,0,3,1,6,1,88,11,1753,2,8,4,2,4
2016500046986,2,9,0,10,0,5,0,0,0,0,4,1,6,2,49,8,1493,2,8,5,2,5
2016500047000,1,9,0,18,0,0,0,0,0,0,0,1,5,1,21,5,1587,1,9,6,1,6
2016500047000,2,9,0,4,0,0,0,0,0,0,2,1,1,2,22,5,1240,1,8,5,3,5
2016500047000,3,9,0,4,0,0,0,0,0,0,2,1,1,1,25,5,1198,1,5,6,1,6
2016500047044,1,9,0,9,0,8,0,0,0,0,1,1,5,2,51,8,1997,2,16,4,3,4
2016500047044,2,9,0,17,0,1,0,0,0,0,1,1,5,1,67,10,1596,1,8,4,1,4
2016500048569,1,9,0,3,0,1,0,0,0,0,1,1,5,1,43,7,1598,2,2,7,1,7
2016500048569,2,9,0,7,0,8,1,0,0,0,1,1,5,1,17,4,1198,1,11,8,1,8
2016500049114,1,9,0,3,0,1,0,0,0,0,2,1,6,2,52,8,1896,2,14,9,1,9
2016500049114,2,9,0,18,0,1,0,0,0,0,1,1,6,1,39,7,-1,-1,-1,5,1,5
2016500049243,1,9,0,18,0,4,0,0,0,0,4,1,6,3,-1,-1,-1,-1,-1,-1,-1,-1
2016500049243,2,1,0,18,2,4,0,0,0,0,3,1,6,1,38,7,-1,-1,-1,6,1,6
2016500049244,1,9,0,16,0,1,1,10,0,0,1,1,5,1,20,4,1596,1,11,3,2,3
2016500049244,2,9,0,17,0,1,0,0,0,0,3,1,5,1,62,9,1586,1,9,5,2,5
2016500049250,1,98,0,7,0,6,0,0,0,0,3,1,6,3,-1,-1,-1,-1,-1,-1,-1,-1
2016500049250,2,1,0,18,0,1,0,0,0,0,3,1,6,1,46,8,-1,-1,-1,1,1,1
2016500049265,1,11,0,18,0,0,0,0,0,0,4,1,1,1,49,8,3900,2,14,2,1,2
2016500049616,1,1,0,18,0,8,0,0,0,0,1,1,2,1,43,7,-1,-1,-1,6,2,6
2016500049616,2,9,0,9,0,1,0,0,0,0,1,1,6,2,27,6,998,1,17,5,3,5
2016500049620,1,9,0,18,0,0,1,0,5,0,1,1,6,2,29,6,998,1,7,6,1,6
2016500049631,1,9,0,18,0,0,1,0,8,7,3,1,6,1,18,4,1991,2,11,8,3,8
2016500049834,1,9,0,9,0,8,0,0,0,0,3,1,6,1,51,8,1560,2,8,8,3,8
2016500049834,2,3,0,18,0,8,0,0,0,0,3,1,6,1,17,4,124,1,7,4,1,4
2016500049849,1,9,0,9,0,1,0,0,1,11,1,1,5,2,88,11,1398,2,2,7,1,7
2016500049849,2,9,0,18,0,1,1,0,0,0,1,1,5,1,58,9,1984,1,11,4,1,4
2016500050235,1,9,0,4,0,0,0,0,0,0,1,1,6,1,18,4,1199,1,13,7,3,7
2016500050419,1,19,0,18,0,1,0,0,0,0,1,1,6,1,39,7,2151,2,15,-1,-1,-1
2016500050419,2,16,0,18,0,1,0,0,0,0,0,1,6,2,21,5,-1,-1,-1,4,3,4
2016500050492,1,9,0,18,0,0,0,0,0,0,1,1,6,2,87,11,1386,1,9,9,1,9
2016500050492,2,9,0,2,0,0,0,0,0,0,2,1,6,2,61,9,-1,-1,-1,9,1,9
2016500050515,1,9,0,18,0,8,0,0,0,0,1,1,6,1,18,4,1587,1,16,6,1,6
2016500050515,2,9,0,9,0,8,0,0,0,0,1,1,6,1,67,10,1753,2,13,5,3,5
2016500050864,1,9,0,2,0,0,0,0,0,0,3,1,5,1,78,11,1560,2,9,8,3,8
2016500050877,1,9,0,7,0,6,0,0,0,0,1,1,6,1,37,7,1390,1,15,6,1,6
2016500050877,2,9,0,18,0,8,0,0,0,0,3,1,6,2,43,7,1598,1,15,6,1,6
2016500050950,1,9,0,9,0,2,0,10,5,1,1,1,5,2,63,9,1341,1,11,9,1,9
2016500050968,1,9,0,17,0,0,0,0,1,4,1,1,5,1,42,7,-1,-1,-1,9,3,9
2016500050986,1,9,0,10,0,2,0,0,0,0,1,1,5,1,74,10,1598,1,13,5,3,5
2016500050986,2,9,0,17,0,1,0,0,0,0,4,1,5,1,56,9,1299,1,12,6,2,6
2016500051007,1,9,0,18,0,7,0,0,3,11,3,1,5,1,17,4,1753,2,12,4,2,4
2016500051007,2,9,0,18,0,1,0,0,0,0,1,1,5,2,64,9,-1,-1,-1,8,2,8
2016500051062,1,9,0,4,0,0,0,0,0,0,1,1,3,1,44,7,-1,-1,-1,4,3,4
2016500051078,1,19,0,3,0,0,0,0,0,0,1,1,5,1,58,9,2464,2,9,4,3,4
2016500051078,2,9,0,3,0,0,0,0,0,0,2,1,5,2,56,9,1390,1,16,6,2,6
2016500051078,3,9,0,3,0,0,0,0,0,0,2,1,5,2,36,7,1796,1,13,10,1,10
2016500051105,1,9,0,18,0,0,0,0,0,0,1,1,2,2,43,7,1995,2,12,3,1,3
2016500051156,1,9,0,5,0,2,0,0,0,0,2,1,6,1,38,7,1896,2,15,1,2,1
2016500051156,2,5,0,18,2,1,0,0,0,0,1,1,1,1,35,6,649,1,7,1,1,1
2016500051459,1,9,0,1,0,0,0,0,0,0,2,1,1,2,56,9,1999,2,13,2,1,2
2016500051460,1,9,0,4,0,0,0,0,0,0,1,1,1,2,20,4,1364,1,12,5,3,5
2016500051460,2,9,0,4,0,0,0,0,0,0,1,1,2,2,51,8,1984,1,9,5,3,5
2016500051460,3,9,0,4,0,0,0,0,0,0,2,1,1,1,37,7,1998,2,5,6,3,6
2016500051468,1,9,0,18,0,0,0,0,0,0,1,1,6,3,-1,-1,-1,-1,-1,-1,-1,-1
2016500051468,2,1,0,18,0,0,0,0,0,0,3,1,5,1,14,3,-1,-1,-1,4,1,4
2016500051482,1,3,0,17,0,0,1,0,0,0,1,1,6,1,32,6,125,1,-1,5,3,5
2016500051482,2,19,0,17,0,0,0,0,0,0,2,1,1,1,49,8,1461,2,2,5,2,5
2016500051502,1,9,0,18,0,0,0,0,0,0,1,1,5,2,18,4,1124,1,15,5,3,5
2016500051502,2,9,0,18,0,0,0,0,0,0,3,1,3,1,24,5,1390,1,5,7,3,7
2016500051509,1,9,0,18,0,0,2,0,1,10,1,1,5,1,18,4,1360,1,15,5,2,5
2016500051519,1,9,0,18,0,1,0,4,0,0,1,1,6,1,32,6,-1,-1,-1,2,1,2
2016500051519,2,19,0,2,0,1,0,4,0,0,2,1,5,1,29,6,2148,2,8,2,1,2
2016500051519,3,9,0,2,0,1,0,4,0,0,2,1,5,2,30,6,1999,1,8,2,1,2
2016500051519,4,9,0,2,0,1,0,0,0,0,2,1,5,1,35,6,2393,1,14,2,1,2
2016500051535,1,9,0,4,0,0,0,0,0,0,1,1,2,1,31,6,1796,1,10,1,1,1
2016500051565,1,9,0,18,0,1,0,0,0,0,1,1,6,2,-1,-1,1997,2,13,4,2,4
2016500051565,2,2,0,3,0,1,0,0,0,0,2,1,6,1,46,8,49,1,2,-1,-1,-1
2016500051591,1,9,0,18,0,0,0,0,1,1,1,1,6,2,18,4,1360,1,15,3,3,3
2016500051618,1,9,0,7,0,6,0,0,0,0,3,1,6,1,78,11,1339,1,4,5,1,5
2016500051618,2,9,0,18,0,8,0,0,0,0,1,1,2,2,23,5,1461,2,5,6,1,6
2016500051626,1,9,0,18,0,0,0,0,0,0,1,1,6,3,-1,-1,-1,-1,-1,-1,-1,-1
2016500051647,1,19,0,18,0,0,0,0,0,0,1,1,2,1,42,7,1870,2,10,9,3,9
2016500051647,2,8,0,18,0,0,0,0,0,0,1,1,1,2,56,9,-1,-1,-1,8,1,8
2016500051708,1,9,0,9,0,1,0,0,0,0,1,1,6,2,38,7,1587,1,14,5,3,5
2016500051708,2,9,0,18,0,1,0,0,0,0,1,1,6,2,31,6,1390,1,12,5,2,5
2016500051720,1,21,0,3,0,0,0,0,0,0,1,1,1,1,43,7,12900,2,5,8,1,8
2016500051720,2,9,0,3,0,0,0,0,0,0,2,1,1,1,38,7,-1,-1,-1,4,1,4
2016500051720,3,21,1,18,0,0,0,0,0,0,2,1,1,1,61,9,10677,2,1,-1,-1,-1
2016500051743,1,9,0,9,0,1,0,0,0,0,1,1,6,1,26,6,2171,1,12,3,1,3
2016500051743,2,1,0,18,0,1,0,0,0,0,1,1,6,1,21,5,-1,-1,-1,1,1,1
2016500051753,1,9,0,18,0,1,0,0,0,0,1,1,6,2,29,6,1598,1,6,8,1,8
2016500051758,1,9,0,18,0,0,0,0,7,2,1,1,2,1,18,4,1360,1,12,3,1,3
2016500051758,2,9,0,10,0,0,0,0,0,0,1,1,3,2,30,6,1242,1,13,3,1,3
2016500051777,1,5,0,9,0,8,0,0,0,0,4,1,2,1,46,8,798,1,8,7,2,7
2016500051777,2,19,0,18,0,8,0,0,0,0,1,1,1,1,65,9,2198,2,2,6,3,6
2016500051791,1,9,0,18,0,8,0,0,0,0,4,1,5,1,45,7,1389,1,20,2,1,2
2016500051815,1,9,0,7,0,8,0,0,0,0,4,1,1,1,50,8,1598,2,3,4,1,4
2016500051815,2,1,0,18,0,8,5,0,0,0,1,1,5,1,21,5,-1,-1,-1,8,1,8
2016500051819,1,9,0,18,0,6,0,0,0,0,1,1,6,2,42,7,998,1,1,7,3,7
2016500051819,2,20,0,18,0,1,0,0,0,0,1,1,6,1,57,9,2800,2,15,4,2,4
2016500051834,1,5,0,18,0,0,2,0,0,0,1,1,6,1,45,7,998,1,18,5,3,5
2016500051840,1,21,0,18,0,0,0,0,0,0,1,1,1,1,49,8,4250,2,9,-1,2,-1
2016500051840,2,9,0,18,0,0,0,0,0,0,2,1,6,1,38,7,1590,1,13,8,3,8
2016500051845,1,9,0,17,0,0,1,0,0,0,1,1,5,1,58,9,2497,2,12,7,3,7
2016500051845,2,9,0,17,0,0,1,0,0,0,1,1,2,1,29,6,-1,-1,-1,3,1,3
2016500051870,1,9,0,16,0,0,0,0,1,0,2,1,5,1,36,7,1242,1,17,3,1,3
2016500051870,2,9,0,18,0,0,0,0,0,0,1,1,5,1,23,5,1200,1,2,3,3,3
2016500051887,1,9,0,18,0,0,0,0,0,0,1,1,6,2,72,10,1248,2,4,8,1,8
2016500051887,2,9,0,18,0,0,0,0,0,0,1,1,6,2,33,6,-1,-1,-1,9,1,9
2016500051890,1,9,0,18,0,0,0,0,0,0,1,1,5,2,38,7,1587,1,14,6,1,6
2016500051890,2,9,0,18,0,0,0,0,0,0,1,1,5,1,29,6,1951,2,15,5,1,5
2016500051890,3,9,0,18,0,0,0,0,1,0,0,1,6,1,19,4,1753,2,10,8,1,8
2016500051944,1,9,0,13,0,0,0,0,0,0,4,1,6,1,66,10,1560,2,4,4,2,4
2016500051944,2,1,0,18,0,0,0,0,0,0,3,1,2,1,55,8,-1,-1,-1,6,1,6
2016500052135,1,3,0,13,0,0,0,0,0,0,1,1,3,1,18,4,124,1,5,6,1,6
2016500052135,2,9,0,18,0,0,0,0,0,0,3,1,2,2,43,7,2231,2,4,9,2,9
2016500052135,3,9,0,16,0,0,0,0,0,0,3,1,5,1,58,9,2231,2,1,9,3,9
2016500052153,1,9,0,18,0,4,0,0,0,0,0,1,5,1,50,8,1598,2,4,6,3,6
2016500052153,2,1,0,18,0,3,1,0,0,0,4,1,5,1,41,7,-1,-1,-1,4,3,4
2016500052165,1,9,0,9,0,5,0,0,0,0,2,1,6,2,38,7,1242,1,12,8,1,8
2016500052165,2,9,0,18,0,1,0,0,0,0,1,1,6,2,21,5,1598,1,9,8,2,8
2016500052179,1,11,0,18,0,0,0,0,0,0,1,1,1,1,54,8,4250,2,13,6,1,6
2016500052179,2,9,0,18,0,0,0,0,0,0,1,1,5,2,55,8,998,1,14,4,3,4
2016500052304,1,9,0,18,0,0,1,0,1,9,1,1,6,1,31,6,-1,-1,-1,3,3,3
2016500052304,2,9,0,18,0,0,0,0,0,0,2,1,6,1,24,5,1598,1,11,8,1,8
2016500052404,1,9,0,18,0,8,1,10,2,0,1,1,6,1,19,4,2495,2,13,5,3,5
2016500052404,2,9,0,3,0,1,1,0,0,0,1,1,6,1,51,8,2993,2,1,5,3,5
2016500052407,1,9,0,18,0,0,0,0,1,9,3,1,5,1,79,11,1598,1,7,5,3,5
2016500052407,2,9,0,18,0,0,0,0,0,0,3,1,5,1,54,8,1299,1,9,8,3,8
2016500052574,1,9,0,9,0,5,0,0,0,0,1,1,3,2,34,6,1600,1,15,6,1,6
2016500052574,2,9,0,18,0,1,0,0,0,0,1,1,2,1,32,6,2204,2,9,3,1,3
2016500052574,3,9,0,18,0,1,0,0,0,0,1,1,2,2,44,7,1596,1,14,8,1,8
2016500052594,1,9,0,9,0,5,0,0,0,0,4,1,5,1,72,10,1242,1,4,3,1,3
2016500052594,2,9,0,18,0,1,0,0,0,0,1,1,1,2,24,5,1360,1,10,7,1,7
2016500052633,1,9,0,5,0,4,0,0,0,0,1,1,5,2,40,7,1598,2,10,3,1,3
2016500052633,2,3,0,18,0,8,0,0,0,0,1,1,2,1,25,5,125,1,3,2,1,2
2016500052656,1,9,0,18,0,0,0,0,0,0,1,1,6,1,24,5,1596,1,12,1,1,1
2016500052656,2,1,0,18,0,0,0,0,0,0,2,1,6,1,34,6,-1,-1,-1,2,1,2
2016500052694,1,9,0,18,0,8,0,0,0,0,4,1,1,2,61,9,1587,1,12,5,1,5
2016500052694,2,2,0,9,0,6,5,0,0,0,1,1,4,1,16,4,49,1,7,5,1,5
2016500052699,1,9,0,1,0,1,0,0,0,0,2,1,1,1,49,8,2446,2,15,9,3,9
2016500052718,1,9,0,9,0,8,0,0,0,0,1,1,6,2,41,7,1461,2,3,5,1,5
2016500052718,2,9,0,18,0,1,0,0,0,0,1,1,6,1,66,10,-1,-1,-1,4,1,4
2016500052764,1,9,0,9,0,8,0,0,0,0,1,1,6,1,78,11,1390,1,11,5,2,5