Accident_Index,Vehicle_Reference,Vehicle_Type,Towing_and_Articulation,Vehicle_Manoeuvre,Vehicle_Location-Restricted_Lane,Junction_Location,Skidding_and_Overturning,Hit_Object_in_Carriageway,Vehicle_Leaving_Carriageway,Hit_Object_off_Carriageway,1st_Point_of_Impact,Was_Vehicle_Left_Hand_Drive?,Journey_Purpose_of_Driver,Sex_of_Driver,Age_of_Driver,Age_Band_of_Driver,Engine_Capacity_(CC),Propulsion_Code,Age_of_Vehicle,Driver_IMD_Decile,Driver_Home_Area_Type,Vehicle_IMD_Decile
2016500052767,1,20,1,18,0,0,5,0,0,0,3,1,1,1,43,7,-1,-1,-1,3,1,3
2016500052780,1,9,0,7,0,6,0,0,0,0,1,1,6,1,32,6,1598,2,5,2,1,2
2016500052780,2,9,0,18,0,1,0,0,0,0,4,1,6,1,27,6,1997,2,7,1,1,1
2016500052845,1,9,0,18,0,1,0,0,0,0,1,1,6,1,45,7,1560,2,1,1,1,1
2016500052845,2,9,0,3,0,1,0,0,0,0,2,1,5,2,51,8,1086,1,10,1,1,1
2016500052950,1,9,0,18,0,0,0,0,0,0,1,1,6,1,30,6,1995,2,5,1,1,1
2016500052950,2,9,0,18,0,0,0,0,0,0,1,1,6,2,64,9,1560,2,6,1,1,1
2016500052950,3,9,0,18,0,0,0,0,0,0,1,1,6,1,59,9,-1,-1,-1,4,1,4
2016500052979,1,9,0,10,0,1,0,0,0,0,1,1,5,2,49,8,1781,1,14,10,2,10
2016500052979,2,9,0,4,0,1,0,0,0,0,1,1,5,1,73,10,1390,1,5,9,2,9
2016500052993,1,9,0,9,0,6,0,0,0,0,1,1,1,1,62,9,-1,-1,-1,5,1,5
2016500052993,2,3,0,18,0,1,1,10,0,0,2,1,5,1,18,4,124,1,1,3,1,3
2016500052993,3,9,0,18,0,2,0,0,0,0,0,1,5,2,60,9,1587,1,12,2,3,2
2016500053026,1,9,0,13,0,0,0,0,0,0,1,1,6,3,-1,-1,1199,1,15,-1,-1,-1
2016500053026,2,9,0,18,0,0,0,0,0,0,1,1,6,1,42,7,1527,2,19,8,2,8
2016500053040,1,9,0,18,0,5,0,0,0,0,4,1,5,2,44,7,-1,-1,-1,4,3,4
2016500053040,2,1,0,18,0,8,0,0,0,0,1,1,5,1,65,9,-1,-1,-1,6,3,6
2016500053047,1,9,0,16,0,0,0,0,0,0,1,1,5,1,23,5,-1,-1,-1,3,3,3
2016500053088,1,9,0,9,0,8,0,0,0,0,4,1,1,1,23,5,-1,-1,-1,3,1,3
2016500053088,2,9,0,18,0,1,0,0,0,0,1,1,2,2,23,5,1598,1,12,6,1,6
2016500053090,1,9,0,16,0,0,1,0,0,0,1,1,2,1,22,5,1596,1,5,6,3,6
2016500053090,2,9,0,17,0,0,0,0,0,0,1,1,1,1,56,9,-1,-1,-1,-1,-1,-1
2016500053613,1,9,0,9,0,6,0,0,0,0,3,1,2,2,40,7,1200,1,2,6,2,6
2016500053613,2,3,0,18,0,1,0,0,0,0,1,1,1,1,26,6,125,1,3,8,1,8
2016500053883,1,21,0,18,0,0,0,0,0,0,1,1,6,1,41,7,5880,2,3,6,1,6
2016500053883,2,9,0,2,0,0,0,0,0,0,1,1,6,1,32,6,1595,1,14,9,1,9
2016500054418,1,9,0,16,0,0,0,0,0,0,1,1,6,3,26,6,1391,1,16,5,2,5
2016500054699,1,9,0,15,0,0,0,0,0,0,1,1,6,1,85,11,1995,2,6,7,1,7
2016500054699,2,19,0,18,0,0,0,0,0,0,2,1,6,1,45,7,2446,2,17,4,3,4
2016500054699,3,9,0,18,0,0,0,0,0,0,2,1,6,2,41,7,-1,-1,-1,4,3,4
2016500055350,1,9,0,18,0,1,0,0,0,0,1,1,5,2,33,6,-1,-1,-1,5,1,5
2016500055350,2,9,0,8,0,5,0,0,0,0,2,1,5,1,26,6,1968,2,11,7,1,7
2016500055400,1,9,0,5,0,4,1,0,0,0,3,1,5,1,46,8,1388,1,13,5,1,5
2016500055400,2,1,0,9,0,8,1,0,0,0,4,1,6,1,28,6,-1,-1,-1,3,1,3
2016500055421,1,9,0,9,0,5,0,0,0,0,1,1,6,1,45,7,1988,1,14,5,1,5
2016500055421,2,3,0,18,0,8,0,0,0,0,1,1,2,1,58,9,124,1,8,5,1,5
2016500055837,1,2,0,18,0,1,0,7,0,0,1,1,5,1,16,4,49,1,1,2,1,2
2016500055837,2,9,0,18,0,1,0,0,0,0,0,1,5,2,20,4,1390,1,17,2,1,2
2016500055906,1,19,0,18,0,0,0,0,0,0,3,1,2,1,61,9,1248,2,2,5,3,5
2016500055906,2,5,0,6,0,0,0,0,0,0,4,1,6,1,57,9,1050,1,8,6,3,6
2016500055997,1,9,0,18,0,0,0,0,0,0,1,1,6,1,54,8,1397,1,8,4,1,4
2016500055997,2,9,0,3,0,0,0,0,0,0,2,1,6,2,36,7,1560,2,8,6,1,6
2016500056007,1,9,0,17,0,0,5,0,7,9,1,1,5,1,19,4,1242,1,13,6,1,6
2016500056029,1,9,0,18,0,1,0,0,0,0,1,1,5,2,47,8,1398,1,6,-1,-1,-1
2016500056029,2,20,0,18,0,1,0,0,0,0,3,1,1,1,58,9,2987,2,3,4,3,4
2016500056668,1,9,0,4,0,1,1,0,0,0,1,1,3,1,49,8,1587,1,16,6,3,6
2016500056668,2,9,0,3,0,1,0,0,0,0,2,1,2,2,45,7,1995,2,4,4,1,4
2016500057013,1,9,0,18,0,1,0,0,7,10,3,1,5,2,72,10,-1,-1,-1,5,3,5
2016500057022,1,9,0,16,0,0,1,0,7,10,1,1,5,2,59,9,1560,2,3,4,1,4
2016500057146,1,9,0,18,0,4,0,0,0,0,1,1,6,1,42,7,2435,1,16,7,1,7
2016500057146,2,9,0,18,0,4,0,0,0,0,1,1,1,1,31,6,1497,8,9,4,1,4
2016500057228,1,10,0,18,0,0,0,0,0,0,0,1,1,1,59,9,-1,-1,-1,3,1,3
2016500057622,1,9,0,18,0,0,0,0,0,0,1,1,6,1,28,6,1596,1,14,3,1,3
2016500057622,2,9,0,18,0,0,0,0,0,0,2,1,6,2,62,9,1422,2,9,3,1,3
2016500057689,1,19,0,18,0,0,0,0,0,0,0,1,6,1,41,7,1968,2,3,2,1,2
2016500057689,2,9,0,18,0,0,0,10,0,0,1,1,6,1,66,10,2198,1,10,2,1,2
2016500057868,1,3,0,9,0,8,0,0,0,0,4,1,5,1,19,4,124,1,5,5,3,5
2016500057868,2,9,0,18,0,8,0,0,0,0,4,1,2,2,36,7,1596,1,4,2,1,2
2016500057963,1,19,0,18,0,0,0,0,0,0,4,1,6,1,29,6,1560,2,2,7,1,7
2016500057998,1,9,0,16,0,6,0,0,0,0,0,1,1,1,23,5,-1,-1,-1,4,1,4
2016500057998,2,9,0,17,0,1,5,0,2,0,0,1,5,1,63,9,2184,2,14,4,3,4
2016500058003,1,9,0,18,0,0,0,0,0,0,1,1,6,2,81,11,1360,1,13,6,2,6
2016500058003,2,9,0,18,0,0,0,0,0,0,2,1,6,2,44,7,1461,2,3,5,3,5
2016500058003,3,9,0,18,0,0,0,0,0,0,2,1,6,1,40,7,1968,2,9,2,1,2
2016500058029,1,9,0,18,0,1,0,0,0,0,1,1,6,1,60,9,2198,2,7,5,2,5
2016500058029,2,9,0,3,0,1,0,0,0,0,2,1,5,2,46,8,1299,1,11,6,2,6
2016500058049,1,9,0,9,0,2,0,0,0,0,1,1,6,3,-1,-1,-1,-1,-1,-1,-1,-1
2016500058060,1,9,0,5,0,8,1,0,8,0,1,1,6,1,88,11,1298,1,15,5,1,5
2016500058060,2,9,0,18,0,1,1,0,7,9,1,1,6,1,26,6,1781,1,15,5,2,5
2016500058071,1,5,0,18,0,0,0,0,7,10,0,1,5,1,22,5,649,1,-1,8,1,8
2016500058071,2,5,0,18,0,0,0,0,0,0,3,1,5,1,40,7,749,1,11,8,1,8
2016500058086,1,9,0,9,0,8,0,0,0,0,3,1,5,2,68,10,1397,1,6,7,2,7
2016500058086,2,9,0,9,0,8,0,0,0,0,1,1,2,1,47,8,1149,1,14,3,1,3
2016500058095,1,9,0,7,0,6,0,0,0,0,3,1,5,1,25,5,1796,2,3,4,3,4
2016500058095,2,9,0,18,0,1,1,0,0,0,1,1,5,1,28,6,1796,1,15,4,2,4
2016500058096,1,5,0,13,0,0,2,7,0,0,3,1,5,1,25,5,600,1,16,5,1,5
2016500058157,1,9,0,5,0,8,0,0,0,0,1,1,5,1,34,6,2191,2,1,3,3,3
2016500058157,2,5,0,18,0,1,0,0,0,0,4,1,5,1,51,8,955,1,14,3,3,3
2016500058200,1,98,0,9,0,1,0,0,0,0,3,1,6,3,-1,-1,-1,-1,-1,-1,-1,-1
2016500058200,2,9,0,18,0,1,0,0,0,0,1,1,2,1,20,4,-1,-1,-1,6,1,6
2016500058201,1,9,0,18,0,0,0,0,0,0,1,1,6,1,27,6,-1,-1,-1,6,2,6
2016500058221,1,9,0,1,0,0,0,0,0,0,4,1,6,2,62,9,1992,2,10,4,3,4
2016500058221,2,9,0,18,0,0,1,0,0,0,1,1,6,1,22,5,1590,1,19,2,2,2
2016500058250,1,9,0,11,0,3,0,0,1,11,1,1,5,1,38,7,1198,1,2,1,2,1
2016500058250,2,9,0,5,0,3,0,0,0,0,2,1,1,1,57,9,-1,-1,-1,6,2,6
2016500058251,1,9,0,16,0,0,2,0,8,9,1,1,5,1,37,7,4163,1,9,5,2,5
2016500058254,1,9,0,1,0,1,0,0,0,0,2,1,6,1,43,7,1149,1,14,8,3,8
2016500058277,1,9,0,17,0,0,0,0,0,0,1,1,6,1,44,7,2499,2,13,7,1,7
2016500058277,2,9,0,16,0,0,0,0,0,0,1,1,5,1,18,4,1149,1,13,9,1,9
2016500058278,1,98,0,18,0,0,5,0,4,6,1,1,6,1,32,6,-1,-1,-1,7,1,7
2016500058280,1,9,0,9,0,8,0,0,0,0,3,1,1,1,29,6,1984,1,12,7,1,7
2016500058280,2,3,0,18,0,8,0,0,0,0,3,1,1,1,19,4,125,1,6,1,1,1
2016500058332,1,9,0,9,0,5,0,0,0,0,1,1,6,2,65,9,999,1,4,6,3,6
2016500058332,2,1,0,18,4,1,0,0,0,0,1,1,6,1,15,3,-1,-1,-1,7,1,7
2016500058361,1,9,0,5,0,0,0,0,0,0,1,1,6,3,-1,-1,1396,1,19,-1,-1,-1
2016500058361,2,9,0,5,0,0,0,0,0,0,2,1,5,1,45,7,1999,1,14,5,3,5
2016500058504,1,9,0,13,0,8,1,0,0,0,1,1,1,1,-1,-1,1686,2,3,-1,-1,-1
2016500058504,2,9,0,5,0,8,1,0,0,0,2,1,6,1,79,11,1587,1,8,10,1,10
2016500058504,3,9,0,18,0,2,0,0,0,0,0,1,1,1,-1,-1,1686,2,3,-1,-1,-1
2016500058801,1,9,0,18,0,0,0,0,2,10,1,1,6,1,22,5,1399,2,13,7,1,7
2016500058817,1,9,0,1,-1,0,0,0,0,0,-1,1,6,3,-1,-1,-1,-1,-1,-1,-1,-1
2016500058817,2,4,0,2,0,0,0,0,0,0,3,1,6,1,19,4,487,1,12,4,1,4
2016500058817,3,19,0,18,0,0,0,0,0,0,2,1,6,1,61,9,1997,2,12,4,3,4
2016500058817,4,5,0,18,0,0,0,0,0,0,1,1,6,1,-1,-1,750,1,27,4,1,4
2016500058861,1,9,0,5,0,1,0,0,0,0,4,1,2,2,21,5,1149,1,7,1,1,1
2016500058861,2,9,0,18,0,1,0,0,0,0,1,1,2,1,33,6,1781,1,11,4,1,4
2016500059524,1,9,0,18,0,1,1,0,0,0,1,1,5,1,29,6,1149,1,17,7,3,7
2016500059524,2,9,0,18,0,1,0,0,0,0,1,1,5,2,46,8,1390,1,15,6,1,6
2016500059530,1,9,0,18,0,0,0,0,0,0,4,1,6,3,-1,-1,-1,-1,-1,-1,-1,-1
2016500059543,1,9,0,16,0,3,1,0,7,7,1,1,5,1,19,4,1328,1,11,1,1,1
2016500059567,1,9,0,18,0,0,0,0,0,0,3,1,1,1,32,6,1797,8,7,6,1,6
2016500059584,1,1,0,18,5,0,0,0,0,0,1,1,2,2,22,5,-1,-1,-1,7,1,7
2016500059627,1,97,0,18,0,1,1,0,0,0,1,1,6,2,38,7,49,1,6,7,3,7
2016500059636,1,9,0,18,0,8,0,0,3,0,1,1,6,2,39,7,1995,2,8,5,2,5
2016500059636,2,19,0,18,0,8,0,0,0,0,1,1,6,1,31,6,1870,2,11,4,2,4
2016500059654,1,9,0,18,0,0,5,0,8,10,1,1,4,1,17,4,998,1,27,6,2,6
2016500059661,1,9,0,18,0,1,1,0,0,0,3,1,5,1,53,8,2000,2,12,8,3,8
2016500059661,2,9,0,7,0,6,0,0,0,0,4,1,2,1,43,7,1796,1,11,8,3,8
2016500059720,1,9,0,18,0,4,0,0,0,0,1,1,6,2,53,8,1986,2,11,4,1,4
2016500059720,2,9,0,3,0,3,0,0,0,0,2,1,6,1,51,8,1396,1,5,7,2,7
2016500059731,1,9,0,18,0,0,0,0,0,0,1,1,6,1,52,8,2800,2,23,5,1,5
2016500059731,2,5,0,11,0,0,0,0,0,0,4,1,2,1,30,6,599,1,19,4,2,4
2016500059738,1,90,0,18,0,0,0,0,0,0,0,1,5,1,70,10,-1,-1,-1,-1,-1,-1
2016500059779,1,9,0,17,0,0,5,10,2,0,4,1,2,2,23,5,1598,1,9,2,2,2
2016500059803,1,9,0,18,0,4,1,9,2,1,1,1,5,1,30,6,1796,1,16,5,1,5
2016500059838,1,9,0,4,0,0,0,0,0,0,2,1,6,1,56,9,1910,2,9,-1,-1,-1
2016500059838,2,9,0,4,0,0,0,0,0,0,1,1,6,2,39,7,1229,1,2,1,1,1
2016500059838,3,9,0,4,0,0,0,0,0,0,1,1,6,2,80,11,1560,2,2,5,3,5
2016500059849,1,9,0,18,0,0,1,4,1,0,2,1,5,3,-1,-1,2401,1,11,-1,-1,-1
2016500059849,2,9,0,3,0,0,0,0,1,0,1,1,6,2,73,10,1199,1,14,2,1,2
2016500059849,3,9,0,2,0,0,0,0,0,0,3,1,6,1,56,9,1596,1,14,2,1,2
2016500059855,1,9,0,18,0,1,0,0,0,0,1,1,1,1,19,4,2198,2,3,4,3,4
2016500059855,2,9,0,10,0,1,0,0,7,0,2,1,6,2,63,9,1461,2,6,4,3,4
2016500059893,1,9,0,18,0,0,0,0,0,0,1,1,6,3,-1,-1,-1,-1,-1,-1,-1,-1
2016500059894,1,9,0,18,0,0,1,4,0,0,1,1,5,1,17,4,1149,1,13,7,3,7
2016500059894,2,9,0,2,0,0,0,0,0,0,1,1,5,1,53,8,2979,1,13,1,1,1
2016500059894,3,9,0,2,0,0,0,0,0,0,2,1,5,2,32,6,1896,2,11,2,1,2
2016500059909,1,9,0,16,0,0,1,0,1,3,1,1,5,1,29,6,2494,1,15,10,2,10
2016500059914,1,9,0,9,0,8,0,0,0,0,1,1,1,2,53,8,-1,-1,-1,7,1,7
2016500059914,2,9,0,18,0,1,0,0,0,0,1,1,5,2,17,4,999,1,2,4,1,4
2016500059914,3,9,0,10,0,1,0,0,0,0,1,1,1,2,20,4,996,1,6,3,1,3
2016500059918,1,9,0,16,0,0,0,0,0,0,1,1,5,1,20,4,1665,2,19,6,1,6
2016500059918,2,9,0,17,0,0,0,0,0,0,1,1,1,2,46,8,1461,2,3,4,3,4
2016500059927,1,9,0,18,0,0,1,0,0,0,1,1,5,1,33,6,1390,1,16,4,2,4
2016500059927,2,9,0,18,0,0,0,0,0,0,1,1,5,2,33,6,1968,2,8,4,3,4
2016500059940,1,9,0,13,0,0,0,0,7,0,3,1,6,2,55,8,1596,1,14,3,3,3
2016500059952,1,9,0,18,0,0,0,0,0,0,1,1,6,2,75,10,1349,1,4,5,1,5
2016500059952,2,1,0,18,0,0,0,0,0,0,1,1,4,1,41,7,-1,-1,-1,9,1,9
2016500059953,1,9,0,18,0,0,2,0,4,0,3,1,5,1,20,4,1242,1,14,7,1,7
2016500059959,1,9,0,1,0,0,0,0,0,0,2,1,5,2,22,5,1560,2,7,3,1,3
2016500059959,2,9,0,18,0,0,0,0,0,0,1,1,2,1,32,6,1896,2,13,7,1,7
2016500059967,1,9,0,17,0,0,0,0,1,0,4,1,6,1,25,5,1870,2,14,5,3,5
2016500059967,2,9,0,9,0,0,0,0,7,0,3,1,6,2,41,7,1398,2,13,6,3,6
2016500059982,1,9,0,18,0,0,5,10,0,0,4,1,6,2,69,10,1198,1,12,5,1,5
2016500059994,1,9,0,18,0,1,0,0,0,0,1,1,6,2,62,9,1124,1,15,4,3,4
2016500059994,2,9,0,3,0,1,0,0,0,0,2,1,5,2,36,7,1229,1,11,3,1,3
2016500060007,1,2,0,18,0,0,2,0,1,11,1,1,6,1,16,4,49,1,11,3,1,3
2016500060012,1,9,0,13,0,0,0,0,0,0,1,1,1,2,33,6,1686,2,2,5,2,5
2016500060012,2,9,0,18,0,0,0,0,0,0,2,1,1,1,28,6,1995,2,2,7,1,7
2016500060019,1,9,0,16,0,3,0,0,0,0,1,1,6,1,68,10,1560,2,1,4,1,4
2016500060019,2,9,0,5,0,1,0,0,0,0,1,1,6,1,60,9,1753,2,8,3,1,3
2016500060026,1,9,0,9,0,0,0,0,0,0,1,1,1,1,45,7,1242,1,9,5,1,5
2016500060026,2,1,0,18,0,0,0,0,0,0,1,1,1,1,43,7,-1,-1,-1,3,1,3
2016500060059,1,9,0,18,0,0,0,0,0,0,1,1,5,1,23,5,1910,2,9,4,2,4
2016500060070,1,9,0,18,0,0,0,0,0,0,1,1,1,2,20,4,1390,1,10,2,2,2
2016500060070,2,9,0,4,0,0,0,0,0,0,2,1,1,1,44,7,1796,1,13,3,3,3
2016500060070,3,9,0,4,0,0,0,0,0,0,2,1,1,1,74,10,1560,2,6,3,3,3
2016500060136,1,90,0,17,0,1,0,0,0,0,1,1,1,1,22,5,2987,2,1,7,2,7
2016500060136,2,9,0,10,0,2,0,0,0,0,3,1,2,1,35,6,-1,-1,-1,6,1,6
2016500060154,1,9,0,18,0,0,0,0,0,0,1,1,2,1,36,7,-1,-1,-1,6,1,6
2016500060154,2,21,1,3,0,0,0,0,0,0,2,1,1,1,27,6,-1,-1,-1,-1,-1,-1
2016500060182,1,9,0,18,0,0,0,0,0,0,1,1,6,1,52,8,-1,-1,-1,3,1,3
2016500060182,2,1,0,18,0,0,0,0,0,0,1,1,6,1,14,3,-1,-1,-1,9,1,9
2016500060526,1,2,0,18,0,0,0,0,0,0,1,1,6,1,16,4,49,1,5,3,1,3
2016500060566,1,2,0,18,0,0,1,0,0,0,1,1,2,1,18,4,49,1,2,6,3,6
2016500060566,2,9,0,3,0,0,0,0,0,0,2,1,5,1,88,11,1590,1,11,5,3,5
2016500060576,1,9,0,18,0,1,0,0,0,0,1,1,5,1,60,9,1951,2,13,8,1,8
2016500060576,2,9,0,10,0,1,0,0,0,0,2,1,5,1,52,8,1598,2,2,1,1,1
2016500060587,1,9,0,18,0,2,1,0,8,11,1,1,5,1,18,4,1997,1,14,4,2,4
2016500060596,1,9,0,4,0,0,0,0,0,0,2,1,5,2,50,8,2179,2,4,4,3,4
2016500060596,2,9,0,18,0,0,0,0,0,0,1,1,5,2,44,7,1390,1,13,4,3,4
2016500060596,3,19,0,2,0,0,0,0,0,0,0,1,5,1,36,7,1686,2,9,4,3,4
2016500060614,1,9,0,1,0,1,0,0,0,0,2,1,6,1,47,8,1998,1,14,4,3,4
2016500060627,1,9,0,9,0,7,5,0,0,0,3,1,1,1,20,4,-1,-1,-1,4,1,4
2016500060627,2,9,0,18,0,8,0,0,0,0,1,1,5,1,70,10,1686,2,5,4,3,4
2016500060647,1,9,0,17,0,1,0,0,0,0,1,1,1,2,24,5,1396,1,14,4,3,4
2016500060691,1,9,0,17,0,0,1,0,0,0,2,1,6,1,52,8,2461,2,16,9,1,9
2016500060691,2,9,0,18,0,0,0,0,0,0,1,1,6,1,54,8,1582,2,3,8,1,8
2016500060951,1,9,0,3,0,2,0,0,0,0,1,1,6,3,-1,-1,1997,2,1,-1,-1,-1
2016500060951,2,9,0,3,0,2,0,0,0,0,2,1,1,2,29,6,1149,1,14,6,1,6
2016500060951,3,9,0,3,0,2,0,0,0,0,2,1,6,3,-1,-1,-1,-1,-1,-1,-1,-1
2016500060953,1,9,0,3,0,0,0,0,0,0,2,1,1,2,54,8,1895,1,18,4,2,4
2016500060953,2,9,0,16,0,0,1,0,0,0,1,1,2,1,17,4,1198,1,12,3,3,3
2016500060994,1,9,0,9,0,2,0,0,0,0,1,1,1,2,77,11,1329,1,5,7,1,7
2016500060994,2,3,0,18,0,1,2,0,0,0,1,1,5,1,50,8,125,1,3,6,1,6
2016500061024,1,9,0,2,0,1,0,0,0,0,2,1,5,1,69,10,1360,1,11,4,1,4
2016500061024,2,9,0,1,0,1,0,4,0,0,2,1,5,2,22,5,698,1,12,4,1,4
2016500061060,1,5,0,17,0,8,0,0,0,0,4,1,5,1,24,5,656,1,10,7,1,7
2016500061060,2,9,0,16,0,4,0,0,0,0,1,1,2,1,24,5,1999,1,9,2,1,2
2016500061252,1,9,0,4,0,8,0,0,0,0,1,1,6,3,-1,-1,1560,2,11,-1,-1,-1
2016500061252,2,9,0,3,0,8,0,0,0,0,2,1,2,2,38,7,1598,1,7,4,1,4
2016500061288,1,9,0,5,0,3,0,0,0,0,1,1,1,2,61,9,1364,1,7,4,2,4
2016500061297,1,9,0,18,0,6,0,0,0,0,4,1,6,1,25,5,1995,2,14,5,1,5
2016500061297,2,9,0,18,0,1,0,0,0,0,1,1,6,2,31,6,1796,1,14,4,1,4
2016500061321,1,9,0,6,0,3,0,0,0,0,1,1,6,1,27,6,1598,1,13,3,1,3
2016500061321,2,3,0,18,0,4,0,0,0,0,4,1,6,1,22,5,124,1,16,-1,-1,-1
2016500061332,1,9,0,18,0,0,1,0,0,0,1,1,5,1,19,4,1242,1,18,4,2,4
2016500061332,2,9,0,18,0,0,0,0,0,0,1,1,5,2,22,5,1390,1,2,5,3,5
2016500061332,3,9,0,2,0,0,0,0,0,0,3,1,5,1,-1,-1,-1,-1,-1,-1,-1,-1
2016500061345,1,9,3,18,0,0,4,0,1,7,3,1,5,2,57,9,1783,1,14,-1,-1,-1
2016500061353,1,9,0,18,0,1,0,0,0,0,3,1,5,1,53,8,1794,1,12,-1,-1,-1
2016500061353,2,9,0,10,0,8,0,0,0,0,3,1,5,1,79,11,1598,1,18,6,3,6
2016500061369,1,9,0,18,0,0,0,0,0,0,1,1,1,1,59,9,1598,2,1,5,3,5
2016500061369,2,9,0,3,0,0,0,0,0,0,2,1,2,2,48,8,1560,2,6,4,3,4
2016500061369,3,9,0,3,0,0,0,0,0,0,2,1,5,2,41,7,1997,2,3,2,2,2
2016500061369,4,9,4,3,0,0,0,0,0,0,2,1,6,1,46,8,1998,1,14,2,2,2
2016500061372,1,9,0,15,0,1,0,0,0,0,4,1,1,2,32,6,1332,1,6,2,1,2
2016500061374,1,3,0,18,0,0,0,11,-1,0,4,1,6,1,22,5,124,1,1,3,3,3
2016500061409,1,11,0,18,0,0,0,0,0,0,1,1,1,1,32,6,4461,2,2,4,1,4
2016500061478,1,9,0,4,0,0,0,0,0,0,2,1,6,1,53,8,-1,-1,-1,-1,-1,-1
2016500061478,2,5,0,4,0,0,0,0,0,0,1,1,6,1,51,8,1520,1,21,3,1,3
2016500061563,1,9,0,18,0,4,0,0,0,0,0,1,5,1,50,8,-1,-1,-1,-1,-1,-1
2016500061563,2,5,0,18,0,3,0,0,0,0,0,1,5,1,46,8,-1,-1,-1,3,1,3
2016500061697,1,9,0,9,0,8,0,0,0,0,1,1,5,2,17,4,998,1,6,9,3,9
2016500061697,2,9,0,18,0,8,0,0,0,0,1,1,5,2,28,6,1299,1,13,1,1,1
2016500061697,3,9,0,18,0,8,0,0,0,0,1,1,5,1,18,4,1396,1,11,6,2,6
2016500061714,1,9,0,16,0,0,0,0,0,0,1,1,6,1,18,4,1124,1,12,7,3,7
2016500061756,1,9,0,9,0,5,0,0,0,0,3,1,2,2,30,6,1149,1,13,8,1,8
2016500061756,2,9,0,18,0,1,0,0,0,0,4,1,1,1,51,8,1968,2,3,7,3,7
2016500061762,1,9,0,17,0,2,2,0,0,0,1,1,5,1,47,8,1995,2,3,6,1,6
2016500061764,1,9,0,3,0,1,0,0,0,0,1,1,6,1,30,6,1998,1,23,3,1,3
2016500061764,2,9,0,4,0,1,0,0,0,0,2,1,5,1,24,5,1998,1,11,4,1,4
2016500061797,1,9,0,18,0,1,0,0,0,0,3,1,6,1,64,9,-1,-1,-1,9,1,9
2016500061797,2,9,0,5,0,1,0,0,0,0,1,1,6,2,67,10,1587,1,11,9,1,9
2016500061816,1,9,0,17,0,0,0,0,0,0,1,1,6,2,27,6,1598,1,17,6,3,6
2016500061816,2,9,0,16,0,0,0,0,0,0,1,1,6,1,43,7,3824,1,12,10,1,10
2016500061817,1,9,0,18,0,0,0,0,0,0,1,1,6,2,25,5,1753,2,8,2,3,2
2016500061862,1,9,0,18,0,0,0,0,0,0,1,1,6,3,-1,-1,-1,-1,-1,-1,-1,-1
2016500061863,1,9,0,5,0,8,0,0,0,0,3,1,6,2,55,8,1995,2,2,4,3,4
2016500061863,2,20,0,18,0,8,0,0,0,0,1,1,6,1,58,9,5880,2,11,5,1,5
2016500061868,1,9,4,5,0,1,0,0,0,0,4,1,1,1,72,10,-1,-1,-1,7,1,7
2016500061926,1,9,0,18,0,8,0,0,0,0,1,1,5,1,25,5,1781,1,18,4,1,4
2016500061926,2,9,0,9,0,8,0,0,0,0,4,1,5,2,50,8,1984,1,9,10,1,10
2016500062005,1,9,0,16,0,0,5,0,7,0,4,1,5,1,20,4,1596,1,7,7,1,7
2016500062060,1,3,0,16,0,0,0,0,0,0,1,1,1,1,17,4,125,1,7,6,2,6
2016500062060,2,9,0,17,0,0,0,0,0,0,1,1,5,1,55,8,2993,2,5,8,3,8
2016500062176,1,9,0,13,0,0,0,0,0,0,4,1,5,1,44,7,1497,1,14,1,1,1
2016500062176,2,9,0,18,0,0,0,0,0,0,3,1,5,1,32,6,2360,8,13,10,2,10
2016500062213,1,5,0,18,0,0,0,0,0,0,0,1,6,1,21,5,-1,-1,-1,4,3,4
2016500062213,2,19,0,3,0,0,0,0,0,0,3,1,1,1,58,9,2198,2,5,4,3,4
2016500062230,1,9,0,6,0,0,0,0,0,0,3,1,1,1,21,5,1956,2,2,5,1,5
2016500062230,2,3,0,14,0,0,0,0,0,0,1,1,2,2,17,4,125,1,4,1,1,1
2016500062235,1,9,0,18,0,0,0,0,1,0,1,1,6,2,31,6,1596,1,17,4,2,4
2016500062278,1,3,0,18,0,0,2,0,0,0,1,1,6,1,21,5,125,1,4,5,1,5
2016500062409,1,19,0,11,0,0,0,0,0,0,0,1,1,1,58,9,2148,2,8,1,1,1
2016500062409,2,3,0,18,0,0,0,0,0,0,0,1,6,1,44,7,125,1,1,6,1,6
2016500062450,1,9,0,18,0,4,0,0,0,0,0,1,1,1,28,6,1956,2,5,3,1,3
2016500062450,2,1,0,18,0,8,0,0,0,0,3,1,5,1,50,8,-1,-1,-1,4,1,4
2016500062550,1,9,0,18,0,0,0,0,0,0,1,1,5,1,19,4,1595,1,2,6,3,6
2016500062550,2,9,0,3,0,0,0,0,0,0,2,1,5,1,66,10,1968,2,3,9,1,9
2016500062576,1,19,0,18,0,1,1,0,0,0,1,1,6,1,41,7,2402,2,15,2,1,2
2016500062576,2,9,0,10,0,1,0,0,0,0,2,1,6,2,57,9,1598,1,11,5,1,5
2016500062579,1,19,0,18,0,8,0,0,0,0,4,1,6,3,-1,-1,1560,2,2,-1,-1,-1