Accident_Index,Vehicle_Reference,Vehicle_Type,Towing_and_Articulation,Vehicle_Manoeuvre,Vehicle_Location-Restricted_Lane,Junction_Location,Skidding_and_Overturning,Hit_Object_in_Carriageway,Vehicle_Leaving_Carriageway,Hit_Object_off_Carriageway,1st_Point_of_Impact,Was_Vehicle_Left_Hand_Drive?,Journey_Purpose_of_Driver,Sex_of_Driver,Age_of_Driver,Age_Band_of_Driver,Engine_Capacity_(CC),Propulsion_Code,Age_of_Vehicle,Driver_IMD_Decile,Driver_Home_Area_Type,Vehicle_IMD_Decile
2016500067543,2,9,0,18,0,0,0,0,0,0,1,1,5,1,23,5,1199,2,4,8,1,8
2016500067557,1,9,0,18,0,0,0,0,0,0,1,1,5,2,39,7,-1,-1,-1,-1,-1,-1
2016500067557,2,8,0,18,0,0,0,0,0,0,1,1,5,1,20,4,-1,-1,-1,4,3,4
2016500067558,1,1,0,16,0,0,1,0,0,0,1,1,5,1,48,8,-1,-1,-1,5,3,5
2016500067558,2,17,4,17,0,0,0,0,0,0,3,1,5,1,41,7,-1,2,8,6,3,6
2016500067560,1,9,0,12,0,8,0,0,0,0,1,1,5,1,66,10,1598,2,4,3,2,3
2016500067560,2,9,0,18,0,4,0,0,0,0,1,1,6,3,-1,-1,-1,-1,-1,-1,-1,-1
2016500067569,1,9,0,18,0,0,1,0,0,0,1,1,5,1,20,4,1560,2,9,5,3,5
2016500067569,2,9,0,18,0,0,0,0,0,0,2,1,5,2,42,7,1896,2,12,5,3,5
2016500067573,1,9,0,18,0,4,0,0,0,0,3,1,6,1,-1,-1,1753,2,13,-1,-1,-1
2016500067573,2,9,0,18,0,8,0,0,0,0,4,1,5,1,31,6,1984,1,14,4,1,4
2016500067574,1,19,4,18,0,1,0,0,0,0,1,1,6,1,47,8,2800,2,14,5,3,5
2016500067574,2,9,0,18,0,1,0,0,0,0,2,1,6,1,22,5,1461,2,-1,2,1,2
2016500067577,1,9,0,18,0,0,0,0,0,0,3,1,5,1,63,9,1560,2,1,-1,-1,-1
2016500067577,2,5,0,18,0,0,0,0,0,0,3,1,1,1,27,6,600,1,2,3,2,3
2016500067579,1,5,0,16,0,0,0,0,0,0,0,1,5,1,57,9,1312,1,8,6,3,6
2016500067591,1,2,0,7,0,5,1,0,0,0,3,1,6,2,30,6,49,1,12,7,1,7
2016500067597,1,9,0,18,0,0,1,0,4,0,1,1,5,1,19,4,-1,-1,-1,3,1,3
2016500067603,1,9,0,18,0,0,2,0,1,0,1,1,6,2,46,8,1242,1,11,4,1,4
2016500067611,1,9,0,17,0,1,5,10,0,0,1,1,6,1,25,5,998,1,13,5,3,5
2016500067612,1,9,0,5,0,2,0,0,0,0,4,1,5,1,31,6,2793,1,21,1,1,1
2016500067637,1,9,0,18,0,8,1,0,1,0,4,1,5,2,32,6,1988,1,13,-1,-1,-1
2016500067637,2,9,0,18,0,8,2,0,1,0,1,1,5,1,46,8,1995,2,13,2,1,2
2016500067638,1,3,0,18,0,0,1,12,0,0,1,1,2,1,21,5,124,1,3,4,1,4
2016500067639,1,9,0,5,0,0,0,0,0,0,1,1,5,1,27,6,1398,2,13,2,1,2
2016500067642,1,9,0,18,0,0,0,0,0,0,1,1,5,2,65,9,1598,2,7,5,3,5
2016500067642,2,9,0,18,0,0,0,0,0,0,1,1,1,1,43,7,-1,-1,-1,4,3,4
2016500067653,1,9,0,18,0,1,0,0,0,0,1,1,1,1,31,6,-1,-1,-1,3,1,3
2016500067653,2,9,0,18,0,1,0,0,0,0,1,1,1,2,42,7,1329,1,6,7,2,7
2016500067657,1,9,0,18,0,0,5,0,7,0,3,1,1,1,43,7,1749,1,14,4,3,4
2016500067659,1,9,0,18,0,0,2,10,4,0,1,1,5,1,41,7,1997,2,15,2,1,2
2016500067666,1,9,0,4,0,0,1,0,0,0,3,1,6,2,31,6,1364,1,9,10,2,10
2016500067666,2,9,0,4,0,0,0,0,0,0,3,1,6,2,28,6,2999,2,14,-1,-1,-1
2016500067668,1,9,3,12,0,0,0,0,0,0,2,1,5,1,60,9,1997,2,7,6,2,6
2016500067668,2,9,0,18,0,0,1,0,0,0,1,1,5,1,38,7,1998,1,18,-1,-1,-1
2016500067675,1,9,0,9,0,8,0,0,0,0,4,1,6,3,-1,-1,-1,-1,-1,-1,-1,-1
2016500067680,1,9,4,18,0,0,0,0,0,0,0,1,5,1,55,8,1984,2,5,5,3,5
2016500067685,1,9,0,5,0,0,0,0,1,0,1,1,2,2,60,9,1199,1,12,2,1,2
2016500067691,1,3,0,4,0,0,0,0,0,0,1,1,5,1,22,5,125,1,-1,7,3,7
2016500067691,2,19,0,4,0,0,0,0,0,0,2,1,1,1,42,7,2299,2,-1,2,1,2
2016500067692,1,9,0,4,0,1,0,0,0,0,4,1,5,1,58,9,1598,2,4,10,1,10
2016500067692,2,1,0,4,0,1,0,0,0,0,1,1,5,1,17,4,-1,-1,-1,6,1,6
2016500067698,1,9,0,18,0,1,0,0,0,0,1,1,1,1,32,6,1598,2,3,7,1,7
2016500067698,2,9,0,10,0,1,0,0,0,0,2,1,5,1,26,6,1596,1,11,5,1,5
2016500067706,1,9,0,16,0,0,0,10,0,0,1,1,5,1,18,4,1242,1,9,9,1,9
2016500067706,2,9,0,17,0,0,0,0,0,0,0,1,6,3,-1,-1,-1,-1,-1,-1,-1,-1
2016500067708,1,9,0,14,0,2,0,0,0,0,1,1,6,2,30,6,1560,2,7,7,2,7
2016500067712,1,9,0,9,0,4,0,7,7,10,1,1,5,1,73,10,1989,1,16,5,3,5
2016500067720,1,9,0,18,0,1,0,0,0,0,1,1,5,1,84,11,796,1,15,6,2,6
2016500067723,1,19,0,18,0,2,0,0,1,3,1,1,1,1,39,7,1248,2,8,6,2,6
2016500067757,1,9,0,18,0,0,0,0,0,0,1,1,6,1,73,10,847,1,19,4,3,4
2016500067757,2,9,0,18,0,0,0,0,0,0,3,1,6,2,43,7,1868,2,14,3,2,3
2016500067781,1,9,0,17,0,0,1,0,1,4,1,1,5,1,21,5,1598,1,7,8,1,8
2016500067786,1,9,0,14,0,0,5,0,1,0,1,1,5,1,26,6,1686,2,13,1,1,1
2016500067786,2,19,0,18,0,0,0,0,0,0,1,1,2,1,45,7,2198,2,8,6,2,6
2016500067796,1,9,0,18,0,0,0,0,7,11,1,1,6,1,68,10,1896,2,13,6,1,6
2016500067832,1,9,0,5,0,8,0,0,2,10,1,1,5,2,83,11,1248,1,5,7,1,7
2016500067852,1,9,0,4,0,0,0,0,0,0,0,1,1,1,52,8,-1,-1,-1,8,1,8
2016500067886,1,9,0,17,0,0,2,0,1,0,4,1,2,1,18,4,1360,1,13,6,2,6
2016500067916,1,9,0,18,0,0,0,0,4,0,3,1,1,2,20,4,1149,1,13,6,3,6
2016500067938,1,9,0,9,0,8,0,0,0,0,1,1,6,1,69,10,1248,1,1,4,1,4
2016500067938,2,3,0,18,0,8,0,0,0,0,1,1,6,1,17,4,124,1,8,2,1,2
2016500067984,1,2,0,4,0,0,1,0,0,0,1,1,4,1,16,4,49,1,3,7,2,7
2016500067984,2,9,0,3,0,0,0,0,0,0,2,1,2,2,54,8,1598,2,4,7,3,7
2016500068096,1,9,0,5,0,1,0,0,0,0,1,1,1,1,51,8,1997,2,4,9,1,9
2016500068185,1,3,0,18,0,0,1,0,0,0,1,1,6,1,33,6,125,1,7,1,1,1
2016500068194,1,9,0,18,0,1,0,0,0,0,2,1,1,2,45,7,1997,2,11,3,3,3
2016500068194,2,9,0,1,9,6,0,0,0,0,2,1,1,1,61,9,1560,2,9,4,3,4
2016500068203,1,3,0,18,0,1,1,0,0,0,0,1,2,1,21,5,125,1,1,3,1,3
2016500068208,1,9,0,5,0,2,0,0,0,0,3,1,6,2,62,9,1499,1,1,4,2,4
2016500068208,2,3,0,18,0,1,0,0,0,0,1,1,6,1,41,7,125,1,1,3,1,3
2016500068211,1,9,0,5,0,0,0,0,0,0,2,1,2,1,26,6,-1,-1,-1,6,3,6
2016500068211,2,9,0,4,0,0,0,0,0,0,1,1,2,2,49,8,1398,1,4,8,1,8
2016500068211,3,9,0,4,0,0,0,0,0,0,1,1,2,2,30,6,1229,1,2,5,1,5
2016500068211,4,98,0,18,0,0,0,0,0,0,1,1,1,1,42,7,-1,-1,-1,9,3,9
2016500068227,1,5,0,15,0,0,2,0,0,0,1,1,2,1,37,7,599,1,8,6,3,6
2016500068227,2,19,0,3,0,0,0,0,0,0,2,1,1,1,52,8,2198,2,5,5,3,5
2016500068235,1,9,0,18,0,0,0,0,0,0,4,1,6,2,37,7,1799,1,7,2,1,2
2016500068236,1,9,0,5,0,0,1,0,0,0,4,1,5,1,55,8,1242,1,2,5,2,5
2016500068236,2,9,0,5,0,0,0,0,0,0,1,1,5,1,61,9,-1,-1,-1,-1,-1,-1
2016500068236,3,9,0,5,0,0,0,0,0,0,1,1,5,2,32,6,998,1,1,3,1,3
2016500068236,4,9,0,4,0,0,0,0,0,0,1,1,5,2,31,6,1560,2,2,3,1,3
2016500068242,1,9,0,5,0,1,0,0,0,0,3,1,5,1,48,8,1998,1,-1,5,1,5
2016500068242,2,11,0,18,0,1,0,0,0,0,4,1,1,2,58,9,3900,2,10,8,1,8
2016500068243,1,9,0,4,0,0,0,0,0,0,1,1,5,1,19,4,1360,1,10,1,1,1
2016500068243,2,9,0,4,0,0,0,0,0,0,2,1,5,2,35,6,1595,1,18,-1,-1,-1
2016500068243,3,9,0,4,0,0,0,0,0,0,2,1,5,1,24,5,1968,2,12,2,1,2
2016500068256,1,9,0,3,0,8,0,0,0,0,2,1,3,2,42,7,1598,1,14,1,1,1
2016500068256,2,9,0,4,0,8,0,0,0,0,1,1,6,2,36,7,1870,2,11,9,1,9
2016500068257,1,9,0,16,0,0,2,0,2,0,4,1,1,1,47,8,1596,1,11,7,1,7
2016500068274,1,9,0,5,0,1,0,0,0,0,1,1,2,2,60,9,-1,-1,-1,5,1,5
2016500068274,2,9,0,4,0,1,0,0,0,0,2,1,5,2,29,6,1390,1,6,3,1,3
2016500068274,3,9,0,10,0,8,0,0,0,0,2,1,5,2,60,9,1499,2,1,8,2,8
2016500068281,1,9,0,16,0,0,0,0,0,0,0,1,6,3,-1,-1,-1,-1,-1,-1,-1,-1
2016500068281,2,2,0,17,0,0,0,0,1,10,4,1,5,1,16,4,49,1,2,9,1,9
2016500068281,3,3,0,17,0,0,0,0,1,10,4,1,5,1,18,4,123,1,1,3,3,3
2016500068282,1,9,0,18,0,0,0,0,0,0,1,1,6,2,29,6,1995,1,4,5,1,5
2016500068288,1,9,0,18,0,0,0,0,0,0,2,1,5,2,69,10,998,1,5,5,1,5
2016500068288,2,5,0,18,0,0,0,0,0,0,1,1,5,1,26,6,1170,1,3,9,1,9
2016500068300,1,3,0,18,0,0,1,0,0,0,0,1,6,1,27,6,125,1,1,6,2,6
2016500068300,2,3,0,18,0,0,1,0,0,0,0,1,6,1,19,4,124,1,16,6,2,6
2016500068323,1,9,0,5,0,7,0,0,0,0,1,1,2,2,46,8,2494,1,14,8,2,8
2016500068323,2,9,0,3,0,7,0,0,0,0,2,1,2,2,35,6,1398,1,9,3,1,3
2016500068345,1,9,0,4,0,7,0,0,0,0,1,1,2,1,31,6,2688,2,15,6,1,6
2016500068345,2,19,0,18,0,7,1,0,0,0,2,1,2,1,40,7,2402,2,7,5,1,5
2016500068491,1,9,0,18,0,1,0,0,0,0,1,1,5,1,46,8,1560,2,5,6,1,6
2016500068491,2,9,0,9,0,6,0,4,1,0,1,1,5,1,80,11,1968,2,5,3,3,3
2016500068491,3,9,0,2,6,1,0,0,0,0,2,1,5,1,52,8,2198,2,11,6,1,6
2016500068643,1,9,0,7,0,6,0,0,0,0,2,1,6,1,72,10,1339,1,8,8,1,8
2016500068643,2,5,0,18,0,8,0,0,0,0,1,1,6,1,77,11,-1,-1,-1,10,2,10
2016500068646,1,8,0,10,0,0,0,0,0,0,3,1,1,1,26,6,1598,2,4,1,1,1
2016500068646,2,9,0,14,0,0,0,0,1,10,4,1,6,3,-1,-1,1984,1,13,-1,-1,-1
2016500068651,1,5,0,18,0,0,0,4,0,0,1,1,6,1,26,6,689,1,-1,8,1,8
2016500068651,2,9,0,16,0,0,0,0,0,0,1,1,5,1,26,6,1896,2,14,6,3,6
2016500068651,3,9,0,2,0,0,0,0,0,0,2,1,5,2,33,6,1998,1,14,8,1,8
2016500068651,4,9,0,18,0,0,0,0,0,0,1,1,6,1,23,5,1598,1,13,4,1,4
2016500068666,1,9,0,18,9,2,0,0,7,11,3,1,5,2,58,9,1596,1,3,9,1,9
2016500068666,2,1,0,18,9,2,0,0,1,0,3,1,2,1,30,6,-1,-1,-1,2,1,2
2016500068666,3,11,0,3,0,1,0,0,0,0,0,1,1,1,42,7,5883,2,15,9,1,9
2016500068693,1,9,0,18,0,0,0,0,1,0,1,1,6,1,33,6,1199,1,14,-1,-1,-1
2016500068693,2,1,0,18,0,0,0,0,0,0,1,1,5,1,41,7,-1,-1,-1,3,1,3
2016500068721,1,9,0,13,0,0,0,10,0,0,1,1,2,1,48,8,1997,2,14,3,1,3
2016500068721,2,11,0,16,0,0,1,0,0,0,1,1,1,1,46,8,9600,2,18,7,1,7
2016500068721,3,9,0,17,0,0,0,0,0,0,1,1,2,1,67,10,1275,1,21,5,1,5
2016500068733,1,9,0,16,0,4,1,9,3,0,4,1,5,1,27,6,1396,1,16,4,1,4
2016500068774,1,4,0,18,0,0,2,0,0,0,4,1,5,1,36,7,659,1,6,1,1,1
2016500068798,1,9,0,18,0,8,0,0,0,0,3,1,5,1,75,10,1461,2,3,-1,-1,-1
2016500068798,2,9,0,18,0,8,0,0,0,0,1,1,5,1,57,9,-1,-1,-1,9,1,9
2016500068809,1,5,0,13,0,1,0,0,1,0,1,1,2,1,27,6,598,1,17,3,1,3
2016500068809,2,9,0,9,0,1,0,0,1,0,3,1,5,2,25,5,1910,2,6,1,1,1
2016500068854,1,9,0,18,0,0,0,0,0,0,1,1,6,2,21,5,1242,1,7,4,1,4
2016500068854,2,9,0,18,0,0,0,0,0,0,1,1,3,2,26,6,1598,1,3,2,2,2
2016500068882,1,9,0,18,0,8,0,0,0,0,3,1,6,2,18,4,1997,2,11,4,3,4
2016500068882,2,9,0,18,0,1,0,0,0,0,1,1,6,2,41,7,-1,-1,-1,5,3,5
2016500068901,1,9,0,18,0,4,0,0,0,0,1,1,6,1,21,5,1598,1,14,1,1,1
2016500068901,2,1,0,18,0,8,0,0,0,0,1,1,1,1,30,6,-1,-1,-1,7,1,7
2016500068913,1,9,0,18,0,0,5,0,8,11,3,1,5,2,25,5,-1,-1,-1,1,1,1
2016500069000,1,2,0,16,0,0,1,0,1,0,1,1,6,1,56,9,49,1,5,3,1,3
2016500069000,2,9,0,2,0,0,0,0,0,0,2,1,5,2,-1,-1,1587,1,11,3,1,3
2016500069031,1,-1,0,9,0,0,0,0,0,0,1,1,6,3,-1,-1,-1,-1,-1,-1,-1,-1
2016500069031,2,5,0,18,0,0,0,0,0,0,4,1,1,1,32,6,1352,1,5,6,1,6
2016500069040,1,9,0,9,0,6,0,0,0,0,3,1,6,2,37,7,1910,2,10,6,1,6
2016500069040,2,9,0,18,0,1,0,0,0,0,1,1,6,2,42,7,1360,1,11,2,1,2
2016500069041,1,9,0,18,0,0,0,0,0,0,1,1,5,1,33,6,1997,2,11,5,2,5
2016500069041,2,9,0,18,0,0,0,0,0,0,1,1,5,1,36,7,1995,2,12,5,2,5
2016500069044,1,9,0,18,0,0,0,0,0,0,1,1,6,1,22,5,2979,1,16,9,1,9
2016500069044,2,19,0,4,0,0,0,0,0,0,2,1,6,1,47,8,1686,2,12,2,1,2
2016500069044,3,9,0,4,0,0,0,0,0,0,2,1,6,2,22,5,1360,1,17,1,1,1
2016500069056,1,9,0,18,0,0,0,0,0,0,1,1,2,2,44,7,1397,1,14,5,3,5
2016500069056,2,9,0,18,0,0,0,0,0,0,2,1,2,2,47,8,1598,1,5,5,1,5
2016500069057,1,3,0,18,0,0,0,0,0,0,1,1,5,1,18,4,124,1,1,4,1,4
2016500069057,2,9,0,4,0,0,0,0,0,0,2,1,5,2,28,6,1956,2,6,1,1,1
2016500069064,1,9,0,5,0,0,0,0,0,0,1,1,4,2,24,5,998,1,1,3,3,3
2016500069064,2,9,0,18,0,0,0,0,2,0,3,1,2,1,18,4,1595,1,14,6,2,6
2016500069065,1,9,0,6,0,0,0,0,0,0,3,1,6,2,61,9,1686,2,6,9,1,9
2016500069065,2,5,0,18,0,0,0,0,0,0,1,1,2,1,24,5,600,1,13,8,3,8
2016500069091,1,9,0,16,0,0,0,0,0,0,1,1,6,1,-1,-1,1796,1,17,-1,-1,-1
2016500069091,2,9,0,17,0,0,0,0,0,0,3,1,5,1,68,10,1997,2,9,8,3,8
2016500069461,1,9,0,17,0,0,5,0,5,0,3,1,5,1,38,7,1686,2,12,4,1,4
2016500069477,1,9,0,5,0,0,0,0,0,0,4,1,6,2,51,8,1390,1,3,4,1,4
2016500069477,2,1,0,18,0,0,0,0,0,0,1,1,2,1,28,6,-1,-1,-1,2,1,2
2016500069489,1,9,0,7,0,5,0,0,0,0,1,1,5,1,76,11,1984,1,6,6,3,6
2016500069499,1,9,0,16,0,0,0,0,0,0,3,1,5,1,78,11,1339,1,2,6,1,6
2016500069499,2,9,0,17,0,0,0,0,0,0,3,1,1,1,43,7,-1,-1,-1,2,1,2
2016500069507,1,9,0,18,0,5,0,0,1,7,4,1,6,1,61,9,1968,2,1,7,3,7
2016500069507,2,9,0,18,0,5,0,0,1,7,3,1,6,2,48,8,1796,1,9,7,3,7
2016500069507,3,9,0,18,0,5,0,0,1,7,3,1,6,2,41,7,1997,2,6,7,3,7
2016500069515,1,9,0,1,0,0,0,0,0,0,2,1,6,1,68,10,1997,2,1,9,2,9
2016500069520,1,9,0,9,0,6,0,0,0,0,1,1,5,2,82,11,1298,1,6,4,3,4
2016500069525,1,9,0,18,0,1,0,0,0,0,1,1,6,2,45,7,1998,2,9,4,1,4
2016500069525,2,9,0,4,0,1,0,0,0,0,1,1,6,2,44,7,4999,1,-1,8,1,8
2016500069540,1,9,0,17,0,1,1,10,2,11,1,1,2,1,28,6,1590,1,17,6,3,6
2016500069618,1,9,0,5,0,1,0,0,0,0,3,1,5,2,29,6,1896,2,10,4,3,4
2016500069618,2,9,0,16,0,8,0,0,0,0,1,1,5,1,69,10,1797,8,1,-1,1,-1
2016500069638,1,9,0,18,0,0,2,0,1,10,1,1,2,1,22,5,1988,1,16,4,1,4
2016500069638,2,9,0,18,0,0,0,0,0,0,1,1,2,2,35,6,1198,1,8,8,1,8
2016500069710,1,9,0,16,0,0,0,0,7,11,2,1,5,2,64,9,1560,2,4,6,3,6
2016500069710,2,9,0,17,0,0,0,0,0,0,1,1,5,1,81,11,1995,2,2,6,2,6
2016500069751,1,9,0,18,0,0,2,0,8,11,1,1,5,1,28,6,2993,2,13,5,3,5
2016500069861,1,9,0,18,0,0,0,0,0,0,1,1,5,2,34,6,1388,1,13,3,1,3
2016500069861,2,9,0,17,0,0,0,4,0,0,1,1,5,2,68,10,1390,1,8,6,1,6
2016500069861,3,9,0,2,0,0,0,0,0,0,2,1,5,1,48,8,2993,2,11,3,1,3
2016500069890,1,9,0,17,0,0,5,0,1,0,1,1,5,2,68,10,1587,1,9,6,1,6
2016500069890,2,9,0,3,0,0,0,0,0,0,4,1,5,1,63,9,1396,1,2,5,1,5
2016500069927,1,9,0,5,0,4,0,0,0,0,1,1,1,1,46,8,-1,-1,-1,6,3,6
2016500069927,2,9,0,18,0,1,0,0,0,0,4,1,6,2,36,7,2685,2,11,6,3,6
2016500069945,1,9,0,9,0,0,0,0,0,0,2,1,6,1,33,6,1596,1,14,2,1,2
2016500069945,2,9,0,18,0,0,0,0,0,0,1,1,6,1,26,6,1781,1,15,4,3,4
2016500069946,1,9,0,18,0,8,1,0,2,0,4,1,5,1,63,9,4511,1,10,4,3,4
2016500069950,1,9,0,4,0,0,0,0,0,0,2,1,5,2,55,8,1798,1,2,9,1,9
2016500069950,2,9,0,3,0,0,0,0,0,0,2,1,5,1,51,8,1951,2,12,5,1,5
2016500069950,3,9,0,3,0,0,0,0,0,0,1,1,5,1,27,6,1968,2,1,8,1,8
2016500069980,1,3,0,16,0,2,0,0,2,10,4,1,5,1,17,4,125,1,4,4,3,4
2016500070210,1,9,0,9,0,1,0,0,0,0,1,1,6,2,39,7,1598,1,13,7,3,7
2016500070210,2,1,0,18,0,1,0,0,0,0,1,1,6,1,72,10,-1,-1,-1,3,3,3
2016500070278,1,5,0,5,0,0,0,0,0,0,1,1,6,1,52,8,738,1,23,7,1,7
2016500070278,2,9,0,9,0,0,0,0,0,0,4,1,5,1,81,11,1588,1,13,2,1,2
2016500070280,1,8,0,5,0,1,0,0,0,0,0,1,1,1,38,7,1598,2,4,1,1,1
2016500070284,1,9,0,18,0,0,0,0,0,0,1,1,5,2,20,4,1390,1,14,6,3,6
2016500070284,2,22,0,18,0,0,0,0,0,0,1,1,6,2,92,11,-1,-1,-1,6,1,6
2016500070305,1,9,0,18,0,0,0,0,0,0,1,1,6,2,23,5,1686,2,11,4,1,4
2016500070324,1,19,0,18,0,2,0,0,0,0,0,1,5,3,-1,-1,-1,-1,-1,-1,-1,-1
2016500070324,2,9,0,18,0,2,0,0,0,0,2,1,1,1,41,7,1910,2,9,3,1,3
2016500070324,3,5,0,18,0,2,0,0,0,0,1,1,5,1,26,6,599,1,25,4,1,4
2016500070622,1,9,0,18,0,0,0,0,0,0,1,1,6,2,72,10,1598,1,4,8,1,8
2016500070623,1,9,0,4,0,0,0,0,0,0,2,1,6,1,-1,-1,1995,2,12,5,1,5
2016500070623,2,9,0,18,0,0,0,0,0,0,1,1,6,1,42,7,1590,1,15,4,3,4
2016500070624,1,9,0,16,0,1,5,0,0,0,1,1,5,2,18,4,998,1,4,4,2,4
2016500070627,1,19,0,1,0,0,0,0,0,0,2,1,1,1,41,7,2800,2,13,2,1,2
2016500070627,2,9,0,4,0,0,0,0,0,0,1,1,5,2,26,6,1391,1,16,6,2,6
2016500070628,1,9,0,4,0,0,0,0,0,0,2,1,5,1,48,8,2979,1,1,4,1,4
2016500070628,2,9,0,4,0,0,0,0,0,0,3,1,5,1,52,8,2500,1,4,6,1,6
2016500070628,3,1,0,16,0,0,0,0,0,0,1,1,5,1,45,7,-1,-1,-1,9,1,9
2016500070629,1,9,0,7,0,8,0,0,0,0,1,1,5,1,19,4,1149,1,16,1,1,1
2016500070629,2,9,0,18,0,1,0,0,0,0,3,1,5,1,42,7,1896,2,9,2,1,2
2016500070630,1,9,0,3,0,0,0,0,0,0,2,1,5,1,25,5,1968,2,6,2,1,2
2016500070630,2,9,0,18,0,0,0,0,0,0,1,1,5,1,69,10,1560,2,9,8,2,8
2016500070631,1,9,0,16,0,0,0,0,1,11,1,1,2,1,29,6,1995,2,14,3,3,3
2016500070635,1,9,0,7,0,1,0,0,0,0,3,1,1,1,71,10,2000,2,5,4,2,4
2016500070635,2,9,0,7,0,2,0,0,0,0,3,1,5,1,78,11,1560,2,6,8,2,8
2016500070656,1,19,0,4,0,0,1,0,0,0,1,1,2,1,39,7,1998,2,14,4,2,4
2016500070656,2,19,0,3,0,0,0,0,0,0,2,1,2,1,29,6,1998,2,13,3,1,3
2016500070656,3,9,0,3,0,0,0,0,0,0,2,1,2,1,28,6,1339,1,13,2,1,2
2016500070656,4,19,0,3,0,0,0,0,0,0,2,1,2,1,53,8,1560,2,6,7,3,7
2016500070658,1,9,0,9,0,8,0,0,0,0,3,1,5,2,28,6,1242,1,8,6,1,6
2016500070658,2,5,0,4,0,1,0,0,0,0,1,1,1,1,24,5,644,1,34,10,1,10
2016500070660,1,9,0,18,0,0,0,0,0,0,1,1,6,1,84,11,1560,2,2,4,2,4
2016500070660,2,9,0,3,0,0,0,0,0,0,2,1,6,1,18,4,1360,1,14,6,3,6
2016500070660,3,9,0,3,0,0,0,0,0,0,2,1,6,1,41,7,1984,1,16,5,3,5
2016500070660,4,9,0,3,0,0,0,0,0,0,2,1,6,1,25,5,1398,2,5,4,2,4
2016500070660,5,19,0,3,0,0,0,0,0,0,2,1,6,1,48,8,1399,2,5,3,1,3
2016500070663,1,5,0,9,0,8,0,0,7,0,1,1,5,2,52,8,670,1,4,3,1,3
2016500070688,1,9,0,16,0,8,1,0,0,0,1,1,5,2,35,6,1246,1,11,6,2,6
2016500070688,2,9,0,18,0,8,0,0,0,0,1,1,5,2,58,9,1198,1,11,4,3,4
2016500070700,1,9,0,18,0,0,1,0,7,0,1,1,6,1,41,7,-1,-1,-1,6,3,6
2016500070700,2,9,0,18,0,0,1,0,0,0,1,1,6,1,24,5,2000,2,12,6,2,6
2016500070702,1,5,0,14,0,1,0,0,0,0,0,1,5,1,36,7,999,1,10,2,1,2
2016500070710,1,-1,0,12,0,0,0,0,0,0,0,1,6,3,-1,-1,-1,-1,-1,-1,-1,-1
2016500070710,2,5,0,18,0,0,0,0,0,0,0,1,6,1,35,6,599,1,4,4,2,4
2016500070710,3,5,0,18,0,0,0,0,0,0,4,1,6,1,30,6,636,1,14,6,3,6
2016500070731,1,9,0,5,0,4,0,0,0,0,1,1,5,2,44,7,1405,1,12,5,1,5
2016500070731,2,9,0,5,0,4,1,0,0,0,1,1,5,1,44,7,-1,-1,-1,6,3,6
2016500070778,1,9,0,18,0,8,1,0,0,0,1,1,6,1,23,5,1984,1,4,5,1,5
2016500070902,1,9,0,17,0,0,0,0,2,10,4,1,6,2,48,8,1970,1,17,5,3,5
2016500070921,1,9,0,9,0,8,1,0,0,0,1,1,5,1,44,7,1596,1,15,5,1,5
2016500070921,2,9,0,18,0,1,1,0,0,0,1,1,5,1,54,8,1364,1,8,6,1,6
2016500071026,1,9,0,1,0,0,0,4,0,0,1,1,6,1,27,6,1997,2,16,3,3,3
2016500071026,2,9,0,2,0,0,0,0,0,0,3,1,6,3,-1,-1,1461,2,2,-1,-1,-1
2016500071026,3,9,0,2,0,0,0,0,0,0,4,1,6,3,-1,-1,-1,-1,-1,-1,-1,-1
2016500071026,4,9,0,2,0,0,0,0,0,0,3,1,6,1,-1,-1,1598,2,6,-1,-1,-1
2016500071026,5,9,0,2,0,0,0,0,0,0,3,1,6,2,-1,-1,1242,1,5,-1,-1,-1
2016500071026,6,9,0,2,0,0,0,0,0,0,4,1,6,3,-1,-1,1956,2,1,-1,-1,-1
2016500071048,1,9,0,18,0,0,0,0,0,0,1,1,6,1,17,4,1124,1,12,8,2,8
2016500071048,2,9,0,18,0,0,0,0,0,0,2,1,6,1,49,8,1560,2,12,9,2,9
2016500071262,1,9,0,1,9,0,0,0,1,11,1,1,5,1,87,11,1588,1,12,8,1,8
2016500071262,2,10,0,2,0,0,0,0,0,0,4,1,6,1,-1,-1,2402,2,14,8,1,8
2016500071469,1,9,0,9,0,6,0,0,0,0,1,1,5,1,22,5,1900,2,18,2,1,2
2016500071469,2,9,0,9,0,6,0,0,0,0,2,1,5,1,20,4,1900,2,16,5,1,5
2016500071481,1,2,0,13,0,0,0,0,7,0,1,1,4,1,17,4,-1,-1,-1,7,1,7
2016500071481,2,9,0,9,0,0,0,0,0,0,3,1,2,1,41,7,1995,2,9,5,1,5
2016500071516,1,9,0,1,0,0,0,0,0,0,2,1,1,1,30,6,1997,2,6,8,3,8
2016500071541,1,9,0,9,0,1,0,0,0,0,3,1,5,2,25,5,1198,1,8,7,1,7