Accident_Index,Vehicle_Reference,Vehicle_Type,Towing_and_Articulation,Vehicle_Manoeuvre,Vehicle_Location-Restricted_Lane,Junction_Location,Skidding_and_Overturning,Hit_Object_in_Carriageway,Vehicle_Leaving_Carriageway,Hit_Object_off_Carriageway,1st_Point_of_Impact,Was_Vehicle_Left_Hand_Drive?,Journey_Purpose_of_Driver,Sex_of_Driver,Age_of_Driver,Age_Band_of_Driver,Engine_Capacity_(CC),Propulsion_Code,Age_of_Vehicle,Driver_IMD_Decile,Driver_Home_Area_Type,Vehicle_IMD_Decile
2016500095010,2,19,0,2,0,0,0,0,0,0,3,1,5,1,-1,-1,2402,2,11,2,1,2
2016500095094,1,11,0,18,0,0,0,0,0,0,0,1,6,3,-1,-1,-1,-1,-1,-1,-1,-1
2016500095094,2,16,0,18,0,0,0,0,0,0,3,1,6,2,16,4,-1,-1,-1,6,1,6
2016500095129,1,4,0,18,0,0,2,0,0,0,1,1,6,1,55,8,1450,1,10,4,3,4
2016500095129,2,19,0,5,0,0,0,0,0,0,2,1,1,1,22,5,1968,2,2,9,1,9
2016500095129,3,19,0,5,0,0,0,0,0,0,0,1,1,1,52,8,-1,-1,-1,8,1,8
2016500095173,1,9,0,18,0,2,0,0,0,0,1,1,5,1,89,11,2979,1,4,9,1,9
2016500095407,1,9,0,18,0,0,0,0,7,0,4,1,6,2,30,6,1596,1,13,4,3,4
2016500095407,2,9,0,16,0,0,0,0,0,0,1,1,2,1,31,6,1360,1,16,3,2,3
2016500095411,1,1,0,18,0,1,1,0,0,0,0,1,6,1,15,3,-1,-1,-1,5,2,5
2016500095411,2,9,0,18,0,2,0,0,0,0,1,1,6,3,-1,-1,-1,-1,-1,-1,-1,-1
2016500095418,1,9,0,17,0,0,1,0,0,0,1,1,1,1,20,4,1840,1,13,7,1,7
2016500095423,1,9,0,6,0,0,0,0,0,0,1,1,5,2,58,9,1968,2,10,4,1,4
2016500095423,2,9,0,18,0,0,0,0,0,0,1,1,5,1,21,5,2993,2,12,7,2,7
2016500095426,1,9,0,9,0,4,0,0,0,0,1,1,6,2,59,9,1598,1,3,3,2,3
2016500095426,2,97,0,4,0,3,0,0,0,0,1,1,6,2,66,10,1450,1,13,4,2,4
2016500095454,1,9,0,16,0,8,0,0,0,0,2,1,6,1,59,9,1229,1,1,4,1,4
2016500095454,2,1,0,18,0,8,0,0,0,0,1,1,5,1,53,8,-1,-1,-1,4,3,4
2016500095471,1,3,0,9,0,2,0,0,0,0,4,1,6,1,17,4,125,1,3,7,1,7
2016500095477,1,9,0,18,0,0,0,0,0,0,1,1,6,2,78,11,998,1,13,-1,-1,-1
2016500095479,1,9,0,16,0,0,0,0,0,0,1,1,6,1,23,5,1984,1,15,6,3,6
2016500095479,2,9,0,17,0,0,0,0,0,0,1,1,6,1,32,6,1910,2,9,5,3,5
2016500095487,1,9,0,18,0,8,0,0,0,0,3,1,5,2,35,6,1796,1,9,-1,-1,-1
2016500095487,2,9,0,9,0,8,0,0,0,0,4,1,5,1,52,8,1398,1,4,5,2,5
2016500095501,1,9,0,18,0,0,2,0,2,0,1,1,5,1,19,4,1998,1,12,5,3,5
2016500095947,1,9,0,3,0,0,0,0,0,0,0,1,6,3,-1,-1,1599,1,13,-1,-1,-1
2016500095947,2,19,0,3,0,0,0,0,0,0,0,1,6,1,-1,-1,2143,2,1,3,2,3
2016500096003,1,9,0,18,0,0,0,0,0,0,1,1,2,1,47,8,1796,1,7,1,1,1
2016500096116,1,9,0,18,0,0,0,0,0,0,1,1,5,2,23,5,-1,-1,-1,3,1,3
2016500096116,2,9,0,18,0,0,0,0,0,0,1,1,1,2,20,4,999,1,2,5,1,5
2016500096385,1,9,0,6,0,0,0,0,0,0,3,1,6,1,84,11,998,1,-1,5,1,5
2016500096385,2,19,0,17,0,0,0,0,0,0,1,1,6,1,26,6,1997,2,12,2,1,2
2016500096386,1,9,0,4,0,0,0,0,0,0,1,1,5,2,30,6,2826,2,19,5,3,5
2016500096386,2,9,0,3,0,0,0,0,0,0,2,1,5,1,32,6,1992,2,11,2,1,2
2016500096396,1,9,0,18,0,0,0,0,0,0,1,1,5,1,35,6,1598,1,10,3,1,3
2016500096396,2,1,0,13,0,0,0,0,0,0,1,1,2,1,45,7,-1,-1,-1,4,1,4
2016500096422,1,9,0,17,0,0,5,0,0,0,1,1,5,2,19,4,1149,1,13,4,1,4
2016500096422,2,9,0,16,0,0,0,0,0,0,1,1,5,1,62,9,999,1,2,6,2,6
2016500096423,1,9,0,18,0,0,5,0,1,0,1,1,5,2,87,11,2000,2,7,6,2,6
2016500096445,1,9,0,16,0,0,2,0,0,0,1,1,5,1,20,4,1198,1,11,6,3,6
2016500096445,2,19,0,17,0,0,0,0,0,0,1,1,1,2,48,8,2143,2,2,6,3,6
2016500096459,1,9,0,17,0,0,0,0,0,0,0,1,6,1,22,5,1895,1,17,2,1,2
2016500096459,2,9,0,18,0,0,0,0,0,0,0,1,1,1,34,6,1969,2,1,-1,-1,-1
2016500096471,1,9,0,5,0,0,0,0,0,0,1,1,5,1,23,5,1686,2,3,3,2,3
2016500096471,2,5,0,9,0,0,0,0,0,0,4,1,5,1,51,8,659,1,21,4,3,4
2016500096478,1,9,0,4,0,0,0,0,0,0,1,1,5,2,30,6,2261,1,-1,4,1,4
2016500096478,2,9,0,4,0,0,0,0,0,0,2,1,5,1,41,7,1397,1,6,10,1,10
2016500096478,3,9,0,4,0,0,0,0,0,0,2,1,5,1,69,10,998,1,2,10,1,10
2016500096511,1,9,0,9,0,1,0,0,0,0,1,1,5,2,29,6,1900,2,11,5,1,5
2016500096511,2,9,0,18,0,1,0,0,0,0,4,1,5,1,49,8,1753,2,15,6,1,6
2016500096570,1,9,0,4,0,0,0,0,0,0,1,1,5,1,21,5,1298,1,8,6,1,6
2016500096570,2,9,0,3,0,0,0,0,0,0,2,1,6,1,35,6,1686,2,8,9,1,9
2016500096570,3,9,0,3,0,0,0,0,0,0,2,1,6,2,32,6,1596,1,2,6,2,6
2016500096575,1,9,0,9,0,2,0,0,0,0,0,1,6,3,-1,-1,-1,-1,-1,-1,-1,-1
2016500096575,2,3,0,18,0,4,1,0,0,0,3,1,1,1,29,6,125,1,10,-1,-1,-1
2016500096614,1,5,0,17,0,0,0,0,1,7,4,1,5,1,30,6,998,1,9,1,1,1
2016500096622,1,9,0,18,0,0,2,0,0,0,4,1,5,1,56,9,2495,2,21,4,3,4
2016500096641,1,9,0,18,0,0,1,0,1,0,1,1,1,1,24,5,1761,1,17,5,3,5
2016500096641,2,9,0,18,0,0,0,0,0,0,1,1,1,1,41,7,2494,1,14,4,3,4
2016500096642,1,9,0,9,0,8,0,0,0,0,1,1,5,1,17,4,1149,1,12,8,3,8
2016500096642,2,5,0,18,0,8,0,0,0,0,1,1,6,1,56,9,1215,1,-1,5,3,5
2016500096656,1,9,0,4,0,0,0,0,0,0,3,1,5,2,68,10,1396,1,9,2,2,2
2016500096656,2,9,0,5,0,0,0,0,0,0,0,1,5,2,54,8,-1,-1,-1,1,1,1
2016500096691,1,3,0,18,0,4,0,0,0,0,1,1,6,1,17,4,125,1,-1,7,3,7
2016500096691,2,9,0,9,0,8,0,0,0,0,1,1,6,2,34,6,999,1,3,3,1,3
2016500096695,1,9,0,9,0,0,0,0,0,0,1,1,5,1,18,4,973,1,13,7,1,7
2016500096695,2,9,0,18,0,0,0,0,0,0,1,1,5,1,48,8,1781,1,16,3,1,3
2016500096695,3,9,0,8,0,0,0,0,0,0,1,1,5,1,32,6,-1,-1,-1,4,2,4
2016500096708,1,9,0,18,0,0,0,0,0,0,1,1,5,1,33,6,1596,1,17,-1,-1,-1
2016500096718,1,9,0,17,0,0,1,0,0,0,4,1,5,1,45,7,1299,1,14,4,3,4
2016500096718,2,9,0,16,0,0,0,0,0,0,1,1,5,1,29,6,1968,2,-1,4,1,4
2016500096745,1,9,0,18,0,8,0,0,0,0,3,1,5,1,67,10,1997,2,5,6,3,6
2016500096745,2,9,0,18,0,3,0,0,8,0,4,1,2,2,47,8,1396,2,2,7,2,7
2016500096753,1,5,0,4,0,1,0,0,1,1,1,1,5,1,36,7,998,1,12,5,3,5
2016500096753,2,9,0,4,0,1,0,0,0,0,1,1,5,1,34,6,1968,2,10,6,3,6
2016500096753,3,9,0,4,0,1,0,0,0,0,2,1,5,1,28,6,1461,2,5,4,1,4
2016500096763,1,9,0,14,0,0,0,0,0,0,1,1,6,1,53,8,1997,2,15,3,2,3
2016500096763,2,9,0,4,0,0,0,0,0,0,1,1,6,2,56,9,1910,2,8,4,3,4
2016500096763,3,20,0,18,0,0,0,0,0,0,1,1,1,1,24,5,4461,2,4,1,1,1
2016500096775,1,9,0,13,0,0,0,0,0,0,2,1,5,1,45,7,1368,1,6,4,3,4
2016500096775,2,9,0,18,0,0,0,0,0,0,1,1,5,2,76,11,1360,1,15,4,2,4
2016500096775,3,9,0,18,0,0,0,0,7,0,1,1,5,1,18,4,1198,1,2,9,1,9
2016500096782,1,9,0,16,0,0,0,0,0,0,1,1,6,2,47,8,1798,1,17,8,3,8
2016500096782,2,9,0,17,0,0,0,0,0,0,1,1,6,2,63,9,1364,1,10,9,2,9
2016500096790,1,97,0,18,0,1,1,0,0,0,1,1,5,1,29,6,-1,-1,-1,1,1,1
2016500096790,2,9,0,10,0,1,0,0,0,0,4,1,5,2,28,6,1781,1,14,9,1,9
2016500096799,1,9,0,18,0,0,1,0,0,0,1,1,1,1,32,6,-1,-1,-1,6,2,6
2016500096799,2,9,0,2,0,0,1,0,0,0,2,1,5,1,80,11,998,1,2,8,2,8
2016500096811,1,9,0,18,0,1,0,0,0,0,1,1,2,2,54,8,1896,2,11,6,3,6
2016500096811,2,9,0,9,0,1,0,0,0,0,1,1,5,1,74,10,1242,1,9,8,2,8
2016500096817,1,90,0,18,0,8,0,0,0,0,4,1,6,3,-1,-1,-1,-1,-1,-1,-1,-1
2016500096824,1,9,0,17,0,0,2,0,2,0,4,1,5,2,22,5,1242,1,14,2,1,2
2016500096826,1,19,0,18,0,0,1,0,0,0,1,1,1,1,33,6,2402,2,5,3,1,3
2016500096826,2,9,0,18,0,0,1,0,0,0,1,1,1,2,58,9,1997,2,14,3,3,3
2016500096839,1,3,0,18,0,0,0,0,0,0,1,1,6,1,16,4,49,1,11,4,1,4
2016500096839,2,9,0,4,0,0,0,0,0,0,2,1,6,1,46,8,1910,2,9,6,1,6
2016500096855,1,9,0,18,0,0,0,0,0,0,3,1,1,1,40,7,-1,-1,-1,1,1,1
2016500096858,1,3,0,18,0,0,1,0,0,0,0,1,5,1,64,9,-1,-1,-1,-1,-1,-1
2016500096860,1,19,4,2,0,0,3,0,1,11,1,1,1,1,26,6,2999,2,10,2,1,2
2016500096874,1,5,0,13,0,1,0,0,0,0,1,1,2,1,27,6,649,1,-1,1,1,1
2016500096874,2,9,0,10,0,6,0,0,0,0,1,1,5,2,56,9,1388,1,8,2,1,2
2016500097255,1,9,0,18,0,0,0,0,7,0,1,1,5,1,26,6,1590,1,11,4,1,4
2016500097255,2,9,0,2,0,0,0,0,0,0,1,1,5,1,-1,-1,1910,2,13,7,1,7
2016500097255,3,9,0,2,0,0,0,0,0,0,1,1,5,1,-1,-1,1997,2,9,7,1,7
2016500097260,1,9,0,18,0,0,0,0,0,0,1,1,5,2,72,10,1461,2,2,6,2,6
2016500097260,2,9,0,3,0,0,0,0,0,0,2,1,5,1,48,8,1582,2,7,4,2,4
2016500097260,3,9,0,3,0,0,0,0,0,0,2,1,5,1,42,7,1364,1,1,7,3,7
2016500097296,1,20,1,1,0,6,0,0,0,0,2,1,1,1,39,7,-1,-1,-1,3,1,3
2016500097296,2,9,0,5,0,8,0,0,0,0,2,1,5,1,42,7,2231,2,11,7,3,7
2016500097297,1,2,0,3,0,2,0,0,0,0,2,1,5,2,60,9,49,1,15,5,1,5
2016500097297,2,19,0,4,0,2,0,0,0,0,1,1,1,1,30,6,2298,2,4,9,1,9
2016500097298,1,9,0,18,0,1,1,0,0,0,1,1,6,1,18,4,-1,-1,-1,4,2,4
2016500097298,2,9,0,18,0,1,0,0,0,0,2,1,6,2,18,4,1242,1,18,1,1,1
2016500097298,3,9,0,18,0,1,0,0,0,0,2,1,6,1,45,7,4172,1,17,4,2,4
2016500097298,4,9,0,9,0,6,0,0,0,0,0,1,6,1,18,4,1248,1,6,5,1,5
2016500097300,1,9,0,9,0,8,0,0,0,0,4,1,5,1,44,7,2143,2,2,5,3,5
2016500097300,2,5,0,18,0,5,2,0,0,0,4,1,5,1,24,5,600,1,13,6,1,6
2016500097300,3,9,0,10,0,5,0,0,0,0,1,1,5,2,49,8,1686,2,5,6,3,6
2016500097340,1,9,0,13,0,0,0,0,0,0,1,1,5,1,18,4,1560,2,10,2,1,2
2016500097340,2,9,0,18,0,0,0,0,0,0,3,1,2,1,60,9,1910,2,11,1,1,1
2016500097340,3,19,0,18,0,0,0,0,0,0,3,1,5,1,35,6,2143,2,4,5,1,5
2016500097361,1,9,0,1,0,0,0,0,0,0,0,1,5,1,35,6,1149,1,14,3,1,3
2016500097361,2,9,0,2,0,0,0,0,0,0,3,1,5,2,55,8,1149,1,3,3,1,3
2016500097361,3,1,0,18,0,0,0,0,0,0,1,1,5,1,12,3,-1,-1,-1,3,1,3
2016500097401,1,5,0,17,0,0,0,0,0,0,1,1,6,1,-1,-1,828,1,-1,-1,-1,-1
2016500097401,2,1,0,18,0,0,0,0,0,0,2,1,5,1,52,8,-1,-1,-1,5,2,5
2016500097769,1,9,0,16,0,8,0,0,0,0,4,1,6,1,17,4,1364,1,8,3,1,3
2016500097769,2,9,0,17,0,8,0,0,0,0,1,1,6,1,43,7,1560,2,5,5,3,5
2016500097850,1,19,0,3,0,1,0,0,0,0,1,1,1,1,48,8,2300,2,10,4,3,4
2016500097850,2,1,0,18,0,1,5,0,0,0,3,1,6,1,14,3,-1,-1,-1,6,1,6
2016500097935,1,9,0,5,0,0,0,0,0,0,1,1,6,1,26,6,1998,1,9,6,1,6
2016500097935,2,9,0,3,0,0,0,0,0,0,2,1,6,2,43,7,1781,1,13,6,1,6
2016500097942,1,9,0,3,0,1,0,0,0,0,2,1,6,2,51,8,1198,1,6,10,1,10
2016500097942,2,2,0,10,0,1,0,0,0,0,2,1,1,1,17,4,49,1,7,5,1,5
2016500097942,3,9,0,10,0,1,0,0,0,0,1,1,5,1,54,8,1582,2,-1,7,1,7
2016500098009,1,97,0,17,0,0,1,0,1,11,1,1,5,1,33,6,1312,1,4,6,1,6
2016500098083,1,3,0,13,0,8,0,0,0,0,4,1,2,1,19,4,124,1,1,5,1,5
2016500098083,2,9,0,9,0,5,0,0,0,0,3,1,5,2,67,10,1299,1,17,9,3,9
2016500098146,1,9,0,18,0,0,0,0,0,0,1,1,6,2,26,6,-1,-1,-1,5,3,5
2016500098146,2,9,0,7,0,0,0,0,1,0,2,1,6,2,79,11,1598,2,6,4,3,4
2016500098207,1,9,0,18,0,1,1,0,0,0,1,1,6,2,23,5,1896,2,15,8,1,8
2016500098207,2,9,0,9,0,1,0,0,0,0,3,1,6,1,51,8,1461,2,-1,4,1,4
2016500098295,1,9,0,14,0,0,0,0,0,0,1,1,5,1,29,6,1799,1,7,3,1,3
2016500098295,2,9,0,2,0,0,0,0,0,0,2,1,5,2,22,5,2996,1,10,4,1,4
2016500098313,1,1,0,18,0,0,0,0,0,0,1,1,6,1,33,6,-1,-1,-1,8,1,8
2016500098313,2,9,0,18,0,0,0,0,0,0,1,1,6,2,50,8,1598,1,2,3,1,3
2016500098359,1,9,0,3,0,0,0,0,0,0,2,1,6,2,30,6,1349,1,7,8,1,8
2016500098359,2,9,0,18,0,0,0,0,0,0,1,1,6,1,36,7,1997,2,16,1,1,1
2016500098392,1,9,0,18,0,0,2,0,1,10,3,1,6,1,26,6,1560,2,5,3,1,3
2016500098392,2,9,0,18,0,0,0,0,0,0,3,1,6,2,56,9,1598,2,2,4,3,4
2016500098420,1,9,0,18,0,1,0,0,0,0,1,1,6,2,45,7,1796,1,12,1,1,1
2016500098420,2,9,0,3,0,1,0,0,0,0,2,1,5,2,46,8,1968,2,12,3,1,3
2016500098466,1,9,0,18,0,0,0,0,0,0,1,1,6,3,-1,-1,-1,-1,-1,-1,-1,-1
2016500098519,1,9,0,4,0,0,0,0,0,0,1,1,5,2,20,4,1984,1,4,6,1,6
2016500098519,2,9,0,3,0,0,0,0,0,0,2,1,5,2,65,9,-1,-1,-1,6,3,6
2016500098576,1,3,0,4,0,0,1,0,0,0,1,1,6,1,25,5,125,1,2,6,1,6
2016500098576,2,8,0,4,0,0,0,0,0,0,2,1,1,1,60,9,1896,2,8,6,3,6
2016500098577,1,9,0,18,0,0,0,0,0,0,1,1,6,1,19,4,2664,2,19,4,3,4
2016500098684,1,9,0,5,0,8,0,0,0,0,1,1,1,1,45,7,-1,-1,-1,7,1,7
2016500098685,1,9,0,4,0,0,1,0,0,0,1,1,6,2,23,5,1299,1,16,3,1,3
2016500098685,2,9,0,17,0,0,0,0,1,0,4,1,3,2,48,8,4367,2,2,4,1,4
2016500098742,1,9,0,18,0,0,0,12,0,0,4,1,2,1,50,8,1956,2,5,4,2,4
2016500098988,1,21,1,11,0,0,0,0,0,0,1,1,1,1,60,9,12882,2,-1,5,3,5
2016500098988,2,9,0,18,0,0,1,0,6,0,1,1,5,2,76,11,1149,1,14,7,1,7
2016500099314,1,1,0,10,0,1,0,0,0,0,1,1,2,2,28,6,-1,-1,-1,9,1,9
2016500099314,2,19,0,9,0,1,0,0,0,0,1,1,1,1,27,6,2143,2,1,4,1,4
2016500099324,1,9,0,1,0,0,0,0,0,0,1,1,5,2,66,10,-1,-1,-1,6,3,6
2016500099324,2,2,0,4,0,0,0,0,0,0,2,1,5,1,16,4,50,1,4,8,1,8
2016500099377,1,9,0,15,0,0,0,11,0,0,1,1,5,2,24,5,1364,1,2,7,1,7
2016500099527,1,9,0,9,0,0,0,0,0,0,1,1,6,3,-1,-1,-1,-1,-1,-1,-1,-1
2016500099527,2,2,0,18,0,0,5,0,0,0,4,1,4,1,16,4,-1,-1,-1,1,1,1
2016500099867,1,9,0,18,0,0,0,0,0,0,1,1,5,1,79,11,1339,1,13,8,3,8
2016500099991,1,9,0,17,0,0,5,10,5,11,1,1,1,2,20,4,1124,1,16,4,3,4
2016500100040,1,9,0,17,0,2,0,0,0,0,1,1,6,2,18,4,-1,-1,-1,3,3,3
2016500100040,2,9,0,18,0,1,0,0,0,0,1,1,6,1,24,5,998,1,7,3,1,3
2016500100071,1,5,0,17,0,0,1,0,2,11,4,1,5,1,51,8,1198,1,29,2,2,2
2016500100120,1,2,0,18,0,0,0,0,1,11,1,1,5,1,58,9,49,1,8,8,1,8
2016500100155,1,9,0,1,0,0,0,0,0,0,2,1,1,1,65,9,-1,-1,-1,3,2,3
2016500100155,2,3,0,4,0,0,1,0,1,0,1,1,5,1,19,4,124,1,2,4,3,4
2016500100171,1,9,0,18,0,0,0,0,0,0,1,1,5,1,44,7,1896,2,8,4,1,4
2016500100171,2,9,0,4,0,0,0,0,0,0,2,1,5,1,29,6,1998,1,8,2,1,2
2016500100184,1,9,0,4,0,0,0,0,0,0,1,1,5,1,18,4,1242,1,15,8,2,8
2016500100184,2,9,0,4,0,0,0,0,4,7,2,1,2,2,21,5,1598,1,4,6,1,6
2016500100184,3,9,0,4,0,0,0,0,0,0,2,1,5,1,48,8,1995,2,3,5,1,5
2016500100184,4,9,0,4,0,0,0,0,0,0,2,1,6,2,50,8,1896,2,7,7,1,7
2016500100246,1,5,0,18,0,0,0,0,1,0,1,1,5,1,66,10,1170,1,4,5,1,5
2016500100246,2,9,0,18,0,0,0,0,0,0,1,1,6,3,-1,-1,-1,-1,-1,-1,-1,-1
2016500100261,1,19,0,16,0,5,0,0,0,0,1,1,1,1,26,6,2299,2,4,5,3,5
2016500100261,2,9,0,10,0,1,0,0,0,0,2,1,5,1,68,10,1753,2,13,5,1,5
2016500100261,3,9,0,7,0,1,0,0,0,0,3,1,1,1,57,9,2179,2,1,5,3,5
2016500100265,1,5,0,17,0,0,0,0,0,0,1,1,6,1,29,6,749,1,15,6,1,6
2016500100278,1,9,0,9,0,1,0,0,0,0,0,1,5,1,27,6,1798,8,-1,-1,-1,-1
2016500100278,2,9,0,18,0,1,2,0,0,0,1,1,5,2,27,6,1461,2,4,9,1,9
2016500100307,1,9,0,16,0,0,0,0,0,0,1,1,5,1,77,11,1198,1,6,7,3,7
2016500100307,2,9,0,17,0,0,0,0,0,0,1,1,5,1,57,9,1999,1,12,10,2,10
2016500100313,1,9,0,4,0,0,0,0,0,0,3,1,2,1,49,8,-1,-1,-1,4,3,4
2016500100313,2,9,3,15,0,0,0,0,0,0,4,1,5,2,43,7,4398,7,14,4,2,4
2016500100314,1,9,0,16,0,8,1,0,0,0,1,1,1,1,24,5,1560,2,9,5,1,5
2016500100314,2,9,0,10,0,8,0,0,0,0,2,1,1,2,56,9,-1,-1,-1,6,1,6
2016500100321,1,9,0,18,0,0,5,0,0,0,4,1,6,2,18,4,1699,1,5,6,2,6
2016500100321,2,9,0,2,0,0,0,0,0,0,3,1,5,2,31,6,1997,1,12,6,2,6
2016500100332,1,9,0,4,0,0,0,0,0,0,4,1,6,1,32,6,1796,1,8,3,1,3
2016500100350,1,5,0,5,0,6,0,0,0,0,1,1,2,1,36,7,1063,1,14,3,2,3
2016500100350,2,9,0,18,0,2,0,0,0,0,1,1,6,1,30,6,1422,2,12,3,2,3
2016500100358,1,9,0,18,0,0,1,11,5,6,3,1,5,1,65,9,1969,2,1,-1,-1,-1
2016500100388,1,9,0,9,0,0,0,0,0,0,3,1,6,1,57,9,1686,2,11,5,1,5
2016500100388,2,3,0,17,0,0,0,0,0,0,1,1,2,1,41,7,-1,-1,-1,1,1,1
2016500100400,1,9,0,18,0,0,5,0,0,0,1,1,1,1,52,8,-1,-1,-1,6,2,6
2016500100436,1,9,0,5,0,0,0,0,0,0,1,1,6,1,50,8,1984,1,15,2,1,2
2016500100436,2,9,0,5,0,0,0,0,0,0,2,1,6,1,59,9,1598,1,6,7,1,7
2016500100485,1,9,0,18,0,0,0,0,0,0,2,1,5,2,21,5,1149,1,15,6,3,6
2016500100485,2,9,0,18,0,0,0,0,0,0,1,1,5,2,24,5,998,1,1,3,1,3
2016500100541,1,9,0,18,0,1,1,0,0,0,1,1,1,1,29,6,-1,-1,-1,6,3,6
2016500100541,2,9,0,10,0,1,0,0,0,0,2,1,1,2,25,5,-1,-1,-1,4,3,4
2016500100547,1,9,0,4,0,0,0,0,0,0,0,1,5,1,34,6,1368,1,-1,4,3,4
2016500100547,2,9,0,18,0,0,0,0,0,0,1,1,1,1,47,8,998,1,1,5,3,5
2016500100570,1,9,0,4,0,1,0,0,0,0,3,1,5,2,28,6,1997,2,9,2,1,2
2016500100590,1,9,0,11,0,0,0,0,0,0,4,1,6,2,53,8,1796,1,17,4,3,4
2016500100590,2,9,0,12,0,0,0,0,0,0,3,1,5,1,69,10,1560,2,6,8,1,8
2016500100678,1,5,0,18,0,8,1,10,1,0,1,1,1,1,47,8,1157,1,20,6,1,6
2016500100678,2,9,0,4,0,8,0,0,0,0,1,1,5,1,38,7,1997,2,3,8,1,8
2016500100678,3,9,0,2,0,8,0,0,0,0,1,1,5,1,60,9,3199,1,15,4,2,4
2016500100681,1,9,0,9,0,0,0,0,0,0,3,1,5,2,67,10,1390,1,13,2,2,2
2016500100681,2,3,0,18,0,0,1,0,0,0,1,1,6,1,22,5,124,1,1,2,1,2
2016500100755,1,17,0,18,0,0,0,0,0,0,0,1,5,1,24,5,6788,2,3,6,2,6
2016500100755,2,1,0,18,0,0,0,0,0,0,3,1,5,1,36,7,-1,-1,-1,8,3,8
2016500100756,1,9,0,13,0,0,0,0,0,0,1,1,6,1,61,9,1991,1,14,6,1,6
2016500100756,2,9,0,18,0,0,0,0,0,0,2,1,5,2,47,8,1560,2,2,6,1,6
2016500100777,1,9,0,1,0,0,0,0,0,0,2,1,6,1,19,4,1388,1,13,9,1,9
2016500100777,2,8,0,18,0,0,0,0,0,0,1,1,1,1,62,9,1997,2,8,9,1,9
2016500100794,1,9,0,18,0,0,0,0,0,0,1,1,5,1,69,10,1388,1,12,-1,-1,-1
2016500100794,2,16,0,2,0,0,0,0,0,0,3,1,5,2,22,5,-1,-1,-1,8,1,8
2016500100800,1,9,0,18,0,0,0,0,1,0,1,1,5,1,21,5,1686,2,17,6,1,6
2016500100811,1,9,0,13,0,0,0,0,0,0,1,1,5,1,63,9,5439,1,13,8,1,8
2016500100811,2,21,1,17,0,0,0,0,0,0,1,1,1,1,43,7,12740,2,4,4,1,4
2016500100834,1,9,0,5,0,2,0,0,0,0,1,1,5,1,62,9,1560,2,5,5,1,5
2016500100834,2,9,0,18,0,8,0,0,0,0,1,1,5,1,62,9,1598,1,1,3,1,3
2016500101019,1,9,0,4,0,0,0,0,0,0,2,1,6,2,36,7,1994,1,16,-1,-1,-1
2016500101019,2,9,0,18,0,0,0,0,0,0,1,1,6,1,63,9,1299,1,16,1,1,1
2016500101185,1,3,0,18,0,1,2,0,0,0,1,1,1,1,17,4,-1,-1,-1,2,1,2
2016500101185,2,19,0,9,0,2,0,0,0,0,3,1,1,1,21,5,1753,2,11,4,1,4
2016500101205,1,19,0,18,0,1,0,0,0,0,1,1,1,1,53,8,1248,2,8,7,2,7
2016500101253,1,9,0,5,0,3,0,0,0,0,1,1,6,2,44,7,1995,1,13,5,1,5
2016500101253,2,1,0,5,0,3,0,0,0,0,2,1,2,1,52,8,-1,-1,-1,9,1,9
2016500101254,1,9,0,1,0,2,0,0,0,0,2,1,5,2,58,9,1598,2,1,7,1,7
2016500101254,2,9,0,18,0,2,0,0,0,0,3,1,5,1,34,6,2792,1,19,7,1,7
2016500101302,1,9,0,4,0,0,0,0,0,0,1,1,5,2,20,4,1229,1,1,6,1,6
2016500101302,2,9,0,3,0,0,0,0,0,0,2,1,2,2,26,6,-1,-1,-1,5,2,5
2016500101302,3,9,0,3,0,0,0,0,0,0,2,1,2,2,52,8,1461,2,4,5,1,5
2016500101302,4,9,0,3,0,0,0,0,0,0,2,1,5,1,45,7,1998,1,11,8,2,8
2016500101347,1,9,0,18,0,0,0,0,0,0,1,1,5,1,46,8,1461,2,5,4,2,4
2016500101347,2,9,0,3,0,0,0,0,0,0,1,1,5,1,37,7,999,1,2,-1,-1,-1
2016500101593,1,9,0,17,0,0,0,0,0,0,1,1,5,1,30,6,2171,1,15,7,3,7
2016500101597,1,9,0,5,0,6,0,0,0,0,4,1,5,2,23,5,1598,1,15,3,1,3
2016500101597,2,1,0,18,0,8,0,0,0,0,4,1,5,2,37,7,-1,-1,-1,8,1,8
2016500101600,1,9,0,15,0,0,0,0,0,0,1,1,6,2,62,9,2720,2,9,3,3,3
2016500101600,2,9,0,18,0,0,1,0,1,0,4,1,5,2,47,8,1896,2,15,5,1,5
2016500101604,1,3,0,18,0,4,5,0,0,0,1,1,6,1,38,7,124,1,4,6,1,6
2016500101604,2,9,0,9,0,8,0,0,0,0,1,1,1,2,25,5,1390,1,15,2,1,2
2016500101605,1,19,0,17,0,0,0,0,0,0,1,1,6,1,25,5,1248,2,12,5,3,5
2016500101605,2,9,0,3,0,0,0,0,0,0,2,1,6,2,40,7,1396,1,7,8,1,8
2016500101609,1,9,0,16,0,0,5,0,1,0,4,1,5,1,68,10,1968,2,2,-1,-1,-1
2016500101611,1,9,0,9,0,6,0,0,0,0,3,1,5,2,79,11,1242,1,6,6,3,6