Accident_Index,Vehicle_Reference,Vehicle_Type,Towing_and_Articulation,Vehicle_Manoeuvre,Vehicle_Location-Restricted_Lane,Junction_Location,Skidding_and_Overturning,Hit_Object_in_Carriageway,Vehicle_Leaving_Carriageway,Hit_Object_off_Carriageway,1st_Point_of_Impact,Was_Vehicle_Left_Hand_Drive?,Journey_Purpose_of_Driver,Sex_of_Driver,Age_of_Driver,Age_Band_of_Driver,Engine_Capacity_(CC),Propulsion_Code,Age_of_Vehicle,Driver_IMD_Decile,Driver_Home_Area_Type,Vehicle_IMD_Decile
2016500106682,1,19,0,5,0,4,0,0,0,0,3,1,6,1,54,8,1598,2,-1,4,3,4
2016500106682,2,3,0,17,0,8,0,0,0,0,1,1,6,2,21,5,-1,-1,-1,1,1,1
2016500106732,1,9,0,5,0,1,0,0,0,0,1,1,6,1,-1,-1,1360,1,13,-1,-1,-1
2016500106732,2,9,0,5,0,1,0,0,0,0,2,1,1,1,23,5,1229,1,2,5,2,5
2016500106743,1,1,0,9,0,0,0,0,0,0,4,1,6,1,28,6,-1,-1,-1,7,1,7
2016500106743,2,9,0,18,0,0,0,0,0,0,1,1,6,2,24,5,1390,1,9,7,3,7
2016500106775,1,9,0,4,0,0,0,0,0,0,1,1,5,1,41,7,2179,2,2,4,3,4
2016500106775,2,90,0,4,0,0,0,0,0,0,2,1,5,1,57,9,-1,-1,-1,-1,-1,-1
2016500106803,1,9,0,18,0,4,0,0,0,0,1,1,1,1,34,6,1686,2,5,3,1,3
2016500106803,2,1,0,7,0,8,0,0,0,0,2,1,5,1,39,7,-1,-1,-1,5,1,5
2016500106818,1,9,0,5,0,0,0,0,0,0,1,1,6,2,59,9,1995,2,3,2,1,2
2016500106871,1,9,0,18,0,0,0,0,0,0,1,1,6,2,43,7,1951,2,12,5,3,5
2016500106871,2,9,0,18,0,0,0,0,0,0,2,1,6,1,50,8,1910,2,11,4,2,4
2016500106988,1,20,0,2,0,0,0,0,0,0,3,1,5,1,57,9,-1,-1,-1,1,1,1
2016500106988,2,9,0,18,0,0,0,0,0,0,4,1,5,2,61,9,1560,2,2,1,1,1
2016500107040,1,9,0,18,0,0,0,0,0,0,1,1,6,3,-1,-1,1895,1,16,-1,-1,-1
2016500107057,1,9,0,18,0,2,0,0,0,0,1,1,6,1,57,9,1951,2,10,3,3,3
2016500107140,1,9,0,18,0,0,0,0,0,0,1,1,1,2,35,6,1598,1,8,1,1,1
2016500107156,1,9,0,18,0,1,0,0,0,0,1,1,5,2,39,7,1995,2,8,4,3,4
2016500107156,2,5,0,7,0,1,0,0,0,0,3,1,5,1,69,10,798,1,6,6,2,6
2016500107170,1,9,0,18,0,1,0,0,0,0,4,1,2,1,49,8,1956,2,2,7,1,7
2016500107170,2,9,0,8,0,1,0,0,0,0,1,1,2,2,38,7,1896,2,8,6,1,6
2016500107208,1,9,0,9,0,6,0,0,0,0,1,1,5,1,38,7,1796,1,15,7,1,7
2016500107208,2,1,0,18,0,1,0,0,0,0,1,1,5,1,47,8,-1,-1,-1,3,1,3
2016500107234,1,19,0,18,0,0,0,0,0,0,1,1,6,1,45,7,2402,2,13,5,3,5
2016500107234,2,1,0,18,0,0,0,0,0,0,4,1,2,1,27,6,-1,-1,-1,2,1,2
2016500107239,1,9,0,17,0,0,5,0,7,10,1,1,5,1,23,5,-1,-1,-1,4,1,4
2016500107267,1,9,0,18,0,0,0,0,0,0,1,1,6,2,59,9,2997,1,18,3,2,3
2016500107267,2,9,0,18,0,0,0,0,0,0,2,1,6,2,23,5,1200,1,2,4,3,4
2016500107284,1,19,0,18,0,1,0,0,0,0,1,1,1,1,47,8,2198,2,2,1,1,1
2016500107284,2,9,0,3,0,1,0,0,0,0,2,1,2,1,42,7,-1,-1,-1,8,1,8
2016500107321,1,9,0,18,0,3,0,0,0,0,3,1,6,1,83,11,1596,1,8,7,3,7
2016500107321,2,19,0,9,0,3,0,0,0,0,3,1,6,1,24,5,1560,2,4,2,2,2
2016500107336,1,9,0,18,0,0,5,0,0,0,1,1,5,1,20,4,1781,1,12,7,3,7
2016500107336,2,9,0,18,0,0,0,0,0,0,2,1,5,1,47,8,1242,1,3,5,1,5
2016500107529,1,9,0,18,0,1,0,0,0,0,1,1,6,3,-1,-1,-1,-1,-1,-1,-1,-1
2016500107529,2,9,0,3,0,8,0,0,0,0,2,1,6,2,54,8,1198,1,12,6,3,6
2016500107538,1,9,0,9,0,1,0,0,0,0,3,1,6,1,34,6,2148,2,13,1,1,1
2016500107538,2,5,0,13,0,1,0,0,0,0,1,1,6,1,20,4,645,1,7,1,1,1
2016500107538,3,9,0,2,0,1,0,0,0,0,1,1,6,1,77,11,1339,1,12,1,1,1
2016500107592,1,9,0,10,0,0,0,0,0,0,3,1,6,2,55,8,1999,1,8,9,2,9
2016500107592,2,1,0,18,0,0,0,0,0,0,1,1,6,1,34,6,-1,-1,-1,8,1,8
2016500107607,1,3,0,16,0,0,1,0,7,0,1,1,2,2,30,6,125,1,1,8,1,8
2016500107607,2,9,0,17,0,0,0,0,0,0,1,1,6,1,43,7,1198,1,14,4,2,4
2016500107625,1,9,0,16,0,0,0,0,0,0,1,1,1,1,29,6,2088,2,19,8,3,8
2016500107625,2,9,0,17,0,0,0,0,0,0,1,1,1,1,26,6,-1,-1,-1,10,1,10
2016500107625,3,9,0,16,0,0,0,0,0,0,1,1,1,1,-1,-1,-1,-1,-1,-1,1,-1
2016500107626,1,9,0,17,0,8,2,0,7,10,1,1,5,1,20,4,1994,1,12,1,1,1
2016500107629,1,9,0,11,0,0,0,0,0,0,0,1,1,1,70,10,1968,2,4,4,3,4
2016500107640,1,9,0,18,0,6,0,0,0,0,4,1,1,1,68,10,-1,-1,-1,5,3,5
2016500107640,2,9,0,18,0,8,0,0,0,0,1,1,2,2,43,7,1596,1,14,4,2,4
2016500107659,1,9,0,9,0,1,0,0,0,0,1,1,5,2,42,7,1598,1,10,3,1,3
2016500107659,2,9,0,16,0,1,0,0,0,0,1,1,6,2,51,8,1997,2,12,4,3,4
2016500107659,3,9,0,17,0,1,0,0,0,0,2,1,6,2,52,8,2184,2,5,4,3,4
2016500107667,1,9,0,18,0,0,0,0,0,0,1,1,6,3,-1,-1,-1,-1,-1,-1,-1,-1
2016500107667,2,1,0,18,0,0,0,0,0,0,3,1,2,2,48,8,-1,-1,-1,7,1,7
2016500107677,1,9,0,9,0,6,0,0,0,0,1,1,2,2,34,6,1995,2,4,7,1,7
2016500107677,2,9,0,18,0,1,0,0,0,0,3,1,5,2,26,6,1781,1,14,4,3,4
2016500107685,1,9,0,15,0,1,1,0,7,9,1,1,5,2,28,6,1399,1,9,4,3,4
2016500107685,2,9,0,7,0,5,0,0,0,0,4,1,5,1,53,8,1560,2,6,10,1,10
2016500107698,1,9,0,18,0,0,0,0,7,0,1,1,5,2,56,9,1998,1,14,8,1,8
2016500107698,2,9,0,2,0,0,1,0,0,0,1,1,5,1,50,8,1998,1,5,9,1,9
2016500107698,3,9,0,2,0,0,1,0,0,0,2,1,5,2,39,7,2179,2,4,5,1,5
2016500108035,1,9,0,9,0,8,0,0,0,0,1,1,6,2,77,11,-1,-1,-1,5,3,5
2016500108035,2,1,0,18,0,8,5,0,0,0,1,1,6,1,57,9,-1,-1,-1,4,2,4
2016500108051,1,9,0,16,0,0,0,0,0,0,3,1,5,1,38,7,1341,1,11,5,3,5
2016500108051,2,9,0,16,0,0,0,0,0,0,2,1,5,1,63,9,1796,1,8,5,3,5
2016500108108,1,9,0,16,0,1,1,0,0,0,1,1,5,2,21,5,1198,1,13,4,3,4
2016500108108,2,9,0,17,0,1,1,0,0,0,1,1,5,2,40,7,1997,2,10,7,2,7
2016500108154,1,19,0,12,0,0,0,0,0,0,1,1,6,1,34,6,2198,2,7,6,1,6
2016500108154,2,9,0,11,0,0,0,0,0,0,1,1,5,1,39,7,-1,-1,-1,4,3,4
2016500108191,1,17,0,18,0,0,0,0,0,0,3,1,1,1,18,4,-1,2,7,4,3,4
2016500108203,1,9,0,6,0,2,0,0,0,0,1,1,5,1,35,6,1598,1,12,7,2,7
2016500108203,2,9,0,18,0,1,0,0,0,0,1,1,5,1,47,8,1998,1,14,3,1,3
2016500108204,1,9,0,9,0,5,0,11,0,0,3,1,2,1,66,10,1461,2,-1,2,1,2
2016500108204,2,1,0,18,0,8,0,0,0,0,1,1,6,1,23,5,-1,-1,-1,4,1,4
2016500108226,1,9,0,16,0,0,0,0,1,0,1,1,5,1,65,9,1870,2,9,4,3,4
2016500108226,2,9,0,17,0,0,0,0,0,0,1,1,5,1,53,8,-1,-1,-1,-1,-1,-1
2016500108227,1,9,0,18,0,1,0,0,0,0,1,1,6,3,-1,-1,1395,1,2,-1,-1,-1
2016500108232,1,9,0,16,0,0,0,0,0,0,1,1,5,1,45,7,1560,2,5,1,1,1
2016500108232,2,9,0,17,0,0,1,0,0,0,4,1,5,1,50,8,1461,2,9,4,3,4
2016500108250,1,3,0,16,0,0,1,10,4,2,4,1,5,1,18,4,124,1,10,4,1,4
2016500108276,1,9,0,18,0,4,5,9,0,0,1,1,6,1,29,6,1396,1,13,-1,-1,-1
2016500108290,1,17,4,18,0,0,0,0,0,0,3,1,1,3,-1,-1,-1,-1,-1,-1,-1,-1
2016500108290,2,9,0,3,0,0,0,0,0,0,3,1,5,1,49,8,1598,1,8,5,1,5
2016500108300,1,9,4,18,9,0,0,0,0,0,2,1,5,1,-1,-1,-1,-1,-1,-1,-1,-1
2016500108331,1,19,0,18,0,1,0,0,0,0,1,1,5,1,-1,-1,2402,2,10,6,1,6
2016500108331,2,9,0,3,0,1,0,0,0,0,2,1,5,2,34,6,2000,2,9,6,1,6
2016500108339,1,9,0,9,0,1,0,0,0,0,1,1,6,2,35,6,1868,2,13,9,2,9
2016500108339,2,5,0,18,0,1,0,11,0,0,4,1,6,1,24,5,636,1,-1,3,2,3
2016500108341,1,9,0,2,0,0,0,0,0,0,1,1,6,1,58,9,1560,2,6,7,1,7
2016500108341,2,9,0,18,0,0,5,4,0,0,1,1,5,2,46,8,1896,2,8,4,1,4
2016500108346,1,9,0,17,0,0,1,0,0,0,1,1,5,2,57,9,1598,1,15,3,3,3
2016500108355,1,9,0,18,0,0,0,0,0,0,4,1,6,1,69,10,1968,2,8,6,3,6
2016500108362,1,9,0,4,0,1,0,0,0,0,4,1,5,2,37,7,1968,2,5,8,2,8
2016500108362,2,1,0,15,0,1,0,0,0,0,3,1,5,1,41,7,-1,-1,-1,-1,-1,-1
2016500108374,1,9,0,1,0,0,0,0,0,0,2,1,6,3,-1,-1,-1,-1,-1,-1,-1,-1
2016500108374,2,19,0,2,0,0,0,0,0,0,4,1,5,1,35,6,1997,2,14,10,1,10
2016500108376,1,9,0,18,0,8,0,0,0,0,3,1,1,1,56,9,-1,-1,-1,6,3,6
2016500108376,2,9,0,18,0,8,0,0,0,0,1,1,1,2,26,6,1388,1,11,3,1,3
2016500108401,1,9,0,13,0,0,1,0,4,0,1,1,5,2,20,4,1598,1,8,10,1,10
2016500108401,2,20,1,18,0,0,0,0,0,0,2,1,1,1,48,8,-1,-1,-1,5,1,5
2016500108403,1,9,0,17,0,6,0,0,0,0,1,1,5,1,71,10,1497,8,1,9,1,9
2016500108419,1,19,0,9,0,5,0,0,0,0,1,1,1,1,25,5,2299,2,2,7,3,7
2016500108419,2,3,0,17,0,8,0,0,0,0,3,1,5,1,29,6,124,1,11,7,2,7
2016500108422,1,9,0,4,0,1,0,0,0,0,1,1,6,2,62,9,1596,1,9,10,2,10
2016500108422,2,4,0,3,0,1,0,0,0,0,2,1,2,1,53,8,-1,-1,-1,9,3,9
2016500108437,1,19,0,18,0,0,0,0,0,0,1,1,1,1,27,6,2198,2,2,1,1,1
2016500108437,2,9,0,10,0,0,0,0,0,0,2,1,5,1,18,4,1364,1,10,8,1,8
2016500108437,3,9,0,4,0,0,0,0,1,0,2,1,5,2,57,9,1349,1,3,8,3,8
2016500108437,4,9,0,18,0,0,0,0,0,0,1,1,5,1,65,9,1896,2,10,7,1,7
2016500108438,1,9,0,9,0,5,0,0,0,0,4,1,2,2,32,6,1398,2,7,2,1,2
2016500108438,2,1,0,18,0,8,1,0,0,0,1,1,2,1,40,7,-1,-1,-1,6,1,6
2016500108449,1,3,0,18,0,0,1,0,0,0,1,1,2,2,20,4,124,1,1,8,1,8
2016500108449,2,9,0,18,0,0,0,0,0,0,1,1,5,1,44,7,1248,2,2,5,2,5
2016500108452,1,9,0,18,0,0,0,0,0,0,1,1,5,1,69,10,1587,1,12,7,3,7
2016500108452,2,9,0,18,0,0,0,0,0,0,1,1,1,1,48,8,1686,2,3,-1,-1,-1
2016500108452,3,9,0,18,0,0,0,0,0,0,2,1,1,1,25,5,1686,2,3,-1,-1,-1
2016500108454,1,9,0,16,0,0,0,0,0,0,1,1,5,2,42,7,1995,2,6,4,1,4
2016500108454,2,9,0,17,0,0,1,0,0,0,1,1,1,2,33,6,-1,-1,-1,4,1,4
2016500108457,1,9,0,18,0,0,1,0,0,0,1,1,5,1,26,6,-1,-1,-1,5,1,5
2016500108457,2,9,0,18,0,0,1,0,1,10,1,1,5,1,17,4,1299,1,15,10,2,10
2016500108463,1,9,0,3,0,0,0,0,0,0,2,1,5,2,40,7,1798,1,9,8,3,8
2016500108463,2,9,0,18,0,0,1,0,0,0,1,1,5,2,26,6,1328,1,9,5,2,5
2016500108466,1,9,0,4,0,0,0,0,0,0,2,1,5,2,41,7,1995,2,9,7,1,7
2016500108466,2,9,0,4,0,0,0,0,0,0,1,1,5,1,32,6,2777,2,8,2,1,2
2016500108471,1,9,0,18,0,0,0,0,0,0,4,1,5,1,79,11,1395,1,1,5,3,5
2016500108471,2,9,0,18,0,0,0,0,0,0,3,1,5,1,52,8,2435,1,17,9,1,9
2016500108484,1,97,0,18,0,0,0,11,0,0,4,1,2,1,17,4,-1,-1,-1,7,3,7
2016500108489,1,9,0,16,0,0,5,0,1,0,1,1,5,1,21,5,-1,-1,-1,2,1,2
2016500108495,1,9,0,16,0,0,0,0,0,0,3,1,5,2,39,7,1796,1,16,3,1,3
2016500108500,1,9,0,18,0,1,0,0,0,0,1,1,5,1,21,5,-1,-1,-1,6,3,6
2016500108500,2,9,0,9,0,5,0,0,0,0,2,1,5,1,35,6,1968,2,11,6,1,6
2016500108501,1,9,0,18,0,6,0,0,0,0,4,1,5,2,38,7,-1,-1,-1,3,1,3
2016500108501,2,9,0,18,0,1,0,0,0,0,1,1,5,2,48,8,1798,2,3,4,3,4
2016500108515,1,9,0,7,0,0,0,0,0,0,0,1,6,1,82,11,-1,-1,-1,6,3,6
2016500108515,2,1,0,18,0,0,1,0,0,0,0,1,6,1,21,5,-1,-1,-1,4,1,4
2016500108525,1,9,0,18,0,0,5,0,1,10,1,1,5,1,75,10,1997,2,4,6,2,6
2016500108529,1,9,0,18,0,1,0,0,0,0,1,1,5,1,51,8,-1,-1,-1,-1,-1,-1
2016500108530,1,17,0,7,0,8,5,0,0,0,3,1,1,1,22,5,4500,2,-1,5,2,5
2016500108534,1,9,0,13,0,1,0,0,0,0,3,1,6,1,68,10,1995,2,2,3,1,3
2016500108534,2,9,0,18,0,8,0,0,0,0,3,1,6,1,45,7,1753,2,14,9,1,9
2016500108553,1,9,0,18,0,0,5,0,8,10,3,1,5,1,72,10,1560,2,-1,8,1,8
2016500108565,1,9,0,18,0,0,0,0,0,0,3,1,5,1,23,5,1362,1,4,3,1,3
2016500108572,1,97,0,4,0,1,2,0,0,0,1,1,5,1,25,5,-1,-1,-1,1,1,1
2016500108572,2,9,0,4,0,1,0,0,0,0,2,1,5,2,29,6,1398,1,-1,8,3,8
2016500108578,1,3,0,18,0,0,0,0,0,0,1,1,5,1,32,6,125,1,14,2,1,2
2016500108580,1,97,0,5,0,0,0,0,0,0,1,1,6,3,-1,-1,-1,-1,-1,-1,-1,-1
2016500108580,2,1,0,13,0,0,0,0,0,0,2,1,6,2,31,6,-1,-1,-1,-1,-1,-1
2016500108583,1,17,0,18,0,0,0,11,0,0,4,1,6,1,61,9,1006,2,21,5,3,5
2016500108583,2,9,0,2,0,0,0,0,0,0,3,1,6,1,64,9,1800,1,17,5,3,5
2016500108585,1,97,0,4,0,0,0,0,0,0,1,1,2,1,40,7,-1,-1,-1,3,1,3
2016500108621,1,9,0,17,0,0,0,0,0,0,3,1,5,3,-1,-1,1560,2,-1,-1,-1,-1
2016500108628,1,3,0,18,0,0,1,0,0,0,3,1,6,1,45,7,125,1,8,5,2,5
2016500108649,1,9,0,18,0,0,0,0,0,0,1,1,5,1,77,11,1560,2,9,2,1,2
2016500108649,2,9,0,2,0,0,0,0,0,0,3,1,5,1,50,8,1968,2,4,7,2,7
2016500108649,3,9,0,2,0,0,0,0,8,0,4,1,1,1,67,10,-1,-1,-1,9,3,9
2016500108694,1,9,0,18,0,1,0,0,0,0,1,1,2,2,34,6,1968,2,2,4,3,4
2016500108694,2,9,0,18,0,1,0,0,0,0,2,1,2,1,41,7,1198,1,7,5,3,5
2016500108726,1,9,0,5,0,0,0,0,0,0,4,1,5,1,86,11,1360,1,16,8,2,8
2016500108726,2,9,0,18,0,0,0,0,0,0,4,1,2,2,19,4,1149,1,14,8,2,8
2016500108767,1,9,0,18,0,0,0,0,5,6,3,1,5,1,61,9,1686,2,11,3,1,3
2016500108787,1,19,0,9,0,8,0,0,0,0,1,1,6,1,48,8,2198,2,9,6,1,6
2016500108787,2,9,0,18,0,8,0,0,0,0,3,1,6,2,32,6,1896,2,13,4,1,4
2016500108931,1,9,0,6,0,6,0,0,0,0,3,1,6,1,72,10,1461,2,1,6,3,6
2016500108931,2,97,0,18,0,8,0,0,0,0,1,1,5,1,53,8,1679,1,7,1,1,1
2016500108966,1,9,0,18,0,0,0,0,0,0,1,1,5,1,71,10,1149,1,14,4,1,4
2016500108976,1,9,0,14,0,1,0,0,0,0,1,1,2,2,42,7,1995,1,9,7,3,7
2016500108976,2,9,0,18,0,8,1,0,1,0,3,1,1,1,20,4,1200,1,-1,6,3,6
2016500108976,3,9,0,18,0,8,1,0,1,0,3,1,6,1,37,7,-1,-1,-1,5,1,5
2016500108993,1,9,0,17,0,0,0,0,1,10,1,1,5,1,52,8,1199,1,15,7,3,7
2016500108998,1,9,0,10,0,0,0,0,0,0,2,1,5,2,48,8,1200,1,3,6,1,6
2016500108998,2,9,0,4,0,0,0,0,0,0,2,1,5,2,51,8,-1,-1,-1,7,2,7
2016500108998,3,19,0,17,0,0,0,0,0,0,1,1,1,1,41,7,2198,2,2,5,1,5
2016500109053,1,11,0,18,0,0,0,0,0,0,2,1,1,1,53,8,6700,2,8,-1,-1,-1
2016500109053,2,1,0,18,0,0,0,0,0,0,1,1,6,2,60,9,-1,-1,-1,10,2,10
2016500109058,1,9,0,18,0,2,0,0,0,0,1,1,5,1,26,6,1396,1,16,6,2,6
2016500109058,2,9,0,3,0,2,0,0,0,0,2,1,2,2,21,5,1349,1,7,4,3,4
2016500109062,1,3,0,5,0,4,1,0,0,0,3,1,5,1,61,9,125,1,-1,3,1,3
2016500109069,1,9,0,9,0,6,0,0,0,0,1,1,5,1,35,6,1968,2,9,2,1,2
2016500109069,2,1,0,18,9,1,0,0,0,0,2,1,5,1,50,8,-1,-1,-1,2,1,2
2016500109101,1,5,0,18,0,0,0,0,7,10,1,1,1,1,26,6,645,1,5,3,1,3
2016500109107,1,9,0,18,0,0,0,0,7,0,1,1,6,2,20,4,1560,2,2,7,3,7
2016500109107,2,9,0,4,0,0,0,0,0,0,2,1,6,2,44,7,1796,1,8,2,1,2
2016500109107,3,9,0,18,0,0,5,0,1,0,3,1,6,2,35,6,1398,1,3,8,1,8
2016500109107,4,9,0,10,0,0,0,0,0,0,2,1,6,2,45,7,-1,-1,-1,4,3,4
2016500109110,1,9,0,18,0,0,0,0,0,0,1,1,1,1,30,6,-1,-1,-1,4,1,4
2016500109110,2,9,0,10,0,0,0,0,0,0,2,1,1,1,43,7,1560,2,3,8,1,8
2016500109127,1,9,0,18,0,0,0,0,0,0,1,1,5,1,22,5,-1,-1,-1,2,1,2
2016500109145,1,19,0,4,0,0,0,0,0,0,1,1,1,1,39,7,2188,2,13,3,1,3
2016500109145,2,9,0,4,0,0,0,0,0,0,1,1,5,2,46,8,-1,-1,-1,1,1,1
2016500109151,1,9,0,18,0,0,1,0,0,0,3,1,2,1,19,4,1248,2,9,6,1,6
2016500109151,2,9,0,18,0,0,0,0,0,0,3,1,6,1,56,9,2295,1,15,6,3,6
2016500109172,1,9,0,9,0,0,0,0,0,0,3,1,5,2,68,10,1299,1,10,7,3,7
2016500109172,2,9,0,18,0,0,0,0,0,0,1,1,5,2,45,7,-1,-1,-1,-1,-1,-1
2016500109209,1,9,0,16,0,1,1,0,0,0,3,1,1,2,30,6,-1,-1,-1,4,1,4
2016500109209,2,21,0,17,0,8,0,0,0,0,3,1,1,1,55,8,12777,2,9,5,3,5
2016500109252,1,9,0,10,0,0,0,0,0,0,1,1,1,1,30,6,-1,-1,-1,1,1,1
2016500109252,2,97,0,18,0,0,0,0,0,0,1,1,5,1,53,8,1402,1,12,4,2,4
2016500109488,1,9,0,18,0,8,0,0,0,0,1,1,6,3,-1,-1,1598,1,11,-1,-1,-1
2016500109488,2,9,0,3,0,8,0,0,0,0,2,1,5,2,22,5,1590,1,11,4,1,4
2016500109572,1,3,0,18,0,0,0,0,0,0,1,1,6,1,17,4,113,1,1,6,3,6
2016500109572,2,9,0,4,0,0,0,0,0,0,2,1,6,2,59,9,2494,1,12,7,1,7
2016500109599,1,1,0,13,0,0,2,8,0,0,1,1,1,1,40,7,-1,-1,-1,5,2,5
2016500109599,2,9,0,2,6,0,0,0,0,0,3,1,6,1,41,7,1834,1,15,7,1,7
2016500109604,1,9,0,4,0,4,0,0,0,0,2,1,5,1,32,6,-1,-1,-1,8,1,8
2016500109604,2,9,0,4,0,4,1,0,0,0,1,1,5,2,41,7,1995,2,12,5,3,5
2016500109611,1,5,0,4,0,0,0,0,0,0,1,1,1,1,52,8,600,1,13,4,1,4
2016500109611,2,9,0,4,0,0,0,0,0,0,2,1,1,2,26,6,998,1,5,6,1,6
2016500109611,3,9,0,18,0,0,0,0,0,0,1,1,2,2,29,6,1798,1,9,7,1,7
2016500109611,4,9,0,18,0,0,0,0,0,0,0,1,2,2,26,6,1398,2,12,-1,-1,-1
2016500109637,1,9,0,9,0,5,0,0,0,0,4,1,5,1,73,10,1296,1,10,8,2,8
2016500109637,2,5,0,18,0,1,0,0,0,0,1,1,5,1,59,9,-1,-1,-1,4,3,4
2016500109637,3,9,0,18,0,1,0,0,0,0,3,1,5,1,33,6,1968,2,3,9,1,9
2016500109637,4,9,0,2,0,2,0,0,0,0,3,1,5,1,49,8,1997,2,9,8,2,8
2016500109662,1,9,0,18,0,1,0,0,0,0,4,1,6,1,27,6,-1,-1,-1,4,3,4
2016500109662,2,9,0,5,0,1,0,0,0,0,1,1,6,2,73,10,1598,1,15,6,1,6
2016500109999,1,9,0,17,0,2,1,0,1,1,1,1,5,1,18,4,998,1,-1,7,1,7
2016500110004,1,2,0,3,0,4,0,0,0,0,1,1,5,1,16,4,49,1,1,2,1,2
2016500110004,2,9,0,1,0,4,0,0,0,0,2,1,6,3,-1,-1,-1,-1,-1,-1,-1,-1
2016500110007,1,9,0,18,0,0,0,0,0,0,1,1,5,2,70,10,1198,1,3,2,1,2
2016500110008,1,9,0,18,0,2,5,0,0,0,3,1,5,1,83,11,1248,2,5,8,2,8
2016500110028,1,9,0,9,0,0,0,0,0,0,1,1,5,2,29,6,1997,2,12,4,2,4
2016500110063,1,9,0,18,0,0,5,0,2,0,1,1,6,2,22,5,1242,1,-1,1,1,1
2016500110074,1,3,0,13,0,0,2,0,8,11,1,1,6,1,18,4,124,1,1,6,3,6
2016500110074,2,9,0,18,0,0,0,0,0,0,1,1,6,2,53,8,1796,1,9,9,1,9
2016500110077,1,21,1,18,0,0,1,7,1,6,1,1,1,1,52,8,12900,2,2,6,1,6
2016500110077,2,9,0,18,0,0,5,7,1,7,3,1,5,1,72,10,1332,1,19,3,1,3
2016500110093,1,9,0,5,0,1,0,0,0,0,2,1,5,1,36,7,1798,1,8,2,1,2
2016500110093,2,9,0,5,0,1,0,0,0,0,2,1,5,1,45,7,1596,1,11,5,3,5
2016500110093,3,9,0,18,0,1,0,0,0,0,1,1,5,1,18,4,1149,1,11,3,1,3
2016500110097,1,9,0,7,0,6,0,0,0,0,3,1,5,2,21,5,989,1,15,9,1,9
2016500110097,2,9,0,18,0,1,0,0,0,0,1,1,5,1,75,10,1597,1,5,7,3,7
2016500110106,1,9,0,18,0,0,0,0,0,0,3,1,6,1,29,6,1762,1,18,4,2,4
2016500110106,2,11,0,17,0,0,0,0,0,0,3,1,1,1,53,8,-1,-1,-1,2,1,2
2016500110124,1,5,0,16,0,0,2,0,-1,0,4,1,5,1,45,7,750,1,19,4,3,4
2016500110299,1,9,0,18,0,1,0,0,0,0,1,1,1,1,47,8,-1,-1,-1,5,3,5
2016500110299,2,9,0,5,0,2,0,0,0,0,3,1,5,1,60,9,1968,2,7,8,1,8
2016500110347,1,9,0,2,0,0,0,0,0,0,3,1,6,2,64,9,898,1,1,6,3,6
2016500110347,2,9,0,18,0,0,0,4,0,0,4,1,6,3,-1,-1,-1,-1,-1,-1,-1,-1
2016500110364,1,9,0,17,0,0,0,0,0,0,3,1,5,2,83,11,1596,1,10,8,1,8
2016500110364,2,9,0,16,0,0,0,0,0,0,2,1,5,1,85,11,1390,1,10,4,1,4
2016500110413,1,19,0,12,0,1,0,0,0,0,3,1,6,3,-1,-1,2198,2,1,-1,-1,-1
2016500110413,2,1,0,14,0,1,0,0,0,0,0,1,6,1,21,5,-1,-1,-1,10,1,10
2016500110421,1,9,0,4,0,1,0,0,0,0,1,1,1,1,55,8,-1,-1,-1,6,3,6
2016500110421,2,9,0,18,0,1,0,0,0,0,1,1,5,2,32,6,1461,2,7,8,3,8
2016500110421,3,9,0,4,0,1,0,0,0,0,1,1,5,2,48,8,1896,2,11,6,2,6
2016500110451,1,9,0,14,0,1,0,0,0,0,4,1,5,1,19,4,1299,1,10,3,1,3
2016500110455,1,2,0,4,0,0,1,0,0,0,0,1,2,1,16,4,50,1,2,4,3,4
2016500110457,1,9,0,7,0,6,0,0,0,0,3,1,6,2,46,8,1598,1,13,6,2,6
2016500110457,2,9,0,18,0,8,1,0,0,0,1,1,6,1,21,5,-1,-1,-1,4,3,4
2016500110479,1,9,0,9,0,8,0,0,0,0,4,1,6,1,66,10,1796,1,16,9,2,9
2016500110479,2,9,0,18,0,8,0,0,0,0,1,1,6,1,27,6,-1,-1,-1,4,2,4
2016500110500,1,9,0,18,0,0,1,0,0,0,1,1,6,2,29,6,1997,2,14,8,1,8
2016500110500,2,9,0,18,0,0,0,0,0,0,3,1,6,1,82,11,1968,2,10,7,3,7
2016500110505,1,9,0,18,0,0,0,0,0,0,1,1,6,1,75,10,-1,-1,-1,6,3,6
2016500110505,2,11,0,4,0,0,0,0,0,0,0,1,1,1,46,8,9000,2,6,2,1,2
2016500110514,1,9,0,17,0,0,0,0,0,0,1,1,5,1,33,6,1598,2,-1,7,1,7
2016500110514,2,9,0,16,0,0,0,0,0,0,1,1,5,1,62,9,1998,1,11,5,3,5
2016500110537,1,9,0,4,0,4,0,0,0,0,1,1,6,2,76,11,1339,1,7,9,1,9
2016500110537,2,9,0,5,0,4,0,0,0,0,1,1,6,1,37,7,1461,2,13,3,1,3
2016500110552,1,9,0,18,0,0,1,0,0,0,1,1,5,1,80,11,999,1,4,7,1,7
2016500110552,2,9,0,2,0,0,0,0,0,0,4,1,5,1,-1,-1,2402,2,7,9,1,9