Accident_Index,Vehicle_Reference,Vehicle_Type,Towing_and_Articulation,Vehicle_Manoeuvre,Vehicle_Location-Restricted_Lane,Junction_Location,Skidding_and_Overturning,Hit_Object_in_Carriageway,Vehicle_Leaving_Carriageway,Hit_Object_off_Carriageway,1st_Point_of_Impact,Was_Vehicle_Left_Hand_Drive?,Journey_Purpose_of_Driver,Sex_of_Driver,Age_of_Driver,Age_Band_of_Driver,Engine_Capacity_(CC),Propulsion_Code,Age_of_Vehicle,Driver_IMD_Decile,Driver_Home_Area_Type,Vehicle_IMD_Decile
2016500110556,1,9,0,18,0,0,0,0,0,0,1,1,5,1,20,4,1984,1,15,4,2,4
2016500110568,1,9,0,18,0,0,5,0,1,0,4,1,5,2,18,4,1229,1,9,5,3,5
2016500110597,1,9,0,9,0,1,0,0,0,0,1,1,5,1,20,4,1461,2,4,3,1,3
2016500110619,1,9,0,12,8,0,0,0,0,0,1,1,5,1,73,10,1596,1,2,10,1,10
2016500110619,2,9,0,18,0,0,0,0,7,0,4,1,5,2,49,8,1995,1,12,6,2,6
2016500110625,1,9,0,18,0,0,0,0,0,0,4,1,6,1,25,5,-1,-1,-1,8,2,8
2016500110625,2,1,0,18,0,0,0,0,0,0,4,1,6,2,53,8,-1,-1,-1,1,1,1
2016500110628,1,9,0,16,0,0,0,0,0,0,1,1,5,1,26,6,1395,1,-1,8,1,8
2016500110628,2,9,0,17,0,0,0,0,0,0,1,1,5,1,51,8,1400,2,10,7,3,7
2016500110635,1,9,0,17,0,0,0,0,0,0,1,1,6,1,17,4,1149,1,12,7,2,7
2016500110635,2,3,0,18,0,0,0,0,0,0,3,1,6,1,22,5,125,1,-1,3,3,3
2016500110656,1,9,0,9,0,1,0,0,0,0,1,1,6,2,20,4,1461,2,14,6,3,6
2016500110656,2,9,0,18,0,1,0,0,0,0,2,1,6,2,50,8,1240,1,13,8,3,8
2016500110658,1,1,0,18,0,0,0,0,0,0,1,1,6,1,10,2,-1,-1,-1,5,2,5
2016500110658,2,9,0,18,0,0,1,0,0,0,1,1,6,1,50,8,2495,2,16,5,3,5
2016500110666,1,8,0,1,0,0,0,0,0,0,2,1,1,1,59,9,-1,-1,-1,2,1,2
2016500110691,1,9,0,18,0,8,2,0,2,0,1,1,6,1,17,4,1968,2,10,4,2,4
2016500110706,1,9,0,16,0,0,1,0,0,0,3,1,6,1,51,8,-1,-1,-1,4,1,4
2016500110706,2,9,0,17,0,0,5,0,0,0,3,1,6,1,56,9,1397,1,5,4,1,4
2016500110732,1,5,0,18,0,1,0,0,0,0,1,1,5,1,57,9,850,1,19,6,3,6
2016500110732,2,9,0,9,0,1,0,0,0,0,2,1,5,2,44,7,1560,2,9,5,1,5
2016500110737,1,9,0,16,0,0,0,0,1,0,1,1,6,1,33,6,2495,2,19,7,1,7
2016500110769,1,9,0,4,0,0,1,0,0,0,1,1,1,1,46,8,-1,-1,-1,2,1,2
2016500110769,2,9,0,4,0,0,0,0,0,0,2,1,5,1,57,9,2183,2,5,4,2,4
2016500110769,3,19,0,4,0,0,0,0,0,0,2,1,1,1,34,6,1968,2,2,8,1,8
2016500110769,4,9,0,4,0,0,0,0,0,0,2,1,1,1,44,7,1598,2,1,1,1,1
2016500110777,1,9,0,18,0,1,0,0,0,0,1,1,5,2,23,5,1198,1,13,5,1,5
2016500110804,1,19,0,18,0,8,0,0,0,0,1,1,2,1,30,6,2198,2,1,2,1,2
2016500110804,2,1,0,10,0,6,0,0,0,0,3,1,5,1,23,5,-1,-1,-1,1,1,1
2016500110805,1,9,0,5,0,5,0,0,0,0,3,1,6,1,57,9,998,1,1,5,1,5
2016500110805,2,3,0,18,0,1,0,0,0,0,1,1,6,1,17,4,124,1,-1,7,1,7
2016500110826,1,9,0,18,0,0,0,0,0,0,1,1,5,1,25,5,1390,1,10,9,1,9
2016500110826,2,9,0,3,0,0,0,0,0,0,2,1,5,2,42,7,1364,1,11,7,1,7
2016500110828,1,9,0,4,0,0,0,0,0,0,2,1,6,1,51,8,1596,1,5,6,2,6
2016500110828,2,1,0,18,0,0,1,0,0,0,1,1,6,1,9,2,-1,-1,-1,5,3,5
2016500110831,1,9,0,9,0,8,0,0,0,0,1,1,1,1,26,6,1796,1,6,9,2,9
2016500110831,2,9,0,9,0,8,0,0,0,0,1,1,1,2,48,8,1598,2,5,7,3,7
2016500110846,1,5,0,18,0,0,0,0,0,0,1,1,6,1,31,6,998,1,14,1,1,1
2016500110856,1,9,0,14,0,0,0,0,0,0,4,1,6,2,-1,-1,-1,-1,-1,-1,-1,-1
2016500110860,1,9,0,4,0,0,0,0,0,0,2,1,6,1,53,8,1995,2,10,7,1,7
2016500110860,2,9,0,4,0,0,0,0,0,0,0,1,6,2,28,6,1560,2,7,5,1,5
2016500110860,3,9,0,18,0,0,0,0,0,0,0,1,6,1,70,10,1461,2,1,6,3,6
2016500110860,4,19,0,18,0,0,0,0,0,0,0,1,6,1,-1,-1,1248,2,2,-1,-1,-1
2016500110865,1,9,0,18,0,2,0,0,3,0,1,1,5,2,81,11,1339,1,4,4,1,4
2016500110877,1,9,0,17,8,0,1,0,1,11,2,1,6,2,51,8,1895,1,19,8,1,8
2016500110888,1,9,0,9,0,0,0,0,0,0,1,1,6,1,65,9,1956,2,6,1,1,1
2016500110888,2,9,0,18,0,0,1,0,0,0,1,1,1,1,74,10,-1,-1,-1,-1,-1,-1
2016500110888,3,9,0,8,0,0,0,0,0,0,3,1,6,2,28,6,-1,-1,-1,2,2,2
2016500110891,1,19,0,1,0,0,0,0,0,0,2,1,1,1,39,7,1248,2,3,5,3,5
2016500110934,1,9,0,18,0,0,0,0,1,3,1,1,5,2,64,9,-1,-1,-1,4,3,4
2016500110940,1,9,0,18,0,0,2,0,2,4,1,1,2,2,19,4,1398,1,5,4,2,4
2016500110946,1,9,0,17,0,5,0,0,0,0,1,1,1,1,52,8,1560,2,7,6,1,6
2016500110952,1,9,0,17,0,0,0,0,0,0,1,1,6,1,17,4,998,1,17,8,2,8
2016500110953,1,19,0,18,0,0,0,0,0,0,0,1,6,2,44,7,2143,2,5,1,1,1
2016500110955,1,2,0,18,0,0,5,10,2,0,4,1,5,1,16,4,-1,-1,-1,6,3,6
2016500110956,1,9,0,5,0,0,0,0,0,0,3,1,6,1,40,7,1461,2,7,8,2,8
2016500110956,2,5,0,18,0,0,0,0,0,0,1,1,6,1,25,5,1000,1,16,8,1,8
2016500110974,1,19,0,18,0,1,0,0,1,0,1,1,1,1,32,6,2287,2,1,4,1,4
2016500110974,2,9,0,10,0,1,0,0,0,0,2,1,1,2,48,8,-1,-1,-1,2,1,2
2016500110980,1,9,0,9,0,5,0,0,0,0,4,1,6,2,33,6,1198,1,8,1,1,1
2016500110980,2,1,0,18,0,1,0,0,0,0,1,1,6,1,54,8,-1,-1,-1,6,3,6
2016500111190,1,9,0,18,0,3,0,0,0,0,3,1,6,3,-1,-1,-1,-1,-1,-1,-1,-1
2016500111190,2,9,0,18,0,1,0,0,0,0,3,1,6,2,60,9,1348,1,16,3,1,3
2016500111199,1,9,0,18,0,0,0,0,0,0,1,1,6,1,46,8,698,1,12,1,1,1
2016500111199,2,9,0,3,0,0,0,0,0,0,2,1,5,2,37,7,2149,2,9,8,1,8
2016500111216,1,9,0,18,0,0,0,0,0,0,4,1,6,1,81,11,1560,2,6,6,3,6
2016500111216,2,9,0,2,0,0,0,0,0,0,4,1,5,2,25,5,2000,2,12,6,3,6
2016500111247,1,9,0,18,7,0,0,0,3,0,1,1,5,2,77,11,-1,-1,-1,-1,-1,-1
2016500111265,1,9,3,18,0,0,2,0,1,0,1,1,5,1,71,10,1968,2,7,9,2,9
2016500111265,2,5,0,18,0,0,0,0,0,0,0,1,5,1,49,8,600,1,23,9,1,9
2016500111267,1,5,0,16,0,0,1,0,7,9,0,1,6,1,50,8,1188,1,20,3,1,3
2016500111270,1,9,0,16,0,0,2,10,1,0,4,1,5,1,72,10,2497,2,9,7,2,7
2016500111318,1,9,0,10,0,1,0,10,0,0,1,1,5,1,74,10,1560,2,11,5,2,5
2016500111332,1,9,0,9,0,8,0,0,0,0,0,1,5,1,80,11,1781,1,14,-1,-1,-1
2016500111332,2,9,0,18,0,1,0,0,0,0,0,1,5,2,65,9,2198,1,15,-1,-1,-1
2016500111388,1,9,0,18,0,1,0,0,0,0,1,1,6,3,-1,-1,-1,-1,-1,-1,-1,-1
2016500111389,1,9,0,17,0,0,5,0,2,0,1,1,5,1,63,9,1298,1,16,6,3,6
2016500111392,1,3,0,9,0,5,0,0,0,0,3,1,5,1,17,4,124,1,1,7,1,7
2016500111392,2,9,0,17,0,1,0,0,0,0,1,1,5,1,26,6,1796,1,18,5,1,5
2016500111398,1,9,0,18,0,5,1,0,7,10,4,1,5,1,21,5,1896,2,17,6,1,6
2016500111398,2,21,0,18,0,5,2,0,7,0,3,1,1,1,49,8,-1,-1,-1,7,1,7
2016500111401,1,9,0,18,0,8,0,0,3,0,0,1,6,1,34,6,1896,2,11,3,1,3
2016500111401,2,9,0,18,0,1,0,0,0,0,0,1,1,1,42,7,2993,2,-1,5,1,5
2016500111404,1,9,0,10,0,0,0,0,0,0,2,1,3,2,53,8,1398,2,11,8,3,8
2016500111404,2,11,0,18,0,0,1,0,0,0,1,1,5,1,45,7,-1,2,18,-1,-1,-1
2016500111458,1,9,0,9,0,1,0,0,0,0,3,1,1,1,51,8,1997,2,5,10,2,10
2016500111458,2,1,0,18,0,1,0,0,0,0,1,1,6,1,48,8,-1,-1,-1,8,2,8
2016500111471,1,9,0,9,0,6,0,0,0,0,3,1,6,2,74,10,2148,2,12,10,1,10
2016500111471,2,1,0,18,0,1,0,0,0,0,3,1,6,1,25,5,-1,-1,-1,6,2,6
2016500111494,1,9,0,18,0,0,1,0,1,0,1,1,6,1,31,6,1527,2,19,-1,-1,-1
2016500111494,2,9,0,18,0,0,0,0,0,0,1,1,6,1,45,7,1796,1,4,2,1,2
2016500111494,3,9,0,18,0,0,0,0,1,0,1,1,6,1,31,6,-1,-1,-1,1,1,1
2016500111495,1,9,0,18,0,0,0,0,0,0,1,1,6,1,36,7,1461,2,6,9,1,9
2016500111495,2,9,0,18,0,0,0,0,0,0,1,1,6,2,30,6,1124,1,19,10,1,10
2016500111524,1,9,0,17,0,0,0,0,0,0,3,1,6,3,-1,-1,-1,-1,-1,-1,-1,-1
2016500111524,2,9,0,16,0,0,0,0,0,0,3,1,5,2,23,5,1753,2,13,4,1,4
2016500111525,1,9,0,9,0,2,0,0,0,0,1,1,5,2,37,7,1242,1,2,5,1,5
2016500111525,2,9,0,18,0,2,0,0,0,0,4,1,5,2,25,5,1587,1,9,4,1,4
2016500111562,1,9,0,4,0,1,1,0,0,0,1,1,2,1,21,5,2494,1,15,9,1,9
2016500111562,2,9,0,3,0,1,0,0,0,0,2,1,2,1,36,7,2143,2,2,6,1,6
2016500111577,1,9,0,4,0,0,1,0,0,0,1,1,5,1,74,10,-1,-1,-1,6,2,6
2016500111577,2,9,0,4,0,0,0,0,0,0,2,1,5,1,66,10,998,1,2,8,2,8
2016500111577,3,9,0,3,0,0,0,0,0,0,2,1,5,2,60,9,1991,2,8,6,3,6
2016500111577,4,9,0,3,0,0,0,0,0,0,2,1,5,2,55,8,1600,1,5,7,2,7
2016500111605,1,19,0,3,0,1,0,0,0,0,1,1,1,1,42,7,1995,2,3,3,1,3
2016500111605,2,4,0,5,0,1,0,0,0,0,2,1,2,1,59,9,299,1,-1,3,1,3
2016500111627,1,9,0,4,0,8,0,0,0,0,1,1,5,2,18,4,-1,-1,-1,7,1,7
2016500111627,2,9,0,5,0,8,0,0,0,0,2,1,5,1,72,10,1991,2,8,9,1,9
2016500111842,1,19,0,18,0,0,0,0,0,0,1,1,1,1,26,6,2198,2,-1,7,2,7
2016500111842,2,9,0,18,0,0,0,0,0,0,1,1,1,2,49,8,1995,2,3,2,1,2
2016500111879,1,9,0,18,0,0,0,0,7,0,1,1,5,1,63,9,1598,1,13,5,2,5
2016500111879,2,9,0,18,0,0,0,0,1,0,3,1,5,1,28,6,1994,1,10,2,1,2
2016500111879,3,9,0,18,0,0,0,0,0,0,1,1,5,1,67,10,998,1,1,3,1,3
2016500111890,1,9,0,18,0,1,0,0,0,0,0,1,6,1,58,9,1997,2,3,7,1,7
2016500111890,2,11,0,18,0,1,0,0,0,0,0,1,1,2,37,7,4580,2,7,3,1,3
2016500111894,1,9,0,9,0,8,0,0,0,0,4,1,5,2,23,5,1461,2,6,9,2,9
2016500111894,2,9,0,18,0,8,0,0,0,0,1,1,5,2,22,5,-1,-1,-1,8,3,8
2016500111894,3,9,0,4,0,1,0,0,0,0,1,1,1,1,51,8,1242,1,16,-1,-1,-1
2016500111909,1,9,0,18,0,0,0,0,0,0,1,1,6,3,-1,-1,-1,-1,-1,-1,-1,-1
2016500111912,1,9,0,18,0,0,0,0,0,0,1,1,5,1,64,9,1598,2,-1,-1,-1,-1
2016500111921,1,9,0,18,0,0,0,0,0,0,4,1,5,2,56,9,1364,2,9,4,3,4
2016500111921,2,9,0,18,0,0,0,0,0,0,1,1,5,2,29,6,1598,1,12,8,1,8
2016500111931,1,9,0,18,0,0,0,0,0,0,4,1,6,3,-1,-1,-1,-1,-1,-1,-1,-1
2016500111933,1,9,0,1,0,0,0,0,0,0,3,1,6,2,22,5,1598,1,10,3,1,3
2016500111933,2,9,0,3,0,0,0,0,0,0,3,1,6,2,58,9,1968,2,3,3,1,3
2016500111937,1,9,0,18,0,0,0,0,0,0,1,1,5,1,91,11,1332,1,11,3,2,3
2016500111937,2,9,0,18,0,0,0,0,0,0,1,1,5,2,72,10,1598,1,7,6,2,6
2016500111938,1,9,0,3,0,0,0,0,0,0,2,1,5,1,51,8,1389,1,20,4,1,4
2016500111938,2,9,0,18,0,0,0,0,0,0,1,1,5,3,-1,-1,2664,2,15,-1,-1,-1
2016500111976,1,1,0,18,0,3,0,0,0,0,1,1,2,1,36,7,-1,-1,-1,9,1,9
2016500111976,2,9,0,9,0,4,0,0,0,0,3,1,5,1,70,10,1596,1,7,4,3,4
2016500111978,1,11,0,1,0,0,0,0,0,0,2,1,1,1,47,8,4500,2,9,4,3,4
2016500111978,2,3,0,3,0,0,0,0,0,0,1,1,2,2,51,8,108,1,-1,5,3,5
2016500112025,1,9,0,18,0,0,0,0,0,0,1,1,2,1,35,6,-1,-1,-1,4,1,4
2016500112025,2,9,0,3,0,0,0,0,0,0,2,1,3,2,50,8,1198,1,-1,5,3,5
2016500112113,1,9,0,1,0,5,0,10,0,0,2,1,5,1,75,10,-1,-1,-1,8,2,8
2016500112115,1,9,0,9,0,5,0,0,0,0,4,1,5,2,75,10,1339,1,10,3,1,3
2016500112115,2,9,0,18,0,1,0,0,0,0,1,1,5,2,31,6,998,1,17,7,1,7
2016500112131,1,9,0,4,0,0,1,0,2,0,1,1,6,1,73,10,1896,2,15,4,2,4
2016500112131,2,9,0,3,0,0,0,0,0,0,2,1,6,1,55,8,1248,1,-1,-1,-1,-1
2016500112131,3,9,0,3,0,0,0,0,0,0,0,1,6,1,29,6,-1,-1,-1,3,2,3
2016500112131,4,9,0,3,0,0,0,0,0,0,0,1,6,1,30,6,-1,-1,-1,5,3,5
2016500112177,1,9,0,1,0,1,0,0,0,0,2,1,6,1,18,4,-1,-1,-1,-1,-1,-1
2016500112177,2,9,0,3,0,1,0,0,0,0,1,1,1,1,45,7,1999,1,4,-1,-1,-1
2016500112177,3,9,0,18,0,1,0,0,0,0,1,1,1,1,35,6,2993,2,2,-1,-1,-1
2016500112222,1,9,0,4,0,1,0,10,7,2,1,1,6,1,75,10,1587,1,12,8,1,8
2016500112236,1,21,1,18,0,0,0,0,0,0,4,1,1,1,64,9,12777,2,7,8,3,8
2016500112246,1,9,0,18,0,0,5,0,2,10,1,1,6,1,56,9,1596,1,9,6,2,6
2016500112275,1,9,0,10,0,5,0,0,0,0,2,1,6,3,-1,-1,-1,-1,-1,-1,-1,-1
2016500112275,2,2,0,18,0,1,0,0,0,0,1,1,5,1,17,4,49,1,4,4,1,4
2016500112359,1,9,0,18,0,1,0,0,0,0,1,1,6,2,83,11,1149,1,6,4,3,4
2016500112359,2,9,0,18,0,1,0,0,0,0,3,1,6,1,51,8,2231,2,10,5,2,5
2016500112360,1,9,0,17,0,0,0,0,0,0,1,1,6,1,23,5,-1,-1,-1,6,1,6
2016500112360,2,9,0,3,0,0,0,0,0,0,0,1,6,2,33,6,1587,1,12,4,1,4
2016500112371,1,11,0,17,0,0,0,0,0,0,1,1,1,1,64,9,3900,2,14,7,1,7
2016500112376,1,9,0,17,0,0,0,0,0,0,3,1,5,1,59,9,1386,1,4,4,3,4
2016500112376,2,9,0,16,0,0,1,0,0,0,3,1,5,1,70,10,1560,2,9,5,1,5
2016500112406,1,9,0,18,0,0,1,0,0,0,1,1,6,1,40,7,-1,-1,-1,5,3,5
2016500112406,2,9,0,18,0,0,1,0,0,0,1,1,6,1,76,11,1560,2,4,10,1,10
2016500112409,1,9,0,18,0,1,0,0,0,0,1,1,2,1,19,4,999,1,4,6,1,6
2016500112414,1,9,0,3,0,1,0,0,0,0,1,1,5,2,26,6,1349,1,6,1,1,1
2016500112414,2,9,0,3,0,1,0,0,0,0,2,1,5,2,81,11,1339,1,13,6,1,6
2016500112414,3,9,0,3,0,1,0,0,0,0,2,1,5,1,44,7,1560,2,2,1,1,1
2016500112435,1,20,0,18,0,0,0,0,7,0,1,1,1,1,28,6,5193,2,5,5,3,5
2016500112435,2,9,0,18,0,0,0,0,0,0,3,1,5,1,46,8,1997,1,10,2,1,2
2016500112435,3,19,0,18,0,0,0,0,0,0,3,1,1,1,38,7,1995,2,6,4,2,4
2016500112435,4,9,0,18,0,0,0,0,0,0,3,1,5,2,77,11,998,1,3,7,1,7
2016500112444,1,9,0,18,0,1,0,0,0,0,1,1,6,1,-1,-1,1339,1,14,10,1,10
2016500112444,2,9,0,9,0,6,0,0,0,0,1,1,5,1,79,11,1397,1,7,8,2,8
2016500112521,1,9,0,5,0,0,0,0,1,0,4,1,5,1,66,10,1988,1,21,3,1,3
2016500112521,2,9,0,2,0,0,0,0,0,0,4,1,5,1,-1,-1,1997,1,11,3,1,3
2016500112574,1,11,0,5,0,0,0,0,0,0,0,1,1,1,58,9,6370,2,9,2,1,2
2016500112606,1,11,0,11,2,0,0,0,0,0,1,1,1,1,69,10,3900,2,10,3,1,3
2016500112606,2,1,0,18,2,0,0,0,0,0,1,1,2,2,46,8,-1,-1,-1,9,2,9
2016500112650,1,9,0,16,0,0,0,0,0,0,1,1,6,1,40,7,1595,1,16,7,2,7
2016500112650,2,21,0,18,0,0,0,0,0,0,1,1,1,1,46,8,10837,2,2,3,1,3
2016500112719,1,9,0,18,0,1,0,0,0,0,1,1,6,1,91,11,1329,1,7,4,1,4
2016500112719,2,9,0,18,0,1,0,0,0,0,1,1,6,1,48,8,1995,2,2,4,3,4
2016500112806,1,9,0,16,0,0,1,0,1,0,1,1,6,3,-1,-1,1796,1,13,-1,-1,-1
2016500112820,1,9,0,1,0,0,0,4,0,0,4,1,5,2,71,10,1994,1,12,10,1,10
2016500112820,2,9,0,2,0,0,0,0,0,0,1,1,5,2,33,6,1997,2,12,10,1,10
2016500112820,3,9,0,2,0,0,0,0,0,0,1,1,5,1,52,8,-1,-1,-1,10,1,10
2016500112857,1,19,0,9,0,8,0,0,0,0,3,1,1,1,43,7,2198,2,-1,5,3,5
2016500112880,1,9,0,18,0,0,2,0,1,0,1,1,5,1,33,6,2148,2,12,4,3,4
2016500112913,1,9,0,1,0,8,0,11,0,0,2,1,5,1,37,7,1998,2,12,8,3,8
2016500112917,1,9,0,18,0,0,0,0,7,0,1,1,6,1,-1,-1,-1,-1,-1,-1,-1,-1
2016500112947,1,9,0,18,0,0,1,0,7,0,1,1,5,1,25,5,1686,2,13,8,1,8
2016500112964,1,9,0,9,0,6,0,0,0,0,3,1,6,2,37,7,1461,2,2,7,3,7
2016500112964,2,5,0,18,0,1,0,0,0,0,1,1,6,1,44,7,984,1,13,6,2,6
2016500112971,1,9,0,18,0,1,1,0,0,0,1,1,2,2,44,7,1868,2,18,9,2,9
2016500112971,2,9,0,4,0,2,0,0,0,0,1,1,6,2,41,7,1896,2,14,6,3,6
2016500112997,1,9,0,18,0,0,0,0,1,1,1,1,6,1,32,6,1991,2,7,1,1,1
2016500113013,1,9,0,18,0,0,0,0,0,0,1,1,6,2,29,6,1397,1,16,3,1,3
2016500113049,1,9,0,17,0,0,0,0,0,0,3,1,1,1,25,5,1390,1,15,3,1,3
2016500113049,2,9,0,2,0,0,0,0,0,0,3,1,1,1,69,10,1896,2,7,9,1,9
2016500113067,1,1,0,18,0,1,0,0,0,0,1,1,5,2,21,5,-1,-1,-1,2,1,2
2016500113067,2,9,0,9,0,6,0,0,0,0,3,1,5,2,81,11,1390,1,15,3,1,3
2016500113098,1,19,0,4,0,8,0,0,0,0,1,1,1,1,32,6,2198,2,2,4,1,4
2016500113098,2,3,0,18,0,8,1,0,0,0,1,1,6,1,31,6,125,1,1,1,1,1
2016500113174,1,9,0,18,0,0,1,0,0,0,1,1,6,2,22,5,999,1,2,7,3,7
2016500113174,2,9,0,18,0,0,1,0,0,0,1,1,6,1,65,9,1560,2,11,4,2,4
2016500113174,3,9,0,18,0,0,1,0,0,0,2,1,6,2,19,4,1398,2,8,4,3,4
2016500113174,4,9,0,18,0,0,2,0,0,0,3,1,6,1,34,6,-1,-1,-1,10,3,10
2016500113227,1,9,0,9,0,8,0,0,0,0,4,1,1,2,47,8,2148,2,8,10,1,10
2016500113227,2,9,0,18,0,8,0,0,0,0,1,1,5,1,19,4,1248,2,7,6,3,6
2016500113238,1,9,0,18,0,0,0,0,1,11,1,1,1,1,64,9,-1,-1,-1,-1,-1,-1
2016500113240,1,9,0,16,0,0,0,0,0,0,1,1,5,1,61,9,1061,1,13,3,2,3
2016500113240,2,9,0,17,0,0,0,0,1,0,4,1,5,1,62,9,1896,2,7,10,2,10
2016500113262,1,9,0,13,0,0,1,0,0,0,1,1,5,1,31,6,-1,-1,-1,5,3,5
2016500113262,2,19,0,18,0,0,0,0,0,0,1,1,5,1,31,6,1896,2,11,9,1,9
2016500113269,1,9,0,16,0,0,5,0,7,0,1,1,6,1,23,5,-1,-1,-1,3,2,3
2016500113315,1,9,0,18,0,3,0,0,7,1,4,1,5,1,48,8,1240,1,11,7,2,7
2016500113315,2,9,0,18,0,4,0,0,1,1,1,1,5,2,36,7,1598,1,8,7,1,7
2016500113404,1,9,0,18,0,0,2,0,1,4,1,1,1,1,18,4,2982,2,2,7,1,7
2016500113404,2,9,0,18,0,0,1,0,4,6,2,1,6,1,72,10,1968,2,11,7,3,7
2016500113406,1,9,0,16,0,0,0,0,8,0,1,1,5,1,19,4,-1,-1,-1,5,3,5
2016500113412,1,9,0,18,0,0,0,0,0,0,0,1,6,1,-1,-1,-1,-1,-1,-1,-1,-1
2016500113412,2,9,0,3,0,0,0,0,0,0,3,1,5,2,55,8,1198,1,10,4,3,4
2016500113439,1,9,0,18,0,8,5,0,0,0,4,1,5,1,83,11,1398,2,2,4,3,4
2016500113439,2,9,0,18,0,8,0,0,0,0,3,1,5,2,23,5,1229,1,8,8,1,8
2016500113451,1,9,0,9,0,2,0,0,0,0,1,1,6,2,38,7,-1,-1,-1,5,3,5
2016500113519,1,11,0,4,0,1,0,0,0,0,1,1,1,1,59,9,4250,2,12,1,1,1
2016500113519,2,1,0,18,0,1,0,0,0,0,1,1,5,1,33,6,-1,-1,-1,-1,-1,-1
2016500113539,1,17,1,18,0,0,1,0,0,0,3,1,1,1,43,7,-1,-1,-1,6,1,6
2016500113539,2,9,0,18,0,0,0,0,1,0,1,1,5,1,48,8,1896,2,13,7,2,7
2016500113576,1,9,0,18,0,0,0,11,0,0,1,1,6,2,50,8,1968,2,9,6,2,6
2016500113576,2,9,0,18,0,0,5,-1,0,0,2,1,6,1,69,10,1493,2,9,6,2,6
2016500113664,1,9,0,17,0,0,5,0,0,0,3,1,6,2,18,4,1360,1,11,8,3,8
2016500113671,1,9,0,17,0,0,1,0,2,0,1,1,6,1,65,9,1998,1,13,6,2,6
2016500113671,2,9,0,18,0,0,0,0,0,0,3,1,6,2,34,6,-1,-1,-1,5,3,5
2016500113676,1,9,0,9,0,8,0,0,0,0,4,1,5,1,79,11,2401,2,14,-1,-1,-1
2016500113676,2,9,0,4,0,1,0,0,0,0,1,1,5,2,36,7,1598,1,14,4,3,4
2016500113696,1,9,0,9,0,0,0,0,0,0,3,1,5,1,47,8,2985,2,11,8,1,8
2016500113696,2,9,0,18,0,0,0,0,0,0,1,1,5,1,90,11,1560,2,10,4,3,4
2016500113712,1,9,0,18,0,0,0,0,0,0,1,1,6,2,40,7,1461,2,14,-1,-1,-1
2016500113712,2,9,0,9,0,0,0,0,0,0,1,1,6,2,81,11,1329,1,4,7,1,7
2016500113736,1,9,0,16,0,2,5,0,1,0,1,1,5,1,17,4,998,1,12,5,3,5
2016500113736,2,9,0,17,0,1,0,0,0,0,1,1,5,2,50,8,1769,1,16,8,2,8
2016500113738,1,9,0,17,0,2,5,0,2,10,1,1,5,1,51,8,-1,-1,-1,4,1,4
2016500113740,1,9,0,18,0,1,1,0,0,0,1,1,5,1,19,4,1461,2,12,3,3,3
2016500113740,2,9,0,9,0,1,0,0,1,0,3,1,5,1,43,7,1422,2,8,3,3,3
2016500113855,1,21,0,18,0,0,0,0,0,0,1,1,1,1,36,7,-1,-1,-1,-1,-1,-1
2016500113855,2,9,0,2,0,0,0,11,1,0,2,1,6,2,44,7,2497,2,30,4,3,4
2016500113859,1,9,0,5,0,1,0,0,1,0,1,1,6,1,17,4,2400,2,7,2,1,2
2016500113859,2,9,0,9,0,1,0,0,1,0,4,1,6,1,42,7,1299,1,16,4,2,4
2016500113859,3,9,0,2,0,1,0,0,0,0,1,1,6,2,35,6,2149,2,9,3,1,3
2016500113899,1,9,0,9,0,1,0,4,0,0,3,1,6,1,75,10,1597,2,1,4,3,4
2016500113899,2,9,0,10,0,2,0,0,0,0,4,1,1,2,46,8,1968,2,2,4,2,4
2016500113900,1,9,0,18,0,0,5,0,0,0,1,1,6,1,81,11,2993,2,10,4,3,4
2016500113900,2,9,0,2,0,0,0,0,1,0,2,1,6,2,57,9,1318,1,1,5,3,5
2016500113911,1,9,0,5,0,6,0,0,0,0,3,1,5,1,81,11,1796,1,12,6,2,6
2016500113911,2,9,0,18,0,1,0,0,0,0,1,1,6,1,23,5,1839,1,21,5,3,5
2016500113926,1,9,0,18,0,0,1,0,0,0,1,1,2,1,25,5,1388,1,13,5,1,5
2016500113926,2,9,0,3,0,0,0,0,0,0,1,1,5,1,68,10,1995,2,15,7,2,7
2016500113941,1,17,4,5,0,6,0,0,0,0,1,1,1,1,21,5,-1,2,16,4,3,4
2016500113941,2,9,0,18,0,1,0,0,0,0,4,1,5,2,20,4,1240,1,11,4,3,4
2016500113982,1,9,0,5,0,8,0,0,1,0,1,1,6,1,80,11,1360,1,15,5,3,5
2016500113982,2,9,0,18,0,1,0,0,1,0,3,1,6,1,63,9,-1,-1,-1,4,2,4
2016500114018,1,9,0,1,0,0,0,0,0,0,2,1,6,1,48,8,-1,-1,-1,1,1,1
2016500114038,1,9,0,7,0,6,0,0,0,0,1,1,6,1,70,10,2664,2,14,4,1,4
2016500114038,2,9,0,18,0,8,0,0,0,0,4,1,6,2,59,9,1598,1,12,5,1,5