Accident_Index,Vehicle_Reference,Vehicle_Type,Towing_and_Articulation,Vehicle_Manoeuvre,Vehicle_Location-Restricted_Lane,Junction_Location,Skidding_and_Overturning,Hit_Object_in_Carriageway,Vehicle_Leaving_Carriageway,Hit_Object_off_Carriageway,1st_Point_of_Impact,Was_Vehicle_Left_Hand_Drive?,Journey_Purpose_of_Driver,Sex_of_Driver,Age_of_Driver,Age_Band_of_Driver,Engine_Capacity_(CC),Propulsion_Code,Age_of_Vehicle,Driver_IMD_Decile,Driver_Home_Area_Type,Vehicle_IMD_Decile
2016500120886,2,9,0,18,0,0,0,0,0,0,1,1,5,1,36,7,1753,2,6,4,2,4
2016500120904,1,21,1,9,0,8,0,0,0,0,1,1,6,1,42,7,12777,2,-1,2,1,2
2016500120904,2,9,0,18,0,8,0,0,1,0,3,1,2,2,59,9,1997,2,11,7,2,7
2016500120936,1,19,0,18,0,0,1,0,2,10,1,1,5,1,22,5,1900,2,15,5,2,5
2016500120936,2,21,1,18,0,0,0,0,0,0,3,1,1,1,44,7,12740,2,-1,5,3,5
2016500121149,1,9,0,3,0,0,0,0,0,0,1,1,5,2,37,7,1686,2,13,5,2,5
2016500121149,2,9,0,18,0,0,0,0,1,0,1,1,1,1,32,6,-1,-1,-1,7,1,7
2016500121166,1,9,0,18,0,8,0,0,3,11,1,1,6,1,25,5,2494,1,16,-1,-1,-1
2016500121204,1,9,0,16,0,0,5,0,2,0,1,1,2,2,35,6,1796,1,11,4,3,4
2016500121220,1,9,0,9,0,1,0,0,0,0,1,1,5,2,61,9,-1,-1,-1,-1,-1,-1
2016500121220,2,3,0,18,0,1,1,0,0,0,1,1,5,1,20,4,125,1,-1,4,2,4
2016500121250,1,9,0,18,0,8,0,0,0,0,1,1,5,2,31,6,1360,1,10,4,3,4
2016500121250,2,19,0,9,0,8,0,0,0,0,3,1,5,1,55,8,2148,2,10,6,3,6
2016500121251,1,9,0,17,0,0,1,0,1,0,0,1,6,1,43,7,1299,1,16,4,3,4
2016500121260,1,9,0,18,0,1,5,0,0,0,1,1,6,1,25,5,1896,2,13,9,1,9
2016500121285,1,9,0,9,0,8,0,0,0,0,3,1,6,1,29,6,1124,1,18,2,2,2
2016500121285,2,5,0,18,0,1,1,0,0,0,1,1,6,1,45,7,749,1,22,4,3,4
2016500121294,1,19,0,18,0,0,0,0,0,0,0,1,1,2,51,8,2198,2,1,5,1,5
2016500121308,1,9,0,17,0,0,0,0,0,0,1,1,5,1,39,7,1398,1,6,4,3,4
2016500121308,2,9,0,16,0,0,0,0,0,0,1,1,5,1,65,9,1968,2,7,6,1,6
2016500121322,1,9,0,18,0,3,0,0,0,0,1,1,6,2,42,7,987,1,25,1,1,1
2016500121322,2,3,0,18,0,4,0,0,0,0,1,1,5,1,17,4,125,1,2,6,3,6
2016500121361,1,9,0,3,0,4,0,0,0,0,3,1,6,1,29,6,2198,1,10,2,1,2
2016500121361,2,1,0,18,0,4,0,0,0,0,1,1,5,1,58,9,-1,-1,-1,5,1,5
2016500121369,1,9,0,9,0,8,0,0,0,0,1,1,5,1,23,5,1560,2,-1,2,1,2
2016500121369,2,9,0,18,0,8,1,0,0,0,4,1,5,1,24,5,1242,1,3,5,3,5
2016500121369,3,19,0,2,0,8,0,0,1,0,3,1,5,1,28,6,1998,2,13,8,2,8
2016500121369,4,9,0,2,0,8,0,0,0,0,3,1,5,1,39,7,1896,2,7,5,2,5
2016500121391,1,9,0,3,0,8,0,0,0,0,2,1,5,1,24,5,1197,1,1,1,1,1
2016500121391,2,9,0,18,0,8,0,0,0,0,1,1,6,1,47,8,2497,2,21,3,1,3
2016500121427,1,3,0,13,0,1,0,0,0,0,1,1,2,1,21,5,125,1,-1,2,2,2
2016500121427,2,9,0,9,0,5,0,0,0,0,3,1,2,2,50,8,1997,2,9,2,1,2
2016500121437,1,9,0,18,0,8,0,0,0,0,1,1,6,2,29,6,1870,2,8,7,1,7
2016500121437,2,9,0,10,0,1,0,0,0,0,2,1,6,2,48,8,1360,1,12,1,1,1
2016500121509,1,9,0,4,0,1,0,0,0,0,2,1,5,1,64,9,1461,2,5,6,3,6
2016500121509,2,1,0,18,0,1,0,0,0,0,1,1,6,1,37,7,-1,-1,-1,1,1,1
2016500121567,1,9,0,13,0,1,0,0,0,0,4,1,6,3,31,6,-1,-1,-1,6,1,6
2016500121567,2,1,0,18,0,1,0,0,0,0,3,1,6,2,60,9,-1,-1,-1,8,1,8
2016500121672,1,9,0,16,0,0,5,0,1,0,1,1,6,1,17,4,998,1,17,4,3,4
2016500121681,1,9,0,18,0,0,0,0,0,0,1,1,5,2,26,6,1598,1,13,4,2,4
2016500121681,2,9,0,18,0,0,0,0,0,0,1,1,5,2,31,6,1149,1,15,7,1,7
2016500121685,1,9,0,13,0,0,0,0,4,6,3,1,1,1,53,8,1560,2,1,6,2,6
2016500121695,1,9,0,18,0,0,5,0,7,0,1,1,1,2,59,9,1200,1,2,3,3,3
2016500121706,1,9,0,18,0,1,0,0,0,0,1,1,6,1,80,11,998,1,10,3,1,3
2016500121706,2,9,0,10,0,1,0,0,0,0,2,1,6,2,46,8,1390,1,10,3,1,3
2016500121722,1,9,0,18,0,0,0,0,2,0,1,1,5,2,18,4,1390,1,12,7,2,7
2016500121729,1,9,0,18,0,0,0,0,0,0,1,1,6,1,76,11,1796,1,9,2,1,2
2016500121743,1,9,0,5,0,0,0,0,0,0,1,1,6,1,27,6,1598,2,-1,3,1,3
2016500121743,2,9,0,3,0,0,0,0,0,0,2,1,6,1,78,11,1461,2,1,3,1,3
2016500121769,1,9,0,18,0,0,0,0,1,11,1,1,5,1,20,4,998,1,16,4,2,4
2016500121796,1,9,0,18,0,1,1,0,2,10,1,1,2,1,33,6,1589,1,17,-1,-1,-1
2016500121796,2,9,0,18,0,1,0,0,0,0,1,1,1,1,42,7,-1,-1,-1,8,2,8
2016500121808,1,5,0,18,0,0,0,0,0,0,1,1,5,1,43,7,599,1,18,8,1,8
2016500121808,2,9,0,3,0,0,0,0,0,0,2,1,5,2,59,9,1339,1,6,3,1,3
2016500121853,1,9,0,16,0,0,0,0,0,0,1,1,5,1,25,5,1149,1,10,2,1,2
2016500121853,2,9,0,2,0,0,0,0,0,0,2,1,5,2,34,6,1490,1,8,-1,-1,-1
2016500121853,3,9,0,2,0,0,0,0,0,0,2,1,5,1,69,10,1910,2,7,6,1,6
2016500121946,1,9,0,5,0,4,0,0,0,0,0,1,1,1,54,8,1587,1,10,3,1,3
2016500121946,2,1,0,9,0,3,5,0,0,0,4,1,1,1,48,8,-1,-1,-1,1,1,1
2016500121961,1,9,0,18,8,0,0,0,0,0,1,1,6,3,-1,-1,-1,-1,-1,-1,-1,-1
2016500121961,2,9,0,18,0,0,0,0,0,0,1,1,6,2,21,5,1299,1,12,4,1,4
2016500121980,1,9,0,7,0,0,0,6,0,0,1,1,6,1,35,6,1596,1,15,-1,-1,-1
2016500121980,2,9,0,18,0,0,0,0,0,0,0,1,1,1,-1,-1,2993,2,2,4,1,4
2016500122006,1,9,0,18,0,8,0,0,0,0,1,1,6,2,82,11,1998,2,5,5,2,5
2016500122006,2,9,0,9,0,5,0,0,1,0,2,1,6,1,52,8,-1,-1,-1,7,3,7
2016500122032,1,9,0,18,0,0,0,0,0,0,1,1,5,1,27,6,1587,1,14,1,1,1
2016500122036,1,9,0,9,0,6,0,0,0,0,1,1,5,1,38,7,1999,1,7,7,1,7
2016500122057,1,9,0,18,0,0,0,0,0,0,1,1,5,2,70,10,1596,1,5,9,1,9
2016500122198,1,9,0,18,0,0,2,0,1,4,1,1,5,2,41,7,-1,-1,-1,4,2,4
2016500122199,1,9,0,18,0,1,1,0,3,0,3,1,6,2,66,10,1242,1,2,5,3,5
2016500122199,2,9,0,9,0,1,1,0,0,0,2,1,6,2,53,8,1896,2,14,4,3,4
2016500122199,3,9,0,18,0,1,1,0,0,0,1,1,6,1,34,6,1794,1,10,4,3,4
2016500122212,1,9,0,5,0,4,0,0,0,0,3,1,6,2,30,6,998,1,7,4,1,4
2016500122212,2,1,0,18,0,8,0,0,0,0,1,1,6,1,50,8,-1,-1,-1,2,1,2
2016500122235,1,9,0,11,0,0,0,0,0,0,1,1,6,1,26,6,1761,1,15,2,1,2
2016500122235,2,9,0,3,0,0,0,0,0,0,2,1,6,1,29,6,1598,1,8,4,1,4
2016500122238,1,9,0,17,0,0,0,0,0,0,1,1,5,1,80,11,1560,2,6,6,3,6
2016500122248,1,9,0,4,0,1,0,0,0,0,1,1,6,1,45,7,1587,1,15,6,2,6
2016500122248,2,9,0,9,0,1,0,0,0,0,2,1,6,1,75,10,2993,2,10,5,3,5
2016500122258,1,9,0,3,0,0,0,0,0,0,0,1,5,1,66,10,-1,-1,-1,8,1,8
2016500122258,2,1,0,4,0,0,0,0,0,0,2,1,1,1,45,7,-1,-1,-1,5,1,5
2016500122279,1,9,0,10,0,1,0,0,0,0,1,1,6,2,45,7,1870,2,15,3,3,3
2016500122279,2,9,0,3,0,1,0,0,0,0,1,1,6,1,28,6,1997,1,12,6,2,6
2016500122279,3,9,0,3,0,1,0,0,0,0,2,1,6,2,42,7,1968,2,2,9,1,9
2016500122298,1,9,0,18,0,0,0,0,0,0,1,1,6,2,20,4,1595,1,9,5,1,5
2016500122298,2,1,0,18,0,0,0,0,0,0,2,1,6,1,44,7,-1,-1,-1,6,1,6
2016500122311,1,19,0,16,0,0,1,0,0,0,1,1,2,1,26,6,2286,2,11,5,2,5
2016500122311,2,9,0,17,0,0,0,0,0,0,1,1,2,2,44,7,1199,2,5,2,2,2
2016500122335,1,9,0,9,0,1,0,0,7,0,1,1,6,2,71,10,999,1,1,6,1,6
2016500122335,2,9,0,18,0,1,0,0,1,0,3,1,6,1,72,10,1399,2,14,1,1,1
2016500122348,1,9,0,17,0,2,0,0,0,0,0,1,5,1,55,8,1997,2,13,5,3,5
2016500122348,2,1,0,18,0,1,5,0,0,0,0,1,5,1,57,9,-1,-1,-1,5,3,5
2016500122350,1,19,0,18,0,0,1,0,0,0,1,1,1,1,47,8,1248,2,8,3,1,3
2016500122350,2,9,0,18,0,0,0,0,0,0,2,1,5,1,50,8,1560,2,3,9,1,9
2016500122350,3,9,0,10,0,0,0,0,0,0,0,1,5,2,65,9,1910,2,9,4,3,4
2016500122569,1,3,0,18,0,0,0,0,0,0,1,1,6,1,17,4,125,1,1,4,3,4
2016500122569,2,9,0,1,0,0,0,0,0,0,2,1,6,2,45,7,998,1,4,6,2,6
2016500122610,1,9,0,6,0,0,0,0,0,0,3,1,2,2,21,5,998,1,14,3,1,3
2016500122610,2,1,0,16,0,0,1,0,0,0,1,1,6,1,41,7,-1,-1,-1,5,1,5
2016500122634,1,9,0,18,0,0,0,0,0,0,1,1,6,1,47,8,1968,2,4,4,1,4
2016500122634,2,9,0,18,0,0,0,0,0,0,3,1,6,1,32,6,-1,-1,-1,9,2,9
2016500122634,3,9,0,4,0,0,0,0,0,0,3,1,6,1,60,9,-1,-1,-1,5,1,5
2016500122638,1,9,0,9,0,6,0,0,0,0,1,1,1,1,53,8,898,1,-1,6,1,6
2016500122638,2,9,0,18,0,1,0,0,0,0,4,1,1,1,64,9,1400,2,11,5,3,5
2016500122652,1,5,0,16,0,0,2,10,7,1,1,1,6,1,55,8,900,1,18,8,1,8
2016500122652,2,9,0,17,0,0,0,0,0,0,1,1,5,2,70,10,1590,1,2,5,3,5
2016500122669,1,1,0,18,0,0,0,0,0,0,4,1,6,1,15,3,-1,-1,-1,4,2,4
2016500122669,2,9,0,18,0,0,0,0,0,0,1,1,6,1,37,7,1896,2,14,5,3,5
2016500122669,3,9,0,18,0,0,0,0,0,0,1,1,6,2,63,9,2179,2,4,4,3,4
2016500122690,1,11,0,18,0,1,0,0,0,0,4,1,1,1,49,8,9000,2,3,9,1,9
2016500122690,2,1,0,18,0,1,0,0,0,0,3,1,2,1,36,7,-1,-1,-1,7,3,7
2016500122697,1,4,0,17,0,0,1,0,7,0,1,1,2,1,21,5,249,1,8,3,1,3
2016500122759,1,5,0,17,0,8,0,0,0,0,3,1,6,1,59,9,689,1,-1,5,3,5
2016500122759,2,9,0,17,0,8,0,0,0,0,2,1,6,1,59,9,1896,2,9,9,1,9
2016500122778,1,9,0,4,0,1,0,0,0,0,1,1,6,1,34,6,1596,1,13,4,1,4
2016500122778,2,9,0,3,0,1,0,0,0,0,2,1,5,2,25,5,1200,1,2,7,1,7
2016500123002,1,19,0,18,0,1,0,0,0,0,1,1,1,2,52,8,1248,2,7,6,3,6
2016500123002,2,9,0,10,0,1,0,0,0,0,2,1,2,2,18,4,1299,1,12,4,3,4
2016500123021,1,9,0,4,0,0,0,0,1,0,1,1,2,1,19,4,1242,1,8,2,1,2
2016500123021,2,9,0,3,0,0,0,0,0,0,4,1,5,1,52,8,1796,2,2,8,1,8
2016500123043,1,19,0,16,0,2,5,0,8,10,1,1,1,1,50,8,1248,2,3,1,1,1
2016500123074,1,9,0,18,0,0,0,0,0,0,1,1,6,1,-1,-1,1339,1,-1,5,3,5
2016500123078,1,9,0,4,0,0,0,0,0,0,3,1,5,1,21,5,1399,2,6,10,1,10
2016500123078,2,16,0,16,0,0,0,0,0,0,3,1,5,2,12,3,-1,-1,-1,5,1,5
2016500123091,1,9,0,4,0,1,0,0,0,0,1,1,6,1,43,7,2926,2,12,7,1,7
2016500123091,2,4,0,18,0,1,0,0,0,0,2,1,6,1,61,9,599,1,10,6,1,6
2016500123097,1,9,0,18,0,8,0,0,0,0,1,1,5,1,17,4,1198,1,6,8,2,8
2016500123097,2,9,0,18,0,8,0,0,0,0,2,1,5,1,17,4,1995,2,-1,6,2,6
2016500123235,1,9,0,3,0,0,0,0,0,0,0,1,1,1,49,8,1997,2,5,3,3,3
2016500123260,1,9,0,5,0,6,0,0,0,0,1,1,2,1,19,4,1995,2,13,9,3,9
2016500123260,2,9,0,5,0,6,0,0,0,0,1,1,5,1,68,10,1753,2,12,8,2,8
2016500123280,1,9,0,18,0,0,0,0,0,0,2,1,6,3,-1,-1,1868,2,16,-1,-1,-1
2016500123280,2,2,0,18,0,0,0,0,1,0,2,1,6,1,16,4,49,1,17,8,3,8
2016500123293,1,9,0,1,0,0,0,0,0,0,2,1,6,1,-1,-1,-1,-1,-1,-1,-1,-1
2016500123294,1,9,0,9,0,8,0,0,0,0,1,1,6,2,42,7,1896,2,14,3,1,3
2016500123294,2,9,0,18,0,8,0,0,1,0,1,1,6,1,84,11,2231,2,8,8,1,8
2016500123295,1,9,0,4,0,8,0,0,0,0,2,1,5,2,73,10,998,1,14,2,1,2
2016500123295,2,11,0,18,0,1,0,0,0,0,1,1,5,1,54,8,9000,2,6,6,1,6
2016500123297,1,9,0,16,0,0,2,0,0,0,1,1,5,1,23,5,1988,1,11,2,1,2
2016500123297,2,9,0,16,0,0,0,0,0,0,0,1,1,1,-1,-1,2993,2,2,4,1,4
2016500123301,1,9,0,18,0,0,0,0,0,0,3,1,6,1,48,8,3999,1,12,5,1,5
2016500123301,2,9,0,13,0,0,0,0,0,0,4,1,5,1,69,10,1560,2,1,9,1,9
2016500123310,1,9,0,9,0,1,0,0,0,0,4,1,6,1,22,5,1461,2,-1,4,1,4
2016500123310,2,5,0,18,0,1,0,0,0,0,1,1,6,1,24,5,599,1,21,1,1,1
2016500123311,1,9,0,18,0,0,0,4,0,0,1,1,5,1,22,5,1598,2,4,6,3,6
2016500123311,2,9,0,2,0,0,0,4,0,0,2,1,5,1,-1,-1,2496,2,14,9,1,9
2016500123311,3,9,0,2,0,0,0,4,0,0,1,1,5,1,-1,-1,-1,-1,-1,9,1,9
2016500123340,1,9,0,9,0,8,0,0,0,0,1,1,5,1,20,4,1900,2,10,4,3,4
2016500123340,2,9,0,18,0,8,0,0,0,0,1,1,5,2,60,9,1560,2,8,6,2,6
2016500123351,1,9,0,9,0,8,0,0,7,1,4,1,1,1,70,10,1598,1,1,5,2,5
2016500123351,2,9,0,18,0,1,0,0,0,0,4,1,6,2,74,10,1396,2,4,5,3,5
2016500123373,1,9,0,18,0,2,0,0,3,11,1,1,5,1,23,5,1896,2,14,3,1,3
2016500123418,1,9,0,4,0,1,1,0,1,0,1,1,1,1,28,6,-1,-1,-1,7,3,7
2016500123418,2,9,0,3,0,1,0,0,0,0,2,1,5,1,36,7,1560,2,3,4,3,4
2016500123435,1,9,0,17,0,0,1,0,1,10,1,1,5,1,24,5,1396,1,16,6,3,6
2016500123475,1,9,0,5,0,0,0,0,0,0,1,1,5,2,50,8,998,1,15,5,2,5
2016500123475,2,9,0,4,0,0,0,0,0,0,2,1,5,2,36,7,1560,2,6,4,3,4
2016500123491,1,9,0,3,0,8,0,0,0,0,3,1,6,2,22,5,1598,1,11,1,1,1
2016500123491,2,5,0,13,0,3,0,0,7,0,1,1,6,1,26,6,647,1,17,3,3,3
2016500123521,1,9,0,4,0,0,0,0,0,0,2,1,2,2,21,5,1229,1,3,4,3,4
2016500123521,2,9,0,4,0,0,0,0,0,0,2,1,2,1,33,6,1149,1,17,8,1,8
2016500123521,3,9,0,4,0,0,0,0,0,0,1,1,5,2,25,5,1796,1,12,5,1,5
2016500123538,1,9,0,16,0,0,2,0,0,0,1,1,5,1,45,7,1596,1,11,8,2,8
2016500123555,1,9,0,18,0,8,0,0,0,0,1,1,6,1,80,11,1339,1,2,2,1,2
2016500123569,1,9,0,16,0,0,0,10,0,0,1,1,5,2,25,5,1598,1,14,4,3,4
2016500123569,2,9,0,17,0,0,0,0,0,0,1,1,5,1,25,5,-1,-1,-1,6,3,6
2016500123580,1,9,0,17,0,1,1,0,0,0,1,1,6,2,22,5,1400,1,9,7,3,7
2016500123580,2,9,0,16,0,5,0,0,0,0,1,1,6,2,61,9,1399,2,9,4,3,4
2016500123584,1,98,0,18,0,0,0,0,0,0,1,1,1,1,25,5,-1,-1,-1,3,2,3
2016500123597,1,3,0,16,0,0,1,0,0,0,1,1,2,2,17,4,125,1,3,5,2,5
2016500123607,1,5,0,4,0,1,0,0,0,0,3,1,5,1,54,8,1063,1,14,9,1,9
2016500123607,2,3,0,4,0,1,0,0,0,0,2,1,5,1,17,4,124,1,13,2,1,2
2016500123627,1,9,0,4,0,0,0,0,0,0,1,1,6,2,32,6,1246,1,8,6,1,6
2016500123627,2,9,0,18,0,0,0,0,1,0,2,1,6,2,57,9,1985,1,15,5,2,5
2016500123640,1,3,0,13,0,8,5,0,7,0,1,1,6,1,48,8,124,1,-1,4,2,4
2016500123640,2,17,4,9,0,8,0,0,0,0,3,1,1,1,18,4,-1,2,7,7,3,7
2016500123695,1,9,0,18,0,0,1,0,0,0,4,1,2,2,52,8,1596,1,11,6,1,6
2016500123695,2,21,1,18,0,0,0,0,0,0,3,1,1,1,63,9,10837,2,4,4,3,4
2016500123700,1,9,0,18,0,0,0,0,0,0,1,1,5,1,72,10,1896,2,8,3,1,3
2016500123700,2,9,0,4,0,0,0,0,0,0,2,1,1,1,57,9,-1,-1,-1,6,1,6
2016500123717,1,9,0,1,0,0,0,0,0,0,0,1,6,2,62,9,1951,2,13,-1,-1,-1
2016500123717,2,9,0,18,0,0,0,0,0,0,2,1,1,2,35,6,1995,2,1,3,1,3
2016500123717,3,9,0,18,0,0,0,0,0,0,2,1,1,2,52,8,1560,2,8,9,1,9
2016500123717,4,9,0,18,0,0,0,0,0,0,1,1,1,2,29,6,1998,2,12,7,2,7
2016500123723,1,9,0,18,0,0,0,0,0,0,1,1,6,2,43,7,1834,1,15,7,3,7
2016500123723,2,9,0,18,0,0,0,0,0,0,1,1,6,1,36,7,-1,-1,-1,-1,3,-1
2016500123741,1,9,0,18,0,0,0,0,0,0,1,1,2,1,39,7,1490,1,7,10,3,10
2016500123741,2,9,0,18,0,0,0,0,0,0,1,1,2,1,38,7,-1,-1,-1,7,2,7
2016500123741,3,9,0,18,0,0,0,0,0,0,2,1,2,2,19,4,998,1,3,3,1,3
2016500123745,1,20,1,18,0,8,0,5,0,0,1,1,1,1,50,8,-1,-1,-1,8,3,8
2016500123752,1,9,0,17,0,0,0,0,0,0,3,1,1,2,40,7,-1,-1,-1,5,3,5
2016500123752,2,9,0,16,0,0,0,0,0,0,3,1,5,1,26,6,1560,2,3,8,2,8
2016500123777,1,9,0,18,0,8,0,0,0,0,3,1,5,2,41,7,1398,2,11,4,1,4
2016500123777,2,5,0,18,0,8,0,0,0,0,1,1,5,1,41,7,599,1,13,3,1,3
2016500123780,1,19,4,3,0,0,0,0,0,0,4,1,5,1,35,6,1870,2,10,1,1,1
2016500123782,1,19,0,16,0,0,0,0,0,0,1,1,1,1,59,9,1560,2,6,4,1,4
2016500123782,2,9,0,17,0,0,0,0,0,0,1,1,5,2,57,9,1560,2,7,7,3,7
2016500123785,1,9,0,18,0,0,0,0,0,0,1,1,6,2,20,4,1124,1,16,5,3,5
2016500123893,1,9,4,18,0,0,1,0,0,0,1,1,5,1,20,4,2495,2,16,7,3,7
2016500123893,2,9,0,18,0,0,0,0,0,0,2,1,5,2,44,7,2000,2,5,7,3,7
2016500123893,3,9,0,18,0,0,0,0,0,0,2,1,5,2,67,10,1598,1,5,9,1,9
2016500123908,1,9,0,18,0,1,0,0,0,0,1,1,5,1,33,6,1461,2,1,8,1,8
2016500123908,2,9,0,18,0,1,0,0,1,0,1,1,5,1,45,7,1968,2,2,4,1,4
2016500123908,3,9,0,3,0,8,0,0,0,0,2,1,5,1,42,7,2435,1,14,4,1,4
2016500123908,4,9,0,3,0,8,0,0,0,0,2,1,5,1,37,7,2198,2,10,4,1,4
2016500124160,1,9,0,18,0,8,0,0,0,0,1,1,6,1,42,7,-1,-1,-1,3,2,3
2016500124160,2,9,0,9,0,8,0,0,0,0,2,1,6,2,51,8,1248,2,8,2,1,2
2016500124160,3,9,0,18,0,8,0,0,0,0,1,1,6,1,85,11,998,1,9,6,3,6
2016500124181,1,9,0,18,0,0,0,0,0,0,1,1,6,3,-1,-1,-1,-1,-1,-1,-1,-1
2016500124181,2,9,0,18,0,0,0,0,0,0,2,1,6,1,41,7,-1,-1,-1,3,1,3
2016500124233,1,9,0,7,0,5,0,0,0,0,1,1,5,1,47,8,1896,2,15,7,1,7
2016500124262,1,19,0,5,0,4,0,0,0,0,3,1,5,1,41,7,1995,2,7,5,1,5
2016500124262,2,3,0,18,0,4,0,0,0,0,1,1,2,1,17,4,124,1,9,7,3,7
2016500124268,1,9,0,18,0,0,0,0,0,0,3,1,6,1,39,7,1968,2,6,7,2,7
2016500124268,2,9,0,18,0,0,0,0,0,0,3,1,6,2,57,9,1995,2,4,3,3,3
2016500124281,1,9,0,18,0,4,0,0,0,0,3,1,5,2,51,8,1339,1,14,9,1,9
2016500124281,2,1,0,18,0,4,0,0,0,0,1,1,5,1,20,4,-1,-1,-1,9,1,9
2016500124298,1,9,0,18,0,0,0,0,0,0,1,1,1,1,57,9,1598,2,1,7,1,7
2016500124476,1,9,0,18,0,0,0,0,0,0,3,1,6,3,-1,-1,1497,8,10,-1,-1,-1
2016500124479,1,5,0,18,0,4,2,0,3,10,1,1,2,1,21,5,599,1,21,2,3,2
2016500124516,1,5,0,18,0,0,0,0,0,0,1,1,5,1,47,8,1052,1,18,3,1,3
2016500124516,2,1,0,18,0,0,0,0,0,0,2,1,6,1,8,2,-1,-1,-1,2,1,2
2016500124517,1,9,0,5,0,6,0,0,0,0,1,1,5,1,32,6,1398,1,3,3,1,3
2016500124517,2,9,0,5,0,1,0,0,1,0,1,1,5,1,19,4,1796,1,16,10,3,10
2016500124529,1,5,0,18,0,2,1,12,1,9,1,1,5,1,38,7,955,1,18,4,3,4
2016500124558,1,9,0,18,0,1,0,0,0,0,4,1,5,1,17,4,1388,1,12,7,2,7
2016500124585,1,5,0,3,0,0,0,0,0,0,1,1,1,1,50,8,649,1,-1,7,1,7
2016500124585,2,19,0,9,0,0,0,0,0,0,1,1,1,1,28,6,2402,2,11,2,1,2
2016500124600,1,9,0,18,0,1,0,0,0,0,1,1,5,1,53,8,1968,2,6,1,1,1
2016500124600,2,9,0,18,0,1,0,0,0,0,2,1,5,2,45,7,1999,1,15,6,2,6
2016500124612,1,9,0,18,0,0,0,6,1,11,2,1,5,1,34,6,2616,1,12,5,1,5
2016500124684,1,9,0,18,0,5,0,0,0,0,1,1,6,2,30,6,973,1,14,5,2,5
2016500124684,2,19,0,3,0,5,0,0,0,0,1,1,6,1,35,6,2143,2,3,4,3,4
2016500124709,1,9,0,18,0,8,0,0,1,7,4,1,2,2,18,4,1124,1,16,-1,-1,-1
2016500124722,1,9,0,4,0,1,0,0,0,0,1,1,1,1,55,8,1560,2,1,7,1,7
2016500124722,2,9,0,3,0,1,0,0,0,0,2,1,2,2,27,6,1299,1,10,8,2,8
2016500124725,1,1,0,9,0,2,0,0,1,0,2,1,4,1,15,3,-1,-1,-1,4,1,4
2016500124725,2,9,0,18,0,2,0,0,0,0,1,1,6,3,-1,-1,-1,-1,-1,-1,-1,-1
2016500124741,1,9,0,17,0,0,0,0,0,0,1,1,6,1,75,10,2183,2,4,3,2,3
2016500124741,2,9,0,4,0,0,0,0,0,0,2,1,6,1,44,7,1984,2,4,6,2,6
2016500124746,1,5,0,18,0,0,5,0,0,0,1,1,5,1,75,10,790,1,15,3,2,3
2016500124746,2,9,0,4,0,0,0,0,0,0,2,1,5,1,65,9,2401,2,12,4,3,4
2016500124756,1,9,0,4,0,0,0,0,0,0,1,1,5,1,30,6,2521,1,10,2,1,2
2016500124756,2,9,0,4,0,0,0,0,0,0,1,1,2,1,53,8,998,1,7,5,1,5
2016500124776,1,9,0,18,0,0,0,0,0,0,1,1,2,2,28,6,3200,1,13,3,3,3
2016500124776,2,19,0,3,0,0,0,0,0,0,2,1,2,1,64,9,2461,2,11,9,1,9
2016500124785,1,3,0,4,0,0,2,0,2,9,3,1,5,1,17,4,125,1,8,3,2,3
2016500124789,1,9,0,16,0,0,0,0,1,0,3,1,3,1,86,11,1390,1,15,5,2,5
2016500124789,2,19,0,2,0,0,0,0,0,0,4,1,1,1,52,8,-1,-1,-1,4,1,4
2016500124851,1,9,0,9,0,1,0,0,0,0,1,1,6,1,33,6,998,1,7,5,1,5
2016500124851,2,1,0,18,0,1,0,0,0,0,1,1,1,1,43,7,-1,-1,-1,8,1,8
2016500124857,1,9,0,9,0,8,0,0,0,0,1,1,6,2,42,7,2198,1,13,2,1,2
2016500124857,2,1,0,18,0,1,0,0,0,0,1,1,6,1,35,6,-1,-1,-1,9,1,9
2016500124859,1,9,0,5,0,2,0,0,0,0,1,1,6,1,67,10,1988,2,11,5,3,5
2016500124859,2,2,0,18,0,1,0,0,0,0,4,1,6,1,18,4,49,1,8,4,3,4
2016500124888,1,9,0,17,9,1,1,10,1,11,1,1,6,1,30,6,-1,-1,-1,3,1,3
2016500124888,2,9,0,2,0,2,0,0,0,0,0,1,1,1,28,6,1686,2,3,4,1,4
2016500124888,3,9,0,2,0,1,0,0,0,0,3,1,5,1,81,11,1596,1,14,4,2,4
2016500125024,1,9,0,1,9,0,0,0,0,0,2,1,5,2,27,6,1398,1,1,9,1,9
2016500125053,1,9,0,5,0,8,0,0,0,0,3,1,6,1,56,9,1997,2,7,-1,3,-1
2016500125053,2,1,0,18,0,1,0,0,0,0,1,1,6,1,-1,-1,-1,-1,-1,4,1,4
2016500125083,1,9,0,18,0,0,0,0,0,0,3,1,5,1,23,5,1598,1,12,6,1,6
2016500125083,2,9,0,18,0,0,0,0,0,0,3,1,6,3,-1,-1,-1,-1,-1,-1,-1,-1