Accident_Index,Vehicle_Reference,Vehicle_Type,Towing_and_Articulation,Vehicle_Manoeuvre,Vehicle_Location-Restricted_Lane,Junction_Location,Skidding_and_Overturning,Hit_Object_in_Carriageway,Vehicle_Leaving_Carriageway,Hit_Object_off_Carriageway,1st_Point_of_Impact,Was_Vehicle_Left_Hand_Drive?,Journey_Purpose_of_Driver,Sex_of_Driver,Age_of_Driver,Age_Band_of_Driver,Engine_Capacity_(CC),Propulsion_Code,Age_of_Vehicle,Driver_IMD_Decile,Driver_Home_Area_Type,Vehicle_IMD_Decile
2016500136991,3,9,0,3,0,1,0,0,0,0,2,1,5,2,39,7,1598,1,1,8,3,8
2016500136991,4,9,0,18,0,1,0,0,0,0,1,1,5,2,28,6,1796,1,4,3,1,3
2016500137003,1,19,0,17,0,0,0,0,0,0,1,1,5,1,47,8,1870,2,14,6,1,6
2016500137003,2,9,0,16,0,0,0,0,0,0,1,1,5,2,39,7,1197,1,1,3,1,3
2016500137008,1,9,0,4,0,1,0,0,0,0,1,1,6,1,54,8,1368,1,9,5,1,5
2016500137008,2,5,0,8,0,1,0,0,0,0,2,1,1,1,46,8,599,1,17,5,3,5
2016500137021,1,9,0,18,0,0,0,0,0,0,1,1,6,1,30,6,-1,-1,-1,5,1,5
2016500137021,2,9,0,3,0,0,0,0,0,0,4,1,6,1,57,9,1995,2,8,7,3,7
2016500137021,3,9,0,3,0,0,0,0,0,0,2,1,6,1,28,6,995,1,6,5,3,5
2016500137021,4,9,0,3,0,0,0,0,0,0,2,1,6,1,48,8,1560,2,3,9,2,9
2016500137031,1,9,0,7,0,1,1,0,0,0,1,1,6,2,18,4,998,1,17,6,3,6
2016500137031,2,9,0,7,0,5,0,0,0,0,2,1,6,1,42,7,1597,2,-1,6,3,6
2016500137033,1,9,0,9,0,1,0,0,0,0,1,1,5,1,29,6,1399,1,8,4,1,4
2016500137033,2,3,0,18,0,1,0,0,0,0,1,1,6,1,39,7,125,1,7,4,1,4
2016500137034,1,1,0,18,0,1,0,0,0,0,1,1,6,1,61,9,-1,-1,-1,3,3,3
2016500137038,1,9,0,9,0,6,0,0,0,0,3,1,5,2,17,4,998,1,6,3,1,3
2016500137038,2,9,0,18,0,1,0,0,0,0,1,1,2,2,32,6,1590,1,15,4,3,4
2016500137041,1,9,0,3,0,4,1,0,0,0,2,1,1,1,37,7,1995,1,9,8,2,8
2016500137041,2,9,0,18,0,4,1,0,0,0,1,1,5,2,68,10,2685,2,11,7,2,7
2016500137070,1,9,0,18,0,1,0,0,0,0,0,1,6,3,-1,-1,-1,-1,-1,-1,-1,-1
2016500137070,2,2,0,4,0,1,2,0,0,0,3,1,6,1,57,9,49,1,7,2,1,2
2016500137073,1,9,0,5,0,1,0,0,0,0,1,1,6,3,-1,-1,-1,-1,-1,-1,-1,-1
2016500137073,2,9,0,5,0,1,0,0,0,0,2,1,3,2,36,7,1124,1,19,5,1,5
2016500137087,1,9,0,9,0,5,0,0,0,0,4,1,6,1,93,11,1796,1,13,5,2,5
2016500137087,2,5,0,18,0,8,0,0,0,0,1,1,6,1,25,5,1043,1,1,4,3,4
2016500137115,1,3,0,14,0,0,0,4,0,0,1,1,1,1,23,5,124,1,5,5,2,5
2016500137115,2,11,0,18,0,0,0,0,0,0,2,1,5,1,61,9,5900,2,12,6,2,6
2016500137115,3,9,0,2,0,0,0,0,0,0,3,1,6,1,80,11,1198,1,-1,4,3,4
2016500137123,1,9,0,18,0,0,5,0,1,0,0,1,6,1,19,4,1298,1,15,7,1,7
2016500137131,1,9,0,18,0,0,0,0,0,0,4,1,2,1,32,6,1598,2,-1,6,3,6
2016500137154,1,9,0,18,0,0,0,0,0,0,4,1,2,1,61,9,1598,1,6,3,1,3
2016500137167,1,9,0,17,0,0,1,0,7,11,1,1,5,2,19,4,1396,1,14,5,1,5
2016500137167,2,9,0,16,0,0,0,0,0,0,3,1,5,2,25,5,1999,1,11,4,3,4
2016500137170,1,9,0,18,0,8,0,0,0,0,1,1,5,1,27,6,1597,2,3,4,1,4
2016500137170,2,9,0,18,0,8,0,0,7,0,1,1,5,2,63,9,1388,1,6,5,1,5
2016500137188,1,9,0,4,0,4,0,0,0,0,1,1,5,1,31,6,1998,2,9,4,1,4
2016500137188,2,5,0,3,0,4,0,0,0,0,2,1,2,1,48,8,680,1,6,5,1,5
2016500137192,1,19,0,18,0,0,0,0,0,0,1,1,1,1,59,9,2143,2,3,1,1,1
2016500137192,2,9,0,3,0,0,0,0,0,0,2,1,5,1,62,9,-1,-1,-1,7,1,7
2016500137202,1,9,0,13,0,0,2,0,2,10,1,1,1,2,45,7,1598,1,11,6,3,6
2016500137205,1,9,0,9,0,6,0,0,0,0,1,1,4,2,18,4,998,1,10,6,1,6
2016500137208,1,9,0,18,0,1,0,0,0,0,0,1,5,2,24,5,1229,1,7,5,3,5
2016500137208,2,3,0,18,0,1,1,0,1,0,1,1,5,1,29,6,124,1,4,7,1,7
2016500137210,1,1,0,18,0,0,0,0,0,0,1,1,5,1,27,6,-1,-1,-1,1,1,1
2016500137213,1,9,0,18,0,1,0,0,0,0,1,1,5,1,71,10,1598,1,17,4,1,4
2016500137213,2,9,0,3,0,1,0,0,0,0,2,1,5,2,40,7,1560,2,2,7,2,7
2016500137220,1,9,0,18,0,0,0,0,0,0,1,1,1,2,25,5,998,1,6,3,1,3
2016500137221,1,1,0,18,0,1,0,0,0,0,1,1,1,1,63,9,-1,-1,-1,2,1,2
2016500137221,2,9,0,18,0,2,0,0,0,0,4,1,1,1,57,9,2993,2,10,5,1,5
2016500137228,1,9,0,18,0,0,0,0,0,0,1,1,3,2,23,5,1198,1,10,4,1,4
2016500137240,1,19,0,5,0,8,0,0,0,0,3,1,1,1,56,9,2198,2,3,8,3,8
2016500137240,2,1,0,18,0,8,0,0,0,0,1,1,2,1,31,6,-1,-1,-1,4,1,4
2016500137258,1,9,0,18,0,8,0,0,0,0,3,1,1,1,63,9,-1,-1,-1,5,2,5
2016500137258,2,20,0,5,0,8,0,0,0,0,1,1,1,1,46,8,-1,-1,-1,4,3,4
2016500137259,1,9,0,9,0,6,0,0,0,0,1,1,1,2,44,7,1997,2,9,4,3,4
2016500137259,2,9,0,18,0,1,0,0,0,0,1,1,1,1,52,8,-1,-1,-1,7,2,7
2016500137272,1,9,0,18,0,0,0,0,0,0,1,1,3,2,52,8,1587,1,14,3,1,3
2016500137272,2,9,0,4,0,0,0,0,0,0,2,1,6,1,52,8,1248,2,11,3,1,3
2016500137274,1,9,0,18,0,0,1,0,0,0,1,1,2,1,48,8,1796,1,17,5,1,5
2016500137274,2,9,0,4,0,0,0,0,0,0,1,1,2,1,45,7,-1,-1,-1,8,3,8
2016500137280,1,9,0,8,0,1,0,0,0,0,3,1,5,1,30,6,1910,2,11,1,1,1
2016500137280,2,9,0,10,0,5,0,0,0,0,1,1,1,2,38,7,1598,1,7,4,2,4
2016500137280,3,9,0,18,0,1,0,0,0,0,1,1,5,1,43,7,1395,1,-1,4,1,4
2016500137289,1,9,0,9,0,1,0,0,0,0,1,1,5,1,74,10,-1,-1,-1,4,3,4
2016500137289,2,9,0,18,0,1,0,0,0,0,1,1,5,2,23,5,1360,1,13,5,3,5
2016500137292,1,9,0,15,0,0,1,0,1,0,3,1,1,1,41,7,-1,-1,-1,5,3,5
2016500137292,2,21,0,17,0,0,0,0,0,0,1,1,1,1,26,6,7790,2,9,6,1,6
2016500137297,1,9,0,18,0,3,0,0,1,2,4,1,6,1,24,5,2616,1,11,8,2,8
2016500137300,1,98,0,18,0,0,0,0,0,0,1,1,6,3,-1,-1,-1,-1,-1,-1,-1,-1
2016500137309,1,19,0,18,0,0,0,0,0,0,1,1,6,1,36,7,1968,2,1,6,3,6
2016500137309,2,19,0,3,0,0,0,0,0,0,2,1,6,2,41,7,2198,2,6,5,3,5
2016500137309,3,9,0,3,0,0,0,0,0,0,2,1,6,2,33,6,2000,1,11,5,2,5
2016500137310,1,9,0,16,0,3,0,0,0,0,4,1,6,1,18,4,2000,2,11,5,1,5
2016500137322,1,9,0,4,0,0,1,0,0,0,1,1,6,2,23,5,998,1,6,4,1,4
2016500137322,2,9,0,4,0,0,0,0,0,0,2,1,2,2,44,7,1398,1,-1,6,1,6
2016500137323,1,2,0,16,0,0,1,0,0,0,1,1,6,1,16,4,49,1,8,2,2,2
2016500137323,2,9,0,18,0,0,0,0,0,0,1,1,6,2,57,9,998,1,-1,4,3,4
2016500137324,1,9,0,9,0,1,0,0,0,0,1,1,6,1,17,4,1242,1,1,7,1,7
2016500137324,2,9,0,18,0,1,0,0,0,0,1,1,1,2,61,9,1343,1,12,3,1,3
2016500137344,1,9,0,9,0,6,0,0,0,0,3,1,5,2,65,9,1332,1,9,7,1,7
2016500137344,2,9,0,18,0,1,1,0,7,0,1,1,2,1,22,5,998,1,11,7,1,7
2016500137395,1,9,0,18,0,0,0,0,0,0,1,1,5,1,58,9,1229,1,1,5,1,5
2016500137398,1,9,0,9,0,5,0,0,0,0,1,1,5,2,90,11,1198,1,4,10,1,10
2016500137398,2,9,0,18,0,1,0,0,0,0,1,1,5,2,38,7,-1,-1,-1,7,1,7
2016500137412,1,9,0,9,0,8,0,0,0,0,0,1,5,2,78,11,1598,1,3,4,1,4
2016500137412,2,11,0,18,0,8,0,0,0,0,0,1,1,1,39,7,7698,2,1,4,1,4
2016500137414,1,9,0,6,0,0,0,0,0,0,0,1,6,1,37,7,1598,1,13,2,1,2
2016500137414,2,9,0,18,0,0,0,0,0,0,0,1,6,1,30,6,1590,1,12,4,1,4
2016500137427,1,9,0,18,0,2,0,0,0,0,1,1,5,2,22,5,1389,1,13,6,1,6
2016500137427,2,9,0,7,0,2,0,0,0,0,2,1,5,2,66,10,1197,1,-1,5,3,5
2016500137428,1,9,0,18,0,2,0,0,0,0,4,1,5,1,38,7,1997,2,9,1,1,1
2016500137428,2,9,0,18,0,2,0,0,0,0,1,1,6,1,26,6,1910,2,10,2,1,2
2016500137452,1,9,0,16,0,0,0,0,0,0,1,1,1,1,54,8,1598,1,15,-1,-1,-1
2016500137452,2,9,0,17,0,0,0,0,0,0,1,1,1,1,31,6,-1,-1,-1,4,3,4
2016500137491,1,9,0,11,0,0,2,0,2,0,4,1,5,2,25,5,1951,2,10,3,3,3
2016500137634,1,9,0,18,0,0,0,0,0,0,1,1,5,1,87,11,1995,2,1,6,3,6
2016500137634,2,9,0,3,0,0,0,0,0,0,2,1,5,2,18,4,1299,1,12,6,3,6
2016500137675,1,9,0,16,0,0,0,0,1,0,1,1,5,2,26,6,1242,1,4,3,1,3
2016500137687,1,9,0,18,0,0,1,0,2,7,1,1,5,1,25,5,1364,1,9,1,1,1
2016500137707,1,9,0,18,0,0,0,0,0,0,1,1,1,2,59,9,1242,1,5,8,1,8
2016500137724,1,9,0,18,0,0,5,0,1,0,4,1,1,1,19,4,1388,1,11,5,2,5
2016500137726,1,9,0,17,0,0,0,0,0,0,0,1,3,2,49,8,1397,1,17,5,1,5
2016500137764,1,19,0,9,0,1,0,0,0,0,3,1,1,1,26,6,2198,2,2,1,1,1
2016500137774,1,5,0,7,0,4,1,0,0,0,1,1,2,1,51,8,1137,1,20,3,2,3
2016500137774,2,9,0,18,0,8,0,0,0,0,1,1,6,1,72,10,1200,1,3,5,3,5
2016500137786,1,3,0,18,0,0,0,0,0,0,1,1,5,1,26,6,124,1,16,8,1,8
2016500137822,1,9,0,5,0,4,0,0,0,0,1,1,2,1,24,5,1997,1,12,2,1,2
2016500137822,2,1,0,18,0,8,0,0,0,0,4,1,1,1,47,8,-1,-1,-1,8,1,8
2016500137885,1,9,0,18,0,1,0,0,0,0,3,1,5,1,29,6,1560,2,11,9,1,9
2016500137885,2,1,0,10,0,8,0,0,0,0,4,1,5,1,64,9,-1,-1,-1,6,2,6
2016500138063,1,9,0,3,0,4,0,0,0,0,1,1,6,1,65,9,1242,1,8,5,1,5
2016500138063,2,9,0,3,0,4,0,0,0,0,2,1,6,2,50,8,1796,1,11,4,1,4
2016500138248,1,9,0,16,0,0,5,0,2,1,1,1,6,1,18,4,1124,1,12,6,3,6
2016500138257,1,9,0,12,0,0,0,0,0,0,1,1,6,2,59,9,998,1,10,3,1,3
2016500138257,2,98,0,4,0,0,0,0,0,0,2,1,6,1,42,7,-1,-1,-1,8,2,8
2016500138266,1,9,0,5,0,8,0,0,0,0,4,1,2,1,64,9,-1,-1,-1,5,2,5
2016500138266,2,1,0,18,0,1,0,0,0,0,1,1,4,1,14,3,-1,-1,-1,4,1,4
2016500138281,1,11,0,18,0,0,0,0,0,0,1,1,1,1,30,6,7300,2,10,2,1,2
2016500138281,2,9,0,3,0,0,0,0,1,10,2,1,1,1,27,6,898,1,1,6,1,6
2016500138296,1,9,0,18,0,1,0,0,0,0,1,1,6,1,-1,-1,1242,1,2,6,1,6
2016500138296,2,19,0,3,0,1,0,0,0,0,2,1,6,2,41,7,2151,2,14,4,3,4
2016500138308,1,9,0,18,0,0,0,0,0,0,1,1,1,1,38,7,-1,-1,-1,3,3,3
2016500138308,2,9,0,18,0,0,0,0,0,0,1,1,6,1,74,10,1968,2,1,7,1,7
2016500138308,3,9,0,18,0,0,0,0,0,0,2,1,6,1,48,8,2993,2,2,10,1,10
2016500138345,1,9,0,7,0,1,0,0,0,0,3,1,6,1,-1,-1,-1,-1,-1,-1,-1,-1
2016500138345,2,1,0,18,0,1,0,0,0,0,3,1,4,1,15,3,-1,-1,-1,1,1,1
2016500138373,1,9,0,18,0,0,0,0,0,0,3,1,6,2,-1,-1,-1,-1,-1,-1,-1,-1
2016500138373,2,3,0,18,0,0,1,0,0,0,4,1,5,1,17,4,-1,-1,-1,9,1,9
2016500138402,1,9,0,1,0,8,0,0,0,0,2,1,6,1,38,7,1998,2,11,3,3,3
2016500138447,1,9,0,5,0,6,0,0,0,0,1,1,2,1,35,6,-1,-1,-1,6,3,6
2016500138447,2,9,0,18,0,1,0,0,0,0,1,1,5,2,72,10,2435,1,15,6,3,6
2016500138464,1,9,0,18,0,0,5,0,2,10,4,1,5,1,18,4,1590,1,12,5,2,5
2016500138680,1,9,0,6,0,0,0,0,0,0,3,1,6,1,37,7,1598,1,13,2,1,2
2016500138680,2,9,0,18,0,0,0,0,0,0,4,1,6,1,30,6,1590,1,12,4,1,4
2016500138688,1,9,0,18,9,0,0,0,1,11,1,1,5,1,69,10,1560,2,-1,3,3,3
2016500138688,2,9,0,2,9,0,0,0,0,0,2,1,5,1,46,8,-1,-1,-1,4,1,4
2016500138688,3,9,0,2,9,0,0,0,0,0,4,1,5,1,46,8,1598,1,8,4,1,4
2016500138688,4,9,0,2,9,0,0,0,0,0,2,1,5,1,46,8,1390,1,9,4,1,4
2016500138688,5,9,0,2,9,0,0,0,0,0,4,1,5,1,46,8,1149,1,10,4,1,4
2016500138738,1,9,0,4,0,6,0,0,0,0,2,1,6,2,29,6,1388,1,13,4,2,4
2016500138738,2,9,0,18,0,1,0,0,0,0,1,1,6,1,26,6,-1,-1,-1,7,2,7
2016500138794,1,9,0,18,0,0,0,0,0,0,1,1,6,2,23,5,1560,2,6,2,1,2
2016500138794,2,9,0,3,0,0,0,0,0,0,2,1,6,1,64,9,2720,2,12,2,1,2
2016500138870,1,9,0,18,0,0,0,0,0,0,1,1,6,1,40,7,1994,2,12,4,1,4
2016500138870,2,9,0,4,0,0,0,0,0,0,2,1,6,2,54,8,1149,1,14,4,1,4
2016500138870,3,9,0,3,0,0,0,0,0,0,2,1,1,2,22,5,1248,2,4,4,1,4
2016500138911,1,9,0,3,0,0,0,0,0,0,3,1,2,1,27,6,1896,2,16,5,1,5
2016500138911,2,3,0,18,0,0,1,0,0,0,1,1,1,1,19,4,108,1,1,1,1,1
2016500138954,1,9,0,18,0,1,0,0,0,0,1,1,2,1,46,8,1360,1,17,5,3,5
2016500138954,2,3,0,18,0,1,0,0,0,0,4,1,6,1,21,5,125,1,-1,3,1,3
2016500139183,1,9,0,13,0,0,1,0,0,0,1,1,5,1,43,7,1686,2,5,6,1,6
2016500139183,2,21,1,18,0,0,0,0,0,0,3,1,1,1,51,8,12777,2,3,5,1,5
2016500139226,1,3,0,18,0,0,0,0,0,0,3,1,6,1,36,7,124,1,8,6,1,6
2016500139226,2,9,0,3,0,0,0,0,0,0,4,1,6,3,-1,-1,-1,-1,-1,-1,-1,-1
2016500139299,1,9,0,7,0,6,0,0,0,0,1,1,6,2,19,4,2319,1,14,10,1,10
2016500139299,2,3,0,18,0,1,0,0,0,0,4,1,2,2,28,6,125,1,3,4,2,4
2016500139332,1,4,0,18,0,0,0,0,0,0,1,1,6,1,64,9,198,1,35,7,1,7
2016500139332,2,9,0,3,0,0,0,0,0,0,2,1,6,1,74,10,1598,2,3,6,3,6
2016500139396,1,9,0,4,0,0,0,0,0,0,1,1,5,2,47,8,4701,1,15,6,3,6
2016500139419,1,9,0,5,0,0,1,7,0,0,1,1,5,1,27,6,1994,1,16,2,1,2
2016500139429,1,9,0,16,0,0,0,0,1,0,1,1,5,1,28,6,1590,1,15,9,2,9
2016500139439,1,1,0,18,0,0,0,0,0,0,1,1,6,1,-1,-1,-1,-1,-1,4,1,4
2016500139505,1,9,0,1,0,6,0,0,0,0,2,1,6,1,74,10,1985,1,14,5,2,5
2016500139563,1,9,0,1,0,0,0,0,0,0,2,1,6,2,49,8,1560,2,2,5,2,5
2016500139563,2,9,0,3,0,0,0,0,0,0,1,1,5,2,29,6,1598,2,4,3,1,3
2016500139816,1,9,0,3,0,0,0,0,0,0,2,1,6,2,43,7,1299,1,8,10,1,10
2016500139816,2,9,0,18,0,0,0,0,0,0,1,1,6,3,-1,-1,1598,2,-1,-1,-1,-1
2016500139917,1,19,0,4,0,0,0,0,0,0,1,1,6,3,-1,-1,1868,2,14,-1,-1,-1
2016500140325,1,9,0,18,0,0,0,0,0,0,1,1,2,1,61,9,998,1,1,6,2,6
2016500140343,1,98,0,18,0,0,0,0,0,0,3,1,6,3,-1,-1,-1,-1,-1,-1,-1,-1
2016500140359,1,9,0,1,0,0,0,0,0,0,2,1,6,1,22,5,1390,1,10,7,1,7
2016500140396,1,98,0,18,2,0,0,0,0,0,1,1,1,1,48,8,-1,-1,-1,2,2,2
2016500140410,1,9,0,18,0,0,1,0,8,11,1,1,6,1,25,5,1796,1,14,5,1,5
2016500140424,1,9,0,18,0,0,0,10,0,0,1,1,6,2,18,4,1590,1,13,4,1,4
2016500140444,1,3,0,17,0,0,0,0,1,0,0,1,2,1,34,6,124,1,3,4,1,4
2016500140482,1,9,0,18,0,0,0,0,0,0,1,1,6,2,54,8,1997,1,12,6,2,6
2016500140482,2,9,0,4,0,0,0,0,0,0,2,1,6,2,41,7,2494,2,14,4,1,4
2016500140622,1,9,0,18,0,1,0,0,0,0,1,1,6,1,61,9,1560,2,10,1,1,1
2016500140622,2,9,0,3,0,1,0,0,0,0,2,1,6,2,46,8,1299,1,11,5,1,5
2016500140644,1,9,0,18,0,8,0,0,0,0,3,1,1,1,27,6,-1,-1,-1,4,2,4
2016500140644,2,5,0,18,0,8,1,0,0,0,1,1,2,1,47,8,916,1,16,4,1,4
2016500140655,1,9,0,18,0,0,5,0,8,11,1,1,1,2,59,9,1951,2,14,4,3,4
2016500140681,1,9,0,18,0,8,0,0,3,10,3,1,5,2,39,7,2771,1,18,7,3,7
2016500140681,2,9,0,18,0,8,0,0,0,0,1,1,5,1,35,6,2188,2,9,7,2,7
2016500140683,1,9,0,15,0,0,0,0,0,0,0,1,6,1,33,6,2171,1,16,5,3,5
2016500140683,2,9,0,18,0,0,1,0,4,0,1,1,5,1,24,5,1910,2,11,3,1,3
2016500140700,1,9,0,18,0,0,0,0,0,0,1,1,6,1,42,7,1229,1,4,3,1,3
2016500140700,2,9,0,18,0,0,0,0,0,0,2,1,6,2,18,4,1389,1,19,8,2,8
2016500140700,3,9,0,18,0,0,0,0,0,0,0,1,6,2,76,11,1349,1,8,8,1,8
2016500140739,1,9,0,16,0,0,1,0,7,0,4,1,6,1,28,6,1796,1,15,2,1,2
2016500140739,2,98,1,4,0,0,0,0,0,0,4,1,1,1,36,7,-1,-1,-1,-1,-1,-1
2016500140782,1,9,0,16,0,2,0,0,4,11,1,1,6,1,27,6,2996,1,8,1,1,1
2016500140930,1,9,0,17,0,0,0,4,0,0,1,1,6,1,22,5,1390,1,17,8,1,8
2016500140930,2,9,0,2,6,0,0,0,0,0,2,1,6,1,-1,-1,-1,-1,-1,4,3,4
2016500140930,3,9,0,2,6,0,0,0,0,0,4,1,6,1,60,9,1997,2,7,4,3,4
2016500140951,1,9,0,18,0,0,0,0,0,0,1,1,5,1,32,6,1968,2,11,1,1,1
2016500140965,1,19,0,4,0,0,0,0,0,0,3,1,1,1,42,7,1499,2,1,3,1,3
2016500140983,1,9,0,18,0,1,0,0,0,0,1,1,1,1,55,8,1968,2,7,1,1,1
2016500140983,2,3,0,18,0,1,0,0,0,0,1,1,6,1,52,8,125,1,-1,-1,-1,-1
2016500140983,3,9,0,10,0,1,0,0,0,0,1,1,1,1,27,6,1956,2,2,4,1,4
2016500141005,1,9,0,18,0,1,0,0,0,0,1,1,2,2,46,8,2295,1,17,4,2,4
2016500141005,2,9,0,18,0,1,1,0,0,0,3,1,1,1,53,8,-1,-1,-1,4,3,4
2016500141021,1,9,0,17,0,1,0,0,1,11,1,1,6,1,36,7,-1,-1,-1,3,1,3
2016500141290,1,9,0,18,0,8,0,0,1,0,1,1,6,1,27,6,1242,1,12,2,1,2
2016500141295,1,9,0,4,0,8,0,0,0,0,1,1,6,2,27,6,-1,-1,-1,-1,-1,-1
2016500141295,2,3,0,3,0,8,0,0,0,0,2,1,6,2,29,6,124,1,2,4,1,4
2016500141306,1,9,0,10,0,1,0,0,0,0,1,1,6,2,77,11,998,1,1,7,1,7
2016500141306,2,9,0,18,0,1,0,0,0,0,1,1,6,1,47,8,1896,2,12,6,1,6
2016500141309,1,9,0,18,0,0,1,0,0,0,1,1,1,1,33,6,1997,2,14,3,3,3
2016500141309,2,9,0,18,0,0,0,0,0,0,1,1,6,2,60,9,1598,2,6,3,3,3
2016500141318,1,9,0,5,0,1,0,0,0,0,2,1,5,1,25,5,-1,-1,-1,8,1,8
2016500141318,2,5,0,3,0,1,0,0,0,0,1,1,2,1,57,9,745,1,9,1,1,1
2016500141333,1,9,0,18,0,1,1,0,0,0,1,1,6,1,23,5,2204,2,7,9,1,9
2016500141342,1,9,0,18,0,0,0,0,0,0,1,1,6,1,29,6,1560,2,4,6,2,6
2016500141342,2,9,0,2,0,0,0,0,0,0,2,1,6,1,71,10,1390,1,11,4,2,4
2016500141342,3,9,0,2,0,0,0,0,0,0,0,1,6,2,48,8,-1,-1,-1,6,3,6
2016500141359,1,19,0,16,0,0,0,0,0,0,4,1,6,3,-1,-1,-1,-1,-1,-1,-1,-1
2016500141359,2,9,0,16,0,0,1,0,1,0,3,1,2,2,19,4,1199,1,12,9,1,9
2016500141363,1,9,0,16,0,0,1,4,0,0,1,1,6,2,32,6,1956,2,1,7,1,7
2016500141363,2,9,0,16,0,0,0,4,1,0,2,1,6,1,25,5,1198,1,5,9,3,9
2016500141363,3,9,0,2,0,0,0,0,1,9,2,1,6,1,40,7,1968,2,2,5,3,5
2016500141363,4,9,0,2,0,0,0,0,1,9,3,1,6,1,52,8,2902,2,11,1,1,1
2016500141370,1,9,0,9,0,1,0,0,0,0,1,1,5,2,66,10,998,1,14,10,1,10
2016500141370,2,9,0,18,0,1,0,0,0,0,4,1,5,1,45,7,1896,2,9,8,1,8
2016500141384,1,9,0,16,0,0,0,0,0,0,1,1,1,1,52,8,1560,2,11,-1,-1,-1
2016500141392,1,9,0,18,0,0,0,0,0,0,3,1,6,1,39,7,-1,-1,-1,5,1,5
2016500141392,2,9,0,2,0,0,0,0,0,0,4,1,6,2,30,6,1587,1,15,3,1,3
2016500141393,1,9,0,15,0,0,0,0,0,0,1,1,5,2,35,6,1969,2,-1,3,1,3
2016500141393,2,9,0,18,0,0,0,0,0,0,1,1,5,2,54,8,2495,2,13,3,3,3
2016500141410,1,9,0,1,0,6,0,0,0,0,2,1,5,1,62,9,1391,1,19,3,1,3
2016500141422,1,3,0,18,0,8,0,0,0,0,1,1,6,1,31,6,124,1,7,-1,-1,-1
2016500141422,2,9,0,18,0,8,0,0,0,0,2,1,6,1,53,8,1461,2,1,5,1,5
2016500141430,1,90,1,18,0,0,5,0,1,10,1,1,1,1,48,8,11705,2,10,-1,1,-1
2016500141437,1,9,0,1,0,0,0,0,0,0,2,1,1,1,33,6,1997,2,2,6,2,6
2016500141451,1,9,0,18,0,0,0,0,1,3,1,1,5,1,31,6,1984,1,14,3,1,3
2016500141452,1,9,0,17,0,0,2,0,8,10,1,1,5,1,18,4,-1,-1,-1,5,3,5
2016500141463,1,98,0,4,0,8,0,0,0,0,1,1,1,2,24,5,-1,-1,-1,1,1,1
2016500141463,2,9,0,10,0,5,0,0,0,0,2,1,1,1,46,8,-1,-1,-1,7,2,7
2016500141472,1,9,0,18,0,0,0,0,0,0,1,1,5,2,51,8,1598,2,2,3,2,3
2016500141472,2,9,0,18,0,0,0,0,0,0,2,1,5,2,65,9,1596,1,15,5,3,5
2016500141481,1,19,0,2,0,0,0,4,0,0,3,1,1,1,43,7,2143,2,1,3,1,3
2016500141481,2,9,0,2,0,0,0,0,0,0,1,1,5,1,65,9,1968,2,10,6,3,6
2016500141505,1,9,0,7,0,1,0,0,0,0,1,1,5,1,55,8,1242,1,8,3,1,3
2016500141505,2,1,0,18,0,8,0,0,0,0,4,1,5,1,75,10,-1,-1,-1,3,1,3
2016500141520,1,9,0,18,0,0,0,0,0,0,1,1,6,2,72,10,1197,1,1,1,1,1
2016500141520,2,9,0,18,0,0,0,0,0,0,1,1,1,1,65,9,1461,2,-1,7,2,7
2016500141661,1,9,0,14,0,0,1,0,0,0,3,1,5,2,28,6,1968,2,3,7,3,7
2016500141661,2,9,0,18,0,0,0,10,0,0,1,1,5,2,74,10,1998,1,15,7,2,7
2016500141673,1,9,0,18,0,0,0,0,0,0,1,1,5,1,28,6,1360,1,17,9,3,9
2016500141673,2,9,0,4,0,0,0,0,0,0,2,1,6,2,27,6,1596,1,1,8,2,8
2016500141686,1,9,0,18,0,0,0,0,0,0,1,1,1,2,34,6,1990,1,12,8,1,8
2016500141686,2,9,0,18,0,0,0,0,0,0,1,1,1,2,46,8,1248,1,4,8,1,8
2016500141714,1,9,0,18,0,3,0,0,0,0,4,1,5,2,76,11,998,1,10,2,1,2
2016500141714,2,9,0,18,0,4,0,0,0,0,3,1,5,1,30,6,1499,2,-1,10,1,10
2016500141720,1,9,0,18,0,4,0,0,0,0,1,1,1,1,29,6,1199,1,14,7,3,7
2016500141720,2,1,0,18,0,4,0,0,0,0,3,1,6,1,47,8,-1,-1,-1,6,3,6
2016500141733,1,9,0,15,0,0,0,0,0,0,3,1,6,1,34,6,2401,2,11,5,1,5
2016500141733,2,9,0,18,0,0,0,0,0,0,4,1,6,1,52,8,1149,1,11,9,3,9
2016500141747,1,9,0,5,0,1,0,0,0,0,2,1,1,1,51,8,1896,2,10,4,3,4
2016500141772,1,9,0,18,0,0,0,0,0,0,1,1,5,1,23,5,1998,2,9,6,2,6
2016500141821,1,9,0,9,0,8,0,0,0,0,1,1,6,1,31,6,1998,2,13,1,1,1
2016500141821,2,3,0,5,0,8,5,0,0,0,3,1,6,1,38,7,125,1,-1,1,1,1
2016500141893,1,9,0,18,0,1,0,0,0,0,1,1,1,1,37,7,1997,2,8,1,1,1