Accident_Index,Vehicle_Reference,Vehicle_Type,Towing_and_Articulation,Vehicle_Manoeuvre,Vehicle_Location-Restricted_Lane,Junction_Location,Skidding_and_Overturning,Hit_Object_in_Carriageway,Vehicle_Leaving_Carriageway,Hit_Object_off_Carriageway,1st_Point_of_Impact,Was_Vehicle_Left_Hand_Drive?,Journey_Purpose_of_Driver,Sex_of_Driver,Age_of_Driver,Age_Band_of_Driver,Engine_Capacity_(CC),Propulsion_Code,Age_of_Vehicle,Driver_IMD_Decile,Driver_Home_Area_Type,Vehicle_IMD_Decile
2016500176459,1,9,0,18,0,0,0,0,7,0,1,1,6,3,-1,-1,1242,1,16,-1,-1,-1
201650AC2D001,1,9,0,18,0,1,1,0,0,0,1,1,1,1,-1,-1,1753,2,6,4,1,4
201650AC2D002,1,9,0,18,0,1,0,0,0,0,1,1,6,1,-1,-1,-1,-1,-1,-1,-1,-1
201650AC2D002,2,9,0,3,0,1,0,0,0,0,2,1,6,1,51,8,4969,1,8,4,3,4
201650AC2D004,1,9,0,18,0,4,0,0,0,0,1,1,6,2,53,8,1560,2,7,4,1,4
201650AC2D004,2,9,0,9,0,8,0,0,0,0,4,1,6,2,43,7,1968,2,10,3,1,3
201650AC2D007,1,9,0,16,0,0,5,0,2,11,1,1,6,2,29,6,1390,1,14,8,1,8
201650AC2D008,1,9,0,17,0,0,0,10,0,0,1,1,4,1,79,11,1364,1,10,4,1,4
201650AC2D008,2,9,0,2,0,0,0,0,0,0,2,1,6,2,68,10,1242,1,2,4,1,4
201650AC2D009,1,9,0,5,0,4,0,0,0,0,1,1,6,1,40,7,1984,1,9,1,1,1
201650AC2D009,2,9,0,3,0,4,0,0,0,0,2,1,6,2,46,8,1598,1,16,2,1,2
201650AC2D010,1,9,0,16,0,0,0,4,7,11,3,1,1,1,54,8,1499,2,1,4,1,4
201650AC2D010,2,9,0,2,0,0,0,0,0,0,3,1,1,2,20,4,999,1,1,5,1,5
201650AC2D010,3,9,0,2,0,0,0,0,0,0,1,1,1,2,32,6,1870,2,10,2,1,2
201650AC2D012,1,19,0,5,0,6,0,0,0,0,1,1,1,1,30,6,2999,2,2,5,2,5
201650AC2D014,1,9,0,18,0,1,0,0,0,0,1,1,6,1,33,6,1596,1,14,4,1,4
201650AC2D014,2,9,0,9,0,8,0,0,0,0,3,1,6,1,32,6,1793,1,15,4,1,4
201650AC3C002,1,9,0,7,0,2,0,0,0,0,1,1,6,2,36,7,1781,1,18,1,1,1
201650AC3C002,2,1,0,18,0,1,0,0,0,0,1,1,2,1,44,7,-1,-1,-1,7,1,7
201650AC3C004,1,9,0,18,0,0,0,0,0,0,2,1,6,1,38,7,1991,2,11,5,2,5
201650AC3C004,2,9,0,18,0,0,0,0,0,0,1,1,2,1,27,6,1596,1,9,6,1,6
201650AC3C005,1,9,0,7,0,1,0,0,0,0,4,1,3,1,45,7,1995,1,6,2,1,2
201650AC3C007,1,9,0,16,0,0,5,0,0,11,4,1,6,1,68,10,1598,1,6,4,3,4
201650AC3D002,1,9,0,9,0,1,0,0,0,0,1,1,6,2,18,4,973,1,13,9,1,9
201650AC3D002,2,9,0,18,0,1,0,0,0,0,2,1,6,2,79,11,1339,1,13,1,1,1
201650AC3F001,1,19,0,18,0,0,0,0,0,0,1,1,2,1,19,4,1560,2,2,6,1,6
201650AC3F001,2,9,0,3,0,0,0,0,0,0,1,1,6,2,67,10,1896,2,8,4,1,4
201650AC3J004,1,9,0,18,0,0,0,0,0,0,1,1,2,2,35,6,1339,1,12,4,3,4
201650AC3J005,1,9,0,13,0,0,0,0,0,0,1,1,6,2,45,7,1796,1,16,2,1,2
201650AC3J005,2,9,0,18,0,0,0,0,0,0,1,1,1,2,44,7,998,1,1,7,1,7
201650AC3J006,1,9,0,1,0,1,0,0,0,0,2,1,6,2,-1,-1,1199,2,5,-1,-1,-1
201650AC3J006,2,9,0,1,0,1,0,0,0,0,2,1,6,1,51,8,1910,2,8,4,1,4
201650AC3J008,1,9,0,18,0,2,0,0,0,0,1,1,6,1,17,4,1149,1,13,4,3,4
201650AC3J009,1,19,0,18,0,8,0,0,0,0,1,1,6,3,21,5,1995,2,3,2,1,2
201650AC3J009,2,9,0,9,0,1,0,0,0,0,4,1,6,2,52,8,1590,1,15,2,1,2
201650AC3J010,1,19,0,18,0,0,0,0,0,0,2,1,6,3,-1,-1,-1,-1,-1,-1,-1,-1
201650AH2E001,1,9,0,18,0,1,1,0,0,0,1,1,1,1,60,9,1997,2,10,4,3,4
201650AH2E001,2,9,0,10,0,1,1,0,0,0,2,1,6,1,28,6,2198,2,9,4,1,4
201650AH2E002,1,19,0,18,0,0,5,0,1,11,1,1,1,1,45,7,-1,-1,-1,6,1,6
201650AH2J002,1,9,0,16,0,0,0,0,0,0,3,1,6,1,19,4,1689,2,13,5,2,5
201650AH2J002,2,9,0,17,0,0,0,0,0,0,3,1,1,2,53,8,1968,2,4,4,3,4
201650AH2N001,1,19,0,16,0,8,0,0,0,0,1,1,1,1,32,6,1910,2,9,2,1,2
201650AH2N001,2,9,0,17,0,1,0,0,0,0,1,1,6,1,19,4,1396,1,18,4,3,4
201650AH2Q002,1,9,0,18,0,0,0,0,0,0,1,1,6,1,29,6,1242,1,8,8,1,8
201650AH2Q002,2,9,0,3,0,0,0,0,0,0,2,1,2,2,42,7,1392,1,17,4,3,4
201650AH2Q003,1,9,0,5,0,0,0,0,0,0,1,1,6,2,74,10,1400,1,10,8,1,8
201650AH2Q003,2,9,0,18,0,0,0,0,0,0,1,1,6,2,41,7,2400,2,6,7,1,7
201650AH2R003,1,9,0,16,0,0,0,0,0,0,1,1,2,1,39,7,2198,2,1,4,3,4
201650AH2R003,2,9,0,17,0,0,1,0,0,0,4,1,6,2,19,4,1587,1,13,4,3,4
201650AH2R004,1,9,0,5,0,6,1,0,0,0,4,1,6,3,-1,-1,1149,1,14,-1,-1,-1
201650AH2R004,2,8,0,17,0,1,1,0,0,0,1,1,1,1,28,6,-1,-1,-1,4,3,4
201650AH2S002,1,9,0,16,0,0,1,0,8,11,2,1,2,1,21,5,1796,1,10,5,1,5
201650AH2S002,2,9,0,17,0,0,1,0,0,0,1,1,2,1,55,8,1242,1,13,3,1,3
201650AH2S004,1,1,0,18,0,4,0,0,0,0,4,1,2,1,38,7,-1,-1,-1,4,3,4
201650AH2S004,2,9,0,18,0,4,0,0,0,0,1,1,6,1,27,6,1598,2,5,4,3,4
201650AH2S005,1,9,0,9,0,6,0,0,0,0,1,1,6,1,35,6,1870,2,17,5,1,5
201650AH2S005,2,1,0,18,0,1,0,0,0,0,1,1,6,1,19,4,-1,-1,-1,3,1,3
201650AH2S006,1,9,0,18,0,4,0,0,0,0,1,1,6,3,-1,-1,1998,2,15,-1,-1,-1
201650AH2S006,2,9,0,4,0,4,0,0,0,0,2,1,6,1,43,7,2987,2,9,9,3,9
201650AH3R001,1,9,0,18,0,0,0,0,0,11,4,1,2,2,52,8,1149,1,10,5,2,5
201650AH3S002,1,9,0,18,0,0,0,0,0,0,4,1,6,2,74,10,1598,1,13,5,1,5
201650AI3H001,1,9,0,17,0,0,0,0,0,0,1,1,2,1,42,7,-1,-1,-1,3,2,3
201650AI3H001,2,9,0,4,0,0,0,0,0,0,2,1,6,1,76,11,1896,2,13,3,2,3
201650AI3H002,1,9,0,18,0,0,5,0,0,10,1,1,6,1,30,6,1598,1,11,4,2,4
201650AI3J002,1,9,0,9,0,6,0,0,0,0,1,1,6,2,25,5,1197,1,-1,6,2,6
201650AI3J002,2,3,0,18,0,8,0,0,0,0,1,1,1,1,20,4,108,1,-1,2,2,2
201650AI3K001,1,9,0,18,0,0,5,0,1,0,1,1,6,2,33,6,1600,1,12,6,1,6
201650AP2F001,1,9,0,4,0,1,1,0,0,0,1,1,6,1,24,5,1896,2,12,5,2,5
201650AP2F001,2,9,0,18,0,5,0,0,0,0,1,1,6,1,35,6,1299,1,13,3,3,3
201650AP2F002,1,9,0,9,0,6,1,0,0,0,3,1,6,2,18,4,1299,1,13,3,3,3
201650AP2F002,2,9,0,16,0,8,1,0,1,0,1,1,1,1,22,5,-1,-1,-1,5,3,5
201650AP2L002,1,9,0,16,0,0,0,0,0,0,1,1,6,1,58,9,2000,1,20,5,2,5
201650AP2M001,1,19,0,18,0,0,0,0,0,0,1,1,6,2,26,6,1870,2,10,4,3,4
201650AP2M001,2,9,0,3,0,0,0,0,0,0,2,1,6,1,55,8,1995,2,1,4,1,4
201650AP2M003,1,9,0,18,0,1,0,0,0,0,3,1,6,1,61,9,1560,2,7,3,1,3
201650AP2M003,2,9,0,10,0,8,0,0,0,0,1,1,6,2,27,6,-1,-1,-1,4,3,4
201650AP2M004,1,9,0,18,0,1,0,0,0,0,1,1,6,2,23,5,2720,2,9,6,3,6
201650AP2M004,2,9,0,9,0,8,0,0,0,0,3,1,1,1,49,8,-1,-1,-1,4,1,4
201650AP2M005,1,9,0,9,0,8,0,0,0,0,4,1,6,1,71,10,1951,2,14,4,3,4
201650AP2M005,2,9,0,18,0,1,0,0,0,0,1,1,6,1,53,8,-1,-1,-1,6,2,6
201650AP2M006,1,9,0,18,0,1,0,0,0,0,1,1,6,1,53,8,2967,2,4,4,3,4
201650AP2M006,2,9,0,18,0,3,0,0,0,0,1,1,6,2,24,5,1422,2,9,4,3,4
201650AP2M006,3,9,0,18,0,1,0,0,0,0,3,1,6,1,68,10,1289,1,17,4,3,4
201650AP2P001,1,9,0,18,0,4,0,0,0,0,1,1,6,1,87,11,1149,1,13,1,1,1
201650AP2P001,2,9,0,3,0,4,0,0,0,0,2,1,6,1,39,7,-1,-1,-1,4,3,4
201650AP2P003,1,9,0,10,0,3,0,0,0,0,3,1,2,2,58,9,1197,1,1,3,2,3
201650AP2P003,2,1,0,10,0,3,0,0,0,0,4,1,2,2,67,10,-1,-1,-1,5,1,5
201650AP2P004,1,9,0,9,0,0,0,0,0,0,3,1,2,1,29,6,1896,2,13,1,1,1
201650AP2P004,2,3,0,7,0,0,5,0,0,0,3,1,1,1,29,6,124,1,3,3,2,3
201650AS2A001,1,9,0,17,0,0,0,10,2,0,4,1,2,1,27,6,1149,1,14,7,3,7
201650AY2C002,1,9,0,9,0,6,0,0,0,0,1,1,6,2,57,9,-1,-1,-1,3,2,3
201650AY2C002,2,1,0,18,0,8,0,0,0,0,1,1,6,2,34,6,-1,-1,-1,3,2,3
201650AY2D001,1,9,0,7,0,2,0,7,0,0,1,1,6,2,82,11,1086,1,8,4,3,4
201650AY2G001,1,3,0,5,0,6,0,0,0,0,1,1,6,1,28,6,124,1,9,1,1,1
201650AY2G001,2,9,0,18,0,8,0,0,0,0,1,1,6,2,50,8,2926,2,13,4,3,4
201650AY2G002,1,9,0,18,0,0,1,0,0,0,4,1,6,3,-1,-1,1905,2,18,-1,-1,-1
201650BB2B001,1,9,0,17,0,0,1,0,1,11,4,1,6,1,23,5,1596,1,10,4,3,4
201650BB2B002,1,9,0,17,0,0,1,0,2,11,1,1,6,2,49,8,1461,2,13,5,3,5
201650BB2B002,2,9,0,16,0,0,0,0,0,0,0,1,6,1,26,6,1995,2,8,4,3,4
201650BB2B002,3,9,0,18,0,0,0,0,0,0,1,1,6,2,56,9,1896,2,13,5,3,5
201650BB2C001,1,9,0,18,0,1,0,0,0,0,1,1,6,1,48,8,1995,2,8,7,1,7
201650BB2C001,2,9,0,18,0,1,0,0,0,0,2,1,6,2,23,5,1399,2,11,5,1,5
201650BB2C002,1,9,0,18,0,0,1,0,1,9,2,1,2,2,39,7,1596,1,13,5,1,5
201650BB2C003,1,9,0,16,0,0,1,0,1,4,1,1,6,1,20,4,1390,1,14,7,1,7
201650BB2F001,1,21,1,11,0,0,0,0,0,0,4,1,1,1,50,8,10308,2,3,-1,1,-1
201650BB2F001,2,19,0,18,0,0,0,0,0,0,3,1,6,1,36,7,1997,2,11,4,3,4
201650BB2F002,1,9,0,17,0,0,2,0,1,4,1,1,6,1,33,6,1895,1,15,1,2,1
201650BB2F004,1,9,0,18,0,0,0,0,0,0,1,1,6,1,33,6,1299,1,13,10,1,10
201650BB2F004,2,9,0,3,0,0,0,0,0,0,2,1,6,1,63,9,1896,2,14,7,3,7
201650BB2F004,3,9,0,3,0,0,0,0,0,0,2,1,6,1,33,6,1968,2,4,9,1,9
201650BB2G001,1,9,0,18,0,1,0,0,0,0,1,1,6,3,-1,-1,1840,1,16,-1,-1,-1
201650BB2G001,2,19,0,18,0,1,0,0,0,0,1,1,1,1,20,4,2198,2,9,4,3,4
201650BB2H001,1,9,0,18,0,7,0,0,0,0,3,1,6,1,72,10,1798,1,11,3,2,3
201650BB2H001,2,9,0,18,0,1,0,0,8,6,1,1,6,1,51,8,1198,1,5,-1,3,-1
201650BB2H001,3,9,0,18,0,1,0,0,0,0,1,1,6,1,26,6,1560,2,3,2,2,2
201650BB2H001,4,9,0,18,0,1,0,0,0,0,1,1,6,1,34,6,1995,2,2,4,2,4
201650BB2H003,1,9,0,18,0,0,0,0,0,0,2,1,6,1,43,7,1968,2,8,4,3,4
201650BB2H003,2,9,0,18,0,0,1,0,1,0,1,1,1,2,27,6,1997,2,13,5,1,5
201650BB2I001,1,9,0,18,0,0,1,0,7,4,3,1,6,2,55,8,1991,1,18,10,1,10
201650BB2K005,1,9,0,4,0,4,0,0,0,0,4,1,6,2,31,6,1364,1,7,5,1,5
201650BB2K006,1,9,0,18,0,1,0,0,0,0,3,1,6,1,65,9,1995,2,3,7,1,7
201650BB2K006,2,9,0,10,0,1,0,0,0,0,4,1,6,1,52,8,1586,1,7,6,2,6
201650BB2K006,3,9,0,10,0,1,0,0,0,0,2,1,6,2,59,9,1997,2,1,4,3,4
201650BB2K008,1,9,0,18,0,0,0,0,0,0,1,1,6,3,-1,-1,1799,1,9,-1,-1,-1
201650BB2K008,2,9,0,18,0,0,0,0,0,0,1,1,6,1,21,5,2494,1,15,5,1,5
201650BC2B001,1,4,0,18,0,0,0,0,0,0,1,1,1,2,49,8,250,1,7,2,2,2
201650BC2E001,1,9,0,15,0,0,0,0,0,0,1,1,6,1,77,11,1997,2,7,4,3,4
201650BC2E001,2,9,0,18,0,0,0,0,0,0,1,1,6,1,64,9,1598,1,12,4,3,4
201650BC2E001,3,9,0,2,0,0,0,0,0,0,3,1,6,1,49,8,1995,2,14,4,3,4
201650BC2M001,1,9,0,17,0,0,0,0,0,0,3,1,1,1,31,6,2982,2,5,4,3,4
201650BC2M001,2,9,0,16,0,0,0,0,0,0,4,1,1,2,29,6,1968,2,2,5,3,5
201650BD2C001,1,9,0,17,0,0,0,0,1,11,1,1,6,2,30,6,1149,1,12,4,2,4
201650BD2C002,1,5,0,18,0,0,2,0,0,0,3,1,6,1,28,6,660,1,6,6,3,6
201650BD2C002,2,9,0,18,0,0,0,0,0,0,1,1,1,1,41,7,2495,2,17,4,3,4
201650BD2E001,1,9,0,16,0,0,0,0,0,0,1,1,6,1,45,7,1422,2,9,1,1,1
201650BD2E001,2,9,0,17,0,0,0,0,7,0,1,1,6,2,59,9,1600,1,12,-1,-1,-1
201650BD2G001,1,9,0,9,0,6,0,0,1,0,2,1,1,1,63,9,1398,2,10,2,2,2
201650BD2G001,2,9,0,18,0,1,0,0,7,0,1,1,1,1,61,9,-1,-1,-1,6,2,6
201650BD2G002,1,9,0,9,0,8,0,0,0,0,0,1,6,2,52,8,-1,-1,-1,4,3,4
201650BD2G002,2,3,0,18,0,1,2,0,0,0,0,1,2,1,41,7,124,1,13,5,2,5
201650BD2G003,1,9,0,16,0,0,1,0,0,0,3,1,6,1,69,10,1991,1,17,5,3,5
201650BD2G003,2,9,0,17,0,0,1,0,0,0,3,1,6,1,64,9,1395,1,2,4,3,4
201650BD2I005,1,9,0,16,0,0,1,0,0,0,3,1,1,2,29,6,998,1,2,5,2,5
201650BD2I005,2,9,0,17,0,0,0,0,0,0,3,1,6,2,28,6,1986,2,11,4,2,4
201650BD2J002,1,9,0,18,0,0,2,0,1,0,1,1,1,1,43,7,1584,1,10,7,1,7
201650BD2K001,1,9,0,17,0,0,1,0,0,0,1,1,6,1,30,6,2000,1,11,7,1,7
201650BD2M002,1,1,0,18,0,8,0,0,0,0,0,1,6,1,-1,-1,-1,-1,-1,-1,-1,-1
201650BD2M003,1,9,0,9,0,8,0,0,1,11,1,1,6,2,23,5,1388,1,13,7,2,7
201650BD2M004,1,3,0,18,0,0,0,0,0,0,1,1,2,1,20,4,-1,-1,-1,4,3,4
201650BD2M004,2,9,0,3,0,0,0,0,0,0,2,1,6,2,47,8,1198,1,6,5,2,5
201650BE2A001,1,9,0,18,0,0,1,0,0,0,1,1,2,2,22,5,998,1,14,4,3,4
201650BE2A001,2,9,0,18,0,0,0,0,0,0,2,1,2,2,41,7,1461,2,4,3,3,3
201650BE2A001,3,9,0,18,0,0,0,0,0,0,2,1,2,1,64,9,1991,8,-1,4,2,4
201650BE2H001,1,9,0,13,0,0,0,0,1,9,1,1,2,1,23,5,1461,2,12,3,3,3
201650BE2H001,2,9,0,16,0,0,0,0,0,0,1,1,2,1,30,6,2477,2,11,2,2,2
201650BE2H003,1,9,0,7,0,0,0,0,0,0,1,1,6,1,54,8,1596,1,14,4,2,4
201650BE2H003,2,9,0,16,0,0,0,0,0,0,1,1,1,2,53,8,1997,2,10,4,3,4
201650BE2I001,1,9,0,18,0,1,0,0,0,0,1,1,6,2,23,5,1598,1,15,5,3,5
201650BE2I001,2,9,0,10,0,5,0,0,0,0,2,1,6,2,50,8,998,1,6,4,3,4
201650BL2F001,1,9,0,16,0,1,1,6,7,11,1,1,6,2,28,6,1598,1,3,4,2,4
201650BL2G001,1,9,0,17,0,0,2,0,0,10,1,1,6,1,19,4,1248,2,12,4,3,4
201650BL2G001,2,21,0,3,0,0,0,0,0,0,2,1,1,1,27,6,6871,2,10,4,3,4
201650BL2H001,1,9,0,16,0,0,5,0,1,11,1,1,6,1,45,7,1997,2,6,2,1,2
201650BL2K001,1,9,0,13,0,0,1,0,1,0,4,1,6,1,36,7,1985,1,15,2,1,2
201650BL2K001,2,9,0,18,0,0,1,0,0,0,1,1,6,1,18,4,1242,1,15,5,3,5
201650BL2K001,3,9,0,18,0,0,0,0,1,0,2,1,6,1,78,11,1995,2,3,4,2,4
201650BL2K002,1,9,0,18,0,1,1,0,0,0,1,1,6,1,63,9,1299,1,18,6,3,6
201650BL2K002,2,9,0,10,0,1,0,0,0,0,2,1,6,1,35,6,1896,2,18,3,3,3
201650BL2K004,1,1,0,17,0,0,0,4,0,0,1,1,6,1,18,4,-1,-1,-1,4,2,4
201650BL2K004,2,9,0,2,0,0,0,0,0,0,1,1,6,2,22,5,-1,-1,-1,3,2,3
201650BL2K005,1,9,0,9,0,6,0,0,0,0,1,1,6,2,89,11,998,1,17,4,3,4
201650BL2K005,2,9,0,18,0,2,0,0,0,0,1,1,6,2,50,8,1198,1,9,5,2,5
201650BL2K006,1,21,0,9,0,6,0,0,0,0,1,1,1,1,39,7,12130,2,10,7,2,7
201650BL2K006,2,9,0,18,0,8,0,0,0,0,3,1,6,2,20,4,1242,1,10,6,3,6
201650BL2K008,1,9,0,7,0,6,0,0,0,0,1,1,6,2,57,9,1968,2,11,4,3,4
201650BL2K008,2,9,0,7,0,6,0,0,0,0,2,1,6,1,52,8,1995,2,9,3,3,3
201650BL2K009,1,9,0,18,0,0,0,0,0,0,4,1,6,3,24,5,2494,1,16,4,3,4
201650BL2L001,1,9,0,18,0,0,1,10,1,11,1,1,1,1,56,9,-1,-1,-1,4,2,4
201650BL2O001,1,9,0,13,0,0,0,0,0,0,1,1,6,1,23,5,-1,-1,-1,4,3,4
201650BL2O001,2,9,0,18,0,0,0,0,0,0,1,1,6,1,69,10,1399,1,5,8,1,8
201650BL2Q001,1,9,0,9,0,2,0,10,7,10,1,1,6,1,78,11,1200,1,1,5,2,5
201650BL2Q002,1,9,0,5,0,8,0,0,0,0,1,1,6,2,63,9,1968,2,6,3,2,3
201650BL2Q002,2,9,0,17,0,1,1,0,1,11,4,1,6,1,51,8,1590,1,15,5,3,5
201650BN2B001,1,9,0,9,0,6,0,0,1,0,1,1,6,2,85,11,1198,1,12,5,3,5
201650BN2B001,2,9,0,17,0,1,0,0,1,0,1,1,2,1,40,7,1390,1,13,4,3,4
201650BN2B002,1,9,0,16,0,0,1,0,1,10,1,1,2,1,57,9,1598,1,16,6,2,6
201650BN2D001,1,9,0,9,0,6,0,0,0,0,1,1,6,2,84,11,1390,1,9,6,3,6
201650BN2D001,2,9,0,18,0,1,0,0,0,0,1,1,6,1,45,7,1598,1,16,5,1,5
201650BN2D004,1,19,0,9,0,6,0,0,0,0,1,1,6,1,35,6,1995,2,3,6,2,6
201650BN2D004,2,1,0,18,0,1,0,0,0,0,4,1,6,1,35,6,-1,-1,-1,2,2,2
201650BN2D005,1,9,0,7,0,1,0,0,0,0,1,1,6,1,54,8,1686,2,12,6,2,6
201650BN2D005,2,9,0,7,0,1,0,0,0,0,2,1,6,2,36,7,1120,2,4,4,3,4
201650BN2D007,1,19,0,7,0,4,0,0,0,0,1,1,1,1,70,10,2148,2,8,6,3,6
201650BN2D007,2,9,0,18,0,3,0,0,0,0,4,1,6,2,44,7,1299,1,16,3,1,3
201650BN2E001,1,9,0,18,0,0,0,0,0,0,1,1,6,2,42,7,1422,2,1,5,2,5
201650BN2E001,2,9,0,9,0,0,0,0,0,0,4,1,6,1,71,10,1396,2,5,6,3,6
201650BS2A001,1,9,0,16,0,0,1,0,7,4,1,1,6,1,79,11,1461,2,9,7,3,7
201650BS2B001,1,9,0,3,0,0,0,0,0,0,1,1,6,1,47,8,1796,1,16,2,1,2
201650BS2B001,2,9,0,18,0,0,0,0,0,0,2,1,6,2,-1,-1,1582,2,5,-1,-1,-1
201650BS2B001,3,9,0,18,0,0,0,0,1,0,2,1,6,2,24,5,3498,1,5,7,1,7
201650BS2B001,4,9,0,18,0,0,0,0,0,0,1,1,6,1,35,6,1997,2,16,4,3,4
201650BS2G002,1,9,0,9,0,1,0,0,0,0,3,1,6,1,41,7,1396,2,3,5,3,5
201650BS2G002,2,3,0,18,0,1,0,0,0,0,1,1,6,1,17,4,125,1,-1,7,3,7
201650BS2G004,1,8,0,18,0,0,0,4,0,0,1,1,1,1,73,10,1360,1,12,5,1,5
201650BS2G004,2,9,0,2,0,0,0,0,0,0,2,1,6,2,-1,-1,1498,1,-1,3,1,3
201650BS2G005,1,9,0,17,0,0,5,0,1,10,1,1,6,2,69,10,2183,2,6,4,3,4
201650BT2B002,1,9,0,17,0,0,5,0,2,10,4,1,2,1,23,5,1596,1,17,8,2,8
201650BT2D001,1,9,0,18,0,2,0,0,0,0,1,1,4,1,18,4,1360,1,14,8,2,8
201650BT2H001,1,9,0,9,0,6,0,0,7,11,3,1,3,2,42,7,1781,1,12,8,2,8
201650BT2H001,2,9,0,17,0,1,0,0,7,11,1,1,6,1,48,8,2495,2,11,4,3,4
201650BT2H002,1,9,0,16,0,0,1,0,0,0,1,1,6,1,72,10,1198,1,3,8,2,8
201650BT2H003,1,11,0,18,0,0,0,0,2,10,4,1,1,2,36,7,6696,2,1,-1,-1,-1
201650BU2B001,1,9,0,17,0,0,0,0,0,0,1,1,6,1,24,5,1968,2,9,5,3,5
201650BU2B002,1,9,0,3,0,1,0,0,0,0,1,1,6,1,44,7,1686,2,5,4,3,4
201650BU2B002,2,20,0,3,0,1,0,0,0,0,2,1,1,1,41,7,5193,2,4,6,1,6
201650BU2B002,3,9,0,14,0,1,0,0,0,0,0,1,6,1,55,8,1997,2,-1,5,3,5
201650BU2B002,4,17,0,10,0,1,0,0,0,0,0,1,1,1,27,6,686,2,4,4,3,4
201650BU2B003,1,9,0,9,0,1,0,0,0,0,1,1,3,2,49,8,1398,2,10,4,3,4
201650BU2B003,2,9,0,13,0,1,0,0,0,0,1,1,6,1,37,7,1386,1,7,4,3,4
201650BU2J001,1,9,0,16,0,0,1,0,7,10,4,1,6,1,24,5,-1,-1,-1,5,3,5
201650BU2L001,1,9,0,9,0,1,0,0,0,0,4,1,6,1,31,6,1596,1,15,6,3,6
201650BU2L001,2,9,0,18,0,1,0,0,0,0,1,1,6,2,53,8,1229,1,5,3,2,3
201650BU2L002,1,1,0,14,0,0,1,0,0,0,1,1,1,1,18,4,-1,-1,-1,4,3,4
201650BU2L002,2,9,0,2,0,0,0,0,0,0,2,1,1,2,59,9,1339,1,7,4,2,4
201650BW3N001,1,9,0,16,0,0,0,0,0,0,1,1,6,1,27,6,1998,1,8,5,2,5
201650BW3N001,2,3,0,17,0,0,0,0,0,0,1,1,6,1,29,6,124,1,1,7,2,7
201650BW3N001,3,9,0,18,0,0,0,0,0,0,1,1,6,2,50,8,1998,1,11,5,3,5
201650BW3R001,1,9,0,18,9,0,0,0,7,2,1,1,6,1,71,10,2401,2,8,7,3,7
201650BW3R002,1,9,0,2,5,0,0,7,1,10,2,1,6,1,52,8,1995,2,8,7,2,7
201650BW3R002,2,9,0,17,0,0,0,7,1,10,1,1,6,1,61,9,1997,2,1,3,2,3
201650BW3T001,1,9,0,17,0,0,1,0,7,11,3,1,1,2,18,4,1124,1,13,7,2,7
201650BW3T001,2,9,0,16,0,0,0,0,0,0,0,1,6,3,-1,-1,-1,-1,-1,-1,-1,-1
201650BW3T002,1,1,0,18,0,0,0,0,0,0,1,1,1,1,55,8,-1,-1,-1,5,3,5
201650BW3T003,1,9,0,16,0,0,5,0,1,9,3,1,6,1,32,6,1341,1,14,4,2,4
201650BW4U001,1,9,0,18,0,1,0,0,3,0,3,1,6,1,48,8,5000,1,2,5,3,5
201650BW4U001,2,19,0,18,0,8,0,0,0,0,1,1,1,1,57,9,1598,2,1,5,2,5
201650BW4V002,1,9,0,14,0,0,0,0,0,0,3,1,1,1,35,6,1598,1,10,5,3,5
201650CB2A001,1,9,0,18,0,1,0,0,0,0,1,1,6,2,22,5,1388,1,12,7,3,7
201650CB2A001,2,9,0,3,0,6,0,0,0,0,0,1,6,1,27,6,-1,-1,-1,8,3,8
201650CB2A001,3,9,0,2,0,2,0,0,0,0,1,1,6,1,25,5,1364,2,10,2,1,2
201650CB2A001,4,9,0,18,0,1,0,0,0,0,1,1,6,1,84,11,1560,2,10,7,3,7
201650CB2D003,1,1,0,18,0,4,0,0,0,0,1,1,6,1,25,5,-1,-1,-1,3,1,3
201650CB2D003,2,9,0,18,0,4,0,0,0,0,4,1,6,2,17,4,1199,1,12,4,1,4
201650CB2D004,1,9,0,9,0,8,0,0,0,0,1,1,6,2,71,10,2926,2,13,4,1,4
201650CB2D004,2,9,0,18,0,8,0,0,0,0,3,1,6,2,40,7,1598,1,17,5,3,5
201650CB2E001,1,9,0,18,0,8,1,6,0,0,1,1,6,3,-1,-1,1749,1,12,-1,-1,-1
201650CB2E001,2,9,0,18,0,8,0,0,0,0,3,1,3,1,52,8,2179,2,1,5,3,5
201650CB2F002,1,9,0,18,0,0,0,0,0,0,1,1,6,1,58,9,1098,1,34,5,3,5
201650CB2G001,1,9,0,17,0,0,1,0,1,1,3,1,6,1,18,4,1198,1,9,6,2,6
201650CB2H001,1,9,0,18,0,0,5,0,0,0,1,1,2,1,32,6,1956,2,1,5,1,5
201650CB2I001,1,9,0,9,0,6,0,0,0,0,0,1,6,1,63,9,1997,2,1,8,1,8
201650CB2I001,2,19,0,18,0,1,0,0,0,0,0,1,6,1,63,9,1998,2,12,4,2,4
201650CB2M001,1,9,0,17,0,0,0,0,0,0,1,1,6,1,76,11,1997,2,15,6,3,6
201650CB2M001,2,9,0,16,0,0,0,0,0,0,1,1,6,2,49,8,1197,1,1,5,3,5
201650CB2R001,1,9,0,18,0,4,0,0,0,0,2,1,6,1,30,6,1461,2,1,4,1,4
201650CB2R001,2,9,0,11,0,4,0,0,0,0,4,1,6,2,84,11,-1,-1,-1,5,1,5
201650CB2S001,1,9,0,18,0,1,0,0,0,0,1,1,6,2,51,8,1996,1,14,2,1,2
201650CB2S001,2,9,0,3,0,1,0,0,0,0,2,1,6,2,63,9,1496,1,1,9,1,9
201650CB2S004,1,9,0,14,0,0,0,0,0,0,3,1,6,1,67,10,1560,2,1,1,1,1
201650CB2S004,2,9,0,18,0,0,5,0,0,0,4,1,6,1,32,6,2494,1,16,3,1,3
201650CB2S005,1,9,0,9,0,6,0,0,0,0,1,1,6,2,20,4,973,1,16,8,1,8
201650CB2S005,2,1,0,14,0,1,0,0,0,0,1,1,6,1,20,4,-1,-1,-1,8,1,8