Accident_Index,Vehicle_Reference,Vehicle_Type,Towing_and_Articulation,Vehicle_Manoeuvre,Vehicle_Location-Restricted_Lane,Junction_Location,Skidding_and_Overturning,Hit_Object_in_Carriageway,Vehicle_Leaving_Carriageway,Hit_Object_off_Carriageway,1st_Point_of_Impact,Was_Vehicle_Left_Hand_Drive?,Journey_Purpose_of_Driver,Sex_of_Driver,Age_of_Driver,Age_Band_of_Driver,Engine_Capacity_(CC),Propulsion_Code,Age_of_Vehicle,Driver_IMD_Decile,Driver_Home_Area_Type,Vehicle_IMD_Decile
201650CB2S010,1,9,0,4,0,0,0,0,0,0,1,1,6,1,22,5,1596,1,12,8,2,8
201650CB2S010,2,9,0,4,0,0,0,0,0,0,2,1,6,1,55,8,1968,2,-1,4,1,4
201650CB2U001,1,9,0,18,0,0,1,0,0,0,1,1,1,1,-1,-1,998,1,18,9,1,9
201650CB2W002,1,9,0,5,0,0,0,0,0,0,2,1,6,2,23,5,998,1,12,3,1,3
201650CB2W002,2,9,0,5,0,0,0,0,0,0,1,1,6,2,22,5,1229,1,11,5,3,5
201650CB3A001,1,9,0,18,0,0,1,7,1,11,1,1,6,1,27,6,1560,2,4,-1,-1,-1
201650CB3B001,1,9,0,18,0,1,1,0,0,0,1,1,1,2,40,7,1596,1,11,5,1,5
201650CB3B001,2,9,0,10,0,1,0,0,0,0,2,1,3,2,31,6,1896,2,13,3,1,3
201650CB3B002,1,9,0,18,0,0,0,0,0,0,1,1,6,1,57,9,1598,2,2,2,1,2
201650CB3B002,2,9,0,18,0,0,0,0,0,0,2,1,6,2,34,6,1598,1,10,5,1,5
201650CB3B002,3,9,0,18,0,0,0,0,0,0,2,1,6,2,27,6,1910,2,9,6,2,6
201650CB3B003,1,9,0,18,0,0,0,0,0,0,4,1,2,2,45,7,1086,1,6,9,1,9
201650CB3B003,2,1,0,18,0,0,0,0,0,0,1,1,2,1,37,7,-1,-1,-1,7,1,7
201650CB3C001,1,9,0,9,0,8,0,0,0,0,1,1,6,2,84,11,1248,1,3,8,2,8
201650CB3C001,2,11,0,18,0,8,0,0,0,0,4,1,6,1,41,7,9000,2,3,5,1,5
201650CD2D002,1,9,0,18,0,0,5,0,1,4,1,1,6,1,23,5,1595,1,26,4,3,4
201650CD3D001,1,9,0,18,0,0,0,0,0,0,1,1,6,2,-1,-1,1560,2,11,-1,-1,-1
201650CD3D001,2,5,0,4,0,0,0,0,0,0,1,1,6,1,64,9,750,1,17,3,1,3
201650CD3D005,1,9,0,5,0,0,0,0,0,0,1,1,6,2,57,9,1560,2,5,2,1,2
201650CD3D005,2,9,0,3,0,0,0,0,0,0,2,1,6,2,32,6,1461,2,2,5,1,5
201650CD3D005,3,19,0,3,0,0,0,0,0,0,2,1,1,1,34,6,2953,2,9,8,1,8
201650CD3D006,1,9,0,13,0,0,0,0,0,0,4,1,6,1,78,11,1197,1,1,4,1,4
201650CD3D006,2,1,0,18,0,0,0,0,0,0,3,1,6,1,48,8,-1,-1,-1,2,1,2
201650CD3E001,1,9,0,18,0,0,0,0,0,0,4,1,6,2,58,9,1275,1,21,3,1,3
201650CD3E005,1,1,0,18,0,8,0,0,0,0,4,1,2,1,50,8,-1,-1,-1,4,2,4
201650CD3E005,2,9,0,7,0,6,0,0,0,0,3,1,2,1,58,9,3498,1,11,4,2,4
201650CD3F001,1,9,0,4,0,4,0,0,0,0,1,1,3,2,30,6,1598,1,10,4,1,4
201650CD3F001,2,9,0,4,0,4,0,0,0,0,2,1,3,2,29,6,1341,1,11,2,1,2
201650CD3F002,1,9,0,18,0,0,0,0,0,0,1,1,3,2,50,8,1560,2,11,4,3,4
201650CD3F002,2,9,0,3,0,0,0,0,0,0,2,1,6,2,67,10,1390,1,12,5,1,5
201650CD3F002,3,9,0,10,0,0,0,0,0,0,1,1,2,1,35,6,1598,1,16,8,1,8
201650CD3H001,1,9,0,4,0,1,0,0,0,0,1,1,6,2,48,8,1124,1,15,4,2,4
201650CD3H001,2,9,0,5,0,6,0,0,0,0,1,1,2,2,27,6,875,1,3,4,1,4
201650CD3H002,1,9,0,18,0,1,0,0,3,0,1,1,6,1,22,5,1998,1,11,4,1,4
201650CH2F001,1,9,0,18,0,0,0,0,0,0,3,1,6,2,20,4,1149,1,11,4,3,4
201650CH2F001,2,9,0,18,0,0,0,0,0,0,3,1,6,1,71,10,2685,2,12,9,3,9
201650CH2F001,3,9,0,18,0,0,0,0,0,0,1,1,6,1,41,7,1798,1,8,3,2,3
201650CH2L001,1,9,0,1,0,0,0,0,0,0,2,1,3,1,52,8,2088,2,18,4,3,4
201650CH2O001,1,9,0,17,0,0,2,0,1,11,1,1,1,1,34,6,-1,-1,-1,5,3,5
201650CH3F001,1,9,0,9,0,0,0,0,0,0,3,1,1,1,56,9,-1,-1,-1,5,3,5
201650CH3F001,2,21,0,13,0,0,0,0,0,0,1,1,1,1,66,10,10837,2,6,5,3,5
201650CI2E001,1,19,0,18,0,6,0,0,0,0,1,1,1,1,-1,-1,2143,2,5,4,2,4
201650CI2E001,2,9,0,18,0,1,0,0,0,0,4,1,6,2,24,5,1998,1,11,4,1,4
201650CI2F002,1,9,0,15,0,0,5,4,0,0,1,1,2,1,20,4,-1,-1,-1,5,2,5
201650CI2F002,2,9,0,2,0,0,0,0,0,0,2,1,6,1,-1,-1,1598,1,3,5,1,5
201650CI2G002,1,9,0,17,0,2,1,0,1,10,1,1,6,2,63,9,1497,8,3,8,1,8
201650CI2R001,1,9,0,4,0,0,0,0,0,0,1,1,6,2,49,8,1396,1,14,2,1,2
201650CI2R001,2,9,0,4,0,0,0,0,0,0,2,1,6,2,45,7,1242,1,1,3,1,3
201650CI2R002,1,9,0,9,0,5,0,0,0,0,2,1,6,2,20,4,1397,1,14,3,1,3
201650CI2R002,2,9,0,18,0,1,0,0,7,11,1,1,6,1,53,8,3189,1,9,3,1,3
201650CL2D001,1,9,0,16,0,0,2,0,1,10,4,1,1,2,26,6,1242,1,14,5,3,5
201650CN2B001,1,9,0,9,0,6,0,0,0,0,3,1,2,1,14,3,1398,2,14,-1,-1,-1
201650CN2B001,2,1,0,18,0,1,0,0,0,0,1,1,6,1,14,3,-1,-1,-1,-1,-1,-1
201650CN2B002,1,9,0,18,0,0,0,0,0,0,1,1,6,1,81,11,2179,2,6,9,2,9
201650CS2C001,1,9,0,4,0,0,0,0,0,0,1,1,1,1,18,4,-1,-1,-1,3,1,3
201650CS2C001,2,9,0,4,0,0,0,0,0,0,2,1,6,2,64,9,1364,2,2,4,3,4
201650CS2F001,1,9,0,9,0,2,0,0,0,0,1,1,6,2,38,7,1248,1,3,6,2,6
201650CS2G001,1,9,4,18,0,1,0,0,0,0,4,1,1,1,52,8,-1,-1,-1,6,3,6
201650CS2G001,2,9,0,18,0,1,1,0,1,10,1,1,6,2,52,8,1199,1,14,5,2,5
201650CS2L001,1,9,0,18,0,0,0,0,0,0,1,1,6,1,68,10,1686,2,5,4,3,4
201650CS2P001,1,9,0,17,0,0,2,0,0,0,4,1,6,1,22,5,-1,-1,-1,4,3,4
201650CS3V001,1,9,0,17,0,0,1,0,2,4,1,1,2,1,29,6,1242,1,15,5,3,5
201650CS3Y001,1,9,0,17,0,0,1,6,0,0,1,1,3,1,31,6,-1,-1,-1,4,3,4
201650CT2E001,1,5,0,16,0,0,0,0,0,0,1,1,6,1,42,7,647,1,15,1,1,1
201650CT2E001,2,9,0,17,0,0,0,0,0,0,1,1,6,2,-1,-1,1242,1,2,4,2,4
201650CT2E002,1,9,0,16,0,0,0,0,0,0,1,1,6,1,43,7,1984,1,9,6,2,6
201650CT2E002,2,9,0,17,0,0,0,0,0,0,1,1,6,2,18,4,998,1,17,6,3,6
201650CT2F001,1,3,0,17,0,8,0,0,1,11,1,1,1,1,33,6,125,1,2,8,2,8
201650CT2F002,1,9,0,18,0,0,1,0,0,0,1,1,2,1,44,7,1124,1,22,4,3,4
201650CT2F002,2,21,1,18,0,0,0,0,0,0,1,1,1,1,58,9,12419,2,2,6,2,6
201650CT2H001,1,9,0,18,0,0,2,0,2,0,1,1,6,1,41,7,1896,2,20,6,2,6
201650CT2P001,1,9,0,18,0,0,5,0,1,3,1,1,6,1,47,8,1560,2,2,2,1,2
201650CT2Q001,1,9,0,16,0,0,0,0,0,0,1,1,6,1,27,6,1796,1,14,5,3,5
201650CT2Q001,2,19,0,17,0,0,0,0,0,0,1,1,6,1,37,7,2198,2,1,3,1,3
201650CT2V001,1,9,0,17,0,0,1,10,1,9,1,1,6,2,23,5,1596,1,10,10,2,10
201650CT2V001,2,9,0,17,0,0,1,0,0,0,2,1,2,2,-1,-1,1299,1,13,5,3,5
201650CT2W001,1,10,0,18,0,0,1,0,0,0,1,1,1,1,75,10,-1,-1,-1,5,3,5
201650CT2W001,2,9,0,4,0,0,1,0,0,0,1,1,6,2,57,9,-1,-1,-1,5,3,5
201650CT4A001,1,19,0,17,0,2,0,0,1,0,1,1,6,1,26,6,1995,2,6,6,3,6
201650DE2B001,1,9,0,3,0,1,0,0,0,0,0,1,6,1,36,7,1995,2,3,10,1,10
201650DE2B001,2,1,0,18,0,1,1,0,1,11,1,1,6,1,49,8,-1,-1,-1,7,1,7
201650DE2B002,1,19,0,9,0,6,0,0,0,0,4,1,6,3,32,6,1995,2,5,9,1,9
201650DE2B002,2,1,0,18,0,8,0,0,0,0,3,1,2,1,30,6,-1,-1,-1,6,1,6
201650DE2B003,1,9,0,17,0,0,2,0,8,4,3,1,1,1,43,7,1769,1,13,7,3,7
201650DE2B004,1,9,0,14,0,0,0,0,0,0,4,1,6,1,76,11,1598,1,3,9,1,9
201650DE2B005,1,9,0,17,0,0,0,11,0,0,1,1,6,2,25,5,1995,2,11,9,1,9
201650DE2B005,2,9,0,16,0,0,0,0,0,0,1,1,6,1,30,6,2401,2,13,8,2,8
201650DE2C001,1,9,0,18,0,1,0,0,0,0,1,1,6,1,45,7,1242,1,13,2,1,2
201650DE2C003,1,9,0,18,0,0,2,0,0,0,0,1,6,1,18,4,1124,1,12,7,2,7
201650DE2D002,1,9,0,9,0,8,0,0,0,0,1,1,6,1,86,11,1398,2,10,7,2,7
201650DE2D002,2,1,0,18,0,1,0,0,0,0,1,1,2,1,28,6,-1,-1,-1,9,1,9
201650DE2D003,1,3,0,14,0,1,1,4,0,0,1,1,6,1,19,4,125,1,2,5,1,5
201650DE2D003,2,9,0,2,0,1,0,0,0,0,2,1,6,3,-1,-1,-1,-1,-1,2,1,2
201650DE2E001,1,9,0,9,0,5,0,10,0,0,1,1,6,1,84,11,1995,1,4,9,1,9
201650DE2E001,2,9,0,4,0,1,0,0,0,0,3,1,6,2,51,8,1242,1,2,10,1,10
201650DE2E001,3,9,0,4,0,1,0,0,0,0,3,1,6,2,37,7,1598,1,12,10,2,10
201650DE2E001,4,9,0,4,0,1,0,0,0,0,3,1,6,2,39,7,1461,2,12,5,1,5
201650DE2F005,1,9,0,9,0,8,0,0,0,0,4,1,6,1,33,6,1896,2,15,4,3,4
201650DE2F005,2,1,0,18,0,8,0,0,0,0,1,1,1,1,20,4,-1,-1,-1,5,1,5
201650DE2H001,1,9,0,5,0,4,0,0,0,0,3,1,6,2,32,6,1598,1,11,9,1,9
201650DE2H001,2,1,0,18,0,4,1,0,0,0,1,1,6,1,63,9,-1,-1,-1,5,1,5
201650DE2H003,1,9,0,3,0,4,0,0,0,0,3,1,6,2,45,7,1364,2,4,8,1,8
201650DE2H003,2,19,0,14,0,4,0,0,0,0,4,1,6,3,23,5,1998,2,15,-1,-1,-1
201650DE2I001,1,9,0,18,0,1,0,0,0,0,1,1,6,1,43,7,1796,1,8,4,1,4
201650DE2I003,1,1,0,9,0,8,0,0,0,0,1,1,2,2,47,8,-1,-1,-1,9,1,9
201650DE2I003,2,9,0,5,0,8,0,0,0,0,1,1,2,2,26,6,1349,1,2,5,1,5
201650DE2I004,1,9,0,18,0,4,0,4,0,0,1,1,6,3,-1,-1,1753,2,12,-1,-1,-1
201650DE2I004,2,9,0,3,0,4,0,0,0,0,2,1,6,1,19,4,1199,1,17,8,2,8
201650DE2I007,1,1,0,18,0,8,1,0,0,0,0,1,2,1,17,4,-1,-1,-1,1,1,1
201650DE2I007,2,9,0,18,0,8,0,0,0,0,0,1,1,1,-1,-1,1686,2,2,4,1,4
201650DE2I008,1,11,0,4,0,0,0,0,0,0,0,1,1,2,-1,-1,4500,2,5,-1,-1,-1
201650DE2I013,1,9,0,18,0,1,0,0,0,0,1,1,6,1,-1,-1,-1,-1,-1,-1,-1,-1
201650DE2I013,2,9,0,8,0,1,0,0,0,0,2,1,6,1,18,4,1198,1,11,8,2,8
201650DE2J002,1,21,0,18,0,8,0,0,0,0,4,1,1,1,31,6,-1,-1,-1,4,3,4
201650DE2J002,2,9,0,9,0,8,0,0,0,0,1,1,2,1,53,8,1998,2,14,8,1,8
201650DE2J005,1,9,0,18,0,1,0,0,0,0,1,1,6,3,-1,-1,1198,1,5,-1,-1,-1
201650DE2J009,1,9,0,18,0,1,1,0,0,0,1,1,6,1,23,5,1299,1,19,-1,-1,-1
201650DE2J009,2,9,0,9,0,1,0,0,0,0,0,1,6,1,20,4,1149,1,9,6,1,6
201650DE2J009,3,9,0,2,0,1,0,0,0,0,2,1,6,2,21,5,998,1,15,5,1,5
201650DE2J009,4,9,0,2,0,1,0,0,0,0,2,1,6,1,37,7,1560,2,8,6,1,6
201650DE2J009,5,9,0,2,0,1,0,0,0,0,3,1,6,2,-1,-1,1149,1,15,6,1,6
201650DE2K002,1,9,0,18,2,0,0,0,0,0,1,1,1,1,31,6,-1,-1,-1,3,1,3
201650DE2K003,1,8,0,5,0,8,0,0,0,0,3,1,1,1,44,7,1997,2,3,9,1,9
201650DE2K003,2,3,0,18,0,1,0,0,0,0,1,1,6,1,18,4,125,1,3,5,1,5
201650DE2L001,1,9,0,18,0,1,0,0,0,0,0,1,6,3,-1,-1,-1,-1,-1,-1,-1,-1
201650DE2L001,2,3,0,18,0,1,0,0,0,0,0,1,6,1,19,4,125,1,11,8,3,8
201650DE2M001,1,9,0,9,0,8,0,0,0,0,1,1,6,1,24,5,-1,-1,-1,4,3,4
201650DE2M001,2,9,0,18,0,8,0,0,0,0,1,1,6,1,40,7,1968,2,6,8,2,8
201650DE2M004,1,9,0,18,0,0,0,0,0,0,1,1,6,1,49,8,1781,1,14,6,1,6
201650DE2O006,1,9,0,7,0,8,0,0,0,0,1,1,6,2,80,11,1390,1,13,8,1,8
201650DE2O006,2,9,0,10,0,1,0,0,0,0,1,1,1,1,51,8,-1,-1,-1,4,1,4
201650DE2O006,3,9,0,8,0,1,0,0,0,0,1,1,6,1,34,6,1968,2,3,5,1,5
201650DE2Q005,1,9,0,3,0,1,0,0,0,0,1,1,6,3,-1,-1,1489,1,18,-1,-1,-1
201650DE2Q005,2,9,0,3,0,1,0,0,0,0,2,1,6,1,54,8,1910,2,10,9,1,9
201650DE2R004,1,9,0,9,0,8,0,0,0,0,1,1,6,1,20,4,1149,1,12,4,1,4
201650DE2R004,2,9,0,18,0,8,0,0,0,0,1,1,6,2,58,9,1995,2,4,6,3,6
201650DE2R005,1,3,0,18,0,0,0,0,0,0,1,1,1,1,53,8,125,1,1,4,1,4
201650DE2R007,1,9,0,18,0,1,0,0,0,0,1,1,6,2,32,6,1600,2,6,6,3,6
201650DE2R007,2,9,0,10,0,8,0,0,0,0,2,1,6,1,23,5,2982,2,4,5,3,5
201650DE2R010,1,9,0,18,0,2,0,0,0,0,0,1,6,1,-1,-1,2495,2,17,-1,-1,-1
201650DE2R010,2,9,0,18,0,2,0,0,0,0,0,1,6,1,47,8,1598,2,1,8,3,8
201650DE2R011,1,9,0,1,0,1,0,0,0,0,2,1,6,1,27,6,1198,1,11,7,3,7
201650DE2R011,2,9,0,3,0,1,0,0,0,0,1,1,1,1,51,8,1560,2,3,4,1,4
201650DE2S001,1,9,0,18,0,0,0,0,0,0,1,1,6,3,36,7,-1,-1,-1,7,1,7
201650DE2S001,2,9,0,3,0,0,0,0,0,0,2,1,6,2,22,5,1753,2,10,6,3,6
201650DE2T001,1,9,0,5,0,8,0,0,0,0,3,1,1,1,41,7,-1,-1,-1,-1,-1,-1
201650DE2T001,2,5,0,5,0,8,0,0,0,0,4,1,6,1,33,6,-1,-1,-1,-1,-1,-1
201650DE2U002,1,9,0,3,0,3,0,0,0,0,1,1,6,1,48,8,2495,2,14,7,1,7
201650DE2U004,1,9,0,3,0,0,0,0,0,0,2,1,2,1,21,5,1896,2,14,6,2,6
201650DE2U004,2,8,0,4,0,0,0,0,0,0,1,1,3,1,31,6,1956,2,3,5,1,5
201650DE2U004,3,9,0,3,0,0,0,0,0,0,2,1,6,2,58,9,1598,2,3,7,2,7
201650DE2U005,1,20,0,18,0,4,0,0,0,0,4,1,6,3,-1,-1,-1,-1,-1,-1,-1,-1
201650DE2U005,2,19,0,18,0,1,0,0,0,0,3,1,2,1,27,6,1870,2,11,6,3,6
201650DE2V001,1,5,0,16,0,0,1,0,7,4,3,1,6,1,39,7,1099,1,9,5,1,5
201650EC2A004,1,9,0,18,0,8,0,0,0,0,1,1,6,1,35,6,1199,1,13,6,1,6
201650EC2A004,2,9,0,9,0,8,0,0,0,0,1,1,6,1,68,10,1596,1,14,2,1,2
201650EC2A006,1,19,0,3,0,0,0,0,0,0,1,1,2,1,36,7,2143,2,3,2,1,2
201650EC2A006,2,9,0,3,0,0,0,0,0,0,2,1,2,1,44,7,1896,2,9,1,1,1
201650EC2A006,3,9,0,3,0,0,0,0,0,0,2,1,3,2,48,8,1896,2,9,5,3,5
201650EC2A006,4,9,0,3,0,0,0,0,0,0,2,1,2,2,-1,-1,1339,1,11,6,1,6
201650EC2D002,1,9,0,5,0,4,0,0,0,0,1,1,2,1,48,8,1753,2,10,8,1,8
201650EC2D002,2,3,0,18,0,8,0,0,0,0,4,1,2,1,21,5,125,1,3,4,1,4
201650EC2D003,1,9,0,18,0,0,0,0,0,0,1,1,6,1,38,7,1796,1,5,1,1,1
201650EC2D003,2,9,0,16,0,0,0,0,7,2,1,1,6,2,33,6,1956,2,2,1,1,1
201650EC2D003,3,9,0,18,0,0,0,0,0,0,1,1,6,1,25,5,1998,1,20,2,1,2
201650EC2D004,1,9,0,11,0,0,0,0,0,0,0,1,6,1,66,10,1339,1,4,2,1,2
201650EC2D004,2,3,0,18,0,0,0,0,0,0,0,1,6,1,21,5,125,1,1,1,1,1
201650EC2D008,1,9,0,4,0,1,0,0,0,0,1,1,6,1,51,8,2498,2,18,1,1,1
201650EC2D008,2,9,0,4,0,1,0,0,0,0,1,1,1,1,-1,-1,1248,2,2,1,1,1
201650EC2D010,1,9,0,14,0,0,0,0,0,0,1,1,6,1,-1,-1,1686,2,5,9,1,9
201650EC2D010,2,9,0,5,0,0,0,0,0,0,1,1,6,2,33,6,1598,2,4,3,1,3
201650EC2D014,1,2,0,18,0,0,2,0,0,0,1,1,6,2,16,4,49,1,4,3,1,3
201650EC2E001,1,9,0,18,0,0,0,0,0,0,1,1,2,1,29,6,1896,2,12,5,3,5
201650EC2E001,2,22,0,18,0,0,0,0,0,0,3,1,6,2,87,11,-1,-1,-1,2,1,2
201650EC2E004,1,1,0,18,0,1,0,0,0,0,1,1,6,1,60,9,-1,-1,-1,4,2,4
201650EC2E004,2,9,0,18,0,1,0,0,0,0,1,1,6,3,-1,-1,-1,-1,-1,-1,-1,-1
201650EC2E008,1,9,0,18,0,1,0,0,0,0,2,1,1,2,46,8,-1,-1,-1,5,1,5
201650EC2E009,1,9,0,18,0,0,0,0,0,1,4,1,1,1,20,4,1299,1,13,10,2,10
201650EC2E009,2,9,0,2,0,0,0,0,0,0,4,1,6,2,30,6,1364,1,10,3,1,3
201650EC2E014,1,9,0,5,0,0,0,0,0,0,3,1,6,1,46,8,1368,1,7,4,1,4
201650EC2E014,2,1,0,18,0,0,0,0,0,0,4,1,6,2,62,9,-1,-1,-1,9,3,9
201650EC2G002,1,9,0,9,0,5,0,0,0,0,1,1,2,2,64,9,1200,1,1,3,1,3
201650EC2G003,1,9,0,18,0,1,0,10,1,11,1,1,6,1,29,6,1796,1,17,8,1,8
201650EC2G003,2,9,0,9,0,6,0,0,0,0,4,1,6,3,-1,-1,1997,2,8,-1,-1,-1
201650EC2H001,1,3,0,15,0,1,0,0,2,10,3,1,6,1,19,4,125,1,10,1,1,1
201650EC2H001,2,9,0,4,0,1,0,0,0,0,3,1,6,1,22,5,1242,1,11,9,1,9
201650EC2H002,1,9,0,9,0,5,0,0,0,0,1,1,6,1,36,7,1061,1,12,2,1,2
201650EC2H004,1,9,0,3,0,1,0,0,0,0,1,1,6,1,30,6,1686,2,11,2,1,2
201650EC2H004,2,9,0,3,0,1,0,0,0,0,2,1,6,1,48,8,1686,2,2,8,1,8
201650EC2H005,1,9,0,4,0,1,1,0,0,0,1,1,6,1,22,5,1124,1,10,8,3,8
201650EC2H005,2,9,0,3,0,1,0,0,0,0,2,1,6,1,51,8,1560,2,2,6,1,6
201650EC2H006,1,9,0,18,0,1,0,0,0,0,1,1,2,1,56,9,2148,2,14,2,1,2
201650EC2H011,1,5,0,18,0,2,0,0,0,0,3,1,6,1,58,9,1584,1,7,5,1,5
201650EC2H012,1,9,0,1,0,1,0,0,0,0,2,1,6,1,22,5,1124,1,15,8,1,8
201650EC2H013,1,9,0,3,0,1,0,0,0,0,2,1,6,2,37,7,998,1,19,7,1,7
201650EC2H013,2,9,0,18,0,1,0,0,0,0,1,1,6,3,-1,-1,1587,1,9,-1,-1,-1
201650EC2J001,1,90,0,18,0,0,0,0,0,0,1,1,1,3,-1,-1,2987,2,1,-1,-1,-1
201650EC2J001,2,9,0,3,0,0,0,0,0,0,2,1,2,2,24,5,1149,1,8,5,1,5
201650EC2J003,1,9,0,4,0,0,0,0,0,0,0,1,3,1,36,7,2967,1,11,6,1,6
201650EC2J003,2,9,0,4,0,0,0,0,0,0,2,1,2,2,61,9,1560,2,8,1,1,1
201650EC2J004,1,9,0,4,0,0,0,0,0,0,1,1,6,2,60,9,1399,2,13,8,1,8
201650EC2J004,2,9,0,4,0,0,0,0,0,0,2,1,6,1,-1,-1,1598,1,1,1,1,1
201650EC2J004,3,9,0,4,0,0,0,0,0,0,2,1,6,2,45,7,1995,2,8,9,1,9
201650EC2J004,4,9,0,4,0,0,0,0,0,0,2,1,6,2,32,6,1598,2,6,2,1,2
201650ED20002,1,20,0,18,0,7,0,0,0,0,1,1,1,1,48,8,5900,2,12,6,1,6
201650ED20002,2,9,0,18,0,7,0,0,0,0,2,1,6,2,86,11,998,1,15,8,1,8
201650ED2A002,1,9,0,7,0,1,0,0,0,0,2,1,6,3,-1,-1,2521,1,11,-1,-1,-1
201650ED2A002,2,1,0,18,0,2,0,0,0,0,1,1,1,1,45,7,-1,-1,-1,6,3,6
201650ED2B001,1,9,0,18,0,4,0,0,0,0,1,1,6,1,71,10,1799,1,10,4,1,4
201650ED2B001,2,3,0,9,0,3,0,0,0,0,4,1,6,1,49,8,125,1,3,2,1,2
201650ED2B003,1,1,0,18,0,1,5,0,0,0,1,1,6,1,45,7,-1,-1,-1,6,2,6
201650ED2B005,1,9,0,18,0,0,0,0,0,0,1,1,6,1,71,10,1390,1,10,6,1,6
201650ED2B006,1,9,0,18,0,1,0,0,0,0,4,1,6,2,41,7,2000,2,7,4,1,4
201650ED2B006,2,1,0,18,0,1,0,0,0,0,1,1,6,1,12,3,-1,-1,-1,-1,-1,-1
201650ED2C001,1,9,0,18,0,0,0,0,0,0,1,1,2,1,29,6,1896,2,10,9,1,9
201650ED2C001,2,4,0,13,0,0,0,0,0,0,1,1,2,1,42,7,498,1,16,5,1,5
201650ED2C001,3,9,0,18,0,0,0,0,0,0,1,1,2,1,39,7,1339,1,10,7,1,7
201650ED2C002,1,19,0,9,0,6,0,0,0,0,3,1,1,1,18,4,-1,-1,-1,3,1,3
201650ED2C002,2,9,0,18,0,8,0,0,0,0,1,1,6,1,25,5,1997,2,10,2,1,2
201650ED2C003,1,9,0,18,0,0,0,4,0,0,3,1,6,2,52,8,1248,1,7,2,1,2
201650ED2C003,2,9,0,2,0,0,0,0,0,0,3,1,6,2,51,8,1598,1,13,1,1,1
201650ED2D002,1,9,0,9,0,1,0,4,0,0,1,1,6,3,-1,-1,1596,1,15,-1,-1,-1
201650ED2D002,2,9,0,2,0,1,0,0,0,0,3,1,6,2,50,8,1796,1,12,1,1,1
201650ED2D003,1,9,0,7,0,4,0,0,0,0,3,1,6,1,51,8,1995,2,9,1,1,1
201650ED2D003,2,1,0,18,0,8,0,0,0,0,4,1,1,1,56,9,-1,-1,-1,5,1,5
201650ED2D004,1,9,0,16,0,8,0,0,7,2,1,1,6,1,27,6,1595,1,11,2,2,2
201650ED2D005,1,19,0,18,0,1,0,0,0,0,1,1,6,1,30,6,-1,-1,-1,8,3,8
201650ED2D005,2,9,0,3,0,1,0,0,0,0,2,1,2,1,22,5,1584,1,10,4,1,4
201650ED2E001,1,9,0,17,0,0,0,0,0,0,3,1,6,2,29,6,1896,2,11,5,3,5
201650ED2E001,2,1,0,16,0,0,0,0,0,0,1,1,6,1,30,6,-1,-1,-1,-1,-1,-1
201650ED2E003,1,9,0,16,0,2,0,0,0,0,1,1,6,1,19,4,993,1,13,2,1,2
201650ED2E003,2,9,0,4,0,2,0,0,0,0,2,1,6,2,27,6,1229,1,7,5,1,5
201650ED2E004,1,9,0,8,0,6,0,0,0,0,2,1,6,3,-1,-1,-1,-1,-1,-1,-1,-1
201650ED2E005,1,4,0,18,0,1,2,0,0,0,0,1,6,1,20,4,125,1,1,1,1,1
201650ED2I001,1,9,0,7,0,4,0,0,0,0,1,1,6,2,23,5,998,1,13,7,3,7
201650ED2I001,2,9,0,18,0,8,0,4,0,0,4,1,6,1,35,6,1968,2,10,3,1,3
201650ED2I001,3,9,0,2,0,2,0,0,0,0,2,1,6,1,56,9,1242,1,3,7,1,7
201650ED2I002,1,9,0,10,0,8,0,0,0,0,1,1,2,1,32,6,1596,1,11,3,1,3
201650ED2I002,2,3,0,18,0,1,0,0,0,0,1,1,2,1,50,8,124,1,1,3,1,3
201650ED2J001,1,9,0,2,0,2,0,0,0,0,2,1,6,2,29,6,1796,1,16,1,1,1
201650ED2J001,2,9,0,1,0,2,0,4,0,0,2,1,6,2,17,4,1396,1,12,5,1,5
201650ED2J002,1,9,0,18,0,1,0,0,0,0,1,1,6,1,19,4,1598,1,11,4,1,4
201650ED2J002,2,9,0,3,0,1,0,0,0,0,1,1,6,2,23,5,1422,2,1,4,3,4
201650ED2J003,1,9,0,9,0,6,0,0,0,0,1,1,6,1,25,5,1390,1,16,2,1,2
201650ED2J003,2,5,0,18,0,8,0,0,0,0,4,1,6,1,56,9,649,1,2,3,1,3
201650ED2J004,1,9,0,18,0,0,0,0,0,0,1,1,6,2,40,7,1299,1,15,5,1,5
201650ED2J005,1,9,0,5,0,0,0,0,0,0,1,1,2,1,27,6,1149,1,3,2,1,2
201650ED2J007,1,9,0,18,0,0,0,0,0,0,1,1,6,3,-1,-1,-1,-1,-1,-1,-1,-1
201650ED2J008,1,9,0,18,0,0,1,0,0,0,1,1,6,1,39,7,1598,1,17,1,1,1
201650ED2J009,1,9,0,4,0,1,0,0,0,0,1,1,6,1,64,9,1988,1,15,7,3,7
201650ED2K001,1,9,0,18,0,2,0,0,0,0,3,1,6,1,33,6,2231,2,10,2,1,2
201650ED2K002,1,9,0,17,0,0,0,10,1,2,1,1,6,1,30,6,1242,1,19,9,1,9
201650ED2K004,1,9,0,18,0,1,0,0,0,0,0,1,6,1,64,9,1299,1,14,3,1,3
201650ED2K004,2,9,0,10,0,1,0,0,0,0,0,1,6,2,35,6,-1,-1,-1,5,1,5
201650ED2M001,1,9,0,9,0,5,0,0,0,0,1,1,6,1,34,6,2171,1,15,3,1,3
201650ED2M001,2,3,0,18,0,1,0,0,0,0,1,1,1,1,57,9,125,1,7,1,1,1
201650ED2N001,1,9,0,9,0,1,0,0,0,0,3,1,3,1,49,8,1995,2,9,3,1,3
201650ED2N001,2,3,0,14,0,1,0,0,0,0,1,1,6,1,18,4,124,1,12,10,1,10
201650ED2N002,1,9,0,18,0,1,0,0,0,0,1,1,6,1,30,6,2231,2,10,3,1,3
201650ED2N003,1,9,0,18,0,0,0,0,0,0,2,1,2,1,25,5,1598,1,3,8,1,8
201650ED2N003,2,9,0,18,0,0,0,0,0,0,1,1,1,1,37,7,1997,2,8,3,1,3
201650ED2N004,1,3,0,5,0,1,0,0,0,0,1,1,6,1,18,4,100,1,16,1,1,1
201650ED2N005,1,9,0,7,0,6,0,0,0,0,3,1,6,1,17,4,1196,1,21,7,1,7