Accident_Index,Vehicle_Reference,Vehicle_Type,Towing_and_Articulation,Vehicle_Manoeuvre,Vehicle_Location-Restricted_Lane,Junction_Location,Skidding_and_Overturning,Hit_Object_in_Carriageway,Vehicle_Leaving_Carriageway,Hit_Object_off_Carriageway,1st_Point_of_Impact,Was_Vehicle_Left_Hand_Drive?,Journey_Purpose_of_Driver,Sex_of_Driver,Age_of_Driver,Age_Band_of_Driver,Engine_Capacity_(CC),Propulsion_Code,Age_of_Vehicle,Driver_IMD_Decile,Driver_Home_Area_Type,Vehicle_IMD_Decile
201650GE4Q001,1,9,0,18,0,0,0,0,0,0,1,1,2,1,47,8,1896,2,13,5,3,5
201650GE4Q001,2,9,0,16,0,0,1,0,2,0,1,1,2,1,33,6,1598,1,12,6,3,6
201650GE4V001,1,19,0,18,0,1,1,0,0,0,1,1,6,1,28,6,2461,2,8,4,3,4
201650GE4V001,2,9,0,3,0,1,0,0,0,0,2,1,6,1,18,4,1124,1,13,7,3,7
201650GE4V001,3,19,0,3,0,1,0,0,0,0,2,1,6,1,67,10,-1,-1,-1,4,3,4
201650GE4W001,1,9,0,18,0,0,0,0,0,0,1,1,2,1,45,7,799,2,5,5,2,5
201650GE4W001,2,9,0,18,0,0,5,0,7,0,1,1,6,1,26,6,1870,2,10,10,1,10
201650GE4W001,3,9,0,18,0,0,0,0,0,0,1,1,2,1,35,6,1461,2,7,3,1,3
201650GN2A001,1,9,0,16,0,0,0,0,0,0,1,1,6,1,20,4,1242,1,14,-1,-1,-1
201650GN2A001,2,9,0,17,0,0,0,0,0,0,1,1,6,1,21,5,1896,2,10,7,2,7
201650GN2B002,1,9,0,3,0,4,0,0,0,0,1,1,6,2,33,6,1753,2,12,3,1,3
201650GN2B002,2,9,0,9,0,3,0,0,0,0,4,1,6,1,68,10,1596,1,5,7,1,7
201650GN2B002,3,9,0,3,0,4,0,0,0,0,3,1,6,1,28,6,-1,-1,-1,6,1,6
201650GN2B003,1,19,0,9,0,6,0,0,0,0,1,1,1,1,45,7,2198,2,1,4,2,4
201650GN2B003,2,9,0,18,0,1,0,0,0,0,4,1,2,2,37,7,1951,2,13,4,3,4
201650GN2C001,1,9,0,18,0,0,0,0,0,0,1,1,6,2,46,8,2000,1,15,5,3,5
201650GN2C001,2,9,0,18,0,0,0,0,0,0,1,1,6,1,61,9,1560,2,2,6,1,6
201650GN2C002,1,3,0,18,0,4,0,0,0,0,1,1,2,1,42,7,124,1,5,5,1,5
201650GN2C002,2,1,0,9,0,3,0,0,0,0,2,1,2,2,35,6,-1,-1,-1,5,1,5
201650GN2C004,1,9,0,1,0,6,0,0,0,0,0,1,6,2,40,7,1997,2,11,5,1,5
201650GN2D002,1,9,0,2,0,0,0,0,0,0,2,1,1,2,25,5,1197,1,-1,4,1,4
201650GN2D002,2,3,0,18,0,0,0,0,0,0,1,1,6,1,26,6,-1,-1,-1,6,1,6
201650GN2L001,1,5,0,18,0,0,0,0,0,0,3,1,6,1,25,5,-1,-1,-1,4,1,4
201650GN2L002,1,9,0,5,0,8,0,0,0,0,3,1,6,1,34,6,1968,2,1,3,2,3
201650GN2L002,2,3,0,9,0,8,0,0,0,0,3,1,6,1,29,6,125,1,6,4,3,4
201650GN2L003,1,9,0,9,0,4,0,0,0,0,1,1,6,1,76,11,1461,2,2,6,3,6
201650GN2L003,2,5,0,9,0,3,0,0,0,0,4,1,6,1,25,5,636,1,11,1,1,1
201650GP2A001,1,9,0,17,0,0,2,0,0,0,1,1,6,1,18,4,1390,1,15,7,1,7
201650GP2A002,1,9,0,9,0,1,0,0,0,0,1,1,1,1,23,5,1242,1,14,6,1,6
201650GP2A002,2,1,0,13,0,1,1,0,0,0,1,1,1,1,31,6,-1,-1,-1,5,3,5
201650GP2C002,1,9,0,18,0,6,0,0,0,0,1,1,6,1,35,6,1991,2,10,7,1,7
201650GP2D001,1,9,0,16,0,0,1,0,0,11,1,1,6,1,17,4,1149,1,12,5,1,5
201650GP2D002,1,9,0,4,0,0,1,0,0,0,1,1,6,2,22,5,1397,1,7,4,1,4
201650GP2D002,2,9,0,3,0,0,0,0,0,0,2,1,6,2,21,5,1296,1,8,4,1,4
201650GP2D004,1,9,0,3,0,1,0,0,0,0,1,1,6,2,19,4,-1,-1,-1,7,1,7
201650GP2D005,1,9,0,9,0,8,0,0,2,11,1,1,6,2,88,11,1595,1,16,7,1,7
201650GP2D005,2,19,0,2,0,2,0,0,0,0,4,1,6,1,46,8,2461,2,16,3,1,3
201650GP2E001,1,9,0,18,0,0,0,0,0,0,1,1,1,1,23,5,1299,1,17,4,2,4
201650GP2E002,1,9,0,16,0,0,0,0,0,0,1,1,6,1,26,6,1997,2,1,2,1,2
201650GP2E002,2,19,0,17,0,0,0,0,0,0,1,1,6,1,52,8,2148,2,9,3,2,3
201650GP2E002,3,9,0,18,0,0,0,0,0,0,0,1,1,1,-1,-1,2993,2,2,-1,-1,-1
201650GP2I003,1,9,0,18,0,8,0,0,0,0,1,1,6,1,27,6,1364,2,12,5,1,5
201650GP2I003,2,9,0,9,0,3,0,0,0,0,1,1,6,1,26,6,1587,1,17,9,3,9
201650GP2K001,1,9,0,17,0,0,1,0,7,0,1,1,6,1,25,5,998,1,14,2,1,2
201650GR2A001,1,9,0,17,0,0,5,0,0,0,1,1,6,2,18,4,1360,1,13,4,3,4
201650GR2A001,2,9,0,18,0,0,0,0,0,0,1,1,6,2,57,9,996,1,3,5,2,5
201650GR2B002,1,9,0,7,0,6,0,0,0,0,1,1,6,1,73,10,1995,2,6,8,1,8
201650GR2B002,2,9,0,18,0,8,0,0,0,0,4,1,1,1,24,5,-1,-1,-1,3,1,3
201650GR2B003,1,9,0,17,0,0,0,0,2,9,4,1,2,1,20,4,1149,1,2,5,1,5
201650GR2B004,1,9,0,2,0,0,0,0,0,0,2,1,6,2,-1,-1,2902,2,10,5,1,5
201650GR2B004,2,9,0,18,0,0,1,4,0,0,1,1,6,2,39,7,1896,2,11,5,1,5
201650GR2B005,1,9,0,18,0,0,0,0,2,11,1,1,2,2,24,5,1390,1,5,4,1,4
201650GR2C001,1,9,0,18,0,8,0,0,0,0,1,1,6,1,77,11,1582,2,6,5,2,5
201650GR2C001,2,9,0,10,0,8,0,0,0,0,2,1,6,2,29,6,1198,1,5,6,3,6
201650GR2C001,3,9,0,10,0,8,0,0,0,0,2,1,6,1,39,7,999,1,3,6,2,6
201650GR2D001,1,9,0,18,0,0,0,0,0,0,1,1,6,1,18,4,973,1,16,3,1,3
201650GR2D001,2,9,0,18,0,0,0,0,0,0,2,1,6,2,36,7,1360,1,15,4,1,4
201650GR2D002,1,9,0,18,0,8,0,0,0,0,1,1,6,2,26,6,1388,1,12,6,2,6
201650GR2D002,2,9,0,18,0,8,0,0,0,0,3,1,6,2,69,10,1797,8,7,3,2,3
201650GR2E001,1,9,0,7,0,6,0,0,0,0,1,1,6,2,19,4,999,1,17,3,1,3
201650GR2E001,2,9,0,18,0,8,2,0,1,6,4,1,6,1,28,6,1360,1,15,4,2,4
201650GT3F002,1,9,0,9,0,5,0,0,0,0,4,1,6,1,79,11,1896,2,8,5,3,5
201650GT3F002,2,9,0,18,0,8,0,0,0,0,1,1,6,2,58,9,1149,1,2,6,2,6
201650GT3F003,1,9,0,4,0,0,0,0,0,0,2,1,1,1,31,6,-1,-1,-1,3,2,3
201650GT3F003,2,9,0,4,0,0,0,0,0,0,1,1,1,2,17,4,1248,2,8,4,1,4
201650GT3F004,1,21,0,18,0,1,0,0,0,0,4,1,1,1,58,9,4500,2,1,3,2,3
201650GT3F006,1,9,0,18,0,8,0,0,0,0,1,1,6,2,36,7,1275,1,20,5,1,5
201650GT3F006,2,9,0,4,0,8,0,0,0,0,2,1,6,1,30,6,1461,2,7,3,1,3
201650GT3F007,1,19,0,4,0,4,2,0,1,1,1,1,6,1,35,6,1248,2,5,6,1,6
201650GT3F007,2,9,0,4,0,4,0,0,0,0,0,1,6,1,22,5,1598,1,9,4,3,4
201650GT3J001,1,9,0,18,0,0,1,0,8,11,1,1,6,1,17,4,993,1,13,-1,-1,-1
201650GT3W003,1,11,0,10,0,4,0,0,0,0,4,1,1,3,-1,-1,-1,-1,-1,-1,-1,-1
201650GT3W003,2,9,0,3,0,4,0,0,0,0,3,1,6,2,39,7,2495,2,14,5,3,5
201650GT3W006,1,9,0,18,0,4,0,0,0,0,3,1,6,1,65,9,1560,2,1,7,3,7
201650GT3W006,2,1,0,8,0,3,0,0,0,0,1,1,2,1,61,9,-1,-1,-1,7,1,7
201650GT3W009,1,9,0,18,0,0,0,10,0,0,4,1,6,1,23,5,1582,2,1,5,1,5
201650GT3W009,2,9,0,18,0,0,0,0,0,0,0,1,6,3,-1,-1,-1,-1,-1,-1,-1,-1
201650GT3X001,1,9,0,18,0,0,0,0,0,0,1,1,6,2,23,5,1600,1,15,5,3,5
201650GT3X001,2,21,0,5,0,0,0,0,0,0,3,1,1,1,38,7,-1,-1,-1,4,1,4
201650GT3Y003,1,9,0,9,0,1,0,0,0,0,1,1,6,1,72,10,1686,2,11,5,2,5
201650GT3Y004,1,9,0,5,0,6,0,0,0,0,3,1,6,2,86,11,2987,2,8,3,3,3
201650GT3Y004,2,1,0,18,0,1,1,0,3,0,1,1,6,1,22,5,-1,-1,-1,5,3,5
201650GW3L001,1,9,0,16,0,0,5,0,1,0,1,1,6,2,25,5,-1,-1,-1,5,1,5
201650GW3L001,2,9,0,16,0,0,1,0,1,0,1,1,6,1,69,10,1242,1,1,6,3,6
201650GW3L002,1,9,0,3,0,0,0,0,0,0,3,1,6,2,42,7,1360,1,9,1,1,1
201650GW3L002,2,9,0,18,0,0,0,0,0,0,1,1,6,3,-1,-1,-1,-1,-1,-1,-1,-1
201650GW3P001,1,9,0,18,0,0,0,0,0,0,1,1,6,1,65,9,1995,1,11,6,2,6
201650JA2C001,1,9,0,18,0,0,1,0,0,7,1,1,6,1,35,6,1896,2,13,1,1,1
201650JA2C001,2,9,0,2,0,0,0,0,0,0,2,1,6,1,27,6,1753,2,17,5,3,5
201650JA2C001,3,9,0,18,0,0,0,0,0,0,1,1,6,2,45,7,1598,1,9,8,1,8
201650JA2C003,1,9,0,3,0,7,0,0,0,0,1,1,6,1,56,9,1560,2,4,2,1,2
201650JA2C003,2,9,0,3,0,7,0,10,1,7,2,1,6,1,27,6,1587,1,14,8,3,8
201650JA2C006,1,9,0,18,0,0,2,0,1,0,4,1,1,2,22,5,1229,1,7,1,1,1
201650JA2C007,1,9,0,18,0,0,0,4,0,0,1,1,6,1,47,8,1951,2,15,6,3,6
201650JA2C007,2,9,0,2,0,0,0,0,0,0,3,1,6,2,-1,-1,-1,-1,-1,4,2,4
201650JA2C008,1,9,0,5,0,8,0,0,0,0,2,1,6,1,22,5,1560,2,11,5,1,5
201650JA2C008,2,9,0,17,0,1,0,0,0,0,1,1,6,1,35,6,1990,1,17,4,2,4
201650JA2E001,1,9,0,13,0,0,1,0,1,4,2,1,6,1,22,5,2494,1,18,4,3,4
201650JA2E002,1,9,0,13,0,0,2,0,2,10,1,1,6,1,26,6,2993,2,5,2,1,2
201650JC2B001,1,9,0,15,0,0,1,0,4,10,3,1,6,1,56,9,1995,2,4,8,2,8
201650JC2B001,2,9,0,11,0,0,1,0,5,10,4,1,6,1,44,7,973,1,15,3,1,3
201650JC2B002,1,9,0,18,0,0,0,0,0,0,1,1,2,2,23,5,1229,1,3,5,2,5
201650JC2B002,2,9,0,18,0,0,0,0,0,0,2,1,2,2,45,7,1797,8,4,6,2,6
201650JC2E001,1,9,0,18,0,1,0,0,7,11,1,1,2,1,18,4,-1,-1,-1,7,3,7
201650JC2E001,2,9,0,7,0,8,0,0,0,0,1,1,6,2,25,5,1364,1,11,5,2,5
201650JC3H001,1,21,0,2,0,1,0,0,0,0,1,1,1,1,38,7,10677,2,1,4,2,4
201650JC3H001,2,3,0,18,0,1,0,0,0,0,1,1,2,1,31,6,125,1,2,2,1,2
201650JC3H002,1,9,0,18,0,1,0,0,1,10,1,1,6,1,17,4,-1,-1,-1,1,1,1
201650JC3H003,1,20,0,18,0,0,0,0,0,0,4,1,1,1,38,7,-1,-1,-1,5,1,5
201650JC3H003,2,1,0,18,0,0,5,0,0,0,3,1,2,1,19,4,-1,-1,-1,-1,-1,-1
201650JC3H004,1,9,0,6,0,0,0,0,0,0,1,1,2,2,48,8,1598,1,10,10,1,10
201650JC3H004,2,9,0,18,0,0,0,0,0,0,3,1,2,2,60,9,998,1,8,6,1,6
201650JC3H005,1,9,0,9,0,8,0,0,0,0,1,1,6,2,23,5,1124,1,15,8,1,8
201650JC3H005,2,9,0,18,0,1,0,0,0,0,1,1,6,1,61,9,2500,1,17,6,2,6
201650JC3H006,1,9,0,18,0,0,0,0,0,0,3,1,6,3,-1,-1,-1,-1,-1,-1,-1,-1
201650JC3H007,1,9,0,18,0,0,0,0,1,0,4,1,6,2,48,8,1199,1,16,10,2,10
201650JC3K001,1,9,0,9,0,6,0,0,0,0,1,1,6,1,34,6,1388,1,14,7,2,7
201650JC3K001,2,2,0,18,0,8,1,0,0,0,1,1,6,1,64,9,-1,-1,-1,6,1,6
201650JC3O001,1,9,0,18,0,1,0,0,0,0,1,1,6,3,73,10,2495,2,12,10,1,10
201650JC3O001,2,9,0,10,0,5,0,0,0,0,2,1,6,2,34,6,1248,2,7,6,1,6
201650JC4O002,1,9,0,18,0,0,1,0,5,6,1,1,2,2,26,6,1242,1,6,5,3,5
201650JC4Q001,1,9,0,17,0,0,0,0,4,6,3,1,6,2,88,11,1149,1,13,8,1,8
201650JC4Q001,2,9,0,16,0,0,0,0,0,0,3,1,6,1,35,6,1560,2,2,8,3,8
201650JC4R001,1,9,0,18,0,4,0,0,0,0,1,1,6,1,83,11,1560,2,6,5,3,5
201650JC4R001,2,9,0,3,0,8,0,0,0,0,2,1,6,1,22,5,1499,2,1,1,1,1
201650JC4R001,3,9,0,3,0,8,0,0,0,0,1,1,6,1,52,8,1339,1,2,-1,1,-1
201650JC4U001,1,9,0,16,0,0,1,0,1,4,4,1,1,2,21,5,1199,1,15,10,1,10
201650JC4U002,1,9,0,4,0,0,0,0,0,0,2,1,6,1,45,7,1781,1,11,4,1,4
201650JC4U002,2,9,0,4,0,0,0,0,0,0,2,1,6,1,53,8,3600,1,21,3,1,3
201650JC4U002,3,9,0,4,0,0,0,0,0,0,1,1,6,1,57,9,1598,2,1,8,1,8
201650JC4U002,4,9,0,4,0,0,0,0,0,0,2,1,6,2,59,9,-1,-1,-1,2,3,2
201650JC4U002,5,9,0,4,0,0,0,0,0,0,2,1,6,2,46,8,1242,1,2,6,1,6
201650JC4U002,6,9,0,4,0,0,0,0,0,0,1,1,6,1,-1,-1,2993,2,2,-1,-1,-1
201650JC4U003,1,9,0,18,0,0,0,0,1,4,1,1,1,2,44,7,1596,1,8,10,1,10
201650JC4U004,1,9,0,18,0,0,1,0,0,0,1,1,6,1,22,5,1198,1,6,2,1,2
201650JC4U004,2,9,0,18,0,0,0,0,0,0,2,1,6,1,48,8,1598,1,14,5,1,5
201650JC4U005,1,9,0,9,0,1,0,0,3,7,1,1,6,1,24,5,1598,1,10,5,1,5
201650JC4U006,1,9,0,12,0,0,1,0,5,6,1,1,6,1,62,9,1998,2,11,9,3,9
201650JC4V001,1,9,0,18,0,0,0,0,0,0,4,1,6,3,44,7,1685,2,1,6,2,6
201650JC4V002,1,9,0,18,0,0,5,0,5,0,1,1,2,2,24,5,1598,1,14,6,1,6
201650JC4V002,2,21,0,18,0,0,0,0,0,0,2,1,1,1,55,8,9290,2,5,3,1,3
201650JC4V003,1,19,0,12,0,0,1,0,5,6,1,1,1,1,53,8,1686,2,7,3,1,3
201650JC4V004,1,19,0,18,0,1,0,0,0,0,1,1,1,1,53,8,2461,2,11,-1,-1,-1
201650JC4V004,2,9,0,10,0,1,0,0,0,0,2,1,6,1,29,6,1995,1,12,4,1,4
201650JG2A002,1,9,0,16,0,0,0,0,0,0,1,1,6,2,20,4,1240,1,13,8,1,8
201650JG2A003,1,9,0,18,0,0,0,4,0,0,1,1,6,2,70,10,1461,2,9,5,1,5
201650JG2A003,2,19,0,2,0,0,0,0,0,0,1,1,6,1,49,8,-1,-1,-1,5,1,5
201650JG2A004,1,9,0,18,0,1,0,0,0,0,0,1,6,3,-1,-1,-1,-1,-1,-1,-1,-1
201650JG2A004,2,3,0,18,0,1,0,0,0,0,1,1,6,1,19,4,124,1,1,5,1,5
201650JG2A004,3,9,0,18,0,1,0,0,0,0,3,1,6,1,48,8,1997,2,15,-1,-1,-1
201650JG2B001,1,19,0,1,0,0,0,0,0,0,2,1,1,1,34,6,2198,2,1,5,3,5
201650JG2B002,1,3,0,16,0,3,2,10,1,0,1,1,6,1,44,7,124,1,2,4,1,4
201650JG2B003,1,9,0,18,0,1,0,0,0,0,1,1,6,3,-1,-1,1598,2,5,-1,-1,-1
201650JG2B003,2,9,0,18,0,1,0,0,0,0,2,1,6,1,45,7,1339,1,1,6,2,6
201650JG2B003,3,9,0,18,0,1,0,0,0,0,1,1,6,3,-1,-1,1995,2,8,-1,-1,-1
201650JG2C001,1,9,0,17,0,0,0,0,1,4,1,1,6,1,21,5,1390,1,15,5,1,5
201650JG2D001,1,9,0,3,0,0,0,0,0,0,2,1,1,1,39,7,-1,-1,-1,1,1,1
201650JG2D001,2,9,0,18,0,0,0,0,0,0,1,1,2,2,27,6,1896,2,10,5,1,5
201650JG2D002,1,9,0,18,0,0,2,0,8,0,1,1,2,1,26,6,1895,1,15,3,1,3
201650JG2D003,1,9,0,18,0,0,2,10,0,0,1,1,2,1,20,4,1796,1,16,7,1,7
201650JG2D003,2,9,0,18,0,0,0,0,0,0,1,1,2,2,56,9,1248,1,3,7,1,7
201650JG2F001,1,1,0,18,0,1,0,0,0,0,1,1,6,2,41,7,-1,-1,-1,8,1,8
201650JG2F001,2,17,0,9,0,6,0,0,0,0,0,1,6,3,-1,-1,-1,-1,-1,-1,-1,-1
201650JG2F002,1,9,0,9,0,6,0,0,0,0,1,1,6,1,68,10,1896,2,16,7,3,7
201650JG2F002,2,3,0,18,0,1,0,0,0,0,1,1,2,1,18,4,124,1,27,8,1,8
201650JG3G001,1,9,0,18,0,0,1,0,7,11,1,1,6,1,-1,-1,1781,1,13,-1,-1,-1
201650JG3G001,2,9,0,18,0,0,0,0,0,0,0,1,1,1,44,7,1686,2,3,9,1,9
201650JG3J001,1,9,0,16,0,1,1,0,7,0,1,1,2,2,24,5,1360,1,15,9,1,9
201650JG3J002,1,3,0,7,0,5,1,0,0,0,0,1,1,2,23,5,-1,-1,-1,6,2,6
201650JG3J003,1,9,0,16,0,0,5,0,2,11,1,1,6,1,39,7,1328,1,12,-1,-1,-1
201650JH2A001,1,19,0,18,0,1,0,0,0,0,4,1,6,3,-1,-1,-1,-1,-1,-1,-1,-1
201650JH2E001,1,9,0,1,0,0,0,0,0,0,1,1,1,1,43,7,1397,1,14,2,1,2
201650JH2E001,2,9,0,18,0,0,0,0,2,0,1,1,1,1,52,8,998,1,1,9,2,9
201650JH3H001,1,9,0,18,0,0,0,0,0,0,4,1,6,3,-1,-1,-1,-1,-1,-1,-1,-1
201650JI2A002,1,9,0,18,0,0,1,0,0,0,1,1,1,1,67,10,2902,2,12,10,1,10
201650JI2A002,2,9,0,18,0,0,0,0,0,0,1,1,6,1,52,8,1299,1,13,5,3,5
201650JI2A002,3,9,0,18,0,0,1,0,0,0,3,1,6,2,47,8,1242,1,9,5,1,5
201650JI2A003,1,9,0,11,0,5,0,0,2,11,2,1,6,2,34,6,1997,1,8,7,2,7
201650JI2A003,2,21,0,18,0,8,0,0,0,0,1,1,1,1,32,6,12777,2,5,4,3,4
201650JI2C002,1,9,0,18,0,1,1,10,7,1,3,1,2,1,21,5,1229,1,6,3,1,3
201650JI2D001,1,9,0,18,0,0,5,0,1,3,1,1,6,1,25,5,1595,1,11,6,3,6
201650JI2I001,1,9,0,18,0,0,0,0,0,0,2,1,1,2,60,9,1360,1,9,4,3,4
201650JI2I001,2,19,0,4,0,0,0,0,0,0,2,1,1,1,60,9,2402,2,8,4,3,4
201650JI2I002,1,9,0,4,0,0,0,0,0,0,1,1,2,1,36,7,1984,1,3,8,1,8
201650JI2I002,2,19,0,4,0,0,0,0,0,0,2,1,1,1,35,6,2143,2,1,-1,1,-1
201650JI3F001,1,3,0,16,0,0,1,0,0,0,1,1,6,2,21,5,124,1,8,6,1,6
201650JI3F001,2,19,0,17,0,0,0,0,0,0,3,1,1,1,37,7,1995,2,3,8,3,8
201650JI3F002,1,3,0,17,0,0,1,0,0,0,3,1,1,1,51,8,125,1,5,1,1,1
201650JI3F003,1,9,0,17,0,0,2,0,0,0,2,1,6,1,21,5,1587,1,10,1,1,1
201650JI3F004,1,9,0,4,0,0,0,0,0,0,1,1,1,1,76,11,2967,1,12,10,1,10
201650JI3F004,2,9,0,4,0,0,0,0,0,0,2,1,6,1,53,8,1461,2,1,7,1,7
201650JI3F004,3,19,0,4,0,0,0,0,0,0,2,1,6,1,-1,-1,2299,2,1,7,2,7
201650JI3F005,1,9,0,7,0,6,0,0,3,11,1,1,6,1,24,5,1999,1,10,6,3,6
201650JI3J001,1,9,0,18,0,0,2,0,7,11,1,1,1,2,30,6,1390,1,7,6,3,6
201650JI4M002,1,5,0,4,0,0,1,0,0,0,1,1,2,1,23,5,800,1,4,2,1,2
201650JI4M002,2,9,0,4,0,0,0,0,0,0,2,1,2,1,48,8,2143,2,3,1,1,1
201650JI4M003,1,9,0,18,0,8,1,0,0,0,1,1,1,1,68,10,1598,1,18,6,3,6
201650JI4M003,2,1,0,18,0,8,0,0,0,0,1,1,6,1,40,7,-1,-1,-1,7,1,7
201650JK2A003,1,9,0,18,0,8,0,0,0,0,4,1,6,3,-1,-1,-1,-1,-1,-1,-1,-1
201650JK2B001,1,9,0,17,0,0,1,0,0,0,1,1,1,1,42,7,1997,2,17,3,3,3
201650JK2B001,2,9,0,18,0,0,0,0,0,0,1,1,6,2,27,6,1198,1,5,8,2,8
201650JK2G001,1,9,0,17,0,0,1,0,7,10,1,1,1,1,22,5,1598,1,15,5,3,5
201650JK2I001,1,19,0,1,0,1,0,0,0,0,2,1,1,1,45,7,2198,2,5,5,2,5
201650JK2L001,1,19,0,17,0,0,1,0,0,0,1,1,1,1,31,6,2461,2,15,5,3,5
201650JK2L001,2,21,0,16,0,0,0,0,0,0,1,1,1,1,44,7,12580,2,11,6,3,6
201650JK2M001,1,9,0,9,0,8,0,0,0,0,1,1,6,2,56,9,1198,1,11,7,2,7
201650JK2M001,2,9,0,10,0,2,0,0,0,0,4,1,6,1,35,6,1796,1,10,1,1,1
201650JK2V001,1,9,0,5,0,1,0,0,0,0,1,1,6,2,76,11,1390,1,8,5,3,5
201650JK2V001,2,9,0,18,0,1,0,0,0,0,1,1,6,2,22,5,1240,1,13,7,2,7
201650JK2V001,3,9,0,3,0,1,0,0,0,0,1,1,6,1,68,10,1986,2,10,9,1,9
201650JN2B001,1,9,0,5,0,4,0,0,0,0,1,1,6,2,39,7,1910,2,6,3,1,3
201650JN2B001,2,9,0,9,0,3,0,0,0,0,4,1,6,1,47,8,1396,1,14,1,1,1
201650JN2B004,1,9,0,18,0,1,0,0,0,0,1,1,6,1,29,6,1197,1,1,8,1,8
201650JN2B004,2,9,0,16,0,7,0,0,0,0,1,1,6,2,52,8,1597,1,16,8,1,8
201650JN2E002,1,9,0,17,0,0,2,0,1,0,4,1,2,1,27,6,2495,2,18,6,1,6
201650JN2E003,1,9,0,16,0,0,2,0,2,3,1,1,6,1,18,4,973,1,14,3,1,3
201650JN2F001,1,9,0,18,0,0,0,0,0,0,1,1,2,1,24,5,1149,1,10,5,1,5
201650JN2F002,1,9,0,18,1,0,0,0,0,0,1,1,6,2,24,5,1364,1,9,4,1,4
201650JN2F002,2,9,0,3,0,0,0,0,0,0,2,1,6,2,25,5,1360,1,11,3,1,3
201650JN2I002,1,9,0,17,0,0,2,0,7,9,1,1,6,1,43,7,1951,2,12,4,2,4
201650JN2J001,1,9,0,17,0,0,2,0,0,10,2,1,6,1,30,6,1360,1,11,4,2,4
201650JN2J005,1,9,0,18,0,0,0,0,0,0,1,1,6,1,69,10,1364,1,1,4,1,4
201650JN2J005,2,9,0,18,0,0,0,0,0,0,2,1,1,1,62,9,1598,2,1,8,3,8
201650JN2L002,1,9,0,3,0,4,0,0,0,0,2,1,6,2,34,6,1896,2,7,10,1,10
201650JN2L002,2,9,0,4,0,4,0,0,0,0,1,1,6,1,65,9,1392,1,18,8,3,8
201650JN2L003,1,9,0,18,0,1,2,10,0,10,1,1,2,1,19,4,1598,1,11,8,2,8
201650JN2L003,2,9,0,10,0,1,0,0,0,0,1,1,6,2,47,8,1968,2,1,7,1,7
201650JN2M001,1,9,0,18,0,0,0,0,0,0,1,1,6,1,18,4,1392,1,22,6,3,6
201650JN2M001,2,9,0,4,0,0,0,0,0,0,2,1,6,2,46,8,1388,1,11,3,1,3
201650JN2N003,1,3,0,16,0,0,2,0,0,0,3,1,6,1,60,9,125,1,2,8,1,8
201650JN2N003,2,9,0,17,0,0,0,0,0,0,3,1,1,1,65,9,2495,2,15,6,3,6
201650JN2O001,1,19,0,17,0,0,0,4,7,10,1,1,1,1,51,8,2370,2,20,7,2,7
201650JN2O001,2,9,0,2,0,0,0,0,0,0,2,1,6,3,-1,-1,1248,1,1,3,1,3
201650JN2O002,1,9,0,5,0,1,0,0,0,0,4,1,2,2,37,7,1299,1,18,1,1,1
201650JN2O002,2,9,0,5,0,1,0,0,0,0,1,1,2,2,23,5,1229,1,10,6,1,6
201650JN2O003,1,9,0,10,0,1,0,0,0,0,1,1,6,1,-1,-1,1587,1,20,-1,-1,-1
201650JN2O003,2,9,0,18,0,8,0,0,0,0,4,1,2,2,26,6,1200,1,-1,8,1,8
201650JN2P001,1,9,0,16,0,0,0,0,0,0,1,1,6,1,30,6,1589,1,21,6,1,6
201650JN2P001,2,19,0,17,0,0,0,0,0,0,1,1,6,1,45,7,2198,2,2,6,2,6
201650JO2D001,1,9,0,17,0,0,2,0,2,0,1,1,1,1,59,9,-1,-1,-1,4,3,4
201650JO2G001,1,9,0,16,0,0,1,0,1,0,1,1,6,2,21,5,1229,1,5,5,3,5
201650JO2J001,1,9,0,5,0,1,0,0,0,0,1,1,6,3,31,6,1299,1,10,5,3,5
201650JO2L001,1,9,0,16,0,0,1,0,8,10,1,1,2,1,25,5,1997,2,15,6,2,6
201650JO2R001,1,9,0,9,0,6,0,0,0,0,3,1,6,2,90,11,1061,1,12,7,2,7
201650JO2R001,2,9,0,18,0,1,0,0,0,0,1,1,6,2,23,5,993,1,14,4,2,4
201650JO2S001,1,3,0,16,0,0,0,0,0,0,0,1,6,1,44,7,124,1,14,4,2,4
201650JO3C001,1,9,0,18,0,0,1,0,0,0,4,1,2,2,21,5,998,1,3,7,2,7
201650JO3C001,2,9,0,18,0,0,1,0,0,0,1,1,2,1,53,8,1956,2,1,3,3,3
201650JO3C002,1,9,0,18,0,0,0,0,0,0,1,1,6,1,29,6,1769,2,22,6,3,6
201650JO3C002,2,21,0,18,0,0,0,0,0,0,2,1,1,1,-1,-1,-1,-1,-1,-1,-1,-1
201650JO3C003,1,19,0,18,0,0,0,0,0,0,1,1,1,1,32,6,2198,2,10,4,3,4
201650JO3C003,2,9,0,18,0,0,0,0,0,0,1,1,6,2,19,4,1229,1,5,9,1,9
201650JO3E002,1,9,0,18,0,0,2,0,1,11,1,1,6,2,32,6,998,1,3,2,1,2
201650JO3E003,1,9,0,12,0,0,1,0,1,4,1,1,2,1,50,8,1956,2,3,5,3,5
201650JO3E003,2,9,0,18,0,0,1,0,1,9,1,1,6,1,50,8,2496,2,13,3,1,3
201650JO3E003,3,9,0,2,0,0,0,0,4,0,2,1,1,1,46,8,1200,1,3,5,2,5
201650JO3E003,4,9,0,18,0,0,1,0,0,0,2,1,2,1,44,7,1598,1,3,5,2,5
201650JO4P001,1,9,0,17,0,0,5,0,1,4,1,1,6,3,-1,-1,1870,2,14,-1,-1,-1
201650JS2B001,1,9,0,18,0,2,1,0,1,4,1,1,1,1,59,9,1896,1,19,7,3,7
201650JS2B001,2,9,0,4,0,3,1,0,0,0,0,1,1,1,64,9,1896,2,12,7,3,7
201650JS2B002,1,9,0,5,0,4,0,0,0,0,3,1,2,2,45,7,1560,2,8,6,2,6
201650JS2B002,2,1,0,18,0,3,0,0,0,0,1,1,6,1,65,9,-1,-1,-1,4,2,4