Accident_Index,Vehicle_Reference,Vehicle_Type,Towing_and_Articulation,Vehicle_Manoeuvre,Vehicle_Location-Restricted_Lane,Junction_Location,Skidding_and_Overturning,Hit_Object_in_Carriageway,Vehicle_Leaving_Carriageway,Hit_Object_off_Carriageway,1st_Point_of_Impact,Was_Vehicle_Left_Hand_Drive?,Journey_Purpose_of_Driver,Sex_of_Driver,Age_of_Driver,Age_Band_of_Driver,Engine_Capacity_(CC),Propulsion_Code,Age_of_Vehicle,Driver_IMD_Decile,Driver_Home_Area_Type,Vehicle_IMD_Decile
2016520601104,2,9,0,18,0,0,0,0,0,0,1,1,6,2,56,9,1398,1,4,8,3,8
2016520601106,1,9,0,14,0,0,0,0,0,0,1,1,6,2,83,11,1396,1,17,3,2,3
2016520601106,2,9,0,18,0,0,0,0,0,0,1,1,6,3,-1,-1,-1,-1,-1,-1,-1,-1
2016520601115,1,9,0,18,0,0,0,0,0,0,1,1,6,1,83,11,1124,1,15,7,3,7
2016520601119,1,9,0,17,0,0,1,0,2,3,1,1,6,1,48,8,1896,2,15,8,1,8
2016520601119,2,9,0,16,0,0,1,0,7,0,1,1,6,2,55,8,1398,1,3,-1,-1,-1
2016520601140,1,9,0,18,0,8,0,0,0,0,1,1,6,2,38,7,1997,2,12,7,3,7
2016520601140,2,9,0,9,0,6,0,0,0,0,3,1,6,2,30,6,1598,2,5,9,2,9
2016520601141,1,9,0,18,0,1,0,0,0,0,1,1,6,1,30,6,-1,-1,-1,7,1,7
2016520601141,2,9,0,10,0,5,0,0,0,0,2,1,6,1,33,6,1896,2,9,8,3,8
2016520601141,3,9,0,18,0,1,0,0,0,0,1,1,6,1,61,9,-1,-1,-1,9,1,9
2016520601147,1,1,0,18,0,6,0,0,0,0,4,1,6,2,30,6,-1,-1,-1,2,1,2
2016520601147,2,9,0,1,0,6,0,0,0,0,2,1,6,1,25,5,-1,-1,-1,-1,-1,-1
2016520601157,1,9,0,18,0,0,0,0,0,0,1,1,6,1,43,7,2490,2,20,6,3,6
2016520601160,1,9,0,18,0,8,0,0,0,0,1,1,6,2,21,5,998,1,5,7,3,7
2016520601160,2,9,0,18,0,8,0,0,0,0,1,1,6,1,48,8,1582,2,5,7,3,7
2016520601169,1,9,0,18,0,0,0,0,1,0,1,1,6,1,21,5,1199,1,14,8,1,8
2016520601173,1,9,0,18,0,1,2,0,1,0,1,1,6,1,59,9,-1,-1,-1,5,3,5
2016520601176,1,9,0,18,0,0,0,0,0,0,1,1,6,1,61,9,2179,2,3,2,1,2
2016520601176,2,9,0,18,0,0,0,0,0,0,1,1,6,2,20,4,1360,1,17,5,3,5
2016520601184,1,9,0,17,0,1,1,0,7,0,1,1,6,2,20,4,1896,2,15,7,3,7
2016520601184,2,9,0,16,0,1,0,0,0,0,3,1,6,2,55,8,1910,2,10,9,2,9
2016520601192,1,9,0,6,0,0,0,0,0,0,1,1,6,2,35,6,1596,1,6,9,1,9
2016520601192,2,9,0,18,0,0,0,0,0,0,0,1,6,2,37,7,2290,1,11,8,1,8
2016520601209,1,9,0,18,0,0,0,0,0,0,1,1,6,2,19,4,1360,1,14,7,3,7
2016520601242,1,9,0,18,0,0,0,0,1,10,1,1,6,1,32,6,1328,1,11,6,1,6
2016520601242,2,9,0,4,0,0,0,0,0,0,2,1,6,2,62,9,1596,1,15,7,3,7
2016520601242,3,9,0,3,0,0,0,0,0,0,2,1,6,1,86,11,505,1,4,7,3,7
2016520601258,1,9,0,3,0,1,0,0,0,0,2,1,6,2,40,7,1498,1,-1,9,2,9
2016520601258,2,9,0,18,0,1,1,0,0,0,1,1,6,2,45,7,1796,1,16,-1,-1,-1
2016520601266,1,19,0,17,0,0,1,0,0,0,1,1,1,1,68,10,2198,2,2,8,2,8
2016520601266,2,19,0,16,0,0,0,0,0,0,1,1,6,1,27,6,1598,7,13,4,3,4
2016520601289,1,9,0,3,0,0,0,0,0,0,2,1,1,1,53,8,-1,-1,-1,6,1,6
2016520601289,2,21,1,18,0,0,0,0,0,0,1,1,1,1,53,8,10518,2,9,4,1,4
2016520601289,3,9,0,4,0,0,0,0,0,0,2,1,6,1,64,9,1968,2,2,7,3,7
2016520601289,4,9,0,10,0,0,0,0,0,0,0,1,6,1,77,11,2987,2,2,-1,-1,-1
2016520601299,1,9,0,9,0,5,0,0,0,0,3,1,6,1,37,7,2969,2,12,6,1,6
2016520601299,2,4,0,18,0,8,0,0,0,0,1,1,6,1,27,6,397,1,19,2,1,2
2016520601301,1,9,0,17,0,0,2,0,1,1,1,1,6,1,54,8,1596,1,12,9,2,9
2016520601306,1,9,0,18,0,0,1,0,0,0,1,1,6,1,43,7,-1,-1,-1,6,3,6
2016520601306,2,9,0,18,0,0,1,0,2,0,1,1,6,1,23,5,1149,1,11,6,3,6
2016520601313,1,9,0,9,0,1,0,0,0,0,3,1,6,2,29,6,1799,1,6,5,1,5
2016520601313,2,1,0,18,0,8,1,0,0,0,1,1,6,1,41,7,-1,-1,-1,5,1,5
2016520601323,1,9,0,7,0,3,0,0,0,0,3,1,6,1,49,8,1956,2,3,6,1,6
2016520601328,1,9,0,9,0,8,0,0,0,0,4,1,6,1,28,6,1299,1,17,-1,1,-1
2016520601328,2,3,0,10,0,8,0,0,0,0,1,1,6,1,21,5,125,1,1,8,1,8
2016520601332,1,9,0,18,0,0,0,0,0,0,4,1,1,3,-1,-1,-1,-1,-1,-1,-1,-1
2016520601333,1,9,0,12,0,0,0,0,0,0,1,1,6,1,69,10,1896,2,12,5,3,5
2016520601333,2,9,0,4,0,0,0,0,0,0,2,1,6,1,28,6,1560,2,2,1,1,1
2016520601333,3,9,0,4,0,0,0,0,0,0,2,1,6,2,31,6,-1,-1,-1,7,3,7
2016520601333,4,9,0,4,0,0,0,0,0,0,2,1,6,1,-1,-1,2967,1,11,2,1,2
2016520601335,1,9,0,9,0,1,0,0,0,0,3,1,6,1,18,4,1248,2,7,4,3,4
2016520601336,1,9,0,13,0,0,0,0,0,0,4,1,6,1,73,10,1560,2,5,3,1,3
2016520601336,2,1,0,12,0,0,0,0,0,0,3,1,6,1,40,7,-1,-1,-1,3,1,3
2016520601361,1,9,0,4,0,4,0,0,0,0,2,1,1,1,23,5,1984,1,6,10,1,10
2016520601361,2,9,0,4,0,4,0,0,0,0,1,1,6,1,25,5,-1,-1,-1,-1,-1,-1
2016520601381,1,9,0,18,0,1,0,0,0,0,4,1,6,2,20,4,1596,1,13,7,3,7
2016520601381,2,9,0,18,0,1,5,0,0,0,1,1,6,1,20,4,1299,1,10,9,3,9
2016520601387,1,9,0,1,0,2,0,0,0,0,2,1,6,1,68,10,1560,2,3,6,2,6
2016520601387,2,9,0,2,0,1,0,0,0,0,1,1,6,2,26,6,1398,2,12,7,3,7
2016520601410,1,9,0,18,0,1,0,0,0,0,1,1,6,2,72,10,1796,1,10,8,1,8
2016520601410,2,9,0,9,0,1,0,0,0,0,1,1,6,2,42,7,1997,2,12,1,1,1
2016520601418,1,9,0,7,0,0,0,0,0,0,3,1,6,1,33,6,1997,2,8,2,1,2
2016520601418,2,1,0,18,0,0,0,0,0,0,3,1,6,1,18,4,-1,-1,-1,5,3,5
2016520601422,1,9,0,18,0,1,0,0,0,0,1,1,6,2,44,7,1360,1,13,8,1,8
2016520601424,1,9,0,18,0,1,0,0,0,0,3,1,6,3,-1,-1,-1,-1,-1,-1,-1,-1
2016520601424,2,9,0,9,0,8,0,0,0,0,3,1,6,2,51,8,1229,1,11,10,1,10
2016520601424,3,9,0,18,0,1,0,0,0,0,0,1,1,1,-1,-1,2993,2,3,-1,-1,-1
2016520601426,1,9,0,18,0,0,0,0,0,0,4,1,6,1,39,7,3996,1,14,4,2,4
2016520601426,2,1,0,18,0,0,0,0,0,0,1,1,6,1,60,9,-1,-1,-1,6,3,6
2016520601428,1,9,0,16,0,0,0,0,0,0,1,1,6,1,59,9,1975,1,9,5,1,5
2016520601440,1,9,0,18,0,0,1,0,2,9,1,1,6,1,22,5,1995,2,12,8,1,8
2016520601444,1,9,0,17,0,0,2,0,1,10,4,1,6,2,21,5,1149,1,14,7,1,7
2016520601456,1,2,0,18,0,8,0,0,0,0,2,1,6,1,16,4,-1,-1,-1,6,2,6
2016520601456,2,9,0,18,0,8,0,0,0,0,1,1,6,2,46,8,1596,1,11,4,2,4
2016520601458,1,9,0,18,0,0,2,0,1,0,1,1,6,2,42,7,-1,-1,-1,4,3,4
2016520601458,2,9,0,18,0,0,0,0,0,0,1,1,6,1,26,6,1956,2,5,8,1,8
2016520601463,1,9,0,18,0,1,0,0,0,0,1,1,6,1,17,4,1599,1,11,7,1,7
2016520601463,2,9,0,18,0,1,0,0,0,0,3,1,6,2,22,5,1781,1,14,9,2,9
2016520601466,1,9,0,18,0,8,0,0,0,0,1,1,6,1,55,8,-1,-1,-1,3,1,3
2016520601466,2,9,0,18,0,1,0,0,0,0,1,1,6,2,44,7,1590,1,17,3,1,3
2016520601506,1,9,0,18,0,0,0,0,0,0,2,1,6,2,22,5,1997,2,6,5,3,5
2016520601506,2,9,0,18,0,0,0,0,0,0,1,1,6,2,29,6,1799,1,10,5,1,5
2016520601522,1,19,0,2,0,0,0,0,0,0,2,1,1,1,61,9,2287,2,8,5,1,5
2016520601522,2,9,0,18,0,0,1,4,0,0,1,1,6,1,63,9,1398,1,5,4,2,4
2016520601535,1,9,0,18,0,0,0,0,0,0,1,1,6,1,30,6,1956,2,3,5,2,5
2016520601535,2,5,0,3,0,0,0,0,0,0,2,1,6,1,46,8,1137,1,12,7,3,7
2016520601535,3,9,0,3,0,0,0,0,0,0,2,1,1,1,44,7,-1,-1,-1,2,1,2
2016520601548,1,9,0,18,0,0,0,4,0,0,1,1,6,1,19,4,-1,-1,-1,-1,1,-1
2016520601548,2,9,0,2,0,0,0,0,0,0,3,1,6,3,-1,-1,-1,-1,-1,-1,-1,-1
2016520601548,3,9,0,18,0,0,0,0,0,0,0,1,6,1,31,6,-1,-1,-1,5,2,5
2016520601551,1,9,0,17,0,0,2,0,1,0,1,1,6,2,44,7,1796,1,9,9,3,9
2016520601552,1,9,0,18,0,1,0,0,0,0,1,1,6,3,-1,-1,1796,1,15,-1,-1,-1
2016520601552,2,9,0,18,0,8,0,0,0,0,1,1,6,2,47,8,1360,1,16,5,1,5
2016520601556,1,9,0,18,0,0,0,0,0,0,4,1,6,3,-1,-1,-1,-1,-1,-1,-1,-1
2016520601558,1,9,0,18,0,0,1,0,7,0,1,1,6,1,25,5,2300,1,17,-1,-1,-1
2016520601558,2,9,0,18,0,0,0,0,0,0,0,1,6,1,40,7,-1,-1,-1,-1,-1,-1
2016520601566,1,9,0,17,0,0,2,0,8,10,1,1,6,2,24,5,998,1,17,10,3,10
2016520601569,1,19,0,18,0,0,0,0,0,0,0,1,6,1,36,7,1686,2,3,10,1,10
2016520601569,2,19,0,16,0,0,0,0,0,0,0,1,6,3,-1,-1,-1,-1,-1,-1,-1,-1
2016520601571,1,9,0,18,0,0,0,0,0,0,1,1,6,1,75,10,1686,2,10,6,3,6
2016520601571,2,9,0,18,0,0,0,0,0,0,2,1,6,1,27,6,1598,1,1,5,1,5
2016520601571,3,9,0,18,0,0,0,0,0,0,2,1,6,2,63,9,2996,1,9,5,3,5
2016520601575,1,9,0,3,0,0,0,0,0,0,1,1,6,2,38,7,1999,1,9,5,3,5
2016520601575,2,9,0,18,0,0,0,0,0,0,1,1,6,1,25,5,1396,1,16,-1,-1,-1
2016520601585,1,9,0,18,0,1,0,0,0,0,1,1,6,2,51,8,1998,2,11,7,3,7
2016520601585,2,9,0,18,0,8,0,0,0,0,1,1,6,1,59,9,1896,2,9,8,1,8
2016520601600,1,9,0,9,0,8,0,0,0,0,1,1,6,2,66,10,1400,1,9,7,2,7
2016520601600,2,1,0,18,0,8,0,0,0,0,1,1,6,1,61,9,-1,-1,-1,9,1,9
2016520601602,1,9,0,18,0,0,2,0,0,0,1,1,6,1,17,4,998,1,14,3,1,3
2016520601623,1,9,0,4,0,2,0,0,1,10,1,1,6,2,77,11,1149,1,13,6,1,6
2016520601639,1,9,0,18,0,0,0,0,0,0,0,1,6,2,58,9,1197,1,3,6,1,6
2016520601641,1,9,0,18,0,8,0,0,0,0,1,1,6,1,29,6,1761,1,16,9,1,9
2016520601641,2,9,0,18,0,8,0,0,0,0,1,1,6,2,66,10,1598,1,16,7,3,7
2016520601648,1,9,0,18,0,2,0,0,7,0,1,1,6,1,17,4,1296,1,9,6,3,6
2016520601648,2,9,0,18,0,2,0,0,0,0,4,1,6,2,50,8,1197,1,1,7,3,7
2016520601648,3,9,0,18,0,1,0,0,0,0,1,1,6,1,42,7,1968,2,2,10,2,10
2016520601662,1,9,0,16,0,0,1,0,1,0,3,1,6,2,23,5,1598,1,11,5,1,5
2016520601665,1,9,0,16,0,0,1,0,1,10,1,1,6,2,24,5,1242,1,13,5,1,5
2016520601668,1,9,0,9,0,8,0,0,0,0,1,1,6,1,37,7,1998,2,8,9,3,9
2016520601668,2,9,0,18,0,1,0,0,0,0,1,1,6,2,52,8,1598,1,12,5,3,5
2016520601671,1,9,0,16,0,1,0,0,0,0,4,1,6,2,29,6,1598,1,9,2,1,2
2016520601671,2,9,0,17,0,1,0,0,0,0,1,1,6,1,64,9,-1,-1,-1,2,1,2
2016520601683,1,9,0,2,6,0,0,0,0,0,1,1,6,3,-1,-1,-1,-1,-1,8,1,8
2016520601683,2,9,0,18,0,0,0,0,0,0,1,1,6,1,28,6,-1,-1,-1,7,2,7
2016520601724,1,9,0,17,0,0,0,0,8,0,4,1,6,2,19,4,1149,1,14,3,2,3
2016520601727,1,9,0,18,0,0,0,12,0,0,1,1,6,2,47,8,1296,1,10,1,1,1
2016520601731,1,9,0,17,0,0,1,0,1,4,1,1,6,1,21,5,998,1,22,3,1,3
2016520601741,1,9,0,5,0,8,0,0,0,0,1,1,6,2,19,4,1199,1,14,6,1,6
2016520601759,1,9,0,17,0,0,2,0,0,0,4,1,6,2,24,5,1560,2,10,8,2,8
2016520601768,1,9,0,18,0,0,0,0,0,0,1,1,6,1,58,9,1395,1,4,8,3,8
2016520601768,2,9,0,10,0,0,0,0,0,0,4,1,6,2,81,11,-1,-1,-1,8,1,8
2016520601771,1,9,0,3,0,0,0,0,0,0,1,1,6,2,34,6,-1,-1,-1,7,1,7
2016520601771,2,9,0,4,0,0,0,0,0,0,2,1,6,1,50,8,2184,2,11,8,1,8
2016520601778,1,9,0,18,0,8,0,0,0,0,1,1,6,1,18,4,1197,1,1,6,3,6
2016520601778,2,9,0,18,0,8,0,0,0,0,1,1,6,1,26,6,1995,2,9,8,3,8
2016520601791,1,1,0,18,0,0,0,0,0,0,2,1,6,1,85,11,-1,-1,-1,5,3,5
2016520601791,2,9,0,13,0,0,0,0,0,0,1,1,6,1,53,8,1598,1,9,4,3,4
2016520601792,1,19,0,18,0,0,0,0,7,4,1,1,6,1,63,9,2488,2,9,6,2,6
2016520601807,1,9,0,10,0,1,0,0,0,0,2,1,3,1,44,7,-1,-1,-1,3,1,3
2016520601807,2,9,0,18,0,1,0,0,0,0,1,1,6,2,25,5,1997,1,14,6,1,6
2016520601841,1,9,0,5,0,0,0,0,0,0,1,1,6,1,55,8,1997,1,13,-1,-1,-1
2016520601844,1,1,0,18,0,5,0,0,0,0,2,1,6,1,83,11,-1,-1,-1,6,1,6
2016520601844,2,9,0,9,0,2,0,0,0,0,1,1,6,1,57,9,1329,1,4,5,3,5
2016520601851,1,9,0,18,0,8,0,0,7,9,4,1,6,1,49,8,-1,-1,-1,7,3,7
2016520601851,2,9,0,18,0,8,0,0,1,10,1,1,6,2,42,7,2204,2,9,9,3,9
2016520601854,1,9,0,18,0,1,0,0,0,0,4,1,6,1,55,8,1796,1,11,5,1,5
2016520601854,2,9,0,18,0,1,0,0,0,0,1,1,6,1,71,10,1896,2,9,6,3,6
2016520601873,1,9,0,18,0,0,0,0,0,0,1,1,6,2,19,4,1388,1,13,5,1,5
2016520601873,2,19,0,4,0,0,0,0,0,0,2,1,6,1,28,6,1995,2,9,5,1,5
2016520601893,1,9,0,18,0,0,0,0,0,0,3,1,6,1,50,8,1685,2,1,-1,-1,-1
2016520601893,2,3,5,18,0,0,0,0,0,0,1,1,6,1,18,4,123,1,-1,5,1,5
2016520601894,1,9,0,18,0,1,0,0,0,0,1,1,6,1,59,9,-1,-1,-1,2,1,2
2016520601894,2,9,0,18,0,1,0,0,0,0,1,1,6,1,21,5,1198,1,10,5,1,5
2016520601896,1,9,0,18,0,1,0,0,1,10,1,1,6,1,30,6,3000,1,15,5,1,5
2016520601905,1,9,0,18,0,0,1,0,1,9,4,1,2,1,31,6,1769,1,14,7,3,7
2016520601907,1,9,0,18,0,0,0,0,0,0,1,1,6,1,26,6,-1,-1,-1,9,2,9
2016520601907,2,9,0,2,0,0,0,0,0,0,2,1,1,1,29,6,-1,-1,-1,5,1,5
2016520601910,1,9,0,16,0,0,2,0,1,0,1,1,6,2,44,7,1124,1,15,7,3,7
2016520601917,1,9,0,8,0,1,0,0,0,0,2,1,1,2,21,5,1248,2,2,9,3,9
2016520601917,2,9,0,4,0,1,0,0,0,0,1,1,6,3,-1,-1,-1,-1,-1,-1,-1,-1
2016520601926,1,9,0,3,0,0,0,0,0,0,1,1,2,2,26,6,1242,1,5,7,3,7
2016520601926,2,9,0,1,0,0,0,0,0,0,2,1,6,1,60,9,1998,1,17,-1,-1,-1
2016520601934,1,9,0,16,0,0,0,0,0,4,4,1,6,2,20,4,1299,1,13,2,1,2
2016520601934,2,9,0,17,0,0,0,0,0,0,1,1,6,1,25,5,-1,-1,-1,-1,-1,-1
2016520601935,1,9,0,18,0,1,0,0,0,0,1,1,6,1,42,7,1796,1,12,9,1,9
2016520601935,2,9,0,3,0,1,0,0,0,0,2,1,6,1,55,8,1587,1,12,10,1,10
2016520601935,3,9,0,10,0,8,0,0,0,0,2,1,6,1,48,8,1149,1,2,3,1,3
2016520601937,1,9,0,4,0,1,0,0,0,0,1,1,6,2,72,10,1242,1,6,6,3,6
2016520601937,2,1,0,18,0,2,0,0,0,0,1,1,6,1,10,2,-1,-1,-1,-1,-1,-1
2016520601949,1,9,0,18,0,0,0,0,0,0,1,1,6,3,-1,-1,-1,-1,-1,-1,-1,-1
2016520601949,2,1,0,18,0,0,0,0,0,0,1,1,2,1,26,6,-1,-1,-1,9,1,9
2016520601950,1,9,0,18,0,0,0,0,2,0,1,1,6,2,67,10,1596,1,8,4,1,4
2016520601950,2,9,0,18,0,0,0,0,1,0,1,1,6,1,54,8,1198,1,12,10,1,10
2016520601962,1,9,0,9,0,5,0,0,7,10,1,1,6,1,18,4,1199,1,12,6,1,6
2016520601973,1,9,0,18,0,0,0,0,0,0,3,1,6,1,46,8,-1,-1,-1,9,1,9
2016520601973,2,17,0,18,0,0,0,0,0,0,3,1,1,1,56,9,-1,-1,-1,5,1,5
2016520601978,1,9,0,18,0,0,1,0,7,0,4,1,6,1,75,10,2993,2,4,5,3,5
2016520601978,2,9,0,18,0,0,0,0,0,0,3,1,6,1,55,8,1798,1,3,9,1,9
2016520601978,3,9,0,4,0,0,1,0,0,0,1,1,6,2,31,6,1399,2,9,4,2,4
2016520601978,4,9,0,4,0,0,0,0,0,0,1,1,6,1,51,8,-1,-1,-1,7,1,7
2016520601978,5,9,0,18,0,0,0,0,1,10,1,1,6,2,43,7,1998,1,10,6,3,6
2016520602007,1,9,0,2,9,0,0,0,0,0,2,1,6,2,47,8,1997,1,13,5,1,5
2016520602007,2,9,0,1,9,0,0,0,0,0,1,1,6,1,84,11,1299,1,13,-1,-1,-1
2016520602012,1,9,0,18,0,0,0,0,0,0,1,1,1,1,38,7,1686,2,2,-1,-1,-1
2016520602012,2,9,0,18,0,0,5,0,0,0,2,1,6,1,67,10,998,1,8,8,3,8
2016520602019,1,9,0,1,0,0,0,0,0,0,2,1,6,1,50,8,-1,-1,-1,6,3,6
2016520602020,1,9,0,18,0,0,0,0,0,0,1,1,6,1,80,11,-1,-1,-1,4,3,4
2016520602022,1,9,0,18,0,1,0,0,0,0,1,1,6,2,31,6,1896,2,14,6,1,6
2016520602022,2,9,0,18,0,1,0,0,0,0,2,1,6,2,55,8,1390,1,5,-1,-1,-1
2016520602035,1,9,0,18,0,1,0,0,0,0,1,1,6,1,56,9,1461,2,1,4,1,4
2016520602035,2,9,0,9,0,1,0,0,0,0,3,1,6,1,52,8,1598,2,2,10,1,10
2016520602051,1,9,0,18,0,0,0,0,0,0,1,1,6,1,24,5,1229,1,2,4,2,4
2016520602051,2,1,0,18,0,0,0,0,0,0,2,1,6,2,34,6,-1,-1,-1,2,1,2
2016520602052,1,9,0,9,0,1,0,0,0,0,3,1,6,1,26,6,1781,1,14,4,2,4
2016520602052,2,4,0,18,0,1,0,0,0,0,1,1,6,2,37,7,125,1,8,5,1,5
2016520602068,1,9,0,18,0,0,0,0,0,0,1,1,6,2,53,8,1560,2,10,4,3,4
2016520602068,2,9,0,18,0,0,0,0,0,0,2,1,6,2,45,7,1199,1,13,2,1,2
2016520602087,1,1,0,18,0,1,0,0,1,0,3,1,6,1,51,8,-1,-1,-1,8,1,8
2016520602087,2,9,0,7,0,1,0,0,0,0,4,1,6,2,77,11,1998,1,12,9,1,9
2016520602090,1,9,0,18,0,0,0,0,0,0,4,1,6,1,79,11,-1,-1,-1,-1,-1,-1
2016520602090,2,9,0,3,0,0,0,0,0,0,0,1,6,3,-1,-1,-1,-1,-1,-1,-1,-1
2016520602095,1,9,0,7,0,0,0,0,1,9,1,1,6,1,51,8,1968,2,9,7,3,7
2016520602106,1,9,0,18,0,0,0,0,0,0,1,1,6,2,62,9,1598,1,5,6,2,6
2016520602106,2,9,0,4,0,0,0,0,0,0,2,1,6,2,72,10,1596,1,5,4,3,4
2016520602106,3,9,0,4,0,0,0,0,0,0,2,1,6,1,33,6,1896,2,9,8,1,8
2016520602106,4,9,0,10,0,0,0,0,0,0,2,1,6,1,63,9,1796,1,11,6,3,6
2016520602115,1,9,0,18,0,0,0,0,1,9,1,1,6,1,31,6,-1,-1,-1,4,1,4
2016520602115,2,9,0,18,0,0,0,0,0,0,3,1,6,1,40,7,2204,2,10,10,1,10
2016520602115,3,9,0,18,0,0,0,0,0,0,0,1,6,1,57,9,1998,2,11,1,1,1
2016520602133,1,9,0,18,0,0,0,0,4,6,1,1,6,1,42,7,1995,2,12,5,1,5
2016520602137,1,9,0,18,0,0,0,0,0,0,2,1,6,1,60,9,1598,2,1,7,2,7
2016520602137,2,9,0,18,0,0,0,0,0,0,1,1,6,2,20,4,-1,-1,-1,3,1,3
2016520602144,1,9,0,18,0,0,0,0,0,0,3,1,6,1,45,7,1328,1,12,5,3,5
2016520602144,2,9,0,13,0,0,0,0,0,0,4,1,6,2,35,6,2290,1,15,-1,-1,-1
2016520602167,1,9,0,18,0,0,0,0,0,0,1,1,6,2,34,6,2295,1,14,3,1,3
2016520602167,2,5,0,18,0,0,0,0,0,0,1,1,6,1,26,6,-1,-1,-1,9,3,9
2016520602177,1,9,0,18,0,8,0,0,0,0,1,1,6,1,65,9,1798,1,9,7,3,7
2016520602177,2,9,0,18,0,6,0,0,0,0,4,1,6,1,22,5,1896,2,12,3,1,3
2016520602215,1,9,0,18,0,0,0,0,0,0,1,1,6,2,42,7,1896,2,14,4,3,4
2016520602223,1,9,0,17,0,0,2,10,2,10,1,1,6,1,29,6,1988,1,13,10,1,10
2016520602224,1,9,0,3,0,1,0,0,0,0,2,1,6,2,30,6,-1,-1,-1,5,3,5
2016520602224,2,9,0,18,0,1,0,0,0,0,1,1,6,1,50,8,-1,-1,-1,-1,-1,-1
2016520602225,1,9,0,16,0,0,0,0,1,4,4,1,6,2,22,5,1364,1,11,4,2,4
2016520602263,1,9,0,8,0,1,0,0,0,0,2,1,6,1,23,5,1995,1,10,4,1,4
2016520602263,2,9,0,18,0,1,0,0,0,0,1,1,6,1,19,4,1968,2,8,-1,-1,-1
2016520602277,1,9,0,9,0,0,0,0,0,0,3,1,6,2,28,6,2295,1,17,6,2,6
2016520602277,2,5,0,18,0,0,0,0,7,0,3,1,6,1,36,7,471,1,3,3,1,3
2016520602287,1,9,0,9,0,8,0,0,0,0,3,1,6,2,40,7,1388,1,7,5,1,5
2016520602287,2,9,0,18,0,1,0,0,0,0,1,1,6,2,35,6,1598,1,9,8,1,8
2016520602292,1,9,0,3,0,0,0,0,0,0,2,1,6,1,34,6,1997,1,17,9,1,9
2016520602292,2,9,0,18,0,0,0,0,0,0,1,1,6,2,25,5,1242,1,12,-1,-1,-1
2016520602294,1,21,0,18,0,0,0,0,0,0,1,1,6,1,41,7,10677,2,1,6,2,6
2016520602294,2,9,0,18,0,0,0,0,0,0,1,1,6,1,60,9,-1,-1,-1,1,1,1
2016520602294,3,9,0,18,0,0,0,0,0,0,1,1,6,2,45,7,1910,2,10,5,3,5
2016520602295,1,9,0,16,0,0,0,0,0,0,1,1,6,1,29,6,2000,1,22,3,2,3
2016520602307,1,17,0,9,0,1,0,0,0,0,3,1,1,1,23,5,-1,2,19,5,3,5
2016520602307,2,9,0,13,0,1,0,0,0,0,1,1,6,2,74,10,1396,1,5,9,2,9
2016520602310,1,1,0,9,0,5,0,0,0,0,4,1,6,1,30,6,-1,-1,-1,2,1,2
2016520602310,2,5,0,18,0,8,0,0,0,0,1,1,6,1,53,8,865,1,6,9,1,9
2016520602342,1,9,0,18,0,0,0,0,0,0,1,1,6,1,22,5,1560,2,1,5,2,5
2016520602342,2,9,0,18,0,0,0,0,0,0,2,1,6,2,22,5,1686,2,4,5,3,5
2016520602378,1,9,0,2,6,0,0,0,0,0,2,1,6,1,24,5,1998,1,17,2,1,2
2016520602378,2,9,5,18,0,0,0,0,0,0,1,1,6,1,64,9,1997,1,18,7,3,7
2016520602381,1,9,0,18,0,0,0,4,0,0,1,1,6,1,76,11,1991,2,5,7,3,7
2016520602381,2,9,0,18,0,0,0,0,0,0,1,1,6,1,45,7,-1,-1,-1,3,2,3
2016520602381,3,17,0,2,0,0,0,0,0,0,2,1,6,1,58,9,-1,2,16,5,3,5
2016520602382,1,9,0,18,0,0,0,0,1,10,1,1,6,2,29,6,1984,1,21,5,1,5
2016520602382,2,9,0,18,0,0,0,0,0,0,1,1,6,1,19,4,1560,2,12,5,1,5
2016520602382,3,9,0,18,0,0,0,0,0,0,1,1,6,1,52,8,-1,-1,-1,3,1,3
2016520602382,4,9,0,18,0,0,0,0,0,0,1,1,6,2,20,4,1248,1,7,3,1,3
2016520602383,1,9,0,18,0,0,0,0,0,0,1,1,6,1,18,4,998,1,12,8,1,8
2016520602386,1,9,0,18,0,0,0,0,0,0,1,1,6,1,17,4,1124,1,13,5,1,5
2016520602428,1,9,0,4,0,0,0,0,0,0,1,1,2,1,39,7,1988,2,12,8,1,8
2016520602428,2,9,0,4,0,0,0,0,0,0,2,1,2,2,23,5,1998,2,10,4,1,4
2016520602428,3,9,0,3,0,0,0,0,0,0,2,1,2,2,22,5,-1,-1,-1,3,2,3
2016520602428,4,9,0,3,0,0,0,0,0,0,2,1,2,1,45,7,-1,-1,-1,9,1,9
2016520602436,1,9,0,18,0,8,0,0,0,0,1,1,6,1,32,6,1124,1,11,6,2,6
2016520602436,2,1,0,18,0,8,0,0,0,0,1,1,6,1,20,4,-1,-1,-1,6,3,6
2016520602438,1,9,0,18,0,0,0,0,0,0,3,1,6,1,66,10,999,1,15,6,1,6
2016520602438,2,9,0,3,0,0,0,0,0,0,3,1,6,2,24,5,1896,2,14,5,1,5