Accident_Index,Vehicle_Reference,Vehicle_Type,Towing_and_Articulation,Vehicle_Manoeuvre,Vehicle_Location-Restricted_Lane,Junction_Location,Skidding_and_Overturning,Hit_Object_in_Carriageway,Vehicle_Leaving_Carriageway,Hit_Object_off_Carriageway,1st_Point_of_Impact,Was_Vehicle_Left_Hand_Drive?,Journey_Purpose_of_Driver,Sex_of_Driver,Age_of_Driver,Age_Band_of_Driver,Engine_Capacity_(CC),Propulsion_Code,Age_of_Vehicle,Driver_IMD_Decile,Driver_Home_Area_Type,Vehicle_IMD_Decile
2016520602438,3,9,0,18,0,0,0,0,0,0,3,1,6,1,49,8,1685,2,2,6,1,6
2016520602439,1,9,0,18,0,0,5,0,1,10,1,1,6,2,18,4,1299,1,17,7,3,7
2016520602449,1,9,0,18,0,1,0,0,0,0,1,1,6,2,19,4,1390,1,7,7,3,7
2016520602449,2,9,0,4,0,8,0,0,0,0,2,1,6,2,24,5,1560,2,4,7,3,7
2016520602451,1,1,0,18,4,1,0,0,0,0,0,1,2,1,47,8,-1,-1,-1,3,1,3
2016520602451,2,9,0,7,0,1,0,0,0,0,0,1,6,1,40,7,-1,-1,-1,-1,-1,-1
2016520602455,1,9,0,17,0,8,5,0,0,0,4,1,6,1,86,11,998,1,14,7,3,7
2016520602455,2,9,0,2,0,2,0,0,0,0,3,1,6,3,-1,-1,1242,1,18,-1,-1,-1
2016520602457,1,9,0,18,0,0,0,0,0,0,3,1,6,1,44,7,1968,2,6,2,1,2
2016520602459,1,9,0,18,0,0,0,0,0,0,2,1,6,2,33,6,2268,2,4,1,1,1
2016520602459,2,9,0,18,0,0,0,0,0,0,1,1,6,1,24,5,-1,-1,-1,10,1,10
2016520602460,1,9,0,9,0,8,0,0,0,0,3,1,6,2,41,7,1587,1,14,8,2,8
2016520602460,2,3,0,18,0,8,0,0,0,0,1,1,6,1,20,4,124,1,1,-1,-1,-1
2016520602477,1,9,0,1,0,0,0,0,0,0,2,1,6,3,-1,-1,-1,-1,-1,-1,-1,-1
2016520602478,1,9,0,18,0,0,0,0,0,0,3,1,6,1,26,6,-1,-1,-1,8,3,8
2016520602478,2,1,0,18,0,0,0,0,0,0,1,1,6,1,48,8,-1,-1,-1,6,3,6
2016520602494,1,9,0,18,0,1,0,0,0,0,4,1,6,1,47,8,1796,1,11,5,1,5
2016520602494,2,9,0,18,0,1,0,0,0,0,1,1,6,1,69,10,1796,1,9,2,1,2
2016520602499,1,9,0,9,0,1,0,0,0,0,1,1,6,2,53,8,2143,2,2,7,3,7
2016520602499,2,3,0,18,0,1,0,0,0,0,1,1,6,1,56,9,782,1,1,6,1,6
2016520602505,1,5,0,14,0,0,0,0,0,0,1,1,6,1,26,6,1202,1,2,3,1,3
2016520602505,2,9,0,9,0,0,0,0,0,0,1,1,6,1,45,7,1968,2,4,3,1,3
2016520602521,1,9,0,18,0,0,0,0,0,0,3,1,6,2,64,9,1968,2,7,8,3,8
2016520602521,2,9,0,18,0,0,0,0,0,0,4,1,6,1,53,8,2143,12,1,10,1,10
2016520602521,3,9,0,2,0,0,0,0,0,0,1,1,6,1,64,9,1995,1,5,8,3,8
2016520602523,1,9,0,18,0,0,0,0,4,2,1,1,6,2,18,4,989,1,13,5,1,5
2016520602523,2,9,0,12,0,0,0,0,0,0,0,1,6,3,-1,-1,-1,-1,-1,-1,-1,-1
2016520602524,1,9,0,3,0,1,0,0,0,0,1,1,6,2,54,8,1248,1,6,7,2,7
2016520602524,2,1,0,18,0,8,0,0,0,0,1,1,6,1,14,3,-1,-1,-1,6,3,6
2016520602526,1,19,0,3,0,1,0,0,1,10,1,1,6,1,-1,-1,-1,-1,-1,4,1,4
2016520602526,2,21,1,7,0,6,0,0,0,0,3,1,1,1,62,9,10837,2,9,8,2,8
2016520602528,1,9,0,3,0,0,0,0,0,0,2,1,2,1,50,8,1461,2,10,10,1,10
2016520602528,2,9,0,3,0,0,0,0,0,0,2,1,6,1,70,10,1900,2,10,-1,-1,-1
2016520602528,3,9,0,18,0,0,0,0,0,0,1,1,6,1,40,7,-1,-1,-1,-1,-1,-1
2016520602532,1,9,0,18,0,0,0,0,0,0,1,1,6,2,20,4,1389,1,19,3,1,3
2016520602532,2,9,0,4,0,0,0,0,0,0,2,1,6,2,52,8,998,1,3,6,1,6
2016520602534,1,9,0,13,0,1,0,0,7,0,1,1,6,2,59,9,1753,2,5,3,1,3
2016520602534,2,9,0,18,0,1,0,0,0,0,1,1,1,1,64,9,-1,-1,-1,8,2,8
2016520602541,1,1,0,18,0,8,0,0,0,0,3,1,6,1,61,9,-1,-1,-1,4,1,4
2016520602541,2,9,0,7,0,8,0,0,0,0,4,1,6,2,21,5,1149,1,5,8,1,8
2016520602543,1,9,0,1,0,0,0,0,0,0,2,1,6,2,83,11,1299,1,14,2,1,2
2016520602547,1,9,0,17,0,0,2,0,1,4,1,1,6,2,30,6,1242,1,14,4,2,4
2016520602554,1,9,0,18,0,1,0,0,0,0,3,1,6,1,75,10,1395,1,2,7,2,7
2016520602554,2,1,0,9,0,4,0,0,0,0,1,1,6,1,56,9,-1,-1,-1,6,3,6
2016520602566,1,1,0,17,0,8,0,0,8,0,4,1,2,1,53,8,-1,-1,-1,9,1,9
2016520602566,2,9,0,16,0,2,0,0,0,0,1,1,6,2,79,11,-1,-1,-1,-1,-1,-1
2016520602583,1,2,0,18,0,0,0,0,0,0,1,1,6,1,16,4,-1,-1,-1,4,2,4
2016520602583,2,9,0,18,0,0,0,0,0,0,1,1,6,2,34,6,1753,2,9,7,1,7
2016520602585,1,9,0,18,0,1,0,0,0,0,2,1,6,2,29,6,1968,2,2,4,1,4
2016520602585,2,9,0,18,0,1,0,0,0,0,1,1,6,1,17,4,1199,1,14,1,1,1
2016520602589,1,9,0,18,0,0,0,0,1,3,1,1,6,1,36,7,1798,1,15,5,1,5
2016520602589,2,9,0,2,0,0,0,0,0,0,1,1,6,3,-1,-1,2999,2,14,-1,-1,-1
2016520602600,1,9,0,9,0,0,0,0,0,0,0,1,6,1,35,6,1896,2,12,6,1,6
2016520602600,2,4,0,18,0,0,0,0,0,0,0,1,6,1,20,4,400,1,24,7,3,7
2016520602626,1,9,0,18,0,1,0,10,0,0,0,1,6,2,18,4,1229,1,10,5,1,5
2016520602626,2,9,0,11,0,8,0,0,0,0,0,1,6,1,78,11,1560,2,4,5,1,5
2016520602633,1,9,0,18,0,0,0,0,0,0,1,1,6,2,47,8,1598,2,2,2,1,2
2016520602633,2,9,0,18,0,0,0,0,0,0,2,1,6,2,55,8,998,1,11,5,1,5
2016520602645,1,9,0,10,0,0,0,0,0,0,2,1,6,2,61,9,1598,1,9,4,2,4
2016520602645,2,9,0,18,0,0,0,0,0,0,1,1,6,1,21,5,1997,2,12,3,3,3
2016520602658,1,9,0,18,0,8,0,0,0,0,1,1,6,1,62,9,3980,1,20,9,3,9
2016520602660,1,9,0,18,0,8,0,0,0,0,0,1,6,1,19,4,1360,1,14,4,3,4
2016520602660,2,9,0,18,0,8,1,0,0,0,0,1,6,1,18,4,998,1,15,4,2,4
2016520602660,3,3,0,18,0,8,0,0,0,0,0,1,6,1,27,6,124,1,8,6,2,6
2016520602663,1,9,0,18,0,2,5,0,7,4,1,1,6,1,19,4,1229,1,3,4,1,4
2016520602664,1,9,0,18,0,0,0,0,0,0,1,1,6,2,72,10,1598,2,4,6,3,6
2016520602666,1,9,0,18,0,2,0,0,0,0,1,1,6,1,40,7,1799,1,9,4,1,4
2016520602666,2,9,0,18,0,1,0,0,0,0,1,1,6,1,21,5,1198,1,11,8,2,8
2016520602669,1,9,0,18,0,1,0,0,0,0,2,1,6,1,32,6,1396,1,14,5,3,5
2016520602669,2,9,0,2,0,1,0,0,0,0,2,1,6,3,-1,-1,1997,2,14,-1,-1,-1
2016520602675,1,9,0,18,0,0,0,0,0,0,1,1,6,1,24,5,-1,-1,-1,6,1,6
2016520602675,2,5,0,18,0,0,0,0,0,0,2,1,6,1,46,8,125,1,11,5,2,5
2016520602683,1,9,0,18,0,0,0,0,0,0,1,1,6,2,49,8,1149,1,15,3,1,3
2016520602691,1,9,0,18,0,0,1,0,0,0,1,1,6,1,79,11,1997,2,2,-1,-1,-1
2016520602691,2,9,0,4,0,0,1,0,0,0,2,1,6,1,18,4,2495,2,10,6,3,6
2016520602692,1,9,0,18,0,0,0,0,0,0,1,1,6,2,73,10,1398,1,5,10,3,10
2016520602692,2,9,0,18,0,0,0,0,0,0,1,1,6,1,53,8,1591,1,3,5,1,5
2016520602696,1,9,0,4,0,0,0,0,0,0,2,1,6,2,30,6,1197,1,5,6,3,6
2016520602696,2,9,0,18,0,0,0,0,0,0,2,1,6,2,51,8,1796,1,15,8,3,8
2016520602696,3,9,0,18,0,0,0,0,0,0,1,1,6,2,20,4,1248,2,9,5,3,5
2016520602697,1,9,0,8,0,1,0,0,0,0,1,1,6,2,69,10,1364,2,9,4,3,4
2016520602697,2,9,0,18,0,1,0,0,0,0,1,1,6,1,53,8,1781,1,16,2,1,2
2016520602724,1,9,0,9,0,2,0,0,0,0,1,1,6,1,75,10,1390,1,6,6,2,6
2016520602724,2,9,0,18,0,1,0,0,0,0,1,1,6,2,27,6,1560,2,8,8,3,8
2016520602724,3,9,0,18,0,1,0,0,0,0,3,1,6,1,25,5,-1,-1,-1,4,3,4
2016520602730,1,21,4,18,0,0,0,0,0,0,3,1,1,1,58,9,12740,2,3,4,3,4
2016520602730,2,9,0,18,0,0,0,0,0,0,1,1,6,1,29,6,1956,2,6,6,3,6
2016520602735,1,9,0,18,0,8,0,0,0,0,3,1,6,1,85,11,1998,1,14,6,3,6
2016520602735,2,9,0,18,0,1,0,0,0,0,1,1,6,1,85,11,1197,1,1,10,1,10
2016520602757,1,9,0,2,0,0,0,0,0,0,3,1,6,1,71,10,1968,2,9,8,3,8
2016520602757,2,9,0,18,0,0,0,4,1,0,1,1,6,2,76,11,1200,1,1,5,2,5
2016520602758,1,9,0,18,0,0,0,0,0,0,2,1,6,1,27,6,1995,2,2,7,1,7
2016520602758,2,9,0,18,0,0,0,0,0,0,1,1,6,2,61,9,2987,2,5,10,2,10
2016520602758,3,9,0,18,0,0,0,0,0,0,1,1,6,1,40,7,1798,1,8,7,3,7
2016520602758,4,9,0,18,0,0,0,10,4,0,1,1,6,1,57,9,1910,2,7,6,3,6
2016520602758,5,9,0,18,0,0,0,0,0,0,2,1,6,1,47,8,2967,2,1,9,1,9
2016520602766,1,19,0,18,0,1,0,0,0,0,2,1,6,1,-1,-1,1686,2,14,10,1,10
2016520602766,2,9,0,18,0,1,0,0,0,0,1,1,6,2,65,9,-1,-1,-1,3,1,3
2016520602781,1,19,0,9,0,1,0,0,0,0,2,1,1,1,28,6,2400,2,15,5,2,5
2016520602781,2,9,0,18,0,1,0,0,0,0,1,1,6,1,31,6,1061,1,11,6,2,6
2016520602783,1,9,0,18,0,0,5,10,0,0,4,1,6,1,45,7,1398,2,11,8,2,8
2016520602794,1,9,0,18,0,0,0,0,0,0,1,1,6,1,68,10,1587,1,20,4,1,4
2016520602794,2,9,0,18,0,0,0,0,0,0,1,1,6,2,23,5,1596,1,9,4,2,4
2016520602794,3,9,0,18,0,0,0,0,0,0,1,1,6,2,24,5,1242,1,6,9,3,9
2016520602794,4,9,0,18,0,0,0,0,0,0,2,1,6,2,32,6,1560,2,3,6,2,6
2016520602804,1,9,0,18,0,8,0,0,0,0,4,1,6,1,27,6,998,1,21,5,3,5
2016520602804,2,9,0,7,0,8,0,0,0,0,1,1,6,3,-1,-1,1984,1,18,-1,-1,-1
2016520602817,1,9,0,7,0,1,0,0,0,0,1,1,6,2,40,7,-1,-1,-1,-1,-1,-1
2016520602821,1,1,0,18,0,3,0,0,0,0,3,1,2,1,54,8,-1,-1,-1,6,1,6
2016520602821,2,9,0,18,0,8,0,0,0,0,1,1,6,1,59,9,2148,2,9,7,3,7
2016520602843,1,9,0,17,0,0,5,0,0,0,3,1,6,1,18,4,1461,2,12,7,2,7
2016520602863,1,1,0,18,0,0,0,0,0,0,3,1,6,1,41,7,-1,-1,-1,-1,-1,-1
2016520602863,2,19,0,13,0,0,0,0,0,0,4,1,6,1,25,5,1686,2,13,-1,-1,-1
2016520602864,1,9,0,18,0,0,0,0,0,0,1,1,6,2,19,4,1124,1,11,6,2,6
2016520602864,2,9,0,18,0,0,0,0,0,0,1,1,6,1,32,6,-1,3,1,6,1,6
2016520602864,3,9,0,18,0,0,0,0,0,0,1,1,6,1,49,8,-1,-1,-1,7,3,7
2016520602864,4,9,0,18,0,0,0,0,0,0,1,1,6,1,24,5,1896,2,10,5,3,5
2016520602866,1,19,0,18,0,0,0,0,0,0,3,1,1,1,37,7,2402,2,9,8,1,8
2016520602881,1,9,0,10,0,1,0,0,0,0,2,1,6,1,48,8,1198,1,13,4,1,4
2016520602881,2,19,0,3,0,1,0,0,0,0,2,1,6,1,47,8,1560,2,2,3,2,3
2016520602881,3,9,0,18,0,1,0,0,0,0,1,1,6,1,21,5,-1,-1,-1,7,3,7
2016520602886,1,9,0,18,0,1,0,0,0,0,1,1,6,1,93,11,999,1,6,10,1,10
2016520602886,2,9,0,18,0,4,0,0,0,0,2,1,6,2,53,8,2151,2,15,7,3,7
2016520602903,1,9,0,17,0,0,5,0,1,10,1,1,6,1,32,6,1360,1,17,4,1,4
2016520602912,1,3,0,18,0,0,0,0,0,0,0,1,6,1,20,4,-1,-1,-1,9,3,9
2016520602931,1,9,0,18,0,8,0,0,0,0,1,1,6,1,48,8,-1,-1,-1,4,1,4
2016520602931,2,9,0,9,0,8,0,0,0,0,3,1,6,1,33,6,1796,1,17,9,3,9
2016520602948,1,9,0,4,0,0,0,0,0,0,2,1,2,2,24,5,1560,2,4,6,1,6
2016520602948,2,9,0,4,0,0,0,0,0,0,1,1,3,2,45,7,1781,1,15,-1,-1,-1
2016520602957,1,1,0,18,0,8,0,0,0,0,1,1,6,1,67,10,-1,-1,-1,6,3,6
2016520602957,2,9,0,9,0,8,0,0,0,0,1,1,6,3,-1,-1,1198,1,3,-1,-1,-1
2016520602996,1,4,0,18,0,8,0,0,0,0,4,1,6,1,25,5,124,1,14,4,1,4
2016520602996,2,9,0,18,0,1,0,0,0,0,1,1,1,1,32,6,1242,1,15,7,3,7
2016520603006,1,19,4,9,0,8,0,0,0,0,1,1,1,1,50,8,2198,2,2,5,1,5
2016520603006,2,9,0,18,0,1,0,0,0,0,3,1,6,2,28,6,1398,2,13,3,1,3
2016520603009,1,9,0,4,0,0,0,0,0,0,2,1,6,2,20,4,1781,1,12,1,1,1
2016520603009,2,9,0,4,0,0,1,0,0,0,1,1,6,1,80,11,-1,-1,-1,-1,-1,-1
2016520603009,3,9,0,4,0,0,0,0,0,0,2,1,6,2,20,4,-1,-1,-1,-1,-1,-1
2016520603029,1,9,0,17,0,2,0,0,0,0,1,1,1,1,58,9,1951,2,14,5,2,5
2016520603029,2,9,0,16,0,1,2,0,8,0,1,1,1,1,37,7,999,1,9,6,1,6
2016520603037,1,3,0,18,0,8,0,0,0,0,1,1,6,2,41,7,1202,1,3,7,3,7
2016520603042,1,9,0,10,0,8,0,0,0,0,2,1,6,1,34,6,1598,1,14,10,1,10
2016520603042,2,19,0,18,0,1,0,0,0,0,1,1,6,1,25,5,2300,2,10,5,1,5
2016520603045,1,9,0,18,0,0,1,12,1,0,3,1,6,1,48,8,1206,1,6,-1,-1,-1
2016520603057,1,9,0,14,0,0,0,0,0,0,1,1,6,2,33,6,1390,1,11,8,1,8
2016520603057,2,9,0,18,0,0,1,0,0,0,1,1,6,1,18,4,1391,1,16,-1,-1,-1
2016520603064,1,9,0,18,0,0,5,0,1,10,4,1,6,1,27,6,1229,1,3,7,3,7
2016520603067,1,9,0,18,0,0,0,0,0,0,1,1,6,1,87,11,1339,1,2,8,1,8
2016520603067,2,9,0,18,0,0,0,0,0,0,1,1,6,1,77,11,1360,1,4,6,3,6
2016520603068,1,9,0,18,0,0,0,0,0,0,1,1,6,1,34,6,1197,1,1,-1,-1,-1
2016520603068,2,9,0,18,0,0,0,0,0,0,1,1,6,2,61,9,2179,2,1,6,3,6
2016520603069,1,9,0,18,0,1,0,0,0,0,1,1,6,1,49,8,-1,-1,-1,5,3,5
2016520603069,2,9,0,4,0,6,0,0,0,0,1,1,6,2,76,11,998,1,5,4,1,4
2016520603069,3,9,0,3,0,2,0,0,0,0,1,1,6,1,59,9,1598,2,4,4,1,4
2016520603072,1,9,0,18,0,1,0,0,0,0,1,1,6,2,32,6,2993,2,3,8,3,8
2016520603081,1,9,0,9,0,8,0,0,0,0,3,1,6,2,55,8,1422,2,7,5,3,5
2016520603081,2,9,0,18,0,8,0,0,0,0,3,1,6,1,74,10,1870,2,10,10,1,10
2016520603089,1,9,0,18,0,0,0,0,0,0,4,1,6,2,57,9,1997,2,15,8,1,8
2016520603089,2,1,0,18,0,0,0,0,0,0,1,1,6,1,16,4,-1,-1,-1,4,1,4
2016520603114,1,20,1,18,0,8,0,0,0,0,1,1,1,1,23,5,-1,-1,-1,10,1,10
2016520603114,2,9,0,18,0,8,0,0,0,0,1,1,6,2,42,7,1242,1,3,5,2,5
2016520603115,1,19,0,7,0,6,0,0,0,0,0,1,1,1,21,5,1461,2,3,10,3,10
2016520603115,2,9,0,3,0,1,0,0,0,0,3,1,6,1,41,7,1598,1,10,9,1,9
2016520603115,3,9,0,18,0,8,0,0,0,0,1,1,6,1,29,6,2496,1,14,9,1,9
2016520603117,1,9,0,18,0,0,5,10,1,4,1,1,6,1,76,11,1364,2,6,2,1,2
2016520603123,1,9,0,18,0,8,0,0,0,0,1,1,6,1,22,5,1299,1,13,5,3,5
2016520603123,2,9,0,4,0,8,0,0,0,0,2,1,6,2,38,7,1596,1,7,8,1,8
2016520603124,1,9,0,18,0,0,2,0,0,0,3,1,6,1,36,7,-1,-1,-1,6,3,6
2016520603124,2,9,0,4,0,0,0,0,0,0,3,1,6,1,43,7,1997,2,5,7,3,7
2016520603129,1,9,0,4,0,1,0,0,0,0,3,1,6,2,55,8,1968,2,1,4,1,4
2016520603129,2,9,0,7,0,5,0,0,0,0,3,1,6,3,-1,-1,-1,-1,-1,-1,-1,-1
2016520603147,1,9,0,18,0,0,0,0,0,0,1,1,6,1,68,10,1997,2,6,8,3,8
2016520603147,2,9,0,18,0,0,0,0,0,0,1,1,6,2,45,7,1240,1,11,3,1,3
2016520603152,1,9,0,18,0,0,0,0,0,0,1,1,6,2,68,10,1397,1,6,3,1,3
2016520603154,1,9,0,18,0,1,0,0,0,0,1,1,1,2,32,6,-1,-1,-1,3,1,3
2016520603154,2,9,0,10,0,8,0,0,0,0,2,1,1,2,25,5,-1,-1,-1,9,2,9
2016520603155,1,9,0,18,0,1,0,0,1,10,4,1,6,1,63,9,1599,1,10,5,2,5
2016520603194,1,19,0,18,0,0,0,0,1,4,1,1,1,1,25,5,2143,2,3,7,1,7
2016520603203,1,9,0,18,0,8,0,0,0,0,4,1,6,1,30,6,973,1,13,1,1,1
2016520603203,2,9,0,18,0,8,0,0,0,0,1,1,6,3,-1,-1,-1,-1,-1,-1,-1,-1
2016520603207,1,9,0,18,0,0,0,0,0,0,1,1,6,1,29,6,1896,2,6,9,1,9
2016520603207,2,1,0,18,0,0,0,0,0,0,3,1,6,1,41,7,-1,-1,-1,6,1,6
2016520603221,1,5,0,18,0,8,0,0,0,0,1,1,6,1,43,7,998,1,7,5,2,5
2016520603246,1,9,0,10,0,0,0,0,0,0,2,1,6,1,20,4,1229,1,2,1,1,1
2016520603246,2,9,0,18,0,0,0,0,0,0,1,1,6,1,54,8,2402,2,7,6,3,6
2016520603275,1,9,0,18,0,1,0,0,0,0,1,1,6,1,34,6,1390,1,13,5,1,5
2016520603275,2,9,0,18,0,1,0,0,0,0,1,1,6,2,25,5,1149,1,10,5,1,5
2016520603280,1,9,0,5,0,8,0,0,0,0,4,1,6,1,77,11,1997,2,14,7,3,7
2016520603280,2,1,0,7,0,8,0,0,0,0,3,1,6,1,38,7,-1,-1,-1,6,1,6
2016520603285,1,9,0,18,0,0,0,0,0,0,2,1,6,2,51,8,1598,1,2,-1,-1,-1
2016520603285,2,9,0,18,0,0,0,0,0,0,1,1,6,2,40,7,1497,1,11,4,3,4
2016520603288,1,9,0,9,0,8,0,0,0,0,1,1,6,1,39,7,1399,1,-1,2,1,2
2016520603288,2,9,0,18,0,1,0,0,0,0,1,1,6,1,18,4,1149,1,4,7,3,7
2016520603295,1,9,0,18,0,1,0,0,0,0,1,1,6,1,17,4,1299,1,14,9,2,9
2016520603295,2,9,0,10,0,8,0,0,0,0,2,1,1,2,37,7,1598,2,2,5,2,5
2016520603295,3,9,0,10,0,8,0,0,0,0,2,1,6,2,20,4,999,1,4,8,1,8
2016520603312,1,9,0,17,0,0,5,0,7,10,3,1,6,1,19,4,1360,1,12,6,3,6
2016520603352,1,9,0,18,0,0,5,0,0,0,0,1,6,1,23,5,1984,1,15,1,1,1
2016520603375,1,9,0,2,6,2,0,0,0,0,2,1,6,1,35,6,1800,1,17,2,1,2
2016520603375,2,1,0,14,0,1,0,4,0,0,2,1,6,1,20,4,-1,-1,-1,4,3,4
2016520603383,1,9,0,4,0,0,0,0,0,0,1,1,6,1,46,8,2198,2,4,2,1,2
2016520603383,2,9,0,4,0,0,0,0,0,0,2,1,6,1,54,8,1240,1,7,2,1,2
2016520603385,1,9,0,18,0,0,0,0,0,0,1,1,6,2,21,5,1248,1,2,8,1,8
2016520603385,2,9,0,18,0,0,0,0,7,10,3,1,6,2,45,7,1587,1,12,3,1,3
2016520603395,1,9,0,18,0,0,0,0,0,0,4,1,6,2,57,9,1796,1,14,4,1,4
2016520603401,1,10,0,9,0,8,0,0,0,0,1,1,6,1,50,8,2402,2,8,5,3,5
2016520603401,2,9,0,18,0,1,5,0,0,0,1,1,6,1,50,8,-1,-1,-1,-1,-1,-1
2016520603421,1,9,0,18,0,1,0,0,0,0,1,1,6,2,58,9,-1,-1,-1,6,3,6
2016520603421,2,9,0,18,0,1,0,0,0,0,2,1,6,1,44,7,1461,2,-1,-1,-1,-1
2016520603423,1,9,0,18,0,0,0,0,0,0,1,1,6,1,37,7,1390,1,4,7,3,7
2016520603423,2,9,0,4,0,0,0,0,0,0,2,1,6,1,29,6,1796,1,9,5,1,5
2016520603423,3,9,0,4,0,0,0,0,0,0,2,1,6,1,70,10,-1,-1,-1,3,2,3
2016520603433,1,9,0,17,0,8,5,0,1,0,4,1,6,1,46,8,-1,-1,-1,4,2,4
2016520603438,1,9,0,18,0,0,0,0,0,0,1,1,6,2,36,7,-1,-1,-1,5,1,5
2016520603438,2,9,0,2,0,0,0,0,0,0,1,1,6,1,49,8,-1,3,4,-1,-1,-1
2016520603438,3,9,0,2,0,0,0,0,0,0,0,1,6,3,-1,-1,-1,-1,-1,-1,-1,-1
2016520603452,1,9,0,18,0,0,0,0,0,0,1,1,6,1,58,9,1598,1,4,7,1,7
2016520603452,2,9,0,18,0,0,0,0,0,0,1,1,6,1,72,10,1998,1,9,-1,1,-1
2016520603454,1,9,0,18,0,8,0,0,0,0,1,1,6,1,37,7,1896,2,10,2,1,2
2016520603454,2,9,0,18,0,8,0,0,0,0,1,1,6,1,41,7,-1,-1,-1,2,1,2
2016520603460,1,19,0,18,0,1,0,0,0,0,3,1,6,1,44,7,1598,2,-1,3,1,3
2016520603460,2,9,0,7,0,8,0,0,0,0,3,1,6,1,64,9,1398,8,2,8,1,8
2016520603463,1,9,0,18,0,0,0,0,0,0,1,1,6,1,63,9,-1,-1,-1,1,1,1
2016520603463,2,9,0,18,0,0,0,0,0,0,1,1,6,1,70,10,1461,2,9,9,1,9
2016520603463,3,9,0,18,0,0,0,0,0,0,1,1,6,1,76,11,1242,1,2,7,3,7
2016520603464,1,10,0,18,0,0,0,0,0,0,1,1,6,1,62,9,-1,-1,-1,6,2,6
2016520603464,2,9,0,4,0,0,0,0,0,0,2,1,6,2,46,8,1598,2,-1,9,1,9
2016520603464,3,9,0,18,0,0,0,0,0,4,1,1,6,2,68,10,998,1,3,7,3,7
2016520603464,4,9,0,18,0,0,0,0,0,4,1,1,6,1,44,7,2000,2,12,7,3,7
2016520603465,1,9,0,18,0,1,0,0,0,0,0,1,6,2,20,4,1600,1,16,6,1,6
2016520603465,2,9,5,18,0,1,0,0,0,0,0,1,6,2,68,10,1299,1,16,2,1,2
2016520603485,1,9,0,9,0,0,0,0,0,0,3,1,6,2,71,10,998,1,5,5,1,5
2016520603485,2,9,0,18,0,0,0,0,0,0,1,1,6,1,38,7,-1,-1,-1,7,1,7
2016520603497,1,9,0,4,0,0,0,0,0,0,2,1,6,2,50,8,1995,2,12,8,3,8
2016520603497,2,9,0,4,1,0,0,0,0,0,2,1,6,2,51,8,1598,2,1,5,2,5
2016520603497,3,9,0,18,0,0,0,0,0,0,1,1,6,2,25,5,1390,1,9,8,2,8
2016520603552,1,9,0,13,0,0,0,0,0,0,2,1,6,1,23,5,1229,1,6,5,3,5
2016520603552,2,5,0,18,0,0,0,0,0,0,1,1,6,1,51,8,1340,1,6,7,1,7
2016520603553,1,2,0,18,0,8,0,0,0,0,1,1,6,2,47,8,49,1,5,4,1,4
2016520603553,2,9,0,18,0,8,0,0,0,0,1,1,6,1,59,9,996,1,1,9,3,9
2016520603553,3,9,0,2,0,1,0,0,0,0,0,1,6,3,-1,-1,1364,1,9,-1,-1,-1
2016520603574,1,10,0,12,0,1,0,0,0,0,1,1,1,1,44,7,2998,2,1,3,1,3
2016520603574,2,9,0,10,0,1,0,0,0,0,2,1,3,2,31,6,2295,1,14,3,1,3
2016520603608,1,9,0,18,0,1,0,0,0,0,1,1,6,1,64,9,1598,1,1,6,1,6
2016520603621,1,9,0,18,0,8,0,0,0,0,1,1,6,1,66,10,1197,1,5,8,1,8
2016520603621,2,9,0,12,0,8,0,0,0,0,1,1,6,2,47,8,1149,1,16,3,1,3
2016520603622,1,9,0,18,0,0,0,4,0,0,1,1,6,1,49,8,2231,2,10,5,1,5
2016520603622,2,9,0,2,0,0,0,0,0,0,1,1,6,1,58,9,1998,1,10,4,1,4
2016520603644,1,9,0,18,0,0,0,0,0,0,1,1,6,2,72,10,-1,-1,-1,-1,-1,-1
2016520603653,1,21,0,3,0,0,0,0,0,0,1,1,1,1,56,9,3920,2,9,9,2,9
2016520603653,2,9,0,18,0,0,0,0,0,0,4,1,6,1,64,9,1998,1,14,3,1,3
2016520603658,1,9,0,9,0,1,0,0,0,0,2,1,6,1,25,5,1799,1,10,8,2,8
2016520603658,2,9,0,18,0,1,0,0,0,0,1,1,6,1,23,5,998,1,5,4,3,4
2016520603684,1,9,0,13,0,0,0,0,0,0,1,1,6,1,20,4,1587,1,9,9,1,9
2016520603684,2,9,0,18,0,0,0,0,0,0,1,1,6,2,25,5,1598,1,11,4,1,4
2016520603686,1,9,0,4,0,0,0,0,0,0,2,1,6,2,28,6,1968,2,6,9,1,9
2016520603686,2,9,0,4,0,0,0,0,0,0,1,1,6,2,24,5,1299,1,11,5,2,5
2016520603686,3,9,0,18,0,0,0,0,0,0,1,1,6,1,63,9,-1,-1,-1,4,2,4
2016520603689,1,9,0,18,0,0,2,0,0,0,4,1,6,1,36,7,1388,1,13,8,1,8
2016520603694,1,9,0,18,0,0,0,0,0,0,1,1,6,1,23,5,2446,2,15,6,2,6
2016520603695,1,9,0,17,0,0,0,0,0,0,3,1,6,1,56,9,1398,2,11,9,3,9
2016520603695,2,5,0,16,0,0,0,0,0,0,3,1,6,2,30,6,749,1,22,7,1,7