Accident_Index,Vehicle_Reference,Vehicle_Type,Towing_and_Articulation,Vehicle_Manoeuvre,Vehicle_Location-Restricted_Lane,Junction_Location,Skidding_and_Overturning,Hit_Object_in_Carriageway,Vehicle_Leaving_Carriageway,Hit_Object_off_Carriageway,1st_Point_of_Impact,Was_Vehicle_Left_Hand_Drive?,Journey_Purpose_of_Driver,Sex_of_Driver,Age_of_Driver,Age_Band_of_Driver,Engine_Capacity_(CC),Propulsion_Code,Age_of_Vehicle,Driver_IMD_Decile,Driver_Home_Area_Type,Vehicle_IMD_Decile
2016520603701,1,9,0,18,0,0,0,0,0,0,1,1,6,1,18,4,-1,-1,-1,5,1,5
2016520603701,2,9,0,5,0,0,0,0,0,0,1,1,6,1,54,8,-1,-1,-1,5,3,5
2016520603707,1,9,0,18,0,8,0,0,0,0,1,1,6,1,22,5,3000,1,15,10,2,10
2016520603707,2,9,0,10,0,1,0,0,0,0,2,1,1,2,51,8,1399,2,5,-1,1,-1
2016520603707,3,9,0,18,0,1,0,0,0,0,0,1,1,1,38,7,1686,2,2,-1,-1,-1
2016520603709,1,9,0,18,0,8,0,0,0,0,1,1,6,1,64,9,1584,1,37,5,3,5
2016520603709,2,9,0,9,0,6,0,0,0,0,3,1,6,1,74,10,-1,-1,-1,8,2,8
2016520603719,1,9,0,9,0,0,0,0,0,0,3,1,6,1,40,7,1598,1,14,4,1,4
2016520603719,2,4,0,13,0,0,0,0,0,0,4,1,6,2,40,7,1157,1,14,2,1,2
2016520603733,1,9,0,17,0,0,0,10,7,3,1,1,6,1,17,4,1598,1,13,5,3,5
2016520603742,1,9,0,18,0,8,0,0,0,0,1,1,6,1,33,6,1990,1,12,6,2,6
2016520603742,2,19,0,18,0,8,0,0,0,0,1,1,6,1,32,6,2402,2,11,7,3,7
2016520603744,1,9,0,18,0,0,0,0,0,0,2,1,6,1,48,8,2495,2,13,5,3,5
2016520603744,2,9,0,18,0,0,0,0,0,0,2,1,1,1,47,8,-1,-1,-1,2,1,2
2016520603744,3,9,0,18,0,0,0,0,0,0,1,1,1,1,35,6,-1,-1,-1,7,3,7
2016520603753,1,9,0,12,0,0,0,0,4,6,1,1,6,1,58,9,1399,2,12,2,1,2
2016520603753,2,9,0,18,0,0,1,0,1,9,2,1,6,1,33,6,-1,-1,-1,4,3,4
2016520603755,1,9,0,1,0,0,0,0,0,0,2,1,6,2,73,10,1596,1,12,4,1,4
2016520603755,2,9,0,1,0,0,0,0,0,0,2,1,1,1,54,8,-1,-1,-1,4,1,4
2016520603757,1,9,0,18,0,0,0,0,0,0,4,1,6,1,43,7,796,1,12,5,2,5
2016520603757,2,9,0,18,0,0,0,0,0,0,1,1,6,1,19,4,-1,-1,-1,3,1,3
2016520603759,1,9,0,18,0,0,0,0,0,0,1,1,6,1,26,6,1781,1,15,3,1,3
2016520603762,1,9,0,5,0,0,0,0,0,0,2,1,6,2,24,5,1364,1,8,5,1,5
2016520603762,2,9,0,18,0,0,0,0,0,0,1,1,6,1,64,9,1497,1,15,4,3,4
2016520603771,1,1,0,18,0,0,0,0,0,0,3,1,6,1,28,6,-1,-1,-1,7,3,7
2016520603771,2,9,0,15,0,0,0,0,0,0,4,1,6,3,-1,-1,1242,1,15,-1,-1,-1
2016520603774,1,9,0,18,0,8,0,0,0,0,1,1,6,1,35,6,1242,1,6,4,2,4
2016520603774,2,3,0,18,0,1,0,0,0,0,1,1,6,1,24,5,124,1,11,5,2,5
2016520603782,1,9,0,18,0,8,0,0,0,0,1,1,6,1,27,6,-1,-1,-1,5,1,5
2016520603782,2,9,0,7,0,8,0,0,0,0,1,1,6,1,24,5,1199,1,17,7,1,7
2016520603789,1,9,0,18,0,8,0,0,0,0,1,1,6,1,77,11,1339,1,10,5,2,5
2016520603789,2,9,0,9,0,8,0,0,0,0,3,1,6,1,82,11,1600,2,7,8,3,8
2016520603791,1,9,0,13,0,0,0,0,0,0,1,1,1,1,51,8,1390,1,9,9,1,9
2016520603791,2,9,0,17,0,0,0,0,0,0,1,1,6,2,67,10,-1,-1,-1,6,3,6
2016520603807,1,9,0,3,0,1,0,0,1,10,1,1,6,2,59,9,1596,1,7,7,3,7
2016520603807,2,9,0,18,0,1,0,0,0,0,1,1,6,3,-1,-1,-1,-1,-1,-1,-1,-1
2016520603809,1,9,0,10,0,1,0,0,0,0,2,1,6,1,53,8,1968,2,1,4,1,4
2016520603809,2,9,0,16,0,1,0,0,0,0,1,1,6,2,47,8,1991,2,10,8,3,8
2016520603818,1,9,0,9,0,5,0,0,0,0,3,1,1,1,38,7,1598,2,5,4,1,4
2016520603821,1,9,0,18,0,8,0,0,0,0,2,1,6,1,66,10,1968,2,3,3,1,3
2016520603821,2,9,0,18,0,8,0,0,0,0,1,1,6,1,80,11,1339,1,2,6,3,6
2016520603831,1,21,0,18,0,0,0,0,0,0,1,1,6,1,51,8,6692,2,4,2,1,2
2016520603831,2,9,0,18,0,0,0,0,0,0,2,1,6,1,30,6,-1,-1,-1,5,1,5
2016520603831,3,19,0,18,0,0,0,0,0,0,2,1,6,1,50,8,2143,2,5,5,1,5
2016520603831,4,9,0,18,0,0,0,0,0,0,2,1,6,1,20,4,-1,-1,-1,4,3,4
2016520603832,1,9,0,18,0,0,0,0,0,0,4,1,6,3,-1,-1,-1,-1,-1,-1,-1,-1
2016520603835,1,1,0,18,0,3,0,0,0,0,3,1,6,2,22,5,-1,-1,-1,2,1,2
2016520603835,2,9,0,5,0,6,0,0,0,0,4,1,6,1,74,10,-1,-1,-1,8,1,8
2016520603836,1,9,0,18,0,0,0,0,0,0,1,1,6,2,74,10,1598,1,2,8,1,8
2016520603836,2,9,0,2,0,0,0,0,0,0,2,1,6,2,56,9,1796,1,12,8,1,8
2016520603836,3,9,0,18,0,0,0,0,0,0,3,1,6,1,67,10,1896,2,10,5,3,5
2016520603848,1,9,0,18,0,0,0,0,0,0,1,1,6,1,48,8,2495,2,16,6,3,6
2016520603848,2,21,0,18,0,0,0,0,1,9,4,1,6,1,47,8,12740,2,3,7,3,7
2016520603879,1,9,0,5,0,0,0,0,0,0,1,1,6,2,34,6,2495,2,15,6,2,6
2016520603879,2,9,0,15,0,0,0,0,0,0,1,1,6,1,56,9,1328,1,7,6,3,6
2016520603888,1,20,0,18,0,0,0,0,0,0,0,1,6,3,45,7,-1,-1,-1,-1,-1,-1
2016520603898,1,9,0,18,0,2,0,10,1,2,1,1,1,1,42,7,-1,-1,-1,4,1,4
2016520603898,2,9,0,18,0,1,0,0,0,0,0,1,6,3,-1,-1,-1,-1,-1,-1,-1,-1
2016520603916,1,9,0,4,0,1,0,0,0,0,2,1,6,1,46,8,-1,-1,-1,8,1,8
2016520603916,2,9,0,18,0,1,1,0,0,0,1,1,6,2,18,4,998,1,14,4,1,4
2016520603917,1,9,0,18,0,0,0,0,0,0,1,1,6,1,42,7,-1,-1,-1,8,1,8
2016520603917,2,9,0,9,0,0,0,0,0,0,4,1,6,1,59,9,1598,1,8,6,1,6
2016520603925,1,9,0,18,0,0,0,0,0,0,1,1,6,1,76,11,1364,1,7,6,2,6
2016520603950,1,9,0,5,0,0,0,0,0,0,3,1,6,2,82,11,1242,1,5,5,3,5
2016520603950,2,9,0,18,0,0,0,0,0,0,3,1,6,1,45,7,796,1,17,4,1,4
2016520603970,1,9,0,5,0,4,0,0,0,0,3,1,6,1,40,7,1968,2,3,8,3,8
2016520603970,2,1,0,18,0,8,0,0,0,0,1,1,6,2,47,8,-1,-1,-1,5,3,5
2016520603974,1,5,0,17,0,0,0,10,1,1,1,1,6,1,33,6,998,1,16,9,1,9
2016520603976,1,9,0,9,0,8,0,0,0,0,3,1,6,2,68,10,998,1,1,10,1,10
2016520603976,2,3,0,18,0,8,0,0,0,0,1,1,6,1,25,5,-1,-1,-1,3,2,3
2016520604003,1,9,0,5,0,0,0,0,0,0,0,1,6,1,40,7,1988,2,11,8,1,8
2016520604003,2,1,0,18,0,0,0,0,0,0,0,1,6,2,50,8,-1,-1,-1,7,1,7
2016520604004,1,9,0,18,0,0,0,0,0,0,1,1,1,2,38,7,1995,2,13,5,1,5
2016520604004,2,1,0,18,0,0,0,0,0,0,1,1,6,1,24,5,-1,-1,-1,-1,-1,-1
2016520604025,1,9,0,9,0,5,0,0,0,0,3,1,2,1,62,9,1497,8,10,5,1,5
2016520604025,2,9,0,9,0,6,0,0,0,0,1,1,6,1,60,9,1560,2,3,7,3,7
2016520604046,1,9,0,18,0,1,0,0,7,4,1,1,6,1,53,8,-1,-1,-1,4,1,4
2016520604046,2,9,0,18,0,1,0,0,0,0,1,1,6,1,36,7,-1,-1,-1,5,1,5
2016520604046,3,9,0,18,0,1,0,0,0,0,1,1,6,2,73,10,998,1,3,6,3,6
2016520604052,1,9,0,18,0,0,0,0,0,0,3,1,6,1,45,7,1198,1,2,-1,1,-1
2016520604052,2,3,0,18,0,0,0,0,0,0,4,1,6,1,54,8,124,1,1,10,1,10
2016520604053,1,9,0,18,0,0,0,0,0,0,0,1,6,2,55,8,1968,2,2,7,2,7
2016520604076,1,9,0,18,0,0,1,0,7,3,1,1,6,2,56,9,1595,1,11,7,1,7
2016520604081,1,19,0,16,0,0,0,0,0,0,1,1,1,1,40,7,2143,2,-1,5,1,5
2016520604081,2,9,0,17,0,0,0,0,1,0,1,1,6,2,90,11,1994,1,11,5,3,5
2016520604082,1,1,0,18,0,0,0,0,0,0,1,1,6,1,53,8,-1,-1,-1,8,1,8
2016520604082,2,9,0,2,0,0,0,0,0,0,2,1,6,3,-1,-1,1390,1,12,-1,-1,-1
2016520604085,1,9,0,3,0,1,0,0,0,0,2,1,6,1,38,7,2198,2,2,2,1,2
2016520604085,2,9,0,3,0,1,0,0,0,0,1,1,6,1,58,9,1796,2,2,5,3,5
2016520604087,1,9,0,9,0,1,0,0,0,0,3,1,6,1,22,5,1461,2,12,10,1,10
2016520604087,2,1,0,18,0,1,0,0,0,0,1,1,6,1,20,4,-1,-1,-1,1,1,1
2016520604090,1,9,0,18,0,8,0,10,1,3,1,1,6,1,20,4,1560,2,4,4,2,4
2016520604112,1,9,0,7,0,5,0,0,0,0,1,1,6,1,44,7,1997,2,13,4,1,4
2016520604114,1,9,0,17,0,0,0,0,0,0,1,1,6,1,31,6,1595,1,17,4,2,4
2016520604114,2,9,0,16,0,0,0,0,0,0,1,1,6,2,62,9,1229,1,3,8,1,8
2016520604114,3,9,0,16,0,0,0,0,0,0,1,1,6,1,57,9,-1,-1,-1,4,2,4
2016520604119,1,21,1,12,0,0,0,0,0,0,3,1,1,1,-1,-1,10837,2,3,4,3,4
2016520604119,2,9,0,18,0,0,0,0,0,0,1,1,6,2,18,4,1598,1,9,9,2,9
2016520604120,1,9,0,5,0,4,0,0,0,0,1,1,6,2,70,10,1566,2,2,7,3,7
2016520604120,2,9,0,4,0,4,0,0,0,0,2,1,6,2,64,9,1598,1,14,3,1,3
2016520604132,1,9,0,18,1,8,0,0,0,0,4,1,6,2,45,7,1368,1,1,8,1,8
2016520604132,2,9,0,18,0,1,0,0,0,0,1,1,6,1,26,6,1599,1,12,2,1,2
2016520604174,1,9,0,9,0,8,0,0,0,0,3,1,6,1,27,6,2099,1,14,7,3,7
2016520604174,2,4,0,18,0,8,0,0,0,0,1,1,6,1,42,7,-1,-1,-1,6,1,6
2016520604193,1,9,0,4,0,0,0,0,0,0,2,1,6,1,36,7,2497,2,10,10,1,10
2016520604193,2,3,0,18,0,0,0,0,0,0,1,1,6,1,24,5,125,1,10,10,1,10
2016520604205,1,9,0,18,0,0,0,0,0,0,1,1,6,1,33,6,1968,2,12,6,1,6
2016520604205,2,1,0,18,0,0,0,0,0,0,1,1,6,2,5,1,-1,-1,-1,-1,-1,-1
2016520604210,1,9,0,16,0,3,0,0,1,0,4,1,6,1,71,10,1896,2,11,2,1,2
2016520604210,2,9,0,16,0,3,0,0,0,0,4,1,6,1,25,5,-1,-1,-1,-1,-1,-1
2016520604213,1,9,0,18,0,0,5,0,1,0,3,1,6,1,30,6,1229,1,3,3,1,3
2016520604216,1,9,0,18,0,8,0,0,0,0,4,1,6,2,55,8,2400,2,22,7,1,7
2016520604216,2,1,0,9,0,8,0,0,0,0,1,1,6,1,10,2,-1,-1,-1,7,1,7
2016520604219,1,9,0,18,0,8,0,0,0,0,4,1,6,2,48,8,1398,2,14,4,1,4
2016520604219,2,4,0,18,0,8,0,0,0,0,1,1,6,1,40,7,675,1,7,6,1,6
2016520604221,1,9,0,18,0,0,0,0,0,0,1,1,6,2,77,11,-1,-1,-1,10,1,10
2016520604221,2,9,0,18,0,0,0,0,0,0,1,1,6,1,48,8,-1,-1,-1,4,2,4
2016520604226,1,9,0,10,0,8,0,0,0,0,1,1,6,1,80,11,999,1,17,-1,-1,-1
2016520604226,2,9,0,9,0,8,0,0,0,0,1,1,6,2,43,7,2400,2,-1,4,1,4
2016520604227,1,9,0,9,0,0,0,0,0,0,1,1,6,2,75,10,1598,1,11,-1,-1,-1
2016520604227,2,1,0,18,0,0,0,0,0,0,4,1,1,2,30,6,-1,-1,-1,6,2,6
2016520604255,1,9,0,18,0,8,0,0,0,0,1,1,6,1,75,10,1798,1,13,6,1,6
2016520604255,2,9,0,9,0,1,0,0,0,0,1,1,6,1,21,5,1360,1,14,3,1,3
2016520604264,1,9,0,18,0,1,0,0,1,10,1,1,2,1,51,8,2143,2,2,-1,-1,-1
2016520604264,2,9,0,8,0,2,0,0,0,0,0,1,6,3,-1,-1,-1,-1,-1,-1,-1,-1
2016520604265,1,9,0,18,0,0,0,0,0,0,4,1,6,3,-1,-1,-1,-1,-1,-1,-1,-1
2016520604270,1,9,0,18,0,8,0,0,0,0,1,1,6,1,49,8,-1,-1,-1,6,1,6
2016520604270,2,9,0,18,0,8,0,0,0,0,3,1,6,2,60,9,1149,1,8,10,1,10
2016520604286,1,9,0,18,0,8,0,0,0,0,1,1,6,1,19,4,998,1,8,4,1,4
2016520604286,2,9,0,18,0,8,0,0,0,0,2,1,6,1,39,7,1896,2,11,1,1,1
2016520604308,1,9,0,9,0,0,0,0,0,0,1,1,6,2,69,10,1339,1,7,5,3,5
2016520604308,2,9,0,18,0,0,0,0,0,0,1,1,6,1,54,8,-1,-1,-1,7,3,7
2016520604321,1,9,0,16,0,0,0,0,1,4,4,1,6,2,20,4,1328,1,9,6,1,6
2016520604330,1,9,0,18,0,8,0,0,0,0,2,1,6,2,52,8,1124,1,11,8,1,8
2016520604330,2,9,0,18,0,8,0,0,0,0,1,1,6,2,44,7,1242,1,7,9,1,9
2016520604330,3,9,0,18,0,8,0,0,0,0,4,1,6,1,26,6,1149,1,18,3,1,3
2016520604347,1,9,0,18,0,8,0,0,0,0,1,1,6,1,49,8,-1,-1,-1,3,2,3
2016520604347,2,9,0,18,0,8,0,0,0,0,1,1,6,1,71,10,1995,2,3,10,1,10
2016520604352,1,9,0,8,0,6,0,0,0,0,1,1,6,1,40,7,1870,2,11,2,1,2
2016520604352,2,1,0,18,0,1,0,0,0,0,1,1,6,1,11,3,-1,-1,-1,-1,-1,-1
2016520604358,1,9,0,18,0,0,1,0,0,0,1,1,6,1,35,6,1086,1,10,6,1,6
2016520604371,1,9,0,18,0,0,5,0,0,0,1,1,6,2,29,6,1364,2,8,5,3,5
2016520604376,1,9,0,18,0,1,0,0,0,0,4,1,6,1,71,10,1598,1,3,7,3,7
2016520604376,2,9,0,9,0,1,0,0,0,0,4,1,6,2,52,8,3980,1,19,6,1,6
2016520604386,1,9,0,9,0,0,0,0,0,0,3,1,6,2,72,10,996,1,3,8,2,8
2016520604386,2,11,0,18,0,0,0,0,0,0,1,1,6,1,43,7,3900,2,10,5,1,5
2016520604394,1,9,0,10,0,1,0,0,0,0,2,1,6,2,45,7,1389,1,18,8,1,8
2016520604394,2,9,0,10,0,1,0,0,0,0,3,1,6,1,25,5,1149,1,7,3,1,3
2016520604395,1,9,0,18,0,0,0,0,0,0,3,1,6,2,66,10,2521,1,6,8,3,8
2016520604395,2,9,0,18,0,0,5,0,0,0,1,1,6,1,60,9,2497,1,17,8,3,8
2016520604421,1,9,0,10,0,1,0,0,0,0,3,1,6,1,32,6,1896,2,15,3,1,3
2016520604421,2,9,0,7,0,1,0,0,0,0,1,1,6,1,34,6,-1,-1,-1,7,2,7
2016520604463,1,9,0,7,0,1,0,0,0,0,1,1,6,2,39,7,2967,1,14,10,1,10
2016520604463,2,1,0,17,0,8,0,0,0,0,1,1,6,1,15,3,-1,-1,-1,7,3,7
2016520604475,1,9,0,17,0,2,1,0,0,0,1,1,6,1,21,5,1242,1,8,10,1,10
2016520604500,1,4,0,4,0,0,0,0,0,0,1,1,6,1,56,9,-1,-1,-1,10,2,10
2016520604500,2,19,0,1,0,0,0,0,0,0,0,1,6,1,74,10,3920,2,10,4,1,4
2016520604502,1,1,0,18,0,8,0,0,0,0,2,1,6,1,6,2,-1,-1,-1,4,2,4
2016520604502,2,9,0,9,0,8,0,0,0,0,1,1,6,1,81,11,1968,2,8,4,2,4
2016520604503,1,21,4,1,0,0,0,0,0,0,2,1,1,1,33,6,12740,2,2,-1,-1,-1
2016520604503,2,22,0,18,0,0,0,0,0,0,3,1,6,2,79,11,-1,-1,-1,-1,-1,-1
2016520604504,1,9,0,18,0,8,0,0,0,0,1,1,6,2,20,4,1149,1,15,6,3,6
2016520604504,2,9,0,10,0,8,0,0,0,0,2,1,6,1,26,6,-1,-1,-1,9,2,9
2016520604505,1,9,0,18,0,8,0,0,0,0,1,1,6,2,69,10,-1,-1,-1,10,1,10
2016520604505,2,9,0,18,0,8,0,0,0,0,1,1,6,2,30,6,1368,1,5,5,1,5
2016520604506,1,9,0,18,0,8,0,0,0,0,2,1,6,1,68,10,1956,2,6,-1,-1,-1
2016520604506,2,9,0,18,0,8,0,0,0,0,1,1,6,1,49,8,-1,-1,-1,9,3,9
2016520604507,1,9,0,18,0,8,0,0,0,0,1,1,6,1,53,8,1998,1,12,5,2,5
2016520604507,2,9,0,18,0,8,1,0,0,0,1,1,6,2,43,7,1587,1,13,1,1,1
2016520604511,1,9,0,18,0,0,5,0,0,0,1,1,6,1,22,5,1984,1,21,6,1,6
2016520604512,1,9,0,18,0,8,0,0,0,0,4,1,6,1,55,8,1598,2,4,9,2,9
2016520604512,2,9,0,18,0,8,0,0,0,0,1,1,6,3,-1,-1,2306,1,18,-1,-1,-1
2016520604516,1,9,0,18,0,8,0,0,0,0,1,1,6,1,66,10,1598,1,9,3,1,3
2016520604516,2,9,0,18,0,8,0,0,0,0,2,1,6,1,31,6,1995,2,12,5,1,5
2016520604521,1,9,0,17,0,8,5,0,1,8,1,1,6,1,37,7,2987,2,9,7,3,7
2016520604523,1,4,0,18,0,8,0,0,0,0,4,1,6,1,64,9,1043,1,3,7,1,7
2016520604523,2,9,0,9,0,8,0,0,0,0,1,1,6,2,47,8,-1,-1,-1,4,3,4
2016520604525,1,9,0,18,0,8,0,0,0,0,1,1,6,1,37,7,1149,1,11,2,1,2
2016520604525,2,9,0,18,0,8,0,0,0,0,1,1,6,1,42,7,1332,1,5,-1,-1,-1
2016520604526,1,9,0,9,0,8,0,0,0,0,1,1,6,2,65,9,1200,1,1,5,1,5
2016520604526,2,9,0,18,0,8,0,0,0,0,1,1,6,1,63,9,2319,1,15,7,3,7
2016520604535,1,9,0,9,0,8,0,0,0,0,1,1,6,1,78,11,1396,1,5,7,3,7
2016520604535,2,9,0,18,0,8,0,0,0,0,1,1,6,1,63,9,2099,1,13,6,3,6
2016520604552,1,9,3,18,0,0,5,0,0,0,1,1,6,2,55,8,1795,1,16,2,1,2
2016520604553,1,9,0,17,0,0,0,0,1,3,1,1,6,2,34,6,1390,1,11,5,3,5
2016520604554,1,9,0,18,0,8,5,0,0,0,3,1,6,2,43,7,1998,1,13,10,1,10
2016520604570,1,9,0,9,0,1,0,0,0,0,3,1,6,2,48,8,1149,1,8,2,1,2
2016520604570,2,9,0,10,0,6,0,0,0,0,1,1,6,1,20,4,1199,1,15,-1,-1,-1
2016520604581,1,9,0,18,0,8,0,0,0,0,1,1,6,1,24,5,2143,2,-1,7,3,7
2016520604581,2,9,0,18,0,8,0,0,0,0,1,1,6,1,42,7,-1,-1,-1,7,3,7
2016520604584,1,9,0,18,0,0,0,0,0,0,1,1,6,1,55,8,1598,1,16,4,2,4
2016520604591,1,9,0,6,0,0,0,0,0,0,3,1,6,1,23,5,1596,1,13,2,1,2
2016520604591,2,9,0,18,0,0,0,0,0,0,1,1,6,1,57,9,2401,2,10,9,3,9
2016520604593,1,9,0,18,0,8,0,0,0,0,3,1,6,2,41,7,1796,1,14,5,3,5
2016520604593,2,9,0,7,0,6,0,0,0,0,3,1,6,2,47,8,998,1,1,5,3,5
2016520604596,1,9,0,4,0,8,0,0,0,0,1,1,6,1,55,8,-1,-1,-1,7,1,7
2016520604596,2,9,0,18,0,8,0,0,0,0,2,1,6,1,26,6,1339,1,3,7,2,7
2016520604631,1,9,0,18,0,0,0,0,0,0,4,1,6,3,29,6,-1,-1,-1,-1,-1,-1
2016520604654,1,9,0,18,0,0,0,0,7,0,1,1,6,1,47,8,1596,1,7,6,3,6
2016520604654,2,9,0,18,0,0,0,0,0,0,1,1,6,1,56,9,2401,2,14,6,2,6
2016520604658,1,11,0,18,0,8,0,0,0,0,1,1,1,1,57,9,-1,-1,-1,8,1,8
2016520604667,1,9,0,18,0,0,5,7,7,9,1,1,6,1,26,6,1796,1,8,2,1,2
2016520604673,1,9,0,9,0,8,0,0,0,0,3,1,6,1,84,11,1389,1,20,8,2,8
2016520604673,2,9,0,18,0,8,0,0,0,0,1,1,6,2,72,10,1339,1,8,2,1,2
2016520604674,1,9,0,18,0,8,0,0,7,0,1,1,6,1,41,7,1364,1,-1,4,3,4
2016520604674,2,1,0,2,0,8,0,0,0,0,1,1,6,1,21,5,-1,-1,-1,4,3,4
2016520604678,1,9,0,18,0,1,0,0,0,0,3,1,6,1,45,7,1968,2,3,6,3,6
2016520604678,2,9,0,18,0,5,0,0,0,0,3,1,6,2,21,5,1390,1,1,3,1,3
2016520604685,1,9,0,16,0,0,0,0,0,0,1,1,6,1,80,11,1560,2,10,7,2,7
2016520604685,2,9,0,17,0,0,0,0,0,0,1,1,6,1,25,5,1598,1,16,3,1,3
2016520604720,1,9,0,3,0,1,0,0,0,0,2,1,6,2,63,9,1598,1,9,4,1,4
2016520604720,2,9,0,18,0,1,0,0,0,0,1,1,6,1,35,6,-1,-1,-1,2,1,2
2016520604727,1,9,0,18,0,0,0,0,0,0,4,1,6,1,36,7,1995,1,14,5,1,5
2016520604736,1,9,0,18,0,0,0,0,0,0,3,1,6,2,-1,-1,1242,1,14,-1,-1,-1
2016520604765,1,9,0,9,0,6,0,0,0,0,1,1,6,2,77,11,1242,1,2,8,2,8
2016520604765,2,5,0,18,0,8,0,0,0,0,4,1,6,1,37,7,656,1,9,4,2,4
2016520604769,1,9,0,18,0,0,0,0,0,0,1,1,6,2,45,7,999,1,2,6,1,6
2016520604769,2,9,0,6,0,0,0,0,0,0,1,1,6,2,37,7,3200,2,13,5,3,5
2016520604774,1,9,0,7,0,8,0,0,0,0,1,1,6,2,55,8,998,1,2,9,1,9
2016520604774,2,3,0,18,0,8,1,0,0,0,1,1,6,1,28,6,124,1,3,2,1,2
2016520604796,1,5,0,18,0,0,0,0,0,0,1,1,6,1,38,7,998,1,7,5,1,5
2016520604796,2,9,0,18,0,0,0,0,0,0,1,1,6,2,66,10,2435,1,14,9,1,9
2016520604798,1,9,0,6,0,8,0,0,0,0,3,1,6,1,21,5,1598,1,1,8,3,8
2016520604798,2,4,0,18,0,8,0,0,0,0,1,1,6,1,16,4,-1,-1,-1,7,1,7
2016520604805,1,9,0,18,0,1,0,0,0,0,1,1,6,2,82,11,1240,1,9,7,3,7
2016520604805,2,9,0,10,0,1,0,0,0,0,2,1,6,1,38,7,1498,1,17,7,3,7
2016520604806,1,9,0,3,0,0,0,0,0,0,3,1,6,2,40,7,1398,1,-1,7,3,7
2016520604806,2,1,0,5,0,0,0,0,0,0,1,1,6,2,55,8,-1,-1,-1,-1,-1,-1
2016520604808,1,3,0,18,0,1,0,0,0,0,1,1,6,1,18,4,123,1,-1,9,3,9
2016520604808,2,1,0,9,0,1,0,0,0,0,4,1,6,2,57,9,-1,-1,-1,8,1,8
2016520604812,1,9,0,18,0,0,0,0,4,0,3,1,6,2,24,5,998,1,2,5,1,5
2016520604836,1,9,0,18,0,8,0,0,0,0,1,1,6,2,25,5,1149,1,15,6,1,6
2016520604836,2,3,0,18,0,8,0,0,0,0,1,1,6,1,17,4,124,1,8,5,2,5
2016520604853,1,9,0,18,0,1,0,0,0,0,1,1,6,2,30,6,1248,1,3,7,3,7
2016520604853,2,9,0,18,0,1,0,0,1,9,4,1,6,1,53,8,2204,2,9,7,3,7
2016520604853,3,9,0,9,0,5,0,0,0,0,1,1,6,1,36,7,3999,1,8,3,2,3
2016520604856,1,9,0,7,0,1,0,0,0,0,1,1,6,2,25,5,1364,1,-1,6,1,6
2016520604856,2,9,0,18,0,1,0,0,0,0,1,1,1,1,48,8,1995,2,4,8,1,8
2016520604864,1,5,0,18,0,8,0,0,0,0,2,1,6,1,43,7,649,1,11,-1,-1,-1
2016520604864,2,17,0,18,0,8,0,0,0,0,1,1,6,1,37,7,-1,-1,-1,2,1,2
2016520604864,3,9,0,18,0,8,0,0,0,0,0,1,6,1,70,10,-1,-1,-1,6,3,6
2016520604865,1,9,0,18,0,1,5,0,1,3,4,1,6,1,24,5,1364,1,11,8,3,8
2016520604885,1,9,0,18,0,0,0,0,0,0,4,1,6,1,22,5,2495,2,15,7,3,7
2016520604885,2,9,0,18,0,0,0,0,0,0,1,1,6,2,33,6,1598,1,8,3,2,3
2016520604885,3,9,0,2,0,0,0,0,0,0,1,1,6,3,-1,-1,2987,2,7,-1,-1,-1
2016520604914,1,2,0,18,0,0,0,0,0,0,1,1,6,2,58,9,108,1,3,8,3,8
2016520604914,2,9,0,5,0,0,0,0,0,0,2,1,6,2,74,10,1798,8,4,8,2,8
2016520604914,3,9,0,2,0,0,0,0,0,0,0,1,3,3,-1,-1,2231,2,10,-1,-1,-1
2016520604919,1,9,0,18,0,0,0,0,0,0,1,1,6,2,30,6,1796,1,13,1,1,1
2016520604919,2,9,0,18,0,0,0,0,0,0,1,1,6,3,-1,-1,1598,2,6,-1,-1,-1
2016520604926,1,9,0,18,0,0,0,0,7,4,3,1,6,1,19,4,1360,1,11,8,2,8
2016520604934,1,9,0,18,0,8,0,0,0,0,4,1,6,2,45,7,1229,1,10,10,1,10
2016520604934,2,1,0,18,0,8,0,0,0,0,1,1,6,1,9,2,-1,-1,-1,5,3,5
2016520604942,1,17,0,9,0,8,0,0,0,0,3,1,1,1,70,10,6788,2,1,8,3,8
2016520604942,2,9,0,13,0,8,0,0,0,0,1,1,6,1,32,6,-1,-1,-1,3,2,3
2016520604951,1,9,0,18,0,8,0,0,0,0,1,1,6,2,76,11,1390,1,7,3,1,3
2016520604951,2,9,0,18,0,8,0,0,0,0,2,1,6,1,72,10,1951,2,12,6,1,6
2016520604970,1,9,0,18,0,0,0,0,0,0,1,1,6,1,28,6,1998,1,9,9,1,9
2016520604971,1,9,0,9,0,0,0,0,0,0,1,1,6,1,73,10,1560,2,6,-1,-1,-1
2016520604971,2,1,0,18,0,0,0,0,0,0,3,1,6,1,30,6,-1,-1,-1,-1,-1,-1
2016520605028,1,9,0,18,0,0,0,0,0,0,1,1,6,1,63,9,1489,1,19,8,2,8
2016520605028,2,1,0,18,0,0,0,0,0,0,1,1,6,1,18,4,-1,-1,-1,7,3,7