Accident_Index,Vehicle_Reference,Vehicle_Type,Towing_and_Articulation,Vehicle_Manoeuvre,Vehicle_Location-Restricted_Lane,Junction_Location,Skidding_and_Overturning,Hit_Object_in_Carriageway,Vehicle_Leaving_Carriageway,Hit_Object_off_Carriageway,1st_Point_of_Impact,Was_Vehicle_Left_Hand_Drive?,Journey_Purpose_of_Driver,Sex_of_Driver,Age_of_Driver,Age_Band_of_Driver,Engine_Capacity_(CC),Propulsion_Code,Age_of_Vehicle,Driver_IMD_Decile,Driver_Home_Area_Type,Vehicle_IMD_Decile
2016520608555,1,9,3,18,0,0,0,0,0,0,0,1,6,1,52,8,1968,2,-1,5,3,5
2016520608555,2,9,0,18,0,0,0,0,0,0,1,1,6,2,59,9,1798,1,8,6,3,6
2016520608574,1,9,0,3,0,8,0,0,0,0,2,1,6,2,58,9,-1,-1,-1,5,1,5
2016520608574,2,9,0,18,0,8,0,0,0,0,1,1,6,3,25,5,1798,2,15,-1,-1,-1
2016520608586,1,8,0,18,0,1,0,0,0,0,1,1,6,1,64,9,2143,2,5,6,2,6
2016520608590,1,9,0,1,0,0,0,0,0,0,2,1,6,3,-1,-1,-1,-1,-1,-1,-1,-1
2016520608605,1,9,0,18,0,8,0,0,0,0,1,1,6,2,33,6,1910,2,11,5,1,5
2016520608607,1,9,0,18,0,0,0,0,0,0,1,1,6,2,44,7,-1,-1,-1,7,3,7
2016520608607,2,19,0,18,0,0,0,0,1,10,3,1,1,1,48,8,6370,2,8,6,1,6
2016520608610,1,9,0,12,0,0,0,0,0,0,3,1,6,1,40,7,1461,2,2,6,3,6
2016520608610,2,9,0,13,0,0,0,0,0,0,1,1,6,1,79,11,1242,1,-1,-1,-1,-1
2016520608610,3,9,0,2,0,0,0,0,7,10,2,1,6,3,-1,-1,2198,2,10,-1,-1,-1
2016520608615,1,9,0,7,0,5,0,0,0,0,4,1,6,1,60,9,1598,2,1,9,3,9
2016520608615,2,1,0,18,0,1,0,0,0,0,1,1,6,1,37,7,-1,-1,-1,6,1,6
2016520608630,1,9,0,18,0,0,0,0,0,0,1,1,6,2,31,6,1395,1,-1,9,1,9
2016520608630,2,1,0,18,0,0,0,0,0,0,1,1,6,2,35,6,-1,-1,-1,7,3,7
2016520608641,1,19,0,14,0,1,0,0,0,0,3,1,6,1,57,9,1995,2,4,9,2,9
2016520608641,2,21,0,18,0,2,0,0,0,0,3,1,1,1,52,8,-1,-1,-1,8,1,8
2016520608641,3,9,0,2,0,1,0,0,0,0,4,1,6,3,18,4,1598,1,18,-1,-1,-1
2016520608655,1,9,0,16,0,0,0,10,0,0,3,1,6,2,20,4,1149,1,11,6,2,6
2016520608655,2,9,0,17,0,0,0,0,0,0,1,1,6,2,58,9,898,1,1,7,3,7
2016520608665,1,9,0,18,0,8,0,0,0,0,4,1,6,2,57,9,1242,1,7,4,1,4
2016520608667,1,9,4,9,0,8,0,0,0,0,4,1,6,1,49,8,-1,-1,-1,6,2,6
2016520608667,2,9,0,18,0,8,0,0,0,0,1,1,6,1,57,9,-1,-1,-1,6,1,6
2016520608668,1,9,0,1,0,0,0,0,0,0,2,1,6,1,79,11,1753,2,8,5,1,5
2016520608670,1,9,0,17,0,8,0,0,1,10,1,1,6,2,32,6,995,1,9,1,1,1
2016520608675,1,9,0,18,0,0,0,0,0,0,2,1,6,1,50,8,-1,-1,-1,4,3,4
2016520608675,2,9,0,18,0,0,0,0,0,0,1,1,6,1,21,5,1587,1,15,6,2,6
2016520608678,1,9,0,18,0,8,0,0,0,0,4,1,6,1,29,6,-1,-1,-1,8,1,8
2016520608678,2,9,0,9,0,6,0,0,0,0,1,1,6,1,83,11,996,1,2,10,1,10
2016520608685,1,9,0,18,0,8,0,0,0,0,4,1,6,1,69,10,1560,2,2,4,3,4
2016520608685,2,9,0,10,0,6,0,0,0,0,1,1,6,1,91,11,2495,2,12,4,3,4
2016520608692,1,9,0,5,0,6,0,0,0,0,3,1,6,1,46,8,1997,2,4,4,1,4
2016520608692,2,1,0,18,0,8,0,0,0,0,4,1,6,1,45,7,-1,-1,-1,3,1,3
2016520608721,1,9,0,14,0,1,0,0,0,0,4,1,6,1,21,5,3000,1,15,9,1,9
2016520608738,1,9,0,18,0,8,0,0,0,0,4,1,1,2,44,7,1390,1,6,10,1,10
2016520608738,2,9,0,18,0,8,0,0,0,0,1,1,6,1,24,5,1124,1,10,6,1,6
2016520608767,1,9,0,9,0,5,0,0,0,0,3,1,6,1,20,4,-1,-1,-1,-1,-1,-1
2016520608770,1,9,0,3,0,2,0,0,0,0,2,1,6,1,27,6,1781,1,16,-1,-1,-1
2016520608770,2,9,0,5,0,3,1,0,0,0,1,1,6,1,52,8,1840,1,17,10,1,10
2016520608774,1,9,0,3,0,0,0,0,0,0,3,1,6,2,48,8,1598,1,11,5,3,5
2016520608774,2,5,0,18,0,0,0,0,0,0,1,1,6,1,47,8,798,1,5,6,3,6
2016520608777,1,4,0,18,0,8,0,0,0,0,3,1,6,1,17,4,124,1,1,5,3,5
2016520608777,2,19,0,18,0,8,0,0,0,0,1,1,6,1,47,8,1968,2,4,10,1,10
2016520608780,1,9,0,9,0,6,0,0,0,0,3,1,6,1,27,6,1598,2,5,10,1,10
2016520608780,2,9,0,18,0,8,0,0,0,0,3,1,6,2,72,10,1349,1,3,10,1,10
2016520608784,1,9,0,5,0,1,0,0,0,0,1,1,6,1,82,11,1596,1,9,2,1,2
2016520608792,1,19,0,1,7,2,0,0,0,10,4,1,6,1,49,8,-1,-1,-1,5,2,5
2016520608804,1,9,0,14,0,8,0,0,0,0,4,1,6,2,33,6,1461,2,1,4,3,4
2016520608804,2,9,0,3,0,8,0,0,0,0,3,1,6,1,57,9,-1,-1,-1,6,1,6
2016520608809,1,9,0,18,0,0,0,0,0,0,0,1,6,2,30,6,1000,1,3,-1,-1,-1
2016520608811,1,9,0,17,0,0,5,0,7,0,4,1,6,1,25,5,2967,1,14,5,1,5
2016520608811,2,19,0,16,0,0,0,0,0,0,1,1,1,1,52,8,2402,2,15,3,1,3
2016520608815,1,9,0,18,0,2,1,0,1,10,1,1,6,1,50,8,2979,1,-1,6,3,6
2016520608818,1,9,0,18,0,0,0,0,0,0,1,1,6,1,18,4,2099,1,14,5,2,5
2016520608822,1,9,0,13,0,8,0,0,0,0,4,1,6,1,21,5,1956,2,5,9,2,9
2016520608822,2,9,0,9,0,5,0,0,0,0,3,1,6,1,42,7,1398,2,7,5,3,5
2016520608822,3,9,0,18,0,1,0,0,0,0,1,1,6,2,57,9,1398,2,10,6,3,6
2016520608830,1,9,0,3,0,1,0,0,0,0,2,1,6,1,59,9,-1,-1,-1,7,1,7
2016520608830,2,9,0,5,0,1,0,0,0,0,1,1,6,2,31,6,1968,2,5,2,1,2
2016520608840,1,9,0,9,0,6,0,0,0,0,1,1,6,2,56,9,1560,2,6,8,1,8
2016520608840,2,4,0,18,0,8,0,0,0,0,1,1,6,1,17,4,125,1,9,2,1,2
2016520608848,1,9,0,18,0,0,0,0,3,4,1,1,6,1,21,5,-1,-1,-1,8,3,8
2016520608853,1,9,0,3,0,4,0,0,0,0,1,1,6,2,33,6,1360,1,9,6,3,6
2016520608853,2,5,0,10,0,4,0,0,0,0,2,1,6,1,41,7,645,1,16,3,1,3
2016520608856,1,9,0,18,0,0,0,0,0,0,4,1,6,2,87,11,1390,1,11,5,3,5
2016520608857,1,9,0,5,0,8,0,0,0,0,3,1,6,2,25,5,1989,1,16,6,3,6
2016520608857,2,5,0,18,0,4,1,0,0,0,1,1,6,1,50,8,749,1,16,6,1,6
2016520608858,1,9,0,5,0,6,0,0,7,10,3,1,6,1,80,11,1198,1,5,5,2,5
2016520608862,1,9,0,9,0,2,0,0,0,0,1,1,6,2,24,5,1781,1,14,10,1,10
2016520608862,2,1,0,18,0,1,1,0,0,0,1,1,6,1,12,3,-1,-1,-1,8,1,8
2016520608888,1,9,0,18,0,8,1,0,1,1,1,1,6,1,18,4,1299,1,12,5,3,5
2016520608894,1,9,0,16,0,0,0,0,1,0,4,1,6,1,34,6,1997,1,17,4,1,4
2016520608930,1,9,0,4,0,0,0,0,0,0,4,1,6,1,50,8,1149,1,13,8,3,8
2016520608942,1,9,0,4,0,0,0,0,0,0,1,1,6,1,31,6,2143,2,6,7,1,7
2016520608942,2,9,0,4,0,0,0,0,0,0,2,1,6,1,37,7,1596,1,9,4,1,4
2016520608946,1,9,0,5,0,4,0,0,0,0,3,1,6,1,26,6,-1,-1,-1,3,2,3
2016520608946,2,5,0,18,0,4,0,0,0,0,1,1,6,1,53,8,980,1,27,7,3,7
2016520608949,1,19,0,18,0,0,0,0,0,0,4,1,6,3,-1,-1,-1,-1,-1,-1,-1,-1
2016520608953,1,9,0,18,9,0,0,0,0,0,1,1,3,2,30,6,1997,2,15,-1,-1,-1
2016520608954,1,4,0,8,0,6,0,0,0,0,2,1,6,1,26,6,-1,-1,-1,5,1,5
2016520608954,2,9,0,7,0,6,0,0,0,0,1,1,6,2,19,4,1149,1,14,8,1,8
2016520608971,1,9,0,18,0,1,0,0,0,0,1,1,6,1,88,11,1896,2,14,6,2,6
2016520608971,2,9,0,4,0,1,0,0,0,0,2,1,6,1,53,8,-1,-1,-1,7,3,7
2016520608978,1,9,0,9,0,6,0,0,0,0,1,1,6,2,18,4,1198,1,13,5,3,5
2016520608978,2,9,0,18,0,8,0,0,0,0,4,1,6,1,52,8,1985,1,16,8,3,8
2016520608979,1,9,0,18,0,0,0,2,0,0,4,1,6,2,72,10,1560,2,-1,5,3,5
2016520608979,2,17,0,2,0,0,0,0,0,0,3,1,1,1,57,9,-1,2,4,-1,-1,-1
2016520608982,1,9,0,18,0,0,0,0,0,0,1,1,6,2,-1,-1,1348,1,15,8,1,8
2016520608985,1,9,0,16,0,0,0,0,0,0,1,1,6,2,17,4,1905,2,19,6,2,6
2016520608985,2,9,0,3,0,0,0,0,0,0,2,1,6,2,59,9,1364,2,8,5,3,5
2016520608985,3,19,0,18,0,0,0,0,0,0,1,1,6,1,29,6,2198,2,1,3,1,3
2016520609022,1,9,0,9,0,1,0,0,0,0,1,1,6,1,19,4,1399,2,14,8,3,8
2016520609022,2,9,0,18,0,1,0,0,0,0,1,1,6,1,45,7,2171,2,12,-1,-1,-1
2016520609024,1,9,0,9,0,5,0,0,0,0,1,1,6,2,64,9,1199,2,4,3,1,3
2016520609026,1,9,0,18,0,8,0,0,0,0,1,1,6,2,21,5,993,1,14,4,3,4
2016520609026,2,21,0,2,0,8,0,0,0,0,4,1,6,1,48,8,11021,2,13,6,2,6
2016520609035,1,9,0,18,0,3,0,0,0,0,1,1,6,2,39,7,1587,1,14,2,1,2
2016520609035,2,9,0,11,0,3,0,0,0,0,4,1,6,3,-1,-1,-1,-1,-1,-1,-1,-1
2016520609036,1,9,0,18,0,0,0,0,0,0,3,1,6,2,29,6,1197,1,-1,2,1,2
2016520609036,2,9,0,13,0,0,0,0,7,9,4,1,6,1,23,5,1995,2,13,7,3,7
2016520609036,3,9,0,18,0,0,0,0,0,0,0,1,6,3,-1,-1,-1,-1,-1,-1,-1,-1
2016520609081,1,9,0,13,0,1,0,0,0,0,1,1,6,1,22,5,1900,2,17,3,1,3
2016520609081,2,9,0,10,0,1,0,0,0,0,4,1,6,2,44,7,1995,2,10,6,2,6
2016520609081,3,9,0,18,0,1,0,0,1,1,3,1,6,1,45,7,-1,-1,-1,10,1,10
2016520609108,1,9,0,18,0,1,0,0,0,0,1,1,6,2,30,6,1598,2,1,8,1,8
2016520609108,2,9,0,18,0,1,0,0,0,0,2,1,6,1,42,7,-1,-1,-1,7,1,7
2016520609108,3,9,0,18,0,1,0,0,0,0,2,1,6,1,42,7,1997,2,6,8,3,8
2016520609114,1,9,0,18,0,0,0,0,0,0,3,1,6,1,67,10,1910,2,9,10,1,10
2016520609114,2,9,0,18,0,0,0,0,0,0,1,1,6,2,30,6,1798,1,5,6,3,6
2016520609115,1,9,0,18,0,3,0,0,0,0,3,1,6,1,34,6,1968,2,-1,3,3,3
2016520609115,2,21,0,18,0,3,0,0,0,0,4,1,6,1,38,7,-1,-1,-1,-1,-1,-1
2016520609124,1,9,0,18,0,6,0,0,0,0,3,1,6,2,30,6,1360,1,11,8,2,8
2016520609124,2,20,4,18,0,8,0,0,0,0,1,1,6,1,49,8,2148,2,9,9,3,9
2016520609133,1,9,0,4,0,0,0,0,0,0,1,1,6,1,26,6,-1,-1,-1,7,1,7
2016520609133,2,9,0,4,0,0,0,0,0,0,2,1,6,2,79,11,-1,-1,-1,1,1,1
2016520609133,3,9,0,18,0,0,0,0,0,0,2,1,6,2,49,8,1598,2,5,8,2,8
2016520609138,1,17,0,17,0,0,0,0,0,0,3,1,6,1,63,9,-1,2,5,4,1,4
2016520609138,2,9,0,16,0,0,0,0,0,0,3,1,6,1,20,4,1968,2,5,3,2,3
2016520609144,1,9,0,9,0,8,0,0,0,0,1,1,6,2,38,7,1995,2,9,9,2,9
2016520609144,2,5,0,18,0,1,0,0,0,0,1,1,6,1,55,8,1171,1,18,6,3,6
2016520609151,1,9,0,5,0,0,0,0,0,0,3,1,6,1,82,11,1598,1,10,6,2,6
2016520609151,2,5,0,18,0,0,0,0,0,0,1,1,6,1,54,8,487,1,11,7,3,7
2016520609155,1,1,0,18,0,6,0,0,0,0,3,1,6,1,11,3,-1,-1,-1,9,3,9
2016520609155,2,9,0,7,0,6,0,0,0,0,1,1,6,1,65,9,-1,-1,-1,-1,-1,-1
2016520609156,1,9,0,9,0,0,0,0,0,0,3,1,6,2,33,6,999,1,-1,8,1,8
2016520609156,2,5,0,18,0,0,0,0,0,0,1,1,6,1,60,9,1298,1,6,2,1,2
2016520609166,1,9,0,18,0,0,0,0,0,0,3,1,6,1,19,4,1149,1,12,6,1,6
2016520609166,2,9,0,18,0,0,0,0,0,0,3,1,6,2,53,8,1685,2,5,5,3,5
2016520609168,1,9,0,4,0,0,0,0,0,0,1,1,6,1,20,4,1596,1,4,9,3,9
2016520609168,2,9,0,4,0,0,1,0,0,0,1,1,6,2,53,8,1969,2,1,9,3,9
2016520609171,1,1,0,18,0,8,0,0,0,0,3,1,6,1,40,7,-1,-1,-1,-1,-1,-1
2016520609171,2,9,0,9,0,8,0,0,0,0,1,1,6,3,-1,-1,-1,-1,-1,-1,-1,-1
2016520609186,1,9,0,13,0,1,0,0,0,10,1,1,6,1,39,7,1910,2,9,2,2,2
2016520609186,2,17,4,9,0,8,0,0,0,0,3,1,1,1,33,6,-1,2,5,4,3,4
2016520609187,1,9,0,16,0,0,0,0,0,0,1,1,6,1,19,4,1242,1,12,5,1,5
2016520609195,1,9,0,18,0,2,0,0,7,10,3,1,6,1,32,6,1994,1,15,4,3,4
2016520609208,1,9,0,18,0,0,0,0,0,0,1,1,6,1,23,5,-1,-1,-1,5,1,5
2016520609212,1,9,0,18,0,0,0,0,0,0,2,1,2,2,55,8,2400,2,1,7,1,7
2016520609212,2,9,0,18,0,0,0,0,0,0,1,1,6,1,38,7,3200,2,12,5,1,5
2016520609217,1,9,0,18,0,0,0,10,5,10,3,1,6,1,30,6,2184,2,6,7,1,7
2016520609219,1,9,0,18,0,1,0,0,0,0,1,1,6,2,43,7,1596,1,13,8,1,8
2016520609219,2,9,0,10,0,1,0,0,0,0,2,1,6,1,28,6,1686,2,12,5,3,5
2016520609223,1,9,0,18,0,8,0,0,0,0,1,1,6,2,49,8,3200,2,3,5,3,5
2016520609223,2,9,0,9,0,6,0,0,0,0,3,1,6,1,25,5,-1,-1,-1,-1,-1,-1
2016520609241,1,9,0,18,0,1,0,0,0,0,1,1,6,1,65,9,2488,2,4,7,3,7
2016520609241,2,9,0,10,0,1,0,0,0,0,2,1,6,2,35,6,1598,2,3,9,2,9
2016520609249,1,9,0,18,0,0,0,0,0,0,1,1,6,2,54,8,1956,2,4,3,1,3
2016520609249,2,9,0,4,0,0,0,0,0,0,2,1,6,2,60,9,-1,-1,-1,-1,-1,-1
2016520609251,1,9,0,18,0,0,1,0,0,0,4,1,2,1,37,7,1794,1,14,4,1,4
2016520609251,2,9,0,9,0,0,0,0,0,0,1,1,6,3,-1,-1,-1,-1,-1,-1,-1,-1
2016520609259,1,1,0,18,0,2,0,0,0,0,3,1,1,1,54,8,-1,-1,-1,10,1,10
2016520609259,2,9,0,18,0,2,0,0,0,0,1,1,6,1,20,4,1242,1,5,10,1,10
2016520609272,1,9,0,18,0,0,0,0,0,0,3,1,6,1,75,10,1198,1,5,7,3,7
2016520609272,2,9,0,9,0,0,0,0,0,0,1,1,6,1,62,9,-1,-1,-1,6,1,6
2016520609282,1,9,0,18,0,5,0,0,0,0,0,1,6,2,35,6,2148,2,10,5,2,5
2016520609313,1,8,0,18,0,1,0,0,0,0,4,1,1,1,50,8,2198,2,2,7,1,7
2016520609313,2,9,0,11,0,1,0,0,0,0,1,1,1,2,50,8,-1,-1,-1,-1,-1,-1
2016520609331,1,9,0,5,0,4,0,0,0,0,2,1,6,1,23,5,-1,-1,-1,-1,-1,-1
2016520609331,2,9,0,5,0,4,0,0,0,0,1,1,6,2,22,5,1598,1,4,8,1,8
2016520609334,1,9,0,18,0,0,1,0,0,0,3,1,6,2,48,8,1598,1,3,5,2,5
2016520609336,1,9,0,18,0,0,0,0,7,0,1,1,6,1,28,6,1598,2,4,5,1,5
2016520609336,2,9,0,6,0,0,0,0,0,1,3,1,6,2,86,11,1998,1,14,7,3,7
2016520609343,1,9,0,7,0,1,0,0,0,0,2,1,6,2,51,8,1560,2,8,8,3,8
2016520609343,2,9,0,4,0,1,0,0,0,0,1,1,6,3,-1,-1,1900,2,18,-1,-1,-1
2016520609347,1,11,0,18,0,0,0,0,0,0,4,1,6,3,-1,-1,-1,-1,-1,-1,-1,-1
2016520609358,1,9,0,18,0,8,0,0,0,0,1,1,6,1,33,6,1590,1,12,8,3,8
2016520609358,2,9,0,18,0,6,0,0,0,0,3,1,6,2,58,9,1995,2,6,9,2,9
2016520609359,1,9,0,18,0,0,0,0,1,9,1,1,6,1,25,5,1910,2,8,5,1,5
2016520609359,2,9,0,18,0,0,0,0,0,0,0,1,6,3,-1,-1,-1,-1,-1,-1,-1,-1
2016520609386,1,9,0,18,0,0,0,0,0,0,0,1,6,1,20,4,-1,-1,-1,4,1,4
2016520609386,2,9,0,18,0,0,0,0,0,0,1,1,6,3,50,8,-1,-1,-1,-1,-1,-1
2016520609387,1,9,0,7,0,5,0,0,0,0,4,1,6,1,34,6,1398,1,-1,3,2,3
2016520609389,1,9,0,18,0,2,0,0,0,0,0,1,6,1,50,8,1781,1,12,5,1,5
2016520609392,1,9,0,10,0,5,0,0,0,0,1,1,6,2,30,6,1753,2,14,6,3,6
2016520609392,2,9,0,18,0,8,0,0,0,0,1,1,6,1,39,7,1956,2,2,8,2,8
2016520609413,1,9,0,3,0,1,0,0,0,0,2,1,2,2,62,9,1360,1,6,6,2,6
2016520609413,2,9,0,3,0,2,0,0,0,0,2,1,2,1,43,7,1248,1,7,5,2,5
2016520609413,3,9,0,3,0,2,0,0,0,0,1,1,6,1,22,5,-1,-1,-1,-1,-1,-1
2016520609416,1,9,0,18,0,1,0,0,0,0,1,1,6,1,33,6,1781,1,17,3,1,3
2016520609423,1,9,0,5,9,6,0,0,0,0,1,1,6,2,33,6,-1,-1,-1,-1,-1,-1
2016520609426,1,9,0,1,0,0,0,0,0,0,1,1,6,1,54,8,1968,2,5,5,3,5
2016520609430,1,9,0,3,0,4,0,0,0,0,0,1,6,2,35,6,1995,2,5,3,1,3
2016520609430,2,9,0,18,0,4,0,0,0,0,0,1,6,1,23,5,-1,-1,-1,-1,-1,-1
2016520609444,1,9,0,8,0,6,0,0,0,0,0,1,6,2,28,6,1364,1,-1,9,1,9
2016520609444,2,5,0,18,0,8,1,0,0,0,3,1,6,1,55,8,790,1,12,1,1,1
2016520609454,1,19,0,1,0,0,0,0,0,0,0,1,6,1,63,9,2402,2,6,3,1,3
2016520609455,1,9,0,18,0,1,0,0,0,0,1,1,6,2,35,6,1896,2,9,2,1,2
2016520609455,2,9,0,10,0,8,0,0,0,0,2,1,6,2,62,9,998,1,-1,6,3,6
2016520609475,1,9,0,18,0,0,0,0,0,0,1,1,6,2,52,8,1339,1,8,6,2,6
2016520609475,2,9,0,2,0,0,0,0,0,0,2,1,6,3,-1,-1,-1,-1,-1,-1,-1,-1
2016520609475,3,9,0,2,0,0,0,0,0,0,2,1,6,3,-1,-1,1560,2,12,-1,-1,-1
2016520609482,1,9,0,16,0,0,1,0,0,0,1,1,6,3,-1,-1,-1,-1,-1,-1,-1,-1
2016520609482,2,9,0,17,0,0,0,0,0,0,3,1,6,1,23,5,-1,-1,-1,5,1,5
2016520609499,1,9,0,18,0,1,0,0,0,0,1,1,6,1,54,8,-1,-1,-1,5,3,5
2016520609499,2,9,0,10,0,6,0,0,0,0,3,1,6,1,27,6,1596,1,11,9,3,9
2016520609504,1,9,0,5,0,8,0,0,0,0,3,1,6,2,67,10,1560,2,8,6,1,6
2016520609504,2,9,0,5,0,8,0,0,0,0,1,1,6,1,41,7,1995,2,10,5,3,5
2016520609515,1,9,0,10,0,1,0,0,0,0,0,1,6,2,31,6,1984,1,14,7,3,7
2016520609515,2,19,0,10,0,1,0,0,0,0,4,1,6,1,-1,-1,-1,-1,-1,-1,-1,-1
2016520609541,1,9,0,17,0,0,5,10,1,10,1,1,6,1,17,4,1242,1,18,7,3,7
2016520609542,1,3,0,18,0,8,0,0,0,0,1,1,6,1,59,9,124,1,12,4,3,4
2016520609542,2,9,0,18,0,8,0,0,0,0,3,1,6,1,28,6,-1,-1,-1,5,1,5
2016520609564,1,9,0,18,0,0,0,0,0,0,1,1,6,1,29,6,1968,2,8,7,3,7
2016520609568,1,9,0,18,0,8,1,0,0,1,1,1,6,1,48,8,1968,2,3,-1,-1,-1
2016520609568,2,9,0,18,0,8,1,0,0,0,1,1,6,2,21,5,1910,2,8,3,1,3
2016520609579,1,9,0,18,0,0,1,0,1,9,1,1,6,1,72,10,1995,2,11,7,3,7
2016520609579,2,9,0,18,0,0,0,0,4,6,4,1,6,2,40,7,1349,1,7,1,1,1
2016520609580,1,9,0,18,0,0,0,0,0,0,4,1,6,2,48,8,1560,2,9,6,1,6
2016520609580,2,9,0,18,0,0,0,0,0,0,1,1,6,1,42,7,1388,1,13,8,1,8
2016520609595,1,20,0,1,0,0,0,0,0,0,1,1,1,1,52,8,2999,2,11,5,1,5
2016520609595,2,21,0,18,0,0,0,0,0,0,1,1,6,1,70,10,4580,2,8,4,3,4
2016520609607,1,9,0,4,0,1,0,0,0,0,1,1,6,1,37,7,-1,-1,-1,8,1,8
2016520609607,2,9,0,18,0,8,0,0,0,0,4,1,6,2,27,6,1560,2,5,2,1,2
2016520609615,1,9,0,18,0,0,0,0,0,0,1,1,6,2,24,5,2000,2,11,6,1,6
2016520609615,2,9,0,2,0,0,0,0,0,0,1,1,6,3,-1,-1,1390,1,11,-1,-1,-1
2016520609615,3,9,0,2,0,0,0,0,0,0,3,1,6,3,-1,-1,1149,1,7,-1,-1,-1
2016520609617,1,19,0,18,0,8,0,0,1,0,1,1,6,2,48,8,2982,2,4,9,3,9
2016520609617,2,9,0,9,0,5,0,0,1,1,1,1,6,1,66,10,1896,2,13,7,3,7
2016520609618,1,9,0,16,0,1,0,0,0,0,1,1,6,2,18,4,1198,1,13,6,3,6
2016520609618,2,9,0,17,0,8,0,0,0,0,1,1,6,2,27,6,-1,-1,-1,8,2,8
2016520609624,1,9,0,1,0,0,0,0,7,2,1,1,6,1,25,5,1199,1,12,-1,-1,-1
2016520609652,1,9,0,5,0,8,0,0,7,1,1,1,6,1,80,11,998,1,10,6,1,6
2016520609652,2,9,0,5,0,8,0,0,1,10,4,1,6,2,71,10,1248,1,5,3,1,3
2016520609655,1,9,0,18,0,0,0,0,0,0,2,1,6,2,49,8,1896,2,6,6,2,6
2016520609655,2,9,0,18,0,0,0,0,0,0,1,1,6,2,53,8,2495,2,17,6,2,6
2016520609657,1,9,0,9,0,8,0,0,0,0,4,1,6,1,45,7,1686,2,9,8,1,8
2016520609657,2,9,0,5,0,4,0,0,0,0,1,1,6,1,87,11,1360,1,12,7,2,7
2016520609694,1,9,0,9,0,8,0,0,0,0,1,1,6,1,70,10,1598,1,13,10,1,10
2016520609694,2,1,0,9,0,8,0,0,0,0,2,1,6,2,76,11,-1,-1,-1,5,1,5
2016520609698,1,9,0,3,0,1,0,0,0,0,2,1,6,1,38,7,1598,2,3,7,3,7
2016520609698,2,9,0,18,0,1,0,0,0,0,1,1,6,1,85,11,1461,2,3,3,1,3
2016520609708,1,9,0,3,0,1,0,0,0,0,0,1,6,2,29,6,1896,2,7,3,1,3
2016520609708,2,9,0,5,0,1,0,0,0,0,0,1,6,1,25,5,1896,2,15,-1,-1,-1
2016520609716,1,9,0,18,0,8,0,0,0,0,1,1,6,1,37,7,-1,-1,-1,10,1,10
2016520609716,2,9,0,5,0,6,0,0,0,0,3,1,6,1,31,6,1395,1,-1,6,3,6
2016520609767,1,9,0,18,0,0,5,0,8,10,3,1,6,1,28,6,3246,1,13,7,3,7
2016520609767,2,9,0,18,0,0,0,0,0,0,1,1,6,1,50,8,-1,-1,-1,5,1,5
2016520609772,1,9,0,18,0,0,0,0,0,0,1,1,6,1,40,7,1598,1,11,-1,1,-1
2016520609772,2,9,0,18,0,0,0,0,0,0,1,1,6,2,75,10,1200,1,1,4,3,4
2016520609791,1,9,0,18,0,0,0,0,0,0,4,1,6,3,-1,-1,-1,-1,-1,-1,-1,-1
2016520609819,1,9,0,18,0,1,0,0,0,0,1,1,6,2,36,7,1598,1,3,7,3,7
2016520609819,2,9,0,5,0,6,0,0,0,0,1,1,6,1,64,9,-1,-1,-1,2,1,2
2016520609835,1,9,0,13,0,0,0,0,0,0,1,1,6,3,-1,-1,-1,-1,-1,-1,-1,-1
2016520700010,1,9,0,18,0,0,0,0,0,0,1,1,6,1,22,5,-1,-1,-1,5,1,5
2016520700027,1,9,0,11,0,1,0,0,0,0,4,1,6,2,60,9,1968,2,1,8,3,8
2016520700027,2,9,0,18,0,1,0,0,0,0,3,1,6,2,27,6,1598,1,2,5,1,5
2016520700034,1,9,0,16,0,0,0,0,0,0,1,1,6,1,24,5,-1,-1,-1,4,3,4
2016520700034,2,9,0,18,0,0,0,0,0,0,1,1,6,1,53,8,1598,1,4,3,2,3
2016520700036,1,9,0,17,0,0,1,0,0,0,1,1,6,1,78,11,1399,2,9,-1,3,-1
2016520700059,1,9,0,17,0,0,0,0,1,1,4,1,6,1,20,4,1590,1,12,5,3,5
2016520700082,1,9,0,18,0,8,5,0,0,0,3,1,6,2,62,9,2690,7,17,-1,-1,-1
2016520700082,2,9,5,18,0,1,0,0,0,0,1,1,6,1,34,6,1896,2,12,7,3,7
2016520700094,1,9,0,9,0,5,0,0,0,0,1,1,6,2,47,8,1797,8,6,8,3,8
2016520700095,1,9,0,18,0,8,0,0,0,0,1,1,6,1,41,7,1998,1,11,6,1,6
2016520700095,2,9,0,18,0,8,0,0,0,0,1,1,6,2,60,9,1390,1,11,1,1,1
2016520700103,1,9,0,3,0,0,0,0,0,0,2,1,6,3,37,7,1598,1,8,5,1,5
2016520700103,2,9,0,4,0,0,0,0,0,0,1,1,6,2,31,6,1461,2,12,-1,-1,-1
2016520700105,1,9,0,1,0,0,0,0,6,6,1,1,6,1,85,11,1390,1,11,8,1,8
2016520700105,2,9,0,18,0,0,0,0,6,6,4,1,6,1,60,9,1560,2,5,9,2,9
2016520700160,1,9,0,18,0,0,0,0,0,0,4,1,6,2,-1,-1,-1,-1,-1,-1,-1,-1