Accident_Index,Vehicle_Reference,Vehicle_Type,Towing_and_Articulation,Vehicle_Manoeuvre,Vehicle_Location-Restricted_Lane,Junction_Location,Skidding_and_Overturning,Hit_Object_in_Carriageway,Vehicle_Leaving_Carriageway,Hit_Object_off_Carriageway,1st_Point_of_Impact,Was_Vehicle_Left_Hand_Drive?,Journey_Purpose_of_Driver,Sex_of_Driver,Age_of_Driver,Age_Band_of_Driver,Engine_Capacity_(CC),Propulsion_Code,Age_of_Vehicle,Driver_IMD_Decile,Driver_Home_Area_Type,Vehicle_IMD_Decile
2016520700165,1,9,0,18,0,0,1,0,7,10,3,1,6,1,17,4,1149,1,10,7,3,7
2016520700169,1,9,0,18,0,0,0,0,0,0,1,1,6,1,64,9,1968,2,3,6,2,6
2016520700169,2,20,0,18,0,0,0,0,0,0,1,1,6,1,61,9,-1,-1,-1,6,2,6
2016520700172,1,9,0,18,0,0,0,0,1,3,1,1,6,2,50,8,1598,1,18,6,3,6
2016520700173,1,9,0,18,0,8,0,0,0,0,1,1,6,1,33,6,1398,1,15,7,2,7
2016520700173,2,1,0,5,0,5,0,0,0,0,2,1,6,1,45,7,-1,-1,-1,4,1,4
2016520700174,1,9,0,5,0,6,0,0,0,0,4,1,6,2,77,11,1198,1,12,6,1,6
2016520700174,2,9,0,18,0,8,0,0,0,0,1,1,6,2,65,9,1329,1,2,5,3,5
2016520700209,1,9,0,18,0,0,0,0,0,0,4,1,6,1,77,11,1389,1,11,-1,-1,-1
2016520700209,2,1,0,18,0,0,0,0,0,0,2,1,6,2,47,8,-1,-1,-1,2,1,2
2016520700224,1,21,0,18,0,0,0,0,0,0,0,1,6,3,30,6,-1,-1,-1,-1,-1,-1
2016520700232,1,9,0,18,0,0,0,0,0,0,1,1,6,1,51,8,-1,-1,-1,6,1,6
2016520700232,2,9,0,18,0,0,0,0,0,0,3,1,6,2,46,8,2286,1,34,6,3,6
2016520700268,1,9,0,18,0,0,0,0,0,0,2,1,6,2,31,6,1598,1,6,9,2,9
2016520700268,2,9,0,18,0,0,0,0,0,0,1,1,6,1,28,6,1999,1,9,2,1,2
2016520700323,1,3,0,18,0,0,0,0,0,0,1,1,6,1,23,5,124,1,4,8,1,8
2016520700325,1,9,0,18,0,0,0,0,0,0,1,1,6,1,17,4,1595,1,11,8,1,8
2016520700329,1,9,0,18,0,8,0,0,0,0,4,1,6,1,25,5,-1,-1,-1,5,1,5
2016520700329,2,9,0,9,0,8,0,0,0,0,1,1,6,2,70,10,999,1,-1,7,3,7
2016520700475,1,9,0,5,0,4,0,0,0,0,2,1,6,2,25,5,1248,2,7,4,3,4
2016520700475,2,9,0,5,0,4,0,0,0,0,1,1,6,1,72,10,1796,1,13,6,3,6
2016520700503,1,9,0,7,0,8,0,0,7,4,4,1,6,2,20,4,1149,1,9,10,1,10
2016520700503,2,9,0,16,0,1,0,0,0,0,4,1,6,1,26,6,1598,1,4,10,1,10
2016520700530,1,9,0,18,0,8,0,0,0,0,1,1,6,2,80,11,1229,1,4,6,1,6
2016520700530,2,9,0,18,0,8,0,0,0,0,1,1,6,2,21,5,1124,1,15,3,2,3
2016520700556,1,9,0,18,0,0,0,0,0,0,4,1,6,2,85,11,1086,1,8,8,2,8
2016520700556,2,1,0,18,0,0,0,0,0,0,3,1,6,1,15,3,-1,-1,-1,6,3,6
2016520700572,1,9,0,1,0,0,0,0,0,0,0,1,6,1,64,9,2720,2,8,6,3,6
2016520700579,1,9,0,18,0,0,0,0,0,0,1,1,6,1,22,5,-1,-1,-1,8,2,8
2016520700579,2,9,0,3,0,0,0,0,0,0,2,1,6,1,17,4,1360,1,11,4,1,4
2016520700579,3,9,0,3,0,0,0,0,0,0,2,1,6,1,67,10,1998,2,11,5,2,5
2016520700579,4,9,0,10,0,0,0,0,0,0,2,1,6,1,59,9,2191,2,1,8,2,8
2016520700640,1,9,0,18,0,8,0,0,0,0,1,1,6,1,31,6,1595,1,11,1,1,1
2016520700640,2,9,0,7,0,8,0,0,0,0,3,1,6,1,30,6,1988,1,15,8,1,8
2016520700766,1,9,0,18,0,0,0,0,0,0,1,1,6,2,21,5,1198,1,11,6,3,6
2016520700772,1,9,0,18,0,0,0,0,0,0,4,1,6,1,17,4,2495,2,20,5,3,5
2016520700911,1,9,0,18,0,0,0,0,0,4,1,1,6,1,32,6,1598,1,16,6,3,6
2016520700933,1,11,0,18,0,8,0,0,0,0,4,1,1,1,62,9,7300,2,7,6,1,6
2016520700933,2,19,4,18,0,1,0,0,0,0,1,1,6,1,29,6,2148,2,11,1,1,1
2016520701037,1,9,0,18,0,0,5,0,0,0,1,1,6,1,30,6,-1,-1,-1,5,1,5
2016520701037,2,9,0,18,0,0,5,0,0,0,2,1,6,1,65,9,-1,-1,-1,3,1,3
2016520701385,1,9,0,14,0,0,0,0,0,0,1,1,6,1,46,8,1968,2,-1,5,1,5
2016520701385,2,9,0,18,0,0,0,0,0,0,1,1,6,1,29,6,2967,2,5,10,1,10
2016520701401,1,9,0,18,0,0,0,0,0,0,1,1,6,2,21,5,-1,-1,-1,9,1,9
2016520701401,2,9,0,4,0,0,0,0,0,0,2,1,6,2,45,7,1798,1,8,6,3,6
2016520701401,3,9,0,4,0,0,0,0,0,0,2,1,6,2,30,6,1870,2,14,6,3,6
2016520702331,1,9,0,1,0,0,0,0,0,0,2,1,6,1,33,6,-1,-1,-1,6,1,6
2016521600010,1,9,0,1,8,0,0,0,0,0,2,1,6,2,35,6,1598,2,4,-1,-1,-1
2016521600030,1,9,0,3,0,1,0,0,0,0,2,1,6,2,49,8,1332,1,7,2,1,2
2016521600030,2,2,0,18,0,1,0,0,0,0,1,1,6,1,30,6,49,1,11,3,1,3
2016521600036,1,9,0,18,0,1,0,0,0,0,1,1,1,2,38,7,1998,1,11,6,1,6
2016521600103,1,9,0,9,0,4,0,0,0,0,1,1,6,2,30,6,1599,1,14,5,1,5
2016521600103,2,1,0,9,0,8,0,0,0,0,4,1,2,1,60,9,-1,-1,-1,7,1,7
2016521600107,1,1,0,18,0,6,0,0,0,0,1,1,6,2,37,7,-1,-1,-1,2,1,2
2016521600107,2,9,0,9,0,5,0,0,0,0,1,1,6,1,35,6,1997,2,12,-1,-1,-1
2016521600111,1,1,0,18,0,8,0,0,0,0,3,1,6,1,40,7,-1,-1,-1,5,1,5
2016521600111,2,9,0,7,0,6,0,0,0,0,1,1,6,3,-1,-1,-1,-1,-1,-1,-1,-1
2016521600120,1,9,0,18,0,6,0,0,0,0,3,1,6,3,-1,-1,-1,-1,-1,-1,-1,-1
2016521600121,1,9,0,9,0,3,0,0,0,0,1,1,1,1,40,7,-1,-1,-1,-1,-1,-1
2016521600121,2,1,0,7,0,3,0,0,0,0,3,1,6,1,21,5,-1,-1,-1,4,1,4
2016521600141,1,1,0,18,0,1,0,0,0,0,1,1,6,1,42,7,-1,-1,-1,7,1,7
2016521600141,2,9,0,5,0,8,0,0,0,0,1,1,6,2,33,6,1598,1,9,-1,-1,-1
2016521600156,1,9,0,8,0,1,0,0,0,0,2,1,2,1,31,6,1395,1,3,5,1,5
2016521600156,2,9,0,3,0,1,0,0,0,0,1,1,6,2,65,9,1242,1,1,5,1,5
2016521600209,1,4,0,18,0,0,1,0,0,0,0,1,2,1,30,6,125,1,1,7,1,7
2016521600209,2,9,0,10,0,0,0,0,0,0,0,1,6,1,71,10,1364,1,8,-1,-1,-1
2016521600212,1,9,0,18,0,8,0,0,0,0,1,1,6,1,53,8,-1,-1,-1,-1,1,-1
2016521600212,2,9,0,9,0,8,0,0,0,0,1,1,6,1,27,6,-1,-1,-1,8,1,8
2016521600223,1,9,0,18,0,0,0,7,0,0,1,1,6,2,36,7,1240,1,11,1,1,1
2016521600230,1,9,0,17,0,0,0,0,0,0,1,1,6,1,55,8,1995,2,12,-1,1,-1
2016521600230,2,9,0,16,0,0,0,0,0,0,1,1,6,1,46,8,2199,2,1,5,3,5
2016521600244,1,9,0,3,0,0,0,0,0,0,2,1,2,2,25,5,1242,1,16,8,1,8
2016521600244,2,9,0,4,0,0,0,0,0,0,1,1,6,3,32,6,1598,1,13,-1,-1,-1
2016521600265,1,9,0,18,0,8,0,7,0,0,1,1,6,1,17,4,1896,2,8,-1,-1,-1
2016521600265,2,9,0,18,0,8,0,0,0,0,0,1,1,1,-1,-1,2993,2,6,-1,-1,-1
2016521600287,1,1,0,18,0,0,0,0,0,0,1,1,6,2,24,5,-1,-1,-1,7,1,7
2016521600287,2,9,0,1,0,0,0,0,0,0,3,1,6,1,68,10,-1,-1,-1,-1,-1,-1
2016521600301,1,5,0,3,0,1,0,0,0,0,3,1,6,1,31,6,-1,-1,-1,-1,-1,-1
2016521600301,2,9,0,3,0,1,0,0,0,0,4,1,6,1,71,10,1796,1,12,9,3,9
2016521600322,1,1,0,18,0,4,0,0,0,0,3,1,6,2,32,6,-1,-1,-1,6,1,6
2016521600322,2,9,0,9,0,4,0,0,0,0,3,1,6,1,58,9,1396,1,3,8,1,8
2016521600333,1,9,0,8,0,1,0,0,0,0,4,1,6,1,30,6,-1,-1,-1,-1,-1,-1
2016521600342,1,9,0,3,0,1,0,0,0,0,2,1,1,2,26,6,1398,2,11,8,1,8
2016521600342,2,9,0,18,0,4,0,0,0,0,1,1,6,2,30,6,1399,2,6,-1,-1,-1
2016521600343,1,19,0,8,0,1,0,0,0,0,2,1,6,2,38,7,1995,2,8,5,3,5
2016521600343,2,19,0,18,0,1,0,0,0,0,1,1,6,3,-1,-1,-1,-1,-1,-1,-1,-1
2016521600367,1,1,0,18,0,3,0,0,0,0,1,1,6,2,27,6,-1,-1,-1,1,1,1
2016521600367,2,1,0,18,0,4,0,0,0,0,1,1,6,1,33,6,-1,-1,-1,3,1,3
2016521600372,1,11,0,18,0,0,0,8,0,0,4,1,6,1,45,7,-1,-1,-1,4,1,4
2016521600372,2,9,0,2,6,0,0,0,0,0,4,1,6,1,42,7,1991,1,2,8,1,8
2016521600379,1,9,0,18,0,0,0,0,0,0,4,1,6,1,43,7,1968,2,5,9,1,9
2016521600379,2,21,2,12,0,0,0,0,0,0,3,1,6,3,30,6,-1,-1,-1,-1,-1,-1
2016521600379,3,21,2,18,0,0,0,0,0,0,0,1,6,3,30,6,1241,2,2,-1,-1,-1
2016521600400,1,2,0,9,0,1,0,0,0,0,1,1,6,1,16,4,49,1,10,2,1,2
2016521600400,2,9,0,18,0,8,0,0,0,0,1,1,6,3,-1,-1,-1,-1,-1,-1,-1,-1
2016521600415,1,9,0,12,0,0,0,0,0,0,3,1,6,2,53,8,-1,-1,-1,10,1,10
2016521600415,2,3,0,18,0,0,0,0,0,0,4,1,6,1,18,4,125,1,2,6,3,6
2016521600427,1,9,0,18,0,0,0,0,1,10,1,1,6,1,42,7,2480,1,1,9,1,9
2016521600438,1,9,0,18,9,1,0,0,0,0,0,1,6,1,25,5,-1,-1,-1,1,1,1
2016521600445,1,9,0,3,0,1,0,0,0,0,1,1,6,2,50,8,1997,2,10,-1,-1,-1
2016521600445,2,9,0,1,0,1,0,0,0,0,2,1,6,2,72,10,1368,1,-1,9,1,9
2016521600463,1,9,0,17,0,4,0,0,0,0,1,1,6,2,40,7,1598,1,7,10,1,10
2016521600463,2,1,0,18,0,4,0,0,0,0,2,1,6,1,28,6,-1,-1,-1,4,1,4
2016521600472,1,9,0,9,0,8,0,0,0,0,3,1,6,1,52,8,-1,-1,-1,1,1,1
2016521600472,2,4,0,18,0,1,0,0,0,0,1,1,1,1,28,6,124,1,7,5,1,5
2016521600476,1,9,0,18,0,8,0,0,0,0,1,1,1,1,21,5,1596,1,9,6,1,6
2016521600479,1,9,0,18,0,1,0,0,0,0,1,1,6,2,38,7,-1,-1,-1,2,1,2
2016521600479,2,9,0,9,0,6,0,0,0,0,1,1,6,1,11,3,998,1,12,-1,-1,-1
2016521600480,1,4,0,18,0,2,0,0,0,0,1,1,6,1,60,9,-1,-1,-1,-1,-1,-1
2016521600491,1,1,0,18,0,8,0,0,0,0,0,1,6,2,45,7,-1,-1,-1,9,1,9
2016521600491,2,9,0,18,0,1,0,0,0,0,0,1,6,1,45,7,-1,-1,-1,-1,-1,-1
2016521600496,1,4,0,5,0,0,0,0,0,0,0,1,1,1,25,5,124,1,9,2,1,2
2016521600522,1,9,0,3,0,1,0,0,0,0,2,1,1,2,26,6,1364,1,11,1,1,1
2016521600522,2,9,0,18,0,1,0,0,0,0,1,1,6,3,20,4,1390,1,13,-1,-1,-1
2016521600527,1,9,0,18,0,0,0,0,0,0,1,1,6,3,-1,-1,-1,-1,-1,-1,-1,-1
2016521600533,1,9,0,18,0,8,5,0,3,8,1,1,6,1,31,6,1896,2,13,2,1,2
2016521600534,1,9,0,18,0,0,0,0,1,4,1,1,6,1,24,5,1596,1,13,4,1,4
2016521600548,1,20,1,11,0,0,0,0,0,0,4,1,6,1,20,4,-1,-1,-1,-1,-1,-1
2016521600548,2,9,0,18,0,0,0,0,0,0,3,1,6,1,28,6,1587,1,13,4,1,4
2016521600553,1,9,0,9,0,8,0,0,0,0,0,1,6,1,34,6,2993,2,5,-1,-1,-1
2016521600553,2,9,0,9,0,8,0,0,0,0,1,1,6,3,20,4,1796,1,16,-1,-1,-1
2016521600553,3,9,0,18,0,8,0,0,0,0,1,1,6,1,28,6,2183,2,4,5,1,5
2016521600556,1,9,0,9,0,8,0,0,0,0,1,1,6,1,28,6,1389,1,18,6,1,6
2016521600557,1,11,0,18,0,0,0,0,0,0,4,1,1,1,25,5,9600,2,16,10,1,10
2016521600574,1,9,0,5,0,4,0,0,0,0,3,1,6,1,45,7,998,1,2,10,1,10
2016521600574,2,1,0,18,0,8,0,0,0,0,4,1,6,1,85,11,-1,-1,-1,10,1,10
2016521600583,1,9,0,12,0,8,0,0,0,0,1,1,6,2,69,10,1997,2,13,5,1,5
2016521600583,2,9,0,18,0,8,0,0,0,0,4,1,6,1,29,6,1796,1,8,6,1,6
2016521600589,1,9,0,18,0,8,0,0,0,0,2,1,6,2,46,8,1461,2,10,4,1,4
2016521600589,2,9,0,18,0,8,0,0,0,0,1,1,6,1,41,7,1391,1,16,1,1,1
2016521600628,1,1,0,18,0,0,0,4,0,0,3,1,2,1,46,8,-1,-1,-1,3,1,3
2016521600628,2,9,0,1,0,0,0,0,0,0,2,1,6,2,41,7,-1,-1,-1,5,1,5
2016521600633,1,9,0,17,0,0,0,0,0,0,3,1,6,2,53,8,1796,1,13,10,1,10
2016521600651,1,9,0,18,0,1,0,0,0,0,1,1,6,1,34,6,-1,-1,-1,1,1,1
2016521600651,2,9,0,4,0,1,0,0,0,0,2,1,6,1,61,9,1596,1,14,6,3,6
2016521600655,1,9,0,7,0,8,1,0,0,0,4,1,6,1,19,4,1998,2,11,2,1,2
2016521600658,1,9,0,18,0,0,0,0,0,0,1,1,6,2,33,6,1686,2,14,2,1,2
2016521600658,2,9,0,4,0,0,0,0,0,0,2,1,6,1,29,6,1598,2,1,4,1,4
2016521600659,1,9,0,3,0,0,0,0,0,0,2,1,6,2,28,6,1248,2,9,7,1,7
2016521600659,2,9,0,3,0,0,5,0,0,0,2,1,6,1,40,7,1395,1,2,8,1,8
2016521600659,3,19,0,18,0,0,0,0,0,0,1,1,6,1,31,6,2299,2,2,6,1,6
2016521600669,1,9,0,18,0,0,0,0,0,0,4,1,6,1,40,7,1582,2,4,10,3,10
2016521600673,1,9,0,18,0,8,0,0,0,0,1,1,6,3,-1,-1,1596,1,18,-1,-1,-1
2016521600673,2,9,0,7,0,6,0,0,0,0,1,1,6,2,36,7,-1,-1,-1,1,1,1
2016521600675,1,1,0,18,0,0,0,0,0,0,0,1,6,2,19,4,-1,-1,-1,3,1,3
2016521600675,2,9,0,18,0,0,0,0,0,0,1,1,6,3,-1,-1,-1,-1,-1,-1,-1,-1
2016521600681,1,1,0,3,0,0,0,0,0,0,2,1,6,1,48,8,-1,-1,-1,1,1,1
2016521600681,2,9,0,4,0,0,0,0,0,0,1,1,6,3,-1,-1,-1,-1,-1,-1,-1,-1
2016521600684,1,9,0,3,0,1,0,0,0,0,4,1,6,2,19,4,1198,1,14,-1,-1,-1
2016521600684,2,20,0,18,0,1,0,0,0,0,1,1,6,3,-1,-1,-1,-1,-1,-1,-1,-1
2016521600708,1,9,0,18,0,0,0,0,0,0,2,1,6,1,33,6,1390,1,4,7,1,7
2016521600708,2,9,0,18,0,0,0,0,0,0,1,1,6,1,48,8,-1,-1,-1,7,3,7
2016521600710,1,9,0,3,0,0,0,0,0,0,2,1,6,1,36,7,-1,-1,-1,8,1,8
2016521600710,2,9,0,7,0,0,0,0,0,0,1,1,6,1,35,6,-1,-1,-1,8,3,8
2016521600720,1,9,0,18,0,4,0,0,0,0,4,1,6,1,66,10,1799,1,8,5,1,5
2016521600720,2,11,0,12,0,4,0,0,0,0,3,1,6,3,-1,-1,7300,2,14,-1,-1,-1
2016521600728,1,9,0,18,0,0,0,0,0,0,1,1,6,1,24,5,6208,1,3,1,1,1
2016521600728,2,9,0,18,0,0,0,0,0,0,1,1,6,2,19,4,1242,1,12,10,1,10
2016521600738,1,9,0,3,0,1,0,0,0,0,2,1,6,2,44,7,1497,1,14,4,1,4
2016521600738,2,9,0,4,0,1,0,0,0,0,1,1,6,1,48,8,2688,2,13,4,1,4
2016521600739,1,9,0,18,0,0,0,0,0,0,1,1,6,1,79,11,1598,1,17,3,1,3
2016521600739,2,9,0,3,0,0,0,0,0,0,2,1,6,1,61,9,1905,2,19,7,3,7
2016521600746,1,9,0,17,0,1,0,0,0,0,1,1,6,1,54,8,1598,1,9,5,3,5
2016521600747,1,3,0,18,0,8,0,0,0,0,3,1,6,1,29,6,102,1,9,8,1,8
2016521600747,2,9,0,9,0,6,0,0,0,0,1,1,6,2,90,11,1299,1,11,10,1,10
2016521600753,1,3,0,18,0,0,0,0,0,0,1,1,6,1,51,8,124,1,12,9,1,9
2016521600753,2,9,0,2,0,0,0,0,0,0,2,1,6,2,62,9,1560,2,11,10,1,10
2016521600756,1,1,0,18,0,8,0,0,0,0,0,1,6,1,27,6,-1,-1,-1,1,1,1
2016521600756,2,9,0,18,0,8,0,0,0,0,0,1,6,3,-1,-1,-1,-1,-1,-1,-1,-1
2016521600766,1,9,0,16,0,8,0,0,0,0,1,1,6,1,37,7,-1,-1,-1,3,1,3
2016521600771,1,9,0,5,0,1,0,0,0,0,4,1,6,2,35,6,1198,1,11,1,1,1
2016521600774,1,19,0,18,0,8,0,0,0,0,1,1,1,1,41,7,2798,2,10,2,1,2
2016521600774,2,3,0,18,0,6,0,0,0,0,1,1,6,1,19,4,125,1,5,8,1,8
2016521600783,1,21,0,3,0,0,0,0,0,0,2,1,1,1,29,6,-1,-1,-1,9,1,9
2016521600783,2,9,0,5,0,0,0,0,0,0,1,1,6,2,40,7,1360,1,13,-1,-1,-1
2016521600802,1,9,0,18,0,1,0,0,0,0,1,1,6,1,75,10,1498,1,4,-1,-1,-1
2016521600804,1,9,0,18,0,0,0,0,0,0,2,1,6,3,-1,-1,-1,-1,-1,-1,-1,-1
2016521600807,1,1,0,18,0,8,1,0,0,0,2,1,1,1,29,6,-1,-1,-1,7,1,7
2016521600807,2,9,0,18,0,8,0,0,0,0,1,1,6,3,30,6,-1,-1,-1,-1,-1,-1
2016521600815,1,9,0,16,0,0,5,0,0,0,1,1,6,1,20,4,1398,2,12,6,1,6
2016521600827,1,9,0,3,0,1,0,0,0,0,0,1,6,2,63,9,1499,1,-1,3,1,3
2016521600827,2,9,0,18,0,1,0,0,0,0,1,1,1,2,30,6,1995,2,15,-1,-1,-1
2016521600828,1,19,0,7,0,5,0,0,0,0,1,1,6,3,-1,-1,-1,-1,-1,-1,-1,-1
2016521600829,1,9,0,16,0,0,0,0,0,0,1,1,6,1,26,6,1398,2,8,6,1,6
2016521600829,2,9,0,18,0,0,0,0,0,0,1,1,6,1,69,10,998,1,17,10,1,10
2016521600830,1,9,0,18,0,1,0,10,0,0,1,1,6,1,17,4,998,1,11,8,1,8
2016521600830,2,9,0,9,0,5,0,0,0,0,3,1,6,1,38,7,-1,-1,-1,2,1,2
2016521600834,1,9,0,18,0,1,0,0,0,0,3,1,6,2,35,6,1339,1,6,4,1,4
2016521600834,2,9,0,18,0,3,0,0,0,0,3,1,6,1,-1,-1,-1,-1,-1,1,1,1
2016521600852,1,3,0,4,0,1,0,0,0,0,0,1,6,2,21,5,113,1,1,4,1,4
2016521600854,1,19,0,18,0,1,0,0,0,0,1,1,6,1,55,8,1998,2,13,6,1,6
2016521600854,2,9,0,3,0,5,0,0,0,0,2,1,6,2,45,7,2183,2,5,8,3,8
2016521600857,1,9,0,18,0,2,0,0,0,0,4,1,6,1,41,7,1984,1,12,5,1,5
2016521600868,1,9,0,9,0,8,0,0,0,0,3,1,6,1,19,4,1242,1,15,4,1,4
2016521600868,2,9,0,18,0,1,0,0,0,0,1,1,6,1,30,6,1560,2,5,-1,-1,-1
2016521600875,1,9,0,7,0,5,0,0,0,0,1,1,6,3,-1,-1,1598,1,13,-1,-1,-1
2016521600898,1,9,0,18,0,0,0,0,0,0,1,1,6,1,35,6,1497,1,14,2,1,2
2016521600903,1,9,0,18,0,0,0,0,0,0,1,1,6,3,-1,-1,-1,-1,-1,-1,-1,-1
2016521600903,2,9,0,18,0,0,0,0,0,0,2,1,6,2,35,6,1124,1,15,6,1,6
2016521600903,3,9,0,18,0,0,0,0,0,0,2,1,6,1,45,7,1984,2,3,8,2,8
2016521600904,1,9,0,18,0,2,0,0,0,0,1,1,6,1,65,9,1461,2,6,6,1,6
2016521600908,1,9,0,18,0,0,0,0,0,0,1,1,6,1,24,5,1596,1,11,5,1,5
2016521600912,1,9,0,18,0,0,0,0,0,0,3,1,1,1,25,5,1598,1,6,10,1,10
2016521600914,1,9,0,7,0,4,0,0,0,0,2,1,6,2,50,8,1298,1,14,2,1,2
2016521600914,2,1,0,18,0,1,0,0,0,0,1,1,4,1,15,3,-1,-1,-1,7,1,7
2016521600920,1,9,0,18,0,2,0,0,0,0,1,1,6,1,33,6,1339,1,8,6,1,6
2016521600923,1,9,0,18,0,1,0,0,0,0,4,1,6,1,57,9,1582,2,2,6,1,6
2016521600924,1,9,0,4,0,0,0,0,0,0,2,1,6,2,46,8,999,1,4,-1,1,-1
2016521600924,2,9,0,18,0,0,0,0,0,0,1,1,6,1,50,8,1896,2,14,-1,2,-1
2016521600931,1,9,0,18,0,0,0,0,7,9,3,1,6,1,35,6,2000,2,12,8,3,8
2016521600931,2,9,0,18,0,0,0,0,0,0,3,1,6,2,34,6,1364,1,11,4,2,4
2016521600931,3,9,0,18,0,0,0,0,0,0,3,1,6,1,43,7,1591,1,2,6,3,6
2016521600934,1,9,0,3,0,1,0,0,0,0,2,1,6,1,27,6,1229,1,10,3,1,3
2016521600934,2,19,0,18,0,1,0,0,0,0,1,1,1,1,57,9,2402,2,10,5,1,5
2016521600934,3,9,0,3,0,1,0,0,0,0,2,1,1,1,46,8,-1,-1,-1,4,1,4
2016521600943,1,9,0,9,0,5,0,0,0,0,1,1,6,1,39,7,1769,1,12,3,1,3
2016521600946,1,9,0,18,0,1,0,0,0,0,1,1,6,1,53,8,2143,2,5,8,1,8
2016521600946,2,9,0,12,0,8,1,0,0,0,1,1,6,2,31,6,1896,2,11,4,1,4
2016521600950,1,9,0,18,0,0,0,0,0,0,1,1,6,1,82,11,-1,-1,-1,9,2,9
2016521600950,2,9,0,13,0,0,0,0,0,0,1,1,6,3,-1,-1,1753,2,15,1,1,1
2016521600951,1,1,0,18,0,0,0,0,0,0,1,1,6,2,40,7,-1,-1,-1,9,1,9
2016521600951,2,9,0,2,0,0,0,0,0,0,0,1,6,3,-1,-1,2183,2,5,-1,-1,-1
2016521600953,1,9,0,18,0,1,0,0,0,0,4,1,6,2,30,6,1332,1,4,3,1,3
2016521600953,2,9,0,9,0,1,0,0,0,0,0,1,6,1,30,6,973,1,13,1,1,1
2016521600953,3,9,0,18,0,8,0,0,0,0,1,1,6,1,35,6,1995,2,2,5,1,5
2016521600954,1,9,0,18,0,0,0,0,0,0,1,1,6,1,36,7,1956,2,4,3,1,3
2016521600954,2,9,0,2,0,0,0,0,0,0,3,1,6,3,-1,-1,1339,1,6,-1,-1,-1
2016521600954,3,9,0,2,0,0,0,0,0,0,2,1,6,3,-1,-1,1339,8,7,-1,-1,-1
2016521600954,4,9,0,2,0,0,0,0,0,0,2,1,6,3,-1,-1,1061,1,10,-1,-1,-1
2016521600954,5,9,0,2,0,0,0,0,0,0,2,1,6,3,-1,-1,2435,1,15,-1,-1,-1
2016521600956,1,9,0,4,6,0,0,0,0,0,2,1,6,1,48,8,1968,2,8,8,3,8
2016521600956,2,9,0,18,7,0,0,0,0,0,1,1,6,1,33,6,1984,1,1,7,1,7
2016521600958,1,19,0,9,0,6,0,0,0,0,3,1,6,1,28,6,1560,2,2,-1,-1,-1
2016521600958,2,3,0,18,0,8,0,0,0,0,1,1,6,1,23,5,96,1,8,5,1,5
2016521600961,1,9,0,5,0,0,0,0,0,0,1,1,6,1,32,6,1587,1,18,3,1,3
2016521600961,2,9,0,5,0,0,0,0,0,0,2,1,6,2,50,8,1596,1,13,-1,-1,-1
2016521600964,1,9,0,18,0,1,0,0,0,0,4,1,6,1,31,6,1339,1,8,10,1,10
2016521600985,1,1,0,18,0,0,0,0,0,0,1,1,6,1,32,6,-1,-1,-1,8,1,8
2016521600985,2,9,0,18,0,0,0,0,0,0,1,1,6,3,-1,-1,-1,-1,-1,-1,-1,-1
2016521601012,1,9,0,4,0,0,0,0,0,0,1,1,6,2,44,7,1360,1,14,4,1,4
2016521601012,2,9,0,4,0,0,0,0,0,0,2,1,6,2,38,7,2000,2,12,2,1,2
2016521601016,1,1,0,18,0,1,0,0,0,0,1,1,6,1,28,6,-1,-1,-1,7,1,7
2016521601016,2,9,0,9,0,1,0,0,0,0,4,1,6,1,82,11,998,1,10,5,1,5
2016521601021,1,9,0,18,0,0,0,0,0,0,1,1,6,3,-1,-1,1598,1,14,-1,-1,-1
2016521601042,1,9,0,9,0,8,0,0,0,0,1,1,6,2,46,8,1388,1,17,7,2,7
2016521601042,2,3,0,18,0,8,0,0,0,0,1,1,6,1,40,7,125,1,8,10,1,10
2016521601044,1,9,0,7,0,5,0,0,0,0,1,1,6,3,-1,-1,-1,-1,-1,-1,-1,-1
2016521601044,2,9,0,5,0,6,0,0,0,0,3,1,6,2,-1,-1,-1,-1,-1,10,1,10
2016521601049,1,9,0,18,0,1,0,0,0,0,3,1,6,1,28,6,-1,-1,-1,1,1,1
2016521601049,2,9,0,9,0,6,0,0,0,0,1,1,6,1,68,10,1995,2,11,6,1,6
2016521601054,1,9,0,18,0,8,0,0,0,0,2,1,6,2,44,7,1796,1,7,10,1,10
2016521601054,2,9,0,4,0,8,0,0,0,0,1,1,6,1,27,6,1560,2,1,1,1,1
2016521601091,1,9,0,18,0,8,0,0,0,0,3,1,1,2,31,6,1753,2,12,8,1,8
2016521601091,2,9,0,5,0,6,0,0,0,0,1,1,6,2,23,5,1896,2,12,10,1,10
2016521601092,1,9,0,4,0,7,0,0,0,0,0,1,6,2,23,5,1229,1,11,7,1,7
2016521601092,2,9,0,18,0,1,0,0,0,0,1,1,6,2,22,5,1598,1,14,-1,-1,-1
2016521601099,1,9,0,7,0,1,0,0,0,0,2,1,6,2,44,7,1870,2,13,6,1,6
2016521601099,2,9,0,18,0,1,0,0,0,0,1,1,6,1,50,8,2000,2,8,8,1,8
2016521601102,1,9,0,18,0,0,0,0,0,0,1,1,6,1,33,6,1596,1,16,3,1,3
2016521601121,1,9,0,17,0,0,0,0,0,0,1,1,6,1,64,9,1997,1,13,9,1,9
2016521601121,2,9,0,2,0,0,0,0,0,0,1,1,6,3,-1,-1,1108,1,10,-1,-1,-1