Accident_Index,Vehicle_Reference,Vehicle_Type,Towing_and_Articulation,Vehicle_Manoeuvre,Vehicle_Location-Restricted_Lane,Junction_Location,Skidding_and_Overturning,Hit_Object_in_Carriageway,Vehicle_Leaving_Carriageway,Hit_Object_off_Carriageway,1st_Point_of_Impact,Was_Vehicle_Left_Hand_Drive?,Journey_Purpose_of_Driver,Sex_of_Driver,Age_of_Driver,Age_Band_of_Driver,Engine_Capacity_(CC),Propulsion_Code,Age_of_Vehicle,Driver_IMD_Decile,Driver_Home_Area_Type,Vehicle_IMD_Decile
2016521601121,3,9,0,16,0,0,0,0,0,0,0,1,6,3,-1,-1,-1,-1,-1,-1,-1,-1
2016521601122,1,3,0,18,0,0,0,0,0,0,1,1,6,1,24,5,125,1,2,1,1,1
2016521601124,1,9,0,4,0,1,0,0,0,0,1,1,6,3,-1,-1,-1,-1,-1,-1,-1,-1
2016521601124,2,9,0,3,0,1,0,0,0,0,2,1,6,1,28,6,1497,8,10,10,1,10
2016521601127,1,1,0,18,0,0,0,0,0,0,4,1,2,1,26,6,-1,-1,-1,7,1,7
2016521601127,2,9,0,5,0,0,0,0,0,0,3,1,6,1,69,10,2993,2,7,3,1,3
2016521601133,1,9,0,18,0,1,0,0,0,0,1,1,6,1,45,7,1781,1,19,9,1,9
2016521601135,1,9,0,10,0,1,0,0,0,0,2,1,6,2,42,7,1560,2,1,8,1,8
2016521601135,2,9,0,18,0,1,0,0,0,0,1,1,6,2,22,5,2179,2,9,8,1,8
2016521601136,1,9,0,18,0,0,0,0,0,0,1,1,6,2,44,7,1560,2,12,2,1,2
2016521601139,1,9,0,3,0,1,0,0,0,0,2,1,6,2,40,7,1968,2,1,10,1,10
2016521601139,2,9,0,3,0,1,0,0,0,0,2,1,6,1,58,9,1339,1,2,10,1,10
2016521601139,3,9,0,18,0,1,0,0,0,0,1,1,6,1,32,6,1390,1,16,2,1,2
2016521601142,1,9,0,18,0,8,0,0,0,0,3,1,6,2,44,7,1598,1,10,1,1,1
2016521601142,2,21,0,2,0,8,0,0,0,0,4,1,1,1,49,8,4249,2,3,3,1,3
2016521601143,1,9,0,18,0,0,0,0,0,0,1,1,6,2,18,4,1198,1,14,5,1,5
2016521601149,1,5,0,18,0,8,0,0,0,0,1,1,6,1,57,9,675,1,4,10,1,10
2016521601149,2,9,0,18,0,8,0,0,0,0,2,1,6,2,60,9,1339,1,12,2,1,2
2016521601151,1,9,0,4,0,0,0,0,0,0,2,1,6,2,25,5,998,1,7,-1,1,-1
2016521601151,2,9,0,18,0,0,0,0,0,0,1,1,6,1,34,6,1197,1,1,-1,-1,-1
2016521601154,1,9,0,18,0,1,0,0,0,0,1,1,6,2,50,8,999,1,2,9,1,9
2016521601162,1,9,0,18,0,0,1,0,1,4,1,1,6,1,23,5,1364,1,10,6,3,6
2016521601164,1,9,0,18,0,0,0,0,0,0,4,1,6,3,-1,-1,998,1,19,-1,-1,-1
2016521601164,2,3,0,18,0,0,0,0,0,0,1,1,6,1,19,4,125,1,8,2,1,2
2016521601165,1,9,0,18,0,6,0,0,0,0,3,1,6,1,80,11,1951,2,12,9,1,9
2016521601165,2,9,0,18,0,8,0,0,7,11,1,1,6,1,28,6,1910,2,9,8,2,8
2016521601166,1,9,0,2,9,0,0,0,0,0,1,1,6,2,27,6,1198,1,9,6,1,6
2016521601166,2,1,0,18,0,0,0,0,0,0,1,1,6,1,58,9,-1,-1,-1,9,1,9
2016521601175,1,9,0,7,0,8,0,0,0,0,4,1,6,2,24,5,1349,1,8,4,1,4
2016521601177,1,9,0,2,0,0,0,0,0,0,3,1,6,2,40,7,1193,1,1,5,1,5
2016521601177,2,1,0,18,0,0,0,8,0,0,1,1,6,1,44,7,-1,-1,-1,2,1,2
2016521601179,1,9,0,18,0,0,0,0,0,0,1,1,6,1,45,7,-1,-1,-1,7,1,7
2016521601180,1,2,0,7,0,1,1,0,0,0,1,1,6,1,16,4,49,1,7,9,3,9
2016521601180,2,9,0,8,0,1,0,0,0,0,4,1,6,1,25,5,1389,1,18,1,1,1
2016521601181,1,9,0,18,0,0,0,10,0,0,4,1,6,1,21,5,1149,1,12,4,1,4
2016521601181,2,9,0,13,0,0,5,10,7,4,1,1,6,1,37,7,1910,2,8,1,1,1
2016521601182,1,9,0,18,0,0,2,10,1,0,1,1,6,1,21,5,1396,1,12,5,3,5
2016521601187,1,21,0,18,0,1,0,5,0,0,1,1,1,1,36,7,10518,2,2,5,1,5
2016521601188,1,9,0,5,0,8,0,0,0,0,1,1,6,1,56,9,1996,1,14,1,1,1
2016521601194,1,9,0,18,0,1,1,0,0,0,1,1,6,2,18,4,-1,-1,-1,10,1,10
2016521601194,2,9,0,18,0,8,0,0,0,0,1,1,6,1,76,11,2143,2,4,10,1,10
2016521601195,1,9,0,5,0,1,0,0,0,0,2,1,6,1,31,6,-1,-1,-1,5,1,5
2016521601195,2,9,0,5,0,1,0,0,0,0,1,1,6,1,31,6,-1,-1,-1,1,1,1
2016521601196,1,9,0,18,0,1,0,0,0,0,3,1,6,2,23,5,899,1,1,5,1,5
2016521601196,2,9,0,9,0,8,0,0,0,0,4,1,6,1,32,6,6208,1,2,8,1,8
2016521601196,3,9,0,2,0,2,0,0,0,0,3,1,6,2,36,7,1598,1,4,10,1,10
2016521601196,4,9,0,2,0,1,0,0,0,0,2,1,6,1,26,6,1398,2,8,10,1,10
2016521601199,1,9,0,18,0,1,0,0,0,0,1,1,6,2,30,6,-1,-1,-1,9,1,9
2016521601199,2,9,0,2,0,1,0,0,0,0,2,1,6,3,-1,-1,1587,1,12,-1,-1,-1
2016521601204,1,9,0,18,0,0,0,4,0,0,4,1,6,3,-1,-1,1299,1,17,-1,-1,-1
2016521601204,2,9,0,2,0,0,0,0,0,0,4,1,6,1,35,6,-1,-1,-1,-1,-1,-1
2016521601213,1,17,0,18,0,1,0,0,0,0,1,1,1,1,37,7,6700,2,1,7,3,7
2016521601213,2,9,0,16,0,1,0,0,0,0,1,1,6,1,19,4,1390,1,15,8,3,8
2016521601216,1,9,0,18,0,1,0,0,0,0,2,1,6,2,56,9,1600,2,6,8,3,8
2016521601216,2,9,0,18,0,1,0,0,0,0,1,1,6,1,29,6,1591,1,2,-1,1,-1
2016521601216,3,9,0,18,0,1,0,0,0,0,1,1,6,2,41,7,1900,2,9,3,1,3
2016521601222,1,11,0,18,0,0,0,0,0,0,1,1,1,1,47,8,4250,2,3,-1,-1,-1
2016521601222,2,1,0,13,0,0,0,0,0,0,1,1,6,1,50,8,-1,-1,-1,5,1,5
2016521601226,1,9,0,4,0,1,0,0,0,0,1,1,6,1,43,7,-1,-1,-1,10,1,10
2016521601226,2,1,0,18,0,1,0,0,0,0,1,1,6,1,41,7,-1,-1,-1,10,1,10
2016521601228,1,1,0,18,0,5,0,0,0,0,1,1,6,2,49,8,-1,-1,-1,10,2,10
2016521601228,2,9,0,13,0,1,0,0,0,0,1,1,6,3,42,7,-1,-1,-1,-1,-1,-1
2016521601230,1,9,0,6,0,0,0,0,0,0,3,1,6,1,29,6,1598,2,4,5,1,5
2016521601230,2,2,0,18,0,0,0,0,0,0,1,1,6,1,16,4,50,1,1,5,1,5
2016521601231,1,9,0,18,0,1,0,0,0,0,1,1,6,1,58,9,1796,1,12,7,1,7
2016521601233,1,3,0,18,0,0,0,0,0,0,4,1,6,1,26,6,124,1,15,4,1,4
2016521601233,2,9,0,18,0,0,0,0,0,0,2,1,6,1,53,8,998,1,3,10,1,10
2016521601235,1,9,0,9,0,2,0,0,0,0,0,1,6,2,20,4,1360,1,13,5,1,5
2016521601235,2,2,0,18,0,1,1,0,0,0,0,1,6,1,31,6,49,1,1,4,1,4
2016521601241,1,9,0,18,0,1,1,0,0,0,4,1,6,2,48,8,1396,1,7,7,1,7
2016521601241,2,9,0,18,0,1,1,0,0,0,4,1,6,2,40,7,1999,1,11,9,1,9
2016521601241,3,9,0,18,0,1,0,0,0,0,2,1,6,1,42,7,1398,2,5,-1,-1,-1
2016521601243,1,9,0,9,0,5,0,0,0,0,2,1,6,2,47,8,1598,2,6,10,3,10
2016521601243,2,9,0,18,0,1,0,0,0,0,1,1,6,1,87,11,1999,1,9,9,1,9
2016521601249,1,9,0,18,0,8,0,0,0,0,3,1,6,1,34,6,1598,1,10,1,1,1
2016521601251,1,11,0,18,0,0,0,12,0,0,1,1,1,1,60,9,7300,2,14,-1,-1,-1
2016521601254,1,9,0,18,0,0,0,0,0,0,1,1,6,2,46,8,1596,1,14,5,1,5
2016521601257,1,9,0,7,0,1,0,0,0,0,2,1,6,2,20,4,1560,2,2,10,2,10
2016521601257,2,9,0,18,0,1,0,0,0,0,1,1,6,2,21,5,-1,-1,-1,5,3,5
2016521601257,3,9,0,18,0,8,0,0,0,0,0,1,6,1,42,7,-1,-1,-1,-1,-1,-1
2016521601259,1,11,0,3,0,0,0,4,0,0,4,1,6,1,47,8,-1,-1,-1,6,1,6
2016521601259,2,9,0,18,0,0,0,0,0,0,0,1,6,1,60,9,2401,2,10,-1,-1,-1
2016521601259,3,9,0,2,0,0,0,0,0,0,4,1,6,3,-1,-1,1587,1,12,-1,-1,-1
2016521601263,1,9,0,18,0,1,0,0,0,0,1,1,6,2,35,6,1364,1,10,8,1,8
2016521601263,2,1,0,18,0,1,0,0,0,0,1,1,6,1,22,5,-1,-1,-1,7,1,7
2016521601268,1,9,0,18,0,0,0,0,0,0,1,1,6,1,18,4,1199,1,12,9,3,9
2016521601268,2,9,0,4,0,0,0,0,0,0,2,1,6,1,50,8,-1,-1,-1,8,1,8
2016521601290,1,9,0,18,0,0,0,0,0,0,1,1,6,1,55,8,2268,2,1,9,1,9
2016521601290,2,9,0,3,0,0,0,0,0,0,2,1,6,1,81,11,1248,1,7,8,1,8
2016521601290,3,9,0,3,0,0,0,0,0,0,2,1,6,2,63,9,1999,1,5,8,1,8
2016521601292,1,9,0,3,0,1,0,0,0,0,1,1,6,2,43,7,875,1,4,6,1,6
2016521601292,2,9,0,1,0,1,0,0,0,0,2,1,6,3,-1,-1,1870,2,13,-1,-1,-1
2016521601294,1,9,0,18,0,1,0,0,0,0,1,1,6,1,50,8,1343,1,11,1,1,1
2016521601294,2,1,0,11,0,8,0,0,0,0,1,1,6,1,17,4,-1,-1,-1,10,1,10
2016521601297,1,9,0,18,0,6,0,0,0,0,1,1,6,2,68,10,1461,2,12,10,1,10
2016521601305,1,9,0,2,0,1,0,0,0,0,2,1,6,2,38,7,1796,1,12,3,1,3
2016521601305,2,9,0,5,0,1,0,4,0,0,1,1,6,2,42,7,1995,2,11,3,1,3
2016521601310,1,9,0,3,0,8,0,0,0,0,3,1,1,1,39,7,-1,-1,-1,8,1,8
2016521601310,2,1,0,14,0,8,0,0,0,0,1,1,6,1,40,7,-1,-1,-1,-1,-1,-1
2016521601324,1,9,0,18,0,8,0,0,0,0,1,1,6,3,-1,-1,1199,1,1,-1,-1,-1
2016521601324,2,19,0,18,0,6,0,0,0,0,4,1,6,1,35,6,1248,2,1,1,1,1
2016521601324,3,9,0,2,0,2,0,0,0,0,3,1,6,3,-1,-1,1968,2,9,-1,-1,-1
2016521601324,4,9,0,2,0,2,0,0,0,0,3,1,6,3,-1,-1,2688,2,12,-1,-1,-1
2016521601325,1,9,0,18,0,0,0,0,5,6,1,1,6,1,24,5,-1,-1,-1,3,1,3
2016521601326,1,9,0,18,0,1,0,0,0,0,1,1,6,1,19,4,1560,2,9,10,1,10
2016521601326,2,9,0,18,0,1,0,0,0,0,2,1,6,2,43,7,1598,1,3,10,1,10
2016521601327,1,9,0,18,0,0,0,0,0,0,4,1,6,1,80,11,1997,2,16,10,1,10
2016521601342,1,19,0,18,0,1,0,0,0,0,4,1,6,1,51,8,-1,-1,-1,10,1,10
2016521601342,2,1,0,18,0,1,1,0,2,0,2,1,6,1,52,8,-1,-1,-1,4,1,4
2016521601344,1,9,0,18,0,1,0,0,0,0,2,1,6,1,48,8,1798,1,9,7,3,7
2016521601344,2,9,0,18,0,1,0,0,0,0,1,1,6,2,46,8,1598,1,8,7,1,7
2016521601345,1,9,0,9,0,2,0,0,0,0,1,1,6,2,28,6,1997,2,3,-1,-1,-1
2016521601347,1,9,0,18,0,0,5,0,0,0,4,1,6,1,88,11,998,1,11,-1,-1,-1
2016521601347,2,9,0,2,0,0,0,0,0,0,1,1,6,3,-1,-1,998,1,12,-1,-1,-1
2016521601347,3,9,0,2,0,0,0,0,0,0,2,1,6,3,-1,-1,2401,2,12,-1,-1,-1
2016521601351,1,9,0,18,0,0,0,0,0,0,1,1,6,2,17,4,-1,-1,-1,6,2,6
2016521601351,2,9,0,18,0,0,0,0,0,0,2,1,6,1,56,9,2993,2,4,7,3,7
2016521601360,1,9,0,4,0,0,0,0,0,0,2,1,6,1,43,7,1998,1,12,2,1,2
2016521601360,2,9,0,18,0,0,0,0,0,0,1,1,6,1,35,6,1769,1,15,2,1,2
2016521601373,1,9,0,4,0,0,0,0,0,0,1,1,6,2,48,8,2148,2,8,10,1,10
2016521601373,2,9,0,4,0,0,0,12,0,0,2,1,6,1,25,5,1560,2,4,8,1,8
2016521601383,1,9,0,18,0,0,0,0,0,0,3,1,6,1,67,10,2497,2,9,7,3,7
2016521601383,2,9,0,4,0,0,0,0,0,0,2,1,1,1,28,6,1390,1,17,7,3,7
2016521601383,3,9,0,18,0,0,0,0,0,0,3,1,6,1,31,6,2204,2,9,7,1,7
2016521601384,1,9,0,9,0,1,0,0,0,0,1,1,6,1,40,7,-1,-1,-1,10,1,10
2016521601384,2,1,0,18,0,1,0,0,0,0,1,1,6,1,40,7,-1,-1,-1,9,1,9
2016521601393,1,9,0,5,0,2,0,4,1,10,1,1,6,2,47,8,1769,1,14,1,1,1
2016521601393,2,9,0,18,0,8,0,4,0,0,1,1,6,1,23,5,1995,2,11,-1,-1,-1
2016521601393,3,9,0,2,0,2,0,0,0,0,2,1,6,3,-1,-1,4799,1,11,-1,-1,-1
2016521601393,4,9,0,2,0,2,0,0,0,0,2,1,6,3,-1,-1,1275,1,21,-1,-1,-1
2016521601393,5,9,0,2,0,2,0,0,0,0,1,1,6,3,-1,-1,2204,2,9,-1,-1,-1
2016521601394,1,9,0,9,0,6,0,0,0,0,3,1,6,2,30,6,2902,2,12,10,2,10
2016521601394,2,1,0,18,0,8,0,0,0,0,1,1,6,1,17,4,-1,-1,-1,7,3,7
2016521601396,1,9,0,18,0,0,0,0,0,0,1,1,2,1,44,7,2496,2,12,8,1,8
2016521601396,2,1,0,18,0,0,0,0,0,0,1,1,6,1,25,5,-1,-1,-1,2,1,2
2016521601408,1,9,0,5,0,3,0,0,0,0,1,1,6,1,23,5,2143,2,3,8,1,8
2016521601419,1,9,0,18,0,1,0,0,0,0,1,1,6,2,42,7,1595,1,1,4,2,4
2016521601421,1,9,0,9,0,8,0,0,0,0,4,1,6,1,25,5,-1,-1,-1,2,1,2
2016521601421,2,1,0,18,0,8,0,0,0,0,1,1,6,1,30,6,-1,-1,-1,8,1,8
2016521601425,1,9,0,18,0,1,0,0,0,0,2,1,6,1,25,5,1896,2,14,8,1,8
2016521601425,2,9,0,18,0,1,0,0,0,0,1,1,6,2,83,11,1390,1,13,7,1,7
2016521601427,1,9,0,18,0,5,0,0,0,0,1,1,6,3,-1,-1,-1,-1,-1,-1,-1,-1
2016521601429,1,9,0,2,0,0,0,0,0,0,2,1,6,2,50,8,1753,2,9,8,1,8
2016521601429,2,1,0,18,0,0,0,4,0,0,1,1,4,1,13,3,-1,-1,-1,10,1,10
2016521601437,1,9,0,18,0,1,0,0,0,0,0,1,6,2,55,8,1198,1,5,9,1,9
2016521601447,1,9,0,16,0,0,2,0,7,4,1,1,6,2,23,5,1997,2,12,8,3,8
2016521601450,1,9,0,5,0,1,0,0,0,0,1,1,6,1,31,6,2401,2,12,6,1,6
2016521601450,2,1,0,18,0,1,0,0,0,0,1,1,6,1,36,7,-1,-1,-1,8,1,8
2016521601453,1,1,0,14,0,1,0,0,0,0,1,1,2,1,23,5,-1,-1,-1,-1,-1,-1
2016521601453,2,9,0,9,0,1,0,0,0,0,3,1,6,1,45,7,1896,2,14,-1,-1,-1
2016521601462,1,9,0,4,0,4,0,0,0,0,2,1,6,2,19,4,1360,1,14,9,2,9
2016521601462,2,9,0,5,0,4,0,0,0,0,1,1,6,1,45,7,2148,2,11,1,1,1
2016521601467,1,9,0,3,0,0,0,0,0,0,2,1,6,2,45,7,1364,1,12,8,1,8
2016521601467,2,9,0,18,0,0,0,0,0,0,1,1,6,1,46,8,1840,1,17,7,1,7
2016521601469,1,9,0,3,0,1,0,0,0,0,2,1,6,1,21,5,1798,1,5,-1,-1,-1
2016521601469,2,9,0,18,0,1,0,0,0,0,1,1,6,1,45,7,-1,-1,-1,1,1,1
2016521601477,1,1,0,5,9,0,0,0,0,0,3,1,6,1,51,8,-1,-1,-1,10,1,10
2016521601477,2,9,0,5,9,0,0,0,0,0,1,1,6,1,46,8,2982,2,19,10,3,10
2016521601481,1,9,0,3,0,6,0,0,0,0,2,1,6,2,54,8,1686,2,11,10,1,10
2016521601481,2,9,0,18,0,1,0,0,0,0,1,1,6,1,22,5,1995,2,3,3,1,3
2016521601484,1,9,0,9,0,2,0,0,0,0,1,1,6,2,70,10,1149,1,13,-1,-1,-1
2016521601495,1,9,0,7,0,1,0,0,0,0,1,1,6,2,21,5,1197,1,2,10,1,10
2016521601495,2,9,0,9,0,1,0,0,0,0,1,1,6,1,22,5,1390,1,5,10,1,10
2016521601503,1,9,0,3,0,1,0,0,0,0,2,1,6,1,23,5,1781,1,13,7,1,7
2016521601503,2,9,0,18,0,1,0,0,0,0,1,1,6,1,35,6,1910,2,10,-1,-1,-1
2016521601508,1,9,0,9,0,8,0,0,0,0,3,1,6,1,43,7,2497,2,18,3,1,3
2016521601508,2,9,0,18,0,8,0,0,0,0,1,1,6,2,38,7,998,1,5,10,1,10
2016521601510,1,9,0,18,0,8,0,0,0,0,2,1,6,3,-1,-1,-1,-1,-1,-1,-1,-1
2016521601510,2,9,0,18,0,8,0,0,0,0,1,1,6,2,45,7,1956,2,1,4,2,4
2016521601510,3,9,0,18,0,8,0,0,0,0,1,1,1,1,50,8,1598,2,1,7,1,7
2016521601511,1,9,0,18,0,0,0,0,0,0,4,1,6,1,58,9,2494,1,17,1,1,1
2016521601511,2,1,0,15,0,0,0,0,0,0,3,1,6,1,33,6,-1,-1,-1,1,1,1
2016521601512,1,9,0,9,0,0,0,0,0,0,3,1,6,1,51,8,2993,2,6,9,1,9
2016521601512,2,3,0,13,0,0,0,0,0,0,1,1,6,1,38,7,124,1,4,10,3,10
2016521601521,1,1,0,18,0,8,0,0,0,0,1,1,6,2,31,6,-1,-1,-1,4,1,4
2016521601521,2,8,0,5,0,6,0,0,0,0,1,1,6,1,45,7,-1,-1,-1,-1,-1,-1
2016521601524,1,1,0,5,0,0,0,0,0,0,3,1,1,1,31,6,-1,-1,-1,8,1,8
2016521601524,2,9,0,13,0,0,0,0,0,0,3,1,6,3,-1,-1,-1,-1,-1,-1,-1,-1
2016521601525,1,9,0,18,0,0,0,0,0,0,1,1,6,1,48,8,-1,-1,-1,-1,1,-1
2016521601530,1,9,0,2,0,0,0,0,0,0,0,1,6,1,72,10,1235,1,26,9,1,9
2016521601530,2,9,0,18,0,0,0,0,0,0,1,1,6,3,-1,-1,-1,-1,-1,-1,-1,-1
2016521601531,1,9,0,18,0,1,2,0,0,0,3,1,6,2,32,6,2993,2,4,1,1,1
2016521601531,2,9,0,18,0,1,0,0,0,0,1,1,6,1,42,7,1984,1,10,6,1,6
2016521601534,1,9,0,9,0,5,0,0,0,0,2,1,6,1,45,7,1997,1,9,9,1,9
2016521601534,2,1,0,18,0,8,0,0,0,0,1,1,6,1,35,6,-1,-1,-1,4,1,4
2016521601546,1,1,0,17,0,6,0,0,0,0,1,1,6,1,23,5,-1,-1,-1,8,1,8
2016521601546,2,8,0,5,0,6,0,0,0,0,1,1,6,1,46,8,2664,2,19,3,1,3
2016521601550,1,3,0,18,0,0,1,0,6,0,1,1,6,1,23,5,124,1,7,3,1,3
2016521601553,1,9,0,18,0,8,0,0,0,0,1,1,6,2,54,8,1689,2,15,1,1,1
2016521601553,2,1,0,18,0,8,0,0,0,0,3,1,6,1,30,6,-1,-1,-1,4,1,4
2016521601557,1,1,0,5,0,8,0,0,0,0,1,1,6,1,12,3,-1,-1,-1,4,1,4
2016521601557,2,9,0,18,0,1,0,0,0,0,1,1,6,1,26,6,-1,-1,-1,3,1,3
2016521601562,1,9,0,18,0,0,0,0,0,0,1,1,1,1,28,6,1398,1,1,1,1,1
2016521601562,2,9,0,18,0,0,0,0,0,0,1,1,6,1,55,8,1685,2,6,9,1,9
2016521601570,1,9,0,9,0,5,0,0,0,0,3,1,2,1,28,6,998,1,13,9,1,9
2016521601570,2,5,0,14,0,8,0,0,0,0,1,1,2,1,31,6,750,1,7,3,1,3
2016521601579,1,9,0,3,0,8,0,0,0,0,2,1,6,1,29,6,1968,2,9,5,1,5
2016521601579,2,9,0,3,0,8,0,0,0,0,2,1,6,2,-1,-1,-1,-1,-1,9,1,9
2016521601579,3,9,0,18,0,1,0,0,0,0,1,1,6,2,51,8,1598,1,12,5,2,5
2016521601583,1,9,0,18,0,1,0,0,0,0,4,1,6,1,73,10,1598,1,10,3,1,3
2016521601587,1,9,0,9,0,8,0,0,0,0,1,1,6,1,19,4,1390,1,8,4,1,4
2016521601587,2,9,0,18,0,1,0,0,0,0,1,1,6,1,54,8,1850,1,17,3,1,3
2016521601588,1,9,0,4,0,0,0,0,0,0,2,1,6,1,22,5,1997,2,11,5,1,5
2016521601588,2,9,0,18,0,0,0,0,0,0,1,1,6,2,24,5,1390,1,9,4,1,4
2016521601593,1,1,0,18,0,8,0,0,0,0,1,1,6,1,25,5,-1,-1,-1,8,1,8
2016521601593,2,20,0,9,0,8,0,0,0,0,3,1,6,3,-1,-1,-1,-1,-1,-1,-1,-1
2016521601594,1,9,0,18,0,1,1,0,1,0,4,1,6,2,58,9,1598,1,10,10,1,10
2016521601605,1,9,0,18,0,0,0,0,4,6,1,1,6,1,27,6,1398,1,2,9,1,9
2016521601605,2,9,0,4,0,0,0,0,0,0,2,1,6,1,53,8,1999,1,8,8,1,8
2016521601605,3,10,0,4,0,0,5,0,0,0,2,1,1,1,25,5,-1,-1,-1,5,2,5
2016521601605,4,9,0,4,0,0,0,0,0,0,2,1,6,1,34,6,2354,1,11,8,1,8
2016521601608,1,9,0,5,0,8,0,0,0,0,1,1,6,1,40,7,-1,-1,-1,-1,-1,-1
2016521601617,1,19,0,1,6,1,0,0,0,0,2,1,1,1,42,7,2198,2,1,5,1,5
2016521601618,1,9,0,7,0,1,1,0,7,0,3,1,6,1,24,5,1796,1,15,-1,2,-1
2016521601618,2,9,0,17,0,1,1,0,0,0,3,1,6,1,25,5,1461,2,5,3,1,3
2016521601621,1,9,0,18,0,1,0,0,0,0,1,1,6,3,-1,-1,998,1,2,-1,-1,-1
2016521601626,1,9,0,18,0,2,0,0,0,0,1,1,6,1,57,9,1598,2,5,7,1,7
2016521601627,1,1,0,18,0,1,0,0,0,0,1,1,2,2,29,6,-1,-1,-1,8,1,8
2016521601627,2,9,0,9,0,6,0,0,0,0,3,1,6,1,29,6,-1,-1,-1,-1,-1,-1
2016521601636,1,9,0,18,0,0,0,0,1,10,3,1,6,2,28,6,1390,1,2,10,3,10
2016521601642,1,9,0,5,0,2,0,0,0,0,2,1,6,2,17,4,1368,1,1,9,3,9
2016521601642,2,9,0,10,0,1,0,0,0,0,1,1,6,1,30,6,-1,-1,-1,-1,-1,-1
2016521601645,1,9,0,18,0,8,0,0,0,0,1,1,6,1,80,11,2148,2,10,5,1,5
2016521601656,1,1,0,18,0,0,0,0,0,0,1,1,6,1,44,7,-1,-1,-1,4,1,4
2016521601656,2,9,0,18,0,0,0,0,0,0,1,1,6,1,48,8,1995,2,8,-1,-1,-1
2016521601678,1,9,0,7,0,1,0,0,0,0,1,1,6,1,24,5,-1,-1,-1,3,1,3
2016521601678,2,3,0,18,0,1,0,0,0,0,4,1,6,1,29,6,124,1,8,2,1,2
2016521601679,1,9,0,18,0,0,0,0,0,0,1,1,6,1,30,6,1984,1,6,6,1,6
2016521601680,1,9,0,7,0,8,0,0,0,0,1,1,6,2,28,6,1998,2,8,9,1,9
2016521601680,2,9,0,18,0,1,0,0,0,0,1,1,6,1,17,4,-1,-1,-1,6,1,6
2016521601687,1,9,0,2,6,0,0,0,0,0,0,1,6,1,55,8,-1,-1,-1,-1,1,-1
2016521601687,2,9,0,18,0,0,0,0,0,0,3,1,6,3,-1,-1,-1,-1,-1,-1,-1,-1
2016521601706,1,9,0,18,0,8,0,0,0,0,1,1,6,2,68,10,-1,-1,-1,-1,-1,-1
2016521601719,1,9,0,5,0,0,0,0,0,0,1,1,6,2,24,5,1242,1,8,2,1,2
2016521601736,1,21,1,7,0,1,0,0,0,0,4,1,1,1,52,8,12902,2,3,4,1,4
2016521601736,2,9,0,2,6,1,0,0,0,0,3,1,6,1,46,8,1598,1,12,10,1,10
2016521601740,1,9,0,18,0,2,0,0,0,0,2,1,6,2,19,4,1398,1,1,8,1,8
2016521601740,2,9,0,18,0,1,0,0,0,0,1,1,6,1,18,4,1149,1,7,6,1,6
2016521601746,1,9,0,10,0,1,0,0,0,0,1,1,6,1,50,8,1598,1,10,4,1,4
2016521601746,2,1,0,10,0,1,0,0,0,0,1,1,6,2,18,4,-1,-1,-1,-1,-1,-1
2016521601750,1,9,0,18,0,1,0,0,0,0,1,1,6,2,26,6,1299,1,9,8,1,8
2016521601750,2,4,0,18,0,1,0,0,0,0,1,1,6,1,32,6,125,1,-1,10,1,10
2016521601756,1,9,0,18,0,1,0,0,0,0,1,1,6,2,51,8,999,1,3,1,1,1
2016521601756,2,9,0,2,0,1,0,0,0,0,3,1,6,3,-1,-1,1229,1,11,-1,-1,-1
2016521601756,3,9,0,2,0,1,0,0,0,0,2,1,6,3,-1,-1,1329,1,6,-1,-1,-1
2016521601757,1,9,0,18,0,0,0,0,0,0,1,1,6,2,45,7,1984,1,11,5,1,5
2016521601757,2,9,0,3,0,0,0,0,0,0,2,1,6,1,31,6,1753,2,9,6,1,6
2016521601758,1,9,0,18,0,2,0,0,0,0,1,1,6,1,38,7,1796,1,12,5,1,5
2016521601758,2,9,0,2,0,1,0,0,0,0,0,1,6,2,23,5,1324,1,15,5,1,5
2016521601765,1,9,0,7,0,1,0,0,1,7,1,1,6,3,-1,-1,1229,1,4,-1,-1,-1
2016521601769,1,1,0,18,0,8,0,0,0,0,2,1,6,1,39,7,-1,-1,-1,1,1,1
2016521601769,2,9,0,7,0,8,0,0,0,0,1,1,6,2,40,7,1396,1,15,4,1,4
2016521601776,1,9,0,4,0,8,0,0,0,0,2,1,1,1,56,9,2993,2,6,-1,-1,-1
2016521601776,2,9,0,18,0,1,0,0,0,0,1,1,6,1,28,6,1995,2,13,1,1,1
2016521601780,1,9,0,5,0,0,0,0,0,0,2,1,6,2,28,6,999,1,7,5,1,5
2016521601780,2,9,0,18,0,0,0,0,0,0,1,1,6,1,24,5,-1,-1,-1,4,1,4
2016521601786,1,9,0,9,0,8,0,0,0,0,1,1,6,1,25,5,1995,2,13,5,1,5
2016521601786,2,4,0,18,0,8,0,0,0,0,1,1,6,1,31,6,49,1,3,6,1,6
2016521601790,1,3,0,18,0,0,0,0,0,0,1,1,6,1,18,4,109,1,1,-1,-1,-1
2016521601794,1,2,0,18,0,0,0,0,0,0,4,1,6,1,24,5,49,1,16,1,1,1
2016521601794,2,9,0,13,0,0,0,0,0,0,3,1,6,1,33,6,1596,1,11,1,1,1