Accident_Index,Vehicle_Reference,Vehicle_Type,Towing_and_Articulation,Vehicle_Manoeuvre,Vehicle_Location-Restricted_Lane,Junction_Location,Skidding_and_Overturning,Hit_Object_in_Carriageway,Vehicle_Leaving_Carriageway,Hit_Object_off_Carriageway,1st_Point_of_Impact,Was_Vehicle_Left_Hand_Drive?,Journey_Purpose_of_Driver,Sex_of_Driver,Age_of_Driver,Age_Band_of_Driver,Engine_Capacity_(CC),Propulsion_Code,Age_of_Vehicle,Driver_IMD_Decile,Driver_Home_Area_Type,Vehicle_IMD_Decile
2016521602470,3,9,0,18,0,0,0,0,0,0,1,1,6,2,21,5,1242,1,10,2,1,2
2016521602481,1,9,0,18,0,8,0,0,1,11,1,1,6,1,65,9,1362,1,3,1,1,1
2016521602481,2,9,0,4,0,1,0,0,0,0,3,1,6,1,64,9,1373,1,-1,8,1,8
2016521602484,1,9,0,18,0,0,0,0,0,0,1,1,6,3,-1,-1,-1,-1,-1,-1,-1,-1
2016521602486,1,9,0,9,0,8,0,0,0,0,4,1,6,1,20,4,-1,-1,-1,3,1,3
2016521602486,2,9,0,18,0,1,0,0,1,10,1,1,6,2,57,9,1200,1,4,3,1,3
2016521602487,1,9,0,1,0,0,0,0,0,0,2,1,6,1,54,8,1781,1,13,9,1,9
2016521602488,1,9,0,9,0,1,0,0,0,0,3,1,6,2,28,6,1242,1,10,4,1,4
2016521602488,2,1,0,18,0,1,0,0,0,0,3,1,6,2,37,7,-1,-1,-1,4,1,4
2016521602489,1,3,0,13,0,1,0,0,3,0,4,1,6,1,19,4,125,1,2,8,1,8
2016521602489,2,9,0,9,0,5,0,0,0,0,3,1,6,1,62,9,1596,1,3,2,1,2
2016521602496,1,1,0,18,0,1,0,0,0,0,0,1,6,1,43,7,-1,-1,-1,2,1,2
2016521602496,2,9,0,18,0,1,0,0,0,0,0,1,6,2,26,6,1390,1,9,7,1,7
2016521602498,1,9,0,16,0,0,0,4,0,0,1,1,6,1,23,5,1781,1,13,7,1,7
2016521602498,2,9,0,2,0,0,0,0,0,0,2,1,6,1,32,6,-1,-1,-1,4,1,4
2016521602500,1,9,0,5,0,6,0,0,0,0,1,1,6,1,27,6,1390,1,10,2,1,2
2016521602500,2,9,0,18,0,1,0,0,0,0,4,1,6,2,36,7,-1,-1,-1,5,1,5
2016521602507,1,1,0,18,0,8,0,0,0,0,3,1,6,1,20,4,-1,-1,-1,6,1,6
2016521602507,2,21,0,9,0,5,0,0,0,0,1,1,6,1,30,6,-1,-1,-1,-1,-1,-1
2016521602518,1,5,0,4,0,8,0,0,0,0,1,1,6,1,40,7,998,1,11,5,1,5
2016521602518,2,21,0,9,0,8,0,0,0,0,2,1,6,2,30,6,10837,2,1,9,2,9
2016521602525,1,9,0,18,0,8,0,0,0,0,1,1,6,1,24,5,1497,1,10,1,1,1
2016521602525,2,1,0,11,0,8,0,0,0,0,3,1,4,2,13,3,-1,-1,-1,8,1,8
2016521602530,1,9,0,17,0,8,0,0,0,0,1,1,1,3,-1,-1,-1,-1,-1,-1,-1,-1
2016521602530,2,3,0,18,5,8,0,0,0,0,1,1,1,1,19,4,-1,-1,-1,6,1,6
2016521602540,1,9,0,9,0,8,0,0,0,0,3,1,1,2,33,6,1968,2,2,8,3,8
2016521602540,2,9,0,18,0,1,0,0,0,0,1,1,1,1,27,6,-1,-1,-1,3,1,3
2016521602546,1,9,0,18,0,0,0,0,0,0,0,1,6,3,-1,-1,-1,-1,-1,-1,-1,-1
2016521602546,2,1,0,18,0,0,0,0,0,0,1,1,6,1,44,7,-1,-1,-1,5,1,5
2016521602548,1,9,0,17,0,0,0,0,0,0,1,1,6,2,42,7,1685,2,2,10,2,10
2016521602548,2,9,0,16,0,0,0,0,0,0,1,1,6,1,76,11,1242,1,1,3,1,3
2016521602555,1,1,0,18,0,1,0,0,0,0,0,1,6,1,24,5,-1,-1,-1,4,1,4
2016521602555,2,9,0,9,0,6,0,0,0,0,1,1,6,1,25,5,-1,-1,-1,-1,-1,-1
2016521602570,1,9,0,16,0,0,0,0,0,0,0,1,6,2,76,11,1248,1,6,8,3,8
2016521602570,2,1,0,16,0,0,0,0,0,0,1,1,6,1,38,7,-1,-1,-1,3,1,3
2016521602574,1,1,0,18,0,0,0,0,0,0,4,1,6,2,16,4,-1,-1,-1,9,1,9
2016521602574,2,11,0,13,0,0,0,0,0,0,3,1,6,1,40,7,4461,2,3,-1,-1,-1
2016521602578,1,9,0,2,0,0,0,0,0,0,4,1,6,2,46,8,1997,2,4,7,1,7
2016521602578,2,9,0,17,0,0,0,0,0,0,3,1,6,3,30,6,-1,-1,-1,-1,-1,-1
2016521602582,1,9,0,18,0,2,0,0,0,0,3,1,6,2,23,5,1198,1,7,10,1,10
2016521602582,2,9,0,18,0,1,0,0,0,0,3,1,6,2,59,9,1968,2,3,9,1,9
2016521602595,1,9,0,18,0,8,0,0,0,0,3,1,6,1,66,10,1905,2,19,3,1,3
2016521602595,2,9,0,9,0,8,0,0,0,0,1,1,6,2,25,5,1149,1,6,7,2,7
2016521602606,1,1,0,18,0,8,0,0,0,0,2,1,1,1,47,8,-1,-1,-1,9,1,9
2016521602606,2,9,0,9,0,4,0,0,0,0,3,1,6,1,-1,-1,1997,1,12,-1,-1,-1
2016521602634,1,90,0,3,0,0,0,0,0,0,0,1,1,1,49,8,4461,2,4,3,1,3
2016521602634,2,19,0,14,9,0,0,0,0,0,0,1,6,3,-1,-1,-1,-1,-1,-1,-1,-1
2016521602639,1,9,0,3,0,0,0,0,0,0,2,1,6,1,64,9,1995,2,4,9,3,9
2016521602639,2,19,0,3,0,0,0,0,0,0,2,1,1,1,68,10,2148,2,8,7,1,7
2016521602639,3,9,0,18,0,0,0,0,0,0,1,1,6,1,80,11,1998,2,20,1,1,1
2016521602643,1,9,0,18,0,1,0,0,0,0,4,1,6,2,35,6,-1,-1,-1,9,1,9
2016521602643,2,4,0,18,0,1,0,0,0,0,1,1,6,1,55,8,-1,-1,-1,8,3,8
2016521602650,1,9,0,9,0,8,0,0,0,0,2,1,6,1,55,8,1910,2,10,2,1,2
2016521602650,2,1,0,18,0,8,0,0,0,0,1,1,6,1,27,6,-1,-1,-1,3,1,3
2016521602654,1,9,0,6,0,8,0,0,0,0,1,1,6,2,80,11,999,1,6,10,1,10
2016521602657,1,1,0,18,0,8,0,0,0,0,2,1,2,1,59,9,-1,-1,-1,3,1,3
2016521602657,2,9,0,18,0,8,0,0,0,0,1,1,6,2,30,6,1496,2,1,-1,-1,-1
2016521602661,1,9,0,18,0,0,0,0,0,0,4,1,1,1,32,6,1968,2,2,3,1,3
2016521602662,1,9,0,4,0,8,0,0,0,0,0,1,1,2,43,7,1995,2,2,-1,-1,-1
2016521602662,2,19,0,4,0,1,0,0,0,0,2,1,1,1,37,7,2198,2,2,3,1,3
2016521602662,3,20,0,18,0,1,0,0,0,0,1,1,1,1,28,6,5880,2,12,-1,1,-1
2016521602667,1,5,0,18,2,1,0,0,0,0,3,1,6,1,50,8,821,1,1,9,1,9
2016521602667,2,9,0,7,2,1,0,0,0,0,4,1,6,2,20,4,1242,1,8,4,1,4
2016521602670,1,9,0,3,0,0,0,0,0,0,2,1,6,2,43,7,1997,2,12,2,1,2
2016521602670,2,9,0,18,0,0,0,0,0,0,1,1,6,1,19,4,1248,2,4,2,1,2
2016521602670,3,9,0,3,0,0,0,0,0,0,0,1,6,3,-1,-1,-1,-1,-1,-1,-1,-1
2016521602673,1,9,0,5,0,0,0,0,0,0,4,1,6,1,76,11,1390,1,7,2,1,2
2016521602673,2,9,0,5,0,0,0,0,0,0,3,1,6,2,23,5,1560,2,10,3,1,3
2016521602674,1,3,0,18,0,0,0,0,0,0,1,1,6,1,24,5,123,1,27,4,1,4
2016521602674,2,9,0,18,0,0,0,0,0,0,2,1,6,1,46,8,2987,2,6,7,1,7
2016521602676,1,5,0,18,0,1,0,0,0,0,1,1,6,1,67,10,1450,1,12,4,1,4
2016521602676,2,9,0,7,0,6,0,0,0,0,3,1,1,1,26,6,-1,-1,-1,8,1,8
2016521602679,1,9,0,18,0,8,0,0,0,0,1,1,1,1,23,5,-1,-1,-1,7,1,7
2016521602685,1,9,0,3,0,0,0,0,0,0,2,1,6,2,31,6,998,1,3,1,1,1
2016521602685,2,9,0,3,0,0,0,0,0,0,2,1,6,2,37,7,1560,2,11,6,1,6
2016521602685,3,9,0,3,0,0,0,0,0,0,2,1,1,1,45,7,1560,2,4,1,1,1
2016521602685,4,9,0,3,0,0,0,0,0,0,1,1,6,1,20,4,1242,1,14,3,1,3
2016521602686,1,9,0,4,0,0,0,0,0,0,2,1,6,1,31,6,998,1,4,8,1,8
2016521602686,2,9,0,18,0,0,0,0,0,0,1,1,6,1,57,9,1794,1,15,6,1,6
2016521602688,1,9,0,16,0,8,0,0,0,0,3,1,2,1,25,5,1968,2,10,1,1,1
2016521602688,2,8,0,5,0,6,0,0,0,0,4,1,1,1,38,7,1598,2,3,1,1,1
2016521602689,1,9,0,18,0,2,0,0,0,0,1,1,6,1,33,6,1984,1,13,9,1,9
2016521602700,1,9,0,18,0,1,0,0,0,0,1,1,6,1,28,6,1390,1,15,6,3,6
2016521602700,2,9,0,3,0,1,0,0,0,0,2,1,6,1,66,10,1560,2,5,8,1,8
2016521602700,3,9,0,3,0,1,0,0,0,0,2,1,6,2,45,7,1240,1,11,9,2,9
2016521602700,4,9,0,3,0,1,0,0,0,0,2,1,6,1,74,10,1998,2,6,5,2,5
2016521602701,1,9,0,17,0,0,0,0,7,11,1,1,6,2,17,4,1229,1,10,7,2,7
2016521602703,1,90,0,18,0,1,0,0,0,0,4,1,1,2,20,4,2987,2,2,-1,-1,-1
2016521602703,2,19,0,2,0,1,0,0,0,0,3,1,6,3,34,6,2198,2,4,-1,-1,-1
2016521602703,3,9,0,5,0,8,0,0,0,0,4,1,6,2,32,6,1753,2,13,2,1,2
2016521602705,1,1,0,18,0,1,0,0,0,0,3,1,6,1,28,6,-1,-1,-1,5,1,5
2016521602705,2,9,0,18,0,2,0,0,0,0,1,1,6,2,60,9,-1,-1,-1,9,1,9
2016521602706,1,1,0,18,0,8,0,0,0,0,0,1,6,1,22,5,-1,-1,-1,8,1,8
2016521602706,2,9,0,9,0,5,0,0,0,0,1,1,6,1,50,8,1997,2,4,10,1,10
2016521602709,1,9,0,9,0,6,0,0,0,0,3,1,6,1,55,8,1896,2,14,1,1,1
2016521602709,2,1,0,18,0,8,0,0,0,0,1,1,6,1,48,8,-1,-1,-1,8,1,8
2016521602710,1,9,0,18,0,0,0,0,0,0,1,1,6,2,26,6,1242,1,1,-1,-1,-1
2016521602710,2,1,0,18,0,0,0,0,0,0,0,1,6,1,51,8,-1,-1,-1,1,1,1
2016521602712,1,9,0,18,0,2,0,0,0,0,1,1,6,1,35,6,-1,-1,-1,8,1,8
2016521602716,1,9,0,18,0,1,0,0,0,0,1,1,6,1,18,4,999,1,11,5,3,5
2016521602716,2,9,0,9,0,8,0,0,0,0,1,1,6,2,26,6,1242,1,10,10,1,10
2016521602719,1,1,0,18,0,8,0,0,0,0,1,1,6,1,58,9,-1,-1,-1,6,1,6
2016521602719,2,9,0,5,0,6,0,0,0,0,1,1,6,1,26,6,1596,1,14,4,1,4
2016521602720,1,9,0,18,0,4,0,0,0,0,3,1,6,2,41,7,1499,2,1,2,1,2
2016521602720,2,9,0,18,0,4,0,0,0,0,4,1,6,3,45,7,-1,-1,-1,-1,-1,-1
2016521602723,1,9,0,18,0,0,0,0,0,0,1,1,6,1,52,8,1995,2,7,8,1,8
2016521602726,1,5,0,18,0,0,0,0,0,0,1,1,6,1,43,7,1050,1,7,4,1,4
2016521602728,1,9,0,3,0,8,0,0,0,0,1,1,6,3,-1,-1,1496,1,1,-1,-1,-1
2016521602728,2,9,0,3,0,8,0,0,0,0,2,1,6,1,41,7,1248,2,5,1,1,1
2016521602734,1,9,0,18,0,0,0,0,0,0,1,1,6,2,60,9,1339,1,9,10,1,10
2016521602742,1,9,0,5,0,8,0,0,0,0,3,1,6,2,37,7,-1,-1,-1,-1,-1,-1
2016521602742,2,1,0,18,0,8,0,0,0,0,1,1,6,2,30,6,-1,-1,-1,4,1,4
2016521602745,1,21,1,18,0,0,0,0,0,0,3,2,6,1,53,8,-1,-1,-1,-1,-1,-1
2016521602745,2,9,0,18,0,0,0,0,0,0,4,1,6,1,61,9,1332,1,10,5,1,5
2016521602746,1,9,0,5,2,1,0,0,0,0,4,1,6,2,40,7,1968,2,9,7,1,7
2016521602746,2,1,0,18,2,1,0,0,0,0,1,1,6,1,31,6,-1,-1,-1,-1,-1,-1
2016521602752,1,9,0,18,0,8,0,0,0,0,4,1,6,1,56,9,1984,1,8,2,1,2
2016521602752,2,1,0,18,0,8,0,0,0,0,1,1,6,2,37,7,-1,-1,-1,4,1,4
2016521602753,1,1,0,18,0,8,0,0,0,0,3,1,2,2,27,6,-1,-1,-1,6,1,6
2016521602753,2,9,0,13,0,8,0,0,0,0,4,1,6,1,18,4,2979,1,1,5,1,5
2016521602754,1,9,0,18,0,0,0,0,0,0,1,1,6,1,75,10,-1,-1,-1,9,1,9
2016521602754,2,9,0,18,0,0,0,0,0,0,1,1,6,1,64,9,4799,1,10,8,3,8
2016521602755,1,9,0,18,0,0,0,0,1,0,4,1,6,2,59,9,-1,-1,-1,2,1,2
2016521602755,2,19,0,2,0,0,0,0,0,0,4,1,6,1,45,7,2143,2,5,5,1,5
2016521602756,1,9,0,18,0,0,0,0,8,3,1,1,6,1,22,5,2400,2,1,9,2,9
2016521602761,1,9,0,2,0,1,0,0,0,0,4,1,6,2,66,10,1461,2,10,4,1,4
2016521602761,2,1,0,18,5,1,0,4,0,0,1,1,6,1,16,4,-1,-1,-1,10,1,10
2016521602762,1,21,4,11,0,0,0,0,0,0,4,1,1,1,53,8,10518,2,9,-1,1,-1
2016521602762,2,9,0,18,0,0,0,0,5,6,3,1,6,2,22,5,1299,1,10,9,1,9
2016521602770,1,9,0,5,0,6,0,0,0,0,1,1,6,2,25,5,1390,1,12,8,1,8
2016521602770,2,9,0,18,0,1,0,0,1,11,4,1,6,2,52,8,1399,2,6,10,1,10
2016521602774,1,9,0,7,0,8,0,0,0,0,4,1,6,1,20,4,1149,1,11,-1,-1,-1
2016521602774,2,11,0,18,2,1,0,0,0,0,1,1,1,1,32,6,6370,2,14,-1,-1,-1
2016521602775,1,9,0,9,2,8,0,0,0,0,3,1,6,1,58,9,-1,-1,-1,6,1,6
2016521602775,2,5,0,18,2,8,0,0,0,0,1,1,6,1,44,7,-1,-1,-1,5,1,5
2016521602776,1,9,0,3,0,1,0,0,0,0,2,1,6,1,52,8,1598,1,11,9,2,9
2016521602776,2,19,0,5,0,1,0,0,0,0,1,1,1,1,28,6,1560,2,1,-1,1,-1
2016521602778,1,19,0,5,0,5,0,0,0,0,4,1,1,1,45,7,-1,-1,-1,5,1,5
2016521602778,2,5,0,18,0,1,0,0,0,0,1,1,6,1,31,6,900,1,22,1,1,1
2016521602779,1,19,0,18,0,0,0,12,0,0,1,1,1,1,41,7,4249,2,3,8,1,8
2016521602790,1,4,0,18,0,1,0,0,0,0,1,1,6,1,46,8,1284,1,11,8,1,8
2016521602790,2,9,0,9,0,1,0,0,0,0,3,1,6,2,52,8,1360,1,9,7,1,7
2016521602792,1,9,0,18,0,8,0,0,0,0,1,1,6,2,32,6,1956,2,3,9,1,9
2016521602792,2,9,0,3,0,8,0,0,0,0,2,1,6,1,77,11,1596,1,15,1,1,1
2016521602792,3,9,0,3,0,8,0,0,0,0,2,1,6,1,-1,-1,1390,1,6,6,3,6
2016521602793,1,9,0,9,0,5,0,0,0,0,3,1,6,2,41,7,1596,1,8,8,1,8
2016521602793,2,1,0,18,0,8,0,0,0,0,1,1,6,1,53,8,-1,-1,-1,7,1,7
2016521602796,1,9,0,3,0,1,0,0,0,7,2,1,6,1,20,4,2967,2,8,10,1,10
2016521602796,2,9,0,18,0,1,0,0,0,0,1,1,6,1,20,4,2148,2,11,1,1,1
2016521602797,1,1,0,18,0,1,0,0,0,0,2,1,6,1,23,5,-1,-1,-1,1,1,1
2016521602797,2,9,0,18,0,1,0,0,0,0,1,1,6,1,45,7,1390,1,11,-1,-1,-1
2016521602836,1,2,0,8,0,8,0,0,0,0,3,1,6,1,16,4,49,1,4,4,1,4
2016521602836,2,9,0,18,0,8,0,0,0,0,4,1,6,3,-1,-1,-1,-1,-1,-1,-1,-1
2016521602838,1,9,0,18,0,0,0,0,0,0,4,1,6,1,41,7,1995,1,8,10,1,10
2016521602838,2,9,0,18,0,0,0,0,0,0,3,1,6,3,30,6,1896,2,13,-1,-1,-1
2016521602839,1,9,0,5,0,4,0,0,0,0,1,1,6,2,68,10,1997,2,6,4,1,4
2016521602839,2,1,0,18,0,8,0,0,0,0,1,1,6,1,52,8,-1,-1,-1,6,1,6
2016521602840,1,9,0,4,0,8,0,0,0,0,3,1,6,1,60,9,2143,2,4,10,1,10
2016521602840,2,9,0,4,0,8,0,0,0,0,2,1,6,1,44,7,1598,1,8,8,2,8
2016521602840,3,9,0,18,0,8,0,0,0,0,1,1,6,3,30,6,-1,-1,-1,-1,-1,-1
2016521602846,1,9,0,16,0,0,0,0,0,0,1,1,6,2,48,8,1997,2,8,10,1,10
2016521602846,2,5,0,17,0,0,0,0,0,0,1,1,6,1,37,7,999,1,7,6,1,6
2016521602847,1,9,0,11,0,5,0,0,2,7,4,1,6,1,43,7,2494,1,16,3,1,3
2016521602847,2,9,0,18,0,5,0,0,0,0,4,1,6,1,64,9,1461,2,3,4,1,4
2016521602847,3,21,0,18,0,5,0,0,0,0,4,1,1,1,62,9,-1,-1,-1,3,1,3
2016521602849,1,9,0,18,0,1,0,0,0,0,4,1,6,2,25,5,1598,1,14,1,1,1
2016521602849,2,1,0,9,0,1,0,0,0,0,1,1,6,1,25,5,-1,-1,-1,-1,-1,-1
2016521602869,1,9,0,18,0,0,0,0,0,0,3,1,6,2,48,8,-1,-1,-1,-1,-1,-1
2016521602870,1,9,0,18,0,8,0,0,0,0,4,1,6,1,21,5,1598,1,6,10,1,10
2016521602870,2,9,0,18,0,8,0,0,0,0,1,1,6,2,58,9,2179,2,4,6,1,6
2016521602878,1,9,0,18,0,0,0,0,0,0,3,1,6,1,68,10,2143,12,1,7,3,7
2016521602884,1,9,0,2,0,0,0,0,0,0,2,1,6,1,79,11,1329,1,2,4,1,4
2016521602884,2,9,0,18,0,0,0,0,0,0,1,1,6,1,38,7,-1,-1,-1,6,1,6
2016521602901,1,9,0,9,0,8,0,0,1,10,4,1,6,2,40,7,998,1,2,4,1,4
2016521602901,2,9,0,18,0,8,0,0,1,0,1,1,6,3,-1,-1,1399,1,7,-1,-1,-1
2016521602908,1,1,0,18,0,0,0,0,0,0,1,1,6,1,36,7,-1,-1,-1,1,1,1
2016521602908,2,9,0,11,0,0,0,0,0,0,1,1,6,1,20,4,1968,2,2,-1,-1,-1
2016521602914,1,1,0,18,0,0,0,0,0,0,3,1,1,1,23,5,-1,-1,-1,3,1,3
2016521602914,2,9,0,5,0,0,0,0,0,0,1,1,6,3,-1,-1,-1,-1,-1,-1,-1,-1
2016521602921,1,9,0,3,0,0,0,0,0,0,2,1,6,2,45,7,998,1,-1,8,1,8
2016521602921,2,9,0,18,0,0,0,0,0,0,1,1,6,2,40,7,1997,2,13,-1,-1,-1
2016521602925,1,11,0,5,0,8,0,0,0,0,0,1,1,1,43,7,-1,-1,-1,3,1,3
2016521602925,2,9,0,11,0,8,0,0,0,0,0,1,6,2,20,4,-1,-1,-1,-1,-1,-1
2016521602929,1,1,0,18,0,1,0,0,0,0,1,1,6,1,35,6,-1,-1,-1,4,1,4
2016521602929,2,9,0,7,0,1,0,0,0,0,4,1,6,1,35,6,1997,2,8,-1,-1,-1
2016521602939,1,9,0,8,0,4,0,0,0,0,2,1,6,2,17,4,1199,1,14,10,1,10
2016521602939,2,9,0,8,0,4,0,0,0,0,1,1,6,2,24,5,1598,1,6,8,1,8
2016521602942,1,9,0,9,0,1,0,0,0,0,2,1,1,1,29,6,1910,2,9,1,1,1
2016521602942,2,9,0,18,0,1,0,0,0,0,1,1,6,3,-1,-1,1794,1,16,-1,-1,-1
2016521602946,1,3,0,4,0,1,0,0,0,0,2,1,6,1,18,4,125,1,5,1,1,1
2016521602947,1,9,0,18,0,7,0,0,0,0,1,1,6,1,42,7,1896,2,9,2,1,2
2016521602949,1,9,0,4,0,1,0,0,0,0,3,1,6,2,25,5,1595,1,-1,8,2,8
2016521602949,2,9,0,4,0,1,0,0,0,0,4,1,6,2,38,7,2000,2,12,2,1,2
2016521602953,1,9,0,5,0,8,0,0,0,0,1,1,6,2,20,4,998,1,5,7,1,7
2016521602953,2,1,0,18,0,8,0,0,0,0,1,1,6,1,14,3,-1,-1,-1,1,1,1
2016521602961,1,1,0,18,0,8,0,0,0,0,2,1,6,1,24,5,-1,-1,-1,3,1,3
2016521602961,2,9,0,13,0,1,0,0,0,0,1,1,6,1,31,6,1598,1,12,6,1,6
2016521602978,1,2,0,18,0,0,0,0,0,0,1,1,6,1,21,5,49,1,5,10,3,10
2016521602978,2,8,0,1,0,0,0,0,0,0,4,1,6,1,28,6,1896,2,15,8,1,8
2016521602987,1,9,0,18,0,1,0,0,0,0,1,1,6,1,66,10,2788,1,30,5,1,5
2016521602990,1,19,0,18,0,1,0,0,0,0,1,1,1,1,21,5,2500,2,7,7,1,7
2016521602990,2,9,0,8,0,8,0,0,0,0,1,1,6,2,31,6,1349,1,2,10,1,10
2016521602992,1,19,0,9,0,8,0,0,0,0,4,1,1,1,30,6,2198,2,6,2,1,2
2016521602992,2,5,0,18,2,1,0,0,0,0,1,1,6,1,26,6,636,1,11,5,1,5
2016521602995,1,9,0,18,0,1,0,0,1,3,1,1,6,1,89,11,1590,1,23,7,1,7
2016521603001,1,9,0,18,0,1,0,0,0,0,2,1,3,2,21,5,-1,-1,-1,2,1,2
2016521603001,2,9,0,18,0,1,0,0,0,0,1,1,6,1,25,5,1595,1,12,3,1,3
2016521603002,1,9,0,11,0,1,0,0,0,0,2,1,6,2,37,7,998,1,11,3,1,3
2016521603002,2,9,0,11,0,1,0,0,0,0,1,1,6,1,40,7,-1,-1,-1,5,1,5
2016521603005,1,9,0,18,0,8,0,0,0,0,1,1,6,2,31,6,1685,2,-1,5,1,5
2016521603005,2,9,0,9,0,8,0,0,0,0,1,1,6,1,28,6,1360,1,12,5,1,5
2016521603007,1,9,0,18,0,8,0,0,0,0,1,1,6,1,34,6,1598,1,12,9,1,9
2016521603007,2,9,0,7,0,6,0,0,0,0,3,1,6,2,78,11,1968,2,2,9,3,9
2016521603010,1,9,0,2,0,1,0,0,0,0,3,1,6,1,46,8,1968,2,4,5,1,5
2016521603010,2,9,0,18,0,1,0,4,0,0,1,1,6,3,28,6,-1,-1,-1,-1,-1,-1
2016521603011,1,9,0,18,5,8,0,0,0,0,1,1,6,3,26,6,1598,1,1,2,1,2
2016521603011,2,1,0,18,5,8,0,0,0,0,3,1,6,1,28,6,-1,-1,-1,5,1,5
2016521603012,1,1,0,18,0,2,0,0,0,0,1,1,6,1,21,5,-1,-1,-1,4,1,4
2016521603012,2,9,0,5,0,6,0,0,0,0,3,1,6,2,64,9,1299,1,16,2,1,2
2016521603015,1,9,0,9,0,8,0,0,0,0,1,1,6,1,24,5,1840,1,18,6,1,6
2016521603015,2,8,0,18,0,8,0,0,0,0,1,1,6,1,41,7,1997,2,8,1,1,1
2016521603018,1,9,0,14,0,0,0,0,0,0,4,1,6,2,51,8,1461,2,1,4,1,4
2016521603019,1,1,0,18,0,8,0,0,0,0,4,1,2,1,59,9,-1,-1,-1,4,1,4
2016521603019,2,8,0,7,0,4,0,0,0,0,1,1,1,3,55,8,2143,2,2,-1,-1,-1
2016521603021,1,9,0,18,0,1,0,0,0,0,1,1,6,1,20,4,1248,2,12,8,1,8
2016521603021,2,9,0,18,0,2,0,0,0,0,1,1,6,2,19,4,998,1,6,2,1,2
2016521603025,1,1,0,18,0,8,0,0,0,0,1,1,6,1,33,6,-1,-1,-1,8,1,8
2016521603025,2,9,0,5,0,2,0,0,0,0,4,1,6,1,30,6,1984,1,1,-1,-1,-1
2016521603033,1,9,0,18,0,1,0,0,0,0,2,1,6,1,59,9,1956,2,6,6,1,6
2016521603033,2,1,0,18,0,1,0,0,0,0,1,1,6,2,63,9,-1,-1,-1,9,1,9
2016521603034,1,9,0,18,9,0,1,0,1,3,1,1,6,1,55,8,2198,1,16,6,3,6
2016521603036,1,9,0,9,0,6,0,0,0,0,3,1,1,1,25,5,-1,-1,-1,10,1,10
2016521603036,2,3,0,18,0,1,0,0,0,0,1,1,6,1,31,6,125,1,2,4,1,4
2016521603047,1,9,0,5,0,8,0,0,0,0,1,1,6,2,34,6,1598,1,16,9,2,9
2016521603047,2,9,0,17,0,1,0,0,0,0,1,1,6,1,22,5,1299,1,8,7,3,7
2016521603050,1,9,0,5,0,6,0,0,0,0,1,1,6,2,23,5,998,1,4,9,1,9
2016521603050,2,9,0,5,0,6,0,0,0,0,1,1,6,3,35,6,1390,1,14,-1,-1,-1
2016521603051,1,1,0,18,0,1,0,0,0,0,1,1,6,1,19,4,-1,-1,-1,5,1,5
2016521603051,2,9,0,18,0,1,0,0,0,0,2,1,6,2,20,4,1198,1,8,10,1,10
2016521603052,1,9,0,2,0,0,0,0,0,0,0,1,6,2,31,6,1900,2,9,2,1,2
2016521603052,2,1,0,18,0,0,0,0,0,0,1,1,6,2,61,9,-1,-1,-1,7,1,7
2016521603055,1,9,0,18,0,8,0,0,0,0,1,1,2,2,56,9,1956,2,1,5,1,5
2016521603055,2,1,0,9,0,6,0,0,0,0,1,1,6,1,30,6,-1,-1,-1,3,1,3
2016521603056,1,9,0,18,0,4,0,0,0,0,1,1,6,2,72,10,1248,1,2,6,3,6
2016521603056,2,2,0,18,0,8,0,0,0,0,1,1,6,1,16,4,50,1,1,2,1,2
2016521603078,1,9,0,9,0,6,0,0,0,0,1,1,6,2,61,9,1973,1,14,4,1,4
2016521603078,2,9,0,17,0,8,0,0,0,0,1,1,6,2,53,8,1582,2,6,9,1,9
2016521603085,1,9,0,18,0,2,0,0,0,0,3,1,6,2,26,6,1388,1,13,2,1,2
2016521603085,2,1,0,5,0,6,0,0,0,0,1,1,6,1,46,8,-1,-1,-1,10,1,10
2016521603091,1,9,0,18,0,1,0,0,0,0,1,1,6,2,64,9,1997,2,7,4,1,4
2016521603091,2,19,0,9,0,8,0,0,0,0,1,1,1,1,30,6,2143,2,4,4,1,4
2016521603093,1,9,0,13,0,0,0,0,0,0,4,1,6,1,24,5,1560,2,6,9,3,9
2016521603093,2,9,0,18,0,0,1,0,0,0,3,1,6,1,55,8,1968,2,3,10,2,10
2016521603093,3,9,0,18,0,0,0,0,1,10,3,1,6,1,61,9,-1,-1,-1,10,2,10
2016521603094,1,9,0,10,0,1,0,0,0,0,1,1,6,1,26,6,1390,1,10,6,1,6
2016521603095,1,5,0,18,0,1,1,0,0,0,1,1,6,1,44,7,-1,-1,-1,10,3,10
2016521603095,2,9,0,18,0,2,0,0,0,0,1,1,6,2,24,5,1399,2,4,1,1,1
2016521603100,1,9,0,7,0,5,0,0,0,0,1,1,6,3,30,6,-1,-1,-1,-1,-1,-1
2016521603102,1,1,0,18,0,1,0,0,0,0,1,1,6,1,45,7,-1,-1,-1,10,1,10
2016521603102,2,9,0,7,0,8,0,0,0,0,2,1,6,2,51,8,1461,2,6,7,3,7
2016521603103,1,11,0,18,0,0,0,0,0,0,4,1,1,1,66,10,-1,-1,-1,9,1,9
2016521603103,2,1,0,18,0,0,0,0,0,0,3,1,6,1,48,8,-1,-1,-1,3,1,3