Accident_Index,Vehicle_Reference,Vehicle_Type,Towing_and_Articulation,Vehicle_Manoeuvre,Vehicle_Location-Restricted_Lane,Junction_Location,Skidding_and_Overturning,Hit_Object_in_Carriageway,Vehicle_Leaving_Carriageway,Hit_Object_off_Carriageway,1st_Point_of_Impact,Was_Vehicle_Left_Hand_Drive?,Journey_Purpose_of_Driver,Sex_of_Driver,Age_of_Driver,Age_Band_of_Driver,Engine_Capacity_(CC),Propulsion_Code,Age_of_Vehicle,Driver_IMD_Decile,Driver_Home_Area_Type,Vehicle_IMD_Decile
2016521603104,1,5,0,18,0,8,0,0,7,0,1,1,6,1,53,8,1050,1,6,10,1,10
2016521603104,2,9,0,9,0,6,0,0,0,0,1,1,6,1,25,5,-1,-1,-1,10,1,10
2016521603105,1,9,0,9,0,8,0,0,0,0,1,1,6,2,34,6,1997,2,13,5,1,5
2016521603105,2,9,0,18,0,1,0,0,0,0,1,1,6,2,32,6,1984,1,14,1,1,1
2016521603108,1,9,0,3,0,1,0,0,0,0,2,1,6,2,24,5,1598,1,9,7,2,7
2016521603108,2,9,0,18,0,1,0,0,0,0,1,1,6,1,21,5,1242,1,10,3,1,3
2016521603119,1,9,0,18,0,1,0,0,0,0,1,1,6,2,47,8,1242,1,7,-1,1,-1
2016521603119,2,9,0,4,0,1,0,0,0,0,2,1,6,2,20,4,998,1,8,-1,1,-1
2016521603120,1,9,0,18,0,1,0,0,0,0,1,1,6,3,39,7,-1,-1,-1,-1,-1,-1
2016521603126,1,9,0,11,0,1,0,0,0,0,0,1,6,2,20,4,998,1,5,10,1,10
2016521603126,2,1,0,18,0,1,0,0,0,0,0,1,6,1,24,5,-1,-1,-1,2,1,2
2016521603137,1,9,0,10,0,8,0,0,0,0,2,1,1,1,42,7,-1,-1,-1,8,1,8
2016521603137,2,19,0,18,0,1,0,0,0,0,1,1,1,1,48,8,-1,-1,-1,8,1,8
2016521603138,1,19,0,18,0,0,0,0,0,0,2,1,6,1,28,6,1753,2,4,4,1,4
2016521603138,2,9,0,18,0,0,0,0,0,0,1,1,6,1,29,6,1248,2,1,6,1,6
2016521603138,3,9,0,18,0,0,0,0,0,0,2,1,6,2,51,8,1339,1,8,9,2,9
2016521603141,1,9,0,18,0,0,0,0,1,0,1,1,6,2,52,8,1753,2,14,8,2,8
2016521603141,2,9,0,18,0,0,0,0,0,0,1,1,6,1,58,9,-1,-1,-1,7,3,7
2016521603148,1,4,0,13,0,0,0,0,0,0,1,1,6,1,24,5,249,1,7,6,1,6
2016521603148,2,1,0,18,0,0,0,0,0,0,2,1,6,1,40,7,-1,-1,-1,-1,-1,-1
2016521603157,1,9,0,4,0,1,0,0,0,0,1,1,6,2,27,6,1388,1,13,2,1,2
2016521603158,1,9,0,18,0,0,0,0,0,0,1,1,6,3,33,6,-1,-1,-1,-1,-1,-1
2016521603160,1,9,0,18,0,0,0,0,5,6,1,1,6,1,31,6,1781,1,12,3,1,3
2016521603168,1,9,0,17,0,0,0,0,1,10,1,1,6,2,21,5,1200,1,4,8,1,8
2016521603172,1,1,0,13,0,0,0,0,0,0,3,1,6,1,42,7,-1,-1,-1,5,1,5
2016521603172,2,9,3,18,0,0,0,0,0,0,4,1,6,1,65,9,-1,-1,-1,9,1,9
2016521603178,1,9,0,9,0,6,0,0,0,0,3,1,6,1,35,6,1397,1,7,3,1,3
2016521603178,2,4,0,18,0,8,0,0,0,0,1,1,6,3,48,8,-1,-1,-1,-1,-1,-1
2016521603191,1,9,0,3,0,1,0,0,0,0,2,1,6,1,37,7,1560,2,4,5,1,5
2016521603191,2,9,0,18,0,1,0,0,0,0,1,1,6,2,46,8,1332,1,12,6,1,6
2016521603200,1,9,0,3,0,1,0,0,0,0,2,1,6,2,27,6,1206,1,6,1,1,1
2016521603200,2,9,0,18,0,1,0,0,0,0,1,1,6,3,-1,-1,2198,1,12,-1,-1,-1
2016521603204,1,1,0,18,0,1,0,0,1,10,4,1,6,2,25,5,-1,-1,-1,7,1,7
2016521603215,1,9,0,18,0,8,0,0,0,0,1,1,6,1,-1,-1,-1,-1,-1,-1,-1,-1
2016521603222,1,9,0,13,0,1,0,0,0,0,3,1,6,1,48,8,1997,2,8,4,1,4
2016521603222,2,5,0,9,0,8,0,0,0,0,1,1,6,1,51,8,2000,1,11,3,1,3
2016521603227,1,9,0,18,0,1,0,0,0,0,4,1,6,2,30,6,-1,-1,-1,-1,-1,-1
2016521603229,1,19,0,18,0,1,0,0,0,0,0,1,1,1,40,7,-1,-1,-1,7,1,7
2016521603250,1,2,0,3,0,1,0,0,0,0,1,1,2,2,25,5,49,1,7,6,1,6
2016521603250,2,90,0,1,0,1,0,0,0,0,2,1,6,3,-1,-1,-1,-1,-1,-1,-1,-1
2016521603262,1,11,0,18,0,0,0,0,0,0,1,1,1,1,47,8,11600,2,15,4,1,4
2016521603262,2,19,0,4,0,0,0,0,0,0,2,1,1,1,45,7,1997,2,2,-1,1,-1
2016521603265,1,9,0,5,0,8,0,0,0,0,4,1,6,2,27,6,1560,2,2,1,1,1
2016521603267,1,9,0,3,0,0,0,0,0,0,4,1,1,2,59,9,1598,1,10,1,1,1
2016521603267,2,19,0,3,0,0,0,0,0,0,0,1,1,1,30,6,1896,2,12,-1,-1,-1
2016521603267,3,2,0,5,0,0,0,0,0,0,3,1,6,1,20,4,-1,-1,-1,-1,-1,-1
2016521603268,1,9,0,18,0,8,0,0,0,0,1,1,6,1,34,6,1753,2,13,2,1,2
2016521603268,2,9,0,9,0,6,0,0,0,0,3,1,6,1,36,7,1341,1,13,1,1,1
2016521603276,1,1,0,18,0,8,0,0,0,0,3,1,6,2,34,6,-1,-1,-1,8,1,8
2016521603276,2,9,0,7,0,5,0,0,0,0,3,1,2,2,24,5,1600,1,13,-1,-1,-1
2016521603281,1,9,0,5,0,0,0,0,1,10,4,1,6,1,55,8,1597,1,-1,8,3,8
2016521603298,1,19,0,18,0,0,0,0,0,0,0,1,1,1,48,8,2402,2,8,1,1,1
2016521603298,2,5,0,13,0,0,1,0,0,0,0,1,6,1,50,8,893,1,23,7,1,7
2016521603299,1,9,0,18,0,0,0,0,0,0,1,1,6,2,44,7,1298,1,11,8,1,8
2016521603300,1,9,0,18,0,0,0,0,0,0,1,1,6,1,48,8,-1,-1,-1,8,2,8
2016521603300,2,9,0,18,0,0,0,0,0,0,1,1,6,1,35,6,-1,-1,-1,8,3,8
2016521603319,1,9,0,18,0,1,0,0,0,0,0,1,6,2,25,5,-1,-1,-1,-1,-1,-1
2016521603351,1,4,0,18,0,8,0,0,0,0,1,1,6,1,27,6,124,1,2,5,1,5
2016521603351,2,9,0,9,0,5,0,0,0,0,3,1,6,2,30,6,1390,1,6,4,1,4
2016521603365,1,9,0,16,0,0,0,0,0,0,1,1,6,2,33,6,2967,2,11,10,1,10
2016521603365,2,9,0,17,0,0,0,0,0,0,1,1,6,3,-1,-1,1796,1,17,-1,-1,-1
2016521603368,1,9,0,9,0,5,0,0,0,0,4,1,6,1,33,6,1493,2,5,-1,-1,-1
2016521603368,2,1,0,18,0,1,0,0,0,0,1,1,6,2,40,7,-1,-1,-1,-1,-1,-1
2016521603376,1,9,0,10,0,5,0,0,0,0,2,1,6,2,26,6,1596,1,11,3,1,3
2016521603376,2,9,0,18,0,1,0,0,0,0,1,1,6,3,-1,-1,-1,-1,-1,-1,-1,-1
2016521603387,1,19,0,9,0,8,0,0,0,0,1,1,6,1,31,6,1996,2,3,-1,1,-1
2016521603387,2,9,0,18,0,8,0,0,0,0,1,1,6,2,58,9,995,1,12,8,1,8
2016521603394,1,9,0,18,0,0,0,0,0,0,2,1,6,1,53,8,2967,1,13,3,1,3
2016521603394,2,9,0,18,0,0,0,0,0,0,2,1,6,2,24,5,1598,1,-1,6,1,6
2016521603394,3,9,0,18,0,0,0,0,0,0,2,1,6,1,22,5,1968,2,8,5,1,5
2016521603394,4,9,0,18,0,0,0,0,0,0,1,1,6,1,30,6,-1,-1,-1,4,1,4
2016521603402,1,9,0,16,0,1,0,0,0,0,1,1,6,1,19,4,1198,1,8,6,3,6
2016521603402,2,9,0,17,0,2,0,0,0,0,1,1,6,1,43,7,1997,1,1,7,1,7
2016521603422,1,9,0,18,0,0,0,0,7,10,1,1,6,1,46,8,6208,1,4,7,3,7
2016521603426,1,11,0,12,0,3,0,0,0,0,2,1,6,1,33,6,7300,2,11,1,1,1
2016521603426,2,19,0,18,0,3,0,2,0,0,1,1,6,1,47,8,-1,-1,-1,4,1,4
2016521603426,3,9,0,4,0,3,0,2,0,0,2,1,6,1,52,8,1997,2,14,6,1,6
2016521603447,1,9,0,18,0,1,0,0,0,0,0,1,6,1,20,4,1997,2,5,1,1,1
2016521603447,2,9,0,7,0,1,5,0,0,0,1,1,6,1,23,5,1985,1,16,1,1,1
2016521603447,3,9,0,2,0,2,0,0,0,0,2,1,6,3,-1,-1,-1,-1,-1,-1,-1,-1
2016521603450,1,9,0,18,0,0,0,0,0,0,1,1,6,1,46,8,998,1,16,8,1,8
2016521603450,2,9,0,3,0,0,0,0,0,0,2,1,6,1,48,8,-1,-1,-1,4,3,4
2016521603453,1,9,0,18,9,1,0,0,0,0,4,1,6,1,34,6,2198,1,15,1,1,1
2016521603453,2,9,0,18,0,1,0,0,0,0,4,1,6,1,64,9,-1,-1,-1,7,1,7
2016521603456,1,9,0,5,0,8,0,0,0,0,2,1,6,2,54,8,1389,1,15,7,1,7
2016521603456,2,9,0,3,0,1,0,0,0,0,2,1,6,2,42,7,1199,1,15,4,1,4
2016521603456,3,9,0,3,0,1,0,0,0,0,2,1,6,1,37,7,1598,1,12,2,1,2
2016521603456,4,9,0,18,0,1,0,0,0,0,1,1,6,1,51,8,1395,1,-1,5,1,5
2016521603462,1,9,0,2,0,8,0,0,0,0,3,1,6,1,52,8,1197,1,1,7,2,7
2016521603462,2,9,0,18,0,8,0,0,0,0,1,1,6,2,18,4,1388,1,10,6,1,6
2016521603477,1,9,0,9,0,1,0,0,0,0,1,1,6,1,70,10,3206,1,21,1,1,1
2016521603477,2,1,0,18,0,1,0,0,0,0,1,1,6,1,24,5,-1,-1,-1,6,1,6
2016521603490,1,9,0,9,0,6,0,0,0,0,3,1,6,1,66,10,2143,2,3,6,1,6
2016521603490,2,3,0,18,0,8,0,0,0,0,1,1,6,1,17,4,124,1,25,5,1,5
2016521603492,1,19,0,6,0,0,0,0,0,0,4,1,6,1,50,8,2198,2,2,9,1,9
2016521603492,2,5,0,18,0,0,0,0,0,0,3,1,6,1,57,9,645,1,7,3,1,3
2016521603494,1,9,0,13,0,0,0,0,0,0,4,1,6,1,23,5,1229,1,8,2,1,2
2016521603494,2,1,0,13,0,0,0,0,0,0,3,1,6,1,31,6,-1,-1,-1,10,1,10
2016521603494,3,16,0,18,0,0,0,0,0,0,0,1,1,2,-1,-1,-1,-1,-1,-1,-1,-1
2016521603496,1,9,0,17,0,0,0,0,0,0,1,1,6,1,21,5,1299,1,15,9,1,9
2016521603496,2,9,0,16,0,0,0,0,0,0,1,1,6,1,51,8,1798,1,7,4,1,4
2016521603526,1,9,0,9,0,6,0,0,0,0,3,1,6,1,71,10,1997,2,3,6,3,6
2016521603526,2,9,0,18,0,8,0,0,0,0,1,1,6,2,26,6,1560,2,3,8,2,8
2016521603532,1,9,0,18,0,8,0,0,0,0,4,1,6,2,45,7,1461,2,1,3,1,3
2016521603532,2,9,0,12,0,5,0,0,0,0,3,1,6,1,-1,-1,-1,-1,-1,-1,-1,-1
2016521603538,1,9,0,18,0,0,0,0,0,0,4,1,6,2,43,7,1968,2,9,7,1,7
2016521603542,1,9,0,18,0,8,0,0,0,0,1,1,6,2,26,6,1149,1,11,8,1,8
2016521603542,2,9,0,18,0,8,0,0,0,0,4,1,6,1,21,5,1999,1,7,1,1,1
2016521603544,1,11,0,5,0,0,0,0,0,0,1,1,1,3,30,6,-1,-1,-1,-1,-1,-1
2016521603551,1,9,0,4,0,0,0,0,0,0,1,1,6,2,87,11,1299,1,11,10,1,10
2016521603557,1,1,0,18,0,8,0,0,0,0,1,1,6,2,20,4,-1,-1,-1,1,1,1
2016521603557,2,11,0,18,0,8,0,0,0,0,1,1,6,1,63,9,4461,2,3,4,2,4
2016521603561,1,9,0,18,0,2,0,0,0,0,1,1,6,3,30,6,-1,-1,-1,-1,-1,-1
2016521603568,1,11,0,18,0,0,0,0,0,0,0,1,1,1,40,7,9360,2,8,-1,-1,-1
2016521603572,1,9,0,18,0,8,0,0,2,10,4,1,6,1,20,4,1242,1,12,6,1,6
2016521603572,2,9,0,18,0,1,0,0,0,0,0,1,6,2,-1,-1,1753,2,7,-1,-1,-1
2016521603575,1,2,0,18,0,8,0,0,0,0,1,1,6,1,23,5,49,1,1,2,1,2
2016521603575,2,9,0,7,0,5,0,0,0,0,2,1,6,3,-1,-1,1242,1,14,-1,-1,-1
2016521603579,1,9,0,5,0,8,0,0,0,0,2,1,6,1,19,4,-1,-1,-1,9,1,9
2016521603579,2,9,0,18,0,8,0,0,0,0,1,1,6,2,29,6,998,1,16,1,1,1
2016521603581,1,9,0,1,6,0,0,0,0,0,2,1,1,1,37,7,-1,-1,-1,9,2,9
2016521603583,1,9,0,18,0,8,0,0,0,0,3,1,6,1,35,6,2157,1,19,1,1,1
2016521603583,2,9,0,5,0,6,0,0,0,0,1,1,6,1,41,7,1560,2,6,5,1,5
2016521603586,1,9,0,7,0,8,0,0,0,0,4,1,6,1,49,8,1364,1,-1,8,1,8
2016521603586,2,9,0,2,0,2,0,0,0,0,3,1,6,3,-1,-1,1796,1,12,-1,-1,-1
2016521603596,1,19,0,5,0,2,0,0,0,0,4,1,1,1,41,7,2299,2,1,7,1,7
2016521603604,1,19,0,2,0,0,0,0,0,0,4,1,6,1,48,8,2402,2,14,1,1,1
2016521603604,2,9,0,6,0,0,0,0,0,0,1,1,6,1,31,6,1896,2,15,4,1,4
2016521603609,1,1,0,18,0,0,0,0,0,0,1,1,6,1,21,5,-1,-1,-1,9,1,9
2016521603609,2,9,0,2,0,0,0,0,0,0,3,1,6,1,55,8,2231,2,7,-1,2,-1
2016521603610,1,9,0,18,0,8,0,0,0,0,4,1,6,1,22,5,1242,1,9,1,1,1
2016521603610,2,9,0,2,0,1,0,0,0,0,3,1,6,3,-1,-1,2997,1,9,-1,-1,-1
2016521603610,3,9,0,2,0,1,0,0,0,0,3,1,6,3,-1,-1,1360,1,9,-1,-1,-1
2016521603610,4,9,0,5,0,8,0,0,0,0,1,1,6,3,-1,-1,-1,-1,-1,-1,-1,-1
2016521603625,1,9,0,18,0,0,0,0,0,0,1,1,6,1,66,10,1685,2,-1,6,1,6
2016521603632,1,9,0,18,0,0,0,0,0,0,3,1,6,1,30,6,1598,1,15,9,1,9
2016521603632,2,11,0,18,0,0,0,0,0,0,1,1,6,1,28,6,7300,2,5,1,1,1
2016521603636,1,9,0,10,0,8,0,0,0,0,2,1,6,1,28,6,2204,2,9,6,1,6
2016521603636,2,9,0,18,0,1,0,0,0,0,1,1,6,2,34,6,1796,1,15,7,1,7
2016521603640,1,9,0,18,0,8,0,0,0,0,1,1,6,1,69,10,1896,2,8,8,2,8
2016521603640,2,1,0,16,0,8,0,0,0,0,1,1,6,2,18,4,-1,-1,-1,8,1,8
2016521603645,1,9,0,9,0,8,0,0,0,0,1,1,6,1,30,6,1390,1,4,8,1,8
2016521603645,2,9,0,18,0,1,0,0,0,0,1,1,6,1,22,5,1364,1,10,10,1,10
2016521603651,1,9,0,18,0,1,0,0,0,0,4,1,6,1,40,7,1598,2,4,7,1,7
2016521603651,2,1,0,18,0,8,0,0,0,0,2,1,6,1,57,9,-1,-1,-1,-1,-1,-1
2016521603657,1,9,0,16,0,1,0,0,0,0,3,1,6,3,30,6,-1,-1,-1,-1,-1,-1
2016521603660,1,9,0,4,0,1,0,0,0,0,2,1,6,1,-1,-1,1560,2,2,-1,1,-1
2016521603660,2,9,0,18,0,1,0,0,0,0,1,1,6,2,35,6,1497,1,11,5,1,5
2016521603688,1,9,0,4,0,2,0,0,0,0,2,1,6,2,22,5,1995,2,6,8,3,8
2016521603688,2,9,0,4,0,2,0,0,0,0,1,1,6,1,50,8,2993,2,6,5,1,5
2016521603691,1,3,0,18,0,4,1,0,0,0,2,1,6,1,42,7,124,1,6,9,2,9
2016521603691,2,5,0,18,0,4,1,0,0,0,1,1,6,1,47,8,636,1,2,5,1,5
2016521603698,1,9,0,18,0,4,0,0,0,0,1,1,6,1,69,10,1242,1,7,3,1,3
2016521603698,2,11,0,9,0,8,0,0,0,0,1,1,6,1,63,9,9600,2,22,3,1,3
2016521603699,1,9,0,5,0,0,0,0,0,0,1,1,1,1,18,4,1995,2,2,-1,3,-1
2016521603699,2,9,0,3,0,0,0,0,0,0,2,1,6,1,37,7,1198,1,8,3,1,3
2016521603699,3,9,0,3,0,0,0,0,0,0,2,1,6,2,39,7,1086,1,7,8,3,8
2016521603703,1,90,1,11,0,0,0,0,0,0,1,1,1,1,50,8,-1,-1,-1,8,3,8
2016521603703,2,9,0,18,0,0,0,0,0,0,3,1,6,2,31,6,1242,1,7,5,2,5
2016521603706,1,1,0,18,0,8,0,0,0,0,1,1,6,1,49,8,-1,-1,-1,7,2,7
2016521603706,2,9,0,9,0,5,0,0,0,0,1,1,6,2,40,7,1497,8,3,3,1,3
2016521603710,1,9,0,9,0,5,0,0,0,0,1,1,6,1,60,9,1598,2,3,3,1,3
2016521603714,1,90,0,9,0,8,0,0,0,0,3,1,1,1,32,6,-1,-1,-1,9,1,9
2016521603714,2,3,0,13,0,8,0,0,0,0,1,1,6,1,22,5,125,1,1,4,1,4
2016521603720,1,9,0,18,0,1,0,0,0,0,1,1,6,2,26,6,1995,2,8,5,1,5
2016521603721,1,9,0,18,0,1,0,0,0,0,1,1,6,1,20,4,1149,1,9,7,1,7
2016521603721,2,9,0,9,0,6,0,0,0,0,1,1,1,1,63,9,1968,2,-1,6,3,6
2016521603723,1,9,0,18,0,0,0,0,0,0,4,1,6,3,-1,-1,-1,-1,-1,-1,-1,-1
2016521603723,2,1,0,18,0,0,0,0,0,0,3,1,6,2,42,7,-1,-1,-1,1,1,1
2016521603724,1,9,0,16,0,0,1,0,7,0,1,1,6,2,25,5,998,1,18,2,1,2
2016521603724,2,9,0,17,0,0,0,0,0,0,1,1,6,1,24,5,1229,1,6,8,3,8
2016521603725,1,9,0,3,0,0,0,0,0,0,2,1,6,1,33,6,1995,2,8,6,1,6
2016521603725,2,9,0,3,0,0,0,0,0,0,2,1,6,2,37,7,1997,1,1,7,1,7
2016521603725,3,9,0,4,0,0,0,0,0,0,1,1,6,1,36,7,1956,2,7,7,1,7
2016521603731,1,90,0,14,0,0,5,4,0,0,4,1,1,1,40,7,-1,-1,-1,9,1,9
2016521603731,2,9,0,2,0,0,0,0,0,0,3,1,6,3,-1,-1,1149,1,15,-1,-1,-1
2016521603731,3,9,0,2,0,0,0,0,0,0,2,1,6,3,-1,-1,-1,-1,-1,-1,-1,-1
2016521603732,1,1,0,15,0,0,0,8,0,0,4,1,2,1,57,9,-1,-1,-1,7,1,7
2016521603732,2,19,0,2,0,0,0,0,0,0,3,1,1,1,40,7,-1,-1,-1,9,3,9
2016521603750,1,9,0,18,0,0,0,0,0,0,2,1,1,1,50,8,1598,2,2,4,3,4
2016521603750,2,8,0,18,0,0,0,0,0,0,2,1,6,2,44,7,1596,1,14,5,3,5
2016521603750,3,9,0,18,0,0,0,0,0,0,1,1,6,2,68,10,1598,1,11,5,2,5
2016521603769,1,9,0,7,4,8,0,0,0,0,4,1,6,1,36,7,-1,-1,-1,1,1,1
2016521603769,2,1,0,18,4,8,0,0,0,0,1,1,6,1,29,6,-1,-1,-1,6,1,6
2016521603772,1,9,0,18,0,0,0,0,0,0,1,1,2,2,37,7,1242,1,11,9,1,9
2016521603775,1,1,0,18,0,1,0,0,0,0,1,1,6,1,41,7,-1,-1,-1,4,1,4
2016521603775,2,9,0,9,0,1,0,0,0,0,1,1,6,1,20,4,1397,1,15,1,1,1
2016521603778,1,9,0,7,0,0,0,0,0,0,1,1,1,2,41,7,1598,2,3,8,3,8
2016521603778,2,1,0,18,0,0,0,0,0,0,1,1,6,1,28,6,-1,-1,-1,6,1,6
2016521603779,1,9,0,18,0,2,0,0,0,0,4,1,6,1,59,9,1598,2,4,8,1,8
2016521603779,2,1,0,18,0,2,0,0,0,0,3,1,6,1,34,6,-1,-1,-1,3,1,3
2016521603780,1,9,0,18,0,8,0,0,0,0,3,1,6,1,39,7,1461,2,6,1,1,1
2016521603780,2,1,0,18,0,1,0,0,0,0,1,1,6,1,15,3,-1,-1,-1,5,1,5
2016521603785,1,9,0,18,0,0,0,0,0,0,1,1,6,1,72,10,2470,2,25,5,1,5
2016521603788,1,9,0,18,0,0,0,0,0,0,3,1,6,2,36,7,1368,1,7,3,1,3
2016521603788,2,9,0,18,0,0,0,0,0,0,3,1,6,1,50,8,2497,2,10,4,1,4
2016521603792,1,9,0,4,0,8,0,0,0,0,4,1,6,2,27,6,1396,1,7,8,1,8
2016521603792,2,1,0,18,0,8,0,8,0,0,1,1,6,1,49,8,-1,-1,-1,3,1,3
2016521603793,1,9,0,18,0,8,0,0,0,0,1,1,6,1,85,11,1198,1,2,9,1,9
2016521603793,2,9,0,18,0,8,0,0,0,0,1,1,6,2,78,11,998,1,7,7,1,7
2016521603794,1,9,0,3,0,0,0,0,0,0,2,1,6,1,60,9,1995,2,10,10,2,10
2016521603794,2,9,0,18,0,0,0,0,0,0,1,1,6,2,24,5,1229,1,8,8,3,8
2016521603795,1,9,0,18,0,8,0,0,0,0,1,1,6,1,32,6,1339,1,7,5,1,5
2016521603795,2,1,0,18,0,8,0,0,0,0,1,1,6,1,61,9,-1,-1,-1,7,1,7
2016521603797,1,9,0,18,0,0,0,0,0,0,1,1,6,2,25,5,-1,-1,-1,-1,1,-1
2016521603797,2,9,0,3,0,0,0,0,0,0,2,1,6,1,59,9,-1,-1,-1,10,1,10
2016521603797,3,9,0,3,0,0,0,0,0,0,2,1,6,2,48,8,1560,2,11,6,1,6
2016521603802,1,9,0,7,0,2,0,0,0,0,1,1,6,3,25,5,-1,-1,-1,-1,-1,-1
2016521603802,2,1,0,18,0,1,0,0,0,0,1,1,6,1,14,3,-1,-1,-1,3,1,3
2016521603803,1,9,0,18,0,4,0,0,0,0,1,1,6,1,42,7,1461,2,-1,4,1,4
2016521603803,2,9,0,18,0,8,0,0,0,0,1,1,6,2,49,8,1598,1,11,10,1,10
2016521603806,1,9,0,3,0,0,0,0,0,0,3,1,6,1,30,6,1910,2,12,4,1,4
2016521603806,2,1,0,18,0,0,0,8,0,0,1,1,6,1,50,8,-1,-1,-1,1,1,1
2016521603808,1,9,0,18,0,8,0,0,0,0,1,1,6,1,51,8,1997,2,3,9,1,9
2016521603814,1,1,0,18,0,8,0,0,0,0,2,1,4,1,15,3,-1,-1,-1,5,1,5
2016521603814,2,90,0,18,0,8,0,0,0,0,1,1,6,3,-1,-1,-1,-1,-1,-1,-1,-1
2016521603826,1,9,0,18,0,0,0,0,0,0,1,1,6,2,36,7,1968,2,11,3,1,3
2016521603833,1,9,0,18,0,0,0,0,0,0,1,1,6,2,18,4,1598,2,6,5,1,5
2016521603838,1,9,0,18,0,8,0,0,0,0,3,1,6,1,-1,-1,-1,-1,-1,-1,-1,-1
2016521603839,1,1,0,18,0,8,0,0,0,0,1,1,6,1,42,7,-1,-1,-1,9,2,9
2016521603839,2,9,0,9,0,5,0,0,0,0,4,1,6,1,51,8,1781,1,15,7,1,7
2016521603840,1,9,0,18,0,0,0,10,7,10,3,1,6,2,57,9,-1,-1,-1,7,1,7
2016521603842,1,9,0,4,0,1,0,0,0,0,2,1,6,2,28,6,998,1,6,-1,-1,-1
2016521603842,2,9,0,18,0,1,0,0,0,0,1,1,6,3,30,6,-1,-1,-1,-1,-1,-1
2016521603843,1,9,0,18,0,8,0,0,1,0,4,1,6,2,46,8,1598,1,15,8,1,8
2016521603843,2,9,0,9,0,8,0,0,0,0,1,1,6,1,40,7,1998,1,2,7,3,7
2016521603847,1,9,0,13,0,0,0,0,0,0,4,1,6,2,89,11,1997,1,5,-1,-1,-1
2016521603847,2,1,0,18,0,0,0,0,0,0,3,1,6,1,60,9,-1,-1,-1,3,1,3
2016521603849,1,9,0,18,0,8,0,0,0,0,1,1,6,2,18,4,1242,1,7,4,1,4
2016521603885,1,9,0,4,0,0,0,0,0,0,2,1,6,1,24,5,1596,1,9,3,1,3
2016521603885,2,9,0,18,0,0,0,0,0,0,1,1,6,1,-1,-1,1596,1,9,-1,-1,-1
2016521603896,1,9,0,3,0,0,0,0,0,0,2,1,6,2,39,7,-1,-1,-1,6,1,6
2016521603896,2,9,0,18,0,0,0,0,0,0,1,1,6,1,37,7,1598,1,4,6,1,6
2016521603896,3,9,0,3,0,0,0,0,0,0,1,1,1,2,29,6,3199,1,17,8,1,8
2016521603897,1,9,0,18,0,1,0,0,0,0,1,1,6,1,61,9,1796,1,11,7,1,7
2016521603897,2,3,0,13,0,1,0,0,0,0,1,1,6,1,21,5,125,1,11,3,1,3
2016521603903,1,3,0,18,0,1,0,0,0,0,1,1,6,1,28,6,124,1,13,4,1,4
2016521603903,2,9,0,9,0,1,0,0,0,0,4,1,6,2,25,5,1242,1,1,4,1,4
2016521603910,1,9,0,18,0,0,0,0,0,0,4,1,6,2,44,7,1968,2,6,5,1,5
2016521603910,2,8,0,6,2,0,0,0,0,0,1,1,6,1,-1,-1,-1,-1,-1,-1,-1,-1
2016521603912,1,9,0,2,0,0,0,0,0,0,1,1,6,1,52,8,2993,2,3,8,1,8
2016521603912,2,9,0,1,0,0,0,0,0,0,2,1,6,3,-1,-1,-1,-1,-1,-1,-1,-1
2016521603914,1,9,0,3,0,0,0,0,0,0,2,1,6,2,43,7,1560,2,3,9,1,9
2016521603914,2,9,0,18,0,0,0,0,0,0,0,1,6,1,19,4,-1,-1,-1,10,1,10
2016521603915,1,9,0,18,0,0,0,0,0,0,1,1,6,1,34,6,1582,2,3,7,1,7
2016521603915,2,9,0,18,0,0,0,0,0,0,1,1,6,1,30,6,1796,1,16,-1,-1,-1
2016521603920,1,9,0,9,0,6,0,0,0,0,1,1,6,2,21,5,1299,1,15,2,1,2
2016521603920,2,9,0,18,0,8,0,0,0,0,1,1,6,2,52,8,1598,1,3,2,1,2
2016521603924,1,9,0,18,0,8,0,0,0,0,1,1,6,2,50,8,1986,2,9,7,3,7
2016521603928,1,9,0,18,0,8,0,0,0,0,4,1,6,2,46,8,1386,1,9,-1,-1,-1
2016521603928,2,9,0,9,0,6,0,0,0,0,1,1,1,1,73,10,-1,-1,-1,1,1,1
2016521603931,1,9,0,18,0,8,0,0,0,0,3,1,6,2,50,8,-1,-1,-1,6,1,6
2016521603931,2,9,0,18,0,8,0,0,0,0,1,1,6,1,79,11,1995,2,9,10,3,10
2016521603932,1,9,0,4,0,0,0,0,1,10,2,1,6,1,51,8,1364,2,8,10,1,10
2016521603932,2,9,0,18,0,0,0,0,0,0,1,1,6,1,19,4,1598,1,13,9,2,9
2016521603936,1,9,0,16,0,0,0,0,0,0,1,1,6,2,63,9,1242,1,2,10,3,10
2016521603936,2,9,0,3,0,0,0,0,0,0,2,1,6,2,46,8,1997,1,14,10,3,10
2016521603936,3,19,0,3,0,0,0,0,0,0,2,1,1,1,24,5,2148,2,8,8,1,8
2016521603937,1,9,0,5,0,4,0,0,0,0,4,1,6,1,62,9,2993,2,5,8,3,8
2016521603937,2,1,0,18,0,8,0,0,0,0,3,1,6,1,33,6,-1,-1,-1,9,1,9
2016521603959,1,1,0,5,0,8,0,0,0,0,3,1,6,1,41,7,-1,-1,-1,9,2,9
2016521603959,2,9,0,7,0,5,0,0,0,0,4,1,6,1,39,7,-1,-1,-1,4,1,4