Accident_Index,Vehicle_Reference,Vehicle_Type,Towing_and_Articulation,Vehicle_Manoeuvre,Vehicle_Location-Restricted_Lane,Junction_Location,Skidding_and_Overturning,Hit_Object_in_Carriageway,Vehicle_Leaving_Carriageway,Hit_Object_off_Carriageway,1st_Point_of_Impact,Was_Vehicle_Left_Hand_Drive?,Journey_Purpose_of_Driver,Sex_of_Driver,Age_of_Driver,Age_Band_of_Driver,Engine_Capacity_(CC),Propulsion_Code,Age_of_Vehicle,Driver_IMD_Decile,Driver_Home_Area_Type,Vehicle_IMD_Decile
2016521604577,1,4,0,18,0,8,0,0,0,0,0,1,6,1,36,7,398,1,12,1,1,1
2016521604577,2,9,0,18,0,8,0,0,0,0,1,1,6,2,47,8,1598,2,2,4,1,4
2016521604579,1,9,0,18,0,1,0,0,0,0,1,1,6,2,62,9,-1,-1,-1,6,2,6
2016521604579,2,9,0,7,0,8,0,0,0,0,1,1,6,1,24,5,1199,1,13,2,1,2
2016521604587,1,9,0,3,0,1,0,0,0,0,2,1,6,2,37,7,1598,1,13,3,1,3
2016521604587,2,9,0,3,0,1,0,0,0,0,2,1,6,1,29,6,1753,2,12,1,1,1
2016521604587,3,9,0,3,0,1,0,0,0,0,2,1,6,1,45,7,-1,-1,-1,10,1,10
2016521604587,4,9,0,18,0,1,0,0,0,0,1,1,6,2,18,4,1598,1,14,8,1,8
2016521604592,1,3,0,4,0,8,0,0,0,0,2,1,6,1,24,5,124,1,12,2,1,2
2016521604592,2,9,0,18,0,8,0,0,0,0,1,1,6,1,32,6,1598,1,17,5,1,5
2016521604602,1,1,0,18,0,1,0,0,0,0,4,1,2,1,43,7,-1,-1,-1,10,1,10
2016521604612,1,1,0,10,0,6,0,0,0,0,4,1,6,1,25,5,-1,-1,-1,9,1,9
2016521604612,2,9,0,18,0,5,0,0,0,0,1,1,6,2,20,4,1796,1,13,2,1,2
2016521604624,1,9,0,18,0,0,0,0,0,0,1,1,6,3,30,6,1686,2,14,-1,-1,-1
2016521604626,1,9,0,7,0,5,0,0,0,0,4,1,6,1,42,7,1397,1,6,5,1,5
2016521604626,2,3,0,15,0,8,0,0,0,0,1,1,6,1,16,4,49,1,12,5,1,5
2016521604627,1,9,0,18,0,8,0,0,0,0,1,1,6,2,51,8,1398,2,1,5,1,5
2016521604627,2,1,0,9,0,8,0,0,0,0,2,1,6,2,25,5,-1,-1,-1,7,1,7
2016521604628,1,9,0,9,0,8,0,0,0,0,4,1,6,1,52,8,1905,2,18,4,1,4
2016521604628,2,1,0,18,0,8,0,0,0,0,1,1,6,2,29,6,-1,-1,-1,3,1,3
2016521604642,1,8,0,5,0,0,0,0,0,0,1,1,6,3,-1,-1,-1,-1,-1,-1,-1,-1
2016521604652,1,9,0,18,0,8,0,0,0,0,1,1,6,1,19,4,1124,1,16,10,3,10
2016521604652,2,9,0,10,0,8,0,0,0,0,2,1,6,1,42,7,1999,1,13,3,1,3
2016521604653,1,11,0,18,0,0,0,0,0,0,3,1,6,1,48,8,9360,2,8,10,1,10
2016521604653,2,9,0,2,0,0,0,0,0,0,2,1,6,2,46,8,2656,1,10,-1,-1,-1
2016521604653,3,9,0,18,0,0,0,0,0,0,4,1,6,2,36,7,1910,2,10,6,1,6
2016521604655,1,9,0,18,0,0,0,0,0,0,1,1,6,2,66,10,2993,2,4,2,1,2
2016521604659,1,9,0,17,0,8,0,0,1,11,1,1,6,2,21,5,1598,1,11,8,3,8
2016521604680,1,9,0,18,4,0,0,0,0,0,4,1,6,1,33,6,-1,-1,-1,8,1,8
2016521604680,2,1,0,18,4,0,0,0,0,0,3,1,6,1,32,6,-1,-1,-1,10,1,10
2016521604683,1,19,0,9,0,5,0,0,0,0,1,1,6,1,36,7,2198,2,6,5,1,5
2016521604683,2,1,0,3,0,1,0,0,0,0,1,1,2,1,59,9,-1,-1,-1,4,1,4
2016521604691,1,9,0,18,0,0,0,0,0,0,1,1,6,3,30,6,-1,-1,-1,-1,-1,-1
2016521604691,2,1,0,18,1,0,0,0,0,0,1,1,6,2,11,3,-1,-1,-1,5,1,5
2016521604697,1,9,0,18,0,8,0,0,0,0,4,1,6,2,20,4,1086,1,6,9,2,9
2016521604697,2,9,0,2,0,1,0,0,0,0,2,1,6,3,-1,-1,1461,2,9,-1,-1,-1
2016521604700,1,9,0,12,0,0,0,0,0,0,4,1,6,2,25,5,1242,1,16,9,1,9
2016521604700,2,9,0,3,0,0,0,0,0,0,3,1,6,1,50,8,1242,1,6,8,1,8
2016521604700,3,9,0,3,0,0,0,0,0,0,2,1,6,1,48,8,1910,2,8,-1,-1,-1
2016521604715,1,1,0,18,0,3,0,0,0,0,1,1,6,1,28,6,-1,-1,-1,7,3,7
2016521604715,2,19,0,18,0,4,0,0,0,0,3,1,6,3,-1,-1,-1,-1,-1,-1,-1,-1
2016521604724,1,1,0,15,0,0,0,0,0,0,4,1,6,1,34,6,-1,-1,-1,8,1,8
2016521604724,2,10,0,18,0,0,0,0,0,0,3,1,6,1,35,6,-1,-1,-1,-1,-1,-1
2016521604728,1,11,0,4,0,0,0,0,1,0,4,1,1,1,58,9,9600,2,16,3,1,3
2016521604734,1,9,0,5,0,1,0,0,0,0,1,1,6,2,23,5,1398,1,3,8,1,8
2016521604738,1,9,0,18,0,8,0,0,0,0,4,1,1,2,31,6,1388,1,7,6,1,6
2016521604738,2,9,0,7,0,6,0,0,0,0,3,1,6,3,-1,-1,1000,1,-1,-1,-1,-1
2016521604741,1,5,0,16,0,2,1,0,0,0,1,1,6,1,24,5,649,1,1,7,3,7
2016521604748,1,9,0,18,0,1,0,0,0,0,4,1,6,2,40,7,-1,-1,-1,-1,-1,-1
2016521604755,1,9,0,18,0,1,0,9,0,0,3,1,6,1,24,5,1390,1,7,2,1,2
2016521604761,1,20,0,18,0,8,0,0,0,0,4,1,1,3,-1,-1,-1,-1,-1,-1,-1,-1
2016521604771,1,9,0,9,0,8,0,0,0,0,2,1,6,1,35,6,1997,2,15,1,1,1
2016521604771,2,1,0,18,0,1,0,0,0,0,1,1,6,1,25,5,-1,-1,-1,5,1,5
2016521604775,1,9,0,9,0,8,0,0,0,0,4,1,6,2,28,6,1360,1,13,4,1,4
2016521604775,2,5,0,18,0,1,0,0,0,0,1,1,6,1,50,8,899,1,18,4,1,4
2016521604778,1,9,0,18,0,8,0,0,0,0,4,1,6,3,43,7,998,1,16,2,1,2
2016521604778,2,4,0,18,0,1,0,0,0,0,1,1,6,1,20,4,124,1,-1,10,1,10
2016521604781,1,11,0,2,3,0,0,0,0,0,0,1,1,1,55,8,2402,2,7,2,1,2
2016521604786,1,8,0,18,0,3,0,0,0,0,0,1,6,1,35,6,1997,2,-1,4,1,4
2016521604786,2,9,0,16,0,3,0,0,0,0,0,1,6,3,50,8,-1,-1,-1,-1,-1,-1
2016521604787,1,9,0,4,0,0,0,0,0,0,2,1,6,2,36,7,1998,1,1,6,1,6
2016521604787,2,9,0,18,0,0,0,0,0,0,1,1,6,1,35,6,-1,-1,-1,-1,-1,-1
2016521604794,1,9,0,18,0,0,0,0,0,0,1,1,6,1,36,7,1968,2,1,6,1,6
2016521604794,2,9,0,2,0,0,0,0,0,0,4,1,6,3,30,6,1339,1,2,-1,-1,-1
2016521604799,1,11,0,18,3,0,0,0,0,0,3,1,6,1,21,5,7300,2,12,9,1,9
2016521604803,1,9,0,18,0,1,1,0,2,9,4,1,6,2,71,10,1498,1,11,10,1,10
2016521604803,2,9,0,17,0,1,0,0,8,9,1,1,6,1,18,4,1587,1,9,10,1,10
2016521604803,3,9,0,16,0,1,0,0,0,0,0,1,1,1,43,7,1560,2,5,8,1,8
2016521604807,1,1,0,13,0,8,0,0,0,0,1,1,6,1,22,5,-1,-1,-1,4,1,4
2016521604807,2,9,0,9,0,5,0,0,0,0,3,1,6,1,44,7,1197,1,2,10,2,10
2016521604820,1,9,0,18,0,0,0,0,0,0,1,1,6,2,24,5,1956,2,1,10,2,10
2016521604820,2,9,0,4,0,0,0,0,0,0,2,1,6,2,50,8,1390,1,14,7,3,7
2016521604820,3,9,0,4,0,0,0,0,0,0,1,1,6,2,69,10,1397,1,7,10,1,10
2016521604822,1,9,0,7,0,6,0,0,0,0,0,1,6,1,20,4,-1,-1,-1,8,1,8
2016521604822,2,9,0,8,0,6,0,0,0,0,3,1,6,1,17,4,1596,1,5,7,1,7
2016521604822,3,9,0,18,0,8,0,0,0,0,1,1,6,1,21,5,1587,1,12,7,2,7
2016521604825,1,9,0,7,2,2,0,0,0,0,4,1,6,1,36,7,1896,2,14,5,1,5
2016521604825,2,4,0,18,2,1,0,0,0,0,1,1,6,1,22,5,125,1,1,4,1,4
2016521604829,1,9,0,5,0,4,0,0,0,0,3,1,6,1,43,7,1968,2,2,3,1,3
2016521604829,2,1,0,18,0,8,0,0,0,0,1,1,6,2,26,6,-1,-1,-1,5,1,5
2016521604831,1,9,0,18,0,0,0,0,0,0,1,1,6,1,38,7,1870,2,14,7,1,7
2016521604831,2,9,0,18,0,0,0,0,0,0,2,1,6,2,37,7,899,1,2,2,1,2
2016521604838,1,9,0,18,0,0,0,0,0,0,1,1,6,1,79,11,1686,2,14,9,1,9
2016521604838,2,9,0,4,0,0,0,0,0,0,2,1,6,2,70,10,2148,2,8,10,1,10
2016521604841,1,9,0,18,0,0,0,0,0,0,1,1,6,1,63,9,1598,1,13,9,1,9
2016521604841,2,9,0,18,0,0,0,0,0,0,1,1,6,1,54,8,1686,2,13,7,3,7
2016521604852,1,9,0,18,0,8,0,0,0,0,1,1,6,2,71,10,1329,1,4,10,3,10
2016521604868,1,9,0,18,0,0,0,0,1,10,1,1,6,2,27,6,1796,1,12,3,1,3
2016521604869,1,9,0,4,0,0,0,0,0,0,2,1,6,2,38,7,998,1,4,4,1,4
2016521604869,2,9,0,18,0,0,0,0,0,0,1,1,6,2,19,4,998,1,16,6,1,6
2016521604870,1,9,0,10,0,6,0,0,0,0,2,1,2,1,45,7,1399,2,12,8,1,8
2016521604870,2,9,0,4,0,6,0,0,0,0,1,1,1,3,-1,-1,2200,1,15,-1,-1,-1
2016521604878,1,9,0,7,0,6,0,0,0,0,0,1,6,1,23,5,998,1,2,1,1,1
2016521604878,2,3,0,18,0,1,0,0,0,0,0,1,6,1,22,5,124,1,4,6,1,6
2016521604881,1,9,0,9,0,1,0,0,0,0,1,1,6,1,22,5,-1,-1,-1,8,1,8
2016521604881,2,1,0,18,0,1,0,0,0,0,4,1,6,2,24,5,-1,-1,-1,6,1,6
2016521604886,1,9,0,18,0,0,0,0,0,0,1,1,6,3,30,6,1781,1,24,-1,-1,-1
2016521604886,2,9,0,18,0,0,0,0,0,0,1,1,6,1,36,7,1299,1,12,6,3,6
2016521604887,1,1,0,16,0,8,0,0,0,0,1,1,6,1,50,8,-1,-1,-1,4,1,4
2016521604887,2,90,0,6,0,8,0,0,0,0,4,1,6,3,46,8,-1,-1,-1,-1,-1,-1
2016521604888,1,9,0,9,0,5,0,0,0,0,1,1,6,1,21,5,1468,1,13,9,1,9
2016521604888,2,1,0,18,0,8,0,0,0,0,1,1,6,1,17,4,-1,-1,-1,8,1,8
2016521604889,1,9,0,9,0,1,0,0,0,0,3,1,6,1,31,6,1998,8,1,7,1,7
2016521604889,2,3,0,18,0,8,0,0,0,0,2,1,6,1,35,6,125,1,1,6,1,6
2016521604892,1,9,0,9,0,2,0,0,0,0,1,1,6,2,46,8,1997,2,14,1,1,1
2016521604892,2,19,0,2,0,2,0,0,0,0,3,1,6,1,47,8,2179,2,14,-1,-1,-1
2016521604892,3,9,0,18,0,1,0,0,0,0,4,1,6,1,25,5,1560,2,11,-1,-1,-1
2016521604894,1,9,0,18,0,0,0,0,0,0,2,1,1,2,47,8,1242,1,2,10,1,10
2016521604894,2,9,0,18,0,0,0,0,0,0,1,1,6,2,30,6,1150,1,10,10,1,10
2016521604896,1,9,0,18,0,0,0,0,0,0,1,1,6,2,28,6,1997,2,15,1,1,1
2016521604896,2,9,0,3,0,0,0,0,0,0,2,1,6,2,20,4,1197,1,-1,8,2,8
2016521604897,1,5,0,18,0,0,0,0,0,0,4,1,6,1,28,6,998,1,5,9,1,9
2016521604897,2,19,0,5,0,0,0,0,0,0,3,1,2,1,44,7,2198,2,7,2,1,2
2016521604898,1,19,0,18,0,0,0,0,0,0,1,1,1,1,40,7,2198,2,-1,4,1,4
2016521604898,2,9,0,18,0,0,0,0,0,0,2,1,6,2,24,5,1587,1,14,3,1,3
2016521604900,1,1,0,18,0,1,0,0,0,0,2,1,6,1,28,6,-1,-1,-1,5,1,5
2016521604900,2,90,0,18,0,1,0,0,0,0,1,1,1,2,39,7,-1,-1,-1,8,3,8
2016521604902,1,9,0,18,0,8,0,0,0,0,4,1,6,1,25,5,1598,1,7,3,1,3
2016521604902,2,1,0,18,0,8,0,0,0,0,1,1,6,1,40,7,-1,-1,-1,6,1,6
2016521604904,1,9,0,18,0,8,0,0,0,0,1,1,6,1,38,7,-1,-1,-1,10,1,10
2016521604904,2,9,0,18,0,8,0,0,0,0,1,1,6,1,69,10,1332,1,5,4,1,4
2016521604905,1,9,0,9,0,8,0,0,0,0,4,1,6,2,17,4,998,1,10,3,1,3
2016521604905,2,9,0,18,0,8,0,0,0,0,1,1,6,1,20,4,1299,1,16,3,1,3
2016521604906,1,11,0,18,0,1,0,0,0,0,0,1,6,1,40,7,-1,-1,-1,-1,-1,-1
2016521604909,1,21,0,4,0,0,0,0,0,0,1,1,6,2,66,10,-1,2,12,-1,3,-1
2016521604909,2,9,0,4,0,0,0,0,0,0,2,1,6,1,37,7,1910,2,9,7,1,7
2016521604909,3,9,0,4,0,0,0,0,0,0,2,1,6,1,51,8,1968,2,7,7,1,7
2016521604909,4,9,0,4,0,0,0,0,0,0,2,1,6,1,43,7,-1,-1,-1,7,1,7
2016521604911,1,9,0,5,0,4,0,0,0,0,3,1,6,2,41,7,1200,1,14,3,1,3
2016521604911,2,9,0,6,0,6,0,0,0,0,1,1,6,1,20,4,-1,-1,-1,-1,-1,-1
2016521604915,1,9,0,18,0,0,0,0,0,0,3,1,6,2,34,6,1968,2,-1,10,1,10
2016521604915,2,9,0,2,0,0,0,0,0,0,3,1,6,3,-1,-1,2191,2,3,-1,-1,-1
2016521604915,3,9,0,18,0,0,0,0,0,0,4,1,6,3,-1,-1,1997,2,16,-1,-1,-1
2016521604920,1,9,0,9,0,6,0,0,0,0,3,1,6,1,23,5,1461,2,2,5,1,5
2016521604920,2,9,0,18,0,1,0,0,0,0,1,1,6,1,32,6,2290,1,10,-1,-1,-1
2016521604923,1,11,0,18,0,0,0,0,0,0,2,1,6,1,-1,-1,-1,-1,-1,-1,-1,-1
2016521604923,2,98,0,2,6,0,0,0,0,0,1,1,6,1,40,7,-1,-1,-1,-1,-1,-1
2016521604924,1,5,0,18,0,1,0,0,0,0,4,1,6,1,33,6,782,1,18,1,1,1
2016521604924,2,9,0,9,0,1,0,0,0,0,1,1,6,2,56,9,1248,1,4,4,1,4
2016521604925,1,9,0,18,0,8,0,0,0,10,1,1,6,2,26,6,996,1,7,6,1,6
2016521604938,1,9,0,18,0,8,0,0,0,0,1,1,6,2,27,6,1360,1,11,7,1,7
2016521604938,2,1,0,18,0,8,0,0,0,0,2,1,6,1,58,9,-1,-1,-1,-1,-1,-1
2016521604946,1,9,0,18,0,0,0,0,1,0,1,1,6,1,53,8,1499,2,2,-1,1,-1
2016521604946,2,21,1,18,0,0,0,0,0,0,2,1,6,1,50,8,-1,-1,-1,3,1,3
2016521604948,1,9,0,3,0,1,0,0,0,0,2,1,6,1,45,7,1461,2,3,9,3,9
2016521604948,2,9,0,18,0,1,0,0,0,0,1,1,6,1,25,5,1149,1,8,-1,-1,-1
2016521604956,1,9,0,17,0,8,0,0,0,0,1,1,6,1,22,5,652,1,10,10,1,10
2016521604957,1,9,0,18,0,0,0,0,0,0,1,1,6,1,39,7,1598,2,-1,3,1,3
2016521604957,2,9,0,18,0,0,0,0,0,0,1,1,6,1,47,8,999,1,6,10,1,10
2016521604968,1,9,0,18,0,0,0,0,0,0,4,1,6,2,23,5,-1,-1,-1,1,1,1
2016521604974,1,9,0,10,0,3,0,0,0,0,2,1,6,1,73,10,1870,2,15,5,1,5
2016521604974,2,9,0,4,0,3,0,0,0,0,1,1,6,1,25,5,1242,1,13,-1,-1,-1
2016521604977,1,1,0,18,4,0,0,0,0,0,1,1,6,1,43,7,-1,-1,-1,2,1,2
2016521604977,2,9,0,2,4,0,0,0,0,0,2,1,6,3,21,5,1242,1,13,-1,-1,-1
2016521605004,1,9,0,18,0,0,0,0,0,0,2,1,6,2,50,8,1390,1,13,8,3,8
2016521605004,2,9,0,18,0,0,0,0,0,0,1,1,6,3,-1,-1,1988,1,16,-1,-1,-1
2016521605007,1,1,0,5,0,1,0,0,3,0,1,1,2,1,43,7,-1,-1,-1,3,1,3
2016521605007,2,9,0,18,0,5,0,0,3,0,1,1,6,2,-1,-1,1668,1,10,-1,-1,-1
2016521605018,1,9,0,18,0,0,0,0,0,0,1,1,6,1,70,10,1587,1,9,-1,-1,-1
2016521605026,1,9,0,18,0,8,0,0,0,0,1,1,6,1,78,11,1998,1,2,10,1,10
2016521605026,2,9,0,7,0,8,0,0,0,0,1,1,6,2,25,5,1560,2,1,5,2,5
2016521605027,1,9,0,9,0,8,0,0,0,0,1,1,6,1,29,6,1598,1,17,5,1,5
2016521605027,2,9,0,18,0,8,0,0,0,0,1,1,6,2,56,9,-1,-1,-1,4,3,4
2016521605029,1,9,0,18,0,0,0,0,0,0,1,1,6,2,60,9,1997,2,15,-1,-1,-1
2016521605030,1,9,0,18,0,1,0,0,0,0,1,1,2,1,29,6,1794,1,16,3,1,3
2016521605030,2,9,0,10,0,5,0,0,0,0,2,1,6,1,56,9,1796,1,6,9,2,9
2016521605030,3,9,0,18,0,8,0,0,0,0,3,1,6,1,19,4,1461,2,11,10,2,10
2016521605030,4,9,0,18,0,1,0,0,1,0,0,1,6,1,29,6,1461,2,-1,6,1,6
2016521605033,1,9,0,18,0,8,0,0,0,0,1,1,6,2,33,6,1598,1,1,-1,-1,-1
2016521605036,1,9,0,5,0,1,0,0,0,0,2,1,6,3,-1,-1,1595,1,17,-1,-1,-1
2016521605036,2,9,0,3,0,1,0,0,0,0,1,1,6,1,38,7,1587,1,11,1,1,1
2016521605040,1,9,0,18,0,0,5,11,0,0,3,1,6,1,62,9,2800,1,33,5,1,5
2016521605041,1,9,0,18,0,1,0,7,7,0,1,1,6,1,47,8,998,1,17,5,1,5
2016521605044,1,9,0,18,0,0,0,0,4,0,4,1,6,1,60,9,1461,2,5,9,3,9
2016521605044,2,21,0,12,0,0,0,0,0,0,3,1,1,1,44,7,-1,-1,-1,-1,-1,-1
2016521605049,1,9,0,3,0,0,0,0,0,0,2,1,6,2,19,4,1598,2,2,9,1,9
2016521605049,2,9,0,18,0,0,0,0,0,0,1,1,6,3,50,8,-1,-1,-1,-1,-1,-1
2016521605056,1,9,0,18,0,0,0,0,0,0,3,1,6,1,18,4,2996,1,7,6,1,6
2016521605056,2,9,0,2,0,0,0,0,0,0,1,1,6,3,-1,-1,-1,-1,-1,-1,-1,-1
2016521605056,3,9,0,6,0,0,0,0,0,0,0,1,6,1,-1,-1,1968,2,6,5,1,5
2016521605057,1,9,0,18,0,0,0,0,0,0,1,1,6,1,57,9,1800,1,16,4,1,4
2016521605065,1,4,0,17,0,0,1,0,7,0,3,1,6,1,22,5,124,1,1,3,1,3
2016521605065,2,9,0,16,0,0,0,0,0,0,3,1,6,2,42,7,1596,1,14,6,3,6
2016521605067,1,9,0,2,0,0,0,0,0,0,3,1,6,3,-1,-1,1199,2,3,-1,-1,-1
2016521605067,2,1,0,18,0,0,0,8,0,0,1,1,6,2,28,6,-1,-1,-1,2,1,2
2016521605068,1,3,0,13,0,1,0,0,0,0,4,1,6,1,31,6,124,1,9,8,3,8
2016521605068,2,9,0,13,0,1,0,0,0,0,3,1,6,1,30,6,1199,1,15,7,3,7
2016521605070,1,9,0,2,0,0,0,0,0,0,0,1,6,3,-1,-1,1984,1,1,-1,-1,-1
2016521605070,2,9,0,18,0,0,5,0,0,0,0,1,6,1,30,6,1582,2,3,6,1,6
2016521605080,1,9,0,1,0,8,0,0,0,0,3,1,6,1,40,7,-1,-1,-1,-1,-1,-1
2016521605080,2,9,0,18,0,6,0,0,0,0,1,1,6,1,39,7,-1,-1,-1,9,2,9
2016521605085,1,9,0,18,0,0,5,0,7,0,1,1,6,1,30,6,-1,-1,-1,4,1,4
2016521605086,1,9,0,7,0,8,0,0,0,0,3,1,6,1,53,8,1364,1,2,4,1,4
2016521605086,2,1,0,18,0,8,0,0,0,0,1,1,6,2,41,7,-1,-1,-1,4,1,4
2016521605091,1,9,0,1,0,0,0,0,7,4,2,1,6,2,82,11,989,1,16,2,1,2
2016521605094,1,4,0,5,0,6,0,0,0,0,1,1,6,1,16,4,373,1,1,2,1,2
2016521605094,2,3,0,18,0,8,0,0,0,0,1,1,6,1,24,5,-1,-1,-1,1,1,1
2016521605096,1,9,0,18,0,4,0,0,0,0,3,1,6,1,56,9,1686,2,2,8,1,8
2016521605096,2,1,0,18,0,8,0,0,0,0,1,1,6,1,42,7,-1,-1,-1,9,2,9
2016521605101,1,9,0,18,0,1,0,0,0,0,1,1,6,2,19,4,1242,1,9,4,1,4
2016521605101,2,1,0,18,0,1,0,0,0,0,1,1,6,1,10,2,-1,-1,-1,-1,-1,-1
2016521605106,1,9,0,14,0,8,1,0,0,0,4,1,6,2,33,6,1582,2,7,8,3,8
2016521605106,2,9,0,9,0,5,0,0,0,0,1,1,6,2,45,7,1398,2,8,5,1,5
2016521605113,1,1,0,18,0,4,0,0,0,0,3,1,2,1,29,6,-1,-1,-1,4,1,4
2016521605113,2,9,0,18,0,4,0,0,0,0,4,1,6,3,30,6,1596,1,11,-1,-1,-1
2016521605120,1,9,0,16,0,0,1,0,7,9,1,1,6,2,21,5,1389,1,16,8,1,8
2016521605124,1,9,0,18,0,0,0,0,0,0,1,1,6,2,50,8,1910,2,10,8,1,8
2016521605124,2,9,0,18,0,0,0,0,0,0,1,1,6,2,19,4,1587,1,12,8,1,8
2016521605134,1,11,0,18,0,0,0,0,0,0,4,1,6,1,45,7,9360,2,7,-1,-1,-1
2016521605151,1,1,0,18,0,1,0,0,0,0,4,1,6,2,29,6,-1,-1,-1,7,1,7
2016521605151,2,9,0,5,0,1,0,0,0,0,3,1,6,1,27,6,-1,-1,-1,8,2,8
2016521605152,1,9,0,7,0,5,0,0,0,0,4,1,6,1,60,9,1870,2,11,8,1,8
2016521605152,2,1,0,18,0,8,0,0,0,0,3,1,6,1,46,8,-1,-1,-1,9,1,9
2016521605155,1,9,0,6,0,1,0,0,0,0,3,1,6,2,37,7,1995,2,4,9,2,9
2016521605155,2,5,0,18,0,1,0,0,0,0,1,1,1,1,41,7,992,1,10,10,1,10
2016521605157,1,9,0,9,0,8,0,0,0,0,4,1,6,1,61,9,2435,1,10,8,1,8
2016521605157,2,5,0,18,0,8,0,0,0,0,1,1,6,1,41,7,1000,1,8,3,1,3
2016521605159,1,9,0,18,0,0,0,0,0,0,2,1,6,2,25,5,1332,1,11,10,3,10
2016521605159,2,9,0,11,0,0,0,0,0,0,0,1,6,1,33,6,1999,1,11,-1,1,-1
2016521605159,3,5,0,14,0,0,0,0,0,0,1,1,6,1,31,6,636,1,12,4,1,4
2016521605166,1,1,0,18,0,0,0,0,0,0,3,1,6,1,14,3,-1,-1,-1,8,1,8
2016521605166,2,9,0,18,0,0,0,0,0,0,4,1,6,3,-1,-1,1242,1,5,-1,-1,-1
2016521605168,1,11,0,18,0,1,0,0,0,0,1,1,1,1,24,5,-1,-1,-1,6,1,6
2016521605168,2,9,0,3,0,8,0,0,0,0,2,1,6,2,56,9,2099,2,9,7,3,7
2016521605173,1,9,0,16,0,0,0,0,0,0,3,1,6,1,22,5,1149,1,8,7,1,7
2016521605174,1,9,0,18,0,1,0,0,0,0,3,1,1,1,41,7,2993,2,6,9,1,9
2016521605174,2,9,0,7,0,8,0,0,0,0,3,1,6,1,73,10,1240,1,11,4,1,4
2016521605174,3,9,0,2,0,2,0,0,0,0,1,1,6,3,-1,-1,1968,2,1,-1,-1,-1
2016521605174,4,9,0,2,0,1,0,0,0,0,1,1,6,3,-1,-1,1242,1,15,-1,-1,-1
2016521605181,1,9,0,3,0,0,0,0,0,0,2,1,6,1,31,6,1396,1,7,4,2,4
2016521605181,2,19,0,18,0,0,0,0,0,0,1,1,1,1,27,6,2287,2,2,4,1,4
2016521605183,1,9,0,17,0,0,0,0,0,0,3,1,6,2,22,5,998,1,9,9,1,9
2016521605183,2,5,0,16,0,0,0,0,0,0,3,1,6,1,55,8,900,1,18,9,1,9
2016521605187,1,4,0,18,0,3,0,0,0,0,4,1,2,1,39,7,-1,-1,-1,1,1,1
2016521605187,2,4,0,18,0,3,0,0,0,0,4,1,2,3,25,5,-1,-1,-1,-1,-1,-1
2016521605193,1,11,0,9,0,8,0,0,0,0,1,1,1,2,47,8,4500,2,7,8,2,8
2016521605193,2,1,0,18,0,8,0,0,0,0,1,1,6,1,31,6,-1,-1,-1,6,2,6
2016521605200,1,9,0,18,0,0,0,0,0,0,3,1,6,1,30,6,1598,1,17,7,1,7
2016521605200,2,9,0,2,0,0,0,0,0,0,3,1,6,3,-1,-1,1498,1,10,-1,-1,-1
2016521605200,3,9,0,2,0,0,0,0,0,0,3,1,6,3,-1,-1,1560,2,4,-1,-1,-1
2016521605209,1,9,0,5,0,0,0,0,0,0,4,1,6,2,25,5,998,1,6,-1,-1,-1
2016521605217,1,2,0,18,0,0,0,0,0,0,4,1,6,1,16,4,49,1,1,1,1,1
2016521605217,2,9,0,18,0,0,0,0,0,0,1,1,6,3,30,6,-1,-1,-1,-1,-1,-1
2016521605222,1,1,0,18,9,0,0,0,0,0,0,1,6,1,14,3,-1,-1,-1,1,1,1
2016521605222,2,9,0,18,0,0,0,0,0,0,0,1,6,3,-1,-1,-1,-1,-1,-1,-1,-1
2016521605228,1,20,0,18,0,8,0,0,0,0,4,1,1,1,50,8,-1,-1,-1,8,2,8
2016521605228,2,20,0,18,0,8,0,0,4,0,3,1,1,1,36,7,6692,2,6,5,1,5
2016521605228,3,9,0,4,0,8,0,0,0,0,1,1,6,2,64,9,1599,1,13,7,1,7
2016521605239,1,9,0,4,0,1,0,0,0,0,1,1,6,1,29,6,-1,-1,-1,7,1,7
2016521605239,2,9,0,4,0,1,0,0,0,0,2,1,6,2,37,7,1910,2,11,1,1,1
2016521605245,1,9,0,18,0,0,0,0,0,0,1,2,6,1,40,7,-1,-1,-1,-1,-1,-1
2016521605245,2,9,0,18,0,0,0,0,0,0,1,1,6,1,22,5,1798,1,7,3,1,3
2016521605245,3,9,0,13,0,0,0,0,0,0,1,1,1,1,41,7,2993,2,6,4,2,4
2016521605245,4,9,0,13,0,0,0,0,0,0,3,1,1,1,40,7,2993,2,6,9,1,9
2016521605245,5,9,0,13,0,0,0,0,0,0,4,1,1,1,-1,-1,2967,2,7,9,1,9
2016521605245,6,9,0,1,0,0,0,0,0,0,1,1,1,2,-1,-1,1753,2,5,3,2,3
2016521605245,7,9,0,4,0,0,0,0,0,0,4,1,1,1,-1,-1,-1,-1,-1,8,3,8
2016521605249,1,1,0,18,0,8,0,0,0,0,4,1,2,1,33,6,-1,-1,-1,7,1,7
2016521605249,2,19,0,9,0,6,0,0,0,0,1,1,6,1,40,7,-1,-1,-1,-1,-1,-1
2016521605251,1,9,0,18,0,8,0,0,0,0,1,1,6,1,53,8,-1,-1,-1,6,1,6
2016521605251,2,5,0,18,0,8,0,0,0,0,1,1,6,1,37,7,599,1,5,9,3,9