Accident_Index,Vehicle_Reference,Vehicle_Type,Towing_and_Articulation,Vehicle_Manoeuvre,Vehicle_Location-Restricted_Lane,Junction_Location,Skidding_and_Overturning,Hit_Object_in_Carriageway,Vehicle_Leaving_Carriageway,Hit_Object_off_Carriageway,1st_Point_of_Impact,Was_Vehicle_Left_Hand_Drive?,Journey_Purpose_of_Driver,Sex_of_Driver,Age_of_Driver,Age_Band_of_Driver,Engine_Capacity_(CC),Propulsion_Code,Age_of_Vehicle,Driver_IMD_Decile,Driver_Home_Area_Type,Vehicle_IMD_Decile
2016521605252,1,9,0,16,0,8,0,0,0,0,1,1,6,3,30,6,-1,-1,-1,-1,-1,-1
2016521605252,2,90,0,17,0,8,0,0,0,0,1,1,6,1,56,9,-1,-1,-1,8,1,8
2016521605256,1,9,0,3,0,1,0,0,0,0,2,1,3,2,34,6,1995,2,13,2,1,2
2016521605256,2,9,0,18,0,1,0,0,0,0,1,1,6,2,25,5,1360,1,15,-1,-1,-1
2016521605261,1,9,0,4,0,0,0,0,0,0,0,1,6,1,39,7,1598,2,-1,-1,-1,-1
2016521605261,2,1,0,15,0,0,0,10,1,0,0,1,6,1,35,6,-1,-1,-1,-1,-1,-1
2016521605262,1,9,0,2,0,0,0,0,0,0,1,1,2,1,29,6,3199,1,15,7,1,7
2016521605262,2,9,0,5,0,0,0,0,0,0,1,1,6,3,-1,-1,-1,-1,-1,-1,-1,-1
2016521605263,1,9,0,18,0,8,0,10,1,10,4,1,6,2,71,10,1246,1,11,10,1,10
2016521605269,1,2,0,18,9,0,0,0,1,0,0,1,1,3,-1,-1,96,1,9,-1,-1,-1
2016521605269,2,1,0,18,0,0,0,10,1,10,1,1,1,1,35,6,-1,-1,-1,9,1,9
2016521605270,1,9,0,13,0,0,0,0,0,0,3,1,6,3,-1,-1,1598,1,16,-1,-1,-1
2016521605270,2,9,0,18,0,0,0,0,0,0,3,1,6,1,44,7,1995,2,6,9,1,9
2016521605270,3,9,0,18,0,0,0,0,0,0,3,1,6,1,25,5,1248,1,2,10,1,10
2016521605271,1,9,0,17,0,0,0,10,1,0,1,1,6,1,42,7,2616,1,11,8,1,8
2016521605271,2,9,0,16,0,0,0,10,1,0,1,1,6,2,58,9,1364,1,8,8,3,8
2016521605275,1,9,0,18,0,3,0,0,0,0,1,1,6,1,43,7,1998,2,1,1,1,1
2016521605281,1,20,0,4,0,0,0,0,0,0,1,1,1,1,26,6,10518,2,3,5,1,5
2016521605291,1,9,0,4,0,0,0,0,0,0,1,1,6,1,24,5,1896,2,14,8,2,8
2016521605291,2,9,0,4,0,0,5,0,4,6,4,1,6,1,31,6,1198,1,10,3,1,3
2016521605291,3,9,0,4,0,0,0,0,0,0,0,1,6,1,26,6,-1,-1,-1,6,1,6
2016521605292,1,5,0,9,0,8,0,0,0,0,2,1,6,1,34,6,599,1,7,4,1,4
2016521605292,2,9,0,18,0,4,0,0,0,0,1,1,6,3,45,7,-1,-1,-1,-1,-1,-1
2016521605292,3,9,0,4,0,2,0,0,0,0,0,1,6,2,57,9,1248,1,3,-1,-1,-1
2016521605294,1,9,0,4,0,2,0,0,0,0,2,1,6,1,18,4,1149,1,11,10,1,10
2016521605294,2,9,0,18,0,2,0,0,0,0,1,1,6,2,45,7,1498,1,7,1,1,1
2016521605294,3,9,0,3,0,2,0,0,0,0,2,1,6,2,30,6,2460,2,11,7,1,7
2016521605300,1,5,0,18,0,1,0,0,0,0,1,1,6,1,42,7,998,1,8,4,1,4
2016521605300,2,9,0,9,0,5,0,0,0,0,1,1,6,1,35,6,1997,2,10,7,1,7
2016521605302,1,9,0,18,0,8,0,0,0,0,1,1,6,2,26,6,1242,1,4,7,1,7
2016521605302,2,9,0,18,0,8,0,0,0,0,4,1,6,1,70,10,998,1,10,-1,1,-1
2016521605303,1,9,0,2,0,0,0,0,0,0,3,1,6,1,21,5,1596,1,12,8,1,8
2016521605303,2,9,0,18,0,0,0,0,0,0,3,1,6,1,30,6,1968,2,9,-1,1,-1
2016521605313,1,9,0,9,0,8,0,0,0,0,3,1,6,2,20,4,1489,1,18,10,1,10
2016521605313,2,9,0,11,0,3,0,0,0,0,4,1,6,1,65,9,2993,2,2,8,3,8
2016521605323,1,9,0,18,0,8,0,0,0,0,4,1,6,1,54,8,1397,1,8,8,1,8
2016521605336,1,9,0,5,0,6,0,0,0,0,3,1,6,1,67,10,1461,2,6,-1,1,-1
2016521605336,2,9,0,18,0,8,0,0,0,0,1,1,6,2,42,7,2401,2,13,10,2,10
2016521605338,1,9,0,4,0,1,0,0,0,0,3,1,6,2,49,8,1968,2,4,10,3,10
2016521605338,2,9,0,9,0,5,0,0,0,0,3,1,6,1,66,10,2401,2,13,7,2,7
2016521605342,1,9,0,18,0,8,0,0,0,0,2,1,6,2,22,5,1995,2,5,7,3,7
2016521605342,2,9,0,18,0,8,0,0,0,0,1,1,6,1,21,5,1364,1,2,7,2,7
2016521605342,3,9,0,18,0,1,0,0,0,0,2,1,6,2,52,8,1998,2,10,7,1,7
2016521605342,4,9,0,4,0,8,0,0,0,0,2,1,6,1,22,5,1984,1,19,7,1,7
2016521605345,1,9,0,7,9,5,0,0,0,0,1,1,6,1,40,7,1242,1,11,-1,-1,-1
2016521605346,1,9,0,6,0,8,0,0,0,0,3,1,6,1,68,10,1560,2,3,7,1,7
2016521605346,2,1,0,18,0,8,0,0,0,0,1,1,6,1,37,7,-1,-1,-1,5,1,5
2016521605351,1,9,0,16,0,8,0,0,0,0,1,1,6,2,23,5,1398,2,9,1,1,1
2016521605358,1,21,0,5,0,5,0,0,0,0,4,1,1,1,56,9,-1,-1,-1,-1,-1,-1
2016521605358,2,19,0,18,0,8,0,0,0,0,3,1,6,1,48,8,2151,2,16,1,1,1
2016521605360,1,9,0,9,0,5,0,0,0,0,1,1,6,1,57,9,1968,2,3,8,3,8
2016521605360,2,9,0,18,0,8,0,0,0,0,4,1,6,1,29,6,1798,1,4,7,1,7
2016521605364,1,9,0,4,0,0,0,0,0,0,2,1,6,2,49,8,1560,2,1,7,3,7
2016521605364,2,1,0,18,0,0,0,0,0,0,1,1,4,1,13,3,-1,-1,-1,6,1,6
2016521605378,1,19,0,18,0,0,0,0,0,0,3,1,6,1,19,4,2143,2,1,4,1,4
2016521605388,1,9,0,18,0,0,0,0,0,0,1,1,6,1,28,6,1368,1,11,-1,-1,-1
2016521605391,1,1,0,18,0,8,0,0,0,0,4,1,2,2,30,6,-1,-1,-1,7,1,7
2016521605391,2,9,0,18,0,4,0,0,0,0,1,1,6,1,45,7,-1,-1,-1,-1,-1,-1
2016521605396,1,9,0,9,0,8,0,0,0,0,1,1,6,2,85,11,1997,1,12,-1,-1,-1
2016521605396,2,9,0,9,0,8,0,0,0,0,2,1,6,2,49,8,1587,1,9,8,1,8
2016521605401,1,9,0,4,0,1,0,0,0,0,2,1,2,2,47,8,1198,1,3,7,1,7
2016521605401,2,90,0,18,0,1,0,0,0,0,1,1,6,1,45,7,-1,-1,-1,7,1,7
2016521605407,1,4,0,18,0,8,0,0,0,0,3,1,6,1,54,8,849,1,20,6,1,6
2016521605407,2,8,0,11,0,8,0,0,0,0,4,1,6,1,-1,-1,-1,-1,-1,-1,-1,-1
2016521605408,1,9,0,1,9,0,0,0,0,0,2,1,6,2,30,6,-1,-1,-1,-1,-1,-1
2016521605408,2,1,0,2,9,0,0,0,0,0,4,1,6,1,6,2,-1,-1,-1,7,1,7
2016521605409,1,11,0,18,0,0,0,0,1,10,3,1,1,1,59,9,9360,2,9,8,1,8
2016521605409,2,9,0,18,0,0,0,0,0,0,1,1,6,2,80,11,1329,1,5,3,1,3
2016521605411,1,21,0,18,0,1,0,0,0,0,1,1,6,1,53,8,-1,2,16,-1,1,-1
2016521605411,2,19,0,10,0,1,0,0,0,0,2,1,6,1,35,6,2198,2,1,2,1,2
2016521605412,1,19,0,18,0,0,0,0,0,0,3,1,6,1,26,6,1753,2,9,3,1,3
2016521605415,1,9,0,9,0,5,0,0,0,0,4,1,1,2,20,4,1242,1,6,10,1,10
2016521605415,2,5,0,18,0,1,0,0,0,0,1,1,6,1,47,8,599,1,17,5,1,5
2016521605421,1,9,0,9,0,5,0,0,0,0,3,1,6,1,28,6,-1,-1,-1,10,1,10
2016521605421,2,4,0,14,0,1,0,0,0,0,4,1,6,1,16,4,-1,-1,-1,6,3,6
2016521605437,1,9,0,18,0,1,0,0,0,0,1,1,6,1,30,6,1984,1,14,3,1,3
2016521605437,2,9,0,18,0,1,0,0,0,0,2,1,6,1,32,6,1390,1,12,2,1,2
2016521605437,3,9,0,1,0,1,0,0,0,0,2,1,6,2,51,8,2198,1,13,9,1,9
2016521605437,4,9,0,18,0,1,0,0,0,0,2,1,6,1,59,9,1339,1,5,10,1,10
2016521605438,1,9,0,18,0,2,0,0,0,0,1,1,6,1,32,6,1598,1,16,3,1,3
2016521605438,2,5,0,18,0,2,0,0,0,0,1,1,6,1,41,7,649,1,5,6,1,6
2016521605441,1,9,0,17,0,0,0,10,1,10,1,1,6,2,40,7,1360,1,14,1,1,1
2016521605443,1,9,0,4,0,0,0,0,0,0,1,1,6,2,59,9,2231,2,1,10,1,10
2016521605443,2,9,0,3,0,0,0,0,0,0,2,1,6,2,63,9,1390,1,6,7,1,7
2016521605453,1,9,0,18,0,1,0,0,0,0,1,1,6,2,25,5,-1,-1,-1,8,1,8
2016521605453,2,1,0,18,0,8,0,0,0,0,1,1,6,1,13,3,-1,-1,-1,1,1,1
2016521605458,1,9,0,18,0,0,0,0,0,0,1,1,6,2,33,6,1598,1,12,8,1,8
2016521605467,1,9,0,9,0,8,0,0,0,0,1,1,6,1,52,8,1390,1,11,10,1,10
2016521605467,2,1,0,18,0,8,0,0,0,0,1,1,6,1,43,7,-1,-1,-1,9,3,9
2016521605468,1,9,0,3,0,1,0,0,0,0,2,1,6,2,29,6,1685,2,1,10,1,10
2016521605468,2,9,0,18,0,1,0,0,0,0,1,1,6,3,-1,-1,-1,-1,-1,-1,-1,-1
2016521605475,1,9,0,17,0,0,0,0,0,0,3,1,6,2,30,6,-1,-1,-1,-1,-1,-1
2016521605475,2,9,0,16,0,0,0,0,0,0,3,1,6,2,68,10,1240,1,8,9,1,9
2016521605477,1,1,0,5,0,8,0,0,0,0,4,1,6,1,12,3,-1,-1,-1,3,1,3
2016521605477,2,9,0,18,0,8,0,0,0,0,1,1,6,3,-1,-1,-1,-1,-1,-1,-1,-1
2016521605479,1,9,0,5,0,0,0,0,0,0,3,1,1,1,57,9,-1,-1,-1,9,2,9
2016521605479,2,9,0,18,0,0,0,0,0,0,3,1,6,1,32,6,998,1,7,9,2,9
2016521605479,3,5,0,13,0,0,0,0,0,0,4,1,6,1,54,8,645,1,14,8,3,8
2016521605481,1,9,0,18,0,8,0,0,0,0,4,1,6,2,38,7,1600,1,17,5,1,5
2016521605481,2,1,0,12,0,8,0,0,0,0,1,1,6,1,65,9,-1,-1,-1,-1,-1,-1
2016521605482,1,9,0,18,0,8,0,0,0,0,1,1,6,1,29,6,4266,1,17,-1,-1,-1
2016521605482,2,11,0,3,0,1,0,0,0,0,3,1,1,1,45,7,4250,2,3,1,1,1
2016521605482,3,9,0,4,0,2,0,0,0,0,3,1,6,1,35,6,-1,-1,-1,6,1,6
2016521605484,1,9,0,18,0,1,0,0,0,0,3,1,6,1,31,6,2204,2,9,6,1,6
2016521605484,2,9,0,9,0,8,0,0,0,0,4,1,6,2,18,4,1242,1,13,1,1,1
2016521605486,1,9,0,18,0,0,0,0,0,0,1,1,6,1,-1,-1,-1,-1,-1,3,1,3
2016521605486,2,9,0,14,0,0,0,0,0,0,1,1,6,1,64,9,1388,1,8,-1,1,-1
2016521605486,3,9,0,2,0,0,0,0,0,0,1,1,6,3,-1,-1,1998,1,13,-1,-1,-1
2016521605491,1,9,0,8,0,6,0,0,0,0,2,1,6,1,20,4,2997,2,7,6,3,6
2016521605491,2,20,1,18,0,1,0,0,0,0,1,1,6,3,-1,-1,-1,-1,-1,-1,-1,-1
2016521605494,1,9,0,18,0,8,0,0,0,0,1,1,6,1,47,8,1991,1,2,5,1,5
2016521605494,2,1,0,9,0,8,0,0,0,0,2,1,6,1,47,8,-1,-1,-1,10,1,10
2016521605495,1,9,0,18,0,0,0,0,0,0,1,1,6,2,26,6,1998,2,12,1,1,1
2016521605495,2,9,0,18,0,0,0,0,0,0,2,1,6,2,36,7,1968,2,2,10,1,10
2016521605497,1,9,0,10,0,1,0,0,0,0,1,1,6,3,30,6,1995,2,2,-1,-1,-1
2016521605499,1,9,0,18,0,8,0,0,0,0,4,1,6,1,50,8,1124,1,19,7,3,7
2016521605499,2,9,0,9,0,6,0,0,0,0,1,1,1,1,30,6,1679,1,19,6,1,6
2016521605502,1,9,0,18,0,0,1,10,7,0,1,1,6,1,25,5,1299,1,18,8,2,8
2016521605502,2,9,0,18,0,0,0,0,0,0,1,1,6,1,49,8,-1,-1,-1,9,2,9
2016521605504,1,1,0,5,0,0,1,0,0,0,0,1,6,1,40,7,-1,-1,-1,2,1,2
2016521605504,2,9,0,13,0,0,0,0,0,0,0,1,6,3,-1,-1,-1,-1,-1,-1,-1,-1
2016521605516,1,9,0,7,0,3,0,0,0,0,3,1,6,1,26,6,1496,2,1,8,1,8
2016521605516,2,9,0,7,0,3,0,0,0,0,4,1,6,1,30,6,-1,-1,-1,8,3,8
2016521605520,1,9,0,18,0,0,0,0,0,0,1,1,6,2,49,8,1895,1,16,3,1,3
2016521605522,1,9,0,18,0,0,0,0,0,0,1,1,6,1,49,8,1951,2,10,8,1,8
2016521605545,1,9,0,10,0,1,0,0,0,0,2,1,6,2,33,6,1461,2,4,5,1,5
2016521605545,2,9,0,18,0,1,0,0,0,0,1,1,6,2,30,6,1896,2,11,9,1,9
2016521605546,1,9,0,18,0,1,0,0,0,0,1,1,6,1,64,9,1388,1,8,5,1,5
2016521605555,1,1,0,18,0,8,0,0,0,0,3,1,4,1,18,4,-1,-1,-1,4,1,4
2016521605555,2,9,0,4,0,1,0,0,0,0,1,1,6,2,53,8,1598,1,11,6,1,6
2016521605556,1,9,0,17,0,0,0,0,0,0,3,1,6,1,71,10,1397,1,5,4,1,4
2016521605556,2,2,0,16,0,0,0,0,0,0,3,1,6,1,56,9,49,1,2,1,1,1
2016521605559,1,9,0,18,0,8,0,0,0,0,3,1,1,2,21,5,1560,2,5,5,1,5
2016521605559,2,9,0,18,0,4,0,0,0,0,4,1,6,1,21,5,998,1,1,9,1,9
2016521605570,1,9,0,6,0,8,0,0,0,0,3,1,1,1,69,10,-1,-1,-1,3,1,3
2016521605570,2,1,0,18,0,1,0,0,0,0,1,1,6,1,45,7,-1,-1,-1,-1,-1,-1
2016521605571,1,9,0,18,0,0,0,0,0,0,1,1,6,2,38,7,1896,2,8,8,1,8
2016521605574,1,9,0,3,0,1,0,0,0,0,4,1,6,1,31,6,1339,1,5,8,1,8
2016521605574,2,1,0,18,0,1,0,0,0,0,1,1,6,1,19,4,-1,-1,-1,9,1,9
2016521605575,1,9,0,4,9,0,0,0,0,0,0,1,6,3,-1,-1,-1,-1,-1,-1,-1,-1
2016521605575,2,19,0,18,0,0,0,0,0,0,1,1,6,3,-1,-1,-1,-1,-1,-1,-1,-1
2016521605577,1,19,0,18,0,1,0,0,0,0,3,1,1,1,50,8,2198,2,10,8,1,8
2016521605577,2,9,0,9,0,6,0,0,0,0,1,1,6,1,32,6,1910,2,9,2,1,2
2016521605586,1,9,0,18,0,0,0,0,0,0,1,1,6,1,53,8,-1,-1,-1,7,1,7
2016521605586,2,9,0,18,0,0,0,0,0,0,1,1,6,2,26,6,1598,1,7,4,2,4
2016521605586,3,9,0,18,0,0,0,0,0,0,1,1,6,2,28,6,-1,-1,-1,10,1,10
2016521605593,1,9,0,17,0,1,0,0,0,0,1,1,6,1,35,6,1997,2,10,8,1,8
2016521605593,2,9,0,17,0,1,0,0,0,0,2,1,6,2,27,6,1339,1,12,10,1,10
2016521605599,1,9,0,18,0,8,0,0,7,0,1,1,1,1,34,6,1968,2,7,7,1,7
2016521605599,2,9,0,9,0,8,0,0,3,0,1,1,6,1,77,11,1995,2,9,-1,-1,-1
2016521605601,1,8,0,9,0,5,0,0,0,0,1,1,1,1,50,8,-1,-1,-1,-1,-1,-1
2016521605617,1,9,0,5,0,5,0,0,0,0,4,1,6,2,27,6,998,1,14,1,1,1
2016521605617,2,1,0,5,0,1,0,0,0,0,1,1,1,1,45,7,-1,-1,-1,-1,-1,-1
2016521605621,1,9,0,5,0,0,0,0,0,0,0,1,1,1,18,4,-1,-1,-1,1,1,1
2016521605622,1,9,0,18,0,0,0,10,0,0,3,1,6,1,20,4,-1,-1,-1,1,1,1
2016521605622,2,9,0,2,0,0,0,0,0,0,3,1,6,3,-1,-1,1997,2,8,-1,-1,-1
2016521605626,1,9,0,9,0,4,0,0,0,0,1,1,6,2,38,7,1975,1,11,5,1,5
2016521605626,2,9,0,18,0,4,0,0,0,0,4,1,6,2,35,6,1200,1,1,-1,-1,-1
2016521605628,1,9,0,9,0,5,1,0,0,0,4,1,6,2,61,9,2979,1,14,8,1,8
2016521605628,2,9,0,18,0,8,1,0,0,0,1,1,6,1,23,5,1995,2,8,6,2,6
2016521605630,1,8,0,18,0,0,0,0,0,0,1,1,6,1,-1,-1,-1,-1,-1,-1,-1,-1
2016521605635,1,9,0,18,0,0,0,0,0,0,1,1,6,1,53,8,1998,1,19,4,1,4
2016521605635,2,9,0,18,0,0,0,0,0,0,3,1,6,2,63,9,998,1,6,4,1,4
2016521605635,3,9,4,18,0,0,0,0,0,0,1,1,6,1,33,6,2402,2,8,8,3,8
2016521605637,1,5,0,18,0,8,0,0,0,0,4,1,6,1,47,8,1199,1,13,4,1,4
2016521605637,2,9,0,12,0,8,0,0,0,0,3,1,6,1,72,10,999,1,1,10,1,10
2016521605641,1,9,0,18,0,1,0,0,0,0,2,1,6,2,32,6,2497,1,10,6,1,6
2016521605641,2,9,0,18,0,1,0,0,0,1,1,1,6,3,30,6,1896,2,14,-1,-1,-1
2016521605642,1,21,0,9,0,4,0,0,0,0,1,1,6,1,47,8,-1,-1,-1,4,1,4
2016521605642,2,3,0,18,0,4,1,0,0,0,1,1,6,1,17,4,-1,-1,-1,-1,-1,-1
2016521605643,1,9,0,18,0,0,0,0,0,0,1,1,6,1,24,5,1390,1,11,8,1,8
2016521605643,2,1,0,18,0,0,0,0,0,0,1,1,6,1,8,2,-1,-1,-1,2,1,2
2016521605645,1,9,0,17,0,0,5,0,1,10,1,1,6,2,19,4,998,1,18,8,1,8
2016521605649,1,9,0,18,0,0,0,0,0,0,2,1,6,1,42,7,1997,2,5,9,3,9
2016521605649,2,9,0,18,0,0,0,0,0,0,1,1,6,2,24,5,998,1,-1,7,3,7
2016521605650,1,9,0,18,0,0,1,0,5,6,1,1,6,1,37,7,1796,1,13,3,1,3
2016521605658,1,9,0,3,0,0,0,0,0,0,2,1,6,2,53,8,1499,1,-1,8,1,8
2016521605658,2,9,0,18,0,0,0,0,0,0,1,1,6,2,30,6,1124,1,11,2,1,2
2016521605664,1,9,0,18,0,0,0,0,2,7,1,1,6,1,25,5,2198,2,2,-1,1,-1
2016521605685,1,9,0,18,0,8,0,0,0,0,1,1,6,1,31,6,998,1,11,5,1,5
2016521605685,2,9,0,18,0,8,0,0,0,0,1,1,6,2,41,7,1200,1,3,1,1,1
2016521605688,1,1,0,18,0,8,0,0,0,0,3,1,6,1,53,8,-1,-1,-1,2,1,2
2016521605688,2,9,0,9,0,1,0,0,0,0,1,1,6,1,38,7,1791,8,4,1,1,1
2016521605696,1,5,0,18,0,-1,0,0,0,-1,1,1,6,1,51,8,1002,1,12,7,3,7
2016521605696,2,9,0,18,0,1,0,0,0,0,0,1,6,3,-1,-1,-1,-1,-1,-1,-1,-1
2016521605698,1,11,0,14,2,0,0,0,0,0,1,1,1,1,25,5,-1,-1,-1,3,1,3
2016521605714,1,21,0,2,0,1,0,0,0,0,2,1,6,1,31,6,11021,2,11,1,1,1
2016521605714,2,1,0,18,0,1,0,0,0,0,1,1,1,1,30,6,-1,-1,-1,-1,-1,-1
2016521605723,1,9,0,18,0,1,0,0,0,0,3,1,6,2,48,8,1149,1,9,10,1,10
2016521605726,1,9,0,18,0,0,0,0,0,0,1,1,1,1,40,7,1910,2,8,2,1,2
2016521605726,2,5,0,14,0,0,0,0,0,0,1,1,6,1,48,8,650,1,36,1,1,1
2016521605727,1,19,0,13,0,0,0,0,0,0,1,1,6,1,27,6,7146,2,2,7,3,7
2016521605727,2,9,0,4,0,0,1,0,0,0,2,1,6,1,47,8,1598,1,9,3,1,3
2016521605728,1,9,0,18,0,1,0,0,0,0,2,1,6,1,24,5,998,1,10,6,1,6
2016521605728,2,9,0,18,0,1,0,0,0,0,1,1,6,1,25,5,1968,2,2,-1,-1,-1
2016521605728,3,9,0,4,0,1,0,0,0,0,2,1,6,2,38,7,1598,1,9,-1,-1,-1
2016521605728,4,9,0,4,0,1,0,0,0,0,0,1,6,3,29,6,-1,-1,-1,-1,-1,-1
2016521605732,1,9,0,7,0,6,0,0,0,0,3,1,6,1,59,9,1598,2,1,-1,2,-1
2016521605732,2,1,0,18,0,8,0,0,0,0,4,1,6,1,43,7,-1,-1,-1,6,1,6
2016521605734,1,9,0,18,0,1,0,0,0,0,1,1,6,1,19,4,1399,2,13,1,1,1
2016521605734,2,9,0,18,0,1,0,0,0,0,1,1,6,1,52,8,-1,-1,-1,7,1,7
2016521605738,1,9,0,4,0,1,0,0,0,0,2,1,6,1,27,6,2993,2,9,3,1,3
2016521605738,2,9,0,18,0,8,0,0,0,0,1,1,6,1,55,8,1596,1,12,1,1,1
2016521605739,1,9,0,18,0,1,0,0,0,0,1,1,6,1,22,5,2993,2,10,2,1,2
2016521605753,1,9,0,11,2,0,0,0,0,0,4,1,6,2,25,5,1149,1,14,6,1,6
2016521605753,2,4,0,18,2,0,0,0,0,0,3,1,6,1,51,8,125,1,49,4,1,4
2016521605761,1,9,0,18,0,0,0,0,0,0,1,1,6,2,18,4,1299,1,14,9,1,9
2016521605761,2,9,0,18,0,0,0,0,0,0,2,1,6,1,37,7,1999,1,9,1,1,1
2016521605768,1,9,0,1,0,0,0,0,0,0,2,1,6,2,43,7,1242,1,4,8,1,8
2016521605785,1,9,0,5,0,8,0,0,0,0,1,1,6,1,64,9,1197,1,1,4,1,4
2016521605785,2,1,0,18,0,8,0,0,0,0,1,1,6,1,60,9,-1,-1,-1,3,1,3
2016521605790,1,9,0,18,0,8,0,0,0,0,1,1,6,1,25,5,1796,1,14,3,1,3
2016521605795,1,9,0,1,0,1,0,0,0,0,2,1,6,1,-1,-1,2993,2,11,-1,-1,-1
2016521605800,1,9,0,10,0,1,0,0,0,0,2,1,6,2,43,7,1997,1,15,1,1,1
2016521605800,2,9,0,18,0,1,0,0,0,0,1,1,6,1,40,7,1997,2,12,8,1,8
2016521605802,1,1,0,3,0,4,0,0,0,0,2,1,6,1,43,7,-1,-1,-1,8,1,8
2016521605802,2,9,0,18,0,4,0,0,0,0,1,1,6,1,50,8,-1,-1,-1,-1,-1,-1
2016521605811,1,1,0,18,0,8,0,0,0,0,2,1,2,1,50,8,-1,-1,-1,4,1,4
2016521605811,2,9,0,7,0,6,0,0,0,0,1,1,6,2,55,8,1200,1,2,7,1,7
2016521605812,1,9,0,18,0,1,0,0,0,0,1,1,6,1,62,9,1870,2,14,2,1,2
2016521605812,2,9,0,18,0,1,0,0,0,0,1,1,6,1,52,8,2199,2,1,6,1,6
2016521605817,1,9,0,18,0,0,0,0,0,0,1,1,6,1,43,7,-1,-1,-1,5,1,5
2016521605817,2,9,0,3,0,0,0,0,0,0,2,1,6,1,47,8,1596,1,8,5,1,5
2016521605821,1,1,0,18,0,1,0,0,1,10,1,1,6,1,41,7,-1,-1,-1,9,3,9
2016521605821,2,9,0,18,0,1,0,0,0,0,0,1,6,3,18,4,-1,-1,-1,-1,-1,-1
2016521605827,1,9,0,18,0,0,1,0,4,7,3,1,6,2,36,7,998,1,14,1,1,1
2016521605828,1,9,0,18,0,8,0,0,0,0,1,1,6,1,51,8,1489,1,19,-1,1,-1
2016521605828,2,9,0,18,0,8,0,0,0,0,2,1,6,1,-1,-1,1968,2,5,9,3,9
2016521605828,3,21,0,18,0,4,0,0,0,0,0,1,6,1,60,9,10518,2,2,4,1,4
2016521605830,1,1,0,18,0,1,0,0,0,0,3,1,6,1,38,7,-1,-1,-1,5,1,5
2016521605830,2,9,0,18,0,1,0,0,0,0,1,1,6,1,35,6,-1,-1,-1,-1,-1,-1
2016521605850,1,9,0,18,0,8,0,0,0,0,1,1,6,2,42,7,1598,1,15,3,1,3
2016521605850,2,1,0,18,0,8,0,0,0,0,1,1,6,1,41,7,-1,-1,-1,7,1,7
2016521605855,1,1,0,18,0,1,0,0,0,0,4,1,6,1,27,6,-1,-1,-1,3,1,3
2016521605855,2,9,0,18,0,1,0,0,0,0,1,1,6,1,60,9,-1,-1,-1,-1,-1,-1
2016521605857,1,9,0,4,0,0,0,0,1,0,1,1,6,1,30,6,-1,-1,-1,-1,-1,-1
2016521605859,1,9,0,18,0,2,0,0,0,0,2,1,6,2,73,10,1240,1,11,9,1,9
2016521605859,2,9,0,18,0,2,0,0,1,0,1,1,6,1,24,5,1995,2,3,-1,-1,-1
2016521605873,1,9,0,9,0,6,0,0,0,0,4,1,6,3,-1,-1,-1,-1,-1,-1,-1,-1
2016521605873,2,1,0,18,0,8,0,0,0,0,1,1,6,2,11,3,-1,-1,-1,3,1,3
2016521605877,1,9,0,18,0,0,0,0,0,0,0,1,6,2,38,7,1896,2,10,8,1,8
2016521605878,1,9,0,18,0,2,0,0,0,0,4,1,6,2,50,8,973,1,14,-1,-1,-1
2016521605887,1,9,0,1,0,0,0,4,0,0,2,1,6,2,22,5,1200,1,-1,9,1,9
2016521605887,2,9,0,2,0,0,0,4,0,0,1,1,6,3,-1,-1,1396,1,15,-1,-1,-1
2016521605889,1,19,0,18,0,8,0,0,0,0,2,1,1,1,34,6,2143,2,2,8,1,8
2016521605889,2,9,0,18,0,8,1,0,0,0,1,1,6,1,42,7,1596,1,5,2,1,2
2016521605891,1,9,0,11,0,0,0,0,0,0,4,1,6,1,28,6,-1,-1,-1,3,1,3
2016521605891,2,4,0,14,0,0,0,0,0,0,3,1,6,2,18,4,125,1,-1,3,1,3
2016521605893,1,9,0,18,0,4,0,0,0,0,3,1,6,2,22,5,-1,-1,-1,9,2,9
2016521605893,2,9,0,18,0,4,0,0,0,0,1,1,6,1,27,6,1989,1,17,8,1,8
2016521605894,1,9,0,5,0,6,0,0,0,0,3,1,6,1,31,6,-1,-1,-1,5,1,5
2016521605894,2,9,0,18,0,8,0,0,0,0,1,1,6,2,39,7,2776,2,12,10,1,10
2016521605895,1,4,0,18,0,1,0,0,0,0,1,1,6,1,19,4,499,1,16,8,1,8
2016521605895,2,9,0,5,0,6,0,0,0,0,3,1,6,1,45,7,1968,2,12,10,1,10
2016521605895,3,9,0,2,0,2,0,0,0,0,4,1,6,3,-1,-1,1596,1,13,-1,-1,-1
2016521605896,1,9,0,4,0,0,5,4,0,0,4,1,6,2,54,8,998,1,-1,3,1,3
2016521605896,2,9,0,2,0,0,0,0,0,0,2,1,6,1,38,7,1298,1,8,3,1,3
2016521605898,1,9,0,18,0,0,0,0,0,0,1,1,6,1,41,7,1753,2,14,-1,-1,-1
2016521605898,2,19,0,3,0,0,0,0,0,0,4,1,6,1,37,7,2463,2,10,10,1,10
2016521605898,3,9,0,18,0,0,0,0,0,0,4,1,6,1,-1,-1,1753,2,6,-1,-1,-1
2016521605908,1,1,0,18,0,0,0,0,0,0,3,1,6,1,48,8,-1,-1,-1,6,1,6