Accident_Index,Vehicle_Reference,Vehicle_Type,Towing_and_Articulation,Vehicle_Manoeuvre,Vehicle_Location-Restricted_Lane,Junction_Location,Skidding_and_Overturning,Hit_Object_in_Carriageway,Vehicle_Leaving_Carriageway,Hit_Object_off_Carriageway,1st_Point_of_Impact,Was_Vehicle_Left_Hand_Drive?,Journey_Purpose_of_Driver,Sex_of_Driver,Age_of_Driver,Age_Band_of_Driver,Engine_Capacity_(CC),Propulsion_Code,Age_of_Vehicle,Driver_IMD_Decile,Driver_Home_Area_Type,Vehicle_IMD_Decile
2016521605908,2,9,0,18,0,0,0,0,0,0,3,1,6,1,51,8,1461,2,1,7,3,7
2016521605911,1,9,0,13,0,0,0,0,0,0,1,1,6,3,30,6,-1,-1,-1,-1,-1,-1
2016521605911,2,1,0,18,0,0,0,0,0,0,1,1,6,1,58,9,-1,-1,-1,1,1,1
2016521605919,1,9,0,18,0,0,0,0,0,0,2,1,6,1,40,7,2987,2,5,6,1,6
2016521605919,2,9,0,18,0,0,0,0,0,0,1,1,6,1,41,7,1968,2,1,10,2,10
2016521605919,3,9,0,18,0,0,0,0,0,0,2,1,6,1,48,8,1948,1,14,-1,-1,-1
2016521605919,4,9,0,3,0,0,0,0,0,0,1,1,6,1,56,9,1587,1,12,6,1,6
2016521605926,1,21,1,11,0,0,0,0,0,0,4,1,1,1,37,7,11120,2,2,-1,3,-1
2016521605926,2,9,0,18,0,0,0,0,0,0,3,1,6,1,31,6,1994,1,17,4,1,4
2016521605926,3,9,0,18,0,0,0,0,0,0,1,1,6,2,48,8,5000,1,6,7,3,7
2016521605927,1,9,0,16,0,0,0,0,7,3,1,1,6,1,66,10,1998,1,16,4,1,4
2016521605928,1,9,0,18,0,1,1,7,0,0,1,1,6,1,29,6,1240,1,6,-1,-1,-1
2016521605937,1,9,0,18,0,1,0,0,1,10,1,1,6,1,83,11,1998,1,17,8,1,8
2016521605939,1,9,0,18,0,0,0,0,0,0,1,1,6,2,18,4,1490,1,22,5,2,5
2016521605939,2,9,0,18,0,0,0,0,0,0,1,1,6,2,30,6,1599,1,12,8,2,8
2016521605945,1,9,0,6,0,0,0,0,0,0,1,1,6,2,30,6,1496,2,-1,4,1,4
2016521605945,2,1,0,18,0,0,0,0,0,0,1,1,6,1,26,6,-1,-1,-1,4,1,4
2016521605949,1,4,0,18,0,8,0,0,0,0,1,1,6,1,18,4,-1,-1,-1,1,1,1
2016521605949,2,9,0,18,0,8,0,0,0,0,3,1,6,2,50,8,1586,1,8,-1,-1,-1
2016521605953,1,9,0,4,0,8,0,0,0,0,1,1,6,2,37,7,998,1,8,1,1,1
2016521605953,2,9,0,4,0,8,0,0,0,0,2,1,6,1,26,6,1200,1,1,9,1,9
2016521605956,1,9,0,4,0,8,0,0,0,0,2,1,6,2,63,9,1995,2,8,6,1,6
2016521605956,2,9,0,18,0,1,0,0,0,0,1,1,6,1,64,9,1560,2,5,5,2,5
2016521605960,1,1,0,4,0,1,0,0,0,0,3,1,1,2,31,6,-1,-1,-1,1,1,1
2016521605960,2,9,0,5,0,1,0,0,0,0,3,1,1,1,60,9,1995,2,6,5,1,5
2016521605962,1,1,0,18,0,2,0,0,1,10,3,1,1,1,54,8,-1,-1,-1,7,1,7
2016521605962,2,19,0,13,0,2,0,0,0,0,4,1,6,3,-1,-1,-1,-1,-1,-1,-1,-1
2016521605966,1,9,0,3,0,0,0,0,0,0,2,1,6,3,46,8,-1,-1,-1,-1,-1,-1
2016521605966,2,9,0,18,0,0,0,0,0,0,2,1,6,1,60,9,1998,2,7,3,3,3
2016521605966,3,9,0,18,0,0,0,0,0,0,1,1,6,2,54,8,1200,1,-1,9,1,9
2016521605970,1,4,0,18,0,8,0,0,0,0,3,1,6,1,24,5,125,1,-1,5,1,5
2016521605970,2,90,4,13,0,8,0,0,0,0,4,1,1,1,46,8,-1,-1,-1,7,3,7
2016521605972,1,9,0,18,0,0,0,0,0,0,1,1,6,1,51,8,-1,-1,-1,-1,-1,-1
2016521605972,2,9,0,4,0,0,0,0,0,0,2,1,6,2,19,4,1086,1,12,8,2,8
2016521605972,3,9,0,3,0,0,0,0,0,0,2,1,6,1,48,8,1242,1,-1,9,3,9
2016521605975,1,9,0,18,0,8,0,0,0,0,0,1,6,1,27,6,-1,-1,-1,1,1,1
2016521605975,2,1,0,18,0,8,0,0,0,0,0,1,6,2,57,9,-1,-1,-1,9,3,9
2016521605984,1,9,0,18,0,0,0,0,0,0,4,1,6,1,34,6,1994,1,16,7,1,7
2016521605984,2,9,0,2,0,0,0,0,0,0,3,1,6,3,-1,-1,1995,1,12,-1,-1,-1
2016521605984,3,9,0,2,0,0,0,0,0,0,3,1,6,3,-1,-1,1360,1,6,-1,-1,-1
2016521605985,1,9,0,18,0,0,0,0,0,0,1,1,6,1,41,7,1199,1,13,1,1,1
2016521605985,2,19,0,18,0,0,0,0,0,0,1,1,6,1,35,6,1796,7,12,4,1,4
2016521605998,1,1,0,18,0,8,1,0,0,0,2,1,1,1,37,7,-1,-1,-1,-1,1,-1
2016521605998,2,9,0,9,0,4,0,0,0,0,1,1,6,3,-1,-1,-1,-1,-1,-1,-1,-1
2016521606011,1,19,0,18,0,1,0,0,0,0,4,1,6,2,42,7,1870,2,15,1,1,1
2016521606011,2,19,0,10,0,1,0,0,0,0,1,1,6,1,35,6,1248,2,10,-1,-1,-1
2016521606020,1,9,0,1,0,0,0,0,0,0,2,1,6,1,52,8,-1,-1,-1,1,1,1
2016521606030,1,9,0,18,0,8,0,0,0,0,0,1,6,1,23,5,-1,-1,-1,2,1,2
2016521606030,2,19,0,18,0,4,0,0,0,0,0,1,6,1,30,6,2198,2,3,-1,-1,-1
2016521606031,1,9,0,18,0,8,0,0,0,0,1,1,6,1,71,10,1997,2,2,10,1,10
2016521606031,2,9,0,7,0,3,0,0,0,0,1,1,6,1,27,6,1422,2,11,1,1,1
2016521606032,1,9,0,18,0,8,0,0,0,0,3,1,6,2,26,6,1598,2,-1,3,1,3
2016521606032,2,21,1,11,0,8,0,0,0,0,4,1,6,3,-1,-1,15607,2,5,-1,-1,-1
2016521606034,1,9,0,18,0,8,0,0,0,0,1,1,6,1,44,7,1364,1,9,10,1,10
2016521606034,2,9,0,5,0,6,0,0,0,0,4,1,6,1,29,6,1596,1,13,6,1,6
2016521606039,1,9,0,18,0,0,0,0,0,0,1,1,6,2,19,4,973,1,14,2,1,2
2016521606039,2,9,0,18,0,0,0,0,0,0,2,1,6,1,19,4,1498,1,-1,1,1,1
2016521606039,3,9,0,18,0,0,0,0,0,0,2,1,6,2,47,8,1339,1,11,9,1,9
2016521606039,4,9,0,18,0,0,0,0,0,0,2,1,6,1,49,8,-1,-1,-1,-1,1,-1
2016521606057,1,9,0,18,0,0,0,0,0,0,4,1,6,1,33,6,2143,2,4,3,1,3
2016521606057,2,9,0,18,0,0,0,0,0,0,3,1,6,1,52,8,-1,-1,-1,4,1,4
2016521606059,1,20,0,18,0,0,0,0,0,0,1,1,1,1,64,9,-1,-1,-1,10,1,10
2016521606059,2,9,0,4,0,0,0,0,0,0,2,1,6,1,40,7,2231,2,2,3,1,3
2016521606068,1,9,0,17,0,0,0,0,1,10,0,1,6,2,18,4,1242,1,8,7,3,7
2016521606081,1,9,0,18,0,8,1,0,0,0,3,1,6,1,29,6,1596,1,5,7,1,7
2016521606081,2,19,0,18,0,4,0,0,0,0,1,1,6,1,32,6,1753,2,12,-1,-1,-1
2016521606085,1,9,0,18,0,8,0,0,0,1,1,1,6,1,28,6,1242,1,15,1,1,1
2016521606104,1,9,0,18,0,0,0,0,0,0,4,1,6,1,50,8,1390,1,7,9,1,9
2016521606104,2,9,0,12,0,0,0,0,0,0,3,1,6,2,48,8,1998,1,17,4,3,4
2016521606116,1,9,0,9,0,8,0,0,0,0,1,1,6,1,32,6,-1,-1,-1,7,1,7
2016521606116,2,1,0,18,0,8,0,0,0,0,1,1,6,1,39,7,-1,-1,-1,9,1,9
2016521606117,1,5,0,13,0,0,0,0,1,10,1,1,6,1,22,5,600,1,20,3,1,3
2016521606117,2,1,0,18,0,0,0,0,0,0,1,1,6,1,25,5,-1,-1,-1,2,1,2
2016521606118,1,90,0,18,0,1,0,0,0,0,1,1,6,3,50,8,-1,-1,-1,-1,-1,-1
2016521606123,1,4,0,18,2,1,0,0,0,0,3,1,6,2,35,6,125,1,8,2,1,2
2016521606123,2,9,0,7,2,5,0,0,0,0,1,1,6,2,28,6,1149,1,9,4,1,4
2016521606125,1,9,0,18,0,0,0,0,0,0,0,1,6,3,-1,-1,-1,-1,-1,-1,-1,-1
2016521606125,2,9,0,18,0,0,0,0,0,0,2,1,6,1,28,6,1497,1,15,8,1,8
2016521606125,3,9,0,2,0,0,0,0,0,0,3,1,6,1,62,9,2435,1,13,5,1,5
2016521606125,4,9,0,18,0,0,0,0,0,0,1,1,6,3,-1,-1,-1,-1,-1,-1,-1,-1
2016521606134,1,8,0,8,0,6,0,0,0,0,1,1,6,1,35,6,-1,-1,-1,-1,-1,-1
2016521606137,1,9,0,18,0,0,0,0,0,0,3,1,6,1,20,4,1560,2,8,6,1,6
2016521606137,2,9,0,5,0,0,0,0,0,0,3,1,6,2,31,6,1598,1,12,4,1,4
2016521606137,3,9,0,2,0,0,0,0,0,0,4,1,6,3,-1,-1,2496,1,13,-1,-1,-1
2016521606140,1,9,0,5,0,4,0,0,0,0,1,1,6,1,-1,-1,-1,-1,-1,-1,-1,-1
2016521606140,2,1,0,18,0,8,0,0,0,0,4,1,6,1,37,7,-1,-1,-1,5,1,5
2016521606145,1,1,0,18,0,8,0,0,0,0,1,1,6,1,28,6,-1,-1,-1,10,3,10
2016521606145,2,9,0,9,0,6,0,0,0,0,4,1,2,2,40,7,-1,-1,-1,6,1,6
2016521606151,1,9,0,18,0,1,0,0,0,0,1,1,6,1,51,8,1596,1,13,3,1,3
2016521606151,2,9,0,9,0,5,0,0,0,0,1,1,6,1,43,7,1984,1,15,1,1,1
2016521606153,1,9,0,18,0,0,0,0,0,0,4,1,6,2,23,5,1598,1,4,4,1,4
2016521606153,2,9,0,2,0,0,0,0,0,0,3,1,6,3,-1,-1,1783,1,12,-1,-1,-1
2016521606154,1,9,0,8,0,5,0,0,0,0,2,1,6,2,27,6,1896,2,10,10,1,10
2016521606154,2,9,0,18,0,1,0,0,1,10,1,1,6,2,25,5,1364,1,7,-1,-1,-1
2016521606160,1,9,0,18,0,0,0,0,0,0,1,1,6,3,-1,-1,1598,1,10,-1,-1,-1
2016521606160,2,1,0,5,0,0,0,0,0,0,4,1,6,1,6,2,-1,-1,-1,4,1,4
2016521606175,1,11,0,2,2,0,0,0,0,0,0,1,1,1,40,7,5883,2,15,2,1,2
2016521606179,1,8,0,7,0,5,0,0,0,0,1,1,1,3,-1,-1,-1,-1,-1,-1,-1,-1
2016521606183,1,9,0,3,0,1,0,0,0,0,2,1,6,1,21,5,1398,1,-1,5,1,5
2016521606183,2,9,0,18,0,1,0,0,0,0,1,1,6,1,25,5,1242,1,2,9,1,9
2016521606195,1,9,0,5,0,6,0,0,0,0,2,1,6,1,46,8,2495,2,17,7,1,7
2016521606195,2,9,0,3,0,5,0,0,0,0,1,1,6,1,52,8,-1,-1,-1,3,1,3
2016521606196,1,9,0,18,0,4,0,0,0,0,1,1,6,2,73,10,1299,1,14,3,1,3
2016521606196,2,9,0,18,0,4,0,0,0,0,1,1,6,2,26,6,1360,1,12,7,2,7
2016521606203,1,9,0,18,0,0,2,0,1,9,1,1,6,1,20,4,1910,2,11,-1,3,-1
2016521606203,2,9,0,18,0,0,0,0,0,0,2,1,6,1,36,7,1995,2,9,4,1,4
2016521606203,3,9,0,18,0,0,0,0,0,0,0,1,6,2,27,6,1242,1,1,-1,3,-1
2016521606203,4,9,0,18,0,0,0,0,0,0,0,1,6,2,26,6,1399,2,9,8,1,8
2016521606207,1,11,0,18,0,0,0,0,0,0,4,1,1,3,-1,-1,9360,2,9,-1,-1,-1
2016521606209,1,9,0,18,0,0,0,0,0,0,2,1,6,1,25,5,-1,-1,-1,2,1,2
2016521606209,2,4,0,3,0,0,0,0,0,0,1,1,6,1,51,8,397,1,14,3,1,3
2016521606214,1,9,0,18,0,8,0,0,0,0,1,1,6,2,40,7,1598,1,13,6,1,6
2016521606214,2,9,0,9,0,6,0,0,0,0,3,1,6,1,57,9,1798,1,6,6,1,6
2016521606215,1,1,0,18,0,0,0,0,0,0,3,1,6,1,46,8,-1,-1,-1,9,3,9
2016521606215,2,9,0,13,0,0,0,0,0,0,4,1,6,2,28,6,1598,1,4,-1,-1,-1
2016521606217,1,9,0,18,0,3,0,0,1,4,4,1,6,1,23,5,1360,1,12,7,3,7
2016521606230,1,9,0,18,0,0,0,0,0,0,1,1,6,1,75,10,-1,-1,-1,10,1,10
2016521606230,2,16,0,18,0,0,0,0,0,0,1,1,6,2,18,4,-1,-1,-1,1,1,1
2016521606231,1,9,0,18,0,0,0,0,0,0,1,1,6,1,26,6,1598,1,6,3,1,3
2016521606231,2,19,0,2,0,0,0,0,0,0,1,1,6,1,33,6,2402,2,10,1,1,1
2016521606231,3,19,0,2,0,0,0,0,0,0,1,1,6,1,52,8,1753,2,5,1,1,1
2016521606231,4,19,0,2,0,0,0,0,0,0,1,1,6,3,-1,-1,2874,2,20,-1,-1,-1
2016521606240,1,9,0,16,0,0,0,0,0,0,1,1,6,1,23,5,1686,2,6,4,1,4
2016521606247,1,9,0,10,0,1,0,0,0,0,3,1,6,1,23,5,1248,2,7,2,1,2
2016521606247,2,1,0,18,0,1,0,0,0,0,1,1,6,1,13,3,-1,-1,-1,3,1,3
2016521606249,1,9,0,5,0,8,0,0,0,0,2,1,6,1,25,5,1360,1,9,8,1,8
2016521606249,2,1,0,18,0,8,0,0,0,0,1,1,6,1,41,7,-1,-1,-1,4,1,4
2016521606255,1,9,0,18,0,8,0,0,0,0,4,1,6,2,29,6,1995,2,14,2,1,2
2016521606255,2,1,0,18,0,8,0,0,0,0,1,1,6,1,26,6,-1,-1,-1,10,1,10
2016521606258,1,2,0,18,0,8,0,0,0,0,1,1,6,1,24,5,-1,-1,-1,5,1,5
2016521606258,2,9,0,9,0,5,0,0,0,0,1,1,6,3,-1,-1,-1,-1,-1,-1,-1,-1
2016521606260,1,9,0,18,0,0,0,0,0,0,3,1,6,2,54,8,1560,2,9,2,1,2
2016521606260,2,9,0,18,0,0,0,0,0,0,3,2,6,1,30,6,1560,2,7,4,1,4
2016521606260,3,9,0,18,0,0,0,0,0,0,1,1,6,2,17,4,-1,-1,-1,9,1,9
2016521606262,1,9,0,18,0,8,0,0,0,0,4,1,6,1,58,9,1348,1,15,3,1,3
2016521606263,1,1,0,18,0,0,0,0,0,0,3,1,6,1,43,7,-1,-1,-1,3,1,3
2016521606263,2,9,0,18,0,0,0,0,0,0,4,1,6,3,35,6,-1,-1,-1,-1,-1,-1
2016521606268,1,9,0,7,0,3,0,0,0,0,1,1,6,1,46,8,1198,1,12,1,1,1
2016521606268,2,9,0,7,0,3,0,0,0,0,1,1,6,1,62,9,1560,2,2,-1,-1,-1
2016521606273,1,9,0,18,0,1,0,0,0,0,4,1,6,1,23,5,1388,1,14,2,1,2
2016521606273,2,9,0,2,0,1,0,0,0,0,3,1,6,2,52,8,1198,1,7,7,3,7
2016521606273,3,9,0,2,0,1,0,0,0,0,1,1,6,2,40,7,-1,-1,-1,2,1,2
2016521606275,1,9,0,7,0,6,0,0,0,0,3,1,2,1,27,6,1956,2,7,5,1,5
2016521606275,2,3,0,13,0,8,0,0,0,0,4,1,6,1,39,7,-1,-1,-1,10,1,10
2016521606280,1,19,0,18,0,1,0,0,0,0,1,1,6,1,63,9,2148,2,8,3,1,3
2016521606281,1,9,0,18,0,1,5,0,0,0,3,1,6,2,31,6,1598,2,1,4,1,4
2016521606281,2,9,0,2,0,1,0,0,0,0,3,1,6,3,-1,-1,1895,1,15,-1,-1,-1
2016521606281,3,9,0,2,0,1,0,0,0,0,2,1,6,3,-1,-1,1995,1,6,-1,-1,-1
2016521606283,1,9,0,9,0,6,0,0,0,0,3,1,6,1,29,6,1598,1,15,9,2,9
2016521606283,2,5,0,18,0,8,0,0,0,0,1,1,6,1,58,9,1151,1,5,10,3,10
2016521606290,1,9,0,7,0,3,0,0,1,2,3,1,6,1,63,9,1999,1,9,6,1,6
2016521606290,2,9,0,7,0,3,0,0,0,0,4,1,6,1,46,8,1364,1,10,6,1,6
2016521606290,3,9,0,18,0,1,0,0,0,0,3,1,6,2,45,7,1364,1,1,10,1,10
2016521606290,4,9,0,18,0,1,0,0,0,0,3,1,6,2,36,7,1200,1,13,1,1,1
2016521606290,5,9,0,4,0,1,0,0,0,0,0,1,6,1,51,8,1598,1,2,10,1,10
2016521606299,1,9,0,3,0,0,0,0,0,0,2,1,6,1,48,8,1781,1,14,10,1,10
2016521606299,2,9,0,18,0,0,0,0,0,0,1,1,6,3,45,7,-1,-1,-1,-1,-1,-1
2016521606311,1,9,0,18,0,1,0,0,0,0,4,1,6,1,36,7,1248,2,7,8,1,8
2016521606311,2,1,0,18,0,1,0,0,0,0,1,1,6,1,25,5,-1,-1,-1,7,1,7
2016521606312,1,9,0,2,0,0,0,0,0,0,3,1,6,1,54,8,1910,2,9,2,2,2
2016521606312,2,9,0,18,0,0,0,0,0,0,4,1,6,3,-1,-1,2179,2,3,-1,-1,-1
2016521606316,1,9,0,18,0,0,0,0,0,0,1,1,6,1,27,6,1360,1,5,7,2,7
2016521606316,2,9,0,18,0,0,0,0,0,0,2,1,6,1,64,9,1995,1,14,4,1,4
2016521606316,3,9,0,3,0,0,0,0,0,0,2,1,6,1,30,6,-1,-1,-1,1,1,1
2016521606332,1,9,0,4,0,0,0,0,0,0,2,1,6,2,34,6,1590,1,12,9,1,9
2016521606332,2,9,0,18,0,0,0,0,0,0,1,1,6,3,30,6,1598,1,4,-1,-1,-1
2016521606336,1,1,0,18,0,1,0,0,0,0,1,1,1,2,33,6,-1,-1,-1,6,1,6
2016521606336,2,9,0,9,0,1,0,0,0,0,1,1,6,2,30,6,1781,1,20,7,1,7
2016521606340,1,9,0,3,0,0,0,0,0,0,2,1,6,1,35,6,1995,2,11,6,1,6
2016521606340,2,9,0,18,0,0,0,0,0,0,1,1,6,3,-1,-1,-1,-1,-1,-1,-1,-1
2016521606343,1,9,0,9,0,5,0,0,0,0,4,1,6,1,31,6,-1,-1,-1,4,1,4
2016521606343,2,2,0,18,0,8,0,0,0,0,1,1,6,1,21,5,115,1,1,10,1,10
2016521606344,1,9,0,18,0,0,1,0,0,0,1,1,6,2,17,4,973,1,13,10,1,10
2016521606344,2,9,3,13,0,0,0,0,0,0,3,1,6,1,56,9,2231,2,10,8,1,8
2016521606347,1,9,0,3,0,2,0,0,0,0,2,1,6,2,22,5,2400,2,1,8,1,8
2016521606347,2,9,0,3,0,2,0,0,0,0,2,1,6,2,50,8,1364,1,11,1,1,1
2016521606347,3,9,0,3,0,2,0,0,0,0,2,1,6,1,20,4,-1,-1,-1,1,1,1
2016521606347,4,9,0,18,0,2,0,0,0,0,1,1,6,2,20,4,1587,1,12,9,1,9
2016521606360,1,9,0,5,0,0,0,0,0,0,4,1,6,1,34,6,1598,1,9,3,1,3
2016521606360,2,9,0,18,0,0,0,0,0,0,4,1,6,1,32,6,1995,2,11,4,1,4
2016521606364,1,9,0,3,0,0,0,0,0,0,2,1,6,1,22,5,1390,1,11,10,1,10
2016521606364,2,9,0,3,0,0,0,0,0,0,2,1,6,2,20,4,1149,1,-1,10,1,10
2016521606364,3,9,0,18,0,0,0,0,0,0,1,1,6,2,34,6,1240,1,6,5,1,5
2016521606368,1,9,0,18,0,0,0,0,0,0,1,1,6,3,-1,-1,-1,-1,-1,-1,-1,-1
2016521606368,2,9,0,18,0,0,5,0,0,10,2,1,6,2,18,4,-1,-1,-1,7,3,7
2016521606369,1,11,0,4,2,1,0,0,0,0,0,1,6,1,50,8,-1,-1,-1,-1,-1,-1
2016521606370,1,9,0,18,0,0,0,0,0,0,0,1,6,1,33,6,2979,1,14,2,1,2
2016521606370,2,1,0,18,0,0,0,10,0,0,0,1,6,2,39,7,-1,-1,-1,7,1,7
2016521606372,1,19,0,18,0,0,0,0,0,0,1,1,6,1,30,6,1248,2,6,9,1,9
2016521606374,1,9,0,18,0,0,0,0,0,0,0,1,6,1,31,6,1560,2,5,1,1,1
2016521606377,1,9,0,18,0,8,0,0,1,10,1,1,6,2,19,4,1587,1,13,8,1,8
2016521606380,1,9,0,18,0,0,0,0,0,0,1,1,6,1,56,9,1560,2,4,8,2,8
2016521606380,2,9,0,18,0,0,0,0,0,0,2,1,6,1,83,11,1390,1,12,4,1,4
2016521606382,1,9,0,17,0,0,1,0,0,0,4,1,6,1,23,5,1598,1,10,2,1,2
2016521606382,2,3,0,18,0,0,0,0,0,0,1,1,6,1,32,6,125,1,1,5,1,5
2016521606385,1,9,0,18,0,0,0,0,2,7,1,1,6,1,33,6,-1,-1,-1,10,1,10
2016521606386,1,5,0,18,0,0,0,0,0,0,1,1,6,1,26,6,998,1,9,4,1,4
2016521606386,2,9,0,6,0,0,0,0,0,0,3,1,6,2,23,5,1388,1,18,1,1,1
2016521606394,1,9,0,18,0,0,0,0,0,0,2,1,6,2,32,6,1988,1,14,3,1,3
2016521606394,2,9,0,18,0,0,0,0,0,0,2,1,6,1,44,7,1753,2,12,3,1,3
2016521606394,3,9,0,18,0,0,0,0,0,0,2,1,6,1,34,6,1596,1,14,4,1,4
2016521606394,4,9,0,18,0,0,0,0,0,0,1,1,6,3,-1,-1,-1,-1,-1,-1,-1,-1
2016521606395,1,9,0,18,0,0,0,0,0,0,4,1,6,1,54,8,1560,2,2,10,2,10
2016521606398,1,1,0,18,0,1,0,0,0,0,1,1,1,1,42,7,-1,-1,-1,6,1,6
2016521606398,2,9,0,4,0,1,0,0,0,0,4,1,6,1,25,5,1388,1,12,-1,-1,-1
2016521606399,1,9,0,18,0,1,0,0,0,0,2,1,1,1,38,7,1997,2,6,1,1,1
2016521606399,2,9,0,4,0,1,0,0,0,0,1,1,6,1,-1,-1,1796,1,12,-1,-1,-1
2016521606400,1,9,0,18,0,8,0,0,0,0,1,1,6,1,23,5,1242,1,11,5,1,5
2016521606403,1,9,0,18,0,0,0,0,0,0,0,1,6,2,42,7,2987,2,2,10,1,10
2016521606407,1,9,0,18,0,0,0,0,0,0,1,1,6,1,30,6,1229,1,11,1,1,1
2016521606407,2,9,0,18,0,0,0,0,0,0,1,1,6,2,41,7,-1,-1,-1,7,1,7
2016521606412,1,9,0,9,0,6,0,0,0,0,3,1,6,2,73,10,1499,2,-1,1,1,1
2016521606412,2,21,1,18,0,8,0,0,0,0,1,1,1,1,51,8,12740,2,-1,5,1,5
2016521606418,1,1,0,18,0,8,0,0,0,0,1,1,6,1,36,7,-1,-1,-1,6,1,6
2016521606418,2,9,0,5,0,6,0,0,0,0,3,1,6,1,35,6,1598,1,15,-1,-1,-1
2016521606419,1,9,0,18,0,0,0,0,0,0,2,1,6,1,36,7,1995,2,9,9,3,9
2016521606419,2,9,0,18,0,0,1,0,0,0,1,1,6,2,55,8,1124,1,16,1,1,1
2016521606423,1,9,0,18,0,0,0,0,0,0,3,1,6,1,43,7,1587,1,13,3,1,3
2016521606423,2,9,0,13,0,0,0,0,7,0,3,1,6,2,67,10,1998,1,18,4,1,4
2016521606430,1,9,0,18,0,6,0,0,0,0,1,1,6,2,19,4,1242,1,1,8,1,8
2016521606430,2,1,0,17,0,8,0,0,0,0,4,1,6,1,33,6,-1,-1,-1,7,1,7
2016521606437,1,9,0,18,0,0,0,0,7,11,1,1,6,1,41,7,2993,2,9,5,1,5
2016521606437,2,9,0,18,0,0,0,0,1,0,1,1,6,1,29,6,1124,1,13,5,1,5
2016521606437,3,9,0,2,0,0,0,0,0,0,2,1,6,3,-1,-1,1364,1,11,-1,-1,-1
2016521606437,4,9,0,2,0,0,0,0,0,0,2,1,6,3,-1,-1,1997,2,16,-1,-1,-1
2016521606437,5,9,0,2,6,0,0,0,0,0,0,1,6,3,-1,-1,2996,1,3,-1,-1,-1
2016521606448,1,9,0,7,0,8,0,0,0,0,3,1,6,2,28,6,1997,2,15,10,1,10
2016521606448,2,9,0,18,0,1,0,0,0,0,3,1,6,2,46,8,998,1,6,10,1,10
2016521606454,1,9,0,7,0,3,0,0,0,0,3,1,6,2,49,8,1388,1,13,8,1,8
2016521606454,2,1,0,18,0,8,0,0,0,0,1,1,6,1,19,4,-1,-1,-1,8,3,8
2016521606455,1,9,0,9,0,8,0,0,0,0,2,1,6,1,22,5,1598,1,4,8,1,8
2016521606455,2,5,0,3,0,8,0,0,0,0,1,1,6,1,24,5,599,1,13,10,3,10
2016521606473,1,9,0,18,0,8,0,0,0,0,4,1,6,1,45,7,1896,2,7,1,1,1
2016521606473,2,90,0,18,0,8,0,0,0,0,0,1,6,1,25,5,-1,-1,-1,-1,-1,-1
2016521606474,1,9,0,4,0,0,0,0,0,0,2,1,6,2,46,8,1968,2,1,2,1,2
2016521606474,2,19,0,4,0,0,0,0,0,0,2,1,6,2,83,11,-1,-1,-1,6,3,6
2016521606474,3,9,0,18,0,0,0,0,0,0,1,1,6,1,79,11,1197,1,4,6,1,6
2016521606476,1,9,0,17,0,8,0,0,1,10,1,1,6,2,38,7,1229,1,11,4,1,4
2016521606477,1,1,0,18,0,0,0,0,0,0,3,1,6,1,18,4,-1,-1,-1,-1,-1,-1
2016521606479,1,9,0,7,0,8,0,0,0,0,1,1,6,2,60,9,-1,-1,-1,-1,-1,-1
2016521606489,1,9,0,13,0,0,0,0,0,0,4,1,6,2,52,8,1988,1,17,10,1,10
2016521606489,2,1,0,18,0,0,0,0,0,0,2,1,6,1,33,6,-1,-1,-1,5,1,5
2016521606496,1,9,0,11,0,0,0,0,0,0,1,1,6,3,29,6,-1,-1,-1,-1,-1,-1
2016521606507,1,9,0,5,9,0,0,0,0,0,1,1,6,2,20,4,-1,-1,-1,-1,-1,-1
2016521606508,1,9,0,3,0,0,0,0,0,0,2,1,6,1,33,6,1968,2,3,8,1,8
2016521606508,2,9,0,3,0,0,0,0,0,0,2,1,6,1,21,5,-1,-1,-1,4,1,4
2016521606508,3,9,0,18,0,0,0,0,0,0,1,1,6,2,24,5,1598,1,9,8,3,8
2016521606510,1,9,0,5,0,6,0,0,0,0,1,1,6,1,67,10,1395,1,1,9,1,9
2016521606510,2,1,0,18,0,1,0,0,0,0,4,1,6,1,33,6,-1,-1,-1,8,1,8
2016521606522,1,9,0,4,0,0,0,0,0,0,2,1,6,1,47,8,2993,2,11,5,1,5
2016521606522,2,9,0,18,0,0,0,0,0,0,1,1,6,2,30,6,1796,1,9,1,1,1
2016521606559,1,9,0,9,0,8,0,0,0,0,1,1,6,2,30,6,-1,-1,-1,3,1,3
2016521606559,2,2,0,18,0,8,0,0,0,0,1,1,6,1,16,4,49,1,6,6,1,6
2016521606561,1,9,0,4,0,0,0,0,0,0,2,1,6,1,83,11,1598,1,-1,10,1,10
2016521606561,2,9,0,18,0,0,0,0,0,0,1,1,6,2,35,6,1596,1,14,6,1,6
2016521606572,1,9,0,4,0,1,0,0,0,0,2,1,6,2,49,8,1461,2,12,-1,2,-1
2016521606572,2,1,0,18,0,1,0,0,0,0,1,1,6,1,23,5,-1,-1,-1,4,1,4
2016521606586,1,9,0,18,0,0,0,0,0,0,1,1,6,2,71,10,1598,1,6,7,3,7
2016521606586,2,9,0,3,0,0,0,0,0,0,2,1,6,2,24,5,-1,-1,-1,8,1,8
2016521606586,3,9,0,3,0,0,0,0,0,0,0,1,6,1,45,7,2191,2,2,9,2,9