Accident_Index,Vehicle_Reference,Vehicle_Type,Towing_and_Articulation,Vehicle_Manoeuvre,Vehicle_Location-Restricted_Lane,Junction_Location,Skidding_and_Overturning,Hit_Object_in_Carriageway,Vehicle_Leaving_Carriageway,Hit_Object_off_Carriageway,1st_Point_of_Impact,Was_Vehicle_Left_Hand_Drive?,Journey_Purpose_of_Driver,Sex_of_Driver,Age_of_Driver,Age_Band_of_Driver,Engine_Capacity_(CC),Propulsion_Code,Age_of_Vehicle,Driver_IMD_Decile,Driver_Home_Area_Type,Vehicle_IMD_Decile
2016521608469,1,9,0,5,0,8,0,0,0,0,1,1,2,2,55,8,1398,1,6,5,1,5
2016521608469,2,1,0,9,0,6,0,0,0,0,4,1,2,1,19,4,-1,-1,-1,5,1,5
2016521608473,1,9,0,18,0,1,0,0,0,0,3,1,6,1,51,8,1199,1,13,7,1,7
2016521608473,2,21,4,18,0,2,0,0,0,0,3,1,6,1,52,8,12740,2,1,7,1,7
2016521608474,1,9,0,18,0,2,0,0,0,0,4,1,6,2,36,7,1242,1,4,7,1,7
2016521608475,1,9,0,9,0,6,0,0,0,0,3,1,6,2,59,9,1398,1,14,8,1,8
2016521608475,2,4,0,18,0,8,0,0,0,0,1,1,6,1,17,4,124,1,15,10,1,10
2016521608477,1,9,0,5,0,0,0,0,0,0,0,1,6,1,58,9,1560,2,2,6,1,6
2016521608477,2,5,0,18,0,0,0,0,0,0,0,1,1,1,68,10,1130,1,14,2,1,2
2016521608481,1,9,0,9,0,6,0,0,0,0,3,1,1,1,18,4,1391,1,16,6,1,6
2016521608481,2,1,0,2,0,8,0,0,0,0,2,1,6,1,52,8,-1,-1,-1,5,2,5
2016521608483,1,9,0,18,0,7,0,0,0,0,1,1,6,1,57,9,2987,2,7,5,1,5
2016521608483,2,9,0,18,0,7,0,0,0,0,2,1,6,2,54,8,-1,-1,-1,9,2,9
2016521608483,3,9,0,18,0,7,0,0,0,0,2,1,6,2,45,7,1968,2,8,8,2,8
2016521608483,4,9,0,18,0,7,0,0,0,0,2,1,6,1,42,7,1742,1,2,-1,-1,-1
2016521608484,1,9,0,3,0,1,0,0,0,0,2,1,6,1,51,8,1560,2,8,2,1,2
2016521608484,2,5,0,18,0,2,1,0,0,0,1,1,6,1,29,6,-1,-1,-1,7,1,7
2016521608486,1,4,0,17,0,0,0,0,0,0,1,1,6,1,25,5,-1,-1,-1,6,1,6
2016521608490,1,21,0,17,0,8,0,0,0,0,4,1,6,1,43,7,12882,2,5,-1,1,-1
2016521608492,1,9,0,9,0,5,0,0,0,0,4,1,6,2,67,10,1390,1,6,10,1,10
2016521608492,2,3,0,18,0,8,0,0,0,0,1,1,6,1,67,10,124,1,9,9,1,9
2016521608498,1,9,0,5,0,6,0,0,0,0,1,1,6,2,77,11,1995,2,5,6,3,6
2016521608498,2,9,0,18,0,8,0,0,0,0,1,1,6,1,64,9,-1,-1,-1,10,1,10
2016521608501,1,9,0,9,0,6,0,0,0,0,1,1,6,1,84,11,1796,1,10,9,3,9
2016521608501,2,1,0,18,0,8,0,0,0,0,1,1,6,1,58,9,-1,-1,-1,10,1,10
2016521608503,1,9,0,7,0,5,0,0,0,0,1,1,6,1,49,8,1968,2,8,7,2,7
2016521608506,1,9,0,18,0,0,0,0,0,0,1,1,6,1,32,6,-1,-1,-1,9,2,9
2016521608506,2,21,0,18,0,0,0,0,0,0,1,1,6,1,40,7,12902,2,3,8,1,8
2016521608511,1,9,0,9,0,8,0,0,0,0,3,1,6,1,29,6,-1,-1,-1,5,1,5
2016521608511,2,5,0,13,0,8,0,0,0,0,1,1,6,1,51,8,883,1,19,7,1,7
2016521608516,1,9,0,7,0,5,0,0,0,0,4,1,6,2,38,7,1332,1,17,2,1,2
2016521608516,2,3,0,15,0,1,0,0,0,0,3,1,6,2,20,4,125,1,-1,4,1,4
2016521608518,1,9,0,9,0,8,0,0,0,0,1,1,6,1,34,6,1995,2,3,10,1,10
2016521608518,2,3,0,18,0,1,0,0,0,0,4,1,6,1,30,6,124,1,4,-1,-1,-1
2016521608519,1,9,0,8,0,1,0,0,0,0,2,1,6,2,36,7,1298,1,13,1,1,1
2016521608519,2,8,0,18,0,1,0,0,0,0,1,1,1,1,35,6,1560,2,5,2,1,2
2016521608522,1,19,0,13,0,0,0,0,0,0,4,1,6,1,53,8,1998,2,12,-1,1,-1
2016521608522,2,19,0,18,0,0,0,0,0,0,3,1,6,1,57,9,1598,2,1,6,1,6
2016521608522,3,21,0,18,0,0,0,0,0,0,3,1,1,1,59,9,12777,2,5,3,1,3
2016521608522,4,9,0,18,0,0,0,0,1,0,1,1,6,1,49,8,2148,2,12,4,1,4
2016521608539,1,9,0,18,0,0,0,0,0,0,3,1,6,2,40,7,2204,2,11,5,1,5
2016521608543,1,19,0,4,0,0,0,0,0,0,1,1,6,1,42,7,2148,2,7,7,1,7
2016521608543,2,19,0,4,0,0,0,0,0,0,2,1,6,1,20,4,1753,2,4,1,1,1
2016521608543,3,9,0,4,0,0,0,0,0,0,2,1,6,2,32,6,1999,1,13,7,1,7
2016521608546,1,9,0,7,0,6,0,0,0,0,1,1,6,2,29,6,1390,1,12,2,1,2
2016521608546,2,9,0,2,0,2,0,0,0,0,2,1,6,2,42,7,1229,1,4,2,1,2
2016521608546,3,9,0,2,0,2,0,0,0,0,2,1,6,1,50,8,1870,2,7,2,1,2
2016521608548,1,9,0,18,0,8,5,0,7,1,1,1,6,2,25,5,1796,1,10,1,1,1
2016521608552,1,9,0,18,0,0,0,0,0,0,3,1,6,1,20,4,998,1,9,2,1,2
2016521608558,1,9,0,15,0,0,0,0,0,0,1,1,6,2,61,9,-1,-1,-1,8,2,8
2016521608558,2,9,0,18,0,0,0,0,0,0,1,1,6,2,39,7,1598,2,4,10,1,10
2016521608561,1,9,0,9,0,6,0,0,0,0,3,1,6,2,27,6,999,1,1,10,2,10
2016521608561,2,1,0,14,0,8,0,0,0,0,1,1,6,1,40,7,-1,-1,-1,7,1,7
2016521608565,1,8,0,18,0,0,0,0,0,0,1,1,6,2,48,8,1685,2,1,6,1,6
2016521608566,1,9,0,3,0,0,0,0,0,0,2,1,6,1,28,6,1796,1,11,7,1,7
2016521608566,2,19,0,18,0,0,1,0,0,0,1,1,6,1,22,5,2143,2,1,-1,-1,-1
2016521608596,1,8,0,5,0,0,0,0,0,0,3,1,1,1,61,9,1997,2,6,8,2,8
2016521608599,1,1,0,18,0,1,0,0,0,0,1,1,2,1,20,4,-1,-1,-1,7,1,7
2016521608599,2,19,0,3,0,1,0,0,0,0,4,1,6,1,40,7,-1,-1,-1,-1,-1,-1
2016521608603,1,9,0,3,0,1,0,0,0,0,2,1,6,2,47,8,1560,2,9,10,1,10
2016521608603,2,9,0,18,0,1,0,0,0,0,1,1,6,2,40,7,1995,2,5,10,1,10
2016521608604,1,9,0,18,0,1,0,0,0,0,4,1,6,1,68,10,1560,2,3,7,1,7
2016521608612,1,9,0,9,0,5,0,0,0,0,1,1,6,1,55,8,-1,-1,-1,10,1,10
2016521608612,2,1,0,18,0,1,0,0,0,0,1,1,6,1,31,6,-1,-1,-1,7,1,7
2016521608614,1,9,0,18,0,0,0,0,0,0,1,1,6,2,35,6,1995,2,6,6,1,6
2016521608614,2,5,0,4,0,0,0,0,0,0,2,1,6,1,44,7,598,1,26,4,1,4
2016521608616,1,9,0,7,0,6,0,0,0,0,4,1,6,2,41,7,1870,2,15,2,1,2
2016521608616,2,9,0,18,0,8,0,0,0,0,1,1,6,1,25,5,-1,-1,-1,-1,-1,-1
2016521608620,1,9,0,16,0,8,1,0,7,11,1,1,6,1,43,7,1598,1,17,2,1,2
2016521608628,1,9,0,10,0,1,0,0,0,0,0,1,6,1,53,8,1242,1,8,4,1,4
2016521608628,2,1,0,18,4,1,0,0,0,0,0,1,6,2,27,6,-1,-1,-1,-1,-1,-1
2016521608631,1,11,0,18,0,2,0,0,0,0,1,1,1,1,49,8,-1,-1,-1,9,1,9
2016521608633,1,9,0,16,0,0,0,0,7,11,3,1,6,2,47,8,1360,1,12,-1,-1,-1
2016521608635,1,3,0,18,0,1,0,10,0,0,1,1,6,1,28,6,125,1,1,8,2,8
2016521608643,1,9,0,3,0,0,0,0,0,0,2,1,1,1,36,7,2993,2,5,9,1,9
2016521608643,2,9,0,18,0,0,0,0,0,0,1,1,1,1,56,9,2982,2,3,-1,3,-1
2016521608645,1,11,0,18,0,8,0,0,0,0,1,1,6,1,57,9,7300,2,12,7,2,7
2016521608645,2,9,0,18,0,8,0,0,0,0,1,1,6,1,48,8,-1,-1,-1,10,1,10
2016521608646,1,10,0,16,0,2,0,0,0,0,1,1,6,1,80,11,2464,2,8,9,1,9
2016521608646,2,9,0,2,0,2,0,0,0,0,3,1,6,1,59,9,898,1,1,8,1,8
2016521608646,3,9,0,2,0,2,0,0,0,0,3,1,6,1,73,10,1598,1,10,8,1,8
2016521608648,1,9,0,18,0,8,0,0,0,0,2,1,6,2,20,4,2143,2,-1,8,1,8
2016521608648,2,9,0,18,0,8,0,0,0,0,1,1,6,1,19,4,1390,1,8,10,1,10
2016521608672,1,9,0,18,0,0,0,0,0,0,1,1,6,2,58,9,998,1,3,8,2,8
2016521608674,1,9,0,9,0,5,0,0,0,0,4,1,6,1,49,8,1229,1,6,10,1,10
2016521608674,2,1,0,18,0,8,0,0,0,0,1,1,6,2,42,7,-1,-1,-1,7,1,7
2016521608679,1,9,0,18,0,8,0,0,0,0,3,1,6,2,77,11,1390,1,12,10,2,10
2016521608679,2,1,0,9,0,8,0,0,0,0,1,1,6,1,33,6,-1,-1,-1,5,1,5
2016521608680,1,9,0,18,0,1,0,0,0,0,4,1,6,3,-1,-1,-1,-1,-1,-1,-1,-1
2016521608681,1,9,0,18,0,0,0,0,5,9,3,1,6,2,22,5,1149,1,12,7,1,7
2016521608688,1,2,0,18,0,0,0,0,0,0,4,1,1,1,31,6,108,1,2,8,1,8
2016521608689,1,9,0,18,0,0,0,0,0,0,4,1,6,2,27,6,1242,1,1,9,1,9
2016521608696,1,9,0,4,0,1,0,0,0,0,2,1,6,2,47,8,1360,1,17,5,1,5
2016521608696,2,9,0,18,0,2,0,0,0,0,1,1,6,1,18,4,1991,2,11,4,1,4
2016521608700,1,9,0,18,0,0,0,0,0,0,1,1,6,1,18,4,1242,1,-1,5,1,5
2016521608700,2,9,0,18,0,0,5,0,0,0,3,1,6,1,34,6,1598,2,1,4,1,4
2016521608701,1,9,0,9,0,6,0,0,0,0,1,1,6,1,52,8,1242,1,4,6,1,6
2016521608701,2,9,0,18,0,8,0,0,7,10,3,1,6,2,19,4,995,1,6,9,1,9
2016521608701,3,9,0,3,0,1,0,0,0,0,3,1,6,2,24,5,1796,1,7,6,1,6
2016521608704,1,19,0,9,0,5,0,0,0,0,3,1,1,1,51,8,1598,2,1,-1,-1,-1
2016521608704,2,4,0,13,0,8,0,0,0,0,4,1,6,2,29,6,499,1,19,9,2,9
2016521608707,1,2,0,18,0,0,0,0,0,0,1,1,4,1,17,4,124,1,11,3,1,3
2016521608707,2,8,0,9,0,0,0,0,0,0,1,1,6,1,40,7,-1,-1,-1,-1,-1,-1
2016521608708,1,9,0,9,0,5,0,0,0,0,4,1,6,1,17,4,1598,1,9,10,1,10
2016521608708,2,9,0,18,0,8,0,0,0,0,1,1,6,1,54,8,2099,1,14,3,1,3
2016521608712,1,9,0,9,9,5,0,0,0,0,4,1,6,3,-1,-1,-1,-1,-1,-1,-1,-1
2016521608717,1,11,0,18,0,0,0,0,0,0,1,1,1,1,54,8,7300,2,7,4,3,4
2016521608720,1,9,0,5,0,6,0,0,0,0,3,1,6,2,49,8,4806,1,8,10,1,10
2016521608720,2,3,0,18,0,1,0,0,0,0,1,1,6,2,38,7,124,1,4,9,1,9
2016521608722,1,9,0,3,0,1,0,0,0,0,2,1,6,1,38,7,1998,1,14,4,1,4
2016521608722,2,9,0,18,0,1,0,0,0,0,2,1,6,2,53,8,1461,2,4,9,3,9
2016521608722,3,9,0,18,0,1,0,0,0,0,1,1,6,2,41,7,1598,1,9,5,2,5
2016521608726,1,5,0,12,0,0,0,0,0,0,1,1,2,1,40,7,599,1,5,10,1,10
2016521608726,2,19,0,12,0,0,0,0,0,0,2,1,6,3,-1,-1,-1,-1,-1,-1,-1,-1
2016521608727,1,1,0,18,0,0,0,0,0,0,1,1,6,2,59,9,-1,-1,-1,10,2,10
2016521608733,1,9,0,18,0,0,5,0,1,0,4,1,6,1,20,4,1242,1,11,7,1,7
2016521608733,2,9,0,2,0,0,0,0,0,0,3,1,6,2,47,8,998,1,9,1,1,1
2016521608734,1,9,0,10,0,6,0,0,0,0,3,1,6,1,38,7,-1,-1,-1,9,2,9
2016521608734,2,1,0,18,0,8,0,0,0,0,4,1,6,1,54,8,-1,-1,-1,7,1,7
2016521608739,1,9,0,9,0,6,0,0,0,0,3,1,6,2,24,5,1598,1,5,10,2,10
2016521608739,2,5,0,18,0,8,0,0,0,0,1,1,6,1,36,7,652,1,5,3,1,3
2016521608743,1,9,0,18,0,0,0,8,0,0,1,1,6,3,-1,-1,-1,-1,-1,-1,-1,-1
2016521608743,2,9,0,2,0,0,0,0,0,0,3,1,6,2,50,8,1753,2,8,10,1,10
2016521608746,1,8,0,18,0,1,0,0,0,0,1,1,1,1,48,8,1560,2,1,2,1,2
2016521608751,1,9,0,17,0,8,0,0,1,7,1,1,6,1,20,4,1596,1,8,5,1,5
2016521608754,1,9,0,4,0,1,0,0,0,0,2,1,6,2,38,7,1753,2,9,4,1,4
2016521608754,2,9,0,18,0,1,0,0,0,0,1,1,6,2,19,4,973,1,15,10,1,10
2016521608761,1,1,0,18,0,8,0,0,0,0,4,1,2,1,21,5,-1,-1,-1,8,1,8
2016521608761,2,19,0,9,0,8,0,0,0,0,1,1,6,1,32,6,1560,2,1,1,1,1
2016521608763,1,9,0,9,0,6,0,0,0,0,4,1,6,1,43,7,1422,2,-1,-1,-1,-1
2016521608763,2,9,0,18,0,8,0,0,0,0,1,1,6,2,36,7,1242,1,15,8,1,8
2016521608772,1,9,0,7,0,3,0,0,0,0,4,1,6,2,44,7,1991,2,7,10,1,10
2016521608772,2,1,0,18,0,8,0,0,0,0,2,1,6,1,25,5,-1,-1,-1,1,1,1
2016521608775,1,19,0,2,0,0,0,0,0,0,3,1,1,1,40,7,-1,-1,-1,6,1,6
2016521608775,2,19,0,18,0,0,0,0,0,0,4,1,6,1,23,5,2198,2,9,9,1,9
2016521608776,1,9,0,2,0,1,0,0,0,0,2,1,1,1,49,8,1560,2,1,3,1,3
2016521608778,1,9,0,5,0,6,0,0,0,0,3,1,6,2,38,7,1197,1,4,9,2,9
2016521608778,2,1,0,18,0,8,0,0,0,0,1,1,6,1,47,8,-1,-1,-1,2,1,2
2016521608783,1,3,0,18,0,0,0,0,0,0,1,1,6,1,27,6,109,1,3,10,1,10
2016521608786,1,9,0,18,0,0,0,0,0,0,1,1,6,2,21,5,1422,2,11,7,1,7
2016521608786,2,9,0,4,0,0,0,0,0,0,2,1,6,1,44,7,1956,2,3,-1,1,-1
2016521608786,3,9,0,3,0,0,0,0,0,0,2,1,6,1,59,9,1968,2,4,-1,3,-1
2016521608786,4,9,0,3,0,0,0,0,0,0,2,1,6,2,40,7,1560,2,3,-1,1,-1
2016521608790,1,1,0,18,0,8,0,0,0,0,3,1,2,1,55,8,-1,-1,-1,10,1,10
2016521608790,2,9,0,7,0,3,0,0,0,0,4,1,6,3,-1,-1,-1,-1,-1,-1,-1,-1
2016521608795,1,1,0,18,0,8,0,0,0,0,4,1,1,2,50,8,-1,-1,-1,5,1,5
2016521608795,2,9,0,18,0,8,0,0,0,0,1,1,6,1,40,7,1248,1,2,-1,-1,-1
2016521608799,1,11,0,5,0,1,0,0,0,0,1,1,1,1,54,8,7300,2,14,7,1,7
2016521608802,1,9,0,5,0,0,0,4,0,0,3,1,6,2,47,8,1560,2,3,4,1,4
2016521608802,2,5,0,14,0,0,0,0,0,0,1,1,6,1,23,5,847,1,1,4,1,4
2016521608802,3,9,0,2,0,0,0,0,0,0,3,1,6,2,19,4,1349,1,2,9,1,9
2016521608803,1,9,0,18,0,0,0,0,0,0,1,1,6,2,41,7,1798,1,9,5,1,5
2016521608803,2,4,0,14,0,0,0,0,0,0,3,1,6,1,43,7,645,1,13,8,1,8
2016521608806,1,9,0,10,0,6,0,0,0,0,2,1,6,1,20,4,1896,2,11,6,1,6
2016521608806,2,9,0,4,0,1,0,0,0,0,1,1,6,2,22,5,999,1,-1,4,1,4
2016521608807,1,9,0,18,0,8,0,0,0,0,1,1,6,2,48,8,1398,1,11,3,1,3
2016521608807,2,9,0,9,0,5,0,0,0,0,4,1,6,1,45,7,1686,2,3,9,1,9
2016521608810,1,9,0,18,0,1,0,0,0,0,4,1,6,2,18,4,998,1,3,8,1,8
2016521608810,2,9,0,9,0,1,0,0,0,0,1,1,6,2,34,6,1596,1,14,8,1,8
2016521608813,1,9,0,4,0,0,0,0,0,0,2,1,6,1,42,7,1388,1,4,10,1,10
2016521608813,2,9,0,18,0,0,0,0,0,0,1,1,6,2,33,6,1332,1,20,9,3,9
2016521608813,3,9,0,18,0,0,0,0,0,0,1,1,6,2,48,8,1395,1,1,10,1,10
2016521608816,1,11,0,18,0,8,0,0,0,0,1,1,1,1,54,8,9360,2,9,2,1,2
2016521608820,1,19,0,2,0,0,0,0,0,0,3,1,1,1,32,6,2198,2,2,2,1,2
2016521608820,2,1,0,18,0,0,0,0,0,0,1,1,6,1,50,8,-1,-1,-1,8,1,8
2016521608824,1,8,0,18,0,8,0,0,0,0,4,1,1,1,56,9,1598,2,3,6,1,6
2016521608824,2,9,0,10,0,6,0,0,0,0,1,1,6,1,28,6,1997,2,8,1,1,1
2016521608826,1,9,0,4,0,0,0,0,0,0,2,1,6,1,55,8,1896,2,12,8,1,8
2016521608826,2,9,0,4,0,0,0,0,0,0,2,1,6,1,20,4,1390,1,5,6,1,6
2016521608826,3,9,0,4,0,0,0,0,0,0,1,1,6,1,61,9,-1,-1,-1,8,1,8
2016521608829,1,9,0,18,0,4,0,0,0,0,2,1,6,1,48,8,999,1,-1,3,1,3
2016521608829,2,9,0,18,0,3,0,0,0,0,3,1,6,3,-1,-1,-1,-1,-1,-1,-1,-1
2016521608833,1,9,0,7,0,6,0,0,0,0,1,1,6,2,31,6,2231,2,9,3,1,3
2016521608833,2,9,0,18,0,8,0,0,0,0,4,1,6,1,85,11,1360,1,15,3,1,3
2016521608836,1,9,0,4,0,8,0,0,0,0,4,1,6,1,22,5,1598,1,3,10,1,10
2016521608836,2,1,0,15,0,8,0,0,0,0,3,1,6,1,16,4,-1,-1,-1,6,1,6
2016521608845,1,9,0,9,0,6,0,0,0,0,1,1,6,1,46,8,2969,2,9,5,1,5
2016521608845,2,5,0,18,0,8,0,0,0,0,3,1,6,1,45,7,-1,-1,-1,8,3,8
2016521608847,1,19,0,18,0,0,0,0,0,0,4,1,6,1,56,9,-1,-1,-1,9,1,9
2016521608847,2,21,4,18,0,0,0,0,0,6,3,1,1,1,33,6,10677,2,2,-1,-1,-1
2016521608850,1,1,0,18,0,1,0,0,0,0,4,1,6,1,22,5,-1,-1,-1,9,1,9
2016521608850,2,19,0,11,0,1,0,0,0,0,1,1,6,1,60,9,-1,-1,-1,-1,-1,-1
2016521608854,1,9,0,18,0,1,0,0,0,0,1,1,6,2,24,5,998,1,2,7,3,7
2016521608854,2,9,0,7,0,4,0,0,0,0,3,1,6,1,45,7,-1,-1,-1,1,1,1
2016521608859,1,5,0,18,0,2,0,0,0,0,4,1,6,1,50,8,1137,1,11,-1,1,-1
2016521608859,2,9,0,18,0,2,0,0,0,0,0,1,6,1,28,6,1598,2,5,3,1,3
2016521608860,1,9,0,18,0,0,1,0,7,9,1,1,6,1,24,5,1988,1,13,8,1,8
2016521608864,1,21,0,12,0,0,0,0,0,0,3,1,1,1,36,7,-1,-1,-1,-1,-1,-1
2016521608864,2,9,0,18,0,0,0,0,0,0,4,1,6,1,19,4,1796,1,11,6,1,6
2016521608887,1,9,0,18,0,8,0,0,0,0,3,1,6,2,28,6,1910,2,8,6,1,6
2016521608887,2,9,0,18,0,8,0,0,0,0,1,1,6,1,28,6,1339,1,11,3,1,3
2016521608890,1,9,0,9,0,5,0,0,0,0,4,1,6,1,77,11,-1,-1,-1,10,1,10
2016521608890,2,8,0,18,0,8,0,0,0,0,1,1,1,1,63,9,2664,2,17,9,1,9
2016521608891,1,9,0,18,0,5,0,0,0,0,4,1,6,1,60,9,1995,2,10,-1,1,-1
2016521608891,2,9,0,9,0,5,0,0,0,0,1,1,6,1,27,6,-1,-1,-1,6,2,6
2016521608897,1,9,0,3,0,1,0,0,0,0,2,1,2,2,47,8,1240,1,13,7,1,7
2016521608897,2,9,0,18,0,1,0,0,0,0,1,1,6,3,50,8,-1,-1,-1,-1,-1,-1
2016521608900,1,9,0,5,0,3,0,0,0,0,1,1,6,1,33,6,-1,-1,-1,2,1,2
2016521608905,1,9,0,11,0,0,0,0,0,0,4,1,6,1,29,6,1910,2,7,4,1,4
2016521608905,2,9,0,18,0,0,0,0,0,0,3,1,6,1,55,8,2191,2,1,8,1,8
2016521608907,1,9,0,4,0,0,0,0,0,0,1,1,6,1,19,4,1598,1,9,1,1,1
2016521608907,2,9,0,4,0,0,0,0,0,0,2,1,6,2,21,5,998,1,10,4,1,4
2016521608907,3,9,0,4,0,0,0,0,0,0,2,1,6,2,34,6,998,1,10,8,1,8
2016521608907,4,9,0,4,0,0,0,0,0,0,2,1,6,1,30,6,1995,2,13,10,1,10
2016521608908,1,1,0,4,0,1,0,0,0,0,1,1,6,2,35,6,-1,-1,-1,10,1,10
2016521608913,1,9,0,14,0,1,0,0,1,0,4,1,6,1,31,6,1598,1,11,1,1,1
2016521608913,2,9,0,18,0,1,0,0,0,0,3,1,6,2,33,6,1798,1,10,3,1,3
2016521608913,3,9,0,2,0,1,0,0,0,0,3,1,6,1,50,8,1995,1,12,3,1,3
2016521608915,1,9,0,9,0,5,0,0,0,0,3,1,6,1,24,5,1422,2,7,3,1,3
2016521608915,2,1,0,13,0,1,0,0,0,0,1,1,6,1,55,8,-1,-1,-1,6,1,6
2016521608917,1,9,0,18,0,0,0,0,0,0,1,1,6,2,27,6,-1,-1,-1,8,1,8
2016521608918,1,9,0,8,0,1,0,0,0,0,1,1,6,1,23,5,1229,1,4,10,1,10
2016521608918,2,3,0,8,0,1,0,0,0,0,2,1,6,1,30,6,125,1,1,8,1,8
2016521608919,1,9,0,9,0,6,0,0,0,0,3,1,6,2,45,7,1590,1,16,7,1,7
2016521608919,2,5,0,18,0,8,0,0,0,0,1,1,6,1,47,8,885,1,22,6,1,6
2016521608921,1,9,0,18,0,1,0,0,0,0,1,1,6,1,25,5,1389,1,16,10,1,10
2016521608921,2,9,0,3,0,1,0,0,0,0,2,1,6,2,65,9,1796,1,16,9,3,9
2016521608921,3,9,0,3,0,1,0,0,0,0,2,1,6,2,29,6,1995,2,4,9,3,9
2016521608921,4,9,0,3,0,1,0,0,0,0,2,1,6,1,37,7,1956,2,6,1,1,1
2016521608922,1,9,0,9,0,5,0,0,0,0,3,1,6,2,38,7,1968,2,8,10,1,10
2016521608922,2,4,0,14,0,8,0,0,0,0,1,1,6,1,47,8,395,1,-1,9,1,9
2016521608924,1,9,0,18,0,8,0,0,0,0,4,1,6,1,55,8,1388,1,6,7,1,7
2016521608924,2,1,0,9,0,8,0,0,0,0,3,1,6,2,24,5,-1,-1,-1,7,1,7
2016521608925,1,5,0,18,0,2,0,0,0,0,4,1,6,1,22,5,649,1,2,3,1,3
2016521608927,1,9,0,18,0,0,0,0,0,0,1,1,6,1,46,8,1598,1,9,2,1,2
2016521608927,2,9,0,2,0,0,0,0,0,0,1,1,6,3,-1,-1,-1,-1,-1,-1,-1,-1
2016521608928,1,9,0,3,0,1,0,0,0,0,2,1,6,1,64,9,1560,2,-1,4,1,4
2016521608928,2,9,0,4,0,1,0,0,0,0,1,1,6,2,35,6,1686,2,3,7,1,7
2016521608929,1,9,0,11,0,0,0,0,0,0,4,1,6,1,31,6,-1,-1,-1,-1,1,-1
2016521608929,2,9,0,18,0,0,0,0,0,0,3,1,6,1,49,8,2495,2,15,8,1,8
2016521608929,3,9,0,18,0,0,0,0,0,0,3,1,6,1,50,8,1968,2,3,9,1,9
2016521608929,4,9,0,18,0,0,0,0,0,0,4,1,6,2,19,4,1499,1,1,10,1,10
2016521608929,5,9,0,18,0,0,0,0,0,0,1,1,6,1,33,6,-1,-1,-1,6,3,6
2016521608929,6,9,0,18,0,0,0,0,0,0,2,1,6,2,21,5,1398,2,6,7,1,7
2016521608929,7,9,0,18,0,0,0,0,0,0,1,1,6,1,21,5,2993,2,9,6,1,6
2016521608929,8,9,0,18,0,0,0,0,0,0,1,1,6,2,32,6,1598,2,4,10,1,10
2016521608931,1,9,0,3,0,0,0,0,0,0,2,1,6,1,72,10,1560,2,-1,9,2,9
2016521608931,2,9,0,18,0,0,0,0,0,0,1,1,6,1,58,9,1587,1,13,9,1,9
2016521608937,1,9,0,7,0,6,0,0,0,0,1,1,6,3,-1,-1,-1,-1,-1,-1,-1,-1
2016521608939,1,9,0,18,0,2,0,0,0,0,4,1,6,2,59,9,1242,1,17,9,1,9
2016521608940,1,9,0,9,0,5,0,0,0,0,1,1,6,2,52,8,1970,1,13,9,2,9
2016521608941,1,9,0,8,0,6,0,0,0,0,2,1,6,1,32,6,1796,1,12,1,1,1
2016521608941,2,9,0,8,0,1,0,0,0,0,1,1,6,1,72,10,3000,2,22,9,2,9
2016521608951,1,9,0,7,4,5,0,0,0,0,3,1,6,1,30,6,1968,2,2,-1,-1,-1
2016521608951,2,1,0,18,4,1,0,0,0,0,1,1,6,2,25,5,-1,-1,-1,6,1,6
2016521608952,1,9,0,6,0,2,0,0,0,0,4,1,6,1,33,6,1390,1,10,3,1,3
2016521608952,2,9,0,18,0,2,1,0,0,0,1,1,6,1,27,6,1968,2,9,2,1,2
2016521608952,3,9,0,2,0,2,0,0,0,0,1,1,6,2,21,5,1229,1,2,6,1,6
2016521608952,4,9,0,2,0,2,0,0,0,0,1,1,6,3,30,6,1339,1,12,6,1,6
2016521608956,1,9,0,18,0,8,0,0,0,0,1,1,6,2,82,11,1598,2,4,10,1,10
2016521608956,2,9,0,10,0,6,0,0,0,0,1,1,6,2,50,8,1598,1,10,9,3,9
2016521608960,1,9,0,7,0,6,0,0,0,0,4,1,6,1,40,7,1996,1,1,1,1,1
2016521608960,2,1,0,18,0,8,0,0,0,0,1,1,6,1,32,6,-1,-1,-1,2,1,2
2016521608961,1,9,0,9,0,5,0,0,0,0,1,1,6,1,87,11,-1,-1,-1,10,1,10
2016521608961,2,4,0,18,0,8,0,0,0,0,1,1,6,1,21,5,124,1,7,6,1,6
2016521608967,1,1,0,18,0,8,0,0,0,0,1,1,6,1,39,7,-1,-1,-1,6,1,6
2016521608967,2,9,0,3,0,6,0,0,0,0,1,1,6,1,31,6,5379,1,16,7,1,7
2016521608970,1,16,0,18,0,0,0,0,0,0,2,1,6,1,68,10,-1,-1,-1,10,1,10
2016521608970,2,9,0,18,0,0,0,0,0,0,1,1,6,1,61,9,1596,1,15,8,3,8
2016521608974,1,9,0,18,0,0,1,0,0,0,1,1,6,1,24,5,1360,2,22,7,1,7
2016521608974,2,9,0,3,0,0,0,0,0,0,2,1,6,2,63,9,2000,2,12,7,1,7
2016521608974,3,9,0,3,0,0,0,0,0,0,2,1,6,1,35,6,1596,1,15,9,1,9