Accident_Index,Vehicle_Reference,Vehicle_Type,Towing_and_Articulation,Vehicle_Manoeuvre,Vehicle_Location-Restricted_Lane,Junction_Location,Skidding_and_Overturning,Hit_Object_in_Carriageway,Vehicle_Leaving_Carriageway,Hit_Object_off_Carriageway,1st_Point_of_Impact,Was_Vehicle_Left_Hand_Drive?,Journey_Purpose_of_Driver,Sex_of_Driver,Age_of_Driver,Age_Band_of_Driver,Engine_Capacity_(CC),Propulsion_Code,Age_of_Vehicle,Driver_IMD_Decile,Driver_Home_Area_Type,Vehicle_IMD_Decile
2016521608976,1,1,0,18,0,8,0,0,0,0,1,1,6,1,40,7,-1,-1,-1,1,1,1
2016521608976,2,19,0,9,0,5,0,0,0,0,3,1,1,3,-1,-1,2198,2,9,-1,-1,-1
2016521608980,1,3,0,18,0,0,0,0,0,0,1,1,6,1,31,6,125,1,1,6,2,6
2016521608980,2,19,0,3,0,0,0,0,0,0,2,1,1,1,49,8,1598,2,1,1,1,1
2016521608984,1,9,0,9,0,5,0,0,0,0,4,1,6,1,56,9,1995,2,7,7,1,7
2016521608984,2,1,0,18,0,8,0,0,0,0,1,1,6,1,24,5,-1,-1,-1,5,1,5
2016521608987,1,9,0,11,0,3,0,0,0,0,4,1,6,1,68,10,1995,2,2,2,1,2
2016521608987,2,20,0,18,0,3,0,0,0,0,3,1,1,1,36,7,7146,2,8,5,1,5
2016521608991,1,9,0,18,0,0,1,0,0,0,3,1,6,1,32,6,-1,-1,-1,4,1,4
2016521608991,2,9,0,18,0,0,0,0,0,0,3,1,6,2,77,11,1598,1,2,6,1,6
2016521609000,1,9,0,3,0,8,0,0,0,0,2,1,6,1,31,6,1248,1,5,1,1,1
2016521609000,2,9,0,4,0,8,0,0,0,0,1,1,6,1,49,8,1598,1,13,2,1,2
2016521609002,1,3,0,18,0,8,0,0,0,0,3,1,6,2,28,6,498,1,16,6,1,6
2016521609002,2,9,0,18,0,8,0,0,0,0,4,1,6,3,-1,-1,-1,-1,-1,-1,-1,-1
2016521609005,1,5,0,14,0,8,0,0,0,0,2,1,6,1,33,6,601,1,11,6,1,6
2016521609005,2,9,0,7,0,6,0,0,0,0,1,1,6,1,37,7,-1,-1,-1,5,1,5
2016521609011,1,11,0,18,0,1,0,0,0,0,3,1,6,1,52,8,9360,2,9,3,1,3
2016521609011,2,1,0,13,2,1,0,0,0,0,4,1,6,2,21,5,-1,-1,-1,3,1,3
2016521609012,1,9,0,9,0,5,0,0,0,0,1,1,6,3,80,11,1598,1,15,9,2,9
2016521609012,2,5,0,18,0,8,1,0,0,0,1,1,6,1,25,5,598,1,18,8,3,8
2016521609018,1,9,0,4,0,1,0,0,0,0,1,1,6,1,29,6,1598,2,1,-1,1,-1
2016521609018,2,1,0,5,0,8,0,0,0,0,3,1,6,2,13,3,-1,-1,-1,-1,-1,-1
2016521609019,1,9,0,6,0,8,0,0,0,0,1,1,6,1,33,6,-1,-1,-1,1,1,1
2016521609019,2,1,0,18,0,8,0,0,0,0,2,1,6,2,46,8,-1,-1,-1,1,1,1
2016521609027,1,9,0,18,0,1,0,0,0,0,1,1,6,1,54,8,-1,-1,-1,4,1,4
2016521609029,1,9,0,5,0,0,0,0,0,0,2,1,6,2,39,7,1796,1,4,1,1,1
2016521609029,2,5,0,18,0,0,1,0,0,0,1,1,6,1,49,8,999,1,10,3,1,3
2016521609031,1,9,0,18,0,0,0,0,0,0,1,1,6,1,66,10,1686,2,5,3,1,3
2016521609031,2,1,0,12,0,0,0,0,0,0,3,1,6,1,25,5,-1,-1,-1,-1,-1,-1
2016521609037,1,19,0,1,0,6,0,0,0,0,2,1,6,1,28,6,2143,2,4,8,2,8
2016521609037,2,19,0,2,0,2,0,0,0,0,0,1,6,1,47,8,2402,2,11,9,3,9
2016521609040,1,19,0,2,0,0,0,4,0,0,1,1,6,1,65,9,1753,2,11,5,1,5
2016521609040,2,9,0,5,0,0,0,0,0,0,1,1,6,1,40,7,1951,2,16,-1,-1,-1
2016521609041,1,11,0,4,0,0,0,0,0,0,0,1,1,1,18,4,-1,-1,-1,-1,-1,-1
2016521609049,1,9,0,18,0,0,0,0,0,0,3,1,6,2,28,6,1598,1,3,8,1,8
2016521609050,1,8,0,1,0,0,0,0,0,0,2,1,3,1,50,8,2987,2,4,-1,-1,-1
2016521609052,1,9,0,18,0,0,0,0,0,0,4,1,6,1,91,11,1339,1,13,9,1,9
2016521609052,2,9,0,2,0,0,0,0,0,0,3,1,6,3,-1,-1,-1,-1,-1,-1,-1,-1
2016521609052,3,9,0,2,0,0,0,0,0,0,2,1,6,2,17,4,1299,1,11,9,1,9
2016521609053,1,9,0,18,0,1,0,0,0,0,0,1,6,1,37,7,-1,-1,-1,-1,-1,-1
2016521609073,1,9,0,9,0,8,0,0,0,0,4,1,6,1,67,10,1395,1,2,10,1,10
2016521609073,2,9,0,18,0,4,0,0,0,0,1,1,6,1,47,8,1997,2,13,-1,-1,-1
2016521609074,1,8,0,18,2,1,0,0,0,0,3,1,1,1,53,8,1910,2,10,7,1,7
2016521609074,2,1,0,11,0,1,0,0,0,0,4,1,6,1,48,8,-1,-1,-1,9,1,9
2016521609076,1,9,0,18,0,0,0,0,0,0,1,1,6,1,70,10,1108,1,14,7,3,7
2016521609076,2,9,0,3,0,0,0,0,0,0,2,1,6,2,60,9,1794,1,11,9,2,9
2016521609076,3,9,0,3,0,0,0,0,0,0,2,1,6,2,29,6,1390,1,14,7,1,7
2016521609083,1,9,0,9,0,8,0,0,0,0,3,1,6,2,-1,-1,1329,1,4,3,1,3
2016521609083,2,3,0,18,0,1,0,0,0,0,1,1,6,1,30,6,-1,-1,-1,6,1,6
2016521609087,1,9,0,5,0,2,0,0,0,0,1,1,6,1,20,4,1364,1,10,1,1,1
2016521609087,2,9,0,3,0,2,0,0,0,0,2,1,6,3,-1,-1,1896,2,13,-1,-1,-1
2016521609095,1,9,0,18,0,8,0,0,0,0,1,1,3,1,38,7,1598,1,9,1,1,1
2016521609100,1,8,0,7,0,8,0,0,0,0,1,1,6,1,64,9,998,1,18,9,3,9
2016521609103,1,8,0,18,0,8,0,0,0,0,0,1,1,3,-1,-1,-1,-1,-1,-1,-1,-1
2016521609107,1,9,0,18,0,0,0,0,0,0,4,1,6,1,25,5,1968,2,4,6,1,6
2016521609107,2,9,0,3,0,0,0,0,0,0,3,1,6,2,50,8,-1,-1,-1,2,1,2
2016521609109,1,9,0,9,0,8,0,0,0,0,1,1,6,1,62,9,1598,1,18,2,1,2
2016521609111,1,9,0,18,0,0,0,4,0,0,2,1,6,1,68,10,1598,1,4,-1,-1,-1
2016521609111,2,9,0,2,0,0,0,0,0,0,1,1,1,3,-1,-1,1248,2,10,-1,-1,-1
2016521609111,3,9,0,2,0,0,0,0,0,0,1,1,6,3,-1,-1,2494,1,11,-1,-1,-1
2016521609111,4,9,0,18,0,0,0,0,0,0,0,1,6,1,30,6,-1,-1,-1,-1,-1,-1
2016521609112,1,9,0,4,0,4,0,0,0,0,1,1,6,1,19,4,1149,1,6,6,1,6
2016521609112,2,9,0,9,0,8,0,0,0,0,4,1,6,1,53,8,2497,2,10,5,1,5
2016521609117,1,9,0,9,0,6,0,0,0,0,1,1,6,2,19,4,1242,1,7,4,1,4
2016521609117,2,9,0,18,0,1,0,0,0,0,3,1,6,2,57,9,-1,-1,-1,4,1,4
2016521609122,1,9,0,9,0,6,0,0,0,0,3,1,6,3,-1,-1,-1,-1,-1,-1,-1,-1
2016521609122,2,9,0,18,0,8,0,0,0,0,1,1,6,1,25,5,-1,-1,-1,9,3,9
2016521609123,1,9,0,7,0,3,0,0,0,0,4,1,6,3,24,5,1998,7,12,5,1,5
2016521609125,1,5,0,18,0,0,0,0,0,0,1,1,6,1,66,10,800,1,2,-1,1,-1
2016521609125,2,9,0,18,0,0,0,0,0,0,2,1,6,1,77,11,1995,2,2,-1,3,-1
2016521609127,1,9,0,9,0,8,0,0,0,0,1,1,6,1,20,4,1229,1,2,3,1,3
2016521609127,2,9,0,18,0,8,0,0,0,0,3,1,6,2,60,9,1798,1,-1,7,1,7
2016521609130,1,9,0,18,0,1,0,0,0,0,2,1,6,1,32,6,1598,1,11,1,1,1
2016521609130,2,9,0,18,0,1,0,0,0,0,1,1,6,1,37,7,-1,-1,-1,-1,2,-1
2016521609141,1,9,0,9,0,8,0,0,0,0,3,1,6,2,46,8,898,1,1,9,1,9
2016521609141,2,5,0,18,0,8,0,0,0,0,1,1,6,1,47,8,599,1,13,-1,-1,-1
2016521609146,1,9,0,18,0,4,0,0,0,0,1,1,6,2,47,8,1199,1,14,2,1,2
2016521609146,2,1,0,18,0,8,0,0,0,0,4,1,6,1,52,8,-1,-1,-1,6,1,6
2016521609147,1,9,0,9,0,6,0,0,0,0,3,1,6,1,24,5,-1,-1,-1,10,1,10
2016521609147,2,5,0,18,0,8,0,0,0,0,1,1,6,1,58,9,-1,-1,-1,9,3,9
2016521609161,1,9,0,18,0,8,5,0,0,0,3,1,6,2,25,5,1390,1,13,10,2,10
2016521609161,2,9,0,9,0,6,0,0,0,0,1,1,6,1,43,7,998,1,-1,7,1,7
2016521609163,1,9,0,7,0,5,0,0,0,0,4,1,6,1,24,5,-1,-1,-1,7,1,7
2016521609163,2,1,0,18,0,8,0,0,0,0,1,1,6,1,27,6,-1,-1,-1,4,1,4
2016521609167,1,5,0,18,0,8,0,0,0,0,1,1,6,1,20,4,487,1,9,1,1,1
2016521609167,2,9,0,9,0,6,0,0,0,0,4,1,6,1,48,8,2000,2,7,4,1,4
2016521609169,1,9,0,9,0,6,0,0,0,0,1,1,6,2,19,4,1242,1,9,9,1,9
2016521609169,2,9,0,18,0,1,0,0,0,0,1,1,6,1,63,9,-1,-1,-1,9,3,9
2016521609169,3,9,0,18,0,1,0,0,0,0,1,1,6,2,23,5,1396,2,5,9,1,9
2016521609174,1,9,0,7,0,5,0,0,0,0,4,1,6,1,44,7,1598,2,5,10,1,10
2016521609174,2,1,0,18,0,8,0,0,0,0,1,1,6,1,44,7,-1,-1,-1,6,3,6
2016521609177,1,9,0,5,0,6,0,0,0,0,3,1,6,2,58,9,1598,1,6,2,1,2
2016521609177,2,2,0,18,0,8,0,0,0,0,1,1,6,1,17,4,49,1,2,1,1,1
2016521609181,1,9,0,17,0,0,0,0,1,0,3,1,6,2,48,8,1753,2,14,7,3,7
2016521609181,2,9,0,16,0,0,0,0,0,0,3,1,6,3,40,7,-1,-1,-1,-1,-1,-1
2016521609193,1,9,0,18,0,0,0,0,0,0,0,1,6,1,36,7,1600,2,5,8,3,8
2016521609205,1,9,0,18,0,0,0,0,1,10,0,1,6,1,49,8,1395,1,2,5,1,5
2016521609207,1,9,0,4,0,1,0,0,0,0,4,1,6,1,23,5,-1,-1,-1,5,1,5
2016521609207,2,20,0,18,0,1,0,0,0,0,3,1,6,1,56,9,5880,2,10,4,1,4
2016521609210,1,2,0,18,0,1,0,0,0,0,1,1,6,1,38,7,125,1,1,6,3,6
2016521609210,2,9,0,18,0,1,0,0,0,0,1,1,6,2,51,8,2143,2,-1,10,2,10
2016521609211,1,9,0,18,0,1,0,0,0,0,1,1,6,2,61,9,2204,2,7,9,1,9
2016521609211,2,9,0,18,0,1,0,0,0,0,2,1,6,2,55,8,1242,1,8,8,2,8
2016521609211,3,9,0,18,0,1,0,0,0,0,2,1,6,2,30,6,1753,2,11,10,2,10
2016521609211,4,20,0,9,0,6,0,0,0,0,0,1,6,1,67,10,-1,-1,-1,10,1,10
2016521609213,1,9,0,18,0,0,0,0,0,0,3,1,6,2,81,11,1796,1,8,7,1,7
2016521609215,1,9,0,18,0,3,0,0,0,0,1,1,6,2,62,9,1197,1,3,8,3,8
2016521609224,1,1,0,18,0,0,0,0,0,0,4,1,6,1,62,9,-1,-1,-1,2,1,2
2016521609224,2,9,0,11,0,0,0,0,0,0,1,1,6,2,40,7,1329,1,6,-1,-1,-1
2016521609225,1,9,0,3,0,1,0,0,0,0,2,1,6,1,23,5,1229,1,12,9,1,9
2016521609225,2,9,0,3,0,1,0,0,0,0,2,1,6,2,25,5,1399,2,13,-1,-1,-1
2016521609225,3,9,0,3,0,1,0,0,0,0,2,1,6,1,30,6,-1,-1,-1,-1,-1,-1
2016521609235,1,9,0,17,0,0,1,0,0,0,3,1,6,2,25,5,1360,1,13,7,1,7
2016521609235,2,9,0,16,0,0,0,0,0,0,3,1,6,1,33,6,-1,-1,-1,6,1,6
2016521609238,1,9,0,5,0,4,0,0,0,0,3,1,6,2,40,7,1997,2,6,10,1,10
2016521609238,2,1,0,18,0,8,0,0,0,0,1,1,6,1,38,7,-1,-1,-1,9,1,9
2016521609240,1,9,0,18,0,6,0,0,0,0,1,1,6,1,45,7,1595,1,17,1,1,1
2016521609240,2,9,0,18,0,8,0,0,0,0,3,1,6,1,75,10,1560,2,5,10,2,10
2016521609244,1,9,0,9,0,5,0,0,0,0,1,1,6,1,42,7,2231,2,9,8,1,8
2016521609244,2,1,0,15,0,8,0,0,0,0,1,1,6,2,23,5,-1,-1,-1,8,1,8
2016521609255,1,9,0,9,0,5,0,0,0,0,1,1,1,1,40,7,1560,2,4,3,1,3
2016521609255,2,9,0,18,0,8,0,0,1,1,3,1,6,1,51,8,-1,-1,-1,9,1,9
2016521609256,1,9,0,18,0,3,0,0,0,0,2,1,3,2,37,7,1685,2,3,8,1,8
2016521609256,2,9,0,18,0,3,0,0,0,0,1,1,3,2,47,8,1997,2,11,5,1,5
2016521609256,3,9,0,18,0,3,0,0,0,0,1,1,3,1,35,6,-1,-1,-1,5,3,5
2016521609260,1,9,0,4,0,8,0,0,0,0,2,1,6,2,36,7,1598,1,3,3,1,3
2016521609260,2,11,0,18,0,8,0,0,0,0,1,1,6,1,57,9,9600,2,18,9,1,9
2016521609263,1,11,0,5,9,6,0,0,0,0,4,1,1,3,-1,-1,-1,-1,-1,-1,-1,-1
2016521609265,1,9,0,18,0,0,0,0,0,0,1,1,6,2,50,8,1598,1,3,9,1,9
2016521609265,2,9,0,18,0,0,0,0,0,0,1,1,6,1,26,6,1248,1,3,10,1,10
2016521609265,3,9,0,4,0,0,0,0,0,0,3,1,6,2,42,7,1398,2,10,7,3,7
2016521609266,1,9,0,18,0,6,0,0,0,0,1,1,6,1,89,11,1240,1,7,9,1,9
2016521609266,2,9,0,18,0,8,0,0,0,0,4,1,6,2,65,9,1560,2,6,10,1,10
2016521609266,3,5,0,18,0,1,0,0,0,0,1,1,6,1,62,9,955,1,12,4,1,4
2016521609273,1,1,0,18,0,8,0,0,0,0,4,1,6,1,69,10,-1,-1,-1,10,1,10
2016521609273,2,9,0,7,0,6,0,0,0,0,1,1,6,1,38,7,2967,2,6,-1,-1,-1
2016521609274,1,9,0,18,0,2,0,0,0,0,1,1,6,1,24,5,-1,-1,-1,8,1,8
2016521609278,1,9,0,18,0,0,0,0,0,0,1,1,6,2,37,7,1398,2,9,7,1,7
2016521609278,2,9,0,18,0,0,0,0,0,0,4,1,6,1,42,7,2000,2,7,7,3,7
2016521609278,3,9,0,18,0,0,0,0,0,0,2,1,6,1,51,8,1991,8,-1,10,2,10
2016521609278,4,9,0,18,0,0,0,0,0,0,2,1,6,1,32,6,1229,1,3,8,3,8
2016521609278,5,9,0,3,0,0,0,0,0,0,2,1,6,2,50,8,1995,2,8,4,3,4
2016521609278,6,9,0,3,0,0,0,0,0,0,2,1,6,2,56,9,998,1,3,7,3,7
2016521609283,1,9,0,9,0,5,0,0,0,0,4,1,6,1,36,7,2148,2,16,6,1,6
2016521609283,2,9,0,18,0,8,0,0,0,0,1,1,6,2,55,8,1242,1,7,6,1,6
2016521609284,1,9,0,1,0,0,0,4,0,0,2,1,6,1,18,4,1124,1,13,3,1,3
2016521609284,2,9,0,2,0,0,0,0,0,0,2,1,6,2,22,5,1248,2,7,3,1,3
2016521609286,1,9,0,10,0,1,0,0,0,0,2,1,6,2,50,8,1560,2,2,10,2,10
2016521609286,2,9,0,3,0,1,0,0,0,0,2,1,6,2,18,4,-1,-1,-1,9,3,9
2016521609286,3,9,0,3,0,1,0,0,0,0,2,1,6,1,35,6,1896,2,12,-1,-1,-1
2016521609286,4,9,0,18,0,1,0,0,0,0,1,1,6,1,45,7,1598,1,9,4,1,4
2016521609288,1,9,0,3,0,1,0,0,0,0,2,1,6,2,40,7,698,1,12,6,1,6
2016521609288,2,9,0,18,0,1,0,0,0,0,1,1,6,3,30,6,-1,-1,-1,-1,-1,-1
2016521609290,1,9,0,18,0,1,1,0,0,0,2,1,6,1,37,7,1398,2,12,1,1,1
2016521609290,2,9,0,18,0,1,0,0,0,0,1,1,6,2,65,9,1598,1,13,-1,-1,-1
2016521609302,1,11,0,18,0,0,0,0,0,0,1,1,1,1,55,8,-1,-1,-1,-1,-1,-1
2016521609308,1,9,0,18,0,1,0,0,0,0,0,1,6,2,40,7,-1,-1,-1,-1,-1,-1
2016521609321,1,9,0,18,0,0,0,0,0,0,1,1,6,1,50,8,1991,2,8,-1,-1,-1
2016521609332,1,9,0,5,0,6,0,0,0,0,3,1,6,2,31,6,1990,1,12,1,1,1
2016521609332,2,1,0,18,0,8,0,0,0,0,1,1,6,1,24,5,-1,-1,-1,8,1,8
2016521609335,1,9,0,10,0,6,0,0,0,0,3,1,6,2,40,7,1998,1,1,7,3,7
2016521609335,2,1,0,18,0,8,0,0,0,0,1,1,6,2,27,6,-1,-1,-1,5,1,5
2016521609337,1,2,0,3,0,1,0,0,0,0,2,1,6,1,40,7,-1,-1,-1,4,1,4
2016521609337,2,9,0,18,0,1,0,0,0,0,1,1,6,3,25,5,-1,-1,-1,-1,-1,-1
2016521609345,1,9,0,18,0,3,0,0,0,0,4,1,6,1,42,7,-1,-1,-1,4,1,4
2016521609348,1,9,0,4,0,8,0,0,0,0,1,1,6,1,-1,-1,-1,-1,-1,-1,-1,-1
2016521609349,1,16,0,3,0,0,0,0,0,0,0,1,6,2,26,6,-1,-1,-1,10,1,10
2016521609349,2,9,0,18,0,0,0,0,0,0,0,1,6,3,-1,-1,-1,-1,-1,-1,-1,-1
2016521609354,1,1,0,18,0,8,0,0,0,0,1,1,6,1,17,4,-1,-1,-1,10,1,10
2016521609354,2,9,0,9,0,8,0,0,0,0,1,1,6,1,41,7,1968,2,6,-1,2,-1
2016521609360,1,9,0,9,0,6,0,0,0,0,0,1,6,1,69,10,1390,1,2,9,1,9
2016521609360,2,1,0,18,0,8,0,0,0,0,0,1,6,2,45,7,-1,-1,-1,8,3,8
2016521609363,1,1,0,18,0,8,0,0,0,0,1,1,2,1,54,8,-1,-1,-1,2,1,2
2016521609363,2,9,0,9,0,5,0,0,0,0,1,1,2,1,32,6,1968,2,1,4,1,4
2016521609373,1,9,0,18,0,2,0,0,7,10,1,1,6,2,55,8,1590,1,13,5,1,5
2016521609376,1,9,0,10,0,8,0,0,0,0,1,1,6,2,27,6,1598,1,11,6,2,6
2016521609376,2,9,0,18,0,8,0,0,0,0,1,1,6,1,31,6,1598,1,14,7,1,7
2016521609380,1,1,0,18,0,0,0,0,0,0,2,1,6,1,30,6,-1,-1,-1,8,1,8
2016521609380,2,9,0,18,0,0,0,0,0,0,1,1,6,1,24,5,2497,1,10,5,1,5
2016521609380,3,9,0,18,0,0,0,0,0,0,1,1,6,2,23,5,1200,1,-1,1,1,1
2016521609381,1,9,0,6,0,0,0,0,0,0,3,1,6,1,24,5,998,1,1,6,1,6
2016521609381,2,2,0,18,0,0,0,0,0,0,1,1,6,1,19,4,49,1,14,5,1,5
2016521609383,1,9,0,18,0,0,0,0,1,0,1,1,6,1,23,5,-1,-1,-1,4,1,4
2016521609388,1,1,0,18,0,1,0,0,0,0,2,1,1,1,25,5,-1,-1,-1,7,1,7
2016521609388,2,9,0,18,0,1,0,0,0,0,1,1,6,3,21,5,-1,-1,-1,-1,-1,-1
2016521609398,1,9,0,18,0,0,1,0,2,0,1,1,6,2,48,8,1796,1,12,9,3,9
2016521609398,2,9,0,18,0,0,0,0,0,0,1,1,6,1,27,6,-1,-1,-1,2,1,2
2016521609402,1,9,0,5,0,4,0,0,0,0,4,1,6,2,26,6,1386,1,11,3,1,3
2016521609402,2,90,0,5,0,4,0,0,0,0,3,1,6,3,-1,-1,-1,-1,-1,-1,-1,-1
2016521609405,1,5,0,18,0,0,0,0,0,0,1,1,6,1,23,5,125,1,11,4,1,4
2016521609405,2,9,0,6,0,0,0,0,0,0,3,1,6,1,20,4,1198,1,8,4,1,4
2016521609406,1,9,0,9,2,5,0,0,0,0,3,1,6,2,19,4,1242,1,10,2,1,2
2016521609406,2,4,0,18,2,1,0,0,0,0,1,1,6,2,38,7,124,1,9,10,1,10
2016521609409,1,9,0,9,0,8,0,0,0,0,4,1,6,1,51,8,-1,-1,-1,4,1,4
2016521609409,2,9,0,18,0,1,0,0,0,0,3,1,6,2,29,6,1198,1,12,8,2,8
2016521609417,1,9,0,14,0,0,0,0,0,0,1,1,6,2,60,9,1229,1,6,1,1,1
2016521609418,1,1,0,18,4,8,0,0,0,0,1,1,6,1,33,6,-1,-1,-1,1,1,1
2016521609418,2,9,0,7,0,6,0,0,0,0,3,1,6,1,21,5,-1,-1,-1,-1,-1,-1
2016521609419,1,9,0,5,0,2,0,0,0,0,3,1,6,1,64,9,1910,2,12,5,1,5
2016521609421,1,9,0,4,0,0,0,0,0,0,2,1,6,1,55,8,1086,1,10,9,1,9
2016521609421,2,9,0,18,0,0,0,0,0,0,1,1,6,1,42,7,1896,2,10,10,1,10
2016521609424,1,9,0,9,0,6,0,0,0,0,4,1,6,2,24,5,1799,1,9,2,1,2
2016521609424,2,9,0,18,0,8,0,0,0,0,1,1,6,1,39,7,1796,1,11,4,1,4
2016521609432,1,21,0,5,0,0,0,0,0,0,1,1,6,1,45,7,-1,-1,-1,-1,1,-1
2016521609433,1,9,0,9,0,5,0,0,0,0,4,1,6,1,54,8,1999,2,-1,7,1,7
2016521609433,2,1,0,15,0,8,0,0,0,0,1,1,6,1,35,6,-1,-1,-1,10,1,10
2016521609434,1,9,0,18,0,8,0,0,0,0,1,1,6,1,21,5,1390,1,13,6,1,6
2016521609434,2,9,0,9,0,6,0,0,0,0,3,1,6,1,23,5,1248,2,5,1,1,1
2016521609436,1,9,0,18,0,8,0,0,0,0,1,1,6,1,56,9,-1,-1,-1,7,3,7
2016521609436,2,9,0,9,0,6,0,0,0,0,3,1,6,1,-1,-1,1498,1,8,8,3,8
2016521609437,1,4,0,18,0,8,0,0,0,0,1,1,2,1,21,5,125,1,9,3,1,3
2016521609437,2,9,0,9,0,6,0,0,0,0,3,1,6,2,56,9,1360,1,12,-1,-1,-1
2016521609439,1,9,0,17,0,0,1,0,0,0,0,1,6,2,20,4,973,1,14,2,1,2
2016521609456,1,9,0,18,0,0,2,0,1,10,1,1,6,1,21,5,1998,1,12,8,1,8
2016521609457,1,9,0,9,0,5,0,0,0,0,3,1,6,1,69,10,1998,1,12,4,1,4
2016521609460,1,9,0,18,0,1,0,0,0,0,4,1,6,1,40,7,1596,1,8,4,1,4
2016521609468,1,1,0,18,0,2,0,0,0,0,2,1,6,2,29,6,-1,-1,-1,6,1,6
2016521609468,2,8,0,5,0,7,0,0,0,0,1,1,6,1,50,8,1968,2,4,-1,-1,-1
2016521609470,1,5,0,18,0,0,0,0,0,0,0,1,6,1,52,8,-1,-1,-1,3,1,3
2016521609471,1,9,0,18,0,3,0,0,0,0,1,1,6,1,26,6,1388,1,12,4,1,4
2016521609471,2,9,0,18,0,3,0,0,0,0,2,1,6,1,39,7,1339,1,9,3,1,3
2016521609479,1,1,0,18,0,1,0,0,0,0,2,1,6,2,32,6,-1,-1,-1,-1,-1,-1
2016521609479,2,9,0,12,8,1,0,0,0,0,3,1,6,3,45,7,-1,-1,-1,-1,-1,-1
2016521609483,1,9,0,1,0,0,0,0,0,0,2,1,6,2,83,11,1997,2,12,10,1,10
2016521609483,2,9,0,2,0,0,0,0,0,0,1,1,6,1,58,9,-1,-1,-1,7,1,7
2016521609484,1,9,0,3,0,0,0,0,0,0,2,1,6,2,44,7,1753,2,7,10,2,10
2016521609484,2,9,0,4,0,0,0,0,0,0,1,1,6,1,43,7,1360,1,13,-1,1,-1
2016521609492,1,1,0,18,0,1,0,0,0,0,3,1,2,2,25,5,-1,-1,-1,8,1,8
2016521609492,2,9,0,9,0,6,0,0,0,0,1,1,6,2,35,6,-1,-1,-1,-1,-1,-1
2016521609502,1,9,0,7,0,5,0,0,0,0,4,1,6,1,56,9,1229,1,6,8,2,8
2016521609502,2,1,0,15,0,1,0,0,0,0,1,1,6,1,43,7,-1,-1,-1,-1,-1,-1
2016521609505,1,9,0,17,0,0,0,0,0,0,0,1,6,1,66,10,1560,2,4,10,1,10
2016521609510,1,9,0,3,0,0,0,0,0,0,2,1,6,2,37,7,1598,1,9,-1,1,-1
2016521609510,2,9,0,3,0,0,0,0,0,0,2,1,6,1,24,5,-1,-1,-1,-1,1,-1
2016521609510,3,9,0,4,0,0,0,0,0,0,1,1,6,2,20,4,1390,1,12,9,1,9
2016521609528,1,1,0,18,0,2,0,0,0,0,4,1,2,2,44,7,-1,-1,-1,5,1,5
2016521609528,2,9,0,9,0,6,0,0,0,0,1,1,6,1,40,7,-1,-1,-1,-1,-1,-1
2016521609535,1,9,0,3,0,1,0,0,0,0,2,1,6,2,39,7,1560,2,5,1,1,1
2016521609535,2,8,0,18,0,1,0,0,0,0,1,1,6,1,39,7,2143,2,-1,2,1,2
2016521609536,1,9,0,9,0,8,0,0,0,0,1,1,6,2,20,4,1596,1,13,5,1,5
2016521609536,2,2,0,18,0,8,0,0,0,0,1,1,6,2,16,4,49,1,-1,7,3,7
2016521609538,1,9,0,9,0,6,0,0,0,0,3,1,6,2,57,9,1198,1,3,9,1,9
2016521609538,2,1,0,18,0,8,0,0,0,0,1,1,6,1,73,10,-1,-1,-1,9,1,9
2016521609543,1,9,0,18,0,1,0,0,0,0,3,1,6,2,42,7,1984,1,9,6,1,6
2016521609543,2,9,0,18,0,8,5,0,0,0,1,1,6,2,18,4,1198,1,11,8,3,8
2016521609543,3,9,0,9,0,4,0,0,0,0,1,1,6,1,58,9,-1,-1,-1,1,1,1
2016521609549,1,9,0,18,0,7,0,0,0,0,1,1,6,1,29,6,1999,2,-1,10,1,10
2016521609549,2,9,0,18,0,7,0,0,0,0,2,1,6,1,57,9,2143,2,-1,9,1,9
2016521609555,1,9,0,18,0,1,0,0,1,1,1,1,6,1,64,9,1587,1,13,9,1,9
2016521609565,1,21,0,18,0,8,0,0,0,0,1,1,1,1,56,9,-1,-1,-1,6,1,6
2016521609565,2,4,0,9,0,6,0,0,0,0,3,1,6,1,45,7,-1,-1,-1,3,1,3
2016521609566,1,9,0,9,0,1,0,0,0,0,1,1,1,1,40,7,1390,1,12,1,1,1
2016521609566,2,1,0,5,0,1,0,0,0,0,1,1,6,1,35,6,-1,-1,-1,8,1,8
2016521609570,1,9,0,9,0,5,0,0,0,0,4,1,6,1,25,5,-1,-1,-1,2,1,2
2016521609570,2,1,0,18,0,8,0,0,0,0,1,1,6,2,27,6,-1,-1,-1,-1,-1,-1
2016521609586,1,9,0,18,0,5,0,0,0,0,1,1,6,1,50,8,1598,1,2,9,1,9
2016521609586,2,9,0,3,0,5,0,0,0,0,2,1,6,1,48,8,1999,1,11,7,1,7
2016521609586,3,9,0,3,0,5,0,0,0,0,2,1,6,2,26,6,1242,1,9,6,1,6
2016521609589,1,9,0,18,0,3,0,0,0,0,1,1,6,3,-1,-1,1796,1,15,-1,-1,-1
2016521609590,1,9,0,9,0,8,0,0,0,0,1,1,6,1,35,6,1398,2,14,8,1,8
2016521609590,2,1,0,18,0,8,0,0,0,0,1,1,6,1,23,5,-1,-1,-1,1,1,1
2016521609591,1,9,0,3,0,1,0,0,0,1,2,1,6,1,48,8,1834,1,16,3,1,3