Accident_Index,Vehicle_Reference,Vehicle_Type,Towing_and_Articulation,Vehicle_Manoeuvre,Vehicle_Location-Restricted_Lane,Junction_Location,Skidding_and_Overturning,Hit_Object_in_Carriageway,Vehicle_Leaving_Carriageway,Hit_Object_off_Carriageway,1st_Point_of_Impact,Was_Vehicle_Left_Hand_Drive?,Journey_Purpose_of_Driver,Sex_of_Driver,Age_of_Driver,Age_Band_of_Driver,Engine_Capacity_(CC),Propulsion_Code,Age_of_Vehicle,Driver_IMD_Decile,Driver_Home_Area_Type,Vehicle_IMD_Decile
2016521609591,2,9,0,4,0,1,0,0,0,0,1,1,6,2,70,10,-1,-1,-1,-1,-1,-1
2016521609598,1,9,0,18,0,5,0,0,0,0,0,1,6,3,-1,-1,-1,-1,-1,-1,-1,-1
2016521609601,1,9,0,18,0,8,0,0,0,0,1,1,6,1,29,6,1968,2,1,9,1,9
2016521609604,1,9,0,18,0,0,0,0,0,0,1,1,6,1,26,6,1598,2,3,1,1,1
2016521609605,1,9,0,18,0,0,1,0,0,0,1,1,6,1,34,6,1332,1,18,6,1,6
2016521609605,2,9,0,18,0,0,0,0,0,0,1,1,6,1,33,6,-1,-1,-1,-1,3,-1
2016521609619,1,9,0,7,0,6,0,0,0,0,3,1,6,2,38,7,-1,-1,-1,4,1,4
2016521609619,2,1,0,18,0,1,0,0,0,0,1,1,6,2,36,7,-1,-1,-1,6,1,6
2016521609620,1,9,0,18,0,8,0,0,0,0,4,1,6,1,35,6,1975,1,10,1,1,1
2016521609620,2,9,0,9,0,6,0,0,0,0,1,1,6,1,26,6,1870,2,13,-1,-1,-1
2016521609639,1,11,0,5,0,6,0,0,0,0,1,1,6,1,58,9,4461,2,3,5,1,5
2016521609639,2,1,0,18,0,1,0,0,0,0,1,1,6,1,50,8,-1,-1,-1,2,1,2
2016521609642,1,5,0,17,0,6,0,0,0,0,1,1,6,1,25,5,600,1,16,7,1,7
2016521609642,2,11,0,5,2,8,0,0,0,0,1,1,1,1,33,6,3900,2,10,-1,-1,-1
2016521609646,1,9,0,18,0,8,0,0,0,0,1,1,6,2,18,4,1195,1,19,7,1,7
2016521609646,2,1,0,18,0,6,0,0,0,0,3,1,4,1,13,3,-1,-1,-1,1,1,1
2016521609660,1,9,0,9,0,6,0,0,0,0,3,1,6,2,24,5,1560,2,3,3,1,3
2016521609660,2,3,0,18,0,1,0,0,0,0,1,1,6,1,17,4,-1,-1,-1,3,1,3
2016521609664,1,9,0,9,0,5,0,0,0,0,1,1,6,2,65,9,1149,1,8,1,1,1
2016521609665,1,9,0,9,0,5,0,0,0,0,0,1,6,2,52,8,1769,1,14,1,1,1
2016521609666,1,9,0,18,0,0,0,0,0,0,1,1,6,1,27,6,-1,-1,-1,10,1,10
2016521609666,2,9,0,3,0,0,0,0,0,0,2,1,6,2,46,8,1596,1,13,6,1,6
2016521609668,1,9,0,18,0,0,0,7,0,0,1,1,6,2,75,10,1388,1,7,1,1,1
2016521609673,1,9,0,14,0,0,0,0,0,0,1,1,6,1,84,11,-1,-1,-1,1,1,1
2016521609673,2,1,0,14,0,0,0,0,0,0,2,1,6,1,14,3,-1,-1,-1,5,1,5
2016521609676,1,9,0,18,0,2,0,0,0,0,1,1,6,2,75,10,1198,1,7,-1,1,-1
2016521609676,2,9,0,9,0,8,0,0,0,0,1,1,6,2,30,6,1296,1,8,-1,-1,-1
2016521609676,3,9,0,9,0,1,0,0,0,0,1,1,6,1,34,6,2143,2,5,3,1,3
2016521609677,1,9,0,9,0,5,0,0,0,0,3,1,6,1,36,7,-1,-1,-1,1,1,1
2016521609677,2,9,0,18,0,2,0,0,0,0,1,1,6,1,33,6,1368,1,8,3,1,3
2016521609677,3,9,0,13,0,1,0,0,0,0,3,1,6,3,-1,-1,1390,1,15,-1,-1,-1
2016521609680,1,9,0,8,0,1,0,0,0,0,3,1,6,1,30,6,2171,2,12,6,1,6
2016521609680,2,9,0,7,0,5,0,0,0,0,1,1,6,2,30,6,1000,1,4,-1,-1,-1
2016521609683,1,9,0,18,0,8,5,0,0,0,1,1,6,1,49,8,1598,2,1,9,1,9
2016521609683,2,9,0,18,0,8,0,0,0,0,1,1,6,2,69,10,1995,2,12,9,3,9
2016521609683,3,9,0,2,0,2,0,0,0,0,1,1,6,1,20,4,1461,2,3,9,1,9
2016521609683,4,9,0,2,0,2,0,0,0,0,2,1,6,2,72,10,1598,2,4,9,2,9
2016521609686,1,9,0,18,0,8,1,0,7,1,1,1,6,1,24,5,1997,1,15,10,1,10
2016521609687,1,9,0,11,2,0,0,0,0,0,4,1,6,1,26,6,-1,-1,-1,5,1,5
2016521609687,2,3,0,18,2,0,0,4,0,0,3,1,6,2,37,7,124,1,6,4,1,4
2016521609687,3,9,0,2,6,0,0,0,0,0,3,1,6,3,-1,-1,2143,2,1,-1,-1,-1
2016521609688,1,19,0,17,0,1,0,0,0,1,1,1,6,1,25,5,-1,-1,-1,5,1,5
2016521609688,2,1,0,9,0,1,0,0,0,0,1,1,6,2,20,4,-1,-1,-1,8,1,8
2016521609703,1,9,0,9,0,6,0,0,0,0,4,1,6,2,80,11,1968,2,11,6,1,6
2016521609703,2,4,0,18,0,8,0,0,0,0,1,1,6,1,17,4,124,1,-1,8,3,8
2016521609709,1,9,0,4,0,0,0,0,0,0,2,1,6,2,29,6,1596,1,11,5,1,5
2016521609709,2,5,0,4,0,0,1,0,0,0,1,1,6,1,48,8,498,1,18,6,3,6
2016521609711,1,9,0,9,0,5,0,0,0,0,1,1,6,1,48,8,2720,2,9,9,2,9
2016521609711,2,1,0,18,0,8,0,0,0,0,1,1,6,1,29,6,-1,-1,-1,6,3,6
2016521609724,1,9,0,12,0,3,0,0,0,0,3,1,6,2,31,6,698,1,13,8,1,8
2016521609724,2,9,0,11,0,3,0,0,0,0,0,1,6,3,30,6,-1,-1,-1,-1,-1,-1
2016521609724,3,9,0,18,0,5,0,0,0,0,4,1,6,3,30,6,-1,-1,-1,-1,-1,-1
2016521609727,1,9,0,7,0,5,0,0,0,0,4,1,6,1,24,5,2143,2,4,1,1,1
2016521609727,2,1,0,18,2,1,0,0,0,0,1,1,6,1,32,6,-1,-1,-1,7,1,7
2016521609728,1,9,0,18,0,8,0,0,0,0,4,1,6,1,34,6,1995,2,6,3,1,3
2016521609728,2,9,0,9,0,6,0,0,0,0,1,1,6,1,49,8,1598,1,11,6,1,6
2016521609732,1,9,0,3,0,1,0,0,0,0,1,1,6,2,36,7,1896,2,17,7,1,7
2016521609732,2,2,0,8,0,1,0,0,0,0,2,1,6,1,56,9,125,1,5,1,1,1
2016521609735,1,9,0,1,8,0,0,0,0,0,2,1,6,1,50,8,1598,1,12,2,1,2
2016521609735,2,9,0,2,0,0,0,0,0,0,0,1,6,3,87,11,-1,-1,-1,-1,-1,-1
2016521609741,1,9,0,1,9,1,0,0,0,0,2,1,6,1,-1,-1,-1,-1,-1,-1,-1,-1
2016521609751,1,19,0,18,0,0,0,0,0,0,0,1,6,1,35,6,2402,2,15,9,3,9
2016521609753,1,9,0,8,0,1,0,0,0,0,2,1,6,2,59,9,1799,1,7,6,1,6
2016521609753,2,9,0,8,0,1,0,0,0,0,1,1,6,1,25,5,1798,1,9,3,1,3
2016521609757,1,9,0,18,0,0,0,0,0,0,3,1,6,1,39,7,1560,2,11,2,1,2
2016521609757,2,9,0,18,0,0,0,0,0,0,3,1,6,3,-1,-1,1600,1,16,-1,-1,-1
2016521609763,1,9,0,3,0,0,0,0,0,0,2,1,6,2,41,7,1386,1,8,5,1,5
2016521609763,2,21,0,18,0,0,0,0,0,0,1,1,6,1,32,6,-1,-1,-1,2,1,2
2016521609766,1,9,0,4,0,0,0,0,0,0,2,1,6,2,26,6,1596,1,10,7,1,7
2016521609766,2,9,0,4,0,0,0,0,0,0,1,1,6,1,54,8,1598,2,2,-1,1,-1
2016521609766,3,9,0,4,0,0,0,0,0,0,1,1,6,1,60,9,1328,1,7,-1,1,-1
2016521609766,4,9,0,4,0,0,0,0,0,0,2,1,6,1,55,8,2987,2,11,-1,1,-1
2016521609766,5,9,0,4,0,0,0,0,0,0,1,1,6,2,36,7,3200,6,16,-1,3,-1
2016521609766,6,9,0,4,0,0,0,0,0,0,1,1,6,2,35,6,1995,2,11,-1,2,-1
2016521609769,1,3,0,18,2,1,0,0,0,0,3,1,6,1,45,7,125,1,8,6,1,6
2016521609769,2,9,0,9,0,8,0,0,0,0,1,1,6,1,52,8,-1,-1,-1,6,3,6
2016521609770,1,9,0,11,0,0,5,0,0,0,1,1,6,2,25,5,1242,1,12,3,1,3
2016521609770,2,9,0,3,0,0,0,0,0,0,1,1,6,1,57,9,999,1,5,6,1,6
2016521609770,3,9,0,3,0,0,0,0,0,0,2,1,6,1,38,7,999,1,-1,5,1,5
2016521609771,1,9,0,18,0,0,0,0,0,0,1,1,6,1,27,6,2498,1,16,9,3,9
2016521609771,2,9,0,3,0,0,0,0,0,0,2,1,6,1,37,7,1910,2,8,7,3,7
2016521609771,3,9,0,3,0,0,0,0,0,0,2,1,6,1,20,4,2179,2,9,4,1,4
2016521609771,4,9,0,3,0,0,0,0,0,0,2,1,6,1,62,9,1796,2,2,7,2,7
2016521609773,1,9,0,4,0,0,0,0,0,0,1,1,6,1,23,5,-1,-1,-1,2,1,2
2016521609773,2,9,0,18,0,0,0,0,0,0,2,1,6,1,26,6,1598,1,14,1,1,1
2016521609774,1,9,0,17,0,0,5,0,1,0,1,1,6,1,57,9,1198,1,1,1,1,1
2016521609780,1,9,0,7,0,3,0,0,0,0,4,1,6,1,35,6,2993,2,8,10,1,10
2016521609780,2,21,1,7,0,3,0,0,0,0,3,1,1,1,43,7,-1,-1,-1,-1,-1,-1
2016521609780,3,9,0,18,0,8,0,0,0,0,1,1,6,1,62,9,-1,-1,-1,9,3,9
2016521609783,1,9,0,3,0,1,0,0,0,0,2,1,6,2,58,9,1798,1,9,10,1,10
2016521609783,2,9,0,18,0,1,0,0,0,0,1,1,6,1,39,7,1997,2,9,8,1,8
2016521609803,1,9,0,7,0,5,0,0,0,0,1,1,6,1,25,5,2199,2,4,4,3,4
2016521609809,1,9,0,9,0,5,0,0,0,0,1,1,6,1,62,9,1364,1,8,10,1,10
2016521609826,1,9,0,7,0,6,0,0,0,0,3,1,6,1,35,6,1997,2,-1,6,1,6
2016521609826,2,9,0,18,0,8,0,0,0,0,1,1,6,2,39,7,1968,2,3,7,1,7
2016521609829,1,9,0,9,0,5,0,0,0,0,4,1,6,1,50,8,2000,2,11,2,1,2
2016521609829,2,9,0,18,0,8,0,0,0,0,1,1,6,1,42,7,2200,2,19,1,1,1
2016521609831,1,9,0,4,0,1,0,0,0,0,2,1,6,1,35,6,1968,2,1,4,1,4
2016521609831,2,9,0,4,0,1,0,0,0,0,1,1,6,3,-1,-1,1984,1,11,-1,-1,-1
2016521609832,1,9,0,18,0,1,0,0,0,0,1,1,6,1,79,11,1870,2,8,3,1,3
2016521609832,2,9,0,10,0,5,0,0,0,0,2,1,6,1,38,7,1296,1,9,2,1,2
2016521609846,1,9,0,7,0,5,0,0,0,0,4,1,6,2,25,5,-1,-1,-1,-1,-1,-1
2016521609849,1,9,0,13,0,0,0,0,0,0,2,1,6,1,63,9,2231,2,5,9,1,9
2016521609849,2,9,0,18,0,0,0,0,0,0,1,1,6,1,40,7,-1,-1,-1,-1,-1,-1
2016521700012,1,9,0,18,0,8,0,0,0,0,1,1,6,2,40,7,1598,1,9,7,1,7
2016521700012,2,9,0,5,0,8,0,0,0,0,2,1,6,2,43,7,1360,1,10,10,1,10
2016521700024,1,9,0,18,0,1,0,0,0,0,1,1,6,2,18,4,1598,1,14,9,3,9
2016521700024,2,9,0,18,0,4,0,0,0,0,2,1,6,1,57,9,1496,2,-1,4,1,4
2016521700025,1,9,0,3,0,8,0,4,0,0,1,1,6,1,31,6,1329,1,7,2,1,2
2016521700025,2,9,0,5,0,8,0,4,0,0,1,1,6,1,37,7,1794,1,8,1,1,1
2016521700025,3,9,0,2,0,1,0,0,0,0,1,1,6,3,-1,-1,-1,-1,-1,-1,-1,-1
2016521700025,4,9,0,2,0,1,0,0,0,0,1,1,6,3,-1,-1,1997,1,13,-1,-1,-1
2016521700025,5,9,0,2,0,1,0,0,0,0,1,1,6,3,-1,-1,1986,2,11,-1,-1,-1
2016521700039,1,9,0,17,0,0,1,0,1,7,3,1,6,2,28,6,1242,1,17,8,1,8
2016521700040,1,9,0,9,0,5,0,0,0,0,1,1,6,1,54,8,1995,2,7,10,1,10
2016521700040,2,1,0,18,0,8,0,0,0,0,1,1,6,1,44,7,-1,-1,-1,10,1,10
2016521700041,1,9,0,18,0,0,1,0,5,6,3,1,6,2,77,11,1398,1,5,3,1,3
2016521700041,2,9,0,3,0,0,0,0,0,0,4,1,6,1,56,9,2993,2,3,10,2,10
2016521700043,1,9,0,18,0,4,0,10,1,0,4,1,6,1,81,11,1598,1,3,7,3,7
2016521700046,1,2,0,7,0,0,0,0,0,0,4,1,1,2,38,7,49,1,3,2,1,2
2016521700052,1,9,0,18,0,1,0,0,0,0,1,1,6,1,30,6,2393,1,14,1,1,1
2016521700052,2,9,0,3,0,2,0,0,0,0,2,1,6,2,42,7,-1,-1,-1,3,1,3
2016521700056,1,90,0,18,0,6,0,0,0,0,3,1,6,2,70,10,-1,-1,-1,1,1,1
2016521700056,2,9,0,7,0,6,0,0,0,0,1,1,6,2,47,8,1798,1,10,10,2,10
2016521700057,1,9,0,9,0,5,0,0,0,1,3,1,6,1,30,6,1998,1,9,8,1,8
2016521700057,2,5,0,13,0,1,0,0,0,0,1,1,6,1,23,5,471,1,3,3,1,3
2016521700061,1,9,0,18,0,8,0,0,0,0,3,1,6,1,27,6,1995,2,5,3,1,3
2016521700061,2,9,0,9,0,6,0,0,0,0,1,1,6,1,77,11,1591,1,3,2,1,2
2016521700064,1,9,0,10,0,8,0,0,0,0,2,1,6,1,33,6,1596,1,12,3,1,3
2016521700064,2,9,0,18,0,1,0,0,0,0,1,1,6,1,50,8,1999,1,5,10,1,10
2016521700066,1,9,0,18,0,0,0,0,0,0,1,1,6,1,20,4,1299,1,14,9,1,9
2016521700066,2,9,0,3,0,0,0,0,0,0,2,1,6,2,25,5,2495,2,12,7,1,7
2016521700066,3,9,0,3,0,0,0,0,0,0,2,1,6,1,57,9,1598,1,1,4,1,4
2016521700066,4,9,0,3,0,0,0,0,0,0,2,1,6,2,26,6,-1,-1,-1,1,1,1
2016521700083,1,9,0,7,0,5,0,0,0,0,1,1,6,1,35,6,-1,-1,-1,-1,-1,-1
2016521700085,1,9,0,4,0,0,0,0,0,0,1,1,6,1,75,10,1339,8,3,10,1,10
2016521700091,1,9,0,18,0,8,1,0,0,0,1,1,6,3,-1,-1,1596,1,15,-1,-1,-1
2016521700091,2,9,0,9,0,6,0,0,1,0,3,1,6,1,20,4,1995,2,7,1,1,1
2016521700097,1,9,0,7,0,5,0,0,0,0,1,1,6,1,48,8,-1,-1,-1,7,1,7
2016521700112,1,9,0,3,0,8,0,0,0,0,2,1,6,1,60,9,1499,2,3,7,2,7
2016521700112,2,9,0,18,0,8,0,0,0,0,1,1,6,3,-1,-1,1968,2,-1,-1,-1,-1
2016521700112,3,9,0,18,0,8,0,0,0,0,2,1,6,1,-1,-1,1896,2,14,3,1,3
2016521700114,1,9,0,18,0,0,5,0,0,0,4,1,6,1,31,6,1149,1,13,-1,-1,-1
2016521700114,2,9,0,2,0,0,0,0,0,0,3,1,6,3,-1,-1,1242,1,9,-1,-1,-1
2016521700114,3,9,0,2,0,0,0,0,0,0,4,1,6,3,-1,-1,-1,-1,-1,-1,-1,-1
2016521700122,1,9,0,18,0,0,0,0,0,0,4,1,6,1,48,8,2835,2,17,8,1,8
2016521700177,1,11,0,5,0,8,0,0,0,0,2,1,6,1,53,8,7300,2,10,1,1,1
2016521700177,2,9,0,5,0,8,0,0,0,0,1,1,6,2,23,5,996,1,3,10,1,10
2016521700221,1,9,0,18,0,8,0,0,0,0,1,1,6,2,45,7,998,1,3,3,1,3
2016521700221,2,9,0,9,0,6,0,0,0,0,1,1,6,1,-1,-1,1598,1,6,7,1,7
2016521700222,1,4,0,14,0,8,0,0,0,0,1,1,6,1,30,6,125,1,2,1,1,1
2016521700222,2,9,0,9,0,5,0,0,0,0,1,1,6,1,24,5,1995,2,1,1,1,1
2016521700228,1,9,0,9,0,8,0,0,0,0,1,1,6,1,29,6,-1,-1,-1,-1,-1,-1
2016521700228,2,9,0,18,0,8,0,0,0,0,1,1,6,2,33,6,1497,8,-1,10,1,10
2016521700238,1,9,0,18,0,1,0,0,0,0,0,1,6,3,-1,-1,-1,-1,-1,-1,-1,-1
2016521700255,1,9,0,9,0,8,0,0,0,0,3,1,6,1,27,6,-1,-1,-1,7,1,7
2016521700255,2,1,0,18,0,8,0,0,0,0,1,1,6,2,30,6,-1,-1,-1,3,1,3
2016521700265,1,9,0,18,0,0,0,0,0,0,1,1,6,2,31,6,998,1,12,6,2,6
2016521700265,2,9,0,2,0,0,0,0,0,0,2,1,6,2,33,6,1248,2,9,6,2,6
2016521700302,1,9,0,9,0,4,0,0,0,0,1,1,6,1,25,5,1242,1,8,9,3,9
2016521700302,2,1,0,18,0,8,0,0,0,0,1,1,6,2,32,6,-1,-1,-1,6,1,6
2016521700312,1,9,0,18,0,1,0,0,0,0,4,1,6,1,25,5,2204,2,6,1,1,1
2016521700328,1,9,0,18,0,1,0,0,7,10,1,1,6,2,63,9,1596,1,3,6,2,6
2016521700328,2,9,0,2,0,1,0,0,0,0,3,1,6,3,-1,-1,-1,-1,-1,-1,-1,-1
2016521700347,1,9,0,9,0,8,0,0,0,0,3,1,6,2,31,6,1984,1,7,10,1,10
2016521700347,2,9,0,7,0,8,1,0,7,4,3,1,6,1,49,8,-1,-1,-1,5,1,5
2016521700350,1,9,0,18,0,0,0,0,0,0,3,1,6,1,23,5,2179,2,6,4,1,4
2016521700350,2,9,0,18,0,0,0,0,0,0,1,1,6,2,51,8,1598,1,10,5,1,5
2016521700350,3,9,0,18,0,0,0,0,0,0,4,1,6,1,75,10,1686,2,8,4,1,4
2016521700355,1,9,0,18,0,1,0,0,0,0,2,1,6,3,-1,-1,-1,-1,-1,-1,-1,-1
2016521700355,2,9,0,18,0,1,0,0,0,0,1,1,6,2,28,6,1598,1,13,4,1,4
2016521700355,3,9,0,18,0,1,0,0,0,0,1,1,6,1,46,8,-1,-1,-1,9,1,9
2016521700398,1,9,0,18,0,0,0,10,1,10,4,1,6,1,18,4,1590,1,12,1,1,1
2016521700479,1,9,0,7,0,8,0,0,0,0,4,1,6,2,49,8,1998,1,18,7,1,7
2016521700479,2,1,0,18,0,8,0,0,0,0,1,1,6,2,22,5,-1,-1,-1,4,1,4
2016521700528,1,9,0,5,0,0,0,0,1,10,1,1,6,2,58,9,1396,1,6,2,1,2
2016521700552,1,9,0,18,0,8,1,0,7,1,3,1,6,2,33,6,1390,1,10,1,1,1
2016521700552,2,9,0,18,0,8,1,0,0,0,3,1,6,1,22,5,-1,-1,-1,4,1,4
2016521700552,3,9,0,18,0,8,1,0,0,0,4,1,6,2,36,7,-1,-1,-1,4,1,4
2016521700552,4,9,0,2,0,8,0,0,0,0,3,1,6,1,30,6,-1,-1,-1,2,1,2
2016521700558,1,9,0,18,0,8,0,0,0,0,1,1,6,2,42,7,2143,2,1,9,2,9
2016521700558,2,9,0,9,0,8,0,0,0,0,3,1,6,2,18,4,-1,-1,-1,7,3,7
2016521700578,1,9,0,18,0,1,0,0,0,0,1,1,6,3,-1,-1,1229,1,9,-1,-1,-1
2016521700578,2,9,0,3,0,1,0,0,0,0,1,1,6,1,51,8,1798,8,3,5,1,5
2016521700644,1,9,0,9,0,8,0,0,0,0,4,1,1,1,28,6,1686,2,14,1,1,1
2016521700644,2,4,0,18,0,1,0,0,0,0,1,1,6,1,24,5,249,1,7,-1,-1,-1
2016521700654,1,19,0,18,0,0,0,0,0,0,2,1,6,1,39,7,2402,2,11,3,1,3
2016521700654,2,1,0,3,0,0,0,0,0,0,2,1,6,2,30,6,-1,-1,-1,3,1,3
2016521700844,1,9,0,18,0,0,0,0,0,0,1,1,6,1,42,7,1968,2,2,1,1,1
2016521700952,1,9,0,18,0,0,0,0,0,0,3,1,6,1,62,9,-1,-1,-1,7,3,7
2016521700952,2,9,0,13,0,0,5,0,0,0,4,1,6,1,27,6,1339,1,12,5,1,5
2016521700982,1,9,0,18,0,8,0,0,1,10,1,1,6,1,23,5,1461,2,10,1,1,1
2016521700982,2,9,0,9,0,8,0,0,0,0,2,1,6,2,24,5,1198,1,4,7,3,7
2016521700989,1,9,0,18,0,0,0,0,0,0,1,1,6,2,20,4,1364,1,9,6,1,6
2016521701081,1,9,0,18,0,1,0,0,0,0,1,1,6,1,31,6,1248,2,4,1,1,1
2016521701081,2,9,0,2,0,8,0,0,0,0,4,1,6,3,-1,-1,-1,-1,-1,-1,-1,-1
2016521701081,3,9,0,2,0,8,0,0,0,0,1,1,6,3,-1,-1,1299,1,14,-1,-1,-1
2016521701141,1,9,0,18,0,0,0,0,0,0,4,1,6,3,-1,-1,-1,-1,-1,-1,-1,-1
2016521701171,1,9,0,18,0,8,0,0,0,0,1,1,6,1,60,9,1798,1,6,5,1,5
2016521701219,1,8,0,3,0,0,0,0,0,0,2,1,6,1,72,10,-1,-1,-1,2,1,2
2016521701219,2,19,0,18,0,0,0,0,0,0,1,1,6,1,29,6,2148,2,8,1,1,1
2016521701270,1,9,0,18,0,1,0,0,0,0,4,1,6,3,-1,-1,1198,1,13,-1,-1,-1
2016521701293,1,9,0,18,0,1,0,10,3,1,1,1,6,1,35,6,1596,1,14,5,1,5
2016521701363,1,9,0,14,0,0,0,0,0,0,1,1,6,1,43,7,-1,-1,-1,7,1,7
2016521701363,2,9,0,4,0,0,0,0,0,0,2,1,6,1,61,9,1995,2,12,6,3,6
2016521701363,3,9,0,4,0,0,0,0,0,0,1,1,6,1,22,5,-1,-1,-1,8,2,8
2016521701428,1,9,0,5,0,6,0,0,0,0,0,1,6,1,70,10,2290,1,16,6,1,6
2016521701428,2,4,0,17,0,8,1,0,0,0,0,1,6,1,24,5,125,1,6,2,1,2
2016521701465,1,9,0,18,0,0,0,4,0,0,1,1,6,2,31,6,1896,2,10,4,1,4
2016521701465,2,9,0,2,0,0,0,0,0,0,3,1,6,1,21,5,1398,1,1,10,2,10
2016521701558,1,9,0,4,0,0,0,0,0,0,1,1,6,1,41,7,1400,1,9,8,1,8
2016521701738,1,9,0,9,0,5,0,0,0,0,3,1,6,1,31,6,1396,1,14,1,1,1
2016521701738,2,9,0,9,0,6,0,0,0,0,1,1,6,3,-1,-1,-1,-1,-1,-1,-1,-1
2016521701774,1,21,0,9,0,5,0,0,0,0,1,1,6,1,52,8,-1,-1,-1,4,1,4
2016521701774,2,1,0,18,0,8,0,0,0,0,3,1,6,1,23,5,-1,-1,-1,7,1,7
2016521702017,1,9,0,7,0,2,0,0,0,0,1,1,6,1,57,9,1794,1,11,1,1,1
2016521702320,1,9,0,18,0,8,0,4,0,0,4,1,6,2,58,9,998,1,1,3,1,3
2016521702320,2,9,0,2,0,8,0,0,0,0,4,1,6,2,66,10,1396,1,4,4,1,4
2016521702532,1,4,0,18,4,1,0,0,0,0,1,1,6,1,27,6,124,1,1,4,1,4
2016521702532,2,9,0,9,0,3,0,0,0,0,1,1,6,1,43,7,1499,2,1,10,1,10
201652T043370,1,9,0,18,0,1,0,0,0,0,1,1,2,1,50,8,1896,2,11,8,3,8
201652T043370,2,9,0,3,0,1,0,0,0,0,2,1,2,1,25,5,1896,2,10,8,3,8
2016530037212,1,9,0,18,0,4,0,0,0,0,1,1,6,1,22,5,1596,1,15,1,1,1
2016530037212,2,9,0,18,0,8,0,0,0,0,1,1,6,2,48,8,1599,1,9,9,1,9
2016530037250,1,9,0,17,0,0,0,0,7,0,3,1,6,1,27,6,1995,1,15,8,3,8
2016530037250,2,9,0,17,0,0,0,1,0,0,0,1,6,1,27,6,1800,1,18,6,2,6
2016530037266,1,9,0,18,0,0,0,0,1,7,1,1,6,1,36,7,1679,1,15,3,1,3
2016530037266,2,9,0,18,0,0,0,1,4,7,1,1,6,1,57,9,-1,-1,-1,3,1,3
2016530037349,1,9,0,18,0,0,5,0,0,0,1,1,6,2,53,8,2497,1,10,8,1,8
2016530037349,2,9,0,18,0,0,0,0,0,0,1,1,6,1,54,8,2979,1,13,7,3,7
2016530037349,3,9,0,18,0,0,0,0,0,0,1,1,6,1,19,4,2148,2,15,6,3,6
2016530037932,1,9,0,18,0,0,0,4,0,0,1,1,6,1,42,7,1598,1,4,9,1,9
2016530037932,2,3,0,2,0,0,0,0,0,0,2,1,5,3,-1,-1,125,1,3,-1,-1,-1
2016530037932,3,9,0,2,0,0,0,0,0,0,4,1,5,3,-1,-1,1461,2,5,-1,-1,-1
2016530037932,4,9,0,2,0,0,0,0,0,0,1,1,5,3,-1,-1,1197,1,1,-1,-1,-1
2016530037941,1,9,0,5,0,4,0,0,0,0,1,1,1,2,44,7,1598,1,8,10,1,10
2016530037941,2,1,0,18,0,8,0,0,0,0,2,1,6,2,63,9,-1,-1,-1,10,1,10
2016530038095,1,9,0,9,0,5,0,0,1,11,4,1,2,1,28,6,1956,2,6,3,1,3
2016530038095,2,9,0,18,0,8,0,0,1,0,1,1,2,1,30,6,1968,2,9,7,1,7
2016530038122,1,9,0,18,0,6,0,0,0,0,1,1,6,1,40,7,1461,2,5,9,1,9
2016530038122,2,9,0,18,0,8,0,0,0,0,1,1,6,2,24,5,1995,2,10,10,1,10
2016530038122,3,19,0,3,0,1,0,0,0,0,1,1,1,1,25,5,2198,2,7,7,1,7
2016530038285,1,9,0,1,0,0,0,0,0,0,2,1,6,1,62,9,1995,2,6,9,1,9
2016530038786,1,3,0,18,0,0,0,0,0,0,1,1,2,1,18,4,125,1,6,4,1,4
2016530038976,1,9,0,5,0,6,1,0,0,0,1,1,1,2,41,7,1368,1,8,1,1,1
2016530038976,2,9,0,18,0,8,1,0,7,4,3,1,6,2,82,11,1984,1,2,8,2,8
2016530039341,1,9,0,9,0,6,0,0,0,0,1,1,6,2,29,6,1360,1,15,5,3,5
2016530039341,2,9,0,17,0,8,0,0,0,0,1,1,6,2,61,9,1490,1,9,4,1,4
2016530039379,1,9,0,18,0,1,0,0,0,0,1,1,6,2,25,5,1242,1,13,9,3,9
2016530039379,2,9,0,8,0,1,0,0,0,0,2,1,6,1,34,6,1997,1,1,4,1,4
2016530039439,1,9,0,9,0,2,0,0,0,0,3,1,6,1,17,4,1390,1,11,1,1,1
2016530039439,2,1,0,18,0,1,0,0,0,0,1,1,6,2,38,7,-1,-1,-1,4,1,4
2016530039453,1,9,0,16,0,0,0,0,0,0,0,1,6,1,25,5,1598,1,17,-1,-1,-1
2016530039534,1,9,0,9,0,8,0,0,0,0,1,1,1,1,50,8,-1,-1,-1,-1,-1,-1
2016530039540,1,9,0,9,0,1,0,0,0,0,0,1,6,1,85,11,1800,1,18,4,1,4
2016530039588,1,9,0,18,0,0,0,0,0,0,1,1,5,2,25,5,998,1,16,6,3,6
2016530039588,2,9,0,18,0,0,0,0,0,0,1,1,1,1,46,8,-1,-1,-1,8,2,8
2016530039896,1,9,0,18,0,2,0,0,0,0,1,1,1,1,33,6,-1,-1,-1,8,1,8
2016530039918,1,9,0,18,0,1,0,4,0,0,1,1,6,2,52,8,1596,1,7,9,3,9
2016530039918,2,9,0,2,0,1,0,0,0,0,2,1,6,1,-1,-1,1998,1,18,-1,-1,-1
2016530039918,3,9,0,2,0,1,0,0,0,0,2,1,6,1,-1,-1,1968,2,9,-1,-1,-1
2016530039936,1,9,0,4,0,1,0,0,0,0,1,1,6,1,18,4,1596,1,7,9,1,9