Accident_Index,Vehicle_Reference,Vehicle_Type,Towing_and_Articulation,Vehicle_Manoeuvre,Vehicle_Location-Restricted_Lane,Junction_Location,Skidding_and_Overturning,Hit_Object_in_Carriageway,Vehicle_Leaving_Carriageway,Hit_Object_off_Carriageway,1st_Point_of_Impact,Was_Vehicle_Left_Hand_Drive?,Journey_Purpose_of_Driver,Sex_of_Driver,Age_of_Driver,Age_Band_of_Driver,Engine_Capacity_(CC),Propulsion_Code,Age_of_Vehicle,Driver_IMD_Decile,Driver_Home_Area_Type,Vehicle_IMD_Decile
2016530039936,2,9,0,4,0,1,0,0,0,0,2,1,6,1,41,7,1995,2,3,7,1,7
2016530040400,1,9,0,18,0,1,0,0,0,0,1,1,6,1,26,6,1388,1,13,5,1,5
2016530040406,1,9,0,18,0,0,0,0,0,0,1,1,6,2,89,11,1299,1,15,9,1,9
2016530040463,1,9,0,7,0,6,0,0,0,0,1,1,6,1,24,5,1596,1,10,4,1,4
2016530040463,2,3,0,18,0,8,0,0,0,0,4,1,6,1,16,4,-1,-1,-1,4,1,4
2016530040724,1,9,0,4,0,1,0,0,0,0,1,1,6,1,-1,-1,1896,2,14,-1,-1,-1
2016530040724,2,9,0,10,0,1,0,0,0,0,2,1,6,2,39,7,1242,1,1,5,1,5
2016530041120,1,9,0,17,0,0,0,0,1,4,1,1,6,1,34,6,1870,2,10,5,1,5
2016530041789,1,9,0,18,0,8,0,0,1,1,4,1,2,2,26,6,998,1,13,7,3,7
2016530041789,2,9,0,3,0,1,0,0,0,0,1,1,6,1,50,8,4966,1,14,9,2,9
2016530041789,3,9,0,18,0,8,0,0,0,0,1,1,2,1,50,8,2316,1,21,4,1,4
2016530041874,1,9,0,9,0,5,0,0,0,0,1,1,6,2,27,6,1299,1,15,10,3,10
2016530041874,2,2,0,18,0,8,5,0,0,0,1,1,6,1,61,9,49,1,18,8,1,8
2016530041909,1,9,0,18,0,0,0,0,0,0,3,1,2,2,25,5,1896,2,13,7,1,7
2016530041911,1,9,0,14,2,0,0,0,0,0,1,1,2,1,18,4,1984,1,6,10,1,10
2016530041932,1,9,0,18,0,1,0,0,0,0,3,1,6,1,30,6,1997,2,12,8,1,8
2016530042122,1,9,0,9,0,8,0,0,7,0,4,1,6,1,34,6,1495,1,7,8,1,8
2016530042122,2,9,0,18,0,8,0,0,0,0,3,1,6,1,22,5,1896,2,14,9,1,9
2016530042158,1,9,0,17,0,0,0,0,1,1,1,1,6,1,30,6,-1,-1,-1,4,3,4
2016530042158,2,9,0,18,0,0,0,0,0,0,1,1,1,1,32,6,2993,2,1,5,3,5
2016530042161,1,9,0,9,0,4,0,0,0,0,4,1,6,1,-1,-1,-1,-1,-1,-1,-1,-1
2016530042161,2,1,0,9,0,8,0,0,0,0,1,1,6,1,60,9,-1,-1,-1,7,2,7
2016530042174,1,21,0,18,0,0,0,0,0,0,1,1,1,1,44,7,12580,2,10,9,1,9
2016530042174,2,9,0,4,0,0,0,0,0,0,2,1,6,2,41,7,1586,1,8,5,1,5
2016530042174,3,9,0,4,0,0,0,0,0,0,2,1,6,1,45,7,1796,1,14,-1,-1,-1
2016530042174,4,9,0,3,0,0,0,0,0,0,2,1,6,1,23,5,1396,1,18,7,3,7
2016530042202,1,1,0,18,0,8,0,0,0,0,2,1,2,1,15,3,-1,-1,-1,8,1,8
2016530042202,2,9,0,9,0,4,0,0,0,0,1,1,3,1,40,7,998,1,9,10,1,10
2016530042482,1,9,0,18,0,0,0,0,0,0,1,1,6,2,37,7,999,1,1,5,1,5
2016530042482,2,9,0,3,0,0,0,0,0,0,2,1,6,2,42,7,1248,2,7,6,1,6
2016530042494,1,9,0,18,0,3,0,0,0,0,1,1,6,2,29,6,-1,-1,-1,7,3,7
2016530042494,2,1,0,18,0,3,0,0,0,0,1,1,6,1,45,7,-1,-1,-1,9,2,9
2016530042507,1,9,0,9,0,5,0,0,0,0,1,1,6,1,70,10,1781,1,15,10,1,10
2016530042507,2,9,0,18,0,8,0,0,0,0,1,1,6,2,45,7,2000,2,10,10,1,10
2016530042605,1,19,0,18,0,1,1,0,0,0,1,1,6,1,24,5,7146,2,3,7,3,7
2016530042605,2,9,0,10,0,1,0,0,7,0,2,1,6,2,34,6,1598,2,4,10,1,10
2016530042605,3,19,0,18,0,1,0,0,0,0,1,1,2,2,58,9,-1,-1,-1,9,1,9
2016530042803,1,9,0,17,0,0,1,0,7,0,1,1,6,1,20,4,1587,1,15,8,2,8
2016530042817,1,9,0,7,0,6,0,0,0,0,1,1,6,1,83,11,2967,1,9,6,3,6
2016530042817,2,9,0,18,0,8,0,0,0,0,1,1,6,2,27,6,-1,-1,-1,6,3,6
2016530044141,1,9,0,9,0,6,0,0,1,0,1,1,1,1,40,7,-1,-1,-1,8,1,8
2016530044141,2,9,0,18,0,1,0,0,0,0,2,1,6,2,37,7,1896,2,11,9,1,9
2016530044141,3,9,0,18,0,1,0,0,1,0,1,1,2,2,36,7,1598,1,11,10,2,10
2016530044210,1,9,0,18,0,0,0,0,0,0,4,1,6,1,-1,-1,-1,-1,-1,-1,-1,-1
2016530044375,1,9,0,1,0,1,0,0,0,0,2,1,6,1,-1,-1,-1,-1,-1,-1,-1,-1
2016530044375,2,9,0,3,0,1,0,0,1,10,1,1,6,1,42,7,1390,1,15,1,1,1
2016530044418,1,9,0,9,0,6,0,0,1,0,2,1,6,1,63,9,1995,2,9,7,3,7
2016530044418,2,9,0,18,0,8,0,0,0,0,1,1,1,2,34,6,1197,1,1,-1,-1,-1
2016530044681,1,9,0,18,9,1,0,0,1,2,1,1,6,1,75,10,1149,1,4,10,1,10
2016530044763,1,9,0,4,0,1,0,0,0,0,1,1,1,1,56,9,-1,-1,-1,5,1,5
2016530044763,2,9,0,3,0,1,0,0,0,0,2,1,6,2,31,6,1968,2,5,2,1,2
2016530044829,1,9,0,4,0,1,0,0,0,0,1,1,6,3,-1,-1,-1,-1,-1,-1,-1,-1
2016530044829,2,9,0,3,0,1,0,0,0,0,2,1,6,2,65,9,1596,1,1,5,1,5
2016530044947,1,9,0,18,0,0,0,0,0,0,1,1,1,1,17,4,1390,1,13,6,3,6
2016530044947,2,9,0,18,0,0,0,0,0,0,3,1,3,2,40,7,1995,1,9,8,1,8
2016530045016,1,9,0,17,0,0,0,0,1,4,0,1,6,1,48,8,1870,2,14,10,1,10
2016530046165,1,19,0,18,0,8,1,0,0,0,1,1,6,2,37,7,2198,2,1,5,2,5
2016530046165,2,9,0,9,0,5,0,0,7,0,2,1,6,2,70,10,1598,1,2,10,1,10
2016530046183,1,9,0,18,0,0,0,0,0,0,1,1,2,1,39,7,1560,2,3,8,1,8
2016530046183,2,9,0,14,0,0,0,0,0,0,1,1,6,2,54,8,1329,1,2,4,1,4
2016530046201,1,9,0,5,0,6,0,0,0,0,1,1,6,1,-1,-1,-1,-1,-1,6,1,6
2016530046201,2,1,0,18,0,8,0,0,0,0,4,1,1,2,44,7,-1,-1,-1,1,1,1
2016530046216,1,9,0,18,0,0,0,0,0,0,1,1,6,2,19,4,1299,1,13,7,3,7
2016530046248,1,9,0,18,0,1,0,0,0,0,1,1,2,1,22,5,1149,1,12,10,3,10
2016530046264,1,9,0,3,0,1,0,0,0,0,2,1,6,2,35,6,-1,-1,-1,5,1,5
2016530046264,2,9,0,4,0,1,0,0,0,0,1,1,6,1,21,5,1242,1,13,4,1,4
2016530046269,1,9,0,9,0,6,0,0,0,0,3,1,6,2,27,6,998,1,12,7,1,7
2016530046269,2,9,0,18,0,8,0,0,0,0,1,1,6,2,25,5,1242,1,17,9,1,9
2016530046280,1,9,0,12,0,0,0,0,0,0,3,1,6,1,46,8,1956,2,3,1,1,1
2016530046280,2,9,0,13,0,0,0,0,4,0,4,1,6,1,46,8,1998,2,2,10,1,10
2016530046372,1,9,0,17,0,0,0,0,1,4,1,1,6,2,36,7,2493,1,16,4,1,4
2016530046394,1,9,0,9,0,5,0,0,0,0,1,1,6,2,37,7,-1,-1,-1,4,1,4
2016530046394,2,9,0,18,0,8,0,0,0,0,1,1,6,1,24,5,1397,1,14,2,1,2
2016530046405,1,9,0,14,0,0,1,0,0,0,1,1,6,1,65,9,1598,1,14,5,2,5
2016530046405,2,9,0,18,0,0,0,0,0,0,1,1,6,2,29,6,1198,1,2,-1,-1,-1
2016530046445,1,9,0,18,0,0,0,0,0,0,3,1,6,1,27,6,1910,2,12,8,1,8
2016530046458,1,9,0,18,0,1,0,0,0,0,1,1,6,2,25,5,1199,1,15,7,1,7
2016530046458,2,9,0,3,0,1,0,0,0,0,2,1,6,2,39,7,1386,1,9,10,1,10
2016530046458,3,9,0,3,0,1,0,0,0,0,2,1,6,2,38,7,1956,2,1,8,1,8
2016530046495,1,2,0,13,0,8,0,0,0,0,1,1,1,2,32,6,49,1,6,10,1,10
2016530046495,2,9,0,4,0,3,0,0,0,0,2,1,6,1,21,5,1896,2,12,8,1,8
2016530046514,1,9,0,18,0,4,0,0,0,0,1,1,1,1,30,6,-1,-1,-1,6,3,6
2016530046514,2,9,0,18,0,8,0,0,1,0,4,1,6,2,58,9,2204,2,7,6,3,6
2016530046538,1,90,0,18,0,8,0,0,7,1,4,1,1,1,37,7,2987,2,3,4,1,4
2016530046538,2,9,0,18,0,8,0,0,0,0,3,1,2,2,30,6,1560,2,5,6,1,6
2016530046544,1,9,0,14,0,0,0,0,0,0,1,1,2,2,31,6,1364,1,11,2,1,2
2016530046629,1,9,0,18,0,1,0,0,0,0,1,1,6,1,39,7,1997,2,6,9,1,9
2016530046629,2,9,0,8,0,1,0,0,0,0,2,1,6,1,64,9,1598,1,6,6,3,6
2016530046681,1,9,0,4,0,1,0,0,0,0,1,1,6,2,21,5,1248,2,12,7,2,7
2016530046681,2,9,0,4,0,1,0,0,0,0,0,1,1,2,-1,-1,1461,2,2,-1,-1,-1
2016530046709,1,9,0,1,0,0,0,0,0,0,2,1,6,3,-1,-1,-1,-1,-1,-1,-1,-1
2016530046749,1,9,0,4,0,0,0,0,0,0,1,1,6,2,50,8,1796,1,12,4,1,4
2016530046749,2,9,0,4,0,0,0,0,0,0,2,1,6,1,31,6,1388,1,12,1,1,1
2016530046817,1,9,0,18,0,0,0,0,0,0,1,1,1,1,27,6,-1,-1,-1,6,1,6
2016530046817,2,19,0,6,8,0,0,0,0,0,3,1,6,3,-1,-1,-1,-1,-1,-1,-1,-1
2016530046912,1,9,0,13,0,0,0,0,0,0,1,1,6,3,-1,-1,-1,-1,-1,-1,-1,-1
2016530046912,2,1,0,18,0,0,0,0,0,0,2,1,1,1,37,7,-1,-1,-1,3,1,3
2016530046930,1,9,0,5,0,1,0,0,0,0,4,1,6,1,90,11,3200,2,8,10,1,10
2016530046956,1,9,0,9,0,8,0,0,0,0,1,1,6,2,20,4,1149,1,15,8,1,8
2016530046956,2,3,0,18,0,8,0,0,0,0,1,1,1,1,27,6,124,1,7,2,1,2
2016530047015,1,19,0,14,0,0,0,0,0,0,3,1,6,1,21,5,2198,2,2,6,1,6
2016530047015,2,3,0,13,0,0,0,0,0,0,4,1,6,1,19,4,124,1,1,8,2,8
2016530047058,1,9,0,18,0,8,0,0,0,0,3,1,3,2,48,8,-1,-1,-1,5,2,5
2016530047058,2,19,0,6,0,6,0,0,0,0,3,1,1,1,25,5,1968,2,1,1,1,1
2016530047080,1,9,0,4,0,0,0,0,0,0,1,1,1,1,34,6,1398,2,14,8,2,8
2016530047080,2,9,0,4,0,0,0,0,0,0,1,1,1,1,39,7,1398,2,14,7,3,7
2016530047107,1,9,0,18,0,0,0,0,1,4,1,1,6,1,22,5,1968,2,6,5,1,5
2016530047142,1,9,0,17,0,0,0,0,1,4,1,1,6,2,48,8,1388,1,13,8,3,8
2016530047146,1,9,0,9,0,5,0,0,0,0,4,1,6,1,22,5,1242,1,9,8,3,8
2016530047146,2,9,0,5,0,8,0,0,0,0,1,1,1,2,49,8,-1,-1,-1,2,1,2
2016530047160,1,9,0,4,0,0,0,0,0,0,2,1,6,1,58,9,1598,1,1,10,1,10
2016530047160,2,9,0,4,0,0,0,0,0,0,2,1,6,1,35,6,1198,1,11,4,1,4
2016530047160,3,21,1,18,0,0,1,0,0,0,1,1,1,1,51,8,12809,2,2,4,1,4
2016530047160,4,21,1,18,0,0,1,0,0,0,1,1,1,1,44,7,12777,2,3,7,3,7
2016530047160,5,21,1,18,0,0,1,0,0,0,1,1,1,1,32,6,12777,2,8,-1,-1,-1
2016530047173,1,9,0,5,0,4,0,0,0,0,3,1,2,2,45,7,1598,2,3,7,3,7
2016530047173,2,1,0,18,0,8,0,0,0,0,1,1,6,2,49,8,-1,-1,-1,4,1,4
2016530047182,1,9,0,13,0,0,0,0,0,0,1,1,6,3,-1,-1,-1,-1,-1,-1,-1,-1
2016530047182,2,3,0,18,0,0,0,0,7,11,0,1,1,1,22,5,115,1,1,2,1,2
2016530047221,1,9,0,7,0,6,0,0,0,0,3,1,6,2,17,4,1399,2,7,6,3,6
2016530047221,2,1,0,18,4,8,0,0,0,0,1,1,2,1,36,7,-1,-1,-1,4,1,4
2016530047264,1,9,0,4,0,8,1,0,7,0,1,1,6,2,21,5,1199,1,17,6,3,6
2016530047264,2,9,0,4,0,1,0,0,0,0,1,1,6,2,61,9,999,1,3,-1,-1,-1
2016530047264,3,9,0,4,0,8,0,0,0,0,1,1,6,1,19,4,1461,2,1,5,3,5
2016530047264,4,9,0,4,0,8,0,0,0,0,1,1,6,1,54,8,1995,2,1,-1,3,-1
2016530047264,5,9,0,3,0,1,0,0,0,0,1,1,6,2,46,8,1968,2,3,7,1,7
2016530047378,1,19,0,18,0,1,0,0,0,0,1,1,1,1,34,6,2143,2,6,9,3,9
2016530047378,2,9,0,3,0,1,0,0,0,0,2,1,1,2,42,7,-1,-1,-1,8,1,8
2016530047378,3,9,0,3,0,1,0,0,0,0,2,1,1,1,47,8,-1,-1,-1,-1,-1,-1
2016530047378,4,9,0,3,0,1,0,0,0,0,2,1,6,1,47,8,1968,2,7,10,2,10
2016530047423,1,9,0,4,0,1,0,0,0,0,1,1,1,2,45,7,2179,2,3,8,1,8
2016530047423,2,9,0,3,0,1,0,0,0,0,2,1,6,1,75,10,1598,1,10,6,3,6
2016530047423,3,9,0,3,0,1,0,0,0,0,2,1,3,1,18,4,1200,1,12,-1,-1,-1
2016530047423,4,9,0,3,0,1,0,0,0,0,2,1,1,1,61,9,2179,2,1,8,2,8
2016530047708,1,9,0,9,0,5,0,0,0,0,1,1,6,1,56,9,1998,1,14,10,1,10
2016530047714,1,9,0,18,0,0,0,0,0,0,0,1,6,1,-1,-1,-1,-1,-1,-1,-1,-1
2016530047714,2,5,0,16,0,0,0,0,7,4,1,1,1,1,42,7,645,1,17,8,1,8
2016530047747,1,9,0,18,0,0,0,0,1,9,1,1,5,1,60,9,1994,2,16,-1,-1,-1
2016530047816,1,9,0,18,0,0,0,4,0,0,4,1,6,1,84,11,2494,1,16,6,2,6
2016530047816,2,17,0,2,0,0,0,0,0,0,3,1,6,1,40,7,-1,2,13,6,3,6
2016530047816,3,9,4,2,0,0,0,0,0,0,3,1,1,1,40,7,-1,-1,-1,6,3,6
2016530048010,1,3,0,18,0,8,0,0,0,0,4,1,6,1,25,5,-1,-1,-1,4,1,4
2016530048010,2,9,0,5,0,8,0,0,0,0,1,1,6,1,26,6,1560,2,3,4,1,4
2016530048063,1,9,0,18,0,0,0,0,0,0,1,1,6,1,23,5,2179,2,1,4,1,4
2016530048063,2,21,1,18,0,0,0,0,0,0,2,1,1,1,39,7,10837,2,2,6,1,6
2016530048106,1,9,0,18,0,6,0,0,7,0,1,1,6,2,86,11,1197,1,5,10,2,10
2016530048106,2,9,0,18,0,8,0,0,1,0,1,1,6,2,30,6,1598,1,2,8,3,8
2016530048125,1,9,0,5,0,4,0,0,0,0,1,1,1,2,24,5,1360,1,5,5,2,5
2016530048125,2,1,0,18,0,8,0,0,0,0,4,1,1,1,41,7,-1,-1,-1,8,2,8
2016530048134,1,9,0,4,0,0,0,0,0,0,1,1,6,1,18,4,1149,1,7,3,1,3
2016530048148,1,9,0,4,0,0,0,0,0,0,1,1,1,1,68,10,1388,1,11,7,3,7
2016530048148,2,9,0,3,0,0,0,0,0,0,2,1,6,1,72,10,1753,2,8,7,3,7
2016530048373,1,19,0,1,0,1,0,0,0,0,2,1,1,1,35,6,1248,2,8,8,2,8
2016530048465,1,1,0,16,0,1,1,0,0,0,4,1,2,1,39,7,-1,-1,-1,5,1,5
2016530048500,1,9,0,4,0,1,0,0,0,0,1,1,2,1,29,6,1956,2,2,9,1,9
2016530048500,2,3,0,3,0,1,0,0,0,0,2,1,1,1,31,6,125,1,1,3,1,3
2016530048516,1,9,0,4,0,1,0,0,0,0,1,1,1,1,24,5,-1,-1,-1,5,2,5
2016530048516,2,9,0,4,0,1,0,0,0,0,2,1,6,1,67,10,1363,2,11,9,1,9
2016530048628,1,9,0,5,0,1,0,0,0,0,1,1,1,2,19,4,1199,1,13,8,1,8
2016530049383,1,9,0,2,0,0,0,0,0,0,3,1,6,1,70,10,1299,1,13,1,1,1
2016530049383,2,1,0,18,0,0,0,4,0,0,1,1,2,2,29,6,-1,-1,-1,6,1,6
2016530049419,1,3,0,18,9,0,0,0,0,0,1,1,6,1,-1,-1,-1,-1,-1,-1,-1,-1
2016530049461,1,9,0,17,0,0,2,0,1,9,4,1,2,2,20,4,1299,1,17,7,2,7
2016530049497,1,9,0,17,0,0,2,0,7,0,4,1,6,2,36,7,1364,1,9,6,2,6
2016530049645,1,9,0,1,0,0,0,0,0,0,2,1,6,1,-1,-1,-1,-1,-1,-1,-1,-1
2016530049655,1,9,0,18,0,2,0,0,0,0,4,1,6,1,-1,-1,-1,-1,-1,-1,-1,-1
2016530049682,1,9,0,5,0,4,0,0,0,0,1,1,1,1,40,7,-1,-1,-1,4,1,4
2016530049682,2,1,0,18,0,8,0,0,0,0,1,1,2,1,49,8,-1,-1,-1,3,1,3
2016530049739,1,19,0,9,0,6,0,0,0,0,1,1,1,1,53,8,2143,2,6,1,1,1
2016530049739,2,19,0,18,0,8,0,0,0,0,4,1,1,1,44,7,2148,2,10,1,1,1
2016530049741,1,19,0,4,0,2,1,0,0,0,1,1,1,1,40,7,2300,2,10,6,2,6
2016530049741,2,19,0,3,0,2,0,0,0,0,2,1,1,1,37,7,2198,2,2,6,1,6
2016530049762,1,3,0,15,0,8,0,0,0,0,1,1,2,1,19,4,124,1,19,8,1,8
2016530049762,2,9,0,9,0,5,0,0,0,0,4,1,2,2,25,5,1560,2,7,8,1,8
2016530049824,1,9,0,18,0,1,0,0,0,0,1,1,2,2,41,7,1753,2,10,9,1,9
2016530049824,2,9,0,5,0,1,0,0,0,0,2,1,6,1,30,6,1560,2,9,10,1,10
2016530049839,1,2,0,9,0,2,0,0,0,0,1,1,6,1,16,4,49,1,1,5,1,5
2016530049839,2,9,0,4,0,1,0,0,0,0,1,1,2,1,19,4,998,1,1,5,2,5
2016530049858,1,9,0,4,0,1,0,0,0,0,1,1,6,1,62,9,2179,2,6,10,2,10
2016530050013,1,19,0,13,0,0,0,11,0,0,3,1,1,1,50,8,2800,2,11,5,3,5
2016530050013,2,21,0,18,0,0,0,0,0,0,2,1,1,1,42,7,12900,2,8,3,2,3
2016530050036,1,19,0,9,0,5,0,0,0,0,0,1,1,1,56,9,2198,2,1,5,1,5
2016530050036,2,1,0,18,0,8,1,0,0,0,0,1,6,1,53,8,-1,-1,-1,8,1,8
2016530050442,1,9,0,13,0,0,2,0,1,1,1,1,6,1,28,6,1761,1,17,8,1,8
2016530050483,1,9,0,18,0,0,5,0,1,4,1,1,6,2,19,4,1360,1,11,4,1,4
2016530050496,1,9,0,18,0,0,0,0,0,0,3,1,2,1,56,9,2191,2,2,3,1,3
2016530050496,2,9,0,18,0,0,0,0,0,0,3,1,2,1,51,8,2979,1,1,10,1,10
2016530050496,3,9,0,18,0,0,0,0,0,0,1,1,2,1,38,7,1968,2,9,7,3,7
2016530050496,4,9,0,18,0,0,0,0,0,0,1,1,2,1,28,6,1596,1,12,9,1,9
2016530050615,1,9,0,4,0,1,0,0,0,0,2,1,6,1,34,6,1997,2,12,-1,1,-1
2016530050615,2,9,0,7,0,5,0,0,0,0,1,1,6,1,52,8,1998,1,12,6,1,6
2016530050615,3,9,0,18,0,2,0,0,0,0,1,1,6,2,29,6,1794,1,16,4,1,4
2016530050677,1,9,0,10,0,1,0,0,0,0,2,1,1,2,68,10,1395,1,1,6,3,6
2016530050677,2,9,0,3,0,1,0,0,0,0,2,1,1,2,38,7,1598,1,5,5,1,5
2016530050677,3,9,0,18,0,1,1,0,0,0,1,1,1,2,27,6,1995,2,5,6,2,6
2016530050719,1,9,0,18,0,0,0,0,1,0,1,1,6,1,18,4,998,1,15,9,3,9
2016530050719,2,9,0,18,0,0,1,0,1,0,1,1,1,1,66,10,-1,-1,-1,10,3,10
2016530050742,1,9,0,1,9,8,0,0,0,0,3,1,6,2,29,6,1400,1,8,5,1,5
2016530050742,2,1,0,18,9,8,0,0,0,0,1,1,2,1,35,6,-1,-1,-1,9,1,9
2016530050962,1,21,1,17,0,0,0,0,0,0,1,1,1,1,51,8,12777,2,9,-1,3,-1
2016530050962,2,9,0,16,0,0,1,0,0,0,1,1,6,2,32,6,1199,1,15,1,1,1
2016530050996,1,9,0,4,0,0,0,0,0,0,1,1,2,1,54,8,-1,-1,-1,3,1,3
2016530050996,2,9,0,3,0,0,0,0,0,0,2,1,2,1,37,7,1997,2,9,8,3,8
2016530051106,1,9,0,9,0,2,0,0,0,0,4,1,6,1,36,7,1796,1,10,4,1,4
2016530051418,1,9,0,9,0,8,0,0,0,0,1,1,6,1,28,6,1242,1,1,4,1,4
2016530051418,2,9,0,18,0,4,0,0,0,0,1,1,6,1,53,8,1587,1,13,3,1,3
2016530051436,1,9,0,9,0,5,0,0,0,0,1,1,2,1,31,6,-1,-1,-1,9,1,9
2016530051436,2,1,0,10,0,1,0,0,0,0,1,1,2,1,59,9,-1,-1,-1,9,1,9
2016530051607,1,9,0,18,0,0,0,0,7,11,1,1,1,1,51,8,973,1,14,7,1,7
2016530051757,1,9,0,13,0,8,0,0,1,1,1,1,2,1,32,6,1994,1,19,6,1,6
2016530051757,2,9,0,9,0,5,0,0,1,10,1,1,6,1,38,7,-1,-1,-1,7,3,7
2016530051838,1,9,0,7,0,1,0,0,0,0,1,1,6,2,48,8,1328,1,13,4,1,4
2016530051838,2,1,0,18,0,8,0,0,0,0,1,1,4,1,15,3,-1,-1,-1,4,1,4
2016530051889,1,9,0,9,0,6,0,0,0,0,3,1,6,1,34,6,1850,1,17,2,1,2
2016530051889,2,1,0,17,0,8,0,0,0,0,1,1,6,1,58,9,-1,-1,-1,8,1,8
2016530052035,1,9,0,18,0,8,0,0,0,0,4,1,3,2,27,6,1598,1,11,5,1,5
2016530052035,2,9,0,5,0,6,0,0,0,0,1,1,3,2,42,7,1596,1,9,10,1,10
2016530052074,1,9,0,9,0,8,0,0,4,6,1,1,6,1,33,6,1994,1,13,8,1,8
2016530052074,2,9,0,18,0,8,0,0,0,0,3,1,6,2,20,4,1124,1,12,9,1,9
2016530052345,1,5,0,16,0,0,2,0,0,0,0,1,6,1,58,9,865,1,1,5,3,5
2016530052358,1,9,0,4,0,0,0,0,0,0,1,1,6,1,50,8,1493,2,8,3,1,3
2016530052358,2,9,0,4,0,0,0,0,0,0,2,1,6,2,39,7,1984,1,1,5,1,5
2016530052614,1,11,0,4,0,0,0,0,0,0,1,1,1,1,55,8,6871,2,13,1,1,1
2016530052856,1,3,0,18,0,1,1,0,7,0,1,1,6,1,17,4,124,1,1,6,3,6
2016530052856,2,9,0,4,0,1,0,0,0,0,2,1,1,1,30,6,2000,2,12,2,1,2
2016530052919,1,1,0,18,9,0,0,0,0,0,1,1,6,3,-1,-1,-1,-1,-1,-1,-1,-1
2016530052937,1,9,0,17,0,0,1,0,1,4,1,1,6,2,37,7,1598,1,14,10,2,10
2016530053076,1,9,0,4,0,0,2,0,0,0,1,1,1,1,22,5,-1,-1,-1,4,1,4
2016530053076,2,9,0,4,0,0,0,0,0,0,1,1,6,2,56,9,2982,2,9,7,3,7
2016530053117,1,1,0,18,9,8,0,0,0,0,1,1,2,2,49,8,-1,-1,-1,4,1,4
2016530053117,2,9,0,18,9,5,0,0,0,0,1,1,2,1,52,8,-1,-1,-1,5,1,5
2016530053142,1,9,0,14,0,0,0,0,0,0,1,1,6,2,62,9,1242,1,2,8,1,8
2016530053331,1,9,0,9,0,6,0,0,0,0,1,1,6,1,58,9,-1,-1,-1,8,1,8
2016530053331,2,1,0,18,0,8,0,0,0,0,3,1,6,1,22,5,-1,-1,-1,10,1,10
2016530053351,1,3,0,13,0,0,0,0,0,0,3,1,6,1,57,9,123,1,16,6,3,6
2016530053351,2,9,0,9,0,0,0,0,0,0,3,1,6,2,50,8,1499,2,1,5,1,5
2016530053411,1,9,0,9,0,8,0,0,0,0,1,1,1,2,56,9,-1,-1,-1,5,3,5
2016530053411,2,1,0,4,0,8,0,0,0,0,4,1,6,1,37,7,-1,-1,-1,2,1,2
2016530053430,1,9,0,5,0,6,0,0,0,0,1,1,6,2,49,8,1560,2,5,7,1,7
2016530053430,2,9,0,18,0,8,0,0,0,0,1,1,6,2,81,11,1396,1,15,10,1,10
2016530053790,1,9,0,18,0,1,0,0,0,0,3,1,6,1,59,9,1560,2,7,6,2,6
2016530054235,1,9,0,13,0,0,0,0,0,0,1,1,6,1,69,10,-1,-1,-1,8,3,8
2016530054235,2,1,0,12,0,0,0,0,0,0,1,1,2,1,18,4,-1,-1,-1,6,3,6
2016530054526,1,9,0,9,0,8,0,0,0,0,4,1,6,1,21,5,1399,2,7,2,1,2
2016530054526,2,9,0,9,0,8,0,0,0,0,1,1,6,2,25,5,1968,2,8,4,1,4
2016530054612,1,9,0,18,0,1,1,0,0,0,1,1,6,1,-1,-1,1968,2,1,-1,-1,-1
2016530054612,2,9,0,3,0,1,0,0,0,0,2,1,6,2,67,10,998,1,14,10,1,10
2016530055055,1,9,0,18,0,8,0,0,0,0,1,1,6,2,65,9,1124,1,16,1,1,1
2016530055055,2,9,0,9,0,6,0,0,0,0,1,1,6,2,46,8,995,1,9,5,1,5
2016530055074,1,19,0,15,0,0,0,0,0,0,1,1,6,1,52,8,1998,2,13,6,2,6
2016530055074,2,1,0,14,0,0,0,0,0,0,1,1,6,1,34,6,-1,-1,-1,3,1,3
2016530055187,1,9,0,7,0,6,0,0,1,0,1,1,2,1,50,8,2544,1,16,4,1,4
2016530055187,2,9,0,17,0,2,0,0,4,0,4,1,2,1,33,6,1896,2,16,1,1,1
2016530055217,1,21,0,18,0,0,0,0,1,0,1,1,1,1,54,8,12740,2,1,7,3,7
2016530055217,2,9,0,13,0,0,1,0,0,0,1,1,6,1,23,5,2198,2,11,-1,-1,-1
2016530055321,1,9,0,16,0,0,0,0,0,0,1,1,6,1,80,11,1586,1,11,10,2,10
2016530055407,1,9,0,16,0,1,1,0,7,7,3,1,6,1,60,9,2199,2,4,9,1,9
2016530055433,1,9,0,18,0,0,0,0,0,0,4,1,6,1,35,6,1995,2,5,4,1,4
2016530055521,1,9,0,9,0,8,0,0,0,0,4,1,6,2,19,4,1390,1,11,9,3,9
2016530055521,2,9,0,18,0,4,0,0,0,0,1,1,6,2,62,9,1397,1,3,-1,-1,-1
2016530055685,1,9,0,18,0,0,0,4,0,0,1,1,6,1,49,8,1998,2,11,2,1,2
2016530055685,2,9,0,2,0,0,0,0,0,0,2,1,1,1,25,5,1686,2,7,4,1,4