Accident_Index,Vehicle_Reference,Vehicle_Type,Towing_and_Articulation,Vehicle_Manoeuvre,Vehicle_Location-Restricted_Lane,Junction_Location,Skidding_and_Overturning,Hit_Object_in_Carriageway,Vehicle_Leaving_Carriageway,Hit_Object_off_Carriageway,1st_Point_of_Impact,Was_Vehicle_Left_Hand_Drive?,Journey_Purpose_of_Driver,Sex_of_Driver,Age_of_Driver,Age_Band_of_Driver,Engine_Capacity_(CC),Propulsion_Code,Age_of_Vehicle,Driver_IMD_Decile,Driver_Home_Area_Type,Vehicle_IMD_Decile
2016530055753,1,9,0,11,0,0,0,0,0,0,1,1,1,1,20,4,1995,2,11,10,1,10
2016530055753,2,5,0,18,0,0,0,0,0,0,3,1,1,1,42,7,998,1,12,7,1,7
2016530055753,3,9,0,4,0,0,0,0,0,0,2,1,1,1,48,8,2204,2,10,8,1,8
2016530056154,1,3,0,17,0,1,0,0,0,0,1,1,1,1,28,6,124,1,9,8,1,8
2016530056168,1,9,0,9,0,6,0,0,0,0,1,1,6,1,19,4,1242,1,6,7,3,7
2016530056168,2,9,0,18,0,8,0,0,0,0,4,1,6,1,39,7,1968,2,4,7,2,7
2016530056273,1,9,0,18,0,8,0,0,3,0,1,1,6,2,73,10,1198,1,12,10,1,10
2016530056348,1,9,0,14,0,0,0,4,1,0,1,1,6,1,87,11,1700,2,21,7,3,7
2016530056348,2,9,0,2,0,0,0,0,0,0,3,1,6,1,-1,-1,1390,1,16,7,1,7
2016530056812,1,9,0,18,0,0,0,0,0,0,1,1,5,1,-1,-1,2688,2,14,6,1,6
2016530056812,2,9,0,3,0,0,0,0,0,0,2,1,6,1,53,8,-1,-1,-1,7,3,7
2016530057008,1,9,0,7,0,6,0,0,0,0,1,1,2,2,52,8,1596,1,10,5,1,5
2016530057008,2,3,0,18,0,8,0,0,7,0,4,1,2,1,50,8,123,1,19,2,1,2
2016530057154,1,9,0,18,0,0,0,0,0,0,1,1,6,1,80,11,1400,1,9,7,3,7
2016530057154,2,1,0,18,0,0,0,0,0,0,4,1,6,2,17,4,-1,-1,-1,4,1,4
2016530057268,1,9,0,18,0,1,1,0,0,0,4,1,6,2,37,7,1599,1,12,7,1,7
2016530057268,2,9,0,18,0,2,0,0,0,0,1,1,6,2,66,10,1597,2,1,9,3,9
2016530057328,1,9,0,17,0,0,2,0,1,0,1,1,6,1,51,8,3996,1,17,9,1,9
2016530057474,1,9,0,18,0,0,0,0,1,4,1,1,6,1,21,5,1560,2,5,7,3,7
2016530057641,1,9,0,5,0,6,0,0,0,0,1,1,1,1,32,6,2401,2,9,1,1,1
2016530057641,2,1,0,18,0,8,0,0,0,0,4,1,6,2,46,8,-1,-1,-1,3,1,3
2016530057726,1,9,0,4,0,1,0,0,0,0,1,1,2,1,-1,-1,2993,2,2,2,1,2
2016530057726,2,3,0,8,0,1,0,0,0,0,2,1,2,1,59,9,125,1,-1,3,1,3
2016530058028,1,9,0,3,0,0,0,0,0,0,1,1,6,2,46,8,-1,-1,-1,8,3,8
2016530058028,2,16,0,18,0,0,0,4,0,0,1,1,6,2,32,6,-1,-1,-1,10,1,10
2016530058087,1,5,0,16,0,0,0,0,1,9,1,1,2,1,23,5,998,1,12,5,3,5
2016530058087,2,9,0,17,0,0,0,0,0,0,3,1,2,1,18,4,1229,1,12,10,1,10
2016530058141,1,9,0,3,0,1,0,0,0,0,2,1,6,2,31,6,1794,1,17,7,3,7
2016530058141,2,9,0,16,0,1,0,0,0,0,1,1,6,1,57,9,1998,1,11,6,3,6
2016530058148,1,19,0,9,0,8,0,0,0,0,1,1,2,1,60,9,2198,2,6,7,1,7
2016530058182,1,9,0,9,0,6,0,0,0,0,4,1,1,1,42,7,1560,2,10,5,3,5
2016530058182,2,5,0,17,0,8,0,0,0,0,1,1,1,1,47,8,865,1,5,9,1,9
2016530058303,1,9,0,9,0,6,0,0,0,0,1,1,3,2,34,6,1397,1,13,2,1,2
2016530058303,2,9,0,18,0,8,0,0,0,0,1,1,2,2,36,7,1597,1,21,8,1,8
2016530058393,1,9,0,18,0,8,0,0,0,0,1,1,2,2,23,5,1242,1,6,4,1,4
2016530058483,1,9,0,18,0,0,0,0,0,0,1,1,3,2,28,6,1988,1,13,5,1,5
2016530058483,2,1,0,5,0,0,0,0,0,0,1,1,4,1,14,3,-1,-1,-1,6,1,6
2016530058516,1,9,0,5,0,4,0,0,0,0,0,1,6,2,56,9,1997,2,10,6,1,6
2016530058516,2,1,0,18,0,8,0,0,0,0,0,1,6,2,38,7,-1,-1,-1,9,1,9
2016530058620,1,9,0,9,0,5,0,0,0,0,1,1,6,1,27,6,1124,1,17,4,1,4
2016530058620,2,9,0,18,0,8,0,0,0,0,1,1,6,1,59,9,1753,2,9,5,1,5
2016530058620,3,19,0,8,0,1,0,0,0,0,4,1,6,1,25,5,-1,-1,-1,4,1,4
2016530058998,1,3,0,9,0,8,0,0,0,0,1,1,6,1,33,6,125,1,1,1,1,1
2016530058998,2,9,0,9,0,5,0,0,0,0,1,1,6,1,42,7,4172,1,16,-1,-1,-1
2016530059058,1,9,0,9,0,4,0,0,0,0,1,1,2,2,57,9,1149,1,9,6,1,6
2016530059058,2,1,0,18,0,8,0,0,0,0,4,1,2,1,21,5,-1,-1,-1,5,1,5
2016530059092,1,9,0,18,0,0,0,0,1,1,1,1,2,2,33,6,1248,2,8,5,1,5
2016530059094,1,8,0,3,0,1,0,0,0,0,2,1,1,1,29,6,1997,2,5,6,1,6
2016530059094,2,9,0,4,0,1,0,0,0,0,1,1,6,1,80,11,1995,2,9,1,3,1
2016530059109,1,9,0,7,0,5,0,0,0,0,4,1,6,3,-1,-1,-1,-1,-1,-1,-1,-1
2016530059109,2,1,0,18,0,8,0,0,0,0,1,1,2,1,27,6,-1,-1,-1,1,1,1
2016530059329,1,9,0,16,0,1,1,10,8,10,1,1,6,1,21,5,1998,1,13,6,3,6
2016530059759,1,9,0,5,0,8,0,0,0,0,3,1,1,2,85,11,1246,1,11,7,2,7
2016530059759,2,9,0,17,0,8,0,0,0,0,1,1,1,1,56,9,998,1,4,6,1,6
2016530059845,1,19,0,16,0,0,0,0,0,0,1,1,1,1,29,6,1968,2,1,5,1,5
2016530059845,2,9,0,17,0,0,0,0,0,0,1,1,6,1,66,10,1198,1,9,2,1,2
2016530059865,1,11,0,18,0,2,0,0,0,0,1,1,1,1,50,8,3900,2,10,8,3,8
2016530059924,1,9,0,9,0,5,0,0,0,0,1,1,6,1,78,11,1360,1,16,7,1,7
2016530059924,2,5,0,18,0,8,0,0,0,0,1,1,6,1,63,9,500,1,-1,10,1,10
2016530060384,1,9,0,18,0,8,0,0,0,0,4,1,6,2,60,9,1560,2,1,6,2,6
2016530060384,2,9,0,6,0,8,0,0,0,0,1,1,3,1,42,7,999,1,8,10,1,10
2016530060401,1,9,0,4,0,1,0,0,0,0,2,1,1,1,41,7,1999,1,8,8,2,8
2016530060401,2,9,0,4,0,1,0,0,0,0,2,1,6,1,35,6,1388,1,10,6,3,6
2016530060401,3,9,0,4,0,1,0,0,0,0,1,1,6,1,48,8,1910,2,10,8,1,8
2016530060468,1,9,0,18,0,0,0,0,0,0,0,1,6,3,-1,-1,-1,-1,-1,-1,-1,-1
2016530060468,2,9,0,18,0,0,0,0,0,0,1,1,1,2,21,5,1149,1,1,7,1,7
2016530060520,1,9,0,8,0,2,0,0,0,0,1,1,1,1,41,7,1968,2,3,10,1,10
2016530060520,2,9,0,18,0,1,0,0,0,0,4,1,6,1,45,7,998,1,3,7,1,7
2016530060640,1,17,0,18,0,0,0,0,0,0,3,1,1,1,50,8,-1,2,12,6,3,6
2016530060640,2,11,0,18,0,0,0,0,0,0,1,1,1,1,35,6,12000,2,10,2,1,2
2016530060715,1,5,0,16,0,0,0,0,0,0,1,1,6,1,74,10,865,1,7,8,2,8
2016530060784,1,9,0,7,0,1,0,0,0,0,4,1,6,2,19,4,1150,1,10,2,1,2
2016530060784,2,9,0,7,0,1,0,0,0,0,1,1,6,1,49,8,998,1,9,8,1,8
2016530061042,1,9,0,3,0,0,0,0,0,0,2,1,1,1,65,9,2143,2,2,8,2,8
2016530061042,2,9,0,3,0,0,0,0,0,0,2,1,1,1,43,7,1999,2,-1,-1,-1,-1
2016530061042,3,9,0,3,0,0,0,0,0,0,2,1,6,2,23,5,1248,2,4,3,1,3
2016530061042,4,19,0,18,0,0,0,0,0,0,1,1,1,1,27,6,1560,2,7,10,1,10
2016530061126,1,9,0,16,0,0,1,0,7,4,1,1,6,1,36,7,1796,1,13,7,3,7
2016530061164,1,5,0,14,0,8,0,0,0,0,1,1,2,1,38,7,647,1,15,7,3,7
2016530061164,2,9,0,9,0,6,0,0,0,0,3,1,2,2,51,8,1360,1,11,10,2,10
2016530061187,1,9,0,14,0,0,0,4,0,0,4,1,6,3,-1,-1,1388,1,12,-1,-1,-1
2016530061187,2,9,0,2,0,0,0,4,0,0,3,1,6,3,-1,-1,1582,2,8,-1,-1,-1
2016530061187,3,9,0,2,0,0,0,0,0,0,1,1,6,3,-1,-1,-1,-1,-1,-1,-1,-1
2016530061230,1,9,0,18,0,0,0,0,0,0,1,1,6,1,47,8,1598,1,10,9,1,9
2016530061230,2,19,0,4,0,0,0,0,0,0,2,1,6,1,45,7,1560,2,8,10,1,10
2016530061260,1,9,0,18,0,0,5,0,2,7,1,1,6,1,54,8,1149,1,2,-1,3,-1
2016530061279,1,3,0,18,0,0,0,0,1,11,1,1,6,1,20,4,124,1,6,9,3,9
2016530061289,1,9,0,9,0,6,0,0,7,0,3,1,6,1,92,11,1299,1,15,6,2,6
2016530061289,2,19,0,18,0,8,1,0,7,0,1,1,6,1,66,10,1968,2,2,8,3,8
2016530061305,1,9,0,12,0,1,0,0,0,0,4,1,6,3,-1,-1,-1,-1,-1,-1,-1,-1
2016530061305,2,4,0,18,0,1,0,0,0,0,3,1,6,1,19,4,296,1,1,5,1,5
2016530061307,1,9,0,18,0,0,1,0,2,7,3,1,6,2,27,6,1896,2,14,6,1,6
2016530061448,1,20,0,16,0,0,0,0,0,0,3,1,1,1,46,8,2953,2,12,7,1,7
2016530061448,2,21,1,17,0,0,0,0,0,0,3,1,1,1,55,8,10837,2,5,6,3,6
2016530061514,1,9,0,1,0,0,0,0,0,0,2,1,6,1,33,6,1598,1,17,7,1,7
2016530061566,1,9,0,9,0,8,0,0,0,0,3,1,6,2,30,6,1598,1,12,3,1,3
2016530061566,2,1,0,18,0,8,0,0,0,0,1,1,6,1,38,7,-1,-1,-1,1,1,1
2016530061609,1,19,0,18,0,8,0,0,0,0,1,1,1,1,43,7,2198,2,1,7,2,7
2016530061609,2,9,0,4,0,8,0,0,0,0,2,1,6,2,52,8,1108,1,14,7,1,7
2016530061631,1,5,0,17,0,0,0,0,0,0,3,1,6,1,44,7,644,1,8,3,1,3
2016530061631,2,9,0,16,0,0,0,0,0,0,3,1,6,2,29,6,1998,2,11,10,1,10
2016530061721,1,9,0,9,0,6,0,0,1,0,3,1,2,2,18,4,1124,1,15,7,3,7
2016530061721,2,19,0,18,0,8,1,0,1,0,1,1,1,1,29,6,2198,2,1,9,1,9
2016530061953,1,5,0,18,0,0,0,0,0,0,1,1,6,1,31,6,599,1,4,9,1,9
2016530061953,2,9,0,18,0,0,0,0,0,0,2,1,6,1,38,7,1998,8,1,5,1,5
2016530062011,1,19,0,18,0,1,0,0,0,0,1,1,6,1,27,6,1686,2,12,6,1,6
2016530062011,2,9,0,4,0,1,0,0,0,0,2,1,6,1,58,9,1398,1,16,6,1,6
2016530062011,3,9,0,4,0,1,0,0,0,0,2,1,6,2,45,7,1461,2,7,9,2,9
2016530062077,1,5,0,18,0,0,1,0,4,0,3,1,6,1,34,6,599,1,16,6,1,6
2016530062373,1,9,0,18,0,1,0,0,0,0,1,1,6,2,41,7,1870,2,10,2,1,2
2016530062373,2,1,0,18,0,1,0,0,0,0,1,1,1,1,53,8,-1,-1,-1,9,1,9
2016530062398,1,9,0,1,0,0,0,0,0,0,1,1,1,1,57,9,1988,1,16,10,1,10
2016530062398,2,3,0,4,0,0,0,0,0,0,4,1,1,1,18,4,125,1,1,4,1,4
2016530062441,1,9,0,1,9,8,0,0,0,0,2,1,6,1,30,6,1896,2,11,7,1,7
2016530062455,1,9,0,4,0,0,0,0,0,0,1,1,2,2,19,4,1229,1,9,-1,-1,-1
2016530062455,2,9,0,4,0,0,0,0,0,0,2,1,2,1,53,8,1596,1,5,7,1,7
2016530062455,3,9,0,4,0,0,0,0,0,0,2,1,2,2,64,9,1999,1,10,10,1,10
2016530062502,1,9,0,9,0,2,0,0,0,0,1,1,2,1,85,11,1798,8,3,5,1,5
2016530062502,2,1,0,18,0,1,0,0,0,0,1,1,2,2,72,10,-1,-1,-1,6,1,6
2016530062524,1,19,0,13,0,0,0,0,0,0,3,1,2,1,30,6,1753,2,11,9,3,9
2016530062524,2,9,0,13,0,0,0,0,7,0,4,1,2,1,48,8,1956,2,3,9,2,9
2016530062554,1,9,0,18,0,8,0,0,0,0,0,1,6,1,80,11,1399,1,8,5,1,5
2016530062554,2,1,0,18,0,8,0,0,0,0,0,1,4,2,11,3,-1,-1,-1,8,1,8
2016530062563,1,3,0,11,0,0,0,0,0,0,3,1,1,1,35,6,124,1,6,6,1,6
2016530062665,1,9,0,18,0,0,0,0,0,0,1,1,6,1,-1,-1,-1,-1,-1,-1,-1,-1
2016530062679,1,9,0,18,0,1,0,0,0,0,1,1,5,2,20,4,1390,1,15,9,1,9
2016530062679,2,9,0,10,0,8,0,0,0,0,2,1,5,2,29,6,1586,1,9,1,1,1
2016530062827,1,9,0,4,0,2,0,0,0,0,0,1,2,2,26,6,1199,1,15,7,1,7
2016530062827,2,19,0,4,0,2,0,0,0,0,2,1,1,1,69,10,-1,-1,-1,8,1,8
2016530062827,3,21,0,18,0,2,0,0,0,0,3,1,1,1,57,9,12740,2,5,4,3,4
2016530063083,1,9,0,18,0,0,0,0,1,0,1,1,6,1,19,4,1998,1,21,10,3,10
2016530063086,1,21,0,9,0,1,0,0,0,0,1,1,1,1,55,8,12777,2,9,5,2,5
2016530063167,1,19,0,8,0,1,0,0,0,0,4,1,1,1,54,8,2287,2,6,10,1,10
2016530063167,2,1,0,18,0,8,0,0,0,0,1,1,6,1,16,4,-1,-1,-1,-1,-1,-1
2016530063172,1,9,0,5,0,6,0,0,0,0,3,1,1,1,36,7,1956,2,4,5,1,5
2016530063172,2,1,0,18,0,8,0,0,0,0,1,1,6,1,53,8,-1,-1,-1,1,1,1
2016530063234,1,9,0,18,0,1,0,0,0,0,1,1,6,3,-1,-1,1422,2,15,4,1,4
2016530063234,2,9,0,3,0,1,0,0,0,0,2,1,6,2,22,5,998,1,1,6,1,6
2016530063278,1,9,0,9,0,6,0,0,0,0,1,1,6,1,75,10,1198,1,3,7,1,7
2016530063278,2,5,0,18,0,8,0,0,0,0,3,1,2,1,55,8,645,1,3,3,1,3
2016530063479,1,9,0,18,0,0,0,0,0,0,4,1,6,3,-1,-1,-1,-1,-1,-1,-1,-1
2016530063534,1,9,0,18,0,0,1,0,0,0,1,1,6,2,18,4,1587,1,16,8,1,8
2016530063534,2,9,0,18,0,0,0,0,0,0,1,1,6,1,56,9,1399,2,14,6,3,6
2016530063959,1,9,0,1,0,0,0,0,0,0,2,1,1,1,35,6,2993,2,1,6,1,6
2016530063959,2,9,0,3,0,0,0,0,0,0,1,1,6,1,39,7,1997,2,9,2,1,2
2016530064009,1,9,0,9,0,6,0,0,0,0,1,1,6,1,28,6,2171,1,12,1,1,1
2016530064009,2,9,0,14,0,8,0,0,0,0,1,1,6,2,24,5,1198,1,2,6,1,6
2016530064100,1,9,0,5,0,4,0,0,0,0,1,1,1,1,26,6,1229,1,11,8,1,8
2016530064100,2,1,0,17,0,8,0,0,0,0,4,1,1,1,34,6,-1,-1,-1,8,1,8
2016530064199,1,9,0,18,0,0,0,0,0,0,2,1,6,2,35,6,1796,1,17,3,1,3
2016530064199,2,19,0,18,0,0,0,0,0,0,1,1,6,1,53,8,2402,2,10,2,1,2
2016530064273,1,9,0,5,0,0,0,0,0,0,1,1,6,1,84,11,2993,2,10,7,1,7
2016530064305,1,9,0,18,0,0,0,0,0,0,2,1,6,3,-1,-1,1905,2,19,-1,-1,-1
2016530064305,2,9,0,2,0,0,0,0,0,0,3,1,6,1,56,9,1896,2,12,8,1,8
2016530064305,3,9,0,2,0,0,0,0,0,0,4,1,6,1,42,7,2720,2,10,8,1,8
2016530064648,1,9,0,7,0,4,0,0,0,0,3,1,1,1,66,10,-1,-1,-1,4,1,4
2016530064648,2,1,0,18,0,8,0,0,0,0,4,1,6,1,27,6,-1,-1,-1,6,1,6
2016530064693,1,9,0,9,0,6,0,0,0,0,1,1,6,2,59,9,1991,2,6,8,1,8
2016530064693,2,5,0,14,0,8,0,0,0,0,4,1,6,1,51,8,1170,1,1,5,3,5
2016530064735,1,5,0,18,0,0,0,0,0,0,1,1,1,1,29,6,998,1,9,10,1,10
2016530064735,2,9,0,4,0,0,0,0,0,0,2,1,1,1,35,6,1596,1,12,7,1,7
2016530064917,1,9,0,9,0,6,0,0,0,0,1,1,6,2,64,9,1598,1,12,10,1,10
2016530064917,2,9,0,18,0,8,0,0,0,0,4,1,1,2,24,5,996,1,3,10,1,10
2016530064971,1,9,0,18,0,1,0,0,0,0,1,1,6,2,29,6,1995,2,4,9,1,9
2016530064971,2,9,0,9,0,2,0,0,0,0,4,1,1,1,25,5,1199,1,14,7,3,7
2016530065001,1,9,0,13,0,0,0,0,0,0,4,1,6,1,49,8,2993,2,1,9,1,9
2016530065001,2,1,0,18,0,0,0,0,0,0,2,1,6,1,56,9,-1,-1,-1,5,1,5
2016530065009,1,9,0,18,0,1,0,0,0,0,1,1,6,2,88,11,1598,1,8,9,1,9
2016530065009,2,9,0,3,0,1,0,0,0,0,2,1,6,1,58,9,1796,1,9,-1,-1,-1
2016530065009,3,9,0,10,0,1,0,0,0,0,2,1,6,1,74,10,1560,2,7,5,3,5
2016530065086,1,3,0,4,0,8,0,0,0,0,1,1,6,1,21,5,125,1,-1,5,1,5
2016530065086,2,9,0,4,0,8,0,0,0,0,2,1,6,2,79,11,1461,2,1,10,3,10
2016530065619,1,19,0,13,0,0,0,0,0,0,1,1,3,2,58,9,1996,2,6,6,1,6
2016530065619,2,19,0,18,0,0,0,0,0,0,2,1,1,1,28,6,-1,-1,-1,10,1,10
2016530065911,1,9,0,1,5,8,0,0,0,0,2,1,2,2,23,5,1560,2,4,-1,-1,-1
2016530065979,1,9,4,18,0,0,0,0,0,0,0,1,1,1,46,8,-1,-1,-1,5,2,5
2016530065979,2,9,0,18,0,0,0,0,1,9,3,1,6,1,67,10,2400,2,4,-1,3,-1
2016530066140,1,9,4,18,0,0,0,0,0,0,4,1,6,3,-1,-1,-1,-1,-1,-1,-1,-1
2016530066207,1,9,0,18,0,0,0,0,0,0,1,1,3,1,32,6,1198,1,7,6,1,6
2016530066207,2,9,0,3,0,0,0,0,0,0,2,1,1,1,33,6,1686,2,4,1,1,1
2016530066503,1,9,0,18,0,4,0,0,0,0,1,1,6,2,43,7,1332,1,6,5,1,5
2016530066503,2,1,0,18,0,8,0,0,0,0,4,1,6,2,29,6,-1,-1,-1,3,1,3
2016530066576,1,9,0,4,0,6,0,0,0,0,1,1,6,1,19,4,1587,1,8,5,1,5
2016530066576,2,9,0,18,0,8,0,0,7,10,4,1,6,1,44,7,1796,1,13,10,1,10
2016530066641,1,9,0,18,0,0,1,0,1,0,1,1,6,2,23,5,1229,1,10,3,1,3
2016530066680,1,2,0,18,0,0,0,10,0,0,4,1,1,1,51,8,49,1,10,3,2,3
2016530066925,1,9,0,9,0,6,0,0,0,0,1,1,6,2,82,11,1398,1,1,8,1,8
2016530066925,2,9,0,9,0,8,0,0,0,0,1,1,6,1,42,7,2143,2,5,7,3,7
2016530066925,3,9,0,18,0,8,0,0,0,0,1,1,6,1,22,5,1984,2,10,8,3,8
2016530066993,1,9,0,18,0,1,0,0,0,0,1,1,6,3,-1,-1,-1,-1,-1,-1,-1,-1
2016530067020,1,19,0,4,0,4,0,0,0,0,1,1,1,1,25,5,1896,2,9,4,1,4
2016530067020,2,9,0,3,0,4,0,0,0,0,2,1,6,1,67,10,1560,2,3,5,3,5
2016530067079,1,9,0,5,0,0,0,0,0,0,3,1,6,1,45,7,5998,1,11,8,1,8
2016530067091,1,9,0,7,0,1,0,0,0,0,4,1,6,1,57,9,2198,2,8,9,3,9
2016530067091,2,1,0,18,0,1,0,0,0,0,3,1,6,1,35,6,-1,-1,-1,9,1,9
2016530067108,1,5,0,4,0,1,0,0,0,0,1,1,6,1,21,5,599,1,15,4,1,4
2016530067108,2,9,0,10,0,1,0,0,0,0,2,1,6,1,49,8,1968,2,4,10,1,10
2016530067133,1,9,0,13,0,1,0,0,0,0,4,1,6,3,-1,-1,-1,-1,-1,-1,-1,-1
2016530067133,2,2,0,18,0,1,0,0,0,0,3,1,2,1,19,4,49,1,7,5,1,5
2016530067141,1,9,0,4,0,0,0,0,0,0,1,1,6,1,89,11,1596,1,16,1,1,1
2016530067141,2,21,1,3,0,0,0,0,0,0,2,1,1,1,52,8,11120,2,1,7,2,7
2016530067647,1,9,0,4,0,1,0,0,0,0,1,1,6,1,27,6,1798,1,15,6,1,6
2016530067647,2,9,0,4,0,1,0,0,0,0,2,1,6,2,21,5,1242,1,3,6,1,6
2016530067662,1,1,0,18,0,0,0,0,0,0,1,1,1,1,56,9,-1,-1,-1,8,1,8
2016530067662,2,9,0,5,0,0,0,0,0,0,3,1,1,1,30,6,2179,2,9,10,3,10
2016530067733,1,9,0,3,0,0,0,0,0,0,2,1,6,1,47,8,4398,1,13,6,3,6
2016530067733,2,9,0,4,0,0,0,0,0,0,1,1,6,1,48,8,3199,1,17,4,1,4
2016530068319,1,9,0,13,0,0,0,0,0,0,4,1,6,1,-1,-1,1596,1,13,-1,-1,-1
2016530068319,2,9,0,18,0,0,0,0,0,0,1,1,6,1,35,6,1870,2,14,1,1,1
2016530068433,1,5,0,9,0,6,0,0,0,0,3,1,1,1,24,5,1293,1,5,9,1,9
2016530068433,2,9,0,5,0,8,0,0,0,0,1,1,2,1,27,6,-1,-1,-1,8,3,8
2016530068473,1,9,0,9,0,1,0,0,0,0,1,1,6,1,38,7,1995,2,8,6,1,6
2016530068473,2,1,0,18,0,1,0,0,0,0,1,1,6,1,44,7,-1,-1,-1,9,1,9
2016530068542,1,5,0,13,0,8,1,0,7,0,1,1,2,1,22,5,-1,-1,-1,5,1,5
2016530068542,2,19,0,9,0,5,0,0,0,0,3,1,2,1,28,6,1753,2,13,2,1,2
2016530068743,1,9,0,16,9,1,0,0,1,0,4,1,6,1,-1,-1,-1,-1,-1,-1,-1,-1
2016530068785,1,9,0,17,0,0,1,0,0,0,2,1,2,1,18,4,1360,1,12,7,2,7
2016530068785,2,9,0,18,0,0,0,0,0,0,1,1,6,1,61,9,1798,1,5,9,1,9
2016530068823,1,9,0,7,0,4,0,0,0,0,1,1,1,2,37,7,998,1,9,6,1,6
2016530068823,2,1,0,3,0,4,0,0,0,0,2,1,1,2,34,6,-1,-1,-1,7,3,7
2016530068919,1,9,0,5,0,6,0,0,3,0,1,1,6,2,81,11,-1,-1,-1,10,1,10
2016530068937,1,9,0,12,0,0,0,0,1,7,1,1,6,2,61,9,1598,1,9,10,1,10
2016530068937,2,9,0,12,0,0,0,0,0,0,0,1,6,1,36,7,1461,2,6,6,1,6
2016530068971,1,9,0,18,0,0,1,10,7,0,1,1,2,2,42,7,1200,1,1,8,2,8
2016530068985,1,19,0,18,0,1,0,0,0,0,1,1,2,1,30,6,2198,2,7,1,1,1
2016530068985,2,9,0,4,0,1,0,0,0,0,2,1,2,2,40,7,1598,2,3,8,3,8
2016530069118,1,9,0,7,0,4,0,0,0,0,1,1,6,1,35,6,1598,1,6,5,1,5
2016530069118,2,1,0,18,0,8,0,0,0,0,3,1,6,2,66,10,-1,-1,-1,6,1,6
2016530069180,1,9,0,18,0,0,0,6,0,0,1,1,6,1,21,5,1390,1,15,9,3,9
2016530069180,2,1,0,12,0,0,0,0,0,0,1,1,6,1,14,3,-1,-1,-1,8,3,8
2016530069421,1,9,0,18,0,1,0,0,0,0,1,1,6,2,21,5,998,1,1,4,1,4
2016530069421,2,9,0,4,0,1,0,0,0,0,2,1,2,1,73,10,2993,2,8,7,3,7
2016530069562,1,9,0,18,0,8,0,9,7,4,1,1,6,1,28,6,1991,1,1,1,1,1
2016530069595,1,9,0,13,0,3,0,0,0,0,2,1,6,3,-1,-1,-1,-1,-1,-1,-1,-1
2016530069595,2,1,0,18,0,3,0,0,0,0,1,1,6,1,13,3,-1,-1,-1,9,1,9
2016530069623,1,9,0,9,0,2,0,0,0,0,3,1,6,2,81,11,1386,1,7,10,2,10
2016530069658,1,19,0,18,0,0,0,0,0,0,1,1,6,3,-1,-1,2198,2,10,-1,-1,-1
2016530069818,1,9,0,17,0,8,5,10,8,10,0,1,6,1,34,6,1749,1,15,8,1,8
2016530070037,1,9,0,18,0,6,2,0,2,4,1,1,3,1,47,8,1997,1,6,6,3,6
2016530070037,2,9,0,18,0,8,0,0,0,0,3,1,2,1,23,5,1398,2,10,2,1,2
2016530070115,1,19,0,18,0,0,0,0,0,0,1,1,6,3,-1,-1,-1,-1,-1,-1,-1,-1
2016530070115,2,1,0,18,0,0,0,0,0,0,2,1,6,1,16,4,-1,-1,-1,2,1,2
2016530070182,1,9,0,3,0,1,0,0,0,0,2,1,6,1,63,9,1598,2,3,9,1,9
2016530070182,2,9,0,3,0,1,0,0,0,0,2,1,6,1,47,8,995,1,13,-1,-1,-1
2016530070182,3,9,0,3,0,1,0,0,0,0,2,1,6,1,49,8,2199,2,6,7,1,7
2016530070182,4,9,0,3,0,1,0,0,0,0,2,1,6,1,33,6,-1,-1,-1,5,1,5
2016530070182,5,9,0,18,0,1,0,0,0,0,1,1,6,1,-1,-1,-1,-1,-1,-1,-1,-1
2016530070187,1,3,0,18,0,0,1,0,0,0,0,1,6,1,21,5,125,1,-1,10,2,10
2016530070215,1,9,0,16,0,0,1,0,1,0,1,1,2,1,27,6,1391,1,14,1,1,1
2016530070215,2,9,0,18,0,0,0,0,0,0,1,1,6,1,49,8,3200,2,11,8,1,8
2016530070226,1,1,0,18,0,1,0,4,0,0,1,1,6,1,38,7,-1,-1,-1,4,1,4
2016530070226,2,9,0,2,0,1,0,0,0,0,2,1,6,1,49,8,1968,2,3,-1,-1,-1
2016530070401,1,9,0,4,0,1,0,0,0,0,1,1,2,2,52,8,1984,2,2,6,1,6
2016530070401,2,9,0,3,0,1,0,0,0,0,2,1,6,2,71,10,1985,1,19,-1,3,-1
2016530070401,3,9,0,10,0,1,0,0,0,0,2,1,2,2,41,7,1995,2,2,6,3,6
2016530070890,1,9,0,17,0,0,5,0,1,11,1,1,6,2,23,5,1197,1,2,6,3,6
2016530070959,1,9,0,18,0,1,0,0,0,0,4,1,2,2,56,9,1968,2,2,10,1,10
2016530070979,1,9,0,13,0,0,1,10,5,7,4,1,1,2,52,8,996,1,3,6,1,6
2016530070979,2,21,1,18,0,0,0,0,0,0,3,1,1,1,55,8,11967,2,5,4,1,4
2016530072475,1,9,0,18,0,0,1,0,5,6,1,1,6,1,-1,-1,1396,1,12,-1,-1,-1
2016530072475,2,9,0,18,0,0,0,0,0,0,2,1,6,1,54,8,1998,2,12,9,2,9
2016530072475,3,21,1,3,0,0,0,0,0,0,2,1,1,1,59,9,12777,2,1,-1,1,-1