Accident_Index,Vehicle_Reference,Vehicle_Type,Towing_and_Articulation,Vehicle_Manoeuvre,Vehicle_Location-Restricted_Lane,Junction_Location,Skidding_and_Overturning,Hit_Object_in_Carriageway,Vehicle_Leaving_Carriageway,Hit_Object_off_Carriageway,1st_Point_of_Impact,Was_Vehicle_Left_Hand_Drive?,Journey_Purpose_of_Driver,Sex_of_Driver,Age_of_Driver,Age_Band_of_Driver,Engine_Capacity_(CC),Propulsion_Code,Age_of_Vehicle,Driver_IMD_Decile,Driver_Home_Area_Type,Vehicle_IMD_Decile
2016530072475,4,9,0,18,0,0,1,0,0,0,1,1,6,1,24,5,2143,2,1,2,1,2
2016530072475,5,9,0,18,0,0,0,0,0,0,1,1,6,1,27,6,1998,2,10,2,1,2
2016530072503,1,9,0,9,0,5,0,0,0,0,1,1,2,1,31,6,1388,1,14,10,1,10
2016530072503,2,9,0,18,0,8,1,0,1,11,1,1,6,2,35,6,1596,1,12,9,2,9
2016530072585,1,9,0,9,0,5,0,0,0,0,4,1,1,1,34,6,1956,2,5,2,1,2
2016530072585,2,9,0,18,0,8,0,0,0,0,1,1,1,1,29,6,1753,2,9,7,1,7
2016530072585,3,9,0,10,0,1,0,0,0,0,3,1,1,1,37,7,998,1,14,5,1,5
2016530072634,1,9,0,14,0,1,0,0,0,0,4,1,6,1,31,6,1596,1,13,1,1,1
2016530072660,1,9,0,18,0,1,0,0,0,0,1,1,6,2,18,4,998,1,7,8,3,8
2016530072660,2,21,0,3,0,1,0,0,0,0,2,1,6,1,44,7,12419,2,1,9,2,9
2016530072660,3,9,0,18,0,1,0,0,0,0,1,1,6,1,52,8,-1,-1,-1,8,2,8
2016530072691,1,9,0,18,0,0,0,0,0,0,1,1,1,1,18,4,1149,1,11,2,1,2
2016530072699,1,9,0,5,0,6,0,0,0,0,0,1,2,2,57,9,1587,1,14,2,1,2
2016530072699,2,9,0,18,0,8,0,0,0,0,1,1,2,1,62,9,1395,1,2,7,3,7
2016530072794,1,9,0,9,0,5,0,0,0,0,1,1,6,1,26,6,2204,2,7,6,2,6
2016530072794,2,9,0,18,0,8,0,0,0,0,4,1,6,2,60,9,1124,1,13,-1,3,-1
2016530072843,1,9,0,18,0,0,0,0,0,0,1,1,6,1,43,7,1998,1,12,10,1,10
2016530072843,2,5,0,18,0,0,0,0,0,0,3,1,6,1,45,7,955,1,17,6,1,6
2016530072854,1,5,0,4,0,8,1,0,7,0,1,1,6,1,53,8,599,1,16,10,3,10
2016530072854,2,17,4,9,0,5,0,0,0,0,3,1,1,1,58,9,-1,2,8,7,3,7
2016530072878,1,9,0,9,0,8,0,0,0,0,4,1,6,1,18,4,999,1,2,10,3,10
2016530072878,2,9,0,18,0,8,0,0,0,0,1,1,6,2,26,6,1360,1,9,1,1,1
2016530072949,1,23,0,18,0,0,0,0,0,0,1,1,6,2,16,4,-1,-1,-1,5,2,5
2016530073434,1,9,0,9,0,5,0,0,0,0,3,1,6,1,34,6,1461,2,4,10,1,10
2016530073434,2,5,0,18,0,8,1,0,0,0,4,1,6,1,59,9,996,1,17,2,1,2
2016530073464,1,9,0,18,0,0,0,0,0,0,3,1,6,2,66,10,1198,1,2,4,1,4
2016530073464,2,11,0,18,0,0,0,0,0,0,3,1,1,2,30,6,9000,2,4,4,1,4
2016530073526,1,9,0,4,0,1,0,0,0,0,1,1,6,1,-1,-1,-1,-1,-1,-1,-1,-1
2016530073526,2,9,0,8,0,1,0,0,0,0,2,1,1,2,27,6,1229,1,5,9,1,9
2016530073940,1,9,0,18,0,0,0,0,0,0,3,1,6,2,19,4,1399,2,6,6,3,6
2016530073940,2,3,0,18,0,0,0,0,0,0,1,1,6,1,22,5,124,1,1,9,1,9
2016530074181,1,9,0,18,0,4,0,0,0,0,3,1,6,3,-1,-1,-1,-1,-1,-1,-1,-1
2016530074181,2,1,0,17,0,8,0,0,0,0,1,1,1,1,27,6,-1,-1,-1,8,1,8
2016530075046,1,9,0,12,0,0,0,0,0,0,0,1,6,3,-1,-1,-1,-1,-1,-1,-1,-1
2016530075046,2,9,0,18,0,0,1,0,0,0,3,1,6,1,42,7,1596,1,15,4,1,4
2016530075101,1,9,0,18,0,0,0,0,0,0,1,1,1,1,34,6,-1,-1,-1,5,1,5
2016530075282,1,9,0,9,0,5,0,0,0,0,2,1,6,1,-1,-1,-1,-1,-1,-1,-1,-1
2016530075282,2,5,0,18,0,8,0,0,0,0,1,1,1,1,43,7,645,1,17,9,1,9
2016530075346,1,9,0,5,0,0,0,4,0,0,1,1,6,2,38,7,1998,1,15,2,1,2
2016530075346,2,9,0,2,0,0,0,0,0,0,4,1,6,2,30,6,1560,2,3,2,1,2
2016530075346,3,9,0,2,0,0,0,0,0,0,3,1,6,1,25,5,1596,7,9,8,1,8
2016530075346,4,9,0,2,0,0,0,0,0,0,2,1,6,2,-1,-1,1461,2,7,7,2,7
2016530076125,1,2,0,18,0,0,0,0,0,0,1,1,1,1,16,4,49,1,9,4,1,4
2016530076125,2,3,0,4,0,0,0,0,0,0,1,1,1,1,18,4,125,1,1,6,2,6
2016530076125,3,2,0,3,0,0,0,0,0,0,2,1,1,2,16,4,49,1,1,5,3,5
2016530076154,1,11,0,18,0,0,0,0,0,0,4,1,1,1,-1,-1,9000,2,4,-1,-1,-1
2016530076154,2,9,0,2,0,0,0,0,0,0,0,1,6,1,47,8,1560,2,9,10,1,10
2016530076162,1,9,0,18,0,0,0,0,0,0,1,1,1,1,47,8,1998,1,18,5,1,5
2016530076162,2,9,0,18,0,0,0,0,0,0,1,1,1,1,56,9,2179,2,13,10,1,10
2016530076795,1,9,0,12,0,1,0,0,0,0,1,1,2,1,41,7,-1,-1,-1,10,1,10
2016530076795,2,9,0,18,0,2,0,0,0,0,1,1,6,2,53,8,2143,2,-1,8,3,8
2016530076795,3,9,0,4,0,1,0,0,0,0,3,1,6,1,77,11,1598,1,1,10,1,10
2016530076880,1,9,0,18,0,0,0,0,0,0,1,1,1,1,36,7,1686,2,5,5,1,5
2016530076880,2,1,0,18,0,0,0,0,0,0,3,1,4,2,11,3,-1,-1,-1,2,1,2
2016530076928,1,9,0,13,0,0,0,0,0,0,4,1,6,1,42,7,1850,1,14,2,1,2
2016530076928,2,1,0,18,0,0,5,0,0,0,3,1,4,2,16,4,-1,-1,-1,2,1,2
2016530077320,1,9,0,18,0,0,5,0,1,4,1,1,6,1,18,4,1783,1,14,2,1,2
2016530077634,1,9,0,18,0,4,0,0,0,0,1,1,6,1,55,8,1612,1,4,9,1,9
2016530077634,2,1,0,17,0,8,0,0,0,0,3,1,6,1,45,7,-1,-1,-1,6,1,6
2016530077829,1,9,0,13,0,1,0,0,0,0,1,1,6,1,42,7,1395,1,1,-1,-1,-1
2016530077829,2,9,0,6,0,1,0,0,0,0,3,1,6,1,22,5,1995,2,12,10,3,10
2016530077858,1,9,0,18,0,1,5,4,0,0,1,1,6,1,42,7,3628,2,9,8,1,8
2016530077858,2,9,0,18,0,1,0,0,0,0,1,1,6,2,55,8,2204,2,11,9,1,9
2016530077858,3,19,0,2,0,1,0,0,1,0,2,1,1,1,58,9,1995,2,9,9,1,9
2016530077927,1,9,0,16,0,8,0,0,0,0,3,1,2,2,47,8,996,1,2,5,2,5
2016530077927,2,9,0,17,0,8,0,0,1,0,3,1,3,1,65,9,1461,2,6,10,1,10
2016530077929,1,1,0,18,4,8,0,0,0,0,1,1,6,2,60,9,-1,-1,-1,9,1,9
2016530077929,2,9,0,5,0,6,0,0,0,0,1,1,6,2,40,7,1199,1,12,3,1,3
2016530077965,1,9,0,18,0,0,0,0,0,0,0,1,1,1,32,6,4134,2,2,4,1,4
2016530077993,1,2,0,18,0,0,0,0,0,0,0,1,6,1,-1,-1,-1,-1,-1,-1,-1,-1
2016530078059,1,19,0,18,0,0,0,0,7,0,1,1,1,1,36,7,2198,2,3,2,1,2
2016530078059,2,21,1,2,6,0,0,0,0,0,2,1,1,1,51,8,11705,2,4,10,2,10
2016530078066,1,19,0,18,0,8,0,0,0,0,1,1,6,1,59,9,2446,2,15,5,3,5
2016530078066,2,9,0,9,0,5,0,0,0,0,2,1,6,2,43,7,1598,1,6,6,1,6
2016530078273,1,9,0,18,0,0,0,0,0,0,1,1,6,3,-1,-1,-1,-1,-1,-1,-1,-1
2016530078273,2,9,0,2,0,0,0,0,0,0,0,1,6,1,24,5,1905,2,19,6,2,6
2016530078526,1,9,0,17,0,1,0,0,7,4,1,1,6,1,19,4,1229,1,10,-1,3,-1
2016530078539,1,9,0,13,0,8,0,0,0,0,3,1,6,3,-1,-1,-1,-1,-1,-1,-1,-1
2016530078539,2,5,0,13,0,8,0,0,0,0,4,1,6,1,57,9,955,1,17,9,1,9
2016530078541,1,9,0,9,0,6,0,0,0,0,3,1,2,1,56,9,2495,2,19,8,3,8
2016530078541,2,5,0,13,0,8,0,0,0,0,1,1,2,1,61,9,1261,1,12,7,2,7
2016530078612,1,9,0,18,0,0,0,0,0,0,3,1,6,3,-1,-1,-1,-1,-1,-1,-1,-1
2016530078612,2,9,0,18,0,0,0,0,0,0,3,1,6,2,26,6,1360,1,13,8,1,8
2016530078633,1,9,0,12,0,1,0,0,0,0,1,1,6,1,31,6,-1,-1,-1,6,3,6
2016530078633,2,5,0,13,0,1,0,0,0,0,1,1,6,1,67,10,1200,1,-1,-1,-1,-1
2016530078845,1,9,0,16,0,0,5,0,8,11,1,1,6,2,17,4,998,1,16,8,2,8
2016530078863,1,9,0,4,0,0,0,0,0,0,4,1,6,1,92,11,1388,1,13,7,3,7
2016530078887,1,5,0,13,0,1,0,0,0,0,2,1,6,1,44,7,1700,1,1,6,3,6
2016530078887,2,9,0,5,0,1,0,0,0,0,1,1,2,2,21,5,1242,1,5,3,1,3
2016530079351,1,9,0,4,0,0,0,0,0,0,2,1,1,2,50,8,998,1,8,6,2,6
2016530079351,2,9,0,18,0,0,0,0,0,0,1,1,1,1,34,6,998,1,4,5,1,5
2016530079666,1,9,0,18,0,0,5,0,2,10,1,1,6,1,83,11,1124,1,14,8,2,8
2016530079687,1,9,0,18,0,0,0,0,0,0,1,1,6,1,75,10,1392,1,18,7,1,7
2016530079687,2,9,0,6,0,0,0,0,0,0,4,1,1,2,35,6,2993,2,5,1,1,1
2016530079708,1,9,0,4,0,0,0,0,0,0,1,1,3,2,36,7,1364,1,11,1,1,1
2016530079708,2,9,0,3,0,0,0,0,0,0,2,1,1,1,59,9,-1,-1,-1,1,1,1
2016530079741,1,2,0,13,0,1,0,0,0,0,4,1,4,1,16,4,49,1,10,8,1,8
2016530079741,2,9,0,18,0,1,0,0,0,0,3,1,1,2,47,8,1968,2,1,10,1,10
2016530079808,1,3,0,4,0,0,1,0,0,0,1,1,2,1,18,4,125,1,3,-1,-1,-1
2016530079808,2,9,0,4,0,0,0,0,0,0,1,1,1,2,27,6,1229,1,12,8,1,8
2016530079861,1,9,0,16,0,0,1,0,1,4,1,1,6,1,68,10,1229,1,10,-1,-1,-1
2016530079884,1,9,0,17,0,1,1,10,1,9,4,1,6,1,18,4,-1,-1,-1,7,2,7
2016530079951,1,9,0,17,0,0,2,0,1,0,3,1,6,2,19,4,1399,2,10,6,3,6
2016530080063,1,9,0,7,0,1,0,0,1,0,2,1,1,1,63,9,-1,-1,-1,7,2,7
2016530080063,2,19,0,4,0,1,1,0,0,0,1,1,6,1,24,5,2148,2,8,1,1,1
2016530080087,1,9,0,4,0,0,0,0,0,0,2,1,6,2,39,7,1389,1,20,9,3,9
2016530080087,2,9,0,4,0,0,0,0,0,0,1,1,1,1,40,7,1598,1,11,9,1,9
2016530080087,3,9,0,3,0,0,0,0,0,0,1,1,6,3,-1,-1,-1,-1,-1,-1,-1,-1
2016530080139,1,19,0,16,0,0,0,0,0,0,1,1,1,1,37,7,2198,2,3,6,2,6
2016530080160,1,9,0,5,0,6,0,0,0,0,3,1,1,2,37,7,2179,2,8,5,1,5
2016530080160,2,9,0,18,0,8,0,0,0,0,1,1,1,1,60,9,2967,2,1,10,1,10
2016530080210,1,9,0,12,0,0,1,0,0,0,3,1,6,1,48,8,1896,2,12,5,1,5
2016530080210,2,9,0,13,0,0,2,0,4,0,4,1,6,1,22,5,1796,1,12,10,2,10
2016530080259,1,9,0,18,0,1,0,0,0,0,1,1,3,2,45,7,1364,1,1,3,1,3
2016530080717,1,9,0,18,0,1,0,0,0,0,1,1,1,2,38,7,1600,1,18,1,1,1
2016530080717,2,1,0,18,0,1,0,0,0,0,1,1,2,1,46,8,-1,-1,-1,3,1,3
2016530081079,1,21,1,18,0,0,0,11,0,0,1,1,1,1,32,6,11116,2,11,9,1,9
2016530081079,2,19,0,18,0,0,0,0,0,0,1,1,1,1,31,6,1968,2,4,5,3,5
2016530081144,1,9,0,4,0,1,0,0,0,0,4,1,6,1,29,6,1598,1,16,-1,1,-1
2016530081144,2,1,0,4,0,1,0,0,0,0,1,1,6,1,51,8,-1,-1,-1,-1,-1,-1
2016530081234,1,9,0,18,0,0,0,0,0,0,1,1,6,1,69,10,1596,1,14,5,3,5
2016530081234,2,5,0,18,0,0,0,0,0,0,2,1,6,1,80,11,865,1,5,6,1,6
2016530081276,1,9,0,9,0,5,0,0,0,0,3,1,2,1,38,7,3301,7,11,5,2,5
2016530081276,2,9,0,13,0,8,0,0,0,0,4,1,2,1,31,6,899,1,3,5,2,5
2016530081294,1,9,0,9,0,5,0,0,0,0,0,1,6,1,69,10,5000,1,6,9,1,9
2016530081294,2,5,0,13,0,8,0,0,0,0,0,1,6,2,53,8,800,1,3,10,1,10
2016530081314,1,3,0,12,0,0,0,0,0,0,0,1,6,1,18,4,124,1,-1,8,3,8
2016530081314,2,19,0,18,0,0,0,0,0,0,4,1,6,1,23,5,-1,-1,-1,-1,-1,-1
2016530081314,3,19,0,18,0,0,0,0,0,0,1,1,1,1,26,6,-1,-1,-1,9,1,9
2016530081432,1,9,0,18,0,0,0,0,0,0,1,1,1,2,38,7,1240,1,12,9,1,9
2016530081453,1,9,0,18,0,0,0,0,0,0,1,1,6,2,71,10,1398,1,15,4,1,4
2016530081453,2,9,0,18,0,0,0,0,0,0,1,1,6,2,38,7,1590,1,15,2,1,2
2016530081485,1,9,0,9,0,2,0,0,0,0,1,1,1,1,35,6,-1,-1,-1,2,1,2
2016530081526,1,3,0,4,0,1,0,0,0,0,1,1,2,1,20,4,124,1,2,8,1,8
2016530081526,2,9,0,4,0,1,0,0,0,0,2,1,2,1,78,11,1461,2,2,6,2,6
2016530081921,1,9,0,5,0,1,0,0,0,0,4,1,6,2,86,11,1497,8,1,-1,-1,-1
2016530081969,1,9,0,18,0,0,5,0,1,0,1,1,6,1,31,6,1596,1,15,9,1,9
2016530082017,1,9,0,16,0,8,1,0,1,4,3,1,6,1,38,7,1388,1,14,6,3,6
2016530082371,1,3,0,16,0,8,1,0,0,0,1,1,6,1,34,6,998,1,15,9,3,9
2016530082371,2,9,0,9,0,5,0,0,0,0,3,1,6,2,61,9,2179,2,4,7,3,7
2016530082621,1,9,0,18,0,0,0,0,0,0,1,1,6,2,82,11,1392,1,21,5,1,5
2016530082938,1,9,0,18,0,0,0,0,0,0,3,1,6,2,42,7,1596,1,7,4,1,4
2016530083044,1,9,0,4,0,6,0,0,0,0,3,1,6,1,91,11,1390,1,3,7,3,7
2016530083044,2,9,0,18,0,8,0,0,0,0,1,1,6,1,29,6,2198,2,2,6,3,6
2016530083218,1,9,0,18,0,0,0,0,0,0,4,1,6,1,74,10,3239,1,21,9,1,9
2016530083579,1,9,0,9,0,5,0,0,0,0,4,1,6,2,45,7,1461,2,2,6,1,6
2016530083617,1,5,0,18,0,0,0,0,0,0,1,1,6,1,53,8,750,1,40,6,1,6
2016530083617,2,21,0,18,0,0,0,0,0,0,3,1,1,1,33,6,12902,2,2,-1,-1,-1
2016530083617,3,9,0,18,0,0,0,0,0,0,0,1,6,1,51,8,-1,-1,-1,6,1,6
2016530084342,1,9,0,18,0,0,1,0,1,4,4,1,6,1,29,6,1242,1,12,4,1,4
2016530084914,1,9,0,9,0,6,0,0,0,0,1,1,6,2,31,6,-1,-1,-1,-1,3,-1
2016530084914,2,9,0,18,0,8,0,0,0,0,3,1,6,2,59,9,1229,1,10,5,3,5
2016530085005,1,9,0,18,0,0,1,0,4,6,1,1,6,1,55,8,1390,1,14,4,1,4
2016530085005,2,19,0,18,0,0,0,12,0,0,1,1,1,1,45,7,1995,2,4,3,1,3
2016530085225,1,9,0,18,0,0,0,0,0,0,1,1,6,2,44,7,1798,1,9,5,3,5
2016530085293,1,9,0,9,0,5,0,0,0,0,4,1,2,2,29,6,1390,1,5,9,1,9
2016530085293,2,1,0,15,0,8,0,0,0,0,4,1,2,2,59,9,-1,-1,-1,10,1,10
2016530085331,1,9,0,17,0,0,0,0,7,4,4,1,6,1,24,5,2993,2,-1,-1,-1,-1
2016530085347,1,9,0,9,0,5,0,0,0,0,4,1,6,2,32,6,1390,1,6,10,2,10
2016530085347,2,9,0,16,0,8,0,0,0,0,1,1,6,1,17,4,1124,1,12,10,2,10
2016530085738,1,9,0,9,0,6,0,0,0,0,3,1,6,1,81,11,1398,1,12,10,1,10
2016530085738,2,3,0,18,0,8,0,0,0,0,1,1,1,1,22,5,124,1,4,4,1,4
2016530085783,1,9,0,13,0,1,0,0,0,0,4,1,2,1,23,5,-1,-1,-1,2,1,2
2016530085783,2,9,0,18,0,1,1,0,1,0,3,1,1,2,68,10,1896,2,8,10,2,10
2016530085783,3,9,0,18,0,2,0,0,0,0,0,1,2,1,41,7,1242,1,5,7,2,7
2016530085827,1,9,0,3,0,1,0,0,0,0,2,1,2,1,31,6,2497,1,14,9,1,9
2016530085827,2,9,0,3,0,1,0,0,0,0,2,1,6,3,-1,-1,-1,-1,-1,-1,-1,-1
2016530085827,3,9,0,18,0,1,0,0,0,0,1,1,6,3,-1,-1,-1,-1,-1,-1,-1,-1
2016530085911,1,9,0,18,0,4,0,0,0,0,3,1,6,1,56,9,1956,2,4,4,1,4
2016530085911,2,9,0,9,0,4,0,0,0,0,1,1,6,2,43,7,995,1,9,4,1,4
2016530086332,1,1,0,9,0,8,0,0,0,0,1,1,6,1,18,4,-1,-1,-1,10,3,10
2016530086332,2,9,0,13,0,8,0,0,0,0,1,1,6,1,76,11,1299,1,17,5,2,5
2016530086556,1,1,0,17,0,8,0,0,0,0,1,1,6,1,32,6,-1,-1,-1,5,1,5
2016530086556,2,9,0,5,0,6,0,0,0,0,4,1,6,2,31,6,1390,1,8,4,1,4
2016530086589,1,9,0,17,0,0,0,0,0,0,1,1,6,3,-1,-1,-1,-1,-1,-1,-1,-1
2016530086597,1,9,0,18,0,0,0,0,0,0,1,1,6,1,78,11,1289,1,18,2,1,2
2016530086597,2,21,0,18,0,0,0,0,0,0,3,1,1,1,55,8,12902,2,3,9,3,9
2016530086617,1,9,0,16,0,1,0,0,0,0,1,1,1,2,47,8,1598,2,5,6,1,6
2016530086617,2,9,0,3,0,1,0,0,0,0,2,1,6,2,28,6,998,1,1,8,1,8
2016530086640,1,1,0,18,0,0,0,0,0,0,1,1,6,1,59,9,-1,-1,-1,8,1,8
2016530086640,2,1,0,18,0,0,0,0,0,0,2,1,6,1,58,9,-1,-1,-1,10,1,10
2016530086675,1,9,0,2,0,1,0,0,0,0,1,1,6,1,85,11,1896,2,12,9,2,9
2016530086675,2,9,0,18,0,2,0,4,0,0,1,1,6,2,-1,-1,-1,-1,-1,9,2,9
2016530086680,1,9,0,10,0,0,0,0,0,0,2,1,6,2,23,5,998,1,8,6,2,6
2016530086680,2,9,0,18,0,0,0,0,0,0,1,1,6,3,-1,-1,-1,-1,-1,-1,-1,-1
2016530086689,1,9,0,14,0,0,0,0,0,0,1,1,2,1,64,9,1368,1,10,6,1,6
2016530086689,2,5,0,14,0,0,0,0,0,0,1,1,2,1,22,5,645,1,11,2,1,2
2016530086726,1,9,0,1,0,6,0,0,0,0,2,1,6,1,53,8,3226,2,15,8,1,8
2016530086726,2,9,0,18,0,8,0,0,0,0,1,1,6,2,54,8,1986,2,9,5,1,5
2016530086728,1,9,0,9,0,6,0,0,0,0,1,1,6,3,-1,-1,-1,-1,-1,-1,-1,-1
2016530086728,2,1,0,18,0,8,0,0,0,0,4,1,6,1,50,8,-1,-1,-1,8,1,8
2016530086755,1,9,0,5,0,6,0,0,0,0,1,1,3,1,50,8,2993,2,4,7,3,7
2016530086755,2,2,0,18,0,8,2,0,7,0,1,1,4,1,16,4,49,1,4,-1,1,-1
2016530086924,1,9,0,17,0,1,0,0,0,0,1,1,2,1,48,8,1968,2,9,7,3,7
2016530086924,2,9,0,9,0,1,0,0,0,0,1,1,6,2,66,10,1242,1,10,9,3,9
2016530087025,1,3,0,9,0,5,0,0,0,0,1,1,6,1,51,8,955,1,16,5,1,5
2016530087025,2,9,0,13,0,1,0,0,0,0,3,1,6,1,61,9,1560,2,2,-1,3,-1
2016530087331,1,9,0,18,0,6,0,0,1,0,1,1,1,2,76,11,999,1,3,8,2,8
2016530087331,2,9,0,18,0,8,0,0,0,0,1,1,6,1,54,8,1910,2,6,5,3,5
2016530087911,1,9,0,18,0,1,0,0,0,0,4,1,6,1,34,6,-1,-1,-1,6,1,6
2016530088002,1,9,0,7,0,2,0,0,7,1,1,1,6,1,17,4,1396,1,18,9,1,9
2016530088002,2,9,0,7,0,2,0,0,0,0,1,1,1,1,35,6,2993,2,2,-1,-1,-1
2016530088084,1,9,0,12,0,0,0,0,0,0,1,1,1,1,46,8,1560,2,8,-1,2,-1
2016530088084,2,19,4,18,0,0,0,0,0,0,3,1,1,1,48,8,2198,2,5,6,1,6
2016530088612,1,9,0,5,0,6,0,0,0,0,1,1,6,1,37,7,1198,1,6,3,1,3
2016530088612,2,1,0,18,0,8,0,0,0,0,1,1,6,1,15,3,-1,-1,-1,10,1,10
2016530088614,1,9,0,9,0,8,0,0,0,0,1,1,6,2,28,6,1396,1,7,6,1,6
2016530088614,2,9,0,18,0,8,0,0,0,0,1,1,6,1,80,11,1200,1,1,9,1,9
2016530088615,1,9,0,17,0,0,0,0,7,0,4,1,6,1,30,6,1686,2,11,6,1,6
2016530088615,2,9,0,18,0,0,0,0,0,0,1,1,6,2,30,6,1390,1,10,4,1,4
2016530088617,1,9,0,7,0,2,0,0,0,0,1,1,2,1,31,6,1984,1,13,1,1,1
2016530088617,2,1,0,18,0,1,0,0,0,0,1,1,6,1,17,4,-1,-1,-1,1,1,1
2016530088619,1,9,0,9,0,8,0,0,0,0,1,1,6,1,22,5,2435,1,10,4,1,4
2016530088619,2,9,0,18,0,8,0,0,0,0,3,1,1,1,46,8,-1,-1,-1,4,3,4
2016530088622,1,9,0,16,0,0,2,0,7,9,3,1,6,1,68,10,1598,2,2,10,1,10
2016530088622,2,9,0,17,0,0,0,0,1,5,3,1,5,1,39,7,2993,2,-1,5,3,5
2016530088624,1,19,0,4,0,0,0,0,0,0,1,1,1,1,68,10,1461,2,2,4,1,4
2016530088624,2,11,0,18,0,0,0,0,0,0,2,1,6,3,-1,-1,-1,-1,-1,-1,-1,-1
2016530088626,1,9,0,18,0,4,0,0,0,0,3,1,6,1,66,10,-1,-1,-1,3,2,3
2016530088626,2,1,0,18,0,8,0,0,0,0,1,1,2,1,20,4,-1,-1,-1,1,1,1
2016530088629,1,9,0,7,0,5,0,0,0,0,3,1,6,2,50,8,1149,1,16,10,1,10
2016530088629,2,1,0,18,0,8,0,0,0,0,4,1,6,1,40,7,-1,-1,-1,6,1,6
2016530088631,1,9,0,9,0,5,0,0,0,0,1,1,6,1,22,5,1229,1,3,5,1,5
2016530088631,2,1,0,18,0,8,0,0,0,0,4,1,6,1,13,3,-1,-1,-1,4,1,4
2016530088637,1,9,0,3,0,1,0,0,0,0,1,1,2,2,39,7,1896,2,18,5,3,5
2016530088637,2,9,0,18,0,1,0,0,0,0,2,1,2,1,54,8,1995,2,-1,8,3,8
2016530088640,1,9,0,5,0,8,0,0,0,0,4,1,5,2,47,8,1560,2,6,10,2,10
2016530088640,2,1,0,18,0,8,0,0,0,0,3,1,5,1,49,8,-1,-1,-1,6,1,6
2016530088677,1,9,0,18,0,8,0,9,0,0,1,1,6,1,37,7,4172,2,10,-1,-1,-1
2016530088678,1,21,0,5,0,0,0,0,0,0,4,1,1,1,56,9,-1,-1,-1,8,2,8
2016530088679,1,5,0,15,0,0,0,0,0,0,0,1,6,1,-1,-1,-1,-1,-1,-1,-1,-1
2016530088749,1,9,0,18,0,0,1,0,0,0,1,1,1,1,41,7,1686,2,3,4,1,4
2016530088749,2,9,0,9,0,0,0,0,0,0,2,1,6,1,49,8,1999,2,-1,6,3,6
2016530088773,1,9,0,4,0,1,0,0,0,0,1,1,6,3,-1,-1,1248,2,4,-1,-1,-1
2016530088773,2,9,0,3,0,1,0,0,0,0,2,1,6,2,44,7,1590,1,5,8,3,8
2016530089255,1,9,0,13,0,0,1,0,2,7,1,1,6,1,28,6,1242,1,12,8,1,8
2016530089255,2,9,0,18,0,0,0,0,0,0,1,1,6,1,49,8,1396,1,14,-1,-1,-1
2016530089540,1,9,0,18,0,1,0,0,0,0,3,1,6,1,51,8,1796,1,12,9,1,9
2016530089540,2,9,0,7,0,5,0,0,0,0,4,1,6,2,23,5,1242,1,8,9,1,9
2016530089555,1,2,0,17,0,2,0,4,0,0,1,1,6,1,-1,-1,-1,-1,-1,-1,-1,-1
2016530089555,2,9,0,2,0,1,0,0,0,0,0,1,5,2,28,6,1240,1,9,7,1,7
2016530089690,1,9,0,7,0,1,0,0,0,0,1,1,6,3,-1,-1,-1,-1,-1,-1,-1,-1
2016530089690,2,1,0,18,0,8,0,0,0,0,4,1,6,1,12,3,-1,-1,-1,9,1,9
2016530089707,1,1,0,18,0,8,0,0,0,0,4,1,6,1,50,8,-1,-1,-1,3,1,3
2016530089707,2,9,0,5,0,1,0,0,0,0,1,1,6,1,26,6,1587,1,15,3,1,3
2016530089740,1,9,0,18,0,0,0,0,0,0,1,1,2,2,23,5,1496,1,-1,4,1,4
2016530089740,2,9,0,3,0,0,0,0,0,0,2,1,3,2,32,6,1595,1,7,2,1,2
2016530089772,1,9,0,1,0,0,0,0,0,0,2,1,6,1,52,8,2179,2,2,6,1,6
2016530089772,2,5,0,3,0,0,0,0,0,0,1,1,6,1,27,6,599,1,16,8,1,8
2016530089796,1,9,0,4,0,0,0,0,0,0,0,1,6,3,-1,-1,-1,-1,-1,-1,-1,-1
2016530089796,2,11,0,4,0,0,0,0,0,0,0,1,1,1,41,7,4250,2,10,4,3,4
2016530090089,1,3,0,16,0,0,1,0,0,0,1,1,6,1,25,5,125,1,5,6,1,6
2016530090089,2,9,0,17,0,0,0,0,0,0,3,1,6,2,28,6,998,1,2,10,3,10
2016530090146,1,9,0,18,0,8,0,0,0,0,1,1,2,2,65,9,1275,1,17,6,3,6
2016530090146,2,20,0,9,0,8,0,0,0,0,3,1,1,1,23,5,4500,2,-1,10,3,10
2016530090203,1,9,0,18,0,0,0,0,1,0,1,1,6,2,54,8,1386,1,4,1,1,1
2016530091038,1,9,0,18,0,8,0,0,0,0,1,1,2,1,34,6,1968,2,4,-1,-1,-1
2016530091038,2,9,0,18,0,8,0,0,0,0,2,1,2,1,21,5,3200,1,10,-1,-1,-1
2016530091038,3,9,0,3,0,7,0,0,0,0,0,1,1,2,32,6,1598,2,1,-1,-1,-1
2016530091238,1,3,0,13,0,8,0,0,7,0,1,1,6,1,63,9,-1,-1,-1,7,1,7
2016530091238,2,19,0,9,0,5,0,0,0,0,1,1,6,2,50,8,-1,-1,-1,-1,-1,-1
2016530091254,1,9,0,3,0,0,0,0,0,0,4,1,6,2,29,6,1299,1,8,4,1,4