Accident_Index,Vehicle_Reference,Vehicle_Type,Towing_and_Articulation,Vehicle_Manoeuvre,Vehicle_Location-Restricted_Lane,Junction_Location,Skidding_and_Overturning,Hit_Object_in_Carriageway,Vehicle_Leaving_Carriageway,Hit_Object_off_Carriageway,1st_Point_of_Impact,Was_Vehicle_Left_Hand_Drive?,Journey_Purpose_of_Driver,Sex_of_Driver,Age_of_Driver,Age_Band_of_Driver,Engine_Capacity_(CC),Propulsion_Code,Age_of_Vehicle,Driver_IMD_Decile,Driver_Home_Area_Type,Vehicle_IMD_Decile
2016543222916,2,9,0,2,0,2,0,0,0,0,2,1,6,1,70,10,1339,8,3,7,1,7
2016543223916,1,9,0,9,0,6,0,0,0,0,3,1,6,2,78,11,1197,1,4,10,1,10
2016543223916,2,5,0,18,0,8,1,0,0,0,1,1,6,1,34,6,749,1,16,1,1,1
2016543226216,1,98,0,12,0,0,0,0,0,0,0,1,1,3,-1,-1,-1,-1,-1,-1,-1,-1
2016543226216,2,9,0,18,0,0,0,0,5,6,3,1,6,1,38,7,2494,1,14,3,1,3
2016543262216,1,9,0,9,0,5,0,0,0,0,4,1,6,2,19,4,1299,1,11,6,3,6
2016543262216,2,9,0,10,0,1,0,0,0,0,3,1,6,1,71,10,1229,1,5,8,2,8
2016543262216,3,9,0,18,0,8,0,0,0,0,1,1,6,2,31,6,1560,2,7,7,2,7
2016543262716,1,9,0,9,0,5,0,0,0,0,3,1,6,2,53,8,1248,1,6,5,3,5
2016543262716,2,1,0,14,0,8,0,0,0,0,4,1,2,1,44,7,-1,-1,-1,6,3,6
2016543268516,1,9,0,18,0,0,2,0,0,0,3,1,6,1,37,7,1997,2,17,6,3,6
2016543268716,1,9,0,18,0,4,0,0,0,0,3,1,6,1,74,10,1753,2,8,2,1,2
2016543268716,2,1,0,18,0,8,0,0,0,0,4,1,6,1,21,5,-1,-1,-1,1,1,1
2016543269216,1,9,0,9,0,5,0,0,0,9,4,1,2,1,59,9,2487,2,16,6,1,6
2016543269216,2,9,0,18,0,8,0,0,7,0,1,1,2,1,23,5,1596,1,12,5,1,5
2016543293116,1,9,0,18,0,0,0,0,0,0,1,1,6,1,55,8,1968,2,10,4,1,4
2016543293116,2,9,0,18,0,0,0,0,0,0,1,1,6,1,62,9,2143,2,1,10,2,10
2016543293116,3,9,0,18,0,0,0,0,0,0,1,1,6,1,61,9,1298,1,12,6,3,6
2016543293116,4,9,0,3,0,0,0,0,0,0,2,1,6,1,53,8,1598,1,11,9,1,9
2016543297116,1,9,0,9,0,6,0,0,0,0,3,1,6,2,34,6,1986,2,11,9,3,9
2016543297116,2,9,0,18,0,8,0,0,0,0,1,1,6,1,-1,-1,1997,2,3,-1,-1,-1
2016543298016,1,9,0,5,0,4,0,0,0,0,1,1,6,2,54,8,1685,2,2,8,1,8
2016543298016,2,9,0,18,0,8,0,0,0,0,4,1,6,1,22,5,1998,1,1,10,1,10
2016543302816,1,9,0,1,0,0,0,0,0,0,2,1,6,1,-1,-1,-1,-1,-1,-1,-1,-1
2016543302916,1,9,0,3,0,1,0,0,0,0,2,1,6,2,39,7,1997,2,10,9,2,9
2016543302916,2,19,0,4,0,1,1,0,0,0,1,1,1,1,41,7,2198,2,4,4,1,4
2016543308216,1,9,0,16,0,0,2,0,7,10,1,1,6,1,28,6,1598,1,10,1,1,1
2016543311016,1,9,0,17,0,1,0,0,1,1,1,1,6,1,27,6,1997,1,14,6,2,6
2016543311616,1,9,0,18,0,1,0,0,0,0,1,1,6,2,18,4,1197,1,2,8,1,8
2016543311616,2,9,0,3,0,1,0,0,0,0,2,1,6,2,33,6,1388,1,13,3,1,3
2016543315316,1,9,0,17,0,8,1,0,1,1,1,1,6,1,17,4,1199,1,14,10,1,10
2016543318016,1,9,0,9,0,4,0,0,0,0,1,1,6,2,35,6,1796,1,13,4,1,4
2016543318016,2,1,0,9,0,8,0,0,0,0,4,1,6,2,26,6,-1,-1,-1,8,1,8
2016543323816,1,5,0,16,0,0,0,0,0,0,1,1,6,1,26,6,918,1,18,6,2,6
2016543323816,2,9,0,18,0,0,0,0,0,0,1,1,6,1,56,9,1995,2,1,5,3,5
2016543338316,1,9,0,16,0,0,1,10,1,10,1,1,6,1,24,5,1598,1,6,10,1,10
2016543352916,1,9,0,18,0,6,1,0,0,0,1,1,2,1,23,5,1242,1,16,3,1,3
2016543352916,2,9,0,18,0,8,0,0,1,0,3,1,6,1,38,7,1596,1,6,10,1,10
2016543360816,1,9,0,18,0,8,1,0,7,11,1,1,6,1,31,6,1343,1,16,7,1,7
2016543363416,1,9,0,18,0,0,1,0,4,6,1,1,6,2,31,6,1396,1,19,1,1,1
2016543363416,2,9,0,18,0,0,0,0,4,6,1,1,1,1,43,7,1968,2,5,8,1,8
2016543372016,1,2,0,18,0,4,0,0,0,0,1,1,6,1,16,4,49,1,7,10,1,10
2016543372016,2,9,0,6,0,8,0,0,0,0,4,1,6,2,37,7,1390,1,11,10,1,10
2016543385916,1,19,0,1,0,0,0,0,0,0,2,1,1,1,52,8,1248,2,9,10,1,10
2016543385916,2,9,0,3,0,0,0,0,0,0,1,1,6,2,35,6,1461,2,5,3,1,3
2016543398816,1,9,0,18,0,0,5,0,7,2,3,1,6,2,67,10,998,1,5,6,1,6
2016543403716,1,1,0,17,0,8,0,0,0,0,1,1,6,1,33,6,-1,-1,-1,7,1,7
2016543403716,2,9,0,7,0,6,0,0,0,0,1,1,6,1,50,8,1968,2,8,9,2,9
2016543428716,1,9,0,18,0,0,0,0,0,0,1,1,6,2,45,7,1686,2,12,7,1,7
2016543428716,2,9,0,3,0,0,0,0,0,0,2,1,6,2,52,8,1598,1,13,2,1,2
2016543432416,1,9,0,18,0,0,0,0,0,0,1,1,2,2,44,7,1498,1,6,9,1,9
2016543432416,2,19,0,3,0,0,0,0,0,0,2,1,2,1,43,7,2198,2,1,8,1,8
2016543434216,1,9,0,9,0,5,0,0,0,0,3,1,6,2,26,6,1399,2,8,9,2,9
2016543434216,2,3,0,13,0,8,0,0,0,0,4,1,2,1,55,8,125,1,10,4,1,4
2016543442216,1,9,0,18,0,3,0,0,7,10,1,1,6,1,30,6,1988,1,13,7,2,7
2016543454516,1,9,0,18,0,0,0,0,0,0,1,1,6,1,37,7,1951,2,15,4,1,4
2016543454516,2,9,0,4,0,0,0,0,0,0,2,1,6,2,24,5,875,1,2,9,1,9
2016543454516,3,9,0,4,0,0,0,0,0,0,2,1,6,2,48,8,-1,-1,-1,5,1,5
2016543454516,4,9,0,4,0,0,0,0,0,0,2,1,6,1,65,9,1968,2,1,6,3,6
2016543455516,1,9,0,18,0,0,0,0,0,0,1,1,6,2,-1,-1,1596,1,2,7,3,7
2016543455516,2,9,0,3,0,0,0,0,0,0,2,1,6,2,60,9,1968,2,11,5,1,5
2016543474116,1,9,0,18,0,0,0,0,0,0,4,1,6,1,60,9,2198,1,14,8,1,8
2016543474116,2,1,0,18,0,0,0,0,0,0,1,1,6,1,13,3,-1,-1,-1,8,1,8
2016543483816,1,9,0,5,0,1,0,0,0,0,1,1,6,2,33,6,1399,2,6,7,1,7
2016543483816,2,9,0,3,0,1,0,0,0,0,2,1,6,2,46,8,1248,2,8,8,1,8
2016543513016,1,9,0,13,0,8,1,0,0,0,1,1,2,1,35,6,1796,1,15,7,1,7
2016543513016,2,9,0,9,0,5,1,0,1,11,3,1,6,2,22,5,1390,1,3,8,1,8
2016543519616,1,20,0,16,0,0,1,0,7,11,3,1,1,1,43,7,-1,-1,-1,10,1,10
2016543532816,1,9,0,9,0,5,0,0,0,0,4,1,1,1,38,7,1910,2,8,2,1,2
2016543532816,2,1,0,18,0,8,0,0,0,0,1,1,6,1,36,7,-1,-1,-1,5,1,5
2016543533616,1,9,0,13,0,0,0,0,0,0,0,1,6,3,-1,-1,-1,-1,-1,-1,-1,-1
2016543533616,2,9,0,18,0,0,0,0,0,0,1,1,6,1,35,6,2198,2,11,6,3,6
2016543533616,3,21,0,18,0,0,0,0,0,0,1,1,1,1,34,6,10837,2,4,5,1,5
2016543546216,1,9,0,18,0,2,0,0,0,0,1,1,6,2,30,6,1598,1,6,8,2,8
2016543546216,2,9,0,3,0,2,0,0,0,0,2,1,6,1,62,9,1950,2,-1,6,1,6
2016543547316,1,9,0,5,0,6,0,0,0,0,1,1,6,2,26,6,1587,1,10,2,1,2
2016543547316,2,8,0,18,0,8,0,0,1,3,4,1,1,1,39,7,1910,2,9,4,1,4
2016543547316,3,9,0,2,0,2,0,0,0,0,2,1,6,3,55,8,2231,2,9,8,1,8
2016543548016,1,9,0,3,0,2,0,0,0,0,0,1,6,2,-1,-1,-1,-1,-1,-1,-1,-1
2016543548016,2,11,0,4,0,2,0,0,0,0,0,1,1,1,52,8,-1,-1,-1,8,1,8
2016543554016,1,9,0,18,0,0,1,0,4,6,3,1,2,1,22,5,1197,1,5,5,1,5
2016543567416,1,9,0,5,0,1,0,0,0,0,1,1,6,1,44,7,1598,1,8,10,3,10
2016543567416,2,3,0,3,0,1,0,0,0,0,2,1,6,1,50,8,123,1,27,8,2,8
2016543574216,1,9,0,18,0,2,0,0,0,0,4,1,6,1,31,6,1896,2,13,4,1,4
2016543574416,1,9,0,18,0,4,0,0,0,0,3,1,6,1,85,11,1242,1,6,6,3,6
2016543574416,2,9,0,9,0,8,0,0,0,0,1,1,6,2,35,6,1997,1,12,10,1,10
2016543582216,1,9,0,18,0,0,0,0,5,6,3,1,6,1,22,5,1198,1,12,5,1,5
2016543582216,2,19,0,18,0,0,0,0,0,0,2,1,1,1,34,6,2198,2,-1,2,1,2
2016543582216,3,9,0,18,0,0,1,0,5,6,1,1,6,1,38,7,1998,8,1,-1,1,-1
2016543584316,1,9,0,9,0,5,0,0,1,0,4,1,6,1,39,7,1905,2,18,9,2,9
2016543584316,2,9,0,18,0,8,1,0,0,0,1,1,2,1,29,6,1596,1,15,5,2,5
2016543588916,1,19,0,17,0,0,0,6,0,0,1,1,6,1,35,6,-1,-1,-1,3,1,3
2016543654016,1,3,0,18,0,0,0,0,0,0,4,1,6,1,35,6,599,1,3,-1,-1,-1
2016543654016,2,9,0,3,0,0,0,0,0,0,2,1,6,1,29,6,1686,2,5,4,1,4
2016543654016,3,9,0,3,0,0,0,0,0,0,3,1,6,1,56,9,1560,2,1,7,1,7
2016543654016,4,9,0,18,0,0,0,0,0,0,0,1,6,2,20,4,1124,1,11,7,1,7
2016543685616,1,5,0,16,0,2,1,0,0,0,1,1,6,1,35,6,1157,1,18,9,1,9
2016543685616,2,9,0,18,0,1,0,0,0,0,1,1,2,1,48,8,1560,2,9,7,1,7
2016543709416,1,20,0,16,0,8,0,0,0,0,3,1,1,3,-1,-1,-1,-1,-1,-1,-1,-1
2016543709416,2,19,0,17,0,8,0,0,0,0,3,1,1,1,43,7,2298,2,-1,3,1,3
2016543710616,1,1,0,18,0,0,0,0,0,0,1,1,6,1,11,3,-1,-1,-1,8,1,8
2016543710616,2,9,0,17,0,0,0,0,0,0,4,1,6,2,33,6,2000,1,9,10,1,10
2016543715816,1,9,0,9,0,4,0,0,0,0,3,1,6,1,24,5,1390,1,1,10,1,10
2016543715816,2,1,0,18,0,8,0,0,0,0,1,1,6,1,53,8,-1,-1,-1,5,1,5
2016543727416,1,9,0,18,0,0,0,0,0,0,3,1,2,1,44,7,1998,2,9,9,1,9
2016543727416,2,9,0,18,0,0,0,0,1,0,3,1,2,1,37,7,1149,1,7,6,2,6
2016543747516,1,19,0,4,0,0,0,0,1,0,1,2,1,1,24,5,-1,-1,-1,-1,-1,-1
2016543747516,2,19,0,4,0,0,0,0,0,0,2,1,2,1,37,7,1248,2,8,-1,-1,-1
2016543760016,1,9,0,18,0,1,0,0,0,0,1,1,6,1,-1,-1,-1,-1,-1,-1,-1,-1
2016543760016,2,9,0,3,0,1,0,0,0,0,2,1,6,2,53,8,1299,1,13,6,3,6
2016543761816,1,9,0,4,0,0,0,0,0,0,1,1,2,1,20,4,998,1,15,7,1,7
2016543761816,2,19,0,3,0,0,0,0,0,0,2,1,2,1,46,8,2402,2,13,4,1,4
2016543761816,3,9,0,3,0,0,0,0,0,0,2,1,2,2,48,8,1995,2,13,10,3,10
2016543778016,1,9,0,18,0,0,2,4,0,0,1,1,6,1,71,10,2597,1,13,7,1,7
2016543778016,2,9,0,2,0,0,0,0,0,0,3,1,6,2,26,6,1598,1,10,5,1,5
2016543781816,1,20,0,18,0,0,0,0,0,0,1,1,1,1,48,8,4116,2,11,10,1,10
2016543781816,2,9,0,4,0,0,0,0,0,0,2,1,6,2,44,7,989,1,10,7,3,7
2016543781816,3,9,0,4,0,0,0,0,0,0,2,1,6,1,68,10,1686,2,11,7,1,7
2016543781816,4,9,0,18,0,0,0,0,0,0,3,1,6,1,49,8,1968,2,7,-1,1,-1
2016543786516,1,9,0,16,0,0,5,0,7,0,1,1,6,2,69,10,1229,1,6,9,1,9
2016543791016,1,9,0,17,0,2,5,0,1,4,1,1,6,1,20,4,2231,2,7,8,2,8
2016543797616,1,9,0,9,0,5,0,0,0,0,1,1,6,2,43,7,2400,2,7,7,3,7
2016543797616,2,9,0,18,0,8,0,0,0,0,1,1,6,1,67,10,1910,2,10,4,1,4
2016543798016,1,9,0,7,5,5,0,0,0,0,0,1,6,2,35,6,1560,2,4,10,1,10
2016543798016,2,1,0,18,5,8,0,0,0,0,3,1,6,2,34,6,-1,-1,-1,10,1,10
2016543801816,1,9,0,9,0,5,0,0,0,0,1,1,6,1,58,9,1753,2,9,8,1,8
2016543801816,2,9,0,18,0,8,0,0,0,0,1,1,6,1,34,6,2967,2,9,8,2,8
2016543801816,3,9,0,8,0,1,0,0,0,0,1,1,6,1,67,10,1686,2,2,9,1,9
2016543801916,1,9,0,9,0,5,0,0,0,0,3,1,6,1,89,11,1149,1,4,9,1,9
2016543801916,2,9,0,18,0,8,0,0,0,0,1,1,6,1,42,7,1328,1,13,4,1,4
2016543805016,1,9,0,3,0,0,0,0,0,0,2,1,6,2,20,4,1198,1,14,7,1,7
2016543805016,2,5,0,4,0,0,0,0,0,0,1,1,6,2,50,8,1200,1,13,5,1,5
2016543806216,1,9,0,9,0,5,0,0,0,0,1,1,6,2,24,5,1248,1,3,6,3,6
2016543806216,2,9,0,17,0,8,0,0,0,0,1,1,6,1,33,6,1198,1,11,9,2,9
2016543812616,1,9,0,18,0,4,0,0,0,0,3,1,6,2,47,8,2000,2,10,3,1,3
2016543812616,2,9,0,18,0,8,1,0,0,0,1,1,6,1,21,5,1124,1,13,9,1,9
2016543813616,1,9,0,17,0,0,0,0,1,2,1,1,6,1,22,5,998,1,9,10,1,10
2016543823116,1,9,0,9,0,8,0,0,0,0,1,1,2,1,44,7,1560,2,9,4,1,4
2016543823116,2,9,0,5,0,4,0,0,0,0,3,1,6,1,26,6,2200,1,16,2,1,2
2016543838516,1,9,0,18,0,0,0,0,0,0,1,1,6,2,47,8,1995,2,3,8,3,8
2016543838516,2,9,0,4,0,0,0,0,1,4,2,1,6,2,54,8,1390,1,5,10,1,10
2016543858516,1,9,0,3,0,1,0,0,0,0,2,1,2,1,21,5,1968,2,9,9,1,9
2016543858516,2,9,0,18,0,1,0,0,0,0,1,1,2,1,69,10,1229,1,6,5,1,5
2016543860816,1,3,0,16,0,0,1,0,0,0,3,1,6,1,23,5,125,1,8,9,1,9
2016543862316,1,9,0,18,0,0,1,10,1,2,3,1,6,1,21,5,1598,1,11,7,1,7
2016543866116,1,9,0,16,0,0,5,0,8,11,1,1,2,1,23,5,1997,2,13,8,3,8
2016543883516,1,2,0,4,0,1,1,0,0,0,3,1,6,2,39,7,49,1,18,2,1,2
2016543893616,1,9,0,18,0,1,0,0,0,0,1,1,6,1,46,8,999,1,1,10,1,10
2016543893616,2,1,0,18,0,8,0,0,0,0,3,1,6,1,14,3,-1,-1,-1,5,1,5
2016543894616,1,9,0,18,0,0,0,0,0,0,1,1,6,1,26,6,1368,1,9,9,1,9
2016543894616,2,19,0,4,0,0,5,0,1,9,2,1,1,1,26,6,1998,2,11,5,1,5
2016543895716,1,5,0,17,0,0,0,0,0,0,3,1,6,1,19,4,599,1,19,8,1,8
2016543895816,1,9,0,1,0,2,0,0,0,0,2,1,6,1,72,10,2435,1,17,7,2,7
2016543909216,1,20,1,7,0,4,0,0,0,0,3,1,1,1,44,7,-1,-1,-1,4,1,4
2016543909216,2,9,0,18,0,8,0,0,0,0,4,1,6,2,49,8,1360,1,12,9,1,9
2016543911316,1,3,0,18,0,8,0,0,0,0,4,1,6,1,22,5,124,1,1,5,1,5
2016543911316,2,9,0,18,0,8,0,0,0,0,3,1,2,2,45,7,998,1,4,7,1,7
2016543911316,3,9,0,18,0,8,0,0,0,0,0,1,6,3,-1,-1,-1,-1,-1,-1,-1,-1
2016543912616,1,9,0,9,0,5,0,0,0,0,1,1,1,1,82,11,3199,2,16,9,2,9
2016543912616,2,9,0,18,0,8,0,0,0,0,1,1,1,1,71,10,1560,2,9,8,1,8
2016543918216,1,9,0,18,0,2,0,0,0,0,1,1,6,1,54,8,1248,2,1,6,2,6
2016543918216,2,19,0,4,0,2,0,0,0,0,2,1,1,1,33,6,2143,2,1,10,1,10
2016543918216,3,9,0,4,0,2,0,0,0,0,2,1,6,1,25,5,1995,2,5,10,1,10
2016543930416,1,19,0,4,0,1,0,0,0,0,1,1,1,1,19,4,2494,2,12,-1,-1,-1
2016543930416,2,9,0,3,0,1,0,0,0,0,2,1,6,2,46,8,2521,1,10,9,3,9
2016543930416,3,9,0,10,0,1,0,0,0,0,2,1,6,2,52,8,2993,2,9,7,2,7
2016543931116,1,9,0,4,0,0,0,0,0,0,1,1,6,1,71,10,1242,1,1,10,1,10
2016543931116,2,9,0,3,0,0,0,0,0,0,2,1,6,2,18,4,1995,2,6,6,3,6
2016543931116,3,9,0,3,0,0,0,0,0,0,2,1,6,1,58,9,1598,2,2,7,2,7
2016543931216,1,5,0,16,0,0,0,0,0,0,1,1,6,1,41,7,599,1,16,6,1,6
2016543931216,2,21,0,17,0,0,0,0,0,0,1,2,1,1,38,7,-1,-1,-1,9,1,9
2016543940716,1,20,0,18,0,0,0,12,0,0,1,1,6,1,47,8,2999,2,8,9,2,9
2016543940716,2,9,0,18,0,0,0,12,0,0,1,1,6,1,18,4,1364,1,1,8,2,8
2016543948416,1,9,0,18,0,8,0,0,0,0,3,1,6,2,30,6,1995,2,6,6,3,6
2016543948416,2,9,0,9,0,6,0,0,0,0,1,1,1,1,64,9,3387,1,8,8,1,8
2016543950716,1,9,0,18,0,1,0,0,0,0,1,1,2,2,56,9,1499,2,3,2,1,2
2016543950716,2,9,0,3,0,1,0,0,0,0,2,1,6,2,24,5,1596,1,14,2,1,2
2016543951116,1,98,1,18,0,0,0,0,0,0,3,1,1,1,57,9,-1,-1,-1,-1,-1,-1
2016543951116,2,21,1,18,0,0,0,0,0,0,3,1,1,1,44,7,10837,2,5,9,1,9
2016543967116,1,9,0,5,0,1,0,0,0,0,1,1,1,2,33,6,1995,2,8,8,1,8
2016543967116,2,9,0,3,0,1,0,0,0,0,2,1,6,1,37,7,1910,2,8,9,1,9
2016543970016,1,5,0,18,0,5,0,0,0,0,1,1,2,1,47,8,1127,1,27,1,1,1
2016543970016,2,9,0,3,0,5,0,0,0,0,2,1,2,1,46,8,1597,2,1,9,1,9
2016543973816,1,9,0,16,0,0,0,0,0,0,1,1,6,1,20,4,1596,1,1,9,1,9
2016543973816,2,9,0,17,0,0,0,0,0,0,3,1,6,1,17,4,998,1,11,6,1,6
2016543973816,3,21,0,16,0,0,0,0,0,0,3,1,1,1,55,8,3920,2,9,5,1,5
2016543990016,1,1,0,11,0,8,0,0,0,0,4,1,2,1,53,8,-1,-1,-1,9,1,9
2016543990016,2,9,0,5,0,4,0,0,0,0,3,1,2,2,56,9,1490,1,9,7,1,7
2016544011016,1,9,0,4,0,0,0,0,0,0,1,1,6,1,30,6,1910,2,8,3,1,3
2016544011016,2,9,0,4,0,0,0,0,0,0,2,1,2,2,29,6,1248,2,4,9,3,9
2016544011016,3,9,0,3,0,0,0,0,0,0,2,1,6,1,50,8,1498,1,1,9,3,9
2016544011016,4,9,0,3,0,0,0,0,0,0,2,1,2,1,57,9,1598,2,1,10,1,10
2016544013116,1,19,0,18,0,2,0,0,0,0,1,1,1,1,25,5,2300,2,11,5,1,5
2016544013116,2,9,0,3,0,2,0,0,0,0,2,1,3,1,59,9,2457,1,16,6,1,6
2016544013116,3,9,0,3,0,2,0,0,0,0,2,1,6,2,48,8,1686,2,3,6,3,6
2016544013116,4,9,0,3,0,2,0,0,0,0,2,1,6,1,47,8,1591,1,2,9,1,9
2016544013116,5,19,0,3,0,2,0,0,0,0,2,1,6,1,22,5,2400,2,15,4,1,4
2016544014516,1,5,0,17,0,0,1,0,1,0,3,1,6,1,58,9,1450,1,12,4,1,4
2016544027016,1,9,0,16,0,0,0,0,7,3,1,1,6,2,43,7,1587,1,13,5,3,5
2016544035516,1,9,0,5,5,6,0,0,0,0,1,1,6,1,67,10,1560,2,2,9,3,9
2016544035516,2,1,0,18,5,8,0,0,0,0,3,1,6,2,44,7,-1,-1,-1,9,1,9
2016544047316,1,2,0,13,0,0,0,0,0,0,1,1,6,1,16,4,49,1,11,10,1,10
2016544047316,2,9,0,9,0,0,0,0,0,0,3,1,6,1,41,7,3956,1,15,7,3,7
2016544057916,1,9,0,18,0,0,0,0,0,0,1,1,6,2,25,5,1796,1,17,1,1,1
2016544057916,2,9,0,18,0,0,0,0,0,0,1,1,6,2,42,7,1995,2,4,8,1,8
2016544057916,3,9,0,4,0,0,0,0,0,0,2,1,6,2,44,7,1598,2,3,9,3,9
2016544059416,1,9,0,18,0,8,0,0,0,0,4,1,6,1,66,10,1798,1,13,8,2,8
2016544059416,2,9,0,5,0,8,0,0,0,0,1,1,6,1,48,8,1956,2,4,8,2,8
2016544063316,1,9,0,18,0,0,0,0,0,0,1,1,6,1,39,7,1560,2,2,9,1,9
2016544063316,2,9,0,18,0,0,0,0,0,0,1,2,6,1,47,8,1461,2,2,8,1,8
2016544064016,1,1,0,17,0,0,0,0,1,0,2,1,6,1,71,10,-1,-1,-1,5,3,5
2016544064016,2,97,0,17,0,0,0,0,1,0,4,1,6,3,-1,-1,-1,-1,-1,-1,-1,-1
2016544102116,1,9,0,18,0,4,0,0,0,0,3,1,6,2,53,8,1995,2,14,10,1,10
2016544102116,2,1,0,18,0,8,0,0,0,0,1,1,6,1,15,3,-1,-1,-1,7,2,7
2016544106316,1,9,0,4,0,0,0,0,0,0,2,1,6,2,36,7,1794,1,10,10,1,10
2016544106316,2,9,0,4,0,0,0,0,0,0,1,1,2,2,54,8,1461,2,9,8,1,8
2016544108816,1,9,0,17,0,0,1,0,0,0,1,1,6,1,47,8,1124,1,16,5,1,5
2016544108816,2,9,0,16,0,0,0,0,0,0,1,1,6,1,31,6,1896,2,10,7,2,7
2016544112716,1,9,0,9,0,3,1,0,1,1,1,1,6,1,20,4,1149,1,13,9,1,9
2016544114816,1,9,0,5,5,6,0,0,0,0,1,1,2,1,27,6,1984,1,8,6,1,6
2016544114816,2,1,0,18,5,8,0,0,0,0,3,1,2,1,47,8,-1,-1,-1,7,1,7
2016544119016,1,9,0,9,0,4,0,0,0,0,3,1,1,2,47,8,1896,2,11,1,1,1
2016544119016,2,1,0,9,0,8,0,0,0,0,4,1,6,1,58,9,-1,-1,-1,8,1,8
2016544119616,1,9,0,18,0,1,0,0,0,0,1,1,2,1,22,5,1798,1,1,6,1,6
2016544119616,2,3,0,3,0,1,0,0,0,0,2,1,2,1,18,4,125,1,1,8,1,8
2016544129816,1,9,0,16,0,0,0,0,1,0,1,1,6,1,24,5,1560,2,5,10,3,10
2016544129816,2,9,4,17,0,0,3,0,0,0,1,1,1,1,36,7,2495,2,20,4,2,4
2016544134516,1,9,0,1,0,0,0,0,0,0,3,1,6,1,74,10,-1,-1,-1,6,3,6
2016544138116,1,9,0,18,0,1,0,0,0,0,1,1,6,1,67,10,1560,2,11,3,1,3
2016544139916,1,19,0,18,0,2,0,0,0,0,1,1,1,1,38,7,1686,2,9,6,1,6
2016544142616,1,9,0,5,0,6,0,0,0,0,1,1,6,1,52,8,1910,2,11,6,1,6
2016544142616,2,9,0,18,0,8,0,0,0,0,1,1,6,2,61,9,1686,2,10,5,1,5
2016544144016,1,1,0,18,0,1,0,0,0,0,2,1,6,1,11,3,-1,-1,-1,4,1,4
2016544144016,2,9,0,18,0,1,0,0,0,0,1,1,6,3,-1,-1,-1,-1,-1,-1,-1,-1
2016544147216,1,10,0,18,0,0,0,0,0,0,1,1,1,1,56,9,-1,-1,-1,5,2,5
2016544147216,2,9,0,16,0,0,0,0,1,0,1,1,6,2,80,11,1596,1,7,5,3,5
2016544151216,1,9,0,18,0,0,0,0,1,11,3,1,6,2,50,8,1598,1,2,9,1,9
2016544151216,2,9,0,18,0,0,0,0,1,0,3,1,6,1,17,4,996,1,6,7,3,7
2016544171716,1,9,0,9,0,6,0,0,0,0,3,1,6,2,30,6,1998,1,13,3,1,3
2016544171716,2,3,0,18,0,8,1,0,0,0,1,1,6,2,52,8,125,1,3,8,1,8
2016544175216,1,9,0,18,0,0,0,0,0,0,1,1,6,1,48,8,1560,2,11,6,2,6
2016544175216,2,9,0,3,0,0,0,0,0,0,2,1,3,2,47,8,1598,1,12,10,1,10
2016544176816,1,9,0,18,0,8,0,0,0,0,1,1,6,2,33,6,1360,1,13,2,1,2
2016544176816,2,9,0,9,0,4,0,0,0,0,3,1,1,1,26,6,1339,1,14,6,1,6
2016544187416,1,9,0,7,0,2,0,0,0,0,4,1,6,1,51,8,998,1,7,7,1,7
2016544190616,1,19,0,7,0,6,0,0,0,0,0,1,6,1,28,6,2198,2,-1,1,1,1
2016544190616,2,9,0,18,0,1,0,0,1,10,4,1,6,2,37,7,1560,2,12,9,3,9
2016544210116,1,19,0,1,0,0,0,0,0,0,2,1,6,1,59,9,1248,2,5,6,1,6
2016544214016,1,9,0,9,0,5,0,0,0,0,3,1,2,1,44,7,1997,2,13,9,3,9
2016544214016,2,5,0,14,0,8,0,0,0,0,1,1,2,1,41,7,988,1,14,2,1,2
2016544228716,1,9,0,5,0,4,0,0,0,0,1,1,2,2,52,8,1800,1,9,7,1,7
2016544228716,2,1,0,5,0,4,0,0,0,0,2,1,2,1,59,9,-1,-1,-1,10,1,10
2016544253716,1,9,0,1,9,5,0,0,0,0,2,1,2,1,41,7,1108,1,11,6,1,6
2016544255716,1,9,0,11,0,0,0,0,0,0,4,1,6,1,58,9,1685,2,1,-1,-1,-1
2016544255716,2,5,0,18,0,0,0,0,0,0,3,1,6,1,21,5,892,1,17,5,1,5
2016544263316,1,9,0,9,0,6,0,0,0,0,1,1,6,2,35,6,1360,1,13,4,1,4
2016544263316,2,1,0,18,0,8,0,0,0,0,4,1,6,2,48,8,-1,-1,-1,7,3,7
2016544266816,1,9,0,18,0,0,1,0,0,0,4,1,6,1,22,5,1988,1,17,2,1,2
2016544266816,2,9,0,18,0,0,0,0,0,0,1,1,6,2,33,6,1796,1,15,8,1,8
2016544274516,1,1,0,18,0,0,0,0,0,0,1,1,6,1,46,8,-1,-1,-1,9,3,9
2016544275116,1,9,0,16,0,1,0,0,0,0,1,1,6,2,18,4,973,1,15,7,1,7
2016544275116,2,9,0,17,0,2,0,0,0,0,1,1,6,2,29,6,1242,1,4,6,2,6
2016544276016,1,9,0,9,0,6,0,0,1,0,3,1,6,2,69,10,1591,1,5,-1,-1,-1