Accident_Index,Vehicle_Reference,Vehicle_Type,Towing_and_Articulation,Vehicle_Manoeuvre,Vehicle_Location-Restricted_Lane,Junction_Location,Skidding_and_Overturning,Hit_Object_in_Carriageway,Vehicle_Leaving_Carriageway,Hit_Object_off_Carriageway,1st_Point_of_Impact,Was_Vehicle_Left_Hand_Drive?,Journey_Purpose_of_Driver,Sex_of_Driver,Age_of_Driver,Age_Band_of_Driver,Engine_Capacity_(CC),Propulsion_Code,Age_of_Vehicle,Driver_IMD_Decile,Driver_Home_Area_Type,Vehicle_IMD_Decile
2016546324516,2,9,0,18,0,0,0,0,0,0,1,1,6,1,47,8,1560,2,8,7,3,7
2016546358516,1,17,4,9,0,5,0,0,0,0,2,1,1,1,25,5,-1,2,5,9,1,9
2016546358516,2,9,0,13,0,8,0,0,0,0,1,1,6,1,51,8,4941,1,14,7,1,7
2016546358516,3,5,0,13,0,8,0,0,0,0,1,1,6,1,27,6,883,1,1,7,2,7
2016546364816,1,9,0,18,0,0,0,4,0,0,1,1,6,2,19,4,999,1,4,9,1,9
2016546364816,2,19,0,2,0,0,0,0,0,0,2,1,6,1,45,7,2496,2,19,8,1,8
2016546368716,1,9,0,14,0,5,0,0,0,0,4,1,2,2,27,6,-1,-1,-1,4,1,4
2016546368716,2,9,0,9,0,8,0,0,0,0,3,1,2,1,23,5,1781,1,14,8,1,8
2016546387416,1,9,0,3,0,0,0,0,0,0,2,1,6,1,67,10,1968,2,5,8,1,8
2016546387416,2,9,0,4,0,0,0,0,0,0,1,1,6,2,-1,-1,1240,1,12,10,1,10
2016546387416,3,9,0,3,0,0,0,0,0,0,2,1,6,1,26,6,1997,2,13,10,1,10
2016546387416,4,9,0,4,0,0,0,0,0,0,1,1,6,1,19,4,1242,1,15,9,3,9
2016546400016,1,9,0,5,0,6,0,0,0,0,1,1,6,2,60,9,3456,8,3,6,3,6
2016546402416,1,9,0,17,0,8,0,0,0,0,1,1,6,1,33,6,1461,2,2,3,1,3
2016546402416,2,4,0,16,0,8,0,0,0,0,1,1,6,1,19,4,124,1,14,7,1,7
2016546404716,1,9,0,13,0,0,0,0,0,0,3,1,6,2,79,11,1582,2,5,6,3,6
2016546404716,2,1,0,18,0,0,0,0,0,0,3,1,2,1,54,8,-1,-1,-1,7,1,7
2016546405016,1,9,0,18,0,0,5,0,1,9,4,1,6,1,23,5,875,1,4,7,1,7
2016546405016,2,9,0,18,0,0,0,0,0,0,0,1,6,3,-1,-1,-1,-1,-1,-1,-1,-1
2016546421416,1,9,0,18,0,0,0,0,0,0,1,1,6,2,44,7,1968,2,9,9,1,9
2016546421416,2,9,0,18,0,0,0,0,0,0,1,1,6,2,56,9,1197,1,2,7,3,7
2016546421416,3,9,0,3,0,0,0,0,0,0,2,1,6,1,58,9,3960,1,18,6,3,6
2016546421416,4,9,0,3,0,0,0,0,0,0,2,1,6,1,47,8,1997,2,15,6,1,6
2016546421416,5,9,0,3,0,0,0,0,0,0,2,1,6,2,52,8,2143,2,7,5,1,5
2016546423516,1,9,0,18,0,0,1,0,8,10,1,1,6,2,59,9,1388,1,14,6,3,6
2016546423516,2,16,0,18,0,0,0,0,0,0,0,1,6,2,25,5,-1,-1,-1,4,3,4
2016546439516,1,9,0,4,0,1,0,0,0,0,4,1,6,2,56,9,1896,2,19,6,1,6
2016546439516,2,1,0,18,0,1,0,0,0,0,1,1,6,2,49,8,-1,-1,-1,2,1,2
2016546449816,1,9,0,18,0,8,0,0,0,0,1,1,6,2,59,9,1596,1,14,1,1,1
2016546449816,2,9,0,18,0,8,0,0,0,0,2,1,6,2,47,8,998,1,-1,10,2,10
2016546450816,1,5,0,18,0,0,0,0,0,0,1,1,6,1,26,6,-1,-1,-1,7,1,7
2016546450816,2,9,0,4,0,0,0,0,0,0,2,1,6,1,66,10,1969,1,2,7,1,7
2016546467516,1,19,0,18,0,0,1,0,0,0,1,1,1,1,55,8,1560,2,1,10,1,10
2016546467516,2,21,0,18,0,0,0,0,0,0,3,1,1,1,49,8,6870,2,8,4,1,4
2016546467516,3,19,0,18,0,0,0,0,0,0,3,1,1,1,33,6,1560,2,5,5,1,5
2016546479416,1,9,0,4,0,0,0,0,0,0,2,1,6,1,75,10,1598,1,2,6,3,6
2016546479416,2,9,0,4,0,0,0,0,0,0,1,1,1,1,25,5,1995,1,7,6,2,6
2016546479916,1,5,0,18,0,8,0,0,0,0,1,1,2,1,52,8,998,1,12,6,3,6
2016546479916,2,9,0,5,0,6,0,0,0,0,3,1,6,2,64,9,1968,2,2,9,2,9
2016546481716,1,9,0,5,0,1,0,0,0,0,1,1,6,2,41,7,1968,2,5,8,3,8
2016546481716,2,1,0,18,0,6,0,0,0,0,3,1,4,1,8,2,-1,-1,-1,8,3,8
2016546490916,1,3,0,4,0,1,0,0,0,0,2,1,6,1,21,5,124,1,2,2,1,2
2016546490916,2,3,0,4,0,1,0,0,0,0,1,1,6,1,17,4,-1,-1,-1,4,1,4
2016546505916,1,9,0,18,0,1,0,0,0,0,3,1,6,2,20,4,998,1,6,7,3,7
2016546505916,2,3,0,11,0,1,0,0,0,0,4,1,6,1,80,11,124,1,4,9,1,9
2016546522316,1,1,0,18,0,6,0,0,0,0,1,1,6,1,18,4,-1,-1,-1,2,1,2
2016546522316,2,9,0,18,0,8,0,0,0,0,3,1,6,2,63,9,1998,1,14,7,1,7
2016546528216,1,19,0,9,0,5,0,0,0,0,4,1,6,1,23,5,1598,2,2,5,3,5
2016546528216,2,1,0,18,0,8,0,0,0,0,1,1,6,2,35,6,-1,-1,-1,10,1,10
2016546530616,1,9,0,18,0,8,0,7,1,4,1,1,6,1,35,6,1461,2,10,8,2,8
2016546555416,1,9,0,9,0,5,0,0,0,0,3,1,6,2,25,5,1598,1,14,3,1,3
2016546555416,2,9,0,9,0,6,0,0,0,0,1,1,6,1,65,9,1999,1,9,7,3,7
2016546557016,1,9,0,11,0,0,2,0,1,7,1,1,6,1,19,4,1364,1,8,2,1,2
2016546567816,1,19,0,6,0,0,5,0,7,0,3,1,6,1,50,8,970,1,28,4,1,4
2016546567816,2,19,5,6,0,0,0,0,0,0,0,1,6,1,39,7,2299,2,18,1,1,1
2016546567816,3,19,0,18,0,0,0,0,7,9,1,1,6,1,37,7,1995,2,9,7,1,7
2016546571216,1,9,0,4,0,1,0,4,0,0,1,1,6,2,58,9,1560,2,-1,3,2,3
2016546571216,2,9,0,2,0,1,0,4,0,0,1,1,6,2,43,7,1360,1,16,3,2,3
2016546571216,3,9,0,2,0,1,0,4,0,0,2,1,6,1,68,10,2184,2,12,3,2,3
2016546571216,4,9,0,2,0,1,0,0,0,0,1,1,6,1,45,7,1968,2,1,3,2,3
2016546602316,1,9,0,16,0,2,1,0,0,0,1,1,6,1,29,6,1753,2,13,4,1,4
2016546602316,2,9,0,17,0,1,0,0,0,0,3,1,6,1,45,7,1910,2,11,2,1,2
2016546620316,1,19,0,18,0,2,0,0,0,0,1,1,6,1,54,8,2287,2,4,2,1,2
2016546620316,2,9,0,4,0,2,0,0,0,0,2,1,6,1,37,7,1870,2,13,10,1,10
2016546623516,1,9,0,18,0,0,0,0,0,0,1,1,6,1,19,4,1198,1,9,7,1,7
2016546623516,2,9,0,4,0,0,0,0,0,0,2,1,6,1,62,9,998,1,4,10,1,10
2016546644516,1,5,0,17,0,0,0,0,2,11,1,1,6,1,24,5,750,1,20,6,1,6
2016546656116,1,9,0,18,0,0,1,0,1,0,4,1,6,1,63,9,3226,2,15,2,1,2
2016546656116,2,21,1,18,0,0,0,0,0,0,1,1,1,1,55,8,-1,-1,-1,-1,-1,-1
2016546656316,1,9,0,9,0,6,0,0,0,0,3,1,6,1,76,11,2799,1,19,4,2,4
2016546656316,2,9,0,18,0,8,1,0,0,0,1,1,1,1,22,5,1299,1,14,8,3,8
2016546658216,1,3,0,17,0,8,1,0,0,0,3,1,2,1,17,4,124,1,4,10,1,10
2016546662416,1,9,0,18,0,1,0,0,7,3,1,1,2,1,37,7,1589,1,17,5,1,5
2016546662416,2,8,0,5,0,6,0,0,0,0,0,1,1,1,32,6,1896,2,8,8,3,8
2016546662816,1,9,0,4,0,0,0,0,0,0,1,1,6,1,52,8,1499,2,-1,9,2,9
2016546662816,2,9,0,3,0,0,0,0,0,0,2,1,6,1,41,7,1598,1,4,8,1,8
2016546664216,1,9,0,9,0,5,0,0,0,0,1,2,6,1,60,9,-1,-1,-1,-1,-1,-1
2016546664216,2,9,0,18,0,8,0,0,0,0,1,1,6,2,40,7,1997,2,13,7,3,7
2016546664216,3,9,0,10,0,1,0,0,0,0,3,1,6,2,55,8,2179,2,3,7,2,7
2016546665016,1,5,0,13,0,8,0,0,7,0,1,1,6,1,47,8,996,1,8,9,2,9
2016546665016,2,9,0,9,0,8,0,0,0,0,3,1,6,2,52,8,1560,2,3,6,1,6
2016546668716,1,9,0,17,0,0,0,0,0,0,0,1,6,1,-1,-1,-1,-1,-1,-1,-1,-1
2016546668716,2,3,0,16,0,0,0,0,1,10,1,1,6,1,17,4,125,1,3,7,2,7
2016546677116,1,9,0,18,0,0,0,0,1,0,1,1,6,2,28,6,1360,1,9,7,1,7
2016546712116,1,9,0,12,0,0,5,0,1,7,1,1,6,2,51,8,-1,-1,-1,-1,-1,-1
2016546720816,1,9,0,18,0,4,0,0,0,0,1,1,6,1,39,7,1984,1,-1,7,1,7
2016546720816,2,9,0,6,0,8,0,0,0,0,3,1,6,1,25,5,1998,1,12,10,1,10
2016546721216,1,11,0,16,0,0,0,0,0,0,3,1,1,1,68,10,9360,2,3,7,3,7
2016546721216,2,11,0,17,0,0,0,0,0,0,3,1,1,2,44,7,9000,2,2,2,1,2
2016546726316,1,9,0,18,0,0,0,0,0,0,1,1,2,1,48,8,-1,-1,-1,-1,3,-1
2016546726316,2,21,1,18,0,0,0,0,0,0,2,1,1,1,55,8,12777,2,8,-1,-1,-1
2016546727816,1,9,0,7,0,3,0,0,0,0,1,1,6,1,62,9,1995,2,4,-1,-1,-1
2016546727816,2,5,0,18,0,8,0,0,0,0,3,1,6,1,56,9,955,1,9,10,1,10
2016546739716,1,4,0,9,0,6,0,0,0,0,4,1,6,1,31,6,124,1,7,9,1,9
2016546739716,2,9,0,9,0,5,0,0,0,0,1,1,6,2,43,7,1618,1,-1,9,1,9
2016546741916,1,9,0,18,0,1,1,0,0,0,1,1,6,1,21,5,1995,1,10,8,1,8
2016546741916,2,9,0,10,0,1,0,0,0,0,2,1,6,1,48,8,948,1,56,9,3,9
2016546746716,1,9,0,4,0,1,0,0,0,0,1,1,6,1,62,9,1950,2,-1,7,1,7
2016546746716,2,1,0,18,0,1,0,0,0,0,1,1,6,1,33,6,-1,-1,-1,4,1,4
2016546750216,1,9,0,18,0,0,0,10,7,4,3,1,6,2,71,10,1000,1,1,9,1,9
2016546750216,2,9,0,18,0,0,0,0,0,0,4,1,6,2,69,10,1598,1,9,6,3,6
2016546750216,3,9,0,18,0,0,0,0,0,0,2,1,6,1,63,9,1248,1,2,4,1,4
2016546756516,1,9,0,18,0,0,0,0,0,0,1,1,6,1,80,11,1781,1,19,9,2,9
2016546756516,2,9,0,3,0,0,0,0,0,0,2,1,6,2,67,10,1298,1,12,9,2,9
2016546773316,1,9,0,18,0,0,0,0,2,7,1,1,6,3,-1,-1,1388,1,13,-1,-1,-1
2016546781316,1,9,0,17,0,0,5,0,2,7,4,1,1,2,29,6,1242,1,4,8,1,8
2016546786516,1,9,0,18,0,0,1,0,0,0,1,1,6,2,39,7,1560,2,2,10,1,10
2016546786516,2,19,0,4,0,0,0,0,0,0,2,1,2,1,38,7,2198,2,1,8,1,8
2016546786516,3,9,0,3,0,0,0,0,0,0,2,1,2,1,63,9,2191,2,-1,9,3,9
2016546795216,1,9,0,4,0,2,0,0,0,0,4,1,6,1,69,10,1598,1,4,9,3,9
2016546808416,1,9,0,16,0,2,0,0,0,0,1,1,6,2,19,4,1198,1,3,8,1,8
2016546808416,2,9,0,17,0,1,0,0,1,0,3,1,6,1,56,9,1461,2,8,7,3,7
2016546813216,1,9,0,13,0,8,0,0,0,0,4,1,2,2,51,8,1197,1,-1,5,1,5
2016546813216,2,1,0,9,0,5,0,0,0,0,1,1,2,2,55,8,-1,-1,-1,3,1,3
2016546817716,1,9,0,18,0,0,0,0,0,0,1,1,1,1,33,6,1995,2,3,-1,1,-1
2016546817716,2,9,0,3,0,0,0,0,0,0,2,1,1,2,51,8,1995,2,-1,-1,1,-1
2016546817716,3,9,0,3,0,0,0,0,0,0,2,1,1,2,44,7,1956,2,7,10,1,10
2016546827316,1,9,0,6,0,1,0,0,0,0,0,1,6,3,-1,-1,-1,-1,-1,-1,-1,-1
2016546827316,2,9,0,18,0,1,0,0,0,0,1,1,6,1,81,11,1289,1,16,8,3,8
2016546827316,3,21,0,4,0,1,0,0,0,0,2,1,1,1,71,10,4461,2,7,1,1,1
2016546829616,1,21,0,18,0,1,0,0,0,0,4,1,1,1,46,8,6370,2,4,6,1,6
2016546832116,1,9,0,18,0,1,0,0,1,11,1,1,6,2,79,11,1198,1,14,10,3,10
2016546832116,2,9,0,4,0,1,0,0,0,0,2,1,6,2,51,8,1242,1,4,6,3,6
2016546832116,3,9,0,4,0,1,0,0,0,0,2,1,6,2,36,7,1399,1,9,4,3,4
2016546832116,4,9,0,9,0,5,0,0,0,0,0,1,6,1,47,8,-1,-1,-1,4,3,4
2016546837616,1,9,0,18,0,0,0,0,0,0,1,1,2,2,27,6,1388,1,6,5,3,5
2016546837616,2,1,0,18,0,0,0,0,0,0,2,1,6,2,6,2,-1,-1,-1,5,2,5
2016546844516,1,1,0,5,0,8,0,0,0,0,1,1,2,1,34,6,-1,-1,-1,2,1,2
2016546844516,2,9,0,7,0,5,0,0,0,0,4,1,6,1,-1,-1,-1,-1,-1,-1,-1,-1
2016546864916,1,9,0,16,0,0,0,0,0,0,1,1,6,2,40,7,1984,1,4,10,1,10
2016546864916,2,9,0,3,0,0,0,0,0,0,2,1,6,2,49,8,1995,2,1,9,2,9
2016546869816,1,9,0,18,0,0,0,0,0,0,4,1,6,2,87,11,1984,2,3,9,3,9
2016546887216,1,9,0,17,0,0,2,0,8,4,1,1,1,1,19,4,1000,1,16,6,3,6
2016546891016,1,9,0,18,0,1,0,0,0,0,1,1,6,3,-1,-1,-1,-1,-1,-1,-1,-1
2016546897216,1,5,0,17,0,0,0,0,1,0,3,1,6,1,46,8,675,1,6,7,1,7
2016546903516,1,9,0,18,0,4,0,0,0,0,3,1,2,1,18,4,1364,1,11,2,1,2
2016546903516,2,3,0,9,0,8,0,0,0,0,1,1,6,1,22,5,125,1,16,4,1,4
2016546914416,1,9,0,18,0,0,0,0,0,0,1,1,6,1,23,5,1560,2,3,10,1,10
2016546914416,2,9,0,3,0,0,0,0,0,0,2,1,6,2,54,8,1461,2,12,2,1,2
2016546914416,3,9,0,3,0,0,0,0,0,0,2,1,6,1,42,7,1995,2,10,6,3,6
2016546914416,4,9,0,3,0,0,0,0,0,0,2,1,6,1,49,8,1995,2,9,7,1,7
2016546916216,1,9,0,5,0,6,0,0,0,0,1,1,6,1,24,5,1796,1,12,5,2,5
2016546916216,2,1,0,3,0,6,0,0,0,0,2,1,6,2,54,8,-1,-1,-1,-1,-1,-1
2016546932516,1,9,0,11,0,3,0,0,2,1,1,1,1,1,49,8,1560,2,4,4,1,4
2016546932516,2,19,0,18,0,8,0,0,0,0,3,1,1,1,32,6,2998,2,2,8,1,8
2016546946316,1,3,0,17,0,2,1,0,0,0,3,1,1,1,22,5,125,1,3,10,1,10
2016546947516,1,9,0,17,0,0,1,0,1,0,4,1,6,2,23,5,1596,1,9,6,3,6
2016546950516,1,9,0,18,0,8,0,0,0,0,1,1,6,2,38,7,1796,1,6,8,1,8
2016546950516,2,9,0,18,0,8,0,0,0,0,1,1,6,1,70,10,1598,1,14,-1,-1,-1
2016546952616,1,9,0,18,0,8,0,0,0,0,1,1,6,1,60,9,1998,1,10,6,1,6
2016546952616,2,9,0,9,0,4,0,0,0,0,3,1,6,2,25,5,1995,1,14,5,1,5
2016546958316,1,9,0,18,0,0,1,0,1,4,4,1,6,1,19,4,1149,1,10,3,1,3
2016546961116,1,9,0,18,0,0,5,0,2,4,1,2,6,1,18,4,998,1,16,7,3,7
2016546970716,1,9,0,9,0,5,0,0,0,0,1,1,6,1,19,4,998,1,6,7,3,7
2016546970716,2,9,0,18,0,8,0,0,1,11,1,1,6,1,77,11,1985,1,18,9,1,9
2016546982416,1,9,0,13,0,0,0,0,0,0,1,1,6,2,72,10,1895,1,17,8,2,8
2016546982416,2,16,0,18,0,0,0,0,0,0,3,1,6,1,24,5,-1,-1,-1,9,2,9
2016546983216,1,9,0,18,0,1,0,0,0,0,4,1,6,2,21,5,1499,1,1,7,3,7
2016546987816,1,9,0,18,0,0,0,0,1,11,1,1,2,1,58,9,1896,2,17,4,1,4
2016546993916,1,19,0,18,0,8,0,0,7,0,1,1,1,1,60,9,1686,2,8,7,3,7
2016546993916,2,9,0,9,0,6,0,0,0,0,1,1,1,2,27,6,1598,1,4,4,1,4
2016546998816,1,9,0,12,0,0,0,0,0,0,0,1,6,3,-1,-1,-1,-1,-1,-1,-1,-1
2016546998816,2,9,0,11,0,0,1,0,2,7,1,1,6,2,27,6,1560,2,6,4,1,4
2016547000416,1,9,0,3,0,1,0,0,0,0,2,1,6,1,60,9,1995,2,-1,8,1,8
2016547000416,2,4,0,18,0,1,0,0,0,0,1,1,6,1,31,6,998,1,8,8,3,8
2016547006116,1,9,0,18,0,0,5,4,0,0,1,1,6,2,69,10,1200,1,2,10,1,10
2016547006116,2,9,0,2,0,0,0,0,1,0,2,1,6,1,33,6,2000,1,21,8,1,8
2016547006616,1,9,0,9,0,8,0,0,0,0,2,1,6,1,51,8,2143,2,-1,7,3,7
2016547006616,2,9,0,18,0,8,0,0,0,0,1,1,6,1,53,8,1870,2,11,8,1,8
2016547022516,1,9,0,18,0,0,0,0,0,0,3,1,6,1,59,9,1968,2,4,4,3,4
2016547025316,1,9,0,9,0,4,0,0,0,0,3,1,6,2,18,4,1198,1,3,9,1,9
2016547025316,2,90,0,18,0,8,0,0,0,0,1,1,1,1,33,6,9290,2,3,8,1,8
2016547025316,3,9,0,3,0,1,0,0,0,0,3,1,6,2,19,4,999,1,1,10,1,10
2016547042116,1,8,0,17,0,0,0,0,0,0,1,1,1,1,34,6,1995,2,6,2,1,2
2016547050116,1,4,0,18,0,2,1,0,0,0,1,1,6,1,26,6,398,1,13,3,1,3
2016547050116,2,5,0,3,0,2,0,0,0,0,3,1,6,1,37,7,599,1,7,8,2,8
2016547053516,1,19,0,4,0,1,0,0,0,0,1,1,1,1,34,6,1499,2,1,2,1,2
2016547053516,2,9,0,9,0,5,0,0,0,0,1,1,6,1,-1,-1,999,1,-1,-1,-1,-1
2016547054316,1,9,0,9,0,6,0,0,0,0,1,1,6,2,80,11,1149,1,9,10,1,10
2016547054316,2,9,0,9,0,5,0,0,0,0,3,1,2,1,45,7,1200,1,-1,8,1,8
2016547075116,1,19,0,18,0,0,0,0,0,0,1,1,1,1,24,5,1968,2,2,5,1,5
2016547075116,2,9,0,4,0,0,0,0,0,0,2,1,6,1,24,5,1598,1,9,5,2,5
2016547075116,3,9,0,4,0,0,0,0,0,0,2,1,6,1,51,8,1599,1,12,8,3,8
2016547083316,1,9,0,6,8,0,0,0,1,0,3,1,6,2,74,10,1998,1,19,7,3,7
2016547083316,2,9,0,18,0,0,0,0,0,0,1,1,6,1,32,6,2000,1,11,6,1,6
2016547089016,1,5,0,13,0,8,1,10,7,0,1,1,6,1,28,6,749,1,7,8,3,8
2016547089016,2,9,0,9,0,5,1,10,0,0,3,1,6,1,34,6,2204,2,7,10,1,10
2016547091816,1,9,0,18,0,1,0,0,0,0,1,1,2,1,20,4,999,1,-1,9,3,9
2016547091816,2,9,0,3,0,1,0,0,0,0,2,1,6,1,37,7,1422,2,10,5,1,5
2016547091816,3,9,0,10,0,1,0,0,0,0,2,1,2,1,44,7,1242,1,-1,7,1,7
2016547093016,1,9,0,18,0,0,1,0,0,0,3,1,6,1,76,11,1796,1,11,6,3,6
2016547093016,2,9,0,18,0,0,0,0,1,0,3,1,6,1,70,10,1229,1,3,10,1,10
2016547093016,3,21,0,18,0,0,0,0,0,0,3,1,1,1,29,6,12900,2,9,8,1,8
2016547097316,1,9,0,9,0,3,0,0,0,0,1,1,6,1,58,9,1328,1,15,4,1,4
2016547099316,1,3,0,18,0,0,0,0,0,0,4,1,6,1,18,4,125,1,1,9,1,9
2016547099316,2,9,0,5,0,0,0,0,0,0,3,1,1,1,37,7,1598,1,7,10,1,10
2016547101116,1,9,0,7,0,5,0,0,0,0,1,1,6,3,-1,-1,-1,-1,-1,-1,-1,-1
2016547108516,1,9,0,18,0,0,0,4,0,0,1,1,2,2,18,4,1198,1,7,9,3,9
2016547108516,2,9,3,2,0,0,0,0,0,0,2,1,6,1,54,8,2993,2,-1,9,3,9
2016547109016,1,3,0,18,0,1,0,0,0,0,3,1,1,1,20,4,124,1,3,8,3,8
2016547109016,2,9,0,9,0,5,0,0,0,0,0,1,6,1,57,9,1798,1,1,8,3,8
2016547122916,1,9,0,9,0,5,0,0,1,0,1,1,6,1,72,10,1299,1,11,8,1,8
2016547122916,2,9,0,18,0,8,0,0,1,1,1,1,6,1,18,4,1390,1,14,8,3,8
2016547143316,1,9,0,7,0,6,0,0,0,0,4,1,6,2,66,10,1598,1,13,9,3,9
2016547143316,2,9,0,18,0,8,0,0,0,0,1,1,6,1,46,8,-1,-1,-1,5,2,5
2016547145316,1,9,0,11,0,2,0,0,7,10,4,1,6,2,84,11,1229,1,11,9,1,9
2016547145316,2,9,0,18,0,2,0,0,0,0,3,1,6,1,53,8,2967,2,9,4,1,4
2016547152916,1,9,0,16,0,0,2,0,8,10,1,1,6,2,50,8,1360,1,16,6,3,6
2016547158516,1,19,0,18,0,8,0,7,0,0,1,1,1,1,36,7,2402,2,6,3,2,3
2016547158516,2,9,0,18,0,8,0,0,0,0,3,1,6,2,60,9,998,1,16,3,1,3
2016547168216,1,9,0,18,0,8,5,10,0,0,4,1,6,1,62,9,1086,1,7,3,1,3
2016547168216,2,8,0,18,0,4,0,0,0,0,1,1,2,1,27,6,1968,2,6,9,3,9
2016547172316,1,3,0,13,0,8,0,0,0,0,1,1,6,1,28,6,125,1,-1,7,1,7
2016547172316,2,9,0,9,0,5,0,0,0,0,3,1,6,2,56,9,1390,1,12,5,1,5
2016547173816,1,9,0,18,0,4,0,0,0,0,1,1,6,1,57,9,1598,1,12,5,1,5
2016547173816,2,9,0,9,0,8,0,0,0,0,4,1,6,2,22,5,1242,1,-1,2,1,2
2016547177216,1,9,0,13,0,0,0,0,0,0,4,1,6,1,19,4,1198,1,8,9,3,9
2016547177216,2,16,0,18,0,0,0,0,1,10,3,1,6,2,50,8,-1,-1,-1,9,3,9
2016547179616,1,9,0,4,0,0,0,0,0,0,2,1,6,2,19,4,1395,1,1,10,3,10
2016547179616,2,19,0,18,0,0,0,0,0,0,1,1,6,1,65,9,1998,2,11,7,1,7
2016547209016,1,5,0,17,0,0,0,0,1,0,3,1,6,1,67,10,1170,1,7,8,2,8
2016547209016,2,9,0,16,0,0,0,0,0,0,3,1,6,1,41,7,2143,2,2,9,3,9
2016547211616,1,1,0,7,0,6,0,0,0,0,3,1,6,1,67,10,-1,-1,-1,7,1,7
2016547211616,2,9,0,7,0,6,0,0,0,0,4,1,6,2,62,9,1582,2,4,4,3,4
2016547212216,1,9,0,18,0,0,0,0,0,0,1,1,2,1,63,9,1596,1,12,10,2,10
2016547212216,2,9,0,18,0,0,0,0,0,0,1,1,1,2,47,8,1968,2,3,6,2,6
2016547212216,3,9,0,18,0,0,0,0,1,9,3,1,6,1,29,6,2204,2,10,1,1,1
2016547219516,1,8,0,9,4,5,0,0,0,0,4,1,1,1,22,5,1598,2,5,4,1,4
2016547219516,2,1,0,18,4,8,0,0,0,0,1,1,6,1,21,5,-1,-1,-1,4,1,4
2016547255716,1,1,0,18,0,2,0,0,0,0,1,1,6,1,-1,-1,-1,-1,-1,-1,-1,-1
2016547255716,2,19,0,18,0,2,0,0,0,0,1,1,6,1,43,7,-1,-1,-1,1,1,1
2016547261816,1,9,0,18,0,8,0,0,0,0,4,1,6,3,-1,-1,-1,-1,-1,-1,-1,-1
2016547261816,2,9,0,18,0,8,0,0,0,0,3,1,6,2,30,6,1390,1,13,7,1,7
2016547265416,1,9,0,18,0,0,0,0,0,0,1,1,6,1,-1,-1,-1,-1,-1,-1,-1,-1
2016547265416,2,9,0,18,0,0,0,0,0,0,2,1,6,1,26,6,1349,1,9,4,1,4
2016547281916,1,9,0,4,0,1,0,0,0,0,1,1,2,1,50,8,1364,1,9,1,1,1
2016547281916,2,1,0,18,0,1,0,0,0,0,3,1,6,1,26,6,-1,-1,-1,2,1,2
2016547282116,1,9,0,9,0,6,0,0,0,0,1,1,2,1,54,8,1598,1,12,6,2,6
2016547282116,2,9,0,18,0,8,0,0,0,0,4,1,6,1,22,5,1086,1,12,3,1,3
2016547299816,1,4,0,4,0,1,0,0,0,0,4,1,6,1,57,9,499,1,5,7,3,7
2016547301916,1,5,0,13,0,8,0,0,0,0,1,1,6,1,64,9,929,1,16,10,1,10
2016547301916,2,9,0,9,0,5,0,0,0,0,3,1,6,1,72,10,1248,1,-1,7,3,7
2016547309516,1,9,0,9,0,6,0,0,0,0,3,1,6,1,19,4,1781,1,13,6,1,6
2016547309516,2,9,0,18,0,8,0,0,0,0,1,1,6,2,31,6,1360,1,10,2,1,2
2016547312116,1,1,0,4,0,0,0,0,0,0,4,1,6,2,13,3,-1,-1,-1,9,1,9
2016547312116,2,9,0,4,0,0,0,0,0,0,1,1,6,1,-1,-1,-1,-1,-1,-1,-1,-1
2016547312916,1,9,0,18,0,1,0,0,0,0,1,1,6,2,30,6,1395,1,3,8,1,8
2016547312916,2,1,0,18,0,6,0,0,0,0,1,1,6,1,15,3,-1,-1,-1,10,1,10
2016547326316,1,1,0,18,0,1,0,0,0,0,0,1,1,2,18,4,-1,-1,-1,-1,-1,-1
2016547326316,2,19,0,5,0,1,0,0,0,0,3,1,6,1,26,6,1896,2,10,9,1,9
2016547336216,1,3,0,16,0,0,1,4,0,0,1,1,6,1,24,5,124,1,10,1,1,1
2016547336216,2,9,0,2,0,0,0,0,0,0,4,1,6,1,54,8,1999,1,11,6,3,6
2016547337416,1,9,0,17,0,2,5,0,2,11,1,1,6,1,38,7,1995,2,12,9,2,9
2016547341916,1,9,0,13,0,0,5,0,4,6,3,1,6,1,33,6,1399,2,7,-1,1,-1
2016547348716,1,1,0,13,0,0,0,0,0,0,4,1,6,1,38,7,-1,-1,-1,5,1,5
2016547348716,2,9,0,18,0,0,0,0,0,0,3,1,6,1,54,8,1398,1,6,10,2,10
2016547351216,1,9,0,18,0,0,0,0,0,0,1,1,6,1,28,6,1910,2,11,4,1,4
2016547351216,2,9,0,3,0,0,0,0,0,0,2,1,6,1,29,6,1560,2,6,2,1,2
2016547351216,3,8,0,3,0,0,0,0,0,0,2,1,6,1,46,8,1997,2,7,7,1,7
2016547357116,1,4,0,4,0,8,0,0,0,0,2,1,6,1,34,6,-1,-1,-1,1,1,1
2016547357116,2,9,0,9,0,5,0,0,0,0,1,1,6,1,-1,-1,1596,1,15,-1,-1,-1
2016547360316,1,9,0,18,0,3,1,0,0,0,1,1,6,1,58,9,1968,2,8,5,2,5