Accident_Index,Vehicle_Reference,Vehicle_Type,Towing_and_Articulation,Vehicle_Manoeuvre,Vehicle_Location-Restricted_Lane,Junction_Location,Skidding_and_Overturning,Hit_Object_in_Carriageway,Vehicle_Leaving_Carriageway,Hit_Object_off_Carriageway,1st_Point_of_Impact,Was_Vehicle_Left_Hand_Drive?,Journey_Purpose_of_Driver,Sex_of_Driver,Age_of_Driver,Age_Band_of_Driver,Engine_Capacity_(CC),Propulsion_Code,Age_of_Vehicle,Driver_IMD_Decile,Driver_Home_Area_Type,Vehicle_IMD_Decile
2016547360316,2,9,0,3,0,1,0,0,0,0,3,1,6,1,64,9,2497,2,9,6,3,6
2016547360316,3,19,0,18,0,3,0,0,0,0,0,1,6,3,-1,-1,-1,-1,-1,-1,-1,-1
2016547367416,1,19,0,4,0,1,0,0,0,0,1,1,1,1,24,5,2198,2,3,8,1,8
2016547367416,2,19,0,4,0,1,0,0,0,0,2,1,1,1,41,7,2198,2,2,3,1,3
2016547367416,3,9,0,18,0,1,0,0,0,0,2,1,2,1,48,8,2231,2,6,7,3,7
2016547370416,1,9,0,7,0,6,0,0,0,0,1,1,6,2,55,8,1198,1,9,6,1,6
2016547370416,2,1,0,18,0,8,0,0,0,0,4,1,6,1,59,9,-1,-1,-1,8,1,8
2016547370516,1,9,0,18,0,8,0,0,0,0,1,1,6,2,49,8,1496,2,1,8,3,8
2016547370516,2,9,0,18,0,6,0,0,7,3,4,1,6,2,59,9,1997,2,12,10,2,10
2016547385016,1,9,0,9,0,6,0,0,0,0,1,1,6,1,32,6,-1,-1,-1,3,1,3
2016547385016,2,1,0,18,0,8,0,0,0,0,2,1,6,1,12,3,-1,-1,-1,10,1,10
2016547389316,1,9,0,9,0,8,0,0,7,0,3,1,6,1,19,4,1397,1,7,8,1,8
2016547389316,2,9,0,18,0,4,0,0,0,0,1,1,6,2,70,10,1396,1,14,9,1,9
2016547400316,1,1,0,18,0,8,0,0,0,10,2,1,2,2,20,4,-1,-1,-1,7,1,7
2016547400316,2,9,0,18,0,8,0,0,0,0,4,1,6,2,-1,-1,-1,-1,-1,-1,-1,-1
2016547423316,1,9,0,9,0,6,0,0,0,0,1,1,6,1,20,4,1396,1,12,6,2,6
2016547423316,2,9,0,18,0,8,0,0,0,0,1,1,6,2,52,8,1390,1,15,4,3,4
2016547424916,1,5,0,7,0,6,0,0,0,0,2,1,6,2,69,10,745,1,9,10,1,10
2016547424916,2,9,0,7,0,6,0,0,0,0,1,1,6,2,59,9,1299,1,13,9,2,9
2016547438316,1,9,0,10,0,1,0,0,0,0,2,1,6,2,66,10,2171,1,14,4,1,4
2016547438316,2,19,0,3,0,1,0,0,0,0,2,1,1,1,27,6,1997,2,9,10,1,10
2016547438316,3,9,0,18,0,1,0,0,0,0,1,1,6,2,42,7,1397,1,12,7,3,7
2016547450116,1,9,0,18,0,0,0,0,0,0,4,1,6,2,26,6,-1,-1,-1,9,2,9
2016547450116,2,1,0,18,0,0,0,0,0,0,1,1,6,1,35,6,-1,-1,-1,-1,-1,-1
2016547455916,1,9,0,18,0,0,0,0,0,0,1,1,6,2,81,11,1968,2,2,6,3,6
2016547455916,2,1,0,18,0,0,0,0,0,0,2,1,6,1,70,10,-1,-1,-1,5,1,5
2016547458416,1,9,0,17,0,0,2,0,1,9,1,1,6,2,22,5,1328,1,9,10,2,10
2016547464416,1,1,0,18,0,0,0,0,0,0,3,1,6,2,49,8,-1,-1,-1,4,1,4
2016547464416,2,9,0,11,0,0,0,0,0,0,4,1,2,1,40,7,-1,3,2,7,2,7
2016547468016,1,19,0,7,0,5,0,0,0,0,4,1,6,2,48,8,-1,-1,-1,5,1,5
2016547468016,2,9,0,15,0,8,0,0,0,0,3,1,6,1,23,5,1496,2,2,5,2,5
2016547470316,1,9,0,16,0,2,0,0,0,0,1,1,6,1,58,9,1339,1,14,7,2,7
2016547470316,2,1,0,17,0,1,0,0,0,0,1,1,2,1,57,9,-1,-1,-1,4,3,4
2016547491216,1,9,0,18,0,0,2,0,4,6,3,1,6,1,57,9,2438,1,17,3,1,3
2016547491216,2,21,1,18,0,0,0,0,0,0,3,1,1,1,58,9,12740,2,-1,7,1,7
2016547492816,1,9,0,18,0,0,0,0,1,10,1,1,6,2,51,8,1840,1,15,5,3,5
2016547514616,1,9,0,1,0,0,0,0,0,0,2,1,6,2,48,8,1242,1,6,4,2,4
2016547515516,1,9,0,17,0,2,1,0,1,11,1,1,6,2,58,9,1149,1,10,9,1,9
2016547522016,1,9,0,17,0,0,1,0,0,0,4,1,1,1,35,6,-1,-1,-1,8,1,8
2016547522016,2,9,0,18,0,0,0,0,0,0,3,1,6,2,21,5,1229,1,10,8,3,8
2016547522916,1,9,0,18,0,0,0,0,0,0,1,1,6,2,68,10,1999,1,3,10,2,10
2016547522916,2,9,0,17,0,0,1,0,0,0,1,1,6,1,58,9,1461,2,11,7,2,7
2016547531416,1,9,0,18,0,0,0,0,1,7,1,1,6,1,54,8,1956,2,4,9,2,9
2016547531416,2,9,0,18,0,0,0,0,0,0,2,1,6,2,57,9,1596,1,7,9,1,9
2016547534116,1,9,0,9,0,8,0,0,0,0,1,1,1,1,34,6,1598,2,4,3,1,3
2016547534116,2,3,0,9,0,8,0,0,0,0,2,1,6,1,17,4,124,1,2,3,1,3
2016547550716,1,9,0,4,0,0,0,0,0,0,0,1,6,2,62,9,1997,2,6,9,3,9
2016547550716,2,1,0,18,0,0,0,0,0,0,1,1,6,1,59,9,-1,-1,-1,2,1,2
2016547550716,3,1,0,4,0,0,0,0,0,0,2,1,6,1,56,9,-1,-1,-1,2,1,2
2016547552716,1,3,0,4,0,1,1,0,0,0,1,1,6,1,21,5,124,1,4,1,1,1
2016547552716,2,9,0,3,0,1,0,0,0,0,2,1,6,1,-1,-1,-1,-1,-1,-1,-1,-1
2016547557916,1,19,0,9,0,5,0,0,0,0,3,1,1,1,48,8,2143,2,4,7,1,7
2016547557916,2,97,0,13,0,8,0,0,0,0,1,1,6,1,16,4,-1,-1,-1,-1,-1,-1
2016547560016,1,5,0,18,0,8,1,0,0,0,1,1,6,1,23,5,649,1,6,4,1,4
2016547560016,2,9,0,9,0,5,0,0,0,0,4,1,6,1,50,8,1910,2,10,9,1,9
2016547569316,1,19,0,18,6,0,0,0,1,11,3,1,1,1,35,6,1686,2,13,6,1,6
2016547569316,2,9,0,2,6,0,0,0,0,0,3,1,6,1,-1,-1,1968,2,3,10,1,10
2016547571716,1,9,0,9,0,2,0,0,0,0,4,1,2,1,27,6,1896,2,18,3,1,3
2016547578416,1,9,0,5,0,4,0,0,0,0,1,1,6,1,26,6,1995,2,7,4,1,4
2016547578416,2,9,0,18,0,8,0,0,0,0,1,1,6,2,26,6,1242,1,3,7,1,7
2016547583216,1,9,0,18,0,0,2,0,1,11,1,1,6,1,17,4,1598,2,3,10,3,10
2016547586316,1,9,0,16,0,0,0,0,0,0,1,1,6,2,79,11,1299,1,14,6,2,6
2016547586316,2,9,0,17,0,0,0,0,0,0,1,1,6,2,50,8,2143,2,2,9,1,9
2016547600116,1,9,0,18,0,8,0,0,0,0,4,1,6,1,71,10,1364,1,7,7,1,7
2016547600116,2,9,0,9,0,6,0,0,0,0,1,1,6,2,27,6,1995,2,6,7,3,7
2016547608216,1,9,0,5,0,8,0,0,0,0,1,1,6,1,53,8,2720,2,7,9,3,9
2016547608216,2,1,0,18,0,8,0,0,0,0,1,1,6,1,41,7,-1,-1,-1,8,3,8
2016547624916,1,9,0,18,0,4,1,0,3,1,1,1,6,1,21,5,1896,2,11,7,1,7
2016547638816,1,9,0,18,4,2,0,0,0,0,4,1,6,3,-1,-1,-1,-1,-1,-1,-1,-1
2016547638816,2,1,0,18,4,2,0,0,1,10,3,1,6,1,56,9,-1,-1,-1,7,1,7
2016547648616,1,20,0,18,0,0,0,0,0,0,3,1,1,1,49,8,4500,2,1,-1,-1,-1
2016547649716,1,9,0,4,0,0,0,0,0,0,4,1,2,2,27,6,1560,2,8,8,1,8
2016547649716,2,3,0,4,0,0,0,0,0,0,3,1,6,2,18,4,124,1,12,5,2,5
2016547650716,1,1,0,9,0,5,0,0,0,0,3,1,6,1,21,5,-1,-1,-1,6,2,6
2016547650716,2,9,0,14,0,8,0,0,0,0,1,1,6,1,38,7,1796,1,20,6,3,6
2016547663116,1,9,0,18,0,0,0,0,0,0,1,1,6,1,-1,-1,-1,-1,-1,-1,-1,-1
2016547671316,1,9,0,4,0,0,0,0,0,0,2,1,1,2,34,6,1749,1,14,6,3,6
2016547671316,2,9,0,18,0,0,0,0,0,0,1,1,6,1,66,10,1587,1,7,7,1,7
2016547673916,1,19,0,7,0,0,0,0,0,0,4,1,1,1,23,5,1995,2,3,5,1,5
2016547673916,2,9,0,18,0,0,1,0,0,0,1,1,1,2,53,8,2231,2,9,7,1,7
2016547678016,1,9,0,9,0,6,0,0,0,0,3,1,6,1,-1,-1,1493,2,8,9,2,9
2016547678016,2,1,0,18,0,8,0,0,0,0,1,1,1,1,41,7,-1,-1,-1,6,3,6
2016547695916,1,9,0,16,0,8,1,0,0,0,1,1,2,2,54,8,1397,1,7,6,3,6
2016547695916,2,90,0,7,0,6,0,0,0,0,3,1,2,1,54,8,2299,2,18,6,3,6
2016547715416,1,9,0,18,0,8,0,0,0,0,3,1,6,2,39,7,1390,1,3,10,3,10
2016547715416,2,5,0,7,0,8,0,0,7,0,2,1,2,1,46,8,599,1,14,8,1,8
2016547717216,1,9,0,7,0,6,0,0,0,0,1,1,1,2,23,5,1598,2,3,7,3,7
2016547717216,2,9,0,18,0,8,0,0,0,0,3,1,2,1,55,8,1124,1,13,5,3,5
2016547735216,1,9,0,18,0,4,0,0,0,0,1,1,2,1,34,6,1686,2,4,8,2,8
2016547735216,2,9,0,9,0,8,0,0,0,0,3,1,6,2,22,5,1388,1,13,8,1,8
2016547743116,1,5,0,13,0,1,0,0,7,10,1,1,6,1,62,9,1298,1,14,7,1,7
2016547743116,2,9,0,9,0,5,0,0,0,0,3,1,6,1,42,7,1999,2,-1,10,1,10
2016547743116,3,9,0,2,0,1,0,0,0,0,1,1,6,1,-1,-1,1753,2,10,8,1,8
2016547748416,1,21,1,13,0,0,0,0,0,0,4,1,1,3,-1,-1,-1,-1,-1,-1,-1,-1
2016547748416,2,3,0,4,0,0,0,10,0,0,3,1,6,2,43,7,124,1,49,8,1,8
2016547765616,1,9,0,13,0,8,5,0,7,0,4,1,6,2,26,6,1598,2,5,4,1,4
2016547765616,2,17,0,9,0,5,0,0,0,0,3,1,1,1,22,5,4400,2,3,9,3,9
2016547769116,1,9,0,17,0,0,5,0,1,3,4,1,6,1,23,5,4008,1,18,8,3,8
2016547771316,1,2,0,18,0,8,0,0,2,2,4,1,6,1,24,5,49,1,15,7,1,7
2016547777416,1,9,0,4,0,0,0,0,0,0,2,1,6,1,53,8,1229,1,4,9,2,9
2016547777416,2,9,0,4,0,0,0,0,0,0,2,1,6,2,40,7,1339,1,6,-1,1,-1
2016547777416,3,9,0,4,0,0,0,0,0,0,1,1,6,1,20,4,1299,1,10,6,3,6
2016547780716,1,4,0,16,0,0,1,10,1,0,4,1,6,2,42,7,499,1,8,7,3,7
2016547792116,1,9,0,7,0,4,0,6,0,0,1,1,6,1,30,6,1968,2,5,2,1,2
2016547793516,1,9,0,18,0,0,2,0,1,0,1,1,6,2,19,4,1242,1,5,5,1,5
2016547815216,1,9,0,18,0,1,0,0,7,10,1,1,6,1,22,5,1242,1,9,-1,1,-1
2016547815216,2,9,0,18,0,6,0,0,0,0,0,1,6,3,-1,-1,-1,-1,-1,-1,-1,-1
2016547816316,1,9,0,17,0,1,0,0,1,11,1,1,6,1,27,6,1990,1,23,5,1,5
2016547825416,1,5,0,3,0,1,0,0,0,0,1,1,6,1,58,9,955,1,17,8,3,8
2016547825416,2,9,0,9,0,2,0,0,0,0,1,1,6,1,-1,-1,-1,-1,-1,-1,-1,-1
2016547826216,1,9,0,18,0,0,0,0,0,0,1,1,2,2,20,4,1299,1,8,7,1,7
2016547826216,2,9,0,3,0,0,0,0,0,0,2,1,6,1,52,8,1968,2,2,2,1,2
2016547834416,1,9,0,4,0,0,0,0,0,0,2,1,2,2,61,9,1598,1,12,4,1,4
2016547834416,2,9,0,4,0,0,0,0,0,0,2,1,1,2,59,9,1398,2,3,7,2,7
2016547834416,3,9,0,18,0,0,0,0,0,0,1,1,1,1,59,9,1600,2,7,7,3,7
2016547847916,1,9,0,9,0,5,0,0,0,0,1,1,6,2,22,5,1360,1,13,10,1,10
2016547847916,2,5,0,18,0,8,1,10,0,0,1,1,1,1,32,6,798,1,8,3,1,3
2016547872116,1,9,0,17,0,1,2,0,1,11,4,1,1,2,19,4,1242,1,10,9,2,9
2016547906516,1,9,0,9,0,6,0,0,1,11,3,1,1,2,24,5,1599,1,11,10,2,10
2016547906516,2,9,0,17,0,8,0,0,7,0,1,1,1,1,31,6,2793,1,17,7,1,7
2016547920216,1,9,0,18,0,1,0,0,0,0,1,1,6,2,26,6,1390,1,13,3,1,3
2016547920216,2,1,0,9,0,2,0,0,0,0,4,1,6,1,11,3,-1,-1,-1,9,1,9
2016547922316,1,5,0,18,0,1,1,0,0,0,3,1,6,1,73,10,1130,1,12,9,1,9
2016547922316,2,9,0,7,0,5,0,0,0,0,0,1,6,2,36,7,1598,2,-1,-1,-1,-1
2016547928016,1,9,0,9,0,5,0,0,0,0,1,1,2,2,41,7,1461,2,1,8,1,8
2016547928016,2,5,0,18,0,8,0,0,0,0,1,1,2,1,22,5,600,1,-1,3,1,3
2016547940616,1,9,0,18,0,1,0,0,0,0,1,1,6,1,46,8,1870,2,11,6,1,6
2016547940616,2,9,0,3,0,1,0,0,0,0,2,1,2,2,42,7,1086,1,12,1,1,1
2016547966916,1,9,0,1,0,0,0,0,0,0,2,1,6,1,24,5,2000,2,11,7,1,7
2016547969416,1,9,0,18,0,0,2,0,1,11,1,1,2,2,22,5,1398,2,13,9,2,9
2016547970916,1,9,0,9,0,6,0,0,0,0,1,1,6,1,53,8,2967,2,-1,3,3,3
2016547970916,2,5,0,18,0,8,0,0,0,0,3,1,6,1,52,8,1050,1,11,9,1,9
2016547995416,1,9,0,18,0,0,0,0,0,0,1,1,6,2,45,7,1896,2,11,7,3,7
2016547998116,1,9,0,18,0,4,0,9,7,0,3,1,6,2,19,4,1400,1,16,5,3,5
2016548002616,1,9,0,18,0,2,0,0,2,11,4,1,6,1,32,6,1587,1,15,4,2,4
2016548002616,2,9,0,18,0,1,0,0,7,0,1,1,6,2,43,7,2982,2,14,8,3,8
2016548010316,1,17,0,13,0,0,0,0,0,0,4,1,1,1,72,10,6788,2,1,6,3,6
2016548010316,2,1,0,18,0,0,0,0,0,0,3,1,6,1,41,7,-1,-1,-1,8,1,8
2016548016016,1,9,0,9,0,5,0,0,0,0,4,1,6,1,56,9,-1,-1,-1,-1,-1,-1
2016548016016,2,9,0,18,0,8,0,0,0,0,1,1,6,1,70,10,1998,1,9,7,3,7
2016548034116,1,9,0,9,0,5,0,0,0,0,3,1,6,1,51,8,1461,2,2,4,1,4
2016548034116,2,1,0,13,0,8,0,0,0,0,1,1,6,1,48,8,-1,-1,-1,8,2,8
2016548039616,1,21,1,18,0,0,1,4,0,0,1,1,1,1,45,7,11705,2,13,7,3,7
2016548039616,2,9,0,4,0,0,0,0,1,0,2,1,1,1,59,9,1242,1,10,7,3,7
2016548039616,3,19,0,18,0,0,1,0,1,9,1,1,1,1,20,4,1399,2,9,5,3,5
2016548042616,1,9,0,18,0,0,0,0,0,0,1,1,6,1,-1,-1,-1,-1,-1,-1,-1,-1
2016548042616,2,9,0,3,0,0,0,0,0,0,2,1,6,2,21,5,1242,1,4,8,2,8
2016548051316,1,9,0,5,0,6,0,0,0,0,1,1,1,1,50,8,2179,2,7,9,1,9
2016548051316,2,9,0,18,0,8,0,0,0,0,1,1,6,1,91,11,973,1,16,5,1,5
2016548082216,1,9,0,18,0,8,0,0,0,0,1,1,6,2,55,8,1240,1,11,9,1,9
2016548082216,2,9,0,6,0,8,0,0,0,0,3,1,2,1,23,5,1999,1,3,8,1,8
2016548097516,1,19,0,18,0,8,0,0,0,0,1,1,1,1,43,7,2198,2,9,2,1,2
2016548097516,2,9,0,7,0,3,0,0,0,0,4,1,6,2,67,10,998,1,18,9,3,9
2016548120916,1,9,0,18,0,2,1,0,1,9,1,1,6,1,27,6,1999,1,3,2,1,2
2016548120916,2,9,0,5,0,2,0,4,0,0,2,1,2,1,49,8,1984,1,10,7,1,7
2016548120916,3,19,0,2,0,1,0,0,0,0,1,1,1,1,30,6,2198,2,6,1,1,1
2016548150716,1,9,0,9,0,6,0,0,0,0,1,1,6,1,49,8,2993,2,11,9,3,9
2016548150716,2,4,0,18,0,8,0,0,0,0,1,1,6,1,21,5,600,1,3,3,1,3
2016548150816,1,19,0,7,0,3,0,0,0,0,4,1,6,1,61,9,2402,2,10,8,1,8
2016548150816,2,9,0,7,0,3,0,0,0,0,3,1,6,2,50,8,2495,2,19,9,1,9
2016548157316,1,9,0,4,0,1,0,0,0,0,2,1,6,2,28,6,998,1,5,5,1,5
2016548157316,2,9,0,18,0,1,0,0,0,0,1,1,6,2,41,7,2000,2,5,8,1,8
2016548171416,1,9,0,17,0,0,5,0,1,10,4,1,6,1,57,9,2470,2,26,8,1,8
2016548185516,1,9,0,12,0,0,0,0,0,0,3,1,6,2,53,8,1598,1,8,8,1,8
2016548185516,2,5,0,18,0,0,0,0,0,0,4,1,2,1,55,8,745,1,2,8,1,8
2016548189316,1,9,0,18,0,4,0,0,0,0,1,1,6,2,33,6,2993,2,10,1,1,1
2016548189316,2,9,0,9,0,8,0,0,0,0,1,1,6,1,18,4,998,1,14,8,1,8
2016548194016,1,9,0,5,8,4,0,0,0,0,1,1,6,2,79,11,1590,1,12,7,3,7
2016548194016,2,8,0,18,0,8,0,0,0,0,4,1,1,1,48,8,1248,2,5,6,1,6
2016548199016,1,3,0,18,0,0,0,0,0,0,3,1,6,1,19,4,124,1,4,5,3,5
2016548202416,1,9,0,18,0,0,0,0,0,0,4,1,6,2,50,8,1595,1,3,8,1,8
2016548205316,1,9,0,9,0,6,0,0,0,0,1,1,6,1,71,10,1948,1,17,10,2,10
2016548205316,2,9,0,18,0,8,0,0,0,0,4,1,6,1,38,7,1995,2,13,3,1,3
2016548210916,1,9,0,18,0,0,1,10,7,4,3,1,6,2,21,5,1590,1,26,9,1,9
2016548217616,1,9,0,16,0,2,1,0,0,0,1,1,6,2,24,5,1998,1,18,10,1,10
2016548217616,2,9,0,17,0,1,0,0,0,0,3,1,6,1,56,9,2000,2,5,10,2,10
2016548218416,1,9,0,9,0,6,0,0,0,0,1,1,6,2,71,10,2290,1,10,8,3,8
2016548218416,2,9,0,18,0,8,0,0,0,0,1,1,6,2,78,11,1364,1,1,8,3,8
2016548236716,1,19,0,13,0,8,0,0,0,0,0,1,1,1,38,7,1968,2,1,5,1,5
2016548236716,2,9,0,18,0,8,5,0,1,11,1,1,6,1,37,7,1598,1,9,7,1,7
2016548237716,1,9,0,6,7,0,0,0,0,0,3,1,6,1,27,6,1968,2,10,9,3,9
2016548237716,2,5,0,13,0,0,1,0,0,0,1,1,6,1,47,8,1188,1,23,2,1,2
2016548254516,1,9,0,18,0,4,0,0,0,0,1,1,6,1,35,6,1995,2,11,7,3,7
2016548254516,2,3,0,18,0,8,0,0,0,0,4,1,6,1,18,4,124,1,3,8,1,8
2016548256816,1,21,1,4,0,8,0,0,0,0,1,1,1,1,35,6,12777,2,3,6,1,6
2016548256816,2,19,0,4,0,8,0,0,0,0,2,1,1,1,34,6,1995,2,7,10,1,10
2016548266516,1,9,0,18,0,0,0,0,0,0,1,1,6,1,68,10,1999,2,-1,8,2,8
2016548266516,2,9,0,3,0,0,0,0,0,0,2,1,6,1,58,9,1461,2,-1,6,2,6
2016548279016,1,1,0,18,0,8,0,0,0,0,1,1,2,1,28,6,-1,-1,-1,5,1,5
2016548279016,2,9,0,5,0,4,0,0,0,0,3,1,3,1,40,7,1590,1,3,3,1,3
2016548282216,1,3,0,18,0,0,0,4,0,0,4,1,1,2,25,5,125,1,4,6,1,6
2016548282216,2,9,0,2,0,0,0,0,0,0,3,1,6,1,65,9,1997,2,14,5,1,5
2016548288216,1,10,0,18,0,0,0,0,0,0,4,1,1,1,60,9,2143,2,2,6,1,6
2016548295716,1,9,0,5,9,6,0,0,0,0,1,1,6,2,46,8,1896,2,9,8,1,8
2016548295716,2,1,0,18,9,8,0,0,0,0,1,1,6,2,27,6,-1,-1,-1,8,1,8
2016548313916,1,9,0,17,0,0,1,0,1,11,1,1,2,2,33,6,1299,1,9,9,3,9
2016548318516,1,9,0,18,0,8,0,0,0,0,1,1,1,1,18,4,1596,1,14,7,1,7
2016548318516,2,9,0,4,0,8,0,0,0,0,2,1,6,1,52,8,1997,2,1,1,1,1
2016548326416,1,9,0,18,0,0,0,0,0,0,1,1,6,2,38,7,1299,1,13,5,1,5
2016548328416,1,9,0,18,0,1,0,0,0,0,1,1,6,2,57,9,1242,1,-1,9,1,9
2016548328416,2,9,0,3,0,1,0,0,0,0,2,1,6,2,42,7,1910,2,10,9,2,9
2016548334116,1,9,0,1,0,1,0,0,0,0,2,1,6,1,-1,-1,-1,-1,-1,-1,-1,-1
2016548354616,1,9,0,4,0,0,0,0,0,0,1,1,2,1,33,6,1896,2,12,1,1,1
2016548354616,2,9,0,3,0,0,0,0,0,0,2,1,2,1,52,8,2993,2,4,10,2,10
2016548356716,1,9,0,9,0,6,0,0,0,0,1,1,6,2,60,9,1798,1,7,8,1,8
2016548356716,2,1,0,17,0,8,0,0,0,0,1,1,2,1,28,6,-1,-1,-1,7,1,7
2016548361216,1,9,0,16,0,0,5,0,0,0,1,1,6,1,23,5,1587,1,16,9,3,9
2016548366816,1,9,0,18,0,0,0,0,0,0,1,1,1,1,59,9,1975,7,8,7,3,7
2016548366816,2,9,0,5,0,0,0,0,0,0,2,1,6,2,23,5,1198,1,10,8,3,8
2016548382516,1,9,0,5,5,6,0,0,0,0,1,1,6,2,-1,-1,-1,-1,-1,-1,-1,-1
2016548382516,2,1,0,18,5,8,0,0,0,0,4,1,6,1,13,3,-1,-1,-1,6,1,6
2016548383316,1,9,0,9,0,5,0,0,0,0,1,1,1,1,46,8,-1,-1,-1,7,1,7
2016548383316,2,9,0,18,0,8,1,0,1,0,1,1,6,1,43,7,1988,1,16,4,2,4
2016548383616,1,9,0,18,0,4,0,0,1,1,3,1,6,1,69,10,996,1,7,2,1,2
2016548383616,2,19,0,18,0,8,0,0,0,0,1,1,1,1,37,7,1461,2,3,2,1,2
2016548385916,1,9,0,14,0,0,0,0,0,0,1,1,2,1,47,8,2143,2,3,8,3,8
2016548387216,1,9,0,18,0,8,0,0,0,0,3,1,2,2,58,9,1984,1,1,6,3,6
2016548387216,2,19,0,7,0,3,0,0,0,0,4,1,2,1,63,9,2198,2,-1,8,1,8
2016548395516,1,9,0,17,0,0,1,0,1,3,1,1,6,1,38,7,1956,2,1,5,3,5
2016548398316,1,3,0,18,0,1,0,0,0,0,3,1,6,1,20,4,124,1,-1,7,3,7
2016548420616,1,9,0,18,0,0,0,0,0,0,3,1,6,1,42,7,1968,1,9,8,3,8
2016548420616,2,9,0,18,0,0,0,0,0,0,3,1,6,1,44,7,1984,1,-1,8,3,8
2016548426116,1,9,0,18,0,0,0,0,0,0,4,1,6,3,-1,-1,-1,-1,-1,-1,-1,-1
2016548438416,1,9,0,18,0,0,0,0,0,0,4,1,6,3,-1,-1,-1,-1,-1,-1,-1,-1
2016548444116,1,9,0,7,0,5,0,0,7,10,3,1,6,1,20,4,-1,-1,-1,4,1,4
2016548445916,1,5,0,18,0,1,0,0,0,0,1,1,6,1,27,6,599,1,12,10,1,10
2016548445916,2,9,0,4,0,1,0,0,0,0,2,1,6,1,31,6,1998,2,11,6,3,6
2016548447116,1,9,0,10,0,1,0,0,0,0,2,1,6,1,22,5,1595,1,7,8,1,8
2016548447116,2,9,0,4,0,1,1,0,0,0,1,1,6,1,64,9,1995,2,5,8,1,8
2016548454016,1,9,0,9,0,5,0,0,0,0,1,1,6,2,17,4,1229,1,10,8,3,8
2016548454016,2,3,0,18,0,8,1,0,0,0,1,1,6,1,40,7,96,1,9,7,2,7
2016548467216,1,9,0,16,0,2,0,0,0,0,1,1,6,1,22,5,1598,1,11,7,1,7
2016548467216,2,1,0,18,0,2,0,0,0,0,1,1,6,1,14,3,-1,-1,-1,7,1,7
2016548471716,1,5,0,18,0,0,0,0,4,0,3,1,6,1,29,6,1285,1,1,8,2,8
2016548471716,2,9,0,18,0,0,0,0,0,0,4,1,6,1,35,6,1999,1,8,9,1,9
2016548485716,1,9,0,18,0,2,0,0,0,0,3,2,2,1,24,5,1229,1,6,7,1,7
2016548505116,1,3,0,9,0,6,1,0,0,0,4,1,2,2,19,4,125,1,3,2,1,2
2016548507316,1,9,0,7,0,6,0,0,0,0,1,1,6,1,38,7,2204,2,12,2,1,2
2016548507316,2,4,0,18,0,8,0,0,0,0,4,1,6,1,28,6,124,1,7,2,1,2
2016548510616,1,9,0,18,0,0,0,0,0,0,3,1,6,1,27,6,1242,1,9,9,1,9
2016548510616,2,9,0,18,0,0,0,0,1,4,3,1,6,2,69,10,993,1,14,8,2,8
2016548511816,1,9,0,3,0,0,0,0,0,0,2,1,6,1,32,6,1461,2,5,3,1,3
2016548511816,2,9,0,18,0,0,0,0,0,0,1,1,6,1,18,4,1499,1,-1,8,1,8
2016548517916,1,10,0,9,0,6,0,0,0,0,3,1,6,1,71,10,-1,-1,-1,1,1,1
2016548517916,2,9,0,18,0,8,0,0,0,0,1,1,1,1,53,8,2199,2,4,9,1,9
2016548527616,1,9,0,10,0,1,0,0,0,0,2,1,6,1,58,9,2993,2,12,6,1,6
2016548527616,2,3,0,18,0,1,1,0,0,0,1,1,6,1,21,5,-1,-1,-1,8,2,8
2016548541016,1,9,0,3,0,2,0,0,0,0,0,1,2,2,32,6,1360,1,10,9,2,9
2016548541016,2,9,0,3,0,2,0,0,0,0,2,1,2,2,26,6,1229,1,2,8,2,8
2016548541016,3,9,0,4,0,2,0,0,0,0,1,1,2,1,55,8,1968,2,4,6,3,6
2016548549416,1,9,0,18,0,1,0,0,0,0,1,1,2,1,27,6,2000,2,5,1,1,1
2016548549416,2,2,0,3,0,1,0,0,0,0,2,1,2,2,25,5,49,1,-1,3,1,3
2016548549816,1,1,0,18,0,8,0,0,0,0,4,1,6,1,24,5,-1,-1,-1,4,1,4
2016548549816,2,9,0,18,0,4,0,0,0,0,1,1,6,2,40,7,2800,2,20,5,1,5
2016548556716,1,9,0,18,0,0,1,0,7,11,2,1,6,2,30,6,1248,2,11,8,3,8
2016548569216,1,5,0,13,0,0,0,0,7,1,1,1,6,1,25,5,999,1,9,5,3,5
2016548576516,1,9,0,18,0,8,0,0,0,0,4,1,6,2,21,5,998,1,9,10,2,10
2016548576516,2,1,0,5,0,6,0,0,0,0,1,1,6,1,9,2,-1,-1,-1,6,2,6
2016548576916,1,9,0,18,0,0,0,0,0,0,1,1,6,1,69,10,1598,2,3,9,3,9
2016548576916,2,9,0,18,0,0,0,0,0,0,1,1,2,2,39,7,1587,1,10,7,1,7
2016548579416,1,9,0,16,0,0,1,0,7,4,1,1,6,2,36,7,1998,1,11,9,3,9
2016548579416,2,19,0,17,0,0,0,0,0,0,0,1,6,3,-1,-1,-1,-1,-1,-1,-1,-1
2016548583616,1,9,0,18,0,8,0,7,0,0,1,1,6,1,31,6,2979,1,1,4,1,4