Accident_Index,Vehicle_Reference,Vehicle_Type,Towing_and_Articulation,Vehicle_Manoeuvre,Vehicle_Location-Restricted_Lane,Junction_Location,Skidding_and_Overturning,Hit_Object_in_Carriageway,Vehicle_Leaving_Carriageway,Hit_Object_off_Carriageway,1st_Point_of_Impact,Was_Vehicle_Left_Hand_Drive?,Journey_Purpose_of_Driver,Sex_of_Driver,Age_of_Driver,Age_Band_of_Driver,Engine_Capacity_(CC),Propulsion_Code,Age_of_Vehicle,Driver_IMD_Decile,Driver_Home_Area_Type,Vehicle_IMD_Decile
2016548583616,2,9,0,5,0,6,0,0,0,0,3,1,6,1,46,8,1582,2,-1,8,1,8
2016548589816,1,9,0,3,0,0,0,0,0,0,0,1,6,3,-1,-1,-1,-1,-1,-1,-1,-1
2016548589816,2,9,0,4,0,0,0,0,0,0,0,1,6,1,-1,-1,-1,-1,-1,-1,-1,-1
2016548589816,3,9,0,4,0,0,0,0,0,0,0,1,6,2,49,8,1685,2,-1,6,3,6
2016548589816,4,9,0,4,0,0,0,0,0,0,2,1,6,2,54,8,3200,2,2,9,2,9
2016548589816,5,19,0,18,0,0,0,0,0,0,1,1,6,1,45,7,2198,2,3,8,1,8
2016548592216,1,9,0,4,0,0,0,0,0,0,1,1,6,2,24,5,1598,1,8,10,1,10
2016548592216,2,9,0,4,0,0,0,0,0,0,2,1,6,2,35,6,1596,1,11,8,3,8
2016548592216,3,9,0,3,0,0,0,0,0,0,2,1,6,2,56,9,998,1,1,8,3,8
2016548616516,1,9,0,7,0,8,0,0,0,0,3,1,2,1,46,8,1686,2,6,4,1,4
2016548616516,2,1,0,18,0,8,0,0,0,0,4,1,6,1,50,8,-1,-1,-1,7,1,7
2016548617116,1,17,0,9,0,5,0,0,0,0,2,1,1,1,32,6,6728,2,1,10,2,10
2016548617116,2,9,0,13,0,8,0,0,0,0,1,1,2,2,24,5,875,1,3,9,2,9
2016548617316,1,3,0,18,0,2,0,4,0,0,1,1,2,1,21,5,124,1,-1,7,2,7
2016548617316,2,9,0,2,0,1,0,0,0,0,3,1,6,2,28,6,1598,1,8,7,2,7
2016548617316,3,9,0,2,0,1,0,0,0,0,3,1,6,3,-1,-1,1598,1,14,-1,-1,-1
2016548630416,1,19,0,18,0,0,0,0,0,0,1,1,1,1,22,5,2198,2,4,4,1,4
2016548630416,2,9,0,3,0,0,0,0,0,0,2,1,6,1,73,10,2993,2,11,7,3,7
2016548630416,3,9,0,3,0,0,0,0,0,0,2,1,6,1,68,10,1968,2,8,7,3,7
2016548639116,1,9,0,18,0,1,0,0,0,0,1,1,1,2,30,6,1398,1,5,8,3,8
2016548639116,2,19,0,3,0,1,0,0,0,0,2,1,1,2,31,6,1997,2,10,2,1,2
2016548639716,1,9,0,7,0,5,0,0,0,0,4,1,6,2,72,10,1997,2,3,8,1,8
2016548639716,2,5,0,18,0,8,0,0,0,0,1,1,6,1,25,5,1043,1,1,9,1,9
2016548641416,1,9,0,5,0,2,0,0,1,11,1,1,6,2,41,7,1461,2,-1,6,2,6
2016548645716,1,9,0,3,0,0,0,0,0,0,2,1,6,1,54,8,1995,2,-1,6,2,6
2016548645716,2,19,0,4,0,0,1,0,0,0,1,1,1,1,43,7,2198,2,2,4,1,4
2016548653616,1,3,0,18,0,0,0,0,1,0,3,1,6,1,21,5,124,1,14,1,1,1
2016548653616,2,9,0,13,0,0,0,0,0,0,4,1,6,1,19,4,2000,2,5,6,1,6
2016548678116,1,9,0,16,0,0,0,0,0,0,3,1,6,1,28,6,1396,1,15,10,1,10
2016548678116,2,9,0,17,0,0,0,0,1,9,3,1,6,2,60,9,1910,2,9,6,3,6
2016548680316,1,9,0,16,0,0,1,0,2,1,4,1,6,1,40,7,1560,2,10,5,1,5
2016548685116,1,90,0,18,0,1,0,0,0,0,1,2,6,1,76,11,-1,-1,-1,-1,-1,-1
2016548685116,2,9,0,3,0,1,0,0,0,0,2,1,6,2,27,6,1595,1,10,6,1,6
2016548685116,3,9,0,3,0,1,0,0,0,0,2,1,6,2,58,9,1598,1,4,6,2,6
2016548687716,1,9,0,9,0,6,0,0,0,0,3,1,6,2,24,5,1598,1,8,7,1,7
2016548687716,2,5,0,18,0,8,1,0,0,0,1,1,6,1,42,7,749,1,9,4,1,4
2016548689516,1,5,0,3,0,0,0,0,0,0,1,1,6,1,64,9,1471,1,13,8,1,8
2016548689516,2,9,0,4,0,0,0,0,0,0,2,1,6,2,28,6,1560,2,9,10,2,10
2016548690716,1,9,0,16,0,0,1,0,0,0,1,1,6,1,21,5,-1,-1,-1,2,1,2
2016548690716,2,9,0,17,0,0,0,0,0,0,1,1,6,2,63,9,1390,1,10,8,1,8
2016548695616,1,9,0,18,0,0,0,0,0,0,1,1,6,2,39,7,1560,2,1,9,1,9
2016548695616,2,9,0,4,0,0,0,12,1,11,2,1,6,2,17,4,1149,1,12,8,1,8
2016548702516,1,9,0,4,0,2,0,0,0,0,4,1,6,1,58,9,1461,2,-1,3,1,3
2016548706016,1,19,0,13,0,0,1,0,0,0,1,1,2,1,18,4,-1,-1,-1,6,3,6
2016548706016,2,9,0,18,0,0,0,0,0,0,1,1,2,2,59,9,2362,1,16,9,3,9
2016548722016,1,9,0,18,0,1,0,10,0,0,1,1,6,1,80,11,1997,2,5,7,1,7
2016548722016,2,19,0,18,0,1,0,0,0,0,3,1,1,1,54,8,1461,2,4,10,1,10
2016548723816,1,9,0,7,0,8,0,0,0,0,3,1,1,1,38,7,1598,2,4,3,1,3
2016548723816,2,9,0,9,0,8,0,0,7,11,4,1,6,1,79,11,1497,1,13,8,3,8
2016548726416,1,9,0,3,0,0,0,0,0,0,2,1,6,2,42,7,2401,2,12,4,1,4
2016548726416,2,9,0,3,0,0,0,0,0,0,2,1,6,2,35,6,998,1,7,4,1,4
2016548726416,3,9,0,18,0,0,0,0,0,0,1,1,2,2,25,5,2000,2,7,2,1,2
2016548726916,1,9,0,18,0,0,0,0,1,0,1,1,1,1,63,9,2993,2,3,9,2,9
2016548726916,2,21,1,18,0,0,0,0,0,0,2,1,1,1,51,8,12900,2,7,1,1,1
2016548727816,1,9,0,16,0,0,0,0,7,9,1,1,1,2,17,4,1390,1,8,9,3,9
2016548737716,1,9,0,9,2,5,0,0,0,0,1,1,6,2,36,7,1896,2,9,9,3,9
2016548737716,2,4,0,18,2,8,0,0,0,0,1,1,6,1,57,9,649,1,3,10,1,10
2016548744416,1,9,0,4,0,8,0,0,0,0,1,1,6,1,50,8,1968,2,-1,5,3,5
2016548744416,2,9,0,3,0,8,0,0,0,0,2,1,2,2,20,4,999,1,1,8,2,8
2016548749416,1,19,0,18,0,0,0,0,0,0,1,1,6,1,29,6,1461,2,8,-1,-1,-1
2016548749416,2,9,0,18,0,0,0,0,0,0,1,1,1,1,-1,-1,2400,2,3,-1,-1,-1
2016548758316,1,9,0,3,0,1,0,0,0,0,2,1,2,2,42,7,998,1,1,8,1,8
2016548758316,2,9,0,5,0,1,0,0,0,0,1,1,2,2,27,6,1390,1,5,8,2,8
2016548758716,1,9,0,18,0,2,1,10,1,0,3,1,6,1,38,7,2494,1,16,8,1,8
2016548758716,2,9,0,4,0,1,0,0,0,0,3,1,2,2,56,9,1590,1,17,7,1,7
2016548767616,1,9,0,18,0,4,0,0,0,0,1,1,1,2,40,7,1598,1,14,10,2,10
2016548767616,2,1,0,18,0,8,0,0,0,0,4,1,6,1,39,7,-1,-1,-1,4,1,4
2016548776616,1,9,0,9,0,5,5,0,0,0,4,1,1,1,64,9,-1,-1,-1,9,2,9
2016548776616,2,9,0,18,0,8,0,0,0,0,1,1,6,1,66,10,2720,2,10,9,3,9
2016548780416,1,9,0,16,0,0,0,0,0,0,4,1,1,2,39,7,1461,2,8,8,1,8
2016548797316,1,9,0,18,0,0,0,4,7,0,1,1,6,1,48,8,1124,1,15,6,3,6
2016548797316,2,9,0,2,0,0,0,0,0,0,3,1,6,2,33,6,2204,2,9,7,2,7
2016548816016,1,9,0,18,0,0,0,8,0,0,4,1,6,2,-1,-1,1560,2,6,6,1,6
2016548816016,2,9,0,2,0,0,0,0,0,0,4,1,6,2,45,7,1986,2,9,7,1,7
2016548817716,1,9,0,14,0,1,0,8,0,0,4,1,6,2,83,11,999,1,9,10,1,10
2016548817716,2,19,0,2,0,1,0,0,0,0,3,1,6,1,32,6,2143,2,4,2,1,2
2016548836916,1,9,0,18,0,0,0,0,0,0,1,1,6,2,38,7,1995,1,14,9,2,9
2016548836916,2,9,0,4,0,0,0,0,0,0,2,1,6,1,39,7,998,1,-1,1,1,1
2016548836916,3,9,0,4,0,0,0,0,0,0,2,1,2,1,-1,-1,1396,1,7,8,1,8
2016548842416,1,9,0,5,0,4,0,0,0,0,1,1,6,1,25,5,1997,2,11,4,1,4
2016548842416,2,1,0,18,0,8,0,0,0,0,4,1,2,2,56,9,-1,-1,-1,4,1,4
2016548849916,1,21,1,11,0,2,0,0,0,0,4,1,1,1,51,8,12419,2,1,6,2,6
2016548849916,2,9,0,18,0,2,0,0,4,6,3,1,6,2,36,7,1560,2,6,8,3,8
2016548856616,1,9,0,18,0,0,0,0,0,0,1,1,6,2,19,4,1398,1,-1,9,1,9
2016548856616,2,9,0,4,0,0,0,0,0,0,4,1,6,1,50,8,998,1,1,-1,-1,-1
2016548856616,3,9,0,4,0,0,0,0,0,0,3,1,6,1,18,4,1149,1,10,8,1,8
2016548856616,4,9,0,4,0,0,0,0,0,0,3,1,6,1,29,6,-1,-1,-1,8,2,8
2016548856616,5,9,0,4,0,0,0,0,0,0,3,1,6,1,20,4,1596,1,9,3,1,3
2016548856616,6,9,0,4,0,0,0,0,0,0,3,1,6,1,49,8,2143,2,4,9,1,9
2016548862116,1,19,0,13,0,0,0,0,0,0,4,1,6,3,-1,-1,-1,-1,-1,-1,-1,-1
2016548862116,2,1,0,18,0,0,0,0,0,0,3,1,2,1,40,7,-1,-1,-1,8,1,8
2016548866916,1,9,0,18,0,0,0,0,1,9,1,1,6,1,43,7,1997,2,7,9,1,9
2016548866916,2,9,0,13,0,0,1,0,0,0,1,1,6,1,72,10,1796,1,8,2,1,2
2016548871516,1,9,0,11,0,0,2,0,2,4,1,1,6,2,19,4,995,1,8,8,1,8
2016548872716,1,3,0,18,0,0,0,0,0,0,1,1,6,1,25,5,124,1,2,10,2,10
2016548872716,2,9,0,18,0,0,0,0,0,0,2,1,6,1,21,5,1598,1,4,7,2,7
2016548874916,1,19,0,18,0,1,0,0,0,0,1,1,6,1,39,7,2198,2,10,5,1,5
2016548874916,2,9,0,4,0,1,0,0,0,0,2,1,6,1,25,5,1968,2,2,5,1,5
2016548877316,1,9,0,6,8,0,0,0,0,0,3,1,6,1,25,5,1995,2,4,9,1,9
2016548877316,2,9,0,18,0,0,0,0,7,9,1,1,2,1,52,8,1598,2,6,6,2,6
2016548878616,1,19,0,9,0,6,0,0,0,0,1,1,1,1,39,7,2148,2,12,4,1,4
2016548878616,2,1,0,18,0,8,0,0,0,0,4,1,6,1,15,3,-1,-1,-1,5,2,5
2016548889416,1,19,0,18,0,0,0,4,0,0,1,1,6,1,37,7,-1,-1,-1,6,1,6
2016548889416,2,9,0,18,0,0,0,0,0,0,1,1,6,2,50,8,1240,1,10,3,1,3
2016548889416,3,9,0,2,6,0,0,0,0,0,3,1,6,1,44,7,1968,2,6,10,2,10
2016548891716,1,9,0,5,0,6,0,0,0,0,1,1,6,1,78,11,1796,1,11,9,3,9
2016548891716,2,9,0,18,0,8,1,0,7,0,4,1,6,1,30,6,1997,2,16,4,1,4
2016548908716,1,9,0,18,0,8,0,0,1,4,4,1,2,2,47,8,1686,2,4,8,1,8
2016548908716,2,9,0,8,0,1,0,0,0,10,3,1,2,1,23,5,1999,1,3,6,3,6
2016548922816,1,9,0,18,0,0,0,0,2,4,1,1,6,2,64,9,1598,2,5,7,1,7
2016548937916,1,19,0,18,0,4,0,0,0,0,1,1,1,1,37,7,1598,2,2,2,1,2
2016548937916,2,1,0,9,0,8,0,0,0,0,4,1,6,2,38,7,-1,-1,-1,5,1,5
2016548938516,1,9,0,18,0,0,0,0,0,0,4,1,2,2,45,7,1598,1,11,8,2,8
2016548941816,1,5,0,18,0,8,1,0,0,0,3,1,1,1,38,7,-1,-1,-1,-1,-1,-1
2016548964616,1,9,0,17,0,0,0,10,7,11,1,1,6,1,19,4,996,1,2,4,1,4
2016548966116,1,9,0,12,0,0,0,0,0,0,3,1,6,3,-1,-1,-1,-1,-1,-1,-1,-1
2016548966116,2,4,0,18,0,0,1,0,0,0,4,1,6,1,68,10,649,1,1,2,1,2
2016548975816,1,9,0,18,0,0,0,0,0,0,1,1,6,2,19,4,1149,1,14,5,1,5
2016548975816,2,1,0,18,0,0,0,0,0,0,2,1,6,2,46,8,-1,-1,-1,9,1,9
2016548977416,1,10,0,1,0,1,0,0,0,0,2,1,6,1,-1,-1,-1,-1,-1,-1,-1,-1
2016548977716,1,9,0,18,0,0,0,0,7,1,1,1,6,1,42,7,1560,2,11,8,2,8
2016548982116,1,19,0,18,0,8,0,0,0,0,3,1,1,1,66,10,1248,2,4,7,1,7
2016548982116,2,3,0,18,0,8,0,0,0,0,1,1,6,1,21,5,124,1,1,7,3,7
2016548986916,1,9,0,18,0,0,0,0,0,0,1,1,6,1,23,5,998,1,3,-1,1,-1
2016548986916,2,9,0,3,0,0,0,0,0,0,2,1,6,2,19,4,1229,1,8,10,2,10
2016548987816,1,5,0,18,0,8,0,0,0,0,1,1,6,1,60,9,1340,1,25,7,1,7
2016548987816,2,9,0,5,0,6,0,0,0,0,3,1,6,1,84,11,2685,2,13,9,2,9
2016548992516,1,9,0,18,0,0,0,0,0,0,1,1,6,2,51,8,1598,1,5,8,1,8
2016548992516,2,9,0,18,0,0,0,0,0,0,1,1,6,1,26,6,1597,2,1,8,1,8
2016548993516,1,9,0,14,0,0,0,0,0,0,1,1,6,2,22,5,1199,1,13,8,1,8
2016548998616,1,19,0,18,0,0,0,0,0,0,4,1,2,2,60,9,2148,2,10,7,3,7
2016549037016,1,9,0,6,0,0,0,0,0,0,3,1,6,2,49,8,1397,1,6,8,1,8
2016549037016,2,5,0,13,0,0,0,0,0,0,1,1,6,1,57,9,745,1,-1,4,1,4
2016549046216,1,19,4,18,0,0,1,0,0,0,1,1,1,1,60,9,2143,2,6,6,3,6
2016549046216,2,9,0,3,0,0,0,0,0,0,2,1,6,2,47,8,1973,1,17,5,3,5
2016549046216,3,19,0,3,0,0,0,0,0,0,2,1,6,1,63,9,2463,2,11,8,1,8
2016549052916,1,5,0,17,0,8,1,0,1,0,1,1,6,1,27,6,806,1,2,9,3,9
2016549061616,1,1,0,9,0,6,0,0,0,0,3,1,6,1,14,3,-1,-1,-1,8,2,8
2016549061616,2,9,0,9,0,6,0,0,0,0,1,1,6,1,20,4,1197,1,1,8,2,8
2016549072316,1,9,0,18,0,0,0,0,1,3,1,1,6,1,23,5,1199,1,13,3,1,3
2016549088016,1,19,0,18,0,0,0,0,1,9,3,1,1,1,56,9,2998,2,1,10,1,10
2016549088016,2,21,0,18,0,0,0,0,0,0,3,1,1,1,57,9,7790,2,5,4,1,4
2016549089216,1,9,0,18,0,0,0,0,0,0,1,1,2,1,22,5,1595,1,7,6,3,6
2016549089216,2,9,0,4,0,0,0,0,0,0,2,1,2,1,21,5,1598,2,4,6,1,6
2016549096116,1,9,0,9,0,5,0,0,0,0,4,1,6,1,81,11,1398,2,12,7,1,7
2016549096116,2,1,0,18,0,8,0,0,0,0,1,1,6,1,23,5,-1,-1,-1,8,1,8
2016549101416,1,9,0,18,0,0,0,0,0,0,3,1,6,2,70,10,1496,1,1,9,3,9
2016549102416,1,9,0,18,0,0,0,0,0,0,1,1,6,2,23,5,1598,2,5,8,3,8
2016549111216,1,19,0,18,0,0,0,0,0,0,4,1,6,3,-1,-1,-1,-1,-1,-1,-1,-1
2016549113116,1,9,0,10,0,1,0,0,0,0,2,1,6,2,54,8,1798,1,8,9,3,9
2016549113116,2,9,0,4,0,1,0,0,0,0,2,1,6,1,23,5,1242,1,10,2,1,2
2016549113116,3,9,0,18,0,1,0,0,0,0,1,1,6,1,34,6,1597,2,-1,4,1,4
2016549114416,1,9,0,18,0,0,2,0,7,0,4,1,3,1,17,4,1242,1,16,5,3,5
2016549114416,2,19,0,18,0,0,2,0,1,0,1,1,1,1,46,8,2143,2,2,8,1,8
2016549116816,1,9,0,13,0,1,0,0,0,0,4,1,6,1,64,9,1586,1,4,10,1,10
2016549116816,2,1,0,18,0,1,0,0,0,0,3,1,6,1,14,3,-1,-1,-1,9,2,9
2016549128316,1,5,0,4,0,1,0,0,0,0,2,1,1,1,55,8,800,1,4,8,3,8
2016549128316,2,19,0,4,0,1,0,0,0,0,1,1,1,1,28,6,2198,2,1,7,3,7
2016549129916,1,9,0,4,0,0,0,0,0,0,2,1,1,1,42,7,1240,1,10,8,1,8
2016549129916,2,9,0,18,0,0,0,0,0,0,1,1,1,2,45,7,1299,1,15,8,1,8
2016549135516,1,9,0,12,0,0,0,0,0,0,3,1,6,3,-1,-1,-1,-1,-1,-1,-1,-1
2016549135516,2,9,0,18,0,0,0,0,5,6,4,1,6,2,48,8,1395,1,-1,8,1,8
2016549135516,3,9,0,18,0,0,1,0,0,0,1,1,6,1,27,6,4163,1,7,9,3,9
2016549135516,4,9,0,18,0,0,0,0,0,0,2,1,6,1,55,8,2967,2,-1,-1,1,-1
2016549153316,1,9,0,18,0,0,0,0,0,0,4,1,6,2,33,6,1968,2,2,7,1,7
2016549155416,1,9,0,18,0,2,0,0,0,0,0,1,6,2,29,6,1968,2,11,7,2,7
2016549155416,2,1,0,18,0,1,0,0,0,0,3,1,6,1,8,2,-1,-1,-1,7,2,7
2016549169116,1,9,0,9,0,1,0,0,0,0,4,1,2,1,53,8,1597,2,-1,6,1,6
2016549169116,2,1,0,9,0,6,0,0,0,0,1,1,2,1,16,4,-1,-1,-1,3,1,3
2016549170216,1,9,0,18,0,0,1,0,1,11,3,1,2,1,24,5,1895,1,18,7,3,7
2016549190116,1,9,0,5,0,1,0,0,0,0,1,1,6,1,27,6,998,1,1,5,1,5
2016549190116,2,9,0,5,0,1,0,0,0,0,2,1,6,1,27,6,2198,1,13,1,1,1
2016549196216,1,9,0,7,0,6,0,0,0,0,1,1,6,2,79,11,998,1,2,7,1,7
2016549196216,2,1,0,9,0,8,0,0,0,0,4,1,2,1,46,8,-1,-1,-1,8,1,8
2016549201516,1,9,0,17,0,0,2,10,1,0,4,1,2,2,23,5,1124,1,14,6,3,6
2016549206416,1,9,0,9,0,4,0,0,0,0,1,1,6,2,27,6,2143,2,7,7,1,7
2016549206416,2,9,0,18,0,8,0,0,0,0,1,1,6,2,47,8,1796,1,16,6,1,6
2016549207416,1,9,0,18,0,0,2,0,4,0,3,1,6,2,28,6,1248,1,5,9,1,9
2016549215316,1,9,0,18,0,8,1,0,1,0,1,1,6,1,-1,-1,1998,2,11,-1,-1,-1
2016549215316,2,19,0,3,0,1,0,0,0,0,3,1,1,1,54,8,1598,2,2,7,3,7
2016549215316,3,9,0,18,0,1,0,0,0,0,0,1,1,1,40,7,2143,2,1,-1,-1,-1
2016549218916,1,9,0,9,0,6,0,0,0,0,3,1,6,1,51,8,1590,1,11,7,1,7
2016549218916,2,9,0,18,0,8,0,0,0,0,4,1,6,2,43,7,1328,1,10,5,1,5
2016549225116,1,9,0,18,0,0,2,0,0,0,1,1,2,1,19,4,1198,1,12,8,3,8
2016549225116,2,20,0,18,0,0,0,0,0,0,3,1,1,1,47,8,5132,2,2,5,1,5
2016549225116,3,19,0,18,0,0,0,0,0,0,3,1,1,1,55,8,1560,2,8,9,2,9
2016549230716,1,1,0,18,0,1,0,0,0,0,2,1,6,2,17,4,-1,-1,-1,7,1,7
2016549230716,2,9,0,18,0,1,0,0,0,0,4,1,6,3,-1,-1,-1,-1,-1,-1,-1,-1
2016549241116,1,3,0,13,0,0,0,0,1,9,1,1,1,1,28,6,125,1,2,8,1,8
2016549241116,2,9,0,16,0,0,0,0,0,0,0,1,1,2,26,6,1388,1,13,8,2,8
2016549247316,1,9,0,3,0,2,0,0,0,0,2,1,6,1,26,6,1995,1,9,2,1,2
2016549247316,2,9,0,4,0,2,0,0,0,0,1,1,6,1,60,9,1388,1,14,2,1,2
2016549266116,1,9,0,9,0,6,0,0,0,0,1,1,6,2,64,9,1560,2,10,2,1,2
2016549266116,2,5,0,18,0,8,0,0,0,0,1,1,2,1,34,6,650,1,54,5,1,5
2016549267416,1,9,0,17,0,2,0,10,0,0,1,1,2,1,19,4,1197,1,-1,9,3,9
2016549267416,2,9,0,16,0,1,0,0,0,0,1,1,6,1,66,10,998,1,-1,6,3,6
2016549278916,1,19,0,18,0,8,1,0,0,0,1,1,1,1,28,6,2143,2,3,6,1,6
2016549278916,2,9,0,18,0,8,0,0,0,0,1,1,2,2,22,5,1248,1,1,8,2,8
2016549298916,1,9,0,18,0,0,5,0,1,9,4,1,6,1,19,4,2495,2,12,9,3,9
2016549311216,1,5,0,17,0,0,1,0,1,1,1,1,6,1,30,6,998,1,10,1,1,1
2016549318616,1,9,0,16,0,3,1,0,1,2,1,1,6,2,25,5,1998,2,10,2,1,2
2016549330316,1,9,0,18,0,4,0,0,0,0,3,1,6,2,46,8,998,1,2,10,1,10
2016549330316,2,4,0,9,0,8,0,0,0,0,4,1,6,2,62,9,-1,-1,-1,5,1,5
2016549331616,1,9,0,18,0,0,5,0,1,9,1,1,6,1,40,7,2967,2,3,9,1,9
2016549337416,1,9,0,18,0,6,0,0,7,10,1,1,6,2,86,11,1998,1,14,8,2,8
2016549337416,2,9,0,18,0,8,0,0,0,0,1,1,6,2,55,8,1997,2,12,6,1,6
2016549338816,1,9,0,18,0,1,5,0,8,2,1,1,6,1,44,7,1560,2,10,1,1,1
2016549343616,1,9,0,5,0,6,0,0,0,0,3,1,2,1,58,9,1598,2,5,9,2,9
2016549343616,2,9,0,18,0,8,0,0,0,0,1,1,6,2,40,7,1796,1,14,4,1,4
2016549356716,1,9,0,3,0,0,0,0,0,0,2,1,6,2,44,7,1242,1,7,8,1,8
2016549356716,2,9,0,18,0,0,0,0,0,0,1,1,6,2,56,9,1582,2,7,10,1,10
2016549367216,1,9,0,7,0,3,0,0,0,0,4,1,6,2,44,7,2268,2,2,6,3,6
2016549367216,2,1,0,7,0,3,0,0,0,0,2,1,6,1,55,8,-1,-1,-1,-1,-1,-1
2016549370116,1,9,0,18,0,0,0,4,0,0,1,1,6,1,68,10,1956,2,2,7,2,7
2016549370116,2,9,0,2,0,0,0,0,1,0,2,1,6,1,48,8,1275,1,16,7,2,7
2016549370116,3,9,0,2,0,0,0,0,0,0,1,1,6,1,19,4,1248,2,8,7,2,7
2016549370116,4,9,0,2,0,0,0,0,0,0,2,1,6,2,47,8,1753,2,8,8,2,8
2016549380716,1,19,0,1,0,0,0,0,0,0,2,1,1,1,-1,-1,-1,-1,-1,-1,-1,-1
2016549381416,1,9,0,9,0,8,0,0,1,0,3,1,6,2,49,8,1560,2,5,7,2,7
2016549381416,2,9,0,18,0,8,0,0,0,0,1,1,6,1,23,5,1560,2,11,7,1,7
2016549387316,1,20,0,9,0,6,0,0,0,0,3,1,1,1,24,5,-1,-1,-1,8,1,8
2016549387316,2,20,0,9,0,5,0,0,7,0,4,1,1,1,29,6,2198,2,-1,6,3,6
2016549387716,1,9,0,4,0,0,0,0,0,0,1,1,6,1,19,4,1197,1,-1,4,1,4
2016549387716,2,9,0,3,0,0,0,0,0,0,2,1,6,1,79,11,1598,1,11,6,3,6
2016549395116,1,9,0,9,0,6,0,0,0,0,1,1,6,1,27,6,1896,2,14,10,1,10
2016549395116,2,5,0,13,0,8,0,0,0,0,1,1,6,1,29,6,1000,1,8,10,1,10
2016549395216,1,9,0,18,0,1,0,0,1,10,1,1,2,2,47,8,1587,1,10,10,1,10
2016549395516,1,9,0,13,0,0,0,0,0,0,3,1,2,1,35,6,2494,1,15,9,2,9
2016549395516,2,19,0,17,0,0,0,10,1,0,3,1,1,1,57,9,2198,2,7,6,2,6
2016549395516,3,21,1,16,0,0,0,0,0,0,3,1,1,1,41,7,12902,2,3,2,1,2
2016549395716,1,9,4,5,0,4,0,0,0,0,3,1,1,1,52,8,1998,2,8,8,3,8
2016549395716,2,3,0,9,0,8,0,0,0,0,1,1,2,1,18,4,125,1,-1,2,1,2
2016549398516,1,9,0,4,0,1,0,0,0,0,1,1,6,1,21,5,1461,2,15,3,1,3
2016549398516,2,3,0,3,0,1,0,0,0,0,2,1,6,1,29,6,124,1,9,6,2,6
2016549410516,1,3,0,4,0,0,1,0,0,0,3,1,6,2,31,6,124,1,1,3,1,3
2016549412316,1,19,0,18,0,1,1,0,0,0,1,1,1,1,29,6,2198,2,8,9,1,9
2016549412316,2,9,0,3,0,1,0,0,0,0,2,1,6,2,47,8,1956,2,6,9,3,9
2016549412316,3,9,0,3,0,1,0,0,0,0,2,1,6,1,70,10,1995,2,-1,5,3,5
2016549412316,4,9,0,10,0,1,0,0,0,0,2,1,6,1,70,10,-1,-1,-1,9,2,9
2016549414816,1,19,0,18,0,1,0,0,0,0,4,1,6,1,49,8,1870,2,11,4,1,4
2016549425316,1,9,0,18,9,0,0,0,1,0,4,1,6,3,-1,-1,-1,-1,-1,-1,-1,-1
2016549425816,1,9,0,18,0,8,0,0,0,0,3,1,1,2,34,6,1198,1,12,6,2,6
2016549425816,2,9,0,9,0,5,0,0,0,0,1,1,6,1,83,11,1198,1,3,10,3,10
2016549427316,1,9,0,18,0,2,0,4,1,11,1,1,6,2,58,9,1596,1,11,7,1,7
2016549427316,2,9,0,2,0,2,0,0,0,0,2,1,6,1,77,11,1398,2,13,6,1,6
2016549427316,3,9,0,2,0,2,0,0,0,0,4,1,6,1,53,8,1332,1,7,6,1,6
2016549450216,1,19,0,10,0,1,0,0,0,0,2,1,6,1,56,9,1997,2,16,7,2,7
2016549450216,2,9,0,18,0,1,1,0,0,0,1,1,6,1,23,5,1896,2,11,9,3,9
2016549450616,1,9,0,9,0,5,0,0,0,0,4,1,6,1,40,7,1956,2,2,8,3,8
2016549450616,2,9,0,18,0,8,0,0,0,0,1,1,6,2,53,8,1242,1,1,10,1,10
2016549450616,3,8,0,3,0,1,0,0,0,0,1,1,6,1,28,6,1560,2,4,6,1,6
2016549451416,1,19,0,13,0,0,0,0,0,0,4,1,2,1,67,10,2298,2,4,6,2,6
2016549451416,2,1,0,18,0,0,0,0,0,0,3,1,2,1,58,9,-1,-1,-1,6,2,6
2016549471816,1,9,0,3,0,1,0,0,0,0,2,1,6,1,65,9,1328,1,12,7,3,7
2016549471816,2,21,1,5,0,1,0,0,0,0,1,1,1,1,53,8,12419,2,-1,2,2,2
2016549476416,1,21,0,1,9,0,0,0,1,0,4,1,1,1,63,9,6692,2,4,6,3,6
2016549484216,1,9,0,16,0,0,0,0,0,0,1,1,2,2,20,4,999,1,3,9,3,9
2016549484216,2,9,0,17,0,0,0,0,0,0,1,1,6,1,75,10,1198,1,-1,4,1,4
2016549487016,1,9,0,14,0,8,0,0,0,0,1,1,6,2,23,5,1496,2,2,8,1,8
2016549487016,2,3,0,18,0,8,0,0,0,0,1,1,6,1,17,4,124,1,3,3,1,3
2016549488316,1,9,0,9,0,0,0,0,0,0,3,1,1,1,43,7,1493,2,10,10,1,10
2016549488316,2,3,0,18,0,0,0,0,0,0,4,1,6,1,18,4,125,1,1,10,1,10