Accident_Index,Vehicle_Reference,Vehicle_Type,Towing_and_Articulation,Vehicle_Manoeuvre,Vehicle_Location-Restricted_Lane,Junction_Location,Skidding_and_Overturning,Hit_Object_in_Carriageway,Vehicle_Leaving_Carriageway,Hit_Object_off_Carriageway,1st_Point_of_Impact,Was_Vehicle_Left_Hand_Drive?,Journey_Purpose_of_Driver,Sex_of_Driver,Age_of_Driver,Age_Band_of_Driver,Engine_Capacity_(CC),Propulsion_Code,Age_of_Vehicle,Driver_IMD_Decile,Driver_Home_Area_Type,Vehicle_IMD_Decile
2016549489116,1,21,1,12,0,0,0,0,0,0,3,2,1,1,46,8,-1,-1,-1,-1,-1,-1
2016549489116,2,9,0,18,0,0,1,0,1,7,4,1,6,2,50,8,1560,2,4,7,1,7
2016549494216,1,9,0,18,0,8,2,4,0,0,1,1,6,1,81,11,1197,1,-1,6,1,6
2016549494216,2,9,0,2,0,8,0,0,0,0,2,1,6,2,45,7,1587,1,8,5,1,5
2016549497316,1,19,0,18,0,8,0,0,0,0,4,1,6,1,29,6,1995,2,9,3,1,3
2016549497316,2,9,0,5,0,4,0,0,0,0,3,1,6,1,-1,-1,-1,-1,-1,8,3,8
2016549509516,1,9,0,18,0,8,0,0,0,0,0,1,6,3,-1,-1,-1,-1,-1,-1,-1,-1
2016549509516,2,3,0,18,0,4,0,0,0,0,3,1,6,1,28,6,102,1,9,4,1,4
2016549561316,1,9,0,17,0,0,5,0,7,0,3,1,2,1,18,4,1124,1,14,6,1,6
2016549561516,1,9,0,4,0,1,0,0,0,0,2,1,6,1,36,7,1900,2,11,6,3,6
2016549561516,2,9,0,4,0,1,0,0,0,0,2,1,2,1,46,8,2499,2,15,2,1,2
2016549561516,3,9,0,5,0,1,0,0,0,0,1,1,6,1,20,4,1200,1,1,9,3,9
2016549562416,1,1,0,18,0,8,0,0,0,0,4,1,6,2,42,7,-1,-1,-1,6,1,6
2016549562416,2,19,0,7,0,6,0,0,0,0,1,1,6,1,-1,-1,-1,-1,-1,-1,-1,-1
2016549562516,1,9,0,18,0,0,0,0,0,0,1,1,6,3,-1,-1,-1,-1,-1,-1,-1,-1
2016549562516,2,9,0,4,0,0,0,0,0,0,2,1,6,1,47,8,1956,2,6,1,1,1
2016549566716,1,9,4,18,0,0,0,0,1,0,1,1,6,1,52,8,1993,1,32,9,1,9
2016549566716,2,9,0,18,0,0,0,0,0,0,1,1,6,2,77,11,1198,1,14,7,2,7
2016549571116,1,9,0,18,0,1,0,0,0,0,1,1,2,1,22,5,1598,1,12,4,1,4
2016549571116,2,3,0,3,0,1,0,0,0,0,2,1,2,1,32,6,124,1,14,7,1,7
2016549575216,1,9,0,17,0,0,0,10,7,0,1,1,2,2,36,7,1599,1,11,4,1,4
2016549575216,2,9,0,16,0,0,0,0,0,0,1,1,2,1,46,8,2143,2,-1,2,1,2
2016549575216,3,9,0,16,0,0,0,0,0,0,1,1,2,1,43,7,1968,2,4,6,3,6
2016549578716,1,9,0,18,0,6,0,0,0,0,4,1,6,2,50,8,1900,2,10,8,1,8
2016549578716,2,9,0,18,0,8,0,0,0,0,1,1,6,2,42,7,1422,2,7,4,1,4
2016549584916,1,9,0,4,0,1,0,0,0,0,1,1,6,2,33,6,1968,2,5,7,3,7
2016549584916,2,9,0,3,0,1,0,0,0,0,2,1,6,1,81,11,1364,1,5,8,3,8
2016549584916,3,9,0,3,0,1,0,0,0,0,2,1,6,1,56,9,1598,1,6,8,1,8
2016549596116,1,1,0,18,0,0,0,0,0,0,4,1,6,2,13,3,-1,-1,-1,7,1,7
2016549596116,2,9,0,18,0,0,0,0,0,0,1,1,6,1,52,8,1769,1,14,4,1,4
2016549604616,1,9,0,18,0,0,0,0,0,0,1,1,6,1,72,10,1329,1,3,8,1,8
2016549604616,2,9,0,18,0,0,0,7,0,0,1,1,2,1,30,6,1598,1,11,5,1,5
2016549625416,1,9,0,18,0,0,2,0,1,0,1,1,6,2,33,6,1197,1,-1,8,1,8
2016549625416,2,9,0,4,0,0,0,0,0,0,2,1,6,1,18,4,1368,1,5,8,3,8
2016549626016,1,9,0,3,0,1,0,0,0,0,2,1,6,2,50,8,1896,2,15,2,1,2
2016549626016,2,9,0,4,0,1,0,0,0,0,1,1,6,1,27,6,1596,1,14,8,1,8
2016549633316,1,9,0,16,0,2,0,0,8,10,1,1,6,1,36,7,1149,1,10,7,1,7
2016549635816,1,9,0,9,0,5,0,0,0,0,1,1,2,1,50,8,-1,-1,-1,8,3,8
2016549635816,2,5,0,18,0,8,0,0,1,0,3,1,2,1,58,9,748,1,28,3,1,3
2016549636916,1,9,0,17,0,0,1,0,0,0,1,1,1,1,24,5,2495,2,22,5,1,5
2016549636916,2,9,0,16,0,0,0,0,0,0,1,1,2,2,61,9,1560,2,3,9,2,9
2016549637016,1,9,0,8,0,1,0,0,0,0,2,1,6,2,53,8,1390,1,6,7,3,7
2016549637016,2,9,0,16,0,1,0,0,0,0,1,1,6,1,31,6,-1,-1,-1,8,1,8
2016549651116,1,19,0,11,0,2,0,0,0,0,4,1,1,1,-1,-1,-1,-1,-1,-1,-1,-1
2016549651116,2,1,0,18,0,2,0,0,1,0,3,1,6,1,40,7,-1,-1,-1,7,1,7
2016549651716,1,9,0,5,0,6,0,0,0,0,3,1,6,2,67,10,2993,2,3,6,3,6
2016549651716,2,9,0,18,0,8,5,0,0,0,4,1,6,1,52,8,1560,2,9,6,3,6
2016549653116,1,9,0,18,0,0,0,0,2,7,1,1,6,2,78,11,1329,1,4,10,1,10
2016549657316,1,9,0,5,0,1,0,0,0,0,4,1,6,2,28,6,1968,2,4,8,2,8
2016549657316,2,9,0,3,0,1,0,0,0,0,3,1,2,1,36,7,1390,1,13,6,1,6
2016549662716,1,9,0,4,0,1,0,0,0,0,2,1,6,1,50,8,1242,1,5,5,1,5
2016549662716,2,9,0,18,0,1,0,0,0,0,1,1,6,1,17,4,1299,1,11,4,1,4
2016549664916,1,9,0,18,0,0,0,0,4,6,1,1,6,1,24,5,1596,1,10,8,3,8
2016549664916,2,21,1,18,0,0,0,0,0,0,2,1,1,1,32,6,12780,2,-1,3,1,3
2016549668016,1,5,0,18,0,8,1,0,0,0,1,1,6,1,40,7,955,1,13,8,1,8
2016549668016,2,9,0,7,0,6,0,0,0,0,2,1,6,1,32,6,1497,8,8,8,3,8
2016549678116,1,9,0,18,0,0,0,0,0,0,1,1,6,1,55,8,1798,1,15,6,3,6
2016549678116,2,19,0,4,0,0,0,0,0,0,2,1,6,1,26,6,1399,2,7,10,1,10
2016549678116,3,9,0,4,0,0,0,0,0,0,2,1,6,1,23,5,1598,2,1,6,1,6
2016549678116,4,9,0,4,0,0,0,0,0,0,2,1,6,1,56,9,1200,1,1,10,1,10
2016549681616,1,3,0,14,0,8,0,0,0,0,1,1,6,1,24,5,125,1,2,1,1,1
2016549681616,2,9,0,9,0,6,0,0,0,0,3,1,6,1,69,10,1596,1,11,6,1,6
2016549695716,1,9,0,18,0,0,0,0,0,0,1,1,2,1,57,9,2149,2,9,9,1,9
2016549697016,1,9,0,5,0,6,0,0,0,0,1,1,6,3,-1,-1,-1,-1,-1,-1,-1,-1
2016549703016,1,9,0,9,0,0,0,0,0,0,3,1,6,2,39,7,1951,2,14,7,2,7
2016549703016,2,5,0,14,0,0,0,0,0,0,4,1,6,1,30,6,996,1,18,8,1,8
2016549711016,1,9,0,18,0,1,0,0,7,0,1,1,6,2,42,7,1299,1,9,8,1,8
2016549711016,2,9,0,10,0,8,0,0,0,0,2,1,6,1,35,6,1997,2,13,6,3,6
2016549720316,1,9,0,16,0,2,1,0,7,4,1,1,6,1,40,7,1948,1,18,8,1,8
2016549743216,1,9,0,18,0,6,0,0,0,0,1,1,6,1,56,9,1968,2,2,9,1,9
2016549743216,2,9,0,17,0,8,0,0,0,0,1,1,6,1,52,8,1461,2,-1,7,3,7
2016549744016,1,9,0,18,0,2,0,0,1,2,3,1,6,1,24,5,1999,1,9,2,1,2
2016549744016,2,9,0,11,0,2,0,0,1,4,4,1,6,1,35,6,1560,2,1,7,1,7
2016549744116,1,19,0,18,0,0,0,0,0,0,1,1,6,1,41,7,2463,2,11,6,1,6
2016549744116,2,9,0,4,0,0,0,0,0,0,2,2,6,1,52,8,-1,-1,-1,-1,-1,-1
2016549761516,1,9,0,5,0,1,0,0,0,0,1,1,6,1,51,8,1769,1,14,9,1,9
2016549761516,2,9,0,3,0,1,0,0,0,0,2,1,6,2,40,7,1329,1,6,10,2,10
2016549762616,1,9,0,18,0,0,2,0,1,11,4,1,6,1,36,7,3700,1,14,5,1,5
2016549767016,1,9,0,18,0,8,0,0,0,0,1,1,6,1,61,9,1956,2,1,8,1,8
2016549767016,2,9,0,10,0,8,0,0,0,0,1,1,6,1,61,9,1560,2,3,10,2,10
2016549767016,3,9,0,15,2,1,0,0,0,0,1,1,6,1,72,10,1339,1,1,8,1,8
2016549775916,1,9,0,9,0,5,0,0,0,0,4,1,6,2,30,6,1596,1,15,2,1,2
2016549775916,2,3,0,18,0,8,0,0,0,0,1,1,6,1,26,6,124,1,21,5,1,5
2016549779716,1,5,0,13,0,0,1,0,0,0,1,1,6,1,33,6,636,1,12,9,3,9
2016549779716,2,9,0,18,0,0,0,0,0,0,1,1,6,2,75,10,1998,1,1,7,3,7
2016549784816,1,20,0,9,0,6,0,0,0,0,1,1,1,1,38,7,-1,-1,-1,7,1,7
2016549808716,1,9,0,18,0,1,5,0,0,0,1,1,6,1,54,8,3436,1,1,6,3,6
2016549808716,2,19,0,9,0,5,0,0,7,3,4,1,1,1,38,7,2198,2,-1,6,2,6
2016549808716,3,9,0,3,0,1,0,0,0,0,1,1,6,2,42,7,1598,2,3,6,3,6
2016549809016,1,9,0,3,0,0,0,0,0,0,2,1,2,2,44,7,1796,1,16,5,1,5
2016549809016,2,9,0,3,0,0,0,0,0,0,2,1,2,2,20,4,1198,1,9,6,1,6
2016549809016,3,9,0,18,0,0,0,0,0,0,1,1,2,2,25,5,1686,2,14,9,1,9
2016549813316,1,9,0,12,0,0,0,0,0,0,3,1,2,1,22,5,1388,1,12,7,1,7
2016549813316,2,9,0,18,0,0,0,0,0,0,1,1,2,1,28,6,1595,1,15,4,1,4
2016549813316,3,9,0,18,0,0,0,0,6,6,3,1,2,1,28,6,1242,1,12,8,1,8
2016549813316,4,9,0,18,0,0,0,0,0,0,1,1,2,2,27,6,1596,1,8,8,1,8
2016549813316,5,9,0,18,0,0,0,0,6,6,1,1,6,1,59,9,3246,1,14,2,1,2
2016549813316,6,9,0,18,0,0,0,0,0,0,4,1,6,1,40,7,1560,2,3,7,1,7
2016549813316,7,9,0,18,0,0,0,0,0,0,4,1,6,1,38,7,1242,1,1,10,1,10
2016549824716,1,9,0,18,0,0,0,0,0,0,1,1,6,1,78,11,1991,2,11,8,1,8
2016549824716,2,21,0,2,0,0,0,0,0,0,2,1,1,1,32,6,5861,2,17,9,1,9
2016549829516,1,9,0,5,0,4,0,0,0,0,1,1,6,2,49,8,1390,1,12,2,1,2
2016549829516,2,1,0,18,0,8,0,0,0,0,4,1,6,1,73,10,-1,-1,-1,6,1,6
2016549835216,1,9,4,18,0,8,0,0,0,0,3,1,6,1,63,9,3628,2,10,10,3,10
2016549835216,2,3,0,7,0,6,1,0,0,0,1,1,6,1,18,4,125,1,-1,9,2,9
2016549841416,1,9,0,18,0,8,0,0,0,0,1,1,6,1,58,9,1968,2,5,4,2,4
2016549841416,2,9,0,9,0,5,0,0,7,9,4,1,6,1,-1,-1,1995,2,8,-1,-1,-1
2016549854616,1,9,0,6,0,0,0,0,0,0,4,1,1,1,57,9,1685,2,-1,9,1,9
2016549854616,2,19,0,18,0,0,0,0,1,11,1,1,1,1,49,8,2402,2,5,7,1,7
2016549879516,1,9,0,18,0,1,0,0,0,0,1,1,6,3,-1,-1,-1,-1,-1,-1,-1,-1
2016549880816,1,9,0,18,0,1,0,0,0,0,1,1,6,1,52,8,1386,1,9,7,1,7
2016549880816,2,9,0,4,0,1,0,0,0,0,2,1,6,1,46,8,2495,2,18,7,3,7
2016549884816,1,9,0,18,0,4,0,0,0,0,1,1,6,2,38,7,1968,2,8,-1,-1,-1
2016549885116,1,9,0,9,0,6,0,0,0,0,3,1,6,2,50,8,1390,1,15,9,3,9
2016549885116,2,3,0,18,0,8,1,0,0,0,1,1,6,2,47,8,675,1,7,9,3,9
2016549897216,1,19,0,16,0,0,1,0,7,0,1,1,1,1,28,6,2198,2,3,4,1,4
2016549897216,2,19,0,3,0,0,0,0,0,0,1,1,1,1,32,6,2198,2,1,7,3,7
2016549917716,1,9,0,4,0,0,0,0,0,0,0,1,6,3,-1,-1,-1,-1,-1,-1,-1,-1
2016549917716,2,9,0,4,0,0,0,0,0,0,2,1,6,1,64,9,1499,1,-1,8,3,8
2016549917716,3,9,0,18,0,0,0,0,0,0,1,1,6,1,21,5,1242,1,7,5,1,5
2016549917716,4,9,0,18,0,0,0,0,0,0,1,1,6,1,66,10,2967,2,4,7,3,7
2016549917716,5,9,0,18,0,0,0,0,0,0,1,1,6,1,39,7,2179,2,4,10,1,10
2016549917716,6,9,0,18,0,0,0,0,0,0,1,1,6,2,41,7,1668,1,11,5,3,5
2016549925216,1,9,0,7,0,5,2,10,1,0,1,1,6,1,28,6,1396,1,13,2,1,2
2016549927816,1,9,0,17,0,8,0,0,1,4,4,1,6,1,23,5,1199,1,12,3,1,3
2016549933116,1,9,0,4,0,0,0,0,0,0,2,1,6,1,45,7,1968,2,2,8,3,8
2016549933116,2,9,0,18,0,0,0,0,0,0,1,1,6,1,56,9,1597,1,18,10,1,10
2016549933116,3,9,0,18,0,0,0,0,0,0,1,1,6,2,68,10,1598,2,1,9,2,9
2016549933116,4,9,0,18,0,0,0,0,0,0,1,1,6,1,77,11,1598,1,7,6,3,6
2016549934416,1,9,0,9,0,5,0,0,0,0,3,1,6,2,76,11,1598,2,3,6,1,6
2016549934416,2,2,0,13,0,8,0,0,0,0,1,1,6,1,17,4,50,1,3,5,1,5
2016549934416,3,9,0,2,0,1,0,0,0,0,4,1,6,2,27,6,1395,1,-1,9,1,9
2016549938216,1,9,0,16,0,0,1,0,7,11,1,1,6,2,18,4,1198,1,14,5,2,5
2016549940716,1,9,0,9,0,6,0,0,0,0,3,1,6,1,26,6,5204,1,-1,10,1,10
2016549940716,2,9,0,18,0,8,0,0,0,0,1,1,6,2,62,9,1200,1,-1,8,1,8
2016549943716,1,9,0,18,0,8,1,0,1,11,1,1,6,1,39,7,3123,1,11,2,1,2
2016549943716,2,9,0,9,0,5,1,0,0,0,1,1,6,2,24,5,1598,1,11,5,1,5
2016549960916,1,9,0,3,0,1,0,0,0,0,2,1,6,1,33,6,-1,-1,-1,6,1,6
2016549960916,2,9,0,4,0,1,0,0,0,0,1,1,6,1,57,9,1461,2,6,8,1,8
2016549967316,1,2,0,18,0,0,0,0,0,0,3,1,6,1,16,4,49,1,7,2,1,2
2016549967316,2,9,0,18,0,0,0,0,0,0,1,1,6,1,-1,-1,1124,1,15,-1,-1,-1
2016549974116,1,9,0,13,0,8,0,0,0,0,4,1,6,2,30,6,1363,2,13,6,2,6
2016549974116,2,1,0,9,0,5,0,0,0,0,3,1,6,1,20,4,-1,-1,-1,6,3,6
2016549999316,1,9,0,18,0,8,1,0,0,0,1,1,6,1,-1,-1,1587,1,14,-1,-1,-1
2016549999316,2,9,0,1,0,6,0,0,0,0,1,1,6,1,36,7,1498,1,11,4,1,4
201654A001516,1,9,0,18,0,2,0,0,0,0,1,1,2,1,25,5,1229,1,5,3,1,3
201654A015316,1,9,0,3,0,1,0,0,0,0,2,1,6,2,45,7,1968,2,3,8,1,8
201654A015316,2,9,0,18,0,1,0,0,0,0,1,1,2,1,58,9,1150,1,11,5,1,5
201654A015316,3,9,0,10,0,1,0,0,0,0,0,1,6,1,36,7,1968,2,1,8,1,8
201654A028216,1,9,0,11,0,0,0,0,0,0,4,1,6,1,23,5,1242,1,9,-1,1,-1
201654A028216,2,9,0,18,0,0,0,0,0,0,3,1,6,1,18,4,1229,1,5,8,2,8
201654A028216,3,9,0,18,0,0,0,0,0,0,3,1,6,2,65,9,1995,2,6,8,3,8
201654A034316,1,9,0,18,0,0,0,0,0,0,1,1,1,1,52,8,4367,2,4,6,3,6
201654A034316,2,9,0,4,0,0,0,0,1,4,2,1,1,1,53,8,999,1,-1,2,1,2
201654A035516,1,9,0,9,0,6,0,0,0,0,3,1,6,1,84,11,1753,2,9,9,1,9
201654A035516,2,1,0,18,0,8,0,0,0,0,1,1,2,1,39,7,-1,-1,-1,9,1,9
201654A036616,1,9,0,18,0,5,0,0,3,10,1,1,6,1,86,11,1984,1,15,6,3,6
201654A040016,1,9,0,18,0,0,0,0,0,0,1,1,6,2,40,7,1598,2,2,8,1,8
201654A077116,1,9,0,5,0,4,0,0,0,0,1,1,6,2,58,9,1399,2,4,7,1,7
201654A077116,2,21,1,18,0,3,0,0,0,0,4,1,1,1,36,7,6374,2,3,3,1,3
201654A088616,1,3,0,14,0,0,0,0,0,0,1,1,6,1,17,4,124,1,-1,7,3,7
201654A088616,2,9,0,18,0,0,0,0,0,0,1,1,6,2,49,8,1461,2,1,6,1,6
201654A088616,3,9,0,3,0,0,0,0,0,0,3,1,6,1,29,6,1499,2,-1,6,2,6
201654A117816,1,9,0,18,0,4,0,0,0,0,1,1,6,3,-1,-1,-1,-1,-1,-1,-1,-1
201654A117816,2,1,0,18,0,8,0,0,0,0,4,1,6,1,46,8,-1,-1,-1,4,3,4
201654A120916,1,9,0,7,0,5,0,0,0,0,1,1,2,2,39,7,1242,1,2,5,1,5
201654A120916,2,9,0,10,0,1,0,0,0,0,3,1,6,1,67,10,1248,1,-1,7,1,7
201654A123916,1,9,0,9,0,5,0,0,0,0,4,1,6,1,35,6,1390,1,16,8,1,8
201654A123916,2,3,0,18,0,8,0,0,0,0,1,1,2,1,28,6,124,1,15,5,2,5
201654A130816,1,9,0,5,0,6,0,0,0,0,1,1,6,1,23,5,1149,1,11,9,2,9
201654A130816,2,9,0,18,0,8,0,0,1,0,4,1,1,1,42,7,1587,1,15,9,1,9
201654A133816,1,19,0,16,0,0,1,0,7,0,3,1,1,1,50,8,2198,2,-1,7,1,7
201654A133816,2,9,0,17,0,0,0,0,1,0,3,1,2,1,26,6,1388,1,6,9,1,9
201654A155716,1,9,0,9,0,5,0,0,0,0,1,1,6,1,67,10,2985,2,9,6,3,6
201654A155716,2,9,0,18,0,8,0,0,1,0,1,1,6,1,50,8,2171,1,13,10,1,10
201654A155716,3,9,0,18,0,1,0,10,0,0,4,1,6,1,28,6,1685,2,3,8,2,8
201654A156916,1,9,0,18,0,0,0,0,1,11,1,1,6,2,31,6,1296,1,8,7,3,7
201654A156916,2,9,0,4,0,0,0,0,0,0,2,1,6,1,31,6,1995,1,7,8,1,8
201654A157216,1,9,0,9,0,5,0,0,0,0,4,1,6,1,42,7,-1,-1,-1,-1,-1,-1
201654A157216,2,9,0,18,0,8,0,0,0,0,1,1,1,2,53,8,1895,1,16,8,3,8
201654A157216,3,9,0,3,0,1,0,0,0,0,1,1,1,2,45,7,3226,2,14,6,3,6
201654A159516,1,9,0,18,0,0,0,0,0,0,1,1,6,1,18,4,1124,1,16,3,1,3
201654A167816,1,9,0,18,0,1,0,0,8,2,1,1,6,1,57,9,1991,2,9,4,1,4
201654A172316,1,2,0,4,0,2,1,0,0,0,4,1,6,1,23,5,49,1,15,9,1,9
201654A174816,1,9,0,9,0,6,0,0,0,0,3,1,6,1,25,5,1149,1,9,9,1,9
201654A174816,2,9,0,18,0,8,0,0,0,0,1,1,6,2,55,8,2148,2,11,8,1,8
201654A175616,1,9,0,18,0,8,0,0,0,0,1,1,1,1,19,4,1997,2,14,3,1,3
201654A175616,2,9,0,9,0,6,0,0,0,0,4,1,6,2,33,6,1388,1,13,1,1,1
201654A177716,1,9,0,3,0,2,0,0,0,0,2,1,6,2,33,6,1968,2,8,5,1,5
201654A177716,2,9,0,4,0,2,1,0,0,0,1,1,6,2,20,4,1596,1,15,7,3,7
201654A178416,1,9,0,13,0,0,0,0,0,0,1,1,6,1,72,10,698,1,12,9,3,9
201654A178416,2,19,0,5,0,0,0,0,0,0,3,1,6,1,56,9,2461,2,14,9,2,9
201654A178416,3,9,0,18,0,0,0,0,1,0,1,1,6,1,63,9,2402,2,9,6,3,6
201654A185016,1,9,0,7,0,3,0,0,0,0,4,1,6,2,26,6,1349,1,4,10,1,10
201654A185016,2,9,0,18,0,8,0,0,0,0,1,1,6,1,57,9,1968,2,3,7,1,7
201654A193516,1,9,0,18,0,2,2,0,2,3,1,1,6,1,30,6,1956,2,4,4,1,4
201654A203816,1,1,0,18,0,0,0,0,0,0,3,1,6,1,38,7,-1,-1,-1,4,1,4
201654A203816,2,9,0,13,0,0,0,0,0,0,4,1,6,3,-1,-1,-1,-1,-1,-1,-1,-1
201654A207416,1,9,0,17,0,0,0,0,1,9,1,1,6,1,81,11,1596,1,10,7,2,7
201654A224016,1,9,0,4,0,0,1,0,1,0,1,1,1,2,24,5,1598,1,12,6,3,6
201654A224016,2,9,0,4,0,0,1,0,0,0,1,1,1,1,36,7,1598,2,1,4,1,4
201654A226316,1,9,0,9,0,6,0,0,0,0,3,1,1,1,45,7,1997,2,5,7,1,7
201654A226316,2,9,0,18,0,8,0,0,0,0,1,1,2,1,22,5,1984,1,9,9,1,9
201654A246316,1,9,0,9,0,0,0,0,0,0,3,1,6,1,45,7,1389,1,19,7,1,7
201654A246316,2,3,0,14,0,0,0,0,0,0,1,1,6,1,21,5,125,1,-1,10,3,10
201654A249016,1,20,0,18,0,0,0,0,0,0,3,1,1,1,56,9,9200,2,9,3,1,3
201654A249016,2,9,0,18,0,0,1,0,1,0,3,1,2,2,23,5,1598,2,1,5,1,5
201654A287716,1,9,0,18,0,2,0,0,0,0,1,1,6,3,-1,-1,-1,-1,-1,-1,-1,-1
201654A291116,1,9,0,17,0,0,2,0,7,9,1,1,6,1,67,10,1497,1,11,9,1,9
201654A292016,1,9,0,16,0,0,2,0,8,10,3,1,6,2,20,4,1590,1,12,7,1,7
201654A293716,1,9,0,18,0,4,0,0,0,0,1,1,6,1,48,8,1995,2,2,7,2,7
201654A293716,2,1,0,18,0,8,0,0,0,0,4,1,6,1,19,4,-1,-1,-1,8,1,8
201654A294716,1,9,0,5,0,6,0,0,0,0,1,1,1,1,49,8,-1,-1,-1,7,3,7
201654A294716,2,1,0,18,0,8,0,0,0,0,4,1,6,1,53,8,-1,-1,-1,8,3,8
201654A298916,1,9,0,18,0,2,0,0,0,0,4,1,6,2,-1,-1,-1,-1,-1,-1,-1,-1
201654A319116,1,9,0,9,0,5,0,0,0,0,1,1,6,2,55,8,1998,2,9,8,1,8
201654A319116,2,1,0,13,0,8,0,0,7,0,4,1,6,1,50,8,-1,-1,-1,6,1,6
201654A319916,1,9,0,18,0,3,0,0,0,0,1,1,2,1,58,9,996,1,6,3,1,3
201654A319916,2,9,0,18,0,3,0,0,0,0,2,1,6,2,24,5,1197,1,2,4,1,4
201654A322016,1,9,0,7,0,6,0,0,0,0,1,1,2,2,29,6,1591,1,2,4,1,4
201654A322016,2,1,0,18,0,8,0,0,0,0,4,1,6,1,47,8,-1,-1,-1,1,1,1
201654A322516,1,19,0,16,0,0,0,0,7,10,3,1,2,1,31,6,2151,2,13,6,2,6
201654A322516,2,19,0,17,0,0,0,0,7,9,3,1,2,1,47,8,1753,2,8,10,2,10
201654A322916,1,9,0,18,0,0,0,0,0,0,1,1,2,2,23,5,1968,2,7,4,1,4
201654A322916,2,21,0,4,0,0,0,0,0,0,2,1,1,1,52,8,4462,2,3,9,1,9
201654A323016,1,9,0,9,0,6,0,0,0,0,3,1,6,2,86,11,998,1,7,6,3,6
201654A323016,2,9,0,18,0,8,0,0,0,0,1,1,2,2,22,5,1968,2,8,7,1,7
201654A342716,1,9,0,17,0,8,0,0,0,0,3,1,6,1,57,9,1242,1,17,5,1,5
201654A342716,2,9,0,16,0,8,0,0,0,0,1,1,6,2,50,8,1839,1,13,9,1,9
201654A350116,1,3,0,18,0,8,0,0,0,0,4,1,6,1,18,4,125,1,1,8,3,8
201654A350116,2,9,0,9,0,6,0,0,0,0,1,1,6,1,20,4,1199,2,3,6,3,6
201654A351716,1,21,0,18,0,0,0,0,2,10,1,1,1,1,41,7,10837,2,3,8,2,8
201654A351716,2,21,1,18,0,0,0,0,0,0,1,1,1,1,49,8,12780,2,-1,3,1,3
201654A353516,1,9,0,5,0,1,0,0,0,0,1,1,1,1,57,9,1969,2,1,7,1,7
201654A353516,2,9,0,3,0,1,0,0,0,0,2,1,3,2,40,7,1995,2,8,8,1,8
201654A357016,1,9,0,4,0,0,2,0,4,6,1,1,6,1,21,5,1229,1,7,9,2,9
201654A357016,2,9,0,3,0,0,0,0,0,0,3,1,6,1,45,7,1999,2,-1,-1,1,-1
201654A359516,1,9,0,18,0,8,0,0,0,0,1,1,6,2,32,6,1796,1,9,5,1,5
201654A359516,2,19,0,9,0,5,5,0,3,1,4,1,6,1,25,5,1753,2,9,7,1,7
201654A364716,1,9,0,18,0,6,0,0,0,0,1,1,1,1,21,5,-1,-1,-1,-1,-1,-1
201654A364716,2,9,0,18,0,8,0,0,0,0,4,1,1,1,47,8,-1,-1,-1,9,1,9
201654A388716,1,9,0,18,0,0,0,0,1,0,3,1,6,1,83,11,1798,1,2,4,1,4
201654A388716,2,9,0,18,0,0,0,0,1,0,3,1,2,1,45,7,-1,3,1,10,1,10
201654A390016,1,9,0,9,0,6,0,0,0,0,3,1,6,2,59,9,1248,1,4,2,1,2
201654A390016,2,9,0,18,0,8,0,0,0,0,1,1,6,1,62,9,1896,2,13,8,3,8
201654A391216,1,9,0,9,0,6,0,0,0,0,4,1,2,2,44,7,1388,1,13,9,1,9
201654A391216,2,9,0,18,0,8,1,0,1,4,1,1,6,2,22,5,1242,1,1,4,1,4
201654A395916,1,9,0,9,0,8,0,0,0,0,1,1,6,2,19,4,1299,1,13,8,1,8
201654A395916,2,9,0,18,0,8,0,0,0,0,1,1,6,2,70,10,998,1,-1,5,1,5
201654A396416,1,9,0,7,0,5,0,0,0,0,1,1,3,2,43,7,1598,1,15,7,1,7
201654A401016,1,9,0,16,0,0,2,0,1,11,1,1,6,1,36,7,2198,2,11,6,3,6
201654A402616,1,9,0,18,0,0,5,10,1,4,1,1,6,1,24,5,1596,1,14,8,2,8
201654A405716,1,9,0,17,0,0,1,0,8,11,1,1,6,2,22,5,1199,1,13,4,1,4
201654A406416,1,9,0,18,0,0,2,0,7,0,1,1,1,1,28,6,1299,1,14,8,3,8
201654A415816,1,5,0,17,0,0,1,0,1,0,3,1,6,1,64,9,798,1,8,6,3,6
201654A415916,1,9,0,16,0,0,0,10,1,0,4,1,6,1,20,4,1390,1,8,-1,2,-1
201654A415916,2,9,0,18,0,0,0,0,0,0,1,1,6,2,69,10,1598,1,8,6,1,6
201654A437516,1,3,0,4,0,0,1,4,0,0,1,1,6,1,22,5,124,1,12,9,2,9
201654A437516,2,19,0,2,0,0,0,0,0,0,4,1,6,1,48,8,1995,2,5,5,1,5
201654A441216,1,9,0,18,0,0,0,0,1,9,4,1,6,2,24,5,1248,2,7,9,3,9
201654A445216,1,9,0,18,0,8,0,0,0,0,3,1,6,2,24,5,1999,2,-1,6,3,6
201654A445216,2,9,0,11,0,5,0,0,0,0,4,1,6,1,71,10,1242,1,1,5,1,5