Accident_Index,Vehicle_Reference,Vehicle_Type,Towing_and_Articulation,Vehicle_Manoeuvre,Vehicle_Location-Restricted_Lane,Junction_Location,Skidding_and_Overturning,Hit_Object_in_Carriageway,Vehicle_Leaving_Carriageway,Hit_Object_off_Carriageway,1st_Point_of_Impact,Was_Vehicle_Left_Hand_Drive?,Journey_Purpose_of_Driver,Sex_of_Driver,Age_of_Driver,Age_Band_of_Driver,Engine_Capacity_(CC),Propulsion_Code,Age_of_Vehicle,Driver_IMD_Decile,Driver_Home_Area_Type,Vehicle_IMD_Decile
201654A448316,1,9,0,13,0,0,0,0,0,0,4,1,6,2,53,8,1896,2,10,7,2,7
201654A448316,2,1,0,18,0,0,0,0,0,0,3,1,6,1,55,8,-1,-1,-1,6,3,6
201654A450016,1,9,0,18,0,0,2,0,0,0,1,1,6,2,27,6,1388,1,6,7,1,7
201654A450516,1,9,0,5,0,8,0,4,0,0,1,1,6,1,28,6,1590,1,13,9,2,9
201654A450516,2,9,0,2,0,2,0,0,0,0,2,1,6,1,76,11,1999,1,11,-1,-1,-1
201654A454316,1,9,0,18,0,8,1,0,0,0,4,1,1,1,63,9,2967,2,7,6,3,6
201654A454316,2,9,0,18,0,8,1,0,0,0,1,1,1,2,51,8,1596,1,5,2,1,2
201654A456216,1,9,0,18,0,2,0,0,0,0,1,1,6,2,28,6,1997,2,12,3,1,3
201654A477616,1,9,0,4,0,0,0,0,0,0,1,1,6,2,40,7,1968,2,12,10,1,10
201654A477616,2,19,0,3,0,0,0,0,0,0,2,1,6,1,53,8,1968,2,7,5,1,5
201654A477616,3,9,0,3,0,0,0,0,0,0,2,1,6,2,39,7,999,1,-1,6,1,6
201654A485516,1,9,0,18,0,1,0,4,0,0,1,1,6,2,46,8,1598,1,12,8,1,8
201654A485516,2,9,0,2,0,1,0,0,0,0,2,1,6,2,-1,-1,875,1,4,8,1,8
201654A485516,3,9,0,2,0,1,0,0,0,0,3,1,6,1,74,10,2987,2,10,8,1,8
201654A490816,1,9,0,16,0,0,1,0,7,11,1,1,2,1,55,8,1997,2,2,9,3,9
201654A519116,1,10,0,9,0,6,0,0,0,0,1,1,1,1,57,9,2198,2,-1,5,1,5
201654A519116,2,9,0,18,0,8,0,0,0,0,4,2,6,1,23,5,-1,-1,-1,1,1,1
201654A522516,1,9,0,3,0,1,0,0,0,0,2,1,6,2,32,6,1198,1,12,5,2,5
201654A522516,2,9,0,18,0,1,0,0,0,0,1,1,6,1,32,6,1198,1,13,-1,2,-1
201654A535416,1,9,0,11,0,0,0,0,0,0,4,1,6,1,28,6,1995,2,14,2,1,2
201654A535416,2,11,0,18,2,0,0,0,0,0,3,1,1,2,53,8,9400,2,10,1,1,1
201654A548416,1,9,0,18,0,0,0,0,1,9,1,1,2,2,77,11,998,1,4,9,3,9
201654A548416,2,19,0,18,0,0,0,0,1,4,1,1,1,1,37,7,2198,2,5,9,3,9
201654A549416,1,9,0,11,0,4,0,0,0,0,2,1,6,1,25,5,2497,1,11,3,1,3
201654A549416,2,9,0,18,0,4,0,0,0,0,1,1,6,2,33,6,1390,1,13,3,1,3
201654A551116,1,2,0,18,0,1,0,0,0,0,1,1,2,1,63,9,49,1,-1,2,1,2
201654A551116,2,9,0,3,0,1,0,0,0,0,2,1,2,1,54,8,2198,2,3,7,3,7
201654A554416,1,9,0,12,0,0,0,0,0,0,2,1,6,2,40,7,1598,1,4,10,1,10
201654A554416,2,9,0,18,0,0,0,0,0,0,1,1,6,1,39,7,1988,1,15,6,3,6
201654A573616,1,9,0,18,0,0,1,0,1,4,1,1,6,2,27,6,1395,1,-1,5,1,5
201654A580616,1,9,0,7,0,6,0,0,1,10,3,1,6,2,62,9,1149,1,6,9,2,9
201654A580616,2,9,0,18,0,1,0,0,1,10,3,1,6,2,60,9,2143,2,3,8,3,8
201654A580616,3,9,0,18,0,8,0,0,0,0,3,1,1,2,56,9,1499,2,2,8,3,8
201654A615716,1,19,0,17,0,0,0,0,1,4,1,1,1,1,34,6,-1,-1,-1,8,2,8
201654A616016,1,9,0,7,0,6,0,0,0,0,1,1,6,3,-1,-1,-1,-1,-1,-1,-1,-1
201654A616016,2,1,0,18,0,8,0,0,0,0,1,1,6,1,50,8,-1,-1,-1,5,1,5
201654A629116,1,9,0,9,0,6,0,0,0,0,3,1,6,2,42,7,1997,2,13,6,1,6
201654A629116,2,9,0,18,0,8,1,0,0,0,1,1,6,1,61,9,2495,2,15,7,2,7
201654A643416,1,9,0,11,0,1,0,0,0,0,4,1,6,2,24,5,1796,1,4,1,1,1
201654A643416,2,9,0,18,0,1,0,0,0,0,1,1,6,1,20,4,1339,1,11,4,1,4
201654A652516,1,9,0,17,0,8,1,0,1,1,1,1,6,1,33,6,1598,1,16,8,1,8
201654A652516,2,9,0,17,0,8,0,0,0,0,0,1,6,3,-1,-1,-1,-1,-1,-1,-1,-1
201654A657916,1,9,0,17,0,0,0,0,7,10,1,1,6,1,19,4,954,1,21,6,3,6
201654A670216,1,9,0,5,9,6,0,0,0,0,1,1,1,2,55,8,1973,1,18,4,1,4
201654A686316,1,9,0,18,0,0,0,0,0,0,1,1,6,1,54,8,1598,2,4,5,1,5
201654A687916,1,19,0,18,0,1,0,0,0,0,1,1,1,1,33,6,2143,2,1,1,1,1
201654A687916,2,9,0,3,0,1,0,0,0,0,2,1,2,2,22,5,1368,1,5,6,2,6
201654A687916,3,9,0,3,0,1,0,0,0,0,2,1,2,2,36,7,998,1,10,6,2,6
201654A688516,1,9,0,1,0,0,0,0,0,0,3,1,2,1,34,6,1998,2,13,5,1,5
201654A688516,2,9,0,17,0,0,1,0,0,0,1,1,2,1,50,8,1598,2,-1,6,3,6
201654A694116,1,9,0,3,0,0,0,0,0,0,2,1,6,2,46,8,1242,1,-1,3,1,3
201654A694116,2,19,0,18,0,0,0,0,0,0,1,1,1,1,33,6,2198,2,-1,9,3,9
201654A695016,1,9,0,18,7,0,0,0,1,0,1,1,6,1,52,8,2720,2,10,10,3,10
201654A695016,2,21,1,2,6,0,0,0,0,0,2,1,1,1,51,8,12777,2,5,8,3,8
201654A697316,1,9,0,16,0,0,5,0,7,11,1,1,6,2,56,9,1461,2,-1,7,3,7
201654A703316,1,19,0,4,0,1,0,0,0,0,1,1,1,1,21,5,1560,2,-1,6,1,6
201654A703316,2,9,0,3,0,1,0,0,0,0,2,1,1,1,51,8,2179,2,5,7,3,7
201654A712716,1,9,0,9,0,5,0,0,0,0,1,1,6,2,55,8,1596,1,12,8,1,8
201654A712716,2,9,0,18,0,8,0,0,0,0,1,1,6,1,71,10,898,1,2,9,1,9
201654A713016,1,9,0,18,0,8,0,0,1,2,1,1,6,2,35,6,1497,8,1,5,1,5
201654A713716,1,9,0,5,0,4,0,0,0,0,1,1,6,2,19,4,1368,1,6,8,1,8
201654A713716,2,9,0,17,0,8,0,0,0,0,4,1,6,1,55,8,1582,2,4,2,1,2
201654A714716,1,9,0,18,0,1,0,0,0,0,3,1,1,1,30,6,1999,1,14,3,1,3
201654A714716,2,9,0,18,0,1,0,0,0,0,1,1,1,1,48,8,1199,2,5,3,1,3
201654A722216,1,19,0,18,0,8,0,0,0,0,1,1,1,1,33,6,1248,2,2,6,2,6
201654A722216,2,8,0,18,0,8,0,0,7,11,4,1,1,1,66,10,1997,2,5,3,2,3
201654A726416,1,9,0,17,0,0,1,0,1,11,1,1,2,2,29,6,1124,1,8,6,3,6
201654A729716,1,9,0,9,0,4,0,0,0,0,3,1,6,1,39,7,-1,-1,-1,7,3,7
201654A729716,2,19,0,18,0,8,0,0,0,0,1,1,6,1,59,9,-1,-1,-1,5,2,5
201654A733516,1,9,0,18,0,0,0,0,0,0,3,1,6,1,57,9,1197,1,6,6,2,6
201654A733516,2,1,0,18,0,0,0,0,0,0,1,1,6,1,16,4,-1,-1,-1,6,2,6
201654A756716,1,9,0,18,0,0,0,0,1,4,1,1,6,1,25,5,1229,1,3,4,1,4
201654A757216,1,4,0,18,0,8,1,0,0,0,3,1,2,2,28,6,125,1,1,8,2,8
201654A768216,1,9,0,16,0,0,1,0,1,0,3,1,6,2,75,10,1242,1,6,6,3,6
201654A768216,2,9,0,17,0,0,0,0,0,0,3,1,6,1,61,9,-1,-1,-1,10,3,10
201654A779216,1,9,0,18,0,0,1,0,0,0,4,1,6,2,63,9,1461,2,4,3,1,3
201654A779216,2,9,0,18,0,0,0,0,0,0,1,1,6,1,39,7,2268,2,2,6,1,6
201654A779916,1,9,0,17,0,0,0,0,0,0,1,1,6,2,69,10,2198,2,1,7,3,7
201654A779916,2,9,0,18,0,0,0,0,0,0,1,1,6,1,67,10,2993,2,-1,10,1,10
201654A782316,1,9,0,11,0,1,0,0,0,0,1,1,2,1,33,6,3311,8,11,8,1,8
201654A782316,2,9,0,3,0,1,0,0,0,0,2,1,2,2,56,9,1598,1,6,7,2,7
201654A782316,3,9,0,3,0,1,0,0,0,0,2,1,2,2,36,7,1995,1,6,10,1,10
201654A802716,1,9,0,4,0,1,0,0,0,0,1,1,6,1,54,8,1997,2,3,7,1,7
201654A802716,2,3,0,3,0,1,0,0,0,0,2,1,6,1,33,6,125,1,9,1,1,1
201654A806916,1,9,0,18,0,1,0,0,0,0,1,1,6,2,66,10,-1,-1,-1,4,1,4
201654A809716,1,9,0,9,0,2,0,0,0,0,1,1,6,1,24,5,1598,1,12,1,1,1
201654A820316,1,19,0,18,0,0,2,0,1,0,1,1,1,1,45,7,1995,2,4,6,3,6
201654A821516,1,9,0,18,0,0,2,0,0,0,4,1,6,1,82,11,2953,2,13,6,3,6
201654A833016,1,9,0,16,0,0,2,10,0,0,1,1,1,1,39,7,1229,1,3,9,3,9
201654A833616,1,9,0,18,0,3,0,0,0,0,1,1,6,1,83,11,1998,1,18,3,1,3
201654A833616,2,1,0,18,0,1,0,0,0,0,4,1,4,1,16,4,-1,-1,-1,8,1,8
201654A843116,1,9,0,3,0,8,0,0,0,0,2,1,6,1,37,7,1390,1,6,9,1,9
201654A843116,2,9,0,7,0,6,0,0,0,0,1,1,6,1,-1,-1,-1,-1,-1,-1,-1,-1
201654A845616,1,19,0,18,0,0,0,0,0,0,1,1,1,1,23,5,2198,2,-1,4,1,4
201654A845616,2,9,0,4,0,0,0,0,0,0,2,1,6,1,61,9,2685,2,14,3,1,3
201654A845616,3,9,0,4,0,0,0,0,0,0,2,1,6,1,19,4,1968,2,4,8,1,8
201654A846016,1,9,0,16,0,8,0,0,0,0,1,1,6,1,22,5,1598,1,16,3,1,3
201654A846016,2,9,0,17,0,8,0,0,0,0,3,1,6,1,34,6,2996,1,10,10,1,10
201654A847616,1,9,0,3,0,1,0,0,0,0,2,1,6,2,28,6,1896,2,10,7,1,7
201654A847616,2,9,0,18,0,1,0,0,0,0,1,1,6,1,63,9,1596,1,2,4,1,4
201654A847816,1,1,0,18,0,8,0,0,0,0,4,1,6,1,48,8,-1,-1,-1,8,3,8
201654A847816,2,9,0,18,0,4,0,0,0,0,1,1,2,1,22,5,998,1,18,1,1,1
201654A853516,1,9,0,16,0,0,2,0,7,10,1,1,6,2,24,5,1242,1,18,6,3,6
201654A855216,1,9,0,16,0,2,0,0,2,11,1,1,6,1,22,5,1896,2,12,7,1,7
201654A863716,1,9,0,18,0,0,0,0,0,0,1,1,6,1,78,11,1362,1,3,3,1,3
201654A865016,1,9,0,18,0,1,0,0,0,0,1,1,6,2,38,7,2720,2,9,8,1,8
201654A865016,2,9,0,3,0,1,0,0,0,0,2,1,6,1,38,7,1968,2,2,9,3,9
201654A868316,1,9,0,16,0,0,0,0,2,2,1,1,6,1,40,7,1242,1,19,4,1,4
201654A869816,1,9,0,18,0,4,0,0,0,0,1,1,6,1,88,11,1390,1,13,10,1,10
201654A869816,2,9,0,9,0,8,0,0,0,0,4,1,6,2,27,6,1896,2,7,9,1,9
201654A872016,1,8,0,5,0,4,0,0,0,0,1,1,1,1,42,7,1997,2,8,9,1,9
201654A872016,2,1,0,18,0,8,0,0,0,0,2,1,2,1,23,5,-1,-1,-1,1,1,1
201654A883516,1,9,0,17,0,0,0,0,7,1,1,1,6,1,25,5,1299,1,14,9,3,9
201654A885816,1,9,0,9,0,8,0,0,3,3,1,1,6,1,31,6,1242,1,-1,5,1,5
201654A887216,1,9,0,18,0,1,1,0,7,1,1,1,1,1,54,8,-1,-1,-1,9,1,9
201654A888116,1,9,0,16,0,2,2,0,2,10,4,1,1,2,20,4,1242,1,3,7,1,7
201654A891516,1,9,0,18,0,0,1,0,1,11,3,1,6,1,56,9,2400,2,1,8,3,8
201654A891516,2,19,0,18,0,0,1,0,1,0,3,1,6,1,54,8,1248,2,2,10,1,10
201654A896316,1,9,0,10,0,8,0,0,0,0,2,1,6,1,40,7,1396,1,7,8,1,8
201654A896316,2,9,0,18,0,1,0,0,0,0,1,1,6,2,82,11,-1,-1,-1,9,3,9
201654A902616,1,9,0,12,0,0,0,0,0,0,3,1,6,1,57,9,1753,2,9,7,3,7
201654A902616,2,9,0,18,0,0,0,0,6,0,4,1,6,2,40,7,1997,2,8,2,1,2
201654A902916,1,9,0,16,0,2,1,0,7,4,1,1,6,2,19,4,998,1,9,6,2,6
201654A907116,1,9,0,18,0,4,0,0,0,0,3,1,6,2,57,9,1388,1,10,9,2,9
201654A907116,2,1,0,18,0,8,0,0,0,0,1,1,6,1,44,7,-1,-1,-1,8,1,8
201654A912816,1,9,0,4,0,1,0,0,0,0,1,1,2,2,26,6,1896,2,12,8,1,8
201654A912816,2,9,0,4,0,1,0,0,0,0,1,1,2,2,28,6,1390,1,9,6,1,6
201654A912816,3,9,0,4,0,1,0,0,0,0,2,1,2,1,29,6,1248,2,7,3,1,3
201654A912816,4,9,0,3,0,1,0,0,0,0,2,1,2,1,40,7,2143,2,7,8,1,8
201654A916616,1,11,0,7,0,6,0,0,0,0,4,1,1,1,52,8,4250,2,10,7,3,7
201654A922216,1,9,0,16,0,0,0,0,8,4,1,1,1,2,46,8,1984,2,10,2,1,2
201654A930216,1,9,0,4,0,0,0,0,0,0,1,1,3,2,53,8,1461,2,7,10,1,10
201654A930216,2,9,0,3,0,0,0,0,0,0,2,1,3,2,38,7,-1,-1,-1,1,1,1
201654A934516,1,9,0,3,0,0,0,0,0,0,2,1,2,1,54,8,1597,2,2,10,1,10
201654A934516,2,9,0,3,0,0,0,0,0,0,2,1,2,1,18,4,1390,1,5,-1,1,-1
201654A934516,3,8,0,18,0,0,1,0,0,0,1,1,2,1,40,7,-1,-1,-1,1,1,1
201654A965816,1,21,0,11,0,0,0,0,0,0,4,1,1,1,23,5,9200,2,12,8,1,8
201654A965816,2,9,0,18,0,0,5,0,5,6,3,1,6,1,77,11,998,1,2,6,3,6
201654A972816,1,9,0,5,0,6,0,0,0,0,3,1,6,1,31,6,1769,1,14,2,1,2
201654A972816,2,3,0,18,0,8,0,0,0,0,1,1,6,1,18,4,125,1,2,9,1,9
201654A993216,1,9,0,3,0,1,0,0,0,0,2,1,2,2,37,7,1968,2,-1,8,1,8
201654A993216,2,9,0,4,0,1,0,0,0,0,1,1,6,1,29,6,2987,2,1,1,1,1
201654B011716,1,9,0,9,0,5,0,0,0,0,4,1,6,2,71,10,998,1,11,4,3,4
201654B011716,2,19,0,18,0,8,0,0,0,0,1,1,1,1,32,6,1870,2,11,5,1,5
201654B016716,1,9,0,16,0,0,0,0,0,0,1,1,6,1,73,10,1956,2,-1,10,1,10
201654B016716,2,9,0,17,0,0,1,0,1,0,3,1,6,2,50,8,1598,1,11,5,1,5
201654B016916,1,9,0,1,0,0,0,0,0,0,2,1,1,1,52,8,1798,1,-1,1,1,1
201654B045216,1,9,0,18,0,0,0,0,0,0,1,1,6,2,64,9,2401,1,12,9,2,9
201654B045616,1,90,0,5,0,4,0,0,0,0,0,1,1,1,51,8,12777,2,-1,8,1,8
201654B045616,2,5,0,18,0,8,1,0,0,0,3,1,6,1,47,8,798,1,8,8,3,8
201654B047016,1,3,0,4,0,1,0,0,0,0,1,1,2,1,19,4,-1,-1,-1,2,1,2
201654B047016,2,9,0,4,0,1,0,0,0,0,2,1,2,1,59,9,-1,-1,-1,6,3,6
201654B051416,1,9,0,9,0,5,0,0,0,0,1,1,6,1,72,10,1995,2,-1,9,1,9
201654B051416,2,3,0,18,0,8,1,0,1,11,1,1,6,1,21,5,124,1,4,4,1,4
201654B052116,1,9,0,6,0,0,0,0,0,0,3,1,6,1,43,7,1988,1,12,8,2,8
201654B052116,2,9,0,18,0,0,0,0,0,0,1,1,6,2,58,9,1798,1,10,9,3,9
201654B055616,1,9,0,18,0,0,0,0,0,0,1,1,6,2,46,8,2488,1,12,6,1,6
201654B077116,1,9,0,18,0,0,0,0,0,0,1,1,6,3,-1,-1,-1,-1,-1,-1,-1,-1
201654B084116,1,9,0,16,0,0,2,0,8,11,1,1,3,2,23,5,1197,1,-1,7,2,7
201654B085716,1,9,0,8,0,1,0,0,0,0,0,1,6,1,50,8,1975,1,11,8,3,8
201654B085716,2,9,0,9,0,6,0,0,0,0,1,1,6,2,26,6,1360,1,7,7,2,7
201654B085716,3,4,0,14,0,8,1,0,0,0,1,1,6,1,24,5,124,1,1,10,1,10
201654B087716,1,9,0,18,0,0,2,0,7,4,1,1,6,2,25,5,1598,1,17,6,2,6
201654B089316,1,9,0,18,0,0,2,0,2,10,1,1,6,1,19,4,1199,1,14,8,1,8
201654B103516,1,9,0,17,0,0,0,0,0,0,4,1,1,2,51,8,1396,1,-1,8,1,8
201654B105016,1,21,1,18,0,8,0,0,0,0,3,1,1,1,58,9,12900,2,9,-1,-1,-1
201654B105016,2,5,0,17,0,8,0,0,0,0,1,1,2,1,38,7,599,1,14,3,1,3
201654B107016,1,9,0,9,0,8,0,0,0,0,3,1,6,2,66,10,-1,-1,-1,3,1,3
201654B107016,2,5,0,18,0,8,0,0,0,0,4,1,1,1,50,8,1170,1,8,-1,-1,-1
201654B120916,1,19,0,17,0,0,0,0,2,4,1,1,6,1,34,6,1995,2,4,7,3,7
201654B130816,1,9,0,11,0,0,0,0,0,0,3,1,6,1,21,5,1598,1,3,3,1,3
201654B130816,2,9,0,18,0,0,2,0,1,9,4,1,6,1,51,8,1368,1,6,10,1,10
201654B132716,1,3,0,16,0,0,1,0,7,4,1,1,6,1,17,4,125,1,12,8,2,8
201654B145216,1,9,0,9,0,6,0,0,0,0,1,1,2,2,48,8,1198,1,2,8,2,8
201654B145216,2,19,0,18,0,8,0,0,0,0,1,1,2,1,35,6,1968,2,2,9,1,9
201654B147716,1,9,0,4,0,0,0,0,0,0,1,1,1,1,49,8,1995,2,4,10,1,10
201654B147716,2,9,0,4,0,0,0,0,4,6,2,1,1,1,50,8,1560,2,2,8,1,8
201654B156716,1,9,0,13,0,0,0,0,0,0,0,1,6,1,81,11,1995,1,10,5,2,5
201654B156716,2,1,0,18,0,0,0,0,0,0,3,1,6,2,35,6,-1,-1,-1,3,1,3
201654B157216,1,9,0,7,0,8,0,0,0,0,4,1,6,1,30,6,1800,1,18,7,2,7
201654B157216,2,9,0,18,0,8,0,0,0,0,3,1,6,1,34,6,1598,1,7,4,1,4
201654B157916,1,19,0,12,0,0,0,0,0,0,0,1,6,1,50,8,2442,2,-1,9,1,9
201654B157916,2,4,0,18,0,0,0,0,0,0,3,1,6,1,36,7,248,1,-1,10,1,10
201654B161916,1,9,0,7,0,2,0,0,0,0,1,1,6,1,36,7,1389,1,14,2,1,2
201654B161916,2,9,0,18,0,2,0,0,0,0,4,1,6,2,26,6,1598,1,5,6,3,6
201654B175116,1,90,0,16,0,0,0,0,0,0,3,1,1,1,63,9,5880,2,3,6,1,6
201654B175116,2,9,0,17,0,0,0,0,0,0,3,1,6,1,84,11,1364,1,8,6,3,6
201654B175116,3,19,0,16,0,0,0,0,0,0,3,1,1,1,43,7,1995,2,3,8,1,8
201654B181116,1,9,0,18,0,2,1,10,7,11,1,1,6,1,54,8,1198,1,13,4,1,4
201654B188616,1,9,0,13,0,0,0,0,0,0,0,1,6,2,-1,-1,-1,-1,-1,-1,-1,-1
201654B188616,2,9,0,18,0,0,0,0,1,0,2,1,6,1,38,7,1956,2,7,7,3,7
201654B188616,3,19,0,18,0,0,0,0,1,0,1,1,6,1,29,6,-1,-1,-1,9,1,9
201654B194516,1,9,0,2,9,1,0,0,0,0,3,1,6,2,48,8,1398,2,10,2,1,2
201654B194516,2,1,0,18,9,1,0,0,0,0,1,1,4,1,16,4,-1,-1,-1,5,1,5
201654B212216,1,5,0,11,0,0,0,0,0,0,4,1,6,1,22,5,599,1,18,7,2,7
201654B212216,2,9,0,18,0,0,0,0,0,0,3,1,6,2,67,10,1796,1,8,7,3,7
201654B213316,1,9,0,18,0,7,0,0,0,0,1,1,6,1,65,9,1584,1,14,2,1,2
201654B213316,2,9,0,18,0,7,0,0,1,0,1,1,2,2,31,6,1398,1,1,8,1,8
201654B213316,3,9,0,4,0,7,0,0,0,0,2,1,6,2,54,8,1242,1,1,7,1,7
201654B245316,1,9,0,18,0,8,0,0,4,1,1,1,6,1,28,6,1796,1,10,8,1,8
201654B245316,2,9,0,7,0,6,0,0,0,0,1,1,6,2,44,7,1596,1,12,9,2,9
201654B253016,1,9,0,18,0,8,0,0,7,0,4,1,6,1,67,10,1399,2,8,8,1,8
201654B253016,2,9,0,18,0,6,0,0,0,0,1,1,6,1,17,4,1198,1,12,9,1,9
201654B256816,1,9,0,18,0,1,0,0,0,0,3,1,6,2,54,8,1699,1,8,6,1,6
201654B259216,1,19,0,18,0,0,2,0,7,9,1,1,6,1,19,4,-1,-1,-1,10,1,10
201654B269616,1,9,0,18,0,8,0,0,0,0,1,1,6,2,24,5,-1,-1,-1,9,1,9
201654B269616,2,9,0,18,0,8,0,0,0,0,1,1,6,1,61,9,1995,2,8,8,3,8
201654B276816,1,19,0,18,0,0,0,0,0,0,0,1,6,3,-1,-1,-1,-1,-1,-1,-1,-1
201654B276816,2,3,0,18,0,0,1,4,0,0,1,1,6,1,60,9,124,1,-1,4,1,4
201654B276816,3,9,0,2,0,0,0,0,0,0,1,1,6,2,34,6,1197,1,1,6,3,6
201654B290116,1,9,0,18,0,0,0,0,0,0,1,1,2,1,72,10,1560,2,7,6,3,6
201654B290116,2,1,0,18,0,0,0,0,0,0,2,1,2,1,49,8,-1,-1,-1,7,3,7
201654B290216,1,9,0,4,0,0,0,0,0,0,2,1,6,2,60,9,1229,1,-1,7,1,7
201654B290216,2,9,0,18,0,0,1,0,0,0,1,1,6,1,69,10,1598,1,13,5,1,5
201654B293616,1,9,0,18,0,0,0,0,0,0,1,1,6,1,25,5,1997,2,9,8,2,8
201654B293616,2,9,0,3,0,0,0,0,0,0,2,1,6,1,35,6,1995,2,7,10,2,10
201654B293616,3,9,0,3,0,0,0,0,0,0,2,1,6,1,20,4,1360,1,12,10,2,10
201654B293916,1,9,0,7,0,6,0,0,0,0,3,1,2,2,54,8,1968,2,2,6,3,6
201654B293916,2,9,0,18,0,8,0,0,0,0,3,1,6,2,53,8,1968,2,3,8,3,8
201654B293916,3,9,0,18,0,8,1,0,1,0,1,1,2,2,32,6,999,1,7,9,2,9
201654B293916,4,9,0,18,0,1,1,0,0,0,1,1,6,1,32,6,1997,2,7,9,3,9
201654B296316,1,8,0,4,0,1,0,0,0,0,1,1,6,1,41,7,1686,2,6,5,1,5
201654B296316,2,9,0,3,0,1,0,0,0,0,2,1,6,1,46,8,1390,1,15,1,1,1
201654B312816,1,9,0,18,0,8,0,0,0,0,1,1,6,1,61,9,1299,1,14,8,3,8
201654B318416,1,9,0,18,0,0,0,0,0,0,0,1,3,1,39,7,1390,1,13,7,1,7
201654B318416,2,9,0,18,0,0,1,0,7,0,1,1,6,1,23,5,1588,1,15,7,1,7
201654B318416,3,19,4,18,0,0,0,0,1,0,3,1,1,1,49,8,2499,2,1,9,3,9
201654B322716,1,11,0,18,0,0,0,0,1,0,1,1,1,1,52,8,4250,2,2,3,1,3
201654B322716,2,9,0,18,0,0,1,0,0,0,1,1,6,2,40,7,-1,-1,-1,10,2,10
201654B329816,1,9,0,14,0,0,0,0,0,0,4,1,6,2,75,10,1590,1,14,7,3,7
201654B329816,2,17,0,3,0,0,0,0,0,0,0,1,6,3,-1,-1,-1,-1,-1,-1,-1,-1
201654B331016,1,9,0,16,0,0,0,0,0,0,1,1,6,1,88,11,1596,1,9,9,3,9
201654B331016,2,9,0,17,0,0,0,0,1,0,3,1,6,2,57,9,1896,2,11,3,1,3
201654B331016,3,19,0,17,0,0,0,0,0,0,1,1,1,1,49,8,1461,2,1,1,1,1
201654B331416,1,9,0,9,0,5,0,0,0,0,1,1,6,1,31,6,-1,-1,-1,5,2,5
201654B331416,2,4,0,18,0,8,0,0,0,0,2,1,6,2,70,10,124,1,6,7,2,7
201654B332716,1,9,0,13,0,0,0,0,1,9,1,1,2,1,33,6,1997,1,15,6,3,6
201654B332716,2,9,0,18,0,0,0,0,1,9,1,1,6,2,43,7,1998,1,2,10,1,10
201654B332716,3,9,0,18,0,0,0,0,1,9,1,1,6,1,24,5,1781,1,19,2,1,2
201654B335516,1,19,0,13,0,0,2,0,7,9,1,1,6,1,36,7,1968,2,-1,8,3,8
201654B335516,2,9,0,18,0,0,0,0,0,0,1,1,6,2,21,5,1360,1,15,5,3,5
201654B338916,1,9,0,16,0,0,0,0,0,0,1,1,6,1,27,6,3628,2,10,10,1,10
201654B338916,2,9,0,17,0,0,0,0,0,0,3,1,6,1,44,7,-1,-1,-1,7,1,7
201654B358516,1,9,0,9,0,5,0,0,0,0,1,1,6,1,31,6,1364,1,9,8,1,8
201654B358516,2,9,0,18,0,8,0,0,0,0,1,1,6,2,64,9,1997,2,12,8,1,8
201654B366716,1,9,0,18,0,8,0,0,0,0,1,1,1,1,42,7,1995,2,14,9,1,9
201654B366716,2,9,0,9,0,4,0,0,0,0,3,1,1,2,18,4,1242,1,5,8,1,8
201654B387116,1,9,0,18,0,8,0,0,3,1,1,1,2,2,45,7,1686,2,3,5,1,5
201654B388516,1,8,0,18,0,8,0,0,0,0,4,1,6,1,42,7,1968,2,5,4,1,4
201654B388516,2,9,0,7,0,4,0,0,0,0,1,1,6,1,45,7,1796,1,15,4,1,4
201654B401916,1,9,0,18,0,1,0,0,0,0,4,1,6,1,56,9,1973,1,19,1,1,1
201654B408716,1,9,0,16,0,0,0,0,0,0,1,1,6,1,25,5,1796,1,8,6,2,6
201654B408716,2,9,0,16,0,0,0,0,0,0,1,1,6,1,39,7,1149,1,15,3,1,3
201654B408716,3,9,0,17,0,0,0,0,0,0,1,1,6,1,57,9,1968,2,1,10,1,10
201654B415116,1,9,0,4,0,0,0,0,0,0,1,1,6,2,34,6,998,1,1,8,1,8
201654B415116,2,9,0,4,0,0,0,0,0,0,2,1,2,2,57,9,1968,2,1,10,3,10
201654B420116,1,8,0,17,0,0,5,0,1,0,4,1,1,1,46,8,1910,2,9,7,1,7
201654B440916,1,9,0,3,0,0,0,0,0,0,2,1,6,2,65,9,1991,2,9,3,1,3
201654B440916,2,9,0,18,0,0,0,0,0,0,1,1,6,1,-1,-1,1242,1,4,-1,-1,-1
201654B440916,3,9,0,3,0,0,0,0,0,0,2,1,6,2,-1,-1,-1,-1,-1,-1,-1,-1
201654B445516,1,9,0,1,0,6,0,0,0,0,2,1,6,1,43,7,1896,2,13,4,1,4
201654B445516,2,2,0,18,0,8,0,0,0,0,3,1,2,1,55,8,395,1,7,4,1,4
201654B447816,1,19,0,18,0,0,0,0,0,0,1,1,1,1,42,7,2999,2,6,2,1,2