Accident_Index,Vehicle_Reference,Vehicle_Type,Towing_and_Articulation,Vehicle_Manoeuvre,Vehicle_Location-Restricted_Lane,Junction_Location,Skidding_and_Overturning,Hit_Object_in_Carriageway,Vehicle_Leaving_Carriageway,Hit_Object_off_Carriageway,1st_Point_of_Impact,Was_Vehicle_Left_Hand_Drive?,Journey_Purpose_of_Driver,Sex_of_Driver,Age_of_Driver,Age_Band_of_Driver,Engine_Capacity_(CC),Propulsion_Code,Age_of_Vehicle,Driver_IMD_Decile,Driver_Home_Area_Type,Vehicle_IMD_Decile
201654B447816,2,9,0,18,0,0,0,0,0,0,2,1,6,2,19,4,1242,1,9,10,3,10
201654B447816,3,9,0,12,0,0,0,0,0,0,0,1,6,3,-1,-1,-1,-1,-1,-1,-1,-1
201654B448316,1,9,0,18,0,8,0,0,0,0,1,1,6,1,-1,-1,-1,-1,-1,-1,-1,-1
201654B448316,2,9,0,3,0,8,0,0,0,0,2,1,1,1,61,9,2268,2,2,3,1,3
201654B448416,1,9,0,9,0,5,0,0,0,0,4,1,6,2,52,8,1061,1,13,9,1,9
201654B448416,2,1,0,18,0,8,0,0,0,0,1,1,6,1,29,6,-1,-1,-1,8,1,8
201654B454916,1,9,0,18,0,0,0,10,7,11,3,1,6,1,22,5,2494,1,16,9,1,9
201654B454916,2,9,0,18,0,0,0,4,0,0,3,1,6,1,84,11,1596,1,6,7,1,7
201654B454916,3,9,0,2,0,0,0,0,0,0,1,1,6,1,71,10,1560,2,4,6,1,6
201654B461216,1,9,0,9,0,6,0,0,0,0,1,1,1,1,43,7,-1,-1,-1,3,2,3
201654B461216,2,1,0,18,0,8,0,0,0,0,1,1,2,1,20,4,-1,-1,-1,8,2,8
201654B477916,1,9,0,13,0,0,2,0,6,1,1,1,6,2,48,8,1399,1,8,8,2,8
201654B477916,2,21,0,18,0,0,0,0,0,0,1,1,1,1,36,7,10677,2,1,5,2,5
201654B491116,1,9,0,18,0,0,2,0,8,10,3,1,6,1,39,7,998,1,12,7,3,7
201654B501616,1,9,0,18,0,0,0,0,0,0,1,1,6,2,27,6,1968,2,3,6,3,6
201654B501616,2,9,0,3,0,0,0,0,0,0,1,1,6,1,56,9,2926,2,12,6,3,6
201654B502516,1,9,0,18,0,6,5,0,0,0,3,1,6,2,45,7,1997,1,-1,9,2,9
201654B502516,2,19,0,18,0,8,0,0,0,0,1,1,1,1,31,6,1896,2,7,7,1,7
201654B504416,1,9,0,9,0,6,0,0,0,0,1,1,2,2,19,4,998,1,13,9,2,9
201654B504416,2,9,0,18,0,8,0,0,0,0,3,1,2,2,39,7,1598,2,5,4,1,4
201654B511616,1,21,0,2,0,0,0,0,0,0,2,1,6,1,62,9,-1,-1,-1,8,2,8
201654B511616,2,9,0,17,0,0,0,4,0,0,1,1,6,2,79,11,1242,1,7,9,2,9
201654B514316,1,21,1,12,0,0,0,0,0,0,1,1,1,1,30,6,-1,-1,-1,-1,-1,-1
201654B514316,2,9,0,18,0,0,1,0,1,7,4,1,6,1,31,6,1796,2,3,-1,1,-1
201654B521916,1,9,0,17,0,2,1,0,1,2,1,1,6,1,32,6,1497,1,12,1,1,1
201654B521916,2,9,0,18,0,2,0,0,0,0,0,1,1,1,-1,-1,1598,2,1,-1,-1,-1
201654B522316,1,9,0,18,0,0,0,0,1,0,1,1,6,1,23,5,1328,1,6,9,3,9
201654B522316,2,1,0,18,0,0,0,0,1,0,2,1,2,1,65,9,-1,-1,-1,6,2,6
201654B526516,1,3,0,16,0,0,0,0,0,0,1,1,2,1,17,4,124,1,5,9,2,9
201654B527316,1,9,0,18,0,3,0,0,0,0,1,1,6,1,34,6,998,1,2,7,1,7
201654B533416,1,9,0,13,0,2,0,0,0,0,1,1,6,1,-1,-1,2393,1,16,-1,-1,-1
201654B533416,2,9,0,18,0,2,0,0,0,0,2,1,6,2,45,7,1896,2,10,8,3,8
201654B539216,1,9,0,3,0,0,0,0,0,0,2,1,6,2,66,10,998,1,1,5,1,5
201654B539216,2,19,0,3,0,0,0,0,0,0,2,1,6,1,46,8,-1,-1,-1,5,3,5
201654B539216,3,9,0,18,0,0,0,0,0,0,1,1,6,2,76,11,-1,-1,-1,9,3,9
201654B541916,1,9,0,18,0,2,0,0,0,0,3,1,6,1,74,10,1242,1,2,10,2,10
201654B541916,2,9,0,18,0,1,0,0,0,0,3,1,6,1,39,7,2204,2,7,5,1,5
201654B561816,1,9,0,18,0,8,0,0,0,0,3,1,6,2,58,9,1598,1,4,9,2,9
201654B561816,2,9,0,9,0,5,0,0,0,0,1,1,6,1,-1,-1,1997,2,-1,-1,-1,-1
201654B565616,1,9,0,18,0,8,0,0,0,0,1,1,6,1,25,5,1910,2,9,7,1,7
201654B565616,2,9,0,9,0,6,0,0,0,0,3,1,6,2,51,8,1598,1,3,9,2,9
201654B578716,1,9,0,18,0,0,0,0,0,0,1,1,6,1,81,11,1386,1,4,6,3,6
201654B578716,2,9,0,9,8,0,0,0,0,0,3,1,6,1,70,10,1395,1,-1,4,1,4
201654B578816,1,9,0,18,0,8,5,0,1,2,1,1,6,1,56,9,1398,1,-1,8,1,8
201654B597716,1,9,0,18,0,8,0,0,0,0,1,1,6,1,50,8,1598,2,4,2,1,2
201654B597716,2,1,0,7,0,3,0,0,0,0,2,1,6,1,24,5,-1,-1,-1,5,1,5
201654B604816,1,9,0,18,0,2,0,0,0,0,1,1,6,1,26,6,1796,1,17,10,1,10
201654B611516,1,9,0,3,0,0,0,0,0,0,2,1,6,1,62,9,996,1,3,6,1,6
201654B611516,2,9,0,3,0,0,0,0,0,0,2,1,6,1,55,8,2143,2,5,7,3,7
201654B611516,3,9,0,18,0,0,0,0,0,0,1,1,6,1,47,8,999,1,1,5,1,5
201654B611716,1,9,0,13,0,0,0,0,0,0,4,1,6,1,60,9,1248,2,4,10,1,10
201654B611716,2,2,0,13,0,0,0,0,0,0,3,1,6,2,16,4,49,1,19,8,1,8
201654B611716,3,1,0,18,0,0,0,0,0,0,0,1,6,3,-1,-1,-1,-1,-1,-1,-1,-1
201654B620216,1,9,0,18,0,0,1,10,7,0,1,1,6,2,39,7,1951,2,10,7,1,7
201654B620216,2,9,0,18,0,0,0,0,1,0,1,1,6,2,28,6,998,1,7,3,1,3
201654B626216,1,9,0,18,0,4,0,0,0,0,3,1,6,2,31,6,1124,1,10,6,1,6
201654B626216,2,2,0,18,0,8,0,0,0,0,1,1,6,1,16,4,49,1,3,8,1,8
201654B638016,1,9,0,18,0,0,0,0,0,0,1,1,6,1,46,8,1686,2,15,2,1,2
201654B638016,2,9,0,3,0,0,0,0,0,0,2,1,6,1,26,6,1198,1,3,7,2,7
201654B640016,1,9,0,9,0,8,0,0,0,0,4,1,6,2,20,4,1199,1,15,8,1,8
201654B640016,2,9,0,18,0,4,0,0,0,0,1,1,6,1,54,8,1995,2,-1,8,1,8
201654B643716,1,9,0,17,0,2,1,0,1,11,1,1,6,2,34,6,1368,1,7,5,1,5
201654B660116,1,9,0,4,0,1,0,0,0,0,2,1,6,2,56,9,1560,2,9,5,1,5
201654B660116,2,9,0,18,0,1,0,0,0,0,1,1,6,2,28,6,999,1,3,7,1,7
201654B672416,1,9,0,18,0,4,0,0,0,0,1,1,1,1,56,9,1997,2,6,7,1,7
201654B672416,2,1,0,9,0,8,0,0,0,0,2,1,6,1,55,8,-1,-1,-1,4,1,4
201654B692716,1,17,0,9,0,6,0,0,0,0,2,1,1,1,64,9,4400,2,1,5,3,5
201654B692716,2,9,0,18,0,8,1,0,1,0,1,1,6,2,18,4,1242,1,13,5,2,5
201654B695116,1,9,0,16,0,0,0,0,0,0,3,1,6,1,43,7,1896,2,14,6,3,6
201654B695116,2,9,0,17,0,0,0,0,0,0,3,1,6,2,33,6,2720,2,11,5,1,5
201654B703516,1,9,0,17,0,2,0,0,1,11,1,1,6,1,18,4,1124,1,15,6,3,6
201654T131742,1,5,0,18,0,0,0,0,0,0,1,1,1,1,31,6,675,1,4,8,2,8
201654T131742,2,9,0,18,0,0,0,0,0,0,2,1,1,2,23,5,1896,2,8,-1,-1,-1
201654Z001016,1,19,0,18,0,4,0,0,0,0,1,1,6,1,34,6,2198,2,3,2,1,2
201654Z001016,2,9,0,18,0,8,0,0,1,0,4,1,6,1,54,8,1400,1,10,9,1,9
201654Z023316,1,11,0,9,0,8,0,0,0,0,3,1,1,1,43,7,8268,2,11,4,1,4
201654Z023316,2,9,0,7,0,8,0,0,0,0,4,1,6,1,58,9,1590,1,13,8,1,8
201654Z120416,1,9,0,17,0,0,2,0,0,0,1,1,6,2,26,6,1240,1,7,4,1,4
201654Z153316,1,9,0,18,0,0,0,0,0,0,1,1,6,1,-1,-1,1951,2,12,-1,-1,-1
201654Z153316,2,20,0,3,0,0,0,0,0,0,2,1,6,1,36,7,-1,-1,-1,5,1,5
2016551600001,1,9,0,18,0,0,0,4,0,0,1,1,6,2,24,5,1399,2,6,5,1,5
2016551600001,2,9,0,2,0,0,0,0,0,0,2,1,6,3,-1,-1,1339,1,14,-1,-1,-1
2016551600005,1,9,0,4,0,1,0,0,0,0,1,1,6,2,51,8,1339,1,11,2,1,2
2016551600005,2,9,0,3,0,1,0,0,0,0,2,1,6,1,23,5,1984,1,5,3,1,3
2016551600007,1,9,0,9,0,6,0,0,0,0,1,1,6,1,28,6,1364,1,2,5,1,5
2016551600007,2,9,0,18,0,8,0,0,7,2,1,1,6,1,52,8,1598,1,3,9,1,9
2016551600013,1,9,0,18,0,0,0,0,0,0,1,1,6,1,18,4,1118,1,24,8,1,8
2016551600013,2,9,0,18,0,0,0,0,0,0,2,1,6,2,20,4,1242,1,18,4,1,4
2016551600014,1,9,0,8,0,1,0,0,0,0,1,1,6,1,28,6,1896,2,12,8,3,8
2016551600014,2,9,0,18,0,1,1,0,0,0,1,1,6,1,49,8,1596,1,7,5,1,5
2016551600016,1,9,0,18,0,8,1,0,3,11,1,1,6,1,21,5,1242,1,19,5,1,5
2016551600025,1,19,0,18,0,8,1,0,1,11,3,1,6,1,24,5,1686,2,12,6,1,6
2016551600025,2,9,0,18,0,8,1,0,0,0,1,1,6,1,34,6,1956,2,7,6,1,6
2016551600032,1,9,0,7,0,3,0,0,0,0,4,1,6,2,21,5,998,1,9,1,1,1
2016551600032,2,1,0,18,0,3,0,0,0,0,3,1,2,1,48,8,-1,-1,-1,-1,-1,-1
2016551600033,1,8,0,2,9,1,0,0,0,0,4,1,1,1,62,9,1598,2,2,5,1,5
2016551600033,2,1,0,18,9,2,0,0,0,0,1,1,2,1,57,9,-1,-1,-1,3,1,3
2016551600035,1,9,0,9,0,5,0,0,0,0,1,1,6,1,29,6,1329,1,3,9,1,9
2016551600037,1,9,0,16,0,0,0,10,4,1,1,1,6,2,32,6,1998,1,14,4,1,4
2016551600037,2,9,0,16,0,0,0,11,0,0,1,1,6,2,43,7,1968,2,4,6,1,6
2016551600038,1,9,0,18,0,0,5,4,0,0,1,1,6,1,78,11,1598,1,17,7,1,7
2016551600038,2,9,0,2,0,0,0,0,1,0,0,1,6,3,-1,-1,1299,1,13,-1,-1,-1
2016551600040,1,9,0,18,0,1,0,0,0,0,1,1,2,2,28,6,1995,2,7,3,1,3
2016551600040,2,9,0,3,0,1,0,0,0,0,2,1,2,2,28,6,1796,1,10,5,1,5
2016551600041,1,9,0,7,0,3,0,0,0,0,1,1,2,2,51,8,1198,1,7,8,1,8
2016551600041,2,1,0,16,0,3,0,0,0,0,1,1,6,1,22,5,-1,-1,-1,5,1,5
2016551600043,1,9,0,9,0,1,0,0,0,0,4,1,6,2,68,10,1600,1,5,10,1,10
2016551600043,2,1,0,14,0,1,0,0,0,0,1,1,6,1,40,7,-1,-1,-1,7,1,7
2016551600047,1,9,0,1,9,8,0,0,0,0,2,1,6,1,69,10,1560,2,5,4,3,4
2016551600047,2,9,0,2,0,8,0,0,0,0,0,2,6,2,74,10,1598,1,17,5,2,5
2016551600049,1,9,0,4,0,1,1,0,0,0,1,1,2,1,30,6,1769,1,12,3,1,3
2016551600049,2,9,0,3,0,1,0,0,0,0,2,1,6,2,42,7,1398,1,1,6,1,6
2016551600049,3,9,0,9,0,1,0,0,0,0,2,1,6,2,66,10,1598,1,16,7,1,7
2016551600051,1,9,0,9,0,5,0,0,0,0,1,1,1,1,37,7,1896,2,7,3,1,3
2016551600051,2,3,0,5,0,1,0,0,0,0,1,1,6,1,21,5,124,1,14,7,1,7
2016551600052,1,9,0,5,0,6,0,0,0,0,1,1,6,1,40,7,1796,1,14,3,1,3
2016551600052,2,9,0,18,0,1,0,0,0,0,1,1,6,1,41,7,1242,1,18,1,1,1
2016551600053,1,9,0,9,9,5,0,0,0,0,4,1,6,2,30,6,2979,1,14,7,1,7
2016551600054,1,9,0,9,0,8,0,0,0,0,1,1,6,2,40,7,995,1,4,5,1,5
2016551600058,1,3,0,15,0,1,0,0,0,0,1,1,6,2,43,7,114,1,1,6,1,6
2016551600058,2,19,0,3,0,1,0,0,0,0,0,1,6,1,35,6,1995,2,9,7,1,7
2016551600063,1,9,0,4,0,0,0,0,0,0,2,1,2,1,32,6,1995,2,4,5,1,5
2016551600063,2,9,0,18,0,0,0,0,0,0,1,1,6,2,71,10,989,1,17,5,3,5
2016551600064,1,9,0,5,0,1,0,0,0,0,1,1,2,1,39,7,1991,2,7,5,1,5
2016551600064,2,9,0,18,0,8,0,0,0,0,3,1,2,2,32,6,1995,2,11,6,1,6
2016551600068,1,9,0,18,0,6,1,0,7,9,4,1,6,2,81,11,1398,2,7,6,3,6
2016551600068,2,9,0,18,0,8,0,0,0,0,1,1,6,2,27,6,998,1,4,6,3,6
2016551600069,1,9,0,18,0,8,0,0,0,0,1,1,6,1,27,6,-1,-1,-1,3,1,3
2016551600069,2,9,0,9,0,2,0,0,0,0,1,1,6,1,29,6,1389,1,20,3,1,3
2016551600070,1,9,0,7,0,2,2,4,0,0,3,1,6,1,35,6,1968,2,2,4,1,4
2016551600070,2,9,0,2,0,1,0,0,0,0,3,1,6,3,-1,-1,1461,2,12,-1,-1,-1
2016551600070,3,9,0,2,0,1,0,0,0,0,1,1,6,3,-1,-1,1599,1,13,-1,-1,-1
2016551600070,4,9,0,2,0,1,0,0,0,0,4,1,6,3,-1,-1,1198,1,7,-1,-1,-1
2016551600070,5,19,0,2,0,1,0,0,0,0,2,1,6,3,-1,-1,2143,2,3,-1,-1,-1
2016551600071,1,9,0,7,0,2,0,0,7,0,4,1,2,2,19,4,1149,1,3,9,3,9
2016551600073,1,9,0,5,0,6,0,0,0,0,3,1,6,1,72,10,1998,2,11,1,1,1
2016551600073,2,9,0,16,0,1,0,0,0,0,1,1,6,1,60,9,1598,1,14,5,1,5
2016551600076,1,9,0,9,0,8,0,0,0,0,1,1,6,1,46,8,1999,1,7,2,1,2
2016551600076,2,4,0,14,0,8,1,0,0,0,1,1,6,1,20,4,399,1,17,3,1,3
2016551600076,3,9,0,18,0,8,0,0,0,0,2,1,6,2,44,7,1599,1,12,7,1,7
2016551600078,1,9,0,18,0,1,0,0,0,0,4,1,6,2,36,7,1997,1,7,6,1,6
2016551600078,2,9,0,18,0,1,0,0,0,0,1,1,6,1,65,9,1597,1,16,4,1,4
2016551600080,1,9,0,17,0,0,2,0,4,6,3,1,2,1,33,6,2926,2,14,8,2,8
2016551600085,1,9,0,17,0,0,0,0,0,0,0,1,6,1,32,6,2204,2,7,6,1,6
2016551600089,1,9,0,5,0,0,0,0,0,0,1,1,1,2,31,6,998,1,9,6,1,6
2016551600089,2,9,0,3,0,0,0,0,0,0,2,1,2,2,48,8,1349,1,7,2,1,2
2016551600090,1,9,0,5,0,4,0,0,0,0,1,1,6,2,62,9,1339,1,3,10,2,10
2016551600090,2,1,0,18,0,8,0,0,0,0,4,1,6,1,70,10,-1,-1,-1,6,3,6
2016551600091,1,9,0,7,0,6,0,0,0,0,3,1,1,1,65,9,1398,1,1,9,1,9
2016551600091,2,1,4,17,0,1,0,0,0,0,1,1,3,2,35,6,-1,-1,-1,9,1,9
2016551600107,1,9,0,18,0,0,1,0,1,11,1,1,2,2,53,8,-1,-1,-1,9,1,9
2016551600108,1,9,0,17,0,0,2,0,7,11,1,1,2,2,30,6,1422,2,7,9,3,9
2016551600136,1,9,0,8,0,1,0,0,0,0,1,1,6,1,26,6,1686,2,12,5,1,5
2016551600138,1,9,0,18,0,8,0,0,0,0,1,1,6,1,63,9,1560,2,3,8,1,8
2016551600138,2,9,0,18,0,1,0,0,0,0,4,1,2,1,34,6,1388,1,10,8,1,8
2016551600141,1,9,0,18,0,0,1,0,7,0,1,1,1,2,46,8,3490,1,19,5,3,5
2016551600142,1,9,0,18,0,0,0,0,0,0,1,1,1,1,46,8,2993,2,6,7,3,7
2016551600143,1,9,0,18,0,0,1,0,7,9,1,1,6,1,17,4,1598,2,4,-1,-1,-1
2016551600149,1,19,0,18,0,8,0,0,0,0,1,1,1,1,29,6,2198,2,1,1,1,1
2016551600149,2,9,0,3,0,8,0,0,0,0,2,1,2,2,45,7,1364,1,10,9,1,9
2016551600149,3,19,0,3,0,8,0,0,0,0,2,1,1,1,55,8,2402,2,6,4,1,4
2016551600151,1,19,0,18,0,1,0,0,0,0,3,1,1,1,50,8,1461,2,5,3,1,3
2016551600151,2,9,0,18,0,8,0,0,0,0,1,1,6,1,26,6,1360,1,16,2,1,2
2016551600152,1,9,0,16,0,0,2,0,7,0,1,1,2,2,17,4,998,1,16,7,2,7
2016551600153,1,9,0,18,0,4,0,0,0,0,1,1,6,2,67,10,1560,2,7,8,1,8
2016551600153,2,9,0,18,0,4,0,0,0,0,4,1,6,2,56,9,2495,2,15,5,1,5
2016551600154,1,9,0,1,9,6,0,0,0,0,2,1,6,1,73,10,1349,1,8,6,1,6
2016551600157,1,9,0,4,0,1,0,0,0,0,3,1,6,2,42,7,1896,2,13,6,3,6
2016551600157,2,9,0,7,0,3,0,0,0,0,1,1,6,2,87,11,1498,1,8,10,1,10
2016551600160,1,9,0,16,0,0,5,7,1,2,1,1,6,1,17,4,1796,1,13,4,1,4
2016551600163,1,9,0,18,0,2,0,0,0,0,4,1,6,2,42,7,2143,2,3,5,1,5
2016551600164,1,19,0,13,0,1,1,0,0,0,1,1,1,1,44,7,-1,-1,-1,5,3,5
2016551600164,2,9,0,18,0,1,1,0,1,11,2,1,6,2,67,10,1799,1,19,6,1,6
2016551600166,1,9,0,4,0,1,0,0,0,0,1,1,6,1,42,7,998,1,1,6,1,6
2016551600166,2,9,0,4,0,1,0,0,0,0,2,1,6,1,37,7,2148,2,12,7,1,7
2016551600169,1,2,0,9,1,5,0,0,0,0,0,1,6,2,16,4,49,1,7,6,1,6
2016551600172,1,9,0,4,0,0,0,0,0,0,2,1,6,1,70,10,2143,2,5,6,3,6
2016551600175,1,3,0,18,0,1,0,0,0,0,3,1,6,1,20,4,125,1,4,5,1,5
2016551600176,1,9,0,6,0,0,0,0,0,0,1,1,6,1,27,6,1984,1,9,6,1,6
2016551600176,2,5,0,18,0,0,0,0,0,0,1,1,6,1,48,8,649,1,2,4,1,4
2016551600180,1,9,0,18,0,4,0,0,0,0,1,1,6,2,22,5,998,1,3,10,1,10
2016551600180,2,1,0,17,0,8,0,0,0,0,2,1,2,1,54,8,-1,-1,-1,6,1,6
2016551600189,1,9,0,17,0,0,2,0,7,10,1,1,2,2,33,6,1198,1,9,8,1,8
2016551600194,1,9,0,4,0,8,1,0,0,0,1,1,2,1,18,4,1124,1,11,10,1,10
2016551600194,2,9,0,9,0,8,0,0,0,0,4,1,2,1,21,5,1300,1,32,7,1,7
2016551600195,1,9,0,18,9,0,0,0,3,11,1,1,6,2,81,11,1197,1,2,2,1,2
2016551600197,1,9,0,17,0,0,2,0,7,11,1,1,6,1,27,6,1997,1,14,2,1,2
2016551600198,1,9,0,1,0,0,0,0,0,0,2,1,6,2,73,10,1598,1,6,4,1,4
2016551600205,1,3,0,4,0,0,1,0,1,0,1,1,2,1,20,4,124,1,2,7,3,7
2016551600206,1,21,1,18,0,1,1,0,0,0,1,1,1,1,50,8,5880,2,11,2,1,2
2016551600206,2,9,0,3,0,1,0,0,0,0,2,1,6,2,37,7,2184,2,10,6,3,6
2016551600206,3,19,0,3,0,1,0,0,0,0,2,1,1,3,-1,-1,1598,2,1,-1,-1,-1
2016551600207,1,21,0,4,0,0,0,0,1,11,4,1,1,1,49,8,5480,2,16,7,2,7
2016551600209,1,3,0,9,0,4,1,0,0,0,4,1,6,1,17,4,124,1,13,9,3,9
2016551600214,1,4,0,18,0,1,0,0,1,0,1,1,2,1,25,5,487,1,14,5,3,5
2016551600214,2,9,0,9,0,5,0,0,0,0,1,1,6,2,56,9,1968,2,9,8,1,8
2016551600215,1,1,0,5,0,6,0,0,0,0,1,1,4,1,13,3,-1,-1,-1,8,1,8
2016551600215,2,9,0,4,0,4,0,0,0,0,4,1,2,1,37,7,1794,1,13,2,1,2
2016551600217,1,9,0,18,0,1,0,0,0,0,1,1,6,1,75,10,796,1,16,8,1,8
2016551600217,2,1,0,18,9,1,0,0,1,0,3,1,6,1,35,6,-1,-1,-1,5,1,5
2016551600218,1,9,0,18,0,1,0,0,0,0,1,1,1,2,21,5,998,1,1,9,1,9
2016551600219,1,9,0,9,0,2,0,0,0,0,1,1,6,1,56,9,1598,2,4,7,1,7
2016551600219,2,9,0,17,0,1,1,0,0,0,1,1,6,1,57,9,1996,1,22,7,1,7
2016551600226,1,9,0,4,0,0,1,0,1,10,1,1,6,1,46,8,1998,1,16,6,1,6
2016551600227,1,9,0,7,0,8,0,0,0,0,1,1,6,3,-1,-1,-1,-1,-1,-1,-1,-1
2016551600230,1,9,0,18,0,1,0,0,0,0,1,1,6,1,27,6,1896,2,14,2,1,2
2016551600230,2,9,0,18,0,1,0,0,0,0,2,1,6,2,47,8,1896,2,14,8,1,8
2016551600231,1,19,0,16,0,0,1,0,0,0,1,1,6,1,24,5,2400,2,12,7,3,7
2016551600231,2,9,0,17,0,0,0,0,0,0,3,1,6,1,29,6,1390,1,9,7,1,7
2016551600235,1,9,0,9,0,8,0,0,0,0,1,1,3,2,39,7,996,1,3,8,1,8
2016551600235,2,1,0,18,0,8,0,0,0,0,3,1,4,1,14,3,-1,-1,-1,5,1,5
2016551600237,1,21,0,15,0,1,0,0,0,0,1,1,1,1,46,8,-1,-1,-1,9,1,9
2016551600237,2,19,0,10,0,1,0,0,0,0,2,1,6,1,59,9,2198,2,2,10,1,10
2016551600239,1,9,0,7,0,8,0,0,0,0,4,1,6,2,73,10,1956,2,5,6,2,6
2016551600244,1,11,0,9,0,5,0,0,0,0,3,1,1,3,-1,-1,7300,2,12,-1,-1,-1
2016551600244,2,9,0,4,0,1,0,0,0,0,1,1,6,2,41,7,1896,2,15,8,1,8
2016551600245,1,9,0,9,0,2,0,0,0,0,1,1,1,1,48,8,1796,1,13,9,2,9
2016551600245,2,1,0,18,0,1,0,0,7,0,1,1,1,1,15,3,-1,-1,-1,9,2,9
2016551600246,1,9,0,18,0,1,0,0,0,0,1,2,2,2,30,6,-1,-1,-1,6,1,6
2016551600246,2,9,0,18,0,8,0,10,0,0,3,1,6,2,56,9,989,1,14,3,1,3
2016551600247,1,4,0,18,0,0,1,0,0,0,3,1,6,1,25,5,400,1,9,3,1,3
2016551600250,1,9,0,18,0,8,0,0,0,0,2,1,6,2,70,10,1339,1,10,7,1,7
2016551600250,2,9,0,5,0,4,0,0,0,0,1,1,6,2,48,8,2996,1,9,8,1,8
2016551600251,1,9,0,17,0,0,2,0,0,0,1,1,6,2,35,6,1587,1,14,9,3,9
2016551600252,1,9,0,18,0,0,2,0,1,10,1,1,2,1,49,8,2979,1,-1,6,1,6
2016551600253,1,3,0,17,0,0,1,0,0,0,0,1,6,1,17,4,124,1,13,9,3,9
2016551600259,1,9,0,18,0,8,0,0,0,0,4,1,3,2,46,8,3226,2,16,10,1,10
2016551600260,1,9,0,5,0,4,0,0,0,0,1,1,2,2,56,9,1397,1,14,9,1,9
2016551600260,2,1,0,18,0,8,0,0,0,0,4,1,6,1,15,3,-1,-1,-1,5,1,5
2016551600262,1,5,0,4,0,0,1,4,0,0,3,1,6,1,65,9,745,1,4,6,1,6
2016551600262,2,9,0,3,0,0,0,0,0,0,2,1,6,2,77,11,1590,1,11,7,2,7
2016551600264,1,9,0,5,0,1,0,0,0,0,1,1,2,2,18,4,1061,1,11,8,1,8
2016551600264,2,9,0,3,0,1,0,0,0,0,2,1,3,2,48,8,1997,1,14,2,1,2
2016551600266,1,9,0,5,0,4,0,0,0,0,3,1,6,3,-1,-1,-1,-1,-1,-1,-1,-1
2016551600266,2,4,0,18,0,8,0,0,0,0,1,1,2,1,46,8,1250,1,16,5,1,5
2016551600267,1,9,0,18,0,4,0,0,0,0,1,1,6,2,69,10,1896,2,12,10,1,10
2016551600267,2,9,0,3,0,1,0,0,0,0,2,1,6,1,25,5,1798,1,6,3,1,3
2016551600270,1,9,0,9,0,3,0,0,0,0,1,1,6,2,28,6,1296,1,9,5,2,5
2016551600270,2,9,0,9,0,3,0,0,0,0,4,1,6,1,24,5,2000,1,7,10,1,10
2016551600271,1,9,0,18,9,0,0,0,0,0,4,1,6,3,-1,-1,-1,-1,-1,-1,-1,-1
2016551600273,1,9,0,9,0,6,0,0,0,0,1,1,6,3,-1,-1,-1,-1,-1,-1,-1,-1
2016551600275,1,9,0,7,0,6,0,0,0,0,1,1,6,1,48,8,1598,1,2,7,2,7
2016551600277,1,9,0,5,0,7,0,0,0,0,0,1,6,1,79,11,1896,2,14,9,1,9
2016551600277,2,4,0,18,0,1,0,0,0,0,0,1,6,1,36,7,125,1,13,9,1,9
2016551600278,1,3,0,18,0,0,0,0,0,0,4,1,6,1,39,7,124,1,4,-1,-1,-1
2016551600280,1,9,0,18,0,1,0,0,0,0,1,1,6,2,18,4,1390,1,14,8,1,8
2016551600280,2,9,0,10,0,1,0,0,0,0,2,1,6,2,43,7,1598,2,4,8,1,8
2016551600282,1,1,0,18,0,0,0,0,0,0,1,1,6,3,-1,-1,-1,-1,-1,-1,-1,-1
2016551600285,1,9,0,18,0,1,0,0,0,0,3,1,6,2,33,6,1968,2,1,6,1,6
2016551600285,2,9,0,18,0,1,0,0,0,0,1,1,6,2,43,7,2902,2,9,9,1,9
2016551600288,1,3,0,18,0,1,1,0,0,0,0,1,6,1,18,4,124,1,1,6,1,6
2016551600288,2,9,0,1,0,1,0,0,0,0,0,1,6,1,33,6,1398,1,3,8,2,8
2016551600289,1,9,0,18,0,2,0,0,0,0,3,1,6,2,68,10,1591,1,2,3,1,3
2016551600290,1,3,0,13,0,1,0,0,0,0,1,1,2,1,36,7,124,1,3,3,1,3
2016551600290,2,9,0,9,0,8,0,0,0,0,3,1,6,1,50,8,1360,1,10,8,1,8
2016551600311,1,9,0,18,0,1,0,0,0,0,1,1,6,1,20,4,1229,1,10,5,3,5
2016551600311,2,9,0,18,0,8,0,0,0,0,3,1,6,1,18,4,998,1,1,-1,-1,-1
2016551600312,1,19,0,5,0,1,0,0,0,0,1,1,2,1,46,8,1896,2,12,2,1,2
2016551600312,2,9,0,17,0,1,0,0,0,0,1,1,2,2,18,4,-1,-1,-1,6,3,6
2016551600314,1,9,0,18,0,1,0,0,0,0,1,1,6,1,51,8,1951,2,12,4,1,4
2016551600314,2,5,0,18,0,1,0,0,0,0,3,1,6,1,26,6,1050,1,5,6,1,6
2016551600315,1,9,0,5,0,6,0,0,0,0,0,1,6,3,-1,-1,-1,-1,-1,-1,-1,-1