Accident_Index,Vehicle_Reference,Vehicle_Type,Towing_and_Articulation,Vehicle_Manoeuvre,Vehicle_Location-Restricted_Lane,Junction_Location,Skidding_and_Overturning,Hit_Object_in_Carriageway,Vehicle_Leaving_Carriageway,Hit_Object_off_Carriageway,1st_Point_of_Impact,Was_Vehicle_Left_Hand_Drive?,Journey_Purpose_of_Driver,Sex_of_Driver,Age_of_Driver,Age_Band_of_Driver,Engine_Capacity_(CC),Propulsion_Code,Age_of_Vehicle,Driver_IMD_Decile,Driver_Home_Area_Type,Vehicle_IMD_Decile
2016551600315,2,11,0,4,0,1,0,0,0,0,0,1,1,1,56,9,6374,2,7,9,1,9
2016551600316,1,9,0,18,0,0,5,0,1,11,1,1,6,1,35,6,1796,1,16,7,1,7
2016551600317,1,9,0,18,0,2,0,0,0,0,3,1,6,1,20,4,1390,1,4,5,1,5
2016551600318,1,1,0,18,4,1,0,0,0,0,1,1,1,2,22,5,-1,-1,-1,5,1,5
2016551600318,2,9,0,7,0,8,0,0,0,0,1,1,6,1,44,7,1956,2,6,3,1,3
2016551600321,1,9,0,18,0,0,0,0,0,0,1,1,6,1,21,5,1998,2,12,1,2,1
2016551600321,2,9,0,18,0,0,0,0,0,0,2,1,6,1,52,8,1999,1,14,5,1,5
2016551600324,1,9,0,18,0,1,0,0,0,0,1,1,6,2,42,7,1591,1,8,9,2,9
2016551600324,2,9,0,18,0,1,0,0,0,0,2,1,6,1,25,5,1956,2,5,8,2,8
2016551600326,1,9,0,9,0,2,0,0,0,0,4,1,6,2,73,10,-1,-1,-1,9,1,9
2016551600326,2,97,0,18,0,1,0,0,0,0,1,1,6,2,60,9,50,1,8,7,1,7
2016551600332,1,9,0,4,0,4,0,0,0,0,1,1,6,2,40,7,1461,2,2,5,1,5
2016551600332,2,9,0,4,0,4,0,0,0,0,2,1,6,1,32,6,1461,2,1,9,1,9
2016551600336,1,9,0,18,0,1,0,0,0,0,3,1,6,2,60,9,1968,2,2,2,1,2
2016551600336,2,9,0,18,0,1,0,0,0,0,1,1,6,1,49,8,1753,2,12,9,1,9
2016551600341,1,9,0,5,0,4,0,0,0,0,2,2,6,2,57,9,998,1,2,5,1,5
2016551600341,2,4,0,17,0,8,0,0,0,0,1,1,6,1,22,5,125,1,2,1,1,1
2016551600342,1,9,0,12,0,0,0,0,0,0,1,1,2,1,18,4,1199,1,14,9,1,9
2016551600342,2,9,0,3,0,0,0,0,0,0,2,1,6,1,77,11,998,1,5,6,1,6
2016551600342,3,19,0,3,0,0,0,0,0,0,2,1,1,1,47,8,2143,2,5,9,1,9
2016551600348,1,9,0,5,0,6,0,0,0,0,1,1,6,1,31,6,1149,1,13,10,1,10
2016551600348,2,1,0,18,0,1,0,0,0,0,3,1,6,2,21,5,-1,-1,-1,10,1,10
2016551600356,1,9,0,10,0,1,0,0,0,0,2,1,3,2,39,7,1197,1,1,3,1,3
2016551600356,2,9,0,3,0,1,0,0,0,0,2,1,6,2,67,10,1596,1,2,7,1,7
2016551600356,3,9,0,4,0,1,0,0,0,0,1,1,6,2,19,4,995,1,12,5,1,5
2016551600357,1,9,0,17,0,8,1,0,7,4,4,1,6,1,27,6,1587,1,17,5,1,5
2016551600359,1,9,0,7,0,2,0,0,0,0,4,1,6,3,-1,-1,-1,-1,-1,-1,-1,-1
2016551600360,1,9,0,18,0,1,0,0,1,3,1,1,6,1,34,6,2143,2,2,1,1,1
2016551600360,2,9,0,10,0,1,0,0,0,0,0,1,6,2,51,8,1587,1,14,10,1,10
2016551600361,1,9,0,17,0,0,0,0,0,0,1,2,6,2,48,8,-1,-1,-1,-1,-1,-1
2016551600361,2,9,0,16,0,0,0,0,0,0,1,1,6,1,73,10,1560,2,2,6,3,6
2016551600368,1,9,0,4,0,1,0,0,0,0,1,1,6,3,-1,-1,-1,-1,-1,-1,-1,-1
2016551600368,2,2,0,18,0,1,0,0,0,0,2,1,1,2,18,4,124,1,2,4,1,4
2016551600373,1,19,0,9,0,8,0,0,0,0,1,1,1,1,57,9,1248,2,4,9,1,9
2016551600373,2,9,0,16,0,8,0,0,0,0,1,1,6,1,45,7,1560,2,3,2,1,2
2016551600375,1,9,0,7,0,1,0,0,0,0,4,1,6,1,32,6,-1,-1,-1,1,1,1
2016551600375,2,1,0,18,0,8,0,0,0,0,4,1,6,1,49,8,-1,-1,-1,1,1,1
2016551600377,1,9,0,7,0,3,0,0,0,0,3,1,6,1,34,6,-1,-1,-1,5,1,5
2016551600377,2,1,0,18,0,3,0,0,0,0,2,1,6,1,26,6,-1,-1,-1,6,1,6
2016551600378,1,9,0,5,0,8,0,0,0,0,2,1,6,2,69,10,1590,1,13,7,3,7
2016551600378,2,9,0,5,0,1,0,0,0,0,2,1,6,1,44,7,1560,2,4,1,1,1
2016551600378,3,19,0,5,0,1,0,0,0,0,1,1,1,2,52,8,2982,2,4,7,1,7
2016551600379,1,9,0,18,0,0,0,0,0,0,4,1,2,1,40,7,1984,1,14,2,1,2
2016551600379,2,1,0,18,0,0,0,0,0,0,3,1,6,1,57,9,-1,-1,-1,1,1,1
2016551600380,1,9,0,18,0,0,0,0,0,0,1,1,6,3,-1,-1,-1,-1,-1,-1,-1,-1
2016551600388,1,9,0,13,0,0,0,0,0,0,4,1,6,3,-1,-1,-1,-1,-1,-1,-1,-1
2016551600388,2,90,0,18,0,0,5,0,0,0,2,1,6,1,28,6,400,1,12,2,1,2
2016551600391,1,9,0,5,0,6,0,0,0,0,1,1,6,1,84,11,899,1,3,9,3,9
2016551600391,2,9,0,18,0,8,0,0,7,4,1,1,6,2,62,9,1396,1,5,7,3,7
2016551600393,1,2,0,18,0,0,1,0,0,0,1,1,6,1,54,8,49,1,3,5,1,5
2016551600393,2,19,0,4,0,0,0,0,0,0,2,1,6,1,40,7,1598,2,5,5,1,5
2016551600394,1,9,0,5,0,4,0,0,0,0,1,1,6,2,68,10,998,1,3,3,1,3
2016551600394,2,1,0,16,0,8,0,0,0,0,4,1,2,1,30,6,-1,-1,-1,10,1,10
2016551600395,1,9,0,17,0,2,0,0,1,1,1,1,6,2,91,11,1390,1,12,9,1,9
2016551600400,1,9,0,13,0,0,0,0,0,0,3,1,6,1,47,8,1997,1,16,5,1,5
2016551600400,2,9,0,4,0,0,0,0,0,0,3,1,6,1,24,5,1995,2,12,6,1,6
2016551600401,1,9,0,11,0,0,0,0,0,0,1,1,2,1,25,5,3498,1,5,2,1,2
2016551600405,1,9,0,4,0,1,0,0,0,0,1,1,6,1,27,6,1796,1,12,5,1,5
2016551600405,2,5,0,10,0,4,0,0,0,0,2,1,2,1,39,7,656,1,8,5,1,5
2016551600411,1,9,0,16,0,0,2,0,1,0,4,1,6,2,23,5,989,1,17,5,2,5
2016551600416,1,9,0,9,0,6,0,0,0,0,1,1,6,2,40,7,1360,1,15,7,1,7
2016551600417,1,5,0,18,0,0,0,0,0,0,4,1,2,1,29,6,999,1,4,-1,-1,-1
2016551600419,1,3,0,18,0,8,1,0,0,0,0,1,2,1,18,4,125,1,1,5,1,5
2016551600419,2,9,0,9,0,1,0,0,0,0,0,1,2,1,46,8,1560,2,3,9,1,9
2016551600419,3,9,0,4,0,1,0,0,0,0,3,1,2,2,43,7,1364,1,1,5,1,5
2016551600420,1,9,0,17,0,0,1,0,1,4,1,1,1,2,27,6,1998,1,13,5,2,5
2016551600421,1,9,0,16,0,8,0,0,7,1,4,1,6,1,65,9,1598,1,16,7,1,7
2016551600421,2,20,0,18,0,8,0,0,0,0,1,1,1,1,64,9,4250,2,13,4,1,4
2016551600423,1,9,0,18,0,1,0,0,0,0,1,1,6,2,47,8,1242,1,6,8,2,8
2016551600423,2,9,0,10,0,1,0,0,0,0,2,1,1,1,40,7,2999,2,14,5,2,5
2016551600425,1,9,0,7,0,5,0,0,0,0,1,1,2,1,48,8,1796,1,14,6,1,6
2016551600426,1,9,0,3,0,7,0,0,0,0,2,1,6,2,30,6,1388,1,10,10,1,10
2016551600426,2,9,0,4,0,7,0,0,0,0,1,1,6,2,22,5,998,1,21,7,1,7
2016551600427,1,9,0,18,0,0,5,0,1,4,4,1,1,2,27,6,1298,1,25,6,3,6
2016551600428,1,5,0,5,0,4,0,0,0,0,2,1,6,1,52,8,998,1,13,6,1,6
2016551600428,2,9,0,5,0,4,0,0,0,0,1,1,6,1,59,9,1596,1,6,9,1,9
2016551600435,1,9,0,13,0,1,0,0,0,0,1,1,2,1,45,7,1461,2,5,5,1,5
2016551600435,2,9,0,16,0,8,0,0,0,0,1,1,6,2,61,9,1399,2,7,6,3,6
2016551600438,1,9,0,9,0,6,0,0,0,0,1,1,2,2,32,6,1242,1,6,9,1,9
2016551600438,2,3,0,13,0,1,1,0,0,0,1,1,2,1,26,6,125,1,6,1,1,1
2016551600445,1,9,0,18,0,1,0,0,0,0,1,1,1,1,58,9,996,1,6,8,1,8
2016551600445,2,9,0,18,0,8,0,0,1,10,3,1,6,2,27,6,1398,1,3,5,1,5
2016551600448,1,19,0,18,0,0,0,0,0,0,4,1,6,1,25,5,1968,2,2,7,1,7
2016551600448,2,2,0,3,0,0,0,0,0,0,4,1,6,1,19,4,49,1,8,6,1,6
2016551600449,1,19,0,9,0,5,0,0,0,0,1,1,1,1,29,6,2187,2,15,7,1,7
2016551600449,2,1,0,18,0,8,0,0,0,0,3,1,2,1,31,6,-1,-1,-1,10,1,10
2016551600450,1,9,0,7,0,6,0,0,0,0,3,1,6,2,43,7,998,1,19,6,1,6
2016551600450,2,9,0,18,0,1,1,0,0,0,1,1,6,1,30,6,-1,-1,-1,7,2,7
2016551600451,1,9,0,4,0,0,1,0,0,0,1,1,6,2,17,4,973,1,13,10,2,10
2016551600451,2,9,0,18,0,0,0,0,0,0,2,1,2,2,45,7,1388,1,14,3,1,3
2016551600451,3,9,0,4,0,0,0,0,0,0,2,1,6,2,20,4,1246,1,11,6,1,6
2016551600452,1,9,0,12,0,0,1,7,5,6,3,1,6,1,61,9,1997,2,5,4,1,4
2016551600452,2,9,0,13,0,0,1,0,5,6,4,1,6,2,25,5,1590,1,15,2,1,2
2016551600456,1,9,0,5,0,8,0,0,0,0,3,1,6,2,41,7,1896,2,12,8,1,8
2016551600456,2,1,0,14,0,8,0,0,0,0,4,1,6,2,22,5,-1,-1,-1,5,1,5
2016551600458,1,9,0,4,0,0,1,0,0,0,1,1,2,1,20,4,1596,1,15,7,2,7
2016551600458,2,9,0,3,0,0,0,0,0,0,2,1,6,2,45,7,1242,1,2,6,3,6
2016551600458,3,9,0,3,0,0,0,0,0,0,2,1,1,2,23,5,1597,2,2,9,2,9
2016551600459,1,9,0,9,0,8,0,0,0,0,4,2,6,2,19,4,1229,1,11,9,1,9
2016551600459,2,1,0,18,0,8,0,0,0,0,1,1,1,1,40,7,-1,-1,-1,6,1,6
2016551600468,1,9,0,18,0,0,2,0,7,11,1,1,2,1,21,5,1587,1,13,1,1,1
2016551600469,1,19,0,18,0,8,1,0,0,0,1,1,1,1,28,6,2198,2,3,5,1,5
2016551600469,2,9,0,18,0,8,0,0,0,0,1,1,2,1,63,9,1896,2,14,10,1,10
2016551600475,1,9,0,18,0,0,1,0,0,0,1,1,6,1,32,6,2171,2,14,4,1,4
2016551600480,1,9,0,18,0,4,0,0,3,0,1,1,1,1,39,7,1997,2,5,2,1,2
2016551600480,2,1,0,18,0,8,0,0,3,0,4,1,6,1,51,8,-1,-1,-1,5,1,5
2016551600483,1,9,0,5,0,1,0,0,0,0,1,1,6,1,71,10,1997,2,10,6,1,6
2016551600486,1,9,0,18,0,2,1,0,0,0,1,1,6,2,19,4,1997,2,12,2,1,2
2016551600486,2,21,0,3,0,2,0,0,0,0,2,1,1,1,26,6,6700,2,1,6,3,6
2016551600488,1,9,0,18,0,2,0,0,0,0,4,1,2,1,27,6,1364,1,6,6,1,6
2016551600488,2,1,0,18,0,1,0,0,0,0,1,1,6,1,33,6,-1,-1,-1,6,1,6
2016551600489,1,9,0,9,0,5,0,0,0,0,1,1,6,2,71,10,1995,2,5,8,1,8
2016551600489,2,1,0,18,0,8,0,0,0,0,3,1,6,1,22,5,-1,-1,-1,7,1,7
2016551600492,1,19,0,18,0,0,0,0,0,0,1,1,1,2,33,6,2198,2,2,4,2,4
2016551600492,2,9,0,3,0,0,0,0,0,0,2,1,2,1,75,10,1560,2,5,5,2,5
2016551600493,1,9,0,18,0,8,0,0,0,0,0,1,6,2,73,10,1339,1,3,9,1,9
2016551600493,2,9,0,18,0,7,2,0,0,0,1,1,6,1,60,9,1360,1,12,10,1,10
2016551600494,1,9,0,5,0,1,0,0,0,0,1,1,6,1,91,11,1242,1,15,5,1,5
2016551600494,2,9,0,18,0,8,0,0,0,0,3,1,6,2,64,9,1360,1,8,6,1,6
2016551600496,1,9,0,18,0,0,5,4,0,0,4,1,6,1,87,11,1388,1,14,9,1,9
2016551600496,2,9,0,2,0,0,0,0,0,0,3,1,6,3,-1,-1,995,1,3,-1,-1,-1
2016551600499,1,9,0,18,0,0,0,0,0,0,3,1,6,1,29,6,2179,2,13,5,2,5
2016551600502,1,9,0,9,0,8,0,0,0,0,3,1,6,1,52,8,1242,1,8,7,1,7
2016551600502,2,9,0,18,0,8,0,0,0,0,1,1,6,1,18,4,1124,1,16,9,1,9
2016551600503,1,5,0,13,0,3,1,0,0,0,4,1,6,1,41,7,782,1,13,5,1,5
2016551600503,2,9,0,18,0,3,0,0,0,0,3,1,6,1,72,10,1560,2,2,4,1,4
2016551600504,1,9,0,18,0,2,0,0,0,0,1,1,1,3,-1,-1,-1,-1,-1,-1,-1,-1
2016551600508,1,9,0,9,0,1,0,0,0,0,1,1,2,1,19,4,1124,1,15,3,1,3
2016551600508,2,1,0,18,0,8,0,0,0,0,1,1,6,2,18,4,-1,-1,-1,5,1,5
2016551600509,1,9,0,9,0,1,0,0,0,0,1,1,6,1,49,8,1896,2,11,10,1,10
2016551600509,2,1,0,18,4,1,0,0,0,0,3,1,6,1,27,6,-1,-1,-1,7,1,7
2016551600511,1,19,0,10,0,1,0,0,0,0,1,1,2,1,65,9,2148,2,11,5,1,5
2016551600511,2,3,0,18,0,8,0,0,0,0,2,1,2,2,25,5,98,1,26,7,1,7
2016551600512,1,11,0,5,0,8,0,0,0,0,1,2,3,1,52,8,-1,-1,-1,-1,-1,-1
2016551600512,2,9,0,18,0,3,0,0,0,0,4,1,6,1,47,8,2993,2,10,8,2,8
2016551600515,1,5,0,18,0,0,1,0,0,0,3,1,2,1,62,9,498,1,11,8,1,8
2016551600515,2,9,0,12,0,0,0,0,0,0,0,1,2,1,33,6,1968,2,2,8,2,8
2016551600518,1,19,0,4,0,0,1,0,0,0,1,1,1,1,24,5,2953,2,12,7,1,7
2016551600518,2,19,0,4,0,0,0,0,0,0,2,1,1,1,57,9,2198,2,8,7,1,7
2016551600519,1,9,0,18,0,0,0,0,7,0,1,2,6,2,69,10,2179,2,9,5,1,5
2016551600519,2,9,0,18,0,0,0,0,0,0,1,1,6,2,43,7,1598,1,10,5,2,5
2016551600520,1,9,0,18,0,0,0,0,0,0,2,1,6,2,37,7,1349,1,1,7,1,7
2016551600520,2,9,0,18,0,0,0,0,0,0,1,1,6,1,-1,-1,1896,2,15,9,2,9
2016551600522,1,8,0,5,0,6,0,0,0,0,1,1,1,1,38,7,1997,2,11,5,1,5
2016551600522,2,8,0,18,0,8,0,0,0,0,1,1,1,1,41,7,2231,2,10,7,1,7
2016551600523,1,9,0,18,0,2,0,0,0,0,3,1,6,2,34,6,1995,2,11,7,1,7
2016551600523,2,19,0,18,0,1,0,0,0,0,3,1,6,1,50,8,1870,2,13,5,1,5
2016551600523,3,1,0,18,0,1,0,0,0,0,0,1,2,1,33,6,-1,-1,-1,5,1,5
2016551600528,1,9,0,4,0,0,0,0,0,0,1,1,6,1,40,7,1896,2,14,3,1,3
2016551600528,2,9,0,4,0,0,0,0,0,0,2,1,6,2,52,8,1398,1,10,10,1,10
2016551600528,3,9,0,3,0,0,0,0,0,0,2,1,6,1,56,9,1951,2,14,7,1,7
2016551600531,1,9,0,18,0,0,0,0,0,0,1,1,6,2,22,5,998,1,4,6,3,6
2016551600531,2,9,0,18,0,0,0,0,1,0,1,1,6,2,36,7,1995,2,7,8,1,8
2016551600532,1,9,0,18,0,2,0,0,0,0,1,1,6,1,38,7,2143,2,2,7,1,7
2016551600532,2,1,0,18,0,6,0,0,0,0,1,1,6,1,14,3,-1,-1,-1,5,1,5
2016551600533,1,9,0,9,0,8,0,0,0,0,1,1,6,2,59,9,1896,2,13,9,1,9
2016551600533,2,9,0,18,0,8,0,0,0,0,1,1,3,2,28,6,1798,1,10,7,1,7
2016551600535,1,9,0,13,0,0,0,0,0,0,1,1,6,1,81,11,1968,2,3,9,1,9
2016551600535,2,1,0,18,0,0,1,0,0,0,2,1,6,1,42,7,-1,-1,-1,8,1,8
2016551600537,1,9,0,17,0,0,1,0,2,7,4,1,6,1,19,4,1242,1,13,5,3,5
2016551600538,1,9,0,10,0,8,0,0,0,0,3,1,6,2,83,11,1240,1,13,10,1,10
2016551600538,2,5,0,18,0,1,1,0,0,0,1,1,6,1,21,5,124,1,2,9,1,9
2016551600541,1,9,0,10,0,1,0,0,0,0,2,1,6,2,21,5,1596,1,15,8,1,8
2016551600541,2,9,0,18,0,1,0,0,0,0,1,1,6,1,27,6,1968,2,4,10,1,10
2016551600550,1,11,0,18,0,0,0,0,0,0,1,1,6,1,58,9,8300,2,16,3,1,3
2016551600551,1,3,0,18,0,0,1,10,0,0,1,1,6,1,22,5,124,1,4,4,1,4
2016551600552,1,19,0,4,0,1,0,0,0,0,1,1,6,1,26,6,1997,2,11,2,1,2
2016551600552,2,9,0,10,0,1,0,0,0,0,0,1,6,2,46,8,1973,1,17,7,3,7
2016551600552,3,9,0,3,0,1,0,0,0,0,2,1,6,2,49,8,1998,2,3,6,3,6
2016551600552,4,9,0,18,0,8,0,0,0,0,1,1,6,2,55,8,1248,2,8,8,1,8
2016551600555,1,9,0,16,0,0,0,0,7,9,1,1,6,2,42,7,2993,2,5,5,3,5
2016551600555,2,9,0,18,0,0,1,0,0,0,1,1,6,2,30,6,1896,2,11,4,1,4
2016551600555,3,9,0,18,0,0,1,0,0,0,1,1,6,2,37,7,1349,1,6,5,3,5
2016551600556,1,1,0,18,0,1,0,0,0,0,1,1,6,1,43,7,-1,-1,-1,7,1,7
2016551600560,1,9,0,5,9,0,0,0,0,0,1,1,6,1,63,9,1968,2,8,5,1,5
2016551600560,2,1,0,3,0,0,0,0,0,0,1,1,6,2,53,8,-1,-1,-1,9,1,9
2016551600561,1,9,0,9,0,6,0,0,0,0,1,1,6,2,27,6,1360,1,13,5,1,5
2016551600561,2,9,0,18,0,1,0,0,0,0,4,1,6,1,62,9,-1,-1,-1,9,3,9
2016551600564,1,9,0,5,0,6,0,0,0,0,4,1,3,2,60,9,1598,1,12,4,1,4
2016551600564,2,9,0,18,0,1,0,0,0,0,1,1,2,1,57,9,1598,2,4,8,1,8
2016551600566,1,9,0,18,0,0,1,0,0,0,1,1,2,2,20,4,1390,1,14,10,1,10
2016551600566,2,9,0,3,0,0,0,0,0,0,1,1,2,2,27,6,1496,1,1,5,1,5
2016551600566,3,19,0,3,0,0,0,0,0,0,2,1,2,1,43,7,1968,2,4,8,3,8
2016551600573,1,9,0,18,0,3,0,0,3,2,1,1,6,1,66,10,1991,1,3,10,1,10
2016551600576,1,4,0,15,0,0,0,4,0,0,1,1,6,1,23,5,250,1,17,3,1,3
2016551600576,2,9,0,18,0,0,0,0,0,0,4,1,3,2,50,8,2993,2,5,9,1,9
2016551600576,3,9,0,2,0,0,0,0,0,0,3,1,6,3,-1,-1,1598,1,1,-1,-1,-1
2016551600581,1,5,0,18,0,0,0,0,0,0,1,1,6,1,40,7,599,1,18,3,1,3
2016551600581,2,9,0,4,0,0,0,0,0,0,1,1,6,2,65,9,1796,1,16,5,1,5
2016551600583,1,9,0,4,0,0,0,0,0,0,1,1,6,2,39,7,1998,2,6,9,1,9
2016551600583,2,9,0,3,0,0,0,0,0,0,2,1,2,2,39,7,1968,2,6,9,1,9
2016551600584,1,9,0,18,0,0,0,0,0,0,1,1,6,1,17,4,-1,-1,-1,5,2,5
2016551600585,1,9,0,18,0,0,0,0,0,0,1,1,6,1,32,6,1997,2,16,9,1,9
2016551600585,2,9,0,18,0,0,0,0,1,0,1,1,6,2,36,7,1968,2,10,10,1,10
2016551600586,1,3,0,18,0,0,0,0,0,0,1,1,6,1,18,4,124,1,1,7,3,7
2016551600587,1,9,0,17,0,0,2,0,0,0,1,1,2,2,20,4,1390,1,9,9,1,9
2016551600588,1,9,0,1,0,0,0,0,0,0,2,1,6,1,78,11,2996,2,17,10,1,10
2016551600592,1,1,0,18,0,1,0,0,0,0,2,1,1,2,21,5,-1,-1,-1,5,1,5
2016551600592,2,9,0,9,0,1,0,0,0,1,1,1,6,3,-1,-1,-1,-1,-1,-1,-1,-1
2016551600593,1,90,0,18,0,0,1,0,0,0,1,1,6,1,39,7,-1,-1,-1,1,1,1
2016551600593,2,8,0,2,0,0,0,0,0,0,2,1,1,3,-1,-1,1560,2,7,-1,-1,-1
2016551600594,1,9,0,18,0,0,0,0,0,0,4,1,6,1,44,7,1598,1,17,8,3,8
2016551600595,1,9,0,18,0,0,0,0,0,0,4,1,6,1,22,5,1360,1,14,4,1,4
2016551600597,1,19,0,9,0,5,0,0,0,0,3,2,2,1,52,8,2500,2,9,6,1,6
2016551600597,2,5,0,13,0,1,0,0,0,0,4,1,2,1,51,8,1151,1,6,7,1,7
2016551600598,1,19,0,4,0,1,0,0,0,0,2,1,1,1,43,7,1995,2,3,10,1,10
2016551600598,2,9,0,3,0,1,0,0,0,0,1,1,2,2,23,5,1396,1,14,10,1,10
2016551600599,1,9,0,14,0,1,0,0,0,0,1,1,6,2,27,6,1360,1,9,2,1,2
2016551600599,2,9,0,9,0,5,0,0,0,0,1,1,6,2,25,5,1598,1,8,6,3,6
2016551600601,1,9,0,10,0,1,0,0,0,0,1,1,2,1,35,6,1395,1,2,7,1,7
2016551600601,2,5,0,18,0,1,0,0,0,0,3,1,6,1,61,9,250,1,23,8,1,8
2016551600602,1,9,0,17,0,0,2,0,7,10,1,1,6,1,18,4,999,1,16,4,1,4
2016551600606,1,9,0,7,0,1,0,0,0,0,1,1,6,3,-1,-1,-1,-1,-1,-1,-1,-1
2016551600606,2,1,0,18,0,1,0,0,0,0,4,1,4,1,12,3,-1,-1,-1,-1,-1,-1
2016551600607,1,9,0,18,0,8,0,0,0,0,1,2,6,3,-1,-1,1560,2,4,-1,-1,-1
2016551600609,1,9,4,18,0,0,0,0,0,0,0,1,6,1,41,7,-1,-1,-1,6,3,6
2016551600609,2,16,0,18,0,0,0,0,0,0,0,1,6,2,14,3,-1,-1,-1,7,1,7
2016551600611,1,9,0,9,0,4,0,0,0,0,3,1,3,2,47,8,1995,2,5,9,1,9
2016551600611,2,1,0,18,0,8,0,0,0,0,1,1,6,1,23,5,-1,-1,-1,-1,-1,-1
2016551600613,1,9,0,15,0,0,0,0,0,0,0,1,6,2,47,8,1390,1,15,7,2,7
2016551600613,2,9,0,15,0,0,0,0,7,0,0,1,6,1,27,6,1781,1,15,7,2,7
2016551600614,1,9,0,7,0,1,0,0,1,11,1,1,2,2,60,9,1399,1,10,7,1,7
2016551600614,2,9,0,18,0,8,0,0,0,0,1,1,2,1,35,6,1896,2,12,2,1,2
2016551600615,1,9,0,18,0,3,0,0,0,0,1,1,6,1,31,6,1560,2,12,5,1,5
2016551600615,2,9,0,12,0,8,0,0,0,0,3,1,6,1,32,6,1968,2,6,10,1,10
2016551600616,1,9,0,18,0,0,0,0,0,0,4,1,6,2,23,5,1390,1,12,5,2,5
2016551600618,1,5,0,5,0,2,0,0,0,0,1,1,6,1,54,8,600,1,1,5,3,5
2016551600618,2,9,0,18,0,1,0,0,0,0,1,1,6,2,20,4,-1,-1,-1,5,3,5
2016551600620,1,9,0,5,0,1,0,0,0,0,1,1,6,1,57,9,1769,1,16,3,1,3
2016551600623,1,9,0,13,0,2,2,0,7,11,1,1,6,1,22,5,1998,1,18,2,1,2
2016551600625,1,9,0,5,0,4,0,0,0,0,1,1,6,1,57,9,2993,2,10,3,1,3
2016551600625,2,1,0,18,0,2,0,0,0,0,1,1,3,1,57,9,-1,-1,-1,5,1,5
2016551600628,1,1,0,5,0,8,0,0,0,0,1,1,6,2,37,7,-1,-1,-1,-1,-1,-1
2016551600628,2,1,0,18,0,1,0,0,0,0,3,1,1,1,62,9,-1,-1,-1,6,1,6
2016551600633,1,9,0,5,0,7,0,0,0,0,1,1,6,2,44,7,1598,1,10,3,1,3
2016551600633,2,9,0,8,0,1,0,0,0,0,2,1,6,1,42,7,1598,1,11,7,1,7
2016551600640,1,9,0,18,0,0,0,7,0,0,1,1,6,1,67,10,1422,2,12,9,2,9
2016551600640,2,9,0,18,0,0,0,0,0,0,1,1,6,1,88,11,1198,1,1,5,2,5
2016551600640,3,9,0,18,0,0,0,0,0,0,1,1,6,1,56,9,1560,2,10,5,1,5
2016551600643,1,5,0,4,0,0,1,0,1,0,1,1,2,1,40,7,847,1,1,6,3,6
2016551600643,2,9,0,4,0,0,0,0,0,0,2,1,6,1,38,7,1598,1,3,5,2,5
2016551600648,1,11,0,5,3,0,0,7,3,11,1,1,1,1,69,10,9600,2,16,6,1,6
2016551600650,1,9,0,4,0,4,0,0,0,0,1,1,6,1,59,9,1229,1,8,6,1,6
2016551600650,2,9,0,4,0,4,0,0,0,0,2,1,6,2,51,8,1798,1,7,3,1,3
2016551600651,1,9,0,7,0,6,0,0,0,0,1,1,6,1,84,11,1598,2,6,10,1,10
2016551600651,2,1,0,18,0,8,0,0,0,0,1,1,6,1,62,9,-1,-1,-1,10,1,10
2016551600653,1,9,0,18,0,6,0,0,0,0,3,1,6,1,30,6,973,1,15,3,1,3
2016551600653,2,9,0,18,0,8,0,0,0,0,1,1,6,1,41,7,1998,2,3,5,1,5
2016551600654,1,9,0,18,0,1,1,0,1,11,1,1,6,1,19,4,1108,1,15,6,3,6
2016551600655,1,9,0,5,0,0,0,0,0,0,1,1,2,2,57,9,1998,1,10,7,2,7
2016551600655,2,19,0,3,0,0,0,0,0,0,2,1,1,1,29,6,1995,2,3,2,1,2
2016551600656,1,9,0,7,0,8,0,0,0,0,1,1,3,2,39,7,1206,1,5,3,1,3
2016551600656,2,1,0,18,4,8,0,0,0,0,4,1,2,1,22,5,-1,-1,-1,2,1,2
2016551600657,1,1,0,5,0,0,0,0,0,0,1,1,6,1,28,6,-1,-1,-1,6,1,6
2016551600657,2,9,0,18,0,0,0,0,0,0,1,1,6,2,86,11,1598,1,14,-1,-1,-1
2016551600659,1,9,0,5,0,4,0,0,0,0,1,1,1,1,25,5,1390,1,15,6,1,6
2016551600659,2,1,0,18,0,3,0,0,0,0,4,1,2,2,27,6,-1,-1,-1,6,1,6
2016551600664,1,9,0,9,0,1,0,0,0,0,4,1,6,2,26,6,1896,2,13,6,2,6
2016551600664,2,9,0,18,0,1,0,0,0,0,1,1,6,1,42,7,1984,1,12,9,1,9
2016551600665,1,9,0,18,0,0,0,0,0,0,1,1,6,1,25,5,1598,1,11,3,1,3
2016551600665,2,9,0,18,0,0,0,0,0,0,2,1,6,1,19,4,1995,2,7,8,1,8
2016551600666,1,19,0,5,0,0,0,0,0,0,1,1,1,1,35,6,2402,2,14,9,2,9
2016551600666,2,9,0,3,0,0,0,0,0,0,2,1,6,1,40,7,1798,1,7,5,1,5