Accident_Index,Vehicle_Reference,Vehicle_Type,Towing_and_Articulation,Vehicle_Manoeuvre,Vehicle_Location-Restricted_Lane,Junction_Location,Skidding_and_Overturning,Hit_Object_in_Carriageway,Vehicle_Leaving_Carriageway,Hit_Object_off_Carriageway,1st_Point_of_Impact,Was_Vehicle_Left_Hand_Drive?,Journey_Purpose_of_Driver,Sex_of_Driver,Age_of_Driver,Age_Band_of_Driver,Engine_Capacity_(CC),Propulsion_Code,Age_of_Vehicle,Driver_IMD_Decile,Driver_Home_Area_Type,Vehicle_IMD_Decile
2016551600667,1,9,0,12,0,0,0,0,0,0,3,1,6,1,58,9,2441,2,23,2,1,2
2016551600667,2,9,0,18,0,0,0,0,0,0,1,1,6,1,20,4,1998,2,10,8,1,8
2016551600668,1,9,0,7,0,8,0,0,0,0,4,1,6,2,79,11,1598,1,13,7,1,7
2016551600668,2,1,0,18,4,1,0,0,0,0,3,1,6,1,68,10,-1,-1,-1,9,1,9
2016551600671,1,9,0,18,0,0,1,0,1,7,1,1,6,1,39,7,1995,2,1,5,1,5
2016551600672,1,9,0,7,0,3,0,0,0,0,1,1,6,2,27,6,1998,2,8,-1,-1,-1
2016551600672,2,9,0,3,0,2,0,0,0,0,2,1,6,1,66,10,-1,-1,-1,4,3,4
2016551600675,1,9,0,1,0,0,0,0,0,0,2,1,2,1,24,5,1360,1,14,8,1,8
2016551600676,1,9,0,18,0,1,0,0,0,0,1,1,6,1,55,8,1850,1,14,1,1,1
2016551600676,2,9,0,9,0,8,5,0,1,0,3,1,6,1,58,9,1868,2,15,5,2,5
2016551600680,1,9,0,5,0,0,0,0,0,0,1,1,6,1,23,5,1360,1,16,4,1,4
2016551600680,2,19,0,4,0,0,0,0,0,0,2,1,1,1,33,6,2998,2,8,4,3,4
2016551600680,3,9,0,4,0,0,0,0,0,0,2,1,6,1,54,8,1984,1,13,6,1,6
2016551600680,4,9,0,4,0,0,0,0,0,0,2,1,6,2,31,6,1242,1,18,7,1,7
2016551600681,1,9,0,18,0,8,0,0,0,0,1,1,6,1,57,9,1989,1,16,6,1,6
2016551600681,2,9,0,9,0,5,0,0,0,0,3,1,1,1,53,8,1910,2,10,9,1,9
2016551600682,1,9,0,18,0,0,2,0,1,0,1,1,6,1,20,4,1242,1,12,6,3,6
2016551600684,1,9,0,18,0,8,0,0,0,0,1,1,6,3,-1,-1,-1,-1,-1,-1,-1,-1
2016551600686,1,1,0,18,0,0,0,0,0,0,1,1,6,1,51,8,-1,-1,-1,3,1,3
2016551600687,1,9,0,18,0,0,0,0,0,0,1,1,6,1,29,6,2497,1,11,6,3,6
2016551600687,2,9,0,18,0,0,0,0,0,0,1,1,6,1,50,8,1769,1,12,9,1,9
2016551600688,1,9,0,3,0,1,0,0,0,0,0,1,1,1,48,8,1598,1,11,7,1,7
2016551600688,2,9,0,18,0,1,0,0,0,0,1,1,1,2,57,9,1598,1,9,9,1,9
2016551600689,1,9,0,18,0,1,0,0,0,0,1,1,2,1,50,8,-1,-1,-1,6,1,6
2016551600689,2,9,0,4,0,6,0,0,0,0,1,1,2,1,29,6,1796,1,9,6,1,6
2016551600690,1,9,0,1,0,6,0,0,0,0,2,1,6,3,-1,-1,-1,-1,-1,-1,-1,-1
2016551600690,2,22,0,18,9,1,0,0,0,0,3,1,6,1,84,11,-1,-1,-1,5,1,5
2016551600692,1,9,0,18,0,4,0,0,0,0,1,1,6,1,71,10,2198,1,11,2,1,2
2016551600692,2,1,0,18,0,8,0,0,0,0,1,1,6,1,64,9,-1,-1,-1,10,1,10
2016551600694,1,98,1,4,0,0,0,0,0,0,1,2,1,1,57,9,-1,-1,-1,-1,-1,-1
2016551600694,2,9,0,4,0,0,0,0,0,0,2,1,6,1,28,6,998,1,5,10,1,10
2016551600694,3,19,0,4,0,0,0,0,0,0,2,1,1,1,28,6,1870,2,14,6,1,6
2016551600694,4,9,0,4,0,0,0,0,0,0,2,1,1,1,47,8,-1,-1,-1,7,1,7
2016551600694,5,9,0,18,0,0,0,0,0,0,2,1,1,1,24,5,1753,2,8,5,1,5
2016551600696,1,2,0,14,0,1,0,0,0,0,4,1,6,1,25,5,108,1,8,6,1,6
2016551600696,2,9,0,9,0,6,0,0,0,0,1,1,6,1,34,6,1598,1,12,6,1,6
2016551600696,3,19,0,3,0,1,0,0,0,0,0,1,6,1,22,5,1968,2,2,2,1,2
2016551600701,1,19,0,5,8,0,0,0,0,0,3,1,6,1,27,6,2198,2,3,1,1,1
2016551600701,2,9,0,18,0,0,1,0,0,0,1,1,6,2,25,5,1590,1,12,4,1,4
2016551600704,1,9,0,18,0,2,0,0,0,0,3,1,6,2,40,7,1598,1,16,6,1,6
2016551600704,2,9,0,5,0,1,0,0,0,0,4,1,6,2,38,7,1587,1,10,6,1,6
2016551600705,1,9,0,18,0,8,0,0,0,0,1,1,6,2,83,11,1798,8,4,5,1,5
2016551600705,2,9,0,18,0,1,0,0,0,0,1,1,6,2,74,10,1598,2,5,10,1,10
2016551600706,1,5,0,13,0,2,1,0,0,0,0,1,2,1,31,6,899,1,16,3,1,3
2016551600706,2,19,0,12,0,2,0,0,0,0,0,1,6,3,-1,-1,-1,-1,-1,-1,-1,-1
2016551600710,1,9,0,10,0,1,0,0,7,11,3,1,6,2,51,8,1461,2,8,2,1,2
2016551600710,2,9,0,18,0,1,0,0,0,0,1,1,2,1,64,9,2198,1,12,6,3,6
2016551600713,1,9,0,5,0,0,0,0,0,0,3,1,6,1,65,9,1598,1,3,1,1,1
2016551600713,2,9,0,18,0,0,2,0,0,0,1,1,6,2,30,6,1390,1,14,1,1,1
2016551600713,3,19,0,3,0,0,0,0,0,0,1,1,1,1,30,6,2143,2,1,5,1,5
2016551600716,1,1,0,9,0,5,0,0,0,0,2,1,6,2,72,10,-1,-1,-1,7,2,7
2016551600716,2,9,0,13,0,1,0,0,0,0,1,1,6,1,67,10,1396,1,7,7,1,7
2016551600717,1,9,0,4,0,0,0,0,0,0,1,1,6,2,42,7,2204,2,11,7,2,7
2016551600717,2,9,0,4,0,0,0,0,0,0,2,1,6,1,35,6,1968,2,9,7,2,7
2016551600717,3,9,0,4,0,0,0,0,0,0,2,1,6,2,57,9,1360,1,5,7,2,7
2016551600719,1,9,0,18,0,1,0,0,0,0,1,1,6,1,25,5,1798,7,13,3,1,3
2016551600719,2,9,0,4,0,1,0,0,0,0,2,1,6,2,26,6,1598,1,5,5,1,5
2016551600721,1,19,0,18,0,0,1,0,0,0,1,1,6,2,31,6,2143,2,2,2,1,2
2016551600721,2,9,0,4,0,0,0,0,0,0,1,1,6,2,49,8,2720,2,8,7,2,7
2016551600722,1,9,0,5,0,1,0,0,0,0,3,1,1,1,33,6,1910,2,9,8,1,8
2016551600722,2,2,0,18,0,3,1,0,0,0,1,1,1,1,22,5,49,1,3,3,1,3
2016551600724,1,9,0,16,0,0,2,0,7,9,0,1,6,1,19,4,1896,2,12,9,2,9
2016551600726,1,9,0,18,0,0,0,0,0,0,1,1,6,2,25,5,1598,2,5,4,1,4
2016551600726,2,9,0,4,0,0,0,0,0,0,2,1,6,2,33,6,1364,2,1,7,1,7
2016551600728,1,9,0,18,0,0,0,0,0,0,1,1,6,2,18,4,1242,1,15,8,1,8
2016551600728,2,9,0,3,0,0,0,0,0,0,2,1,6,1,45,7,1248,2,3,7,2,7
2016551600729,1,9,0,18,0,0,0,0,0,0,1,1,6,2,64,9,1390,1,6,6,3,6
2016551600729,2,9,0,18,0,0,0,0,0,0,2,1,6,1,53,8,2143,2,1,-1,-1,-1
2016551600730,1,9,0,16,0,1,5,0,0,0,4,1,2,1,48,8,1339,1,12,7,1,7
2016551600730,2,9,0,18,0,1,0,0,0,0,1,1,6,2,63,9,2199,2,3,9,1,9
2016551600731,1,5,0,7,0,4,0,0,0,0,3,1,6,1,53,8,1352,1,5,-1,-1,-1
2016551600731,2,9,0,18,0,4,0,0,0,0,4,1,6,1,39,7,1199,2,3,4,1,4
2016551600742,1,9,0,18,0,0,1,0,1,4,1,1,6,1,24,5,1598,1,1,1,1,1
2016551600744,1,9,0,18,0,0,0,0,2,10,3,1,6,2,26,6,1769,1,12,2,2,2
2016551600744,2,1,0,18,0,0,0,0,1,10,3,1,6,1,58,9,-1,-1,-1,10,1,10
2016551600744,3,9,0,2,0,0,0,0,0,0,2,1,6,3,-1,-1,1896,2,13,-1,-1,-1
2016551600745,1,20,0,17,0,0,0,0,0,0,3,1,1,1,57,9,4461,2,5,10,1,10
2016551600745,2,20,0,16,0,0,0,0,0,0,3,1,1,1,53,8,4500,2,1,6,1,6
2016551600746,1,9,0,5,0,6,0,0,0,0,1,1,6,1,57,9,2987,2,10,5,3,5
2016551600746,2,9,0,18,0,8,1,0,7,0,1,1,6,2,58,9,1390,1,16,5,1,5
2016551600748,1,3,0,18,0,0,1,0,0,0,1,1,6,1,23,5,125,1,-1,5,3,5
2016551600749,1,9,0,4,0,0,1,0,0,0,1,1,6,2,44,7,1248,1,5,9,1,9
2016551600749,2,19,0,4,0,0,0,0,0,0,2,1,1,1,76,11,1998,2,15,7,3,7
2016551600749,3,9,0,4,0,0,0,0,0,0,2,1,1,1,74,10,-1,-1,-1,7,1,7
2016551600750,1,9,0,18,0,1,1,0,0,0,1,1,6,2,74,10,1997,2,14,4,1,4
2016551600750,2,9,0,10,0,1,0,0,0,0,2,1,6,2,51,8,1796,1,14,4,1,4
2016551600752,1,19,0,4,0,0,1,0,1,0,1,1,2,1,50,8,1753,2,6,5,1,5
2016551600752,2,9,0,3,0,0,0,0,1,9,2,1,6,1,33,6,1598,2,6,9,1,9
2016551600752,3,9,0,3,0,0,0,0,0,0,2,1,6,2,21,5,999,1,18,6,3,6
2016551600755,1,19,0,10,0,1,0,0,0,0,1,1,2,1,35,6,1997,2,13,-1,-1,-1
2016551600755,2,9,0,3,0,1,0,0,0,0,2,1,2,1,23,5,1360,1,13,5,1,5
2016551600757,1,9,0,18,0,2,0,0,0,0,2,1,6,3,-1,-1,-1,-1,-1,-1,-1,-1
2016551600757,2,1,0,7,0,2,0,0,0,0,3,1,6,1,26,6,-1,-1,-1,-1,-1,-1
2016551600758,1,9,0,9,0,1,0,0,0,0,2,1,6,1,45,7,1997,2,5,7,3,7
2016551600758,2,9,0,18,0,1,0,0,0,0,1,1,6,1,50,8,1598,2,4,-1,-1,-1
2016551600758,3,9,0,18,0,1,0,0,0,0,1,1,6,2,36,7,1870,2,16,4,1,4
2016551600760,1,9,0,18,0,0,2,0,0,0,3,1,6,1,79,11,1968,2,9,7,2,7
2016551600760,2,9,0,18,0,0,1,0,0,0,3,1,6,2,73,10,1991,2,4,6,3,6
2016551600762,1,9,0,9,0,1,0,0,0,0,1,1,6,1,20,4,998,1,11,4,1,4
2016551600762,2,9,0,18,0,1,0,0,0,0,3,1,6,2,51,8,-1,-1,-1,3,1,3
2016551600764,1,9,0,10,0,8,0,0,0,0,3,1,6,1,21,5,1398,1,-1,8,1,8
2016551600764,2,5,0,18,0,1,1,10,8,10,4,1,1,1,43,7,599,1,16,2,1,2
2016551600769,1,19,0,5,0,4,0,0,0,0,1,1,2,1,26,6,1598,2,5,5,1,5
2016551600769,2,9,0,18,0,4,0,0,0,0,2,1,6,1,33,6,2148,2,8,7,1,7
2016551600771,1,5,0,15,0,1,0,0,0,0,1,1,2,1,57,9,998,1,10,2,1,2
2016551600772,1,9,0,18,0,0,0,0,0,0,1,1,1,1,44,7,1229,1,4,4,2,4
2016551600772,2,19,0,4,0,0,0,0,0,0,2,1,1,1,42,7,1968,2,4,10,2,10
2016551600773,1,9,0,5,0,2,0,0,0,0,1,1,6,3,-1,-1,-1,-1,-1,-1,-1,-1
2016551600773,2,19,0,18,0,8,0,0,0,0,1,1,1,1,46,8,2143,2,3,4,1,4
2016551600776,1,9,0,18,0,5,0,0,0,0,1,1,6,2,87,11,1998,1,12,8,1,8
2016551600776,2,22,0,18,0,8,0,0,0,0,4,1,6,1,79,11,-1,-1,-1,5,1,5
2016551600779,1,11,0,18,0,1,0,0,0,0,1,1,6,1,54,8,12000,2,6,5,1,5
2016551600779,2,9,0,10,0,1,0,0,0,0,2,1,6,2,20,4,1598,1,13,6,2,6
2016551600783,1,9,0,9,0,2,0,0,0,0,1,1,6,2,38,7,1997,2,3,6,1,6
2016551600783,2,9,0,18,0,8,0,0,0,0,1,1,6,2,55,8,1995,2,11,8,1,8
2016551600786,1,9,0,15,0,0,0,0,0,0,2,1,1,1,32,6,875,1,-1,7,1,7
2016551600786,2,1,0,18,0,0,0,0,0,0,1,1,6,1,76,11,-1,-1,-1,8,1,8
2016551600788,1,19,0,18,0,1,0,0,0,0,1,1,1,1,61,9,2198,2,4,7,3,7
2016551600788,2,9,0,3,0,1,0,0,1,0,2,1,6,2,18,4,1240,1,12,1,1,1
2016551600788,3,9,0,10,0,1,0,0,1,0,2,1,3,1,51,8,1360,1,14,3,1,3
2016551600789,1,9,0,9,0,1,0,0,0,0,1,1,2,1,36,7,1984,1,21,7,1,7
2016551600789,2,3,0,13,0,1,0,0,0,0,1,1,2,1,33,6,125,1,7,7,1,7
2016551600790,1,3,0,18,0,1,0,0,0,0,1,1,6,1,19,4,125,1,2,7,3,7
2016551600790,2,9,0,10,0,1,0,0,0,0,2,1,6,1,51,8,1395,1,2,8,1,8
2016551600792,1,9,0,18,0,0,0,4,0,0,4,1,6,2,40,7,1398,1,1,3,1,3
2016551600792,2,19,0,2,0,0,0,0,0,0,3,1,6,1,21,5,2198,2,2,7,2,7
2016551600793,1,9,0,10,0,1,0,0,0,0,2,1,6,1,35,6,1896,2,13,2,1,2
2016551600793,2,2,0,15,0,1,0,0,0,0,1,1,6,1,18,4,49,1,2,9,1,9
2016551600794,1,11,0,16,0,0,0,5,0,0,1,1,3,1,48,8,10000,2,21,8,1,8
2016551600796,1,9,0,4,0,0,0,0,0,0,1,1,6,1,86,11,2148,2,13,9,1,9
2016551600796,2,9,0,4,0,0,0,0,0,0,1,1,6,1,47,8,1995,2,14,2,1,2
2016551600797,1,90,4,5,0,1,0,0,0,0,4,1,6,1,59,9,2198,2,8,10,3,10
2016551600805,1,9,0,9,0,8,0,0,0,0,1,1,6,2,92,11,1339,1,8,10,1,10
2016551600805,2,9,0,9,0,8,0,0,0,0,3,1,6,2,28,6,1499,1,1,6,1,6
2016551600808,1,9,0,18,0,0,0,0,0,0,1,1,6,2,78,11,999,1,3,10,1,10
2016551600809,1,1,0,18,0,0,0,0,7,11,0,1,6,1,29,6,-1,-1,-1,2,1,2
2016551600809,2,9,0,18,0,0,0,0,0,0,0,1,6,1,23,5,3200,1,9,7,1,7
2016551600810,1,9,0,2,0,0,0,0,0,0,3,1,6,1,51,8,1198,1,9,5,1,5
2016551600810,2,1,0,18,0,0,0,0,0,0,1,1,6,1,33,6,-1,-1,-1,6,1,6
2016551600811,1,9,0,18,0,1,1,0,0,0,1,1,6,2,71,10,1968,2,-1,7,1,7
2016551600811,2,9,0,18,0,1,0,0,0,0,2,1,6,1,25,5,1398,1,1,7,3,7
2016551600813,1,9,0,9,0,2,0,0,0,0,1,1,6,1,35,6,2143,2,1,8,1,8
2016551600813,2,9,0,18,0,2,1,0,0,0,1,1,6,1,44,7,1796,1,12,6,1,6
2016551600819,1,9,0,4,0,0,0,0,0,0,1,2,2,2,29,6,1951,2,12,7,3,7
2016551600819,2,9,0,3,0,0,0,0,0,0,2,1,1,1,33,6,1998,1,1,3,1,3
2016551600820,1,3,0,18,0,0,1,11,0,0,0,1,6,2,17,4,125,1,-1,9,3,9
2016551600821,1,9,0,18,0,0,0,0,0,0,1,1,6,1,58,9,1598,1,16,2,2,2
2016551600821,2,9,0,18,0,0,0,0,0,0,2,1,6,2,24,5,2198,2,9,8,1,8
2016551600822,1,5,0,18,0,0,1,0,4,6,3,1,2,1,54,8,645,1,9,5,1,5
2016551600822,2,19,0,18,0,0,0,0,0,0,0,1,6,3,-1,-1,1995,2,8,-1,-1,-1
2016551600822,3,9,0,18,0,0,0,0,0,0,0,1,6,3,-1,-1,-1,-1,-1,-1,-1,-1
2016551600826,1,9,0,3,0,1,0,0,0,0,2,1,6,1,40,7,2148,2,8,9,1,9
2016551600826,2,9,0,11,0,1,0,0,0,0,2,1,6,1,22,5,1596,1,11,7,3,7
2016551600830,1,8,0,18,0,2,0,0,1,2,1,1,1,1,27,6,1560,2,4,5,1,5
2016551600830,2,9,0,10,0,1,0,0,0,0,1,1,6,1,21,5,1149,1,10,-1,-1,-1
2016551600832,1,9,0,17,0,0,5,0,1,0,0,1,2,1,52,8,1560,2,1,2,1,2
2016551600832,2,17,0,16,0,0,0,0,0,0,0,1,1,1,58,9,4485,2,3,5,3,5
2016551600833,1,9,0,16,0,0,0,0,0,0,1,1,6,1,77,11,1498,1,6,7,2,7
2016551600833,2,19,0,17,0,0,0,0,0,0,3,1,6,1,82,11,1868,2,13,7,3,7
2016551600833,3,9,0,17,0,0,0,0,0,0,3,1,6,1,70,10,2179,2,2,5,3,5
2016551600836,1,9,0,16,0,0,1,10,0,0,1,1,6,1,37,7,1587,1,11,5,1,5
2016551600839,1,9,0,5,0,1,0,0,0,0,1,1,6,2,41,7,-1,-1,-1,10,1,10
2016551600839,2,5,0,3,0,4,0,0,0,0,2,1,6,1,54,8,656,1,11,5,1,5
2016551600846,1,9,0,17,0,1,0,0,1,11,1,1,2,2,24,5,1599,1,11,7,1,7
2016551600847,1,9,0,9,0,6,0,0,0,0,1,1,6,2,52,8,1242,1,3,6,1,6
2016551600847,2,2,0,14,0,2,1,0,0,0,1,1,6,1,32,6,49,1,7,3,1,3
2016551600849,1,9,0,18,0,0,0,0,1,11,4,1,6,1,76,11,1386,1,9,6,2,6
2016551600850,1,9,0,5,0,0,0,0,0,0,1,1,1,2,36,7,1600,2,4,8,1,8
2016551600850,2,19,0,3,0,0,0,0,0,0,2,1,1,1,41,7,2402,2,6,6,2,6
2016551600851,1,9,0,18,0,1,0,0,0,0,0,1,6,1,50,8,2993,2,4,5,3,5
2016551600851,2,9,0,1,0,2,0,0,0,0,0,1,6,1,-1,-1,1360,1,11,5,3,5
2016551600854,1,9,0,17,9,0,0,0,8,11,1,1,6,1,83,11,1896,2,13,7,3,7
2016551600855,1,3,0,3,0,2,0,0,0,0,1,1,6,2,22,5,125,1,4,5,1,5
2016551600855,2,9,0,2,0,2,0,0,0,0,2,1,6,3,-1,-1,2497,2,12,-1,-1,-1
2016551600857,1,2,0,18,0,0,0,0,0,0,2,1,6,1,25,5,49,1,7,2,1,2
2016551600857,2,19,0,18,0,0,0,0,0,0,1,1,6,3,-1,-1,-1,-1,-1,-1,-1,-1
2016551600859,1,9,0,18,0,0,0,0,1,4,3,1,2,1,34,6,1798,1,2,6,1,6
2016551600859,2,9,0,18,0,0,0,0,1,0,3,1,6,1,51,8,1990,1,12,3,1,3
2016551600860,1,9,0,18,0,4,0,0,0,0,1,1,6,1,78,11,1598,1,6,10,2,10
2016551600860,2,9,0,18,0,8,1,0,0,0,4,1,1,2,48,8,998,1,1,2,1,2
2016551600864,1,9,0,17,0,0,5,0,1,1,1,1,6,2,18,4,1197,1,1,9,1,9
2016551600866,1,9,0,4,0,0,1,0,0,0,1,1,6,1,41,7,2171,1,13,7,1,7
2016551600866,2,9,0,3,0,0,0,0,0,0,2,1,6,1,46,8,2993,2,12,1,1,1
2016551600866,3,9,0,3,0,0,0,0,0,0,2,1,6,1,38,7,2494,1,15,3,1,3
2016551600866,4,9,0,3,0,0,0,0,0,0,2,1,1,1,36,7,1560,2,3,3,1,3
2016551600867,1,9,0,18,0,8,0,0,1,0,1,1,6,2,-1,-1,-1,-1,-1,-1,-1,-1
2016551600868,1,9,0,18,0,0,0,0,0,0,1,1,1,2,24,5,1390,1,16,7,3,7
2016551600868,2,1,0,18,0,0,0,0,0,0,2,1,6,1,57,9,-1,-1,-1,7,2,7
2016551600869,1,21,0,7,0,3,0,0,0,0,1,1,1,1,49,8,7790,2,4,4,1,4
2016551600869,2,9,0,16,0,3,0,0,0,0,3,1,6,1,84,11,1200,1,14,9,1,9
2016551600871,1,9,0,18,0,1,0,0,0,0,1,1,6,1,81,11,1951,2,15,5,1,5
2016551600871,2,9,0,9,0,1,0,0,0,0,3,1,6,2,57,9,1395,1,1,8,1,8
2016551600872,1,9,0,9,0,5,0,0,0,0,4,1,6,2,50,8,1796,1,15,10,1,10
2016551600872,2,9,0,18,0,1,0,0,0,0,1,1,6,1,43,7,2987,2,9,5,1,5
2016551600873,1,9,0,4,0,8,0,0,0,0,1,1,6,1,57,9,1999,1,11,6,3,6
2016551600873,2,9,0,3,0,1,0,0,0,0,2,1,1,1,55,8,1360,1,14,5,3,5
2016551600877,1,9,0,3,0,1,0,0,0,0,2,1,6,3,-1,-1,1390,1,10,-1,-1,-1
2016551600877,2,9,0,3,0,1,0,0,0,0,1,1,1,2,33,6,1388,1,14,9,1,9
2016551600877,3,9,0,3,0,1,0,0,0,0,0,1,1,1,45,7,1968,2,1,8,1,8
2016551600879,1,9,0,17,0,0,0,0,7,8,1,1,6,1,47,8,1986,2,11,5,1,5
2016551600882,1,9,0,14,0,0,0,0,0,0,1,1,2,1,49,8,1997,2,11,2,1,2
2016551600882,2,5,0,14,0,0,1,0,0,0,1,1,1,1,51,8,1050,1,5,8,1,8
2016551600883,1,9,0,5,0,4,0,0,0,0,1,1,6,1,82,11,1794,1,12,7,1,7
2016551600883,2,9,0,5,0,3,0,0,0,0,1,1,6,2,23,5,1086,1,12,5,1,5
2016551600883,3,19,0,2,0,4,0,0,0,0,0,1,1,1,35,6,11946,2,3,3,1,3
2016551600887,1,9,0,3,0,4,0,0,0,0,1,1,6,2,55,8,1598,1,4,6,1,6
2016551600887,2,1,0,18,0,1,0,0,0,0,3,1,6,2,9,2,-1,-1,-1,10,1,10
2016551600890,1,8,0,6,0,0,0,0,0,0,4,1,1,1,39,7,1968,2,7,2,1,2
2016551600893,1,9,0,16,0,0,5,0,1,0,0,1,6,1,19,4,1229,1,11,8,1,8
2016551600896,1,9,0,18,0,0,0,0,0,0,1,1,1,1,64,9,2987,2,11,6,1,6
2016551600899,1,19,0,9,0,6,0,0,0,0,4,1,2,1,70,10,2494,2,12,10,1,10
2016551600899,2,5,0,18,0,1,0,0,0,0,1,1,2,1,52,8,-1,-1,-1,4,1,4
2016551600900,1,9,0,18,0,1,0,0,0,0,1,1,6,1,-1,-1,-1,-1,-1,-1,-1,-1
2016551600900,2,1,0,18,0,1,0,0,0,0,2,1,6,2,26,6,-1,-1,-1,10,1,10
2016551600902,1,9,0,8,0,0,0,0,0,0,1,1,6,1,60,9,1598,1,4,10,2,10
2016551600902,2,5,0,18,0,0,1,0,0,0,1,1,6,1,24,5,599,1,5,5,1,5
2016551600903,1,9,0,7,0,3,0,0,0,0,4,1,6,2,21,5,1364,1,8,6,1,6
2016551600903,2,9,0,9,0,8,0,0,0,0,3,2,6,1,45,7,-1,-1,-1,-1,-1,-1
2016551600906,1,9,0,2,0,0,0,0,0,0,3,1,6,1,48,8,2143,2,5,9,1,9
2016551600906,2,9,0,14,0,0,0,0,0,0,4,1,6,3,-1,-1,-1,-1,-1,-1,-1,-1
2016551600907,1,1,0,18,0,0,0,0,0,0,0,1,6,1,17,4,-1,-1,-1,7,1,7
2016551600907,2,19,0,18,0,0,0,0,0,0,1,1,6,3,-1,-1,3198,2,3,-1,-1,-1
2016551600910,1,9,0,18,0,0,0,0,0,0,1,1,6,2,22,5,1349,1,4,10,2,10
2016551600911,1,19,0,18,0,0,0,0,0,0,1,1,6,1,46,8,1753,2,14,-1,-1,-1
2016551600911,2,17,4,2,0,0,0,0,0,0,2,1,6,1,56,9,-1,-1,-1,7,3,7
2016551600913,1,9,0,18,0,1,0,0,0,0,1,1,6,2,50,8,1598,2,2,9,1,9
2016551600913,2,9,0,10,0,1,0,0,0,0,2,1,6,1,22,5,1995,2,12,2,1,2
2016551600916,1,9,0,18,0,0,0,0,0,0,1,1,6,1,81,11,1796,1,13,8,2,8
2016551600916,2,9,0,4,0,0,0,0,0,0,2,1,6,2,61,9,1339,1,1,9,2,9
2016551600918,1,9,0,4,0,0,0,0,0,0,1,1,6,1,32,6,1248,1,3,5,1,5
2016551600918,2,9,0,2,0,0,0,0,0,0,3,1,1,2,56,9,2000,2,6,8,1,8
2016551600918,3,9,0,2,0,0,0,0,0,0,2,1,6,3,-1,-1,1896,2,10,-1,-1,-1
2016551600919,1,9,0,18,0,0,2,0,1,11,4,1,4,2,17,4,1240,1,11,9,3,9
2016551600921,1,4,0,4,0,8,1,0,0,0,0,1,2,1,28,6,124,1,12,5,2,5
2016551600921,2,9,0,9,0,1,0,0,0,0,0,1,6,3,-1,-1,1397,1,6,-1,-1,-1
2016551600927,1,5,0,18,0,0,1,0,1,9,1,1,1,1,22,5,636,1,11,7,3,7
2016551600927,2,98,1,18,0,0,0,0,0,0,0,1,6,3,-1,-1,-1,-1,-1,-1,-1,-1
2016551600927,3,9,0,13,0,0,0,0,0,0,0,1,6,3,-1,-1,-1,-1,-1,-1,-1,-1
2016551600929,1,9,0,18,0,0,0,0,0,0,1,1,6,2,75,10,1496,1,1,6,3,6
2016551600929,2,9,0,4,0,0,0,0,2,7,1,1,6,1,73,10,1598,1,7,9,3,9
2016551600930,1,9,0,4,0,0,0,0,0,0,1,1,6,1,48,8,-1,-1,-1,7,1,7
2016551600930,2,9,0,3,0,0,0,0,0,0,2,1,2,2,43,7,1318,1,-1,5,2,5
2016551600931,1,9,0,18,0,0,0,0,0,0,1,1,6,1,18,4,1390,1,15,8,3,8
2016551600931,2,9,0,3,0,0,0,0,0,0,2,1,2,2,41,7,1390,1,13,7,1,7
2016551600932,1,9,0,8,0,4,0,0,0,0,1,1,6,1,45,7,2993,2,4,9,2,9
2016551600932,2,9,0,7,0,4,0,0,0,0,2,1,6,1,40,7,1686,2,8,5,1,5
2016551600934,1,9,0,4,0,0,0,0,0,0,2,1,6,2,43,7,1590,1,17,3,1,3
2016551600934,2,9,0,4,0,0,0,0,0,0,2,1,6,1,73,10,999,1,4,10,1,10
2016551600934,3,9,0,4,0,0,0,0,0,0,1,1,6,1,19,4,1149,1,10,10,1,10
2016551600935,1,9,0,5,0,6,0,0,0,0,1,1,2,2,61,9,1242,1,5,9,3,9
2016551600935,2,9,0,18,0,8,0,0,0,0,4,1,6,1,34,6,1399,1,10,7,2,7
2016551600937,1,9,0,1,0,0,0,0,0,0,2,1,6,1,36,7,2979,1,8,3,1,3
2016551600937,2,5,0,3,0,0,0,0,0,0,3,1,1,1,50,8,670,1,4,7,2,7
2016551600939,1,9,0,18,0,0,0,0,0,0,3,1,1,1,26,6,1299,1,14,4,1,4
2016551600956,1,5,0,16,0,0,1,0,0,0,4,1,6,1,35,6,988,1,15,3,2,3
2016551600956,2,9,0,18,0,0,0,0,0,0,1,1,6,2,54,8,999,1,-1,-1,-1,-1
2016551600957,1,9,0,17,0,1,0,0,3,0,1,1,6,1,17,4,1124,1,5,9,1,9
2016551600957,2,9,0,17,0,1,0,0,3,0,1,1,6,1,18,4,1390,1,15,9,1,9
2016551600957,3,9,0,17,0,1,0,0,3,0,1,1,6,1,17,4,1349,1,7,6,3,6
2016551600958,1,9,0,13,0,0,1,0,1,4,3,1,6,1,31,6,1994,1,15,3,1,3
2016551600958,2,9,0,13,0,0,1,0,1,11,1,1,6,1,22,5,1598,1,9,7,1,7
2016551600958,3,9,0,18,0,0,0,0,1,0,1,1,6,1,35,6,1956,2,5,7,1,7