Accident_Index,Vehicle_Reference,Vehicle_Type,Towing_and_Articulation,Vehicle_Manoeuvre,Vehicle_Location-Restricted_Lane,Junction_Location,Skidding_and_Overturning,Hit_Object_in_Carriageway,Vehicle_Leaving_Carriageway,Hit_Object_off_Carriageway,1st_Point_of_Impact,Was_Vehicle_Left_Hand_Drive?,Journey_Purpose_of_Driver,Sex_of_Driver,Age_of_Driver,Age_Band_of_Driver,Engine_Capacity_(CC),Propulsion_Code,Age_of_Vehicle,Driver_IMD_Decile,Driver_Home_Area_Type,Vehicle_IMD_Decile
2016551600958,4,9,0,18,0,0,0,0,0,0,0,1,6,1,28,6,1598,1,3,7,3,7
2016551600958,5,19,0,18,0,0,0,0,0,0,0,1,6,1,34,6,2464,2,7,9,1,9
2016551600962,1,9,0,18,0,1,0,0,0,0,1,1,6,1,24,5,1397,1,7,8,1,8
2016551600962,2,9,0,3,0,1,0,0,0,0,2,1,6,1,27,6,1360,1,16,5,3,5
2016551600962,3,9,0,3,0,1,0,0,0,0,2,1,6,1,73,10,1973,1,15,7,3,7
2016551600962,4,9,0,10,0,5,0,0,0,0,2,1,1,1,40,7,-1,-1,-1,2,1,2
2016551600963,1,3,0,18,0,8,0,0,7,0,1,1,2,1,43,7,124,1,3,10,1,10
2016551600963,2,9,0,9,0,5,0,0,0,0,3,1,6,1,70,10,1242,1,5,7,1,7
2016551600965,1,9,0,5,0,8,0,0,3,11,1,1,2,1,58,9,3498,1,12,6,1,6
2016551600966,1,9,0,18,0,6,0,0,3,11,1,1,6,2,67,10,1999,2,1,6,3,6
2016551600967,1,9,0,18,0,1,0,0,0,0,1,1,6,3,-1,-1,-1,-1,-1,-1,-1,-1
2016551600970,1,9,0,16,0,0,0,0,1,0,4,1,6,1,84,11,-1,-1,-1,7,2,7
2016551600973,1,9,0,16,0,1,0,0,0,0,1,1,6,1,64,9,2496,1,12,6,1,6
2016551600973,2,19,0,4,0,1,0,0,0,0,2,1,2,1,30,6,2198,2,8,4,3,4
2016551600975,1,9,0,18,0,0,0,7,1,9,0,1,6,1,59,9,1997,1,16,5,1,5
2016551600978,1,9,0,4,0,1,0,0,0,0,1,1,6,3,-1,-1,-1,-1,-1,-1,-1,-1
2016551600978,2,9,0,4,0,1,0,0,0,0,2,1,6,1,52,8,2494,1,17,6,1,6
2016551600979,1,9,0,18,0,8,0,0,0,0,1,1,6,3,-1,-1,-1,-1,-1,-1,-1,-1
2016551600979,2,9,0,3,0,8,0,0,0,0,2,1,6,2,19,4,1229,1,7,7,1,7
2016551600979,3,9,0,3,0,8,0,0,0,0,2,1,6,1,41,7,1596,1,13,5,1,5
2016551600980,1,9,0,10,0,8,0,0,0,0,4,1,6,2,25,5,1870,2,15,8,1,8
2016551600980,2,90,0,18,0,1,0,0,0,0,1,1,6,3,-1,-1,-1,-1,-1,-1,-1,-1
2016551600981,1,9,0,18,0,0,0,0,0,0,1,1,6,1,80,11,1296,1,9,8,1,8
2016551600982,1,9,0,17,0,0,0,0,7,4,1,1,6,1,83,11,3059,2,18,5,3,5
2016551600983,1,19,0,18,0,0,1,0,0,0,1,1,6,1,50,8,1686,2,12,9,1,9
2016551600983,2,9,0,4,0,0,0,0,0,0,2,1,6,2,76,11,1339,1,9,7,1,7
2016551600984,1,9,0,5,0,6,0,0,0,0,3,1,6,2,32,6,1998,1,8,3,1,3
2016551600984,2,5,0,18,0,8,1,0,0,0,4,1,6,1,61,9,805,1,12,7,2,7
2016551600985,1,9,0,18,0,0,0,0,3,2,1,1,6,1,27,6,1769,1,14,2,1,2
2016551600986,1,9,0,16,0,0,1,0,0,0,1,1,6,1,32,6,1242,1,15,5,2,5
2016551600986,2,9,0,17,0,0,0,0,0,0,1,1,6,2,81,11,1422,2,8,8,3,8
2016551600987,1,5,0,18,0,0,1,0,4,6,1,1,6,1,28,6,1299,1,11,2,1,2
2016551600987,2,3,0,18,0,0,0,0,0,0,2,1,6,1,23,5,125,1,7,1,1,1
2016551600987,3,3,0,18,0,0,1,0,0,0,1,1,6,1,21,5,124,1,-1,2,1,2
2016551600988,1,8,0,9,0,8,0,7,0,0,4,1,1,1,39,7,2143,2,2,3,1,3
2016551600988,2,9,0,18,0,1,0,0,0,0,1,1,2,1,43,7,1995,2,-1,5,1,5
2016551600989,1,9,0,18,0,0,0,0,0,0,3,1,6,1,50,8,2200,1,15,6,3,6
2016551600989,2,9,0,18,0,0,0,0,0,0,3,1,2,1,28,6,1560,2,8,9,3,9
2016551601000,1,9,0,1,9,0,0,0,0,0,2,1,1,1,28,6,1896,2,12,4,1,4
2016551601000,2,1,0,18,9,0,0,0,0,0,4,1,6,1,14,3,-1,-1,-1,8,1,8
2016551601001,1,9,0,14,0,0,1,0,7,4,1,1,6,2,36,7,1499,1,1,4,1,4
2016551601002,1,1,0,18,0,0,0,0,0,0,1,1,6,1,40,7,-1,-1,-1,8,1,8
2016551601002,2,9,0,3,0,0,0,0,0,0,2,1,6,2,36,7,1956,2,7,10,1,10
2016551601003,1,9,0,18,0,1,0,0,0,0,1,1,6,1,40,7,998,1,2,3,1,3
2016551601003,2,9,0,18,0,8,0,0,0,0,1,1,6,2,19,4,998,1,1,3,1,3
2016551601005,1,9,0,5,0,8,0,0,0,0,3,1,6,1,75,10,1198,1,6,-1,-1,-1
2016551601005,2,19,0,18,0,1,1,0,0,0,1,1,1,1,51,8,1995,2,5,4,1,4
2016551601006,1,9,0,18,0,4,0,0,0,0,1,1,6,3,-1,-1,1560,2,9,-1,-1,-1
2016551601006,2,9,0,3,0,4,0,0,0,0,2,1,1,2,24,5,1229,1,2,3,1,3
2016551601012,1,21,0,18,0,0,0,0,1,4,4,1,1,1,62,9,6871,2,2,5,1,5
2016551601013,1,9,0,13,0,0,2,0,1,9,1,1,2,1,36,7,1612,1,5,5,2,5
2016551601016,1,19,0,1,0,0,0,0,0,0,0,1,1,1,43,7,2143,2,2,-1,-1,-1
2016551601017,1,9,0,18,0,0,0,0,0,0,0,1,6,2,58,9,1248,1,3,10,1,10
2016551601018,1,11,0,4,0,1,0,0,0,0,0,1,6,3,-1,-1,5132,2,1,-1,-1,-1
2016551601021,1,9,0,18,0,1,0,0,1,1,1,1,2,1,31,6,1984,1,10,5,1,5
2016551601022,1,9,0,18,0,0,0,0,0,0,1,1,6,1,83,11,1390,1,5,10,1,10
2016551601022,2,9,0,3,0,0,0,0,0,0,2,1,6,1,75,10,2400,2,5,5,1,5
2016551601024,1,9,0,18,0,1,0,0,0,0,1,1,6,1,75,10,998,1,1,6,3,6
2016551601024,2,90,0,18,0,1,0,0,0,0,1,2,6,1,67,10,8100,1,14,5,1,5
2016551601028,1,9,0,4,0,0,0,0,0,0,2,1,6,1,42,7,2987,2,9,9,1,9
2016551601028,2,9,0,4,0,0,0,0,0,0,2,1,6,1,66,10,999,1,-1,10,1,10
2016551601028,3,9,0,4,0,0,0,0,0,0,1,1,6,1,68,10,2993,2,2,7,1,7
2016551601032,1,9,0,18,0,1,0,0,0,0,3,1,6,1,25,5,1995,1,7,3,1,3
2016551601032,2,9,0,2,0,1,0,0,0,0,3,1,6,3,-1,-1,1560,2,5,-1,-1,-1
2016551601035,1,9,0,18,0,4,0,0,0,0,1,1,6,3,-1,-1,-1,-1,-1,-1,-1,-1
2016551601035,2,1,0,18,0,4,0,0,0,0,4,1,2,1,33,6,-1,-1,-1,3,1,3
2016551601037,1,20,0,2,0,0,0,0,0,0,0,1,1,3,-1,-1,10677,2,-1,-1,-1,-1
2016551601037,2,9,0,18,0,0,0,0,0,0,0,1,6,1,51,8,2597,1,12,6,1,6
2016551601038,1,9,0,9,0,5,0,0,0,0,0,1,6,2,68,10,1339,1,8,5,1,5
2016551601038,2,1,0,18,0,8,1,0,0,0,0,1,4,1,21,5,-1,-1,-1,7,1,7
2016551601039,1,9,0,5,0,2,0,0,0,0,3,1,6,1,33,6,1998,2,10,7,3,7
2016551601039,2,9,0,18,0,1,0,0,0,0,1,1,3,1,33,6,1896,2,10,6,3,6
2016551601040,1,3,0,18,0,0,0,0,1,10,1,1,6,1,33,6,125,1,3,3,1,3
2016551601044,1,9,0,3,0,1,0,0,0,0,2,1,6,1,77,11,1275,1,-1,10,1,10
2016551601044,2,19,0,4,0,1,1,0,0,0,1,1,1,1,35,6,2198,2,1,1,1,1
2016551601044,3,9,0,3,0,1,0,0,0,0,2,1,6,1,-1,-1,2148,2,15,10,1,10
2016551601045,1,9,0,9,0,1,0,0,0,0,1,1,6,1,58,9,1587,1,10,8,1,8
2016551601045,2,1,0,18,0,1,0,0,0,0,4,1,6,2,37,7,-1,-1,-1,3,1,3
2016551601048,1,9,0,18,0,0,0,0,1,9,1,1,6,2,86,11,1399,1,9,5,1,5
2016551601049,1,9,0,5,0,4,0,0,0,0,1,1,6,1,33,6,1329,1,3,4,1,4
2016551601049,2,1,0,5,0,3,0,0,0,0,2,1,6,1,43,7,-1,-1,-1,9,1,9
2016551601050,1,9,0,2,0,0,0,0,1,0,2,1,6,2,73,10,998,1,11,5,2,5
2016551601050,2,19,0,18,0,0,0,4,0,0,1,1,6,1,52,8,1915,1,25,5,2,5
2016551601051,1,9,0,18,0,1,0,0,0,0,1,1,2,1,22,5,998,1,17,9,1,9
2016551601051,2,9,0,18,0,1,0,0,0,0,1,1,6,1,69,10,1242,1,12,10,1,10
2016551601053,1,9,0,4,0,1,0,0,0,0,1,1,2,1,18,4,1995,1,12,6,1,6
2016551601053,2,9,0,3,0,1,0,0,0,0,2,1,6,2,49,8,1388,1,10,10,1,10
2016551601053,3,9,0,3,0,1,0,0,0,0,2,1,6,2,61,9,1149,1,15,10,1,10
2016551601054,1,9,0,18,0,1,0,0,0,0,1,1,6,1,62,9,1360,1,15,7,3,7
2016551601054,2,19,0,18,0,2,0,0,0,0,4,1,6,1,46,8,1968,2,12,7,1,7
2016551601055,1,9,0,18,0,0,0,0,0,0,4,1,6,3,-1,-1,-1,-1,-1,-1,-1,-1
2016551601057,1,9,0,10,0,1,0,0,0,0,2,1,6,1,26,6,2521,1,10,5,1,5
2016551601057,2,9,0,4,0,1,0,0,0,0,1,1,6,2,20,4,999,1,16,8,1,8
2016551601058,1,9,0,10,0,1,0,0,0,0,1,1,6,1,24,5,1461,2,6,6,2,6
2016551601058,2,9,0,17,0,2,0,0,0,0,1,1,2,1,17,4,1590,1,11,10,1,10
2016551601059,1,1,0,9,0,0,0,0,0,0,3,1,6,1,37,7,-1,-1,-1,1,1,1
2016551601059,2,5,0,18,0,0,0,0,0,0,1,1,6,1,24,5,806,1,1,5,1,5
2016551601061,1,9,0,9,0,0,1,0,1,3,4,1,6,2,35,6,1598,1,11,6,3,6
2016551601062,1,5,0,18,0,0,1,0,0,0,0,1,6,2,29,6,1157,1,19,9,1,9
2016551601062,2,9,0,2,0,0,0,0,0,0,0,1,6,1,39,7,1997,2,6,-1,-1,-1
2016551601064,1,9,0,18,0,0,0,0,0,0,4,1,6,1,63,9,1968,2,2,10,1,10
2016551601065,1,9,0,3,0,0,0,0,0,0,2,1,6,2,69,10,1587,1,10,6,1,6
2016551601065,2,9,0,18,0,0,0,0,0,0,1,1,2,1,40,7,1598,1,14,5,1,5
2016551601067,1,9,0,18,0,3,0,0,0,0,3,1,6,3,-1,-1,-1,-1,-1,-1,-1,-1
2016551601067,2,5,0,18,0,4,0,0,0,0,4,1,6,1,46,8,1250,1,15,4,1,4
2016551601070,1,9,0,18,0,0,0,0,0,0,1,1,6,2,59,9,1600,2,5,6,3,6
2016551601070,2,9,0,18,0,0,0,0,0,0,1,1,6,1,67,10,1997,2,13,8,1,8
2016551601071,1,9,0,5,0,4,0,0,0,0,1,1,2,2,30,6,2171,1,13,2,1,2
2016551601071,2,9,0,4,0,3,0,0,0,0,4,1,2,2,33,6,1398,1,6,-1,-1,-1
2016551601072,1,20,0,18,0,2,0,0,0,0,0,1,2,1,47,8,2402,2,13,10,1,10
2016551601075,1,9,0,1,0,0,0,0,0,0,2,1,6,1,71,10,2793,1,18,9,1,9
2016551601077,1,9,0,4,0,4,0,0,0,0,1,1,6,1,40,7,1360,1,7,1,1,1
2016551601077,2,9,0,3,0,4,0,0,0,0,2,1,6,2,64,9,1496,2,1,9,1,9
2016551601078,1,9,0,18,0,0,0,0,0,0,1,1,6,3,-1,-1,-1,-1,-1,-1,-1,-1
2016551601079,1,3,0,18,0,1,0,0,0,0,1,1,2,1,17,4,125,1,1,9,1,9
2016551601079,2,9,0,5,0,1,0,0,0,0,1,2,2,2,24,5,1390,1,13,8,1,8
2016551601080,1,9,0,10,0,6,0,0,0,0,1,1,2,2,21,5,1149,1,12,6,1,6
2016551601080,2,5,0,18,0,1,0,0,0,0,1,1,1,1,48,8,649,1,6,7,1,7
2016551601084,1,9,0,9,0,2,0,0,0,0,1,1,1,1,37,7,998,1,1,-1,-1,-1
2016551601084,2,4,0,18,0,1,0,0,0,0,4,1,6,1,17,4,125,1,10,8,2,8
2016551601090,1,9,0,18,0,0,0,0,0,0,1,1,6,1,29,6,1968,2,-1,10,1,10
2016551601090,2,9,0,18,0,0,0,0,0,0,1,1,6,2,24,5,1995,2,13,9,1,9
2016551601091,1,3,0,13,0,0,1,0,0,0,1,1,6,1,20,4,124,1,1,1,2,1
2016551601091,2,9,0,18,0,0,0,0,0,0,2,1,6,1,69,10,1398,1,5,5,2,5
2016551601092,1,9,0,5,0,1,0,0,0,0,1,1,2,1,36,7,1798,1,14,2,1,2
2016551601092,2,1,0,18,0,1,0,0,0,0,1,1,6,1,17,4,-1,-1,-1,-1,-1,-1
2016551601093,1,9,0,9,0,8,0,0,0,0,1,1,6,1,67,10,1997,1,10,6,1,6
2016551601096,1,9,0,18,0,1,0,0,0,0,1,1,6,1,25,5,1390,1,7,1,1,1
2016551601096,2,9,0,18,0,1,0,0,0,0,2,1,6,1,45,7,1968,2,5,1,1,1
2016551601099,1,9,0,3,0,1,0,0,0,0,0,1,6,2,68,10,1596,1,5,6,3,6
2016551601099,2,1,0,18,0,2,0,0,0,0,0,1,6,1,64,9,-1,-1,-1,10,1,10
2016551601100,1,9,0,1,0,0,0,0,0,0,2,1,6,2,79,11,1149,1,5,9,1,9
2016551601101,1,19,0,18,0,0,0,0,0,0,1,1,1,1,24,5,-1,-1,-1,2,1,2
2016551601102,1,1,0,18,9,6,0,0,0,0,1,1,6,1,19,4,-1,-1,-1,4,2,4
2016551601102,2,9,0,4,0,1,0,0,0,0,1,1,6,2,-1,-1,-1,-1,-1,-1,-1,-1
2016551601106,1,9,0,7,0,4,0,0,0,0,1,1,6,2,33,6,1490,1,10,1,1,1
2016551601106,2,1,0,18,0,3,0,0,0,0,1,1,6,1,37,7,-1,-1,-1,8,1,8
2016551601107,1,9,0,13,0,0,0,0,0,0,4,1,6,2,71,10,1796,1,7,-1,-1,-1
2016551601107,2,5,0,18,0,0,1,0,0,0,3,1,6,1,26,6,1043,1,1,8,1,8
2016551601108,1,9,0,9,0,6,0,0,0,0,3,1,6,2,24,5,1043,1,21,10,1,10
2016551601108,2,9,0,18,0,8,0,0,0,0,1,1,6,2,37,7,2980,2,15,3,1,3
2016551601110,1,9,0,18,0,0,0,0,0,0,1,1,6,2,29,6,998,1,1,2,1,2
2016551601110,2,9,0,4,0,0,0,0,0,0,2,1,6,1,50,8,1968,2,1,8,3,8
2016551601111,1,9,0,7,0,1,0,0,0,0,1,1,6,2,49,8,2435,1,12,10,1,10
2016551601112,1,9,0,18,0,8,2,0,1,0,3,1,6,1,28,6,796,1,15,8,1,8
2016551601112,2,9,0,18,0,8,0,0,0,0,1,1,6,1,49,8,4134,2,5,10,1,10
2016551601113,1,9,0,18,0,0,1,0,0,0,3,1,6,2,45,7,1796,1,15,7,3,7
2016551601113,2,9,0,18,0,0,1,0,0,0,3,1,6,1,49,8,1991,2,9,5,1,5
2016551601118,1,9,0,18,0,1,0,0,1,10,1,1,6,1,19,4,1896,2,14,5,1,5
2016551601118,2,9,0,9,0,1,0,0,0,0,0,1,6,1,26,6,1149,1,16,3,1,3
2016551601121,1,9,0,6,0,6,0,0,0,0,1,1,6,1,41,7,2143,2,1,-1,-1,-1
2016551601121,2,9,0,18,0,1,0,0,0,0,1,1,1,2,33,6,1499,2,-1,8,1,8
2016551601122,1,9,0,9,0,1,0,0,0,0,1,1,2,1,55,8,999,1,13,5,1,5
2016551601122,2,5,0,18,0,1,0,0,0,0,1,1,2,1,30,6,999,1,7,5,1,5
2016551601123,1,9,0,18,0,0,0,0,0,0,3,1,6,2,26,6,1685,2,1,8,2,8
2016551601123,2,19,0,18,0,0,0,0,0,0,3,1,6,1,50,8,1968,2,2,7,1,7
2016551601124,1,9,0,18,0,1,0,0,0,0,1,1,6,1,54,8,1997,2,10,9,1,9
2016551601124,2,9,0,3,0,1,0,0,0,0,2,1,6,1,34,6,1995,2,11,5,1,5
2016551601125,1,19,0,18,0,8,0,0,1,0,1,1,1,1,51,8,1560,2,3,8,1,8
2016551601125,2,9,0,4,0,1,0,0,0,0,2,1,6,2,49,8,1229,1,11,6,3,6
2016551601128,1,9,0,18,0,0,0,0,0,0,1,1,6,3,-1,-1,-1,-1,-1,-1,-1,-1
2016551601129,1,3,0,15,0,0,0,0,1,11,1,1,6,2,17,4,124,1,11,4,1,4
2016551601129,2,3,0,15,0,0,0,0,1,10,3,1,6,1,21,5,125,1,4,5,1,5
2016551601129,3,9,0,7,0,0,0,0,0,0,4,1,6,2,42,7,1896,2,15,9,3,9
2016551601130,1,9,0,18,0,0,0,0,0,0,1,1,6,1,33,6,1796,1,10,2,1,2
2016551601133,1,9,0,5,6,0,0,0,3,11,1,1,6,2,87,11,1596,1,12,9,2,9
2016551601136,1,9,0,18,0,0,0,12,0,0,1,1,6,2,-1,-1,1749,1,12,6,1,6
2016551601138,1,9,0,16,0,0,2,0,7,2,1,1,6,1,25,5,2170,2,12,3,1,3
2016551601139,1,9,0,18,0,0,0,0,0,0,1,1,6,2,53,8,1242,1,1,4,1,4
2016551601139,2,9,0,18,0,0,0,0,0,0,2,1,6,2,41,7,1798,1,6,6,1,6
2016551601139,3,9,0,18,0,0,0,0,0,0,2,1,6,1,58,9,2987,2,8,4,1,4
2016551601140,1,9,0,18,0,8,0,0,0,0,3,1,6,2,60,9,1970,1,13,9,1,9
2016551601140,2,9,0,18,0,8,0,0,0,0,1,1,6,1,67,10,1999,1,6,8,1,8
2016551601141,1,9,0,18,0,0,0,0,0,0,0,1,6,1,83,11,1598,1,7,6,1,6
2016551601142,1,9,0,18,0,1,0,0,0,0,1,1,6,2,31,6,1242,1,1,4,1,4
2016551601145,1,8,0,18,0,0,0,0,0,0,1,1,1,1,35,6,1598,2,2,-1,-1,-1
2016551601146,1,9,0,18,0,1,2,0,7,3,1,1,6,1,21,5,1242,1,9,8,1,8
2016551601148,1,1,0,18,0,1,0,0,0,0,1,1,6,1,15,3,-1,-1,-1,8,1,8
2016551601148,2,9,0,5,0,5,0,0,0,0,1,1,1,2,25,5,1910,2,9,7,1,7
2016551601151,1,9,0,9,0,5,0,0,0,0,4,1,6,2,31,6,1493,2,9,4,1,4
2016551601151,2,5,0,18,0,1,0,0,0,0,1,1,6,1,24,5,749,1,9,5,1,5
2016551601152,1,5,0,5,0,0,0,0,0,0,3,1,6,1,46,8,599,1,15,5,1,5
2016551601154,1,9,0,17,0,0,0,0,2,4,1,1,6,2,25,5,1995,2,8,6,1,6
2016551601160,1,9,0,7,0,6,0,0,0,0,3,1,2,2,43,7,1685,2,5,10,1,10
2016551601160,2,9,0,4,0,1,0,0,0,0,4,1,6,2,21,5,1388,1,13,7,1,7
2016551601162,1,9,0,18,0,1,0,0,0,0,4,1,6,2,48,8,2521,1,9,6,1,6
2016551601162,2,9,0,7,0,1,0,0,0,0,1,1,6,1,46,8,1798,1,4,10,1,10
2016551601163,1,9,0,9,0,6,0,0,0,0,1,1,6,1,77,11,1798,1,6,5,2,5
2016551601163,2,9,0,16,0,8,0,0,0,0,1,1,2,2,31,6,2996,1,9,9,2,9
2016551601164,1,9,0,9,0,1,0,0,0,0,1,1,6,1,29,6,2099,1,14,9,1,9
2016551601164,2,3,0,18,0,1,0,0,0,0,1,1,6,1,19,4,124,1,37,8,1,8
2016551601165,1,9,0,18,0,0,0,0,4,6,1,1,6,2,18,4,1299,1,15,8,2,8
2016551601167,1,9,0,7,0,5,0,0,0,0,1,1,6,1,21,5,1991,2,10,5,1,5
2016551601167,2,9,0,9,0,1,0,0,0,0,2,1,2,1,44,7,1799,1,9,5,1,5
2016551601171,1,9,0,18,0,0,0,0,0,0,1,1,6,2,22,5,1229,1,9,7,1,7
2016551601171,2,9,0,18,0,0,0,0,0,0,2,1,6,1,30,6,1995,2,-1,8,1,8
2016551601172,1,9,0,18,0,1,0,0,0,0,1,1,6,1,68,10,1200,1,2,8,3,8
2016551601172,2,9,0,7,0,5,0,0,0,0,2,1,6,2,46,8,1968,2,6,-1,-1,-1
2016551601173,1,9,0,17,0,8,0,0,0,0,1,1,2,2,29,6,1200,1,2,10,1,10
2016551601173,2,9,0,4,0,1,0,0,0,0,2,1,6,1,87,11,1997,2,6,10,1,10
2016551601177,1,9,0,5,0,8,0,0,0,0,1,1,6,2,25,5,1461,2,14,3,1,3
2016551601177,2,9,0,18,0,1,0,0,0,0,1,1,6,2,73,10,1229,1,4,6,1,6
2016551601177,3,9,0,10,0,1,0,0,0,0,1,1,6,1,86,11,1398,1,10,9,1,9
2016551601178,1,9,0,3,0,2,0,0,0,0,3,1,1,2,38,7,1984,1,9,2,1,2
2016551601178,2,1,0,18,0,8,0,0,0,0,4,1,6,1,35,6,-1,-1,-1,3,1,3
2016551601179,1,9,0,5,0,4,0,0,0,0,3,1,2,2,37,7,998,1,4,9,1,9
2016551601179,2,1,0,7,0,3,0,0,0,0,4,1,1,1,36,7,-1,-1,-1,8,1,8
2016551601180,1,19,0,18,0,8,5,0,7,1,4,1,1,1,62,9,1560,2,1,8,1,8
2016551601180,2,9,0,18,0,8,0,0,0,0,1,1,6,1,74,10,1560,2,5,10,1,10
2016551601180,3,9,0,18,0,8,0,0,0,0,1,1,6,1,67,10,1560,2,5,9,1,9
2016551601181,1,9,0,4,0,0,0,0,0,0,1,1,6,1,34,6,1956,2,1,5,1,5
2016551601181,2,9,0,4,0,0,0,0,0,0,2,1,1,2,22,5,1496,2,1,5,1,5
2016551601182,1,9,0,18,0,4,0,0,3,1,1,1,6,1,29,6,1796,1,12,1,1,1
2016551601183,1,3,0,16,0,0,0,0,0,0,1,1,2,1,35,6,125,1,8,3,1,3
2016551601183,2,9,0,18,0,0,0,0,0,0,1,1,6,2,27,6,1598,1,7,3,1,3
2016551601184,1,9,0,18,0,0,1,0,1,2,1,1,6,1,86,11,1242,1,8,7,2,7
2016551601185,1,9,0,18,0,0,1,0,7,4,1,1,6,1,21,5,1600,1,18,5,1,5
2016551601186,1,9,0,18,0,1,0,0,0,0,1,1,6,1,22,5,1968,2,6,8,1,8
2016551601186,2,9,0,3,0,1,0,0,0,0,2,1,6,1,30,6,1870,2,12,1,1,1
2016551601186,3,9,0,3,0,1,0,0,0,0,2,1,6,2,52,8,1686,2,14,8,1,8
2016551601187,1,9,0,18,0,8,0,0,0,0,1,1,6,1,36,7,1599,1,11,1,1,1
2016551601187,2,9,0,18,0,1,0,0,0,0,1,1,6,1,31,6,1910,2,16,2,1,2
2016551601189,1,9,0,5,0,0,0,0,0,0,1,1,2,2,22,5,1984,1,9,9,1,9
2016551601189,2,9,0,5,0,0,0,0,0,0,1,1,3,2,43,7,1995,2,10,6,1,6
2016551601189,3,9,0,3,0,0,0,0,0,0,2,1,2,2,33,6,1248,2,2,9,1,9
2016551601191,1,9,0,18,0,1,0,0,0,0,0,1,6,2,74,10,1390,1,5,-1,-1,-1
2016551601191,2,1,0,9,0,6,0,0,0,0,2,1,6,1,30,6,-1,-1,-1,9,1,9
2016551601192,1,9,0,16,0,0,0,0,0,0,1,1,6,2,37,7,1149,1,16,2,2,2
2016551601192,2,9,0,17,0,0,0,0,7,0,1,1,6,2,87,11,1299,1,11,7,1,7
2016551601194,1,9,0,5,0,4,0,0,0,0,1,1,6,1,56,9,2362,1,14,9,1,9
2016551601194,2,1,0,18,0,3,0,0,0,0,4,1,3,2,21,5,-1,-1,-1,-1,-1,-1
2016551601195,1,5,0,18,0,0,0,0,0,0,4,1,6,1,57,9,899,1,20,6,3,6
2016551601196,1,9,0,9,0,8,0,0,0,0,3,1,1,2,19,4,1598,1,9,6,1,6
2016551601196,2,9,0,18,0,8,0,0,0,0,1,1,1,2,32,6,998,1,14,1,1,1
2016551601202,1,9,0,18,0,0,0,0,0,0,1,1,6,1,84,11,1598,1,13,10,1,10
2016551601202,2,19,0,2,0,0,0,0,0,0,2,1,1,1,51,8,2198,2,1,8,1,8
2016551601203,1,9,0,16,0,0,0,0,0,0,1,1,6,1,34,6,1390,1,11,1,1,1
2016551601203,2,9,0,17,0,0,0,0,0,0,1,1,6,2,28,6,1339,1,11,5,1,5
2016551601203,3,19,0,2,0,0,0,0,0,0,3,1,6,1,41,7,2198,2,7,3,1,3
2016551601204,1,9,0,9,0,6,0,0,0,0,1,1,2,1,38,7,1997,2,10,9,1,9
2016551601205,1,9,0,18,0,0,2,0,0,0,0,1,6,1,70,10,2835,2,18,5,2,5
2016551601206,1,9,0,16,0,1,0,0,0,0,1,1,6,1,24,5,1598,1,16,4,1,4
2016551601206,2,9,0,18,0,2,0,10,0,0,3,1,6,2,44,7,1149,1,18,3,1,3
2016551601210,1,9,0,18,0,4,1,0,0,0,1,1,6,1,68,10,1998,2,12,2,1,2
2016551601210,2,9,0,18,0,8,0,0,0,0,2,1,2,2,27,6,1248,1,3,4,1,4
2016551601212,1,3,0,13,0,8,0,0,0,0,1,1,6,1,35,6,124,1,2,7,1,7
2016551601212,2,9,0,9,0,8,0,0,0,0,3,1,6,1,27,6,1598,1,14,6,1,6
2016551601216,1,9,0,11,0,1,0,0,0,0,4,1,6,1,33,6,2996,1,9,9,1,9
2016551601216,2,5,0,4,0,4,0,0,0,0,3,1,6,1,30,6,904,1,16,8,1,8
2016551601217,1,9,0,4,0,0,1,0,0,0,1,1,1,2,47,8,1461,2,6,6,3,6
2016551601217,2,9,0,4,0,0,1,0,0,0,2,1,2,1,25,5,1968,2,4,6,1,6
2016551601217,3,9,0,4,0,0,0,0,0,0,2,1,2,1,33,6,2143,2,3,10,1,10
2016551601218,1,9,0,9,0,8,0,0,0,0,1,1,6,2,60,9,2765,2,17,6,3,6
2016551601218,2,5,0,18,0,8,0,0,7,0,4,1,2,1,32,6,998,1,12,3,1,3
2016551601220,1,9,0,10,9,1,0,0,0,0,1,1,6,1,58,9,1999,2,-1,9,3,9
2016551601220,2,1,0,18,9,1,0,0,0,0,1,1,6,1,9,2,-1,-1,-1,9,3,9
2016551601223,1,9,0,18,0,0,0,0,0,0,3,1,6,1,30,6,1461,2,2,6,3,6
2016551601223,2,9,0,18,0,0,0,0,0,0,3,1,6,2,23,5,1468,1,7,9,2,9
2016551601227,1,19,0,12,0,1,0,0,0,0,1,1,2,1,44,7,1995,2,3,5,1,5
2016551601227,2,9,0,12,0,2,0,0,0,0,1,1,6,1,22,5,1242,1,15,6,1,6
2016551601228,1,9,0,4,0,1,0,0,0,0,1,1,6,2,22,5,1242,1,5,10,1,10