Accident_Index,Vehicle_Reference,Vehicle_Type,Towing_and_Articulation,Vehicle_Manoeuvre,Vehicle_Location-Restricted_Lane,Junction_Location,Skidding_and_Overturning,Hit_Object_in_Carriageway,Vehicle_Leaving_Carriageway,Hit_Object_off_Carriageway,1st_Point_of_Impact,Was_Vehicle_Left_Hand_Drive?,Journey_Purpose_of_Driver,Sex_of_Driver,Age_of_Driver,Age_Band_of_Driver,Engine_Capacity_(CC),Propulsion_Code,Age_of_Vehicle,Driver_IMD_Decile,Driver_Home_Area_Type,Vehicle_IMD_Decile
2016551601228,2,9,0,4,0,1,0,0,0,0,2,1,2,2,57,9,1397,1,14,9,1,9
2016551601231,1,9,0,6,0,0,0,0,0,0,3,1,2,1,29,6,1360,1,14,9,1,9
2016551601231,2,9,0,18,0,0,0,0,0,0,1,1,6,1,32,6,2261,1,9,3,1,3
2016551601232,1,9,0,18,0,1,0,0,0,0,3,1,6,2,50,8,1596,1,11,9,1,9
2016551601232,2,9,0,18,0,8,0,0,0,0,4,1,3,2,30,6,1360,1,12,8,1,8
2016551601233,1,9,0,2,0,0,0,0,0,0,3,1,6,1,19,4,-1,-1,-1,9,1,9
2016551601233,2,1,0,18,0,0,0,8,0,0,1,1,6,1,33,6,-1,-1,-1,5,1,5
2016551601234,1,9,0,18,0,1,1,0,0,0,1,1,6,2,61,9,1900,2,10,5,3,5
2016551601234,2,9,0,18,0,4,1,0,0,0,1,1,6,2,63,9,1796,1,13,6,3,6
2016551601234,3,9,0,18,0,4,1,0,0,0,2,1,6,2,45,7,2698,2,9,7,3,7
2016551601235,1,3,0,18,0,1,0,0,0,0,4,1,6,1,39,7,124,1,1,4,1,4
2016551601235,2,9,0,9,0,8,0,0,0,0,3,1,2,2,45,7,2498,2,20,2,1,2
2016551601242,1,9,0,3,0,0,0,0,0,0,2,1,6,2,42,7,1560,2,7,4,1,4
2016551601242,2,9,0,18,0,0,0,0,0,0,1,1,6,1,33,6,1398,1,1,3,1,3
2016551601246,1,9,0,18,9,6,0,0,0,0,4,1,6,2,33,6,1390,1,9,1,1,1
2016551601247,1,3,0,13,0,5,0,0,0,0,1,1,6,1,25,5,125,1,9,7,1,7
2016551601247,2,9,0,9,0,5,0,0,0,0,3,1,6,2,25,5,1999,1,10,3,1,3
2016551601251,1,9,0,7,0,1,0,0,0,0,2,1,4,2,36,7,1598,1,4,6,1,6
2016551601251,2,1,0,18,0,1,0,0,0,0,1,1,6,1,15,3,-1,-1,-1,6,1,6
2016551601257,1,21,1,18,0,0,1,0,0,0,1,1,1,1,51,8,12580,2,10,6,1,6
2016551601257,2,11,0,18,0,0,0,0,0,0,1,1,1,1,44,7,6696,2,1,9,1,9
2016551601257,3,90,0,18,0,0,0,0,0,0,1,1,6,1,45,7,-1,-1,-1,10,1,10
2016551601259,1,9,0,18,0,8,0,0,0,0,1,1,6,2,49,8,2184,2,13,10,1,10
2016551601260,1,9,0,6,8,0,0,0,0,0,1,1,6,1,68,10,2000,2,7,-1,-1,-1
2016551601260,2,9,0,18,0,0,0,0,7,10,1,1,6,2,32,6,1995,2,4,10,1,10
2016551601261,1,9,0,18,0,1,0,0,0,0,1,1,1,1,43,7,-1,-1,-1,6,3,6
2016551601261,2,9,0,4,0,7,0,0,0,0,2,1,6,2,51,8,1999,2,1,7,3,7
2016551601261,3,9,0,18,0,1,0,0,0,0,1,1,6,1,50,8,1997,2,4,7,1,7
2016551601262,1,9,0,9,0,1,0,0,0,0,1,1,6,1,30,6,1364,2,9,6,3,6
2016551601262,2,9,0,5,0,1,0,0,0,0,1,1,6,2,51,8,1493,1,16,7,1,7
2016551601266,1,9,0,1,0,0,0,0,0,0,2,1,3,2,40,7,1910,2,9,7,2,7
2016551601266,2,9,0,3,0,0,0,0,0,0,1,1,3,1,42,7,1686,2,18,7,3,7
2016551601267,1,9,0,5,0,6,0,0,0,0,1,1,6,1,20,4,1796,1,14,8,2,8
2016551601267,2,5,0,18,0,8,1,0,7,0,4,1,6,1,53,8,1202,1,1,5,1,5
2016551601268,1,9,0,18,0,1,0,0,0,0,4,1,1,1,58,9,1360,1,13,5,1,5
2016551601270,1,19,0,1,0,1,0,0,0,0,2,1,6,1,31,6,2402,2,14,4,1,4
2016551601270,2,9,0,3,0,1,0,0,0,0,1,1,6,2,69,10,2495,2,19,3,1,3
2016551601274,1,19,0,18,0,8,0,0,0,0,1,1,1,1,19,4,1598,2,2,8,1,8
2016551601274,2,9,0,2,0,1,0,0,0,0,4,1,6,2,48,8,2993,2,3,7,1,7
2016551601274,3,9,0,2,0,1,0,0,0,0,4,1,6,3,-1,-1,1598,1,2,-1,-1,-1
2016551601275,1,9,0,10,0,1,0,0,0,0,2,1,6,1,74,10,1560,2,11,2,1,2
2016551601275,2,3,0,4,0,1,0,0,0,0,1,1,6,1,25,5,124,1,7,5,1,5
2016551601276,1,9,0,9,0,6,0,0,0,0,3,1,6,3,-1,-1,1984,1,12,-1,-1,-1
2016551601276,2,9,0,18,0,8,1,0,0,0,1,1,6,2,23,5,1686,2,3,4,1,4
2016551601277,1,9,0,16,0,0,0,0,0,0,1,1,6,1,33,6,1686,2,15,9,2,9
2016551601277,2,9,0,17,0,0,0,0,0,0,1,1,6,1,50,8,2400,2,5,10,1,10
2016551601278,1,9,0,18,0,0,0,0,0,0,1,1,6,2,66,10,1598,1,5,3,1,3
2016551601279,1,9,0,9,0,5,0,0,0,0,1,1,2,2,35,6,1598,1,2,3,1,3
2016551601279,2,1,0,18,0,8,0,0,0,0,2,1,6,1,31,6,-1,-1,-1,6,1,6
2016551601280,1,9,0,7,0,3,0,0,0,0,1,1,2,2,50,8,1598,1,2,9,1,9
2016551601280,2,1,0,18,0,8,0,0,0,0,2,1,6,1,31,6,-1,-1,-1,4,1,4
2016551601282,1,9,0,5,0,2,0,0,0,0,2,1,6,2,33,6,1796,1,16,5,1,5
2016551601282,2,9,0,18,0,1,0,0,0,0,2,1,6,2,35,6,1796,1,15,3,2,3
2016551601282,3,9,0,18,0,1,0,0,0,0,1,1,6,1,67,10,2487,2,16,6,3,6
2016551601287,1,9,0,3,0,1,0,0,0,0,2,1,6,2,42,7,998,1,15,5,1,5
2016551601287,2,8,0,18,0,2,0,0,0,0,1,1,1,1,61,9,1997,2,6,8,1,8
2016551601288,1,9,0,18,0,0,0,11,1,11,1,1,6,1,38,7,1984,1,15,1,2,1
2016551601288,2,9,0,18,0,0,0,0,1,0,1,1,6,1,47,8,1598,1,10,6,2,6
2016551601289,1,9,0,4,0,0,0,0,0,0,1,1,6,1,-1,-1,2993,2,3,8,1,8
2016551601289,2,9,0,3,0,0,0,0,0,0,2,1,6,1,31,6,2231,2,4,4,1,4
2016551601291,1,9,0,18,0,0,2,4,0,0,4,1,6,2,87,11,1598,1,14,9,2,9
2016551601291,2,9,0,2,0,0,0,0,0,0,4,1,6,3,-1,-1,1598,1,11,-1,-1,-1
2016551601292,1,9,0,14,0,0,0,0,0,0,1,1,6,2,42,7,1598,1,9,6,1,6
2016551601292,2,9,0,2,0,0,0,0,0,0,3,1,6,3,-1,-1,1364,2,6,-1,-1,-1
2016551601293,1,2,0,18,0,2,0,0,0,0,0,1,6,1,18,4,49,1,2,3,1,3
2016551601294,1,9,0,16,0,0,1,0,1,0,4,1,6,2,27,6,1124,1,13,-1,-1,-1
2016551601296,1,9,0,18,0,0,0,0,0,0,1,1,6,2,76,11,1328,1,12,7,3,7
2016551601296,2,9,0,18,0,0,0,0,0,0,1,1,6,2,42,7,1198,1,1,6,3,6
2016551601296,3,9,0,18,0,0,0,0,0,0,4,1,6,2,28,6,1364,1,8,7,2,7
2016551601297,1,9,0,18,0,0,0,0,0,0,1,1,6,1,29,6,2204,2,9,4,1,4
2016551601297,2,9,0,18,0,0,0,0,0,0,1,1,6,1,18,4,998,1,2,4,3,4
2016551601299,1,9,0,18,0,0,0,0,0,0,1,1,6,2,27,6,1998,1,11,4,1,4
2016551601299,2,5,0,4,0,0,0,0,0,0,2,1,6,2,48,8,599,1,19,9,1,9
2016551601299,3,9,0,4,0,0,0,0,0,0,2,1,6,2,32,6,1896,2,9,4,1,4
2016551601300,1,3,0,14,0,0,1,0,0,0,4,1,6,1,19,4,124,1,10,10,1,10
2016551601300,2,9,0,4,0,0,0,0,0,0,3,1,6,1,40,7,1753,2,12,8,1,8
2016551601301,1,9,0,5,0,6,0,0,0,0,3,1,6,2,66,10,1596,1,10,9,3,9
2016551601301,2,9,0,18,0,1,0,0,0,0,1,1,2,2,23,5,899,1,2,7,3,7
2016551601302,1,5,0,17,0,0,0,0,1,9,1,1,2,1,48,8,675,1,1,10,2,10
2016551601303,1,9,0,18,0,0,0,0,0,0,1,1,6,3,-1,-1,-1,-1,-1,-1,-1,-1
2016551601303,2,9,0,4,0,0,0,0,0,0,1,1,2,1,25,5,1968,2,6,3,1,3
2016551601303,3,9,0,4,0,0,0,0,0,0,2,1,2,1,49,8,1598,2,1,10,1,10
2016551601304,1,9,0,4,0,1,0,0,0,0,1,1,6,2,52,8,1796,1,15,1,1,1
2016551601308,1,9,0,15,0,0,0,0,0,0,1,2,6,1,35,6,2979,1,-1,8,1,8
2016551601308,2,9,0,4,0,0,0,0,0,0,2,2,6,2,52,8,1998,1,8,10,1,10
2016551601308,3,9,0,18,0,0,0,0,0,0,1,2,6,2,25,5,1368,1,6,8,1,8
2016551601309,1,2,0,18,0,0,0,0,1,0,0,1,6,1,20,4,49,1,17,5,1,5
2016551601309,2,9,0,18,0,0,0,0,0,0,0,1,6,3,-1,-1,-1,-1,-1,-1,-1,-1
2016551601315,1,9,0,15,0,0,0,0,0,0,4,1,6,1,48,8,1998,1,13,3,1,3
2016551601316,1,9,0,5,0,1,0,0,3,0,1,1,6,1,45,7,1388,1,8,6,1,6
2016551601316,2,9,0,18,0,1,0,0,1,2,1,1,6,2,76,11,1600,1,23,7,1,7
2016551601317,1,5,0,17,0,0,0,0,0,0,1,1,6,1,56,9,1255,1,6,3,1,3
2016551601318,1,9,0,18,0,0,0,0,7,4,1,1,2,1,19,4,1968,2,9,10,1,10
2016551601318,2,9,0,18,0,0,0,0,1,4,3,1,2,1,62,9,1839,1,13,8,1,8
2016551601319,1,9,0,18,0,4,0,0,0,0,2,1,6,2,35,6,1968,2,5,7,1,7
2016551601319,2,9,0,18,0,4,0,0,0,0,1,1,6,1,21,5,1560,2,5,4,1,4
2016551601324,1,9,0,18,0,0,0,0,0,0,4,1,6,1,47,8,1796,1,15,3,1,3
2016551601324,2,10,0,1,0,0,0,0,0,0,2,1,1,1,47,8,-1,-1,-1,3,1,3
2016551601325,1,9,0,16,0,3,0,0,0,0,1,1,6,2,18,4,1198,1,14,10,1,10
2016551601325,2,9,0,18,0,1,0,0,0,0,1,1,6,1,55,8,1398,1,2,6,1,6
2016551601326,1,9,0,18,0,1,0,0,1,4,1,1,6,1,29,6,2793,1,21,1,1,1
2016551601328,1,9,0,18,0,1,0,0,0,0,1,1,2,1,30,6,2993,2,4,10,1,10
2016551601328,2,9,0,9,0,5,0,0,0,0,2,1,6,2,52,8,1399,1,8,5,1,5
2016551601329,1,90,0,9,0,5,0,0,0,0,1,1,6,2,30,6,-1,-1,-1,5,3,5
2016551601329,2,9,0,18,0,8,0,0,0,0,1,1,6,1,70,10,1598,1,7,5,2,5
2016551601333,1,9,0,18,0,6,1,0,3,1,1,1,1,1,23,5,1199,2,5,3,1,3
2016551601333,2,9,0,18,0,1,1,0,1,0,4,1,6,1,24,5,1199,1,14,8,1,8
2016551601333,3,19,0,18,0,1,0,0,0,0,1,1,1,1,38,7,1968,2,-1,5,3,5
2016551601336,1,9,0,2,6,0,0,0,0,0,3,1,2,2,43,7,2290,1,12,1,1,1
2016551601336,2,1,0,18,0,0,0,8,0,0,1,1,6,2,40,7,-1,-1,-1,10,1,10
2016551601338,1,9,0,5,0,6,0,0,0,0,4,1,6,2,60,9,1968,2,1,9,1,9
2016551601338,2,5,0,18,0,1,1,0,1,11,1,1,6,1,53,8,1084,1,20,5,1,5
2016551601341,1,9,0,18,0,0,5,4,0,0,1,1,6,1,59,9,4398,1,16,5,1,5
2016551601341,2,9,0,2,0,0,0,0,0,0,2,1,6,3,-1,-1,1199,1,12,-1,-1,-1
2016551601341,3,9,0,2,0,0,0,0,0,0,1,1,6,3,-1,-1,1984,1,10,-1,-1,-1
2016551601344,1,3,0,18,0,1,0,0,0,0,1,1,6,1,24,5,115,1,-1,7,1,7
2016551601344,2,9,0,9,0,1,0,0,0,0,3,1,6,2,53,8,1968,2,9,4,1,4
2016551601347,1,1,0,11,0,0,0,0,0,0,0,1,2,1,55,8,-1,-1,-1,1,1,1
2016551601349,1,9,0,18,0,4,0,0,0,0,1,1,6,2,31,6,1598,1,8,7,1,7
2016551601349,2,9,0,18,0,8,0,0,0,0,1,1,6,1,52,8,1968,2,2,10,2,10
2016551601350,1,9,0,18,0,0,1,0,5,6,1,1,6,1,19,4,1587,1,16,1,1,1
2016551601351,1,9,0,16,0,0,0,0,2,10,1,1,6,2,19,4,1124,1,15,1,1,1
2016551601351,2,9,0,17,0,0,0,0,0,0,1,1,6,1,66,10,1991,2,8,7,3,7
2016551601351,3,9,0,16,0,0,0,0,0,0,1,1,6,1,49,8,1332,1,18,7,3,7
2016551601352,1,9,0,18,0,2,0,0,1,11,1,1,6,1,81,11,1298,1,10,5,3,5
2016551601353,1,9,0,12,8,7,0,0,0,0,2,1,6,3,-1,-1,-1,-1,-1,-1,-1,-1
2016551601353,2,9,0,12,8,7,0,0,0,0,1,1,6,1,50,8,998,1,1,8,3,8
2016551601353,3,9,0,12,8,7,0,0,0,0,2,1,6,1,26,6,1995,2,8,5,1,5
2016551601354,1,9,0,4,0,1,1,0,0,0,1,1,6,2,19,4,1149,1,2,6,3,6
2016551601354,2,9,0,4,0,1,0,0,0,0,2,1,6,2,37,7,1896,2,8,9,3,9
2016551601355,1,9,0,18,0,6,1,0,1,4,1,1,6,1,23,5,2290,1,14,6,2,6
2016551601355,2,9,0,18,0,1,1,0,7,4,1,1,6,1,46,8,1587,1,13,6,2,6
2016551601356,1,9,0,9,0,5,0,0,0,0,1,1,6,1,37,7,1461,2,5,6,1,6
2016551601356,2,9,0,9,0,5,0,0,0,0,3,1,6,2,53,8,1242,1,4,-1,-1,-1
2016551601357,1,9,0,5,8,1,0,0,0,0,4,1,6,1,31,6,1206,1,6,4,1,4
2016551601357,2,2,0,18,0,8,1,0,0,0,4,1,6,1,20,4,49,1,4,2,1,2
2016551601358,1,19,0,2,0,0,0,0,0,0,0,1,6,1,59,9,1995,2,5,8,1,8
2016551601358,2,9,0,18,0,0,0,0,0,0,1,1,6,1,27,6,1679,1,17,8,1,8
2016551601358,3,9,0,18,0,0,0,0,0,0,1,1,6,2,33,6,1299,1,14,5,1,5
2016551601359,1,9,0,18,0,0,0,0,0,0,1,1,6,2,55,8,1998,2,7,6,3,6
2016551601359,2,19,0,2,0,0,0,0,0,0,2,1,1,1,55,8,2143,2,3,4,1,4
2016551601360,1,9,0,5,0,1,0,0,0,0,2,1,6,2,48,8,1368,1,9,8,1,8
2016551601360,2,9,0,18,0,1,0,0,0,0,1,1,6,1,48,8,1598,1,4,7,2,7
2016551601361,1,9,0,7,0,3,0,0,0,0,1,1,6,1,69,10,1896,2,10,5,1,5
2016551601362,1,9,0,5,0,0,0,0,0,0,1,1,6,2,22,5,1360,1,14,8,3,8
2016551601362,2,9,0,5,0,0,0,0,0,0,2,1,2,2,51,8,2191,2,2,8,1,8
2016551601364,1,1,0,18,0,1,0,0,0,0,2,1,6,1,80,11,-1,-1,-1,10,1,10
2016551601364,2,9,0,18,0,1,0,0,0,0,1,1,6,3,-1,-1,-1,-1,-1,-1,-1,-1
2016551601367,1,9,0,16,0,0,0,0,1,4,2,1,6,1,21,5,1896,2,14,10,1,10
2016551601367,2,9,0,18,0,0,1,0,7,4,1,1,6,1,25,5,1781,1,14,10,3,10
2016551601368,1,9,0,17,0,8,1,0,1,4,1,1,6,1,40,7,1783,1,15,4,2,4
2016551601369,1,21,1,4,0,0,0,0,0,0,1,1,1,1,28,6,12740,2,5,4,1,4
2016551601369,2,9,0,4,0,0,0,0,0,0,1,1,6,1,19,4,1124,1,15,3,3,3
2016551601369,3,21,0,4,0,0,0,0,0,0,2,1,1,1,36,7,9200,2,6,6,1,6
2016551601370,1,9,0,18,0,1,0,0,0,0,1,1,6,2,55,8,1968,2,3,9,1,9
2016551601370,2,9,0,3,0,1,0,0,0,0,2,1,6,1,55,8,1997,2,12,2,1,2
2016551601371,1,9,0,18,0,1,0,0,0,0,1,1,6,1,64,9,1360,1,7,3,1,3
2016551601371,2,9,0,18,0,1,0,0,0,0,1,1,6,1,27,6,1198,1,6,5,1,5
2016551601372,1,9,0,16,0,0,5,0,0,0,3,1,2,1,54,8,1299,1,13,4,1,4
2016551601373,1,9,0,18,0,0,0,0,2,10,3,1,2,1,31,6,1796,1,16,5,2,5
2016551601374,1,21,0,17,0,0,0,0,0,0,4,1,1,1,25,5,9365,2,7,7,2,7
2016551601375,1,9,0,18,0,2,0,0,0,0,1,1,6,1,31,6,2982,2,-1,6,1,6
2016551601376,1,9,0,4,0,1,0,0,0,0,1,1,6,3,-1,-1,1390,1,10,-1,-1,-1
2016551601376,2,9,0,4,0,1,0,0,0,0,2,1,6,2,31,6,1124,1,13,6,1,6
2016551601377,1,9,0,18,0,4,1,0,0,0,1,1,6,1,25,5,1199,1,14,9,1,9
2016551601377,2,19,0,18,0,4,0,0,1,11,1,1,2,1,36,7,1995,2,4,3,1,3
2016551601378,1,9,0,7,0,1,0,0,0,0,4,1,6,1,38,7,2987,2,6,9,1,9
2016551601378,2,1,0,18,0,1,0,0,0,0,0,1,6,1,15,3,-1,-1,-1,9,1,9
2016551601380,1,9,0,2,0,0,0,0,0,0,3,1,6,1,25,5,1248,2,9,3,1,3
2016551601380,2,1,0,18,0,0,0,0,0,0,1,1,2,1,58,9,-1,-1,-1,7,1,7
2016551601381,1,9,0,9,0,5,0,0,0,0,4,1,6,1,46,8,1590,1,15,6,1,6
2016551601381,2,9,0,18,0,5,0,0,0,0,3,1,6,1,52,8,1388,1,13,5,2,5
2016551601385,1,9,0,18,0,0,5,0,1,9,4,1,2,2,35,6,1328,1,10,7,1,7
2016551601387,1,9,0,5,0,4,0,0,0,0,3,1,6,1,60,9,1998,1,14,7,1,7
2016551601387,2,1,0,18,0,4,0,0,0,0,1,1,2,1,50,8,-1,-1,-1,7,2,7
2016551601388,1,9,0,5,0,8,0,0,0,0,4,1,6,2,70,10,1896,2,12,5,2,5
2016551601388,2,9,0,18,0,1,0,0,0,0,0,1,6,2,33,6,1968,2,10,4,1,4
2016551601389,1,9,0,18,0,2,0,4,0,0,4,1,6,1,80,11,2720,2,7,9,1,9
2016551601389,2,19,0,2,0,2,0,0,0,0,2,1,1,1,53,8,1560,2,2,-1,-1,-1
2016551601389,3,9,0,18,0,1,0,0,0,0,1,1,6,2,56,9,1998,1,20,10,2,10
2016551601390,1,9,0,5,0,8,0,0,0,0,1,1,6,1,71,10,1390,1,7,7,1,7
2016551601390,2,9,0,9,0,6,0,0,0,0,4,1,6,1,26,6,1598,1,11,9,1,9
2016551601392,1,1,0,18,0,8,0,0,0,0,3,1,2,1,30,6,-1,-1,-1,9,1,9
2016551601392,2,9,0,7,0,1,0,0,0,0,4,1,2,1,37,7,1360,1,17,7,1,7
2016551601393,1,9,0,18,0,1,0,0,0,0,1,1,6,2,72,10,1198,1,9,8,2,8
2016551601393,2,9,0,10,0,1,0,0,0,0,2,1,6,2,46,8,1598,1,9,6,3,6
2016551601394,1,9,0,18,0,1,0,0,0,0,1,1,6,1,19,4,1360,1,13,2,1,2
2016551601394,2,9,0,18,0,1,0,0,0,0,1,1,1,1,41,7,1598,2,1,9,1,9
2016551601395,1,21,0,9,0,5,0,0,0,0,4,1,1,1,53,8,-1,-1,-1,3,1,3
2016551601395,2,9,0,2,0,1,0,0,0,0,3,1,6,2,52,8,1600,1,5,4,1,4
2016551601395,3,9,0,2,0,1,0,0,0,0,0,1,6,3,-1,-1,1997,1,7,-1,-1,-1
2016551601396,1,9,0,18,0,6,0,0,0,0,1,1,6,1,26,6,1794,1,13,3,1,3
2016551601396,2,9,0,18,0,8,0,0,0,0,1,1,6,2,28,6,1596,1,11,3,1,3
2016551601397,1,9,0,12,0,0,1,0,1,6,3,1,6,2,54,8,1250,1,-1,1,2,1
2016551601397,2,9,0,18,0,0,0,0,0,0,4,1,6,2,50,8,2776,2,10,6,3,6
2016551601399,1,9,0,13,0,0,1,0,0,0,1,1,6,1,56,9,1896,2,18,1,2,1
2016551601399,2,9,0,18,0,0,1,0,0,0,1,1,2,1,67,10,1560,2,6,5,2,5
2016551601400,1,9,0,18,0,1,0,0,7,2,1,1,6,3,-1,-1,-1,-1,-1,-1,-1,-1
2016551601400,2,9,0,18,0,8,0,0,0,0,3,1,6,2,45,7,2498,1,20,2,1,2
2016551601401,1,9,0,18,0,0,1,0,0,0,1,1,6,1,32,6,1595,1,17,2,1,2
2016551601401,2,9,0,3,0,0,0,0,0,0,2,1,6,1,39,7,1560,2,2,8,1,8
2016551601401,3,9,0,3,0,0,0,0,0,0,2,1,6,1,37,7,1560,2,4,9,1,9
2016551601404,1,9,0,5,0,4,0,0,0,0,1,1,6,1,76,11,1968,2,10,8,1,8
2016551601404,2,9,0,3,0,4,0,0,0,0,2,1,2,2,60,9,1390,1,7,8,1,8
2016551601405,1,9,0,18,0,1,0,0,0,0,1,1,6,1,36,7,5439,1,14,10,1,10
2016551601405,2,9,0,9,0,5,0,0,0,0,1,1,6,1,19,4,1364,1,8,10,1,10
2016551601405,3,9,0,8,0,1,0,0,0,0,1,1,6,1,19,4,1598,1,13,5,1,5
2016551601406,1,9,0,18,0,0,0,0,0,0,1,1,6,1,26,6,1364,1,8,8,3,8
2016551601406,2,9,0,4,0,0,0,0,0,0,2,1,6,2,50,8,1390,1,17,5,1,5
2016551601407,1,5,0,5,0,4,1,0,0,0,0,1,2,1,21,5,599,1,10,3,1,3
2016551601408,1,9,0,3,0,1,0,0,0,0,1,1,6,1,18,4,1242,1,17,8,1,8
2016551601408,2,9,0,3,0,1,0,0,0,0,2,2,6,1,28,6,-1,-1,-1,6,1,6
2016551601409,1,1,0,18,0,0,0,0,0,0,1,1,6,1,37,7,-1,-1,-1,1,1,1
2016551601410,1,1,0,18,0,0,0,0,0,0,0,1,6,1,85,11,-1,-1,-1,4,1,4
2016551601411,1,9,0,5,0,6,0,0,0,0,3,1,6,1,62,9,1368,1,8,7,1,7
2016551601411,2,1,0,18,0,1,0,0,0,0,1,1,6,2,52,8,-1,-1,-1,8,1,8
2016551601412,1,9,0,18,0,0,0,0,0,0,1,1,6,1,42,7,1781,1,27,8,1,8
2016551601412,2,9,0,18,0,0,0,0,0,0,1,1,6,2,70,10,1998,1,14,8,1,8
2016551601413,1,9,0,4,0,0,0,0,0,0,2,1,6,1,64,9,1560,2,7,10,1,10
2016551601413,2,8,0,18,0,0,0,0,0,0,1,1,1,1,38,7,1968,2,4,5,1,5
2016551601413,3,9,0,18,0,0,0,0,0,0,1,1,6,2,19,4,1242,1,-1,6,1,6
2016551601414,1,5,0,18,0,0,0,7,0,0,1,1,6,1,50,8,645,1,5,9,1,9
2016551601415,1,9,0,4,0,0,0,0,0,0,1,1,6,1,75,10,1242,1,11,10,1,10
2016551601415,2,9,0,3,0,0,0,0,0,0,2,1,6,1,82,11,1997,1,6,9,1,9
2016551601415,3,19,0,3,0,0,0,0,0,0,2,1,1,1,34,6,-1,-1,-1,6,1,6
2016551601415,4,9,0,3,0,0,0,0,0,0,2,1,6,2,35,6,1896,2,7,9,3,9
2016551601416,1,9,0,18,0,8,0,0,0,0,1,1,6,3,-1,-1,1796,1,16,-1,-1,-1
2016551601416,2,9,0,18,0,8,0,0,1,0,3,1,1,2,50,8,1248,1,4,4,1,4
2016551601417,1,9,0,5,0,0,0,0,0,0,2,1,6,1,49,8,1598,2,-1,-1,-1,-1
2016551601417,2,5,0,4,0,0,0,0,0,0,1,1,6,1,47,8,1215,1,2,9,3,9
2016551601418,1,19,0,17,0,1,0,0,0,0,3,1,6,1,42,7,2402,2,10,3,1,3
2016551601419,1,5,0,18,0,0,0,0,0,0,2,1,2,1,36,7,599,1,11,3,1,3
2016551601419,2,9,0,18,0,0,0,0,0,0,1,1,6,3,-1,-1,-1,-1,-1,-1,-1,-1
2016551601420,1,9,0,16,0,0,1,0,1,0,4,1,6,2,18,4,1560,2,9,8,2,8
2016551601421,1,9,0,4,0,1,0,0,0,0,1,1,6,2,24,5,1598,1,4,3,1,3
2016551601421,2,9,0,4,0,1,0,0,0,0,2,1,6,1,28,6,1461,2,9,6,1,6
2016551601421,3,9,0,3,0,1,0,0,0,0,2,1,6,2,30,6,1596,1,14,5,1,5
2016551601422,1,21,1,11,0,0,0,0,0,0,4,1,1,1,67,10,12809,2,1,7,1,7
2016551601422,2,9,0,18,0,0,0,0,1,0,3,1,6,1,74,10,1398,1,5,9,3,9
2016551601423,1,9,0,18,0,1,0,0,0,0,1,1,6,3,-1,-1,-1,-1,-1,-1,-1,-1
2016551601423,2,9,0,8,0,1,0,0,0,0,2,1,6,1,54,8,1968,2,7,-1,-1,-1
2016551601424,1,9,0,5,0,6,1,0,0,0,1,1,6,1,70,10,1242,1,-1,8,1,8
2016551601424,2,9,0,18,0,1,0,0,0,0,1,1,6,1,64,9,1997,2,3,10,1,10
2016551601424,3,9,0,18,0,1,0,0,0,0,1,1,6,1,17,4,1198,1,14,10,1,10
2016551601426,1,9,0,16,0,0,2,0,7,4,1,1,2,2,27,6,1598,1,10,5,1,5
2016551601427,1,9,0,18,0,8,0,0,0,0,1,1,6,2,35,6,1984,1,9,1,1,1
2016551601427,2,9,0,10,0,5,0,0,0,0,2,1,3,2,33,6,2204,2,10,9,3,9
2016551601428,1,9,0,5,0,4,0,0,0,0,1,1,6,1,47,8,1968,2,2,10,1,10
2016551601428,2,1,0,18,0,8,0,0,0,0,4,1,6,1,49,8,-1,-1,-1,10,1,10
2016551601429,1,9,0,16,0,0,1,0,0,0,1,1,6,1,17,4,1390,1,20,6,3,6
2016551601429,2,9,0,18,0,0,0,0,0,0,1,1,2,2,49,8,1598,2,5,7,3,7
2016551601430,1,5,0,18,0,0,1,0,0,0,4,1,6,1,35,6,1215,1,3,6,3,6
2016551601430,2,9,0,18,0,0,0,1,0,0,4,1,6,2,78,11,1998,1,2,10,2,10
2016551601431,1,9,0,18,0,1,0,0,0,0,1,1,6,2,55,8,1386,1,12,10,1,10
2016551601433,1,19,0,4,0,0,0,0,0,0,1,1,6,1,50,8,2402,2,16,9,1,9
2016551601433,2,9,0,3,0,0,0,0,0,0,2,1,2,2,50,8,1242,1,10,3,1,3
2016551601433,3,9,0,3,0,0,0,0,0,0,2,1,6,1,71,10,1998,1,12,4,1,4
2016551601434,1,9,0,18,0,8,0,0,0,0,1,1,6,2,65,9,1560,2,2,2,1,2
2016551601434,2,9,0,10,0,8,0,0,0,0,1,1,6,1,32,6,2401,2,11,6,1,6
2016551601435,1,9,0,7,0,8,0,0,0,0,4,1,6,3,-1,-1,-1,-1,-1,-1,-1,-1
2016551601435,2,1,0,3,4,1,0,0,0,0,0,1,6,1,30,6,-1,-1,-1,10,1,10
2016551601436,1,9,0,18,0,0,5,0,0,0,0,1,6,1,16,4,1368,1,6,10,1,10