Accident_Index,Vehicle_Reference,Vehicle_Type,Towing_and_Articulation,Vehicle_Manoeuvre,Vehicle_Location-Restricted_Lane,Junction_Location,Skidding_and_Overturning,Hit_Object_in_Carriageway,Vehicle_Leaving_Carriageway,Hit_Object_off_Carriageway,1st_Point_of_Impact,Was_Vehicle_Left_Hand_Drive?,Journey_Purpose_of_Driver,Sex_of_Driver,Age_of_Driver,Age_Band_of_Driver,Engine_Capacity_(CC),Propulsion_Code,Age_of_Vehicle,Driver_IMD_Decile,Driver_Home_Area_Type,Vehicle_IMD_Decile
2016551601437,1,9,0,7,0,0,0,0,7,4,1,1,6,1,83,11,1796,1,17,10,2,10
2016551601438,1,1,0,18,0,6,0,0,0,0,1,1,4,1,15,3,-1,-1,-1,7,1,7
2016551601438,2,20,0,18,0,1,0,0,0,0,4,1,1,1,60,9,6871,2,2,10,2,10
2016551601439,1,19,0,18,0,0,1,0,0,0,1,1,1,1,28,6,2148,2,12,6,2,6
2016551601439,2,9,0,18,0,0,0,0,1,4,2,2,6,1,75,10,-1,-1,-1,-1,-1,-1
2016551601440,1,9,0,17,0,0,0,0,1,9,1,1,1,2,21,5,1686,2,4,5,1,5
2016551601441,1,9,0,10,0,0,0,0,0,0,2,1,6,1,33,6,1995,2,3,6,1,6
2016551601441,2,9,0,18,0,0,0,0,0,0,1,1,6,1,30,6,1598,1,13,2,1,2
2016551601442,1,1,0,18,0,2,0,0,0,0,0,1,6,2,43,7,-1,-1,-1,7,1,7
2016551601442,2,20,0,18,4,1,0,0,0,0,4,1,1,1,56,9,3920,2,9,-1,-1,-1
2016551601443,1,9,0,18,0,0,0,0,0,0,4,1,6,2,29,6,1560,2,8,2,1,2
2016551601444,1,9,0,9,0,6,0,0,0,0,1,1,2,2,31,6,1398,1,13,8,1,8
2016551601444,2,9,0,18,0,8,0,0,0,0,1,1,1,2,62,9,1149,1,7,6,1,6
2016551601446,1,9,0,18,0,0,0,0,0,0,3,1,1,1,47,8,2000,2,10,10,1,10
2016551601446,2,1,0,13,0,0,0,0,0,0,4,1,1,1,49,8,-1,-1,-1,7,1,7
2016551601447,1,9,0,7,0,5,0,0,0,0,0,1,6,2,40,7,2987,2,6,9,1,9
2016551601447,2,1,0,18,0,1,0,0,0,0,0,1,6,2,35,6,-1,-1,-1,7,1,7
2016551601448,1,9,0,18,0,1,0,0,0,0,1,1,6,1,54,8,1596,1,8,-1,-1,-1
2016551601448,2,9,0,4,0,1,0,0,0,0,2,1,6,2,38,7,1997,2,12,7,1,7
2016551601449,1,9,0,18,0,1,0,0,0,0,1,1,6,2,23,5,1240,1,12,7,1,7
2016551601449,2,9,0,18,0,1,0,0,0,0,1,1,6,1,29,6,2179,2,9,6,3,6
2016551601450,1,9,0,16,0,2,0,4,0,0,1,1,6,1,26,6,1970,1,20,4,1,4
2016551601450,2,9,0,2,0,2,0,0,0,0,2,1,6,3,-1,-1,1398,2,4,-1,-1,-1
2016551601450,3,9,0,2,0,2,0,0,0,0,2,1,6,3,-1,-1,1598,1,3,-1,-1,-1
2016551601451,1,9,0,5,0,1,0,0,0,0,1,1,2,2,60,9,1461,2,5,6,1,6
2016551601451,2,2,0,3,0,1,0,0,0,0,2,1,6,2,21,5,49,1,17,6,1,6
2016551601452,1,19,0,18,0,0,0,0,0,0,1,1,1,1,21,5,2143,2,3,3,1,3
2016551601452,2,9,4,18,0,0,1,0,0,0,1,1,6,1,56,9,2664,2,15,7,3,7
2016551601452,3,19,0,18,0,0,1,0,0,0,1,1,6,1,65,9,1686,2,14,5,3,5
2016551601452,4,9,0,18,0,0,0,0,0,0,0,1,6,2,75,10,1584,1,13,7,3,7
2016551601453,1,9,0,7,0,4,0,0,0,0,1,1,2,1,34,6,1396,1,4,5,1,5
2016551601453,2,1,0,18,0,8,0,0,0,0,1,1,6,2,28,6,-1,-1,-1,3,1,3
2016551601455,1,9,0,18,0,0,0,0,0,0,0,1,2,1,23,5,1390,1,5,8,1,8
2016551601455,2,9,0,4,0,0,0,0,0,0,2,1,6,2,52,8,1999,1,9,6,1,6
2016551601456,1,9,0,9,0,6,0,0,0,0,1,1,6,1,81,11,1595,1,14,10,1,10
2016551601456,2,5,0,18,0,1,1,0,0,0,4,1,6,1,53,8,1000,1,9,3,1,3
2016551601458,1,9,0,4,0,0,0,0,0,0,2,1,6,1,25,5,1598,2,1,5,1,5
2016551601458,2,9,0,18,0,0,0,0,0,0,1,1,6,1,55,8,-1,-1,-1,5,1,5
2016551601460,1,9,0,5,0,0,0,0,0,0,1,1,6,1,23,5,999,1,-1,9,1,9
2016551601460,2,19,0,2,0,0,0,0,0,0,0,1,6,1,52,8,1248,2,1,1,1,1
2016551601460,3,9,0,18,0,0,0,0,0,0,1,1,6,1,-1,-1,1753,2,5,5,1,5
2016551601461,1,9,0,17,0,8,1,0,0,0,1,1,6,2,45,7,1248,1,6,9,1,9
2016551601461,2,9,0,3,0,1,0,0,0,0,3,1,6,1,69,10,1796,1,2,3,1,3
2016551601462,1,5,0,17,0,0,1,0,1,11,1,1,6,1,36,7,998,1,8,6,1,6
2016551601463,1,9,0,4,0,1,0,0,0,0,1,1,6,2,40,7,1595,1,13,8,1,8
2016551601463,2,9,0,3,0,1,0,0,0,0,2,1,6,2,43,7,1769,1,12,9,1,9
2016551601463,3,9,0,3,0,1,0,0,0,0,2,1,6,1,36,7,2143,2,4,6,1,6
2016551601464,1,9,0,4,0,1,0,0,0,0,1,1,6,2,33,6,1685,2,5,8,1,8
2016551601464,2,9,0,4,0,1,0,0,0,0,2,1,6,2,20,4,998,1,16,6,3,6
2016551601466,1,5,0,13,0,0,0,0,0,0,4,1,6,1,30,6,782,1,7,5,1,5
2016551601466,2,9,0,9,0,0,0,0,0,0,3,1,6,1,27,6,2457,1,9,-1,-1,-1
2016551601467,1,1,0,17,5,0,0,0,0,0,1,1,4,1,15,3,-1,-1,-1,10,1,10
2016551601467,2,1,0,17,5,0,0,0,0,0,1,1,6,3,-1,-1,-1,-1,-1,-1,-1,-1
2016551601468,1,1,0,4,0,0,0,0,0,0,0,1,6,1,28,6,-1,-1,-1,6,3,6
2016551601469,1,19,0,7,0,5,5,0,1,0,2,1,2,1,42,7,1753,2,11,7,1,7
2016551601469,2,9,0,18,0,1,0,0,0,0,1,1,2,1,51,8,1796,1,12,5,3,5
2016551601473,1,9,0,9,0,8,0,0,0,0,3,1,6,1,38,7,1896,2,11,9,1,9
2016551601473,2,5,0,18,0,8,0,0,0,0,4,1,6,1,39,7,918,1,17,5,1,5
2016551601475,1,1,0,18,0,8,0,0,0,0,3,1,6,2,21,5,-1,-1,-1,5,1,5
2016551601475,2,8,0,9,0,8,0,0,0,0,1,1,1,1,42,7,1560,2,4,4,1,4
2016551601476,1,9,0,18,0,0,0,0,1,10,1,1,2,1,68,10,-1,-1,-1,6,1,6
2016551601476,2,9,0,2,9,0,0,0,0,0,1,2,6,3,-1,-1,1781,1,16,-1,-1,-1
2016551601476,3,9,0,2,9,0,0,0,0,0,2,2,6,3,-1,-1,1956,2,4,-1,-1,-1
2016551601477,1,1,0,18,0,0,0,0,0,0,0,1,2,1,20,4,-1,-1,-1,7,2,7
2016551601478,1,9,0,18,0,0,0,0,0,0,1,1,6,1,31,6,1390,1,13,5,1,5
2016551601478,2,9,0,3,0,0,0,0,0,0,2,1,2,1,20,4,1149,1,13,8,1,8
2016551601479,1,9,0,9,0,6,0,0,0,0,3,1,6,1,80,11,1598,1,8,6,3,6
2016551601479,2,5,0,16,0,8,1,0,1,0,1,1,2,1,28,6,-1,-1,-1,6,3,6
2016551601480,1,9,0,4,0,0,0,0,0,0,1,1,1,1,36,7,3500,1,8,3,1,3
2016551601480,2,9,0,4,0,0,0,0,0,0,2,1,6,2,44,7,2179,2,9,8,1,8
2016551601481,1,9,0,9,0,1,0,0,0,0,1,1,2,1,18,4,998,1,2,-1,-1,-1
2016551601481,2,9,0,18,0,1,0,0,0,0,1,1,1,1,23,5,1686,2,5,9,2,9
2016551601483,1,9,0,3,0,0,0,0,0,0,1,1,6,1,-1,-1,1498,1,2,-1,-1,-1
2016551601483,2,5,0,3,0,0,0,0,0,0,2,1,6,1,46,8,1198,1,1,10,1,10
2016551601484,1,3,0,18,0,0,1,0,0,0,1,1,6,1,17,4,124,1,8,9,1,9
2016551601484,2,9,0,9,0,0,0,0,0,0,1,1,6,3,-1,-1,1560,2,6,-1,-1,-1
2016551601485,1,9,0,16,0,0,1,0,4,6,1,1,6,1,25,5,3498,1,12,9,1,9
2016551601485,2,9,0,18,0,0,0,0,0,0,1,1,6,1,36,7,998,1,9,3,1,3
2016551601486,1,9,0,9,0,5,0,0,0,0,4,1,6,1,68,10,1339,8,7,8,1,8
2016551601486,2,9,0,18,0,8,0,0,0,0,1,1,6,1,39,7,1590,1,12,8,1,8
2016551601488,1,9,0,17,0,0,0,0,2,4,1,1,6,1,24,5,1599,1,15,3,1,3
2016551601491,1,9,0,9,0,5,0,0,0,0,4,1,2,1,33,6,1398,8,2,6,1,6
2016551601491,2,1,0,18,0,1,0,0,0,0,1,1,6,1,38,7,-1,-1,-1,6,1,6
2016551601492,1,21,0,9,0,8,0,0,0,0,1,1,1,1,32,6,12740,2,4,-1,-1,-1
2016551601492,2,21,0,9,0,8,0,0,0,0,3,1,1,2,78,11,-1,-1,-1,8,1,8
2016551601494,1,9,0,16,0,8,0,0,0,0,1,1,6,1,57,9,1781,1,18,6,1,6
2016551601494,2,9,0,3,0,1,0,0,0,0,2,1,6,2,68,10,1598,1,-1,5,1,5
2016551601494,3,9,0,5,0,1,0,0,0,0,2,1,6,2,21,5,1339,1,12,10,3,10
2016551601495,1,9,0,4,0,0,0,0,0,0,1,1,6,1,61,9,3222,2,11,10,1,10
2016551601495,2,9,0,3,0,0,0,0,0,0,2,1,6,1,56,9,1598,1,3,7,1,7
2016551601495,3,9,0,4,0,0,0,0,0,0,1,1,6,2,19,4,996,1,2,8,2,8
2016551601496,1,19,0,16,0,0,1,0,0,0,1,1,2,1,50,8,1998,2,13,8,1,8
2016551601496,2,9,0,17,0,0,0,0,0,0,1,1,2,2,49,8,1995,2,2,10,3,10
2016551601497,1,9,0,18,0,0,0,0,0,0,1,1,6,1,51,8,1493,1,15,7,2,7
2016551601497,2,9,0,18,0,0,0,0,0,0,1,1,6,1,67,10,1868,2,15,8,1,8
2016551601497,3,9,0,18,0,0,0,0,0,0,3,1,6,1,70,10,2400,2,6,7,3,7
2016551601498,1,5,0,18,0,0,0,0,1,4,1,1,6,2,66,10,1801,1,-1,6,3,6
2016551601498,2,5,0,18,0,0,0,0,0,0,1,1,6,1,68,10,1690,1,1,10,3,10
2016551601499,1,1,0,18,9,1,0,0,0,0,1,1,6,1,15,3,-1,-1,-1,7,1,7
2016551601499,2,9,0,7,0,1,0,0,0,0,4,1,6,2,46,8,1560,2,6,7,1,7
2016551601500,1,9,0,5,0,0,0,0,1,10,1,1,6,1,30,6,-1,-1,-1,1,2,1
2016551601502,1,3,5,12,0,0,0,0,0,0,1,1,6,2,18,4,125,1,-1,-1,-1,-1
2016551601502,2,9,0,18,0,0,0,0,0,0,0,1,6,1,35,6,-1,-1,-1,6,1,6
2016551601505,1,9,0,18,0,0,0,4,0,0,4,1,6,1,79,11,1796,1,13,5,1,5
2016551601505,2,8,0,2,0,0,0,0,0,0,2,1,6,3,-1,-1,1995,2,4,-1,-1,-1
2016551601505,3,9,0,2,0,0,0,0,0,0,1,1,6,3,-1,-1,1198,1,6,-1,-1,-1
2016551601505,4,9,0,2,0,0,0,0,0,0,1,1,6,3,-1,-1,2457,1,16,-1,-1,-1
2016551601506,1,9,0,3,0,0,0,0,0,0,2,1,6,1,51,8,1997,2,9,5,1,5
2016551601506,2,9,0,4,0,0,0,0,0,0,1,1,6,1,29,6,1600,2,7,7,1,7
2016551601507,1,9,0,16,0,0,0,4,0,0,1,1,6,2,20,4,1386,1,10,2,1,2
2016551601507,2,9,0,2,0,0,0,0,0,0,2,1,6,3,-1,-1,1990,1,11,-1,-1,-1
2016551601510,1,9,0,16,0,1,0,0,0,0,0,1,6,3,-1,-1,-1,-1,-1,-1,-1,-1
2016551601510,2,9,0,17,0,1,0,0,1,10,1,1,6,1,23,5,1596,1,11,-1,-1,-1
2016551601512,1,8,0,18,0,0,1,0,7,11,1,1,1,1,30,6,1598,2,-1,-1,-1,-1
2016551601514,1,9,0,18,0,1,0,0,0,0,1,1,6,1,58,9,1731,1,17,9,1,9
2016551601514,2,9,0,3,0,1,0,0,0,0,2,1,6,2,41,7,1798,1,4,1,1,1
2016551601514,3,9,0,10,0,1,0,0,0,0,2,1,6,2,57,9,1339,1,9,10,1,10
2016551601515,1,19,0,1,0,0,0,0,0,0,2,1,1,2,42,7,1248,2,9,1,1,1
2016551601515,2,9,0,3,0,0,0,0,0,0,3,1,2,2,55,8,1975,1,18,6,1,6
2016551601516,1,9,0,18,0,1,0,0,0,0,1,1,3,1,42,7,1998,1,13,6,2,6
2016551601516,2,9,0,18,0,1,1,0,0,0,2,1,3,1,18,4,1360,1,16,6,3,6
2016551601516,3,9,0,10,0,1,0,0,0,0,2,1,2,2,43,7,998,1,3,9,2,9
2016551601516,4,9,0,18,0,1,0,0,0,0,1,1,6,2,46,8,1910,2,8,10,2,10
2016551601517,1,9,0,18,0,1,0,0,0,0,1,1,6,1,63,9,3059,2,23,5,3,5
2016551601517,2,9,0,10,0,1,0,0,0,0,2,1,6,2,32,6,1598,2,5,8,2,8
2016551601518,1,9,0,18,0,0,0,0,7,4,1,1,6,1,28,6,1896,2,13,8,1,8
2016551601519,1,9,0,13,0,0,0,0,0,0,1,1,2,1,36,7,1997,2,13,5,1,5
2016551601519,2,9,0,18,0,0,0,0,1,0,1,1,1,1,68,10,-1,-1,-1,3,1,3
2016551601520,1,9,0,18,0,1,0,0,0,0,4,1,6,2,52,8,1598,1,3,6,1,6
2016551601522,1,9,0,18,0,0,2,12,1,11,1,1,2,1,23,5,1997,2,13,5,1,5
2016551601524,1,9,0,18,0,4,2,7,3,2,1,1,6,1,44,7,4196,1,10,6,1,6
2016551601524,2,9,0,18,0,8,0,0,0,0,4,1,6,2,26,6,-1,-1,-1,6,1,6
2016551601526,1,9,0,4,0,0,0,0,0,0,1,1,6,2,27,6,1229,1,2,6,1,6
2016551601526,2,9,0,4,0,0,0,0,0,0,2,1,6,1,44,7,1560,2,2,9,1,9
2016551601529,1,90,0,18,0,0,0,0,0,0,4,1,6,3,-1,-1,-1,-1,-1,-1,-1,-1
2016551601530,1,19,0,7,0,6,0,0,0,0,1,1,6,2,45,7,-1,-1,-1,8,1,8
2016551601530,2,9,0,18,0,1,0,0,0,0,4,1,6,1,33,6,1781,1,17,10,2,10
2016551601531,1,9,0,4,0,1,0,0,0,0,1,1,6,2,51,8,1560,2,4,7,1,7
2016551601532,1,9,0,7,0,0,0,0,0,0,4,1,1,1,54,8,1124,1,16,6,1,6
2016551601532,2,1,0,18,9,0,0,4,0,0,1,1,2,1,19,4,-1,-1,-1,3,1,3
2016551601532,3,9,0,2,0,0,0,0,0,0,4,1,6,3,-1,-1,1368,1,1,-1,-1,-1
2016551601533,1,9,0,2,0,0,0,0,0,0,3,1,6,2,39,7,1399,1,7,6,1,6
2016551601533,2,1,0,18,0,0,0,0,0,0,1,1,6,1,53,8,-1,-1,-1,9,1,9
2016551601535,1,19,0,16,0,3,1,0,1,2,3,1,6,2,18,4,2477,2,13,2,1,2
2016551601536,1,3,0,18,0,1,0,0,0,0,1,1,2,2,38,7,125,1,2,1,1,1
2016551601536,2,19,0,9,0,8,0,0,0,0,4,1,1,1,42,7,1997,2,9,3,1,3
2016551601537,1,9,0,3,0,0,0,0,0,0,4,1,6,2,57,9,2179,2,5,7,3,7
2016551601538,1,9,0,1,0,0,0,0,0,0,2,1,1,1,62,9,2143,2,1,6,3,6
2016551601539,1,9,0,18,0,8,0,0,0,0,4,1,6,2,48,8,2401,2,13,10,3,10
2016551601539,2,9,0,9,0,8,0,0,0,0,1,1,6,1,62,9,1595,1,2,8,1,8
2016551601540,1,9,0,9,0,5,0,0,0,0,4,1,6,2,84,11,1240,1,6,8,1,8
2016551601540,2,1,0,18,0,1,0,0,0,0,1,1,6,1,51,8,-1,-1,-1,7,1,7
2016551601541,1,9,0,18,0,0,0,11,0,0,4,1,6,1,57,9,1968,2,3,5,3,5
2016551601543,1,9,0,16,9,0,0,0,7,11,3,1,1,1,63,9,-1,-1,-1,6,1,6
2016551601545,1,9,0,18,0,4,0,0,0,0,3,1,6,1,29,6,1199,1,12,2,1,2
2016551601545,2,1,0,18,0,8,0,0,0,0,1,1,2,1,36,7,-1,-1,-1,4,1,4
2016551601548,1,9,0,4,0,1,0,0,0,0,2,1,6,2,58,9,1229,1,5,5,1,5
2016551601548,2,9,0,4,0,1,0,0,0,0,1,1,2,1,35,6,1896,2,14,5,1,5
2016551601550,1,9,0,6,0,1,0,0,0,0,1,1,6,1,30,6,1388,1,11,4,1,4
2016551601550,2,9,0,18,0,1,0,0,0,0,1,1,6,1,79,11,2143,2,-1,10,1,10
2016551601551,1,9,0,16,0,5,0,0,0,0,1,1,6,1,19,4,1043,1,21,6,3,6
2016551601551,2,9,0,18,0,1,0,0,0,0,1,1,2,1,30,6,1995,2,10,7,1,7
2016551601552,1,2,0,18,0,0,0,0,0,0,2,1,6,1,16,4,49,1,-1,2,2,2
2016551601552,2,2,0,18,0,0,0,0,0,0,1,1,6,2,16,4,50,1,-1,7,3,7
2016551601554,1,9,0,18,0,0,0,0,0,0,1,1,6,1,66,10,998,1,2,7,3,7
2016551601554,2,3,0,18,0,0,0,0,0,0,2,1,6,1,28,6,125,1,-1,5,1,5
2016551601555,1,9,0,18,0,4,0,0,0,0,1,1,6,3,-1,-1,1998,1,19,-1,-1,-1
2016551601555,2,9,0,3,0,4,0,0,0,0,2,1,2,2,24,5,1149,1,11,7,1,7
2016551601556,1,5,0,18,0,1,0,0,0,0,1,1,6,1,51,8,599,1,11,7,1,7
2016551601556,2,9,0,9,0,8,0,0,0,0,3,1,6,2,60,9,1997,2,10,5,1,5
2016551601559,1,19,0,5,0,8,0,0,0,0,4,1,1,1,49,8,1560,2,6,5,1,5
2016551601559,2,5,0,16,0,8,1,0,0,0,1,1,6,1,24,5,636,1,13,3,1,3
2016551601559,3,9,0,4,0,1,0,0,0,0,1,1,6,2,70,10,2143,2,-1,10,1,10
2016551601560,1,9,0,17,0,0,0,0,0,0,4,1,6,1,21,5,-1,-1,-1,7,1,7
2016551601560,2,1,0,18,0,0,0,0,1,9,1,1,6,1,35,6,-1,-1,-1,8,1,8
2016551601561,1,19,0,16,0,0,0,0,0,0,1,1,4,1,17,4,1753,2,11,4,1,4
2016551601561,2,9,0,17,0,0,0,0,0,0,1,1,6,1,18,4,1198,1,-1,10,1,10
2016551601563,1,9,0,9,0,6,0,0,0,0,4,1,2,1,24,5,1149,1,13,5,1,5
2016551601563,2,4,0,18,0,8,0,0,0,0,1,1,6,1,73,10,305,1,29,9,1,9
2016551601565,1,9,0,18,0,0,1,0,2,11,1,1,6,1,79,11,1598,1,9,5,1,5
2016551601565,2,9,0,18,0,0,0,0,0,0,1,1,6,1,23,5,1896,2,7,7,3,7
2016551601567,1,19,0,18,0,1,0,0,1,2,1,1,6,1,31,6,2179,2,14,4,1,4
2016551601568,1,9,0,18,0,0,0,0,0,0,1,1,6,1,81,11,1560,2,5,7,1,7
2016551601568,2,9,0,2,0,0,0,0,0,0,2,1,6,3,-1,-1,2793,1,18,-1,-1,-1
2016551601570,1,3,0,17,0,3,1,0,0,0,0,1,6,1,17,4,125,1,4,4,1,4
2016551601572,1,9,0,9,0,1,0,0,0,0,3,1,6,1,32,6,1396,1,17,-1,-1,-1
2016551601572,2,9,0,18,0,1,1,0,0,0,1,1,1,2,42,7,1596,1,6,1,1,1
2016551601575,1,9,0,4,0,0,0,0,0,0,2,1,6,2,55,8,1798,1,6,9,3,9
2016551601575,2,9,0,4,0,0,0,0,0,0,1,1,6,2,45,7,1000,1,4,-1,1,-1
2016551601575,3,9,0,4,0,0,0,0,0,0,1,1,6,1,63,9,1596,1,1,1,1,1
2016551601579,1,9,0,7,4,0,0,0,0,0,1,1,6,1,31,6,1598,1,6,9,1,9
2016551601579,2,1,0,18,4,0,0,0,0,0,3,1,6,2,39,7,-1,-1,-1,8,1,8
2016551601580,1,9,0,18,0,1,0,0,0,0,1,1,6,1,59,9,1341,1,11,-1,-1,-1
2016551601580,2,9,0,18,0,1,0,0,0,0,2,1,6,2,46,8,1769,1,13,7,3,7
2016551601580,3,9,0,18,0,1,0,0,0,0,2,1,6,2,41,7,1229,1,2,5,1,5
2016551601584,1,9,0,4,0,1,0,0,0,0,2,1,2,1,59,9,-1,-1,-1,5,1,5
2016551601584,2,9,0,18,0,1,0,0,0,0,1,1,6,2,48,8,1124,1,22,7,1,7
2016551601585,1,9,0,9,0,0,0,0,0,0,1,1,6,1,31,6,1587,1,13,3,1,3
2016551601585,2,1,0,18,0,0,0,0,0,0,1,1,6,1,57,9,-1,-1,-1,3,1,3
2016551601586,1,9,0,5,0,6,0,0,0,0,1,1,6,2,68,10,1596,1,14,4,2,4
2016551601586,2,5,0,18,0,1,0,0,0,0,1,1,6,1,68,10,800,1,21,6,1,6
2016551601587,1,9,0,11,0,1,0,0,0,0,3,1,6,2,81,11,1399,1,8,10,1,10
2016551601587,2,1,0,18,4,1,0,0,0,0,4,1,6,2,57,9,-1,-1,-1,5,1,5
2016551601587,3,1,0,18,0,1,0,0,0,0,3,1,6,2,57,9,-1,-1,-1,5,1,5
2016551601591,1,9,0,18,0,0,0,0,0,0,1,1,6,2,57,9,998,1,3,9,1,9
2016551601591,2,8,0,2,0,0,0,0,0,0,2,1,1,3,-1,-1,1896,2,9,-1,-1,-1
2016551601592,1,9,0,5,0,4,0,0,0,0,1,1,6,2,44,7,1496,1,1,9,1,9
2016551601592,2,9,0,3,0,4,0,0,0,0,2,1,6,2,38,7,998,1,16,2,1,2
2016551601592,3,1,0,3,0,4,0,0,0,0,2,1,6,2,26,6,-1,-1,-1,9,1,9
2016551601593,1,9,0,18,0,2,0,0,0,0,1,1,2,1,47,8,1796,1,16,4,1,4
2016551601593,2,9,0,18,0,2,0,0,0,0,2,1,6,2,51,8,1995,2,8,4,1,4
2016551601594,1,19,0,4,0,0,0,0,0,0,1,1,6,1,27,6,2461,2,15,8,1,8
2016551601594,2,19,0,17,0,0,0,0,0,0,1,1,6,2,22,5,-1,-1,-1,6,1,6
2016551601595,1,9,0,18,0,0,1,0,1,4,1,1,6,1,33,6,2429,1,12,3,1,3
2016551601596,1,10,0,7,0,5,0,0,0,0,4,1,1,1,58,9,-1,-1,-1,10,1,10
2016551601596,2,8,0,18,0,1,0,0,0,0,1,1,1,1,40,7,1997,2,6,5,1,5
2016551601597,1,9,0,18,0,8,0,0,0,0,4,1,6,1,62,9,1998,2,12,2,1,2
2016551601597,2,9,0,18,0,8,5,0,0,0,1,1,2,1,41,7,1596,1,11,4,1,4
2016551601597,3,9,0,3,0,1,0,0,0,0,3,1,6,2,28,6,1242,1,5,4,1,4
2016551601600,1,19,0,1,0,0,0,0,0,0,2,1,6,1,29,6,1870,2,13,5,1,5
2016551601600,2,19,0,18,0,0,0,0,0,0,4,1,6,2,37,7,2460,2,11,7,1,7
2016551601601,1,5,0,18,0,1,1,0,0,0,3,1,6,1,57,9,1470,1,23,6,2,6
2016551601604,1,1,0,18,0,8,0,0,0,0,3,1,6,1,66,10,-1,-1,-1,5,1,5
2016551601604,2,9,0,9,0,8,0,0,0,0,1,1,6,2,18,4,1149,1,10,3,1,3
2016551601605,1,19,0,4,0,1,0,0,0,0,1,1,6,3,-1,-1,2402,2,12,-1,-1,-1
2016551601605,2,9,0,3,0,1,0,0,0,0,1,1,6,2,28,6,1753,2,10,3,1,3
2016551601606,1,9,0,5,0,4,0,0,0,0,3,1,6,1,22,5,2996,1,10,8,1,8
2016551601606,2,1,0,18,0,8,0,0,0,0,1,1,6,1,52,8,-1,-1,-1,5,1,5
2016551601610,1,9,0,9,0,2,0,0,1,0,1,2,6,1,50,8,-1,-1,-1,-1,-1,-1
2016551601610,2,9,0,18,0,8,1,0,7,1,1,1,6,1,68,10,2435,1,18,-1,-1,-1
2016551601610,3,9,0,18,0,8,1,0,1,1,1,1,2,1,51,8,-1,-1,-1,6,2,6
2016551601611,1,9,0,7,0,4,0,0,0,0,1,1,6,3,-1,-1,-1,-1,-1,-1,-1,-1
2016551601611,2,1,0,18,0,8,0,0,0,0,4,1,6,1,55,8,-1,-1,-1,10,1,10
2016551601612,1,9,0,18,0,8,0,0,0,0,1,1,6,1,25,5,998,1,14,4,1,4
2016551601612,2,9,0,3,0,1,0,0,0,0,2,1,6,2,71,10,1598,1,17,4,1,4
2016551601613,1,5,0,16,0,8,1,0,7,10,1,1,6,1,46,8,1157,1,15,2,1,2
2016551601614,1,19,0,3,0,1,0,0,0,0,1,1,1,1,20,4,1560,2,5,9,2,9
2016551601614,2,9,0,3,0,1,0,0,0,0,2,1,6,1,22,5,1998,1,11,6,2,6
2016551601614,3,9,0,18,0,1,0,0,0,0,2,1,6,2,38,7,1560,2,7,-1,-1,-1
2016551601615,1,9,0,11,0,0,0,0,0,0,1,1,1,2,49,8,1798,1,5,10,1,10
2016551601615,2,19,0,3,0,0,0,0,0,0,2,1,1,1,30,6,2148,2,10,2,1,2
2016551601615,3,9,0,3,0,0,0,0,0,0,0,1,6,2,48,8,1995,2,4,5,1,5
2016551601616,1,9,0,16,0,2,0,0,0,0,1,1,6,1,22,5,1390,1,17,8,1,8
2016551601616,2,9,0,18,0,1,0,0,0,0,3,1,6,2,44,7,2993,2,-1,8,1,8
2016551601619,1,9,0,4,0,0,0,0,0,0,1,1,6,1,39,7,1398,2,15,5,1,5
2016551601619,2,9,0,2,0,0,0,0,0,0,2,1,6,3,-1,-1,1598,1,10,-1,-1,-1
2016551601619,3,9,0,2,0,0,0,0,0,0,2,1,6,3,-1,-1,1587,1,9,-1,-1,-1
2016551601619,4,9,0,2,0,0,0,0,0,0,2,1,6,3,-1,-1,1998,2,10,-1,-1,-1
2016551601621,1,4,0,18,0,1,0,0,0,0,1,1,6,1,17,4,124,1,-1,3,1,3
2016551601621,2,9,0,9,0,5,0,0,0,0,4,1,6,3,-1,-1,1995,2,12,-1,-1,-1
2016551601622,1,19,0,3,0,0,0,0,0,0,2,1,1,1,51,8,2299,2,-1,8,1,8
2016551601622,2,9,0,4,0,0,0,0,0,0,1,1,6,1,25,5,1396,1,15,5,1,5
2016551601623,1,9,0,18,0,8,0,0,0,0,1,1,6,1,26,6,1598,1,8,10,1,10
2016551601623,2,9,0,18,0,8,0,0,0,0,4,1,6,2,26,6,1900,2,12,3,1,3
2016551601624,1,9,0,18,0,0,1,4,1,0,4,1,6,2,24,5,1229,1,1,9,2,9
2016551601624,2,9,0,18,0,0,0,0,0,0,1,1,6,1,42,7,1968,2,1,7,1,7
2016551601624,3,19,0,2,6,0,0,0,0,0,3,2,1,1,20,4,-1,-1,-1,-1,-1,-1
2016551601625,1,9,0,5,0,4,0,0,0,0,1,1,6,1,67,10,1390,1,15,6,1,6
2016551601625,2,9,0,4,0,4,0,0,0,0,2,1,6,1,69,10,1998,1,10,6,3,6
2016551601627,1,2,0,18,0,2,0,0,0,0,1,1,6,1,16,4,49,1,4,4,1,4
2016551601627,2,9,0,18,0,1,0,0,0,0,3,1,6,1,29,6,1753,2,9,9,1,9
2016551601628,1,9,0,7,5,5,0,0,0,0,1,2,6,3,-1,-1,-1,-1,-1,-1,-1,-1