Accident_Index,Vehicle_Reference,Vehicle_Type,Towing_and_Articulation,Vehicle_Manoeuvre,Vehicle_Location-Restricted_Lane,Junction_Location,Skidding_and_Overturning,Hit_Object_in_Carriageway,Vehicle_Leaving_Carriageway,Hit_Object_off_Carriageway,1st_Point_of_Impact,Was_Vehicle_Left_Hand_Drive?,Journey_Purpose_of_Driver,Sex_of_Driver,Age_of_Driver,Age_Band_of_Driver,Engine_Capacity_(CC),Propulsion_Code,Age_of_Vehicle,Driver_IMD_Decile,Driver_Home_Area_Type,Vehicle_IMD_Decile
2016551601628,2,1,0,18,9,8,0,0,0,0,3,1,6,1,16,4,-1,-1,-1,10,1,10
2016551601629,1,1,0,18,5,0,0,0,0,0,4,1,2,1,56,9,-1,-1,-1,4,1,4
2016551601629,2,9,0,18,0,0,0,0,0,0,1,1,6,2,49,8,1242,1,1,5,1,5
2016551601630,1,9,0,5,8,1,0,0,0,0,1,1,6,1,20,4,1388,1,13,-1,-1,-1
2016551601630,2,9,0,5,6,7,0,0,0,0,2,1,6,2,46,8,2143,2,-1,-1,-1,-1
2016551601631,1,19,0,18,0,0,0,0,0,0,1,1,2,1,29,6,2198,2,2,10,1,10
2016551601631,2,20,0,2,6,0,0,0,1,0,2,1,6,1,35,6,6692,2,4,4,1,4
2016551601632,1,1,0,18,9,6,0,0,0,0,0,1,4,1,13,3,-1,-1,-1,2,1,2
2016551601632,2,9,0,18,0,3,0,0,0,0,1,1,6,3,-1,-1,-1,-1,-1,-1,-1,-1
2016551601633,1,9,0,5,0,8,0,4,0,0,1,1,6,1,85,11,847,1,18,4,1,4
2016551601633,2,19,0,2,0,1,0,0,0,0,2,1,6,3,-1,-1,2402,2,13,-1,-1,-1
2016551601641,1,9,0,9,0,6,0,0,0,0,1,1,6,2,30,6,1686,2,13,6,3,6
2016551601641,2,5,0,18,0,1,0,0,0,0,1,1,6,1,30,6,999,1,1,6,1,6
2016551601642,1,9,0,9,0,0,0,0,0,0,4,1,2,1,42,7,1896,2,11,4,1,4
2016551601642,2,1,0,18,0,0,0,0,0,0,1,1,6,1,14,3,-1,-1,-1,4,1,4
2016551601643,1,9,0,18,0,4,0,0,0,0,2,1,6,2,17,4,1198,1,12,9,1,9
2016551601643,2,5,0,18,0,8,0,0,0,0,1,1,6,1,56,9,847,1,-1,5,1,5
2016551601644,1,9,0,18,0,0,0,0,0,0,3,1,6,1,51,8,1994,1,11,7,3,7
2016551601647,1,5,0,3,0,0,0,0,0,0,0,1,6,1,45,7,649,1,12,4,1,4
2016551601647,2,9,3,18,0,0,0,0,0,0,0,1,6,3,-1,-1,-1,-1,-1,-1,-1,-1
2016551601648,1,9,0,18,0,0,0,0,0,0,1,1,6,1,40,7,1798,1,9,8,3,8
2016551601648,2,5,0,18,0,0,1,0,0,0,2,1,6,1,23,5,499,1,16,10,1,10
2016551601648,3,9,0,18,0,0,0,0,0,0,1,1,6,1,39,7,1598,1,14,1,1,1
2016551601649,1,9,0,18,0,0,1,0,0,0,1,1,6,1,52,8,2143,2,4,9,2,9
2016551601649,2,9,0,18,0,0,0,0,0,0,2,1,6,1,37,7,1496,1,1,7,2,7
2016551601649,3,19,0,18,0,0,0,0,0,0,2,1,6,1,40,7,2477,2,7,7,3,7
2016551601650,1,9,0,17,0,8,0,0,0,0,3,1,1,2,43,7,1364,1,6,2,1,2
2016551601650,2,5,0,16,0,8,0,10,7,2,4,1,2,1,48,8,997,1,18,5,3,5
2016551601651,1,9,0,6,0,0,0,0,0,0,3,1,6,1,22,5,1910,2,10,3,1,3
2016551601651,2,1,0,18,0,0,0,0,0,0,1,1,6,1,33,6,-1,-1,-1,2,1,2
2016551601653,1,9,0,18,0,0,0,0,0,0,1,1,6,1,33,6,1461,2,-1,2,1,2
2016551601653,2,9,0,3,0,0,0,0,0,0,2,1,2,1,21,5,1999,1,10,6,1,6
2016551601654,1,5,0,17,0,0,0,0,1,0,4,1,6,1,53,8,805,1,11,-1,-1,-1
2016551601655,1,19,0,18,0,0,0,0,0,0,1,1,6,2,47,8,1968,2,4,5,1,5
2016551601655,2,9,0,18,0,0,0,0,0,0,2,1,6,2,19,4,1198,1,6,4,1,4
2016551601656,1,9,0,9,0,6,0,0,0,0,3,2,6,1,45,7,3000,1,3,5,3,5
2016551601656,2,5,0,18,0,1,0,0,0,0,1,1,6,1,54,8,649,1,8,6,3,6
2016551601662,1,9,0,16,0,4,0,0,0,0,0,1,2,1,39,7,-1,3,2,6,1,6
2016551601662,2,1,0,17,0,1,0,0,0,0,1,1,2,2,41,7,-1,-1,-1,9,1,9
2016551601663,1,9,0,13,0,0,0,0,0,0,4,1,6,3,-1,-1,2143,2,5,-1,-1,-1
2016551601663,2,9,0,18,0,0,0,0,0,0,3,1,6,2,47,8,1242,1,15,8,1,8
2016551601665,1,9,0,9,0,5,0,0,0,0,1,1,6,1,63,9,1560,2,4,-1,3,-1
2016551601665,2,4,0,18,0,1,0,0,0,0,1,1,6,1,58,9,249,1,19,9,1,9
2016551601666,1,5,0,13,0,0,0,0,0,0,4,1,6,1,34,6,919,1,14,3,1,3
2016551601666,2,19,0,5,0,0,0,0,0,0,3,1,1,1,72,10,2299,2,2,6,3,6
2016551601667,1,9,0,14,0,0,0,4,0,0,1,1,6,1,24,5,1368,1,8,1,1,1
2016551601667,2,9,3,2,0,0,0,0,0,0,2,1,6,2,70,10,1997,2,13,7,2,7
2016551601668,1,9,0,9,0,1,0,0,0,0,1,1,6,1,84,11,1598,1,6,10,1,10
2016551601668,2,9,0,18,0,1,0,0,0,0,1,1,6,1,89,11,2198,1,10,9,2,9
2016551601670,1,9,0,4,0,2,0,0,0,0,1,1,2,1,63,9,1984,1,14,5,1,5
2016551601670,2,9,0,18,0,2,1,0,0,0,2,1,2,2,41,7,2993,2,5,5,1,5
2016551601670,3,9,0,3,0,2,0,0,0,0,2,1,2,2,64,9,1396,1,4,7,1,7
2016551601671,1,9,0,18,0,8,0,0,0,0,3,1,6,2,18,4,1229,1,1,10,1,10
2016551601671,2,1,0,18,0,8,0,0,0,0,1,1,6,2,21,5,-1,-1,-1,2,1,2
2016551601674,1,9,0,16,0,0,1,0,7,11,1,1,6,1,22,5,1587,1,14,5,1,5
2016551601675,1,9,0,18,0,0,0,0,7,9,0,1,6,2,19,4,1560,2,2,5,2,5
2016551601677,1,9,0,13,0,1,0,0,0,0,4,1,6,1,30,6,1753,2,12,5,1,5
2016551601677,2,1,0,4,0,1,0,0,0,0,3,1,6,1,55,8,-1,-1,-1,5,1,5
2016551601679,1,9,0,18,0,0,0,0,0,0,4,1,6,2,60,9,1986,2,9,10,1,10
2016551601679,2,19,0,2,0,0,0,0,1,0,3,1,6,3,-1,-1,1248,2,2,-1,-1,-1
2016551601679,3,19,0,2,0,0,0,0,0,0,3,1,6,3,-1,-1,2198,2,4,-1,-1,-1
2016551601681,1,9,0,16,0,0,0,0,0,0,3,1,6,1,74,10,3456,8,7,7,2,7
2016551601681,2,9,0,17,0,0,0,0,0,0,3,1,6,1,31,6,1389,1,13,7,3,7
2016551601684,1,9,0,7,0,6,0,0,0,0,1,1,6,2,44,7,1598,1,9,9,1,9
2016551601684,2,1,0,18,0,1,0,0,0,0,1,1,6,2,61,9,-1,-1,-1,9,1,9
2016551601685,1,9,0,5,0,6,0,0,0,0,3,1,6,2,83,11,1396,1,3,7,3,7
2016551601685,2,5,0,18,0,1,0,0,0,0,1,1,6,1,54,8,1215,1,-1,10,3,10
2016551601688,1,9,0,18,0,0,0,0,0,0,1,1,6,1,89,11,1198,1,3,6,3,6
2016551601690,1,3,0,4,0,1,1,0,1,0,2,1,1,1,25,5,125,1,1,4,1,4
2016551601690,2,19,0,4,0,1,0,0,0,0,1,1,6,1,67,10,2283,2,18,5,2,5
2016551601690,3,9,0,4,0,1,0,0,0,0,2,1,6,1,58,9,2198,2,11,4,1,4
2016551601690,4,9,0,1,9,6,0,0,0,0,0,1,6,1,61,9,1997,2,5,-1,1,-1
2016551601694,1,9,0,10,0,1,0,0,0,0,3,1,6,1,40,7,1390,1,3,9,1,9
2016551601694,2,5,0,14,0,1,0,0,0,0,4,1,6,1,50,8,1198,1,5,9,1,9
2016551601700,1,9,0,5,9,7,0,0,0,0,3,1,6,3,-1,-1,-1,-1,-1,-1,-1,-1
2016551601700,2,1,0,13,0,1,0,0,0,0,4,1,6,1,16,4,-1,-1,-1,2,1,2
2016551601701,1,9,0,10,0,1,0,0,0,0,1,1,2,1,64,9,1998,1,21,10,3,10
2016551601701,2,5,0,15,0,1,0,0,0,0,4,1,2,1,27,6,1293,1,7,3,1,3
2016551601702,1,19,0,18,0,0,0,0,0,0,1,1,6,1,55,8,2143,2,4,10,2,10
2016551601702,2,9,0,18,0,0,0,0,0,0,1,1,6,2,29,6,1398,1,1,5,1,5
2016551601702,3,9,0,18,0,0,0,0,0,0,1,1,6,2,53,8,1398,1,1,-1,-1,-1
2016551601703,1,5,0,13,0,8,0,0,0,0,4,1,6,1,53,8,1130,1,12,10,1,10
2016551601703,2,9,0,18,0,8,0,0,0,0,3,1,6,1,36,7,1753,2,16,2,1,2
2016551601704,1,9,0,18,0,0,0,0,0,0,1,1,6,1,21,5,1991,1,13,-1,-1,-1
2016551601705,1,19,0,1,9,6,0,0,0,0,2,1,6,1,44,7,-1,-1,-1,10,1,10
2016551601708,1,9,0,5,0,0,0,0,0,0,2,1,6,1,34,6,1686,2,12,-1,-1,-1
2016551601708,2,1,0,18,0,0,0,0,0,0,1,1,6,1,34,6,-1,-1,-1,6,1,6
2016551601710,1,19,0,16,0,0,1,0,7,4,1,1,6,1,21,5,1560,2,1,6,3,6
2016551601711,1,9,0,10,0,0,0,0,0,0,2,1,3,2,36,7,1595,1,11,5,1,5
2016551601711,2,9,0,4,0,0,0,0,0,0,1,1,6,1,29,6,1198,1,14,6,1,6
2016551601712,1,9,0,18,0,0,0,0,0,0,1,1,6,1,23,5,1995,1,14,5,1,5
2016551601712,2,9,0,18,0,0,5,0,1,0,1,1,6,2,17,4,1390,1,14,7,3,7
2016551601713,1,19,0,5,0,1,0,0,0,0,1,1,1,1,27,6,2198,2,1,9,1,9
2016551601713,2,9,0,3,0,1,0,0,0,0,2,1,6,2,25,5,998,1,-1,8,1,8
2016551601713,3,11,0,3,0,1,0,0,0,0,2,1,1,2,49,8,7300,2,4,3,1,3
2016551601714,1,9,0,18,0,0,2,0,0,0,1,1,6,2,74,10,1339,1,12,6,3,6
2016551601715,1,19,0,18,0,0,0,0,0,0,4,1,6,3,-1,-1,-1,-1,-1,-1,-1,-1
2016551601715,2,1,0,18,0,0,0,0,0,0,2,1,6,1,16,4,-1,-1,-1,7,3,7
2016551601716,1,9,0,4,0,4,0,0,0,0,2,1,6,2,48,8,1598,2,3,7,3,7
2016551601716,2,21,1,5,0,4,0,0,0,0,1,1,1,1,23,5,11705,2,12,-1,-1,-1
2016551601718,1,9,0,7,0,6,0,0,1,11,3,1,6,2,55,8,999,1,2,6,3,6
2016551601718,2,9,0,18,0,8,5,10,0,0,1,1,2,1,55,8,1968,2,8,6,1,6
2016551601719,1,1,0,18,0,1,0,0,0,0,1,1,6,1,25,5,-1,-1,-1,9,3,9
2016551601719,2,9,0,9,0,1,0,0,0,0,3,1,6,2,70,10,1998,1,2,-1,-1,-1
2016551601721,1,9,0,18,0,8,0,0,0,0,1,1,6,2,23,5,1299,1,14,5,1,5
2016551601721,2,9,0,18,0,8,0,0,0,0,3,1,1,1,33,6,1248,2,8,5,1,5
2016551601723,1,3,0,18,0,0,0,0,0,10,4,1,6,2,38,7,123,1,26,3,1,3
2016551601724,1,9,0,15,0,0,0,0,0,0,3,1,2,2,18,4,796,1,17,6,2,6
2016551601724,2,21,0,16,0,0,0,0,0,0,3,1,1,1,30,6,12900,2,7,1,1,1
2016551601724,3,21,0,17,0,0,0,0,0,0,3,1,1,1,48,8,11705,2,7,-1,-1,-1
2016551601725,1,9,0,17,0,0,1,0,0,0,1,1,1,2,30,6,1998,2,14,7,2,7
2016551601725,2,9,0,18,0,0,0,0,2,10,3,1,1,1,29,6,1618,1,1,9,3,9
2016551601726,1,9,0,15,0,0,0,0,0,0,4,1,6,1,21,5,1598,1,2,1,1,1
2016551601726,2,19,0,5,0,0,0,0,0,0,3,1,1,1,33,6,2143,2,-1,8,1,8
2016551601727,1,9,0,7,0,1,0,0,0,0,1,1,6,2,21,5,1999,1,14,2,1,2
2016551601727,2,9,0,4,0,1,0,0,0,0,1,1,6,3,79,11,1461,2,2,-1,-1,-1
2016551601728,1,5,0,4,0,1,0,4,0,0,1,1,6,1,67,10,650,1,20,2,1,2
2016551601728,2,9,0,3,0,1,0,0,0,0,2,1,6,1,50,8,1968,2,1,6,1,6
2016551601729,1,9,0,18,0,1,0,0,0,0,1,1,6,3,-1,-1,-1,-1,-1,-1,-1,-1
2016551601729,2,9,0,7,0,5,0,0,0,0,2,1,6,1,26,6,1796,1,15,6,1,6
2016551601731,1,9,0,9,0,8,0,0,0,0,1,1,6,2,84,11,1390,1,7,7,3,7
2016551601731,2,9,0,18,0,1,1,0,0,0,1,1,6,1,26,6,1896,2,14,4,1,4
2016551601733,1,9,0,7,0,6,0,0,0,0,3,1,6,1,51,8,2987,2,3,10,1,10
2016551601733,2,1,0,18,0,1,0,0,0,0,1,1,6,2,51,8,-1,-1,-1,8,1,8
2016551601735,1,11,0,18,0,0,0,0,0,0,1,1,1,1,71,10,10000,2,28,7,1,7
2016551601736,1,9,0,18,0,0,0,0,0,0,1,1,2,2,53,8,1895,1,17,7,1,7
2016551601741,1,5,0,18,0,8,0,0,0,0,4,1,6,1,17,4,125,1,12,6,1,6
2016551601741,2,9,0,9,0,1,0,0,0,0,1,1,6,3,-1,-1,-1,-1,-1,-1,-1,-1
2016551601742,1,9,0,18,0,0,0,0,0,0,4,1,6,3,-1,-1,-1,-1,-1,-1,-1,-1
2016551601743,1,19,0,18,0,0,0,0,0,0,1,1,1,1,29,6,2287,2,1,-1,-1,-1
2016551601743,2,9,0,3,0,0,0,0,0,0,2,1,6,1,69,10,2698,2,11,10,1,10
2016551601743,3,19,0,3,0,0,0,0,0,0,2,1,1,1,63,9,1598,2,1,5,3,5
2016551601743,4,19,0,3,0,0,0,0,0,0,2,1,1,1,50,8,1560,2,1,6,1,6
2016551601744,1,9,0,16,0,1,0,0,0,0,4,1,6,1,43,7,1598,2,-1,6,1,6
2016551601744,2,1,0,18,0,1,0,0,0,0,1,1,6,1,15,3,-1,-1,-1,3,1,3
2016551601746,1,9,0,17,9,0,1,0,2,11,4,1,6,1,23,5,1986,2,9,9,1,9
2016551601747,1,9,0,9,0,1,0,0,0,0,1,1,6,2,24,5,1390,1,16,-1,-1,-1
2016551601747,2,1,0,16,0,1,0,0,0,0,3,1,6,1,51,8,-1,-1,-1,9,1,9
2016551601749,1,9,0,6,8,0,0,0,0,0,3,1,6,1,20,4,1781,1,26,8,1,8
2016551601749,2,9,0,18,0,0,0,0,0,0,1,1,6,2,26,6,1997,2,14,9,3,9
2016551601753,1,9,0,18,0,0,0,0,0,0,1,1,6,1,19,4,1149,1,11,9,1,9
2016551601756,1,9,0,18,0,1,0,0,0,0,1,2,6,1,30,6,-1,-1,-1,7,3,7
2016551601756,2,9,0,10,0,1,0,0,0,0,2,2,6,2,20,4,1598,1,15,7,3,7
2016551601757,1,9,0,13,0,8,0,0,0,0,1,1,6,3,54,8,1339,1,8,-1,-1,-1
2016551601757,2,9,0,9,0,8,0,0,7,0,3,1,6,3,52,8,1496,2,1,-1,-1,-1
2016551601760,1,9,0,18,0,8,0,4,0,0,1,1,2,2,20,4,996,1,3,6,3,6
2016551601760,2,9,0,2,0,1,0,0,0,0,1,1,6,3,31,6,2231,2,10,-1,-1,-1
2016551601761,1,9,0,4,0,1,0,0,0,0,1,1,6,1,54,8,1598,1,9,10,1,10
2016551601761,2,9,0,4,0,1,0,0,0,0,1,1,1,2,46,8,1388,1,11,9,1,9
2016551601761,3,9,0,3,0,1,0,0,0,0,2,1,6,2,58,9,1995,2,6,7,3,7
2016551601762,1,9,0,18,0,0,1,0,0,0,1,1,2,1,21,5,1124,1,15,8,1,8
2016551601762,2,9,0,3,0,0,0,0,0,0,2,1,6,2,30,6,1364,2,10,8,1,8
2016551601764,1,9,0,9,0,1,0,0,0,0,3,1,2,1,24,5,1598,1,3,4,1,4
2016551601764,2,4,0,18,0,1,0,0,0,0,1,1,6,1,21,5,599,1,12,3,1,3
2016551601765,1,9,0,18,0,0,0,0,0,0,1,1,6,2,73,10,1242,1,11,7,1,7
2016551601765,2,9,0,18,0,0,0,0,0,0,1,1,6,1,55,8,1997,1,15,6,3,6
2016551601767,1,9,0,9,0,5,0,0,0,0,1,1,6,1,51,8,1590,1,25,3,1,3
2016551601767,2,1,0,18,0,1,0,0,0,0,3,1,6,1,29,6,-1,-1,-1,-1,-1,-1
2016551601768,1,5,0,16,0,0,1,0,0,0,1,1,6,1,20,4,599,1,16,-1,-1,-1
2016551601768,2,11,0,3,0,0,0,0,0,0,4,1,1,1,48,8,7300,2,11,5,1,5
2016551601769,1,90,0,18,0,1,0,0,0,0,3,1,1,1,42,7,-1,-1,-1,4,1,4
2016551601771,1,3,0,4,0,1,1,0,0,0,1,1,2,1,27,6,125,1,9,10,1,10
2016551601771,2,9,0,3,0,1,0,0,0,0,2,1,6,1,55,8,1587,1,13,9,1,9
2016551601772,1,9,0,5,9,6,0,0,0,0,0,1,6,2,43,7,1560,2,9,-1,-1,-1
2016551601772,2,1,0,18,0,1,0,0,0,0,0,1,6,1,13,3,-1,-1,-1,10,1,10
2016551601774,1,9,0,16,0,0,1,0,1,4,1,1,6,1,26,6,1124,1,12,7,2,7
2016551601778,1,3,0,18,0,8,0,0,0,0,1,1,2,1,32,6,125,1,2,3,1,3
2016551601778,2,9,0,5,0,6,0,0,0,0,1,1,2,1,48,8,1995,2,-1,5,1,5
2016551601782,1,9,0,17,0,0,2,4,0,0,1,1,6,2,72,10,1149,1,14,3,1,3
2016551601782,2,9,0,2,0,0,0,0,0,0,2,1,6,3,22,5,1956,2,6,-1,-1,-1
2016551601783,1,9,0,13,0,0,0,0,0,0,4,1,6,1,55,8,1339,1,3,10,1,10
2016551601783,2,5,0,18,0,0,0,0,0,0,3,1,6,1,43,7,599,1,6,2,1,2
2016551601784,1,3,0,16,0,0,0,4,0,0,1,1,6,1,27,6,124,1,17,4,1,4
2016551601784,2,9,0,2,0,0,0,0,0,0,2,1,6,3,57,9,1991,2,7,-1,-1,-1
2016551601787,1,9,0,18,0,0,0,0,0,0,1,1,6,2,44,7,1997,2,4,7,2,7
2016551601787,2,19,0,4,0,0,0,0,0,0,2,1,6,1,39,7,1753,2,10,2,1,2
2016551601788,1,9,0,7,0,6,0,0,0,0,3,1,2,1,44,7,1390,1,10,10,1,10
2016551601788,2,9,0,18,0,8,0,0,0,0,1,1,6,1,40,7,1997,2,3,9,3,9
2016551601792,1,9,0,18,0,8,0,0,0,0,4,1,6,2,49,8,1868,2,13,8,1,8
2016551601792,2,9,0,5,0,8,0,0,0,0,1,1,6,2,33,6,1598,1,4,5,1,5
2016551601794,1,19,0,18,0,0,0,0,0,0,1,1,1,1,28,6,2198,2,6,6,1,6
2016551601794,2,19,5,4,0,0,0,0,0,0,2,1,1,1,43,7,2402,2,7,7,3,7
2016551601795,1,3,0,18,0,1,0,0,0,0,4,1,6,1,60,9,125,1,-1,6,1,6
2016551601795,2,9,0,5,0,6,0,0,0,0,1,1,1,1,36,7,1598,1,15,1,1,1
2016551601796,1,9,0,18,0,0,0,0,0,0,1,1,6,1,81,11,2180,2,23,9,2,9
2016551601796,2,1,0,18,0,0,0,0,0,0,2,1,6,1,23,5,-1,-1,-1,-1,-1,-1
2016551601797,1,9,0,18,0,1,0,0,0,0,1,1,1,1,21,5,1388,1,10,8,1,8
2016551601797,2,9,0,10,0,1,0,0,0,0,2,1,6,2,25,5,1896,2,12,6,3,6
2016551601798,1,9,0,18,0,6,0,0,0,0,4,1,6,1,44,7,1595,1,3,6,1,6
2016551601798,2,9,0,18,0,8,0,0,1,0,1,1,6,1,38,7,1997,2,-1,10,1,10
2016551601800,1,9,0,18,0,0,0,0,0,0,1,1,6,1,18,4,1229,1,9,9,1,9
2016551601801,1,9,0,1,0,2,0,0,0,0,2,1,6,1,69,10,1560,2,2,7,1,7
2016551601802,1,9,0,16,0,1,1,0,0,0,1,1,6,1,39,7,1493,1,17,7,1,7
2016551601802,2,9,0,3,0,1,0,0,0,0,2,1,6,2,58,9,1598,1,10,6,1,6
2016551601802,3,9,0,3,0,1,0,0,0,0,2,1,6,1,40,7,1598,1,3,6,1,6
2016551601803,1,19,0,18,0,0,0,0,0,0,0,1,2,1,46,8,1968,2,-1,6,2,6
2016551601804,1,9,0,18,0,1,0,0,0,0,1,1,6,1,20,4,1149,1,13,7,3,7
2016551601804,2,9,0,4,0,1,0,0,0,0,2,1,6,1,73,10,2143,2,1,8,1,8
2016551601804,3,9,0,18,0,2,0,0,0,0,3,1,6,2,37,7,1999,1,2,9,1,9
2016551601804,4,9,0,4,0,1,0,0,0,0,2,1,6,1,64,9,1995,2,2,7,1,7
2016551601805,1,9,0,4,0,0,0,0,0,0,2,1,6,1,58,9,1798,1,15,6,1,6
2016551601805,2,9,0,18,0,0,1,0,0,0,1,1,6,1,49,8,1796,1,8,-1,-1,-1
2016551601805,3,9,0,4,0,0,0,0,1,0,3,1,6,1,26,6,1997,2,9,4,1,4
2016551601808,1,9,0,9,0,5,0,0,0,0,1,1,2,2,54,8,1595,2,2,6,3,6
2016551601808,2,9,0,18,0,8,0,0,0,0,1,1,6,2,37,7,1598,1,7,6,1,6
2016551601809,1,9,0,18,0,0,0,0,0,0,1,1,6,2,51,8,2199,2,5,6,1,6
2016551601809,2,9,0,18,0,0,0,0,0,0,2,1,2,2,28,6,1200,1,14,3,1,3
2016551601810,1,9,0,18,0,0,0,0,0,0,1,1,6,2,38,7,998,1,11,7,1,7
2016551601810,2,9,0,18,0,0,0,0,0,0,1,1,6,2,31,6,1686,2,7,4,2,4
2016551601810,3,1,0,18,0,0,0,0,0,0,3,1,2,1,20,4,-1,-1,-1,-1,-1,-1
2016551601815,1,9,0,18,0,0,1,0,4,6,1,1,2,2,21,5,1124,1,13,10,1,10
2016551601816,1,1,0,9,0,6,0,0,0,0,1,1,2,1,22,5,-1,-1,-1,6,3,6
2016551601816,2,9,0,18,0,1,0,0,0,0,4,1,6,1,51,8,1798,8,2,6,3,6
2016551601817,1,90,0,18,0,6,0,0,0,0,4,1,2,1,57,9,2998,2,2,6,3,6
2016551601817,2,9,0,18,0,1,0,0,0,0,1,1,6,2,68,10,1124,1,15,6,2,6
2016551601818,1,19,0,4,0,1,0,0,0,0,1,1,1,1,50,8,2198,2,3,8,1,8
2016551601818,2,9,0,8,0,1,0,0,0,0,2,1,6,2,39,7,1596,1,13,7,3,7
2016551601819,1,9,0,7,0,5,0,0,0,0,4,1,6,1,55,8,1248,1,2,9,2,9
2016551601819,2,1,0,18,4,8,0,0,0,0,1,1,6,1,50,8,-1,-1,-1,-1,-1,-1
2016551601821,1,19,0,9,0,6,0,0,0,0,4,1,1,1,37,7,1560,2,1,-1,-1,-1
2016551601821,2,3,0,18,0,1,0,0,0,0,3,1,1,1,46,8,125,1,6,4,1,4
2016551601826,1,3,0,13,0,0,0,0,0,0,4,1,6,1,23,5,124,1,2,3,1,3
2016551601826,2,90,0,18,0,0,0,0,0,0,3,1,6,1,15,3,-1,-1,-1,7,1,7
2016551601827,1,9,0,6,0,0,0,0,0,0,1,1,6,2,27,6,1390,1,13,5,2,5
2016551601827,2,9,0,13,0,0,0,0,0,0,3,1,6,2,61,9,1197,1,4,9,1,9
2016551601829,1,9,0,9,0,8,0,0,0,0,3,1,6,3,-1,-1,-1,-1,-1,-1,-1,-1
2016551601829,2,9,0,18,0,8,0,0,0,0,4,1,2,2,21,5,999,1,3,9,1,9
2016551601829,3,9,0,18,0,8,0,0,0,0,1,1,6,2,75,10,1332,1,4,6,1,6
2016551601831,1,9,0,18,0,0,1,0,0,0,1,1,6,1,28,6,1390,1,9,6,3,6
2016551601831,2,9,0,3,0,0,0,0,0,0,2,1,6,1,32,6,2987,2,10,3,1,3
2016551601832,1,5,0,18,0,0,0,0,1,9,0,1,6,1,50,8,744,1,36,-1,-1,-1
2016551601832,2,9,0,4,0,0,0,0,0,0,0,1,6,1,42,7,2191,2,1,6,1,6
2016551601833,1,9,0,5,0,6,0,0,0,0,1,1,6,1,69,10,2720,2,8,9,3,9
2016551601833,2,5,0,18,0,8,0,0,1,4,1,1,6,1,41,7,636,1,11,1,1,1
2016551601834,1,9,0,18,0,1,0,0,0,0,4,1,6,1,95,11,1199,1,13,6,1,6
2016551601834,2,1,0,9,0,1,0,0,0,0,3,1,6,1,83,11,-1,-1,-1,-1,-1,-1
2016551601835,1,9,0,4,0,1,0,0,0,0,1,1,2,1,26,6,1999,1,10,10,1,10
2016551601835,2,9,0,4,0,1,0,0,0,0,2,1,6,2,53,8,1968,2,10,6,1,6
2016551601835,3,9,0,3,0,1,0,0,0,0,2,1,6,2,39,7,1248,1,2,6,1,6
2016551601836,1,9,0,18,0,0,5,0,1,1,1,1,6,2,18,4,998,1,17,10,1,10
2016551601838,1,9,0,3,0,0,0,0,0,0,1,1,6,2,36,7,1199,1,13,-1,-1,-1
2016551601838,2,21,0,1,0,0,0,0,0,0,2,1,1,3,39,7,-1,-1,-1,-1,-1,-1
2016551601840,1,2,0,15,0,0,0,0,0,0,3,1,6,2,16,4,50,1,1,3,1,3
2016551601840,2,9,0,2,0,0,0,0,0,0,4,1,6,3,50,8,1598,1,10,-1,-1,-1
2016551601841,1,19,4,16,0,0,0,0,0,0,4,1,6,1,55,8,2461,2,14,8,1,8
2016551601841,2,1,0,16,0,0,0,0,0,0,3,1,6,3,29,6,-1,-1,-1,-1,-1,-1
2016551601844,1,1,0,18,0,0,0,0,0,0,1,1,6,1,36,7,-1,-1,-1,-1,-1,-1
2016551601845,1,9,0,6,0,0,0,0,0,0,3,1,6,1,66,10,1560,2,9,4,2,4
2016551601845,2,9,0,18,0,0,0,0,0,0,1,1,6,2,54,8,1398,2,3,4,2,4
2016551601846,1,9,0,18,0,1,0,0,0,0,3,1,6,2,31,6,1896,2,11,5,1,5
2016551601846,2,9,0,18,0,1,0,0,0,0,1,1,6,1,54,8,1956,2,-1,-1,-1,-1
2016551601848,1,9,0,18,0,8,0,0,7,11,1,1,6,2,60,9,1197,1,1,5,1,5
2016551601850,1,11,0,17,0,3,0,0,0,0,0,1,6,1,52,8,9000,2,8,6,1,6
2016551601851,1,9,0,9,0,8,0,0,0,0,1,1,6,1,63,9,1360,1,8,2,1,2
2016551601851,2,1,0,4,4,1,0,0,0,0,1,1,6,1,58,9,-1,-1,-1,-1,-1,-1
2016551601853,1,9,0,18,0,0,0,0,7,4,1,1,6,1,79,11,1560,2,9,4,1,4
2016551601855,1,9,0,1,0,1,0,0,0,0,2,1,1,1,27,6,1998,2,13,4,1,4
2016551601855,2,22,0,18,0,8,0,0,0,0,3,1,6,2,91,11,-1,-1,-1,5,1,5
2016551601856,1,2,0,17,0,1,1,0,0,10,4,1,6,1,16,4,49,1,8,7,2,7
2016551601856,2,2,0,17,0,1,0,0,0,0,3,1,6,1,16,4,50,1,8,5,3,5
2016551601857,1,9,0,5,0,4,0,0,0,0,1,1,6,2,52,8,1997,2,13,8,1,8