Accident_Index,Vehicle_Reference,Vehicle_Type,Towing_and_Articulation,Vehicle_Manoeuvre,Vehicle_Location-Restricted_Lane,Junction_Location,Skidding_and_Overturning,Hit_Object_in_Carriageway,Vehicle_Leaving_Carriageway,Hit_Object_off_Carriageway,1st_Point_of_Impact,Was_Vehicle_Left_Hand_Drive?,Journey_Purpose_of_Driver,Sex_of_Driver,Age_of_Driver,Age_Band_of_Driver,Engine_Capacity_(CC),Propulsion_Code,Age_of_Vehicle,Driver_IMD_Decile,Driver_Home_Area_Type,Vehicle_IMD_Decile
2016551602067,2,9,0,3,0,8,0,0,0,0,4,1,6,2,23,5,1149,1,16,6,1,6
2016551602068,1,21,0,18,0,1,1,0,0,0,1,1,1,1,62,9,6692,2,8,9,1,9
2016551602068,2,9,0,3,0,1,0,0,0,0,2,1,6,1,72,10,1461,2,7,8,3,8
2016551602068,3,20,0,3,0,1,0,0,0,0,2,1,1,1,56,9,4116,2,13,6,2,6
2016551602070,1,5,0,4,0,1,1,0,0,0,1,1,6,1,49,8,899,1,16,4,1,4
2016551602070,2,9,0,10,0,1,0,0,0,0,2,1,6,1,67,10,1910,2,10,10,2,10
2016551602071,1,9,0,18,0,0,0,0,0,0,1,1,6,3,-1,-1,1198,1,3,-1,-1,-1
2016551602073,1,19,0,16,0,0,2,0,4,6,3,1,2,1,36,7,1995,2,9,5,2,5
2016551602073,2,9,0,18,0,0,0,0,0,0,0,1,6,1,46,8,1968,2,3,5,3,5
2016551602074,1,9,0,1,0,0,0,0,0,0,2,1,3,2,46,8,2720,2,11,5,1,5
2016551602074,2,19,0,1,0,0,0,0,0,0,2,1,2,1,29,6,2496,2,17,6,1,6
2016551602075,1,9,0,18,0,1,0,0,0,0,1,1,6,1,26,6,1396,1,13,2,1,2
2016551602075,2,9,0,10,0,1,0,0,0,0,2,2,2,1,34,6,-1,-1,-1,8,2,8
2016551602076,1,9,0,9,0,5,0,0,0,0,1,1,6,1,54,8,1398,1,2,-1,-1,-1
2016551602076,2,1,0,7,0,1,0,0,0,0,1,1,2,2,49,8,-1,-1,-1,1,1,1
2016551602077,1,9,0,18,0,8,0,0,0,0,1,1,6,1,23,5,1598,2,6,9,1,9
2016551602077,2,9,0,18,0,8,0,0,0,0,3,1,6,1,27,6,-1,-1,-1,5,3,5
2016551602078,1,9,0,16,0,4,0,0,0,0,4,1,6,1,29,6,2000,2,11,-1,-1,-1
2016551602078,2,1,0,18,0,1,0,0,0,0,1,1,6,1,52,8,-1,-1,-1,-1,-1,-1
2016551602079,1,3,0,7,0,4,1,0,0,0,3,1,2,2,18,4,125,1,9,2,1,2
2016551602080,1,1,0,5,0,0,0,0,0,0,3,1,6,1,10,2,-1,-1,-1,7,1,7
2016551602080,2,9,0,18,0,0,0,0,0,0,1,1,6,1,54,8,2967,2,8,7,1,7
2016551602081,1,19,0,18,0,0,0,0,0,0,0,1,1,3,-1,-1,2402,2,4,-1,-1,-1
2016551602081,2,1,0,18,0,0,0,0,1,0,0,1,6,2,58,9,-1,-1,-1,6,1,6
2016551602082,1,3,0,18,0,2,0,0,0,0,1,1,1,1,50,8,1200,1,15,8,1,8
2016551602082,2,9,0,9,0,8,0,0,0,0,3,1,1,2,42,7,1598,2,-1,6,3,6
2016551602083,1,9,0,16,0,2,2,10,7,0,3,1,6,2,25,5,1596,1,16,6,3,6
2016551602084,1,9,0,13,0,8,1,0,0,0,1,1,6,2,26,6,1968,2,8,2,1,2
2016551602084,2,9,0,13,0,8,0,0,0,0,1,1,1,1,49,8,2996,1,8,10,1,10
2016551602085,1,19,0,18,0,0,1,0,0,0,1,1,6,2,33,6,2460,2,9,2,1,2
2016551602086,1,9,0,18,0,0,0,0,7,10,1,1,6,1,17,4,1124,1,13,9,1,9
2016551602086,2,9,0,18,0,0,0,1,0,0,4,1,6,3,-1,-1,1995,2,12,-1,-1,-1
2016551602089,1,9,0,18,0,1,0,0,0,0,1,1,6,2,23,5,999,1,-1,9,3,9
2016551602089,2,9,0,4,0,6,0,0,0,0,1,1,2,3,-1,-1,1242,1,-1,-1,-1,-1
2016551602090,1,20,1,7,0,8,1,0,0,0,3,1,1,1,51,8,-1,-1,-1,9,1,9
2016551602090,2,1,0,5,0,8,0,0,0,0,4,1,6,1,43,7,-1,-1,-1,-1,-1,-1
2016551602094,1,9,0,13,0,1,5,11,7,3,1,1,6,1,72,10,1598,2,-1,-1,-1,-1
2016551602094,2,9,0,10,0,1,0,11,0,0,1,1,6,1,30,6,1560,2,2,9,3,9
2016551602096,1,9,0,18,0,8,0,0,0,0,0,1,6,3,-1,-1,-1,-1,-1,-1,-1,-1
2016551602096,2,9,0,18,0,8,2,10,6,0,0,1,6,2,24,5,1360,1,15,6,3,6
2016551602097,1,9,0,18,0,2,0,0,0,0,1,1,6,1,77,11,2198,1,15,2,1,2
2016551602097,2,9,0,2,0,1,0,0,0,0,4,1,6,3,-1,-1,1998,1,14,-1,-1,-1
2016551602097,3,9,0,2,0,1,0,0,0,0,1,1,6,3,-1,-1,1998,1,12,-1,-1,-1
2016551602098,1,9,0,18,0,1,1,0,0,0,1,1,6,1,33,6,1995,2,11,5,1,5
2016551602098,2,9,0,3,0,1,0,0,0,0,2,1,6,2,23,5,1149,1,17,6,2,6
2016551602098,3,9,0,3,0,1,0,0,0,0,2,1,6,2,70,10,1329,1,2,6,3,6
2016551602099,1,9,0,18,0,0,1,0,0,0,2,1,6,2,20,4,1388,1,9,10,1,10
2016551602099,2,9,0,4,0,0,0,0,0,0,2,1,6,2,25,5,1229,1,4,3,1,3
2016551602099,3,9,0,4,0,0,0,0,0,0,2,1,6,2,34,6,1461,2,-1,7,3,7
2016551602099,4,9,0,4,0,0,0,0,0,0,2,1,6,2,30,6,1598,1,13,5,1,5
2016551602100,1,8,0,18,0,2,0,0,0,0,4,1,1,2,61,9,1753,2,7,4,1,4
2016551602100,2,19,0,18,0,1,0,0,0,0,1,1,1,1,64,9,2143,2,6,7,1,7
2016551602100,3,9,0,2,0,1,0,0,0,0,2,1,6,3,-1,-1,998,1,1,-1,-1,-1
2016551602101,1,5,0,17,0,0,0,0,0,0,4,1,6,1,33,6,649,1,-1,6,1,6
2016551602102,1,9,0,18,0,1,0,0,0,0,1,1,6,1,68,10,1840,1,16,5,1,5
2016551602102,2,9,0,3,0,1,0,0,0,0,2,1,6,1,55,8,899,1,2,10,1,10
2016551602103,1,9,0,18,0,1,0,0,0,0,1,1,1,1,47,8,-1,-1,-1,3,1,3
2016551602103,2,1,0,18,0,1,0,0,0,0,4,1,6,1,19,4,-1,-1,-1,9,1,9
2016551602105,1,9,0,18,0,3,1,0,3,11,1,1,6,1,26,6,1896,2,14,5,1,5
2016551602106,1,17,4,18,0,1,0,0,0,0,2,1,1,1,64,9,-1,2,5,5,3,5
2016551602106,2,3,0,18,0,1,0,0,0,0,1,1,6,1,70,10,1170,1,5,5,3,5
2016551602107,1,9,0,9,0,8,0,0,0,0,1,1,6,3,-1,-1,-1,-1,-1,-1,-1,-1
2016551602107,2,9,0,9,0,8,0,0,0,0,3,1,6,2,50,8,1984,1,7,9,1,9
2016551602108,1,9,0,9,0,8,0,0,0,0,1,1,1,2,67,10,1328,1,12,3,1,3
2016551602108,2,4,0,18,0,8,0,0,1,0,2,1,6,1,70,10,244,1,9,6,1,6
2016551602110,1,2,0,4,0,8,0,0,0,0,0,1,4,2,16,4,49,1,-1,10,1,10
2016551602111,1,11,0,5,0,0,0,0,0,0,4,1,1,3,-1,-1,-1,-1,-1,-1,-1,-1
2016551602114,1,9,0,9,0,1,0,0,0,0,0,1,6,2,51,8,1596,1,11,7,1,7
2016551602114,2,1,0,18,0,1,0,0,0,0,0,1,2,1,24,5,-1,-1,-1,4,1,4
2016551602116,1,9,0,18,0,1,0,0,0,0,1,1,6,1,19,4,1595,1,13,1,1,1
2016551602116,2,9,0,7,0,1,0,0,0,0,1,1,6,2,40,7,1900,2,10,5,1,5
2016551602117,1,19,0,5,0,6,0,0,0,0,3,1,2,1,56,9,1896,2,6,2,1,2
2016551602117,2,1,0,18,0,8,0,0,0,0,1,1,2,1,33,6,-1,-1,-1,7,3,7
2016551602118,1,9,0,18,0,2,0,0,0,0,1,1,6,2,31,6,1998,1,12,9,1,9
2016551602119,1,3,0,9,0,8,0,0,0,0,1,1,6,1,19,4,125,1,-1,-1,-1,-1
2016551602119,2,19,0,7,0,8,0,0,0,0,4,1,1,1,25,5,1753,2,8,9,1,9
2016551602120,1,9,0,18,0,4,0,0,0,0,3,1,6,1,59,9,1598,1,18,1,1,1
2016551602120,2,1,0,18,0,8,0,0,0,0,1,1,2,1,50,8,-1,-1,-1,5,1,5
2016551602122,1,21,0,18,0,3,0,0,0,0,1,1,1,3,-1,-1,5193,2,2,-1,-1,-1
2016551602122,2,9,0,17,0,3,0,0,7,0,4,1,6,2,21,5,1242,1,2,8,1,8
2016551602123,1,11,0,4,0,0,0,0,0,0,1,1,3,1,42,7,12000,2,13,7,3,7
2016551602123,2,2,0,4,0,0,1,0,0,0,1,1,2,1,17,4,49,1,8,5,3,5
2016551602125,1,9,0,5,9,0,0,0,0,0,3,1,2,2,22,5,1199,1,14,-1,-1,-1
2016551602125,2,1,0,18,9,0,0,0,0,0,1,1,4,1,11,3,-1,-1,-1,5,1,5
2016551602126,1,19,0,18,0,0,0,0,0,0,1,1,1,1,65,9,2198,2,4,6,1,6
2016551602126,2,19,0,4,0,0,0,0,0,0,2,1,6,1,36,7,1995,2,6,9,1,9
2016551602127,1,9,0,18,0,1,0,4,0,0,1,1,6,3,-1,-1,1597,1,12,-1,-1,-1
2016551602127,2,9,0,10,0,8,0,0,0,0,2,1,6,2,18,4,1461,2,10,6,1,6
2016551602129,1,9,0,18,0,1,0,0,0,0,1,1,6,1,21,5,2993,2,-1,9,1,9
2016551602129,2,9,0,3,0,1,0,0,0,0,2,1,6,2,40,7,1850,1,16,5,1,5
2016551602131,1,9,0,14,0,0,0,0,0,0,3,1,4,1,18,4,998,1,9,-1,-1,-1
2016551602131,2,9,0,2,9,0,0,0,0,0,3,1,6,3,-1,-1,2993,2,8,-1,-1,-1
2016551602134,1,9,0,9,0,6,0,0,0,0,1,1,2,2,60,9,1461,2,-1,6,1,6
2016551602134,2,3,0,18,0,8,0,0,0,0,1,1,6,1,23,5,125,1,3,7,1,7
2016551602135,1,9,0,9,0,6,0,0,0,0,1,1,2,2,24,5,1242,1,11,6,1,6
2016551602135,2,1,0,18,0,8,0,0,0,0,4,1,2,1,22,5,-1,-1,-1,9,1,9
2016551602138,1,9,0,8,0,4,0,0,0,0,2,1,6,2,73,10,1395,1,2,5,1,5
2016551602138,2,19,0,7,0,4,0,0,0,0,1,1,1,2,51,8,2299,2,-1,5,2,5
2016551602140,1,9,0,18,0,8,0,0,0,0,1,1,6,1,65,9,1998,1,15,6,3,6
2016551602142,1,9,0,18,0,0,0,0,0,0,1,1,1,1,26,6,1896,2,13,5,1,5
2016551602142,2,22,0,18,0,0,0,0,0,0,4,1,6,1,70,10,-1,-1,-1,3,1,3
2016551602143,1,1,0,18,0,1,0,0,0,0,1,1,6,2,62,9,-1,-1,-1,6,1,6
2016551602143,2,9,0,9,0,1,0,0,0,0,3,1,6,2,67,10,1398,1,3,6,1,6
2016551602144,1,9,0,5,0,6,0,0,0,0,1,1,6,1,82,11,1586,1,7,-1,-1,-1
2016551602145,1,4,0,18,0,1,0,0,0,0,1,1,6,1,19,4,125,1,11,-1,-1,-1
2016551602145,2,9,0,18,0,8,0,0,0,0,1,1,6,1,18,4,1242,1,10,4,1,4
2016551602146,1,1,0,18,0,0,0,0,0,0,2,1,2,1,20,4,-1,-1,-1,5,1,5
2016551602146,2,9,0,18,0,0,0,0,0,0,1,1,2,2,46,8,1229,1,2,3,1,3
2016551602147,1,9,0,4,0,0,0,0,0,0,3,1,6,2,58,9,1329,1,7,5,1,5
2016551602147,2,9,0,18,0,0,0,0,0,0,1,1,6,1,79,11,1968,2,3,10,1,10
2016551602148,1,9,0,18,0,0,0,0,0,0,0,1,2,1,36,7,2498,1,17,3,1,3
2016551602148,2,5,0,16,0,0,1,0,0,0,0,1,2,1,33,6,599,1,10,10,1,10
2016551602150,1,9,0,9,0,8,0,0,0,0,1,1,6,2,22,5,1198,1,9,5,2,5
2016551602150,2,8,0,18,0,8,0,0,0,0,1,1,1,1,34,6,1560,2,7,7,1,7
2016551602151,1,9,0,18,0,0,0,0,0,0,1,1,6,1,89,11,1596,1,8,7,1,7
2016551602151,2,21,0,2,0,0,0,0,0,0,2,1,6,3,-1,-1,6370,2,11,-1,-1,-1
2016551602153,1,9,0,18,0,0,0,0,0,0,3,1,2,2,39,7,1560,2,3,5,3,5
2016551602153,2,9,0,18,0,0,0,0,0,0,3,1,6,2,65,9,1199,1,12,5,3,5
2016551602154,1,9,0,18,0,0,1,0,0,0,1,1,2,2,18,4,998,1,14,5,3,5
2016551602154,2,9,0,3,0,0,0,0,0,0,2,1,2,1,63,9,1349,1,7,10,3,10
2016551602157,1,9,0,18,0,0,0,0,0,0,1,1,2,2,26,6,1596,1,14,5,1,5
2016551602157,2,9,0,2,0,0,0,0,0,0,1,1,6,3,-1,-1,2000,7,11,-1,-1,-1
2016551602158,1,3,0,9,0,8,1,0,0,0,0,1,6,2,17,4,125,1,-1,4,1,4
2016551602160,1,9,0,18,0,8,0,0,0,0,0,1,1,3,-1,-1,1753,2,5,-1,-1,-1
2016551602160,2,9,0,18,0,8,1,9,3,0,1,1,6,1,22,5,1998,1,10,1,1,1
2016551602160,3,9,0,3,0,8,0,0,0,0,1,1,1,3,-1,-1,1753,2,7,-1,-1,-1
2016551602160,4,9,0,3,0,1,0,0,0,0,3,1,2,3,-1,-1,1598,1,13,-1,-1,-1
2016551602160,5,9,0,18,0,1,0,0,0,0,1,1,1,3,-1,-1,1686,2,3,-1,-1,-1
2016551602160,6,9,0,3,0,1,0,0,0,0,2,1,1,3,-1,-1,1598,2,-1,-1,-1,-1
2016551602161,1,3,0,4,0,0,0,0,0,0,1,1,2,1,18,4,125,1,6,6,3,6
2016551602161,2,19,0,4,0,0,0,0,0,0,2,2,6,1,51,8,1968,2,1,1,1,1
2016551602163,1,9,4,18,0,0,0,0,0,0,3,1,6,3,-1,-1,2199,2,3,-1,-1,-1
2016551602163,2,4,0,3,0,0,0,0,0,0,0,1,6,1,41,7,599,1,19,5,1,5
2016551602166,1,9,0,16,0,0,0,0,0,0,1,1,2,1,49,8,1596,1,14,3,1,3
2016551602166,2,21,1,17,0,0,1,0,7,4,1,1,1,1,33,6,12419,2,2,7,1,7
2016551602167,1,9,0,18,0,1,0,0,0,0,1,2,6,3,-1,-1,1198,1,5,-1,-1,-1
2016551602167,2,9,0,10,0,1,0,0,0,0,2,1,6,2,40,7,898,1,-1,9,1,9
2016551602170,1,9,0,9,0,5,0,0,7,0,1,1,2,1,17,4,1119,1,20,5,3,5
2016551602170,2,9,0,18,0,1,0,0,1,0,1,1,6,2,52,8,1749,1,15,10,1,10
2016551602171,1,9,0,7,0,6,0,0,0,0,1,1,3,2,26,6,1598,1,7,4,1,4
2016551602171,2,1,0,18,0,8,0,0,0,0,4,1,6,1,40,7,-1,-1,-1,2,1,2
2016551602173,1,19,0,9,0,2,0,0,0,0,1,1,2,1,46,8,2143,2,3,-1,-1,-1
2016551602173,2,9,0,18,0,1,0,0,0,0,4,1,2,2,52,8,1360,1,14,-1,-1,-1
2016551602175,1,9,0,18,0,0,0,0,0,0,1,1,6,1,39,7,1598,1,17,6,1,6
2016551602175,2,9,0,3,0,0,0,0,0,0,2,1,6,1,63,9,1596,1,6,7,2,7
2016551602175,3,19,0,3,0,0,0,0,0,0,2,1,1,2,40,7,1560,2,2,3,1,3
2016551602175,4,9,0,3,0,0,0,0,0,0,2,1,6,2,73,10,1497,8,-1,5,1,5
2016551602176,1,9,0,18,0,0,0,0,0,0,1,1,6,3,-1,-1,1390,1,8,-1,-1,-1
2016551602176,2,9,0,18,0,0,0,0,0,0,2,1,6,2,26,6,1799,1,6,8,1,8
2016551602179,1,9,0,4,0,0,0,0,0,0,2,1,2,2,61,9,1339,1,13,7,3,7
2016551602179,2,19,0,4,0,0,0,0,0,0,1,1,1,1,41,7,1997,2,11,7,3,7
2016551602181,1,11,0,18,2,1,0,0,0,0,1,1,1,1,61,9,4461,2,2,-1,-1,-1
2016551602181,2,11,0,2,2,1,0,0,0,0,2,1,1,1,54,8,7300,2,11,5,1,5
2016551602182,1,9,0,18,0,0,0,0,0,0,1,1,6,2,27,6,1364,1,10,3,1,3
2016551602182,2,1,0,18,0,0,0,0,0,0,3,1,6,1,18,4,-1,-1,-1,5,1,5
2016551602185,1,9,0,5,0,8,0,0,0,0,1,1,6,1,18,4,1968,2,8,5,1,5
2016551602185,2,1,0,18,0,8,0,0,0,0,2,1,1,1,44,7,-1,-1,-1,10,1,10
2016551602186,1,9,0,18,0,0,0,0,0,0,1,1,6,3,-1,-1,-1,-1,-1,-1,-1,-1
2016551602187,1,3,0,15,0,1,0,0,8,2,4,1,2,1,44,7,125,1,5,4,1,4
2016551602187,2,19,0,10,0,1,0,0,0,0,3,1,6,1,35,6,1995,2,6,10,1,10
2016551602188,1,8,0,3,0,0,0,0,0,0,2,1,1,1,34,6,1997,2,3,6,1,6
2016551602188,2,9,0,4,0,0,0,0,0,0,1,1,6,1,47,8,1199,1,15,-1,-1,-1
2016551602188,3,9,0,4,0,0,0,0,0,0,1,1,6,2,35,6,1685,2,2,4,2,4
2016551602189,1,9,0,4,0,0,0,0,0,0,1,1,6,1,60,9,1991,1,1,4,1,4
2016551602189,2,9,0,4,0,0,0,0,0,0,2,1,6,1,49,8,3969,1,18,2,1,2
2016551602190,1,90,0,5,0,8,0,0,0,0,3,1,6,1,52,8,-1,-1,-1,8,2,8
2016551602190,2,9,0,16,0,1,1,0,7,4,1,1,6,1,62,9,2204,2,10,7,2,7
2016551602193,1,9,0,3,0,0,0,0,0,0,2,1,6,1,43,7,1248,2,7,6,1,6
2016551602193,2,9,0,18,0,0,0,0,0,0,1,1,2,1,71,10,2993,2,6,10,1,10
2016551602194,1,9,0,4,0,0,0,0,0,0,2,1,6,2,28,6,1461,2,-1,7,1,7
2016551602194,2,9,0,4,0,0,0,0,0,0,2,1,6,2,45,7,1242,1,3,10,2,10
2016551602194,3,19,0,4,0,0,0,0,0,0,1,1,6,1,27,6,1996,2,6,10,2,10
2016551602196,1,9,0,16,0,0,0,0,0,0,0,1,6,1,50,8,2400,2,7,5,3,5
2016551602196,2,5,0,17,0,0,1,0,1,0,0,1,6,1,60,9,1584,1,8,7,3,7
2016551602197,1,9,0,18,0,0,0,0,1,4,1,1,2,2,37,7,1590,1,18,9,1,9
2016551602199,1,9,0,18,0,4,1,0,0,0,1,1,6,1,17,4,998,1,15,8,2,8
2016551602199,2,9,0,18,0,8,0,0,0,0,3,1,6,2,29,6,1598,1,14,8,2,8
2016551602201,1,9,0,18,0,2,0,0,0,0,1,1,6,1,24,5,-1,-1,-1,5,1,5
2016551602201,2,9,0,4,0,2,0,0,0,0,2,1,6,1,41,7,1968,2,9,2,1,2
2016551602202,1,9,0,18,0,0,0,0,0,0,2,1,6,3,-1,-1,-1,-1,-1,-1,-1,-1
2016551602202,2,9,0,18,0,0,0,0,0,0,2,1,6,1,39,7,5204,1,7,8,1,8
2016551602202,3,9,0,18,0,0,0,0,0,0,1,1,6,2,25,5,1596,1,8,8,2,8
2016551602203,1,9,0,18,0,0,0,0,0,0,1,1,6,2,82,11,1198,1,5,10,1,10
2016551602203,2,9,0,3,0,0,0,0,0,0,2,1,2,2,32,6,1360,1,10,5,1,5
2016551602203,3,9,0,3,0,0,0,0,0,0,2,1,6,1,44,7,1796,1,11,3,1,3
2016551602205,1,9,0,18,0,8,0,0,0,0,1,1,6,3,-1,-1,-1,-1,-1,-1,-1,-1
2016551602205,2,9,0,8,0,1,0,0,0,0,2,1,6,1,61,9,1596,1,14,9,1,9
2016551602206,1,9,0,18,0,1,0,0,1,1,1,1,6,2,72,10,1995,2,9,7,1,7
2016551602207,1,9,0,6,0,0,0,0,0,0,4,1,6,1,53,8,1995,2,1,-1,-1,-1
2016551602207,2,1,0,18,4,0,0,0,0,0,3,1,6,2,37,7,-1,-1,-1,7,1,7
2016551602208,1,9,0,5,8,6,0,0,0,0,1,1,6,1,82,11,1998,1,1,10,1,10
2016551602208,2,9,0,4,0,1,0,0,0,0,2,1,6,1,49,8,1248,1,1,1,1,1
2016551602209,1,5,0,16,0,0,1,0,7,0,1,1,2,1,39,7,998,1,16,7,1,7
2016551602211,1,3,0,18,0,0,0,12,0,0,1,1,1,1,28,6,108,1,-1,3,1,3
2016551602212,1,5,0,4,0,0,0,0,0,0,1,1,6,1,60,9,1585,1,6,5,3,5
2016551602212,2,9,0,4,0,0,0,0,0,0,2,1,6,2,35,6,1497,1,13,5,2,5
2016551602213,1,9,0,9,0,4,0,0,0,0,0,1,2,1,56,9,1587,1,12,1,1,1
2016551602213,2,1,0,5,0,4,0,0,0,0,2,1,2,1,43,7,-1,-1,-1,6,1,6
2016551602213,3,1,0,9,0,4,0,0,0,0,2,1,2,1,44,7,-1,-1,-1,-1,-1,-1
2016551602214,1,9,0,3,0,0,0,0,0,0,2,1,6,2,37,7,1999,1,9,6,1,6
2016551602214,2,9,0,18,0,0,0,0,0,0,1,1,6,1,81,11,1198,1,2,5,1,5
2016551602215,1,9,0,9,0,5,0,0,7,11,4,1,2,3,-1,-1,1995,2,13,-1,-1,-1
2016551602215,2,5,0,18,0,8,0,0,0,0,1,1,2,1,31,6,929,1,14,7,1,7
2016551602216,1,9,0,9,0,8,0,0,0,0,1,2,6,2,48,8,-1,-1,-1,-1,-1,-1
2016551602216,2,1,0,18,0,8,0,0,0,0,4,1,6,1,77,11,-1,-1,-1,-1,-1,-1
2016551602217,1,9,0,18,0,0,0,0,7,4,1,1,6,1,66,10,2184,2,10,6,3,6
2016551602219,1,3,0,18,0,1,0,0,0,0,4,1,6,1,19,4,124,1,7,9,1,9
2016551602219,2,21,0,3,0,2,0,0,0,0,2,1,1,1,35,6,2143,2,-1,4,1,4
2016551602220,1,21,1,18,0,0,0,0,0,0,1,1,1,1,31,6,12800,2,8,5,1,5
2016551602220,2,9,0,2,0,0,0,0,0,0,2,1,6,3,-1,-1,1997,2,25,-1,-1,-1
2016551602222,1,9,0,5,0,0,0,0,0,0,1,1,6,1,22,5,1596,1,14,-1,-1,-1
2016551602222,2,9,0,2,0,0,0,0,0,0,2,1,6,3,-1,-1,1390,1,12,-1,-1,-1
2016551602222,3,9,0,2,0,0,0,0,0,0,2,1,6,3,-1,-1,1598,1,11,-1,-1,-1
2016551602223,1,8,0,4,0,0,0,0,0,0,1,1,1,1,29,6,1956,2,-1,5,1,5
2016551602223,2,9,0,5,0,0,0,0,0,0,2,1,2,2,-1,-1,1390,1,10,-1,-1,-1
2016551602223,3,9,0,18,0,0,0,0,0,0,1,1,6,1,46,8,1895,1,15,8,1,8
2016551602223,4,9,0,4,0,0,0,0,0,0,2,1,2,1,24,5,1596,1,5,-1,-1,-1
2016551602225,1,3,0,18,0,1,0,0,0,0,1,1,6,1,24,5,124,1,1,6,1,6
2016551602225,2,9,0,5,0,8,0,0,0,0,3,1,6,1,21,5,1299,1,14,5,1,5
2016551602226,1,9,0,5,0,4,0,0,0,0,1,1,6,1,19,4,1896,2,10,9,3,9
2016551602226,2,1,0,9,0,3,0,0,0,0,2,1,6,1,25,5,-1,-1,-1,-1,-1,-1
2016551602227,1,5,0,15,0,1,0,0,7,8,1,1,6,1,64,9,1000,1,-1,6,1,6
2016551602227,2,9,0,9,0,1,0,0,0,0,3,1,2,1,67,10,2969,2,9,5,3,5
2016551602229,1,1,0,18,0,1,0,0,0,0,4,1,6,1,11,3,-1,-1,-1,-1,-1,-1
2016551602229,2,9,0,18,0,1,0,0,0,0,1,1,2,2,25,5,1595,1,15,-1,-1,-1
2016551602230,1,9,0,18,0,1,0,0,0,0,1,1,3,2,38,7,1997,2,9,2,1,2
2016551602230,2,9,0,9,7,5,0,0,0,0,1,1,3,2,29,6,1399,1,-1,5,1,5
2016551602231,1,19,0,9,0,6,0,0,0,0,1,1,6,1,50,8,1598,2,-1,6,1,6
2016551602231,2,3,0,18,0,8,0,0,0,0,4,1,4,1,17,4,124,1,1,8,1,8
2016551602235,1,4,0,15,0,8,0,0,0,0,1,1,6,1,22,5,125,1,3,-1,-1,-1
2016551602235,2,9,0,9,0,8,0,0,0,0,1,1,6,2,42,7,1598,1,13,3,1,3
2016551602236,1,9,0,18,0,0,0,0,0,0,4,1,3,1,58,9,1149,1,5,3,1,3
2016551602236,2,1,0,18,0,0,0,0,0,0,1,1,6,1,8,2,-1,-1,-1,-1,-1,-1
2016551602237,1,9,0,9,8,1,0,0,0,0,1,1,6,3,-1,-1,-1,-1,-1,-1,-1,-1
2016551602237,2,1,0,3,0,6,0,0,0,0,2,1,6,2,13,3,-1,-1,-1,-1,-1,-1
2016551602239,1,9,0,18,0,0,5,10,7,11,1,1,6,2,18,4,1124,1,12,5,3,5
2016551602242,1,9,0,18,0,3,0,0,0,0,4,1,6,1,50,8,1798,1,14,3,1,3
2016551602242,2,9,0,18,0,4,0,0,0,0,3,1,6,2,65,9,1560,2,4,-1,-1,-1
2016551602244,1,9,0,13,0,0,5,0,1,2,1,1,6,2,85,11,1240,1,12,10,1,10
2016551602244,2,9,0,18,0,0,0,0,0,0,1,1,6,2,68,10,1598,1,12,3,1,3
2016551602244,3,1,0,18,0,0,0,0,0,0,1,1,6,1,67,10,-1,-1,-1,10,1,10
2016551602246,1,9,0,18,0,6,0,0,0,0,4,1,6,2,59,9,1791,8,5,5,1,5
2016551602246,2,9,0,18,0,8,0,0,0,0,3,1,6,1,19,4,1299,1,13,6,1,6
2016551602247,1,9,0,7,0,6,0,0,0,0,2,1,6,2,71,10,2493,8,2,5,3,5
2016551602247,2,19,0,18,0,8,1,0,0,0,1,1,2,2,46,8,1398,2,13,9,3,9
2016551602248,1,17,4,7,0,0,0,0,0,0,1,1,1,1,29,6,-1,2,1,6,3,6
2016551602248,2,5,0,17,0,0,1,0,0,0,1,1,2,1,36,7,1157,1,20,5,3,5
2016551602250,1,19,0,18,0,0,1,4,0,0,1,1,2,1,54,8,2151,2,13,8,1,8
2016551602250,2,9,0,4,0,0,0,0,0,0,2,1,1,1,23,5,-1,-1,-1,6,1,6
2016551602252,1,9,0,3,0,0,0,0,0,0,2,1,6,1,72,10,1595,1,1,7,2,7
2016551602252,2,9,0,3,0,0,0,0,0,0,2,1,6,2,53,8,1198,1,-1,9,1,9
2016551602252,3,9,0,3,0,0,0,0,0,0,2,1,6,1,48,8,2995,1,14,9,1,9
2016551602252,4,9,0,18,0,0,0,0,0,0,1,1,6,2,25,5,1496,2,2,3,1,3
2016551602260,1,19,0,18,0,2,0,0,0,0,1,1,1,1,24,5,1560,2,4,7,3,7
2016551602262,1,9,0,18,0,3,0,0,0,0,1,1,1,2,41,7,1956,2,1,4,1,4
2016551602262,2,9,0,18,0,1,0,0,0,0,1,1,2,1,41,7,1995,2,3,7,1,7
2016551602263,1,9,0,18,0,4,0,0,0,0,3,1,6,2,61,9,1598,2,1,-1,-1,-1
2016551602263,2,5,0,7,0,3,0,0,0,0,1,1,2,1,38,7,599,1,12,-1,-1,-1
2016551602265,1,9,0,9,0,4,0,0,0,0,1,1,3,2,43,7,1799,1,10,4,1,4
2016551602265,2,1,0,15,0,4,0,0,0,0,1,1,1,3,-1,-1,-1,-1,-1,-1,-1,-1