Accident_Index,Vehicle_Reference,Vehicle_Type,Towing_and_Articulation,Vehicle_Manoeuvre,Vehicle_Location-Restricted_Lane,Junction_Location,Skidding_and_Overturning,Hit_Object_in_Carriageway,Vehicle_Leaving_Carriageway,Hit_Object_off_Carriageway,1st_Point_of_Impact,Was_Vehicle_Left_Hand_Drive?,Journey_Purpose_of_Driver,Sex_of_Driver,Age_of_Driver,Age_Band_of_Driver,Engine_Capacity_(CC),Propulsion_Code,Age_of_Vehicle,Driver_IMD_Decile,Driver_Home_Area_Type,Vehicle_IMD_Decile
2016551602266,1,9,0,5,6,0,0,0,0,0,1,1,6,2,67,10,1299,1,14,8,1,8
2016551602266,2,1,0,14,0,0,0,0,0,0,1,1,6,1,66,10,-1,-1,-1,5,1,5
2016551602269,1,9,0,9,0,8,0,0,0,0,1,1,6,1,30,6,1560,2,4,-1,-1,-1
2016551602269,2,1,0,18,0,8,0,0,0,0,1,1,6,1,24,5,-1,-1,-1,-1,-1,-1
2016551602270,1,9,0,18,0,0,0,0,0,0,1,1,1,1,22,5,1968,2,3,10,1,10
2016551602270,2,9,0,4,0,0,0,0,0,0,2,1,1,2,45,7,2199,2,2,5,3,5
2016551602270,3,9,0,4,0,0,0,0,0,0,0,1,6,2,44,7,1598,1,15,10,1,10
2016551602271,1,9,0,8,0,4,0,0,0,0,1,1,6,3,-1,-1,-1,-1,-1,-1,-1,-1
2016551602271,2,9,0,8,0,4,0,0,0,0,2,1,2,2,28,6,1198,1,5,8,2,8
2016551602272,1,5,0,13,0,0,1,0,0,0,1,1,6,1,51,8,498,1,17,5,1,5
2016551602272,2,9,0,18,0,0,0,0,0,0,1,1,6,1,58,9,1364,1,13,8,1,8
2016551602272,3,19,0,18,0,0,0,0,0,0,2,1,6,1,39,7,3920,2,10,9,2,9
2016551602275,1,9,0,18,0,1,0,0,0,0,1,1,6,2,58,9,998,1,8,6,1,6
2016551602275,2,19,0,4,0,1,0,0,0,0,0,1,1,1,58,9,2198,2,1,4,1,4
2016551602276,1,9,0,18,0,2,5,0,0,0,1,1,6,1,38,7,1461,2,6,1,1,1
2016551602276,2,9,0,1,0,1,0,0,0,0,1,1,6,1,76,11,1598,1,5,3,1,3
2016551602279,1,9,0,9,0,8,0,0,0,0,1,1,2,2,28,6,1845,1,21,3,1,3
2016551602279,2,1,0,15,0,8,0,0,0,0,1,1,4,1,20,4,-1,-1,-1,7,1,7
2016551602280,1,1,0,18,0,0,0,0,0,0,4,1,6,1,21,5,-1,-1,-1,-1,-1,-1
2016551602280,2,8,0,18,0,0,0,0,0,0,1,1,6,2,53,8,1598,2,6,5,1,5
2016551602281,1,90,0,4,0,0,0,0,1,4,3,1,6,2,35,6,-1,-1,-1,4,1,4
2016551602284,1,1,0,9,0,0,0,0,0,0,3,1,6,1,19,4,-1,-1,-1,-1,-1,-1
2016551602284,2,9,0,18,0,0,0,0,0,0,1,1,2,1,48,8,1596,1,10,9,1,9
2016551602285,1,9,0,18,0,1,0,0,0,0,1,1,2,1,56,9,1389,1,11,7,1,7
2016551602287,1,11,0,2,2,0,0,0,0,0,4,1,1,1,48,8,9000,2,8,6,1,6
2016551602288,1,9,0,18,0,0,0,0,0,0,4,1,6,2,57,9,1598,1,4,8,1,8
2016551602289,1,9,0,9,0,6,0,0,0,0,4,1,6,3,-1,-1,1997,2,4,-1,-1,-1
2016551602294,1,9,0,6,0,2,0,0,0,0,0,1,6,1,74,10,2099,1,13,-1,-1,-1
2016551602294,2,3,0,4,0,2,1,0,0,0,0,1,2,1,33,6,124,1,4,3,1,3
2016551602295,1,9,0,18,0,0,0,0,1,11,1,1,6,1,20,4,1149,1,15,-1,-1,-1
2016551602296,1,9,0,16,0,3,0,0,0,0,1,1,6,1,22,5,1242,1,14,6,1,6
2016551602296,2,9,0,4,0,1,0,0,0,0,1,1,6,1,18,4,1124,1,18,2,1,2
2016551602297,1,9,0,16,0,0,0,0,0,0,1,1,6,2,25,5,1360,1,15,3,1,3
2016551602297,2,9,0,18,0,0,0,0,0,0,1,1,6,2,76,11,1349,1,2,6,1,6
2016551602298,1,9,0,5,0,2,0,0,0,0,1,1,6,2,44,7,1339,1,10,-1,-1,-1
2016551602298,2,9,0,5,0,1,0,0,0,0,0,1,6,2,18,4,-1,-1,-1,-1,-1,-1
2016551602299,1,9,0,5,0,4,0,0,0,0,3,1,3,1,29,6,1389,1,12,5,1,5
2016551602299,2,5,0,18,0,8,0,0,0,0,1,1,2,1,29,6,599,1,9,8,1,8
2016551602300,1,9,0,9,0,6,0,0,0,0,1,1,3,2,44,7,1396,1,21,8,1,8
2016551602300,2,5,0,18,0,8,0,0,0,0,4,1,2,1,54,8,865,1,4,5,1,5
2016551602301,1,9,0,18,0,0,0,0,0,0,3,1,6,3,-1,-1,-1,-1,-1,-1,-1,-1
2016551602303,1,9,0,18,0,1,0,0,0,0,1,1,6,1,19,4,1198,1,6,7,2,7
2016551602303,2,9,0,18,0,1,0,0,0,0,2,1,6,2,55,8,1198,1,1,7,3,7
2016551602303,3,9,0,18,0,1,0,0,0,0,2,1,6,1,27,6,2490,1,19,10,2,10
2016551602304,1,9,0,5,0,2,0,0,0,0,1,1,6,3,-1,-1,1299,1,8,-1,-1,-1
2016551602304,2,11,0,18,0,8,0,0,0,0,3,2,1,2,35,6,6374,2,6,6,1,6
2016551602305,1,1,0,18,0,6,0,0,0,0,1,1,6,1,49,8,-1,-1,-1,-1,-1,-1
2016551602305,2,9,0,18,0,1,0,0,0,0,4,1,6,1,64,9,1796,1,10,5,1,5
2016551602306,1,9,0,18,0,1,0,0,0,0,3,1,6,3,-1,-1,1343,1,21,-1,-1,-1
2016551602306,2,9,0,18,0,1,0,0,0,0,4,1,6,1,21,5,-1,-1,-1,10,1,10
2016551602307,1,9,0,18,0,0,0,0,0,0,1,1,6,2,41,7,2400,2,4,10,1,10
2016551602307,2,9,0,3,0,0,0,0,0,0,2,1,2,1,47,8,1910,2,8,9,1,9
2016551602307,3,9,0,4,0,0,0,0,0,0,2,1,6,1,53,8,1242,1,6,5,2,5
2016551602308,1,9,0,18,0,0,0,0,1,0,3,1,2,1,24,5,1332,1,9,9,3,9
2016551602309,1,9,0,9,0,1,0,0,0,0,4,1,6,3,-1,-1,1896,2,8,-1,-1,-1
2016551602309,2,1,0,18,0,1,0,0,0,0,0,1,6,1,72,10,-1,-1,-1,-1,-1,-1
2016551602310,1,9,0,5,0,8,0,0,0,0,1,1,2,3,-1,-1,1997,2,9,-1,-1,-1
2016551602310,2,3,0,14,0,1,0,0,0,0,1,1,2,1,18,4,125,1,-1,3,1,3
2016551602311,1,9,0,4,0,1,0,0,0,0,1,1,6,2,62,9,1360,1,14,8,1,8
2016551602311,2,9,0,3,0,1,0,0,0,0,2,1,6,1,43,7,1598,1,10,6,1,6
2016551602314,1,9,0,18,0,0,1,0,0,0,1,1,6,1,29,6,1998,1,12,4,1,4
2016551602314,2,2,0,18,0,0,0,0,1,0,2,1,2,1,21,5,49,1,10,4,1,4
2016551602315,1,9,0,9,0,2,0,0,0,0,4,1,6,2,51,8,1197,1,1,6,1,6
2016551602316,1,9,0,5,0,1,0,0,0,0,1,1,6,3,78,11,1242,1,8,-1,-1,-1
2016551602316,2,9,0,3,0,1,0,0,0,0,2,1,6,2,46,8,1997,2,12,-1,-1,-1
2016551602317,1,9,0,9,0,0,0,0,0,0,3,1,1,1,71,10,2148,2,12,4,1,4
2016551602317,2,2,0,14,0,0,0,0,0,0,1,1,6,2,17,4,49,1,1,9,3,9
2016551602317,3,21,1,3,0,0,0,0,0,0,0,1,1,1,58,9,12900,2,8,9,2,9
2016551602321,1,9,0,18,0,0,0,11,0,0,1,1,2,1,51,8,1560,2,3,-1,-1,-1
2016551602321,2,9,0,18,0,0,0,4,0,0,1,1,2,1,30,6,1199,2,3,5,1,5
2016551602321,3,9,0,18,0,0,0,11,0,0,1,1,2,1,45,7,1769,1,13,7,1,7
2016551602322,1,9,0,5,0,6,0,0,0,0,1,1,6,3,-1,-1,1390,2,13,-1,-1,-1
2016551602322,2,1,0,18,0,1,0,0,0,0,3,1,6,2,48,8,-1,-1,-1,-1,-1,-1
2016551602324,1,19,0,18,0,8,1,0,0,0,1,1,1,1,20,4,2494,2,19,2,1,2
2016551602324,2,9,0,12,0,8,0,0,0,0,2,1,6,2,55,8,1390,1,4,10,1,10
2016551602325,1,9,0,7,0,5,0,0,0,0,1,1,1,1,48,8,1598,2,-1,7,3,7
2016551602325,2,1,0,18,4,8,0,0,1,0,1,1,2,1,34,6,-1,-1,-1,-1,-1,-1
2016551602326,1,9,0,16,0,5,0,0,7,0,1,1,2,1,50,8,1242,1,19,-1,-1,-1
2016551602327,1,9,0,5,0,2,0,0,0,0,4,1,6,1,69,10,4367,2,2,9,1,9
2016551602333,1,9,0,18,0,4,0,0,0,0,3,1,6,1,29,6,1560,2,3,9,3,9
2016551602333,2,9,0,17,0,8,0,0,0,0,1,1,6,2,46,8,2143,2,2,10,3,10
2016551602335,1,9,0,4,0,4,0,0,0,0,1,1,2,1,57,9,2148,2,13,2,1,2
2016551602335,2,9,0,4,0,4,0,0,0,0,2,1,6,2,31,6,1396,1,5,9,1,9
2016551602338,1,19,0,18,0,0,0,0,0,0,1,1,1,1,35,6,1598,2,2,6,1,6
2016551602338,2,9,0,4,0,0,0,0,0,0,2,1,6,1,54,8,1364,1,8,2,1,2
2016551602340,1,9,0,18,0,0,0,0,0,0,1,1,6,1,60,9,1998,1,9,-1,-1,-1
2016551602340,2,9,0,3,0,0,0,0,0,0,0,1,6,1,39,7,999,1,3,-1,-1,-1
2016551602341,1,19,0,3,0,1,0,0,0,0,1,1,6,3,-1,-1,1753,2,9,-1,-1,-1
2016551602341,2,3,0,3,0,1,0,0,0,0,2,1,2,1,28,6,125,1,2,8,2,8
2016551602342,1,9,0,4,0,1,0,0,0,0,1,1,1,1,22,5,1560,2,3,6,1,6
2016551602342,2,9,0,3,0,1,0,0,0,0,2,1,6,2,23,5,1598,2,3,7,3,7
2016551602343,1,9,0,14,0,0,0,0,1,0,4,1,6,1,34,6,1588,1,13,7,3,7
2016551602343,2,9,0,5,8,0,0,0,0,0,3,1,6,1,46,8,2996,2,19,7,3,7
2016551602346,1,9,0,7,0,5,0,0,0,0,4,1,6,2,37,7,1199,1,14,3,1,3
2016551602346,2,1,0,18,0,1,0,0,0,0,1,1,6,1,33,6,-1,-1,-1,5,1,5
2016551602347,1,9,0,9,0,8,0,0,0,0,1,1,6,2,52,8,1364,2,1,5,3,5
2016551602348,1,9,0,18,0,3,0,0,0,0,3,1,6,1,27,6,998,1,2,-1,3,-1
2016551602348,2,9,0,18,0,3,0,0,0,0,4,1,6,1,32,6,2568,1,22,9,1,9
2016551602352,1,9,0,16,0,0,0,0,0,0,3,1,6,1,18,4,1299,1,11,-1,-1,-1
2016551602352,2,9,0,17,0,0,0,0,0,0,3,1,6,1,38,7,4172,1,13,-1,-1,-1
2016551602353,1,9,0,17,0,0,0,0,1,4,1,1,6,2,31,6,1587,1,12,5,1,5
2016551602355,1,9,0,5,0,6,0,0,0,0,1,1,6,1,72,10,1968,2,3,8,1,8
2016551602355,2,3,0,15,0,1,0,0,0,0,4,1,2,1,20,4,124,1,1,2,2,2
2016551602359,1,5,0,18,0,0,1,0,0,0,1,1,6,1,23,5,749,1,18,-1,-1,-1
2016551602359,2,9,0,10,0,0,0,0,0,0,1,1,6,1,31,6,1390,1,11,-1,-1,-1
2016551602360,1,9,0,5,0,1,0,0,0,0,1,1,6,1,58,9,2179,2,6,3,1,3
2016551602362,1,9,0,16,0,3,0,0,0,0,0,1,3,1,54,8,1998,1,17,-1,-1,-1
2016551602362,2,9,0,2,0,2,0,0,1,0,2,1,6,3,-1,-1,1349,1,16,-1,-1,-1
2016551602362,3,9,0,2,0,2,0,0,0,0,2,1,6,3,-1,-1,1398,1,-1,-1,-1,-1
2016551602362,4,9,0,2,0,2,0,0,0,0,2,1,6,3,-1,-1,1995,2,6,-1,-1,-1
2016551602363,1,9,0,17,0,0,0,10,2,7,4,1,6,2,24,5,1199,1,17,7,1,7
2016551602364,1,9,0,18,0,4,0,0,0,0,0,1,6,3,-1,-1,1997,2,2,-1,-1,-1
2016551602364,2,9,0,18,0,8,0,0,0,0,3,1,6,1,22,5,1794,1,10,-1,-1,-1
2016551602366,1,9,0,3,0,2,0,0,0,0,2,1,6,2,60,9,1984,1,8,-1,-1,-1
2016551602366,2,9,0,18,0,2,1,0,0,0,1,1,6,1,34,6,1198,1,10,10,1,10
2016551602368,1,9,0,18,0,0,0,0,0,0,0,1,6,3,-1,-1,-1,-1,-1,-1,-1,-1
2016551602368,2,3,0,18,0,0,0,0,1,0,0,1,2,1,31,6,124,1,-1,7,1,7
2016551602370,1,9,0,5,0,4,0,0,0,0,1,1,6,2,66,10,1360,1,12,6,1,6
2016551602370,2,1,0,5,0,4,1,0,0,0,1,1,4,1,18,4,-1,-1,-1,-1,-1,-1
2016551602375,1,21,1,4,0,0,1,0,0,0,1,1,1,1,42,7,12740,2,7,2,1,2
2016551602375,2,9,0,4,0,0,0,0,0,0,3,1,6,2,63,9,1398,1,1,6,3,6
2016551602375,3,9,0,4,0,0,0,0,0,0,2,1,6,2,41,7,2179,2,4,3,1,3
2016551602375,4,9,0,4,0,0,0,0,0,0,0,1,6,3,-1,-1,1560,2,2,-1,-1,-1
2016551602375,5,9,0,4,0,0,0,0,0,0,0,1,6,3,-1,-1,1969,2,-1,-1,-1,-1
2016551602375,6,9,0,4,0,0,0,0,0,0,3,1,6,2,34,6,1591,1,1,6,3,6
2016551602375,7,9,0,4,0,0,0,0,0,0,3,1,6,1,22,5,1199,1,12,10,1,10
2016551602375,8,9,0,4,0,0,0,0,0,0,3,1,6,2,37,7,2179,2,4,-1,-1,-1
2016551602375,9,19,0,4,0,0,0,0,0,0,2,1,1,1,57,9,1560,2,3,7,1,7
2016551602376,1,9,0,18,0,1,0,0,7,0,4,1,6,1,39,7,1999,1,9,8,1,8
2016551602376,2,9,0,10,0,1,0,0,0,0,1,1,6,1,58,9,2993,2,7,5,3,5
2016551602377,1,9,0,13,0,0,0,0,0,0,1,1,6,1,44,7,2616,1,9,2,1,2
2016551602377,2,9,0,18,0,0,0,0,0,0,1,1,1,2,46,8,1596,1,15,-1,-1,-1
2016551602378,1,98,1,9,0,5,0,0,0,0,4,2,1,1,43,7,-1,-1,-1,-1,-1,-1
2016551602378,2,5,0,18,0,1,1,0,0,0,4,1,2,1,21,5,600,1,2,9,1,9
2016551602379,1,9,0,18,0,4,0,0,0,0,1,1,1,2,30,6,1388,1,11,5,1,5
2016551602379,2,1,0,18,0,6,0,0,0,0,1,1,1,2,33,6,-1,-1,-1,-1,-1,-1
2016551602380,1,9,0,18,0,1,0,0,0,0,1,1,6,3,-1,-1,-1,-1,-1,-1,-1,-1
2016551602383,1,9,0,3,0,3,0,0,0,0,3,1,6,1,39,7,1910,2,9,3,1,3
2016551602383,2,9,0,18,0,3,0,0,0,0,4,1,6,3,-1,-1,-1,-1,-1,-1,-1,-1
2016551602387,1,9,0,18,0,8,0,0,0,0,1,1,6,2,17,4,1242,1,9,5,1,5
2016551602387,2,9,0,9,0,5,0,0,0,0,1,1,6,2,48,8,1396,1,16,10,1,10
2016551602388,1,9,0,5,0,4,0,0,0,0,1,1,6,3,-1,-1,1595,1,8,-1,-1,-1
2016551602388,2,1,0,18,0,4,0,0,0,0,0,1,6,1,34,6,-1,-1,-1,-1,-1,-1
2016551602390,1,9,0,18,0,0,0,0,0,0,2,1,6,2,19,4,1422,2,8,6,1,6
2016551602390,2,9,0,18,0,0,0,0,0,0,1,1,6,2,31,6,1197,1,1,9,1,9
2016551602390,3,19,0,18,0,0,0,0,0,0,3,1,6,1,33,6,1598,2,1,7,1,7
2016551602391,1,9,0,18,0,0,0,0,0,0,1,1,6,1,23,5,1149,1,12,7,1,7
2016551602391,2,9,0,18,0,0,0,0,0,0,1,1,6,1,83,11,1395,1,1,8,3,8
2016551602392,1,9,0,18,0,6,2,0,3,11,4,1,6,1,21,5,1598,1,18,-1,-1,-1
2016551602392,2,9,0,18,0,8,0,0,0,0,1,1,6,1,34,6,1896,2,11,-1,-1,-1
2016551602393,1,21,1,2,0,0,0,0,0,0,0,1,1,1,62,9,-1,-1,-1,-1,-1,-1
2016551602393,2,9,0,14,0,0,0,0,0,0,1,1,2,1,64,9,1589,1,19,-1,-1,-1
2016551602394,1,9,0,18,0,0,0,0,0,0,4,1,6,1,-1,-1,-1,-1,-1,-1,-1,-1
2016551602396,1,9,0,9,0,8,0,0,0,0,1,1,6,1,50,8,1560,2,-1,7,1,7
2016551602396,2,9,0,18,0,8,0,0,4,1,1,1,6,1,40,7,1197,1,-1,3,1,3
2016551602397,1,9,0,16,0,0,5,0,0,0,3,1,6,1,17,4,1149,1,14,6,1,6
2016551602399,1,9,0,18,0,1,0,0,0,0,4,1,6,3,-1,-1,2969,2,12,-1,-1,-1
2016551602399,2,9,0,5,0,1,0,0,0,0,1,1,6,1,80,11,1600,1,12,9,1,9
2016551602401,1,2,0,4,0,0,0,0,0,0,1,1,6,1,22,5,49,1,-1,-1,-1,-1
2016551602402,1,9,0,5,0,3,0,0,0,0,1,1,6,2,29,6,1229,1,11,10,1,10
2016551602402,2,9,0,5,0,3,0,0,0,0,2,1,6,2,32,6,1461,2,2,8,1,8
2016551602403,1,4,0,18,0,0,1,0,0,0,0,1,6,1,37,7,899,1,21,5,3,5
2016551602404,1,9,0,4,0,0,0,0,0,0,1,1,6,2,18,4,999,1,-1,5,2,5
2016551602404,2,9,0,4,0,0,0,0,0,0,2,1,6,2,59,9,1988,2,12,6,3,6
2016551602405,1,9,0,18,0,0,0,0,0,0,3,1,6,1,64,9,1596,1,11,2,2,2
2016551602405,2,9,0,18,0,0,0,0,0,0,1,1,6,2,66,10,-1,-1,-1,5,2,5
2016551602406,1,9,0,17,0,0,0,0,1,0,1,1,6,1,27,6,1997,2,11,6,3,6
2016551602409,1,9,0,9,0,1,0,0,0,0,1,1,6,2,21,5,999,1,-1,1,1,1
2016551602409,2,3,0,18,0,8,0,0,1,0,1,1,6,1,16,4,-1,-1,-1,4,1,4
2016551602410,1,9,0,9,0,6,0,0,0,0,1,1,6,2,76,11,1973,1,17,10,1,10
2016551602410,2,3,0,18,0,1,0,0,0,0,1,1,2,1,41,7,125,1,2,6,1,6
2016551602411,1,5,0,16,0,0,0,10,0,0,3,1,6,2,26,6,645,1,1,6,1,6
2016551602412,1,9,0,18,0,1,0,0,0,0,4,1,2,2,55,8,1149,1,6,4,2,4
2016551602412,2,20,0,18,0,1,0,0,0,0,1,1,1,1,62,9,5880,2,10,10,1,10
2016551602413,1,9,0,5,0,6,0,0,0,0,3,1,6,2,39,7,2171,1,15,8,1,8
2016551602413,2,2,0,13,0,1,0,0,0,0,1,1,6,1,67,10,176,1,17,-1,-1,-1
2016551602414,1,9,0,18,0,4,0,0,0,0,1,1,6,3,-1,-1,1596,1,2,-1,-1,-1
2016551602414,2,1,0,18,0,4,0,0,0,0,3,1,6,1,45,7,-1,-1,-1,7,1,7
2016551602415,1,9,0,9,0,8,0,0,0,0,1,1,6,2,39,7,1996,1,15,7,1,7
2016551602415,2,9,0,18,0,8,2,0,2,10,3,1,6,2,37,7,1299,1,11,7,3,7
2016551602416,1,9,0,9,0,1,0,0,0,0,1,1,2,2,42,7,1968,2,9,1,1,1
2016551602416,2,1,0,18,0,1,0,0,0,0,3,1,6,2,43,7,-1,-1,-1,8,1,8
2016551602417,1,4,0,9,0,8,1,0,0,0,1,1,1,1,23,5,124,1,1,8,1,8
2016551602417,2,9,0,7,0,8,0,0,1,0,1,1,2,1,50,8,1968,2,4,5,1,5
2016551602418,1,9,0,18,0,8,0,0,0,0,1,1,6,1,60,9,1999,2,-1,5,1,5
2016551602418,2,9,0,9,0,8,0,0,0,0,4,1,6,1,61,9,1461,2,2,9,1,9
2016551602421,1,9,0,9,0,1,0,0,0,0,0,1,2,3,-1,-1,1598,1,-1,-1,-1,-1
2016551602423,1,20,0,18,0,1,0,0,0,0,1,1,2,1,46,8,-1,-1,-1,5,1,5
2016551602423,2,9,0,10,0,1,0,0,0,0,1,1,2,2,34,6,1990,1,19,3,2,3
2016551602424,1,9,0,4,0,1,0,0,7,11,1,1,6,1,77,11,1587,1,10,8,1,8
2016551602426,1,9,0,17,0,8,1,0,1,9,1,1,6,1,22,5,1896,2,12,9,1,9
2016551602427,1,2,0,5,9,6,0,0,0,0,1,1,6,3,-1,-1,-1,-1,-1,-1,-1,-1
2016551602430,1,9,0,5,0,8,0,0,0,0,0,1,6,1,50,8,-1,-1,-1,-1,-1,-1
2016551602431,1,9,0,17,0,2,0,0,0,0,1,1,6,1,67,10,2397,1,17,6,1,6
2016551602432,1,9,0,18,0,0,0,0,0,0,3,1,6,1,29,6,1199,1,16,7,1,7
2016551602432,2,9,0,18,0,0,0,0,0,0,3,1,6,2,60,9,2500,1,20,7,1,7
2016551602434,1,9,0,5,0,0,0,0,0,0,4,1,6,2,17,4,1229,1,2,10,1,10
2016551602435,1,11,0,18,0,8,0,11,0,0,4,1,1,3,-1,-1,7300,2,4,-1,-1,-1
2016551602438,1,9,0,1,9,1,0,0,0,0,4,1,6,1,46,8,1999,1,9,-1,-1,-1
2016551602441,1,9,0,9,0,1,0,0,0,0,4,1,6,1,17,4,1124,1,11,7,2,7
2016551602441,2,9,0,5,0,1,0,0,0,0,1,1,6,3,-1,-1,1753,2,12,-1,-1,-1
2016551602442,1,19,0,18,0,1,0,0,0,0,1,1,1,1,65,9,2143,2,2,7,1,7
2016551602442,2,1,0,4,9,1,0,0,0,0,1,1,6,1,13,3,-1,-1,-1,-1,-1,-1
2016551602444,1,9,0,18,0,0,1,4,1,11,1,1,6,1,23,5,4163,1,8,8,1,8
2016551602444,2,9,0,18,0,0,0,0,1,3,2,1,6,1,19,4,1598,1,17,5,2,5
2016551602444,3,9,0,2,0,0,0,0,0,0,2,1,6,3,-1,-1,999,1,1,-1,-1,-1
2016551602444,4,9,0,2,0,0,0,0,0,0,2,1,6,3,-1,-1,1396,1,11,-1,-1,-1
2016551602446,1,9,0,9,0,8,0,0,0,0,1,1,6,1,53,8,1998,2,9,10,1,10
2016551602446,2,9,0,18,0,8,0,0,1,1,2,1,6,1,32,6,1910,2,12,3,2,3
2016551602448,1,9,0,10,0,1,0,0,0,0,1,1,1,2,56,9,1124,1,16,6,1,6
2016551602448,2,1,0,18,0,1,0,0,0,0,1,1,6,1,33,6,-1,-1,-1,-1,-1,-1
2016551602453,1,9,0,18,0,0,0,0,0,0,1,1,6,3,-1,-1,-1,-1,-1,-1,-1,-1
2016551602453,2,1,0,18,0,0,0,0,0,0,1,1,6,1,17,4,-1,-1,-1,-1,-1,-1
2016551602454,1,9,0,4,0,1,0,0,0,0,2,1,6,2,22,5,1598,1,10,8,1,8
2016551602454,2,9,0,5,0,1,0,0,0,0,1,1,2,2,26,6,1461,2,-1,9,1,9
2016551602456,1,9,0,18,0,1,0,0,0,0,1,1,6,2,44,7,1970,1,16,4,1,4
2016551602456,2,9,0,5,0,8,0,0,0,0,1,1,6,1,47,8,2987,2,-1,8,1,8
2016551602458,1,9,0,5,0,4,0,0,0,0,4,1,2,1,72,10,1390,1,6,8,1,8
2016551602458,2,9,0,18,0,4,0,0,0,0,1,2,6,1,18,4,1198,1,9,10,1,10
2016551602458,3,9,0,5,0,8,0,0,0,0,4,1,2,2,-1,-1,1399,2,11,4,1,4
2016551602460,1,9,0,3,0,4,0,0,0,0,1,1,6,1,71,10,1598,1,12,7,1,7
2016551602460,2,9,0,5,0,4,0,0,0,0,2,1,6,1,59,9,1149,1,5,10,1,10
2016551602464,1,19,0,18,0,4,0,0,0,0,3,1,2,1,43,7,2198,2,8,7,1,7
2016551602464,2,5,0,18,0,4,0,0,0,0,1,1,2,1,23,5,806,1,3,9,2,9
2016551602465,1,9,0,18,0,0,0,0,0,0,4,1,6,3,-1,-1,-1,-1,-1,-1,-1,-1
2016551602467,1,8,0,4,0,1,0,0,0,0,4,1,1,1,66,10,1598,2,5,6,1,6
2016551602467,2,1,0,18,0,1,0,0,0,0,4,1,6,1,30,6,-1,-1,-1,-1,-1,-1
2016551602468,1,9,0,18,0,0,0,0,1,10,4,1,2,1,57,9,1753,2,15,8,1,8
2016551602469,1,9,0,12,0,0,0,0,0,0,4,2,6,2,60,9,1597,2,1,6,3,6
2016551602469,2,9,0,3,0,0,0,0,0,0,3,1,6,1,19,4,1229,1,4,4,2,4
2016551602469,3,9,0,3,0,0,0,0,0,0,2,1,2,1,18,4,1388,1,13,7,2,7
2016551602470,1,9,0,7,0,6,0,0,0,0,1,1,2,1,59,9,1984,1,2,6,1,6
2016551602471,1,9,0,9,0,8,0,0,0,0,1,1,6,2,74,10,998,1,7,10,2,10
2016551602471,2,9,0,18,0,8,0,0,0,0,3,1,2,2,33,6,3246,1,11,10,1,10
2016551602472,1,9,0,18,0,8,0,0,3,0,1,1,6,1,10,2,1598,1,3,-1,-1,-1
2016551602472,2,9,0,18,0,1,0,0,0,0,3,1,6,3,-1,-1,2922,1,12,-1,-1,-1
2016551602472,3,9,0,2,9,1,0,0,0,0,1,1,6,3,-1,-1,2922,1,12,-1,-1,-1
2016551602473,1,9,0,13,0,0,2,0,0,0,1,1,6,1,28,6,-1,-1,-1,6,1,6
2016551602473,2,19,0,18,0,0,2,0,2,11,2,1,1,1,49,8,2402,2,4,-1,-1,-1
2016551602474,1,9,0,7,5,0,0,0,0,0,1,1,2,2,25,5,1242,1,20,3,1,3
2016551602474,2,1,0,18,5,0,0,0,0,0,1,1,2,2,35,6,-1,-1,-1,-1,-1,-1
2016551602475,1,9,0,18,0,0,0,0,0,0,1,1,6,2,38,7,1968,2,10,7,1,7
2016551602475,2,9,0,18,0,0,0,0,0,0,2,1,6,2,58,9,1798,1,10,3,1,3
2016551602475,3,9,0,18,0,0,0,0,0,0,2,1,6,2,31,6,1598,1,11,5,1,5
2016551602475,4,9,0,18,0,0,0,0,0,0,2,1,6,2,53,8,1596,1,11,3,1,3
2016551602476,1,1,0,18,0,0,0,10,0,0,3,1,4,1,16,4,-1,-1,-1,-1,-1,-1
2016551602476,2,19,0,18,0,0,0,0,0,0,4,1,6,3,-1,-1,-1,-1,-1,-1,-1,-1
2016551602477,1,1,0,5,0,8,0,0,0,0,1,1,6,1,71,10,-1,-1,-1,3,1,3
2016551602477,2,9,0,5,0,1,0,0,0,0,1,1,6,1,84,11,1339,1,2,7,1,7
2016551602482,1,9,0,18,0,1,0,0,0,0,1,1,1,1,21,5,1229,1,10,4,1,4
2016551602482,2,1,0,9,0,8,0,0,0,0,4,1,6,1,21,5,-1,-1,-1,-1,-1,-1
2016551602484,1,90,0,18,0,0,0,0,0,0,1,1,2,1,46,8,-1,-1,-1,8,1,8
2016551602484,2,9,0,2,0,0,0,0,0,0,2,1,6,1,33,6,1560,2,7,3,1,3
2016551602485,1,9,0,9,0,8,0,0,0,0,1,1,2,1,36,7,1461,2,4,6,1,6
2016551602485,2,1,0,18,0,8,0,0,0,0,1,1,2,1,48,8,-1,-1,-1,-1,-1,-1
2016551602486,1,9,0,18,0,4,1,9,6,2,1,1,6,3,-1,-1,1560,2,8,-1,-1,-1
2016551602487,1,9,0,17,0,0,2,0,0,0,1,1,2,1,18,4,1360,1,16,6,3,6
2016551602487,2,19,0,18,0,0,0,0,0,0,0,1,6,3,-1,-1,-1,-1,-1,-1,-1,-1
2016551602488,1,19,0,5,0,4,0,0,0,0,3,1,2,1,47,8,2287,2,2,5,1,5