Accident_Index,Vehicle_Reference,Vehicle_Type,Towing_and_Articulation,Vehicle_Manoeuvre,Vehicle_Location-Restricted_Lane,Junction_Location,Skidding_and_Overturning,Hit_Object_in_Carriageway,Vehicle_Leaving_Carriageway,Hit_Object_off_Carriageway,1st_Point_of_Impact,Was_Vehicle_Left_Hand_Drive?,Journey_Purpose_of_Driver,Sex_of_Driver,Age_of_Driver,Age_Band_of_Driver,Engine_Capacity_(CC),Propulsion_Code,Age_of_Vehicle,Driver_IMD_Decile,Driver_Home_Area_Type,Vehicle_IMD_Decile
201660U035312,1,9,0,18,0,0,0,0,0,0,1,1,6,1,19,4,-1,-1,-1,-1,-1,-1
201660U035312,2,9,0,18,0,0,0,0,0,0,1,1,6,2,31,6,-1,-1,-1,-1,-1,-1
201660U035798,1,9,0,9,0,1,0,0,0,0,0,1,6,2,31,6,-1,-1,-1,-1,-1,-1
201660U035798,2,2,0,18,0,1,2,0,0,0,0,1,6,1,24,5,-1,-1,-1,-1,-1,-1
201660U035919,1,4,0,13,0,1,0,0,0,0,1,1,6,1,32,6,-1,-1,-1,-1,-1,-1
201660U035919,2,9,0,9,0,1,0,0,0,0,3,1,6,1,84,11,-1,-1,-1,-1,-1,-1
201660U035986,1,9,0,18,0,0,1,0,1,11,1,1,6,1,33,6,-1,-1,-1,-1,-1,-1
201660U036143,1,9,0,5,0,0,0,0,0,0,0,1,1,2,48,8,-1,-1,-1,-1,-1,-1
201660U036434,1,5,0,17,0,0,1,0,1,0,1,1,6,1,51,8,-1,-1,-1,-1,-1,-1
201660U036434,2,5,0,17,0,0,0,0,0,0,1,1,6,2,26,6,-1,-1,-1,-1,-1,-1
201660U036481,1,9,0,5,0,2,0,0,0,0,3,1,6,2,22,5,-1,-1,-1,-1,-1,-1
201660U036481,2,9,0,18,0,1,0,0,0,0,1,1,6,1,43,7,-1,-1,-1,-1,-1,-1
201660U036708,1,9,0,1,9,5,0,0,0,0,1,1,6,1,36,7,-1,-1,-1,-1,-1,-1
201660U036788,1,3,0,18,0,2,0,0,0,0,1,1,4,1,18,4,-1,-1,-1,-1,-1,-1
201660U036788,2,11,0,3,0,2,0,0,0,0,2,1,1,1,49,8,-1,-1,-1,-1,-1,-1
201660U036790,1,9,0,9,0,2,0,0,0,0,1,1,6,1,77,11,-1,-1,-1,-1,-1,-1
201660U036790,2,3,0,18,0,8,0,0,0,0,4,1,2,1,31,6,-1,-1,-1,-1,-1,-1
201660U037035,1,9,0,5,0,8,0,0,0,0,1,1,6,1,32,6,-1,-1,-1,-1,-1,-1
201660U037035,2,1,0,18,0,8,0,0,0,0,2,1,6,1,63,9,-1,-1,-1,-1,-1,-1
201660U037577,1,9,0,18,0,0,0,0,0,0,1,1,6,3,-1,-1,-1,-1,-1,-1,-1,-1
201660U037577,2,1,0,18,0,0,0,0,0,0,2,1,6,1,13,3,-1,-1,-1,-1,-1,-1
201660U037724,1,9,0,17,0,0,0,0,1,4,1,1,2,1,31,6,-1,-1,-1,-1,-1,-1
201660U037846,1,21,1,18,0,1,0,0,0,0,1,1,1,1,37,7,-1,-1,-1,-1,-1,-1
201660U037846,2,9,0,4,0,1,0,0,0,0,2,1,6,2,56,9,-1,-1,-1,-1,-1,-1
201660U038019,1,9,0,18,0,0,0,0,0,0,1,1,6,2,20,4,-1,-1,-1,-1,-1,-1
201660U038019,2,9,0,4,0,0,0,0,0,0,2,1,6,1,78,11,-1,-1,-1,-1,-1,-1
201660U038019,3,9,0,10,0,0,0,0,0,0,2,1,6,2,53,8,-1,-1,-1,-1,-1,-1
201660U038021,1,9,0,18,0,0,0,0,0,0,1,1,3,2,29,6,-1,-1,-1,-1,-1,-1
201660U038125,1,9,0,5,0,2,0,0,0,0,1,1,6,1,53,8,-1,-1,-1,-1,-1,-1
201660U038125,2,4,0,3,0,2,0,0,0,0,2,1,6,1,21,5,-1,-1,-1,-1,-1,-1
201660U038126,1,19,0,18,0,0,0,0,0,0,1,1,6,1,68,10,-1,-1,-1,-1,-1,-1
201660U038126,2,9,0,18,0,0,0,0,0,0,1,1,6,1,47,8,-1,-1,-1,-1,-1,-1
201660U038281,1,9,0,18,0,0,0,0,7,9,1,1,6,1,23,5,-1,-1,-1,-1,-1,-1
201660U038565,1,9,0,18,0,0,0,0,0,0,1,1,6,2,-1,-1,-1,-1,-1,-1,-1,-1
201660U038565,2,9,0,2,0,0,0,0,0,0,2,1,3,2,39,7,-1,-1,-1,-1,-1,-1
201660U038602,1,9,0,16,0,1,0,0,0,0,1,1,2,1,32,6,-1,-1,-1,-1,-1,-1
201660U038602,2,9,0,10,0,1,0,0,0,0,2,1,6,1,67,10,-1,-1,-1,-1,-1,-1
201660U038602,3,9,0,17,0,1,0,0,0,0,1,2,6,2,34,6,-1,-1,-1,-1,-1,-1
201660U039303,1,9,0,9,0,5,0,0,0,0,1,1,2,1,51,8,-1,-1,-1,-1,-1,-1
201660U039303,2,4,0,18,0,1,1,0,1,0,1,1,2,1,30,6,-1,-1,-1,-1,-1,-1
201660U040051,1,9,0,18,0,1,0,0,0,0,1,1,6,1,21,5,-1,-1,-1,-1,-1,-1
201660U040051,2,4,0,3,0,1,0,0,0,0,2,1,6,1,56,9,-1,-1,-1,-1,-1,-1
201660U040737,1,9,0,9,0,8,0,0,0,0,3,1,6,2,80,11,-1,-1,-1,-1,-1,-1
201660U040737,2,9,0,18,0,1,0,0,0,0,1,1,6,2,35,6,-1,-1,-1,-1,-1,-1
201660U041242,1,9,0,9,0,8,0,0,0,0,3,1,6,1,18,4,-1,-1,-1,-1,-1,-1
201660U041242,2,3,0,18,0,1,0,0,0,0,1,1,6,1,17,4,-1,-1,-1,-1,-1,-1
201660U041728,1,9,0,18,0,1,0,0,2,3,1,1,2,1,28,6,-1,-1,-1,-1,-1,-1
201660U041728,2,20,0,18,0,1,0,7,1,3,1,1,1,1,36,7,-1,-1,-1,-1,-1,-1
201660U041895,1,9,0,18,0,0,2,0,1,10,1,1,6,1,18,4,-1,-1,-1,-1,-1,-1
201660U042185,1,9,0,16,0,0,5,0,1,10,1,1,6,1,18,4,-1,-1,-1,-1,-1,-1
201660U042372,1,9,0,6,0,8,0,0,0,0,3,1,6,2,47,8,-1,-1,-1,-1,-1,-1
201660U042372,2,3,0,18,0,1,0,0,0,0,1,1,6,1,23,5,-1,-1,-1,-1,-1,-1
201660U042671,1,9,0,5,0,0,0,0,0,0,4,1,6,1,69,10,-1,-1,-1,-1,-1,-1
201660U042722,1,9,0,17,0,0,1,0,0,0,1,1,6,1,19,4,-1,-1,-1,-1,-1,-1
201660U042722,2,9,0,17,0,0,0,0,0,0,1,1,6,2,44,7,-1,-1,-1,-1,-1,-1
201660U042722,3,9,0,18,0,0,0,0,0,0,0,1,1,1,30,6,-1,-1,-1,-1,-1,-1
201660U042756,1,9,0,13,0,0,0,0,0,0,0,1,6,1,-1,-1,-1,-1,-1,-1,-1,-1
201660U042756,2,97,0,18,0,0,0,0,1,0,0,1,6,1,18,4,-1,-1,-1,-1,-1,-1
201660U042793,1,11,0,2,0,1,0,0,0,0,0,1,1,1,52,8,-1,-1,-1,-1,-1,-1
201660U042845,1,1,0,18,0,6,0,0,0,0,1,1,6,1,41,7,-1,-1,-1,-1,-1,-1
201660U042845,2,9,0,16,0,1,0,0,0,0,1,1,6,1,20,4,-1,-1,-1,-1,-1,-1
201660U043224,1,9,0,18,0,2,0,0,0,0,1,1,6,2,23,5,-1,-1,-1,-1,-1,-1
201660U043224,2,9,0,18,0,1,0,0,0,0,1,1,6,1,36,7,-1,-1,-1,-1,-1,-1
201660U043224,3,9,0,2,0,2,0,0,0,0,1,1,6,1,39,7,-1,-1,-1,-1,-1,-1
201660U043248,1,9,0,18,0,4,0,0,0,0,1,1,6,1,27,6,-1,-1,-1,-1,-1,-1
201660U043248,2,5,0,9,0,4,0,0,0,0,4,1,6,1,66,10,-1,-1,-1,-1,-1,-1
201660U043439,1,9,0,18,0,0,2,0,7,0,1,1,6,2,17,4,-1,-1,-1,-1,-1,-1
201660U043741,1,5,0,16,0,1,1,0,0,0,1,1,6,1,61,9,-1,-1,-1,-1,-1,-1
201660U043833,1,9,0,9,0,8,0,0,0,0,1,1,6,2,44,7,-1,-1,-1,-1,-1,-1
201660U043833,2,1,0,18,0,1,0,0,0,0,1,1,6,1,42,7,-1,-1,-1,-1,-1,-1
201660U043979,1,9,0,18,0,0,0,0,1,2,1,1,6,1,31,6,-1,-1,-1,-1,-1,-1
201660U044395,1,9,0,18,0,4,0,0,3,1,1,1,6,1,77,11,-1,-1,-1,-1,-1,-1
201660U044588,1,9,0,17,0,0,1,0,1,9,1,1,6,1,21,5,-1,-1,-1,-1,-1,-1
201660U044642,1,9,0,7,0,6,0,0,1,0,1,1,2,2,39,7,-1,-1,-1,-1,-1,-1
201660U044642,2,1,0,18,0,2,0,0,0,0,2,1,6,1,50,8,-1,-1,-1,-1,-1,-1
201660U044644,1,9,0,13,0,0,0,0,0,0,1,1,6,1,24,5,-1,-1,-1,-1,-1,-1
201660U044644,2,9,0,18,0,0,0,0,0,0,1,1,6,1,45,7,-1,-1,-1,-1,-1,-1
201660U044705,1,9,0,17,0,1,2,10,7,11,1,1,1,1,19,4,-1,-1,-1,-1,-1,-1
201660U044814,1,9,0,18,0,1,0,0,0,0,1,1,6,1,-1,-1,-1,-1,-1,-1,-1,-1
201660U044814,2,9,0,3,0,1,0,0,0,0,2,1,6,1,55,8,-1,-1,-1,-1,-1,-1
201660U044829,1,9,0,18,0,0,2,0,5,6,1,1,1,2,37,7,-1,-1,-1,-1,-1,-1
201660U044829,2,9,0,18,0,0,0,0,0,0,2,1,6,1,58,9,-1,-1,-1,-1,-1,-1
201660U044861,1,9,0,16,0,8,0,0,0,0,2,1,6,2,42,7,-1,-1,-1,-1,-1,-1
201660U044861,2,9,0,16,0,8,0,0,0,0,1,1,6,3,-1,-1,-1,-1,-1,-1,-1,-1
201660U044868,1,98,0,3,0,0,0,0,0,0,1,1,1,1,-1,-1,-1,-1,-1,-1,-1,-1
201660U044868,2,98,0,3,0,0,0,0,0,0,2,1,6,1,40,7,-1,-1,-1,-1,-1,-1
201660U045468,1,9,0,4,0,0,0,0,0,0,1,1,6,2,20,4,-1,-1,-1,-1,-1,-1
201660U045468,2,9,0,4,0,0,0,0,0,0,2,1,6,2,25,5,-1,-1,-1,-1,-1,-1
201660U045468,3,9,0,3,0,0,0,0,0,0,2,1,6,1,50,8,-1,-1,-1,-1,-1,-1
201660U046012,1,5,0,17,0,0,0,0,0,0,4,1,6,1,28,6,-1,-1,-1,-1,-1,-1
201660U046650,1,9,0,18,0,1,0,0,0,0,3,1,6,1,85,11,-1,-1,-1,-1,-1,-1
201660U046650,2,9,0,18,0,1,0,0,0,0,1,1,6,1,36,7,-1,-1,-1,-1,-1,-1
201660U046699,1,9,0,4,0,0,0,0,0,0,1,1,6,1,22,5,-1,-1,-1,-1,-1,-1
201660U046699,2,9,0,4,0,0,0,0,0,0,2,1,6,1,45,7,-1,-1,-1,-1,-1,-1
201660U046699,3,9,0,3,0,0,0,0,0,0,0,1,1,2,27,6,-1,-1,-1,-1,-1,-1
201660U046937,1,9,0,17,0,0,2,0,2,10,3,1,6,2,52,8,-1,-1,-1,-1,-1,-1
201660U046937,2,9,0,18,0,0,0,0,0,0,3,1,6,1,67,10,-1,-1,-1,-1,-1,-1
201660U047390,1,9,0,4,0,2,0,0,3,11,1,1,6,2,48,8,-1,-1,-1,-1,-1,-1
201660U047453,1,5,0,17,0,0,2,0,1,11,3,1,6,1,54,8,-1,-1,-1,-1,-1,-1
201660U047453,2,5,0,17,0,0,0,0,0,0,0,1,6,1,67,10,-1,-1,-1,-1,-1,-1
201660U047567,1,5,0,16,0,0,1,0,0,0,1,1,6,1,24,5,-1,-1,-1,-1,-1,-1
201660U047843,1,9,0,13,0,0,0,0,0,0,0,1,6,3,-1,-1,-1,-1,-1,-1,-1,-1
201660U047843,2,3,0,18,0,0,1,0,1,2,4,1,6,1,25,5,-1,-1,-1,-1,-1,-1
201660U048001,1,9,0,18,0,1,0,0,0,0,3,1,6,3,-1,-1,-1,-1,-1,-1,-1,-1
201660U048001,2,9,0,2,0,1,0,0,0,0,0,1,6,1,67,10,-1,-1,-1,-1,-1,-1
201660U048127,1,9,0,4,0,1,0,0,0,0,1,1,6,3,-1,-1,-1,-1,-1,-1,-1,-1
201660U048127,2,9,0,3,0,1,0,0,0,0,2,1,6,1,34,6,-1,-1,-1,-1,-1,-1
201660U048207,1,9,0,18,0,0,0,0,0,0,3,1,6,3,-1,-1,-1,-1,-1,-1,-1,-1
201660U048417,1,9,0,17,0,0,0,0,0,0,4,1,6,1,61,9,-1,-1,-1,-1,-1,-1
201660U048417,2,19,0,17,0,0,0,0,0,0,1,1,6,1,31,6,-1,-1,-1,-1,-1,-1
201660U048417,3,1,0,17,0,0,0,0,0,0,3,1,6,1,70,10,-1,-1,-1,-1,-1,-1
201660U048649,1,9,0,7,0,2,0,0,0,0,0,1,6,3,-1,-1,-1,-1,-1,-1,-1,-1
201660U048649,2,11,0,18,0,2,0,0,0,0,0,1,1,1,57,9,-1,-1,-1,-1,-1,-1
201660U048670,1,9,0,4,0,1,0,0,0,0,1,1,6,1,19,4,-1,-1,-1,-1,-1,-1
201660U048670,2,9,0,4,0,1,0,0,0,0,2,1,6,1,52,8,-1,-1,-1,-1,-1,-1
201660U049099,1,9,0,18,0,0,0,0,0,0,1,1,6,1,30,6,-1,-1,-1,-1,-1,-1
201660U049099,2,9,0,4,0,0,0,0,0,0,0,1,6,2,37,7,-1,-1,-1,-1,-1,-1
201660U049099,3,9,0,4,0,0,0,0,0,0,2,1,6,1,31,6,-1,-1,-1,-1,-1,-1
201660U049148,1,9,0,5,0,1,0,0,7,11,1,1,6,1,90,11,-1,-1,-1,-1,-1,-1
201660U049514,1,3,0,18,0,0,0,0,0,0,3,1,6,1,58,9,-1,-1,-1,-1,-1,-1
201660U049514,2,9,0,18,0,0,0,0,0,0,3,1,1,1,52,8,-1,-1,-1,-1,-1,-1
201660U050601,1,21,0,18,0,0,0,0,0,0,1,1,1,1,43,7,-1,-1,-1,-1,-1,-1
201660U050601,2,21,0,18,0,0,0,0,0,0,2,1,1,1,57,9,-1,-1,-1,-1,-1,-1
201660U050633,1,9,0,7,0,1,0,0,0,0,2,1,6,2,23,5,-1,-1,-1,-1,-1,-1
201660U050633,2,9,0,18,0,1,0,0,0,0,1,1,6,3,-1,-1,-1,-1,-1,-1,-1,-1
201660U051163,1,9,0,17,0,0,1,0,1,7,4,1,2,1,46,8,-1,-1,-1,-1,-1,-1
201660U051318,1,9,0,17,0,0,0,0,0,0,0,1,6,3,-1,-1,-1,-1,-1,-1,-1,-1
201660U051318,2,5,0,16,0,0,2,0,1,0,4,1,6,1,32,6,-1,-1,-1,-1,-1,-1
201660U051327,1,9,0,12,0,7,0,0,0,0,1,1,6,2,71,10,-1,-1,-1,-1,-1,-1
201660U051327,2,9,0,12,0,7,0,0,0,0,2,1,6,2,43,7,-1,-1,-1,-1,-1,-1
201660U052150,1,9,0,18,0,0,0,0,0,0,1,1,2,1,29,6,-1,-1,-1,-1,-1,-1
201660U052627,1,9,0,16,0,0,0,0,0,0,1,1,6,1,21,5,-1,-1,-1,-1,-1,-1
201660U052627,2,9,0,3,0,0,0,0,0,0,2,1,6,1,56,9,-1,-1,-1,-1,-1,-1
201660U052627,3,9,0,2,0,0,0,0,0,0,0,1,6,1,32,6,-1,-1,-1,-1,-1,-1
201660U053299,1,9,0,5,0,1,0,0,0,0,1,1,6,3,-1,-1,-1,-1,-1,-1,-1,-1
201660U053299,2,1,0,9,0,1,0,0,0,0,1,1,6,2,44,7,-1,-1,-1,-1,-1,-1
201660U053430,1,9,0,18,0,1,0,0,0,0,4,1,6,1,45,7,-1,-1,-1,-1,-1,-1
201660U053430,2,1,0,9,0,2,0,0,0,0,1,1,6,1,20,4,-1,-1,-1,-1,-1,-1
201660U053666,1,9,0,18,0,1,1,0,0,0,1,1,2,1,35,6,-1,-1,-1,-1,-1,-1
201660U053666,2,1,0,18,0,1,0,0,0,0,2,1,2,1,37,7,-1,-1,-1,-1,-1,-1
201660U053735,1,9,0,7,0,2,0,0,1,4,1,1,6,2,82,11,-1,-1,-1,-1,-1,-1
201660U053735,2,9,0,18,0,1,0,0,0,0,0,1,6,1,45,7,-1,-1,-1,-1,-1,-1
201660U053797,1,9,4,1,0,1,0,0,0,0,2,1,6,1,58,9,-1,-1,-1,-1,-1,-1
201660U053797,2,9,0,3,0,1,0,0,0,0,1,1,6,2,29,6,-1,-1,-1,-1,-1,-1
201660U053889,1,9,0,18,0,0,0,0,0,0,1,1,3,2,37,7,-1,-1,-1,-1,-1,-1
201660U054960,1,5,0,13,0,1,1,0,7,10,1,1,6,1,50,8,-1,-1,-1,-1,-1,-1
201660U054960,2,9,0,9,0,1,0,0,0,0,3,1,6,1,31,6,-1,-1,-1,-1,-1,-1
201660U054960,3,9,0,2,0,2,0,0,0,0,2,1,6,1,68,10,-1,-1,-1,-1,-1,-1
201660U054960,4,9,0,2,0,2,0,0,0,0,2,1,6,1,34,6,-1,-1,-1,-1,-1,-1
201660U055009,1,5,0,17,0,0,1,0,2,7,4,1,6,1,30,6,-1,-1,-1,-1,-1,-1
201660U055382,1,9,0,7,0,2,0,0,0,0,4,1,6,1,60,9,-1,-1,-1,-1,-1,-1
201660U055510,1,9,0,16,0,0,0,0,0,0,1,1,6,1,43,7,-1,-1,-1,-1,-1,-1
201660U055510,2,9,0,17,0,0,0,0,0,0,1,1,6,2,27,6,-1,-1,-1,-1,-1,-1
201660U055653,1,9,0,1,0,0,0,0,0,0,2,1,6,1,62,9,-1,-1,-1,-1,-1,-1
201660U055653,2,9,0,2,0,0,0,0,0,0,1,1,6,1,43,7,-1,-1,-1,-1,-1,-1
201660U055822,1,9,0,18,0,0,0,0,0,0,1,1,2,1,31,6,-1,-1,-1,-1,-1,-1
201660U055822,2,9,0,3,0,0,0,0,0,0,2,1,3,1,40,7,-1,-1,-1,-1,-1,-1
201660U055822,3,9,0,3,0,0,0,0,0,0,2,1,6,1,45,7,-1,-1,-1,-1,-1,-1
201660U056234,1,9,0,18,0,1,1,0,0,0,1,1,6,1,40,7,-1,-1,-1,-1,-1,-1
201660U056234,2,9,0,10,0,1,0,0,0,0,2,1,6,1,24,5,-1,-1,-1,-1,-1,-1
201660U056384,1,9,0,13,0,1,0,0,0,0,1,1,6,1,19,4,-1,-1,-1,-1,-1,-1
201660U056384,2,11,0,9,0,1,1,7,0,0,1,1,1,1,-1,-1,-1,-1,-1,-1,-1,-1
201660U056464,1,9,0,5,0,6,0,0,0,0,3,1,6,2,37,7,-1,-1,-1,-1,-1,-1
201660U056464,2,9,0,18,0,8,0,0,0,0,1,1,6,1,24,5,-1,-1,-1,-1,-1,-1
201660U056514,1,9,0,18,0,1,0,0,0,0,1,1,1,2,69,10,-1,-1,-1,-1,-1,-1
201660U056514,2,9,0,7,0,8,0,0,0,0,2,1,1,1,20,4,-1,-1,-1,-1,-1,-1
201660U056575,1,9,0,18,0,0,0,0,0,0,1,1,6,2,81,11,-1,-1,-1,-1,-1,-1
201660U056575,2,9,0,18,0,0,0,0,0,0,1,1,6,1,56,9,-1,-1,-1,-1,-1,-1
201660U056575,3,19,0,3,0,0,0,0,0,0,2,1,1,1,57,9,-1,-1,-1,-1,-1,-1
201660U057024,1,9,0,4,7,5,0,0,0,0,4,1,6,2,50,8,-1,-1,-1,-1,-1,-1
201660U057024,2,1,0,18,4,1,5,0,0,0,3,1,6,1,47,8,-1,-1,-1,-1,-1,-1
201660U057303,1,9,0,18,0,0,5,0,1,11,4,1,6,1,58,9,-1,-1,-1,-1,-1,-1
201660U057337,1,5,0,17,0,0,0,10,0,0,1,1,6,1,30,6,-1,-1,-1,-1,-1,-1
201660U057695,1,9,0,17,0,0,0,0,0,0,3,1,6,1,20,4,-1,-1,-1,-1,-1,-1
201660U057695,2,9,0,16,0,0,0,0,1,4,3,1,1,1,39,7,-1,-1,-1,-1,-1,-1
201660U057865,1,98,0,5,0,6,0,0,0,0,1,1,6,1,27,6,-1,-1,-1,-1,-1,-1
201660U057865,2,97,0,18,0,1,5,0,0,0,1,1,6,1,41,7,-1,-1,-1,-1,-1,-1
201660U057891,1,9,0,17,0,0,1,10,1,4,1,1,6,1,21,5,-1,-1,-1,-1,-1,-1
201660U058504,1,9,0,18,9,0,0,10,0,0,1,1,6,1,17,4,-1,-1,-1,-1,-1,-1
201660U058862,1,5,0,16,0,0,5,0,0,0,1,1,6,1,55,8,-1,-1,-1,-1,-1,-1
201660U058862,2,98,0,17,0,0,0,0,0,0,1,1,2,1,47,8,-1,-1,-1,-1,-1,-1
201660U059163,1,21,0,18,0,0,0,0,0,0,1,1,1,1,69,10,-1,-1,-1,-1,-1,-1
201660U059163,2,9,0,3,0,0,0,0,0,0,2,1,6,2,59,9,-1,-1,-1,-1,-1,-1
201660U059180,1,9,0,3,0,1,0,0,0,0,2,1,6,2,21,5,-1,-1,-1,-1,-1,-1
201660U059180,2,9,0,3,0,1,0,0,0,0,1,1,6,1,-1,-1,-1,-1,-1,-1,-1,-1
201660U059360,1,9,0,5,0,1,0,0,0,0,1,1,6,1,17,4,-1,-1,-1,-1,-1,-1
201660U059742,1,9,0,18,0,0,0,0,0,0,1,1,6,1,56,9,-1,-1,-1,-1,-1,-1
201660U059742,2,19,0,4,0,0,0,0,0,0,2,1,6,1,25,5,-1,-1,-1,-1,-1,-1
201660U060046,1,9,0,2,6,0,1,0,4,6,1,1,6,2,22,5,-1,-1,-1,-1,-1,-1
201660U060046,2,9,0,17,0,0,1,4,1,10,3,1,6,2,38,7,-1,-1,-1,-1,-1,-1
201660U060046,3,9,0,2,6,0,0,0,0,0,2,1,1,1,33,6,-1,-1,-1,-1,-1,-1
201660U060219,1,1,0,18,0,0,0,0,0,0,1,1,6,1,64,9,-1,-1,-1,-1,-1,-1
201660U060768,1,4,0,18,0,0,0,4,0,0,1,1,6,1,22,5,-1,-1,-1,-1,-1,-1
201660U060768,2,9,0,2,0,0,0,0,0,0,1,1,6,2,62,9,-1,-1,-1,-1,-1,-1
201660U060780,1,10,0,16,0,0,0,0,0,0,1,1,1,1,54,8,-1,-1,-1,-1,-1,-1
201660U060780,2,90,0,17,0,0,0,0,1,0,3,1,1,1,57,9,-1,-1,-1,-1,-1,-1
201660U060857,1,9,0,1,9,0,0,0,0,0,2,1,6,2,35,6,-1,-1,-1,-1,-1,-1
201660U060979,1,9,0,18,0,0,1,0,1,0,4,1,6,2,44,7,-1,-1,-1,-1,-1,-1
201660U060979,2,9,0,18,0,0,0,0,0,0,3,1,6,1,49,8,-1,-1,-1,-1,-1,-1
201660U061088,1,3,0,16,0,0,0,0,1,0,3,1,6,1,24,5,-1,-1,-1,-1,-1,-1
201660U061088,2,9,0,17,0,0,0,0,0,0,1,1,6,2,31,6,-1,-1,-1,-1,-1,-1
201660U061108,1,9,0,18,0,0,1,0,0,0,1,1,6,1,69,10,-1,-1,-1,-1,-1,-1
201660U061108,2,9,0,18,0,0,0,0,0,0,2,1,6,2,56,9,-1,-1,-1,-1,-1,-1
201660U061262,1,19,0,7,0,6,0,0,0,0,1,1,1,1,41,7,-1,-1,-1,-1,-1,-1
201660U061262,2,9,0,18,0,8,0,0,0,0,1,1,4,2,35,6,-1,-1,-1,-1,-1,-1
201660U061299,1,21,1,18,0,0,0,0,0,0,1,2,6,1,55,8,-1,-1,-1,-1,-1,-1
201660U061299,2,9,0,18,0,0,0,0,0,0,2,1,6,1,42,7,-1,-1,-1,-1,-1,-1
201660U061299,3,9,0,18,0,0,0,0,0,0,2,1,6,1,42,7,-1,-1,-1,-1,-1,-1
201660U061299,4,9,0,18,0,0,0,0,0,0,2,1,6,1,-1,-1,-1,-1,-1,-1,-1,-1
201660U061299,5,9,0,3,0,0,0,0,0,0,2,1,6,2,47,8,-1,-1,-1,-1,-1,-1
201660U061299,6,98,4,18,0,0,0,0,0,0,1,1,6,1,54,8,-1,-1,-1,-1,-1,-1
201660U061478,1,9,0,16,0,8,1,0,8,11,1,1,6,3,-1,-1,-1,-1,-1,-1,-1,-1
201660U061478,2,9,0,18,0,1,1,0,0,0,1,1,2,1,50,8,-1,-1,-1,-1,-1,-1
201660U061516,1,9,0,7,0,8,0,0,0,0,4,1,6,2,24,5,-1,-1,-1,-1,-1,-1
201660U061516,2,1,0,18,0,8,0,0,0,0,3,1,6,1,48,8,-1,-1,-1,-1,-1,-1
201660U061762,1,9,0,18,0,0,1,0,0,0,1,1,6,1,28,6,-1,-1,-1,-1,-1,-1
201660U061762,2,9,0,4,0,0,0,0,0,0,1,1,6,2,43,7,-1,-1,-1,-1,-1,-1
201660U061894,1,1,0,4,0,1,1,0,0,0,0,1,6,1,31,6,-1,-1,-1,-1,-1,-1
201660U061894,2,9,0,7,0,5,0,0,0,0,0,1,6,1,42,7,-1,-1,-1,-1,-1,-1
201660U062286,1,9,0,16,0,0,1,0,1,11,1,1,6,1,32,6,-1,-1,-1,-1,-1,-1
201660U062339,1,9,0,17,0,0,2,0,8,4,1,1,6,1,34,6,-1,-1,-1,-1,-1,-1
201660U062375,1,9,0,17,0,0,1,0,8,11,1,1,6,1,54,8,-1,-1,-1,-1,-1,-1
201660U062765,1,9,0,17,0,0,5,10,1,11,1,1,6,2,19,4,-1,-1,-1,-1,-1,-1
201660U062917,1,9,0,18,0,0,0,0,0,0,3,1,6,1,25,5,-1,-1,-1,-1,-1,-1
201660U062917,2,9,0,18,0,0,0,0,0,0,3,1,6,1,54,8,-1,-1,-1,-1,-1,-1
201660U063283,1,9,0,18,0,1,0,0,0,0,1,1,6,1,63,9,-1,-1,-1,-1,-1,-1
201660U063283,2,9,0,10,0,1,0,0,0,0,2,1,6,1,28,6,-1,-1,-1,-1,-1,-1
201660U063353,1,9,0,18,0,0,0,0,0,0,1,1,6,1,75,10,-1,-1,-1,-1,-1,-1
201660U063353,2,9,0,18,0,0,0,0,0,0,1,1,6,2,56,9,-1,-1,-1,-1,-1,-1
201660U064407,1,9,0,18,0,8,0,0,0,0,1,1,6,1,68,10,-1,-1,-1,-1,-1,-1
201660U064407,2,9,0,4,0,8,0,0,0,0,2,1,6,2,45,7,-1,-1,-1,-1,-1,-1
201660U064786,1,9,0,16,0,0,0,0,0,0,1,1,6,1,70,10,-1,-1,-1,-1,-1,-1
201660U064786,2,9,0,17,0,0,0,0,0,0,1,1,2,1,35,6,-1,-1,-1,-1,-1,-1
201660U064825,1,9,0,18,0,1,0,0,0,0,1,1,1,2,68,10,-1,-1,-1,-1,-1,-1
201660U064825,2,9,0,9,0,1,0,0,0,0,3,1,6,2,54,8,-1,-1,-1,-1,-1,-1
201660U064948,1,9,0,18,0,0,0,0,1,11,2,1,6,1,70,10,-1,-1,-1,-1,-1,-1
201660U064948,2,9,0,18,0,0,0,0,0,0,1,1,6,1,84,11,-1,-1,-1,-1,-1,-1
201660U065058,1,9,0,13,0,1,1,0,0,0,4,1,6,1,44,7,-1,-1,-1,-1,-1,-1
201660U065058,2,9,0,9,0,8,0,0,0,0,3,1,6,1,46,8,-1,-1,-1,-1,-1,-1
201660U065058,3,9,0,18,0,1,0,0,0,0,0,1,6,1,40,7,-1,-1,-1,-1,-1,-1
201660U065436,1,9,0,18,0,0,0,0,0,0,4,1,6,2,19,4,-1,-1,-1,-1,-1,-1
201660U065436,2,9,0,2,0,0,0,0,0,0,3,1,6,2,41,7,-1,-1,-1,-1,-1,-1
201660U065529,1,9,0,7,0,2,0,0,0,0,1,1,1,1,50,8,-1,-1,-1,-1,-1,-1
201660U065529,2,9,0,3,0,2,0,0,0,0,2,1,6,2,51,8,-1,-1,-1,-1,-1,-1
201660U065856,1,9,0,17,0,1,1,0,3,11,1,1,6,1,20,4,-1,-1,-1,-1,-1,-1
201660U065948,1,9,0,18,0,0,0,0,0,0,1,1,6,2,63,9,-1,-1,-1,-1,-1,-1
201660U065948,2,9,0,4,0,0,0,0,0,0,2,1,6,2,40,7,-1,-1,-1,-1,-1,-1
201660U065948,3,9,0,18,0,0,0,0,0,0,1,1,6,2,27,6,-1,-1,-1,-1,-1,-1
201660U066077,1,5,0,13,0,0,1,0,0,0,3,1,6,1,50,8,-1,-1,-1,-1,-1,-1
201660U066077,2,19,0,17,0,0,0,0,0,0,1,1,6,1,51,8,-1,-1,-1,-1,-1,-1
201660U066077,3,9,0,17,0,0,0,0,0,0,1,1,6,2,56,9,-1,-1,-1,-1,-1,-1
201660U066077,4,9,0,16,0,0,0,0,0,0,1,1,6,1,44,7,-1,-1,-1,-1,-1,-1
201660U066077,5,9,0,16,0,0,0,0,0,0,0,1,6,1,36,7,-1,-1,-1,-1,-1,-1