Accident_Index,Vehicle_Reference,Vehicle_Type,Towing_and_Articulation,Vehicle_Manoeuvre,Vehicle_Location-Restricted_Lane,Junction_Location,Skidding_and_Overturning,Hit_Object_in_Carriageway,Vehicle_Leaving_Carriageway,Hit_Object_off_Carriageway,1st_Point_of_Impact,Was_Vehicle_Left_Hand_Drive?,Journey_Purpose_of_Driver,Sex_of_Driver,Age_of_Driver,Age_Band_of_Driver,Engine_Capacity_(CC),Propulsion_Code,Age_of_Vehicle,Driver_IMD_Decile,Driver_Home_Area_Type,Vehicle_IMD_Decile
201660U066077,6,5,0,18,0,0,0,0,0,0,0,1,6,1,35,6,-1,-1,-1,-1,-1,-1
201660U066445,1,9,0,18,0,1,0,0,0,0,1,1,3,2,40,7,-1,-1,-1,-1,-1,-1
201660U067125,1,9,0,9,0,6,0,0,0,0,1,1,6,2,20,4,-1,-1,-1,-1,-1,-1
201660U067125,2,9,0,18,0,1,0,0,0,0,3,1,6,2,84,11,-1,-1,-1,-1,-1,-1
201660U067577,1,9,0,18,0,0,0,0,0,0,1,1,6,1,-1,-1,-1,-1,-1,-1,-1,-1
201660U067577,2,3,0,18,0,0,0,0,0,0,1,1,1,1,28,6,-1,-1,-1,-1,-1,-1
201660U067610,1,9,0,18,0,1,0,0,0,0,1,1,6,1,75,10,-1,-1,-1,-1,-1,-1
201660U067610,2,9,0,10,0,1,1,4,0,0,2,1,6,2,29,6,-1,-1,-1,-1,-1,-1
201660U067610,3,98,0,2,0,1,0,0,0,0,1,1,6,1,-1,-1,-1,-1,-1,-1,-1,-1
201660U067873,1,9,0,18,0,1,0,0,0,0,1,1,6,2,25,5,-1,-1,-1,-1,-1,-1
201660U067873,2,9,0,3,0,1,0,0,0,0,2,1,6,2,72,10,-1,-1,-1,-1,-1,-1
201660U067873,3,9,0,7,0,4,0,0,0,0,2,1,6,1,58,9,-1,-1,-1,-1,-1,-1
201660U068469,1,9,0,18,0,0,1,0,1,7,1,1,6,1,23,5,-1,-1,-1,-1,-1,-1
201660U068469,2,9,0,18,0,0,0,0,0,0,0,1,6,3,-1,-1,-1,-1,-1,-1,-1,-1
201660U068469,3,9,0,12,0,0,0,0,0,0,0,1,6,3,-1,-1,-1,-1,-1,-1,-1,-1
201660U068880,1,97,0,17,0,0,2,0,0,0,1,1,6,1,20,4,-1,-1,-1,-1,-1,-1
201660U068880,2,9,0,16,0,0,0,0,0,0,1,1,6,1,70,10,-1,-1,-1,-1,-1,-1
201660U069416,1,9,0,12,0,0,1,0,4,0,2,1,6,2,50,8,-1,-1,-1,-1,-1,-1
201660U069416,2,9,0,18,0,0,0,0,5,0,1,1,6,1,28,6,-1,-1,-1,-1,-1,-1
201660U069454,1,9,0,18,0,8,0,0,0,0,1,1,2,1,25,5,-1,-1,-1,-1,-1,-1
201660U069454,2,9,0,3,0,8,0,0,0,0,2,1,6,1,60,9,-1,-1,-1,-1,-1,-1
201660U069522,1,1,0,17,0,0,0,0,0,0,1,1,6,1,7,2,-1,-1,-1,-1,-1,-1
201660U069522,2,9,0,18,0,0,0,0,0,0,1,1,6,2,28,6,-1,-1,-1,-1,-1,-1
201660U069658,1,9,0,17,0,0,1,0,1,0,1,1,6,1,29,6,-1,-1,-1,-1,-1,-1
201660U069658,2,9,0,2,0,0,0,0,0,0,2,1,6,1,69,10,-1,-1,-1,-1,-1,-1
201660U069658,3,9,0,2,0,0,0,0,0,0,2,1,6,1,38,7,-1,-1,-1,-1,-1,-1
201660U070189,1,3,0,16,0,1,5,0,0,0,3,1,6,1,57,9,-1,-1,-1,-1,-1,-1
201660U070189,2,3,0,17,0,1,5,0,0,0,3,1,6,2,50,8,-1,-1,-1,-1,-1,-1
201660U070237,1,5,0,16,0,0,0,0,0,0,1,1,6,1,55,8,-1,-1,-1,-1,-1,-1
201660U070237,2,9,0,18,0,0,0,0,0,0,3,1,6,1,39,7,-1,-1,-1,-1,-1,-1
201660U070237,3,9,0,4,0,0,0,0,0,0,3,1,6,1,31,6,-1,-1,-1,-1,-1,-1
201660U070258,1,9,0,17,0,0,2,10,0,0,1,1,6,1,17,4,-1,-1,-1,-1,-1,-1
201660U070961,1,9,0,13,0,1,2,0,0,0,1,1,6,1,19,4,-1,-1,-1,-1,-1,-1
201660U070961,2,9,0,9,0,5,0,0,0,0,1,1,6,1,73,10,-1,-1,-1,-1,-1,-1
201660U071113,1,9,0,7,0,8,5,0,0,0,1,1,6,2,22,5,-1,-1,-1,-1,-1,-1
201660U071113,2,9,0,18,0,8,0,0,0,0,1,1,6,2,19,4,-1,-1,-1,-1,-1,-1
201660U071596,1,9,0,5,0,2,0,0,0,0,1,1,6,2,19,4,-1,-1,-1,-1,-1,-1
201660U072056,1,2,0,15,0,2,2,0,1,0,1,1,2,1,18,4,-1,-1,-1,-1,-1,-1
201660U072056,2,9,0,7,0,8,0,0,0,0,4,1,6,1,69,10,-1,-1,-1,-1,-1,-1
201660U072196,1,9,0,18,0,4,0,0,0,0,1,1,6,3,-1,-1,-1,-1,-1,-1,-1,-1
201660U072196,2,11,0,9,0,8,0,0,0,0,1,1,1,1,44,7,-1,-1,-1,-1,-1,-1
201660U072324,1,9,0,9,0,8,0,0,0,0,1,1,6,2,22,5,-1,-1,-1,-1,-1,-1
201660U072452,1,9,0,18,0,0,0,0,2,4,1,1,6,1,19,4,-1,-1,-1,-1,-1,-1
201660U072471,1,9,0,18,0,0,0,0,0,0,1,1,6,1,26,6,-1,-1,-1,-1,-1,-1
201660U072471,2,9,0,18,0,0,0,0,0,0,2,1,6,2,63,9,-1,-1,-1,-1,-1,-1
201660U072875,1,9,0,18,0,0,0,0,0,0,1,1,6,1,30,6,-1,-1,-1,-1,-1,-1
201660U072875,2,9,0,18,0,0,0,0,0,0,2,1,6,1,25,5,-1,-1,-1,-1,-1,-1
201660U073223,1,5,0,18,0,8,5,0,0,0,4,1,6,1,31,6,-1,-1,-1,-1,-1,-1
201660U073919,1,3,0,17,0,0,0,0,0,0,1,1,6,1,24,5,-1,-1,-1,-1,-1,-1
201660U074216,1,9,0,18,0,1,0,0,0,0,1,1,6,1,88,11,-1,-1,-1,-1,-1,-1
201660U074216,2,9,0,10,0,1,0,0,0,0,2,1,6,2,55,8,-1,-1,-1,-1,-1,-1
201660U074389,1,9,0,13,0,1,0,0,0,0,1,1,6,1,33,6,-1,-1,-1,-1,-1,-1
201660U074389,2,5,0,18,0,1,0,0,0,0,3,1,6,1,23,5,-1,-1,-1,-1,-1,-1
201660U074389,3,17,4,18,0,2,0,0,0,0,0,1,1,1,48,8,-1,-1,-1,-1,-1,-1
201660U074510,1,5,0,16,0,0,2,0,0,0,1,1,6,1,30,6,-1,-1,-1,-1,-1,-1
201660U074510,2,98,0,17,0,0,0,0,1,7,3,1,1,1,60,9,-1,-1,-1,-1,-1,-1
201660U074512,1,9,0,9,0,1,0,0,0,0,1,1,1,1,38,7,-1,-1,-1,-1,-1,-1
201660U074512,2,9,0,18,0,1,0,0,0,0,4,1,6,2,29,6,-1,-1,-1,-1,-1,-1
201660U074639,1,9,0,9,0,8,0,0,0,0,1,1,6,2,20,4,-1,-1,-1,-1,-1,-1
201660U074639,2,3,0,18,0,8,0,0,0,0,1,1,6,1,22,5,-1,-1,-1,-1,-1,-1
201660U075094,1,9,0,13,0,0,0,0,0,0,1,1,2,1,26,6,-1,-1,-1,-1,-1,-1
201660U075094,2,5,0,16,0,0,5,0,0,0,1,1,2,1,43,7,-1,-1,-1,-1,-1,-1
201660U075094,3,1,0,17,0,0,0,0,0,0,0,1,2,1,37,7,-1,-1,-1,-1,-1,-1
201660U075853,1,22,0,18,0,2,0,0,0,0,1,1,6,1,61,9,-1,-1,-1,-1,-1,-1
201660U075975,1,9,0,9,0,6,0,0,0,0,4,1,1,1,50,8,-1,-1,-1,-1,-1,-1
201660U075975,2,3,0,18,0,8,1,0,1,0,1,1,2,1,21,5,-1,-1,-1,-1,-1,-1
201660U076051,1,9,0,18,0,1,0,0,0,0,1,1,6,1,40,7,-1,-1,-1,-1,-1,-1
201660U076051,2,9,0,18,0,1,0,0,0,0,1,1,6,1,36,7,-1,-1,-1,-1,-1,-1
201660U076051,3,9,0,2,0,1,0,0,0,0,1,1,6,3,-1,-1,-1,-1,-1,-1,-1,-1
201660U076051,4,9,0,2,0,1,0,0,0,0,1,1,6,3,-1,-1,-1,-1,-1,-1,-1,-1
201660U076076,1,9,0,18,0,1,0,0,0,0,1,1,6,2,45,7,-1,-1,-1,-1,-1,-1
201660U076371,1,9,0,14,0,1,0,0,0,0,1,1,6,2,54,8,-1,-1,-1,-1,-1,-1
201660U076371,2,11,0,2,0,1,0,0,0,0,0,1,1,3,-1,-1,-1,-1,-1,-1,-1,-1
201660U076392,1,9,0,4,0,1,0,0,0,0,1,1,6,1,74,10,-1,-1,-1,-1,-1,-1
201660U076590,1,9,0,18,0,0,0,0,0,0,1,1,6,2,28,6,-1,-1,-1,-1,-1,-1
201660U076779,1,9,0,17,0,0,1,0,1,11,1,1,6,1,35,6,-1,-1,-1,-1,-1,-1
201660U077125,1,9,0,18,0,1,5,0,5,6,3,1,6,2,36,7,-1,-1,-1,-1,-1,-1
201660U077156,1,9,0,18,0,1,0,0,0,0,1,1,6,1,25,5,-1,-1,-1,-1,-1,-1
201660U077156,2,9,0,3,0,1,0,0,0,0,2,1,6,1,82,11,-1,-1,-1,-1,-1,-1
201660U077156,3,9,0,10,0,5,0,0,0,0,2,1,6,1,71,10,-1,-1,-1,-1,-1,-1
201660U077183,1,5,0,16,0,0,0,0,0,0,1,1,6,1,49,8,-1,-1,-1,-1,-1,-1
201660U077183,2,9,0,17,0,0,0,0,0,0,1,1,6,2,25,5,-1,-1,-1,-1,-1,-1
201660U077183,3,9,0,17,0,0,0,0,0,0,3,1,6,1,20,4,-1,-1,-1,-1,-1,-1
201660U077189,1,9,0,4,0,0,0,0,0,0,1,1,6,1,34,6,-1,-1,-1,-1,-1,-1
201660U077189,2,11,0,4,0,0,0,0,0,0,2,1,1,1,53,8,-1,-1,-1,-1,-1,-1
201660U077237,1,9,0,9,0,1,0,0,0,0,4,1,6,2,65,9,-1,-1,-1,-1,-1,-1
201660U077237,2,9,0,5,0,1,0,0,0,0,3,1,6,2,43,7,-1,-1,-1,-1,-1,-1
201660U077282,1,9,0,18,0,0,0,0,1,0,1,1,6,1,29,6,-1,-1,-1,-1,-1,-1
201660U077282,2,9,0,4,0,0,0,0,0,0,2,1,6,1,33,6,-1,-1,-1,-1,-1,-1
201660U077685,1,9,0,16,0,1,0,0,0,0,3,1,6,1,72,10,-1,-1,-1,-1,-1,-1
201660U077873,1,9,0,13,0,0,0,0,0,0,1,1,6,3,-1,-1,-1,-1,-1,-1,-1,-1
201660U077873,2,9,0,18,0,0,0,0,0,0,2,1,6,1,22,5,-1,-1,-1,-1,-1,-1
201660U077895,1,9,0,18,0,0,0,0,0,0,1,1,6,1,31,6,-1,-1,-1,-1,-1,-1
201660U077895,2,9,0,18,0,0,0,0,0,0,1,1,6,1,41,7,-1,-1,-1,-1,-1,-1
201660U078029,1,9,0,16,0,1,0,0,1,11,1,1,6,1,33,6,-1,-1,-1,-1,-1,-1
201660U078029,2,9,0,16,0,1,0,0,0,0,0,1,6,2,21,5,-1,-1,-1,-1,-1,-1
201660U078351,1,9,3,16,0,0,0,0,0,0,4,1,6,3,-1,-1,-1,-1,-1,-1,-1,-1
201660U078529,1,9,0,13,0,0,0,0,0,0,1,1,6,1,35,6,-1,-1,-1,-1,-1,-1
201660U078529,2,9,0,12,7,0,0,0,1,0,2,1,6,1,51,8,-1,-1,-1,-1,-1,-1
201660U078937,1,9,0,3,0,1,0,0,0,0,1,1,6,2,18,4,-1,-1,-1,-1,-1,-1
201660U078937,2,9,0,3,0,1,0,0,0,0,2,1,6,2,34,6,-1,-1,-1,-1,-1,-1
201660U079105,1,9,0,18,0,1,1,0,0,0,1,1,6,1,18,4,-1,-1,-1,-1,-1,-1
201660U079105,2,9,0,18,0,1,0,0,0,0,2,1,6,2,72,10,-1,-1,-1,-1,-1,-1
201660U079157,1,9,0,18,0,0,0,0,0,0,1,1,6,2,51,8,-1,-1,-1,-1,-1,-1
201660U079368,1,4,0,13,0,3,1,0,5,1,4,1,6,1,45,7,-1,-1,-1,-1,-1,-1
201660U079368,2,21,0,9,0,8,0,0,0,0,2,1,1,1,24,5,-1,-1,-1,-1,-1,-1
201660U079478,1,9,0,18,0,8,0,0,0,0,0,1,6,1,69,10,-1,-1,-1,-1,-1,-1
201660U079478,2,1,0,18,0,1,1,0,1,11,1,1,6,1,51,8,-1,-1,-1,-1,-1,-1
201660U079621,1,20,0,11,0,5,1,0,0,0,1,1,1,1,45,7,-1,-1,-1,-1,-1,-1
201660U079621,2,9,0,3,0,2,0,0,0,0,2,1,6,2,66,10,-1,-1,-1,-1,-1,-1
201660U079621,3,9,0,3,0,2,0,0,0,0,2,1,6,1,41,7,-1,-1,-1,-1,-1,-1
201660U079920,1,9,0,18,0,0,1,0,1,4,4,1,6,1,46,8,-1,-1,-1,-1,-1,-1
201660U080216,1,9,0,9,0,6,0,0,0,0,4,1,6,2,21,5,-1,-1,-1,-1,-1,-1
201660U080216,2,5,0,14,0,8,1,0,0,0,1,1,6,1,51,8,-1,-1,-1,-1,-1,-1
201660U080216,3,9,0,5,0,8,0,0,0,0,0,1,6,2,30,6,-1,-1,-1,-1,-1,-1
201660U080251,1,9,0,10,0,1,0,0,0,0,2,1,6,2,39,7,-1,-1,-1,-1,-1,-1
201660U080251,2,19,0,18,0,1,0,0,0,0,1,1,6,1,21,5,-1,-1,-1,-1,-1,-1
201660U080524,1,9,0,5,0,2,0,0,0,0,3,1,2,2,46,8,-1,-1,-1,-1,-1,-1
201660U080524,2,5,0,18,0,1,0,0,0,0,1,1,6,1,67,10,-1,-1,-1,-1,-1,-1
201660U080604,1,9,0,18,0,1,0,0,0,0,1,1,6,1,29,6,-1,-1,-1,-1,-1,-1
201660U080604,2,9,0,10,0,1,0,0,0,0,2,1,6,1,47,8,-1,-1,-1,-1,-1,-1
201660U080607,1,9,0,18,0,0,0,0,0,0,1,1,6,1,19,4,-1,-1,-1,-1,-1,-1
201660U080607,2,3,0,18,0,0,0,0,0,0,1,1,6,1,25,5,-1,-1,-1,-1,-1,-1
201660U080654,1,19,0,18,0,1,0,0,0,0,1,1,6,1,43,7,-1,-1,-1,-1,-1,-1
201660U080654,2,9,0,10,0,1,0,0,0,0,2,1,6,1,29,6,-1,-1,-1,-1,-1,-1
201660U080729,1,97,0,16,0,0,0,0,0,0,1,1,6,1,41,7,-1,-1,-1,-1,-1,-1
201660U080729,2,9,0,17,0,0,0,0,0,0,3,1,6,1,41,7,-1,-1,-1,-1,-1,-1
201660U080775,1,8,0,18,0,2,0,0,0,0,4,1,1,1,30,6,-1,-1,-1,-1,-1,-1
201660U081620,1,3,0,16,0,2,0,0,0,0,1,1,6,1,19,4,-1,-1,-1,-1,-1,-1
201660U081620,2,9,0,18,0,1,0,0,0,0,1,1,6,2,45,7,-1,-1,-1,-1,-1,-1
201660U081966,1,5,0,13,0,0,1,0,7,0,4,1,6,1,43,7,-1,-1,-1,-1,-1,-1
201660U081966,2,9,0,18,0,0,0,0,0,0,1,1,6,2,21,5,-1,-1,-1,-1,-1,-1
201660U081966,3,9,0,18,0,0,0,0,0,0,0,1,6,2,55,8,-1,-1,-1,-1,-1,-1
201660U082072,1,5,0,14,0,0,0,0,0,0,1,1,6,1,48,8,-1,-1,-1,-1,-1,-1
201660U082072,2,9,0,10,0,0,0,0,0,0,3,1,6,1,58,9,-1,-1,-1,-1,-1,-1
201660U082106,1,9,0,18,0,0,0,0,0,0,4,1,6,2,40,7,-1,-1,-1,-1,-1,-1
201660U082235,1,9,0,3,0,0,0,0,0,0,1,1,6,1,55,8,-1,-1,-1,-1,-1,-1
201660U082235,2,9,0,3,0,0,0,0,0,0,2,1,6,2,57,9,-1,-1,-1,-1,-1,-1
201660U082235,3,9,0,18,0,0,0,0,0,0,2,1,6,1,36,7,-1,-1,-1,-1,-1,-1
201660U082248,1,9,0,13,0,0,0,0,0,0,1,1,6,1,43,7,-1,-1,-1,-1,-1,-1
201660U082248,2,9,0,13,0,0,2,0,7,0,4,1,6,1,24,5,-1,-1,-1,-1,-1,-1
201660U082548,1,8,0,5,0,0,0,0,0,0,0,1,1,1,-1,-1,-1,-1,-1,-1,-1,-1
201660U082797,1,9,0,17,0,0,1,0,0,0,4,2,6,1,18,4,-1,-1,-1,-1,-1,-1
201660U082797,2,9,0,18,0,0,0,0,0,0,1,1,6,2,21,5,-1,-1,-1,-1,-1,-1
201660U083232,1,9,0,18,0,0,0,0,0,0,1,1,6,1,78,11,-1,-1,-1,-1,-1,-1
201660U083232,2,9,0,3,0,0,0,0,0,0,2,1,6,1,30,6,-1,-1,-1,-1,-1,-1
201660U083232,3,9,0,3,0,0,0,0,0,0,2,1,6,1,48,8,-1,-1,-1,-1,-1,-1
201660U083239,1,9,0,14,0,0,0,0,0,0,4,1,6,2,81,11,-1,-1,-1,-1,-1,-1
201660U083239,2,9,0,2,0,0,0,0,0,0,0,1,1,2,38,7,-1,-1,-1,-1,-1,-1
201660U083519,1,9,0,17,0,0,0,0,1,9,1,1,6,1,23,5,-1,-1,-1,-1,-1,-1
201660U083554,1,9,0,12,0,0,0,0,0,0,3,1,6,1,18,4,-1,-1,-1,-1,-1,-1
201660U083554,2,19,0,18,0,0,0,0,0,0,4,1,1,1,41,7,-1,-1,-1,-1,-1,-1
201660U083737,1,9,0,5,0,6,0,0,0,0,3,1,6,2,31,6,-1,-1,-1,-1,-1,-1
201660U083737,2,3,0,18,0,1,1,0,0,0,4,1,6,1,21,5,-1,-1,-1,-1,-1,-1
201660U083875,1,9,0,4,0,0,0,0,0,0,1,1,6,2,71,10,-1,-1,-1,-1,-1,-1
201660U084252,1,9,0,3,0,0,0,0,0,0,3,1,2,1,35,6,-1,-1,-1,-1,-1,-1
201660U084252,2,9,0,18,0,0,0,0,0,0,3,1,6,3,-1,-1,-1,-1,-1,-1,-1,-1
201660U084328,1,9,0,18,0,0,0,0,0,0,1,1,2,1,61,9,-1,-1,-1,-1,-1,-1
201660U084328,2,9,0,18,0,0,0,0,0,0,1,1,2,1,71,10,-1,-1,-1,-1,-1,-1
201660U084524,1,19,0,18,0,0,0,0,0,0,1,1,6,1,22,5,-1,-1,-1,-1,-1,-1
201660U084532,1,9,0,18,0,1,1,0,0,0,3,1,6,1,82,11,-1,-1,-1,-1,-1,-1
201660U084532,2,1,0,18,0,1,0,0,0,0,1,1,6,1,9,2,-1,-1,-1,-1,-1,-1
201660U084673,1,20,0,18,0,0,0,0,0,0,1,1,6,1,57,9,-1,-1,-1,-1,-1,-1
201660U085017,1,9,0,11,0,1,0,0,0,0,4,1,6,2,31,6,-1,-1,-1,-1,-1,-1
201660U085017,2,1,0,18,0,1,0,0,0,0,1,1,6,2,51,8,-1,-1,-1,-1,-1,-1
201660U085053,1,9,0,18,0,0,0,0,7,11,1,1,6,2,78,11,-1,-1,-1,-1,-1,-1
201660U085053,2,9,0,18,0,0,0,0,0,0,3,1,6,1,27,6,-1,-1,-1,-1,-1,-1
201660U085053,3,9,0,18,0,0,0,0,0,0,1,1,6,2,31,6,-1,-1,-1,-1,-1,-1
201660U085128,1,9,0,4,0,1,0,0,0,0,3,1,6,2,29,6,-1,-1,-1,-1,-1,-1
201660U085128,2,1,0,18,0,1,0,0,0,0,1,1,6,1,75,10,-1,-1,-1,-1,-1,-1
201660U085600,1,9,0,14,0,0,0,0,0,0,1,1,6,1,82,11,-1,-1,-1,-1,-1,-1
201660U085600,2,19,0,2,0,0,0,0,0,0,2,1,6,1,52,8,-1,-1,-1,-1,-1,-1
201660U085600,3,19,0,18,0,0,0,0,0,0,1,1,6,1,27,6,-1,-1,-1,-1,-1,-1
201660U085600,4,9,0,2,0,0,0,0,0,0,2,1,6,1,72,10,-1,-1,-1,-1,-1,-1
201660U086084,1,5,0,16,0,0,5,0,0,0,1,1,6,1,57,9,-1,-1,-1,-1,-1,-1
201660U086084,2,9,0,17,0,0,0,0,0,0,3,1,6,2,50,8,-1,-1,-1,-1,-1,-1
201660U086291,1,9,0,6,0,5,0,0,0,0,1,1,6,1,18,4,-1,-1,-1,-1,-1,-1
201660U086291,2,9,0,18,0,1,0,0,0,0,1,1,6,1,27,6,-1,-1,-1,-1,-1,-1
201660U086304,1,9,0,18,0,5,0,0,0,0,1,1,6,1,19,4,-1,-1,-1,-1,-1,-1
201660U086524,1,9,0,9,0,2,0,0,0,0,1,1,6,1,18,4,-1,-1,-1,-1,-1,-1
201660U086524,2,9,0,18,0,1,0,0,0,0,1,1,6,1,70,10,-1,-1,-1,-1,-1,-1
201660U086684,1,8,0,9,0,4,0,0,0,0,1,1,1,2,49,8,-1,-1,-1,-1,-1,-1
201660U086684,2,8,0,18,0,8,0,0,0,0,2,1,1,1,53,8,-1,-1,-1,-1,-1,-1
201660U086842,1,11,0,18,0,0,0,0,0,0,4,1,1,1,-1,-1,-1,-1,-1,-1,-1,-1
201660U086842,2,10,0,2,9,0,0,0,0,0,3,1,6,1,39,7,-1,-1,-1,-1,-1,-1
201660U087115,1,9,0,9,0,6,0,0,0,0,1,1,6,1,84,11,-1,-1,-1,-1,-1,-1
201660U087115,2,3,0,18,0,1,0,0,0,0,1,1,6,1,23,5,-1,-1,-1,-1,-1,-1
201660U087153,1,9,0,9,0,8,0,0,0,0,0,1,6,1,36,7,-1,-1,-1,-1,-1,-1
201660U087153,2,4,0,18,0,8,0,0,0,0,0,1,6,1,47,8,-1,-1,-1,-1,-1,-1
201660U087635,1,9,0,18,0,0,1,10,1,0,1,1,2,2,22,5,-1,-1,-1,-1,-1,-1
201660U087635,2,90,0,4,0,0,5,0,0,0,4,1,1,1,58,9,-1,-1,-1,-1,-1,-1
201660U087635,3,9,0,18,0,0,0,10,2,11,3,1,6,2,50,8,-1,-1,-1,-1,-1,-1
201660U087760,1,1,0,18,0,1,0,0,0,0,0,1,6,1,59,9,-1,-1,-1,-1,-1,-1
201660U087760,2,21,1,18,0,1,0,0,0,0,0,1,1,1,37,7,-1,-1,-1,-1,-1,-1
201660U087804,1,9,0,18,0,0,0,0,0,0,1,1,6,2,19,4,-1,-1,-1,-1,-1,-1
201660U087804,2,9,0,2,6,0,0,0,0,0,2,1,6,1,61,9,-1,-1,-1,-1,-1,-1
201660U087804,3,9,0,2,6,0,0,0,0,0,2,1,6,1,-1,-1,-1,-1,-1,-1,-1,-1
201660U088140,1,9,0,16,0,0,2,0,7,11,1,2,6,2,19,4,-1,-1,-1,-1,-1,-1
201660U088140,2,9,0,17,0,0,0,0,1,11,1,1,6,1,33,6,-1,-1,-1,-1,-1,-1
201660U088841,1,9,0,16,0,8,1,0,0,0,1,1,6,1,41,7,-1,-1,-1,-1,-1,-1
201660U088841,2,9,0,16,0,2,0,0,0,0,1,1,6,2,26,6,-1,-1,-1,-1,-1,-1
201660U089446,1,5,0,16,0,0,0,0,7,0,4,1,6,2,53,8,-1,-1,-1,-1,-1,-1
201660U089544,1,9,0,18,0,1,0,0,0,0,1,1,6,1,19,4,-1,-1,-1,-1,-1,-1
201660U089544,2,9,0,7,0,2,0,0,0,0,3,1,6,1,63,9,-1,-1,-1,-1,-1,-1
201660U090012,1,9,0,17,0,0,0,0,0,0,1,1,6,1,33,6,-1,-1,-1,-1,-1,-1
201660U090012,2,9,0,16,0,0,0,0,0,0,1,1,6,2,28,6,-1,-1,-1,-1,-1,-1
201660U090300,1,9,0,18,0,0,0,0,0,0,1,1,6,1,44,7,-1,-1,-1,-1,-1,-1
201660U091470,1,5,0,18,0,1,0,0,0,0,1,1,6,1,53,8,-1,-1,-1,-1,-1,-1
201660U091470,2,9,0,9,0,8,0,0,0,0,3,1,2,1,21,5,-1,-1,-1,-1,-1,-1
201660U091557,1,9,0,14,0,0,0,0,0,0,1,1,6,3,-1,-1,-1,-1,-1,-1,-1,-1
201660U091614,1,9,0,2,0,0,0,0,1,11,2,1,2,2,38,7,-1,-1,-1,-1,-1,-1
201660U091865,1,9,0,18,0,0,0,0,0,0,3,1,6,1,-1,-1,-1,-1,-1,-1,-1,-1
201660U091865,2,9,0,3,0,0,0,0,0,0,3,1,6,1,46,8,-1,-1,-1,-1,-1,-1
201660U092253,1,9,0,18,0,0,0,0,0,0,1,1,6,2,53,8,-1,-1,-1,-1,-1,-1
201660U092947,1,9,0,2,0,0,0,0,0,0,3,1,6,2,20,4,-1,-1,-1,-1,-1,-1
201660U092947,2,1,0,14,0,0,0,4,0,0,1,1,6,1,21,5,-1,-1,-1,-1,-1,-1
201660U093216,1,9,0,17,0,0,0,0,0,0,1,1,6,1,30,6,-1,-1,-1,-1,-1,-1
201660U093216,2,1,0,16,0,0,0,0,0,0,1,1,2,1,23,5,-1,-1,-1,-1,-1,-1
201660U093371,1,5,0,18,0,0,1,0,0,0,1,1,6,1,61,9,-1,-1,-1,-1,-1,-1
201660U093414,1,11,0,16,0,0,1,0,0,0,3,1,1,1,55,8,-1,-1,-1,-1,-1,-1
201660U093414,2,9,0,17,0,0,0,0,0,0,3,1,6,1,45,7,-1,-1,-1,-1,-1,-1
201660U093418,1,9,0,16,0,2,0,0,0,0,1,1,6,1,50,8,-1,-1,-1,-1,-1,-1
201660U093418,2,9,0,17,0,1,0,0,0,0,1,1,6,2,20,4,-1,-1,-1,-1,-1,-1
201660U093549,1,9,0,4,0,1,1,0,3,4,1,1,6,1,55,8,-1,-1,-1,-1,-1,-1
201660U094000,1,97,0,18,0,8,0,0,0,0,3,1,6,1,18,4,-1,-1,-1,-1,-1,-1
201660U094428,1,11,0,18,0,8,0,0,0,0,0,1,1,1,-1,-1,-1,-1,-1,-1,-1,-1
201660U094595,1,9,0,17,0,0,0,0,0,0,1,1,6,1,71,10,-1,-1,-1,-1,-1,-1
201660U095058,1,9,0,18,0,0,1,0,1,9,1,1,6,1,41,7,-1,-1,-1,-1,-1,-1
201660U095430,1,9,0,4,0,1,0,0,0,0,1,1,6,2,29,6,-1,-1,-1,-1,-1,-1
201660U095430,2,9,0,3,0,1,0,0,0,0,2,1,6,1,58,9,-1,-1,-1,-1,-1,-1
201660U095430,3,9,0,3,0,1,0,0,0,0,2,1,6,1,47,8,-1,-1,-1,-1,-1,-1
201660U095448,1,97,0,18,0,0,0,0,0,0,1,1,6,1,36,7,-1,-1,-1,-1,-1,-1
201660U095448,2,1,0,18,0,0,0,0,0,0,1,1,6,1,22,5,-1,-1,-1,-1,-1,-1
201660U095562,1,9,0,9,0,2,0,0,0,0,1,1,6,2,23,5,-1,-1,-1,-1,-1,-1
201660U095562,2,9,0,18,0,1,0,0,0,0,1,1,6,2,62,9,-1,-1,-1,-1,-1,-1
201660U095747,1,19,0,5,0,6,0,0,0,0,1,1,6,1,48,8,-1,-1,-1,-1,-1,-1
201660U095747,2,9,0,18,0,8,1,0,0,0,1,1,6,1,27,6,-1,-1,-1,-1,-1,-1
201660U096145,1,9,0,18,0,0,1,0,1,1,1,1,6,2,21,5,-1,-1,-1,-1,-1,-1
201660U096153,1,9,0,5,0,4,0,0,0,0,1,1,6,1,66,10,-1,-1,-1,-1,-1,-1
201660U096153,2,1,0,18,0,8,0,0,0,0,2,1,2,1,43,7,-1,-1,-1,-1,-1,-1
201660U096657,1,9,0,16,0,0,0,0,0,0,1,1,6,1,57,9,-1,-1,-1,-1,-1,-1
201660U096657,2,9,0,17,0,0,0,0,0,0,1,1,6,2,25,5,-1,-1,-1,-1,-1,-1
201660U096684,1,9,0,5,0,1,0,0,0,0,1,1,6,1,21,5,-1,-1,-1,-1,-1,-1
201660U096684,2,5,0,18,0,1,0,0,0,0,1,1,6,1,26,6,-1,-1,-1,-1,-1,-1
201660U097005,1,90,5,18,0,0,2,0,1,9,4,1,6,2,61,9,-1,-1,-1,-1,-1,-1
201660U097009,1,9,0,5,0,1,0,0,0,0,1,1,6,1,-1,-1,-1,-1,-1,-1,-1,-1
201660U097009,2,9,0,8,0,1,0,0,0,0,2,1,1,1,21,5,-1,-1,-1,-1,-1,-1
201660U097026,1,9,0,18,0,1,0,0,0,0,1,1,6,2,51,8,-1,-1,-1,-1,-1,-1
201660U097026,2,9,0,4,0,1,0,0,0,0,2,1,6,1,25,5,-1,-1,-1,-1,-1,-1
201660U097026,3,9,0,10,0,1,0,0,0,0,2,1,6,2,45,7,-1,-1,-1,-1,-1,-1
201660U097101,1,9,0,2,0,0,0,0,0,0,3,1,6,1,69,10,-1,-1,-1,-1,-1,-1
201660U097101,2,1,0,14,0,0,0,0,0,0,4,1,6,1,53,8,-1,-1,-1,-1,-1,-1