Accident_Index,Vehicle_Reference,Vehicle_Type,Towing_and_Articulation,Vehicle_Manoeuvre,Vehicle_Location-Restricted_Lane,Junction_Location,Skidding_and_Overturning,Hit_Object_in_Carriageway,Vehicle_Leaving_Carriageway,Hit_Object_off_Carriageway,1st_Point_of_Impact,Was_Vehicle_Left_Hand_Drive?,Journey_Purpose_of_Driver,Sex_of_Driver,Age_of_Driver,Age_Band_of_Driver,Engine_Capacity_(CC),Propulsion_Code,Age_of_Vehicle,Driver_IMD_Decile,Driver_Home_Area_Type,Vehicle_IMD_Decile
201660U097101,3,1,0,14,0,0,0,0,0,0,4,1,6,2,63,9,-1,-1,-1,-1,-1,-1
201660U097532,1,9,0,5,0,0,0,0,0,0,1,1,2,2,24,5,-1,-1,-1,-1,-1,-1
201660U097532,2,9,0,5,0,0,0,0,0,0,2,1,6,1,27,6,-1,-1,-1,-1,-1,-1
201660U097532,3,9,0,18,0,0,0,0,0,0,2,1,6,1,75,10,-1,-1,-1,-1,-1,-1
201660U097599,1,5,0,16,0,0,1,0,0,0,1,1,6,1,59,9,-1,-1,-1,-1,-1,-1
201660U097599,2,9,0,17,0,0,0,0,0,0,1,1,6,1,44,7,-1,-1,-1,-1,-1,-1
201660U097607,1,5,0,16,0,0,0,0,7,10,4,1,6,1,43,7,-1,-1,-1,-1,-1,-1
201660U097715,1,5,0,13,0,0,2,0,1,0,1,1,6,1,47,8,-1,-1,-1,-1,-1,-1
201660U097715,2,9,0,18,0,0,0,0,0,0,0,1,6,1,63,9,-1,-1,-1,-1,-1,-1
201660U098160,1,9,0,18,0,0,0,0,1,11,1,1,2,2,18,4,-1,-1,-1,-1,-1,-1
201660U098160,2,9,0,2,0,0,0,0,0,0,2,1,6,3,-1,-1,-1,-1,-1,-1,-1,-1
201660U098182,1,9,0,4,0,1,0,0,0,0,1,1,6,1,20,4,-1,-1,-1,-1,-1,-1
201660U098182,2,9,0,3,0,1,0,0,0,0,2,1,6,2,54,8,-1,-1,-1,-1,-1,-1
201660U098343,1,9,0,17,0,0,2,0,7,4,1,1,6,1,48,8,-1,-1,-1,-1,-1,-1
201660U098361,1,9,0,4,0,1,0,0,0,0,1,1,2,2,20,4,-1,-1,-1,-1,-1,-1
201660U098361,2,5,0,3,0,1,0,0,0,0,2,1,2,1,52,8,-1,-1,-1,-1,-1,-1
201660U098383,1,9,0,18,0,1,1,0,0,0,1,1,6,2,30,6,-1,-1,-1,-1,-1,-1
201660U098932,1,9,0,5,0,0,0,0,0,0,1,1,6,1,28,6,-1,-1,-1,-1,-1,-1
201660U098932,2,9,0,3,0,0,0,0,0,0,2,1,6,2,64,9,-1,-1,-1,-1,-1,-1
201660U099011,1,19,0,9,0,5,0,0,0,0,1,1,6,1,35,6,-1,-1,-1,-1,-1,-1
201660U099011,2,9,0,17,0,1,0,0,0,0,1,1,6,1,56,9,-1,-1,-1,-1,-1,-1
201660U099038,1,9,0,18,0,1,0,0,0,0,1,1,1,1,26,6,-1,-1,-1,-1,-1,-1
201660U099038,2,1,0,7,0,5,1,0,0,0,1,1,6,1,11,3,-1,-1,-1,-1,-1,-1
201660U099244,1,9,0,18,0,8,1,0,0,0,1,1,6,1,19,4,-1,-1,-1,-1,-1,-1
201660U099244,2,9,0,18,0,1,0,0,0,0,0,1,1,1,35,6,-1,-1,-1,-1,-1,-1
201660U099465,1,9,0,9,0,1,0,0,0,0,4,1,6,2,29,6,-1,-1,-1,-1,-1,-1
201660U099524,1,9,0,17,0,0,0,0,2,11,4,1,1,1,41,7,-1,-1,-1,-1,-1,-1
201660U099926,1,9,0,18,0,1,0,0,0,0,1,1,6,1,23,5,-1,-1,-1,-1,-1,-1
201660U099926,2,9,0,4,0,1,0,0,0,0,2,1,3,2,59,9,-1,-1,-1,-1,-1,-1
201660U100027,1,98,0,9,0,8,0,0,0,0,1,1,6,1,56,9,-1,-1,-1,-1,-1,-1
201660U100027,2,9,0,18,0,8,0,0,0,0,3,1,6,1,80,11,-1,-1,-1,-1,-1,-1
201660U100134,1,9,4,18,0,0,0,0,0,0,2,1,6,1,75,10,-1,-1,-1,-1,-1,-1
201660U100134,2,1,0,18,0,0,0,0,0,0,0,1,6,1,49,8,-1,-1,-1,-1,-1,-1
201660U100196,1,9,0,16,0,0,1,0,1,11,1,1,6,2,35,6,-1,-1,-1,-1,-1,-1
201660U100196,2,9,0,16,0,0,0,0,0,0,0,1,6,1,37,7,-1,-1,-1,-1,-1,-1
201660U100498,1,9,0,18,0,1,1,0,0,0,1,1,1,1,38,7,-1,-1,-1,-1,-1,-1
201660U100498,2,9,0,18,0,2,0,0,7,9,3,1,6,1,57,9,-1,-1,-1,-1,-1,-1
201660U100564,1,9,0,18,0,0,0,0,0,0,1,1,6,2,19,4,-1,-1,-1,-1,-1,-1
201660U100564,2,9,0,18,0,0,0,0,0,0,2,1,6,2,49,8,-1,-1,-1,-1,-1,-1
201660U100577,1,9,0,18,0,0,0,0,1,11,1,1,6,2,40,7,-1,-1,-1,-1,-1,-1
201660U100623,1,1,0,9,0,1,0,0,0,0,3,1,6,1,13,3,-1,-1,-1,-1,-1,-1
201660U100623,2,9,0,18,0,1,0,0,0,0,1,1,6,1,73,10,-1,-1,-1,-1,-1,-1
201660U100636,1,11,0,5,0,0,0,0,0,0,4,1,1,3,-1,-1,-1,-1,-1,-1,-1,-1
201660U100699,1,9,0,18,0,1,0,0,0,0,4,1,6,2,40,7,-1,-1,-1,-1,-1,-1
201660U101784,1,9,0,5,9,0,0,0,0,0,4,1,6,3,-1,-1,-1,-1,-1,-1,-1,-1
201660U102363,1,9,0,18,0,1,0,0,0,0,1,1,6,1,79,11,-1,-1,-1,-1,-1,-1
201660U102363,2,9,0,10,0,1,0,0,0,0,2,1,6,2,29,6,-1,-1,-1,-1,-1,-1
201660U102387,1,9,0,16,0,0,0,0,0,0,1,1,6,1,18,4,-1,-1,-1,-1,-1,-1
201660U102387,2,9,0,17,0,0,0,0,0,0,1,1,6,2,20,4,-1,-1,-1,-1,-1,-1
201660U102898,1,5,0,14,0,0,2,0,0,0,1,1,6,1,27,6,-1,-1,-1,-1,-1,-1
201660U102898,2,9,0,18,0,0,0,0,0,0,1,1,6,1,81,11,-1,-1,-1,-1,-1,-1
201660U102898,3,9,0,3,0,0,0,0,0,0,0,1,6,2,40,7,-1,-1,-1,-1,-1,-1
201660U102898,4,17,0,2,0,0,0,0,0,0,0,1,6,1,70,10,-1,-1,-1,-1,-1,-1
201660U102981,1,9,0,18,0,0,0,0,0,0,1,1,6,3,-1,-1,-1,-1,-1,-1,-1,-1
201660U102981,2,9,0,18,0,0,0,0,0,0,1,1,6,1,62,9,-1,-1,-1,-1,-1,-1
201660U103034,1,9,0,7,0,8,0,0,0,0,1,1,6,1,19,4,-1,-1,-1,-1,-1,-1
201660U103034,2,1,0,9,0,8,0,0,0,0,1,1,6,1,7,2,-1,-1,-1,-1,-1,-1
201660U103051,1,9,0,18,0,0,0,12,0,0,1,1,6,1,78,11,-1,-1,-1,-1,-1,-1
201660U103051,2,9,0,4,0,0,0,0,0,0,1,1,6,2,58,9,-1,-1,-1,-1,-1,-1
201660U103328,1,9,0,18,0,0,0,0,0,0,1,1,1,1,23,5,-1,-1,-1,-1,-1,-1
201660U103328,2,9,0,18,0,0,0,0,0,0,1,1,6,1,33,6,-1,-1,-1,-1,-1,-1
201660U103375,1,9,0,18,0,1,0,0,0,0,1,1,6,1,77,11,-1,-1,-1,-1,-1,-1
201660U103375,2,9,0,2,0,1,0,0,0,0,1,1,6,2,47,8,-1,-1,-1,-1,-1,-1
201660U103384,1,9,0,4,0,1,0,0,0,0,1,1,6,1,-1,-1,-1,-1,-1,-1,-1,-1
201660U103384,2,9,0,3,0,1,0,0,0,0,2,1,6,1,57,9,-1,-1,-1,-1,-1,-1
201660U103742,1,9,0,18,0,0,1,0,1,10,4,1,6,2,58,9,-1,-1,-1,-1,-1,-1
201660U103898,1,9,0,7,0,6,0,0,0,0,1,1,6,2,20,4,-1,-1,-1,-1,-1,-1
201660U103898,2,1,0,18,0,8,0,0,0,0,2,1,6,1,49,8,-1,-1,-1,-1,-1,-1
201660U103991,1,20,0,18,0,0,0,0,0,0,4,1,1,1,28,6,-1,-1,-1,-1,-1,-1
201660U104175,1,9,0,18,0,0,1,0,0,0,1,1,6,1,24,5,-1,-1,-1,-1,-1,-1
201660U104175,2,9,0,2,0,0,0,0,0,0,2,1,6,2,41,7,-1,-1,-1,-1,-1,-1
201660U104175,3,9,0,2,0,0,0,0,0,0,2,1,6,2,58,9,-1,-1,-1,-1,-1,-1
201660U104278,1,9,0,9,0,2,0,0,0,0,1,1,2,2,18,4,-1,-1,-1,-1,-1,-1
201660U104278,2,9,0,18,0,1,0,0,0,0,1,1,2,2,46,8,-1,-1,-1,-1,-1,-1
201660U104286,1,9,0,17,0,0,2,0,1,11,1,1,6,2,40,7,-1,-1,-1,-1,-1,-1
201660U104343,1,9,0,18,9,6,0,0,0,0,1,1,6,3,-1,-1,-1,-1,-1,-1,-1,-1
201660U104343,2,1,0,4,9,8,0,0,0,0,3,1,6,2,17,4,-1,-1,-1,-1,-1,-1
201660U104365,1,9,0,18,0,0,1,10,1,11,1,1,6,1,-1,-1,-1,-1,-1,-1,-1,-1
201660U104385,1,9,0,9,0,2,0,0,0,0,1,1,6,1,31,6,-1,-1,-1,-1,-1,-1
201660U104385,2,1,0,7,0,2,0,0,0,0,2,1,6,2,75,10,-1,-1,-1,-1,-1,-1
201660U104645,1,1,0,9,0,0,0,0,0,0,2,1,6,1,49,8,-1,-1,-1,-1,-1,-1
201660U104645,2,9,0,15,0,0,0,0,0,0,1,1,6,1,25,5,-1,-1,-1,-1,-1,-1
201660U104918,1,5,0,16,0,1,5,0,0,0,1,1,6,1,46,8,-1,-1,-1,-1,-1,-1
201660U104918,2,9,0,16,0,1,0,0,0,0,1,1,6,2,67,10,-1,-1,-1,-1,-1,-1
201660U104918,3,9,0,16,0,1,0,0,0,0,1,1,6,1,39,7,-1,-1,-1,-1,-1,-1
201660U104936,1,9,0,16,0,0,1,10,8,1,1,1,6,1,26,6,-1,-1,-1,-1,-1,-1
201660U104941,1,9,0,18,0,1,0,0,0,0,1,1,6,1,59,9,-1,-1,-1,-1,-1,-1
201660U104941,2,9,0,5,0,8,0,0,0,0,4,1,6,1,36,7,-1,-1,-1,-1,-1,-1
201660U104967,1,9,0,18,0,0,0,0,0,0,1,1,6,2,53,8,-1,-1,-1,-1,-1,-1
201660U104967,2,9,0,16,0,0,0,0,0,0,1,1,6,1,24,5,-1,-1,-1,-1,-1,-1
201660U104993,1,19,0,17,0,0,0,0,0,0,0,1,6,3,-1,-1,-1,-1,-1,-1,-1,-1
201660U104993,2,5,0,16,0,0,2,0,0,0,1,1,6,1,41,7,-1,-1,-1,-1,-1,-1
201660U105051,1,5,0,4,0,0,0,0,0,0,1,1,6,2,45,7,-1,-1,-1,-1,-1,-1
201660U105051,2,5,0,4,0,0,0,0,0,0,2,1,6,1,55,8,-1,-1,-1,-1,-1,-1
201660U105455,1,9,0,9,0,1,0,0,0,0,1,1,6,1,86,11,-1,-1,-1,-1,-1,-1
201660U105455,2,9,0,9,0,1,0,0,0,0,1,1,6,2,43,7,-1,-1,-1,-1,-1,-1
201660U105604,1,9,0,18,0,2,0,0,0,0,1,1,6,1,60,9,-1,-1,-1,-1,-1,-1
201660U105637,1,9,0,18,0,0,0,0,0,0,1,1,6,1,72,10,-1,-1,-1,-1,-1,-1
201660U105637,2,9,0,18,0,0,0,0,0,0,1,1,6,2,47,8,-1,-1,-1,-1,-1,-1
201660U105952,1,9,0,18,0,1,0,0,0,0,1,1,6,1,43,7,-1,-1,-1,-1,-1,-1
201660U105952,2,9,0,3,0,1,5,0,0,0,2,1,6,1,50,8,-1,-1,-1,-1,-1,-1
201660U105952,3,9,0,10,0,1,0,0,0,0,2,1,6,1,22,5,-1,-1,-1,-1,-1,-1
201660U106034,1,9,0,18,0,1,0,0,0,0,1,1,6,1,60,9,-1,-1,-1,-1,-1,-1
201660U106153,1,5,0,17,0,1,0,0,0,0,1,1,2,1,19,4,-1,-1,-1,-1,-1,-1
201660U106153,2,9,0,18,0,1,0,0,0,0,2,1,1,1,44,7,-1,-1,-1,-1,-1,-1
201660U106153,3,9,0,16,0,1,0,0,0,0,1,1,6,2,61,9,-1,-1,-1,-1,-1,-1
201660U106258,1,9,0,1,0,1,0,0,0,0,0,1,1,1,45,7,-1,-1,-1,-1,-1,-1
201660U106258,2,5,0,7,0,1,0,0,0,0,4,1,6,1,59,9,-1,-1,-1,-1,-1,-1
201660U106279,1,5,0,16,0,0,1,0,7,4,1,1,6,1,45,7,-1,-1,-1,-1,-1,-1
201660U106618,1,9,0,7,0,5,0,0,0,0,1,1,6,3,-1,-1,-1,-1,-1,-1,-1,-1
201660U106618,2,9,0,7,0,6,0,0,0,0,3,1,6,1,33,6,-1,-1,-1,-1,-1,-1
201660U106817,1,9,0,18,0,0,0,0,0,0,1,1,6,2,68,10,-1,-1,-1,-1,-1,-1
201660U106817,2,19,0,18,0,0,0,0,0,0,1,1,6,1,25,5,-1,-1,-1,-1,-1,-1
201660U107350,1,5,0,13,0,1,2,10,7,0,1,1,6,1,52,8,-1,-1,-1,-1,-1,-1
201660U107350,2,9,0,9,0,5,0,0,0,0,1,1,6,1,18,4,-1,-1,-1,-1,-1,-1
201660U107350,3,9,0,2,0,2,0,0,0,0,1,1,6,1,-1,-1,-1,-1,-1,-1,-1,-1
201660U107468,1,3,0,4,0,0,5,0,0,0,0,1,2,1,24,5,-1,-1,-1,-1,-1,-1
201660U108395,1,9,0,17,0,0,0,0,2,7,1,1,2,1,51,8,-1,-1,-1,-1,-1,-1
201660U108433,1,9,0,18,0,0,0,0,0,0,1,1,2,1,46,8,-1,-1,-1,-1,-1,-1
201660U108433,2,9,0,2,0,0,0,0,0,0,1,1,6,1,40,7,-1,-1,-1,-1,-1,-1
201660U108433,3,9,0,2,0,0,0,0,0,0,1,1,6,1,82,11,-1,-1,-1,-1,-1,-1
201660U108643,1,9,0,18,0,1,0,0,0,0,1,1,6,1,17,4,-1,-1,-1,-1,-1,-1
201660U108643,2,9,0,9,0,1,0,0,0,0,2,1,6,1,35,6,-1,-1,-1,-1,-1,-1
201660U108653,1,1,0,18,0,0,0,0,0,0,1,1,6,1,64,9,-1,-1,-1,-1,-1,-1
201660U108690,1,5,0,16,0,0,2,0,7,1,1,1,6,1,50,8,-1,-1,-1,-1,-1,-1
201660U108690,2,5,0,16,0,0,2,0,7,0,1,1,6,1,45,7,-1,-1,-1,-1,-1,-1
201660U108937,1,9,0,17,0,0,0,0,1,10,1,1,6,1,22,5,-1,-1,-1,-1,-1,-1
201660U108937,2,19,0,16,0,0,1,0,0,0,1,1,6,1,49,8,-1,-1,-1,-1,-1,-1
201660U109057,1,3,0,16,0,0,0,0,0,0,3,1,6,1,24,5,-1,-1,-1,-1,-1,-1
201660U109057,2,3,0,16,0,0,0,0,0,0,0,1,6,1,26,6,-1,-1,-1,-1,-1,-1
201660U109207,1,9,0,16,0,0,0,0,1,11,1,1,6,1,38,7,-1,-1,-1,-1,-1,-1
201660U109635,1,20,0,18,0,0,0,0,0,0,1,1,1,1,42,7,-1,-1,-1,-1,-1,-1
201660U110055,1,4,0,16,0,0,2,0,7,4,1,1,6,1,28,6,-1,-1,-1,-1,-1,-1
201660U110064,1,9,0,18,0,2,0,10,2,11,1,1,6,1,18,4,-1,-1,-1,-1,-1,-1
201660U110064,2,9,0,2,0,2,0,0,0,0,2,1,6,2,61,9,-1,-1,-1,-1,-1,-1
201660U110064,3,9,0,2,0,2,0,0,0,0,1,1,6,1,64,9,-1,-1,-1,-1,-1,-1
201660U111197,1,98,0,9,0,1,0,0,0,0,1,1,6,1,35,6,-1,-1,-1,-1,-1,-1
201660U111197,2,9,0,16,0,1,0,0,0,0,1,1,6,2,50,8,-1,-1,-1,-1,-1,-1
201660U111708,1,9,0,18,0,4,0,0,0,0,1,1,2,1,52,8,-1,-1,-1,-1,-1,-1
201660U111708,2,9,0,9,0,3,0,0,0,0,2,1,6,1,61,9,-1,-1,-1,-1,-1,-1
201660U111778,1,19,0,18,0,1,0,0,0,0,1,1,1,1,52,8,-1,-1,-1,-1,-1,-1
201660U111778,2,19,0,10,0,1,0,0,0,0,2,1,1,1,36,7,-1,-1,-1,-1,-1,-1
201660U111778,3,9,0,4,6,5,0,0,0,0,0,1,6,2,21,5,-1,-1,-1,-1,-1,-1
201660U111810,1,9,0,17,0,0,2,0,8,10,1,1,6,1,33,6,-1,-1,-1,-1,-1,-1
201660U111902,1,9,0,3,0,1,0,0,0,0,2,1,6,1,51,8,-1,-1,-1,-1,-1,-1
201660U111902,2,9,0,18,0,1,0,0,0,0,1,1,6,2,27,6,-1,-1,-1,-1,-1,-1
201660U111915,1,9,0,18,0,1,0,0,0,0,1,1,6,3,-1,-1,-1,-1,-1,-1,-1,-1
201660U111915,2,9,0,3,0,1,0,0,0,0,2,1,6,1,32,6,-1,-1,-1,-1,-1,-1
201660U111979,1,97,0,7,0,6,0,0,0,0,1,1,6,1,16,4,-1,-1,-1,-1,-1,-1
201660U111979,2,9,0,18,0,1,0,0,0,0,4,1,6,2,19,4,-1,-1,-1,-1,-1,-1
201660U112053,1,97,0,17,0,0,2,0,0,0,0,1,6,1,72,10,-1,-1,-1,-1,-1,-1
201660U112183,1,9,0,17,0,1,0,0,0,0,4,1,6,3,-1,-1,-1,-1,-1,-1,-1,-1
201660U112183,2,2,0,17,0,1,0,0,1,11,3,1,6,1,17,4,-1,-1,-1,-1,-1,-1
201660U112183,3,9,0,18,0,1,0,0,0,0,0,1,6,2,47,8,-1,-1,-1,-1,-1,-1
201660U112249,1,9,0,18,0,0,5,0,7,4,1,1,6,1,42,7,-1,-1,-1,-1,-1,-1
201660U112277,1,9,0,16,0,0,0,0,0,0,1,1,6,1,-1,-1,-1,-1,-1,-1,-1,-1
201660U112277,2,9,0,17,0,0,0,0,0,0,1,1,6,2,66,10,-1,-1,-1,-1,-1,-1
201660U112468,1,9,0,18,0,0,0,0,0,0,0,1,6,1,77,11,-1,-1,-1,-1,-1,-1
201660U112468,2,9,0,2,0,0,0,0,0,0,0,1,6,1,37,7,-1,-1,-1,-1,-1,-1
201660U112520,1,9,0,18,0,1,0,0,0,0,1,1,6,1,24,5,-1,-1,-1,-1,-1,-1
201660U112520,2,9,0,3,0,1,0,0,0,0,2,1,6,1,64,9,-1,-1,-1,-1,-1,-1
201660U112997,1,2,0,18,0,0,0,4,0,0,1,1,6,1,28,6,-1,-1,-1,-1,-1,-1
201660U112997,2,9,0,2,0,0,0,0,0,0,4,1,6,2,64,9,-1,-1,-1,-1,-1,-1
201660U112997,3,9,0,2,0,0,0,0,0,0,2,1,6,2,38,7,-1,-1,-1,-1,-1,-1
201660U113056,1,9,0,18,9,2,0,10,3,11,1,1,6,1,52,8,-1,-1,-1,-1,-1,-1
201660U113218,1,3,0,16,0,0,1,0,0,0,1,1,6,1,53,8,-1,-1,-1,-1,-1,-1
201660U113218,2,5,0,17,0,0,0,0,0,0,1,1,6,1,47,8,-1,-1,-1,-1,-1,-1
201660U113220,1,9,0,2,0,0,0,0,0,0,3,1,6,2,53,8,-1,-1,-1,-1,-1,-1
201660U113220,2,1,0,14,0,0,0,0,0,0,1,1,6,1,20,4,-1,-1,-1,-1,-1,-1
201660U113298,1,9,0,6,0,1,0,0,0,0,3,1,6,1,70,10,-1,-1,-1,-1,-1,-1
201660U113298,2,5,0,14,0,1,0,0,7,0,4,1,6,1,53,8,-1,-1,-1,-1,-1,-1
201660U113365,1,9,0,9,0,6,0,0,0,0,1,1,6,2,19,4,-1,-1,-1,-1,-1,-1
201660U113365,2,9,0,18,0,1,0,0,0,0,1,1,6,1,22,5,-1,-1,-1,-1,-1,-1
201660U113685,1,9,0,18,0,0,0,0,0,0,1,1,6,1,74,10,-1,-1,-1,-1,-1,-1
201660U113685,2,9,0,4,0,0,0,0,0,0,2,1,6,1,44,7,-1,-1,-1,-1,-1,-1
201660U113977,1,9,0,12,0,4,0,0,0,0,3,1,6,2,51,8,-1,-1,-1,-1,-1,-1
201660U113977,2,4,0,17,0,3,0,0,0,0,4,1,6,1,58,9,-1,-1,-1,-1,-1,-1
201660U114391,1,9,0,18,0,0,0,0,1,10,4,1,6,2,45,7,-1,-1,-1,-1,-1,-1
201660U114878,1,1,0,18,0,0,0,0,1,0,0,1,6,1,61,9,-1,-1,-1,-1,-1,-1
201660U114952,1,9,0,18,0,1,0,0,1,3,1,1,6,1,71,10,-1,-1,-1,-1,-1,-1
201660U115177,1,9,0,17,0,0,0,0,0,0,1,1,6,1,26,6,-1,-1,-1,-1,-1,-1
201660U115177,2,9,0,16,0,0,0,0,0,0,1,1,6,1,58,9,-1,-1,-1,-1,-1,-1
201660U115468,1,9,0,18,0,1,0,0,0,0,4,1,6,2,65,9,-1,-1,-1,-1,-1,-1
201660U115468,2,9,0,18,0,1,0,0,0,0,1,1,6,2,58,9,-1,-1,-1,-1,-1,-1
201660U115491,1,9,0,2,0,2,0,0,0,0,3,1,6,2,51,8,-1,-1,-1,-1,-1,-1
201660U115491,2,9,0,18,0,2,0,8,0,0,4,1,1,1,37,7,-1,-1,-1,-1,-1,-1
201660U115755,1,9,0,18,0,4,0,0,0,0,0,1,6,2,69,10,-1,-1,-1,-1,-1,-1
201660U115755,2,1,0,18,0,8,5,0,0,0,0,1,6,1,74,10,-1,-1,-1,-1,-1,-1
201660U115779,1,9,0,18,0,1,1,0,0,0,1,1,6,1,-1,-1,-1,-1,-1,-1,-1,-1
201660U115779,2,9,0,1,0,6,0,0,0,0,2,1,6,2,19,4,-1,-1,-1,-1,-1,-1
201660U115866,1,9,0,13,0,2,0,0,0,0,0,1,6,3,-1,-1,-1,-1,-1,-1,-1,-1
201660U115866,2,3,0,18,0,2,0,0,0,0,0,1,6,1,17,4,-1,-1,-1,-1,-1,-1
201660U116279,1,9,0,18,0,0,0,0,7,9,1,1,6,1,71,10,-1,-1,-1,-1,-1,-1
201660U116441,1,9,0,18,0,0,0,0,7,10,3,1,6,1,19,4,-1,-1,-1,-1,-1,-1
201660U116633,1,11,0,9,0,1,0,0,0,0,1,1,1,1,55,8,-1,-1,-1,-1,-1,-1
201660U116633,2,9,0,9,0,1,0,0,0,0,3,1,6,2,45,7,-1,-1,-1,-1,-1,-1
201660U116693,1,9,0,16,0,0,0,0,0,0,1,1,6,1,73,10,-1,-1,-1,-1,-1,-1
201660U116693,2,11,0,17,0,0,0,0,0,0,3,1,1,1,49,8,-1,-1,-1,-1,-1,-1
201660U116780,1,9,0,18,0,0,1,0,0,0,1,1,6,2,26,6,-1,-1,-1,-1,-1,-1
201660U116780,2,9,0,3,0,0,0,0,0,0,3,1,6,1,46,8,-1,-1,-1,-1,-1,-1
201660U116834,1,9,0,18,0,0,1,0,0,0,1,1,6,1,65,9,-1,-1,-1,-1,-1,-1
201660U116834,2,9,0,18,0,0,5,0,1,0,1,1,6,1,50,8,-1,-1,-1,-1,-1,-1
201660U116834,3,9,0,18,0,0,0,0,0,0,3,1,6,1,47,8,-1,-1,-1,-1,-1,-1
201660U116969,1,9,0,18,0,8,0,0,0,0,3,1,6,1,28,6,-1,-1,-1,-1,-1,-1
201660U116969,2,19,0,5,0,8,0,0,0,0,4,1,6,1,45,7,-1,-1,-1,-1,-1,-1
201660U117214,1,9,0,18,0,0,1,10,1,11,3,1,6,2,18,4,-1,-1,-1,-1,-1,-1
201660U117214,2,8,0,18,0,0,0,7,0,0,1,1,1,1,54,8,-1,-1,-1,-1,-1,-1
201660U117306,1,5,0,17,0,0,1,0,0,0,0,1,6,1,58,9,-1,-1,-1,-1,-1,-1
201660U117413,1,9,0,18,0,1,0,0,0,0,1,1,6,1,48,8,-1,-1,-1,-1,-1,-1
201660U117413,2,9,0,3,0,1,0,0,0,0,2,1,6,1,22,5,-1,-1,-1,-1,-1,-1
201660U117413,3,9,0,3,0,1,0,0,0,0,2,1,6,1,51,8,-1,-1,-1,-1,-1,-1
201660U117457,1,9,0,16,0,0,1,0,0,0,3,1,6,1,76,11,-1,-1,-1,-1,-1,-1
201660U117457,2,9,0,17,0,0,0,0,0,0,3,1,6,1,65,9,-1,-1,-1,-1,-1,-1
201660U117507,1,9,0,4,0,4,0,0,0,0,3,1,6,1,80,11,-1,-1,-1,-1,-1,-1
201660U117507,2,5,0,5,0,3,0,0,0,0,4,1,6,1,40,7,-1,-1,-1,-1,-1,-1
201660U117562,1,9,0,18,0,0,0,0,0,0,1,1,6,1,27,6,-1,-1,-1,-1,-1,-1
201660U117562,2,9,0,3,0,0,0,0,0,0,2,1,6,1,67,10,-1,-1,-1,-1,-1,-1
201660U117562,3,9,0,3,0,0,0,0,0,0,2,1,6,2,34,6,-1,-1,-1,-1,-1,-1
201660U117586,1,9,0,13,0,0,0,0,0,0,1,1,6,1,21,5,-1,-1,-1,-1,-1,-1
201660U117586,2,9,0,18,0,0,0,0,0,0,3,1,6,1,51,8,-1,-1,-1,-1,-1,-1
201660U117586,3,9,0,18,0,0,0,0,0,0,1,1,6,2,23,5,-1,-1,-1,-1,-1,-1
201660U117586,4,9,0,18,0,0,0,0,0,0,3,1,6,1,33,6,-1,-1,-1,-1,-1,-1
201660U118093,1,9,0,13,0,0,0,0,0,0,3,1,6,1,-1,-1,-1,-1,-1,-1,-1,-1
201660U118093,2,9,0,13,0,0,0,0,0,0,4,1,6,1,27,6,-1,-1,-1,-1,-1,-1
201660U118788,1,3,0,18,0,8,0,0,0,0,1,1,6,1,24,5,-1,-1,-1,-1,-1,-1
201660U118980,1,3,0,18,0,8,0,0,0,0,1,1,2,1,35,6,-1,-1,-1,-1,-1,-1
201660U118980,2,9,0,18,0,8,0,0,0,0,4,1,2,1,23,5,-1,-1,-1,-1,-1,-1
201660U119095,1,9,0,18,0,0,0,0,0,0,3,1,1,1,29,6,-1,-1,-1,-1,-1,-1
201660U119095,2,9,0,18,0,0,0,0,0,0,3,1,6,2,43,7,-1,-1,-1,-1,-1,-1
201660U119163,1,9,0,17,0,0,0,0,0,0,1,1,6,2,21,5,-1,-1,-1,-1,-1,-1
201660U119163,2,9,0,3,0,0,0,0,0,0,2,1,6,2,67,10,-1,-1,-1,-1,-1,-1
201660U119163,3,11,0,4,0,0,0,0,0,0,1,1,1,1,38,7,-1,-1,-1,-1,-1,-1
201660U119211,1,9,0,18,0,1,0,0,0,0,1,1,6,2,70,10,-1,-1,-1,-1,-1,-1
201660U119211,2,9,0,7,0,1,0,0,0,0,2,1,6,2,64,9,-1,-1,-1,-1,-1,-1
201660U119364,1,3,0,7,0,6,2,0,1,0,1,1,6,1,21,5,-1,-1,-1,-1,-1,-1
201660U119466,1,8,0,17,0,1,5,0,0,0,4,1,1,2,26,6,-1,-1,-1,-1,-1,-1
201660U119466,2,9,0,16,0,1,0,0,0,0,1,1,6,1,27,6,-1,-1,-1,-1,-1,-1
201660U119816,1,9,0,18,0,1,0,0,0,0,1,1,6,1,42,7,-1,-1,-1,-1,-1,-1
201660U119816,2,9,0,18,0,1,0,0,0,0,1,1,6,2,30,6,-1,-1,-1,-1,-1,-1
201660U119816,3,9,0,18,0,1,0,0,0,0,2,1,6,1,27,6,-1,-1,-1,-1,-1,-1
201660U119877,1,9,0,17,0,0,0,0,0,0,0,1,6,1,28,6,-1,-1,-1,-1,-1,-1
201660U119877,2,9,0,16,0,0,0,0,0,0,2,1,6,1,45,7,-1,-1,-1,-1,-1,-1
201660U119877,3,9,0,16,0,0,0,0,0,0,1,1,6,1,33,6,-1,-1,-1,-1,-1,-1
201660U119946,1,9,0,18,0,4,0,0,0,0,1,1,6,1,68,10,-1,-1,-1,-1,-1,-1
201660U119946,2,9,0,9,0,4,0,0,0,0,1,1,6,2,52,8,-1,-1,-1,-1,-1,-1
201660U120121,1,9,0,16,0,2,5,0,0,0,4,1,6,1,26,6,-1,-1,-1,-1,-1,-1
201660U120197,1,9,0,5,0,4,0,0,0,0,3,1,6,2,66,10,-1,-1,-1,-1,-1,-1
201660U120197,2,1,0,18,0,3,0,0,0,0,1,1,6,1,61,9,-1,-1,-1,-1,-1,-1
201660U120289,1,9,0,18,0,0,1,0,0,0,1,1,6,1,35,6,-1,-1,-1,-1,-1,-1
201660U120289,2,9,0,4,0,0,0,0,0,0,2,1,6,1,64,9,-1,-1,-1,-1,-1,-1
201660U120372,1,5,0,17,0,1,1,0,1,10,4,1,6,1,46,8,-1,-1,-1,-1,-1,-1
201660U120375,1,9,0,9,0,1,0,0,0,0,0,1,6,1,35,6,-1,-1,-1,-1,-1,-1
201660U120375,2,9,0,18,0,1,0,10,2,1,1,1,6,1,60,9,-1,-1,-1,-1,-1,-1