Accident_Index,Vehicle_Reference,Vehicle_Type,Towing_and_Articulation,Vehicle_Manoeuvre,Vehicle_Location-Restricted_Lane,Junction_Location,Skidding_and_Overturning,Hit_Object_in_Carriageway,Vehicle_Leaving_Carriageway,Hit_Object_off_Carriageway,1st_Point_of_Impact,Was_Vehicle_Left_Hand_Drive?,Journey_Purpose_of_Driver,Sex_of_Driver,Age_of_Driver,Age_Band_of_Driver,Engine_Capacity_(CC),Propulsion_Code,Age_of_Vehicle,Driver_IMD_Decile,Driver_Home_Area_Type,Vehicle_IMD_Decile
201660U120445,1,9,0,13,0,0,2,0,7,0,2,1,6,1,36,7,-1,-1,-1,-1,-1,-1
201660U120445,2,9,0,13,0,0,2,0,7,0,1,1,6,1,21,5,-1,-1,-1,-1,-1,-1
201660U120514,1,9,0,4,0,0,0,0,0,0,1,1,6,3,-1,-1,-1,-1,-1,-1,-1,-1
201660U120514,2,9,0,3,0,0,0,0,0,0,2,1,6,2,42,7,-1,-1,-1,-1,-1,-1
201660U120514,3,9,0,3,0,0,0,0,0,0,0,1,6,1,48,8,-1,-1,-1,-1,-1,-1
201660U120864,1,9,0,13,0,0,0,0,0,0,4,1,6,3,-1,-1,-1,-1,-1,-1,-1,-1
201660U120864,2,1,0,18,0,0,0,0,0,0,3,1,6,1,49,8,-1,-1,-1,-1,-1,-1
201660U120864,3,1,0,18,0,0,0,0,0,0,2,1,6,1,19,4,-1,-1,-1,-1,-1,-1
201660U120876,1,9,0,3,0,1,0,0,0,0,4,1,6,1,85,11,-1,-1,-1,-1,-1,-1
201660U120876,2,1,0,4,0,1,0,0,0,0,3,1,6,1,42,7,-1,-1,-1,-1,-1,-1
201660U121004,1,5,0,13,0,1,0,0,0,0,1,1,6,1,52,8,-1,-1,-1,-1,-1,-1
201660U121004,2,9,0,9,0,5,0,0,0,0,2,1,6,2,59,9,-1,-1,-1,-1,-1,-1
201660U121004,3,17,4,18,0,1,0,0,0,0,0,1,6,3,-1,-1,-1,-1,-1,-1,-1,-1
201660U121244,1,9,0,18,0,0,0,0,0,0,4,1,6,1,28,6,-1,-1,-1,-1,-1,-1
201660U121526,1,5,0,16,0,1,1,0,0,0,1,1,6,1,48,8,-1,-1,-1,-1,-1,-1
201660U121526,2,9,4,9,0,1,0,0,0,0,2,1,1,1,31,6,-1,-1,-1,-1,-1,-1
201660U121627,1,21,0,18,0,1,0,0,0,0,1,2,1,1,39,7,-1,-1,-1,-1,-1,-1
201660U121627,2,9,0,4,0,1,0,0,0,0,2,1,6,2,66,10,-1,-1,-1,-1,-1,-1
201660U121775,1,9,0,18,0,2,0,0,0,0,1,1,6,2,55,8,-1,-1,-1,-1,-1,-1
201660U122315,1,9,0,18,0,1,0,0,0,0,3,1,6,1,66,10,-1,-1,-1,-1,-1,-1
201660U122315,2,90,0,18,0,1,0,0,0,0,3,1,6,1,62,9,-1,-1,-1,-1,-1,-1
201660U122315,3,9,0,18,0,1,0,0,0,0,3,1,6,1,50,8,-1,-1,-1,-1,-1,-1
201660U122315,4,9,0,18,0,1,0,0,0,0,3,1,6,2,49,8,-1,-1,-1,-1,-1,-1
201660U122731,1,9,0,9,0,8,0,0,0,0,1,1,6,1,65,9,-1,-1,-1,-1,-1,-1
201660U122731,2,9,0,18,0,1,0,0,0,0,3,1,6,1,31,6,-1,-1,-1,-1,-1,-1
201660U122887,1,9,0,18,0,1,0,0,0,0,0,1,6,2,-1,-1,-1,-1,-1,-1,-1,-1
201660U122887,2,11,0,16,0,2,0,0,0,0,0,1,1,1,45,7,-1,-1,-1,-1,-1,-1
201660U123082,1,1,0,18,0,0,0,0,0,0,4,1,6,1,54,8,-1,-1,-1,-1,-1,-1
201660U123082,2,1,0,18,0,0,0,0,0,0,3,1,6,1,50,8,-1,-1,-1,-1,-1,-1
201660U123082,3,1,0,18,0,0,0,0,0,0,1,1,6,1,52,8,-1,-1,-1,-1,-1,-1
201660U123410,1,9,0,18,0,8,0,0,1,0,3,1,6,2,29,6,-1,-1,-1,-1,-1,-1
201660U123410,2,19,0,18,0,8,0,0,0,0,1,1,1,2,52,8,-1,-1,-1,-1,-1,-1
201660U123506,1,9,0,18,0,0,0,0,0,0,4,1,6,1,76,11,-1,-1,-1,-1,-1,-1
201660U123569,1,5,0,4,0,0,0,0,0,0,0,1,6,1,36,7,-1,-1,-1,-1,-1,-1
201660U123569,2,9,0,4,0,0,0,0,0,0,1,1,6,1,23,5,-1,-1,-1,-1,-1,-1
201660U123569,3,9,0,18,0,0,0,0,0,0,1,1,6,1,48,8,-1,-1,-1,-1,-1,-1
201660U123569,4,9,0,18,0,0,0,0,0,0,1,1,6,1,53,8,-1,-1,-1,-1,-1,-1
201660U123671,1,9,0,18,0,0,0,0,0,0,1,1,6,2,20,4,-1,-1,-1,-1,-1,-1
201660U123683,1,9,0,11,7,0,0,4,0,0,1,1,6,1,82,11,-1,-1,-1,-1,-1,-1
201660U123683,2,21,1,2,6,0,0,0,0,0,2,1,1,1,51,8,-1,-1,-1,-1,-1,-1
201660U124009,1,19,0,5,0,4,0,0,0,0,1,1,1,1,78,11,-1,-1,-1,-1,-1,-1
201660U124009,2,9,0,9,0,4,0,0,7,11,4,1,6,2,28,6,-1,-1,-1,-1,-1,-1
201660U124545,1,9,0,18,0,1,0,0,1,0,4,1,6,2,44,7,-1,-1,-1,-1,-1,-1
201660U124578,1,5,0,16,0,4,2,0,0,0,4,1,6,1,21,5,-1,-1,-1,-1,-1,-1
201660U124618,1,9,0,16,0,0,5,0,1,11,1,1,6,1,21,5,-1,-1,-1,-1,-1,-1
201660U125016,1,9,0,17,0,0,2,0,0,0,1,1,6,1,25,5,-1,-1,-1,-1,-1,-1
201660U125181,1,9,0,17,0,0,1,0,0,0,1,1,6,1,21,5,-1,-1,-1,-1,-1,-1
201660U125181,2,9,0,16,0,0,1,0,0,0,1,1,6,1,18,4,-1,-1,-1,-1,-1,-1
201660U125181,3,9,0,16,0,0,1,0,0,0,1,1,6,1,20,4,-1,-1,-1,-1,-1,-1
201660U125285,1,21,0,13,0,1,0,0,0,0,1,1,6,1,45,7,-1,-1,-1,-1,-1,-1
201660U125285,2,9,0,18,0,1,1,0,0,0,3,1,6,1,64,9,-1,-1,-1,-1,-1,-1
201660U125295,1,9,0,18,0,1,0,0,0,0,1,1,6,1,73,10,-1,-1,-1,-1,-1,-1
201660U125295,2,9,0,4,0,1,0,0,0,0,2,1,2,2,71,10,-1,-1,-1,-1,-1,-1
201660U125403,1,9,0,16,0,0,5,10,1,11,1,1,6,1,85,11,-1,-1,-1,-1,-1,-1
201660U126317,1,9,0,1,0,6,0,0,0,0,2,1,6,2,-1,-1,-1,-1,-1,-1,-1,-1
201660U126317,2,9,0,5,0,2,0,0,0,0,4,1,6,2,53,8,-1,-1,-1,-1,-1,-1
201660U126852,1,98,0,18,0,0,0,0,0,0,1,1,1,1,28,6,-1,-1,-1,-1,-1,-1
201660U126852,2,9,0,2,0,0,0,0,0,0,2,1,6,2,50,8,-1,-1,-1,-1,-1,-1
201660U126937,1,9,0,18,0,1,0,0,0,0,1,1,6,1,92,11,-1,-1,-1,-1,-1,-1
201660U126937,2,9,0,10,0,1,0,0,0,0,2,1,6,1,64,9,-1,-1,-1,-1,-1,-1
201660U127163,1,5,0,18,0,1,0,0,0,0,1,1,6,1,68,10,-1,-1,-1,-1,-1,-1
201660U127163,2,9,0,4,0,1,0,0,0,0,2,1,6,1,56,9,-1,-1,-1,-1,-1,-1
201660U127163,3,9,0,4,0,1,0,0,0,0,0,1,6,2,46,8,-1,-1,-1,-1,-1,-1
201660U127163,4,9,0,4,0,1,0,0,0,0,0,1,6,2,39,7,-1,-1,-1,-1,-1,-1
201660U127681,1,9,0,18,0,1,1,0,0,0,1,1,6,1,22,5,-1,-1,-1,-1,-1,-1
201660U127681,2,9,0,9,0,6,0,0,0,0,2,1,6,1,60,9,-1,-1,-1,-1,-1,-1
201660U128009,1,9,0,16,0,2,1,0,7,11,1,1,6,1,22,5,-1,-1,-1,-1,-1,-1
201660U128909,1,9,0,1,0,0,0,0,0,0,2,1,6,1,83,11,-1,-1,-1,-1,-1,-1
201660U128909,2,9,0,18,0,0,0,0,0,0,1,1,6,2,34,6,-1,-1,-1,-1,-1,-1
201660U129243,1,9,0,18,0,8,1,10,0,0,4,1,6,1,20,4,-1,-1,-1,-1,-1,-1
201660U129243,2,9,0,18,0,7,0,0,0,0,1,1,6,1,25,5,-1,-1,-1,-1,-1,-1
201660U129335,1,9,0,17,0,0,0,0,1,9,1,1,6,1,28,6,-1,-1,-1,-1,-1,-1
201660U129372,1,9,0,18,0,1,0,0,0,0,1,1,6,1,19,4,-1,-1,-1,-1,-1,-1
201660U129372,2,9,0,10,0,5,0,0,0,0,2,1,2,1,52,8,-1,-1,-1,-1,-1,-1
201660U129409,1,9,0,7,0,5,0,0,0,0,1,1,1,1,47,8,-1,-1,-1,-1,-1,-1
201660U129409,2,9,0,4,0,1,0,0,0,0,1,1,6,2,19,4,-1,-1,-1,-1,-1,-1
201660U129520,1,9,0,18,0,1,0,0,0,0,1,1,6,1,60,9,-1,-1,-1,-1,-1,-1
201660U129520,2,9,0,4,0,1,0,0,0,0,2,1,6,1,63,9,-1,-1,-1,-1,-1,-1
201660U129524,1,4,0,17,0,0,1,0,1,11,1,1,6,1,47,8,-1,-1,-1,-1,-1,-1
201660U130158,1,5,0,17,0,2,2,0,1,10,4,1,6,1,40,7,-1,-1,-1,-1,-1,-1
201660U130280,1,9,0,17,0,0,0,0,0,0,1,1,2,1,23,5,-1,-1,-1,-1,-1,-1
201660U130280,2,9,0,2,0,0,0,0,0,0,1,1,1,1,61,9,-1,-1,-1,-1,-1,-1
201660U130280,3,9,0,18,0,0,0,0,0,0,1,1,6,1,51,8,-1,-1,-1,-1,-1,-1
201660U130320,1,9,0,18,0,2,0,0,0,0,1,1,6,2,36,7,-1,-1,-1,-1,-1,-1
201660U130766,1,5,0,16,0,0,0,0,0,0,3,1,6,1,30,6,-1,-1,-1,-1,-1,-1
201660U130766,2,9,0,17,0,0,0,0,0,0,3,1,6,2,51,8,-1,-1,-1,-1,-1,-1
201660U130812,1,9,0,13,0,0,0,0,0,0,0,1,6,1,50,8,-1,-1,-1,-1,-1,-1
201660U130812,2,5,0,13,0,0,1,0,7,0,0,1,6,1,52,8,-1,-1,-1,-1,-1,-1
201660U130885,1,9,0,13,0,2,0,0,7,11,0,1,6,1,38,7,-1,-1,-1,-1,-1,-1
201660U130885,2,9,0,18,0,1,0,0,0,0,1,1,6,2,22,5,-1,-1,-1,-1,-1,-1
201660U130885,3,9,0,4,0,1,0,0,0,0,2,1,6,1,59,9,-1,-1,-1,-1,-1,-1
201660U130885,4,9,0,4,0,1,0,0,0,0,0,1,6,1,54,8,-1,-1,-1,-1,-1,-1
201660U131236,1,9,0,18,0,0,2,0,1,10,4,1,6,1,63,9,-1,-1,-1,-1,-1,-1
201660U131305,1,3,0,18,0,0,0,10,0,0,0,1,6,2,54,8,-1,-1,-1,-1,-1,-1
201660U131578,1,5,0,18,0,0,2,10,0,0,4,1,2,1,55,8,-1,-1,-1,-1,-1,-1
201660U131578,2,9,0,18,0,0,0,0,0,0,0,1,2,1,26,6,-1,-1,-1,-1,-1,-1
201660U131578,3,9,0,2,0,0,0,0,0,0,2,1,6,1,31,6,-1,-1,-1,-1,-1,-1
201660U131578,4,9,0,2,0,0,0,0,0,0,3,1,6,2,45,7,-1,-1,-1,-1,-1,-1
201660U131621,1,9,0,4,0,3,0,0,0,0,4,1,6,1,30,6,-1,-1,-1,-1,-1,-1
201660U131863,1,9,0,15,0,0,0,0,0,0,1,1,6,1,25,5,-1,-1,-1,-1,-1,-1
201660U131863,2,9,0,18,0,0,0,0,0,0,1,1,6,1,62,9,-1,-1,-1,-1,-1,-1
201660U131863,3,11,0,18,0,0,0,0,0,0,0,1,1,3,-1,-1,-1,-1,-1,-1,-1,-1
201660U131875,1,9,0,5,0,0,0,0,0,0,0,1,2,1,43,7,-1,-1,-1,-1,-1,-1
201660U131875,2,9,0,18,0,0,0,0,0,0,1,1,6,1,82,11,-1,-1,-1,-1,-1,-1
201660U131875,3,9,0,2,0,0,0,0,0,0,2,1,6,1,47,8,-1,-1,-1,-1,-1,-1
201660U131997,1,9,0,9,0,8,0,0,0,0,4,1,6,1,80,11,-1,-1,-1,-1,-1,-1
201660U131997,2,9,0,9,0,8,0,0,0,0,3,1,6,2,49,8,-1,-1,-1,-1,-1,-1
201660U132578,1,9,4,18,0,0,0,0,0,0,4,1,1,1,26,6,-1,-1,-1,-1,-1,-1
201660U132578,2,1,0,4,0,0,0,0,0,0,3,1,6,2,61,9,-1,-1,-1,-1,-1,-1
201660U133429,1,9,0,18,0,1,0,0,0,0,1,1,6,1,30,6,-1,-1,-1,-1,-1,-1
201660U133429,2,19,0,4,0,1,0,0,0,0,2,1,6,1,39,7,-1,-1,-1,-1,-1,-1
201660U133842,1,9,0,18,0,1,0,0,0,0,1,1,6,1,-1,-1,-1,-1,-1,-1,-1,-1
201660U133842,2,9,0,10,0,1,0,0,0,0,2,1,6,2,27,6,-1,-1,-1,-1,-1,-1
201660U133928,1,8,0,3,2,2,0,0,0,0,4,1,1,1,68,10,-1,-1,-1,-1,-1,-1
201660U133937,1,9,0,18,0,1,0,0,0,0,1,1,6,2,-1,-1,-1,-1,-1,-1,-1,-1
201660U134134,1,9,0,18,0,0,0,0,0,0,1,1,1,1,29,6,-1,-1,-1,-1,-1,-1
201660U134713,1,9,0,9,0,1,0,0,0,0,1,1,6,1,45,7,-1,-1,-1,-1,-1,-1
201660U134713,2,5,0,18,0,1,2,0,1,0,1,1,6,1,33,6,-1,-1,-1,-1,-1,-1
201660U134728,1,9,0,16,0,0,5,0,7,0,1,1,6,2,24,5,-1,-1,-1,-1,-1,-1
201660U135031,1,5,0,16,0,0,1,0,0,0,1,1,6,1,60,9,-1,-1,-1,-1,-1,-1
201660U135031,2,10,0,17,0,0,0,0,0,0,3,1,1,1,54,8,-1,-1,-1,-1,-1,-1
201660U135061,1,9,0,16,0,0,0,0,7,0,1,1,6,1,22,5,-1,-1,-1,-1,-1,-1
201660U135061,2,9,0,17,0,0,0,0,0,0,1,1,6,1,35,6,-1,-1,-1,-1,-1,-1
201660U135061,3,9,0,17,0,0,0,0,0,0,1,1,6,2,45,7,-1,-1,-1,-1,-1,-1
201660U135393,1,9,0,14,0,2,0,0,0,0,1,1,6,1,77,11,-1,-1,-1,-1,-1,-1
201660U135393,2,11,0,2,0,2,0,0,0,0,2,1,1,1,72,10,-1,-1,-1,-1,-1,-1
201660U135603,1,9,0,18,0,8,0,0,0,0,1,1,6,1,48,8,-1,-1,-1,-1,-1,-1
201660U135603,2,9,0,18,0,8,0,0,0,0,4,1,6,1,31,6,-1,-1,-1,-1,-1,-1
201660U135638,1,9,0,18,0,0,0,0,0,0,0,1,6,3,-1,-1,-1,-1,-1,-1,-1,-1
201660U135638,2,1,0,4,0,0,0,0,0,0,0,1,6,1,63,9,-1,-1,-1,-1,-1,-1
201660U136030,1,5,0,16,0,0,0,10,6,0,1,1,6,1,61,9,-1,-1,-1,-1,-1,-1
201660U136030,2,9,0,17,0,0,0,0,0,0,3,1,6,1,73,10,-1,-1,-1,-1,-1,-1
201660U136121,1,9,0,18,0,0,0,0,0,0,1,1,6,2,28,6,-1,-1,-1,-1,-1,-1
201660U136245,1,9,0,18,0,1,0,0,0,0,3,1,1,2,49,8,-1,-1,-1,-1,-1,-1
201660U136245,2,9,0,18,0,2,0,0,0,0,1,1,2,2,53,8,-1,-1,-1,-1,-1,-1
201660U136561,1,9,0,9,0,2,0,0,0,0,1,1,6,1,41,7,-1,-1,-1,-1,-1,-1
201660U136561,2,4,0,14,0,8,0,0,0,0,3,1,6,2,28,6,-1,-1,-1,-1,-1,-1
201660U136585,1,9,0,13,0,0,0,0,0,0,4,1,6,1,65,9,-1,-1,-1,-1,-1,-1
201660U136585,2,11,0,2,0,0,0,0,0,0,0,1,1,1,71,10,-1,-1,-1,-1,-1,-1
201660U136658,1,19,0,18,0,0,0,0,0,0,1,1,2,1,22,5,-1,-1,-1,-1,-1,-1
201660U137004,1,9,0,18,0,1,0,0,0,0,0,1,6,2,35,6,-1,-1,-1,-1,-1,-1
201660U137004,2,11,0,18,0,1,0,0,0,0,0,1,1,1,38,7,-1,-1,-1,-1,-1,-1
201660U137123,1,9,0,5,0,6,0,0,0,0,4,1,6,1,90,11,-1,-1,-1,-1,-1,-1
201660U137123,2,9,0,9,0,5,0,0,0,0,3,1,6,2,39,7,-1,-1,-1,-1,-1,-1
201660U137299,1,9,0,1,0,0,0,0,0,0,2,1,6,1,25,5,-1,-1,-1,-1,-1,-1
201660U137299,2,9,0,3,0,0,0,0,0,0,1,1,6,2,41,7,-1,-1,-1,-1,-1,-1
201660U137812,1,5,0,16,0,1,0,0,0,0,1,1,6,1,41,7,-1,-1,-1,-1,-1,-1
201660U137812,2,9,0,18,0,1,0,0,0,0,0,1,6,1,22,5,-1,-1,-1,-1,-1,-1
201660U137863,1,19,0,1,0,0,0,0,0,0,2,1,1,3,-1,-1,-1,-1,-1,-1,-1,-1
201660U138298,1,9,0,16,0,0,0,0,0,0,1,1,6,1,32,6,-1,-1,-1,-1,-1,-1
201660U138298,2,9,0,17,0,0,0,0,0,0,3,1,6,1,88,11,-1,-1,-1,-1,-1,-1
201660U138801,1,9,0,9,0,8,0,0,0,0,1,1,1,1,54,8,-1,-1,-1,-1,-1,-1
201660U138801,2,9,4,18,0,1,1,0,0,0,1,1,6,1,57,9,-1,-1,-1,-1,-1,-1
201660U139249,1,9,0,18,0,0,0,0,1,11,4,1,6,1,20,4,-1,-1,-1,-1,-1,-1
201660U139361,1,9,0,17,0,2,5,0,1,3,1,1,6,1,78,11,-1,-1,-1,-1,-1,-1
201660U139480,1,3,0,18,0,0,2,0,0,0,1,1,1,1,22,5,-1,-1,-1,-1,-1,-1
201660U139571,1,9,0,13,0,1,0,0,0,0,4,1,6,1,-1,-1,-1,-1,-1,-1,-1,-1
201660U139571,2,1,0,18,0,1,0,0,0,0,3,1,6,1,35,6,-1,-1,-1,-1,-1,-1
201660U139631,1,9,0,1,0,1,0,0,0,0,2,1,6,3,-1,-1,-1,-1,-1,-1,-1,-1
201660U139777,1,9,0,7,0,1,0,0,3,2,1,1,6,1,66,10,-1,-1,-1,-1,-1,-1
201660U139781,1,9,0,9,0,6,0,0,0,0,1,1,1,2,29,6,-1,-1,-1,-1,-1,-1
201660U139781,2,19,0,18,0,1,0,0,0,0,1,1,6,1,24,5,-1,-1,-1,-1,-1,-1
201660U139805,1,9,0,9,0,6,0,0,0,0,2,1,1,1,47,8,-1,-1,-1,-1,-1,-1
201660U139805,2,3,0,18,0,1,0,0,0,0,1,1,6,1,17,4,-1,-1,-1,-1,-1,-1
201660U139870,1,9,0,18,0,2,1,0,0,0,3,1,2,2,33,6,-1,-1,-1,-1,-1,-1
201660U139870,2,9,0,18,0,1,0,0,0,0,3,1,2,1,71,10,-1,-1,-1,-1,-1,-1
201660U139952,1,3,0,18,0,0,0,0,0,0,1,1,6,1,19,4,-1,-1,-1,-1,-1,-1
201660U140067,1,9,0,18,0,8,0,0,0,0,1,1,6,2,26,6,-1,-1,-1,-1,-1,-1
201660U140067,2,1,0,9,0,8,0,0,0,0,4,1,6,1,12,3,-1,-1,-1,-1,-1,-1
201660U140112,1,3,0,18,0,0,0,0,0,0,4,1,6,1,27,6,-1,-1,-1,-1,-1,-1
201660U140147,1,19,0,9,0,8,0,0,0,0,1,1,2,1,46,8,-1,-1,-1,-1,-1,-1
201660U140147,2,9,0,18,0,1,0,0,0,0,1,1,2,1,52,8,-1,-1,-1,-1,-1,-1
201660U140251,1,9,0,18,0,0,0,0,0,0,1,1,6,2,65,9,-1,-1,-1,-1,-1,-1
201660U140251,2,9,0,16,0,0,0,0,0,0,1,1,6,1,66,10,-1,-1,-1,-1,-1,-1
201660U140419,1,9,0,5,0,8,0,0,0,0,2,1,3,1,39,7,-1,-1,-1,-1,-1,-1
201660U140419,2,9,0,17,0,1,0,0,0,0,1,1,3,2,34,6,-1,-1,-1,-1,-1,-1
201660U140534,1,9,0,4,0,1,0,0,0,0,1,1,6,2,30,6,-1,-1,-1,-1,-1,-1
201660U140534,2,98,0,3,0,1,0,0,0,0,2,1,2,1,53,8,-1,-1,-1,-1,-1,-1
201660U140534,3,9,0,3,0,1,0,0,0,0,2,1,6,2,63,9,-1,-1,-1,-1,-1,-1
201660U140596,1,4,0,18,0,0,0,4,0,0,1,1,6,1,37,7,-1,-1,-1,-1,-1,-1
201660U140596,2,9,0,2,0,0,0,0,0,0,3,1,6,1,66,10,-1,-1,-1,-1,-1,-1
201660U140688,1,5,0,13,0,1,0,0,2,10,1,1,6,1,41,7,-1,-1,-1,-1,-1,-1
201660U140688,2,9,0,9,0,1,0,0,0,0,3,1,6,1,50,8,-1,-1,-1,-1,-1,-1
201660U140688,3,9,0,2,0,2,0,0,0,0,1,1,6,3,-1,-1,-1,-1,-1,-1,-1,-1
201660U140688,4,9,0,2,0,2,0,0,0,0,1,1,6,3,-1,-1,-1,-1,-1,-1,-1,-1
201660U140688,5,9,0,2,0,2,0,0,0,0,1,1,6,3,-1,-1,-1,-1,-1,-1,-1,-1
201660U141895,1,9,0,18,0,0,0,0,0,0,1,1,6,1,36,7,-1,-1,-1,-1,-1,-1
201660U141895,2,9,0,18,0,0,0,0,0,0,2,1,6,2,29,6,-1,-1,-1,-1,-1,-1
201660U141895,3,9,0,18,0,0,0,0,0,0,0,1,6,2,36,7,-1,-1,-1,-1,-1,-1
201660U142301,1,9,0,17,0,0,0,0,0,0,1,1,6,1,24,5,-1,-1,-1,-1,-1,-1
201660U142301,2,9,0,16,0,0,0,0,0,0,1,1,6,1,62,9,-1,-1,-1,-1,-1,-1
201660U142332,1,9,0,18,0,0,0,0,0,0,1,1,6,2,61,9,-1,-1,-1,-1,-1,-1
201660U142369,1,9,0,18,0,0,0,0,0,0,4,1,6,1,61,9,-1,-1,-1,-1,-1,-1
201660U142369,2,1,0,18,0,0,0,0,0,0,3,1,6,1,50,8,-1,-1,-1,-1,-1,-1
201660U143133,1,9,0,18,0,0,0,0,0,0,1,1,2,2,33,6,-1,-1,-1,-1,-1,-1
201660U143133,2,1,0,18,0,0,0,0,0,0,3,1,6,1,9,2,-1,-1,-1,-1,-1,-1
201660U143165,1,9,0,18,0,8,0,0,0,0,3,1,6,2,39,7,-1,-1,-1,-1,-1,-1
201660U143165,2,1,0,18,0,6,0,0,0,0,1,1,6,1,10,2,-1,-1,-1,-1,-1,-1
201660U143421,1,97,0,14,0,0,1,0,0,0,1,1,6,1,23,5,-1,-1,-1,-1,-1,-1
201660U143421,2,9,0,18,0,0,0,0,0,0,1,1,6,2,51,8,-1,-1,-1,-1,-1,-1
201660U143619,1,9,0,16,0,0,0,0,0,0,1,1,6,2,22,5,-1,-1,-1,-1,-1,-1
201660U143619,2,9,0,17,0,0,0,0,0,0,1,1,6,1,77,11,-1,-1,-1,-1,-1,-1
201660U144009,1,9,0,18,9,5,0,0,0,0,4,1,6,1,63,9,-1,-1,-1,-1,-1,-1
201660U144009,2,1,0,18,0,1,0,0,0,0,1,1,6,1,32,6,-1,-1,-1,-1,-1,-1
201660U144515,1,9,0,4,0,0,0,0,0,0,1,1,6,2,61,9,-1,-1,-1,-1,-1,-1
201660U144663,1,9,0,9,0,8,0,0,0,0,4,1,3,2,37,7,-1,-1,-1,-1,-1,-1
201660U144663,2,4,0,18,0,1,0,0,0,0,1,1,6,1,23,5,-1,-1,-1,-1,-1,-1
201660U144755,1,9,0,18,0,0,2,0,1,11,1,1,6,2,52,8,-1,-1,-1,-1,-1,-1
201660U144785,1,9,0,18,0,0,0,0,0,0,1,1,6,3,-1,-1,-1,-1,-1,-1,-1,-1
201660U144890,1,9,0,18,0,1,2,10,0,0,1,1,6,1,19,4,-1,-1,-1,-1,-1,-1
201660U145114,1,9,0,18,0,0,0,0,0,0,0,1,2,1,30,6,-1,-1,-1,-1,-1,-1
201660U145114,2,9,0,18,0,0,0,0,1,9,4,1,6,1,50,8,-1,-1,-1,-1,-1,-1
201660U145207,1,9,0,5,0,6,0,0,0,0,4,1,6,1,45,7,-1,-1,-1,-1,-1,-1
201660U145207,2,9,0,18,0,1,0,0,0,0,1,1,6,1,35,6,-1,-1,-1,-1,-1,-1
201660U145207,3,9,0,3,0,1,0,0,0,0,1,1,6,1,53,8,-1,-1,-1,-1,-1,-1
201660U145282,1,9,0,16,0,0,0,0,1,11,1,1,6,1,36,7,-1,-1,-1,-1,-1,-1
201660U145321,1,22,0,18,9,0,5,0,0,0,0,1,6,2,87,11,-1,-1,-1,-1,-1,-1
201660U145582,1,9,0,18,0,0,0,0,0,0,1,1,2,1,35,6,-1,-1,-1,-1,-1,-1
201660U145641,1,9,0,2,0,0,0,0,0,0,3,1,2,1,63,9,-1,-1,-1,-1,-1,-1
201660U145641,2,3,0,14,0,0,1,8,8,4,4,1,2,1,20,4,-1,-1,-1,-1,-1,-1
201660U145765,1,9,0,18,0,0,0,4,0,0,1,1,6,1,71,10,-1,-1,-1,-1,-1,-1
201660U145765,2,9,0,2,0,0,0,0,0,0,2,1,6,1,50,8,-1,-1,-1,-1,-1,-1
201660U145765,3,9,0,2,0,0,0,0,0,0,2,1,6,1,21,5,-1,-1,-1,-1,-1,-1
201660U145973,1,9,0,4,0,1,0,0,0,0,1,1,6,2,46,8,-1,-1,-1,-1,-1,-1
201660U146056,1,9,0,16,0,0,1,0,1,11,1,1,6,2,19,4,-1,-1,-1,-1,-1,-1
201660U146403,1,9,0,18,0,1,0,0,0,0,1,1,6,1,19,4,-1,-1,-1,-1,-1,-1
201660U146403,2,9,0,3,0,1,0,0,0,0,2,1,6,1,46,8,-1,-1,-1,-1,-1,-1
201660U146436,1,9,0,16,0,0,5,0,1,9,1,1,6,1,40,7,-1,-1,-1,-1,-1,-1
201660U146902,1,9,0,14,0,1,0,0,7,10,1,1,6,2,61,9,-1,-1,-1,-1,-1,-1
201660U146902,2,9,0,10,0,5,0,0,0,0,0,1,6,1,17,4,-1,-1,-1,-1,-1,-1
201660U146902,3,9,0,2,0,2,0,0,0,0,0,1,6,3,-1,-1,-1,-1,-1,-1,-1,-1
201660U146971,1,9,0,3,0,1,0,0,0,0,1,1,6,1,33,6,-1,-1,-1,-1,-1,-1
201660U146971,2,9,0,3,0,1,0,0,0,0,2,1,6,2,36,7,-1,-1,-1,-1,-1,-1
201660U147202,1,9,0,18,0,0,0,0,0,0,1,1,6,2,28,6,-1,-1,-1,-1,-1,-1
201660U147202,2,9,0,18,0,0,0,0,0,0,1,1,6,2,44,7,-1,-1,-1,-1,-1,-1
201660U147204,1,9,0,17,0,0,2,0,1,9,1,1,6,1,19,4,-1,-1,-1,-1,-1,-1
201660U147209,1,1,0,18,0,1,0,0,0,0,1,1,6,1,13,3,-1,-1,-1,-1,-1,-1
201660U147209,2,9,0,4,0,1,0,0,0,0,2,1,3,2,22,5,-1,-1,-1,-1,-1,-1
201660U147358,1,9,0,18,0,0,0,0,0,0,1,1,6,1,23,5,-1,-1,-1,-1,-1,-1
201660U147358,2,9,0,3,0,0,0,0,0,0,2,1,6,2,39,7,-1,-1,-1,-1,-1,-1
201660U147361,1,9,0,18,0,0,0,0,0,0,4,1,1,1,73,10,-1,-1,-1,-1,-1,-1
201660U147610,1,8,0,3,0,4,0,0,0,0,1,1,1,1,56,9,-1,-1,-1,-1,-1,-1
201660U147610,2,9,0,3,0,4,0,0,0,0,2,1,6,1,21,5,-1,-1,-1,-1,-1,-1
201660U148006,1,9,4,16,0,0,0,0,0,0,3,1,1,1,41,7,-1,-1,-1,-1,-1,-1
201660U148202,1,9,0,18,0,0,2,10,7,11,3,1,2,1,28,6,-1,-1,-1,-1,-1,-1
201660U148379,1,9,0,1,0,1,0,0,0,0,2,1,6,1,33,6,-1,-1,-1,-1,-1,-1
201660U148417,1,9,0,18,0,1,0,0,0,0,4,1,6,1,33,6,-1,-1,-1,-1,-1,-1
201660U148417,2,1,0,18,5,6,0,0,0,0,1,1,6,2,28,6,-1,-1,-1,-1,-1,-1
201660U148697,1,9,0,1,0,2,0,0,0,0,2,1,6,1,22,5,-1,-1,-1,-1,-1,-1
201660U148817,1,9,0,9,0,8,0,0,0,0,1,1,2,1,30,6,-1,-1,-1,-1,-1,-1
201660U148817,2,3,0,18,0,8,0,0,0,0,1,1,2,1,30,6,-1,-1,-1,-1,-1,-1
201660U148843,1,9,0,18,0,1,1,0,0,0,1,1,6,3,-1,-1,-1,-1,-1,-1,-1,-1
201660U148843,2,9,0,12,0,1,2,0,0,0,2,1,6,1,29,6,-1,-1,-1,-1,-1,-1