Accident_Index,Vehicle_Reference,Vehicle_Type,Towing_and_Articulation,Vehicle_Manoeuvre,Vehicle_Location-Restricted_Lane,Junction_Location,Skidding_and_Overturning,Hit_Object_in_Carriageway,Vehicle_Leaving_Carriageway,Hit_Object_off_Carriageway,1st_Point_of_Impact,Was_Vehicle_Left_Hand_Drive?,Journey_Purpose_of_Driver,Sex_of_Driver,Age_of_Driver,Age_Band_of_Driver,Engine_Capacity_(CC),Propulsion_Code,Age_of_Vehicle,Driver_IMD_Decile,Driver_Home_Area_Type,Vehicle_IMD_Decile
201660U149109,1,1,0,18,0,0,0,0,0,0,1,1,6,1,12,3,-1,-1,-1,-1,-1,-1
201660U149109,2,9,0,18,0,0,0,0,0,0,3,1,6,1,52,8,-1,-1,-1,-1,-1,-1
201660U149131,1,4,0,18,0,0,0,0,0,0,1,1,6,1,-1,-1,-1,-1,-1,-1,-1,-1
201660U149131,2,9,0,3,0,0,0,0,0,0,2,1,6,2,34,6,-1,-1,-1,-1,-1,-1
201660U149214,1,9,0,18,0,4,0,0,0,0,1,1,1,1,29,6,-1,-1,-1,-1,-1,-1
201660U149214,2,9,0,3,0,4,0,0,0,0,2,1,1,1,52,8,-1,-1,-1,-1,-1,-1
201660U149378,1,9,0,18,0,1,0,0,0,0,1,1,6,1,21,5,-1,-1,-1,-1,-1,-1
201660U149378,2,9,0,18,0,1,0,0,0,0,1,1,6,1,62,9,-1,-1,-1,-1,-1,-1
201660U149511,1,3,0,4,0,1,2,0,0,0,4,1,6,1,18,4,-1,-1,-1,-1,-1,-1
201660U149579,1,9,0,9,0,5,0,0,0,0,3,1,4,2,52,8,-1,-1,-1,-1,-1,-1
201660U149579,2,9,0,18,0,8,0,0,0,0,1,1,6,1,37,7,-1,-1,-1,-1,-1,-1
201660U149579,3,9,0,18,0,1,0,0,0,0,3,1,6,2,49,8,-1,-1,-1,-1,-1,-1
201660U149584,1,9,0,16,0,0,0,0,0,0,1,1,6,1,55,8,-1,-1,-1,-1,-1,-1
201660U149584,2,9,0,17,0,0,0,0,0,0,1,1,6,1,66,10,-1,-1,-1,-1,-1,-1
201660U149624,1,9,0,9,0,1,0,0,0,0,4,1,2,1,50,8,-1,-1,-1,-1,-1,-1
201660U149624,2,9,0,18,0,1,0,0,0,0,1,1,2,1,62,9,-1,-1,-1,-1,-1,-1
201660U149694,1,9,0,4,0,1,1,0,0,0,1,1,6,1,27,6,-1,-1,-1,-1,-1,-1
201660U149694,2,9,0,10,0,1,0,0,0,0,2,1,6,1,23,5,-1,-1,-1,-1,-1,-1
201660U149811,1,9,0,18,0,0,5,10,2,11,1,1,6,1,44,7,-1,-1,-1,-1,-1,-1
201660U150142,1,5,0,17,0,0,0,0,0,0,1,1,1,1,34,6,-1,-1,-1,-1,-1,-1
201660U150142,2,9,0,17,0,0,0,0,0,0,3,1,1,1,41,7,-1,-1,-1,-1,-1,-1
201660U150203,1,9,0,18,0,1,2,0,8,11,1,1,6,1,25,5,-1,-1,-1,-1,-1,-1
201660U150206,1,98,0,18,0,6,0,0,0,0,1,1,6,1,47,8,-1,-1,-1,-1,-1,-1
201660U150206,2,9,0,18,0,6,0,0,0,0,2,1,6,1,38,7,-1,-1,-1,-1,-1,-1
201660U150241,1,9,0,7,0,2,0,0,0,0,1,1,6,1,33,6,-1,-1,-1,-1,-1,-1
201660U150458,1,9,0,9,0,8,0,0,0,0,4,1,1,1,58,9,-1,-1,-1,-1,-1,-1
201660U150458,2,9,0,18,0,1,0,0,0,0,1,1,2,2,21,5,-1,-1,-1,-1,-1,-1
201660U150692,1,9,0,18,0,4,0,0,1,11,1,1,6,1,86,11,-1,-1,-1,-1,-1,-1
201660U150794,1,19,0,17,0,0,0,0,0,0,1,1,1,1,42,7,-1,-1,-1,-1,-1,-1
201660U150794,2,9,0,3,0,0,0,0,0,0,1,1,6,1,74,10,-1,-1,-1,-1,-1,-1
201660U150815,1,9,0,18,0,1,0,0,0,0,3,1,6,1,48,8,-1,-1,-1,-1,-1,-1
201660U150815,2,1,0,18,0,1,0,0,0,0,1,1,6,1,8,2,-1,-1,-1,-1,-1,-1
201660U150925,1,9,0,13,0,1,0,0,0,0,1,1,6,1,28,6,-1,-1,-1,-1,-1,-1
201660U150925,2,9,0,9,0,5,0,0,0,0,3,1,6,2,22,5,-1,-1,-1,-1,-1,-1
201660U151544,1,5,0,12,0,0,0,0,0,0,1,1,1,1,21,5,-1,-1,-1,-1,-1,-1
201660U151544,2,9,0,18,0,0,0,0,0,0,2,1,1,2,42,7,-1,-1,-1,-1,-1,-1
201660U151768,1,9,0,18,0,1,0,0,0,0,3,1,6,1,79,11,-1,-1,-1,-1,-1,-1
201660U151768,2,9,0,18,0,1,0,0,0,0,3,1,1,1,43,7,-1,-1,-1,-1,-1,-1
201660U151768,3,9,0,4,0,1,0,0,0,0,3,1,6,1,73,10,-1,-1,-1,-1,-1,-1
201660U151850,1,9,0,5,0,4,0,0,0,0,1,1,6,1,45,7,-1,-1,-1,-1,-1,-1
201660U151850,2,1,0,5,0,4,0,0,0,0,1,1,6,1,36,7,-1,-1,-1,-1,-1,-1
201660U151917,1,9,0,13,0,1,0,0,0,0,1,1,6,2,20,4,-1,-1,-1,-1,-1,-1
201660U151971,1,9,0,17,0,0,5,0,2,4,1,1,6,1,50,8,-1,-1,-1,-1,-1,-1
201660U152242,1,9,0,18,0,2,2,0,1,10,1,1,6,1,49,8,-1,-1,-1,-1,-1,-1
201660U152367,1,9,0,18,0,0,0,0,0,0,1,1,2,1,18,4,-1,-1,-1,-1,-1,-1
201660U152367,2,9,0,3,0,0,0,0,0,0,2,1,2,2,45,7,-1,-1,-1,-1,-1,-1
201660U152446,1,21,0,11,0,0,0,0,0,0,4,1,1,1,33,6,-1,-1,-1,-1,-1,-1
201660U152446,2,9,0,18,0,0,0,0,1,0,3,1,6,1,27,6,-1,-1,-1,-1,-1,-1
201660U152606,1,9,0,16,0,0,0,0,0,0,1,1,1,1,26,6,-1,-1,-1,-1,-1,-1
201660U152606,2,9,0,18,0,0,0,0,0,0,1,1,1,1,48,8,-1,-1,-1,-1,-1,-1
201660U152616,1,1,0,18,0,8,0,0,0,0,1,1,6,1,45,7,-1,-1,-1,-1,-1,-1
201660U152616,2,9,0,18,0,8,0,0,0,0,4,1,6,1,32,6,-1,-1,-1,-1,-1,-1
201660U153017,1,9,0,18,0,1,0,0,0,0,1,1,1,1,35,6,-1,-1,-1,-1,-1,-1
201660U153017,2,9,0,3,0,1,0,0,0,0,2,1,6,1,29,6,-1,-1,-1,-1,-1,-1
201660U153332,1,1,0,18,0,0,0,0,0,0,1,1,6,1,14,3,-1,-1,-1,-1,-1,-1
201660U153332,2,9,0,4,0,0,0,0,0,0,3,1,6,2,43,7,-1,-1,-1,-1,-1,-1
201660U153379,1,9,0,16,0,0,1,0,0,0,1,1,6,3,-1,-1,-1,-1,-1,-1,-1,-1
201660U153379,2,9,0,18,0,0,0,0,0,0,1,1,6,1,67,10,-1,-1,-1,-1,-1,-1
201660U153600,1,9,0,18,0,0,1,0,0,0,1,1,6,1,33,6,-1,-1,-1,-1,-1,-1
201660U153600,2,8,0,18,0,0,1,0,1,1,2,1,1,1,46,8,-1,-1,-1,-1,-1,-1
201660U153860,1,5,0,18,0,8,0,10,1,11,4,1,6,1,48,8,-1,-1,-1,-1,-1,-1
201660U154414,1,9,0,9,0,8,0,0,0,0,1,1,6,2,37,7,-1,-1,-1,-1,-1,-1
201660U154414,2,5,0,10,0,1,0,0,0,0,1,1,6,1,64,9,-1,-1,-1,-1,-1,-1
201660U154506,1,9,0,9,0,1,0,0,0,0,4,1,6,1,79,11,-1,-1,-1,-1,-1,-1
201660U154506,2,9,0,18,0,1,0,0,0,0,1,1,6,2,25,5,-1,-1,-1,-1,-1,-1
201660U154576,1,5,0,16,0,1,0,0,7,9,0,1,6,1,53,8,-1,-1,-1,-1,-1,-1
201660U154631,1,9,0,17,0,0,0,0,0,0,1,2,1,1,37,7,-1,-1,-1,-1,-1,-1
201660U154631,2,9,0,16,0,0,0,0,0,0,1,1,6,1,56,9,-1,-1,-1,-1,-1,-1
201660U154648,1,9,0,13,0,0,1,0,1,11,1,1,6,1,82,11,-1,-1,-1,-1,-1,-1
201660U154648,2,17,0,18,0,0,0,0,0,0,2,1,1,1,42,7,-1,-1,-1,-1,-1,-1
201660U154685,1,17,0,18,0,0,2,0,7,0,1,1,6,1,46,8,-1,-1,-1,-1,-1,-1
201660U154704,1,9,0,5,0,6,0,0,0,0,3,1,1,1,51,8,-1,-1,-1,-1,-1,-1
201660U154704,2,1,0,18,0,8,5,0,0,0,1,1,6,1,30,6,-1,-1,-1,-1,-1,-1
201660U154765,1,9,0,18,0,1,0,0,0,0,1,1,2,2,19,4,-1,-1,-1,-1,-1,-1
201660U154765,2,9,0,3,0,1,0,0,0,0,2,1,6,1,51,8,-1,-1,-1,-1,-1,-1
201660U154765,3,9,0,10,0,1,0,0,0,0,2,1,6,1,62,9,-1,-1,-1,-1,-1,-1
201660U154798,1,9,0,6,0,0,0,0,0,0,3,1,6,1,32,6,-1,-1,-1,-1,-1,-1
201660U154798,2,9,0,18,0,0,0,0,0,0,1,1,6,1,51,8,-1,-1,-1,-1,-1,-1
201660U154945,1,9,0,4,0,1,0,0,0,0,1,1,6,2,72,10,-1,-1,-1,-1,-1,-1
201660U154945,2,9,0,9,0,1,0,0,0,0,2,1,6,2,52,8,-1,-1,-1,-1,-1,-1
201660U155016,1,9,0,9,0,6,0,0,0,0,3,1,6,1,65,9,-1,-1,-1,-1,-1,-1
201660U155016,2,9,0,18,0,1,0,0,0,0,1,1,6,1,48,8,-1,-1,-1,-1,-1,-1
201660U155333,1,9,0,18,0,0,0,0,1,11,1,1,6,1,69,10,-1,-1,-1,-1,-1,-1
201660U155333,2,98,0,18,0,0,1,0,0,0,1,1,1,1,61,9,-1,-1,-1,-1,-1,-1
201660U155775,1,9,0,17,0,0,0,0,0,0,1,1,2,2,40,7,-1,-1,-1,-1,-1,-1
201660U155775,2,1,0,16,0,0,0,0,0,0,4,1,6,2,27,6,-1,-1,-1,-1,-1,-1
201660U155799,1,9,0,18,0,1,1,0,0,0,1,1,1,2,48,8,-1,-1,-1,-1,-1,-1
201660U155799,2,9,0,4,0,1,0,0,0,0,2,1,6,2,33,6,-1,-1,-1,-1,-1,-1
201660U155882,1,9,0,18,0,0,5,4,0,0,1,1,6,2,90,11,-1,-1,-1,-1,-1,-1
201660U155882,2,9,0,2,0,0,0,0,0,0,1,1,1,2,47,8,-1,-1,-1,-1,-1,-1
201660U155914,1,9,0,18,0,2,0,0,0,0,1,1,2,1,26,6,-1,-1,-1,-1,-1,-1
201660U155914,2,9,0,3,0,2,1,0,0,0,2,1,2,1,29,6,-1,-1,-1,-1,-1,-1
201660U155923,1,9,0,1,0,0,0,0,0,0,2,1,6,1,-1,-1,-1,-1,-1,-1,-1,-1
201660U155923,2,9,0,3,0,0,0,0,0,0,2,1,1,2,30,6,-1,-1,-1,-1,-1,-1
201660U155979,1,9,0,18,0,0,0,0,7,1,1,1,6,2,75,10,-1,-1,-1,-1,-1,-1
201660U155979,2,9,0,18,0,0,0,0,0,0,1,1,3,2,43,7,-1,-1,-1,-1,-1,-1
201660U156056,1,9,0,18,0,0,0,0,0,0,1,1,6,1,76,11,-1,-1,-1,-1,-1,-1
201660U156056,2,20,0,18,0,0,0,0,0,0,1,1,1,1,54,8,-1,-1,-1,-1,-1,-1
201660U156113,1,9,0,18,0,0,0,0,0,0,1,1,6,1,73,10,-1,-1,-1,-1,-1,-1
201660U156113,2,9,0,18,0,0,0,0,0,0,1,1,6,2,58,9,-1,-1,-1,-1,-1,-1
201660U156113,3,19,0,18,0,0,0,0,0,0,0,1,1,1,19,4,-1,-1,-1,-1,-1,-1
201660U156322,1,9,0,18,0,0,0,0,0,0,1,1,6,1,28,6,-1,-1,-1,-1,-1,-1
201660U156322,2,9,0,3,0,0,0,0,0,0,2,1,6,3,-1,-1,-1,-1,-1,-1,-1,-1
201660U156331,1,9,0,16,0,7,2,0,1,10,1,1,1,1,22,5,-1,-1,-1,-1,-1,-1
201660U156347,1,9,0,17,0,0,0,0,8,7,1,1,6,2,72,10,-1,-1,-1,-1,-1,-1
201660U156347,2,98,0,17,0,0,0,0,0,0,3,1,6,1,48,8,-1,-1,-1,-1,-1,-1
201660U156347,3,98,0,17,0,0,0,0,0,0,1,1,6,1,56,9,-1,-1,-1,-1,-1,-1
201660U156355,1,9,0,5,0,0,0,0,0,0,1,1,6,2,41,7,-1,-1,-1,-1,-1,-1
201660U156355,2,9,0,18,0,0,0,0,0,0,4,1,6,2,38,7,-1,-1,-1,-1,-1,-1
201660U156469,1,9,0,18,0,1,0,0,0,0,1,1,6,2,30,6,-1,-1,-1,-1,-1,-1
201660U156469,2,9,0,8,0,1,0,0,0,0,2,1,6,2,36,7,-1,-1,-1,-1,-1,-1
201660U156609,1,9,0,18,0,0,1,0,0,0,1,1,6,1,19,4,-1,-1,-1,-1,-1,-1
201660U156609,2,9,0,3,0,0,0,0,0,0,2,1,6,1,21,5,-1,-1,-1,-1,-1,-1
201660U156730,1,9,0,17,0,0,0,0,0,0,0,1,6,3,-1,-1,-1,-1,-1,-1,-1,-1
201660U156730,2,9,0,16,0,0,2,0,1,0,1,1,6,1,37,7,-1,-1,-1,-1,-1,-1
201660U156756,1,9,0,18,0,0,0,0,0,0,4,1,1,1,46,8,-1,-1,-1,-1,-1,-1
201660U156994,1,9,0,18,0,0,1,0,2,4,1,1,6,2,22,5,-1,-1,-1,-1,-1,-1
201660U157016,1,9,0,18,0,0,0,0,0,0,1,1,6,1,46,8,-1,-1,-1,-1,-1,-1
201660U157016,2,9,0,3,0,0,0,0,0,0,2,1,6,1,49,8,-1,-1,-1,-1,-1,-1
201660U157183,1,9,0,9,0,6,0,0,0,0,1,1,6,3,-1,-1,-1,-1,-1,-1,-1,-1
201660U157183,2,9,0,18,0,1,5,0,1,3,1,1,6,1,40,7,-1,-1,-1,-1,-1,-1
201660U157544,1,9,0,16,0,1,0,0,0,0,1,1,6,2,59,9,-1,-1,-1,-1,-1,-1
201660U157628,1,9,0,16,0,2,2,0,2,10,1,1,6,1,26,6,-1,-1,-1,-1,-1,-1
201660U157651,1,9,0,18,0,0,0,10,8,2,1,1,6,2,88,11,-1,-1,-1,-1,-1,-1
201660U157651,2,9,0,4,0,0,0,0,0,0,2,1,6,1,50,8,-1,-1,-1,-1,-1,-1
201660U157981,1,9,0,18,0,0,2,0,0,0,1,1,2,1,37,7,-1,-1,-1,-1,-1,-1
201660U158038,1,9,0,18,0,1,0,0,0,0,1,1,6,1,25,5,-1,-1,-1,-1,-1,-1
201660U158194,1,9,0,4,0,2,0,0,0,0,1,1,6,2,50,8,-1,-1,-1,-1,-1,-1
201660U158784,1,17,5,18,0,0,0,0,0,0,4,1,1,1,75,10,-1,-1,-1,-1,-1,-1
201660U159234,1,9,0,18,0,1,0,0,0,0,1,1,6,1,81,11,-1,-1,-1,-1,-1,-1
201660U159234,2,9,0,2,0,1,0,0,0,0,1,1,6,1,68,10,-1,-1,-1,-1,-1,-1
201660U159234,3,9,0,2,0,1,0,0,0,0,1,1,6,2,50,8,-1,-1,-1,-1,-1,-1
201660U159557,1,3,0,18,0,0,0,0,0,0,0,1,6,3,-1,-1,-1,-1,-1,-1,-1,-1
201660U159557,2,9,0,18,0,0,1,0,0,0,3,1,6,2,27,6,-1,-1,-1,-1,-1,-1
201660U160332,1,98,0,18,0,2,0,0,0,0,0,1,6,3,-1,-1,-1,-1,-1,-1,-1,-1
201660U160332,2,9,0,18,0,1,1,0,0,0,1,1,6,2,19,4,-1,-1,-1,-1,-1,-1
201660U160332,3,9,0,18,0,1,1,0,1,11,1,1,6,1,19,4,-1,-1,-1,-1,-1,-1
201660U160446,1,9,0,3,0,1,0,0,0,0,1,1,6,2,70,10,-1,-1,-1,-1,-1,-1
201660U160446,2,9,0,3,0,1,0,0,0,0,2,1,6,2,26,6,-1,-1,-1,-1,-1,-1
201660U160446,3,9,0,3,0,1,0,0,0,0,2,1,6,1,50,8,-1,-1,-1,-1,-1,-1
201660U160483,1,3,0,18,0,0,0,0,0,0,1,1,6,1,26,6,-1,-1,-1,-1,-1,-1
201660U160483,2,9,0,5,0,0,0,0,0,0,2,1,6,1,60,9,-1,-1,-1,-1,-1,-1
201660U160485,1,9,0,5,0,6,0,0,0,0,1,1,6,1,29,6,-1,-1,-1,-1,-1,-1
201660U160485,2,3,0,18,0,1,0,0,0,0,4,1,6,1,22,5,-1,-1,-1,-1,-1,-1
201660U160515,1,9,0,16,0,3,0,0,0,0,1,1,6,1,20,4,-1,-1,-1,-1,-1,-1
201660U160515,2,9,0,18,0,1,5,0,0,0,3,1,6,1,53,8,-1,-1,-1,-1,-1,-1
201660U160848,1,9,0,9,0,5,0,0,0,0,1,1,1,1,34,6,-1,-1,-1,-1,-1,-1
201660U160848,2,9,0,18,0,1,0,0,0,0,1,1,6,2,66,10,-1,-1,-1,-1,-1,-1
201660U160947,1,9,0,16,0,0,0,0,0,0,1,1,6,1,83,11,-1,-1,-1,-1,-1,-1
201660U160947,2,9,4,17,0,0,0,0,1,4,1,1,6,1,44,7,-1,-1,-1,-1,-1,-1
201660U161137,1,9,0,18,0,0,0,0,0,0,1,1,6,3,-1,-1,-1,-1,-1,-1,-1,-1
201660U161346,1,9,0,18,0,3,0,0,0,0,1,1,6,2,32,6,-1,-1,-1,-1,-1,-1
201660U161346,2,1,0,5,0,4,0,0,0,0,3,1,2,1,51,8,-1,-1,-1,-1,-1,-1
201660U161659,1,9,0,18,0,0,0,0,1,11,1,1,6,1,45,7,-1,-1,-1,-1,-1,-1
201660U161659,2,9,0,18,0,0,0,0,0,0,1,1,6,1,29,6,-1,-1,-1,-1,-1,-1
201660U162498,1,9,0,16,0,0,0,0,0,0,1,1,6,1,53,8,-1,-1,-1,-1,-1,-1
201660U162498,2,9,0,17,0,0,0,0,0,0,1,1,6,1,27,6,-1,-1,-1,-1,-1,-1
201660U162627,1,9,0,18,0,0,0,0,0,0,1,1,2,2,34,6,-1,-1,-1,-1,-1,-1
201660U162627,2,9,0,18,0,0,1,0,0,0,1,1,6,2,30,6,-1,-1,-1,-1,-1,-1
201660U162627,3,9,0,5,0,0,0,0,0,0,2,1,2,2,53,8,-1,-1,-1,-1,-1,-1
201660U162676,1,9,0,18,0,1,0,0,0,0,1,1,1,1,46,8,-1,-1,-1,-1,-1,-1
201660U162777,1,9,0,18,0,0,0,0,0,0,1,1,6,1,34,6,-1,-1,-1,-1,-1,-1
201660U162777,2,1,0,16,0,0,0,0,0,0,1,1,6,1,43,7,-1,-1,-1,-1,-1,-1
201660U162824,1,9,0,16,0,0,5,0,2,0,4,1,6,2,18,4,-1,-1,-1,-1,-1,-1
201660U162871,1,9,0,17,0,0,1,0,0,0,1,1,1,2,26,6,-1,-1,-1,-1,-1,-1
201660U162871,2,19,0,16,0,0,1,0,0,0,1,1,1,1,29,6,-1,-1,-1,-1,-1,-1
201660U163009,1,98,0,9,0,8,0,0,0,0,1,1,6,1,58,9,-1,-1,-1,-1,-1,-1
201660U163009,2,5,0,4,0,1,0,0,0,0,1,1,6,1,32,6,-1,-1,-1,-1,-1,-1
201660U163385,1,21,1,18,0,4,0,0,0,0,3,2,1,1,-1,-1,-1,-1,-1,-1,-1,-1
201660U163385,2,9,0,14,0,4,0,0,0,0,1,1,2,1,18,4,-1,-1,-1,-1,-1,-1
201660U163511,1,9,0,18,0,1,0,0,0,0,1,1,1,1,22,5,-1,-1,-1,-1,-1,-1
201660U163511,2,19,0,9,0,1,0,0,0,0,2,1,6,1,30,6,-1,-1,-1,-1,-1,-1
201660U163616,1,9,0,18,0,3,0,0,0,0,1,1,6,1,30,6,-1,-1,-1,-1,-1,-1
201660U163616,2,9,0,3,0,1,0,0,0,0,2,1,6,1,43,7,-1,-1,-1,-1,-1,-1
201660U163616,3,9,0,10,0,1,0,0,0,0,2,1,2,1,59,9,-1,-1,-1,-1,-1,-1
201660U164203,1,21,0,18,0,0,0,0,0,0,1,1,1,1,60,9,-1,-1,-1,-1,-1,-1
201660U164203,2,9,0,2,0,0,0,0,2,7,2,1,6,2,57,9,-1,-1,-1,-1,-1,-1
201660U164349,1,5,0,17,0,0,0,10,1,2,1,1,6,1,24,5,-1,-1,-1,-1,-1,-1
201660U164559,1,5,0,18,0,0,1,0,0,0,4,1,6,1,24,5,-1,-1,-1,-1,-1,-1
201660U164628,1,9,0,18,0,2,0,0,0,0,0,1,6,1,33,6,-1,-1,-1,-1,-1,-1
201660U164628,2,9,0,18,0,1,1,0,1,9,2,1,6,1,59,9,-1,-1,-1,-1,-1,-1
201660U164628,3,9,0,18,0,1,1,0,0,0,1,1,6,2,38,7,-1,-1,-1,-1,-1,-1
201660U164785,1,9,0,9,0,6,0,0,0,0,1,1,6,2,22,5,-1,-1,-1,-1,-1,-1
201660U164785,2,9,0,18,0,1,0,0,0,0,4,1,6,1,23,5,-1,-1,-1,-1,-1,-1
201660U164847,1,9,0,18,0,0,0,11,0,0,1,1,6,1,52,8,-1,-1,-1,-1,-1,-1
201660U165171,1,8,0,18,0,1,0,0,0,0,4,1,1,1,31,6,-1,-1,-1,-1,-1,-1
201660U165255,1,19,0,17,0,0,0,0,1,9,1,1,1,1,33,6,-1,-1,-1,-1,-1,-1
201660U165982,1,9,0,5,0,6,0,0,0,0,3,1,6,2,31,6,-1,-1,-1,-1,-1,-1
201660U165982,2,9,0,18,0,1,0,0,0,0,3,1,6,1,34,6,-1,-1,-1,-1,-1,-1
201660U166136,1,9,0,1,0,1,0,0,0,0,2,1,6,1,29,6,-1,-1,-1,-1,-1,-1
201660U166171,1,9,0,3,0,1,0,0,0,0,1,1,6,1,25,5,-1,-1,-1,-1,-1,-1
201660U166171,2,9,0,10,0,1,0,0,0,0,2,1,6,1,49,8,-1,-1,-1,-1,-1,-1
201660U166192,1,9,0,9,0,6,0,0,0,0,3,1,6,1,40,7,-1,-1,-1,-1,-1,-1
201660U166192,2,1,0,18,0,1,0,0,0,0,1,1,6,1,30,6,-1,-1,-1,-1,-1,-1
201660U166400,1,3,0,12,0,0,0,0,0,0,4,1,6,1,23,5,-1,-1,-1,-1,-1,-1
201660U166521,1,1,0,9,0,5,5,0,0,0,3,1,6,1,27,6,-1,-1,-1,-1,-1,-1
201660U166521,2,9,0,13,0,1,0,0,0,0,4,1,6,1,39,7,-1,-1,-1,-1,-1,-1
201660U166523,1,9,0,5,0,6,0,0,3,10,3,1,6,1,78,11,-1,-1,-1,-1,-1,-1
201660U166523,2,9,0,18,0,8,0,0,7,0,1,1,6,2,36,7,-1,-1,-1,-1,-1,-1
201660U166978,1,9,0,18,0,0,0,0,0,0,0,1,6,1,74,10,-1,-1,-1,-1,-1,-1
201660U167203,1,9,0,18,0,6,0,0,3,4,1,1,6,1,23,5,-1,-1,-1,-1,-1,-1
201660U167607,1,9,0,5,0,6,0,0,0,0,1,1,6,1,35,6,-1,-1,-1,-1,-1,-1
201660U167607,2,9,0,18,0,1,0,0,0,0,3,1,6,1,21,5,-1,-1,-1,-1,-1,-1
201660U167800,1,5,0,18,0,1,0,0,0,0,1,1,6,1,34,6,-1,-1,-1,-1,-1,-1
201660U167800,2,9,0,10,0,1,0,0,0,0,1,1,2,1,60,9,-1,-1,-1,-1,-1,-1
201660U167804,1,9,0,17,0,0,5,0,1,1,4,1,2,2,26,6,-1,-1,-1,-1,-1,-1
201660U167915,1,9,0,1,0,6,0,0,3,11,1,1,6,1,63,9,-1,-1,-1,-1,-1,-1
201660U167989,1,9,0,18,0,4,0,0,0,0,1,1,6,2,68,10,-1,-1,-1,-1,-1,-1
201660U167989,2,1,0,9,0,8,0,0,0,0,1,1,6,1,33,6,-1,-1,-1,-1,-1,-1
201660U168033,1,9,0,18,0,1,0,0,0,0,4,1,6,1,37,7,-1,-1,-1,-1,-1,-1
201660U168066,1,9,0,12,0,6,0,0,0,0,3,1,6,1,73,10,-1,-1,-1,-1,-1,-1
201660U168066,2,3,0,18,0,1,0,0,0,0,4,1,2,1,28,6,-1,-1,-1,-1,-1,-1
201660U168086,1,9,0,9,0,8,0,0,0,0,3,1,6,2,80,11,-1,-1,-1,-1,-1,-1
201660U168086,2,5,0,18,0,1,0,0,0,0,1,1,6,1,48,8,-1,-1,-1,-1,-1,-1
201660U168374,1,9,0,17,0,0,0,0,7,11,1,1,1,2,34,6,-1,-1,-1,-1,-1,-1
201660U168442,1,4,0,2,6,2,5,0,0,0,0,1,6,1,57,9,-1,-1,-1,-1,-1,-1
201660U168616,1,9,0,7,0,1,0,0,0,0,1,1,6,2,50,8,-1,-1,-1,-1,-1,-1
201660U168616,2,98,0,9,0,1,0,0,0,0,4,1,6,1,27,6,-1,-1,-1,-1,-1,-1
201660U168616,3,9,0,7,0,1,0,0,0,0,1,1,6,2,41,7,-1,-1,-1,-1,-1,-1
201660U169333,1,98,0,18,0,1,0,0,0,0,1,1,6,3,-1,-1,-1,-1,-1,-1,-1,-1
201660U169333,2,3,0,5,0,6,2,0,0,0,1,1,6,1,16,4,-1,-1,-1,-1,-1,-1
201660U169415,1,9,0,9,0,5,0,0,0,0,4,1,1,2,49,8,-1,-1,-1,-1,-1,-1
201660U169415,2,9,0,18,0,1,0,0,0,0,1,1,6,2,76,11,-1,-1,-1,-1,-1,-1
201660U169625,1,9,4,1,0,7,0,0,0,0,3,1,1,1,66,10,-1,-1,-1,-1,-1,-1
201660U169625,2,9,0,18,0,8,0,0,0,0,1,1,1,1,47,8,-1,-1,-1,-1,-1,-1
201660U169689,1,9,0,5,0,1,0,0,0,0,1,1,2,1,21,5,-1,-1,-1,-1,-1,-1
201660U169689,2,9,0,3,0,4,0,0,0,0,2,1,6,1,64,9,-1,-1,-1,-1,-1,-1
201660U169886,1,19,0,1,0,0,0,0,0,0,2,1,1,1,57,9,-1,-1,-1,-1,-1,-1
201660U170026,1,9,0,18,0,0,0,0,0,0,1,1,2,2,59,9,-1,-1,-1,-1,-1,-1
201660U170076,1,9,0,9,0,5,0,0,0,0,1,1,6,1,65,9,-1,-1,-1,-1,-1,-1
201660U170227,1,9,0,18,0,0,1,11,1,4,1,1,6,1,31,6,-1,-1,-1,-1,-1,-1
201660U170236,1,9,0,15,0,0,1,10,1,2,1,1,6,1,26,6,-1,-1,-1,-1,-1,-1
201660U170268,1,98,0,18,0,1,0,0,0,0,1,1,6,1,56,9,-1,-1,-1,-1,-1,-1
201660U170268,2,9,0,10,0,1,0,0,0,0,2,1,2,2,34,6,-1,-1,-1,-1,-1,-1
201660U170367,1,9,0,18,0,0,0,0,0,0,4,1,6,3,-1,-1,-1,-1,-1,-1,-1,-1
201660U170449,1,9,0,18,0,8,0,0,0,0,1,1,6,1,50,8,-1,-1,-1,-1,-1,-1
201660U170545,1,9,0,9,0,1,0,0,0,0,4,1,6,2,60,9,-1,-1,-1,-1,-1,-1
201660U170545,2,17,0,18,0,1,0,0,0,0,1,1,1,1,18,4,-1,-1,-1,-1,-1,-1
201660U170731,1,9,0,16,0,0,0,0,0,0,1,1,1,2,33,6,-1,-1,-1,-1,-1,-1
201660U170731,2,9,0,18,0,0,0,0,1,9,3,1,6,1,63,9,-1,-1,-1,-1,-1,-1
201660U170736,1,3,0,18,0,2,1,0,0,0,0,1,6,1,32,6,-1,-1,-1,-1,-1,-1
201660U170936,1,9,0,14,0,0,0,0,0,0,1,1,6,1,62,9,-1,-1,-1,-1,-1,-1
201660U170936,2,9,0,18,0,0,5,0,1,0,4,1,1,1,38,7,-1,-1,-1,-1,-1,-1
201660U170936,3,9,0,2,0,0,0,0,0,0,0,1,6,1,29,6,-1,-1,-1,-1,-1,-1
201660U171077,1,9,0,17,0,0,1,0,2,7,1,1,6,2,21,5,-1,-1,-1,-1,-1,-1
201660U171103,1,9,0,18,0,0,0,0,0,0,3,1,6,2,54,8,-1,-1,-1,-1,-1,-1
201660U171235,1,9,0,9,0,2,0,0,0,0,1,1,6,2,55,8,-1,-1,-1,-1,-1,-1
201660U171235,2,9,0,18,0,1,0,0,0,0,4,1,6,1,81,11,-1,-1,-1,-1,-1,-1
201660U171235,3,9,0,10,0,1,0,0,0,0,3,1,6,1,61,9,-1,-1,-1,-1,-1,-1
201660U171235,4,9,0,18,0,1,0,0,0,0,1,1,6,1,71,10,-1,-1,-1,-1,-1,-1
201660U171493,1,9,0,16,0,0,1,0,8,4,1,1,6,1,18,4,-1,-1,-1,-1,-1,-1
201660U171511,1,9,0,17,0,2,0,0,0,0,1,1,6,2,71,10,-1,-1,-1,-1,-1,-1
201660U171523,1,1,0,18,0,1,0,0,0,0,1,1,6,1,13,3,-1,-1,-1,-1,-1,-1