Accident_Index,Vehicle_Reference,Vehicle_Type,Towing_and_Articulation,Vehicle_Manoeuvre,Vehicle_Location-Restricted_Lane,Junction_Location,Skidding_and_Overturning,Hit_Object_in_Carriageway,Vehicle_Leaving_Carriageway,Hit_Object_off_Carriageway,1st_Point_of_Impact,Was_Vehicle_Left_Hand_Drive?,Journey_Purpose_of_Driver,Sex_of_Driver,Age_of_Driver,Age_Band_of_Driver,Engine_Capacity_(CC),Propulsion_Code,Age_of_Vehicle,Driver_IMD_Decile,Driver_Home_Area_Type,Vehicle_IMD_Decile
2016610001716,1,9,0,18,0,0,0,0,0,0,4,1,6,1,44,7,-1,-1,-1,-1,-1,-1
2016610001716,2,9,0,2,0,0,0,0,0,0,3,1,6,2,34,6,1998,1,12,-1,-1,-1
2016610001816,1,9,0,4,0,0,0,0,0,0,1,1,1,1,42,7,2993,2,2,-1,-1,-1
2016610001816,2,9,0,18,0,0,0,0,0,0,1,1,6,1,20,4,1299,1,17,-1,1,-1
2016610001916,1,9,0,9,0,1,0,0,0,0,1,1,6,1,17,4,1896,2,14,-1,1,-1
2016610001916,2,9,0,18,0,1,5,0,1,0,1,1,1,1,24,5,-1,-1,-1,-1,1,-1
2016610002016,1,9,0,16,0,0,1,0,2,7,1,1,6,1,62,9,1242,1,12,-1,1,-1
2016610002116,1,9,0,18,0,0,1,0,0,0,1,1,1,2,29,6,1242,1,12,2,1,2
2016610002116,2,19,0,18,0,0,0,0,0,0,2,1,1,1,29,6,2143,2,2,-1,-1,-1
2016610002216,1,20,0,4,0,0,0,0,0,0,1,1,1,1,62,9,-1,-1,-1,-1,3,-1
2016610002216,2,9,0,4,0,0,0,0,0,0,2,1,6,2,45,7,2000,2,5,-1,1,-1
2016610002316,1,2,0,18,0,8,1,0,0,0,1,1,6,1,27,6,125,1,15,-1,1,-1
2016610002316,2,9,0,10,0,5,0,0,0,0,1,1,6,2,27,6,1299,1,12,-1,2,-1
2016610002416,1,9,0,18,0,0,0,0,0,0,4,1,6,2,37,7,-1,-1,-1,-1,2,-1
2016610002416,2,9,0,2,0,0,0,0,0,0,4,1,6,2,46,8,1900,2,10,-1,2,-1
2016610002416,3,9,0,2,0,0,0,0,0,0,3,1,6,2,-1,-1,1595,1,7,-1,-1,-1
2016610002516,1,9,0,18,0,2,0,0,0,0,3,1,6,2,18,4,1368,1,5,-1,1,-1
2016610002516,2,3,0,18,0,1,0,0,0,0,1,1,2,1,18,4,124,1,1,-1,1,-1
2016610002616,1,9,0,18,0,0,0,0,0,0,1,1,6,1,68,10,2179,2,4,-1,3,-1
2016610002616,2,9,0,18,0,0,0,0,0,0,2,1,6,1,24,5,1968,2,7,-1,1,-1
2016610002616,3,9,0,18,0,0,0,0,0,0,2,1,6,1,53,8,2979,1,2,-1,2,-1
2016610002616,4,9,0,18,0,0,0,0,0,0,2,1,6,1,52,8,1686,2,3,-1,1,-1
2016610002616,5,9,0,18,0,0,0,0,0,0,2,1,6,1,43,7,1995,2,5,-1,-1,-1
2016610002716,1,9,0,13,0,0,0,0,0,0,1,1,6,1,80,11,1298,1,15,-1,-1,-1
2016610002716,2,9,0,18,0,0,0,0,0,0,2,1,6,2,41,7,998,1,1,-1,1,-1
2016610002816,1,9,0,18,0,0,0,0,0,0,3,1,2,1,47,8,1753,2,9,-1,1,-1
2016610002916,1,9,0,16,0,0,0,0,0,7,1,1,6,1,27,6,1582,2,8,-1,1,-1
2016610003016,1,4,0,18,0,0,0,0,0,0,1,1,6,1,38,7,125,1,1,-1,3,-1
2016610003116,1,9,0,18,0,4,0,0,0,0,1,1,1,1,34,6,-1,-1,-1,-1,1,-1
2016610003116,2,1,0,18,0,4,0,0,0,0,3,1,6,1,45,7,-1,-1,-1,-1,1,-1
2016610003216,1,9,0,9,0,1,0,0,0,0,1,1,1,2,19,4,1240,1,8,-1,1,-1
2016610003216,2,9,0,18,0,1,0,0,0,0,1,1,3,2,43,7,1399,1,8,-1,1,-1
2016610003316,1,9,0,5,0,1,0,0,0,0,3,1,1,2,35,6,1299,1,13,-1,1,-1
2016610003316,2,5,0,18,0,1,0,0,0,0,1,1,1,1,47,8,-1,-1,-1,-1,1,-1
2016610003416,1,8,0,2,9,0,0,0,0,0,2,1,6,1,52,8,-1,-1,-1,-1,1,-1
2016610003416,2,9,0,3,0,0,0,4,0,0,1,1,6,1,81,11,1206,1,6,-1,1,-1
2016610003516,1,11,0,3,9,0,0,0,0,0,4,1,1,1,62,9,3900,2,12,-1,1,-1
2016610003616,1,9,0,18,0,1,1,0,0,0,1,1,6,1,18,4,998,1,15,-1,1,-1
2016610003716,1,9,0,3,0,0,0,0,0,0,0,1,1,1,20,4,1360,1,11,-1,-1,-1
2016610003816,1,9,0,18,0,0,0,0,0,0,0,1,6,1,21,5,-1,-1,-1,-1,-1,-1
2016610003816,2,8,0,3,0,0,0,0,0,0,1,1,6,1,-1,-1,-1,-1,-1,-1,-1,-1
2016610003816,3,9,0,18,0,0,0,0,0,0,0,1,6,1,-1,-1,-1,-1,-1,-1,-1,-1
2016610003816,4,9,0,18,0,0,0,0,0,0,0,1,6,1,-1,-1,-1,-1,-1,-1,-1,-1
2016610003916,1,9,0,6,0,0,0,4,0,0,3,1,1,2,35,6,1248,1,6,-1,1,-1
2016610003916,2,9,0,18,0,0,0,0,0,0,1,1,6,2,24,5,1598,1,1,-1,1,-1
2016610003916,3,9,0,2,6,0,0,0,0,0,1,1,6,1,21,5,1360,1,11,-1,1,-1
2016610004016,1,98,0,18,0,0,0,0,0,0,4,1,1,1,-1,-1,-1,-1,-1,-1,1,-1
2016610004116,1,9,0,17,0,0,1,0,2,4,3,1,6,1,19,4,1998,1,21,-1,1,-1
2016610004116,2,9,0,17,0,0,1,0,0,0,1,1,6,1,20,4,1587,1,12,-1,1,-1
2016610004116,3,9,0,17,0,0,0,0,0,0,3,1,6,1,37,7,1598,1,11,-1,-1,-1
2016610004216,1,19,0,18,0,0,0,0,0,0,4,1,1,1,27,6,1248,2,4,-1,-1,-1
2016610004316,1,9,0,5,0,0,0,0,0,0,3,1,6,1,52,8,1596,1,7,3,2,3
2016610004316,2,9,0,18,0,0,0,0,0,0,1,1,6,2,34,6,-1,-1,-1,9,1,9
2016610004516,1,9,0,18,0,0,1,0,0,0,3,1,6,1,36,7,2830,2,22,-1,1,-1
2016610004616,1,9,0,18,0,0,0,0,0,0,1,1,6,1,72,10,1388,1,9,-1,1,-1
2016610004616,2,8,0,2,0,0,0,0,0,0,1,1,6,1,-1,-1,-1,-1,-1,-1,1,-1
2016610004716,1,9,0,9,0,1,0,0,0,0,1,1,6,1,51,8,1390,1,13,-1,1,-1
2016610004816,1,9,0,18,0,0,0,0,0,0,1,1,6,1,17,4,1124,1,14,-1,1,-1
2016610004916,1,9,0,5,0,0,0,0,0,0,1,1,3,2,23,5,1995,2,2,-1,1,-1
2016610005016,1,9,0,18,0,0,0,0,0,0,0,1,6,2,21,5,1587,1,12,-1,1,-1
2016610005016,2,9,0,1,0,0,0,0,0,0,0,1,6,1,49,8,1910,2,9,-1,2,-1
2016610005116,1,9,0,18,0,0,1,6,0,11,1,1,6,1,60,9,-1,3,2,-1,2,-1
2016610005116,2,9,0,18,0,0,0,0,0,0,0,1,6,3,-1,-1,-1,-1,-1,-1,-1,-1
2016610005216,1,9,0,18,0,0,1,0,2,4,3,1,6,2,57,9,1368,1,7,-1,3,-1
2016610005216,2,9,0,18,0,0,1,0,2,4,1,1,6,1,24,5,1390,1,13,10,1,10
2016610005216,3,9,0,15,0,0,1,0,0,0,4,1,6,1,50,8,1398,1,1,-1,3,-1
2016610005316,1,9,0,18,0,1,0,0,0,0,3,1,6,1,33,6,1910,2,11,-1,1,-1
2016610005316,2,9,0,9,0,1,0,0,0,0,3,1,6,3,-1,-1,-1,-1,-1,-1,-1,-1
2016610005416,1,9,0,13,0,0,1,0,2,11,1,1,6,1,35,6,1797,1,18,-1,1,-1
2016610005516,1,9,0,16,0,0,1,0,1,1,1,1,6,2,51,8,-1,-1,-1,-1,2,-1
2016610005616,1,9,0,16,0,1,0,0,0,0,4,1,6,3,-1,-1,-1,-1,-1,-1,-1,-1
2016610005616,2,1,0,9,0,1,0,0,0,0,1,1,6,1,15,3,-1,-1,-1,-1,-1,-1
2016610005716,1,9,0,18,0,6,0,0,0,0,3,1,3,2,40,7,1364,1,7,-1,1,-1
2016610005816,1,9,0,3,0,1,0,0,0,0,2,1,2,2,22,5,1242,1,4,-1,2,-1
2016610005816,2,9,0,18,0,1,0,0,0,0,1,1,6,1,33,6,1299,1,13,-1,1,-1
2016610005916,1,9,0,7,0,2,0,0,0,0,2,1,6,2,20,4,1598,1,3,-1,1,-1
2016610005916,2,9,0,7,0,2,0,0,0,0,1,1,6,2,18,4,1390,1,11,-1,1,-1
2016610006016,1,9,0,18,0,0,0,0,0,0,3,1,6,2,48,8,1956,2,3,-1,1,-1
2016610006116,1,9,0,12,0,0,0,7,0,0,3,1,6,2,23,5,1587,1,14,-1,1,-1
2016610006216,1,9,0,4,0,1,0,0,0,0,1,1,6,1,66,10,3600,1,26,-1,1,-1
2016610006216,2,9,0,3,0,1,0,0,0,0,2,1,6,1,43,7,1896,2,10,-1,1,-1
2016610006316,1,9,0,18,1,6,0,0,0,0,4,1,6,1,83,11,1198,1,9,-1,1,-1
2016610006316,2,9,0,2,0,1,0,0,0,0,3,1,1,1,48,8,1997,2,3,-1,2,-1
2016610006416,1,9,0,18,0,0,0,0,0,0,2,1,3,2,47,8,2488,1,12,-1,2,-1
2016610006516,1,2,0,4,0,0,0,0,0,0,1,1,6,1,16,4,-1,-1,-1,-1,1,-1
2016610006516,2,9,0,3,0,0,0,0,0,0,2,1,2,1,59,9,1149,1,8,-1,1,-1
2016610006616,1,9,0,14,0,1,0,0,0,0,1,1,6,1,32,6,1598,2,1,-1,1,-1
2016610006616,2,8,0,18,0,8,0,0,0,0,4,1,1,1,25,5,2996,1,10,-1,2,-1
2016610006716,1,9,0,18,0,0,0,0,0,0,1,1,1,1,37,7,1229,1,3,-1,1,-1
2016610006816,1,9,0,18,0,0,0,0,0,0,4,1,3,1,-1,-1,998,1,2,-1,1,-1
2016610006816,2,9,0,2,0,0,0,0,0,0,3,1,1,2,32,6,1598,2,5,-1,1,-1
2016610006916,1,9,0,18,0,0,0,0,7,11,1,1,6,1,60,9,2143,2,3,-1,1,-1
2016610006916,2,9,0,18,0,0,0,0,2,11,1,1,6,2,22,5,1398,2,7,-1,1,-1
2016610007016,1,8,0,18,0,0,5,0,1,0,1,1,1,1,48,8,1560,2,7,-1,2,-1
2016610007116,1,9,0,18,0,0,2,0,8,10,0,1,2,1,34,6,1781,1,15,-1,1,-1
2016610007216,1,9,0,18,0,1,0,0,0,0,2,1,6,2,30,6,1995,2,3,6,3,6
2016610007216,2,9,0,18,0,1,0,0,0,0,1,1,6,2,45,7,1995,2,5,-1,1,-1
2016610007316,1,9,0,18,0,0,0,0,0,0,1,1,6,1,18,4,1229,1,2,-1,1,-1
2016610007316,2,19,0,6,0,0,0,0,0,0,4,1,6,1,73,10,1868,2,11,-1,2,-1
2016610007316,3,9,0,2,0,0,0,0,0,0,2,1,6,1,54,8,2290,1,18,-1,1,-1
2016610007416,1,9,0,16,0,0,0,0,0,0,1,1,6,2,43,7,1598,2,1,-1,3,-1
2016610007416,2,9,0,17,0,0,0,0,0,0,1,1,6,2,61,9,1388,1,13,-1,1,-1
2016610007516,1,9,0,18,0,0,0,4,0,0,4,1,6,2,54,8,1364,1,1,-1,1,-1
2016610007516,2,9,0,2,0,0,0,0,0,0,4,1,6,1,30,6,1870,2,7,-1,3,-1
2016610007616,1,17,4,18,0,0,0,0,0,0,3,1,1,1,-1,-1,-1,-1,-1,-1,-1,-1
2016610007716,1,9,0,18,0,1,0,0,0,0,1,1,6,1,50,8,1995,1,8,2,1,2
2016610007716,2,9,0,18,0,2,0,0,0,0,1,1,6,2,24,5,-1,-1,-1,-1,-1,-1
2016610007816,1,9,0,18,0,1,0,0,0,0,1,1,6,1,23,5,1198,1,12,-1,1,-1
2016610007816,2,9,0,18,0,1,0,0,0,0,1,1,6,1,40,7,1956,2,7,-1,3,-1
2016610007916,1,9,0,16,0,0,0,0,7,2,3,1,6,2,19,4,1364,1,10,-1,1,-1
2016610008016,1,9,0,14,0,0,0,0,0,0,4,1,6,2,74,10,2393,1,5,-1,1,-1
2016610008016,2,9,0,2,0,0,0,0,0,0,3,1,6,1,62,9,1198,1,16,-1,1,-1
2016610008016,3,11,0,18,0,0,0,0,0,0,3,1,1,2,21,5,4461,2,3,-1,1,-1
2016610008116,1,9,0,3,0,3,0,0,0,0,2,1,6,2,27,6,1596,1,7,-1,-1,-1
2016610008116,2,9,0,18,0,4,0,0,0,0,1,1,6,2,-1,-1,1587,1,8,4,3,4
2016610008216,1,9,0,18,0,0,1,0,1,9,1,1,2,1,35,6,1397,1,7,-1,3,-1
2016610008316,1,9,0,10,0,1,0,0,0,0,3,1,6,1,-1,-1,-1,-1,-1,-1,-1,-1
2016610008416,1,11,0,1,0,0,0,0,0,0,2,1,6,1,-1,-1,9600,2,21,-1,1,-1
2016610008416,2,11,0,2,0,0,0,0,0,0,3,1,6,1,-1,-1,9600,2,21,-1,3,-1
2016610008516,1,19,0,18,0,0,0,0,0,0,3,1,1,1,26,6,1598,2,8,-1,1,-1
2016610008516,2,19,0,18,0,0,0,0,0,0,3,1,6,1,-1,-1,-1,-1,-1,-1,-1,-1
2016610008616,1,9,4,1,0,0,0,0,0,0,2,1,6,1,-1,-1,-1,-1,-1,-1,-1,-1
2016610008616,2,9,0,2,0,0,0,0,0,0,1,1,1,1,40,7,2993,2,2,-1,1,-1
2016610008716,1,9,0,4,0,0,0,0,0,0,2,1,2,2,68,10,1910,2,8,-1,3,-1
2016610008716,2,8,0,18,0,0,1,0,0,0,1,1,1,2,22,5,1242,1,10,-1,1,-1
2016610008816,1,9,0,18,0,1,0,0,0,0,1,1,6,1,20,4,1242,1,3,-1,1,-1
2016610008916,1,9,0,8,0,1,0,0,0,0,1,1,6,3,-1,-1,1968,2,1,-1,-1,-1
2016610008916,2,9,0,18,0,2,0,0,0,0,4,1,1,2,36,7,1798,1,9,-1,1,-1
2016610009016,1,9,0,9,0,1,0,0,0,0,1,1,6,2,75,10,1242,1,7,-1,1,-1
2016610009016,2,9,0,18,0,1,0,0,0,0,1,1,6,2,45,7,1299,1,10,-1,1,-1
2016610009116,1,9,0,18,0,8,0,0,0,0,1,1,6,2,21,5,1398,1,3,-1,1,-1
2016610009116,2,9,0,7,0,8,0,0,0,0,1,1,6,1,21,5,1956,2,1,3,1,3
2016610009216,1,9,0,8,0,6,0,0,0,0,1,1,6,1,37,7,1968,2,8,-1,1,-1
2016610009216,2,21,1,18,0,1,0,0,0,0,3,1,6,1,33,6,10837,2,3,8,1,8
2016610009316,1,9,0,18,0,0,0,0,0,0,1,1,6,1,56,9,1984,2,5,-1,3,-1
2016610009316,2,9,0,18,0,0,0,0,0,0,1,1,6,1,21,5,1596,1,13,-1,1,-1
2016610009416,1,9,0,18,0,4,0,0,0,0,2,1,1,1,-1,-1,-1,-1,-1,-1,1,-1
2016610009416,2,19,0,3,0,4,0,0,0,0,1,1,1,1,18,4,2198,2,3,-1,1,-1
2016610009516,1,9,0,11,0,0,0,0,0,0,2,1,2,2,29,6,1339,1,13,7,3,7
2016610009516,2,5,0,18,0,0,0,0,0,0,3,1,2,1,33,6,660,1,8,-1,1,-1
2016610009616,1,9,0,9,0,1,0,0,0,0,1,1,3,1,52,8,2179,2,3,-1,2,-1
2016610009616,2,1,0,18,0,1,0,0,0,0,4,1,2,1,58,9,-1,-1,-1,-1,1,-1
2016610009716,1,9,0,18,0,0,0,0,0,0,1,1,6,1,17,4,1229,1,10,-1,3,-1
2016610009716,2,9,0,18,0,0,0,0,0,0,1,1,2,2,30,6,1560,2,3,-1,3,-1
2016610009816,1,9,0,18,0,1,0,0,0,0,1,1,6,1,-1,-1,-1,-1,-1,-1,-1,-1
2016610009816,2,9,0,3,0,1,0,0,0,0,2,1,6,2,38,7,1299,1,14,-1,1,-1
2016610009916,1,9,0,9,0,6,0,0,0,0,1,1,1,3,-1,-1,-1,-1,-1,-1,-1,-1
2016610009916,2,1,0,18,0,1,0,0,0,0,4,1,1,1,29,6,-1,-1,-1,-1,1,-1
2016610010016,1,9,0,18,0,0,0,0,0,0,1,1,1,1,32,6,1999,1,2,-1,1,-1
2016610010016,2,9,0,18,0,0,0,0,1,11,1,1,1,2,53,8,1753,2,7,-1,1,-1
2016610010116,1,19,0,1,0,0,0,0,0,0,2,1,1,1,56,9,1968,2,2,-1,1,-1
2016610010116,2,9,0,4,0,0,0,0,0,0,1,1,2,1,22,5,1398,2,9,-1,1,-1
2016610010216,1,9,0,18,0,8,0,0,0,0,0,1,2,1,18,4,998,1,6,-1,1,-1
2016610010216,2,9,0,18,0,8,0,0,0,0,4,1,6,1,17,4,1299,1,12,-1,1,-1
2016610010316,1,9,0,4,0,1,0,0,0,0,1,1,2,2,22,5,1242,1,7,-1,1,-1
2016610010416,1,9,0,18,0,0,0,0,0,0,1,1,2,1,19,4,1149,1,10,-1,1,-1
2016610010416,2,9,0,18,0,0,0,0,0,0,1,1,2,2,22,5,1229,1,2,-1,3,-1
2016610010516,1,5,0,18,0,0,1,0,0,0,0,1,6,1,51,8,1137,1,9,-1,1,-1
2016610010516,2,9,0,18,0,0,0,0,0,0,0,1,6,1,-1,-1,-1,-1,-1,-1,-1,-1
2016610010616,1,9,0,9,0,6,0,0,0,0,0,1,6,3,-1,-1,-1,-1,-1,-1,-1,-1
2016610010616,2,9,0,18,0,1,0,0,0,7,1,1,2,1,36,7,1149,1,12,-1,1,-1
2016610010716,1,9,0,18,0,0,0,0,0,0,1,1,6,2,-1,-1,998,1,7,-1,3,-1
2016610010716,2,9,0,18,0,0,0,0,0,0,1,1,2,2,22,5,1149,1,4,-1,1,-1
2016610010716,3,9,0,2,0,0,0,0,0,0,0,1,6,1,-1,-1,1896,2,14,-1,-1,-1
2016610010816,1,9,5,15,0,0,0,0,0,0,4,1,6,1,74,10,-1,-1,-1,-1,3,-1
2016610010816,2,1,0,18,0,0,0,0,0,0,3,1,6,1,50,8,-1,-1,-1,-1,1,-1
2016610010916,1,9,0,3,0,4,0,0,0,0,1,1,6,2,52,8,1398,2,3,-1,1,-1
2016610010916,2,9,0,3,0,4,0,0,0,0,2,1,6,1,59,9,1364,1,1,-1,-1,-1
2016610011016,1,11,0,17,0,0,0,0,0,0,3,1,1,1,46,8,3900,2,10,-1,1,-1
2016610011016,2,9,0,16,0,0,0,0,0,0,4,1,6,2,-1,-1,-1,-1,-1,-1,2,-1
2016610011116,1,9,0,9,0,1,0,0,0,0,1,1,6,1,32,6,1242,1,12,-1,1,-1
2016610011116,2,8,0,7,0,1,1,10,1,0,1,1,1,1,49,8,1686,2,7,-1,1,-1
2016610011216,1,9,0,18,0,0,1,4,0,0,1,1,2,1,42,7,1796,1,10,7,1,7
2016610011216,2,21,0,2,0,0,0,0,0,0,2,1,1,1,-1,-1,-1,-1,-1,-1,-1,-1
2016610011316,1,9,0,18,0,0,0,0,0,0,1,1,2,2,30,6,1388,1,10,-1,2,-1
2016610011416,1,3,0,18,0,0,1,10,7,0,3,1,6,1,21,5,124,1,14,-1,1,-1
2016610011516,1,19,0,18,0,2,0,0,0,0,4,1,1,1,70,10,1461,2,1,-1,1,-1
2016610011616,1,19,0,18,0,0,0,0,0,0,4,1,1,1,27,6,1995,2,5,-1,2,-1
2016610011716,1,9,0,18,0,0,0,0,0,0,4,1,2,2,20,4,1149,1,5,-1,2,-1
2016610011816,1,9,0,18,0,0,0,0,0,0,4,1,6,2,28,6,1596,1,8,-1,1,-1
2016610011816,2,9,0,5,0,0,0,0,0,0,3,1,6,2,48,8,996,1,4,-1,1,-1
2016610011916,1,9,0,18,0,0,1,0,0,0,1,1,6,1,26,6,1390,1,12,-1,-1,-1
2016610011916,2,9,0,2,0,0,0,0,0,0,2,1,6,2,24,5,1242,1,4,-1,-1,-1
2016610012016,1,9,0,9,0,6,0,0,0,0,4,1,1,1,58,9,2495,2,17,-1,-1,-1
2016610012016,2,9,0,18,0,1,1,0,0,0,1,1,1,2,57,9,1560,2,2,-1,-1,-1
2016610012116,1,9,0,18,0,0,0,0,0,0,2,1,1,1,25,5,-1,-1,-1,8,1,8
2016610012116,2,19,0,18,0,0,0,0,0,0,1,1,1,1,27,6,2198,2,3,9,1,9
2016610012216,1,9,0,18,0,0,0,0,0,0,3,1,6,1,74,10,998,1,13,-1,1,-1
2016610012216,2,9,0,18,0,0,0,0,0,0,3,1,6,2,40,7,1400,1,10,-1,1,-1
2016610012316,1,9,0,18,0,3,0,0,0,0,4,1,6,1,65,9,1598,1,14,-1,1,-1
2016610012416,1,9,0,4,0,0,0,0,0,0,2,1,2,1,-1,-1,1910,2,9,4,1,4
2016610012416,2,9,0,18,0,0,0,0,0,0,1,1,2,1,31,6,2926,2,14,-1,1,-1
2016610012416,3,9,0,18,0,0,0,0,0,0,1,1,2,2,45,7,1399,2,8,-1,2,-1
2016610012516,1,9,0,18,0,0,0,0,0,0,4,1,1,2,48,8,1388,1,12,-1,1,-1
2016610012516,2,8,0,2,0,0,0,0,0,0,3,1,6,1,34,6,-1,-1,-1,-1,1,-1
2016610012616,1,9,0,16,0,0,0,0,0,0,1,1,6,1,22,5,1968,2,9,-1,1,-1
2016610012616,2,9,0,17,0,0,0,0,0,0,1,1,6,1,53,8,1360,1,10,-1,1,-1
2016610012716,1,9,0,17,0,0,2,0,2,1,1,1,6,1,19,4,1149,1,13,-1,1,-1
2016610012816,1,9,0,4,0,0,0,0,0,0,2,1,2,1,29,6,1242,1,13,-1,1,-1
2016610012816,2,9,0,4,0,0,0,0,0,0,1,1,2,2,20,4,998,1,14,-1,1,-1
2016610012816,3,9,0,4,0,0,0,0,0,0,1,1,2,2,49,8,1995,1,7,-1,2,-1
2016610012916,1,8,0,18,0,8,0,0,0,0,2,1,1,1,33,6,2231,2,6,-1,1,-1
2016610012916,2,9,0,18,0,8,0,0,0,0,1,1,1,2,28,6,1398,2,3,-1,1,-1
2016610013016,1,9,0,18,0,0,0,0,0,0,1,1,6,2,44,7,1399,2,13,-1,1,-1
2016610013016,2,9,0,18,0,0,0,0,0,0,1,1,6,2,44,7,998,1,14,-1,1,-1
2016610013116,1,9,0,6,8,1,0,0,0,0,3,1,6,1,64,9,1198,1,2,-1,2,-1
2016610013116,2,9,0,18,0,1,0,0,0,0,1,1,6,1,55,8,1400,1,16,-1,1,-1
2016610013216,1,19,0,18,0,0,1,0,0,0,3,1,1,1,54,8,1461,2,12,-1,-1,-1
2016610013316,1,9,0,7,0,4,0,0,0,0,1,1,2,2,35,6,1461,2,1,-1,1,-1
2016610013316,2,1,0,7,0,3,0,0,0,0,4,1,2,1,28,6,-1,-1,-1,-1,1,-1
2016610013416,1,9,0,4,0,0,0,0,0,0,2,1,6,1,37,7,1896,2,14,-1,1,-1
2016610013416,2,9,0,18,0,0,0,0,0,0,1,1,6,1,24,5,1896,2,12,-1,3,-1
2016610013516,1,9,0,18,0,0,0,0,0,6,3,1,4,1,34,6,1596,1,14,-1,-1,-1
2016610013616,1,9,0,9,0,8,0,0,0,0,1,1,6,1,25,5,-1,-1,-1,-1,-1,-1
2016610013616,2,9,0,18,0,8,0,0,0,0,1,1,6,1,18,4,1242,1,10,-1,-1,-1
2016610013616,3,19,0,2,0,8,0,0,0,0,4,1,6,1,20,4,1560,2,1,-1,-1,-1
2016610013716,1,19,0,4,0,1,0,0,0,0,3,1,6,1,20,4,2402,2,7,-1,3,-1
2016610013716,2,1,0,7,0,5,0,0,0,0,3,1,6,1,20,4,-1,-1,-1,-1,3,-1
2016610013816,1,5,0,13,0,8,1,0,7,3,1,1,6,1,50,8,1198,1,3,5,1,5
2016610013816,2,9,0,9,0,8,0,0,0,0,3,1,6,1,33,6,2765,2,18,-1,1,-1
2016610013916,1,9,0,4,0,8,0,0,0,0,2,1,6,1,31,6,2143,2,1,-1,1,-1
2016610013916,2,9,0,18,0,8,0,0,0,0,1,1,6,1,49,8,1596,1,13,-1,-1,-1
2016610014016,1,9,0,5,0,6,0,0,0,0,1,1,6,1,74,10,1995,2,-1,-1,-1,-1
2016610014016,2,9,0,18,0,1,0,0,0,0,4,1,6,2,52,8,1398,1,6,-1,1,-1
2016610014116,1,9,0,5,0,6,0,0,0,0,1,1,6,2,23,5,2497,2,4,-1,2,-1
2016610014116,2,1,0,18,0,1,0,0,0,0,4,1,6,1,50,8,-1,-1,-1,-1,-1,-1
2016610014216,1,9,0,18,0,0,0,0,0,0,1,1,6,1,-1,-1,1368,1,9,-1,2,-1
2016610014216,2,9,0,18,0,0,0,0,0,0,2,1,6,2,-1,-1,1598,1,9,-1,1,-1
2016610014216,3,9,0,18,0,0,0,0,0,0,2,1,6,2,58,9,-1,-1,-1,-1,1,-1
2016610014316,1,9,0,18,0,0,1,0,0,0,1,1,6,1,32,6,2597,1,15,-1,1,-1
2016610014316,2,19,0,18,0,0,5,0,0,0,3,1,6,1,31,6,-1,-1,-1,-1,-1,-1
2016610014416,1,4,0,18,0,0,0,0,0,0,2,1,6,1,57,9,-1,-1,-1,-1,1,-1
2016610014416,2,9,0,18,0,0,0,0,0,0,1,1,6,2,37,7,1246,1,8,-1,2,-1
2016610014516,1,5,0,18,0,0,0,0,1,10,4,1,6,1,28,6,599,1,3,-1,-1,-1
2016610014616,1,1,0,18,0,5,0,0,0,0,4,1,2,1,41,7,-1,-1,-1,-1,1,-1
2016610014616,2,9,0,18,0,8,0,0,0,0,1,1,6,1,34,6,1497,8,1,-1,1,-1
2016610014716,1,9,0,18,0,3,0,0,0,0,4,1,2,2,32,6,1997,1,14,-1,1,-1
2016610014716,2,9,0,18,0,4,0,0,0,0,3,1,6,2,23,5,1364,1,8,-1,1,-1
2016610014816,1,21,1,5,0,4,0,0,1,1,3,1,1,1,52,8,12740,2,6,1,1,1
2016610014816,2,20,0,18,0,8,0,0,1,2,1,1,1,1,57,9,5193,2,4,-1,1,-1
2016610014916,1,9,0,4,0,0,0,0,1,4,1,1,6,1,70,10,1339,1,12,-1,1,-1
2016610014916,2,9,0,4,0,0,0,0,0,0,2,1,6,1,76,11,1597,1,15,-1,1,-1
2016610015016,1,11,0,18,0,0,0,0,0,0,4,1,1,1,63,9,3900,2,13,-1,2,-1
2016610015116,1,9,0,18,0,3,0,0,0,0,4,1,6,1,46,8,1896,2,8,-1,1,-1
2016610015116,2,1,0,18,0,8,0,0,0,0,3,1,6,1,23,5,-1,-1,-1,-1,1,-1
2016610015216,1,19,0,18,0,6,0,0,0,0,1,1,1,1,-1,-1,2148,2,10,-1,-1,-1
2016610015216,2,11,0,18,0,1,0,0,0,0,4,1,1,1,53,8,4250,2,10,-1,3,-1
2016610015316,1,8,0,18,0,0,0,0,0,0,2,1,1,1,49,8,1753,2,8,-1,3,-1
2016610015316,2,9,0,18,0,0,0,0,0,0,1,1,6,2,43,7,1461,2,-1,-1,1,-1
2016610015416,1,22,0,18,0,1,0,0,0,0,1,1,1,1,35,6,-1,-1,-1,8,2,8
2016610015416,2,9,0,18,0,1,0,0,0,0,2,1,6,2,26,6,1560,2,1,-1,1,-1
2016610015416,3,9,0,18,0,1,0,0,0,0,2,1,6,2,54,8,1997,2,1,-1,-1,-1
2016610015516,1,9,0,14,0,0,0,0,0,0,4,1,6,2,37,7,1364,1,8,-1,1,-1
2016610015616,1,9,0,2,0,0,0,0,0,0,2,1,6,1,41,7,1560,2,7,-1,1,-1
2016610015616,2,9,0,18,0,0,1,4,0,0,1,1,6,2,24,5,1596,1,11,-1,-1,-1