Accident_Index,Vehicle_Reference,Vehicle_Type,Towing_and_Articulation,Vehicle_Manoeuvre,Vehicle_Location-Restricted_Lane,Junction_Location,Skidding_and_Overturning,Hit_Object_in_Carriageway,Vehicle_Leaving_Carriageway,Hit_Object_off_Carriageway,1st_Point_of_Impact,Was_Vehicle_Left_Hand_Drive?,Journey_Purpose_of_Driver,Sex_of_Driver,Age_of_Driver,Age_Band_of_Driver,Engine_Capacity_(CC),Propulsion_Code,Age_of_Vehicle,Driver_IMD_Decile,Driver_Home_Area_Type,Vehicle_IMD_Decile
2016610029416,2,9,0,18,0,0,0,0,0,0,2,1,1,1,40,7,-1,-1,-1,-1,1,-1
2016610029416,3,9,0,18,0,0,0,0,0,0,2,1,2,1,40,7,1968,2,-1,-1,-1,-1
2016610029516,1,2,0,18,0,1,0,0,0,0,0,1,2,1,21,5,49,1,4,-1,-1,-1
2016610029516,2,1,0,18,0,1,0,0,0,0,0,1,6,3,-1,-1,-1,-1,-1,-1,-1,-1
2016610029616,1,9,0,18,0,0,0,0,0,0,1,1,2,2,24,5,1461,2,4,-1,1,-1
2016610029616,2,9,0,18,0,0,0,4,0,0,1,1,2,2,18,4,1242,1,-1,-1,1,-1
2016610029616,3,9,0,2,0,0,0,0,0,0,0,1,6,1,-1,-1,999,1,4,-1,-1,-1
2016610029716,1,9,0,1,0,2,0,0,0,0,0,1,6,2,76,11,1596,1,14,-1,2,-1
2016610029716,2,3,0,18,0,1,1,0,7,3,1,1,1,1,34,6,124,1,3,-1,2,-1
2016610029816,1,9,0,13,0,0,0,0,0,0,1,1,6,1,29,6,1995,2,2,4,1,4
2016610029816,2,9,0,18,0,0,0,0,0,0,1,1,6,2,29,6,1598,1,13,-1,1,-1
2016610029916,1,8,0,17,0,0,0,0,0,0,3,1,1,1,44,7,1896,2,9,-1,1,-1
2016610030016,1,9,0,18,0,0,0,0,0,0,1,1,2,1,38,7,1991,1,17,-1,1,-1
2016610030016,2,1,0,18,0,0,0,0,0,0,4,1,6,1,13,3,-1,-1,-1,-1,1,-1
2016610030116,1,9,0,16,0,0,0,0,7,7,1,1,6,1,17,4,1242,1,12,-1,1,-1
2016610030216,1,9,0,18,0,0,0,0,4,4,1,1,6,1,25,5,2521,1,9,-1,3,-1
2016610030316,1,9,0,4,0,0,0,0,0,0,1,1,6,1,78,11,1360,1,17,-1,3,-1
2016610030516,1,9,0,18,0,0,0,0,0,0,1,1,6,1,86,11,995,1,8,-1,1,-1
2016610030616,1,9,0,18,0,0,0,0,0,0,4,1,6,1,-1,-1,1686,2,3,-1,1,-1
2016610030716,1,9,0,3,0,1,0,0,0,0,2,1,1,1,24,5,1560,2,6,-1,1,-1
2016610030716,2,9,0,18,0,1,0,0,0,0,1,1,6,1,18,4,1242,1,9,-1,1,-1
2016610030816,1,9,0,3,0,1,0,0,0,0,2,1,6,2,25,5,1242,1,9,-1,1,-1
2016610030816,2,9,0,18,0,1,0,0,0,0,1,1,6,1,51,8,1242,1,5,-1,1,-1
2016610030916,1,9,0,18,0,1,0,0,0,0,1,1,6,1,25,5,2616,1,11,-1,1,-1
2016610030916,2,9,0,10,0,1,0,0,0,0,1,1,6,1,33,6,1900,2,11,-1,1,-1
2016610031016,1,1,0,18,5,1,0,0,0,0,1,1,6,1,16,4,-1,-1,-1,-1,1,-1
2016610031016,2,9,0,4,0,1,0,0,0,0,3,1,6,1,56,9,3248,1,18,-1,1,-1
2016610031116,1,9,0,10,0,1,0,0,0,0,2,1,1,2,23,5,1560,2,2,-1,1,-1
2016610031116,2,21,0,18,0,1,0,0,0,0,1,1,1,1,36,7,12,2,12,-1,2,-1
2016610031216,1,9,0,12,0,0,2,0,1,7,1,1,6,1,41,7,1995,1,14,6,1,6
2016610031216,2,9,0,18,0,0,1,0,1,7,1,1,6,1,21,5,1798,1,12,-1,1,-1
2016610031316,1,9,0,18,0,0,0,0,0,0,4,1,2,2,49,8,998,1,2,-1,1,-1
2016610031416,1,9,0,16,0,0,2,0,7,2,1,1,6,2,29,6,-1,-1,-1,-1,2,-1
2016610031516,1,9,0,18,0,1,0,0,0,0,1,1,6,1,77,11,2685,2,13,-1,2,-1
2016610031516,2,9,0,18,0,1,0,0,0,0,2,1,1,1,45,7,1753,2,6,-1,-1,-1
2016610031616,1,9,0,5,0,8,0,0,0,0,3,1,6,2,89,11,1242,1,4,-1,2,-1
2016610031616,2,5,0,9,0,8,0,0,0,0,4,1,6,1,64,9,1052,1,18,-1,1,-1
2016610031716,1,9,0,18,0,3,0,0,0,0,1,1,6,1,44,7,1761,1,21,-1,1,-1
2016610031716,2,9,0,4,0,3,0,0,0,0,2,1,6,1,32,6,1896,2,14,-1,1,-1
2016610031816,1,9,0,18,0,1,0,0,0,0,3,1,1,2,30,6,1597,1,19,-1,1,-1
2016610031916,1,9,0,16,0,1,0,0,0,0,1,1,6,1,21,5,1560,2,9,-1,1,-1
2016610031916,2,1,0,18,0,6,0,0,0,0,1,1,6,1,15,3,-1,-1,-1,-1,1,-1
2016610032016,1,9,0,9,0,1,0,0,0,0,2,1,6,2,59,9,1598,1,9,-1,1,-1
2016610032016,2,9,0,3,0,1,0,0,0,0,1,1,6,2,21,5,1242,1,7,-1,-1,-1
2016610032116,1,3,0,16,0,4,0,2,1,0,1,1,6,1,27,6,124,1,1,-1,1,-1
2016610032216,1,19,0,6,0,8,0,0,0,0,1,1,1,1,45,7,1598,2,1,-1,1,-1
2016610032216,2,9,0,18,0,8,0,0,0,0,1,1,6,2,58,9,1328,1,7,-1,1,-1
2016610032316,1,9,0,18,0,0,0,0,2,11,1,1,6,2,31,6,1490,1,8,-1,1,-1
2016610032316,2,9,0,4,0,0,0,0,0,0,1,1,6,1,31,6,2148,2,12,-1,1,-1
2016610032416,1,9,0,18,0,0,0,0,0,0,1,1,6,3,-1,-1,-1,-1,-1,-1,-1,-1
2016610032516,1,9,0,18,0,0,0,0,0,0,1,1,6,1,51,8,1997,2,5,-1,3,-1
2016610032516,2,9,0,18,0,0,0,0,0,0,1,1,6,3,-1,-1,-1,-1,-1,-1,-1,-1
2016610032616,1,9,0,6,0,0,0,0,0,0,4,1,6,1,89,11,1323,1,15,-1,1,-1
2016610032616,2,9,0,18,0,0,0,0,0,0,1,1,6,1,23,5,1390,1,6,-1,1,-1
2016610032716,1,9,0,18,0,1,0,0,0,0,1,1,6,2,30,6,1360,1,13,-1,2,-1
2016610032716,2,1,0,18,0,1,0,0,0,0,1,1,6,2,11,3,-1,-1,-1,-1,-1,-1
2016610032816,1,9,0,16,0,3,1,0,0,0,3,1,6,1,24,5,1790,1,18,-1,1,-1
2016610032816,2,9,0,17,0,4,0,0,0,0,3,1,6,1,33,6,1396,1,4,-1,1,-1
2016610032816,3,9,0,18,0,1,0,0,0,0,1,1,6,2,87,11,1598,1,2,-1,1,-1
2016610032916,1,9,0,18,0,1,0,0,0,0,3,1,6,1,31,6,1242,1,16,-1,1,-1
2016610032916,2,19,0,9,0,6,0,0,0,0,4,1,6,1,-1,-1,1753,2,8,-1,-1,-1
2016610033016,1,9,0,18,0,0,0,0,0,0,1,1,6,1,29,6,1560,2,5,-1,2,-1
2016610033016,2,90,0,18,8,0,0,0,0,0,1,1,6,1,14,3,-1,-1,-1,-1,2,-1
2016610033116,1,5,0,16,0,0,0,0,0,0,1,1,6,1,66,10,1137,1,17,5,1,5
2016610033116,2,9,0,17,0,0,0,0,0,0,3,1,6,2,34,6,1598,2,2,-1,1,-1
2016610033116,3,9,0,17,0,0,0,0,0,0,4,1,6,1,22,5,1896,2,9,-1,1,-1
2016610033216,1,9,0,18,0,0,0,0,7,4,1,1,6,1,21,5,998,1,1,-1,2,-1
2016610033316,1,4,0,18,0,2,0,0,0,0,3,1,6,1,23,5,124,1,2,-1,2,-1
2016610033316,2,19,0,9,0,6,0,0,0,0,4,2,6,1,27,6,2198,2,5,-1,1,-1
2016610033416,1,9,0,18,0,0,0,0,0,0,1,1,6,1,18,4,1496,2,1,-1,2,-1
2016610033416,2,9,0,4,0,0,0,0,0,0,2,1,1,1,50,8,1896,2,16,-1,1,-1
2016610033516,1,9,0,18,0,4,0,0,0,0,2,1,6,2,26,6,1198,1,6,-1,1,-1
2016610033516,2,9,0,18,0,4,0,0,0,0,1,1,6,2,31,6,799,2,6,-1,1,-1
2016610033616,1,9,0,18,0,2,0,0,0,0,4,1,6,2,22,5,-1,-1,-1,-1,1,-1
2016610033616,2,9,0,18,0,1,1,0,0,0,1,1,6,1,-1,-1,1968,2,10,-1,1,-1
2016610033716,1,9,0,18,0,0,0,0,0,0,1,1,6,1,26,6,1994,2,12,-1,2,-1
2016610033816,1,9,0,16,9,0,1,0,1,2,1,1,6,1,21,5,1360,1,12,-1,-1,-1
2016610033916,1,9,0,18,0,0,5,6,0,0,4,1,1,2,20,4,1242,1,3,-1,1,-1
2016610034016,1,9,0,1,0,0,0,0,0,0,1,1,6,1,-1,-1,-1,-1,-1,-1,-1,-1
2016610034116,1,9,0,13,0,0,0,0,0,0,3,1,6,2,62,9,1870,2,5,-1,2,-1
2016610034116,2,5,0,13,0,0,0,0,8,4,1,1,6,1,54,8,599,1,8,-1,2,-1
2016610034216,1,8,0,18,0,4,0,0,0,0,1,1,1,1,34,6,2231,2,10,-1,1,-1
2016610034216,2,9,0,3,0,4,0,0,0,0,2,1,6,1,19,4,1124,1,14,-1,1,-1
2016610034316,1,9,0,18,0,0,0,0,0,0,4,1,6,2,28,6,1796,1,14,-1,1,-1
2016610034416,1,9,0,5,0,0,0,0,0,0,1,1,6,1,49,8,1896,2,8,-1,-1,-1
2016610034516,1,9,0,13,0,0,0,7,5,7,1,1,2,1,30,6,1995,2,12,-1,2,-1
2016610034616,1,9,0,2,0,0,0,0,0,0,2,1,1,1,35,6,1560,2,3,-1,-1,-1
2016610034616,2,8,0,1,0,0,0,0,0,0,2,1,1,1,38,7,1796,1,10,-1,1,-1
2016610034716,1,21,0,3,0,4,0,0,0,0,1,1,1,1,50,8,11967,2,7,-1,3,-1
2016610034716,2,9,0,5,0,4,0,0,0,0,2,1,2,2,24,5,998,1,14,-1,1,-1
2016610034816,1,9,0,16,0,1,0,0,0,0,1,2,6,2,31,6,-1,-1,-1,-1,-1,-1
2016610034916,1,5,0,16,0,0,1,0,8,7,1,1,6,1,50,8,1050,1,5,-1,3,-1
2016610034916,2,9,0,17,0,0,0,0,0,7,4,1,6,1,20,4,1461,2,12,-1,1,-1
2016610034916,3,9,0,17,0,0,0,0,0,0,0,1,6,1,-1,-1,1499,2,1,-1,1,-1
2016610035016,1,5,0,13,0,0,0,0,0,0,3,1,6,1,42,7,865,1,6,-1,1,-1
2016610035016,2,9,0,18,0,0,0,0,0,0,4,1,6,3,-1,-1,-1,-1,-1,-1,-1,-1
2016610035116,1,9,0,18,0,1,0,0,0,0,3,1,6,2,63,9,1242,1,14,-1,1,-1
2016610035116,2,9,0,9,0,1,0,0,0,0,1,1,2,1,41,7,1753,2,8,-1,1,-1
2016610035216,1,9,0,3,0,1,0,0,0,0,1,1,6,2,22,5,1149,1,14,-1,1,-1
2016610035216,2,9,0,9,0,1,0,0,0,0,4,1,6,1,73,10,1595,1,4,-1,-1,-1
2016610035316,1,9,0,18,0,8,0,0,0,0,1,1,6,1,18,4,1896,2,7,-1,3,-1
2016610035316,2,9,0,5,0,1,0,0,0,0,2,1,6,1,49,8,1587,1,10,-1,1,-1
2016610035416,1,9,0,3,0,3,0,0,0,0,2,1,1,2,61,9,998,1,12,-1,1,-1
2016610035416,2,9,0,3,0,3,0,0,0,0,1,1,6,1,-1,-1,-1,-1,-1,-1,-1,-1
2016610035516,1,9,0,9,0,6,0,0,0,0,3,1,6,2,25,5,1997,1,12,-1,-1,-1
2016610035516,2,4,0,13,0,1,1,0,0,11,1,1,6,1,-1,-1,-1,-1,-1,-1,-1,-1
2016610035616,1,9,0,18,0,0,0,0,0,0,1,1,6,2,18,4,1149,1,16,-1,-1,-1
2016610035716,1,9,0,18,0,0,0,0,0,0,1,1,6,2,78,11,1299,1,9,-1,3,-1
2016610035716,2,1,0,18,0,0,0,0,0,0,2,1,6,1,55,8,-1,-1,-1,-1,1,-1
2016610035816,1,9,0,18,0,0,0,0,0,0,4,1,2,2,41,7,1905,2,20,10,1,10
2016610035816,2,98,0,12,0,0,0,0,0,0,3,2,1,1,42,7,-1,-1,-1,-1,-1,-1
2016610035916,1,9,0,9,0,1,0,0,0,0,1,1,6,1,87,11,996,1,3,-1,1,-1
2016610035916,2,1,0,18,0,1,0,0,0,0,3,1,2,1,35,6,-1,-1,-1,-1,-1,-1
2016610036016,1,9,0,9,0,5,0,0,0,0,3,1,6,1,19,4,1988,2,11,-1,1,-1
2016610036016,2,2,0,18,0,1,0,0,0,0,1,1,6,1,19,4,125,1,2,-1,1,-1
2016610036116,1,9,0,4,0,0,0,0,0,0,2,1,6,1,67,10,-1,-1,-1,-1,1,-1
2016610036116,2,9,0,4,0,0,0,0,0,0,2,1,6,1,31,6,-1,-1,-1,-1,1,-1
2016610036116,3,9,0,4,0,0,0,0,0,0,1,1,6,2,81,11,1587,1,10,-1,2,-1
2016610036216,1,9,0,18,0,0,0,0,0,0,3,1,6,2,61,9,1596,1,10,-1,3,-1
2016610036316,1,19,0,18,0,8,0,0,0,0,3,1,1,1,51,8,2198,2,2,-1,1,-1
2016610036416,1,9,0,18,0,0,0,0,0,0,1,1,6,2,52,8,1798,1,11,-1,1,-1
2016610036516,1,9,0,9,0,2,0,0,0,0,1,1,6,1,53,8,2204,2,9,-1,1,-1
2016610036516,2,9,0,15,0,1,5,0,2,11,4,1,6,1,73,10,2198,2,9,-1,1,-1
2016610036616,1,9,0,18,0,0,0,0,0,0,1,1,6,1,84,11,1591,1,2,-1,1,-1
2016610036616,2,9,0,2,0,0,0,0,0,0,2,1,6,1,24,5,1388,1,12,-1,1,-1
2016610036716,1,9,0,18,0,3,0,0,2,2,1,1,6,1,20,4,1968,2,8,-1,-1,-1
2016610036816,1,9,0,18,0,1,0,0,0,0,1,1,2,1,35,6,1598,1,13,-1,1,-1
2016610036816,2,9,0,4,0,1,1,0,1,10,2,1,2,2,51,8,1598,1,12,9,1,9
2016610036916,1,9,0,18,0,1,2,0,0,11,3,1,1,1,23,5,1984,1,16,-1,1,-1
2016610037016,1,5,0,18,0,3,0,0,0,0,0,1,2,1,39,7,600,1,17,-1,1,-1
2016610037116,1,9,0,9,0,5,0,0,0,0,1,1,6,1,21,5,1984,1,10,-1,1,-1
2016610037116,2,9,0,18,0,1,0,0,0,0,1,1,6,2,26,6,1229,1,11,-1,1,-1
2016610037216,1,9,0,9,0,1,0,0,0,0,4,1,1,1,34,6,1398,2,14,-1,1,-1
2016610037216,2,1,0,18,0,1,0,0,0,0,1,1,6,1,40,7,-1,-1,-1,-1,1,-1
2016610037316,1,9,0,18,0,0,0,0,0,0,0,1,6,1,-1,-1,-1,-1,-1,-1,-1,-1
2016610037416,1,9,0,5,0,8,0,0,0,0,1,1,6,2,55,8,1968,2,2,-1,3,-1
2016610037416,2,9,0,18,0,8,0,0,0,0,1,1,6,1,37,7,1798,1,11,-1,2,-1
2016610037516,1,3,0,18,0,0,1,0,0,0,0,1,6,1,-1,-1,125,1,2,-1,-1,-1
2016610037516,2,9,0,18,0,0,0,0,0,0,0,1,6,1,27,6,-1,-1,-1,2,1,2
2016610037616,1,9,0,18,0,0,5,0,0,0,1,1,6,1,28,6,1968,2,8,-1,1,-1
2016610037616,2,9,0,18,0,0,0,0,0,0,3,1,6,1,24,5,1388,1,12,-1,1,-1
2016610037616,3,9,0,18,0,0,0,0,0,0,3,1,6,1,27,6,1995,2,12,-1,1,-1
2016610037716,1,9,0,16,0,0,0,0,6,6,1,1,6,2,25,5,-1,-1,-1,-1,1,-1
2016610037716,2,9,0,18,0,0,0,0,0,0,1,1,6,1,65,9,1598,1,9,-1,1,-1
2016610037816,1,9,0,9,0,8,0,0,1,0,4,1,6,2,24,5,1753,2,9,-1,1,-1
2016610037816,2,3,0,18,0,8,0,0,0,0,1,1,6,1,25,5,124,1,4,-1,1,-1
2016610038016,1,9,0,18,0,0,1,0,8,5,1,1,6,1,27,6,1332,1,18,-1,1,-1
2016610038116,1,9,0,18,0,3,0,0,0,0,1,1,6,3,-1,-1,1868,2,15,-1,-1,-1
2016610038116,2,9,0,18,0,3,0,0,0,0,1,1,6,2,70,10,1299,1,18,-1,1,-1
2016610038116,3,9,0,18,0,3,0,0,0,0,0,1,1,1,35,6,2993,2,2,-1,-1,-1
2016610038416,1,1,0,18,0,8,0,0,0,0,4,1,6,1,24,5,-1,-1,-1,-1,-1,-1
2016610038416,2,19,0,5,0,8,0,0,0,0,3,1,6,1,-1,-1,-1,-1,-1,-1,-1,-1
2016610038516,1,9,0,18,0,0,5,0,1,0,1,1,6,1,36,7,1390,1,15,-1,1,-1
2016610038816,1,9,0,4,0,1,0,0,0,0,2,1,3,1,52,8,1229,1,9,-1,2,-1
2016610038816,2,9,0,18,0,1,0,0,0,0,1,1,2,1,24,5,1560,2,7,-1,1,-1
2016610038816,3,9,0,18,0,1,1,0,0,0,1,1,6,1,56,9,1988,2,12,-1,1,-1
2016610039016,1,9,0,4,0,1,1,0,0,0,3,1,6,1,51,8,1396,2,5,-1,1,-1
2016610039016,2,9,0,18,0,1,1,0,0,0,1,1,6,1,22,5,1396,1,10,-1,1,-1
2016610039116,1,9,0,13,0,1,0,0,0,0,1,1,6,1,84,11,1360,1,7,-1,1,-1
2016610039116,2,9,0,18,0,1,0,0,0,0,1,1,6,1,41,7,1461,2,4,-1,1,-1
2016610039216,1,9,0,18,0,1,0,0,0,0,1,1,6,2,20,4,-1,-1,-1,-1,1,-1
2016610039216,2,9,0,9,0,1,0,0,0,0,1,1,6,1,19,4,1800,1,17,-1,1,-1
2016610039316,1,9,0,9,7,1,0,0,0,0,1,1,6,1,48,8,-1,-1,-1,-1,3,-1
2016610039316,2,4,0,13,0,1,0,0,7,9,4,1,6,2,38,7,675,1,5,-1,3,-1
2016610039416,1,21,1,18,0,0,0,0,0,0,0,1,1,1,46,8,6870,2,3,-1,3,-1
2016610039416,2,9,0,18,0,0,0,0,0,0,1,1,6,2,36,7,2401,2,12,-1,1,-1
2016610039516,1,9,0,18,0,4,0,0,0,0,1,1,6,1,24,5,1598,2,2,-1,1,-1
2016610039516,2,9,0,18,0,4,0,0,0,0,4,1,1,2,83,11,1242,1,8,-1,1,-1
2016610039616,1,9,0,18,0,1,0,0,0,0,3,1,6,1,35,6,1598,1,8,-1,1,-1
2016610039716,1,9,0,2,9,1,0,4,0,0,1,1,6,2,-1,-1,1248,1,2,-1,3,-1
2016610039716,2,9,0,2,9,1,0,0,0,0,3,1,6,1,-1,-1,1596,1,8,-1,-1,-1
2016610039916,1,9,0,2,6,1,0,0,7,11,2,1,2,2,52,8,1598,1,4,-1,1,-1
2016610040216,1,9,0,5,0,2,0,0,0,0,4,1,6,1,46,8,1796,1,15,-1,1,-1
2016610040216,2,1,0,18,9,2,0,0,0,0,4,1,6,1,11,3,-1,-1,-1,-1,1,-1
2016610040316,1,9,0,3,0,1,0,0,0,0,2,1,6,1,51,8,1598,1,12,-1,1,-1
2016610040316,2,9,0,3,0,1,0,0,0,0,1,1,6,2,23,5,999,1,2,-1,3,-1
2016610040416,1,9,0,9,0,2,0,0,0,0,1,1,2,1,22,5,998,1,2,-1,2,-1
2016610040416,2,9,0,18,0,1,0,0,0,0,1,1,2,1,42,7,1794,1,11,-1,1,-1
2016610041016,1,9,0,17,0,0,2,10,0,0,0,1,2,1,32,6,1995,1,13,-1,2,-1
2016610041016,2,9,0,16,0,0,2,0,0,0,2,1,4,2,49,8,1149,1,13,-1,1,-1
2016610041016,3,9,0,16,0,0,2,0,0,0,1,1,6,1,30,6,1560,2,4,-1,1,-1
2016610041116,1,9,0,16,0,1,5,0,7,11,1,2,6,1,23,5,1299,1,13,-1,2,-1
2016610041216,1,11,0,18,0,0,0,0,0,0,0,1,1,1,29,6,4250,2,10,-1,1,-1
2016610041316,1,9,0,9,0,1,0,0,0,0,1,1,6,1,47,8,1997,2,11,-1,1,-1
2016610041316,2,3,0,18,0,1,0,0,0,0,1,1,6,1,22,5,124,1,-1,-1,1,-1
2016610041416,1,9,0,1,0,0,0,0,0,0,2,1,6,1,73,10,1596,1,1,-1,1,-1
2016610041416,2,9,0,2,0,0,0,0,0,0,3,1,6,1,52,8,1898,1,14,-1,1,-1
2016610041516,1,9,0,18,0,2,0,0,0,0,1,1,6,1,44,7,1360,1,15,-1,1,-1
2016610041516,2,9,0,18,0,2,0,0,0,0,2,1,6,1,73,10,1200,1,2,-1,1,-1
2016610041616,1,9,0,18,0,0,0,0,0,0,4,1,2,2,32,6,1794,1,12,4,1,4
2016610041616,2,1,0,12,0,0,0,0,0,0,3,1,2,3,-1,-1,-1,-1,-1,-1,-1,-1
2016610041716,1,9,0,9,0,1,0,0,0,0,1,1,6,1,22,5,1364,1,11,-1,1,-1
2016610041716,2,3,0,18,0,1,0,0,0,0,1,1,6,1,20,4,124,1,17,-1,1,-1
2016610041816,1,97,0,17,0,0,5,0,1,11,1,1,6,1,27,6,-1,-1,-1,-1,1,-1
2016610041816,2,9,0,2,0,0,0,0,0,0,2,1,6,1,51,8,1598,1,11,-1,1,-1
2016610041916,1,9,0,10,0,1,0,0,0,0,1,1,6,2,35,6,1390,1,7,-1,-1,-1
2016610041916,2,2,0,18,0,1,0,0,0,0,4,1,6,1,22,5,-1,-1,-1,-1,1,-1
2016610042016,1,9,0,18,0,1,0,0,0,0,1,1,6,1,32,6,1149,1,14,-1,1,-1
2016610042116,1,9,0,16,0,0,0,0,0,0,2,1,6,1,47,8,1598,2,-1,-1,1,-1
2016610042116,2,9,0,16,0,0,0,0,0,0,1,1,6,1,37,7,-1,-1,-1,-1,1,-1
2016610042216,1,9,0,17,0,1,0,0,0,0,0,1,6,1,23,5,-1,-1,-1,-1,-1,-1
2016610042216,2,1,0,18,0,1,0,0,0,0,2,1,6,1,62,9,-1,-1,-1,-1,-1,-1
2016610042316,1,9,0,18,0,0,5,0,7,0,3,1,6,2,19,4,1242,1,6,-1,1,-1
2016610042416,1,9,0,18,0,0,0,0,0,0,3,1,2,1,61,9,1398,2,12,-1,1,-1
2016610042416,2,9,0,13,0,0,1,0,0,0,1,1,2,1,32,6,-1,-1,-1,-1,1,-1
2016610042416,3,9,0,2,6,0,0,0,0,0,3,1,2,1,28,6,1896,2,11,-1,1,-1
2016610042416,4,9,0,2,6,0,0,0,0,0,3,1,2,1,-1,-1,2401,2,15,-1,3,-1
2016610042516,1,5,0,18,0,0,1,0,7,0,4,1,6,1,49,8,898,1,2,7,3,7
2016610042616,1,9,0,4,0,2,1,7,0,0,3,1,6,1,43,7,-1,-1,-1,7,1,7
2016610042716,1,9,0,9,0,8,0,0,0,0,3,1,6,1,26,6,1149,1,17,-1,2,-1
2016610042716,2,9,0,18,0,1,0,0,0,0,1,1,6,2,18,4,1198,1,13,-1,2,-1
2016610042916,1,9,0,5,0,6,0,0,0,0,2,1,6,1,46,8,1984,1,13,-1,2,-1
2016610042916,2,5,0,18,0,1,1,0,0,0,1,1,6,1,48,8,1043,1,4,-1,1,-1
2016610043016,1,9,0,10,0,1,0,0,0,0,2,1,6,2,20,4,1242,1,8,-1,2,-1
2016610043016,2,9,0,18,0,1,0,0,0,0,1,1,6,1,73,10,1596,1,16,10,1,10
2016610043216,1,9,0,18,0,1,0,0,0,0,1,1,2,2,42,7,1686,2,3,-1,1,-1
2016610043216,2,9,0,9,0,2,0,0,0,0,2,1,6,2,79,11,998,1,16,-1,3,-1
2016610043416,1,9,0,18,0,4,0,0,0,0,1,1,6,1,-1,-1,-1,-1,-1,-1,-1,-1
2016610043416,2,9,0,18,0,8,0,0,0,0,2,1,6,2,64,9,999,1,3,-1,2,-1
2016610043516,1,9,0,18,0,0,0,11,0,6,1,1,2,2,28,6,1242,1,3,-1,1,-1
2016610043516,2,9,0,2,0,0,0,0,0,0,2,1,2,1,39,7,1753,2,11,-1,2,-1
2016610043516,3,5,0,2,0,0,0,0,0,0,0,1,6,1,45,7,1441,1,1,-1,2,-1
2016610043616,1,9,0,5,0,4,0,0,0,0,4,1,1,1,20,4,1686,2,5,-1,1,-1
2016610043616,2,9,0,18,0,4,0,0,0,0,1,1,6,1,20,4,1896,2,14,-1,1,-1
2016610043716,1,9,0,18,0,2,0,0,2,3,4,1,6,1,25,5,1499,2,-1,6,1,6
2016610043816,1,9,0,18,0,0,0,0,0,0,1,1,6,1,66,10,1685,2,-1,-1,1,-1
2016610043816,2,9,0,3,0,0,0,0,0,0,2,1,6,1,53,8,1995,2,9,-1,1,-1
2016610043816,3,19,0,3,0,0,0,0,0,0,2,1,6,1,-1,-1,2198,2,1,-1,-1,-1
2016610043916,1,19,0,18,0,0,0,0,0,0,4,1,6,1,51,8,1248,2,10,-1,1,-1
2016610044016,1,9,0,18,9,0,0,0,1,4,1,1,2,2,21,5,1124,1,14,-1,2,-1
2016610044116,1,1,0,18,0,1,0,0,0,0,4,1,6,1,12,3,-1,-1,-1,-1,1,-1
2016610044116,2,9,0,18,0,1,0,0,0,0,4,1,2,1,31,6,1498,1,-1,-1,1,-1
2016610044216,1,9,0,3,0,4,0,0,0,0,1,1,6,1,37,7,-1,-1,-1,-1,-1,-1
2016610044216,2,3,0,4,0,8,0,0,0,0,2,1,6,1,25,5,-1,-1,-1,-1,-1,-1
2016610044316,1,9,0,18,0,0,1,0,7,0,3,1,6,1,19,4,1199,1,13,-1,1,-1
2016610044316,2,9,0,18,0,0,0,0,0,0,1,1,6,2,68,10,2148,2,10,-1,1,-1
2016610044416,1,9,0,18,0,1,0,0,0,0,1,1,3,2,27,6,1242,1,8,-1,1,-1
2016610044516,1,9,0,12,0,0,0,0,0,0,3,1,6,1,32,6,1560,2,9,-1,1,-1
2016610044616,1,11,0,17,0,1,0,0,0,0,1,1,1,1,28,6,4461,2,3,-1,1,-1
2016610044716,1,9,0,1,0,1,0,0,0,0,4,1,6,2,34,6,2148,2,11,-1,1,-1
2016610044816,1,9,0,18,0,1,0,0,0,0,2,1,3,1,34,6,1997,2,5,-1,1,-1
2016610044816,2,9,0,10,0,1,0,0,0,0,1,1,6,1,17,4,998,1,5,-1,1,-1
2016610044916,1,9,0,18,0,0,0,0,0,0,1,1,6,2,24,5,1242,1,10,-1,1,-1
2016610044916,2,3,0,18,0,0,0,0,0,0,1,1,6,1,27,6,125,1,-1,-1,1,-1
2016610045016,1,9,0,9,0,5,0,0,0,0,1,1,1,1,47,8,1598,1,10,-1,1,-1
2016610045116,1,9,0,18,0,0,0,0,0,0,1,1,1,1,25,5,1498,1,2,-1,1,-1
2016610045216,1,9,0,5,0,2,0,0,0,11,4,1,6,1,81,11,1995,1,15,-1,1,-1
2016610045316,1,9,0,17,0,8,0,0,1,4,1,1,6,1,30,6,1796,1,14,-1,1,-1
2016610045416,1,9,0,18,0,0,0,0,0,0,3,1,6,3,-1,-1,-1,-1,-1,-1,-1,-1
2016610045516,1,9,0,18,0,1,0,0,0,0,4,1,6,1,53,8,1242,1,7,-1,3,-1
2016610045516,2,1,0,18,0,1,0,0,0,0,3,1,6,1,12,3,-1,-1,-1,-1,1,-1
2016610045616,1,19,0,18,0,1,0,0,0,0,1,1,1,1,47,8,1753,2,9,-1,1,-1
2016610045716,1,9,0,13,0,0,1,0,0,0,1,1,6,1,26,6,1998,1,14,-1,1,-1
2016610045716,2,9,0,4,0,0,0,0,1,10,1,1,6,1,27,6,1910,2,9,-1,3,-1
2016610045716,3,9,0,18,0,0,5,0,0,0,3,1,6,2,23,5,1242,1,1,-1,1,-1
2016610045816,1,9,0,9,0,8,0,0,0,0,1,1,6,2,69,10,1598,1,1,-1,1,-1