Accident_Index,Vehicle_Reference,Vehicle_Type,Towing_and_Articulation,Vehicle_Manoeuvre,Vehicle_Location-Restricted_Lane,Junction_Location,Skidding_and_Overturning,Hit_Object_in_Carriageway,Vehicle_Leaving_Carriageway,Hit_Object_off_Carriageway,1st_Point_of_Impact,Was_Vehicle_Left_Hand_Drive?,Journey_Purpose_of_Driver,Sex_of_Driver,Age_of_Driver,Age_Band_of_Driver,Engine_Capacity_(CC),Propulsion_Code,Age_of_Vehicle,Driver_IMD_Decile,Driver_Home_Area_Type,Vehicle_IMD_Decile
2016610061016,2,9,0,18,0,1,0,0,0,0,3,1,6,1,47,8,1398,1,3,-1,1,-1
2016610061016,3,9,0,18,0,1,0,0,0,0,3,1,6,1,52,8,1598,2,1,5,3,5
2016610061116,1,9,0,18,0,0,0,0,0,0,3,1,6,1,29,6,1753,2,10,-1,2,-1
2016610061216,1,9,0,18,0,8,0,0,7,1,1,1,6,1,22,5,1910,2,8,-1,-1,-1
2016610061216,2,9,0,18,0,8,0,0,0,11,3,1,6,2,46,8,-1,-1,-1,-1,-1,-1
2016610061316,1,19,0,9,0,5,0,0,0,0,4,1,1,2,84,11,3920,2,5,-1,1,-1
2016610061416,1,9,0,17,0,0,0,0,1,4,1,1,6,1,26,6,4999,1,10,-1,1,-1
2016610061416,2,9,0,17,0,0,0,0,0,0,0,1,6,1,-1,-1,-1,-1,-1,-1,-1,-1
2016610061516,1,9,0,18,0,0,0,0,0,0,1,1,1,1,26,6,1399,2,8,-1,1,-1
2016610061516,2,9,0,3,0,0,0,0,0,0,2,1,6,1,26,6,1390,1,4,-1,-1,-1
2016610061516,3,9,0,3,0,0,0,0,0,0,2,1,6,1,25,5,-1,-1,-1,-1,-1,-1
2016610061616,1,9,0,5,0,4,0,0,0,0,3,1,6,1,69,10,1388,1,9,-1,1,-1
2016610061616,2,1,0,18,0,3,0,0,0,0,1,1,6,1,28,6,-1,-1,-1,-1,-1,-1
2016610061716,1,9,0,5,0,8,0,0,1,11,4,1,6,2,25,5,1398,2,6,-1,1,-1
2016610061716,2,9,0,18,0,1,0,0,0,0,1,1,6,1,-1,-1,5000,1,6,-1,-1,-1
2016610061816,1,9,0,7,9,5,0,0,1,0,1,1,6,3,-1,-1,-1,-1,-1,-1,-1,-1
2016610061916,1,9,0,15,0,3,1,0,1,0,3,1,6,1,-1,-1,1686,2,11,-1,-1,-1
2016610061916,2,9,0,18,0,3,1,0,4,6,3,1,6,2,52,8,-1,-1,-1,-1,1,-1
2016610062016,1,9,0,18,0,0,0,0,0,0,0,1,6,2,42,7,1395,1,1,-1,1,-1
2016610062116,1,9,0,11,0,3,0,0,0,0,1,1,6,2,67,10,-1,-1,-1,-1,2,-1
2016610062116,2,9,0,18,0,3,1,0,0,0,3,1,6,1,50,8,1229,1,2,-1,1,-1
2016610062216,1,9,0,17,0,4,0,0,3,2,1,1,6,2,79,11,1598,1,12,-1,3,-1
2016610062316,1,9,0,18,0,0,2,0,0,2,1,1,6,2,25,5,2171,2,15,-1,1,-1
2016610062416,1,9,0,13,0,1,0,0,0,0,1,1,6,3,-1,-1,-1,-1,-1,-1,-1,-1
2016610062416,2,9,0,9,0,5,1,0,0,0,3,1,6,2,47,8,1364,1,7,-1,3,-1
2016610062516,1,9,0,9,5,1,0,0,0,0,4,1,6,1,23,5,2497,1,13,-1,1,-1
2016610062516,2,9,0,18,0,1,0,0,0,0,1,1,6,1,19,4,1390,1,10,-1,1,-1
2016610062616,1,9,0,18,0,1,1,9,0,6,1,1,6,2,23,5,998,1,10,-1,1,-1
2016610062616,2,9,0,2,0,1,0,0,0,0,1,1,6,1,71,10,1988,1,11,-1,-1,-1
2016610062616,3,9,0,2,0,1,0,4,0,0,1,1,6,1,23,5,1598,1,7,-1,1,-1
2016610062616,4,9,0,18,0,1,1,4,0,0,1,1,6,2,27,6,1598,2,4,-1,1,-1
2016610062716,1,9,0,17,0,0,2,0,5,6,3,1,1,1,25,5,1198,1,10,-1,1,-1
2016610062816,1,9,0,5,0,6,0,0,0,0,1,1,6,1,28,6,1896,2,13,-1,1,-1
2016610062816,2,9,0,18,0,1,0,0,0,0,1,1,6,1,82,11,1896,2,11,-1,2,-1
2016610062916,1,9,0,18,0,8,0,0,0,0,4,1,6,1,17,4,998,1,3,-1,1,-1
2016610062916,2,9,0,18,0,4,0,0,0,0,1,1,1,1,53,8,2987,2,2,-1,-1,-1
2016610063016,1,9,0,18,0,0,0,0,0,0,1,1,6,2,67,10,1956,2,6,-1,2,-1
2016610063016,2,9,0,18,0,0,0,0,1,0,1,1,6,1,20,4,1198,1,4,-1,1,-1
2016610063116,1,9,0,18,0,0,0,7,0,0,1,1,2,2,51,8,998,1,6,-1,3,-1
2016610063216,1,9,0,8,0,1,0,0,0,0,2,1,6,2,-1,-1,1198,1,8,-1,1,-1
2016610063216,2,9,0,5,0,1,0,0,0,0,1,1,6,2,19,4,1422,2,7,-1,1,-1
2016610063316,1,3,0,12,0,1,0,0,0,0,1,1,1,1,16,4,49,1,5,-1,2,-1
2016610063316,2,11,0,18,0,1,0,0,0,0,1,1,1,1,-1,-1,31883,2,14,-1,-1,-1
2016610063416,1,3,0,18,0,1,0,0,0,0,1,1,6,1,21,5,125,1,2,6,3,6
2016610063416,2,9,0,9,0,1,0,0,0,0,3,1,6,1,18,4,1229,1,3,-1,1,-1
2016610063516,1,9,0,16,0,7,5,0,4,10,1,1,6,1,78,11,1560,2,2,-1,1,-1
2016610063616,1,9,0,3,0,8,0,0,0,0,2,1,6,1,26,6,2143,2,1,-1,1,-1
2016610063616,2,9,0,18,0,8,0,0,0,0,1,1,6,1,44,7,1796,1,11,-1,-1,-1
2016610063716,1,9,0,18,0,3,0,0,0,0,2,1,6,1,51,8,1299,1,11,-1,1,-1
2016610063716,2,3,0,18,0,3,0,0,0,0,1,1,6,1,18,4,125,1,4,-1,3,-1
2016610063816,1,9,0,12,0,1,0,0,0,0,1,1,6,1,24,5,1900,2,10,-1,1,-1
2016610063916,1,9,0,18,0,1,0,0,0,0,1,1,2,1,26,6,998,1,9,-1,3,-1
2016610064016,1,9,0,18,0,1,1,0,0,0,1,1,6,1,19,4,-1,-1,-1,-1,1,-1
2016610064016,2,9,0,18,0,1,0,0,0,0,3,1,6,1,19,4,1229,1,3,-1,1,-1
2016610064116,1,9,0,3,0,0,0,0,0,0,2,1,6,1,44,7,995,1,7,-1,3,-1
2016610064116,2,9,0,18,0,0,0,0,0,0,1,1,6,1,25,5,1399,2,9,-1,1,-1
2016610064216,1,9,0,18,0,0,0,0,0,0,0,1,6,2,31,6,1248,1,2,-1,1,-1
2016610064316,1,9,0,18,0,1,0,0,0,0,4,1,1,2,31,6,1995,2,13,-1,1,-1
2016610064416,1,9,0,18,0,0,0,0,0,0,4,1,6,1,30,6,2435,1,20,-1,1,-1
2016610064516,1,9,0,14,0,0,1,0,0,0,1,1,6,3,-1,-1,973,1,17,-1,-1,-1
2016610064616,1,9,0,18,0,0,0,0,0,0,3,1,6,2,31,6,1240,1,13,-1,1,-1
2016610064716,1,9,0,5,0,1,0,0,0,0,3,1,3,2,33,6,2295,1,15,-1,1,-1
2016610064716,2,2,0,14,0,1,0,0,0,0,4,1,1,1,37,7,49,1,13,-1,1,-1
2016610064816,1,4,0,18,0,1,0,0,0,0,4,1,6,1,22,5,125,1,3,-1,1,-1
2016610064816,2,9,0,9,0,1,0,0,0,0,1,1,6,1,72,10,1390,1,12,-1,1,-1
2016610064916,1,9,0,5,0,4,0,0,0,0,2,1,6,1,23,5,1242,1,13,-1,1,-1
2016610064916,2,19,0,5,0,4,0,0,0,0,1,1,6,1,22,5,2143,2,1,-1,-1,-1
2016610065016,1,9,0,18,0,0,0,0,0,0,1,1,6,1,-1,-1,-1,-1,-1,-1,1,-1
2016610065016,2,9,0,4,0,0,0,0,0,0,2,1,6,2,58,9,1341,1,11,-1,1,-1
2016610065116,1,9,0,16,0,0,5,0,7,0,1,1,6,1,24,5,1587,1,14,-1,1,-1
2016610065216,1,11,0,4,3,0,1,0,0,0,1,1,1,1,38,7,4250,2,10,-1,1,-1
2016610065316,1,9,0,9,0,1,0,0,0,0,4,1,6,1,49,8,1229,1,11,-1,1,-1
2016610065316,2,17,4,18,0,1,0,0,0,0,1,1,1,1,33,6,-1,2,3,-1,2,-1
2016610065316,3,19,0,8,0,1,0,0,0,0,1,1,6,1,53,8,2143,2,6,-1,1,-1
2016621600041,1,8,0,18,0,8,0,0,0,0,4,1,1,1,33,6,1560,2,7,-1,1,-1
2016621600041,2,8,0,18,0,8,0,0,0,0,1,1,1,1,47,8,-1,-1,-1,-1,1,-1
2016621600044,1,9,0,18,0,4,0,0,0,0,1,1,6,1,21,5,1560,2,5,-1,2,-1
2016621600044,2,9,0,10,0,8,0,0,0,0,2,1,6,1,33,6,1796,1,16,-1,1,-1
2016621600047,1,9,0,9,0,5,0,0,0,0,3,1,6,1,18,4,1242,1,9,-1,1,-1
2016621600047,2,9,0,18,0,8,0,0,0,0,1,1,6,2,43,7,1560,2,7,-1,1,-1
2016621600048,1,9,0,9,0,1,0,0,0,0,1,1,6,1,25,5,-1,-1,-1,-1,1,-1
2016621600048,2,9,0,18,0,8,0,0,0,0,1,1,6,1,42,7,1497,1,12,-1,1,-1
2016621600050,1,9,0,18,0,0,0,0,0,0,1,1,6,1,39,7,1149,1,5,-1,1,-1
2016621600050,2,9,0,3,0,0,0,0,0,0,2,1,6,2,49,8,1870,2,12,-1,1,-1
2016621600051,1,9,0,18,0,4,0,0,0,0,1,1,6,1,25,5,1496,2,1,-1,1,-1
2016621600051,2,9,0,3,0,4,0,0,0,0,2,1,6,1,29,6,2967,2,4,-1,1,-1
2016621600057,1,2,0,18,0,0,0,0,1,0,1,1,6,1,36,7,125,1,1,-1,1,-1
2016621600059,1,9,0,17,0,0,5,0,7,0,3,1,6,1,30,6,2495,2,15,-1,1,-1
2016621600060,1,9,0,9,0,8,0,0,0,0,1,1,6,2,92,11,1390,1,15,-1,1,-1
2016621600060,2,9,0,18,0,1,0,0,0,0,4,1,6,2,27,6,1242,1,3,-1,1,-1
2016621600061,1,9,0,18,0,0,5,0,1,4,1,1,1,1,47,8,1560,2,10,-1,1,-1
2016621600067,1,9,0,9,0,8,0,0,0,0,1,1,6,2,18,4,1242,1,3,-1,1,-1
2016621600067,2,9,0,18,0,8,0,0,0,0,3,1,6,1,23,5,1598,1,5,-1,1,-1
2016621600070,1,9,0,18,0,0,2,0,1,6,3,1,6,2,73,10,1560,2,5,-1,3,-1
2016621600071,1,9,0,18,0,8,0,0,0,0,1,1,2,2,18,4,998,1,12,-1,1,-1
2016621600071,2,9,4,18,0,8,0,0,0,0,4,1,1,1,45,7,2993,2,1,-1,1,-1
2016621600073,1,9,0,18,0,6,0,0,3,2,1,1,6,1,18,4,1124,1,10,-1,3,-1
2016621600073,2,9,0,18,0,8,0,0,0,0,1,1,6,2,27,6,1597,1,13,-1,2,-1
2016621600075,1,9,0,18,0,0,0,0,1,7,1,1,6,1,32,6,2198,2,12,-1,1,-1
2016621600078,1,9,0,7,0,1,0,0,0,0,4,1,1,1,60,9,1968,2,2,-1,3,-1
2016621600078,2,1,0,18,0,1,0,0,0,0,1,1,6,1,34,6,-1,-1,-1,-1,1,-1
2016621600079,1,9,0,16,0,0,0,0,0,0,1,1,6,1,74,10,1061,1,13,-1,2,-1
2016621600079,2,19,0,17,0,0,0,0,0,0,1,1,1,1,44,7,-1,-1,-1,-1,1,-1
2016621600079,3,9,0,16,0,0,0,0,0,0,1,1,6,1,64,9,1596,1,10,-1,2,-1
2016621600080,1,9,0,9,0,8,0,0,0,0,1,1,6,2,56,9,998,1,7,-1,1,-1
2016621600080,2,3,0,18,0,8,0,0,0,0,1,1,6,1,21,5,124,1,9,-1,1,-1
2016621600081,1,19,0,18,0,0,0,0,0,0,1,1,1,1,30,6,2402,2,5,-1,1,-1
2016621600081,2,9,0,4,0,0,0,0,0,0,2,1,6,2,61,9,1587,1,10,-1,1,-1
2016621600081,3,20,0,4,0,0,0,0,0,0,2,1,1,1,25,5,-1,-1,-1,-1,2,-1
2016621600082,1,9,0,11,0,3,0,0,0,0,4,1,6,1,18,4,1149,1,11,-1,1,-1
2016621600082,2,9,0,16,0,3,0,0,0,0,1,1,6,2,75,10,1598,2,5,-1,1,-1
2016621600083,1,9,0,7,0,6,0,0,0,0,1,1,6,1,31,6,1749,1,15,-1,1,-1
2016621600083,2,9,0,18,0,1,0,0,0,0,4,1,6,1,24,5,1984,1,7,-1,1,-1
2016621600083,3,9,0,2,0,1,0,0,0,0,3,1,6,3,-1,-1,1598,1,2,-1,-1,-1
2016621600084,1,9,0,18,0,2,0,0,0,0,1,1,6,3,-1,-1,-1,-1,-1,-1,-1,-1
2016621600085,1,19,0,18,0,0,0,0,0,0,1,1,1,1,68,10,1461,2,8,-1,1,-1
2016621600085,2,9,0,4,0,0,0,0,0,0,2,1,2,1,31,6,1995,2,6,-1,2,-1
2016621600085,3,19,0,4,0,0,0,0,0,0,2,1,1,1,27,6,2198,2,4,-1,1,-1
2016621600086,1,9,0,18,0,1,0,0,0,0,1,1,6,1,64,9,1229,1,3,-1,1,-1
2016621600086,2,9,0,4,0,1,0,0,0,0,2,1,6,1,61,9,1596,1,13,-1,1,-1
2016621600086,3,9,0,3,0,1,0,0,0,0,2,1,6,2,58,9,1388,1,13,-1,1,-1
2016621600087,1,9,0,9,0,8,0,0,0,0,1,1,2,2,23,5,1198,1,9,-1,1,-1
2016621600087,2,1,0,18,0,8,0,0,0,0,1,1,6,1,45,7,-1,-1,-1,-1,1,-1
2016621600088,1,9,0,9,0,8,1,0,1,4,1,1,6,1,19,4,1364,1,10,-1,1,-1
2016621600089,1,9,0,18,0,0,0,0,0,0,4,1,6,1,19,4,1149,1,10,-1,1,-1
2016621600089,2,9,0,2,0,0,0,0,0,0,4,1,6,3,-1,-1,1560,2,7,-1,-1,-1
2016621600090,1,9,0,9,0,5,0,0,0,0,0,1,6,3,-1,-1,-1,-1,-1,-1,-1,-1
2016621600090,2,1,0,18,0,8,0,0,0,0,0,1,6,1,23,5,-1,-1,-1,-1,1,-1
2016621600091,1,9,0,13,0,0,0,0,1,7,4,1,6,1,24,5,1360,1,8,-1,1,-1
2016621600091,2,9,0,18,0,0,0,0,5,6,3,1,6,1,69,10,1870,2,10,-1,1,-1
2016621600092,1,9,0,18,0,0,0,10,0,0,1,1,6,1,76,11,1560,2,3,-1,2,-1
2016621600092,2,9,0,2,0,0,0,0,0,0,3,1,6,3,-1,-1,1998,2,12,-1,-1,-1
2016621600093,1,11,0,16,0,0,0,0,0,0,1,1,1,1,65,9,6700,2,3,-1,1,-1
2016621600093,2,9,0,16,0,0,0,0,0,0,2,1,6,1,23,5,1398,2,13,-1,2,-1
2016621600094,1,9,0,5,0,8,0,0,0,0,4,1,6,2,19,4,1229,1,7,-1,1,-1
2016621600094,2,10,0,18,0,8,0,0,0,0,3,1,1,1,51,8,2198,2,4,-1,2,-1
2016621600095,1,9,0,13,0,0,0,0,0,0,4,1,6,1,43,7,2435,1,13,-1,1,-1
2016621600095,2,19,0,18,0,0,0,0,0,0,3,1,1,1,24,5,2198,2,3,-1,1,-1
2016621600096,1,9,0,18,0,0,0,0,1,10,1,1,6,2,24,5,-1,-1,-1,-1,1,-1
2016621600097,1,9,0,16,0,1,1,0,8,7,1,1,6,1,63,9,-1,-1,-1,4,1,4
2016621600098,1,9,0,18,0,0,1,0,0,7,1,1,6,2,19,4,1248,1,5,-1,1,-1
2016621600099,1,9,0,16,0,0,0,0,7,7,4,1,6,2,26,6,1124,1,10,-1,2,-1
2016621600100,1,9,0,18,0,0,1,0,0,0,2,1,6,2,21,5,1598,2,5,-1,2,-1
2016621600100,2,19,0,18,0,0,1,0,0,0,1,1,6,1,60,9,2198,2,10,-1,1,-1
2016621600100,3,9,3,18,0,0,1,0,0,0,1,1,6,1,54,8,2953,2,10,-1,3,-1
2016621600101,1,9,0,18,0,1,0,7,0,0,1,1,6,2,19,4,1299,1,8,-1,2,-1
2016621600101,2,9,0,18,0,1,1,0,0,0,1,1,6,1,47,8,1598,1,3,-1,1,-1
2016621600102,1,21,1,11,0,0,0,0,0,0,4,2,1,1,28,6,-1,-1,-1,-1,-1,-1
2016621600102,2,9,0,18,0,0,0,0,2,11,3,1,6,2,37,7,1388,1,12,-1,1,-1
2016621600103,1,19,0,18,0,4,1,0,7,1,3,1,6,1,30,6,1998,2,15,-1,1,-1
2016621600104,1,9,0,18,0,0,1,0,4,0,1,1,6,2,22,5,1598,1,13,-1,1,-1
2016621600105,1,9,0,18,0,0,0,11,0,0,1,1,2,1,42,7,1998,2,11,-1,3,-1
2016621600105,2,9,0,2,0,0,0,0,0,0,2,1,6,3,-1,-1,1242,1,14,-1,-1,-1
2016621600105,3,9,0,2,0,0,0,0,0,0,2,1,6,3,-1,-1,1198,1,4,-1,-1,-1
2016621600106,1,5,0,18,0,8,0,0,0,0,1,1,6,3,-1,-1,749,1,7,-1,-1,-1
2016621600106,2,9,0,9,0,5,0,0,0,0,2,1,6,1,27,6,1461,2,1,-1,1,-1
2016621600107,1,9,0,18,0,0,1,0,2,2,4,1,6,1,31,6,2979,1,1,-1,1,-1
2016621600108,1,3,0,18,0,4,1,0,0,0,0,1,6,1,30,6,-1,-1,-1,-1,1,-1
2016621600110,1,9,0,16,0,0,1,7,0,0,1,1,2,2,51,8,1242,1,7,-1,1,-1
2016621600112,1,9,0,18,0,8,0,0,0,0,1,1,6,2,56,9,1598,1,17,-1,1,-1
2016621600112,2,9,0,9,0,8,0,0,0,0,1,1,6,1,66,10,1796,1,9,-1,1,-1
2016621600113,1,19,0,18,0,0,0,0,0,0,1,1,1,1,35,6,1248,2,8,-1,1,-1
2016621600113,2,9,0,18,0,0,0,0,0,0,2,1,6,2,31,6,1242,1,1,-1,1,-1
2016621600113,3,19,0,18,0,0,0,0,0,0,2,1,6,1,23,5,1248,2,11,-1,1,-1
2016621600113,4,9,0,18,0,0,0,0,0,0,1,1,6,1,19,4,1242,1,9,-1,1,-1
2016621600113,5,9,0,18,0,0,1,0,0,0,2,1,6,2,20,4,1242,1,3,-1,3,-1
2016621600114,1,9,0,18,0,6,0,0,0,0,4,1,6,1,26,6,1199,1,15,-1,2,-1
2016621600114,2,9,0,18,0,8,0,0,0,0,1,1,6,1,18,4,1399,2,10,-1,2,-1
2016621600115,1,9,0,17,0,0,1,0,7,11,4,1,6,1,38,7,989,1,11,-1,1,-1
2016621600117,1,9,0,18,0,0,0,0,0,0,4,1,6,3,-1,-1,-1,-1,-1,-1,-1,-1
2016621600118,1,9,0,7,0,8,0,0,0,0,1,2,6,1,24,5,1968,2,13,-1,1,-1
2016621600118,2,1,0,18,0,1,0,0,0,0,4,1,2,2,52,8,-1,-1,-1,-1,1,-1
2016621600119,1,8,0,18,0,0,0,0,0,0,1,1,1,1,32,6,-1,-1,-1,-1,1,-1
2016621600119,2,9,0,4,0,0,0,0,0,0,2,1,2,2,39,7,998,1,4,-1,1,-1
2016621600120,1,9,0,18,0,8,0,0,0,0,3,1,6,1,34,6,1796,1,16,-1,2,-1
2016621600121,1,9,0,18,0,8,0,0,0,0,1,1,6,2,59,9,1796,1,11,-1,1,-1
2016621600121,2,9,0,9,0,8,0,0,0,0,1,1,6,1,54,8,1198,1,7,-1,1,-1
2016621600122,1,9,0,5,0,4,0,0,0,0,1,1,6,2,21,5,999,1,1,10,1,10
2016621600122,2,9,0,5,0,4,0,0,0,0,2,1,6,2,19,4,1242,1,5,-1,1,-1
2016621600123,1,9,0,16,0,0,1,0,7,2,1,1,6,1,36,7,1598,1,8,-1,1,-1
2016621600124,1,9,0,17,0,1,2,0,1,4,1,1,6,2,55,8,1299,1,15,-1,1,-1
2016621600125,1,8,0,5,0,4,0,0,0,0,1,1,2,1,47,8,1997,2,8,-1,2,-1
2016621600125,2,9,0,4,0,4,0,0,0,0,2,1,2,1,31,6,-1,-1,-1,-1,1,-1
2016621600126,1,9,0,4,0,1,0,0,0,0,1,1,6,1,21,5,1198,1,14,-1,2,-1
2016621600126,2,9,0,4,0,1,0,0,0,0,2,1,6,2,51,8,2204,2,9,-1,2,-1
2016621600127,1,9,0,9,0,4,0,0,0,0,3,1,1,1,72,10,2295,1,17,-1,1,-1
2016621600127,2,1,0,18,0,8,0,0,0,0,1,1,6,2,27,6,-1,-1,-1,-1,1,-1
2016621600128,1,9,0,18,0,0,1,4,8,11,1,1,6,1,33,6,1598,1,14,-1,1,-1
2016621600128,2,9,0,2,0,0,0,0,0,0,2,1,6,3,-1,-1,1242,1,2,-1,-1,-1
2016621600128,3,9,0,2,0,0,0,0,0,0,2,1,6,3,-1,-1,1587,1,16,-1,-1,-1
2016621600129,1,9,0,9,0,5,0,0,0,0,4,1,6,2,29,6,999,1,1,-1,1,-1
2016621600129,2,9,0,18,0,1,0,0,0,0,1,1,6,1,70,10,1598,2,-1,-1,1,-1
2016621600129,3,9,0,10,0,1,0,0,0,0,1,1,6,1,46,8,1781,1,16,-1,1,-1
2016621600130,1,9,0,18,0,0,5,7,1,0,1,1,6,1,70,10,1199,1,14,-1,1,-1
2016621600131,1,9,0,17,0,4,1,0,2,7,4,1,6,2,55,8,1242,1,4,-1,1,-1
2016621600132,1,9,0,18,0,0,0,4,1,0,1,1,6,1,48,8,1596,1,11,-1,1,-1
2016621600132,2,9,0,2,0,0,0,0,0,0,2,1,6,3,-1,-1,1587,1,13,-1,-1,-1
2016621600132,3,9,0,2,0,0,0,0,0,0,1,1,6,3,-1,-1,1199,1,16,-1,-1,-1
2016621600133,1,9,0,18,0,8,0,0,0,0,1,1,6,3,-1,-1,1386,1,8,-1,-1,-1
2016621600133,2,9,0,4,0,8,0,0,0,0,2,1,6,2,52,8,796,1,16,-1,1,-1
2016621600134,1,9,0,5,0,4,0,0,0,0,3,1,6,1,23,5,1149,1,13,-1,1,-1
2016621600134,2,3,0,18,0,8,0,0,0,0,1,1,2,2,37,7,125,1,3,-1,2,-1
2016621600135,1,3,0,18,0,2,0,0,1,10,1,1,2,1,21,5,124,1,9,-1,1,-1
2016621600136,1,9,0,4,0,0,0,0,0,0,1,1,2,2,33,6,1242,1,2,-1,1,-1
2016621600136,2,9,0,4,0,0,0,0,0,0,2,1,2,1,47,8,1598,2,5,-1,1,-1
2016621600136,3,19,0,3,0,0,0,0,0,0,2,1,2,1,34,6,1560,2,4,-1,1,-1
2016621600137,1,9,0,9,0,2,1,0,0,0,1,1,6,2,46,8,1590,1,14,-1,1,-1
2016621600139,1,9,0,18,0,3,5,0,1,11,1,1,2,1,34,6,1910,2,8,-1,2,-1
2016621600140,1,9,0,18,0,0,0,10,1,11,1,1,2,2,46,8,1242,1,10,-1,1,-1
2016621600141,1,9,0,18,0,0,2,0,7,0,3,1,6,2,73,10,998,1,15,-1,1,-1
2016621600142,1,9,0,18,0,0,0,0,0,0,4,1,6,2,42,7,998,1,1,-1,2,-1
2016621600143,1,21,0,4,0,4,5,0,0,0,3,1,1,1,57,9,-1,-1,-1,-1,3,-1
2016621600144,1,11,0,18,0,8,0,0,0,2,1,1,1,1,56,9,4461,2,3,-1,1,-1
2016621600145,1,9,0,9,0,5,0,0,0,0,4,1,6,1,71,10,1560,2,1,-1,1,-1
2016621600145,2,3,0,18,0,1,0,0,0,0,1,1,6,1,22,5,124,1,2,-1,1,-1
2016621600147,1,9,0,5,0,4,0,0,0,0,3,1,6,1,17,4,1349,1,6,-1,1,-1
2016621600147,2,9,0,18,0,8,0,0,0,0,1,1,6,2,20,4,1229,1,8,-1,2,-1
2016621600148,1,9,0,4,0,2,0,0,0,0,1,1,2,1,52,8,2902,2,13,-1,1,-1
2016621600148,2,9,0,3,0,2,0,0,0,0,2,1,6,2,59,9,2993,2,5,-1,1,-1
2016621600149,1,9,0,18,0,2,0,10,7,11,1,1,6,1,70,10,1598,1,12,-1,1,-1
2016621600150,1,9,0,18,0,4,0,0,0,0,1,1,1,1,69,10,-1,-1,-1,-1,3,-1
2016621600150,2,9,0,18,0,8,0,0,1,11,4,1,6,1,48,8,1587,1,12,-1,1,-1
2016621600151,1,9,0,18,0,0,0,0,0,0,1,1,6,1,66,10,1560,2,8,-1,1,-1
2016621600151,2,9,0,18,0,0,0,0,0,0,2,1,6,1,60,9,1390,1,8,-1,1,-1
2016621600152,1,9,0,5,0,6,0,0,0,0,1,1,6,2,34,6,999,1,2,-1,1,-1
2016621600152,2,11,0,18,0,8,0,0,0,0,4,1,1,1,45,7,4500,2,7,-1,2,-1
2016621600153,1,9,0,18,0,8,0,0,0,0,3,1,2,2,43,7,1596,1,14,-1,3,-1
2016621600153,2,9,0,18,0,8,0,0,0,0,1,1,6,1,28,6,1399,2,6,-1,1,-1
2016621600154,1,9,0,18,0,0,5,7,0,0,3,1,6,2,60,9,1598,2,1,-1,1,-1
2016621600155,1,9,0,16,0,0,2,0,1,6,3,1,6,2,26,6,1398,2,5,-1,1,-1
2016621600156,1,9,0,18,0,0,0,0,0,0,1,1,6,1,74,10,1329,1,4,-1,1,-1
2016621600157,1,9,0,11,0,5,1,0,4,4,3,1,2,1,24,5,1360,1,14,-1,1,-1
2016621600158,1,9,0,18,0,1,1,0,1,11,1,1,6,1,28,6,1399,2,7,-1,1,-1
2016621600158,2,9,0,18,0,1,1,0,1,11,1,1,6,2,66,10,1197,1,1,-1,1,-1
2016621600159,1,3,0,17,0,0,0,0,0,0,0,1,6,1,21,5,125,1,1,-1,1,-1
2016621600160,1,9,0,18,0,0,0,0,0,0,1,1,6,1,18,4,998,1,7,-1,1,-1
2016621600160,2,9,0,18,0,0,0,0,0,0,2,1,6,2,61,9,1198,1,2,-1,1,-1
2016621600160,3,9,0,18,0,0,0,0,0,0,2,1,6,1,21,5,2204,2,12,7,1,7
2016621600161,1,9,0,9,0,8,0,0,0,0,4,1,6,2,61,9,998,1,15,-1,1,-1
2016621600161,2,3,0,18,0,1,0,0,0,0,1,1,6,1,30,6,124,1,10,-1,1,-1
2016621600162,1,9,0,9,0,6,0,0,0,0,4,1,6,2,33,6,1229,1,3,-1,1,-1
2016621600162,2,1,0,9,0,5,0,0,0,0,3,1,6,1,40,7,-1,-1,-1,-1,1,-1
2016621600163,1,9,0,4,0,1,0,0,0,0,1,1,6,2,57,9,998,1,2,-1,2,-1
2016621600163,2,9,0,4,0,1,0,0,0,0,2,1,6,1,19,4,1399,2,5,-1,1,-1
2016621600164,1,9,0,1,0,0,0,0,0,0,2,1,6,3,-1,-1,-1,-1,-1,-1,-1,-1
2016621600164,2,1,0,4,0,0,0,0,0,0,1,1,6,1,52,8,-1,-1,-1,-1,1,-1
2016621600165,1,9,0,18,0,0,0,4,0,0,4,1,6,1,34,6,1124,1,12,-1,1,-1
2016621600165,2,9,0,2,0,0,0,0,0,0,3,1,6,3,-1,-1,1242,1,1,-1,-1,-1
2016621600166,1,9,0,7,0,5,0,7,0,1,1,1,6,2,36,7,1299,1,14,-1,1,-1
2016621600169,1,9,0,18,0,8,0,0,0,0,1,1,2,1,34,6,1596,1,14,-1,1,-1
2016621600170,1,9,0,18,0,0,5,0,2,7,1,1,6,1,36,7,2792,1,21,-1,3,-1
2016621600171,1,9,0,18,0,0,2,0,0,0,1,1,2,1,34,6,1598,1,11,-1,1,-1
2016621600171,2,9,0,2,0,0,0,0,0,0,2,1,6,3,-1,-1,1598,1,2,-1,-1,-1
2016621600171,3,10,0,2,0,0,0,0,0,0,4,1,6,3,-1,-1,-1,-1,-1,-1,-1,-1
2016621600172,1,9,0,5,0,4,0,0,0,0,3,1,6,2,48,8,1229,1,10,-1,1,-1
2016621600172,2,9,0,18,0,3,0,0,0,0,1,1,6,1,17,4,1199,1,13,-1,1,-1