Accident_Index,Vehicle_Reference,Vehicle_Type,Towing_and_Articulation,Vehicle_Manoeuvre,Vehicle_Location-Restricted_Lane,Junction_Location,Skidding_and_Overturning,Hit_Object_in_Carriageway,Vehicle_Leaving_Carriageway,Hit_Object_off_Carriageway,1st_Point_of_Impact,Was_Vehicle_Left_Hand_Drive?,Journey_Purpose_of_Driver,Sex_of_Driver,Age_of_Driver,Age_Band_of_Driver,Engine_Capacity_(CC),Propulsion_Code,Age_of_Vehicle,Driver_IMD_Decile,Driver_Home_Area_Type,Vehicle_IMD_Decile
2016621600173,1,9,0,18,0,8,0,10,0,0,4,1,6,3,-1,-1,1124,1,13,-1,-1,-1
2016621600173,2,9,0,10,0,1,0,0,0,0,3,1,6,2,31,6,1124,1,9,-1,2,-1
2016621600174,1,9,0,18,0,2,0,0,0,0,1,1,6,2,29,6,1198,1,6,-1,1,-1
2016621600174,2,9,0,18,0,2,0,0,0,0,2,1,6,2,57,9,1598,1,17,-1,1,-1
2016621600174,3,9,0,18,0,8,0,0,0,0,2,1,6,1,34,6,1975,1,10,-1,1,-1
2016621600176,1,9,0,13,0,0,0,0,0,0,1,1,6,3,-1,-1,-1,-1,-1,-1,-1,-1
2016621600176,2,9,0,18,0,0,0,0,1,2,2,1,6,1,36,7,1896,2,14,-1,1,-1
2016621600178,1,9,0,9,0,6,0,0,0,0,1,1,6,1,81,11,1395,1,2,-1,1,-1
2016621600179,1,9,0,9,0,8,0,0,0,0,1,1,6,1,39,7,1242,1,9,-1,1,-1
2016621600179,2,9,0,18,0,8,0,0,0,11,4,1,6,2,45,7,1390,1,13,-1,1,-1
2016621600180,1,9,0,18,0,1,1,0,0,1,1,1,6,1,67,10,1988,2,12,-1,1,-1
2016621600180,2,9,0,4,0,1,0,0,0,0,2,1,6,2,49,8,1198,1,9,-1,1,-1
2016621600180,3,9,0,4,0,1,0,0,0,0,2,1,6,2,17,4,995,1,7,-1,1,-1
2016621600180,4,9,0,3,0,1,0,0,0,0,2,1,6,1,43,7,1400,1,9,-1,1,-1
2016621600181,1,8,0,18,0,1,0,0,0,0,1,1,1,1,53,8,1910,2,10,-1,1,-1
2016621600182,1,9,0,18,0,0,0,0,0,0,1,1,6,1,42,7,1868,2,14,-1,2,-1
2016621600182,2,9,0,4,0,0,0,0,0,0,2,1,6,2,45,7,1598,1,3,-1,1,-1
2016621600182,3,9,0,4,0,0,0,0,0,0,2,1,6,2,30,6,1461,2,2,-1,1,-1
2016621600183,1,19,0,18,0,0,0,0,0,0,4,1,1,1,40,7,3920,2,6,-1,1,-1
2016621600184,1,9,0,18,0,0,0,0,0,0,1,1,6,1,83,11,998,1,2,-1,1,-1
2016621600185,1,9,0,18,0,7,0,0,0,0,1,1,6,3,-1,-1,1242,1,16,-1,-1,-1
2016621600185,2,9,0,18,0,7,0,0,0,0,2,1,6,1,29,6,1422,2,10,-1,1,-1
2016621600186,1,9,0,18,0,0,0,0,0,0,1,1,6,1,77,11,899,1,16,-1,3,-1
2016621600186,2,1,0,18,0,0,0,0,0,0,4,1,6,1,58,9,-1,-1,-1,-1,1,-1
2016621600187,1,3,0,18,0,1,0,0,0,0,0,1,6,2,19,4,124,1,4,-1,1,-1
2016621600188,1,1,0,18,0,0,0,0,0,0,2,1,6,2,17,4,-1,-1,-1,-1,1,-1
2016621600188,2,9,0,18,0,0,0,0,0,0,1,1,6,1,74,10,1896,2,9,-1,1,-1
2016621600189,1,9,0,18,0,1,0,0,0,0,1,1,6,3,-1,-1,-1,-1,-1,-1,-1,-1
2016621600189,2,9,0,4,0,1,0,0,0,0,2,1,6,2,35,6,1399,2,4,-1,1,-1
2016621600190,1,9,0,18,0,8,0,0,0,0,1,1,6,2,19,4,1360,1,15,-1,1,-1
2016621600190,2,9,0,18,0,8,0,0,0,0,3,1,6,3,-1,-1,1598,2,1,-1,-1,-1
2016621600191,1,8,0,18,0,1,0,0,0,0,1,1,1,1,50,8,1461,2,1,-1,1,-1
2016621600192,1,9,0,18,0,0,0,0,0,0,4,1,6,2,45,7,1598,1,9,-1,1,-1
2016621600193,1,2,0,18,0,8,1,0,0,0,0,1,6,1,43,7,49,1,7,-1,1,-1
2016621600194,1,9,0,18,0,0,0,0,0,0,1,1,1,1,49,8,-1,-1,-1,-1,3,-1
2016621600194,2,19,0,18,0,0,0,0,0,0,2,1,1,1,39,7,2402,2,7,-1,1,-1
2016621600195,1,9,0,9,0,4,0,0,0,0,3,1,2,2,36,7,1596,1,13,-1,1,-1
2016621600195,2,1,0,18,0,8,0,0,0,0,1,1,2,1,52,8,-1,-1,-1,-1,1,-1
2016621600196,1,9,0,5,0,6,0,0,0,0,1,1,6,1,27,6,1242,1,9,-1,1,-1
2016621600196,2,9,0,18,0,8,0,0,0,0,1,1,6,2,31,6,1242,1,5,-1,1,-1
2016621600197,1,9,0,18,0,0,0,0,1,0,4,1,6,3,-1,-1,-1,-1,-1,-1,-1,-1
2016621600197,2,19,0,2,0,0,0,0,0,0,4,1,1,1,35,6,2143,2,2,-1,1,-1
2016621600198,1,9,0,16,0,0,2,0,0,0,1,1,6,2,52,8,1560,2,7,-1,1,-1
2016621600199,1,9,0,3,0,1,0,0,0,0,3,1,6,1,51,8,1461,2,6,-1,1,-1
2016621600199,2,1,0,18,0,1,0,0,0,0,1,1,6,1,12,3,-1,-1,-1,-1,1,-1
2016621600200,1,9,0,18,0,0,0,0,0,0,1,1,6,1,34,6,1995,2,6,-1,1,-1
2016621600200,2,9,0,4,0,0,0,0,0,0,2,1,6,1,75,10,1199,1,14,-1,1,-1
2016621600201,1,3,0,13,0,1,0,0,0,0,1,1,6,1,30,6,124,1,4,-1,1,-1
2016621600201,2,11,0,18,0,1,0,0,0,0,1,1,1,1,63,9,4461,2,2,-1,1,-1
2016621600202,1,1,0,18,0,1,0,0,0,0,0,1,6,1,44,7,-1,-1,-1,-1,1,-1
2016621600203,1,9,0,9,0,1,0,0,0,0,1,1,6,1,78,11,1798,1,15,-1,1,-1
2016621600203,2,9,0,18,0,1,0,0,1,7,3,1,6,2,54,8,1799,1,9,-1,1,-1
2016621600204,1,5,0,18,0,0,0,0,7,9,1,1,1,1,26,6,929,1,16,-1,1,-1
2016621600204,2,8,0,18,0,0,0,0,0,0,2,1,1,1,44,7,-1,-1,-1,-1,1,-1
2016621600205,1,5,0,18,0,0,1,4,0,0,1,1,6,1,29,6,649,1,5,-1,1,-1
2016621600205,2,9,0,2,0,0,0,0,0,0,4,1,6,3,-1,-1,1398,1,6,-1,-1,-1
2016621600206,1,9,0,17,0,0,2,0,0,0,1,1,6,1,19,4,1399,2,7,-1,2,-1
2016621600207,1,9,0,18,0,0,0,0,0,0,1,1,6,1,48,8,1781,1,15,-1,1,-1
2016621600207,2,9,0,18,0,0,0,0,0,0,2,1,6,2,49,8,2000,2,12,-1,3,-1
2016621600208,1,19,0,5,0,8,0,0,0,0,4,1,6,1,33,6,1896,2,19,-1,1,-1
2016621600208,2,1,0,5,0,4,1,0,0,0,3,1,6,1,35,6,-1,-1,-1,-1,1,-1
2016621600209,1,9,0,9,0,4,0,0,0,0,1,1,6,1,57,9,1910,2,8,-1,1,-1
2016621600209,2,9,0,18,0,4,0,0,0,0,4,1,6,2,33,6,998,1,1,-1,1,-1
2016621600210,1,9,0,18,0,0,0,0,0,0,4,1,2,2,51,8,1388,1,11,-1,1,-1
2016621600211,1,9,0,18,0,0,1,0,0,0,1,1,6,2,21,5,1124,1,11,-1,1,-1
2016621600211,2,9,0,18,0,0,0,0,0,0,2,1,6,1,46,8,2191,2,2,-1,1,-1
2016621600212,1,9,0,16,0,0,1,0,0,0,1,1,6,1,25,5,1896,2,15,-1,1,-1
2016621600212,2,19,0,18,0,0,0,0,0,0,3,1,1,1,36,7,2402,2,5,-1,3,-1
2016621600212,3,9,0,18,0,0,0,0,0,0,1,1,6,1,24,5,1598,1,10,6,1,6
2016621600213,1,9,0,9,0,8,0,0,0,0,1,1,6,1,76,11,1248,2,12,-1,1,-1
2016621600213,2,1,0,18,0,8,0,0,0,0,3,1,6,1,42,7,-1,-1,-1,-1,1,-1
2016621600214,1,9,0,5,0,1,0,0,0,0,1,1,6,2,25,5,1388,1,9,-1,2,-1
2016621600214,2,9,0,18,0,1,0,0,0,0,1,1,6,1,19,4,1242,1,8,-1,2,-1
2016621600214,3,9,0,3,0,1,0,0,0,0,4,1,6,2,31,6,1753,2,9,-1,1,-1
2016621600215,1,9,0,18,0,0,0,0,0,0,1,1,6,1,25,5,1124,1,10,-1,1,-1
2016621600215,2,9,0,18,0,0,0,0,0,0,2,1,6,2,38,7,2993,2,9,-1,3,-1
2016621600216,1,9,0,18,0,0,2,0,2,4,3,1,6,2,38,7,1149,1,10,-1,1,-1
2016621600217,1,9,0,9,0,1,0,0,0,11,1,1,1,2,37,7,1398,1,1,-1,1,-1
2016621600218,1,9,0,18,0,0,0,0,0,0,1,1,6,1,27,6,1984,1,7,9,1,9
2016621600218,2,9,0,3,0,0,0,0,0,0,2,1,6,2,33,6,1997,2,13,-1,1,-1
2016621600219,1,9,0,12,0,8,0,0,0,0,3,1,6,1,36,7,1560,2,9,6,1,6
2016621600219,2,9,0,16,0,3,0,0,0,0,4,1,6,2,24,5,1299,1,15,-1,1,-1
2016621600220,1,9,0,18,0,0,0,7,0,0,1,1,6,2,65,9,1398,2,4,-1,1,-1
2016621600221,1,9,0,18,0,1,0,0,0,0,1,1,6,1,30,6,1598,1,14,-1,1,-1
2016621600221,2,9,0,18,0,8,0,0,1,11,3,1,6,1,25,5,1242,1,16,-1,1,-1
2016621600222,1,9,0,16,0,0,1,0,0,0,1,1,6,1,40,7,1296,1,21,-1,1,-1
2016621600222,2,9,0,17,0,0,0,0,0,0,1,1,6,2,55,8,998,1,3,-1,1,-1
2016621600223,1,9,0,18,0,3,0,0,1,11,1,2,6,1,23,5,1598,1,7,-1,2,-1
2016621600224,1,21,1,18,0,2,0,5,0,0,1,1,1,1,30,6,5480,2,10,-1,1,-1
2016621600224,2,9,0,3,0,1,0,0,0,0,3,1,6,1,54,8,1399,1,10,-1,1,-1
2016621600225,1,9,0,18,0,0,0,0,0,0,1,1,6,1,34,6,2987,2,1,-1,2,-1
2016621600225,2,9,0,18,0,0,0,0,0,0,2,1,1,1,44,7,2179,2,1,10,1,10
2016621600226,1,9,0,18,0,0,0,0,0,0,1,1,3,1,39,7,1299,1,14,-1,1,-1
2016621600226,2,90,0,2,0,0,0,0,0,0,2,1,1,1,47,8,7142,2,7,-1,1,-1
2016621600227,1,9,0,18,0,0,0,0,0,0,1,1,2,1,35,6,1560,2,9,-1,1,-1
2016621600227,2,19,0,2,0,0,0,0,0,0,3,1,1,3,-1,-1,2198,2,4,-1,-1,-1
2016621600227,3,9,0,18,0,0,0,0,0,0,1,1,2,1,44,7,1497,8,3,-1,1,-1
2016621600228,1,9,0,18,0,0,5,0,2,4,1,1,6,1,23,5,2494,1,15,2,1,2
2016621600228,2,9,0,18,0,0,5,0,2,4,3,1,6,1,22,5,1368,1,8,-1,1,-1
2016621600229,1,9,0,9,0,1,0,0,0,0,4,1,3,1,75,10,1896,2,10,-1,1,-1
2016621600230,1,9,0,18,0,8,0,0,0,0,3,1,6,2,57,9,995,1,4,-1,1,-1
2016621600230,2,10,0,18,0,8,0,0,0,0,4,1,6,1,31,6,2402,2,11,-1,1,-1
2016621600231,1,9,0,18,0,1,0,0,0,0,1,1,6,1,18,4,1598,1,14,-1,1,-1
2016621600232,1,9,0,18,0,8,0,0,0,0,3,1,1,1,24,5,1796,1,14,-1,1,-1
2016621600232,2,9,0,7,0,1,0,0,0,0,4,1,1,1,55,8,1686,2,14,-1,1,-1
2016621600233,1,9,0,12,0,0,1,0,5,6,1,1,6,2,52,8,1240,1,13,-1,1,-1
2016621600234,1,8,0,9,0,1,0,0,0,0,1,1,1,1,25,5,2148,2,7,-1,1,-1
2016621600234,2,9,0,18,0,1,0,0,0,0,1,1,3,2,22,5,1560,2,2,-1,3,-1
2016621600235,1,9,0,18,0,0,0,0,0,0,4,1,1,1,39,7,-1,-1,-1,-1,1,-1
2016621600236,1,9,0,18,0,1,0,0,0,0,1,1,6,2,51,8,1968,2,2,-1,1,-1
2016621600237,1,9,0,17,0,0,1,0,0,9,1,1,6,2,19,4,-1,-1,-1,-1,2,-1
2016621600238,1,9,0,18,0,0,0,0,0,0,1,1,6,2,28,6,1242,1,7,-1,1,-1
2016621600238,2,9,0,4,0,0,0,0,0,0,2,1,6,1,24,5,1598,2,3,-1,1,-1
2016621600238,3,9,0,4,0,0,0,0,0,0,2,1,6,2,31,6,1995,2,10,-1,1,-1
2016621600239,1,9,0,5,0,2,0,0,0,0,1,1,6,3,-1,-1,-1,-1,-1,-1,-1,-1
2016621600239,2,1,0,18,0,1,0,0,0,0,4,1,2,1,46,8,-1,-1,-1,-1,2,-1
2016621600240,1,8,0,18,0,1,0,0,0,0,3,1,1,2,52,8,1685,2,1,-1,1,-1
2016621600241,1,9,0,5,0,0,0,0,0,0,3,1,6,2,49,8,1248,1,2,-1,1,-1
2016621600241,2,9,0,18,0,0,0,0,0,0,4,1,6,2,43,7,1461,2,4,-1,1,-1
2016621600242,1,9,0,7,0,1,0,0,0,0,1,1,6,1,33,6,1753,2,13,-1,1,-1
2016621600242,2,9,0,8,0,1,0,0,0,0,2,1,6,2,49,8,1242,1,7,-1,1,-1
2016621600243,1,3,0,18,0,0,0,0,0,0,1,1,6,1,19,4,124,1,3,-1,1,-1
2016621600243,2,9,0,4,0,0,0,0,0,0,2,1,6,1,35,6,1560,2,1,-1,1,-1
2016621600244,1,9,0,17,0,0,2,10,7,9,1,1,6,1,44,7,1598,1,2,8,3,8
2016621600245,1,9,0,18,0,0,2,0,1,10,3,1,1,1,19,4,1596,1,2,-1,1,-1
2016621600245,2,9,0,18,0,0,0,0,0,0,3,1,1,2,47,8,1198,1,13,-1,1,-1
2016621600247,1,9,0,18,0,0,2,0,1,4,1,1,2,2,43,7,1560,2,5,-1,1,-1
2016621600248,1,9,0,9,0,6,0,0,0,0,1,1,6,1,67,10,1240,1,9,-1,1,-1
2016621600248,2,9,0,18,0,1,0,0,0,0,1,1,6,1,69,10,1461,2,1,-1,1,-1
2016621600249,1,19,0,18,0,0,0,0,0,0,1,1,1,1,52,8,1598,2,1,-1,1,-1
2016621600250,1,9,0,18,0,0,2,0,1,0,2,1,6,2,21,5,1386,1,9,7,1,7
2016621600251,1,9,0,6,0,0,0,0,0,0,1,1,6,1,28,6,1968,2,7,-1,1,-1
2016621600251,2,9,0,18,0,0,0,7,0,0,3,1,6,1,28,6,1349,1,8,-1,1,-1
2016621600252,1,9,0,18,0,2,0,0,0,0,1,1,6,1,21,5,1499,2,-1,-1,1,-1
2016621600253,1,9,0,9,0,5,0,0,0,0,1,1,6,2,28,6,1360,1,11,-1,1,-1
2016621600254,1,9,0,18,0,1,0,0,0,0,1,1,3,2,38,7,1995,2,12,-1,1,-1
2016621600255,1,9,0,18,0,8,0,0,0,0,1,1,6,2,26,6,1248,1,7,-1,1,-1
2016621600255,2,9,0,18,0,8,0,0,0,0,2,1,6,1,50,8,1149,1,12,8,3,8
2016621600255,3,9,0,18,0,8,0,0,0,0,2,1,6,1,45,7,2188,2,10,-1,1,-1
2016621600256,1,9,0,18,0,8,0,0,0,0,1,1,6,2,32,6,1995,1,10,-1,1,-1
2016621600256,2,9,0,18,0,8,0,0,0,0,2,1,6,1,34,6,1229,1,4,-1,1,-1
2016621600257,1,3,0,17,0,0,0,0,1,0,1,1,6,1,28,6,124,1,13,5,3,5
2016621600258,1,9,0,5,0,0,0,0,0,0,3,1,6,1,30,6,1493,1,13,-1,1,-1
2016621600258,2,1,0,18,0,0,0,0,0,0,1,1,6,1,60,9,-1,-1,-1,-1,1,-1
2016621600259,1,1,0,18,0,8,0,0,0,0,1,1,6,2,24,5,-1,-1,-1,-1,3,-1
2016621600259,2,9,0,5,0,8,0,0,0,0,1,1,6,1,34,6,1496,2,-1,-1,1,-1
2016621600260,1,9,0,5,0,1,0,0,0,0,1,1,2,2,42,7,1399,1,12,-1,1,-1
2016621600260,2,9,0,4,0,1,0,0,0,0,2,1,6,2,37,7,1248,2,9,-1,1,-1
2016621600261,1,9,0,18,0,4,0,0,0,0,1,1,6,1,37,7,1896,2,9,-1,3,-1
2016621600261,2,9,0,3,0,4,0,0,0,0,2,1,6,1,60,9,1997,2,4,-1,1,-1
2016621600262,1,4,0,18,0,0,0,0,0,0,1,1,6,1,60,9,1198,1,1,-1,3,-1
2016621600262,2,9,0,3,0,0,0,0,0,0,2,1,6,3,-1,-1,-1,-1,-1,-1,-1,-1
2016621600263,1,9,0,18,0,3,0,0,3,1,1,1,6,2,24,5,1390,1,12,-1,1,-1
2016621600264,1,3,0,18,0,0,1,11,0,0,1,1,2,1,25,5,125,1,3,-1,1,-1
2016621600265,1,9,0,18,0,0,1,0,1,7,1,1,6,2,28,6,1329,1,6,9,1,9
2016621600266,1,9,0,17,0,0,0,0,0,0,1,1,6,1,20,4,1229,1,10,-1,2,-1
2016621600266,2,9,0,2,0,0,0,0,0,0,2,1,6,3,-1,-1,1299,1,12,-1,-1,-1
2016621600267,1,9,0,18,0,1,0,0,0,0,1,1,6,1,56,9,2993,2,5,-1,1,-1
2016621600267,2,9,0,4,0,1,0,0,0,0,2,1,6,2,20,4,1149,1,14,-1,1,-1
2016621600267,3,9,0,10,0,1,0,0,0,0,2,1,6,2,45,7,1598,1,8,-1,1,-1
2016621600268,1,9,0,5,0,0,0,0,0,0,1,1,6,1,78,11,1298,1,16,-1,1,-1
2016621600269,1,9,0,18,0,2,1,4,0,0,1,1,6,2,20,4,996,1,2,-1,1,-1
2016621600269,2,9,0,2,0,1,0,0,0,0,2,1,6,3,-1,-1,1586,1,4,-1,-1,-1
2016621600270,1,9,0,9,0,4,0,0,0,0,1,1,2,2,54,8,1149,1,8,-1,1,-1
2016621600270,2,1,0,18,0,8,0,0,0,0,1,1,6,1,64,9,-1,-1,-1,-1,2,-1
2016621600271,1,19,0,5,0,4,0,0,0,0,4,1,1,1,39,7,1598,2,1,-1,1,-1
2016621600271,2,9,0,5,0,4,0,0,0,0,3,1,6,1,42,7,1560,2,1,-1,1,-1
2016621600272,1,9,0,7,0,1,0,0,0,0,1,1,6,2,30,6,1124,1,15,-1,1,-1
2016621600272,2,1,0,18,0,1,0,0,0,0,4,1,6,1,19,4,-1,-1,-1,-1,1,-1
2016621600273,1,19,0,9,0,6,0,0,0,0,1,1,1,1,46,8,1598,2,2,-1,1,-1
2016621600273,2,9,0,18,0,8,0,0,0,0,1,1,6,1,21,5,1124,1,12,-1,1,-1
2016621600274,1,9,0,5,0,4,0,0,0,0,3,1,6,2,50,8,1796,1,10,-1,1,-1
2016621600274,2,1,0,17,0,8,0,0,0,0,3,1,1,2,55,8,-1,-1,-1,-1,1,-1
2016621600275,1,9,0,9,0,6,0,0,0,0,1,1,6,1,52,8,1686,2,5,-1,1,-1
2016621600275,2,9,0,18,0,8,0,0,0,0,2,1,6,2,46,8,2688,2,15,-1,1,-1
2016621600276,1,9,0,18,0,0,0,0,0,0,1,1,6,2,25,5,1242,1,8,-1,2,-1
2016621600276,2,9,0,17,0,0,0,0,0,0,1,1,6,1,52,8,1461,2,1,-1,1,-1
2016621600277,1,9,0,9,0,1,0,0,0,0,1,1,6,3,-1,-1,-1,-1,-1,-1,-1,-1
2016621600277,2,9,0,10,0,1,0,0,0,0,2,1,6,2,44,7,1969,2,1,-1,1,-1
2016621600278,1,9,0,9,0,8,0,0,0,0,1,1,6,1,19,4,1149,1,15,-1,1,-1
2016621600278,2,9,0,18,0,8,0,0,0,0,1,1,6,2,60,9,1560,2,6,-1,1,-1
2016621600279,1,1,0,18,0,1,0,0,0,0,3,1,6,1,19,4,-1,-1,-1,-1,1,-1
2016621600279,2,9,0,4,0,1,0,0,0,0,1,1,6,2,23,5,1598,2,3,-1,1,-1
2016621600280,1,9,0,17,0,0,5,0,7,4,1,1,6,2,19,4,1299,1,15,-1,3,-1
2016621600280,2,9,0,16,0,0,5,0,0,0,1,1,6,1,23,5,1598,1,12,-1,3,-1
2016621600281,1,9,0,9,0,6,0,0,0,0,1,1,6,2,43,7,2198,1,11,-1,1,-1
2016621600281,2,9,0,18,0,1,0,0,0,0,1,1,6,1,70,10,1984,1,12,-1,1,-1
2016621600282,1,5,0,4,0,0,0,0,0,0,0,1,6,1,56,9,-1,-1,-1,-1,3,-1
2016621600283,1,9,0,5,0,1,0,10,1,4,1,1,6,1,16,4,1242,1,2,-1,1,-1
2016621600284,1,9,0,13,0,0,1,0,4,0,3,1,6,1,25,5,2979,1,1,5,1,5
2016621600284,2,9,0,18,0,0,1,0,1,0,1,1,6,1,27,6,1997,1,11,4,1,4
2016621600285,1,9,0,18,0,0,0,0,1,10,1,1,6,1,18,4,1199,1,12,-1,2,-1
2016621600285,2,9,0,18,0,0,0,0,0,0,1,1,6,1,49,8,1299,1,14,-1,2,-1
2016621600286,1,9,0,18,0,0,0,0,1,0,1,1,6,1,17,4,1299,1,9,-1,2,-1
2016621600286,2,17,0,18,0,0,0,0,0,0,1,1,1,1,19,4,-1,2,1,-1,2,-1
2016621600287,1,9,0,18,0,0,0,0,0,0,1,1,6,2,40,7,998,1,4,-1,2,-1
2016621600287,2,9,0,18,0,0,0,0,0,0,2,1,6,2,33,6,1242,1,5,-1,1,-1
2016621600287,3,19,0,18,0,0,0,0,0,0,2,1,6,1,36,7,1560,2,1,-1,1,-1
2016621600288,1,1,0,18,0,8,0,0,0,0,1,1,6,1,43,7,-1,-1,-1,-1,1,-1
2016621600288,2,9,0,9,0,8,0,0,0,0,1,1,6,3,-1,-1,-1,-1,-1,-1,-1,-1
2016621600289,1,9,0,18,0,0,0,0,0,0,1,1,6,2,22,5,998,1,1,-1,1,-1
2016621600289,2,21,0,4,0,0,0,0,0,0,2,1,1,1,43,7,-1,-1,-1,-1,-1,-1
2016621600289,3,9,0,18,0,0,0,0,0,0,2,1,6,2,54,8,1248,1,3,-1,1,-1
2016621600289,4,9,0,18,0,0,0,0,0,0,2,1,6,1,39,7,1596,1,15,-1,1,-1
2016621600289,5,9,0,18,0,0,0,0,0,0,1,1,6,2,54,8,1398,2,5,-1,1,-1
2016621600290,1,19,0,18,0,1,0,0,0,0,1,1,6,3,-1,-1,-1,-1,-1,-1,-1,-1
2016621600291,1,9,0,18,0,0,1,0,0,0,1,1,1,1,30,6,1198,1,12,-1,1,-1
2016621600292,1,9,0,9,0,5,0,0,0,0,1,1,2,2,39,7,1968,2,-1,-1,1,-1
2016621600292,2,4,0,14,0,8,0,0,0,0,1,1,2,1,44,7,805,1,13,-1,1,-1
2016621600293,1,9,0,18,0,5,0,0,0,0,3,1,1,1,41,7,-1,-1,-1,-1,1,-1
2016621600294,1,9,0,5,0,4,0,0,0,0,0,1,6,2,30,6,1368,1,6,9,1,9
2016621600294,2,5,0,11,0,3,0,0,0,0,0,1,2,1,30,6,675,1,6,-1,1,-1
2016621600295,1,9,0,18,0,0,0,0,0,0,1,1,6,2,18,4,1200,1,14,9,2,9
2016621600296,1,9,0,5,0,0,0,0,0,0,1,1,6,1,83,11,1596,1,2,-1,1,-1
2016621600297,1,9,0,9,0,5,0,0,0,0,4,1,6,1,63,9,1686,2,2,-1,1,-1
2016621600297,2,5,0,18,0,8,1,0,0,0,1,1,6,1,24,5,599,1,7,-1,1,-1
2016621600298,1,9,0,7,0,1,0,0,0,0,1,1,6,3,-1,-1,-1,-1,-1,-1,-1,-1
2016621600298,2,1,0,18,0,1,0,0,0,0,1,1,6,1,21,5,-1,-1,-1,-1,1,-1
2016621600299,1,9,0,18,0,0,0,0,0,0,1,1,6,2,19,4,1299,1,9,-1,1,-1
2016621600300,1,9,0,18,0,0,0,0,0,0,1,1,1,1,38,7,1498,1,1,-1,1,-1
2016621600300,2,9,0,18,0,0,0,0,0,0,1,1,6,1,27,6,1999,1,14,-1,3,-1
2016621600301,1,9,0,18,0,0,0,0,0,0,1,1,6,1,39,7,1560,2,4,-1,1,-1
2016621600301,2,1,0,18,0,0,0,0,0,0,2,1,6,1,42,7,-1,-1,-1,-1,1,-1
2016621600302,1,9,0,18,0,1,0,0,0,0,1,1,6,1,55,8,1995,2,2,-1,3,-1
2016621600302,2,9,0,10,0,1,0,0,0,0,2,1,6,1,53,8,-1,-1,-1,-1,3,-1
2016621600303,1,9,0,4,0,4,0,0,0,0,1,1,6,1,39,7,1242,1,17,-1,1,-1
2016621600303,2,9,0,4,0,4,0,0,0,0,2,1,6,2,27,6,1796,1,8,-1,1,-1
2016621600304,1,9,0,18,0,0,0,4,0,0,4,1,6,2,30,6,1900,2,11,-1,2,-1
2016621600304,2,9,0,2,0,0,0,0,0,0,3,1,6,1,42,7,1395,1,2,-1,1,-1
2016621600305,1,9,0,18,0,8,0,0,0,0,1,1,6,1,19,4,1598,1,12,-1,1,-1
2016621600305,2,8,0,9,0,8,0,0,0,0,4,1,1,1,47,8,2402,2,12,-1,1,-1
2016621600306,1,9,0,7,0,4,0,0,0,0,1,1,6,2,20,4,1796,1,17,-1,1,-1
2016621600306,2,1,0,18,0,8,0,0,0,0,4,1,6,1,45,7,-1,-1,-1,-1,1,-1
2016621600307,1,9,0,18,0,0,0,0,0,11,1,1,6,1,61,9,2494,8,1,-1,3,-1
2016621600307,2,9,0,18,0,0,0,0,0,0,3,1,6,1,21,5,1390,1,4,-1,3,-1
2016621600308,1,9,0,18,0,0,0,0,0,0,1,1,6,2,45,7,1198,1,4,-1,1,-1
2016621600308,2,9,0,4,0,0,0,0,0,0,2,1,6,2,43,7,1388,1,12,-1,1,-1
2016621600308,3,20,0,18,0,0,0,0,0,0,1,1,1,1,40,7,4500,2,1,-1,1,-1
2016621600309,1,10,0,11,0,8,0,0,0,0,1,1,1,1,29,6,2198,2,3,-1,1,-1
2016621600309,2,9,0,18,0,8,1,0,0,0,3,1,6,1,37,7,1598,1,14,-1,1,-1
2016621600309,3,9,0,18,0,8,0,0,0,0,4,1,1,2,26,6,1498,1,7,-1,1,-1
2016621600310,1,9,0,7,0,6,0,0,0,0,3,1,6,2,47,8,1998,1,12,-1,2,-1
2016621600310,2,1,0,18,0,8,0,0,0,0,1,1,6,1,45,7,-1,-1,-1,-1,1,-1
2016621600311,1,9,0,9,0,8,0,0,0,0,3,1,6,2,69,10,1198,1,9,-1,1,-1
2016621600311,2,5,0,18,0,1,0,0,0,0,1,1,6,1,34,6,599,1,16,-1,2,-1
2016621600312,1,9,0,16,0,0,2,11,0,0,1,1,2,1,21,5,1995,1,10,-1,3,-1
2016621600313,1,9,0,5,0,1,0,0,0,0,1,1,6,3,-1,-1,-1,-1,-1,-1,-1,-1
2016621600313,2,1,0,18,0,8,0,0,0,0,3,1,6,1,45,7,-1,-1,-1,-1,1,-1
2016621600314,1,9,0,18,0,0,0,12,0,0,1,1,2,1,54,8,1560,2,4,-1,2,-1
2016621600314,2,9,0,18,0,0,0,0,0,0,2,1,2,2,26,6,1242,1,2,-1,1,-1
2016621600314,3,9,0,18,0,0,0,0,0,0,1,1,6,1,20,4,2198,2,10,-1,1,-1
2016621600315,1,9,0,18,0,1,0,0,0,0,1,1,6,1,35,6,1997,1,3,-1,1,-1
2016621600315,2,9,0,18,0,1,0,0,0,0,1,1,6,2,44,7,1998,1,11,-1,1,-1
2016621600316,1,19,0,18,0,8,0,0,0,0,4,1,6,3,-1,-1,-1,-1,-1,-1,-1,-1
2016621600317,1,9,0,18,0,0,0,0,0,0,1,1,6,2,58,9,1596,1,11,-1,1,-1
2016621600317,2,1,0,18,0,0,0,0,0,0,1,1,6,1,40,7,-1,-1,-1,-1,1,-1