Accident_Index,Vehicle_Reference,Vehicle_Type,Towing_and_Articulation,Vehicle_Manoeuvre,Vehicle_Location-Restricted_Lane,Junction_Location,Skidding_and_Overturning,Hit_Object_in_Carriageway,Vehicle_Leaving_Carriageway,Hit_Object_off_Carriageway,1st_Point_of_Impact,Was_Vehicle_Left_Hand_Drive?,Journey_Purpose_of_Driver,Sex_of_Driver,Age_of_Driver,Age_Band_of_Driver,Engine_Capacity_(CC),Propulsion_Code,Age_of_Vehicle,Driver_IMD_Decile,Driver_Home_Area_Type,Vehicle_IMD_Decile
2016621600318,1,9,0,16,0,0,1,0,7,0,1,1,6,2,28,6,1686,2,8,-1,1,-1
2016621600318,2,19,0,17,0,0,0,0,0,0,1,1,1,1,54,8,1995,2,3,-1,1,-1
2016621600319,1,9,0,18,0,0,0,0,1,11,1,1,6,1,78,11,1984,2,4,-1,1,-1
2016621600320,1,9,0,18,0,8,0,0,0,0,1,1,6,3,-1,-1,-1,-1,-1,-1,-1,-1
2016621600321,1,9,0,17,0,8,5,0,8,11,1,1,6,1,29,6,1995,2,9,-1,1,-1
2016621600322,1,9,0,7,0,8,0,0,0,0,1,1,6,1,26,6,1596,1,15,-1,2,-1
2016621600322,2,9,0,18,0,8,0,0,0,0,3,1,6,2,33,6,1753,2,13,-1,2,-1
2016621600323,1,9,0,17,0,0,0,0,0,0,1,1,3,2,41,7,1796,1,17,-1,1,-1
2016621600323,2,9,0,18,0,0,0,0,0,0,1,1,2,2,24,5,1364,1,7,-1,1,-1
2016621600324,1,19,0,1,0,6,0,0,0,0,4,1,1,1,31,6,1598,2,1,-1,1,-1
2016621600324,2,19,0,18,0,1,0,0,0,0,3,1,1,1,58,9,2198,2,2,-1,1,-1
2016621600325,1,9,0,18,0,0,0,7,0,0,1,1,6,1,23,5,2993,2,10,-1,1,-1
2016621600326,1,9,0,18,0,0,2,0,0,10,1,1,6,1,38,7,2793,1,18,-1,1,-1
2016621600327,1,3,0,17,0,0,1,0,1,10,4,1,6,2,24,5,125,1,4,-1,1,-1
2016621600328,1,9,0,15,0,1,0,7,0,0,1,1,6,1,66,10,1598,1,9,-1,1,-1
2016621600328,2,1,0,18,0,1,0,10,1,0,3,1,6,1,35,6,-1,-1,-1,-1,1,-1
2016621600329,1,9,0,18,0,0,0,0,0,0,4,1,6,1,54,8,1149,1,2,-1,2,-1
2016621600329,2,9,0,2,0,0,0,0,0,0,2,1,6,1,18,4,1398,2,7,-1,2,-1
2016621600329,3,9,0,2,0,0,0,0,0,0,1,1,6,3,-1,-1,1685,2,-1,-1,-1,-1
2016621600330,1,9,0,18,0,1,0,0,0,0,1,1,6,1,47,8,-1,-1,-1,-1,1,-1
2016621600331,1,9,0,9,0,8,0,0,0,0,1,1,6,3,-1,-1,1896,2,15,-1,-1,-1
2016621600331,2,9,0,18,0,8,0,0,0,0,1,1,6,2,23,5,1388,1,14,-1,1,-1
2016621600332,1,1,0,18,0,0,0,0,0,0,1,1,2,1,46,8,-1,-1,-1,-1,1,-1
2016621600332,2,9,0,3,0,0,0,0,0,0,2,1,2,2,30,6,1198,1,4,-1,1,-1
2016621600333,1,19,0,18,0,0,0,0,0,0,4,1,1,1,28,6,2143,2,5,-1,2,-1
2016621600334,1,9,0,16,0,0,0,0,0,0,3,1,6,2,48,8,1461,2,6,-1,2,-1
2016621600334,2,9,0,16,0,0,0,0,0,0,3,1,6,2,44,7,1995,2,3,-1,2,-1
2016621600335,1,9,0,15,0,0,1,0,1,2,3,1,2,1,38,7,1997,2,11,-1,2,-1
2016621600335,2,9,0,18,0,0,0,0,0,0,4,1,2,1,24,5,1956,2,5,-1,1,-1
2016621600336,1,9,0,18,0,8,0,0,0,0,1,1,6,2,84,11,1242,1,10,-1,1,-1
2016621600336,2,9,0,9,0,8,0,0,0,0,1,1,6,1,47,8,1997,2,6,-1,1,-1
2016621600337,1,9,0,9,0,5,0,0,0,0,1,1,2,1,20,4,1398,1,-1,-1,3,-1
2016621600337,2,8,0,18,0,1,0,0,0,0,1,1,2,1,47,8,1896,2,8,-1,1,-1
2016621600338,1,9,0,17,0,1,0,0,0,0,3,1,6,1,46,8,1995,2,13,-1,1,-1
2016621600338,2,1,0,16,0,1,0,0,0,0,1,1,6,1,33,6,-1,-1,-1,-1,1,-1
2016621600339,1,8,0,9,0,1,0,0,0,0,1,1,1,1,46,8,1598,2,3,-1,1,-1
2016621600339,2,9,0,18,0,1,0,0,0,0,4,1,6,2,48,8,998,1,-1,-1,1,-1
2016621600340,1,9,0,3,0,1,0,0,0,0,4,1,6,1,61,9,1499,1,2,-1,1,-1
2016621600340,2,1,0,18,0,1,0,8,0,0,1,1,6,1,31,6,-1,-1,-1,-1,2,-1
2016621600341,1,9,0,11,0,0,0,0,0,0,4,1,6,2,28,6,1995,1,10,6,3,6
2016621600341,2,9,0,18,0,0,0,0,1,4,3,1,6,2,69,10,1242,1,9,-1,1,-1
2016621600342,1,9,0,18,0,0,5,0,7,0,1,1,6,1,18,4,1149,1,11,-1,1,-1
2016621600343,1,9,0,18,0,0,0,0,0,0,1,1,6,1,65,9,2191,2,3,-1,1,-1
2016621600344,1,9,0,18,0,0,0,0,0,0,4,1,6,2,49,8,1198,1,2,-1,1,-1
2016621600345,1,9,0,17,0,0,5,0,7,11,1,1,6,2,24,5,1242,1,10,-1,3,-1
2016621600346,1,9,0,5,0,4,0,0,0,0,1,1,6,2,56,9,1248,1,6,-1,1,-1
2016621600346,2,1,0,18,0,8,0,0,0,0,4,1,6,1,63,9,-1,-1,-1,-1,2,-1
2016621600347,1,5,0,18,0,0,1,0,0,0,1,1,6,1,52,8,599,1,16,-1,3,-1
2016621600348,1,9,0,18,0,0,0,0,0,0,1,1,6,1,51,8,1968,2,6,-1,1,-1
2016621600348,2,9,0,3,0,0,0,0,0,0,2,1,6,1,59,9,1598,2,1,-1,1,-1
2016621600349,1,9,0,11,0,0,0,0,0,0,1,1,6,2,44,7,998,1,2,-1,1,-1
2016621600349,2,9,0,18,0,0,0,0,0,0,2,1,1,1,44,7,-1,-1,-1,-1,1,-1
2016621600350,1,9,0,18,0,0,0,0,0,0,1,1,2,1,27,6,1598,1,14,-1,1,-1
2016621600350,2,9,0,18,0,0,5,0,2,4,2,1,2,1,58,9,-1,-1,-1,-1,1,-1
2016621600351,1,5,0,13,0,8,1,0,7,0,1,1,6,1,23,5,649,1,10,-1,1,-1
2016621600351,2,8,0,9,0,8,0,0,0,0,3,1,6,1,42,7,1753,2,8,-1,1,-1
2016621600351,3,9,0,2,0,2,0,0,0,0,1,1,6,3,-1,-1,2230,1,10,-1,-1,-1
2016621600352,1,9,0,18,0,0,0,0,0,0,1,1,6,2,39,7,1910,2,9,-1,3,-1
2016621600352,2,9,0,18,0,0,0,0,0,0,2,1,6,2,31,6,1229,1,8,-1,3,-1
2016621600353,1,9,0,16,0,1,0,0,0,0,1,1,6,2,72,10,1198,1,4,-1,1,-1
2016621600353,2,9,0,17,0,1,0,0,0,0,1,2,6,1,80,11,1275,1,19,-1,1,-1
2016621600354,1,9,0,9,0,2,5,7,1,0,1,1,2,1,25,5,1242,1,15,-1,2,-1
2016621600355,1,9,0,18,0,0,0,0,0,11,3,1,6,1,45,7,1685,2,1,-1,3,-1
2016621600356,1,9,0,18,0,0,0,4,0,0,4,1,6,1,31,6,3000,1,11,-1,1,-1
2016621600356,2,9,0,2,0,0,0,0,0,0,2,1,6,3,-1,-1,-1,-1,-1,-1,-1,-1
2016621600357,1,9,0,18,0,0,0,0,1,9,1,1,6,2,19,4,1299,1,9,-1,1,-1
2016621600358,1,9,0,9,0,5,0,0,0,0,1,1,2,1,28,6,1248,1,1,-1,1,-1
2016621600358,2,3,0,18,0,8,0,0,0,0,1,1,2,1,27,6,124,1,3,-1,1,-1
2016621600359,1,9,0,18,0,0,0,0,0,0,3,1,6,1,79,11,1596,1,7,-1,1,-1
2016621600359,2,9,0,18,0,0,0,0,0,0,3,1,6,1,64,9,1598,2,1,-1,3,-1
2016621600359,3,9,0,18,0,0,0,0,0,0,1,1,2,1,51,8,2993,2,3,-1,3,-1
2016621600360,1,9,0,18,0,4,0,0,0,0,1,1,6,3,-1,-1,-1,-1,-1,-1,-1,-1
2016621600360,2,9,0,5,0,4,0,0,0,0,2,1,6,1,54,8,1229,1,3,-1,1,-1
2016621600361,1,9,0,18,0,0,0,0,0,0,4,1,6,3,-1,-1,-1,-1,-1,-1,-1,-1
2016621600362,1,9,0,16,0,0,1,0,5,6,1,1,2,2,22,5,998,1,5,-1,1,-1
2016621600363,1,19,0,18,0,8,0,0,0,0,3,1,6,1,64,9,1686,2,13,-1,1,-1
2016621600364,1,9,0,17,0,0,0,0,2,10,1,1,6,1,28,6,1968,2,7,-1,1,-1
2016621600365,1,9,0,18,0,1,0,0,0,0,1,1,6,2,28,6,1386,1,7,-1,2,-1
2016621600365,2,9,0,4,0,1,0,0,0,0,2,1,6,2,58,9,1796,1,8,-1,1,-1
2016621600366,1,9,0,9,0,8,0,0,0,0,1,1,6,1,19,4,1242,1,6,-1,1,-1
2016621600366,2,9,0,18,0,8,0,0,0,0,1,1,6,2,46,8,998,1,7,-1,1,-1
2016621600367,1,9,0,16,0,0,2,10,2,11,1,1,2,1,18,4,973,1,14,-1,1,-1
2016621600368,1,19,0,18,0,0,0,0,0,0,1,1,6,1,29,6,1753,2,13,-1,1,-1
2016621600368,2,9,0,4,0,0,0,0,0,0,2,1,6,2,67,10,1968,2,4,-1,1,-1
2016621600368,3,9,0,18,0,0,0,0,0,0,1,1,6,1,28,6,1997,2,2,-1,1,-1
2016621600369,1,9,0,18,0,1,5,7,0,3,1,1,6,1,76,11,1318,1,-1,-1,1,-1
2016621600370,1,9,0,9,0,8,0,0,0,0,1,1,6,1,26,6,998,1,9,-1,1,-1
2016621600370,2,1,0,18,0,8,0,0,0,0,1,1,2,1,46,8,-1,-1,-1,-1,1,-1
2016621600371,1,9,0,17,0,0,2,0,0,0,1,1,6,1,54,8,1997,2,13,-1,1,-1
2016621600372,1,9,0,18,0,0,2,0,2,7,1,1,2,2,32,6,1560,2,6,-1,2,-1
2016621600373,1,9,0,18,0,1,0,0,0,0,1,1,6,2,65,9,1197,1,1,-1,1,-1
2016621600373,2,1,0,18,0,1,0,0,0,0,2,1,6,1,21,5,-1,-1,-1,-1,1,-1
2016621600374,1,9,0,18,0,1,0,0,0,0,1,1,6,3,-1,-1,1796,1,16,-1,-1,-1
2016621600374,2,9,0,3,0,1,0,0,0,0,2,1,6,1,43,7,1397,1,8,-1,1,-1
2016621600375,1,9,0,2,0,2,0,0,0,0,3,1,1,1,55,8,1396,1,12,-1,1,-1
2016621600375,2,1,0,14,0,2,0,0,0,0,1,1,1,1,28,6,-1,-1,-1,-1,1,-1
2016621600376,1,9,0,18,0,0,0,0,0,0,4,1,6,3,-1,-1,1975,1,15,-1,-1,-1
2016621600376,2,9,0,2,0,0,0,0,0,0,4,1,6,2,44,7,1461,2,1,-1,3,-1
2016621600377,1,9,0,18,0,0,0,0,0,0,4,1,6,1,90,11,1868,2,14,-1,2,-1
2016621600377,2,19,0,18,0,0,0,0,0,0,4,1,1,1,35,6,1461,2,5,-1,1,-1
2016621600378,1,9,0,18,0,0,2,0,1,10,1,1,1,1,32,6,1248,2,10,-1,1,-1
2016621600379,1,9,0,18,0,0,0,0,0,0,1,1,6,1,37,7,1598,1,15,-1,1,-1
2016621600379,2,9,0,18,0,0,0,0,0,0,2,1,6,2,60,9,1497,8,1,-1,1,-1
2016621600379,3,9,0,18,0,0,0,0,0,0,2,1,6,1,39,7,1364,1,10,-1,1,-1
2016621600379,4,9,0,18,0,0,0,0,0,0,2,1,6,1,76,11,-1,-1,-1,-1,1,-1
2016621600379,5,9,0,18,0,0,0,0,0,0,2,1,6,1,34,6,1388,1,13,-1,1,-1
2016621600380,1,9,0,4,0,4,0,0,0,0,0,1,6,2,28,6,1248,2,5,-1,1,-1
2016621600381,1,9,0,18,0,0,0,4,0,0,1,1,6,2,54,8,1598,1,12,-1,1,-1
2016621600381,2,8,0,2,0,0,0,4,0,0,1,1,1,1,60,9,1997,2,9,-1,1,-1
2016621600382,1,9,0,18,0,1,0,0,0,0,1,1,2,1,30,6,1984,2,7,-1,1,-1
2016621600383,1,9,0,18,0,0,0,0,0,0,1,1,6,2,20,4,1242,1,5,-1,1,-1
2016621600383,2,9,0,3,0,0,0,0,0,0,2,1,6,2,27,6,1398,2,7,-1,3,-1
2016621600384,1,21,0,18,0,0,0,0,0,0,1,1,1,1,46,8,-1,-1,-1,-1,1,-1
2016621600384,2,9,0,4,0,0,0,0,0,0,2,1,2,1,42,7,1360,1,15,-1,1,-1
2016621600385,1,9,0,18,0,0,0,0,0,0,4,1,6,2,35,6,1368,1,8,-1,1,-1
2016621600386,1,19,0,18,0,0,0,0,0,0,1,1,1,1,45,7,-1,-1,-1,-1,3,-1
2016621600386,2,19,0,3,0,0,0,0,0,0,2,1,1,1,35,6,1870,2,11,-1,1,-1
2016621600386,3,9,0,3,0,0,0,0,0,0,2,1,1,1,37,7,999,1,2,-1,3,-1
2016621600387,1,9,0,18,0,8,0,0,0,0,1,1,6,1,32,6,1991,2,14,-1,1,-1
2016621600387,2,9,0,18,0,8,0,0,0,0,3,1,6,1,82,11,1248,1,3,-1,1,-1
2016621600388,1,9,0,18,0,8,0,0,0,0,3,1,6,1,49,8,1496,2,2,-1,1,-1
2016621600388,2,9,0,18,0,8,0,0,0,0,4,1,6,2,54,8,1395,1,2,-1,1,-1
2016621600388,3,8,0,18,0,8,0,0,0,0,1,1,1,1,27,6,1598,2,5,-1,1,-1
2016621600389,1,9,0,18,0,0,0,4,7,0,1,1,6,1,20,4,1360,1,12,-1,1,-1
2016621600389,2,9,0,2,0,0,0,0,0,0,1,1,6,3,-1,-1,1461,2,13,-1,-1,-1
2016621600391,1,9,0,18,0,5,0,0,1,4,3,1,6,2,18,4,1149,1,14,-1,3,-1
2016621600392,1,4,0,16,0,0,1,0,0,0,1,1,6,1,31,6,444,1,11,-1,2,-1
2016621600392,2,9,0,17,0,0,0,0,0,0,1,1,6,1,26,6,1229,1,6,-1,1,-1
2016621600393,1,9,0,18,0,8,0,0,0,0,1,1,6,3,-1,-1,-1,-1,-1,-1,-1,-1
2016621600394,1,8,0,18,0,0,0,0,0,0,4,1,1,1,43,7,1997,2,13,-1,1,-1
2016621600395,1,9,0,18,0,0,0,0,2,1,1,1,6,1,47,8,1910,2,9,-1,1,-1
2016621600396,1,9,0,18,0,1,0,0,0,0,1,1,6,2,57,9,1598,1,9,-1,2,-1
2016621600396,2,90,5,5,0,6,0,12,0,0,2,1,1,1,58,9,-1,-1,-1,-1,3,-1
2016621600397,1,19,0,18,0,0,0,0,0,0,4,1,1,1,62,9,-1,-1,-1,-1,1,-1
2016621600398,1,9,0,18,0,0,0,0,0,11,3,1,6,2,80,11,1199,1,15,-1,1,-1
2016621600399,1,9,0,18,0,2,0,0,0,0,3,1,6,1,42,7,4196,1,9,-1,3,-1
2016621600399,2,9,0,11,0,1,0,0,0,0,3,1,6,1,45,7,1995,2,3,-1,1,-1
2016621600400,1,19,0,18,0,0,0,0,1,7,1,1,1,1,46,8,1560,2,4,-1,1,-1
2016621600401,1,9,0,18,0,1,1,0,0,0,1,1,6,1,37,7,1895,1,20,-1,1,-1
2016621600401,2,9,0,10,0,5,0,0,0,0,2,1,6,2,37,7,1598,2,3,-1,1,-1
2016621600402,1,21,0,9,0,8,0,0,0,0,3,1,1,1,38,7,6692,2,8,7,1,7
2016621600402,2,9,0,18,0,8,0,0,0,0,3,1,1,1,34,6,1582,2,1,-1,2,-1
2016621600403,1,9,0,18,0,0,0,0,0,0,1,1,6,2,80,11,1328,1,11,-1,1,-1
2016621600403,2,11,0,2,0,0,0,0,0,0,2,1,1,1,45,7,3900,2,13,-1,1,-1
2016621600404,1,5,0,18,0,8,0,0,0,0,0,1,2,1,53,8,-1,-1,-1,-1,1,-1
2016621600405,1,9,0,7,0,8,0,0,0,0,1,1,6,3,-1,-1,-1,-1,-1,-1,-1,-1
2016621600405,2,1,0,18,0,1,0,0,0,0,1,1,6,1,18,4,-1,-1,-1,-1,1,-1
2016621600406,1,2,0,18,0,0,0,4,0,0,1,1,2,1,18,4,49,1,10,-1,2,-1
2016621600406,2,21,0,2,0,0,0,0,0,0,2,1,1,1,44,7,7146,2,6,9,1,9
2016621600407,1,9,0,18,0,0,0,0,0,0,1,1,6,1,78,11,1598,1,12,-1,1,-1
2016621600408,1,9,0,18,0,0,0,0,0,0,1,1,6,2,37,7,1242,1,7,-1,1,-1
2016621600409,1,9,0,18,0,1,0,0,0,0,1,1,1,1,39,7,1997,2,2,-1,1,-1
2016621600409,2,19,0,3,0,1,0,0,0,0,2,1,1,1,58,9,2198,2,1,-1,2,-1
2016621600409,3,9,0,3,0,1,0,0,0,0,2,1,1,1,43,7,-1,-1,-1,-1,3,-1
2016621600410,1,19,0,1,0,0,0,0,0,0,2,1,6,1,26,6,2500,2,14,-1,1,-1
2016621600410,2,9,0,4,0,0,0,0,0,0,1,1,6,1,33,6,796,1,15,-1,1,-1
2016621600411,1,9,0,9,0,5,0,0,0,0,1,1,6,1,58,9,1587,1,13,-1,1,-1
2016621600412,1,9,0,18,0,0,0,0,0,0,1,1,6,2,21,5,1600,1,5,-1,1,-1
2016621600412,2,9,0,3,0,0,0,0,0,0,2,1,6,2,35,6,1560,2,4,-1,1,-1
2016621600413,1,9,0,9,0,5,0,0,0,0,1,1,6,3,-1,-1,-1,-1,-1,-1,-1,-1
2016621600414,1,9,0,9,0,1,0,0,0,0,1,1,6,1,33,6,998,1,3,-1,1,-1
2016621600414,2,3,0,18,0,8,1,0,0,0,1,1,2,1,43,7,125,1,1,-1,1,-1
2016621600415,1,9,0,9,0,6,0,0,0,0,3,1,6,1,30,6,3498,1,10,-1,3,-1
2016621600415,2,9,0,18,0,1,0,0,0,0,1,1,1,2,54,8,1124,1,8,-1,1,-1
2016621600416,1,9,0,9,0,6,0,0,0,0,1,1,6,1,44,7,1242,1,10,-1,2,-1
2016621600416,2,3,0,18,0,8,0,0,0,0,1,1,6,1,41,7,124,1,5,-1,1,-1
2016621600417,1,9,0,18,0,0,0,0,0,0,3,1,1,2,45,7,1596,1,12,-1,1,-1
2016621600417,2,9,0,18,0,0,0,0,0,0,3,1,3,2,61,9,1461,2,2,-1,2,-1
2016621600418,1,8,0,5,9,0,0,0,0,0,0,1,1,3,-1,-1,-1,-1,-1,-1,-1,-1
2016621600419,1,9,0,4,0,8,0,0,0,0,4,1,6,1,25,5,1598,1,10,-1,1,-1
2016621600420,1,9,0,16,0,1,0,0,0,0,1,1,2,2,27,6,-1,-1,-1,-1,1,-1
2016621600420,2,19,0,3,0,1,0,0,0,0,2,1,1,1,37,7,1598,2,2,-1,3,-1
2016621600421,1,9,0,5,0,4,0,0,0,0,1,1,6,1,45,7,1389,1,15,-1,1,-1
2016621600421,2,1,0,18,0,8,0,0,0,0,1,1,6,1,36,7,-1,-1,-1,-1,1,-1
2016621600422,1,3,0,9,0,6,0,0,0,0,0,1,2,1,24,5,124,1,10,-1,1,-1
2016621600423,1,9,0,7,0,6,0,0,0,0,3,1,6,1,17,4,1149,1,15,-1,1,-1
2016621600423,2,9,0,18,0,8,0,0,0,0,3,1,2,2,30,6,1388,1,6,-1,1,-1
2016621600424,1,9,0,18,0,0,1,0,0,0,1,1,6,1,34,6,1299,1,11,-1,1,-1
2016621600424,2,9,0,4,0,0,0,0,0,0,2,1,6,2,63,9,998,1,2,-1,1,-1
2016621600424,3,9,0,4,0,0,0,0,0,0,2,1,6,1,24,5,1896,2,11,-1,1,-1
2016621600424,4,9,0,4,0,0,0,0,0,0,2,1,6,2,48,8,1198,1,1,-1,1,-1
2016621600425,1,9,0,18,0,3,0,0,0,0,1,1,6,1,30,6,1951,2,10,-1,1,-1
2016621600425,2,9,0,18,0,1,0,0,0,0,1,1,6,1,53,8,3059,2,20,-1,1,-1
2016621600426,1,9,0,18,0,8,0,0,0,0,1,1,6,1,24,5,1896,2,8,-1,1,-1
2016621600426,2,9,0,18,0,8,0,0,0,0,4,1,6,2,24,5,1242,1,10,-1,1,-1
2016621600427,1,9,0,11,0,0,0,0,0,0,1,1,6,2,20,4,1398,1,3,-1,3,-1
2016621600427,2,19,0,18,0,0,0,0,0,0,2,1,2,1,31,6,1870,2,11,-1,1,-1
2016621600427,3,9,0,18,0,0,0,0,0,0,2,1,6,2,83,11,1086,1,6,-1,2,-1
2016621600428,1,5,0,3,0,1,0,0,0,0,1,1,6,1,52,8,1130,1,15,-1,1,-1
2016621600428,2,9,0,4,0,1,0,0,0,0,2,1,1,2,18,4,1299,1,15,-1,1,-1
2016621600429,1,9,0,18,0,0,0,0,0,0,1,1,6,1,83,11,1997,2,-1,-1,2,-1
2016621600429,2,9,0,18,0,0,0,0,0,0,2,1,6,2,24,5,1499,2,-1,-1,1,-1
2016621600429,3,9,0,17,0,0,0,0,0,0,0,1,6,2,18,4,1598,2,5,-1,1,-1
2016621600430,1,9,0,16,0,8,0,4,0,0,1,1,6,1,26,6,1390,1,15,-1,1,-1
2016621600430,2,9,0,17,0,8,0,0,0,0,1,1,6,2,43,7,1199,1,15,-1,1,-1
2016621600430,3,9,0,2,0,1,0,0,0,0,4,1,6,3,-1,-1,1995,2,8,-1,-1,-1
2016621600432,1,9,0,5,0,4,0,0,0,0,1,1,6,2,25,5,1686,2,4,-1,2,-1
2016621600432,2,2,0,5,0,4,0,0,0,0,2,1,6,2,35,6,278,1,1,-1,1,-1
2016621600433,1,9,0,18,0,0,0,0,0,0,1,1,6,2,67,10,1560,2,2,-1,1,-1
2016621600433,2,9,0,18,0,0,0,0,0,0,2,1,6,1,53,8,1598,1,7,-1,1,-1
2016621600433,3,9,0,18,0,0,0,0,0,0,2,1,6,1,24,5,1398,1,5,3,1,3
2016621600434,1,9,0,18,0,0,0,0,0,0,1,1,3,2,30,6,1686,2,14,-1,1,-1
2016621600435,1,9,0,18,0,1,0,0,0,0,1,1,6,1,22,5,1618,1,3,-1,1,-1
2016621600435,2,9,0,18,0,1,0,0,0,0,2,1,1,1,52,8,999,1,-1,-1,1,-1
2016621600436,1,9,0,9,0,2,0,7,0,0,1,1,6,2,29,6,1329,1,6,-1,1,-1
2016621600437,1,9,0,18,0,8,0,10,2,1,3,1,1,1,22,5,1461,2,3,-1,1,-1
2016621600437,2,9,0,18,0,8,0,0,0,0,3,1,6,1,23,5,1199,2,4,2,1,2
2016621600438,1,19,0,18,0,0,0,0,0,0,1,1,2,1,46,8,2300,2,10,-1,1,-1
2016621600438,2,9,0,4,0,0,0,0,0,0,2,1,2,2,34,6,1248,2,9,-1,2,-1
2016621600438,3,9,0,4,0,0,0,0,0,0,2,1,2,1,57,9,1999,1,11,-1,1,-1
2016621600439,1,9,0,18,0,0,0,0,0,0,1,1,6,2,31,6,1461,2,5,-1,1,-1
2016621600439,2,9,0,4,0,0,0,0,0,0,2,1,6,2,38,7,1349,1,6,-1,2,-1
2016621600440,1,9,0,18,0,4,0,0,0,0,1,1,6,3,-1,-1,2099,1,14,-1,-1,-1
2016621600440,2,2,0,4,0,4,0,0,0,0,2,1,1,1,22,5,49,1,2,-1,1,-1
2016621600441,1,11,0,18,0,4,0,0,0,0,0,1,1,1,56,9,4250,2,10,-1,2,-1
2016621600442,1,9,0,18,0,0,0,0,0,0,1,1,6,2,19,4,1197,1,2,-1,3,-1
2016621600442,2,9,0,3,0,0,0,0,0,0,2,1,6,2,37,7,1499,2,-1,-1,1,-1
2016621600443,1,9,0,18,0,4,0,0,0,0,0,1,6,3,-1,-1,-1,-1,-1,-1,-1,-1
2016621600443,2,5,0,18,0,3,1,0,0,0,0,1,1,1,42,7,998,1,11,-1,1,-1
2016621600444,1,9,0,18,0,0,0,0,0,0,1,1,6,2,32,6,1598,1,8,-1,1,-1
2016621600445,1,9,0,14,0,2,0,0,0,0,4,1,6,1,27,6,1753,2,9,-1,1,-1
2016621600446,1,9,0,18,0,0,5,0,1,9,4,1,6,1,44,7,1248,1,5,-1,3,-1
2016621600447,1,9,0,17,0,0,1,4,7,3,4,1,6,1,34,6,1999,1,21,-1,1,-1
2016621600447,2,9,0,2,0,0,0,0,0,0,3,1,6,3,-1,-1,-1,-1,-1,-1,-1,-1
2016621600447,3,9,0,2,0,0,0,0,0,0,3,1,6,3,-1,-1,1199,1,14,-1,-1,-1
2016621600447,4,9,0,2,0,0,0,0,0,0,3,1,6,3,-1,-1,1956,2,5,-1,-1,-1
2016621600448,1,9,0,18,0,0,0,0,0,0,4,1,6,3,-1,-1,-1,-1,-1,-1,-1,-1
2016621600449,1,9,0,18,0,1,0,0,1,0,4,1,2,2,18,4,1242,1,7,-1,1,-1
2016621600449,2,21,0,18,0,1,0,0,0,0,3,1,1,1,57,9,12777,2,1,-1,1,-1
2016621600450,1,9,0,18,0,0,0,0,0,0,1,1,2,1,66,10,1590,1,1,-1,1,-1
2016621600450,2,1,0,18,0,0,0,0,0,0,2,1,6,1,42,7,-1,-1,-1,-1,1,-1
2016621600450,3,1,0,18,0,0,0,0,0,0,2,1,6,2,32,6,-1,-1,-1,-1,1,-1
2016621600451,1,10,0,5,0,0,0,0,0,0,2,1,3,1,54,8,2402,2,9,-1,1,-1
2016621600452,1,9,0,18,0,8,0,0,0,0,1,1,6,1,84,11,1242,1,8,-1,2,-1
2016621600452,2,9,0,18,0,8,0,0,0,0,1,1,6,2,26,6,1598,1,9,-1,1,-1
2016621600453,1,9,0,18,0,0,0,4,0,0,3,1,3,2,42,7,1197,1,1,-1,1,-1
2016621600453,2,9,0,2,0,0,0,0,0,0,4,1,6,3,-1,-1,1598,1,1,-1,-1,-1
2016621600454,1,9,0,5,0,6,0,4,0,0,1,1,2,1,23,5,1999,1,10,-1,1,-1
2016621600454,2,21,0,2,0,2,0,0,0,0,2,1,1,1,63,9,-1,-1,-1,-1,2,-1
2016621600455,1,9,0,18,0,0,0,0,0,0,1,1,6,2,29,6,1242,1,3,-1,1,-1
2016621600455,2,9,0,3,0,0,0,0,0,0,2,1,6,1,52,8,-1,-1,-1,-1,2,-1
2016621600456,1,9,0,18,0,0,0,0,0,0,1,1,2,1,23,5,1596,1,12,2,1,2
2016621600456,2,9,0,3,0,0,0,0,0,0,2,1,2,2,35,6,1248,1,1,-1,1,-1
2016621600456,3,9,0,4,0,0,0,0,0,0,2,1,2,1,57,9,2982,2,3,-1,1,-1
2016621600457,1,9,0,7,0,4,0,0,0,0,3,1,6,2,23,5,2720,2,10,-1,1,-1
2016621600457,2,1,0,18,0,8,0,0,0,0,4,1,6,1,39,7,-1,-1,-1,-1,1,-1
2016621600458,1,3,0,18,0,0,1,0,0,0,0,1,6,1,34,6,124,1,13,-1,1,-1
2016621600459,1,8,0,9,0,6,0,0,0,0,3,1,1,1,47,8,1896,2,10,-1,1,-1
2016621600459,2,3,0,18,0,8,0,0,0,0,1,1,6,1,20,4,125,1,2,-1,2,-1
2016621600460,1,9,0,6,0,0,0,0,0,0,3,1,6,1,59,9,1461,2,2,-1,1,-1
2016621600460,2,1,0,3,0,0,0,0,0,0,1,1,2,1,23,5,-1,-1,-1,-1,1,-1
2016621600461,1,9,0,7,0,1,0,0,0,0,1,1,6,2,23,5,1242,1,7,-1,1,-1
2016621600461,2,9,0,8,0,1,0,0,0,0,2,1,6,1,26,6,1598,2,3,-1,1,-1
2016621600461,3,9,0,5,0,1,0,0,0,0,2,1,6,2,37,7,1386,1,9,-1,1,-1
2016621600462,1,9,0,18,0,5,0,0,0,0,1,1,6,1,25,5,1560,2,5,-1,1,-1