Accident_Index,Vehicle_Reference,Vehicle_Type,Towing_and_Articulation,Vehicle_Manoeuvre,Vehicle_Location-Restricted_Lane,Junction_Location,Skidding_and_Overturning,Hit_Object_in_Carriageway,Vehicle_Leaving_Carriageway,Hit_Object_off_Carriageway,1st_Point_of_Impact,Was_Vehicle_Left_Hand_Drive?,Journey_Purpose_of_Driver,Sex_of_Driver,Age_of_Driver,Age_Band_of_Driver,Engine_Capacity_(CC),Propulsion_Code,Age_of_Vehicle,Driver_IMD_Decile,Driver_Home_Area_Type,Vehicle_IMD_Decile
2016621601319,3,9,0,2,0,2,0,0,0,0,3,1,6,3,-1,-1,1968,2,11,-1,-1,-1
2016621601319,4,9,0,2,0,2,0,0,0,0,1,1,6,3,-1,-1,1560,2,3,-1,-1,-1
2016621601320,1,3,0,12,0,0,0,0,0,0,1,1,1,1,49,8,125,1,1,-1,1,-1
2016621601320,2,9,0,4,0,0,0,0,0,0,2,1,1,2,23,5,1240,1,13,-1,3,-1
2016621601321,1,9,0,9,0,8,0,0,0,0,4,1,6,2,63,9,1197,1,2,-1,1,-1
2016621601321,2,9,0,9,0,5,0,0,0,0,1,1,6,1,60,9,1560,2,7,-1,1,-1
2016621601322,1,9,0,9,0,1,0,0,0,0,1,1,6,1,35,6,1590,1,13,-1,1,-1
2016621601322,2,9,0,18,0,8,0,0,0,0,4,1,6,1,44,7,1896,2,10,-1,1,-1
2016621601322,3,9,0,18,0,1,0,0,0,0,3,1,6,2,39,7,1461,2,1,-1,1,-1
2016621601323,1,21,0,2,0,1,0,10,3,1,1,1,1,1,45,7,6871,2,2,-1,1,-1
2016621601323,2,9,0,5,0,1,0,4,0,0,4,1,2,2,49,8,1360,1,5,-1,1,-1
2016621601324,1,9,0,9,0,5,0,0,0,0,1,1,6,2,48,8,1390,2,12,-1,-1,-1
2016621601324,2,1,0,18,0,1,0,10,0,10,1,1,6,1,41,7,-1,-1,-1,-1,1,-1
2016621601325,1,9,0,18,0,8,0,0,0,0,1,1,6,2,20,4,1242,1,1,-1,2,-1
2016621601325,2,9,0,9,0,8,0,0,0,0,3,1,6,2,55,8,1598,1,4,-1,2,-1
2016621601326,1,3,0,18,0,8,0,0,0,0,4,1,6,1,24,5,124,1,-1,-1,1,-1
2016621601326,2,9,0,9,0,8,0,0,0,0,3,1,6,1,43,7,1149,1,12,-1,1,-1
2016621601327,1,9,0,18,0,0,0,0,0,0,1,1,2,1,35,6,1229,1,5,-1,1,-1
2016621601327,2,3,0,18,0,0,0,0,0,0,2,1,2,1,23,5,125,1,1,-1,1,-1
2016621601327,3,9,0,18,0,0,0,0,0,0,1,1,6,1,22,5,1390,1,14,-1,2,-1
2016621601328,1,9,0,18,0,0,0,4,0,0,1,1,6,1,19,4,1994,1,17,-1,2,-1
2016621601328,2,19,0,2,0,0,0,0,0,0,1,1,6,3,-1,-1,2496,2,25,-1,-1,-1
2016621601329,1,1,0,18,0,1,0,0,0,0,3,1,6,1,38,7,-1,-1,-1,-1,1,-1
2016621601329,2,19,0,18,0,1,0,0,0,0,1,1,1,1,58,9,2143,2,-1,-1,1,-1
2016621601330,1,9,0,18,0,0,1,0,4,2,3,1,2,1,39,7,1995,2,3,-1,2,-1
2016621601330,2,9,0,18,0,0,0,0,0,0,1,1,6,2,33,6,1997,2,11,-1,1,-1
2016621601330,3,9,0,18,0,0,0,0,0,0,1,1,2,2,23,5,1395,1,1,-1,1,-1
2016621601331,1,9,0,9,0,1,0,0,0,0,4,1,6,3,-1,-1,-1,-1,-1,-1,-1,-1
2016621601331,2,1,0,18,0,1,0,0,0,0,1,1,6,1,21,5,-1,-1,-1,-1,1,-1
2016621601332,1,9,0,18,0,8,0,0,0,0,1,1,2,1,25,5,1997,2,1,-1,1,-1
2016621601332,2,9,0,18,0,8,0,0,0,0,3,1,2,1,64,9,1493,2,10,-1,3,-1
2016621601332,3,9,0,18,0,8,0,0,0,0,3,1,2,1,58,9,1995,2,2,-1,1,-1
2016621601333,1,3,0,13,0,0,0,0,0,0,1,1,6,1,31,6,-1,-1,-1,-1,1,-1
2016621601333,2,9,0,18,0,0,0,0,0,0,2,1,6,3,-1,-1,-1,-1,-1,-1,-1,-1
2016621601333,3,9,0,18,0,0,0,0,0,0,2,1,6,1,59,9,998,1,7,-1,1,-1
2016621601334,1,9,0,18,0,0,0,0,0,0,1,1,6,2,26,6,1598,1,6,-1,1,-1
2016621601334,2,9,0,4,0,0,0,0,0,0,2,1,6,1,57,9,1997,2,1,-1,1,-1
2016621601335,1,9,0,7,0,1,0,0,0,0,4,1,6,1,68,10,2494,8,-1,10,1,10
2016621601335,2,1,0,13,0,1,0,0,0,0,3,1,6,1,41,7,-1,-1,-1,-1,1,-1
2016621601336,1,19,0,11,0,8,0,0,0,0,1,1,1,1,30,6,-1,-1,-1,-1,2,-1
2016621601336,2,9,0,18,0,8,0,0,0,0,2,1,6,1,40,7,1582,2,6,-1,1,-1
2016621601337,1,20,0,1,9,5,0,0,0,0,2,1,1,1,51,8,2977,2,9,-1,1,-1
2016621601338,1,9,0,18,0,1,0,0,0,0,1,1,6,1,35,6,1995,1,6,-1,1,-1
2016621601339,1,9,0,9,0,8,0,0,0,0,3,1,6,1,29,6,1999,1,6,-1,1,-1
2016621601339,2,4,0,18,0,8,0,0,0,0,1,1,2,1,45,7,1170,1,5,-1,2,-1
2016621601340,1,9,0,18,0,0,1,0,0,0,1,1,6,2,54,8,1388,1,8,-1,2,-1
2016621601340,2,9,0,18,0,0,0,0,0,0,1,1,6,2,54,8,2401,2,11,-1,2,-1
2016621601341,1,9,0,18,0,0,0,0,0,0,1,1,6,2,41,7,1998,1,11,-1,1,-1
2016621601341,2,9,0,4,0,0,0,0,0,0,2,1,6,1,36,7,1598,1,9,-1,1,-1
2016621601341,3,3,0,18,0,0,0,0,0,0,1,1,1,1,52,8,124,1,3,-1,1,-1
2016621601342,1,9,0,18,0,0,0,0,0,0,1,1,6,1,27,6,1398,2,6,-1,1,-1
2016621601342,2,9,0,18,0,0,0,0,5,6,2,1,6,1,53,8,1149,1,6,-1,3,-1
2016621601343,1,9,0,17,0,0,0,0,0,11,1,1,6,1,57,9,1984,1,3,-1,1,-1
2016621601343,2,9,0,18,0,0,0,0,0,0,3,1,6,2,35,6,1587,1,14,2,1,2
2016621601343,3,9,0,10,0,0,0,0,0,0,0,1,6,1,40,7,1997,2,-1,-1,1,-1
2016621601344,1,9,0,16,0,0,0,0,5,6,3,1,2,1,29,6,1896,2,9,-1,1,-1
2016621601345,1,9,0,13,0,0,0,0,0,0,1,1,6,1,21,5,1998,1,14,-1,1,-1
2016621601345,2,9,0,18,0,0,0,0,0,0,0,1,6,1,21,5,1910,2,7,-1,3,-1
2016621601345,3,9,0,18,0,0,0,0,0,0,1,1,2,2,25,5,1299,1,11,-1,1,-1
2016621601346,1,90,0,5,9,0,0,0,0,0,0,1,6,2,12,3,-1,-1,-1,-1,1,-1
2016621601347,1,9,0,18,0,0,0,0,0,0,1,1,6,2,44,7,1390,1,1,-1,1,-1
2016621601347,2,9,0,18,0,0,0,0,0,0,2,1,6,2,66,10,1598,1,7,-1,1,-1
2016621601347,3,9,0,18,0,0,0,0,0,0,2,1,6,1,68,10,6750,1,11,-1,3,-1
2016621601348,1,1,0,18,0,8,0,0,0,0,1,1,6,1,24,5,-1,-1,-1,-1,1,-1
2016621601348,2,9,0,9,0,5,0,0,0,0,4,1,6,2,67,10,1461,2,2,-1,1,-1
2016621601349,1,9,0,4,0,0,0,0,0,0,1,1,2,2,20,4,1598,1,13,-1,1,-1
2016621601349,2,9,0,4,0,0,0,0,0,0,2,1,6,2,61,9,1998,2,11,-1,1,-1
2016621601349,3,9,0,4,0,0,0,0,0,0,2,1,2,1,28,6,-1,-1,-1,-1,3,-1
2016621601350,1,9,0,4,0,1,0,0,0,0,1,1,6,1,59,9,1461,2,-1,-1,2,-1
2016621601350,2,9,0,4,0,1,0,0,0,0,2,1,6,2,29,6,1999,2,-1,-1,1,-1
2016621601351,1,9,0,12,0,8,0,0,0,0,3,1,6,1,20,4,1390,1,10,-1,1,-1
2016621601351,2,3,0,18,0,8,1,0,6,0,4,1,6,1,48,8,125,1,5,-1,1,-1
2016621601352,1,9,0,17,0,0,2,10,0,4,3,1,6,2,20,4,1242,1,3,-1,3,-1
2016621601353,1,9,0,18,0,1,0,0,0,0,1,1,6,1,36,7,1896,2,10,-1,1,-1
2016621601353,2,9,0,9,0,1,0,0,0,0,1,1,6,1,34,6,998,1,-1,-1,1,-1
2016621601354,1,9,0,18,0,0,1,10,1,0,1,1,6,1,17,4,1299,1,13,-1,1,-1
2016621601355,1,9,0,11,0,1,0,0,0,0,4,1,6,1,49,8,1995,2,3,-1,1,-1
2016621601355,2,2,0,18,0,1,0,0,0,0,3,1,6,1,29,6,125,1,3,-1,1,-1
2016621601356,1,9,0,18,0,8,0,0,0,0,1,1,6,1,62,9,-1,-1,-1,-1,1,-1
2016621601356,2,8,0,5,0,1,0,0,0,0,3,1,1,1,43,7,1997,2,9,-1,1,-1
2016621601357,1,9,0,18,0,1,0,0,7,0,1,1,6,2,47,8,998,1,5,-1,1,-1
2016621601357,2,9,0,4,0,1,0,0,0,0,2,1,6,2,26,6,1398,1,6,-1,2,-1
2016621601357,3,9,0,4,0,1,0,0,0,0,2,1,6,1,74,10,1685,2,1,-1,2,-1
2016621601358,1,9,0,17,0,8,1,0,2,7,4,1,2,2,24,5,1124,1,9,-1,1,-1
2016621601359,1,9,0,4,0,0,0,0,0,0,1,1,6,3,-1,-1,1997,2,-1,-1,-1,-1
2016621601359,2,9,0,4,0,0,0,0,0,0,2,1,6,2,59,9,1590,1,1,-1,1,-1
2016621601359,3,9,0,4,0,0,0,0,0,0,2,1,6,2,59,9,1968,2,6,-1,2,-1
2016621601360,1,9,0,9,0,8,0,0,0,0,4,1,6,1,21,5,1242,1,14,-1,1,-1
2016621601360,2,8,0,18,0,8,1,0,0,0,1,1,1,1,54,8,1997,2,11,-1,1,-1
2016621601361,1,9,0,18,0,0,0,11,0,0,1,1,6,1,48,8,1242,1,8,-1,1,-1
2016621601362,1,1,0,18,0,1,0,0,0,0,1,1,6,1,43,7,-1,-1,-1,-1,1,-1
2016621601364,1,2,0,18,0,0,0,0,1,0,4,1,6,1,16,4,50,1,5,-1,1,-1
2016621601364,2,2,0,18,0,0,0,0,0,0,3,1,6,1,16,4,49,1,4,-1,1,-1
2016621601365,1,9,0,18,0,0,0,0,0,0,1,1,6,1,32,6,1299,1,14,-1,1,-1
2016621601365,2,9,0,4,0,0,0,0,0,0,2,1,6,1,23,5,1685,2,1,-1,1,-1
2016621601365,3,9,0,4,0,0,0,0,0,0,2,1,6,1,44,7,1686,2,11,-1,1,-1
2016621601366,1,3,0,17,0,0,1,11,0,0,1,1,6,1,36,7,124,1,1,-1,3,-1
2016621601367,1,9,0,14,0,0,0,4,0,0,1,1,2,2,63,9,1242,1,1,-1,1,-1
2016621601367,2,9,0,18,0,0,0,0,0,0,3,1,6,1,64,9,1910,2,6,-1,1,-1
2016621601367,3,9,0,2,0,0,0,0,0,0,1,1,6,3,-1,-1,2993,2,1,-1,-1,-1
2016621601368,1,9,0,9,0,6,0,0,0,0,4,1,6,2,36,7,2993,2,1,-1,1,-1
2016621601368,2,19,0,18,0,1,5,0,1,10,1,1,1,1,39,7,1248,2,4,-1,3,-1
2016621601369,1,9,0,18,0,0,0,0,0,0,3,1,6,1,37,7,1995,2,6,-1,1,-1
2016621601370,1,4,0,18,0,0,1,0,0,0,1,1,6,1,22,5,-1,-1,-1,-1,2,-1
2016621601371,1,19,0,18,0,1,0,0,0,0,1,1,6,1,22,5,1968,2,2,-1,1,-1
2016621601371,2,9,0,10,0,1,0,0,0,0,2,1,6,2,24,5,1229,1,2,-1,1,-1
2016621601372,1,9,0,16,0,0,0,0,0,0,1,1,6,1,26,6,1396,1,12,-1,1,-1
2016621601372,2,19,0,17,0,0,0,0,0,0,1,1,6,1,48,8,-1,-1,-1,-1,1,-1
2016621601372,3,1,0,17,0,0,0,0,0,0,1,1,6,1,36,7,-1,-1,-1,-1,1,-1
2016621601373,1,9,0,18,0,0,0,0,0,0,4,1,6,3,-1,-1,-1,-1,-1,-1,-1,-1
2016621601373,2,1,0,18,0,0,0,0,0,0,3,1,2,1,34,6,-1,-1,-1,-1,1,-1
2016621601375,1,9,0,18,0,8,0,0,0,0,1,1,2,2,47,8,1390,1,3,-1,1,-1
2016621601375,2,1,0,18,0,1,0,0,0,0,1,1,6,1,26,6,-1,-1,-1,-1,1,-1
2016621601376,1,21,0,16,0,0,0,0,0,0,1,1,1,1,56,9,5880,2,10,-1,1,-1
2016621601376,2,9,0,3,0,0,0,0,0,0,2,1,6,1,23,5,1598,2,1,-1,1,-1
2016621601377,1,9,0,16,0,0,0,0,0,0,1,1,6,1,39,7,1896,2,12,-1,1,-1
2016621601377,2,9,0,3,0,0,0,0,0,0,2,1,6,2,27,6,1360,1,7,-1,1,-1
2016621601377,3,9,0,3,0,0,0,0,0,0,2,1,6,2,36,7,1968,2,-1,-1,2,-1
2016621601378,1,9,0,9,0,6,0,0,0,0,3,1,6,2,63,9,1149,1,14,-1,3,-1
2016621601378,2,3,0,18,0,1,0,0,0,0,1,1,1,1,25,5,124,1,3,-1,1,-1
2016621601379,1,9,0,18,0,0,0,0,0,0,1,2,1,1,49,8,-1,-1,-1,-1,-1,-1
2016621601379,2,9,0,18,0,0,0,0,0,0,1,1,6,1,54,8,1968,2,7,-1,2,-1
2016621601380,1,8,0,17,0,0,0,6,2,11,4,1,1,1,26,6,1560,2,5,-1,1,-1
2016621601381,1,9,0,13,0,0,0,0,0,0,1,1,6,1,26,6,1396,1,3,-1,1,-1
2016621601381,2,9,0,18,0,0,0,0,0,0,1,1,6,1,45,7,1390,1,10,-1,1,-1
2016621601382,1,9,0,1,0,0,0,0,0,0,2,1,6,2,42,7,2378,1,11,-1,1,-1
2016621601382,2,9,0,18,0,0,0,0,0,0,4,1,6,1,40,7,2993,2,1,-1,1,-1
2016621601384,1,9,0,18,0,0,0,0,0,0,4,1,6,1,25,5,1499,2,-1,-1,1,-1
2016621601385,1,9,0,5,0,4,0,0,0,0,1,1,6,2,18,4,1242,1,1,-1,1,-1
2016621601385,2,9,0,3,0,4,0,0,0,0,2,1,6,2,43,7,1149,1,9,-1,3,-1
2016621601386,1,9,0,18,0,2,0,0,0,0,1,1,2,2,22,5,1242,1,-1,-1,1,-1
2016621601386,2,9,0,2,0,2,0,0,0,0,2,1,6,3,-1,-1,2143,2,-1,-1,-1,-1
2016621601387,1,9,0,7,0,4,0,0,0,0,1,1,6,2,31,6,1595,1,14,-1,1,-1
2016621601387,2,9,0,18,0,8,0,0,0,0,4,1,6,2,43,7,1988,1,12,-1,1,-1
2016621601388,1,9,0,18,0,1,0,4,0,0,1,1,6,2,27,6,1398,1,1,-1,1,-1
2016621601388,2,9,0,2,0,1,0,0,0,0,2,1,6,3,-1,-1,1596,1,13,-1,-1,-1
2016621601388,3,9,0,2,0,1,0,0,0,0,2,1,6,3,-1,-1,1988,1,16,-1,-1,-1
2016621601388,4,9,0,2,0,1,0,0,0,0,4,1,6,1,69,10,1796,1,14,-1,1,-1
2016621601389,1,9,0,17,0,0,5,0,1,4,1,1,6,2,31,6,1598,2,5,-1,1,-1
2016621601390,1,9,0,9,0,5,0,0,0,0,3,1,6,2,38,7,1794,1,11,-1,2,-1
2016621601391,1,3,0,18,0,1,0,0,0,0,1,1,6,1,21,5,124,1,-1,-1,3,-1
2016621601391,2,19,0,9,0,1,0,0,0,0,3,1,1,1,26,6,2287,2,1,-1,1,-1
2016621601392,1,9,0,7,0,2,0,0,0,0,0,1,6,1,38,7,1598,1,6,-1,1,-1
2016621601392,2,9,0,18,0,8,0,0,0,0,0,1,6,1,36,7,2198,2,10,-1,1,-1
2016621601393,1,9,0,18,0,0,0,0,0,0,4,1,6,3,-1,-1,-1,-1,-1,-1,-1,-1
2016621601394,1,3,0,18,0,0,0,0,0,0,1,1,6,1,24,5,124,1,4,-1,1,-1
2016621601394,2,3,0,6,0,0,0,0,0,0,1,1,6,1,22,5,124,1,1,-1,1,-1
2016621601395,1,9,0,1,0,8,0,0,0,0,2,1,6,1,44,7,1995,1,8,-1,1,-1
2016621601395,2,22,0,18,0,6,0,0,0,0,3,1,6,1,70,10,-1,-1,-1,-1,1,-1
2016621601396,1,2,0,18,0,0,0,0,0,0,4,1,6,1,32,6,49,1,2,-1,1,-1
2016621601397,1,9,0,1,0,2,0,0,0,0,2,1,6,2,33,6,1388,1,12,-1,1,-1
2016621601398,1,9,0,5,0,1,0,0,0,0,1,1,6,3,-1,-1,-1,-1,-1,-1,-1,-1
2016621601398,2,1,0,18,0,8,0,0,0,0,4,1,6,1,35,6,-1,-1,-1,2,1,2
2016621601399,1,9,0,12,0,0,0,10,0,0,3,1,1,1,37,7,1956,2,5,-1,1,-1
2016621601399,2,9,0,18,0,0,0,10,0,0,1,1,6,1,65,9,1900,2,10,-1,1,-1
2016621601400,1,9,0,18,0,0,5,0,1,4,1,1,6,1,37,7,1597,1,19,-1,1,-1
2016621601401,1,9,0,18,0,6,0,0,0,0,0,1,2,1,54,8,1598,1,14,-1,1,-1
2016621601401,2,1,0,18,0,1,0,0,0,0,0,1,6,1,53,8,-1,-1,-1,-1,1,-1
2016621601402,1,1,0,18,0,0,0,0,0,0,1,1,6,1,13,3,-1,-1,-1,-1,1,-1
2016621601402,2,9,0,18,0,0,0,0,0,0,3,1,6,1,33,6,1560,2,5,-1,1,-1
2016621601403,1,3,0,18,0,1,0,0,0,0,4,1,6,1,47,8,125,1,50,-1,2,-1
2016621601404,1,3,0,18,0,0,0,10,0,0,1,1,2,1,18,4,125,1,1,-1,1,-1
2016621601405,1,9,0,9,0,8,0,0,0,0,3,1,6,2,43,7,1686,2,7,-1,3,-1
2016621601405,2,5,0,18,0,8,0,0,0,0,1,1,6,1,28,6,599,1,4,-1,1,-1
2016621601406,1,9,0,9,0,1,0,0,0,0,3,1,1,1,24,5,-1,-1,-1,-1,3,-1
2016621601406,2,3,0,18,0,1,0,0,1,0,1,1,6,1,17,4,125,1,12,-1,1,-1
2016621601407,1,9,0,18,0,0,0,0,1,0,1,1,2,1,30,6,1197,1,3,-1,2,-1
2016621601407,2,21,0,2,6,0,0,0,0,0,2,1,6,1,49,8,3920,2,9,-1,2,-1
2016621601408,1,9,0,18,0,1,0,0,0,0,3,1,6,2,22,5,1242,1,6,-1,1,-1
2016621601409,1,9,0,18,0,0,5,0,2,7,4,1,6,1,37,7,2720,2,9,-1,1,-1
2016621601410,1,9,0,18,0,3,0,10,1,0,4,1,6,1,79,11,1956,2,1,-1,2,-1
2016621601410,2,9,0,9,0,3,0,10,1,10,3,1,6,2,23,5,1341,1,12,-1,1,-1
2016621601411,1,5,0,18,0,0,1,0,1,0,4,1,6,1,53,8,798,1,1,-1,1,-1
2016621601412,1,9,0,13,0,3,0,0,3,11,1,1,6,1,73,10,1197,1,-1,-1,1,-1
2016621601413,1,9,0,18,0,0,0,0,0,0,4,1,1,1,32,6,998,1,-1,-1,1,-1
2016621601414,1,9,0,5,0,0,0,0,0,0,1,1,6,2,26,6,1422,2,2,-1,1,-1
2016621601414,2,9,0,5,0,0,0,0,0,0,2,1,6,2,58,9,1199,1,12,-1,1,-1
2016621601415,1,9,0,3,0,1,0,0,0,0,2,1,6,1,68,10,1242,1,-1,-1,2,-1
2016621601415,2,9,0,4,0,1,0,0,0,0,1,2,2,1,33,6,1364,1,-1,-1,1,-1
2016621601416,1,9,0,18,0,0,1,0,7,8,0,1,6,1,69,10,999,1,7,-1,1,-1
2016621601417,1,9,0,4,0,0,0,0,0,0,1,1,2,1,32,6,1598,1,11,-1,1,-1
2016621601417,2,9,0,4,0,0,0,0,0,0,2,1,2,1,48,8,2400,2,6,-1,3,-1
2016621601418,1,1,0,18,0,8,0,10,1,0,1,1,6,1,14,3,-1,-1,-1,-1,1,-1
2016621601419,1,19,0,9,0,6,0,0,0,0,1,1,6,1,43,7,1997,2,11,-1,3,-1
2016621601419,2,9,0,18,0,1,0,0,0,0,3,1,6,2,43,7,1242,1,2,-1,2,-1
2016621601420,1,9,0,18,0,0,1,0,4,6,1,1,6,2,51,8,1149,1,8,-1,1,-1
2016621601420,2,9,0,18,0,0,0,0,0,0,1,1,6,1,39,7,1597,2,1,-1,1,-1
2016621601420,3,9,0,18,0,0,0,0,0,0,1,1,6,1,34,6,1998,1,8,-1,1,-1
2016621601421,1,9,0,16,0,0,0,0,0,0,1,1,6,1,32,6,1587,1,13,-1,1,-1
2016621601421,2,9,0,17,0,0,0,0,0,0,1,1,6,1,18,4,1242,1,4,-1,1,-1
2016621601421,3,9,0,2,0,0,0,0,0,0,3,1,6,3,-1,-1,1560,2,5,-1,-1,-1
2016621601422,1,9,0,18,0,2,0,0,0,0,1,1,6,1,28,6,1968,2,8,-1,1,-1
2016621601423,1,9,0,9,0,6,0,0,0,0,1,1,6,1,18,4,999,1,2,-1,1,-1
2016621601423,2,9,0,18,0,1,0,0,0,0,4,1,6,2,28,6,1399,2,10,-1,2,-1
2016621601424,1,9,0,5,0,4,0,0,0,0,1,1,6,3,-1,-1,-1,-1,-1,-1,-1,-1
2016621601424,2,1,0,18,0,8,0,0,0,0,4,1,6,1,14,3,-1,-1,-1,-1,1,-1
2016621601425,1,9,0,13,0,0,0,0,0,0,1,1,6,2,48,8,1149,1,6,-1,1,-1
2016621601425,2,9,0,4,0,0,0,0,0,0,2,1,2,2,41,7,998,1,5,-1,1,-1
2016621601426,1,9,0,16,0,4,0,10,7,4,1,1,6,2,36,7,1461,2,14,-1,1,-1
2016621601427,1,1,0,18,0,1,0,0,0,0,3,1,6,1,22,5,-1,-1,-1,-1,1,-1
2016621601427,2,9,0,18,0,1,0,0,0,0,4,1,6,1,30,6,1997,2,9,-1,1,-1
2016621601428,1,9,0,18,0,0,0,0,1,7,1,1,6,1,33,6,1596,1,7,-1,2,-1
2016621601429,1,9,0,18,0,0,0,0,0,0,1,1,6,1,19,4,2143,2,5,-1,1,-1
2016621601430,1,9,0,17,0,0,5,0,1,4,1,1,6,3,-1,-1,1360,1,15,-1,-1,-1
2016621601431,1,9,0,18,0,0,2,10,7,11,1,1,2,1,28,6,2494,1,18,-1,1,-1
2016621601432,1,3,0,13,0,0,0,0,0,0,1,1,6,1,21,5,124,1,-1,-1,3,-1
2016621601433,1,9,0,9,0,1,0,0,0,0,3,1,6,2,21,5,-1,-1,-1,-1,2,-1
2016621601433,2,9,0,18,0,1,0,0,0,0,1,1,6,2,56,9,1229,1,1,-1,3,-1
2016621601434,1,9,0,16,0,0,0,0,7,0,1,1,6,2,29,6,1242,1,5,-1,1,-1
2016621601434,2,9,0,17,0,0,0,0,7,0,3,1,6,1,52,8,1596,1,1,-1,1,-1
2016621601435,1,5,0,13,0,8,0,0,0,0,1,1,2,1,49,8,805,1,-1,-1,3,-1
2016621601435,2,9,0,18,0,8,0,0,0,0,1,1,6,2,37,7,2099,1,12,-1,3,-1
2016621601436,1,9,0,18,0,4,0,0,0,0,1,1,2,2,38,7,1461,2,2,-1,1,-1
2016621601436,2,9,0,18,0,8,0,0,0,0,4,1,6,1,23,5,1199,2,2,-1,1,-1
2016621601438,1,9,0,18,0,0,1,0,0,10,1,1,6,1,29,6,1560,2,12,-1,2,-1
2016621601439,1,9,0,18,0,0,0,0,7,9,4,1,6,2,43,7,1397,1,9,-1,2,-1
2016621601440,1,9,0,15,0,0,0,0,0,0,0,1,6,1,27,6,1560,2,8,-1,1,-1
2016621601440,2,9,0,18,0,0,1,0,1,10,0,1,6,1,25,5,1968,2,4,-1,3,-1
2016621601441,1,9,0,9,0,1,0,0,0,0,1,1,6,2,25,5,1298,1,14,-1,1,-1
2016621601441,2,9,0,18,0,1,0,0,0,0,1,1,6,1,29,6,998,1,1,-1,1,-1
2016621601441,3,19,0,2,0,2,0,0,0,0,2,1,6,3,-1,-1,2198,2,1,-1,-1,-1
2016621601442,1,9,0,9,0,8,0,0,0,0,4,1,6,1,85,11,1318,1,-1,-1,1,-1
2016621601442,2,9,0,18,0,8,0,0,0,0,1,1,6,1,27,6,2171,2,17,-1,1,-1
2016621601444,1,9,0,9,0,5,0,0,0,0,4,1,1,1,53,8,1968,2,4,-1,1,-1
2016621601444,2,1,0,18,0,8,0,0,0,0,1,1,2,1,50,8,-1,-1,-1,-1,1,-1
2016621601445,1,1,0,7,0,6,0,0,0,0,3,1,6,1,39,7,-1,-1,-1,-1,1,-1
2016621601445,2,11,0,18,2,8,0,0,0,0,1,1,1,1,57,9,9000,2,9,-1,1,-1
2016621601446,1,9,0,7,0,4,0,0,0,0,1,1,6,2,48,8,2143,2,1,-1,1,-1
2016621601446,2,1,0,18,0,8,0,0,0,0,1,1,6,1,45,7,-1,-1,-1,-1,1,-1
2016621601447,1,9,0,5,0,1,0,0,0,0,1,1,6,2,18,4,998,1,4,-1,1,-1
2016621601447,2,9,0,18,0,1,0,0,0,0,3,1,4,2,26,6,998,1,12,-1,2,-1
2016621601448,1,9,0,18,0,0,0,4,0,0,1,1,6,2,26,6,1364,1,7,-1,1,-1
2016621601448,2,9,0,4,0,0,0,0,0,0,1,1,6,1,50,8,-1,-1,-1,-1,1,-1
2016621601448,3,9,0,2,0,0,0,0,0,0,2,1,6,3,-1,-1,1242,1,14,-1,-1,-1
2016621601448,4,9,0,2,0,0,0,0,0,0,2,1,6,3,-1,-1,1796,1,3,-1,-1,-1
2016621601449,1,2,0,18,0,1,1,0,1,10,3,1,6,1,16,4,49,1,1,-1,1,-1
2016621601450,1,9,0,18,0,1,0,0,0,0,1,1,6,1,36,7,998,1,1,-1,1,-1
2016621601450,2,9,0,3,0,1,0,0,0,0,2,1,6,1,50,8,1598,1,12,-1,1,-1
2016621601451,1,9,0,18,0,0,0,0,0,0,1,1,3,2,31,6,1997,2,2,-1,1,-1
2016621601451,2,9,0,18,0,0,0,0,0,0,2,1,1,2,27,6,1598,1,13,-1,2,-1
2016621601451,3,9,0,18,0,0,0,0,0,0,2,1,3,2,36,7,1598,2,2,-1,1,-1
2016621601452,1,5,0,13,0,0,0,0,7,0,4,1,6,1,28,6,1043,1,-1,-1,1,-1
2016621601452,2,9,0,13,0,0,0,0,0,0,3,1,6,1,60,9,3800,1,1,-1,1,-1
2016621601453,1,9,0,14,0,0,0,0,0,0,1,1,1,1,61,9,1796,1,12,-1,1,-1
2016621601453,2,19,0,2,0,0,0,0,0,0,2,1,6,3,-1,-1,1560,2,5,-1,-1,-1
2016621601454,1,9,0,18,0,0,0,0,0,0,3,1,6,1,22,5,1596,1,-1,-1,1,-1
2016621601454,2,9,0,18,0,0,0,0,0,0,3,1,6,2,57,9,1328,1,6,-1,1,-1
2016621601455,1,9,0,18,0,0,0,0,0,0,1,1,6,1,32,6,1242,1,4,-1,1,-1
2016621601455,2,9,0,3,0,0,0,0,0,0,2,1,6,2,32,6,1461,2,1,-1,1,-1
2016621601456,1,9,0,18,0,1,0,0,1,2,1,1,6,1,92,11,2470,2,23,-1,3,-1
2016621601456,2,9,0,8,0,1,0,0,0,0,2,1,2,2,34,6,1560,2,4,-1,1,-1
2016621601457,1,19,0,5,0,4,0,0,0,0,1,1,1,1,39,7,2198,2,1,-1,1,-1
2016621601457,2,9,0,3,0,4,0,0,0,0,2,1,2,2,50,8,1686,2,10,-1,1,-1
2016621601459,1,19,0,6,8,0,0,0,0,0,3,1,1,1,50,8,-1,-1,-1,1,1,1
2016621601459,2,9,0,18,0,0,0,0,0,0,1,1,6,1,26,6,1984,1,8,-1,2,-1
2016621601460,1,9,0,16,0,8,0,0,1,1,1,1,1,1,37,7,1560,2,2,-1,1,-1