Accident_Index,Vehicle_Reference,Vehicle_Type,Towing_and_Articulation,Vehicle_Manoeuvre,Vehicle_Location-Restricted_Lane,Junction_Location,Skidding_and_Overturning,Hit_Object_in_Carriageway,Vehicle_Leaving_Carriageway,Hit_Object_off_Carriageway,1st_Point_of_Impact,Was_Vehicle_Left_Hand_Drive?,Journey_Purpose_of_Driver,Sex_of_Driver,Age_of_Driver,Age_Band_of_Driver,Engine_Capacity_(CC),Propulsion_Code,Age_of_Vehicle,Driver_IMD_Decile,Driver_Home_Area_Type,Vehicle_IMD_Decile
2016621601460,2,20,0,18,0,8,0,0,0,0,1,1,1,1,46,8,4462,2,4,-1,2,-1
2016621601461,1,5,0,18,0,0,0,0,7,0,4,1,6,1,27,6,1470,1,16,-1,1,-1
2016621601461,2,9,0,5,0,0,0,0,0,0,3,1,6,1,57,9,998,1,8,-1,1,-1
2016621601462,1,9,0,4,0,0,0,0,0,0,1,1,6,2,48,8,1795,1,17,-1,1,-1
2016621601463,1,9,0,18,0,0,0,0,0,0,4,1,6,1,59,9,1956,2,3,-1,1,-1
2016621601464,1,9,0,9,0,8,0,0,0,0,4,1,6,2,19,4,1364,2,13,-1,1,-1
2016621601464,2,9,0,18,0,8,0,0,0,0,1,1,6,2,52,8,995,1,11,-1,3,-1
2016621601465,1,9,0,18,0,0,0,4,0,0,4,1,3,2,31,6,1299,1,9,-1,1,-1
2016621601465,2,9,0,2,0,0,0,0,0,0,3,1,6,3,-1,-1,-1,-1,-1,-1,-1,-1
2016621601466,1,9,0,18,0,0,0,7,0,0,1,1,6,2,35,6,1497,1,14,-1,1,-1
2016621601467,1,9,0,16,0,2,0,0,0,0,3,1,2,1,23,5,1242,1,15,-1,3,-1
2016621601467,2,9,0,7,0,1,0,0,0,0,3,1,2,2,47,8,1598,2,3,-1,1,-1
2016621601468,1,19,0,13,0,0,0,0,0,0,0,1,6,3,-1,-1,-1,-1,-1,-1,-1,-1
2016621601468,2,1,0,18,0,0,0,0,0,0,0,1,6,2,48,8,-1,-1,-1,-1,1,-1
2016621601469,1,9,0,9,0,6,0,0,0,0,1,1,6,1,19,4,1149,1,5,-1,1,-1
2016621601469,2,5,0,18,0,8,0,0,0,0,1,1,2,1,42,7,779,1,4,-1,1,-1
2016621601470,1,97,0,18,0,0,1,4,0,0,3,1,6,1,28,6,-1,-1,-1,-1,1,-1
2016621601470,2,9,0,2,0,0,0,0,0,0,2,1,6,3,-1,-1,1560,2,3,-1,-1,-1
2016621601471,1,9,0,5,0,6,0,0,0,0,3,1,1,1,22,5,2497,2,-1,-1,1,-1
2016621601471,2,9,0,18,0,8,2,0,4,0,4,1,6,1,23,5,1197,1,-1,-1,1,-1
2016621601472,1,9,0,18,0,3,0,0,0,0,1,1,6,3,-1,-1,-1,-1,-1,-1,-1,-1
2016621601472,2,1,0,18,0,3,0,0,0,0,2,1,6,1,50,8,-1,-1,-1,-1,1,-1
2016621601473,1,9,0,18,0,8,0,0,0,0,1,1,6,3,-1,-1,2967,1,15,-1,-1,-1
2016621601473,2,9,0,18,0,8,0,0,0,0,3,1,6,1,24,5,1242,1,6,-1,1,-1
2016621601474,1,9,0,16,0,1,0,0,0,0,1,1,6,2,47,8,1600,2,11,-1,3,-1
2016621601474,2,9,0,3,0,1,0,0,0,0,2,1,6,1,51,8,1769,1,12,-1,1,-1
2016621601475,1,8,0,18,0,0,1,0,0,0,4,1,1,1,62,9,1686,2,7,-1,2,-1
2016621601476,1,9,0,6,0,0,0,0,0,0,3,1,6,1,52,8,1388,1,9,-1,1,-1
2016621601476,2,4,0,18,0,0,0,0,0,0,1,1,2,1,49,8,847,1,-1,-1,1,-1
2016621601477,1,9,0,18,0,0,0,0,0,0,1,1,6,1,20,4,1248,2,9,-1,1,-1
2016621601477,2,9,0,4,0,0,0,0,0,0,2,1,6,1,36,7,1364,1,7,-1,1,-1
2016621601478,1,1,0,18,0,0,0,0,0,0,4,1,6,1,62,9,-1,-1,-1,-1,2,-1
2016621601479,1,9,0,18,0,0,2,0,1,4,1,1,6,1,18,4,1200,1,3,-1,2,-1
2016621601480,1,9,0,5,0,4,0,0,0,0,1,1,6,1,21,5,1242,1,1,-1,1,-1
2016621601480,2,9,0,5,0,4,0,0,0,0,2,1,6,2,52,8,1598,2,3,-1,1,-1
2016621601481,1,9,0,18,0,0,0,0,7,5,1,1,6,2,69,10,1339,1,2,-1,1,-1
2016621601482,1,9,0,5,0,0,0,0,0,0,1,1,6,2,17,4,1242,1,11,-1,3,-1
2016621601483,1,9,0,9,0,1,0,7,0,0,1,1,6,1,29,6,1360,1,10,-1,1,-1
2016621601483,2,9,0,18,0,1,0,0,0,0,2,1,6,1,45,7,1900,2,10,-1,1,-1
2016621601484,1,9,0,13,0,1,0,0,0,0,1,1,6,1,38,7,1596,1,8,-1,1,-1
2016621601484,2,3,0,7,0,1,0,0,0,0,2,1,6,1,21,5,123,1,-1,-1,1,-1
2016621601485,1,9,0,18,0,8,1,0,0,0,4,1,6,1,42,7,1997,1,13,-1,2,-1
2016621601485,2,9,0,5,0,8,0,0,0,0,1,1,6,2,35,6,1329,1,4,-1,1,-1
2016621601485,3,9,0,2,0,1,0,0,0,0,1,1,6,3,-1,-1,1197,1,3,-1,-1,-1
2016621601486,1,9,0,18,0,0,0,0,0,0,1,1,6,1,51,8,1499,2,1,-1,1,-1
2016621601486,2,8,0,4,0,0,0,0,0,0,2,1,1,1,69,10,1686,2,8,-1,1,-1
2016621601487,1,9,0,9,0,8,0,0,0,0,4,1,6,2,19,4,1124,1,9,-1,3,-1
2016621601487,2,9,0,18,0,8,0,0,0,0,3,1,6,1,18,4,1328,1,8,-1,1,-1
2016621601488,1,9,0,18,0,0,0,0,0,0,1,1,6,1,24,5,1390,1,15,-1,2,-1
2016621601488,2,9,0,3,0,0,0,0,0,0,2,1,6,1,60,9,1395,1,1,-1,1,-1
2016621601489,1,9,0,18,0,0,0,0,0,0,3,1,6,1,56,9,2663,2,20,-1,1,-1
2016621601490,1,9,0,16,0,0,0,0,1,4,1,1,6,1,57,9,1995,2,10,-1,1,-1
2016621601491,1,9,0,18,0,0,0,0,0,0,1,1,1,1,29,6,2179,2,1,-1,1,-1
2016621601491,2,9,0,18,0,0,0,0,0,0,2,1,1,1,29,6,1596,1,14,-1,1,-1
2016621601491,3,9,0,18,0,0,0,0,0,0,2,1,1,2,50,8,1242,1,3,-1,1,-1
2016621601492,1,9,0,18,0,2,0,0,0,0,1,1,6,2,54,8,1997,2,5,-1,1,-1
2016621601493,1,9,0,18,0,1,0,0,0,0,1,1,2,2,17,4,1242,1,2,-1,1,-1
2016621601493,2,9,0,9,0,1,0,0,0,0,3,1,2,1,41,7,1753,2,12,-1,3,-1
2016621601494,1,9,0,18,0,0,0,0,0,0,1,1,6,1,48,8,1997,2,11,-1,1,-1
2016621601494,2,8,0,18,0,0,0,0,0,0,1,1,1,2,33,6,1896,2,12,-1,1,-1
2016621601495,1,9,0,9,0,8,0,0,0,0,4,1,6,2,49,8,1997,2,4,-1,1,-1
2016621601495,2,9,0,18,0,8,0,0,0,0,1,1,3,2,40,7,998,1,6,-1,2,-1
2016621601496,1,9,0,18,0,8,0,0,0,0,1,1,6,2,41,7,1984,1,14,-1,2,-1
2016621601496,2,9,0,18,0,8,0,0,0,0,2,1,6,2,24,5,1200,1,4,-1,2,-1
2016621601496,3,19,0,18,0,8,0,0,0,0,0,1,1,1,40,7,2198,2,1,-1,1,-1
2016621601497,1,9,0,7,0,1,0,0,0,0,4,1,6,2,28,6,1596,1,7,-1,1,-1
2016621601497,2,1,0,18,0,1,0,0,0,0,1,1,6,1,50,8,-1,-1,-1,-1,1,-1
2016621601498,1,9,0,18,0,0,0,0,1,11,1,1,6,1,52,8,1198,1,5,-1,1,-1
2016621601499,1,9,0,1,0,0,0,0,0,0,2,1,6,1,86,11,1197,1,2,-1,1,-1
2016621601499,2,9,0,2,0,0,0,0,0,0,1,1,6,2,33,6,1997,1,13,-1,1,-1
2016621601499,3,9,0,3,0,0,0,0,0,0,1,1,6,1,70,10,1896,2,15,-1,1,-1
2016621601500,1,9,0,18,0,0,0,0,0,0,1,1,6,1,47,8,1997,1,14,-1,2,-1
2016621601501,1,9,0,3,0,0,0,0,0,0,3,1,6,2,38,7,1461,2,2,-1,1,-1
2016621601501,2,1,0,18,0,0,0,0,0,0,1,1,6,1,36,7,-1,-1,-1,-1,1,-1
2016621601502,1,9,0,14,0,0,0,0,7,0,1,1,6,1,72,10,1560,2,2,-1,2,-1
2016621601502,2,9,0,9,0,0,0,0,0,0,3,1,6,1,37,7,1596,1,11,-1,1,-1
2016621601502,3,9,0,2,6,0,0,0,0,0,1,1,6,1,22,5,2494,2,2,-1,1,-1
2016621601503,1,9,0,9,0,1,0,0,0,0,1,1,6,2,52,8,1197,1,3,-1,2,-1
2016621601503,2,5,0,18,0,1,0,0,0,0,4,1,6,1,61,9,647,1,13,-1,1,-1
2016621601504,1,9,0,18,0,0,0,0,0,0,3,1,6,2,36,7,1560,2,8,-1,1,-1
2016621601505,1,9,0,9,0,2,0,0,0,0,1,1,6,1,48,8,-1,-1,-1,-1,1,-1
2016621601505,2,3,0,18,0,1,0,0,0,0,1,1,4,1,17,4,124,1,8,-1,1,-1
2016621601506,1,9,0,18,0,8,0,0,0,0,1,1,6,1,29,6,1388,1,11,-1,1,-1
2016621601506,2,9,0,4,0,8,0,0,0,0,2,1,6,1,52,8,1988,2,10,-1,1,-1
2016621601507,1,1,0,18,0,0,1,0,0,0,0,1,1,1,53,8,-1,-1,-1,-1,1,-1
2016621601508,1,9,0,9,0,8,0,0,0,0,4,1,6,1,24,5,1968,2,5,-1,1,-1
2016621601508,2,9,0,18,0,1,0,0,0,0,1,1,6,1,52,8,1995,2,11,-1,1,-1
2016621601509,1,9,0,7,0,1,0,0,0,0,4,1,6,1,55,8,1995,1,10,-1,1,-1
2016621601509,2,1,0,18,0,1,0,0,0,0,1,1,6,1,44,7,-1,-1,-1,-1,1,-1
2016621601510,1,1,0,16,0,1,0,0,0,0,0,1,6,3,-1,-1,-1,-1,-1,-1,-1,-1
2016621601510,2,9,0,17,0,2,1,6,0,0,4,1,6,1,41,7,2494,1,14,-1,1,-1
2016621601511,1,9,0,5,0,8,0,0,0,0,4,1,6,2,20,4,995,1,6,-1,1,-1
2016621601511,2,9,0,18,0,8,0,0,0,0,3,1,6,1,48,8,1796,1,12,-1,1,-1
2016621601512,1,9,0,9,0,1,0,0,0,0,1,1,2,1,31,6,1364,1,7,-1,1,-1
2016621601512,2,5,0,18,0,1,0,0,0,0,1,1,2,1,44,7,998,1,10,-1,1,-1
2016621601513,1,9,0,1,0,6,0,0,1,11,2,1,6,1,77,11,1499,2,-1,-1,1,-1
2016621601514,1,9,0,18,0,0,0,0,0,0,1,1,6,1,47,8,1984,1,9,-1,1,-1
2016621601514,2,9,0,3,0,0,0,0,0,0,2,1,6,1,40,7,1997,2,1,-1,1,-1
2016621601515,1,9,0,18,0,0,0,0,0,0,3,1,6,3,-1,-1,1685,2,4,-1,-1,-1
2016621601515,2,9,0,18,0,0,0,0,0,0,3,1,2,1,45,7,-1,-1,-1,-1,1,-1
2016621601516,1,9,0,18,0,0,0,0,0,0,1,1,6,2,43,7,1390,1,11,-1,1,-1
2016621601517,1,9,0,18,0,0,2,0,7,0,1,1,2,1,21,5,998,1,5,-1,1,-1
2016621601518,1,9,0,5,0,0,0,0,1,10,1,1,6,2,83,11,1390,1,12,-1,2,-1
2016621601519,1,4,0,6,0,0,0,0,1,0,4,1,6,1,74,10,498,1,33,-1,1,-1
2016621601520,1,9,0,9,0,2,0,7,0,0,1,1,6,1,78,11,998,1,8,-1,1,-1
2016621601521,1,9,0,11,0,3,0,0,0,0,4,1,6,2,39,7,1560,2,6,-1,2,-1
2016621601521,2,19,0,5,0,4,0,0,0,0,1,1,6,1,30,6,1968,2,3,-1,1,-1
2016621601522,1,9,0,2,0,0,0,0,0,0,3,1,2,1,41,7,2685,2,11,-1,3,-1
2016621601522,2,1,0,14,0,0,0,4,0,0,4,1,2,1,37,7,-1,-1,-1,-1,1,-1
2016621601523,1,9,0,9,0,6,0,0,0,0,1,1,6,1,17,4,1199,1,17,-1,2,-1
2016621601523,2,9,0,9,0,5,0,0,0,0,3,1,6,2,24,5,1598,1,4,-1,1,-1
2016621601524,1,9,0,18,0,8,0,0,0,0,3,1,2,1,31,6,1598,1,3,-1,1,-1
2016621601524,2,1,0,18,0,8,0,0,0,0,4,1,6,2,45,7,-1,-1,-1,-1,3,-1
2016621601525,1,9,0,18,0,0,0,0,0,0,1,1,6,1,24,5,1796,1,11,-1,3,-1
2016621601525,2,9,0,3,0,0,0,0,0,0,2,1,6,2,44,7,1149,1,8,-1,3,-1
2016621601526,1,9,0,18,0,8,0,0,0,0,3,1,6,1,72,10,1499,2,1,-1,-1,-1
2016621601526,2,9,0,9,0,8,0,0,0,0,1,1,6,1,80,11,1560,2,4,-1,1,-1
2016621601527,1,3,0,13,0,1,0,0,0,0,1,1,6,1,20,4,125,1,3,-1,1,-1
2016621601527,2,9,0,9,0,5,0,0,0,0,3,1,6,2,45,7,1461,2,1,-1,1,-1
2016621601528,1,9,0,18,0,0,0,0,0,0,1,1,2,1,52,8,1360,1,10,-1,1,-1
2016621601529,1,9,0,18,0,8,0,0,0,0,1,1,6,3,-1,-1,-1,-1,-1,-1,-1,-1
2016621601530,1,9,0,7,0,6,0,0,0,0,3,1,6,1,24,5,1498,1,-1,-1,1,-1
2016621601530,2,9,0,18,0,8,0,0,0,0,4,1,6,1,47,8,1229,1,1,-1,1,-1
2016621601531,1,9,0,9,0,6,0,0,1,11,3,1,6,2,36,7,1753,2,6,-1,2,-1
2016621601531,2,9,0,18,0,1,0,0,0,0,1,1,6,1,37,7,1900,2,17,-1,1,-1
2016621601532,1,1,0,17,0,0,0,0,0,0,0,1,6,1,50,8,-1,-1,-1,-1,1,-1
2016621601532,2,1,0,17,0,0,0,0,0,0,0,1,6,1,49,8,-1,-1,-1,-1,3,-1
2016621601533,1,9,0,18,0,0,0,0,0,0,1,1,6,1,55,8,1995,2,1,-1,1,-1
2016621601534,1,9,0,18,0,1,0,0,0,0,1,1,6,2,57,9,1598,1,7,-1,1,-1
2016621601534,2,9,0,10,0,1,0,0,0,0,2,1,6,2,53,8,1242,1,1,-1,1,-1
2016621601535,1,19,0,18,0,0,5,0,1,7,4,1,6,1,18,4,1560,2,6,-1,1,-1
2016621601536,1,9,0,18,0,0,0,0,0,0,1,1,6,1,58,9,1956,2,2,-1,3,-1
2016621601536,2,1,0,18,0,0,0,0,1,0,2,1,6,1,49,8,-1,-1,-1,-1,1,-1
2016621601537,1,9,0,9,0,8,0,0,0,0,4,1,6,1,84,11,1198,1,1,-1,1,-1
2016621601537,2,9,0,18,0,8,0,0,0,0,1,1,6,1,49,8,2179,2,3,-1,1,-1
2016621601538,1,3,0,17,0,0,1,0,0,0,0,1,6,1,25,5,125,1,-1,-1,1,-1
2016621601539,1,9,0,18,0,1,0,0,0,0,1,1,1,1,59,9,1388,1,10,-1,1,-1
2016621601539,2,9,0,3,0,1,0,0,0,0,2,1,6,2,31,6,1596,1,11,-1,1,-1
2016621601539,3,9,0,3,0,1,0,0,0,0,2,1,6,2,30,6,1596,1,12,-1,1,-1
2016621601539,4,9,0,3,0,1,0,0,0,0,2,1,6,2,22,5,1598,2,1,-1,1,-1
2016621601540,1,9,0,18,0,1,0,0,0,0,3,1,6,1,21,5,1388,1,13,-1,1,-1
2016621601541,1,9,0,5,0,6,0,0,0,0,1,1,6,1,18,4,1149,1,13,-1,1,-1
2016621601541,2,9,0,18,0,8,1,0,0,0,3,1,6,2,26,6,1896,2,11,-1,1,-1
2016621601542,1,1,0,18,0,0,0,0,0,0,1,1,6,1,9,2,-1,-1,-1,-1,2,-1
2016621601542,2,9,0,18,0,0,0,0,0,0,1,1,6,1,21,5,1390,1,8,-1,3,-1
2016621601543,1,9,0,18,0,0,0,0,0,0,1,1,2,1,34,6,1781,1,13,-1,1,-1
2016621601543,2,9,0,4,0,0,0,0,0,0,2,1,6,2,44,7,1242,1,2,-1,1,-1
2016621601544,1,19,0,7,0,1,0,0,0,0,4,1,6,3,-1,-1,-1,-1,-1,-1,-1,-1
2016621601545,1,9,0,18,0,1,0,0,0,0,4,1,6,2,19,4,998,1,-1,-1,1,-1
2016621601546,1,9,0,4,0,0,0,0,0,0,2,1,6,1,34,6,1769,1,15,-1,1,-1
2016621601546,2,9,0,18,0,0,0,0,0,0,2,1,6,2,23,5,1200,1,4,-1,1,-1
2016621601547,1,4,0,18,0,1,0,0,7,1,1,1,6,1,28,6,125,1,1,-1,1,-1
2016621601548,1,3,0,18,0,1,1,10,0,1,1,1,6,1,29,6,125,1,4,-1,2,-1
2016621601549,1,1,0,18,0,1,0,0,0,0,1,1,6,1,11,3,-1,-1,-1,-1,1,-1
2016621601549,2,9,0,18,0,1,0,0,0,0,1,1,1,2,62,9,998,1,5,-1,1,-1
2016621601550,1,9,0,9,0,8,0,0,0,0,1,1,6,1,20,4,1386,1,10,-1,1,-1
2016621601550,2,9,0,18,0,8,0,0,0,0,1,1,6,1,60,9,1850,1,16,-1,1,-1
2016621601551,1,9,0,5,0,4,0,0,0,0,1,1,6,1,18,4,1368,1,7,-1,2,-1
2016621601551,2,9,0,18,0,3,0,0,0,0,4,1,2,2,61,9,1685,2,1,-1,2,-1
2016621601552,1,9,0,18,0,0,0,0,1,0,1,1,6,2,35,6,1461,2,4,-1,1,-1
2016621601552,2,9,0,2,0,0,0,0,0,0,2,1,6,3,-1,-1,-1,-1,-1,-1,-1,-1
2016621601553,1,9,0,2,0,0,0,0,0,0,0,1,6,1,71,10,1956,2,1,-1,3,-1
2016621601553,2,1,0,14,0,0,1,0,0,0,1,1,6,1,55,8,-1,-1,-1,-1,3,-1
2016621601554,1,9,0,18,0,0,0,0,0,0,1,1,6,1,72,10,1997,2,13,-1,1,-1
2016621601555,1,19,0,9,0,6,0,0,0,0,1,1,1,1,44,7,-1,3,2,-1,1,-1
2016621601555,2,4,0,18,0,1,0,0,0,0,1,1,6,1,30,6,124,1,6,-1,1,-1
2016621601556,1,9,0,5,0,6,0,0,1,10,1,1,2,1,18,4,1598,2,4,-1,3,-1
2016621601556,2,21,0,18,0,1,1,0,1,0,1,1,1,1,33,6,12900,2,7,-1,1,-1
2016621601557,1,5,0,18,0,4,1,0,0,0,1,1,6,1,61,9,1043,1,3,-1,1,-1
2016621601557,2,19,0,5,0,4,0,0,0,0,3,1,6,1,24,5,1598,2,1,6,3,6
2016621601558,1,3,0,18,0,1,1,0,0,0,1,1,1,1,18,4,125,1,-1,-1,1,-1
2016621601558,2,3,0,9,0,1,0,0,0,0,2,1,1,1,19,4,124,1,-1,-1,1,-1
2016621601559,1,9,0,18,0,1,0,10,0,0,4,1,6,2,22,5,1197,1,1,-1,3,-1
2016621601560,1,19,0,18,0,1,2,0,0,0,1,1,1,1,29,6,1968,2,11,-1,1,-1
2016621601560,2,9,0,18,0,1,0,0,0,0,2,1,1,2,53,8,1499,2,-1,-1,1,-1
2016621601561,1,9,0,7,0,5,0,0,0,0,4,1,2,1,36,7,1248,2,12,-1,2,-1
2016621601561,2,1,0,18,0,1,0,0,0,0,1,1,2,2,22,5,-1,-1,-1,-1,1,-1
2016621601562,1,9,0,4,0,1,0,0,0,0,1,1,6,1,51,8,1910,2,10,-1,1,-1
2016621601562,2,9,0,4,0,1,0,0,0,0,2,1,6,1,30,6,1598,1,2,-1,1,-1
2016621601563,1,9,0,18,0,0,0,0,0,6,3,1,6,2,53,8,1461,2,4,-1,1,-1
2016621601564,1,9,0,7,0,3,0,0,0,0,2,1,6,3,-1,-1,-1,-1,-1,-1,-1,-1
2016621601564,2,9,0,4,0,1,0,0,0,0,3,1,6,2,32,6,1560,2,6,-1,1,-1
2016621601565,1,10,0,18,0,1,0,0,0,0,1,1,1,1,67,10,2402,2,12,-1,1,-1
2016621601565,2,8,0,10,0,1,0,0,0,0,2,1,1,1,22,5,1997,2,6,-1,1,-1
2016621601566,1,1,0,18,0,0,0,0,0,0,1,1,2,2,24,5,-1,-1,-1,-1,1,-1
2016621601566,2,9,0,18,0,0,0,0,0,0,2,1,2,2,35,6,1598,1,10,-1,1,-1
2016621601567,1,9,0,9,0,6,0,0,0,0,4,1,6,1,48,8,1988,1,15,-1,1,-1
2016621601567,2,9,0,18,0,1,0,0,0,1,1,1,3,1,53,8,1896,2,7,-1,1,-1
2016621601568,1,19,0,7,0,4,0,0,0,0,4,1,1,1,58,9,2198,2,4,-1,1,-1
2016621601568,2,1,0,18,0,4,0,0,0,0,3,1,2,1,48,8,-1,-1,-1,-1,1,-1
2016621601569,1,5,0,18,0,4,1,0,0,0,1,1,6,1,39,7,998,1,9,-1,3,-1
2016621601570,1,9,0,1,0,6,0,0,0,0,4,1,6,1,42,7,1149,1,14,-1,1,-1
2016621601571,1,9,0,7,0,6,0,0,0,0,1,1,6,1,73,10,1587,1,11,-1,3,-1
2016621601571,2,9,0,18,0,8,0,0,0,0,4,1,6,1,30,6,1124,1,20,-1,1,-1
2016621601572,1,10,0,18,0,0,0,8,0,0,4,1,1,1,43,7,-1,-1,-1,-1,2,-1
2016621601572,2,9,0,2,0,0,0,0,0,0,3,1,6,3,-1,-1,2000,2,7,-1,-1,-1
2016621601573,1,3,0,4,0,1,1,0,0,0,4,1,6,1,25,5,124,1,2,-1,1,-1
2016621601574,1,9,0,18,0,2,0,0,0,0,1,1,6,1,42,7,1968,2,1,-1,1,-1
2016621601574,2,9,0,9,0,1,0,0,0,0,3,1,6,2,24,5,-1,-1,-1,-1,1,-1
2016621601575,1,9,0,9,0,8,0,0,0,0,1,1,6,2,46,8,1398,2,10,-1,1,-1
2016621601575,2,9,0,18,0,8,0,0,0,0,1,1,6,2,42,7,1791,8,4,-1,1,-1
2016621601576,1,9,0,4,0,1,0,0,0,0,1,1,1,1,57,9,995,1,8,-1,1,-1
2016621601576,2,9,0,4,0,1,0,0,0,0,2,1,1,1,70,10,-1,-1,-1,-1,1,-1
2016621601577,1,9,0,9,0,8,0,7,0,0,3,1,6,2,73,10,1360,1,6,-1,1,-1
2016621601578,1,90,0,18,0,0,0,0,0,0,1,1,1,1,30,6,-1,-1,-1,-1,1,-1
2016621601578,2,90,0,18,0,0,0,0,0,0,2,1,1,1,22,5,-1,-1,-1,-1,1,-1
2016621601579,1,9,0,2,0,0,0,0,0,0,3,1,6,1,61,9,998,1,15,-1,1,-1
2016621601579,2,1,0,18,0,0,0,8,0,0,1,1,6,1,23,5,-1,-1,-1,-1,1,-1
2016621601580,1,1,0,18,0,1,0,0,0,0,1,1,6,1,42,7,-1,-1,-1,-1,1,-1
2016621601580,2,9,0,2,0,1,0,0,0,0,4,1,6,2,24,5,1596,1,9,-1,1,-1
2016621601581,1,21,1,11,0,3,0,0,0,0,4,1,1,1,43,7,12900,2,8,-1,1,-1
2016621601581,2,9,0,18,0,8,0,0,0,0,3,1,6,2,18,4,1388,1,14,-1,1,-1
2016621601582,1,3,0,18,0,0,0,0,0,0,1,1,6,1,24,5,124,1,-1,-1,1,-1
2016621601583,1,3,0,18,0,0,0,0,0,0,1,1,6,2,57,9,125,1,1,-1,1,-1
2016621601584,1,9,0,17,0,0,0,0,0,0,1,1,3,1,33,6,1396,1,11,-1,3,-1
2016621601584,2,9,0,16,0,0,0,0,0,0,1,1,6,2,20,4,1742,1,5,-1,1,-1
2016621601585,1,9,0,9,0,6,0,0,0,0,1,1,6,1,20,4,1149,1,14,-1,1,-1
2016621601585,2,9,0,18,0,8,0,0,0,0,3,1,6,2,56,9,999,1,1,-1,1,-1
2016621601586,1,9,0,9,0,8,0,0,0,0,4,1,6,1,21,5,1198,1,14,-1,1,-1
2016621601586,2,11,0,18,0,8,0,0,0,0,1,1,6,1,30,6,4461,2,3,-1,1,-1
2016621601587,1,9,0,1,0,0,0,0,0,0,3,1,6,2,31,6,1560,2,3,-1,1,-1
2016621601587,2,8,0,16,0,0,0,0,0,0,3,1,1,1,49,8,1997,2,11,-1,1,-1
2016621601588,1,9,0,18,0,0,0,0,0,0,1,1,6,3,-1,-1,-1,-1,-1,-1,-1,-1
2016621601589,1,9,0,18,0,0,0,0,0,0,1,1,6,1,40,7,1086,1,10,-1,1,-1
2016621601590,1,9,0,18,0,0,5,0,1,7,1,1,6,2,30,6,1995,2,12,-1,1,-1
2016621601591,1,9,0,18,0,0,0,0,1,1,4,1,6,1,33,6,1896,2,15,-1,1,-1
2016621601592,1,9,0,9,0,4,0,0,0,0,3,1,6,1,28,6,1796,1,4,-1,1,-1
2016621601592,2,3,0,9,0,1,0,0,0,0,4,1,2,2,42,7,125,1,-1,-1,1,-1
2016621601593,1,9,0,2,0,0,0,0,0,0,3,1,6,1,20,4,1199,2,5,-1,1,-1
2016621601593,2,1,0,18,0,0,0,8,0,0,4,1,6,1,20,4,-1,-1,-1,-1,1,-1
2016621601594,1,9,0,18,0,1,0,0,0,0,4,1,6,2,37,7,1240,1,11,-1,1,-1
2016621601595,1,9,0,6,0,1,0,0,0,0,3,1,6,2,60,9,1560,2,1,-1,1,-1
2016621601595,2,3,0,13,0,1,1,0,0,0,1,1,6,1,17,4,125,1,11,-1,1,-1
2016621601596,1,2,0,14,0,1,0,0,0,0,1,1,6,1,17,4,125,1,5,-1,1,-1
2016621601596,2,9,0,9,0,2,0,0,0,0,3,1,6,2,35,6,1248,2,8,-1,1,-1
2016621601597,1,19,0,9,0,8,0,0,0,0,4,1,6,3,-1,-1,1686,2,13,-1,-1,-1
2016621601597,2,1,0,18,0,8,0,0,0,0,1,1,2,1,41,7,-1,-1,-1,-1,1,-1
2016621601598,1,9,0,9,0,2,0,0,0,0,1,1,1,1,32,6,1390,1,7,-1,1,-1
2016621601598,2,11,0,2,0,2,0,0,0,0,2,1,1,1,67,10,4250,2,10,-1,1,-1
2016621601599,1,11,0,5,0,0,0,0,0,0,4,1,1,1,55,8,6700,2,1,-1,1,-1
2016621601600,1,9,0,4,0,0,0,0,0,0,1,1,6,2,45,7,1995,2,4,-1,1,-1
2016621601600,2,9,0,4,0,0,0,0,0,0,2,1,6,1,44,7,1598,2,5,10,1,10
2016621601600,3,9,0,4,0,0,0,0,0,0,2,1,6,1,37,7,1360,1,12,-1,1,-1
2016621601601,1,9,0,18,0,0,0,0,0,0,1,1,6,1,31,6,1686,2,8,-1,1,-1
2016621601601,2,9,0,18,0,0,0,0,0,0,2,1,6,2,46,8,1596,1,13,-1,2,-1
2016621601601,3,9,0,18,0,0,0,0,0,0,2,1,6,2,34,6,1900,2,11,-1,3,-1
2016621601602,1,9,0,9,0,1,0,0,0,0,3,1,6,2,53,8,1598,2,5,-1,1,-1
2016621601602,2,9,0,18,0,1,0,0,0,0,1,1,6,1,55,8,1997,2,-1,-1,1,-1
2016621601603,1,5,0,18,0,1,0,0,0,7,1,1,6,1,21,5,600,1,17,-1,1,-1
2016621601604,1,9,0,18,0,0,0,0,0,0,1,1,2,1,21,5,1753,2,10,-1,1,-1
2016621601604,2,9,0,4,0,0,0,0,0,0,2,1,2,2,23,5,1364,1,7,-1,1,-1
2016621601605,1,9,0,9,0,2,0,0,0,0,1,1,6,2,75,10,1595,1,7,-1,1,-1
2016621601605,2,9,0,18,0,1,0,0,1,11,4,1,6,2,49,8,2231,2,5,-1,1,-1
2016621601606,1,9,0,9,0,8,0,0,0,0,4,1,6,1,23,5,1499,1,-1,-1,2,-1
2016621601606,2,3,0,18,0,8,0,0,0,0,1,1,1,1,26,6,124,1,7,-1,2,-1
2016621601608,1,9,0,17,0,1,1,10,1,11,1,1,6,3,-1,-1,1389,1,15,-1,-1,-1