Accident_Index,Vehicle_Reference,Vehicle_Type,Towing_and_Articulation,Vehicle_Manoeuvre,Vehicle_Location-Restricted_Lane,Junction_Location,Skidding_and_Overturning,Hit_Object_in_Carriageway,Vehicle_Leaving_Carriageway,Hit_Object_off_Carriageway,1st_Point_of_Impact,Was_Vehicle_Left_Hand_Drive?,Journey_Purpose_of_Driver,Sex_of_Driver,Age_of_Driver,Age_Band_of_Driver,Engine_Capacity_(CC),Propulsion_Code,Age_of_Vehicle,Driver_IMD_Decile,Driver_Home_Area_Type,Vehicle_IMD_Decile
2016621601609,1,9,0,18,0,0,1,0,0,0,1,1,6,1,47,8,1995,1,16,-1,1,-1
2016621601609,2,9,0,18,0,0,0,0,0,0,1,1,6,1,28,6,1596,1,8,-1,1,-1
2016621601611,1,9,0,14,0,1,0,0,0,0,1,1,6,1,51,8,2230,1,11,-1,1,-1
2016621601611,2,1,0,18,0,1,0,0,0,0,2,1,6,1,52,8,-1,-1,-1,-1,3,-1
2016621601612,1,9,0,18,0,0,0,0,0,0,1,1,6,1,19,4,1390,1,10,-1,1,-1
2016621601612,2,9,0,3,0,0,0,0,0,0,2,1,6,2,25,5,2000,2,6,-1,1,-1
2016621601613,1,19,0,16,0,0,0,0,0,0,3,1,6,1,37,7,2999,2,11,-1,1,-1
2016621601613,2,9,0,17,0,0,0,0,0,0,3,1,6,1,21,5,1596,1,7,-1,2,-1
2016621601614,1,9,0,7,0,6,0,0,0,0,4,1,2,3,-1,-1,1596,1,10,-1,-1,-1
2016621601614,2,1,0,18,0,6,0,0,0,0,1,1,6,2,47,8,-1,-1,-1,-1,1,-1
2016621601615,1,9,0,9,0,1,0,0,0,0,3,1,6,2,37,7,1970,1,18,-1,1,-1
2016621601615,2,1,0,13,0,1,0,0,0,0,1,1,6,1,47,8,-1,-1,-1,-1,1,-1
2016621601616,1,9,0,18,0,0,0,0,0,0,4,1,6,1,76,11,1498,1,11,-1,1,-1
2016621601616,2,1,0,18,0,0,0,0,0,0,3,1,6,1,18,4,-1,-1,-1,-1,1,-1
2016621601617,1,9,0,18,0,0,0,0,7,0,1,1,1,1,44,7,1242,1,13,-1,2,-1
2016621601617,2,20,0,18,0,0,0,0,0,0,1,1,1,1,53,8,2402,2,11,-1,1,-1
2016621601618,1,9,0,9,0,2,0,0,0,0,4,1,1,2,41,7,999,1,1,-1,1,-1
2016621601619,1,9,0,18,0,0,0,0,0,0,1,1,6,2,26,6,796,1,13,-1,1,-1
2016621601620,1,9,0,18,0,4,0,0,0,0,1,1,6,1,24,5,1796,1,16,-1,2,-1
2016621601620,2,9,0,4,0,4,0,0,0,0,2,1,6,1,37,7,1596,1,15,-1,1,-1
2016621601620,3,9,0,3,0,4,0,0,0,0,2,1,6,1,56,9,1368,1,6,-1,1,-1
2016621601621,1,9,0,18,0,1,0,0,0,0,1,1,6,1,70,10,2401,2,9,-1,1,-1
2016621601622,1,9,0,18,0,0,0,0,0,0,1,1,6,1,56,9,1968,2,8,-1,1,-1
2016621601622,2,9,0,2,0,0,0,0,1,4,2,1,6,2,28,6,1598,1,9,-1,1,-1
2016621601623,1,9,0,4,0,0,0,0,0,0,2,1,1,1,33,6,1968,2,1,7,1,7
2016621601623,2,9,0,4,0,0,0,0,0,0,1,1,1,2,47,8,1461,2,2,-1,1,-1
2016621601623,3,19,0,4,0,0,0,0,0,0,1,1,1,1,30,6,1968,2,-1,-1,1,-1
2016621601624,1,9,0,14,0,0,0,4,0,0,1,1,6,1,81,11,1399,2,13,-1,1,-1
2016621601624,2,9,0,2,0,0,0,4,0,0,2,1,3,3,-1,-1,1596,1,3,-1,-1,-1
2016621601624,3,9,0,2,0,0,0,0,0,0,2,1,3,3,-1,-1,1229,1,8,-1,-1,-1
2016621601625,1,9,0,5,0,4,0,0,0,0,1,1,6,2,29,6,1997,2,7,-1,1,-1
2016621601625,2,9,0,3,0,4,0,0,0,0,2,1,6,2,63,9,1598,2,2,-1,1,-1
2016621601626,1,19,0,18,0,0,0,0,0,0,1,1,1,1,28,6,2143,2,2,-1,1,-1
2016621601626,2,9,0,4,0,0,0,0,0,0,2,1,6,2,19,4,1242,1,-1,-1,3,-1
2016621601626,3,9,0,4,0,0,0,0,0,0,2,1,6,1,54,8,1598,1,2,8,1,8
2016621601627,1,9,0,17,0,0,5,0,1,0,1,1,6,1,19,4,1242,1,1,-1,2,-1
2016621601628,1,9,0,1,0,1,0,0,0,0,4,1,6,1,23,5,1896,2,14,-1,1,-1
2016621601628,2,9,0,3,0,1,0,0,0,0,3,1,6,2,43,7,1197,1,-1,-1,1,-1
2016621601629,1,8,0,18,0,1,0,0,0,0,4,1,1,1,74,10,1956,2,5,-1,1,-1
2016621601630,1,9,0,4,0,0,0,0,0,0,1,1,6,1,20,4,1956,2,5,-1,1,-1
2016621601630,2,9,0,4,0,0,0,0,0,0,1,1,6,1,74,10,1461,2,3,-1,1,-1
2016621601631,1,9,0,5,0,2,0,0,0,0,4,1,6,1,18,4,1229,1,1,-1,1,-1
2016621601632,1,1,0,18,0,0,0,0,0,0,1,1,6,1,10,2,-1,-1,-1,-1,1,-1
2016621601632,2,9,0,18,0,0,1,0,0,0,3,1,6,1,65,9,1587,1,10,-1,1,-1
2016621601633,1,9,0,18,0,0,0,0,0,0,1,1,6,2,58,9,1248,1,3,-1,2,-1
2016621601634,1,9,0,4,0,1,0,0,0,0,4,1,3,2,25,5,1388,1,9,-1,1,-1
2016621601635,1,9,0,4,0,0,0,0,0,0,1,1,6,2,54,8,1242,1,-1,-1,3,-1
2016621601635,2,8,0,4,0,0,0,0,0,0,2,1,1,1,42,7,1896,2,11,-1,1,-1
2016621601635,3,9,0,4,0,0,0,0,0,0,1,1,6,1,41,7,1600,2,6,-1,1,-1
2016621601635,4,9,0,4,0,0,0,0,0,0,1,1,6,2,25,5,1461,2,7,-1,-1,-1
2016621601636,1,9,0,15,0,1,0,4,1,0,4,1,6,1,45,7,2980,2,20,-1,1,-1
2016621601636,2,9,0,9,0,1,0,0,0,0,3,1,6,2,45,7,1461,2,10,-1,1,-1
2016621601636,3,9,0,2,0,1,0,0,0,0,4,1,6,3,-1,-1,1997,2,7,-1,-1,-1
2016621601636,4,9,0,2,0,1,0,0,0,0,3,1,6,2,25,5,2143,2,1,-1,1,-1
2016621601637,1,1,0,18,0,0,0,4,0,0,1,1,6,2,55,8,-1,-1,-1,-1,1,-1
2016621601637,2,9,0,2,0,0,0,0,0,0,2,1,6,3,-1,-1,1910,2,12,-1,-1,-1
2016621601638,1,9,0,16,0,0,0,0,0,0,1,1,6,2,28,6,1799,1,10,-1,1,-1
2016621601638,2,9,0,17,0,0,0,0,1,0,1,1,6,1,17,4,1242,1,10,-1,2,-1
2016621601639,1,9,0,4,0,0,0,0,0,0,1,1,1,2,26,6,1461,2,1,-1,1,-1
2016621601640,1,5,0,17,0,0,0,0,0,0,1,1,6,1,25,5,599,1,19,-1,1,-1
2016621601640,2,5,0,17,0,0,0,0,0,0,0,1,6,1,26,6,918,1,18,-1,1,-1
2016621601641,1,9,0,18,0,0,0,0,0,0,1,1,6,1,36,7,1587,1,10,-1,1,-1
2016621601641,2,9,0,18,0,0,0,0,0,0,1,1,6,2,26,6,998,1,12,-1,2,-1
2016621601642,1,9,0,11,0,1,5,7,1,1,1,1,6,2,57,9,1198,1,6,-1,1,-1
2016621601643,1,9,0,18,0,0,0,0,0,0,1,1,6,1,52,8,1998,1,15,-1,1,-1
2016621601643,2,9,0,18,0,0,0,0,0,0,2,1,2,2,24,5,1396,1,6,-1,1,-1
2016621601644,1,9,0,18,0,8,0,0,0,0,4,1,6,2,29,6,1896,2,14,-1,1,-1
2016621601645,1,9,0,13,0,0,5,0,2,7,1,1,6,1,18,4,1598,1,11,-1,1,-1
2016621601645,2,9,0,18,0,0,0,0,0,0,2,1,6,1,37,7,1149,1,6,-1,1,-1
2016621601646,1,9,0,7,0,8,0,0,0,0,4,1,6,2,50,8,2497,2,17,-1,1,-1
2016621601646,2,1,0,18,9,1,0,0,0,0,1,1,6,1,14,3,-1,-1,-1,-1,1,-1
2016621601647,1,9,0,3,0,4,0,0,0,0,1,1,6,2,22,5,1242,1,2,-1,1,-1
2016621601647,2,9,0,3,0,4,0,0,0,0,1,1,6,2,25,5,1499,2,-1,-1,1,-1
2016621601648,1,9,0,9,0,6,0,0,0,0,3,1,6,2,23,5,1149,1,11,-1,1,-1
2016621601648,2,9,0,18,0,1,0,0,0,0,1,1,6,2,20,4,1349,1,8,-1,1,-1
2016621601649,1,9,0,7,0,6,0,0,0,0,1,1,2,2,66,10,1248,1,2,-1,1,-1
2016621601649,2,9,0,18,0,1,0,0,0,0,4,1,2,2,30,6,1364,1,9,-1,1,-1
2016621601650,1,9,0,18,9,0,0,0,7,0,3,1,6,1,49,8,898,1,-1,-1,1,-1
2016621601651,1,9,0,18,0,1,0,0,0,0,4,1,6,1,40,7,1120,2,3,-1,1,-1
2016621601652,1,9,0,18,0,0,2,0,2,10,1,1,2,1,48,8,1781,1,13,-1,1,-1
2016621601653,1,9,0,9,0,0,0,0,0,0,1,1,6,2,28,6,1390,1,13,-1,1,-1
2016621601653,2,5,0,18,0,0,0,4,0,0,4,1,6,1,56,9,600,1,17,-1,1,-1
2016621601653,3,9,0,2,0,0,0,0,0,0,3,1,6,3,-1,-1,-1,-1,-1,-1,-1,-1
2016621601654,1,9,0,18,0,8,0,0,0,0,1,1,6,1,21,5,1598,2,6,-1,1,-1
2016621601654,2,9,0,18,0,8,0,0,2,7,3,1,6,2,66,10,1598,1,8,-1,1,-1
2016621601655,1,9,0,11,0,0,2,0,1,0,1,1,2,1,32,6,1596,1,15,-1,1,-1
2016621601656,1,9,0,18,0,0,0,0,0,0,3,1,6,1,41,7,1896,2,15,-1,1,-1
2016621601656,2,11,0,18,0,0,0,0,0,0,3,1,1,1,29,6,4461,2,2,-1,1,-1
2016621601657,1,9,0,18,0,0,0,0,0,0,1,1,6,1,73,10,2967,2,6,-1,1,-1
2016621601657,2,9,0,18,0,0,0,0,0,0,2,1,6,1,85,11,1596,1,13,-1,1,-1
2016621601657,3,9,0,18,0,0,0,0,0,0,2,1,6,2,59,9,1598,1,12,-1,1,-1
2016621601657,4,9,0,18,0,0,0,0,0,0,2,1,6,1,72,10,1997,2,-1,-1,1,-1
2016621601658,1,9,0,18,0,0,0,0,1,2,1,1,6,2,38,7,1299,1,14,-1,2,-1
2016621601659,1,9,0,18,0,0,0,0,0,0,1,1,6,1,21,5,1248,2,5,-1,1,-1
2016621601659,2,9,0,4,0,0,0,0,0,0,2,1,1,1,30,6,1396,2,5,-1,1,-1
2016621601659,3,9,0,3,0,0,0,0,0,0,2,1,2,1,58,9,1997,2,2,-1,1,-1
2016621601659,4,9,0,3,0,0,0,0,0,0,2,1,2,1,41,7,1984,1,14,-1,1,-1
2016621601660,1,1,0,18,0,0,0,4,1,0,1,1,6,1,27,6,-1,-1,-1,-1,1,-1
2016621601660,2,9,0,2,0,0,0,0,0,0,2,1,6,3,-1,-1,1198,1,1,-1,-1,-1
2016621601661,1,19,0,18,0,0,0,0,0,0,1,1,1,1,34,6,2299,2,2,-1,1,-1
2016621601661,2,9,0,4,0,0,0,0,0,0,2,1,6,2,51,8,1798,1,1,-1,1,-1
2016621601661,3,9,0,4,0,0,0,0,0,0,2,1,6,1,77,11,1197,1,2,-1,1,-1
2016621601662,1,9,0,17,0,0,0,0,1,11,1,1,1,1,48,8,1598,2,5,-1,1,-1
2016621601663,1,9,0,18,0,3,0,0,0,0,1,1,6,1,48,8,2231,2,10,-1,1,-1
2016621601663,2,9,0,18,0,1,0,0,0,0,1,1,6,1,86,11,1968,2,2,-1,1,-1
2016621601664,1,9,0,18,0,2,0,0,0,0,1,1,2,2,25,5,1242,1,11,9,1,9
2016621601665,1,3,0,18,0,0,1,0,0,0,1,1,6,1,20,4,125,1,9,-1,1,-1
2016621601665,2,9,0,4,0,0,0,0,0,0,2,1,6,1,24,5,1598,1,12,-1,1,-1
2016621601666,1,9,0,13,0,3,0,0,1,0,4,1,6,1,19,4,1896,2,9,5,1,5
2016621601666,2,9,0,12,0,8,0,0,1,7,3,1,6,1,19,4,1198,1,10,-1,1,-1
2016621601667,1,1,0,18,0,1,0,0,0,0,1,1,6,1,43,7,-1,-1,-1,-1,1,-1
2016621601668,1,5,0,4,0,1,1,0,0,0,0,1,6,1,62,9,1552,1,8,-1,1,-1
2016621601669,1,9,0,9,0,8,0,0,0,0,4,1,6,2,30,6,1968,2,3,-1,1,-1
2016621601669,2,8,0,7,0,8,0,0,0,0,3,1,1,1,46,8,1997,2,2,-1,1,-1
2016621601670,1,19,0,18,0,0,0,0,0,0,1,1,6,1,37,7,1753,2,10,-1,2,-1
2016621601671,1,9,0,9,0,1,0,0,0,0,4,1,6,1,56,9,1388,1,11,-1,1,-1
2016621601671,2,9,0,18,0,1,0,0,0,0,1,1,6,1,51,8,1392,1,19,-1,1,-1
2016621601672,1,9,0,7,0,6,0,0,0,0,1,1,6,1,73,10,1198,1,1,-1,1,-1
2016621601673,1,9,0,18,0,1,5,4,0,0,1,1,2,1,37,7,1896,2,11,-1,1,-1
2016621601673,2,9,0,2,0,1,0,0,0,0,2,1,6,3,-1,-1,998,1,4,-1,-1,-1
2016621601673,3,9,0,2,0,1,0,0,0,0,2,1,6,3,-1,-1,2987,2,9,-1,-1,-1
2016621601674,1,97,0,18,0,1,0,0,0,0,1,1,6,1,18,4,-1,-1,-1,-1,1,-1
2016621601675,1,3,0,16,0,0,0,0,0,0,1,1,6,1,41,7,125,1,2,-1,1,-1
2016621601676,1,9,0,18,8,1,0,0,0,0,1,1,1,1,34,6,1461,2,-1,-1,1,-1
2016621601677,1,20,0,5,0,4,0,0,0,0,1,1,1,1,28,6,-1,-1,-1,-1,1,-1
2016621601677,2,9,0,11,0,3,0,0,0,0,4,1,2,2,44,7,973,1,15,-1,1,-1
2016621601678,1,9,0,18,0,0,0,4,0,0,1,1,6,2,56,9,2035,1,8,-1,1,-1
2016621601678,2,10,0,2,0,0,0,0,0,0,1,1,6,3,-1,-1,2461,2,5,-1,-1,-1
2016621601678,3,9,0,2,0,0,0,4,0,0,3,1,6,3,-1,-1,1598,2,-1,-1,-1,-1
2016621601678,4,9,0,2,0,0,0,4,0,0,1,1,6,3,-1,-1,1998,2,11,-1,-1,-1
2016621601679,1,9,0,9,0,5,0,0,0,0,0,1,3,2,67,10,998,1,2,-1,1,-1
2016621601679,2,1,0,18,0,1,0,0,1,11,1,1,6,1,49,8,-1,-1,-1,-1,1,-1
2016621601680,1,9,0,5,0,2,0,0,0,0,1,1,2,1,20,4,1968,2,12,-1,1,-1
2016621601680,2,9,0,17,0,8,0,0,0,0,1,1,2,2,32,6,1798,1,9,-1,1,-1
2016621601681,1,9,0,9,0,6,0,0,0,0,1,1,6,1,58,9,1396,1,12,5,3,5
2016621601681,2,9,0,18,0,1,0,0,0,0,4,1,6,1,55,8,1598,2,3,-1,1,-1
2016621601682,1,9,0,18,0,0,0,0,0,0,3,1,6,2,31,6,998,1,11,-1,1,-1
2016621601683,1,9,0,18,0,6,0,0,0,0,4,1,6,2,24,5,1149,1,6,-1,1,-1
2016621601683,2,9,0,18,0,8,0,0,0,0,1,1,6,2,51,8,2958,2,13,-1,1,-1
2016621601684,1,8,0,9,0,6,0,0,0,0,4,1,1,1,59,9,1686,2,4,-1,1,-1
2016621601684,2,5,0,18,0,8,0,10,1,0,1,1,6,1,26,6,599,1,8,-1,1,-1
2016621601685,1,5,0,13,0,0,0,0,0,0,0,1,6,1,26,6,649,1,9,-1,1,-1
2016621601686,1,9,0,1,0,0,0,0,0,0,3,1,6,2,77,11,999,1,7,-1,1,-1
2016621601687,1,9,0,18,0,0,5,11,1,0,1,1,6,1,18,4,1242,1,8,-1,1,-1
2016621601688,1,9,0,18,0,0,2,0,1,3,4,1,2,1,26,6,998,1,12,-1,2,-1
2016621601689,1,19,0,1,0,0,0,0,0,0,2,1,1,1,33,6,2198,2,1,-1,2,-1
2016621601689,2,9,0,3,0,0,0,0,0,0,1,1,6,1,52,8,1299,1,15,-1,1,-1
2016621601691,1,9,0,18,0,2,0,0,0,0,4,1,6,1,66,10,1997,2,13,-1,2,-1
2016621601692,1,9,0,18,0,0,0,0,0,0,1,1,6,1,69,10,1399,1,8,-1,2,-1
2016621601692,2,19,0,3,0,0,0,0,0,0,2,1,1,1,37,7,1560,2,3,-1,1,-1
2016621601692,3,19,0,3,0,0,0,0,0,0,2,1,1,1,44,7,2499,2,5,4,2,4
2016621601693,1,2,0,18,0,0,0,0,0,0,1,1,6,1,17,4,113,1,-1,-1,1,-1
2016621601693,2,9,0,18,0,0,0,0,0,0,2,1,6,1,36,7,1995,2,2,-1,2,-1
2016621601694,1,9,0,3,0,1,0,0,0,0,1,1,1,1,26,6,-1,-1,-1,-1,1,-1
2016621601694,2,9,0,3,0,1,0,0,0,0,2,1,6,2,86,11,1242,1,5,-1,1,-1
2016621601694,3,9,0,3,0,1,0,0,0,0,2,1,6,1,42,7,1560,2,7,-1,1,-1
2016621601695,1,9,0,13,0,0,5,0,1,0,4,1,6,1,18,4,998,1,7,-1,1,-1
2016621601696,1,9,0,5,0,6,0,0,0,0,3,1,6,1,35,6,1596,1,9,-1,1,-1
2016621601696,2,9,0,18,0,8,0,0,0,0,1,1,6,1,77,11,1896,2,15,-1,1,-1
2016621601697,1,9,0,18,0,0,5,4,0,0,4,1,6,1,73,10,898,1,-1,-1,1,-1
2016621601697,2,9,0,2,0,0,0,0,0,0,3,1,6,3,-1,-1,1499,1,1,-1,-1,-1
2016621601698,1,9,0,5,0,4,0,0,0,0,1,1,6,1,48,8,1388,1,13,-1,2,-1
2016621601698,2,9,0,3,0,4,0,0,0,0,2,1,6,2,37,7,1242,1,12,-1,2,-1
2016621601699,1,9,0,5,0,8,0,0,0,0,1,1,6,1,21,5,999,1,2,-1,1,-1
2016621601699,2,9,0,18,0,8,0,0,0,0,3,1,6,2,25,5,1910,2,11,-1,1,-1
2016621601700,1,9,0,5,0,8,0,0,0,0,3,1,6,3,-1,-1,1242,1,3,-1,-1,-1
2016621601701,1,9,0,18,0,0,0,0,0,0,1,1,1,1,19,4,1229,1,2,-1,1,-1
2016621601702,1,9,0,18,0,8,0,10,1,2,1,1,6,1,23,5,1896,1,18,-1,1,-1
2016621601702,2,9,0,9,0,8,0,0,0,0,4,1,6,1,20,4,-1,-1,-1,-1,2,-1
2016621601703,1,9,0,1,0,8,0,0,0,0,2,1,6,2,43,7,1598,1,3,-1,1,-1
2016621601704,1,9,0,4,0,0,0,0,0,0,1,1,6,2,26,6,1560,2,4,-1,1,-1
2016621601704,2,9,0,3,0,0,0,0,0,0,2,1,6,2,27,6,1242,1,4,-1,1,-1
2016621601704,3,9,0,3,0,0,0,0,0,0,2,1,6,1,24,5,1596,1,21,-1,1,-1
2016621601705,1,9,0,11,0,0,0,0,0,0,0,1,6,3,-1,-1,-1,-1,-1,-1,-1,-1
2016621601705,2,5,0,18,0,0,1,0,0,0,0,1,6,1,52,8,1783,1,9,-1,1,-1
2016621601706,1,9,0,1,0,0,0,0,0,0,2,1,6,1,27,6,1956,2,5,-1,2,-1
2016621601706,2,9,0,18,0,0,0,0,0,0,1,1,6,1,66,10,999,1,3,-1,1,-1
2016621601707,1,9,0,18,0,0,0,0,1,11,4,1,6,1,90,11,1390,1,17,-1,3,-1
2016621601708,1,9,0,18,0,0,0,0,0,0,4,1,3,2,40,7,1995,2,8,-1,1,-1
2016621601709,1,9,0,9,0,4,0,0,0,0,1,1,6,2,51,8,1598,1,10,-1,1,-1
2016621601709,2,1,0,18,0,8,0,0,0,0,4,1,6,1,42,7,-1,-1,-1,-1,1,-1
2016621601710,1,8,0,5,0,0,0,0,0,0,0,1,1,1,50,8,1560,2,4,-1,1,-1
2016621601711,1,9,0,18,0,0,0,0,0,0,1,1,6,2,19,4,1086,1,11,4,1,4
2016621601711,2,9,0,4,0,0,0,0,0,0,2,1,6,1,20,4,998,1,1,-1,1,-1
2016621601712,1,1,0,18,4,0,0,11,0,0,1,1,6,1,32,6,-1,-1,-1,-1,1,-1
2016621601712,2,8,0,18,0,0,0,0,0,0,0,1,6,3,-1,-1,-1,-1,-1,-1,-1,-1
2016621601713,1,9,0,16,0,0,1,0,2,4,1,1,6,1,19,4,1388,1,11,-1,1,-1
2016621601714,1,9,0,17,0,0,2,0,7,0,3,1,6,1,20,4,1398,1,-1,-1,1,-1
2016621601715,1,1,0,18,0,2,0,0,0,0,1,1,6,1,54,8,-1,-1,-1,-1,1,-1
2016621601716,1,9,0,16,0,8,0,0,0,0,1,1,6,1,27,6,1388,1,11,-1,2,-1
2016621601716,2,9,0,10,0,8,0,0,0,0,1,1,6,2,38,7,1248,1,-1,-1,1,-1
2016621601717,1,3,0,16,0,0,0,11,0,0,1,1,6,1,22,5,125,1,-1,-1,1,-1
2016621601718,1,9,0,18,0,4,0,0,0,0,1,1,6,2,28,6,1598,1,8,-1,2,-1
2016621601718,2,9,0,9,0,8,0,0,0,0,4,1,1,2,50,8,1796,1,11,-1,3,-1
2016621601719,1,9,0,18,0,1,0,0,0,0,1,1,6,1,33,6,1248,2,-1,-1,2,-1
2016621601719,2,4,0,3,0,1,0,0,0,0,2,1,1,1,46,8,125,1,-1,-1,1,-1
2016621601720,1,4,0,4,0,0,1,0,0,0,0,1,6,1,45,7,-1,-1,-1,-1,1,-1
2016621601721,1,9,0,16,0,0,1,0,7,2,1,1,6,2,33,6,1997,2,6,-1,1,-1
2016621601722,1,9,0,16,0,0,0,0,0,0,1,1,6,1,79,11,1388,1,8,-1,3,-1
2016621601722,2,9,0,4,0,0,0,0,0,0,2,1,6,2,49,8,1560,2,11,-1,1,-1
2016621601723,1,9,0,18,0,4,0,0,0,0,3,1,1,2,47,8,1598,2,-1,-1,1,-1
2016621601723,2,1,0,18,0,1,0,0,0,0,4,1,6,1,33,6,-1,-1,-1,-1,1,-1
2016621601724,1,9,0,18,0,0,0,0,0,0,1,1,6,1,63,9,1999,2,-1,-1,1,-1
2016621601724,2,9,0,18,0,0,0,0,0,0,1,1,6,1,25,5,1368,1,6,6,1,6
2016621601725,1,9,0,18,0,6,0,0,0,0,3,1,6,1,80,11,1998,1,18,-1,2,-1
2016621601725,2,9,0,4,0,1,0,0,0,0,3,1,1,2,24,5,1229,1,8,-1,2,-1
2016621601725,3,9,0,4,0,1,0,0,0,0,3,1,1,2,49,8,1598,2,3,-1,1,-1
2016621601726,1,2,0,14,0,8,0,0,0,0,1,1,6,1,16,4,49,1,10,-1,1,-1
2016621601726,2,9,0,9,0,8,0,0,0,0,3,1,6,2,62,9,1248,1,4,-1,1,-1
2016621601727,1,9,0,18,0,0,0,0,0,0,1,1,2,1,47,8,2184,2,10,-1,3,-1
2016621601727,2,9,0,4,0,0,0,0,0,0,2,1,6,1,23,5,1590,1,25,-1,1,-1
2016621601727,3,9,0,18,0,0,0,0,0,0,2,1,6,2,21,5,999,1,-1,-1,1,-1
2016621601727,4,10,0,18,0,0,0,0,0,0,3,1,1,1,50,8,2998,2,5,5,1,5
2016621601728,1,20,0,18,0,0,0,0,0,0,1,1,2,1,27,6,5861,2,17,-1,1,-1
2016621601728,2,19,0,18,0,0,0,0,4,6,3,1,2,1,43,7,2198,2,5,-1,1,-1
2016621601729,1,9,0,18,0,4,0,0,0,0,3,1,3,2,69,10,1360,1,8,-1,1,-1
2016621601729,2,9,0,9,0,8,0,0,0,0,4,1,3,2,34,6,2993,2,7,-1,1,-1
2016621601730,1,9,0,9,0,1,0,0,0,0,1,1,6,1,41,7,1398,1,11,-1,1,-1
2016621601730,2,9,0,18,0,1,0,0,0,0,3,1,6,2,75,10,1149,1,11,-1,1,-1
2016621601731,1,1,0,18,0,0,0,0,0,0,1,1,6,3,-1,-1,-1,-1,-1,-1,-1,-1
2016621601732,1,19,0,7,0,8,0,0,0,0,1,1,6,3,-1,-1,-1,-1,-1,-1,-1,-1
2016621601732,2,3,0,18,0,8,0,0,0,0,1,1,6,1,23,5,125,1,1,-1,1,-1
2016621601733,1,9,0,9,0,6,0,0,0,0,3,1,6,2,53,8,1360,1,13,-1,1,-1
2016621601733,2,11,0,18,0,1,0,0,0,0,1,1,6,1,65,9,3900,2,12,-1,1,-1
2016621601734,1,9,0,18,0,6,0,0,0,0,1,1,1,1,46,8,999,1,-1,-1,1,-1
2016621601734,2,9,0,18,0,8,0,0,0,0,4,1,6,1,69,10,1560,2,1,-1,1,-1
2016621601735,1,9,0,4,0,8,0,0,0,0,1,1,6,1,51,8,1499,2,-1,-1,1,-1
2016621601735,2,9,0,3,0,8,0,0,0,0,2,1,6,2,54,8,1968,2,1,-1,1,-1
2016621601736,1,9,0,9,0,1,0,0,0,0,1,1,2,1,19,4,1149,1,8,-1,2,-1
2016621601736,2,9,0,18,0,1,0,0,0,0,4,1,3,2,33,6,1149,1,12,-1,2,-1
2016621601737,1,9,0,18,0,0,0,0,0,0,1,1,6,2,80,11,1242,1,2,-1,1,-1
2016621601737,2,9,0,4,0,0,0,0,0,0,2,1,6,1,80,11,2231,2,10,10,1,10
2016621601738,1,9,0,18,0,0,0,0,0,0,4,1,6,1,27,6,998,1,-1,-1,1,-1
2016621601739,1,9,0,18,0,1,5,4,0,0,4,1,6,2,26,6,1598,1,9,-1,2,-1
2016621601739,2,9,0,2,6,1,0,0,1,0,3,1,6,1,43,7,1360,1,7,-1,1,-1
2016621601740,1,9,0,18,0,2,0,0,0,0,1,1,1,2,40,7,1388,1,7,-1,1,-1
2016621601741,1,8,0,18,0,1,0,0,0,0,3,1,1,3,-1,-1,-1,-1,-1,-1,-1,-1
2016621601742,1,1,0,18,0,1,0,0,0,0,1,1,6,1,13,3,-1,-1,-1,-1,1,-1
2016621601742,2,9,0,18,0,3,0,0,1,11,1,1,2,1,32,6,-1,3,1,-1,1,-1
2016621601743,1,9,0,5,0,4,0,0,0,0,1,1,6,1,48,8,996,1,1,-1,1,-1
2016621601743,2,9,0,18,0,8,0,0,0,0,3,1,6,2,32,6,1242,1,-1,-1,3,-1
2016621601744,1,9,0,18,0,0,0,4,0,0,1,2,6,1,33,6,-1,-1,-1,-1,1,-1
2016621601744,2,9,0,18,0,0,0,0,0,0,1,1,6,1,21,5,1242,1,11,-1,3,-1
2016621601744,3,9,0,2,0,0,0,0,0,0,1,1,6,3,-1,-1,1686,2,13,-1,-1,-1
2016621601745,1,9,0,17,0,1,0,0,0,0,1,1,6,1,66,10,1997,1,12,-1,1,-1
2016621601745,2,9,0,16,0,1,0,0,0,0,1,1,6,2,62,9,998,1,-1,-1,1,-1
2016621601746,1,9,0,4,0,1,5,7,0,0,3,1,6,1,80,11,1986,1,1,-1,1,-1
2016621601746,2,9,0,18,0,8,0,0,0,0,1,1,6,1,50,8,1995,2,2,-1,2,-1
2016621601747,1,9,0,18,0,0,0,0,0,0,1,1,6,1,65,9,1149,1,14,-1,1,-1
2016621601747,2,9,0,2,0,0,0,0,0,0,2,1,6,3,-1,-1,1388,1,10,-1,-1,-1
2016621601750,1,9,0,18,0,1,0,0,0,0,1,1,6,3,-1,-1,-1,-1,-1,-1,-1,-1
2016621601751,1,9,0,14,0,0,0,4,7,0,3,1,6,1,79,11,998,1,4,-1,2,-1
2016621601751,2,9,0,18,0,0,0,0,0,0,3,1,6,1,18,4,1396,2,3,-1,3,-1
2016621601751,3,9,0,2,0,0,0,0,0,0,2,1,6,3,-1,-1,1596,1,13,-1,-1,-1
2016621601751,4,9,0,18,0,0,0,0,0,0,1,1,6,2,40,7,1248,2,9,-1,2,-1
2016621601752,1,9,0,5,0,4,0,0,0,0,1,1,6,1,50,8,1995,1,14,-1,1,-1