Accident_Index,Vehicle_Reference,Vehicle_Type,Towing_and_Articulation,Vehicle_Manoeuvre,Vehicle_Location-Restricted_Lane,Junction_Location,Skidding_and_Overturning,Hit_Object_in_Carriageway,Vehicle_Leaving_Carriageway,Hit_Object_off_Carriageway,1st_Point_of_Impact,Was_Vehicle_Left_Hand_Drive?,Journey_Purpose_of_Driver,Sex_of_Driver,Age_of_Driver,Age_Band_of_Driver,Engine_Capacity_(CC),Propulsion_Code,Age_of_Vehicle,Driver_IMD_Decile,Driver_Home_Area_Type,Vehicle_IMD_Decile
2016621601752,2,1,0,18,0,8,0,0,0,0,1,1,6,2,19,4,-1,-1,-1,-1,1,-1
2016621601753,1,9,0,9,0,8,0,0,0,0,1,1,6,2,34,6,1587,1,9,-1,1,-1
2016621601753,2,9,0,18,0,8,0,9,0,0,4,1,6,2,21,5,998,1,9,-1,1,-1
2016621601754,1,9,0,9,0,5,0,0,0,0,1,1,6,2,54,8,1595,1,9,-1,1,-1
2016621601754,2,9,0,18,0,2,0,10,1,10,1,1,6,2,53,8,1598,1,17,-1,2,-1
2016621601755,1,9,0,18,0,0,0,0,0,0,4,1,6,2,25,5,1149,1,15,-1,1,-1
2016621601756,1,19,0,18,0,0,2,0,0,0,3,1,1,1,25,5,1995,2,2,-1,1,-1
2016621601756,2,9,0,18,0,0,0,0,0,0,3,1,6,1,54,8,2720,2,8,-1,1,-1
2016621601757,1,9,0,18,0,1,0,4,0,0,1,1,6,1,28,6,1598,1,16,-1,1,-1
2016621601757,2,9,0,2,0,1,0,0,0,0,2,1,6,3,-1,-1,1200,1,-1,-1,-1,-1
2016621601757,3,9,0,2,0,1,0,0,0,0,1,1,6,3,-1,-1,1149,1,5,-1,-1,-1
2016621601757,4,9,0,2,0,1,0,0,0,0,4,1,6,3,-1,-1,1997,2,-1,-1,-1,-1
2016621601757,5,9,0,2,0,1,0,0,0,0,1,1,6,3,-1,-1,1461,2,5,-1,-1,-1
2016621601758,1,9,0,18,0,0,0,0,0,0,3,1,6,2,74,10,998,1,-1,-1,1,-1
2016621601759,1,9,0,5,0,1,0,0,0,0,1,1,6,1,36,7,1197,1,2,-1,3,-1
2016621601759,2,9,0,3,0,1,0,0,0,0,2,1,6,1,64,9,1124,1,12,-1,3,-1
2016621601760,1,3,0,18,0,8,0,0,0,0,1,1,6,3,-1,-1,-1,-1,-1,-1,-1,-1
2016621601760,2,9,0,18,0,8,0,0,0,0,4,1,6,1,34,6,1242,1,5,-1,1,-1
2016621601761,1,9,0,9,0,2,0,0,0,0,1,1,2,2,36,7,1995,2,3,-1,1,-1
2016621601762,1,9,0,18,0,0,0,0,0,0,4,1,6,1,67,10,2982,2,14,-1,3,-1
2016621601763,1,9,0,16,0,0,0,0,0,0,3,1,6,2,57,9,1560,2,7,-1,3,-1
2016621601763,2,19,0,17,0,0,0,0,1,0,3,1,1,1,61,9,2400,2,14,-1,2,-1
2016621601764,1,19,0,18,0,1,0,0,0,0,1,1,1,1,37,7,2299,2,-1,4,1,4
2016621601764,2,9,0,7,0,1,0,0,0,11,2,1,6,2,52,8,1796,1,13,-1,1,-1
2016621601765,1,9,0,18,0,0,0,7,0,0,1,1,6,1,67,10,1242,1,7,-1,3,-1
2016621601766,1,9,0,13,0,1,0,0,0,0,1,1,6,1,40,7,1242,1,16,-1,1,-1
2016621601766,2,9,0,9,0,1,0,0,0,0,3,1,6,2,41,7,1461,2,7,-1,1,-1
2016621601767,1,9,0,9,0,8,0,0,0,0,1,1,6,1,53,8,1910,2,7,-1,1,-1
2016621601767,2,9,0,18,0,8,0,0,0,0,1,1,6,2,51,8,1198,1,5,-1,1,-1
2016621601768,1,9,0,18,0,8,0,0,0,0,1,1,6,2,71,10,1198,1,2,-1,1,-1
2016621601768,2,9,0,3,0,8,0,0,0,0,2,1,6,2,56,9,1997,2,5,-1,3,-1
2016621601769,1,9,0,17,0,0,5,0,0,10,3,1,2,1,21,5,1229,1,4,-1,1,-1
2016621601770,1,9,0,18,0,4,0,0,0,0,1,1,6,1,24,5,1398,2,12,-1,1,-1
2016621601770,2,9,0,3,0,4,0,0,0,0,2,1,2,2,41,7,1599,1,11,-1,1,-1
2016621601771,1,9,0,9,0,4,0,0,0,0,1,1,6,1,54,8,1200,1,-1,-1,1,-1
2016621601771,2,9,0,18,0,8,2,0,0,0,4,1,6,1,25,5,1997,2,18,-1,1,-1
2016621601772,1,9,0,18,0,0,0,0,0,0,1,1,6,1,45,7,1240,1,10,-1,1,-1
2016621601772,2,19,0,3,0,0,0,0,0,0,2,1,1,1,58,9,1560,2,5,-1,1,-1
2016621601772,3,9,0,3,0,0,0,0,0,0,2,1,2,2,45,7,1390,1,3,-1,1,-1
2016621601773,1,9,0,18,0,1,0,0,0,0,1,1,6,3,27,6,1299,1,13,-1,1,-1
2016621601773,2,9,0,4,0,2,0,0,0,0,2,1,6,2,21,5,1598,1,14,-1,1,-1
2016621601775,1,9,0,17,0,0,1,11,2,7,3,1,2,1,25,5,2148,2,13,-1,2,-1
2016621601776,1,9,0,9,0,1,0,0,0,0,3,1,6,1,67,10,1968,2,3,-1,1,-1
2016621601776,2,9,0,18,0,1,0,0,0,0,1,1,6,2,26,6,998,1,1,-1,1,-1
2016621601777,1,19,0,18,0,0,0,0,0,0,1,1,1,1,25,5,1560,2,2,-1,1,-1
2016621601777,2,9,0,4,0,0,0,0,0,0,2,1,6,1,38,7,2231,2,3,10,1,10
2016621601778,1,21,1,11,0,0,0,0,0,0,4,1,1,1,59,9,16123,2,-1,-1,3,-1
2016621601778,2,9,0,16,0,0,1,0,4,6,3,1,6,2,21,5,1388,1,10,-1,1,-1
2016621601779,1,9,0,18,0,0,0,0,0,0,4,1,6,3,-1,-1,-1,-1,-1,-1,-1,-1
2016621601779,2,1,0,18,0,0,0,0,1,0,3,1,6,1,32,6,-1,-1,-1,-1,1,-1
2016621601780,1,9,0,5,0,4,0,0,0,0,1,1,6,1,59,9,1560,2,1,-1,1,-1
2016621601780,2,1,0,18,0,8,0,0,0,0,2,1,6,2,36,7,-1,-1,-1,-1,1,-1
2016621601781,1,9,0,18,0,8,0,0,0,0,1,1,6,2,18,4,1242,1,3,-1,1,-1
2016621601781,2,9,0,18,0,8,0,0,0,0,1,1,6,1,57,9,1586,1,-1,-1,1,-1
2016621601782,1,2,0,7,0,2,1,0,0,0,0,1,2,1,24,5,49,1,2,-1,1,-1
2016621601783,1,9,0,13,0,1,0,0,0,0,4,1,6,1,20,4,1994,1,15,-1,1,-1
2016621601783,2,3,0,18,0,1,0,0,0,0,3,1,6,1,18,4,124,1,9,-1,1,-1
2016621601784,1,9,0,18,0,0,0,0,0,0,4,1,6,1,50,8,2496,1,10,-1,2,-1
2016621601785,1,9,0,18,0,0,0,0,0,0,1,1,6,2,63,9,1598,2,5,-1,2,-1
2016621601785,2,9,0,2,0,0,0,0,0,0,2,1,6,3,-1,-1,1560,2,2,-1,-1,-1
2016621601785,3,9,0,2,0,0,0,0,0,0,2,1,6,3,-1,-1,1984,1,13,-1,-1,-1
2016621601786,1,9,0,16,0,0,1,0,7,4,1,1,6,1,17,4,1197,1,6,-1,1,-1
2016621601787,1,9,0,18,0,0,0,0,7,9,3,1,1,2,45,7,1339,1,2,-1,1,-1
2016621601788,1,1,0,18,0,0,1,0,0,0,0,1,6,1,66,10,-1,-1,-1,-1,1,-1
2016621601788,2,9,0,3,0,0,0,0,0,0,1,1,6,1,49,8,1968,2,1,-1,1,-1
2016621601789,1,1,0,18,0,6,0,0,0,0,1,1,6,1,14,3,-1,-1,-1,-1,1,-1
2016621601789,2,9,0,18,0,8,0,0,0,0,3,1,6,1,35,6,1995,2,-1,-1,1,-1
2016621601790,1,5,0,18,0,0,0,4,0,0,1,1,6,1,50,8,805,1,22,-1,2,-1
2016621601790,2,9,0,2,0,0,0,0,0,0,3,1,6,3,-1,-1,1149,1,5,-1,-1,-1
2016621601791,1,9,0,16,0,0,0,0,7,4,1,1,6,1,50,8,1910,2,9,-1,1,-1
2016621601792,1,9,0,9,0,8,0,0,0,0,2,1,6,1,61,9,1997,2,5,-1,1,-1
2016621601792,2,9,0,18,0,1,1,7,0,0,3,1,1,1,36,7,1461,2,6,-1,1,-1
2016621601793,1,9,0,9,0,8,0,0,0,0,4,1,2,2,25,5,1598,1,12,-1,3,-1
2016621601793,2,5,0,18,2,1,0,0,0,0,1,1,2,1,52,8,999,1,-1,-1,1,-1
2016621601794,1,9,0,18,0,8,2,0,0,0,4,1,6,2,35,6,1242,1,7,-1,1,-1
2016621601794,2,9,0,9,0,8,0,0,0,0,1,1,6,2,30,6,2143,2,-1,-1,3,-1
2016621601796,1,9,0,18,0,8,0,0,0,0,1,1,6,1,55,8,2362,1,13,-1,1,-1
2016621601796,2,19,0,18,0,8,0,0,7,1,2,1,2,1,48,8,2402,2,15,-1,1,-1
2016621601797,1,21,0,18,9,1,0,0,0,0,1,1,1,1,60,9,11967,2,6,-1,1,-1
2016621601797,2,9,0,3,0,1,0,0,0,0,4,1,6,2,29,6,998,1,3,-1,1,-1
2016621601798,1,9,0,9,0,6,0,0,0,0,1,1,6,2,47,8,1968,2,1,-1,1,-1
2016621601798,2,9,0,18,0,1,5,0,0,0,1,1,6,1,46,8,1422,2,7,-1,1,-1
2016621601799,1,9,0,5,0,0,0,0,0,0,4,1,6,1,18,4,1242,1,6,-1,1,-1
2016621601799,2,9,0,18,0,0,0,0,1,11,3,1,6,2,25,5,1242,1,6,-1,1,-1
2016621601800,1,9,0,4,0,1,0,0,0,0,1,1,6,2,30,6,1242,1,1,-1,2,-1
2016621601800,2,9,0,3,0,1,0,0,0,0,2,1,6,2,32,6,1796,1,1,-1,2,-1
2016621601801,1,9,0,18,0,4,0,0,0,0,1,1,6,1,31,6,1598,1,9,-1,1,-1
2016621601801,2,9,0,9,0,8,0,0,0,0,4,1,6,2,27,6,1499,2,1,-1,1,-1
2016621601802,1,21,0,9,0,6,0,0,0,0,1,1,1,1,46,8,12777,2,2,-1,1,-1
2016621601802,2,9,0,10,0,1,0,0,0,0,3,1,6,2,35,6,1242,1,4,-1,3,-1
2016621601803,1,8,0,9,0,8,0,0,0,0,1,1,1,1,48,8,1598,2,1,-1,1,-1
2016621601803,2,1,0,18,0,8,0,0,0,0,3,1,2,1,32,6,-1,-1,-1,-1,1,-1
2016621601804,1,9,0,7,0,8,0,0,0,0,1,1,6,1,42,7,1598,1,9,-1,1,-1
2016621601804,2,1,0,18,0,8,0,0,0,0,4,1,6,1,67,10,-1,-1,-1,-1,1,-1
2016621601805,1,8,0,18,0,0,0,0,0,0,3,1,1,1,47,8,1685,2,-1,-1,1,-1
2016621601806,1,9,0,18,0,2,0,0,0,0,1,1,6,2,36,7,1596,1,13,-1,1,-1
2016621601807,1,9,0,7,0,4,0,0,0,0,3,1,6,1,36,7,1896,2,12,-1,1,-1
2016621601807,2,9,0,9,0,4,0,0,0,0,4,1,6,2,19,4,998,1,3,-1,1,-1
2016621601808,1,9,0,11,0,8,0,0,0,0,4,1,2,1,33,6,1910,2,10,-1,1,-1
2016621601808,2,11,0,18,0,8,0,0,0,0,3,1,1,2,39,7,4249,2,9,-1,1,-1
2016621601809,1,5,0,18,0,0,0,0,0,0,1,1,6,1,28,6,999,1,-1,-1,1,-1
2016621601809,2,5,0,18,0,0,0,10,0,0,0,1,6,1,29,6,999,1,3,-1,1,-1
2016621601809,3,9,0,18,0,0,0,0,0,0,2,1,6,2,50,8,1390,1,13,-1,1,-1
2016621601810,1,9,0,2,0,2,0,0,0,0,2,1,6,3,-1,-1,1686,2,11,-1,-1,-1
2016621601810,2,9,0,10,0,8,0,0,0,0,4,1,1,2,59,9,995,1,6,-1,3,-1
2016621601811,1,9,0,9,0,2,0,0,0,0,3,1,6,2,56,9,996,1,3,-1,1,-1
2016621601811,2,1,0,18,0,1,0,0,0,0,1,1,6,1,38,7,-1,-1,-1,-1,1,-1
2016621601812,1,9,0,18,0,0,1,0,8,4,3,1,6,1,20,4,998,1,2,-1,1,-1
2016621601813,1,9,0,1,0,8,0,0,0,0,2,1,6,3,-1,-1,-1,-1,-1,-1,-1,-1
2016621601814,1,5,0,18,0,0,1,0,0,0,1,1,6,1,51,8,599,1,10,-1,3,-1
2016621601814,2,9,0,18,0,0,0,0,0,0,0,1,6,1,76,11,1995,2,2,-1,3,-1
2016621601815,1,97,0,4,0,0,1,4,7,0,1,1,6,1,18,4,-1,-1,-1,-1,1,-1
2016621601815,2,9,0,2,0,0,0,0,0,0,1,1,6,3,-1,-1,1596,1,12,-1,-1,-1
2016621601816,1,9,0,18,0,1,0,0,0,0,4,1,6,1,61,9,1797,8,2,-1,1,-1
2016621601817,1,9,0,4,0,0,0,0,0,0,1,1,1,1,22,5,1229,1,6,-1,3,-1
2016621601817,2,9,0,3,0,0,0,0,0,0,2,1,1,1,19,4,1124,1,8,-1,1,-1
2016621601817,3,9,0,3,0,0,0,0,0,0,2,1,6,2,36,7,1968,2,3,-1,1,-1
2016621601818,1,3,0,13,0,8,0,0,0,0,4,1,6,1,35,6,124,1,-1,-1,1,-1
2016621601818,2,9,0,9,0,8,0,0,0,0,3,1,6,2,24,5,1995,2,4,-1,1,-1
2016621601819,1,9,0,18,0,0,0,0,0,0,1,1,6,2,21,5,1596,1,2,-1,2,-1
2016621601819,2,9,0,4,0,0,0,0,0,0,2,1,6,1,26,6,1598,2,1,-1,1,-1
2016621601820,1,9,0,18,0,0,0,0,0,0,1,1,6,1,33,6,1124,1,16,-1,1,-1
2016621601820,2,9,0,18,0,0,0,0,0,0,2,1,6,2,56,9,2179,2,4,4,3,4
2016621601821,1,9,0,16,0,0,0,0,5,6,3,1,6,2,45,7,1599,1,11,-1,3,-1
2016621601822,1,9,0,9,0,8,0,0,0,0,4,1,1,1,31,6,1956,2,3,-1,2,-1
2016621601822,2,1,0,18,0,8,0,0,0,0,1,1,6,1,38,7,-1,-1,-1,-1,2,-1
2016621601823,1,9,0,16,0,0,0,0,7,3,1,1,6,1,18,4,1229,1,2,-1,1,-1
2016621601824,1,9,0,9,0,1,0,0,0,0,1,1,6,1,17,4,1499,2,1,-1,2,-1
2016621601825,1,1,0,18,0,0,0,0,0,0,1,1,6,1,44,7,-1,-1,-1,-1,2,-1
2016621601825,2,9,0,18,0,0,0,0,0,0,3,1,6,1,22,5,1995,2,8,-1,2,-1
2016621601826,1,9,0,16,0,0,1,0,1,11,1,1,6,2,48,8,1390,1,7,-1,1,-1
2016621601826,2,9,0,2,0,0,0,0,0,0,0,1,6,3,-1,-1,1956,2,4,-1,-1,-1
2016621601826,3,9,0,2,0,0,0,0,0,0,0,1,6,3,-1,-1,998,1,2,-1,-1,-1
2016621601827,1,9,0,18,0,4,0,0,1,1,1,1,6,1,22,5,-1,-1,-1,-1,1,-1
2016621601827,2,9,0,18,0,8,0,0,1,1,4,1,6,2,22,5,1595,1,2,-1,1,-1
2016621601828,1,9,0,18,0,0,0,7,7,0,3,1,6,2,17,4,1198,1,3,-1,1,-1
2016621601829,1,9,0,9,0,4,0,10,2,10,1,1,6,2,82,11,1200,1,14,-1,1,-1
2016621601829,2,9,0,2,0,1,0,0,0,0,4,1,6,3,-1,-1,2616,1,11,-1,-1,-1
2016621601830,1,9,0,18,0,0,5,4,8,2,1,1,6,1,30,6,1124,1,14,-1,1,-1
2016621601830,2,9,0,2,0,0,0,0,0,0,1,1,6,3,-1,-1,1461,2,1,-1,-1,-1
2016621601831,1,9,0,9,0,8,0,0,0,0,1,1,6,1,35,6,1598,1,8,-1,1,-1
2016621601831,2,9,0,18,0,8,0,0,0,0,1,1,6,1,69,10,1951,2,13,-1,1,-1
2016621601832,1,9,0,18,0,0,0,0,0,0,1,1,6,1,45,7,1796,1,11,-1,1,-1
2016621601833,1,9,0,5,0,4,0,0,0,0,1,1,6,1,26,6,1248,2,6,-1,3,-1
2016621601833,2,9,0,4,0,4,0,0,0,0,2,1,6,2,52,8,1199,1,3,-1,1,-1
2016621601834,1,8,0,9,0,4,0,0,0,0,1,1,1,2,50,8,1968,2,2,-1,1,-1
2016621601834,2,9,0,18,0,8,0,0,0,0,4,1,6,1,42,7,1461,2,9,-1,2,-1
2016621601835,1,9,0,7,0,6,0,0,0,0,1,1,6,2,55,8,1498,1,-1,-1,1,-1
2016621601835,2,9,0,18,0,1,0,0,0,0,1,1,1,2,25,5,1461,2,4,-1,1,-1
2016621601836,1,9,0,18,0,0,0,0,0,0,1,1,6,1,48,8,1199,1,14,-1,1,-1
2016621601837,1,9,0,18,0,0,0,4,0,0,1,1,6,1,69,10,1991,2,13,-1,1,-1
2016621601837,2,9,0,2,0,0,0,0,0,0,2,1,6,3,-1,-1,1895,1,16,-1,-1,-1
2016621601838,1,9,0,18,0,1,0,0,0,0,4,1,6,3,-1,-1,-1,-1,-1,-1,-1,-1
2016621601838,2,1,0,18,0,1,0,0,0,0,3,1,6,1,45,7,-1,-1,-1,-1,1,-1
2016621601839,1,9,0,18,0,0,0,0,0,0,1,1,6,2,52,8,1399,2,8,-1,1,-1
2016621601840,1,3,0,18,0,0,1,0,0,0,1,1,2,1,27,6,124,1,6,-1,1,-1
2016621601840,2,9,0,3,0,0,0,0,0,0,2,1,6,1,17,4,1560,2,1,-1,3,-1
2016621601840,3,11,0,18,0,0,0,0,0,0,0,1,1,2,48,8,4461,2,2,-1,1,-1
2016621601841,1,9,0,18,0,0,0,0,0,0,1,1,6,1,32,6,1198,1,4,-1,3,-1
2016621601841,2,9,0,18,0,0,0,0,0,0,2,1,6,2,28,6,1598,1,4,-1,2,-1
2016621601842,1,9,0,18,0,1,1,0,1,0,1,2,6,1,36,7,-1,-1,-1,-1,-1,-1
2016621601842,2,9,0,9,0,8,0,0,3,0,4,1,6,1,34,6,1360,1,13,-1,1,-1
2016621601842,3,9,0,8,0,1,0,0,0,0,1,1,6,2,26,6,1198,1,2,-1,1,-1
2016621601843,1,9,0,18,0,0,0,0,0,0,3,1,6,3,-1,-1,-1,-1,-1,-1,-1,-1
2016621601843,2,9,0,18,0,0,0,0,0,0,3,1,6,1,56,9,1598,2,5,-1,1,-1
2016621601844,1,9,0,18,0,0,0,0,0,0,1,1,2,2,23,5,1399,1,11,-1,1,-1
2016621601845,1,5,0,18,0,0,0,0,0,0,1,1,6,1,22,5,675,1,1,-1,2,-1
2016621601845,2,9,0,4,0,0,0,0,0,0,2,1,6,1,19,4,1199,1,2,-1,3,-1
2016621601846,1,9,0,9,0,8,0,0,0,0,1,1,2,2,29,6,1368,1,8,-1,1,-1
2016621601846,2,1,0,18,0,8,0,0,0,0,1,1,2,1,46,8,-1,-1,-1,-1,1,-1
2016621601847,1,9,0,18,0,1,1,0,1,3,1,1,2,1,17,4,1248,1,-1,-1,2,-1
2016621601848,1,19,0,1,0,0,0,0,0,0,2,1,1,1,38,7,2143,2,2,-1,2,-1
2016621601848,2,3,0,3,0,0,0,0,0,0,1,1,4,2,19,4,110,1,10,-1,1,-1
2016621601849,1,1,0,5,0,0,0,0,0,0,3,1,6,1,12,3,-1,-1,-1,-1,3,-1
2016621601849,2,9,0,14,0,0,0,0,0,0,1,1,2,1,25,5,1560,2,2,-1,1,-1
2016621601850,1,9,0,9,0,8,0,0,0,0,3,1,6,1,18,4,998,1,3,-1,1,-1
2016621601850,2,9,0,18,0,8,0,0,0,0,3,1,6,1,43,7,-1,-1,-1,-1,1,-1
2016621601851,1,19,0,1,0,0,0,0,0,0,4,1,6,1,28,6,2198,2,1,-1,1,-1
2016621601852,1,9,0,9,0,8,0,0,0,0,1,1,6,2,22,5,1396,1,9,-1,1,-1
2016621601852,2,9,0,18,0,8,0,0,0,0,1,1,6,1,55,8,1242,1,7,-1,1,-1
2016621601853,1,9,0,18,0,0,0,0,7,4,1,1,6,2,32,6,1364,1,8,-1,1,-1
2016621601854,1,9,0,18,0,8,5,9,3,10,1,1,6,2,85,11,1498,1,17,-1,1,-1
2016621601855,1,9,0,18,0,0,0,4,7,0,3,1,1,2,35,6,1242,1,6,-1,1,-1
2016621601855,2,9,0,2,0,0,0,0,0,0,4,1,6,3,-1,-1,1388,1,12,-1,-1,-1
2016621601856,1,9,0,11,0,8,0,7,0,0,1,1,6,1,28,6,1461,2,5,-1,1,-1
2016621601857,1,9,0,18,0,8,0,0,0,0,1,1,6,1,20,4,1896,2,12,-1,1,-1
2016621601857,2,1,0,18,0,8,0,0,0,0,4,1,6,1,51,8,-1,-1,-1,-1,3,-1
2016621601858,1,3,0,18,0,0,1,0,0,0,1,1,1,1,20,4,125,1,2,-1,1,-1
2016621601858,2,9,0,18,0,0,0,0,0,0,1,1,1,2,34,6,1461,2,3,-1,1,-1
2016621601859,1,9,0,18,0,0,0,0,1,11,4,1,6,1,48,8,1598,2,3,-1,2,-1
2016621601860,1,9,0,9,0,8,0,0,0,0,1,1,1,2,23,5,1328,1,11,-1,1,-1
2016621601860,2,9,0,18,0,8,0,0,0,0,4,1,2,2,43,7,1461,2,2,-1,2,-1
2016621601861,1,9,0,9,0,6,0,0,0,0,1,1,6,1,53,8,2362,1,11,-1,1,-1
2016621601862,1,9,0,11,0,0,0,0,0,0,4,1,1,1,72,10,998,1,-1,-1,2,-1
2016621601862,2,1,0,18,4,0,0,0,0,0,3,1,6,1,55,8,-1,-1,-1,-1,1,-1
2016621601863,1,9,0,4,0,6,0,0,0,0,1,1,2,2,50,8,1461,2,-1,-1,1,-1
2016621601863,2,9,0,3,0,6,0,0,0,0,2,1,2,2,29,6,1560,2,7,-1,1,-1
2016621601863,3,9,0,4,0,6,0,0,0,0,1,1,2,1,61,9,-1,-1,-1,-1,1,-1
2016621601864,1,9,0,9,0,8,0,0,0,0,1,1,6,2,41,7,1499,2,1,-1,1,-1
2016621601864,2,1,0,18,0,8,0,0,0,0,1,1,6,2,25,5,-1,-1,-1,-1,1,-1
2016621601865,1,9,0,5,0,1,0,0,0,0,3,1,6,2,19,4,1598,2,3,-1,1,-1
2016621601865,2,1,0,18,0,8,1,0,0,0,1,1,6,1,20,4,-1,-1,-1,-1,1,-1
2016621601866,1,9,0,18,0,0,0,0,0,0,1,1,6,2,64,9,1461,2,-1,-1,1,-1
2016621601866,2,9,0,18,0,0,0,0,0,0,4,1,6,2,37,7,1582,2,5,-1,1,-1
2016621601866,3,9,0,18,0,0,0,0,0,0,4,1,6,2,74,10,1796,1,11,-1,1,-1
2016621601866,4,9,0,18,0,0,0,0,0,0,3,1,1,1,49,8,1968,2,1,10,1,10
2016621601866,5,9,0,18,0,0,0,0,0,0,3,1,6,2,29,6,1995,2,6,-1,2,-1
2016621601866,6,9,0,18,0,0,0,0,0,0,4,1,6,2,35,6,1984,1,5,-1,1,-1
2016621601867,1,9,0,7,0,5,0,0,0,0,1,1,2,1,32,6,1995,2,4,-1,3,-1
2016621601868,1,9,0,5,0,4,0,0,0,0,1,1,6,2,75,10,1339,1,4,-1,1,-1
2016621601868,2,9,0,3,0,4,0,0,0,0,2,1,6,1,71,10,1997,1,6,-1,1,-1
2016621601869,1,9,0,9,0,8,0,0,0,0,1,1,6,2,25,5,1242,1,10,-1,1,-1
2016621601869,2,9,0,18,0,8,0,0,0,0,3,1,6,2,34,6,2698,2,10,-1,1,-1
2016621601870,1,9,0,5,0,8,0,0,0,0,1,1,6,1,29,6,1368,1,10,-1,2,-1
2016621601870,2,9,0,5,0,8,0,0,0,0,2,1,6,1,48,8,1998,1,12,-1,1,-1
2016621601871,1,9,0,18,0,1,0,4,0,0,1,1,6,1,23,5,1910,2,12,-1,1,-1
2016621601871,2,90,0,2,0,1,0,0,0,0,2,1,1,1,52,8,5880,2,4,-1,1,-1
2016621601872,1,9,0,13,0,8,0,0,0,0,1,1,6,3,-1,-1,-1,-1,-1,-1,-1,-1
2016621601872,2,5,0,9,0,6,0,0,0,0,3,1,2,1,49,8,1000,1,1,-1,1,-1
2016621601873,1,20,0,2,6,1,0,0,0,0,4,1,1,3,-1,-1,5193,2,-1,-1,-1,-1
2016621601873,2,11,0,18,0,1,0,4,0,0,4,1,1,1,54,8,9000,2,7,-1,1,-1
2016621601874,1,9,0,18,0,0,0,0,0,0,1,1,6,1,28,6,1896,2,15,-1,1,-1
2016621601874,2,9,0,18,0,0,0,0,0,0,2,1,6,2,40,7,1686,2,5,-1,1,-1
2016621601875,1,9,0,18,0,1,0,0,0,0,1,1,3,2,34,6,1198,1,6,-1,1,-1
2016621601875,2,9,0,18,0,1,0,0,0,0,1,1,3,2,35,6,1242,1,8,-1,1,-1
2016621601876,1,9,0,18,0,0,0,0,0,0,1,1,6,2,43,7,1390,1,12,-1,1,-1
2016621601876,2,9,0,18,0,0,0,0,0,0,1,1,6,1,59,9,1968,2,-1,-1,3,-1
2016621601877,1,9,0,16,0,0,2,0,7,0,3,1,6,1,35,6,1984,1,4,-1,1,-1
2016621601878,1,9,0,17,0,0,0,4,0,0,1,1,6,2,26,6,1124,1,12,-1,1,-1
2016621601878,2,9,0,2,0,0,0,0,0,0,2,1,6,3,-1,-1,1560,2,4,-1,-1,-1
2016621601879,1,9,0,13,0,8,0,0,0,0,4,1,2,1,28,6,1796,1,14,9,1,9
2016621601880,1,9,0,18,0,0,0,0,0,0,3,1,2,1,39,7,1975,1,13,-1,1,-1
2016621601880,2,9,0,18,0,0,0,0,0,0,3,1,6,1,22,5,1368,1,10,-1,1,-1
2016621601881,1,2,0,18,0,0,1,0,0,0,0,1,6,1,14,3,-1,-1,-1,-1,1,-1
2016621601881,2,8,0,5,0,0,0,0,0,0,0,1,1,1,62,9,1598,2,1,-1,1,-1
2016621601882,1,4,0,18,0,0,0,0,0,0,1,1,1,1,17,4,124,1,-1,-1,2,-1
2016621601883,1,9,0,18,0,0,0,0,0,0,4,1,6,1,34,6,1956,2,6,-1,1,-1
2016621601884,1,9,0,18,0,0,0,4,0,0,4,1,6,2,85,11,1587,1,11,-1,1,-1
2016621601884,2,9,0,2,0,0,0,0,0,0,3,1,6,3,-1,-1,1400,1,10,-1,-1,-1
2016621601885,1,9,0,9,0,8,0,0,0,0,1,1,6,1,56,9,1598,1,11,-1,1,-1
2016621601885,2,1,0,18,0,8,0,0,0,0,1,1,6,1,36,7,-1,-1,-1,-1,1,-1
2016621601886,1,9,0,9,0,8,0,0,7,0,3,1,6,2,50,8,999,1,3,-1,2,-1
2016621601886,2,9,0,18,0,1,0,0,7,0,1,1,6,1,50,8,1968,2,4,-1,1,-1
2016621601887,1,4,0,5,0,0,1,0,0,0,0,1,6,1,20,4,599,1,16,-1,1,-1
2016621601888,1,3,0,17,0,0,1,0,1,10,0,1,6,1,32,6,125,1,3,-1,1,-1
2016621601889,1,9,0,9,0,8,0,0,0,0,4,1,1,1,41,7,998,1,16,-1,1,-1
2016621601889,2,1,0,18,0,8,0,0,0,0,1,1,6,1,30,6,-1,-1,-1,-1,1,-1
2016621601890,1,9,0,18,0,0,0,0,0,0,1,1,6,1,24,5,1149,1,6,-1,1,-1
2016621601891,1,9,0,9,0,8,0,0,0,0,1,1,6,1,48,8,999,1,1,-1,1,-1
2016621601891,2,9,0,18,0,8,0,0,0,0,3,1,6,1,48,8,1968,2,8,-1,1,-1
2016621601892,1,9,0,16,0,0,2,0,2,2,1,1,6,1,19,4,1997,2,15,-1,1,-1
2016621601893,1,9,0,18,0,0,0,0,0,0,1,1,6,2,22,5,1560,2,4,-1,2,-1
2016621601893,2,9,0,4,0,0,0,0,0,0,2,1,6,1,46,8,1910,2,9,-1,1,-1
2016621601894,1,9,0,18,0,8,0,0,0,0,1,1,6,1,37,7,1598,1,9,-1,1,-1
2016621601894,2,8,0,9,0,8,0,0,0,0,1,1,1,2,52,8,1582,2,5,-1,1,-1
2016621601895,1,19,0,18,0,0,0,0,0,0,4,1,1,1,41,7,-1,-1,-1,-1,1,-1