Accident_Index,Vehicle_Reference,Vehicle_Type,Towing_and_Articulation,Vehicle_Manoeuvre,Vehicle_Location-Restricted_Lane,Junction_Location,Skidding_and_Overturning,Hit_Object_in_Carriageway,Vehicle_Leaving_Carriageway,Hit_Object_off_Carriageway,1st_Point_of_Impact,Was_Vehicle_Left_Hand_Drive?,Journey_Purpose_of_Driver,Sex_of_Driver,Age_of_Driver,Age_Band_of_Driver,Engine_Capacity_(CC),Propulsion_Code,Age_of_Vehicle,Driver_IMD_Decile,Driver_Home_Area_Type,Vehicle_IMD_Decile
2016621601895,2,1,0,18,0,0,0,0,0,0,1,1,6,1,39,7,-1,-1,-1,-1,2,-1
2016621601896,1,9,0,18,0,0,0,0,0,0,1,1,6,1,47,8,1968,2,-1,-1,3,-1
2016621601896,2,9,0,2,0,0,0,0,0,0,2,1,6,2,32,6,1248,2,4,-1,3,-1
2016621601897,1,9,0,5,0,4,0,0,0,0,1,1,1,1,44,7,1995,2,2,-1,2,-1
2016621601897,2,9,0,3,0,4,0,0,0,0,2,1,1,1,37,7,1560,2,2,-1,1,-1
2016621601898,1,9,0,4,0,0,1,0,0,0,3,1,6,1,17,4,999,1,3,-1,3,-1
2016621601898,2,9,0,2,0,0,0,0,0,0,3,1,6,1,65,9,1598,1,6,-1,3,-1
2016621601899,1,19,0,18,0,0,0,0,0,0,1,1,6,1,23,5,1560,2,4,-1,1,-1
2016621601899,2,9,0,18,0,0,0,0,0,0,2,1,6,2,18,4,1242,1,2,-1,2,-1
2016621601899,3,9,0,18,0,0,0,0,0,0,2,1,6,2,24,5,1396,1,6,-1,1,-1
2016621601900,1,9,0,18,0,8,0,0,0,0,3,1,6,1,26,6,1796,1,12,-1,1,-1
2016621601900,2,9,0,9,0,8,0,0,0,0,4,1,6,1,69,10,1560,2,6,-1,1,-1
2016621601901,1,9,0,9,0,5,0,0,0,0,1,1,6,2,24,5,1597,1,6,-1,1,-1
2016621601901,2,8,0,18,2,1,0,0,0,0,1,1,3,1,54,8,1984,1,10,-1,1,-1
2016621601902,1,9,0,18,0,0,0,0,0,0,1,1,6,1,19,4,1598,1,7,-1,1,-1
2016621601902,2,9,0,3,0,0,0,0,0,0,2,1,6,2,32,6,1108,1,11,6,1,6
2016621601902,3,9,0,3,0,0,0,0,0,0,2,1,6,1,40,7,1398,1,15,-1,1,-1
2016621601903,1,9,0,18,0,0,0,0,0,0,1,1,6,1,59,9,1598,2,4,-1,1,-1
2016621601904,1,9,0,18,0,0,5,0,7,4,1,1,6,1,34,6,2793,1,20,-1,1,-1
2016621601905,1,9,0,18,0,0,1,0,2,7,1,1,6,1,79,11,1753,2,11,-1,3,-1
2016621601906,1,9,0,18,0,2,0,0,0,0,1,1,2,1,49,8,1422,2,8,-1,1,-1
2016621601907,1,11,0,5,0,4,0,0,0,0,1,1,1,1,44,7,6700,2,3,-1,1,-1
2016621601907,2,9,0,3,0,4,0,0,0,0,2,1,6,2,22,5,998,1,5,-1,1,-1
2016621601908,1,9,0,18,0,6,0,0,0,0,1,1,6,1,23,5,1396,2,3,-1,1,-1
2016621601908,2,9,0,18,0,8,0,0,0,0,3,1,6,1,26,6,1598,1,11,-1,1,-1
2016621601909,1,9,0,16,0,0,2,0,0,0,4,1,2,1,28,6,1598,1,11,-1,1,-1
2016621601909,2,9,0,17,0,0,0,0,0,0,3,1,6,2,29,6,898,1,1,-1,1,-1
2016621601910,1,9,0,13,0,0,0,0,0,0,4,1,6,2,69,10,1299,1,13,-1,1,-1
2016621601910,2,11,0,18,0,0,0,0,0,0,3,1,1,1,54,8,3900,2,11,-1,1,-1
2016621601910,3,9,0,18,0,0,0,0,0,0,4,1,6,1,27,6,2143,2,1,-1,1,-1
2016621601911,1,9,0,18,0,0,0,0,0,0,1,1,6,1,32,6,1596,1,13,-1,1,-1
2016621601911,2,19,0,18,0,0,0,0,0,0,2,1,6,1,26,6,1868,2,11,-1,1,-1
2016621601911,3,9,0,18,0,0,0,0,0,0,2,1,6,1,51,8,1108,1,9,-1,1,-1
2016621601912,1,9,0,18,0,0,0,0,4,6,1,1,1,2,43,7,1997,2,13,6,3,6
2016621601913,1,9,0,16,0,0,1,6,1,0,1,1,1,1,50,8,1596,1,14,-1,1,-1
2016621601914,1,11,0,18,0,0,0,0,0,0,2,1,1,1,60,9,-1,2,11,-1,1,-1
2016621601914,2,1,0,18,0,0,0,0,0,0,1,1,6,1,54,8,-1,-1,-1,-1,3,-1
2016621601915,1,9,0,9,0,8,0,0,0,0,1,1,6,1,23,5,1997,2,15,-1,2,-1
2016621601915,2,8,0,18,0,8,0,0,0,0,1,1,1,1,38,7,1560,2,8,-1,1,-1
2016621601916,1,9,0,18,0,0,1,0,5,6,1,1,6,2,26,6,1364,1,6,-1,1,-1
2016621601917,1,9,0,9,0,8,1,0,0,0,3,1,6,1,22,5,1242,1,9,-1,1,-1
2016621601918,1,9,0,9,0,8,0,0,0,0,3,1,1,2,51,8,1149,1,12,-1,1,-1
2016621601918,2,3,0,18,0,8,0,0,0,0,1,1,1,1,23,5,124,1,1,-1,1,-1
2016621601919,1,21,0,18,0,1,0,0,0,0,1,1,1,1,61,9,6174,2,10,-1,1,-1
2016621601920,1,9,0,7,0,6,0,0,0,0,1,1,6,2,57,9,1600,2,6,-1,1,-1
2016621601920,2,9,0,18,0,8,0,0,0,0,1,1,6,1,47,8,2295,1,17,-1,1,-1
2016621601921,1,8,0,18,0,0,0,0,0,0,3,1,1,3,-1,-1,1598,2,2,-1,-1,-1
2016621601921,2,8,0,2,0,0,0,0,0,0,3,1,1,3,-1,-1,-1,-1,-1,-1,-1,-1
2016621601922,1,9,0,18,0,0,5,4,0,0,1,1,2,1,26,6,1248,2,5,-1,3,-1
2016621601922,2,9,0,2,0,0,0,0,0,0,2,1,6,3,-1,-1,1998,1,8,-1,-1,-1
2016621601922,3,19,0,2,0,0,0,0,0,0,3,1,6,3,-1,-1,1686,2,13,-1,-1,-1
2016621601923,1,11,0,18,0,0,0,0,0,0,3,1,1,1,33,6,6690,2,-1,-1,2,-1
2016621601924,1,4,0,18,0,0,0,0,0,0,0,1,6,1,82,11,198,1,14,-1,1,-1
2016621601925,1,9,0,18,0,1,0,0,0,0,1,1,6,2,25,5,1242,1,1,-1,1,-1
2016621601925,2,9,0,4,0,1,0,0,0,0,2,1,6,2,36,7,1968,2,6,-1,1,-1
2016621601925,3,9,0,10,0,1,0,0,0,0,2,1,6,1,29,6,1587,1,10,-1,1,-1
2016621601926,1,9,0,18,0,0,1,4,0,0,1,1,6,1,25,5,1390,1,10,-1,1,-1
2016621601926,2,9,0,2,0,0,0,0,0,0,2,1,6,2,52,8,998,1,3,-1,1,-1
2016621601927,1,1,0,4,0,8,0,0,0,0,1,1,6,1,21,5,-1,-1,-1,-1,1,-1
2016621601927,2,9,0,4,0,8,0,0,0,0,1,1,6,2,62,9,-1,-1,-1,-1,1,-1
2016621601928,1,8,0,5,0,4,0,0,0,0,1,1,1,1,44,7,1598,2,5,-1,3,-1
2016621601928,2,9,0,3,0,4,0,0,0,0,2,1,6,2,45,7,1598,2,1,-1,1,-1
2016621601929,1,9,0,5,0,1,0,0,0,0,1,1,6,3,-1,-1,-1,-1,-1,-1,-1,-1
2016621601930,1,8,0,18,0,2,0,7,0,0,1,1,1,1,40,7,1560,2,-1,-1,1,-1
2016621601931,1,9,0,6,0,6,0,0,0,0,3,1,6,1,50,8,1910,2,11,-1,3,-1
2016621601931,2,9,0,18,0,8,0,0,0,0,1,1,2,1,54,8,1798,1,11,-1,1,-1
2016621601932,1,9,0,18,0,0,0,0,0,0,1,1,2,2,30,6,1242,1,3,-1,3,-1
2016621601932,2,9,0,18,0,0,0,0,0,0,2,1,2,1,35,6,898,1,3,-1,1,-1
2016621601932,3,9,0,18,0,0,0,0,0,0,1,1,2,2,53,8,1388,1,12,-1,-1,-1
2016621601932,4,9,0,18,0,0,0,0,0,0,1,1,2,1,26,6,1242,1,-1,-1,2,-1
2016621601932,5,9,0,18,0,0,0,0,0,0,2,1,2,2,24,5,1596,1,7,-1,1,-1
2016621601933,1,9,0,9,0,8,0,0,0,0,1,1,6,1,26,6,1598,2,-1,-1,1,-1
2016621601933,2,9,0,18,0,8,0,0,0,0,4,1,6,2,29,6,1388,1,11,-1,1,-1
2016621601934,1,3,0,18,0,0,0,0,0,0,1,1,6,1,19,4,125,1,7,-1,1,-1
2016621601935,1,9,0,16,0,0,1,0,0,7,1,1,6,1,84,11,1598,1,9,-1,1,-1
2016621601936,1,9,0,18,0,0,0,0,0,0,1,1,1,1,73,10,2400,1,16,-1,1,-1
2016621601937,1,9,0,18,0,0,1,0,0,0,1,1,6,1,26,6,1686,2,2,-1,1,-1
2016621601937,2,9,0,18,0,0,2,10,0,0,0,1,6,2,39,7,996,1,3,-1,3,-1
2016621601937,3,9,0,18,0,0,1,0,0,0,1,1,6,2,33,6,1598,2,7,-1,3,-1
2016621601938,1,9,0,4,0,0,0,0,0,0,2,1,1,2,21,5,1149,1,7,-1,1,-1
2016621601938,2,9,0,4,0,0,0,0,0,0,1,1,1,1,34,6,1461,2,-1,-1,1,-1
2016621601939,1,1,0,18,0,0,0,0,0,0,1,1,6,1,6,2,-1,-1,-1,-1,1,-1
2016621601939,2,9,0,18,0,0,0,0,0,0,4,1,6,2,41,7,1587,1,7,-1,1,-1
2016621601940,1,9,0,18,0,1,0,0,0,0,4,1,6,1,18,4,1364,1,8,-1,2,-1
2016621601941,1,9,0,18,0,0,0,0,0,0,1,1,6,1,37,7,6200,1,3,-1,1,-1
2016621601941,2,9,0,18,0,0,0,0,2,11,1,1,6,1,58,9,1242,1,4,-1,2,-1
2016621601941,3,8,0,18,0,0,0,0,0,0,1,1,6,1,46,8,1896,2,12,-1,1,-1
2016621601941,4,9,0,18,0,0,0,0,0,0,2,1,6,2,40,7,1598,2,5,-1,3,-1
2016621601942,1,9,0,17,0,0,0,0,7,4,1,1,1,1,22,5,1586,1,3,-1,1,-1
2016621601943,1,9,0,9,0,5,0,0,0,0,1,1,6,2,46,8,1598,1,2,-1,1,-1
2016621601944,1,9,0,9,0,8,0,0,0,0,4,1,6,2,60,9,1499,2,-1,-1,3,-1
2016621601944,2,9,0,18,0,8,0,0,0,0,1,1,6,1,58,9,1896,2,12,-1,1,-1
2016621601946,1,9,0,4,0,4,0,0,0,0,1,1,6,1,51,8,1910,2,11,-1,2,-1
2016621601946,2,19,0,4,0,4,0,0,0,0,2,1,1,1,31,6,1248,2,5,-1,1,-1
2016621601947,1,9,0,13,0,0,1,0,7,4,3,1,2,1,31,6,1560,2,11,-1,1,-1
2016621601948,1,9,0,7,0,3,2,10,1,1,1,1,6,1,18,4,998,1,3,-1,1,-1
2016621601949,1,90,0,16,0,0,1,0,4,6,1,1,1,1,55,8,2464,2,5,-1,1,-1
2016621601950,1,19,0,18,0,0,0,0,0,0,1,1,6,1,45,7,1968,2,2,-1,1,-1
2016621601950,2,9,0,3,0,0,0,0,0,0,2,1,6,1,50,8,1956,2,3,-1,1,-1
2016621601950,3,9,0,3,0,0,0,0,0,0,2,1,6,2,23,5,1364,1,8,-1,1,-1
2016621601951,1,9,0,18,0,1,0,0,0,0,4,1,6,3,-1,-1,-1,-1,-1,-1,-1,-1
2016621601952,1,9,0,4,0,0,0,0,0,0,1,1,6,1,18,4,1328,1,10,-1,1,-1
2016621601953,1,9,0,18,0,1,0,0,0,0,1,1,6,2,76,11,1242,1,12,-1,1,-1
2016621601953,2,19,0,4,0,1,0,0,0,0,2,1,1,1,42,7,2198,2,9,-1,1,-1
2016621601954,1,1,0,18,4,8,0,0,0,0,1,1,6,2,25,5,-1,-1,-1,-1,1,-1
2016621601954,2,21,0,10,0,1,0,0,0,0,1,1,1,1,44,7,3920,2,2,-1,1,-1
2016621601955,1,9,0,5,0,4,0,0,0,0,1,1,6,1,88,11,1597,1,17,-1,1,-1
2016621601955,2,9,0,3,0,4,0,0,0,0,2,1,6,1,38,7,1390,1,15,-1,1,-1
2016621601956,1,9,0,9,0,6,0,0,0,0,4,1,6,2,46,8,2188,2,7,-1,1,-1
2016621601956,2,9,0,18,0,8,0,0,0,0,3,1,6,2,35,6,1493,1,20,-1,1,-1
2016621601957,1,9,0,7,0,6,0,0,0,0,1,1,3,1,49,8,3500,1,14,-1,1,-1
2016621601957,2,9,0,18,0,8,0,0,0,0,1,1,6,1,64,9,998,1,8,-1,1,-1
2016621601958,1,9,0,7,0,1,0,0,0,0,1,1,6,1,18,4,998,1,-1,-1,1,-1
2016621601958,2,9,0,18,0,8,0,0,0,0,1,1,6,1,44,7,1248,1,3,-1,1,-1
2016621601959,1,9,0,18,0,4,0,0,0,0,1,1,6,1,19,4,1328,1,9,-1,1,-1
2016621601959,2,9,0,9,0,8,0,0,0,0,4,1,6,2,17,4,998,1,2,-1,1,-1
2016621601960,1,9,0,7,0,4,0,0,0,0,1,1,1,1,19,4,1398,1,6,-1,1,-1
2016621601960,2,1,0,18,0,8,0,0,0,0,2,1,6,1,50,8,-1,-1,-1,-1,1,-1
2016621601961,1,1,0,18,0,6,0,0,0,0,1,1,6,1,19,4,-1,-1,-1,5,3,5
2016621601961,2,9,0,18,0,8,0,0,0,0,4,1,6,1,75,10,1560,2,-1,-1,1,-1
2016621601962,1,9,0,9,0,2,0,0,0,0,3,1,6,1,77,11,1997,2,13,-1,1,-1
2016621601962,2,9,0,18,0,8,0,0,0,0,1,1,2,2,28,6,1896,2,12,-1,1,-1
2016621601963,1,9,0,18,0,0,0,0,0,0,3,1,6,1,29,6,1910,2,8,-1,1,-1
2016621601964,1,9,0,18,0,0,0,0,0,0,1,1,2,1,64,9,1984,1,15,-1,3,-1
2016621601965,1,9,0,4,0,0,0,0,0,0,1,1,6,1,29,6,1242,1,4,-1,1,-1
2016621601965,2,9,0,4,0,0,0,0,0,0,2,1,6,1,42,7,1198,1,7,-1,1,-1
2016621601966,1,9,0,17,0,0,2,0,0,10,4,1,6,2,33,6,1461,2,11,-1,1,-1
2016621601967,1,9,0,7,0,3,1,0,1,2,1,1,2,1,19,4,1242,1,3,-1,2,-1
2016621601968,1,19,0,9,0,8,0,0,0,0,1,1,1,1,26,6,2198,2,3,-1,1,-1
2016621601968,2,9,0,18,0,8,0,0,5,11,1,1,6,2,18,4,1386,1,9,-1,1,-1
2016621601969,1,9,0,18,0,0,0,0,0,0,1,1,6,2,48,8,1242,1,13,-1,1,-1
2016621601970,1,9,0,17,0,0,5,0,2,10,1,1,2,2,26,6,1896,2,11,-1,1,-1
2016621601970,2,8,0,16,0,0,0,0,0,0,3,1,2,1,33,6,1896,2,9,-1,1,-1
2016621601971,1,9,0,9,0,8,0,0,0,0,4,1,6,1,44,7,2980,2,19,-1,1,-1
2016621601971,2,3,0,18,0,8,0,0,0,0,3,1,6,1,37,7,-1,-1,-1,-1,1,-1
2016621601972,1,19,0,18,0,0,0,11,0,0,1,1,1,1,25,5,1598,2,1,-1,1,-1
2016621601972,2,9,0,2,0,0,0,0,0,0,1,1,6,3,-1,-1,996,1,3,-1,-1,-1
2016621601973,1,9,0,16,0,0,1,10,1,0,1,1,6,2,55,8,1598,1,13,-1,1,-1
2016621601973,2,19,0,17,0,0,0,0,0,0,1,1,1,1,27,6,2299,2,2,-1,1,-1
2016621601974,1,9,0,5,0,6,0,0,0,0,3,1,6,1,68,10,1461,2,-1,-1,1,-1
2016621601974,2,9,0,18,0,8,0,0,0,0,1,1,6,1,19,4,1198,1,7,-1,1,-1
2016621601975,1,9,0,7,0,6,0,0,0,0,1,1,6,1,19,4,1229,1,2,-1,1,-1
2016621601975,2,9,0,18,0,8,0,0,7,4,4,1,6,2,49,8,1590,1,12,-1,1,-1
2016621601976,1,9,0,18,0,0,0,0,0,0,4,1,6,1,78,11,1388,1,10,-1,1,-1
2016621601977,1,9,0,18,0,0,5,7,0,0,3,1,6,2,71,10,1242,1,6,-1,1,-1
2016621601978,1,9,0,5,0,0,0,0,0,0,0,1,6,1,84,11,1390,1,14,-1,1,-1
2016621601979,1,9,0,9,0,8,0,0,0,0,1,1,1,2,19,4,1242,1,1,-1,1,-1
2016621601979,2,1,0,9,0,8,0,0,0,0,1,1,6,2,45,7,-1,-1,-1,-1,1,-1
2016621601980,1,9,0,18,0,1,1,0,0,0,1,1,6,2,23,5,1198,1,2,9,1,9
2016621601980,2,9,0,18,0,8,1,0,0,0,4,1,6,2,42,7,1969,2,1,-1,3,-1
2016621601981,1,9,0,7,0,8,0,0,0,0,4,1,6,2,69,10,1242,1,4,-1,1,-1
2016621601981,2,11,0,18,2,1,0,0,0,0,1,1,1,1,63,9,6696,2,3,-1,1,-1
2016621601982,1,9,0,18,0,0,0,0,0,0,4,1,6,1,37,7,1242,1,7,-1,3,-1
2016621601983,1,9,0,18,0,8,0,0,0,0,1,1,2,2,82,11,998,1,2,-1,1,-1
2016621601984,1,8,0,18,0,0,0,0,0,0,3,1,6,3,-1,-1,-1,-1,-1,-1,-1,-1
2016621601985,1,20,0,4,0,1,1,0,0,0,1,1,1,1,39,7,-1,-1,-1,-1,1,-1
2016621601985,2,9,0,3,0,1,0,0,0,0,2,1,6,1,66,10,1197,1,1,-1,2,-1
2016621601985,3,9,0,10,0,1,0,0,0,0,2,1,6,2,49,8,1596,1,13,-1,1,-1
2016621601986,1,9,0,4,0,0,0,0,0,0,1,1,2,1,23,5,1299,1,14,-1,1,-1
2016621601986,2,9,0,4,0,0,0,0,0,0,2,1,2,1,42,7,2143,2,-1,-1,1,-1
2016621601987,1,3,0,18,0,0,0,0,0,0,1,1,6,1,29,6,124,1,7,-1,2,-1
2016621601987,2,9,0,18,0,0,0,0,0,0,1,1,6,1,73,10,1560,2,2,-1,1,-1
2016621601988,1,19,0,18,0,0,2,10,1,7,3,1,6,1,24,5,1997,2,11,-1,1,-1
2016621601989,1,9,0,12,0,0,0,0,0,0,3,1,6,2,22,5,1242,1,2,-1,2,-1
2016621601989,2,9,0,4,0,0,0,0,0,0,2,1,6,2,26,6,1198,1,8,-1,1,-1
2016621601989,3,9,0,4,0,0,0,0,0,0,2,1,6,1,40,7,1968,2,3,-1,1,-1
2016621601989,4,9,0,4,0,0,0,0,0,0,2,1,6,1,45,7,1998,1,2,-1,2,-1
2016621601990,1,9,0,18,0,0,0,0,0,0,1,1,2,2,24,5,1968,2,1,-1,1,-1
2016621601990,2,9,0,4,0,0,1,0,4,0,2,1,2,1,42,7,2993,2,3,-1,3,-1
2016621601990,3,9,0,4,0,0,0,0,0,0,2,1,6,1,45,7,1598,2,2,-1,3,-1
2016621601992,1,9,0,18,0,0,1,0,0,0,1,1,6,2,56,9,1598,1,8,-1,1,-1
2016621601993,1,20,0,18,0,0,0,0,0,0,4,1,1,1,55,8,-1,-1,-1,-1,1,-1
2016621601994,1,9,0,14,0,2,0,0,0,0,1,1,6,1,90,11,999,1,1,-1,1,-1
2016621601995,1,9,0,5,0,1,0,0,0,0,1,1,2,2,33,6,1560,2,8,-1,1,-1
2016621601995,2,2,0,3,0,1,0,0,0,0,2,1,2,1,22,5,108,1,-1,-1,1,-1
2016621601996,1,9,0,12,0,7,0,0,0,0,3,1,6,2,45,7,1328,1,8,-1,1,-1
2016621601996,2,21,0,18,0,8,0,0,0,0,4,1,1,1,30,6,5480,2,12,-1,1,-1
2016621601997,1,9,0,18,0,0,0,0,0,0,1,1,2,1,26,6,1299,1,10,-1,1,-1
2016621601997,2,9,0,4,0,0,0,0,0,0,2,1,6,1,74,10,1598,2,-1,-1,1,-1
2016621601997,3,9,0,4,0,0,0,0,0,0,2,1,2,1,43,7,1794,1,13,-1,1,-1
2016621601997,4,19,0,4,0,0,0,0,0,0,2,1,2,2,50,8,1968,2,-1,-1,1,-1
2016621601998,1,9,0,17,0,0,0,4,0,0,1,1,6,2,43,7,998,1,6,-1,2,-1
2016621601998,2,9,0,2,0,0,0,0,0,0,2,1,6,2,35,6,1242,1,3,-1,2,-1
2016621601999,1,9,0,18,0,0,0,0,0,0,1,1,6,1,25,5,1997,2,13,-1,1,-1
2016621601999,2,9,0,4,0,0,0,0,0,0,2,1,6,2,57,9,1461,2,7,-1,1,-1
2016621601999,3,9,0,4,0,0,0,0,0,0,2,1,6,1,80,11,2148,2,13,-1,1,-1
2016621602000,1,1,0,18,4,0,0,0,0,0,1,1,6,2,22,5,-1,-1,-1,-1,1,-1
2016621602001,1,9,0,18,0,0,0,0,0,0,1,1,1,1,77,11,1699,1,6,-1,1,-1
2016621602001,2,9,0,3,0,0,0,0,0,0,2,1,2,2,32,6,1560,2,7,-1,1,-1
2016621602002,1,9,0,9,0,5,0,0,0,0,1,1,6,2,35,6,1242,1,4,-1,1,-1
2016621602002,2,19,0,18,0,8,0,0,0,0,1,1,1,1,55,8,1598,2,-1,-1,1,-1
2016621602003,1,9,0,18,0,0,1,0,0,0,1,1,2,1,50,8,1995,2,4,-1,1,-1
2016621602003,2,9,0,18,0,0,0,0,0,0,2,2,6,1,28,6,1997,2,12,-1,3,-1
2016621602003,3,9,0,18,0,0,0,0,0,0,2,1,2,1,25,5,1896,2,10,-1,1,-1
2016621602004,1,9,0,18,0,0,0,0,0,0,4,1,6,1,29,6,1461,2,-1,-1,1,-1
2016621602005,1,9,0,18,0,0,0,0,0,0,1,1,6,2,39,7,1299,1,7,-1,1,-1
2016621602005,2,9,0,2,0,0,0,0,0,0,2,1,6,3,-1,-1,1968,2,10,-1,-1,-1
2016621602005,3,9,0,3,0,0,0,0,0,0,3,1,1,2,50,8,1499,2,1,-1,1,-1
2016621602006,1,9,0,6,0,8,0,0,1,11,1,1,6,2,76,11,1596,1,2,-1,1,-1
2016621602007,1,9,0,18,0,0,2,0,0,0,3,1,2,2,29,6,1242,1,7,-1,1,-1
2016621602008,1,9,0,18,0,3,0,0,0,0,1,1,6,1,22,5,1686,2,8,-1,1,-1
2016621602008,2,9,0,18,0,4,0,0,0,0,1,1,6,1,72,10,1968,2,2,-1,1,-1
2016621602009,1,9,0,18,0,0,0,0,0,0,1,1,6,3,-1,-1,-1,-1,-1,-1,-1,-1
2016621602010,1,9,0,9,0,5,0,0,0,0,4,1,6,1,77,11,1586,1,10,-1,1,-1
2016621602010,2,3,0,18,0,8,0,0,0,0,1,1,6,1,17,4,124,1,11,-1,1,-1
2016621602011,1,9,0,18,0,0,0,0,0,0,3,1,6,1,42,7,1595,1,15,-1,1,-1
2016621602012,1,9,0,18,0,8,0,0,0,0,1,1,1,1,42,7,1796,1,9,-1,1,-1
2016621602012,2,9,0,9,0,8,0,0,0,0,1,1,1,2,58,9,1399,1,-1,-1,1,-1
2016621602013,1,9,0,18,0,0,5,4,0,0,1,1,6,1,31,6,1397,1,9,9,1,9
2016621602013,2,9,0,2,0,0,0,0,0,0,1,1,6,3,-1,-1,1461,2,5,-1,-1,-1
2016621602013,3,9,0,2,0,0,0,0,0,0,2,1,6,3,-1,-1,1600,2,7,-1,-1,-1
2016621602014,1,9,0,18,0,1,0,0,0,0,3,1,6,1,27,6,1598,2,-1,-1,1,-1
2016621602015,1,9,0,4,0,0,0,0,0,0,2,1,6,1,64,9,1339,1,14,-1,1,-1
2016621602015,2,9,0,18,0,0,0,0,0,0,1,1,6,1,27,6,1896,2,9,-1,1,-1
2016621602016,1,19,0,9,0,8,0,0,0,0,1,1,1,1,21,5,2143,2,2,-1,1,-1
2016621602017,1,9,0,18,0,0,1,0,1,10,1,1,6,1,21,5,2261,1,9,-1,1,-1
2016621602018,1,1,0,18,0,8,1,0,0,0,1,1,6,1,25,5,-1,-1,-1,-1,1,-1
2016621602018,2,9,0,9,0,5,0,0,0,0,4,1,6,1,86,11,1461,2,-1,-1,1,-1
2016621602019,1,9,0,5,0,4,0,0,0,0,1,1,6,1,70,10,3960,1,16,6,3,6
2016621602019,2,9,0,3,0,4,1,0,0,0,2,1,6,1,40,7,1991,2,9,-1,1,-1
2016621602020,1,9,0,18,0,4,1,0,0,0,1,1,1,1,48,8,1596,1,13,-1,1,-1
2016621602020,2,9,0,18,0,4,0,0,0,0,1,1,1,2,51,8,1391,1,20,-1,1,-1
2016621602021,1,9,0,17,0,0,0,0,0,0,1,1,2,1,28,6,1296,1,10,-1,1,-1
2016621602022,1,9,0,9,0,8,0,0,0,0,4,1,6,1,20,4,1198,1,9,-1,1,-1
2016621602023,1,9,0,18,0,8,0,0,0,0,1,1,3,2,44,7,1198,1,13,-1,1,-1
2016621602023,2,9,0,10,0,8,0,0,0,0,3,1,6,1,51,8,1240,1,11,-1,1,-1
2016621602024,1,9,0,4,0,4,0,0,0,0,1,1,6,1,58,9,2204,2,11,-1,3,-1
2016621602024,2,9,0,4,0,4,0,0,0,0,2,1,6,1,31,6,1339,1,8,-1,2,-1
2016621602025,1,9,0,9,0,8,0,0,0,0,1,1,1,1,22,5,1149,1,3,-1,2,-1
2016621602025,2,9,0,18,0,8,0,0,0,0,1,1,1,1,36,7,1560,2,6,-1,1,-1
2016621602025,3,9,0,18,0,8,0,0,0,0,1,1,1,1,23,5,1598,1,3,-1,1,-1
2016621602026,1,9,0,18,0,8,0,0,0,0,1,1,1,1,48,8,1968,2,3,-1,1,-1
2016621602026,2,9,0,18,0,8,0,0,0,0,3,1,2,2,51,8,2143,2,4,-1,2,-1
2016621602027,1,9,0,9,0,8,0,0,0,0,1,1,6,2,50,8,1390,1,14,7,1,7
2016621602027,2,9,0,18,0,8,0,0,0,0,3,1,6,1,34,6,1193,1,-1,-1,1,-1
2016621602028,1,9,0,18,0,0,0,0,0,0,3,1,6,1,70,10,1560,2,6,-1,1,-1
2016621602028,2,9,0,18,0,0,0,0,0,0,3,1,6,2,30,6,999,1,3,-1,1,-1
2016621602029,1,9,0,18,0,0,0,4,0,0,3,1,6,2,31,6,2148,2,13,-1,1,-1
2016621602029,2,9,0,2,0,0,0,0,0,0,2,1,6,1,69,10,-1,-1,-1,-1,1,-1
2016621602029,3,9,0,2,0,0,0,0,0,0,2,1,6,3,-1,-1,1796,1,12,-1,-1,-1
2016621602030,1,9,0,18,0,1,1,0,0,0,1,1,6,1,72,10,1560,2,-1,-1,1,-1
2016621602031,1,9,0,14,0,0,0,0,0,0,1,1,6,2,22,5,1124,1,13,-1,3,-1
2016621602031,2,9,0,14,0,0,0,0,0,0,2,1,6,1,53,8,1229,1,4,-1,1,-1
2016621602031,3,9,0,2,0,0,0,0,0,0,2,1,6,1,33,6,1360,1,13,-1,1,-1
2016621602032,1,8,0,18,0,1,0,0,0,0,3,1,1,1,40,7,1998,2,7,-1,1,-1
2016621602033,1,9,0,16,0,0,0,0,1,11,1,1,6,1,22,5,1794,1,15,-1,1,-1
2016621602034,1,9,0,9,0,5,0,0,0,0,1,1,1,1,49,8,1368,1,7,-1,1,-1
2016621602034,2,9,0,18,0,8,0,4,0,0,1,1,3,1,31,6,1998,2,11,-1,3,-1
2016621602034,3,9,0,2,0,1,0,0,0,0,1,1,6,3,-1,-1,-1,-1,-1,-1,-1,-1
2016621602035,1,9,0,17,0,1,1,10,0,0,4,1,6,1,29,6,1248,2,7,-1,1,-1
2016621602036,1,9,0,17,0,1,1,0,0,0,1,1,6,2,74,10,1560,2,1,-1,2,-1
2016621602036,2,9,0,18,0,1,1,0,0,0,3,1,6,1,49,8,1560,2,9,-1,1,-1
2016621602036,3,9,0,5,0,1,0,0,0,0,1,1,6,2,59,9,1248,1,4,-1,1,-1
2016621602037,1,9,0,18,0,0,0,0,0,0,1,1,6,2,67,10,1995,1,14,-1,1,-1
2016621602037,2,9,0,4,0,0,0,0,0,0,2,1,6,2,46,8,1587,1,10,-1,1,-1
2016621602037,3,9,0,4,0,0,0,0,0,0,2,1,6,1,68,10,1900,2,11,-1,1,-1