Accident_Index,Vehicle_Reference,Vehicle_Type,Towing_and_Articulation,Vehicle_Manoeuvre,Vehicle_Location-Restricted_Lane,Junction_Location,Skidding_and_Overturning,Hit_Object_in_Carriageway,Vehicle_Leaving_Carriageway,Hit_Object_off_Carriageway,1st_Point_of_Impact,Was_Vehicle_Left_Hand_Drive?,Journey_Purpose_of_Driver,Sex_of_Driver,Age_of_Driver,Age_Band_of_Driver,Engine_Capacity_(CC),Propulsion_Code,Age_of_Vehicle,Driver_IMD_Decile,Driver_Home_Area_Type,Vehicle_IMD_Decile
2016621602037,4,9,0,4,0,0,0,0,0,0,2,1,6,1,40,7,1839,1,13,-1,1,-1
2016621602038,1,8,0,4,0,1,0,0,0,0,1,1,1,1,34,6,1997,2,9,-1,1,-1
2016621602038,2,9,0,4,0,1,0,0,0,0,2,1,6,1,62,9,998,1,-1,-1,1,-1
2016621602039,1,9,0,18,0,1,0,0,0,0,1,1,6,2,21,5,1360,1,13,-1,1,-1
2016621602039,2,9,0,7,0,5,0,0,0,0,2,1,6,2,39,7,1560,2,7,-1,1,-1
2016621602040,1,9,0,18,0,1,0,0,0,0,1,1,6,2,78,11,1968,2,1,-1,1,-1
2016621602041,1,8,0,18,0,1,0,0,0,0,4,1,6,3,-1,-1,-1,-1,-1,-1,-1,-1
2016621602042,1,9,0,1,0,0,0,0,0,0,2,1,6,1,89,11,1299,1,12,-1,1,-1
2016621602043,1,10,0,9,0,6,0,0,0,0,3,1,1,1,49,8,2198,2,-1,-1,1,-1
2016621602043,2,9,0,18,0,8,0,0,0,0,1,1,6,1,24,5,1910,2,8,-1,1,-1
2016621602044,1,9,0,15,0,0,0,0,0,0,4,1,6,1,74,10,1198,1,1,-1,1,-1
2016621602044,2,19,0,2,0,0,0,0,0,0,2,1,6,3,-1,-1,2198,2,3,-1,-1,-1
2016621602044,3,9,0,2,0,0,0,0,0,0,1,1,6,3,-1,-1,1984,1,10,-1,-1,-1
2016621602045,1,3,0,4,0,1,0,0,0,0,1,1,6,1,56,9,125,1,52,-1,1,-1
2016621602045,2,9,0,3,0,1,0,0,0,0,2,1,6,1,34,6,1796,1,13,-1,1,-1
2016621602046,1,9,0,18,0,8,1,0,0,0,1,1,6,1,18,4,1598,1,15,-1,3,-1
2016621602046,2,9,0,18,0,8,0,0,0,0,3,1,3,2,37,7,1986,2,9,-1,2,-1
2016621602047,1,9,0,17,0,0,2,0,1,4,1,1,6,1,37,7,1399,2,12,-1,3,-1
2016621602048,1,9,0,18,0,0,0,0,0,0,1,1,6,1,40,7,1968,2,10,-1,3,-1
2016621602048,2,1,0,18,0,0,0,0,0,0,2,1,2,2,31,6,-1,-1,-1,-1,1,-1
2016621602049,1,9,0,18,0,0,0,0,0,0,1,1,2,1,60,9,1598,1,15,-1,2,-1
2016621602050,1,9,0,18,0,0,0,0,0,0,4,1,6,2,67,10,1598,1,9,-1,1,-1
2016621602050,2,9,0,18,0,0,0,0,0,0,3,1,6,2,64,9,1360,1,6,-1,1,-1
2016621602051,1,3,0,16,0,0,1,0,0,0,0,1,2,1,26,6,125,1,6,-1,1,-1
2016621602052,1,19,0,2,0,0,0,0,0,0,2,1,1,3,-1,-1,1499,2,-1,-1,-1,-1
2016621602052,2,9,0,2,0,0,0,0,0,0,2,1,6,3,-1,-1,2148,2,8,-1,-1,-1
2016621602053,1,9,0,9,0,5,0,0,0,0,1,1,6,1,60,9,1896,2,11,-1,1,-1
2016621602053,2,1,0,10,0,1,0,0,0,0,1,1,6,2,21,5,-1,-1,-1,-1,1,-1
2016621602054,1,9,0,18,0,8,0,0,0,0,3,1,2,1,27,6,1896,2,13,-1,1,-1
2016621602054,2,9,0,18,0,8,0,0,0,0,4,1,6,1,36,7,1299,1,12,-1,1,-1
2016621602055,1,9,0,18,0,0,0,0,7,4,1,1,1,1,28,6,1590,1,13,-1,1,-1
2016621602056,1,9,0,5,0,0,0,0,0,0,3,1,6,3,-1,-1,-1,-1,-1,-1,-1,-1
2016621602056,2,19,0,2,0,0,0,0,0,0,1,1,6,3,-1,-1,1248,2,6,-1,-1,-1
2016621602057,1,9,0,4,0,1,0,0,0,0,1,1,6,1,69,10,1461,2,-1,-1,1,-1
2016621602057,2,9,0,4,0,4,0,0,0,0,2,1,6,2,50,8,999,1,2,-1,1,-1
2016621602058,1,9,0,9,0,8,0,0,0,0,1,1,6,1,29,6,998,1,13,-1,1,-1
2016621602058,2,9,0,18,0,8,0,0,0,0,3,1,6,2,55,8,998,1,10,-1,1,-1
2016621602059,1,9,0,9,0,8,0,0,0,0,1,1,6,2,20,4,1229,1,5,-1,1,-1
2016621602059,2,19,0,18,0,8,0,0,0,0,2,1,6,1,26,6,2198,2,7,-1,2,-1
2016621602060,1,9,0,2,0,2,0,0,0,0,3,1,6,1,46,8,1995,2,1,-1,1,-1
2016621602060,2,1,0,18,0,2,0,0,0,0,4,1,6,1,43,7,-1,-1,-1,-1,1,-1
2016621602061,1,9,0,16,0,0,1,0,0,0,1,1,2,1,19,4,1399,2,10,-1,1,-1
2016621602061,2,9,0,16,0,0,0,0,0,0,2,1,2,1,20,4,1560,2,3,-1,1,-1
2016621602062,1,11,0,18,0,1,0,0,0,0,1,1,1,1,69,10,4250,2,16,-1,1,-1
2016621602062,2,9,0,3,0,1,0,0,0,0,2,1,1,1,21,5,1422,2,12,-1,1,-1
2016621602062,3,9,0,3,0,1,0,0,0,0,2,1,1,2,45,7,1461,2,3,-1,3,-1
2016621602063,1,9,0,9,0,6,0,0,0,0,1,1,6,1,72,10,4196,1,12,-1,1,-1
2016621602063,2,11,0,18,0,8,0,0,0,0,1,1,1,1,28,6,-1,-1,-1,-1,1,-1
2016621602064,1,1,0,18,0,0,0,0,0,0,4,1,6,1,77,11,-1,-1,-1,-1,1,-1
2016621602064,2,9,0,5,0,0,0,0,0,0,1,1,6,2,23,5,1598,2,2,-1,1,-1
2016621602065,1,1,0,7,0,8,0,0,0,0,1,1,6,1,22,5,-1,-1,-1,-1,1,-1
2016621602065,2,9,0,16,0,8,0,0,0,0,1,1,6,1,37,7,1799,1,8,-1,1,-1
2016621602066,1,9,0,18,0,0,0,0,0,7,1,1,6,2,28,6,998,1,4,-1,1,-1
2016621602067,1,9,0,18,0,4,0,0,0,0,1,1,6,1,52,8,2157,2,-1,-1,1,-1
2016621602067,2,9,0,3,0,4,0,0,0,0,2,1,2,2,26,6,1242,1,3,-1,1,-1
2016621602068,1,9,0,18,0,6,0,0,0,0,1,1,6,2,18,4,999,1,1,4,1,4
2016621602068,2,9,0,18,0,8,0,0,0,0,3,1,6,1,48,8,1399,1,13,-1,1,-1
2016621602069,1,9,0,12,0,0,0,0,0,0,1,1,6,1,83,11,1998,1,13,-1,1,-1
2016621602069,2,9,0,18,0,0,0,0,0,0,1,1,6,2,63,9,1399,2,12,-1,2,-1
2016621602069,3,9,0,18,0,0,0,0,0,0,1,1,6,1,30,6,1598,1,10,-1,1,-1
2016621602070,1,9,0,9,0,6,0,0,0,0,1,1,6,2,18,4,1242,1,12,-1,1,-1
2016621602070,2,19,0,18,0,8,0,0,0,0,1,1,6,1,51,8,1870,2,12,-1,1,-1
2016621602071,1,9,0,1,0,0,0,0,0,0,4,1,6,1,31,6,2143,2,4,-1,1,-1
2016621602071,2,3,0,18,0,0,1,0,0,0,1,1,2,1,20,4,124,1,11,-1,1,-1
2016621602072,1,9,0,9,0,5,0,0,0,0,1,1,6,1,61,9,1461,2,1,-1,1,-1
2016621602073,1,9,0,18,0,4,0,7,0,0,1,1,6,2,67,10,1390,1,2,-1,1,-1
2016621602074,1,9,0,7,0,8,0,0,0,0,1,1,6,2,18,4,1200,1,12,-1,1,-1
2016621602075,1,19,0,17,0,2,0,0,0,0,4,1,2,1,26,6,1996,2,2,-1,1,-1
2016621602076,1,9,0,5,0,8,0,0,0,0,1,1,6,1,21,5,1299,1,11,-1,2,-1
2016621602076,2,9,0,3,0,8,0,0,0,0,2,1,6,1,55,8,998,1,-1,-1,1,-1
2016621602077,1,19,0,18,0,0,0,0,0,0,3,1,1,1,28,6,1598,2,1,-1,1,-1
2016621602077,2,9,0,18,0,0,0,0,0,0,3,1,6,1,76,11,1360,1,11,-1,1,-1
2016621602077,3,9,0,2,0,0,0,0,0,0,3,1,6,3,-1,-1,1461,2,5,-1,-1,-1
2016621602078,1,9,0,12,0,8,5,10,4,6,1,1,6,1,73,10,1956,2,2,6,1,6
2016621602078,2,9,0,18,0,8,0,0,0,0,4,1,6,2,50,8,1364,2,2,-1,2,-1
2016621602079,1,8,0,5,0,1,0,0,0,0,1,1,2,1,31,6,1560,2,6,-1,1,-1
2016621602079,2,5,0,3,0,4,0,0,0,0,2,1,6,1,31,6,124,1,2,-1,1,-1
2016621602080,1,9,0,18,0,1,0,0,7,1,1,1,1,1,32,6,2720,2,10,-1,2,-1
2016621602080,2,9,0,10,0,1,0,0,0,0,0,1,1,1,41,7,1329,1,4,-1,3,-1
2016621602080,3,9,0,18,0,1,0,0,0,0,1,1,1,2,31,6,1591,1,-1,-1,2,-1
2016621602081,1,9,0,18,0,0,0,0,7,2,1,1,2,1,52,8,1595,1,9,-1,1,-1
2016621602081,2,19,0,18,0,0,0,0,0,0,3,1,6,1,45,7,1968,2,3,-1,1,-1
2016621602081,3,1,0,18,0,0,0,0,0,0,1,1,2,1,54,8,-1,-1,-1,-1,1,-1
2016621602082,1,9,0,18,7,2,0,0,0,0,1,1,6,3,-1,-1,1896,2,15,-1,-1,-1
2016621602083,1,9,0,16,0,8,0,0,0,0,1,1,6,1,31,6,1560,2,6,-1,1,-1
2016621602083,2,9,0,17,0,8,1,0,0,0,3,1,6,2,50,8,1998,1,15,-1,1,-1
2016621602084,1,3,0,7,0,8,0,0,0,0,3,1,6,1,46,8,124,1,15,-1,1,-1
2016621602084,2,9,0,18,0,8,0,0,0,0,3,1,6,2,24,5,1686,2,12,-1,1,-1
2016621602085,1,9,0,18,0,4,0,0,0,0,1,1,2,2,61,9,1997,2,2,-1,1,-1
2016621602085,2,19,0,9,0,8,0,0,0,0,1,1,2,1,33,6,1997,2,1,-1,1,-1
2016621602086,1,9,0,7,0,6,0,0,0,0,1,1,3,2,39,7,1364,1,6,-1,1,-1
2016621602086,2,1,0,18,0,8,0,0,0,0,4,1,1,1,56,9,-1,-1,-1,-1,1,-1
2016621602087,1,9,0,18,0,0,0,0,0,0,1,1,4,1,17,4,998,1,4,-1,1,-1
2016621602088,1,9,0,18,0,0,0,4,0,0,1,1,6,1,28,6,1399,2,6,-1,3,-1
2016621602088,2,9,0,2,0,0,0,0,0,0,3,1,6,3,-1,-1,1896,2,13,-1,-1,-1
2016621602088,3,9,0,2,0,0,0,0,0,0,2,1,6,3,-1,-1,1968,2,2,-1,-1,-1
2016621602089,1,9,0,18,0,8,0,0,0,0,1,1,6,1,65,9,1685,2,2,-1,2,-1
2016621602089,2,9,0,9,0,8,0,0,0,0,3,1,6,1,38,7,2687,1,9,-1,1,-1
2016621602090,1,9,0,4,0,0,0,0,0,0,1,1,6,1,46,8,1797,8,2,-1,1,-1
2016621602090,2,9,0,4,0,0,0,0,0,0,2,1,6,1,56,9,1560,2,9,-1,1,-1
2016621602090,3,9,0,4,0,0,0,0,0,0,2,1,6,2,25,5,1242,1,3,-1,1,-1
2016621602090,4,9,0,4,0,0,0,0,0,0,2,1,6,1,36,7,2179,2,4,-1,1,-1
2016621602090,5,9,0,4,0,0,0,0,0,0,2,1,6,2,26,6,1390,1,7,-1,1,-1
2016621602091,1,1,0,18,0,6,0,0,0,0,1,1,6,1,43,7,-1,-1,-1,-1,1,-1
2016621602091,2,9,0,9,0,2,0,0,0,0,4,1,6,2,33,6,1995,2,13,-1,1,-1
2016621602092,1,9,0,18,0,0,0,0,0,0,1,1,6,3,-1,-1,1798,1,11,-1,-1,-1
2016621602092,2,9,0,10,0,0,0,0,0,0,2,1,1,2,23,5,1499,1,2,-1,1,-1
2016621602092,3,9,0,2,0,0,0,0,0,0,2,1,6,3,-1,-1,1598,1,5,-1,-1,-1
2016621602092,4,9,0,2,0,0,0,0,0,0,2,1,6,3,-1,-1,1242,1,3,-1,-1,-1
2016621602093,1,9,0,7,0,5,0,0,0,0,4,1,1,1,56,9,1798,1,7,-1,1,-1
2016621602093,2,1,0,18,9,8,0,0,0,0,1,1,6,1,28,6,-1,-1,-1,-1,1,-1
2016621602094,1,9,0,9,0,1,0,0,0,0,4,1,6,1,35,6,1598,1,4,-1,1,-1
2016621602094,2,3,0,18,0,1,0,0,0,0,1,1,6,1,47,8,125,1,13,-1,1,-1
2016621602095,1,1,0,14,0,8,0,0,0,0,1,1,6,1,22,5,-1,-1,-1,-1,1,-1
2016621602095,2,9,0,18,0,8,0,0,0,0,3,1,1,1,53,8,1248,2,7,-1,1,-1
2016621602096,1,9,0,18,0,1,0,11,0,0,1,1,6,1,46,8,1596,1,12,-1,1,-1
2016621602097,1,19,0,13,0,0,2,0,7,11,4,1,6,1,50,8,1560,2,9,-1,3,-1
2016621602097,2,9,0,18,0,0,0,0,0,0,3,1,6,1,49,8,2457,1,13,-1,3,-1
2016621602097,3,9,0,18,0,0,1,0,1,11,1,1,6,1,59,9,1461,2,-1,-1,3,-1
2016621602098,1,9,0,18,0,0,0,0,0,0,1,1,2,1,28,6,1323,1,16,-1,1,-1
2016621602099,1,9,0,16,0,1,2,10,7,2,1,1,6,1,52,8,1596,1,1,-1,1,-1
2016621602100,1,9,0,18,0,8,0,0,0,0,3,1,6,1,57,9,1248,1,2,-1,1,-1
2016621602101,1,19,0,1,0,0,0,0,0,0,2,1,1,1,36,7,1968,2,5,-1,3,-1
2016621602102,1,3,0,18,0,0,0,0,0,0,0,1,6,2,18,4,125,1,14,-1,1,-1
2016621602103,1,9,0,18,0,3,0,0,0,0,3,1,6,1,70,10,1834,1,16,-1,1,-1
2016621602103,2,9,0,18,0,1,0,0,0,0,3,1,6,2,29,6,1896,2,8,-1,2,-1
2016621602104,1,3,0,4,0,0,0,0,0,0,0,1,6,2,37,7,124,1,16,-1,3,-1
2016621602105,1,9,0,18,0,8,2,7,1,1,1,1,6,1,25,5,1984,1,5,-1,1,-1
2016621602106,1,9,0,18,0,0,0,0,0,0,3,1,6,3,-1,-1,-1,-1,-1,-1,-1,-1
2016621602107,1,9,0,5,0,4,0,0,0,0,1,1,6,1,23,5,1896,2,13,-1,2,-1
2016621602107,2,9,0,3,0,4,0,0,0,0,2,1,6,1,84,11,1364,1,10,-1,1,-1
2016621602108,1,9,0,18,0,8,0,0,0,0,1,1,6,1,34,6,1360,1,14,-1,1,-1
2016621602109,1,3,0,14,0,8,0,0,0,0,1,1,2,1,22,5,124,1,1,-1,1,-1
2016621602109,2,9,0,6,0,8,0,0,0,0,3,1,6,1,39,7,1560,2,3,-1,1,-1
2016621602109,3,9,0,3,0,8,0,0,0,0,0,1,6,1,48,8,1560,2,1,-1,1,-1
2016621602110,1,9,0,18,0,0,0,0,1,2,1,1,6,1,24,5,1229,1,3,-1,1,-1
2016621602111,1,9,0,18,0,1,0,0,0,0,1,1,6,1,19,4,1598,2,4,-1,1,-1
2016621602111,2,9,0,3,0,1,0,0,0,0,2,1,6,1,26,6,998,1,15,-1,1,-1
2016621602111,3,9,0,3,0,1,0,0,0,0,2,1,6,1,64,9,1197,1,-1,-1,1,-1
2016621602112,1,9,0,18,0,0,0,0,0,0,4,1,6,1,21,5,1968,2,1,-1,1,-1
2016621602113,1,3,0,16,0,0,0,0,0,0,0,1,6,1,23,5,125,1,-1,-1,1,-1
2016621602114,1,9,0,5,0,1,0,10,7,1,1,1,6,2,36,7,1390,1,11,-1,1,-1
2016621602115,1,9,0,9,0,8,0,0,0,0,4,1,6,1,31,6,1560,2,4,-1,1,-1
2016621602115,2,4,0,18,0,8,0,0,0,0,1,1,6,1,17,4,124,1,-1,-1,1,-1
2016621602116,1,9,0,18,0,0,0,0,0,0,1,1,6,1,65,9,2198,2,7,-1,1,-1
2016621602116,2,9,0,18,0,0,0,0,0,0,2,1,6,1,25,5,1598,2,-1,-1,2,-1
2016621602117,1,9,0,16,0,0,0,0,0,0,1,1,3,2,58,9,1149,1,1,-1,1,-1
2016621602118,1,9,0,18,0,1,0,0,0,0,3,1,6,3,-1,-1,-1,-1,-1,-1,-1,-1
2016621602118,2,1,0,18,0,8,0,0,0,0,1,1,6,1,13,3,-1,-1,-1,-1,1,-1
2016621602119,1,9,0,18,0,0,0,0,1,11,1,1,6,2,53,8,1598,2,5,-1,3,-1
2016621602120,1,4,0,17,0,0,1,0,1,11,1,1,6,1,39,7,373,1,2,-1,1,-1
2016621602121,1,9,0,18,0,0,0,0,0,0,1,1,6,1,71,10,1560,2,2,-1,1,-1
2016621602121,2,9,0,2,0,0,0,0,0,0,2,1,6,1,58,9,1599,1,14,-1,1,-1
2016621602122,1,9,0,18,0,8,0,0,0,0,1,1,6,1,29,6,1968,2,9,-1,1,-1
2016621602122,2,8,0,2,0,1,0,0,0,0,2,1,1,1,33,6,1797,8,6,-1,1,-1
2016621602123,1,9,0,18,0,0,0,7,0,0,1,1,6,2,76,11,1596,1,10,-1,1,-1
2016621602124,1,9,0,18,0,0,2,0,1,6,3,1,6,1,61,9,1998,1,9,-1,1,-1
2016621602125,1,8,0,18,0,2,0,0,0,0,3,1,1,1,50,8,2460,2,11,-1,1,-1
2016621602126,1,9,0,18,0,2,0,0,0,0,4,1,6,2,47,8,998,1,12,-1,1,-1
2016621602127,1,9,0,16,0,0,0,0,0,0,1,1,2,1,57,9,1596,1,8,-1,1,-1
2016621602127,2,9,0,17,0,0,0,0,0,0,3,1,6,1,59,9,1397,1,6,-1,1,-1
2016621602127,3,9,0,17,0,0,0,0,0,0,1,1,6,2,20,4,1242,1,7,-1,1,-1
2016621602127,4,9,0,2,0,0,0,0,0,0,4,1,6,3,-1,-1,1242,1,-1,-1,-1,-1
2016621602128,1,9,0,18,0,0,0,0,0,0,1,1,6,1,21,5,1242,1,11,-1,1,-1
2016621602129,1,9,0,7,0,6,0,0,0,0,1,1,6,2,63,9,1598,1,10,-1,1,-1
2016621602129,2,9,0,17,0,8,0,0,0,0,3,1,6,1,46,8,1753,2,12,-1,1,-1
2016621602130,1,9,0,18,0,8,1,0,0,0,1,1,2,1,41,7,1995,2,6,-1,1,-1
2016621602130,2,9,0,9,0,8,0,0,0,0,4,1,2,1,38,7,1396,1,16,-1,1,-1
2016621602131,1,9,0,18,0,1,0,0,0,0,4,1,6,2,57,9,1229,1,6,-1,1,-1
2016621602132,1,9,0,9,0,5,0,0,0,0,3,1,6,3,-1,-1,-1,-1,-1,-1,-1,-1
2016621602132,2,9,0,18,0,8,0,0,0,0,1,1,1,2,48,8,1498,1,7,-1,1,-1
2016621700001,1,19,0,18,0,4,0,9,0,0,1,1,6,1,27,6,1868,2,11,-1,1,-1
2016621700002,1,9,0,16,0,0,2,0,2,4,1,1,6,1,26,6,1998,2,12,-1,2,-1
2016621700003,1,9,0,18,0,0,5,7,0,0,3,1,6,1,84,11,1998,1,14,-1,3,-1
2016621700004,1,11,0,5,0,1,0,0,0,0,0,1,1,1,57,9,4250,2,10,-1,3,-1
2016621700005,1,9,0,18,0,0,0,11,0,0,1,1,6,2,51,8,1598,1,3,-1,1,-1
2016621700006,1,9,0,18,0,0,0,0,1,1,1,1,6,2,20,4,1242,1,2,-1,2,-1
2016621700007,1,9,0,18,0,0,1,0,7,11,1,1,6,1,18,4,1390,1,15,-1,1,-1
2016621700008,1,9,0,18,0,0,0,0,0,0,1,1,6,2,54,8,1560,2,8,-1,1,-1
2016621700008,2,19,0,4,0,0,0,0,0,0,2,1,1,1,57,9,2461,2,5,-1,1,-1
2016621700009,1,9,0,9,0,6,0,0,0,0,1,1,6,1,26,6,1995,2,6,-1,3,-1
2016621700009,2,9,0,18,0,8,0,0,0,0,1,1,6,1,28,6,1124,1,15,-1,2,-1
2016621700010,1,9,0,18,0,1,0,0,0,0,1,1,6,1,60,9,3200,2,9,-1,3,-1
2016621700010,2,9,0,9,0,8,0,0,0,0,3,1,6,1,67,10,1364,1,9,-1,1,-1
2016621700011,1,9,0,18,0,0,2,0,2,10,1,1,6,1,30,6,-1,-1,-1,-1,1,-1
2016621700012,1,9,0,16,0,0,0,4,1,0,1,1,6,1,17,4,1349,1,7,-1,1,-1
2016621700012,2,9,0,2,0,0,0,0,0,0,2,1,6,3,-1,-1,1395,8,-1,-1,-1,-1
2016621700013,1,1,0,18,0,0,0,0,0,0,1,1,6,1,16,4,-1,-1,-1,-1,1,-1
2016621700013,2,9,0,5,0,0,0,0,0,0,1,1,6,2,64,9,1591,1,2,-1,1,-1
2016621700015,1,9,0,17,0,0,5,0,1,4,1,1,6,1,23,5,1461,2,8,-1,1,-1
2016621700016,1,9,0,18,0,0,0,0,0,0,1,1,1,1,62,9,1590,1,-1,-1,2,-1
2016621700016,2,9,0,18,0,0,0,0,1,10,1,1,6,1,39,7,1598,2,1,-1,2,-1
2016621700016,3,9,0,18,0,0,0,0,0,0,3,1,6,1,38,7,1995,2,-1,-1,2,-1
2016621700017,1,9,0,5,0,8,0,0,0,0,1,1,6,1,39,7,1399,1,-1,-1,1,-1
2016621700018,1,9,0,1,0,0,0,0,0,0,2,1,1,1,55,8,2143,2,3,-1,1,-1
2016621700019,1,9,0,18,0,8,0,0,0,0,4,1,1,1,36,7,1149,1,-1,-1,1,-1
2016621700019,2,9,0,18,0,8,0,0,0,0,1,1,6,2,47,8,1560,2,4,-1,2,-1
2016621700020,1,8,0,18,0,0,0,0,0,0,0,1,1,1,36,7,1598,2,3,-1,1,-1
2016621700021,1,9,0,18,0,0,1,0,0,0,1,1,6,1,22,5,1149,1,13,-1,1,-1
2016621700021,2,9,0,18,0,0,0,0,0,0,1,1,6,2,45,7,1997,2,2,-1,1,-1
2016621700022,1,9,0,18,0,0,0,0,0,0,4,1,6,2,18,4,998,1,6,-1,3,-1
2016621700023,1,8,0,18,0,3,0,0,0,0,0,1,6,2,49,8,1997,2,13,-1,1,-1
2016621700024,1,9,0,16,0,0,1,0,7,0,3,1,6,3,-1,-1,1984,1,13,-1,-1,-1
2016621700024,2,9,0,17,0,0,0,0,0,0,3,1,6,1,49,8,2979,1,13,-1,1,-1
2016621700025,1,9,0,9,0,5,0,0,0,0,1,1,6,2,49,8,1596,1,10,-1,1,-1
2016621700025,2,9,0,18,0,8,0,0,0,0,1,1,6,2,74,10,1399,1,8,-1,1,-1
2016621700026,1,9,0,6,0,0,0,0,0,0,3,1,6,2,21,5,1598,1,13,-1,1,-1
2016621700026,2,5,0,12,0,0,0,0,0,0,1,1,1,1,25,5,1300,1,1,-1,1,-1
2016621700027,1,9,0,18,0,8,0,0,0,0,4,1,6,2,73,10,1242,1,2,-1,1,-1
2016621700027,2,4,0,18,0,8,0,0,0,0,1,1,6,1,30,6,125,1,4,-1,1,-1
2016621700028,1,9,0,18,0,4,0,0,0,0,1,1,6,1,46,8,2987,2,1,-1,2,-1
2016621700028,2,9,0,18,0,8,0,0,0,0,4,1,6,1,34,6,1956,2,6,-1,1,-1
2016621700029,1,9,0,17,0,0,1,0,0,0,4,1,1,2,45,7,1299,1,17,-1,2,-1
2016621700029,2,9,0,16,0,0,0,0,0,0,1,1,2,1,53,8,1396,1,15,-1,3,-1
2016621700030,1,9,0,12,0,8,0,0,0,0,3,1,6,3,-1,-1,-1,-1,-1,-1,-1,-1
2016621700030,2,9,0,13,0,8,0,0,0,0,1,1,6,1,60,9,4799,1,10,-1,1,-1
2016621700030,3,9,0,18,0,8,0,0,0,0,1,1,6,2,43,7,998,1,5,-1,1,-1
2016621700031,1,9,0,18,0,1,0,0,0,0,1,1,6,2,88,11,998,1,14,-1,1,-1
2016621700032,1,9,0,5,0,6,0,10,0,11,1,1,6,2,68,10,-1,-1,-1,-1,2,-1
2016621700033,1,9,0,18,0,0,5,4,0,0,1,1,6,1,21,5,998,1,10,-1,1,-1
2016621700033,2,9,0,2,0,0,5,0,0,0,2,1,6,1,55,8,996,1,3,-1,1,-1
2016621700033,3,9,0,2,0,0,0,0,0,0,2,1,6,3,-1,-1,1242,1,8,-1,-1,-1
2016621700034,1,9,0,12,0,1,0,0,1,1,3,1,6,1,32,6,1598,2,1,-1,1,-1
2016621700034,2,9,0,18,0,1,0,0,0,0,1,1,6,2,22,5,2143,2,3,-1,2,-1
2016621700037,1,9,0,18,0,0,5,0,1,0,1,1,6,1,32,6,2993,2,14,-1,1,-1
2016621700039,1,9,0,7,0,0,0,10,7,11,1,1,6,1,53,8,1229,1,12,-1,1,-1
2016621700041,1,1,0,9,0,8,0,0,0,0,1,1,6,1,24,5,-1,-1,-1,-1,1,-1
2016621700041,2,8,0,18,0,8,0,0,0,0,3,1,1,1,51,8,1560,2,-1,-1,1,-1
2016621700044,1,9,0,18,0,0,0,0,0,0,1,1,6,3,-1,-1,-1,-1,-1,-1,-1,-1
2016621700074,1,9,0,5,9,0,0,0,0,0,1,1,6,3,-1,-1,-1,-1,-1,-1,-1,-1
2016621700088,1,9,0,6,0,0,0,0,0,0,3,1,6,1,76,11,2967,1,13,-1,1,-1
2016621700088,2,9,0,18,0,0,0,0,0,0,1,1,6,1,49,8,1997,2,2,-1,1,-1
2016621700099,1,9,0,4,0,3,0,0,0,0,1,1,6,1,34,6,1496,1,1,-1,1,-1
2016621700099,2,9,0,3,0,3,0,0,0,0,2,1,6,1,27,6,1598,1,3,-1,3,-1
2016621700099,3,9,0,3,0,3,0,0,0,0,2,1,6,3,-1,-1,998,1,-1,-1,-1,-1
2016621700104,1,9,0,18,0,0,0,0,0,0,1,1,6,1,55,8,1598,1,9,-1,1,-1
2016621700104,2,9,0,18,0,0,0,0,0,0,2,1,6,2,24,5,1242,1,13,-1,1,-1
2016621700106,1,9,0,4,0,2,0,0,0,0,4,1,6,1,49,8,1364,1,6,-1,1,-1
201662WG00001,1,19,0,8,0,6,0,0,0,0,1,1,1,1,62,9,-1,-1,-1,-1,1,-1
201662WG00001,2,1,0,18,0,8,0,0,0,0,1,1,6,1,57,9,-1,-1,-1,-1,3,-1
201663AC00116,1,9,0,2,0,1,0,0,0,0,1,1,6,1,54,8,1598,2,2,-1,3,-1
201663AC00216,1,9,0,18,0,0,0,0,0,0,1,1,6,1,18,4,1461,2,7,-1,3,-1
201663AC00216,2,19,0,18,0,0,0,0,0,0,1,1,6,1,22,5,1598,1,16,-1,3,-1
201663AC00216,3,9,0,18,0,0,0,0,0,0,1,1,6,1,24,5,1461,2,6,-1,3,-1
201663AC00316,1,9,0,9,0,1,0,0,0,0,1,1,6,2,39,7,1560,2,11,-1,1,-1
201663AC00316,2,1,0,7,0,1,0,0,0,0,1,1,6,1,64,9,-1,-1,-1,-1,1,-1
201663AC00416,1,9,0,18,0,0,0,0,1,0,1,1,6,1,23,5,1598,1,10,-1,1,-1
201663AC00516,1,5,0,17,0,0,1,0,0,0,4,1,6,1,21,5,-1,-1,-1,-1,3,-1
201663AC00616,1,9,0,18,0,0,0,0,1,7,4,1,6,2,23,5,1240,1,7,-1,1,-1
201663AC00716,1,9,0,18,0,0,0,4,0,0,1,1,1,2,29,6,1240,1,12,-1,1,-1
201663AC00716,2,9,0,2,6,0,0,0,1,0,2,1,1,2,38,7,1598,2,3,-1,1,-1
201663AC00816,1,19,0,18,0,0,0,0,7,10,1,1,6,1,46,8,1995,2,3,-1,1,-1
201663AC00816,2,9,0,2,0,0,0,0,0,0,1,1,6,1,50,8,2987,2,8,-1,1,-1
201663AC00916,1,9,0,18,0,1,0,0,0,0,1,1,6,1,82,11,1560,2,10,-1,3,-1
201663AC00916,2,9,0,9,0,1,0,0,0,0,2,1,6,1,59,9,1998,1,19,-1,3,-1