Accident_Index,Vehicle_Reference,Vehicle_Type,Towing_and_Articulation,Vehicle_Manoeuvre,Vehicle_Location-Restricted_Lane,Junction_Location,Skidding_and_Overturning,Hit_Object_in_Carriageway,Vehicle_Leaving_Carriageway,Hit_Object_off_Carriageway,1st_Point_of_Impact,Was_Vehicle_Left_Hand_Drive?,Journey_Purpose_of_Driver,Sex_of_Driver,Age_of_Driver,Age_Band_of_Driver,Engine_Capacity_(CC),Propulsion_Code,Age_of_Vehicle,Driver_IMD_Decile,Driver_Home_Area_Type,Vehicle_IMD_Decile
201663AC01016,1,9,0,18,0,0,1,0,7,0,1,1,6,1,28,6,1598,1,10,-1,2,-1
201663AC01116,1,9,0,1,0,0,0,0,0,0,2,1,6,1,34,6,1870,2,7,-1,3,-1
201663AC01116,2,9,0,18,0,0,0,0,0,0,1,1,6,2,23,5,1598,1,14,-1,1,-1
201663AC01216,1,9,0,18,0,0,2,0,0,0,1,1,6,2,68,10,1200,1,-1,-1,3,-1
201663AC01316,1,9,0,18,0,0,0,0,0,0,1,1,2,1,42,7,1596,1,12,-1,1,-1
201663AC01316,2,21,0,18,0,0,0,0,0,0,2,1,1,1,49,8,9200,2,10,-1,3,-1
201663AC01416,1,9,0,1,0,0,0,0,0,0,2,1,1,1,33,6,1598,1,14,-1,1,-1
201663AC01516,1,9,0,18,9,0,0,0,1,10,1,1,6,1,26,6,1229,1,11,-1,1,-1
201663AC01716,1,17,4,18,0,2,0,0,0,0,1,1,1,1,51,8,4525,2,1,-1,3,-1
201663AC01716,2,9,0,16,0,1,5,0,0,0,2,1,3,2,29,6,2696,2,9,-1,3,-1
201663AC01816,1,9,0,16,0,0,1,0,0,0,1,1,6,2,28,6,1299,1,15,-1,3,-1
201663AC01916,1,9,0,18,0,0,0,0,0,0,1,1,6,1,21,5,1149,1,13,-1,1,-1
201663AC01916,2,3,0,18,0,0,0,0,0,0,4,1,6,1,21,5,124,1,20,-1,1,-1
201663AC02016,1,17,0,18,0,0,0,0,0,0,1,1,1,3,-1,-1,-1,-1,-1,-1,-1,-1
201663AC02016,2,9,0,4,0,0,0,0,0,0,2,1,1,2,35,6,1560,2,10,-1,3,-1
201663AC02116,1,19,0,4,0,0,1,0,0,0,1,1,2,1,43,7,2287,2,7,-1,-1,-1
201663AC02116,2,9,0,18,0,0,0,0,0,0,2,1,6,2,34,6,1386,1,8,-1,1,-1
201663AC02216,1,5,0,18,0,4,0,0,0,0,0,1,6,1,25,5,806,1,1,-1,1,-1
201663AC02216,2,9,0,5,0,4,0,0,0,0,0,1,6,3,-1,-1,-1,-1,-1,-1,-1,-1
201663AC02316,1,19,0,18,0,0,0,0,0,0,1,1,1,1,19,4,2461,2,12,-1,3,-1
201663AC02316,2,19,0,18,0,0,0,0,0,0,2,1,6,1,49,8,2143,2,2,-1,1,-1
201663AC02316,3,8,0,18,0,0,0,0,0,0,2,1,2,2,46,8,1910,2,11,-1,3,-1
201663AC02316,4,17,0,18,0,0,0,0,0,0,0,1,6,3,-1,-1,-1,-1,-1,-1,-1,-1
201663AC02416,1,9,0,18,0,1,0,0,0,0,1,1,6,1,73,10,1364,1,6,-1,1,-1
201663AC02416,2,9,4,1,0,6,0,0,0,0,2,1,6,1,44,7,-1,-1,-1,-1,3,-1
201663AC02516,1,9,0,18,0,0,0,0,0,0,4,1,6,1,70,10,1951,2,10,-1,2,-1
201663AC02516,2,90,0,4,0,0,0,0,0,0,0,1,1,1,52,8,7146,2,4,-1,1,-1
201663AC02616,1,9,0,18,0,2,0,0,0,0,3,1,6,1,18,4,1149,1,6,-1,1,-1
201663AC02716,1,19,0,18,0,0,1,0,1,4,3,1,6,1,35,6,1997,2,13,-1,3,-1
201663AC02816,1,9,0,18,0,1,0,0,0,0,1,1,6,2,65,9,1229,1,9,-1,1,-1
201663AC02816,2,9,0,18,0,1,0,0,0,0,2,1,6,2,30,6,1910,2,10,-1,1,-1
201663AC03016,1,9,0,18,0,0,0,0,0,0,1,1,6,1,18,4,998,1,1,-1,3,-1
201663AC03016,2,9,0,18,0,0,0,0,0,0,2,1,2,2,21,5,1149,1,12,-1,3,-1
201663AC03016,3,19,0,18,0,0,0,0,0,0,2,1,1,1,34,6,1996,2,4,-1,2,-1
201663AC03116,1,9,0,18,0,0,1,4,0,0,4,1,6,1,85,11,1598,2,8,-1,3,-1
201663AC03116,2,9,0,2,0,0,0,0,0,0,4,1,6,3,-1,-1,2401,2,14,-1,-1,-1
201663AC03116,3,9,0,2,0,0,0,0,0,0,4,1,6,2,67,10,1870,2,5,-1,2,-1
201663AC03216,1,3,0,18,0,0,1,0,0,0,0,1,2,1,24,5,124,1,8,-1,1,-1
201663AC03316,1,9,0,18,0,0,2,0,7,9,1,1,1,1,44,7,1242,1,13,-1,3,-1
201663AC03416,1,9,0,5,0,3,0,10,0,0,1,1,6,1,47,8,1986,2,9,-1,2,-1
201663AC03416,2,9,0,18,0,1,0,0,0,0,4,1,6,1,36,7,1998,1,13,-1,3,-1
201663AC03516,1,9,0,18,0,1,0,0,0,0,3,1,6,1,35,6,1968,2,9,-1,3,-1
201663AC03516,2,3,0,18,0,1,0,0,0,0,3,1,6,1,17,4,124,1,15,-1,2,-1
201663AC03616,1,3,0,18,0,0,1,0,1,10,1,1,6,2,22,5,124,1,8,-1,2,-1
201663AC03716,1,9,0,16,0,0,2,0,0,0,3,1,6,1,47,8,1388,1,9,-1,1,-1
201663AC03816,1,9,0,14,0,0,0,0,0,0,1,1,6,1,59,9,1753,2,13,5,3,5
201663AC03816,2,9,0,4,0,0,0,0,0,0,0,1,6,2,78,11,1998,1,20,-1,3,-1
201663AC03916,1,9,0,17,0,0,1,0,1,9,3,1,6,1,20,4,1493,1,18,-1,1,-1
201663AC04016,1,9,0,18,0,1,0,10,1,9,1,1,6,2,77,11,1299,1,14,-1,3,-1
201663AC04116,1,9,0,18,0,2,0,0,0,0,1,1,3,2,72,10,1360,1,11,-1,1,-1
201663AC04116,2,9,0,18,0,1,0,0,0,0,3,1,6,2,26,6,1599,1,10,-1,1,-1
201663AC04216,1,9,0,18,0,1,0,0,0,0,1,1,3,2,45,7,1587,1,11,-1,3,-1
201663AC04216,2,9,0,10,0,1,0,0,0,0,2,1,3,2,46,8,2435,1,15,-1,3,-1
201663AC04316,1,9,0,18,0,0,0,0,0,0,1,1,6,2,67,10,1598,1,7,-1,1,-1
201663AC04316,2,8,0,3,0,0,0,0,0,0,2,1,1,1,36,7,1598,2,5,-1,1,-1
201663AC04416,1,9,0,18,0,0,1,0,0,0,1,1,6,2,20,4,1229,1,7,-1,1,-1
201663AC04416,2,9,0,18,0,0,0,0,0,0,1,1,6,1,22,5,1896,2,12,-1,2,-1
201663AC04516,1,9,0,18,0,0,0,0,0,0,1,1,6,3,-1,-1,-1,-1,-1,-1,-1,-1
201663AC04516,2,9,0,4,0,0,0,0,0,0,2,1,3,2,40,7,998,1,7,-1,1,-1
201663AC04616,1,9,0,18,0,0,0,0,0,0,1,1,6,1,27,6,1560,2,12,-1,2,-1
201663AC04616,2,9,0,18,0,0,0,0,0,0,1,1,6,1,41,7,1905,2,19,-1,3,-1
201663AC04616,3,9,4,18,0,0,0,0,0,0,0,1,1,1,63,9,-1,-1,-1,-1,3,-1
201663AC04716,1,9,0,17,0,0,0,0,0,0,0,1,1,1,18,4,-1,-1,-1,-1,3,-1
201663AC04816,1,1,0,18,0,1,0,0,0,0,1,1,6,1,54,8,-1,-1,-1,-1,3,-1
201663AC04816,2,10,0,2,0,1,0,0,0,0,2,1,1,1,45,7,2500,2,8,-1,3,-1
201663AC04916,1,9,0,18,0,0,1,0,0,0,1,1,6,1,36,7,1248,2,9,-1,1,-1
201663AC04916,2,9,0,18,0,0,0,0,1,0,1,1,2,2,58,9,1329,1,6,-1,1,-1
201663AC04916,3,9,0,18,0,0,1,0,0,0,1,1,6,1,32,6,1560,2,6,10,3,10
201663AC05016,1,4,0,5,0,4,0,0,0,0,4,1,6,1,36,7,-1,-1,-1,-1,1,-1
201663AC05016,2,9,0,18,0,4,0,0,0,0,2,1,6,1,50,8,1198,1,3,6,1,6
201663AC05116,1,9,0,18,0,6,0,4,0,0,1,1,6,2,29,6,1299,1,18,-1,2,-1
201663AC05116,2,9,0,2,0,1,0,0,0,0,1,1,6,3,-1,-1,1600,1,5,-1,-1,-1
201663AC05216,1,9,0,18,0,1,0,0,0,0,1,1,6,1,63,9,2979,1,13,10,1,10
201663AC05216,2,9,0,3,0,1,0,0,0,0,2,1,6,1,56,9,1968,2,3,-1,1,-1
201663AC05316,1,9,0,18,0,0,1,0,7,4,4,1,2,2,39,7,1390,1,14,-1,2,-1
201663AC05416,1,20,0,18,0,1,0,0,0,0,1,1,1,1,51,8,5193,2,8,-1,2,-1
201663AC05416,2,9,0,10,0,1,0,0,0,0,2,1,6,2,30,6,1493,2,8,-1,3,-1
201663AC05516,1,5,0,7,0,1,1,10,0,0,3,1,6,1,55,8,850,1,21,-1,1,-1
201663AC05616,1,1,0,18,0,6,0,0,0,0,1,1,6,1,17,4,-1,-1,-1,-1,1,-1
201663AC05616,2,9,0,7,0,6,0,0,0,0,4,1,6,3,-1,-1,-1,-1,-1,-1,-1,-1
201663AC05716,1,9,0,9,0,1,0,0,0,0,4,1,2,1,54,8,1560,2,7,-1,3,-1
201663AC05716,2,9,0,18,0,1,0,0,0,0,1,1,6,1,59,9,1398,2,10,-1,1,-1
201663AC05816,1,9,0,18,0,0,0,0,0,0,1,1,6,1,72,10,1598,1,10,-1,3,-1
201663AC05816,2,9,0,2,0,0,0,0,0,0,0,1,6,3,-1,-1,-1,-1,-1,-1,-1,-1
201663AC05916,1,9,0,18,0,1,1,0,0,0,1,1,6,1,18,4,1328,1,9,-1,1,-1
201663AC05916,2,9,0,3,0,1,0,0,0,0,4,1,6,1,32,6,1560,2,3,-1,3,-1
201663AC05916,3,9,0,18,0,1,0,0,0,0,2,1,6,1,26,6,1968,2,2,-1,1,-1
201663AC05916,4,9,0,3,0,1,0,0,0,0,0,1,6,3,-1,-1,-1,-1,-1,-1,-1,-1
201663AC06016,1,9,0,5,0,6,0,0,0,0,1,1,6,1,34,6,2500,2,44,-1,3,-1
201663AC06016,2,9,0,18,0,1,0,0,0,0,1,1,6,2,65,9,3980,1,19,7,1,7
201663AC06116,1,9,0,18,0,0,1,0,0,0,1,1,6,2,85,11,1200,1,2,-1,2,-1
201663AC06216,1,9,0,18,0,0,2,0,1,0,3,1,6,2,48,8,1294,1,29,-1,3,-1
201663AC06316,1,9,0,18,0,0,0,0,0,0,1,1,3,2,40,7,1968,2,8,-1,3,-1
201663AC06316,2,19,0,18,0,0,0,0,0,0,1,1,6,1,23,5,-1,-1,-1,-1,3,-1
201663AC06416,1,3,0,18,0,0,1,0,0,0,1,1,1,1,20,4,125,1,-1,-1,2,-1
201663AC06416,2,9,0,18,0,0,0,0,0,0,1,1,2,2,30,6,1242,1,1,-1,3,-1
201663AC06516,1,9,0,18,0,1,0,0,0,0,1,1,6,2,61,9,1390,1,12,-1,1,-1
201663AC06516,2,9,0,3,0,1,0,0,0,0,2,1,1,2,35,6,898,1,1,-1,2,-1
201663AC06516,3,19,0,3,0,6,0,0,0,0,0,1,6,3,-1,-1,-1,-1,-1,-1,-1,-1
201663AC06516,4,9,0,4,0,1,0,0,0,0,0,1,6,3,-1,-1,-1,-1,-1,-1,-1,-1
201663AC06616,1,9,4,18,0,0,5,0,1,3,1,1,1,1,66,10,1997,2,14,-1,3,-1
201663AC06716,1,9,0,17,0,0,5,0,1,10,1,1,6,1,26,6,998,1,10,-1,1,-1
201663AC06816,1,9,0,18,0,1,1,4,0,0,1,1,6,2,39,7,1994,2,13,-1,3,-1
201663AC06816,2,9,0,3,0,1,0,0,0,0,2,1,6,2,47,8,1461,2,7,-1,3,-1
201663AC06816,3,9,0,10,0,1,0,0,0,0,0,1,6,3,-1,-1,-1,-1,-1,-1,-1,-1
201663AC06916,1,9,0,18,0,0,0,4,0,0,1,1,6,1,40,7,1896,2,16,-1,1,-1
201663AC06916,2,9,0,2,0,0,0,4,0,0,2,1,6,3,-1,-1,1796,1,6,-1,-1,-1
201663AC07016,1,9,0,18,0,2,0,0,0,0,1,1,6,1,46,8,1956,2,1,-1,1,-1
201663AC07016,2,9,0,18,0,8,0,0,0,0,1,1,6,1,52,8,1968,2,8,-1,1,-1
201663AC07116,1,9,0,9,0,1,0,0,0,0,1,1,6,2,18,4,998,1,12,-1,3,-1
201663AC07116,2,9,0,18,0,1,0,0,0,0,1,1,6,1,28,6,1360,1,12,-1,3,-1
201663AC07216,1,5,0,3,0,0,0,0,0,0,2,1,6,1,68,10,745,1,44,-1,1,-1
201663AC07216,2,5,0,18,0,0,1,0,0,0,1,1,6,1,66,10,1137,1,16,-1,1,-1
201663AC07316,1,9,0,18,0,0,0,0,0,0,1,1,6,2,31,6,1968,2,2,-1,2,-1
201663AC07316,2,9,0,18,0,0,0,0,0,3,3,1,6,1,79,11,1598,1,3,-1,2,-1
201663AC07416,1,9,0,18,0,1,0,4,0,0,1,1,2,2,44,7,1497,1,13,-1,3,-1
201663AC07416,2,9,0,2,0,8,0,0,1,0,2,1,6,1,60,9,1896,2,9,-1,3,-1
201663AC07516,1,19,0,18,0,5,2,0,1,0,1,1,2,1,42,7,2143,2,2,-1,1,-1
201663AC07516,2,19,0,7,0,5,5,0,1,0,2,1,1,1,34,6,2402,2,5,-1,1,-1
201663AC07616,1,9,0,18,0,3,0,0,0,0,2,1,6,2,83,11,1995,2,10,-1,3,-1
201663AC07616,2,9,0,18,0,3,0,0,0,0,1,1,6,1,57,9,1598,1,6,-1,3,-1
201663AC07716,1,9,0,16,0,0,1,0,7,4,1,1,6,2,42,7,1560,2,10,-1,3,-1
201663AC07816,1,9,0,8,0,1,0,0,0,0,3,1,6,1,74,10,1598,1,12,-1,2,-1
201663AC07816,2,9,0,18,0,1,0,0,0,0,1,1,6,2,55,8,1149,1,13,-1,2,-1
201663AC07916,1,9,0,18,0,0,0,0,1,10,1,1,6,2,34,6,1248,2,6,-1,3,-1
201663AC07916,2,9,0,18,0,0,0,0,1,10,1,1,1,1,54,8,1398,2,13,-1,3,-1
201663AC07916,3,9,0,18,0,0,0,0,0,0,0,1,6,3,-1,-1,-1,-1,-1,-1,-1,-1
201663AC07916,4,9,0,18,0,0,0,0,0,0,0,1,6,3,-1,-1,-1,-1,-1,-1,-1,-1
201663AC08016,1,19,0,18,0,4,0,0,0,0,1,1,1,1,38,7,1560,2,1,-1,1,-1
201663AC08016,2,9,0,18,0,1,0,0,0,0,2,1,6,2,31,6,1597,2,-1,-1,-1,-1
201663AC08016,3,9,0,18,0,1,0,0,0,0,0,1,6,1,40,7,1598,1,9,-1,3,-1
201663AC08116,1,9,0,18,0,0,0,0,0,0,3,1,2,1,45,7,1598,1,15,-1,1,-1
201663AC08216,1,9,0,18,0,0,0,0,0,0,1,1,6,2,29,6,999,1,1,-1,1,-1
201663AC08216,2,9,0,18,0,0,0,0,0,0,2,1,6,2,41,7,1781,2,12,-1,3,-1
201663AC08316,1,19,0,7,0,3,0,0,0,0,1,1,6,3,-1,-1,-1,-1,-1,-1,-1,-1
201663AC08316,2,3,0,17,0,8,0,0,0,0,2,1,6,1,26,6,113,1,1,-1,3,-1
201663AC08416,1,9,0,18,0,2,0,0,0,0,4,1,1,2,21,5,1796,1,6,-1,1,-1
201663AC08516,1,9,0,18,0,8,0,0,0,0,1,1,1,1,28,6,1997,2,9,-1,1,-1
201663AC08516,2,9,0,9,0,8,0,0,0,0,4,1,2,2,54,8,1461,2,3,-1,3,-1
201663AC08616,1,90,0,7,0,1,5,0,0,0,3,1,6,1,72,10,-1,3,4,-1,1,-1
201663AC08716,1,19,0,18,0,1,0,0,0,0,1,1,2,1,53,8,2143,2,2,-1,3,-1
201663AC08716,2,9,0,18,0,1,0,0,0,0,2,1,6,2,20,4,1299,1,9,-1,1,-1
201663AC08816,1,19,0,18,0,0,0,4,0,0,1,1,3,1,37,7,2148,2,9,-1,3,-1
201663AC08816,2,9,0,2,0,0,0,4,0,0,1,1,6,1,45,7,1199,1,14,-1,3,-1
201663AC08916,1,9,0,4,0,1,0,0,0,0,2,1,6,2,28,6,1587,1,18,-1,2,-1
201663AC08916,2,9,0,3,0,1,0,0,0,0,2,1,6,1,43,7,1499,2,1,-1,-1,-1
201663AC08916,3,19,0,18,0,1,1,4,0,0,1,1,1,1,21,5,2402,2,13,-1,3,-1
201663AC08916,4,19,0,18,0,1,0,0,0,0,0,1,6,3,-1,-1,-1,-1,-1,-1,-1,-1
201663AC09016,1,9,0,18,0,1,0,0,0,0,1,1,2,1,31,6,1149,1,12,-1,1,-1
201663AC09016,2,9,0,3,0,1,0,0,0,0,2,1,3,1,39,7,1870,2,11,-1,1,-1
201663AC09116,1,9,0,18,0,1,0,0,0,0,2,1,6,2,25,5,1199,1,16,-1,3,-1
201663AC09116,2,9,0,18,0,1,0,0,0,0,1,1,6,2,35,6,2143,2,1,-1,3,-1
201663AC09216,1,9,0,9,0,5,0,0,0,0,1,1,6,1,79,11,1998,2,4,-1,3,-1
201663AC09216,2,3,0,18,0,1,0,0,7,0,1,1,6,1,25,5,125,1,14,-1,3,-1
201663AC09416,1,9,0,18,0,1,0,0,1,10,1,1,6,1,23,5,-1,-1,-1,-1,2,-1
201663AC09516,1,9,0,16,0,0,0,0,8,4,1,1,6,1,47,8,1753,2,10,-1,3,-1
201663AC09616,1,19,0,18,0,0,0,0,0,0,4,1,6,1,33,6,2198,2,3,-1,2,-1
201663AC09716,1,9,0,18,0,0,0,0,0,1,1,1,6,2,22,5,1364,2,6,-1,3,-1
201663AC09716,2,5,0,3,0,0,0,0,0,0,2,1,6,1,61,9,1690,1,1,-1,1,-1
201663AC09716,3,9,0,3,0,0,0,0,0,0,0,1,6,3,-1,-1,-1,-1,-1,-1,-1,-1
201663AC09816,1,9,0,18,0,0,2,0,7,4,1,1,6,2,23,5,1149,1,6,-1,3,-1
201663AC09916,1,9,0,18,0,0,1,0,4,6,3,1,6,1,20,4,1197,1,3,-1,3,-1
201663AC09916,2,9,0,18,0,0,0,0,0,0,2,1,6,1,69,10,1968,2,10,-1,2,-1
201663AC10016,1,9,0,18,0,0,5,0,7,10,1,1,6,1,67,10,-1,-1,-1,-1,3,-1
201663AC10116,1,9,0,5,0,1,0,0,0,0,1,1,6,2,54,8,1398,2,4,-1,3,-1
201663AC10116,2,9,0,18,0,1,0,0,7,3,1,1,6,2,50,8,1560,2,2,-1,3,-1
201663AC10216,1,9,0,18,0,0,5,4,1,10,3,1,6,2,87,11,996,1,3,-1,3,-1
201663AC10216,2,9,0,2,6,0,0,0,1,0,1,1,6,2,87,11,998,1,17,-1,2,-1
201663AC10216,3,20,0,18,0,0,0,0,0,0,3,1,1,1,52,8,-1,-1,-1,-1,1,-1
201663AC10316,1,9,0,13,0,0,0,0,0,0,3,1,6,1,70,10,1988,2,12,-1,3,-1
201663AC10316,2,9,0,15,0,0,0,0,0,0,3,1,6,1,26,6,1390,1,15,-1,3,-1
201663AC10316,3,9,4,18,0,0,0,0,0,0,3,1,1,1,69,10,-1,-1,-1,-1,3,-1
201663AC10416,1,9,0,9,0,1,0,0,0,0,1,1,1,2,46,8,1895,1,15,-1,1,-1
201663AC10416,2,3,0,18,0,1,1,0,0,0,1,1,1,1,24,5,124,1,2,-1,1,-1
201663AC10516,1,9,0,5,0,1,0,0,0,0,1,1,2,2,43,7,1968,2,12,-1,2,-1
201663AC10516,2,9,0,4,0,1,0,0,0,0,2,1,6,1,43,7,1598,1,9,-1,3,-1
201663AC10616,1,3,0,18,0,0,0,0,0,0,0,1,6,1,19,4,124,1,6,-1,2,-1
201663AC10716,1,9,0,18,0,0,0,0,0,0,1,1,1,1,58,9,1997,2,5,-1,3,-1
201663AC10716,2,9,0,18,0,0,0,0,0,0,2,1,3,2,32,6,1995,2,14,-1,3,-1
201663AC10816,1,3,0,18,0,8,1,0,0,0,1,1,6,1,51,8,929,1,16,-1,2,-1
201663AC10916,1,3,0,4,0,1,1,0,0,0,1,1,6,1,25,5,124,1,-1,-1,3,-1
201663AC10916,2,3,0,4,0,1,0,0,0,0,2,1,6,1,24,5,125,1,2,-1,1,-1
201663AC10916,3,3,0,4,0,1,0,0,0,0,0,1,6,1,24,5,-1,-1,-1,-1,2,-1
201663AC10916,4,9,0,4,0,1,0,0,0,0,0,1,6,3,-1,-1,-1,-1,-1,-1,-1,-1
201663AC10916,5,9,0,5,0,6,0,0,0,0,0,1,6,3,-1,-1,-1,-1,-1,-1,-1,-1
201663AC11016,1,9,0,18,0,0,0,4,0,0,1,1,6,2,72,10,1399,2,8,-1,1,-1
201663AC11016,2,9,0,2,0,0,0,0,0,0,2,1,6,1,23,5,1461,2,14,-1,1,-1
201663AC11116,1,9,0,18,0,1,0,0,0,0,1,1,6,2,34,6,1997,2,9,-1,1,-1
201663AC11116,2,9,0,18,0,1,0,0,0,0,2,1,6,2,18,4,1390,1,7,-1,2,-1
201663AC11216,1,9,0,18,0,1,1,0,0,0,1,1,6,2,19,4,1198,1,8,-1,3,-1
201663AC11216,2,9,0,4,0,1,0,0,0,0,2,1,6,2,19,4,1199,1,13,-1,2,-1
201663AC11216,3,9,0,4,0,1,0,0,0,0,2,1,6,1,68,10,1896,2,8,-1,1,-1
201663AC11216,4,9,0,10,0,1,0,0,0,0,0,1,6,3,-1,-1,-1,-1,-1,-1,-1,-1
201663AC11316,1,19,0,18,0,4,0,0,0,0,1,1,1,1,36,7,1968,2,6,-1,1,-1
201663AC11316,2,9,0,5,0,4,0,0,0,0,2,1,3,1,44,7,996,1,5,-1,1,-1
201663AC11416,1,9,0,18,0,0,0,0,0,0,1,1,6,2,63,9,1598,1,17,-1,1,-1
201663AC11416,2,90,0,18,0,0,0,0,0,0,1,1,6,2,78,11,-1,3,3,-1,1,-1
201663AC11516,1,9,0,18,0,0,0,0,0,0,2,1,6,1,63,9,2497,2,20,-1,3,-1
201663AC11516,2,9,4,18,0,0,0,0,0,0,1,1,6,1,79,11,2793,1,18,-1,1,-1
201663AC11616,1,9,0,9,0,6,0,0,0,0,1,1,6,2,79,11,1193,1,1,-1,1,-1
201663AC11616,2,9,0,18,0,1,0,4,0,0,3,1,6,2,25,5,1968,2,9,-1,1,-1
201663AC11616,3,9,0,2,0,1,0,0,0,0,2,1,6,3,-1,-1,1968,2,3,-1,-1,-1
201663AC11716,1,9,0,18,0,0,0,0,0,0,4,1,6,1,39,7,898,1,1,-1,1,-1
201663AC11816,1,9,0,18,8,8,0,0,0,0,1,1,6,2,66,10,998,1,1,-1,1,-1
201663AC11916,1,9,0,7,0,1,1,0,3,10,1,1,6,1,47,8,1997,2,1,-1,3,-1
201663AC12016,1,9,4,18,0,0,3,0,7,4,1,1,6,1,77,11,-1,-1,-1,-1,3,-1
201663AC12016,2,19,0,18,0,0,1,0,0,0,3,1,1,1,51,8,2461,2,7,-1,1,-1
201663AC12116,1,9,0,18,0,0,2,0,0,0,1,1,6,1,17,4,1248,2,7,-1,3,-1
201663AC12216,1,8,0,18,0,1,0,0,0,0,1,1,6,1,60,9,1997,2,1,-1,3,-1
201663AC12216,2,9,0,3,0,1,0,0,0,0,2,1,6,1,24,5,1598,1,13,-1,-1,-1
201663AC12316,1,5,0,18,0,4,0,0,0,0,2,1,6,1,67,10,800,1,3,-1,1,-1
201663AC12316,2,5,0,18,0,4,1,0,0,0,1,1,6,1,68,10,1137,1,12,-1,1,-1
201663AC12416,1,9,0,9,0,8,1,0,0,0,3,1,6,1,23,5,1968,2,3,-1,3,-1
201663AC12416,2,5,0,18,0,8,1,0,0,0,1,1,6,1,46,8,1298,1,16,-1,3,-1
201663AC12516,1,9,0,18,0,1,0,0,0,0,1,1,6,1,32,6,1686,2,2,2,1,2
201663AC12516,2,9,0,18,0,1,0,0,0,0,2,1,6,1,59,9,1796,1,14,-1,3,-1
201663AC12616,1,9,0,18,0,0,0,0,0,0,1,1,6,1,60,9,1398,2,11,-1,3,-1
201663AC12716,1,9,0,4,0,1,0,0,0,0,1,1,6,3,-1,-1,-1,-1,-1,-1,-1,-1
201663AC12716,2,1,0,18,0,8,0,0,0,0,1,1,6,1,15,3,-1,-1,-1,-1,1,-1
201663AC12816,1,19,0,18,0,1,0,0,0,0,1,1,2,1,68,10,2151,2,13,-1,3,-1
201663AC12816,2,9,0,3,0,1,0,0,0,0,2,1,2,2,32,6,1995,2,9,-1,2,-1
201663AC12816,3,9,0,9,0,5,0,0,0,0,0,1,2,2,44,7,1496,2,1,-1,2,-1
201663AC12916,1,19,0,4,0,1,1,0,0,0,1,1,1,1,73,10,-1,-1,-1,-1,1,-1
201663AC12916,2,19,0,3,0,1,0,0,0,0,2,1,1,1,34,6,1997,2,10,-1,1,-1
201663AC12916,3,19,0,3,0,5,0,0,0,0,2,1,1,1,46,8,24614,2,16,-1,1,-1
201663AC13016,1,9,0,3,0,1,0,0,0,0,2,1,6,2,32,6,1797,8,4,-1,1,-1
201663AC13016,2,9,0,18,0,1,0,0,0,0,1,1,6,1,40,7,2000,2,11,-1,1,-1
201663AC13116,1,9,0,18,0,0,1,0,7,4,1,1,6,1,28,6,1994,2,12,-1,1,-1
201663AC13216,1,9,0,18,0,1,0,0,0,0,1,1,6,1,86,11,2497,1,13,-1,3,-1
201663AC13216,2,1,0,18,0,1,0,0,0,0,1,1,6,1,48,8,-1,-1,-1,-1,3,-1
201663AC13316,1,9,0,18,0,0,0,0,0,0,1,1,6,1,24,5,1896,2,15,-1,2,-1
201663AC13416,1,9,0,18,0,0,0,4,0,0,1,1,6,1,19,4,1396,1,15,-1,1,-1
201663AC13416,2,9,0,2,0,0,0,0,0,0,3,1,6,3,-1,-1,2494,2,2,-1,-1,-1
201663AC13416,3,9,0,2,0,0,0,0,0,0,3,1,6,3,-1,-1,1197,1,-1,-1,-1,-1
201663AC13516,1,9,0,17,0,0,2,0,1,0,1,1,6,1,27,6,2000,2,11,1,1,1
201663AC13516,2,21,0,18,0,0,0,0,0,0,0,1,6,3,-1,-1,-1,-1,-1,-1,-1,-1
201663AC13616,1,9,0,18,0,1,0,0,0,0,1,1,6,2,18,4,1198,1,5,-1,1,-1
201663AC13616,2,9,0,14,0,1,0,0,0,0,2,1,6,1,49,8,1389,1,18,-1,1,-1
201663AC13616,3,8,0,4,0,1,0,0,0,0,0,1,1,1,47,8,1998,2,9,-1,1,-1
201663AC13716,1,9,0,18,0,1,0,0,0,0,1,1,6,3,-1,-1,-1,-1,-1,-1,-1,-1
201663AC13716,2,19,0,18,0,1,0,0,0,0,2,1,1,1,37,7,1753,2,9,8,1,8
201663AC13816,1,9,0,18,0,0,5,0,8,10,3,1,6,2,25,5,1598,1,11,-1,3,-1
201663AC13916,1,5,0,17,0,1,1,0,2,10,1,1,6,1,36,7,-1,-1,-1,-1,-1,-1
201663AC13916,2,9,0,2,6,1,0,0,0,0,4,1,6,1,55,8,-1,-1,-1,-1,3,-1
201663AC14016,1,5,0,17,0,0,1,0,1,10,1,1,6,1,30,6,782,1,11,-1,1,-1
201663AC14116,1,9,0,9,0,1,0,0,0,0,4,1,1,1,58,9,1560,2,4,-1,3,-1
201663AC14116,2,9,0,18,0,1,0,0,0,0,2,1,6,2,42,7,1242,1,6,-1,3,-1
201663AC14216,1,9,0,17,0,1,1,0,0,0,1,1,2,1,18,4,1199,2,4,-1,1,-1
201663AC14216,2,9,0,16,0,2,0,0,7,0,1,1,6,1,53,8,898,1,1,-1,1,-1
201663AC14316,1,9,0,18,0,0,5,4,0,0,4,1,1,1,25,5,-1,-1,-1,-1,3,-1
201663AC14316,2,9,0,2,0,0,0,0,0,0,1,1,6,1,25,5,1390,1,10,-1,1,-1
201663AC14316,3,9,0,2,0,0,0,0,0,0,2,1,6,1,35,6,1995,2,5,-1,3,-1
201663AC14416,1,9,0,18,0,0,0,4,0,0,1,1,6,1,20,4,1396,1,14,-1,3,-1
201663AC14416,2,9,0,2,0,0,0,0,0,0,2,1,6,2,24,5,1595,1,10,-1,1,-1
201663AC14516,1,9,0,9,0,6,0,0,0,0,3,1,6,2,18,4,998,1,1,-1,1,-1