Accident_Index,Vehicle_Reference,Vehicle_Type,Towing_and_Articulation,Vehicle_Manoeuvre,Vehicle_Location-Restricted_Lane,Junction_Location,Skidding_and_Overturning,Hit_Object_in_Carriageway,Vehicle_Leaving_Carriageway,Hit_Object_off_Carriageway,1st_Point_of_Impact,Was_Vehicle_Left_Hand_Drive?,Journey_Purpose_of_Driver,Sex_of_Driver,Age_of_Driver,Age_Band_of_Driver,Engine_Capacity_(CC),Propulsion_Code,Age_of_Vehicle,Driver_IMD_Decile,Driver_Home_Area_Type,Vehicle_IMD_Decile
201663AC14516,2,9,0,18,0,1,0,0,0,0,1,1,6,2,20,4,1242,1,3,-1,1,-1
201663AC14616,1,9,0,18,0,0,0,0,0,0,1,1,6,2,17,4,1242,1,2,-1,1,-1
201663AC14616,2,9,0,18,0,0,0,0,1,0,1,1,6,2,24,5,1753,2,8,-1,3,-1
201663AC14716,1,9,0,18,0,0,2,0,1,1,1,1,6,1,44,7,1799,1,18,-1,3,-1
201663AC14816,1,3,0,7,0,5,1,0,0,0,4,1,6,1,20,4,125,1,3,-1,3,-1
201663AC14916,1,9,0,18,0,0,0,0,0,0,1,1,6,1,48,8,-1,-1,-1,-1,3,-1
201663AC14916,2,9,0,18,0,0,0,0,0,0,1,1,2,1,76,11,1399,2,5,-1,3,-1
201663AC14916,3,9,0,18,0,0,0,0,0,0,1,1,6,1,61,9,1998,1,9,-1,3,-1
201663AC15016,1,9,0,18,0,0,1,0,1,0,1,1,6,2,20,4,998,1,6,-1,3,-1
201663AC15116,1,9,0,18,0,0,1,0,1,0,3,1,2,1,47,8,1149,1,7,-1,1,-1
201663AC15216,1,9,0,14,0,0,0,0,0,0,4,1,6,2,47,8,1598,1,12,-1,3,-1
201663AC15216,2,9,0,2,0,0,0,0,0,0,0,1,6,1,26,6,1587,1,16,-1,1,-1
201663AC15316,1,9,0,16,0,0,0,0,0,0,1,1,6,2,66,10,1388,1,8,-1,3,-1
201663AC15416,1,5,0,18,0,0,1,0,7,9,3,1,6,1,31,6,798,1,-1,4,2,4
201663AC15416,2,9,0,18,0,0,0,0,0,0,0,1,6,3,-1,-1,-1,-1,-1,-1,-1,-1
201663AC15516,1,9,0,18,0,0,0,0,0,0,1,1,6,2,27,6,1896,2,11,-1,3,-1
201663AC15516,2,9,0,18,0,0,0,0,0,0,1,1,6,2,44,7,1461,2,4,-1,3,-1
201663AC15616,1,9,0,14,0,0,0,0,0,0,4,1,6,2,67,10,1968,2,4,-1,3,-1
201663AC15616,2,9,0,2,0,0,0,0,0,0,0,1,6,2,35,6,1796,1,6,-1,3,-1
201663AC15716,1,19,0,18,0,0,0,0,0,0,1,1,1,1,20,4,1868,2,11,-1,3,-1
201663AC15716,2,9,0,3,0,0,0,0,0,0,2,1,1,1,28,6,1242,1,-1,-1,1,-1
201663AC15716,3,9,0,18,0,0,0,0,0,0,2,1,1,1,29,6,1398,2,5,-1,1,-1
201663AC15816,1,5,0,18,0,0,1,0,1,0,1,1,6,1,29,6,749,1,12,-1,3,-1
201663AC15916,1,5,0,18,0,0,1,0,0,0,4,1,6,1,24,5,998,1,12,-1,1,-1
201663AC15916,2,9,0,3,0,0,0,0,0,0,0,1,6,3,-1,-1,-1,-1,-1,-1,-1,-1
201663AC16016,1,9,0,18,0,1,0,0,0,0,1,1,6,1,49,8,-1,-1,-1,-1,3,-1
201663AC16016,2,9,0,18,0,1,0,0,0,0,1,1,6,3,-1,-1,-1,-1,-1,-1,-1,-1
201663AC16116,1,9,0,13,0,0,0,0,0,0,4,1,6,1,28,6,-1,-1,-1,-1,-1,-1
201663AC16116,2,9,0,13,0,0,0,0,0,0,3,1,6,1,46,8,1596,1,13,-1,1,-1
201663AC16116,3,9,0,18,0,0,0,0,0,0,0,1,6,3,-1,-1,-1,-1,-1,-1,-1,-1
201663AC16216,1,9,0,18,0,0,2,0,8,10,1,1,6,1,20,4,1149,1,10,-1,2,-1
201663AC16216,2,9,0,18,0,0,0,0,0,0,0,1,6,1,20,4,1229,1,2,-1,3,-1
201663AC16316,1,9,0,18,0,1,1,0,0,0,1,1,6,1,46,8,1461,2,12,-1,3,-1
201663AC16316,2,21,0,9,0,6,0,0,0,0,3,1,1,1,52,8,16120,2,4,-1,3,-1
201663AC16416,1,9,0,18,0,0,0,0,1,0,1,1,6,1,40,7,2496,2,14,-1,3,-1
201663AC16416,2,9,0,3,0,0,0,0,0,0,2,1,6,1,56,9,1896,2,8,-1,3,-1
201663AC16416,3,9,0,18,0,0,0,0,1,10,1,1,6,2,36,7,1461,2,3,-1,3,-1
201663AC16516,1,9,0,9,0,1,0,0,0,0,1,1,6,1,26,6,1995,2,13,-1,3,-1
201663AC16516,2,9,0,18,0,1,0,0,0,0,1,1,6,2,45,7,1997,2,7,-1,1,-1
201663AC16616,1,9,0,18,0,4,0,0,0,0,1,1,6,1,70,10,1461,2,3,-1,3,-1
201663AC16616,2,1,0,9,0,8,0,0,0,0,4,1,6,1,46,8,-1,-1,-1,-1,3,-1
201663AC16716,1,9,0,18,0,1,0,0,0,0,1,1,6,1,47,8,1560,2,2,-1,1,-1
201663AC16716,2,9,0,3,0,1,0,0,0,0,2,1,6,2,40,7,1461,2,-1,-1,2,-1
201663AC16716,3,9,0,18,0,1,0,0,0,0,2,1,6,3,-1,-1,-1,-1,-1,-1,-1,-1
201663AC16716,4,9,0,3,0,1,0,0,0,0,2,1,6,1,19,4,1242,1,13,-1,1,-1
201663AC16816,1,9,0,18,0,0,0,0,0,0,0,1,6,3,-1,-1,-1,-1,-1,-1,-1,-1
201663AC16816,2,9,0,18,0,0,0,0,1,10,1,1,6,1,52,8,3189,1,10,-1,3,-1
201663AC16916,1,9,0,18,0,0,0,0,2,10,4,1,1,1,58,9,1582,2,4,-1,1,-1
201663AC17016,1,3,0,18,0,0,1,0,0,0,0,1,6,1,81,11,150,1,56,-1,1,-1
201663AC17116,1,9,0,18,0,0,0,0,0,0,1,1,6,2,33,6,1390,1,7,4,1,4
201663AC17116,2,9,0,2,0,0,0,0,0,0,0,1,6,3,-1,-1,-1,-1,-1,-1,-1,-1
201663AC17116,3,9,0,2,0,0,0,0,0,0,0,1,6,3,-1,-1,-1,-1,-1,-1,-1,-1
201663AC17216,1,5,0,5,0,1,1,0,0,0,3,1,6,1,57,9,1584,1,8,-1,1,-1
201663AC17316,1,3,0,18,0,4,1,0,0,0,1,1,6,1,19,4,124,1,1,-1,1,-1
201663AC17316,2,9,0,5,0,3,0,0,0,0,1,1,6,1,39,7,1275,1,18,-1,1,-1
201663AC17416,1,8,0,18,0,1,0,0,0,0,1,1,1,1,45,7,1968,2,-1,-1,3,-1
201663AC17416,2,9,0,18,0,1,0,0,0,0,2,1,6,2,49,8,1349,1,9,-1,3,-1
201663AC17516,1,3,0,18,0,8,1,0,0,0,4,1,6,1,21,5,100,1,13,-1,3,-1
201663AC17516,2,9,0,18,0,4,0,0,0,0,1,1,6,3,-1,-1,-1,-1,-1,-1,-1,-1
201663AC17616,1,9,0,18,0,4,0,0,0,0,1,1,6,1,67,10,1796,1,13,-1,1,-1
201663AC17616,2,1,0,9,0,4,0,0,0,0,1,1,6,1,22,5,-1,-1,-1,-1,1,-1
201663AC17716,1,19,0,18,0,1,0,0,3,10,1,1,6,1,27,6,1995,2,5,-1,3,-1
201663AC17716,2,9,0,18,0,8,0,0,0,0,1,1,6,2,58,9,995,1,4,-1,2,-1
201663AC17816,1,9,0,18,0,0,0,0,0,0,1,1,1,2,20,4,1124,1,12,-1,1,-1
201663AC17816,2,9,0,18,0,0,0,0,0,0,1,1,6,1,17,4,1242,1,11,-1,3,-1
201663AC17916,1,9,0,18,0,0,2,0,7,0,4,1,6,1,19,4,998,1,4,-1,1,-1
201663AC18016,1,9,0,4,0,0,0,0,0,0,4,1,1,1,21,5,1461,2,6,-1,1,-1
201663AC18016,2,9,0,18,0,0,0,8,0,0,3,1,1,2,51,8,-1,-1,-1,-1,2,-1
201663AC18116,1,9,0,18,0,0,0,0,0,0,1,1,6,2,33,6,1124,1,15,-1,1,-1
201663AC18116,2,9,0,4,0,0,0,0,0,0,2,1,6,1,44,7,1360,1,7,-1,1,-1
201663AC18216,1,9,0,18,0,1,0,0,0,0,2,1,1,1,42,7,2360,1,13,-1,1,-1
201663AC18216,2,9,0,18,0,1,0,0,0,0,1,1,6,2,24,5,1349,1,4,-1,3,-1
201663AC18216,3,9,0,18,0,1,0,0,0,0,1,1,6,1,19,4,1598,1,12,-1,3,-1
201663AC18216,4,9,0,10,0,8,0,0,0,0,0,1,6,3,-1,-1,-1,-1,-1,-1,-1,-1
201663AC18316,1,9,0,18,0,1,0,7,7,2,1,1,6,2,43,7,2993,2,5,-1,1,-1
201663AC18416,1,9,0,18,0,0,0,0,0,0,1,1,6,2,29,6,1796,1,7,-1,3,-1
201663AC18416,2,1,0,9,0,0,0,0,0,0,2,1,6,1,14,3,-1,-1,-1,-1,3,-1
201663AC18516,1,9,0,18,0,4,0,10,7,7,1,1,6,1,80,11,1598,2,2,-1,3,-1
201663AC18616,1,9,0,18,0,0,1,0,1,10,1,1,6,1,28,6,2987,2,7,-1,3,-1
201663AC18616,2,9,0,18,0,0,0,0,0,0,1,1,6,2,69,10,1998,1,11,-1,3,-1
201663AC18716,1,9,0,18,0,1,0,0,0,0,1,1,6,1,30,6,1596,1,9,-1,-1,-1
201663AC18716,2,1,0,9,0,8,0,0,0,0,1,1,6,1,35,6,-1,-1,-1,-1,1,-1
201663AC18816,1,19,0,18,0,1,0,0,0,0,1,1,6,1,31,6,1870,2,12,-1,1,-1
201663AC18816,2,9,0,18,0,1,0,0,0,0,4,1,1,2,60,9,1582,2,-1,-1,1,-1
201663AC18916,1,9,0,18,0,0,0,0,0,0,1,1,6,1,55,8,2687,1,9,-1,3,-1
201663AC18916,2,19,0,18,0,0,0,0,0,0,1,1,1,1,58,9,2402,2,5,-1,3,-1
201663AC19016,1,1,0,18,0,0,0,10,1,0,1,1,6,1,53,8,-1,-1,-1,-1,1,-1
201663AC19116,1,9,0,3,0,0,0,0,1,0,2,1,6,2,87,11,1295,1,25,-1,1,-1
201663AC19116,2,19,0,18,0,0,0,0,0,0,1,1,1,1,27,6,2477,2,1,-1,1,-1
201663AC19216,1,19,0,18,0,1,1,0,0,0,1,1,1,1,59,9,1248,2,8,-1,1,-1
201663AC19216,2,9,0,18,0,1,0,0,0,0,2,1,6,1,58,9,1984,1,2,-1,3,-1
201663AC19316,1,9,0,18,0,0,0,0,0,0,4,1,6,1,27,6,2521,1,6,-1,1,-1
201663AC19316,2,9,0,2,0,0,0,0,0,0,0,1,6,3,-1,-1,-1,-1,-1,-1,-1,-1
201663AC19316,3,9,0,2,0,0,0,0,0,0,0,1,6,3,-1,-1,-1,-1,-1,-1,-1,-1
201663AC19416,1,9,0,18,0,0,2,0,8,10,1,1,6,1,18,4,1248,2,3,-1,2,-1
201663AC19516,1,9,0,18,0,0,0,0,0,0,4,1,6,1,53,8,-1,-1,-1,-1,2,-1
201663AC19616,1,9,0,18,0,4,1,10,1,2,1,1,6,1,50,8,1598,1,14,-1,1,-1
201663AC19716,1,9,0,9,0,2,0,0,0,0,1,1,1,1,22,5,1560,2,9,-1,1,-1
201663AC19716,2,9,0,18,0,1,0,0,7,10,1,1,6,2,87,11,1596,1,10,-1,2,-1
201663AC19716,3,9,0,18,0,1,0,0,0,0,0,1,6,3,-1,-1,-1,-1,-1,-1,-1,-1
201663AC19816,1,9,0,13,0,0,1,0,7,10,4,1,6,1,18,4,1388,1,11,-1,3,-1
201663AC19816,2,9,0,18,0,0,0,0,0,0,1,1,6,1,52,8,1560,2,-1,-1,2,-1
201663AC19816,3,9,0,18,0,0,0,0,0,0,0,1,6,3,-1,-1,-1,-1,-1,-1,-1,-1
201663AC19916,1,9,0,2,0,0,0,0,0,0,4,1,6,1,31,6,1995,2,5,-1,3,-1
201663AC19916,2,9,0,18,0,0,0,4,0,0,1,1,6,3,-1,-1,-1,-1,-1,-1,-1,-1
201663AC20016,1,9,0,18,0,0,0,0,0,0,1,1,6,1,22,5,1399,2,5,-1,3,-1
201663AC20016,2,9,0,18,0,0,0,0,0,0,2,1,6,1,20,4,1149,1,14,-1,3,-1
201663AC20116,1,9,0,18,0,2,0,0,0,0,3,1,6,1,42,7,1599,1,8,-1,2,-1
201663AC20116,2,9,0,18,0,1,0,0,0,0,1,1,2,2,22,5,1397,1,8,-1,1,-1
201663AC20116,3,9,0,2,0,1,0,0,0,0,0,1,6,3,-1,-1,-1,-1,-1,-1,-1,-1
201663AC20216,1,9,0,5,9,6,0,0,0,0,1,1,6,1,78,11,1598,1,1,-1,3,-1
201663AC20316,1,9,0,16,0,0,5,0,0,0,1,1,1,1,39,7,1388,1,14,-1,2,-1
201663AC20416,1,9,0,18,0,0,0,0,0,0,4,1,6,2,31,6,-1,-1,-1,-1,1,-1
201663AC20416,2,9,0,5,0,0,0,0,0,0,1,1,6,1,31,6,1396,1,17,-1,1,-1
201663AC20416,3,9,0,2,0,0,0,0,0,0,3,1,6,2,42,7,1242,1,1,-1,2,-1
201663AC20516,1,9,0,18,0,1,0,0,0,0,1,1,2,1,29,6,1998,1,10,-1,1,-1
201663AC20516,2,9,0,9,0,1,0,0,0,0,2,1,2,2,58,9,1689,2,14,-1,1,-1
201663AC20616,1,9,0,18,0,1,0,0,0,0,1,1,6,2,18,4,1461,2,9,-1,1,-1
201663AC20616,2,9,0,18,0,8,0,0,0,0,2,1,1,1,46,8,1910,2,11,-1,2,-1
201663AC20716,1,19,0,18,0,0,0,0,0,0,1,1,6,1,34,6,-1,-1,-1,4,1,4
201663AC20716,2,9,0,18,0,0,0,0,0,0,2,1,6,1,35,6,1968,2,2,7,3,7
201663AC20816,1,9,0,18,0,4,0,0,3,4,1,1,6,1,80,11,1086,1,10,-1,2,-1
201663AC20816,2,9,0,17,0,3,0,0,0,0,2,1,2,2,34,6,2191,2,3,-1,3,-1
201663AC20916,1,9,0,9,0,1,0,0,0,0,1,1,6,1,41,7,1560,2,2,7,1,7
201663AC20916,2,5,0,17,0,2,0,0,0,0,3,1,6,1,62,9,1137,1,9,6,1,6
201663AC21016,1,9,0,18,0,0,0,0,0,0,1,1,6,2,28,6,1461,2,6,-1,2,-1
201663AC21016,2,1,0,18,0,0,0,0,0,0,1,1,6,1,17,4,-1,-1,-1,-1,3,-1
201663AC21116,1,9,0,18,0,1,0,0,0,0,1,1,6,3,-1,-1,-1,-1,-1,-1,-1,-1
201663AC21116,2,9,0,18,0,1,0,0,0,0,2,1,6,1,21,5,1360,1,12,-1,1,-1
201663AC21216,1,20,5,17,0,0,0,0,0,0,3,1,1,1,32,6,-1,-1,-1,-1,2,-1
201663AC21216,2,9,0,16,0,0,0,0,0,0,2,1,2,1,27,6,1995,2,5,-1,3,-1
201663AC21316,1,9,0,9,0,6,0,0,0,0,1,1,6,2,69,10,998,1,-1,-1,2,-1
201663AC21316,2,9,0,9,0,2,0,0,7,0,1,1,6,1,77,11,1229,1,8,-1,3,-1
201663AC21416,1,9,0,17,0,1,2,0,1,10,1,1,6,1,32,6,1598,2,-1,3,1,3
201663AC21516,1,9,0,7,0,6,0,0,0,0,1,1,6,2,27,6,1198,1,5,-1,1,-1
201663AC21516,2,9,0,18,0,8,0,0,0,0,1,1,6,1,46,8,1997,2,9,-1,1,-1
201663AC21616,1,2,0,18,0,8,1,0,7,0,1,1,6,1,16,4,49,1,8,-1,1,-1
201663AC21716,1,5,0,18,0,0,0,12,0,0,1,1,6,1,45,7,998,1,7,-1,1,-1
201663AC21816,1,5,0,16,0,0,1,10,0,0,1,1,6,1,61,9,998,1,8,-1,1,-1
201663AC21916,1,9,0,18,0,8,0,0,1,1,1,1,6,2,18,4,998,1,6,-1,1,-1
201663AC22016,1,9,0,18,0,1,0,0,0,0,1,1,6,1,17,4,998,1,4,-1,3,-1
201663AC22016,2,19,0,18,0,1,0,0,0,0,2,1,1,1,50,8,1995,2,4,-1,1,-1
201663AC22116,1,5,0,13,0,0,1,0,0,0,4,1,6,1,36,7,996,1,11,-1,1,-1
201663AC22116,2,9,0,18,0,0,0,0,0,0,0,1,6,3,-1,-1,-1,-1,-1,-1,-1,-1
201663AC22116,3,9,0,18,0,0,0,0,0,0,0,1,6,3,-1,-1,-1,-1,-1,-1,-1,-1
201663AC22216,1,9,0,18,0,0,0,0,0,0,1,1,6,1,60,9,599,1,14,-1,1,-1
201663AC22216,2,9,0,2,0,0,0,0,0,0,2,1,6,3,-1,-1,1995,1,8,-1,-1,-1
201663AC22316,1,3,0,18,0,8,1,0,0,0,4,1,6,1,17,4,-1,-1,-1,-1,3,-1
201663AC22416,1,9,0,18,0,0,0,0,0,0,2,1,3,2,38,7,2902,2,10,-1,3,-1
201663AC22416,2,9,0,18,0,0,1,4,0,0,1,1,6,1,20,4,1461,2,12,-1,3,-1
201663AC22516,1,9,0,18,0,8,0,0,0,0,1,1,6,2,73,10,1364,1,-1,10,3,10
201663AC22516,2,9,0,5,0,6,0,0,7,10,3,1,6,1,81,11,1395,1,2,-1,1,-1
201663AC22616,1,3,0,9,0,8,1,0,0,0,0,1,6,1,19,4,124,1,8,-1,3,-1
201663AC22716,1,5,0,18,0,0,1,0,0,0,1,1,6,1,32,6,750,1,3,5,3,5
201663AC22816,1,9,0,17,6,0,1,0,8,10,1,1,6,1,19,4,1984,1,10,-1,2,-1
201663AC22916,1,9,0,18,0,0,1,7,0,0,1,1,2,1,20,4,998,1,12,-1,1,-1
201663AC23016,1,5,0,18,0,1,1,0,7,10,1,1,6,1,55,8,998,1,17,-1,1,-1
201663AC23116,1,9,0,18,6,1,1,4,2,1,1,1,6,1,66,10,1229,1,8,-1,1,-1
201663AC23116,2,19,0,2,6,1,0,0,0,0,1,1,1,1,44,7,2148,2,8,1,1,1
201663AC23216,1,9,0,2,0,0,0,0,0,0,1,1,6,1,19,4,1560,2,5,-1,1,-1
201663AC23316,1,9,0,18,0,1,0,0,7,10,1,1,6,2,43,7,1242,1,3,-1,1,-1
201663AC23316,2,19,0,18,0,1,0,0,0,0,3,1,6,1,36,7,1867,2,15,-1,1,-1
201663AC23416,1,19,0,1,0,2,0,0,0,0,2,1,1,1,24,5,1996,2,6,-1,3,-1
201663AC23516,1,8,0,18,0,1,0,0,0,0,1,1,1,3,-1,-1,-1,-1,-1,-1,-1,-1
201663AC23516,2,8,0,18,0,1,0,0,0,0,1,1,6,3,-1,-1,-1,-1,-1,-1,-1,-1
201663AC23616,1,9,0,18,0,0,0,0,0,0,0,1,6,1,65,9,2993,2,6,-1,1,-1
201663AC23616,2,5,0,18,0,0,1,0,0,0,0,1,6,1,52,8,-1,-1,-1,-1,1,-1
201663AC23716,1,9,0,18,0,1,0,0,0,0,1,1,6,1,37,7,1596,1,13,-1,-1,-1
201663AC23716,2,9,0,5,0,5,0,0,0,0,2,1,1,2,34,6,1956,2,2,-1,3,-1
201663AC23816,1,9,3,18,0,1,0,0,0,0,4,1,6,1,44,7,-1,-1,-1,-1,2,-1
201663AC23916,1,9,0,18,0,1,0,0,0,0,2,1,6,1,65,9,2696,2,12,-1,2,-1
201663AC23916,2,9,0,18,0,1,0,0,0,0,0,1,6,3,-1,-1,-1,-1,-1,-1,-1,-1
201663AC24016,1,4,0,18,0,5,0,0,0,0,0,1,2,2,46,8,125,1,9,-1,2,-1
201663AC24116,1,9,0,18,0,1,0,0,0,0,1,1,1,2,25,5,1198,1,10,-1,3,-1
201663AC24116,2,9,0,9,0,5,0,0,0,0,2,1,6,2,57,9,1796,1,10,-1,3,-1
201663AC24216,1,9,0,18,0,1,0,0,0,0,0,1,6,2,50,8,1229,1,9,-1,1,-1
201663AC24316,1,19,0,13,0,0,0,0,0,0,1,1,6,1,31,6,2148,2,10,-1,3,-1
201663AC24316,2,9,0,18,0,0,0,0,0,0,2,1,6,1,31,6,1997,2,10,-1,1,-1
201663AC24316,3,17,0,18,0,0,0,0,0,0,0,1,6,3,-1,-1,-1,-1,-1,-1,-1,-1
201663AC24316,4,9,0,4,0,0,0,0,0,0,0,1,6,3,-1,-1,-1,-1,-1,-1,-1,-1
201663AC24416,1,9,0,9,0,1,0,0,0,0,1,1,6,1,38,7,998,1,3,-1,3,-1
201663AC24416,2,9,0,18,0,1,0,0,0,0,1,1,6,2,30,6,1997,2,14,-1,3,-1
201663AC24516,1,9,0,18,0,0,5,4,0,0,1,1,1,2,30,6,1360,1,9,-1,3,-1
201663AC24516,2,9,0,2,9,0,0,0,0,0,2,1,6,2,32,6,1994,2,13,-1,3,-1
201663AC24616,1,9,0,18,0,8,0,0,0,0,1,1,6,2,21,5,1798,1,14,-1,1,-1
201663AC24716,1,9,0,18,0,6,0,0,0,0,3,1,6,2,18,4,998,1,8,-1,1,-1
201663AC24716,2,9,0,18,0,1,0,0,0,0,1,1,6,2,33,6,1086,1,10,-1,1,-1
201663AC24816,1,5,0,18,0,1,1,9,3,1,1,1,6,1,37,7,645,1,15,5,3,5
201663AC24916,1,9,0,9,0,5,0,0,0,0,1,1,2,2,31,6,1598,2,3,-1,1,-1
201663AC24916,2,9,0,18,0,8,0,0,0,0,1,1,2,1,54,8,2231,2,3,-1,1,-1
201663AC24916,3,21,0,8,0,6,0,0,0,0,1,1,1,1,41,7,12900,2,8,-1,3,-1
201663AC25016,1,5,0,17,0,0,1,0,7,10,1,1,6,1,61,9,929,1,16,-1,2,-1
201663AC25116,1,9,0,18,0,0,0,0,0,0,1,1,6,2,81,11,1149,1,10,-1,3,-1
201663AC25116,2,19,0,4,0,0,0,0,0,0,2,1,6,2,57,9,2461,2,13,1,1,1
201663AC25216,1,19,0,18,0,0,0,0,0,0,3,1,1,1,58,9,1867,2,11,-1,1,-1
201663AC25216,2,3,0,18,0,0,1,0,0,0,1,1,2,1,19,4,124,1,-1,-1,3,-1
201663AC25316,1,9,0,18,0,0,0,0,0,0,1,1,6,1,31,6,1149,1,11,2,1,2
201663AC25316,2,9,0,18,0,0,0,0,0,0,2,1,6,1,35,6,1388,1,12,-1,1,-1
201663AC25316,3,9,0,18,0,0,0,0,0,0,2,1,6,1,31,6,1796,1,16,-1,1,-1
201663AC25416,1,3,0,17,0,0,1,0,1,10,1,1,2,1,30,6,125,1,-1,-1,1,-1
201663AC25516,1,9,0,4,0,2,0,0,0,0,1,1,6,2,49,8,1349,1,2,-1,3,-1
201663AC25516,2,5,0,18,0,1,1,0,7,10,1,1,6,1,61,9,-1,-1,-1,-1,2,-1
201663AC25516,3,9,0,2,9,2,0,0,0,0,2,1,6,1,73,10,1364,1,3,-1,1,-1
201663AC25616,1,9,0,18,0,1,0,0,0,0,3,1,6,1,54,8,2967,1,17,-1,3,-1
201663AC25616,2,9,0,3,0,1,0,0,0,0,3,1,6,2,50,8,1598,1,13,-1,3,-1
201663AC25716,1,9,0,18,0,0,2,0,4,6,1,1,6,1,57,9,2477,2,11,-1,1,-1
201663AC25816,1,9,0,16,0,0,1,0,0,0,1,1,1,2,34,6,2143,2,2,-1,3,-1
201663AC25816,2,20,0,17,0,0,0,0,0,0,1,1,1,1,22,5,7284,2,17,-1,3,-1
201663AC25916,1,9,0,18,0,1,0,0,0,0,4,1,6,1,22,5,1386,1,10,-1,1,-1
201663AC26016,1,9,0,18,0,1,0,0,0,0,1,1,6,1,35,6,1596,1,-1,-1,1,-1
201663AC26116,1,19,0,18,0,1,0,0,0,0,1,1,6,1,25,5,1998,2,10,-1,1,-1
201663AC26116,2,9,0,18,0,1,0,0,0,0,2,1,2,2,35,6,2268,2,1,-1,3,-1
201663AC26116,3,9,0,9,0,5,0,0,0,0,0,1,6,3,-1,-1,-1,-1,-1,-1,-1,-1
201663AC26216,1,5,0,16,0,0,0,0,1,9,1,1,6,1,44,7,636,1,10,-1,1,-1
201663AC26216,2,5,0,16,0,0,0,0,7,9,1,1,6,1,46,8,599,1,9,-1,1,-1
201663AC26216,3,9,4,17,0,0,0,0,0,0,1,1,6,2,64,9,1868,2,14,-1,3,-1
201663AC26216,4,9,0,18,0,0,0,0,0,0,0,1,6,2,-1,-1,1299,1,9,5,3,5
201663AC26216,5,9,0,18,0,0,0,0,0,0,0,1,6,2,65,9,998,1,1,-1,3,-1
201663AC26216,6,5,0,13,0,0,0,0,0,0,0,1,6,3,-1,-1,-1,-1,-1,-1,-1,-1
201663AC26216,7,5,0,13,0,0,0,0,0,0,0,1,6,3,-1,-1,-1,-1,-1,-1,-1,-1
201663AC26316,1,8,0,18,0,1,1,0,0,0,1,1,3,1,58,9,1896,2,15,-1,1,-1
201663AC26316,2,9,0,10,0,1,0,0,0,0,2,1,4,1,31,6,2967,2,7,-1,3,-1
201663AC26516,1,9,0,18,0,0,0,0,7,4,1,1,6,2,62,9,998,1,6,-1,2,-1
201663AC26616,1,9,0,16,0,0,1,0,8,10,1,1,2,1,33,6,1242,1,4,-1,2,-1
201663AC26716,1,9,0,18,0,1,0,0,7,10,1,1,6,2,75,10,1363,2,11,-1,3,-1
201663AC26816,1,9,0,16,0,0,2,0,1,9,1,1,6,1,20,4,1388,1,13,-1,1,-1
201663AC26916,1,1,0,18,0,0,1,0,0,0,1,1,6,1,31,6,-1,-1,-1,-1,3,-1
201663AC26916,2,9,0,3,0,0,0,0,0,0,2,1,6,1,69,10,1968,2,-1,7,3,7
201663AC26916,3,9,0,18,0,0,0,0,0,0,0,1,6,3,-1,-1,-1,-1,-1,-1,-1,-1
201663AC27016,1,9,0,18,0,2,0,0,0,0,3,1,6,1,43,7,1995,2,9,-1,3,-1
201663AC27016,2,9,0,18,0,1,0,0,0,0,4,1,2,2,19,4,1229,1,11,-1,3,-1
201663AC27116,1,9,0,12,0,2,0,0,4,0,2,1,6,2,52,8,1398,1,1,-1,3,-1
201663AC27116,2,9,0,18,0,2,0,0,0,0,1,1,6,2,49,8,1999,2,-1,-1,3,-1
201663AC27216,1,9,0,18,0,0,0,0,2,10,4,1,6,1,35,6,2204,2,7,-1,3,-1
201663AC27316,1,20,0,18,0,0,0,0,0,0,1,1,6,1,37,7,3920,2,10,-1,2,-1
201663AC27316,2,9,4,18,0,0,0,0,0,0,1,1,6,1,23,5,1997,2,11,-1,3,-1
201663AC27416,1,9,0,18,0,0,0,0,0,0,1,1,6,1,35,6,1796,1,16,-1,3,-1
201663AC27416,2,9,0,3,0,0,0,0,0,0,2,1,2,2,51,8,998,1,3,-1,3,-1
201663AC27416,3,90,0,18,0,0,0,0,0,0,0,1,6,3,-1,-1,-1,-1,-1,-1,-1,-1
201663AC27516,1,9,0,18,0,0,0,0,0,0,4,1,6,3,-1,-1,-1,-1,-1,-1,-1,-1
201663AC27516,2,1,0,18,0,0,0,0,0,0,3,1,6,1,54,8,-1,-1,-1,-1,1,-1
201663AC27616,1,3,0,18,0,0,0,0,0,0,1,1,6,1,51,8,649,1,6,-1,1,-1
201663AC27616,2,9,0,18,0,0,0,0,0,0,3,1,6,1,58,9,4164,2,21,-1,2,-1
201663AC27716,1,5,0,16,0,0,0,0,0,0,1,1,6,1,53,8,1050,1,6,2,1,2
201663AC27716,2,90,0,17,0,0,5,0,0,0,1,1,6,2,62,9,883,1,21,-1,3,-1
201663AC27816,1,4,0,13,0,1,1,7,0,0,3,1,6,1,24,5,124,1,2,-1,1,-1
201663AC27816,2,9,0,18,0,1,0,0,0,0,0,1,6,1,36,7,-1,-1,-1,-1,2,-1
201663AC27816,3,9,0,18,0,1,0,0,0,0,0,1,6,3,-1,-1,-1,-1,-1,-1,-1,-1
201663AC27916,1,5,0,18,0,8,1,0,0,0,0,1,6,1,24,5,1157,1,17,-1,1,-1
201663AC28016,1,9,0,18,0,0,1,0,0,0,1,1,6,2,45,7,1686,2,13,-1,3,-1
201663AC28016,2,19,0,18,0,0,0,0,0,0,1,1,1,1,32,6,2402,2,8,-1,3,-1
201663AC28116,1,9,0,18,0,0,1,0,1,10,1,1,6,1,21,5,998,1,12,-1,1,-1
201663AC28216,1,9,0,18,0,1,0,0,0,0,2,1,6,1,33,6,-1,-1,-1,-1,3,-1
201663AC28216,2,9,0,18,0,1,0,0,0,0,1,1,6,1,38,7,-1,-1,-1,-1,3,-1
201663AC28316,1,9,0,18,0,0,1,0,7,0,1,1,2,2,22,5,1242,1,13,-1,1,-1