Accident_Index,Vehicle_Reference,Vehicle_Type,Towing_and_Articulation,Vehicle_Manoeuvre,Vehicle_Location-Restricted_Lane,Junction_Location,Skidding_and_Overturning,Hit_Object_in_Carriageway,Vehicle_Leaving_Carriageway,Hit_Object_off_Carriageway,1st_Point_of_Impact,Was_Vehicle_Left_Hand_Drive?,Journey_Purpose_of_Driver,Sex_of_Driver,Age_of_Driver,Age_Band_of_Driver,Engine_Capacity_(CC),Propulsion_Code,Age_of_Vehicle,Driver_IMD_Decile,Driver_Home_Area_Type,Vehicle_IMD_Decile
201663BC00816,1,9,0,18,7,1,0,0,7,0,1,1,2,2,53,8,1798,1,12,-1,3,-1
201663BC00816,2,9,0,2,6,1,0,0,0,0,2,1,6,2,59,9,1590,1,15,-1,3,-1
201663BC00916,1,9,0,18,0,0,5,4,0,0,1,1,6,1,69,10,1586,1,9,-1,3,-1
201663BC00916,2,9,0,2,0,0,0,0,0,0,2,1,1,1,66,10,2495,2,11,-1,3,-1
201663BC01016,1,9,0,18,0,0,2,0,8,10,1,1,3,2,54,8,1587,1,14,-1,3,-1
201663BC01116,1,9,0,13,0,1,1,0,7,4,4,1,1,1,44,7,2598,1,20,-1,3,-1
201663BC01116,2,9,0,18,0,1,0,0,0,0,0,1,6,3,-1,-1,-1,-1,-1,-1,-1,-1
201663BC01216,1,9,0,18,0,1,0,0,0,0,1,1,6,2,48,8,1598,1,3,-1,2,-1
201663BC01316,1,9,0,18,0,6,0,0,0,0,4,1,6,1,19,4,1900,2,9,-1,3,-1
201663BC01316,2,9,0,18,0,1,0,0,0,0,1,1,6,2,29,6,1998,1,8,-1,3,-1
201663BC01416,1,9,0,18,0,0,2,0,0,0,3,1,2,1,28,6,1995,2,12,-1,3,-1
201663BC01516,1,9,0,16,0,7,1,10,0,0,1,1,2,1,59,9,1988,1,13,-1,3,-1
201663BC01616,1,21,0,18,0,0,0,0,0,0,3,1,1,1,50,8,-1,-1,-1,-1,3,-1
201663BC01616,2,21,0,18,0,0,0,0,0,0,3,1,1,1,40,7,5880,2,10,-1,2,-1
201663BC01716,1,9,0,17,0,0,0,0,0,0,1,1,6,2,25,5,1197,1,3,1,1,1
201663BC01816,1,9,0,18,0,0,1,4,0,0,1,1,1,2,27,6,1490,1,9,-1,3,-1
201663BC01816,2,9,0,3,0,0,0,4,0,0,2,1,6,2,38,7,1896,2,15,-1,3,-1
201663BC01816,3,9,0,2,0,0,0,4,0,0,2,1,1,1,31,6,1968,2,11,-1,3,-1
201663BC01816,4,9,0,3,0,0,0,4,0,0,2,1,2,2,35,6,1596,1,8,-1,3,-1
201663BC01816,5,9,0,2,0,0,0,0,0,0,2,1,2,1,50,8,2401,2,9,-1,-1,-1
201663BC01916,1,11,0,3,0,1,0,0,0,0,1,1,1,1,61,9,6696,2,3,-1,3,-1
201663BC02016,1,9,0,18,0,0,2,12,0,0,1,1,6,1,42,7,1995,2,13,-1,2,-1
201663BC02116,1,9,0,18,0,1,0,0,0,0,1,1,6,1,23,5,1242,1,6,-1,3,-1
201663BC02116,2,5,0,18,0,1,1,0,0,0,2,1,1,1,58,9,800,1,3,-1,2,-1
201663BC02116,3,9,0,18,0,1,0,0,0,0,2,1,2,2,21,5,1598,1,4,-1,3,-1
201663BC02116,4,9,4,7,0,1,0,0,0,0,0,1,6,3,-1,-1,-1,-1,-1,-1,-1,-1
201663BC02216,1,9,0,17,0,0,2,0,0,0,1,1,6,1,17,4,1242,1,11,-1,-1,-1
201663BC02316,1,4,0,16,0,1,0,0,0,0,3,1,6,2,59,9,124,1,10,-1,1,-1
201663BC02416,1,19,0,18,0,0,0,0,0,0,4,1,1,1,62,9,2148,2,7,2,1,2
201663BC02516,1,9,0,18,0,0,2,0,1,0,1,1,2,1,20,4,899,1,17,-1,2,-1
201663BC02616,1,9,0,18,0,0,5,0,1,9,1,1,6,2,24,5,2769,2,13,-1,3,-1
201663BC02616,2,19,0,18,0,0,0,0,0,0,2,1,6,2,46,8,2488,2,12,-1,3,-1
201663BC02816,1,9,0,18,0,0,1,10,0,0,2,1,6,1,48,8,2494,1,17,-1,3,-1
201663BC02916,1,9,0,9,0,6,0,0,0,0,3,1,2,1,51,8,1749,1,14,-1,3,-1
201663BC02916,2,1,0,18,0,1,1,0,1,0,1,1,6,1,22,5,-1,-1,-1,-1,3,-1
201663BC03016,1,8,0,5,0,5,0,0,0,0,1,1,6,1,68,10,1956,2,1,-1,3,-1
201663BC03016,2,1,0,18,0,8,0,0,0,0,2,1,1,1,24,5,-1,-1,-1,-1,1,-1
201663BC03116,1,21,1,14,0,0,0,0,0,0,4,1,1,1,51,8,12809,2,2,7,1,7
201663BC03116,2,3,0,18,0,0,1,0,0,0,3,1,6,1,20,4,124,1,21,-1,1,-1
201663BC03216,1,9,0,17,0,0,1,0,1,1,1,1,6,1,24,5,1998,1,12,5,1,5
201663BC03416,1,9,0,18,0,0,0,0,0,0,1,1,1,1,35,6,1198,1,1,4,1,4
201663BC03416,2,9,0,18,0,0,0,0,0,0,2,1,6,1,38,7,1560,2,5,-1,3,-1
201663BC03516,1,19,0,18,0,1,1,0,0,0,1,1,1,1,64,9,1997,2,12,-1,1,-1
201663BC03516,2,9,0,4,0,1,0,4,0,0,2,1,6,2,40,7,1968,2,2,-1,1,-1
201663BC03516,3,9,0,3,0,1,0,0,0,0,2,1,1,2,23,5,1968,2,4,-1,1,-1
201663BC03616,1,9,0,16,0,0,0,0,0,0,1,1,6,2,55,8,-1,-1,-1,-1,3,-1
201663BC03616,2,9,0,17,0,0,0,0,0,0,1,1,3,2,33,6,1560,2,4,-1,3,-1
201663BC03716,1,9,0,16,0,0,0,0,0,0,1,1,6,2,68,10,1499,2,1,-1,3,-1
201663BC03716,2,9,0,17,0,0,0,0,0,0,1,1,6,2,71,10,1798,1,1,-1,3,-1
201663BC03816,1,9,0,18,0,0,0,0,0,0,2,1,6,2,79,11,1461,2,9,-1,1,-1
201663BC03916,1,9,0,18,0,0,5,0,0,3,4,1,6,1,34,6,1499,2,3,-1,2,-1
201663BC04116,1,9,0,4,0,0,0,0,0,0,0,1,6,1,62,9,1598,2,2,8,2,8
201663BC04116,2,9,0,14,0,0,0,0,0,0,2,1,6,1,20,4,1398,2,4,-1,3,-1
201663BC04116,3,9,0,18,0,0,1,0,0,0,1,1,6,1,68,10,1598,2,1,-1,3,-1
201663BC04116,4,9,0,18,0,0,0,0,0,0,0,1,6,3,-1,-1,-1,-1,-1,-1,-1,-1
201663BC04216,1,9,0,4,0,1,1,0,1,0,1,1,2,1,46,8,1686,2,6,-1,3,-1
201663BC04216,2,9,0,2,6,1,0,0,1,0,4,1,2,1,31,6,1242,1,14,-1,3,-1
201663BC04316,1,9,0,9,0,1,0,0,0,0,1,1,6,2,61,9,1781,1,15,-1,1,-1
201663BC04316,2,11,0,18,0,1,0,0,0,0,1,1,1,2,41,7,4461,2,-1,-1,3,-1
201663BC04416,1,9,0,18,0,0,0,0,0,0,1,1,6,2,24,5,1997,2,13,-1,3,-1
201663BC04416,2,9,0,3,0,0,0,4,0,0,1,1,6,2,56,9,1198,1,7,-1,3,-1
201663BC04416,3,9,0,2,0,0,0,0,0,0,2,1,6,2,42,7,1984,1,13,-1,-1,-1
201663BC04416,4,21,0,18,0,0,0,0,0,0,0,1,6,3,-1,-1,-1,-1,-1,-1,-1,-1
201663BC04616,1,9,0,9,0,2,0,0,0,0,1,1,1,1,30,6,1248,2,1,4,2,4
201663BC04716,1,9,0,18,0,1,5,0,2,4,1,1,6,2,47,8,998,1,11,-1,3,-1
201663BC04716,2,9,0,18,0,5,0,0,1,10,1,1,6,1,25,5,1968,2,11,-1,3,-1
201663BC04716,3,9,0,18,0,1,0,0,0,0,0,1,6,2,51,8,1598,1,4,-1,3,-1
201663BC04816,1,9,0,18,0,1,0,4,0,0,1,1,6,3,-1,-1,-1,-1,-1,-1,-1,-1
201663BC04816,2,9,0,8,0,1,0,0,0,0,2,1,6,1,38,7,1598,1,15,-1,3,-1
201663BC04916,1,9,0,18,0,0,0,0,0,0,1,1,6,2,28,6,1598,2,1,-1,3,-1
201663BC04916,2,19,0,2,0,0,0,0,0,0,2,1,6,1,38,7,1753,2,10,-1,3,-1
201663BC05016,1,9,0,5,0,6,0,0,0,1,1,1,6,1,30,6,1998,1,23,-1,1,-1
201663BC05016,2,5,0,13,0,8,0,0,0,0,1,1,6,1,57,9,1340,1,8,-1,2,-1
201663BC05016,3,9,5,7,0,1,0,0,0,0,0,1,6,3,-1,-1,-1,-1,-1,-1,-1,-1
201663BC05116,1,9,0,18,0,1,5,10,2,3,1,1,6,1,64,9,1560,2,1,-1,3,-1
201663BC05116,2,9,0,18,0,1,0,0,0,0,0,1,6,1,64,9,1995,2,6,6,3,6
201663BC05216,1,9,0,18,0,0,0,0,0,0,1,1,1,3,-1,-1,-1,-1,-1,-1,-1,-1
201663BC05216,2,9,0,18,0,0,0,0,0,0,1,1,6,2,40,7,-1,-1,-1,-1,2,-1
201663BC05316,1,9,0,18,0,1,1,0,0,0,1,1,6,2,20,4,1198,1,11,-1,3,-1
201663BC05316,2,9,0,18,0,1,1,0,0,0,1,1,6,1,21,5,1248,1,4,-1,1,-1
201663BC05316,3,9,0,18,0,1,0,0,0,0,2,1,1,1,49,8,1560,2,3,-1,1,-1
201663BC05316,4,9,0,10,0,5,0,0,0,0,0,1,6,3,-1,-1,-1,-1,-1,-1,-1,-1
201663BC05316,5,9,0,5,0,1,0,0,0,0,0,1,6,3,-1,-1,-1,-1,-1,-1,-1,-1
201663BC05416,1,9,0,5,8,1,0,0,0,0,4,1,6,3,-1,-1,-1,-1,-1,-1,-1,-1
201663BC05416,2,9,0,18,0,1,0,0,7,10,1,1,6,1,24,5,1998,1,13,-1,2,-1
201663BC05516,1,9,0,18,0,0,0,0,0,0,0,1,6,1,60,9,-1,-1,-1,-1,3,-1
201663BC05616,1,9,0,18,0,0,2,0,1,4,4,1,6,1,86,11,1997,2,12,-1,3,-1
201663BC05616,2,9,0,18,0,0,0,0,0,0,0,1,6,3,-1,-1,-1,-1,-1,-1,-1,-1
201663BC05716,1,9,0,18,0,0,1,0,1,0,1,1,6,1,21,5,1493,1,19,-1,3,-1
201663BC05716,2,9,0,18,0,0,0,0,0,0,2,1,6,1,61,9,1560,2,4,-1,3,-1
201663BC05716,3,19,0,18,0,0,1,0,0,0,1,1,6,1,35,6,2402,2,15,-1,3,-1
201663BC05816,1,9,0,5,0,8,0,0,0,0,1,1,6,1,73,10,1422,2,12,-1,3,-1
201663BC05816,2,9,0,18,0,2,1,10,7,10,3,1,6,2,64,9,1242,1,4,-1,3,-1
201663BC05916,1,5,0,17,0,0,0,0,1,0,3,1,6,1,43,7,999,1,1,-1,3,-1
201663BC06016,1,9,0,4,0,1,0,0,0,0,1,1,6,1,66,10,1798,1,10,10,1,10
201663BC06016,2,9,0,18,0,1,0,0,0,0,1,1,6,1,69,10,2720,2,7,-1,3,-1
201663BC06116,1,9,0,18,0,0,0,0,0,0,1,1,2,1,24,5,1242,1,2,-1,1,-1
201663BC06116,2,19,0,18,0,0,0,0,0,0,1,1,2,1,53,8,1968,2,2,-1,3,-1
201663BC06216,1,9,0,18,0,0,0,0,0,0,4,1,6,3,-1,-1,-1,-1,-1,-1,-1,-1
201663BC06216,2,21,4,3,0,0,0,0,0,0,0,1,6,3,-1,-1,-1,-1,-1,-1,-1,-1
201663BC06316,1,9,0,17,0,0,2,0,7,10,1,1,6,1,19,4,1299,1,15,-1,-1,-1
201663BC06416,1,9,0,4,0,0,0,0,0,0,2,1,1,1,26,6,1910,2,8,-1,3,-1
201663BC06416,2,9,0,18,0,0,0,0,0,0,1,1,6,2,64,9,1560,2,4,-1,3,-1
201663BC06416,3,9,0,18,0,0,0,0,0,0,1,1,6,2,32,6,1995,2,3,-1,3,-1
201663BC06416,4,19,0,4,0,0,0,0,0,0,1,1,6,1,38,7,2198,2,5,-1,3,-1
201663BC06416,5,9,0,3,0,0,0,0,0,0,0,1,6,3,-1,-1,-1,-1,-1,-1,-1,-1
201663BC06516,1,9,0,13,0,0,2,0,7,0,3,1,6,1,17,4,1997,2,15,-1,3,-1
201663BC06516,2,19,0,18,0,0,0,0,0,0,1,1,1,1,47,8,2299,2,4,-1,3,-1
201663BC06516,3,9,0,18,0,0,0,0,0,0,0,1,6,1,17,4,1248,2,11,-1,3,-1
201663BC06516,4,9,0,18,0,0,0,0,0,0,0,1,6,2,21,5,1242,1,11,-1,3,-1
201663BC06616,1,1,0,18,0,4,1,0,0,0,1,1,6,1,40,7,-1,-1,-1,-1,3,-1
201663BC06616,2,9,0,17,0,1,0,0,0,0,2,1,6,1,20,4,1596,1,12,-1,1,-1
201663BC06616,3,9,0,18,0,8,0,0,0,0,0,1,6,3,-1,-1,-1,-1,-1,-1,-1,-1
201663BC06716,1,9,0,17,0,0,5,0,1,1,1,1,6,1,45,7,2495,2,19,1,1,1
201663BC06816,1,9,0,18,0,6,0,0,0,0,3,1,6,1,18,4,1198,1,13,-1,1,-1
201663BC06816,2,21,0,18,0,1,1,0,7,0,1,1,1,1,36,7,11116,2,11,-1,2,-1
201663BC06916,1,9,0,5,0,6,0,0,0,0,0,1,6,1,82,11,998,1,6,-1,1,-1
201663BC06916,2,9,0,18,0,1,1,0,0,0,0,1,6,2,57,9,1596,1,1,-1,1,-1
201663BC07016,1,9,0,4,0,1,0,0,0,0,1,1,6,2,21,5,1240,1,6,4,3,4
201663BC07016,2,9,0,4,0,1,0,0,0,0,2,1,2,1,18,4,1248,2,11,-1,3,-1
201663BC07016,3,9,0,9,0,5,0,0,0,0,0,1,6,3,-1,-1,-1,-1,-1,-1,-1,-1
201663BC07016,4,9,0,18,0,1,0,0,0,0,0,1,6,3,-1,-1,-1,-1,-1,-1,-1,-1
201663BC07116,1,3,0,18,0,0,1,0,7,0,0,1,2,1,20,4,108,1,3,-1,3,-1
201663BC07216,1,9,0,18,0,1,0,0,1,0,3,1,6,2,18,4,1598,2,-1,-1,3,-1
201663BC07216,2,9,0,18,0,1,0,0,0,0,1,1,2,1,21,5,3059,2,19,-1,3,-1
201663BC07316,1,5,0,18,0,0,0,0,0,0,3,1,6,1,50,8,996,1,18,6,2,6
201663BC07416,1,8,0,18,0,1,1,0,0,0,1,1,1,1,28,6,1560,2,4,-1,3,-1
201663BC07416,2,9,0,10,0,1,0,0,0,0,2,1,6,1,55,8,1200,1,1,1,1,1
201663BC07516,1,9,0,18,0,8,1,0,2,10,4,1,6,2,63,9,1388,1,4,-1,2,-1
201663BC07516,2,9,0,2,9,1,0,0,0,0,0,1,6,2,67,10,1598,1,1,10,1,10
201663BC07616,1,9,0,18,0,0,0,0,0,0,1,1,6,1,29,6,1794,1,16,-1,2,-1
201663BC07616,2,9,0,2,0,0,0,4,0,0,1,1,6,2,68,10,875,1,1,-1,3,-1
201663BC07616,3,9,0,2,0,0,0,0,0,0,1,1,6,2,55,8,1968,2,1,-1,3,-1
201663BC07716,1,9,0,17,0,0,2,0,8,4,1,1,6,1,22,5,1896,2,15,-1,3,-1
201663BC07816,1,9,0,10,0,1,0,0,0,0,2,1,6,1,35,6,1461,2,5,-1,1,-1
201663BC07816,2,9,0,3,0,1,0,0,1,0,2,1,6,1,19,4,1198,1,13,-1,3,-1
201663BC07816,3,9,0,18,0,1,0,0,0,0,1,1,6,1,69,10,1995,2,4,-1,3,-1
201663BC07816,4,9,0,18,0,1,0,0,0,0,0,1,6,3,-1,-1,-1,-1,-1,-1,-1,-1
201663BC07916,1,9,0,18,0,2,0,0,0,0,1,1,1,2,57,9,1968,2,3,-1,3,-1
201663BC07916,2,21,0,18,0,1,0,0,0,0,1,1,1,1,50,8,9186,2,3,-1,1,-1
201663BC08016,1,9,0,16,0,0,0,0,0,0,1,1,6,2,63,9,1461,2,2,-1,3,-1
201663BC08016,2,9,0,17,0,0,0,0,0,0,1,1,6,2,55,8,1197,1,1,-1,3,-1
201663BC08116,1,9,0,18,0,0,0,0,0,0,1,1,6,2,70,10,999,1,6,-1,3,-1
201663BC08116,2,9,0,2,0,0,0,0,0,0,0,1,6,3,-1,-1,-1,-1,-1,-1,-1,-1
201663BC08116,3,9,0,2,0,0,0,0,0,0,0,1,6,3,-1,-1,-1,-1,-1,-1,-1,-1
201663BC08216,1,9,0,18,0,0,1,0,0,0,1,1,1,1,40,7,1997,2,9,-1,1,-1
201663BC08216,2,9,0,18,0,0,1,0,0,0,1,1,1,2,26,6,1388,1,13,-1,3,-1
201663BC08316,1,9,0,13,0,0,0,0,0,0,1,1,1,1,19,4,1870,2,9,-1,3,-1
201663BC08316,2,9,0,18,0,0,0,0,0,0,1,1,6,2,54,8,1388,1,12,-1,1,-1
201663BC08316,3,9,0,18,0,0,0,0,0,0,0,1,6,3,-1,-1,-1,-1,-1,-1,-1,-1
201663BC08416,1,5,0,13,0,0,0,0,0,0,4,1,6,1,28,6,599,1,16,-1,3,-1
201663BC08416,2,9,0,18,0,0,0,0,0,0,0,1,6,3,-1,-1,-1,-1,-1,-1,-1,-1
201663BC08416,3,9,0,18,0,0,0,0,0,0,0,1,6,1,62,9,999,1,4,10,1,10
201663BC08516,1,9,0,16,0,0,1,0,0,0,1,1,6,1,24,5,1991,2,10,1,1,1
201663BC08616,1,9,0,18,0,6,0,0,1,3,1,1,1,1,27,6,1061,1,11,-1,2,-1
201663BC08616,2,19,0,18,0,1,0,0,0,0,0,1,6,3,-1,-1,-1,-1,-1,-1,-1,-1
201663BC08716,1,1,0,17,0,0,0,0,0,0,1,1,6,1,19,4,-1,-1,-1,5,1,5
201663BC08716,2,9,0,16,0,0,0,0,0,0,1,1,6,2,44,7,2204,2,9,-1,3,-1
201663BC08816,1,9,0,18,0,0,1,0,0,0,1,1,6,1,83,11,1896,2,15,-1,-1,-1
201663BC08816,2,9,0,18,0,0,0,0,0,0,2,1,6,1,77,11,1588,1,12,2,1,2
201663BC08816,3,9,0,3,0,0,0,0,0,0,0,1,6,3,-1,-1,-1,-1,-1,-1,-1,-1
201663BC08916,1,9,0,16,0,0,0,0,0,0,4,1,2,2,20,4,1000,1,16,-1,3,-1
201663BC08916,2,9,0,18,0,0,0,0,0,0,1,1,6,1,44,7,1598,1,6,1,1,1
201663BC09016,1,19,0,18,0,1,0,0,0,0,1,1,2,1,32,6,2298,2,5,6,1,6
201663BC09016,2,19,0,18,0,1,0,0,1,0,1,1,2,1,24,5,2299,2,3,1,1,1
201663BC09016,3,9,0,10,0,1,0,0,0,0,2,1,1,1,37,7,1896,2,13,-1,1,-1
201663BC09116,1,9,0,18,0,0,1,0,0,0,1,1,2,2,56,9,1560,2,11,-1,3,-1
201663BC09116,2,21,0,18,0,0,0,0,0,0,0,1,6,3,-1,-1,-1,-1,-1,-1,-1,-1
201663BC09216,1,9,0,18,0,1,0,0,0,0,1,1,6,1,35,6,1968,2,8,-1,-1,-1
201663BC09216,2,19,0,3,0,1,0,0,0,0,2,1,1,1,24,5,2402,2,15,-1,3,-1
201663BC09216,3,9,0,3,0,1,0,0,0,0,2,1,6,1,61,9,-1,-1,-1,9,1,9
201663BC09216,4,9,0,10,0,5,0,0,0,0,0,1,6,3,-1,-1,-1,-1,-1,-1,-1,-1
201663BC09316,1,9,0,18,0,0,0,0,0,0,1,1,6,2,24,5,1242,1,12,-1,2,-1
201663BC09316,2,9,0,18,0,0,0,0,0,0,2,1,6,1,26,6,1560,2,4,-1,3,-1
201663BC09416,1,9,0,18,0,1,0,0,0,0,1,1,2,2,20,4,1299,1,18,-1,3,-1
201663BC09416,2,19,0,18,0,1,0,0,0,0,1,1,1,1,25,5,1870,2,12,-1,2,-1
201663BC09516,1,9,0,17,0,0,5,0,2,10,1,1,6,2,28,6,1199,2,4,-1,3,-1
201663BC09616,1,9,0,18,0,1,0,12,0,0,1,1,6,1,79,11,3059,2,23,-1,3,-1
201663BC09616,2,90,0,4,0,1,0,0,0,0,0,1,6,3,-1,-1,-1,-1,-1,-1,-1,-1
201663BC09716,1,9,0,17,0,0,0,0,1,4,1,1,6,2,56,9,1400,1,11,6,3,6
201663BC09716,2,9,0,16,0,0,0,0,0,0,0,1,6,3,-1,-1,-1,-1,-1,-1,-1,-1
201663BC09816,1,19,0,18,0,0,1,0,7,4,1,1,6,1,48,8,1997,2,9,-1,3,-1
201663BC09916,1,9,0,3,0,0,0,0,0,0,2,1,6,2,55,8,1685,2,4,10,1,10
201663BC09916,2,9,0,3,0,0,0,0,0,0,2,1,6,1,25,5,2457,1,8,-1,3,-1
201663BC09916,3,19,0,18,0,0,1,0,1,0,1,1,2,1,54,8,1686,2,14,-1,3,-1
201663BC09916,4,9,0,3,0,0,0,0,0,0,0,1,6,3,-1,-1,-1,-1,-1,-1,-1,-1
201663BC10016,1,9,0,17,0,0,0,0,7,0,1,1,6,1,27,6,1968,2,1,-1,3,-1
201663BC10016,2,9,0,16,0,0,0,0,0,0,1,1,6,1,60,9,1596,1,7,8,1,8
201663BC10116,1,9,0,18,0,0,1,0,0,0,1,1,1,1,32,6,1998,1,12,-1,3,-1
201663BC10116,2,9,0,18,0,0,0,0,0,0,1,1,6,1,72,10,2835,2,18,-1,3,-1
201663BC10216,1,9,0,13,0,8,1,0,0,0,1,1,6,1,28,6,1560,2,1,-1,1,-1
201663BC10216,2,9,0,9,0,5,0,0,0,0,3,1,6,1,45,7,1999,2,1,9,2,9
201663BC10316,1,19,0,18,0,1,0,0,0,0,4,1,6,1,25,5,1753,2,13,-1,1,-1
201663BC10316,2,9,0,2,0,1,0,0,0,0,0,1,6,3,-1,-1,-1,-1,-1,-1,-1,-1
201663BC10316,3,9,0,2,0,1,0,0,0,0,0,1,6,3,-1,-1,-1,-1,-1,-1,-1,-1
201663BC10416,1,19,0,18,0,0,0,0,0,0,1,1,6,1,44,7,1995,2,2,-1,3,-1
201663BC10416,2,9,0,3,0,0,0,0,1,10,2,1,2,1,63,9,2401,2,9,-1,3,-1
201663BC10416,3,9,0,18,0,0,0,0,0,0,0,1,6,3,-1,-1,-1,-1,-1,-1,-1,-1
201663BC10516,1,9,0,17,0,0,0,0,0,0,1,1,6,2,32,6,998,1,26,-1,3,-1
201663BC10516,2,9,0,16,0,0,0,0,0,0,1,1,6,1,20,4,1587,1,13,-1,3,-1
201663BC10616,1,5,0,18,0,1,1,0,1,0,1,1,6,1,31,6,636,1,12,-1,3,-1
201663BC10616,2,17,4,9,0,6,0,0,0,0,3,1,1,1,30,6,-1,2,10,-1,3,-1
201663BC10716,1,9,0,13,0,0,0,0,0,0,0,1,6,3,-1,-1,-1,-1,-1,-1,-1,-1
201663BC10716,2,19,0,16,0,0,1,0,1,0,1,1,6,1,30,6,1900,2,15,3,3,3
201663BC10716,3,9,0,16,0,0,0,0,0,0,2,1,6,1,22,5,1560,2,1,-1,3,-1
201663BC10716,4,9,0,18,0,0,0,0,0,0,0,1,6,2,54,8,1587,1,17,-1,3,-1
201663BC10816,1,9,0,18,0,4,0,10,0,0,1,1,6,1,62,9,1368,1,7,10,1,10
201663BC10916,1,9,0,13,0,0,0,0,0,0,4,1,6,1,81,11,1686,2,10,-1,3,-1
201663BC10916,2,1,0,18,0,0,0,0,0,0,3,1,6,1,40,7,-1,-1,-1,-1,3,-1
201663BC11016,1,9,0,18,0,1,1,0,0,0,1,1,2,1,53,8,1686,2,15,-1,-1,-1
201663BC11016,2,9,0,18,0,1,1,0,1,0,1,1,6,1,40,7,973,1,15,-1,1,-1
201663BC11016,3,90,0,18,0,6,0,0,0,0,0,1,6,3,-1,-1,-1,-1,-1,-1,-1,-1
201663BC11116,1,5,0,18,0,0,0,0,0,0,1,1,6,1,72,10,499,1,4,-1,3,-1
201663BC11216,1,9,0,3,0,1,0,0,0,0,2,1,6,1,47,8,-1,-1,-1,-1,3,-1
201663BC11216,2,9,0,18,0,1,0,0,0,0,1,1,2,1,44,7,-1,-1,-1,-1,3,-1
201663BC11216,3,9,0,5,0,1,0,0,0,0,0,1,6,3,-1,-1,-1,-1,-1,-1,-1,-1
201663BC11316,1,9,0,11,0,0,0,0,0,0,2,1,6,1,64,9,2993,2,6,2,1,2
201663BC11316,2,21,1,18,0,0,1,0,0,0,1,1,1,1,42,7,12777,2,9,-1,3,-1
201663BC11416,1,9,0,17,0,0,2,0,7,9,4,1,6,1,50,8,1149,1,11,5,1,5
201663BC11416,2,9,0,18,0,0,0,0,0,0,0,1,6,3,-1,-1,-1,-1,-1,-1,-1,-1
201663BC11516,1,9,0,17,0,0,2,0,1,10,4,1,6,2,25,5,1246,1,10,-1,3,-1
201663BC11616,1,19,0,16,0,0,1,0,0,0,1,1,1,1,36,7,2143,2,4,-1,1,-1
201663BC11616,2,21,0,17,0,0,1,0,0,0,1,1,1,1,79,11,12130,2,13,-1,3,-1
201663BC11716,1,9,0,5,0,1,0,0,0,0,3,1,6,1,68,10,2143,2,5,-1,3,-1
201663BC11716,2,9,0,2,0,1,0,0,0,0,0,1,6,3,-1,-1,-1,-1,-1,-1,-1,-1
201663BC11816,1,9,0,16,0,0,0,0,2,10,1,1,2,2,32,6,1124,1,5,-1,3,-1
201663BC11916,1,5,0,18,0,0,0,0,0,0,0,1,6,1,59,9,998,1,14,8,2,8
201663BC11916,2,9,0,18,0,0,0,0,0,0,0,1,6,3,-1,-1,-1,-1,-1,-1,-1,-1
201663BC12016,1,9,0,17,0,2,1,0,2,10,1,1,2,1,20,4,1149,1,12,-1,3,-1
201663BC12116,1,9,0,2,0,6,0,0,0,0,1,1,6,2,40,7,1560,2,-1,-1,3,-1
201663BC12116,2,9,0,4,0,1,0,0,0,0,1,1,6,1,75,10,1910,2,10,-1,3,-1
201663BC12216,1,4,0,18,0,0,0,0,2,10,4,1,6,1,59,9,-1,-1,-1,-1,-1,-1
201663BC12316,1,5,0,16,0,0,1,0,7,10,1,1,6,1,47,8,998,1,7,3,1,3
201663BC12416,1,90,0,18,0,0,0,0,0,0,3,1,6,1,88,11,-1,-1,-1,-1,1,-1
201663BC12516,1,9,0,18,0,0,0,0,7,10,1,1,6,2,76,11,1560,2,2,-1,2,-1
201663BC12616,1,9,0,17,0,0,2,0,2,10,4,1,2,1,26,6,1248,1,4,-1,1,-1
201663BC12716,1,9,0,16,0,0,5,0,1,10,1,1,6,1,19,4,1242,1,8,-1,2,-1
201663BC12816,1,9,0,18,0,0,0,0,1,10,1,1,6,2,24,5,1242,1,1,6,1,6
201663BC12916,1,9,0,18,0,0,0,0,0,0,1,1,6,1,79,11,1108,1,14,-1,3,-1
201663BC12916,2,9,0,1,0,0,0,0,0,0,2,1,6,1,66,10,1560,2,9,-1,3,-1
201663BC13016,1,9,0,18,0,0,0,0,0,0,1,1,6,1,26,6,1998,1,-1,10,2,10
201663BC13016,2,9,0,18,0,0,0,0,0,0,2,1,6,2,71,10,1318,1,-1,-1,2,-1
201663BC13016,3,17,0,4,0,0,0,0,0,0,0,1,6,3,-1,-1,-1,-1,-1,-1,-1,-1
201663BC13016,4,9,0,4,0,0,0,0,0,0,0,1,6,3,-1,-1,-1,-1,-1,-1,-1,-1
201663BC13116,1,3,0,18,0,1,1,0,1,1,1,1,1,1,27,6,125,1,10,-1,3,-1
201663BC13216,1,9,0,18,0,0,0,0,0,0,1,1,6,1,17,4,1390,1,6,-1,3,-1
201663BC13216,2,9,0,3,0,0,0,0,0,0,2,1,6,2,25,5,1995,2,12,-1,3,-1
201663BC13216,3,9,0,1,0,0,0,0,0,0,0,1,6,3,-1,-1,-1,-1,-1,-1,-1,-1
201663BC13316,1,9,0,18,0,2,0,0,0,0,1,1,3,1,34,6,1956,2,2,-1,1,-1
201663BC13416,1,9,0,9,0,1,0,0,1,10,4,1,6,1,37,7,1956,2,4,-1,1,-1
201663BC13516,1,9,0,18,0,0,0,0,1,0,1,1,6,1,39,7,1390,1,16,-1,2,-1
201663BC13516,2,9,0,4,0,0,0,0,0,0,4,1,6,1,25,5,1968,2,8,-1,3,-1
201663BC13516,3,9,0,13,0,0,0,0,0,0,0,1,6,3,-1,-1,-1,-1,-1,-1,-1,-1
201663BC13516,4,9,0,18,0,0,0,0,0,0,0,1,6,3,-1,-1,-1,-1,-1,-1,-1,-1
201663BC13516,5,17,0,5,0,0,0,0,0,0,0,1,6,3,-1,-1,-1,-1,-1,-1,-1,-1