Accident_Index,Vehicle_Reference,Vehicle_Type,Towing_and_Articulation,Vehicle_Manoeuvre,Vehicle_Location-Restricted_Lane,Junction_Location,Skidding_and_Overturning,Hit_Object_in_Carriageway,Vehicle_Leaving_Carriageway,Hit_Object_off_Carriageway,1st_Point_of_Impact,Was_Vehicle_Left_Hand_Drive?,Journey_Purpose_of_Driver,Sex_of_Driver,Age_of_Driver,Age_Band_of_Driver,Engine_Capacity_(CC),Propulsion_Code,Age_of_Vehicle,Driver_IMD_Decile,Driver_Home_Area_Type,Vehicle_IMD_Decile
201663CP07216,1,19,0,16,0,0,0,0,0,0,4,1,6,1,28,6,1248,2,2,-1,1,-1
201663CP07216,2,3,0,17,0,0,0,0,0,0,1,1,6,1,17,4,125,1,-1,-1,1,-1
201663CP07316,1,5,0,18,0,1,1,0,0,0,1,1,6,1,57,9,2294,1,6,-1,3,-1
201663CP07416,1,9,0,16,0,0,2,0,0,0,1,1,6,1,20,4,1995,2,7,-1,1,-1
201663CP07516,1,9,0,9,0,6,0,0,0,0,1,1,6,2,33,6,1587,1,15,-1,1,-1
201663CP07516,2,9,0,18,0,8,0,0,0,0,3,1,6,1,51,8,1997,2,-1,-1,1,-1
201663CP07616,1,9,0,13,0,1,0,0,0,0,1,1,1,1,35,6,1061,1,13,-1,3,-1
201663CP07616,2,9,0,18,0,6,0,0,0,0,1,1,6,2,69,10,1250,1,10,-1,3,-1
201663CP07616,3,19,0,18,0,1,0,0,0,0,0,1,6,3,-1,-1,-1,-1,-1,-1,-1,-1
201663CP07716,1,3,0,9,0,2,0,0,1,0,0,1,6,2,46,8,124,1,4,-1,1,-1
201663CP07816,1,9,0,18,0,0,0,0,0,0,1,1,6,2,47,8,1332,1,16,-1,3,-1
201663CP07816,2,9,0,18,0,0,0,0,0,0,1,1,2,2,23,5,1360,1,11,-1,3,-1
201663CP07916,1,9,0,18,0,1,0,0,0,0,4,1,2,2,33,6,-1,-1,-1,-1,2,-1
201663CP07916,2,9,0,18,0,1,0,0,0,0,3,1,2,2,46,8,1686,2,14,-1,2,-1
201663CP08016,1,9,0,4,0,0,0,0,0,0,2,1,1,2,33,6,1398,2,2,-1,3,-1
201663CP08016,2,9,0,4,0,0,0,0,1,0,2,1,6,2,57,9,1198,1,12,-1,3,-1
201663CP08016,3,9,0,18,0,0,0,0,0,0,1,1,6,1,18,4,1398,1,5,-1,2,-1
201663CP08016,4,21,0,2,0,0,0,0,0,0,0,1,1,1,47,8,6370,2,9,-1,1,-1
201663CP08116,1,19,0,18,0,0,0,0,0,0,1,1,6,2,46,8,1995,2,8,-1,2,-1
201663CP08116,2,1,0,18,0,0,0,0,0,0,2,1,6,1,38,7,-1,-1,-1,-1,3,-1
201663CP08216,1,9,0,18,0,1,0,0,0,0,1,1,6,2,57,9,1686,2,12,-1,1,-1
201663CP08316,1,9,0,18,0,0,0,0,0,0,1,1,6,3,-1,-1,-1,-1,-1,-1,-1,-1
201663CP08316,2,1,0,18,0,0,0,0,1,10,1,1,6,1,24,5,-1,-1,-1,-1,2,-1
201663CP08416,1,9,0,18,0,0,1,0,2,10,1,1,3,2,38,7,1396,1,6,-1,3,-1
201663CP08516,1,9,0,18,0,0,0,0,7,4,1,1,6,2,54,8,1995,2,1,-1,3,-1
201663CP08616,1,9,0,5,0,1,0,0,0,0,1,1,6,2,54,8,2987,2,10,-1,3,-1
201663CP08616,2,4,0,8,0,1,0,0,0,0,2,1,2,1,40,7,244,1,43,-1,3,-1
201663CP08716,1,9,0,18,0,8,1,0,0,0,4,1,6,1,17,4,1596,1,15,-1,-1,-1
201663CP08716,2,17,4,10,0,8,0,0,0,0,2,1,1,1,30,6,6728,2,3,-1,3,-1
201663CP08716,3,9,0,18,0,1,0,0,0,0,0,1,6,3,-1,-1,-1,-1,-1,-1,-1,-1
201663CP08716,4,9,0,18,0,1,0,0,0,0,0,1,6,3,-1,-1,-1,-1,-1,-1,-1,-1
201663CP08816,1,5,0,16,0,0,0,0,0,0,1,1,6,1,40,7,1250,1,17,-1,-1,-1
201663CP08916,1,9,0,18,0,0,2,0,1,9,1,1,6,1,16,4,1360,1,14,-1,3,-1
201663CP09016,1,9,0,18,0,0,0,4,7,0,1,1,6,2,25,5,1596,1,9,-1,1,-1
201663CP09016,2,9,0,2,0,0,0,0,0,0,4,1,6,1,26,6,1968,2,4,-1,1,-1
201663CP09016,3,9,0,2,0,0,0,0,0,0,1,1,6,2,50,8,998,1,14,-1,1,-1
201663CP09016,4,9,0,2,0,0,0,0,7,0,2,1,6,1,55,8,1560,2,12,-1,1,-1
201663CP09116,1,9,5,18,0,0,2,12,0,0,1,1,6,1,18,4,1596,1,9,-1,3,-1
201663CP09216,1,9,0,7,0,3,0,0,0,0,1,1,6,1,32,6,1800,1,17,-1,1,-1
201663CP09216,2,9,0,7,0,3,0,0,0,0,2,1,6,2,25,5,1199,1,13,-1,2,-1
201663CP09316,1,9,0,16,0,0,1,0,1,10,1,1,6,1,28,6,1461,2,13,-1,3,-1
201663CP09416,1,9,0,18,0,2,0,0,0,0,3,1,6,2,72,10,1584,1,11,-1,3,-1
201663CP09416,2,9,0,18,0,1,0,0,0,0,1,1,6,1,43,7,1596,1,4,-1,1,-1
201663CP09416,3,17,0,10,0,1,0,0,0,0,0,1,1,1,18,4,6788,2,3,-1,2,-1
201663CP09516,1,9,0,18,0,1,0,0,0,0,1,1,6,1,78,11,1587,1,10,-1,3,-1
201663CP09516,2,1,0,18,0,1,0,0,0,0,1,1,6,1,60,9,-1,-1,-1,-1,3,-1
201663CP09616,1,9,0,18,0,0,0,0,0,0,1,1,6,2,22,5,1390,1,2,-1,2,-1
201663CP09616,2,9,0,18,0,0,0,0,0,0,2,1,6,2,21,5,1149,1,10,-1,3,-1
201663CP09616,3,9,0,18,0,0,0,0,0,0,2,1,6,1,51,8,1999,1,14,-1,3,-1
201663CP09716,1,9,0,18,0,1,5,0,1,10,4,1,6,1,72,10,1587,1,16,1,1,1
201663CP09816,1,5,0,4,0,0,1,0,0,0,0,1,6,1,20,4,645,1,6,-1,1,-1
201663CP09916,1,9,0,18,0,0,0,0,0,0,2,1,6,2,33,6,2497,2,17,-1,3,-1
201663CP09916,2,9,0,18,0,0,0,0,0,0,1,1,6,3,-1,-1,-1,-1,-1,-1,-1,-1
201663CP10016,1,9,0,18,0,0,5,0,0,0,1,1,6,2,22,5,1596,1,11,-1,1,-1
201663CP10116,1,9,0,18,0,6,1,0,0,0,1,1,6,1,32,6,1998,1,14,-1,3,-1
201663CP10116,2,9,0,18,0,8,0,0,1,9,3,1,6,1,61,9,1587,1,15,-1,3,-1
201663CP10216,1,9,0,18,0,2,0,0,0,0,3,1,6,1,44,7,1390,1,9,5,1,5
201663CP10216,2,9,4,18,0,1,0,0,0,0,1,1,6,1,53,8,-1,-1,-1,10,1,10
201663CP10316,1,9,0,18,0,0,0,4,2,10,4,1,6,2,31,6,1398,1,12,1,1,1
201663CP10316,2,9,0,2,6,0,0,0,0,0,2,1,6,1,30,6,-1,-1,-1,-1,3,-1
201663CP10416,1,2,0,18,0,1,1,0,0,0,0,1,1,1,16,4,49,1,4,-1,3,-1
201663CP10516,1,9,0,18,9,0,0,0,0,0,1,1,6,3,-1,-1,-1,-1,-1,-1,-1,-1
201663CP10616,1,9,0,1,0,0,0,0,0,0,2,1,6,1,23,5,1995,1,15,-1,-1,-1
201663CP10616,2,9,0,2,0,0,0,0,0,0,2,1,6,1,34,6,1390,1,8,-1,1,-1
201663CP10716,1,5,0,18,0,1,0,0,1,10,1,1,6,1,23,5,599,1,9,-1,2,-1
201663CP10716,2,90,0,7,0,6,0,0,0,0,4,1,2,1,43,7,2496,2,18,-1,3,-1
201663CP10816,1,9,0,16,0,0,0,0,0,0,1,1,6,2,24,5,1390,1,5,-1,2,-1
201663CP10816,2,9,0,17,0,0,0,0,0,0,1,1,6,1,65,9,1364,2,8,-1,2,-1
201663CP10816,3,9,0,18,0,0,0,0,0,0,1,1,6,2,30,6,875,1,2,-1,3,-1
201663CP10816,4,9,0,13,0,0,0,0,0,0,0,1,6,3,-1,-1,-1,-1,-1,-1,-1,-1
201663CP10916,1,9,0,18,0,0,0,0,0,0,1,1,6,1,35,6,1968,2,7,-1,2,-1
201663CP10916,2,9,0,18,0,0,0,0,0,0,3,1,6,2,33,6,-1,-1,-1,10,1,10
201663CP11016,1,9,0,18,7,0,0,4,1,10,1,1,6,1,68,10,1560,2,1,-1,2,-1
201663CP11016,2,9,0,5,0,0,0,0,0,0,2,1,6,2,69,10,1339,1,14,-1,2,-1
201663CP11016,3,9,0,2,6,0,0,0,0,0,2,1,6,2,61,9,1997,2,11,-1,-1,-1
201663CP11116,1,9,0,18,0,1,0,0,0,0,1,1,6,2,24,5,1198,1,14,-1,2,-1
201663CP11116,2,4,0,10,0,5,0,0,7,10,2,1,6,1,72,10,-1,-1,-1,-1,2,-1
201663CP11216,1,9,0,9,0,1,0,0,0,0,1,1,1,1,20,4,1560,2,11,-1,1,-1
201663CP11216,2,5,0,18,0,1,0,0,0,0,1,1,6,1,58,9,544,1,38,-1,2,-1
201663CP11216,3,9,0,2,0,2,0,0,0,0,2,1,6,1,32,6,-1,-1,-1,-1,2,-1
201663CP11316,1,9,0,9,0,1,0,0,0,0,1,1,6,1,19,4,1149,1,11,-1,1,-1
201663CP11316,2,5,0,4,0,1,0,0,0,0,1,1,2,1,26,6,1050,1,8,-1,1,-1
201663CP11316,3,19,0,4,0,1,0,0,0,0,0,1,6,3,-1,-1,-1,-1,-1,-1,-1,-1
201663CP11416,1,9,0,18,0,0,0,0,0,0,0,1,6,3,-1,-1,-1,-1,-1,-1,-1,-1
201663CP11416,2,9,0,18,0,0,1,0,2,10,1,1,6,1,34,6,1199,1,14,-1,3,-1
201663CP11516,1,9,0,18,0,1,0,0,0,0,1,1,1,2,52,8,1149,1,13,-1,2,-1
201663CP11516,2,9,0,2,0,1,0,0,0,0,0,1,3,2,49,8,1968,2,7,-1,3,-1
201663CP11516,3,9,0,2,0,1,0,0,0,0,0,1,6,3,-1,-1,-1,-1,-1,-1,-1,-1
201663CP11616,1,9,0,18,0,1,0,0,0,0,1,1,6,1,74,10,1197,1,1,-1,3,-1
201663CP11616,2,9,0,9,0,1,0,0,0,0,2,1,6,1,53,8,1390,1,14,4,2,4
201663CP11616,3,19,0,18,0,1,0,0,0,0,3,1,1,1,37,7,1997,2,10,-1,2,-1
201663CP11716,1,9,0,18,0,0,0,0,0,0,4,1,6,1,86,11,1995,2,2,-1,3,-1
201663CP11816,1,9,0,18,0,0,0,0,7,10,1,1,1,1,24,5,1248,2,12,-1,1,-1
201663CP11816,2,9,0,18,0,0,0,0,0,0,0,1,6,3,-1,-1,-1,-1,-1,-1,-1,-1
201663CP11916,1,9,0,18,0,1,0,0,0,0,1,1,6,2,39,7,1124,1,14,-1,1,-1
201663CP11916,2,9,0,18,0,1,0,0,0,0,1,1,6,1,52,8,1596,1,5,-1,1,-1
201663CP12016,1,9,0,4,0,0,0,0,0,0,2,1,6,1,52,8,-1,-1,-1,-1,-1,-1
201663CP12016,2,9,0,4,0,0,0,0,0,0,2,1,6,1,68,10,1910,2,11,-1,2,-1
201663CP12016,3,9,0,18,0,0,0,0,0,0,1,1,6,1,45,7,1968,2,8,3,1,3
201663CP12016,4,9,0,3,0,0,0,0,0,0,0,1,6,3,-1,-1,-1,-1,-1,-1,-1,-1
201663CP12116,1,3,0,18,0,0,0,0,0,0,1,1,6,1,22,5,124,1,17,-1,3,-1
201663CP12116,2,9,0,4,0,0,0,0,0,0,2,1,1,1,62,9,999,1,1,-1,2,-1
201663CP12116,3,9,0,3,0,0,0,0,0,0,0,1,6,3,-1,-1,-1,-1,-1,-1,-1,-1
201663CP12216,1,9,0,18,0,0,0,4,0,0,4,1,6,2,68,10,-1,-1,-1,-1,3,-1
201663CP12216,2,9,0,2,0,0,0,0,0,0,4,1,6,2,55,8,1968,2,7,-1,3,-1
201663CP12316,1,9,0,16,0,0,0,0,2,10,4,1,6,1,17,4,1198,1,6,-1,1,-1
201663CP12416,1,5,0,18,0,0,0,0,8,10,1,1,6,1,37,7,988,1,12,-1,2,-1
201663CP12516,1,9,0,18,0,1,0,0,0,0,1,1,6,2,35,6,1896,2,14,-1,3,-1
201663CP12516,2,9,5,18,0,1,0,0,0,0,2,1,6,1,47,8,-1,-1,-1,5,1,5
201663CP12616,1,17,4,18,0,0,0,0,0,0,0,1,1,1,19,4,6788,2,2,-1,3,-1
201663CP12616,2,16,0,18,0,0,0,0,0,0,0,1,6,2,58,9,-1,-1,-1,-1,2,-1
201663CP12616,3,16,0,18,0,0,0,0,0,0,0,1,6,2,15,3,-1,-1,-1,-1,-1,-1
201663CP12716,1,9,0,18,0,0,0,0,1,0,4,1,6,3,-1,-1,-1,-1,-1,-1,-1,-1
201663CP12816,1,9,0,18,0,0,1,0,1,10,1,1,6,1,19,4,1299,1,15,-1,3,-1
201663CP12916,1,9,0,9,0,1,0,0,0,0,1,1,6,1,50,8,1200,1,3,-1,3,-1
201663CP12916,2,1,0,18,0,1,0,0,0,0,1,1,6,1,56,9,-1,-1,-1,-1,3,-1
201663CP13016,1,9,0,18,0,0,0,0,0,0,1,1,6,1,76,11,2231,2,8,-1,2,-1
201663CP13116,1,5,0,18,0,4,0,0,0,0,3,1,6,1,25,5,1137,1,15,-1,2,-1
201663CP13116,2,9,0,18,0,3,0,0,2,10,1,1,6,1,82,11,2143,2,2,-1,3,-1
201663CP13216,1,9,0,18,6,1,5,0,8,1,1,1,6,2,76,11,1390,1,5,-1,3,-1
201663CP13216,2,9,0,2,6,1,0,0,0,0,2,1,6,2,78,11,1391,1,15,-1,3,-1
201663CP13316,1,9,0,4,0,4,0,10,3,4,1,1,6,2,92,11,995,1,10,-1,2,-1
201663CP13416,1,19,0,1,0,0,0,4,0,0,4,1,6,1,67,10,1870,2,10,-1,2,-1
201663CP13416,2,9,0,2,0,0,0,0,0,0,4,1,6,3,-1,-1,2461,2,20,-1,-1,-1
201663CP13416,3,9,0,2,0,0,0,0,0,0,2,1,6,3,-1,-1,1461,2,1,-1,-1,-1
201663CP13516,1,9,0,18,0,0,0,0,0,0,1,1,6,1,80,11,1396,1,14,-1,1,-1
201663CP13616,1,17,4,5,0,1,0,0,0,0,0,1,6,1,66,10,-1,2,54,-1,3,-1
201663CP13716,1,9,0,18,0,1,0,0,0,0,1,1,6,1,74,10,1461,2,7,-1,3,-1
201663CP13716,2,9,0,3,0,1,0,0,0,0,2,1,3,1,60,9,1591,1,-1,-1,3,-1
201663CP13716,3,9,0,9,0,5,0,0,0,0,0,1,6,3,-1,-1,-1,-1,-1,-1,-1,-1
201663CP13816,1,9,0,16,0,0,1,0,1,4,4,1,6,1,21,5,1364,1,12,-1,-1,-1
201663CP13916,1,9,0,18,0,0,2,0,2,10,1,1,2,1,43,7,1598,1,13,-1,2,-1
201663CP13916,2,9,0,18,0,0,0,0,0,0,0,1,6,3,-1,-1,-1,-1,-1,-1,-1,-1
201663CP14016,1,9,0,3,0,0,0,0,0,0,2,1,6,2,26,6,1242,1,3,-1,1,-1
201663CP14016,2,9,0,3,0,0,0,0,0,0,1,1,6,1,49,8,1686,2,2,-1,2,-1
201663CP14016,3,9,0,18,0,0,0,0,0,0,1,1,1,2,19,4,1200,1,-1,-1,1,-1
201663CP14116,1,5,0,18,0,1,1,10,0,0,1,1,6,1,69,10,750,1,7,-1,3,-1
201663CP14116,2,9,0,18,0,1,0,0,0,0,0,1,6,3,-1,-1,-1,-1,-1,-1,-1,-1
201663CP14216,1,9,0,16,0,0,0,0,8,10,1,1,6,1,24,5,596,1,11,-1,2,-1
201663CP14316,1,9,0,18,0,1,2,0,8,10,1,1,6,1,22,5,1299,1,8,7,3,7
201663CP14416,1,3,0,16,0,0,1,0,0,0,4,1,6,1,19,4,125,1,3,-1,1,-1
201663CP14516,1,21,0,18,0,0,0,4,0,0,4,1,6,3,-1,-1,-1,-1,-1,-1,-1,-1
201663CP14516,2,9,0,2,0,0,0,0,0,0,4,1,6,1,34,6,1998,2,13,-1,2,-1
201663CP14616,1,9,0,18,0,1,0,0,0,0,1,1,1,1,55,8,-1,-1,-1,-1,3,-1
201663CP14616,2,11,0,18,0,1,0,0,0,0,1,1,3,1,31,6,-1,2,21,-1,1,-1
201663CP14716,1,9,0,18,0,0,0,0,0,0,1,1,6,1,23,5,1360,1,13,-1,3,-1
201663CP14716,2,9,0,18,0,0,0,0,0,0,2,1,6,1,24,5,2979,1,12,-1,3,-1
201663CP14716,3,9,0,3,0,0,0,0,0,0,0,1,6,3,-1,-1,-1,-1,-1,-1,-1,-1
201663CP14816,1,9,0,18,0,8,0,0,0,0,1,1,2,2,18,4,1149,1,13,-1,2,-1
201663CP14816,2,9,0,10,0,1,0,0,0,0,2,1,6,2,73,10,1390,1,18,-1,3,-1
201663CP14916,1,9,0,18,0,1,0,0,0,0,1,1,2,2,26,6,1242,1,7,-1,3,-1
201663CP14916,2,9,0,3,0,8,0,0,0,0,2,1,6,1,44,7,2204,2,9,-1,3,-1
201663CP14916,3,9,0,10,0,1,0,0,0,0,2,1,6,2,37,7,1560,2,3,-1,3,-1
201663CP15016,1,90,0,18,0,0,0,0,1,0,1,1,2,1,41,7,-1,-1,-1,-1,2,-1
201663CP15016,2,9,0,2,0,0,0,0,0,0,3,1,6,2,50,8,2993,2,3,-1,2,-1
201663CP15116,1,9,0,16,0,0,0,0,0,0,1,1,2,1,22,5,1598,1,5,-1,2,-1
201663CP15116,2,9,0,3,0,0,0,0,0,0,2,1,6,2,38,7,1984,1,8,-1,2,-1
201663CP15116,3,17,0,18,0,0,0,0,0,0,0,1,6,3,-1,-1,-1,-1,-1,-1,-1,-1
201663CP15116,4,9,0,3,0,0,0,0,0,0,0,1,6,3,-1,-1,-1,-1,-1,-1,-1,-1
201663CP15216,1,9,0,18,0,0,0,0,0,0,1,1,1,2,41,7,1560,2,5,-1,2,-1
201663CP15216,2,9,0,18,0,0,0,0,0,0,2,1,6,2,26,6,1598,1,9,-1,3,-1
201663CP15316,1,9,5,5,0,2,0,0,0,0,2,1,6,2,56,9,-1,-1,-1,-1,3,-1
201663CP15316,2,1,0,18,0,1,0,0,1,10,3,1,6,1,40,7,-1,-1,-1,6,3,6
201663CP15416,1,9,0,9,0,6,0,0,0,0,1,1,6,1,69,10,1686,2,8,-1,1,-1
201663CP15416,2,4,0,18,0,2,0,0,0,0,4,1,6,1,61,9,738,1,15,-1,2,-1
201663CP15416,3,5,0,18,0,1,0,0,0,0,0,1,6,3,-1,-1,-1,-1,-1,-1,-1,-1
201663CP15516,1,9,0,18,0,0,0,0,1,9,4,1,6,2,34,6,1242,1,9,-1,3,-1
201663CP15616,1,9,0,18,0,1,0,0,1,1,1,1,6,2,60,9,996,1,6,-1,3,-1
201663CP15616,2,9,0,18,0,1,0,0,0,0,1,1,1,1,28,6,1198,1,6,-1,2,-1
201663CP15716,1,90,0,18,9,0,5,0,0,0,0,1,6,2,44,7,-1,-1,-1,-1,1,-1
201663CP15816,1,9,0,18,0,0,5,4,0,0,1,1,6,1,34,6,1397,1,16,-1,3,-1
201663CP15816,2,9,0,2,0,0,0,0,0,0,1,1,6,3,-1,-1,1595,2,7,-1,-1,-1
201663CP15816,3,9,0,2,0,0,0,0,0,0,2,1,6,3,-1,-1,1124,1,16,-1,-1,-1
201663CP15916,1,9,0,9,0,8,0,0,0,0,4,1,6,1,78,11,1870,2,16,-1,2,-1
201663CP15916,2,1,0,18,0,1,0,0,0,0,1,1,6,1,36,7,-1,-1,-1,-1,1,-1
201663CP16016,1,19,0,6,0,6,0,0,0,0,1,1,1,2,28,6,2198,2,3,-1,3,-1
201663CP16016,2,9,0,18,0,1,0,0,1,10,1,1,6,1,18,4,1242,1,5,-1,3,-1
201663CP16116,1,19,0,18,0,1,0,0,0,0,1,1,6,1,42,7,1248,2,11,-1,1,-1
201663CP16116,2,9,0,3,0,1,0,0,0,0,2,1,6,1,40,7,1968,2,-1,-1,2,-1
201663CP16116,3,9,0,10,0,1,0,0,0,0,2,1,6,2,35,6,1560,2,4,-1,2,-1
201663CP16216,1,9,0,18,0,0,2,0,1,10,1,1,6,2,20,4,1149,1,15,-1,3,-1
201663CP16316,1,19,0,9,0,8,0,0,0,0,1,1,1,1,45,7,1968,2,-1,-1,3,-1
201663CP16316,2,9,0,18,0,8,0,0,0,0,4,1,2,2,62,9,1390,1,9,-1,1,-1
201663CP16316,3,9,0,18,0,1,0,0,0,0,0,1,6,3,-1,-1,-1,-1,-1,-1,-1,-1
201663CP16416,1,9,0,18,0,0,1,0,0,0,1,1,6,2,24,5,1328,1,10,-1,3,-1
201663CP16416,2,9,0,18,0,0,0,0,0,0,1,1,6,2,32,6,1781,1,14,-1,2,-1
201663CP16516,1,9,0,18,0,0,2,0,8,10,1,1,6,1,19,4,1149,1,11,-1,3,-1
201663CP16516,2,9,0,18,0,0,0,0,0,0,0,1,6,3,-1,-1,-1,-1,-1,-1,-1,-1
201663CP16616,1,19,0,18,0,8,0,0,0,0,1,1,6,1,57,9,1896,2,10,-1,1,-1
201663CP16616,2,9,0,18,0,8,0,0,0,0,2,1,6,2,55,8,1598,2,1,-1,1,-1
201663CP16716,1,19,0,9,0,1,0,0,0,0,1,1,1,1,69,10,2143,2,5,-1,1,-1
201663CP16716,2,5,0,9,0,1,0,0,0,0,1,1,1,1,57,9,865,1,3,-1,3,-1
201663CP16816,1,3,0,18,0,8,0,0,0,0,0,1,2,1,26,6,125,1,6,-1,3,-1
201663CP16816,2,9,0,18,0,8,0,0,0,0,0,1,6,3,-1,-1,-1,-1,-1,-1,-1,-1
201663CP16916,1,9,0,6,0,0,0,0,0,0,3,1,6,2,41,7,1149,1,6,-1,2,-1
201663CP16916,2,9,0,13,0,0,1,0,0,0,1,1,6,2,48,8,1956,2,6,-1,1,-1
201663CP17016,1,8,0,4,0,0,0,0,1,10,1,1,6,1,29,6,1461,2,11,-1,2,-1
201663CP17116,1,9,0,18,0,1,0,0,0,0,1,1,6,2,27,6,1364,1,7,2,1,2
201663CP17116,2,9,0,18,0,2,0,0,0,0,2,1,6,2,41,7,999,1,1,-1,2,-1
201663CP17116,3,90,0,5,0,1,0,0,0,0,0,1,6,3,-1,-1,-1,-1,-1,-1,-1,-1
201663CP17216,1,9,0,18,0,1,1,0,2,10,1,1,6,2,23,5,1398,2,11,-1,2,-1
201663CP17316,1,9,0,18,0,0,1,0,2,10,1,1,6,2,59,9,1753,2,9,-1,1,-1
201663CP17316,2,9,0,18,0,0,0,0,0,0,0,1,6,1,39,7,2993,2,5,-1,3,-1
201663CP17416,1,3,0,17,0,0,1,0,1,10,1,1,6,1,21,5,124,1,9,-1,2,-1
201663CP17516,1,9,0,18,0,0,0,0,0,0,1,1,6,2,17,4,1398,1,-1,-1,2,-1
201663CP17516,2,9,0,18,0,0,0,0,2,10,1,1,6,2,29,6,1120,2,3,-1,1,-1
201663CP17516,3,9,0,18,0,0,0,0,1,10,1,1,6,2,29,6,1349,1,5,-1,1,-1
201663CP17616,1,9,0,18,0,6,0,0,0,0,0,1,6,2,62,9,1995,2,-1,-1,-1,-1
201663CP17616,2,1,0,18,0,1,0,0,0,0,0,1,6,1,40,7,-1,-1,-1,-1,1,-1
201663CP17716,1,9,0,1,0,0,0,0,0,0,2,1,6,2,28,6,1198,1,2,8,1,8
201663CP17816,1,9,0,9,0,6,0,0,0,0,3,1,2,2,24,5,1197,1,-1,-1,2,-1
201663CP17816,2,9,0,18,0,1,0,0,0,0,1,1,6,2,19,4,1390,1,2,-1,1,-1
201663CP17916,1,9,0,9,0,1,0,0,0,0,1,1,6,1,52,8,1991,1,1,5,1,5
201663CP18016,1,9,0,18,0,6,0,0,0,0,3,1,6,2,21,5,1598,1,10,-1,3,-1
201663CP18016,2,17,0,18,0,1,0,0,0,0,1,1,1,1,46,8,-1,2,-1,-1,2,-1
201663CP18116,1,9,0,2,0,0,0,0,0,0,0,1,6,2,19,4,1398,1,-1,-1,1,-1
201663CP18116,2,9,0,18,0,0,0,0,0,0,1,1,6,1,26,6,1896,2,14,-1,2,-1
201663CP18216,1,9,0,18,0,0,2,0,2,10,1,1,6,1,21,5,1598,1,10,-1,3,-1
201663CP18316,1,9,0,9,0,5,0,0,7,0,3,1,6,1,33,6,2231,2,9,-1,3,-1
201663CP18316,2,4,0,18,0,1,0,0,0,0,1,1,6,1,29,6,599,1,13,-1,3,-1
201663CP18416,1,9,0,18,0,4,0,0,0,0,4,1,6,2,82,11,1248,1,-1,-1,3,-1
201663CP18416,2,1,0,18,0,8,0,0,0,0,3,1,6,2,62,9,-1,-1,-1,-1,3,-1
201663CP18516,1,9,0,18,0,1,1,0,1,10,1,1,6,2,22,5,1242,1,4,-1,1,-1
201663CP18516,2,9,0,4,0,1,0,0,0,0,2,1,6,1,85,11,2148,2,8,5,1,5
201663CP18516,3,19,0,18,0,1,1,0,0,0,1,1,6,1,25,5,1753,2,13,-1,2,-1
201663CP18516,4,9,0,4,0,1,0,0,0,0,2,1,6,1,34,6,1197,1,3,7,1,7
201663CP18516,5,9,0,9,0,5,0,0,0,0,0,1,6,3,-1,-1,-1,-1,-1,-1,-1,-1
201663CP18616,1,3,0,18,0,0,1,0,0,0,1,1,2,1,17,4,125,1,-1,-1,3,-1
201663CP18616,2,9,0,18,0,0,0,0,0,0,2,1,6,1,17,4,1242,1,9,-1,3,-1
201663CP18716,1,9,0,17,0,0,2,0,2,10,1,1,6,1,18,4,998,1,14,-1,1,-1
201663CP18816,1,20,0,18,0,0,0,0,0,0,1,1,2,1,50,8,12580,2,11,-1,1,-1
201663CP18816,2,9,0,18,0,0,0,0,0,0,2,1,6,2,59,9,1560,2,4,-1,3,-1
201663CP18916,1,9,0,18,0,1,1,0,0,0,1,1,6,1,44,7,2792,1,32,-1,3,-1
201663CP18916,2,9,0,3,0,1,0,0,0,0,2,1,6,1,60,9,1997,2,3,-1,-1,-1
201663CP18916,3,9,0,9,0,5,0,0,0,0,0,1,6,3,-1,-1,-1,-1,-1,-1,-1,-1
201663CP19016,1,9,0,18,0,0,0,0,0,0,3,1,6,1,42,7,2987,2,10,-1,3,-1
201663CP19016,2,9,0,18,0,0,1,0,0,0,1,1,6,2,35,6,1364,1,11,-1,1,-1
201663CP19116,1,19,0,18,0,5,1,0,7,0,2,1,1,1,25,5,1248,2,1,-1,3,-1
201663CP19116,2,9,0,18,0,1,0,0,0,0,1,1,6,2,40,7,1388,1,7,-1,2,-1
201663CP19216,1,9,0,18,0,0,0,0,0,0,1,1,6,1,35,6,1248,2,4,-1,3,-1
201663CP19216,2,9,0,4,0,0,0,0,0,0,2,1,6,2,28,6,1994,1,15,-1,3,-1
201663CP19216,3,9,0,18,0,0,0,0,0,0,0,1,6,3,-1,-1,-1,-1,-1,-1,-1,-1
201663CP19316,1,19,0,18,0,0,0,0,0,0,3,1,1,1,53,8,2198,2,9,-1,2,-1
201663CP19316,2,9,0,2,0,0,0,0,0,0,0,1,6,3,-1,-1,-1,-1,-1,-1,-1,-1
201663CP19316,3,9,0,2,0,0,0,0,0,0,0,1,6,3,-1,-1,-1,-1,-1,-1,-1,-1
201663CP19416,1,9,0,3,0,0,0,0,0,0,2,1,6,2,33,6,1248,1,6,-1,2,-1
201663CP19416,2,9,0,3,0,0,0,0,0,0,2,1,6,2,42,7,999,1,13,-1,3,-1
201663CP19416,3,19,0,2,0,0,0,0,0,0,0,1,6,3,-1,-1,-1,-1,-1,-1,-1,-1
201663CP19516,1,9,0,18,0,0,2,0,2,10,4,1,1,2,39,7,998,1,-1,-1,2,-1
201663CP19516,2,9,0,18,0,0,0,0,0,0,0,1,6,2,49,8,1870,2,12,-1,3,-1
201663CP19616,1,9,0,4,0,0,0,0,0,0,4,1,2,2,25,5,1896,2,14,4,1,4
201663CP19616,2,9,0,2,0,0,0,0,0,0,0,1,6,3,-1,-1,-1,-1,-1,-1,-1,-1
201663CP19616,3,9,0,2,0,0,0,0,0,0,0,1,6,3,-1,-1,-1,-1,-1,-1,-1,-1
201663CP19716,1,9,0,9,0,1,0,0,0,0,1,1,2,2,21,5,1390,1,6,-1,2,-1
201663CP19716,2,1,0,18,0,1,0,0,0,0,1,1,6,2,51,8,-1,-1,-1,-1,2,-1