Accident_Index,Vehicle_Reference,Vehicle_Type,Towing_and_Articulation,Vehicle_Manoeuvre,Vehicle_Location-Restricted_Lane,Junction_Location,Skidding_and_Overturning,Hit_Object_in_Carriageway,Vehicle_Leaving_Carriageway,Hit_Object_off_Carriageway,1st_Point_of_Impact,Was_Vehicle_Left_Hand_Drive?,Journey_Purpose_of_Driver,Sex_of_Driver,Age_of_Driver,Age_Band_of_Driver,Engine_Capacity_(CC),Propulsion_Code,Age_of_Vehicle,Driver_IMD_Decile,Driver_Home_Area_Type,Vehicle_IMD_Decile
201663CP19816,1,90,0,18,0,0,1,0,2,10,3,1,6,2,14,3,-1,-1,-1,-1,1,-1
201663CP19816,2,5,0,18,0,0,1,0,0,0,4,1,6,1,27,6,-1,-1,-1,-1,1,-1
201663CP19916,1,17,0,18,0,0,0,0,0,0,1,1,6,1,21,5,-1,-1,-1,-1,3,-1
201663CP19916,2,9,0,18,0,0,0,0,0,0,1,1,6,1,17,4,998,1,18,-1,3,-1
201663CP20016,1,9,0,9,0,5,0,0,7,10,4,1,2,1,19,4,1248,1,2,-1,3,-1
201663CP20016,2,9,0,18,0,8,0,0,0,0,1,1,6,1,58,9,2982,2,8,-1,3,-1
201663CP20016,3,9,0,2,6,2,0,0,0,0,3,1,6,3,-1,-1,1328,1,15,-1,-1,-1
201663CP20116,1,9,0,18,0,0,0,0,8,10,1,1,6,1,36,7,1399,1,6,-1,3,-1
201663CP20216,1,3,0,13,0,1,0,0,7,10,1,1,6,1,26,6,645,1,12,-1,3,-1
201663CP20216,2,9,0,9,0,5,0,0,0,0,2,1,6,1,51,8,1999,1,12,-1,3,-1
201663CP20216,3,9,0,18,0,1,0,0,0,0,0,1,6,3,-1,-1,-1,-1,-1,-1,-1,-1
201663CP20316,1,3,0,18,0,1,1,0,8,10,2,1,6,1,17,4,124,1,10,-1,2,-1
201663CP20416,1,90,0,18,0,0,1,0,2,10,4,2,6,1,81,11,-1,-1,-1,-1,-1,-1
201663CP20416,2,9,0,4,0,0,0,0,0,0,3,1,6,2,69,10,-1,3,4,-1,3,-1
201663CP20516,1,19,0,2,0,0,0,0,0,0,2,1,1,1,36,7,1998,2,14,-1,3,-1
201663CP20516,2,9,0,2,0,0,0,0,0,0,2,1,6,1,29,6,1242,1,-1,-1,-1,-1
201663CP20616,1,5,0,18,0,0,1,0,1,10,1,1,6,1,74,10,990,1,-1,10,1,10
201663CP20716,1,9,0,18,0,0,0,0,1,4,1,1,6,1,50,8,2198,2,4,-1,2,-1
201663CP20816,1,9,0,9,0,1,0,0,0,0,1,1,6,1,84,11,998,1,21,-1,3,-1
201663CP20816,2,19,0,18,0,1,0,0,0,0,1,1,1,1,26,6,5880,2,10,-1,2,-1
201663CP20916,1,9,0,13,0,0,0,0,0,0,1,1,6,2,83,11,1398,1,6,-1,2,-1
201663CP20916,2,5,0,18,0,0,1,0,1,10,1,1,6,2,47,8,599,1,16,-1,3,-1
201663CP20916,3,5,0,18,0,0,1,0,0,0,0,1,6,1,51,8,1002,1,19,-1,3,-1
201663CP20916,4,17,0,18,0,0,0,0,0,0,0,1,6,1,57,9,-1,2,22,-1,2,-1
201663CP21016,1,9,0,18,0,0,0,0,0,0,1,1,1,1,23,5,-1,-1,-1,-1,1,-1
201663CP21016,2,9,0,18,0,0,0,0,0,0,1,1,1,1,47,8,1499,2,-1,-1,1,-1
201663CP21116,1,9,0,18,0,1,5,0,1,10,1,1,6,2,26,6,2000,2,22,-1,1,-1
201663CP21216,1,9,0,18,0,0,5,0,8,10,1,1,6,2,72,10,1242,1,1,-1,3,-1
201663CP21316,1,9,0,18,0,0,0,0,0,0,1,1,6,1,73,10,1199,1,16,-1,1,-1
201663CP21316,2,90,0,4,0,0,0,0,0,0,0,1,1,1,41,7,-1,-1,-1,-1,1,-1
201663CP21416,1,9,0,18,0,0,1,0,0,0,2,1,6,1,87,11,1248,1,1,-1,3,-1
201663CP21416,2,9,0,18,0,0,0,0,0,0,1,1,6,1,75,10,1968,2,10,-1,3,-1
201663CP21516,1,9,0,18,0,0,1,0,0,0,1,1,6,1,79,11,2148,2,8,-1,3,-1
201663CP21516,2,19,0,3,0,0,0,0,0,0,2,1,1,2,43,7,1753,2,8,-1,3,-1
201663CP21516,3,9,0,3,0,0,0,0,0,0,2,1,6,1,48,8,1896,2,9,-1,3,-1
201663CP21516,4,9,0,3,0,0,0,0,0,0,2,1,6,2,60,9,1560,2,7,-1,1,-1
201663CP21616,1,9,0,18,0,2,0,0,0,0,3,1,6,2,68,10,1998,1,-1,-1,3,-1
201663CP21716,1,9,0,13,0,0,0,0,0,0,1,1,2,1,31,6,1968,2,6,-1,3,-1
201663CP21716,2,4,0,18,0,0,1,0,0,0,1,1,1,1,42,7,1002,1,20,-1,-1,-1
201663CP21716,3,9,0,18,0,0,0,0,0,0,0,1,6,3,-1,-1,-1,-1,-1,-1,-1,-1
201663CP21716,4,9,0,18,0,0,0,0,0,0,0,1,6,3,-1,-1,-1,-1,-1,-1,-1,-1
201663CP21816,1,9,0,18,0,2,0,0,0,0,1,1,6,2,57,9,1591,1,4,-1,3,-1
201663CP21916,1,9,0,14,0,1,0,0,0,0,4,1,6,1,85,11,1329,1,6,-1,3,-1
201663CP21916,2,11,0,4,0,1,0,0,0,0,0,1,3,1,40,7,-1,2,20,-1,3,-1
201663CP22016,1,9,0,18,0,1,0,0,1,10,4,1,6,2,17,4,1198,1,7,-1,3,-1
201663CP22116,1,9,0,18,0,0,0,0,0,0,3,1,6,1,72,10,1461,2,2,-1,1,-1
201663CP22116,2,9,0,18,0,0,0,0,0,0,3,1,3,1,40,7,1997,2,8,-1,3,-1
201663CP22216,1,9,0,18,0,0,0,0,0,0,1,1,1,1,78,11,1997,2,14,-1,3,-1
201663CP22216,2,9,0,18,0,0,1,0,0,0,1,1,1,1,24,5,-1,-1,-1,-1,-1,-1
201663CP22316,1,9,0,18,0,2,0,0,0,0,1,1,6,2,85,11,989,1,12,-1,1,-1
201663CP22316,2,9,0,18,0,2,0,0,0,0,1,1,6,1,24,5,1388,1,11,-1,2,-1
201663CP22316,3,9,0,18,0,2,0,0,1,10,0,1,6,1,47,8,1598,2,4,-1,3,-1
201663CP22416,1,19,0,18,0,0,5,0,2,10,1,1,6,1,26,6,1995,2,9,-1,1,-1
201663CP22516,1,9,0,16,0,0,1,0,0,0,1,1,6,1,28,6,1587,1,14,-1,1,-1
201663CP22516,2,9,0,4,0,0,0,0,0,0,1,1,2,1,25,5,1998,1,20,-1,3,-1
201663CP22616,1,9,0,18,0,0,0,0,7,10,1,1,6,2,21,5,1242,1,3,-1,3,-1
201663CP22716,1,9,0,18,0,1,0,0,0,0,1,1,6,1,38,7,-1,-1,-1,-1,3,-1
201663CP22716,2,9,0,18,0,2,0,0,0,0,4,1,6,2,49,8,1997,2,15,-1,2,-1
201663CP22716,3,9,0,9,0,8,0,0,0,0,0,1,6,3,-1,-1,-1,-1,-1,-1,-1,-1
201663CP22816,1,9,0,18,0,0,1,12,7,9,1,1,1,2,53,8,1149,1,9,-1,1,-1
201663CP22916,1,9,0,18,0,1,5,0,1,10,1,1,6,2,21,5,996,1,2,-1,2,-1
201663CP23016,1,9,0,18,0,2,0,0,0,0,1,1,6,2,79,11,998,1,8,-1,3,-1
201663CP23016,2,9,0,18,0,8,0,0,0,0,4,1,6,1,72,10,1998,2,11,-1,2,-1
201663CP23016,3,9,0,2,0,1,0,0,0,0,0,1,6,3,-1,-1,-1,-1,-1,-1,-1,-1
201663CP23116,1,9,0,18,0,0,5,0,2,4,1,1,6,1,61,9,1242,1,11,-1,2,-1
201663CP23216,1,9,0,18,0,0,0,0,0,0,1,1,6,1,19,4,1560,2,5,-1,2,-1
201663CP23216,2,9,0,3,0,0,0,0,0,0,2,1,6,2,38,7,1896,2,8,-1,3,-1
201663CP23216,3,9,0,3,0,0,0,0,0,0,0,1,6,3,-1,-1,-1,-1,-1,-1,-1,-1
201663CP23316,1,9,0,18,0,0,0,0,0,0,4,1,6,1,68,10,1995,2,13,-1,3,-1
201663CP23416,1,19,0,18,0,0,1,0,2,10,1,1,1,1,29,6,2299,2,3,6,1,6
201663CP23416,2,9,0,18,0,0,1,0,7,10,4,1,6,2,45,7,1390,1,10,-1,3,-1
201663CP23516,1,3,0,18,0,0,1,0,1,10,4,1,6,1,18,4,124,1,4,-1,-1,-1
201663CP23616,1,9,0,18,0,0,2,0,2,10,1,1,6,2,42,7,2993,2,12,-1,2,-1
201663CP23616,2,19,0,18,0,0,0,0,0,0,0,1,1,1,35,6,1996,2,5,-1,3,-1
201663CP23716,1,5,0,18,0,1,1,0,1,10,1,1,6,1,61,9,740,1,46,-1,3,-1
201663CP23816,1,3,0,18,0,3,1,0,0,0,1,1,6,1,23,5,124,1,-1,-1,1,-1
201663CP23816,2,19,0,18,0,1,0,0,0,0,1,1,1,1,35,6,1868,2,10,-1,1,-1
201663CP23916,1,9,0,18,0,1,1,0,7,10,1,1,1,1,31,6,1560,2,3,-1,3,-1
201663CP23916,2,9,0,2,0,1,0,0,0,0,2,1,6,1,65,9,3301,6,17,-1,3,-1
201663CP23916,3,1,0,18,0,1,1,0,0,0,0,1,6,1,60,9,-1,-1,-1,-1,1,-1
201663CP24016,1,9,0,17,0,0,0,0,7,3,1,1,6,2,34,6,1595,1,11,-1,3,-1
201663CP24116,1,9,0,18,0,0,0,0,0,0,1,1,6,2,56,9,1360,1,13,-1,2,-1
201663CP24116,2,20,0,18,0,0,0,0,0,0,1,1,1,1,54,8,5193,2,3,3,1,3
201663CP24216,1,9,0,18,0,0,0,0,7,10,1,1,2,2,62,9,1299,1,9,-1,2,-1
201663CP24216,2,9,0,18,0,0,0,0,2,10,3,1,2,2,21,5,1995,2,3,-1,3,-1
201663CP24316,1,9,0,18,0,0,2,0,2,10,1,1,6,2,20,4,1299,1,12,-1,1,-1
201663CP24416,1,9,0,18,0,0,5,0,1,10,1,1,6,1,17,4,1149,1,5,-1,3,-1
201663CP24516,1,9,0,18,0,0,0,0,0,0,1,1,6,1,79,11,1997,2,4,-1,3,-1
201663CP24516,2,9,0,18,0,0,0,0,1,10,1,1,6,2,31,6,999,1,1,-1,3,-1
201663CP24616,1,19,0,18,0,0,0,0,0,0,1,1,1,1,46,8,1995,2,7,-1,2,-1
201663CP24616,2,9,0,18,0,0,1,0,0,0,1,1,1,1,44,7,3628,2,7,-1,1,-1
201663CP24716,1,9,0,18,0,1,0,0,0,0,2,1,2,2,23,5,1248,2,9,-1,1,-1
201663CP24716,2,9,0,18,0,4,1,0,0,0,1,1,6,2,57,9,1388,1,6,-1,1,-1
201663CP24816,1,9,0,18,0,0,5,0,2,10,1,1,6,1,26,6,1910,2,8,-1,3,-1
201663CP24916,1,9,0,9,0,6,0,0,0,0,1,1,6,2,42,7,1596,1,9,-1,2,-1
201663CP24916,2,5,0,18,0,8,0,0,0,0,4,1,6,1,25,5,599,1,17,-1,1,-1
201663CP25016,1,9,0,18,0,1,2,0,8,10,1,1,6,2,42,7,1991,2,13,-1,3,-1
201663CP25116,1,3,0,18,0,0,0,0,0,0,3,1,6,1,22,5,124,1,2,-1,3,-1
201663CP25116,2,3,0,18,0,0,1,0,0,0,1,1,6,1,18,4,125,1,1,-1,2,-1
201663CP25216,1,19,0,18,0,0,0,0,0,0,3,1,6,3,-1,-1,-1,-1,-1,-1,-1,-1
201663CP25216,2,19,0,18,0,0,0,0,0,0,3,1,6,1,46,8,1998,2,11,-1,1,-1
201663CP25316,1,9,0,7,0,1,0,0,0,0,4,1,6,1,50,8,2204,2,12,-1,2,-1
201663CP25416,1,90,0,18,9,0,5,0,0,0,0,1,6,1,65,9,-1,-1,-1,-1,2,-1
201663CP25516,1,9,0,7,0,2,0,0,0,0,2,1,6,1,60,9,1995,1,8,-1,3,-1
201663CP25516,2,19,0,18,0,2,0,0,0,0,1,1,1,1,21,5,2198,2,6,-1,1,-1
201663CP25516,3,9,0,5,0,6,0,0,0,0,0,1,6,3,-1,-1,-1,-1,-1,-1,-1,-1
201663CP25616,1,9,0,1,0,0,0,0,0,0,1,1,6,2,44,7,1248,2,8,-1,2,-1
201663CP25616,2,9,0,2,0,0,0,0,0,0,2,1,6,2,31,6,-1,-1,-1,-1,2,-1
201663CP25716,1,9,0,4,0,1,0,0,0,0,1,1,6,3,-1,-1,-1,-1,-1,-1,-1,-1
201663CP25716,2,9,0,3,0,1,0,0,0,0,2,1,6,1,21,5,1198,1,6,-1,2,-1
201663CP25816,1,19,0,1,0,0,0,0,0,0,2,1,6,3,-1,-1,1598,2,6,-1,-1,-1
201663DP00116,1,9,0,17,0,0,1,0,7,4,3,1,6,1,48,8,2230,1,11,4,2,4
201663DP00216,1,9,0,18,0,0,2,0,1,4,1,1,6,2,61,9,2495,2,19,4,1,4
201663DP00316,1,11,0,18,0,0,0,0,0,0,1,1,1,1,44,7,6700,2,8,4,3,4
201663DP00316,2,9,0,18,0,0,0,0,7,0,1,1,2,1,32,6,2401,2,12,-1,3,-1
201663DP00416,1,9,0,18,0,0,2,0,0,0,1,1,6,2,44,7,-1,-1,-1,-1,3,-1
201663DP00516,1,9,0,1,0,0,0,0,0,0,2,1,6,1,68,10,1798,2,4,-1,3,-1
201663DP00616,1,19,0,9,9,1,0,0,0,0,3,1,1,1,64,9,2143,2,3,-1,3,-1
201663DP00716,1,9,0,18,0,0,2,0,1,10,1,1,6,1,18,4,1396,1,19,-1,2,-1
201663DP00816,1,9,0,16,0,0,0,0,7,0,1,1,6,2,55,8,1149,1,12,5,1,5
201663DP00816,2,9,0,17,0,0,0,0,0,0,1,1,6,1,59,9,1390,1,5,5,2,5
201663DP00916,1,9,0,9,0,1,0,0,0,0,1,1,6,2,84,11,1598,1,9,-1,3,-1
201663DP00916,2,9,0,18,0,1,0,0,0,0,1,1,6,2,39,7,1396,1,15,6,2,6
201663DP00916,3,19,0,3,0,1,0,0,0,0,3,1,1,1,26,6,2198,2,5,-1,1,-1
201663DP01016,1,9,0,16,0,0,0,0,7,0,1,1,6,1,17,4,1399,2,13,-1,2,-1
201663DP01016,2,9,0,17,0,0,0,0,0,0,1,1,2,2,47,8,1461,2,3,-1,3,-1
201663DP01116,1,9,0,17,0,0,0,0,0,0,1,1,6,1,30,6,1299,1,12,-1,2,-1
201663DP01216,1,9,0,18,0,0,0,0,7,4,4,1,6,1,18,4,1390,1,14,-1,3,-1
201663DP01316,1,19,0,18,0,1,1,0,0,0,1,1,1,1,48,8,2198,2,6,10,2,10
201663DP01316,2,9,0,5,0,6,0,0,0,0,3,1,6,1,48,8,-1,-1,-1,-1,3,-1
201663DP01416,1,9,0,16,0,1,1,0,1,10,4,1,6,2,28,6,1242,1,9,-1,3,-1
201663DP01516,1,9,0,18,0,1,0,0,0,0,1,1,6,1,24,5,-1,-1,-1,-1,3,-1
201663DP01516,2,9,0,10,0,5,0,0,0,0,2,1,6,1,31,6,1781,1,13,-1,3,-1
201663DP01616,1,9,0,17,0,1,0,0,7,0,1,1,6,1,25,5,1596,1,13,-1,3,-1
201663DP01616,2,9,0,9,0,6,0,0,0,0,1,1,6,2,30,6,2993,2,5,-1,3,-1
201663DP01716,1,9,0,18,0,0,1,0,0,0,1,1,2,2,26,6,1149,1,13,-1,3,-1
201663DP01716,2,9,0,4,0,0,0,0,0,0,2,1,1,1,28,6,1997,2,1,7,1,7
201663DP01716,3,9,0,18,0,0,0,0,0,0,1,1,6,2,57,9,-1,-1,-1,-1,3,-1
201663DP01816,1,9,0,15,0,0,0,4,0,0,1,1,6,1,82,11,1591,1,5,-1,1,-1
201663DP01816,2,9,0,2,0,0,0,0,0,0,1,1,6,3,-1,-1,1956,2,3,-1,-1,-1
201663DP01916,1,9,0,18,0,1,1,0,0,0,1,1,6,1,43,7,1997,2,16,-1,1,-1
201663DP01916,2,19,0,18,0,1,0,0,0,0,1,1,1,2,52,8,2198,2,4,4,1,4
201663DP01916,3,9,0,10,0,1,0,0,0,0,0,1,6,1,78,11,1395,1,2,-1,3,-1
201663DP02016,1,21,0,18,0,1,1,0,0,0,1,1,1,1,62,9,12777,2,9,-1,1,-1
201663DP02016,2,9,0,3,0,1,0,0,1,0,2,1,1,2,33,6,1753,2,13,-1,3,-1
201663DP02116,1,9,0,6,0,6,0,0,0,0,3,1,6,1,69,10,1796,7,13,3,1,3
201663DP02116,2,9,0,18,0,1,0,0,0,0,1,1,6,2,31,6,1596,1,7,-1,2,-1
201663DP02216,1,9,0,18,0,1,0,0,7,10,1,1,6,1,28,6,4164,2,20,-1,2,-1
201663DP02316,1,9,0,5,0,1,0,0,0,0,4,1,6,1,77,11,1388,1,13,-1,3,-1
201663DP02316,2,1,0,18,0,8,0,0,0,0,1,1,6,1,38,7,-1,-1,-1,-1,3,-1
201663DP02416,1,9,0,18,0,0,0,0,1,3,1,1,6,1,23,5,1299,1,14,-1,2,-1
201663DP02516,1,9,0,17,0,1,2,0,1,10,2,1,2,1,23,5,1461,2,12,-1,3,-1
201663DP02616,1,9,0,18,0,0,5,0,8,10,1,1,6,1,21,5,1796,1,13,-1,2,-1
201663DP02716,1,9,0,15,0,0,0,0,0,0,1,1,6,1,87,11,1422,2,6,-1,2,-1
201663DP02716,2,9,0,18,0,0,0,0,7,9,2,1,6,1,17,4,1149,1,14,4,2,4
201663DP02716,3,17,0,18,0,0,0,0,0,0,0,1,1,1,51,8,-1,2,7,-1,3,-1
201663DP02816,1,9,0,5,0,1,0,0,0,0,1,1,6,2,26,6,1248,2,2,-1,2,-1
201663DP02816,2,5,0,18,0,8,0,0,0,0,2,1,6,1,27,6,600,1,11,-1,1,-1
201663DP02916,1,9,0,18,0,0,5,0,6,0,1,1,2,2,22,5,1390,1,13,-1,2,-1
201663DP03016,1,9,0,18,0,1,0,0,1,0,1,1,6,1,23,5,1248,2,8,-1,3,-1
201663DP03016,2,9,0,4,0,1,0,0,0,0,2,1,6,1,37,7,1560,2,2,-1,1,-1
201663DP03016,3,9,0,4,0,1,0,0,0,0,2,1,6,1,50,8,1896,2,9,-1,2,-1
201663DP03016,4,9,0,9,0,5,0,0,0,0,0,1,6,3,-1,-1,-1,-1,-1,-1,-1,-1
201663DP03116,1,9,0,18,0,0,1,0,0,0,1,1,6,2,29,6,1995,2,8,4,3,4
201663DP03116,2,9,0,18,0,0,0,0,0,0,2,1,6,2,26,6,998,1,1,4,3,4
201663DP03116,3,9,0,4,0,0,0,0,0,0,0,1,1,2,52,8,2179,2,3,3,1,3
201663DP03216,1,1,0,18,0,1,0,0,0,0,1,1,2,1,60,9,-1,-1,-1,-1,2,-1
201663DP03216,2,9,0,2,0,1,0,0,0,0,2,1,6,2,36,7,1796,1,8,-1,3,-1
201663DP03316,1,9,0,18,0,0,2,0,0,0,1,1,6,2,28,6,1968,2,8,-1,1,-1
201663DP03316,2,9,0,15,0,0,0,0,0,0,0,1,6,3,-1,-1,-1,-1,-1,-1,-1,-1
201663DP03416,1,9,0,3,0,1,0,0,0,0,1,1,6,2,39,7,1968,2,7,-1,3,-1
201663DP03416,2,9,0,8,0,1,0,0,0,0,2,1,6,2,59,9,1598,1,2,-1,3,-1
201663DP03516,1,9,0,9,0,6,0,0,0,0,3,1,2,2,26,6,1390,1,15,-1,1,-1
201663DP03516,2,9,0,18,0,1,0,0,0,0,1,1,2,1,59,9,1396,1,14,-1,1,-1
201663DP03616,1,9,0,18,0,0,2,0,7,10,1,1,6,2,59,9,1560,2,2,5,1,5
201663DP03716,1,3,0,18,0,1,1,0,0,0,1,1,6,1,21,5,125,1,4,-1,2,-1
201663DP03716,2,9,0,4,0,1,0,0,0,0,2,1,6,2,21,5,1349,1,7,-1,2,-1
201663DP03816,1,9,0,9,0,5,0,0,0,0,1,1,6,2,61,9,1560,2,5,-1,3,-1
201663DP03816,2,9,0,18,0,1,0,0,0,0,1,1,6,2,22,5,1124,1,13,-1,1,-1
201663DP03916,1,19,0,4,0,8,1,0,0,0,1,1,6,1,22,5,2800,2,13,-1,3,-1
201663DP03916,2,9,0,4,0,8,0,0,0,0,2,1,1,1,52,8,2494,2,1,-1,3,-1
201663DP03916,3,21,0,4,0,1,0,0,0,0,0,1,6,3,-1,-1,-1,-1,-1,-1,-1,-1
201663DP03916,4,9,0,9,0,5,0,0,0,0,0,1,6,3,-1,-1,-1,-1,-1,-1,-1,-1
201663DP04016,1,9,0,18,0,0,0,0,0,0,1,1,6,1,17,4,1299,1,16,-1,3,-1
201663DP04016,2,9,0,18,0,0,0,0,0,0,1,1,6,2,60,9,1490,1,12,-1,3,-1
201663DP04116,1,9,0,18,0,0,0,0,0,0,1,1,6,1,27,6,1799,1,9,-1,3,-1
201663DP04116,2,9,0,18,0,0,0,0,0,0,1,1,6,1,22,5,1997,2,12,-1,2,-1
201663DP04216,1,19,0,18,0,1,0,0,7,0,1,1,6,2,66,10,1248,2,9,-1,3,-1
201663DP04216,2,21,4,7,0,5,0,0,0,0,2,1,6,1,57,9,5132,2,-1,1,1,1
201663DP04316,1,3,0,16,0,1,0,0,0,0,0,1,6,1,28,6,124,1,3,-1,3,-1
201663DP04416,1,9,0,18,0,0,1,0,7,10,3,1,6,2,21,5,-1,-1,-1,-1,3,-1
201663DP04416,2,21,5,18,0,0,0,0,0,0,1,1,1,1,28,6,12740,2,5,-1,3,-1
201663DP04516,1,9,0,18,0,0,0,0,0,0,1,1,1,1,25,5,1560,2,10,-1,1,-1
201663DP04516,2,9,0,18,0,0,0,0,0,0,2,1,6,2,25,5,1242,1,7,-1,1,-1
201663DP04616,1,9,0,18,0,1,1,0,1,0,1,1,2,2,32,6,1560,2,3,-1,3,-1
201663DP04616,2,9,0,18,0,1,0,0,0,0,0,1,6,3,-1,-1,-1,-1,-1,-1,-1,-1
201663DP04716,1,9,0,18,0,0,1,0,8,4,1,1,6,2,17,4,1399,2,7,-1,3,-1
201663DP04816,1,9,0,10,0,1,0,0,0,0,3,1,1,1,54,8,1997,2,10,-1,3,-1
201663DP04816,2,9,0,18,0,1,0,0,0,0,1,1,1,1,23,5,1493,2,10,-1,3,-1
201663DP04916,1,9,0,18,0,0,0,0,0,0,1,1,6,1,66,10,1995,2,3,-1,2,-1
201663DP04916,2,9,0,2,0,0,0,0,0,0,1,1,6,1,68,10,1595,1,17,-1,2,-1
201663DP05016,1,10,0,18,0,2,1,0,0,0,1,1,3,1,21,5,1870,2,11,-1,2,-1
201663DP05016,2,9,0,18,0,1,0,0,0,0,4,1,6,2,33,6,1149,1,3,-1,2,-1
201663DP05116,1,9,0,18,0,0,2,0,8,10,1,1,6,1,43,7,1995,2,4,-1,1,-1
201663DP05216,1,9,0,9,0,8,0,0,0,0,3,1,6,1,20,4,1398,1,6,-1,2,-1
201663DP05216,2,3,0,18,0,1,0,0,0,0,1,1,2,1,25,5,125,1,-1,-1,3,-1
201663DP05316,1,9,0,18,0,1,0,0,7,2,1,1,6,1,21,5,1229,1,5,-1,1,-1
201663DP05316,2,9,0,2,6,1,0,0,0,0,0,1,6,1,30,6,1984,1,5,-1,3,-1
201663DP05416,1,9,0,18,0,2,0,0,0,0,3,1,6,1,58,9,1398,1,2,-1,-1,-1
201663DP05416,2,9,0,18,0,8,0,0,4,0,1,1,6,1,47,8,1197,1,4,-1,-1,-1
201663DP05416,3,9,0,18,0,1,0,0,0,0,0,1,6,3,-1,-1,-1,-1,-1,-1,-1,-1
201663DP05516,1,9,0,12,0,0,0,0,0,0,1,1,2,1,19,4,1397,1,7,-1,3,-1
201663DP05516,2,21,0,18,0,0,1,0,0,0,1,1,1,1,51,8,9200,2,10,2,1,2
201663DP05616,1,4,0,18,0,1,1,0,0,0,1,1,6,1,24,5,398,1,23,-1,-1,-1
201663DP05616,2,5,0,18,0,1,1,0,0,0,1,1,6,1,22,5,798,1,6,-1,1,-1
201663DP05616,3,9,0,10,0,1,0,0,0,0,2,1,6,1,49,8,1896,2,9,-1,1,-1
201663DP05616,4,9,0,2,5,1,0,0,0,0,4,1,6,3,-1,-1,1598,1,11,-1,-1,-1
201663DP05716,1,9,0,9,0,6,0,0,0,0,3,1,6,1,61,9,1968,2,5,5,1,5
201663DP05716,2,9,0,18,0,1,0,0,7,0,1,1,6,1,26,6,2495,1,13,-1,3,-1
201663DP05816,1,9,0,17,0,0,0,0,0,0,4,1,6,2,23,5,2179,2,12,5,1,5
201663DP05816,2,9,0,18,0,0,0,0,0,0,1,1,6,1,68,10,1997,2,2,-1,2,-1
201663DP05816,3,9,0,18,0,0,0,0,0,0,0,1,6,1,48,8,2987,2,10,5,1,5
201663DP05916,1,9,0,17,0,0,5,0,7,0,4,1,6,1,42,7,1598,1,10,-1,3,-1
201663DP06016,1,9,0,18,0,0,0,0,7,0,1,1,6,2,55,8,1896,2,10,6,2,6
201663DP06016,2,9,0,18,0,0,0,0,1,0,3,1,6,2,83,11,1242,1,6,-1,3,-1
201663DP06016,3,9,0,18,0,0,1,0,0,0,3,1,1,1,27,6,1598,2,1,-1,1,-1
201663DP06016,4,9,0,18,0,0,0,0,0,0,1,1,6,1,58,9,1968,2,2,-1,3,-1
201663DP06016,5,9,0,18,0,0,1,0,0,0,1,1,6,2,33,6,1560,2,7,-1,3,-1
201663DP06116,1,9,0,18,0,0,0,0,0,0,1,1,6,3,-1,-1,-1,-1,-1,-1,-1,-1
201663DP06116,2,9,0,18,0,0,0,0,0,0,1,1,6,1,22,5,1197,1,1,-1,2,-1
201663DP06116,3,9,0,18,0,0,0,0,0,0,1,1,6,1,62,9,1560,2,2,-1,2,-1
201663DP06216,1,19,0,9,0,1,0,0,0,0,4,1,1,1,25,5,-1,-1,-1,-1,-1,-1
201663DP06216,2,5,0,18,0,1,0,0,0,0,1,1,6,1,40,7,1352,1,6,-1,1,-1
201663DP06316,1,9,0,18,0,1,0,12,0,0,1,1,6,2,49,8,2962,2,12,4,3,4
201663DP06416,1,9,0,18,0,1,0,0,0,0,1,1,6,1,95,11,1390,1,17,-1,3,-1
201663DP06416,2,20,0,2,0,1,0,0,0,0,2,1,1,1,42,7,6370,2,8,-1,1,-1
201663DP06416,3,9,0,18,0,1,0,0,0,0,0,1,6,3,-1,-1,-1,-1,-1,-1,-1,-1
201663DP06516,1,17,0,1,0,1,0,0,0,0,1,1,1,1,54,8,-1,2,14,-1,3,-1
201663DP06516,2,9,0,18,0,1,0,0,0,0,1,1,6,1,86,11,1396,1,4,-1,2,-1
201663DP06616,1,9,0,18,0,1,0,0,0,0,1,1,6,1,27,6,1388,1,12,10,2,10
201663DP06616,2,19,0,18,0,1,0,0,0,0,4,1,1,1,54,8,-1,-1,-1,-1,1,-1
201663DP06716,1,9,0,18,0,0,0,0,0,0,4,1,6,2,71,10,1586,1,14,-1,3,-1
201663DP06716,2,9,0,2,0,0,0,0,0,0,3,1,6,3,-1,-1,-1,-1,-1,-1,-1,-1
201663DP06716,3,9,0,2,0,0,0,0,0,0,1,1,6,3,-1,-1,1242,1,2,-1,-1,-1
201663DP06716,4,19,0,2,0,0,0,0,0,0,2,1,6,3,-1,-1,1598,2,1,-1,-1,-1
201663DP06816,1,9,0,18,0,0,0,0,0,0,3,1,6,1,69,10,2765,2,22,-1,3,-1
201663DP06816,2,9,0,18,0,0,0,0,1,0,3,1,6,2,53,8,1560,2,11,-1,3,-1
201663DP06916,1,19,0,18,0,0,0,0,0,0,1,1,1,1,29,6,2987,2,6,-1,1,-1
201663DP06916,2,9,0,18,0,0,0,0,0,0,2,1,1,2,30,6,1997,2,5,-1,2,-1
201663DP07016,1,9,0,18,0,0,5,0,1,10,1,1,2,2,27,6,-1,-1,-1,-1,1,-1
201663DP07116,1,5,0,18,0,1,1,0,0,0,1,1,6,1,77,11,1300,1,5,-1,2,-1
201663DP07116,2,9,0,18,0,1,1,0,0,0,1,1,6,2,22,5,1596,1,11,5,1,5
201663DP07116,3,9,0,18,0,1,0,0,0,0,2,1,6,1,22,5,1991,1,1,-1,3,-1
201663DP07216,1,9,0,13,0,0,2,0,7,10,1,1,6,1,20,4,1242,1,5,-1,2,-1
201663DP07216,2,9,0,18,0,0,0,0,0,0,0,1,6,3,-1,-1,-1,-1,-1,-1,-1,-1