Accident_Index,Vehicle_Reference,Vehicle_Type,Towing_and_Articulation,Vehicle_Manoeuvre,Vehicle_Location-Restricted_Lane,Junction_Location,Skidding_and_Overturning,Hit_Object_in_Carriageway,Vehicle_Leaving_Carriageway,Hit_Object_off_Carriageway,1st_Point_of_Impact,Was_Vehicle_Left_Hand_Drive?,Journey_Purpose_of_Driver,Sex_of_Driver,Age_of_Driver,Age_Band_of_Driver,Engine_Capacity_(CC),Propulsion_Code,Age_of_Vehicle,Driver_IMD_Decile,Driver_Home_Area_Type,Vehicle_IMD_Decile
201663DP07316,1,19,0,17,0,0,2,0,7,0,3,1,6,1,36,7,1870,2,10,-1,1,-1
201663DP07416,1,9,0,18,0,1,0,0,0,0,4,1,6,2,25,5,1299,1,10,-1,1,-1
201663DP07416,2,9,0,18,0,1,1,0,0,0,1,1,6,1,30,6,1242,1,12,-1,1,-1
201663DP07516,1,9,0,18,0,0,1,0,0,0,1,1,1,2,25,5,1360,1,7,-1,2,-1
201663DP07516,2,9,0,18,0,0,0,0,0,0,2,1,1,2,43,7,1598,1,13,-1,3,-1
201663DP07616,1,9,0,5,0,1,0,0,0,0,1,1,6,2,25,5,1398,1,1,-1,3,-1
201663DP07616,2,9,0,5,0,1,0,0,0,0,2,1,6,2,48,8,1248,2,6,-1,3,-1
201663DP07716,1,9,0,10,0,1,0,0,0,0,1,1,1,1,66,10,1968,2,8,-1,2,-1
201663DP07716,2,9,0,18,0,1,1,0,7,0,3,1,1,2,18,4,-1,-1,-1,-1,2,-1
201663DP07816,1,9,0,18,0,0,0,0,0,0,1,1,6,1,51,8,-1,-1,-1,-1,3,-1
201663DP07816,2,9,0,18,0,0,0,0,0,0,2,1,6,1,50,8,1968,2,7,-1,2,-1
201663DP07816,3,19,0,18,0,0,0,0,0,0,2,1,1,1,39,7,1753,2,4,6,1,6
201663DP07816,4,9,0,18,0,0,0,0,0,0,2,1,1,1,46,8,1598,2,3,-1,3,-1
201663DP07916,1,9,0,4,0,1,0,0,0,0,4,1,1,2,21,5,1390,1,9,-1,3,-1
201663DP07916,2,1,0,18,9,1,0,0,0,0,1,1,6,1,16,4,-1,-1,-1,-1,3,-1
201663DP08016,1,19,0,9,0,8,0,0,0,0,3,1,1,1,46,8,1560,2,2,-1,1,-1
201663DP08116,1,9,0,16,0,0,5,0,0,0,1,1,6,1,25,5,-1,-1,-1,-1,3,-1
201663DP08116,2,9,0,18,0,0,0,0,0,0,1,1,6,2,19,4,2000,2,8,-1,3,-1
201663DP08216,1,9,0,17,0,0,1,0,1,0,1,1,6,2,18,4,1229,1,10,-1,3,-1
201663DP08216,2,9,0,18,0,0,0,0,0,0,3,1,6,1,22,5,1461,2,1,-1,3,-1
201663DP08316,1,9,0,18,0,0,0,0,1,4,1,1,6,1,38,7,1896,2,17,-1,3,-1
201663DP08416,1,9,0,1,0,0,0,0,0,0,2,1,6,1,46,8,-1,-1,-1,-1,3,-1
201663DP08416,2,9,0,3,0,0,0,0,0,0,0,1,6,1,38,7,1598,1,6,-1,2,-1
201663DP08516,1,4,0,17,0,0,0,0,1,0,1,1,6,1,73,10,249,1,22,-1,1,-1
201663DP08516,2,9,0,16,0,0,0,0,1,0,1,1,6,1,75,10,2495,2,13,-1,3,-1
201663DP08616,1,9,0,16,0,0,0,0,0,0,1,1,6,1,66,10,1248,1,3,-1,3,-1
201663DP08616,2,9,0,17,0,0,0,0,0,0,1,1,6,1,72,10,1900,2,10,4,3,4
201663DP08716,1,19,0,17,0,0,2,0,7,0,0,1,2,1,44,7,1461,2,12,-1,1,-1
201663DP08816,1,5,0,13,0,0,0,0,0,0,1,1,6,1,36,7,748,1,12,1,1,1
201663DP08816,2,9,0,18,0,0,0,0,0,0,1,1,6,2,66,10,2488,1,12,-1,2,-1
201663DP08816,3,9,0,18,0,0,0,0,0,0,1,1,6,1,39,7,1968,2,2,7,1,7
201663DP08916,1,9,0,18,0,0,0,0,1,10,1,1,2,1,36,7,1398,2,13,-1,3,-1
201663DP08916,2,9,0,18,0,0,0,0,0,0,0,1,6,3,-1,-1,-1,-1,-1,-1,-1,-1
201663DP09016,1,9,0,17,0,0,1,0,1,4,4,1,2,2,28,6,1399,2,10,-1,2,-1
201663DP09116,1,9,0,1,0,6,0,0,0,0,2,1,2,1,41,7,1896,2,15,7,1,7
201663DP09116,2,9,0,18,0,1,0,0,7,0,4,1,6,1,58,9,1896,2,13,-1,3,-1
201663DP09216,1,9,0,18,0,0,0,0,0,0,1,1,6,2,27,6,1956,2,4,-1,3,-1
201663DP09216,2,9,0,4,0,0,0,0,0,0,2,1,6,1,58,9,1995,2,5,-1,2,-1
201663DP09316,1,17,0,2,0,0,0,0,0,0,2,1,6,1,43,7,4400,2,6,-1,3,-1
201663DP09316,2,9,0,18,0,0,0,0,7,4,1,1,6,2,71,10,1399,2,7,-1,3,-1
201663DP09416,1,9,0,4,0,0,1,4,0,0,1,1,6,1,24,5,1527,2,17,5,3,5
201663DP09416,2,9,0,2,0,0,0,0,0,0,1,1,6,1,35,6,1998,2,8,-1,3,-1
201663DP09516,1,9,0,18,0,1,2,0,1,4,1,1,6,2,50,8,1995,2,6,-1,2,-1
201663DP09616,1,9,0,9,0,8,1,0,0,0,4,1,6,1,27,6,1997,1,15,-1,2,-1
201663DP09616,2,9,0,18,0,8,0,0,0,0,1,1,6,1,45,7,-1,-1,-1,-1,2,-1
201663DP09716,1,9,0,18,0,0,1,0,0,0,1,1,6,2,66,10,1868,2,17,-1,3,-1
201663DP09716,2,9,0,4,0,0,0,0,0,0,1,1,6,2,45,7,1229,1,10,-1,3,-1
201663DP09816,1,9,0,18,0,0,0,0,0,0,1,1,6,2,35,6,1560,2,4,-1,3,-1
201663DP09816,2,9,0,18,0,0,0,0,0,0,1,1,6,1,44,7,1560,2,2,-1,3,-1
201663DP09916,1,9,0,18,0,1,0,0,0,0,1,1,6,2,94,11,1229,1,11,-1,3,-1
201663DP09916,2,9,0,18,0,1,0,0,0,0,3,1,6,2,61,9,1998,2,10,1,1,1
201663DP10016,1,9,0,18,0,0,0,0,0,0,1,1,6,1,68,10,1388,1,11,-1,3,-1
201663DP10016,2,9,0,18,0,0,0,0,0,0,1,1,6,2,57,9,1396,1,3,5,1,5
201663DP10116,1,9,0,18,0,0,1,6,7,10,1,1,6,2,75,10,1199,2,5,-1,3,-1
201663DP10216,1,19,0,18,0,3,0,0,0,0,1,1,1,1,42,7,1870,2,12,-1,2,-1
201663DP10216,2,9,0,10,0,3,0,0,0,0,2,1,6,1,26,6,998,1,1,-1,3,-1
201663DP10316,1,9,0,1,0,1,0,0,0,0,0,1,6,2,57,9,1582,2,-1,-1,3,-1
201663DP10316,2,9,0,2,0,1,0,0,0,0,0,1,6,1,52,8,2495,2,23,-1,3,-1
201663DP10416,1,9,0,17,0,0,0,0,0,0,1,1,6,2,80,11,1686,2,11,-1,3,-1
201663DP10416,2,19,4,1,0,0,0,0,0,0,3,1,1,1,46,8,-1,-1,-1,-1,3,-1
201663DP10516,1,9,0,16,0,0,1,0,1,1,2,1,6,2,34,6,1360,1,11,5,1,5
201663DP10616,1,21,1,18,0,0,5,0,1,0,4,1,1,1,51,8,12777,2,7,5,1,5
201663DP10716,1,9,0,18,0,0,1,0,7,0,1,1,6,2,25,5,1388,1,9,-1,3,-1
201663DP10816,1,9,0,16,0,0,2,0,0,0,1,1,2,1,26,6,1598,1,8,-1,2,-1
201663DP10916,1,9,0,17,0,0,1,0,0,0,1,1,6,2,49,8,-1,-1,-1,-1,3,-1
201663DP10916,2,9,0,16,0,0,0,0,0,0,1,1,6,2,49,8,1984,1,13,-1,3,-1
201663DP11016,1,9,0,18,0,5,2,0,1,10,4,1,1,2,36,7,1149,1,12,-1,1,-1
201663DP11116,1,9,0,18,0,1,5,0,1,3,1,1,6,2,58,9,1587,1,12,-1,3,-1
201663DP11216,1,5,0,17,0,0,1,0,1,9,1,1,6,1,43,7,599,1,17,9,1,9
201663DP11316,1,9,0,18,0,0,0,0,0,0,1,1,1,1,21,5,-1,-1,-1,-1,2,-1
201663DP11316,2,9,0,18,0,0,0,0,0,0,2,1,6,2,33,6,1896,2,12,-1,1,-1
201663DP11316,3,9,0,4,0,0,0,0,0,0,0,1,6,1,51,8,1968,2,6,-1,1,-1
201663DP11416,1,9,0,17,0,0,5,0,0,10,4,1,2,1,20,4,1560,2,10,-1,3,-1
201663DP11516,1,1,0,18,0,0,1,0,0,0,0,1,6,1,44,7,-1,-1,-1,6,2,6
201663DP11516,2,1,0,18,0,0,0,0,0,0,0,1,6,3,-1,-1,-1,-1,-1,-1,-1,-1
201663DP11616,1,19,0,9,0,5,0,0,0,0,4,1,1,1,61,9,2287,2,7,-1,1,-1
201663DP11616,2,19,0,14,0,1,0,0,0,0,1,1,6,1,64,9,1998,2,10,-1,1,-1
201663DP11716,1,9,0,9,0,6,0,0,0,0,4,1,1,2,19,4,1870,2,11,-1,3,-1
201663DP11716,2,9,0,18,0,1,0,0,0,0,4,1,6,2,27,6,1560,2,6,-1,3,-1
201663DP11816,1,9,0,9,0,2,0,0,0,0,3,1,1,1,32,6,1499,2,-1,-1,3,-1
201663DP11816,2,2,0,18,0,8,1,0,0,0,1,1,6,1,16,4,49,1,10,-1,1,-1
201663DP11916,1,9,0,18,0,0,1,0,1,10,1,1,6,1,89,11,2979,1,7,-1,3,-1
201663DP12016,1,21,0,18,0,0,0,0,7,10,3,1,1,1,26,6,-1,-1,-1,3,1,3
201663DP12116,1,5,0,18,0,0,1,0,1,9,1,1,6,1,39,7,499,1,1,8,1,8
201663DP12216,1,9,0,18,0,1,1,0,1,0,1,1,6,1,59,9,1799,1,6,-1,3,-1
201663DP12216,2,9,0,8,0,1,2,0,0,0,2,1,6,1,18,4,1242,1,17,-1,3,-1
201663DP12316,1,9,0,18,0,0,2,0,1,3,1,1,6,1,26,6,1397,1,7,-1,1,-1
201663DP12416,1,9,0,9,0,5,0,0,0,0,1,1,6,1,56,9,1599,1,10,-1,1,-1
201663DP12416,2,9,0,18,0,1,0,0,0,0,3,1,6,2,42,7,1598,1,8,6,3,6
201663DP12516,1,2,0,18,0,0,0,4,0,0,2,1,6,1,17,4,125,1,8,-1,3,-1
201663DP12516,2,9,0,2,0,0,0,0,0,0,2,1,6,2,60,9,1586,1,2,-1,3,-1
201663DP12616,1,1,0,17,0,8,1,0,0,0,4,1,2,2,30,6,-1,-1,-1,-1,3,-1
201663DP12716,1,9,0,5,0,1,0,0,7,10,2,1,6,1,70,10,1994,2,14,-1,3,-1
201663DP12716,2,19,0,1,0,1,0,0,0,0,1,1,2,1,23,5,2198,2,8,-1,1,-1
201663DP12816,1,9,0,16,0,0,2,0,7,4,1,1,6,1,18,4,1997,2,11,-1,3,-1
201663DP12916,1,5,0,17,0,0,0,0,1,9,1,1,6,1,21,5,-1,-1,-1,5,1,5
201663DP12916,2,5,0,17,0,0,0,0,1,9,1,1,6,1,57,9,919,1,10,3,1,3
201663DP13016,1,9,0,5,0,1,0,0,0,0,3,1,6,2,50,8,1461,2,5,-1,3,-1
201663DP13016,2,9,0,18,0,1,0,0,0,0,1,1,6,2,24,5,1248,2,6,2,1,2
201663DP13116,1,9,0,18,0,0,1,0,0,0,3,1,6,2,39,7,1399,1,5,4,1,4
201663DP13216,1,9,0,9,0,5,1,0,0,0,1,1,6,1,93,11,1242,1,8,-1,3,-1
201663DP13216,2,9,0,18,0,1,1,0,1,0,1,1,6,2,69,10,1242,1,7,5,1,5
201663DP13416,1,9,0,18,0,0,0,0,0,0,1,1,6,2,77,11,1242,1,7,-1,3,-1
201663DP13416,2,9,0,18,0,0,0,0,1,1,1,1,6,1,57,9,1395,1,-1,4,3,4
201663DP13516,1,9,0,9,0,7,1,0,7,1,1,1,2,1,68,10,1171,1,20,-1,3,-1
201663DP13616,1,9,0,18,0,0,2,0,1,10,1,1,6,2,54,8,1598,1,11,5,3,5
201663DP13716,1,9,0,18,0,1,0,0,0,0,1,1,2,2,51,8,1560,2,5,-1,3,-1
201663DP13716,2,9,0,18,0,8,0,0,0,0,4,1,6,1,68,10,1796,1,9,-1,3,-1
201663DP13816,1,9,0,18,0,0,5,0,0,0,3,1,6,1,19,4,1390,1,16,-1,3,-1
201663DP13816,2,9,0,18,0,0,0,0,0,0,2,1,6,1,68,10,2199,2,2,-1,3,-1
201663DP13916,1,9,0,18,0,0,0,0,0,0,3,1,6,1,39,7,1598,2,-1,7,3,7
201663DP13916,2,9,0,18,0,0,0,0,0,0,1,1,6,1,43,7,1753,2,8,2,1,2
201663DP13916,3,9,0,18,0,0,0,0,0,0,0,1,6,2,61,9,1968,2,11,6,3,6
201663DP13916,4,21,0,18,0,0,0,0,0,0,0,1,6,3,-1,-1,-1,-1,-1,-1,-1,-1
201663DP14016,1,9,0,18,0,1,0,0,0,0,1,1,6,1,55,8,1686,2,6,-1,1,-1
201663DP14016,2,9,0,2,0,1,0,0,0,0,0,1,6,3,-1,-1,-1,-1,-1,-1,-1,-1
201663DP14116,1,9,0,18,0,1,0,0,0,0,1,1,1,1,47,8,1968,2,3,-1,1,-1
201663DP14116,2,9,0,9,0,1,0,0,0,0,2,1,4,1,79,11,1395,1,1,-1,3,-1
201663DP14216,1,9,0,4,0,8,0,0,0,0,2,1,6,2,57,9,1390,2,12,-1,3,-1
201663DP14216,2,9,0,4,0,1,0,0,0,0,2,1,6,1,49,8,-1,-1,-1,-1,3,-1
201663DP14316,1,9,0,18,0,0,1,0,0,0,1,1,2,2,23,5,1149,1,12,-1,3,-1
201663DP14316,2,21,0,18,0,0,0,0,0,0,1,1,1,1,42,7,12900,2,7,5,1,5
201663DP14316,3,19,0,18,0,0,0,0,1,10,1,1,1,2,50,8,2143,2,3,6,3,6
201663DP14316,4,21,0,18,0,0,0,0,0,0,1,1,1,1,22,5,10518,2,8,5,1,5
201663DP14416,1,1,0,18,0,0,0,0,0,0,1,1,6,1,42,7,-1,-1,-1,-1,3,-1
201663DP14516,1,9,0,10,0,5,0,0,0,0,0,1,6,2,64,9,1339,1,10,-1,3,-1
201663DP14516,2,9,0,3,0,1,0,0,0,0,0,1,6,2,26,6,1598,1,11,-1,2,-1
201663DP14516,3,9,0,3,0,1,0,0,0,0,2,1,6,1,42,7,1598,1,10,1,1,1
201663DP14516,4,9,0,18,0,1,1,0,0,0,1,1,6,1,70,10,1994,2,12,-1,3,-1
201663DP14516,5,9,0,18,0,2,0,0,1,0,1,1,6,2,25,5,1242,1,5,8,1,8
201663DP14616,1,5,0,18,0,0,0,0,0,0,4,1,6,1,64,9,649,1,10,-1,3,-1
201663DP14716,1,9,0,17,0,0,1,0,1,10,1,1,1,2,24,5,1753,2,12,-1,3,-1
201663DP14816,1,9,0,18,0,0,0,0,0,0,1,1,1,1,47,8,1197,1,1,1,1,1
201663DP14816,2,9,0,18,0,0,0,0,0,0,1,1,6,2,21,5,1968,2,9,-1,1,-1
201663DP14816,3,21,1,18,0,0,0,0,0,0,3,1,1,1,56,9,16120,2,7,-1,2,-1
201663DP14916,1,8,0,11,0,0,0,0,0,0,1,1,1,2,55,8,1968,2,12,-1,3,-1
201663DP15016,1,9,0,13,0,1,0,0,1,0,1,1,2,1,19,4,1596,1,11,-1,2,-1
201663DP15016,2,90,0,9,0,5,5,0,1,0,3,1,6,1,16,4,-1,-1,-1,-1,3,-1
201663DP15116,1,9,0,18,0,0,1,0,8,4,1,1,1,2,21,5,1686,2,11,-1,3,-1
201663DP15216,1,9,0,16,0,0,1,0,0,0,4,1,1,1,32,6,1299,1,18,-1,2,-1
201663DP15216,2,9,0,4,0,0,0,0,0,0,1,1,1,1,63,9,2495,2,26,-1,3,-1
201663DP15216,3,9,0,18,0,0,0,0,0,0,1,1,6,2,33,6,1896,2,13,-1,2,-1
201663DP15216,4,9,0,18,0,0,0,0,0,0,1,1,6,2,28,6,4701,1,13,-1,3,-1
201663DP15316,1,9,0,16,0,0,0,0,0,0,3,1,6,1,18,4,1242,1,16,-1,2,-1
201663DP15316,2,9,0,17,0,0,0,0,0,0,1,1,1,2,35,6,1612,1,3,-1,3,-1
201663DP15416,1,9,0,18,0,0,0,0,0,0,1,1,6,1,65,9,1598,2,2,-1,3,-1
201663DP15416,2,19,4,4,0,0,0,0,0,0,2,1,1,1,28,6,2402,2,9,-1,1,-1
201663DP15516,1,9,0,5,0,1,0,0,0,0,1,1,6,1,33,6,1360,1,7,-1,3,-1
201663DP15516,2,9,0,3,0,1,0,0,0,0,2,1,6,2,21,5,1299,1,14,-1,3,-1
201663DP15616,1,4,0,17,0,0,1,0,1,10,0,1,2,1,32,6,883,1,2,-1,2,-1
201663DP15716,1,9,0,18,0,1,1,0,8,7,1,1,2,1,36,7,1598,1,11,-1,1,-1
201663DP15816,1,9,0,18,0,0,1,0,0,0,1,1,6,2,61,9,1398,2,9,10,1,10
201663DP15916,1,90,0,18,0,0,0,0,0,0,1,1,1,1,47,8,-1,-1,-1,-1,-1,-1
201663DP15916,2,9,0,18,0,0,0,0,0,0,2,1,1,1,47,8,1598,2,4,-1,3,-1
201663DP16016,1,5,0,4,0,0,1,0,2,10,3,1,6,1,45,7,999,1,7,-1,1,-1
201663DP16116,1,17,0,13,0,1,0,0,0,0,1,1,1,1,22,5,6374,2,8,-1,3,-1
201663DP16116,2,9,4,9,0,1,0,0,0,0,3,1,1,1,72,10,2993,2,1,7,3,7
201663DP16216,1,5,0,18,0,0,1,0,1,9,1,1,6,1,52,8,600,1,14,-1,2,-1
201663DP16316,1,9,0,18,0,0,0,0,0,0,1,1,6,2,48,8,1600,1,18,-1,2,-1
201663DP16316,2,9,0,2,0,0,0,0,0,0,0,1,6,3,-1,-1,-1,-1,-1,-1,-1,-1
201663DP16416,1,9,0,18,0,0,1,0,1,10,3,1,6,2,32,6,1956,2,5,-1,1,-1
201663DP16416,2,19,0,18,0,0,0,0,0,0,3,1,1,1,49,8,2143,2,2,-1,1,-1
201663DP16416,3,9,0,18,0,0,0,0,0,0,2,1,6,2,61,9,1686,2,4,-1,2,-1
201663DP16516,1,21,1,18,0,0,2,0,2,10,1,1,1,1,61,9,11946,2,3,5,2,5
201663DP16516,2,9,0,18,0,0,0,0,1,4,1,1,2,2,57,9,1461,2,2,-1,3,-1
201663DP16616,1,9,0,14,0,1,0,0,0,0,1,1,6,2,70,10,1995,2,11,-1,3,-1
201663DP16616,2,9,0,8,0,5,0,0,0,0,2,1,6,1,71,10,1951,2,15,-1,3,-1
201663DP16616,3,9,0,18,0,1,0,0,1,0,1,1,6,1,68,10,1560,2,2,-1,3,-1
201663DP16716,1,5,0,17,0,0,1,0,0,0,3,1,6,1,54,8,800,1,5,10,1,10
201663DP16816,1,9,4,16,0,0,0,0,0,0,1,1,1,1,22,5,-1,-1,-1,-1,3,-1
201663DP16816,2,9,0,17,0,0,0,0,0,0,1,1,6,2,81,11,1398,2,3,-1,3,-1
201663DP16916,1,90,0,6,0,8,2,0,8,1,4,1,6,1,51,8,3500,1,43,-1,1,-1
201663DP17016,1,9,0,18,0,1,0,0,0,0,1,1,2,1,26,6,-1,-1,-1,-1,3,-1
201663DP17016,2,1,0,18,0,1,0,0,0,0,0,1,6,3,-1,-1,-1,-1,-1,-1,-1,-1
201663DP17116,1,9,0,17,0,0,2,0,8,10,1,1,2,1,36,7,1896,2,13,-1,3,-1
201663DP17116,2,9,0,18,0,0,0,0,0,0,0,1,6,3,-1,-1,-1,-1,-1,-1,-1,-1
201663DP17216,1,19,0,4,0,1,1,0,0,0,1,1,1,1,18,4,1560,2,1,-1,1,-1
201663DP17216,2,9,0,7,0,1,1,0,1,9,3,1,2,2,31,6,1598,2,2,-1,3,-1
201663DP17216,3,9,0,18,0,1,0,0,0,0,0,1,2,2,51,8,998,1,1,-1,3,-1
201663DP17316,1,3,0,17,0,8,0,0,1,1,1,1,4,2,17,4,124,1,5,-1,3,-1
201663DP17416,1,9,0,17,0,0,1,0,1,3,1,1,1,2,54,8,1796,1,8,-1,1,-1
201663DP17516,1,9,0,18,0,1,0,0,0,0,2,1,6,2,85,11,1296,1,10,-1,3,-1
201663DP17516,2,1,0,9,0,1,0,0,0,0,3,1,6,1,29,6,-1,-1,-1,7,1,7
201663DP17616,1,9,0,18,0,0,0,0,1,4,1,1,6,1,18,4,1388,1,10,-1,3,-1
201663DP17716,1,10,0,18,0,1,0,0,0,0,1,1,3,2,71,10,2402,2,6,-1,3,-1
201663DP17716,2,9,0,18,0,1,0,0,1,1,1,1,6,2,41,7,998,1,3,-1,3,-1
201663DP17716,3,9,0,10,0,1,0,0,0,0,2,1,2,1,36,7,1968,2,4,-1,2,-1
201663DP17816,1,5,0,18,0,1,1,0,0,0,3,1,6,1,56,9,1600,1,7,-1,2,-1
201663DP17816,2,9,0,18,0,1,0,0,0,0,1,1,6,1,81,11,2148,2,13,-1,3,-1
201663DP17816,3,9,0,18,0,1,0,0,0,0,0,1,6,2,16,4,1995,2,5,-1,3,-1
201663DP17916,1,5,0,18,0,0,0,0,7,0,1,1,6,1,46,8,675,1,1,-1,3,-1
201663DP18016,1,9,0,18,0,0,2,0,1,10,1,1,6,1,45,7,1390,1,15,3,1,3
201663DP18116,1,9,0,18,0,0,0,0,0,0,1,1,6,1,78,11,1388,1,11,-1,1,-1
201663DP18116,2,9,0,3,0,0,0,0,0,0,2,1,6,1,48,8,1999,1,6,7,1,7
201663DP18216,1,9,0,17,0,0,0,0,1,9,1,1,6,1,64,9,1596,1,6,-1,-1,-1
201663DP18316,1,9,0,9,0,1,0,0,0,0,3,1,6,1,74,10,2993,2,3,-1,2,-1
201663DP18316,2,9,0,18,0,1,0,0,0,0,4,1,6,1,61,9,1560,2,1,-1,2,-1
201663DP18416,1,9,0,18,0,8,0,10,1,1,1,1,6,1,53,8,2720,2,9,-1,3,-1
201663DP18516,1,5,0,18,0,1,1,12,0,0,1,1,6,1,77,11,344,1,35,-1,3,-1
201663DP18516,2,5,0,18,0,1,1,12,0,0,1,1,6,1,70,10,650,1,36,-1,3,-1
201663DP18616,1,17,0,5,8,6,1,0,1,9,3,1,1,1,59,9,-1,-1,-1,-1,3,-1
201663DP18616,2,9,0,18,0,1,1,0,1,9,1,1,6,2,33,6,-1,-1,-1,6,1,6
201663DP18716,1,9,0,18,0,0,0,0,0,0,1,1,6,1,39,7,-1,-1,-1,-1,3,-1
201663DP18716,2,19,0,3,0,0,0,0,0,0,2,1,1,1,51,8,1248,2,8,-1,3,-1
201663DP18816,1,5,0,16,0,0,0,0,0,0,4,1,6,1,61,9,2294,1,2,7,3,7
201663DP18916,1,9,0,18,0,0,5,0,8,10,3,1,6,2,30,6,1364,2,8,-1,1,-1
201663DP19016,1,9,0,5,0,0,0,0,0,0,1,1,6,1,18,4,1149,1,13,-1,3,-1
201663DP19016,2,5,0,14,0,0,0,0,0,0,4,1,6,1,55,8,847,1,2,3,1,3
201663DP19016,3,9,0,2,0,0,0,0,0,0,0,1,6,3,-1,-1,-1,-1,-1,-1,-1,-1
201663DP19116,1,9,0,17,0,0,0,0,1,1,4,1,6,1,31,6,-1,-1,-1,-1,2,-1
201663DP19216,1,9,0,18,0,0,0,4,0,0,1,1,6,1,51,8,1584,1,9,-1,2,-1
201663DP19216,2,9,0,2,0,0,0,0,0,0,1,1,6,2,21,5,1461,2,13,-1,3,-1
201663DP19316,1,8,0,18,0,2,0,0,0,0,3,1,1,1,50,8,2993,2,10,-1,3,-1
201663DP19416,1,9,0,15,0,6,0,0,4,7,1,1,2,2,61,9,-1,-1,-1,-1,3,-1
201663DP19416,2,9,0,18,0,1,1,7,4,6,2,1,2,1,66,10,1686,2,3,-1,2,-1
201663DP19416,3,9,0,18,0,1,0,0,1,0,3,1,6,1,76,11,-1,-1,-1,7,1,7
201663DP19516,1,9,0,16,0,0,1,0,0,0,1,1,6,1,19,4,993,1,15,-1,1,-1
201663DP19516,2,9,0,18,0,0,0,0,0,0,1,1,1,2,27,6,1390,1,11,-1,1,-1
201663DP19616,1,9,0,4,0,1,0,0,0,0,0,1,6,1,24,5,1590,1,17,-1,1,-1
201663DP19716,1,9,0,18,0,0,0,0,0,0,1,1,6,1,35,6,1686,2,9,-1,3,-1
201663DP19716,2,9,0,18,0,0,1,0,0,0,2,1,6,2,24,5,1997,2,12,-1,3,-1
201663DP19816,1,9,0,18,0,1,1,0,0,0,1,1,6,2,61,9,1582,2,3,-1,1,-1
201663DP19816,2,9,0,18,0,1,0,0,0,0,2,1,6,1,60,9,998,1,9,-1,1,-1
201663DP19816,3,9,0,4,0,1,0,0,0,0,2,1,6,1,22,5,1997,2,-1,-1,3,-1
201663DP19816,4,9,0,4,0,1,0,0,0,0,2,1,6,2,50,8,1560,2,10,-1,3,-1
201663DP19816,5,9,0,9,0,1,0,0,0,0,0,1,6,3,-1,-1,-1,-1,-1,-1,-1,-1
201663DP19916,1,9,0,6,0,0,0,0,0,0,3,1,6,2,22,5,1598,1,14,-1,2,-1
201663DP19916,2,9,0,18,0,0,0,0,0,0,1,1,6,2,24,5,2143,2,3,-1,1,-1
201663DP19916,3,9,0,2,6,0,0,0,0,0,3,1,6,3,-1,-1,1598,1,10,-1,-1,-1
201663DP20016,1,9,0,18,0,0,0,0,1,10,1,1,6,1,48,8,1968,2,1,8,1,8
201663DP20116,1,9,0,16,0,0,1,0,0,0,1,1,6,1,43,7,1242,1,9,-1,3,-1
201663DP20116,2,21,1,17,0,0,1,0,0,0,1,1,1,1,60,9,12419,2,2,-1,1,-1
201663DP20216,1,5,0,18,0,0,0,0,0,0,0,1,6,1,62,9,1052,1,22,9,1,9
201663DP20216,2,9,0,18,0,0,0,0,0,0,0,1,6,3,-1,-1,-1,-1,-1,-1,-1,-1
201663DP20316,1,9,0,9,0,8,0,0,1,1,1,1,6,2,69,10,1796,1,11,-1,1,-1
201663DP20316,2,21,1,18,0,8,0,0,1,0,1,1,1,1,65,9,12777,2,3,-1,3,-1
201663DP20416,1,9,0,9,0,6,0,0,0,0,3,1,6,1,17,4,1124,1,12,-1,2,-1
201663DP20416,2,9,0,18,0,1,0,0,0,0,1,1,6,2,31,6,1598,1,14,-1,3,-1
201663DP20516,1,9,0,17,0,0,2,0,0,0,1,1,6,1,24,5,1951,2,12,-1,3,-1
201663DP20616,1,9,0,13,0,0,0,0,0,0,1,1,6,1,57,9,1242,1,5,-1,3,-1
201663DP20616,2,21,1,18,0,0,0,0,0,0,2,1,1,1,48,8,16400,2,1,-1,2,-1
201663DP20616,3,9,0,18,0,0,1,0,1,10,3,1,6,2,53,8,1995,2,15,-1,1,-1
201663DP20716,1,9,0,18,0,1,0,0,2,2,1,1,6,1,80,11,996,1,3,-1,3,-1
201663DP20816,1,9,0,18,0,1,0,0,7,10,1,1,6,2,83,11,1197,1,1,-1,1,-1
201663DP20816,2,9,0,18,0,8,0,0,0,0,1,1,6,1,63,9,1896,2,13,-1,2,-1
201663DP20816,3,9,0,2,6,1,0,0,0,0,3,1,6,3,-1,-1,1968,2,-1,-1,-1,-1
201663DP20916,1,9,0,18,0,0,1,0,1,3,1,1,6,1,83,11,996,1,2,-1,3,-1
201663DP21016,1,5,0,18,0,1,0,0,0,0,1,1,6,1,54,8,999,1,-1,-1,2,-1
201663DP21016,2,9,0,18,0,1,0,0,0,0,2,1,6,2,42,7,1997,1,7,5,1,5
201663DP21016,3,9,0,8,0,5,0,0,0,0,0,1,6,3,-1,-1,-1,-1,-1,-1,-1,-1
201663DP21016,4,9,0,5,0,1,0,0,0,0,0,1,6,3,-1,-1,-1,-1,-1,-1,-1,-1
201663DP21116,1,9,0,13,0,0,0,0,0,0,0,1,2,1,19,4,1490,1,12,-1,3,-1
201663DP21116,2,9,0,18,0,0,0,0,0,0,2,1,2,2,21,5,1248,2,8,-1,2,-1
201663DP21116,3,9,0,18,0,0,0,0,0,0,1,1,2,1,23,5,1360,1,12,-1,1,-1
201663DP21116,4,9,0,18,0,0,0,0,1,0,0,1,6,2,27,6,1686,2,11,-1,2,-1
201663DP21116,5,9,0,18,0,0,0,0,0,0,0,1,6,3,-1,-1,-1,-1,-1,-1,-1,-1