Accident_Index,Vehicle_Reference,Vehicle_Type,Towing_and_Articulation,Vehicle_Manoeuvre,Vehicle_Location-Restricted_Lane,Junction_Location,Skidding_and_Overturning,Hit_Object_in_Carriageway,Vehicle_Leaving_Carriageway,Hit_Object_off_Carriageway,1st_Point_of_Impact,Was_Vehicle_Left_Hand_Drive?,Journey_Purpose_of_Driver,Sex_of_Driver,Age_of_Driver,Age_Band_of_Driver,Engine_Capacity_(CC),Propulsion_Code,Age_of_Vehicle,Driver_IMD_Decile,Driver_Home_Area_Type,Vehicle_IMD_Decile
201663DP21116,6,9,0,18,0,0,0,0,0,0,0,1,6,3,-1,-1,-1,-1,-1,-1,-1,-1
201663DP21216,1,9,0,6,0,6,0,0,0,0,1,1,6,2,47,8,1242,1,16,5,1,5
201663DP21216,2,9,0,18,0,1,0,0,0,0,1,1,6,2,17,4,1124,1,12,-1,3,-1
201663DP21316,1,5,0,7,0,2,1,0,7,0,1,1,6,1,58,9,999,1,2,-1,1,-1
201663DP21316,2,9,0,18,0,1,0,0,0,0,1,1,6,2,72,10,1598,2,3,10,1,10
201663DP21416,1,9,0,9,0,1,0,0,0,0,4,1,6,2,43,7,1896,2,9,-1,-1,-1
201663DP21416,2,9,0,18,0,1,0,0,1,10,1,1,6,1,22,5,1995,2,4,-1,2,-1
201663DP21516,1,5,0,17,0,0,1,0,1,4,1,1,6,1,36,7,645,1,5,9,1,9
201663DP21516,2,5,0,17,0,0,0,0,0,0,0,1,6,1,54,8,487,1,13,-1,3,-1
201663DP21616,1,9,0,18,0,1,0,0,3,10,1,1,2,1,34,6,1998,2,9,8,2,8
201663DP21616,2,19,0,18,0,1,0,0,0,0,0,1,6,3,-1,-1,-1,-1,-1,-1,-1,-1
201663DP21716,1,19,0,9,0,6,0,10,0,0,3,1,1,1,25,5,2148,2,7,-1,3,-1
201663DP21716,2,9,0,18,0,1,1,0,0,0,1,1,6,2,83,11,1199,1,17,-1,2,-1
201663DP21816,1,9,0,4,0,0,0,0,0,0,2,1,6,2,49,8,-1,-1,-1,-1,-1,-1
201663DP21816,2,5,0,18,0,0,1,0,0,0,1,1,6,1,44,7,599,1,7,9,2,9
201663DP21916,1,9,0,14,0,1,0,4,0,0,1,1,6,1,56,9,2967,2,2,-1,1,-1
201663DP21916,2,9,0,2,0,1,0,0,0,0,2,1,6,2,48,8,1242,1,2,-1,2,-1
201663DP22016,1,5,0,4,0,1,0,0,0,0,1,1,6,1,53,8,1085,1,20,7,3,7
201663DP22016,2,5,0,18,0,1,1,0,0,0,2,1,6,1,50,8,599,1,16,4,3,4
201663DP22116,1,9,0,17,0,1,0,0,7,10,2,1,6,1,22,5,1229,1,5,-1,2,-1
201663DP22116,2,9,0,2,9,1,0,0,0,0,1,1,6,1,62,9,1197,1,1,-1,2,-1
201663DP22216,1,9,0,16,0,0,0,0,1,0,1,1,6,1,59,9,2987,2,-1,-1,-1,-1
201663DP22216,2,19,0,17,0,0,0,0,1,0,1,1,1,1,57,9,1968,2,9,8,1,8
201663DP22316,1,9,0,17,0,0,0,0,8,10,1,1,6,2,23,5,1242,1,12,-1,3,-1
201663DP22416,1,4,0,9,0,6,0,0,0,0,2,1,6,1,47,8,449,1,3,6,3,6
201663DP22416,2,5,0,18,0,1,1,0,0,0,1,1,6,1,43,7,996,1,15,-1,3,-1
201663DP22516,1,19,0,18,0,0,1,0,0,0,4,1,6,2,43,7,2198,2,10,-1,3,-1
201663DP22616,1,5,0,18,0,3,1,0,1,10,2,1,6,1,60,9,1200,1,8,9,1,9
201663DP22716,1,9,0,18,0,0,0,0,0,0,1,1,2,2,27,6,1598,2,4,-1,3,-1
201663DP22716,2,9,0,18,0,0,0,0,0,0,1,1,6,2,63,9,2495,2,12,-1,3,-1
201663DP22816,1,5,0,18,0,0,1,0,0,0,3,1,6,1,53,8,918,1,18,7,1,7
201663DP22916,1,3,0,18,0,2,1,0,2,10,1,1,2,1,44,7,125,1,-1,-1,1,-1
201663DP23016,1,9,0,18,0,1,0,0,0,0,1,1,6,1,70,10,1242,1,1,8,1,8
201663DP23016,2,9,0,18,0,1,0,0,0,0,2,1,6,1,26,6,2148,2,7,2,1,2
201663DP23016,3,9,0,18,0,1,0,0,0,0,2,1,6,1,51,8,1968,2,1,5,1,5
201663DP23016,4,9,0,9,0,5,0,0,0,0,0,1,6,3,-1,-1,-1,-1,-1,-1,-1,-1
201663DP23116,1,5,0,5,0,0,1,0,2,4,1,1,6,1,62,9,998,1,-1,-1,2,-1
201663DP23216,1,19,0,1,5,6,0,0,0,0,2,1,1,1,44,7,2402,2,13,-1,1,-1
201663DP23216,2,9,0,18,0,1,1,0,0,0,1,1,6,1,41,7,-1,-1,-1,-1,1,-1
201663DP23316,1,9,0,17,0,0,2,0,1,3,1,1,2,2,18,4,1229,1,12,-1,1,-1
201663DP23416,1,9,0,18,0,1,1,0,0,0,1,1,6,2,33,6,1910,2,10,-1,1,-1
201663DP23416,2,9,0,18,0,1,0,0,0,0,2,1,6,2,45,7,1598,1,2,-1,1,-1
201663DP23416,3,9,0,10,0,1,0,0,0,0,0,1,6,2,43,7,-1,-1,-1,-1,3,-1
201663DP23416,4,9,0,18,0,1,0,0,0,0,0,1,6,3,-1,-1,-1,-1,-1,-1,-1,-1
201663DP23516,1,19,4,18,0,0,1,0,0,0,1,1,1,1,28,6,2198,2,5,-1,3,-1
201663DP23516,2,19,0,18,0,0,0,0,0,0,1,1,6,1,68,10,1753,2,11,-1,3,-1
201663DP23616,1,9,0,10,0,5,0,0,0,0,0,1,6,2,38,7,1560,2,5,-1,3,-1
201663DP23616,2,21,4,4,0,1,0,0,0,0,2,1,6,1,54,8,11021,2,12,-1,1,-1
201663DP23616,3,9,0,18,0,1,1,0,0,0,1,1,6,1,71,10,2179,2,5,-1,3,-1
201663DP23716,1,9,0,18,0,0,2,0,2,10,1,1,6,2,18,4,1390,1,14,-1,3,-1
201663DP23816,1,9,0,18,0,1,1,0,3,4,1,1,6,1,38,7,1995,2,12,-1,1,-1
201663DP23916,1,9,3,18,0,1,4,0,0,0,2,1,6,2,67,10,1870,2,10,-1,3,-1
201663DP23916,2,19,0,18,0,6,0,0,1,5,1,1,6,1,49,8,1461,2,3,-1,3,-1
201663DP24016,1,9,0,18,0,4,0,0,0,0,3,1,6,2,18,4,1061,1,10,-1,3,-1
201663DP24016,2,9,4,9,0,3,0,0,0,0,1,1,6,1,61,9,1951,2,14,-1,2,-1
201663DP24116,1,10,0,9,0,1,0,0,0,0,2,1,6,1,47,8,2800,2,9,2,1,2
201663DP24116,2,3,0,18,0,1,1,0,0,0,1,1,6,1,43,7,124,1,10,-1,3,-1
201663DP24216,1,5,0,18,0,1,1,0,8,10,1,1,6,1,49,8,999,1,9,9,1,9
201663DP24316,1,9,0,18,0,1,0,0,0,0,1,1,6,1,23,5,1560,2,1,9,1,9
201663DP24316,2,9,0,18,0,1,0,0,0,0,1,1,6,2,31,6,1396,1,1,-1,3,-1
201663DP24416,1,9,0,18,0,0,0,4,7,10,1,1,6,2,78,11,1997,2,13,-1,3,-1
201663DP24416,2,9,0,2,0,0,0,0,0,0,3,1,1,2,32,6,1496,2,2,-1,3,-1
201663DP24416,3,9,0,2,0,0,0,0,0,0,3,1,6,1,39,7,2148,2,12,-1,3,-1
201663DP24516,1,9,0,16,0,1,0,0,0,0,0,1,6,3,-1,-1,-1,-1,-1,-1,-1,-1
201663DP24516,2,9,0,17,0,1,1,0,1,10,1,1,6,1,55,8,1968,2,9,-1,3,-1
201663DP24616,1,9,0,18,0,1,1,0,7,10,1,1,6,2,79,11,1461,2,5,-1,2,-1
201663DP24716,1,9,0,18,0,1,0,0,1,7,4,1,6,2,29,6,1396,1,15,-1,2,-1
201663DP24816,1,9,0,18,0,0,0,0,0,0,1,1,6,1,17,4,998,1,12,-1,1,-1
201663DP24816,2,9,0,18,0,0,0,0,0,0,3,1,6,1,28,6,1968,2,9,-1,3,-1
201663DP24916,1,90,0,18,0,0,0,0,0,0,1,1,6,1,57,9,2463,2,11,-1,1,-1
201663DP24916,2,9,0,4,0,0,0,0,0,0,2,1,6,1,63,9,1598,1,9,-1,1,-1
201663DP25016,1,9,0,17,0,0,1,0,1,9,0,1,6,2,25,5,1398,1,1,7,1,7
201663DP25116,1,19,0,18,0,1,1,0,1,4,1,1,1,1,31,6,2287,2,5,-1,1,-1
201663DP25116,2,9,0,18,0,1,1,0,0,0,2,1,6,1,26,6,1587,1,17,-1,3,-1
201663DP25116,3,9,0,10,0,5,0,0,0,0,2,1,6,2,51,8,1198,1,8,-1,3,-1
201663DP25216,1,9,0,16,0,0,0,0,7,4,2,1,6,1,19,4,998,1,2,-1,2,-1
201663DP25216,2,9,0,4,0,0,0,0,0,0,0,1,2,1,26,6,1968,2,9,-1,3,-1
201663DP25216,3,19,0,18,0,0,0,0,1,10,3,1,6,1,53,8,1896,2,11,9,1,9
201663DP25216,4,19,0,17,0,0,0,0,1,0,1,1,6,1,46,8,-1,-1,-1,6,1,6
201663DP25316,1,9,0,17,0,0,2,0,2,10,1,1,6,2,73,10,1339,1,13,-1,3,-1
201663DP25416,1,9,0,18,0,0,2,10,1,10,1,1,6,1,27,6,1596,1,12,-1,3,-1
201663DP25516,1,9,0,16,0,0,5,0,7,10,3,1,6,1,17,4,1399,2,14,-1,1,-1
201663DP25616,1,9,0,18,0,0,0,0,0,0,4,1,6,2,75,10,1339,1,7,5,3,5
201663DP25616,2,1,0,18,0,0,0,0,0,0,3,1,6,1,65,9,-1,-1,-1,-1,3,-1
201663DP25716,1,5,0,18,0,0,1,0,0,0,3,1,6,1,70,10,-1,-1,-1,4,1,4
201663DP25816,1,19,0,16,0,0,1,0,1,10,1,1,1,1,43,7,1995,2,7,2,1,2
201663DP25916,1,9,0,4,0,0,0,0,0,0,1,1,6,2,75,10,1995,2,14,5,3,5
201663DP25916,2,19,0,3,0,0,0,0,0,0,2,1,1,1,42,7,2198,2,1,4,1,4
201663DP25916,3,11,0,4,0,0,0,0,0,0,0,1,6,3,-1,-1,-1,-1,-1,-1,-1,-1
201663DP25916,4,9,0,18,0,0,0,0,0,0,0,1,6,3,-1,-1,-1,-1,-1,-1,-1,-1
201663DP26016,1,9,0,18,0,0,0,0,0,0,1,1,6,2,44,7,1968,2,7,-1,3,-1
201663DP26016,2,9,0,18,0,0,0,0,0,0,1,1,6,1,43,7,1598,1,1,-1,3,-1
201663DP26116,1,19,0,18,0,0,1,0,8,10,1,1,1,1,33,6,-1,-1,-1,4,1,4
201663DP26116,2,9,0,18,0,0,0,0,0,0,1,1,6,1,66,10,2477,2,13,-1,-1,-1
201663DP26216,1,9,0,18,0,0,1,0,0,0,1,1,6,3,-1,-1,-1,-1,-1,-1,-1,-1
201663DP26316,1,5,0,17,0,0,1,0,1,0,1,1,6,1,45,7,999,1,7,10,1,10
201663DP26416,1,90,3,6,0,1,0,0,0,0,2,1,6,1,45,7,-1,-1,-1,4,1,4
201663DP26616,1,9,0,18,0,0,5,0,1,10,3,1,2,2,21,5,1242,1,10,-1,3,-1
201663DP26716,1,9,0,17,0,0,5,0,8,10,1,1,6,1,18,4,1242,1,15,-1,3,-1
201663DP26816,1,9,0,9,0,5,0,0,0,0,1,1,6,1,83,11,2495,2,10,-1,3,-1
201663DP26816,2,9,0,18,0,1,0,0,2,10,1,1,6,1,66,10,1900,2,12,5,3,5
201663DP26916,1,9,0,14,0,0,0,0,0,0,1,1,1,1,60,9,-1,-1,-1,-1,3,-1
201663DP26916,2,9,0,4,0,0,0,0,1,0,2,1,6,1,62,9,-1,-1,-1,-1,3,-1
201663DP26916,3,19,0,2,0,0,0,0,0,0,0,1,6,3,-1,-1,-1,-1,-1,-1,-1,-1
201663DP27016,1,9,0,18,0,0,0,0,7,1,1,1,6,1,27,6,1796,1,7,1,1,1
201663DP27116,1,9,0,13,0,0,0,0,0,0,0,1,6,3,-1,-1,-1,-1,-1,-1,-1,-1
201663DP27116,2,9,0,18,0,0,0,0,7,4,1,1,6,1,56,9,1461,2,3,-1,1,-1
201663DP27116,3,9,0,18,0,0,0,0,0,0,0,1,6,3,-1,-1,-1,-1,-1,-1,-1,-1
201663DP27216,1,9,0,9,0,6,0,0,0,0,3,1,6,2,81,11,1199,1,16,5,2,5
201663DP27216,2,9,0,18,0,1,1,0,0,0,1,1,6,2,28,6,1388,1,13,-1,1,-1
201663DP27316,1,8,0,18,0,1,0,0,0,0,1,1,6,1,50,8,1461,2,5,4,1,4
201663DP27316,2,9,0,4,0,1,0,0,0,0,1,1,6,1,26,6,1198,1,13,5,1,5
201663DP27316,3,9,0,4,0,1,0,0,0,0,2,1,6,2,25,5,1686,2,4,6,2,6
201663DP27416,1,9,0,17,0,0,0,0,2,4,1,1,6,1,74,10,1461,2,-1,-1,3,-1
201663DP27516,1,9,0,13,0,1,0,0,7,10,1,1,6,1,22,5,1124,1,14,-1,2,-1
201663DP27516,2,9,0,9,0,1,0,0,0,0,3,1,6,2,47,8,1499,2,-1,-1,3,-1
201663DP27516,3,19,0,10,0,1,0,0,0,0,0,1,1,1,47,8,2198,2,5,-1,3,-1
201663DP27616,1,3,0,5,0,6,0,0,0,0,3,1,6,2,74,10,-1,-1,-1,5,1,5
201663DP27616,2,5,0,18,0,8,0,0,0,0,1,1,6,1,47,8,999,1,3,-1,1,-1
201663DP27716,1,19,0,18,0,0,0,0,0,0,1,1,1,1,53,8,2198,2,-1,4,1,4
201663DP27716,2,9,0,18,0,0,0,0,7,0,2,1,6,1,55,8,1686,2,12,-1,2,-1
201663DP27716,3,9,0,3,0,0,0,0,0,0,2,1,6,1,39,7,1968,2,1,5,1,5
201663DP27716,4,9,0,3,0,0,0,0,0,0,2,1,6,1,53,8,1686,2,3,10,1,10
201663DP27816,1,9,4,18,0,2,0,0,1,2,1,1,6,1,66,10,1749,1,12,1,1,1
201663DP27816,2,9,0,10,0,1,0,0,0,0,1,1,6,2,53,8,1582,2,9,-1,3,-1
201663DP27916,1,9,0,18,0,0,0,0,0,0,1,1,6,1,45,7,1910,2,8,-1,3,-1
201663DP27916,2,9,0,18,0,0,0,0,0,0,3,1,1,1,75,10,-1,-1,-1,-1,3,-1
201663DP27916,3,9,0,18,0,0,0,0,0,0,2,1,6,1,52,8,1956,2,5,-1,3,-1
201663DP27916,4,9,0,4,0,0,0,0,0,0,0,1,6,3,-1,-1,-1,-1,-1,-1,-1,-1
201663DP28016,1,5,0,13,0,0,1,0,1,10,1,1,6,1,40,7,998,1,10,2,1,2
201663DP28016,2,5,0,18,0,0,0,0,0,0,0,1,6,1,47,8,1000,1,7,4,1,4
201663DP28016,3,5,0,18,0,0,0,0,0,0,0,1,6,1,39,7,998,1,11,1,1,1
201663DP28116,1,9,4,18,0,0,0,0,7,10,4,1,1,1,21,5,2198,2,3,-1,3,-1
201663DP28216,1,9,0,18,0,8,0,0,0,0,1,1,6,2,18,4,1198,1,4,-1,2,-1
201663DP28216,2,9,0,5,0,8,0,0,0,0,1,1,6,2,21,5,1242,1,13,-1,2,-1
201663DP28316,1,9,0,18,0,0,5,0,2,10,4,1,6,2,20,4,1149,1,14,-1,3,-1
201663DP28416,1,9,0,16,0,1,2,0,7,3,4,1,6,1,19,4,1199,1,13,-1,3,-1
201663DP28516,1,9,0,18,0,0,0,0,7,0,1,1,6,1,42,7,1598,1,10,-1,1,-1
201663DP28516,2,9,0,18,0,0,0,0,1,7,1,1,6,2,61,9,1149,1,14,-1,1,-1
201663DP28616,1,4,0,18,0,0,1,0,0,0,0,1,6,1,74,10,883,1,3,-1,3,-1
201663DP28716,1,5,0,18,0,8,0,0,0,0,1,1,6,1,43,7,885,1,21,5,3,5
201663DP28716,2,9,0,9,0,6,0,0,0,0,3,1,6,1,74,10,2967,1,12,5,1,5
201663DP28816,1,9,0,18,0,0,0,0,1,0,3,1,6,1,33,6,1995,2,-1,-1,3,-1
201663DP28816,2,21,1,18,0,0,1,0,0,0,3,1,1,1,45,7,15607,2,14,5,1,5
201663DP28916,1,9,0,18,0,0,1,0,0,0,1,1,1,2,54,8,1149,1,17,-1,3,-1
201663DP28916,2,9,0,18,0,0,1,0,0,0,1,1,1,1,23,5,2495,2,19,-1,3,-1
201663DP29016,1,19,0,18,0,0,0,12,7,3,1,1,1,1,19,4,1753,2,10,-1,3,-1
201663DP29116,1,9,0,1,9,0,5,5,1,10,1,1,6,1,22,5,1242,1,4,5,2,5
201663DP29216,1,19,0,2,0,0,0,0,0,0,0,1,1,1,61,9,2198,2,8,-1,3,-1
201663DP29216,2,5,0,2,0,0,0,0,0,0,1,1,6,1,63,9,1450,1,12,-1,2,-1
201663DP29316,1,9,0,17,0,0,1,0,1,10,4,1,6,1,26,6,1997,2,16,-1,2,-1
201663DP29416,1,9,0,18,0,6,0,0,0,0,1,1,6,1,20,4,1124,1,14,-1,3,-1
201663DP29416,2,9,0,18,0,1,0,0,0,0,1,1,6,2,34,6,1560,2,1,-1,3,-1
201663DP29416,3,9,0,18,0,1,0,0,0,0,0,1,6,1,39,7,998,1,9,-1,3,-1
201663DP29516,1,9,0,18,0,6,0,0,1,10,3,1,6,1,41,7,999,1,4,-1,3,-1
201663DP29516,2,19,0,18,0,1,1,0,7,10,1,1,6,1,30,6,1686,2,12,-1,3,-1
201663DP29616,1,9,0,13,0,0,0,0,0,0,1,1,6,2,48,8,1686,2,2,8,3,8
201663DP29616,2,9,0,18,0,0,0,0,0,0,0,1,6,1,62,9,1995,2,14,-1,3,-1
201663DP29616,3,9,0,18,0,0,0,0,0,0,0,1,6,2,49,8,1998,1,15,5,3,5
201663DP29616,4,19,0,18,0,0,1,0,1,10,1,1,6,2,62,9,2198,2,-1,-1,3,-1
201663DP29616,5,90,0,18,0,0,0,0,0,0,0,1,6,3,-1,-1,-1,-1,-1,-1,-1,-1
201663DP29716,1,9,0,18,0,1,0,0,0,0,1,1,2,2,32,6,1461,2,2,-1,2,-1
201663DP29816,1,5,0,17,0,0,0,0,2,10,4,1,6,1,27,6,636,1,1,5,3,5
201663DP29916,1,9,0,18,0,1,1,0,0,0,1,1,6,1,27,6,1798,1,12,-1,3,-1
201663DP29916,2,9,0,10,0,1,0,0,0,0,2,1,6,2,36,7,-1,-1,-1,-1,3,-1
201663DP29916,3,9,0,18,0,8,0,0,1,9,1,1,6,1,44,7,2268,2,3,-1,-1,-1
201663DP30016,1,9,0,17,0,0,2,0,0,0,0,1,6,1,19,4,1206,1,7,-1,1,-1
201663DP30116,1,19,0,18,0,1,0,0,0,0,1,1,6,1,51,8,1560,2,5,-1,3,-1
201663DP30116,2,9,0,18,0,1,0,0,0,0,1,1,6,2,33,6,1997,1,10,-1,1,-1
201663DP30216,1,9,0,18,0,1,0,0,0,0,1,1,6,2,43,7,1499,2,-1,-1,2,-1
201663DP30216,2,9,0,3,0,1,0,0,0,0,1,1,6,1,40,7,4163,1,5,-1,3,-1
201663DP30216,3,9,0,10,0,1,0,0,0,0,0,1,6,1,57,9,1686,2,12,-1,3,-1
201663DP30316,1,9,0,18,0,0,5,0,7,10,1,1,2,1,70,10,1796,1,16,7,2,7
201663DP30416,1,9,0,3,0,0,0,0,0,0,2,1,3,1,42,7,1461,2,6,-1,1,-1
201663DP30416,2,9,0,4,0,0,0,0,0,0,1,1,6,2,57,9,2494,1,18,-1,3,-1
201663DP30416,3,9,0,4,0,0,0,0,0,0,1,1,6,2,76,11,993,1,14,-1,1,-1
201663DP30516,1,9,0,9,0,2,0,0,0,0,1,1,6,1,79,11,1995,2,6,-1,1,-1
201663DP30516,2,9,0,18,0,1,0,0,0,0,1,1,2,1,57,9,1598,2,1,-1,2,-1
201663DP30616,1,9,0,18,0,0,1,0,6,9,0,1,6,1,24,5,2979,1,12,7,1,7
201663DP30616,2,9,0,18,0,0,0,0,4,0,3,1,1,1,43,7,2993,2,3,-1,3,-1
201663DP30616,3,9,0,18,0,0,0,0,6,10,4,1,1,1,48,8,2993,2,1,-1,3,-1
201663DP30716,1,9,0,18,0,0,0,0,8,4,1,1,6,1,54,8,1590,1,12,-1,3,-1
201663DP30816,1,9,0,9,0,8,0,0,0,0,3,1,6,1,77,11,2495,2,21,-1,3,-1
201663DP30816,2,9,0,18,0,1,1,0,0,0,1,1,6,1,21,5,1997,1,13,3,1,3
201663DP30916,1,9,0,18,0,1,1,0,1,10,1,1,6,1,40,7,1461,2,13,2,1,2
201663DP31016,1,1,0,18,0,1,0,0,0,0,1,1,6,1,29,6,-1,-1,-1,-1,2,-1
201663DP31016,2,9,0,2,0,1,0,0,0,0,0,1,6,1,79,11,2199,2,4,-1,3,-1
201663DP31016,3,9,0,2,0,1,0,0,0,0,0,1,6,3,-1,-1,-1,-1,-1,-1,-1,-1
201663DP31116,1,9,0,18,0,0,0,0,0,0,1,1,6,1,20,4,1242,1,1,-1,3,-1
201663DP31116,2,9,0,3,0,0,0,0,0,0,1,1,6,2,75,10,1560,2,-1,-1,3,-1
201663DP31116,3,9,0,3,0,0,0,0,0,0,1,1,6,2,20,4,1199,1,15,-1,3,-1
201663DP31116,4,19,0,3,0,0,0,0,0,0,1,1,6,1,54,8,2198,2,1,7,3,7
201663DP31216,1,5,0,18,0,1,0,0,1,0,1,1,6,1,60,9,-1,-1,-1,1,1,1
201663DP31216,2,5,0,18,0,1,0,0,0,0,2,1,6,1,60,9,649,1,15,3,1,3
201663DP31216,3,9,0,18,0,1,0,0,0,0,0,1,6,3,-1,-1,-1,-1,-1,-1,-1,-1
201663DP31216,4,21,0,18,0,1,0,0,0,0,0,1,6,3,-1,-1,-1,-1,-1,-1,-1,-1
201663DP31316,1,9,0,18,0,0,0,0,0,0,1,1,6,2,23,5,1364,2,5,-1,3,-1
201663DP31316,2,9,0,4,0,0,0,0,0,0,2,1,2,2,33,6,1560,2,5,-1,3,-1
201663DP31316,3,19,0,18,0,0,0,0,0,0,0,1,6,3,-1,-1,-1,-1,-1,-1,-1,-1
201663DP31416,1,2,0,16,0,0,0,0,7,0,4,1,6,1,16,4,49,1,12,-1,3,-1
201663DP31516,1,9,0,17,0,0,0,0,7,4,1,1,2,1,25,5,1229,1,8,-1,1,-1
201663DP31616,1,9,0,17,0,0,5,0,8,4,3,1,6,1,36,7,1753,2,12,-1,3,-1
201663DP31716,1,9,0,18,0,8,0,0,0,0,1,1,6,3,-1,-1,-1,-1,-1,-1,-1,-1
201663DP31816,1,9,0,18,9,1,1,4,3,9,1,1,4,1,18,4,1956,2,3,-1,3,-1
201663DP31816,2,19,0,16,0,1,0,0,0,0,0,1,1,1,38,7,1598,2,2,-1,1,-1
201663DP31816,3,19,0,2,9,1,0,0,0,0,4,1,6,3,-1,-1,8867,2,7,-1,-1,-1
201663DP31816,4,21,0,18,0,1,0,0,0,0,0,1,6,3,-1,-1,-1,-1,-1,-1,-1,-1
201663DP31916,1,9,0,17,0,0,5,0,7,4,1,1,6,1,32,6,1461,2,8,-1,3,-1
201663DP32016,1,9,0,16,0,0,5,6,7,7,1,1,6,1,24,5,-1,-1,-1,-1,3,-1
201663DP32116,1,9,0,18,0,0,0,0,1,10,1,1,1,2,21,5,1198,1,1,-1,3,-1
201663DP32116,2,9,0,18,0,0,0,0,0,0,1,1,6,2,58,9,1396,1,14,-1,2,-1
201663DP32216,1,9,0,5,0,8,0,0,0,0,1,1,6,2,69,10,1598,2,1,-1,3,-1
201663DP32216,2,9,0,18,0,8,0,0,0,0,1,1,6,1,67,10,2993,2,8,7,3,7
201663DP32316,1,9,0,18,0,1,0,0,0,0,1,1,6,1,79,11,1461,2,6,-1,1,-1
201663DP32316,2,9,0,18,0,1,0,0,0,0,2,1,6,2,55,8,1995,2,4,8,3,8
201663DP32316,3,9,0,3,0,1,0,0,0,0,0,1,6,3,-1,-1,-1,-1,-1,-1,-1,-1
201663DP32416,1,9,0,18,0,1,0,0,0,0,1,1,6,1,72,10,1994,1,14,-1,3,-1
201663DP32416,2,9,0,3,0,2,0,0,0,0,2,1,6,1,68,10,1984,1,13,-1,3,-1
201663DP32416,3,9,0,3,0,1,0,0,0,0,2,1,6,2,78,11,1339,1,8,-1,1,-1
201663DP32516,1,9,0,17,0,0,5,0,1,10,4,1,6,1,20,4,998,1,11,4,3,4
201663DP32616,1,9,0,18,0,0,0,0,7,10,1,1,6,1,23,5,1422,2,10,-1,2,-1
201663DP32616,2,9,0,17,0,0,0,0,7,10,1,1,6,1,20,4,1339,1,12,10,1,10
201663DP32716,1,9,0,1,0,0,0,0,0,0,2,1,6,2,18,4,1149,1,11,-1,1,-1
201663DP32716,2,90,0,2,0,0,0,0,0,0,0,1,6,3,-1,-1,-1,-1,-1,-1,-1,-1
201663DP32816,1,9,0,5,0,6,0,0,0,0,3,1,6,2,22,5,1910,2,10,-1,2,-1
201663DP32816,2,9,0,18,0,1,0,0,0,0,1,1,6,2,25,5,-1,-1,-1,-1,2,-1
201663DP32816,3,9,0,2,0,8,0,0,0,0,0,1,6,3,-1,-1,-1,-1,-1,-1,-1,-1
201663DP32916,1,9,0,18,0,0,2,0,1,4,1,1,6,1,34,6,1596,1,13,-1,2,-1
201663DP33016,1,19,0,18,0,0,0,0,0,0,4,1,1,1,37,7,2400,2,14,-1,2,-1
201663DP33016,2,9,0,4,0,0,0,0,0,0,3,1,6,2,51,8,1999,2,-1,-1,3,-1
201663DP33116,1,9,0,18,6,0,5,0,1,10,1,1,2,2,23,5,1149,1,14,-1,3,-1
201663DP33216,1,9,0,16,0,0,1,0,8,4,3,1,6,2,44,7,1587,1,13,-1,1,-1
201663DP33216,2,11,0,18,0,0,0,0,0,0,0,1,1,1,52,8,-1,-1,-1,-1,2,-1
201663DP33216,3,21,0,18,0,0,0,0,0,0,0,1,1,1,49,8,11705,2,9,-1,3,-1
201663DP33316,1,11,0,17,0,0,0,0,0,0,3,1,1,1,69,10,7300,2,12,6,2,6
201663DP33316,2,11,0,17,0,0,0,0,7,10,3,1,1,1,67,10,6300,2,9,-1,3,-1
201663DP33316,3,9,0,18,0,0,0,0,7,10,3,1,6,2,53,8,1598,1,6,-1,1,-1
201663DP33316,4,19,0,16,0,0,0,0,0,0,3,1,1,1,55,8,2402,2,5,-1,3,-1
201663DP33416,1,9,0,17,0,0,1,0,7,10,1,1,1,2,24,5,1896,2,9,-1,3,-1
201663DP33516,1,9,0,18,0,0,0,12,0,0,1,1,1,1,47,8,2996,1,9,-1,3,-1
201663DP33516,2,21,0,18,0,0,0,0,0,0,1,1,1,1,47,8,4250,2,13,1,1,1
201663DP33616,1,9,0,13,0,0,0,0,0,0,0,1,6,1,58,9,2401,2,8,8,1,8
201663DP33616,2,9,0,18,0,0,1,0,0,0,3,1,1,2,40,7,1389,1,19,-1,1,-1
201663DP33616,3,11,0,18,0,0,0,0,0,0,1,1,1,1,58,9,11970,2,17,-1,2,-1
201663DP33616,4,9,0,18,0,0,0,0,0,0,3,1,2,1,54,8,1995,2,4,-1,2,-1
201663DP33616,5,21,0,18,0,0,0,0,0,0,0,1,6,3,-1,-1,-1,-1,-1,-1,-1,-1
201663DP33616,6,21,0,18,0,0,0,0,0,0,0,1,6,3,-1,-1,-1,-1,-1,-1,-1,-1
201663DP33716,1,9,0,18,0,0,0,0,0,0,1,1,6,2,70,10,1461,2,11,-1,3,-1
201663DP33716,2,9,0,3,0,0,0,0,0,0,2,1,6,2,26,6,1242,1,3,-1,1,-1
201663DP33716,3,9,0,18,0,0,0,0,0,0,0,1,6,3,-1,-1,-1,-1,-1,-1,-1,-1
201663DP33816,1,9,4,16,0,0,0,0,7,10,1,1,6,1,42,7,2765,2,18,-1,3,-1
201663DP33816,2,9,0,18,0,0,0,0,1,10,1,1,6,1,68,10,1997,2,7,-1,3,-1
201663DP33816,3,9,5,3,0,0,0,0,0,0,2,1,6,2,32,6,-1,-1,-1,3,1,3
201663DP33916,1,9,0,18,0,8,0,0,0,0,1,1,6,2,62,9,1560,2,2,4,3,4
201663DP34016,1,9,0,18,0,0,1,0,7,10,1,1,6,1,17,4,1124,1,13,-1,3,-1