Accident_Index,Vehicle_Reference,Vehicle_Type,Towing_and_Articulation,Vehicle_Manoeuvre,Vehicle_Location-Restricted_Lane,Junction_Location,Skidding_and_Overturning,Hit_Object_in_Carriageway,Vehicle_Leaving_Carriageway,Hit_Object_off_Carriageway,1st_Point_of_Impact,Was_Vehicle_Left_Hand_Drive?,Journey_Purpose_of_Driver,Sex_of_Driver,Age_of_Driver,Age_Band_of_Driver,Engine_Capacity_(CC),Propulsion_Code,Age_of_Vehicle,Driver_IMD_Decile,Driver_Home_Area_Type,Vehicle_IMD_Decile
201663DP34016,2,19,0,18,0,0,0,0,0,0,1,1,1,1,55,8,2402,2,7,4,3,4
201663DP34116,1,9,0,18,0,0,1,0,0,0,1,1,6,2,63,9,1461,2,-1,-1,3,-1
201663DP34116,2,17,4,18,0,0,1,0,0,0,1,1,1,1,17,4,6788,2,-1,4,3,4
201663DP34216,1,9,0,18,0,0,0,0,0,0,1,1,1,1,48,8,1968,2,3,-1,1,-1
201663DP34216,2,9,0,18,0,0,0,0,0,0,1,1,3,2,50,8,1896,2,14,-1,3,-1
201663DP34316,1,9,0,18,0,0,0,0,0,0,4,1,6,1,86,11,1242,1,10,-1,1,-1
201663DP34416,1,9,0,16,0,0,1,0,7,4,1,1,6,1,81,11,2199,2,5,-1,-1,-1
201663DP34516,1,9,0,18,0,1,0,0,0,0,2,1,6,3,-1,-1,-1,-1,-1,-1,-1,-1
201663DP34516,2,2,0,18,0,1,0,0,0,0,1,1,6,1,16,4,49,1,16,-1,2,-1
201663DP34616,1,9,0,13,0,0,0,0,0,0,1,1,2,1,52,8,2204,2,11,-1,1,-1
201663DP34616,2,9,0,18,0,0,0,0,1,10,1,1,2,2,57,9,1398,1,2,-1,3,-1
201663DP34616,3,9,0,18,0,0,1,0,0,0,1,1,6,1,73,10,1997,1,5,-1,3,-1
201663DP34616,4,9,0,18,0,0,0,0,0,0,1,1,1,1,64,9,1910,2,13,-1,3,-1
201663DP34616,5,9,0,18,0,0,0,0,0,0,0,1,6,3,-1,-1,-1,-1,-1,-1,-1,-1
201663DP34716,1,21,0,18,0,1,0,0,0,0,3,1,6,3,-1,-1,-1,-1,-1,-1,-1,-1
201663DP34716,2,20,0,18,0,1,0,0,0,0,3,1,1,1,60,9,4485,2,2,-1,3,-1
201663DP34816,1,19,4,17,0,8,1,10,2,10,1,1,1,1,22,5,1968,2,2,6,1,6
201663DP34816,2,9,0,18,0,1,0,0,0,0,1,1,3,2,36,7,1560,2,7,-1,3,-1
201663DP34916,1,9,0,18,0,0,1,0,1,9,1,1,6,2,20,4,1364,1,8,-1,3,-1
201663DP35116,1,9,0,16,0,0,1,0,7,4,4,1,6,1,21,5,1242,1,10,7,1,7
201663DP35216,1,9,0,18,0,0,1,0,2,10,4,1,6,2,62,9,-1,-1,-1,-1,3,-1
201663DP35316,1,9,0,10,0,1,0,0,0,0,3,1,6,2,85,11,1896,2,7,-1,3,-1
201663DP35316,2,9,0,18,0,1,1,0,0,0,1,1,6,1,40,7,1956,2,4,-1,2,-1
201663DP35416,1,9,0,18,0,0,0,0,0,0,1,1,6,1,54,8,1956,2,4,3,1,3
201663DP35416,2,9,0,18,0,0,0,0,0,0,2,1,6,1,54,8,1956,2,-1,7,1,7
201663DP35516,1,9,0,18,0,0,1,0,2,10,1,1,6,1,24,5,1598,1,9,-1,3,-1
201663DP35516,2,9,0,18,0,0,0,0,1,0,1,1,6,1,45,7,1560,2,1,-1,3,-1
201663DP35616,1,9,0,16,0,0,0,0,0,0,3,1,6,2,67,10,1590,1,2,-1,3,-1
201663DP35616,2,9,0,18,0,0,0,0,1,4,3,1,6,1,68,10,1598,1,3,4,1,4
201663DP35616,3,9,0,18,0,0,0,0,1,4,3,1,6,2,29,6,1242,1,-1,-1,2,-1
201663DP35716,1,9,0,9,0,1,0,0,0,0,3,1,6,1,45,7,1849,2,1,-1,3,-1
201663DP35716,2,9,0,18,0,1,0,0,0,0,4,1,6,1,45,7,-1,-1,-1,-1,2,-1
201663DP35816,1,9,0,18,0,1,0,0,0,0,1,1,6,2,80,11,1364,1,9,-1,3,-1
201663DP35816,2,9,0,4,0,1,0,0,0,0,1,1,6,1,81,11,1997,2,6,-1,3,-1
201663DP35816,3,19,0,10,0,5,0,0,0,0,2,1,2,1,43,7,1995,2,3,-1,3,-1
201663DP35916,1,9,0,18,0,0,0,0,0,0,1,1,6,1,24,5,1998,1,23,-1,1,-1
201663DP35916,2,9,0,4,0,0,0,0,0,0,2,1,6,1,56,9,1995,2,13,1,1,1
201663DP35916,3,21,0,18,0,0,0,0,0,0,0,1,6,3,-1,-1,-1,-1,-1,-1,-1,-1
201663DP36016,1,9,0,18,0,0,2,0,2,10,0,1,6,2,53,8,1461,2,7,-1,3,-1
201663DP36016,2,9,0,18,0,0,0,0,0,0,0,1,1,2,43,7,-1,-1,-1,-1,3,-1
201663DP36016,3,9,0,18,0,0,2,0,2,10,0,1,1,1,32,6,1997,2,-1,-1,3,-1
201663DP36116,1,9,0,17,0,0,1,0,8,4,1,1,6,1,42,7,1896,2,12,-1,2,-1
201663DP36216,1,9,0,18,0,0,0,0,0,0,1,1,4,2,17,4,1560,2,9,-1,3,-1
201663DP36316,1,9,0,18,0,5,0,0,0,0,4,1,1,2,20,4,998,1,1,-1,2,-1
201663DP36416,1,9,0,18,0,0,2,0,2,10,1,1,6,1,32,6,1968,2,1,7,1,7
201663DP36516,1,9,0,4,0,1,0,0,0,0,1,1,6,1,26,6,1598,2,1,-1,1,-1
201663DP36516,2,9,0,4,0,1,0,0,0,0,2,1,6,2,64,9,1582,2,3,-1,3,-1
201663DP36516,3,21,0,7,0,1,0,0,0,0,0,1,6,3,-1,-1,-1,-1,-1,-1,-1,-1
201663DP36616,1,9,0,18,0,0,0,0,7,9,3,1,6,2,56,9,1686,2,12,-1,3,-1
201663DP36616,2,21,0,4,0,0,0,0,0,0,2,1,6,3,-1,-1,-1,-1,-1,-1,-1,-1
201663DP36716,1,9,0,18,0,0,1,0,1,10,3,1,2,2,22,5,998,1,6,8,1,8
201663DP36816,1,9,0,18,0,1,1,0,0,0,1,1,6,1,19,4,1396,1,25,-1,2,-1
201663DP36816,2,8,0,10,0,1,0,0,0,0,2,1,1,2,63,9,1896,2,12,-1,2,-1
201663DP36916,1,9,0,9,0,8,0,0,0,0,1,1,2,2,27,6,1397,1,15,-1,1,-1
201663DP37016,1,9,0,18,0,1,2,0,1,10,0,1,6,1,22,5,1242,1,12,-1,3,-1
201663DP37116,1,9,0,18,0,1,0,0,4,6,3,1,6,1,53,8,1461,2,1,5,1,5
201663DP37116,2,9,0,18,0,1,0,0,7,0,1,1,1,1,52,8,1248,2,3,-1,3,-1
201663DP37216,1,9,0,18,0,8,0,0,1,2,4,1,6,1,36,7,2494,2,11,-1,1,-1
201663DP37216,2,9,0,8,0,1,0,0,0,0,1,1,6,2,52,8,1984,2,2,5,3,5
201663DP37216,3,9,0,18,0,1,0,0,0,0,1,1,6,2,66,10,1388,1,13,-1,3,-1
201663DP37316,1,9,0,18,0,0,0,0,0,0,0,1,6,3,-1,-1,-1,-1,-1,-1,-1,-1
201663DP37316,2,9,0,18,0,0,2,0,7,10,0,1,6,1,68,10,1896,2,12,-1,2,-1
201663DP37316,3,21,0,18,0,0,0,0,0,0,0,1,1,3,-1,-1,-1,-1,-1,-1,-1,-1
201663DP37416,1,9,0,18,0,0,1,4,0,0,3,1,6,1,24,5,1199,1,14,-1,2,-1
201663DP37416,2,9,0,2,0,0,0,0,0,0,2,1,6,1,42,7,1398,1,1,-1,2,-1
201663DP37516,1,9,0,18,0,0,1,0,0,0,1,1,6,2,69,10,998,1,-1,-1,3,-1
201663DP37516,2,9,0,18,0,0,1,0,0,0,1,1,6,2,59,9,1242,1,3,-1,3,-1
201663DP37516,3,9,0,18,0,0,1,0,0,0,1,1,6,2,44,7,1995,2,12,-1,3,-1
201663DP37616,1,9,0,17,0,0,1,0,1,4,4,1,6,1,18,4,1598,1,8,-1,3,-1
201663DP37716,1,9,0,18,0,0,0,0,2,10,2,1,6,1,21,5,1124,1,11,-1,3,-1
201663DP37916,1,9,0,18,0,0,0,0,0,0,1,1,6,1,50,8,-1,-1,-1,-1,2,-1
201663DP37916,2,9,0,18,0,0,0,0,0,0,1,1,6,2,39,7,1461,2,4,-1,3,-1
201663DP38016,1,9,0,18,0,0,0,0,0,0,3,1,6,3,-1,-1,-1,-1,-1,-1,-1,-1
201663DP38016,2,9,0,18,0,0,0,0,0,0,1,1,6,1,18,4,1390,1,16,-1,3,-1
201663DP38116,1,17,5,9,0,8,0,0,7,0,3,1,1,1,33,6,6728,2,5,-1,-1,-1
201663DP38116,2,4,0,13,0,1,1,0,0,0,3,1,6,1,22,5,498,1,12,-1,2,-1
201663DP38216,1,9,0,18,0,0,0,0,0,0,4,1,6,1,17,4,1364,1,9,-1,2,-1
201663DP38216,2,8,0,2,6,0,0,0,0,0,0,1,1,2,55,8,1997,2,7,-1,3,-1
201663DP38316,1,9,0,18,0,0,1,0,1,4,3,1,6,1,19,4,1905,2,18,-1,1,-1
201663DP38416,1,9,0,17,0,0,0,0,0,0,0,1,6,3,-1,-1,-1,-1,-1,-1,-1,-1
201663DP38416,2,4,0,16,0,0,0,0,0,0,0,1,2,1,22,5,124,1,11,-1,3,-1
201663DP38516,1,9,0,18,0,0,1,12,0,0,1,1,3,1,38,7,1360,1,14,-1,2,-1
201663DP38516,2,9,0,18,0,0,0,0,0,0,2,1,1,2,40,7,1108,1,16,-1,3,-1
201663DP38616,1,21,0,10,0,1,1,0,0,0,0,1,1,1,52,8,10837,2,1,1,1,1
201663DP38616,2,9,0,4,0,1,1,0,0,0,2,1,6,2,44,7,2959,2,9,4,3,4
201663DP38616,3,9,0,18,0,1,1,0,0,0,1,1,6,1,18,4,1364,1,8,8,1,8
201663DP38616,4,9,0,4,0,1,0,0,0,0,1,1,6,1,31,6,1994,1,17,1,1,1
201663DP38616,5,9,0,3,0,1,1,0,0,0,1,1,6,2,48,8,1587,1,8,9,1,9
201663DP38716,1,9,0,18,0,0,0,0,0,0,4,1,6,3,-1,-1,-1,-1,-1,-1,-1,-1
201663DP38816,1,9,0,18,0,1,0,0,1,7,1,1,6,1,18,4,998,1,1,-1,1,-1
201663DP38816,2,9,0,18,0,1,0,0,0,0,0,1,6,3,-1,-1,-1,-1,-1,-1,-1,-1
201663DP38916,1,9,0,16,0,0,5,0,7,0,1,1,6,1,24,5,1587,1,14,-1,1,-1
201663DP39016,1,19,0,18,0,1,0,0,0,0,1,1,6,1,25,5,1968,2,-1,3,1,3
201663DP39116,1,9,0,17,0,0,0,0,1,3,1,1,2,1,34,6,-1,-1,-1,5,3,5
201663DP39116,2,19,0,16,0,0,0,0,0,0,1,1,1,1,43,7,2148,2,6,-1,2,-1
201691NE00130,1,9,0,9,0,8,0,0,0,0,1,1,6,2,43,7,1242,1,4,-1,3,-1
201691NE00130,2,9,0,18,0,8,0,0,1,0,1,1,6,1,66,10,1560,2,-1,-1,2,-1
201691NE00167,1,9,0,18,0,0,2,0,1,11,1,1,6,1,20,4,1984,1,14,-1,3,-1
201691NE00167,2,9,0,18,0,0,1,0,8,11,1,1,6,1,19,4,1397,1,5,-1,-1,-1
201691NE00655,1,9,0,17,0,0,1,0,8,7,1,1,6,1,30,6,2435,1,17,-1,3,-1
201691NE00737,1,9,0,17,0,0,1,0,1,4,1,1,2,1,26,6,1248,2,7,-1,3,-1
201691NE00971,1,9,0,13,0,0,1,0,0,0,1,1,2,1,37,7,1999,1,9,-1,3,-1
201691NE00971,2,9,0,18,0,0,2,0,1,0,1,1,2,1,40,7,1896,2,13,-1,2,-1
201691NE00971,3,9,0,18,0,0,0,0,0,0,3,1,2,1,49,8,2494,2,2,-1,3,-1
201691NE01046,1,9,0,18,0,1,0,0,0,0,3,1,6,2,34,6,2499,1,9,-1,2,-1
201691NE01046,2,9,0,9,0,2,0,0,0,0,3,1,6,1,72,10,1242,1,7,-1,2,-1
201691NE01395,1,9,0,18,0,0,5,12,1,11,4,1,6,1,29,6,973,1,14,-1,2,-1
201691NE01570,1,9,0,16,0,0,1,0,7,9,1,1,6,2,40,7,1968,2,1,-1,3,-1
201691NE01774,1,9,0,18,0,7,0,0,0,0,1,1,6,2,40,7,1461,2,8,-1,3,-1
201691NE01774,2,9,0,12,0,7,0,0,0,0,2,1,6,2,26,6,-1,-1,-1,-1,-1,-1
201691NE01797,1,9,0,4,0,0,0,0,0,0,2,1,3,2,36,7,-1,-1,-1,-1,3,-1
201691NE01797,2,9,0,4,6,0,0,0,0,0,1,1,1,1,40,7,1991,2,6,-1,2,-1
201691NE01972,1,9,0,18,0,0,0,0,0,0,2,1,6,1,51,8,998,1,2,-1,3,-1
201691NE01972,2,9,0,18,0,0,0,0,0,0,1,1,6,1,22,5,1798,1,1,-1,2,-1
201691NE01972,3,9,0,18,0,0,0,0,0,0,2,1,6,2,31,6,1968,2,1,-1,3,-1
201691NE01972,4,9,0,18,0,0,0,0,0,0,1,1,6,2,26,6,998,1,3,-1,2,-1
201691NE01972,5,9,0,18,0,0,0,0,1,4,2,1,6,2,56,9,1398,2,4,-1,3,-1
201691NE01972,6,19,0,18,0,0,0,0,0,0,1,1,6,1,52,8,2198,2,4,-1,2,-1
201691NE01972,7,9,0,18,0,0,0,0,0,0,2,1,6,2,52,8,1200,1,2,-1,2,-1
201691NE01972,8,9,0,18,0,0,0,0,0,0,1,1,6,2,18,4,998,1,3,-1,2,-1
201691NE01972,9,9,0,18,0,0,0,0,0,0,1,1,6,2,35,6,1796,1,9,-1,2,-1
201691NE01972,10,9,0,18,0,0,0,0,0,0,4,1,6,1,26,6,1598,1,8,-1,-1,-1
201691NE01972,11,9,0,18,0,0,5,0,1,4,1,1,6,2,18,4,1149,1,10,-1,2,-1
201691NE02028,1,9,0,18,0,0,0,0,0,0,1,1,6,2,53,8,1461,2,3,-1,3,-1
201691NE02028,2,9,0,18,0,0,0,0,0,0,2,1,6,1,25,5,1968,2,1,-1,2,-1
201691NE02028,3,9,0,18,0,0,0,0,0,0,1,1,6,2,36,7,1998,2,11,-1,2,-1
201691NE02028,4,9,0,18,0,0,0,0,0,0,2,1,6,2,19,4,1560,2,7,-1,3,-1
201691NE02028,5,9,0,18,0,0,0,0,0,0,1,1,6,2,32,6,1498,1,5,-1,3,-1
201691NE02028,6,9,0,18,0,0,0,0,7,0,1,1,6,1,33,6,1968,2,6,-1,-1,-1
201691NE02159,1,9,0,18,0,4,0,0,3,11,4,1,1,1,22,5,1598,1,12,-1,2,-1
201691NE02159,2,19,0,18,0,1,0,0,0,0,1,1,6,1,77,11,1968,2,7,-1,2,-1
201691NE02167,1,9,0,17,0,0,0,10,1,7,1,1,6,2,75,10,1598,1,10,-1,3,-1
201691NE02543,1,9,0,18,0,1,0,0,2,11,1,1,6,1,28,6,1999,1,10,-1,2,-1
201691NE02556,1,9,0,9,0,8,0,0,0,0,1,1,6,2,84,11,1242,1,7,-1,3,-1
201691NE02556,2,9,0,18,0,8,0,0,1,4,1,1,6,1,22,5,1396,1,18,-1,3,-1
201691NE02623,1,9,0,17,0,0,2,0,1,1,1,1,6,1,18,4,1149,1,12,-1,3,-1
201691NE02689,1,9,0,5,0,0,0,0,0,0,3,1,6,2,75,10,996,1,6,-1,2,-1
201691NE02689,2,9,0,18,0,0,0,0,0,0,3,1,2,2,25,5,998,1,11,-1,-1,-1
201691NE03033,1,9,0,17,0,0,1,0,1,0,2,1,1,2,44,7,1242,1,5,-1,-1,-1
201691NE03916,1,19,0,18,0,0,0,0,0,0,1,1,6,1,28,6,1870,2,11,-1,3,-1
201691NE04093,1,9,0,9,0,5,0,0,0,0,4,1,6,2,66,10,-1,-1,-1,-1,2,-1
201691NE04093,2,9,0,18,0,1,1,0,0,0,1,1,6,2,75,10,1997,2,13,-1,3,-1
201691NE04093,3,9,0,10,0,1,0,0,0,0,1,1,6,2,50,8,2184,2,13,-1,2,-1
201691NE04256,1,9,0,9,0,1,0,0,7,0,1,1,6,2,59,9,1422,2,14,-1,3,-1
201691NE04256,2,9,0,18,0,1,0,0,0,0,1,1,6,1,43,7,1968,2,-1,3,1,3
201691NE05272,1,9,0,9,0,6,0,0,0,0,3,1,6,1,78,11,998,1,5,-1,-1,-1
201691NE05272,2,9,0,18,0,8,0,0,0,0,1,1,6,2,48,8,2993,2,4,-1,3,-1
201691NE05355,1,9,0,18,0,0,0,0,0,0,1,1,6,1,54,8,1783,1,15,-1,-1,-1
201691NE05355,2,90,0,18,0,0,0,10,1,0,1,1,2,1,49,8,-1,-1,-1,-1,3,-1
201691NE05355,3,9,0,18,0,0,0,0,0,0,1,1,2,1,25,5,1598,1,10,-1,3,-1
201691NE05355,4,9,0,18,0,0,0,0,0,0,1,1,6,1,51,8,1988,2,12,-1,3,-1
201691NE05601,1,9,0,3,0,1,0,0,0,0,2,1,6,2,63,9,1896,2,12,-1,3,-1
201691NE05601,2,9,0,18,0,1,0,0,0,0,1,1,6,2,35,6,2664,2,11,-1,3,-1
201691NE05809,1,9,0,12,0,8,0,0,0,0,3,1,6,1,26,6,1149,1,7,-1,3,-1
201691NE05809,2,9,0,18,0,8,0,0,0,0,4,1,2,1,22,5,1390,1,12,-1,1,-1
201691NE05809,3,9,0,18,0,8,0,0,0,0,1,1,6,2,17,4,1198,1,10,-1,2,-1
201691NE05809,4,9,0,3,0,7,0,0,0,0,0,1,1,1,33,6,1997,2,2,-1,1,-1
201691NE05878,1,90,0,5,0,0,0,0,0,0,0,1,6,2,64,9,-1,-1,-1,-1,-1,-1
201691NE05878,2,4,0,15,0,0,1,0,0,0,3,1,6,1,54,8,998,1,-1,-1,1,-1
201691NE05878,3,9,0,18,0,0,0,0,0,0,1,1,6,2,48,8,2495,2,17,-1,3,-1
201691NE05916,1,9,0,18,0,1,0,0,0,0,1,1,6,2,53,8,1461,2,-1,-1,-1,-1
201691NE05916,2,9,0,9,0,8,0,0,0,0,1,1,6,2,45,7,1991,2,10,-1,3,-1
201691NE06258,1,5,0,16,0,0,1,0,0,0,4,1,6,1,24,5,645,1,11,-1,3,-1
201691NE06263,1,9,0,13,0,0,0,0,0,0,3,1,6,1,55,8,1685,2,2,-1,1,-1
201691NE06263,2,9,0,18,0,0,5,0,1,0,3,1,6,2,61,9,1364,1,1,-1,3,-1
201691NE06263,3,9,0,18,0,0,0,0,1,0,1,1,6,1,68,10,1398,2,9,-1,3,-1
201691NE06288,1,9,0,17,0,0,1,0,2,11,4,1,6,2,20,4,1968,2,5,-1,3,-1
201691NE06436,1,9,0,18,0,0,5,0,1,9,1,1,6,2,32,6,1229,1,7,-1,2,-1
201691NE06943,1,5,0,16,0,1,1,0,7,9,4,1,6,1,62,9,1099,1,7,-1,1,-1
201691NE06943,2,9,0,17,0,1,0,0,0,0,4,1,6,2,18,4,1328,1,14,-1,3,-1
201691NE07452,1,19,0,16,0,0,1,0,7,11,1,1,6,2,50,8,1461,2,2,-1,2,-1
201691NE07903,1,1,0,18,9,0,0,0,0,0,1,1,6,1,-1,-1,-1,-1,-1,-1,-1,-1
201691NE08062,1,9,0,3,0,0,0,0,0,0,0,1,2,1,46,8,1956,2,1,-1,3,-1
201691NE08062,2,9,0,3,0,0,0,10,1,0,2,1,2,2,20,4,-1,-1,-1,-1,2,-1
201691NE08062,3,9,0,18,0,0,0,0,0,0,1,1,2,2,26,6,1995,1,14,-1,3,-1
201691NE08368,1,4,0,18,0,0,0,10,0,0,0,1,6,1,47,8,-1,-1,-1,-1,-1,-1
201691NE08574,1,9,0,10,0,1,0,0,0,0,2,1,6,2,37,7,-1,-1,-1,-1,3,-1
201691NE08574,2,9,0,18,0,1,1,0,1,1,1,1,6,2,23,5,1968,2,8,-1,3,-1
201691NE08574,3,90,0,18,0,1,1,0,7,11,1,1,6,1,70,10,2000,2,10,10,2,10
201691NE08674,1,5,0,18,0,8,1,0,0,0,0,1,6,1,55,8,1300,1,7,2,1,2
201691NE08887,1,9,0,16,0,3,1,0,0,0,1,1,6,2,23,5,1328,1,9,-1,3,-1
201691NE08887,2,9,0,18,0,4,0,0,0,0,1,1,6,1,64,9,-1,-1,-1,-1,3,-1
201691NE08920,1,9,0,7,0,1,0,0,0,0,4,1,6,2,24,5,1900,2,10,5,3,5
201691NE08920,2,9,0,16,0,1,0,0,0,0,3,1,6,2,39,7,1968,2,5,-1,3,-1
201691NE09112,1,9,0,17,0,0,2,0,1,4,2,1,6,1,34,6,1598,1,11,-1,3,-1
201691NE09133,1,19,0,18,0,0,0,0,0,0,0,1,6,1,25,5,1998,2,14,-1,3,-1
201691NE09285,1,9,0,16,0,0,2,0,7,11,1,1,6,1,36,7,2521,1,9,-1,3,-1
201691NE09409,1,9,0,16,0,2,1,0,0,0,4,1,6,1,18,4,1248,1,5,-1,-1,-1
201691NE09409,2,9,0,17,0,1,1,0,0,0,1,1,6,1,36,7,-1,-1,-1,-1,-1,-1
201691NE09447,1,9,0,1,0,1,0,0,0,0,2,1,6,2,31,6,1598,2,6,-1,3,-1
201691NE09451,1,5,0,16,0,0,0,0,0,0,1,1,6,1,55,8,599,1,15,8,1,8
201691NE09451,2,9,0,17,0,0,0,0,0,0,1,1,6,1,49,8,1596,1,10,-1,2,-1
201691NE09685,1,1,0,18,9,0,0,0,0,0,2,1,4,1,12,3,-1,-1,-1,-1,2,-1
201691NE09795,1,9,0,10,0,2,0,0,0,0,1,1,6,2,62,9,1398,1,7,-1,3,-1
201691NE09795,2,9,0,18,0,1,0,0,0,0,1,1,6,1,81,11,1598,2,6,-1,3,-1
201691NE10042,1,9,0,18,0,0,1,0,2,10,1,1,1,2,28,6,-1,-1,-1,-1,3,-1
201691NE10059,1,9,0,5,6,1,0,0,0,0,4,1,6,1,63,9,2700,6,16,-1,2,-1
201691NE10337,1,9,0,9,0,1,0,0,1,0,1,1,6,1,86,11,1968,2,1,1,1,1
201691NE10337,2,9,0,18,0,1,0,0,0,0,1,1,6,1,42,7,2792,1,10,-1,3,-1
201691NE10427,1,9,0,16,0,0,1,0,7,0,3,1,6,2,62,9,1360,1,10,-1,3,-1
201691NE10614,1,9,0,18,0,1,0,0,0,0,1,1,6,2,69,10,1248,2,11,-1,-1,-1
201691NE10614,2,9,0,8,0,5,0,0,0,0,4,1,6,2,19,4,1395,1,3,-1,2,-1
201691NE10676,1,9,0,18,0,0,0,0,7,9,3,1,6,1,63,9,1560,2,3,-1,3,-1
201691NE10934,1,98,0,18,0,0,0,0,0,0,1,1,6,1,85,11,-1,-1,-1,-1,-1,-1
201691NE11109,1,9,0,5,0,5,0,0,0,0,4,1,6,1,44,7,-1,-1,-1,-1,-1,-1
201691NE11109,2,9,0,18,0,1,0,0,1,0,1,1,6,2,34,6,2496,1,12,-1,-1,-1
201691NE11113,1,9,0,8,0,1,0,0,0,0,1,1,6,2,20,4,1997,2,3,-1,3,-1
201691NE11113,2,9,0,4,0,1,0,0,0,0,1,1,6,1,77,11,1396,1,16,-1,3,-1
201691NE11147,1,9,0,17,0,0,0,0,0,0,1,1,6,1,52,8,1997,2,7,-1,3,-1
201691NE11147,2,9,0,17,0,0,0,0,0,0,1,1,6,2,40,7,1390,1,12,-1,-1,-1
201691NE11311,1,9,0,18,0,0,1,0,0,11,3,1,6,1,17,4,1390,1,5,-1,-1,-1
201691NE11320,1,19,0,1,0,0,0,0,0,0,2,1,1,1,49,8,2198,2,2,-1,1,-1
201691NE11332,1,5,0,17,0,0,1,0,0,0,3,1,6,1,45,7,955,1,12,1,1,1
201691NE11345,1,9,0,18,0,8,0,0,0,0,1,1,6,1,87,11,1198,1,3,-1,3,-1
201691NE11345,2,9,0,9,0,6,0,0,0,0,1,1,6,2,48,8,1560,2,3,-1,3,-1
201691NE11370,1,9,0,18,0,1,0,0,0,0,1,1,6,2,18,4,1242,1,10,-1,2,-1
201691NE11558,1,9,0,18,0,0,0,0,1,4,1,1,6,2,35,6,1240,1,11,-1,3,-1
201691NE12113,1,9,0,17,0,0,0,0,0,0,1,1,6,1,65,9,-1,-1,-1,-1,-1,-1
201691NE12113,2,9,0,16,0,0,0,0,0,0,1,1,6,1,64,9,1390,1,4,-1,3,-1
201691NE12126,1,9,0,3,0,0,0,10,0,0,2,1,6,1,52,8,1398,2,14,-1,1,-1
201691NE12126,2,9,0,18,0,0,0,0,0,0,1,1,6,1,19,4,-1,-1,-1,-1,3,-1
201691NE12163,1,5,0,16,0,1,1,0,7,7,1,1,6,1,45,7,798,1,4,-1,1,-1
201691NE12188,1,9,0,12,0,1,1,0,6,0,1,1,6,1,54,8,1390,1,9,-1,1,-1
201691NE12188,2,9,0,17,0,1,0,0,0,0,1,1,6,1,21,5,1910,2,6,-1,1,-1
201691NE12188,3,9,0,18,0,2,0,0,0,0,1,1,6,1,71,10,1598,2,1,-1,2,-1
201691NE12237,1,90,0,16,0,0,0,11,0,0,1,1,2,1,37,7,-1,-1,-1,-1,2,-1
201691NE12265,1,3,0,18,0,0,1,0,0,0,4,1,6,1,60,9,125,1,6,-1,3,-1
201691NE12345,1,9,0,18,0,0,0,0,7,9,1,1,2,1,32,6,-1,-1,-1,-1,3,-1
201691NE12345,2,9,0,18,0,0,0,0,0,0,1,1,6,1,66,10,4172,1,14,-1,-1,-1
201691NE12519,1,3,0,18,0,8,0,0,0,0,1,1,6,1,16,4,-1,-1,-1,-1,2,-1
201691NE12519,2,9,0,18,0,6,0,0,0,0,3,1,6,2,73,10,1388,1,13,-1,2,-1
201691NE12797,1,19,0,14,0,1,0,0,0,0,1,1,1,1,48,8,2198,2,2,-1,3,-1
201691NE12997,1,9,0,18,0,1,0,0,3,11,1,1,1,1,32,6,1242,1,15,-1,-1,-1
201691NE12997,2,9,0,18,0,5,0,0,0,0,4,1,2,2,57,9,1997,1,4,-1,3,-1
201691NE13247,1,9,0,18,0,1,0,0,0,0,1,1,6,1,57,9,-1,-1,-1,-1,3,-1
201691NE13247,2,21,0,9,0,5,0,0,0,0,2,1,6,1,38,7,7146,2,8,-1,3,-1
201691NE13265,1,9,0,5,0,5,0,0,0,0,0,1,6,2,62,9,1796,1,8,-1,3,-1
201691NE13317,1,9,0,16,0,0,0,0,7,9,3,1,6,1,18,4,1149,1,8,-1,3,-1
201691NE13337,1,9,0,3,0,0,1,0,0,0,1,1,6,1,43,7,-1,-1,-1,-1,1,-1
201691NE13337,2,9,0,3,0,0,0,0,0,0,2,1,6,2,23,5,1248,2,8,-1,3,-1
201691NE13337,3,9,0,3,0,0,0,0,0,0,2,1,6,2,32,6,1596,1,4,-1,3,-1
201691NE13511,1,5,0,16,0,0,1,11,1,0,4,1,6,1,56,9,1170,1,2,6,1,6
201691NE13631,1,9,0,16,0,0,1,0,0,0,1,1,6,1,47,8,973,1,17,-1,-1,-1
201691NE13631,2,9,0,18,0,0,0,0,0,0,1,1,6,1,56,9,1598,1,11,-1,3,-1
201691NE13964,1,9,0,18,0,0,0,0,0,0,1,1,6,2,36,7,1598,1,3,-1,-1,-1
201691NE14001,1,9,0,17,0,0,0,0,0,0,1,1,6,1,66,10,1994,1,11,-1,-1,-1
201691NE14348,1,9,0,18,0,0,0,0,0,0,1,1,1,1,60,9,2987,2,3,-1,3,-1
201691NE14425,1,9,0,16,0,0,2,0,7,1,1,1,6,1,39,7,1398,1,11,-1,2,-1
201691NE14541,1,9,0,18,0,0,1,0,0,0,3,1,6,2,54,8,1560,2,5,-1,3,-1
201691NE14541,2,21,1,18,0,0,0,0,0,0,1,1,1,1,33,6,12777,2,8,-1,3,-1
201691NE14563,1,5,0,16,0,0,1,0,7,9,1,1,6,1,51,8,1649,1,4,8,3,8
201691NE14603,1,9,0,4,7,0,0,0,0,0,2,1,6,1,51,8,998,1,-1,-1,-1,-1
201691NE14603,2,97,0,4,7,0,5,0,0,0,1,1,6,1,47,8,-1,-1,-1,-1,-1,-1
201691NE14749,1,5,0,18,0,0,1,0,0,0,4,1,6,1,58,9,1298,1,15,-1,1,-1
201691NE15095,1,11,0,9,0,5,0,0,0,0,4,1,4,1,71,10,4250,2,11,-1,-1,-1