Accident_Index,Vehicle_Reference,Vehicle_Type,Towing_and_Articulation,Vehicle_Manoeuvre,Vehicle_Location-Restricted_Lane,Junction_Location,Skidding_and_Overturning,Hit_Object_in_Carriageway,Vehicle_Leaving_Carriageway,Hit_Object_off_Carriageway,1st_Point_of_Impact,Was_Vehicle_Left_Hand_Drive?,Journey_Purpose_of_Driver,Sex_of_Driver,Age_of_Driver,Age_Band_of_Driver,Engine_Capacity_(CC),Propulsion_Code,Age_of_Vehicle,Driver_IMD_Decile,Driver_Home_Area_Type,Vehicle_IMD_Decile
201691NE15095,2,5,0,17,0,1,1,0,0,0,1,1,6,1,35,6,599,1,14,-1,2,-1
201691NE15521,1,9,0,9,0,6,0,0,0,0,1,1,6,1,87,11,1124,1,12,-1,3,-1
201691NE15521,2,9,0,18,0,8,0,0,0,0,1,1,6,1,73,10,1596,1,8,-1,3,-1
201691NE15562,1,9,0,18,0,3,0,0,1,0,0,1,6,2,48,8,1149,1,6,-1,3,-1
201691NE15829,1,9,0,10,0,1,0,0,0,0,2,1,6,1,74,10,998,1,1,-1,3,-1
201691NE15829,2,9,0,18,0,1,0,0,7,1,1,1,6,2,81,11,1422,2,13,-1,3,-1
201691NE15998,1,9,0,10,0,5,0,0,0,0,4,1,6,1,35,6,1997,2,9,-1,1,-1
201691NE15998,2,9,0,4,0,1,0,0,0,0,3,1,1,1,56,9,-1,-1,-1,-1,3,-1
201691NE16021,1,2,0,13,0,0,1,0,0,0,3,1,6,1,26,6,600,1,16,-1,3,-1
201691NE16295,1,9,0,9,0,1,0,0,0,0,1,1,6,1,55,8,1198,1,7,-1,3,-1
201691NE16295,2,9,0,18,0,1,1,0,1,4,1,1,6,1,39,7,1582,2,5,-1,-1,-1
201691NE16650,1,9,0,10,0,8,0,0,0,0,1,1,6,2,56,9,1998,2,9,-1,3,-1
201691NE16650,2,9,0,18,0,8,0,0,0,0,3,1,6,1,36,7,1968,2,2,-1,2,-1
201691NE16672,1,9,0,16,0,0,2,0,0,11,1,1,6,1,27,6,1360,1,11,-1,3,-1
201691NE16885,1,9,0,18,0,0,0,0,0,0,4,1,6,1,60,9,1598,2,3,-1,2,-1
201691NE16885,2,10,0,2,0,0,0,0,0,0,0,1,6,3,-1,-1,-1,-1,-1,-1,-1,-1
201691NE17091,1,9,0,17,0,0,2,0,7,0,0,1,6,2,29,6,1242,1,13,-1,3,-1
201691NE17294,1,9,0,18,0,3,0,0,0,0,1,1,2,2,60,9,1461,2,5,-1,3,-1
201691NE17294,2,1,0,18,0,3,0,0,0,0,4,1,6,1,46,8,-1,-1,-1,-1,2,-1
201691NE17944,1,9,0,18,0,8,1,12,7,1,1,1,6,2,71,10,998,1,4,-1,-1,-1
201691NE18120,1,19,0,18,0,0,0,0,1,0,3,1,1,1,58,9,2198,2,7,-1,3,-1
201691NE18120,2,9,0,18,0,0,0,0,0,0,3,1,6,1,86,11,2171,1,15,-1,3,-1
201691NE18120,3,19,0,18,0,0,0,0,1,0,1,1,1,1,32,6,1598,2,3,-1,-1,-1
201691NE18591,1,9,0,18,0,4,0,9,3,4,1,1,6,1,26,6,1968,2,7,-1,3,-1
201691NE18848,1,9,0,9,0,1,0,0,0,0,3,1,6,1,63,9,2494,2,11,-1,3,-1
201691NE18848,2,9,0,13,0,1,1,0,1,10,1,1,2,1,51,8,1461,2,4,-1,1,-1
201691NE18928,1,9,0,17,0,0,0,0,1,4,1,1,6,1,18,4,1149,1,8,-1,2,-1
201691NE18937,1,9,0,17,0,0,5,0,7,9,1,1,6,1,31,6,-1,-1,-1,-1,1,-1
201691NE19151,1,9,0,18,0,1,0,0,0,0,2,1,6,2,64,9,1120,2,3,-1,3,-1
201691NE19151,2,9,0,18,0,1,0,0,0,0,1,1,6,2,52,8,1598,2,1,-1,3,-1
201691NE19236,1,9,0,17,0,0,1,0,0,0,4,1,1,1,76,11,973,1,16,-1,3,-1
201691NE19236,2,9,4,16,0,0,0,0,0,0,1,1,1,1,48,8,2982,2,3,-1,3,-1
201691NE19236,3,9,0,17,0,0,0,0,0,0,1,1,1,2,37,7,1499,1,1,-1,3,-1
201691NE31343,1,9,0,9,0,1,0,0,0,0,1,1,6,2,55,8,1198,1,2,10,1,10
201691NE31343,2,19,0,18,0,1,0,0,1,0,1,1,6,1,31,6,2148,2,11,-1,3,-1
201691NE31343,3,9,0,4,0,1,0,0,0,0,1,1,6,1,49,8,1242,1,4,-1,3,-1
201691NH00213,1,9,0,16,0,0,0,0,1,0,1,1,6,2,51,8,1242,1,6,-1,1,-1
201691NH00213,2,9,0,17,0,0,1,0,0,0,1,1,6,1,52,8,1360,1,8,-1,3,-1
201691NH00328,1,9,0,18,0,0,5,0,1,9,4,1,2,2,50,8,1461,2,1,-1,3,-1
201691NH00951,1,9,0,16,0,0,2,0,2,2,1,1,6,2,49,8,2835,2,22,-1,-1,-1
201691NH00989,1,9,0,18,0,0,5,0,7,9,1,1,6,2,26,6,1896,2,15,-1,3,-1
201691NH01044,1,9,0,16,0,0,1,0,1,9,3,1,2,2,25,5,1149,1,4,-1,-1,-1
201691NH01044,2,9,0,17,0,0,1,0,0,0,1,1,2,1,50,8,1995,1,7,-1,3,-1
201691NH01044,3,9,0,16,0,0,1,0,7,9,2,1,2,1,35,6,1796,1,6,-1,3,-1
201691NH01413,1,9,0,18,0,0,5,0,1,0,4,1,6,1,88,11,1198,1,10,-1,3,-1
201691NH02091,1,19,0,18,0,8,0,0,0,0,3,1,6,1,62,9,-1,-1,-1,-1,2,-1
201691NH02747,1,9,0,16,0,0,2,0,7,9,1,1,6,1,39,7,-1,-1,-1,-1,3,-1
201691NH02802,1,9,0,18,0,0,0,0,0,0,1,1,6,2,78,11,2231,2,6,-1,3,-1
201691NH02802,2,9,0,18,0,0,0,0,0,0,1,1,6,1,70,10,1598,1,-1,-1,-1,-1
201691NH02858,1,9,0,3,0,0,0,0,0,0,2,1,6,1,53,8,1560,2,7,-1,3,-1
201691NH02858,2,9,0,18,0,0,0,0,0,0,1,1,6,2,18,4,1461,2,10,-1,2,-1
201691NH02923,1,9,0,9,0,0,5,0,7,9,3,1,6,1,56,9,1598,2,6,-1,2,-1
201691NH02923,2,97,0,18,0,0,2,0,7,9,4,1,6,1,50,8,-1,-1,-1,-1,3,-1
201691NH03099,1,9,0,3,0,0,0,0,0,0,2,1,6,1,43,7,1398,1,3,-1,3,-1
201691NH03099,2,9,0,4,0,0,1,0,0,0,1,1,6,2,32,6,1895,1,16,-1,3,-1
201691NH03181,1,9,0,18,0,0,2,0,1,0,1,1,6,1,36,7,1900,2,16,-1,3,-1
201691NH03948,1,9,0,17,0,0,2,0,1,11,4,1,6,1,33,6,2498,1,17,-1,3,-1
201691NH04107,1,19,4,4,0,0,0,0,0,0,0,1,6,1,63,9,1868,2,13,-1,3,-1
201691NH04107,2,9,0,4,0,0,0,0,0,0,2,1,6,1,53,8,2143,2,2,-1,3,-1
201691NH04107,3,9,0,18,0,0,0,0,0,0,1,1,6,2,38,7,1975,1,11,-1,3,-1
201691NH04133,1,9,0,16,0,0,5,0,6,9,1,1,6,2,47,8,1461,2,8,-1,3,-1
201691NH04188,1,5,0,9,0,3,1,0,0,0,3,1,6,1,48,8,998,1,11,-1,2,-1
201691NH04220,1,9,0,16,0,0,2,0,7,9,1,1,6,2,23,5,2979,1,12,-1,3,-1
201691NH04248,1,9,0,18,0,1,0,0,0,0,1,1,6,2,65,9,1296,1,9,-1,3,-1
201691NH04248,2,9,0,18,0,2,0,0,0,0,1,1,6,1,22,5,1360,1,10,-1,3,-1
201691NH04272,1,9,0,18,0,1,0,0,7,9,1,1,6,1,87,11,1364,1,10,-1,3,-1
201691NH04272,2,9,0,2,0,6,0,0,0,0,3,1,6,2,71,10,1149,1,3,-1,3,-1
201691NH04370,1,9,0,17,0,0,2,0,7,11,1,1,2,2,19,4,1206,1,6,-1,3,-1
201691NH04448,1,9,0,4,0,0,0,0,0,0,1,1,6,1,76,11,1598,1,6,-1,3,-1
201691NH04448,2,5,0,15,0,0,1,0,0,0,4,1,2,1,51,8,647,1,17,-1,3,-1
201691NH04863,1,9,0,18,0,0,0,0,0,0,0,1,6,1,38,7,1968,2,10,-1,3,-1
201691NH04863,2,-1,0,18,0,0,0,0,1,0,0,1,1,1,41,7,-1,-1,-1,-1,3,-1
201691NH05582,1,9,0,16,0,0,1,0,7,9,1,1,6,2,25,5,1598,1,14,-1,3,-1
201691NJ00203,1,9,0,18,0,1,0,0,0,10,4,1,6,1,41,7,1968,2,1,-1,2,-1
201691NJ00203,2,9,0,9,0,6,0,0,0,0,1,1,6,2,17,4,1598,1,14,-1,2,-1
201691NJ00321,1,9,0,9,0,5,0,0,7,11,2,1,6,1,18,4,1596,1,2,-1,3,-1
201691NJ00321,2,9,0,14,0,1,0,0,0,0,2,1,6,1,19,4,1998,1,13,-1,3,-1
201691NJ00474,1,9,0,3,0,0,0,0,0,0,3,1,6,2,39,7,-1,-1,-1,-1,3,-1
201691NJ00629,1,11,0,18,0,0,2,0,1,11,4,1,1,1,44,7,-1,-1,-1,-1,3,-1
201691NJ00643,1,9,0,17,0,0,1,0,1,11,1,1,2,2,18,4,1149,1,11,-1,3,-1
201691NJ00860,1,9,0,4,0,0,0,0,0,0,2,1,6,1,74,10,1896,2,8,-1,2,-1
201691NJ00860,2,9,0,4,0,0,0,0,0,0,1,1,6,2,22,5,1229,1,4,-1,3,-1
201691NJ00860,3,9,0,4,0,0,0,0,0,0,1,1,6,2,44,7,1560,2,5,-1,3,-1
201691NJ00885,1,9,0,18,0,0,0,0,0,0,3,1,6,3,-1,-1,-1,-1,-1,-1,-1,-1
201691NJ00913,1,9,0,18,0,0,0,0,1,0,3,1,6,1,74,10,1560,2,3,-1,2,-1
201691NJ00913,2,21,5,18,0,0,5,0,1,11,3,1,1,1,53,8,4462,2,3,-1,2,-1
201691NJ00976,1,9,0,18,0,0,0,0,7,11,1,1,6,2,54,8,2982,2,-1,-1,2,-1
201691NJ01045,1,9,0,17,0,0,0,0,0,0,3,2,6,2,27,6,-1,-1,-1,-1,-1,-1
201691NJ01045,2,9,0,16,0,0,0,0,0,0,3,1,6,1,52,8,-1,-1,-1,-1,3,-1
201691NJ01100,1,9,0,18,0,0,1,0,7,9,1,1,6,1,45,7,1499,2,1,-1,3,-1
201691NJ01316,1,9,0,16,0,0,1,0,7,11,3,1,6,1,29,6,2494,2,4,-1,1,-1
201691NJ01369,1,9,0,17,0,0,2,0,7,11,1,1,6,1,28,6,1910,2,8,-1,3,-1
201691NJ01575,1,9,0,17,0,0,1,0,1,1,1,1,6,2,19,4,1686,2,13,-1,2,-1
201691NJ01623,1,9,0,9,0,2,0,0,0,11,1,1,6,2,46,8,2191,2,1,-1,3,-1
201691NJ01623,2,90,0,18,0,1,0,0,0,0,1,1,1,1,40,7,-1,-1,-1,-1,3,-1
201691NJ01692,1,9,0,4,0,0,0,0,0,0,4,1,6,1,76,11,1586,1,8,-1,-1,-1
201691NJ02075,1,9,0,16,0,0,1,0,1,0,1,1,6,1,55,8,1951,2,13,-1,-1,-1
201691NJ02320,1,9,0,13,0,1,1,0,8,10,1,1,2,1,26,6,-1,-1,-1,-1,2,-1
201691NJ02320,2,9,0,18,0,1,0,0,0,0,0,1,2,1,25,5,2597,1,14,-1,3,-1
201691NJ02320,3,19,0,16,0,1,0,0,0,0,0,1,1,1,32,6,2198,2,9,2,2,2
201691NJ02320,4,9,0,18,0,1,0,0,0,0,1,1,1,2,36,7,-1,-1,-1,-1,-1,-1
201691NJ02320,5,9,0,18,0,1,0,0,0,0,1,1,6,2,32,6,1956,2,1,-1,2,-1
201691NJ02358,1,9,0,7,0,0,0,0,0,0,1,1,6,2,51,8,1242,1,3,-1,3,-1
201691NJ02358,2,5,0,5,0,0,0,0,0,0,1,1,6,1,56,9,883,1,1,-1,3,-1
201691NJ02497,1,9,0,10,0,1,0,0,0,0,2,1,6,2,45,7,1461,2,3,-1,3,-1
201691NJ02497,2,9,0,16,0,1,0,0,0,0,1,1,6,1,38,7,1597,2,2,-1,2,-1
201691NJ02836,1,5,0,18,0,0,0,0,7,0,1,1,6,1,45,7,749,1,18,-1,3,-1
201691NJ02836,2,19,0,9,0,0,0,0,0,0,4,1,1,1,62,9,2143,2,4,-1,3,-1
201691NJ03751,1,5,0,13,0,0,0,0,0,0,1,1,6,1,56,9,1170,1,3,9,1,9
201691NJ03751,2,9,0,13,0,0,0,0,0,0,2,1,6,1,36,7,1461,2,-1,-1,-1,-1
201691NJ03882,1,9,0,9,0,6,1,0,0,0,3,1,3,2,39,7,1360,1,12,-1,3,-1
201691NJ03882,2,9,0,18,0,1,5,0,0,0,1,1,1,2,31,6,1242,1,2,-1,2,-1
201691NJ04044,1,5,0,17,0,0,1,0,1,0,1,1,6,1,21,5,636,1,14,-1,2,-1
201691NJ04194,1,9,0,18,0,0,5,6,0,0,1,1,6,1,52,8,1995,2,7,-1,3,-1
201691NJ04266,1,9,0,13,0,0,0,0,0,0,3,1,6,2,76,11,2231,2,2,-1,3,-1
201691NJ04266,2,1,0,18,0,0,0,0,0,0,3,1,6,1,78,11,-1,-1,-1,-1,2,-1
201691NJ04301,1,9,0,18,0,0,0,0,1,1,1,1,6,1,39,7,1995,2,12,-1,1,-1
201691NJ04301,2,9,0,18,0,0,0,0,0,0,1,1,6,2,61,9,1968,2,3,-1,3,-1
201691NJ04302,1,9,0,16,7,0,5,0,1,1,1,1,6,1,75,10,1388,1,6,-1,2,-1
201691NJ04677,1,9,0,17,0,1,1,0,1,10,1,1,6,1,19,4,1868,2,15,-1,2,-1
201691NJ05044,1,9,0,15,0,0,0,0,0,0,2,1,6,2,77,11,1240,1,8,-1,3,-1
201691NJ05044,2,1,0,18,0,0,1,0,0,0,4,1,6,1,48,8,-1,-1,-1,-1,-1,-1
201691NJ05118,1,9,0,14,0,1,0,0,1,11,1,1,6,1,80,11,1398,2,5,-1,2,-1
201691NJ05118,2,9,0,18,0,1,0,0,0,0,1,1,2,1,32,6,1798,1,15,-1,-1,-1
201691NJ05716,1,9,0,3,0,8,0,0,0,0,0,1,6,1,31,6,1242,1,12,-1,-1,-1
201691NJ05716,2,1,0,18,0,8,0,0,0,0,0,1,6,1,11,3,-1,-1,-1,-1,-1,-1
201691NJ05755,1,9,0,17,0,0,0,0,0,0,1,1,2,1,23,5,1997,1,2,-1,3,-1
201691NJ05755,2,1,0,17,0,0,1,0,0,0,2,1,6,2,44,7,-1,-1,-1,-1,2,-1
201691NJ05802,1,21,0,18,0,8,0,0,0,0,1,1,1,1,55,8,9290,2,2,-1,3,-1
201691NJ05802,2,9,0,18,0,8,0,0,0,0,3,1,6,1,60,9,1124,1,16,-1,3,-1
201691NJ06073,1,9,0,16,0,0,2,0,0,0,3,1,2,1,20,4,1596,1,9,-1,2,-1
201691NJ06073,2,9,0,17,0,0,0,0,1,11,1,1,2,2,60,9,1248,1,4,-1,3,-1
201691NJ06235,1,9,0,18,0,0,0,12,0,0,1,1,6,2,41,7,1598,1,4,-1,2,-1
201691NJ06416,1,5,0,18,0,3,1,0,0,0,4,1,6,1,29,6,599,1,12,-1,2,-1
201691NJ06416,2,9,0,18,0,4,0,0,0,0,1,1,6,2,54,8,1796,1,12,-1,2,-1
201691NJ06519,1,9,0,17,0,0,1,0,7,4,2,1,6,2,32,6,1951,2,13,-1,3,-1
201691NJ06613,1,9,0,17,0,0,2,0,7,11,1,1,6,1,21,5,1389,1,14,-1,2,-1
201691NJ06859,1,9,0,18,0,1,0,0,0,0,1,1,6,2,17,4,1896,2,12,-1,3,-1
201691NJ06859,2,9,0,18,0,1,0,0,1,0,1,1,6,1,32,6,1984,1,6,-1,2,-1
201691NJ07207,1,9,0,18,0,0,2,0,1,0,1,1,6,1,42,7,1796,1,20,-1,3,-1
201691NJ07281,1,9,0,17,0,0,1,0,0,0,3,1,6,2,24,5,1499,2,3,-1,3,-1
201691NJ07281,2,9,0,18,0,0,0,0,0,0,3,1,6,1,53,8,1398,1,-1,-1,3,-1
201691NJ07281,3,9,0,17,0,0,1,0,1,9,1,1,2,1,20,4,1388,1,6,-1,2,-1
201691NJ07281,4,9,0,2,9,0,0,0,0,0,3,1,6,1,-1,-1,1124,1,8,-1,-1,-1
201691NJ07728,1,9,0,18,0,0,0,0,0,0,3,1,6,1,83,11,2179,2,9,-1,3,-1
201691NJ07728,2,9,0,18,0,0,0,0,1,11,4,1,2,1,51,8,1968,2,1,-1,3,-1
201691NJ07728,3,9,0,18,0,0,0,0,1,11,1,1,2,1,33,6,1999,1,1,-1,3,-1
201691NJ08009,1,9,0,16,0,1,0,0,7,4,1,1,6,2,40,7,1998,1,13,2,1,2
201691NK00099,1,9,0,7,0,2,0,0,0,0,0,1,6,1,36,7,2172,2,15,-1,2,-1
201691NK00099,2,10,0,18,0,1,0,0,0,0,0,1,1,1,54,8,-1,-1,-1,-1,2,-1
201691NK00122,1,9,0,9,0,8,1,0,0,0,1,1,6,1,35,6,-1,-1,-1,-1,3,-1
201691NK00122,2,10,0,4,0,1,0,0,0,0,1,1,6,1,63,9,-1,-1,-1,-1,3,-1
201691NK00213,1,9,0,18,0,2,0,0,0,0,4,1,6,1,75,10,1364,1,3,-1,2,-1
201691NK00288,1,9,0,18,0,2,0,0,0,0,1,1,2,2,46,8,698,1,10,-1,3,-1
201691NK00315,1,9,0,18,0,6,1,0,0,10,1,1,1,2,32,6,1598,1,12,-1,-1,-1
201691NK00484,1,9,0,9,0,8,0,0,0,0,1,1,2,2,57,9,1598,1,9,-1,2,-1
201691NK00484,2,1,0,18,0,8,0,0,0,0,1,1,2,2,57,9,-1,-1,-1,-1,2,-1
201691NK00678,1,9,0,18,0,0,2,0,1,9,1,1,2,2,19,4,1598,2,6,-1,3,-1
201691NK01206,1,9,0,18,0,0,0,0,0,0,0,1,6,2,65,9,1910,2,8,-1,3,-1
201691NK01397,1,9,0,14,0,1,0,0,0,0,1,1,6,2,64,9,1998,1,13,-1,3,-1
201691NK01448,1,9,0,18,0,2,2,0,7,9,1,1,6,2,79,11,998,1,4,-1,3,-1
201691NK01547,1,9,0,18,0,0,0,0,0,0,1,1,6,1,69,10,1242,1,7,-1,2,-1
201691NK01560,1,11,0,15,0,0,0,0,0,0,4,1,1,1,51,8,10518,2,3,-1,-1,-1
201691NK01560,2,1,0,18,0,0,0,0,0,0,2,1,6,1,48,8,-1,-1,-1,-1,2,-1
201691NK01605,1,9,0,10,0,1,0,0,0,0,2,1,6,2,62,9,1598,2,1,-1,-1,-1
201691NK01605,2,9,0,18,0,1,0,0,0,0,1,1,6,2,79,11,1390,1,15,-1,3,-1
201691NK01640,1,9,0,18,0,0,2,0,7,0,0,1,6,1,24,5,1598,1,10,-1,3,-1
201691NK01799,1,9,0,18,0,0,2,0,7,11,1,1,6,1,51,8,2184,2,11,-1,3,-1
201691NK01865,1,9,0,16,0,1,2,0,7,11,1,1,6,1,32,6,2521,1,6,-1,-1,-1
201691NK01873,1,9,0,9,0,5,0,0,0,0,2,1,6,1,44,7,1956,2,2,-1,-1,-1
201691NK01873,2,5,0,18,0,1,1,0,0,11,1,1,6,1,65,9,599,1,8,-1,2,-1
201691NK02122,1,17,5,5,8,1,0,0,0,0,0,1,6,1,46,8,-1,2,36,-1,3,-1
201691NK02301,1,2,0,18,0,1,1,0,0,0,4,1,2,1,56,9,124,1,12,-1,3,-1
201691NK02403,1,9,0,18,0,0,0,0,7,11,1,1,6,1,17,4,1396,1,16,-1,3,-1
201691NK02988,1,19,0,13,0,0,0,0,0,0,0,1,6,2,47,8,2461,2,17,-1,3,-1
201691NK02988,2,1,0,18,0,0,0,0,0,0,0,1,6,2,45,7,-1,-1,-1,-1,2,-1
201691NK03030,1,9,0,18,0,0,0,0,7,9,1,1,2,2,58,9,1997,2,-1,-1,3,-1
201691NK03030,2,9,0,18,0,0,0,0,7,9,1,1,2,1,51,8,1798,1,6,-1,2,-1
201691NK03486,1,9,0,18,0,0,0,0,7,9,1,1,2,2,35,6,1461,2,10,-1,3,-1
201691NK03829,1,9,0,17,0,0,2,0,7,0,3,1,6,1,90,11,1242,1,9,-1,3,-1
201691NK03831,1,9,0,18,0,1,0,0,0,0,1,1,6,1,51,8,1299,1,12,-1,2,-1
201691NL00167,1,9,0,17,0,0,5,0,1,1,4,1,2,2,27,6,1229,1,4,-1,3,-1
201691NL00255,1,9,0,9,0,6,0,0,0,0,1,1,6,1,52,8,2295,1,17,-1,-1,-1
201691NL00255,2,9,0,17,0,1,0,0,0,0,4,1,6,2,60,9,1422,2,1,-1,-1,-1
201691NL00296,1,9,0,18,0,1,1,0,0,0,4,1,6,1,38,7,1598,1,5,-1,2,-1
201691NL00477,1,9,0,16,0,0,1,0,0,11,4,1,6,1,32,6,-1,-1,-1,-1,3,-1
201691NL01114,1,9,0,1,0,2,0,0,0,0,2,1,2,1,19,4,1686,2,4,-1,-1,-1
201691NL01120,1,9,0,10,0,6,0,0,0,0,3,1,2,1,69,10,1242,1,5,-1,3,-1
201691NL01120,2,9,0,18,0,1,0,0,7,0,1,1,2,2,29,6,1248,2,7,-1,3,-1
201691NL01321,1,9,0,18,0,0,5,0,8,10,3,1,2,1,69,10,998,1,6,-1,2,-1
201691NL01495,1,9,0,9,0,8,0,0,0,0,3,1,6,1,85,11,1986,1,5,-1,3,-1
201691NL01495,2,5,0,17,0,1,0,0,0,0,1,1,6,1,43,7,898,1,2,-1,2,-1
201691NL01498,1,9,0,9,0,6,0,0,0,0,3,1,2,2,37,7,1598,1,8,-1,2,-1
201691NL01498,2,1,0,17,0,1,1,0,0,0,1,1,6,1,68,10,-1,-1,-1,-1,2,-1
201691NL01607,1,9,0,13,0,1,0,0,7,11,4,1,2,1,17,4,1984,1,16,-1,2,-1
201691NL01607,2,19,0,9,0,1,0,0,0,0,1,1,2,1,55,8,2402,2,6,-1,1,-1
201691NL01827,1,9,0,9,0,6,0,0,0,0,3,1,6,1,63,9,-1,-1,-1,-1,3,-1
201691NL01827,2,9,0,18,0,1,0,0,0,0,1,1,6,2,60,9,1299,1,11,-1,3,-1
201691NL02146,1,9,0,1,0,0,0,0,0,0,1,1,6,1,29,6,1968,2,7,-1,3,-1
201691NL02146,2,9,0,4,0,0,0,0,0,0,1,1,6,1,21,5,1596,1,11,-1,3,-1
201691NL02246,1,5,0,7,0,2,1,10,0,0,1,1,6,1,27,6,652,1,12,-1,-1,-1
201691NL02519,1,9,0,18,0,1,1,10,7,1,1,1,6,1,19,4,-1,-1,-1,-1,3,-1
201691NL03088,1,3,0,18,0,0,0,0,0,0,0,1,6,1,15,3,-1,-1,-1,-1,-1,-1
201691NL03187,1,9,0,17,0,0,2,0,1,0,4,1,6,2,18,4,1229,1,4,-1,3,-1
201691NL03334,1,9,0,9,0,2,1,0,3,9,1,1,6,1,21,5,1900,2,16,-1,-1,-1
201691NL03398,1,5,0,17,0,1,1,0,0,0,3,1,6,1,44,7,1250,1,16,-1,3,-1
201691NL03413,1,9,0,9,0,8,0,0,0,0,4,1,6,2,48,8,1598,1,9,-1,3,-1
201691NL03413,2,9,0,18,0,1,0,0,0,0,1,1,6,1,17,4,1896,2,15,-1,3,-1
201691NL03935,1,9,0,5,0,6,0,0,0,0,0,1,6,1,23,5,1998,2,13,-1,3,-1
201691NL03935,2,5,0,18,0,1,1,0,1,0,1,1,6,2,25,5,600,1,5,-1,2,-1
201691NL04241,1,9,0,17,9,0,0,0,7,11,1,1,6,1,45,7,1390,1,6,-1,-1,-1
201691NL04288,1,9,0,7,0,1,0,0,0,0,2,1,6,1,35,6,1968,2,1,-1,3,-1
201691NL04288,2,9,0,16,0,1,0,0,0,0,1,1,6,1,20,4,1229,1,10,-1,3,-1
201691NL04320,1,9,0,18,0,0,5,0,7,11,1,1,6,1,17,4,1199,1,13,-1,3,-1
201691NL04524,1,19,0,18,0,2,2,0,1,11,1,1,1,1,32,6,2198,2,3,-1,2,-1
201691NL04777,1,9,0,18,0,0,0,0,1,0,1,1,6,1,48,8,998,1,12,-1,3,-1
201691NL05011,1,9,0,9,0,1,0,0,0,0,1,1,6,1,77,11,1296,1,8,-1,3,-1
201691NL05011,2,9,0,17,0,1,0,0,0,0,1,1,6,1,25,5,1781,1,18,-1,3,-1
201691NM00174,1,9,0,17,0,0,0,0,0,0,2,1,2,1,53,8,-1,-1,-1,-1,-1,-1
201691NM00174,2,1,0,17,0,0,0,0,0,0,2,1,2,1,31,6,-1,-1,-1,-1,3,-1
201691NM00244,1,9,0,18,0,0,0,0,0,0,1,1,6,1,23,5,1984,1,1,-1,-1,-1
201691NM00259,1,9,0,16,0,0,2,0,1,0,1,1,2,2,23,5,1229,1,11,-1,3,-1
201691NM00700,1,9,0,18,0,8,0,0,0,0,1,1,6,2,70,10,2993,2,9,-1,3,-1
201691NM00700,2,1,0,18,0,8,0,0,0,0,2,1,6,1,30,6,-1,-1,-1,-1,3,-1
201691NM00982,1,9,0,18,0,2,2,0,1,10,1,1,2,2,55,8,1390,1,13,-1,3,-1
201691NM01021,1,9,0,18,0,0,5,0,1,11,1,1,6,1,50,8,2401,2,13,-1,1,-1
201691NM01021,2,9,0,18,0,0,0,0,1,0,1,1,6,1,26,6,-1,-1,-1,-1,2,-1
201691NM01456,1,9,0,18,0,0,0,0,2,1,1,1,6,1,57,9,1968,2,7,-1,2,-1
201691NM02126,1,9,0,18,0,0,0,12,7,0,1,1,6,2,47,8,2497,1,13,-1,3,-1
201691NM02263,1,9,0,13,0,0,0,0,0,0,1,1,6,2,44,7,1997,1,2,-1,1,-1
201691NM02263,2,9,0,18,0,0,0,0,1,10,1,1,6,1,27,6,1598,1,6,-1,1,-1
201691NM02741,1,9,0,9,0,5,0,0,7,0,0,1,6,2,20,4,1149,1,12,-1,3,-1
201691NM02741,2,9,0,18,0,1,0,0,7,11,1,1,6,1,28,6,1390,1,14,-1,3,-1
201691NM02828,1,9,0,18,0,0,0,0,7,0,1,1,6,1,81,11,1198,1,1,-1,1,-1
201691NM02828,2,9,0,18,0,0,5,0,2,10,1,1,6,1,68,10,1200,1,-1,-1,2,-1
201691NM03396,1,19,0,13,0,0,0,0,0,0,4,1,6,1,-1,-1,-1,-1,-1,-1,-1,-1
201691NM03396,2,1,0,18,0,0,0,0,0,0,3,1,1,2,62,9,-1,-1,-1,-1,3,-1
201691NM03589,1,9,0,18,0,0,0,0,0,0,2,1,6,1,21,5,1390,1,6,-1,3,-1
201691NM03589,2,9,0,18,0,0,0,0,0,0,2,1,6,1,53,8,1997,2,1,-1,2,-1
201691NM03589,3,9,0,18,0,0,0,0,0,0,2,1,6,1,34,6,-1,-1,-1,-1,2,-1
201691NM03589,4,9,0,18,0,0,0,0,0,0,1,1,6,1,73,10,2179,2,3,-1,1,-1
201691NM03744,1,9,4,18,0,1,0,0,0,0,1,1,6,1,68,10,3200,2,14,-1,3,-1
201691NM03744,2,9,0,18,0,1,0,0,0,0,1,1,2,1,48,8,2319,1,16,-1,3,-1
201691NM03806,1,9,0,9,0,8,0,0,0,0,4,1,6,1,55,8,1997,2,2,-1,2,-1
201691NM03806,2,9,0,18,0,8,0,0,0,0,1,1,6,2,28,6,1296,1,9,-1,3,-1
201691NM03918,1,19,0,3,0,8,0,0,0,0,2,1,1,1,25,5,2198,2,6,-1,2,-1
201691NM03918,2,19,0,18,0,8,0,0,0,0,2,1,1,1,29,6,2148,2,10,-1,1,-1
201691NM04157,1,9,0,13,0,0,1,0,7,10,3,1,6,1,37,7,1995,2,4,-1,1,-1
201691NM04157,2,20,0,18,0,0,5,0,1,10,4,1,6,1,57,9,4950,2,6,-1,1,-1
201691NM04157,3,9,0,18,0,0,1,0,0,0,3,1,6,1,49,8,1968,2,3,-1,3,-1
201691NM04277,1,5,0,16,9,0,0,0,1,0,0,1,6,1,49,8,996,1,16,-1,-1,-1
201691NM04706,1,9,0,6,8,7,0,0,0,0,1,1,6,1,51,8,1870,2,13,-1,2,-1
201691NM04706,2,9,0,18,0,1,1,0,1,0,1,1,6,2,54,8,1248,1,2,-1,1,-1
201691NM05011,1,9,0,9,0,1,0,0,0,0,1,1,6,1,19,4,1596,1,10,-1,-1,-1
201691NM05011,2,9,0,18,0,1,0,10,1,1,1,1,6,1,67,10,1598,2,2,-1,1,-1