Accident_Index,Vehicle_Reference,Vehicle_Type,Towing_and_Articulation,Vehicle_Manoeuvre,Vehicle_Location-Restricted_Lane,Junction_Location,Skidding_and_Overturning,Hit_Object_in_Carriageway,Vehicle_Leaving_Carriageway,Hit_Object_off_Carriageway,1st_Point_of_Impact,Was_Vehicle_Left_Hand_Drive?,Journey_Purpose_of_Driver,Sex_of_Driver,Age_of_Driver,Age_Band_of_Driver,Engine_Capacity_(CC),Propulsion_Code,Age_of_Vehicle,Driver_IMD_Decile,Driver_Home_Area_Type,Vehicle_IMD_Decile
201691NP05896,1,9,0,18,0,0,0,0,7,0,1,1,6,1,56,9,2435,1,19,-1,3,-1
201691NP05896,2,9,0,18,0,0,0,0,1,0,1,1,6,1,21,5,1679,1,17,10,1,10
201691NP06035,1,5,0,4,0,0,1,0,1,0,0,1,6,1,27,6,-1,-1,-1,-1,-1,-1
201691NP06036,1,9,0,9,0,1,0,0,0,0,1,1,6,2,58,9,1598,2,-1,-1,-1,-1
201691NP06036,2,19,0,18,0,1,1,0,1,0,1,1,1,1,65,9,1248,2,2,-1,2,-1
201691NP06120,1,9,0,16,0,0,0,0,8,10,3,1,6,1,23,5,1399,2,4,-1,3,-1
201691NP06210,1,9,0,17,0,0,2,0,7,9,1,1,6,1,28,6,1390,1,12,-1,3,-1
201691NP06213,1,97,0,17,0,0,5,0,7,0,3,1,6,1,36,7,-1,-1,-1,-1,-1,-1
201691NP06243,1,9,0,16,0,0,5,0,7,10,3,1,6,1,62,9,1242,1,7,-1,1,-1
201691NP06374,1,19,0,5,0,0,0,0,0,0,0,1,1,1,37,7,2402,2,7,-1,3,-1
201691NP06382,1,9,0,16,0,0,5,0,1,9,4,1,6,2,21,5,1199,1,14,-1,1,-1
201691NP06616,1,19,0,16,0,0,0,0,0,0,1,2,6,1,40,7,-1,-1,-1,-1,-1,-1
201691NP06616,2,9,0,17,0,0,0,0,0,0,1,1,6,1,51,8,1896,2,15,-1,2,-1
201691NP06622,1,9,0,17,0,0,0,0,0,0,3,1,6,1,46,8,-1,-1,-1,-1,1,-1
201691NP06622,2,4,0,16,0,0,1,0,7,0,3,1,6,1,68,10,798,1,1,-1,-1,-1
201691NP06666,1,9,0,17,0,0,0,0,1,4,1,1,6,1,32,6,1984,1,8,-1,3,-1
201691NP06666,2,9,0,16,-1,0,0,0,0,0,0,1,6,3,-1,-1,-1,-1,-1,-1,-1,-1
201691NP06837,1,9,0,18,0,0,1,0,1,0,4,1,6,1,86,11,1985,1,15,-1,1,-1
201691NP06860,1,9,0,17,0,0,1,0,7,0,4,1,6,1,28,6,1896,2,14,-1,-1,-1
201691NP06860,2,9,0,16,0,0,0,0,0,0,1,1,6,1,61,9,2400,2,7,10,1,10
201691NP06887,1,19,0,17,0,0,0,0,1,0,3,1,6,1,40,7,-1,-1,-1,-1,3,-1
201691NP06887,2,9,0,16,0,0,0,0,0,0,3,1,6,2,62,9,1200,1,1,8,2,8
201691NP06941,1,5,0,16,0,0,1,0,0,0,1,1,6,1,55,8,-1,-1,-1,-1,-1,-1
201691NP06941,2,9,0,17,0,0,0,0,0,0,1,1,6,2,56,9,1339,1,11,-1,3,-1
201691NP06952,1,90,0,18,0,0,5,0,7,9,1,1,6,1,49,8,-1,-1,-1,-1,-1,-1
201691NP06987,1,9,0,15,0,0,0,0,0,0,4,1,6,1,29,6,1200,1,-1,-1,-1,-1
201691NP06987,2,1,0,18,0,0,0,0,0,0,3,1,6,1,47,8,-1,-1,-1,-1,3,-1
201691NP07082,1,9,0,18,0,0,0,6,0,11,1,1,2,2,48,8,2204,2,8,-1,3,-1
201691NP07256,1,11,0,9,0,1,0,0,0,0,0,1,1,2,54,8,-1,-1,-1,-1,3,-1
201691NP07256,2,1,0,4,0,1,1,0,0,0,2,1,6,1,50,8,-1,-1,-1,-1,-1,-1
201691NP07256,3,1,0,4,0,1,1,0,0,0,1,1,6,1,53,8,-1,-1,-1,-1,-1,-1
201691NP07257,1,5,0,4,0,0,0,0,1,9,3,1,6,1,45,7,1043,1,1,-1,1,-1
201691NP07257,2,20,1,4,0,0,0,0,0,0,0,1,1,1,34,6,3920,2,3,-1,1,-1
201691NP07376,1,5,0,18,0,0,1,0,0,0,4,1,6,1,47,8,-1,-1,-1,-1,1,-1
201691NP07395,1,5,0,16,0,0,1,0,7,9,3,1,6,1,46,8,992,1,6,-1,-1,-1
201691NP07400,1,5,0,13,0,0,1,0,0,0,3,1,6,1,58,9,-1,-1,-1,-1,-1,-1
201691NP07400,2,9,0,13,0,0,0,0,0,0,3,1,6,1,52,8,1956,2,4,-1,3,-1
201691NP07437,1,9,0,17,0,0,1,0,7,4,1,1,6,1,68,10,1598,1,1,-1,1,-1
201691NP07664,1,9,0,16,0,1,2,10,8,10,3,1,6,1,21,5,1242,1,19,-1,3,-1
201691NP07729,1,9,0,16,0,0,2,0,7,4,3,1,6,2,20,4,1598,1,7,-1,3,-1
201691NP07795,1,90,0,9,0,5,0,0,0,0,1,1,6,1,52,8,-1,-1,-1,-1,-1,-1
201691NP07795,2,1,0,18,0,1,0,0,0,0,1,1,6,1,51,8,-1,-1,-1,-1,1,-1
201691NP07802,1,21,1,18,0,0,0,0,0,0,3,1,1,1,59,9,12777,2,1,-1,3,-1
201691NP07802,2,90,0,18,0,0,0,0,0,0,3,1,6,1,63,9,-1,-1,-1,-1,-1,-1
201691NP08055,1,9,0,17,0,0,5,0,7,9,1,1,6,1,24,5,1598,1,6,-1,3,-1
201691NP08149,1,11,0,17,0,0,0,0,0,0,1,1,1,1,51,8,-1,-1,-1,1,1,1
201691NP08149,2,9,0,18,0,0,0,0,0,0,2,1,6,1,67,10,1798,1,9,-1,1,-1
201691NP08149,3,9,0,18,0,0,0,0,0,0,2,1,6,2,24,5,999,1,1,-1,2,-1
201691NP08157,1,21,2,18,0,8,0,0,0,0,4,1,1,1,58,9,12777,2,5,-1,2,-1
201691NP08157,2,1,0,18,0,8,1,0,0,0,3,1,6,1,58,9,-1,-1,-1,-1,-1,-1
201691NP08335,1,9,0,17,0,0,0,0,0,0,1,1,6,1,27,6,1398,1,-1,-1,-1,-1
201691NP08335,2,9,0,16,0,0,0,0,0,0,1,1,6,1,41,7,1461,2,1,-1,-1,-1
201691NP08335,3,19,0,16,0,0,0,0,0,0,1,1,1,1,34,6,2198,2,1,-1,2,-1
201691NP08532,1,5,0,17,0,0,1,0,2,7,4,1,1,1,25,5,1352,1,7,-1,2,-1
201691NP08664,1,9,0,17,0,0,1,0,2,10,4,1,6,1,58,9,1796,1,9,1,1,1
201691NP08737,1,9,0,18,0,1,0,0,0,0,3,1,2,2,54,8,1499,1,1,-1,3,-1
201691NP08744,1,5,0,17,0,0,0,0,1,0,1,1,6,1,38,7,-1,-1,-1,-1,-1,-1
201691NP08744,2,9,0,16,0,0,0,0,0,0,1,1,6,2,66,10,1910,2,9,-1,-1,-1
201691NP08751,1,9,0,6,0,0,0,0,0,0,1,2,6,1,34,6,-1,-1,-1,-1,-1,-1
201691NP08751,2,5,0,18,0,0,0,0,0,0,1,1,6,1,44,7,1000,1,5,-1,3,-1
201691NP08809,1,9,0,17,0,0,2,0,1,1,1,1,6,2,49,8,1398,1,10,-1,1,-1
201691NP08886,1,9,0,16,0,0,5,0,0,0,4,1,6,1,34,6,1598,2,-1,-1,-1,-1
201691NP08886,2,5,0,18,0,0,1,0,1,9,3,1,6,1,67,10,885,1,18,10,1,10
201691NP08955,1,9,0,9,0,8,0,0,0,0,4,1,6,1,56,9,1968,2,-1,-1,-1,-1
201691NP08955,2,9,0,18,0,8,0,0,0,0,1,1,6,2,59,9,1995,1,5,-1,-1,-1
201691NP09027,1,9,0,5,8,2,0,0,0,0,3,1,6,1,56,9,1584,1,9,4,1,4
201691NP09027,2,5,0,17,0,1,1,0,0,0,1,1,6,1,51,8,1100,1,12,2,1,2
201691NP09193,1,1,0,17,0,0,1,0,0,0,1,1,6,1,32,6,-1,-1,-1,9,1,9
201691NP09193,2,9,0,16,0,0,0,0,0,0,3,1,6,1,-1,-1,1399,1,-1,-1,-1,-1
201691NP09593,1,90,0,13,0,0,0,0,0,0,3,1,6,1,69,10,1968,2,4,-1,3,-1
201691NP09593,2,2,0,13,0,0,1,0,7,0,4,1,6,1,69,10,1170,1,1,-1,1,-1
201691NP09597,1,5,0,9,-1,0,0,0,0,0,4,1,6,1,69,10,798,1,2,7,1,7
201691NP09635,1,9,0,18,0,0,1,0,6,0,1,1,6,1,30,6,2143,2,-1,-1,-1,-1
201691NP09635,2,9,0,18,0,0,1,0,1,0,1,1,6,1,54,8,1329,1,1,-1,3,-1
201691NP10436,1,9,0,18,0,0,0,0,0,0,0,1,6,2,57,9,1461,2,1,-1,3,-1
201691NP10436,2,9,0,13,0,0,0,0,0,0,3,1,6,1,17,4,1388,1,9,-1,3,-1
201691NP10436,3,5,0,18,0,0,1,0,1,0,3,1,6,1,53,8,583,1,22,-1,3,-1
201691NP10512,1,98,0,9,0,2,0,0,0,0,0,1,1,1,43,7,-1,-1,-1,-1,3,-1
201691NP10578,1,9,0,10,0,1,0,0,0,0,1,1,2,2,46,8,2183,2,4,-1,2,-1
201691NP10780,1,9,0,17,0,0,1,0,7,0,4,1,2,1,42,7,1598,2,4,-1,3,-1
201691NP10780,2,9,0,18,0,0,0,0,0,0,1,1,6,1,29,6,1242,1,1,-1,-1,-1
201691NP10865,1,9,0,16,0,0,5,0,1,0,1,1,1,1,21,5,1596,1,5,-1,3,-1
201691NP11133,1,9,0,17,0,0,1,0,1,7,4,1,6,2,52,8,1685,2,3,-1,3,-1
201691NP11133,2,9,0,16,0,0,0,0,0,0,3,1,6,2,47,8,1598,2,5,-1,3,-1
201691NP11310,1,9,0,18,0,0,0,0,0,0,1,1,6,2,46,8,1896,2,14,-1,3,-1
201691NP11310,2,9,0,18,0,0,0,0,0,0,1,1,6,1,76,11,1591,1,-1,-1,3,-1
201691NP11540,1,9,0,4,0,1,0,0,0,0,1,1,6,2,59,9,-1,-1,-1,-1,3,-1
201691NP12088,1,9,0,16,0,0,2,0,7,11,3,1,6,2,28,6,1497,8,3,-1,-1,-1
201691NP12090,1,9,0,18,0,0,1,0,7,0,3,1,6,1,53,8,1968,2,8,-1,3,-1
201691NP12101,1,19,0,13,0,0,2,0,0,0,4,1,6,1,56,9,1996,2,2,-1,3,-1
201691NP12235,1,9,0,18,0,0,0,0,7,0,0,1,6,1,56,9,1598,2,-1,-1,-1,-1
2016921600001,1,9,0,18,0,3,0,9,3,7,1,1,1,1,75,10,1591,1,-1,-1,1,-1
2016921600002,1,9,0,16,0,0,2,0,7,11,4,1,6,1,24,5,1200,1,13,-1,2,-1
2016921600002,2,9,0,18,0,0,0,0,1,0,1,1,6,2,80,11,1197,1,1,-1,3,-1
2016921600005,1,9,0,18,0,1,1,0,1,9,0,1,6,1,48,8,1461,2,3,-1,-1,-1
2016921600005,2,9,0,18,0,2,1,0,3,0,0,1,6,1,46,8,-1,-1,-1,-1,-1,-1
2016921600010,1,19,0,16,0,0,0,0,7,4,1,1,1,1,31,6,1560,2,1,-1,1,-1
2016921600011,1,9,0,17,6,0,2,10,1,4,1,1,6,1,56,9,2495,2,26,-1,3,-1
2016921600015,1,9,0,18,0,1,0,4,1,0,1,1,6,1,42,7,1598,1,11,-1,1,-1
2016921600015,2,9,0,3,0,1,0,4,0,0,2,1,6,1,69,10,1461,2,5,-1,3,-1
2016921600015,3,9,0,4,0,1,0,4,0,0,1,1,6,2,59,9,1997,1,8,-1,1,-1
2016921600015,4,9,0,2,0,1,0,4,0,0,4,1,6,3,42,7,1995,2,11,-1,3,-1
2016921600019,1,19,0,9,0,2,0,0,0,0,3,1,6,1,43,7,2461,2,7,-1,3,-1
2016921600023,1,9,0,18,0,0,2,0,7,0,3,1,2,1,28,6,1229,1,11,-1,-1,-1
2016921600025,1,9,0,18,0,0,0,0,0,0,1,1,6,2,36,7,-1,-1,-1,-1,1,-1
2016921600025,2,9,0,18,0,0,0,0,0,0,1,1,6,2,25,5,998,1,3,-1,1,-1
2016921600032,1,9,0,18,0,0,1,10,2,7,1,1,1,1,19,4,1229,1,2,-1,3,-1
2016921600036,1,9,0,18,0,0,0,0,0,0,4,1,6,2,77,11,-1,-1,-1,-1,1,-1
2016921600036,2,9,0,2,0,0,0,0,0,0,3,1,6,3,40,7,2199,2,5,-1,-1,-1
2016921600039,1,20,0,2,0,0,0,0,0,0,0,1,1,1,41,7,9290,2,2,-1,-1,-1
2016921600039,2,1,0,14,0,0,0,4,0,0,4,1,6,1,50,8,-1,-1,-1,-1,3,-1
2016921600041,1,9,0,6,0,0,0,0,0,0,1,1,1,1,19,4,1968,2,7,1,1,1
2016921600042,1,1,0,18,0,4,0,0,0,0,1,1,6,1,44,7,-1,-1,-1,-1,1,-1
2016921600042,2,9,0,18,0,4,0,0,0,0,3,1,6,1,53,8,-1,-1,-1,-1,1,-1
2016921600044,1,9,0,13,0,0,1,11,7,0,1,1,6,1,25,5,3727,1,4,-1,1,-1
2016921600044,2,9,0,18,0,0,0,11,0,0,1,1,1,1,68,10,-1,-1,-1,-1,3,-1
2016921600046,1,9,0,18,0,0,2,0,1,3,1,1,6,2,27,6,1461,2,6,-1,1,-1
2016921600047,1,9,0,18,0,0,1,10,2,0,1,1,2,1,60,9,2494,2,5,-1,1,-1
2016921600047,2,9,0,18,0,0,0,0,0,0,3,1,2,1,29,6,2000,1,11,-1,2,-1
2016921600051,1,9,0,9,0,7,0,0,1,0,4,1,6,2,52,8,1597,2,1,-1,3,-1
2016921600051,2,9,0,18,0,8,0,0,0,0,1,1,1,1,18,4,1895,1,16,-1,1,-1
2016921600055,1,9,0,17,0,8,2,0,7,11,1,1,2,1,22,5,2902,2,12,-1,1,-1
2016921600057,1,9,0,9,0,1,0,0,0,0,3,1,6,1,21,5,1598,1,14,-1,2,-1
2016921600057,2,9,0,18,0,1,0,0,0,0,3,1,6,2,44,7,1600,1,5,-1,3,-1
2016921600058,1,9,0,18,0,1,0,11,0,0,1,1,6,2,25,5,2143,2,4,-1,1,-1
2016921600061,1,9,0,18,0,0,0,0,0,0,1,1,2,2,23,5,1388,1,8,-1,1,-1
2016921600062,1,9,0,9,0,6,0,0,5,0,3,1,6,1,48,8,1598,1,14,3,1,3
2016921600062,2,9,0,18,0,8,0,0,0,0,1,1,2,1,18,4,1229,1,6,-1,2,-1
2016921600068,1,9,0,18,0,0,5,0,8,4,1,1,6,1,19,4,1560,2,10,-1,2,-1
2016921600077,1,9,0,18,0,0,0,11,0,0,1,1,6,1,28,6,1398,1,4,-1,3,-1
2016921600077,2,9,0,18,0,0,0,11,0,0,1,1,6,2,31,6,1598,1,7,-1,2,-1
2016921600078,1,9,0,16,0,0,0,0,0,0,1,1,6,1,48,8,2521,1,6,-1,1,-1
2016921600078,2,9,0,18,0,0,0,11,1,11,1,1,1,1,35,6,1984,1,10,-1,3,-1
2016921600083,1,9,0,18,0,0,0,11,3,0,4,1,2,1,21,5,-1,-1,-1,-1,2,-1
2016921600083,2,1,0,18,0,0,0,11,3,0,-1,1,6,2,30,6,-1,-1,-1,-1,-1,-1
2016921600084,1,9,0,3,0,1,0,0,1,0,1,1,6,2,23,5,1997,2,9,-1,1,-1
2016921600084,2,9,0,18,0,6,0,0,0,0,1,1,6,1,73,10,-1,-1,-1,-1,2,-1
2016921600087,1,9,0,18,0,0,0,0,0,0,1,1,2,1,19,4,-1,-1,-1,-1,1,-1
2016921600088,1,9,0,18,0,0,5,0,7,11,3,1,6,1,89,11,1339,1,6,-1,-1,-1
2016921600088,2,9,0,18,0,0,1,0,7,9,3,1,6,1,66,10,2460,2,10,-1,3,-1
2016921600095,1,9,0,9,0,8,0,0,0,0,1,1,2,2,52,8,-1,-1,-1,-1,1,-1
2016921600096,1,21,1,18,0,0,2,0,7,0,3,1,1,1,57,9,12419,2,3,-1,3,-1
2016921600096,2,9,0,18,0,0,0,0,0,0,1,1,6,1,41,7,1461,2,3,-1,3,-1
2016921600098,1,9,0,4,0,0,0,0,0,0,1,1,6,2,41,7,-1,-1,-1,-1,3,-1
2016921600101,1,9,0,17,0,0,0,0,1,11,1,1,6,2,23,5,1229,1,6,-1,3,-1
2016921600103,1,9,0,18,0,0,0,0,0,0,4,1,6,1,70,10,1598,1,6,-1,3,-1
2016921600103,2,21,1,18,0,0,0,0,0,0,3,2,1,1,25,5,-1,-1,-1,-1,-1,-1
2016921600106,1,11,0,2,2,0,0,0,0,0,0,1,1,1,30,6,10838,2,1,-1,-1,-1
2016921600107,1,21,0,1,0,0,0,0,0,0,2,1,1,1,55,8,6692,2,6,-1,2,-1
2016921600108,1,9,0,18,0,2,0,0,7,0,4,1,6,1,22,5,1200,1,1,-1,3,-1
2016921600108,2,9,0,18,0,2,0,11,7,11,1,1,6,1,41,7,1685,2,2,-1,1,-1
2016921600110,1,9,0,14,0,0,1,0,0,0,3,1,6,2,44,7,1242,1,4,-1,1,-1
2016921600110,2,9,0,18,0,0,1,0,1,0,3,1,6,1,19,4,2143,2,1,-1,3,-1
2016921600110,3,9,0,18,0,0,0,0,0,0,1,1,6,2,53,8,1242,1,4,-1,3,-1
2016921600112,1,9,0,18,0,0,0,0,0,0,3,1,6,2,63,9,1240,1,9,-1,3,-1
2016921600112,2,21,1,18,0,0,0,0,0,0,1,1,1,1,63,9,10837,2,4,-1,3,-1
2016921600116,1,9,0,17,0,0,5,0,1,11,1,1,6,1,20,4,1984,1,-1,-1,3,-1
2016921600117,1,1,0,18,0,8,0,0,0,0,2,1,6,1,22,5,-1,-1,-1,-1,1,-1
2016921600117,2,9,0,9,0,8,0,0,0,0,1,1,6,3,-1,-1,-1,-1,-1,-1,-1,-1
2016921600120,1,9,0,13,0,0,0,0,0,0,3,1,2,1,63,9,-1,-1,-1,-1,2,-1
2016921600120,2,9,0,18,0,0,1,0,1,9,4,1,2,2,47,8,1598,1,12,-1,-1,-1
2016921600121,1,9,0,18,0,8,0,0,0,0,4,1,2,2,48,8,998,1,3,-1,3,-1
2016921600121,2,9,0,18,0,8,0,0,0,0,1,1,2,2,44,7,1398,2,3,-1,3,-1
2016921600123,1,9,0,18,0,0,1,0,7,11,1,1,6,2,23,5,1242,1,2,-1,3,-1
2016921600125,1,9,0,18,0,2,0,0,0,0,1,1,2,1,43,7,-1,-1,-1,-1,1,-1
2016921600130,1,19,0,5,0,6,0,0,0,0,1,1,6,1,54,8,1868,2,11,-1,3,-1
2016921600130,2,19,0,18,0,8,0,0,0,0,1,1,6,1,47,8,1461,2,6,-1,3,-1
2016921600132,1,9,0,18,0,1,1,0,1,1,1,1,6,2,21,5,1598,2,1,-1,3,-1
2016921600135,1,9,0,18,0,1,0,0,0,0,1,1,6,1,48,8,1598,1,13,-1,1,-1
2016921600136,1,9,0,16,0,1,0,0,0,0,1,1,6,2,61,9,1496,2,1,-1,3,-1
2016921600136,2,9,0,9,0,6,0,0,6,0,3,1,6,1,87,11,1248,1,1,-1,1,-1
2016921600137,1,9,0,18,0,1,0,0,1,0,1,1,6,1,47,8,1896,2,12,-1,3,-1
2016921600137,2,9,0,18,0,1,0,0,0,0,1,1,6,2,36,7,999,1,-1,-1,3,-1
2016921600137,3,9,0,10,0,1,0,0,1,0,2,1,6,1,40,7,1968,2,5,-1,3,-1
2016921600138,1,19,0,17,0,0,5,0,1,0,0,1,6,1,25,5,1896,2,18,-1,-1,-1
2016921600140,1,9,0,17,0,0,1,0,7,0,3,1,6,2,31,6,1360,1,10,-1,1,-1
2016921600140,2,9,0,16,0,0,0,0,7,0,3,1,1,1,45,7,1968,2,3,-1,1,-1
2016921600140,3,9,0,16,0,0,0,0,1,0,1,1,1,1,46,8,-1,-1,-1,2,1,2
2016921600141,1,9,0,18,0,0,1,0,0,0,1,1,6,2,45,7,1598,1,10,-1,3,-1
2016921600141,2,9,0,18,0,0,1,0,1,0,1,1,6,1,38,7,-1,-1,-1,-1,3,-1
2016921600142,1,9,0,18,8,0,2,0,7,0,0,1,1,1,37,7,-1,-1,-1,-1,1,-1
2016921600143,1,9,0,13,0,0,1,0,1,0,4,1,2,1,24,5,1590,1,24,-1,2,-1
2016921600143,2,17,4,18,0,0,0,0,0,0,3,1,1,1,60,9,-1,2,8,-1,3,-1
2016921600144,1,9,0,18,0,0,1,0,8,11,1,1,2,1,39,7,-1,-1,-1,-1,1,-1
2016921600147,1,9,0,18,0,0,5,0,1,0,4,1,2,2,21,5,1242,1,2,-1,3,-1
2016921600148,1,19,0,7,0,2,0,0,0,0,4,1,6,1,74,10,1995,2,4,-1,3,-1
2016921600152,1,9,0,18,0,0,0,0,0,0,1,1,1,2,55,8,2987,2,3,-1,1,-1
2016921600153,1,8,0,6,0,0,0,0,0,0,3,1,1,1,53,8,1560,2,5,-1,1,-1
2016921600153,2,1,0,18,0,0,0,0,0,0,4,1,6,1,38,7,-1,-1,-1,-1,1,-1
2016921600154,1,9,0,16,0,0,0,0,0,0,3,1,2,2,46,8,2231,2,1,-1,3,-1
2016921600154,2,98,2,17,0,0,0,0,0,0,3,1,6,3,-1,-1,-1,-1,-1,-1,-1,-1
2016921600155,1,9,0,9,0,6,0,0,4,0,3,1,2,2,20,4,1968,2,1,-1,3,-1
2016921600155,2,9,0,18,0,8,0,0,4,0,1,1,2,1,36,7,1388,1,13,-1,1,-1
2016921600160,1,9,0,16,0,0,0,0,1,0,3,1,6,1,68,10,1560,2,5,-1,1,-1
2016921600160,2,9,0,17,0,0,0,0,1,0,3,1,2,2,22,5,1229,1,11,-1,1,-1
2016921600163,1,9,0,18,0,0,0,0,0,0,1,1,6,1,19,4,1229,1,2,-1,-1,-1
2016921600167,1,9,0,4,0,0,1,0,7,11,1,1,2,2,23,5,1598,2,2,-1,3,-1
2016921600174,1,9,0,17,0,0,1,0,0,0,0,1,6,2,31,6,1753,2,9,-1,3,-1
2016921600174,2,9,0,16,0,0,0,0,0,0,2,1,1,1,59,9,-1,-1,-1,-1,2,-1
2016921600174,3,9,0,16,0,0,0,0,0,0,0,1,6,2,53,8,1461,2,5,-1,1,-1
2016921600177,1,9,0,16,0,0,2,0,1,10,2,1,6,1,26,6,1850,1,16,-1,3,-1
2016921600179,1,1,0,18,9,1,1,0,7,0,1,1,1,1,43,7,-1,-1,-1,-1,-1,-1
2016921600180,1,11,0,9,0,5,0,0,0,0,3,1,1,1,24,5,-1,3,2,-1,1,-1
2016921600182,1,9,0,9,0,6,0,0,0,0,3,1,6,1,62,9,2143,2,1,5,1,5
2016921600182,2,9,0,18,0,1,0,0,0,0,1,1,1,1,40,7,1390,1,6,-1,1,-1
2016921600184,1,9,0,18,0,3,0,0,0,0,1,1,6,2,45,7,1896,2,13,-1,1,-1
2016921600185,1,9,0,16,0,0,1,10,7,11,4,1,6,1,19,4,1398,1,5,-1,1,-1
2016921600186,1,9,0,18,0,0,0,0,2,0,4,1,6,2,20,4,1229,1,2,-1,3,-1
2016921600187,1,9,0,5,0,0,0,0,0,0,1,1,6,2,47,8,1796,1,13,-1,1,-1
2016921600187,2,9,0,18,0,0,0,0,0,0,1,1,6,2,60,9,1242,1,5,-1,1,-1
2016921600188,1,19,0,18,0,0,2,0,7,11,1,2,1,1,54,8,2198,2,8,-1,1,-1
2016921600189,1,17,0,9,0,5,0,0,0,0,3,2,1,1,71,10,-1,-1,-1,-1,3,-1
2016921600189,2,19,0,13,0,8,0,0,7,11,4,1,1,1,57,9,-1,-1,-1,-1,3,-1
2016921600190,1,9,0,18,0,0,2,0,1,11,1,1,2,2,18,4,1364,2,12,-1,3,-1
2016921600194,1,9,0,16,0,0,2,0,8,11,1,1,6,1,50,8,1968,2,12,-1,3,-1
2016921600195,1,9,0,7,9,6,0,0,0,0,0,1,6,1,18,4,1390,1,13,-1,1,-1
2016921600196,1,9,0,13,0,0,0,0,0,0,1,1,6,1,18,4,998,1,1,-1,2,-1
2016921600196,2,9,0,18,0,0,0,0,0,0,1,1,2,2,27,6,1595,2,6,-1,3,-1
2016921600201,1,9,0,1,6,0,0,0,0,0,0,1,6,1,21,5,-1,-1,-1,-1,-1,-1
2016921600202,1,9,0,16,0,0,5,0,7,11,1,1,1,2,53,8,1339,1,7,-1,1,-1
2016921600204,1,9,0,17,0,0,0,0,1,3,1,1,6,1,29,6,1229,1,2,-1,3,-1
2016921600205,1,9,0,1,8,6,0,0,0,0,2,2,6,1,46,8,-1,-1,-1,2,1,2
2016921600206,1,9,0,17,0,0,2,0,7,11,0,1,6,1,25,5,1997,2,16,-1,1,-1
2016921600208,1,9,0,18,0,1,1,0,0,0,1,1,2,1,46,8,-1,-1,-1,-1,1,-1
2016921600208,2,9,0,18,0,1,0,0,1,11,3,1,6,2,66,10,1242,1,11,-1,3,-1
2016921600211,1,9,0,16,0,0,5,0,8,11,1,1,6,2,25,5,998,1,7,-1,3,-1
2016921600212,1,9,0,9,0,8,0,0,0,0,1,1,2,1,29,6,1390,1,5,-1,1,-1
2016921600212,2,3,0,18,0,8,0,0,0,0,1,1,2,1,31,6,125,1,4,-1,1,-1
2016921600216,1,9,0,16,0,0,2,0,7,10,4,1,2,1,26,6,1124,1,13,-1,3,-1
2016921600218,1,9,0,18,0,8,1,0,0,0,1,1,6,2,25,5,1124,1,14,-1,-1,-1
2016921600218,2,9,0,18,0,8,0,0,0,0,2,1,6,2,34,6,1896,2,8,-1,-1,-1
2016921600220,1,9,0,16,0,0,1,0,8,0,1,1,2,2,18,4,1229,1,4,-1,2,-1
2016921600220,2,19,0,17,0,0,1,0,8,11,1,1,2,1,50,8,2800,2,14,-1,-1,-1
2016921600222,1,9,0,18,0,0,2,0,1,0,1,1,1,1,42,7,1560,2,6,-1,3,-1
2016921600228,1,9,0,18,0,0,1,0,1,0,3,1,2,1,68,10,-1,-1,-1,-1,1,-1
2016921600228,2,9,0,18,0,0,1,0,1,0,1,1,6,1,57,9,2987,2,6,-1,3,-1
2016921600235,1,19,0,7,0,6,1,0,7,11,3,1,1,1,34,6,1248,2,2,-1,2,-1
2016921600235,2,9,0,18,0,2,1,0,7,0,1,1,6,2,18,4,2835,2,17,-1,-1,-1
2016921600236,1,5,0,13,0,0,2,10,5,0,3,1,6,1,51,8,1050,1,4,-1,3,-1
2016921600236,2,9,0,18,0,0,0,0,0,0,0,1,1,1,30,6,1685,2,1,-1,1,-1
2016921600240,1,9,0,5,0,4,0,0,0,0,4,1,2,1,42,7,1988,1,12,-1,1,-1
2016921600243,1,9,0,5,0,6,0,0,0,0,3,1,6,2,52,8,1997,1,5,-1,1,-1
2016921600243,2,19,0,18,0,8,1,0,1,0,1,1,2,1,33,6,1560,2,1,-1,3,-1
2016921600246,1,20,0,5,0,6,0,0,0,0,1,1,1,1,56,9,3920,2,4,-1,1,-1
2016921600246,2,9,0,18,0,1,0,10,1,0,3,1,6,2,60,9,1999,1,5,-1,3,-1
2016921600248,1,9,4,18,0,8,0,0,1,11,3,1,6,1,71,10,-1,-1,-1,-1,3,-1
2016921600248,2,9,0,18,0,8,0,0,0,0,1,1,1,1,56,9,-1,-1,-1,-1,-1,-1
2016921600251,1,9,0,16,0,0,1,0,7,0,1,1,6,1,46,8,1598,1,12,-1,3,-1
2016921600252,1,9,0,17,0,0,0,0,1,0,1,1,6,2,25,5,1390,1,2,-1,1,-1
2016921600254,1,9,0,14,0,1,0,0,0,0,1,1,6,1,24,5,1248,2,4,-1,3,-1
2016921600254,2,9,0,18,0,1,0,0,0,0,1,2,6,1,29,6,-1,-1,-1,-1,-1,-1
2016921600256,1,9,0,18,0,0,0,0,0,0,1,1,1,1,28,6,1398,1,-1,-1,1,-1
2016921600256,2,9,0,18,0,0,0,0,1,0,1,1,6,2,34,6,1461,2,5,-1,3,-1
2016921600259,1,9,0,16,0,0,1,0,1,6,1,1,6,1,28,6,1781,1,14,-1,3,-1