Accident_Index,Vehicle_Reference,Vehicle_Type,Towing_and_Articulation,Vehicle_Manoeuvre,Vehicle_Location-Restricted_Lane,Junction_Location,Skidding_and_Overturning,Hit_Object_in_Carriageway,Vehicle_Leaving_Carriageway,Hit_Object_off_Carriageway,1st_Point_of_Impact,Was_Vehicle_Left_Hand_Drive?,Journey_Purpose_of_Driver,Sex_of_Driver,Age_of_Driver,Age_Band_of_Driver,Engine_Capacity_(CC),Propulsion_Code,Age_of_Vehicle,Driver_IMD_Decile,Driver_Home_Area_Type,Vehicle_IMD_Decile
2016921600260,1,9,0,18,0,0,1,0,2,1,1,1,6,1,18,4,1229,1,6,-1,2,-1
2016921600261,1,9,0,14,0,1,0,0,0,0,3,1,1,2,30,6,1248,2,2,-1,1,-1
2016921600261,2,9,0,18,0,1,0,0,0,0,1,1,6,2,61,9,1596,1,3,-1,1,-1
2016921600263,1,19,0,9,2,8,0,0,0,0,4,1,6,1,42,7,2402,2,9,-1,1,-1
2016921600263,2,9,0,18,2,1,0,0,0,0,1,1,6,1,28,6,1781,1,14,-1,1,-1
2016921600265,1,9,0,17,0,0,1,0,1,3,4,1,6,1,37,7,2495,2,13,-1,3,-1
2016921600267,1,9,0,2,0,0,0,0,0,0,1,1,6,2,34,6,998,1,2,-1,1,-1
2016921600267,2,9,0,18,0,0,0,4,0,0,1,1,6,1,26,6,1968,2,13,-1,1,-1
2016921600267,3,9,0,3,0,0,0,0,0,0,3,1,2,2,51,8,1686,2,13,-1,1,-1
2016921600267,4,9,0,2,0,0,0,0,0,0,2,1,6,3,20,4,1968,2,2,-1,-1,-1
2016921600269,1,9,0,18,0,0,2,0,0,0,4,1,6,1,17,4,1461,2,3,-1,3,-1
2016921600270,1,11,0,3,0,1,0,0,0,0,0,1,1,1,51,8,7300,2,11,-1,1,-1
2016921600273,1,9,0,18,0,2,0,0,3,10,1,1,6,1,29,6,4163,1,3,-1,2,-1
2016921600276,1,1,0,18,9,0,0,0,0,0,0,1,6,1,35,6,-1,-1,-1,-1,-1,-1
2016921600279,1,9,0,17,0,8,1,0,0,0,4,1,6,1,19,4,1587,1,12,-1,1,-1
2016921600279,2,9,0,16,0,8,0,0,1,0,1,1,6,1,23,5,1598,1,15,-1,1,-1
2016921600280,1,9,0,3,0,2,0,0,0,0,1,1,6,1,20,4,1299,1,12,-1,1,-1
2016921600280,2,9,0,18,0,1,0,0,0,0,1,1,6,1,40,7,2996,1,11,-1,1,-1
2016921600284,1,5,0,14,0,0,1,0,7,0,1,1,6,1,46,8,937,1,22,-1,1,-1
2016921600284,2,9,0,14,0,0,0,0,0,0,4,1,6,2,24,5,998,1,1,-1,3,-1
2016921600287,1,9,0,4,0,3,0,0,0,0,4,1,6,1,31,6,1968,2,2,-1,3,-1
2016921600287,2,1,0,4,0,1,0,0,0,0,1,1,6,1,41,7,-1,-1,-1,-1,3,-1
2016921600288,1,9,0,16,0,0,2,0,7,4,1,1,6,1,24,5,1149,1,12,-1,-1,-1
2016921600289,1,9,0,18,0,0,5,0,1,11,1,1,6,1,19,4,1364,1,10,-1,3,-1
2016921600290,1,4,0,4,0,1,1,0,0,0,2,1,6,1,17,4,125,1,-1,-1,3,-1
2016921600290,2,19,0,9,0,1,0,0,0,0,2,1,1,1,57,9,2402,2,6,-1,3,-1
2016921600294,1,9,0,16,0,0,0,0,1,11,1,1,6,2,19,4,1390,1,3,-1,3,-1
2016921600294,2,9,0,17,0,0,0,0,1,11,1,2,1,2,46,8,1951,2,13,-1,3,-1
2016921600296,1,9,0,18,0,0,0,0,0,0,4,1,2,2,44,7,1968,2,4,-1,1,-1
2016921600297,1,9,0,9,0,5,0,0,0,0,4,1,6,1,48,8,1597,1,16,-1,1,-1
2016921600297,2,1,0,18,0,8,0,0,0,0,1,1,2,1,25,5,-1,-1,-1,-1,1,-1
2016921600299,1,1,0,18,0,0,0,0,1,0,1,1,6,1,16,4,-1,-1,-1,-1,3,-1
2016921600299,2,9,0,16,0,0,0,0,0,0,1,1,6,1,26,6,1395,1,1,-1,-1,-1
2016921600304,1,9,0,18,0,1,0,0,7,0,4,1,2,1,36,7,1587,1,14,-1,2,-1
2016921600304,2,9,0,18,0,2,0,0,1,0,1,1,6,1,55,8,1910,2,8,-1,2,-1
2016921600305,1,9,0,9,0,6,0,0,0,0,1,1,6,2,26,6,1390,1,1,-1,-1,-1
2016921600305,2,9,0,18,0,1,0,0,8,11,1,1,6,1,53,8,1997,2,-1,-1,1,-1
2016921600306,1,9,0,5,0,6,0,0,0,0,1,1,6,2,31,6,1248,1,7,-1,2,-1
2016921600306,2,9,0,18,0,8,0,0,0,0,4,1,6,1,33,6,1998,1,7,-1,1,-1
2016921600310,1,9,0,7,0,1,1,0,1,0,2,1,6,2,50,8,1396,1,16,-1,1,-1
2016921600310,2,9,0,18,0,1,1,0,0,0,1,1,6,2,25,5,-1,-1,-1,-1,3,-1
2016921600312,1,9,0,9,0,0,1,0,1,11,1,1,6,1,20,4,1560,2,1,-1,3,-1
2016921600314,1,19,0,18,0,0,0,0,0,0,1,1,6,1,23,5,2287,2,3,-1,3,-1
2016921600314,2,9,0,18,0,0,0,0,0,0,1,1,6,1,22,5,1686,2,12,-1,3,-1
2016921600316,1,9,0,18,0,8,0,0,0,0,1,1,6,2,51,8,1248,1,6,-1,3,-1
2016921600316,2,9,0,18,0,8,0,0,2,11,3,1,6,1,52,8,1586,1,7,-1,1,-1
2016921600317,1,9,4,5,0,6,0,0,0,0,4,1,6,1,81,11,1998,1,10,-1,2,-1
2016921600317,2,9,0,15,0,1,0,0,0,0,1,1,1,1,25,5,-1,-1,-1,-1,2,-1
2016921600319,1,9,0,5,0,1,0,0,0,0,4,1,6,2,45,7,1796,1,6,-1,2,-1
2016921600319,2,5,0,18,0,1,0,0,1,4,1,1,2,1,40,7,649,1,2,-1,3,-1
2016921600322,1,11,0,5,0,1,0,0,0,0,3,1,2,2,41,7,-1,-1,-1,-1,2,-1
2016921600322,2,21,0,18,0,1,0,0,0,0,1,1,1,1,44,7,12900,2,3,-1,3,-1
2016921600323,1,19,0,9,0,3,0,0,0,0,4,1,1,1,45,7,-1,-1,-1,-1,1,-1
2016921600323,2,1,0,18,0,4,0,0,0,0,3,1,2,1,51,8,-1,-1,-1,-1,1,-1
2016921600325,1,5,0,18,0,1,0,0,0,0,4,1,6,1,61,9,1157,1,9,-1,1,-1
2016921600325,2,9,0,7,0,5,0,0,0,0,2,1,6,1,31,6,1200,1,-1,-1,-1,-1
2016921600326,1,9,0,17,6,0,1,0,2,11,1,1,6,2,24,5,1598,1,2,-1,3,-1
2016921600330,1,9,0,18,0,1,0,0,0,0,1,1,6,2,64,9,1364,1,2,-1,3,-1
2016921600330,2,9,0,10,0,1,0,0,0,0,4,1,6,1,58,9,-1,-1,-1,-1,-1,-1
2016921600333,1,9,0,18,0,8,0,0,0,0,1,1,6,1,24,5,1998,1,18,-1,1,-1
2016921600333,2,9,0,10,0,1,0,0,0,0,1,1,6,2,84,11,1248,1,5,-1,1,-1
2016921600333,3,9,0,18,0,8,0,0,0,0,3,1,6,2,45,7,1600,1,5,-1,1,-1
2016921600335,1,9,0,18,0,0,5,0,1,0,1,1,6,1,33,6,-1,-1,-1,-1,3,-1
2016921600336,1,9,0,16,0,0,0,0,7,0,4,1,6,2,50,8,1399,2,6,-1,3,-1
2016921600336,2,9,0,17,0,0,0,0,0,0,1,1,6,2,66,10,1598,2,6,-1,3,-1
2016921600338,1,9,0,13,0,1,0,0,7,0,4,1,6,1,42,7,1248,2,1,-1,3,-1
2016921600338,2,9,0,9,0,5,0,0,7,0,3,1,6,2,24,5,2000,2,11,-1,3,-1
2016921600339,1,9,0,18,0,0,0,0,0,0,0,1,6,1,32,6,-1,-1,-1,-1,3,-1
2016921600339,2,9,0,18,0,0,0,0,0,0,1,1,6,1,64,9,-1,-1,-1,-1,3,-1
2016921600341,1,9,0,12,0,0,0,0,0,0,1,1,6,2,34,6,1299,1,8,-1,3,-1
2016921600341,2,9,0,18,0,0,0,0,0,0,1,1,1,1,52,8,1997,2,3,-1,1,-1
2016921600342,1,9,0,3,0,1,0,0,0,0,2,1,6,1,56,9,1968,2,5,-1,1,-1
2016921600342,2,9,0,18,0,1,0,0,0,0,1,1,6,1,40,7,1797,8,5,-1,1,-1
2016921600345,1,21,0,12,0,1,0,0,0,0,3,1,1,1,54,8,11705,2,10,-1,1,-1
2016921600345,2,9,0,13,0,1,1,0,0,0,4,1,6,1,31,6,1968,2,-1,-1,1,-1
2016921600349,1,9,0,18,0,0,0,0,0,0,1,1,6,1,73,10,1796,1,12,-1,-1,-1
2016921600349,2,21,1,18,0,0,0,0,0,0,3,1,2,1,56,9,11705,2,9,-1,3,-1
2016921600350,1,11,0,18,0,1,0,0,0,0,1,1,1,1,31,6,6696,2,3,-1,1,-1
2016921600351,1,9,0,18,0,0,1,0,0,0,1,1,6,2,37,7,-1,-1,-1,-1,1,-1
2016921600351,2,9,0,18,8,0,1,0,0,0,4,1,6,1,80,11,1560,2,3,-1,1,-1
2016921600352,1,9,0,18,0,0,0,0,0,0,0,1,2,2,43,7,1364,1,12,-1,1,-1
2016921600353,1,9,0,9,0,1,0,0,3,0,4,1,6,2,18,4,1364,2,11,-1,3,-1
2016921600353,2,9,0,18,0,2,1,0,1,0,1,1,1,1,47,8,-1,-1,-1,-1,3,-1
2016921600358,1,9,0,17,0,0,2,0,1,11,1,1,2,2,28,6,1149,1,10,-1,3,-1
2016921600359,1,11,0,4,0,0,0,0,0,0,1,1,1,1,31,6,4500,2,4,-1,1,-1
2016921600360,1,9,0,9,0,8,0,0,7,11,3,1,1,2,53,8,1796,1,11,-1,3,-1
2016921600360,2,19,0,13,0,1,0,0,7,11,1,1,1,1,37,7,2198,2,3,-1,1,-1
2016921600361,1,9,4,7,2,5,0,0,0,0,4,1,6,1,61,9,-1,-1,-1,-1,3,-1
2016921600361,2,1,0,18,2,1,0,0,0,0,4,1,2,2,22,5,-1,-1,-1,-1,1,-1
2016921600364,1,5,0,18,0,0,0,0,0,0,1,1,2,1,24,5,847,1,2,-1,-1,-1
2016921600366,1,1,0,18,0,0,0,0,0,0,0,1,6,1,45,7,-1,-1,-1,-1,2,-1
2016921600366,2,9,0,15,0,0,0,0,0,0,4,1,6,2,53,8,1596,1,11,-1,3,-1
2016921600368,1,9,0,16,0,1,0,0,0,0,1,1,1,1,21,5,1968,2,-1,-1,3,-1
2016921600368,2,9,0,9,0,6,0,0,0,0,2,1,1,1,31,6,1951,2,13,-1,3,-1
2016921600370,1,9,0,18,0,1,0,0,0,0,1,1,6,1,54,8,1364,1,8,-1,1,-1
2016921600370,2,9,0,3,0,1,0,0,0,0,2,1,6,2,30,6,1390,1,2,-1,1,-1
2016921600370,3,9,0,3,0,1,0,0,0,0,2,1,6,1,43,7,1796,1,5,-1,1,-1
2016921600372,1,9,0,10,0,1,0,0,0,0,3,1,2,1,21,5,1995,1,14,-1,1,-1
2016921600374,1,9,0,18,0,1,0,0,0,0,1,1,6,1,68,10,1956,2,5,-1,1,-1
2016921600378,1,9,0,18,0,1,0,0,0,0,1,1,6,2,31,6,1998,1,6,-1,1,-1
2016921600378,2,9,0,4,0,1,0,0,0,0,2,1,6,1,26,6,2179,2,1,-1,1,-1
2016921600379,1,9,0,7,0,6,0,4,1,10,1,2,6,1,83,11,1598,1,1,-1,2,-1
2016921600379,2,9,0,2,0,1,0,0,0,0,0,2,6,1,69,10,1598,2,5,-1,3,-1
2016921600380,1,21,0,18,0,0,0,0,0,0,1,1,1,1,28,6,6693,2,3,-1,2,-1
2016921600380,2,21,0,2,6,0,0,0,0,0,2,1,1,1,41,7,11705,2,9,-1,1,-1
2016921600380,3,21,1,2,6,0,0,0,0,0,2,1,1,1,40,7,12740,2,-1,-1,1,-1
2016921600383,1,5,0,13,0,0,0,0,0,0,3,1,6,1,31,6,675,1,5,-1,3,-1
2016921600383,2,9,0,18,0,0,0,0,0,0,3,1,4,2,73,10,1242,1,4,-1,1,-1
2016921600384,1,9,0,18,0,1,0,0,0,0,4,1,2,1,28,6,2993,2,7,-1,1,-1
2016921600384,2,9,0,18,0,1,0,0,0,0,2,1,2,1,45,7,1364,1,2,-1,3,-1
2016921600386,1,9,0,16,0,0,5,0,0,0,1,1,6,1,36,7,1905,1,23,-1,3,-1
2016921600387,1,9,0,16,0,0,5,0,1,4,4,1,6,1,24,5,2000,1,16,-1,3,-1
2016921600391,1,9,0,5,0,0,0,0,0,0,2,1,6,2,19,4,1598,2,4,-1,3,-1
2016921600391,2,9,0,18,0,0,0,0,0,0,1,1,6,1,35,6,1968,2,8,-1,3,-1
2016921600393,1,9,0,18,0,0,1,0,7,3,1,1,2,2,39,7,1910,2,9,-1,3,-1
2016921600394,1,21,0,17,0,0,0,0,0,0,0,1,6,3,30,6,-1,-1,-1,-1,-1,-1
2016921600394,2,16,0,-1,0,0,0,0,0,0,-1,1,6,2,30,6,-1,-1,-1,-1,3,-1
2016921600395,1,9,0,16,0,0,1,0,7,11,1,1,2,2,33,6,1796,1,12,-1,2,-1
2016921600397,1,9,0,18,0,0,0,0,1,11,1,1,6,1,75,10,1364,2,5,-1,-1,-1
2016921600397,2,9,0,18,0,0,1,0,0,0,1,1,1,1,28,6,1388,1,13,-1,1,-1
2016921600398,1,9,0,18,0,8,0,0,0,0,1,1,2,1,23,5,1896,2,14,-1,3,-1
2016921600398,2,9,0,9,0,5,0,0,0,0,3,1,2,1,25,5,1560,2,1,-1,3,-1
2016921600398,3,9,0,3,0,1,0,0,0,0,1,1,6,1,24,5,1399,2,9,-1,1,-1
2016921600400,1,5,0,9,0,8,1,0,0,0,0,1,6,2,30,6,1000,1,1,-1,1,-1
2016921600402,1,21,0,18,0,0,5,0,1,0,4,1,1,1,58,9,10837,2,1,-1,2,-1
2016921600403,1,9,0,6,0,1,0,0,0,0,1,1,6,2,56,9,1560,2,3,-1,1,-1
2016921600404,1,9,0,13,0,0,0,0,0,0,3,1,6,2,55,8,1596,1,10,-1,2,-1
2016921600404,2,9,0,18,0,0,1,0,1,0,3,1,6,2,38,7,1968,2,2,-1,3,-1
2016921600405,1,9,0,9,0,5,1,0,0,0,1,1,6,1,36,7,1598,2,4,-1,3,-1
2016921600405,2,9,0,18,0,1,0,0,0,0,1,1,6,2,53,8,1229,1,5,-1,3,-1
2016921600405,3,9,0,8,0,6,0,0,0,0,3,1,1,2,85,11,999,1,2,-1,3,-1
2016921600406,1,9,0,3,7,7,0,0,0,0,2,1,6,2,43,7,1968,2,1,-1,2,-1
2016921600406,2,9,0,17,6,2,0,0,0,0,1,1,6,1,19,4,1596,1,13,-1,3,-1
2016921600407,1,9,0,18,0,0,2,0,1,0,3,1,6,1,17,4,1229,1,11,-1,1,-1
2016921600408,1,5,0,18,0,8,2,0,0,0,3,1,6,1,23,5,599,1,5,-1,1,-1
2016921600410,1,9,0,18,0,0,0,0,0,0,1,1,2,1,30,6,1560,2,5,-1,1,-1
2016921600410,2,1,0,18,0,0,0,0,0,0,1,1,6,2,7,2,-1,-1,-1,-1,1,-1
2016921600411,1,9,0,16,0,8,0,0,7,9,1,1,6,2,27,6,1560,2,3,-1,3,-1
2016921600412,1,11,0,2,2,2,0,0,0,0,0,1,6,1,55,8,7300,2,8,-1,-1,-1
2016921600420,1,9,0,16,0,0,0,11,1,10,4,1,6,1,17,4,1596,1,6,-1,3,-1
2016921600422,1,9,0,4,0,1,0,0,0,0,2,1,1,1,51,8,1598,2,5,-1,-1,-1
2016921600422,2,9,0,4,0,1,0,0,0,0,1,1,1,1,37,7,2000,1,18,-1,1,-1
2016921600423,1,9,0,9,0,6,0,0,0,0,3,1,6,2,35,6,1598,1,11,-1,-1,-1
2016921600423,2,9,0,18,0,6,0,0,0,0,3,1,6,2,70,10,1753,2,15,-1,-1,-1
2016921600427,1,5,0,15,8,0,0,10,1,0,1,1,6,1,22,5,999,1,11,-1,3,-1
2016921600427,2,9,0,15,0,0,0,0,7,0,0,1,6,2,20,4,1242,1,3,-1,3,-1
2016921600428,1,9,0,18,0,1,0,0,0,0,4,1,6,2,19,4,1390,1,5,-1,-1,-1
2016921600429,1,9,0,5,0,1,0,0,0,0,3,1,2,1,25,5,1984,2,5,-1,3,-1
2016921600429,2,9,0,16,0,1,1,0,0,0,1,1,6,2,50,8,999,1,2,-1,3,-1
2016921600430,1,9,0,18,0,0,0,4,0,0,1,1,6,2,38,7,1984,1,10,-1,3,-1
2016921600430,2,9,0,2,0,0,0,0,0,0,2,1,6,1,64,9,998,1,1,8,1,8
2016921600431,1,9,0,16,0,0,2,0,2,0,3,1,1,1,24,5,1149,1,11,-1,1,-1
2016921600432,1,21,0,5,0,4,0,0,0,0,1,1,1,1,55,8,9186,2,3,-1,3,-1
2016921600432,2,5,0,18,0,8,5,0,0,0,4,1,6,2,42,7,955,1,12,-1,1,-1
2016921600434,1,9,0,18,0,3,0,0,7,2,1,1,6,1,49,8,1783,1,16,-1,3,-1
2016921600435,1,2,0,18,0,0,0,0,0,0,3,1,1,1,19,4,108,1,1,-1,1,-1
2016921600437,1,1,0,18,0,8,5,0,0,0,3,1,6,1,60,9,-1,-1,-1,-1,1,-1
2016921600437,2,9,0,7,0,6,0,0,0,0,1,1,6,2,53,8,1596,1,12,-1,3,-1
2016921600438,1,9,0,5,0,8,0,0,0,0,4,1,1,1,35,6,1200,1,1,-1,2,-1
2016921600442,1,9,0,9,0,1,0,0,0,0,4,1,6,2,44,7,1598,1,4,-1,2,-1
2016921600442,2,9,0,4,0,1,2,0,0,0,1,1,6,2,37,7,1149,1,6,-1,3,-1
2016921600442,3,9,0,18,0,1,1,0,0,0,1,1,6,1,29,6,1686,2,14,-1,1,-1
2016921600442,4,20,1,10,0,1,0,0,0,0,1,1,1,1,55,8,-1,-1,-1,-1,3,-1
2016921600444,1,9,0,18,0,0,0,11,0,0,2,1,2,1,50,8,1398,1,1,-1,-1,-1
2016921600444,2,1,0,18,0,0,0,0,0,0,0,1,6,1,50,8,-1,-1,-1,-1,-1,-1
2016921600446,1,4,0,16,0,0,2,0,7,0,3,1,6,1,50,8,1135,1,30,-1,-1,-1
2016921600446,2,9,0,16,0,0,0,0,0,0,3,1,6,1,50,8,2498,1,42,-1,-1,-1
2016921600447,1,9,0,17,0,0,2,0,8,4,1,1,6,1,18,4,1229,1,5,-1,3,-1
2016921600448,1,19,0,18,0,0,0,0,0,0,1,1,1,1,26,6,2143,2,4,-1,1,-1
2016921600448,2,19,0,18,0,0,0,0,1,0,1,1,1,1,48,8,2198,2,3,-1,1,-1
2016921600449,1,9,0,4,0,0,0,0,0,0,2,1,6,1,48,8,2204,2,8,-1,1,-1
2016921600449,2,9,0,18,0,0,1,0,1,11,1,1,6,1,51,8,1582,2,3,-1,1,-1
2016921600450,1,5,0,18,0,0,2,0,0,0,0,1,6,1,48,8,1050,1,4,-1,3,-1
2016921600451,1,9,0,7,0,6,0,0,0,0,1,1,6,1,42,7,1598,1,7,-1,3,-1
2016921600451,2,19,0,18,0,1,1,7,2,7,3,1,6,1,37,7,2198,2,5,-1,1,-1
2016921600452,1,5,0,13,0,0,1,11,0,0,1,1,6,1,40,7,1050,1,8,-1,3,-1
2016921600452,2,9,0,13,0,0,0,11,0,0,3,1,6,1,28,6,1461,2,6,-1,1,-1
2016921600460,1,9,0,18,0,1,1,0,0,0,1,1,2,1,48,8,1596,1,14,-1,2,-1
2016921600460,2,9,0,9,0,6,0,0,0,0,3,1,2,1,19,4,1560,2,12,-1,3,-1
2016921600462,1,9,0,18,0,1,0,0,0,0,1,1,2,2,58,9,1399,1,6,-1,1,-1
2016921600462,2,9,0,4,0,1,0,0,0,0,2,1,6,2,35,6,1388,1,8,-1,1,-1
2016921600462,3,9,0,2,0,1,0,0,0,0,2,1,6,2,29,6,1398,1,-1,-1,1,-1
2016921600464,1,9,0,17,0,0,0,0,0,0,1,2,6,1,40,7,-1,-1,-1,-1,-1,-1
2016921600464,2,9,0,16,0,0,0,0,0,0,1,1,6,1,69,10,1598,2,-1,1,1,1
2016921600466,1,5,0,18,0,0,0,0,7,9,1,1,6,1,28,6,750,1,5,-1,1,-1
2016921600466,2,5,0,6,0,0,0,0,0,0,1,1,6,1,29,6,998,1,-1,-1,1,-1
2016921600468,1,3,0,17,0,0,1,0,1,0,4,1,6,2,44,7,124,1,6,-1,3,-1
2016921600470,1,8,0,18,0,2,0,0,0,0,1,1,1,1,59,9,1598,2,2,-1,1,-1
2016921600471,1,5,0,18,0,2,1,0,0,0,1,1,6,1,48,8,955,1,17,-1,1,-1
2016921600472,1,5,0,17,0,8,1,0,1,1,1,1,6,1,51,8,1043,1,3,-1,3,-1
2016921600474,1,9,0,18,0,4,0,0,0,0,3,1,2,1,31,6,1956,2,5,-1,1,-1
2016921600474,2,1,0,18,0,4,0,0,0,0,1,1,6,1,52,8,-1,-1,-1,-1,1,-1
2016921600477,1,9,0,18,6,0,1,0,1,4,1,1,6,1,54,8,1596,1,4,-1,3,-1
2016921600478,1,2,0,18,0,0,0,0,0,0,0,1,6,1,18,4,49,1,8,-1,3,-1
2016921600482,1,9,0,18,0,0,1,0,4,6,2,1,1,1,27,6,1461,2,4,-1,3,-1
2016921600482,2,9,0,18,0,0,0,0,0,0,2,1,1,1,62,9,1461,2,5,-1,2,-1
2016921600482,3,9,0,18,0,0,1,0,0,0,2,1,1,1,34,6,1999,1,12,-1,1,-1
2016921600483,1,9,0,5,0,6,1,0,1,0,3,1,6,1,78,11,1339,1,2,-1,3,-1
2016921600483,2,9,0,18,0,8,1,0,1,0,1,1,6,1,55,8,1796,1,10,-1,1,-1
2016921600484,1,9,0,17,0,0,1,6,7,9,3,1,6,2,18,4,1229,1,6,-1,3,-1
2016921600485,1,9,0,18,0,0,0,0,1,4,1,1,6,2,21,5,1332,1,18,-1,3,-1
2016921600488,1,9,0,18,0,2,0,0,1,0,4,1,6,1,55,8,-1,-1,-1,-1,-1,-1
2016921600489,1,19,0,18,0,1,0,10,1,11,4,1,2,1,60,9,2198,2,3,-1,3,-1
2016921600489,2,5,0,18,0,1,0,0,0,0,1,1,2,1,59,9,883,1,15,-1,3,-1
2016921600490,1,5,0,16,0,0,1,0,7,0,1,1,6,1,44,7,-1,-1,-1,-1,-1,-1
2016921600491,1,5,0,18,0,0,1,0,2,4,1,1,6,1,35,6,999,1,6,-1,3,-1
2016921600494,1,5,0,18,0,0,0,0,0,0,2,1,6,1,51,8,1170,1,9,-1,3,-1
2016921600494,2,9,3,18,0,0,2,0,1,0,1,1,6,1,40,7,1968,2,6,-1,3,-1
2016921600495,1,9,0,16,0,0,5,0,1,11,1,1,6,1,20,4,1560,2,4,-1,3,-1
2016921600496,1,9,0,18,9,0,0,4,1,11,1,1,6,1,20,4,1596,1,6,-1,2,-1
2016921600496,2,9,0,2,0,0,0,0,0,0,2,1,6,2,30,6,1242,1,12,-1,2,-1
2016921600496,3,9,0,2,0,0,0,0,0,0,2,1,6,1,61,9,2400,2,3,-1,2,-1
2016921600498,1,3,0,18,0,0,0,0,1,1,1,1,6,1,42,7,124,1,1,-1,1,-1
2016921600500,1,9,0,18,0,0,0,0,1,0,1,1,6,1,25,5,1560,2,2,-1,3,-1
2016921600500,2,9,0,3,0,0,0,0,0,0,2,1,6,2,30,6,1984,1,1,-1,1,-1
2016921600500,3,9,0,3,0,0,0,0,0,0,2,1,6,2,39,7,1598,1,2,-1,1,-1
2016921600500,4,9,0,3,0,0,0,0,0,0,2,1,6,2,50,8,1242,1,7,-1,1,-1
2016921600503,1,1,0,18,0,1,0,0,0,0,1,1,6,1,47,8,-1,-1,-1,-1,1,-1
2016921600503,2,9,0,9,0,1,0,0,0,0,1,1,2,2,23,5,1242,1,1,-1,1,-1
2016921600504,1,11,0,18,0,1,0,0,0,0,0,1,1,1,32,6,4580,2,9,-1,3,-1
2016921600504,2,9,0,18,0,1,0,0,0,0,0,1,6,1,48,8,1896,2,12,-1,-1,-1
2016921600504,3,9,0,7,0,1,0,0,0,0,0,1,6,2,37,7,999,1,-1,-1,-1,-1
2016921600504,4,9,0,18,0,1,0,0,0,0,0,1,6,1,40,7,1968,2,5,-1,3,-1
2016921600505,1,9,0,18,0,8,0,0,0,0,3,1,6,1,45,7,1582,2,3,-1,1,-1
2016921600505,2,5,0,9,0,8,0,0,0,0,1,1,2,1,40,7,599,1,5,-1,1,-1
2016921600506,1,5,0,18,0,0,0,0,0,0,4,1,6,1,29,6,645,1,11,-1,1,-1
2016921600506,2,9,0,18,0,0,0,0,0,0,3,1,6,2,62,9,-1,-1,-1,-1,3,-1
2016921600507,1,9,0,17,0,0,2,0,7,11,1,1,2,1,23,5,2521,1,9,-1,3,-1
2016921600508,1,9,0,10,0,6,0,0,0,0,1,2,6,1,19,4,1598,2,4,-1,1,-1
2016921600508,2,9,0,18,0,1,0,0,0,0,4,2,6,2,46,8,1390,1,2,-1,1,-1
2016921600509,1,19,0,3,0,1,0,0,0,0,0,1,1,1,40,7,-1,-1,-1,-1,-1,-1
2016921600509,2,5,0,18,0,1,0,0,1,0,0,1,6,1,31,6,749,1,14,-1,3,-1
2016921600510,1,5,0,16,0,0,1,12,0,0,1,1,2,1,30,6,599,1,11,-1,3,-1
2016921600511,1,9,0,18,0,2,0,4,0,0,1,1,1,1,27,6,2268,2,2,-1,-1,-1
2016921600511,2,9,0,2,0,2,0,0,0,0,3,1,6,1,31,6,1984,1,9,-1,2,-1
2016921600514,1,9,0,9,0,1,1,0,0,0,3,1,6,2,40,7,1198,1,7,-1,2,-1
2016921600514,2,9,0,13,0,1,1,0,7,11,1,1,6,1,31,6,2967,2,2,-1,3,-1
2016921600515,1,9,0,15,0,0,0,0,0,0,1,1,6,2,42,7,1995,1,7,1,1,1
2016921600515,2,9,0,18,0,0,0,0,0,0,1,1,6,2,50,8,1461,2,2,-1,-1,-1
2016921600520,1,9,0,18,0,0,0,0,0,0,1,1,6,1,20,4,1364,1,1,-1,3,-1
2016921600523,1,19,0,1,0,0,0,0,0,0,2,1,6,1,73,10,1461,2,5,-1,3,-1
2016921600525,1,9,0,18,0,8,0,0,1,0,4,1,6,1,68,10,1560,2,2,-1,1,-1
2016921600525,2,9,0,5,0,6,0,0,0,0,1,1,2,2,25,5,1198,1,1,-1,1,-1
2016921600528,1,1,0,18,9,0,0,0,0,0,1,1,6,1,14,3,-1,-1,-1,-1,-1,-1
2016921600530,1,19,0,18,0,0,0,0,0,0,0,1,1,1,40,7,-1,-1,-1,-1,3,-1
2016921600530,2,1,0,18,0,0,0,0,0,0,0,1,6,1,35,6,-1,-1,-1,-1,1,-1
2016921600531,1,9,0,17,3,0,0,0,7,2,1,1,6,1,32,6,1984,1,6,-1,1,-1
2016921600532,1,9,0,16,0,0,1,0,2,4,4,1,6,1,32,6,2893,1,5,-1,-1,-1
2016921600536,1,9,0,9,0,0,2,0,0,0,1,1,2,2,25,5,1995,2,5,-1,1,-1
2016921600537,1,9,0,9,0,8,0,0,0,0,2,1,1,1,32,6,-1,-1,-1,-1,1,-1
2016921600537,2,9,0,18,0,1,0,0,0,0,1,1,6,1,60,9,1560,2,3,-1,3,-1
2016921600541,1,9,0,16,0,0,2,0,2,9,1,1,6,1,20,4,1596,1,8,-1,3,-1
2016921600542,1,3,0,18,0,1,0,0,0,0,1,1,2,1,22,5,-1,-1,-1,-1,1,-1
2016921600542,2,19,0,5,0,5,0,0,0,0,4,1,1,1,50,8,2402,2,4,-1,2,-1
2016921600543,1,9,0,7,0,6,0,0,0,0,1,1,2,2,49,8,1198,1,6,-1,-1,-1
2016921600543,2,9,0,18,0,1,0,0,0,0,3,1,1,1,45,7,1968,2,4,-1,1,-1