Accident_Index,Vehicle_Reference,Vehicle_Type,Towing_and_Articulation,Vehicle_Manoeuvre,Vehicle_Location-Restricted_Lane,Junction_Location,Skidding_and_Overturning,Hit_Object_in_Carriageway,Vehicle_Leaving_Carriageway,Hit_Object_off_Carriageway,1st_Point_of_Impact,Was_Vehicle_Left_Hand_Drive?,Journey_Purpose_of_Driver,Sex_of_Driver,Age_of_Driver,Age_Band_of_Driver,Engine_Capacity_(CC),Propulsion_Code,Age_of_Vehicle,Driver_IMD_Decile,Driver_Home_Area_Type,Vehicle_IMD_Decile
2016921600819,2,9,0,18,0,0,0,0,0,0,1,1,6,2,24,5,1395,1,2,-1,3,-1
2016921600822,1,8,0,4,0,0,0,0,0,0,0,1,1,1,50,8,-1,-1,-1,-1,1,-1
2016921600826,1,9,0,18,0,0,0,0,0,0,3,1,2,1,37,7,1598,2,3,-1,3,-1
2016921600828,1,19,4,7,0,5,0,0,0,0,1,1,1,1,30,6,2402,2,11,-1,2,-1
2016921600828,2,2,0,15,0,1,5,0,0,0,1,1,6,1,35,6,125,1,2,-1,2,-1
2016921600830,1,9,0,9,0,2,0,0,0,0,3,1,6,1,30,6,1997,2,6,-1,3,-1
2016921600833,1,9,0,17,0,0,0,0,0,0,1,1,2,1,62,9,1598,1,13,-1,1,-1
2016921600833,2,9,0,16,0,0,0,1,0,0,1,1,6,1,18,4,1229,1,7,-1,1,-1
2016921600833,3,9,0,16,0,0,0,7,0,0,4,1,6,1,17,4,1242,1,10,-1,1,-1
2016921600834,1,5,0,18,0,0,1,0,0,0,0,1,6,1,54,8,1157,1,11,-1,1,-1
2016921600834,2,9,0,18,0,0,0,0,0,0,0,1,6,1,56,9,2191,2,1,-1,1,-1
2016921600834,3,9,0,18,0,0,0,0,0,0,2,1,6,2,33,6,1499,2,-1,-1,3,-1
2016921600837,1,9,0,1,0,0,0,0,0,0,2,1,6,1,19,4,1197,1,-1,-1,1,-1
2016921600839,1,9,0,4,0,1,0,0,1,0,1,1,6,2,23,5,1242,1,4,-1,1,-1
2016921600839,2,9,0,7,0,1,0,0,1,0,2,1,6,1,35,6,1598,1,8,-1,1,-1
2016921600841,1,5,0,13,0,1,5,0,1,10,3,1,6,1,29,6,999,1,11,-1,1,-1
2016921600841,2,9,0,16,0,1,0,0,0,0,0,1,6,1,54,8,1896,2,14,-1,3,-1
2016921600842,1,9,0,4,0,1,0,0,0,0,1,1,6,2,28,6,1997,1,8,-1,2,-1
2016921600842,2,9,0,3,0,1,0,0,0,0,2,1,6,2,25,5,1596,1,5,-1,1,-1
2016921600842,3,9,0,3,0,1,0,0,0,0,2,1,6,2,22,5,1395,1,1,-1,1,-1
2016921600842,4,9,0,3,0,1,0,0,0,0,2,1,6,1,25,5,1395,1,-1,-1,3,-1
2016921600844,1,10,0,3,0,0,0,0,0,0,3,1,1,2,57,9,2402,2,7,-1,3,-1
2016921600844,2,90,0,18,0,0,0,0,0,0,3,2,6,1,47,8,-1,1,-1,-1,3,-1
2016921600845,1,9,0,16,0,0,1,0,7,0,1,1,6,2,50,8,1599,1,12,-1,3,-1
2016921600845,2,9,0,17,0,0,0,0,0,0,1,1,6,1,39,7,-1,-1,-1,-1,3,-1
2016921600849,1,5,0,18,0,0,2,0,0,0,1,1,6,1,18,4,599,1,15,-1,1,-1
2016921600853,1,5,0,13,0,0,0,0,0,0,1,1,6,1,43,7,636,1,11,-1,3,-1
2016921600853,2,19,0,18,0,0,0,0,0,0,1,1,1,1,41,7,2402,2,7,-1,3,-1
2016921600857,1,9,0,18,0,0,1,0,0,0,3,1,6,1,47,8,1149,1,12,-1,2,-1
2016921600857,2,5,0,18,0,0,0,0,1,0,1,1,6,1,43,7,124,1,1,-1,2,-1
2016921600858,1,9,0,18,0,0,1,0,7,11,1,1,6,1,20,4,1997,2,8,-1,3,-1
2016921600860,1,9,0,18,0,0,0,0,0,0,1,1,6,1,44,7,1968,2,6,-1,3,-1
2016921600860,2,21,4,16,0,0,2,6,7,11,1,1,1,1,27,6,12900,2,8,-1,2,-1
2016921600862,1,1,0,18,0,0,5,0,0,0,3,1,6,1,52,8,-1,-1,-1,-1,-1,-1
2016921600864,1,9,5,3,0,0,0,0,0,0,1,1,6,1,26,6,-1,-1,-1,-1,1,-1
2016921600864,2,8,4,3,0,0,0,0,0,0,2,1,1,1,51,8,-1,-1,-1,-1,1,-1
2016921600867,1,9,0,18,0,0,0,0,0,0,1,1,1,2,62,9,1598,2,1,-1,3,-1
2016921600868,1,9,0,18,0,0,0,10,7,11,1,1,6,1,38,7,1968,2,3,-1,1,-1
2016921600868,2,9,0,18,0,0,0,0,0,0,0,1,6,1,40,7,5000,1,4,-1,1,-1
2016921600870,1,9,0,9,0,6,0,0,0,0,1,1,1,1,39,7,1598,1,7,-1,3,-1
2016921600870,2,5,0,18,0,8,0,0,0,0,4,1,6,1,54,8,847,1,2,-1,3,-1
2016921600872,1,2,0,17,0,0,5,0,0,0,0,1,6,1,16,4,49,1,11,-1,3,-1
2016921600872,2,5,0,16,0,0,5,0,0,0,0,1,6,1,24,5,-1,-1,-1,-1,-1,-1
2016921600873,1,9,0,18,0,1,0,11,0,0,4,1,6,2,29,6,1598,1,2,-1,1,-1
2016921600874,1,9,0,16,0,0,2,0,7,11,1,1,6,1,19,4,1124,1,12,-1,3,-1
2016921600876,1,9,0,17,0,0,2,0,1,11,1,1,2,1,58,9,1998,2,10,-1,3,-1
2016921600880,1,9,0,5,0,3,0,0,0,0,4,1,6,2,36,7,1686,2,4,-1,1,-1
2016921600880,2,1,0,5,0,3,0,0,0,0,3,1,2,1,52,8,-1,-1,-1,-1,1,-1
2016921600882,1,9,0,18,0,8,0,0,0,0,1,1,6,1,40,7,1995,2,6,-1,1,-1
2016921600882,2,9,0,4,0,2,0,0,0,0,2,1,1,2,51,8,1398,1,5,-1,1,-1
2016921600882,3,19,0,4,0,2,0,0,0,0,2,1,1,1,50,8,2998,2,1,-1,3,-1
2016921600883,1,9,0,9,0,8,0,0,0,0,1,1,2,1,58,9,1997,2,1,-1,1,-1
2016921600884,1,9,0,16,0,0,0,0,0,0,1,1,1,1,51,8,2993,2,4,5,1,5
2016921600884,2,9,0,17,0,0,0,0,0,0,1,1,1,1,37,7,2494,2,4,-1,1,-1
2016921600885,1,9,0,17,0,0,1,0,7,11,1,1,6,2,37,7,1596,1,12,-1,3,-1
2016921600886,1,5,0,18,0,0,2,12,0,0,1,1,2,1,54,8,1137,1,12,-1,3,-1
2016921600887,1,9,0,5,0,3,0,0,0,0,0,1,1,1,26,6,1598,1,4,-1,1,-1
2016921600887,2,1,0,18,0,1,0,0,0,0,3,1,6,1,41,7,-1,-1,-1,-1,1,-1
2016921600889,1,9,0,18,0,0,0,0,0,0,2,1,6,1,40,7,1349,1,6,-1,1,-1
2016921600890,1,9,0,18,0,0,0,0,1,0,3,1,6,1,79,11,1582,2,7,-1,1,-1
2016921600891,1,9,0,18,0,0,0,0,0,0,2,1,2,1,18,4,1998,2,13,-1,1,-1
2016921600891,2,9,0,13,0,0,2,0,7,11,1,1,2,2,19,4,1242,1,4,-1,1,-1
2016921600894,1,9,0,5,0,4,0,0,0,0,1,1,3,1,37,7,1724,1,48,-1,1,-1
2016921600894,2,1,0,3,0,4,0,0,0,0,2,1,6,2,60,9,-1,-1,-1,-1,1,-1
2016921600897,1,9,0,13,0,0,0,0,1,0,3,1,6,1,45,7,1749,1,13,-1,2,-1
2016921600897,2,17,0,18,0,0,0,0,7,0,4,1,1,1,52,8,-1,2,30,-1,3,-1
2016921600898,1,3,0,16,0,0,1,0,7,0,0,1,6,2,24,5,124,1,7,-1,1,-1
2016921600900,1,9,0,18,0,2,0,0,0,0,2,1,6,1,56,9,1149,1,13,-1,1,-1
2016921600900,2,9,0,18,0,2,0,0,0,0,2,1,6,1,27,6,-1,-1,-1,-1,1,-1
2016921600900,3,9,0,18,0,2,0,0,0,0,1,1,6,2,70,10,-1,-1,-1,-1,3,-1
2016921600901,1,9,0,18,0,0,1,0,8,11,1,1,1,2,32,6,1149,1,11,-1,3,-1
2016921600902,1,19,0,18,0,8,0,0,0,0,4,1,6,3,-1,-1,2299,2,4,-1,-1,-1
2016921600902,2,1,0,9,0,8,1,0,0,0,3,1,6,1,69,10,-1,-1,-1,-1,3,-1
2016921600903,1,9,0,9,0,5,0,0,0,0,3,1,2,1,47,8,1242,1,3,-1,1,-1
2016921600903,2,5,0,13,0,1,0,0,0,0,3,1,2,1,35,6,599,1,9,-1,1,-1
2016921600904,1,9,0,18,0,1,0,0,0,0,1,1,2,2,19,4,1229,1,2,-1,1,-1
2016921600906,1,9,0,3,0,1,0,0,0,0,2,1,6,2,30,6,1995,2,1,7,1,7
2016921600906,2,9,0,4,0,1,0,0,0,0,1,1,6,1,40,7,-1,-1,-1,-1,2,-1
2016921600907,1,9,0,18,0,1,0,0,0,0,1,1,6,1,32,6,1598,2,5,-1,2,-1
2016921600907,2,9,0,5,0,6,2,0,0,0,1,1,6,2,25,5,1968,2,1,-1,2,-1
2016921600908,1,9,0,17,0,0,1,10,1,2,4,1,6,1,20,4,2521,1,6,-1,1,-1
2016921600910,1,9,0,18,0,0,0,0,0,0,1,1,2,1,22,5,1248,1,1,-1,1,-1
2016921600912,1,9,0,17,0,0,0,0,0,0,4,1,6,1,35,6,1796,1,9,-1,2,-1
2016921600913,1,9,0,16,0,0,1,0,7,11,0,1,6,2,53,8,1149,1,7,-1,-1,-1
2016921600914,1,9,0,16,0,0,5,0,1,11,0,1,6,2,48,8,1422,2,7,-1,3,-1
2016921600917,1,19,0,9,0,0,0,0,0,0,3,1,1,1,52,8,2402,2,6,-1,3,-1
2016921600917,2,9,0,18,0,0,0,0,0,0,1,1,6,1,41,7,1364,1,9,-1,3,-1
2016921600920,1,9,0,18,0,0,0,4,1,0,1,1,2,1,17,4,1364,1,8,-1,3,-1
2016921600920,2,19,0,2,0,0,0,0,0,0,2,1,2,1,37,7,1560,2,1,-1,1,-1
2016921600922,1,9,0,18,0,4,1,0,3,10,1,1,2,1,62,9,2996,2,7,-1,2,-1
2016921600923,1,9,0,18,0,0,0,0,0,0,4,1,6,2,26,6,1149,1,14,-1,1,-1
2016921600923,2,9,0,18,0,0,0,0,0,0,1,1,6,1,26,6,2204,2,6,-1,3,-1
2016921600925,1,9,0,16,0,0,0,0,7,0,3,1,6,1,77,11,1951,2,13,-1,3,-1
2016921600925,2,9,0,17,0,0,1,0,0,0,4,1,6,1,50,8,1998,1,12,-1,-1,-1
2016921600929,1,9,0,17,0,0,1,0,1,0,1,1,2,1,34,6,1242,1,16,-1,3,-1
2016921600930,1,9,0,18,0,8,0,0,0,0,1,1,6,2,51,8,1686,2,3,-1,3,-1
2016921600933,1,9,0,18,0,0,0,0,0,0,1,1,6,1,19,4,1995,2,4,-1,-1,-1
2016921600933,2,9,0,18,0,0,0,0,0,0,3,1,6,2,32,6,1798,1,3,-1,-1,-1
2016921600933,3,11,0,2,0,0,0,0,0,0,0,1,6,1,55,8,7300,2,9,-1,-1,-1
2016921600934,1,9,0,3,0,1,0,0,0,0,2,1,6,1,36,7,1341,1,11,-1,1,-1
2016921600934,2,9,0,3,0,1,0,0,0,0,2,1,6,2,67,10,1388,1,5,-1,1,-1
2016921600934,3,9,0,11,0,1,0,0,0,0,1,1,6,2,28,6,1398,1,6,-1,1,-1
2016921600935,1,9,0,17,0,0,1,0,0,0,4,1,6,2,51,8,1796,1,15,-1,2,-1
2016921600935,2,9,0,18,0,0,0,0,0,0,1,1,6,1,74,10,1798,1,1,-1,3,-1
2016921600937,1,9,0,18,0,0,0,4,7,0,1,1,6,2,28,6,1242,1,9,-1,1,-1
2016921600937,2,9,0,2,0,0,0,0,0,0,3,1,6,3,30,6,1242,1,7,-1,1,-1
2016921600937,3,19,0,2,0,0,0,0,0,0,1,1,6,3,30,6,1896,2,6,-1,1,-1
2016921600937,4,9,0,2,0,0,0,0,0,0,1,1,6,3,50,8,1794,1,11,-1,1,-1
2016921600940,1,19,0,18,0,3,0,0,0,0,1,1,2,1,34,6,1560,2,6,-1,2,-1
2016921600945,1,9,0,9,0,8,0,0,0,0,4,1,6,2,44,7,2720,2,10,-1,1,-1
2016921600945,2,1,0,18,0,8,0,0,0,0,1,1,6,1,37,7,-1,-1,-1,-1,1,-1
2016921600946,1,9,0,18,0,8,0,0,0,0,1,1,6,2,30,6,2316,1,19,-1,2,-1
2016921600947,1,9,0,16,0,0,0,0,0,0,1,1,6,2,20,4,1461,2,2,-1,3,-1
2016921600947,2,9,0,17,0,0,0,0,0,0,1,1,6,1,30,6,1968,2,2,-1,3,-1
2016921600950,1,9,0,4,0,6,0,0,0,0,1,1,6,1,26,6,1596,1,9,-1,1,-1
2016921600950,2,9,0,18,0,1,0,0,0,0,4,1,6,2,26,6,1242,1,8,-1,1,-1
2016921600952,1,9,0,18,0,1,0,0,1,0,1,1,6,1,47,8,1796,1,9,-1,3,-1
2016921600952,2,9,0,18,0,1,0,0,7,11,1,1,1,1,40,7,2993,2,2,-1,1,-1
2016921600952,3,9,0,18,0,1,0,0,1,0,3,1,1,1,44,7,1598,2,5,-1,3,-1
2016921600954,1,19,0,5,9,1,0,0,0,0,1,2,6,1,51,8,2143,2,1,-1,-1,-1
2016921600957,1,9,0,16,0,2,0,0,7,0,1,1,6,1,20,4,1998,1,11,-1,-1,-1
2016921600957,2,9,0,17,0,1,0,0,0,0,1,1,6,2,61,9,1197,1,2,-1,1,-1
2016921600959,1,9,0,4,0,0,0,10,6,0,4,1,6,1,32,6,1149,1,13,-1,2,-1
2016921600959,2,8,0,13,0,0,0,0,0,0,3,1,1,1,43,7,2198,2,1,-1,1,-1
2016921600960,1,20,5,17,1,1,0,0,0,0,1,1,1,1,47,8,9186,2,2,-1,-1,-1
2016921600960,2,9,0,16,1,1,0,0,0,0,1,1,2,1,27,6,2993,2,1,-1,3,-1
2016921600961,1,9,0,18,0,1,0,0,0,0,1,1,6,1,35,6,1498,1,-1,-1,3,-1
2016921600961,2,9,0,2,0,2,0,0,0,0,1,1,6,1,28,6,1956,2,1,-1,3,-1
2016921600965,1,9,0,18,0,0,0,0,0,0,3,1,6,1,17,4,1229,1,10,-1,2,-1
2016921600965,2,9,0,18,0,0,0,0,0,0,3,1,2,1,42,7,2664,2,11,-1,2,-1
2016921600966,1,9,0,18,0,1,0,0,0,0,1,1,2,2,23,5,1229,1,3,-1,3,-1
2016921600967,1,9,0,17,0,0,2,0,1,11,1,1,6,1,18,4,1198,1,2,-1,2,-1
2016921600975,1,9,0,18,0,0,0,11,0,0,1,1,6,1,32,6,1686,2,6,-1,3,-1
2016921600975,2,1,0,18,0,0,0,0,0,0,2,1,6,1,50,8,-1,-1,-1,-1,1,-1
2016921600977,1,9,0,5,0,6,0,0,1,1,1,1,6,3,18,4,2099,1,11,-1,-1,-1
2016921600978,1,9,0,18,0,0,0,0,0,0,1,1,2,1,60,9,2993,2,1,-1,3,-1
2016921600978,2,9,0,18,0,0,0,0,0,0,2,1,2,2,38,7,1968,2,7,-1,3,-1
2016921600978,3,9,0,6,0,0,0,0,0,0,0,1,6,3,30,6,-1,-1,-1,-1,-1,-1
2016921600980,1,9,0,18,0,0,0,0,0,0,1,1,6,1,61,9,1896,2,12,-1,3,-1
2016921600980,2,9,0,16,0,0,1,0,7,0,4,1,6,2,42,7,1388,1,7,-1,3,-1
2016921600995,1,9,0,5,0,2,1,0,0,0,4,1,6,2,18,4,1198,1,11,-1,3,-1
2016921600995,2,9,0,17,0,8,1,0,0,0,1,1,2,1,57,9,1951,2,12,-1,3,-1
2016921600995,3,20,0,3,0,1,0,0,0,0,1,1,2,1,35,6,-1,-1,-1,-1,2,-1
2016921600996,1,9,0,10,0,1,0,0,0,0,1,1,6,2,21,5,1686,2,6,-1,2,-1
2016921600996,2,9,0,18,0,8,0,0,0,0,1,1,6,2,28,6,2324,1,14,-1,3,-1
2016921600997,1,9,0,18,0,1,0,0,0,0,1,1,6,2,75,10,-1,-1,-1,-1,-1,-1
2016921600998,1,9,0,16,0,0,2,0,1,9,4,1,6,2,17,4,1395,1,-1,-1,3,-1
2016921600999,1,9,0,9,0,6,0,0,1,0,1,1,6,3,69,10,-1,-1,-1,-1,1,-1
2016921601000,1,9,0,16,0,0,1,0,7,11,1,1,6,1,22,5,999,1,15,-1,3,-1
2016921601003,1,9,0,17,0,0,0,0,0,11,1,1,6,1,18,4,973,1,15,-1,-1,-1
2016921601008,1,9,0,17,0,0,0,12,0,0,1,1,2,1,40,7,1968,2,7,-1,1,-1
2016921601008,2,9,0,17,0,0,0,12,0,0,1,1,2,2,53,8,1598,1,3,-1,3,-1
2016921601008,3,9,0,17,0,0,0,12,0,0,3,1,6,1,45,7,1956,2,4,-1,-1,-1
2016921601009,1,9,0,18,0,0,0,0,0,0,1,1,6,2,37,7,1229,1,2,-1,1,-1
2016921601013,1,9,0,18,0,0,1,0,1,0,1,1,6,1,50,8,899,1,16,-1,3,-1
2016921601019,1,9,0,18,0,8,0,0,0,0,4,1,2,2,40,7,1997,2,9,-1,2,-1
2016921601019,2,1,0,18,0,1,0,0,0,0,1,1,1,1,58,9,-1,-1,-1,-1,2,-1
2016921601020,1,9,0,18,0,2,0,0,0,0,1,1,6,1,59,9,1560,2,1,-1,1,-1
2016921601021,1,9,0,18,0,1,0,0,0,0,1,1,6,1,22,5,1896,2,11,-1,3,-1
2016921601021,2,9,0,18,0,1,0,0,0,0,1,1,6,1,85,11,-1,-1,-1,-1,2,-1
2016921601023,1,9,0,18,0,1,0,0,0,0,0,1,6,1,35,6,1560,2,4,-1,3,-1
2016921601030,1,9,0,7,0,6,0,0,0,0,3,1,6,2,60,9,1246,1,10,-1,2,-1
2016921601030,2,9,0,18,0,1,0,0,0,0,1,1,1,2,53,8,1968,2,1,-1,3,-1
2016921601032,1,9,0,18,9,0,0,4,1,0,1,1,6,1,65,9,2499,2,13,-1,3,-1
2016921601032,2,9,0,2,9,0,0,0,0,0,3,1,6,3,21,5,1968,2,5,-1,-1,-1
2016921601034,1,9,0,18,0,0,0,0,0,0,1,1,6,2,84,11,1242,1,12,-1,1,-1
2016921601034,2,9,0,3,0,0,0,0,0,0,1,1,2,1,32,6,1598,2,-1,-1,2,-1
2016921601036,1,9,0,18,0,1,1,0,0,0,1,1,6,2,18,4,1299,1,13,-1,2,-1
2016921601036,2,9,0,3,0,1,0,0,0,0,2,1,6,1,26,6,1598,2,5,-1,3,-1
2016921601037,1,19,0,4,0,1,0,0,0,0,1,1,1,1,48,8,-1,-1,-1,-1,3,-1
2016921601039,1,9,0,1,0,0,0,0,0,0,2,1,6,1,40,7,-1,-1,-1,-1,-1,-1
2016921601040,1,9,0,7,0,6,0,0,0,0,2,1,6,2,25,5,1364,1,2,-1,3,-1
2016921601040,2,9,0,18,0,1,0,0,1,11,1,1,6,1,79,11,1364,1,6,-1,3,-1
2016921601042,1,9,0,9,0,6,0,0,0,0,3,1,6,1,60,9,1248,1,2,-1,1,-1
2016921601042,2,9,0,18,0,2,0,0,0,0,1,1,6,1,19,4,1910,2,9,-1,3,-1
2016921601043,1,9,0,9,0,1,0,0,7,9,1,1,1,1,17,4,1364,1,7,-1,3,-1
2016921601043,2,9,0,18,0,1,0,0,0,0,1,1,2,2,30,6,1598,1,4,-1,1,-1
2016921601045,1,9,0,9,0,8,0,0,0,0,3,1,6,1,40,7,2179,2,5,-1,3,-1
2016921601045,2,1,0,18,0,1,0,0,0,0,1,1,6,1,19,4,-1,-1,-1,-1,1,-1
2016921601049,1,5,0,18,0,1,0,0,0,0,4,1,6,1,31,6,599,1,19,-1,1,-1
2016921601050,1,11,0,5,0,4,0,0,0,0,1,1,1,1,33,6,-1,3,2,-1,1,-1
2016921601050,2,9,0,3,0,3,0,0,0,0,2,1,6,2,60,9,1390,1,3,-1,1,-1
2016921601051,1,9,0,9,0,6,0,0,0,0,1,1,6,1,44,7,1598,1,13,-1,1,-1
2016921601052,1,9,0,18,0,0,0,0,0,0,4,1,6,2,83,11,1248,1,1,-1,3,-1
2016921601052,2,9,0,2,0,0,0,0,0,0,3,1,6,3,30,6,2143,2,4,-1,-1,-1
2016921601052,3,9,0,2,0,0,0,0,0,0,1,1,6,3,30,6,1968,2,4,-1,-1,-1
2016921601053,1,9,0,5,0,0,0,0,0,0,1,1,2,2,40,7,-1,-1,-1,-1,3,-1
2016921601055,1,9,0,10,0,1,0,0,1,9,2,1,6,2,49,8,1242,1,4,-1,3,-1
2016921601055,2,9,0,4,0,1,0,0,0,0,1,1,1,1,21,5,-1,-1,-1,-1,2,-1
2016921601055,3,9,0,18,0,1,0,0,1,0,1,1,6,1,33,6,2521,1,9,-1,3,-1
2016921601056,1,9,0,13,0,0,1,0,7,4,1,1,6,1,33,6,1398,1,6,-1,3,-1
2016921601056,2,3,0,18,0,0,1,0,0,0,1,1,6,1,21,5,124,1,3,-1,1,-1
2016921601056,3,9,0,18,0,0,0,0,0,0,0,1,6,2,41,7,1796,1,16,-1,3,-1
2016921601057,1,19,0,18,0,0,0,0,0,0,1,1,1,1,44,7,-1,-1,-1,-1,1,-1
2016921601058,1,9,0,18,0,0,0,0,0,0,1,1,6,1,17,4,973,1,13,-1,1,-1
2016921601058,2,9,0,18,0,0,0,0,0,0,1,1,6,2,21,5,1242,1,5,-1,-1,-1
2016921601063,1,9,2,16,0,0,1,0,2,0,1,1,6,1,47,8,998,1,10,-1,3,-1
2016921601066,1,9,0,9,0,6,1,0,0,0,1,1,2,1,25,5,998,1,2,-1,1,-1
2016921601066,2,9,0,18,0,8,0,0,1,9,3,1,1,1,46,8,-1,-1,-1,-1,1,-1
2016921601069,1,9,0,18,0,0,0,0,0,0,1,1,6,2,43,7,998,1,2,-1,3,-1
2016921601071,1,17,4,18,0,8,5,0,0,0,4,1,1,1,53,8,-1,2,4,-1,3,-1
2016921601071,2,9,0,18,0,8,0,0,0,0,3,1,2,1,30,6,1997,2,12,-1,3,-1
2016921601072,1,9,0,17,0,0,0,0,0,0,1,1,6,2,36,7,2179,2,8,-1,3,-1
2016921601072,2,9,0,16,0,0,0,0,0,0,1,1,2,2,51,8,1796,1,12,-1,3,-1
2016921601073,1,9,0,18,0,8,0,0,0,0,1,1,6,2,34,6,1956,2,5,-1,1,-1
2016921601073,2,9,0,5,0,8,1,0,0,0,3,1,6,2,31,6,2179,2,6,-1,1,-1
2016921601074,1,9,0,9,0,6,0,0,0,0,3,1,6,1,52,8,1796,1,10,-1,3,-1
2016921601074,2,9,0,18,0,1,1,0,0,0,1,1,6,1,23,5,1598,1,14,-1,2,-1
2016921601075,1,9,0,9,0,8,0,0,0,0,4,1,6,1,43,7,-1,-1,-1,-1,1,-1
2016921601076,1,9,0,16,0,0,5,0,7,11,3,1,6,1,43,7,1968,2,11,-1,3,-1
2016921601077,1,9,0,17,0,0,2,0,1,10,1,1,1,1,50,8,1299,1,12,-1,1,-1
2016921601079,1,9,0,17,0,1,1,0,8,4,4,1,6,2,50,8,1598,1,5,-1,1,-1
2016921601084,1,19,0,13,0,0,0,0,7,10,4,1,1,1,40,7,2143,2,1,-1,1,-1
2016921601084,2,9,0,16,0,0,0,0,0,0,1,1,2,1,53,8,998,1,3,-1,3,-1
2016921601084,3,10,0,16,0,0,0,0,0,0,1,1,1,1,71,10,-1,-1,-1,-1,3,-1
2016921601085,1,9,0,16,0,0,5,0,7,1,1,1,6,1,22,5,1910,2,11,-1,1,-1
2016921601089,1,9,0,3,0,1,0,0,0,0,2,1,6,1,35,6,1229,1,1,-1,1,-1
2016921601089,2,9,0,4,0,1,0,0,0,0,1,1,6,3,28,6,1796,1,12,-1,1,-1
2016921601090,1,9,0,18,0,0,0,0,0,0,1,1,2,2,46,8,1794,1,16,-1,3,-1
2016921601091,1,19,0,18,0,0,0,0,0,0,3,1,1,1,37,7,1598,2,-1,-1,1,-1
2016921601093,1,9,0,18,0,0,0,0,0,0,4,1,1,2,72,10,1798,1,16,-1,2,-1
2016921601095,1,9,0,16,0,1,0,0,0,0,1,1,6,1,50,8,1360,1,10,-1,1,-1
2016921601096,1,9,0,17,0,0,0,0,7,0,1,1,6,2,64,9,1399,2,8,-1,3,-1
2016921601097,1,9,0,18,0,5,0,10,4,6,1,1,6,2,69,10,1388,1,7,-1,1,-1
2016921601101,1,19,0,18,0,0,0,0,0,0,1,1,2,1,42,7,-1,-1,-1,-1,1,-1
2016921601101,2,11,0,3,0,0,0,0,0,0,2,1,1,1,26,6,6696,2,3,-1,1,-1
2016921601103,1,9,0,17,0,0,1,0,1,11,4,1,6,1,19,4,1390,1,14,-1,3,-1
2016921601103,2,9,0,2,0,0,0,0,0,0,0,1,6,3,20,4,2488,2,11,-1,-1,-1
2016921601106,1,9,4,16,0,1,1,0,0,0,1,1,1,1,28,6,-1,-1,-1,-1,3,-1
2016921601106,2,11,0,18,0,8,0,0,0,0,3,1,1,1,47,8,4250,2,14,-1,3,-1
2016921601107,1,9,0,9,0,5,0,0,0,0,1,1,6,2,52,8,1968,2,1,-1,1,-1
2016921601107,2,3,0,8,0,1,0,0,0,0,1,1,6,1,70,10,124,1,4,-1,1,-1
2016921601110,1,9,0,1,0,1,0,0,0,0,2,1,6,1,35,6,2497,2,12,-1,1,-1
2016921601110,2,9,0,3,0,1,0,0,0,0,1,1,2,2,20,4,1150,1,9,-1,-1,-1
2016921601116,1,9,0,1,0,1,0,0,0,0,2,1,6,1,63,9,1991,2,6,-1,1,-1
2016921601123,1,9,0,18,0,0,1,0,1,10,1,1,2,1,20,4,1598,1,8,-1,3,-1
2016921601123,2,9,0,17,0,0,0,0,0,0,0,1,6,1,27,6,2967,2,-1,-1,3,-1
2016921601125,1,4,0,18,0,8,0,0,0,0,1,1,2,1,24,5,918,1,19,-1,1,-1
2016921601125,2,9,0,18,0,8,0,0,0,0,3,1,1,1,45,7,1498,1,-1,-1,3,-1
2016921601126,1,5,0,18,0,8,0,0,0,0,1,1,2,1,24,5,-1,-1,-1,-1,1,-1
2016921601126,2,9,0,18,0,8,0,0,0,0,3,1,2,1,40,7,1498,1,-1,-1,3,-1
2016921601134,1,9,0,16,0,0,2,0,8,11,3,1,6,2,68,10,1991,2,4,-1,-1,-1
2016921601138,1,9,0,18,0,0,0,0,7,11,1,1,2,1,35,6,1149,1,10,-1,3,-1
2016921601138,2,1,0,18,0,0,0,0,1,0,2,1,2,1,28,6,-1,-1,-1,-1,3,-1
2016921601139,1,9,0,17,0,0,0,0,0,0,1,1,6,2,65,9,1560,2,1,-1,1,-1
2016921601139,2,9,0,16,0,0,0,0,7,0,2,1,6,1,65,9,1598,2,-1,-1,2,-1
2016921601139,3,19,0,16,0,0,0,0,0,0,1,2,1,1,29,6,1968,2,1,-1,1,-1
2016921601141,1,9,0,13,0,0,0,0,4,6,3,1,6,1,61,9,1461,2,-1,-1,1,-1
2016921601141,2,9,0,15,0,0,0,0,0,0,4,1,6,1,40,7,-1,-1,-1,-1,1,-1
2016921601141,3,21,0,18,0,0,0,0,0,0,2,1,6,1,32,6,4461,2,6,-1,3,-1
2016921601142,1,9,0,18,0,1,0,0,0,0,2,1,6,2,74,10,1598,1,3,-1,1,-1
2016921601142,2,9,0,3,0,1,0,0,0,0,0,1,6,1,20,4,1587,1,12,-1,-1,-1
2016921601146,1,9,0,18,0,0,1,0,1,0,1,1,2,2,47,8,1596,1,10,-1,3,-1
2016921700002,1,21,1,4,0,1,0,0,0,0,1,1,1,1,30,6,12740,2,2,-1,1,-1
2016921700002,2,9,0,4,0,1,0,0,0,0,2,1,1,1,60,9,-1,-1,-1,6,1,6
2016921700002,3,9,0,4,0,1,0,0,0,0,2,1,6,1,63,9,1997,2,7,-1,1,-1