Accident_Index,Vehicle_Reference,Vehicle_Type,Towing_and_Articulation,Vehicle_Manoeuvre,Vehicle_Location-Restricted_Lane,Junction_Location,Skidding_and_Overturning,Hit_Object_in_Carriageway,Vehicle_Leaving_Carriageway,Hit_Object_off_Carriageway,1st_Point_of_Impact,Was_Vehicle_Left_Hand_Drive?,Journey_Purpose_of_Driver,Sex_of_Driver,Age_of_Driver,Age_Band_of_Driver,Engine_Capacity_(CC),Propulsion_Code,Age_of_Vehicle,Driver_IMD_Decile,Driver_Home_Area_Type,Vehicle_IMD_Decile
2016921700010,1,9,0,5,0,4,0,0,0,0,1,1,2,1,21,5,1398,1,-1,-1,3,-1
2016921700010,2,9,0,18,0,4,0,0,0,0,4,1,2,1,35,6,1364,1,9,-1,3,-1
2016921700019,1,9,0,18,0,2,0,0,0,0,4,2,6,1,61,9,1586,1,2,-1,1,-1
2016921700019,2,9,0,7,0,4,0,0,0,0,1,2,6,2,47,8,1968,2,3,-1,2,-1
2016921700030,1,9,0,17,0,0,5,0,7,4,1,1,2,1,19,4,1362,1,3,-1,3,-1
2016921700031,1,9,0,9,0,4,0,0,0,0,1,1,1,2,51,8,1560,2,4,-1,3,-1
2016921700034,1,3,0,18,0,0,1,0,0,0,1,1,2,1,35,6,125,1,1,-1,1,-1
2016921700034,2,9,0,18,0,0,0,0,0,0,1,1,6,3,-1,-1,-1,-1,-1,-1,-1,-1
2016921700036,1,3,0,18,0,1,0,0,0,0,1,1,2,1,17,4,123,1,1,-1,3,-1
2016921700036,2,9,0,18,0,6,0,0,1,9,3,1,1,1,61,9,2982,2,2,-1,3,-1
2016921700043,1,9,0,16,0,8,2,0,7,11,1,1,1,1,30,6,2967,2,3,-1,3,-1
2016921700047,1,9,0,18,0,0,2,0,1,11,1,1,2,2,19,4,1229,1,11,-1,1,-1
2016921700070,1,9,0,1,0,0,0,0,0,0,2,1,6,1,55,8,1395,1,1,-1,3,-1
2016921700079,1,9,0,13,0,1,2,6,7,10,1,1,6,2,25,5,1329,1,4,-1,3,-1
2016921700079,2,90,0,9,0,1,2,0,2,0,3,1,6,1,18,4,-1,-1,-1,-1,3,-1
2016921700086,1,9,0,9,0,8,0,0,0,0,1,1,6,1,78,11,2998,2,29,-1,1,-1
2016921700086,2,1,0,18,0,8,0,0,0,0,1,1,6,1,30,6,-1,-1,-1,-1,1,-1
2016921700103,1,9,0,9,0,5,5,0,0,0,3,1,6,2,39,7,999,1,-1,-1,1,-1
2016921700103,2,8,0,14,2,8,0,0,0,0,1,1,1,1,39,7,1995,2,6,-1,2,-1
2016921700118,1,9,0,18,0,0,2,0,1,11,1,1,6,2,20,4,1242,1,2,-1,3,-1
2016921700137,1,9,0,18,0,8,1,0,0,0,3,1,6,2,28,6,1242,1,13,-1,1,-1
2016921700137,2,9,0,18,0,8,1,0,0,0,1,1,6,1,25,5,-1,-1,-1,-1,1,-1
2016921700204,1,9,0,18,0,4,0,0,0,0,1,1,6,1,36,7,1998,1,15,-1,1,-1
2016921700204,2,1,0,9,0,3,0,0,0,0,4,1,2,1,50,8,-1,-1,-1,-1,1,-1
2016921700206,1,4,0,15,4,0,0,0,0,0,1,1,6,1,27,6,125,1,6,-1,1,-1
2016921700207,1,9,0,18,0,1,0,0,0,0,1,1,6,2,32,6,-1,-1,-1,-1,1,-1
2016921700207,2,9,0,18,0,1,0,0,0,0,1,1,6,1,20,4,-1,-1,-1,-1,1,-1
2016921700226,1,9,0,18,0,0,0,0,0,0,1,1,2,2,23,5,1598,1,-1,-1,1,-1
2016921700226,2,8,0,18,0,0,0,0,0,0,2,1,1,1,46,8,1560,2,8,-1,1,-1
2016921700288,1,9,0,5,0,0,0,0,0,0,1,1,6,1,22,5,1596,1,4,-1,3,-1
2016930000001,1,9,0,18,0,0,0,0,1,11,1,1,1,1,88,11,1388,1,12,-1,1,-1
2016930000002,1,19,0,18,0,0,2,0,1,11,4,1,1,1,29,6,1598,2,1,-1,3,-1
2016930000003,1,9,0,18,0,0,0,0,0,0,4,1,6,2,19,4,1398,1,6,-1,3,-1
2016930000004,1,9,0,18,0,2,0,0,0,0,4,1,6,2,38,7,2204,2,8,-1,1,-1
2016930000005,1,9,0,17,0,0,2,0,1,1,1,1,6,1,33,6,1595,1,11,-1,2,-1
2016930000006,1,9,0,18,0,0,0,0,0,0,4,1,6,1,45,7,1995,1,9,-1,1,-1
2016930000007,1,9,0,9,0,8,0,0,0,0,3,1,6,3,-1,-1,-1,-1,-1,-1,-1,-1
2016930000007,2,9,0,18,0,1,0,0,0,0,1,1,6,1,37,7,1398,2,4,-1,1,-1
2016930000008,1,9,0,16,0,0,5,0,7,11,1,1,6,1,62,9,1499,2,-1,-1,1,-1
2016930000009,1,19,0,18,0,2,0,0,7,7,1,1,6,1,48,8,1868,2,11,-1,1,-1
2016930000011,1,9,0,5,0,0,0,0,0,0,1,1,6,2,77,11,1197,1,1,-1,3,-1
2016930000011,2,9,0,2,0,0,0,0,0,0,2,1,6,1,49,8,1896,2,13,-1,3,-1
2016930000011,3,9,0,2,0,0,0,0,0,0,2,1,6,1,43,7,1998,1,12,-1,3,-1
2016930000011,4,9,0,2,0,0,0,0,0,0,2,1,6,1,23,5,1598,2,1,-1,3,-1
2016930000014,1,9,0,18,0,8,0,0,0,0,1,1,6,2,71,10,1390,1,17,-1,1,-1
2016930000014,2,9,0,18,0,8,0,0,0,0,1,1,6,1,62,9,998,1,1,-1,1,-1
2016930000015,1,9,0,9,0,2,0,0,0,0,1,1,1,1,40,7,-1,3,2,-1,1,-1
2016930000016,1,11,0,9,0,2,0,0,0,0,1,1,1,1,48,8,6700,2,5,-1,1,-1
2016930000017,1,9,0,18,0,0,0,0,0,0,1,1,6,2,18,4,1242,1,1,-1,1,-1
2016930000018,1,9,0,9,0,8,0,0,0,0,3,1,6,1,58,9,-1,-1,-1,-1,1,-1
2016930000018,2,9,0,18,0,1,0,0,4,6,1,1,1,1,53,8,1968,2,3,-1,-1,-1
2016930000019,1,9,0,9,0,1,0,0,0,0,3,1,6,2,18,4,1242,1,7,-1,1,-1
2016930000019,2,9,0,18,0,1,0,0,0,0,1,1,6,1,70,10,1796,1,10,-1,2,-1
2016930000020,1,21,4,18,0,0,0,0,0,0,1,1,1,1,20,4,12777,2,2,-1,3,-1
2016930000020,2,9,0,3,0,0,0,0,0,0,2,1,6,2,25,5,1598,1,13,-1,1,-1
2016930000020,3,9,0,3,0,0,0,0,0,0,2,1,1,1,32,6,1598,2,4,-1,1,-1
2016930000020,4,11,0,5,0,0,0,0,0,0,2,1,1,1,30,6,6700,2,7,-1,1,-1
2016930000021,1,9,0,17,0,0,1,0,0,11,1,1,2,1,32,6,1461,2,1,-1,1,-1
2016930000022,1,19,0,18,0,0,5,0,1,0,1,1,1,1,37,7,2287,2,10,-1,1,-1
2016930000023,1,9,0,18,0,4,0,0,0,0,1,1,1,2,44,7,1598,1,2,-1,1,-1
2016930000023,2,9,0,9,0,8,0,0,0,0,1,1,6,2,60,9,-1,-1,-1,-1,1,-1
2016930000024,1,19,0,18,0,1,0,0,0,0,4,1,2,1,46,8,1461,2,-1,-1,2,-1
2016930000025,1,19,0,17,0,0,0,0,0,0,1,1,6,1,35,6,1998,2,13,-1,1,-1
2016930000025,2,11,0,16,0,0,0,0,0,0,1,1,1,1,65,9,9600,2,16,-1,1,-1
2016930000026,1,9,0,7,0,6,0,0,0,0,3,1,6,1,83,11,1296,1,10,-1,1,-1
2016930000026,2,11,0,18,0,1,0,0,0,0,1,1,1,1,42,7,12000,2,9,-1,2,-1
2016930000028,1,9,0,7,0,5,0,0,0,0,1,1,6,3,-1,-1,-1,-1,-1,-1,-1,-1
2016930000029,1,9,0,5,0,0,0,0,0,0,0,1,6,2,74,10,996,1,5,-1,3,-1
2016930000029,2,9,0,18,0,0,0,0,0,0,0,1,6,1,23,5,1988,1,12,-1,3,-1
2016930000030,1,9,0,18,0,0,0,0,0,0,1,1,6,2,66,10,2191,2,3,-1,3,-1
2016930000030,2,11,0,3,0,0,0,0,0,0,2,1,1,1,53,8,-1,-1,-1,-1,3,-1
2016930000030,3,11,0,2,0,0,0,0,0,0,0,1,1,1,49,8,-1,-1,-1,-1,3,-1
2016930000031,1,3,0,18,0,0,1,0,1,0,4,1,6,1,30,6,125,1,3,-1,1,-1
2016930000032,1,9,0,18,0,0,0,0,7,4,1,1,6,1,20,4,1896,2,11,-1,1,-1
2016930000033,1,9,0,18,0,0,0,0,0,0,3,1,6,2,81,11,1364,1,7,-1,3,-1
2016930000034,1,9,0,18,0,0,0,0,0,0,1,1,2,1,24,5,1560,2,1,-1,1,-1
2016930000034,2,19,0,3,0,0,0,0,0,0,2,1,1,1,25,5,1399,2,11,-1,1,-1
2016930000034,3,9,0,3,0,0,0,0,0,0,2,1,6,1,41,7,-1,-1,-1,-1,1,-1
2016930000035,1,9,0,18,0,0,0,0,1,4,1,1,1,1,19,4,1229,1,4,-1,1,-1
2016930000036,1,9,0,14,0,0,0,0,0,0,4,1,6,1,30,6,1968,2,6,-1,1,-1
2016930000036,2,11,0,18,0,0,0,0,0,0,3,1,1,1,46,8,12778,2,5,-1,1,-1
2016930000037,1,9,0,9,0,2,0,0,0,0,1,1,2,2,28,6,-1,-1,-1,-1,3,-1
2016930000037,2,9,0,7,0,2,0,0,0,0,1,1,2,2,21,5,-1,-1,-1,-1,3,-1
2016930000038,1,9,0,18,0,2,0,0,0,0,3,1,6,1,61,9,1360,1,21,-1,1,-1
2016930000038,2,9,0,18,0,1,0,0,0,0,1,1,6,2,79,11,1242,1,5,-1,1,-1
2016930000039,1,19,0,5,0,2,0,0,0,0,1,1,6,1,32,6,1560,2,6,-1,1,-1
2016930000039,2,19,0,18,0,1,0,0,0,0,4,1,1,1,27,6,-1,-1,-1,-1,3,-1
2016930000040,1,9,0,18,0,0,0,12,0,0,1,1,6,1,19,4,998,1,5,-1,1,-1
2016930000041,1,20,0,18,0,0,0,0,0,0,1,1,1,1,59,9,-1,-1,-1,-1,1,-1
2016930000041,2,9,0,3,0,0,0,0,0,0,1,1,6,2,43,7,1461,2,3,-1,3,-1
2016930000041,3,9,0,3,0,0,0,0,0,0,2,1,2,2,56,9,1598,2,5,-1,1,-1
2016930000041,4,9,0,3,0,0,0,0,0,0,0,1,6,1,55,8,1896,2,14,-1,3,-1
2016930000043,1,9,0,18,0,1,0,0,0,0,1,1,6,2,47,8,-1,-1,-1,-1,3,-1
2016930000043,2,9,0,3,0,1,0,0,0,0,2,1,2,1,42,7,1896,2,12,-1,1,-1
2016930000043,3,9,0,10,0,1,0,0,0,0,2,1,6,1,50,8,1388,1,15,-1,1,-1
2016930000044,1,9,0,18,0,0,0,0,0,0,1,1,6,3,-1,-1,-1,-1,-1,-1,-1,-1
2016930000045,1,9,0,5,0,0,0,0,0,0,1,1,6,2,57,9,999,1,7,-1,1,-1
2016930000046,1,9,0,17,0,0,2,0,1,11,1,1,1,1,36,7,1390,1,14,-1,1,-1
2016930000047,1,19,0,9,0,1,0,0,0,0,1,1,1,1,54,8,-1,-1,-1,-1,1,-1
2016930000047,2,9,0,18,0,2,0,0,0,0,1,1,6,2,81,11,1598,1,10,-1,1,-1
2016930000048,1,19,0,5,0,2,0,0,0,0,0,1,1,1,33,6,2287,2,3,-1,1,-1
2016930000048,2,11,0,18,0,1,0,0,0,0,0,1,1,1,34,6,6871,2,10,-1,1,-1
2016930000049,1,1,0,18,0,1,5,0,0,0,1,1,6,1,37,7,-1,-1,-1,-1,-1,-1
2016930000049,2,19,0,5,0,6,0,0,0,0,3,1,6,1,30,6,2402,2,6,-1,1,-1
2016930000050,1,9,0,18,0,0,0,0,0,0,1,1,2,1,29,6,1900,2,9,-1,3,-1
2016930000050,2,9,0,3,0,0,0,0,0,0,2,1,2,2,45,7,-1,-1,-1,-1,2,-1
2016930000050,3,9,0,3,0,0,0,0,0,0,2,1,2,1,49,8,2496,2,15,-1,2,-1
2016930000052,1,9,0,18,0,0,0,0,0,0,1,1,6,2,43,7,1998,2,9,-1,1,-1
2016930000053,1,9,0,18,0,0,1,0,1,11,1,1,6,1,48,8,-1,-1,-1,-1,2,-1
2016930000054,1,9,0,17,0,0,5,0,1,10,1,1,6,1,91,11,1339,1,8,-1,3,-1
2016930000055,1,9,0,17,0,0,1,0,1,11,1,1,3,2,59,9,1598,1,4,-1,1,-1
2016930000056,1,9,0,18,0,1,0,0,0,0,1,1,6,1,36,7,1497,1,10,-1,1,-1
2016930000057,1,9,0,18,0,3,0,0,0,0,4,1,6,1,68,10,998,1,8,-1,2,-1
2016930000057,2,19,0,18,0,3,0,0,0,0,3,1,6,1,33,6,1686,2,17,-1,1,-1
2016930000058,1,9,0,5,0,6,0,0,0,0,4,1,6,1,51,8,998,1,2,-1,3,-1
2016930000058,2,19,0,5,0,6,0,0,0,0,3,1,6,1,44,7,1995,2,3,-1,1,-1
2016930000059,1,9,0,18,0,0,0,0,0,0,4,1,6,3,-1,-1,-1,-1,-1,-1,-1,-1
2016930000059,2,1,0,18,0,0,0,0,0,0,3,1,6,1,58,9,-1,-1,-1,-1,1,-1
2016930000060,1,19,0,18,0,2,0,0,0,0,4,1,1,1,46,8,1868,2,11,-1,1,-1
2016930000061,1,9,0,18,0,1,0,0,0,0,1,1,6,2,26,6,1248,2,9,-1,1,-1
2016930000061,2,9,0,3,0,1,0,0,0,0,2,1,6,1,63,9,1368,1,3,-1,3,-1
2016930000062,1,20,0,16,0,0,5,0,1,0,1,1,1,2,47,8,-1,-1,-1,-1,1,-1
2016930000062,2,9,0,17,0,0,0,0,1,0,1,1,6,1,79,11,1968,2,11,-1,1,-1
2016930000062,3,9,0,17,0,0,0,0,7,0,1,1,6,1,50,8,-1,-1,-1,-1,3,-1
2016930000063,1,9,0,18,0,0,0,0,1,1,1,1,6,2,30,6,-1,-1,-1,-1,1,-1
2016930000064,1,3,0,4,0,1,5,0,0,0,1,1,6,1,16,4,-1,-1,-1,-1,3,-1
2016930000064,2,9,0,18,0,2,0,0,0,0,1,1,6,1,60,9,1229,1,4,-1,1,-1
2016930000065,1,9,0,18,0,0,0,0,0,0,1,1,6,1,57,9,1598,2,1,-1,2,-1
2016930000065,2,9,0,18,0,0,0,0,0,0,1,1,6,2,43,7,899,1,3,-1,2,-1
2016930000066,1,9,0,18,0,2,0,0,3,11,1,1,6,2,83,11,1248,1,2,-1,3,-1
2016930000067,1,9,0,18,0,0,0,0,0,0,1,1,6,2,24,5,1390,1,9,-1,1,-1
2016930000067,2,9,0,18,0,0,0,0,0,0,1,1,6,1,36,7,1461,2,1,-1,1,-1
2016930000068,1,9,0,1,0,0,0,0,0,0,3,1,1,1,58,9,1229,1,6,-1,1,-1
2016930000069,1,5,0,9,0,8,5,0,0,0,4,1,6,1,49,8,1137,1,9,-1,1,-1
2016930000069,2,9,0,18,0,8,5,0,0,0,3,1,6,2,-1,-1,-1,3,5,-1,1,-1
2016930000070,1,9,0,18,0,0,0,0,0,0,1,1,1,1,-1,-1,-1,-1,-1,-1,-1,-1
2016930000070,2,9,0,18,0,0,0,0,0,0,1,1,6,2,20,4,-1,-1,-1,-1,2,-1
2016930000071,1,9,0,18,0,4,0,0,0,0,1,1,6,1,54,8,-1,-1,-1,-1,3,-1
2016930000071,2,9,0,9,0,3,0,0,0,0,1,1,2,1,48,8,1329,1,7,-1,1,-1
2016930000071,3,9,0,18,0,4,0,0,0,0,4,1,2,2,55,8,1461,2,9,-1,1,-1
2016930000072,1,9,0,18,0,1,0,0,0,0,1,1,6,2,65,9,1591,1,-1,-1,1,-1
2016930000072,2,9,0,2,0,2,0,0,0,0,3,1,6,1,32,6,1242,1,9,-1,1,-1
2016930000073,1,9,0,4,0,0,0,0,0,0,1,1,6,1,64,9,-1,-1,-1,-1,3,-1
2016930000073,2,9,0,2,0,0,0,0,0,0,2,1,6,2,29,6,-1,-1,-1,-1,1,-1
2016930000074,1,8,0,18,0,0,0,0,0,0,4,1,1,1,52,8,1896,2,6,-1,1,-1
2016930000075,1,20,0,18,0,1,0,0,0,0,1,1,1,1,21,5,-1,-1,-1,-1,1,-1
2016930000075,2,20,0,18,0,1,0,0,0,0,1,1,1,1,34,6,-1,-1,-1,-1,2,-1
2016930000075,3,19,0,3,0,1,0,0,0,0,2,1,1,1,31,6,1870,2,10,-1,3,-1
2016930000076,1,9,0,18,0,1,0,0,0,0,1,1,6,2,42,7,1796,1,7,-1,1,-1
2016930000076,2,11,0,9,0,2,0,0,0,0,3,1,1,1,56,9,7300,2,12,-1,1,-1
2016930000077,1,21,0,18,0,2,5,0,0,0,1,1,1,1,38,7,-1,2,17,-1,1,-1
2016930000078,1,19,0,18,0,1,0,0,0,0,1,1,1,1,57,9,1896,2,6,-1,2,-1
2016930000078,2,9,0,8,0,2,0,0,0,0,2,1,6,2,25,5,1968,2,3,-1,3,-1
2016930000079,1,9,0,13,0,1,0,0,0,0,4,1,6,1,49,8,2494,2,5,-1,3,-1
2016930000079,2,21,0,9,0,1,0,0,0,0,1,1,1,1,44,7,-1,-1,-1,-1,3,-1
2016930000079,3,19,0,18,0,1,0,0,0,0,1,1,1,1,55,8,1461,2,3,-1,2,-1
2016930000079,4,19,0,18,0,1,0,0,0,0,1,1,1,1,23,5,1248,2,1,-1,1,-1
2016930000080,1,9,0,5,0,2,0,0,0,0,1,1,6,1,19,4,1368,1,7,-1,1,-1
2016930000080,2,1,0,18,0,2,0,0,0,0,4,1,6,1,76,11,-1,-1,-1,-1,3,-1
2016930000081,1,9,0,16,0,0,1,0,0,0,1,1,6,2,47,8,1364,1,8,-1,3,-1
2016930000081,2,9,0,17,0,0,0,0,0,0,1,1,6,1,30,6,1968,2,2,-1,3,-1
2016930000082,1,9,0,5,0,0,0,0,0,0,1,1,2,1,34,6,1991,2,6,-1,1,-1
2016930000082,2,9,0,5,0,0,0,0,0,0,2,1,2,1,48,8,1956,2,3,-1,2,-1
2016930000083,1,9,0,18,0,1,0,0,0,0,1,1,6,1,42,7,1686,2,2,-1,2,-1
2016930000083,2,9,0,4,0,1,0,0,0,0,2,1,6,2,51,8,1968,2,6,-1,1,-1
2016930000084,1,9,0,4,0,0,0,0,0,0,2,1,6,1,29,6,1598,1,11,-1,1,-1
2016930000085,1,90,0,1,0,1,0,0,0,0,2,1,6,3,-1,-1,-1,-1,-1,-1,-1,-1
2016930000086,1,9,0,18,0,4,0,0,0,0,1,1,1,1,49,8,1598,2,5,-1,1,-1
2016930000086,2,9,0,18,0,4,0,0,0,0,2,1,6,1,61,9,2400,2,5,-1,1,-1
2016930000087,1,9,0,18,0,1,0,0,0,0,1,1,6,3,-1,-1,-1,-1,-1,-1,-1,-1
2016930000088,1,9,0,18,0,0,2,0,7,0,1,1,2,1,27,6,1332,1,17,-1,3,-1
2016930000088,2,9,0,4,0,0,0,0,0,0,0,1,6,1,56,9,-1,-1,-1,-1,3,-1
2016930000089,1,19,0,16,0,0,1,0,0,0,1,1,1,1,43,7,2143,2,2,-1,2,-1
2016930000089,2,21,0,17,0,0,1,0,0,0,1,1,1,1,59,9,-1,-1,-1,-1,1,-1
2016930000090,1,9,0,4,0,1,0,0,0,0,1,1,6,1,65,9,1998,1,6,-1,3,-1
2016930000090,2,9,0,3,0,1,0,0,0,0,2,1,6,1,32,6,-1,-1,-1,-1,1,-1
2016930000091,1,9,0,4,0,1,0,0,0,0,4,1,2,1,50,8,2720,2,11,-1,3,-1
2016930000092,1,9,0,18,0,4,0,0,0,0,1,1,6,1,23,5,1199,1,13,-1,2,-1
2016930000092,2,9,0,5,0,3,0,0,0,0,1,1,6,2,27,6,1399,2,4,-1,2,-1
2016930000093,1,9,0,18,0,2,0,0,0,0,1,1,6,2,20,4,1242,1,2,-1,1,-1
2016930000094,1,9,0,18,0,1,0,0,0,0,4,1,6,3,-1,-1,-1,-1,-1,-1,-1,-1
2016930000095,1,9,0,5,0,4,0,0,0,0,1,1,2,1,55,8,1995,2,2,-1,1,-1
2016930000095,2,9,0,5,0,4,0,0,0,0,2,1,2,2,42,7,-1,-1,-1,-1,1,-1
2016930000096,1,9,0,9,0,3,0,0,0,0,1,1,6,1,53,8,1796,1,17,-1,1,-1
2016930000096,2,9,0,18,0,4,0,0,0,0,1,1,6,2,23,5,1596,1,4,-1,1,-1
2016930000097,1,9,0,5,0,2,0,0,0,0,1,1,6,2,42,7,1968,2,4,-1,1,-1
2016930000097,2,9,0,18,0,2,0,0,0,0,1,1,6,1,78,11,-1,-1,-1,-1,1,-1
2016930000098,1,9,0,5,0,2,0,0,0,0,1,1,6,1,81,11,1498,1,-1,-1,1,-1
2016930000098,2,9,0,18,0,1,0,0,0,0,1,1,6,2,34,6,1242,1,10,-1,1,-1
2016930000099,1,9,0,18,0,0,0,0,0,0,1,1,1,1,29,6,1598,2,5,-1,1,-1
2016930000099,2,9,0,2,0,0,0,0,0,0,2,1,6,2,54,8,1490,1,8,-1,1,-1
2016930000099,3,9,0,2,0,0,0,0,0,0,2,1,6,1,26,6,1349,1,7,-1,1,-1
2016930000100,1,9,0,18,0,1,0,0,0,0,1,1,6,1,49,8,1388,1,15,-1,1,-1
2016930000100,2,9,0,4,0,1,0,0,0,0,2,1,6,2,26,6,1229,1,5,-1,3,-1
2016930000101,1,19,0,17,0,0,0,0,1,3,1,1,6,1,46,8,2461,2,13,-1,3,-1
2016930000102,1,9,0,18,0,1,0,0,0,0,1,1,6,2,20,4,998,1,7,-1,1,-1
2016930000102,2,9,0,18,0,1,0,0,0,0,2,1,6,2,25,5,1242,1,12,-1,1,-1
2016930000103,1,9,0,13,0,0,0,0,0,0,1,1,6,1,34,6,2993,2,5,-1,3,-1
2016930000103,2,9,0,18,0,0,0,0,1,0,1,1,6,1,64,9,1560,2,1,-1,3,-1
2016930000104,1,9,0,9,0,1,0,0,0,0,1,1,6,1,78,11,1973,1,16,-1,1,-1
2016930000104,2,5,0,18,0,1,5,0,0,0,1,1,6,1,28,6,124,1,1,-1,1,-1
2016930000105,1,19,0,5,0,2,0,0,0,0,4,1,1,1,27,6,2198,2,4,-1,2,-1
2016930000105,2,9,0,18,0,1,0,0,0,0,1,1,6,2,32,6,1997,2,3,-1,1,-1
2016930000106,1,9,0,5,0,4,0,0,0,0,1,1,6,1,65,9,1461,2,5,-1,1,-1
2016930000106,2,1,0,3,0,4,0,0,0,0,2,1,2,1,51,8,-1,-1,-1,-1,1,-1
2016930000107,1,9,0,5,0,2,0,0,0,0,1,1,2,1,29,6,1364,1,10,-1,1,-1
2016930000107,2,9,0,18,0,2,0,0,0,0,3,1,2,1,19,4,-1,-1,-1,-1,1,-1
2016930000108,1,3,0,18,0,0,2,0,1,0,1,1,6,1,21,5,124,1,1,-1,1,-1
2016930000109,1,19,0,1,0,0,0,0,0,0,2,1,1,1,40,7,1560,2,1,-1,1,-1
2016930000109,2,3,0,4,0,0,5,0,0,0,1,1,6,1,46,8,125,1,1,-1,2,-1
2016930000110,1,5,0,9,0,2,2,0,0,0,4,1,6,1,40,7,599,1,3,-1,1,-1
2016930000111,1,9,0,9,0,1,0,0,0,0,3,1,6,1,21,5,1995,2,4,-1,1,-1
2016930000112,1,9,0,18,0,0,0,0,2,2,3,1,6,2,19,4,1299,1,14,-1,1,-1
2016930000113,1,9,0,9,0,2,0,0,0,0,1,1,6,2,38,7,-1,-1,-1,-1,1,-1
2016930000113,2,3,0,18,0,2,5,0,0,0,3,1,6,1,17,4,-1,-1,-1,-1,1,-1
2016930000114,1,9,0,18,0,6,0,0,3,1,1,1,6,2,82,11,1998,2,8,-1,3,-1
2016930000114,2,9,0,18,0,2,5,0,0,0,1,1,6,2,70,10,1242,1,9,-1,3,-1
2016930000115,1,5,0,18,0,0,2,0,0,0,1,1,6,2,46,8,749,1,19,-1,1,-1
2016930000116,1,19,0,9,0,2,0,0,0,0,1,1,1,1,41,7,2198,2,3,-1,3,-1
2016930000116,2,9,0,18,0,1,0,0,0,0,1,1,6,2,35,6,2400,2,2,-1,3,-1
2016930000117,1,9,0,16,0,0,2,0,0,0,1,1,2,1,38,7,1390,1,9,-1,1,-1
2016930000118,1,9,0,18,0,2,0,0,0,0,4,1,6,3,-1,-1,-1,-1,-1,-1,-1,-1
2016930000118,2,9,0,2,0,8,0,0,0,0,0,1,6,2,46,8,1560,2,2,-1,1,-1
2016930000120,1,9,0,18,0,0,0,0,1,11,1,1,6,1,83,11,-1,-1,-1,-1,3,-1
2016930000120,2,9,0,2,0,0,0,0,0,0,3,1,6,2,59,9,1198,1,7,-1,3,-1
2016930000121,1,9,0,18,0,0,1,0,1,11,1,1,6,1,24,5,1988,1,16,-1,3,-1
2016930000121,2,9,0,18,0,0,0,0,0,0,0,1,2,1,21,5,1999,1,9,-1,2,-1
2016930000122,1,9,0,18,0,0,1,0,0,0,1,1,6,1,77,11,-1,-1,-1,-1,2,-1
2016930000122,2,9,0,2,0,0,0,0,0,0,2,1,6,2,51,8,2148,2,12,-1,3,-1
2016930000123,1,9,0,18,0,0,2,0,1,0,1,1,6,1,20,4,-1,-1,-1,-1,1,-1
2016930000124,1,9,0,5,0,4,0,0,0,0,4,1,6,1,32,6,-1,-1,-1,-1,3,-1
2016930000124,2,5,0,3,0,4,5,0,0,0,2,1,6,1,55,8,-1,-1,-1,1,1,1
2016930000125,1,5,0,16,0,0,2,0,0,0,1,1,6,2,24,5,599,1,12,-1,2,-1
2016930000125,2,9,0,17,0,0,0,0,0,0,1,1,1,1,52,8,1686,2,3,-1,3,-1
2016930000126,1,9,0,9,0,1,0,0,0,0,1,1,6,1,35,6,1796,1,5,-1,1,-1
2016930000126,2,9,0,4,0,1,0,0,0,0,1,1,2,2,44,7,1598,1,11,-1,1,-1
2016930000127,1,3,0,18,0,0,5,0,0,0,1,1,6,1,29,6,-1,-1,-1,-1,1,-1
2016930000127,2,9,0,2,0,0,0,0,0,0,2,1,6,1,23,5,1998,1,6,-1,1,-1
2016930000128,1,9,0,18,0,1,1,0,0,0,1,1,6,1,78,11,1086,1,7,-1,3,-1
2016930000129,1,9,0,5,0,2,0,0,0,0,4,1,1,2,43,7,1956,2,3,8,2,8
2016930000130,1,9,0,13,0,0,0,0,0,0,4,1,6,1,54,8,-1,-1,-1,-1,3,-1
2016930000130,2,1,0,18,0,0,0,0,0,0,0,1,2,1,50,8,-1,-1,-1,-1,3,-1
2016930000131,1,9,0,4,0,1,1,0,0,0,1,1,6,2,25,5,1461,2,9,-1,2,-1
2016930000131,2,21,1,3,0,1,0,0,0,0,2,1,1,1,48,8,4764,2,3,-1,1,-1
2016930000132,1,9,0,13,0,0,0,0,0,0,1,1,6,1,83,11,-1,-1,-1,-1,3,-1
2016930000132,2,9,0,18,0,0,0,0,0,0,1,1,6,1,66,10,1229,1,11,-1,3,-1
2016930000132,3,17,0,18,0,0,0,0,0,0,3,1,1,1,59,9,-1,-1,-1,-1,1,-1
2016930000132,4,9,0,18,0,0,0,0,0,0,0,1,6,2,27,6,1753,2,8,-1,2,-1
2016930000133,1,9,0,18,0,1,0,0,0,0,1,1,6,3,-1,-1,1753,2,16,-1,-1,-1
2016930000133,2,1,0,18,0,1,0,0,0,0,4,1,6,1,31,6,-1,-1,-1,-1,1,-1
2016930000134,1,5,0,18,0,1,0,0,0,0,0,1,6,1,28,6,645,1,12,-1,3,-1
2016930000134,2,9,0,10,0,8,0,0,0,0,4,1,6,1,54,8,-1,-1,-1,-1,1,-1
2016930000135,1,9,0,18,0,1,0,0,0,0,1,1,6,2,33,6,1596,1,13,-1,1,-1
2016930000136,1,9,0,18,0,2,0,0,0,0,1,1,6,2,29,6,1997,2,15,-1,1,-1
2016930000137,1,5,0,18,0,1,0,0,0,0,1,1,6,1,27,6,675,1,3,-1,1,-1
2016930000137,2,9,0,9,0,5,0,0,0,0,4,1,6,1,29,6,1896,2,7,-1,3,-1