Accident_Index,Vehicle_Reference,Vehicle_Type,Towing_and_Articulation,Vehicle_Manoeuvre,Vehicle_Location-Restricted_Lane,Junction_Location,Skidding_and_Overturning,Hit_Object_in_Carriageway,Vehicle_Leaving_Carriageway,Hit_Object_off_Carriageway,1st_Point_of_Impact,Was_Vehicle_Left_Hand_Drive?,Journey_Purpose_of_Driver,Sex_of_Driver,Age_of_Driver,Age_Band_of_Driver,Engine_Capacity_(CC),Propulsion_Code,Age_of_Vehicle,Driver_IMD_Decile,Driver_Home_Area_Type,Vehicle_IMD_Decile
2016930000139,1,9,0,5,0,6,0,0,0,0,3,1,6,2,33,6,2967,2,7,-1,3,-1
2016930000139,2,11,0,18,0,1,0,0,0,0,1,1,1,1,37,7,5900,2,11,-1,1,-1
2016930000146,1,20,4,16,0,0,2,0,7,0,1,1,6,1,43,7,-1,-1,-1,10,2,10
2016930000147,1,9,0,9,0,1,0,0,1,11,1,1,1,1,41,7,-1,-1,-1,-1,1,-1
2016930000147,2,9,0,18,0,1,0,0,0,0,1,1,1,1,33,6,-1,-1,-1,-1,1,-1
2016930000147,3,9,0,18,0,1,0,0,0,0,1,1,6,1,37,7,-1,-1,-1,-1,-1,-1
2016930000164,1,5,0,17,0,0,2,0,1,0,1,1,6,1,39,7,124,1,5,-1,1,-1
2016930000165,1,9,0,5,0,4,0,0,0,0,3,1,2,2,58,9,1497,8,2,-1,1,-1
2016930000165,2,1,0,18,0,8,5,0,0,0,1,1,6,1,53,8,-1,-1,-1,-1,2,-1
2016930000181,1,9,0,7,0,2,0,0,0,0,1,1,2,2,57,9,1390,1,9,-1,1,-1
2016930000184,1,9,0,5,0,1,0,0,0,0,1,1,6,1,48,8,2184,2,10,-1,3,-1
2016930000196,1,19,0,18,0,0,0,0,7,2,1,1,2,2,63,9,1868,2,12,-1,1,-1
2016930000211,1,9,0,18,0,0,5,0,4,6,1,1,6,1,32,6,1149,1,11,-1,1,-1
2016930000212,1,9,0,12,0,0,0,0,0,0,3,1,6,1,68,10,1461,2,5,-1,1,-1
2016930000212,2,9,0,18,0,0,0,0,0,0,4,1,1,2,55,8,1368,1,7,-1,1,-1
2016930000219,1,19,0,18,0,0,0,0,0,0,1,1,6,1,58,9,2143,2,4,-1,1,-1
2016930000219,2,9,0,18,0,0,0,0,0,0,2,1,6,1,60,9,-1,-1,-1,-1,1,-1
2016930000224,1,19,0,18,0,0,0,0,0,0,1,1,6,1,37,7,2402,2,13,-1,3,-1
2016930000224,2,19,0,3,0,0,0,0,0,0,2,1,1,1,48,8,2198,2,1,-1,1,-1
2016930000226,1,9,0,18,0,0,0,0,0,0,4,1,6,2,32,6,2143,2,-1,-1,-1,-1
2016930000228,1,9,0,18,0,2,0,0,7,11,3,1,1,1,67,10,1997,2,9,-1,1,-1
2016930000229,1,9,0,18,0,0,0,0,4,6,1,1,6,1,70,10,1086,1,7,-1,-1,-1
2016930000235,1,9,0,5,0,2,0,0,0,0,1,1,2,1,35,6,2982,2,1,-1,1,-1
2016930000235,2,9,0,5,0,1,0,0,0,0,1,1,6,2,76,11,998,1,7,-1,1,-1
2016930000235,3,9,0,3,0,1,0,0,0,0,1,1,6,2,26,6,1299,1,12,-1,1,-1
2016930000237,1,9,0,7,0,2,0,0,0,0,1,1,6,2,25,5,1596,1,5,-1,1,-1
2016930000239,1,20,0,18,0,3,0,0,0,0,1,1,1,1,29,6,-1,-1,-1,-1,3,-1
2016930000239,2,9,0,3,0,3,0,0,0,0,2,1,6,1,67,10,1685,2,3,-1,3,-1
2016930000250,1,3,0,16,0,0,5,0,0,0,1,1,6,1,23,5,124,1,11,-1,1,-1
2016930000250,2,9,0,17,0,0,0,0,0,0,1,1,2,2,50,8,1968,2,5,-1,3,-1
2016930000253,1,9,0,1,0,0,0,0,0,0,1,1,6,2,84,11,1591,1,3,-1,-1,-1
2016930000253,2,9,0,2,0,0,0,0,0,0,1,1,6,1,74,10,-1,-1,-1,-1,3,-1
2016930000256,1,19,0,1,0,2,0,0,0,0,2,1,1,1,21,5,2299,2,5,-1,1,-1
2016930000256,2,22,0,5,0,2,5,0,0,0,1,1,6,2,52,8,-1,-1,-1,-1,1,-1
2016930000261,1,9,0,18,0,1,0,0,0,0,1,1,6,1,64,9,1398,1,2,-1,3,-1
2016930000268,1,5,0,17,0,0,1,0,1,0,1,1,6,1,50,8,600,1,-1,-1,1,-1
2016930000270,1,5,0,16,0,0,5,0,1,11,1,1,6,1,53,8,-1,-1,-1,-1,-1,-1
2016930000270,2,9,0,17,0,0,0,0,0,0,3,1,6,1,55,8,1560,2,4,-1,3,-1
2016930000285,1,1,0,18,0,0,5,0,0,0,3,1,6,2,14,3,-1,-1,-1,-1,1,-1
2016930000285,2,20,0,18,0,0,0,0,0,0,1,1,6,1,29,6,-1,-1,-1,-1,1,-1
2016930000286,1,9,0,18,0,0,0,0,7,0,1,1,6,2,63,9,1598,1,5,-1,1,-1
2016930000291,1,9,0,1,0,1,0,0,0,0,4,1,6,2,23,5,998,1,5,-1,3,-1
2016930000292,1,9,0,18,0,0,0,0,7,11,1,1,6,1,84,11,1998,1,13,-1,2,-1
2016930000297,1,9,0,5,0,1,0,0,0,0,1,1,6,1,71,10,1997,1,3,-1,1,-1
2016930000297,2,9,0,18,0,1,0,0,0,0,4,1,2,1,65,9,1560,2,9,-1,3,-1
2016930000298,1,4,0,16,0,2,2,0,0,0,3,1,6,1,40,7,124,1,-1,-1,1,-1
2016930000298,2,9,0,17,0,1,0,0,0,0,3,1,6,2,45,7,1496,2,-1,-1,2,-1
2016930000299,1,5,0,16,0,0,1,0,7,0,1,1,6,1,54,8,1298,1,16,-1,1,-1
2016930000300,1,20,0,5,0,4,0,0,0,0,1,1,1,1,30,6,-1,-1,-1,-1,1,-1
2016930000300,2,9,0,18,0,3,0,0,0,0,1,1,1,1,46,8,1461,2,9,-1,1,-1
2016930000301,1,9,0,18,0,0,0,0,0,0,3,1,6,3,-1,-1,-1,-1,-1,-1,-1,-1
2016930000302,1,5,0,16,0,0,0,0,0,0,1,1,6,1,52,8,-1,-1,-1,-1,-1,-1
2016930000302,2,5,0,17,0,0,5,0,0,0,4,1,6,1,58,9,1099,1,14,-1,1,-1
2016930000310,1,9,0,18,0,0,0,0,0,0,1,1,6,2,83,11,1339,1,8,-1,1,-1
2016930000310,2,9,0,18,0,0,5,0,1,0,1,1,6,1,66,10,1560,2,7,-1,2,-1
2016930000313,1,5,0,18,0,1,0,0,0,0,1,1,6,1,52,8,583,1,15,-1,1,-1
2016930000313,2,9,0,3,0,1,0,0,0,0,2,1,6,2,50,8,1395,1,-1,-1,1,-1
2016930000314,1,9,0,18,0,0,2,0,7,0,1,1,6,1,19,4,996,1,7,-1,1,-1
2016930000315,1,9,0,17,0,0,0,0,0,0,1,1,1,1,-1,-1,1997,2,-1,-1,2,-1
2016930000315,2,9,0,16,0,0,0,0,0,0,1,1,6,2,56,9,1198,1,4,-1,2,-1
2016930000315,3,9,0,17,0,0,0,0,0,0,3,1,1,2,63,9,1560,2,7,-1,1,-1
2016930000317,1,9,0,16,0,0,0,0,0,0,1,1,6,1,17,4,1229,1,4,-1,3,-1
2016930000317,2,9,0,17,0,0,0,0,0,0,1,1,6,2,34,6,1968,2,1,-1,3,-1
2016930000318,1,9,0,18,0,2,0,0,7,0,1,1,6,1,31,6,1598,2,5,-1,1,-1
2016930000319,1,9,0,18,0,0,0,0,0,0,1,1,6,1,40,7,1995,2,14,-1,1,-1
2016930000319,2,21,1,2,0,0,0,0,0,0,2,1,1,1,39,7,12902,2,3,-1,1,-1
2016930000324,1,1,0,18,0,0,5,0,0,0,1,1,2,1,29,6,-1,-1,-1,-1,1,-1
2016930000324,2,9,0,2,0,0,0,0,0,0,2,1,6,2,39,7,1240,1,12,-1,1,-1
2016930000327,1,9,0,4,0,2,0,0,0,0,3,1,1,1,68,10,1560,2,5,-1,1,-1
2016930000327,2,5,0,18,0,2,0,0,0,0,4,1,2,1,52,8,1050,1,9,-1,1,-1
2016930000328,1,9,0,5,0,8,0,0,0,0,1,1,6,1,90,11,1198,1,3,-1,2,-1
2016930000328,2,9,0,9,0,8,0,0,0,0,3,1,6,2,27,6,998,1,3,-1,2,-1
2016930000331,1,9,0,16,0,0,0,0,7,4,1,1,6,2,17,4,1299,1,10,-1,1,-1
2016930000335,1,9,0,5,0,0,0,0,0,0,4,1,1,1,-1,-1,1248,2,2,-1,1,-1
2016930000336,1,8,0,18,0,2,0,0,0,0,3,1,1,1,33,6,-1,3,2,-1,1,-1
2016930000337,1,9,0,9,0,1,0,0,0,0,1,1,6,1,35,6,1686,2,4,-1,3,-1
2016930000337,2,9,0,18,0,1,0,0,0,0,1,1,6,2,78,11,2179,2,6,-1,3,-1
2016930000345,1,9,0,18,0,0,5,0,0,0,1,1,6,1,17,4,1242,1,1,-1,3,-1
2016930000345,2,9,0,2,0,0,0,0,0,0,1,1,6,2,40,7,-1,-1,-1,-1,1,-1
2016930000345,3,9,0,2,0,0,0,0,0,0,1,1,6,1,43,7,1968,2,1,-1,1,-1
2016930000346,1,9,0,7,0,2,0,4,0,0,1,1,6,1,76,11,1149,1,6,-1,1,-1
2016930000348,1,9,0,18,0,8,0,0,0,0,1,1,6,1,68,10,1598,2,-1,-1,-1,-1
2016930000348,2,9,0,18,0,8,0,0,0,0,1,1,6,2,32,6,1398,1,11,-1,1,-1
2016930000348,3,9,0,3,0,1,0,0,0,0,3,1,6,1,56,9,1120,2,4,-1,1,-1
2016930000357,1,5,0,18,0,0,5,0,1,11,4,1,6,1,48,8,1340,1,8,-1,1,-1
2016930000358,1,9,0,4,0,1,1,0,0,0,1,1,6,1,23,5,1242,1,6,-1,2,-1
2016930000358,2,9,0,3,0,1,0,0,0,0,2,1,6,2,54,8,998,1,9,-1,2,-1
2016930000358,3,9,0,3,0,1,0,0,0,0,2,1,6,2,48,8,1598,1,9,-1,3,-1
2016930000359,1,19,0,1,0,2,0,0,0,0,2,1,6,1,35,6,1968,2,1,-1,1,-1
2016930000360,1,9,0,18,0,0,0,0,0,0,1,1,6,1,34,6,1390,1,13,-1,1,-1
2016930000363,1,2,0,16,0,0,5,0,7,7,1,1,6,1,49,8,988,1,12,-1,3,-1
2016930000373,1,9,0,9,0,3,0,0,0,0,1,1,2,1,51,8,-1,-1,-1,-1,3,-1
2016930000374,1,9,0,16,0,0,2,0,0,4,3,1,2,1,26,6,1242,1,8,-1,2,-1
2016930000375,1,9,0,16,0,0,0,0,1,1,1,1,2,2,42,7,1499,2,2,-1,1,-1
2016930000376,1,9,0,4,0,0,0,0,0,0,1,1,6,2,42,7,1598,1,3,-1,1,-1
2016930000376,2,9,0,3,0,0,0,0,0,0,2,1,6,1,47,8,1798,1,9,-1,1,-1
2016930000377,1,9,0,2,0,2,0,0,0,0,3,1,6,1,67,10,1242,1,2,-1,1,-1
2016930000377,2,1,0,18,0,1,0,8,0,0,1,1,6,1,15,3,-1,-1,-1,-1,1,-1
2016930000377,3,1,0,18,0,1,0,8,0,0,1,1,6,1,16,4,-1,-1,-1,-1,1,-1
2016930000390,1,9,0,3,0,0,0,0,0,0,1,1,2,2,22,5,1968,2,5,-1,1,-1
2016930000394,1,9,0,16,0,0,1,0,8,11,1,1,6,2,29,6,1198,1,10,-1,2,-1
2016930000397,1,9,0,4,0,1,0,0,0,0,1,1,6,2,19,4,1197,1,-1,-1,1,-1
2016930000397,2,9,0,3,0,1,0,0,0,0,2,1,6,2,64,9,1364,1,7,-1,1,-1
2016930000398,1,9,0,18,0,0,0,0,0,0,4,1,6,1,73,10,1598,1,1,-1,1,-1
2016930000399,1,9,0,14,0,1,0,0,0,0,1,1,1,2,19,4,1149,1,8,-1,1,-1
2016930000400,1,9,0,18,0,8,0,0,0,0,1,1,6,1,27,6,1329,1,7,-1,1,-1
2016930000400,2,9,0,18,0,8,0,0,0,0,1,1,6,1,52,8,1896,2,12,-1,1,-1
2016930000405,1,9,0,17,0,0,0,12,2,11,1,1,6,1,20,4,1781,1,14,-1,2,-1
2016930000411,1,20,0,1,0,0,0,0,0,0,2,1,1,3,-1,-1,-1,-1,-1,-1,-1,-1
2016930000413,1,9,0,18,0,0,0,0,0,0,2,1,6,2,66,10,1595,1,10,-1,1,-1
2016930000417,1,9,0,9,0,8,0,0,0,0,1,1,6,2,59,9,1968,2,1,6,1,6
2016930000417,2,9,0,18,0,8,0,0,0,0,1,1,6,1,30,6,1968,2,1,-1,2,-1
2016930000422,1,9,0,18,0,0,5,7,0,0,1,1,6,1,72,10,1360,1,10,-1,1,-1
2016930000424,1,9,0,4,0,1,0,0,0,0,1,1,6,2,70,10,1461,2,3,-1,3,-1
2016930000424,2,9,0,3,0,2,0,0,0,0,2,1,6,1,67,10,1199,1,14,-1,1,-1
2016930000425,1,9,0,18,0,8,0,0,0,0,1,1,6,1,56,9,1242,1,9,-1,3,-1
2016930000425,2,9,0,18,0,8,0,0,0,0,1,1,6,1,57,9,1896,2,12,-1,3,-1
2016930000426,1,9,0,14,0,0,1,0,5,6,1,1,6,2,41,7,1199,1,3,-1,1,-1
2016930000426,2,11,4,18,0,0,0,0,0,0,3,1,1,1,61,9,12900,2,4,-1,1,-1
2016930000427,1,19,0,7,0,8,0,0,0,0,1,1,1,1,25,5,1995,2,9,-1,1,-1
2016930000428,1,5,0,16,0,0,1,0,7,0,3,1,6,1,50,8,996,1,11,-1,1,-1
2016930000429,1,22,0,18,0,0,0,0,0,0,1,1,6,2,71,10,-1,-1,-1,-1,3,-1
2016930000430,1,1,0,18,0,0,5,11,0,0,1,1,6,1,44,7,-1,-1,-1,-1,3,-1
2016930000431,1,9,0,4,0,1,1,0,3,11,1,1,6,1,17,4,998,1,13,-1,1,-1
2016930000432,1,1,0,18,0,8,0,0,0,0,1,1,2,2,27,6,-1,-1,-1,-1,1,-1
2016930000432,2,9,0,18,0,8,0,0,0,0,4,1,2,1,67,10,1598,2,3,-1,1,-1
2016930000433,1,9,0,16,0,0,0,0,0,0,1,1,6,1,25,5,1229,1,11,-1,1,-1
2016930000433,2,9,0,17,0,0,0,0,0,0,1,1,1,1,33,6,-1,-1,-1,-1,1,-1
2016930000433,3,9,0,2,0,0,0,0,0,0,2,1,6,1,23,5,1997,1,8,-1,1,-1
2016930000433,4,9,0,2,0,0,0,0,0,0,2,1,6,1,39,7,1796,1,13,-1,1,-1
2016930000433,5,9,0,2,0,0,0,0,0,0,2,1,6,1,60,9,1799,1,9,-1,1,-1
2016930000434,1,9,0,4,0,0,0,0,0,0,4,1,6,2,80,11,1229,1,2,-1,1,-1
2016930000435,1,9,0,5,0,1,0,0,0,0,3,1,6,1,46,8,1560,2,8,-1,1,-1
2016930000435,2,1,0,5,0,1,0,0,0,0,4,1,6,1,46,8,-1,-1,-1,-1,1,-1
2016930000436,1,9,0,9,0,1,0,0,0,0,3,1,6,2,52,8,1248,1,5,-1,3,-1
2016930000436,2,5,0,13,0,1,0,0,0,0,4,1,6,1,30,6,599,1,13,-1,1,-1
2016930000437,1,19,0,18,0,8,0,0,7,1,3,1,1,1,22,5,-1,-1,-1,-1,-1,-1
2016930000437,2,9,0,18,0,8,0,0,7,0,1,1,1,1,22,5,1598,2,2,-1,1,-1
2016930000438,1,9,0,18,0,0,2,0,1,0,4,1,6,2,27,6,-1,-1,-1,-1,2,-1
2016930000439,1,8,0,9,0,8,0,0,0,0,3,1,1,1,58,9,1248,2,2,-1,1,-1
2016930000439,2,9,0,18,0,8,0,0,0,0,1,1,6,2,44,7,-1,-1,-1,-1,1,-1
2016930000441,1,9,0,9,0,0,0,0,0,0,3,1,1,1,48,8,1598,2,1,8,2,8
2016930000441,2,9,0,14,0,0,0,0,0,0,1,1,2,1,18,4,1198,1,13,-1,3,-1
2016930000442,1,9,0,1,0,0,0,0,0,0,2,1,6,1,46,8,1753,2,9,-1,1,-1
2016930000443,1,9,0,18,0,0,0,0,0,0,1,1,6,1,67,10,1399,1,5,-1,1,-1
2016930000444,1,9,0,17,0,0,1,0,1,10,1,1,6,2,18,4,1198,1,5,-1,1,-1
2016930000445,1,9,0,17,0,0,2,0,2,0,4,1,6,1,22,5,1895,1,15,-1,3,-1
2016930000446,1,9,0,6,0,0,0,0,0,0,1,1,6,1,46,8,1329,1,4,-1,1,-1
2016930000446,2,9,0,18,0,0,0,0,0,0,1,1,1,1,53,8,-1,-1,-1,-1,1,-1
2016930000447,1,1,0,18,0,2,0,0,0,0,1,1,6,1,12,3,-1,-1,-1,-1,1,-1
2016930000447,2,9,0,7,0,2,0,0,0,0,4,1,6,1,39,7,1461,2,6,-1,1,-1
2016930000448,1,9,0,17,0,0,5,0,7,11,4,1,6,1,30,6,998,1,15,-1,3,-1
2016930000449,1,9,0,18,0,1,0,0,0,0,1,1,6,2,50,8,1799,1,8,-1,1,-1
2016930000450,1,19,0,17,0,0,0,0,0,0,3,1,1,1,23,5,-1,-1,-1,-1,3,-1
2016930000450,2,5,0,3,0,0,0,0,0,0,3,1,6,1,60,9,1402,1,10,-1,1,-1
2016930000451,1,9,0,18,0,0,0,0,0,0,1,1,6,1,20,4,-1,-1,-1,8,1,8
2016930000451,2,9,0,18,0,0,0,0,0,0,1,1,6,1,47,8,1840,1,15,-1,3,-1
2016930000452,1,5,0,17,0,0,1,0,0,0,4,1,6,1,56,9,-1,-1,-1,-1,-1,-1
2016930000453,1,9,0,16,0,0,1,0,0,0,1,1,2,1,31,6,1995,2,12,-1,1,-1
2016930000453,2,9,0,16,0,0,0,0,0,0,1,1,6,1,65,9,1242,1,3,-1,2,-1
2016930000454,1,9,0,5,0,0,0,0,0,0,0,1,6,1,47,8,1998,2,11,-1,2,-1
2016930000455,1,9,0,16,0,0,1,0,2,11,1,1,6,2,21,5,1360,1,8,-1,1,-1
2016930000456,1,9,0,9,0,4,0,0,0,0,1,1,6,1,42,7,1968,1,11,-1,1,-1
2016930000456,2,1,0,18,0,8,0,0,0,0,1,1,6,2,40,7,-1,-1,-1,-1,1,-1
2016930000457,1,9,0,12,0,0,0,0,0,0,3,1,6,2,75,10,1994,1,7,-1,3,-1
2016930000457,2,9,0,18,0,0,0,0,0,0,3,1,6,1,67,10,1968,2,2,-1,1,-1
2016930000457,3,9,0,18,0,0,0,0,0,0,1,1,6,1,55,8,1396,2,-1,-1,-1,-1
2016930000458,1,9,0,16,0,0,1,0,1,0,4,1,6,1,89,11,2199,1,21,-1,1,-1
2016930000459,1,9,0,5,0,6,0,0,0,0,1,1,6,2,44,7,1598,2,3,-1,2,-1
2016930000459,2,9,0,18,0,1,5,0,0,0,4,1,2,1,71,10,-1,-1,-1,-1,2,-1
2016930000465,1,5,0,6,0,0,0,0,0,0,1,1,6,1,63,9,-1,-1,-1,7,1,7
2016930000466,1,9,0,16,0,0,0,0,0,0,1,1,2,1,28,6,1149,1,15,-1,3,-1
2016930000466,2,17,0,17,0,0,0,0,0,0,1,1,2,1,71,10,-1,-1,-1,-1,3,-1
2016930000467,1,9,0,9,0,8,0,0,0,0,3,1,2,1,48,8,1995,2,3,-1,1,-1
2016930000467,2,1,0,18,0,8,0,0,0,0,1,1,2,1,57,9,-1,-1,-1,-1,3,-1
2016930000468,1,9,0,1,0,0,0,0,0,0,2,1,6,2,43,7,1997,1,7,-1,3,-1
2016930000469,1,9,0,16,0,0,1,0,7,4,1,1,2,2,20,4,1339,1,9,-1,2,-1
2016930000470,1,9,0,9,0,8,0,0,0,0,1,1,1,1,56,9,1995,2,3,-1,1,-1
2016930000470,2,9,0,18,0,8,0,0,0,0,1,1,1,2,53,8,-1,-1,-1,-1,1,-1
2016930000471,1,9,0,14,0,0,0,0,0,0,1,1,1,1,38,7,-1,-1,-1,-1,1,-1
2016930000471,2,9,0,18,0,0,0,0,0,0,1,1,6,1,39,7,1995,2,3,-1,1,-1
2016930000472,1,5,0,16,0,0,5,0,7,7,1,1,6,1,52,8,999,1,1,-1,3,-1
2016930000474,1,9,0,7,0,8,0,0,0,0,4,1,6,1,18,4,1242,1,-1,-1,3,-1
2016930000474,2,21,1,18,0,8,0,0,0,0,1,1,1,1,50,8,12777,2,1,-1,3,-1
2016930000475,1,5,0,16,0,0,0,0,0,0,3,1,6,1,42,7,599,1,8,-1,1,-1
2016930000475,2,9,0,17,0,0,0,0,0,0,3,1,6,1,62,9,-1,-1,-1,-1,2,-1
2016930000476,1,9,0,18,0,1,5,0,6,1,1,1,2,2,61,9,1598,1,17,-1,3,-1
2016930000477,1,9,0,18,0,1,0,0,2,1,1,1,6,2,46,8,1198,1,2,-1,1,-1
2016930000478,1,9,0,6,0,0,0,0,0,0,1,1,1,1,35,6,1582,2,5,-1,1,-1
2016930000478,2,9,0,18,0,0,0,0,0,0,3,1,6,1,19,4,-1,-1,-1,-1,3,-1
2016930000479,1,19,0,18,0,0,0,0,0,0,1,1,6,1,32,6,1870,2,14,-1,1,-1
2016930000479,2,19,0,2,0,0,0,0,0,0,2,1,6,3,-1,-1,2143,2,1,-1,-1,-1
2016930000480,1,4,0,18,0,0,2,0,0,0,1,1,6,1,50,8,246,1,35,-1,1,-1
2016930000481,1,5,0,18,0,8,0,0,0,0,1,1,6,1,21,5,600,1,19,-1,1,-1
2016930000481,2,9,0,9,0,8,0,0,0,0,1,1,6,2,55,8,2401,2,13,-1,1,-1
2016930000482,1,1,0,18,0,8,0,0,0,0,1,1,2,1,38,7,-1,-1,-1,-1,1,-1
2016930000482,2,9,0,18,0,8,0,0,0,0,4,1,2,2,59,9,1200,1,2,-1,1,-1
2016930000483,1,9,0,18,0,0,5,0,0,0,1,1,6,2,79,11,1198,1,6,-1,2,-1
2016930000483,2,9,0,2,0,0,0,0,1,11,2,1,6,3,-1,-1,2179,2,3,-1,-1,-1
2016930000483,3,9,0,2,0,0,0,0,1,11,4,1,6,3,-1,-1,999,1,2,-1,-1,-1
2016930000484,1,19,0,5,0,8,0,0,0,0,1,1,1,1,51,8,1870,2,12,-1,1,-1
2016930000484,2,9,0,18,0,8,0,0,0,0,4,1,6,2,54,8,1397,1,3,-1,1,-1
2016930000485,1,9,0,1,0,2,0,0,0,0,2,1,6,2,53,8,1582,2,8,-1,3,-1
2016930000485,2,9,0,2,0,1,0,0,0,0,1,1,1,1,60,9,-1,-1,-1,-1,3,-1
2016930000486,1,5,0,14,0,1,0,0,0,0,1,1,6,1,60,9,1237,1,5,-1,2,-1
2016930000486,2,9,0,9,0,5,0,0,0,0,3,1,6,2,57,9,1560,2,1,-1,3,-1
2016930000487,1,9,0,5,0,6,0,0,0,0,1,1,6,1,68,10,1968,2,3,-1,3,-1
2016930000487,2,9,0,18,0,1,0,0,1,4,4,1,2,1,35,6,2993,2,10,-1,2,-1
2016930000488,1,9,0,4,0,8,0,0,1,0,1,1,6,1,80,11,1598,2,3,-1,2,-1
2016930000488,2,9,0,18,0,8,5,0,1,4,3,1,6,2,76,11,899,1,3,-1,1,-1
2016930000489,1,5,0,17,0,0,0,0,2,0,4,1,6,1,33,6,-1,-1,-1,-1,1,-1
2016930000490,1,9,0,3,0,1,0,0,0,0,1,1,2,2,50,8,-1,-1,-1,-1,1,-1
2016930000490,2,9,0,6,0,8,0,0,0,0,3,1,2,2,35,6,1398,1,-1,-1,1,-1
2016930000491,1,9,0,5,0,2,0,0,0,0,1,1,6,2,25,5,1596,1,1,-1,1,-1
2016930000491,2,9,0,18,0,1,0,0,0,0,1,1,6,2,32,6,1781,1,15,-1,1,-1
2016930000492,1,9,0,7,0,8,0,0,0,0,4,1,2,1,34,6,1588,1,12,-1,1,-1
2016930000492,2,9,0,18,0,1,0,0,0,0,1,1,1,1,58,9,1598,2,3,-1,1,-1
2016930000493,1,9,0,6,0,0,1,0,0,0,1,1,6,2,21,5,1598,1,11,-1,3,-1
2016930000494,1,9,0,12,0,1,0,0,0,0,3,1,6,1,49,8,1596,1,9,-1,1,-1
2016930000494,2,19,0,10,0,8,0,0,3,1,4,1,1,1,25,5,2198,2,-1,-1,1,-1
2016930000495,1,9,0,17,0,0,1,0,7,4,1,1,1,1,18,4,1149,1,4,-1,3,-1
2016930000495,2,9,0,16,0,0,0,0,0,0,0,1,6,1,38,7,2495,2,16,-1,3,-1
2016930000496,1,9,0,17,0,0,1,0,0,0,1,1,6,1,24,5,1390,1,10,-1,3,-1
2016930000496,2,9,0,16,0,0,0,0,0,0,1,1,6,2,25,5,1896,2,13,-1,3,-1
2016930000497,1,9,0,18,0,0,2,0,7,11,3,1,6,1,44,7,1493,1,36,-1,1,-1
2016930000498,1,9,0,18,0,0,1,0,0,0,1,1,6,2,56,9,1991,2,9,9,3,9
2016930000498,2,9,0,18,0,0,0,0,0,0,1,1,6,1,57,9,-1,-1,-1,-1,3,-1
2016930000499,1,9,0,5,0,8,5,0,1,0,3,1,6,1,58,9,1590,1,13,-1,1,-1
2016930000499,2,9,0,18,0,1,0,0,0,0,1,1,6,2,24,5,3199,1,10,-1,1,-1
2016930000500,1,9,0,18,0,2,0,0,0,0,3,1,6,1,43,7,-1,-1,-1,-1,3,-1
2016930000500,2,9,0,18,0,1,0,0,0,0,1,1,6,2,61,9,1368,1,5,-1,1,-1
2016930000500,3,9,0,18,0,2,0,0,4,6,1,1,6,2,29,6,1390,1,10,-1,1,-1
2016930000501,1,9,0,18,0,0,0,0,0,0,4,1,6,2,32,6,996,1,6,-1,1,-1
2016930000502,1,19,0,18,0,0,0,0,1,11,1,1,1,1,47,8,1598,2,1,-1,3,-1
2016930000503,1,3,0,16,0,0,5,0,2,0,4,1,6,1,27,6,124,1,-1,-1,1,-1
2016930000504,1,9,0,15,0,0,0,0,0,0,4,1,2,2,51,8,1995,2,10,-1,3,-1
2016930000504,2,1,0,18,0,0,0,0,1,0,3,1,2,2,57,9,-1,-1,-1,-1,3,-1
2016930000506,1,9,0,17,0,0,0,0,0,0,1,1,6,3,-1,-1,-1,-1,-1,-1,-1,-1
2016930000506,2,2,0,16,0,0,5,0,0,0,1,1,6,1,28,6,50,1,-1,-1,3,-1
2016930000507,1,19,0,7,0,8,0,0,0,0,0,1,1,1,30,6,-1,-1,-1,-1,1,-1
2016930000508,1,19,0,18,0,2,0,0,0,0,1,1,1,1,35,6,1560,2,2,-1,1,-1
2016930000508,2,9,0,3,0,2,0,0,0,0,2,1,6,1,22,5,1596,1,9,-1,3,-1
2016930000509,1,9,0,18,0,1,0,0,0,0,0,1,6,1,39,7,1686,2,6,-1,3,-1
2016930000510,1,19,0,18,0,8,0,0,0,0,1,1,6,1,54,8,-1,-1,-1,-1,1,-1
2016930000510,2,3,0,18,0,8,0,0,0,0,3,1,2,1,39,7,125,1,1,-1,1,-1
2016930000511,1,9,4,18,0,0,0,0,0,0,1,1,1,1,35,6,-1,-1,-1,-1,3,-1
2016930000511,2,9,0,3,0,0,0,0,0,0,2,1,6,2,30,6,1398,2,2,-1,1,-1
2016930000511,3,21,1,3,0,0,0,0,0,0,2,1,1,1,20,4,12777,2,2,-1,3,-1
2016930000512,1,9,0,16,0,0,5,0,6,6,1,1,6,1,72,10,2402,2,8,-1,3,-1
2016930000513,1,9,0,18,0,0,0,0,0,0,4,1,6,2,29,6,1390,1,15,-1,1,-1
2016930000514,1,9,0,6,0,0,5,0,0,0,3,1,6,1,79,11,1560,2,5,-1,2,-1
2016930000514,2,9,0,18,0,0,0,0,0,0,1,1,6,1,47,8,1242,1,7,-1,1,-1
2016930000515,1,9,0,18,0,0,0,0,8,11,1,1,6,1,49,8,1968,2,9,10,3,10
2016930000516,1,9,0,18,0,1,0,0,0,0,1,1,6,2,55,8,1368,1,1,-1,1,-1
2016930000517,1,9,0,16,0,0,0,0,1,0,1,1,6,1,25,5,1596,1,15,-1,1,-1
2016930000517,2,9,0,18,0,0,0,0,0,0,1,1,6,1,72,10,-1,-1,-1,-1,1,-1