Accident_Index,Vehicle_Reference,Vehicle_Type,Towing_and_Articulation,Vehicle_Manoeuvre,Vehicle_Location-Restricted_Lane,Junction_Location,Skidding_and_Overturning,Hit_Object_in_Carriageway,Vehicle_Leaving_Carriageway,Hit_Object_off_Carriageway,1st_Point_of_Impact,Was_Vehicle_Left_Hand_Drive?,Journey_Purpose_of_Driver,Sex_of_Driver,Age_of_Driver,Age_Band_of_Driver,Engine_Capacity_(CC),Propulsion_Code,Age_of_Vehicle,Driver_IMD_Decile,Driver_Home_Area_Type,Vehicle_IMD_Decile
2016941600707,3,9,0,18,0,1,0,0,0,0,1,1,6,2,38,7,1242,1,11,-1,1,-1
2016941600709,1,1,0,18,9,1,0,0,0,0,1,1,6,1,29,6,-1,-1,-1,-1,1,-1
2016941600709,2,9,0,7,0,2,0,0,0,0,4,1,6,1,79,11,1248,1,1,-1,1,-1
2016941600710,1,9,0,18,0,4,0,0,0,0,0,1,2,1,30,6,2204,2,7,-1,2,-1
2016941600710,2,1,0,18,0,8,0,10,0,0,1,1,2,1,57,9,-1,-1,-1,-1,1,-1
2016941600714,1,9,0,4,0,1,0,0,1,0,4,1,6,2,64,9,1995,2,13,-1,1,-1
2016941600714,2,1,0,18,9,6,0,0,0,0,1,1,6,1,11,3,-1,-1,-1,-1,1,-1
2016941600715,1,9,0,18,0,0,2,0,0,0,1,1,2,1,21,5,1360,1,10,-1,-1,-1
2016941600715,2,9,0,18,0,0,1,0,1,0,2,1,6,2,31,6,1999,1,9,-1,1,-1
2016941600718,1,3,0,18,0,1,1,0,0,0,1,1,6,1,50,8,124,1,5,-1,1,-1
2016941600718,2,9,0,3,0,1,0,0,0,0,2,1,6,1,52,8,1598,1,9,-1,1,-1
2016941600720,1,9,0,18,0,0,1,0,7,1,1,1,6,1,18,4,1587,1,9,-1,1,-1
2016941600721,1,9,0,18,0,4,0,0,0,0,1,1,6,1,24,5,1396,2,3,9,1,9
2016941600721,2,9,0,3,0,1,0,0,0,0,2,1,6,2,25,5,1587,1,13,-1,3,-1
2016941600722,1,9,0,7,0,6,0,0,0,0,1,1,6,1,27,6,1968,2,2,-1,1,-1
2016941600722,2,1,0,18,0,8,0,0,0,0,1,1,6,2,48,8,-1,-1,-1,-1,1,-1
2016941600728,1,9,0,3,0,0,0,0,0,0,4,1,6,2,40,7,-1,-1,-1,-1,-1,-1
2016941600728,2,1,0,3,0,0,0,0,0,0,1,1,6,1,11,3,-1,-1,-1,-1,-1,-1
2016941600732,1,9,0,9,0,1,0,0,0,0,4,1,6,2,45,7,1598,1,2,-1,-1,-1
2016941600732,2,1,0,7,0,8,1,0,0,0,0,1,6,1,24,5,-1,-1,-1,-1,1,-1
2016941600733,1,9,0,7,0,2,0,0,0,0,1,1,6,2,58,9,1910,2,10,-1,1,-1
2016941600737,1,9,0,18,0,4,0,0,0,0,0,1,2,1,28,6,1796,1,8,-1,1,-1
2016941600738,1,9,0,18,0,0,0,0,0,0,4,1,6,1,38,7,1798,1,11,-1,1,-1
2016941600740,1,9,0,16,0,0,0,0,0,0,2,1,6,2,58,9,1390,1,4,-1,-1,-1
2016941600740,2,90,0,16,0,0,1,4,0,0,1,1,1,1,47,8,-1,-1,-1,8,1,8
2016941600742,1,9,0,18,0,8,0,0,0,0,2,1,3,2,67,10,-1,-1,-1,-1,1,-1
2016941600742,2,9,0,5,0,1,0,0,1,10,1,1,3,1,58,9,1299,1,11,-1,1,-1
2016941600744,1,9,0,9,0,8,0,0,0,0,4,1,6,2,32,6,1149,1,12,-1,3,-1
2016941600744,2,1,0,18,4,1,5,0,0,0,1,1,2,1,61,9,-1,-1,-1,-1,1,-1
2016941600746,1,1,0,6,0,1,0,0,0,0,1,1,6,1,9,2,-1,-1,-1,-1,1,-1
2016941600746,2,9,0,17,0,1,0,0,0,0,1,1,6,2,46,8,1399,1,8,-1,1,-1
2016941600749,1,9,0,16,0,0,5,0,0,0,1,1,6,1,21,5,1840,1,18,-1,1,-1
2016941600753,1,97,0,13,0,1,0,0,0,0,4,1,1,1,45,7,-1,-1,-1,-1,1,-1
2016941600753,2,9,0,12,0,1,0,0,0,0,3,1,6,1,29,6,-1,-1,-1,-1,-1,-1
2016941600754,1,97,0,18,0,0,0,0,0,0,0,1,6,3,18,4,-1,-1,-1,-1,-1,-1
2016941600754,2,16,0,18,0,0,0,0,2,0,0,1,6,2,19,4,-1,-1,-1,-1,3,-1
2016941600755,1,9,0,17,0,0,1,0,7,11,3,1,6,1,56,9,1896,2,14,-1,2,-1
2016941600758,1,21,1,18,0,0,0,0,0,0,4,1,1,1,46,8,11967,2,3,-1,1,-1
2016941600758,2,9,0,18,0,0,1,7,6,0,3,1,2,1,25,5,1598,2,4,-1,1,-1
2016941600758,3,9,0,18,0,0,0,0,0,0,1,1,2,1,27,6,1956,2,5,-1,2,-1
2016941600762,1,9,0,5,0,5,0,0,0,0,1,1,2,2,51,8,1229,1,2,-1,1,-1
2016941600762,2,9,0,3,0,4,0,0,0,0,2,1,6,1,56,9,1206,1,5,-1,1,-1
2016941600765,1,9,0,15,0,0,2,0,1,1,3,1,6,1,35,6,1753,2,14,-1,3,-1
2016941600765,2,9,0,18,0,0,0,0,0,0,3,1,2,2,52,8,999,1,2,-1,1,-1
2016941600774,1,9,0,3,0,6,0,0,0,0,3,1,6,1,82,11,1995,2,1,-1,2,-1
2016941600774,2,9,0,7,0,8,0,0,0,0,1,1,6,1,27,6,1388,1,14,-1,1,-1
2016941600775,1,9,0,18,0,0,0,0,0,0,4,1,6,2,60,9,998,1,1,-1,1,-1
2016941600776,1,9,0,18,0,0,0,0,0,0,1,1,6,2,58,9,1461,2,3,-1,1,-1
2016941600776,2,9,0,3,0,0,0,0,0,0,2,1,6,2,23,5,-1,-1,-1,-1,3,-1
2016941600776,3,9,0,3,0,0,0,0,0,0,2,1,6,2,29,6,1587,1,12,-1,1,-1
2016941600777,1,21,1,18,0,0,1,0,0,0,1,1,1,1,29,6,12740,2,-1,-1,1,-1
2016941600777,2,9,0,18,0,0,0,0,0,0,2,1,6,1,27,6,1968,2,1,-1,1,-1
2016941600777,3,9,0,18,0,0,0,0,0,0,2,1,6,1,67,10,1149,1,5,-1,1,-1
2016941600777,4,9,0,18,0,0,0,0,0,0,2,1,6,1,22,5,1200,1,-1,-1,-1,-1
2016941600781,1,9,0,18,0,4,0,0,0,0,3,1,6,2,25,5,1598,2,1,-1,1,-1
2016941600781,2,1,0,9,0,3,0,0,0,0,1,1,6,1,71,10,-1,-1,-1,-1,1,-1
2016941600783,1,9,0,4,0,2,0,0,0,0,1,1,6,1,77,11,1086,1,10,-1,2,-1
2016941600787,1,9,0,18,0,8,0,0,0,0,3,1,6,1,62,9,2268,2,2,-1,1,-1
2016941600787,2,11,0,18,0,8,0,0,0,0,3,1,1,1,47,8,3900,2,12,-1,1,-1
2016941600788,1,9,0,9,0,8,0,0,0,0,1,1,1,1,57,9,1910,2,8,-1,1,-1
2016941600788,2,1,0,4,0,1,0,0,0,0,1,1,6,1,34,6,-1,-1,-1,-1,2,-1
2016941600790,1,9,0,9,0,6,0,0,0,0,1,1,6,2,37,7,1604,1,7,-1,1,-1
2016941600790,2,9,0,18,0,8,0,0,0,0,4,1,1,2,45,7,2198,2,1,-1,1,-1
2016941600791,1,9,0,18,0,0,0,0,0,0,1,1,6,1,41,7,1797,8,5,-1,1,-1
2016941600791,2,1,0,16,0,0,0,0,0,0,1,1,6,1,52,8,-1,-1,-1,-1,1,-1
2016941600795,1,20,0,17,0,0,2,0,1,1,1,1,1,1,29,6,2998,2,1,-1,2,-1
2016941600798,1,9,0,18,0,1,0,0,0,0,1,1,6,2,54,8,1598,1,15,-1,1,-1
2016941600798,2,9,0,4,0,1,0,0,0,0,2,1,6,1,48,8,1799,1,10,-1,1,-1
2016941600799,1,9,0,18,0,0,2,0,5,6,4,1,6,1,34,6,1124,1,12,-1,1,-1
2016941600799,2,9,0,18,0,0,0,0,0,0,0,1,2,1,45,7,1998,1,9,-1,2,-1
2016941600801,1,9,0,2,0,1,0,0,0,0,0,1,6,2,62,9,998,1,-1,-1,1,-1
2016941600801,2,1,0,14,0,6,0,8,0,0,3,1,6,1,76,11,-1,-1,-1,-1,1,-1
2016941600803,1,3,0,13,0,8,2,0,0,0,1,1,6,1,27,6,124,1,-1,-1,2,-1
2016941600803,2,9,0,9,0,5,0,0,0,0,3,1,6,2,23,5,1390,1,12,-1,-1,-1
2016941600804,1,9,0,18,0,1,0,0,0,1,1,1,6,1,45,7,1796,1,2,-1,1,-1
2016941600805,1,9,0,18,0,1,0,0,0,0,1,1,6,1,56,9,1896,2,10,-1,1,-1
2016941600805,2,9,0,3,0,1,0,0,0,0,2,1,6,2,56,9,1242,1,2,-1,3,-1
2016941600805,3,9,0,3,0,1,0,0,0,0,2,1,6,1,32,6,1910,2,9,-1,2,-1
2016941600806,1,9,0,18,0,1,0,0,0,0,1,1,6,2,51,8,1328,1,13,-1,1,-1
2016941600806,2,9,0,9,0,2,0,0,0,0,2,1,2,1,40,7,1896,2,12,-1,1,-1
2016941600807,1,9,0,4,0,8,0,0,0,0,1,1,1,1,30,6,-1,-1,-1,-1,1,-1
2016941600807,2,9,0,10,0,1,0,0,0,0,2,1,6,1,73,10,1596,1,13,-1,3,-1
2016941600807,3,9,0,18,0,8,0,0,0,0,2,1,6,1,65,9,2982,2,6,-1,3,-1
2016941600808,1,9,0,18,0,0,0,0,0,0,1,1,6,2,28,6,-1,-1,-1,-1,1,-1
2016941600813,1,19,0,5,9,0,0,0,0,0,1,1,6,1,26,6,1996,2,2,-1,2,-1
2016941600816,1,9,0,18,0,0,0,7,7,0,1,1,1,1,60,9,1796,1,4,-1,1,-1
2016941600816,2,9,0,18,0,0,0,0,0,0,1,1,6,1,63,9,1956,2,2,-1,1,-1
2016941600817,1,9,0,5,0,1,0,10,7,11,1,1,6,2,80,11,998,1,-1,-1,1,-1
2016941600817,2,9,0,2,0,1,0,0,0,0,1,1,6,1,76,11,1596,1,12,-1,1,-1
2016941600819,1,9,0,18,0,0,1,0,2,4,2,1,2,1,28,6,2793,1,18,-1,1,-1
2016941600821,1,9,0,18,0,1,1,0,0,0,1,1,1,1,34,6,2204,2,12,-1,1,-1
2016941600821,2,9,0,9,0,5,0,0,0,0,0,1,6,1,58,9,1596,1,11,-1,3,-1
2016941600821,3,9,0,3,0,5,0,0,0,0,1,1,1,2,21,5,1598,2,1,-1,3,-1
2016941600822,1,9,0,9,0,8,0,0,0,0,1,1,6,1,37,7,1999,1,13,-1,3,-1
2016941600822,2,9,0,18,0,1,0,0,0,0,1,1,6,2,24,5,1390,1,5,-1,2,-1
2016941600823,1,9,0,16,0,0,0,0,0,0,1,1,6,2,47,8,1590,1,2,-1,3,-1
2016941600823,2,9,0,17,0,0,0,0,0,0,1,1,6,1,69,10,1386,1,5,-1,3,-1
2016941600825,1,9,0,18,0,1,0,0,0,0,1,1,6,1,36,7,2993,2,7,-1,1,-1
2016941600825,2,9,0,4,0,1,0,0,0,0,2,1,6,1,45,7,-1,-1,-1,-1,2,-1
2016941600829,1,9,0,18,0,0,0,0,0,0,1,1,6,1,53,8,1368,1,-1,-1,-1,-1
2016941600829,2,9,0,4,0,0,0,0,0,0,2,1,6,2,46,8,1560,2,6,-1,1,-1
2016941600836,1,9,0,5,0,4,0,0,0,0,1,1,2,1,64,9,1399,1,10,-1,1,-1
2016941600836,2,9,0,18,0,8,1,0,1,11,4,1,2,1,64,9,1398,1,5,-1,1,-1
2016941600837,1,9,0,18,0,0,1,0,1,1,1,1,6,1,26,6,1590,1,12,-1,2,-1
2016941600840,1,9,0,18,0,1,0,0,0,0,1,1,6,1,35,6,1242,1,15,-1,1,-1
2016941600840,2,9,0,6,0,5,0,0,0,0,4,1,6,1,52,8,1798,1,10,-1,1,-1
2016941600841,1,9,0,17,0,0,0,0,0,0,1,1,6,2,33,6,1364,1,8,-1,1,-1
2016941600841,2,9,0,16,0,0,0,0,0,0,1,1,6,1,25,5,1590,1,12,-1,1,-1
2016941600844,1,9,0,2,0,0,0,0,0,0,0,1,6,1,66,10,1997,2,12,-1,1,-1
2016941600844,2,9,0,14,0,0,5,0,7,0,0,1,6,1,45,7,973,1,14,-1,1,-1
2016941600846,1,9,0,18,0,0,0,0,0,0,0,1,6,1,19,4,1388,1,12,-1,1,-1
2016941600847,1,9,0,18,0,0,0,0,0,0,1,1,6,2,48,8,1781,1,14,-1,1,-1
2016941600847,2,9,0,18,0,0,0,0,0,0,2,1,6,1,66,10,998,1,3,-1,3,-1
2016941600854,1,4,0,18,0,4,0,0,0,0,4,1,6,1,44,7,125,1,2,-1,1,-1
2016941600854,2,9,0,9,0,8,0,0,0,0,4,1,6,1,34,6,1229,1,6,-1,1,-1
2016941600855,1,9,0,18,0,0,0,0,1,10,3,1,6,1,40,7,1242,1,10,-1,1,-1
2016941600855,2,9,0,18,0,0,0,0,0,0,1,1,6,1,54,8,2198,2,10,-1,1,-1
2016941600856,1,9,0,9,0,8,0,0,0,0,1,1,6,2,18,4,-1,-1,-1,-1,3,-1
2016941600856,2,9,0,18,0,8,0,0,0,0,1,1,6,2,45,7,1560,2,4,-1,1,-1
2016941600858,1,9,0,18,0,1,0,0,0,0,1,1,6,2,36,7,1560,2,6,-1,2,-1
2016941600858,2,9,0,3,0,2,0,0,0,0,2,1,6,1,30,6,2204,2,7,9,1,9
2016941600858,3,9,0,3,0,1,0,0,0,0,2,1,6,2,26,6,1598,1,6,-1,-1,-1
2016941600862,1,9,0,7,0,8,0,0,0,0,1,1,6,1,63,9,2000,1,10,-1,1,-1
2016941600862,2,9,0,18,0,8,5,0,0,0,4,1,6,1,55,8,698,1,9,-1,3,-1
2016941600863,1,9,0,18,0,1,1,0,0,0,1,1,6,1,24,5,2143,2,3,-1,3,-1
2016941600863,2,9,0,10,0,1,0,0,0,0,2,1,6,1,73,10,998,1,1,-1,2,-1
2016941600867,1,8,0,9,0,8,0,0,0,0,1,1,1,1,66,10,1796,1,5,-1,1,-1
2016941600867,2,8,0,18,0,8,0,0,0,0,1,1,2,2,43,7,1995,1,9,-1,2,-1
2016941600868,1,9,0,13,0,0,0,0,0,0,1,1,1,1,54,8,-1,-1,-1,-1,1,-1
2016941600868,2,1,0,18,0,0,0,0,0,0,1,1,2,1,38,7,-1,-1,-1,-1,3,-1
2016941600869,1,9,0,18,0,0,0,0,0,0,1,1,6,2,59,9,1296,1,8,-1,3,-1
2016941600869,2,9,0,18,0,0,0,0,0,0,2,1,6,2,33,6,1499,2,1,-1,1,-1
2016941600871,1,9,0,18,0,0,0,0,0,0,4,1,6,1,18,4,1198,1,11,-1,1,-1
2016941600872,1,9,0,18,0,4,0,0,0,0,1,1,2,1,34,6,1968,2,9,-1,1,-1
2016941600872,2,3,0,9,0,3,0,0,0,0,4,1,2,1,19,4,124,1,9,-1,3,-1
2016941600873,1,90,0,18,0,8,0,0,0,0,1,1,1,2,48,8,-1,-1,-1,-1,1,-1
2016941600873,2,9,0,18,0,8,0,0,0,0,3,1,6,2,57,9,1329,1,1,-1,1,-1
2016941600875,1,19,0,18,0,0,0,0,0,0,1,1,1,1,61,9,1461,2,4,-1,3,-1
2016941600875,2,19,0,3,0,0,0,0,0,0,3,1,1,1,47,8,1248,2,7,-1,1,-1
2016941600875,3,19,0,18,0,0,0,0,0,0,1,1,1,1,36,7,2299,2,3,-1,3,-1
2016941600881,1,9,0,6,0,0,0,0,0,0,3,1,6,2,36,7,1329,1,1,-1,1,-1
2016941600881,2,5,0,18,0,0,0,0,0,0,4,1,6,1,52,8,749,1,1,-1,1,-1
2016941600882,1,9,0,18,0,0,2,7,0,0,1,1,6,1,52,8,2495,2,14,-1,1,-1
2016941600884,1,9,0,4,0,1,0,0,0,0,2,1,6,2,84,11,1388,1,14,-1,1,-1
2016941600884,2,9,0,18,0,1,0,0,0,0,1,1,6,1,41,7,1199,1,11,-1,3,-1
2016941600885,1,3,0,9,0,6,0,0,0,0,0,1,6,1,36,7,125,1,2,-1,1,-1
2016941600885,2,9,0,18,0,8,0,0,0,0,4,1,1,1,22,5,1796,1,8,-1,1,-1
2016941600886,1,9,0,16,0,0,0,0,7,11,1,1,6,1,37,7,-1,-1,-1,-1,1,-1
2016941600887,1,19,0,18,0,0,0,0,1,1,1,1,1,1,27,6,2198,2,3,-1,1,-1
2016941600888,1,9,0,18,0,0,0,1,0,0,1,1,1,1,44,7,-1,-1,-1,-1,1,-1
2016941600888,2,19,0,2,0,0,0,0,1,0,2,1,2,1,27,6,2198,2,3,-1,1,-1
2016941600888,3,19,0,2,0,0,0,0,0,0,2,1,2,1,36,7,1560,2,-1,-1,3,-1
2016941600891,1,9,0,16,0,0,2,10,7,11,3,1,6,1,20,4,1149,1,6,-1,1,-1
2016941600895,1,9,0,18,0,0,0,0,0,0,1,1,1,1,30,6,1997,2,4,-1,1,-1
2016941600896,1,9,0,16,0,0,1,0,1,11,4,1,6,2,28,6,999,1,3,-1,1,-1
2016941600899,1,9,0,13,0,0,0,0,0,0,1,1,2,1,21,5,1229,1,7,-1,3,-1
2016941600899,2,1,0,18,0,0,0,0,0,0,2,1,6,1,35,6,-1,-1,-1,-1,1,-1
2016941600900,1,9,0,18,0,3,0,0,0,0,1,1,2,2,63,9,1586,1,5,-1,3,-1
2016941600900,2,9,0,9,0,3,0,9,1,10,2,1,6,1,22,5,1910,2,7,-1,2,-1
2016941600902,1,9,0,5,0,6,0,0,0,0,0,1,6,2,56,9,1968,2,2,-1,2,-1
2016941600902,2,1,0,18,0,8,0,0,0,0,0,1,6,1,78,11,-1,-1,-1,-1,1,-1
2016941600905,1,9,0,5,0,3,0,0,0,0,4,1,6,2,35,6,-1,-1,-1,-1,1,-1
2016941600905,2,3,0,7,0,3,5,0,0,0,4,1,6,1,22,5,-1,-1,-1,-1,1,-1
2016941600909,1,9,0,9,0,5,0,0,0,0,4,1,3,2,35,6,1560,2,4,-1,3,-1
2016941600909,2,4,0,18,0,8,1,0,0,0,0,1,2,1,42,7,249,1,38,-1,1,-1
2016941600910,1,9,0,18,0,0,0,0,7,6,1,1,6,2,20,4,1242,1,5,-1,3,-1
2016941600912,1,9,0,5,0,8,1,0,1,2,4,1,2,1,56,9,-1,-1,-1,-1,1,-1
2016941600912,2,9,0,7,0,4,0,0,0,0,1,1,2,2,63,9,1398,1,-1,-1,1,-1
2016941600914,1,9,0,18,0,0,0,0,1,3,1,1,2,1,49,8,1368,1,6,-1,-1,-1
2016941600918,1,9,0,18,0,0,2,0,7,4,1,1,2,1,50,8,1248,2,3,-1,1,-1
2016941600920,1,9,0,9,0,1,0,0,1,0,1,1,6,1,22,5,1200,1,14,-1,1,-1
2016941600920,2,9,0,18,0,1,0,0,1,0,1,1,2,2,43,7,999,1,1,-1,1,-1
2016941600924,1,9,0,18,0,0,0,0,0,0,1,1,6,1,22,5,1499,2,-1,-1,1,-1
2016941600924,2,9,0,4,0,0,0,0,0,0,1,1,6,2,57,9,1598,1,14,-1,1,-1
2016941600925,1,9,0,18,0,7,2,0,1,7,1,1,6,1,34,6,3246,1,13,-1,3,-1
2016941600929,1,9,0,1,0,0,0,0,0,0,4,1,6,1,26,6,1560,2,4,-1,1,-1
2016941600929,2,9,0,18,0,0,0,0,0,0,1,1,6,2,38,7,1197,1,1,-1,1,-1
2016941600931,1,19,0,18,0,2,0,0,0,0,1,1,6,1,42,7,-1,-1,-1,-1,1,-1
2016941600931,2,9,0,3,0,2,0,0,0,0,1,1,6,1,19,4,1390,1,5,-1,1,-1
2016941600932,1,9,0,16,0,0,2,0,7,11,1,1,6,1,37,7,1248,2,4,-1,1,-1
2016941600935,1,9,4,18,0,0,0,0,0,0,4,1,1,1,67,10,-1,-1,-1,-1,3,-1
2016941600936,1,9,0,18,0,1,0,0,0,0,1,1,6,2,34,6,1461,2,3,-1,1,-1
2016941600936,2,9,0,4,0,1,0,0,0,0,2,1,6,1,43,7,1998,1,9,-1,1,-1
2016941600936,3,8,0,4,0,1,0,0,0,0,2,1,1,1,51,8,1560,2,5,-1,1,-1
2016941600947,1,9,0,4,0,1,0,0,0,0,1,1,6,1,31,6,1588,1,15,-1,1,-1
2016941600947,2,9,0,8,0,1,0,0,0,0,2,1,6,2,64,9,1242,1,5,-1,1,-1
2016941600949,1,19,0,7,0,6,0,0,0,0,1,1,6,1,47,8,-1,-1,-1,-1,1,-1
2016941600949,2,9,0,18,0,1,0,0,0,0,1,1,6,2,26,6,1995,2,1,-1,3,-1
2016941600950,1,9,0,18,0,0,0,0,4,6,1,1,6,1,82,11,-1,-1,-1,-1,1,-1
2016941600951,1,9,0,18,0,0,0,0,0,0,4,1,2,1,34,6,1490,1,10,-1,2,-1
2016941600951,2,1,0,18,0,0,0,0,1,0,3,1,6,1,79,11,-1,-1,-1,-1,2,-1
2016941600953,1,9,0,18,0,2,0,4,0,0,1,1,6,2,23,5,1198,1,8,-1,1,-1
2016941600953,2,21,0,2,0,2,0,0,0,0,2,1,1,1,63,9,9200,2,4,-1,2,-1
2016941600954,1,9,0,18,0,8,0,0,0,0,3,1,6,2,35,6,1998,2,11,-1,1,-1
2016941600954,2,4,0,18,0,8,0,0,0,0,3,1,6,1,22,5,599,1,20,-1,1,-1
2016941600956,1,9,0,18,0,0,0,0,1,0,1,1,6,1,38,7,1796,1,11,-1,1,-1
2016941600956,2,9,0,18,0,0,0,0,1,0,2,1,6,1,26,6,1398,1,-1,-1,1,-1
2016941600959,1,19,0,18,0,0,0,0,0,0,4,1,2,1,27,6,1998,2,10,-1,1,-1
2016941600961,1,9,0,13,9,1,1,0,0,0,1,1,2,1,30,6,1956,2,4,-1,2,-1
2016941600961,2,17,0,9,0,5,0,0,7,0,2,1,1,1,77,11,-1,-1,-1,-1,1,-1
2016941600964,1,9,0,12,0,7,0,0,0,0,3,1,6,2,65,9,1969,1,-1,-1,1,-1
2016941600964,2,21,1,18,0,1,0,0,0,0,4,1,1,1,62,9,12902,2,2,-1,1,-1
2016941600964,3,9,0,18,0,1,0,0,4,6,4,1,6,1,52,8,-1,-1,-1,-1,1,-1
2016941600965,1,9,0,5,0,1,0,0,0,0,1,1,-1,1,29,6,2198,1,13,-1,1,-1
2016941600965,2,9,0,5,0,1,0,0,0,0,2,1,6,2,52,8,1229,1,6,-1,1,-1
2016941600966,1,9,0,18,0,0,0,0,0,0,1,1,6,1,58,9,1968,2,3,-1,1,-1
2016941600966,2,9,0,4,0,0,0,0,0,0,2,1,6,1,23,5,1242,1,1,-1,2,-1
2016941600967,1,9,0,18,0,2,0,0,0,0,4,1,6,1,56,9,1124,1,14,-1,1,-1
2016941600968,1,9,0,11,0,0,0,0,1,0,1,1,6,1,19,4,1364,1,1,-1,1,-1
2016941600968,2,9,0,18,0,0,0,0,4,0,2,1,6,2,46,8,-1,-1,-1,-1,1,-1
2016941600970,1,9,0,9,0,8,0,0,0,0,4,1,6,1,35,6,1149,1,14,-1,2,-1
2016941600970,2,9,0,18,0,8,0,0,0,0,1,1,6,2,44,7,998,1,3,-1,1,-1
2016941600970,3,9,0,2,0,2,0,0,0,0,4,1,6,3,-1,-1,1598,1,11,-1,-1,-1
2016941600975,1,9,0,9,0,8,0,0,7,11,1,1,6,2,25,5,1598,2,3,-1,1,-1
2016941600975,2,19,0,18,0,8,1,0,0,0,1,1,6,1,43,7,1910,2,14,-1,1,-1
2016941600986,1,9,0,5,0,6,0,0,0,0,1,1,6,1,63,9,1997,2,3,-1,1,-1
2016941600986,2,1,0,18,0,1,0,0,0,0,4,1,6,1,47,8,-1,-1,-1,-1,1,-1
2016941600987,1,9,0,16,0,0,1,0,7,11,1,1,6,1,32,6,2995,1,3,-1,1,-1
2016941600987,2,9,0,18,0,0,0,0,0,0,3,1,6,1,60,9,1968,2,-1,-1,1,-1
2016941600988,1,9,0,9,0,3,0,0,0,0,1,1,6,2,24,5,1896,2,8,-1,1,-1
2016941600989,1,9,0,16,0,0,2,0,2,4,4,1,6,1,62,9,2488,2,8,-1,1,-1
2016941600989,2,9,0,16,0,0,0,0,0,0,3,1,6,1,40,7,1999,2,1,-1,2,-1
2016941600989,3,9,0,16,0,0,0,0,0,0,1,1,6,2,43,7,1587,1,13,-1,1,-1
2016941600992,1,9,0,9,0,8,0,0,0,0,3,1,2,2,27,6,998,1,6,-1,3,-1
2016941600992,2,9,0,18,0,1,0,0,0,0,1,1,2,1,25,5,1668,1,13,-1,3,-1
2016941600994,1,9,0,17,0,0,2,0,0,0,3,1,6,2,37,7,1248,2,2,-1,1,-1
2016941600994,2,9,0,18,0,0,0,0,0,0,1,1,6,2,54,8,1870,2,10,-1,1,-1
2016941600996,1,9,0,18,0,0,0,0,0,0,1,1,6,2,29,6,1360,1,10,-1,1,-1
2016941600996,2,9,0,4,0,0,0,0,0,0,2,1,6,1,65,9,3311,8,9,-1,1,-1
2016941600997,1,11,0,18,0,1,0,0,0,0,1,1,1,1,50,8,4500,2,-1,-1,1,-1
2016941600999,1,9,0,18,0,1,1,0,0,0,1,1,6,3,-1,-1,1497,1,12,-1,-1,-1
2016941600999,2,9,0,3,0,4,0,0,0,0,2,1,6,1,46,8,1994,1,12,-1,1,-1
2016941600999,3,9,0,3,0,4,0,0,0,0,2,1,6,2,26,6,1349,1,8,-1,1,-1
2016941601001,1,9,0,7,0,1,0,0,0,0,1,1,6,2,39,7,1598,1,9,-1,3,-1
2016941601001,2,9,0,8,0,1,0,0,0,0,2,1,6,2,37,7,1200,1,1,-1,3,-1
2016941601006,1,3,0,18,0,0,0,0,0,0,1,1,6,1,47,8,124,1,6,-1,1,-1
2016941601006,2,9,0,3,0,0,0,0,0,0,2,1,6,1,34,6,1422,2,8,-1,1,-1
2016941601010,1,9,0,18,0,0,0,0,0,0,1,1,1,2,53,8,1956,2,4,-1,1,-1
2016941601010,2,9,0,18,0,0,0,0,0,0,1,1,6,2,36,7,1995,2,-1,-1,1,-1
2016941601011,1,11,0,18,0,8,0,0,0,0,3,1,1,1,54,8,4500,2,5,-1,1,-1
2016941601011,2,19,0,18,0,8,0,0,0,0,1,1,2,1,19,4,1248,2,-1,-1,3,-1
2016941601013,1,20,0,1,8,8,0,0,0,0,0,1,1,1,49,8,6871,2,15,-1,2,-1
2016941601013,2,9,0,18,0,1,0,0,0,0,3,1,6,2,19,4,1896,2,10,-1,3,-1
2016941601013,3,9,0,18,0,1,0,0,0,0,3,1,6,1,55,8,1560,2,3,-1,1,-1
2016941601014,1,9,0,7,0,6,0,0,0,0,3,1,6,1,31,6,1368,1,-1,-1,1,-1
2016941601014,2,1,0,18,0,8,0,0,0,0,1,1,-1,1,46,8,-1,-1,-1,-1,1,-1
2016941601015,1,9,0,18,0,0,0,0,0,0,1,1,2,1,37,7,1685,2,2,-1,1,-1
2016941601016,1,9,0,18,0,1,0,0,0,0,3,1,2,2,21,5,998,1,3,-1,1,-1
2016941601017,1,11,0,18,0,0,0,0,0,0,1,1,1,2,30,6,-1,-1,-1,-1,1,-1
2016941601019,1,9,0,18,0,2,0,0,0,0,1,1,6,1,61,9,1398,2,13,-1,2,-1
2016941601019,2,3,0,18,0,2,0,0,0,0,2,1,6,1,24,5,124,1,1,-1,1,-1
2016941601021,1,9,0,13,0,8,0,0,0,0,4,1,6,3,-1,-1,-1,-1,-1,-1,-1,-1
2016941601021,2,1,0,18,0,8,0,0,1,0,3,1,6,1,18,4,-1,-1,-1,-1,1,-1
2016941601023,1,9,0,18,0,1,0,0,0,0,1,1,6,2,19,4,998,1,2,-1,1,-1
2016941601023,2,19,0,3,0,1,0,0,0,0,2,1,1,1,47,8,1968,2,2,-1,1,-1
2016941601023,3,9,0,3,0,1,0,0,0,0,2,1,6,2,58,9,2268,2,-1,-1,1,-1