Accident_Index,Vehicle_Reference,Vehicle_Type,Towing_and_Articulation,Vehicle_Manoeuvre,Vehicle_Location-Restricted_Lane,Junction_Location,Skidding_and_Overturning,Hit_Object_in_Carriageway,Vehicle_Leaving_Carriageway,Hit_Object_off_Carriageway,1st_Point_of_Impact,Was_Vehicle_Left_Hand_Drive?,Journey_Purpose_of_Driver,Sex_of_Driver,Age_of_Driver,Age_Band_of_Driver,Engine_Capacity_(CC),Propulsion_Code,Age_of_Vehicle,Driver_IMD_Decile,Driver_Home_Area_Type,Vehicle_IMD_Decile
2016941601026,1,9,0,16,0,0,0,0,7,4,1,1,6,2,29,6,999,1,1,-1,1,-1
2016941601029,1,9,0,18,0,0,0,0,0,0,1,1,6,1,45,7,1242,1,11,-1,2,-1
2016941601029,2,9,0,18,0,0,0,0,0,0,1,1,2,1,26,6,1896,2,8,-1,1,-1
2016941601029,3,9,0,18,0,0,0,0,0,0,1,1,2,1,54,8,1197,1,-1,-1,3,-1
2016941601030,1,9,0,18,0,1,0,0,0,0,1,2,6,1,33,6,-1,-1,-1,-1,1,-1
2016941601030,2,9,0,3,0,1,0,0,0,0,2,1,6,1,62,9,1364,2,7,-1,1,-1
2016941601032,1,9,0,16,0,0,0,0,7,0,1,1,2,2,24,5,998,1,11,-1,1,-1
2016941601033,1,9,0,18,0,0,1,4,7,1,1,1,2,1,45,7,1984,1,1,-1,1,-1
2016941601033,2,20,0,2,0,0,0,0,0,0,3,1,1,1,34,6,4764,2,7,-1,1,-1
2016941601037,1,9,0,18,0,0,0,0,0,0,1,1,2,1,32,6,1493,2,8,-1,2,-1
2016941601037,2,19,0,4,0,0,0,0,0,0,2,1,6,1,55,8,1560,2,9,9,1,9
2016941601038,1,9,0,9,0,8,0,0,0,0,1,1,6,1,84,11,1896,2,17,-1,3,-1
2016941601040,1,19,0,18,0,0,2,0,1,0,3,1,1,1,54,8,1248,2,4,-1,3,-1
2016941601043,1,9,0,17,0,0,5,0,2,0,1,1,6,1,27,6,1582,2,10,-1,2,-1
2016941601047,1,9,0,4,0,1,0,0,0,0,3,1,6,2,54,8,1596,1,13,-1,2,-1
2016941601048,1,9,0,5,0,1,0,0,0,0,0,1,6,1,33,6,-1,-1,-1,-1,1,-1
2016941601048,2,9,0,3,0,1,0,0,0,0,2,1,6,2,66,10,1386,1,4,-1,1,-1
2016941601049,1,9,0,18,0,1,1,0,0,0,1,1,6,1,40,7,-1,-1,-1,-1,-1,-1
2016941601049,2,9,0,8,0,4,0,0,0,0,2,1,6,1,54,8,1360,1,5,-1,-1,-1
2016941601050,1,9,0,4,0,1,1,0,0,0,1,1,6,1,47,8,1598,1,1,-1,1,-1
2016941601050,2,9,0,3,0,1,0,0,0,0,2,1,6,1,59,9,1598,2,-1,-1,-1,-1
2016941601051,1,19,0,4,0,1,0,0,0,0,1,1,1,1,47,8,2198,2,3,-1,1,-1
2016941601051,2,9,0,3,0,1,0,0,0,0,2,1,6,1,44,7,2143,2,-1,-1,1,-1
2016941601052,1,9,0,18,0,0,2,0,1,0,3,1,2,1,20,4,1896,2,11,-1,2,-1
2016941601056,1,9,0,16,0,2,0,0,0,0,4,1,6,1,70,10,1968,2,6,-1,1,-1
2016941601057,1,97,0,9,0,8,0,0,0,0,1,1,6,2,51,8,-1,-1,-1,-1,-1,-1
2016941601057,2,9,0,18,0,8,0,0,0,0,4,1,6,1,68,10,1560,2,1,-1,2,-1
2016941601061,1,9,0,17,0,1,1,0,0,0,1,1,6,1,18,4,1198,1,2,-1,3,-1
2016941601061,2,9,0,16,0,1,0,0,7,9,1,1,2,1,53,8,1686,2,6,-1,1,-1
2016941601062,1,5,0,18,0,0,1,0,0,0,4,1,6,1,45,7,1130,1,14,-1,1,-1
2016941700142,1,19,0,9,0,1,0,0,0,0,0,1,1,1,51,8,1560,2,2,-1,-1,-1
2016941700142,2,21,1,4,0,1,0,0,0,0,3,1,1,1,47,8,16400,2,-1,4,1,4
2016941700142,3,19,0,4,0,1,1,0,0,0,1,1,1,1,19,4,2198,2,2,-1,1,-1
2016941700142,4,9,0,18,0,1,0,0,1,0,0,1,6,2,37,7,1598,1,3,-1,1,-1
2016950000001,1,9,0,4,0,1,0,0,0,0,1,1,1,1,31,6,1686,2,4,-1,3,-1
2016950000002,1,9,0,18,0,4,0,0,0,0,1,1,6,3,-1,-1,1398,1,1,-1,-1,-1
2016950000002,2,9,0,18,0,3,0,0,0,0,1,1,6,2,35,6,998,1,11,-1,1,-1
2016950000003,1,9,0,5,0,4,0,0,0,0,1,1,6,3,-1,-1,-1,-1,-1,-1,-1,-1
2016950000003,2,1,0,18,0,3,0,0,0,0,1,1,6,1,29,6,-1,-1,-1,-1,1,-1
2016950000004,1,11,0,18,0,0,0,0,0,4,4,1,1,1,39,7,5132,2,-1,-1,1,-1
2016950000005,1,9,0,11,0,1,0,0,7,0,4,1,6,1,22,5,1229,1,3,-1,1,-1
2016950000007,1,9,0,9,0,8,0,0,0,0,1,1,6,3,-1,-1,-1,-1,-1,-1,-1,-1
2016950000007,2,1,0,18,0,8,0,0,0,0,1,1,2,1,51,8,-1,-1,-1,-1,1,-1
2016950000008,1,9,0,9,0,8,0,0,3,0,3,1,1,1,20,4,1388,1,12,-1,1,-1
2016950000008,2,9,0,18,0,8,0,0,0,0,1,1,6,1,57,9,1364,1,1,-1,1,-1
2016950000011,1,19,0,18,0,0,0,0,0,0,3,1,1,1,55,8,4461,2,8,5,3,5
2016950000012,1,9,0,18,0,0,0,0,7,6,1,1,6,2,22,5,1595,1,8,-1,1,-1
2016950000017,1,9,0,5,0,1,0,0,0,0,1,1,6,1,42,7,1956,2,2,-1,1,-1
2016950000017,2,9,0,5,0,1,0,0,0,0,2,1,6,1,51,8,1995,2,8,-1,1,-1
2016950000018,1,9,0,18,0,0,0,4,0,0,4,1,6,1,56,9,1796,1,11,-1,1,-1
2016950000018,2,9,0,2,0,0,0,4,0,0,2,1,6,3,-1,-1,1590,1,16,-1,-1,-1
2016950000018,3,9,0,2,0,0,0,0,0,0,2,1,6,3,-1,-1,2295,1,15,-1,-1,-1
2016950000029,1,9,0,18,0,1,0,0,0,0,1,1,6,2,55,8,1598,1,3,-1,1,-1
2016950000031,1,9,0,18,0,0,0,0,0,0,1,1,6,1,22,5,1242,1,9,-1,1,-1
2016950000031,2,8,0,18,0,0,0,0,0,0,2,1,1,1,48,8,2148,2,5,-1,2,-1
2016950000033,1,9,0,17,0,0,2,0,1,11,2,1,6,2,21,5,998,1,5,-1,1,-1
2016950000034,1,1,0,7,0,2,0,0,0,0,1,1,6,1,67,10,-1,-1,-1,-1,1,-1
2016950000034,2,11,0,18,0,1,0,0,0,0,1,1,1,1,28,6,7300,2,11,-1,1,-1
2016950000037,1,11,0,18,0,2,0,0,0,0,4,1,1,3,-1,-1,-1,-1,-1,-1,-1,-1
2016950000037,2,9,0,2,0,2,0,0,0,0,3,1,6,3,-1,-1,1997,2,3,-1,-1,-1
2016950000038,1,9,0,18,0,1,0,4,0,0,4,1,6,1,52,8,1956,2,2,-1,1,-1
2016950000038,2,9,0,18,0,2,1,0,0,0,1,1,6,1,61,9,1597,2,1,-1,1,-1
2016950000038,3,9,0,2,0,2,0,0,0,0,1,1,6,3,-1,-1,1998,1,14,-1,-1,-1
2016950000039,1,9,0,17,0,0,0,0,2,0,3,1,6,1,20,4,998,1,11,-1,2,-1
2016950000043,1,9,0,9,0,2,0,0,0,0,3,1,6,1,52,8,3456,8,4,-1,1,-1
2016950000043,2,1,0,18,0,1,0,0,0,0,1,1,6,2,39,7,-1,-1,-1,-1,1,-1
2016950000045,1,1,0,9,0,8,0,0,0,0,4,1,6,1,33,6,-1,-1,-1,-1,1,-1
2016950000045,2,9,0,18,0,8,0,0,0,0,1,1,6,2,46,8,998,1,2,-1,1,-1
2016950000047,1,9,0,11,0,1,0,0,0,0,0,1,6,3,-1,-1,-1,-1,-1,-1,-1,-1
2016950000047,2,4,0,18,0,1,5,0,0,0,0,1,6,1,50,8,599,1,19,-1,1,-1
2016950000048,1,9,0,18,0,0,1,0,1,4,1,1,2,2,27,6,1598,1,12,-1,1,-1
2016950000049,1,9,0,9,0,8,0,0,0,0,3,1,2,1,39,7,1999,1,9,-1,1,-1
2016950000059,1,19,0,18,0,8,0,0,0,0,1,1,2,1,29,6,1998,2,11,-1,1,-1
2016950000062,1,8,0,18,0,8,0,0,0,0,1,1,6,3,-1,-1,-1,-1,-1,-1,-1,-1
2016950000082,1,9,0,18,0,0,0,0,0,0,3,1,3,2,43,7,1360,1,4,-1,2,-1
2016950000089,1,9,0,18,0,2,0,0,0,0,3,1,6,2,49,8,1798,1,7,-1,3,-1
2016950000090,1,9,0,9,0,8,0,0,0,0,3,1,6,2,31,6,2993,2,3,-1,1,-1
2016950000090,2,3,0,18,0,1,0,0,0,0,1,1,6,1,22,5,124,1,1,-1,1,-1
2016950000091,1,9,0,18,0,4,0,0,1,2,1,1,6,1,22,5,1587,1,14,-1,1,-1
2016950000101,1,9,0,18,0,0,1,0,1,11,1,1,2,2,28,6,1242,1,8,-1,3,-1
2016950000108,1,9,0,5,0,4,0,0,0,0,1,1,1,1,52,8,1968,2,4,-1,1,-1
2016950000108,2,1,0,18,0,8,0,0,0,0,2,1,1,1,52,8,-1,-1,-1,-1,1,-1
2016950000109,1,9,0,7,0,8,0,0,0,0,3,1,6,1,26,6,1598,1,11,-1,1,-1
2016950000109,2,9,0,11,0,8,0,0,0,0,1,1,6,2,46,8,1590,1,11,-1,1,-1
2016950000110,1,9,0,18,0,8,0,0,0,0,1,1,2,2,40,7,1399,2,5,-1,2,-1
2016950000111,1,19,0,18,0,8,0,0,0,0,3,1,1,3,-1,-1,-1,-1,-1,-1,-1,-1
2016950000111,2,9,0,18,0,8,0,0,0,0,1,1,6,2,49,8,1386,1,9,-1,1,-1
2016950000112,1,9,0,18,0,0,2,0,7,4,1,1,6,2,32,6,1596,1,10,-1,3,-1
2016950000114,1,9,0,17,0,0,2,0,2,10,1,1,6,1,32,6,1560,2,3,2,1,2
2016950000115,1,9,0,6,0,0,0,0,0,0,0,1,6,3,-1,-1,1399,1,13,-1,-1,-1
2016950000116,1,9,0,18,0,0,0,0,1,1,2,1,6,1,31,6,2793,1,17,-1,1,-1
2016950000117,1,9,0,12,0,0,1,0,0,0,1,1,2,2,22,5,999,1,2,-1,1,-1
2016950000117,2,9,0,4,0,0,0,0,0,0,2,1,6,2,21,5,1995,2,1,-1,1,-1
2016950000117,3,9,0,2,0,0,0,0,0,0,3,1,2,1,35,6,1242,1,2,-1,2,-1
2016950000118,1,9,0,18,0,0,0,0,1,0,3,1,6,1,28,6,1686,2,3,-1,2,-1
2016950000121,1,9,0,18,0,1,0,0,0,0,1,1,6,1,19,4,1598,1,13,-1,2,-1
2016950000121,2,9,0,18,0,1,0,0,0,0,3,1,6,1,24,5,1587,1,11,-1,1,-1
2016950000121,3,9,0,18,0,1,0,0,0,0,3,1,6,1,35,6,1560,2,5,-1,2,-1
2016950000121,4,9,0,3,0,1,0,0,0,0,2,1,6,1,24,5,1229,1,8,-1,2,-1
2016950000122,1,9,0,18,0,0,0,0,0,0,1,1,6,2,18,4,1328,1,8,-1,1,-1
2016950000123,1,9,0,18,0,0,0,4,0,0,1,1,6,1,24,5,1229,1,7,-1,2,-1
2016950000123,2,19,0,2,0,0,0,0,0,0,2,1,1,1,33,6,-1,-1,-1,-1,1,-1
2016950000126,1,19,0,18,0,0,0,0,0,0,3,1,1,1,26,6,1461,2,3,-1,2,-1
2016950000127,1,19,0,18,0,0,0,0,0,0,1,1,1,1,48,8,2477,2,9,-1,3,-1
2016950000128,1,90,0,15,0,1,0,0,0,0,3,1,6,3,-1,-1,-1,-1,-1,-1,-1,-1
2016950000128,2,1,0,9,0,1,0,0,0,0,2,1,6,1,33,6,-1,-1,-1,-1,3,-1
2016950000129,1,9,0,7,0,8,0,0,0,0,3,1,2,1,19,4,998,1,2,-1,2,-1
2016950000129,2,1,0,18,0,8,0,0,0,0,4,1,2,1,42,7,-1,-1,-1,-1,2,-1
2016950000131,1,9,0,18,0,1,0,0,0,0,1,1,6,1,41,7,1395,1,1,-1,1,-1
2016950000147,1,19,0,1,0,0,0,0,0,0,2,1,6,3,-1,-1,2148,2,7,-1,-1,-1
2016950000154,1,8,0,17,0,0,0,0,0,0,1,1,1,1,60,9,2143,2,3,-1,1,-1
2016950000154,2,19,2,2,0,0,0,0,1,0,2,1,6,3,-1,-1,1870,2,10,-1,-1,-1
2016950000154,3,9,0,17,0,0,0,0,0,0,1,1,6,1,50,8,1998,1,11,-1,1,-1
2016950000155,1,9,0,18,0,0,0,0,0,10,1,1,6,1,40,7,2793,1,16,-1,3,-1
2016950000157,1,9,2,6,0,0,0,0,0,0,3,1,2,1,30,6,1242,1,8,-1,1,-1
2016950000157,2,3,0,13,0,0,0,0,0,0,4,1,1,1,30,6,108,1,1,-1,1,-1
2016950000158,1,9,0,18,3,0,0,0,0,0,1,1,2,2,17,4,1242,1,1,-1,1,-1
2016950000159,1,9,0,17,0,1,1,0,1,10,1,1,2,1,45,7,1396,2,6,-1,2,-1
2016950000163,1,9,0,18,0,4,0,0,0,0,1,1,6,1,30,6,1995,2,2,-1,1,-1
2016950000163,2,1,0,18,0,8,0,0,0,0,4,1,2,1,36,7,-1,-1,-1,-1,1,-1
2016950000164,1,9,0,18,0,1,0,0,0,0,1,1,2,1,33,6,1364,1,9,-1,1,-1
2016950000170,1,9,0,1,0,2,0,0,0,0,2,1,3,2,36,7,1984,1,15,-1,2,-1
2016950000171,1,9,0,11,2,1,0,0,0,0,4,1,6,2,21,5,1242,1,7,-1,3,-1
2016950000171,2,11,0,18,2,1,0,0,0,0,4,1,1,1,38,7,7300,2,9,-1,1,-1
2016950000173,1,9,0,18,0,0,5,0,1,0,3,1,6,2,46,8,1242,1,4,-1,3,-1
2016950000173,2,9,0,18,0,0,0,0,0,0,3,1,6,2,58,9,-1,-1,-1,-1,3,-1
2016950000174,1,9,0,18,0,1,0,0,0,0,1,1,6,1,26,6,1388,1,7,-1,1,-1
2016950000174,2,9,0,3,0,1,0,0,0,0,2,1,1,1,30,6,1796,1,13,-1,1,-1
2016950000175,1,9,0,18,0,1,0,0,0,0,1,1,6,1,57,9,1229,1,1,-1,2,-1
2016950000175,2,9,0,18,0,1,0,0,0,0,2,1,6,2,40,7,1598,2,2,-1,2,-1
2016950000176,1,9,0,7,0,8,0,0,0,0,1,1,6,1,48,8,1560,2,6,-1,1,-1
2016950000176,2,1,0,18,0,8,0,0,0,0,4,1,6,1,43,7,-1,-1,-1,-1,-1,-1
2016950000177,1,9,0,3,0,8,0,0,0,0,3,1,6,2,59,9,1995,2,4,-1,1,-1
2016950000178,1,9,0,9,0,8,0,0,0,0,1,1,6,1,55,8,1997,2,7,-1,1,-1
2016950000179,1,9,0,18,0,8,0,0,0,0,1,1,6,1,85,11,1364,1,6,-1,2,-1
2016950000179,2,9,0,18,0,8,0,0,0,0,3,1,6,1,67,10,875,1,5,-1,2,-1
2016950000180,1,19,0,9,0,8,0,0,0,0,1,1,6,1,32,6,2402,2,9,-1,-1,-1
2016950000180,2,9,0,18,0,8,0,0,0,0,1,1,6,1,57,9,1598,1,16,-1,1,-1
2016950000180,3,9,0,18,0,8,0,0,0,0,1,1,6,2,21,5,998,1,1,-1,-1,-1
2016950000197,1,90,0,5,0,1,0,0,0,0,1,1,1,1,35,6,-1,-1,-1,-1,1,-1
2016950000197,2,9,0,8,0,1,0,0,0,0,2,1,6,1,22,5,1461,2,-1,-1,2,-1
2016950000201,1,21,1,18,0,0,3,0,7,9,3,1,1,1,57,9,11967,2,4,-1,3,-1
2016950000210,1,9,0,18,0,0,2,0,1,0,4,1,2,2,29,6,999,1,11,-1,1,-1
2016950000212,1,9,0,18,0,0,0,0,0,0,1,1,6,2,36,7,1398,1,4,-1,1,-1
2016950000212,2,9,0,18,0,0,0,0,0,0,2,1,6,1,46,8,-1,-1,-1,-1,3,-1
2016950000213,1,9,0,18,0,0,1,0,0,11,1,1,2,2,35,6,1753,2,9,-1,1,-1
2016950000214,1,1,2,18,4,1,0,0,0,0,1,1,2,2,33,6,-1,-1,-1,-1,1,-1
2016950000214,2,19,2,10,0,1,0,0,0,0,3,1,1,1,47,8,2402,2,9,-1,1,-1
2016950000215,1,9,0,7,0,8,0,0,0,0,1,1,6,2,21,5,1586,1,10,-1,1,-1
2016950000215,2,9,0,18,0,1,0,0,0,0,4,1,6,1,61,9,1242,1,7,-1,1,-1
2016950000216,1,9,0,12,0,1,0,0,0,0,0,1,6,3,-1,-1,-1,-1,-1,-1,-1,-1
2016950000216,2,11,0,18,0,8,0,0,0,0,0,1,1,1,64,9,-1,-1,-1,-1,1,-1
2016950000217,1,9,0,18,0,0,0,0,0,0,4,1,3,2,38,7,-1,-1,-1,-1,1,-1
2016950000219,1,9,0,18,0,4,0,0,0,0,1,1,6,1,32,6,1900,2,8,-1,1,-1
2016950000219,2,1,0,18,0,8,0,0,0,0,2,1,6,2,44,7,-1,-1,-1,-1,1,-1
2016950000220,1,9,0,18,0,1,0,0,0,0,4,1,6,2,43,7,1896,2,7,-1,1,-1
2016950000221,1,9,0,17,0,0,0,0,0,0,1,1,6,1,49,8,1896,2,12,-1,2,-1
2016950000221,2,9,0,3,0,0,0,0,0,0,2,1,6,1,71,10,1461,2,1,-1,3,-1
2016950000222,1,9,0,18,0,1,0,0,0,0,1,1,6,2,33,6,1149,1,6,-1,1,-1
2016950000222,2,9,0,3,0,1,0,0,0,0,2,1,6,2,19,4,1198,1,11,-1,1,-1
2016950000222,3,9,0,3,0,1,0,0,0,0,2,1,2,2,44,7,-1,-1,-1,-1,1,-1
2016950000222,4,9,0,3,0,1,0,0,0,0,2,1,6,1,24,5,1461,2,1,-1,1,-1
2016950000223,1,9,0,18,0,4,0,0,0,0,1,1,6,1,34,6,995,1,13,-1,1,-1
2016950000223,2,1,0,18,0,8,0,0,0,0,2,1,2,1,24,5,-1,-1,-1,-1,1,-1
2016950000238,1,9,0,18,0,0,1,0,7,3,3,1,6,2,32,6,1242,1,9,-1,3,-1
2016950000242,1,9,0,18,0,0,0,0,0,0,1,1,6,1,51,8,1560,2,3,-1,1,-1
2016950000251,1,11,0,4,0,0,0,0,0,0,0,1,1,1,58,9,8300,2,12,-1,1,-1
2016950000254,1,3,0,18,0,1,0,0,0,0,1,1,1,1,25,5,-1,-1,-1,-1,1,-1
2016950000255,1,9,0,18,0,0,1,0,0,0,1,1,6,1,36,7,1984,1,13,-1,1,-1
2016950000255,2,9,0,4,0,0,0,0,0,0,2,1,2,1,24,5,1560,2,2,-1,1,-1
2016950000256,1,9,0,18,0,0,2,0,2,11,1,1,2,2,43,7,1229,1,4,-1,1,-1
2016950000257,1,9,0,4,0,0,1,0,0,0,1,1,6,1,19,4,1984,1,2,-1,2,-1
2016950000257,2,9,0,2,0,0,0,0,0,0,4,1,6,1,21,5,1896,2,11,-1,1,-1
2016950000258,1,9,0,18,0,0,1,0,0,0,1,1,1,1,49,8,904,2,3,-1,2,-1
2016950000258,2,9,0,18,0,0,0,0,7,4,1,1,6,1,30,6,1360,1,7,-1,2,-1
2016950000269,1,9,0,18,0,1,0,0,0,0,1,1,6,2,19,4,1388,1,14,-1,3,-1
2016950000283,1,21,0,5,0,4,0,0,0,0,1,1,1,1,51,8,-1,-1,-1,-1,1,-1
2016950000283,2,9,0,5,0,4,0,0,0,0,2,1,2,2,21,5,1199,1,15,-1,2,-1
2016950000285,1,9,0,18,0,8,0,0,0,0,3,1,6,1,89,11,1124,1,10,-1,1,-1
2016950000286,1,9,0,18,0,0,0,0,0,0,4,1,6,1,50,8,1560,2,3,-1,1,-1
2016950000287,1,9,0,18,0,0,0,0,0,0,1,1,6,1,39,7,1598,1,13,-1,1,-1
2016950000287,2,9,0,18,0,0,0,0,0,0,2,1,6,1,63,9,1560,2,3,-1,1,-1
2016950000288,1,8,0,18,0,2,0,7,0,0,1,1,1,1,51,8,2143,2,4,-1,1,-1
2016950000289,1,9,0,18,0,0,0,0,0,0,1,1,6,2,60,9,1582,2,6,-1,-1,-1
2016950000289,2,9,0,3,0,0,0,0,0,0,2,1,6,1,63,9,1596,1,5,-1,1,-1
2016950000290,1,9,0,18,0,0,2,0,1,11,1,1,2,2,55,8,1248,2,3,-1,2,-1
2016950000291,1,9,0,18,0,8,0,0,1,11,4,1,6,1,24,5,-1,-1,-1,-1,3,-1
2016950000292,1,9,0,18,0,0,1,0,0,0,1,1,6,1,50,8,2720,2,10,-1,2,-1
2016950000292,2,9,0,4,0,0,0,0,0,0,2,1,6,1,34,6,1389,1,16,-1,2,-1
2016950000293,1,8,0,18,0,8,0,0,0,0,4,1,1,2,40,7,2664,2,16,-1,1,-1
2016950000296,1,19,0,4,0,0,0,0,0,0,1,1,2,1,52,8,1560,2,2,-1,1,-1
2016950000296,2,9,0,4,0,0,0,0,0,0,2,1,6,1,28,6,1783,1,13,-1,1,-1
2016950000296,3,9,0,4,0,0,0,0,0,0,2,1,6,1,39,7,2967,2,1,-1,-1,-1
2016950000297,1,9,0,4,0,1,0,0,0,0,1,1,6,1,24,5,2400,2,1,-1,1,-1
2016950000297,2,9,0,4,0,1,0,0,0,0,2,1,6,1,50,8,1399,2,6,-1,1,-1
2016950000297,3,9,0,4,0,1,0,0,0,0,2,1,6,1,52,8,1396,1,7,-1,3,-1
2016950000299,1,9,0,18,0,8,0,0,7,0,1,1,2,2,41,7,2902,2,12,-1,2,-1
2016950000299,2,19,0,18,0,8,0,10,7,2,1,1,2,1,22,5,1968,2,6,-1,1,-1
2016950000302,1,9,0,11,0,0,0,0,0,0,1,1,2,2,55,8,1341,1,11,-1,1,-1
2016950000302,2,9,0,18,0,0,0,0,1,9,2,1,6,2,24,5,1240,1,12,-1,-1,-1
2016950000377,1,9,0,18,0,1,0,0,0,0,1,1,6,1,41,7,1798,8,1,-1,1,-1
2016950000377,2,9,0,3,0,1,0,0,0,0,2,1,6,2,19,4,1329,1,4,-1,1,-1
2016950000379,1,8,0,18,2,8,0,0,0,0,4,1,1,3,-1,-1,-1,-1,-1,-1,-1,-1
2016950000381,1,20,0,14,0,0,0,4,0,0,1,1,1,1,32,6,3920,2,11,-1,-1,-1
2016950000381,2,9,0,2,0,0,0,0,1,11,2,1,6,3,-1,-1,2179,2,3,-1,-1,-1
2016950000382,1,9,0,18,0,0,0,0,0,0,4,1,6,2,51,8,1560,2,3,-1,1,-1
2016950000439,1,9,0,18,0,0,0,0,0,0,4,1,6,2,23,5,-1,-1,-1,-1,-1,-1
2016950000444,1,9,0,18,0,4,0,0,0,0,1,1,6,1,33,6,1896,2,10,-1,3,-1
2016950000444,2,9,0,18,0,4,0,0,0,0,2,1,6,1,73,10,1598,2,1,-1,1,-1
2016950000446,1,9,0,18,0,0,0,0,0,0,1,1,6,1,51,8,1422,2,13,-1,3,-1
2016950000446,2,9,0,18,0,0,0,0,0,0,3,1,6,1,60,9,1587,1,15,-1,1,-1
2016950000450,1,9,0,9,0,1,0,0,0,0,1,1,6,2,28,6,1248,1,1,-1,1,-1
2016950000450,2,3,0,18,0,1,0,0,0,0,3,1,2,1,54,8,125,1,10,-1,1,-1
2016950000457,1,1,0,18,0,0,0,0,0,0,1,1,6,1,51,8,-1,-1,-1,-1,1,-1
2016950000474,1,19,0,18,0,8,0,0,0,0,1,1,2,1,43,7,2198,2,5,-1,3,-1
2016950000476,1,90,0,18,0,8,0,0,0,0,1,1,6,3,-1,-1,-1,-1,-1,-1,-1,-1
2016950000476,2,8,0,18,0,8,0,0,0,0,3,1,1,1,-1,-1,-1,-1,-1,-1,-1,-1
2016950000490,1,9,0,6,0,2,0,0,0,0,1,1,6,1,76,11,-1,-1,-1,-1,1,-1
2016950000490,2,3,0,18,0,8,0,0,0,0,1,1,1,1,28,6,108,1,1,-1,1,-1
2016950000491,1,9,0,16,0,0,0,0,7,11,3,1,6,2,19,4,998,1,7,-1,3,-1
2016950000492,1,9,0,18,0,1,0,0,0,0,1,1,1,1,45,7,1956,2,2,-1,1,-1
2016950000492,2,19,0,10,0,1,0,0,0,0,2,1,1,1,53,8,2198,2,6,-1,1,-1
2016950000493,1,9,0,18,0,0,0,0,0,0,4,1,6,3,-1,-1,-1,-1,-1,-1,-1,-1
2016950000494,1,9,0,7,0,1,0,0,0,0,4,1,6,2,40,7,1598,1,10,-1,1,-1
2016950000494,2,1,0,18,0,1,0,0,0,0,1,1,2,1,25,5,-1,-1,-1,-1,1,-1
2016950000495,1,19,0,18,0,1,0,0,0,0,1,1,6,1,36,7,2198,2,4,-1,2,-1
2016950000495,2,9,0,3,0,1,0,0,0,0,2,1,6,2,39,7,1598,1,5,-1,2,-1
2016950000496,1,9,0,5,0,4,0,0,0,0,1,1,6,2,46,8,2995,1,3,-1,3,-1
2016950000496,2,3,0,9,0,3,0,0,0,0,4,1,2,1,25,5,125,1,6,-1,-1,-1
2016950000504,1,9,0,18,0,0,0,0,7,11,1,1,6,1,24,5,1968,2,5,-1,1,-1
2016950000504,2,9,0,18,0,0,0,0,0,0,0,1,6,1,60,9,1968,2,2,-1,1,-1
2016950000504,3,9,0,18,0,0,0,0,0,0,0,1,6,1,58,9,2488,1,8,10,1,10
2016950000505,1,4,0,18,0,0,0,0,0,0,3,1,2,1,54,8,798,1,2,-1,-1,-1
2016950000522,1,19,0,18,0,0,0,0,0,0,1,1,6,1,30,6,1753,2,9,-1,1,-1
2016950000523,1,9,0,18,0,3,0,0,0,0,1,1,6,2,31,6,1390,1,11,-1,1,-1
2016950000524,1,9,0,9,0,8,0,0,0,0,4,1,6,3,-1,-1,-1,-1,-1,-1,-1,-1
2016950000524,2,3,0,18,0,8,0,0,0,0,1,1,2,1,27,6,124,1,5,-1,1,-1
2016950000526,1,8,0,15,0,2,0,0,0,0,4,1,6,3,-1,-1,-1,-1,-1,-1,-1,-1
2016950000526,2,1,0,18,0,2,0,0,0,0,3,1,2,2,27,6,-1,-1,-1,-1,-1,-1
2016950000527,1,9,0,7,0,2,0,0,0,0,1,1,6,1,26,6,1198,1,6,-1,1,-1
2016950000527,2,9,0,18,0,1,0,0,0,0,1,1,6,2,29,6,1686,2,2,-1,1,-1
2016950000528,1,9,0,18,0,1,0,0,0,0,1,1,2,1,32,6,1794,1,11,-1,1,-1
2016950000529,1,9,0,4,0,0,0,0,0,0,1,1,6,2,31,6,1422,2,12,-1,1,-1
2016950000529,2,4,0,3,0,0,0,0,0,0,2,1,6,2,52,8,1470,1,12,-1,1,-1
2016950000546,1,9,0,18,0,1,0,0,0,0,1,1,6,2,83,11,1197,1,3,-1,3,-1
2016950000546,2,9,0,18,0,1,0,0,4,6,2,1,6,2,30,6,998,1,8,-1,1,-1
2016950000547,1,9,0,16,0,1,0,0,0,0,1,1,6,1,21,5,1798,1,13,-1,2,-1
2016950000547,2,9,0,4,0,1,0,0,0,0,2,1,6,1,27,6,1870,2,12,-1,3,-1
2016950000547,3,19,0,17,0,1,0,0,0,0,1,1,1,1,55,8,1896,2,6,-1,1,-1
2016950000548,1,9,0,13,0,4,0,9,1,11,1,1,6,1,44,7,1591,1,7,-1,1,-1
2016950000548,2,19,0,6,0,4,0,0,0,0,3,1,1,1,35,6,1968,2,4,-1,2,-1
2016950000577,1,9,0,18,0,0,0,0,1,0,4,1,1,1,26,6,1998,1,8,-1,1,-1
2016950000608,1,9,0,9,0,2,0,0,0,0,1,1,6,1,63,9,1591,1,-1,-1,1,-1
2016950000608,2,1,0,9,0,8,0,0,0,0,1,1,6,2,48,8,-1,-1,-1,-1,1,-1
2016950000635,1,9,0,13,0,0,0,0,0,0,0,1,6,3,-1,-1,-1,-1,-1,-1,-1,-1
2016950000635,2,4,0,13,0,0,0,0,7,9,1,1,6,1,56,9,1470,1,16,-1,3,-1