Accident_Index,Vehicle_Reference,Vehicle_Type,Towing_and_Articulation,Vehicle_Manoeuvre,Vehicle_Location-Restricted_Lane,Junction_Location,Skidding_and_Overturning,Hit_Object_in_Carriageway,Vehicle_Leaving_Carriageway,Hit_Object_off_Carriageway,1st_Point_of_Impact,Was_Vehicle_Left_Hand_Drive?,Journey_Purpose_of_Driver,Sex_of_Driver,Age_of_Driver,Age_Band_of_Driver,Engine_Capacity_(CC),Propulsion_Code,Age_of_Vehicle,Driver_IMD_Decile,Driver_Home_Area_Type,Vehicle_IMD_Decile
2016950000635,3,9,0,18,0,0,0,0,0,0,0,1,6,3,-1,-1,-1,-1,-1,-1,-1,-1
2016950000647,1,9,0,18,0,0,0,0,0,0,1,1,6,1,21,5,1390,1,7,-1,1,-1
2016950000648,1,9,0,18,0,1,0,0,0,0,1,1,6,2,53,8,1596,1,1,-1,1,-1
2016950000648,2,9,0,3,0,1,0,0,0,0,2,1,6,2,45,7,1229,1,1,-1,2,-1
2016950000653,1,9,0,9,0,8,0,0,0,0,1,1,2,1,65,9,1998,2,12,-1,1,-1
2016950000655,1,8,0,7,0,1,0,0,0,0,1,1,6,1,24,5,2143,2,2,-1,1,-1
2016950000660,1,11,0,18,0,0,0,0,0,0,1,1,1,1,52,8,9360,2,8,-1,1,-1
2016950000664,1,19,0,7,0,8,0,0,0,0,1,1,1,1,29,6,2299,2,1,-1,1,-1
2016950000665,1,9,0,2,0,0,0,0,0,0,1,1,6,2,70,10,1560,2,3,-1,3,-1
2016950000666,1,11,0,18,2,1,0,0,0,0,4,1,1,1,36,7,9360,2,8,-1,1,-1
2016950000667,1,9,0,18,0,0,0,0,0,0,1,1,6,2,34,6,-1,-1,-1,-1,1,-1
2016950000667,2,9,0,4,0,0,0,0,0,0,2,1,6,2,74,10,1120,1,19,-1,-1,-1
2016950000668,1,9,0,18,0,1,0,0,1,4,2,1,2,2,40,7,1560,2,10,-1,1,-1
2016950000669,1,21,0,17,0,0,0,0,0,0,3,1,1,1,52,8,12740,2,5,-1,2,-1
2016950000678,1,9,0,6,0,0,0,0,0,0,1,1,6,2,-1,-1,-1,-1,-1,-1,-1,-1
2016950000678,2,4,0,18,0,0,0,0,0,0,1,1,6,1,23,5,499,1,19,-1,1,-1
2016950000679,1,19,0,7,0,8,0,0,0,0,4,1,6,3,-1,-1,-1,-1,-1,-1,-1,-1
2016950000680,1,1,0,18,0,0,0,0,0,0,3,1,6,2,50,8,-1,-1,-1,-1,1,-1
2016950000680,2,19,0,2,0,0,0,0,0,0,2,1,6,3,-1,-1,2198,2,2,-1,-1,-1
2016950000681,1,9,0,18,0,0,1,0,7,10,1,1,6,2,36,7,-1,-1,-1,-1,1,-1
2016950000682,1,11,0,5,0,8,0,0,0,0,4,1,1,1,27,6,7300,2,10,-1,1,-1
2016950000683,1,19,0,9,0,8,0,0,0,0,1,1,6,1,33,6,1753,2,13,-1,3,-1
2016950000693,1,9,0,7,0,3,0,0,0,0,1,1,6,1,33,6,1753,2,12,6,2,6
2016950000693,2,9,0,18,0,8,0,0,0,0,1,1,6,2,18,4,1242,1,13,-1,1,-1
2016950000698,1,9,0,7,0,1,0,0,1,0,4,1,6,2,23,5,1248,2,6,-1,1,-1
2016950000698,2,9,0,4,0,1,0,0,0,0,1,1,2,2,46,8,1796,1,1,-1,3,-1
2016950000705,1,19,0,18,0,0,0,0,0,0,1,1,6,1,32,6,1461,2,2,-1,3,-1
2016950000705,2,9,0,18,0,0,0,0,0,0,2,1,2,1,42,7,1997,2,1,-1,1,-1
2016950000705,3,9,0,18,0,0,0,0,0,0,2,1,2,2,57,9,1560,2,3,-1,1,-1
2016950000705,4,19,0,18,0,0,0,0,0,0,1,1,1,1,25,5,2198,2,2,-1,1,-1
2016950000710,1,9,0,4,0,1,0,0,0,0,1,1,6,1,65,9,1968,2,1,7,1,7
2016950000710,2,9,0,4,0,1,0,0,0,0,2,1,6,2,35,6,1248,2,1,-1,1,-1
2016950000711,1,9,0,16,0,8,1,0,1,11,3,1,6,1,24,5,4395,1,2,-1,3,-1
2016950000712,1,9,0,18,0,8,0,0,0,0,1,1,6,3,-1,-1,-1,-1,-1,-1,-1,-1
2016950000713,1,9,0,18,0,8,0,0,0,0,1,1,2,2,41,7,1229,1,1,-1,1,-1
2016950000714,1,9,0,5,0,2,0,0,0,0,3,1,3,2,30,6,1395,1,1,-1,1,-1
2016950000714,2,4,0,18,0,1,0,0,0,0,1,1,6,1,34,6,599,1,1,-1,1,-1
2016950000715,1,9,0,12,0,1,0,0,0,0,4,1,6,2,56,9,-1,-1,-1,-1,1,-1
2016950000717,1,9,0,1,9,1,0,0,0,0,4,1,6,1,31,6,1598,1,10,-1,1,-1
2016950000723,1,9,0,18,0,0,1,7,2,2,2,1,6,2,30,6,1248,1,6,-1,1,-1
2016950000724,1,9,0,18,0,1,0,0,0,0,4,1,6,2,54,8,1364,1,7,-1,1,-1
2016950000725,1,9,0,17,0,2,0,0,0,0,1,1,4,1,45,7,-1,-1,-1,-1,1,-1
2016950000732,1,9,0,5,0,0,0,0,0,0,1,1,6,1,34,6,-1,-1,-1,-1,3,-1
2016950000732,2,9,0,1,0,0,0,0,0,0,2,2,6,1,49,8,1388,1,12,-1,1,-1
2016950000733,1,9,0,9,0,8,0,0,0,0,1,1,6,2,73,10,1397,1,6,-1,1,-1
2016950000733,2,4,0,18,0,8,0,0,0,0,1,1,6,1,22,5,296,1,2,-1,1,-1
2016950000734,1,9,0,9,0,1,0,0,0,0,1,1,6,1,23,5,1360,1,6,-1,1,-1
2016950000734,2,9,0,3,0,1,0,0,0,0,2,1,6,2,48,8,1591,1,3,-1,1,-1
2016950000736,1,9,0,5,0,0,0,0,0,0,1,1,6,2,25,5,1398,1,6,-1,1,-1
2016950000738,1,9,0,18,0,0,1,0,1,11,1,1,6,1,61,9,1364,1,7,-1,2,-1
2016950000739,1,9,0,18,0,0,2,0,1,0,0,1,2,1,46,8,1997,2,11,-1,1,-1
2016950000741,1,19,0,18,0,0,0,0,0,0,1,1,6,1,42,7,1248,2,6,1,1,1
2016950000741,2,9,0,18,0,0,0,0,0,0,1,1,6,1,37,7,-1,-1,-1,-1,1,-1
2016950000742,1,11,0,3,0,1,0,0,0,0,0,1,1,1,52,8,7300,2,8,-1,2,-1
2016950000743,1,19,0,18,0,0,0,0,1,3,1,1,2,1,49,8,1598,2,3,-1,-1,-1
2016950000743,2,9,0,18,0,0,0,0,0,0,1,1,6,1,42,7,1461,2,12,-1,2,-1
2016950000744,1,9,0,18,0,0,0,0,4,7,1,1,6,1,20,4,1598,1,11,-1,1,-1
2016950000745,1,9,0,4,0,1,1,0,0,0,1,1,6,2,39,7,2199,2,2,-1,3,-1
2016950000745,2,19,0,18,0,8,0,0,0,0,4,1,6,1,35,6,2477,2,5,-1,2,-1
2016950000746,1,9,0,7,0,6,0,0,0,0,1,1,2,1,35,6,2179,2,13,-1,2,-1
2016950000746,2,9,0,10,0,5,0,0,0,0,1,1,6,1,48,8,1499,2,1,-1,3,-1
2016950000747,1,9,0,18,0,0,1,0,1,0,1,1,6,1,33,6,1461,2,3,-1,-1,-1
2016950000748,1,9,0,17,0,0,2,0,1,11,1,1,2,2,22,5,1149,1,5,-1,1,-1
2016950000749,1,9,0,16,0,0,1,0,0,0,1,1,6,1,38,7,998,1,14,-1,1,-1
2016950000749,2,9,0,17,0,0,0,0,0,0,1,1,6,1,47,8,1753,2,8,-1,1,-1
2016950000751,1,9,0,18,0,0,0,0,0,0,1,1,6,1,52,8,1242,1,12,-1,1,-1
2016950000758,1,9,0,18,0,4,0,0,0,0,1,1,6,1,28,6,1798,1,-1,-1,-1,-1
2016950000758,2,9,0,18,0,8,0,0,0,0,4,1,6,1,31,6,1799,1,9,-1,1,-1
2016950000759,1,11,0,18,0,1,0,0,0,0,0,1,1,1,62,9,9000,2,9,-1,1,-1
2016950000775,1,9,0,7,0,1,0,0,0,0,1,1,6,1,26,6,1598,1,9,-1,3,-1
2016950000775,2,9,0,8,0,1,0,0,0,0,2,1,6,1,62,9,2497,2,7,-1,3,-1
2016950000781,1,9,0,13,0,0,0,0,1,4,1,1,6,1,29,6,1364,1,7,-1,1,-1
2016950000781,2,9,0,18,0,0,0,0,1,0,1,1,6,1,53,8,1968,2,1,-1,-1,-1
2016950000781,3,9,0,18,0,0,0,0,0,0,3,1,2,1,58,9,1796,1,16,-1,2,-1
2016950000781,4,19,0,18,0,0,0,0,0,0,3,1,1,1,43,7,1248,2,6,-1,1,-1
2016950000788,1,21,0,17,0,8,0,0,0,0,1,1,1,1,33,6,8970,2,11,-1,1,-1
2016950000788,2,9,0,3,0,8,0,0,0,0,3,1,1,1,37,7,-1,-1,-1,-1,1,-1
2016950000789,1,9,0,17,0,0,0,0,0,0,1,1,1,1,23,5,-1,-1,-1,-1,2,-1
2016950000789,2,9,0,16,0,0,0,0,0,0,1,1,6,1,52,8,1596,1,15,-1,1,-1
2016950000789,3,9,0,16,0,0,0,0,0,0,1,1,6,2,54,8,1299,1,16,-1,1,-1
2016950000832,1,9,0,18,0,1,0,0,0,0,1,1,6,3,-1,-1,-1,-1,-1,-1,-1,-1
2016950000835,1,9,0,18,0,2,0,0,1,11,1,1,6,1,21,5,1229,1,1,-1,3,-1
2016950000835,2,9,0,2,0,2,0,0,0,0,3,1,6,3,-1,-1,1984,2,16,-1,-1,-1
2016950000835,3,19,0,2,0,1,0,0,0,0,1,1,6,3,-1,-1,1997,2,8,-1,-1,-1
2016950000876,1,9,0,4,0,1,0,0,0,0,1,1,2,1,49,8,1398,1,2,-1,1,-1
2016950000876,2,9,0,4,0,1,0,0,0,0,2,1,2,2,69,10,998,1,2,-1,1,-1
2016950000877,1,9,0,18,0,1,0,0,0,0,1,1,2,2,40,7,-1,-1,-1,-1,1,-1
2016950000877,2,9,0,3,0,1,0,0,0,0,2,1,2,2,27,6,1598,1,5,-1,-1,-1
2016950000877,3,9,0,3,0,1,0,0,0,0,2,1,6,2,45,7,1149,1,9,-1,1,-1
2016950000878,1,9,0,18,0,0,2,0,0,0,4,1,6,2,68,10,1598,1,8,-1,1,-1
2016950000878,2,9,0,2,0,0,0,0,0,0,4,1,6,3,-1,-1,1242,1,14,-1,-1,-1
2016950000878,3,9,0,2,0,0,0,0,0,0,4,1,6,3,-1,-1,1248,2,2,-1,-1,-1
2016950000878,4,9,0,2,0,0,0,0,0,0,4,1,6,3,-1,-1,-1,-1,-1,-1,-1,-1
2016950000878,5,9,0,2,0,0,0,0,0,0,1,1,6,3,-1,-1,998,1,17,-1,-1,-1
2016950000878,6,9,0,2,0,0,0,0,0,0,1,1,6,3,-1,-1,-1,-1,-1,-1,-1,-1
2016950000879,1,9,0,18,0,2,0,0,0,0,1,1,6,1,19,4,1598,1,16,-1,1,-1
2016950000879,2,9,0,18,0,8,0,10,1,0,3,1,6,1,53,8,1398,2,14,-1,-1,-1
2016950000880,1,9,0,18,0,4,0,0,0,0,1,1,6,1,58,9,1360,1,12,-1,1,-1
2016950000880,2,1,0,18,0,8,0,0,0,0,2,1,6,1,32,6,-1,-1,-1,-1,1,-1
2016950000881,1,9,0,18,0,8,0,0,0,0,1,1,6,1,24,5,1598,2,1,-1,1,-1
2016950000881,2,9,0,18,0,8,0,0,0,0,4,1,6,1,69,10,1198,1,3,-1,1,-1
2016950000886,1,9,0,18,0,0,0,0,0,0,1,1,2,2,54,8,998,1,4,-1,1,-1
2016950000886,2,9,0,18,0,0,0,0,0,0,2,1,6,1,20,4,998,1,2,-1,1,-1
2016950000889,1,9,0,4,0,0,0,0,0,0,1,1,6,2,26,6,1242,1,3,-1,3,-1
2016950000889,2,9,0,3,0,0,0,0,0,0,2,1,6,1,41,7,1686,2,3,-1,1,-1
2016950000890,1,9,0,18,0,1,0,0,0,0,1,1,6,1,29,6,1998,1,16,-1,-1,-1
2016950000890,2,9,0,18,0,1,0,0,0,0,1,1,6,1,65,9,1968,2,-1,-1,3,-1
2016950000891,1,9,0,18,0,4,0,0,0,0,1,1,6,1,50,8,-1,-1,-1,-1,3,-1
2016950000891,2,9,0,18,0,3,0,0,1,0,4,1,6,2,20,4,1390,1,3,-1,3,-1
2016950000892,1,9,0,9,0,8,0,0,0,0,4,1,6,1,80,11,1242,1,1,-1,1,-1
2016950000892,2,9,0,18,0,8,0,0,0,0,1,1,6,1,40,7,-1,-1,-1,-1,1,-1
2016950000893,1,9,0,18,0,1,0,0,0,0,4,1,2,1,24,5,1598,1,6,-1,1,-1
2016950000894,1,8,0,18,0,0,0,0,0,0,1,1,6,1,61,9,-1,-1,-1,-1,1,-1
2016950000895,1,9,0,18,0,1,0,0,0,0,1,1,6,2,21,5,1998,1,15,-1,1,-1
2016950000896,1,9,0,9,0,2,0,0,0,0,1,1,6,3,-1,-1,-1,-1,-1,-1,-1,-1
2016950000897,1,11,0,18,0,0,0,0,0,0,4,1,6,3,-1,-1,-1,-1,-1,-1,-1,-1
2016950000899,1,9,0,18,0,1,0,0,0,0,1,1,6,1,30,6,1998,1,3,-1,1,-1
2016950000899,2,9,0,18,0,1,0,0,0,0,1,1,2,2,28,6,1461,2,1,-1,1,-1
2016950000901,1,9,0,16,0,0,0,0,1,11,1,1,6,1,21,5,1399,2,7,-1,3,-1
2016950000902,1,9,0,17,0,0,0,0,0,0,1,1,6,1,19,4,1124,1,16,-1,1,-1
2016950000902,2,9,0,18,0,0,0,0,0,0,1,1,6,2,37,7,-1,-1,-1,-1,-1,-1
2016950000903,1,21,1,5,0,1,0,0,0,0,0,1,1,2,44,7,6871,2,3,-1,1,-1
2016950000904,1,1,0,14,0,1,0,0,0,0,1,1,6,2,71,10,-1,-1,-1,-1,1,-1
2016950000905,1,9,0,13,0,0,0,0,1,0,1,1,6,1,56,9,2494,1,15,-1,1,-1
2016950000905,2,9,0,18,0,0,0,0,1,0,2,1,6,1,26,6,1368,1,6,8,1,8
2016950000907,1,11,0,18,0,0,0,0,0,0,0,1,6,3,-1,-1,4760,2,2,-1,-1,-1
2016950000911,1,9,0,13,0,0,0,0,0,0,1,1,6,1,62,9,1956,2,5,-1,2,-1
2016950000911,2,9,0,18,0,0,0,0,0,0,3,1,6,1,56,9,1997,1,-1,-1,3,-1
2016950000912,1,1,0,18,0,1,0,0,0,0,1,1,2,1,33,6,-1,-1,-1,-1,3,-1
2016950000912,2,9,0,3,0,1,0,0,0,0,3,1,6,1,36,7,2204,2,9,-1,1,-1
2016950000916,1,9,0,9,0,8,0,0,0,0,1,1,2,2,48,8,1598,1,6,-1,1,-1
2016950000916,2,1,0,18,0,8,1,0,0,0,1,1,6,1,22,5,-1,-1,-1,-1,1,-1
2016950000917,1,9,0,5,0,4,0,0,0,0,1,1,6,2,68,10,1598,1,3,-1,1,-1
2016950000917,2,9,0,18,0,3,0,0,0,0,4,1,6,2,20,4,1149,1,6,-1,1,-1
2016950000918,1,4,0,13,0,1,0,0,7,0,1,1,6,1,30,6,649,1,1,-1,1,-1
2016950000918,2,9,0,9,0,1,0,0,0,0,3,1,6,2,34,6,1397,1,6,-1,3,-1
2016950000926,1,9,0,18,0,8,0,0,0,0,1,1,2,1,59,9,1248,1,7,-1,3,-1
2016950000928,1,9,0,4,0,1,0,0,0,0,1,1,2,2,52,8,1329,1,1,-1,1,-1
2016950000928,2,9,0,4,0,1,0,0,0,0,2,1,6,2,28,6,2497,2,9,-1,1,-1
2016950000929,1,9,0,4,0,0,0,4,0,0,4,1,6,1,85,11,1242,1,12,-1,1,-1
2016950000929,2,19,0,2,0,0,0,0,0,0,3,1,1,1,31,6,1995,2,4,-1,1,-1
2016950000930,1,4,0,5,0,0,1,0,0,0,1,1,6,1,39,7,998,1,17,-1,1,-1
2016950000942,1,9,0,9,0,8,0,0,0,0,1,1,2,2,43,7,998,1,1,-1,1,-1
2016950000943,1,3,0,18,0,0,0,0,0,0,1,1,2,1,26,6,108,1,1,-1,1,-1
2016950000943,2,19,0,9,0,0,0,0,0,0,3,1,1,1,24,5,1461,2,1,-1,2,-1
2016950000945,1,90,0,18,0,0,0,0,0,0,0,1,6,3,-1,-1,-1,-1,-1,-1,-1,-1
2016950000945,2,11,0,18,0,0,0,0,0,0,0,1,1,1,51,8,9360,2,8,-1,3,-1
2016950000955,1,9,0,18,0,0,0,0,0,0,1,1,6,1,60,9,1598,2,4,-1,1,-1
2016950000955,2,19,2,18,0,0,0,0,0,0,2,1,2,1,27,6,1248,2,2,-1,1,-1
2016950000955,3,9,0,4,0,0,0,0,0,0,2,1,6,1,37,7,1956,2,5,-1,1,-1
2016950000958,1,11,0,9,0,8,0,0,0,0,1,1,1,1,54,8,4250,2,10,-1,2,-1
2016950000959,1,19,0,18,0,0,0,0,0,0,1,1,6,1,45,7,-1,-1,-1,-1,2,-1
2016950000959,2,19,0,3,0,0,0,0,0,0,1,1,6,1,31,6,1753,2,10,-1,3,-1
2016950000959,3,20,0,3,0,0,0,0,0,0,2,1,1,1,60,9,4461,2,5,-1,-1,-1
2016950000960,1,11,0,4,0,0,0,0,0,0,0,1,1,1,46,8,4500,2,5,-1,1,-1
2016950000962,1,9,0,9,0,2,0,0,0,0,1,1,2,2,53,8,998,1,2,-1,1,-1
2016950000963,1,9,0,18,0,0,0,0,0,0,2,1,6,2,65,9,1200,1,1,-1,1,-1
2016950000963,2,9,0,3,0,0,0,0,0,0,0,1,6,1,28,6,2521,1,9,-1,1,-1
2016950000965,1,9,0,18,0,0,0,0,0,0,1,1,6,2,21,5,1248,2,8,-1,1,-1
2016950000965,2,9,0,3,0,0,0,0,0,0,2,1,6,1,53,8,-1,-1,-1,-1,1,-1
2016950000966,1,9,0,18,0,0,0,0,0,0,1,1,6,2,72,10,1396,1,14,-1,2,-1
2016950000966,2,9,0,18,0,0,0,0,0,0,1,1,6,1,25,5,2495,2,12,8,3,8
2016950000966,3,9,0,18,0,0,0,0,0,0,1,1,6,1,23,5,1984,1,2,-1,-1,-1
2016950000966,4,9,0,18,0,0,0,0,0,0,1,1,6,2,17,4,1229,1,6,-1,2,-1
2016950000967,1,9,0,14,0,1,0,0,0,0,1,1,6,1,26,6,1398,2,4,-1,3,-1
2016950000967,2,9,0,18,0,1,0,0,0,0,1,1,6,2,34,6,1598,1,11,-1,3,-1
2016950000967,3,19,0,10,0,1,0,0,0,0,3,1,1,1,37,7,2198,2,7,-1,3,-1
2016950000968,1,9,0,18,0,1,0,0,0,0,1,1,6,2,36,7,1598,1,10,-1,-1,-1
2016950000969,1,9,0,18,0,0,5,4,0,0,1,1,6,1,82,11,1396,1,11,-1,1,-1
2016950000969,2,9,0,2,0,0,0,0,0,0,2,1,6,3,-1,-1,1364,1,2,-1,-1,-1
2016950000976,1,9,0,18,0,1,0,0,0,0,2,1,6,2,61,9,1198,1,4,-1,1,-1
2016950000976,2,9,0,18,0,1,0,0,0,0,2,1,1,1,44,7,-1,-1,-1,-1,3,-1
2016950000977,1,9,0,18,0,0,1,0,7,11,2,1,6,1,44,7,1242,1,12,-1,2,-1
2016950000977,2,9,0,16,0,0,0,0,0,0,1,1,2,1,42,7,1975,1,11,-1,1,-1
2016950000978,1,9,0,18,0,0,0,0,0,0,1,1,6,2,58,9,1339,1,13,-1,1,-1
2016950000979,1,19,0,6,2,0,0,0,0,0,2,1,1,1,51,8,1461,2,1,-1,1,-1
2016950000979,2,9,0,18,0,0,0,0,0,0,1,1,6,1,24,5,2926,2,15,-1,1,-1
2016950000980,1,9,0,4,0,1,0,0,0,0,1,1,6,1,24,5,1198,1,12,-1,1,-1
2016950000980,2,9,0,4,0,1,0,0,0,0,2,1,6,1,50,8,999,1,4,-1,2,-1
2016950000981,1,9,0,18,0,8,0,0,7,1,1,1,6,1,57,9,1998,1,13,-1,-1,-1
2016950000982,1,9,0,5,0,2,0,0,0,0,1,1,2,1,34,6,1388,1,10,-1,2,-1
2016950000982,2,9,0,18,0,8,0,0,0,0,3,1,2,1,28,6,2497,1,14,-1,1,-1
2016950000984,1,9,0,18,0,0,0,10,1,0,1,1,6,1,94,11,1596,1,11,-1,1,-1
2016950000985,1,19,0,9,0,8,0,0,0,0,1,1,1,1,48,8,1461,2,3,-1,3,-1
2016950000985,2,1,0,18,0,8,0,0,0,0,1,1,6,2,53,8,-1,-1,-1,-1,1,-1
2016950000986,1,9,0,17,0,0,1,0,7,0,1,1,1,1,40,7,1598,1,9,-1,2,-1
2016950000987,1,3,0,18,0,1,0,0,0,0,1,1,6,1,26,6,125,1,-1,-1,1,-1
2016950000987,2,9,0,10,0,8,0,0,0,0,2,1,6,2,60,9,-1,-1,-1,-1,1,-1
2016950000988,1,9,0,18,0,0,1,0,0,0,3,1,6,1,23,5,2990,1,23,-1,2,-1
2016950000988,2,9,0,18,0,0,0,0,0,0,0,1,1,3,-1,-1,1248,2,2,-1,-1,-1
2016950000988,3,9,0,18,0,0,0,0,0,0,1,1,6,1,67,10,1686,2,2,-1,2,-1
2016950000988,4,19,0,18,0,0,0,0,0,0,1,1,6,1,52,8,-1,-1,-1,-1,2,-1
2016950000989,1,19,0,18,0,0,0,0,0,0,1,1,6,1,24,5,1870,2,13,-1,2,-1
2016950000992,1,9,0,13,0,0,0,0,0,0,4,1,6,1,30,6,1587,1,13,2,1,2
2016950000992,2,20,0,18,0,0,0,0,0,0,2,1,6,3,-1,-1,-1,-1,-1,-1,-1,-1
2016950001003,1,9,0,18,0,0,0,0,7,9,4,1,6,2,65,9,1497,1,10,-1,-1,-1
2016950001007,1,9,0,18,0,0,0,0,0,0,1,1,6,3,-1,-1,1910,2,6,-1,-1,-1
2016950001007,2,9,0,3,0,0,0,0,0,0,2,1,6,1,37,7,1560,2,3,-1,1,-1
2016950001013,1,9,0,7,0,1,0,0,0,0,1,1,6,1,18,4,1198,1,8,-1,1,-1
2016950001017,1,9,0,7,0,2,0,0,7,0,2,1,6,2,60,9,1686,2,3,-1,3,-1
2016950001017,2,9,0,18,0,1,0,0,1,7,1,1,2,2,59,9,1461,2,-1,7,1,7
2016950001021,1,19,0,18,0,1,0,0,0,0,4,1,6,1,71,10,1910,2,8,-1,2,-1
2016950001032,1,9,0,16,0,0,1,0,0,0,1,1,2,1,45,7,1995,2,3,-1,-1,-1
2016950001032,2,9,0,17,0,0,0,0,0,0,1,1,6,1,71,10,1149,1,8,-1,3,-1
2016950001038,1,9,0,18,0,8,0,0,0,0,4,1,6,1,26,6,1995,2,2,-1,1,-1
2016950001041,1,9,2,18,0,1,0,0,0,0,1,1,6,1,51,8,1599,1,10,1,1,1
2016950001041,2,9,0,4,0,1,0,0,0,0,2,1,2,2,56,9,1796,1,10,-1,3,-1
2016950001042,1,9,0,5,0,1,0,0,0,0,0,1,2,1,41,7,1328,1,6,-1,1,-1
2016950001042,2,11,0,5,0,1,0,0,0,0,0,1,1,1,46,8,-1,-1,-1,-1,-1,-1
2016950001071,1,19,0,5,0,1,0,0,0,0,1,1,6,1,27,6,1995,2,4,-1,3,-1
2016950001071,2,1,0,18,0,1,0,0,0,0,1,1,6,1,48,8,-1,-1,-1,-1,1,-1
2016950001085,1,9,0,9,0,1,0,0,0,0,1,1,2,2,28,6,1149,1,14,-1,1,-1
2016950001085,2,9,0,7,0,1,0,0,0,0,1,1,6,1,44,7,1956,2,1,-1,1,-1
2016950001093,1,8,0,18,0,0,0,0,0,0,1,1,1,1,54,8,2664,2,16,-1,1,-1
2016950001094,1,9,0,9,0,8,0,0,0,0,1,1,6,2,82,11,-1,-1,-1,-1,1,-1
2016950001094,2,9,0,18,0,8,0,0,0,0,1,1,2,2,33,6,1598,2,2,-1,1,-1
2016950001095,1,9,0,4,0,0,0,0,0,0,1,1,6,2,22,5,1242,1,10,-1,1,-1
2016950001096,1,9,0,16,0,1,0,0,7,11,1,1,6,1,18,4,1595,1,7,-1,2,-1
2016950001097,1,9,0,17,0,0,2,0,1,11,4,1,6,2,54,8,1364,2,5,-1,3,-1
2016950001102,1,9,0,9,0,8,0,0,0,0,1,1,6,2,83,11,996,1,6,-1,2,-1
2016950001102,2,9,0,18,0,8,0,0,0,0,1,1,6,2,43,7,1332,1,17,-1,3,-1
2016950001103,1,9,0,18,0,0,1,0,0,0,1,1,6,1,24,5,1149,1,8,-1,1,-1
2016950001103,2,9,0,18,0,0,0,0,0,0,2,1,6,1,31,6,1398,1,15,-1,1,-1
2016950001103,3,9,0,18,0,0,0,0,0,0,2,1,6,2,20,4,1242,1,4,-1,1,-1
2016950001103,4,9,0,4,0,0,0,0,0,0,2,1,6,2,47,8,1390,1,5,-1,1,-1
2016950001110,1,9,0,9,0,1,0,0,0,0,1,1,6,1,25,5,1797,8,6,-1,3,-1
2016950001110,2,19,0,18,0,8,0,0,0,0,1,1,2,1,34,6,1499,2,2,-1,2,-1
2016950001110,3,9,0,18,0,1,0,0,0,0,1,1,6,2,42,7,1999,2,1,-1,3,-1
2016950001113,1,9,0,9,0,8,0,0,0,0,1,1,6,1,81,11,1197,1,5,-1,3,-1
2016950001113,2,9,0,18,0,1,0,0,1,0,1,1,6,2,27,6,1896,2,9,-1,3,-1
2016950001125,1,9,0,18,0,0,0,0,0,0,1,1,6,2,22,5,998,1,10,-1,1,-1
2016950001125,2,9,0,18,0,0,0,0,0,0,1,1,6,2,49,8,1984,1,12,-1,1,-1
2016950001138,1,9,0,18,0,1,0,0,0,0,1,1,6,3,-1,-1,-1,-1,-1,-1,-1,-1
2016950001138,2,9,0,2,0,1,0,0,0,0,1,1,6,3,-1,-1,1242,1,15,-1,-1,-1
2016950001139,1,19,0,18,0,8,0,0,0,0,4,1,6,3,-1,-1,-1,-1,-1,-1,-1,-1
2016950001139,2,1,0,18,0,8,0,0,0,0,3,1,6,2,35,6,-1,-1,-1,-1,1,-1
2016950001140,1,9,0,18,0,0,0,0,0,0,1,1,6,1,63,9,1984,1,14,-1,1,-1
2016950001142,1,3,0,15,0,1,0,0,0,0,3,1,6,1,17,4,124,1,1,-1,1,-1
2016950001142,2,21,0,3,0,1,0,0,0,0,4,1,1,1,49,8,10837,2,5,-1,1,-1
2016950001144,1,19,0,12,0,0,0,0,0,0,1,1,1,1,51,8,2143,2,5,-1,2,-1
2016950001144,2,9,0,18,0,0,0,0,0,0,1,1,6,1,87,11,1399,1,10,-1,1,-1
2016950001151,1,8,0,16,0,0,0,0,7,1,3,1,6,1,57,9,1997,2,1,-1,1,-1
2016950001157,1,9,0,5,0,8,0,0,0,0,0,1,6,2,57,9,-1,-1,-1,-1,1,-1
2016950001157,2,3,0,18,0,1,1,0,0,0,3,1,6,2,17,4,125,1,1,-1,1,-1
2016950001158,1,9,0,6,0,0,0,0,0,0,1,1,6,1,66,10,1242,1,2,-1,2,-1
2016950001158,2,9,0,18,0,0,0,0,0,0,4,1,6,2,46,8,1796,1,8,-1,2,-1
2016950001159,1,9,0,14,0,1,0,0,0,0,1,1,6,1,18,4,999,1,-1,-1,1,-1
2016950001159,2,9,0,9,0,1,0,0,0,0,1,1,6,1,70,10,1461,2,3,-1,1,-1
2016950001159,3,9,0,3,0,1,0,0,0,0,0,1,6,2,28,6,1685,2,3,-1,1,-1
2016950001160,1,19,0,1,0,0,0,4,0,0,2,1,6,1,39,7,1560,2,2,-1,2,-1
2016950001160,2,9,0,2,0,0,0,0,0,0,1,1,6,3,-1,-1,1124,1,12,-1,-1,-1
2016950001169,1,9,0,18,0,1,0,0,0,0,1,1,6,2,34,6,1560,2,10,-1,-1,-1
2016950001169,2,9,0,9,0,1,0,0,0,0,4,1,6,1,47,8,1968,2,3,-1,1,-1
2016950001172,1,19,0,18,0,1,0,0,0,0,1,1,1,1,37,7,4580,2,8,-1,1,-1
2016950001172,2,9,0,10,0,1,0,0,0,0,2,1,6,2,17,4,1240,1,12,-1,1,-1