Accident_Index,Vehicle_Reference,Vehicle_Type,Towing_and_Articulation,Vehicle_Manoeuvre,Vehicle_Location-Restricted_Lane,Junction_Location,Skidding_and_Overturning,Hit_Object_in_Carriageway,Vehicle_Leaving_Carriageway,Hit_Object_off_Carriageway,1st_Point_of_Impact,Was_Vehicle_Left_Hand_Drive?,Journey_Purpose_of_Driver,Sex_of_Driver,Age_of_Driver,Age_Band_of_Driver,Engine_Capacity_(CC),Propulsion_Code,Age_of_Vehicle,Driver_IMD_Decile,Driver_Home_Area_Type,Vehicle_IMD_Decile
2016950001199,1,19,0,18,0,1,0,0,0,0,1,1,6,1,79,11,1868,2,13,-1,1,-1
2016950001199,2,9,0,18,0,1,0,0,0,0,1,1,1,2,23,5,1149,1,7,-1,1,-1
2016950001202,1,9,0,9,0,1,0,0,0,0,1,1,2,2,45,7,998,1,10,-1,1,-1
2016950001202,2,9,0,18,0,1,0,0,0,0,1,1,2,2,58,9,1395,1,1,-1,3,-1
2016950001204,1,9,0,1,0,0,0,0,0,0,2,1,6,1,-1,-1,-1,-1,-1,-1,-1,-1
2016950001205,1,9,0,17,0,0,5,0,7,11,1,1,6,1,19,4,1149,1,9,-1,1,-1
2016950001205,2,9,0,18,0,0,0,0,0,0,0,1,6,1,50,8,1199,1,13,-1,3,-1
2016950001214,1,9,0,18,0,0,0,0,0,0,1,1,2,1,20,4,1199,1,12,-1,1,-1
2016950001215,1,9,0,9,0,8,0,0,0,0,4,1,2,2,59,9,1598,1,7,-1,2,-1
2016950001215,2,9,0,18,0,8,0,0,0,0,1,1,6,1,34,6,1388,1,14,-1,1,-1
2016950001219,1,9,0,9,0,8,0,0,0,0,1,1,2,2,29,6,1796,1,7,-1,2,-1
2016950001219,2,3,0,18,0,1,0,0,0,0,1,1,2,1,21,5,125,1,-1,-1,1,-1
2016950001220,1,19,0,18,0,0,0,0,0,0,1,1,2,1,33,6,1248,2,3,-1,1,-1
2016950001220,2,9,0,4,0,0,0,0,0,0,2,1,2,2,35,6,2199,2,5,-1,2,-1
2016950001226,1,9,0,7,0,8,0,0,0,0,4,1,6,2,45,7,-1,-1,-1,-1,2,-1
2016950001227,1,9,0,7,0,1,0,0,0,0,1,1,6,2,35,6,1598,1,2,-1,1,-1
2016950001227,2,1,0,3,0,1,0,0,0,0,1,1,6,1,38,7,-1,-1,-1,-1,1,-1
2016950001236,1,9,0,18,0,0,0,0,0,0,1,1,2,1,29,6,1461,2,3,-1,1,-1
2016950001237,1,3,0,13,0,0,0,0,0,0,1,1,6,1,20,4,125,1,2,-1,1,-1
2016950001237,2,9,0,9,0,0,0,0,0,0,3,1,6,1,53,8,1598,1,9,-1,1,-1
2016950001238,1,9,0,18,0,8,0,0,7,9,1,1,6,2,61,9,1246,1,9,-1,1,-1
2016950001238,2,9,0,18,0,1,0,0,7,0,4,1,6,2,43,7,1200,1,1,-1,2,-1
2016950001239,1,9,0,18,0,0,5,10,0,0,1,1,6,3,-1,-1,998,1,5,-1,-1,-1
2016950001240,1,9,0,18,0,0,2,0,2,11,4,1,2,1,24,5,1149,1,9,-1,2,-1
2016950001241,1,9,0,18,0,1,0,0,0,0,1,1,2,1,41,7,1389,1,12,-1,3,-1
2016950001241,2,9,0,18,0,8,0,0,0,0,1,1,6,2,43,7,-1,3,1,-1,3,-1
2016950001251,1,9,0,9,0,5,0,0,0,0,4,1,6,2,52,8,1229,1,3,-1,1,-1
2016950001251,2,1,0,18,0,1,0,0,0,0,1,1,6,1,47,8,-1,-1,-1,-1,1,-1
2016950001260,1,90,0,5,0,1,0,0,0,0,2,1,6,3,-1,-1,-1,-1,-1,-1,-1,-1
2016950001260,2,1,0,9,0,1,0,0,0,0,2,1,6,1,27,6,-1,-1,-1,-1,1,-1
2016950001262,1,19,0,4,0,1,0,0,0,0,1,1,1,1,49,8,1753,2,5,-1,2,-1
2016950001262,2,9,0,4,0,1,0,0,0,0,2,1,6,2,23,5,999,1,1,-1,3,-1
2016950001263,1,9,0,18,0,1,0,0,0,0,1,1,1,1,29,6,2967,2,1,-1,-1,-1
2016950001263,2,9,0,3,0,1,0,0,0,0,2,1,6,2,43,7,1598,2,5,-1,3,-1
2016950001276,1,9,0,17,0,1,0,0,0,0,1,1,2,1,18,4,1229,1,6,-1,1,-1
2016950001276,2,9,0,3,0,8,0,0,0,0,2,1,2,1,25,5,999,1,4,-1,1,-1
2016950001280,1,9,0,7,0,8,0,0,1,11,4,1,6,2,35,6,1994,1,10,-1,3,-1
2016950001280,2,9,0,18,0,8,0,0,0,0,1,1,6,2,30,6,1461,2,6,-1,3,-1
2016950001283,1,9,0,9,0,8,0,0,0,0,0,1,6,2,45,7,1598,1,13,-1,1,-1
2016950001283,2,3,0,18,0,1,1,0,0,0,0,1,6,2,34,6,124,1,8,-1,1,-1
2016950001284,1,19,0,18,0,1,0,0,0,0,1,1,6,3,-1,-1,-1,-1,-1,-1,-1,-1
2016950001284,2,9,0,8,0,1,0,0,0,0,2,1,2,1,29,6,1753,2,12,-1,2,-1
2016950001285,1,9,0,18,0,8,0,0,1,10,4,1,6,1,22,5,1242,1,2,-1,1,-1
2016950001285,2,9,0,18,0,2,0,0,0,0,3,1,6,1,35,6,1997,2,1,-1,-1,-1
2016950001286,1,9,0,16,0,0,0,0,7,1,1,1,2,1,59,9,1386,1,13,-1,1,-1
2016950001287,1,9,0,16,0,0,1,0,1,2,4,1,6,1,18,4,1328,1,8,-1,1,-1
2016950001288,1,9,0,11,0,1,0,0,0,0,0,1,6,3,-1,-1,-1,-1,-1,-1,-1,-1
2016950001288,2,11,0,5,0,1,0,0,0,0,0,1,1,1,54,8,7300,2,9,-1,2,-1
2016950001296,1,9,0,18,0,0,0,0,0,0,1,1,2,1,24,5,1398,1,5,-1,1,-1
2016950001296,2,9,0,3,0,0,0,0,0,0,2,1,2,2,28,6,1461,2,2,-1,2,-1
2016950001297,1,9,0,9,0,6,0,0,0,0,3,1,6,1,26,6,1896,2,8,-1,1,-1
2016950001305,1,9,0,18,0,8,0,0,0,0,1,1,6,2,38,7,1591,1,5,-1,1,-1
2016950001305,2,9,0,18,0,8,0,0,0,0,4,1,6,1,58,9,1598,1,9,-1,1,-1
2016950001306,1,9,0,18,0,1,0,0,0,0,1,1,6,2,35,6,1599,1,12,-1,1,-1
2016950001306,2,9,0,4,0,1,0,0,0,0,2,1,6,1,25,5,1388,1,8,-1,1,-1
2016950001306,3,9,0,4,0,1,0,0,0,0,2,1,6,1,56,9,1560,2,4,-1,1,-1
2016950001310,1,9,0,18,0,1,0,0,0,0,1,1,2,2,24,5,998,1,3,-1,3,-1
2016950001310,2,9,0,3,0,1,0,0,0,0,2,1,2,1,30,6,1560,2,5,-1,1,-1
2016950001311,1,3,0,18,2,1,0,0,0,0,1,1,2,1,29,6,124,1,22,-1,-1,-1
2016950001312,1,19,0,5,0,4,0,0,0,0,1,1,2,1,34,6,1248,2,3,-1,1,-1
2016950001312,2,1,0,18,0,8,0,0,0,0,2,1,2,2,43,7,-1,-1,-1,-1,1,-1
2016950001314,1,9,0,16,0,0,0,0,0,0,1,1,6,2,70,10,1598,1,3,-1,2,-1
2016950001314,2,19,0,17,0,0,0,0,0,0,1,1,6,1,34,6,1968,2,8,-1,1,-1
2016950001315,1,9,0,5,0,4,0,0,0,0,1,1,6,1,61,9,1596,1,10,-1,1,-1
2016950001315,2,1,0,5,0,4,0,0,0,0,1,1,6,1,37,7,-1,-1,-1,-1,1,-1
2016950001328,1,9,0,4,0,1,0,0,0,0,4,1,6,3,-1,-1,-1,-1,-1,-1,-1,-1
2016950001328,2,9,0,4,0,1,0,0,1,2,3,1,6,2,18,4,1197,1,1,-1,1,-1
2016950001329,1,11,0,18,0,8,0,0,0,0,1,1,1,1,59,9,6696,2,1,-1,3,-1
2016950001329,2,9,0,18,0,8,0,0,0,0,4,1,2,1,63,9,2143,2,5,-1,2,-1
2016950001330,1,9,0,18,0,1,0,0,0,0,1,1,6,2,27,6,1149,1,11,-1,1,-1
2016950001340,1,9,0,5,0,1,0,0,0,0,1,1,2,2,43,7,1560,2,5,-1,3,-1
2016950001340,2,9,0,18,0,2,0,0,0,0,2,1,6,2,33,6,1968,2,6,-1,3,-1
2016950001340,3,9,0,5,0,1,0,0,0,0,2,1,6,1,53,8,-1,-1,-1,-1,-1,-1
2016950001346,1,9,0,18,0,0,0,0,0,0,3,1,6,1,60,9,2000,2,6,-1,-1,-1
2016950001347,1,19,0,18,0,0,0,0,0,0,1,1,2,1,40,7,2198,2,9,-1,2,-1
2016950001347,2,21,0,18,0,0,0,0,0,0,2,1,1,1,26,6,12902,2,3,-1,3,-1
2016950001348,1,9,0,18,0,0,0,0,0,0,1,1,6,3,-1,-1,-1,-1,-1,-1,-1,-1
2016950001350,1,9,0,18,0,0,0,0,0,0,1,1,6,1,19,4,1586,1,9,-1,1,-1
2016950001350,2,9,0,18,0,0,0,0,0,0,2,1,6,2,61,9,1242,1,4,-1,-1,-1
2016950001368,1,9,0,11,0,0,0,0,0,0,4,1,2,1,33,6,1998,8,-1,-1,1,-1
2016950001368,2,4,0,18,0,0,0,0,0,0,4,1,6,1,54,8,1100,1,17,-1,1,-1
2016950001369,1,9,0,16,0,0,1,0,7,9,1,1,6,1,17,4,1388,1,12,-1,3,-1
2016950001370,1,11,0,18,0,2,0,0,0,0,4,1,1,1,60,9,8300,2,12,-1,1,-1
2016950001371,1,9,0,9,0,2,0,0,0,0,1,1,6,1,58,9,1598,1,11,-1,1,-1
2016950001372,1,9,0,9,0,8,0,0,0,0,1,1,6,2,26,6,1397,1,13,-1,1,-1
2016950001372,2,9,0,18,0,8,0,0,0,0,1,1,6,1,25,5,1598,1,8,-1,1,-1
2016950001389,1,9,0,4,0,1,0,0,0,0,1,1,6,2,28,6,1229,1,6,-1,-1,-1
2016950001389,2,9,0,4,0,1,0,0,0,0,2,1,6,1,39,7,1600,2,6,-1,1,-1
2016950001389,3,9,0,3,0,2,0,0,0,0,2,1,6,1,35,6,1956,2,4,-1,2,-1
2016950001390,1,9,0,18,0,1,0,0,0,0,1,1,6,2,25,5,1149,1,11,-1,2,-1
2016950001390,2,9,0,3,0,1,0,0,0,0,1,1,6,2,56,9,1242,1,12,-1,-1,-1
2016950001390,3,9,0,3,0,1,0,0,0,0,2,1,6,1,54,8,1388,1,15,-1,1,-1
2016950001391,1,9,0,7,0,0,0,0,0,0,1,1,6,1,29,6,1364,1,7,-1,1,-1
2016950001391,2,9,0,18,0,0,0,0,0,0,1,1,6,2,27,6,1461,2,11,-1,3,-1
2016950001392,1,9,0,18,0,2,0,0,0,0,1,1,2,1,20,4,1198,1,6,-1,1,-1
2016950001393,1,9,0,18,0,1,0,0,0,0,1,1,6,1,76,11,1995,2,13,-1,1,-1
2016950001393,2,3,0,7,0,1,0,0,0,0,2,1,1,1,53,8,108,1,3,-1,1,-1
2016950001395,1,9,0,4,0,0,0,0,0,0,1,1,6,1,35,6,1598,2,6,-1,1,-1
2016950001395,2,9,0,3,0,0,0,0,0,0,2,1,6,2,40,7,1598,1,9,-1,1,-1
2016950001396,1,9,0,18,0,1,0,0,0,0,1,1,6,1,41,7,1798,1,12,-1,1,-1
2016950001396,2,9,0,3,0,1,0,0,0,0,2,1,6,2,18,4,-1,-1,-1,-1,1,-1
2016950001400,1,9,0,18,0,8,0,0,0,0,1,1,6,1,75,10,1339,1,8,-1,1,-1
2016950001400,2,9,0,18,0,2,0,0,0,0,4,1,6,1,61,9,1997,2,5,-1,1,-1
2016950001416,1,21,0,18,0,0,0,0,0,0,1,1,1,1,45,7,12740,2,1,-1,1,-1
2016950001416,2,11,0,4,0,0,0,0,0,0,2,1,1,1,49,8,-1,-1,-1,-1,2,-1
2016950001416,3,8,0,4,0,0,0,0,0,0,2,1,1,1,37,7,2664,2,16,-1,1,-1
2016950001418,1,9,0,18,0,0,0,0,0,0,1,1,2,1,56,9,-1,-1,-1,-1,1,-1
2016950001418,2,1,0,16,0,0,0,0,0,0,1,1,2,1,29,6,-1,-1,-1,-1,1,-1
2016950001419,1,9,0,18,0,0,2,0,7,4,1,1,6,3,-1,-1,1995,2,1,-1,-1,-1
2016950001420,1,4,0,18,0,0,0,4,1,0,1,1,6,1,51,8,1783,1,4,-1,1,-1
2016950001420,2,9,0,2,0,0,0,0,0,0,2,1,6,3,-1,-1,2191,2,2,-1,-1,-1
2016950001421,1,9,0,18,0,1,0,0,0,0,1,1,6,2,28,6,998,1,1,-1,1,-1
2016950001421,2,4,0,18,0,1,0,0,0,0,2,1,2,2,37,7,599,1,18,-1,1,-1
2016950001422,1,9,0,9,0,2,0,0,0,0,1,1,1,1,50,8,1769,1,13,-1,1,-1
2016950001422,2,9,0,18,0,8,0,0,0,0,3,1,6,2,55,8,1390,1,5,-1,1,-1
2016950001422,3,1,0,18,0,2,0,8,0,0,1,1,2,2,20,4,-1,-1,-1,-1,1,-1
2016950001423,1,19,0,18,0,0,0,10,2,0,1,1,1,1,58,9,1896,2,9,-1,1,-1
2016950001423,2,21,1,18,0,0,0,0,0,0,3,1,1,1,50,8,12809,2,3,-1,3,-1
2016950001424,1,9,0,13,0,0,1,10,1,11,1,1,6,1,23,5,1994,1,11,2,1,2
2016950001425,1,19,0,2,0,0,0,4,0,0,2,1,1,3,-1,-1,1598,2,1,-1,-1,-1
2016950001425,2,9,0,2,0,0,0,0,0,0,1,1,6,3,-1,-1,1781,1,19,-1,-1,-1
2016950001426,1,90,1,16,0,0,5,0,1,10,4,1,1,1,54,8,-1,-1,-1,-1,1,-1
2016950001427,1,9,0,18,0,1,0,0,0,0,1,1,6,1,56,9,1598,1,4,-1,2,-1
2016950001427,2,9,0,4,0,1,0,0,0,0,2,1,6,2,52,8,1422,2,1,-1,2,-1
2016950001428,1,9,0,5,0,0,0,0,0,0,1,1,6,1,81,11,-1,-1,-1,-1,-1,-1
2016950001429,1,9,0,18,0,1,0,0,0,0,1,1,2,1,17,4,1368,1,10,-1,1,-1
2016950001429,2,9,0,3,0,1,0,0,0,0,2,1,6,2,29,6,1229,1,2,-1,1,-1
2016950001429,3,9,0,3,0,1,0,0,0,0,2,1,2,2,54,8,-1,-1,-1,-1,1,-1
2016950001430,1,9,0,18,0,1,0,0,0,0,1,1,2,1,43,7,1910,2,6,-1,1,-1
2016950001430,2,19,0,10,0,1,0,0,0,0,2,1,1,1,50,8,1598,2,9,-1,1,-1
2016950001431,1,9,0,5,0,4,0,0,0,0,1,1,6,1,47,8,1596,1,11,-1,2,-1
2016950001431,2,9,0,18,0,8,0,0,0,0,4,1,6,1,19,4,1368,1,8,-1,1,-1
2016950001432,1,9,0,18,0,0,0,0,1,10,1,1,6,1,18,4,1896,2,15,-1,2,-1
2016950001433,1,9,0,16,0,0,1,0,1,10,1,1,6,2,69,10,1086,1,8,-1,3,-1
2016950001434,1,9,0,5,0,0,0,0,0,0,1,1,6,1,61,9,1560,2,7,-1,1,-1
2016950001435,1,19,0,7,0,8,0,0,0,0,4,1,2,1,43,7,1753,2,6,-1,1,-1
2016950001435,2,1,0,18,0,8,0,0,0,0,1,1,6,1,32,6,-1,-1,-1,-1,1,-1
2016950001436,1,21,0,11,0,4,0,0,0,0,4,1,6,1,43,7,11705,2,4,-1,1,-1
2016950001436,2,9,0,8,0,4,0,0,0,0,4,1,6,2,30,6,1395,1,2,-1,1,-1
2016950001439,1,11,0,18,0,0,0,0,0,0,0,1,1,1,57,9,5132,2,1,-1,1,-1
2016950001440,1,19,0,6,0,0,0,0,0,0,1,1,6,3,-1,-1,-1,-1,-1,-1,-1,-1
2016950001441,1,9,0,16,0,0,0,0,1,2,1,1,6,1,18,4,1598,1,14,-1,1,-1
2016950001442,1,9,0,18,0,1,0,4,0,0,1,1,2,1,43,7,1560,2,10,-1,2,-1
2016950001442,2,9,0,2,0,1,0,0,0,0,3,1,6,3,-1,-1,1995,2,8,-1,-1,-1
2016950001443,1,8,0,6,0,0,0,0,0,0,1,1,1,1,59,9,2499,2,1,-1,-1,-1
2016950001443,2,9,0,18,0,0,0,0,0,0,4,1,2,1,44,7,999,1,1,-1,-1,-1
2016950001455,1,9,0,9,0,6,0,0,0,0,1,1,6,3,-1,-1,-1,-1,-1,-1,-1,-1
2016950001455,2,19,0,8,0,6,0,0,0,0,2,1,6,1,26,6,2198,2,6,-1,1,-1
2016950001463,1,9,0,5,0,4,0,0,0,0,1,1,6,2,30,6,1587,1,11,-1,1,-1
2016950001463,2,3,0,18,0,8,0,0,0,0,4,1,6,1,20,4,124,1,8,-1,1,-1
2016950001466,1,9,0,9,0,8,0,0,0,0,2,1,2,2,60,9,998,1,1,-1,-1,-1
2016950001466,2,4,0,18,0,8,0,0,1,0,1,1,6,1,60,9,1151,1,8,-1,1,-1
2016950001470,1,9,0,4,0,0,0,0,0,0,1,1,2,2,57,9,1390,1,16,-1,1,-1
2016950001470,2,9,0,4,0,0,0,0,0,0,1,1,2,2,25,5,1329,1,3,-1,1,-1
2016950001470,3,9,0,18,0,0,0,0,0,0,1,1,6,1,42,7,2191,2,2,-1,2,-1
2016950001470,4,9,0,4,0,0,0,0,0,0,2,1,6,2,19,4,1400,2,10,-1,1,-1
2016950001494,1,9,0,6,0,2,0,0,0,0,3,1,6,2,38,7,-1,-1,-1,-1,1,-1
2016950001494,2,9,0,13,0,2,0,0,0,0,3,1,6,1,45,7,1398,2,9,-1,1,-1
2016950001494,3,9,0,2,0,2,0,0,0,0,1,1,6,3,-1,-1,1968,2,3,-1,-1,-1
2016950001494,4,9,0,2,0,1,0,0,0,0,2,1,6,3,-1,-1,1796,1,9,-1,-1,-1
2016950001498,1,9,0,5,0,0,0,0,0,0,2,1,6,1,-1,-1,-1,-1,-1,-1,-1,-1
2016950001499,1,9,0,4,0,1,0,0,0,0,1,1,6,2,80,11,1086,1,8,-1,1,-1
2016950001499,2,9,0,3,0,1,0,0,0,0,2,1,6,1,34,6,1968,2,1,-1,3,-1
2016950001499,3,9,0,3,0,2,0,0,0,0,2,1,6,2,69,10,1598,2,3,-1,1,-1
2016950001499,4,9,2,3,0,2,0,0,0,0,2,1,6,1,-1,-1,1896,2,8,-1,1,-1
2016950001502,1,9,0,18,0,2,0,0,0,0,1,1,1,1,29,6,1896,2,7,-1,1,-1
2016950001502,2,1,0,18,0,2,0,0,0,0,1,1,6,1,31,6,-1,-1,-1,-1,-1,-1
2016950001515,1,9,0,16,0,0,1,0,1,3,1,1,2,2,19,4,1388,1,12,-1,3,-1
2016950001530,1,9,0,9,0,1,0,0,0,0,1,1,6,2,58,9,1197,1,6,-1,3,-1
2016950001530,2,9,0,18,0,1,5,0,7,0,4,1,2,2,28,6,1597,2,1,-1,1,-1
2016950001533,1,19,0,17,0,8,0,0,0,0,1,1,1,1,26,6,1560,2,1,-1,1,-1
2016950001535,1,9,0,18,0,8,0,0,0,0,1,1,6,1,18,4,1198,1,11,-1,1,-1
2016950001535,2,9,0,9,0,1,0,0,0,0,2,1,6,2,33,6,1390,1,8,-1,1,-1
2016950001539,1,11,0,18,0,0,0,0,0,0,1,1,6,1,62,9,12778,2,3,-1,2,-1
2016950001539,2,9,0,18,0,0,0,0,0,0,2,1,6,2,25,5,1364,1,8,-1,1,-1
2016950001540,1,9,0,11,0,0,0,0,0,0,1,1,6,2,21,5,1242,1,2,-1,2,-1
2016950001540,2,9,0,18,0,0,0,0,0,0,2,1,6,1,23,5,-1,-1,-1,-1,1,-1
2016950001541,1,19,0,18,0,1,0,0,0,0,4,1,6,1,48,8,1995,2,8,-1,1,-1
2016950001554,1,9,0,18,0,0,0,0,0,0,1,1,6,1,-1,-1,-1,-1,-1,-1,-1,-1
2016950001555,1,19,0,9,0,8,0,0,0,0,3,1,6,1,-1,-1,2298,2,1,-1,1,-1
2016950001555,2,4,0,14,0,8,0,0,0,0,3,1,6,1,49,8,1286,1,37,-1,1,-1
2016950001556,1,9,0,12,0,0,0,0,1,7,1,1,6,1,23,5,1124,1,10,-1,1,-1
2016950001556,2,9,0,18,0,0,0,0,0,0,3,1,6,2,29,6,1199,1,14,-1,1,-1
2016950001556,3,9,0,18,0,0,0,0,0,0,4,1,6,1,53,8,-1,-1,-1,-1,2,-1
2016950001557,1,9,0,7,0,8,0,0,0,0,1,1,6,1,62,9,1399,1,10,-1,3,-1
2016950001557,2,1,0,18,0,8,0,0,0,0,4,1,6,1,35,6,-1,-1,-1,-1,1,-1
2016950001558,1,9,0,18,0,1,0,0,0,0,3,1,1,1,31,6,1968,2,2,-1,2,-1
2016950001559,1,9,0,9,0,8,0,0,0,0,3,1,6,2,26,6,1461,2,1,-1,1,-1
2016950001559,2,9,0,18,0,1,0,0,0,0,1,1,6,1,36,7,1995,2,6,-1,2,-1
2016950001560,1,9,0,14,0,1,0,0,0,6,1,1,6,1,24,5,1998,1,8,-1,3,-1
2016950001561,1,9,0,18,0,0,0,0,0,0,3,1,6,1,44,7,1596,1,7,-1,1,-1
2016950001568,1,9,0,13,0,0,0,0,0,0,1,1,2,2,47,8,1560,2,1,-1,3,-1
2016950001568,2,9,0,18,0,0,1,0,0,0,1,1,2,1,32,6,2000,2,12,-1,3,-1
2016950001568,3,21,0,18,0,0,0,0,0,0,0,1,1,1,40,7,12419,2,1,-1,3,-1
2016950001569,1,9,0,18,0,0,0,0,1,3,1,1,6,2,18,4,1329,1,5,-1,3,-1
2016950001570,1,9,0,4,0,1,0,0,0,0,4,1,2,1,57,9,1597,2,3,-1,1,-1
2016950001573,1,9,0,18,0,1,0,0,0,0,1,1,6,1,54,8,1896,2,13,-1,1,-1
2016950001574,1,9,0,5,0,0,0,0,0,0,3,1,6,2,63,9,-1,-1,-1,-1,1,-1
2016950001574,2,4,0,18,0,0,5,0,7,0,1,1,6,1,45,7,1198,1,3,-1,1,-1
2016950001580,1,9,0,18,0,1,0,0,0,0,1,1,2,2,46,8,1124,1,10,-1,-1,-1
2016950001580,2,9,0,8,0,2,0,0,0,0,2,1,2,1,34,6,1560,2,5,-1,1,-1
2016950001590,1,9,0,18,0,1,0,0,0,0,1,1,6,1,63,9,1386,1,8,-1,3,-1
2016950001590,2,9,0,18,0,1,0,0,0,0,4,1,1,3,-1,-1,1686,2,3,-1,-1,-1
2016950001590,3,9,0,8,0,1,0,0,1,0,3,1,6,1,45,7,1368,1,9,-1,1,-1
2016950001591,1,9,0,1,0,1,0,0,0,0,2,1,6,2,39,7,2231,2,10,-1,1,-1
2016950001591,2,1,0,3,0,1,0,0,0,0,1,1,6,1,59,9,-1,-1,-1,-1,1,-1
2016950001592,1,19,0,5,0,2,0,0,0,0,1,1,6,2,24,5,1560,2,1,-1,1,-1
2016950001592,2,1,0,18,0,8,0,0,0,0,1,1,2,1,54,8,-1,-1,-1,-1,1,-1
2016950001595,1,9,0,4,0,1,0,0,0,0,1,1,6,3,-1,-1,-1,-1,-1,-1,-1,-1
2016950001595,2,9,0,3,0,1,0,0,0,0,2,1,6,2,46,8,1798,1,8,-1,-1,-1
2016950001596,1,9,0,7,0,8,0,0,0,0,1,1,6,2,22,5,1398,1,4,-1,1,-1
2016950001596,2,9,0,18,0,8,0,0,0,0,1,1,2,2,48,8,-1,-1,-1,-1,2,-1
2016950001597,1,9,0,16,0,0,5,0,2,0,1,1,6,2,21,5,1597,1,24,-1,3,-1
2016950001598,1,3,0,4,0,1,1,0,0,0,1,1,6,1,16,4,124,1,5,-1,1,-1
2016950001598,2,9,0,3,0,1,0,0,0,0,2,1,6,2,43,7,1598,2,4,-1,1,-1
2016950001599,1,9,0,12,0,1,0,0,0,0,4,1,6,2,33,6,1248,1,4,-1,1,-1
2016950001599,2,9,0,18,0,1,0,0,0,0,1,1,2,1,34,6,1997,2,1,-1,1,-1
2016950001600,1,9,0,16,0,0,5,0,0,11,4,1,2,2,28,6,1246,1,10,-1,1,-1
2016950001601,1,9,0,5,0,0,5,0,1,0,3,1,6,1,25,5,1596,1,15,-1,3,-1
2016950001602,1,9,0,9,0,8,0,0,0,0,1,1,2,1,36,7,1341,1,11,-1,1,-1
2016950001602,2,1,0,18,0,8,0,0,0,0,1,1,6,1,57,9,-1,-1,-1,-1,1,-1
2016950001603,1,9,0,11,0,8,0,0,0,0,4,1,6,1,-1,-1,-1,-1,-1,-1,-1,-1
2016950001603,2,9,0,10,0,8,0,0,0,0,3,1,6,1,33,6,1685,2,3,-1,3,-1
2016950001604,1,9,0,5,0,1,0,0,0,0,1,1,6,2,20,4,1796,1,6,-1,1,-1
2016950001604,2,1,0,18,0,1,0,0,1,0,3,1,2,1,46,8,-1,-1,-1,-1,1,-1
2016950001611,1,9,0,5,0,1,0,0,0,0,1,1,2,1,26,6,1499,1,-1,-1,1,-1
2016950001617,1,9,0,18,0,0,0,0,0,0,1,1,6,3,-1,-1,-1,-1,-1,-1,-1,-1
2016950001618,1,9,0,2,0,0,0,0,1,2,2,1,6,3,-1,-1,1398,1,1,-1,-1,-1
2016950001626,1,11,0,6,0,8,0,0,0,0,3,1,1,1,50,8,2143,2,-1,-1,1,-1
2016950001627,1,8,0,18,0,1,0,0,0,0,1,1,1,1,40,7,2499,2,7,-1,1,-1
2016950001628,1,11,0,7,0,1,0,0,0,0,4,1,1,1,49,8,7300,2,11,-1,3,-1
2016950001628,2,9,0,7,0,1,0,0,0,0,3,1,1,1,25,5,1896,2,9,-1,1,-1
2016950001629,1,9,0,9,0,8,0,0,0,0,4,1,6,1,44,7,1398,2,12,-1,1,-1
2016950001629,2,1,0,18,0,8,0,0,0,0,1,1,6,1,27,6,-1,-1,-1,-1,1,-1
2016950001630,1,11,0,18,0,0,0,0,0,0,0,1,1,1,55,8,5132,2,1,-1,1,-1
2016950001632,1,1,0,18,0,2,0,0,0,0,1,1,6,1,26,6,-1,-1,-1,-1,1,-1
2016950001632,2,9,0,7,0,2,0,0,0,0,2,1,6,3,-1,-1,-1,-1,-1,-1,-1,-1
2016950001635,1,9,0,9,0,5,0,0,0,0,4,1,6,2,46,8,1598,2,2,-1,3,-1
2016950001635,2,9,0,18,0,1,0,0,0,0,1,1,6,1,39,7,1390,1,15,-1,1,-1
2016950001642,1,9,0,9,0,6,0,0,0,0,1,1,6,2,21,5,1149,1,13,-1,1,-1
2016950001642,2,9,0,18,0,8,0,0,0,0,4,1,6,2,37,7,1328,1,13,-1,1,-1
2016950001646,1,9,0,18,0,8,0,0,0,0,3,1,6,2,51,8,1599,1,11,-1,1,-1
2016950001646,2,9,0,18,0,1,0,0,0,0,1,1,6,2,25,5,1995,2,5,-1,1,-1
2016950001648,1,9,0,18,0,0,1,0,1,4,1,1,6,1,28,6,2958,2,13,-1,3,-1
2016950001663,1,4,0,13,0,1,5,0,0,0,1,1,6,1,60,9,1255,1,9,-1,3,-1
2016950001663,2,9,0,9,0,8,0,0,0,0,1,1,6,1,21,5,1461,2,13,-1,1,-1
2016950001666,1,9,0,18,0,1,0,0,0,0,4,1,6,2,36,7,1995,2,10,-1,1,-1
2016950001668,1,19,0,9,0,8,0,0,0,0,1,1,1,1,45,7,2148,2,7,-1,-1,-1
2016950001668,2,9,0,18,0,8,0,0,1,1,1,1,2,2,24,5,998,1,3,-1,1,-1
2016950001669,1,9,0,12,0,7,0,0,8,6,3,1,2,2,51,8,1198,1,4,-1,1,-1
2016950001669,2,21,0,18,0,8,0,0,0,0,4,1,1,1,58,9,12740,2,1,-1,1,-1
2016950001669,3,9,0,12,0,8,0,0,0,0,0,1,6,1,29,6,-1,-1,-1,-1,1,-1
2016950001679,1,3,0,18,0,1,0,0,0,0,4,1,1,1,21,5,108,1,3,-1,1,-1
2016950001679,2,9,0,7,0,1,0,0,0,0,4,1,6,1,47,8,1956,2,2,-1,1,-1
2016950001681,1,9,0,18,0,0,0,0,0,0,1,1,2,2,19,4,1598,1,6,-1,1,-1
2016950001681,2,9,0,4,0,0,0,0,0,0,2,1,6,2,46,8,2179,2,4,-1,1,-1