Accident_Index,Vehicle_Reference,Vehicle_Type,Towing_and_Articulation,Vehicle_Manoeuvre,Vehicle_Location-Restricted_Lane,Junction_Location,Skidding_and_Overturning,Hit_Object_in_Carriageway,Vehicle_Leaving_Carriageway,Hit_Object_off_Carriageway,1st_Point_of_Impact,Was_Vehicle_Left_Hand_Drive?,Journey_Purpose_of_Driver,Sex_of_Driver,Age_of_Driver,Age_Band_of_Driver,Engine_Capacity_(CC),Propulsion_Code,Age_of_Vehicle,Driver_IMD_Decile,Driver_Home_Area_Type,Vehicle_IMD_Decile
2016950001687,1,9,0,5,0,0,0,0,1,11,1,1,6,1,50,8,-1,-1,-1,-1,1,-1
2016950001688,1,4,0,3,0,0,0,0,0,0,4,1,6,1,54,8,660,1,7,-1,3,-1
2016950001690,1,9,0,17,0,0,0,0,0,0,1,1,2,2,57,9,2720,2,9,-1,3,-1
2016950001693,1,11,0,5,2,0,0,0,0,0,1,1,1,1,56,9,7300,2,10,-1,1,-1
2016950001695,1,9,0,13,0,8,0,0,0,0,4,1,6,1,85,11,1968,2,7,-1,3,-1
2016950001695,2,1,0,17,0,1,0,0,0,1,1,1,6,1,38,7,-1,-1,-1,-1,2,-1
2016950001697,1,9,0,18,0,0,0,0,0,0,1,1,2,2,18,4,1198,1,6,-1,1,-1
2016950001698,1,9,0,18,0,0,0,0,1,0,1,1,6,1,22,5,1596,1,9,-1,1,-1
2016950001698,2,9,0,18,0,0,0,0,0,0,1,1,6,1,46,8,1461,2,2,-1,1,-1
2016950001700,1,9,0,5,0,0,0,0,0,0,3,1,6,2,20,4,1242,1,1,-1,1,-1
2016950001700,2,9,0,18,0,0,0,0,0,0,4,1,6,2,86,11,1086,1,11,-1,-1,-1
2016950001701,1,9,0,18,0,0,0,0,0,0,1,1,6,1,18,4,1149,1,6,-1,3,-1
2016950001702,1,9,0,18,0,0,0,0,0,0,1,1,6,1,73,10,1248,2,10,-1,2,-1
2016950001702,2,9,0,4,0,0,0,0,0,0,2,1,6,2,39,7,1796,1,13,-1,1,-1
2016950001702,3,19,0,18,0,0,0,0,0,0,1,1,6,1,58,9,2143,2,4,-1,3,-1
2016950001703,1,11,0,5,0,0,0,0,0,0,0,1,1,1,35,6,7300,2,7,-1,2,-1
2016950001705,1,3,0,16,0,0,0,0,0,0,1,1,6,1,32,6,-1,-1,-1,-1,-1,-1
2016950001705,2,9,0,17,0,0,0,0,0,0,1,1,6,1,25,5,1995,2,8,-1,-1,-1
2016950001706,1,8,0,14,0,0,0,0,0,0,1,1,1,1,53,8,2499,2,1,-1,1,-1
2016950001707,1,9,0,9,0,8,0,0,0,0,1,1,2,2,31,6,-1,-1,-1,-1,1,-1
2016950001707,2,9,0,18,0,8,0,4,0,0,4,1,2,1,33,6,1896,2,12,-1,1,-1
2016950001707,3,9,0,3,0,2,0,0,0,0,3,1,6,1,33,6,1997,2,1,-1,3,-1
2016950001707,4,9,0,2,0,2,0,0,0,0,3,1,6,3,-1,-1,1753,2,9,-1,-1,-1
2016950001708,1,9,0,18,0,0,5,0,8,11,4,1,2,1,38,7,1995,2,-1,-1,2,-1
2016950001709,1,8,0,18,0,0,0,0,0,0,4,1,6,1,58,9,1997,2,3,-1,1,-1
2016950001710,1,8,0,9,0,8,0,0,0,0,1,1,1,1,54,8,2499,2,2,-1,3,-1
2016950001710,2,1,0,18,2,1,0,0,0,0,3,1,6,1,33,6,-1,-1,-1,-1,1,-1
2016950001711,1,2,0,18,0,0,0,0,0,0,3,1,6,1,46,8,198,1,13,-1,3,-1
2016950001712,1,9,0,4,0,2,0,0,0,0,1,1,6,3,-1,-1,2184,2,12,-1,-1,-1
2016950001712,2,9,0,3,0,2,0,0,0,0,2,1,6,1,32,6,1598,2,2,-1,1,-1
2016950001714,1,9,0,9,0,8,0,0,0,0,1,1,6,1,44,7,1995,2,1,-1,1,-1
2016950001714,2,9,0,18,0,8,0,0,0,0,1,1,6,1,25,5,1389,1,11,-1,1,-1
2016950001716,1,11,0,18,0,1,0,0,0,0,0,1,1,1,33,6,7300,2,9,-1,1,-1
2016950001717,1,9,0,5,0,1,0,0,0,0,1,1,6,2,32,6,998,1,4,-1,1,-1
2016950001717,2,9,0,5,0,1,0,0,0,0,2,1,6,1,65,9,1796,1,14,-1,1,-1
2016950001722,1,11,0,18,3,0,0,0,0,0,4,1,1,1,67,10,7300,2,10,-1,1,-1
2016950001723,1,9,0,18,0,0,0,0,0,0,3,1,6,1,19,4,1995,1,8,-1,1,-1
2016950001723,2,19,0,5,0,0,0,0,0,0,4,1,1,1,43,7,2998,2,2,-1,-1,-1
2016950001723,3,9,0,2,0,0,0,0,0,0,3,1,6,3,-1,-1,-1,-1,-1,-1,-1,-1
2016950001723,4,9,0,2,0,0,0,0,0,0,2,1,6,3,-1,-1,1999,2,1,-1,-1,-1
2016950001724,1,9,0,18,0,0,0,0,0,0,1,1,6,2,24,5,1390,1,2,-1,1,-1
2016950001724,2,9,0,3,0,0,0,0,0,0,2,1,6,1,50,8,1598,1,9,-1,1,-1
2016950001725,1,9,0,18,0,0,0,0,1,0,4,1,6,1,28,6,1998,1,2,-1,1,-1
2016950001725,2,9,0,18,0,0,0,0,0,0,1,1,6,1,68,10,1992,2,9,-1,1,-1
2016950001726,1,9,0,18,0,0,0,0,0,0,1,1,6,1,23,5,-1,-1,-1,-1,1,-1
2016950001729,1,9,0,10,0,8,0,0,0,0,3,1,6,1,23,5,1149,1,9,-1,1,-1
2016950001729,2,4,0,18,0,8,0,0,0,0,1,1,2,1,45,7,748,1,25,-1,1,-1
2016950001732,1,1,0,18,9,6,0,0,0,0,1,1,6,1,12,3,-1,-1,-1,-1,2,-1
2016950001732,2,9,0,18,0,1,0,0,0,0,4,1,6,2,41,7,1560,2,9,-1,2,-1
2016950001733,1,9,0,13,0,0,0,0,7,11,1,1,6,1,24,5,1596,1,14,-1,3,-1
2016950001735,1,9,0,7,0,3,0,0,0,0,1,1,6,2,21,5,1398,1,6,-1,1,-1
2016950001735,2,1,0,5,0,4,0,0,0,0,2,1,6,2,49,8,-1,-1,-1,-1,1,-1
2016950001736,1,90,0,1,0,0,0,0,0,0,2,1,1,1,38,7,1115,2,-1,-1,1,-1
2016950001736,2,9,0,16,0,0,0,0,0,0,4,1,2,2,23,5,1299,1,11,-1,1,-1
2016950001738,1,9,0,18,0,0,0,0,1,10,3,1,2,1,48,8,1910,2,9,-1,1,-1
2016950001739,1,9,0,4,0,0,0,0,0,0,1,1,6,1,28,6,1956,2,7,-1,3,-1
2016950001739,2,19,0,4,0,0,0,0,0,0,2,1,2,1,22,5,2198,2,1,-1,-1,-1
2016950001740,1,9,0,4,0,1,0,0,0,0,1,1,6,1,32,6,-1,-1,-1,-1,1,-1
2016950001740,2,9,0,4,0,1,0,0,0,0,1,1,2,2,40,7,999,1,1,-1,1,-1
2016950001743,1,19,0,7,0,1,0,0,0,0,1,1,6,3,-1,-1,-1,-1,-1,-1,-1,-1
2016950001743,2,9,0,7,0,1,0,0,0,0,2,1,6,2,52,8,1149,1,14,-1,3,-1
2016950001744,1,11,0,5,0,1,0,0,0,0,1,1,1,1,35,6,8268,2,15,-1,1,-1
2016950001744,2,9,0,7,0,1,0,0,0,0,2,1,6,2,45,7,1299,1,9,-1,1,-1
2016950001745,1,9,0,7,0,1,0,0,0,0,0,1,6,1,37,7,-1,-1,-1,-1,3,-1
2016950001746,1,9,0,18,0,1,0,0,0,0,1,1,6,2,55,8,2400,2,1,-1,1,-1
2016950001746,2,9,0,10,0,1,0,0,0,0,2,1,6,1,36,7,1560,2,5,-1,3,-1
2016950001748,1,11,0,18,0,0,0,0,0,0,0,1,1,2,33,6,-1,2,17,-1,1,-1
2016950001749,1,9,0,18,0,0,0,0,0,0,1,1,2,2,62,9,1596,1,14,-1,-1,-1
2016950001749,2,9,0,18,0,0,0,0,0,0,1,1,6,2,34,6,1560,2,3,-1,1,-1
2016950001749,3,9,0,2,0,0,0,0,0,0,3,1,1,1,44,7,1896,2,8,-1,-1,-1
2016950001750,1,9,0,18,0,1,0,0,0,0,1,1,6,1,43,7,1560,2,4,-1,2,-1
2016950001751,1,19,0,18,0,0,0,0,0,0,1,1,1,1,40,7,3920,2,2,-1,-1,-1
2016950001751,2,9,0,3,0,0,0,0,0,0,1,1,6,1,42,7,1796,1,4,-1,3,-1
2016950001751,3,9,0,3,0,0,0,0,0,0,1,1,2,2,43,7,1242,1,3,-1,1,-1
2016950001751,4,9,0,3,0,0,0,0,0,0,2,1,2,1,22,5,1796,1,10,-1,1,-1
2016950001752,1,8,0,5,0,0,0,0,0,0,1,1,1,1,41,7,1997,2,1,-1,1,-1
2016950001753,1,9,0,18,0,0,0,0,0,0,4,1,6,1,31,6,-1,-1,-1,-1,1,-1
2016950001754,1,9,0,7,0,8,0,0,0,0,3,1,6,2,36,7,1329,1,1,-1,1,-1
2016950001754,2,11,0,18,0,8,0,0,0,0,1,1,1,1,24,5,7300,2,9,-1,1,-1
2016950001755,1,9,0,9,0,1,0,0,0,0,1,1,6,1,55,8,1985,1,16,-1,1,-1
2016950001755,2,9,0,18,0,1,0,0,0,0,1,1,6,1,42,7,1995,2,5,-1,1,-1
2016950001756,1,9,0,18,0,0,0,4,0,0,1,1,6,1,47,8,1956,2,2,-1,2,-1
2016950001756,2,9,0,2,0,0,0,0,0,0,2,1,6,3,-1,-1,1397,1,7,-1,-1,-1
2016950001758,1,9,0,9,0,8,0,0,0,0,4,1,6,2,79,11,998,1,2,-1,1,-1
2016950001758,2,1,0,18,0,1,0,0,0,0,4,1,2,1,26,6,-1,-1,-1,-1,1,-1
2016950001759,1,4,0,18,0,0,1,0,0,0,1,1,6,1,21,5,-1,-1,-1,-1,-1,-1
2016950001760,1,11,0,18,0,1,0,0,0,0,0,1,1,1,57,9,5132,2,1,-1,1,-1
2016950001761,1,19,0,18,0,1,0,0,0,0,1,1,2,1,28,6,1461,2,6,-1,2,-1
2016950001761,2,9,0,3,0,1,0,0,0,0,2,1,2,1,34,6,1896,2,12,-1,1,-1
2016950001761,3,9,0,3,0,1,0,0,0,0,2,1,2,1,32,6,1598,1,15,-1,2,-1
2016950001761,4,11,0,3,0,1,0,0,0,0,2,1,1,1,72,10,7300,2,9,-1,1,-1
2016950001762,1,19,0,18,0,1,0,0,0,0,4,1,1,1,45,7,2179,2,10,-1,1,-1
2016950001763,1,19,0,17,0,0,1,0,0,0,1,1,6,1,47,8,1399,2,8,-1,1,-1
2016950001763,2,9,0,16,0,0,0,0,0,0,1,1,6,2,52,8,1360,1,10,-1,1,-1
2016950001776,1,9,0,4,0,4,0,0,0,0,1,1,1,1,62,9,2231,2,5,-1,2,-1
2016950001776,2,19,0,4,0,4,0,0,0,0,2,1,1,2,52,8,1598,2,1,-1,1,-1
2016950001802,1,9,0,18,0,0,0,0,0,0,1,1,6,2,25,5,1398,1,1,-1,1,-1
2016950001802,2,9,0,18,0,0,0,0,0,0,2,1,6,2,60,9,1997,2,11,-1,1,-1
2016950001809,1,9,0,3,0,0,0,0,0,0,4,1,6,1,68,10,1986,2,6,-1,1,-1
2016950001809,2,11,0,3,0,0,0,0,0,0,3,1,1,1,59,9,4461,2,2,-1,3,-1
2016950001810,1,19,0,18,0,0,1,0,0,0,1,1,6,1,40,7,2300,2,11,-1,2,-1
2016950001810,2,9,0,4,0,0,0,0,0,0,2,1,6,2,47,8,2099,1,14,-1,1,-1
2016950001811,1,19,0,18,0,0,0,0,7,10,1,1,2,1,39,7,2143,2,3,-1,1,-1
2016950001811,2,19,0,18,0,0,0,0,0,0,1,1,1,1,43,7,1248,2,5,-1,1,-1
2016950001812,1,19,0,18,0,0,0,0,0,0,1,1,6,1,46,8,1896,2,7,-1,1,-1
2016950001813,1,9,0,18,0,4,0,0,0,0,1,1,2,2,48,8,1390,1,14,-1,1,-1
2016950001813,2,9,0,18,0,4,0,0,0,0,1,1,6,1,20,4,1229,1,10,-1,1,-1
2016950001813,3,9,0,18,0,4,0,0,0,0,2,1,2,1,57,9,1796,1,13,-1,1,-1
2016950001814,1,3,0,12,1,2,1,0,0,0,3,1,2,1,47,8,125,1,3,-1,1,-1
2016950001815,1,9,0,18,0,8,0,0,0,0,1,1,6,2,53,8,1870,2,14,-1,1,-1
2016950001815,2,19,0,18,0,8,0,0,0,0,4,1,1,1,31,6,-1,-1,-1,-1,-1,-1
2016950001816,1,1,0,18,5,1,0,0,0,0,1,1,6,2,17,4,-1,-1,-1,-1,1,-1
2016950001816,2,19,0,3,0,1,0,0,0,0,4,1,6,1,68,10,1686,2,11,-1,1,-1
2016950001818,1,9,0,5,0,0,0,0,0,0,3,1,2,2,53,8,-1,-1,-1,-1,1,-1
2016950001818,2,9,0,2,0,0,0,0,0,0,4,1,6,3,-1,-1,1198,1,7,-1,-1,-1
2016950001818,3,9,0,2,0,0,0,0,0,0,4,1,6,3,-1,-1,-1,-1,-1,-1,-1,-1
2016950001818,4,9,0,2,0,0,0,0,0,0,1,1,6,3,-1,-1,998,1,1,-1,-1,-1
2016950001819,1,19,0,4,0,0,0,0,0,0,1,1,1,1,48,8,1995,2,3,-1,-1,-1
2016950001820,1,9,0,1,0,0,0,0,0,0,0,1,6,2,23,5,898,1,-1,-1,1,-1
2016950001821,1,9,0,9,0,1,0,0,0,0,1,1,6,1,53,8,1968,2,11,-1,3,-1
2016950001821,2,1,0,18,0,2,0,0,0,0,1,1,2,1,26,6,-1,-1,-1,-1,1,-1
2016950001822,1,9,0,18,0,0,0,0,7,0,3,1,6,1,19,4,1242,1,11,-1,1,-1
2016950001825,1,9,0,1,0,0,0,0,0,0,1,1,6,1,30,6,-1,-1,-1,-1,1,-1
2016950001825,2,9,0,3,0,0,0,0,0,0,1,1,6,1,33,6,1896,2,9,-1,2,-1
2016950001826,1,9,0,18,0,2,0,0,0,1,1,1,6,1,17,4,1796,1,16,-1,2,-1
2016950001826,2,9,0,9,0,2,0,0,0,0,1,1,6,1,40,7,1595,1,15,-1,1,-1
2016950001827,1,9,0,18,0,1,0,0,0,0,1,1,6,3,-1,-1,-1,-1,-1,-1,-1,-1
2016950001828,1,9,0,1,9,0,0,0,0,0,2,1,6,3,-1,-1,-1,-1,-1,-1,-1,-1
2016950001829,1,9,0,9,0,8,0,0,1,10,1,1,6,1,22,5,1910,2,11,-1,2,-1
2016950001830,1,1,0,18,0,0,0,0,0,0,1,1,6,1,49,8,-1,-1,-1,-1,1,-1
2016950001831,1,9,0,16,0,0,0,0,2,9,4,1,6,2,46,8,2171,2,13,-1,3,-1
2016950001831,2,9,0,17,0,0,0,0,0,0,3,1,2,1,50,8,1399,1,7,-1,2,-1
2016950001832,1,9,0,18,0,1,0,0,1,0,1,1,6,1,26,6,1399,1,-1,-1,1,-1
2016950001832,2,9,0,18,0,1,0,0,0,0,1,1,6,2,50,8,2204,2,6,-1,3,-1
2016950001832,3,9,0,18,0,1,0,0,0,0,1,1,6,2,20,4,1242,1,3,2,1,2
2016950001832,4,9,0,18,0,1,0,0,0,0,1,1,6,2,49,8,1598,1,4,-1,1,-1
2016950001832,5,9,0,4,0,1,0,0,0,0,2,1,6,2,40,7,1598,1,2,-1,1,-1
2016950001833,1,9,0,18,0,1,0,0,0,0,1,1,6,1,83,11,-1,-1,-1,-1,1,-1
2016950001833,2,9,0,4,0,1,0,0,0,0,2,1,6,1,27,6,1390,1,1,-1,1,-1
2016950001834,1,9,0,9,0,8,0,0,0,0,1,1,2,1,27,6,1968,2,7,-1,1,-1
2016950001834,2,9,0,18,0,8,0,0,0,0,1,1,6,1,20,4,1781,1,25,-1,1,-1
2016950001835,1,19,0,18,0,0,0,0,0,0,1,1,2,1,48,8,1560,2,1,-1,1,-1
2016950001835,2,9,0,18,0,0,0,0,0,0,2,1,6,1,46,8,1229,1,3,-1,1,-1
2016950001836,1,9,0,11,0,3,0,0,0,0,4,1,2,1,19,4,1398,1,2,-1,2,-1
2016950001836,2,9,0,18,0,8,0,0,0,0,1,1,6,2,35,6,1598,1,14,-1,2,-1
2016950001837,1,19,0,17,0,0,0,0,1,0,4,1,1,1,26,6,2151,2,13,3,1,3
2016950001838,1,9,0,18,0,0,0,0,0,0,1,1,2,1,25,5,1199,1,17,-1,1,-1
2016950001839,1,1,0,18,0,0,0,0,0,0,0,1,6,1,35,6,-1,-1,-1,-1,1,-1
2016950001840,1,9,0,18,0,0,0,0,0,0,1,1,6,1,26,6,1390,1,12,-1,1,-1
2016950001840,2,9,0,5,0,0,0,0,0,0,2,1,6,1,54,8,1461,2,2,-1,1,-1
2016950001841,1,9,0,5,0,6,0,0,0,0,1,1,1,2,47,8,1461,2,1,-1,1,-1
2016950001841,2,9,0,18,0,1,0,0,0,0,3,1,6,2,47,8,1527,2,20,-1,1,-1
2016950001842,1,19,0,18,0,0,0,0,0,0,4,1,6,3,-1,-1,-1,-1,-1,-1,-1,-1
2016950001843,1,9,0,9,0,2,0,0,0,0,1,1,1,1,49,8,1240,1,13,-1,1,-1
2016950001843,2,9,0,18,0,8,0,0,7,0,1,1,6,1,49,8,2088,2,18,-1,2,-1
2016950001845,1,9,0,7,0,8,0,0,0,0,1,1,6,1,53,8,-1,-1,-1,-1,1,-1
2016950001845,2,9,0,3,0,2,0,0,0,0,2,1,6,2,35,6,1587,1,9,-1,1,-1
2016950001849,1,9,0,18,0,0,0,0,0,0,4,1,6,3,-1,-1,-1,-1,-1,-1,-1,-1
2016950001852,1,9,0,18,0,0,5,0,0,0,4,1,6,2,56,9,1364,1,-1,-1,1,-1
2016950001852,2,9,0,2,0,0,0,0,0,0,2,1,6,3,-1,-1,1242,1,7,-1,-1,-1
2016950001853,1,11,0,4,0,1,0,0,0,0,0,1,1,1,46,8,9360,2,7,-1,3,-1
2016950001854,1,9,0,7,0,8,0,0,0,0,1,1,1,1,41,7,1242,1,3,-1,1,-1
2016950001854,2,9,0,18,0,8,0,0,0,0,4,1,6,1,34,6,1596,1,10,-1,1,-1
2016950001859,1,9,0,16,0,1,0,0,1,2,1,1,2,2,61,9,1994,2,9,-1,3,-1
2016950001860,1,9,0,5,0,1,0,0,0,0,1,1,6,2,51,8,998,1,2,-1,3,-1
2016950001860,2,9,0,5,0,1,0,0,0,0,2,1,6,2,47,8,1398,1,4,-1,3,-1
2016950001865,1,9,0,17,0,0,0,0,0,0,1,1,6,2,18,4,1086,1,10,-1,1,-1
2016950001865,2,9,0,18,0,0,0,0,0,0,1,1,6,2,71,10,1490,1,11,-1,2,-1
2016950001868,1,9,0,18,0,8,0,0,0,0,1,1,6,1,69,10,-1,-1,-1,-1,1,-1
2016950001868,2,1,0,18,0,8,0,0,0,0,4,1,6,1,55,8,-1,-1,-1,-1,3,-1
2016950001869,1,9,0,1,0,0,0,0,0,0,2,1,6,1,68,10,1686,2,12,-1,1,-1
2016950001869,2,9,0,18,0,0,0,0,0,0,1,1,6,2,26,6,1124,1,13,-1,1,-1
2016950001876,1,9,0,18,0,1,0,0,0,0,1,1,2,2,57,9,1339,1,2,-1,3,-1
2016950001884,1,9,0,18,0,0,0,0,0,0,1,1,2,1,41,7,1598,1,2,-1,3,-1
2016950001889,1,9,0,18,0,2,0,0,0,0,1,1,6,3,-1,-1,-1,-1,-1,-1,-1,-1
2016950001889,2,1,0,18,0,8,0,0,0,0,3,1,6,1,19,4,-1,-1,-1,-1,1,-1
2016950001891,1,19,0,1,0,1,0,0,0,0,2,1,1,1,40,7,1461,2,1,-1,2,-1
2016950001891,2,4,0,3,0,1,0,0,0,0,1,1,6,1,26,6,-1,-1,-1,-1,1,-1
2016950001892,1,9,0,17,0,0,2,0,1,3,1,1,6,1,69,10,2685,2,13,-1,1,-1
2016950001894,1,9,0,2,0,0,0,0,0,0,3,1,6,1,19,4,-1,-1,-1,-1,1,-1
2016950001894,2,1,0,18,0,0,0,0,0,0,2,1,6,1,47,8,-1,-1,-1,-1,1,-1
2016950001895,1,9,0,9,0,8,0,0,0,0,1,1,2,1,44,7,1796,1,6,-1,1,-1
2016950001895,2,9,0,18,0,8,0,0,0,0,1,1,6,2,48,8,1332,1,17,-1,1,-1
2016950001896,1,9,0,18,0,0,0,0,0,0,0,1,6,3,-1,-1,-1,-1,-1,-1,-1,-1
2016950001898,1,9,0,9,0,8,0,0,0,0,1,1,6,2,71,10,1242,1,5,-1,2,-1
2016950001898,2,9,0,17,0,2,0,0,0,0,4,1,6,1,37,7,1995,2,3,-1,1,-1
2016950001898,3,9,0,17,0,1,0,0,0,0,1,1,2,2,48,8,1560,2,4,-1,1,-1
2016950001898,4,19,0,3,0,1,0,0,0,0,1,1,1,1,36,7,1868,2,13,-1,3,-1
2016950001899,1,9,0,18,0,0,5,0,2,6,1,1,2,1,26,6,1108,1,9,-1,-1,-1
2016950001899,2,19,0,4,0,0,0,0,0,0,2,1,1,1,21,5,2477,2,3,-1,2,-1
2016950001899,3,9,0,4,0,0,0,0,0,0,2,1,6,1,32,6,-1,-1,-1,7,3,7
2016950001899,4,9,0,4,0,0,0,0,0,0,4,1,6,1,-1,-1,2967,2,2,-1,3,-1
2016950001900,1,9,0,7,0,2,0,0,0,0,4,1,6,1,50,8,1995,2,4,-1,1,-1
2016950001900,2,1,0,18,0,8,0,0,0,0,3,1,2,1,29,6,-1,-1,-1,-1,1,-1
2016950001901,1,90,0,5,0,1,0,0,0,0,1,1,1,1,50,8,9365,2,7,-1,1,-1
2016950001941,1,9,0,18,0,0,0,0,0,0,1,1,2,1,52,8,2143,2,4,-1,1,-1
2016950001941,2,19,0,18,0,0,0,0,0,0,2,1,1,1,44,7,2287,2,2,-1,1,-1
2016950001946,1,9,0,9,0,1,0,0,0,0,1,1,6,1,23,5,1798,1,-1,-1,1,-1
2016950001946,2,19,0,9,0,1,0,0,0,0,2,2,1,1,55,8,1248,2,5,-1,1,-1
2016950001960,1,9,0,18,0,0,0,0,0,0,4,1,2,1,24,5,1596,1,4,-1,1,-1
2016950001972,1,9,0,18,0,0,0,0,0,0,1,1,3,2,27,6,1461,2,1,-1,1,-1
2016950001972,2,9,0,18,0,0,0,0,0,0,1,1,2,2,35,6,998,1,1,-1,1,-1
2016950001973,1,9,0,18,0,0,0,0,0,0,1,1,6,2,20,4,998,1,13,-1,2,-1
2016950001973,2,9,0,4,0,0,0,0,0,0,2,1,6,2,42,7,1229,1,2,-1,2,-1
2016950001974,1,9,0,7,0,8,0,0,0,0,1,1,6,2,46,8,1396,1,17,-1,1,-1
2016950001974,2,9,0,18,0,1,0,0,0,0,3,1,6,2,32,6,1896,2,14,-1,-1,-1
2016950002008,1,9,0,16,0,0,0,0,1,7,1,1,6,1,51,8,-1,-1,-1,-1,-1,-1
2016950002008,2,9,0,18,0,0,0,0,0,0,1,1,6,1,79,11,1198,1,3,-1,1,-1
2016950002020,1,9,0,5,0,1,0,4,0,0,1,1,6,1,75,10,1395,1,2,-1,1,-1
2016950002020,2,9,0,2,6,1,0,0,0,0,2,1,6,3,-1,-1,2967,2,5,-1,-1,-1
2016950002020,3,9,0,2,6,1,0,0,0,0,1,1,6,3,-1,-1,1969,2,1,-1,-1,-1
2016950002021,1,9,0,18,0,7,0,0,0,0,1,1,2,2,46,8,1200,1,2,-1,1,-1
2016950002021,2,9,0,4,0,7,0,0,0,0,2,1,6,2,59,9,998,1,2,-1,1,-1
2016950002027,1,9,0,7,0,2,0,0,0,0,3,1,6,1,22,5,1248,2,3,-1,1,-1
2016950002027,2,1,0,18,0,1,0,0,0,0,1,1,2,1,43,7,-1,-1,-1,-1,1,-1
2016950002040,1,19,0,18,0,1,0,0,0,0,1,1,6,1,48,8,1868,2,9,-1,1,-1
2016950002042,1,8,0,9,0,2,0,0,0,0,1,1,1,1,63,9,1997,2,2,-1,1,-1
2016950002045,1,9,0,4,0,0,0,0,0,0,1,1,6,2,20,4,-1,-1,-1,-1,3,-1
2016950002045,2,9,0,3,0,0,0,0,0,0,2,1,6,1,65,9,-1,-1,-1,-1,3,-1
2016950002045,3,9,0,3,0,0,0,0,0,0,2,1,6,1,77,11,1598,1,2,-1,1,-1
2016950002046,1,1,0,18,0,0,0,0,0,0,0,1,2,1,38,7,-1,-1,-1,-1,1,-1
2016950002046,2,11,0,18,0,0,0,0,0,0,0,1,1,1,48,8,9360,2,8,-1,1,-1
2016950002047,1,9,0,18,0,0,0,0,0,0,1,1,6,2,43,7,1956,2,1,-1,-1,-1
2016950002047,2,11,0,4,0,0,0,0,0,0,2,1,1,1,53,8,8300,2,12,-1,2,-1
2016950002050,1,9,0,18,0,1,0,0,0,0,3,1,6,1,20,4,1229,1,10,-1,3,-1
2016950002050,2,19,0,18,0,1,0,0,0,0,1,1,1,1,43,7,2198,2,4,-1,1,-1
2016950002052,1,1,0,18,0,1,0,0,0,0,1,1,6,2,24,5,-1,-1,-1,-1,1,-1
2016950002052,2,1,0,18,0,1,0,0,0,0,2,1,6,1,31,6,-1,-1,-1,-1,1,-1
2016950002062,1,9,0,18,0,0,0,0,0,0,3,1,1,2,56,9,1248,2,9,-1,1,-1
2016950002062,2,90,0,18,0,0,0,0,0,0,1,1,1,1,29,6,-1,-1,-1,-1,1,-1
2016950002065,1,9,0,18,0,1,0,0,0,0,4,1,6,1,48,8,1197,1,3,-1,1,-1
2016950002067,1,9,0,17,0,0,0,0,3,11,1,1,6,1,42,7,1587,1,11,-1,3,-1
2016950002072,1,4,0,11,0,8,0,0,0,0,1,1,6,1,51,8,849,1,19,-1,2,-1
2016950002072,2,9,0,18,0,8,0,0,0,0,3,1,2,2,54,8,1242,1,5,-1,3,-1
2016950002073,1,8,0,9,0,1,0,0,0,0,1,1,1,1,55,8,1997,2,3,-1,1,-1
2016950002073,2,9,0,18,0,2,0,0,0,0,1,1,6,2,21,5,1398,1,1,-1,1,-1
2016950002081,1,9,0,18,0,1,0,0,0,0,1,1,6,2,49,8,998,1,9,-1,1,-1
2016950002092,1,9,0,18,0,1,0,0,0,0,1,1,6,1,61,9,1994,2,7,-1,1,-1
2016950002092,2,9,0,18,0,1,0,0,0,0,1,1,6,2,90,11,998,1,11,-1,1,-1
2016950002092,3,19,0,2,0,1,0,0,0,0,3,1,6,3,-1,-1,1560,2,-1,-1,-1,-1
2016950002094,1,11,0,5,0,1,0,0,0,0,1,1,1,1,59,9,9360,2,5,-1,1,-1
2016950002094,2,1,0,18,0,1,0,0,0,0,4,1,6,2,30,6,-1,-1,-1,-1,1,-1
2016950002095,1,11,0,18,2,0,0,0,0,0,1,1,1,3,-1,-1,9360,2,8,-1,-1,-1
2016950002095,2,1,0,18,2,0,0,0,0,0,2,1,6,1,29,6,-1,-1,-1,-1,1,-1
2016950002096,1,9,0,5,0,0,0,0,0,0,1,1,1,1,41,7,1896,2,7,-1,1,-1
2016950002096,2,3,0,18,0,0,0,0,0,0,4,1,6,1,34,6,124,1,7,-1,1,-1
2016950002097,1,9,0,16,0,1,0,10,7,3,1,1,6,1,24,5,1799,1,10,-1,-1,-1
2016950002098,1,9,0,18,0,1,0,0,0,0,1,1,1,1,-1,-1,1560,2,2,-1,1,-1
2016950002099,1,9,0,2,0,1,0,0,0,0,3,1,6,3,-1,-1,1242,1,1,-1,-1,-1
2016950002099,2,1,0,18,0,1,0,8,0,0,1,1,6,2,44,7,-1,-1,-1,-1,1,-1
2016950002100,1,9,0,18,0,0,0,0,7,11,1,1,6,1,65,9,2143,2,1,-1,1,-1
2016950002101,1,1,0,9,0,5,0,0,0,0,1,1,6,1,31,6,-1,-1,-1,-1,1,-1
2016950002101,2,9,0,7,0,6,0,0,0,0,1,1,6,1,24,5,1388,1,6,-1,1,-1
2016950002102,1,9,0,18,0,0,0,0,0,0,1,1,6,1,23,5,1364,1,12,-1,1,-1
2016950002102,2,9,0,3,0,0,0,0,0,0,2,1,6,1,40,7,1796,1,7,-1,3,-1
2016950002103,1,9,0,18,0,0,0,0,0,0,2,1,6,1,46,8,2170,2,12,-1,1,-1