Accident_Index,Vehicle_Reference,Vehicle_Type,Towing_and_Articulation,Vehicle_Manoeuvre,Vehicle_Location-Restricted_Lane,Junction_Location,Skidding_and_Overturning,Hit_Object_in_Carriageway,Vehicle_Leaving_Carriageway,Hit_Object_off_Carriageway,1st_Point_of_Impact,Was_Vehicle_Left_Hand_Drive?,Journey_Purpose_of_Driver,Sex_of_Driver,Age_of_Driver,Age_Band_of_Driver,Engine_Capacity_(CC),Propulsion_Code,Age_of_Vehicle,Driver_IMD_Decile,Driver_Home_Area_Type,Vehicle_IMD_Decile
2016950002103,2,9,0,18,0,0,0,0,0,0,2,1,2,2,45,7,1242,1,3,-1,1,-1
2016950002103,3,9,0,18,0,0,0,0,0,0,1,1,1,1,48,8,1956,2,5,-1,1,-1
2016950002104,1,4,0,16,0,0,0,0,0,0,4,1,6,1,25,5,595,1,13,-1,1,-1
2016950002114,1,9,0,18,0,1,0,0,0,0,1,1,6,1,22,5,-1,-1,-1,-1,1,-1
2016950002114,2,9,0,2,0,1,0,0,1,0,2,2,6,3,-1,-1,-1,-1,-1,-1,-1,-1
2016950002115,1,9,0,18,0,2,0,0,0,0,0,1,6,3,-1,-1,-1,-1,-1,-1,-1,-1
2016950002116,1,9,0,18,0,0,0,0,0,0,1,1,6,2,22,5,1399,2,13,-1,1,-1
2016950002116,2,9,0,2,0,0,0,0,0,0,2,1,6,3,-1,-1,1198,1,7,-1,-1,-1
2016950002116,3,19,0,2,0,0,0,0,1,0,2,1,6,3,-1,-1,2198,2,3,-1,-1,-1
2016950002116,4,9,0,2,0,0,0,0,0,0,2,1,6,3,-1,-1,1398,1,2,-1,-1,-1
2016950002117,1,9,0,18,0,0,0,7,0,2,1,1,2,2,49,8,1586,1,2,-1,2,-1
2016950002117,2,19,0,18,0,0,0,0,0,2,3,1,1,1,27,6,2148,2,7,-1,1,-1
2016950002120,1,21,0,18,0,0,0,0,1,4,1,1,1,1,54,8,10677,2,2,-1,1,-1
2016950002121,1,1,0,18,0,8,5,0,0,0,1,1,6,1,26,6,-1,-1,-1,-1,1,-1
2016950002121,2,9,0,7,0,1,0,0,0,0,4,1,6,2,55,8,1198,1,8,-1,2,-1
2016950002126,1,11,0,4,0,1,0,0,0,0,0,1,1,1,53,8,9000,2,9,-1,1,-1
2016950002127,1,4,0,18,0,2,0,0,0,0,1,1,2,1,56,9,599,1,8,-1,1,-1
2016950002139,1,11,0,18,0,8,0,0,0,0,1,1,1,1,28,6,9360,2,9,-1,1,-1
2016950002140,1,19,0,13,0,1,0,0,0,0,4,1,6,1,44,7,2460,2,7,-1,3,-1
2016950002140,2,9,0,9,0,1,0,0,0,0,1,1,6,1,51,8,1149,1,12,-1,2,-1
2016950002142,1,9,0,9,0,8,0,0,0,0,1,1,6,2,49,8,1598,1,3,-1,3,-1
2016950002143,1,9,0,18,0,0,0,0,1,0,3,1,2,2,56,9,1398,1,5,-1,2,-1
2016950002143,2,19,0,18,0,0,0,0,1,4,3,1,2,1,51,8,1560,2,7,-1,2,-1
2016950002145,1,19,0,18,0,1,0,0,0,0,1,1,1,1,33,6,6700,2,1,-1,1,-1
2016950002145,2,9,0,10,0,1,0,0,0,0,2,1,6,2,30,6,1388,1,7,-1,3,-1
2016950002146,1,9,0,18,0,1,0,0,0,0,1,1,6,1,-1,-1,-1,-1,-1,-1,-1,-1
2016950002146,2,9,0,4,0,1,0,0,0,0,2,1,6,2,46,8,898,1,2,-1,1,-1
2016950002147,1,9,0,7,0,3,0,0,0,0,4,1,6,1,59,9,998,1,-1,-1,-1,-1
2016950002147,2,1,0,5,0,3,0,0,0,0,3,1,2,1,46,8,-1,-1,-1,-1,1,-1
2016950002148,1,9,0,7,0,1,1,0,0,0,1,1,2,1,26,6,1587,1,9,-1,2,-1
2016950002148,2,21,0,18,0,1,0,0,1,11,1,1,1,1,64,9,16400,2,2,2,1,2
2016950002150,1,9,0,18,0,4,0,0,0,0,2,1,2,1,59,9,1600,2,6,-1,1,-1
2016950002150,2,9,0,18,0,8,0,0,0,0,2,1,2,1,41,7,1968,2,10,-1,2,-1
2016950002150,3,9,0,8,0,4,0,0,0,0,1,1,1,2,56,9,1248,2,7,-1,1,-1
2016950002151,1,4,0,18,0,0,0,0,1,10,4,1,6,1,60,9,-1,-1,-1,-1,1,-1
2016950002152,1,9,0,1,0,1,0,0,0,0,2,1,6,2,33,6,1396,1,7,-1,1,-1
2016950002153,1,9,0,18,0,8,0,0,0,0,1,1,6,1,64,9,1598,2,3,-1,1,-1
2016950002153,2,9,0,18,0,8,0,0,0,0,2,1,6,2,56,9,1596,1,13,-1,1,-1
2016950002154,1,9,0,18,0,1,0,0,3,10,1,1,6,1,48,8,1242,1,16,-1,1,-1
2016950002155,1,9,0,18,0,0,0,0,0,0,1,1,6,2,63,9,-1,-1,-1,-1,1,-1
2016950002156,1,9,0,4,0,0,0,0,0,0,1,1,6,3,-1,-1,-1,-1,-1,-1,-1,-1
2016950002156,2,9,0,3,0,0,0,0,0,0,2,1,6,2,36,7,1242,1,2,-1,1,-1
2016950002157,1,9,0,18,0,0,0,0,0,0,1,1,6,1,42,7,1598,2,-1,-1,1,-1
2016950002157,2,9,0,18,0,0,0,0,1,1,3,1,2,1,31,6,1229,1,2,-1,3,-1
2016950002158,1,8,0,6,0,8,0,0,0,0,0,1,6,3,-1,-1,-1,-1,-1,-1,-1,-1
2016950002158,2,11,0,18,0,1,0,0,0,0,0,1,1,1,30,6,7300,2,10,-1,2,-1
2016950002159,1,19,0,18,0,1,0,0,0,0,1,1,6,1,31,6,1870,2,10,-1,2,-1
2016950002159,2,9,0,3,0,1,0,0,0,0,2,1,6,1,55,8,1686,2,4,-1,-1,-1
2016950002160,1,2,0,18,0,0,0,0,0,0,1,1,6,1,16,4,49,1,4,-1,2,-1
2016950002160,2,9,0,18,0,0,0,0,0,0,2,1,6,1,41,7,1598,2,5,-1,1,-1
2016950002161,1,9,0,18,0,0,0,0,1,0,4,1,6,1,46,8,999,1,14,-1,1,-1
2016950002161,2,9,0,18,0,0,0,0,1,11,2,1,6,1,34,6,1968,2,3,-1,1,-1
2016950002162,1,8,0,18,0,0,0,0,0,0,1,1,6,3,-1,-1,-1,-1,-1,-1,-1,-1
2016950002163,1,9,0,18,0,1,0,0,7,9,1,1,6,2,31,6,1598,1,8,3,1,3
2016950002164,1,9,0,18,0,0,0,0,2,11,1,1,6,1,87,11,1242,1,10,-1,3,-1
2016950002165,1,9,0,11,2,0,0,0,0,0,1,1,6,1,36,7,1997,2,11,-1,2,-1
2016950002165,2,9,0,18,0,0,0,0,0,0,2,1,6,1,25,5,2979,1,14,-1,2,-1
2016950002166,1,9,0,18,0,0,0,0,0,0,4,1,6,1,29,6,-1,-1,-1,-1,-1,-1
2016950002167,1,4,0,15,0,0,0,0,1,0,4,1,6,1,36,7,1000,1,17,-1,1,-1
2016950002167,2,9,0,7,0,0,0,0,0,0,2,1,6,1,69,10,2435,1,13,-1,3,-1
2016950002168,1,9,0,18,0,8,0,0,0,0,1,1,6,1,26,6,1198,1,9,-1,2,-1
2016950002168,2,9,0,3,0,1,0,0,0,0,4,1,6,2,38,7,2685,2,12,-1,1,-1
2016950002169,1,9,0,18,0,0,0,0,1,11,1,1,6,1,59,9,1968,2,1,-1,2,-1
2016950002171,1,9,0,16,0,0,0,0,1,4,1,1,6,2,47,8,998,1,3,-1,1,-1
2016950002173,1,9,0,16,0,0,0,0,7,10,1,1,6,1,43,7,1498,1,10,-1,2,-1
2016950002182,1,9,0,18,0,1,0,0,0,0,1,1,6,2,50,8,996,1,8,-1,3,-1
2016950002182,2,9,0,10,0,1,0,0,0,0,2,1,6,2,59,9,999,1,-1,-1,1,-1
2016950002183,1,9,0,2,0,0,0,0,0,0,3,1,6,3,-1,-1,-1,-1,-1,-1,-1,-1
2016950002183,2,1,0,18,0,0,0,8,0,0,1,1,6,1,36,7,-1,-1,-1,-1,1,-1
2016950002184,1,21,0,14,0,0,0,0,0,0,4,1,6,1,53,8,4461,2,6,-1,3,-1
2016950002184,2,1,0,18,0,0,0,0,0,0,0,1,6,1,37,7,-1,-1,-1,-1,3,-1
2016950002185,1,9,0,18,0,0,0,0,0,0,1,1,6,2,19,4,1397,1,7,-1,3,-1
2016950002185,2,9,0,18,0,0,0,8,0,0,2,1,6,1,22,5,1598,1,3,-1,1,-1
2016950002192,1,3,0,13,0,1,0,0,0,0,1,1,1,1,22,5,124,1,9,-1,1,-1
2016950002192,2,9,0,10,0,1,0,0,0,0,1,1,1,1,28,6,998,1,15,-1,1,-1
2016950002194,1,9,0,4,0,0,0,0,0,0,1,1,2,1,54,8,-1,-1,-1,-1,3,-1
2016950002194,2,9,0,4,0,0,0,0,0,0,1,1,2,2,60,9,2231,2,9,-1,1,-1
2016950002194,3,9,0,4,0,0,0,0,0,0,2,1,2,2,23,5,875,1,1,-1,1,-1
2016950002198,1,9,0,5,0,0,0,0,1,0,1,1,6,1,62,9,1968,2,1,-1,1,-1
2016950002198,2,9,0,5,0,0,0,0,0,0,2,1,6,1,23,5,1998,1,13,-1,1,-1
2016950002202,1,9,0,18,0,8,0,0,0,0,3,1,6,1,47,8,2993,2,4,-1,1,-1
2016950002203,1,19,0,11,0,1,0,0,0,0,4,1,1,2,47,8,-1,-1,-1,-1,1,-1
2016950002203,2,1,0,18,0,1,0,0,0,0,3,1,2,1,58,9,-1,-1,-1,-1,1,-1
2016950002204,1,1,0,5,0,0,0,0,0,0,1,1,6,1,28,6,-1,-1,-1,-1,1,-1
2016950002204,2,9,0,5,0,0,0,0,0,0,1,1,6,2,28,6,1242,1,10,-1,1,-1
2016950002204,3,1,0,5,0,0,0,0,0,0,2,1,6,1,30,6,-1,-1,-1,-1,1,-1
2016950002205,1,9,0,9,0,6,0,0,0,0,3,1,6,2,35,6,1388,1,10,-1,3,-1
2016950002205,2,9,0,18,0,8,0,0,0,0,1,1,6,2,50,8,2497,2,12,-1,2,-1
2016950002206,1,9,0,1,0,0,0,0,0,11,2,1,6,1,76,11,1242,1,17,-1,1,-1
2016950002213,1,19,0,7,0,1,0,0,0,0,4,1,6,1,41,7,-1,-1,-1,-1,1,-1
2016950002213,2,1,0,5,0,1,0,0,0,0,3,1,6,1,30,6,-1,-1,-1,-1,1,-1
2016950002214,1,9,0,9,0,8,0,0,0,0,4,1,2,2,61,9,-1,-1,-1,-1,3,-1
2016950002214,2,1,0,18,0,1,0,0,0,0,1,1,6,1,42,7,-1,-1,-1,-1,1,-1
2016950002217,1,19,0,1,0,0,0,0,0,0,2,1,1,1,56,9,2198,2,4,-1,3,-1
2016950002218,1,9,0,18,0,8,0,0,0,0,1,1,6,2,27,6,1229,1,4,-1,1,-1
2016950002218,2,9,0,18,0,8,0,0,0,0,1,1,2,1,62,9,1796,1,17,-1,1,-1
2016950002219,1,9,0,9,0,8,0,0,0,0,4,1,2,2,28,6,1242,1,1,-1,1,-1
2016950002219,2,1,0,18,0,8,0,0,0,0,1,1,2,2,38,7,-1,-1,-1,-1,-1,-1
2016950002220,1,9,0,18,0,2,0,0,0,0,1,1,6,1,38,7,1798,1,6,-1,1,-1
2016950002221,1,9,0,5,0,0,0,10,0,0,1,1,2,2,17,4,1149,1,11,-1,3,-1
2016950002221,2,9,0,18,0,0,0,4,0,0,1,1,1,1,25,5,1598,2,4,-1,1,-1
2016950002221,3,9,0,2,0,0,0,0,1,0,1,1,6,3,-1,-1,1497,1,15,-1,-1,-1
2016950002222,1,9,0,16,0,0,0,0,0,0,3,1,6,1,81,11,1991,2,5,-1,1,-1
2016950002222,2,9,0,17,0,0,0,0,0,0,3,1,6,2,29,6,1598,1,3,-1,1,-1
2016950002223,1,9,0,9,0,8,0,0,0,0,1,1,6,1,45,7,1461,2,5,-1,3,-1
2016950002223,2,9,0,18,0,8,0,0,0,0,4,1,6,2,30,6,1461,2,2,-1,3,-1
2016950002224,1,9,0,18,0,1,1,0,0,0,1,1,6,3,-1,-1,1598,1,16,-1,-1,-1
2016950002224,2,9,0,18,0,1,0,0,0,0,2,1,2,1,46,8,998,1,11,-1,1,-1
2016950002225,1,11,0,18,0,1,0,0,0,0,0,1,1,1,35,6,-1,2,17,-1,3,-1
2016950002226,1,1,0,18,4,1,0,0,0,0,1,1,1,1,49,8,-1,-1,-1,-1,1,-1
2016950002226,2,9,0,7,0,1,0,0,0,0,2,1,1,1,18,4,1242,1,9,-1,3,-1
2016950002227,1,19,0,18,0,8,0,0,0,0,1,1,1,1,47,8,4461,2,4,-1,1,-1
2016950002227,2,9,0,4,0,8,0,0,0,0,2,1,1,1,26,6,1398,1,1,-1,3,-1
2016950002229,1,9,0,18,0,1,0,0,0,0,2,1,6,1,52,8,1596,1,13,-1,1,-1
2016950002229,2,19,0,18,0,2,0,0,0,0,2,1,1,1,46,8,1868,2,12,-1,1,-1
2016950002231,1,9,0,11,0,0,0,0,0,0,1,1,6,1,23,5,1956,2,-1,2,1,2
2016950002231,2,9,0,18,0,0,0,0,0,0,1,1,6,2,31,6,1560,2,2,-1,1,-1
2016950002231,3,9,0,2,0,0,0,0,0,0,2,1,6,2,38,7,1329,1,7,-1,1,-1
2016950002232,1,9,0,18,0,0,0,0,0,0,1,1,6,1,19,4,1242,1,10,-1,3,-1
2016950002232,2,9,0,4,0,0,0,0,0,0,2,1,6,1,72,10,1596,1,13,-1,1,-1
2016950002232,3,9,0,4,0,0,0,0,0,0,2,1,6,2,42,7,998,1,8,-1,-1,-1
2016950002232,4,19,0,3,0,0,0,0,0,0,1,1,6,1,36,7,2198,2,1,-1,2,-1
2016950002237,1,9,0,5,0,4,0,0,0,0,4,1,2,2,49,8,-1,-1,-1,-1,2,-1
2016950002238,1,9,0,4,0,2,0,0,0,0,1,1,6,1,68,10,1596,1,10,-1,1,-1
2016950002239,1,9,0,12,0,8,0,0,0,0,1,1,6,1,53,8,1560,2,-1,-1,1,-1
2016950002239,2,9,0,7,0,8,0,0,0,0,2,1,6,1,40,7,1396,2,4,-1,1,-1
2016950002245,1,9,0,4,0,0,0,0,0,0,1,1,6,1,35,6,1560,2,3,-1,-1,-1
2016950002245,2,9,0,3,0,0,0,0,0,0,2,1,6,1,28,6,1783,1,14,-1,1,-1
2016950002251,1,9,0,18,0,1,0,0,0,0,1,1,6,1,21,5,1598,1,12,-1,2,-1
2016950002251,2,1,0,9,0,2,0,0,0,0,2,1,6,1,61,9,-1,-1,-1,-1,1,-1
2016950002252,1,4,0,18,0,0,0,12,7,0,1,1,6,1,22,5,600,1,15,-1,3,-1
2016950002254,1,9,0,18,0,0,0,0,0,0,1,1,6,1,43,7,1985,1,14,-1,1,-1
2016950002255,1,9,0,17,0,0,0,0,1,4,1,1,6,2,19,4,-1,-1,-1,-1,2,-1
2016950002256,1,9,0,18,0,1,0,0,3,10,1,1,6,3,-1,-1,1242,1,19,-1,-1,-1
2016950002257,1,9,0,18,0,0,0,0,0,0,1,1,6,1,52,8,1596,1,2,-1,-1,-1
2016950002257,2,9,0,3,0,0,0,0,0,0,2,1,4,2,40,7,1560,2,5,-1,1,-1
2016950002257,3,9,0,3,0,0,0,0,0,0,2,1,2,2,27,6,1668,1,14,-1,1,-1
2016950002257,4,9,0,3,0,0,0,0,0,0,2,1,2,2,56,9,1798,1,12,-1,1,-1
2016950002264,1,1,0,18,0,0,0,0,0,0,1,1,6,1,34,6,-1,-1,-1,-1,1,-1
2016950002264,2,9,0,18,0,0,0,0,0,0,1,1,6,3,-1,-1,-1,-1,-1,-1,-1,-1
2016950002267,1,9,0,18,0,0,0,0,7,0,1,1,6,2,45,7,1364,1,1,-1,3,-1
2016950002268,1,9,0,14,0,0,0,0,0,0,3,1,6,2,75,10,1360,1,10,-1,2,-1
2016950002268,2,9,0,18,0,0,0,0,0,0,3,1,6,1,22,5,998,1,5,-1,3,-1
2016950002274,1,9,0,18,0,1,0,0,0,0,1,1,6,2,56,9,1587,1,10,-1,1,-1
2016950002274,2,9,0,18,0,2,0,0,0,0,3,1,6,1,62,9,1197,1,3,-1,1,-1
2016950002278,1,9,0,18,0,7,0,0,0,0,1,1,6,1,20,4,1197,1,4,-1,1,-1
2016950002278,2,9,0,3,0,7,0,0,0,7,2,1,6,2,57,9,1997,1,9,-1,1,-1
2016950002279,1,9,0,18,0,8,0,0,0,0,4,1,6,3,-1,-1,-1,-1,-1,-1,-1,-1
2016950002279,2,1,0,18,0,8,0,0,0,0,4,1,2,2,34,6,-1,-1,-1,-1,1,-1
2016950002280,1,9,0,5,0,4,0,0,0,0,1,1,6,1,33,6,1591,1,1,-1,1,-1
2016950002280,2,1,0,18,0,3,0,0,0,0,2,1,2,1,24,5,-1,-1,-1,-1,1,-1
2016950002281,1,9,0,18,0,8,0,0,0,0,3,1,1,1,49,8,1997,2,14,-1,3,-1
2016950002281,2,90,0,18,0,1,0,0,0,0,1,1,6,1,35,6,-1,-1,-1,-1,3,-1
2016950002283,1,9,0,9,0,5,0,0,0,0,1,1,6,1,69,10,1598,1,10,-1,1,-1
2016950002283,2,1,0,18,0,1,0,0,0,0,3,1,6,1,28,6,-1,-1,-1,-1,1,-1
2016950002284,1,11,0,5,0,0,0,0,0,0,0,1,6,1,48,8,7300,2,11,-1,1,-1
2016950002285,1,9,0,4,0,0,0,0,0,0,1,1,6,2,30,6,998,1,2,-1,1,-1
2016950002285,2,9,0,4,0,0,0,0,0,0,2,1,6,2,36,7,1600,2,4,-1,1,-1
2016950002287,1,9,0,18,0,2,0,0,0,0,1,1,1,1,42,7,1995,2,9,-1,1,-1
2016950002287,2,9,0,4,0,2,0,0,0,0,2,1,6,2,22,5,999,1,3,-1,1,-1
2016950002291,1,11,0,18,2,1,0,0,0,0,1,1,1,1,45,7,5132,2,1,-1,1,-1
2016950002292,1,9,0,5,0,4,0,0,0,0,1,1,6,2,57,9,998,1,2,-1,3,-1
2016950002292,2,9,0,3,0,4,0,0,0,0,2,1,6,2,58,9,1390,1,3,-1,3,-1
2016950002296,1,9,0,5,0,1,0,0,0,0,1,1,6,1,53,8,1997,2,10,-1,1,-1
2016950002296,2,9,0,3,0,1,0,0,0,0,2,1,6,2,35,6,1590,1,13,-1,2,-1
2016950002297,1,9,0,18,0,4,0,0,0,0,1,1,6,2,35,6,1600,1,11,-1,3,-1
2016950002297,2,1,0,11,0,8,0,0,0,0,4,1,2,2,58,9,-1,-1,-1,-1,1,-1
2016950002298,1,9,0,12,0,2,0,0,0,0,0,1,6,1,54,8,1560,2,5,-1,1,-1
2016950002298,2,4,0,13,0,2,5,0,0,0,3,1,2,1,61,9,942,1,2,-1,1,-1
2016950002311,1,9,0,18,0,0,0,0,0,0,1,1,6,1,24,5,1390,1,15,-1,2,-1
2016950002311,2,9,0,3,0,0,0,0,0,0,2,1,6,2,19,4,1398,1,1,-1,1,-1
2016950002313,1,9,0,9,0,8,0,0,0,0,1,1,2,2,24,5,1149,1,5,-1,2,-1
2016950002313,2,8,0,18,0,8,0,0,0,0,1,1,1,1,47,8,2143,2,-1,-1,1,-1
2016950002316,1,9,0,18,0,0,0,0,0,0,3,1,6,1,20,4,1242,1,3,-1,3,-1
2016950002316,2,9,0,18,0,0,0,0,0,0,1,1,6,2,17,4,1198,1,13,-1,3,-1
2016950002321,1,9,0,18,0,1,0,0,0,0,1,1,6,1,54,8,1199,1,13,-1,2,-1
2016950002321,2,4,0,9,0,8,0,0,0,0,1,1,6,2,63,9,-1,-1,-1,-1,2,-1
2016950002329,1,9,0,5,0,8,0,0,0,0,4,1,2,1,48,8,1560,2,5,-1,1,-1
2016950002329,2,9,0,18,0,8,0,0,0,0,1,1,6,1,54,8,1242,1,3,-1,3,-1
2016950002338,1,9,0,16,0,2,0,0,0,0,1,1,6,1,90,11,1590,1,11,-1,1,-1
2016950002338,2,9,0,17,0,8,0,0,0,0,2,1,2,1,46,8,1560,2,12,-1,1,-1
2016950002340,1,9,0,9,0,4,0,0,0,0,1,1,6,2,-1,-1,1598,2,6,-1,1,-1
2016950002340,2,1,0,18,0,8,0,0,0,0,1,1,6,1,38,7,-1,-1,-1,-1,3,-1
2016950002348,1,9,0,18,0,1,0,0,0,0,1,1,1,1,26,6,1896,2,9,-1,1,-1
2016950002348,2,9,0,3,0,1,0,0,0,0,2,1,2,1,45,7,1995,2,6,-1,3,-1
2016950002349,1,9,0,18,0,0,0,0,0,0,0,1,6,1,20,4,1598,2,1,-1,1,-1
2016950002350,1,9,0,13,0,1,0,0,0,0,2,1,6,2,50,8,1399,2,7,-1,1,-1
2016950002350,2,1,0,16,0,1,0,0,0,0,1,1,6,1,25,5,-1,-1,-1,-1,1,-1
2016950002351,1,9,0,18,0,1,0,0,0,0,1,1,6,2,28,6,1598,2,2,-1,3,-1
2016950002352,1,9,0,9,0,8,0,0,0,0,1,1,6,1,57,9,2494,1,12,10,1,10
2016950002352,2,4,0,18,0,8,0,0,0,0,1,1,6,1,54,8,675,1,10,-1,3,-1
2016950002353,1,9,0,18,0,0,0,0,0,0,1,1,6,2,46,8,1198,1,13,-1,-1,-1
2016950002353,2,9,0,18,0,0,0,0,0,0,2,1,6,1,28,6,1598,1,13,-1,-1,-1
2016950002353,3,9,0,5,0,0,0,0,0,0,0,1,6,2,90,11,1242,1,12,-1,1,-1
2016950002354,1,19,0,18,0,0,0,0,0,0,4,1,6,3,-1,-1,-1,-1,-1,-1,-1,-1
2016950002366,1,4,0,6,0,1,1,0,0,0,3,1,6,1,45,7,749,1,-1,-1,1,-1
2016950002367,1,9,0,9,0,8,0,0,0,0,1,1,6,1,74,10,2198,2,10,-1,-1,-1
2016950002367,2,1,0,18,0,1,0,0,0,0,1,1,2,1,46,8,-1,-1,-1,-1,3,-1
2016950002368,1,8,0,9,0,1,0,0,0,0,0,1,6,3,-1,-1,-1,-1,-1,-1,-1,-1
2016950002368,2,4,0,18,0,1,1,0,0,0,0,1,6,1,52,8,1052,1,17,-1,1,-1
2016950002369,1,19,0,12,0,0,2,0,5,6,4,1,6,1,34,6,2477,2,4,-1,3,-1
2016950002370,1,9,0,18,0,0,0,0,0,0,4,1,6,1,29,6,1596,1,8,-1,1,-1
2016950002370,2,90,5,18,0,0,0,0,0,0,1,1,6,1,67,10,-1,2,9,-1,3,-1
2016950002370,3,9,0,18,0,0,0,0,0,0,0,1,6,2,34,6,1598,2,1,-1,-1,-1
2016950002370,4,9,0,18,0,0,0,0,0,0,0,1,6,1,60,9,2494,8,2,-1,3,-1
2016950002371,1,9,0,4,0,0,0,0,0,0,1,1,6,2,18,4,996,1,2,-1,1,-1
2016950002371,2,9,0,18,0,0,0,0,0,0,2,1,6,2,30,6,1596,1,4,-1,1,-1
2016950002372,1,1,0,18,2,2,0,0,0,0,1,1,6,1,42,7,-1,-1,-1,-1,1,-1
2016950002372,2,8,0,2,2,2,0,0,0,0,2,1,6,3,-1,-1,2143,2,1,-1,-1,-1
2016950002373,1,9,0,7,0,8,0,0,0,0,3,1,6,2,20,4,1242,1,4,-1,1,-1
2016950002373,2,9,0,18,0,8,0,0,0,0,1,1,6,2,43,7,1986,2,8,-1,1,-1
2016950002374,1,3,0,16,0,0,0,0,0,0,3,1,6,1,17,4,125,1,4,-1,3,-1
2016950002375,1,3,0,14,0,1,0,0,0,0,4,1,6,1,29,6,600,1,16,-1,1,-1
2016950002375,2,9,0,10,0,8,0,0,0,0,3,1,6,1,55,8,1995,2,2,-1,-1,-1
2016950002376,1,9,0,18,0,1,0,0,0,0,1,1,6,1,33,6,1598,1,9,-1,1,-1
2016950002376,2,9,0,3,0,1,0,0,0,0,2,1,6,2,52,8,1229,1,3,-1,2,-1
2016950002376,3,9,0,3,0,1,0,0,0,0,2,1,6,2,39,7,1781,1,15,-1,1,-1
2016950002377,1,9,0,18,0,4,0,0,0,0,1,1,6,1,34,6,1398,1,4,-1,1,-1
2016950002377,2,1,0,18,0,8,0,0,0,0,2,1,6,2,24,5,-1,-1,-1,-1,1,-1
2016950002384,1,9,0,18,0,1,0,0,0,0,1,1,6,3,-1,-1,1991,1,16,-1,-1,-1
2016950002384,2,9,0,10,0,1,0,0,0,0,2,1,6,1,45,7,998,1,3,-1,1,-1
2016950002394,1,9,0,14,0,0,0,0,0,0,1,1,6,1,66,10,1794,1,12,-1,1,-1
2016950002397,1,19,0,9,0,8,0,0,0,0,1,1,1,1,32,6,2198,2,-1,-1,1,-1
2016950002404,1,9,0,18,0,0,0,0,0,0,1,1,6,1,41,7,4164,2,10,-1,3,-1
2016950002404,2,9,0,4,0,0,0,0,0,0,2,1,6,2,43,7,1796,1,9,-1,1,-1
2016950002405,1,1,0,9,0,1,0,0,0,0,3,1,6,1,18,4,-1,-1,-1,-1,3,-1
2016950002405,2,9,0,13,0,1,0,0,0,0,4,1,6,2,73,10,1495,1,7,-1,1,-1
2016950002408,1,9,0,9,0,6,0,0,0,0,3,1,2,1,57,9,1896,2,11,-1,1,-1
2016950002408,2,4,0,14,0,1,0,0,0,0,1,1,2,1,23,5,487,1,18,-1,1,-1
2016950002440,1,9,0,4,0,1,0,0,0,0,1,1,2,2,53,8,1586,1,9,-1,1,-1
2016950002440,2,9,0,3,0,1,0,0,0,0,2,1,2,2,51,8,1591,1,4,-1,1,-1
2016950002445,1,9,0,18,0,0,0,0,0,0,3,1,6,1,43,7,1896,2,9,-1,1,-1
2016950002450,1,9,0,7,0,2,0,0,7,1,1,1,6,1,18,4,1299,1,10,-1,1,-1
2016950002450,2,9,0,18,0,1,0,0,0,0,0,1,1,3,-1,-1,2993,2,1,-1,-1,-1
2016950002458,1,9,0,11,0,1,0,0,0,0,0,1,6,3,-1,-1,-1,-1,-1,-1,-1,-1
2016950002458,2,1,0,18,0,1,0,0,0,0,0,1,2,1,38,7,-1,-1,-1,-1,1,-1
2016950002459,1,19,0,18,0,0,0,0,0,0,1,1,1,1,59,9,2198,2,1,-1,1,-1
2016950002467,1,9,0,9,0,1,0,0,0,0,4,1,2,1,31,6,1995,2,4,-1,1,-1
2016950002467,2,9,0,18,0,8,0,0,0,0,1,1,2,2,30,6,1396,1,9,-1,1,-1
2016950002468,1,9,0,18,0,1,0,0,0,0,4,1,2,2,48,8,1997,1,2,-1,1,-1
2016950002468,2,3,0,18,2,1,0,0,0,0,3,1,6,1,32,6,125,1,6,-1,1,-1
2016950002469,1,9,0,13,0,0,0,0,0,0,4,1,6,1,26,6,1560,2,1,-1,1,-1
2016950002469,2,1,0,15,0,0,0,0,0,0,4,1,6,1,35,6,-1,-1,-1,-1,1,-1
2016950002470,1,21,0,11,0,0,0,0,0,0,4,1,1,1,63,9,12900,2,4,-1,2,-1
2016950002470,2,9,0,18,0,0,0,0,0,0,4,1,1,2,52,8,1200,1,1,-1,2,-1
2016950002471,1,9,0,5,0,1,0,0,0,0,1,1,6,1,35,6,1781,1,13,-1,3,-1
2016950002471,2,4,0,3,0,1,0,0,0,0,4,1,6,1,54,8,996,1,15,-1,1,-1
2016950002473,1,1,0,13,0,8,0,0,0,0,2,1,6,1,32,6,-1,-1,-1,-1,1,-1
2016950002473,2,19,0,5,0,8,0,0,0,0,2,1,6,1,45,7,1995,2,3,-1,1,-1
2016950002474,1,9,0,4,0,0,0,0,0,0,1,1,6,2,59,9,1364,1,10,-1,1,-1
2016950002474,2,9,0,3,0,0,0,0,0,0,2,1,6,1,90,11,1242,1,10,-1,1,-1
2016950002474,3,9,0,3,0,0,0,0,0,0,2,1,6,1,26,6,1198,1,6,-1,1,-1
2016950002475,1,9,0,17,0,0,0,0,0,0,4,1,2,1,32,6,1461,2,5,-1,3,-1
2016950002478,1,9,0,5,9,0,0,0,0,0,1,1,1,1,35,6,1598,2,-1,-1,1,-1
2016950002479,1,19,0,18,0,0,0,0,2,7,1,1,1,1,60,9,-1,-1,-1,-1,1,-1