Accident_Index,Vehicle_Reference,Vehicle_Type,Towing_and_Articulation,Vehicle_Manoeuvre,Vehicle_Location-Restricted_Lane,Junction_Location,Skidding_and_Overturning,Hit_Object_in_Carriageway,Vehicle_Leaving_Carriageway,Hit_Object_off_Carriageway,1st_Point_of_Impact,Was_Vehicle_Left_Hand_Drive?,Journey_Purpose_of_Driver,Sex_of_Driver,Age_of_Driver,Age_Band_of_Driver,Engine_Capacity_(CC),Propulsion_Code,Age_of_Vehicle,Driver_IMD_Decile,Driver_Home_Area_Type,Vehicle_IMD_Decile
2016950002480,1,9,0,18,0,0,1,0,7,4,1,1,6,2,38,7,1399,1,12,-1,1,-1
2016950002483,1,9,0,18,0,0,0,0,0,0,1,1,6,3,-1,-1,-1,-1,-1,-1,-1,-1
2016950002483,2,9,0,3,0,0,0,0,0,0,2,1,6,2,44,7,1968,2,4,-1,1,-1
2016950002484,1,9,0,18,0,0,0,0,0,0,1,1,6,2,56,9,1896,2,9,-1,2,-1
2016950002484,2,1,0,18,0,0,0,0,0,0,1,1,6,2,40,7,-1,-1,-1,-1,1,-1
2016950002489,1,4,0,18,0,1,0,0,0,0,1,1,6,1,51,8,649,1,10,-1,1,-1
2016950002489,2,9,0,9,0,8,0,0,0,0,1,1,1,1,42,7,1598,2,3,-1,1,-1
2016950002501,1,9,0,7,0,8,0,0,0,0,1,1,6,1,31,6,1560,2,4,6,3,6
2016950002501,2,9,0,18,0,8,0,0,0,0,1,1,6,2,73,10,1248,1,5,-1,2,-1
2016950002502,1,9,0,4,0,1,0,0,0,0,1,1,6,1,21,5,-1,-1,-1,-1,2,-1
2016950002502,2,9,0,3,0,1,0,0,0,0,2,1,6,2,25,5,1995,2,7,-1,1,-1
2016950002503,1,9,0,18,0,0,0,10,0,0,1,1,6,1,20,4,1999,1,3,-1,3,-1
2016950002503,2,9,0,18,0,0,0,0,7,11,2,1,6,1,29,6,1685,2,4,-1,3,-1
2016950002504,1,11,0,5,0,1,0,0,0,0,0,1,1,1,46,8,7300,2,10,-1,1,-1
2016950002505,1,19,0,18,0,7,0,0,0,0,3,1,6,1,28,6,-1,-1,-1,-1,-1,-1
2016950002505,2,1,0,18,0,2,0,0,0,0,4,1,2,1,35,6,-1,-1,-1,-1,1,-1
2016950002506,1,9,0,9,0,8,0,0,0,0,4,1,6,2,41,7,1242,1,2,-1,1,-1
2016950002506,2,9,0,18,0,1,0,0,0,0,1,1,6,1,31,6,1422,2,7,-1,1,-1
2016950002508,1,9,0,15,0,1,0,0,0,0,3,1,6,2,23,5,-1,-1,-1,-1,1,-1
2016950002508,2,21,0,16,0,8,0,0,0,0,4,1,1,1,55,8,6871,2,2,-1,3,-1
2016950002510,1,9,0,18,0,8,0,0,0,0,3,1,6,2,49,8,1339,1,8,-1,1,-1
2016950002510,2,9,0,18,0,8,0,0,0,0,4,1,2,1,27,6,1242,1,11,1,1,1
2016950002512,1,9,0,7,0,8,0,0,0,0,0,1,6,3,-1,-1,1248,1,4,-1,-1,-1
2016950002512,2,1,0,18,0,1,0,0,0,0,0,1,6,1,50,8,-1,-1,-1,-1,3,-1
2016950002513,1,9,0,18,0,0,0,0,0,0,1,1,2,1,29,6,2191,2,2,-1,1,-1
2016950002513,2,9,0,18,0,0,0,0,0,0,2,1,2,1,21,5,1560,2,2,-1,-1,-1
2016950002513,3,9,0,18,0,0,0,0,0,0,2,1,2,2,25,5,1969,2,-1,-1,1,-1
2016950002514,1,9,0,18,0,8,0,0,3,11,1,1,6,1,21,5,1984,1,9,-1,2,-1
2016950002515,1,11,0,18,0,1,0,0,0,0,0,1,1,1,27,6,9360,2,6,-1,1,-1
2016950002518,1,1,0,18,0,1,0,0,0,0,1,1,6,1,30,6,-1,-1,-1,-1,1,-1
2016950002520,1,4,0,16,0,0,1,0,0,0,4,1,6,1,33,6,1050,1,3,8,2,8
2016950002520,2,9,0,18,0,0,0,0,0,0,1,1,6,1,55,8,-1,-1,-1,2,1,2
2016950002521,1,9,0,17,0,0,0,0,7,4,4,1,6,1,26,6,1781,1,16,-1,2,-1
2016950002522,1,3,0,18,0,1,0,0,0,0,4,1,6,1,64,9,125,1,1,-1,2,-1
2016950002523,1,11,0,5,0,0,0,0,0,0,0,1,1,1,52,8,9360,2,7,-1,1,-1
2016950002552,1,19,0,1,0,0,0,0,0,0,0,1,1,1,49,8,2998,2,6,-1,1,-1
2016950002553,1,9,0,18,0,0,0,0,0,0,1,1,2,1,19,4,1461,2,1,-1,1,-1
2016950002553,2,9,0,18,0,0,0,0,0,0,2,1,6,2,23,5,-1,-1,-1,-1,1,-1
2016950002561,1,9,0,9,0,1,0,0,0,0,3,1,2,2,57,9,1229,1,6,-1,3,-1
2016950002561,2,9,0,18,0,1,0,0,0,0,3,1,2,2,65,9,1199,1,14,-1,3,-1
2016950002566,1,9,0,9,0,8,5,0,0,0,4,1,6,1,72,10,1868,2,12,-1,3,-1
2016950002566,2,9,0,18,0,1,0,0,0,0,1,1,6,1,30,6,-1,-1,-1,-1,3,-1
2016950002568,1,9,0,18,0,0,0,10,7,11,1,1,6,1,93,11,1390,1,8,-1,1,-1
2016950002568,2,9,0,18,0,0,0,0,0,0,2,1,1,2,54,8,1390,1,3,-1,1,-1
2016950002584,1,9,0,9,0,2,0,0,0,0,3,1,1,2,50,8,1149,1,13,-1,1,-1
2016950002584,2,1,0,18,0,8,0,0,0,0,1,1,2,2,37,7,-1,-1,-1,-1,1,-1
2016950002591,1,9,0,9,0,8,0,0,0,0,4,1,2,1,36,7,1496,1,-1,-1,1,-1
2016950002591,2,4,0,18,0,1,0,0,0,0,1,1,6,1,26,6,599,1,8,-1,1,-1
2016950002592,1,8,0,7,0,8,0,0,0,0,3,1,1,1,66,10,2499,2,3,-1,1,-1
2016950002592,2,1,0,18,0,1,0,0,0,0,1,1,2,1,37,7,-1,-1,-1,-1,1,-1
2016950002593,1,9,0,16,0,1,0,0,0,0,1,1,6,1,27,6,1796,2,3,-1,1,-1
2016950002604,1,9,0,18,0,3,0,0,0,0,1,1,6,3,-1,-1,2198,1,12,-1,-1,-1
2016950002604,2,9,0,3,0,3,0,0,0,0,2,1,2,1,36,7,-1,-1,-1,-1,2,-1
2016950002607,1,9,0,18,0,1,0,0,0,0,1,1,6,3,-1,-1,-1,-1,-1,-1,-1,-1
2016950002608,1,9,0,18,0,8,0,0,0,0,4,1,2,1,42,7,1997,2,3,-1,1,-1
2016950002608,2,1,0,18,0,8,0,0,0,0,1,1,6,1,48,8,-1,-1,-1,-1,1,-1
2016950002609,1,9,0,18,0,1,0,0,0,0,1,1,2,1,27,6,2632,1,22,-1,1,-1
2016950002610,1,2,0,18,0,0,0,0,0,0,0,1,2,1,16,4,50,1,1,-1,2,-1
2016950002611,1,9,0,6,0,0,0,0,0,0,3,1,6,1,27,6,1397,1,8,-1,1,-1
2016950002611,2,1,0,14,0,0,0,0,0,0,3,1,2,1,46,8,-1,-1,-1,-1,1,-1
2016950002612,1,9,0,18,0,0,0,0,2,4,4,1,6,1,44,7,1332,1,17,-1,3,-1
2016950002613,1,9,0,4,0,1,0,0,0,0,1,1,6,1,17,4,-1,-1,-1,-1,1,-1
2016950002614,1,9,0,9,0,8,0,0,0,0,1,1,6,2,44,7,1896,2,13,-1,1,-1
2016950002614,2,1,0,18,0,8,0,0,0,0,3,1,6,1,47,8,-1,-1,-1,-1,1,-1
2016950002616,1,9,0,9,0,0,0,0,0,0,1,1,6,2,43,7,1339,1,12,-1,1,-1
2016950002616,2,4,0,18,0,0,0,0,0,0,4,1,6,2,35,6,599,1,16,-1,1,-1
2016950002618,1,19,0,18,0,0,0,0,0,0,1,1,1,1,31,6,1461,2,1,-1,1,-1
2016950002618,2,19,0,18,0,0,0,0,0,0,2,1,1,1,56,9,2148,2,9,5,1,5
2016950002619,1,9,0,5,0,8,0,0,0,0,3,1,2,2,22,5,1242,1,6,-1,1,-1
2016950002619,2,19,0,18,0,8,0,0,0,0,1,1,2,1,57,9,-1,-1,-1,-1,1,-1
2016950002620,1,3,0,18,0,0,0,0,0,0,1,1,6,1,41,7,123,1,9,10,2,10
2016950002620,2,11,0,3,0,0,0,0,0,0,1,1,1,2,65,9,4461,2,5,-1,3,-1
2016950002621,1,9,0,16,0,0,0,0,7,7,1,1,6,2,63,9,1332,1,8,-1,1,-1
2016950002623,1,9,0,18,0,0,0,0,0,0,3,1,6,2,67,10,998,1,1,-1,1,-1
2016950002623,2,10,0,18,0,0,0,0,0,0,3,1,1,2,38,7,2198,2,2,-1,1,-1
2016950002623,3,19,0,18,0,0,0,0,0,0,3,1,1,1,35,6,1995,2,8,-1,1,-1
2016950002624,1,11,0,18,0,0,0,0,0,0,1,1,1,1,59,9,8300,2,14,-1,1,-1
2016950002625,1,9,0,18,0,0,0,0,0,0,1,1,1,2,32,6,1198,1,4,-1,1,-1
2016950002626,1,9,0,18,0,0,0,0,0,0,1,1,6,2,41,7,1198,1,12,-1,1,-1
2016950002626,2,9,0,18,0,0,0,0,0,0,2,1,6,2,19,4,1598,2,3,-1,3,-1
2016950002626,3,9,0,18,0,0,0,0,0,0,1,1,6,1,42,7,1997,2,7,-1,1,-1
2016950002628,1,3,0,13,0,1,0,0,0,0,1,1,6,1,18,4,125,1,2,-1,3,-1
2016950002628,2,9,0,9,0,8,0,0,0,0,3,1,6,2,44,7,1197,1,3,-1,1,-1
2016950002629,1,9,0,18,0,8,0,0,0,7,1,1,1,1,25,5,-1,-1,-1,-1,-1,-1
2016950002631,1,9,0,9,0,8,0,0,0,0,1,1,6,2,17,4,1198,1,10,-1,3,-1
2016950002631,2,9,0,18,0,1,0,0,7,0,1,1,6,1,40,7,1997,2,12,-1,1,-1
2016950002634,1,4,0,17,0,8,2,0,1,9,1,1,6,1,44,7,1043,1,5,7,1,7
2016950002635,1,9,0,5,0,8,0,0,0,0,1,1,6,2,36,7,1388,1,12,-1,1,-1
2016950002636,1,9,0,9,0,1,0,0,0,0,1,1,1,1,31,6,1686,2,3,-1,2,-1
2016950002636,2,1,0,10,0,1,0,0,0,0,2,1,6,1,44,7,-1,-1,-1,-1,1,-1
2016950002637,1,19,0,1,0,0,0,0,0,0,2,1,1,1,27,6,1598,2,2,-1,1,-1
2016950002638,1,9,0,1,9,1,0,0,0,0,2,1,6,2,46,8,1598,1,3,-1,1,-1
2016950002639,1,19,0,7,0,8,0,0,0,0,1,1,6,3,-1,-1,-1,-1,-1,-1,-1,-1
2016950002640,1,9,0,18,0,8,0,0,0,0,1,1,6,1,37,7,1248,2,3,-1,3,-1
2016950002640,2,9,0,18,0,8,0,0,0,0,2,1,6,2,22,5,1086,1,7,-1,3,-1
2016950002640,3,9,0,18,0,2,0,0,0,0,2,1,1,2,46,8,1560,2,5,-1,-1,-1
2016950002641,1,9,0,4,0,1,0,0,0,0,1,1,6,1,22,5,1896,2,12,-1,1,-1
2016950002641,2,9,0,3,0,1,0,0,0,0,2,1,6,2,67,10,1598,1,1,-1,1,-1
2016950002643,1,9,0,18,7,0,0,0,0,0,1,1,6,1,53,8,1998,2,11,-1,1,-1
2016950002644,1,9,0,18,0,1,0,0,0,0,1,1,6,1,77,11,1496,2,1,1,1,1
2016950002644,2,9,0,18,0,1,0,0,0,0,2,1,6,1,50,8,1560,2,5,-1,2,-1
2016950002645,1,9,0,16,0,0,0,0,0,0,1,1,6,1,18,4,1596,1,14,-1,3,-1
2016950002645,2,9,0,17,0,0,0,0,0,0,1,1,6,1,57,9,1956,2,1,-1,1,-1
2016950002646,1,9,0,18,0,1,0,0,0,0,1,1,6,1,-1,-1,-1,-1,-1,-1,-1,-1
2016950002646,2,1,0,18,0,1,0,0,0,0,1,1,6,1,33,6,-1,-1,-1,-1,1,-1
2016950002647,1,9,0,5,0,0,0,0,0,0,1,1,1,1,48,8,1497,8,9,-1,1,-1
2016950002655,1,9,0,9,0,1,0,0,0,0,1,1,2,2,45,7,1242,1,9,-1,1,-1
2016950002655,2,9,0,17,0,1,0,0,0,0,1,1,2,1,34,6,-1,-1,-1,-1,1,-1
2016950002658,1,9,0,1,0,8,0,0,0,0,2,1,6,1,57,9,-1,-1,-1,-1,1,-1
2016950002659,1,9,0,18,0,1,0,0,0,0,1,1,6,3,-1,-1,-1,-1,-1,-1,-1,-1
2016950002659,2,19,0,3,0,1,0,0,0,0,2,1,1,1,63,9,2179,2,12,-1,1,-1
2016950002661,1,9,0,9,0,8,0,0,0,0,4,1,6,2,19,4,998,1,4,-1,-1,-1
2016950002661,2,9,0,18,0,8,0,0,0,0,1,1,6,2,33,6,1197,1,1,-1,1,-1
2016950002662,1,9,0,6,0,2,0,0,0,0,3,1,1,1,50,8,1560,2,2,-1,1,-1
2016950002662,2,4,0,18,0,3,0,0,0,0,1,1,2,1,26,6,600,1,16,-1,1,-1
2016950002664,1,9,0,4,0,1,0,0,0,0,1,1,6,3,-1,-1,-1,-1,-1,-1,-1,-1
2016950002664,2,9,0,3,0,1,0,0,0,0,2,1,6,2,39,7,1527,2,13,-1,1,-1
2016950002664,3,9,0,3,0,1,0,0,0,0,2,1,6,2,35,6,1197,1,1,-1,1,-1
2016950002666,1,11,0,18,3,0,0,0,0,0,0,1,2,1,32,6,8300,2,13,-1,1,-1
2016950002677,1,9,0,9,0,2,0,0,0,0,4,1,2,1,19,4,1582,2,1,-1,1,-1
2016950002680,1,11,0,18,2,8,0,0,0,0,0,1,6,1,52,8,9360,2,8,-1,1,-1
2016950002681,1,9,0,18,0,2,0,0,0,0,4,1,6,1,79,11,1388,1,4,-1,3,-1
2016950002684,1,9,0,12,0,7,0,0,0,0,1,1,2,1,24,5,1598,1,2,-1,1,-1
2016950002684,2,9,0,5,0,8,0,0,0,0,2,1,2,2,52,8,-1,-1,-1,-1,1,-1
2016950002690,1,9,0,18,0,0,0,0,0,0,2,1,2,1,53,8,1390,1,11,-1,1,-1
2016950002690,2,19,0,18,0,0,0,0,0,0,2,1,1,1,48,8,1248,2,3,-1,1,-1
2016950002691,1,9,0,5,7,1,0,0,0,0,3,1,1,1,74,10,-1,-1,-1,-1,3,-1
2016950002692,1,9,0,18,0,1,0,0,0,0,1,1,1,2,35,6,-1,-1,-1,-1,2,-1
2016950002692,2,9,0,3,0,1,0,0,0,0,1,1,2,2,54,8,-1,-1,-1,-1,1,-1
2016950002692,3,9,0,10,0,1,0,0,0,0,2,1,1,1,66,10,2198,2,1,-1,3,-1
2016950002693,1,9,0,7,0,8,0,0,0,0,3,1,6,1,58,9,1995,2,2,-1,1,-1
2016950002693,2,1,0,18,0,8,0,0,0,0,1,1,6,2,25,5,-1,-1,-1,-1,1,-1
2016950002695,1,9,0,18,0,0,0,0,1,11,1,1,2,1,39,7,1995,1,11,-1,1,-1
2016950002697,1,9,0,9,0,1,0,0,0,0,4,1,2,2,37,7,1461,2,-1,-1,1,-1
2016950002697,2,9,2,18,0,2,0,0,0,0,3,1,2,1,26,6,-1,-1,-1,-1,1,-1
2016950002701,1,9,0,7,0,8,0,0,0,0,1,1,6,2,26,6,1364,1,8,-1,1,-1
2016950002701,2,3,0,18,0,8,0,0,0,0,1,1,6,2,17,4,124,1,4,-1,3,-1
2016950002702,1,9,0,5,0,8,0,0,0,0,1,1,6,1,73,10,1560,2,4,-1,2,-1
2016950002702,2,9,0,18,0,8,0,0,0,0,1,1,2,1,20,4,1229,1,6,-1,3,-1
2016950002704,1,11,0,4,2,2,0,0,0,0,0,1,1,1,37,7,8300,2,14,-1,1,-1
2016950002705,1,9,0,9,0,1,0,0,0,0,1,1,1,2,24,5,1360,1,13,-1,2,-1
2016950002705,2,1,0,18,0,1,0,0,0,0,1,1,6,1,42,7,-1,-1,-1,-1,1,-1
2016950002705,3,9,0,10,0,2,0,0,0,0,3,1,6,1,66,10,1995,2,2,-1,1,-1
2016950002706,1,9,0,9,0,1,0,0,7,11,4,1,6,1,71,10,1364,1,6,-1,2,-1
2016950002706,2,9,0,18,0,1,0,0,0,0,1,1,6,1,42,7,2204,2,11,-1,3,-1
2016950002707,1,19,0,7,0,8,0,0,0,0,4,1,1,2,40,7,1399,2,6,-1,1,-1
2016950002707,2,1,0,18,0,1,0,0,0,0,3,1,6,1,49,8,-1,-1,-1,-1,1,-1
2016950002708,1,3,0,18,0,0,0,0,0,0,1,1,2,1,46,8,198,1,-1,-1,1,-1
2016950002709,1,9,0,16,0,0,1,0,7,4,3,1,6,2,69,10,1360,1,7,4,3,4
2016950002711,1,8,0,18,0,1,0,0,0,0,1,1,6,1,62,9,2499,2,5,-1,1,-1
2016950002711,2,9,0,9,0,8,0,0,0,0,1,1,6,1,49,8,1799,1,9,-1,1,-1
2016950002725,1,9,0,1,0,1,0,0,0,0,2,1,6,3,-1,-1,2143,2,2,-1,-1,-1
2016950002727,1,19,0,11,0,3,0,0,0,0,4,1,1,1,51,8,2143,2,5,-1,1,-1
2016950002727,2,1,0,18,0,8,0,0,0,0,1,1,6,1,24,5,-1,-1,-1,-1,1,-1
2016950002728,1,9,0,18,0,0,0,0,0,0,1,1,6,2,25,5,999,1,2,-1,1,-1
2016950002728,2,9,0,18,0,0,0,0,8,0,2,1,1,1,37,7,1422,2,1,1,1,1
2016950002728,3,9,0,18,0,0,0,0,0,0,2,1,1,1,41,7,-1,-1,-1,-1,1,-1
2016950002743,1,1,0,9,0,8,0,0,1,0,3,1,6,1,18,4,-1,-1,-1,-1,3,-1
2016950002743,2,9,0,18,0,8,0,0,0,0,1,1,6,2,64,9,2993,2,5,-1,3,-1
2016950002746,1,11,0,3,2,1,0,0,0,0,0,1,1,1,40,7,7300,2,11,-1,2,-1
2016950002747,1,90,0,18,0,0,0,0,0,0,1,1,6,1,35,6,7201,2,3,-1,1,-1
2016950002747,2,9,0,18,0,0,0,0,0,0,2,1,2,1,29,6,1398,1,2,-1,1,-1
2016950002747,3,11,0,3,0,0,0,0,0,0,2,1,1,1,57,9,4250,2,6,-1,1,-1
2016950002747,4,9,0,3,0,0,0,0,0,0,2,1,2,1,53,8,2000,2,7,-1,3,-1
2016950002749,1,9,0,6,0,0,0,0,0,0,4,1,6,1,50,8,1598,1,9,-1,1,-1
2016950002749,2,4,0,11,2,0,0,0,0,0,1,1,3,1,51,8,645,1,15,-1,3,-1
2016950002751,1,9,0,18,0,0,0,0,0,0,4,1,6,3,-1,-1,-1,-1,-1,-1,-1,-1
2016950002752,1,9,0,1,0,1,0,0,0,0,4,1,6,1,67,10,2157,2,-1,-1,-1,-1
2016950002754,1,9,0,5,0,4,0,0,0,0,3,1,6,1,41,7,1997,2,-1,-1,-1,-1
2016950002754,2,1,0,18,0,8,0,0,0,0,1,1,2,1,36,7,-1,-1,-1,-1,1,-1
2016950002756,1,9,0,5,0,1,0,0,0,0,3,1,2,1,26,6,1360,1,5,-1,1,-1
2016950002756,2,9,0,18,0,1,0,0,0,0,1,1,6,2,61,9,1149,1,11,-1,1,-1
2016950002758,1,90,0,12,0,0,0,0,0,0,3,1,1,1,32,6,-1,-1,-1,-1,-1,-1
2016950002758,2,9,0,18,0,0,0,0,0,0,4,1,2,2,57,9,1206,1,7,-1,1,-1
2016950002758,3,9,0,3,0,0,0,0,0,0,1,1,6,2,23,5,998,1,6,-1,1,-1
2016950002763,1,9,0,18,0,8,0,0,0,0,4,1,2,1,33,6,2987,2,1,-1,1,-1
2016950002763,2,11,0,18,0,8,0,0,0,0,1,1,1,2,58,9,9360,2,7,-1,1,-1
2016950002766,1,9,0,9,2,1,0,0,0,0,1,1,6,1,89,11,1248,1,3,-1,1,-1
2016950002766,2,3,0,18,2,1,0,0,0,0,1,1,6,1,30,6,125,1,6,-1,1,-1
2016950002767,1,9,0,18,0,0,0,0,0,0,1,1,6,3,-1,-1,-1,-1,-1,-1,-1,-1
2016950002767,2,9,0,18,0,0,0,0,0,0,2,1,6,1,48,8,996,1,7,-1,1,-1
2016950002768,1,11,0,5,8,0,0,0,0,0,0,1,1,1,38,7,4461,2,2,-1,2,-1
2016950002782,1,1,0,18,0,0,0,4,0,0,1,1,6,1,12,3,-1,-1,-1,-1,1,-1
2016950002782,2,9,0,2,0,0,0,0,0,0,2,1,6,3,-1,-1,1461,2,2,-1,-1,-1
2016950002790,1,9,0,18,0,0,0,0,0,0,1,1,6,2,31,6,1968,2,11,-1,3,-1
2016950002790,2,9,0,18,0,0,0,0,0,0,2,1,6,2,40,7,1598,1,10,-1,1,-1
2016950002791,1,9,0,18,0,8,0,0,0,0,3,1,6,2,48,8,1995,2,4,-1,3,-1
2016950002791,2,11,0,18,0,8,0,0,0,0,1,1,1,1,28,6,7300,2,10,-1,1,-1
2016950002798,1,11,0,5,8,0,0,0,0,0,0,1,1,1,50,8,9360,2,7,-1,1,-1
2016950002804,1,9,0,1,0,1,0,0,0,1,0,1,6,3,-1,-1,-1,-1,-1,-1,-1,-1
2016950002804,2,8,0,18,0,1,0,0,0,0,0,1,1,1,61,9,2499,2,2,-1,1,-1
2016950002814,1,9,0,1,0,0,0,0,0,0,2,1,6,2,60,9,1339,1,14,-1,2,-1
2016950002814,2,9,0,18,0,0,0,0,0,0,1,1,6,1,38,7,1364,1,10,-1,1,-1
2016950002815,1,9,0,4,0,1,0,0,0,0,1,1,2,2,55,8,1339,1,4,-1,3,-1
2016950002815,2,9,0,3,0,1,0,0,0,0,2,1,6,1,32,6,998,1,1,-1,1,-1
2016950002822,1,9,0,18,0,4,0,0,0,0,1,1,6,2,47,8,-1,-1,-1,-1,1,-1
2016950002822,2,9,0,4,0,4,0,0,0,0,2,1,6,2,64,9,1598,2,1,-1,-1,-1
2016950002823,1,19,0,9,0,2,0,0,0,0,1,1,1,1,31,6,1560,2,1,-1,2,-1
2016950002823,2,9,0,18,0,1,0,0,0,0,1,1,1,1,28,6,1685,2,2,4,1,4
2016950002823,3,19,0,9,0,1,0,0,0,0,1,1,1,1,56,9,1461,2,1,3,1,3
2016950002824,1,1,0,18,0,1,0,0,0,0,1,1,2,1,20,4,-1,-1,-1,-1,-1,-1
2016950002824,2,9,0,16,0,1,0,0,0,0,1,1,6,1,39,7,1400,1,16,-1,1,-1
2016950002835,1,21,1,18,0,0,0,0,0,0,0,1,1,1,72,10,-1,-1,-1,-1,-1,-1
2016950002835,2,9,0,18,0,0,0,0,1,0,1,1,6,2,48,8,1796,1,9,-1,1,-1
2016950002836,1,19,0,4,0,1,1,0,0,0,1,1,1,1,46,8,2143,2,3,-1,-1,-1
2016950002836,2,9,0,9,0,1,0,0,0,0,2,1,2,2,46,8,1198,1,3,-1,2,-1
2016950002837,1,9,0,16,0,0,1,0,7,4,4,1,6,1,26,6,1198,1,14,-1,1,-1
2016950002838,1,9,0,18,0,1,0,0,0,0,1,1,6,3,-1,-1,1364,1,9,-1,-1,-1
2016950002838,2,9,0,8,0,1,0,0,0,0,2,1,6,2,43,7,1995,2,4,-1,1,-1
2016950002839,1,3,0,13,0,8,0,0,0,0,1,1,6,1,14,3,124,1,1,-1,1,-1
2016950002839,2,9,0,9,0,8,0,0,0,0,3,1,6,1,39,7,998,1,10,-1,1,-1
2016950002840,1,9,0,18,0,0,0,0,0,0,4,1,6,1,23,5,998,1,3,-1,1,-1
2016950002841,1,11,0,5,0,0,0,0,0,0,0,1,1,1,30,6,5132,2,2,-1,1,-1
2016950002842,1,9,0,9,0,8,0,0,0,0,3,1,6,2,26,6,1398,1,1,-1,3,-1
2016950002842,2,19,0,18,0,8,1,0,0,0,1,1,6,1,19,4,-1,-1,-1,-1,2,-1
2016950002843,1,9,0,18,0,4,0,0,0,0,1,1,6,2,54,8,1332,1,8,-1,1,-1
2016950002843,2,1,0,18,0,8,0,0,0,0,1,1,1,1,55,8,-1,-1,-1,-1,1,-1
2016950002844,1,9,0,16,0,0,0,0,7,0,1,1,6,1,26,6,1968,2,1,-1,-1,-1
2016950002844,2,9,0,17,0,0,0,0,7,0,1,1,6,1,71,10,1995,2,3,-1,2,-1
2016950002845,1,8,0,18,0,2,0,0,0,0,1,1,1,1,42,7,1997,2,1,-1,1,-1
2016950002847,1,9,0,18,0,1,0,0,0,0,1,1,2,1,28,6,998,1,16,-1,1,-1
2016950002848,1,9,0,18,0,8,0,0,1,10,1,1,6,1,49,8,1587,1,13,-1,1,-1
2016950002848,2,9,0,9,0,8,0,0,0,0,1,1,1,1,20,4,998,1,3,-1,1,-1
2016950002849,1,9,0,17,0,0,0,0,0,0,1,1,2,2,27,6,1242,1,7,-1,2,-1
2016950002849,2,9,0,17,0,0,0,0,0,0,1,1,6,1,22,5,1349,1,3,-1,1,-1
2016950002850,1,9,0,18,0,0,0,0,0,0,1,1,6,1,22,5,1598,1,14,-1,1,-1
2016950002851,1,9,0,18,0,0,0,0,0,0,1,1,2,1,24,5,1598,2,5,-1,1,-1
2016950002851,2,21,0,2,0,0,0,0,0,0,1,1,6,3,-1,-1,-1,-1,-1,-1,-1,-1
2016950002852,1,9,0,18,0,0,0,4,0,0,1,1,6,2,32,6,1248,1,7,-1,1,-1
2016950002852,2,9,0,2,0,0,0,0,0,0,4,1,6,3,-1,-1,1400,1,10,-1,-1,-1
2016950002852,3,9,0,2,0,0,0,0,0,0,4,1,6,3,-1,-1,1229,1,10,-1,-1,-1
2016950002852,4,9,0,2,0,0,0,0,0,0,1,1,6,3,-1,-1,1598,2,-1,-1,-1,-1
2016950002853,1,9,0,17,0,0,0,0,1,3,1,1,1,1,26,6,2268,2,2,3,2,3
2016950002862,1,11,0,18,0,1,0,2,0,0,1,1,6,3,-1,-1,-1,-1,-1,-1,-1,-1
2016950002863,1,9,0,9,0,1,0,0,0,0,1,1,6,2,37,7,1560,2,5,-1,2,-1
2016950002863,2,9,0,18,0,8,0,0,0,0,1,1,2,2,28,6,1783,1,13,-1,1,-1
2016950002864,1,9,0,9,0,8,0,0,0,0,4,1,2,1,45,7,1086,1,8,-1,1,-1
2016950002864,2,1,0,18,0,8,0,0,0,0,1,1,6,1,29,6,-1,-1,-1,-1,1,-1
2016950002881,1,9,0,7,0,8,0,0,0,0,1,1,6,1,35,6,1339,1,10,-1,1,-1
2016950002881,2,9,0,18,0,8,0,0,0,0,1,1,2,1,18,4,1364,1,7,-1,1,-1
2016950002916,1,9,0,18,0,8,0,0,0,0,1,1,1,3,-1,-1,1686,2,3,-1,-1,-1
2016950002916,2,9,0,18,0,8,0,0,0,0,3,1,6,2,32,6,999,1,1,-1,2,-1
2016950002930,1,9,0,9,0,8,0,0,0,0,4,1,6,2,79,11,998,1,7,-1,1,-1
2016950002930,2,19,0,18,0,1,0,0,0,0,1,1,1,1,33,6,1461,2,2,-1,3,-1
2016950002935,1,9,0,1,0,1,0,0,0,0,2,1,6,2,58,9,1598,1,13,-1,1,-1
2016950002945,1,19,0,9,0,8,0,0,0,0,1,1,6,1,24,5,1248,2,2,-1,1,-1
2016950002945,2,8,0,3,0,1,0,0,0,0,0,1,1,1,50,8,1997,2,1,-1,1,-1
2016950002945,3,4,0,14,0,8,0,0,0,0,1,1,1,1,51,8,1170,1,4,-1,1,-1
2016950002948,1,9,0,18,0,0,0,0,0,0,1,1,6,1,78,11,1560,2,7,-1,1,-1
2016950002948,2,21,0,3,0,0,0,0,0,0,1,1,1,1,39,7,10677,2,2,-1,1,-1
2016950002957,1,11,0,18,0,0,0,0,0,0,1,1,1,1,56,9,8300,2,14,-1,-1,-1
2016950002958,1,9,0,17,0,0,0,0,7,0,4,1,2,2,21,5,1242,1,6,-1,-1,-1
2016950002958,2,9,0,18,0,0,0,0,0,0,1,1,2,2,30,6,1197,1,3,-1,1,-1
2016950002965,1,9,0,18,0,2,0,0,1,2,1,1,2,2,26,6,1396,1,13,-1,1,-1
2016950002966,1,9,0,16,0,0,1,0,1,1,4,1,2,2,28,6,1461,2,6,-1,2,-1
2016950002968,1,9,0,4,0,0,0,0,0,0,2,1,6,3,-1,-1,1598,1,13,-1,-1,-1
2016950002968,2,9,0,4,0,0,0,0,0,0,2,1,6,2,46,8,2204,2,6,-1,1,-1