Accident_Index,Vehicle_Reference,Vehicle_Type,Towing_and_Articulation,Vehicle_Manoeuvre,Vehicle_Location-Restricted_Lane,Junction_Location,Skidding_and_Overturning,Hit_Object_in_Carriageway,Vehicle_Leaving_Carriageway,Hit_Object_off_Carriageway,1st_Point_of_Impact,Was_Vehicle_Left_Hand_Drive?,Journey_Purpose_of_Driver,Sex_of_Driver,Age_of_Driver,Age_Band_of_Driver,Engine_Capacity_(CC),Propulsion_Code,Age_of_Vehicle,Driver_IMD_Decile,Driver_Home_Area_Type,Vehicle_IMD_Decile
2016950002968,3,9,0,18,0,0,0,0,0,0,2,1,6,1,33,6,1242,1,1,-1,3,-1
2016950002973,1,9,0,18,0,0,0,0,0,0,4,1,3,2,40,7,2231,2,2,-1,2,-1
2016950002977,1,9,0,9,0,8,0,0,0,0,4,1,6,1,82,11,1461,2,3,-1,1,-1
2016950002977,2,1,0,15,0,8,0,0,0,0,1,1,2,1,24,5,-1,-1,-1,-1,1,-1
2016950002978,1,9,0,11,0,0,0,0,0,0,4,1,6,2,35,6,1598,1,2,-1,3,-1
2016950002978,2,1,0,18,0,0,0,0,0,0,1,1,6,1,23,5,-1,-1,-1,-1,1,-1
2016950002979,1,9,0,16,0,0,1,0,7,0,1,1,2,1,31,6,1390,1,10,-1,-1,-1
2016950002979,2,9,0,18,0,0,0,0,0,0,3,1,6,2,66,10,1598,2,5,-1,3,-1
2016950002980,1,9,0,13,0,1,0,0,1,11,1,1,6,1,22,5,1560,2,4,-1,3,-1
2016950002980,2,9,0,18,0,1,0,0,1,0,1,1,6,1,57,9,1968,2,2,-1,1,-1
2016950002991,1,9,0,9,0,4,0,0,0,0,3,1,2,2,49,8,1229,1,1,-1,-1,-1
2016950002991,2,19,0,18,0,8,0,0,0,0,1,1,1,1,32,6,2143,2,4,-1,1,-1
2016950002992,1,9,0,9,0,8,0,0,0,0,4,1,6,2,26,6,1390,1,13,-1,1,-1
2016950002992,2,1,0,18,0,8,0,0,0,0,1,1,6,1,17,4,-1,-1,-1,-1,1,-1
2016950002992,3,19,0,10,0,1,0,0,0,0,3,1,2,2,41,7,2198,2,1,-1,1,-1
2016950002993,1,9,0,9,0,8,0,0,0,0,1,1,6,2,28,6,1197,1,3,-1,1,-1
2016950002993,2,1,0,18,0,1,0,0,0,0,1,1,6,1,29,6,-1,-1,-1,-1,1,-1
2016950002994,1,20,0,5,0,8,0,0,0,0,1,1,1,1,19,4,12777,2,5,-1,2,-1
2016950002995,1,9,0,18,0,8,0,0,0,0,1,1,2,1,39,7,1997,1,9,-1,3,-1
2016950002995,2,9,0,18,0,8,0,0,0,0,1,1,6,2,35,6,1968,2,7,-1,3,-1
2016950002996,1,11,0,12,0,0,0,0,0,0,0,1,6,3,-1,-1,-1,-1,-1,-1,-1,-1
2016950002996,2,1,0,18,0,0,0,0,0,0,0,1,6,1,32,6,-1,-1,-1,-1,1,-1
2016950003008,1,9,0,18,0,8,2,0,1,4,4,1,2,2,61,9,1149,1,14,-1,2,-1
2016950003010,1,9,0,9,0,1,0,0,0,0,1,1,6,2,59,9,1398,1,2,-1,2,-1
2016950003010,2,9,0,18,0,8,0,0,0,0,1,1,4,1,67,10,1998,1,13,-1,2,-1
2016950003011,1,9,0,1,0,0,0,0,0,0,2,1,6,3,-1,-1,-1,-1,-1,-1,-1,-1
2016950003012,1,9,0,4,0,8,0,0,0,0,1,1,6,2,30,6,1198,1,4,-1,1,-1
2016950003012,2,9,0,3,0,8,0,0,0,0,0,1,6,1,60,9,2698,2,10,-1,1,-1
2016950003012,3,21,0,18,0,8,0,0,0,0,1,1,6,1,46,8,-1,-1,-1,-1,1,-1
2016950003013,1,9,0,18,0,8,0,0,2,0,4,1,6,1,78,11,1197,1,-1,-1,3,-1
2016950003013,2,9,0,18,0,8,0,0,1,0,3,1,6,2,45,7,2231,2,8,9,1,9
2016950003014,1,9,0,17,0,0,5,0,7,11,4,1,6,2,47,8,1328,1,11,-1,3,-1
2016950003015,1,9,0,18,0,0,5,0,7,4,1,1,2,1,67,10,1596,1,9,-1,-1,-1
2016950003016,1,20,0,5,0,1,0,0,0,0,1,1,1,3,-1,-1,-1,-1,-1,-1,-1,-1
2016950003016,2,1,0,5,0,1,0,0,0,0,3,1,6,2,46,8,-1,-1,-1,-1,1,-1
2016950003017,1,9,0,9,0,6,0,0,0,0,1,1,6,1,39,7,1968,2,1,-1,1,-1
2016950003017,2,9,0,18,0,1,0,10,7,10,4,1,6,2,22,5,1997,2,8,-1,2,-1
2016950003018,1,9,0,16,0,0,0,0,7,4,1,1,6,2,46,8,1124,1,11,-1,1,-1
2016950003019,1,4,0,18,0,0,0,0,0,0,1,1,6,1,29,6,599,1,12,-1,2,-1
2016950003019,2,9,0,4,0,0,0,0,0,0,2,1,6,1,85,11,1595,1,12,-1,2,-1
2016950003020,1,9,0,11,0,1,5,0,0,0,1,1,6,2,41,7,1364,1,7,-1,3,-1
2016950003020,2,9,0,18,0,1,0,0,0,0,2,1,6,1,20,4,1398,1,3,-1,1,-1
2016950003021,1,8,0,3,0,1,0,0,0,0,3,1,1,1,73,10,-1,-1,-1,-1,3,-1
2016950003021,2,1,0,14,0,1,0,8,0,0,4,1,6,1,39,7,-1,-1,-1,-1,1,-1
2016950003022,1,20,0,18,0,1,0,0,0,0,1,1,6,3,-1,-1,-1,-1,-1,-1,-1,-1
2016950003022,2,9,0,3,0,1,0,0,0,0,2,1,6,1,19,4,996,1,7,-1,1,-1
2016950003023,1,9,0,18,0,2,5,10,7,2,1,1,2,1,58,9,2401,2,10,-1,1,-1
2016950003025,1,9,0,1,0,0,0,0,0,0,2,1,6,2,42,7,1991,2,10,-1,1,-1
2016950003031,1,19,0,17,0,0,2,0,8,0,3,1,1,1,54,8,2143,2,-1,8,1,8
2016950003032,1,9,0,17,0,0,0,0,7,11,1,1,6,2,59,9,1598,1,12,7,2,7
2016950003033,1,9,0,18,0,2,0,0,0,0,1,1,6,2,90,11,1329,1,4,-1,3,-1
2016950003033,2,9,0,18,0,1,0,0,0,0,1,1,3,1,39,7,1896,2,10,-1,3,-1
2016950003034,1,9,0,18,0,3,0,0,0,0,4,1,6,1,64,9,-1,-1,-1,2,1,2
2016950003034,2,9,0,18,0,3,0,0,0,0,3,1,2,1,31,6,-1,-1,-1,-1,2,-1
2016950003035,1,9,0,18,0,0,5,0,7,0,3,1,6,1,19,4,1299,1,14,-1,1,-1
2016950003039,1,9,0,16,0,0,1,10,0,0,1,1,2,2,19,4,1598,1,13,-1,2,-1
2016950003039,2,19,0,17,0,0,0,0,1,9,1,1,2,1,40,7,2198,2,2,-1,1,-1
2016950003047,1,4,0,13,0,1,1,10,1,4,1,1,6,1,41,7,599,1,23,-1,1,-1
2016950003052,1,9,0,18,0,8,0,0,0,0,1,1,6,2,51,8,1398,2,3,-1,1,-1
2016950003052,2,90,0,18,0,8,0,0,0,0,1,1,1,1,53,8,-1,2,6,-1,1,-1
2016950003058,1,9,0,9,0,1,0,0,0,0,1,1,6,2,25,5,1242,1,3,-1,1,-1
2016950003059,1,19,0,18,0,0,0,0,0,0,1,1,1,1,21,5,1560,2,1,-1,3,-1
2016950003059,2,9,0,2,0,0,0,0,0,0,2,1,6,3,-1,-1,1299,1,11,-1,-1,-1
2016950003059,3,9,0,2,0,0,0,4,0,0,3,1,6,3,-1,-1,1248,2,3,-1,-1,-1
2016950003059,4,9,0,2,0,0,0,0,0,0,1,1,6,3,-1,-1,1461,2,11,-1,-1,-1
2016950003059,5,9,0,2,0,0,0,0,0,0,1,1,6,3,-1,-1,1997,2,9,-1,-1,-1
2016950003063,1,9,0,18,0,0,0,0,0,0,3,1,6,2,53,8,1994,1,12,-1,3,-1
2016950003064,1,9,0,17,0,0,0,0,1,9,1,1,6,2,30,6,1199,1,14,-1,2,-1
2016950003066,1,9,0,18,0,1,0,0,0,0,1,1,6,2,46,8,1229,1,5,-1,1,-1
2016950003077,1,9,0,18,0,1,0,0,0,0,1,1,6,1,31,6,1388,1,10,-1,1,-1
2016950003077,2,9,0,10,0,1,0,0,0,0,2,1,6,1,37,7,1198,1,12,-1,1,-1
2016950003086,1,9,0,18,0,1,0,0,0,0,0,1,6,3,-1,-1,1248,2,10,-1,-1,-1
2016950003086,2,4,0,18,0,2,0,0,0,0,0,1,6,1,30,6,125,1,-1,-1,1,-1
2016950003092,1,9,0,18,0,0,0,0,0,0,1,1,6,1,19,4,1398,1,1,-1,1,-1
2016950003092,2,9,0,2,0,0,0,0,0,0,2,1,6,3,-1,-1,2494,1,17,-1,-1,-1
2016950003092,3,9,0,2,0,0,0,0,0,0,2,1,6,3,-1,-1,1299,1,11,-1,-1,-1
2016950003097,1,1,0,9,0,8,0,0,0,0,3,1,2,1,53,8,-1,-1,-1,-1,1,-1
2016950003097,2,4,0,18,0,8,0,0,0,0,1,1,2,1,41,7,598,1,17,-1,1,-1
2016950003099,1,9,0,9,0,8,0,0,0,0,1,1,6,1,31,6,1997,2,9,-1,3,-1
2016950003099,2,4,0,18,0,1,0,0,0,0,1,1,2,2,48,8,124,1,1,-1,1,-1
2016950003100,1,1,0,14,0,1,0,0,0,0,1,1,6,1,32,6,-1,-1,-1,-1,3,-1
2016950003100,2,9,0,9,0,8,0,0,0,0,3,1,2,2,18,4,1242,1,3,-1,1,-1
2016950003101,1,9,0,5,0,1,0,0,0,0,1,1,6,2,-1,-1,-1,-1,-1,-1,-1,-1
2016950003101,2,9,0,3,0,1,0,0,0,0,2,1,6,2,50,8,-1,-1,-1,-1,1,-1
2016950003105,1,9,0,4,0,0,0,0,0,0,1,1,6,1,61,9,1995,2,2,-1,1,-1
2016950003107,1,9,0,8,0,1,0,0,0,0,1,1,1,1,30,6,1896,2,8,-1,1,-1
2016950003108,1,9,0,18,0,0,0,4,0,0,1,1,6,2,45,7,1242,1,-1,-1,1,-1
2016950003108,2,9,0,2,0,0,0,0,1,0,2,1,6,3,-1,-1,1390,1,13,-1,-1,-1
2016950003109,1,19,0,18,0,1,0,0,0,0,1,1,1,1,57,9,2198,2,3,-1,1,-1
2016950003109,2,19,0,4,0,1,0,0,0,0,2,1,1,1,60,9,2143,2,3,-1,3,-1
2016950003109,3,19,0,4,0,1,0,0,0,0,2,1,1,1,25,5,2402,2,5,-1,2,-1
2016950003111,1,9,0,18,0,0,0,0,0,0,1,1,2,1,54,8,1598,1,10,-1,1,-1
2016950003112,1,9,0,18,0,1,0,0,0,0,1,1,6,1,30,6,1560,2,5,-1,3,-1
2016950003112,2,9,0,9,0,8,0,0,0,0,2,1,6,1,60,9,998,1,2,-1,1,-1
2016950003114,1,9,0,5,0,8,0,0,0,0,4,1,6,3,-1,-1,-1,-1,-1,-1,-1,-1
2016950003114,2,1,0,18,0,1,0,0,0,0,1,1,6,1,34,6,-1,-1,-1,-1,1,-1
2016950003115,1,1,0,18,0,0,0,4,0,0,1,1,6,1,24,5,-1,-1,-1,-1,1,-1
2016950003115,2,9,0,2,0,0,0,0,0,0,2,1,6,3,-1,-1,1995,2,-1,-1,-1,-1
2016950003116,1,4,0,18,0,0,0,0,0,0,1,1,6,1,43,7,-1,-1,-1,2,2,2
2016950003116,2,9,0,18,0,0,0,0,0,0,1,1,6,2,27,6,1598,2,2,-1,3,-1
2016950003117,1,9,0,9,0,8,0,0,0,0,4,1,2,1,23,5,1395,1,1,-1,1,-1
2016950003117,2,1,0,18,0,8,5,0,0,0,1,1,2,1,24,5,-1,-1,-1,-1,1,-1
2016950003119,1,19,0,9,0,8,0,0,0,0,1,1,6,1,23,5,1686,2,6,-1,2,-1
2016950003119,2,1,0,18,0,8,0,0,0,0,1,1,6,1,57,9,-1,-1,-1,-1,1,-1
2016950003121,1,9,0,9,0,1,0,0,0,0,1,1,1,1,29,6,1598,2,3,-1,2,-1
2016950003121,2,1,0,18,0,1,0,0,0,0,1,1,6,1,23,5,-1,-1,-1,-1,1,-1
2016950003123,1,1,0,18,0,0,0,4,0,0,1,1,6,1,19,4,-1,-1,-1,-1,3,-1
2016950003123,2,9,0,2,0,0,0,0,0,0,2,1,6,3,-1,-1,1197,1,1,-1,-1,-1
2016950003128,1,9,0,9,0,8,0,0,0,0,1,1,6,2,71,10,1598,1,14,-1,1,-1
2016950003128,2,1,0,18,0,8,0,10,1,0,1,1,2,1,34,6,-1,-1,-1,-1,1,-1
2016950003129,1,9,0,9,0,8,0,0,7,0,4,1,6,1,85,11,2402,2,5,-1,3,-1
2016950003129,2,9,0,18,0,1,0,0,0,0,1,1,6,1,34,6,1108,1,17,9,2,9
2016950003130,1,9,0,4,0,1,0,0,0,0,1,1,6,1,30,6,1422,2,10,-1,1,-1
2016950003130,2,9,0,18,0,1,0,0,0,0,2,1,6,2,33,6,1390,1,9,-1,-1,-1
2016950003131,1,9,0,4,0,1,0,0,0,0,1,1,1,3,-1,-1,-1,-1,-1,-1,-1,-1
2016950003131,2,9,0,3,0,1,0,0,0,0,2,1,6,2,57,9,1598,1,8,-1,1,-1
2016950003132,1,9,0,18,0,1,0,0,0,0,1,1,6,1,23,5,1341,1,11,-1,3,-1
2016950003132,2,9,0,10,0,1,0,0,0,0,2,1,6,2,38,7,1397,1,5,-1,1,-1
2016950003133,1,9,0,18,0,1,0,0,0,0,1,1,2,1,19,4,1590,1,24,-1,1,-1
2016950003133,2,9,0,10,0,1,1,0,0,0,2,1,6,2,39,7,1598,1,3,-1,1,-1
2016950003134,1,9,0,18,0,0,0,0,0,0,1,1,6,2,22,5,998,1,23,-1,1,-1
2016950003134,2,9,0,18,0,0,0,0,0,0,2,1,6,1,32,6,-1,-1,-1,-1,1,-1
2016950003136,1,9,0,17,0,1,0,0,0,0,1,1,6,1,71,10,1995,2,2,-1,-1,-1
2016950003136,2,9,0,16,0,1,0,0,0,0,1,1,6,2,64,9,998,1,-1,-1,2,-1
2016950003150,1,9,0,9,0,1,0,0,0,0,1,1,1,1,60,9,1798,1,7,-1,1,-1
2016950003150,2,9,0,18,0,1,0,0,0,0,1,1,6,2,18,4,1248,1,4,-1,1,-1
2016950003154,1,4,0,18,0,1,0,0,0,0,1,1,6,3,-1,-1,125,1,13,-1,-1,-1
2016950003154,2,9,0,4,0,1,0,0,0,0,2,1,2,2,49,8,1499,1,-1,-1,1,-1
2016950003156,1,4,0,18,0,1,0,0,7,0,1,1,6,1,45,7,998,1,1,-1,1,-1
2016950003156,2,90,0,5,0,1,0,0,0,0,1,1,1,1,24,5,-1,2,8,-1,2,-1
2016950003158,1,19,0,9,0,1,0,0,0,0,3,1,6,2,77,11,-1,-1,-1,-1,1,-1
2016950003158,2,3,0,18,0,8,0,0,0,0,1,1,6,1,59,9,125,1,14,-1,1,-1
2016950003159,1,9,0,18,0,2,0,0,0,0,1,1,6,3,-1,-1,-1,-1,-1,-1,-1,-1
2016950003159,2,1,0,18,0,2,0,0,0,0,1,1,6,1,16,4,-1,-1,-1,-1,-1,-1
2016950003172,1,9,0,18,0,1,0,0,0,0,1,1,6,1,71,10,1794,1,7,-1,1,-1
2016950003172,2,19,0,4,0,1,0,0,0,0,2,1,2,1,51,8,2143,2,1,-1,-1,-1
2016950003174,1,9,0,7,0,1,0,0,1,11,1,1,6,2,22,5,1149,1,4,-1,2,-1
2016950003175,1,9,0,18,0,8,0,0,0,0,1,1,6,1,18,4,1597,2,1,-1,1,-1
2016950003175,2,9,0,18,0,4,0,0,0,0,3,1,1,1,73,10,1395,1,1,-1,1,-1
2016950003178,1,9,0,18,0,0,0,0,0,0,1,1,6,2,22,5,1360,1,13,-1,1,-1
2016950003178,2,9,0,4,0,0,0,0,0,0,2,1,6,1,23,5,1798,1,1,-1,1,-1
2016950003179,1,9,0,18,0,3,1,10,1,7,1,1,6,1,26,6,2616,1,11,3,1,3
2016950003180,1,9,0,17,0,0,5,0,1,0,4,1,6,1,21,5,1422,2,8,6,3,6
2016950003187,1,9,0,18,0,1,0,0,1,0,1,1,2,2,25,5,1598,1,5,-1,1,-1
2016950003187,2,9,0,4,0,8,0,0,0,0,2,1,2,1,44,7,1598,2,1,-1,1,-1
2016950003191,1,9,0,9,0,8,0,0,0,0,1,1,6,1,80,11,998,1,-1,-1,1,-1
2016950003191,2,9,0,18,0,8,0,0,0,0,1,1,6,1,71,10,1299,1,12,-1,1,-1
2016950003192,1,11,0,5,0,2,0,0,0,0,4,1,1,1,46,8,9360,2,5,-1,-1,-1
2016950003193,1,9,0,18,0,0,0,0,0,0,1,1,6,1,23,5,1596,1,8,-1,3,-1
2016950003194,1,1,0,5,0,1,0,0,0,0,1,1,2,2,30,6,-1,-1,-1,-1,1,-1
2016950003194,2,9,0,3,0,1,0,0,0,0,2,1,6,2,53,8,1368,1,4,-1,1,-1
2016950003195,1,9,0,1,9,2,0,0,0,0,2,1,1,1,39,7,1598,2,3,-1,1,-1
2016950003196,1,19,0,18,0,0,0,0,0,0,1,1,1,1,32,6,1598,2,3,-1,2,-1
2016950003196,2,9,0,4,0,0,0,0,0,0,2,1,6,1,49,8,2720,2,8,-1,3,-1
2016950003197,1,9,0,18,0,1,0,0,0,0,1,1,6,2,58,9,1560,2,-1,-1,-1,-1
2016950003197,2,9,0,2,0,8,0,0,0,0,3,1,6,3,-1,-1,2967,2,1,-1,-1,-1
2016950003197,3,9,0,2,0,1,0,0,0,0,3,1,6,3,-1,-1,2987,2,6,-1,-1,-1
2016950003199,1,9,0,16,0,0,0,0,1,9,1,1,6,2,18,4,1339,1,8,-1,3,-1
2016950003200,1,20,1,18,0,0,0,0,0,0,1,2,1,1,57,9,-1,-1,-1,-1,-1,-1
2016950003200,2,9,0,18,0,0,1,0,0,0,4,1,1,1,25,5,1461,2,2,7,2,7
2016950003202,1,9,0,1,0,0,0,0,0,0,1,1,2,2,23,5,1242,1,4,-1,1,-1
2016950003202,2,1,0,18,0,0,0,0,0,0,1,1,6,1,18,4,-1,-1,-1,-1,-1,-1
2016950003203,1,9,0,11,0,0,0,0,0,0,1,1,6,1,23,5,1198,1,10,-1,-1,-1
2016950003203,2,9,0,2,0,0,0,0,0,0,3,1,6,3,-1,-1,2191,2,2,-1,-1,-1
2016950003203,3,9,0,18,0,0,0,0,0,0,4,1,6,2,18,4,1242,1,7,-1,1,-1
2016950003204,1,4,0,18,0,1,0,0,0,0,1,1,6,1,32,6,592,1,25,-1,1,-1
2016950003204,2,9,0,9,0,8,0,0,0,0,4,1,6,1,58,9,-1,-1,-1,-1,1,-1
2016950003204,3,9,0,2,0,1,0,0,0,0,1,1,6,3,-1,-1,1229,1,9,-1,-1,-1
2016950003205,1,9,0,16,0,0,0,0,7,11,1,1,6,2,18,4,-1,-1,-1,-1,2,-1
2016950003208,1,19,0,12,0,0,0,0,0,0,3,1,6,3,-1,-1,-1,-1,-1,-1,-1,-1
2016950003208,2,4,0,18,0,0,0,0,0,0,4,1,6,1,38,7,647,1,15,-1,3,-1
2016950003213,1,19,0,16,0,0,0,0,1,0,3,1,2,1,24,5,1461,2,1,-1,1,-1
2016950003213,2,9,0,17,0,0,0,0,0,0,3,1,6,1,55,8,1124,1,11,-1,1,-1
2016950003219,1,11,0,18,2,2,0,0,0,0,0,1,1,1,53,8,9360,2,9,-1,1,-1
2016950003221,1,11,0,18,0,0,0,0,0,0,4,1,1,1,58,9,4760,2,3,-1,1,-1
2016950003222,1,1,0,18,0,1,0,0,0,0,3,1,6,1,19,4,-1,-1,-1,-1,1,-1
2016950003222,2,9,0,18,0,1,0,0,0,0,4,1,6,2,39,7,1598,2,2,-1,1,-1
2016950003223,1,9,0,18,0,8,0,0,0,0,4,1,6,3,-1,-1,-1,-1,-1,-1,-1,-1
2016950003223,2,9,0,18,0,7,0,0,0,0,3,1,6,1,22,5,1349,1,9,1,1,1
2016950003225,1,9,0,18,0,0,1,0,0,2,1,1,6,2,34,6,1598,1,8,-1,1,-1
2016950003225,2,9,0,18,0,0,0,0,0,0,0,1,6,3,-1,-1,-1,-1,-1,-1,-1,-1
2016950003226,1,9,0,6,0,1,0,0,0,0,3,1,6,2,78,11,1240,1,11,-1,2,-1
2016950003226,2,4,0,13,0,1,0,0,0,0,1,1,6,1,57,9,600,1,17,-1,1,-1
2016950003227,1,9,0,18,0,1,0,0,0,0,1,1,2,1,43,7,796,1,14,-1,-1,-1
2016950003228,1,9,0,18,0,1,0,0,0,0,3,1,2,1,49,8,1368,1,3,-1,1,-1
2016950003229,1,19,0,18,0,4,0,0,0,0,4,1,1,3,-1,-1,1868,2,10,-1,-1,-1
2016950003229,2,9,0,8,0,1,0,0,0,0,3,1,6,1,40,7,1796,1,8,-1,1,-1
2016950003230,1,21,0,18,0,1,0,0,7,3,1,2,1,1,38,7,-1,-1,-1,-1,-1,-1
2016950003230,2,9,0,3,0,1,0,0,0,0,2,1,2,2,23,5,1229,1,6,-1,1,-1
2016950003230,3,9,0,18,0,2,0,0,1,0,3,1,2,1,33,6,2204,2,8,-1,3,-1
2016950003230,4,9,0,18,0,1,0,0,0,0,2,1,6,1,70,10,1339,8,4,-1,1,-1
2016950003231,1,90,0,18,0,6,5,0,0,0,0,1,6,1,44,7,1115,2,-1,-1,3,-1
2016950003232,1,9,0,18,0,0,0,0,0,0,1,1,6,2,19,4,1199,1,14,-1,1,-1
2016950003233,1,9,0,18,0,8,0,0,0,0,1,1,6,1,29,6,1598,2,2,-1,1,-1
2016950003233,2,8,0,18,0,8,0,0,0,0,2,1,1,1,48,8,2143,2,-1,-1,3,-1
2016950003234,1,90,0,18,0,0,0,0,0,0,1,1,6,1,67,10,-1,2,20,-1,3,-1
2016950003234,2,4,0,18,0,0,0,0,1,0,1,1,6,1,55,8,909,1,9,-1,2,-1
2016950003235,1,3,0,18,0,0,0,0,1,0,1,1,6,3,-1,-1,-1,-1,-1,-1,-1,-1
2016950003238,1,9,0,18,0,1,0,0,0,0,1,1,6,2,78,11,-1,-1,-1,-1,1,-1
2016950003238,2,9,0,18,0,1,0,0,0,0,2,1,6,2,37,7,-1,-1,-1,-1,1,-1
2016950003238,3,9,0,3,0,1,0,0,0,0,2,1,2,1,58,9,-1,-1,-1,-1,1,-1
2016950003238,4,9,0,18,0,1,0,0,0,0,2,1,6,2,49,8,1499,1,-1,-1,1,-1
2016950003238,5,9,0,18,0,1,0,0,0,0,2,1,6,2,31,6,1197,1,1,-1,1,-1
2016950003250,1,1,0,-1,0,0,0,0,0,0,0,1,6,1,21,5,-1,-1,-1,-1,1,-1
2016950003250,2,9,0,2,0,0,0,0,0,0,2,1,6,3,-1,-1,1560,2,-1,-1,-1,-1
2016950003251,1,9,0,9,0,8,0,0,0,0,3,1,6,1,65,9,1686,2,14,6,1,6
2016950003251,2,3,0,18,0,1,0,0,0,0,1,1,6,1,21,5,124,1,5,-1,1,-1
2016950003252,1,9,0,9,0,8,0,0,0,0,1,1,6,1,65,9,1998,1,13,-1,1,-1
2016950003252,2,9,0,18,0,1,0,0,0,0,1,1,6,2,18,4,998,1,14,-1,1,-1
2016950003253,1,3,0,18,0,1,2,0,0,0,1,1,2,1,41,7,125,1,1,-1,1,-1
2016950003253,2,9,0,5,0,8,0,0,0,0,3,1,6,2,42,7,1240,1,10,-1,1,-1
2016950003253,3,9,0,18,0,8,0,0,0,0,4,1,6,2,50,8,1598,1,5,-1,1,-1
2016950003273,1,9,0,9,0,8,0,0,0,0,4,1,1,2,41,7,1364,1,11,-1,1,-1
2016950003273,2,9,0,18,0,1,1,10,0,0,4,1,6,2,20,4,1998,1,13,-1,1,-1
2016950003275,1,4,0,4,0,1,1,0,0,0,4,1,2,1,35,6,124,1,8,-1,1,-1
2016950003275,2,9,0,4,0,1,0,0,0,0,4,1,1,1,43,7,1560,2,2,-1,3,-1
2016950003292,1,11,0,18,2,1,0,0,0,0,4,1,1,1,53,8,4500,2,5,-1,1,-1
2016950003293,1,9,0,5,0,0,0,0,0,0,2,1,6,1,26,6,1995,2,7,-1,1,-1
2016950003293,2,9,0,3,0,0,0,0,0,0,4,1,1,3,-1,-1,1248,2,6,-1,-1,-1
2016950003295,1,9,0,4,0,1,0,0,0,0,1,1,2,2,44,7,2148,2,13,-1,1,-1
2016950003295,2,19,0,3,0,1,0,0,0,0,2,1,2,1,47,8,1868,2,11,-1,1,-1
2016950003295,3,9,0,3,0,1,0,0,0,0,2,1,2,2,29,6,-1,-1,-1,-1,1,-1
2016950003297,1,9,0,6,0,8,0,0,0,0,1,1,6,1,38,7,1598,1,10,-1,1,-1
2016950003297,2,1,0,18,0,8,5,0,0,0,1,1,6,1,34,6,-1,-1,-1,-1,2,-1
2016950003299,1,9,0,9,0,8,0,0,0,0,1,1,2,1,62,9,1984,1,13,-1,2,-1
2016950003299,2,4,0,18,0,1,0,0,0,0,1,1,2,1,30,6,599,1,13,-1,3,-1
2016950003314,1,9,0,16,0,0,1,0,0,0,1,1,6,1,21,5,1598,1,18,-1,3,-1
2016950003314,2,9,0,17,0,0,0,0,0,0,1,1,6,1,61,9,-1,-1,-1,2,1,2
2016950003315,1,19,0,11,0,1,0,0,0,0,4,1,6,1,36,7,1248,2,11,-1,1,-1
2016950003315,2,1,0,18,0,1,0,0,0,0,1,1,6,1,48,8,-1,-1,-1,-1,1,-1
2016950003316,1,4,0,18,0,1,1,0,0,0,4,1,6,1,50,8,625,1,12,-1,2,-1
2016950003316,2,9,0,11,0,1,0,0,0,0,2,1,2,1,30,6,-1,-1,-1,-1,1,-1
2016950003333,1,9,0,18,0,8,0,0,1,0,1,1,6,1,26,6,1199,1,13,-1,1,-1
2016950003333,2,9,0,18,0,8,0,0,7,0,4,1,6,2,38,7,1124,1,14,-1,1,-1
2016950003341,1,21,0,16,0,0,0,0,0,6,3,1,1,1,52,8,12740,2,-1,-1,3,-1
2016950003342,1,9,0,17,0,0,2,10,7,11,3,1,6,1,34,6,1896,2,11,-1,1,-1
2016950003343,1,9,0,18,0,0,5,0,0,0,1,1,6,1,26,6,1598,1,7,-1,1,-1
2016950003343,2,19,0,18,0,0,0,0,0,0,1,1,2,1,28,6,1995,2,5,1,1,1
2016950003343,3,9,0,18,0,0,0,0,0,0,1,1,6,1,28,6,2143,2,5,-1,1,-1
2016950003345,1,9,0,18,0,2,0,0,0,0,4,1,6,1,66,10,-1,-1,-1,-1,1,-1
2016950003346,1,4,0,13,0,1,0,0,0,0,1,1,6,1,54,8,1157,1,10,-1,3,-1
2016950003346,2,9,0,18,0,1,0,0,0,0,3,1,6,2,67,10,-1,-1,-1,-1,3,-1
2016950003347,1,9,0,4,0,0,0,0,0,0,1,1,6,2,29,6,1896,2,12,-1,3,-1
2016950003347,2,9,0,18,0,0,0,0,0,0,2,1,2,1,73,10,1598,1,3,-1,3,-1
2016950003347,3,9,0,18,0,0,0,0,0,0,3,1,6,1,61,9,1995,2,1,6,1,6
2016950003347,4,9,0,5,0,0,0,0,0,0,2,1,6,1,46,8,2199,2,7,9,1,9
2016950003348,1,9,0,18,0,1,0,0,0,0,1,1,1,2,18,4,1242,1,7,-1,-1,-1
2016950003348,2,9,0,9,0,4,0,0,0,0,2,1,6,2,44,7,1399,2,5,-1,1,-1
2016950003357,1,9,0,18,0,4,0,0,0,0,3,1,6,2,26,6,1242,1,6,-1,1,-1
2016950003357,2,9,0,9,0,8,0,0,0,0,1,1,6,2,75,10,1388,1,7,-1,1,-1
2016950003358,1,9,0,7,0,1,0,0,0,0,1,1,6,1,41,7,-1,-1,-1,-1,-1,-1
2016950003358,2,9,0,3,0,2,0,0,0,0,2,1,2,2,23,5,1360,1,5,-1,1,-1
2016950003359,1,9,0,18,0,2,0,0,0,0,1,1,6,2,25,5,998,1,-1,9,1,9
2016950003360,1,9,0,9,0,8,0,0,0,0,1,1,6,3,-1,-1,-1,-1,-1,-1,-1,-1
2016950003360,2,1,0,18,0,8,0,0,0,0,1,1,6,2,43,7,-1,-1,-1,-1,1,-1