Accident_Index,Vehicle_Reference,Vehicle_Type,Towing_and_Articulation,Vehicle_Manoeuvre,Vehicle_Location-Restricted_Lane,Junction_Location,Skidding_and_Overturning,Hit_Object_in_Carriageway,Vehicle_Leaving_Carriageway,Hit_Object_off_Carriageway,1st_Point_of_Impact,Was_Vehicle_Left_Hand_Drive?,Journey_Purpose_of_Driver,Sex_of_Driver,Age_of_Driver,Age_Band_of_Driver,Engine_Capacity_(CC),Propulsion_Code,Age_of_Vehicle,Driver_IMD_Decile,Driver_Home_Area_Type,Vehicle_IMD_Decile
2016950003753,1,9,0,18,0,1,0,0,0,0,1,1,6,1,20,4,1796,1,13,-1,1,-1
2016950003753,2,19,0,2,0,1,0,0,0,0,3,1,6,3,-1,-1,1997,2,10,-1,-1,-1
2016950003757,1,8,0,9,0,8,0,0,0,0,1,1,1,1,62,9,2148,2,6,-1,1,-1
2016950003757,2,1,0,18,4,8,0,0,0,0,1,1,6,1,44,7,-1,-1,-1,-1,1,-1
2016950003759,1,9,0,14,0,8,0,0,0,0,1,1,6,1,63,9,1798,1,7,-1,1,-1
2016950003759,2,9,0,9,0,6,0,0,0,0,1,1,6,2,35,6,1956,2,2,-1,1,-1
2016950003761,1,1,0,16,0,1,0,0,0,0,4,1,6,1,29,6,-1,-1,-1,-1,1,-1
2016950003762,1,9,0,18,0,0,0,0,0,0,3,1,6,1,-1,-1,-1,-1,-1,-1,-1,-1
2016950003763,1,9,0,18,0,0,0,0,1,0,1,1,6,1,18,4,1199,1,13,-1,3,-1
2016950003763,2,9,0,18,0,0,0,0,1,11,1,1,6,1,55,8,1229,1,5,-1,3,-1
2016950003764,1,21,0,9,0,8,0,0,0,0,2,1,1,1,57,9,12777,2,4,-1,1,-1
2016950003771,1,9,0,18,0,8,0,0,0,0,4,1,6,1,58,9,1598,1,6,-1,-1,-1
2016950003771,2,9,0,18,0,8,0,0,0,0,3,1,6,1,34,6,1995,2,13,-1,1,-1
2016950003772,1,3,0,18,0,8,0,0,0,0,0,1,6,1,18,4,125,1,4,-1,1,-1
2016950003772,2,9,0,7,0,8,0,0,0,0,0,1,6,3,-1,-1,-1,-1,-1,-1,-1,-1
2016950003773,1,11,0,18,2,1,0,0,0,0,4,1,1,2,57,9,-1,-1,-1,-1,-1,-1
2016950003774,1,9,0,18,0,0,0,0,0,0,1,1,6,1,62,9,1999,2,-1,-1,3,-1
2016950003774,2,9,0,18,0,0,0,0,1,7,1,1,6,2,46,8,1242,1,10,-1,3,-1
2016950003775,1,3,0,18,0,1,1,0,0,0,1,1,2,1,48,8,125,1,-1,-1,1,-1
2016950003775,2,9,0,9,0,8,0,0,0,0,1,1,6,1,39,7,1598,1,12,-1,1,-1
2016950003776,1,11,0,18,0,1,0,0,0,0,1,1,1,1,33,6,5132,2,1,-1,1,-1
2016950003778,1,9,0,18,0,1,0,0,0,0,1,1,2,1,24,5,1124,1,13,-1,2,-1
2016950003778,2,9,0,8,0,1,0,0,0,0,2,1,6,1,54,8,1896,2,12,-1,1,-1
2016950003779,1,9,0,18,0,1,0,0,0,11,3,1,6,3,-1,-1,1398,1,-1,-1,-1,-1
2016950003779,2,9,0,18,0,1,0,0,0,0,4,1,6,1,32,6,1896,2,14,-1,1,-1
2016950003780,1,9,0,1,0,0,0,0,0,0,2,1,6,1,26,6,1994,2,13,-1,1,-1
2016950003781,1,21,1,17,0,0,0,0,0,0,3,1,1,1,48,8,12777,2,1,-1,2,-1
2016950003781,2,9,0,16,0,0,0,0,0,0,1,1,6,2,58,9,1587,1,9,-1,3,-1
2016950003782,1,9,0,18,0,1,0,0,0,0,4,1,6,3,-1,-1,-1,-1,-1,-1,-1,-1
2016950003783,1,9,0,4,0,1,0,0,0,0,1,1,6,1,28,6,2616,1,12,-1,1,-1
2016950003783,2,9,0,4,0,1,0,0,0,0,2,1,6,1,67,10,799,2,7,-1,1,-1
2016950003783,3,9,0,9,0,1,0,0,0,0,2,1,6,1,20,4,1769,1,13,-1,3,-1
2016950003784,1,1,0,18,4,0,0,0,0,0,1,1,2,1,25,5,-1,-1,-1,-1,1,-1
2016950003784,2,9,0,2,0,0,0,0,0,0,2,1,6,3,-1,-1,1461,2,1,-1,-1,-1
2016950003785,1,9,3,16,0,0,0,0,7,0,1,1,6,1,44,7,1968,2,7,-1,2,-1
2016950003785,2,9,0,17,0,0,0,0,0,0,1,1,6,1,62,9,1598,2,2,-1,2,-1
2016950003788,1,9,0,18,0,1,0,0,0,0,1,1,6,1,47,8,1200,1,1,-1,1,-1
2016950003789,1,1,0,9,0,8,0,0,0,0,3,1,6,1,66,10,-1,-1,-1,-1,1,-1
2016950003789,2,9,0,18,0,1,0,0,0,0,1,1,6,1,50,8,1968,2,1,-1,1,-1
2016950003790,1,3,0,18,0,0,0,0,0,0,4,1,6,1,18,4,125,1,8,-1,1,-1
2016950003791,1,9,0,18,0,1,0,0,0,0,1,1,6,1,26,6,1995,2,9,-1,1,-1
2016950003791,2,9,0,3,0,1,0,0,0,0,2,1,6,2,33,6,1598,1,2,-1,1,-1
2016950003792,1,9,0,18,0,8,0,0,0,0,1,1,6,1,22,5,1364,1,8,-1,1,-1
2016950003792,2,9,0,18,0,8,0,0,0,0,3,1,6,2,27,6,1560,2,4,-1,2,-1
2016950003795,1,9,0,18,0,0,0,0,0,0,1,1,2,1,38,7,1956,2,2,-1,1,-1
2016950003795,2,9,0,4,0,0,0,0,0,0,2,1,2,2,53,8,1242,1,3,-1,3,-1
2016950003806,1,9,0,12,0,0,0,0,0,0,0,1,6,1,36,7,-1,-1,-1,2,1,2
2016950003806,2,11,0,18,0,0,0,0,0,0,0,1,1,1,47,8,-1,2,16,-1,1,-1
2016950003810,1,9,0,18,0,8,0,10,7,2,1,1,6,1,32,6,1998,2,12,-1,3,-1
2016950003810,2,9,0,18,0,1,0,0,1,11,1,1,6,2,42,7,1598,1,15,-1,3,-1
2016950003811,1,9,0,16,0,0,0,0,7,4,2,1,6,2,43,7,1364,1,9,-1,3,-1
2016950003812,1,11,0,9,0,4,0,0,0,0,1,1,1,1,59,9,9360,2,9,-1,1,-1
2016950003812,2,4,0,18,0,8,0,0,0,0,4,1,2,1,44,7,1441,1,1,-1,3,-1
2016950003813,1,9,0,18,0,2,0,0,0,0,1,1,1,2,40,7,1598,2,2,-1,-1,-1
2016950003813,2,9,0,18,0,2,0,0,0,0,2,1,2,2,18,4,1995,2,4,-1,1,-1
2016950003814,1,9,0,18,0,0,0,0,0,0,1,1,1,1,28,6,1461,2,-1,-1,1,-1
2016950003814,2,9,0,18,0,0,0,0,0,0,2,1,6,1,52,8,-1,-1,-1,-1,-1,-1
2016950003814,3,9,0,18,0,0,0,0,0,0,2,1,6,2,46,8,1582,2,7,-1,1,-1
2016950003816,1,9,0,18,0,0,0,0,0,0,3,1,2,1,26,6,999,1,3,-1,1,-1
2016950003817,1,9,0,18,0,3,1,0,2,2,3,1,6,1,62,9,3980,1,21,-1,1,-1
2016950003818,1,19,0,18,0,0,2,0,6,0,1,1,1,1,22,5,2198,2,4,-1,1,-1
2016950003819,1,9,0,17,0,0,1,0,0,0,3,1,6,2,21,5,1240,1,8,-1,-1,-1
2016950003819,2,9,0,2,0,0,0,0,0,0,1,1,6,1,40,7,1798,1,-1,-1,3,-1
2016950003823,1,9,0,5,0,8,0,0,0,0,2,1,2,1,34,6,1364,1,9,-1,1,-1
2016950003823,2,1,0,18,4,2,0,0,0,0,2,1,2,1,22,5,-1,-1,-1,-1,1,-1
2016950003824,1,9,0,9,0,8,0,0,0,0,4,1,1,1,39,7,1598,2,3,-1,1,-1
2016950003824,2,9,0,18,0,8,0,0,0,0,1,1,1,1,35,6,1896,2,9,-1,1,-1
2016950003825,1,11,0,5,0,0,0,0,0,0,0,1,1,1,53,8,7300,2,11,-1,1,-1
2016950003826,1,9,0,17,0,0,1,0,1,11,4,1,2,1,31,6,1598,1,10,-1,1,-1
2016950003827,1,9,0,18,0,1,0,0,0,0,1,1,6,1,69,10,2495,2,23,-1,1,-1
2016950003828,1,9,0,18,0,3,1,0,4,6,3,1,2,1,29,6,1198,1,13,-1,1,-1
2016950003829,1,9,0,9,0,8,0,0,0,0,1,2,6,2,47,8,-1,-1,-1,-1,-1,-1
2016950003829,2,9,0,18,0,1,0,0,0,0,1,1,6,1,60,9,1198,1,2,-1,3,-1
2016950003830,1,11,0,5,0,1,0,0,0,0,0,1,6,3,33,6,-1,2,17,-1,1,-1
2016950003830,2,11,0,4,0,1,0,0,0,0,0,1,1,3,-1,-1,-1,-1,-1,-1,-1,-1
2016950003831,1,9,0,18,0,0,0,7,7,2,1,1,6,1,34,6,1995,2,-1,-1,1,-1
2016950003832,1,1,0,13,0,3,0,0,0,0,2,1,2,2,26,6,-1,-1,-1,-1,1,-1
2016950003832,2,9,0,7,0,3,0,0,0,0,2,1,6,2,65,9,1796,1,12,9,3,9
2016950003833,1,19,0,17,0,0,1,0,0,0,1,1,1,1,55,8,1560,2,6,-1,3,-1
2016950003833,2,9,0,16,0,0,0,0,0,0,2,1,6,2,69,10,1596,1,3,-1,3,-1
2016950003833,3,9,0,16,0,0,0,0,0,0,1,1,6,1,57,9,1586,1,-1,-1,-1,-1
2016950003836,1,9,0,18,0,0,0,0,0,0,0,1,6,3,-1,-1,-1,-1,-1,-1,-1,-1
2016950003836,2,19,0,18,0,0,0,0,0,0,2,1,1,1,30,6,1968,2,-1,-1,2,-1
2016950003836,3,19,0,18,0,0,0,0,0,0,1,1,1,1,43,7,1560,2,1,-1,1,-1
2016950003836,4,9,0,18,0,0,0,0,0,0,1,1,1,2,29,6,1349,1,3,-1,1,-1
2016950003840,1,1,0,18,0,0,0,0,0,0,2,1,6,1,18,4,-1,-1,-1,-1,1,-1
2016950003840,2,9,0,2,0,0,0,0,0,0,1,1,6,1,-1,-1,898,1,2,-1,1,-1
2016950003843,1,9,0,1,0,1,0,0,0,0,2,1,6,3,-1,-1,-1,-1,-1,-1,-1,-1
2016950003843,2,4,0,3,0,1,0,0,0,0,3,1,6,1,56,9,999,1,1,-1,1,-1
2016950003843,3,9,0,3,0,1,0,0,0,0,3,1,6,3,-1,-1,-1,-1,-1,-1,-1,-1
2016950003846,1,21,0,13,0,0,0,0,0,0,3,1,6,1,39,7,5880,2,4,-1,-1,-1
2016950003846,2,4,0,13,0,0,0,0,0,0,4,1,6,1,54,8,599,1,17,-1,2,-1
2016950003847,1,9,0,16,0,0,0,0,0,0,0,1,6,3,-1,-1,-1,-1,-1,-1,-1,-1
2016950003847,2,9,0,17,0,0,1,0,1,11,4,1,6,2,50,8,-1,-1,-1,4,3,4
2016950003848,1,9,0,7,0,8,0,0,0,0,3,1,6,1,36,7,-1,-1,-1,-1,1,-1
2016950003848,2,1,0,18,0,8,0,0,0,0,1,1,6,2,22,5,-1,-1,-1,-1,1,-1
2016950003849,1,9,0,16,0,0,0,0,1,4,1,1,6,1,37,7,1796,1,11,-1,3,-1
2016950003850,1,9,0,18,0,0,0,0,0,0,1,1,6,1,35,6,2204,2,11,-1,-1,-1
2016950003850,2,9,0,18,0,0,5,0,0,0,3,1,6,1,54,8,1499,2,-1,-1,3,-1
2016950003851,1,9,0,18,0,0,0,0,7,11,1,1,6,2,24,5,1399,2,6,-1,-1,-1
2016950003852,1,9,0,9,0,1,0,0,0,0,3,1,6,1,28,6,1398,1,2,-1,1,-1
2016950003852,2,9,0,18,0,1,0,0,0,0,1,1,6,1,64,9,1198,1,1,-1,-1,-1
2016950003853,1,9,0,18,0,8,0,0,0,0,1,1,2,1,54,8,-1,-1,-1,-1,1,-1
2016950003854,1,11,0,4,0,0,0,0,0,0,0,1,1,1,54,8,4760,2,2,-1,1,-1
2016950003855,1,9,0,7,0,0,0,0,0,0,4,1,6,1,29,6,1995,2,9,-1,1,-1
2016950003856,1,4,0,16,0,8,5,0,7,0,1,1,6,1,30,6,1063,1,19,-1,3,-1
2016950003857,1,9,0,18,0,0,0,0,0,0,1,1,6,1,25,5,-1,-1,-1,-1,1,-1
2016950003858,1,9,0,17,0,0,2,0,0,0,1,1,6,1,33,6,1199,1,14,4,1,4
2016950003860,1,9,0,1,0,2,0,0,0,0,2,1,6,2,-1,-1,2000,1,7,-1,-1,-1
2016950003861,1,9,0,18,0,1,0,0,0,0,1,1,6,1,18,4,1061,1,11,-1,2,-1
2016950003861,2,9,0,5,0,1,0,0,0,0,2,1,6,2,62,9,1999,1,9,-1,1,-1
2016950003862,1,9,0,18,0,0,0,0,7,4,1,1,2,2,47,8,-1,-1,-1,-1,3,-1
2016950003863,1,9,0,18,0,1,0,0,0,0,1,1,6,1,34,6,1968,2,11,-1,1,-1
2016950003863,2,19,0,3,0,1,0,0,0,0,2,1,2,1,38,7,1753,2,12,-1,1,-1
2016950003863,3,19,0,3,0,1,0,0,0,0,2,1,2,1,42,7,2261,1,9,4,2,4
2016950003866,1,19,0,18,0,0,0,0,0,0,1,1,6,1,30,6,2198,2,3,-1,1,-1
2016950003866,2,8,0,18,0,0,0,0,0,0,2,1,1,1,35,6,2664,2,17,-1,1,-1
2016950003874,1,9,0,18,0,0,0,0,7,0,1,1,6,2,80,11,1598,1,5,-1,1,-1
2016950003874,2,9,0,18,0,0,0,0,0,0,1,1,6,1,43,7,1364,1,5,-1,1,-1
2016950003874,3,9,0,18,0,0,0,0,0,0,1,1,6,1,34,6,1956,2,1,-1,1,-1
2016950003875,1,9,0,17,0,0,0,0,0,0,0,1,6,3,-1,-1,-1,-1,-1,-1,-1,-1
2016950003875,2,4,0,16,0,0,0,0,0,11,0,1,6,1,45,7,999,1,7,7,1,7
2016950003892,1,9,0,18,0,1,0,0,1,0,1,1,6,1,25,5,1968,2,6,-1,1,-1
2016950003892,2,9,0,18,0,1,0,0,0,0,1,1,6,1,-1,-1,1598,2,4,-1,3,-1
2016950003896,1,11,0,5,0,1,0,0,0,0,0,1,1,1,41,7,4500,2,5,-1,3,-1
2016950003898,1,9,0,18,0,1,0,0,0,0,1,1,1,1,37,7,1598,1,1,-1,3,-1
2016950003905,1,19,0,18,0,8,0,0,1,0,2,1,1,1,32,6,2143,2,-1,-1,1,-1
2016950003913,1,9,0,18,0,1,0,0,0,0,1,1,6,2,20,4,-1,-1,-1,-1,1,-1
2016950003913,2,19,0,3,0,1,0,0,0,0,2,1,1,1,38,7,1968,2,1,-1,1,-1
2016950003913,3,9,0,10,0,1,0,0,0,0,2,1,1,2,56,9,1198,1,3,-1,-1,-1
2016950003914,1,2,0,17,0,0,1,0,0,0,3,1,6,1,51,8,278,1,3,-1,2,-1
2016950003917,1,90,0,11,0,0,0,0,0,0,4,1,1,1,49,8,-1,-1,-1,-1,1,-1
2016950003917,2,9,0,18,0,0,0,0,0,0,3,1,2,2,24,5,-1,-1,-1,-1,1,-1
2016950003923,1,9,0,18,0,0,1,0,1,11,1,1,6,1,49,8,4398,1,14,-1,1,-1
2016950003927,1,19,0,18,0,1,0,0,0,0,1,1,1,1,34,6,1560,2,3,-1,-1,-1
2016950003927,2,9,0,3,0,1,0,0,0,0,2,1,6,2,47,8,1229,1,8,-1,2,-1
2016950003927,3,19,0,4,0,1,0,0,0,0,2,1,1,1,51,8,1560,2,2,-1,1,-1
2016950003938,1,9,0,18,0,0,0,0,0,0,1,1,1,2,24,5,1596,1,12,-1,1,-1
2016950003938,2,9,0,18,0,0,0,0,0,0,2,1,6,1,32,6,1798,1,7,-1,-1,-1
2016950003938,3,9,0,18,0,0,0,0,0,0,2,1,6,2,64,9,1339,1,9,-1,3,-1
2016950003939,1,8,0,6,0,1,0,0,0,0,3,1,1,1,36,7,2499,2,6,-1,1,-1
2016950003939,2,9,0,18,0,1,0,0,0,0,1,1,6,1,27,6,1598,2,4,-1,-1,-1
2016950003946,1,9,0,17,0,0,0,0,2,11,1,1,6,2,24,5,1240,1,12,-1,1,-1
2016950003947,1,19,0,1,0,0,0,0,0,0,2,1,1,1,35,6,2298,2,-1,-1,-1,-1
2016950003951,1,4,0,13,0,1,0,0,7,0,1,1,6,1,52,8,999,1,1,-1,1,-1
2016950003951,2,19,0,9,0,1,0,0,0,0,1,1,1,1,24,5,2287,2,1,-1,1,-1
2016950003952,1,3,0,18,0,0,0,12,0,0,1,1,6,1,32,6,125,1,-1,-1,1,-1
2016950003953,1,19,0,17,0,0,1,0,0,0,1,1,6,2,34,6,1461,2,13,-1,-1,-1
2016950003953,2,9,0,3,0,0,0,0,0,0,2,1,6,2,40,7,2000,2,8,-1,3,-1
2016950003954,1,9,0,18,0,0,0,0,0,0,1,1,6,1,48,8,1910,2,9,-1,3,-1
2016950003954,2,9,0,4,0,0,0,0,0,0,2,1,6,1,32,6,2148,2,10,-1,2,-1
2016950003956,1,9,0,11,2,0,0,0,0,0,4,1,6,1,70,10,-1,-1,-1,-1,-1,-1
2016950003956,2,1,0,11,2,0,0,0,0,0,3,1,2,2,20,4,-1,-1,-1,-1,1,-1
2016950003957,1,9,0,18,0,1,0,0,0,0,3,1,1,1,28,6,1461,2,1,-1,1,-1
2016950003958,1,9,0,18,0,0,0,0,0,0,1,1,2,1,23,5,1598,2,4,-1,1,-1
2016950003958,2,9,0,4,0,0,0,0,0,0,2,1,2,1,26,6,999,1,1,-1,1,-1
2016950003959,1,9,0,5,0,2,0,0,0,0,4,1,2,2,20,4,998,1,13,-1,1,-1
2016950003959,2,19,0,18,0,8,0,0,0,0,1,1,1,1,33,6,1560,2,7,-1,1,-1
2016950003961,1,9,0,16,0,0,2,0,7,11,1,1,6,2,33,6,1332,1,19,-1,1,-1
2016950003962,1,9,0,7,4,0,0,0,0,0,4,1,6,2,44,7,1229,1,-1,-1,2,-1
2016950003962,2,1,0,18,4,0,0,0,0,0,1,1,6,1,45,7,-1,-1,-1,-1,1,-1
2016950003963,1,20,0,18,0,0,0,0,0,0,0,1,1,1,50,8,10518,2,4,-1,1,-1
2016950003963,2,1,0,18,0,0,0,4,0,0,2,1,6,2,17,4,-1,-1,-1,-1,1,-1
2016950003963,3,19,0,5,0,0,0,0,0,0,3,1,1,1,51,8,2198,2,2,-1,1,-1
2016950003964,1,9,0,18,0,0,0,0,0,0,1,1,6,2,75,10,1461,2,2,-1,3,-1
2016950003964,2,9,0,18,0,0,0,0,0,0,3,1,6,1,64,9,1598,1,11,-1,2,-1
2016950003966,1,9,0,18,0,0,0,8,7,3,1,1,6,1,20,4,1500,1,22,-1,2,-1
2016950003979,1,9,0,18,0,0,1,0,1,11,1,1,1,1,50,8,1988,2,10,-1,1,-1
2016950003980,1,3,0,18,0,4,2,0,0,0,4,1,6,1,18,4,124,1,-1,-1,3,-1
2016950003981,1,9,0,4,0,8,1,0,2,0,1,1,2,1,43,7,1229,1,4,-1,3,-1
2016950003984,1,9,0,18,0,0,0,0,0,0,3,1,6,1,28,6,1834,1,12,-1,1,-1
2016950003985,1,9,0,18,0,2,0,0,0,0,1,1,6,1,49,8,1398,1,1,-1,1,-1
2016950003987,1,9,0,9,0,8,0,0,0,0,1,1,6,2,24,5,1364,1,12,-1,1,-1
2016950003987,2,8,0,18,2,1,0,0,0,0,1,1,1,1,63,9,2499,2,8,-1,-1,-1
2016950003988,1,19,0,5,0,0,0,0,0,0,4,1,6,3,-1,-1,-1,-1,-1,-1,-1,-1
2016950003990,1,9,0,18,0,4,0,0,0,0,1,1,6,3,-1,-1,-1,-1,-1,-1,-1,-1
2016950003990,2,9,0,3,0,1,0,0,0,0,2,1,6,1,53,8,1461,2,9,-1,3,-1
2016950003991,1,9,0,9,0,8,0,0,0,0,0,1,6,1,53,8,1951,2,13,-1,1,-1
2016950003991,2,3,0,18,0,1,0,0,0,0,0,1,6,1,47,8,-1,-1,-1,-1,1,-1
2016950003992,1,9,0,18,0,2,5,4,0,0,1,1,6,2,35,6,1968,2,-1,-1,-1,-1
2016950003992,2,9,0,2,0,1,0,0,0,0,2,1,6,3,-1,-1,1598,2,1,-1,-1,-1
2016950003993,1,1,0,11,2,1,0,0,0,0,3,1,6,1,29,6,-1,-1,-1,-1,1,-1
2016950003993,2,9,0,11,2,1,0,0,0,0,4,1,6,1,71,10,1870,2,12,-1,1,-1
2016950003994,1,9,0,18,0,1,0,0,0,0,3,1,6,2,53,8,1490,1,8,-1,3,-1
2016950003998,1,9,0,18,0,0,0,0,7,0,1,1,6,1,19,4,2143,2,-1,-1,-1,-1
2016950003998,2,21,1,18,0,0,3,0,1,0,1,1,1,1,37,7,-1,-1,-1,5,1,5
2016950003998,3,9,0,18,0,0,0,0,0,0,1,1,2,1,45,7,1753,2,6,8,1,8
2016950003998,4,19,0,18,0,0,0,0,0,0,1,1,6,1,33,6,2198,2,10,-1,1,-1
2016950003998,5,9,0,18,0,0,0,0,0,0,1,1,6,2,64,9,1598,2,2,5,1,5
2016950003999,1,9,0,18,0,0,0,10,1,11,1,1,6,2,48,8,1975,1,11,4,1,4
2016950004010,1,9,0,12,0,1,0,0,0,0,1,1,1,1,46,8,1197,1,-1,-1,1,-1
2016950004010,2,1,0,18,0,1,0,0,0,0,1,1,2,1,45,7,-1,-1,-1,-1,1,-1
2016950004011,1,9,0,9,0,8,0,0,0,0,3,1,1,1,65,9,-1,-1,-1,-1,1,-1
2016950004011,2,8,0,18,0,8,0,0,0,0,3,1,1,1,57,9,2664,2,18,-1,1,-1
2016950004012,1,1,0,18,0,1,0,0,0,0,1,1,6,1,19,4,-1,-1,-1,-1,2,-1
2016950004012,2,9,0,4,0,1,0,0,0,0,4,1,6,1,56,9,1968,2,1,-1,2,-1
2016950004014,1,9,0,7,0,1,0,0,0,0,4,1,6,2,38,7,1995,2,1,-1,3,-1
2016950004014,2,1,0,18,4,8,5,0,0,0,1,1,6,2,52,8,-1,-1,-1,-1,1,-1
2016950004015,1,3,0,16,0,1,0,0,0,0,1,1,6,1,23,5,600,1,14,-1,1,-1
2016950004015,2,9,0,16,0,1,0,0,0,0,3,1,6,1,59,9,1598,1,3,-1,2,-1
2016950004016,1,19,0,18,0,0,0,0,0,0,4,1,1,1,33,6,-1,-1,-1,-1,-1,-1
2016950004016,2,90,0,18,0,0,0,0,0,0,3,1,1,1,55,8,-1,-1,-1,4,2,4
2016950004017,1,90,0,18,0,1,0,0,0,10,1,1,1,1,39,7,7142,2,9,-1,1,-1
2016950004019,1,8,0,11,0,0,0,0,0,0,4,1,1,1,65,9,2499,2,6,-1,1,-1
2016950004019,2,1,0,18,0,0,0,0,0,0,3,1,6,1,52,8,-1,-1,-1,-1,1,-1
2016950004020,1,1,0,18,0,8,0,0,0,0,1,1,6,1,42,7,-1,-1,-1,-1,2,-1
2016950004021,1,9,0,18,0,1,0,0,0,0,3,1,6,1,64,9,1200,1,-1,-1,2,-1
2016950004022,1,9,0,18,0,0,0,0,0,0,3,1,6,1,32,6,1598,1,13,-1,1,-1
2016950004023,1,9,0,18,3,0,0,0,0,0,4,1,6,3,-1,-1,-1,-1,-1,-1,-1,-1
2016950004024,1,9,0,18,0,0,0,0,0,0,1,2,6,1,46,8,-1,-1,-1,-1,-1,-1
2016950004024,2,9,0,3,0,0,0,0,0,0,2,1,6,2,50,8,1229,1,3,-1,1,-1
2016950004024,3,9,0,2,0,0,0,0,0,0,1,1,6,3,-1,-1,1598,1,4,-1,-1,-1
2016950004025,1,11,0,18,3,0,0,0,0,0,4,1,1,1,55,8,8300,2,14,-1,1,-1
2016950004026,1,1,0,18,9,1,0,0,0,0,3,1,4,1,10,2,-1,-1,-1,-1,1,-1
2016950004026,2,9,0,18,0,1,0,0,0,0,1,1,2,2,45,7,1198,1,1,-1,1,-1
2016950004027,1,11,0,18,0,1,0,0,0,0,0,1,1,1,34,6,7300,2,9,-1,1,-1
2016950004027,2,9,0,18,0,8,0,0,0,0,0,1,1,3,-1,-1,-1,-1,-1,-1,-1,-1
2016950004029,1,9,0,18,0,0,0,0,0,0,1,1,6,2,18,4,1086,1,7,-1,1,-1
2016950004029,2,9,0,2,0,0,0,0,0,0,3,1,6,3,-1,-1,1560,2,1,-1,-1,-1
2016950004030,1,9,0,18,0,1,0,0,0,0,1,1,6,1,21,5,1248,1,7,-1,1,-1
2016950004030,2,9,0,18,0,1,0,0,0,0,2,1,6,2,20,4,1368,1,6,-1,3,-1
2016950004030,3,9,0,3,0,1,0,0,0,0,2,1,1,1,55,8,-1,-1,-1,-1,1,-1
2016950004030,4,9,0,3,0,1,0,0,0,0,2,1,6,2,20,4,-1,-1,-1,-1,2,-1
2016950004031,1,9,0,3,0,0,0,0,0,0,1,1,2,1,20,4,-1,-1,-1,-1,2,-1
2016950004031,2,9,0,3,0,0,0,0,0,0,2,1,2,2,35,6,1798,1,8,-1,2,-1
2016950004031,3,9,0,3,0,0,0,0,0,0,2,1,2,2,42,7,1386,1,5,-1,2,-1
2016950004031,4,9,0,3,0,0,0,0,0,0,2,1,2,1,20,4,1242,1,5,-1,3,-1
2016950004040,1,4,0,7,0,8,0,0,1,10,1,1,6,1,60,9,1170,1,9,-1,-1,-1
2016950004045,1,9,0,18,0,0,0,0,0,0,1,1,6,3,-1,-1,-1,-1,-1,-1,-1,-1
2016950004045,2,1,0,18,0,0,0,0,0,0,1,1,6,1,35,6,-1,-1,-1,-1,1,-1
2016950004046,1,9,0,3,0,0,0,0,0,0,1,1,6,1,20,4,1390,1,15,-1,1,-1
2016950004046,2,9,0,3,0,0,0,0,0,0,2,1,6,2,29,6,1242,1,2,-1,1,-1
2016950004046,3,19,0,18,0,0,0,0,0,0,0,1,1,3,-1,-1,-1,-1,-1,-1,-1,-1
2016950004047,1,21,5,11,0,1,0,0,0,0,1,1,6,3,-1,-1,-1,-1,-1,-1,-1,-1
2016950004047,2,1,0,18,0,1,2,0,1,0,2,1,2,1,51,8,-1,-1,-1,-1,1,-1
2016950004048,1,11,0,4,2,0,0,0,0,0,0,1,1,1,31,6,7300,2,10,-1,1,-1
2016950004050,1,1,0,18,0,1,0,0,0,0,1,1,6,1,50,8,-1,-1,-1,-1,1,-1
2016950004050,2,19,0,7,0,1,0,0,0,0,4,1,1,1,35,6,1461,2,1,-1,1,-1
2016950004067,1,9,0,9,0,8,0,0,0,0,1,1,6,2,24,5,1296,1,8,-1,1,-1
2016950004067,2,9,0,18,0,8,0,0,0,0,1,1,6,2,45,7,1590,1,12,-1,1,-1
2016950004068,1,9,0,9,0,8,0,0,0,0,1,1,6,1,65,9,-1,-1,-1,-1,1,-1
2016950004068,2,1,0,18,0,1,0,0,0,0,1,1,6,1,44,7,-1,-1,-1,-1,1,-1
2016950004070,1,9,0,18,0,1,0,0,0,0,1,1,6,1,51,8,1769,1,13,-1,1,-1
2016950004104,1,9,0,18,0,1,0,0,0,0,4,1,6,1,44,7,1595,1,10,-1,-1,-1
2016950004104,2,9,0,2,0,1,0,0,0,0,4,1,6,3,-1,-1,1997,1,12,-1,-1,-1
2016950004106,1,19,0,18,0,8,0,0,0,0,1,1,1,1,18,4,2198,2,7,-1,1,-1
2016950004106,2,9,0,10,0,8,0,0,0,0,1,1,6,1,57,9,898,1,3,-1,1,-1
2016950004109,1,9,0,4,0,1,0,0,0,0,1,1,6,3,-1,-1,-1,-1,-1,-1,-1,-1
2016950004109,2,9,0,4,0,4,0,0,0,0,2,1,2,1,40,7,1461,2,5,-1,2,-1
2016950004110,1,9,0,18,0,4,0,0,1,2,2,1,2,1,25,5,1240,1,11,-1,1,-1
2016950004111,1,9,0,5,0,4,0,0,0,0,1,1,6,2,63,9,1598,2,1,-1,3,-1
2016950004111,2,9,0,5,0,4,0,0,0,0,2,1,6,1,36,7,2967,2,1,-1,3,-1
2016950004112,1,19,0,18,0,0,1,0,1,9,2,1,6,1,26,6,2198,2,-1,-1,-1,-1
2016950004112,2,19,0,18,0,0,0,0,0,0,1,1,1,1,41,7,2143,2,1,-1,3,-1
2016950004113,1,9,0,4,0,4,0,0,0,0,1,1,6,2,28,6,1587,1,19,-1,1,-1
2016950004113,2,9,0,4,0,1,0,0,0,0,2,1,6,2,54,8,1399,1,5,-1,1,-1