Accident_Index,Vehicle_Reference,Vehicle_Type,Towing_and_Articulation,Vehicle_Manoeuvre,Vehicle_Location-Restricted_Lane,Junction_Location,Skidding_and_Overturning,Hit_Object_in_Carriageway,Vehicle_Leaving_Carriageway,Hit_Object_off_Carriageway,1st_Point_of_Impact,Was_Vehicle_Left_Hand_Drive?,Journey_Purpose_of_Driver,Sex_of_Driver,Age_of_Driver,Age_Band_of_Driver,Engine_Capacity_(CC),Propulsion_Code,Age_of_Vehicle,Driver_IMD_Decile,Driver_Home_Area_Type,Vehicle_IMD_Decile
2016950004115,1,9,0,18,0,1,0,0,0,0,1,1,6,1,50,8,2435,1,14,-1,1,-1
2016950004115,2,9,0,18,0,1,0,0,0,0,2,1,6,1,27,6,1364,1,9,-1,-1,-1
2016950004116,1,9,0,18,0,0,0,0,0,0,0,1,6,3,-1,-1,-1,-1,-1,-1,-1,-1
2016950004116,2,3,0,16,0,0,0,0,1,9,0,1,6,1,71,10,124,1,11,-1,1,-1
2016950004117,1,9,0,18,0,0,2,0,0,0,0,1,6,1,41,7,995,1,8,-1,1,-1
2016950004117,2,9,0,11,0,0,0,0,0,0,4,1,2,1,54,8,-1,-1,-1,9,1,9
2016950004117,3,9,0,18,0,0,0,0,0,0,3,1,6,2,64,9,-1,-1,-1,3,1,3
2016950004118,1,9,0,18,0,1,0,0,0,0,1,1,6,1,20,4,1995,2,3,-1,2,-1
2016950004118,2,9,0,3,0,1,0,0,0,0,2,1,6,2,46,8,1582,2,-1,-1,1,-1
2016950004119,1,9,0,18,0,1,0,0,0,0,1,1,6,1,53,8,-1,-1,-1,-1,3,-1
2016950004119,2,9,0,3,0,1,0,0,0,0,2,1,6,2,55,8,1086,1,10,-1,1,-1
2016950004120,1,9,0,18,0,0,0,0,0,0,0,1,1,1,65,9,-1,-1,-1,-1,2,-1
2016950004121,1,9,0,11,0,0,0,0,0,0,4,1,6,1,42,7,1497,8,11,-1,1,-1
2016950004121,2,1,0,18,0,0,0,0,0,0,3,1,6,2,28,6,-1,-1,-1,-1,1,-1
2016950004122,1,3,0,18,0,0,1,0,0,0,0,1,6,1,18,4,125,1,4,-1,1,-1
2016950004123,1,9,0,3,0,0,0,4,0,0,4,1,1,1,38,7,1995,2,4,-1,1,-1
2016950004123,2,9,0,2,0,0,0,8,0,0,4,1,6,3,-1,-1,1242,1,4,-1,-1,-1
2016950004123,3,9,0,2,0,0,0,8,0,0,3,1,6,3,-1,-1,1364,1,5,-1,-1,-1
2016950004124,1,9,0,18,0,1,0,0,0,0,1,1,6,2,60,9,1998,1,11,-1,1,-1
2016950004124,2,9,0,3,0,1,0,0,0,0,2,1,6,2,46,8,998,1,1,-1,2,-1
2016950004125,1,9,0,18,0,1,1,0,0,0,1,1,2,1,27,6,1995,2,10,-1,2,-1
2016950004125,2,9,0,3,0,1,0,0,0,0,2,1,6,1,31,6,1968,2,4,-1,3,-1
2016950004125,3,9,0,3,0,1,0,0,0,0,2,1,6,2,26,6,-1,-1,-1,-1,3,-1
2016950004126,1,9,0,9,0,8,0,0,0,0,1,1,6,2,18,4,998,1,16,-1,1,-1
2016950004126,2,9,0,18,0,8,0,0,0,0,3,1,6,2,24,5,1242,1,7,-1,2,-1
2016950004128,1,9,0,4,0,1,0,0,0,0,1,1,6,2,62,9,999,1,1,-1,-1,-1
2016950004128,2,9,0,10,0,1,0,0,0,0,2,1,6,1,49,8,-1,-1,-1,-1,1,-1
2016950004128,3,9,0,3,0,1,0,0,0,0,1,1,6,1,40,7,1797,8,6,-1,1,-1
2016950004129,1,19,0,7,0,8,0,0,0,0,4,1,6,3,-1,-1,-1,-1,-1,-1,-1,-1
2016950004129,2,1,0,18,0,8,0,0,0,0,3,1,6,2,36,7,-1,-1,-1,-1,1,-1
2016950004130,1,9,0,18,0,1,0,0,0,0,1,1,2,2,49,8,1995,2,8,-1,1,-1
2016950004130,2,9,0,3,0,1,0,0,0,0,2,1,6,2,39,7,2231,2,10,-1,1,-1
2016950004130,3,9,0,3,0,1,0,0,0,0,2,1,6,1,51,8,1598,2,5,-1,1,-1
2016950004132,1,9,0,18,0,1,0,0,0,0,1,1,6,1,32,6,1598,1,15,-1,2,-1
2016950004132,2,9,0,3,0,1,0,0,0,0,2,1,6,1,23,5,1968,2,3,-1,1,-1
2016950004135,1,19,0,18,0,0,0,0,7,4,1,1,6,2,47,8,2494,2,9,3,1,3
2016950004136,1,11,0,18,2,0,0,0,0,0,1,1,6,1,64,9,6700,2,7,-1,3,-1
2016950004137,1,9,0,18,0,0,0,0,0,0,1,1,6,1,57,9,1587,1,7,-1,1,-1
2016950004151,1,9,0,7,0,8,0,0,0,0,4,1,6,2,42,7,1896,2,7,-1,1,-1
2016950004151,2,1,0,18,4,1,0,0,0,0,3,1,6,2,28,6,-1,-1,-1,-1,1,-1
2016950004152,1,9,0,18,0,1,0,0,0,0,1,1,6,1,25,5,1599,1,8,-1,2,-1
2016950004152,2,9,0,3,0,2,0,0,0,0,2,1,6,2,17,4,1390,1,3,-1,3,-1
2016950004152,3,9,0,18,0,1,0,0,0,0,2,1,2,1,33,6,1997,2,7,-1,3,-1
2016950004152,4,9,0,18,0,1,0,0,0,0,2,1,6,3,-1,-1,-1,-1,-1,-1,-1,-1
2016950004153,1,1,0,18,0,6,5,0,0,0,0,1,6,2,23,5,-1,-1,-1,-1,1,-1
2016950004155,1,9,0,16,0,0,0,0,1,11,1,1,6,2,22,5,1398,1,2,-1,3,-1
2016950004156,1,19,0,18,0,0,0,0,0,0,1,1,1,1,30,6,2198,2,2,-1,2,-1
2016950004156,2,9,0,4,0,0,0,0,0,0,2,1,2,2,41,7,1896,2,9,-1,1,-1
2016950004157,1,9,0,5,0,4,0,0,0,0,1,1,6,1,50,8,1995,2,7,-1,1,-1
2016950004157,2,9,0,3,0,4,0,0,0,0,2,1,6,1,64,9,1242,1,12,-1,1,-1
2016950004173,1,21,1,18,0,0,0,0,0,0,1,1,1,1,56,9,12809,2,2,-1,1,-1
2016950004173,2,9,0,18,0,0,0,0,0,0,1,1,6,2,21,5,1496,2,2,-1,1,-1
2016950004174,1,9,0,18,0,2,0,0,0,0,1,1,6,2,33,6,1596,1,4,-1,3,-1
2016950004175,1,9,0,18,0,0,0,0,1,0,1,1,2,1,49,8,998,1,3,-1,2,-1
2016950004175,2,9,0,18,0,0,0,0,0,0,2,1,6,1,58,9,1968,2,10,-1,2,-1
2016950004179,1,9,0,7,0,1,0,0,0,0,1,1,6,2,41,7,1242,1,13,-1,1,-1
2016950004179,2,1,0,18,0,1,0,0,0,0,4,1,2,1,45,7,-1,-1,-1,-1,1,-1
2016950004180,1,9,0,7,0,8,0,0,0,0,4,1,6,1,62,9,1197,1,-1,-1,2,-1
2016950004180,2,1,0,18,0,2,5,0,0,0,1,1,6,1,55,8,-1,-1,-1,-1,2,-1
2016950004181,1,9,0,5,0,7,0,0,0,0,1,1,6,1,18,4,1998,2,12,-1,1,-1
2016950004181,2,9,0,9,0,8,0,0,0,0,4,1,2,2,39,7,1198,1,2,-1,1,-1
2016950004182,1,19,0,9,0,2,0,0,0,0,1,1,2,1,35,6,1399,2,7,-1,1,-1
2016950004182,2,9,0,18,0,1,0,4,0,0,1,1,2,1,25,5,1598,1,9,-1,1,-1
2016950004182,3,9,0,2,0,2,0,0,0,0,3,1,6,3,-1,-1,1398,1,2,-1,-1,-1
2016950004185,1,9,0,18,0,8,0,0,1,10,1,1,6,1,83,11,1296,1,10,-1,1,-1
2016950004186,1,9,0,18,0,1,0,0,0,0,1,1,6,1,52,8,-1,-1,-1,-1,1,-1
2016950004186,2,9,0,18,0,1,0,0,0,0,1,1,6,1,25,5,1968,2,9,-1,1,-1
2016950004188,1,9,0,1,6,0,1,0,0,0,2,1,6,1,79,11,1582,2,2,-1,2,-1
2016950004200,1,9,0,9,0,8,0,0,0,0,0,1,6,3,-1,-1,-1,-1,-1,-1,-1,-1
2016950004200,2,3,0,18,0,8,1,0,0,0,3,1,2,1,42,7,108,1,2,-1,3,-1
2016950004201,1,4,0,18,0,8,0,0,0,0,3,1,6,1,46,8,1649,1,5,-1,3,-1
2016950004202,1,9,0,9,0,0,0,0,0,0,1,1,2,2,30,6,1598,1,-1,-1,1,-1
2016950004204,1,9,0,17,0,1,0,0,0,0,1,1,6,3,-1,-1,-1,-1,-1,-1,-1,-1
2016950004204,2,9,0,2,0,1,0,0,0,0,4,1,6,3,-1,-1,998,1,5,-1,-1,-1
2016950004205,1,9,0,18,0,1,0,0,0,0,1,1,6,1,26,6,1496,2,1,-1,1,-1
2016950004205,2,4,0,18,0,1,0,0,0,0,1,1,6,2,64,9,865,1,7,-1,1,-1
2016950004206,1,1,0,14,0,0,0,0,0,0,1,1,6,1,23,5,-1,-1,-1,-1,1,-1
2016950004206,2,9,0,2,0,0,0,0,0,0,2,1,6,3,-1,-1,1995,2,10,-1,-1,-1
2016950004214,1,4,0,16,0,2,0,0,0,0,3,1,6,1,36,7,689,1,-1,-1,1,-1
2016950004216,1,9,0,18,0,4,0,0,0,0,1,1,2,2,45,7,-1,-1,-1,-1,3,-1
2016950004216,2,9,0,3,0,4,0,0,0,0,2,1,6,2,19,4,1598,2,6,-1,3,-1
2016950004216,3,9,0,3,0,4,0,0,0,0,2,1,6,3,-1,-1,-1,-1,-1,-1,-1,-1
2016950004217,1,9,0,4,0,0,0,0,0,0,1,1,6,1,37,7,1799,1,9,-1,1,-1
2016950004217,2,19,0,4,0,0,0,0,0,0,2,1,1,1,36,7,-1,-1,-1,-1,3,-1
2016950004218,1,19,0,9,0,8,0,0,0,0,1,1,2,1,56,9,2402,2,10,-1,1,-1
2016950004218,2,9,0,18,0,8,0,0,0,0,4,1,2,1,44,7,1794,1,11,-1,1,-1
2016950004218,3,10,0,9,0,1,0,0,0,0,3,1,1,1,58,9,-1,-1,-1,-1,1,-1
2016950004219,1,3,0,14,0,1,0,0,0,0,1,1,2,1,23,5,124,1,9,-1,1,-1
2016950004219,2,9,0,9,0,8,0,0,0,0,3,1,6,1,36,7,2996,1,8,-1,1,-1
2016950004220,1,9,0,18,0,0,0,0,0,0,1,1,6,3,-1,-1,-1,-1,-1,-1,-1,-1
2016950004221,1,11,0,9,0,1,0,0,0,0,1,1,1,1,36,7,8300,2,14,-1,2,-1
2016950004221,2,1,0,7,0,8,0,0,0,0,2,1,6,1,49,8,-1,-1,-1,-1,-1,-1
2016950004222,1,9,0,9,0,8,0,0,0,0,1,1,6,1,53,8,1560,2,3,-1,1,-1
2016950004222,2,9,0,18,0,8,0,0,0,0,1,1,6,2,54,8,1598,2,2,-1,1,-1
2016950004223,1,9,0,16,0,0,0,6,1,11,4,1,6,1,36,7,1986,2,9,-1,-1,-1
2016950004224,1,9,0,16,0,0,0,0,5,6,1,1,6,1,19,4,1242,1,15,-1,2,-1
2016950004224,2,9,0,16,0,0,0,0,0,0,3,1,6,1,24,5,1999,1,6,-1,2,-1
2016950004225,1,9,0,18,0,0,0,0,7,11,1,1,6,1,21,5,1149,1,14,-1,1,-1
2016950004227,1,3,0,18,0,8,0,10,1,2,1,1,6,1,44,7,125,1,6,-1,1,-1
2016950004228,1,8,0,18,0,2,0,0,0,0,1,1,1,1,66,10,2143,2,2,-1,1,-1
2016950004229,1,11,0,18,0,0,0,0,0,0,1,1,1,1,54,8,9360,2,5,-1,1,-1
2016950004230,1,19,0,18,0,0,0,0,0,0,1,1,1,1,70,10,1461,2,12,-1,3,-1
2016950004230,2,19,0,18,0,0,0,0,0,0,3,1,1,1,38,7,1598,2,1,-1,1,-1
2016950004244,1,3,0,18,0,1,0,0,0,0,1,1,1,1,30,6,49,1,7,-1,1,-1
2016950004244,2,9,0,4,0,1,0,0,0,0,0,1,1,1,51,8,2953,1,4,-1,3,-1
2016950004246,1,9,0,16,0,0,0,0,0,0,1,1,6,1,65,9,1242,1,13,-1,3,-1
2016950004246,2,9,0,16,0,0,0,8,0,0,1,1,6,2,42,7,2401,2,8,-1,3,-1
2016950004247,1,9,0,18,0,0,0,0,0,0,1,1,2,1,22,5,1598,1,4,-1,1,-1
2016950004247,2,19,0,18,0,0,0,0,0,0,4,1,2,1,60,9,1248,2,1,-1,1,-1
2016950004248,1,9,0,18,0,1,0,0,0,0,1,1,6,2,80,11,1197,1,3,-1,1,-1
2016950004248,2,9,0,2,0,1,0,0,0,0,3,1,6,3,-1,-1,996,1,1,-1,-1,-1
2016950004248,3,9,0,2,0,1,0,0,0,0,3,1,6,3,-1,-1,1086,1,10,-1,-1,-1
2016950004248,4,9,0,18,0,1,0,0,0,0,2,1,6,1,34,6,1560,2,10,-1,1,-1
2016950004249,1,4,0,17,0,0,1,0,1,0,3,1,6,1,61,9,-1,-1,-1,-1,-1,-1
2016950004250,1,9,0,18,0,0,0,0,0,0,4,1,6,1,75,10,1769,1,15,-1,3,-1
2016950004250,2,1,0,18,0,0,0,0,0,0,2,1,6,1,67,10,-1,-1,-1,-1,1,-1
2016950004251,1,11,0,7,0,2,0,0,0,0,0,1,1,1,54,8,7300,2,12,-1,2,-1
2016950004251,2,11,0,18,0,1,0,0,0,0,0,1,1,1,31,6,7300,2,10,-1,1,-1
2016950004254,1,9,0,16,0,0,0,0,7,9,1,1,6,1,21,5,1999,1,9,-1,-1,-1
2016950004262,1,9,0,18,0,1,0,0,0,0,1,1,6,1,22,5,1395,1,-1,-1,1,-1
2016950004262,2,9,0,18,0,1,0,0,0,0,2,1,6,1,58,9,1461,2,1,-1,1,-1
2016950004263,1,9,0,18,0,2,0,0,0,0,1,1,2,1,31,6,1229,1,7,-1,1,-1
2016950004263,2,1,0,18,0,2,0,0,0,0,2,1,6,1,81,11,-1,-1,-1,-1,1,-1
2016950004275,1,9,0,18,0,4,0,0,0,0,3,1,2,1,51,8,1248,1,5,-1,3,-1
2016950004275,2,9,0,18,0,4,0,0,0,0,4,1,2,2,39,7,1870,2,12,-1,3,-1
2016950004296,1,9,0,18,0,0,0,0,0,0,1,1,2,1,50,8,1497,1,14,-1,3,-1
2016950004296,2,2,0,16,0,0,0,0,0,0,2,1,2,1,34,6,49,1,-1,-1,1,-1
2016950004297,1,9,0,17,0,0,2,0,7,0,1,1,6,2,20,4,1229,1,2,-1,2,-1
2016950004298,1,9,0,17,0,2,0,0,0,0,3,1,6,2,40,7,1398,1,-1,-1,1,-1
2016950004304,1,9,0,18,0,1,0,0,0,0,1,1,1,1,30,6,1896,2,12,-1,1,-1
2016950004304,2,9,0,18,0,1,0,0,0,0,1,1,1,1,66,10,1896,2,10,-1,1,-1
2016950004308,1,19,0,18,0,0,0,0,0,0,0,1,6,1,28,6,1461,2,-1,-1,1,-1
2016950004308,2,9,0,18,0,0,0,0,0,0,1,1,6,1,39,7,1598,2,-1,-1,1,-1
2016950004310,1,21,0,18,0,1,0,0,0,1,4,1,6,3,-1,-1,-1,-1,-1,-1,-1,-1
2016950004316,1,9,0,18,0,0,0,0,0,0,1,1,6,1,49,8,1587,1,14,-1,1,-1
2016950004316,2,11,0,2,0,0,0,0,0,0,2,1,1,1,57,9,7300,2,3,-1,2,-1
2016950004322,1,9,0,14,0,1,0,0,0,0,1,1,6,2,60,9,1197,1,-1,-1,1,-1
2016950004322,2,9,0,18,0,2,0,0,0,0,1,1,6,2,56,9,2231,2,8,-1,1,-1
2016950004322,3,9,0,18,0,2,0,0,0,0,3,1,4,2,29,6,1242,1,12,-1,1,-1
2016950004323,1,10,0,16,0,0,0,0,1,11,3,2,6,1,70,10,-1,-1,-1,-1,-1,-1
2016950004324,1,9,0,9,0,8,0,0,0,0,1,1,6,2,34,6,1398,1,5,-1,1,-1
2016950004325,1,9,0,5,0,0,0,0,0,0,3,1,6,2,52,8,1364,1,11,-1,1,-1
2016950004325,2,4,0,18,0,0,0,0,0,0,4,1,2,1,51,8,-1,-1,-1,-1,3,-1
2016950004337,1,1,0,18,4,1,0,0,0,0,1,1,6,2,34,6,-1,-1,-1,-1,1,-1
2016950004337,2,19,0,2,0,1,0,0,0,0,2,1,1,3,-1,-1,2198,2,9,-1,-1,-1
2016950004338,1,9,0,16,0,0,0,4,0,0,1,1,6,1,45,7,1150,1,11,-1,1,-1
2016950004338,2,9,0,2,0,0,0,4,0,0,2,1,6,3,-1,-1,1368,1,6,-1,-1,-1
2016950004338,3,9,0,2,0,0,0,4,0,0,2,1,6,3,-1,-1,1242,1,4,-1,-1,-1
2016950004338,4,9,0,2,0,0,0,4,0,0,2,1,6,3,-1,-1,1240,1,10,-1,-1,-1
2016950004339,1,9,0,16,0,0,5,0,7,9,1,1,6,1,17,4,1149,1,13,-1,-1,-1
2016950004341,1,9,0,2,0,0,0,0,0,0,3,1,1,1,60,9,1896,2,12,-1,1,-1
2016950004341,2,1,0,14,0,0,0,0,0,0,1,1,6,2,21,5,-1,-1,-1,-1,1,-1
2016950004342,1,11,0,18,0,1,0,0,0,0,0,1,1,1,56,9,4760,2,2,-1,1,-1
2016950004343,1,11,0,5,0,0,0,0,0,0,4,1,1,2,45,7,9360,2,9,-1,1,-1
2016950004345,1,9,0,9,0,6,0,0,0,0,3,1,1,1,55,8,-1,-1,-1,-1,3,-1
2016950004345,2,1,0,18,0,1,0,0,0,0,1,1,6,2,24,5,-1,-1,-1,-1,1,-1
2016950004347,1,1,0,18,0,0,0,0,0,0,1,1,6,1,64,9,-1,-1,-1,-1,1,-1
2016950004348,1,4,0,7,0,8,0,0,0,0,4,1,6,3,-1,-1,998,1,11,-1,-1,-1
2016950004360,1,90,0,18,0,4,0,0,0,0,3,1,6,3,-1,-1,-1,-1,-1,-1,-1,-1
2016950004360,2,1,0,18,0,4,0,0,0,0,1,1,6,1,24,5,-1,-1,-1,-1,-1,-1
2016950004365,1,9,0,7,0,8,0,0,0,0,3,1,2,2,34,6,1248,1,4,-1,1,-1
2016950004368,1,21,0,4,0,1,0,0,0,0,1,1,1,1,69,10,12900,2,7,-1,3,-1
2016950004368,2,4,0,4,0,1,0,0,0,0,2,1,6,1,58,9,124,1,9,-1,1,-1
2016950004369,1,19,0,1,0,1,0,0,0,0,2,1,1,1,44,7,-1,-1,-1,-1,1,-1
2016950004370,1,19,0,18,0,0,0,0,0,0,1,1,6,1,52,8,2402,2,12,-1,2,-1
2016950004370,2,19,0,18,0,0,0,0,0,0,2,1,6,2,50,8,1248,2,2,-1,1,-1
2016950004371,1,9,0,18,0,8,0,0,0,0,4,1,6,2,28,6,1998,8,1,-1,1,-1
2016950004371,2,9,0,18,0,8,0,0,0,0,1,1,6,2,43,7,1364,2,9,-1,1,-1
2016950004377,1,9,0,18,0,1,0,0,0,0,1,1,6,1,36,7,2967,2,1,-1,-1,-1
2016950004377,2,9,0,4,0,1,0,0,0,0,1,1,6,2,73,10,898,1,1,-1,1,-1
2016950004377,3,9,0,4,0,1,0,0,0,0,2,1,6,2,49,8,1397,1,1,-1,1,-1
2016950004381,1,90,0,18,0,8,0,0,0,0,1,1,1,1,60,9,7142,2,6,-1,1,-1
2016950004381,2,9,0,18,0,1,0,0,0,0,2,1,2,1,28,6,1797,8,2,-1,3,-1
2016950004383,1,4,0,5,0,1,0,0,1,11,1,1,2,2,35,6,645,1,-1,-1,1,-1
2016950004384,1,19,0,4,0,0,0,0,0,0,1,1,6,1,53,8,-1,-1,-1,-1,1,-1
2016950004384,2,9,0,4,0,0,0,0,0,0,2,1,2,2,34,6,1461,2,7,-1,-1,-1
2016950004386,1,9,0,11,0,0,0,0,0,0,0,1,6,3,-1,-1,-1,-1,-1,-1,-1,-1
2016950004386,2,1,0,18,4,0,0,0,0,0,0,1,6,1,55,8,-1,-1,-1,-1,1,-1
2016950004388,1,9,0,18,0,1,0,0,0,0,3,1,6,1,47,8,1956,2,-1,-1,1,-1
2016950004388,2,9,0,18,0,1,0,0,0,0,1,1,1,1,21,5,1397,1,4,-1,1,-1
2016950004388,3,9,0,18,0,1,0,0,0,0,1,1,1,1,28,6,1560,2,6,-1,1,-1
2016950004389,1,19,0,18,0,0,0,0,0,0,4,1,1,1,43,7,-1,-1,-1,-1,2,-1
2016950004389,2,90,0,4,0,0,0,0,0,0,1,1,1,1,51,8,6702,2,5,-1,1,-1
2016950004390,1,9,0,18,0,0,0,0,0,0,1,1,6,2,25,5,1596,1,13,-1,1,-1
2016950004390,2,9,0,18,0,0,0,0,0,0,2,1,6,2,38,7,1995,2,4,-1,1,-1
2016950004392,1,8,0,18,0,0,1,0,0,0,1,1,1,1,42,7,2664,2,15,-1,1,-1
2016950004399,1,9,0,7,0,2,0,0,0,0,4,1,6,1,44,7,-1,-1,-1,-1,1,-1
2016950004399,2,1,0,18,0,2,0,0,0,0,1,1,6,1,70,10,-1,-1,-1,-1,1,-1
2016950004402,1,9,0,18,0,1,0,0,0,0,1,1,6,3,-1,-1,2000,1,11,-1,-1,-1
2016950004404,1,9,0,13,0,0,0,0,0,0,4,1,6,1,62,9,1398,2,14,-1,3,-1
2016950004404,2,9,0,18,0,0,0,0,0,0,3,1,6,2,73,10,1597,2,2,-1,2,-1
2016950004405,1,9,0,16,4,1,0,0,0,0,1,1,6,2,-1,-1,-1,-1,-1,-1,-1,-1
2016950004405,2,1,0,16,4,1,0,0,0,0,3,1,6,1,35,6,-1,-1,-1,-1,1,-1
2016950004406,1,9,0,9,0,8,0,0,0,0,3,1,6,1,26,6,1596,1,14,-1,1,-1
2016950004406,2,1,0,18,0,8,0,0,0,0,1,1,6,1,34,6,-1,-1,-1,-1,3,-1
2016950004407,1,9,0,18,0,0,0,0,0,0,1,1,6,3,-1,-1,-1,-1,-1,-1,-1,-1
2016950004408,1,9,0,18,0,1,0,0,0,0,1,1,6,1,28,6,1598,1,10,-1,3,-1
2016950004408,2,1,0,18,0,1,0,0,0,0,3,1,6,2,25,5,-1,-1,-1,-1,1,-1
2016950004413,1,9,0,9,0,8,0,0,0,0,0,1,6,3,-1,-1,-1,-1,-1,-1,-1,-1
2016950004413,2,11,0,18,0,8,0,0,0,0,0,1,1,1,46,8,9400,2,11,-1,2,-1
2016950004414,1,9,0,9,0,8,0,0,0,0,1,1,1,1,38,7,998,1,3,-1,3,-1
2016950004414,2,9,0,18,0,8,0,0,0,0,1,1,1,1,46,8,1598,1,10,-1,3,-1
2016950004415,1,19,0,18,0,8,0,0,0,0,1,1,1,1,54,8,1461,2,2,-1,1,-1
2016950004415,2,9,0,18,0,1,0,0,7,11,4,1,6,2,44,7,2179,2,9,-1,-1,-1
2016950004416,1,9,0,9,0,8,0,0,0,0,3,1,1,1,30,6,1598,2,3,-1,1,-1
2016950004416,2,9,0,18,0,8,0,0,0,0,4,1,6,2,25,5,1242,1,-1,-1,1,-1
2016950004417,1,9,0,18,0,0,0,0,0,0,1,1,6,2,19,4,1149,1,11,-1,-1,-1
2016950004417,2,9,0,2,0,0,0,0,0,0,2,1,6,3,-1,-1,1796,1,10,-1,-1,-1
2016950004417,3,9,0,2,0,0,0,0,0,0,2,1,6,3,-1,-1,1968,2,2,-1,-1,-1
2016950004418,1,9,0,18,0,0,2,0,7,4,1,1,6,1,28,6,1229,1,7,-1,3,-1
2016950004418,2,9,0,18,0,0,0,0,0,0,0,1,1,3,-1,-1,1560,2,1,-1,-1,-1
2016950004419,1,9,0,18,0,1,0,0,7,7,1,1,6,2,26,6,1242,1,-1,-1,2,-1
2016950004431,1,9,0,18,0,1,0,0,0,0,1,1,6,1,65,9,1999,1,4,-1,1,-1
2016950004431,2,9,0,4,0,2,0,0,0,0,2,1,6,1,45,7,1685,2,4,-1,2,-1
2016950004432,1,8,0,7,0,8,0,0,0,0,0,1,1,3,-1,-1,-1,-1,-1,-1,-1,-1
2016950004432,2,1,0,18,0,1,0,0,1,0,1,1,2,2,35,6,-1,-1,-1,-1,1,-1
2016950004433,1,9,0,1,0,1,0,0,0,0,2,1,6,3,-1,-1,-1,-1,-1,-1,-1,-1
2016950004434,1,9,0,17,0,8,0,0,2,10,4,1,6,1,18,4,998,1,3,-1,1,-1
2016950004436,1,19,0,18,0,8,0,0,0,0,1,1,1,1,32,6,2298,2,1,-1,1,-1
2016950004436,2,9,0,9,0,1,0,0,0,0,1,1,6,1,34,6,1968,2,-1,-1,1,-1
2016950004437,1,9,0,18,0,1,0,0,0,0,4,1,6,2,25,5,1598,2,-1,-1,-1,-1
2016950004437,2,11,0,18,0,1,0,0,0,0,0,1,1,1,36,7,4760,2,2,-1,2,-1
2016950004438,1,9,0,18,0,1,0,0,0,0,1,1,6,1,54,8,1586,1,-1,-1,1,-1
2016950004438,2,9,0,18,0,1,0,0,0,0,2,1,6,1,34,6,1397,1,5,-1,1,-1
2016950004439,1,4,0,18,0,0,0,0,0,0,1,1,2,1,22,5,-1,-1,-1,-1,1,-1
2016950004440,1,11,0,3,0,1,0,0,0,0,0,1,1,1,47,8,9360,2,7,-1,3,-1
2016950004441,1,19,0,18,0,0,0,0,0,0,1,1,2,1,28,6,2298,2,2,-1,2,-1
2016950004441,2,1,0,18,0,0,0,0,0,0,2,1,6,1,39,7,-1,-1,-1,-1,2,-1
2016950004443,1,9,0,9,0,8,0,0,0,0,1,1,6,1,51,8,2521,1,9,-1,2,-1
2016950004443,2,1,0,18,0,1,0,0,0,0,1,1,6,1,42,7,-1,-1,-1,-1,3,-1
2016950004444,1,8,0,14,0,1,0,0,0,0,4,1,1,1,65,9,2499,2,5,-1,1,-1
2016950004445,1,4,0,18,0,0,2,0,7,11,1,1,6,1,52,8,955,1,12,-1,1,-1
2016950004446,1,9,0,18,0,1,0,0,0,0,1,1,6,1,48,8,1753,2,8,-1,1,-1
2016950004446,2,19,0,8,0,1,0,0,0,0,2,1,1,1,24,5,2298,2,4,-1,-1,-1
2016950004447,1,9,0,5,0,0,0,0,0,0,1,1,6,3,-1,-1,999,1,1,-1,-1,-1
2016950004447,2,9,0,2,0,0,0,0,0,0,2,1,6,2,19,4,-1,-1,-1,-1,1,-1
2016950004448,1,11,0,5,0,0,0,0,0,0,0,1,6,1,48,8,9360,2,7,-1,1,-1
2016950004449,1,11,0,4,0,0,0,0,0,0,0,1,1,1,55,8,9360,2,9,-1,2,-1
2016950004450,1,9,0,17,0,0,0,0,0,10,1,1,2,1,22,5,1248,1,2,5,1,5
2016950004452,1,9,0,9,0,0,0,0,0,0,4,1,6,2,31,6,1248,2,7,-1,1,-1
2016950004452,2,3,0,18,0,0,0,0,0,0,1,1,6,1,21,5,124,1,9,-1,2,-1
2016950004454,1,19,0,11,0,1,0,0,0,0,1,1,1,1,26,6,2198,2,2,-1,3,-1
2016950004454,2,1,0,4,0,1,0,0,0,0,1,1,2,1,46,8,-1,-1,-1,-1,1,-1
2016950004471,1,9,0,18,0,1,0,0,0,0,1,1,6,2,62,9,1242,1,1,-1,1,-1
2016950004471,2,9,0,18,0,8,0,0,0,0,4,1,6,2,22,5,1598,1,4,-1,1,-1
2016950004473,1,1,0,7,0,2,0,0,0,0,3,1,2,2,57,9,-1,-1,-1,-1,1,-1
2016950004473,2,9,0,18,0,1,0,0,0,0,4,1,6,1,40,7,2401,2,10,-1,1,-1
2016950004475,1,9,0,18,0,1,0,0,0,0,1,1,6,1,34,6,1598,1,2,-1,2,-1
2016950004475,2,9,0,9,0,8,0,0,0,0,4,1,2,1,20,4,998,1,3,-1,1,-1
2016950004477,1,9,0,18,0,0,0,0,1,7,4,1,6,1,51,8,1596,1,13,-1,3,-1
2016950004481,1,9,0,7,0,8,0,0,0,0,1,1,6,3,-1,-1,-1,-1,-1,-1,-1,-1
2016950004481,2,1,0,7,0,8,0,0,0,0,2,1,2,1,50,8,-1,-1,-1,-1,1,-1
2016950004483,1,4,0,16,0,0,1,0,7,7,1,1,6,2,20,4,600,1,16,2,1,2
2016950004486,1,19,0,2,0,2,0,0,0,0,3,1,1,3,-1,-1,1598,2,-1,-1,-1,-1
2016950004486,2,1,0,18,0,2,0,8,0,0,1,1,6,1,54,8,-1,-1,-1,-1,1,-1