Accident_Index,Vehicle_Reference,Vehicle_Type,Towing_and_Articulation,Vehicle_Manoeuvre,Vehicle_Location-Restricted_Lane,Junction_Location,Skidding_and_Overturning,Hit_Object_in_Carriageway,Vehicle_Leaving_Carriageway,Hit_Object_off_Carriageway,1st_Point_of_Impact,Was_Vehicle_Left_Hand_Drive?,Journey_Purpose_of_Driver,Sex_of_Driver,Age_of_Driver,Age_Band_of_Driver,Engine_Capacity_(CC),Propulsion_Code,Age_of_Vehicle,Driver_IMD_Decile,Driver_Home_Area_Type,Vehicle_IMD_Decile
2016950004813,1,9,0,5,0,1,0,0,0,0,1,1,6,2,55,8,1560,2,6,-1,1,-1
2016950004814,1,19,0,18,0,0,0,0,0,0,1,1,1,1,31,6,2198,2,4,-1,3,-1
2016950004814,2,9,0,3,0,0,0,0,0,0,2,1,2,1,27,6,998,1,1,-1,3,-1
2016950004814,3,9,0,18,0,0,0,0,0,0,2,1,2,1,40,7,1997,2,1,-1,1,-1
2016950004814,4,9,0,18,0,0,0,0,0,0,2,1,6,2,41,7,1956,2,4,-1,1,-1
2016950004814,5,9,0,18,0,0,0,0,0,0,2,1,6,2,37,7,-1,-1,-1,-1,1,-1
2016950004814,6,9,0,18,0,0,0,0,0,0,1,1,2,1,51,8,1242,1,14,-1,1,-1
2016950004814,7,9,0,18,0,0,0,0,0,0,2,1,6,1,37,7,1968,2,3,-1,1,-1
2016950004814,8,9,0,18,0,0,0,0,0,0,1,1,6,1,44,7,1796,1,8,-1,-1,-1
2016950004815,1,9,0,18,0,3,5,10,1,0,1,1,6,2,31,6,1199,1,12,-1,1,-1
2016950004816,1,19,0,7,0,1,0,0,0,0,1,1,6,1,78,11,1995,2,3,-1,3,-1
2016950004816,2,9,0,10,0,1,0,0,0,0,3,1,6,1,53,8,1390,1,10,-1,1,-1
2016950004817,1,1,0,15,0,1,0,0,0,0,1,1,6,1,28,6,-1,-1,-1,-1,1,-1
2016950004817,2,9,0,7,0,8,0,0,0,0,4,1,6,1,26,6,1999,1,10,-1,1,-1
2016950004818,1,9,0,5,0,8,0,0,0,0,2,1,6,1,18,4,1199,1,14,-1,1,-1
2016950004818,2,9,0,18,0,1,0,0,0,0,1,1,6,2,30,6,1598,1,8,-1,1,-1
2016950004819,1,9,0,14,0,0,0,0,0,0,1,1,2,1,50,8,1984,1,5,-1,1,-1
2016950004820,1,9,0,16,0,0,1,0,0,0,1,1,6,1,62,9,2495,2,14,8,2,8
2016950004820,2,9,0,17,0,0,0,0,0,0,1,1,6,1,79,11,1997,2,13,-1,3,-1
2016950004821,1,9,0,18,0,0,0,0,7,10,3,1,6,1,69,10,1896,2,14,9,1,9
2016950004821,2,9,0,18,0,0,0,0,1,0,1,1,6,1,30,6,1999,1,11,-1,1,-1
2016950004822,1,9,0,18,0,0,0,0,0,0,1,1,6,1,30,6,3000,1,14,-1,3,-1
2016950004823,1,1,0,9,0,1,0,0,0,0,1,1,2,1,57,9,-1,-1,-1,-1,1,-1
2016950004823,2,9,0,18,0,1,0,0,0,0,1,1,2,1,58,9,1242,1,4,-1,1,-1
2016950004826,1,9,0,1,0,0,0,0,0,0,2,1,6,1,51,8,1796,1,2,-1,2,-1
2016950004834,1,9,0,18,0,0,0,0,0,0,1,1,2,2,37,7,1199,1,13,-1,1,-1
2016950004834,2,19,0,18,0,0,0,0,0,0,1,1,6,1,32,6,1560,2,1,-1,1,-1
2016950004834,3,9,0,18,0,0,0,0,0,0,2,1,2,1,50,8,1560,2,-1,-1,1,-1
2016950004836,1,19,0,18,0,0,0,0,0,11,1,1,1,1,44,7,2198,2,3,-1,1,-1
2016950004837,1,9,0,9,0,8,0,0,0,0,1,1,6,1,31,6,1686,2,3,-1,2,-1
2016950004837,2,1,0,18,0,1,0,0,0,0,1,1,2,1,44,7,-1,-1,-1,-1,1,-1
2016950004839,1,1,0,18,0,0,0,0,0,0,1,1,6,3,-1,-1,-1,-1,-1,-1,-1,-1
2016950004840,1,9,0,11,0,2,0,0,0,0,4,1,6,1,66,10,1995,2,-1,-1,-1,-1
2016950004840,2,1,0,18,0,1,0,0,1,0,2,1,6,1,50,8,-1,-1,-1,-1,2,-1
2016950004842,1,1,0,18,0,0,0,0,0,0,1,1,2,1,37,7,-1,-1,-1,-1,1,-1
2016950004843,1,9,0,9,0,8,0,0,0,0,4,1,6,1,31,6,1900,2,11,-1,1,-1
2016950004843,2,3,0,15,2,1,0,0,0,0,1,1,2,1,22,5,124,1,-1,-1,1,-1
2016950004845,1,4,0,5,0,1,0,0,0,0,1,1,2,1,35,6,599,1,6,-1,1,-1
2016950004845,2,1,0,5,0,1,0,0,0,0,1,1,6,1,57,9,-1,-1,-1,-1,1,-1
2016950004855,1,19,0,16,0,0,0,0,0,0,1,1,1,1,21,5,1248,2,8,-1,1,-1
2016950004856,1,9,0,13,0,8,0,0,7,11,1,1,6,1,36,7,1248,2,3,-1,3,-1
2016950004856,2,19,0,9,0,8,0,0,7,11,1,1,1,1,26,6,1560,2,9,-1,1,-1
2016950004857,1,9,0,18,0,0,0,0,0,0,1,1,2,1,59,9,2993,2,2,-1,1,-1
2016950004858,1,9,0,18,0,1,0,0,0,0,1,1,2,2,56,9,1499,1,2,-1,3,-1
2016950004858,2,9,0,9,0,1,0,0,0,0,2,1,6,2,49,8,-1,-1,-1,-1,1,-1
2016950004859,1,9,0,18,0,1,0,0,0,0,1,1,6,2,55,8,1595,1,12,-1,1,-1
2016950004860,1,9,0,16,0,0,0,0,1,4,1,1,6,2,31,6,1229,1,7,-1,-1,-1
2016950004861,1,9,0,18,0,8,0,0,0,0,4,1,6,3,-1,-1,-1,-1,-1,-1,-1,-1
2016950004862,1,1,0,18,0,0,0,0,0,0,1,1,6,1,56,9,-1,-1,-1,-1,1,-1
2016950004862,2,9,0,18,0,0,0,0,0,0,4,1,6,1,76,11,1461,2,13,-1,1,-1
2016950004864,1,9,0,16,0,0,1,0,2,11,1,1,1,1,36,7,2494,2,8,-1,2,-1
2016950004868,1,9,0,9,0,2,0,0,0,0,4,1,1,2,34,6,1896,2,7,-1,1,-1
2016950004868,2,1,0,18,4,1,0,0,0,0,1,1,6,1,41,7,-1,-1,-1,-1,1,-1
2016950004874,1,9,0,18,0,3,0,0,0,0,1,1,6,1,68,10,1597,2,-1,-1,1,-1
2016950004876,1,9,0,11,0,3,0,0,0,0,2,1,6,1,34,6,2995,1,11,-1,1,-1
2016950004876,2,90,0,18,0,8,0,0,0,0,1,1,1,1,57,9,3920,2,10,-1,2,-1
2016950004876,3,9,0,18,0,3,0,0,0,0,2,1,1,2,47,8,1968,2,-1,-1,3,-1
2016950004878,1,11,0,18,0,0,0,0,0,0,0,1,1,2,33,6,5132,2,-1,-1,1,-1
2016950004886,1,9,0,18,0,0,0,0,0,0,1,1,6,1,42,7,1149,1,10,-1,-1,-1
2016950004886,2,19,0,18,0,0,0,0,0,0,1,1,1,1,34,6,2298,2,1,-1,1,-1
2016950004887,1,11,0,4,0,8,0,0,0,0,0,1,1,1,57,9,8300,2,12,-1,1,-1
2016950004888,1,21,0,18,0,3,0,0,0,0,0,1,1,1,35,6,10308,2,3,-1,1,-1
2016950004888,2,19,0,3,0,4,0,0,0,0,0,1,1,1,31,6,2198,2,3,-1,3,-1
2016950004889,1,9,0,15,6,6,0,0,0,0,0,1,6,2,42,7,-1,-1,-1,-1,-1,-1
2016950004889,2,19,0,18,0,6,0,0,0,0,1,1,1,1,31,6,2143,2,2,-1,1,-1
2016950004889,3,9,0,18,0,6,0,0,0,0,2,1,6,1,45,7,2967,2,3,-1,1,-1
2016950004903,1,9,0,1,0,0,0,0,0,0,3,1,6,3,-1,-1,-1,-1,-1,-1,-1,-1
2016950004904,1,9,0,18,0,2,0,0,0,0,1,1,6,3,-1,-1,-1,-1,-1,-1,-1,-1
2016950004905,1,9,0,18,0,0,0,0,1,0,1,1,6,1,28,6,1995,1,15,-1,1,-1
2016950004906,1,9,0,5,0,4,0,0,0,0,1,2,2,2,39,7,999,1,-1,-1,1,-1
2016950004906,2,1,0,18,0,8,0,0,0,0,1,1,6,1,38,7,-1,-1,-1,-1,1,-1
2016950004907,1,9,0,18,0,1,0,0,0,0,1,1,6,3,-1,-1,1997,1,14,-1,-1,-1
2016950004907,2,9,0,10,0,1,0,0,0,0,1,1,6,2,57,9,1999,1,11,-1,1,-1
2016950004908,1,9,0,17,0,1,0,0,0,0,4,1,6,1,51,8,3248,1,18,-1,1,-1
2016950004909,1,1,0,18,0,1,0,0,0,0,2,1,6,1,10,2,-1,-1,-1,-1,3,-1
2016950004909,2,9,0,18,0,1,0,0,0,0,1,1,6,1,53,8,998,1,2,-1,2,-1
2016950004910,1,9,0,16,0,0,0,0,0,0,1,1,6,3,-1,-1,-1,-1,-1,-1,-1,-1
2016950004910,2,9,0,17,0,0,0,0,0,0,3,1,2,2,28,6,1149,1,12,-1,1,-1
2016950004911,1,9,0,18,0,0,0,10,1,2,1,1,6,2,57,9,1586,1,11,-1,1,-1
2016950004912,1,11,0,18,2,0,0,0,0,0,0,1,2,1,46,8,7300,2,3,-1,1,-1
2016950004913,1,9,0,16,0,0,0,0,1,4,1,1,6,2,27,6,1086,1,9,-1,1,-1
2016950004914,1,9,0,18,0,3,0,0,0,0,1,1,6,1,27,6,1149,1,14,-1,1,-1
2016950004915,1,9,0,9,0,2,0,0,0,0,1,1,6,1,54,8,1896,2,13,-1,-1,-1
2016950004919,1,19,0,9,0,1,0,0,0,0,3,1,6,1,64,9,2198,2,4,-1,1,-1
2016950004921,1,19,0,9,0,1,0,0,0,0,1,1,6,1,19,4,1248,2,8,-1,1,-1
2016950004921,2,9,0,18,0,1,0,0,0,0,1,1,6,1,30,6,1198,1,12,-1,1,-1
2016950004922,1,4,0,5,0,2,1,0,0,0,0,1,2,1,40,7,675,1,-1,-1,1,-1
2016950004923,1,3,0,18,0,0,1,0,0,0,0,1,2,1,19,4,125,1,1,-1,1,-1
2016950004926,1,9,0,4,0,2,0,0,0,0,1,1,6,1,24,5,1896,2,12,-1,1,-1
2016950004926,2,9,0,4,0,2,0,0,0,0,2,1,6,2,30,6,1149,1,3,-1,1,-1
2016950004928,1,9,0,5,0,8,0,0,0,0,3,1,6,2,18,4,1398,1,-1,-1,3,-1
2016950004928,2,9,0,18,0,1,0,0,0,0,1,1,6,2,33,6,1198,1,3,-1,1,-1
2016950004932,1,4,0,18,0,0,0,0,0,0,4,1,2,1,42,7,656,1,3,-1,1,-1
2016950004933,1,9,0,5,0,0,0,0,0,0,3,1,2,1,24,5,1995,1,10,-1,3,-1
2016950004933,2,9,0,18,0,0,0,0,0,0,1,1,6,1,53,8,2495,2,19,-1,3,-1
2016950004939,1,19,0,16,0,0,2,0,1,0,1,1,1,1,39,7,1560,2,6,5,1,5
2016950004943,1,9,0,4,0,0,1,0,0,0,1,1,2,1,48,8,1598,1,9,-1,1,-1
2016950004943,2,9,0,3,0,0,0,0,0,0,2,1,2,1,44,7,1368,1,9,-1,1,-1
2016950004948,1,9,0,18,0,1,0,0,0,0,1,1,6,1,65,9,1248,1,-1,-1,2,-1
2016950004948,2,9,0,3,0,1,0,0,0,0,2,1,1,2,29,6,998,1,3,-1,2,-1
2016950004952,1,19,0,18,0,0,0,0,0,0,1,1,6,1,32,6,2198,2,5,-1,1,-1
2016950004952,2,9,0,18,0,0,0,0,0,0,1,1,6,2,23,5,1248,2,7,-1,3,-1
2016950004953,1,9,0,18,0,0,0,0,0,0,1,1,6,2,48,8,1229,1,7,-1,1,-1
2016950004954,1,4,0,5,0,4,0,0,0,0,0,1,6,1,52,8,1250,1,16,-1,2,-1
2016950004955,1,8,0,18,0,0,0,0,0,0,3,1,1,1,58,9,1997,2,2,-1,1,-1
2016950004959,1,1,0,18,0,0,0,0,0,0,1,1,2,1,42,7,-1,-1,-1,-1,1,-1
2016950004959,2,9,0,3,0,0,0,0,0,0,2,1,2,2,45,7,999,1,1,-1,1,-1
2016950004980,1,9,0,18,0,0,0,0,0,0,1,1,2,1,32,6,2231,2,4,-1,1,-1
2016950004980,2,9,0,18,0,0,0,0,0,0,2,1,2,2,47,8,1229,1,4,-1,2,-1
2016950004980,3,9,0,18,0,0,0,0,0,0,2,1,2,2,61,9,1396,1,1,-1,1,-1
2016950004992,1,9,0,9,0,5,0,0,0,0,1,1,6,2,38,7,1794,1,8,-1,1,-1
2016950004992,2,9,0,18,0,1,0,0,0,0,1,1,6,1,42,7,1229,1,4,-1,1,-1
2016950004996,1,9,0,16,0,0,0,0,7,1,1,1,1,3,-1,-1,1248,2,2,-1,-1,-1
2016950005005,1,19,0,18,0,0,0,0,0,0,1,1,1,1,26,6,1560,2,1,-1,3,-1
2016950005005,2,9,0,4,0,0,0,0,0,0,1,1,2,1,32,6,2996,1,8,-1,1,-1
2016950005005,3,9,0,4,0,0,0,0,0,0,2,1,2,1,37,7,1560,2,7,-1,1,-1
2016950005006,1,11,0,3,2,0,0,0,0,0,0,1,6,1,53,8,7300,2,10,-1,1,-1
2016950005007,1,19,0,18,0,0,0,0,0,0,1,1,6,1,59,9,1560,2,-1,-1,1,-1
2016950005008,1,19,0,18,0,0,0,0,0,0,1,1,6,1,42,7,2198,2,5,-1,1,-1
2016950005008,2,9,0,4,0,0,0,0,0,0,2,1,6,1,40,7,1242,1,16,-1,1,-1
2016950005009,1,9,0,18,0,0,0,0,0,0,1,1,6,1,31,6,1796,1,6,-1,1,-1
2016950005009,2,9,0,4,0,0,0,0,0,0,2,1,6,2,24,5,1198,1,9,-1,1,-1
2016950005010,1,9,0,18,0,1,0,0,0,0,1,1,6,2,56,9,1796,1,9,-1,1,-1
2016950005011,1,19,0,4,0,0,0,0,0,0,1,1,2,1,24,5,2298,2,3,-1,1,-1
2016950005011,2,9,0,4,0,0,0,0,0,0,1,1,6,1,35,6,1560,2,2,-1,3,-1
2016950005011,3,9,0,4,0,0,0,0,0,0,1,1,2,2,23,5,1390,1,4,-1,1,-1
2016950005011,4,9,0,4,0,0,0,0,0,0,2,1,2,1,20,4,1598,2,5,-1,1,-1
2016950005012,1,4,0,16,0,0,1,0,7,0,1,1,6,1,43,7,800,1,1,4,3,4
2016950005014,1,9,0,1,9,0,0,0,0,0,2,1,6,1,34,6,1995,2,13,-1,1,-1
2016950005015,1,9,0,16,0,0,0,0,7,11,1,1,6,1,30,6,1149,1,8,-1,1,-1
2016950005022,1,9,0,18,0,0,0,0,0,0,1,1,6,1,37,7,2198,1,12,-1,3,-1
2016950005031,1,9,0,18,0,0,0,4,0,0,1,1,6,1,81,11,1396,1,3,-1,3,-1
2016950005031,2,9,0,2,0,0,0,0,0,0,2,1,6,3,-1,-1,1560,2,1,-1,-1,-1
2016950005032,1,19,0,9,0,8,0,0,0,0,3,1,1,1,37,7,1753,2,9,-1,1,-1
2016950005033,1,11,0,4,0,0,0,0,0,0,0,1,1,1,43,7,8300,2,12,-1,-1,-1
2016950005034,1,19,0,18,0,1,0,0,0,0,1,1,1,1,43,7,1598,2,1,-1,1,-1
2016950005036,1,9,0,16,0,2,0,0,0,0,4,1,1,1,30,6,2231,2,8,-1,1,-1
2016950005037,1,9,0,9,0,8,0,0,0,0,4,1,6,2,18,4,1388,1,10,-1,1,-1
2016950005037,2,9,0,18,0,1,0,0,0,0,1,1,2,1,32,6,1988,1,12,-1,1,-1
2016950005038,1,9,0,16,0,0,1,0,0,0,3,1,6,1,45,7,-1,-1,-1,-1,2,-1
2016950005038,2,9,0,17,0,0,0,0,0,0,3,1,6,2,44,7,1798,1,8,-1,1,-1
2016950005039,1,10,0,18,0,0,0,0,0,0,1,1,1,1,73,10,-1,-1,-1,-1,1,-1
2016950005039,2,9,0,3,0,0,0,0,0,0,2,2,6,1,50,8,-1,-1,-1,-1,1,-1
2016950005040,1,9,0,18,0,8,0,0,0,0,4,1,6,2,33,6,1248,2,4,-1,1,-1
2016950005040,2,9,0,18,0,1,0,0,0,0,1,1,6,2,47,8,1198,1,2,-1,1,-1
2016950005041,1,9,0,18,0,8,0,0,7,1,3,1,6,1,36,7,1753,2,10,-1,1,-1
2016950005041,2,19,0,18,0,8,0,0,0,0,1,1,6,2,56,9,2461,2,14,-1,3,-1
2016950005043,1,9,0,9,0,8,0,0,0,0,4,1,6,2,38,7,1595,1,5,-1,1,-1
2016950005043,2,1,0,18,0,1,1,0,0,0,0,1,6,1,40,7,-1,-1,-1,-1,1,-1
2016950005044,1,9,0,14,0,0,0,0,0,0,1,1,6,1,36,7,1997,1,6,-1,1,-1
2016950005045,1,9,0,18,0,0,0,0,0,0,1,1,6,1,62,9,-1,-1,-1,-1,1,-1
2016950005046,1,9,0,18,0,0,0,0,0,0,3,1,6,2,21,5,-1,-1,-1,-1,3,-1
2016950005046,2,9,0,2,0,0,0,0,0,0,3,1,6,3,-1,-1,1998,1,10,-1,-1,-1
2016950005046,3,9,0,2,0,0,0,0,0,0,3,1,6,3,-1,-1,1560,2,9,-1,-1,-1
2016950005046,4,9,0,2,0,0,0,0,0,0,3,1,6,3,-1,-1,1995,1,7,-1,-1,-1
2016950005047,1,9,0,5,0,8,0,0,0,0,1,1,6,2,53,8,1329,1,6,-1,-1,-1
2016950005047,2,3,0,18,0,8,0,0,0,0,1,1,6,1,43,7,124,1,1,-1,1,-1
2016950005067,1,19,0,18,0,1,0,0,0,0,1,1,1,2,49,8,2148,2,12,-1,2,-1
2016950005068,1,9,0,13,0,1,0,10,1,11,1,1,6,1,45,7,1368,1,-1,-1,1,-1
2016950005075,1,9,0,7,0,8,0,0,0,0,1,1,6,2,51,8,2191,2,-1,-1,3,-1
2016950005075,2,9,0,18,0,8,0,0,0,0,1,1,2,1,58,9,1242,1,4,-1,1,-1
2016950005076,1,9,0,18,0,1,0,0,0,0,1,1,6,2,21,5,1995,2,11,-1,2,-1
2016950005077,1,19,0,14,0,1,0,0,0,0,0,1,1,1,61,9,2198,2,2,-1,3,-1
2016950005078,1,9,0,16,0,0,0,0,7,9,1,1,6,1,21,5,1900,2,18,-1,2,-1
2016950005083,1,8,0,18,0,0,0,0,0,0,4,1,2,1,46,8,2143,2,1,-1,1,-1
2016950005088,1,19,0,11,0,8,0,0,0,0,4,1,6,1,66,10,2148,2,11,-1,1,-1
2016950005088,2,19,0,18,0,8,0,10,0,0,3,1,6,1,46,8,2198,2,1,-1,-1,-1
2016950005089,1,8,0,5,0,0,0,0,0,0,2,1,1,3,-1,-1,-1,-1,-1,-1,-1,-1
2016950005093,1,9,0,18,0,0,0,0,0,0,1,1,2,2,54,8,1242,1,14,-1,2,-1
2016950005094,1,9,0,18,0,1,0,0,0,0,1,1,6,1,22,5,1149,1,15,-1,1,-1
2016950005094,2,9,0,4,0,1,0,0,0,0,2,1,2,2,59,9,1242,1,2,-1,1,-1
2016950005095,1,8,0,11,2,0,0,0,0,0,0,1,6,3,-1,-1,-1,-1,-1,-1,-1,-1
2016950005095,2,11,0,18,2,0,0,0,0,0,0,1,1,1,50,8,5132,2,1,-1,1,-1
2016950005096,1,9,0,18,0,2,0,0,0,0,1,1,6,2,49,8,1248,2,2,-1,3,-1
2016950005096,2,19,0,2,0,2,0,0,0,0,0,1,6,3,-1,-1,2198,2,7,-1,-1,-1
2016950005104,1,8,0,9,0,2,0,0,0,0,4,1,1,1,84,11,2499,2,4,-1,1,-1
2016950005104,2,1,0,18,0,1,0,0,0,0,4,1,2,1,33,6,-1,-1,-1,-1,1,-1
2016950005110,1,11,0,5,0,1,0,0,0,0,0,1,1,1,57,9,-1,-1,-1,-1,1,-1
2016950005113,1,11,0,18,0,0,0,0,0,0,0,1,1,1,59,9,5132,2,1,-1,1,-1
2016950005117,1,9,0,18,0,0,0,0,0,0,1,1,6,2,67,10,1199,1,3,-1,1,-1
2016950005120,1,9,0,4,0,0,0,0,0,0,1,1,2,2,37,7,1461,2,6,-1,1,-1
2016950005120,2,9,0,4,0,0,0,0,0,0,2,1,2,1,50,8,1499,2,1,-1,2,-1
2016950005120,3,9,0,4,0,0,0,0,0,0,2,1,6,1,25,5,1598,1,5,-1,1,-1
2016950005120,4,9,0,4,0,0,0,0,0,0,2,1,6,2,18,4,1598,1,7,-1,1,-1
2016950005120,5,9,0,4,0,0,0,0,0,0,2,1,6,2,27,6,998,1,9,-1,1,-1
2016950005127,1,9,0,18,0,0,0,0,0,0,1,1,2,1,57,9,1582,2,7,-1,1,-1
2016950005127,2,9,0,-1,0,0,0,0,0,0,0,1,6,2,32,6,999,1,-1,-1,-1,-1
2016950005129,1,9,0,18,0,8,0,0,0,0,4,1,6,2,67,10,1598,1,5,-1,1,-1
2016950005129,2,9,0,18,0,8,0,0,0,0,1,1,6,3,-1,-1,1596,1,12,-1,-1,-1
2016950005131,1,9,0,9,0,1,0,0,0,0,1,1,6,1,82,11,-1,-1,-1,-1,1,-1
2016950005131,2,9,0,9,0,1,0,0,0,0,1,1,6,1,62,9,-1,-1,-1,-1,1,-1
2016950005134,1,9,0,13,0,0,0,0,7,0,3,1,6,2,25,5,1796,1,13,-1,1,-1
2016950005134,2,9,0,18,0,0,0,0,7,0,3,1,6,2,25,5,1197,1,1,-1,1,-1
2016950005152,1,9,0,5,0,0,0,0,0,0,1,1,6,3,-1,-1,-1,-1,-1,-1,-1,-1
2016950005153,1,9,0,18,0,0,0,0,0,0,3,1,6,1,89,11,1339,1,4,-1,3,-1
2016950005153,2,9,0,18,0,0,0,0,0,0,3,1,2,1,54,8,1242,1,2,-1,3,-1
2016950005153,3,9,0,18,0,0,0,0,0,0,1,1,2,1,17,4,1229,1,3,-1,1,-1
2016950005153,4,3,0,18,0,0,0,0,0,0,1,1,2,1,37,7,125,1,-1,-1,1,-1
2016950005154,1,10,0,9,0,1,0,0,0,0,3,1,6,1,79,11,2461,2,9,-1,1,-1
2016950005154,2,4,0,18,0,1,0,0,0,0,1,1,6,1,30,6,996,1,10,-1,1,-1
2016950005155,1,9,0,18,0,1,0,0,0,0,1,1,6,3,-1,-1,-1,-1,-1,-1,-1,-1
2016950005155,2,1,0,18,0,1,0,0,0,0,2,1,6,1,36,7,-1,-1,-1,-1,-1,-1
2016950005157,1,9,0,9,0,1,0,0,0,0,3,1,6,1,21,5,1998,1,2,-1,2,-1
2016950005157,2,1,0,9,0,1,0,0,0,0,1,1,6,1,28,6,-1,-1,-1,-1,1,-1
2016950005158,1,90,0,18,0,1,0,0,0,0,1,1,6,1,58,9,-1,-1,-1,1,1,1
2016950005158,2,19,0,9,0,8,0,0,0,0,2,1,1,2,40,7,2499,2,3,-1,2,-1
2016950005162,1,3,0,18,0,0,0,0,0,0,3,1,2,1,22,5,125,1,3,-1,2,-1
2016950005164,1,8,0,18,0,8,0,0,0,0,3,1,2,1,69,10,2143,2,4,-1,1,-1
2016950005164,2,4,0,18,0,8,0,0,0,0,4,1,2,1,48,8,-1,-1,-1,-1,2,-1
2016950005165,1,19,0,18,0,0,0,0,0,0,1,1,6,1,29,6,1995,2,-1,-1,3,-1
2016950005166,1,9,0,18,0,4,0,0,0,0,3,1,6,1,65,9,1200,1,3,-1,1,-1
2016950005166,2,9,0,18,0,4,0,0,0,0,1,1,6,1,42,7,1560,2,3,-1,2,-1
2016950005167,1,9,0,12,0,3,0,0,0,0,3,1,6,1,22,5,1242,1,4,-1,1,-1
2016950005167,2,9,0,18,0,3,0,0,0,0,1,1,6,2,76,11,-1,3,2,-1,2,-1
2016950005168,1,11,0,4,0,1,0,0,0,0,0,1,1,1,38,7,9360,2,5,-1,1,-1
2016950005169,1,90,0,18,0,1,0,0,0,0,1,1,6,3,-1,-1,-1,-1,-1,-1,-1,-1
2016950005169,2,9,0,3,0,1,0,0,0,0,2,1,2,2,61,9,2143,2,-1,-1,1,-1
2016950005170,1,9,0,18,0,0,0,0,0,0,1,1,2,1,37,7,1586,1,8,-1,1,-1
2016950005171,1,9,0,18,0,1,0,0,0,0,1,1,6,1,37,7,1968,2,3,-1,1,-1
2016950005172,1,9,0,12,0,4,0,0,0,0,1,1,6,3,-1,-1,-1,-1,-1,-1,-1,-1
2016950005172,2,1,0,3,0,4,0,0,0,0,1,1,6,1,44,7,-1,-1,-1,-1,3,-1
2016950005173,1,9,0,18,0,0,0,0,0,0,1,1,2,1,28,6,1198,1,5,-1,1,-1
2016950005174,1,9,0,9,0,8,0,0,1,0,1,1,6,2,19,4,1242,1,4,-1,3,-1
2016950005174,2,9,0,18,0,8,0,0,0,0,1,1,6,2,24,5,1598,1,4,-1,2,-1
2016950005175,1,9,0,9,0,8,0,0,0,0,1,1,6,1,27,6,-1,-1,-1,-1,1,-1
2016950005176,1,19,0,5,0,1,0,0,0,0,4,1,6,1,17,4,-1,-1,-1,-1,2,-1
2016950005178,1,9,0,18,0,0,0,0,0,0,1,1,6,2,73,10,1339,1,11,-1,2,-1
2016950005178,2,9,0,18,0,0,0,0,0,0,2,1,6,2,74,10,1386,1,6,-1,1,-1
2016950005179,1,9,0,18,0,1,0,0,0,0,1,1,6,2,22,5,1590,1,11,-1,2,-1
2016950005179,2,9,0,10,0,1,0,0,0,0,2,1,6,2,46,8,1364,1,8,2,1,2
2016950005181,1,9,0,18,0,4,0,0,0,0,1,1,6,1,-1,-1,1598,1,3,-1,-1,-1
2016950005181,2,1,0,18,0,3,0,0,0,0,4,1,2,2,46,8,-1,-1,-1,-1,1,-1
2016950005182,1,9,0,9,0,8,0,0,0,0,1,1,6,1,17,4,1240,1,9,-1,1,-1
2016950005182,2,9,0,18,0,8,0,0,0,0,1,1,2,1,54,8,1997,1,18,-1,1,-1
2016950005197,1,1,0,18,0,0,0,11,0,0,1,1,2,1,43,7,-1,-1,-1,-1,1,-1
2016950005203,1,9,0,18,0,0,0,0,1,0,1,1,1,1,65,9,1248,2,1,6,1,6
2016950005203,2,9,0,18,0,0,0,0,0,0,1,1,6,2,53,8,3311,8,8,-1,1,-1
2016950005205,1,11,0,4,0,0,0,0,0,0,0,1,1,1,50,8,9000,2,9,-1,1,-1
2016950005206,1,9,0,18,0,0,0,0,0,0,3,1,2,2,35,6,1242,1,6,-1,1,-1
2016950005209,1,9,0,6,0,0,0,0,0,0,3,1,6,1,24,5,1998,1,11,-1,1,-1
2016950005209,2,19,0,18,0,0,0,0,0,0,1,1,1,2,65,9,1560,2,8,-1,1,-1
2016950005213,1,22,0,18,9,0,5,0,0,0,0,1,6,1,77,11,-1,-1,-1,-1,1,-1
2016950005213,2,9,0,18,0,0,0,0,0,0,0,1,2,2,43,7,1229,1,2,-1,1,-1
2016950005229,1,9,0,18,0,0,0,0,0,0,1,1,6,2,60,9,1364,1,7,-1,1,-1
2016950005244,1,9,0,2,0,0,0,0,0,0,3,1,6,3,-1,-1,1199,1,12,-1,-1,-1
2016950005244,2,1,0,14,0,0,0,0,0,0,4,1,6,1,36,7,-1,-1,-1,-1,3,-1
2016950005253,1,9,0,18,0,1,0,0,0,0,1,1,6,3,-1,-1,-1,-1,-1,-1,-1,-1
2016950005253,2,9,0,3,0,1,0,0,0,0,2,1,6,1,55,8,1598,2,-1,-1,1,-1
2016950005266,1,20,0,16,0,0,0,0,7,11,1,1,1,1,56,9,4116,2,11,-1,3,-1
2016950005266,2,9,0,18,0,0,0,0,0,0,3,1,6,1,87,11,1390,1,10,-1,-1,-1
2016950005266,3,9,0,18,0,0,0,0,0,0,1,1,6,1,70,10,2400,2,-1,-1,1,-1
2016950005274,1,11,0,3,2,0,0,0,0,0,0,1,1,2,35,6,7300,2,10,-1,1,-1
2016950005284,1,9,0,14,0,0,0,0,0,0,4,1,6,1,70,10,1298,1,16,-1,2,-1
2016950005285,1,9,0,18,0,8,0,0,0,0,1,1,6,2,52,8,1686,2,3,-1,1,-1
2016950005285,2,9,0,10,0,8,0,0,0,0,4,1,2,1,58,9,1968,2,-1,-1,2,-1