Accident_Index,Vehicle_Reference,Vehicle_Type,Towing_and_Articulation,Vehicle_Manoeuvre,Vehicle_Location-Restricted_Lane,Junction_Location,Skidding_and_Overturning,Hit_Object_in_Carriageway,Vehicle_Leaving_Carriageway,Hit_Object_off_Carriageway,1st_Point_of_Impact,Was_Vehicle_Left_Hand_Drive?,Journey_Purpose_of_Driver,Sex_of_Driver,Age_of_Driver,Age_Band_of_Driver,Engine_Capacity_(CC),Propulsion_Code,Age_of_Vehicle,Driver_IMD_Decile,Driver_Home_Area_Type,Vehicle_IMD_Decile
2016961600032,1,9,0,2,0,0,0,4,0,0,1,1,2,2,55,8,2179,2,1,-1,1,-1
2016961600032,2,9,0,2,0,0,0,0,0,0,3,1,2,1,58,9,1242,1,2,-1,1,-1
2016961600033,1,19,0,18,0,3,0,0,0,0,1,1,1,1,47,8,2198,2,3,-1,2,-1
2016961600033,2,9,0,18,0,3,0,0,0,0,1,1,2,2,52,8,1598,1,6,-1,3,-1
2016961600033,3,19,0,18,0,3,0,0,0,0,2,1,1,1,54,8,-1,-1,-1,-1,1,-1
2016961600033,4,19,0,18,0,3,0,0,0,0,0,1,1,1,24,5,1560,2,5,-1,1,-1
2016961600036,1,9,0,9,0,8,0,0,0,0,1,1,6,2,23,5,1360,1,14,-1,1,-1
2016961600038,1,9,0,16,0,0,1,0,0,0,1,1,1,1,31,6,1229,1,5,-1,-1,-1
2016961600038,2,9,0,17,0,0,0,0,1,0,1,1,1,1,49,8,-1,-1,-1,-1,1,-1
2016961600039,1,9,0,18,0,8,1,10,1,11,1,1,6,2,45,7,1298,1,12,-1,1,-1
2016961600039,2,3,0,18,0,8,2,0,0,0,3,1,6,1,23,5,125,1,1,-1,1,-1
2016961600040,1,8,0,18,0,0,0,0,0,0,1,1,1,1,48,8,1598,2,5,-1,1,-1
2016961600043,1,8,0,9,0,8,0,0,0,0,1,1,6,1,57,9,2143,2,4,-1,1,-1
2016961600043,2,1,0,10,0,8,0,0,0,0,3,1,2,2,35,6,-1,-1,-1,-1,1,-1
2016961600044,1,9,0,18,0,0,0,0,2,7,4,1,6,1,26,6,1998,1,9,-1,2,-1
2016961600047,1,9,0,18,0,0,1,0,4,6,4,1,6,1,28,6,1200,1,1,-1,1,-1
2016961600053,1,9,0,7,0,8,0,0,0,0,3,1,6,2,18,4,1560,2,8,-1,1,-1
2016961600053,2,9,0,18,0,1,0,0,0,0,1,1,6,2,21,5,1390,1,15,-1,1,-1
2016961600057,1,9,0,18,0,8,0,0,0,0,1,1,6,1,51,8,1398,1,10,-1,2,-1
2016961600057,2,9,0,10,0,8,0,0,0,0,2,1,6,1,54,8,2179,2,2,-1,1,-1
2016961600062,1,9,0,9,0,8,0,0,0,0,4,1,6,1,67,10,1896,2,12,-1,1,-1
2016961600062,2,3,0,18,0,8,0,10,1,11,1,1,6,1,24,5,125,1,4,-1,2,-1
2016961600063,1,9,0,18,0,0,0,0,0,0,3,1,6,1,41,7,-1,-1,-1,-1,2,-1
2016961600091,1,9,0,9,0,8,0,0,0,0,1,1,6,1,46,8,1461,2,5,-1,1,-1
2016961600091,2,9,0,18,0,8,0,0,0,0,4,1,6,2,42,7,1781,1,14,-1,1,-1
2016961600097,1,9,0,18,0,1,0,0,0,0,1,1,6,2,51,8,995,1,6,-1,1,-1
2016961600097,2,19,0,10,0,1,0,0,0,0,2,1,1,1,40,7,2461,2,14,-1,1,-1
2016961600101,1,8,0,5,0,1,0,0,0,0,1,1,1,1,69,10,2231,2,9,-1,1,-1
2016961600101,2,9,0,5,0,1,0,0,0,0,2,1,2,2,50,8,1390,1,3,-1,1,-1
2016961600103,1,3,0,18,0,1,0,0,0,0,1,1,6,1,44,7,125,1,14,-1,1,-1
2016961600104,1,9,0,1,0,0,0,0,0,0,2,1,1,1,21,5,1242,1,10,-1,1,-1
2016961600104,2,9,0,18,0,0,0,0,0,0,1,1,6,1,50,8,1783,1,13,-1,3,-1
2016961600104,3,9,0,18,0,0,0,0,1,10,3,1,6,1,55,8,1149,1,9,-1,3,-1
2016961600105,1,19,0,18,0,1,0,0,0,0,1,1,2,1,34,6,2198,2,4,-1,1,-1
2016961600105,2,9,0,10,0,8,0,0,0,0,2,1,1,2,35,6,1498,1,-1,-1,1,-1
2016961600119,1,9,0,18,0,0,1,0,1,4,1,1,2,1,22,5,1994,1,13,-1,3,-1
2016961600129,1,9,0,18,0,8,0,0,0,0,1,1,6,1,30,6,-1,-1,-1,-1,-1,-1
2016961600129,2,1,0,9,0,8,0,0,0,0,4,1,2,1,38,7,-1,-1,-1,-1,1,-1
2016961600132,1,9,0,17,0,0,1,0,1,4,1,1,6,2,45,7,2143,2,1,-1,1,-1
2016961600139,1,9,0,18,0,0,0,0,0,0,3,1,2,1,21,5,1396,2,1,-1,-1,-1
2016961600139,2,9,0,18,0,0,0,0,0,0,4,1,2,2,44,7,2204,2,10,-1,1,-1
2016961600140,1,21,0,16,0,0,0,0,0,0,0,1,6,3,50,8,-1,-1,-1,-1,-1,-1
2016961600140,2,19,0,17,0,0,0,0,1,9,0,1,2,1,32,6,1998,2,10,-1,1,-1
2016961600145,1,9,0,18,0,8,0,0,0,0,1,1,6,2,72,10,998,1,2,-1,1,-1
2016961600145,2,9,0,9,0,8,0,0,0,0,4,1,6,2,64,9,1108,1,6,-1,1,-1
2016961600149,1,19,0,9,0,8,0,0,0,0,1,1,6,1,42,7,2148,2,7,-1,3,-1
2016961600149,2,9,0,18,0,8,0,0,0,0,4,1,3,2,29,6,1199,1,12,-1,1,-1
2016961600152,1,9,0,18,0,1,0,0,0,0,1,1,6,2,58,9,2429,1,9,-1,1,-1
2016961600156,1,19,0,9,0,8,0,0,0,0,3,1,1,1,58,9,1248,2,6,-1,1,-1
2016961600156,2,9,0,18,0,8,0,0,0,0,1,1,6,2,66,10,1364,1,9,-1,1,-1
2016961600159,1,9,0,4,0,0,0,0,0,0,1,1,1,2,23,5,1596,1,7,-1,3,-1
2016961600159,2,9,0,3,0,0,0,0,0,0,2,1,1,1,50,8,1598,1,5,-1,1,-1
2016961600173,1,9,0,18,0,0,0,0,0,0,3,1,6,1,28,6,-1,-1,-1,-1,-1,-1
2016961600175,1,9,0,1,0,1,0,0,0,0,2,1,6,2,65,9,1461,2,2,-1,2,-1
2016961600175,2,9,0,3,0,1,0,0,0,0,1,1,2,2,55,8,1389,1,15,-1,2,-1
2016961600176,1,21,1,4,0,0,3,0,6,6,1,1,1,1,67,10,15607,2,3,-1,1,-1
2016961600176,2,9,0,4,0,0,0,0,1,0,2,1,2,1,61,9,1598,2,2,-1,3,-1
2016961600176,3,9,0,4,0,0,0,0,0,0,4,1,6,2,26,6,1229,1,3,-1,1,-1
2016961600187,1,9,0,16,0,0,2,0,7,9,1,1,6,1,45,7,1598,1,15,-1,3,-1
2016961600190,1,9,0,17,0,0,1,0,7,4,4,1,6,2,19,4,1364,1,7,-1,1,-1
2016961600197,1,9,0,9,0,8,0,0,0,0,1,1,1,1,57,9,-1,-1,-1,-1,3,-1
2016961600197,2,1,0,10,0,8,0,0,0,0,3,1,6,1,19,4,-1,-1,-1,-1,1,-1
2016961600206,1,8,0,18,0,0,0,0,0,0,1,1,1,1,64,9,1560,2,4,-1,3,-1
2016961600209,1,9,0,18,0,2,0,10,1,2,1,1,2,1,20,4,1600,1,17,-1,1,-1
2016961600211,1,9,0,9,0,8,0,0,0,0,1,1,6,2,41,7,-1,-1,-1,-1,3,-1
2016961600211,2,9,0,18,0,8,0,0,0,0,4,1,6,2,27,6,2000,1,11,-1,1,-1
2016961600234,1,9,0,9,0,8,0,0,0,0,1,1,2,1,45,7,2457,1,2,-1,1,-1
2016961600245,1,9,0,18,0,0,5,0,1,11,4,1,1,1,32,6,1461,2,2,-1,3,-1
2016961600246,1,20,0,16,0,0,0,10,7,11,1,1,1,1,38,7,-1,-1,-1,-1,3,-1
2016961600250,1,9,0,18,0,1,0,0,0,0,1,1,6,3,45,7,-1,-1,-1,-1,-1,-1
2016961600250,2,9,0,10,0,1,0,0,0,0,2,1,6,2,29,6,1596,1,10,-1,3,-1
2016961600258,1,9,0,7,0,1,0,0,0,0,1,1,6,2,35,6,-1,-1,-1,-1,-1,-1
2016961600268,1,9,0,16,0,0,1,0,1,1,4,1,6,2,39,7,1753,2,10,-1,1,-1
2016961600274,1,9,0,7,0,8,0,0,0,0,1,1,6,1,65,9,2231,2,6,-1,1,-1
2016961600274,2,9,0,9,0,8,0,0,0,0,3,1,6,2,39,7,898,1,2,-1,1,-1
2016961600285,1,9,0,18,0,2,0,4,0,0,1,1,2,2,40,7,1388,1,6,-1,3,-1
2016961600285,2,9,0,18,0,1,0,0,0,0,3,1,3,2,30,6,1560,2,2,-1,1,-1
2016961600285,3,9,0,2,0,2,0,0,0,0,1,1,6,1,36,7,1896,2,12,-1,1,-1
2016961600290,1,11,0,7,0,2,0,0,0,0,1,1,1,1,50,8,7300,2,8,-1,1,-1
2016961600292,1,9,0,18,0,0,0,0,0,0,1,1,6,2,22,5,1390,1,2,-1,2,-1
2016961600302,1,9,0,7,0,2,0,10,1,7,1,1,1,2,44,7,998,1,4,-1,1,-1
2016961600309,1,9,0,18,0,0,0,0,0,0,1,1,6,1,54,8,1968,2,3,-1,3,-1
2016961600309,2,9,0,4,0,0,0,0,0,0,2,1,6,2,45,7,2993,2,1,-1,3,-1
2016961600312,1,1,0,18,0,2,0,0,0,0,3,1,6,1,23,5,-1,-1,-1,-1,1,-1
2016961600312,2,9,0,18,0,2,0,0,0,0,4,1,6,1,45,7,-1,-1,-1,-1,1,-1
2016961600318,1,9,0,17,0,0,1,0,0,0,3,1,2,2,45,7,998,1,10,-1,1,-1
2016961600318,2,9,0,16,0,0,1,0,0,0,1,1,6,2,61,9,1796,1,9,-1,3,-1
2016961600319,1,9,0,9,0,8,0,0,0,0,3,1,2,2,22,5,-1,-1,-1,-1,1,-1
2016961600319,2,9,0,18,0,8,0,0,0,0,1,1,2,2,49,8,1364,1,-1,-1,1,-1
2016961600321,1,9,0,9,0,8,0,0,0,0,1,1,2,2,70,10,999,1,1,-1,1,-1
2016961600321,2,9,0,18,0,8,0,0,0,0,1,1,6,2,41,7,1242,1,2,-1,1,-1
2016961600326,1,9,0,9,0,8,0,0,0,0,3,1,6,2,62,9,2993,2,7,-1,1,-1
2016961600326,2,19,0,18,0,8,0,0,0,0,4,1,1,2,28,6,-1,-1,-1,-1,1,-1
2016961600336,1,8,0,18,0,0,0,0,0,0,4,1,1,1,60,9,1598,2,6,-1,1,-1
2016961600343,1,9,0,18,0,1,0,0,0,0,1,1,6,2,65,9,1396,1,4,-1,1,-1
2016961600343,2,9,0,9,0,8,0,0,0,0,2,1,1,1,49,8,2494,2,1,-1,1,-1
2016961600346,1,9,0,9,0,8,0,0,0,0,1,1,6,1,76,11,1242,1,2,-1,1,-1
2016961600346,2,9,0,18,0,8,1,0,0,0,1,1,2,1,17,4,1400,2,9,-1,3,-1
2016961600351,1,9,0,18,0,1,0,0,0,0,1,1,6,1,64,9,1685,2,1,-1,2,-1
2016961600351,2,9,0,18,0,1,0,0,0,0,2,1,6,1,61,9,1910,2,8,-1,2,-1
2016961600351,3,9,0,18,0,1,0,1,0,0,2,1,6,1,73,10,1598,2,4,-1,1,-1
2016961600353,1,9,0,18,0,0,0,0,0,0,-1,1,1,1,49,8,1598,1,13,-1,-1,-1
2016961600353,2,1,0,18,0,0,0,0,1,0,3,1,1,1,31,6,-1,-1,-1,-1,1,-1
2016961600363,1,9,0,18,0,1,0,0,0,0,1,1,6,1,48,8,1598,1,3,-1,1,-1
2016961600363,2,9,0,8,0,1,0,0,0,0,2,1,6,2,31,6,1799,1,10,-1,1,-1
2016961600365,1,9,0,13,0,1,1,0,0,0,1,1,6,2,36,7,998,1,1,-1,1,-1
2016961600365,2,9,0,9,0,8,0,0,0,0,3,1,1,1,52,8,-1,-1,-1,5,2,5
2016961600367,1,9,0,4,0,0,1,0,0,0,1,1,6,1,49,8,1298,1,14,-1,1,-1
2016961600367,2,9,0,3,0,0,0,0,0,0,2,1,2,2,55,8,1124,1,9,-1,1,-1
2016961600367,3,9,0,3,0,0,0,0,0,0,2,1,6,2,57,9,-1,-1,-1,-1,1,-1
2016961600370,1,4,0,18,0,0,0,0,0,0,0,1,6,1,50,8,955,1,13,-1,1,-1
2016961600370,2,9,0,18,0,0,0,0,1,11,4,1,6,2,27,6,2143,2,4,-1,1,-1
2016961600378,1,9,0,18,0,2,0,0,0,0,4,1,3,2,45,7,1896,2,13,-1,1,-1
2016961600380,1,9,0,18,0,0,0,0,0,0,1,1,2,2,35,6,1395,1,1,-1,1,-1
2016961600380,2,9,0,18,0,0,0,0,0,0,2,1,2,1,59,9,-1,-1,-1,-1,1,-1
2016961600380,3,9,0,18,0,0,0,0,0,0,2,1,2,2,35,6,1598,2,4,-1,1,-1
2016961600380,4,9,0,18,0,0,0,0,0,0,2,1,6,2,56,9,1968,2,3,-1,1,-1
2016961600381,1,9,0,18,0,0,0,0,0,0,1,1,6,1,45,7,1299,1,14,-1,1,-1
2016961600381,2,9,0,18,0,0,0,0,0,0,1,1,6,1,70,10,1398,1,4,-1,1,-1
2016961600381,3,9,0,18,0,0,0,0,0,0,2,1,6,1,19,4,1198,1,4,-1,3,-1
2016961600384,1,9,0,12,0,0,0,0,0,0,1,1,6,1,33,6,1968,2,4,-1,2,-1
2016961600384,2,9,0,12,0,0,0,0,0,0,2,1,6,2,21,5,1229,1,6,-1,1,-1
2016961600386,1,9,0,18,0,0,0,0,0,0,4,1,6,2,53,8,998,1,7,-1,2,-1
2016961600398,1,9,0,17,0,2,2,10,1,2,1,1,6,1,27,6,1988,1,13,-1,1,-1
2016961600398,2,9,0,2,6,1,0,0,0,0,1,1,6,1,65,9,1896,2,14,-1,1,-1
2016961600403,1,9,0,7,0,8,0,0,0,0,1,1,6,1,42,7,1796,1,12,-1,1,-1
2016961600403,2,1,0,18,0,8,1,0,0,0,4,1,6,1,45,7,-1,-1,-1,-1,-1,-1
2016961600404,1,19,0,5,0,1,0,0,0,0,1,1,2,1,33,6,1995,2,2,-1,1,-1
2016961600404,2,9,0,3,0,1,0,0,0,0,2,1,6,2,51,8,998,1,10,-1,2,-1
2016961600406,1,9,0,18,0,0,0,0,0,0,1,1,6,1,25,5,-1,-1,-1,-1,-1,-1
2016961600406,2,1,0,18,0,0,0,0,0,0,4,1,1,1,14,3,-1,-1,-1,-1,1,-1
2016961600409,1,9,0,17,0,0,1,0,0,0,2,1,2,2,48,8,1329,1,5,-1,3,-1
2016961600409,2,9,0,16,0,0,0,0,0,0,1,1,2,1,63,9,1686,2,4,-1,2,-1
2016961600416,1,9,0,18,0,8,0,10,7,1,1,1,6,2,61,9,1386,1,10,-1,1,-1
2016961600416,2,9,0,18,0,2,0,10,1,0,1,1,6,1,55,8,1799,1,21,-1,1,-1
2016961600423,1,9,0,17,0,0,0,0,0,0,1,1,6,2,25,5,1798,1,8,-1,1,-1
2016961600423,2,9,0,16,0,0,0,0,0,0,4,1,6,2,79,11,1198,1,8,-1,1,-1
2016961600424,1,9,4,18,0,0,3,0,0,0,4,1,1,1,57,9,-1,-1,-1,-1,1,-1
2016961600424,2,10,0,18,0,0,0,0,0,0,1,1,1,2,52,8,2198,2,3,-1,-1,-1
2016961600432,1,-1,0,18,0,0,0,0,0,0,0,1,6,3,45,7,-1,-1,-1,-1,-1,-1
2016961600432,2,3,0,18,0,0,5,10,0,0,1,1,2,1,37,7,125,1,-1,-1,1,-1
2016961600433,1,9,0,9,0,1,0,0,0,0,2,1,2,1,60,9,1834,1,13,-1,1,-1
2016961600433,2,9,0,10,0,1,0,0,0,0,2,1,2,1,29,6,-1,-1,-1,-1,3,-1
2016961600435,1,1,0,18,0,0,0,12,0,0,3,1,2,1,45,7,-1,-1,-1,-1,1,-1
2016961600437,1,9,0,18,0,0,5,0,1,2,1,1,6,1,20,4,1198,1,3,-1,2,-1
2016961600442,1,9,0,18,0,0,0,0,7,0,1,1,6,2,24,5,1200,1,1,-1,3,-1
2016961600444,1,9,0,9,0,8,0,0,0,0,1,1,1,1,20,4,2184,2,7,-1,1,-1
2016961600444,2,1,0,18,0,8,0,0,0,0,1,1,2,1,30,6,-1,-1,-1,-1,1,-1
2016961600453,1,9,0,4,0,0,0,0,0,0,1,1,2,1,22,5,1761,1,16,-1,1,-1
2016961600453,2,9,0,18,0,0,0,0,0,0,2,1,6,1,25,5,-1,-1,-1,-1,-1,-1
2016961600457,1,5,0,5,0,8,0,0,0,0,3,1,2,1,56,9,918,1,20,-1,3,-1
2016961600458,1,9,0,14,0,2,0,0,0,0,4,1,6,1,37,7,1796,1,7,-1,1,-1
2016961600458,2,8,0,2,0,1,0,0,0,0,0,1,1,1,55,8,1997,2,5,-1,2,-1
2016961600461,1,9,0,18,0,0,0,0,0,0,3,1,6,1,27,6,1590,1,14,-1,1,-1
2016961600464,1,5,0,8,0,1,1,0,0,0,1,1,6,1,46,8,656,1,7,-1,1,-1
2016961600465,1,9,0,18,0,0,0,0,1,1,1,1,6,1,42,7,1587,1,15,-1,3,-1
2016961600468,1,9,0,18,0,1,0,0,0,0,1,1,6,1,50,8,1596,1,14,-1,1,-1
2016961600468,2,9,0,10,0,8,0,0,0,0,2,1,6,2,30,6,998,1,15,-1,1,-1
2016961600469,1,9,0,18,0,0,0,0,0,0,1,1,2,1,20,4,-1,-1,-1,-1,3,-1
2016961600469,2,9,0,3,0,0,0,0,0,0,2,1,6,2,55,8,1242,1,3,-1,1,-1
2016961600469,3,9,0,3,0,0,0,0,0,0,2,1,6,1,72,10,1598,2,3,-1,1,-1
2016961600472,1,9,0,18,0,0,0,0,0,0,1,1,6,1,20,4,1560,2,2,-1,1,-1
2016961600472,2,9,0,3,0,0,0,0,0,0,2,1,6,2,55,8,1999,1,12,-1,1,-1
2016961600481,1,9,0,18,0,0,0,0,0,0,3,1,3,1,69,10,1995,1,9,-1,1,-1
2016961600482,1,9,0,9,0,8,0,0,0,0,3,1,6,1,47,8,2199,2,4,-1,1,-1
2016961600482,2,9,0,18,0,8,1,0,0,0,1,1,6,2,45,7,1560,2,4,-1,3,-1
2016961600485,1,21,1,4,0,0,0,0,0,0,1,1,1,1,48,8,6692,2,5,-1,1,-1
2016961600485,2,19,0,3,0,0,0,0,0,0,2,1,1,2,54,8,1560,2,2,-1,1,-1
2016961600485,3,9,0,3,0,0,0,0,0,0,2,1,2,1,69,10,2191,2,1,-1,1,-1
2016961600487,1,9,0,18,0,1,0,0,0,0,1,1,6,1,22,5,-1,-1,-1,-1,3,-1
2016961600487,2,9,0,8,0,1,0,0,0,0,2,1,6,2,27,6,1199,1,13,-1,1,-1
2016961600488,1,9,0,16,0,0,0,0,0,0,1,1,1,1,69,10,1061,1,11,-1,3,-1
2016961600488,2,9,0,18,0,0,0,0,0,0,1,1,2,2,67,10,1956,2,6,-1,-1,-1
2016961600492,1,9,0,18,0,8,0,10,3,0,1,1,6,2,22,5,1198,1,3,-1,1,-1
2016961600492,2,9,0,18,0,8,1,10,1,11,1,1,6,2,54,8,998,1,4,-1,1,-1
2016961600492,3,9,0,2,0,1,0,0,0,0,2,1,6,2,44,7,1422,2,9,-1,1,-1
2016961600494,1,9,0,9,0,8,0,0,1,0,1,1,2,1,22,5,1896,2,11,-1,1,-1
2016961600494,2,9,0,18,0,8,0,0,7,0,1,1,6,2,47,8,1598,1,4,-1,1,-1
2016961600497,1,19,0,15,0,0,0,0,0,0,1,1,2,1,26,6,2198,2,9,-1,3,-1
2016961600500,1,19,0,9,0,8,0,0,0,0,1,1,6,1,25,5,2198,2,10,-1,3,-1
2016961600500,2,9,0,18,0,8,1,0,0,0,4,1,6,1,25,5,1390,1,12,-1,1,-1
2016961600501,1,19,0,9,0,8,0,0,0,0,1,1,1,1,63,9,1598,2,2,-1,1,-1
2016961600501,2,9,0,18,0,8,0,0,0,0,1,1,1,2,32,6,-1,-1,-1,-1,2,-1
2016961600522,1,9,0,5,0,1,0,0,0,0,1,1,6,2,84,11,1360,1,12,-1,1,-1
2016961600522,2,9,0,7,0,4,0,0,0,0,2,1,6,2,17,4,1199,1,12,-1,1,-1
2016961600524,1,19,0,9,0,8,0,0,0,0,3,1,1,1,36,7,1968,2,3,-1,3,-1
2016961600524,2,9,0,18,0,1,0,0,0,0,1,1,2,1,59,9,3222,2,12,-1,-1,-1
2016961600525,1,9,0,18,0,1,0,0,0,0,1,1,6,1,21,5,1229,1,4,-1,2,-1
2016961600525,2,9,0,3,0,1,0,0,0,0,2,1,6,2,34,6,1997,2,4,-1,3,-1
2016961600536,1,9,0,18,0,0,0,0,0,0,1,1,2,2,29,6,1461,2,2,-1,1,-1
2016961600536,2,9,0,4,0,0,0,0,0,0,2,1,2,1,22,5,1995,2,1,-1,1,-1
2016961600559,1,9,0,18,0,0,0,0,0,0,4,1,6,2,56,9,1248,1,3,-1,1,-1
2016961600560,1,9,0,18,0,1,0,0,0,0,1,1,6,1,27,6,1896,2,12,-1,1,-1
2016961600560,2,9,0,10,0,1,0,0,0,0,2,1,2,2,45,7,1598,1,2,-1,1,-1
2016961600561,1,9,0,16,0,0,0,0,0,0,1,1,2,1,35,6,1995,1,10,-1,1,-1
2016961600561,2,9,0,3,0,0,0,0,0,0,2,1,6,1,17,4,1461,2,2,-1,1,-1
2016961600561,3,9,0,2,0,0,0,0,0,0,2,1,6,1,21,5,2143,2,-1,-1,2,-1
2016961600569,1,9,0,18,0,0,5,7,0,0,1,1,6,2,37,7,1560,2,1,-1,1,-1
2016961600570,1,21,1,9,0,8,0,0,0,0,4,1,1,1,44,7,10837,2,2,-1,1,-1
2016961600572,1,9,0,9,0,8,0,0,0,0,4,1,6,2,45,7,1995,2,-1,-1,1,-1
2016961600572,2,9,0,18,0,1,0,0,0,0,1,1,6,2,44,7,1598,1,4,-1,1,-1
2016961600575,1,5,0,17,0,0,0,0,2,0,3,1,6,1,53,8,865,1,1,-1,1,-1
2016961600592,1,9,0,18,0,0,0,10,1,2,1,1,6,1,17,4,998,1,8,-1,3,-1
2016961600594,1,9,0,16,0,2,0,10,1,7,1,1,1,1,61,9,2143,2,1,-1,3,-1
2016961600596,1,20,0,17,0,0,0,0,7,0,1,1,1,1,47,8,-1,-1,-1,-1,-1,-1
2016961600596,2,19,0,16,0,0,0,0,0,0,1,1,1,1,44,7,2488,2,2,-1,1,-1
2016961600599,1,9,1,5,0,2,0,0,0,0,1,1,2,1,33,6,1986,2,10,-1,3,-1
2016961600599,2,9,3,5,0,2,0,0,0,0,2,1,1,1,28,6,1248,2,2,-1,1,-1
2016961600600,1,9,0,7,0,1,0,0,0,0,1,1,6,2,61,9,1598,2,2,-1,1,-1
2016961600600,2,1,0,18,0,8,0,0,0,0,1,1,2,1,39,7,-1,-1,-1,-1,-1,-1
2016961600617,1,9,0,14,0,8,0,0,0,0,1,1,6,1,17,4,1248,2,10,-1,1,-1
2016961600617,2,9,0,10,0,5,0,0,0,0,2,1,6,2,66,10,-1,3,2,-1,1,-1
2016961600623,1,9,0,11,0,2,0,0,0,0,4,1,1,1,46,8,1560,2,5,-1,1,-1
2016961600623,2,3,0,18,0,2,1,0,0,0,1,1,1,1,30,6,124,1,9,-1,1,-1
2016961600626,1,9,0,18,0,0,0,0,0,0,1,1,6,1,89,11,1560,2,5,-1,1,-1
2016961600626,2,9,0,18,0,0,0,0,1,1,2,1,6,1,26,6,995,1,10,-1,3,-1
2016961600631,1,9,0,5,0,1,0,0,0,0,1,1,6,2,19,4,899,1,1,-1,3,-1
2016961600631,2,9,0,7,0,4,0,0,0,0,2,1,6,1,70,10,1229,1,4,-1,1,-1
2016961600633,1,9,0,6,0,8,0,0,0,0,0,1,6,1,25,5,1364,1,1,-1,-1,-1
2016961600633,2,3,0,18,0,8,0,0,0,0,0,1,6,1,32,6,124,1,14,-1,1,-1
2016961600635,1,8,0,5,0,0,0,0,0,0,0,1,1,1,43,7,1560,2,5,-1,2,-1
2016961600636,1,9,0,18,0,0,1,0,0,0,1,1,6,1,22,5,1587,1,15,-1,-1,-1
2016961600636,2,9,0,18,0,0,1,0,0,0,1,1,6,1,36,7,1200,1,3,-1,3,-1
2016961600637,1,9,0,18,0,0,2,12,1,11,1,1,2,1,25,5,998,1,9,-1,1,-1
2016961600643,1,9,0,18,0,0,0,0,0,0,1,1,6,1,43,7,1984,2,5,-1,1,-1
2016961600643,2,9,0,18,0,0,0,10,7,0,4,1,6,1,42,7,1968,2,-1,-1,3,-1
2016961600644,1,8,0,18,0,0,0,0,0,0,3,1,1,1,49,8,1398,1,3,-1,2,-1
2016961600652,1,9,0,6,0,0,0,0,0,0,1,1,1,1,50,8,1799,1,6,-1,1,-1
2016961600652,2,9,0,17,0,0,0,0,0,0,1,1,1,2,30,6,1198,1,2,-1,1,-1
2016961600653,1,9,0,9,0,8,0,0,0,0,3,1,6,1,62,9,1796,1,22,-1,2,-1
2016961600653,2,9,0,18,0,1,0,0,0,0,1,1,6,2,50,8,1124,1,12,-1,3,-1
2016961600656,1,9,0,18,0,0,0,0,0,0,1,1,6,1,34,6,1995,1,14,-1,1,-1
2016961600656,2,9,0,3,0,0,0,0,0,0,2,1,6,1,29,6,1968,2,5,-1,1,-1
2016961600656,3,9,0,3,0,0,0,0,0,0,2,1,6,1,44,7,1149,1,10,-1,1,-1
2016961600665,1,9,0,4,0,0,0,0,0,0,4,1,6,2,41,7,1995,2,3,-1,1,-1
2016961600674,1,9,0,16,0,0,5,10,1,11,4,1,2,1,49,8,1794,1,15,-1,2,-1
2016961600679,1,9,0,18,0,0,5,0,2,0,0,1,6,1,56,9,1248,2,1,-1,2,-1
2016961600683,1,9,0,5,0,4,0,0,0,0,3,1,2,2,55,8,1242,1,4,-1,2,-1
2016961600683,2,1,0,18,0,8,0,0,0,0,4,1,6,1,43,7,-1,-1,-1,-1,1,-1
2016961600689,1,9,0,1,0,0,0,0,0,0,2,1,6,1,70,10,1199,2,4,-1,3,-1
2016961600695,1,9,0,17,0,8,1,0,3,0,1,1,6,1,59,9,1395,1,1,-1,1,-1
2016961600702,1,9,0,18,0,2,0,0,0,0,1,1,1,1,55,8,-1,-1,-1,-1,3,-1
2016961600702,2,9,0,3,0,2,0,0,0,0,2,1,6,2,38,7,1598,1,12,-1,3,-1
2016961600703,1,9,0,4,0,1,0,0,0,0,1,1,2,2,30,6,2184,2,12,-1,1,-1
2016961600703,2,9,0,3,0,1,0,0,0,0,2,1,1,1,51,8,-1,-1,-1,-1,1,-1
2016961600708,1,9,0,18,0,0,0,7,0,0,1,1,6,1,55,8,1968,2,4,-1,1,-1
2016961600708,2,9,0,18,0,0,0,0,0,0,1,1,6,2,22,5,998,1,12,-1,1,-1
2016961600713,1,9,0,17,0,0,1,0,1,4,4,1,6,1,22,5,1349,1,8,-1,1,-1
2016961600714,1,9,0,18,0,0,1,10,7,2,1,1,6,1,17,4,2000,1,19,-1,1,-1
2016961600718,1,9,0,5,0,1,0,0,0,0,1,1,2,2,29,6,1598,1,3,-1,1,-1
2016961600718,2,5,0,4,0,1,0,0,0,0,2,1,6,1,32,6,599,1,8,-1,2,-1
2016961600725,1,90,0,18,0,1,0,0,0,0,1,1,6,1,50,8,2800,2,13,-1,1,-1
2016961600725,2,9,0,3,0,1,0,0,0,0,2,1,6,1,19,4,1368,1,10,-1,2,-1
2016961600725,3,9,0,10,0,1,0,0,0,0,2,1,6,1,70,10,1796,1,11,-1,2,-1
2016961600726,1,9,0,18,0,0,1,10,8,11,1,1,6,2,19,4,1149,1,9,-1,1,-1
2016961600729,1,9,0,7,0,8,0,0,0,0,1,1,2,2,38,7,1598,1,10,-1,1,-1