Accident_Index,Vehicle_Reference,Vehicle_Type,Towing_and_Articulation,Vehicle_Manoeuvre,Vehicle_Location-Restricted_Lane,Junction_Location,Skidding_and_Overturning,Hit_Object_in_Carriageway,Vehicle_Leaving_Carriageway,Hit_Object_off_Carriageway,1st_Point_of_Impact,Was_Vehicle_Left_Hand_Drive?,Journey_Purpose_of_Driver,Sex_of_Driver,Age_of_Driver,Age_Band_of_Driver,Engine_Capacity_(CC),Propulsion_Code,Age_of_Vehicle,Driver_IMD_Decile,Driver_Home_Area_Type,Vehicle_IMD_Decile
2016961600729,2,1,0,18,0,8,0,0,0,0,4,1,2,1,40,7,-1,-1,-1,-1,1,-1
2016961600731,1,9,0,5,0,1,0,0,0,0,1,1,6,1,65,9,1248,1,3,-1,1,-1
2016961600731,2,9,0,3,0,1,0,0,0,0,2,1,6,1,44,7,1229,1,6,-1,1,-1
2016961600733,1,9,0,9,0,8,0,0,0,0,4,1,6,1,41,7,999,1,1,-1,1,-1
2016961600733,2,9,0,18,0,1,0,0,0,0,1,1,2,1,43,7,1796,2,3,-1,1,-1
2016961600740,1,9,0,18,0,0,0,0,0,0,0,1,6,2,25,5,3200,2,1,-1,1,-1
2016961600745,1,1,0,18,0,8,0,0,0,0,1,1,6,1,44,7,-1,-1,-1,-1,1,-1
2016961600745,2,9,0,3,0,8,0,0,0,0,2,1,1,2,23,5,1229,1,1,-1,1,-1
2016961600750,1,9,0,9,0,8,0,0,0,0,1,1,6,1,48,8,1910,2,11,-1,1,-1
2016961600750,2,9,0,16,0,8,0,0,0,0,3,1,6,2,42,7,1973,1,15,-1,2,-1
2016961600754,1,5,0,16,0,0,0,0,1,0,1,1,6,1,65,9,800,1,3,-1,1,-1
2016961600774,1,19,4,18,0,0,0,0,0,0,3,1,1,1,27,6,2499,2,1,-1,1,-1
2016961600774,2,9,0,15,0,0,0,0,0,0,1,1,2,2,24,5,1242,1,5,-1,1,-1
2016961600775,1,9,0,18,0,0,0,0,0,0,1,1,2,1,19,4,-1,-1,-1,-1,2,-1
2016961600775,2,9,0,3,0,0,0,0,0,0,2,1,6,2,60,9,1229,1,6,-1,2,-1
2016961600775,3,9,0,3,0,0,0,0,0,0,2,1,2,2,57,9,999,1,2,-1,2,-1
2016961600778,1,9,0,18,0,0,1,10,7,11,3,1,6,1,19,4,1395,1,3,-1,3,-1
2016961600779,1,9,0,16,0,1,2,10,7,11,1,1,6,1,34,6,1242,1,2,-1,2,-1
2016961600781,1,90,0,18,0,1,0,0,2,11,1,1,6,1,60,9,1832,1,4,-1,3,-1
2016961600781,2,9,0,4,0,1,0,0,0,0,2,1,6,1,76,11,1497,8,7,10,1,10
2016961600785,1,21,1,18,0,0,0,0,0,0,1,1,1,1,50,8,12777,2,4,-1,1,-1
2016961600785,2,9,0,18,0,0,0,0,0,0,2,1,6,1,65,9,898,1,1,-1,1,-1
2016961600785,3,11,0,18,0,0,0,0,0,0,0,1,1,3,42,7,-1,-1,-1,-1,3,-1
2016961600795,1,9,0,16,0,0,1,0,1,0,1,1,2,1,17,4,-1,-1,-1,-1,2,-1
2016961600795,2,9,0,17,0,0,1,0,1,11,1,1,6,2,18,4,1599,1,12,-1,3,-1
2016961600798,1,21,1,18,0,8,5,10,1,0,4,1,1,1,52,8,12900,2,4,-1,1,-1
2016961600799,1,9,0,18,0,0,5,10,1,11,1,1,6,1,69,10,1461,2,6,-1,3,-1
2016961600801,1,1,0,7,9,2,5,0,0,0,3,1,6,1,9,2,-1,-1,-1,-1,3,-1
2016961600801,2,19,0,18,0,1,0,0,0,0,3,1,1,1,41,7,2287,2,4,-1,1,-1
2016961600802,1,9,0,18,0,2,0,0,0,0,1,1,6,1,59,9,1560,2,-1,-1,3,-1
2016961600802,2,9,0,18,0,1,0,0,0,0,1,1,6,1,31,6,1995,2,3,-1,3,-1
2016961600804,1,9,0,18,0,5,0,0,0,0,1,1,6,1,22,5,-1,-1,-1,-1,1,-1
2016961600837,1,9,0,16,0,0,0,0,0,0,1,1,6,1,36,7,1998,1,10,-1,1,-1
2016961600837,2,9,0,17,0,0,0,10,1,10,1,1,6,2,26,6,1248,2,1,-1,1,-1
2016961600841,1,9,0,18,0,0,0,0,0,0,1,1,6,1,29,6,1968,2,9,-1,1,-1
2016961600841,2,9,0,4,0,0,0,0,0,0,2,1,6,1,49,8,1686,2,12,-1,1,-1
2016961600841,3,9,0,4,0,0,0,0,0,0,2,1,6,2,52,8,1560,2,3,-1,-1,-1
2016961600843,1,5,0,16,0,0,0,0,8,11,1,1,6,1,53,8,999,1,3,-1,1,-1
2016961600848,1,9,0,4,0,0,0,0,0,0,1,1,6,1,28,6,1596,1,14,-1,1,-1
2016961600848,2,9,0,3,0,0,0,0,0,0,2,1,6,1,33,6,998,1,7,-1,1,-1
2016961600848,3,9,0,3,0,0,0,0,0,0,2,1,6,3,40,7,-1,-1,-1,-1,-1,-1
2016961600853,1,9,0,18,0,4,0,0,0,0,1,1,1,1,20,4,1229,1,1,-1,3,-1
2016961600853,2,9,0,9,0,8,0,0,0,0,2,1,6,2,43,7,1560,2,6,-1,1,-1
2016961600856,1,19,4,16,0,0,0,0,0,0,0,1,1,1,42,7,2143,2,1,-1,1,-1
2016961600856,2,9,0,17,0,0,0,0,0,0,1,1,6,1,49,8,-1,-1,-1,-1,1,-1
2016961600856,3,9,0,17,0,0,0,0,0,0,0,1,6,1,27,6,1598,2,1,-1,1,-1
2016961600860,1,9,0,17,0,0,0,10,1,0,4,1,6,2,45,7,1598,1,7,-1,1,-1
2016961600860,2,9,0,2,0,0,0,0,0,0,4,1,6,1,43,7,2477,2,9,-1,1,-1
2016961600865,1,9,0,9,0,8,0,0,0,0,1,1,6,2,40,7,1794,1,9,-1,1,-1
2016961600867,1,90,0,4,0,8,0,0,0,0,1,1,1,1,43,7,5480,2,11,-1,3,-1
2016961600867,2,9,0,18,0,8,1,0,8,1,3,1,6,2,30,6,1598,1,8,-1,1,-1
2016961600876,1,9,0,18,0,0,1,0,0,0,1,1,6,1,61,9,2198,2,2,-1,1,-1
2016961600876,2,9,0,4,0,0,0,0,0,0,2,1,1,1,23,5,2521,1,10,-1,1,-1
2016961600880,1,9,0,7,0,8,0,0,0,0,3,1,6,2,38,7,1086,1,8,-1,3,-1
2016961600880,2,21,1,4,0,1,0,0,0,0,1,1,1,1,65,9,12900,2,9,-1,3,-1
2016961600881,1,9,0,9,0,8,0,0,0,0,1,1,6,1,69,10,1395,1,-1,-1,-1,-1
2016961600881,2,9,0,18,0,8,0,0,0,0,1,1,6,2,59,9,1329,1,4,-1,1,-1
2016961600890,1,9,0,17,0,0,0,0,0,0,1,1,6,1,37,7,1388,1,17,-1,3,-1
2016961600890,2,1,0,17,0,0,0,0,1,0,2,1,6,1,50,8,-1,-1,-1,-1,3,-1
2016961600893,1,9,0,5,8,0,0,0,0,0,3,1,6,2,66,10,1398,1,1,-1,-1,-1
2016961600893,2,9,0,18,0,0,0,0,0,0,1,1,6,2,80,11,1198,1,11,-1,3,-1
2016961600896,1,9,0,18,0,2,0,0,0,0,1,1,6,1,68,10,1298,1,18,-1,1,-1
2016961600896,2,9,0,18,0,2,0,0,0,0,2,1,6,2,32,6,1461,2,1,-1,1,-1
2016961600898,1,9,0,6,0,0,5,0,0,0,3,1,6,1,77,11,1399,1,8,-1,2,-1
2016961600898,2,9,0,18,0,0,0,0,0,0,1,1,2,1,46,8,1968,2,10,-1,3,-1
2016961600899,1,90,0,7,0,8,5,0,0,0,3,1,6,2,19,4,-1,-1,-1,-1,3,-1
2016961600910,1,9,0,4,0,0,0,0,0,0,4,1,6,2,26,6,1197,1,-1,-1,1,-1
2016961600910,2,9,0,2,0,0,0,0,0,0,0,1,6,3,45,7,-1,-1,-1,-1,-1,-1
2016961600913,1,1,0,18,0,8,0,0,0,0,3,1,2,1,18,4,-1,-1,-1,-1,1,-1
2016961600913,2,9,0,9,0,8,0,0,0,0,1,1,2,2,33,6,1349,1,5,-1,1,-1
2016961600915,1,9,0,18,0,0,1,0,7,1,4,1,6,2,27,6,1388,1,9,-1,1,-1
2016961600932,1,9,0,18,0,0,0,0,0,0,3,1,6,1,51,8,1997,2,12,-1,1,-1
2016961600932,2,9,0,18,0,0,0,10,1,11,3,1,6,2,48,8,1242,1,9,-1,1,-1
2016961600941,1,9,0,18,0,0,2,0,0,0,4,1,6,2,18,4,1242,1,3,-1,1,-1
2016961600941,2,9,0,2,0,0,0,0,0,0,4,1,6,1,30,6,-1,-1,-1,-1,2,-1
2016961600947,1,9,0,18,0,0,0,0,1,10,1,1,6,1,34,6,1598,1,13,-1,1,-1
2016961600947,2,9,0,18,0,0,0,0,0,0,0,1,6,1,45,7,-1,-1,-1,-1,1,-1
2016961600954,1,9,0,18,0,0,5,10,8,10,1,1,6,2,20,4,1229,1,9,-1,1,-1
2016961600958,1,9,0,7,0,3,0,0,0,0,1,1,1,2,23,5,1248,2,2,-1,1,-1
2016961600958,2,1,0,18,0,2,0,0,0,0,2,1,2,1,56,9,-1,-1,-1,-1,1,-1
2016961600959,1,9,0,16,0,0,1,0,7,9,4,1,2,1,47,8,1461,2,6,-1,3,-1
2016961600959,2,9,0,18,0,0,0,0,0,0,1,1,2,1,53,8,1999,1,10,-1,1,-1
2016961600960,1,9,0,16,0,0,0,0,1,4,1,1,2,2,41,7,1586,1,13,-1,1,-1
2016961600962,1,19,0,18,0,1,0,0,0,0,1,1,1,1,47,8,2402,2,14,-1,2,-1
2016961600962,2,9,0,3,0,1,0,0,0,0,2,1,2,1,55,8,1896,2,8,-1,2,-1
2016961600963,1,9,0,18,0,8,0,0,0,0,1,1,6,1,25,5,1299,1,12,-1,1,-1
2016961600963,2,8,0,18,0,8,0,4,0,0,3,1,1,1,65,9,1560,2,4,-1,1,-1
2016961600963,3,9,0,2,0,2,0,0,0,0,3,1,6,2,66,10,1198,1,2,-1,1,-1
2016961600965,1,9,0,4,0,0,0,0,0,0,1,1,2,1,27,6,3498,1,13,-1,1,-1
2016961600965,2,9,0,4,0,0,0,0,0,0,2,1,1,2,49,8,1997,2,10,-1,3,-1
2016961600968,1,90,4,9,0,1,0,0,0,0,4,1,6,3,40,7,-1,-1,-1,-1,-1,-1
2016961600975,1,9,0,18,0,1,0,0,0,0,1,1,6,1,27,6,1998,1,11,-1,1,-1
2016961600975,2,9,0,3,0,1,0,0,0,0,2,1,6,2,33,6,1560,2,3,-1,1,-1
2016961600977,1,9,0,7,0,3,0,0,0,0,1,1,2,2,45,7,999,1,7,-1,1,-1
2016961600991,1,9,0,18,0,1,0,0,0,0,1,1,6,1,35,6,1598,1,9,-1,2,-1
2016961601009,1,9,0,4,0,8,1,0,0,0,3,1,6,2,70,10,1461,2,10,-1,1,-1
2016961601009,2,9,0,18,0,8,0,10,7,3,1,1,2,1,24,5,1242,1,11,-1,1,-1
2016961601011,1,19,0,18,0,1,0,0,0,0,1,1,1,1,59,9,2402,2,9,-1,1,-1
2016961601011,2,9,0,3,0,1,0,0,0,0,2,1,6,1,35,6,1560,2,7,-1,3,-1
2016961601017,1,9,0,17,0,0,0,0,0,0,3,1,1,1,33,6,1685,2,5,-1,3,-1
2016961601017,2,19,4,16,0,0,0,0,0,0,3,1,1,1,44,7,2143,2,2,-1,1,-1
2016961601025,1,9,0,14,0,8,0,0,0,0,1,1,6,1,30,6,1956,2,-1,-1,-1,-1
2016961601025,2,11,0,2,0,8,0,0,0,0,0,1,1,1,34,6,-1,-1,-1,-1,-1,-1
2016961601030,1,9,0,9,0,8,1,0,0,0,1,1,6,2,58,9,1391,1,15,-1,1,-1
2016961601030,2,9,0,18,0,8,1,0,0,0,1,1,6,2,43,7,996,1,1,-1,1,-1
2016961601032,1,1,0,17,0,8,0,0,0,0,0,1,6,1,25,5,-1,-1,-1,-1,-1,-1
2016961601032,2,19,0,16,0,8,2,0,2,11,2,1,6,1,39,7,1461,2,3,-1,1,-1
2016961601037,1,9,0,7,0,8,0,0,0,0,1,1,2,1,35,6,2000,1,7,-1,1,-1
2016961601037,2,1,0,18,0,8,0,0,0,0,2,1,2,1,49,8,-1,-1,-1,-1,1,-1
2016961601039,1,9,0,14,0,0,0,0,0,0,4,1,6,1,55,8,1598,2,1,-1,-1,-1
2016961601039,2,9,0,2,0,0,0,0,0,0,3,1,6,1,63,9,1968,2,-1,-1,-1,-1
2016961601040,1,9,0,4,0,1,0,0,0,0,1,1,6,1,57,9,1587,1,16,-1,3,-1
2016961601040,2,9,0,4,0,1,0,0,0,0,2,1,2,2,25,5,1149,1,8,-1,1,-1
2016961601044,1,9,0,13,0,8,1,10,1,1,4,1,6,1,28,6,1598,2,4,-1,1,-1
2016961601044,2,9,0,18,0,1,1,10,1,0,3,1,6,1,18,4,1198,1,11,-1,3,-1
2016961601052,1,5,0,16,0,0,1,10,7,9,1,1,6,1,40,7,-1,-1,-1,-1,1,-1
2016961601053,1,5,0,18,0,1,0,0,0,0,1,1,6,1,27,6,998,1,10,-1,3,-1
2016961601053,2,5,0,18,0,1,0,0,0,0,2,1,6,1,28,6,999,1,6,-1,3,-1
2016961601063,1,9,0,18,0,0,1,1,2,0,1,2,6,1,34,6,-1,-1,-1,-1,-1,-1
2016961601063,2,9,0,2,6,0,0,0,0,0,2,1,6,1,38,7,1461,2,10,-1,2,-1
2016961601065,1,9,0,18,0,0,0,0,0,0,1,1,6,2,49,8,1242,1,6,-1,1,-1
2016961601065,2,9,0,3,0,0,0,0,0,0,2,1,6,1,47,8,-1,-1,-1,-1,1,-1
2016961601065,3,9,0,3,0,0,0,0,0,0,2,1,6,1,25,5,1461,2,7,-1,3,-1
2016961601067,1,9,0,18,0,8,5,0,0,0,4,1,6,1,72,10,1461,2,1,-1,1,-1
2016961601067,2,9,0,18,0,8,0,0,0,0,1,1,6,1,61,9,1596,1,2,-1,1,-1
2016961601070,1,9,0,5,0,4,0,0,0,0,1,1,6,2,46,8,1197,1,1,-1,1,-1
2016961601070,2,1,0,18,0,8,0,0,0,0,4,1,6,2,41,7,-1,-1,-1,-1,1,-1
2016961601071,1,1,0,18,0,8,1,0,0,0,1,1,6,1,8,2,-1,-1,-1,-1,3,-1
2016961601071,2,9,0,5,0,8,0,0,0,0,4,1,2,2,49,8,2191,2,2,-1,3,-1
2016961601075,1,1,0,9,0,8,0,0,0,0,1,1,6,1,73,10,-1,-1,-1,-1,3,-1
2016961601075,2,9,0,18,0,8,0,0,0,0,3,1,6,1,87,11,1984,2,3,-1,1,-1
2016961601076,1,9,0,18,0,0,5,10,1,10,1,1,6,1,47,8,1461,2,-1,-1,1,-1
2016961601078,1,9,0,18,0,2,0,0,0,0,1,1,6,3,50,8,-1,-1,-1,-1,-1,-1
2016961601081,1,9,0,18,0,0,1,0,0,0,1,1,6,2,20,4,998,1,3,-1,1,-1
2016961601081,2,9,0,4,0,0,0,0,0,0,2,1,6,2,39,7,1598,1,6,-1,1,-1
2016961601085,1,19,0,18,0,0,0,0,0,0,1,1,2,1,29,6,-1,-1,-1,-1,1,-1
2016961601085,2,9,0,4,0,0,0,0,0,0,2,1,6,2,33,6,2967,2,1,-1,3,-1
2016961601092,1,9,0,18,0,0,1,10,4,6,3,1,6,1,23,5,1598,2,1,-1,1,-1
2016961601100,1,9,0,18,0,0,0,0,0,0,1,1,6,1,26,6,1240,1,13,-1,-1,-1
2016961601100,2,9,0,18,0,0,0,0,0,0,2,1,6,1,66,10,1422,2,12,-1,1,-1
2016961601106,1,5,0,16,0,0,0,0,0,0,1,1,6,1,43,7,599,1,15,-1,1,-1
2016961601106,2,9,0,17,0,0,0,0,0,0,1,1,6,1,30,6,1968,2,5,3,3,3
2016961601117,1,9,0,18,0,8,0,0,0,0,1,1,6,1,73,10,1591,1,2,-1,1,-1
2016961601117,2,9,0,18,0,8,0,0,0,0,3,1,6,1,82,11,1499,2,1,-1,1,-1
2016961601125,1,9,0,9,0,8,0,10,1,0,3,1,6,2,29,6,1398,2,5,-1,1,-1
2016961601125,2,17,0,18,0,8,0,0,0,0,1,1,1,1,47,8,4400,2,1,-1,2,-1
2016961601129,1,9,0,13,0,0,0,0,0,0,3,1,6,1,72,10,1984,1,8,-1,3,-1
2016961601129,2,3,0,17,0,0,0,0,0,0,3,1,6,2,48,8,124,1,6,-1,1,-1
2016961601131,1,9,0,9,0,1,1,0,3,11,1,1,6,2,29,6,998,1,6,-1,3,-1
2016961601133,1,9,0,18,0,1,1,0,0,0,1,1,6,1,28,6,2987,2,6,-1,1,-1
2016961601133,2,9,0,3,0,1,0,0,0,0,2,1,6,2,37,7,1398,1,1,-1,3,-1
2016961601133,3,9,0,3,0,1,0,0,0,0,2,1,6,2,59,9,1399,2,8,-1,1,-1
2016961601135,1,9,0,18,0,1,0,0,0,0,1,1,2,2,34,6,1999,1,14,-1,2,-1
2016961601135,2,3,0,10,0,8,0,0,0,0,2,1,2,1,23,5,125,1,9,-1,1,-1
2016961601138,1,9,0,18,0,0,0,0,7,11,1,1,2,2,43,7,1598,1,3,-1,2,-1
2016961601139,1,9,0,4,0,0,5,0,0,0,3,1,6,2,58,9,-1,-1,-1,-1,3,-1
2016961601146,1,9,0,18,0,0,0,4,0,0,1,1,6,1,69,10,1242,1,-1,-1,1,-1
2016961601146,2,9,0,2,0,0,0,0,0,0,2,1,6,1,53,8,6208,1,3,-1,1,-1
2016961601149,1,9,0,18,0,0,0,0,0,0,3,1,6,2,55,8,1299,1,15,-1,1,-1
2016961601150,1,9,0,17,0,0,0,0,0,0,1,1,6,1,49,8,1461,2,-1,-1,-1,-1
2016961601150,2,9,0,16,0,0,0,0,0,0,1,1,6,1,35,6,2198,1,14,-1,3,-1
2016961601151,1,9,0,7,0,2,0,0,0,0,1,1,6,2,86,11,1242,1,10,-1,1,-1
2016961601151,2,9,0,4,0,1,0,0,0,0,1,1,6,1,19,4,1149,1,9,-1,3,-1
2016961601153,1,4,0,4,0,0,2,0,0,0,1,1,6,1,37,7,124,1,12,-1,1,-1
2016961601153,2,9,0,3,0,0,0,0,0,0,2,1,6,1,60,9,2393,1,6,-1,3,-1
2016961601154,1,19,0,5,0,8,0,0,0,0,1,1,1,1,28,6,2402,2,8,-1,1,-1
2016961601154,2,9,0,18,0,8,0,0,0,0,4,1,1,1,55,8,1797,8,3,-1,1,-1
2016961601155,1,9,0,18,0,0,0,0,0,0,1,1,6,2,35,6,1339,1,11,-1,1,-1
2016961601155,2,9,0,4,0,0,0,0,0,0,2,1,6,1,35,6,1398,1,-1,10,1,10
2016961601160,1,2,0,9,0,8,0,0,0,0,1,1,2,1,20,4,124,1,8,-1,1,-1
2016961601160,2,9,0,18,0,8,0,0,0,0,1,1,2,1,50,8,1968,2,5,-1,2,-1
2016961601163,1,19,0,18,0,1,0,0,0,0,1,1,1,1,54,8,1996,2,5,-1,1,-1
2016961601163,2,9,0,10,0,8,0,0,0,0,2,1,6,2,54,8,1499,2,1,-1,1,-1
2016961601163,3,9,0,18,0,1,0,0,0,0,1,1,6,2,76,11,1968,2,4,-1,3,-1
2016961601164,1,9,0,18,0,1,0,0,0,0,1,1,6,1,51,8,1951,2,12,-1,2,-1
2016961601164,2,9,0,3,0,1,0,0,0,0,2,1,6,2,27,6,1598,2,1,-1,1,-1
2016961601168,1,9,0,5,0,1,0,0,0,0,1,1,6,1,40,7,1386,1,9,-1,1,-1
2016961601168,2,9,0,5,0,4,0,0,0,0,2,1,6,2,49,8,1896,2,8,-1,3,-1
2016961601169,1,9,0,18,0,0,0,0,0,0,4,1,6,1,22,5,1229,1,2,-1,1,-1
2016961601171,1,9,0,18,0,0,0,4,7,0,1,1,6,1,84,11,1332,1,19,-1,2,-1
2016961601171,2,9,0,2,0,0,0,0,0,0,2,1,6,1,49,8,1596,1,9,-1,1,-1
2016961601171,3,9,0,2,0,0,0,0,0,0,1,1,6,1,57,9,1398,1,14,-1,1,-1
2016961601172,1,9,0,16,0,0,5,0,7,11,1,1,6,1,21,5,-1,-1,-1,-1,1,-1
2016961601173,1,9,0,18,0,0,0,4,0,0,1,1,6,2,66,10,1998,2,8,-1,1,-1
2016961601173,2,9,0,2,0,0,0,0,0,0,1,1,6,1,36,7,1349,1,3,-1,1,-1
2016961601180,1,9,0,18,0,1,0,0,0,0,4,1,6,2,58,9,1198,1,12,-1,1,-1
2016961601181,1,21,1,16,0,0,5,0,1,0,4,1,1,1,39,7,-1,-1,-1,-1,1,-1
2016961601185,1,9,0,18,0,0,0,0,0,0,1,1,6,1,50,8,1956,2,5,-1,1,-1
2016961601185,2,9,0,4,0,0,0,0,0,0,2,1,6,1,36,7,1560,2,6,-1,-1,-1
2016961601185,3,9,0,3,0,0,0,0,0,0,2,1,6,1,31,6,1598,1,4,-1,1,-1
2016961601185,4,9,0,3,0,0,0,0,0,0,2,1,6,1,38,7,1685,2,1,-1,1,-1
2016961601188,1,9,5,1,0,0,1,0,1,0,1,1,2,2,26,6,1396,1,6,-1,-1,-1
2016961601188,2,9,1,5,0,0,0,0,0,0,3,1,1,1,64,9,2720,2,7,-1,-1,-1
2016961601191,1,1,0,18,0,8,0,0,0,0,3,1,6,1,9,2,-1,-1,-1,-1,2,-1
2016961601191,2,9,0,16,0,1,0,0,0,0,1,1,6,2,33,6,1399,2,14,-1,-1,-1
2016961601196,1,5,0,6,0,0,0,0,0,0,4,1,6,1,51,8,-1,-1,-1,-1,-1,-1
2016961601199,1,9,0,18,0,0,0,0,0,0,1,1,1,1,60,9,2198,2,3,-1,1,-1
2016961601199,2,9,0,4,0,0,0,0,0,0,2,1,6,1,46,8,1999,2,-1,-1,-1,-1
2016961601199,3,9,0,3,0,0,0,0,0,0,2,1,6,1,44,7,1596,1,7,-1,1,-1
2016961601199,4,9,0,3,0,0,0,0,0,0,2,1,1,1,37,7,-1,-1,-1,-1,1,-1
2016961601201,1,20,0,4,0,1,0,0,0,0,1,1,1,1,56,9,2998,2,4,-1,1,-1
2016961601201,2,9,0,3,0,1,0,0,0,0,2,1,6,1,48,8,1329,1,3,-1,3,-1
2016961601202,1,9,0,18,0,8,0,0,0,0,0,1,6,3,30,6,-1,-1,-1,-1,-1,-1
2016961601202,2,9,0,9,0,8,0,0,0,0,0,1,6,1,41,7,1997,2,13,-1,1,-1
2016961601203,1,9,0,4,0,0,0,0,0,0,0,1,6,3,45,7,-1,-1,-1,-1,-1,-1
2016961601203,2,9,0,4,0,0,0,0,0,0,2,1,6,2,29,6,1560,2,6,-1,2,-1
2016961601203,3,9,0,4,0,0,0,0,0,0,2,1,6,2,41,7,1242,1,11,-1,3,-1
2016961601203,4,9,0,4,0,0,0,0,0,0,2,1,6,2,60,9,998,1,3,-1,1,-1
2016961601203,5,9,0,4,0,0,0,0,0,0,1,1,6,2,70,10,2400,2,4,-1,2,-1
2016961601210,1,9,0,18,0,0,2,0,1,4,1,1,6,1,21,5,1798,1,1,-1,1,-1
2016961601211,1,9,0,9,0,8,0,0,0,0,4,1,6,1,34,6,1560,2,1,-1,-1,-1
2016961601211,2,9,0,4,0,1,0,0,0,0,1,1,6,1,52,8,1991,2,8,-1,1,-1
2016961601222,1,21,1,7,0,8,0,0,0,0,1,1,1,1,56,9,10518,2,9,-1,-1,-1
2016961601222,2,9,0,18,0,8,0,0,0,0,4,1,6,1,45,7,1560,2,8,-1,3,-1
2016961601229,1,9,0,16,0,0,0,10,1,11,1,1,2,2,20,4,1242,1,10,-1,3,-1
2016961601231,1,9,0,18,0,1,0,0,0,0,1,1,6,1,22,5,1199,1,15,-1,1,-1
2016961601235,1,9,0,18,0,8,1,10,7,2,1,1,6,1,23,5,1360,1,13,-1,1,-1
2016961601239,1,5,0,17,0,0,0,0,1,4,1,1,6,1,49,8,1000,1,3,-1,1,-1
2016961601243,1,9,0,1,0,0,0,0,0,0,2,1,1,1,47,8,-1,-1,-1,-1,1,-1
2016961601244,1,9,0,18,0,1,0,10,1,2,1,1,6,2,25,5,1999,1,1,-1,2,-1
2016961601249,1,9,0,18,0,1,0,0,0,0,1,1,6,1,20,4,1368,1,7,-1,1,-1
2016961601249,2,9,0,10,0,8,0,0,0,0,2,1,6,2,49,8,1598,1,10,-1,1,-1
2016961601254,1,9,0,7,0,8,0,0,0,0,1,1,1,2,63,9,-1,-1,-1,-1,1,-1
2016961601254,2,22,0,7,0,8,0,0,0,0,2,1,6,1,80,11,-1,-1,-1,-1,2,-1
2016961601258,1,11,0,5,0,0,0,0,0,0,3,1,1,1,48,8,4461,2,2,-1,3,-1
2016961601258,2,9,0,14,0,0,0,0,0,0,4,1,6,2,75,10,1497,1,16,-1,3,-1
2016961601260,1,97,0,18,0,0,1,4,0,0,3,1,6,1,32,6,-1,-1,-1,-1,1,-1
2016961601260,2,9,0,2,0,0,0,0,0,0,3,1,6,2,60,9,1229,1,3,-1,1,-1
2016961601261,1,9,0,18,0,0,0,4,2,0,1,1,6,1,28,6,1999,1,3,-1,1,-1
2016961601261,2,19,0,18,0,0,0,0,0,0,1,1,1,1,57,9,1968,2,3,-1,1,-1
2016961601261,3,9,0,2,0,0,0,0,0,0,4,1,6,2,30,6,1598,1,6,-1,1,-1
2016961601267,1,9,0,9,0,8,0,0,0,0,1,1,6,1,18,4,1598,2,-1,-1,3,-1
2016961601267,2,9,0,18,0,1,0,0,0,0,1,1,2,1,47,8,1998,2,10,-1,3,-1
2016961601268,1,9,0,18,0,0,0,0,0,0,2,1,6,1,37,7,1685,2,-1,-1,1,-1
2016961601268,2,9,0,18,0,0,0,0,0,0,1,1,6,1,33,6,1242,1,16,-1,1,-1
2016961601270,1,9,0,12,0,0,0,0,0,0,0,1,6,3,50,8,-1,-1,-1,-1,-1,-1
2016961601270,2,9,0,17,0,0,2,10,1,11,1,1,6,2,23,5,1364,2,5,-1,2,-1
2016961601273,1,8,0,17,0,0,5,10,2,7,4,1,6,2,49,8,1995,2,3,-1,1,-1
2016961601275,1,3,0,17,0,0,1,0,1,10,1,1,6,1,34,6,125,1,2,-1,1,-1
2016961601278,1,21,0,18,0,0,0,0,0,0,1,1,1,1,61,9,12419,2,3,-1,1,-1
2016961601278,2,1,0,18,0,0,0,0,0,0,2,1,2,1,41,7,-1,-1,-1,-1,3,-1
2016961601279,1,9,0,18,0,0,0,0,1,11,1,1,6,2,57,9,1398,1,2,-1,1,-1
2016961601281,1,9,0,18,0,0,0,10,2,1,1,1,6,2,38,7,1229,1,6,-1,-1,-1
2016961601282,1,1,0,16,0,0,0,0,0,0,3,1,6,1,64,9,-1,-1,-1,-1,1,-1
2016961601282,2,9,0,2,0,0,0,0,0,0,3,1,6,1,24,5,1798,1,-1,-1,2,-1
2016961601284,1,9,0,17,0,0,2,10,5,6,3,1,2,1,33,6,-1,-1,-1,-1,3,-1
2016961601286,1,9,0,18,0,0,0,0,0,0,1,1,2,2,44,7,1598,1,2,-1,2,-1
2016961601286,2,9,0,4,0,0,0,0,0,0,2,1,6,1,39,7,1360,1,12,-1,2,-1
2016961601286,3,9,0,4,0,0,0,0,0,0,2,1,1,2,28,6,-1,-1,-1,-1,1,-1
2016961601287,1,9,0,16,0,0,1,10,1,0,4,1,2,2,51,8,1349,1,3,-1,1,-1
2016961601288,1,11,0,4,0,0,0,0,0,0,1,1,1,1,52,8,6696,2,3,-1,2,-1
2016961601291,1,9,0,5,0,1,0,0,0,0,1,1,2,2,42,7,1753,2,9,-1,1,-1
2016961601291,2,9,0,5,0,4,0,0,0,0,2,1,6,1,53,8,1198,1,2,-1,1,-1
2016961601304,1,9,0,18,0,1,0,0,0,0,1,1,6,2,64,9,1198,1,9,-1,2,-1
2016961601304,2,9,0,10,0,8,0,0,0,0,2,1,6,1,25,5,-1,-1,-1,-1,3,-1
2016961601306,1,9,0,9,0,8,0,0,0,0,1,1,6,2,29,6,1242,1,1,-1,1,-1