Accident_Index,Vehicle_Reference,Vehicle_Type,Towing_and_Articulation,Vehicle_Manoeuvre,Vehicle_Location-Restricted_Lane,Junction_Location,Skidding_and_Overturning,Hit_Object_in_Carriageway,Vehicle_Leaving_Carriageway,Hit_Object_off_Carriageway,1st_Point_of_Impact,Was_Vehicle_Left_Hand_Drive?,Journey_Purpose_of_Driver,Sex_of_Driver,Age_of_Driver,Age_Band_of_Driver,Engine_Capacity_(CC),Propulsion_Code,Age_of_Vehicle,Driver_IMD_Decile,Driver_Home_Area_Type,Vehicle_IMD_Decile
2016961601811,1,9,0,18,0,0,0,0,0,0,1,1,2,2,39,7,1299,1,11,-1,1,-1
2016961601813,1,9,0,18,0,0,0,0,0,0,1,1,6,2,44,7,1596,1,4,-1,1,-1
2016961601813,2,9,0,18,0,0,0,10,1,0,3,1,1,1,47,8,-1,-1,-1,-1,-1,-1
2016961601819,1,9,0,4,0,0,0,0,0,0,1,1,2,1,25,5,1242,1,9,-1,3,-1
2016961601819,2,9,0,4,0,0,0,0,0,0,2,1,6,1,55,8,1560,2,1,-1,3,-1
2016961601822,1,9,0,18,0,0,1,0,0,0,1,1,6,1,86,11,1997,1,3,-1,1,-1
2016961601822,2,3,0,3,0,0,0,0,0,0,2,1,6,1,47,8,125,1,1,-1,1,-1
2016961601822,3,9,0,3,0,0,0,0,0,0,2,1,2,2,55,8,2143,2,1,-1,1,-1
2016961601822,4,9,0,3,0,0,0,0,0,0,2,1,6,2,47,8,1997,2,9,-1,1,-1
2016961601830,1,9,0,18,0,0,1,4,0,0,1,1,6,1,27,6,1799,1,9,-1,3,-1
2016961601830,2,9,0,2,0,0,0,4,0,0,1,1,6,1,55,8,1998,1,13,-1,3,-1
2016961601830,3,9,0,2,0,0,0,0,0,0,1,1,6,1,50,8,1596,1,6,-1,3,-1
2016961601833,1,19,0,17,0,0,0,0,1,11,4,1,1,1,24,5,2287,2,1,-1,1,-1
2016961601835,1,9,0,18,0,1,0,0,0,0,1,1,2,1,24,5,2000,2,11,-1,1,-1
2016961601835,2,9,0,10,0,1,0,0,0,0,2,1,6,1,53,8,2495,2,27,-1,-1,-1
2016961601838,1,9,0,7,0,8,0,0,0,0,1,1,6,2,50,8,998,1,3,-1,1,-1
2016961601842,1,9,0,18,0,0,0,10,1,10,1,1,6,1,55,8,1685,2,5,-1,1,-1
2016961601843,1,9,0,18,0,8,1,4,1,2,1,1,1,1,23,5,2261,1,10,-1,2,-1
2016961601843,2,9,0,2,0,8,0,0,0,0,2,1,6,1,33,6,1910,2,13,-1,1,-1
2016961601850,1,9,0,7,0,8,0,0,0,0,3,1,6,1,79,11,1560,2,9,-1,3,-1
2016961601850,2,9,0,18,0,8,5,0,7,11,1,1,6,2,48,8,1598,1,11,-1,3,-1
2016961601853,1,3,0,18,0,8,1,0,0,0,4,1,6,1,20,4,125,1,11,-1,1,-1
2016961601854,1,9,0,14,0,0,0,4,0,0,1,1,2,2,54,8,1598,1,3,-1,1,-1
2016961601854,2,19,0,2,0,0,0,0,0,0,2,1,6,1,45,7,2198,2,-1,-1,1,-1
2016961601855,1,9,0,1,6,0,0,0,0,0,2,1,6,1,24,5,1986,2,8,-1,3,-1
2016961601866,1,9,0,18,0,1,0,0,0,0,1,1,6,2,37,7,1995,1,13,-1,1,-1
2016961601872,1,9,0,4,9,2,0,0,0,0,1,1,6,2,40,7,1997,2,1,-1,3,-1
2016961601877,1,9,0,18,0,8,0,0,0,0,3,1,6,2,29,6,1398,1,10,-1,2,-1
2016961601877,2,1,0,10,0,8,0,0,0,0,3,1,2,1,37,7,-1,-1,-1,-1,3,-1
2016961601890,1,9,0,4,0,0,1,10,7,2,1,1,2,1,59,9,1248,1,7,-1,1,-1
2016961601892,1,9,0,4,0,0,0,0,0,0,1,1,2,2,45,7,1242,1,6,-1,1,-1
2016961601897,1,9,0,18,0,1,0,0,0,0,1,1,2,1,21,5,1390,1,7,-1,1,-1
2016961601897,2,9,0,18,0,1,0,0,0,0,2,1,6,2,51,8,1299,1,14,-1,3,-1
2016961601899,1,19,0,5,0,1,0,0,0,0,1,1,6,1,40,7,-1,-1,-1,-1,-1,-1
2016961601902,1,19,0,18,0,8,0,0,0,0,1,1,1,1,29,6,2299,2,4,-1,2,-1
2016961601902,2,9,0,18,0,8,0,0,7,1,4,1,6,1,54,8,2204,2,10,-1,1,-1
2016961601903,1,9,0,18,0,0,0,4,0,0,1,1,6,2,21,5,1149,1,15,-1,1,-1
2016961601903,2,19,0,2,0,0,0,0,0,0,2,1,6,1,35,6,2198,2,1,-1,1,-1
2016961601907,1,9,0,18,0,1,0,0,0,0,1,1,6,1,23,5,1242,1,13,-1,3,-1
2016961601907,2,9,0,3,0,1,0,0,0,0,2,1,6,2,37,7,1598,1,16,-1,1,-1
2016961601909,1,9,0,16,0,8,1,0,8,11,1,1,6,1,83,11,-1,-1,-1,-1,1,-1
2016961601917,1,8,0,18,0,0,0,0,0,0,1,1,1,1,50,8,1686,2,3,-1,2,-1
2016961601917,2,9,0,18,0,0,0,0,0,0,2,1,6,2,45,7,1998,1,2,-1,2,-1
2016961601919,1,9,0,18,0,2,0,0,3,11,1,1,6,1,85,11,1198,1,1,-1,3,-1
2016961601931,1,9,0,18,0,0,0,0,0,0,1,1,2,2,24,5,1499,1,2,-1,1,-1
2016961601931,2,9,0,18,0,0,0,0,0,0,2,1,2,1,24,5,998,1,2,-1,1,-1
2016961601931,3,19,0,18,0,0,0,0,0,0,2,1,2,1,60,9,2287,2,1,-1,3,-1
2016961601947,1,9,0,18,0,1,0,0,0,0,1,1,6,1,18,4,1242,1,12,-1,1,-1
2016961601947,2,9,0,10,0,8,0,0,0,0,2,1,6,2,36,7,1560,2,1,-1,1,-1
2016961601948,1,19,0,18,0,0,1,0,0,0,1,1,2,1,52,8,1995,2,8,-1,1,-1
2016961601949,1,9,0,1,0,0,0,0,0,0,3,1,6,1,64,9,2148,2,10,8,3,8
2016961601951,1,9,0,18,0,8,0,0,0,0,1,1,6,1,79,11,999,1,14,-1,1,-1
2016961601951,2,9,0,9,0,8,0,0,0,0,4,1,6,1,29,6,1968,2,6,-1,1,-1
2016961601952,1,9,0,9,0,8,0,0,0,0,1,1,6,2,18,4,1560,2,9,-1,1,-1
2016961601952,2,8,0,18,0,1,0,0,0,0,4,1,1,1,50,8,-1,-1,-1,-1,1,-1
2016961601957,1,1,0,18,0,8,0,0,0,0,4,1,6,1,55,8,-1,-1,-1,-1,1,-1
2016961601957,2,9,0,5,0,4,0,0,0,0,1,1,6,1,52,8,-1,-1,-1,-1,1,-1
2016961601958,1,9,0,9,0,8,0,0,0,0,1,1,1,2,26,6,1200,1,4,-1,2,-1
2016961601958,2,9,0,18,0,8,0,10,7,4,4,1,6,2,75,10,999,1,1,-1,2,-1
2016961601959,1,9,0,18,0,0,0,0,0,0,1,1,1,1,56,9,-1,-1,-1,-1,1,-1
2016961601959,2,9,0,18,0,0,0,0,0,0,1,1,2,1,43,7,-1,-1,-1,-1,3,-1
2016961601960,1,9,0,16,0,0,1,0,7,11,1,1,2,1,29,6,1149,1,16,-1,1,-1
2016961601964,1,9,0,1,0,1,0,0,0,0,2,1,3,2,40,7,1200,1,2,-1,1,-1
2016961601964,2,9,0,2,0,1,0,0,0,0,2,1,3,2,45,7,1796,1,9,-1,1,-1
2016961601965,1,9,0,18,0,0,0,0,0,0,1,1,6,1,35,6,1796,1,14,-1,2,-1
2016961601965,2,9,0,3,0,0,0,0,0,0,2,1,6,2,56,9,1299,1,8,-1,1,-1
2016961601967,1,9,0,9,0,8,0,0,0,0,1,1,6,2,51,8,1390,1,7,-1,1,-1
2016961601967,2,1,0,18,0,8,0,0,0,0,4,1,6,2,30,6,-1,-1,-1,-1,1,-1
2016961601969,1,9,0,18,0,0,0,0,7,3,1,1,6,1,71,10,1329,1,5,-1,1,-1
2016961601971,1,9,0,18,0,8,0,0,0,0,1,1,6,1,70,10,1910,2,8,-1,1,-1
2016961601971,2,9,0,18,0,1,0,0,0,0,1,1,6,1,64,9,1598,1,5,-1,3,-1
2016961601979,1,9,0,18,0,1,0,0,0,0,1,1,6,1,27,6,1248,2,1,-1,1,-1
2016961601979,2,9,0,3,0,1,0,0,0,0,2,1,6,2,57,9,1590,1,15,-1,1,-1
2016961601988,1,20,1,9,0,8,0,0,0,0,1,1,1,1,30,6,5880,2,10,-1,1,-1
2016961601988,2,9,0,18,0,8,0,0,0,0,1,1,1,1,31,6,1339,1,12,-1,1,-1
2016961601991,1,9,0,18,0,0,0,0,0,0,1,1,6,2,25,5,1598,1,6,-1,3,-1
2016961601993,1,9,0,16,0,0,0,0,0,0,1,1,6,1,21,5,1391,1,22,-1,1,-1
2016961601993,2,9,0,17,0,0,0,0,0,0,1,1,6,2,76,11,1997,2,4,-1,1,-1
2016961601996,1,9,0,7,0,5,0,0,0,0,1,1,6,1,22,5,1753,2,9,-1,1,-1
2016961601996,2,9,0,2,0,2,0,0,0,0,2,1,6,1,22,5,-1,-1,-1,-1,1,-1
2016961601996,3,9,0,2,0,2,0,0,0,0,3,1,6,1,22,5,998,1,16,-1,1,-1
2016961602004,1,9,0,18,0,0,0,0,7,11,1,1,6,2,46,8,1598,1,13,-1,1,-1
2016961602011,1,9,0,16,0,0,0,0,7,11,1,1,6,1,87,11,1086,1,10,-1,1,-1
2016961602011,2,9,0,17,0,0,0,0,0,0,1,1,6,2,59,9,1997,2,1,-1,3,-1
2016961602012,1,9,0,14,0,0,0,0,0,0,0,1,6,3,45,7,-1,-1,-1,-1,-1,-1
2016961602012,2,11,0,5,0,0,0,0,0,0,0,1,1,1,47,8,4250,2,15,-1,1,-1
2016961602013,1,9,0,18,0,2,1,0,0,0,1,1,6,2,61,9,1360,1,15,-1,1,-1
2016961602014,1,9,0,5,0,1,0,0,0,0,1,1,6,1,67,10,2099,1,15,-1,1,-1
2016961602014,2,9,0,3,0,1,0,0,0,0,2,1,6,2,21,5,1490,1,11,-1,1,-1
2016961602017,1,9,0,18,0,0,0,4,0,0,4,1,6,1,22,5,1560,2,6,-1,1,-1
2016961602017,2,9,0,2,0,0,0,0,0,0,3,1,6,1,64,9,898,1,2,-1,3,-1
2016961602018,1,9,0,18,0,1,1,0,0,0,1,1,6,1,19,4,1229,1,10,-1,1,-1
2016961602018,2,9,0,18,0,1,0,0,0,0,2,1,6,1,45,7,1590,1,12,-1,3,-1
2016961602018,3,9,0,7,0,8,0,0,0,0,0,1,6,1,33,6,1560,2,-1,3,1,3
2016961700002,1,9,0,4,0,0,0,0,0,0,1,1,6,2,43,7,1360,1,7,-1,1,-1
2016961700011,1,9,0,18,0,0,1,0,0,0,1,1,6,1,30,6,1995,2,9,-1,1,-1
2016961700011,2,9,0,18,0,0,0,0,0,0,3,1,6,2,21,5,1199,1,12,-1,1,-1
2016961700314,1,9,0,7,0,8,0,0,0,0,4,1,6,2,75,10,1596,1,1,-1,3,-1
2016961700314,2,1,0,18,0,1,0,0,0,0,1,1,6,1,46,8,-1,-1,-1,-1,1,-1
2016961700437,1,21,1,18,0,0,0,11,0,0,1,1,1,1,57,9,10837,2,1,9,1,9
201697AB00104,1,9,0,18,0,2,0,0,0,0,4,1,6,2,32,6,1339,1,9,-1,1,-1
201697AB00104,2,8,0,16,0,2,0,0,0,0,1,1,6,1,50,8,2148,2,8,-1,1,-1
201697AB00105,1,9,0,11,0,0,0,0,0,0,3,1,2,1,52,8,1598,2,-1,-1,1,-1
201697AB00106,1,9,0,9,0,2,0,0,0,0,4,1,6,1,40,7,-1,-1,-1,-1,-1,-1
201697AB00107,1,9,0,9,0,1,0,0,0,0,3,1,6,1,-1,-1,-1,-1,-1,-1,-1,-1
201697AB00107,2,9,0,18,0,1,0,0,0,0,4,1,6,1,19,4,2143,2,3,-1,1,-1
201697AB00109,1,9,0,1,0,1,0,4,0,0,2,1,6,1,35,6,1794,1,15,-1,1,-1
201697AB00109,2,9,0,2,0,1,0,0,0,0,1,1,6,2,25,5,1242,1,2,-1,1,-1
201697AB00201,1,8,0,7,0,2,0,0,0,0,2,1,6,1,34,6,1598,2,2,-1,1,-1
201697AB00201,2,1,0,7,0,2,0,0,0,0,1,1,2,1,23,5,-1,-1,-1,-1,1,-1
201697AB00202,1,9,0,18,0,8,2,0,0,1,2,1,2,1,25,5,1781,1,12,-1,1,-1
201697AB00202,2,9,0,5,0,8,0,0,0,0,1,1,6,1,37,7,2987,2,7,-1,1,-1
201697AB00207,1,9,0,9,0,2,0,0,0,0,1,1,6,2,34,6,1598,1,5,-1,1,-1
201697AB00301,1,11,0,5,0,0,0,0,0,0,4,1,6,1,36,7,6700,2,5,-1,-1,-1
201697AB00302,1,19,0,2,0,0,0,0,0,0,3,1,1,1,38,7,2461,2,7,-1,1,-1
201697AB00302,2,1,0,14,0,0,0,8,0,0,1,1,6,1,35,6,-1,-1,-1,-1,1,-1
201697AB00303,1,9,0,18,0,1,0,0,0,0,4,1,6,1,26,6,2698,2,9,-1,1,-1
201697AB00303,2,10,0,18,0,1,0,0,0,0,1,1,1,1,60,9,2198,2,4,-1,1,-1
201697AB00303,3,9,0,3,0,2,0,0,0,0,2,1,6,1,74,10,1398,1,-1,-1,1,-1
201697AB00305,1,9,0,9,0,1,0,0,1,0,4,1,6,2,23,5,998,1,9,-1,1,-1
201697AB00305,2,9,0,16,0,1,0,0,0,0,1,1,2,2,55,8,1242,1,4,-1,1,-1
201697AB00310,1,9,0,5,0,1,0,0,0,0,0,1,6,2,68,10,1124,1,23,-1,2,-1
201697AB00310,2,9,0,18,0,1,0,0,0,0,4,1,6,1,65,9,1461,2,-1,-1,1,-1
201697AB00409,1,11,0,18,0,8,0,0,0,0,4,1,1,1,35,6,7300,2,13,-1,1,-1
201697AB00409,2,9,0,7,0,8,0,0,0,0,1,2,1,1,56,9,-1,-1,-1,4,1,4
201697AB00505,1,19,0,18,0,1,0,0,0,0,1,1,6,1,37,7,1998,2,13,-1,1,-1
201697AB00505,2,9,0,18,0,8,1,0,0,0,4,1,1,1,60,9,-1,-1,-1,-1,1,-1
201697AB00602,1,9,0,2,0,0,0,0,0,0,3,1,1,1,37,7,-1,-1,-1,-1,1,-1
201697AB00602,2,1,0,14,0,0,0,4,0,0,3,1,2,1,41,7,-1,-1,-1,-1,1,-1
201697AB00605,1,1,0,18,0,2,0,0,0,0,1,1,6,1,-1,-1,-1,-1,-1,-1,-1,-1
201697AB00609,1,9,0,18,0,1,0,0,0,0,1,1,6,1,25,5,1598,1,4,-1,1,-1
201697AB00701,1,3,0,5,0,0,1,0,0,0,4,1,1,1,23,5,125,1,4,-1,1,-1
201697AB00707,1,8,0,16,0,1,0,0,0,0,0,1,1,1,40,7,2143,2,2,-1,1,-1
201697AB00801,1,9,0,3,0,1,0,0,0,0,2,1,6,1,22,5,1995,2,11,-1,1,-1
201697AB00801,2,9,0,18,0,1,0,0,0,0,1,1,6,1,31,6,1149,1,11,-1,1,-1
201697AB00809,1,9,0,7,0,5,0,0,0,0,4,1,6,2,35,6,1461,2,4,-1,1,-1
201697AB00809,2,11,0,13,2,2,0,0,0,0,3,1,1,1,50,8,7698,2,2,-1,1,-1
201697AB00901,1,9,0,18,0,8,0,0,0,0,4,1,6,1,37,7,1560,2,1,-1,1,-1
201697AB00901,2,11,0,18,0,1,0,0,0,0,1,1,1,1,53,8,8268,2,15,-1,1,-1
201697AB01002,1,8,0,1,0,6,0,0,0,0,2,1,6,1,25,5,-1,-1,-1,-1,-1,-1
201697AB01008,1,9,0,18,0,8,0,0,0,0,1,1,1,1,28,6,998,1,2,-1,1,-1
201697AB01008,2,9,0,18,0,8,0,0,0,0,3,1,6,1,76,11,-1,-1,-1,-1,1,-1
201697AB01010,1,11,0,5,0,6,0,0,0,0,4,1,1,1,52,8,6700,2,5,-1,1,-1
201697AB01102,1,9,0,2,0,0,0,0,0,0,3,1,6,3,-1,-1,1242,1,4,-1,-1,-1
201697AB01102,2,1,0,18,0,0,0,0,0,0,1,1,2,1,37,7,-1,-1,-1,-1,1,-1
201697AB01201,1,9,0,6,0,0,0,0,0,0,4,1,6,1,25,5,1198,1,4,-1,1,-1
201697AB01201,2,3,0,18,0,0,0,0,0,0,1,1,6,1,27,6,125,1,1,-1,1,-1
201697AB01202,1,9,0,7,0,1,0,0,0,0,0,1,6,3,-1,-1,-1,-1,-1,-1,-1,-1
201697AB01202,2,11,0,5,0,1,0,0,0,0,0,1,1,1,42,7,9360,2,7,-1,1,-1
201697AB01205,1,9,0,15,9,1,0,0,1,10,1,1,1,1,29,6,998,1,14,-1,-1,-1
201697AB01305,1,9,0,4,0,0,0,0,0,0,1,1,2,1,44,7,1596,1,9,-1,1,-1
201697AB01505,1,9,0,9,0,8,0,0,0,0,2,1,6,2,31,6,-1,-1,-1,-1,1,-1
201697AB01505,2,10,0,5,0,8,0,0,0,0,1,1,1,1,35,6,-1,-1,-1,-1,1,-1
201697AB01510,1,9,0,4,0,1,0,0,0,0,0,1,6,1,-1,-1,-1,-1,-1,-1,-1,-1
201697AB01602,1,9,0,18,0,8,0,0,0,0,1,1,6,3,-1,-1,-1,-1,-1,-1,-1,-1
201697AB01602,2,8,0,18,0,8,0,0,0,0,4,1,1,1,57,9,1598,2,2,-1,1,-1
201697AB01605,1,9,0,9,0,2,0,0,0,0,1,1,6,1,-1,-1,-1,-1,-1,-1,-1,-1
201697AB01701,1,9,0,18,0,0,0,0,0,0,4,1,1,1,53,8,1598,2,5,-1,1,-1
201697AB01704,1,9,0,4,0,1,0,0,0,0,1,1,6,1,25,5,1149,1,8,-1,-1,-1
201697AB01704,2,9,0,10,0,1,0,0,0,0,2,1,6,2,41,7,1388,1,13,-1,1,-1
201697AB01706,1,11,0,18,0,2,0,0,0,0,1,1,1,1,56,9,6696,2,3,-1,1,-1
201697AB01707,1,11,0,18,0,1,0,0,0,1,1,1,1,1,54,8,8268,2,13,-1,1,-1
201697AB01707,2,9,0,2,0,1,0,0,0,0,2,1,6,1,36,7,1598,1,6,-1,1,-1
201697AB01707,3,11,0,2,0,1,0,0,0,0,2,1,1,1,53,8,6700,2,1,-1,1,-1
201697AB01707,4,11,0,2,0,1,0,0,0,0,0,1,1,1,36,7,9360,2,9,-1,1,-1
201697AB01707,5,11,0,2,0,1,0,0,0,0,0,1,1,1,-1,-1,6700,2,1,-1,1,-1
201697AB01802,1,9,0,18,0,0,0,0,0,0,3,1,1,1,28,6,1968,2,6,-1,1,-1
201697AB01901,1,9,0,18,0,1,0,0,0,0,4,1,6,1,37,7,1596,1,12,-1,1,-1
201697AB01902,1,11,0,18,0,8,0,0,0,0,3,1,1,1,54,8,6696,2,3,-1,1,-1
201697AB01902,2,8,0,18,0,8,1,0,0,0,1,1,1,1,50,8,2148,2,5,-1,1,-1
201697AB01904,1,9,0,18,2,0,0,0,0,0,4,1,1,1,66,10,1686,2,7,-1,1,-1
201697AB02009,1,9,0,5,0,1,0,0,0,0,1,1,6,2,18,4,1598,1,6,-1,1,-1
201697AB02103,1,9,0,18,0,8,0,0,0,0,1,1,6,2,22,5,1229,1,9,-1,1,-1
201697AB02103,2,9,0,18,0,8,0,0,0,0,1,1,6,1,30,6,1242,1,7,-1,1,-1
201697AB02201,1,9,0,9,0,1,0,0,0,0,0,1,6,1,59,9,1461,2,6,-1,1,-1
201697AB02201,2,4,0,3,0,1,0,0,0,0,0,1,6,1,32,6,599,1,17,-1,1,-1
201697AB02202,1,8,0,7,2,6,0,0,0,0,4,1,6,1,51,8,1598,2,3,-1,1,-1
201697AB02210,1,9,0,5,0,6,0,0,0,0,4,1,1,2,23,5,1398,1,-1,-1,1,-1
201697AB02210,2,9,0,15,0,8,0,0,0,0,1,1,6,2,29,6,1598,1,8,-1,1,-1
201697AB02306,1,1,0,18,0,1,0,0,0,0,1,1,6,1,35,6,-1,-1,-1,-1,1,-1
201697AB02308,1,9,0,18,0,8,0,0,0,0,1,1,6,3,30,6,1984,1,3,-1,-1,-1
201697AB02405,1,9,0,7,0,8,0,0,1,10,4,1,1,1,49,8,-1,-1,-1,-1,1,-1
201697AB02405,2,9,0,18,0,8,0,0,1,0,3,1,6,1,20,4,1396,1,13,-1,1,-1
201697AB02601,1,9,0,18,0,2,0,0,0,0,1,1,6,1,20,4,-1,-1,-1,-1,-1,-1
201697AB02602,1,9,0,18,0,8,5,10,0,0,4,1,6,2,22,5,1360,1,17,-1,-1,-1
201697AB02602,2,9,0,18,0,8,0,0,0,0,1,1,6,2,28,6,1242,1,2,-1,1,-1
201697AB02603,1,8,0,5,0,2,0,0,0,0,0,1,6,1,26,6,1896,2,6,-1,1,-1
201697AB02606,1,9,0,18,9,2,0,10,1,10,1,1,6,1,52,8,1596,1,3,-1,1,-1
201697AB02710,1,9,0,5,0,1,0,0,0,0,1,1,6,2,36,7,1797,8,2,-1,1,-1
201697AB02710,2,9,0,18,0,1,0,0,0,0,3,1,6,2,23,5,1998,1,6,-1,1,-1
201697AB02803,1,1,0,18,0,8,0,0,0,0,1,1,6,2,52,8,-1,-1,-1,-1,1,-1
201697AB02803,2,9,0,18,0,8,0,0,0,0,4,1,6,2,44,7,998,1,3,-1,1,-1
201697AB02806,1,8,0,9,0,6,0,0,0,0,1,1,1,1,54,8,2499,2,8,-1,1,-1
201697AB02906,1,9,0,9,0,1,0,0,0,0,1,1,6,3,-1,-1,1798,1,5,-1,-1,-1
201697AB02908,1,8,0,16,0,1,0,0,0,0,0,1,1,1,54,8,2143,2,2,-1,1,-1
201697AB03004,1,9,0,4,0,1,0,0,0,0,0,1,6,1,-1,-1,-1,-1,-1,-1,-1,-1
201697AB03004,2,1,0,18,0,1,0,0,0,0,2,1,6,2,24,5,-1,-1,-1,-1,1,-1
201697AB03006,1,9,0,9,0,0,0,0,0,0,3,1,2,1,42,7,-1,-1,-1,-1,-1,-1
201697AB03006,2,1,0,4,0,0,0,0,0,0,4,1,2,1,42,7,-1,-1,-1,-1,1,-1
201697AB03110,1,8,0,18,0,0,0,0,0,0,1,1,6,3,-1,-1,-1,-1,-1,-1,-1,-1
201697AB03201,1,9,0,7,0,1,0,0,0,0,3,1,6,1,26,6,-1,-1,-1,-1,-1,-1
201697AB03202,1,9,0,1,0,1,0,0,0,0,2,1,6,1,30,6,-1,-1,-1,-1,-1,-1
201697AB03303,1,8,0,9,0,1,0,7,0,0,3,1,1,2,58,9,1598,1,4,-1,1,-1
201697AB03403,1,9,0,18,0,8,0,0,0,0,3,1,1,1,40,7,1598,2,4,-1,-1,-1
201697AB03405,1,9,0,9,0,8,0,0,0,0,1,1,6,1,28,6,1461,2,1,-1,1,-1
201697AB03405,2,9,0,18,0,8,0,0,0,0,1,1,6,2,51,8,1248,1,3,-1,1,-1
201697AB03503,1,1,0,7,0,0,0,0,0,0,1,1,6,1,30,6,-1,-1,-1,-1,-1,-1
201697AB03503,2,8,0,18,0,0,0,0,0,0,1,1,1,1,63,9,1560,2,5,-1,1,-1
201697AB03804,1,8,0,18,0,0,0,0,0,0,4,1,1,1,44,7,1997,2,5,-1,1,-1
201697AB03810,1,8,0,18,0,0,0,0,0,0,1,1,1,1,42,7,1968,2,6,-1,1,-1
201697AB03810,2,9,0,3,0,0,0,0,0,0,2,1,6,1,22,5,1796,1,7,-1,1,-1
201697AB03902,1,19,0,5,0,1,0,0,0,0,1,1,6,1,28,6,1998,2,10,-1,1,-1
201697AB03902,2,19,0,5,0,1,0,0,0,0,1,1,6,1,28,6,2461,2,6,-1,1,-1
201697AB03909,1,9,0,18,0,8,0,0,0,0,1,1,6,1,70,10,1560,2,3,-1,1,-1
201697AB03909,2,19,0,10,0,8,0,0,0,0,1,1,6,1,52,8,3920,2,3,-1,1,-1
201697AB04008,1,8,0,5,0,0,0,0,0,0,1,1,1,1,68,10,2776,2,-1,-1,-1,-1
201697AB04103,1,9,0,2,0,0,0,0,0,0,3,1,6,3,-1,-1,1984,1,2,-1,-1,-1
201697AB04103,2,1,0,18,0,0,0,0,0,0,0,1,6,1,30,6,-1,-1,-1,-1,1,-1
201697AB04104,1,9,0,18,0,0,0,0,0,0,1,1,6,2,28,6,1390,1,12,-1,1,-1
201697AB04110,1,11,0,4,0,0,0,0,0,0,4,1,1,1,48,8,6370,2,8,-1,1,-1
201697AB04502,1,9,0,18,0,1,0,0,0,0,1,1,6,1,36,7,1598,1,9,-1,1,-1
201697AB04510,1,9,0,9,0,1,0,0,0,0,3,1,6,3,-1,-1,-1,-1,-1,-1,-1,-1
201697AB04703,1,9,0,4,0,0,0,0,0,0,4,1,1,1,53,8,-1,-1,-1,-1,3,-1
201697AB04705,1,9,0,5,0,0,0,0,0,0,1,1,6,1,30,6,-1,-1,-1,-1,-1,-1
201697AB70102,1,9,0,18,0,0,0,0,0,0,1,1,6,2,30,6,1389,1,12,-1,1,-1
201697AB70102,2,9,0,18,0,0,0,0,0,0,2,1,6,1,29,6,1686,2,3,-1,1,-1
201697AB70105,1,9,0,18,0,0,0,0,0,0,1,1,6,1,61,9,1598,1,3,-1,1,-1
201697AB70105,2,9,0,3,0,0,0,0,0,0,2,1,6,2,52,8,1896,2,8,-1,1,-1
201697AB70106,1,9,0,18,0,0,0,0,0,0,1,1,6,1,32,6,1598,1,11,-1,1,-1
201697AB70106,2,10,0,3,0,0,0,0,0,0,2,1,6,1,49,8,2400,2,12,-1,1,-1
201697AB70106,3,9,0,3,0,0,0,0,0,0,2,1,2,2,33,6,1560,2,4,-1,-1,-1
201697AB70109,1,8,0,18,0,2,0,0,0,0,1,1,1,1,45,7,2499,2,7,-1,1,-1
201697AB70110,1,11,0,18,2,0,0,0,0,0,4,1,1,1,43,7,6700,2,1,-1,1,-1
201697AB70202,1,11,0,18,0,8,0,0,0,0,4,1,1,1,30,6,6700,2,1,-1,1,-1
201697AB70204,1,9,0,18,0,0,0,0,0,0,1,1,6,2,23,5,1364,1,7,-1,1,-1
201697AB70204,2,9,0,18,0,0,0,0,0,0,2,1,6,2,35,6,-1,-1,-1,-1,1,-1
201697AB70210,1,11,0,18,2,0,0,0,0,0,1,1,1,1,23,5,6700,2,1,-1,1,-1
201697AB70301,1,8,0,5,0,0,0,0,0,0,4,1,1,1,51,8,1598,2,5,-1,1,-1
201697AB70302,1,9,0,12,0,0,0,0,0,0,3,1,6,1,32,6,1995,2,11,-1,1,-1
201697AB70302,2,9,0,18,0,0,0,0,0,0,4,1,6,1,32,6,1997,2,10,-1,1,-1
201697AB70304,1,11,0,9,0,8,0,0,0,0,1,1,1,1,24,5,6700,2,4,-1,1,-1
201697AB70402,1,11,0,18,2,0,0,0,0,0,4,1,1,1,34,6,4500,2,1,-1,1,-1
201697AB70405,1,9,0,18,0,1,0,0,0,0,0,1,1,1,57,9,-1,-1,-1,-1,1,-1
201697AB70405,2,11,0,18,0,1,0,0,0,0,3,1,1,1,26,6,12778,2,3,-1,1,-1
201697AB70502,1,9,0,18,0,0,0,0,0,0,1,1,6,1,30,6,1598,1,4,-1,1,-1
201697AB70502,2,9,0,18,0,0,0,0,0,0,2,1,6,2,49,8,999,1,3,-1,1,-1
201697AB70610,1,9,0,11,0,0,1,0,0,0,1,1,6,1,73,10,998,1,5,-1,-1,-1
201697AB70610,2,9,0,2,0,0,0,0,0,0,2,1,6,2,55,8,1364,1,9,-1,1,-1
201697AB70704,1,11,0,7,0,8,0,0,0,0,1,1,1,1,50,8,7300,2,11,-1,3,-1
201697AC00103,1,9,0,6,0,0,0,0,0,0,3,1,6,1,40,7,1598,1,4,-1,1,-1
201697AC00103,2,3,0,18,0,0,0,0,0,0,1,1,6,1,52,8,125,1,3,-1,1,-1
201697AC00106,1,9,0,9,0,8,0,0,0,0,1,1,2,1,29,6,1997,2,2,-1,1,-1
201697AC00106,2,1,0,18,0,8,0,0,0,0,1,1,2,1,29,6,-1,-1,-1,-1,1,-1
201697AC00107,1,9,0,18,0,1,0,0,0,0,1,1,6,1,35,6,-1,-1,-1,-1,-1,-1
201697AC00107,2,19,0,18,0,1,0,0,0,0,1,1,1,1,34,6,2143,2,3,-1,1,-1
201697AC00108,1,9,0,9,0,1,0,0,0,0,3,1,1,1,49,8,-1,-1,-1,-1,1,-1