Accident_Index,Vehicle_Reference,Vehicle_Type,Towing_and_Articulation,Vehicle_Manoeuvre,Vehicle_Location-Restricted_Lane,Junction_Location,Skidding_and_Overturning,Hit_Object_in_Carriageway,Vehicle_Leaving_Carriageway,Hit_Object_off_Carriageway,1st_Point_of_Impact,Was_Vehicle_Left_Hand_Drive?,Journey_Purpose_of_Driver,Sex_of_Driver,Age_of_Driver,Age_Band_of_Driver,Engine_Capacity_(CC),Propulsion_Code,Age_of_Vehicle,Driver_IMD_Decile,Driver_Home_Area_Type,Vehicle_IMD_Decile
201697AC00108,2,9,0,18,0,1,1,0,0,0,4,1,6,2,26,6,1999,1,9,-1,1,-1
201697AC00109,1,9,0,18,0,1,0,0,0,0,4,1,6,2,68,10,999,1,1,-1,1,-1
201697AC00109,2,9,0,5,0,1,0,0,0,0,4,1,6,1,33,6,1490,1,7,-1,1,-1
201697AC00110,1,9,0,9,0,1,0,0,0,0,1,1,1,1,47,8,1598,2,1,-1,1,-1
201697AC00110,2,1,0,18,0,1,0,0,0,0,1,1,6,1,26,6,-1,-1,-1,-1,1,-1
201697AC00201,1,9,0,9,0,8,0,0,0,0,1,1,1,2,38,7,1461,2,6,-1,1,-1
201697AC00201,2,1,0,18,0,8,0,0,0,0,3,1,2,1,34,6,-1,-1,-1,-1,1,-1
201697AC00205,1,1,0,18,0,2,0,0,0,0,1,1,2,1,21,5,-1,-1,-1,-1,1,-1
201697AC00402,1,9,0,16,0,5,1,10,0,10,4,1,6,1,22,5,1587,1,9,-1,1,-1
201697AC00402,2,9,0,16,0,5,0,0,0,10,3,1,6,1,18,4,1598,1,11,-1,3,-1
201697AC00405,1,9,0,3,0,7,0,0,0,0,2,1,6,3,-1,-1,-1,-1,-1,-1,-1,-1
201697AC00405,2,9,0,3,0,7,0,0,0,0,0,1,6,2,27,6,999,1,6,-1,1,-1
201697AC00410,1,9,0,3,0,1,0,0,0,0,1,1,6,3,-1,-1,1997,2,7,-1,-1,-1
201697AC00410,2,9,0,3,0,1,0,0,0,0,2,1,6,2,22,5,998,1,4,-1,1,-1
201697AC00502,1,9,0,9,0,2,0,0,0,0,4,1,6,1,43,7,1242,1,1,-1,2,-1
201697AC00505,1,1,0,18,0,1,0,0,0,0,1,1,6,1,53,8,-1,-1,-1,-1,2,-1
201697AC00505,2,9,0,9,0,1,0,0,0,0,1,1,1,2,41,7,1968,2,4,-1,1,-1
201697AC00601,1,9,0,7,0,2,0,0,0,0,1,1,6,1,34,6,1995,2,2,-1,1,-1
201697AC00601,2,9,0,18,0,2,0,0,0,0,4,1,3,2,40,7,1598,1,11,-1,1,-1
201697AC00609,1,9,0,4,0,0,0,0,0,0,1,1,6,1,52,8,1796,1,14,-1,-1,-1
201697AC00609,2,9,0,4,0,0,0,0,0,0,2,1,2,2,49,8,1200,1,-1,-1,-1,-1
201697AC00804,1,9,0,18,0,1,1,0,0,0,1,1,6,2,28,6,-1,-1,-1,-1,1,-1
201697AC00804,2,9,0,18,0,1,0,0,0,0,2,1,6,2,44,7,-1,-1,-1,-1,1,-1
201697AC00807,1,9,0,6,4,0,0,0,0,0,3,1,6,1,51,8,1197,1,2,-1,1,-1
201697AC00807,2,1,0,18,4,0,0,0,0,0,3,1,1,1,28,6,-1,-1,-1,-1,1,-1
201697AC00808,1,9,0,5,0,0,0,0,0,0,3,1,6,1,28,6,1596,1,15,-1,1,-1
201697AC00808,2,1,0,18,0,0,0,0,0,0,4,1,6,1,27,6,-1,-1,-1,-1,1,-1
201697AC00809,1,9,0,9,0,0,0,0,0,0,1,1,6,2,21,5,1329,1,6,-1,1,-1
201697AC00902,1,9,0,18,0,1,0,0,0,0,1,1,6,1,26,6,1753,2,8,-1,1,-1
201697AC00902,2,9,0,4,0,1,0,0,0,0,2,1,6,2,23,5,1968,2,1,-1,1,-1
201697AC00910,1,8,0,1,0,0,0,0,0,0,3,1,1,1,50,8,-1,-1,-1,-1,2,-1
201697AC01002,1,19,0,4,0,0,0,0,0,0,1,1,1,2,34,6,1560,2,1,-1,1,-1
201697AC01002,2,9,0,3,0,0,0,0,0,0,2,1,6,2,22,5,1242,1,11,-1,1,-1
201697AC01102,1,9,0,18,0,2,0,0,0,0,1,1,6,1,55,8,698,1,13,-1,-1,-1
201697AC01106,1,8,0,18,0,1,0,0,0,0,3,1,1,1,-1,-1,-1,-1,-1,-1,-1,-1
201697AC01109,1,20,0,12,0,8,0,0,0,0,3,1,1,1,33,6,-1,-1,-1,-1,1,-1
201697AC01109,2,9,0,18,0,8,0,0,0,0,4,1,6,2,21,5,1248,1,7,-1,3,-1
201697AC01202,1,19,0,4,0,1,0,0,0,0,1,1,6,1,22,5,1753,2,10,-1,1,-1
201697AC01202,2,9,0,4,0,1,0,0,0,0,0,1,6,2,53,8,998,1,6,-1,1,-1
201697AC01202,3,9,0,4,0,1,0,0,0,0,2,1,6,2,28,6,1598,2,5,-1,1,-1
201697AC01206,1,9,0,9,0,1,0,0,0,0,3,1,2,1,32,6,2982,2,-1,-1,1,-1
201697AC01207,1,9,0,9,0,2,0,0,0,0,1,1,6,3,-1,-1,-1,-1,-1,-1,-1,-1
201697AC01402,1,9,0,5,0,8,0,0,0,0,1,1,6,2,60,9,2401,2,11,-1,3,-1
201697AC01402,2,9,0,5,0,8,0,0,0,0,3,1,6,2,25,5,1984,1,2,-1,3,-1
201697AC01404,1,9,0,4,0,1,0,0,0,0,1,1,6,2,-1,-1,1198,1,5,-1,-1,-1
201697AC01404,2,9,0,3,0,1,0,0,0,0,2,1,2,2,48,8,1560,2,4,-1,1,-1
201697AC01507,1,9,0,18,0,0,0,0,0,0,3,1,1,1,46,8,1598,2,2,-1,1,-1
201697AC01601,1,9,0,5,0,8,0,0,0,0,4,1,6,1,24,5,1198,1,4,-1,2,-1
201697AC01602,1,8,0,18,0,8,0,0,0,0,1,1,1,1,47,8,1598,2,2,-1,1,-1
201697AC01603,1,21,0,18,0,1,0,0,0,0,1,1,1,1,59,9,4462,2,3,-1,1,-1
201697AC01605,1,9,0,18,0,8,0,0,0,0,1,1,1,1,31,6,1582,2,4,-1,1,-1
201697AC01605,2,9,0,5,0,8,0,0,1,1,3,1,1,1,45,7,2664,2,15,-1,1,-1
201697AC01701,1,9,0,18,0,0,0,0,0,0,3,1,6,1,22,5,1984,1,8,-1,1,-1
201697AC01708,1,9,0,9,0,8,0,0,0,0,1,1,6,2,23,5,1896,2,8,-1,1,-1
201697AC01708,2,9,0,18,0,2,0,0,0,0,4,1,1,2,31,6,1796,1,7,-1,3,-1
201697AC01709,1,9,0,18,0,8,0,0,0,0,1,1,6,1,45,7,1997,2,4,-1,1,-1
201697AC01709,2,8,0,18,0,8,0,0,0,0,3,1,1,1,37,7,2143,2,-1,-1,1,-1
201697AC01709,3,9,0,2,0,2,0,0,0,0,2,1,6,3,-1,-1,1497,8,2,-1,-1,-1
201697AC01802,1,9,0,18,0,6,0,0,0,0,1,1,1,1,40,7,1364,1,12,-1,1,-1
201697AC01802,2,9,0,18,0,6,0,0,0,0,2,1,1,2,29,6,999,1,2,-1,-1,-1
201697AC01802,3,9,0,18,0,6,0,0,0,0,2,1,1,2,40,7,1242,1,11,-1,1,-1
201697AC01808,1,9,0,7,0,8,0,0,0,0,1,1,6,2,66,10,2198,2,9,8,3,8
201697AC01808,2,9,0,18,0,1,0,0,0,0,1,1,6,1,76,11,1598,1,2,-1,1,-1
201697AC01808,3,9,0,18,0,1,0,0,0,0,3,1,1,1,29,6,-1,-1,-1,-1,1,-1
201697AC01901,1,9,0,9,0,6,0,0,0,0,1,1,2,1,56,9,2987,2,10,-1,1,-1
201697AC01901,2,1,0,10,0,1,0,0,0,0,1,1,2,2,26,6,-1,-1,-1,-1,1,-1
201697AC01908,1,19,0,18,0,1,0,0,0,0,1,1,6,1,34,6,2287,2,2,7,1,7
201697AC01908,2,8,0,18,0,1,0,0,0,0,3,1,1,1,57,9,2664,2,14,-1,1,-1
201697AC02002,1,9,0,18,0,0,0,0,0,0,1,1,6,1,25,5,1598,1,3,-1,1,-1
201697AC02002,2,9,0,4,0,0,0,0,0,0,2,1,6,1,36,7,1910,2,11,-1,1,-1
201697AC02003,1,8,0,14,0,0,0,0,0,0,1,1,1,1,53,8,1997,2,1,-1,3,-1
201697AC02005,1,9,0,18,0,1,0,0,0,0,1,1,6,1,-1,-1,-1,-1,-1,-1,1,-1
201697AC02005,2,9,0,9,0,1,0,0,0,0,2,1,6,1,49,8,1396,2,5,-1,1,-1
201697AC02101,1,8,0,18,0,1,0,0,0,0,3,1,6,1,52,8,2402,2,11,-1,1,-1
201697AC02101,2,9,0,18,0,1,0,0,0,0,4,1,6,2,31,6,1598,1,3,-1,1,-1
201697AC02103,1,9,0,3,0,0,0,0,0,0,1,1,6,2,-1,-1,1599,1,10,-1,-1,-1
201697AC02103,2,8,0,3,0,0,0,0,0,0,2,1,1,1,54,8,1598,2,5,-1,1,-1
201697AC02105,1,9,0,18,0,1,0,0,0,0,1,1,6,1,28,6,1968,2,3,-1,-1,-1
201697AC02105,2,9,0,18,0,1,0,0,0,0,2,1,6,1,39,7,-1,-1,-1,-1,1,-1
201697AC02209,1,9,0,18,0,8,0,0,0,0,1,1,6,1,62,9,998,1,2,-1,1,-1
201697AC02209,2,8,0,18,0,8,0,0,7,11,3,1,1,1,60,9,2499,2,8,-1,1,-1
201697AC02408,1,9,0,18,0,1,1,0,0,0,1,1,2,1,51,8,-1,-1,-1,-1,1,-1
201697AC02501,1,9,0,9,0,8,0,0,7,0,4,1,6,1,24,5,1229,1,7,-1,1,-1
201697AC02501,2,11,0,18,0,1,0,0,0,0,1,1,1,1,60,9,8268,2,13,-1,1,-1
201697AC02602,1,9,0,18,0,1,0,0,0,0,3,1,6,1,35,6,1998,2,3,-1,1,-1
201697AC02602,2,9,0,11,0,1,0,0,0,0,2,1,6,1,26,6,1995,2,6,-1,1,-1
201697AC02704,1,9,0,18,0,8,0,0,0,0,1,1,6,2,68,10,1590,1,21,-1,1,-1
201697AC02704,2,9,0,18,0,8,0,0,0,0,3,1,2,2,25,5,1598,2,3,-1,2,-1
201697AC03604,1,9,0,9,0,1,0,0,0,0,1,1,6,1,59,9,1598,2,-1,-1,1,-1
201697AC70102,1,9,0,7,0,8,0,0,0,0,3,1,2,1,70,10,1560,2,4,-1,1,-1
201697AC70102,2,5,0,18,0,1,0,0,0,0,1,1,1,1,24,5,599,1,19,-1,1,-1
201697AC70103,1,9,0,15,0,0,2,10,2,0,4,1,6,1,38,7,1229,1,11,-1,-1,-1
201697AC70108,1,9,0,11,0,0,0,0,0,0,2,1,6,1,30,6,1461,2,5,-1,1,-1
201697AC70108,2,9,0,4,0,0,0,0,0,0,2,1,6,1,31,6,1968,2,8,-1,1,-1
201697AC70108,3,9,0,11,0,0,0,0,0,0,2,1,6,2,22,5,1364,1,-1,-1,-1,-1
201697AC70110,1,9,0,18,0,0,0,0,0,0,1,1,6,1,67,10,1229,1,4,-1,-1,-1
201697AC70110,2,9,0,18,0,0,0,0,0,0,1,1,6,2,40,7,1798,8,3,-1,1,-1
201697AC70110,3,9,0,18,0,0,0,0,0,0,1,1,6,1,32,6,1242,1,13,-1,1,-1
201697AC70110,4,9,0,4,0,0,0,0,0,0,0,1,6,1,35,6,1198,1,9,-1,1,-1
201697AC70203,1,11,0,18,0,1,0,0,0,0,4,1,1,1,47,8,6700,2,1,-1,3,-1
201697AC70204,1,9,0,18,0,0,0,0,0,0,1,1,6,1,18,4,1398,1,-1,-1,1,-1
201697AC70204,2,9,0,18,0,0,0,0,0,0,2,1,2,1,44,7,2996,1,9,-1,3,-1
201697AC70204,3,9,0,18,0,0,0,0,0,0,2,1,6,2,44,7,1598,1,2,-1,1,-1
201697AC70303,1,19,0,18,0,1,0,0,0,7,4,1,6,1,63,9,2148,2,11,-1,1,-1
201697AC70303,2,9,0,18,0,1,0,0,0,0,3,1,6,2,62,9,1242,1,4,-1,1,-1
201697AC70303,3,9,0,18,0,1,0,0,0,0,1,1,1,1,41,7,1242,1,3,-1,1,-1
201697AC70303,4,20,0,18,0,1,0,0,0,0,1,1,1,1,41,7,12902,2,2,-1,1,-1
201697AC70305,1,9,0,18,0,0,0,0,0,0,1,1,6,1,40,7,1598,2,1,-1,1,-1
201697AC70305,2,9,0,18,0,0,0,0,0,0,2,1,6,1,54,8,-1,-1,-1,5,1,5
201697AC70305,3,9,0,18,0,0,0,0,0,0,2,1,6,2,40,7,1198,1,4,-1,1,-1
201697AC70305,4,9,0,18,0,0,0,0,0,0,1,1,6,1,40,7,2720,2,11,-1,1,-1
201697AC70308,1,11,0,18,0,8,0,0,0,0,1,1,1,1,36,7,4500,2,1,-1,1,-1
201697AC70309,1,9,0,13,0,0,1,10,0,7,1,1,1,1,38,7,3996,1,14,-1,1,-1
201697AC70310,1,9,0,18,0,0,0,0,0,0,1,1,6,1,40,7,1968,2,5,-1,1,-1
201697AC70310,2,9,0,18,0,0,0,0,0,0,2,1,6,2,38,7,1198,1,4,-1,1,-1
201697AC70403,1,9,0,4,0,0,0,0,0,0,1,1,6,2,35,6,1975,1,9,-1,3,-1
201697AC70403,2,9,0,4,0,0,0,0,0,0,2,1,6,1,41,7,1596,1,2,-1,-1,-1
201697AC70403,3,9,0,4,0,0,0,0,0,0,2,1,6,1,36,7,1796,1,9,-1,1,-1
201697AC70403,4,9,0,4,0,0,0,0,0,0,2,1,6,1,36,7,999,1,-1,-1,3,-1
201697AC70403,5,9,0,4,0,0,0,0,0,0,2,1,6,2,38,7,1598,1,2,-1,1,-1
201697AC70404,1,19,0,9,0,8,0,0,0,0,4,1,6,1,50,8,2496,2,16,-1,1,-1
201697AC70404,2,9,0,18,0,8,0,0,0,0,1,1,6,2,54,8,1995,1,6,-1,1,-1
201697AC70405,1,19,0,18,0,0,0,0,0,0,1,1,1,1,46,8,2461,2,11,-1,1,-1
201697AC70405,2,9,0,18,0,0,0,0,0,0,2,1,6,1,30,6,1956,2,7,-1,1,-1
201697AC70405,3,9,0,18,0,0,0,0,0,0,2,1,6,2,48,8,1461,2,6,-1,2,-1
201697AC70406,1,9,0,16,0,5,1,0,0,7,1,1,6,2,24,5,995,1,5,-1,1,-1
201697AC70408,1,9,0,18,0,0,0,4,0,0,1,1,6,1,48,8,1198,1,4,-1,1,-1
201697AC70408,2,9,0,4,0,0,0,0,0,0,2,1,6,1,21,5,1198,1,11,-1,1,-1
201697AC70409,1,9,0,16,0,0,2,0,2,6,1,1,6,2,36,7,1124,1,14,-1,1,-1
201697AC70502,1,9,0,18,0,0,0,0,0,0,1,1,6,2,51,8,1600,1,4,-1,3,-1
201697AC70502,2,9,0,18,0,0,0,0,0,0,1,1,6,2,68,10,1398,1,2,-1,3,-1
201697AC70502,3,9,0,4,0,0,0,0,0,0,2,1,2,1,30,6,998,1,4,-1,1,-1
201697AC70502,4,9,0,4,0,0,0,0,0,0,2,1,6,2,66,10,1248,1,-1,-1,3,-1
201697AC70503,1,9,0,18,0,0,5,0,0,0,1,1,6,1,54,8,1598,1,10,-1,1,-1
201697AC70503,2,9,0,3,0,0,0,0,0,0,2,1,6,2,37,7,1360,1,8,-1,1,-1
201697AC70503,3,19,0,18,0,0,0,0,0,0,4,1,6,1,34,6,1968,2,-1,4,1,4
201697AC70504,1,9,0,18,0,0,0,0,0,0,1,1,6,1,45,7,1149,1,8,-1,1,-1
201697AC70504,2,19,0,3,0,0,0,0,0,0,2,1,6,1,27,6,1995,2,3,-1,1,-1
201697AC70508,1,9,0,18,0,0,0,0,0,0,1,1,6,1,24,5,1398,1,1,-1,1,-1
201697AC70508,2,9,0,18,6,0,0,0,0,0,2,1,6,1,60,9,1364,1,1,-1,-1,-1
201697AC70603,1,9,0,18,0,0,0,0,0,0,1,1,6,2,28,6,1595,1,4,-1,1,-1
201697AC70603,2,9,0,4,0,0,0,0,0,0,2,1,6,1,48,8,1769,1,12,-1,1,-1
201697AC70603,3,9,0,4,0,0,0,0,0,0,2,1,6,2,19,4,1242,1,5,-1,1,-1
201697AC70603,4,9,0,4,0,0,0,0,0,0,2,1,6,1,52,8,1598,2,4,-1,-1,-1
201697AC70704,1,21,1,18,0,0,0,0,0,0,1,1,1,1,50,8,12900,2,8,-1,-1,-1
201697AC70704,2,9,0,18,0,0,0,0,0,0,3,1,6,1,48,8,1998,2,6,-1,1,-1
201697AC70803,1,9,0,18,0,0,0,0,0,0,1,1,2,1,45,7,998,1,7,-1,3,-1
201697AC70803,2,9,0,18,0,0,0,0,0,0,2,1,6,1,54,8,1997,2,2,-1,1,-1
201697AC70803,3,9,0,18,0,0,0,0,0,0,2,1,6,1,43,7,1991,2,7,-1,3,-1
201697AC70804,1,11,0,18,3,0,0,0,0,0,1,1,1,1,51,8,6700,2,1,-1,1,-1
201697AC70805,1,8,0,18,0,0,1,0,2,11,1,1,1,1,35,6,2143,2,5,-1,1,-1
201697AC70809,1,9,0,18,0,0,0,0,0,0,1,1,1,1,36,7,996,1,7,-1,-1,-1
201697AC70809,2,9,0,4,0,0,0,0,0,0,2,1,2,2,36,7,1968,2,3,-1,-1,-1
201697AC70809,3,9,0,4,0,0,0,0,0,0,2,1,2,1,26,6,1998,1,1,-1,-1,-1
201697AC70903,1,9,0,18,0,0,0,0,0,0,1,1,6,1,40,7,-1,-1,-1,-1,2,-1
201697AC70903,2,9,0,18,0,0,0,0,0,0,2,1,6,1,45,7,1598,1,4,-1,1,-1
201697AD00105,1,9,0,17,0,0,1,0,0,0,1,1,1,1,39,7,-1,-1,-1,-1,1,-1
201697AD00105,2,9,0,2,0,0,0,0,0,0,3,1,6,3,-1,-1,1998,1,13,-1,-1,-1
201697AD00105,3,9,0,2,0,0,0,0,0,0,3,1,6,3,-1,-1,1896,2,13,-1,-1,-1
201697AD00106,1,9,0,4,0,2,0,0,0,0,1,1,6,1,52,8,1596,1,12,-1,1,-1
201697AD00106,2,9,0,3,0,2,0,0,0,0,2,1,6,2,37,7,1598,2,2,-1,2,-1
201697AD00106,3,19,0,3,0,2,0,0,0,0,2,1,1,1,40,7,-1,-1,-1,-1,-1,-1
201697AD00201,1,9,0,18,0,0,0,0,8,11,3,1,6,1,27,6,1798,1,3,-1,1,-1
201697AD00204,1,9,0,18,0,4,0,0,0,0,3,1,6,2,49,8,1200,1,3,-1,1,-1
201697AD00204,2,1,0,18,0,1,0,0,0,0,4,1,6,1,53,8,-1,-1,-1,-1,-1,-1
201697AD00206,1,9,0,9,0,1,0,0,0,0,1,1,6,2,55,8,1598,1,9,-1,1,-1
201697AD00206,2,9,0,5,0,2,0,0,0,0,3,1,6,1,28,6,1149,1,12,-1,1,-1
201697AD00303,1,9,0,18,0,1,0,0,0,0,4,1,6,1,80,11,998,1,1,-1,1,-1
201697AD00401,1,9,0,6,0,2,0,0,6,0,3,1,1,1,32,6,-1,-1,-1,-1,-1,-1
201697AD00401,2,9,0,18,0,8,0,0,4,0,1,1,6,2,28,6,1390,1,6,-1,1,-1
201697AD00407,1,9,0,18,0,0,0,0,0,0,1,1,6,1,26,6,1390,1,2,-1,1,-1
201697AD00407,2,8,0,18,0,0,0,0,0,0,2,1,6,1,42,7,1968,2,6,-1,1,-1
201697AD00409,1,9,0,2,6,0,0,0,0,0,4,1,6,1,42,7,1388,1,14,-1,1,-1
201697AD00409,2,1,0,15,0,0,0,8,0,0,3,1,6,1,55,8,-1,-1,-1,-1,1,-1
201697AD00507,1,9,0,18,0,1,0,0,0,0,1,1,6,1,38,7,2999,2,13,-1,1,-1
201697AD00507,2,9,0,18,0,1,0,0,0,0,1,1,6,1,45,7,1398,1,6,-1,1,-1
201697AD00601,1,9,0,9,0,1,0,0,0,0,1,1,2,2,48,8,1798,1,7,-1,1,-1
201697AD00601,2,9,0,18,0,1,0,0,0,0,1,1,2,2,28,6,1242,1,2,-1,1,-1
201697AD00701,1,9,0,18,0,2,0,0,0,0,1,1,2,2,58,9,-1,-1,-1,-1,1,-1
201697AD00701,2,9,0,9,0,2,0,0,0,0,4,1,2,2,33,6,1200,1,2,-1,1,-1
201697AD00804,1,9,0,2,0,1,0,0,0,0,3,1,6,1,51,8,2179,2,2,-1,1,-1
201697AD00804,2,1,0,18,0,1,0,0,0,0,1,1,6,1,49,8,-1,-1,-1,-1,1,-1
201697AD00806,1,9,0,2,0,0,0,0,0,0,0,1,6,3,-1,-1,-1,-1,-1,-1,-1,-1
201697AD00806,2,1,0,18,0,0,0,0,0,0,1,1,6,1,36,7,-1,-1,-1,-1,1,-1
201697AD00806,3,9,0,2,0,0,0,0,0,0,2,1,6,3,-1,-1,998,1,9,-1,1,-1
201697AD00906,1,9,0,18,0,0,0,0,0,0,1,1,6,1,55,8,2148,2,11,-1,1,-1
201697AD00909,1,9,0,2,9,1,0,0,0,10,1,1,6,1,24,5,1999,1,3,-1,3,-1
201697AD01004,1,9,0,18,0,1,1,4,0,0,1,1,6,2,54,8,1242,1,10,-1,1,-1
201697AD01004,2,9,0,2,0,1,0,0,0,0,3,1,6,1,20,4,2993,2,2,-1,-1,-1
201697AD01004,3,9,0,2,0,1,0,0,0,0,2,1,6,2,30,6,1339,1,9,-1,-1,-1
201697AD01004,4,9,0,2,0,1,0,0,0,0,2,1,6,2,50,8,1242,1,5,-1,-1,-1
201697AD01004,5,9,0,2,0,1,0,0,0,0,0,1,6,2,60,9,2143,2,2,-1,1,-1
201697AD01009,1,9,0,13,0,1,0,4,0,0,2,1,6,3,-1,-1,-1,-1,-1,-1,-1,-1
201697AD01009,2,1,0,18,0,1,0,0,0,0,1,1,2,1,23,5,-1,-1,-1,-1,1,-1
201697AD01101,1,8,0,16,0,6,0,0,0,0,1,1,6,1,58,9,2499,2,7,-1,1,-1
201697AD01102,1,9,0,18,0,0,1,0,0,0,1,1,2,1,25,5,1896,2,9,-1,1,-1
201697AD01107,1,9,0,18,0,0,0,0,0,0,1,1,6,1,31,6,1598,2,6,-1,1,-1
201697AD01201,1,9,0,9,0,1,0,0,0,0,1,1,6,1,49,8,-1,-1,-1,-1,1,-1
201697AD01201,2,8,0,18,0,1,0,0,0,0,1,1,1,2,53,8,1199,2,4,-1,1,-1
201697AD01205,1,9,0,18,0,1,0,0,0,0,1,1,6,1,49,8,1686,2,5,-1,1,-1
201697AD01205,2,8,0,4,0,1,0,0,0,0,2,1,1,1,46,8,1560,2,5,-1,1,-1
201697AD01205,3,8,0,3,0,1,0,0,0,0,2,1,1,1,46,8,1598,2,5,-1,1,-1
201697AD01305,1,11,0,4,2,1,0,0,0,0,1,1,6,1,22,5,6696,2,3,-1,1,-1
201697AD01306,1,1,0,18,0,1,0,0,0,0,1,1,4,1,12,3,-1,-1,-1,-1,-1,-1
201697AD01306,2,9,0,18,0,1,0,0,0,0,1,1,6,1,84,11,1242,1,5,-1,1,-1
201697AD01401,1,9,0,4,0,0,0,0,0,0,4,1,2,2,52,8,1995,2,7,-1,1,-1
201697AD01406,1,9,0,5,0,0,0,0,0,0,3,1,6,1,29,6,2979,1,-1,-1,1,-1
201697AD01406,2,9,0,18,0,0,0,0,0,0,1,1,1,2,45,7,-1,-1,-1,-1,1,-1
201697AD01408,1,19,0,9,0,5,0,0,0,7,1,1,1,1,28,6,-1,-1,-1,-1,-1,-1
201697AD01408,2,9,0,18,0,8,0,0,0,7,3,1,2,2,17,4,-1,-1,-1,-1,1,-1
201697AD01504,1,9,0,5,0,2,0,0,0,0,3,1,6,1,28,6,1598,2,5,-1,1,-1
201697AD01504,2,8,0,18,0,2,0,0,7,0,4,1,1,2,54,8,1598,2,6,-1,1,-1
201697AD01504,3,9,0,2,0,2,0,0,0,0,3,1,6,2,47,8,1497,8,1,-1,1,-1
201697AD01506,1,9,0,18,0,1,0,0,0,0,1,1,6,1,21,5,2143,2,5,-1,1,-1
201697AD01506,2,9,0,3,0,1,0,0,0,0,2,1,6,2,29,6,1995,2,3,-1,1,-1
201697AD01506,3,9,0,3,0,1,0,0,0,0,2,1,6,2,42,7,1496,2,1,-1,1,-1
201697AD01507,1,8,0,5,0,1,0,0,0,0,3,1,1,1,60,9,1598,2,1,-1,1,-1
201697AD01610,1,9,0,1,0,0,0,0,0,0,2,1,6,1,44,7,1149,1,13,-1,1,-1
201697AD01707,1,9,0,18,0,0,0,0,0,0,1,1,6,1,70,10,4367,2,5,-1,1,-1
201697AD01707,2,9,0,18,0,0,0,0,0,0,2,1,1,1,46,8,1995,2,-1,-1,1,-1
201697AD01708,1,9,0,18,0,8,0,0,0,0,1,1,6,1,25,5,2993,2,-1,-1,-1,-1
201697AD01810,1,11,0,5,0,0,0,0,0,0,1,1,1,1,39,7,7300,2,10,-1,-1,-1
201697AD01901,1,9,0,18,0,1,0,0,0,0,1,1,1,1,31,6,1968,2,4,-1,1,-1
201697AD01901,2,19,0,9,0,1,0,0,0,0,1,1,1,1,47,8,1995,2,9,-1,1,-1
201697AD02002,1,9,0,8,0,0,0,0,0,0,3,1,2,1,37,7,2179,2,2,-1,1,-1
201697AD02002,2,8,0,18,0,0,0,0,0,0,4,1,2,1,55,8,998,1,1,-1,1,-1
201697AD02003,1,1,0,18,0,8,0,0,0,0,1,1,6,1,61,9,-1,-1,-1,-1,1,-1
201697AD02003,2,9,0,18,0,8,0,0,0,0,3,1,6,1,31,6,1398,1,1,-1,1,-1
201697AD02006,1,9,0,10,0,1,0,0,0,0,4,1,6,1,46,8,1390,1,15,-1,1,-1
201697AD02006,2,1,0,18,0,1,0,0,0,0,1,1,6,1,33,6,-1,-1,-1,-1,1,-1
201697AD02104,1,9,0,18,0,1,0,0,0,0,3,1,6,3,18,4,-1,-1,-1,-1,-1,-1
201697AD02104,2,5,0,12,0,1,1,0,0,0,4,1,6,1,35,6,656,1,10,-1,1,-1
201697AD02109,1,9,0,13,0,1,0,0,0,0,1,1,1,1,39,7,1560,2,4,-1,1,-1
201697AD02206,1,8,0,18,0,0,0,0,0,0,4,1,1,1,49,8,2664,2,16,-1,1,-1
201697AD02301,1,9,0,17,0,0,1,0,0,0,0,1,1,1,43,7,1198,1,2,-1,1,-1
201697AD02306,1,9,0,5,0,7,0,0,0,0,0,1,6,1,49,8,1896,2,11,-1,1,-1
201697AD02306,2,11,0,16,0,1,0,0,0,0,0,1,1,1,41,7,8268,2,14,-1,3,-1
201697AD02502,1,9,0,18,0,6,0,0,0,0,1,1,6,1,24,5,2393,1,16,-1,1,-1
201697AD02502,2,9,0,18,0,8,0,0,0,0,4,1,1,1,41,7,1598,2,2,-1,1,-1
201697AD02510,1,9,0,18,0,1,0,0,0,0,1,1,1,1,30,6,-1,-1,-1,-1,-1,-1
201697AD02510,2,9,0,4,0,1,0,0,0,0,2,1,6,2,55,8,1796,2,4,-1,1,-1
201697AD02608,1,9,0,18,0,8,0,0,0,0,1,1,6,2,51,8,1896,2,7,-1,2,-1
201697AD02608,2,9,0,18,0,1,0,0,0,0,1,1,6,1,51,8,1339,8,6,-1,1,-1
201697AD02610,1,9,0,9,0,8,0,0,0,0,4,1,2,1,35,6,2231,2,5,-1,1,-1
201697AD02610,2,9,0,18,0,8,0,0,0,0,1,1,2,2,57,9,1499,2,1,-1,1,-1
201697AD02610,3,9,0,10,0,8,0,0,0,0,1,1,2,1,26,6,998,1,1,-1,1,-1
201697AD02803,1,9,0,18,0,8,0,0,0,0,1,1,6,3,27,6,1390,1,7,-1,-1,-1
201697AD02803,2,1,0,18,0,8,0,0,0,0,4,1,2,1,33,6,-1,-1,-1,-1,1,-1
201697AD02805,1,9,0,16,0,2,0,0,0,0,1,1,6,2,53,8,1242,1,3,-1,1,-1
201697AD02805,2,9,0,2,0,2,0,0,0,0,4,1,6,1,67,10,1685,2,3,-1,-1,-1
201697AD02904,1,9,0,18,0,1,0,0,0,0,1,1,6,1,56,9,1596,1,4,-1,1,-1
201697AD02905,1,1,0,18,0,0,0,0,0,0,1,1,6,1,23,5,-1,-1,-1,-1,1,-1
201697AD02905,2,9,0,6,0,0,0,0,0,0,1,1,6,1,41,7,1242,1,3,-1,-1,-1
201697AD02906,1,9,0,18,0,0,0,0,0,0,1,1,6,1,22,5,-1,-1,-1,-1,3,-1
201697AD02906,2,9,0,3,0,0,0,0,0,0,2,1,6,2,53,8,2199,2,3,-1,1,-1
201697AD02906,3,9,0,3,0,0,0,0,0,0,2,1,6,1,25,5,1896,2,10,-1,1,-1