Accident_Index,Vehicle_Reference,Vehicle_Type,Towing_and_Articulation,Vehicle_Manoeuvre,Vehicle_Location-Restricted_Lane,Junction_Location,Skidding_and_Overturning,Hit_Object_in_Carriageway,Vehicle_Leaving_Carriageway,Hit_Object_off_Carriageway,1st_Point_of_Impact,Was_Vehicle_Left_Hand_Drive?,Journey_Purpose_of_Driver,Sex_of_Driver,Age_of_Driver,Age_Band_of_Driver,Engine_Capacity_(CC),Propulsion_Code,Age_of_Vehicle,Driver_IMD_Decile,Driver_Home_Area_Type,Vehicle_IMD_Decile
201697GC02808,2,9,0,18,0,2,0,0,0,0,0,1,6,2,78,11,1990,1,24,-1,1,-1
201697GC02809,1,11,0,7,9,8,0,0,1,0,2,1,1,3,-1,-1,-1,-1,-1,-1,-1,-1
201697GC02901,1,9,0,18,0,1,0,0,0,0,1,1,6,1,-1,-1,-1,-1,-1,-1,-1,-1
201697GC02903,1,9,0,18,0,0,0,0,0,0,1,1,6,2,60,9,1995,2,4,-1,1,-1
201697GC02903,2,9,0,18,0,0,0,0,0,0,3,1,6,1,47,8,-1,-1,-1,-1,1,-1
201697GC02905,1,8,0,1,9,0,0,0,1,0,2,1,6,1,35,6,-1,-1,-1,-1,-1,-1
201697GC02909,1,9,0,1,9,0,0,0,0,0,2,1,6,1,40,7,-1,-1,-1,-1,-1,-1
201697GC03002,1,9,0,18,0,0,5,7,1,4,1,1,6,2,20,4,998,1,2,-1,1,-1
201697GC03003,1,9,0,18,0,0,0,0,1,1,1,1,6,2,21,5,998,1,3,-1,1,-1
201697GC03101,1,9,0,18,0,2,2,0,7,1,1,1,6,1,28,6,1598,1,3,-1,1,-1
201697GC03105,1,9,0,9,0,6,0,0,0,0,3,1,6,1,31,6,1968,2,1,-1,1,-1
201697GC03105,2,5,0,18,0,1,0,0,0,0,1,1,6,1,38,7,1198,1,4,-1,1,-1
201697GC03202,1,9,0,16,0,0,0,0,0,0,4,1,6,1,73,10,1198,1,5,-1,1,-1
201697GC03202,2,9,0,2,0,0,0,0,0,0,3,1,6,1,46,8,1198,1,2,-1,1,-1
201697GC03203,1,9,0,10,0,1,0,0,0,0,1,1,3,1,20,4,2179,2,1,-1,-1,-1
201697GC03203,2,9,0,10,0,1,0,0,0,0,2,1,1,2,35,6,1368,1,8,-1,3,-1
201697GC03302,1,9,0,4,0,0,0,0,0,0,1,1,6,2,42,7,2993,2,1,-1,1,-1
201697GC03302,2,9,0,4,0,0,0,0,0,0,2,1,6,2,30,6,1596,1,3,-1,1,-1
201697GC03308,1,9,0,6,0,0,0,0,0,0,4,1,2,1,33,6,1598,1,13,-1,1,-1
201697GC03308,2,1,0,18,0,0,0,0,0,0,3,1,6,1,48,8,-1,-1,-1,-1,1,-1
201697GC03403,1,9,0,9,0,5,1,10,0,0,1,1,6,1,20,4,1200,1,-1,-1,1,-1
201697GC03403,2,9,0,18,0,1,1,10,1,11,3,1,6,2,49,8,1242,1,3,-1,1,-1
201697GC70105,1,9,0,18,0,3,0,0,0,0,4,1,6,1,18,4,998,1,-1,-1,2,-1
201697GC70105,2,1,0,18,0,3,0,0,0,0,3,1,6,1,51,8,-1,-1,-1,-1,1,-1
201697GC70110,1,9,0,15,0,1,2,0,0,0,2,1,6,2,20,4,3387,1,8,-1,1,-1
201697GC70110,2,9,0,12,0,7,0,0,6,0,1,1,6,2,29,6,1390,1,3,-1,1,-1
201697GC70110,3,9,0,18,0,1,0,0,0,0,4,1,6,1,32,6,1242,1,2,-1,-1,-1
201697GC70201,1,9,0,18,0,0,0,0,0,0,1,1,6,1,22,5,1560,2,4,-1,2,-1
201697GC70201,2,9,0,4,0,0,0,0,0,0,4,1,2,2,40,7,1461,2,3,-1,1,-1
201697GC70201,3,9,0,4,0,0,0,0,0,0,3,1,2,2,21,5,1598,1,13,-1,1,-1
201697GC70201,4,9,0,4,0,0,0,0,0,0,4,1,1,1,29,6,1560,2,4,-1,-1,-1
201697GC70202,1,90,0,18,0,0,0,0,0,0,1,1,6,3,-1,-1,-1,-1,-1,-1,-1,-1
201697GC70202,2,1,0,18,0,0,0,0,0,0,2,1,6,1,36,7,-1,-1,-1,-1,1,-1
201697GC70206,1,9,0,18,0,3,0,0,0,0,4,1,6,1,70,10,1598,1,1,-1,1,-1
201697GC70206,2,1,0,18,0,8,0,0,0,0,3,1,6,2,25,5,-1,-1,-1,-1,1,-1
201697GC70207,1,1,0,17,0,0,1,10,1,0,4,1,6,1,38,7,-1,-1,-1,-1,1,-1
201697GC70209,1,19,0,18,0,0,0,0,0,0,1,1,1,1,33,6,2299,2,2,-1,1,-1
201697GC70209,2,19,0,4,0,0,0,0,4,6,2,1,1,1,46,8,2198,2,1,-1,1,-1
201697GC70212,1,9,0,18,0,0,0,0,0,0,1,1,1,1,21,5,1956,2,6,-1,1,-1
201697GC70212,2,9,0,3,0,0,0,0,0,0,2,1,6,1,25,5,1596,1,6,-1,1,-1
201697GC70212,3,9,0,3,0,0,0,0,0,0,2,1,6,2,45,7,1395,1,-1,-1,3,-1
201697GC70304,1,5,0,18,0,0,0,0,0,0,1,1,6,1,54,8,781,1,16,-1,1,-1
201697GC70304,2,11,0,18,0,0,0,0,0,0,3,1,1,1,64,9,3900,2,11,-1,-1,-1
201697GC70310,1,9,0,18,0,8,0,0,0,0,0,1,6,3,-1,-1,-1,-1,-1,-1,-1,-1
201697GC70310,2,9,0,18,0,5,0,0,0,7,1,1,6,1,57,9,2993,2,10,-1,1,-1
201697GC70404,1,9,0,9,0,5,0,0,0,0,1,1,6,2,78,11,1596,1,3,-1,1,-1
201697GC70404,2,2,0,18,0,1,0,0,0,0,3,1,6,1,19,4,-1,-1,-1,-1,1,-1
201697GC70406,1,9,0,18,0,0,0,0,0,0,1,1,6,2,18,4,1086,1,7,-1,1,-1
201697GC70504,1,9,0,4,0,0,0,0,0,0,1,1,6,1,32,6,1753,2,7,-1,1,-1
201697GC70504,2,9,0,18,0,0,0,0,0,0,2,1,6,2,48,8,1796,1,2,-1,2,-1
201697GC70504,3,9,0,18,0,0,0,0,0,0,2,1,6,2,22,5,1461,2,1,-1,1,-1
201697GD00108,1,8,0,15,0,1,0,0,0,0,1,1,1,1,54,8,2402,2,11,-1,1,-1
201697GD00108,2,9,0,9,0,6,0,0,0,0,1,1,6,1,22,5,999,1,4,-1,1,-1
201697GD00111,1,9,0,4,0,0,0,0,0,0,1,1,6,1,22,5,1995,2,3,-1,1,-1
201697GD00203,1,9,0,18,0,0,0,0,0,0,1,1,6,2,36,7,1229,1,7,-1,1,-1
201697GD00211,1,9,0,7,0,1,0,0,0,0,1,1,6,2,54,8,1998,8,-1,-1,1,-1
201697GD00211,2,1,0,18,0,2,0,0,0,0,4,1,2,1,50,8,-1,-1,-1,-1,1,-1
201697GD00301,1,9,0,14,0,0,0,0,0,0,4,1,6,2,20,4,998,1,10,-1,1,-1
201697GD00303,1,9,0,9,0,8,0,0,0,0,1,1,6,1,30,6,998,1,1,-1,1,-1
201697GD00303,2,9,0,8,0,8,0,0,0,0,1,1,1,1,53,8,-1,-1,-1,-1,1,-1
201697GD00303,3,9,0,18,0,8,0,0,0,0,1,1,6,2,31,6,1598,1,3,-1,1,-1
201697GD00305,1,9,0,5,0,1,0,0,0,0,1,1,2,2,23,5,1598,2,3,-1,1,-1
201697GD00402,1,11,0,4,0,0,0,0,0,0,1,1,1,1,54,8,7300,2,15,-1,1,-1
201697GD00405,1,9,0,9,0,1,0,0,0,0,4,1,2,2,54,8,1461,2,1,-1,3,-1
201697GD00405,2,1,0,18,0,1,0,0,0,0,1,1,2,1,31,6,-1,-1,-1,-1,1,-1
201697GD00412,1,9,0,18,0,0,0,0,0,0,1,1,6,1,90,11,-1,-1,-1,-1,1,-1
201697GD00412,2,9,0,2,0,0,0,0,0,0,1,1,6,3,-1,-1,2148,2,13,-1,3,-1
201697GD00412,3,9,0,2,0,0,0,0,0,0,1,1,6,3,-1,-1,1229,1,9,-1,1,-1
201697GD00503,1,9,0,4,0,1,0,0,0,0,1,2,6,1,20,4,1388,1,6,-1,1,-1
201697GD00503,2,9,0,3,0,1,0,0,0,0,2,2,1,2,51,8,1199,2,3,-1,1,-1
201697GD00503,3,9,0,3,0,1,0,0,0,0,2,2,6,2,44,7,-1,-1,-1,-1,1,-1
201697GD00509,1,9,0,13,9,1,0,0,7,5,1,1,6,2,37,7,1461,2,7,-1,1,-1
201697GD00510,1,9,0,5,0,8,0,0,7,11,1,1,6,1,25,5,1398,2,1,-1,1,-1
201697GD00510,2,9,0,18,0,8,0,0,1,2,1,1,2,1,33,6,1248,1,4,-1,1,-1
201697GD00511,1,9,0,3,0,1,0,0,1,0,3,1,6,1,76,11,1390,1,4,-1,1,-1
201697GD00511,2,1,0,10,0,1,0,0,0,0,2,1,6,1,58,9,-1,-1,-1,-1,1,-1
201697GD00610,1,9,0,18,0,0,0,0,0,0,1,1,6,1,-1,-1,1598,2,1,-1,-1,-1
201697GD00610,2,9,0,4,0,0,0,0,0,0,1,1,6,2,29,6,1242,1,2,-1,1,-1
201697GD00707,1,1,0,18,9,1,1,0,0,0,1,1,6,1,13,3,-1,-1,-1,-1,-1,-1
201697GD00707,2,9,0,7,0,1,0,0,0,0,1,1,2,1,46,8,-1,-1,-1,-1,1,-1
201697GD00711,1,1,0,5,0,8,0,0,0,0,1,1,6,2,52,8,-1,-1,-1,-1,1,-1
201697GD00711,2,9,0,9,0,5,0,0,0,0,4,1,6,2,60,9,1198,1,-1,-1,1,-1
201697GD00804,1,9,0,18,0,8,0,0,0,0,1,1,6,2,52,8,1229,1,7,-1,1,-1
201697GD00804,2,9,0,5,0,8,0,0,0,0,3,1,6,1,48,8,2231,2,-1,-1,1,-1
201697GD00810,1,11,0,4,0,1,0,0,0,0,0,1,1,1,34,6,6700,2,5,-1,1,-1
201697GD00812,1,9,0,18,0,8,0,0,0,0,3,1,2,1,56,9,1496,1,1,-1,3,-1
201697GD00903,1,9,0,18,0,1,0,0,0,0,1,1,6,1,57,9,1364,1,10,-1,1,-1
201697GD00904,1,9,0,4,0,0,0,0,0,0,1,1,6,1,79,11,1798,1,14,-1,1,-1
201697GD00904,2,9,0,3,0,0,0,0,0,0,2,1,6,1,27,6,2993,2,4,-1,1,-1
201697GD01003,1,9,0,7,0,5,0,0,0,0,1,1,6,1,53,8,-1,-1,-1,-1,-1,-1
201697GD01003,2,9,0,4,0,2,0,0,0,0,2,1,6,1,53,8,1988,1,15,-1,1,-1
201697GD01003,3,9,0,4,0,2,0,0,0,0,2,1,6,1,57,9,1497,1,15,-1,1,-1
201697GD01006,1,19,0,3,0,1,0,0,0,0,1,1,1,1,28,6,2287,2,4,-1,1,-1
201697GD01006,2,9,0,3,0,1,0,0,0,0,2,1,6,1,47,8,2204,2,10,-1,1,-1
201697GD01103,1,9,0,18,0,0,0,4,0,0,4,1,6,1,35,6,1896,2,7,-1,1,-1
201697GD01103,2,9,0,2,0,0,0,0,0,0,4,1,6,1,60,9,-1,-1,-1,-1,-1,-1
201697GD01103,3,9,0,2,0,0,0,0,0,0,3,1,6,2,20,4,1199,1,14,-1,-1,-1
201697GD01202,1,9,0,18,0,2,0,0,0,0,1,1,6,2,25,5,999,1,2,-1,1,-1
201697GD01202,2,9,0,3,0,2,0,0,0,0,2,1,6,1,39,7,1796,1,6,-1,1,-1
201697GD01207,1,9,0,2,0,0,0,0,0,0,1,1,6,1,64,9,1799,1,9,-1,1,-1
201697GD01209,1,9,0,18,0,1,0,0,0,0,3,1,6,1,20,4,2979,1,14,-1,3,-1
201697GD01209,2,9,0,18,0,8,0,0,0,0,4,1,2,1,56,9,1968,2,6,-1,1,-1
201697GD01211,1,9,0,11,2,0,0,0,0,0,4,1,6,1,70,10,1360,1,7,-1,2,-1
201697GD01211,2,8,0,18,2,0,0,0,0,0,4,1,6,1,50,8,1598,2,1,-1,1,-1
201697GD01211,3,9,0,3,0,0,0,0,0,0,4,1,6,2,48,8,-1,-1,-1,-1,1,-1
201697GD01302,1,9,0,9,0,8,1,0,0,0,4,1,6,1,20,4,1968,2,7,-1,1,-1
201697GD01302,2,9,0,18,0,8,0,0,0,0,1,1,6,1,47,8,1229,1,4,-1,1,-1
201697GD01311,1,9,0,9,0,8,0,0,0,0,1,1,6,2,24,5,1595,1,3,-1,1,-1
201697GD01402,1,8,0,5,0,0,0,0,0,0,4,1,6,1,44,7,1896,2,7,-1,-1,-1
201697GD01405,1,9,0,6,0,2,0,0,0,0,3,1,6,2,36,7,1149,1,2,-1,1,-1
201697GD01405,2,9,0,18,0,2,0,0,0,0,1,1,6,1,78,11,1988,2,12,-1,1,-1
201697GD01405,3,9,0,2,0,2,0,0,0,0,2,1,6,3,-1,-1,2143,2,2,-1,1,-1
201697GD01407,1,9,0,18,0,1,1,4,0,0,1,1,6,1,18,4,1242,1,1,-1,1,-1
201697GD01407,2,9,0,2,0,1,0,0,0,0,2,1,6,2,39,7,1799,1,7,-1,1,-1
201697GD01407,3,9,0,2,0,1,0,0,0,0,2,1,6,1,35,6,1910,2,10,-1,1,-1
201697GD01407,4,9,0,2,0,1,0,0,2,0,2,1,6,2,68,10,1360,1,11,-1,1,-1
201697GD01409,1,8,0,16,0,0,0,0,0,0,3,1,1,1,51,8,1598,2,-1,-1,1,-1
201697GD01503,1,9,0,18,0,1,0,0,0,0,1,1,6,1,44,7,1582,2,1,-1,1,-1
201697GD01503,2,9,0,9,0,1,0,0,0,0,3,1,6,1,24,5,1995,2,2,-1,1,-1
201697GD01504,1,9,0,18,0,1,0,0,0,0,1,1,6,3,40,7,-1,-1,-1,-1,-1,-1
201697GD01505,1,9,0,9,0,8,0,0,0,0,1,1,6,1,30,6,-1,-1,-1,-1,1,-1
201697GD01505,2,1,0,18,0,8,0,0,0,0,1,1,6,1,30,6,-1,-1,-1,-1,1,-1
201697GD01506,1,9,0,18,0,1,0,0,0,0,1,1,6,1,47,8,1796,1,13,-1,1,-1
201697GD01506,2,3,0,10,0,1,0,0,1,0,2,1,6,1,33,6,124,1,1,-1,1,-1
201697GD01509,1,9,0,18,0,8,0,0,0,0,3,1,6,1,72,10,1396,1,16,-1,-1,-1
201697GD01509,2,9,0,7,0,8,0,0,0,0,3,1,6,1,42,7,1598,1,8,-1,-1,-1
201697GD01512,1,1,0,18,0,1,0,0,0,0,1,1,6,1,8,2,-1,-1,-1,-1,1,-1
201697GD01512,2,9,0,4,0,1,0,0,0,0,4,1,6,1,49,8,2143,2,1,-1,1,-1
201697GD01605,1,19,0,1,2,1,0,0,0,0,2,1,1,1,30,6,1996,2,4,-1,-1,-1
201697GD01607,1,9,0,18,0,8,0,0,0,0,3,1,2,2,47,8,1968,2,2,-1,1,-1
201697GD01607,2,9,0,18,0,8,0,0,0,0,4,1,2,2,24,5,1598,1,3,-1,1,-1
201697GD01608,1,9,0,18,0,0,1,0,0,0,4,1,2,1,23,5,-1,-1,-1,-1,-1,-1
201697GD01610,1,9,0,18,0,8,0,0,0,0,4,1,1,2,46,8,2191,2,1,-1,1,-1
201697GD01610,2,9,0,18,0,8,0,0,0,0,1,1,1,1,60,9,1968,2,1,-1,1,-1
201697GD01612,1,8,0,5,0,0,0,0,0,0,0,1,6,2,36,7,1560,2,5,-1,1,-1
201697GD01712,1,3,0,5,0,0,0,0,1,0,1,1,2,1,50,8,124,1,5,-1,1,-1
201697GD01806,1,9,0,18,0,0,0,0,0,0,1,1,6,1,69,10,1198,1,2,-1,1,-1
201697GD01812,1,9,0,5,0,0,0,0,0,0,1,1,6,2,23,5,1598,1,-1,-1,1,-1
201697GD01902,1,9,0,18,0,1,0,0,0,0,1,1,6,1,86,11,2171,2,13,-1,1,-1
201697GD01902,2,9,0,18,0,2,0,0,0,0,3,1,1,1,44,7,1591,1,5,-1,1,-1
201697GD01902,3,9,0,18,0,1,0,0,0,0,1,1,3,1,42,7,-1,-1,-1,-1,1,-1
201697GD01906,1,9,0,9,0,6,0,0,0,0,1,1,6,1,71,10,1984,1,14,-1,1,-1
201697GD01906,2,9,0,5,0,1,0,0,0,1,1,1,6,1,22,5,1398,1,3,-1,1,-1
201697GD01912,1,4,0,13,0,1,0,0,0,0,1,1,6,1,34,6,-1,-1,-1,-1,1,-1
201697GD01912,2,9,0,9,0,1,0,0,0,0,3,1,1,1,31,6,1686,2,3,-1,1,-1
201697GD02002,1,1,0,18,0,0,0,0,0,0,1,1,6,1,-1,-1,-1,-1,-1,-1,1,-1
201697GD02002,2,8,0,2,0,0,0,0,0,0,4,1,6,1,57,9,1997,2,2,-1,1,-1
201697GD02004,1,9,0,18,0,1,0,0,0,0,1,1,6,2,27,6,1598,1,12,-1,1,-1
201697GD02004,2,9,0,10,0,1,0,0,0,0,2,1,6,1,21,5,1686,2,9,-1,1,-1
201697GD02004,3,9,0,18,0,1,0,0,0,0,2,1,6,1,25,5,1968,2,4,-1,1,-1
201697GD02006,1,9,0,5,0,0,0,0,0,0,4,1,2,1,47,8,-1,-1,-1,-1,1,-1
201697GD02006,2,9,0,18,0,0,0,0,0,0,3,1,2,2,29,6,1299,1,14,-1,1,-1
201697GD02008,1,1,0,18,0,3,0,0,0,0,2,1,6,1,30,6,-1,-1,-1,-1,1,-1
201697GD02008,2,9,0,18,0,3,0,0,0,0,1,1,6,1,21,5,1149,1,8,-1,1,-1
201697GD02105,1,1,0,3,0,1,1,0,0,0,2,1,6,1,29,6,-1,-1,-1,-1,1,-1
201697GD02105,2,9,0,7,0,1,0,0,1,0,0,1,6,1,30,6,-1,-1,-1,-1,-1,-1
201697GD02109,1,9,0,17,0,0,0,0,0,0,4,1,6,1,27,6,1398,1,-1,-1,1,-1
201697GD02109,2,9,0,1,0,0,0,4,1,11,3,1,2,1,34,6,1956,2,5,-1,1,-1
201697GD02109,3,9,0,2,6,0,0,0,0,0,3,1,6,3,40,7,-1,-1,-1,-1,1,-1
201697GD02112,1,9,0,4,0,1,0,0,0,0,1,1,6,1,51,8,1560,2,-1,-1,-1,-1
201697GD02112,2,9,0,3,0,1,0,0,0,0,2,1,6,2,59,9,1242,1,2,-1,1,-1
201697GD02202,1,9,0,18,0,0,0,4,0,0,1,1,1,1,47,8,-1,-1,-1,-1,1,-1
201697GD02202,2,9,0,4,0,0,0,0,0,0,2,1,6,1,33,6,1590,1,14,-1,1,-1
201697GD02209,1,9,0,7,0,1,1,0,0,0,4,1,6,1,51,8,-1,-1,-1,-1,-1,-1
201697GD02303,1,9,0,18,0,0,0,0,0,0,1,1,6,1,30,6,-1,-1,-1,-1,1,-1
201697GD02303,2,9,0,3,0,0,0,0,0,0,2,1,6,1,28,6,1753,2,6,-1,1,-1
201697GD02312,1,1,0,9,0,1,0,0,0,0,1,1,2,1,35,6,-1,-1,-1,-1,1,-1
201697GD02312,2,9,0,7,0,1,0,0,0,0,1,1,6,1,24,5,1560,2,5,-1,1,-1
201697GD02403,1,9,0,9,0,2,0,0,0,0,3,1,6,2,58,9,1229,1,7,-1,1,-1
201697GD02403,2,9,0,18,0,2,0,0,0,0,3,1,6,2,64,9,1560,2,4,-1,1,-1
201697GD02403,3,9,0,2,9,2,0,0,0,0,4,1,6,3,-1,-1,1497,1,11,-1,1,-1
201697GD02404,1,9,0,18,0,4,0,0,0,0,1,1,6,1,37,7,-1,-1,-1,-1,1,-1
201697GD02404,2,9,0,18,0,4,0,0,0,0,3,1,6,2,26,6,1242,1,3,-1,1,-1
201697GD02408,1,9,0,18,0,1,0,0,0,0,1,1,6,2,-1,-1,1229,1,7,-1,1,-1
201697GD02408,2,1,0,18,0,1,0,0,0,0,1,1,6,1,29,6,-1,-1,-1,-1,1,-1
201697GD02409,1,9,0,9,0,6,0,0,0,0,0,1,6,1,23,5,1598,2,3,-1,1,-1
201697GD02409,2,11,0,18,0,8,0,0,0,0,0,1,1,1,29,6,3900,2,12,-1,1,-1
201697GD02411,1,9,0,9,0,1,0,0,0,0,3,1,6,3,-1,-1,-1,-1,-1,-1,-1,-1
201697GD02411,2,1,0,18,0,1,0,0,0,0,1,1,6,1,31,6,-1,-1,-1,-1,-1,-1
201697GD02504,1,9,0,3,0,1,0,0,1,0,1,1,6,1,19,4,1229,1,2,-1,1,-1
201697GD02504,2,9,0,8,0,1,0,0,1,0,2,1,2,1,50,8,1560,2,5,-1,1,-1
201697GD02506,1,9,0,5,0,1,0,0,0,0,1,1,1,2,39,7,1598,2,1,-1,1,-1
201697GD02506,2,8,0,18,0,1,0,0,0,0,2,1,1,1,56,9,1560,2,4,-1,1,-1
201697GD02508,1,4,0,13,0,0,0,4,0,0,1,1,6,1,24,5,125,1,9,-1,1,-1
201697GD02508,2,9,0,6,0,0,0,0,0,0,2,1,6,1,22,5,1198,1,4,-1,1,-1
201697GD02508,3,9,0,6,0,0,0,0,0,0,0,1,6,1,35,6,1995,2,2,-1,-1,-1
201697GD02512,1,9,0,10,0,1,0,0,0,0,1,1,6,2,26,6,1598,1,11,-1,-1,-1
201697GD02604,1,9,0,18,0,0,0,0,0,0,1,1,1,2,26,6,1198,1,2,-1,1,-1
201697GD02604,2,9,0,3,0,0,0,0,0,0,2,1,6,1,49,8,1796,1,6,-1,1,-1
201697GD02605,1,9,0,4,0,0,0,0,0,0,1,1,6,2,40,7,2495,2,17,-1,1,-1
201697GD02605,2,9,0,4,0,0,0,0,0,0,0,1,1,1,29,6,1598,2,2,-1,1,-1
201697GD02605,3,9,0,2,0,0,0,0,0,0,2,1,6,2,64,9,1398,2,11,-1,1,-1
201697GD02611,1,9,0,1,0,0,0,0,0,0,2,1,3,2,48,8,1461,2,1,-1,1,-1
201697GD02704,1,9,0,18,0,8,0,0,0,0,1,1,6,1,62,9,1149,1,6,-1,1,-1
201697GD02704,2,9,0,18,0,8,0,0,0,0,1,1,6,1,46,8,1910,2,11,-1,1,-1
201697GD02707,1,9,0,18,0,1,0,0,0,0,1,1,6,1,-1,-1,-1,-1,-1,-1,1,-1
201697GD02707,2,1,0,18,0,1,0,0,0,0,4,1,6,2,49,8,-1,-1,-1,-1,1,-1
201697GD02712,1,19,0,4,0,0,0,0,0,0,1,1,2,1,55,8,1753,2,4,-1,1,-1
201697GD02810,1,9,0,14,0,0,0,0,0,0,1,1,6,1,18,4,1339,1,9,-1,1,-1
201697GD02811,1,9,0,9,0,8,0,0,0,0,1,1,6,1,32,6,1398,1,3,-1,1,-1
201697GD02811,2,5,0,18,0,1,1,0,0,0,1,1,6,1,56,9,800,1,4,-1,1,-1
201697GD02812,1,9,0,9,0,8,0,0,0,0,1,1,6,2,32,6,1360,1,11,-1,1,-1
201697GD02812,2,9,0,16,0,8,0,0,0,0,2,1,2,1,40,7,1997,2,6,-1,-1,-1
201697GD02905,1,9,0,6,0,1,0,0,0,0,3,1,6,1,19,4,-1,-1,-1,-1,1,-1
201697GD02905,2,9,0,14,9,1,0,10,0,11,4,1,6,2,37,7,999,1,2,-1,1,-1
201697GD02906,1,9,0,9,0,2,0,0,0,0,1,1,6,2,20,4,1390,1,7,-1,1,-1
201697GD02906,2,9,0,18,0,1,0,0,0,0,3,1,6,2,38,7,2982,2,10,-1,1,-1
201697GD02910,1,9,0,18,0,6,0,0,0,0,1,1,6,2,27,6,1968,2,10,-1,1,-1
201697GD02910,2,9,0,9,0,5,0,0,0,0,4,1,6,1,53,8,1968,2,2,-1,1,-1
201697GD02910,3,9,0,9,0,5,0,0,0,0,4,1,6,1,53,8,1198,1,1,-1,1,-1
201697GD03009,1,9,0,18,0,0,0,0,0,0,1,1,6,1,21,5,1396,1,15,-1,1,-1
201697GD03009,2,9,0,3,0,0,0,0,0,0,2,1,6,1,35,6,1969,2,-1,-1,1,-1
201697GD03010,1,8,0,4,0,0,0,0,0,0,1,1,6,1,50,8,1598,1,6,-1,1,-1
201697GD03010,2,8,0,4,0,0,0,0,0,0,2,1,6,2,31,6,1753,2,15,-1,1,-1
201697GD03011,1,9,0,18,0,2,0,0,0,0,1,1,6,1,41,7,998,1,11,-1,1,-1
201697GD03012,1,9,0,18,0,2,0,0,0,0,4,1,6,1,62,9,1398,2,11,-1,1,-1
201697GD03109,1,9,0,18,0,0,0,0,0,0,1,1,6,2,50,8,998,1,6,-1,1,-1
201697GD03109,2,9,0,18,0,0,0,0,0,0,0,1,1,1,25,5,1242,1,12,-1,2,-1
201697GD03111,1,9,0,9,0,8,0,0,0,0,4,1,2,1,60,9,1390,1,10,-1,1,-1
201697GD03111,2,9,0,18,0,8,1,0,0,0,1,1,2,1,20,4,1198,1,4,-1,1,-1
201697GD03111,3,9,0,2,0,2,0,0,0,0,1,1,6,3,-1,-1,-1,-1,-1,-1,-1,-1
201697GD03112,1,9,0,9,0,3,0,0,0,0,1,1,2,2,40,7,1598,2,-1,-1,1,-1
201697GD03112,2,9,0,9,0,3,0,0,0,0,1,1,2,2,45,7,1560,2,2,-1,1,-1
201697GD03202,1,9,0,5,0,1,0,0,0,0,1,1,6,2,50,8,1794,1,11,-1,1,-1
201697GD03202,2,9,0,3,0,1,0,0,0,0,2,1,1,2,29,6,1248,2,5,-1,1,-1
201697GD03205,1,9,0,18,0,8,0,0,0,0,4,1,1,1,35,6,1598,2,1,-1,1,-1
201697GD03205,2,9,0,18,0,1,0,0,0,0,1,1,6,2,52,8,1329,1,4,-1,1,-1
201697GD03206,1,9,0,18,0,0,0,0,0,0,1,1,6,1,26,6,1590,1,11,-1,1,-1
201697GD03206,2,19,0,18,0,0,0,4,0,0,1,1,1,1,30,6,1753,2,9,-1,1,-1
201697GD03206,3,9,0,2,0,0,0,4,0,0,3,1,6,1,30,6,1248,2,1,-1,1,-1
201697GD03206,4,9,0,2,0,0,0,4,0,0,2,1,6,2,22,5,1598,1,10,-1,1,-1
201697GD03206,5,9,0,2,0,0,0,7,0,1,2,1,6,2,47,8,1149,1,6,-1,-1,-1
201697GD03301,1,19,0,18,0,1,0,0,0,0,1,1,6,1,57,9,2198,2,1,-1,1,-1
201697GD03301,2,9,0,10,0,1,0,0,0,0,2,1,6,2,25,5,1587,1,10,-1,1,-1
201697GD03303,1,19,0,1,0,2,0,0,0,0,2,1,6,1,35,6,2198,2,4,-1,-1,-1
201697GD03303,2,9,0,3,0,2,0,0,0,0,1,1,2,1,30,6,1248,2,4,-1,1,-1
201697GD03409,1,9,0,18,0,1,0,0,0,0,4,1,6,1,30,6,1360,1,13,-1,-1,-1
201697GD03409,2,1,0,18,0,1,0,0,0,0,1,1,2,1,26,6,-1,-1,-1,-1,1,-1
201697GD03501,1,9,0,17,0,0,1,0,0,0,1,1,6,1,50,8,1997,2,1,-1,1,-1
201697GD03502,1,9,0,1,0,0,0,0,0,0,2,1,6,1,50,8,1461,2,2,-1,-1,-1
201697GD03502,2,9,0,2,0,0,0,0,0,0,1,1,6,2,57,9,1997,2,3,-1,1,-1
201697GD03504,1,9,0,9,0,1,0,0,0,0,1,1,6,1,31,6,1242,1,11,-1,1,-1
201697GD03504,2,9,0,3,0,1,0,0,0,0,3,1,6,1,58,9,1968,2,2,-1,1,-1
201697GD03504,3,9,0,3,0,1,0,0,0,0,3,1,1,1,52,8,1686,2,6,-1,1,-1
201697GD03511,1,8,0,18,0,7,0,0,0,0,4,1,1,1,47,8,-1,-1,-1,-1,1,-1
201697GD03511,2,9,0,18,0,2,0,0,0,0,1,1,6,3,-1,-1,-1,-1,-1,-1,-1,-1
201697GD03512,1,9,0,18,0,0,0,0,0,0,1,1,6,1,66,10,1398,1,15,-1,1,-1
201697GD03512,2,9,0,2,0,0,0,0,0,0,1,1,6,1,32,6,1461,2,11,-1,1,-1
201697GD03601,1,19,0,18,0,1,0,0,0,0,1,1,1,1,34,6,1248,2,5,-1,1,-1
201697GD03601,2,9,0,4,0,1,0,0,0,0,2,1,2,2,58,9,1997,1,5,-1,1,-1
201697GD03604,1,9,0,9,0,5,0,0,0,0,1,1,6,2,-1,-1,1229,1,6,-1,-1,-1
201697GD03604,2,1,0,3,4,2,0,0,0,0,0,1,6,1,45,7,-1,-1,-1,-1,1,-1
201697GD03609,1,9,0,13,0,1,0,0,0,0,4,1,6,1,-1,-1,1794,1,9,-1,-1,-1
201697GD03609,2,9,0,9,0,1,0,0,0,0,3,1,6,1,24,5,1753,2,7,-1,1,-1
201697GD03703,1,9,0,18,0,1,1,0,0,0,1,1,6,2,-1,-1,1398,1,6,-1,-1,-1
201697GD03703,2,9,0,3,0,1,1,0,0,0,2,1,6,2,26,6,1398,1,4,-1,1,-1
201697GD03704,1,9,0,18,0,1,0,0,0,0,1,1,6,2,21,5,1997,2,1,-1,1,-1