Accident_Index,Vehicle_Reference,Vehicle_Type,Towing_and_Articulation,Vehicle_Manoeuvre,Vehicle_Location-Restricted_Lane,Junction_Location,Skidding_and_Overturning,Hit_Object_in_Carriageway,Vehicle_Leaving_Carriageway,Hit_Object_off_Carriageway,1st_Point_of_Impact,Was_Vehicle_Left_Hand_Drive?,Journey_Purpose_of_Driver,Sex_of_Driver,Age_of_Driver,Age_Band_of_Driver,Engine_Capacity_(CC),Propulsion_Code,Age_of_Vehicle,Driver_IMD_Decile,Driver_Home_Area_Type,Vehicle_IMD_Decile
201697GK01212,2,9,0,18,0,1,0,0,0,0,3,1,6,1,35,6,1956,2,2,-1,1,-1
201697GK01711,1,9,0,18,0,0,0,0,0,0,1,1,6,1,23,5,1149,1,2,-1,1,-1
201697GK01711,2,9,0,18,0,0,0,0,0,0,1,1,6,2,27,6,1586,1,5,-1,1,-1
201697GK01711,3,9,0,18,0,0,0,0,0,0,2,1,6,2,60,9,1598,1,1,-1,1,-1
201697GK01712,1,9,0,9,0,1,0,0,0,0,1,1,6,2,55,8,1598,1,5,-1,1,-1
201697GK01712,2,9,0,18,0,1,0,10,0,0,3,1,6,1,35,6,1198,1,6,-1,1,-1
201697GK02211,1,9,0,18,0,1,0,0,0,0,4,1,6,3,-1,-1,-1,-1,-1,-1,-1,-1
201697GK02211,2,9,0,18,0,8,0,0,0,0,1,1,1,1,33,6,1560,2,2,-1,1,-1
201697GK02509,1,9,0,18,0,0,0,0,0,0,1,1,3,2,30,6,1998,2,12,-1,1,-1
201697GK02509,2,1,0,18,0,0,0,0,0,0,3,1,4,2,11,3,-1,-1,-1,-1,1,-1
201697GK02511,1,8,0,18,0,0,0,4,0,0,1,1,1,1,32,6,1598,2,4,-1,1,-1
201697GK02511,2,9,0,2,0,0,0,0,0,0,2,1,6,3,29,6,1596,1,8,-1,1,-1
201697GK02511,3,19,0,2,0,0,0,0,0,0,2,1,6,1,35,6,2198,2,5,-1,1,-1
201697GK02612,1,9,0,11,0,0,0,0,0,0,4,1,6,2,18,4,1598,1,14,-1,1,-1
201697GK02612,2,9,0,18,0,0,0,0,0,0,2,1,6,2,32,6,1597,2,1,-1,1,-1
201697GK02811,1,9,0,10,0,2,0,0,0,0,3,1,3,2,37,7,1242,1,7,-1,1,-1
201697GK02811,2,9,0,18,0,1,0,0,0,0,1,1,2,1,43,7,1461,2,1,-1,1,-1
201697GK02812,1,9,0,9,0,1,0,0,0,0,1,1,6,2,24,5,1496,2,2,-1,1,-1
201697GK02812,2,9,0,18,0,1,0,0,0,0,1,1,6,1,66,10,1968,2,2,-1,1,-1
201697GK02911,1,9,0,18,0,0,0,0,0,0,1,1,6,1,35,6,1598,1,12,-1,-1,-1
201697GK02911,2,9,0,4,0,0,0,0,0,0,2,1,6,2,47,8,1950,2,-1,-1,1,-1
201697GK03011,1,9,0,18,0,0,0,0,1,0,1,1,2,1,22,5,-1,-1,-1,-1,1,-1
201697GK03011,2,9,0,2,0,0,0,0,1,0,2,1,6,1,48,8,1360,1,4,-1,1,-1
201697GK03012,1,8,0,1,0,0,0,0,0,0,2,1,1,1,-1,-1,1997,2,6,-1,-1,-1
201697GK03012,2,9,0,2,0,0,0,0,0,0,1,1,6,2,41,7,1390,1,3,-1,1,-1
201697GK03112,1,9,0,18,0,0,0,0,0,0,1,1,6,1,40,7,2967,2,1,-1,1,-1
201697GK03212,1,9,0,1,0,0,0,0,0,0,0,1,6,1,23,5,1398,1,-1,-1,-1,-1
201697GK03312,1,9,0,4,0,1,1,4,4,0,4,1,6,2,21,5,1587,1,14,-1,1,-1
201697GK03312,2,9,0,2,0,1,0,0,0,0,2,1,6,2,38,7,1000,1,-1,-1,1,-1
201697GK03611,1,9,0,18,0,0,1,4,0,0,1,1,6,1,38,7,1984,1,1,-1,1,-1
201697GK03611,2,20,0,2,0,0,0,0,0,11,2,1,6,3,-1,-1,-1,-1,-1,-1,-1,-1
201697GK03711,1,19,0,18,0,0,0,0,0,0,4,1,1,1,32,6,2198,2,1,-1,1,-1
201697GK03711,2,19,0,2,0,0,0,0,0,0,3,1,6,3,-1,-1,2198,2,1,-1,-1,-1
201697GK03712,1,9,0,9,0,8,0,0,0,0,1,1,1,2,45,7,1968,2,-1,-1,1,-1
201697GK03712,2,9,0,18,0,1,0,0,0,0,1,1,1,1,27,6,2401,2,12,-1,1,-1
201697GK03910,1,9,0,18,0,0,0,0,0,0,3,1,6,2,24,5,1598,2,3,-1,1,-1
201697GK03912,1,9,0,18,0,8,1,0,0,0,3,1,6,2,41,7,1596,1,8,-1,1,-1
201697GK03912,2,11,0,18,0,8,0,0,0,0,4,1,1,1,43,7,7300,2,12,-1,1,-1
201697GK04111,1,9,0,18,0,4,0,0,3,9,1,1,6,2,30,6,-1,-1,-1,-1,2,-1
201697GK04111,2,9,0,18,0,1,0,0,0,0,4,1,2,2,21,5,1199,1,14,-1,1,-1
201697GK04112,1,9,0,18,0,8,0,0,0,0,1,1,6,1,59,9,1360,1,9,-1,1,-1
201697GK04112,2,9,0,18,0,8,0,0,0,0,3,1,6,1,52,8,1598,2,1,-1,1,-1
201697GK04311,1,9,0,18,0,1,0,0,0,0,1,1,6,2,37,7,1598,1,6,-1,1,-1
201697GK04311,2,9,0,10,0,1,0,0,0,0,2,1,6,1,-1,-1,-1,-1,-1,-1,-1,-1
201697GK04412,1,9,0,4,0,1,0,0,0,0,1,1,2,1,52,8,2231,2,1,-1,1,-1
201697GK04412,2,9,0,8,0,1,0,0,0,0,2,1,6,2,32,6,1598,1,6,-1,1,-1
201697GK04512,1,9,0,3,0,1,0,0,0,0,1,1,6,2,56,9,1560,2,4,-1,1,-1
201697GK04512,2,9,0,3,0,1,0,0,0,0,2,1,6,2,47,8,1560,2,4,-1,1,-1
201697GK04512,3,9,0,4,0,1,0,0,0,0,2,1,6,1,38,7,1582,2,-1,-1,1,-1
201697GK04610,1,9,0,18,0,1,0,0,0,0,1,1,6,1,25,5,1896,2,13,-1,2,-1
201697GK04610,2,9,0,3,0,1,0,0,0,0,1,1,6,1,55,8,1796,1,2,-1,1,-1
201697GK04711,1,9,0,18,0,1,0,0,0,0,1,1,6,2,65,9,1242,1,3,-1,-1,-1
201697GK04712,1,11,0,7,0,5,0,0,1,0,4,1,1,1,68,10,4500,2,1,-1,1,-1
201697GK04811,1,19,0,5,0,1,0,0,0,0,3,1,2,1,46,8,1968,2,2,-1,-1,-1
201697GK04811,2,1,0,18,0,1,0,0,0,0,1,1,4,1,12,3,-1,-1,-1,-1,1,-1
201697GK04911,1,11,0,9,7,0,0,0,0,5,1,1,6,1,54,8,8268,2,13,-1,1,-1
201697GK05011,1,19,0,18,0,8,1,7,0,1,1,1,6,2,60,9,-1,-1,-1,-1,1,-1
201697GK05011,2,9,0,18,0,4,0,0,0,0,3,1,1,2,19,4,1461,2,-1,-1,1,-1
201697GK05411,1,9,0,18,0,0,0,0,0,0,1,1,6,1,19,4,1198,1,4,-1,1,-1
201697GK05411,2,9,0,3,0,0,0,0,0,0,2,1,6,2,37,7,3222,2,11,-1,1,-1
201697GK05412,1,9,0,18,0,8,0,0,0,0,1,1,6,1,29,6,1329,1,5,-1,1,-1
201697GK05611,1,8,0,6,0,6,0,0,0,0,3,1,1,1,59,9,1896,2,7,-1,1,-1
201697GK05611,2,8,0,18,0,2,0,0,0,0,1,1,1,1,51,8,1997,2,10,-1,1,-1
201697GK05911,1,9,0,18,0,1,0,0,0,0,1,1,6,2,57,9,1398,1,1,-1,1,-1
201697GK06111,1,9,0,18,0,0,0,0,0,0,1,1,6,3,-1,-1,-1,-1,-1,-1,-1,-1
201697GK06111,2,8,0,18,0,0,0,0,0,0,4,1,1,2,-1,-1,-1,-1,-1,-1,-1,-1
201697GK06211,1,9,0,18,0,4,0,0,0,0,1,1,6,1,-1,-1,1198,1,5,-1,1,-1
201697GK06211,2,9,0,18,0,4,0,0,0,0,3,1,6,1,22,5,-1,-1,-1,-1,1,-1
201697GK06411,1,9,0,18,0,8,0,0,0,0,3,1,6,2,45,7,1200,1,2,-1,1,-1
201697GK06411,2,9,0,18,0,8,0,0,0,0,1,1,6,2,42,7,1598,2,1,-1,3,-1
201697GK06611,1,9,0,9,0,8,0,0,0,0,4,1,6,1,40,7,1586,1,9,-1,1,-1
201697GK06611,2,11,0,18,0,8,0,0,0,0,1,1,1,1,62,9,9360,2,2,-1,-1,-1
201697GK07111,1,9,0,4,0,1,0,0,0,0,1,1,6,3,-1,-1,1998,1,13,-1,1,-1
201697GK07111,2,9,0,2,0,1,0,0,0,0,2,1,6,2,54,8,1461,2,2,-1,1,-1
201697GK07611,1,9,0,6,0,0,0,0,0,0,1,1,6,1,47,8,1798,1,4,-1,1,-1
201697GK07611,2,9,0,9,0,0,0,0,0,0,1,1,6,1,71,10,1364,1,11,-1,1,-1
201697GK70111,1,11,0,18,0,1,0,0,0,0,4,1,1,1,38,7,7300,2,10,-1,1,-1
201697GK70112,1,9,0,5,0,1,0,0,0,0,1,1,6,1,62,9,2143,2,-1,-1,1,-1
201697GK70112,2,9,0,3,0,1,0,0,0,0,2,1,6,1,51,8,2494,1,17,-1,-1,-1
201697GK70212,1,9,0,6,0,1,0,0,0,0,3,1,6,2,80,11,1598,1,2,-1,1,-1
201697GK70212,2,9,0,18,0,1,0,0,0,0,1,1,6,2,26,6,1242,1,12,-1,1,-1
201697GK70312,1,11,0,18,0,0,0,0,0,0,1,1,1,1,65,9,10800,2,1,-1,1,-1
201697GK70312,2,19,0,18,0,0,0,0,0,0,2,1,6,1,38,7,2287,2,8,-1,3,-1
201697GK70312,3,9,0,18,0,0,0,0,0,0,2,1,6,1,51,8,1991,2,11,-1,1,-1
201697GK70512,1,9,0,18,0,0,0,0,0,0,1,1,2,1,37,7,1242,1,9,-1,3,-1
201697GK70712,1,9,0,18,0,0,0,0,0,0,1,1,6,1,18,4,1398,1,-1,-1,1,-1
201697GK70712,2,9,0,18,0,0,0,0,0,0,2,1,6,1,36,7,1995,2,2,-1,1,-1
201697GK70812,1,9,0,10,0,1,0,0,0,0,1,1,6,2,22,5,1248,2,6,-1,1,-1
201697GK70812,2,9,0,18,0,1,0,0,0,0,1,1,6,1,24,5,1499,2,-1,-1,1,-1
201697GP00112,1,9,0,10,0,6,0,0,0,0,1,1,2,1,35,6,2191,2,1,-1,1,-1
201697GP00112,2,1,0,10,0,5,0,0,0,0,2,1,2,1,36,7,-1,-1,-1,-1,1,-1
201697GP00211,1,11,0,7,0,8,0,0,0,0,1,1,1,1,47,8,7300,2,12,-1,1,-1
201697GP00211,2,11,0,7,0,2,0,0,0,0,2,1,1,1,69,10,7300,2,9,-1,1,-1
201697GP00411,1,9,0,18,0,0,0,0,0,0,1,1,6,2,20,4,1124,1,9,-1,1,-1
201697GP00411,2,9,0,3,0,0,0,0,0,0,2,1,6,2,44,7,3222,2,12,-1,1,-1
201697GP00412,1,20,5,5,0,8,0,0,0,0,1,1,1,1,30,6,12900,2,4,-1,1,-1
201697GP00512,1,9,0,9,0,8,0,0,0,0,4,1,1,1,19,4,1200,1,1,-1,1,-1
201697GP00611,1,9,0,18,0,1,0,0,0,0,1,1,2,1,50,8,2982,2,2,-1,1,-1
201697GP00612,1,9,0,18,0,1,1,0,0,0,1,1,6,1,35,6,999,1,3,-1,1,-1
201697GP00612,2,8,0,18,0,8,1,0,7,1,3,1,1,1,36,7,1996,2,6,-1,-1,-1
201697GP00711,1,9,0,7,0,2,0,0,0,0,3,1,6,1,46,8,1995,2,2,-1,1,-1
201697GP00711,2,9,0,7,0,2,0,0,0,0,4,1,6,2,23,5,1198,1,3,-1,1,-1
201697GP00912,1,9,0,5,0,2,0,0,0,0,1,1,6,1,36,7,1968,2,5,-1,3,-1
201697GP00912,2,9,0,18,0,1,0,0,0,0,4,1,6,2,21,5,1461,2,-1,-1,1,-1
201697GP01009,1,9,0,18,0,0,0,0,0,0,3,1,6,2,62,9,1496,1,-1,-1,1,-1
201697GP01012,1,9,0,18,0,1,0,0,0,0,1,1,6,1,22,5,2480,1,4,-1,1,-1
201697GP01212,1,9,0,18,0,2,0,0,0,0,4,1,2,1,24,5,998,1,3,-1,1,-1
201697GP01610,1,9,0,13,0,0,0,0,0,0,0,1,6,1,30,6,-1,-1,-1,-1,-1,-1
201697GP01610,2,9,0,11,0,0,0,0,2,7,4,1,2,1,30,6,1198,1,11,-1,1,-1
201697GP01611,1,9,0,9,0,8,0,0,0,0,4,1,6,2,18,4,1422,2,13,-1,3,-1
201697GP01611,2,11,0,18,0,8,0,0,0,0,1,1,1,1,56,9,9360,2,8,-1,1,-1
201697GP01612,1,9,0,2,0,0,0,0,0,0,4,1,1,1,41,7,-1,-1,-1,-1,1,-1
201697GP01710,1,10,0,7,0,0,0,0,0,0,3,1,6,1,-1,-1,-1,-1,-1,1,1,1
201697GP01710,2,9,0,7,0,0,0,0,0,0,4,1,6,1,20,4,1329,1,4,-1,1,-1
201697GP02012,1,8,0,9,0,8,0,0,0,0,1,1,1,1,32,6,1796,1,6,-1,1,-1
201697GP02411,1,9,0,5,0,0,0,0,0,0,1,1,2,1,58,9,2191,2,2,-1,1,-1
201697GP02412,1,8,0,5,0,0,0,0,0,0,0,1,1,1,45,7,1598,1,3,-1,1,-1
201697GP02511,1,9,0,18,0,8,0,0,0,0,1,1,2,2,33,6,1896,2,10,-1,1,-1
201697GP02811,1,8,0,9,0,6,0,0,0,0,1,1,1,1,52,8,2143,2,2,-1,1,-1
201697GP03011,1,9,0,18,0,1,0,0,0,0,1,1,6,1,31,6,1590,1,14,-1,1,-1
201697GP03011,2,1,0,5,0,1,0,0,0,0,2,1,2,1,52,8,-1,-1,-1,-1,-1,-1
201697GP03411,1,9,0,7,0,5,0,0,0,0,1,1,6,2,65,9,1997,1,4,-1,-1,-1
201697GP03411,2,8,0,3,0,1,0,0,0,0,3,1,1,1,37,7,2499,2,7,-1,1,-1
201697GP03511,1,9,0,5,2,1,0,0,0,0,2,1,1,1,50,8,-1,-1,-1,-1,1,-1
201697GP03511,2,9,0,3,2,1,0,0,0,0,1,1,6,1,45,7,-1,-1,-1,-1,1,-1
201697GP03711,1,11,0,4,0,0,0,0,0,0,4,1,1,2,51,8,4500,2,1,-1,1,-1
201697GP03811,1,8,0,9,0,5,0,0,0,0,1,1,6,1,-1,-1,2664,2,15,-1,-1,-1
201697GP04209,1,9,0,1,0,0,0,0,0,0,2,1,1,1,36,7,-1,-1,-1,-1,1,-1
201697GP04410,1,9,0,18,0,8,0,0,0,0,1,1,1,1,41,7,-1,-1,-1,-1,1,-1
201697GP04412,1,8,0,9,0,2,0,0,0,0,1,1,1,1,35,6,1995,2,5,-1,1,-1
201697GP04512,1,9,0,18,0,8,0,0,0,0,4,1,2,1,46,8,1968,2,8,-1,1,-1
201697GP70111,1,9,0,12,0,0,0,0,0,0,3,1,6,1,69,10,1998,1,8,-1,1,-1
201697GP70111,2,21,1,18,0,0,0,0,0,0,4,1,1,1,64,9,12777,2,1,-1,1,-1
201697GP70111,3,9,0,13,0,0,0,0,0,0,4,1,6,1,63,9,1582,2,3,-1,1,-1
201697GP70112,1,9,0,18,0,0,0,0,0,0,1,1,6,2,39,7,1364,1,1,-1,1,-1
201697GP70212,1,9,0,18,0,0,0,0,0,0,1,1,1,1,55,8,1999,1,12,-1,1,-1
201697GP70212,2,9,0,3,0,0,0,0,0,0,2,1,1,2,29,6,1248,2,1,-1,1,-1
201697GP70212,3,9,0,3,0,0,0,0,0,0,2,1,2,1,52,8,2191,2,2,-1,1,-1
201697GP70212,4,9,0,3,0,0,0,0,0,0,2,1,2,1,37,7,2987,2,-1,-1,1,-1
201697GP70412,1,90,0,18,0,1,0,0,0,0,0,1,6,3,35,6,-1,-1,-1,-1,-1,-1
201697GP70412,2,9,0,18,0,1,1,6,1,11,3,1,6,1,29,6,1242,1,7,-1,1,-1
201697GP71110,1,9,0,18,0,1,0,0,0,0,4,1,6,1,20,4,1995,2,6,-1,1,-1
201697GU00111,1,9,0,18,0,4,0,0,0,0,1,1,6,2,64,9,1242,1,-1,-1,1,-1
201697GU00111,2,9,0,9,0,8,0,0,0,0,4,1,6,2,38,7,1560,2,-1,-1,1,-1
201697GU00112,1,8,0,18,0,0,5,0,1,0,4,1,1,1,62,9,2499,2,5,-1,1,-1
201697GU00211,1,9,0,18,0,0,0,0,0,0,1,1,6,1,27,6,2698,2,5,-1,1,-1
201697GU00211,2,9,0,4,0,0,0,0,0,0,2,1,6,1,18,4,1199,1,12,-1,1,-1
201697GU00211,3,9,0,4,0,0,0,0,0,0,2,1,6,1,57,9,1997,2,3,-1,1,-1
201697GU00512,1,9,0,17,0,0,0,0,0,0,1,1,6,1,65,9,-1,-1,-1,-1,1,-1
201697GU00512,2,9,0,16,0,0,0,0,2,0,3,1,6,1,22,5,1499,2,-1,-1,1,-1
201697GU00609,1,9,0,7,0,8,0,0,0,0,4,1,1,2,44,7,1242,1,2,-1,1,-1
201697GU00612,1,9,0,4,0,0,0,0,0,0,1,1,6,1,33,6,1149,1,12,-1,1,-1
201697GU00612,2,9,0,4,0,0,0,0,0,0,2,1,6,1,18,4,1360,1,10,-1,1,-1
201697GU00712,1,11,0,18,0,1,0,0,0,0,1,1,1,1,27,6,6700,2,4,-1,1,-1
201697GU00712,2,8,0,4,0,1,0,0,0,0,2,1,1,1,49,8,-1,-1,-1,-1,1,-1
201697GU01112,1,9,0,18,0,1,0,0,0,0,4,1,6,1,31,6,-1,-1,-1,-1,-1,-1
201697GU01112,2,9,0,18,0,1,0,0,0,0,1,1,6,1,38,7,-1,-1,-1,-1,-1,-1
201697GU01412,1,9,0,17,0,2,0,0,0,0,1,1,6,1,85,11,1339,1,8,-1,1,-1
201697GU01412,2,9,0,2,0,1,0,0,0,0,4,1,6,1,-1,-1,-1,-1,-1,-1,3,-1
201697GU01512,1,9,0,13,0,0,0,0,0,0,3,1,6,2,45,7,2494,8,-1,-1,1,-1
201697GU01611,1,19,0,1,0,1,0,0,0,0,2,1,6,1,25,5,2198,2,3,-1,1,-1
201697GU01712,1,8,0,18,0,0,1,0,0,0,1,1,1,1,71,10,2402,2,10,-1,1,-1
201697GU02012,1,19,0,18,0,0,0,0,0,0,1,1,6,3,-1,-1,-1,-1,-1,-1,-1,-1
201697GU02211,1,9,0,9,0,6,0,0,0,0,1,1,6,3,35,6,-1,-1,-1,-1,1,-1
201697GU02212,1,9,0,18,0,2,2,0,0,0,1,1,6,2,38,7,1910,2,8,-1,1,-1
201697GU02212,2,9,0,3,0,2,0,0,0,0,2,1,6,1,51,8,1796,1,9,-1,1,-1
201697GU02212,3,11,0,2,0,2,0,0,0,0,2,1,1,1,40,7,5883,2,14,-1,-1,-1
201697GU02311,1,90,0,18,0,8,0,0,0,0,1,1,1,1,55,8,2999,2,5,-1,1,-1
201697GU02311,2,9,0,9,0,8,0,0,0,0,4,1,6,2,48,8,1461,2,6,-1,1,-1
201697GU02412,1,9,0,11,0,0,0,0,0,0,4,1,6,1,27,6,1956,2,2,-1,-1,-1
201697GU02412,2,1,0,18,0,0,0,0,0,0,3,1,2,1,38,7,-1,-1,-1,-1,1,-1
201697GU02612,1,1,0,18,0,0,0,0,0,0,1,1,1,2,21,5,-1,-1,-1,-1,1,-1
201697GU02612,2,9,0,5,0,0,0,0,0,0,3,1,2,2,33,6,1598,2,5,-1,1,-1
201697GU02812,1,9,0,10,0,6,0,0,0,0,1,1,2,2,51,8,1598,2,4,-1,-1,-1
201697GU02812,2,9,0,18,0,1,0,0,0,0,1,1,1,1,52,8,1598,2,4,-1,-1,-1
201697GU02912,1,9,0,5,0,7,0,0,0,0,1,1,6,1,29,6,1968,2,-1,-1,-1,-1
201697GU02912,2,1,0,18,0,8,0,0,0,0,4,1,6,1,69,10,-1,-1,-1,-1,1,-1
201697GU03011,1,9,0,4,0,1,0,0,0,0,1,1,6,1,39,7,1896,2,12,-1,1,-1
201697GU03011,2,9,0,4,0,1,0,0,0,0,2,1,6,1,21,5,998,1,12,-1,1,-1
201697GU03111,1,9,0,18,0,0,0,0,0,0,1,1,6,1,20,4,-1,-1,-1,-1,1,-1
201697GU03111,2,9,0,18,0,0,0,0,0,0,2,1,6,1,62,9,-1,-1,-1,-1,1,-1
201697GU03511,1,9,0,6,0,0,0,0,0,0,1,1,6,2,39,7,1198,1,13,-1,1,-1
201697GU03511,2,9,0,5,0,0,0,0,0,0,4,1,6,1,21,5,2143,2,1,-1,1,-1
201697GU03612,1,9,0,9,0,1,0,0,0,0,4,1,2,1,41,7,1794,1,13,-1,-1,-1
201697GU03612,2,9,0,18,0,1,0,0,0,0,1,1,6,2,43,7,1400,1,9,-1,1,-1
201697GU03711,1,9,0,18,0,0,0,0,0,0,1,1,6,2,18,4,-1,-1,-1,-1,1,-1
201697GU03911,1,9,0,16,0,6,0,0,0,0,1,1,6,1,31,6,1339,1,8,-1,1,-1
201697GU03911,2,1,0,18,0,2,0,0,0,0,2,1,2,1,59,9,-1,-1,-1,-1,1,-1
201697GU04012,1,9,0,13,0,0,0,0,0,6,2,1,6,2,27,6,999,1,-1,-1,1,-1
201697GU04012,2,9,0,18,0,0,0,0,0,0,1,1,6,1,27,6,1597,2,1,-1,1,-1
201697GU04212,1,9,0,18,0,0,2,4,0,0,1,1,6,1,53,8,1968,2,10,-1,2,-1
201697GU04212,2,9,0,2,0,0,0,0,0,0,4,1,6,3,-1,-1,1968,2,3,-1,-1,-1
201697GU04311,1,19,0,4,0,0,0,0,0,0,1,1,6,1,-1,-1,-1,-1,-1,-1,-1,-1
201697GU04311,2,9,0,3,0,0,0,0,0,0,2,1,6,2,28,6,2000,2,11,-1,1,-1
201697GU04312,1,9,0,18,0,2,0,0,0,0,3,1,2,1,25,5,1598,2,3,-1,1,-1
201697GU04411,1,9,0,5,0,0,0,0,0,0,0,1,6,1,42,7,4367,2,3,-1,-1,-1
201697GU04411,2,4,0,18,0,0,2,0,0,0,0,1,2,1,31,6,124,1,-1,-1,-1,-1
201697GU05110,1,9,0,18,0,0,0,0,0,0,0,1,1,1,35,6,1598,2,2,-1,1,-1
201697GU05212,1,9,0,1,0,0,0,0,0,0,2,1,6,2,54,8,1598,2,2,-1,1,-1
201697GU05412,1,9,0,18,0,2,0,0,0,0,3,1,6,1,28,6,1398,1,3,-1,1,-1
201697GU05612,1,9,0,4,0,1,0,0,0,0,1,1,6,2,41,7,1461,2,4,-1,1,-1
201697GU05612,2,9,0,3,0,1,0,0,0,0,2,1,6,2,24,5,1242,1,4,-1,1,-1
201697GU05711,1,9,0,18,0,0,0,0,0,0,1,1,6,1,45,7,2143,2,-1,-1,1,-1
201697GU05712,1,9,0,18,0,0,0,0,0,0,1,1,6,3,-1,-1,1560,2,5,-1,-1,-1
201697GU05712,2,9,0,18,0,0,0,0,0,0,1,1,6,2,17,4,998,1,15,-1,-1,-1
201697GU06211,1,1,0,18,0,8,0,0,0,0,1,1,4,1,13,3,-1,-1,-1,-1,1,-1
201697GU06211,2,9,0,9,0,8,0,0,0,0,3,1,1,1,27,6,998,1,6,-1,1,-1
201697GU06212,1,9,0,5,0,8,0,0,0,0,3,1,1,2,46,8,1598,2,3,-1,1,-1
201697GU06212,2,11,0,16,0,8,0,0,0,0,1,1,1,1,41,7,4500,2,1,-1,1,-1
201697GU06311,1,8,0,18,0,1,0,0,0,0,4,1,1,1,-1,-1,-1,-1,-1,-1,-1,-1
201697GU06511,1,9,0,6,0,1,0,0,0,0,3,1,6,1,18,4,1198,1,7,-1,1,-1
201697GU06511,2,9,0,18,0,1,0,0,0,0,1,1,6,1,59,9,1242,1,9,-1,1,-1
201697GU06811,1,9,0,5,0,2,0,0,0,0,3,1,6,2,69,10,1461,2,1,-1,1,-1
201697GU07211,1,8,0,18,0,0,0,0,0,0,4,1,1,1,63,9,1598,2,4,-1,1,-1
201697GU07411,1,9,0,7,0,2,0,0,0,0,1,1,2,1,30,6,1595,1,1,-1,1,-1
201697GU07611,1,9,0,4,0,0,1,0,0,0,1,1,6,1,57,9,1461,2,3,-1,-1,-1
201697GU07611,2,9,0,3,0,0,0,0,0,0,2,1,6,1,51,8,1598,2,1,-1,1,-1
201697GU07611,3,9,0,3,0,0,0,0,0,0,2,1,6,1,50,8,-1,-1,-1,-1,3,-1
201697GU08911,1,9,0,18,0,4,0,0,1,11,1,1,6,1,41,7,1390,1,3,-1,-1,-1
201697GU08911,2,9,0,18,0,4,0,0,1,11,2,1,6,2,61,9,1968,2,1,-1,1,-1
201697GU09211,1,9,0,18,0,0,0,0,0,0,1,1,6,1,26,6,1968,2,11,-1,1,-1
201697GU09211,2,9,0,4,0,0,0,0,0,0,2,1,6,1,19,4,1598,1,14,-1,1,-1
201697GU09211,3,9,0,4,0,0,0,0,0,0,2,1,6,2,30,6,1685,2,3,-1,1,-1
201697GU09811,1,9,0,18,0,0,0,0,0,0,1,1,6,2,18,4,-1,-1,-1,-1,1,-1
201697GU09811,2,9,0,10,0,0,0,0,0,0,2,1,6,2,29,6,1108,1,9,-1,1,-1
201697GU11211,1,9,0,18,0,0,0,0,0,0,1,1,2,1,40,7,1685,2,1,-1,1,-1
201697GU70111,1,9,0,7,0,2,0,0,0,0,3,1,1,1,47,8,1598,2,6,-1,1,-1
201697GU70112,1,8,0,9,0,4,0,0,0,0,1,1,1,1,57,9,2499,2,7,-1,1,-1
201697GU70112,2,1,0,17,0,4,0,0,0,0,1,1,2,2,26,6,-1,-1,-1,-1,1,-1
201697KA00102,1,9,0,9,0,1,0,0,0,0,4,1,6,2,67,10,1299,1,9,-1,1,-1
201697KA00102,2,9,0,18,0,1,0,0,0,0,1,1,6,2,21,5,1896,2,14,-1,1,-1
201697KA00106,1,9,0,18,0,1,0,0,0,0,0,1,6,2,25,5,-1,-1,-1,-1,-1,-1
201697KA00106,2,11,0,5,0,1,0,0,0,0,3,1,1,1,35,6,3900,2,12,-1,1,-1
201697KA00110,1,9,0,18,0,2,0,0,0,0,1,1,1,1,44,7,1686,2,4,-1,-1,-1
201697KA00202,1,9,0,18,0,4,1,0,0,0,1,1,1,2,25,5,1461,2,3,-1,1,-1
201697KA00202,2,9,0,17,0,3,0,0,0,7,2,1,1,1,19,4,1149,1,9,-1,1,-1
201697KA00211,1,9,0,5,0,2,0,0,0,0,1,1,6,1,50,8,1560,2,2,-1,1,-1
201697KA00211,2,1,0,1,0,2,0,0,0,0,2,1,2,1,34,6,-1,-1,-1,-1,1,-1
201697KA00307,1,9,0,9,0,6,0,0,0,0,1,1,6,1,23,5,-1,-1,-1,-1,-1,-1
201697KA00402,1,9,0,9,0,1,0,0,0,0,3,1,6,2,36,7,2179,2,5,-1,-1,-1
201697KA00402,2,19,0,18,0,1,0,0,0,0,1,1,6,1,49,8,2402,2,16,-1,-1,-1
201697KA00406,1,9,0,11,0,0,0,0,1,0,1,1,1,1,21,5,3200,2,12,-1,1,-1
201697KA00406,2,9,0,4,0,0,0,0,0,0,2,1,6,1,35,6,1598,1,4,-1,3,-1
201697KA00412,1,9,0,17,9,0,0,0,1,11,1,1,6,2,45,7,1598,1,11,-1,1,-1
201697KA00505,1,9,0,18,0,1,0,0,0,0,1,1,2,2,41,7,1242,1,3,-1,2,-1
201697KA00505,2,9,0,3,0,1,0,0,0,0,2,1,2,2,44,7,1598,1,8,-1,1,-1
201697KA00505,3,9,0,3,0,1,0,0,0,0,2,1,6,1,28,6,-1,-1,-1,-1,1,-1
201697KA00507,1,9,0,9,0,8,0,0,0,0,3,1,6,2,20,4,1398,1,1,-1,1,-1
201697KA00507,2,9,0,18,0,8,0,0,0,0,1,1,6,1,31,6,1995,1,9,-1,1,-1
201697KA00602,1,9,0,4,0,2,0,0,0,0,3,1,6,1,37,7,1798,1,3,-1,1,-1
201697KA00605,1,9,0,9,0,8,0,0,0,0,1,1,6,1,32,6,1598,1,9,-1,1,-1
201697KA00610,1,9,0,9,0,2,0,0,0,0,4,1,2,1,46,8,2231,2,4,-1,1,-1
201697KA00610,2,1,0,18,0,1,0,0,0,0,1,1,2,1,59,9,-1,-1,-1,-1,1,-1
201697KA00612,1,9,0,18,0,1,0,0,0,0,1,1,6,2,54,8,1598,1,2,-1,1,-1
201697KA00612,2,9,0,9,0,1,0,0,0,0,4,1,6,1,46,8,1560,2,3,-1,3,-1
201697KA00704,1,9,0,9,0,8,0,0,0,0,1,1,6,1,27,6,1598,2,5,-1,1,-1