Accident_Index,Vehicle_Reference,Vehicle_Type,Towing_and_Articulation,Vehicle_Manoeuvre,Vehicle_Location-Restricted_Lane,Junction_Location,Skidding_and_Overturning,Hit_Object_in_Carriageway,Vehicle_Leaving_Carriageway,Hit_Object_off_Carriageway,1st_Point_of_Impact,Was_Vehicle_Left_Hand_Drive?,Journey_Purpose_of_Driver,Sex_of_Driver,Age_of_Driver,Age_Band_of_Driver,Engine_Capacity_(CC),Propulsion_Code,Age_of_Vehicle,Driver_IMD_Decile,Driver_Home_Area_Type,Vehicle_IMD_Decile
201697KA00704,2,1,0,18,0,8,0,0,0,0,3,1,6,1,43,7,-1,-1,-1,-1,1,-1
201697KA00705,1,9,0,4,0,0,0,0,0,0,1,1,6,1,54,8,999,1,1,-1,1,-1
201697KA00706,1,9,0,4,0,1,0,0,0,0,1,1,6,1,20,4,998,1,2,-1,1,-1
201697KA00801,1,9,0,17,0,1,1,0,0,2,3,1,1,1,59,9,1598,2,1,-1,1,-1
201697KA00802,1,9,0,18,0,1,0,0,0,0,1,1,6,1,44,7,-1,-1,-1,-1,-1,-1
201697KA00802,2,19,0,16,0,1,0,0,0,0,4,1,6,2,42,7,-1,-1,-1,-1,3,-1
201697KA00804,1,9,0,9,0,1,0,0,0,0,1,1,6,2,36,7,1364,2,1,-1,1,-1
201697KA00804,2,9,0,18,0,1,0,0,0,0,4,1,6,2,36,7,1986,2,9,-1,1,-1
201697KA00810,1,9,0,18,0,0,0,4,0,0,4,1,6,2,83,11,999,1,2,-1,1,-1
201697KA00810,2,9,0,2,0,0,0,0,0,0,3,1,6,1,-1,-1,1896,2,14,-1,1,-1
201697KA00903,1,9,0,5,0,1,0,0,0,0,1,1,6,1,47,8,1598,2,1,-1,-1,-1
201697KA00903,2,9,0,8,0,1,0,0,0,0,2,1,6,2,52,8,998,1,-1,-1,1,-1
201697KA01001,1,9,0,18,0,0,0,0,0,0,4,1,6,2,69,10,1242,1,5,-1,-1,-1
201697KA01009,1,1,0,11,0,0,0,0,0,0,1,1,6,1,43,7,-1,-1,-1,-1,1,-1
201697KA01009,2,9,0,18,0,0,0,0,0,0,2,1,6,2,42,7,1149,1,10,-1,1,-1
201697KA01010,1,9,0,18,0,0,0,0,0,0,1,1,6,1,78,11,1970,1,15,-1,1,-1
201697KA01010,2,9,0,3,0,0,0,0,0,0,2,1,6,1,61,9,1598,1,5,-1,1,-1
201697KA01011,1,9,0,9,0,6,0,0,0,0,1,1,6,1,35,6,1868,2,15,-1,1,-1
201697KA01101,1,9,0,18,0,0,0,0,0,0,1,1,6,2,60,9,1242,1,10,-1,1,-1
201697KA01103,1,9,0,16,0,0,1,0,0,0,1,1,6,2,23,5,1198,1,13,-1,1,-1
201697KA01103,2,9,0,17,0,0,0,0,1,0,1,1,2,1,23,5,1364,1,-1,-1,2,-1
201697KA01104,1,8,0,18,0,1,0,0,0,0,1,1,1,1,42,7,1598,2,5,-1,1,-1
201697KA01104,2,8,0,18,0,1,0,0,0,0,1,1,1,1,45,7,1896,2,6,-1,1,-1
201697KA01107,1,8,0,7,0,2,0,0,0,0,4,1,1,1,48,8,1560,2,1,-1,-1,-1
201697KA01107,2,1,0,5,0,2,0,0,0,0,3,1,1,1,28,6,-1,-1,-1,-1,1,-1
201697KA01110,1,9,0,15,0,1,0,4,0,0,1,1,6,1,29,6,1496,1,1,-1,1,-1
201697KA01110,2,9,0,2,0,1,0,4,0,0,2,1,6,3,-1,-1,1796,2,4,-1,-1,-1
201697KA01111,1,9,0,18,0,0,5,4,0,0,2,1,6,1,53,8,1124,1,11,-1,1,-1
201697KA01111,2,9,0,2,0,0,0,0,0,0,1,1,6,1,41,7,1000,1,2,-1,1,-1
201697KA01203,1,9,0,4,0,1,0,0,0,0,2,1,6,2,40,7,1198,1,9,-1,-1,-1
201697KA01203,2,9,0,4,0,1,0,0,0,0,2,1,6,2,22,5,1199,1,12,-1,1,-1
201697KA01207,1,9,0,5,0,8,0,0,0,0,1,1,1,2,19,4,1242,1,2,-1,2,-1
201697KA01207,2,1,0,18,0,8,2,0,0,0,1,1,6,1,58,9,-1,-1,-1,-1,1,-1
201697KA01210,1,9,0,16,0,8,1,0,0,0,1,1,6,1,-1,-1,2922,1,15,-1,-1,-1
201697KA01210,2,11,0,9,0,8,0,0,0,0,3,1,1,1,58,9,4461,2,1,-1,1,-1
201697KA01303,1,9,0,18,0,8,0,0,0,0,1,1,6,1,50,8,1149,1,9,-1,1,-1
201697KA01305,1,9,0,18,0,0,0,0,0,0,4,1,6,1,45,7,1368,1,2,-1,1,-1
201697KA01305,2,19,0,5,0,0,0,0,0,0,3,1,6,1,55,8,2151,2,14,-1,1,-1
201697KA01401,1,19,0,11,0,1,0,0,0,0,4,1,1,1,48,8,2143,2,3,-1,1,-1
201697KA01401,2,9,0,4,0,1,0,0,0,0,3,1,2,2,30,6,1968,2,6,-1,3,-1
201697KA01409,1,8,0,9,0,1,0,0,0,0,1,1,3,1,43,7,1598,2,1,-1,1,-1
201697KA01409,2,9,0,18,0,8,0,0,0,0,1,1,6,1,47,8,1753,2,9,-1,1,-1
201697KA01412,1,9,0,9,0,3,0,0,0,0,1,1,6,1,20,4,1781,1,13,-1,1,-1
201697KA01504,1,9,0,9,0,8,0,0,0,0,3,1,6,1,57,9,1998,1,26,-1,-1,-1
201697KA01504,2,5,0,18,0,8,0,0,0,0,1,1,6,1,31,6,599,1,4,-1,1,-1
201697KA01507,1,9,0,18,0,0,0,4,0,0,1,1,6,2,68,10,1995,1,15,-1,1,-1
201697KA01507,2,8,0,2,0,0,0,0,0,0,3,1,6,1,62,9,1997,2,7,-1,1,-1
201697KA01508,1,1,0,17,0,0,0,0,0,0,1,1,6,1,14,3,-1,-1,-1,-1,1,-1
201697KA01508,2,9,0,16,0,0,0,0,0,0,1,1,1,1,48,8,1496,1,-1,-1,1,-1
201697KA01611,1,9,0,5,0,0,0,0,0,0,3,1,6,1,31,6,1061,1,11,-1,1,-1
201697KA01712,1,9,0,18,0,0,0,0,0,10,1,1,6,2,69,10,1149,1,-1,-1,1,-1
201697KA01801,1,8,0,18,0,0,0,0,0,0,1,1,1,1,24,5,-1,-1,-1,-1,3,-1
201697KA01804,1,9,0,9,0,8,0,0,0,0,4,2,6,1,88,11,1598,1,9,-1,1,-1
201697KA01804,2,1,0,18,0,8,0,0,0,0,1,1,2,1,56,9,-1,-1,-1,-1,1,-1
201697KA01808,1,9,0,9,0,1,0,0,0,0,1,1,2,1,49,8,1560,2,2,-1,1,-1
201697KA01808,2,5,0,9,0,1,0,0,0,0,3,1,2,1,57,9,1170,1,2,-1,1,-1
201697KA01901,1,9,0,18,0,1,0,0,0,0,1,1,2,1,47,8,1794,1,10,-1,1,-1
201697KA01901,2,1,0,18,0,1,0,0,0,0,2,1,2,1,44,7,-1,-1,-1,-1,1,-1
201697KA01904,1,9,0,18,0,8,0,0,0,0,1,1,6,1,20,4,1149,1,9,-1,1,-1
201697KA01904,2,9,0,18,0,8,0,0,0,0,1,1,6,1,70,10,1598,1,10,-1,1,-1
201697KA01905,1,9,0,9,0,8,0,0,0,0,4,1,6,2,21,5,1968,2,3,-1,1,-1
201697KA01905,2,9,0,18,0,8,0,0,0,0,3,1,6,2,35,6,1396,1,5,-1,1,-1
201697KA01910,1,9,0,18,0,2,0,0,0,0,1,1,2,2,20,4,1229,1,4,-1,1,-1
201697KA02004,1,9,0,18,0,0,0,0,0,0,1,1,6,1,49,8,1461,2,1,-1,1,-1
201697KA02007,1,21,0,18,0,0,0,0,0,0,2,1,1,1,54,8,10837,2,2,-1,-1,-1
201697KA02103,1,9,0,5,0,2,0,0,0,0,0,1,1,1,40,7,1796,1,14,-1,2,-1
201697KA02103,2,9,0,3,0,2,0,0,0,0,2,1,1,1,42,7,1595,1,5,-1,1,-1
201697KA02104,1,9,0,18,0,2,1,0,3,4,1,1,6,1,29,6,1397,1,6,-1,1,-1
201697KA02107,1,9,0,18,0,0,0,0,0,0,4,1,6,2,54,8,1999,2,-1,-1,1,-1
201697KA02206,1,9,0,18,0,0,0,0,0,0,1,1,1,1,50,8,-1,-1,-1,-1,1,-1
201697KA02206,2,9,0,18,0,0,0,0,0,0,1,1,2,1,37,7,1998,1,10,-1,1,-1
201697KA02207,1,9,0,18,0,0,0,0,0,0,1,1,6,1,56,9,1198,1,12,-1,1,-1
201697KA02207,2,9,0,3,0,0,0,0,0,0,2,1,6,1,57,9,1598,1,7,-1,1,-1
201697KA02207,3,9,0,3,0,0,0,0,0,0,2,1,1,1,26,6,1560,2,2,-1,1,-1
201697KA02210,1,9,0,9,0,6,0,0,0,0,3,1,1,1,47,8,-1,-1,-1,-1,1,-1
201697KA02210,2,9,0,18,0,1,2,0,0,0,1,1,6,1,26,6,-1,-1,-1,-1,1,-1
201697KA02302,1,9,0,18,0,8,0,0,0,0,1,1,6,2,29,6,1242,1,1,-1,1,-1
201697KA02302,2,9,0,9,0,6,0,0,0,0,3,1,6,1,52,8,1896,2,11,-1,2,-1
201697KA02305,1,11,0,18,0,0,0,0,0,0,1,1,1,1,46,8,-1,-1,-1,-1,1,-1
201697KA02305,2,9,0,3,0,0,0,0,0,0,2,1,6,1,70,10,1598,1,12,-1,1,-1
201697KA02305,3,9,0,3,0,0,0,0,0,0,2,1,6,2,19,4,1149,1,6,-1,1,-1
201697KA02402,1,9,0,18,0,2,0,0,0,0,4,1,2,2,45,7,1995,2,6,-1,1,-1
201697KA02404,1,9,0,18,0,0,0,0,0,0,1,1,6,2,40,7,1390,1,7,-1,-1,-1
201697KA02404,2,9,0,4,0,0,0,0,0,0,2,1,6,2,53,8,1596,1,3,-1,1,-1
201697KA02406,1,9,0,18,0,0,0,0,0,0,4,1,6,3,50,8,-1,-1,-1,-1,-1,-1
201697KA02411,1,9,0,18,0,0,0,0,0,0,0,1,6,1,57,9,1461,2,-1,-1,1,-1
201697KA02411,2,11,0,18,0,0,0,0,0,0,0,1,1,1,45,7,5883,2,15,-1,1,-1
201697KA02501,1,9,0,18,0,0,1,0,0,0,1,1,6,1,65,9,1998,2,9,-1,-1,-1
201697KA02501,2,8,0,18,0,0,1,0,0,0,1,1,1,1,48,8,1598,1,3,-1,1,-1
201697KA02501,3,9,0,2,0,0,0,0,0,0,3,1,6,1,32,6,1796,1,8,-1,-1,-1
201697KA02601,1,9,0,18,0,0,0,0,0,0,1,1,6,1,60,9,1461,2,6,-1,1,-1
201697KA02601,2,9,0,18,0,0,0,0,0,0,1,1,2,2,33,6,1997,2,1,-1,1,-1
201697KA02702,1,9,0,18,0,1,0,0,0,0,1,1,6,1,-1,-1,1560,2,1,8,1,8
201697KA02702,2,9,0,7,0,1,0,0,0,0,2,1,6,2,38,7,1598,1,12,-1,1,-1
201697KA02704,1,9,0,14,0,0,0,0,0,0,1,1,1,1,47,8,-1,-1,-1,-1,1,-1
201697KA02803,1,9,0,16,0,2,0,0,0,0,1,1,6,1,74,10,1364,1,8,-1,1,-1
201697KA02806,1,19,0,9,0,6,0,0,0,0,1,1,1,1,41,7,1248,2,6,-1,1,-1
201697KA02806,2,8,0,18,0,1,0,0,7,0,4,1,1,1,34,6,1598,2,2,-1,1,-1
201697KA02901,1,9,0,5,0,1,0,0,0,0,1,1,3,2,29,6,1229,1,7,-1,3,-1
201697KA02907,1,9,0,18,0,0,1,10,0,11,1,1,1,1,68,10,2736,1,12,-1,1,-1
201697KA02908,1,9,0,9,0,6,0,0,0,0,1,1,2,2,39,7,2172,2,13,-1,1,-1
201697KA02908,2,9,0,16,0,1,0,0,0,0,1,1,2,1,29,6,1900,2,16,-1,1,-1
201697KA02911,1,9,0,18,0,0,5,0,0,0,1,1,6,3,-1,-1,1149,1,12,-1,-1,-1
201697KA03010,1,9,0,13,0,1,0,0,0,0,0,1,6,3,-1,-1,-1,-1,-1,-1,-1,-1
201697KA03010,2,11,0,4,0,1,0,0,0,0,0,1,1,1,54,8,3900,2,11,-1,1,-1
201697KA03011,1,9,0,9,0,2,0,0,0,0,4,1,6,1,75,10,1956,2,4,-1,1,-1
201697KA03108,1,9,0,10,0,1,0,0,0,0,3,1,3,2,37,7,998,1,6,-1,1,-1
201697KA03108,2,10,4,18,0,1,0,0,0,0,1,1,1,1,59,9,2198,2,3,-1,1,-1
201697KA03110,1,9,0,9,0,8,0,0,0,0,4,1,1,1,56,9,1598,2,1,-1,1,-1
201697KA03110,2,3,0,18,0,8,0,0,0,0,4,1,6,1,25,5,599,1,17,-1,1,-1
201697KA03201,1,9,0,18,0,2,0,0,0,0,1,1,6,2,65,9,1229,1,3,-1,2,-1
201697KA03201,2,9,0,18,0,2,1,0,0,0,3,1,6,2,19,4,1229,1,3,-1,1,-1
201697KA03203,1,9,0,18,0,0,0,0,0,0,1,1,2,2,18,4,998,1,1,-1,-1,-1
201697KA03203,2,9,0,2,0,0,0,0,0,0,2,1,2,2,18,4,1598,1,1,-1,1,-1
201697KA03205,1,9,0,18,0,0,0,0,0,0,1,1,6,2,35,6,1686,2,2,-1,-1,-1
201697KA03205,2,9,0,3,0,0,0,0,0,0,2,1,6,1,40,7,1582,2,3,-1,-1,-1
201697KA03208,1,9,0,1,9,0,0,0,0,0,2,1,1,1,31,6,1582,2,-1,-1,1,-1
201697KA03306,1,9,0,18,0,8,0,0,0,0,1,1,6,1,28,6,2967,2,8,-1,-1,-1
201697KA03306,2,9,0,18,0,1,0,0,0,0,2,1,6,2,29,6,1198,1,12,-1,1,-1
201697KA03403,1,9,0,18,0,8,0,0,0,0,1,1,6,2,20,4,1242,1,1,-1,3,-1
201697KA03403,2,9,0,4,0,8,0,0,0,0,2,1,2,1,20,4,1328,1,7,-1,1,-1
201697KA03503,1,1,0,18,0,0,0,0,0,0,1,1,2,1,17,4,-1,-1,-1,-1,1,-1
201697KA03503,2,9,0,2,0,0,0,0,0,0,2,1,2,2,48,8,1339,1,3,-1,1,-1
201697KA03505,1,9,0,4,0,4,1,0,0,0,1,1,6,1,41,7,-1,-1,-1,-1,1,-1
201697KA03505,2,9,0,5,0,3,0,0,0,0,2,1,1,1,44,7,1686,2,4,-1,1,-1
201697KA03602,1,9,0,1,0,0,0,0,0,0,2,1,6,1,24,5,1388,1,10,-1,1,-1
201697KA03602,2,9,0,1,0,0,0,0,0,0,1,1,6,1,49,8,1198,1,6,-1,-1,-1
201697KA03609,1,9,0,2,0,0,0,0,0,0,4,1,6,2,-1,-1,1560,2,1,-1,-1,-1
201697KA03609,2,9,0,5,0,0,0,0,0,0,3,1,1,2,37,7,1360,1,9,-1,1,-1
201697KA03703,1,9,0,18,0,8,0,0,0,0,4,1,6,1,75,10,1988,2,13,10,1,10
201697KA03703,2,9,0,18,0,8,1,0,0,0,1,1,6,1,42,7,1596,1,14,-1,1,-1
201697KA03803,1,11,0,4,0,1,0,0,0,0,1,1,1,1,47,8,5883,2,14,-1,1,-1
201697KA03803,2,9,0,4,0,1,0,0,0,0,3,1,6,1,23,5,1598,1,11,-1,3,-1
201697KA03804,1,9,0,4,0,1,0,0,0,0,3,1,2,2,57,9,1397,1,6,-1,1,-1
201697KA03810,1,9,0,18,0,1,1,0,0,0,1,1,3,2,40,7,1598,1,9,-1,3,-1
201697KA03810,2,9,0,2,0,1,0,0,0,0,2,1,6,2,49,8,1598,2,-1,-1,1,-1
201697KA03811,1,9,0,12,0,1,0,0,0,0,1,1,1,1,31,6,1900,2,18,-1,1,-1
201697KA03903,1,9,0,5,0,6,0,0,0,0,3,1,6,2,48,8,1240,1,8,-1,1,-1
201697KA03903,2,9,0,18,0,1,0,0,0,0,4,1,2,2,33,6,1198,1,2,-1,3,-1
201697KA03905,1,9,0,4,0,0,0,0,0,0,4,1,6,2,39,7,1796,1,4,-1,3,-1
201697KA03908,1,10,0,18,0,0,0,0,0,0,1,1,1,1,64,9,2402,2,13,-1,1,-1
201697KA04008,1,9,0,18,0,1,0,0,0,0,1,1,1,1,39,7,-1,-1,-1,-1,1,-1
201697KA04008,2,9,0,9,0,5,0,0,0,0,2,1,6,1,24,5,1796,1,8,-1,1,-1
201697KA04011,1,9,0,16,0,0,0,0,0,0,1,1,6,1,19,4,2198,1,9,-1,1,-1
201697KA04011,2,9,0,17,0,0,0,0,0,0,3,1,6,1,64,9,1796,1,2,-1,2,-1
201697KA04011,3,9,0,17,0,0,0,0,7,0,1,1,3,2,51,8,1796,1,6,-1,1,-1
201697KA04011,4,9,0,17,0,0,0,0,0,0,1,1,6,1,38,7,2967,2,5,-1,1,-1
201697KA04101,1,21,0,11,0,0,0,0,0,0,4,1,1,1,34,6,12777,2,2,-1,2,-1
201697KA04101,2,9,0,18,0,0,1,0,4,0,3,1,6,2,23,5,1598,1,10,-1,3,-1
201697KA04102,1,9,0,17,0,0,0,0,0,4,1,1,6,2,50,8,1991,2,5,-1,1,-1
201697KA04106,1,9,0,4,0,0,0,0,0,0,1,1,6,1,73,10,1997,2,3,-1,1,-1
201697KA04206,1,9,0,18,0,0,2,0,0,0,4,1,6,2,19,4,1248,2,8,-1,1,-1
201697KA04305,1,9,0,5,0,8,0,0,0,0,3,1,6,2,74,10,1198,1,9,-1,3,-1
201697KA04305,2,9,0,18,0,8,0,0,0,0,1,1,6,1,38,7,1998,2,10,-1,1,-1
201697KA04409,1,9,0,18,0,0,0,0,0,0,1,1,6,2,50,8,1586,1,10,-1,1,-1
201697KA04410,1,9,0,16,0,0,0,0,7,11,1,1,6,2,24,5,1388,1,11,-1,-1,-1
201697KA04411,1,9,0,9,0,1,0,0,0,0,1,1,2,1,29,6,1248,2,6,-1,1,-1
201697KA04501,1,9,0,9,0,1,0,7,0,10,1,1,6,1,29,6,-1,-1,-1,-1,-1,-1
201697KA04501,2,9,0,8,0,1,0,0,0,0,1,1,6,2,23,5,1242,1,7,-1,1,-1
201697KA04506,1,9,0,18,0,0,0,4,0,0,3,1,6,2,35,6,1598,2,6,-1,3,-1
201697KA04506,2,9,0,2,6,0,0,0,0,0,3,1,6,3,-1,-1,1149,1,2,-1,-1,-1
201697KA04506,3,9,0,2,6,0,0,0,0,0,3,1,6,3,-1,-1,-1,-1,-1,-1,-1,-1
201697KA04511,1,9,0,14,0,1,0,0,3,11,1,1,1,1,26,6,1560,2,1,-1,1,-1
201697KA04511,2,9,0,9,0,5,0,0,0,0,0,1,1,1,22,5,1598,2,-1,-1,-1,-1
201697KA04602,1,9,0,6,0,1,0,0,0,0,0,1,6,1,20,4,998,1,3,-1,1,-1
201697KA04602,2,11,0,5,0,1,0,0,0,0,0,1,1,1,55,8,7300,2,9,-1,1,-1
201697KA04702,1,9,0,18,0,0,0,0,4,2,1,1,6,2,31,6,1598,1,17,-1,1,-1
201697KA04706,1,9,0,11,0,5,0,0,0,0,4,1,6,1,37,7,1598,2,4,-1,1,-1
201697KA04706,2,9,0,18,0,5,0,0,0,0,3,1,6,1,22,5,1560,2,8,-1,1,-1
201697KA04710,1,9,0,18,0,3,0,10,2,2,4,1,6,1,50,8,1598,2,-1,-1,1,-1
201697KA04711,1,9,0,4,0,1,0,0,0,0,4,1,6,3,40,7,998,1,-1,-1,-1,-1
201697KA04711,2,1,0,4,0,1,0,0,0,0,3,1,6,1,24,5,-1,-1,-1,-1,1,-1
201697KA05001,1,9,0,18,0,0,0,0,1,11,1,1,6,1,60,9,1956,2,1,-1,1,-1
201697KA05003,1,9,0,14,0,0,1,4,0,0,1,1,6,1,27,6,1598,1,9,-1,1,-1
201697KA05003,2,9,0,17,0,0,1,0,0,0,1,1,6,2,26,6,1242,1,8,-1,1,-1
201697KA05003,3,9,0,2,0,0,0,0,0,0,3,1,6,2,50,8,1598,1,5,-1,-1,-1
201697KA05003,4,9,0,2,0,0,0,4,0,0,2,1,6,1,31,6,1598,1,6,-1,-1,-1
201697KA05003,5,9,0,2,0,0,0,0,0,0,2,1,6,1,40,7,1397,1,8,-1,-1,-1
201697KA05009,1,9,0,18,0,0,0,0,0,0,1,1,6,1,23,5,1299,1,9,-1,1,-1
201697KA05009,2,9,0,4,0,0,0,0,0,0,0,1,6,2,67,10,1598,2,5,-1,1,-1
201697KA05201,1,11,0,15,0,1,0,0,0,0,4,1,1,1,53,8,6370,2,11,-1,1,-1
201697KA05201,2,90,0,2,0,1,0,0,0,0,3,1,6,3,-1,-1,-1,-1,-1,-1,-1,-1
201697KA05202,1,9,0,18,0,1,0,0,0,0,1,1,6,3,-1,-1,-1,-1,-1,-1,-1,-1
201697KA05202,2,9,0,18,0,1,0,0,0,0,3,1,6,1,42,7,1896,2,9,-1,1,-1
201697KA05211,1,9,0,16,0,0,1,10,1,1,3,1,6,1,22,5,1590,1,12,-1,1,-1
201697KA05503,1,9,0,18,0,0,0,0,0,0,4,1,6,1,49,8,1598,1,10,-1,1,-1
201697KA05511,1,9,0,9,0,1,0,0,0,1,1,1,6,2,59,9,1399,2,4,-1,2,-1
201697KA05511,2,9,0,18,0,1,0,0,0,1,3,1,6,1,29,6,1587,1,13,-1,1,-1
201697KA05511,3,9,0,2,0,1,0,0,0,0,3,1,6,1,70,10,1242,1,4,-1,1,-1
201697KA07201,1,9,0,18,0,0,0,0,0,0,1,1,6,2,60,9,1596,1,15,-1,1,-1
201697KB00104,1,9,0,4,0,1,0,0,0,0,4,1,2,2,22,5,1229,1,4,-1,1,-1
201697KB00205,1,9,0,9,0,1,0,0,0,0,4,1,6,1,34,6,2967,2,11,-1,1,-1
201697KB00205,2,9,0,18,0,1,0,0,0,0,1,1,6,2,52,8,1560,2,2,-1,1,-1
201697KB00208,1,9,0,5,0,1,0,0,0,2,1,1,6,1,79,11,1598,1,1,-1,1,-1
201697KB00208,2,11,0,18,0,1,0,0,0,0,3,1,6,1,27,6,6370,2,11,-1,1,-1
201697KB00209,1,9,0,18,0,0,0,0,0,0,3,1,6,1,75,10,1468,1,21,-1,3,-1
201697KB00306,1,9,0,5,0,1,0,0,0,0,4,1,6,2,64,9,998,1,1,-1,1,-1
201697KB00306,2,11,0,5,0,1,0,0,0,0,3,1,1,1,58,9,4461,2,1,-1,1,-1
201697KB00401,1,9,0,18,0,4,0,0,0,0,1,1,6,1,-1,-1,-1,-1,-1,-1,-1,-1
201697KB00401,2,1,0,18,0,4,0,0,0,0,4,1,2,1,41,7,-1,-1,-1,-1,1,-1
201697KB00405,1,9,0,4,0,1,0,0,0,0,1,1,6,2,28,6,1229,1,5,-1,1,-1
201697KB00405,2,9,0,10,0,1,0,0,0,0,2,1,6,1,24,5,-1,-1,-1,-1,1,-1
201697KB00501,1,9,0,11,0,1,0,0,0,0,3,1,6,1,85,11,898,1,1,-1,1,-1
201697KB00501,2,1,0,18,0,1,0,0,0,0,4,1,1,1,31,6,-1,-1,-1,-1,1,-1
201697KB00510,1,9,0,18,0,4,0,0,0,0,1,1,2,2,44,7,1242,1,6,-1,1,-1
201697KB00510,2,1,0,9,0,3,0,0,0,0,4,1,6,1,45,7,-1,-1,-1,-1,1,-1
201697KB00603,1,9,0,18,0,0,0,0,0,0,1,1,2,1,69,10,998,1,8,-1,1,-1
201697KB00603,2,9,0,2,0,0,0,0,0,0,2,1,6,2,61,9,999,1,-1,-1,1,-1
201697KB00603,3,19,0,18,0,0,0,0,0,0,1,1,2,1,39,7,2295,7,13,-1,1,-1
201697KB00605,1,9,0,18,0,1,0,0,0,0,1,1,6,1,19,4,1395,1,1,-1,1,-1
201697KB00612,1,9,0,5,0,6,0,0,0,0,1,1,6,1,44,7,1798,1,9,-1,-1,-1
201697KB00612,2,22,0,18,0,8,0,0,0,0,4,1,6,1,75,10,-1,-1,-1,-1,1,-1
201697KB00702,1,9,0,5,0,1,0,0,0,0,3,1,6,2,27,6,1198,1,4,-1,1,-1
201697KB00702,2,9,0,7,0,6,0,0,0,0,3,1,2,1,31,6,1968,2,5,-1,1,-1
201697KB00705,1,5,0,17,0,4,1,0,0,0,1,1,6,1,34,6,599,1,8,-1,1,-1
201697KB00705,2,9,0,3,0,1,0,0,0,0,3,1,6,1,21,5,1598,2,4,-1,1,-1
201697KB00706,1,11,0,18,0,1,0,0,0,0,4,1,1,1,62,9,7300,2,13,-1,-1,-1
201697KB00709,1,5,0,7,4,8,1,0,0,0,4,1,1,1,37,7,1050,1,4,-1,2,-1
201697KB00710,1,9,0,9,0,2,0,0,0,0,4,1,6,2,38,7,1198,1,1,-1,1,-1
201697KB00710,2,5,0,18,0,1,0,0,0,0,1,1,6,1,73,10,998,1,4,-1,1,-1
201697KB00802,1,9,0,18,0,0,0,0,0,0,1,1,1,2,25,5,1349,1,4,-1,1,-1
201697KB00802,2,9,0,18,0,0,0,0,0,0,1,1,1,1,36,7,1799,1,9,-1,2,-1
201697KB00802,3,9,0,18,0,0,0,0,0,0,2,1,1,1,28,6,1395,1,1,-1,1,-1
201697KB00802,4,9,0,4,0,0,0,0,0,0,2,1,1,2,29,6,1398,2,2,-1,2,-1
201697KB00905,1,9,0,18,0,1,0,0,0,0,1,1,6,2,62,9,1762,1,18,-1,-1,-1
201697KB00905,2,9,0,18,0,1,0,0,0,0,2,1,6,2,58,9,1995,2,2,-1,1,-1
201697KB00906,1,9,0,4,0,1,1,0,1,11,2,1,6,1,23,5,2521,1,6,-1,2,-1
201697KB00906,2,9,0,3,0,1,0,0,0,0,2,1,6,1,22,5,1399,1,-1,-1,1,-1
201697KB00907,1,9,0,18,0,0,2,10,4,6,3,1,6,2,45,7,1998,1,12,-1,1,-1
201697KB00912,1,5,0,13,0,0,2,0,7,10,1,1,6,1,47,8,600,1,16,-1,1,-1
201697KB01001,1,9,0,18,0,0,0,0,0,0,3,1,6,1,63,9,1399,1,5,-1,1,-1
201697KB01005,1,9,0,16,0,0,0,0,0,0,1,1,6,1,50,8,998,1,2,-1,1,-1
201697KB01005,2,8,0,17,0,0,0,0,0,0,0,1,6,1,56,9,1598,2,3,-1,1,-1
201697KB01006,1,9,0,18,0,1,1,0,0,0,1,1,1,1,62,9,-1,-1,-1,-1,1,-1
201697KB01006,2,9,0,18,0,1,0,0,0,0,2,1,1,1,36,7,1598,2,3,-1,-1,-1
201697KB01006,3,9,0,18,0,1,0,0,0,0,0,1,6,2,31,6,1598,1,4,-1,1,-1
201697KB01007,1,9,0,18,0,0,5,10,1,11,4,1,6,1,54,8,996,1,6,-1,3,-1
201697KB01103,1,9,0,10,0,8,0,0,0,0,1,1,6,1,82,11,1329,1,4,-1,1,-1
201697KB01103,2,9,0,5,0,8,0,0,0,0,1,1,2,1,46,8,1968,2,2,-1,3,-1
201697KB01108,1,9,0,12,0,8,0,0,0,0,3,1,6,1,-1,-1,1968,2,1,-1,1,-1
201697KB01108,2,9,0,18,0,8,0,0,0,0,4,1,6,2,37,7,1398,2,3,-1,1,-1
201697KB01110,1,9,0,18,0,0,0,0,0,0,1,1,6,2,48,8,1398,2,7,-1,1,-1
201697KB01112,1,9,0,17,0,0,0,0,1,3,1,1,2,2,42,7,998,1,2,-1,3,-1
201697KB01206,1,19,0,14,0,1,0,0,0,0,3,1,6,1,32,6,3920,2,2,-1,1,-1
201697KB01206,2,11,0,2,0,1,0,0,0,0,4,1,1,1,44,7,6370,2,11,-1,1,-1
201697KB01211,1,9,0,18,0,1,0,0,0,2,3,1,6,1,35,6,1796,1,7,-1,1,-1
201697KB01211,2,19,0,9,0,1,0,0,7,1,0,1,1,1,56,9,2298,2,1,-1,1,-1
201697KB01212,1,9,0,11,0,0,0,0,0,0,1,1,6,1,80,11,1390,1,6,-1,1,-1
201697KB01212,2,5,0,18,0,0,0,0,0,0,3,1,6,1,55,8,1352,1,4,-1,1,-1
201697KB01304,1,9,0,4,0,0,2,0,1,11,1,1,6,1,35,6,1686,2,3,-1,1,-1
201697KB01305,1,9,0,4,0,0,0,0,0,0,1,1,6,1,58,9,1997,2,2,-1,1,-1
201697KB01305,2,9,0,4,0,0,0,0,0,0,2,1,6,2,48,8,1975,1,7,-1,1,-1
201697KB01306,1,9,0,18,0,6,0,0,0,0,4,1,6,3,-1,-1,-1,-1,-1,-1,-1,-1
201697KB01306,2,9,0,9,0,3,0,0,0,0,0,1,6,1,61,9,1995,2,7,-1,1,-1
201697KB01311,1,9,0,5,0,4,0,0,0,0,1,1,6,2,32,6,1598,2,3,-1,1,-1
201697KB01311,2,1,0,18,0,8,0,0,0,0,0,1,6,1,44,7,-1,-1,-1,-1,1,-1