Accident_Index,Vehicle_Reference,Vehicle_Type,Towing_and_Articulation,Vehicle_Manoeuvre,Vehicle_Location-Restricted_Lane,Junction_Location,Skidding_and_Overturning,Hit_Object_in_Carriageway,Vehicle_Leaving_Carriageway,Hit_Object_off_Carriageway,1st_Point_of_Impact,Was_Vehicle_Left_Hand_Drive?,Journey_Purpose_of_Driver,Sex_of_Driver,Age_of_Driver,Age_Band_of_Driver,Engine_Capacity_(CC),Propulsion_Code,Age_of_Vehicle,Driver_IMD_Decile,Driver_Home_Area_Type,Vehicle_IMD_Decile
201697LA01603,1,9,0,4,0,0,1,0,0,0,1,1,6,2,53,8,1248,2,1,-1,1,-1
201697LA01603,2,9,0,4,0,0,1,0,0,0,1,1,6,1,35,6,1988,2,8,-1,1,-1
201697LA01611,1,9,0,18,0,1,0,0,0,0,1,1,6,1,24,5,2993,2,12,-1,1,-1
201697LA01611,2,9,0,18,0,1,0,0,0,10,2,1,6,1,31,6,1364,1,12,-1,1,-1
201697LA01612,1,9,0,18,9,0,0,10,1,2,1,1,6,2,74,10,998,1,-1,-1,3,-1
201697LA01708,1,9,0,3,0,0,0,0,0,0,1,1,1,1,53,8,2953,2,12,-1,1,-1
201697LA01708,2,9,0,3,0,0,0,0,0,0,2,1,6,1,52,8,1598,1,6,-1,1,-1
201697LA01708,3,9,0,3,0,0,0,0,0,0,2,1,1,2,36,7,1997,2,8,-1,1,-1
201697LA01710,1,9,0,5,8,0,0,0,1,0,4,1,6,1,35,6,1398,1,5,-1,1,-1
201697LA01710,2,21,1,17,0,0,0,0,7,0,3,1,2,1,47,8,16400,2,-1,-1,-1,-1
201697LA01712,1,9,0,18,0,0,0,0,0,0,0,1,6,2,79,11,1329,1,1,-1,1,-1
201697LA01712,2,9,0,18,0,0,0,0,1,0,2,1,6,2,57,9,1596,1,4,-1,1,-1
201697LA01712,3,9,0,18,0,0,0,0,1,0,1,1,6,1,25,5,1461,2,3,-1,1,-1
201697LA01802,1,9,0,3,0,1,0,0,0,0,1,1,6,2,36,7,1998,2,11,-1,1,-1
201697LA01802,2,9,0,3,0,2,0,0,0,0,1,1,6,1,68,10,1560,2,9,-1,1,-1
201697LA01802,3,9,0,3,0,2,0,0,0,0,2,1,6,2,32,6,1229,1,7,-1,-1,-1
201697LA01807,1,9,0,18,0,0,0,0,1,11,1,1,6,1,43,7,1242,1,10,-1,3,-1
201697LA01808,1,9,0,6,0,0,0,0,7,0,1,1,6,1,74,10,1399,1,-1,-1,-1,-1
201697LA01808,2,90,0,18,0,0,0,0,7,0,1,1,6,1,65,9,2198,2,5,2,1,2
201697LA01810,1,5,0,16,0,0,2,0,0,0,3,1,6,1,44,7,599,1,6,-1,1,-1
201697LA01905,1,9,0,6,0,8,0,0,0,0,4,2,6,1,30,6,-1,-1,-1,-1,-1,-1
201697LA01905,2,9,0,18,0,3,0,0,0,0,4,1,2,1,58,9,1968,2,7,-1,1,-1
201697LA01905,3,9,0,18,0,1,0,0,0,0,2,1,1,2,36,7,1984,1,7,-1,1,-1
201697LA01905,4,9,0,3,0,1,0,0,1,0,1,1,6,1,36,7,1948,1,12,-1,1,-1
201697LA01905,5,9,0,3,0,5,0,0,0,0,1,1,1,2,50,8,2521,1,11,-1,-1,-1
201697LA01905,6,9,0,3,0,1,0,0,0,0,1,1,6,2,55,8,1242,1,8,-1,3,-1
201697LA01907,1,9,0,16,0,1,0,0,0,0,1,1,6,1,29,6,1461,2,-1,5,1,5
201697LA01907,2,9,0,17,0,1,0,0,0,0,2,1,6,2,71,10,1198,1,9,-1,1,-1
201697LA01908,1,9,0,18,0,0,0,0,0,0,1,1,6,1,58,9,998,1,2,-1,1,-1
201697LA01908,2,9,0,18,0,0,0,4,0,0,2,1,6,2,18,4,999,1,1,-1,1,-1
201697LA01908,3,9,0,2,0,0,0,0,0,0,2,1,6,1,26,6,1390,1,10,-1,1,-1
201697LA01910,1,9,0,18,0,4,0,0,0,0,3,1,1,2,50,8,1461,2,-1,-1,-1,-1
201697LA01910,2,9,0,9,0,3,0,0,0,0,4,1,1,2,54,8,1596,1,6,-1,-1,-1
201697LA01911,1,9,0,17,0,0,0,0,0,4,4,1,6,1,60,9,-1,-1,-1,-1,2,-1
201697LA02001,1,9,0,5,0,4,0,0,0,0,1,1,6,2,66,10,1396,2,3,-1,1,-1
201697LA02001,2,9,0,3,0,4,0,0,0,0,2,1,6,2,61,9,998,1,9,-1,3,-1
201697LA02008,1,9,0,18,0,0,0,0,0,0,3,1,1,1,59,9,-1,-1,-1,-1,1,-1
201697LA02102,1,19,0,9,0,1,0,0,0,0,3,1,6,1,30,6,1998,2,12,-1,1,-1
201697LA02106,1,9,0,7,0,1,0,0,0,0,3,1,6,1,62,9,1461,2,5,-1,2,-1
201697LA02106,2,9,0,18,0,1,0,0,0,0,1,1,6,1,51,8,1998,1,11,10,1,10
201697LA02109,1,9,0,6,0,1,0,0,1,11,1,1,6,2,63,9,1590,1,16,-1,3,-1
201697LA02109,2,9,0,2,0,1,0,0,0,0,3,1,6,2,40,7,1198,1,8,-1,-1,-1
201697LA02109,3,9,0,2,0,1,0,0,0,0,3,1,6,3,70,10,1198,1,8,-1,-1,-1
201697LA02112,1,9,0,1,0,2,0,0,0,0,2,1,6,1,40,7,1968,2,2,-1,1,-1
201697LA02205,1,5,0,18,0,0,0,0,7,0,0,1,6,1,34,6,599,1,3,-1,1,-1
201697LA02210,1,9,0,18,0,0,0,0,0,0,1,1,6,1,55,8,1242,1,12,-1,3,-1
201697LA02210,2,19,0,18,0,0,0,0,0,0,1,1,6,1,46,8,2148,2,7,-1,1,-1
201697LA02211,1,9,0,18,0,0,2,0,1,4,1,1,1,2,18,4,1598,1,15,-1,1,-1
201697LA02301,1,19,0,18,0,0,0,5,0,10,1,1,1,1,51,8,4461,2,7,-1,1,-1
201697LA02302,1,9,0,18,0,1,5,10,0,0,1,1,6,1,19,4,1968,2,12,-1,3,-1
201697LA02308,1,9,0,18,0,0,0,0,0,0,1,1,6,1,36,7,1242,1,9,-1,1,-1
201697LA02308,2,9,0,3,0,0,0,0,0,0,2,1,6,2,45,7,1240,1,8,-1,1,-1
201697LA02308,3,9,0,3,0,0,0,0,0,0,2,1,6,1,81,11,996,1,4,-1,1,-1
201697LA02309,1,9,0,18,0,0,2,4,0,0,1,1,6,1,28,6,1388,1,14,-1,1,-1
201697LA02309,2,9,0,2,0,0,0,0,0,0,1,1,6,2,35,6,1149,1,4,-1,1,-1
201697LA02310,1,9,0,18,0,1,0,0,0,0,1,1,1,1,23,5,1968,2,4,-1,1,-1
201697LA02310,2,9,0,4,0,1,0,0,0,0,1,1,6,2,51,8,1560,2,5,-1,3,-1
201697LA02406,1,9,0,5,0,6,0,0,0,0,1,1,6,1,66,10,2793,1,16,-1,1,-1
201697LA02406,2,9,0,17,0,1,0,0,0,0,1,1,6,1,69,10,1796,1,8,-1,1,-1
201697LA02410,1,9,0,18,0,1,0,0,1,0,1,1,1,1,62,9,1200,1,2,-1,1,-1
201697LA02410,2,9,0,7,0,2,0,0,0,0,3,1,6,1,49,8,1149,1,6,-1,1,-1
201697LA02502,1,9,0,17,0,0,2,0,1,4,3,1,6,1,52,8,1386,1,8,-1,3,-1
201697LA02509,1,9,0,18,0,0,0,0,0,0,4,1,6,2,64,9,998,1,-1,-1,1,-1
201697LA02605,1,5,0,16,0,0,1,0,7,0,4,1,6,1,48,8,999,1,3,-1,1,-1
201697LA02605,2,9,0,17,0,0,0,0,0,0,1,1,6,2,51,8,1995,2,-1,-1,3,-1
201697LA02608,1,9,0,7,0,6,0,0,0,0,3,1,6,1,74,10,998,1,2,-1,1,-1
201697LA02608,2,9,0,18,0,1,0,0,0,0,1,1,2,2,27,6,1242,1,10,-1,1,-1
201697LA02609,1,9,0,17,0,1,5,0,1,4,1,1,6,1,40,7,1798,1,12,-1,1,-1
201697LA02612,1,9,0,1,6,0,0,0,0,0,2,1,6,2,31,6,-1,-1,-1,-1,1,-1
201697LA02612,2,9,0,2,6,0,0,0,0,0,1,1,6,3,-1,-1,1364,1,1,-1,-1,-1
201697LA02812,1,9,0,18,0,1,0,0,0,0,1,1,6,3,24,5,-1,-1,-1,-1,-1,-1
201697LA02812,2,9,0,18,0,1,0,0,0,0,2,1,6,2,32,6,1398,2,8,-1,1,-1
201697LA03002,1,9,0,18,0,0,0,0,0,0,1,1,6,2,21,5,1329,1,2,-1,1,-1
201697LA03002,2,9,0,18,0,0,0,0,0,0,2,1,1,1,67,10,1598,2,4,-1,1,-1
201697LA03003,1,9,0,18,0,0,0,0,0,0,0,1,6,1,37,7,2204,2,9,-1,1,-1
201697LA03005,1,9,0,4,0,2,0,0,0,0,0,1,6,1,20,4,-1,-1,-1,-1,-1,-1
201697LA03005,2,9,0,18,0,1,0,0,0,0,1,1,6,1,40,7,3246,1,13,-1,1,-1
201697LA03005,3,9,0,4,0,1,0,0,0,0,2,1,6,2,23,5,1198,1,4,-1,1,-1
201697LA03005,4,9,0,4,0,1,0,0,0,0,2,1,6,2,21,5,1198,1,11,-1,-1,-1
201697LA03010,1,5,0,5,0,8,1,0,0,0,3,1,6,1,44,7,998,1,-1,-1,1,-1
201697LA03106,1,9,0,12,0,0,1,0,1,9,1,1,1,1,67,10,1999,1,11,-1,3,-1
201697LA03106,2,9,0,18,0,0,1,0,1,9,3,1,6,1,61,9,1499,2,1,-1,-1,-1
201697LA03202,1,9,0,4,0,0,0,0,0,0,1,1,6,1,93,11,1341,1,12,-1,1,-1
201697LA03202,2,9,0,3,0,0,0,0,0,0,2,1,1,2,25,5,1198,1,6,-1,1,-1
201697LA03202,3,8,0,3,0,0,0,0,0,0,2,1,1,1,42,7,1560,2,3,-1,1,-1
201697LA03204,1,9,0,5,0,1,0,0,0,0,1,1,2,2,48,8,1598,1,3,-1,1,-1
201697LA03204,2,9,0,3,0,1,0,0,0,0,1,1,2,1,43,7,1997,2,-1,-1,-1,-1
201697LA03302,1,9,0,4,0,0,0,0,0,0,4,1,2,2,47,8,1598,1,3,-1,3,-1
201697LA03305,1,9,0,14,0,0,0,0,0,0,1,1,6,2,22,5,1242,1,6,-1,1,-1
201697LA03311,1,9,0,16,0,0,1,0,5,6,1,1,6,1,24,5,3189,1,13,-1,1,-1
201697LA03311,2,9,0,16,0,0,0,0,0,0,1,1,6,1,49,8,998,1,-1,-1,1,-1
201697LA03311,3,9,0,16,0,0,0,0,0,0,1,1,6,1,17,4,1248,1,5,-1,1,-1
201697LA03406,1,19,0,18,0,0,0,0,0,0,1,1,1,1,33,6,2148,2,8,-1,1,-1
201697LA03406,2,9,0,18,0,0,0,0,0,0,2,1,6,2,45,7,1598,1,9,-1,1,-1
201697LA03408,1,9,0,16,9,0,0,0,1,2,1,1,6,2,27,6,1200,1,2,-1,1,-1
201697LA03410,1,9,0,18,0,0,0,0,0,0,1,1,6,1,-1,-1,2191,2,2,-1,-1,-1
201697LA03410,2,9,0,3,0,0,0,0,0,0,2,1,6,2,41,7,1242,1,4,-1,1,-1
201697LA03510,1,9,0,18,0,0,0,0,0,0,4,1,1,1,47,8,1598,2,5,-1,1,-1
201697LA03512,1,9,0,18,0,0,0,0,0,0,3,1,6,2,69,10,998,1,10,-1,3,-1
201697LA03512,2,1,0,18,0,0,0,0,0,0,1,1,6,1,56,9,-1,-1,-1,-1,3,-1
201697LA03602,1,9,0,18,0,3,0,0,0,0,1,1,6,2,54,8,1242,1,9,-1,1,-1
201697LA03602,2,9,0,3,0,1,0,0,0,0,2,1,1,2,42,7,1968,2,5,-1,1,-1
201697LA03604,1,9,0,14,0,1,0,0,0,0,1,1,6,2,57,9,1998,1,7,-1,1,-1
201697LA03607,1,9,0,18,0,1,0,0,0,0,1,1,6,1,40,7,1388,1,13,-1,1,-1
201697LA03607,2,9,0,4,0,1,0,0,0,0,2,1,6,2,38,7,2268,2,3,-1,1,-1
201697LA03703,1,9,0,18,0,0,0,0,0,0,1,1,6,1,20,4,1896,2,15,-1,1,-1
201697LA03703,2,19,0,2,0,0,0,0,0,0,2,1,6,1,35,6,2198,2,4,-1,1,-1
201697LA03703,3,9,0,2,0,0,0,0,0,0,2,1,6,1,23,5,1968,2,5,-1,1,-1
201697LA03707,1,4,0,17,0,0,1,0,0,0,3,1,6,1,63,9,200,2,34,6,1,6
201697LA03711,1,9,0,18,0,0,0,0,0,0,3,1,6,1,69,10,1200,1,1,-1,-1,-1
201697LA03711,2,9,0,2,0,0,0,0,0,0,3,1,6,2,33,6,1242,1,2,-1,1,-1
201697LA03803,1,9,0,18,0,0,0,0,0,0,1,1,6,1,18,4,1968,2,11,-1,1,-1
201697LA03803,2,9,0,18,0,0,0,0,0,0,2,1,6,2,63,9,1329,1,4,-1,1,-1
201697LA03902,1,9,0,18,0,1,0,0,0,0,1,1,6,2,82,11,1240,1,9,-1,1,-1
201697LA03902,2,1,0,18,0,1,0,0,0,0,2,1,6,1,51,8,-1,-1,-1,-1,3,-1
201697LA03904,1,9,0,18,0,0,1,0,0,0,4,1,6,1,26,6,1499,1,2,-1,2,-1
201697LA03904,2,9,0,18,0,0,0,0,0,0,2,1,6,1,35,6,1149,1,3,3,1,3
201697LA03904,3,9,0,18,0,0,0,0,0,0,1,1,6,2,60,9,1896,2,9,-1,3,-1
201697LA03906,1,9,0,9,0,0,0,0,0,0,3,1,6,1,34,6,1995,2,8,-1,1,-1
201697LA03906,2,9,0,9,0,0,0,0,0,0,3,1,6,1,27,6,1598,1,3,-1,1,-1
201697LA03912,1,9,0,18,0,8,0,0,0,0,1,1,6,1,83,11,1686,2,2,-1,3,-1
201697LA03912,2,1,0,18,0,8,0,0,0,0,2,1,6,1,58,9,-1,-1,-1,-1,1,-1
201697LA04006,1,9,0,7,0,0,0,0,0,0,1,1,6,2,42,7,2993,2,6,-1,3,-1
201697LA04009,1,9,0,5,0,1,0,0,0,0,1,1,6,1,74,10,2499,1,11,-1,3,-1
201697LA04009,2,4,0,9,0,1,0,0,0,0,4,1,6,2,20,4,-1,-1,-1,-1,1,-1
201697LA04011,1,9,0,18,0,0,0,0,0,7,1,1,2,1,36,7,1560,2,4,-1,1,-1
201697LA04103,1,5,0,17,0,0,0,0,0,0,3,1,6,1,66,10,1099,1,25,-1,1,-1
201697LA04106,1,3,0,16,0,0,0,0,0,0,1,1,6,1,22,5,133,1,1,-1,1,-1
201697LA04111,1,9,0,9,0,5,0,0,0,0,1,1,1,1,41,7,1120,1,18,-1,-1,-1
201697LA04111,2,9,0,18,0,8,0,0,0,0,1,1,1,2,39,7,1896,2,11,-1,3,-1
201697LA04204,1,9,0,9,0,5,1,10,0,0,1,1,6,1,36,7,1781,1,11,-1,3,-1
201697LA04204,2,9,0,18,0,1,1,0,1,9,1,1,6,1,29,6,1997,1,16,-1,1,-1
201697LA04204,3,21,0,10,0,1,0,0,0,0,0,1,1,1,56,9,7698,2,1,-1,-1,-1
201697LA04206,1,5,0,16,0,0,1,0,0,0,1,1,6,1,47,8,-1,-1,-1,-1,-1,-1
201697LA04206,2,9,0,17,0,0,0,0,0,0,3,1,6,2,58,9,1422,2,16,6,3,6
201697LA04207,1,1,0,18,9,0,0,0,0,2,1,1,6,1,41,7,-1,-1,-1,-1,1,-1
201697LA04301,1,9,0,17,0,0,1,0,0,0,1,1,6,1,63,9,1598,1,10,-1,1,-1
201697LA04301,2,9,0,2,0,0,0,0,0,0,2,1,6,3,-1,-1,1396,1,5,-1,-1,-1
201697LA04301,3,9,0,2,0,0,0,0,0,0,2,1,6,3,-1,-1,1248,2,6,-1,-1,-1
201697LA04304,1,9,0,9,0,8,0,0,0,0,1,1,6,1,47,8,1986,2,7,-1,1,-1
201697LA04304,2,9,0,18,0,8,0,0,0,0,3,1,2,1,33,6,1242,1,12,-1,-1,-1
201697LA04312,1,9,0,18,0,0,0,0,0,0,1,1,6,1,81,11,1364,1,1,-1,1,-1
201697LA04402,1,9,0,9,0,8,0,0,0,0,1,1,6,2,17,4,1968,2,2,-1,1,-1
201697LA04402,2,9,0,18,0,8,0,0,0,0,1,1,6,1,19,4,999,1,4,-1,1,-1
201697LA04404,1,9,0,18,0,0,2,0,7,9,2,1,6,1,27,6,1796,1,9,-1,1,-1
201697LA04406,1,9,0,9,0,5,0,0,0,0,1,1,6,1,26,6,1149,1,8,6,1,6
201697LA04406,2,9,0,18,0,1,1,0,0,0,4,1,6,1,51,8,1867,1,-1,-1,2,-1
201697LA04406,3,9,0,18,0,1,1,0,0,0,4,1,6,1,37,7,1867,1,-1,-1,3,-1
201697LA04501,1,9,0,7,0,6,0,0,1,0,3,1,6,1,71,10,1998,2,12,-1,1,-1
201697LA04501,2,20,0,18,0,1,0,0,0,0,1,1,1,1,38,7,-1,-1,-1,-1,1,-1
201697LA04509,1,9,0,18,0,0,0,0,0,0,1,1,6,1,22,5,998,1,2,-1,1,-1
201697LA04509,2,9,0,18,0,0,0,0,0,0,2,1,6,2,26,6,1968,2,5,-1,1,-1
201697LA04607,1,9,0,18,0,8,0,0,0,0,1,1,1,2,33,6,998,1,7,-1,1,-1
201697LA04607,2,1,0,18,0,8,0,0,0,0,4,1,2,1,55,8,-1,-1,-1,-1,1,-1
201697LA04709,1,9,0,15,0,0,0,0,0,0,1,1,6,1,40,7,2495,1,14,-1,1,-1
201697LA04709,2,9,0,18,0,0,0,0,0,0,1,1,6,2,76,11,1360,1,11,-1,1,-1
201697LA04710,1,9,0,18,0,0,1,12,7,7,3,1,2,1,56,9,2993,2,9,-1,-1,-1
201697LA04804,1,9,0,18,0,8,0,0,0,0,1,1,6,2,71,10,898,1,1,-1,1,-1
201697LA04804,2,9,0,18,0,1,0,0,0,0,3,1,6,2,26,6,1598,1,9,-1,1,-1
201697LA04902,1,9,0,18,0,0,0,0,0,0,1,1,1,2,58,9,1240,1,9,-1,1,-1
201697LA04902,2,9,0,4,0,0,0,0,0,0,2,1,1,2,29,6,2204,2,9,-1,1,-1
201697LA04903,1,19,0,7,2,6,0,0,0,0,1,1,1,1,46,8,2198,2,7,-1,1,-1
201697LA04903,2,11,0,18,2,1,2,0,0,0,1,1,1,1,53,8,5883,2,14,-1,1,-1
201697LA04903,3,19,0,3,0,2,0,0,0,0,2,1,1,1,48,8,2198,2,4,-1,1,-1
201697LA04909,1,9,0,9,0,6,0,0,0,0,1,1,1,1,54,8,2143,2,2,-1,1,-1
201697LA04909,2,9,0,18,0,1,0,0,0,0,1,1,6,2,47,8,1149,1,6,-1,1,-1
201697LA04910,1,9,0,9,0,1,0,0,0,0,1,1,6,2,18,4,999,1,1,-1,1,-1
201697LA04910,2,9,0,18,0,1,0,0,0,0,1,1,6,2,23,5,-1,-1,-1,-1,1,-1
201697LA04912,1,9,0,18,0,0,1,0,0,0,1,1,6,2,55,8,1149,1,12,-1,3,-1
201697LA04912,2,9,0,18,0,0,0,0,0,0,0,1,6,1,55,8,2170,2,11,-1,3,-1
201697LA04912,3,9,0,18,0,0,0,0,0,0,1,1,6,1,43,7,1896,2,8,-1,1,-1
201697LA05001,1,9,0,9,0,1,0,0,0,0,1,1,6,1,83,11,1388,1,11,-1,1,-1
201697LA05001,2,5,0,18,0,1,0,0,0,0,3,1,2,1,56,9,599,1,14,-1,-1,-1
201697LA05001,3,9,0,10,0,2,0,0,0,0,3,1,2,2,38,7,1997,2,6,-1,1,-1
201697LA05012,1,9,0,9,0,1,0,0,0,0,1,1,6,1,76,11,1685,2,3,-1,-1,-1
201697LA05108,1,5,0,17,0,0,2,0,0,0,1,1,6,1,55,8,-1,-1,-1,-1,3,-1
201697LA05108,2,9,0,16,0,0,0,0,0,0,1,1,6,2,53,8,1560,2,6,-1,3,-1
201697LA05205,1,9,0,18,0,0,0,0,0,0,1,1,6,2,35,6,1242,1,11,-1,1,-1
201697LA05302,1,9,0,18,0,0,0,0,0,0,1,1,6,2,50,8,-1,-1,-1,-1,-1,-1
201697LA05303,1,11,0,18,0,0,0,0,0,0,4,1,1,1,55,8,5883,2,15,-1,-1,-1
201697LA05303,2,11,0,2,3,0,0,0,0,0,3,1,1,1,45,7,5883,2,15,-1,-1,-1
201697LA05308,1,9,0,18,0,0,2,0,2,10,4,1,6,2,42,7,1396,1,12,-1,1,-1
201697LA05505,1,5,0,16,0,0,0,0,0,0,3,1,6,1,63,9,1261,1,14,-1,-1,-1
201697LA05505,2,9,0,17,0,0,0,0,0,0,3,1,6,1,63,9,-1,-1,-1,9,1,9
201697LA05509,1,9,0,6,0,0,1,0,0,0,3,1,2,1,61,9,1799,1,6,-1,1,-1
201697LA05509,2,9,0,18,0,0,1,0,0,0,1,1,2,1,22,5,1242,1,3,-1,1,-1
201697LA05602,1,9,0,14,0,0,0,0,0,0,3,1,2,1,39,7,1598,2,1,-1,1,-1
201697LA05602,2,9,0,18,0,0,0,0,7,11,3,1,2,2,49,8,1560,2,7,-1,1,-1
201697LA05602,3,9,0,2,0,0,0,0,0,0,2,1,3,2,48,8,1956,2,4,-1,1,-1
201697LA05602,4,9,0,18,0,0,0,0,0,0,1,1,2,2,37,7,1968,2,10,-1,-1,-1
201697LA05610,1,9,0,8,0,6,0,0,0,0,3,1,2,1,48,8,1560,2,5,-1,1,-1
201697LA05610,2,9,0,18,0,5,0,0,0,0,1,1,6,1,46,8,-1,-1,-1,-1,1,-1
201697LA05702,1,9,0,17,0,0,1,0,0,0,1,1,6,2,18,4,1198,1,8,-1,-1,-1
201697LA05702,2,9,0,16,0,0,0,0,0,0,1,1,3,2,32,6,1329,1,3,-1,1,-1
201697LA05812,1,1,0,18,9,8,0,0,0,0,1,1,2,1,46,8,-1,-1,-1,-1,1,-1
201697LA05812,2,9,0,9,0,8,0,0,0,0,1,1,2,2,48,8,1198,1,-1,-1,1,-1
201697LA05902,1,9,0,4,0,0,0,0,0,0,1,1,6,1,51,8,2199,2,6,-1,1,-1
201697LA05902,2,9,0,3,0,0,0,0,0,0,2,1,2,2,41,7,1796,1,9,-1,3,-1
201697LA05902,3,9,0,3,0,0,0,0,0,0,2,1,2,1,41,7,1598,2,1,-1,1,-1
201697LA05902,4,9,0,3,0,0,0,0,0,0,0,1,2,2,25,5,1598,2,2,-1,1,-1
201697LA05909,1,9,0,5,0,0,0,0,0,0,1,1,6,1,20,4,999,1,1,-1,1,-1
201697LA06003,1,9,0,18,0,1,0,0,0,0,1,1,6,1,29,6,1975,1,12,-1,1,-1
201697LA06201,1,1,0,18,0,0,1,0,0,0,3,1,6,1,39,7,-1,-1,-1,-1,1,-1
201697LA06201,2,9,0,18,0,0,0,0,0,0,4,1,6,3,20,4,-1,-1,-1,-1,-1,-1
201697LA06305,1,8,0,18,0,0,0,0,0,0,0,1,1,1,-1,-1,-1,-1,-1,-1,-1,-1
201697LA06309,1,9,0,12,0,0,1,0,0,0,3,1,6,2,30,6,1229,1,5,-1,1,-1
201697LA06309,2,20,0,18,0,0,0,0,0,0,4,1,1,1,62,9,-1,-1,-1,-1,1,-1
201697LA06401,1,9,0,3,9,0,0,0,0,0,1,1,6,1,77,11,1199,2,5,-1,1,-1
201697LA06403,1,9,0,18,0,0,0,0,0,0,4,1,1,2,38,7,1798,1,9,-1,1,-1
201697LA06406,1,9,0,18,0,1,0,0,0,0,1,1,6,1,29,6,2494,1,15,-1,1,-1
201697LA06406,2,9,0,18,0,1,0,0,0,0,2,1,6,2,29,6,1240,1,13,-1,-1,-1
201697LA06501,1,9,0,18,0,0,2,0,1,0,1,1,1,1,52,8,2982,2,18,-1,1,-1
201697LA06503,1,9,0,18,0,0,0,4,0,0,4,1,6,3,41,7,-1,-1,-1,-1,-1,-1
201697LA06503,2,9,0,2,0,0,0,0,0,0,3,1,6,2,33,6,1956,2,3,-1,1,-1
201697LA06505,1,9,0,5,0,0,0,0,0,0,1,1,6,1,24,5,2143,2,1,1,1,1
201697LA06508,1,9,0,18,0,1,0,0,0,0,1,1,1,1,35,6,-1,-1,-1,-1,1,-1
201697LA06508,2,9,0,4,0,1,0,0,0,0,2,1,1,1,57,9,-1,-1,-1,-1,1,-1
201697LA06508,3,9,0,4,0,1,0,0,0,0,2,1,1,1,22,5,-1,-1,-1,-1,1,-1
201697LA06512,1,9,0,18,0,1,0,0,0,0,4,1,6,2,50,8,1229,1,1,-1,1,-1
201697LA06602,1,9,0,18,0,8,1,0,0,0,1,1,2,2,53,8,1998,1,13,-1,1,-1
201697LA06602,2,9,0,18,0,6,0,0,0,0,1,1,1,2,58,9,1229,1,4,-1,1,-1
201697LA06703,1,9,0,18,0,0,0,0,0,0,3,1,6,1,61,9,1998,1,8,-1,1,-1
201697LA06712,1,8,0,1,0,0,0,0,0,0,1,1,1,1,24,5,1560,2,5,-1,1,-1
201697LA06805,1,1,0,18,0,8,0,0,0,0,1,1,6,1,51,8,-1,-1,-1,-1,1,-1
201697LA06805,2,9,0,7,0,8,0,0,0,0,1,1,6,1,33,6,1796,1,6,-1,1,-1
201697LA07008,1,5,0,16,0,0,1,0,0,0,4,1,6,1,27,6,600,1,-1,-1,1,-1
201697LA07008,2,9,0,17,0,0,0,0,0,0,3,1,6,1,56,9,1598,2,-1,8,1,8
201697LA07102,1,9,0,6,0,0,0,0,0,0,3,1,6,1,56,9,1560,2,1,-1,2,-1
201697LA07102,2,9,0,18,0,0,0,0,0,0,1,1,6,1,84,11,1339,1,1,-1,1,-1
201697LA07105,1,5,0,18,0,0,1,0,0,0,1,1,6,1,56,9,1170,1,5,-1,-1,-1
201697LA07105,2,9,0,18,0,0,0,0,0,0,2,1,1,2,34,6,1560,2,1,-1,1,-1
201697LA07309,1,9,0,17,0,0,0,0,0,0,3,1,6,3,-1,-1,-1,-1,-1,-1,-1,-1
201697LA07309,2,9,0,16,0,0,0,0,0,0,4,1,2,1,18,4,1229,1,6,-1,3,-1
201697LA07502,1,9,0,18,0,1,0,0,0,0,1,1,6,2,29,6,1598,1,15,-1,1,-1
201697LA07502,2,9,0,3,0,1,0,0,0,0,2,1,6,1,56,9,1197,1,2,-1,1,-1
201697LA07509,1,9,0,9,0,2,0,0,0,0,4,1,6,1,51,8,1834,1,16,-1,1,-1
201697LA07708,1,9,0,18,0,0,0,0,0,0,1,1,6,3,20,4,-1,-1,-1,-1,-1,-1
201697LA07708,2,9,0,4,0,0,0,0,0,0,2,1,6,2,20,4,1368,1,7,-1,2,-1
201697LA08001,1,9,0,7,0,1,0,0,0,0,1,1,6,1,60,9,2143,2,-1,-1,1,-1
201697LA08009,1,11,0,18,0,0,0,0,0,0,4,1,1,1,-1,-1,5883,2,14,-1,-1,-1
201697LA08601,1,9,0,18,0,8,0,10,0,10,1,1,6,2,88,11,-1,-1,-1,-1,1,-1
201697LB00101,1,9,0,18,0,0,1,0,7,9,1,1,2,2,24,5,998,1,4,-1,3,-1
201697LB00106,1,9,0,15,0,0,0,0,0,0,3,1,2,1,24,5,1896,2,6,-1,2,-1
201697LB00106,2,9,0,18,0,0,5,0,1,0,3,1,6,2,68,10,1995,2,11,-1,3,-1
201697LB00107,1,9,0,18,0,0,0,0,0,0,1,1,6,1,29,6,1598,2,-1,-1,-1,-1
201697LB00107,2,19,0,18,0,0,0,0,0,0,2,1,1,1,60,9,2198,2,3,-1,3,-1
201697LB00108,1,21,1,16,0,0,5,0,0,0,3,1,1,1,18,4,12777,2,4,-1,3,-1
201697LB00108,2,9,0,17,0,0,0,0,0,0,1,1,6,1,65,9,1360,1,10,-1,1,-1
201697LB00108,3,9,0,16,0,0,0,0,0,0,1,1,2,2,54,8,998,1,2,-1,3,-1
201697LB00109,1,9,0,17,0,0,2,0,8,9,1,1,6,1,30,6,1997,1,13,-1,-1,-1
201697LB00202,1,9,0,16,0,0,1,0,8,4,1,1,6,2,39,7,998,1,4,-1,3,-1
201697LB00203,1,9,0,18,0,1,0,4,0,0,1,1,6,1,75,10,1796,1,10,-1,2,-1
201697LB00203,2,19,0,2,0,1,0,0,1,0,2,1,1,1,53,8,1870,2,10,-1,-1,-1
201697LB00207,1,9,0,10,0,6,1,0,0,0,4,1,6,1,70,10,1598,1,12,-1,3,-1
201697LB00207,2,9,0,18,0,1,2,0,1,0,3,1,6,2,46,8,1560,2,3,-1,2,-1