Accident_Index,Vehicle_Reference,Vehicle_Type,Towing_and_Articulation,Vehicle_Manoeuvre,Vehicle_Location-Restricted_Lane,Junction_Location,Skidding_and_Overturning,Hit_Object_in_Carriageway,Vehicle_Leaving_Carriageway,Hit_Object_off_Carriageway,1st_Point_of_Impact,Was_Vehicle_Left_Hand_Drive?,Journey_Purpose_of_Driver,Sex_of_Driver,Age_of_Driver,Age_Band_of_Driver,Engine_Capacity_(CC),Propulsion_Code,Age_of_Vehicle,Driver_IMD_Decile,Driver_Home_Area_Type,Vehicle_IMD_Decile
201697NA01903,1,9,0,9,0,6,0,0,0,0,1,1,6,2,44,7,1896,2,14,-1,1,-1
201697NA01903,2,9,0,18,0,1,0,0,0,0,4,1,6,1,53,8,1149,1,3,-1,1,-1
201697NA01910,1,9,0,9,0,0,0,0,0,0,1,1,6,2,35,6,1598,1,6,-1,1,-1
201697NA01910,2,9,0,18,0,0,0,0,0,0,4,1,6,2,44,7,1999,2,1,-1,1,-1
201697NA02205,1,9,0,18,6,0,0,0,1,4,2,1,6,1,22,5,-1,-1,-1,-1,1,-1
201697NA02206,1,9,0,18,0,2,0,0,0,0,1,1,6,2,21,5,1242,1,2,-1,3,-1
201697NA02206,2,9,0,18,0,1,0,0,0,0,4,1,6,2,40,7,1461,2,1,-1,3,-1
201697NA02303,1,9,0,18,0,0,0,0,0,0,1,1,2,1,61,9,1997,2,6,-1,1,-1
201697NA02303,2,9,0,3,0,0,0,0,0,0,2,1,6,1,66,10,1368,1,7,-1,2,-1
201697NA02303,3,9,0,3,0,0,0,0,0,0,2,1,6,2,23,5,998,1,4,-1,1,-1
201697NA02310,1,10,0,18,0,0,0,0,0,0,3,1,1,1,43,7,-1,-1,-1,-1,1,-1
201697NA02310,2,9,0,3,0,0,0,0,0,0,3,1,3,2,23,5,1896,2,9,-1,1,-1
201697NA02311,1,19,0,5,0,1,0,0,0,0,1,1,1,1,37,7,-1,-1,-1,-1,1,-1
201697NA02311,2,9,0,18,0,1,0,0,0,0,3,1,6,2,29,6,-1,-1,-1,-1,3,-1
201697NA02402,1,9,0,18,0,0,1,0,1,4,4,1,6,1,27,6,1199,1,14,-1,1,-1
201697NA02405,1,9,0,18,0,0,0,4,0,0,1,1,6,1,35,6,1149,1,2,-1,1,-1
201697NA02405,2,9,0,2,0,0,0,0,0,0,1,1,6,2,18,4,1229,1,11,-1,1,-1
201697NA02502,1,9,0,5,8,6,0,0,0,0,1,1,6,3,60,9,-1,-1,-1,-1,-1,-1
201697NA02502,2,1,0,18,9,1,0,0,0,0,3,1,1,1,13,3,-1,-1,-1,-1,1,-1
201697NA02512,1,9,0,6,0,1,0,0,1,0,3,1,1,1,68,10,1598,2,1,-1,1,-1
201697NA02512,2,9,0,18,0,1,0,0,0,0,1,1,2,1,21,5,2521,1,6,-1,3,-1
201697NA02601,1,9,0,18,0,0,1,0,2,0,4,1,6,2,22,5,1360,1,13,-1,3,-1
201697NA02602,1,9,0,18,0,3,0,0,2,11,1,1,6,1,19,4,1968,2,7,-1,1,-1
201697NA02607,1,9,0,18,0,0,0,0,0,0,3,1,6,2,36,7,1242,1,3,-1,1,-1
201697NA02609,1,9,0,18,0,0,0,0,0,0,1,1,6,1,26,6,1997,2,-1,-1,1,-1
201697NA02609,2,9,0,2,0,0,0,0,0,0,2,1,6,2,52,8,1242,1,5,-1,1,-1
201697NA02703,1,9,0,18,0,2,0,0,0,0,1,1,6,2,35,6,1362,1,4,-1,-1,-1
201697NA02706,1,9,0,18,0,2,0,0,0,0,1,1,1,1,36,7,1997,1,2,-1,1,-1
201697NA02711,1,9,0,5,0,1,0,0,0,10,1,1,1,1,52,8,1686,2,3,-1,1,-1
201697NA02801,1,9,0,17,0,4,1,10,1,1,1,1,2,1,32,6,1598,1,6,-1,1,-1
201697NA02802,1,9,0,1,0,1,0,0,0,0,0,1,6,1,24,5,1598,2,-1,-1,1,-1
201697NA02802,2,8,0,2,0,1,0,0,0,0,0,1,1,1,56,9,1968,2,7,-1,1,-1
201697NA02805,1,9,0,10,0,5,0,0,0,0,1,1,6,1,85,11,998,1,1,-1,1,-1
201697NA02805,2,9,0,18,0,1,0,0,0,0,1,1,2,1,45,7,1598,2,2,-1,1,-1
201697NA02806,1,8,0,4,0,4,0,0,0,0,1,1,1,1,49,8,-1,-1,-1,-1,1,-1
201697NA02806,2,9,0,4,0,4,0,0,0,0,2,1,6,1,40,7,999,1,-1,-1,1,-1
201697NA02809,1,9,0,15,0,0,0,0,0,0,3,1,6,3,30,6,-1,-1,-1,-1,-1,-1
201697NA02809,2,1,0,18,0,0,0,0,0,0,1,1,6,1,38,7,-1,-1,-1,-1,1,-1
201697NA02810,1,9,0,18,0,4,2,0,0,11,1,1,6,2,46,8,1149,1,-1,-1,1,-1
201697NA02812,1,9,0,17,0,0,0,0,0,0,3,1,2,2,67,10,1198,1,8,-1,3,-1
201697NA02812,2,11,0,16,0,0,0,0,0,0,3,1,1,1,67,10,4461,2,-1,-1,1,-1
201697NA02901,1,9,0,3,0,4,0,0,0,0,1,1,6,2,21,5,1598,1,9,-1,3,-1
201697NA02901,2,9,0,3,0,4,0,0,0,0,2,1,6,1,45,7,1997,2,13,-1,1,-1
201697NA02902,1,9,0,3,0,1,0,0,0,0,1,1,6,1,24,5,1686,2,4,-1,1,-1
201697NA02902,2,9,0,18,0,1,0,0,0,0,4,1,6,1,57,9,1560,2,2,-1,1,-1
201697NA02912,1,9,0,18,0,0,0,0,0,0,1,1,2,2,29,6,1396,2,5,-1,-1,-1
201697NA02912,2,9,0,3,0,0,0,0,0,0,2,1,6,2,24,5,1396,1,2,-1,-1,-1
201697NA03003,1,9,0,7,0,6,0,0,0,0,1,1,6,2,25,5,1596,1,1,-1,1,-1
201697NA03003,2,9,0,18,0,1,0,0,0,0,4,1,6,2,38,7,1598,1,12,-1,1,-1
201697NA03103,1,21,1,2,0,1,0,0,0,0,2,1,6,3,35,6,9200,2,5,-1,-1,-1
201697NA03103,2,9,0,1,0,1,0,0,0,0,3,1,1,1,59,9,1968,2,2,-1,-1,-1
201697NA03107,1,90,0,18,0,0,0,0,0,0,0,1,6,1,21,5,-1,-1,-1,-1,1,-1
201697NA03109,1,19,0,4,0,1,0,0,0,0,1,1,6,1,33,6,1998,2,10,-1,1,-1
201697NA03109,2,9,0,4,0,1,0,0,0,0,2,1,6,2,33,6,1596,1,-1,-1,1,-1
201697NA03109,3,9,0,4,0,1,0,0,0,0,2,1,6,2,58,9,1998,1,13,-1,-1,-1
201697NA03110,1,9,0,5,0,4,0,0,0,0,1,1,6,1,56,9,1998,1,1,-1,1,-1
201697NA03110,2,9,0,18,0,3,0,0,0,0,4,1,2,2,20,4,1229,1,1,-1,1,-1
201697NA03111,1,9,0,18,0,1,0,0,1,10,4,1,6,1,17,4,1198,1,3,-1,1,-1
201697NA03205,1,9,0,5,0,3,0,0,0,0,4,1,6,1,63,9,1686,2,7,-1,1,-1
201697NA03306,1,8,0,4,0,0,0,0,0,0,1,1,6,2,47,8,1598,1,14,-1,1,-1
201697NA03306,2,9,0,4,0,0,0,0,0,0,2,1,6,1,54,8,2143,2,-1,-1,-1,-1
201697NA03306,3,9,0,4,0,0,0,0,0,0,1,1,2,1,22,5,1397,1,7,-1,1,-1
201697NA03306,4,9,0,4,0,0,0,0,0,0,1,1,2,1,22,5,1560,2,3,-1,2,-1
201697NA03306,5,9,0,4,0,0,0,0,0,10,1,1,2,1,35,6,1198,1,5,-1,-1,-1
201697NA03406,1,9,0,18,0,6,0,0,0,0,1,1,2,1,47,8,2143,2,4,-1,1,-1
201697NA03406,2,9,0,18,0,1,0,0,1,11,3,1,1,2,55,8,1968,2,2,-1,1,-1
201697NA03605,1,9,0,18,0,1,1,0,0,0,2,1,6,1,24,5,-1,-1,-1,-1,-1,-1
201697NA03605,2,9,0,18,0,1,0,0,0,0,3,1,2,2,54,8,1242,1,8,-1,3,-1
201697NA03612,1,9,0,6,0,6,0,0,0,0,1,1,6,1,58,9,1686,2,5,-1,1,-1
201697NA03612,2,9,0,18,0,1,0,0,0,0,3,1,2,2,49,8,1242,1,-1,-1,1,-1
201697NA03812,1,9,0,3,0,4,0,0,0,0,1,1,2,2,27,6,1498,1,5,-1,2,-1
201697NA03812,2,9,0,3,0,4,0,0,0,0,2,1,2,1,32,6,1242,1,11,-1,-1,-1
201697NA04101,1,9,0,18,0,0,0,0,0,0,4,1,6,2,35,6,-1,-1,-1,-1,-1,-1
201697NA04108,1,9,0,18,0,0,0,0,0,0,0,1,6,3,41,7,-1,-1,-1,-1,-1,-1
201697NA04109,1,9,0,18,0,0,1,0,7,4,3,1,6,1,38,7,1995,2,9,-1,1,-1
201697NA04110,1,9,0,18,0,1,0,0,0,0,1,1,2,1,20,4,1242,1,3,-1,1,-1
201697NA04110,2,9,0,10,0,1,0,0,0,0,2,1,2,1,57,9,1597,2,3,-1,1,-1
201697NA04203,1,9,0,9,0,1,0,0,0,0,4,1,6,2,51,8,1991,2,10,-1,1,-1
201697NA04203,2,9,0,18,0,1,0,0,0,0,1,1,6,2,29,6,1248,1,4,-1,-1,-1
201697NA04206,1,9,0,18,0,6,0,0,0,0,1,1,6,1,33,6,1598,2,4,-1,1,-1
201697NA04206,2,9,0,18,0,8,0,0,0,0,4,1,6,2,47,8,1461,2,2,-1,1,-1
201697NA04208,1,9,0,3,0,3,0,0,0,0,1,1,2,2,23,5,1398,1,2,-1,1,-1
201697NA04208,2,10,0,3,0,3,0,0,0,0,2,1,6,1,40,7,1998,2,10,-1,1,-1
201697NA04212,1,9,0,9,0,8,0,0,0,0,1,1,6,1,65,9,1596,1,1,-1,3,-1
201697NA04304,1,19,0,18,0,0,0,0,1,0,1,1,2,1,27,6,2143,2,2,-1,1,-1
201697NA04304,2,9,0,18,0,0,0,0,1,0,2,1,6,2,64,9,1461,2,-1,-1,-1,-1
201697NA04304,3,9,0,18,0,0,0,0,0,0,2,1,6,2,40,7,1586,1,10,-1,1,-1
201697NA04404,1,9,0,18,0,0,0,0,0,0,1,1,6,2,30,6,1560,2,7,-1,-1,-1
201697NA04404,2,9,0,3,0,0,0,0,0,0,2,1,6,2,46,8,1364,1,1,-1,1,-1
201697NA04409,1,9,0,18,0,0,0,0,0,2,1,1,6,1,87,11,898,1,-1,-1,3,-1
201697NA04410,1,9,0,18,0,1,0,0,0,0,1,1,6,2,43,7,1197,1,-1,-1,3,-1
201697NA04410,2,9,0,10,0,1,0,0,0,0,1,1,6,2,25,5,1248,2,3,-1,3,-1
201697NA04501,1,9,0,17,0,0,0,0,0,0,1,1,6,2,40,7,1598,1,1,-1,1,-1
201697NA04501,2,9,0,16,0,0,0,0,0,11,3,1,1,1,33,6,-1,-1,-1,-1,1,-1
201697NA04502,1,9,0,18,0,0,0,4,0,0,1,1,2,1,58,9,1596,1,19,-1,1,-1
201697NA04502,2,21,1,2,0,0,0,0,0,0,2,2,1,1,34,6,-1,-1,-1,-1,-1,-1
201697NA04504,1,9,0,18,0,4,0,0,0,0,1,1,1,1,54,8,-1,-1,-1,-1,-1,-1
201697NA04504,2,9,0,9,0,3,0,0,0,0,4,1,6,1,57,9,1597,1,16,-1,1,-1
201697NA04601,1,9,0,18,0,0,0,0,0,0,1,1,6,1,26,6,1998,1,18,-1,1,-1
201697NA04601,2,9,0,18,0,0,0,0,0,0,1,1,6,1,46,8,2143,2,4,-1,3,-1
201697NA04802,1,9,0,18,0,1,1,0,0,0,1,1,2,1,26,6,1388,1,7,-1,1,-1
201697NA04802,2,9,0,18,0,1,0,0,0,0,3,1,6,1,52,8,-1,-1,-1,-1,-1,-1
201697NA04806,1,9,0,18,0,8,0,0,0,0,4,1,6,1,61,9,1796,1,12,-1,2,-1
201697NA04806,2,9,0,18,0,8,0,0,0,0,1,1,6,2,40,7,1229,1,6,-1,1,-1
201697NA04907,1,9,0,18,0,0,0,0,0,0,1,1,6,1,44,7,1997,2,14,5,1,5
201697NA04907,2,9,0,4,0,0,0,0,0,0,2,1,6,1,44,7,1997,2,6,-1,1,-1
201697NA05002,1,9,0,18,0,0,0,0,0,0,1,1,6,2,39,7,1461,2,1,-1,1,-1
201697NA05002,2,9,0,4,0,0,0,0,0,0,2,1,6,2,26,6,1197,1,2,-1,3,-1
201697NA05003,1,9,0,5,0,0,0,0,0,0,4,1,6,1,43,7,2496,2,14,-1,3,-1
201697NA05003,2,9,0,18,0,0,0,0,0,0,3,1,1,1,45,7,1598,2,1,-1,1,-1
201697NA05005,1,9,0,18,0,0,0,0,0,0,1,1,6,2,28,6,1248,1,4,-1,-1,-1
201697NA05005,2,9,0,18,0,0,0,0,0,0,2,1,2,2,44,7,1242,1,2,-1,1,-1
201697NA05009,1,9,0,18,0,0,0,0,0,0,1,1,6,2,20,4,1598,1,10,-1,1,-1
201697NA05009,2,9,0,3,0,0,0,0,0,0,2,1,2,2,51,8,1299,1,15,-1,1,-1
201697NA05009,3,9,0,3,0,0,0,0,0,0,2,1,6,2,57,9,1242,1,4,-1,1,-1
201697NA05009,4,9,0,3,0,0,0,0,0,0,2,1,1,1,42,7,-1,-1,-1,-1,1,-1
201697NA05010,1,9,0,9,0,8,0,0,0,0,1,1,6,2,72,10,-1,-1,-1,-1,1,-1
201697NA05010,2,1,0,18,0,8,0,0,0,0,1,1,6,1,63,9,-1,-1,-1,-1,1,-1
201697NA05203,1,9,0,18,0,0,0,0,0,0,4,1,6,2,45,7,1198,1,5,-1,1,-1
201697NA05304,1,19,0,7,0,4,0,0,0,0,4,1,6,1,63,9,2287,2,4,-1,1,-1
201697NA05308,1,9,0,18,0,0,0,0,0,0,1,1,2,1,45,7,996,1,7,-1,1,-1
201697NA05308,2,19,0,3,0,0,0,0,0,0,2,1,1,1,40,7,2198,2,6,-1,1,-1
201697NA05503,1,9,0,18,0,2,1,0,0,0,1,1,2,1,42,7,2979,1,12,-1,1,-1
201697NA05504,1,8,0,18,0,6,0,0,0,0,1,1,1,1,37,7,1997,2,6,-1,1,-1
201697NA05507,1,9,0,9,9,8,0,0,1,2,1,1,6,1,37,7,1998,1,6,-1,1,-1
201697NA05508,1,3,0,18,0,0,0,0,0,0,1,1,6,1,25,5,-1,-1,-1,-1,1,-1
201697NA05508,2,9,0,18,0,0,0,0,0,0,2,1,6,1,27,6,2099,2,9,-1,1,-1
201697NA05709,1,9,0,18,0,1,0,0,0,0,1,1,6,3,-1,-1,-1,-1,-1,-1,-1,-1
201697NA05709,2,9,0,9,0,1,0,0,0,0,2,1,1,1,25,5,-1,-1,-1,-1,1,-1
201697NA05804,1,9,0,17,0,0,0,0,0,0,1,1,6,3,30,6,-1,-1,-1,-1,-1,-1
201697NA05804,2,9,0,17,0,0,1,0,0,4,2,1,6,2,38,7,-1,-1,-1,-1,1,-1
201697NA05805,1,9,0,9,0,1,0,0,0,0,3,1,6,1,68,10,1596,1,7,-1,1,-1
201697NA05805,2,9,0,18,0,1,0,0,0,0,4,1,6,1,36,7,1390,1,13,-1,1,-1
201697NA05812,1,9,0,18,0,0,0,0,0,0,1,1,6,2,23,5,1349,1,8,-1,1,-1
201697NA05903,1,9,0,16,0,1,1,0,1,2,3,1,6,2,18,4,1242,1,5,-1,1,-1
201697NA05903,2,9,0,17,0,2,0,0,0,0,3,1,6,2,31,6,1686,2,2,-1,1,-1
201697NA06002,1,9,0,18,0,1,0,0,0,0,1,1,1,1,30,6,-1,-1,-1,-1,2,-1
201697NA06002,2,9,0,3,0,1,0,0,0,0,2,1,1,1,19,4,998,1,5,-1,1,-1
201697NA06104,1,9,0,18,0,0,0,0,0,0,1,1,6,1,18,4,1229,1,10,-1,1,-1
201697NA06104,2,8,0,3,0,0,0,0,0,0,2,1,1,1,35,6,1997,2,3,-1,1,-1
201697NA06108,1,9,0,18,0,0,5,10,0,0,3,1,6,1,21,5,-1,-1,-1,-1,1,-1
201697NA06204,1,19,0,3,0,0,0,0,0,0,1,1,6,1,44,7,-1,-1,-1,-1,1,-1
201697NA06204,2,9,0,3,0,0,0,0,0,0,2,1,6,2,50,8,1200,1,1,-1,1,-1
201697NA06212,1,9,0,18,0,0,0,0,0,0,1,1,6,2,24,5,875,1,-1,-1,-1,-1
201697NA06212,2,9,0,2,0,0,0,0,0,0,2,1,6,3,-1,-1,1398,2,8,-1,-1,-1
201697NA06311,1,9,0,5,0,4,0,0,0,0,1,1,6,1,32,6,1995,2,5,-1,1,-1
201697NA06311,2,9,0,3,0,4,0,0,0,0,2,1,6,2,36,7,-1,-1,-1,-1,1,-1
201697NA06408,1,19,0,18,0,1,0,0,0,0,3,1,1,1,28,6,1998,2,11,-1,1,-1
201697NA06408,2,9,0,10,0,3,0,0,0,11,0,1,1,2,32,6,1242,1,4,-1,-1,-1
201697NA06409,1,8,0,18,0,4,0,0,0,0,1,1,1,1,45,7,1896,2,6,-1,1,-1
201697NA06409,2,9,0,8,0,4,0,0,0,0,2,1,6,2,46,8,1685,2,-1,-1,1,-1
201697NA06604,1,9,0,15,0,0,0,0,1,4,1,1,6,1,29,6,1999,1,13,-1,1,-1
201697NA06612,1,9,0,18,0,0,0,0,0,0,1,1,6,3,-1,-1,-1,-1,-1,-1,-1,-1
201697NA06612,2,9,0,3,0,0,0,0,0,0,2,1,1,1,53,8,1753,2,7,-1,1,-1
201697NA06808,1,19,0,5,0,1,0,0,0,0,3,1,6,1,20,4,-1,-1,-1,-1,-1,-1
201697NA06808,2,9,0,16,0,8,0,0,0,0,1,1,6,1,37,7,1997,2,-1,-1,1,-1
201697NA06908,1,9,0,18,0,2,0,0,0,0,1,1,6,1,-1,-1,1398,2,13,-1,1,-1
201697NA06908,2,9,0,18,0,2,0,0,0,0,4,1,1,2,23,5,1560,2,3,-1,1,-1
201697NA07209,1,9,0,16,0,0,5,0,7,11,1,1,6,1,20,4,1896,2,10,-1,3,-1
201697NA70101,1,9,0,18,0,0,0,4,0,0,1,1,2,2,46,8,-1,-1,-1,-1,3,-1
201697NA70101,2,9,0,2,0,0,0,0,1,0,2,1,1,1,79,11,-1,-1,-1,-1,1,-1
201697NA70102,1,9,0,16,0,0,1,0,7,4,1,1,2,2,22,5,1242,1,2,-1,-1,-1
201697NA70103,1,9,0,18,0,3,0,0,0,0,1,1,6,2,21,5,1598,1,9,-1,-1,-1
201697NA70106,1,9,0,6,0,0,0,0,0,0,3,1,6,1,25,5,1995,2,9,-1,1,-1
201697NA70106,2,9,0,18,0,0,0,0,0,0,1,1,6,1,41,7,1598,2,1,-1,3,-1
201697NA70107,1,9,0,11,0,1,0,0,1,2,2,1,6,2,70,10,1242,1,6,-1,-1,-1
201697NA70107,2,9,0,18,0,1,0,0,1,1,1,1,6,1,55,8,1399,2,13,-1,3,-1
201697NA70110,1,9,0,6,0,0,0,0,0,0,1,1,6,1,50,8,2204,2,11,-1,2,-1
201697NA70110,2,9,0,18,0,0,0,0,0,0,2,1,6,1,27,6,1798,8,4,-1,-1,-1
201697NA70110,3,21,0,18,0,0,0,0,0,0,1,2,1,1,50,8,12809,2,2,3,1,3
201697NA70111,1,9,0,11,0,0,0,0,0,0,1,1,2,1,55,8,1798,8,-1,-1,1,-1
201697NA70111,2,19,0,18,0,0,0,0,0,0,2,1,1,1,27,6,2198,2,1,-1,3,-1
201697NA70206,1,20,0,12,0,7,5,2,0,7,1,1,1,1,41,7,9186,2,2,-1,3,-1
201697NA70305,1,8,0,18,0,0,0,0,0,0,4,1,6,1,48,8,1560,2,5,-1,3,-1
201697NA70306,1,10,0,18,0,0,0,0,0,0,1,1,1,1,54,8,2800,2,13,-1,3,-1
201697NA70306,2,9,0,18,0,0,0,0,0,0,2,1,1,1,24,5,1499,2,1,-1,1,-1
201697NA70403,1,9,0,18,0,0,0,0,0,0,1,1,1,1,63,9,1598,2,-1,-1,1,-1
201697NA70404,1,9,0,18,0,0,0,0,0,0,4,1,6,3,-1,-1,-1,-1,-1,-1,-1,-1
201697NA70507,1,20,0,5,8,0,0,2,0,0,4,1,1,1,45,7,12130,2,12,-1,-1,-1
201697NA70507,2,21,1,18,0,0,3,2,6,6,3,1,1,1,53,8,10837,2,3,-1,2,-1
201697NA75109,1,9,0,4,0,0,0,0,0,0,1,1,6,2,46,8,1461,2,-1,-1,-1,-1
201697NA75111,1,9,0,18,0,0,0,0,0,0,1,1,6,2,55,8,1242,1,10,-1,1,-1
201697NA75212,1,9,0,18,0,0,5,0,7,11,2,1,6,1,29,6,2480,1,1,-1,1,-1
201697NA75212,2,21,0,18,0,0,0,0,0,0,1,1,1,1,49,8,11021,2,11,-1,3,-1
201697NA75309,1,21,1,4,0,0,0,0,0,0,1,1,1,1,50,8,11967,2,3,-1,1,-1
201697NA75309,2,9,0,4,0,0,0,0,0,0,2,1,2,1,58,9,1560,2,-1,-1,1,-1
201697NA75309,3,9,0,3,0,0,0,0,0,0,2,1,6,2,41,7,1199,1,1,-1,-1,-1
201697NA75309,4,19,0,4,0,0,0,0,0,0,2,1,1,1,27,6,2198,2,1,-1,1,-1
201697NA75311,1,9,0,18,0,0,0,0,0,0,4,1,6,1,50,8,1242,1,6,-1,3,-1
201697NA75312,1,9,0,18,0,0,1,0,0,0,1,1,6,1,17,4,1242,1,7,-1,3,-1
201697NA75312,2,9,0,18,0,0,0,0,0,0,1,1,6,2,33,6,1584,1,10,-1,1,-1
201697NA75409,1,9,0,18,0,4,0,0,0,0,3,1,6,2,44,7,1794,1,13,-1,1,-1
201697NA75409,2,9,0,18,0,4,0,0,0,0,1,1,6,2,44,7,1229,1,5,-1,1,-1
201697NA75509,1,9,0,16,0,0,0,4,0,0,1,1,6,1,17,4,1199,1,13,-1,1,-1
201697NA75509,2,9,0,2,0,0,0,0,0,0,2,1,6,2,54,8,1242,1,4,-1,1,-1
201697NA75710,1,9,0,18,0,0,0,0,0,0,1,1,6,1,27,6,1598,2,5,-1,-1,-1
201697NA75710,2,9,0,18,0,0,0,0,0,0,2,1,2,1,53,8,1997,1,16,-1,-1,-1
201697NC00102,1,9,0,18,0,0,1,0,0,4,1,1,6,1,28,6,2967,2,10,-1,3,-1
201697NC00111,1,9,0,9,0,8,0,0,0,0,1,1,6,2,44,7,1956,2,4,-1,1,-1
201697NC00111,2,9,0,9,0,6,0,0,0,0,4,1,6,2,41,7,1956,2,3,-1,1,-1
201697NC00306,1,9,0,17,0,0,0,0,0,0,2,1,1,1,44,7,-1,-1,-1,-1,2,-1
201697NC00306,2,1,0,18,0,0,0,0,0,0,1,1,6,2,4,1,-1,-1,-1,-1,1,-1
201697NC00402,1,9,0,18,0,2,0,0,0,0,1,1,6,1,53,8,1956,2,5,-1,2,-1
201697NC00402,2,1,0,18,0,1,0,0,0,0,3,1,2,1,46,8,-1,-1,-1,-1,3,-1
201697NC00404,1,9,0,18,0,0,0,0,0,0,1,1,2,1,22,5,1587,1,14,-1,2,-1
201697NC00404,2,9,0,18,0,0,0,0,0,0,2,1,1,1,38,7,1560,2,-1,-1,-1,-1
201697NC00406,1,9,0,18,9,0,0,0,0,0,3,1,6,2,53,8,1242,1,2,-1,1,-1
201697NC00406,2,1,0,18,0,0,0,0,0,0,4,1,6,2,8,2,-1,-1,-1,-1,1,-1
201697NC00409,1,9,0,4,0,1,1,0,0,0,1,1,6,2,47,8,998,1,1,-1,1,-1
201697NC00409,2,9,0,3,0,4,0,0,0,0,2,1,6,2,44,7,-1,-1,-1,-1,1,-1
201697NC00411,1,9,0,18,0,0,1,0,0,0,1,1,1,1,39,7,-1,-1,-1,-1,3,-1
201697NC00411,2,9,0,4,0,0,0,0,0,0,2,1,6,2,53,8,1685,2,2,-1,-1,-1
201697NC00502,1,9,0,4,0,1,0,0,0,0,1,1,6,1,23,5,1796,1,10,-1,1,-1
201697NC00502,2,9,0,18,0,1,0,0,1,11,3,1,6,2,37,7,1560,2,1,-1,1,-1
201697NC00505,1,9,0,18,0,4,0,0,0,0,1,1,6,2,19,4,1560,2,3,-1,1,-1
201697NC00505,2,9,0,3,0,4,0,0,0,0,2,1,6,1,23,5,998,1,-1,-1,3,-1
201697NC00505,3,9,0,3,0,4,0,0,0,0,2,1,6,1,64,9,1197,1,2,-1,1,-1
201697NC00509,1,9,0,9,0,8,0,0,0,0,3,1,6,2,21,5,996,1,3,-1,2,-1
201697NC00509,2,9,0,18,0,8,0,0,0,0,1,1,6,2,19,4,1242,1,5,-1,1,-1
201697NC00610,1,21,1,12,0,1,0,0,0,0,4,2,1,1,26,6,-1,-1,-1,6,1,6
201697NC00610,2,9,0,18,0,1,0,0,0,0,3,1,2,2,30,6,1388,1,6,-1,1,-1
201697NC00611,1,9,0,18,0,1,0,0,0,0,1,1,6,2,65,9,1595,1,14,-1,1,-1
201697NC00611,2,9,0,10,0,1,0,0,0,0,2,1,6,1,52,8,-1,-1,-1,-1,1,-1
201697NC00701,1,19,0,18,0,0,0,0,0,0,1,1,1,1,62,9,2299,2,4,-1,1,-1
201697NC00701,2,9,0,4,0,0,0,0,0,0,2,1,1,1,35,6,1598,2,1,-1,1,-1
201697NC00701,3,19,0,4,0,0,0,0,0,0,2,1,1,1,55,8,2198,2,1,-1,1,-1
201697NC00701,4,9,0,4,0,0,0,0,0,0,2,1,1,2,35,6,1499,2,1,4,1,4
201697NC00704,1,9,0,7,0,3,0,0,0,0,4,1,6,1,68,10,2231,2,-1,-1,2,-1
201697NC00705,1,9,0,18,0,0,0,0,0,0,1,1,2,1,53,8,1240,1,13,-1,1,-1
201697NC00706,1,9,0,18,0,0,1,0,0,0,1,1,6,2,54,8,2179,2,4,-1,-1,-1
201697NC00706,2,9,0,4,0,0,0,0,0,0,2,1,6,2,37,7,1461,2,5,-1,2,-1
201697NC00802,1,9,0,7,0,8,0,0,0,0,3,1,6,1,83,11,999,1,1,-1,1,-1
201697NC00806,1,8,0,5,0,1,0,0,0,0,3,1,1,1,31,6,1968,2,6,-1,1,-1
201697NC00806,2,9,0,18,0,8,0,0,0,0,1,1,6,2,19,4,1560,2,2,-1,2,-1
201697NC00808,1,9,0,18,0,0,1,0,0,0,1,1,1,1,35,6,1968,2,2,-1,3,-1
201697NC00808,2,9,0,18,0,0,0,0,0,0,2,1,6,2,20,4,1242,1,2,-1,1,-1
201697NC00905,1,9,0,5,0,1,0,0,0,0,1,1,1,1,33,6,998,1,12,-1,2,-1
201697NC00905,2,1,0,5,0,1,0,0,0,0,2,1,2,1,47,8,-1,-1,-1,-1,1,-1
201697NC00907,1,9,0,9,0,6,0,0,0,0,1,1,6,1,51,8,1149,1,5,-1,-1,-1
201697NC00907,2,9,0,17,0,1,0,0,0,0,3,1,6,1,17,4,1395,1,1,-1,1,-1
201697NC00908,1,9,0,18,0,0,2,10,1,10,4,1,6,1,23,5,1399,2,11,-1,1,-1
201697NC00909,1,5,0,13,0,8,1,0,0,0,1,1,6,1,26,6,-1,-1,-1,-1,2,-1
201697NC00909,2,9,0,17,0,8,0,0,0,0,2,1,6,1,63,9,1910,2,13,-1,2,-1
201697NC00910,1,9,0,18,0,4,0,9,7,10,3,1,6,1,37,7,1781,1,14,-1,-1,-1
201697NC01002,1,21,1,17,0,4,0,0,0,0,1,1,1,1,59,9,10518,2,4,-1,1,-1
201697NC01002,2,9,0,4,0,4,0,0,0,0,4,1,6,2,45,7,1560,2,1,-1,1,-1
201697NC01007,1,9,0,13,0,5,0,0,0,0,3,1,6,3,-1,-1,-1,-1,-1,-1,-1,-1
201697NC01007,2,1,0,9,0,5,0,0,0,0,0,1,1,1,36,7,-1,-1,-1,-1,1,-1
201697NC01012,1,11,0,18,0,8,0,0,0,0,4,1,1,1,44,7,4250,2,13,-1,1,-1
201697NC01012,2,9,0,18,0,8,0,0,0,0,1,1,2,2,35,6,1329,1,5,-1,3,-1
201697NC01104,1,9,0,18,0,0,1,0,0,7,3,1,6,1,17,4,1149,1,9,-1,2,-1
201697NC01106,1,9,0,16,0,1,0,0,0,7,1,1,6,2,44,7,1596,1,9,-1,1,-1
201697NC01108,1,9,0,9,0,0,0,0,0,0,1,1,1,1,47,8,1598,2,1,-1,1,-1
201697NC01108,2,9,0,18,0,0,0,0,0,0,1,1,6,2,31,6,1598,1,8,-1,1,-1
201697NC01306,1,1,0,18,0,1,1,0,0,0,3,1,6,1,53,8,-1,-1,-1,-1,1,-1
201697NC01306,2,11,0,18,0,2,0,0,0,0,1,1,6,1,38,7,4461,2,-1,-1,2,-1