Accident_Index,Vehicle_Reference,Vehicle_Type,Towing_and_Articulation,Vehicle_Manoeuvre,Vehicle_Location-Restricted_Lane,Junction_Location,Skidding_and_Overturning,Hit_Object_in_Carriageway,Vehicle_Leaving_Carriageway,Hit_Object_off_Carriageway,1st_Point_of_Impact,Was_Vehicle_Left_Hand_Drive?,Journey_Purpose_of_Driver,Sex_of_Driver,Age_of_Driver,Age_Band_of_Driver,Engine_Capacity_(CC),Propulsion_Code,Age_of_Vehicle,Driver_IMD_Decile,Driver_Home_Area_Type,Vehicle_IMD_Decile
201697QB01702,2,9,0,18,0,1,0,7,1,11,3,1,3,2,37,7,1229,1,5,-1,3,-1
201697QB01802,1,9,0,11,0,0,1,0,1,0,3,1,6,2,44,7,1242,1,6,-1,1,-1
201697QB01805,1,9,0,5,0,6,0,0,0,0,1,1,6,2,45,7,1390,1,8,-1,2,-1
201697QB01805,2,9,0,16,0,1,0,0,0,0,4,1,6,1,41,7,1796,1,7,-1,1,-1
201697QB01905,1,9,0,18,0,1,0,0,0,0,1,1,6,1,24,5,1796,1,11,-1,1,-1
201697QB01906,1,9,0,18,0,4,0,0,0,0,1,1,2,2,40,7,1198,1,3,-1,1,-1
201697QB01906,2,9,0,17,0,8,0,0,0,0,4,1,1,1,33,6,-1,-1,-1,-1,3,-1
201697QB02001,1,9,0,18,0,1,0,0,0,0,4,1,2,2,44,7,1870,2,6,-1,1,-1
201697QB02009,1,9,0,3,0,0,0,0,0,0,1,1,2,2,65,9,1242,1,10,-1,1,-1
201697QB02009,2,9,0,3,0,0,0,0,0,0,1,1,2,2,44,7,1498,1,-1,-1,1,-1
201697QB02009,3,9,0,3,0,0,0,0,0,0,2,1,2,1,35,6,1560,2,1,-1,1,-1
201697QB02009,4,9,0,5,0,0,0,0,0,0,2,1,2,2,33,6,1995,2,11,-1,-1,-1
201697QB02102,1,9,0,9,0,5,0,0,0,0,1,1,6,2,67,10,1591,1,8,-1,1,-1
201697QB02102,2,1,0,18,0,1,0,0,0,0,3,1,2,1,51,8,-1,-1,-1,-1,1,-1
201697QB02111,1,9,0,17,0,1,0,0,0,0,1,1,6,2,49,8,1968,2,6,-1,2,-1
201697QB02111,2,9,0,4,0,1,0,0,0,0,3,1,1,1,21,5,1398,1,-1,-1,1,-1
201697QB02112,1,9,0,18,0,1,0,0,0,0,4,1,6,2,45,7,1398,2,3,-1,1,-1
201697QB02112,2,9,0,18,0,1,0,0,0,0,1,1,6,2,28,6,1598,1,11,-1,1,-1
201697QB02112,3,9,0,18,0,1,0,0,0,0,3,1,6,1,34,6,-1,-1,-1,-1,1,-1
201697QB02205,1,9,0,4,0,0,0,0,0,0,1,1,6,3,-1,-1,-1,-1,-1,-1,-1,-1
201697QB02210,1,1,0,18,0,8,0,0,0,0,1,1,6,1,48,8,-1,-1,-1,-1,1,-1
201697QB02210,2,9,0,18,0,8,0,0,0,0,1,1,6,1,46,8,1598,1,1,-1,1,-1
201697QB02407,1,9,0,18,0,8,0,0,3,0,1,1,6,1,36,7,1591,1,2,-1,1,-1
201697QB02407,2,9,0,18,0,8,0,0,0,2,3,1,6,2,24,5,999,1,1,-1,1,-1
201697QB02409,1,9,0,18,0,0,0,0,0,0,1,1,6,2,69,10,1560,2,2,-1,1,-1
201697QB02506,1,3,0,4,0,1,0,0,0,0,1,1,6,1,44,7,885,1,19,-1,1,-1
201697QB02506,2,9,0,4,0,1,0,0,0,0,1,1,6,3,-1,-1,-1,-1,-1,-1,-1,-1
201697QB02509,1,8,0,18,0,0,0,0,0,0,1,1,1,1,69,10,1598,2,1,-1,1,-1
201697QB02601,1,9,0,9,0,1,0,0,0,0,4,1,2,2,43,7,1198,1,2,-1,2,-1
201697QB02611,1,9,0,17,0,0,1,0,0,0,1,1,2,1,18,4,998,1,8,-1,1,-1
201697QB02611,2,9,0,18,0,0,0,0,0,0,1,1,2,2,20,4,1149,1,9,-1,1,-1
201697QB02705,1,9,0,18,0,0,0,0,0,0,3,1,6,1,28,6,1560,2,4,-1,1,-1
201697QB02705,2,9,0,18,0,0,0,0,0,0,1,1,6,1,49,8,1560,2,1,-1,1,-1
201697QB02706,1,9,0,10,0,6,0,0,0,0,3,1,6,2,60,9,1398,2,4,-1,1,-1
201697QB02706,2,9,0,18,0,1,0,0,0,0,1,1,2,1,21,5,1398,2,4,-1,1,-1
201697QB02711,1,9,0,18,0,0,0,0,0,0,4,1,6,3,-1,-1,-1,-1,-1,-1,-1,-1
201697QB02712,1,9,0,9,0,8,0,0,0,0,1,1,6,1,19,4,1910,2,11,-1,1,-1
201697QB02712,2,9,0,18,0,8,0,0,0,0,1,1,6,2,38,7,999,1,3,-1,1,-1
201697QB02805,1,9,0,11,0,1,0,0,0,0,1,1,6,1,48,8,1968,2,3,-1,1,-1
201697QB02805,2,9,0,2,0,1,0,0,0,0,0,1,6,1,62,9,1389,1,13,-1,1,-1
201697QB02812,1,9,0,4,0,0,0,0,0,0,4,1,1,2,41,7,1969,2,-1,-1,3,-1
201697QB03002,1,9,0,7,0,6,0,0,0,0,4,1,6,2,57,9,898,1,3,-1,1,-1
201697QB03002,2,9,0,2,0,1,0,0,0,0,3,1,6,1,18,4,1598,1,11,-1,1,-1
201697QB03104,1,9,0,17,0,0,5,4,1,0,3,1,6,2,47,8,1360,1,4,-1,1,-1
201697QB03104,2,19,0,2,0,0,0,0,0,0,3,1,6,3,-1,-1,2198,2,1,-1,-1,-1
201697QB03109,1,9,0,17,0,1,2,0,1,0,1,1,6,1,31,6,1590,1,11,-1,1,-1
201697QB03110,1,9,0,18,0,1,0,0,0,0,1,1,1,1,63,9,1598,1,11,-1,1,-1
201697QB03202,1,3,0,18,0,0,0,0,0,0,1,1,6,1,22,5,124,1,17,-1,1,-1
201697QB03203,1,9,0,6,0,0,5,0,0,0,3,1,6,2,25,5,1200,1,2,-1,1,-1
201697QB03203,2,9,0,18,0,0,0,0,0,0,4,1,6,2,30,6,1995,2,2,-1,1,-1
201697QB03301,1,9,0,9,0,2,0,0,0,0,3,1,6,1,77,11,1997,1,10,-1,1,-1
201697QB03301,2,11,0,18,0,2,0,0,0,0,1,1,1,1,59,9,4500,2,1,-1,1,-1
201697QB03301,3,9,0,2,0,2,0,0,0,0,3,1,6,1,28,6,1461,2,5,-1,-1,-1
201697QB03401,1,19,0,18,0,0,0,0,0,0,3,1,6,1,48,8,1461,2,1,-1,1,-1
201697QB03404,1,9,0,7,0,4,0,0,0,0,3,1,6,2,39,7,2967,2,1,-1,1,-1
201697QB03404,2,1,0,18,0,3,0,0,0,0,1,1,6,1,50,8,-1,-1,-1,-1,1,-1
201697QB03407,1,9,0,18,0,1,0,0,2,7,1,1,1,2,28,6,1499,2,3,-1,1,-1
201697QB03501,1,9,0,7,0,5,0,0,0,0,4,1,6,2,59,9,1995,2,11,-1,1,-1
201697QB03606,1,9,0,18,0,0,0,0,0,0,4,1,6,1,24,5,999,1,4,-1,1,-1
201697QB03609,1,9,0,18,0,0,0,0,0,0,1,1,6,1,45,7,-1,-1,-1,-1,1,-1
201697QB03609,2,9,0,3,0,0,0,0,0,0,2,1,6,2,36,7,998,1,1,-1,1,-1
201697QB03609,3,9,0,3,0,0,0,0,0,0,2,1,6,2,35,6,-1,-1,-1,-1,1,-1
201697QB03711,1,9,0,18,0,8,0,0,0,0,4,1,6,2,22,5,1328,1,7,-1,3,-1
201697QB03712,1,9,0,7,0,0,1,0,0,0,3,1,6,1,86,11,1399,2,8,-1,1,-1
201697QB03712,2,8,0,18,0,0,0,6,0,0,3,1,1,1,61,9,1582,2,7,-1,1,-1
201697QB03712,3,9,0,18,0,0,0,0,0,0,3,1,2,2,25,5,1598,1,15,-1,1,-1
201697QB03802,1,9,0,2,8,0,0,0,1,11,2,1,1,2,25,5,-1,-1,-1,-1,-1,-1
201697QB03803,1,9,0,18,0,0,0,0,0,0,1,1,6,2,56,9,1685,2,3,-1,1,-1
201697QB03803,2,9,0,18,0,0,0,0,0,0,1,1,6,2,56,9,998,1,2,-1,1,-1
201697QB03808,1,1,0,7,0,0,0,0,0,0,2,1,6,1,11,3,-1,-1,-1,-1,1,-1
201697QB03808,2,9,0,18,0,0,0,0,0,0,1,1,6,1,72,10,1242,1,12,-1,1,-1
201697QB03809,1,9,0,12,0,0,0,0,0,0,3,1,6,2,-1,-1,1398,1,3,-1,1,-1
201697QB03809,2,9,0,18,0,0,0,0,0,0,4,1,6,1,46,8,1248,2,2,-1,1,-1
201697QB03811,1,9,0,4,0,2,0,0,0,0,3,1,2,2,63,9,998,1,11,-1,1,-1
201697QB03904,1,9,0,9,0,8,0,0,0,0,4,1,6,2,32,6,1499,2,-1,-1,3,-1
201697QB03904,2,9,0,9,0,8,0,0,0,0,1,1,6,1,46,8,1560,2,-1,9,1,9
201697QB03906,1,9,0,16,0,0,1,0,7,7,1,1,6,2,46,8,1560,2,5,-1,2,-1
201697QB03906,2,9,0,18,0,0,0,0,7,0,1,1,6,1,27,6,1198,1,10,-1,1,-1
201697QB03912,1,9,0,18,0,0,0,0,0,0,1,1,6,1,81,11,1598,1,4,-1,1,-1
201697QB03912,2,9,0,9,0,0,0,0,0,0,2,1,6,2,36,7,1995,2,1,-1,1,-1
201697QB04004,1,9,0,18,0,2,0,0,0,0,1,1,6,2,21,5,1240,1,10,-1,2,-1
201697QB04102,1,9,0,4,0,0,0,0,0,0,1,1,1,2,52,8,1968,2,4,-1,1,-1
201697QB04102,2,9,0,4,0,0,0,0,0,0,2,1,1,1,55,8,-1,-1,-1,-1,1,-1
201697QB04108,1,9,0,7,0,8,0,0,0,0,4,1,6,2,34,6,998,1,2,-1,1,-1
201697QB04108,2,1,0,17,0,8,0,0,0,0,1,1,6,1,50,8,-1,-1,-1,-1,1,-1
201697QB04202,1,9,0,18,0,1,0,0,0,0,1,1,6,2,21,5,-1,-1,-1,-1,1,-1
201697QB04202,2,9,0,10,0,1,0,0,0,0,2,1,6,2,26,6,2993,2,4,-1,3,-1
201697QB04206,1,20,0,16,0,0,0,0,0,2,1,1,1,1,47,8,-1,-1,-1,-1,-1,-1
201697QB04207,1,9,0,16,0,0,5,0,1,0,3,1,6,1,38,7,1149,1,11,-1,1,-1
201697QB04211,1,9,0,9,0,6,0,0,0,0,1,1,1,1,67,10,2148,2,11,-1,3,-1
201697QB04305,1,9,0,5,9,0,0,0,0,0,3,1,6,1,30,6,1597,2,1,-1,1,-1
201697QB04305,2,9,0,18,0,0,0,0,0,0,4,1,6,2,39,7,1598,1,5,-1,1,-1
201697QB04305,3,9,0,2,9,0,0,0,0,0,1,1,6,1,50,8,1968,2,7,-1,1,-1
201697QB04306,1,9,0,18,0,1,0,0,0,0,1,1,6,2,18,4,1248,2,9,-1,3,-1
201697QB04306,2,19,0,9,0,1,0,0,0,0,3,1,6,1,24,5,2143,2,3,-1,1,-1
201697QB04405,1,9,0,9,0,4,0,0,0,0,4,1,6,2,56,9,-1,-1,-1,-1,1,-1
201697QB04405,2,9,0,9,0,4,0,0,0,0,4,1,6,1,51,8,2191,2,1,-1,-1,-1
201697QB04408,1,9,0,4,0,0,0,0,0,0,1,1,6,1,48,8,-1,-1,-1,-1,2,-1
201697QB04408,2,9,0,4,0,0,0,0,0,0,2,1,6,2,48,8,1686,2,5,-1,2,-1
201697QB04410,1,9,0,3,0,1,0,0,0,0,1,1,2,1,25,5,1968,2,5,-1,1,-1
201697QB04410,2,9,0,5,0,1,0,0,0,0,4,1,2,2,56,9,2993,2,1,-1,1,-1
201697QB04507,1,1,0,3,0,0,0,0,0,0,4,1,6,1,45,7,-1,-1,-1,-1,1,-1
201697QB04507,2,9,0,7,0,0,0,0,0,0,0,1,6,1,-1,-1,1956,2,3,-1,1,-1
201697QB04508,1,9,0,18,0,0,0,0,0,0,1,1,6,2,29,6,1598,2,5,-1,1,-1
201697QB04508,2,9,0,18,0,0,0,0,0,0,2,1,6,1,56,9,1896,2,14,-1,1,-1
201697QB04509,1,1,0,18,0,6,0,0,0,0,1,1,6,2,11,3,-1,-1,-1,-1,1,-1
201697QB04509,2,9,0,18,0,8,0,0,0,0,4,1,6,2,22,5,1242,1,1,-1,-1,-1
201697QB04603,1,9,0,18,0,1,0,0,0,0,4,1,6,1,39,7,1560,2,4,-1,1,-1
201697QB04702,1,9,0,18,0,0,0,0,0,0,1,1,6,3,-1,-1,1798,1,11,-1,-1,-1
201697QB04702,2,9,0,3,0,0,0,0,0,0,2,1,6,2,51,8,1685,2,1,-1,1,-1
201697QB04706,1,9,0,18,0,0,0,4,0,0,1,1,2,2,57,9,996,1,2,-1,1,-1
201697QB04706,2,9,0,2,0,0,0,0,0,0,2,1,2,2,25,5,1995,2,2,-1,1,-1
201697QB04709,1,9,0,15,6,3,0,0,0,0,2,1,6,1,19,4,998,1,3,-1,1,-1
201697QB04709,2,11,0,18,6,3,0,0,0,0,1,1,6,1,31,6,-1,-1,-1,-1,2,-1
201697QB04805,1,90,1,18,0,0,5,0,0,0,4,1,1,1,59,9,-1,-1,-1,-1,1,-1
201697QB04906,1,9,0,4,0,1,0,0,0,0,1,1,1,1,51,8,1598,2,4,-1,1,-1
201697QB05012,1,5,0,13,0,8,0,0,0,0,4,1,6,1,59,9,892,1,19,-1,1,-1
201697QB05012,2,19,0,9,0,8,0,0,0,0,3,1,2,1,35,6,2198,2,7,-1,1,-1
201697QB05107,1,9,0,3,0,4,0,0,0,0,2,1,6,1,24,5,1598,1,3,-1,3,-1
201697QB05107,2,9,0,3,0,1,0,0,0,0,1,1,6,1,60,9,1598,2,1,-1,1,-1
201697QB05110,1,9,0,3,0,1,0,0,0,0,1,1,6,1,49,8,1798,1,9,-1,1,-1
201697QB05110,2,9,0,3,0,1,0,0,0,0,2,1,1,2,70,10,1796,1,8,-1,-1,-1
201697QB05112,1,10,0,18,0,0,0,0,0,0,4,1,6,3,-1,-1,-1,-1,-1,-1,-1,-1
201697QB05206,1,9,0,18,0,8,0,0,0,0,4,1,1,1,36,7,1598,2,2,-1,1,-1
201697QB05206,2,9,0,18,0,8,0,0,0,0,3,1,6,2,22,5,1598,1,11,-1,3,-1
201697QB05207,1,19,0,12,0,8,0,0,0,0,1,1,1,1,32,6,1995,2,2,-1,1,-1
201697QB05207,2,9,0,9,0,8,0,0,0,0,4,1,6,2,70,10,1229,1,4,-1,1,-1
201697QB05212,1,9,0,10,0,1,0,0,0,0,1,1,6,3,-1,-1,-1,-1,-1,-1,-1,-1
201697QB05212,2,9,0,10,0,1,0,0,0,0,2,1,1,1,30,6,1499,2,3,-1,1,-1
201697QB05301,1,11,0,18,0,2,0,0,1,2,1,1,1,1,65,9,4500,2,3,-1,1,-1
201697QB05302,1,9,0,17,0,0,2,0,1,4,1,1,6,1,45,7,1984,1,5,-1,1,-1
201697QB05306,1,9,0,7,0,8,0,0,0,0,0,1,6,3,-1,-1,1390,1,4,-1,-1,-1
201697QB05306,2,1,0,18,0,1,0,0,0,0,0,1,6,1,38,7,-1,-1,-1,-1,1,-1
201697QB05407,1,9,0,18,0,4,1,10,1,0,1,1,6,1,30,6,1598,2,-1,-1,1,-1
201697QB05407,2,9,0,9,0,8,0,0,0,0,4,1,6,2,51,8,1968,2,10,-1,-1,-1
201697QB05410,1,9,0,18,0,0,0,0,0,0,1,1,6,2,25,5,1242,1,6,-1,1,-1
201697QB05504,1,9,0,3,0,4,0,0,0,0,1,1,6,3,25,5,-1,-1,-1,-1,-1,-1
201697QB05504,2,9,0,18,0,4,0,0,0,0,2,1,6,2,32,6,1968,2,1,-1,2,-1
201697QB05601,1,9,0,5,0,0,0,0,0,0,0,1,3,2,33,6,1399,1,6,-1,1,-1
201697QB05604,1,9,0,18,0,0,0,0,0,0,1,1,6,1,81,11,1206,1,5,-1,1,-1
201697QB05604,2,9,0,2,0,0,0,0,0,0,2,1,6,1,20,4,1390,1,10,-1,1,-1
201697QB05612,1,9,0,18,0,5,0,0,0,0,1,1,6,2,21,5,1242,1,6,-1,1,-1
201697QB05612,2,9,0,3,0,1,0,0,1,0,2,1,6,1,34,6,1461,2,12,-1,1,-1
201697QB05801,1,9,0,17,0,0,0,0,1,3,1,1,6,1,40,7,1582,2,1,-1,2,-1
201697QB06105,1,9,0,9,0,8,0,0,0,0,1,1,6,1,40,7,1229,1,5,-1,-1,-1
201697QB06105,2,1,0,18,0,8,0,0,0,0,4,1,6,1,36,7,-1,-1,-1,-1,1,-1
201697QB06106,1,9,0,7,0,7,0,0,0,0,1,1,6,3,-1,-1,-1,-1,-1,-1,-1,-1
201697QB06212,1,9,0,13,0,1,0,0,0,0,1,1,6,2,50,8,1560,2,6,-1,1,-1
201697QB06212,2,9,0,18,0,1,0,0,0,0,1,1,6,1,66,10,1198,1,6,-1,1,-1
201697QB06305,1,9,0,6,0,2,0,0,2,10,1,1,6,2,91,11,1400,1,9,-1,1,-1
201697QB06308,1,9,0,17,0,0,0,0,2,4,1,1,6,1,32,6,-1,-1,-1,-1,1,-1
201697QB06310,1,9,0,18,9,0,1,4,1,0,1,1,6,1,28,6,1242,1,3,-1,1,-1
201697QB06310,2,9,0,2,9,0,0,4,0,0,1,1,6,3,31,6,1242,1,1,-1,1,-1
201697QB06310,3,9,0,2,9,0,0,4,0,0,1,1,6,1,31,6,1360,1,10,-1,1,-1
201697QB06310,4,9,0,2,9,0,0,4,0,0,1,1,6,1,31,6,1149,1,10,-1,1,-1
201697QB06608,1,9,0,5,0,6,0,0,0,0,3,1,2,2,35,6,1560,2,1,-1,3,-1
201697QB06608,2,9,0,18,0,1,0,0,0,0,1,1,2,1,51,8,1560,2,5,-1,-1,-1
201697QB06710,1,9,0,18,0,8,0,0,0,0,3,1,6,2,25,5,2179,2,8,7,3,7
201697QB06710,2,9,0,18,0,8,0,0,0,0,1,1,6,2,60,9,1198,1,-1,-1,1,-1
201697QB06808,1,9,0,18,0,0,0,0,0,0,1,1,6,2,43,7,1461,2,1,-1,-1,-1
201697QB06808,2,9,0,18,0,0,0,0,0,0,2,1,6,2,35,6,1490,1,10,-1,1,-1
201697QB06911,1,9,0,18,0,0,0,0,0,0,1,1,6,2,19,4,1388,1,13,-1,1,-1
201697QB07112,1,9,0,9,0,5,0,0,0,0,1,1,6,1,52,8,1386,1,9,-1,1,-1
201697QB07405,1,9,0,18,0,0,0,0,0,0,1,1,6,1,18,4,1197,1,1,-1,1,-1
201697QB07605,1,19,0,9,0,1,0,0,0,0,2,1,6,3,50,8,9290,2,6,-1,-1,-1
201697QB70101,1,9,0,18,0,0,5,0,1,10,3,1,6,1,35,6,1994,1,14,-1,3,-1
201697QB70103,1,9,0,4,0,1,0,0,0,0,2,1,2,1,20,4,1149,1,10,-1,1,-1
201697QB70103,2,3,0,4,0,1,0,0,0,0,1,1,2,1,41,7,124,1,1,-1,1,-1
201697QB70106,1,9,0,18,0,0,2,0,1,10,1,1,6,2,51,8,1229,1,8,-1,1,-1
201697QB70106,2,9,0,18,0,0,1,0,1,0,2,1,2,2,49,8,1796,1,15,-1,1,-1
201697QB70107,1,9,0,16,0,0,0,10,8,11,1,1,2,1,25,5,1998,1,11,-1,1,-1
201697QB70201,1,9,0,9,0,2,0,0,2,0,1,1,6,2,65,9,1560,2,7,-1,1,-1
201697QB70201,2,1,0,18,0,1,2,0,0,0,4,1,6,1,55,8,-1,-1,-1,-1,1,-1
201697QB70203,1,9,0,5,0,2,0,0,0,0,3,1,6,1,31,6,1499,2,1,-1,1,-1
201697QB70203,2,9,0,18,0,1,0,0,0,0,1,1,6,1,57,9,1995,2,-1,-1,1,-1
201697QB70206,1,9,0,18,0,2,0,0,0,0,1,1,6,2,52,8,1296,1,9,-1,1,-1
201697QB70301,1,9,0,18,0,0,5,0,4,4,1,1,6,1,47,8,1753,2,7,1,1,1
201697QB70302,1,9,0,12,0,0,0,0,0,0,2,1,2,2,41,7,1349,1,5,-1,1,-1
201697QB70302,2,5,0,18,0,0,0,0,0,0,1,1,6,1,30,6,599,1,7,-1,3,-1
201697QB70303,1,90,1,11,0,0,0,0,0,0,4,1,1,1,42,7,-1,-1,-1,-1,-1,-1
201697QB70303,2,9,0,18,0,0,0,0,0,0,3,1,2,2,38,7,1995,2,3,-1,1,-1
201697QB70304,1,9,3,18,0,0,3,0,2,0,0,1,6,2,21,5,-1,-1,-1,-1,1,-1
201697QB70308,1,9,0,16,0,0,1,0,7,9,0,1,6,1,18,4,1086,1,12,-1,1,-1
201697QB70406,1,21,1,11,0,0,0,0,0,0,1,1,1,1,54,8,12777,2,5,2,1,2
201697QB70406,2,9,0,12,0,0,1,0,0,0,3,1,2,1,46,8,1956,2,3,-1,1,-1
201697QB70407,1,3,0,18,0,1,1,0,0,0,3,1,6,1,49,8,198,1,18,-1,1,-1
201697QB70408,1,3,0,17,0,0,1,0,1,11,1,1,1,1,55,8,125,1,9,-1,2,-1
201697QB70501,1,21,0,16,0,0,2,0,0,0,3,1,1,1,52,8,10837,2,1,-1,1,-1
201697QB70505,1,9,0,18,0,4,1,0,0,0,1,1,6,1,21,5,1868,2,17,-1,3,-1
201697QB70505,2,9,0,18,0,8,0,0,0,0,4,1,6,1,37,7,-1,-1,-1,1,1,1
201697QB70507,1,19,0,18,0,0,2,0,1,7,2,1,1,1,29,6,2464,2,7,-1,-1,-1
201697QB70604,1,9,0,9,0,7,0,0,0,0,3,1,6,1,52,8,1968,2,9,-1,1,-1
201697QB70604,2,9,0,18,0,1,0,0,0,0,1,1,6,2,80,11,998,1,14,-1,2,-1
201697QB70605,1,9,0,18,0,0,0,0,0,0,1,1,6,1,18,4,996,1,4,-1,1,-1
201697QB70606,1,9,0,16,0,0,2,0,7,4,3,1,6,1,18,4,1229,1,6,-1,3,-1
201697QB70607,1,9,0,17,0,7,5,0,1,0,3,1,6,1,44,7,1461,2,2,-1,1,-1
201697QB70608,1,9,0,16,0,3,1,0,0,0,1,1,6,1,20,4,1984,1,1,8,1,8
201697QB70608,2,19,0,18,0,1,0,0,0,0,3,1,1,1,49,8,6693,2,3,-1,-1,-1
201697QB70701,1,9,0,18,0,0,0,0,0,0,0,1,6,1,30,6,-1,-1,-1,-1,-1,-1
201697QB70701,2,9,0,18,8,0,0,0,7,9,1,1,6,1,20,4,1364,1,12,-1,1,-1
201697QB70703,1,21,1,18,0,1,0,0,0,0,1,1,1,1,40,7,12777,2,5,-1,1,-1
201697QB70703,2,9,0,4,0,1,0,0,0,0,2,1,6,1,20,4,1598,1,1,-1,2,-1
201697QB70704,1,9,0,9,0,8,0,0,0,0,3,1,1,1,35,6,-1,-1,-1,-1,1,-1
201697QB70704,2,9,0,18,0,3,0,0,0,0,4,1,6,1,38,7,2477,2,15,-1,1,-1
201697QB70705,1,19,0,18,0,0,0,0,1,7,1,1,1,1,38,7,2464,2,8,-1,1,-1
201697QB70707,1,19,0,13,0,1,0,0,0,0,1,1,1,1,51,8,1998,2,13,-1,3,-1
201697QB70707,2,9,0,18,0,1,0,0,0,0,1,1,6,1,48,8,1395,1,2,-1,2,-1
201697QB70707,3,19,0,18,0,1,0,0,0,0,3,1,1,2,38,7,2198,2,8,-1,1,-1
201697QB70803,1,9,0,18,0,0,0,0,0,0,1,1,1,1,43,7,1461,2,8,-1,3,-1
201697QB70803,2,9,0,4,0,0,0,0,0,0,2,1,1,1,54,8,1956,2,1,-1,1,-1
201697QB70803,3,9,0,4,0,0,0,0,0,0,2,1,1,1,50,8,-1,-1,-1,-1,2,-1
201697QB70805,1,19,0,18,0,0,0,0,1,0,1,1,6,1,35,6,1995,2,8,4,1,4
201697QB70805,2,9,0,18,0,0,1,0,1,0,0,1,6,2,72,10,1388,1,4,-1,1,-1
201697QB70902,1,9,0,18,0,0,0,0,0,0,1,1,2,2,46,8,1975,1,9,-1,3,-1
201697QB70902,2,9,0,10,0,0,0,0,0,0,2,1,2,2,51,8,1896,2,13,-1,1,-1
201697QB70906,1,9,0,7,0,5,0,0,0,0,1,1,6,1,50,8,1560,2,2,-1,-1,-1
201697QB70906,2,1,0,18,0,8,0,0,0,0,1,1,2,1,61,9,-1,-1,-1,-1,-1,-1
201697QB70906,3,9,0,7,0,6,0,0,0,0,1,1,1,2,56,9,2143,2,2,-1,-1,-1
201697QB70908,1,9,0,16,0,0,5,0,1,11,1,1,6,1,23,5,1896,2,13,-1,1,-1
201697QB70908,2,9,0,18,0,0,1,0,1,11,1,1,1,1,26,6,-1,-1,-1,-1,3,-1
201697QB71003,1,9,0,13,0,0,0,0,0,0,4,1,6,1,30,6,1596,1,13,-1,-1,-1
201697QB71003,2,9,0,18,0,0,0,0,2,0,3,1,6,1,31,6,1390,1,7,-1,3,-1
201697QB71003,3,9,0,18,0,0,0,0,0,0,3,1,6,2,61,9,898,1,2,-1,1,-1
201697QB71006,1,9,0,4,0,1,0,0,0,0,1,1,6,2,42,7,1956,2,4,-1,3,-1
201697QB71006,2,9,0,3,0,1,0,0,0,0,2,1,6,2,77,11,1360,1,12,-1,2,-1
201697QB71303,1,9,0,18,0,0,0,0,5,6,3,1,2,1,23,5,1364,1,2,-1,1,-1
201697QB71303,2,21,0,18,0,0,0,0,0,0,4,1,1,1,56,9,12902,2,3,-1,1,-1
201697QB71306,1,9,0,18,0,0,0,0,0,0,1,1,6,1,22,5,1582,2,3,-1,-1,-1
201697QB75209,1,9,0,18,0,0,5,0,6,6,1,1,6,1,21,5,1242,1,6,-1,2,-1
201697QB75209,2,8,0,18,0,0,0,0,0,0,3,1,1,1,51,8,1997,2,5,-1,1,-1
201697QB75211,1,9,0,18,0,1,0,0,0,0,1,1,2,1,42,7,1497,1,11,-1,1,-1
201697QB75211,2,9,0,18,0,1,0,0,0,0,1,1,6,1,42,7,1598,2,1,-1,1,-1
201697QB75211,3,9,0,18,0,1,0,0,0,0,1,1,6,1,30,6,1560,2,4,-1,2,-1
201697QB75211,4,9,0,18,0,1,0,0,0,0,1,1,6,1,62,9,1598,2,1,-1,1,-1
201697QB75211,5,9,0,18,0,1,0,0,0,0,1,1,6,1,48,8,1396,1,5,-1,3,-1
201697QB75211,6,9,0,18,0,1,0,0,0,0,1,1,6,3,-1,-1,-1,-1,-1,-1,-1,-1
201697QB75211,7,9,0,18,0,1,0,0,0,0,1,1,6,2,22,5,1796,1,8,-1,1,-1
201697QB75212,1,9,0,18,0,0,0,0,1,0,1,1,6,1,46,8,1461,2,2,-1,1,-1
201697QB75212,2,9,0,3,0,0,0,0,0,0,2,1,6,1,36,7,1560,2,11,-1,1,-1
201697QB75212,3,9,0,3,0,0,0,0,0,0,2,1,6,2,40,7,1198,1,10,-1,1,-1
201697QB75311,1,9,0,18,0,0,0,0,0,0,1,1,2,1,37,7,1598,1,2,-1,1,-1
201697QB75311,2,9,0,18,0,0,0,0,0,0,2,1,2,1,32,6,1995,2,-1,6,1,6
201697QB75312,1,9,0,18,0,0,0,0,0,0,2,1,6,1,41,7,1390,1,12,-1,1,-1
201697QB75312,2,9,0,18,0,0,0,0,0,0,1,1,2,1,34,6,1399,1,7,-1,1,-1
201697QB75410,1,19,0,18,0,0,0,0,0,0,1,1,1,1,51,8,2299,2,5,2,1,2
201697QB75410,2,19,0,18,0,0,0,0,0,0,2,1,6,1,23,5,2800,2,14,5,1,5
201697QB75610,1,9,0,18,0,4,0,0,0,0,1,1,6,1,75,10,1587,1,10,-1,1,-1
201697QB75610,2,1,0,9,0,4,0,0,0,0,1,1,6,1,46,8,-1,-1,-1,-1,1,-1
201697QB75612,1,9,0,4,0,2,1,0,0,0,4,1,2,2,23,5,1598,1,6,-1,1,-1
201697QB75710,1,9,0,18,0,8,0,0,0,0,1,1,6,2,72,10,998,1,1,-1,1,-1
201697QB75711,1,9,0,18,0,0,0,0,0,0,1,1,6,2,45,7,1995,2,2,-1,1,-1
201697QB75711,2,9,0,18,0,0,0,0,0,0,2,1,6,1,42,7,1796,1,8,-1,3,-1
201697QB75711,3,19,0,18,0,0,0,0,0,0,2,1,1,1,32,6,2463,2,13,-1,1,-1
201697QB75712,1,9,0,18,0,5,0,0,0,0,1,1,6,1,26,6,1995,1,7,-1,1,-1
201697QB75712,2,9,0,4,0,5,0,0,0,0,2,1,6,2,34,6,1242,1,14,-1,1,-1
201697QB75712,3,9,0,4,0,5,0,0,0,0,4,1,6,1,40,7,1968,2,3,-1,2,-1
201697QB75811,1,9,0,18,0,8,0,0,1,2,1,1,6,1,47,8,-1,-1,-1,4,3,4