Accident_Index,Vehicle_Reference,Vehicle_Type,Towing_and_Articulation,Vehicle_Manoeuvre,Vehicle_Location-Restricted_Lane,Junction_Location,Skidding_and_Overturning,Hit_Object_in_Carriageway,Vehicle_Leaving_Carriageway,Hit_Object_off_Carriageway,1st_Point_of_Impact,Was_Vehicle_Left_Hand_Drive?,Journey_Purpose_of_Driver,Sex_of_Driver,Age_of_Driver,Age_Band_of_Driver,Engine_Capacity_(CC),Propulsion_Code,Age_of_Vehicle,Driver_IMD_Decile,Driver_Home_Area_Type,Vehicle_IMD_Decile
201697UA05302,1,9,0,18,0,1,0,0,0,0,1,1,2,1,26,6,1493,1,18,-1,1,-1
201697UA05302,2,9,0,2,0,1,0,0,0,0,2,1,6,1,30,6,1364,1,6,-1,-1,-1
201697UA05304,1,9,0,18,0,3,0,0,0,0,1,1,6,1,48,8,1598,1,8,-1,1,-1
201697UA05304,2,9,0,18,0,4,0,0,0,0,2,1,6,2,46,8,1598,1,1,-1,1,-1
201697UA05403,1,3,0,18,0,0,1,0,0,0,0,1,6,1,46,8,125,1,7,-1,2,-1
201697UA05505,1,9,0,18,0,3,0,0,0,0,1,1,6,1,66,10,2400,2,1,-1,1,-1
201697UA05505,2,9,0,4,0,3,0,0,0,0,2,1,6,2,45,7,1461,2,3,-1,3,-1
201697UA05506,1,9,0,11,8,0,0,0,0,0,1,1,6,2,34,6,1984,1,13,-1,1,-1
201697UA05506,2,19,0,18,0,0,0,0,0,0,1,1,2,1,17,4,1753,2,12,-1,-1,-1
201697UA05605,1,9,0,18,0,1,1,0,0,0,3,1,6,1,36,7,1596,1,14,-1,2,-1
201697UA05605,2,9,0,18,0,2,0,0,0,0,3,1,6,2,53,8,1149,1,2,-1,2,-1
201697UA05912,1,9,0,18,0,1,0,0,0,0,3,1,6,3,25,5,-1,-1,-1,-1,-1,-1
201697UA05912,2,9,0,18,0,1,0,0,0,0,0,1,6,2,26,6,1108,1,7,-1,1,-1
201697UA06001,1,9,0,9,0,0,2,6,0,11,0,1,6,2,29,6,1397,1,9,-1,1,-1
201697UA06011,1,9,0,18,0,1,1,0,0,0,1,1,6,2,29,6,1995,2,7,-1,1,-1
201697UA06011,2,9,0,3,0,1,0,0,0,0,2,1,6,2,36,7,1240,1,12,-1,1,-1
201697UA06011,3,9,0,3,0,1,0,0,0,0,2,1,6,2,43,7,1598,1,2,-1,1,-1
201697UA06104,1,9,0,1,0,5,0,0,0,0,2,1,6,1,50,8,-1,-1,-1,-1,-1,-1
201697UA06111,1,9,0,18,0,0,2,0,1,11,1,1,6,1,51,8,2495,2,22,-1,2,-1
201697UA06211,1,9,0,4,0,0,0,0,0,0,1,1,6,1,45,7,1596,1,4,-1,3,-1
201697UA06405,1,9,0,18,0,0,0,0,0,0,1,1,6,2,50,8,-1,-1,-1,-1,-1,-1
201697UA06508,1,9,0,9,0,1,0,0,0,0,3,1,6,2,36,7,1596,1,13,-1,1,-1
201697UA06508,2,9,0,18,0,1,0,0,0,0,3,1,6,1,58,9,1596,1,6,-1,1,-1
201697UA07405,1,9,0,5,9,0,0,0,0,0,4,1,2,1,20,4,998,1,2,-1,-1,-1
201697UA07405,2,1,0,18,0,0,0,0,0,0,1,1,2,1,54,8,-1,-1,-1,-1,3,-1
201697UA08205,1,9,0,18,0,4,0,0,0,0,1,1,6,1,-1,-1,1968,2,1,-1,1,-1
201697UA08205,2,9,0,3,0,4,0,0,0,0,2,1,1,1,43,7,1598,1,7,-1,1,-1
201697UA70104,1,9,0,18,0,0,0,0,0,0,1,1,6,2,49,8,1968,2,1,-1,1,-1
201697UA70104,2,9,0,18,0,0,0,0,0,0,1,1,6,2,38,7,1388,1,14,-1,1,-1
201697UA70106,1,9,0,5,0,2,0,0,0,0,3,1,6,2,21,5,998,1,7,-1,1,-1
201697UA70106,2,9,0,16,0,1,0,0,0,0,1,1,6,2,33,6,2993,2,-1,-1,-1,-1
201697UA70107,1,3,0,4,0,4,1,0,0,0,4,1,6,2,17,4,125,1,1,-1,1,-1
201697UA70109,1,9,0,4,0,2,0,0,0,0,2,1,6,2,31,6,2204,2,11,-1,1,-1
201697UA70109,2,9,0,4,0,2,0,0,0,0,2,1,6,2,59,9,1461,2,2,-1,1,-1
201697UA70112,1,9,0,14,0,1,0,0,0,0,1,1,2,1,48,8,1685,2,6,-1,1,-1
201697UA70112,2,9,0,3,0,1,0,0,0,0,2,1,2,1,42,7,1995,2,1,-1,1,-1
201697UA70201,1,9,0,17,0,0,2,0,0,7,3,1,6,2,21,5,1560,2,4,-1,1,-1
201697UA70208,1,3,0,18,0,1,1,0,0,0,1,1,2,1,23,5,125,1,14,-1,1,-1
201697UA70208,2,19,0,4,0,1,0,0,0,0,3,1,1,1,47,8,2148,2,7,-1,3,-1
201697UA70208,3,9,0,18,0,1,0,0,1,0,1,1,2,1,46,8,1995,2,9,-1,-1,-1
201697UA70208,4,9,0,10,0,1,0,0,0,0,0,1,6,1,50,8,3200,2,1,-1,2,-1
201697UA70209,1,9,0,18,0,1,0,0,0,0,1,1,6,1,45,7,998,1,3,-1,1,-1
201697UA70210,1,9,0,17,0,0,0,0,1,11,4,1,6,2,21,5,1198,1,4,-1,2,-1
201697UA70212,1,9,0,17,0,0,1,0,0,0,1,1,2,1,19,4,1560,2,8,-1,2,-1
201697UA70212,2,9,0,18,0,0,0,0,1,11,1,1,6,1,70,10,2179,2,2,-1,3,-1
201697UA70301,1,9,0,13,0,0,0,0,0,0,1,1,6,3,-1,-1,-1,-1,-1,-1,-1,-1
201697UA70301,2,1,0,18,0,0,0,0,0,0,2,1,2,1,29,6,-1,-1,-1,-1,1,-1
201697UA70305,1,9,0,18,0,1,0,0,0,0,1,1,2,1,38,7,2902,2,11,-1,2,-1
201697UA70305,2,9,0,8,0,1,0,0,0,0,2,1,2,2,29,6,1242,1,6,-1,1,-1
201697UA70307,1,3,0,17,0,0,0,0,1,2,1,1,6,1,33,6,125,1,1,-1,1,-1
201697UA70309,1,9,0,18,0,0,0,0,0,0,1,1,6,1,62,9,1229,1,3,-1,1,-1
201697UA70309,2,9,0,4,0,0,0,0,0,0,2,1,6,2,38,7,1596,1,4,-1,1,-1
201697UA70311,1,9,0,16,0,0,0,0,0,0,1,1,6,2,23,5,1086,1,12,-1,1,-1
201697UA70311,2,9,0,17,0,0,0,0,1,0,1,1,6,1,62,9,1596,1,11,-1,1,-1
201697UA70312,1,9,0,18,0,0,0,0,0,0,1,1,2,2,38,7,1386,1,10,-1,1,-1
201697UA70312,2,11,0,18,0,0,0,0,0,0,1,1,1,1,47,8,6871,2,7,-1,-1,-1
201697UA70406,1,9,0,18,0,1,0,0,0,0,1,1,2,1,20,4,1242,1,6,-1,3,-1
201697UA70406,2,9,0,9,0,2,0,0,0,0,2,1,2,1,32,6,2231,2,8,-1,-1,-1
201697UA70407,1,19,0,18,0,0,1,0,1,0,3,1,2,1,22,5,2402,2,7,-1,-1,-1
201697UA70407,2,9,0,18,0,0,0,0,1,0,3,1,6,1,58,9,2993,2,5,-1,3,-1
201697UA70409,1,9,0,9,0,8,0,0,0,0,1,1,3,1,79,11,998,1,5,-1,1,-1
201697UA70409,2,9,0,18,0,1,0,0,0,0,4,1,6,2,43,7,1242,1,13,-1,-1,-1
201697UA70411,1,9,0,18,0,1,0,0,0,0,1,1,6,2,41,7,1951,2,10,-1,1,-1
201697UA70411,2,9,0,3,0,1,0,0,0,0,2,1,3,2,24,5,1461,2,1,-1,1,-1
201697UA70411,3,9,0,10,0,2,0,0,0,0,2,1,6,2,35,6,1242,1,10,-1,1,-1
201697UA70502,1,9,0,16,0,0,0,0,0,0,1,1,6,1,29,6,1242,1,12,-1,3,-1
201697UA70502,2,9,0,17,0,0,0,0,0,11,1,1,6,1,60,9,1364,1,4,-1,1,-1
201697UA70503,1,9,0,18,0,0,0,0,0,0,1,1,6,1,48,8,-1,-1,-1,-1,3,-1
201697UA70503,2,11,0,18,0,0,0,0,0,0,1,1,1,1,36,7,9000,2,6,-1,1,-1
201697UA70505,1,9,0,18,0,0,2,0,7,11,1,1,6,1,26,6,1870,2,13,1,1,1
201697UA70507,1,9,0,17,0,0,2,0,1,11,1,1,2,1,37,7,1997,2,11,-1,-1,-1
201697UA70509,1,9,0,18,0,0,0,0,0,0,1,1,1,1,46,8,1499,2,-1,-1,1,-1
201697UA70510,1,8,0,18,0,1,0,0,0,0,1,1,6,1,61,9,1587,1,11,-1,1,-1
201697UA70510,2,9,0,18,0,1,0,0,0,0,2,1,6,2,60,9,1149,1,4,-1,1,-1
201697UA70602,1,9,0,3,0,6,0,0,0,0,3,1,2,1,20,4,1461,2,1,-1,1,-1
201697UA70602,2,19,0,18,0,1,0,0,0,0,1,1,1,1,55,8,2143,2,3,-1,1,-1
201697UA70603,1,9,0,5,0,0,0,0,0,0,4,1,1,1,49,8,-1,-1,-1,-1,2,-1
201697UA70607,1,9,0,13,0,1,0,0,0,0,4,1,6,2,71,10,1197,1,3,-1,-1,-1
201697UA70607,2,1,0,18,0,1,0,0,0,0,3,1,6,1,59,9,-1,-1,-1,-1,1,-1
201697UA70612,1,9,0,9,0,8,0,0,0,0,1,1,6,2,37,7,1997,1,13,-1,1,-1
201697UA70612,2,1,0,3,0,1,0,0,0,0,4,1,6,1,45,7,-1,-1,-1,-1,1,-1
201697UA70701,1,9,0,5,0,8,0,0,0,0,1,1,1,1,60,9,-1,-1,-1,-1,3,-1
201697UA70705,1,9,0,18,0,4,0,0,0,0,1,1,2,1,36,7,1461,2,2,-1,1,-1
201697UA70705,2,2,0,18,0,8,0,0,0,0,2,1,6,1,16,4,49,1,-1,-1,2,-1
201697UA70706,1,9,0,18,0,0,0,0,7,0,1,1,6,1,52,8,2231,2,4,-1,1,-1
201697UA70706,2,9,0,18,0,0,0,0,1,0,1,1,6,2,58,9,3000,1,12,-1,2,-1
201697UA70706,3,9,0,18,0,0,0,0,1,0,1,1,6,1,48,8,1596,1,8,-1,1,-1
201697UA70707,1,9,0,9,0,8,0,0,0,0,4,1,6,1,75,10,1598,1,10,-1,1,-1
201697UA70707,2,1,0,18,0,8,0,0,0,0,1,1,6,1,57,9,-1,-1,-1,-1,1,-1
201697UA70712,1,9,0,18,0,0,0,0,0,0,1,1,6,1,29,6,1995,1,12,-1,1,-1
201697UA70712,2,9,0,2,9,0,0,0,0,0,1,1,6,2,-1,-1,2099,1,13,-1,1,-1
201697UA70712,3,9,0,2,9,0,0,0,0,0,3,1,6,1,-1,-1,1910,2,11,-1,1,-1
201697UA70801,1,9,0,18,0,0,0,4,0,0,1,1,6,1,45,7,1596,1,14,-1,1,-1
201697UA70801,2,20,1,2,6,0,0,0,0,0,2,2,1,1,35,6,-1,-1,-1,-1,-1,-1
201697UA70803,1,9,0,5,0,0,0,0,0,0,4,1,6,2,82,11,1397,1,8,-1,1,-1
201697UA70803,2,1,0,5,0,0,0,0,0,0,3,1,6,1,28,6,-1,-1,-1,-1,1,-1
201697UA70805,1,9,0,18,0,4,0,0,0,0,1,1,6,2,39,7,1685,2,1,-1,1,-1
201697UA70805,2,9,0,3,0,4,0,0,0,0,2,1,6,2,48,8,2993,2,1,-1,-1,-1
201697UA70807,1,9,0,18,0,1,0,0,0,0,1,1,6,1,70,10,1364,1,-1,-1,3,-1
201697UA70807,2,19,0,18,0,2,0,0,0,0,3,1,1,1,49,8,2402,2,5,-1,1,-1
201697UA70808,1,9,0,5,0,3,0,0,0,0,1,1,6,2,49,8,1197,1,1,-1,2,-1
201697UA70808,2,9,0,3,0,3,0,0,0,0,2,1,1,2,46,8,1995,2,1,-1,-1,-1
201697UA70810,1,9,0,18,0,0,0,0,7,11,2,1,6,2,28,6,1199,1,15,-1,2,-1
201697UA70810,2,9,0,18,0,0,0,0,0,0,1,1,6,2,66,10,1206,1,3,-1,2,-1
201697UA70811,1,9,0,16,0,1,0,0,0,0,1,1,6,2,17,4,999,1,-1,-1,1,-1
201697UA70811,2,19,0,18,0,1,0,0,1,1,3,1,1,1,25,5,2299,2,-1,-1,1,-1
201697UA70903,1,9,0,18,0,0,0,0,0,0,3,1,6,2,23,5,998,1,5,-1,1,-1
201697UA70910,1,9,0,18,0,1,0,7,7,1,1,1,6,1,43,7,1598,1,13,-1,1,-1
201697UA70910,2,9,0,18,0,2,0,0,0,0,1,1,2,1,59,9,2000,2,10,-1,1,-1
201697UA70911,1,19,0,16,0,0,0,0,1,11,1,1,1,1,31,6,2198,2,1,-1,-1,-1
201697UA71002,1,1,0,18,0,0,0,0,0,0,1,1,6,1,60,9,-1,-1,-1,-1,1,-1
201697UA71005,1,8,0,3,0,0,0,0,0,0,1,1,1,1,61,9,1598,2,1,-1,1,-1
201697UA71005,2,9,0,4,0,0,0,0,0,0,2,1,6,2,26,6,1560,2,6,-1,1,-1
201697UA71006,1,5,0,18,0,0,0,0,0,0,1,1,6,1,31,6,1255,1,1,2,1,2
201697UA71006,2,9,0,18,0,0,1,0,0,0,1,1,2,2,38,7,1398,1,4,-1,1,-1
201697UA71010,1,21,1,16,0,0,0,4,0,0,4,1,1,1,32,6,12740,2,2,-1,1,-1
201697UA71010,2,9,0,2,0,0,0,0,0,0,3,1,6,1,76,11,1289,1,17,-1,1,-1
201697UA71011,1,9,0,18,0,1,0,0,0,0,1,1,2,1,25,5,1998,1,13,-1,1,-1
201697UA71011,2,9,0,18,0,2,0,0,1,0,1,1,1,1,25,5,1995,2,2,-1,1,-1
201697UA71102,1,9,0,18,0,0,0,0,0,0,1,1,6,2,56,9,1598,2,4,-1,1,-1
201697UA71105,1,9,0,18,0,0,0,0,0,0,0,1,6,2,40,7,-1,-1,-1,-1,-1,-1
201697UA71106,1,9,0,18,0,0,0,0,1,0,1,1,6,1,50,8,1598,1,11,-1,1,-1
201697UA71107,1,9,0,18,0,0,0,0,1,11,1,1,6,2,48,8,1995,1,6,-1,-1,-1
201697UA71205,1,9,0,9,0,1,0,0,0,0,1,1,6,2,18,4,1397,1,8,-1,3,-1
201697UA71205,2,9,0,16,0,1,0,0,0,0,1,1,6,1,19,4,1349,1,7,-1,3,-1
201697UA71208,1,9,0,13,0,0,5,0,7,11,3,1,6,2,84,11,996,1,4,-1,-1,-1
201697UA71208,2,9,0,13,0,0,0,0,0,0,4,1,6,2,36,7,1968,2,4,5,1,5
201697UA71209,1,9,0,9,0,6,0,0,7,0,3,1,6,2,20,4,1968,2,5,-1,1,-1
201697UA71209,2,9,0,18,0,1,0,0,7,0,1,1,3,2,40,7,1461,2,1,-1,1,-1
201697UA71307,1,9,0,18,0,0,0,0,0,0,3,1,6,3,-1,-1,-1,-1,-1,-1,-1,-1
201697UA71308,1,9,0,16,0,1,0,0,7,2,1,1,6,2,34,6,1968,2,7,-1,2,-1
201697UA71309,1,19,0,9,0,6,0,0,0,0,3,1,1,1,23,5,2198,2,2,-1,3,-1
201697UA71309,2,9,0,18,0,1,0,0,0,0,1,1,6,2,78,11,1396,1,1,-1,1,-1
201697UA71505,1,9,0,18,0,8,1,0,0,0,3,1,1,1,19,4,1599,1,10,-1,2,-1
201697UA71507,1,5,0,18,0,0,2,0,1,11,1,1,6,1,23,5,321,1,1,-1,-1,-1
201697UA71804,1,9,0,18,0,0,0,0,0,0,1,1,6,1,57,9,1586,1,10,-1,1,-1
201697UA71904,1,9,0,18,0,0,1,0,0,0,1,1,6,1,30,6,1596,1,15,-1,1,-1
201697UA71904,2,9,0,2,0,0,0,0,0,0,2,1,6,1,22,5,999,1,-1,-1,1,-1
201697UA71904,3,9,0,2,0,0,0,0,0,0,2,1,6,2,46,8,1596,1,5,-1,1,-1
201697UC00106,1,5,0,16,0,0,0,0,7,10,1,1,6,1,48,8,988,1,15,-1,1,-1
201697UC00108,1,9,0,5,0,1,0,0,0,0,1,1,6,1,44,7,1968,2,12,-1,1,-1
201697UC00108,2,9,0,18,0,1,0,0,0,0,4,1,6,1,24,5,1560,2,5,-1,1,-1
201697UC00109,1,9,0,18,0,0,0,0,0,0,1,1,6,1,34,6,1968,2,1,-1,3,-1
201697UC00109,2,9,0,12,0,0,0,0,0,0,2,1,6,2,22,5,1390,1,9,-1,2,-1
201697UC00111,1,9,0,18,0,1,0,0,7,0,1,1,2,1,46,8,1685,2,-1,-1,1,-1
201697UC00111,2,19,0,9,0,8,0,0,0,0,4,1,1,1,59,9,-1,-1,-1,-1,1,-1
201697UC00201,1,9,0,18,0,0,0,0,0,0,1,1,6,2,36,7,1956,2,3,-1,1,-1
201697UC00208,1,9,0,5,8,2,0,0,0,0,1,1,1,2,60,9,1598,2,-1,-1,1,-1
201697UC00208,2,9,0,18,0,1,0,0,7,0,4,1,1,1,44,7,1124,1,13,-1,3,-1
201697UC00304,1,9,0,9,0,1,0,0,0,0,0,1,6,1,73,10,1582,2,8,-1,3,-1
201697UC00304,2,9,0,18,0,1,1,7,1,3,4,1,6,1,26,6,1598,1,13,-1,3,-1
201697UC00309,1,9,0,18,0,1,0,0,0,0,4,1,6,2,20,4,1198,1,4,-1,1,-1
201697UC00309,2,8,0,18,0,1,0,0,0,0,1,1,1,1,54,8,1149,1,4,-1,3,-1
201697UC00311,1,9,0,18,0,0,0,4,0,0,1,1,6,3,-1,-1,1685,2,5,-1,1,-1
201697UC00311,2,9,0,2,0,0,0,0,0,0,2,1,6,2,27,6,1685,2,5,-1,1,-1
201697UC00407,1,5,0,18,0,0,0,0,0,0,1,1,6,1,20,4,650,1,14,-1,2,-1
201697UC00407,2,9,0,18,0,0,0,0,0,0,2,1,6,1,80,11,989,1,12,-1,-1,-1
201697UC00408,1,9,0,4,0,1,0,0,0,0,1,1,6,2,63,9,1086,1,5,-1,1,-1
201697UC00408,2,9,0,3,0,1,0,0,0,0,2,1,6,2,27,6,1360,1,9,-1,1,-1
201697UC00506,1,9,0,18,0,1,0,0,0,0,3,1,6,1,80,11,1349,1,3,-1,2,-1
201697UC00506,2,9,0,5,0,8,0,0,0,0,4,1,1,1,45,7,-1,-1,-1,-1,1,-1
201697UC00507,1,11,0,18,0,1,0,0,0,0,0,1,1,1,-1,-1,7300,2,9,-1,3,-1
201697UC00509,1,9,0,4,0,1,0,0,0,0,1,1,6,1,31,6,-1,-1,-1,7,1,7
201697UC00509,2,9,0,18,0,5,0,0,0,0,2,1,6,2,47,8,1398,2,10,-1,2,-1
201697UC00511,1,9,0,8,0,6,0,0,0,0,2,1,6,3,41,7,-1,-1,-1,-1,-1,-1
201697UC00511,2,1,0,18,0,1,1,0,0,0,1,1,6,1,53,8,-1,-1,-1,-1,1,-1
201697UC00601,1,9,0,3,0,1,0,0,0,0,1,1,6,2,46,8,998,1,14,-1,1,-1
201697UC00601,2,9,0,3,0,1,0,0,0,0,2,1,2,2,34,6,1956,2,5,-1,1,-1
201697UC00604,1,19,0,5,0,2,0,0,0,0,1,1,6,1,31,6,1461,2,3,-1,2,-1
201697UC00604,2,19,0,18,0,1,0,0,0,0,1,1,6,1,38,7,1686,2,15,-1,1,-1
201697UC00705,1,19,0,18,0,0,2,0,1,0,1,1,6,1,25,5,1995,2,4,-1,2,-1
201697UC00806,1,9,0,18,0,1,0,0,0,0,3,1,6,2,36,7,1149,1,1,-1,3,-1
201697UC00806,2,1,0,18,0,8,0,0,0,0,1,1,2,1,40,7,-1,-1,-1,-1,1,-1
201697UC00808,1,9,0,9,0,5,0,0,0,0,1,1,6,1,55,8,2438,1,22,-1,-1,-1
201697UC00808,2,9,0,7,0,2,0,0,0,0,1,1,2,2,39,7,1587,1,10,-1,1,-1
201697UC00812,1,9,0,18,0,4,0,0,0,0,1,1,6,2,46,8,1398,1,5,-1,1,-1
201697UC00812,2,9,0,9,0,3,0,0,0,0,4,1,3,2,45,7,1685,2,4,-1,2,-1
201697UC00905,1,9,0,18,0,0,5,4,0,0,2,1,6,1,29,6,1896,2,13,-1,1,-1
201697UC00905,2,9,0,2,0,0,0,0,0,0,0,1,6,3,79,11,1240,1,11,-1,-1,-1
201697UC00912,1,9,0,17,0,0,0,0,0,0,1,1,1,1,36,7,-1,-1,-1,-1,3,-1
201697UC01006,1,9,0,18,0,0,0,0,0,0,1,1,6,2,26,6,999,1,-1,-1,1,-1
201697UC01006,2,9,0,18,0,0,0,0,0,0,2,1,6,2,26,6,1242,1,1,-1,1,-1
201697UC01009,1,9,0,18,0,1,0,0,0,0,3,1,6,2,52,8,898,1,3,-1,1,-1
201697UC01009,2,19,0,18,0,1,0,0,0,0,1,1,1,1,55,8,2198,2,-1,-1,1,-1
201697UC01110,1,1,0,7,0,6,0,0,0,0,1,1,6,1,56,9,-1,-1,-1,-1,1,-1
201697UC01110,2,9,0,18,0,8,0,0,0,0,3,1,6,1,36,7,1600,2,6,-1,1,-1
201697UC01202,1,19,0,7,0,1,0,0,0,0,3,1,6,1,37,7,2198,2,4,-1,2,-1
201697UC01202,2,1,0,18,0,1,5,0,0,0,1,1,6,1,60,9,-1,-1,-1,-1,1,-1
201697UC01204,1,9,0,18,0,0,1,0,7,3,4,1,6,1,21,5,1781,1,15,-1,2,-1
201697UC01209,1,9,0,18,0,1,0,0,0,0,1,1,6,1,28,6,1198,1,9,-1,1,-1
201697UC01209,2,9,0,4,0,1,0,0,0,0,2,1,6,2,39,7,1242,1,4,-1,1,-1
201697UC01211,1,9,0,7,0,2,0,0,0,0,1,1,6,2,48,8,1197,1,1,-1,-1,-1
201697UC01311,1,19,0,18,0,0,0,0,0,0,1,1,1,1,47,8,1461,2,1,-1,3,-1
201697UC01311,2,9,0,3,0,0,0,0,0,0,2,1,1,2,65,9,1560,2,-1,-1,1,-1
201697UC01406,1,5,0,13,0,0,2,2,7,10,1,1,2,1,27,6,865,1,7,-1,2,-1
201697UC01408,1,9,0,17,0,0,1,0,7,4,1,1,6,1,30,6,2993,2,8,-1,-1,-1
201697UC01502,1,9,0,5,0,8,0,0,0,0,1,1,1,2,45,7,1499,2,1,-1,1,-1
201697UC01502,2,9,0,9,0,8,0,0,0,0,1,1,6,2,23,5,1242,1,7,-1,1,-1
201697UC01505,1,9,0,18,0,8,0,0,0,0,1,1,6,2,24,5,1242,1,5,-1,1,-1
201697UC01505,2,9,0,18,0,8,0,0,0,0,4,1,6,2,70,10,1398,1,5,-1,1,-1
201697UC01506,1,8,0,18,0,8,1,0,1,10,1,1,1,1,44,7,1896,2,8,-1,1,-1
201697UC01511,1,9,0,18,0,1,0,0,0,0,1,1,6,1,22,5,1995,2,12,-1,-1,-1
201697UC01511,2,9,0,18,0,1,0,0,0,0,4,1,6,1,65,9,1598,1,4,-1,3,-1
201697UC01602,1,9,0,18,0,1,0,0,0,0,1,1,6,3,-1,-1,1753,2,14,-1,-1,-1
201697UC01602,2,9,0,3,0,1,0,0,0,0,2,1,6,2,60,9,1229,1,11,-1,1,-1
201697UC01607,1,1,0,8,0,1,0,0,0,0,3,1,6,1,14,3,-1,-1,-1,-1,2,-1
201697UC01607,2,9,0,8,0,1,0,0,0,0,4,1,6,2,78,11,998,1,2,-1,1,-1
201697UC01704,1,9,0,11,0,1,0,0,0,0,1,1,6,2,50,8,-1,-1,-1,-1,2,-1
201697UC01704,2,9,0,4,0,1,0,0,0,0,2,1,6,2,31,6,1590,1,12,-1,1,-1
201697UC01704,3,9,0,4,0,1,0,0,0,0,2,1,6,2,66,10,1753,2,8,-1,1,-1
201697UC01708,1,9,0,18,0,0,0,0,0,0,1,1,2,1,20,4,1395,1,3,-1,2,-1
201697UC01708,2,9,0,4,0,0,0,0,0,0,2,1,2,1,46,8,998,1,3,-1,2,-1
201697UC01708,3,9,0,18,0,0,0,0,0,0,2,1,2,1,19,4,1299,1,17,-1,2,-1
201697UC01806,1,4,0,18,0,1,2,4,0,0,3,1,6,1,29,6,400,1,24,-1,1,-1
201697UC01806,2,9,0,2,0,1,0,0,0,0,3,1,6,1,45,7,1598,2,-1,4,1,4
201697UC01808,1,9,0,18,0,0,1,0,0,6,3,1,1,1,18,4,998,1,4,-1,1,-1
201697UC01901,1,9,0,4,0,1,0,0,0,0,1,1,6,2,35,6,1390,1,3,-1,1,-1
201697UC01901,2,9,0,18,0,1,0,0,0,0,4,1,6,2,20,4,1229,1,3,-1,1,-1
201697UC01910,1,9,0,5,9,0,0,0,1,1,2,1,6,1,79,11,1198,1,5,-1,3,-1
201697UC02004,1,9,0,18,0,0,0,0,0,0,1,1,6,1,22,5,1242,1,9,-1,1,-1
201697UC02004,2,9,0,3,0,0,0,0,0,0,2,1,6,1,24,5,-1,-1,-1,-1,-1,-1
201697UC02004,3,9,0,3,0,0,0,0,0,0,2,1,6,1,42,7,1995,2,3,-1,1,-1
201697UC02005,1,9,0,5,0,4,0,0,0,0,0,1,6,1,30,6,-1,-1,-1,-1,-1,-1
201697UC02005,2,3,0,18,0,8,2,0,0,0,0,1,2,1,23,5,125,1,-1,-1,2,-1
201697UC02203,1,9,0,13,0,0,0,0,0,0,1,1,6,2,18,4,998,1,2,-1,1,-1
201697UC02203,2,9,0,18,0,0,0,0,0,0,1,1,6,1,21,5,998,1,10,-1,2,-1
201697UC02204,1,9,0,18,0,1,0,0,7,10,4,1,6,1,25,5,1596,1,2,-1,1,-1
201697UC02204,2,9,0,4,0,2,0,0,0,0,4,1,1,1,43,7,-1,-1,-1,-1,1,-1
201697UC02209,1,9,0,13,0,0,1,0,0,0,4,1,6,1,27,6,1968,2,2,-1,1,-1
201697UC02209,2,21,0,18,0,0,0,0,0,0,3,1,1,1,58,9,6692,2,7,-1,1,-1
201697UC02211,1,9,0,9,0,1,0,0,0,0,1,1,6,2,41,7,1242,1,10,-1,2,-1
201697UC02211,2,8,0,18,0,1,0,11,1,10,3,1,1,1,46,8,1598,2,4,-1,2,-1
201697UC02302,1,9,0,18,0,0,0,0,0,0,1,1,6,1,65,9,1598,1,1,-1,1,-1
201697UC02302,2,9,0,2,0,0,0,0,0,0,2,1,2,2,37,7,1124,1,12,-1,3,-1
201697UC02304,1,9,0,17,0,0,5,0,1,2,4,1,6,2,20,4,1390,1,5,-1,1,-1
201697UC02406,1,9,0,18,0,1,0,0,1,11,1,1,6,1,43,7,1560,2,7,-1,3,-1
201697UC02506,1,9,0,5,0,4,0,0,0,0,1,1,1,1,37,7,1560,2,2,-1,1,-1
201697UC02506,2,9,0,5,0,4,0,0,0,0,2,1,1,2,53,8,1956,2,2,-1,1,-1
201697UC02508,1,9,0,18,0,0,0,0,0,0,4,1,2,2,25,5,1198,1,7,-1,3,-1
201697UC02509,1,9,0,11,0,4,0,0,0,0,3,1,6,1,35,6,2521,1,8,-1,1,-1
201697UC02509,2,1,0,16,0,3,0,0,0,0,4,1,6,1,40,7,-1,-1,-1,-1,1,-1
201697UC02604,1,9,0,7,0,6,0,0,0,0,4,1,6,1,59,9,998,1,7,-1,1,-1
201697UC02609,1,9,0,18,0,2,0,0,1,11,1,1,6,1,25,5,998,1,12,-1,1,-1
201697UC02609,2,9,0,18,0,2,0,0,1,11,1,1,6,1,30,6,1242,1,8,-1,-1,-1
201697UC02703,1,9,0,4,0,0,0,0,0,0,2,1,6,1,66,10,1390,1,6,-1,1,-1
201697UC02703,2,1,0,18,0,0,0,0,0,0,1,1,6,1,57,9,-1,-1,-1,-1,1,-1
201697UC02707,1,9,0,18,0,0,0,0,0,0,0,1,6,3,-1,-1,-1,-1,-1,-1,-1,-1
201697UC02707,2,9,0,18,0,0,0,6,0,0,1,1,6,2,35,6,1364,1,11,-1,3,-1
201697UC02709,1,9,0,1,0,0,0,0,0,0,2,1,6,1,36,7,1997,2,12,-1,-1,-1
201697UC02802,1,9,0,16,0,0,1,0,8,1,1,1,6,1,26,6,1781,1,15,-1,1,-1
201697UC02908,1,9,0,18,0,0,0,0,0,0,1,1,6,1,27,6,1587,1,12,-1,3,-1
201697UC02908,2,9,0,3,0,0,0,0,0,0,2,1,6,2,58,9,1496,2,1,-1,2,-1
201697UC02908,3,9,0,3,0,0,0,0,0,0,2,1,6,2,69,10,1598,1,8,-1,1,-1
201697UC02911,1,9,0,18,0,0,0,4,0,0,1,1,2,1,38,7,-1,-1,-1,-1,1,-1
201697UC02911,2,9,0,10,0,0,0,0,0,0,2,1,6,1,29,6,1618,1,-1,-1,-1,-1
201697UC02912,1,9,0,18,0,0,0,0,0,0,1,1,1,2,47,8,1560,2,3,-1,1,-1