Accident_Index,Vehicle_Reference,Vehicle_Type,Towing_and_Articulation,Vehicle_Manoeuvre,Vehicle_Location-Restricted_Lane,Junction_Location,Skidding_and_Overturning,Hit_Object_in_Carriageway,Vehicle_Leaving_Carriageway,Hit_Object_off_Carriageway,1st_Point_of_Impact,Was_Vehicle_Left_Hand_Drive?,Journey_Purpose_of_Driver,Sex_of_Driver,Age_of_Driver,Age_Band_of_Driver,Engine_Capacity_(CC),Propulsion_Code,Age_of_Vehicle,Driver_IMD_Decile,Driver_Home_Area_Type,Vehicle_IMD_Decile
201697UC02912,2,9,0,18,0,0,0,0,0,0,2,1,1,2,28,6,1395,1,-1,-1,-1,-1
201697UC03001,1,9,0,9,0,2,0,0,0,0,1,1,6,2,58,9,1199,1,13,-1,-1,-1
201697UC03001,2,9,0,7,0,2,0,0,0,0,4,1,6,2,27,6,1956,2,3,-1,1,-1
201697UC03212,1,9,0,18,0,0,5,0,0,0,1,1,6,2,53,8,-1,-1,-1,-1,2,-1
201697UC03212,2,9,0,18,0,0,0,0,0,0,2,1,6,2,43,7,1399,1,8,-1,2,-1
201697UC03401,1,9,0,5,0,6,0,0,0,0,3,1,2,2,43,7,2000,2,11,-1,2,-1
201697UC03401,2,9,0,18,0,1,0,0,0,0,4,1,2,2,43,7,1598,1,13,-1,1,-1
201697UC03403,1,9,0,16,0,4,0,9,0,7,1,1,6,2,30,6,-1,-1,-1,-1,1,-1
201697UC03406,1,19,0,14,0,8,0,0,7,9,1,1,1,1,38,7,2198,2,1,-1,1,-1
201697UC03406,2,9,0,18,0,8,0,0,0,0,1,1,6,1,50,8,1108,1,13,-1,2,-1
201697UC03406,3,9,0,10,0,1,0,0,0,0,0,1,6,1,35,6,2993,2,4,-1,1,-1
201697UC03406,4,9,0,18,0,8,0,0,0,0,1,1,6,2,24,5,1598,2,3,-1,2,-1
201697UC03510,1,19,0,18,0,0,0,0,0,0,1,1,2,1,32,6,1248,2,-1,-1,1,-1
201697UC03510,2,9,0,18,0,0,0,0,0,0,2,1,2,2,47,8,1395,1,1,-1,3,-1
201697UC03602,1,9,0,18,0,1,0,0,0,0,3,1,6,1,68,10,1461,2,2,-1,2,-1
201697UC03703,1,9,0,18,0,0,0,0,0,0,1,1,6,2,60,9,1199,1,15,-1,3,-1
201697UC03703,2,9,0,4,0,0,0,0,0,0,2,1,6,2,28,6,1396,1,5,-1,1,-1
201697UC03803,1,9,0,18,0,0,1,0,0,10,1,1,6,1,43,7,1991,2,12,-1,3,-1
201697UC03803,2,9,0,18,0,0,1,0,0,10,1,1,6,2,48,8,1582,2,3,-1,3,-1
201697UC03803,3,9,0,18,0,0,0,6,0,0,1,1,6,1,27,6,1248,2,1,-1,1,-1
201697UC03912,1,9,0,9,0,2,0,0,0,0,1,1,6,2,30,6,1796,1,10,-1,1,-1
201697UC04211,1,9,0,1,0,0,0,4,0,0,2,1,6,3,-1,-1,-1,-1,-1,-1,-1,-1
201697UC04211,2,9,0,2,9,0,0,0,0,0,1,1,6,2,32,6,998,1,14,-1,3,-1
201697UC04310,1,9,0,7,0,1,1,0,0,0,1,1,6,3,-1,-1,1948,1,15,-1,-1,-1
201697UC04310,2,8,0,18,0,1,0,0,0,0,3,1,1,1,57,9,1582,2,4,-1,1,-1
201697UC04510,1,9,0,5,0,8,0,0,0,0,1,1,1,1,25,5,1794,1,12,-1,-1,-1
201697UC04510,2,9,0,5,0,8,0,0,0,0,3,1,2,2,37,7,1798,1,4,-1,1,-1
201697UC04510,3,9,0,5,0,8,0,0,0,0,2,1,6,2,29,6,1796,1,10,-1,-1,-1
201697UC04611,1,9,0,18,0,0,0,0,0,0,1,1,2,2,53,8,1240,1,8,-1,1,-1
201697UC04611,2,9,0,3,0,0,0,0,0,0,2,1,2,1,18,4,1242,1,1,-1,1,-1
201697UC04611,3,9,0,3,0,0,0,0,0,0,2,1,2,2,36,7,1497,1,14,-1,2,-1
201697UC04611,4,9,0,3,0,0,0,0,0,0,2,1,2,2,32,6,1796,1,11,-1,3,-1
201697UC05011,1,9,0,6,0,0,0,0,0,0,4,1,3,2,41,7,1242,1,3,-1,3,-1
201697UC05011,2,9,0,18,0,0,0,0,0,0,3,1,2,1,29,6,1686,2,13,-1,1,-1
201697UC05011,3,9,0,3,0,0,0,0,0,0,3,1,6,1,73,10,1248,2,7,-1,2,-1
201697UC05411,1,9,0,9,0,8,0,0,0,0,3,1,6,1,46,8,1956,2,6,-1,1,-1
201697UC40105,1,9,0,16,0,0,2,0,1,1,2,1,6,2,41,7,1229,1,11,-1,3,-1
201697UC40106,1,1,0,18,0,1,0,0,0,0,0,1,6,1,33,6,-1,-1,-1,-1,-1,-1
201697UC40106,2,19,0,18,0,1,0,0,0,0,0,1,6,1,22,5,1995,2,3,-1,2,-1
201697UC40112,1,9,0,17,0,0,1,0,1,11,4,1,2,2,21,5,998,1,12,-1,-1,-1
201697UC40205,1,9,0,16,0,0,0,0,1,0,1,1,6,1,60,9,2401,2,13,-1,3,-1
201697UC40210,1,9,0,4,0,1,1,0,0,0,1,1,1,1,31,6,-1,-1,-1,-1,1,-1
201697UC40210,2,9,0,3,0,1,0,0,0,0,2,1,1,1,64,9,-1,-1,-1,-1,1,-1
201697UC40302,1,9,0,18,0,1,0,0,0,0,1,1,6,2,71,10,998,1,6,-1,3,-1
201697UC40302,2,9,0,10,0,5,0,0,0,0,2,1,6,1,36,7,1910,2,8,-1,2,-1
201697UC40304,1,9,0,9,0,1,0,0,0,0,4,1,6,1,76,11,1198,1,2,-1,3,-1
201697UC40304,2,9,0,8,0,1,0,0,0,0,4,1,1,2,62,9,998,1,3,-1,2,-1
201697UC40305,1,9,0,16,0,0,0,0,1,0,1,1,6,1,41,7,1560,2,10,-1,2,-1
201697UC40403,1,9,0,3,0,0,0,0,0,0,1,1,6,2,63,9,1198,1,1,-1,3,-1
201697UC40403,2,9,0,3,0,0,0,0,0,0,2,1,6,2,25,5,1896,2,14,-1,3,-1
201697UC40405,1,9,0,16,0,0,0,0,1,0,1,1,6,2,45,7,1240,1,8,-1,1,-1
201697UC40406,1,9,0,17,0,0,1,0,7,10,1,1,2,1,28,6,998,1,2,-1,2,-1
201697UC40411,1,9,0,9,2,8,0,0,0,0,4,1,2,2,26,6,1461,2,1,-1,1,-1
201697UC40411,2,9,0,3,0,8,0,0,0,0,4,1,2,2,25,5,1595,2,6,-1,2,-1
201697UC40503,1,9,0,17,0,0,1,0,0,0,1,1,6,2,18,4,1398,1,2,-1,3,-1
201697UC40506,1,9,0,17,0,0,5,0,1,11,4,1,6,1,26,6,1390,1,5,-1,2,-1
201697UC40510,1,9,0,16,0,0,1,0,0,0,3,1,1,1,46,8,-1,-1,-1,-1,-1,-1
201697UC40510,2,21,0,17,0,0,0,0,0,9,1,1,1,1,50,8,12740,2,6,-1,2,-1
201697UC40512,1,9,0,18,0,6,0,0,3,11,3,1,1,1,30,6,-1,-1,-1,-1,3,-1
201697UC40512,2,9,0,18,0,1,0,0,0,0,1,1,6,2,72,10,998,1,7,-1,-1,-1
201697UC40601,1,9,0,5,0,4,0,0,0,0,1,1,2,1,38,7,2183,2,4,-1,2,-1
201697UC40601,2,9,0,5,0,4,0,0,0,0,1,1,2,1,52,8,1994,1,20,-1,2,-1
201697UC40602,1,9,0,18,0,0,0,0,0,0,1,1,2,2,24,5,1198,1,5,-1,1,-1
201697UC40602,2,20,0,5,0,0,0,0,0,0,2,1,1,1,34,6,2143,2,2,-1,1,-1
201697UC40602,3,9,0,5,0,0,0,0,0,0,2,1,2,1,36,7,1596,1,1,-1,1,-1
201697UC40604,1,9,0,9,0,1,0,0,0,0,0,1,6,1,67,10,1248,2,4,-1,3,-1
201697UC40604,2,9,0,18,0,1,0,0,0,0,1,1,6,2,36,7,1560,2,5,-1,3,-1
201697UC40605,1,5,0,2,0,0,0,0,0,0,1,1,6,3,35,6,748,1,23,-1,2,-1
201697UC40605,2,9,0,18,0,0,0,11,7,0,1,1,6,2,21,5,996,1,2,-1,1,-1
201697UC40607,1,9,0,5,0,6,0,0,0,0,3,1,6,2,19,4,1242,1,3,-1,3,-1
201697UC40607,2,9,0,18,0,1,0,0,0,0,1,1,6,1,60,9,2231,2,1,-1,3,-1
201697UC40610,1,19,0,18,0,1,0,0,0,0,1,1,1,1,39,7,2198,2,4,-1,3,-1
201697UC40610,2,9,0,4,0,1,0,0,0,0,2,1,1,2,26,6,1598,2,3,-1,1,-1
201697UC40610,3,21,0,10,0,1,0,0,0,0,2,1,1,1,52,8,-1,-1,-1,-1,1,-1
201697UC40704,1,9,0,9,0,8,0,0,0,0,4,1,6,2,66,10,1329,1,3,-1,2,-1
201697UC40704,2,9,0,18,0,1,1,0,1,0,3,1,2,2,53,8,998,1,8,-1,1,-1
201697UC40705,1,9,0,18,0,0,5,0,1,11,1,1,6,2,38,7,1598,1,10,5,1,5
201697UC40706,1,20,0,17,8,0,1,0,7,9,3,1,1,1,51,8,4462,2,3,-1,1,-1
201697UC40708,1,9,0,18,0,1,0,0,0,0,1,1,6,2,69,10,1598,1,2,-1,-1,-1
201697UC40710,1,9,0,18,0,0,1,0,1,10,4,1,2,2,28,6,1242,1,3,-1,3,-1
201697UC40801,1,9,0,18,0,0,0,10,1,0,4,1,6,1,40,7,1299,1,17,-1,2,-1
201697UC40803,1,9,0,18,0,8,0,0,0,0,1,1,2,2,31,6,1587,1,13,-1,3,-1
201697UC40803,2,9,0,9,0,8,0,0,0,0,3,1,1,1,48,8,-1,-1,-1,-1,1,-1
201697UC40808,1,9,0,4,0,0,0,0,0,0,2,1,6,1,29,6,1499,2,-1,-1,1,-1
201697UC40808,2,9,0,3,0,0,0,0,0,0,2,1,6,2,19,4,1198,1,12,-1,-1,-1
201697UC40808,3,9,0,3,0,0,0,0,0,0,2,1,6,2,29,6,1242,1,2,-1,1,-1
201697UC40808,4,9,0,3,0,0,0,0,0,0,1,1,6,1,20,4,1390,1,4,-1,2,-1
201697UC41003,1,9,0,9,0,8,0,0,0,0,1,1,2,1,20,4,1397,1,4,-1,-1,-1
201697UC41003,2,9,0,18,0,8,0,0,0,0,1,1,2,2,58,9,998,1,1,-1,3,-1
201697UC41005,1,9,0,18,0,6,0,0,0,0,3,1,6,2,44,7,1341,1,11,-1,2,-1
201697UC41005,2,9,0,17,0,1,0,0,0,0,1,1,6,2,60,9,1198,1,4,-1,1,-1
201697UC41011,1,9,0,5,0,1,0,0,0,0,0,1,6,1,33,6,1229,1,7,-1,2,-1
201697UC41011,2,9,0,18,0,1,0,0,0,0,0,1,6,2,25,5,-1,-1,-1,-1,-1,-1
201697UC41101,1,9,0,18,0,0,0,0,0,0,1,1,6,1,89,11,1560,2,8,-1,3,-1
201697UC41101,2,9,0,10,0,0,0,0,0,0,2,1,6,2,22,5,1753,2,13,-1,3,-1
201697UC41101,3,9,0,18,0,0,0,0,0,0,2,1,6,1,44,7,1598,1,3,-1,1,-1
201697UC41102,1,9,0,7,9,3,0,0,8,0,3,1,6,2,40,7,1229,1,10,-1,-1,-1
201697UC41103,1,9,0,18,0,0,0,0,0,0,1,1,6,2,28,6,1386,1,8,-1,3,-1
201697UC41204,1,8,0,4,0,0,0,0,0,0,0,1,1,1,60,9,1997,2,1,-1,2,-1
201697UC41205,1,9,0,18,0,0,0,0,0,0,1,1,6,1,17,4,973,1,14,-1,3,-1
201697UC41211,1,9,0,5,0,0,0,0,0,0,3,1,2,2,25,5,1149,1,15,-1,3,-1
201697UC41211,2,9,0,16,0,0,1,0,0,0,1,1,6,2,52,8,-1,-1,-1,-1,3,-1
201697UC41301,1,9,0,16,0,0,2,0,1,11,1,1,6,1,17,4,1560,2,5,-1,2,-1
201697UC41303,1,9,0,16,0,0,2,0,7,10,4,1,6,1,21,5,1598,1,9,-1,2,-1
201697UC41402,1,19,0,9,0,8,0,0,0,0,1,1,1,1,33,6,2198,2,1,-1,-1,-1
201697UC41402,2,9,0,18,0,1,0,0,1,0,1,1,6,2,63,9,2199,2,1,-1,3,-1
201697UC41408,1,5,0,15,0,5,1,0,0,0,1,1,6,1,46,8,599,1,11,-1,3,-1
201697UC41408,2,9,0,9,0,5,0,0,0,0,3,1,2,2,26,6,1149,1,7,-1,2,-1
201697UC41505,1,9,0,16,0,0,1,0,1,0,1,1,6,1,45,7,1839,1,12,-1,3,-1
201697UC41608,1,21,1,18,0,1,0,0,0,0,2,1,1,1,45,7,12809,2,3,1,1,1
201697UC41608,2,9,0,3,0,1,0,0,0,0,0,1,6,2,45,7,1598,1,6,-1,2,-1
201697UC41801,1,9,0,17,0,0,2,0,1,11,1,1,6,2,37,7,1242,1,9,-1,3,-1
201697UC41805,1,9,0,17,0,0,2,0,7,0,4,1,6,2,54,8,1461,2,8,-1,-1,-1
201697UC41808,1,9,0,18,0,0,0,0,0,0,3,1,6,2,49,8,1598,1,11,-1,-1,-1
201697UC41808,2,9,0,18,0,0,0,0,1,0,3,1,6,2,58,9,1229,1,6,-1,1,-1
201697UC42101,1,9,0,17,0,0,1,6,1,11,1,1,6,2,23,5,1199,1,13,-1,3,-1
201697UC70102,1,9,0,10,0,1,0,0,0,0,4,1,6,1,37,7,1968,2,3,-1,2,-1
201697UC70102,2,9,0,18,0,6,0,0,0,0,1,1,2,1,53,8,1984,2,4,-1,2,-1
201697UC70103,1,9,0,13,0,0,1,0,1,10,1,1,3,1,40,7,1598,1,14,-1,1,-1
201697UC70107,1,9,0,18,0,0,0,0,7,11,1,1,6,2,74,10,1328,1,9,-1,2,-1
201697UC70107,2,9,0,18,0,0,0,0,0,0,1,1,6,2,89,11,998,1,3,-1,2,-1
201697UC70110,1,9,0,18,0,0,5,0,7,10,1,1,6,1,18,4,1229,1,3,-1,-1,-1
201697UC70201,1,9,0,18,0,0,0,0,0,0,2,1,2,1,32,6,1968,2,4,-1,2,-1
201697UC70201,2,9,0,18,0,0,0,0,0,0,1,1,2,1,42,7,1995,2,10,-1,3,-1
201697UC70201,3,9,0,18,0,0,0,0,0,0,1,1,2,1,24,5,1596,1,9,-1,3,-1
201697UC70201,4,9,0,18,0,0,0,0,0,0,3,1,6,2,36,7,1685,2,3,-1,1,-1
201697UC70201,5,9,0,18,0,0,0,0,0,0,3,1,6,1,28,6,1968,2,3,-1,1,-1
201697UC70206,1,9,0,5,0,2,0,0,0,0,3,1,6,1,60,9,1598,2,6,-1,1,-1
201697UC70206,2,5,0,16,0,1,1,0,1,0,1,1,6,1,23,5,899,1,17,-1,1,-1
201697UC70207,1,9,0,17,0,0,0,0,0,0,4,1,6,2,60,9,1339,1,3,-1,1,-1
201697UC70209,1,11,0,18,0,1,0,0,0,0,1,1,1,1,54,8,6871,2,6,-1,1,-1
201697UC70210,1,11,0,18,9,8,5,10,1,2,4,1,1,1,47,8,9500,2,15,-1,2,-1
201697UC70212,1,9,0,5,0,2,0,0,0,0,4,1,6,2,47,8,1390,1,11,-1,1,-1
201697UC70212,2,9,0,18,0,1,0,0,0,0,1,1,6,2,25,5,1560,2,1,-1,-1,-1
201697UC70301,1,9,0,7,0,6,0,0,0,0,1,1,6,1,20,4,1398,1,2,-1,1,-1
201697UC70301,2,9,0,18,0,1,0,0,1,11,4,1,6,2,68,10,1582,2,4,-1,2,-1
201697UC70306,1,9,0,18,0,0,5,0,2,7,4,1,6,2,48,8,1149,1,4,-1,-1,-1
201697UC70308,1,1,0,2,0,4,0,0,0,0,1,1,6,1,52,8,-1,-1,-1,-1,3,-1
201697UC70308,2,9,0,8,0,4,0,0,0,0,3,1,6,2,26,6,998,1,5,-1,1,-1
201697UC70309,1,5,0,18,0,0,0,0,1,0,4,1,6,1,26,6,599,1,19,-1,1,-1
201697UC70309,2,21,0,18,0,0,0,0,0,0,3,1,1,1,40,7,7146,2,3,-1,2,-1
201697UC70309,3,20,1,2,6,0,0,0,0,0,3,1,1,1,55,8,-1,-1,-1,4,2,4
201697UC70310,1,9,0,18,0,0,0,0,1,10,4,1,6,1,36,7,1339,1,-1,-1,1,-1
201697UC70401,1,9,0,17,0,0,5,0,7,0,3,1,1,1,21,5,1364,1,10,-1,2,-1
201697UC70402,1,9,0,13,0,0,0,0,0,0,1,1,6,1,40,7,-1,-1,-1,-1,3,-1
201697UC70402,2,9,0,13,0,0,0,0,0,0,1,1,1,1,24,5,-1,-1,-1,-1,1,-1
201697UC70402,3,9,0,18,0,0,0,0,0,0,1,1,6,1,56,9,1997,2,3,-1,2,-1
201697UC70403,1,9,0,18,0,0,1,0,1,3,1,1,6,1,28,6,1396,1,12,-1,2,-1
201697UC70406,1,9,0,18,0,0,0,0,0,0,1,1,1,1,31,6,1598,2,1,-1,1,-1
201697UC70406,2,9,0,18,0,0,0,0,0,0,2,1,6,2,19,4,1398,1,-1,-1,1,-1
201697UC70406,3,9,0,18,0,0,0,0,0,0,2,1,6,1,36,7,1598,2,6,-1,-1,-1
201697UC70407,1,9,0,13,0,0,1,0,7,4,1,1,2,1,23,5,1596,1,2,-1,1,-1
201697UC70407,2,9,0,18,0,0,0,0,0,0,3,1,6,2,41,7,-1,-1,-1,-1,1,-1
201697UC70407,3,9,0,18,0,0,1,0,0,0,3,1,2,2,61,9,-1,-1,-1,-1,2,-1
201697UC70407,4,21,1,18,0,0,0,0,0,0,3,1,1,1,27,6,12777,2,1,-1,3,-1
201697UC70407,5,9,0,18,0,0,1,0,0,0,0,1,6,1,23,5,1968,2,2,-1,3,-1
201697UC70408,1,5,0,16,0,0,5,0,8,11,1,1,6,1,23,5,1135,1,31,-1,2,-1
201697UC70409,1,9,0,6,0,2,0,0,0,0,3,1,6,1,20,4,1229,1,9,-1,2,-1
201697UC70409,2,9,0,13,0,2,0,0,7,0,1,1,6,1,64,9,1499,2,-1,-1,-1,-1
201697UC70410,1,9,0,18,0,0,0,0,0,0,1,1,2,1,26,6,-1,-1,-1,-1,1,-1
201697UC70410,2,9,0,18,0,0,0,0,0,0,2,1,1,1,40,7,1499,2,-1,-1,3,-1
201697UC70412,1,9,0,15,0,0,0,0,0,0,1,1,6,1,19,4,-1,-1,-1,-1,1,-1
201697UC70412,2,9,0,18,0,0,0,0,0,0,2,1,1,1,46,8,-1,-1,-1,-1,1,-1
201697UC70501,1,9,0,16,0,0,0,0,7,11,1,1,6,1,23,5,1497,8,6,-1,1,-1
201697UC70511,1,9,0,18,0,4,0,0,0,0,3,1,1,1,39,7,-1,-1,-1,-1,3,-1
201697UC70511,2,1,0,18,0,8,0,0,0,0,3,1,6,1,15,3,-1,-1,-1,-1,3,-1
201697UC70512,1,19,0,18,0,0,0,0,1,2,4,1,1,1,31,6,2402,2,14,-1,-1,-1
201697UC70605,1,9,0,13,0,8,0,0,0,0,4,1,6,2,23,5,1461,2,1,-1,3,-1
201697UC70605,2,9,0,9,0,8,0,0,0,0,3,1,6,1,54,8,1461,2,6,-1,1,-1
201697UC70606,1,9,0,18,0,1,1,0,2,7,1,1,2,2,31,6,1399,2,10,-1,3,-1
201697UC70607,1,9,0,17,0,0,5,0,1,0,4,1,2,2,22,5,1560,2,1,-1,1,-1
201697UC70609,1,11,0,5,0,1,0,0,0,0,1,1,1,1,31,6,4500,2,3,-1,1,-1
201697UC70609,2,9,0,3,0,1,0,0,0,0,2,1,6,1,65,9,3226,2,14,-1,3,-1
201697UC70612,1,9,0,12,0,1,0,0,0,0,1,1,1,1,23,5,1390,1,3,-1,-1,-1
201697UC70704,1,9,0,7,0,2,0,0,0,0,1,1,2,2,19,4,1149,1,5,-1,1,-1
201697UC70704,2,19,0,18,0,2,1,0,0,0,4,1,1,1,39,7,2198,2,1,-1,1,-1
201697UC70705,1,9,0,18,0,0,0,0,0,0,1,1,6,1,45,7,1998,1,8,-1,1,-1
201697UC70705,2,9,0,18,0,0,0,0,0,0,1,1,6,2,35,6,2191,2,-1,-1,1,-1
201697UC70706,1,9,0,14,0,0,0,0,0,0,1,1,1,2,43,7,1497,8,4,-1,3,-1
201697UC70706,2,9,0,18,0,0,0,0,0,0,1,1,1,2,32,6,1896,2,11,-1,3,-1
201697UC70706,3,9,0,4,0,0,0,0,0,0,1,1,1,2,36,7,1364,1,1,-1,1,-1
201697UC70706,4,20,0,3,0,0,0,0,0,0,0,1,1,1,61,9,4580,2,8,-1,1,-1
201697UC70707,1,19,0,18,0,4,0,0,0,0,1,1,1,1,35,6,2143,2,2,-1,1,-1
201697UC70707,2,5,0,18,0,4,0,0,0,0,2,1,6,1,64,9,599,1,8,-1,3,-1
201697UC70806,1,9,0,5,0,6,0,0,0,0,3,1,6,2,35,6,1998,1,1,-1,1,-1
201697UC70806,2,9,0,16,0,1,0,0,7,0,1,1,6,2,57,9,1242,1,2,-1,2,-1
201697UC70811,1,9,0,18,0,0,0,0,0,0,3,1,3,1,17,4,1396,1,13,-1,-1,-1
201697UC70906,1,9,4,18,7,0,2,0,1,0,1,1,1,1,54,8,-1,-1,-1,-1,1,-1
201697UC70909,1,20,0,4,0,0,1,2,0,1,1,1,1,1,64,9,4461,2,5,-1,1,-1
201697UC70909,2,9,0,3,0,0,1,0,0,0,2,1,6,1,66,10,1796,1,13,-1,1,-1
201697UC71002,1,9,0,18,0,0,1,0,0,0,1,1,1,1,18,4,-1,-1,-1,-1,1,-1
201697UC71002,2,9,0,18,0,0,0,0,0,0,3,1,6,1,75,10,1229,1,3,-1,1,-1
201697UC71005,1,9,0,12,0,0,1,0,4,6,3,1,2,1,29,6,1390,1,14,-1,-1,-1
201697UC71005,2,19,0,18,0,0,0,0,0,0,4,1,1,1,29,6,1598,2,1,-1,-1,-1
201697UC71005,3,9,0,18,0,0,2,0,1,0,1,1,2,1,23,5,1149,1,9,-1,1,-1
201697UC71006,1,11,0,18,0,0,0,0,0,0,1,1,1,1,46,8,9000,2,6,-1,1,-1
201697UC71006,2,19,0,2,0,0,0,0,0,0,2,1,1,1,55,8,1995,2,6,-1,-1,-1
201697UC71011,1,9,0,10,0,6,0,0,0,0,1,1,1,2,58,9,1461,2,1,-1,-1,-1
201697UC71011,2,9,0,8,0,5,0,0,0,0,3,1,6,2,50,8,1781,1,9,-1,3,-1
201697UC71012,1,9,0,18,0,0,5,7,1,10,1,1,6,1,63,9,1398,2,9,-1,2,-1
201697UC71105,1,9,0,7,0,2,5,0,1,1,1,1,2,2,18,4,1198,1,9,-1,-1,-1
201697UC71106,1,9,0,18,0,0,0,0,8,4,1,1,2,1,31,6,1229,1,10,-1,3,-1
201697UC71112,1,9,0,18,0,0,0,0,0,0,1,1,6,2,19,4,1390,1,3,-1,3,-1
201697UC71205,1,9,0,16,0,0,0,0,2,7,1,1,6,2,23,5,1242,1,9,-1,1,-1
201697UC71205,2,9,0,16,0,0,0,0,0,0,3,1,6,1,32,6,1968,2,2,-1,1,-1
201697UD00103,1,9,0,18,0,8,0,0,0,0,4,1,6,1,81,11,1299,1,9,-1,1,-1
201697UD00103,2,9,0,5,0,8,0,0,0,0,1,1,6,2,43,7,998,1,3,-1,1,-1
201697UD00103,3,9,0,7,0,8,0,0,0,0,4,1,6,2,71,10,1968,2,1,-1,1,-1
201697UD00203,1,9,0,4,0,0,0,0,0,0,1,1,6,2,54,8,1398,2,5,-1,1,-1
201697UD00203,2,9,0,3,0,0,0,0,0,0,2,1,6,2,21,5,998,1,4,-1,1,-1
201697UD00203,3,9,0,3,0,0,0,0,0,0,2,1,6,2,28,6,1598,1,4,-1,1,-1
201697UD00204,1,9,0,18,0,3,0,0,0,0,1,1,6,1,55,8,1995,2,3,-1,1,-1
201697UD00204,2,9,0,3,0,3,0,0,0,0,2,1,6,2,60,9,1560,2,6,-1,1,-1
201697UD00307,1,9,0,9,0,3,0,10,0,0,3,1,6,2,32,6,1198,1,6,-1,1,-1
201697UD00307,2,9,0,9,0,3,0,10,0,0,1,1,1,2,26,6,1120,2,4,-1,1,-1
201697UD00310,1,9,0,18,0,8,0,0,0,0,1,1,6,1,19,4,1968,2,4,-1,1,-1
201697UD00310,2,9,0,18,0,8,0,0,0,0,4,1,6,1,65,9,1798,1,9,-1,1,-1
201697UD00310,3,9,0,10,0,2,0,0,0,0,1,1,6,1,64,9,1995,2,1,-1,3,-1
201697UD00402,1,9,0,18,0,8,0,0,7,11,1,1,6,1,76,11,2720,2,10,-1,3,-1
201697UD00402,2,9,0,18,0,1,0,0,0,0,3,1,6,1,24,5,1198,1,3,-1,3,-1
201697UD00504,1,9,0,3,0,0,0,0,0,0,2,1,1,2,35,6,1595,1,8,-1,2,-1
201697UD00504,2,9,0,3,0,0,0,0,0,0,2,1,6,1,70,10,1560,2,11,-1,1,-1
201697UD00504,3,9,0,2,0,0,0,0,0,0,2,1,6,1,79,11,1086,1,6,-1,1,-1
201697UD00504,4,9,0,2,0,0,0,0,0,0,2,1,1,1,40,7,1598,2,-1,-1,-1,-1
201697UD00506,1,9,0,9,0,2,0,0,0,0,1,1,2,2,67,10,1199,1,13,-1,1,-1
201697UD00507,1,8,0,6,0,0,0,0,0,0,3,1,1,2,51,8,1598,2,-1,-1,1,-1
201697UD00507,2,9,0,18,0,0,1,0,0,0,1,1,6,2,24,5,1246,1,9,-1,1,-1
201697UD00509,1,1,0,17,0,0,0,0,0,0,2,1,6,1,51,8,-1,-1,-1,-1,1,-1
201697UD00509,2,17,4,4,0,0,0,0,0,0,2,1,1,1,48,8,-1,-1,-1,-1,-1,-1
201697UD00601,1,9,0,2,6,0,0,0,0,0,3,1,6,1,41,7,1299,1,12,-1,1,-1
201697UD00601,2,11,0,4,0,0,0,0,0,0,4,1,1,1,28,6,4500,2,4,-1,1,-1
201697UD00604,1,9,0,18,0,1,0,0,0,0,1,1,6,1,28,6,1998,2,11,-1,3,-1
201697UD00604,2,9,0,3,0,1,0,0,0,0,2,1,6,2,69,10,2231,2,-1,-1,1,-1
201697UD00606,1,11,0,5,0,0,0,0,0,0,1,1,6,1,46,8,4500,2,3,-1,2,-1
201697UD00709,1,9,0,18,0,8,0,0,0,0,4,1,6,1,50,8,1598,2,3,-1,3,-1
201697UD00802,1,9,0,5,0,1,0,0,0,0,1,1,6,1,70,10,1995,2,-1,-1,1,-1
201697UD00802,2,9,0,18,0,8,0,0,0,0,3,1,6,2,52,8,1995,2,3,-1,1,-1
201697UD01006,1,9,0,18,0,0,0,0,0,0,1,1,6,2,22,5,1328,1,9,-1,1,-1
201697UD01006,2,9,0,2,0,0,0,0,0,0,4,1,6,1,28,6,-1,-1,-1,-1,1,-1
201697UD01008,1,9,0,18,0,1,0,0,0,0,1,1,6,2,60,9,2401,2,8,-1,1,-1
201697UD01008,2,9,0,18,0,1,0,0,0,0,2,1,6,1,54,8,999,1,4,-1,1,-1
201697UD01101,1,19,0,17,0,0,1,0,0,0,1,1,1,1,24,5,-1,-1,-1,-1,2,-1
201697UD01101,2,9,0,17,0,0,1,0,0,0,1,1,2,2,35,6,1229,1,2,-1,2,-1
201697UD01101,3,9,0,17,0,0,1,0,1,11,2,1,2,1,46,8,2261,1,6,-1,2,-1
201697UD01102,1,9,0,6,0,0,0,0,0,0,3,1,3,2,27,6,1956,2,5,-1,1,-1
201697UD01102,2,9,0,16,0,0,0,0,0,0,4,1,1,1,24,5,1198,1,2,-1,1,-1
201697UD01106,1,9,0,18,0,4,0,0,0,0,1,1,6,1,72,10,998,1,3,-1,1,-1
201697UD01106,2,1,0,17,0,3,0,0,0,0,3,1,6,1,54,8,-1,-1,-1,-1,1,-1
201697UD01202,1,19,0,17,6,0,1,0,1,0,1,1,1,1,23,5,2198,2,3,-1,3,-1
201697UD01202,2,9,0,18,0,0,0,0,0,0,1,1,1,1,65,9,-1,-1,-1,-1,3,-1
201697UD01203,1,90,5,17,0,0,0,0,0,0,0,1,6,3,-1,-1,-1,-1,-1,-1,-1,-1
201697UD01203,2,10,0,16,0,0,0,0,0,0,1,1,4,2,33,6,2300,2,11,-1,3,-1
201697UD01206,1,9,0,16,0,6,0,0,0,0,1,1,6,2,31,6,1560,2,3,-1,1,-1
201697UD01206,2,9,0,18,0,1,0,0,0,0,4,1,6,1,42,7,1910,2,10,-1,1,-1
201697UD01301,1,9,0,18,0,0,0,7,0,0,1,1,6,1,19,4,1598,1,10,-1,2,-1