Accident_Index,Vehicle_Reference,Vehicle_Type,Towing_and_Articulation,Vehicle_Manoeuvre,Vehicle_Location-Restricted_Lane,Junction_Location,Skidding_and_Overturning,Hit_Object_in_Carriageway,Vehicle_Leaving_Carriageway,Hit_Object_off_Carriageway,1st_Point_of_Impact,Was_Vehicle_Left_Hand_Drive?,Journey_Purpose_of_Driver,Sex_of_Driver,Age_of_Driver,Age_Band_of_Driver,Engine_Capacity_(CC),Propulsion_Code,Age_of_Vehicle,Driver_IMD_Decile,Driver_Home_Area_Type,Vehicle_IMD_Decile
201697UD01303,1,9,0,18,0,4,1,9,0,0,1,1,6,2,19,4,1242,1,5,-1,1,-1
201697UD01303,2,9,0,3,0,4,0,0,0,0,3,1,1,1,23,5,-1,-1,-1,-1,3,-1
201697UD01306,1,9,0,1,0,1,0,0,0,0,2,1,6,1,20,4,-1,-1,-1,-1,1,-1
201697UD01403,1,9,0,3,0,8,0,0,0,0,2,1,6,1,18,4,1399,2,5,-1,3,-1
201697UD01403,2,9,0,3,0,8,0,0,0,0,0,1,6,1,46,8,1685,2,1,-1,2,-1
201697UD01407,1,9,0,17,0,0,0,0,2,10,1,1,2,2,51,8,2700,2,20,-1,-1,-1
201697UD01407,2,9,0,16,0,0,0,0,0,0,1,1,6,3,-1,-1,-1,-1,-1,-1,-1,-1
201697UD01505,1,9,0,9,0,1,0,0,0,0,1,1,6,1,79,11,1598,1,9,-1,3,-1
201697UD01505,2,9,0,18,0,1,0,0,0,0,3,1,6,1,49,8,1783,1,13,-1,3,-1
201697UD01506,1,9,0,6,5,1,0,0,0,0,3,1,6,1,70,10,-1,-1,-1,-1,-1,-1
201697UD01506,2,9,0,13,0,5,0,0,0,0,4,1,6,1,65,9,-1,-1,-1,-1,3,-1
201697UD01507,1,9,0,16,0,0,1,0,0,0,0,1,6,2,24,5,1248,2,10,-1,1,-1
201697UD01602,1,9,0,9,0,8,0,0,0,0,1,1,6,2,42,7,996,1,4,-1,1,-1
201697UD01602,2,9,0,18,0,8,0,0,0,0,1,1,6,1,78,11,1242,1,1,-1,1,-1
201697UD01604,1,9,0,18,0,0,0,0,0,0,1,1,6,2,54,8,1364,1,9,-1,2,-1
201697UD01604,2,21,0,15,0,0,0,0,0,0,3,1,6,1,50,8,12809,2,3,-1,-1,-1
201697UD01605,1,9,0,18,0,0,0,0,0,0,3,1,6,3,-1,-1,-1,-1,-1,-1,-1,-1
201697UD01607,1,9,0,13,0,2,1,0,7,11,1,1,6,1,24,5,1975,1,10,-1,1,-1
201697UD01611,1,9,0,7,8,6,0,0,0,0,4,1,1,2,19,4,1246,1,9,-1,3,-1
201697UD01611,2,9,0,5,0,5,0,0,0,0,4,1,1,1,32,6,1598,2,-1,-1,-1,-1
201697UD01711,1,1,0,18,0,1,0,0,0,0,1,1,4,1,16,4,-1,-1,-1,-1,1,-1
201697UD01711,2,9,0,5,0,2,0,0,0,0,3,1,3,2,36,7,1796,1,5,-1,1,-1
201697UD01803,1,9,0,18,0,0,0,0,0,0,3,1,6,2,56,9,998,1,6,-1,3,-1
201697UD01805,1,9,0,16,0,0,2,10,2,9,1,1,6,1,21,5,1896,2,13,-1,1,-1
201697UD01809,1,1,0,7,0,1,0,0,0,0,1,1,6,2,49,8,-1,-1,-1,-1,-1,-1
201697UD01809,2,9,0,9,0,1,0,0,0,0,1,1,6,1,51,8,2597,1,12,-1,-1,-1
201697UD01812,1,11,0,18,0,0,0,0,0,0,2,1,1,1,-1,-1,6871,2,8,-1,1,-1
201697UD01902,1,9,0,16,0,0,0,0,0,0,0,1,6,2,75,10,-1,-1,-1,-1,2,-1
201697UD01902,2,9,0,17,0,0,0,0,0,0,0,1,6,1,56,9,1596,1,14,-1,2,-1
201697UD01911,1,9,0,17,0,0,2,0,1,11,4,1,6,2,46,8,1248,2,4,-1,2,-1
201697UD02003,1,9,0,5,0,4,0,0,0,0,1,1,6,1,24,5,1968,2,6,-1,3,-1
201697UD02003,2,3,0,5,0,4,0,0,0,0,2,1,6,1,37,7,125,1,1,-1,3,-1
201697UD02004,1,9,0,1,0,0,0,0,0,0,2,1,6,1,67,10,1242,1,16,-1,1,-1
201697UD02007,1,9,0,17,0,0,0,0,2,4,4,1,6,2,20,4,995,1,5,-1,1,-1
201697UD02205,1,9,0,18,0,1,0,0,0,0,1,1,6,2,35,6,2926,2,16,-1,2,-1
201697UD02207,1,9,0,18,0,1,0,0,0,0,3,1,6,2,19,4,1598,1,6,-1,-1,-1
201697UD02310,1,19,0,18,0,8,0,0,0,0,1,1,1,1,26,6,2143,2,3,-1,-1,-1
201697UD02310,2,9,0,18,0,8,0,10,7,11,3,1,2,2,61,9,998,1,15,-1,3,-1
201697UD02312,1,9,0,18,0,1,0,0,0,0,3,1,6,1,62,9,1798,1,9,-1,2,-1
201697UD02402,1,9,0,18,0,0,0,0,0,0,1,1,6,1,59,9,1598,1,9,-1,1,-1
201697UD02402,2,9,0,2,0,0,0,10,1,0,2,1,3,1,61,9,1560,2,6,-1,1,-1
201697UD02402,3,9,0,2,0,0,0,0,0,0,2,1,3,2,49,8,1560,2,6,-1,3,-1
201697UD02404,1,8,0,1,0,0,0,0,0,0,2,1,1,1,62,9,1997,2,1,-1,1,-1
201697UD02408,1,9,0,18,0,1,0,0,0,0,4,1,6,1,80,11,1396,2,-1,-1,-1,-1
201697UD02408,2,9,0,18,0,8,0,0,0,0,1,1,6,1,40,7,1995,2,10,-1,1,-1
201697UD02408,3,9,0,3,0,1,0,0,0,0,1,1,2,2,55,8,-1,-1,-1,-1,3,-1
201697UD02501,1,9,0,17,0,0,0,0,7,11,1,1,2,1,27,6,2494,2,11,-1,1,-1
201697UD02503,1,9,0,18,0,1,0,0,0,0,3,1,6,1,71,10,1461,2,1,-1,3,-1
201697UD02503,2,9,0,18,0,1,0,0,0,0,3,1,6,1,49,8,2958,2,15,-1,2,-1
201697UD02507,1,9,0,3,0,4,0,0,0,0,1,1,6,1,37,7,1968,2,2,-1,3,-1
201697UD02509,1,9,0,17,0,0,1,0,1,4,2,1,2,1,53,8,1398,2,11,-1,2,-1
201697UD02601,1,9,0,18,0,0,0,0,1,10,1,1,6,1,26,6,1799,1,8,-1,1,-1
201697UD02605,1,9,0,18,0,1,0,0,0,0,1,1,6,1,22,5,1329,1,3,-1,1,-1
201697UD02605,2,9,0,18,0,1,0,0,0,0,0,1,6,2,18,4,1242,1,4,-1,2,-1
201697UD02605,3,9,0,18,0,1,0,0,0,0,2,1,6,1,20,4,1598,1,4,-1,-1,-1
201697UD02701,1,9,0,7,0,6,0,0,0,0,1,1,1,2,68,10,1329,1,3,-1,3,-1
201697UD02701,2,9,0,18,0,1,0,0,0,0,4,1,6,1,21,5,1395,1,1,-1,-1,-1
201697UD02702,1,9,0,18,0,0,0,0,0,0,1,1,6,1,79,11,1390,1,7,-1,1,-1
201697UD02702,2,1,0,18,0,0,0,0,0,0,2,1,2,1,38,7,-1,-1,-1,-1,1,-1
201697UD02708,1,9,0,18,0,0,1,0,0,0,1,1,2,1,31,6,2204,2,8,-1,3,-1
201697UD02708,2,5,0,3,0,0,0,0,1,0,2,1,6,2,23,5,660,1,9,-1,2,-1
201697UD02709,1,9,0,9,0,8,0,0,1,0,1,1,2,1,40,7,1998,2,3,-1,1,-1
201697UD02709,2,9,0,18,0,8,0,0,0,0,1,1,2,2,24,5,1595,1,9,-1,2,-1
201697UD02711,1,19,4,5,0,0,0,0,0,0,3,1,1,1,50,8,2461,2,5,-1,-1,-1
201697UD02809,1,9,0,7,0,0,0,0,0,0,4,1,6,2,22,5,1242,1,-1,-1,1,-1
201697UD02809,2,9,0,15,0,0,0,0,0,0,3,1,6,1,31,6,1997,2,10,-1,1,-1
201697UD02811,1,9,0,18,0,0,5,0,0,0,3,1,1,1,52,8,-1,-1,-1,-1,1,-1
201697UD02901,1,9,0,17,0,0,2,0,7,0,0,1,6,2,38,7,1596,1,9,-1,3,-1
201697UD02903,1,9,4,18,6,0,0,0,0,0,1,1,6,1,54,8,2477,2,9,-1,-1,-1
201697UD03007,1,9,0,5,0,2,0,0,0,0,3,1,2,2,32,6,1799,1,7,-1,-1,-1
201697UD03007,2,3,0,18,0,1,0,0,0,0,4,1,2,1,41,7,124,1,1,-1,-1,-1
201697UD03010,1,9,0,13,0,1,0,0,0,0,4,1,6,1,29,6,1753,2,7,-1,3,-1
201697UD03010,2,9,0,10,0,5,0,0,0,0,1,1,6,1,32,6,1390,1,3,-1,3,-1
201697UD03101,1,1,0,7,0,1,0,0,0,0,0,1,6,1,50,8,-1,-1,-1,-1,2,-1
201697UD03110,1,9,0,5,0,0,5,0,0,11,1,1,6,1,32,6,1360,1,15,-1,1,-1
201697UD03112,1,19,0,18,0,0,0,0,0,0,1,1,6,1,59,9,2198,2,9,-1,3,-1
201697UD03112,2,9,0,18,0,0,0,0,0,0,1,1,6,2,54,8,2204,2,7,-1,3,-1
201697UD03201,1,9,0,9,0,7,0,0,0,0,1,1,6,1,21,5,1388,1,12,-1,1,-1
201697UD03202,1,9,0,7,0,1,1,0,0,0,1,1,6,1,54,8,1124,1,13,-1,1,-1
201697UD03202,2,19,0,9,0,1,0,0,0,0,1,1,1,1,56,9,2148,2,9,-1,1,-1
201697UD03203,1,9,0,9,0,1,0,0,0,0,3,1,1,2,51,8,1598,1,11,-1,-1,-1
201697UD03203,2,9,0,18,0,1,0,0,0,0,1,1,2,1,29,6,1796,1,17,-1,1,-1
201697UD03210,1,3,0,9,0,8,0,0,0,0,1,1,6,1,21,5,124,1,-1,-1,3,-1
201697UD03210,2,9,0,18,0,8,0,0,0,0,1,1,6,2,34,6,2143,2,2,-1,1,-1
201697UD03302,1,9,0,9,0,7,1,0,0,0,1,1,6,2,72,10,-1,-1,-1,-1,1,-1
201697UD03302,2,9,0,18,0,8,1,0,0,0,3,1,6,1,58,9,1968,2,7,-1,1,-1
201697UD03310,1,3,0,14,0,0,0,0,0,0,2,1,6,1,32,6,124,1,15,-1,-1,-1
201697UD03310,2,9,0,2,0,0,0,0,0,0,0,1,6,3,47,8,1868,2,14,-1,-1,-1
201697UD03402,1,19,0,9,0,8,0,0,0,0,3,1,1,1,36,7,-1,-1,-1,-1,1,-1
201697UD03402,2,9,0,18,0,8,0,0,0,0,3,1,6,2,54,8,998,1,15,-1,3,-1
201697UD03403,1,9,0,4,0,0,0,0,0,10,1,1,6,1,18,4,1229,1,8,-1,2,-1
201697UD03403,2,9,0,4,0,0,0,0,0,0,1,1,6,2,25,5,1461,2,4,-1,1,-1
201697UD03403,3,9,0,4,0,0,0,0,0,0,2,1,6,1,83,11,1598,1,5,-1,-1,-1
201697UD03404,1,2,0,18,0,1,2,0,0,0,1,1,6,2,16,4,49,1,12,-1,1,-1
201697UD03407,1,9,0,18,0,0,0,0,0,0,3,1,6,1,22,5,1395,1,2,-1,1,-1
201697UD03407,2,9,0,9,0,0,0,0,0,0,4,1,6,1,27,6,1998,1,9,-1,-1,-1
201697UD03501,1,9,0,18,0,4,0,0,0,0,1,1,6,1,69,10,1686,2,6,-1,1,-1
201697UD03501,2,9,0,18,0,3,0,0,0,0,4,1,6,2,52,8,998,1,5,-1,1,-1
201697UD03502,1,9,0,18,0,0,0,0,0,0,1,1,6,2,40,7,999,1,1,-1,3,-1
201697UD03502,2,9,0,2,0,0,0,0,0,0,2,1,6,3,-1,-1,1461,2,3,-1,-1,-1
201697UD03601,1,19,0,17,0,0,0,0,1,7,4,1,1,1,35,6,2143,2,3,-1,1,-1
201697UD03609,1,9,0,18,0,0,0,0,0,0,1,1,6,2,45,7,1598,1,7,-1,1,-1
201697UD03609,2,9,0,3,0,0,0,0,0,0,2,1,6,2,18,4,1242,1,4,-1,1,-1
201697UD03704,1,9,0,18,0,0,0,0,0,0,1,1,6,2,18,4,1900,2,10,-1,3,-1
201697UD03704,2,9,0,18,0,0,0,0,0,0,2,1,6,2,38,7,1461,2,1,-1,1,-1
201697UD03808,1,19,0,16,0,0,0,0,1,4,1,1,1,1,45,7,1248,2,10,-1,-1,-1
201697UD03812,1,9,0,18,0,0,1,0,7,3,1,1,6,1,18,4,1388,1,13,-1,3,-1
201697UD03903,1,9,0,16,0,0,2,0,7,11,1,1,6,1,26,6,1198,1,4,-1,3,-1
201697UD03908,1,9,0,18,0,0,0,0,0,0,1,1,6,1,68,10,-1,-1,-1,-1,1,-1
201697UD03908,2,9,0,9,0,0,0,0,0,0,4,1,1,1,49,8,-1,-1,-1,-1,-1,-1
201697UD04004,1,9,0,18,0,2,0,0,0,0,3,1,4,1,17,4,1229,1,6,-1,1,-1
201697UD04005,1,9,0,16,0,0,2,0,7,11,0,1,1,2,18,4,1360,1,9,-1,2,-1
201697UD04012,1,9,0,17,0,1,0,0,0,0,4,1,6,1,65,9,1975,1,11,-1,3,-1
201697UD04012,2,3,0,13,0,1,0,0,0,0,3,1,6,1,17,4,124,1,2,-1,3,-1
201697UD04102,1,19,0,18,0,0,2,0,7,4,4,1,1,1,57,9,-1,-1,-1,-1,1,-1
201697UD04109,1,9,0,18,0,1,0,0,0,0,1,1,1,1,40,7,-1,-1,-1,-1,1,-1
201697UD04110,1,9,0,9,0,4,0,0,0,0,4,1,6,1,78,11,1499,2,1,-1,1,-1
201697UD04110,2,1,0,18,0,4,0,0,0,0,1,1,6,2,58,9,-1,-1,-1,-1,1,-1
201697UD04112,1,9,0,18,0,3,0,0,0,0,1,1,6,1,30,6,1618,1,-1,-1,3,-1
201697UD04112,2,9,0,18,0,2,0,0,0,0,3,1,6,2,38,7,1339,1,7,-1,1,-1
201697UD04304,1,9,0,9,0,8,0,0,0,0,0,1,6,3,50,8,-1,-1,-1,-1,-1,-1
201697UD04304,2,3,0,5,0,8,0,0,0,0,0,1,6,1,19,4,125,1,11,-1,3,-1
201697UD04311,1,9,0,2,0,0,0,0,0,0,3,1,6,1,20,4,1248,2,2,-1,2,-1
201697UD04311,2,9,0,18,0,0,0,0,0,0,4,1,6,1,54,8,1997,2,10,-1,3,-1
201697UD04401,1,8,0,3,0,0,0,0,0,0,4,1,1,1,36,7,1997,2,1,-1,1,-1
201697UD04404,1,9,0,10,0,1,0,0,0,0,3,1,6,2,23,5,1598,1,13,-1,3,-1
201697UD04404,2,9,0,18,0,1,0,0,0,0,1,1,6,1,26,6,1248,1,2,-1,1,-1
201697UD04501,1,4,0,18,0,0,0,0,0,0,1,1,6,3,-1,-1,-1,-1,-1,-1,-1,-1
201697UD04503,1,9,0,5,0,6,0,0,0,0,1,1,6,2,34,6,999,1,2,-1,1,-1
201697UD04503,2,9,0,18,0,1,0,0,0,0,4,1,6,1,62,9,1395,1,1,-1,1,-1
201697UD04503,3,9,0,2,6,1,0,0,0,0,4,1,6,3,40,7,1587,1,10,-1,-1,-1
201697UD04505,1,9,0,18,0,0,1,10,1,0,1,1,6,1,71,10,1956,2,1,-1,-1,-1
201697UD04505,2,1,0,18,0,0,0,0,1,0,2,1,6,1,45,7,-1,-1,-1,-1,-1,-1
201697UD04508,1,9,0,17,0,4,0,0,0,0,1,1,6,2,29,6,1229,1,4,-1,1,-1
201697UD04508,2,9,0,3,0,8,0,0,0,0,2,1,6,2,51,8,1968,2,1,-1,3,-1
201697UD04508,3,9,0,3,0,8,0,0,0,0,2,1,6,2,29,6,1968,2,2,-1,2,-1
201697UD04601,1,9,0,18,0,2,2,10,0,0,1,1,6,2,72,10,1149,1,11,-1,1,-1
201697UD04606,1,9,0,10,0,8,0,0,0,0,4,1,6,2,24,5,999,1,-1,-1,1,-1
201697UD04606,2,9,0,18,0,8,0,0,0,0,1,1,6,1,19,4,1197,1,5,-1,1,-1
201697UD04612,1,9,0,18,0,0,1,0,7,4,1,1,6,1,18,4,1198,1,6,-1,1,-1
201697UD04709,1,9,0,5,0,6,0,0,0,0,1,1,6,2,67,10,998,1,8,-1,1,-1
201697UD04709,2,9,0,18,0,1,0,0,0,0,1,1,1,1,50,8,1598,2,1,-1,1,-1
201697UD04711,1,20,0,11,0,8,0,0,0,0,1,1,1,1,50,8,4461,2,8,-1,1,-1
201697UD04711,2,9,0,4,0,8,0,0,0,0,2,1,6,1,53,8,1598,2,-1,-1,-1,-1
201697UD04808,1,9,0,5,0,1,0,0,0,0,1,1,6,3,-1,-1,-1,-1,-1,-1,-1,-1
201697UD04808,2,9,0,3,0,1,0,0,0,0,2,1,6,2,16,4,-1,-1,-1,-1,1,-1
201697UD04906,1,9,0,9,0,4,1,10,0,0,4,1,6,2,46,8,1299,1,13,-1,1,-1
201697UD04906,2,19,0,18,0,4,0,0,0,0,1,1,6,1,36,7,-1,-1,-1,-1,-1,-1
201697UD05006,1,9,0,18,0,0,1,0,0,0,1,1,6,1,42,7,1596,1,-1,-1,-1,-1
201697UD05006,2,9,0,16,0,0,0,0,0,0,1,1,6,1,58,9,-1,-1,-1,-1,2,-1
201697UD05011,1,9,0,18,0,0,0,0,0,0,1,1,4,2,24,5,998,1,14,-1,3,-1
201697UD05011,2,9,0,4,0,0,0,0,0,0,1,1,6,2,41,7,1396,1,12,-1,3,-1
201697UD05012,1,9,0,18,0,8,0,0,0,0,1,1,6,1,23,5,1229,1,1,-1,1,-1
201697UD05012,2,1,0,18,0,8,0,0,0,0,4,1,6,2,28,6,-1,-1,-1,-1,1,-1
201697UD05103,1,11,0,15,0,1,0,0,0,0,1,1,1,1,30,6,4580,2,6,-1,2,-1
201697UD05103,2,9,0,9,0,1,0,0,1,11,3,1,6,2,56,9,1461,2,1,-1,3,-1
201697UD05201,1,9,0,4,0,0,0,0,0,0,1,1,6,2,62,9,998,1,1,-1,1,-1
201697UD05201,2,9,0,4,0,0,0,0,0,0,2,1,6,1,60,9,1995,2,2,-1,1,-1
201697UD05201,3,11,0,4,0,0,0,0,0,0,2,1,1,1,27,6,4580,2,6,-1,1,-1
201697UD05508,1,19,0,18,0,1,0,4,0,0,1,1,6,1,27,6,-1,-1,-1,-1,-1,-1
201697UD05508,2,19,0,3,0,1,0,0,0,0,2,1,6,1,52,8,-1,-1,-1,-1,-1,-1
201697UD05508,3,9,0,3,0,1,0,0,0,0,2,1,6,1,68,10,-1,-1,-1,-1,3,-1
201697UD05510,1,9,0,13,0,0,0,0,0,0,1,1,2,1,48,8,1395,1,-1,-1,1,-1
201697UD05510,2,9,0,18,0,0,0,0,0,0,1,1,2,1,37,7,2494,2,4,-1,1,-1
201697UD05606,1,9,0,18,0,0,1,0,1,10,1,1,6,1,19,4,1199,1,15,-1,-1,-1
201697UD05609,1,9,0,9,0,8,0,0,0,0,4,1,6,2,55,8,1388,1,10,7,1,7
201697UD05609,2,9,0,18,0,8,0,0,0,0,4,1,2,1,41,7,1395,1,1,-1,1,-1
201697UD05612,1,9,0,4,0,0,0,0,0,0,2,1,6,2,18,4,1368,1,4,-1,2,-1
201697UD05612,2,9,0,4,0,0,0,0,0,0,1,1,6,1,20,4,1595,1,11,-1,3,-1
201697UD05702,1,9,0,18,0,0,0,0,0,0,3,1,2,1,51,8,2493,1,11,-1,3,-1
201697UD05709,1,9,0,18,0,2,0,0,0,0,1,1,6,1,71,10,1388,1,5,-1,1,-1
201697UD05812,1,9,0,16,0,0,2,0,1,11,1,1,6,2,25,5,1388,1,12,-1,3,-1
201697UD05905,1,9,0,9,0,1,0,0,0,0,4,1,6,1,27,6,1598,1,5,-1,3,-1
201697UD05905,2,9,0,5,0,1,0,0,0,0,1,1,6,1,74,10,1197,1,4,-1,1,-1
201697UD05910,1,19,0,17,0,0,0,0,0,0,1,1,1,1,34,6,1968,2,-1,-1,-1,-1
201697UD05910,2,9,0,16,0,0,0,0,1,0,1,1,1,1,37,7,1598,1,14,-1,2,-1
201697UD05912,1,9,0,18,0,4,0,0,0,0,3,1,6,2,64,9,1597,2,1,-1,3,-1
201697UD05912,2,9,0,9,0,3,0,0,1,0,1,1,6,1,18,4,1199,1,11,-1,1,-1
201697UD06106,1,9,0,16,0,1,2,0,7,9,1,1,6,2,21,5,998,1,2,-1,1,-1
201697UD06202,1,9,0,16,0,5,0,0,1,11,1,1,6,1,23,5,-1,-1,-1,-1,1,-1
201697UD06212,1,19,0,18,0,0,0,0,0,0,1,1,1,1,26,6,1598,2,2,-1,-1,-1
201697UD06212,2,19,0,2,0,0,0,0,0,0,2,1,6,3,-1,-1,2402,2,13,-1,-1,-1
201697UD06502,1,9,0,18,0,1,1,0,7,11,4,1,6,1,55,8,1349,1,9,-1,1,-1
201697UD06502,2,9,0,18,0,1,1,0,7,11,4,1,6,1,28,6,1598,2,1,-1,1,-1
201697UD06710,1,9,0,9,0,5,0,0,0,0,4,1,6,1,56,9,998,1,-1,5,1,5
201697UD06710,2,9,0,18,0,1,0,0,0,0,1,1,6,1,39,7,1783,1,17,-1,1,-1
201697UD70101,1,1,0,3,0,1,0,0,0,0,0,1,6,1,52,8,-1,-1,-1,-1,-1,-1
201697UD70101,2,9,0,3,0,1,0,0,0,0,0,1,6,2,26,6,1200,1,1,-1,1,-1
201697UD70103,1,9,0,1,3,0,0,0,0,0,2,1,6,2,22,5,1968,2,4,-1,-1,-1
201697UD70104,1,5,0,16,0,0,0,0,0,0,0,1,6,1,46,8,645,1,8,-1,2,-1
201697UD70105,1,9,0,18,0,1,0,0,0,0,1,1,6,1,80,11,1591,1,4,-1,-1,-1
201697UD70105,2,21,0,18,0,1,0,0,0,0,1,1,2,1,46,8,-1,-1,-1,-1,3,-1
201697UD70107,1,9,0,16,0,0,2,0,1,11,1,1,6,1,18,4,1796,1,12,-1,3,-1
201697UD70109,1,9,0,9,0,2,0,0,0,0,3,1,6,2,37,7,1796,1,9,-1,3,-1
201697UD70109,2,9,0,4,0,1,0,0,0,0,3,1,1,1,22,5,1796,1,9,-1,-1,-1
201697UD70110,1,5,0,16,0,0,1,0,1,0,1,1,6,1,41,7,1050,1,10,-1,1,-1
201697UD70111,1,9,0,18,0,0,2,0,0,7,2,1,6,1,37,7,1951,2,13,-1,2,-1
201697UD70112,1,9,0,16,0,0,2,0,2,3,1,1,6,1,47,8,1598,1,13,-1,1,-1
201697UD70202,1,9,0,18,0,8,0,0,0,0,1,1,6,2,22,5,998,1,19,-1,-1,-1
201697UD70203,1,9,0,18,0,0,0,0,0,0,3,1,6,1,49,8,-1,-1,-1,-1,3,-1
201697UD70208,1,21,1,17,0,0,2,0,1,0,4,1,1,1,28,6,-1,-1,-1,-1,-1,-1
201697UD70209,1,9,0,16,0,0,0,0,0,0,1,1,6,1,26,6,1328,1,14,-1,-1,-1
201697UD70209,2,9,0,17,0,0,0,0,0,0,1,1,6,1,57,9,1461,2,2,-1,2,-1
201697UD70211,1,21,1,17,0,2,5,0,0,0,4,1,1,1,47,8,12777,2,8,-1,-1,-1
201697UD70301,1,9,0,16,0,0,1,0,0,0,1,1,6,1,32,6,1798,1,14,-1,-1,-1
201697UD70301,2,9,0,18,0,0,0,0,0,0,1,1,6,1,22,5,1984,1,9,-1,-1,-1
201697UD70304,1,9,0,9,0,5,0,0,0,0,1,1,6,1,18,4,1229,1,5,-1,1,-1
201697UD70304,2,5,0,18,0,2,0,0,0,0,1,1,6,1,40,7,600,1,16,-1,1,-1
201697UD70305,1,9,0,18,0,8,0,0,0,0,1,1,1,2,56,9,1598,2,1,-1,1,-1
201697UD70305,2,19,0,18,0,1,0,0,0,0,3,1,1,1,56,9,1753,2,11,-1,1,-1
201697UD70307,1,9,0,17,0,1,2,0,8,10,1,1,6,1,32,6,1598,1,12,-1,3,-1
201697UD70308,1,9,0,18,0,1,0,0,0,0,1,1,6,2,26,6,1149,1,10,-1,3,-1
201697UD70308,2,9,0,10,0,1,0,0,0,0,2,2,6,2,49,8,1598,1,4,-1,3,-1
201697UD70309,1,9,0,17,0,0,0,0,1,0,1,1,2,1,64,9,1598,2,2,-1,-1,-1
201697UD70310,1,9,0,16,0,0,0,0,0,0,3,1,6,3,-1,-1,-1,-1,-1,-1,-1,-1
201697UD70310,2,1,0,17,0,0,0,0,0,0,1,1,2,1,16,4,-1,-1,-1,-1,3,-1
201697UD70312,1,9,0,17,0,0,0,0,7,11,1,1,1,1,33,6,2494,2,1,3,1,3
201697UD70403,1,3,0,13,0,0,0,0,0,0,4,1,2,1,25,5,124,1,2,-1,2,-1
201697UD70403,2,1,0,18,0,0,0,0,0,0,3,1,6,1,67,10,-1,-1,-1,-1,1,-1
201697UD70405,1,19,0,18,0,1,0,0,0,0,1,1,1,1,60,9,1560,2,2,-1,3,-1
201697UD70405,2,9,0,10,0,1,0,0,0,0,2,1,6,2,44,7,999,1,-1,-1,3,-1
201697UD70405,3,19,0,18,0,1,0,0,0,0,1,1,1,1,26,6,1248,2,2,-1,1,-1
201697UD70406,1,19,0,17,0,0,5,0,0,0,1,1,1,1,20,4,1560,2,7,-1,1,-1
201697UD70406,2,9,0,18,0,0,0,0,0,0,1,1,6,1,57,9,1461,2,2,-1,1,-1
201697UD70411,1,9,0,16,0,0,0,0,7,0,1,1,2,2,29,6,1796,1,8,-1,-1,-1
201697UD70412,1,9,0,18,0,0,0,12,0,0,1,1,6,1,52,8,1995,2,2,-1,1,-1
201697UD70501,1,1,0,18,0,4,0,0,0,0,1,1,6,1,41,7,-1,-1,-1,-1,3,-1
201697UD70501,2,9,0,3,0,1,0,0,0,0,4,1,1,1,54,8,-1,-1,-1,-1,1,-1
201697UD70502,1,9,0,18,0,0,0,0,1,3,3,1,2,2,35,6,-1,-1,-1,-1,-1,-1
201697UD70503,1,9,0,18,0,1,0,0,0,0,1,1,6,2,47,8,1598,1,9,-1,3,-1
201697UD70503,2,9,0,18,0,4,0,0,0,0,2,1,6,1,19,4,1198,1,9,-1,1,-1
201697UD70505,1,17,0,18,0,0,0,0,0,0,3,1,1,1,25,5,-1,2,1,-1,2,-1
201697UD70505,2,21,1,18,0,0,0,0,0,0,4,1,1,1,55,8,12777,2,5,-1,1,-1
201697UD70506,1,9,0,18,0,0,5,0,1,11,1,1,6,2,75,10,1197,1,1,-1,1,-1
201697UD70508,1,20,0,14,0,1,0,0,7,0,1,1,1,1,57,9,5193,2,3,-1,1,-1
201697UD70508,2,9,0,18,0,2,0,0,1,0,1,1,6,1,55,8,1995,2,12,-1,3,-1
201697UD70509,1,5,0,16,0,1,0,0,0,0,1,1,6,1,58,9,1200,1,10,-1,1,-1
201697UD70510,1,9,0,16,0,0,0,0,1,0,1,1,6,1,77,11,1242,1,11,-1,1,-1
201697UD70510,2,17,4,18,0,0,0,0,1,1,1,1,1,1,75,10,6728,2,1,-1,1,-1
201697UD70512,1,9,0,18,0,0,0,0,0,0,1,1,6,2,65,9,1242,1,2,-1,1,-1
201697UD70512,2,9,0,18,0,0,0,0,1,0,1,1,6,2,81,11,1329,1,4,-1,2,-1
201697UD70605,1,9,0,18,0,0,0,0,0,0,1,1,2,1,27,6,1598,1,10,-1,1,-1
201697UD70605,2,9,0,4,0,0,0,0,0,0,2,1,2,2,52,8,1242,1,6,-1,1,-1
201697UD70606,1,9,0,18,0,0,0,0,0,0,3,1,1,1,34,6,-1,-1,-1,-1,1,-1
201697UD70607,1,9,0,16,0,0,1,0,8,11,3,1,6,2,19,4,1229,1,11,-1,2,-1
201697UD70610,1,9,0,18,0,4,0,9,3,4,1,1,6,1,31,6,1997,2,-1,-1,1,-1
201697UD70611,1,8,0,18,0,0,0,0,4,6,1,1,1,1,61,9,1997,2,2,-1,3,-1
201697UD70612,1,9,0,16,0,0,0,0,0,0,1,1,1,1,25,5,-1,-1,-1,-1,-1,-1
201697UD70612,2,9,0,17,0,0,0,0,1,11,1,1,1,1,24,5,1198,1,10,-1,1,-1
201697UD70701,1,9,0,5,0,0,0,0,0,0,1,1,2,1,48,8,2790,1,8,-1,-1,-1
201697UD70702,1,9,0,8,0,8,0,0,0,0,1,1,6,2,53,8,2143,2,-1,-1,3,-1
201697UD70702,2,1,0,18,0,1,0,0,0,0,1,1,6,1,63,9,-1,-1,-1,-1,1,-1
201697UD70704,1,9,0,18,0,0,0,0,0,0,1,1,2,2,33,6,1149,1,10,-1,1,-1
201697UD70707,1,9,0,18,0,0,0,0,0,0,0,1,6,1,47,8,1686,2,1,-1,-1,-1
201697UD70707,2,9,0,18,0,0,0,0,0,0,1,1,6,1,78,11,1329,1,2,-1,2,-1