Accident_Index,Vehicle_Reference,Vehicle_Type,Towing_and_Articulation,Vehicle_Manoeuvre,Vehicle_Location-Restricted_Lane,Junction_Location,Skidding_and_Overturning,Hit_Object_in_Carriageway,Vehicle_Leaving_Carriageway,Hit_Object_off_Carriageway,1st_Point_of_Impact,Was_Vehicle_Left_Hand_Drive?,Journey_Purpose_of_Driver,Sex_of_Driver,Age_of_Driver,Age_Band_of_Driver,Engine_Capacity_(CC),Propulsion_Code,Age_of_Vehicle,Driver_IMD_Decile,Driver_Home_Area_Type,Vehicle_IMD_Decile
201697UD70708,1,9,0,18,0,0,0,0,0,0,3,1,6,1,84,11,1395,1,-1,-1,3,-1
201697UD70709,1,9,0,7,9,5,1,0,8,11,1,1,6,1,22,5,1587,1,14,-1,1,-1
201697UD70710,1,21,4,18,0,0,2,7,7,0,3,1,1,1,45,7,10837,2,1,-1,3,-1
201697UD70712,1,9,0,9,0,5,0,0,0,0,1,1,1,1,73,10,1598,2,1,-1,-1,-1
201697UD70803,1,9,0,18,0,1,0,0,0,0,1,1,6,2,34,6,2993,2,5,-1,3,-1
201697UD70803,2,9,0,3,0,1,0,0,0,0,2,1,6,2,35,6,1995,2,9,-1,3,-1
201697UD70803,3,9,0,3,0,1,0,0,0,0,2,1,6,1,56,9,-1,-1,-1,-1,3,-1
201697UD70808,1,9,0,9,0,6,0,0,7,0,3,1,6,2,17,4,1598,1,4,-1,2,-1
201697UD70808,2,19,0,18,0,1,0,0,7,0,1,1,1,1,29,6,2143,2,-1,-1,3,-1
201697UD70809,1,9,0,18,0,1,0,0,0,0,1,1,6,1,41,7,998,1,2,-1,-1,-1
201697UD70809,2,9,0,3,0,1,0,0,0,0,2,1,6,2,50,8,1598,1,5,-1,-1,-1
201697UD70810,1,21,1,18,0,0,0,0,0,0,0,1,1,1,51,8,12900,2,6,-1,3,-1
201697UD70810,2,9,0,18,0,0,0,0,0,0,2,1,1,1,30,6,-1,-1,-1,-1,1,-1
201697UD70903,1,9,0,1,0,0,0,0,0,0,1,1,6,1,26,6,1364,1,11,-1,2,-1
201697UD70904,1,9,0,1,9,0,0,0,0,0,2,1,6,2,30,6,1796,2,3,-1,-1,-1
201697UD70905,1,9,0,18,0,0,0,0,1,0,3,1,6,2,33,6,1388,1,5,-1,1,-1
201697UD70905,2,19,0,4,0,0,0,0,0,0,4,1,1,1,51,8,-1,-1,-1,-1,1,-1
201697UD70908,1,9,0,18,0,3,1,0,0,0,3,1,6,1,50,8,2498,1,18,-1,3,-1
201697UD71002,1,9,0,16,0,0,0,0,7,0,1,1,2,2,46,8,1598,1,9,-1,2,-1
201697UD71002,2,9,0,17,0,0,0,0,0,0,3,1,2,1,58,9,998,1,10,-1,2,-1
201697UD71003,1,9,0,13,0,1,1,0,1,0,1,1,6,1,34,6,1339,1,14,-1,1,-1
201697UD71003,2,9,0,18,0,1,0,0,1,11,1,1,6,1,48,8,1596,1,5,-1,2,-1
201697UD71003,3,9,0,18,0,1,0,0,0,0,0,1,6,2,36,7,1956,2,4,-1,3,-1
201697UD71008,1,21,0,16,0,1,1,0,1,11,1,1,1,1,50,8,12130,2,12,-1,3,-1
201697UD71008,2,9,0,4,0,1,1,0,6,0,0,1,6,1,40,7,1199,2,5,-1,3,-1
201697UD71009,1,9,0,18,0,3,0,0,0,0,1,1,6,1,91,11,1968,2,5,-1,2,-1
201697UD71009,2,9,0,18,0,4,0,0,0,0,1,1,6,1,65,9,1388,1,12,-1,1,-1
201697UD71103,1,9,0,18,0,1,1,0,0,0,1,1,2,2,18,4,1360,1,11,-1,2,-1
201697UD71103,2,9,0,10,0,1,0,0,0,0,2,1,2,1,54,8,1995,2,3,-1,2,-1
201697UD71105,1,9,0,18,0,1,0,0,0,0,1,1,1,1,26,6,998,1,14,-1,1,-1
201697UD71105,2,19,0,7,0,1,0,0,0,0,2,1,1,1,34,6,1248,2,5,-1,2,-1
201697UD71108,1,20,0,13,0,1,1,0,0,0,4,1,1,1,65,9,4250,2,9,-1,3,-1
201697UD71108,2,1,0,9,0,1,0,0,7,0,2,1,6,1,36,7,-1,-1,-1,-1,1,-1
201697UD71208,1,9,0,16,0,4,0,0,0,0,1,1,6,1,71,10,1956,2,1,-1,1,-1
201697UD71208,2,9,0,18,0,3,0,0,0,0,3,1,6,1,34,6,1242,1,7,-1,1,-1
201697UD71305,1,9,0,18,0,0,0,0,0,0,1,1,6,2,45,7,1560,2,9,-1,3,-1
201697UD71305,2,9,0,18,0,0,0,0,0,0,1,1,6,2,43,7,1997,2,7,-1,-1,-1
201697UD71305,3,9,0,18,0,0,0,0,0,0,2,1,6,1,46,8,1997,1,3,5,1,5
201697UD71308,1,9,0,18,0,1,0,0,0,0,1,1,2,1,19,4,1388,1,10,-1,1,-1
201697UD71308,2,9,0,3,0,1,0,0,0,0,2,1,1,1,51,8,-1,-1,-1,-1,-1,-1
201697UD71408,1,9,0,18,0,0,1,0,0,0,1,1,6,1,31,6,1598,1,16,-1,-1,-1
201697UD71408,2,9,0,4,0,0,0,0,0,0,2,1,6,2,39,7,1968,2,2,-1,-1,-1
201697UD71408,3,21,0,18,0,0,0,0,0,0,3,1,1,1,63,9,-1,-1,-1,-1,-1,-1
2016981100116,1,9,0,17,0,0,5,0,1,0,1,1,6,2,20,4,1242,1,5,-1,3,-1
2016981100616,1,9,0,16,0,0,5,0,2,10,1,1,2,2,51,8,1242,1,6,-1,3,-1
2016981100816,1,9,0,17,0,0,0,10,1,11,1,1,6,1,45,7,1364,1,2,-1,-1,-1
2016981101016,1,9,0,18,0,1,1,0,0,0,1,1,6,2,20,4,1229,1,5,-1,1,-1
2016981101016,2,19,0,18,0,1,0,0,0,0,1,1,1,1,59,9,-1,-1,-1,8,1,8
2016981101116,1,9,0,16,0,0,5,0,0,0,3,1,2,2,32,6,1149,1,10,-1,1,-1
2016981101416,1,5,0,17,0,8,0,0,0,0,0,1,2,1,42,7,600,1,12,-1,2,-1
2016981101416,2,9,0,7,0,1,0,0,0,0,0,1,1,1,62,9,-1,-1,-1,-1,2,-1
2016981101516,1,9,0,13,0,1,0,0,0,0,1,1,6,2,53,8,2494,1,15,-1,2,-1
2016981101516,2,9,0,9,0,5,0,0,0,0,2,1,2,1,20,4,1149,1,14,-1,2,-1
2016981102016,1,9,0,18,0,0,1,0,7,4,4,1,2,1,21,5,1229,1,11,-1,3,-1
2016981102716,1,19,0,18,0,1,0,0,0,0,1,1,6,1,59,9,1868,2,10,-1,1,-1
2016981102716,2,1,0,18,0,8,5,0,0,0,3,1,6,1,19,4,-1,-1,-1,-1,1,-1
2016981102816,1,9,0,5,0,6,0,0,0,0,4,1,6,1,49,8,2494,1,16,-1,1,-1
2016981102816,2,9,0,18,0,2,0,0,0,0,3,1,6,2,37,7,1998,1,9,-1,3,-1
2016981103516,1,9,0,18,0,0,1,0,0,0,1,1,2,2,57,9,998,1,8,-1,3,-1
2016981103516,2,9,0,18,0,0,0,0,0,0,1,1,2,1,53,8,1422,2,12,-1,3,-1
2016981105416,1,5,0,13,0,1,0,0,0,0,4,1,6,1,28,6,680,1,8,-1,3,-1
2016981105416,2,21,4,9,0,5,0,0,7,0,3,1,2,1,48,8,11705,2,8,-1,1,-1
2016981106316,1,9,0,2,0,6,0,0,0,10,2,1,-1,3,-1,-1,1997,2,15,-1,-1,-1
2016981106416,1,9,0,18,0,0,0,4,0,0,1,1,6,1,83,11,1598,1,8,-1,1,-1
2016981106416,2,9,0,10,0,0,0,0,0,0,2,1,1,1,26,6,-1,-1,-1,-1,1,-1
2016981106516,1,9,0,17,0,0,2,0,1,11,1,1,6,2,22,5,1149,1,12,-1,2,-1
2016981106716,1,9,0,18,0,0,2,0,7,9,3,1,6,1,18,4,1242,1,9,-1,3,-1
2016981109316,1,9,0,18,0,8,0,11,0,0,1,1,6,1,36,7,1598,1,17,-1,2,-1
2016981109316,2,9,0,18,0,1,0,4,0,0,2,1,6,2,28,6,1198,1,13,-1,2,-1
2016981109316,3,9,0,2,0,2,0,0,0,0,3,1,6,3,-1,-1,1229,1,6,-1,-1,-1
2016981109416,1,9,0,18,0,0,0,10,1,10,1,1,6,1,69,10,1597,2,1,-1,3,-1
2016981109416,2,11,0,18,0,0,0,0,0,0,2,1,1,1,-1,-1,4580,2,9,-1,3,-1
2016981109816,1,9,0,9,0,6,0,0,0,0,1,1,3,2,54,8,1368,1,7,-1,3,-1
2016981109816,2,9,0,18,0,8,1,0,7,0,1,1,2,2,57,9,2497,2,15,-1,3,-1
2016981109916,1,9,0,18,0,1,0,4,0,0,1,1,1,1,71,10,-1,-1,-1,-1,3,-1
2016981109916,2,9,0,10,0,5,0,0,0,0,2,1,6,1,58,9,2148,2,11,-1,1,-1
2016981110316,1,9,0,9,0,0,2,0,1,9,1,1,2,2,31,6,1390,1,15,-1,1,-1
2016981110816,1,5,0,18,0,0,0,0,1,0,4,1,6,1,58,9,-1,-1,-1,-1,-1,-1
2016981111016,1,9,4,18,0,0,2,0,7,11,4,1,1,1,50,8,-1,-1,-1,-1,3,-1
2016981111416,1,9,0,9,0,6,0,0,0,0,3,1,6,2,31,6,1995,1,7,-1,2,-1
2016981111416,2,9,0,18,0,8,0,0,0,0,1,1,6,2,62,9,1900,2,11,-1,3,-1
2016981111816,1,10,0,9,0,8,0,0,0,0,1,1,1,1,24,5,-1,-1,-1,-1,3,-1
2016981111816,2,9,0,17,0,1,0,0,0,0,1,1,6,2,47,8,1388,1,12,-1,3,-1
2016981112716,1,9,0,18,0,2,0,0,0,0,4,1,6,1,19,4,1390,1,17,-1,1,-1
2016981112716,2,1,0,2,0,2,0,0,0,0,3,1,6,1,46,8,-1,-1,-1,-1,1,-1
2016981113116,1,17,0,9,0,5,0,0,0,0,2,1,1,1,43,7,-1,2,10,-1,3,-1
2016981113116,2,5,0,13,0,5,0,0,0,0,1,1,6,1,50,8,-1,-1,-1,-1,-1,-1
2016981113216,1,9,0,18,0,0,1,10,2,1,1,1,6,1,26,6,1686,2,13,-1,1,-1
2016981113316,1,9,0,18,0,0,0,0,0,0,4,1,6,1,58,9,1798,1,10,-1,1,-1
2016981113316,2,9,0,2,6,0,0,0,0,0,0,1,6,2,18,4,1248,2,9,-1,1,-1
2016981113816,1,9,0,5,8,0,0,0,0,0,3,1,6,1,57,9,1968,2,3,-1,1,-1
2016981113816,2,9,0,18,0,0,0,0,0,0,4,1,6,2,28,6,1685,2,2,-1,2,-1
2016981114316,1,9,0,18,0,0,0,0,0,3,1,1,6,2,59,9,1242,1,6,-1,3,-1
2016981114616,1,9,0,9,0,6,0,0,0,0,3,1,6,2,37,7,1968,2,9,-1,3,-1
2016981114616,2,9,0,16,0,8,0,0,0,0,1,1,6,1,69,10,1560,2,10,-1,3,-1
2016981114916,1,9,0,18,9,1,0,0,1,0,1,1,1,1,69,10,-1,-1,-1,-1,3,-1
2016981116216,1,3,0,17,0,0,0,0,0,0,1,1,6,1,16,4,49,1,6,-1,3,-1
2016981116216,2,19,0,16,0,0,0,0,0,0,1,1,6,1,20,4,1461,2,4,-1,3,-1
2016981116316,1,9,0,18,0,1,0,0,0,0,1,1,6,1,26,6,1988,1,12,-1,2,-1
2016981116316,2,9,0,8,0,1,0,0,0,0,2,1,6,2,35,6,1560,2,1,-1,3,-1
2016981116416,1,9,0,18,0,1,0,0,0,0,1,1,6,1,57,9,1910,2,5,-1,1,-1
2016981116916,1,5,0,16,0,0,0,0,7,0,0,1,6,1,74,10,1284,1,6,2,1,2
2016981117116,1,21,0,17,0,0,2,0,7,0,1,1,1,2,30,6,11705,2,7,-1,3,-1
2016981117216,1,5,0,17,0,0,2,0,1,9,1,1,6,1,64,9,1170,1,2,-1,1,-1
2016981117216,2,9,0,16,0,0,2,0,0,0,1,1,6,1,70,10,1998,1,2,-1,-1,-1
2016981117216,3,9,0,18,0,0,0,0,0,0,1,1,6,1,21,5,1389,1,15,-1,1,-1
2016981117316,1,9,0,18,0,0,0,0,7,4,1,1,6,1,74,10,1339,1,4,-1,-1,-1
2016981117916,1,9,0,9,0,2,0,11,0,0,1,1,6,1,18,4,1149,1,7,-1,3,-1
2016981118316,1,9,0,18,0,0,1,0,1,9,4,1,1,1,37,7,1248,2,2,-1,2,-1
2016981118516,1,9,0,17,0,0,2,0,0,4,1,1,6,1,32,6,1598,1,13,-1,3,-1
2016981118816,1,9,0,14,0,1,0,4,0,0,1,1,6,2,65,9,999,1,2,-1,1,-1
2016981118816,2,9,0,2,0,2,0,0,0,0,3,1,6,3,-1,-1,1461,2,2,-1,-1,-1
2016981118816,3,9,0,2,0,2,0,0,0,0,2,1,6,3,-1,-1,1339,1,8,-1,-1,-1
2016981119016,1,9,0,18,0,0,5,4,0,11,1,1,4,2,31,6,1997,2,7,-1,3,-1
2016981119016,2,9,0,2,0,0,0,0,0,0,2,1,6,3,-1,-1,1997,1,2,-1,-1,-1
2016981119116,1,9,0,18,0,0,0,0,0,0,1,1,1,2,41,7,1998,2,13,-1,3,-1
2016981119316,1,9,0,18,0,0,0,4,7,1,1,1,2,1,71,10,1364,1,7,-1,3,-1
2016981119316,2,9,0,2,0,0,0,0,1,11,2,1,2,3,-1,-1,998,1,4,-1,-1,-1
2016981119516,1,17,0,18,0,0,0,0,0,0,4,1,1,1,58,9,-1,2,3,-1,3,-1
2016981119516,2,1,0,18,0,0,0,0,0,0,3,1,6,1,31,6,-1,-1,-1,-1,2,-1
2016981119616,1,19,0,4,0,0,0,0,0,0,1,1,2,1,55,8,2400,2,12,-1,1,-1
2016981119616,2,21,1,18,0,0,0,0,0,0,3,1,1,1,20,4,15607,2,9,6,1,6
2016981119916,1,9,0,17,0,0,0,0,1,0,1,1,2,2,50,8,1598,1,10,-1,3,-1
2016981119916,2,8,0,16,0,0,1,0,0,0,1,1,1,1,53,8,-1,-1,-1,-1,3,-1
2016981120116,1,9,0,18,0,2,0,0,2,1,1,1,6,2,18,4,1149,1,9,-1,1,-1
2016981120216,1,9,0,10,0,1,0,0,0,0,1,1,6,2,80,11,2184,2,11,-1,3,-1
2016981120216,2,19,0,18,0,8,5,0,1,11,4,1,6,1,43,7,2198,2,-1,-1,3,-1
2016982100116,1,4,0,17,0,0,1,0,0,0,1,1,6,1,61,9,1050,1,3,-1,3,-1
2016982101016,1,9,0,17,0,1,2,0,1,10,1,1,6,1,27,6,1360,1,8,-1,2,-1
2016982101516,1,9,0,18,0,0,0,0,1,0,1,1,1,1,55,8,-1,-1,-1,-1,2,-1
2016982101516,2,19,0,18,0,0,0,0,1,0,1,1,1,1,46,8,2187,2,14,-1,3,-1
2016982101716,1,9,0,17,0,0,1,0,1,11,4,1,6,1,18,4,1124,1,12,-1,2,-1
2016982101916,1,3,0,16,0,0,0,0,1,0,1,1,6,1,65,9,125,1,3,-1,3,-1
2016982102216,1,9,0,17,0,0,0,0,0,0,1,1,6,1,18,4,1149,1,6,-1,2,-1
2016982102216,2,9,0,18,0,0,0,0,2,11,1,1,6,1,70,10,1461,2,3,-1,2,-1
2016982102816,1,9,0,18,0,0,0,0,7,0,4,1,6,1,26,6,1796,1,16,-1,1,-1
2016982102816,2,5,0,18,0,0,0,0,0,0,1,1,6,1,68,10,1261,1,9,-1,3,-1
2016982103016,1,9,0,18,0,1,2,0,7,11,1,1,6,1,17,4,1994,1,13,-1,2,-1
2016982103016,2,9,0,2,6,2,0,0,0,0,2,1,6,3,-1,-1,1979,1,37,-1,-1,-1
2016982103216,1,19,0,18,0,0,2,0,1,11,1,1,1,1,25,5,1248,2,6,-1,3,-1
2016982103616,1,9,0,16,0,8,0,4,0,0,1,1,6,2,72,10,1998,1,14,-1,3,-1
2016982103616,2,9,0,10,0,1,0,0,0,0,2,1,6,1,71,10,1400,2,11,10,1,10
2016982103916,1,9,0,18,0,1,0,0,0,0,1,1,6,1,25,5,2401,2,13,-1,2,-1
2016982103916,2,9,0,9,0,1,0,0,0,0,2,1,6,1,52,8,1598,2,2,-1,3,-1
2016982104116,1,9,0,5,0,2,0,0,0,0,1,1,4,1,45,7,1968,2,5,-1,2,-1
2016982104116,2,1,0,5,0,1,0,0,0,0,3,1,4,1,16,4,-1,-1,-1,-1,2,-1
2016982104316,1,9,0,18,0,1,0,0,0,0,1,1,6,1,73,10,1600,2,7,-1,2,-1
2016982104316,2,8,0,7,0,1,0,0,7,0,1,1,1,1,22,5,1900,2,12,-1,2,-1
2016982104516,1,9,0,18,0,0,0,0,0,0,1,1,6,1,27,6,4554,1,17,7,3,7
2016982104516,2,9,0,4,0,0,0,0,0,0,2,1,6,2,36,7,2400,2,3,-1,3,-1
2016982104916,1,3,0,16,0,0,2,0,7,0,4,1,6,1,21,5,124,1,11,-1,1,-1
2016982104916,2,9,0,17,0,0,0,0,0,0,1,1,6,1,74,10,1560,2,4,-1,2,-1
2016982105316,1,9,0,16,0,0,0,0,8,11,1,1,1,1,56,9,1968,2,3,-1,2,-1
2016982105616,1,9,0,18,0,0,0,0,8,4,1,1,6,1,95,11,1995,1,12,-1,3,-1
2016982106316,1,90,5,17,0,1,0,0,0,0,0,1,1,1,35,6,4525,2,8,-1,3,-1
2016982106316,2,16,0,18,0,2,0,0,1,0,0,1,6,2,9,2,-1,-1,-1,-1,2,-1
2016982106516,1,19,0,16,0,1,0,0,0,0,1,1,1,1,31,6,2299,2,4,-1,3,-1
2016982106516,2,9,0,10,0,1,0,0,0,0,2,1,1,2,35,6,1598,2,-1,-1,1,-1
2016982106716,1,9,0,18,0,1,0,0,0,0,1,1,6,2,61,9,1398,1,3,-1,3,-1
2016982106716,2,9,0,10,0,5,0,0,0,0,2,1,1,2,54,8,1968,2,1,-1,1,-1
2016982107016,1,9,0,9,0,6,0,0,1,0,1,1,6,2,58,9,2500,2,15,-1,3,-1
2016982107316,1,5,0,16,0,0,1,0,7,11,4,1,6,1,58,9,656,1,7,-1,3,-1
2016982107316,2,9,0,18,0,0,0,0,0,0,4,1,2,1,30,6,1968,2,3,-1,-1,-1
2016982107716,1,19,0,18,0,0,1,0,0,0,1,1,6,1,52,8,2500,2,10,-1,3,-1
2016982107716,2,9,0,18,0,0,0,0,0,0,1,1,2,1,32,6,-1,-1,-1,-1,3,-1
2016982107816,1,9,4,16,0,0,0,0,0,0,1,1,1,1,50,8,3200,2,10,-1,2,-1
2016982107816,2,9,0,17,0,0,0,0,0,0,3,1,6,2,20,4,1229,1,6,-1,2,-1
2016982107916,1,9,0,18,0,1,0,0,0,0,1,1,6,1,22,5,1590,1,11,-1,2,-1
2016982107916,2,9,0,18,0,1,0,0,1,11,2,1,6,1,53,8,1398,2,6,-1,1,-1
2016982108016,1,9,0,18,0,0,5,0,7,4,1,1,6,1,41,7,1560,2,7,3,2,3
2016982108016,2,9,0,4,0,0,0,0,0,0,2,1,6,2,47,8,2400,2,2,-1,1,-1
2016982108016,3,19,0,18,0,0,0,0,0,0,1,1,1,1,38,7,1560,2,1,-1,1,-1
2016982108416,1,9,0,2,0,0,0,0,0,0,3,1,6,1,45,7,1497,8,3,-1,1,-1
2016982108416,2,1,0,18,0,0,0,4,0,0,1,1,6,1,61,9,-1,-1,-1,-1,1,-1
2016982108616,1,9,0,17,0,0,2,0,7,0,1,1,6,2,25,5,1242,1,7,3,1,3
2016982108916,1,9,0,18,0,0,0,0,0,0,1,1,6,1,52,8,1332,1,18,-1,3,-1
2016982108916,2,9,0,18,0,0,0,0,0,0,2,1,6,2,58,9,1598,1,-1,10,1,10
2016982109016,1,9,0,18,0,0,1,0,1,11,1,1,2,1,45,7,1896,2,16,-1,2,-1
2016982109316,1,9,0,18,0,0,0,0,0,0,4,1,1,1,61,9,1248,2,3,-1,3,-1
2016982109916,1,1,0,18,0,0,0,0,0,0,1,1,6,1,21,5,-1,-1,-1,-1,2,-1
2016982109916,2,9,0,18,0,0,0,0,0,0,0,1,6,2,35,6,3246,1,13,-1,3,-1
2016982110516,1,11,0,5,3,0,0,11,0,0,4,1,1,1,63,9,3900,2,11,-1,3,-1
2016982111116,1,9,0,18,0,0,2,0,1,9,1,1,6,1,49,8,1596,1,1,-1,3,-1
2016982111116,2,20,0,18,0,0,0,0,1,11,1,1,1,1,45,7,2143,2,1,-1,3,-1
2016982111516,1,1,0,5,0,0,2,4,0,0,1,1,2,1,57,9,-1,-1,-1,-1,3,-1
2016982111516,2,9,0,2,0,0,0,0,0,0,1,1,6,3,-1,-1,2204,2,10,-1,-1,-1
2016982112016,1,9,0,18,0,0,2,0,7,11,1,1,2,1,29,6,2494,1,15,-1,1,-1
2016982112116,1,9,0,18,8,0,0,0,7,11,1,1,6,1,50,8,3200,2,7,-1,3,-1
2016982113016,1,9,0,18,0,0,0,0,0,0,3,1,6,1,18,4,1229,1,11,-1,3,-1
2016983100316,1,9,0,17,0,0,0,0,7,0,1,1,6,1,21,5,1598,1,14,-1,2,-1
2016983100716,1,9,0,18,0,0,0,0,0,0,1,1,6,1,68,10,1242,1,3,-1,1,-1
2016983101516,1,9,0,18,0,0,1,0,7,11,1,1,6,1,36,7,1998,1,21,-1,3,-1
2016983101916,1,9,0,18,0,0,0,0,7,11,1,1,6,1,19,4,1388,1,6,-1,2,-1
2016983102116,1,9,0,18,0,8,5,0,1,3,1,1,6,1,65,9,1598,1,2,-1,1,-1
2016983103016,1,9,0,18,0,0,0,0,0,0,1,1,6,1,82,11,1198,1,2,-1,1,-1
2016983103016,2,9,0,18,0,0,0,0,0,0,1,1,6,1,60,9,2401,2,12,-1,3,-1
2016983103216,1,9,0,18,0,0,0,12,0,0,1,1,6,1,61,9,2497,1,12,-1,2,-1
2016983105016,1,9,0,16,0,0,0,0,7,9,1,1,6,2,29,6,1360,1,9,-1,1,-1
2016983105416,1,9,0,18,0,8,0,0,1,0,1,1,6,1,18,4,1398,1,6,-1,3,-1
2016983105416,2,9,0,10,0,8,0,0,0,0,2,1,1,1,39,7,1248,2,7,-1,3,-1
2016983105616,1,19,0,18,0,0,0,0,0,0,1,1,1,1,42,7,2143,2,5,-1,2,-1
2016983105616,2,9,0,4,0,0,0,0,0,0,2,1,1,1,62,9,1686,2,8,-1,2,-1
2016983105616,3,9,0,4,0,0,0,0,0,0,2,1,6,2,56,9,1229,1,3,3,2,3
2016983105716,1,21,0,2,6,0,0,0,0,0,0,1,1,1,56,9,8970,2,16,-1,1,-1
2016983105816,1,9,0,18,0,0,0,2,0,0,1,1,6,2,64,9,1587,1,11,-1,1,-1
2016983106116,1,9,0,2,6,0,0,0,0,0,3,1,6,1,63,9,1398,2,9,-1,3,-1
2016983106116,2,11,0,4,2,0,0,8,0,0,1,1,1,1,48,8,6696,2,4,-1,3,-1
2016983106416,1,9,0,18,0,0,0,0,0,1,1,1,2,1,40,7,1951,2,11,-1,3,-1
2016983106616,1,9,0,4,0,1,0,0,0,0,1,1,1,1,63,9,1998,2,11,-1,1,-1
2016983106616,2,9,0,9,0,8,0,0,0,0,1,1,6,1,49,8,1783,1,15,-1,3,-1
2016983106716,1,19,0,1,0,0,0,0,0,0,2,1,1,1,37,7,2287,2,5,-1,2,-1
2016983107316,1,9,0,18,0,0,0,0,0,0,3,1,6,1,58,9,1560,2,7,-1,2,-1
2016983107316,2,9,0,18,0,0,0,0,0,0,3,1,2,1,48,8,1242,1,12,-1,1,-1
2016983107316,3,21,1,18,0,0,0,0,0,0,1,1,1,1,39,7,12777,2,2,-1,-1,-1
2016983107316,4,21,1,18,0,0,0,0,0,0,2,1,6,1,27,6,12777,2,5,-1,-1,-1
2016983107716,1,9,0,17,0,8,0,0,0,0,1,1,6,1,-1,-1,-1,-1,-1,-1,-1,-1
2016983109216,1,2,0,18,0,0,0,0,0,0,1,1,6,1,-1,-1,-1,-1,-1,-1,-1,-1
2016983109216,2,16,0,18,0,0,0,0,0,0,0,1,6,2,16,4,-1,-1,-1,-1,3,-1
2016983109416,1,9,0,18,0,5,0,0,0,0,1,1,1,2,41,7,1461,2,2,-1,3,-1
2016983110016,1,9,0,18,0,8,0,0,0,0,2,1,6,2,29,6,1248,1,3,-1,1,-1
2016983110016,2,9,0,3,0,2,0,0,0,0,2,1,6,2,31,6,2184,2,1,-1,1,-1
2016983110016,3,19,0,3,0,2,0,0,0,0,2,1,6,1,51,8,2402,2,10,-1,1,-1
2016983110316,1,9,0,18,0,0,1,0,0,0,1,1,6,1,49,8,1461,2,12,-1,3,-1
2016983110316,2,9,0,18,0,0,0,0,0,0,2,1,6,2,60,9,2198,1,14,-1,3,-1
2016983110316,3,9,0,18,0,0,0,0,0,0,4,1,6,1,-1,-1,1396,1,14,-1,3,-1
2016983111116,1,9,0,17,0,1,0,0,7,0,4,1,6,2,19,4,1199,1,14,-1,3,-1
2016983111116,2,9,0,16,0,1,0,0,0,0,1,1,2,2,56,9,1248,1,1,-1,2,-1
2016983111216,1,9,0,9,0,1,0,0,0,0,3,1,6,1,73,10,1753,2,18,-1,3,-1
2016983111216,2,5,0,13,0,1,0,0,7,0,4,1,6,2,54,8,999,1,-1,-1,1,-1
2016983111416,1,11,0,5,0,4,0,0,0,0,0,1,1,1,62,9,4580,2,8,-1,3,-1
2016983111416,2,3,0,18,0,4,5,0,0,0,3,1,6,1,36,7,125,1,1,-1,1,-1
2016983112016,1,9,0,4,0,1,0,0,0,0,1,1,6,1,35,6,1896,2,8,-1,1,-1
2016983112016,2,9,0,8,0,1,0,0,0,0,2,1,6,1,54,8,1598,2,2,-1,1,-1
2016983112316,1,9,0,18,0,0,0,0,1,4,4,1,2,2,31,6,1685,2,4,-1,1,-1
2016983112316,2,9,0,18,0,0,0,0,7,10,3,1,6,1,42,7,1582,2,2,-1,3,-1
2016983116216,1,9,0,17,0,0,0,0,1,11,4,1,6,1,29,6,1612,1,6,-1,3,-1
2016983116916,1,1,0,18,0,0,0,0,0,0,3,1,6,1,42,7,-1,-1,-1,-1,1,-1
2016983116916,2,9,0,18,0,0,0,0,0,0,4,1,6,3,-1,-1,-1,-1,-1,-1,-1,-1
2016983117416,1,9,0,18,0,8,1,0,2,7,4,1,6,2,24,5,1368,1,7,-1,2,-1
2016983117816,1,9,0,18,0,8,0,0,0,0,1,1,2,1,19,4,1461,2,6,-1,3,-1
2016983117816,2,9,0,9,0,5,0,0,0,0,2,1,1,1,22,5,-1,-1,-1,-1,1,-1
2016983117916,1,9,0,18,0,0,0,0,0,0,1,1,1,2,22,5,1248,1,3,-1,3,-1
2016983117916,2,9,0,2,0,0,0,0,0,0,1,1,6,1,27,6,1598,1,5,-1,1,-1
2016983118116,1,9,0,18,0,1,0,0,0,0,1,1,6,2,20,4,1598,1,9,-1,2,-1
2016983118116,2,9,0,4,0,1,0,0,1,0,2,1,6,1,23,5,1598,2,4,-1,2,-1
2016983118116,3,9,0,9,0,1,0,0,0,0,0,1,2,1,48,8,2143,2,6,-1,3,-1
2016983120116,1,5,0,13,0,1,1,0,0,0,1,1,6,1,55,8,644,1,8,-1,3,-1
2016983120116,2,17,4,9,0,1,0,0,0,0,3,1,1,1,29,6,4525,2,2,-1,3,-1
2016983120216,1,9,0,18,0,1,0,11,0,0,3,1,6,2,25,5,1686,2,4,-1,3,-1
2016983120516,1,9,0,18,0,0,0,0,0,0,1,1,6,1,41,7,2148,2,13,-1,1,-1
2016983120516,2,9,0,3,0,0,0,0,0,0,2,1,6,1,55,8,1364,2,3,-1,2,-1
2016983120916,1,9,0,18,0,0,0,0,8,11,1,1,2,1,22,5,2979,1,1,-1,1,-1
2016983121016,1,9,0,16,0,0,0,0,0,0,1,1,2,1,29,6,1390,1,8,-1,1,-1
2016983121016,2,21,0,17,0,0,0,0,0,0,1,1,1,1,53,8,4485,2,1,-1,1,-1
2016983121316,1,19,0,18,0,0,0,0,0,0,1,1,1,1,70,10,-1,-1,-1,4,3,4